<?xml version="1.0" encoding="UTF-8"?>
<wdnm:Diagram xmlns:wdnm="http://workday.com/studio/editors/notation">
  <element href="assembly.xml#WorkdayAssembly"/>
  <visualProperties>
    <element href="assembly.xml#StartHere"/>
  </visualProperties>
  <visualProperties>
    <element href="assembly.xml#AsyncMediation0"/>
  </visualProperties>
  <visualProperties>
    <element href="assembly.xml#WorkdayOutRest"/>
  </visualProperties>
  <visualProperties>
    <element href="assembly.xml#Splitter"/>
  </visualProperties>
  <visualProperties>
    <element href="assembly.xml#AsyncMediation1"/>
  </visualProperties>
  <visualProperties>
    <element href="assembly.xml#Aggregator"/>
  </visualProperties>
  <visualProperties>
    <element href="assembly.xml#AsyncMediation"/>
  </visualProperties>
  <visualProperties>
    <element href="assembly.xml#//@beans/@mixed.1/@mixed.3"/>
  </visualProperties>
  <visualProperties>
    <element href="assembly.xml#Note-Error"/>
  </visualProperties>
  <visualProperties x="1651" y="241">
    <element href="assembly.xml#PutIntegrationMessage0"/>
  </visualProperties>
  <visualProperties>
    <element href="assembly.xml#Splitter0"/>
  </visualProperties>
  <visualProperties>
    <element href="assembly.xml#AsyncMediation10"/>
  </visualProperties>
  <connections type="routesTo" sourceAnchorX="1.0" sourceAnchorY="0.5135135135135135" targetAnchorX="0.006622516556291391" targetAnchorY="0.3541666666666667">
    <source href="assembly.xml#StartHere"/>
    <target href="assembly.xml#AsyncMediation0"/>
  </connections>
  <connections type="routesTo" sourceAnchorX="1.0" sourceAnchorY="0.40625" targetAnchorX="0.052941176470588235" targetAnchorY="0.3783783783783784">
    <source href="assembly.xml#AsyncMediation0"/>
    <target href="assembly.xml#WorkdayOutRest"/>
  </connections>
  <connections type="routesResponseTo" sourceAnchorX="0.8" sourceAnchorY="1.0" targetAnchorX="0.06837606837606838" targetAnchorY="0.5076923076923077">
    <source href="assembly.xml#WorkdayOutRest"/>
    <target href="assembly.xml#Splitter"/>
  </connections>
  <connections type="routesTo" sourceAnchorX="0.9903846153846154" sourceAnchorY="1.0" targetAnchorX="0.006622516556291391" targetAnchorY="0.5978260869565217">
    <source href="assembly.xml#//@beans/@mixed.1/@splitter.0/@subRoute.0"/>
    <target href="assembly.xml#AsyncMediation1"/>
  </connections>
  <connections type="routesTo" sourceAnchorX="1.0" sourceAnchorY="0.2916666666666667" targetAnchorX="0.040229885057471264" targetAnchorY="0.7735849056603774">
    <source href="assembly.xml#AsyncMediation1"/>
    <target href="assembly.xml#Aggregator"/>
  </connections>
  <connections type="routesTo" sourceAnchorX="1.0" sourceAnchorY="0.32075471698113206" targetAnchorX="0.0" targetAnchorY="0.3020833333333333">
    <source href="assembly.xml#Aggregator"/>
    <target href="assembly.xml#AsyncMediation"/>
  </connections>
  <connections type="routesTo" sourceAnchorX="0.9669421487603306" sourceAnchorY="0.43243243243243246" targetAnchorX="0.06060606060606061" targetAnchorY="0.3783783783783784">
    <source href="assembly.xml#//@beans/@mixed.1/@mixed.3"/>
    <target href="assembly.xml#Note-Error"/>
  </connections>
  <connections type="routesTo" sourceAnchorX="1.0" sourceAnchorY="0.2127659574468085" targetAnchorX="0.39267015706806285" targetAnchorY="0.10810810810810811">
    <source href="assembly.xml#AsyncMediation"/>
    <target href="assembly.xml#PutIntegrationMessage0"/>
  </connections>
  <connections type="routesTo" sourceAnchorX="0.5319148936170213" sourceAnchorY="1.0" targetAnchorX="0.1044776119402985" targetAnchorY="0.42391304347826086">
    <source href="assembly.xml#//@beans/@mixed.1/@mixed.23/@subRoute.0"/>
    <target href="assembly.xml#AsyncMediation10"/>
  </connections>
  <swimlanes name="Swimlane" orientation="VERTICAL">
    <elements href="assembly.xml#AsyncMediation0"/>
  </swimlanes>
  <swimlanes name="Swimlane" orientation="VERTICAL">
    <elements href="assembly.xml#AsyncMediation1"/>
  </swimlanes>
  <swimlanes name="Swimlane" orientation="VERTICAL">
    <elements href="assembly.xml#AsyncMediation"/>
  </swimlanes>
  <swimlanes name="Swimlane">
    <elements href="assembly.xml#StartHere"/>
    <elements href="#//@swimlanes.0"/>
    <elements href="assembly.xml#WorkdayOutRest"/>
    <elements href="assembly.xml#Splitter"/>
    <elements href="#//@swimlanes.1"/>
    <elements href="assembly.xml#Aggregator"/>
    <elements href="#//@swimlanes.2"/>
    <elements href="assembly.xml#PutIntegrationMessage0"/>
  </swimlanes>
  <swimlanes name="Swimlane">
    <elements href="assembly.xml#//@beans/@mixed.1/@mixed.3"/>
    <elements href="assembly.xml#Note-Error"/>
  </swimlanes>
  <swimlanes x="272" y="69" name="Swimlane" orientation="VERTICAL" elements="//@swimlanes.3 //@swimlanes.4"/>
  <swimlanes x="1516" y="832" name="Swimlane">
    <elements href="assembly.xml#Splitter0"/>
    <elements href="assembly.xml#AsyncMediation10"/>
  </swimlanes>
</wdnm:Diagram>
