<?xml version="1.0" encoding="utf-8"?>
<Header>
    <Top>
        <wd:Report_Data xmlns:wd="urn:com.workday/bsvc">
            <wd:Report_Entry>
                <wd:Worker_group>
                    <wd:Employee_ID>1075</wd:Employee_ID>
                </wd:Worker_group>
                <wd:referenceID>TIME_OFF_ENTRY-100-1000032</wd:referenceID>
                <wd:Worker wd:Descriptor="Scott Newbern">
                    <wd:ID wd:type="WID">0ffe7e86a20201265fbd82cb4422fd22</wd:ID>
                    <wd:ID wd:type="Employee_ID">1075</wd:ID>
                </wd:Worker>
                <wd:Time_Off_Type_for_Time_Off_Entry wd:Descriptor="Vacation">
                    <wd:ID wd:type="WID">f6af9582a99210010286dc1049960000</wd:ID>
                    <wd:ID wd:type="Time_Off_Type_ID">Vacation</wd:ID>
                </wd:Time_Off_Type_for_Time_Off_Entry>
                <wd:date>2024/06/25</wd:date>
                <wd:Date_and_Time_Approved_54376713>2024-09-06T02:24:35.073-07:00</wd:Date_and_Time_Approved_54376713>
            </wd:Report_Entry>
        </wd:Report_Data>
        <wd:Report_Data xmlns:wd="urn:com.workday/bsvc">
            <wd:Report_Entry>
                <wd:Worker_group>
                    <wd:Employee_ID>1075</wd:Employee_ID>
                </wd:Worker_group>
                <wd:referenceID>TIME_OFF_ENTRY-100-1000032</wd:referenceID>
                <wd:Worker wd:Descriptor="Scott Newbern">
                    <wd:ID wd:type="WID">0ffe7e86a20201265fbd82cb4422fd22</wd:ID>
                    <wd:ID wd:type="Employee_ID">1075</wd:ID>
                </wd:Worker>
                <wd:Time_Off_Type_for_Time_Off_Entry wd:Descriptor="Vacation">
                    <wd:ID wd:type="WID">f6af9582a99210010286dc1049960000</wd:ID>
                    <wd:ID wd:type="Time_Off_Type_ID">Vacation</wd:ID>
                </wd:Time_Off_Type_for_Time_Off_Entry>
                <wd:date>2024/06/25</wd:date>
                <wd:Date_and_Time_Approved_54376713>2024-09-06T02:24:35.073-07:00</wd:Date_and_Time_Approved_54376713>
            </wd:Report_Entry>
        </wd:Report_Data>
        <wd:Report_Data xmlns:wd="urn:com.workday/bsvc">
            <wd:Report_Entry>
                <wd:Worker_group>
                    <wd:Employee_ID>1075</wd:Employee_ID>
                </wd:Worker_group>
                <wd:referenceID>TIME_OFF_ENTRY-100-1000034</wd:referenceID>
                <wd:Worker wd:Descriptor="Scott Newbern">
                    <wd:ID wd:type="WID">0ffe7e86a20201265fbd82cb4422fd22</wd:ID>
                    <wd:ID wd:type="Employee_ID">1075</wd:ID>
                </wd:Worker>
                <wd:Time_Off_Type_for_Time_Off_Entry wd:Descriptor="Vacation">
                    <wd:ID wd:type="WID">f6af9582a99210010286dc1049960000</wd:ID>
                    <wd:ID wd:type="Time_Off_Type_ID">Vacation</wd:ID>
                </wd:Time_Off_Type_for_Time_Off_Entry>
                <wd:date>2024/06/26</wd:date>
                <wd:Date_and_Time_Approved_54376713>2024-09-06T02:24:37.374-07:00</wd:Date_and_Time_Approved_54376713>
            </wd:Report_Entry>
        </wd:Report_Data>
        <wd:Report_Data xmlns:wd="urn:com.workday/bsvc">
            <wd:Report_Entry>
                <wd:Worker_group>
                    <wd:Employee_ID>1075</wd:Employee_ID>
                </wd:Worker_group>
                <wd:referenceID>TIME_OFF_ENTRY-100-1000034</wd:referenceID>
                <wd:Worker wd:Descriptor="Scott Newbern">
                    <wd:ID wd:type="WID">0ffe7e86a20201265fbd82cb4422fd22</wd:ID>
                    <wd:ID wd:type="Employee_ID">1075</wd:ID>
                </wd:Worker>
                <wd:Time_Off_Type_for_Time_Off_Entry wd:Descriptor="Vacation">
                    <wd:ID wd:type="WID">f6af9582a99210010286dc1049960000</wd:ID>
                    <wd:ID wd:type="Time_Off_Type_ID">Vacation</wd:ID>
                </wd:Time_Off_Type_for_Time_Off_Entry>
                <wd:date>2024/06/26</wd:date>
                <wd:Date_and_Time_Approved_54376713>2024-09-06T02:24:37.374-07:00</wd:Date_and_Time_Approved_54376713>
            </wd:Report_Entry>
        </wd:Report_Data>
        <wd:Report_Data xmlns:wd="urn:com.workday/bsvc"/>
    </Top>
    <Root>
        <row xmlns:xs="http://www.w3.org/2001/XMLSchema" xmlns:wd="urn:com.workday/bsvc">
            <Employee-ID>1075</Employee-ID>
            <Absence-Event>Vacation</Absence-Event>
            <Hours>-3</Hours>
            <Post-Date>6/25/2024</Post-Date>
            <Ref-ID>TIME_OFF_ENTRY-100-1000033</Ref-ID>
            <Start-Time>8:00</Start-Time>
            <End-Time>12:00</End-Time>
        </row>
        <row xmlns:xs="http://www.w3.org/2001/XMLSchema" xmlns:wd="urn:com.workday/bsvc">
            <Employee-ID>1075</Employee-ID>
            <Absence-Event>Vacation</Absence-Event>
            <Hours>-4</Hours>
            <Post-Date>6/26/2024</Post-Date>
            <Ref-ID>TIME_OFF_ENTRY-100-1000035</Ref-ID>
            <Start-Time>8:00</Start-Time>
            <End-Time>12:00</End-Time>
        </row>
    </Root>
</Header>
