<?xml version="1.0" encoding="UTF-8"?>
<root>
    <data>
        <payload>
            <application>
                <offer>
                    <sent_at>null</sent_at>
                    <starts_at>2024-09-23</starts_at>
                    <resolved_at>2024-09-04T16:19:20Z</resolved_at>
                    <custom_fields>
                        <employment_type>
                            <name>Employment Type</name>
                            <type>single_select</type>
                            <value>Regular</value>
                        </employment_type>
                        <hourly_rate__non_exempt_only_>
                            <name>Hourly Rate (Non-Exempt Only)</name>
                            <type>currency</type>
                            <value>
                                <unit>USD</unit>
                                <amount>0.0</amount>
                            </value>
                        </hourly_rate__non_exempt_only_>
                        <sign_on_bonus_details__as_needed_>
                            <name>Sign-on Bonus Details (as needed)</name>
                            <type>short_text</type>
                            <value>null</value>
                        </sign_on_bonus_details__as_needed_>
                        <intern_hours_week>
                            <name>Intern Hours/Week</name>
                            <type>number</type>
                            <value>0.0</value>
                        </intern_hours_week>
                        <relocation_allowance>
                            <name>Relocation Estimate</name>
                            <type>currency</type>
                            <value>
                                <unit>null</unit>
                                <amount>0.0</amount>
                            </value>
                        </relocation_allowance>
                        <relocation_tier>
                            <name>Relocation Tier</name>
                            <type>single_select</type>
                            <value>null</value>
                        </relocation_tier>
                        <health_allowance>
                            <name>Health Allowance</name>
                            <type>number</type>
                            <value>30.0</value>
                        </health_allowance>
                        <salary>
                            <name>Salary</name>
                            <type>currency</type>
                            <value>
                                <unit>CHF</unit>
                                <amount>100000.0</amount>
                            </value>
                        </salary>
                        <contract_end_date>
                            <name>Contract End Date</name>
                            <type>date</type>
                            <value/>
                        </contract_end_date>
                        <new_hire_home_office_stipend>
                            <name>New Hire Home Office Stipend</name>
                            <type>single_select</type>
                            <value>0.00</value>
                        </new_hire_home_office_stipend>
                        <requires_sponsorship_>
                            <name>Requires Sponsorship?</name>
                            <type>boolean</type>
                            <value>false</value>
                        </requires_sponsorship_>
                        <sign_on_bonus_2_payout_date>
                            <name>Sign-on Bonus 2 payout date</name>
                            <type>date</type>
                            <value/>
                        </sign_on_bonus_2_payout_date>
                        <sip_target>
                            <name>SIP Target</name>
                            <type>currency</type>
                            <value>
                                <unit>null</unit>
                                <amount>0.0</amount>
                            </value>
                        </sip_target>
                        <hire_type>
                            <name>Hire Type</name>
                            <type>single_select</type>
                            <value>New Hire</value>
                        </hire_type>
                        <sign_on_bonus_2>
                            <name>Sign-on Bonus 2</name>
                            <type>currency</type>
                            <value>
                                <unit>CHF</unit>
                                <amount>2000.0</amount>
                            </value>
                        </sign_on_bonus_2>
                        <bonus_target>
                            <name>Bonus Target</name>
                            <type>number</type>
                            <value>0.0</value>
                        </bonus_target>
                        <rsu_amount>
                            <name>RSU Amount</name>
                            <type>number</type>
                            <value>5.0</value>
                        </rsu_amount>
                        <internship_end_date>
                            <name>Internship End Date</name>
                            <type>date</type>
                            <value/>
                        </internship_end_date>
                        <sign_on_bonus_1>
                            <name>Sign-on Bonus 1</name>
                            <type>currency</type>
                            <value>
                                <unit>CHF</unit>
                                <amount>10000.0</amount>
                            </value>
                        </sign_on_bonus_1>
                        <will_they_need_a_desk_>
                            <name>Will they need a desk?</name>
                            <type>boolean</type>
                            <value>true</value>
                        </will_they_need_a_desk_>
                        <car_allowance>
                            <name>Car Allowance</name>
                            <type>number</type>
                            <value>10.0</value>
                        </car_allowance>
                        <offer_expiration_date>
                            <name>Offer Expiration Date</name>
                            <type>date</type>
                            <value>2024-09-14</value>
                        </offer_expiration_date>
                        <phone_allowance>
                            <name>Phone Allowance</name>
                            <type>number</type>
                            <value>20.0</value>
                        </phone_allowance>
                        <stock_option_amount>
                            <name>Stock Option Amount</name>
                            <type>number</type>
                            <value>10.0</value>
                        </stock_option_amount>
                        <sign_on_bonus>
                            <name>Total Sign-on Bonus</name>
                            <type>currency</type>
                            <value>
                                <unit>CHF</unit>
                                <amount>12000.0</amount>
                            </value>
                        </sign_on_bonus>
                        <employee_id>
                            <name>Employee ID</name>
                            <type>short_text</type>
                            <value>null</value>
                        </employee_id>
                        <hiring_manager_title>
                            <name>Hiring Manager Title</name>
                            <type>short_text</type>
                            <value>test</value>
                        </hiring_manager_title>
                        <additional_offer___candidate_details>
                            <name>Additional Offer Candidate Details</name>
                            <type>long_text</type>
                            <value>null</value>
                        </additional_offer___candidate_details>
                        <bonus_plan>
                            <name>Bonus Plan</name>
                            <type>single_select</type>
                            <value>null</value>
                        </bonus_plan>
                        <location>
                            <name>Location</name>
                            <external_id>CH - Zug</external_id>
                            <type>single_select</type>
                            <value>Zug-Switzerland</value>
                        </location>
                        <hiring_manager_name_offer_1613599292.689938>
                            <name>Hiring Manager Name</name>
                            <type>user</type>
                            <value>
                                <user_id>4221510005</user_id>
                                <employee_id>null</employee_id>
                                <name>Temitayo Ajayi</name>
                                <email>test.testtemitayo@test.com</email>
                            </value>
                        </hiring_manager_name_offer_1613599292.689938>
                    </custom_fields>
                    <created_at>2024-09-04T16:19:06Z</created_at>
                    <id>4373978005</id>
                    <version>1</version>
                </offer>
                <candidate>
                    <is_private>true</is_private>
                    <coordinator>null</coordinator>
                    <attachments>
                        <filename>Harry_Potter_-_Offer_Packet_2024-09-04_(Private).pdf</filename>
                        <type>offer_packet</type>
                        <url>riginal/Harry_Potter_-_Offer_Packet_2024-09-04_%28Private%29.pdf?X-Amz-Algorithm=AWS4-HMAC-SHA</url>
                    </attachments>
                    <custom_fields>
                        <country>
                            <name>Country</name>
                            <type>single_select</type>
                            <value>null</value>
                        </country>
                        <preferred_laptop>
                            <name>Preferred Laptop</name>
                            <type>single_select</type>
                            <value>null</value>
                        </preferred_laptop>
                        <address>
                            <name>Laptop Shipping Address</name>
                            <type>long_text</type>
                            <value>null</value>
                        </address>
                        <legal_first_name>
                            <name>Legal First Name</name>
                            <type>short_text</type>
                            <value>null</value>
                        </legal_first_name>
                        <gender>
                            <name>Gender</name>
                            <type>single_select</type>
                            <value>null</value>
                        </gender>
                        <dob__mm_dd_yyyy_>
                            <name>Date of Birth (MM/DD/YYYY)</name>
                            <type>short_text</type>
                            <value>null</value>
                        </dob__mm_dd_yyyy_>
                        <preferred_last_name>
                            <name>Preferred Last Name</name>
                            <type>short_text</type>
                            <value>null</value>
                        </preferred_last_name>
                        <preferred_keyboard_language>
                            <name>Preferred Keyboard Language</name>
                            <type>single_select</type>
                            <value>null</value>
                        </preferred_keyboard_language>
                        <preferred_name_candidate_1611938732.8262782>
                            <name>Preferred First Name</name>
                            <type>short_text</type>
                            <value>null</value>
                        </preferred_name_candidate_1611938732.8262782>
                        <legal_last_name>
                            <name>Legal Last Name</name>
                            <type>short_text</type>
                            <value>null</value>
                        </legal_last_name>
                        <middle_name>
                            <name>Middle Name</name>
                            <type>short_text</type>
                            <value>null</value>
                        </middle_name>
                        <professional_suffix>
                            <name>Professional Suffix</name>
                            <type>multi_select</type>
                        </professional_suffix>
                    </custom_fields>
                    <recruiter>null</recruiter>
                    <last_name>Potter</last_name>
                    <external_id>null</external_id>
                    <candidate_name_pronunciation>
                        <filename>null</filename>
                        <url>null</url>
                    </candidate_name_pronunciation>
                    <title>null</title>
                    <candidate_gender_pronouns>
                        <pronouns>null</pronouns>
                    </candidate_gender_pronouns>
                    <can_email>true</can_email>
                    <id>26972481005</id>
                    <first_name>Harry</first_name>
                </candidate>
                <custom_fields>
                    <will_you_now_or_in_the_future_require_work_sponsorship_>
                        <name>Will you now or in the future require work sponsorship?</name>
                        <type>boolean</type>
                        <value>null</value>
                    </will_you_now_or_in_the_future_require_work_sponsorship_>
                    <are_you_willing_to_relocate_>
                        <name>Are you willing to relocate?</name>
                        <type>boolean</type>
                        <value>null</value>
                    </are_you_willing_to_relocate_>
                    <linked_in_profile>
                        <name>LinkedIn Profile</name>
                        <type>short_text</type>
                        <value>null</value>
                    </linked_in_profile>
                </custom_fields>
                <jobs>
                    <opened_at>2024-09-04T16:15:11.962Z</opened_at>
                    <requisition_id>P100388>CHMP</requisition_id>
                    <closed_at>2024-09-04T16:19:20.282Z</closed_at>
                    <custom_fields>
                        <requisition_type>
                            <name>Requisition Type</name>
                            <type>single_select</type>
                            <value>null</value>
                        </requisition_type>
                        <employment_type>
                            <name>Employment Type</name>
                            <type>single_select</type>
                            <value>Regular</value>
                        </employment_type>
                        <time_type>
                            <name>Time type</name>
                            <type>single_select</type>
                            <value>Full time</value>
                        </time_type>
                        <bonus_target>
                            <name>Bonus Target</name>
                            <type>single_select</type>
                            <value>null</value>
                        </bonus_target>
                        <classification>
                            <name>Classification</name>
                            <type>single_select</type>
                            <value>null</value>
                        </classification>
                        <business_unit>
                            <name>Business Unit</name>
                            <type>single_select</type>
                            <value>null</value>
                        </business_unit>
                        <salary_range>
                            <name>Salary Range</name>
                            <type>currency_range</type>
                            <value>
                                <min_value>0.0</min_value>
                                <unit>null</unit>
                                <max_value>0.0</max_value>
                            </value>
                        </salary_range>
                        <ec_team_leader>
                            <name>EC Team Leader</name>
                            <type>single_select</type>
                            <value>null</value>
                        </ec_team_leader>
                        <cost_center>
                            <name>Cost Center</name>
                            <type>short_text</type>
                            <value>null</value>
                        </cost_center>
                        <hris_link_template_test>
                            <name>HRIS Link Template Test</name>
                            <type>single_select</type>
                            <value>Template</value>
                        </hris_link_template_test>
                        <sip_target>
                            <name>SIP Target</name>
                            <type>currency</type>
                            <value>
                                <unit>null</unit>
                                <amount>0.0</amount>
                            </value>
                        </sip_target>
                        <eligible_for_relocation>
                            <name>Eligible for Relocation</name>
                            <type>boolean</type>
                            <value>null</value>
                        </eligible_for_relocation>
                        <commission>
                            <name>Commission</name>
                            <type>short_text</type>
                            <value>null</value>
                        </commission>
                        <eligible_for_fleet_vehicle_>
                            <name>Eligible for Fleet Vehicle?</name>
                            <type>boolean</type>
                            <value>null</value>
                        </eligible_for_fleet_vehicle_>
                        <job_code>
                            <name>Job Code</name>
                            <type>short_text</type>
                            <value>null</value>
                        </job_code>
                        <job_level>
                            <name>Job Level</name>
                            <type>multi_select</type>
                        </job_level>
                        <stock>
                            <name>Stock</name>
                            <type>number</type>
                            <value>0.0</value>
                        </stock>
                        <job_profile>
                            <name>Job Profile</name>
                            <type>single_select</type>
                            <value>null</value>
                        </job_profile>
                        <eeo_category>
                            <name>EEO Category</name>
                            <type>single_select</type>
                            <value>null</value>
                        </eeo_category>
                    </custom_fields>
                    <offices>
                        <name>Zug - Commercial-Switzerland - Commercial</name>
                        <location>null</location>
                        <external_id>Zug - Commercial-Switzerland - Commercial</external_id>
                        <id>4018031005</id>
                    </offices>
                    <name>Brand Manager - Switzerland</name>
                    <id>4321654005</id>
                    <departments>
                        <name>Sales - Ophthalmology</name>
                        <external_id>2250</external_id>
                        <id>4038387005</id>
                    </departments>
                    <confidential>false</confidential>
                </jobs>
                <id>29795425005</id>
                <credited_to>
                    <employee_id>null</employee_id>
                    <name>Apellis Sandbox</name>
                    <id>4098288005</id>
                    <email>ghsandbox@apellis.com</email>
                </credited_to>
                <source>
                    <name>SemBio</name>
                    <id>4009532005</id>
                </source>
                <job>
                    <open_date>2024-09-04T16:15:11.962Z</open_date>
                    <close_date>2024-09-04T16:19:20.282Z</close_date>
                    <requisition_id>P100388>CHMP</requisition_id>
                    <custom_fields>
                        <requisition_type>
                            <name>Requisition Type</name>
                            <type>single_select</type>
                            <value>null</value>
                        </requisition_type>
                        <employment_type>
                            <name>Employment Type</name>
                            <type>single_select</type>
                            <value>Regular</value>
                        </employment_type>
                        <time_type>
                            <name>Time type</name>
                            <type>single_select</type>
                            <value>Full time</value>
                        </time_type>
                        <bonus_target>
                            <name>Bonus Target</name>
                            <type>single_select</type>
                            <value>null</value>
                        </bonus_target>
                        <classification>
                            <name>Classification</name>
                            <type>single_select</type>
                            <value>null</value>
                        </classification>
                        <business_unit>
                            <name>Business Unit</name>
                            <type>single_select</type>
                            <value>null</value>
                        </business_unit>
                        <salary_range>
                            <name>Salary Range</name>
                            <type>currency_range</type>
                            <value>
                                <min_value>0.0</min_value>
                                <unit>null</unit>
                                <max_value>0.0</max_value>
                            </value>
                        </salary_range>
                        <ec_team_leader>
                            <name>EC Team Leader</name>
                            <type>single_select</type>
                            <value>null</value>
                        </ec_team_leader>
                        <cost_center>
                            <name>Cost Center</name>
                            <type>short_text</type>
                            <value>null</value>
                        </cost_center>
                        <hris_link_template_test>
                            <name>HRIS Link Template Test</name>
                            <type>single_select</type>
                            <value>Template</value>
                        </hris_link_template_test>
                        <sip_target>
                            <name>SIP Target</name>
                            <type>currency</type>
                            <value>
                                <unit>null</unit>
                                <amount>0.0</amount>
                            </value>
                        </sip_target>
                        <eligible_for_relocation>
                            <name>Eligible for Relocation</name>
                            <type>boolean</type>
                            <value>null</value>
                        </eligible_for_relocation>
                        <commission>
                            <name>Commission</name>
                            <type>short_text</type>
                            <value>null</value>
                        </commission>
                        <eligible_for_fleet_vehicle_>
                            <name>Eligible for Fleet Vehicle?</name>
                            <type>boolean</type>
                            <value>null</value>
                        </eligible_for_fleet_vehicle_>
                        <job_code>
                            <name>Job Code</name>
                            <type>short_text</type>
                            <value>null</value>
                        </job_code>
                        <job_level>
                            <name>Job Level</name>
                            <type>multi_select</type>
                        </job_level>
                        <stock>
                            <name>Stock</name>
                            <type>number</type>
                            <value>0.0</value>
                        </stock>
                        <job_profile>
                            <name>Job Profile</name>
                            <type>single_select</type>
                            <value>null</value>
                        </job_profile>
                        <eeo_category>
                            <name>EEO Category</name>
                            <type>single_select</type>
                            <value>null</value>
                        </eeo_category>
                    </custom_fields>
                    <offices>
                        <name>Zug - Commercial-Switzerland - Commercial</name>
                        <location>null</location>
                        <external_id>Zug - Commercial-Switzerland - Commercial</external_id>
                        <id>4018031005</id>
                    </offices>
                    <name>Brand Manager - Switzerland</name>
                    <id>4321654005</id>
                    <departments>
                        <name>Sales - Ophthalmology</name>
                        <external_id>2250</external_id>
                        <id>4038387005</id>
                    </departments>
                </job>
                <opening>
                    <opening_id>P100388>CHMP</opening_id>
                    <custom_fields/>
                </opening>
            </application>
        </payload>
        <organization_id>4002144005</organization_id>
        <action>hire_candidate</action>
        <organization_name>Apellis Sandbox Sandbox</organization_name>
    </data>
</root>
