<?xml version="1.0" encoding="utf-8"?>
<Document xmlns="urn:iso:std:iso:20022:tech:xsd:pain.001.001.02">
    <pain.001.001.02>
        <GrpHdr>
            <MsgId>400</MsgId>
            <CreDtTm>2014-02-19T10:22:28.835-08:00</CreDtTm>
            <BtchBookg>false</BtchBookg>
            <NbOfTxs>1</NbOfTxs>
            <CtrlSum>200000</CtrlSum>
            <Grpg>GRPD</Grpg>
            <InitgPty>
                <Nm>Global Modern Services, Inc. (USA)</Nm>
                <Id>
                    <OrgId>
                        <TaxIdNb>99-0343105</TaxIdNb>
                    </OrgId>
                </Id>
            </InitgPty>
        </GrpHdr>
        <PmtInf>
            <PmtInfId>4001</PmtInfId>
            <PmtMtd>TRF</PmtMtd>
            <PmtTpInf>
                <ClrChanl>RTGS</ClrChanl>
            </PmtTpInf>
            <ReqdExctnDt>2013-05-15-07:00</ReqdExctnDt>
            <Dbtr>
                <Nm>Global Modern Services, Inc. (USA)</Nm>
                <PstlAdr>
                    <AdrLine>3939 The Embarcadero</AdrLine>
                    <PstCd>94111</PstCd>
                    <TwnNm>San Francisco</TwnNm>
                    <CtrySubDvsn>California</CtrySubDvsn>
                    <Ctry>US</Ctry>
                </PstlAdr>
                <Id>
                    <OrgId>
                        <PrtryId>
                            <Id>GMS_USA_company</Id>
                        </PrtryId>
                    </OrgId>
                </Id>
            </Dbtr>
            <DbtrAcct>
                <Id>
                    <PrtryAcct>
                        <Id>1055454565</Id>
                    </PrtryAcct>
                </Id>
                <Tp>
                    <Cd>SACC</Cd>
                </Tp>
                <Ccy>USD</Ccy>
                <Nm>BofA Checking</Nm>
            </DbtrAcct>
            <DbtrAgt>
                <FinInstnId>
                    <CmbndId>
                        <ClrSysMmbId>
                            <Id>FDA121000358</Id>
                        </ClrSysMmbId>
                        <Nm>Bank of America</Nm>
                        <PstlAdr>
                            <Ctry>US</Ctry>
                        </PstlAdr>
                    </CmbndId>
                </FinInstnId>
            </DbtrAgt>
            <CdtTrfTxInf>
                <PmtId>
                    <InstrId>003560</InstrId>
                    <EndToEndId>003560</EndToEndId>
                </PmtId>
                <PmtTpInf>
                    <CtgyPurp>CASH</CtgyPurp>
                </PmtTpInf>
                <Amt>
                    <InstdAmt Ccy="USD">200000</InstdAmt>
                </Amt>
                <CdtrAgt>
                    <FinInstnId>
                        <CmbndId>
                            <ClrSysMmbId>
                                <Id>FDA121000358</Id>
                            </ClrSysMmbId>
                            <Nm>Bank of America</Nm>
                            <PstlAdr>
                                <Ctry>US</Ctry>
                            </PstlAdr>
                        </CmbndId>
                    </FinInstnId>
                    <BrnchId>
                        <Nm>Bank of America</Nm>
                        <PstlAdr>
                            <Ctry>US</Ctry>
                        </PstlAdr>
                    </BrnchId>
                </CdtrAgt>
                <Cdtr>
                    <Nm>Deutsch Media</Nm>
                    <PstlAdr>
                        <AdrLine>111 Eighth Avenue</AdrLine>
                        <PstCd>10011</PstCd>
                        <TwnNm>New York</TwnNm>
                        <CtrySubDvsn>New York</CtrySubDvsn>
                        <Ctry>US</Ctry>
                    </PstlAdr>
                    <Id>
                        <OrgId>
                            <PrtryId>
                                <Id>S-0006</Id>
                            </PrtryId>
                        </OrgId>
                    </Id>
                </Cdtr>
                <CdtrAcct>
                    <Id>
                        <PrtryAcct>
                            <Id>151954751</Id>
                        </PrtryAcct>
                    </Id>
                    <Tp>
                        <Cd>SACC</Cd>
                    </Tp>
                    <Ccy>USD</Ccy>
                    <Nm>Deutsch Media</Nm>
                </CdtrAcct>
                <RmtInf>
                    <Strd>
                        <RfrdDocInf>
                            <RfrdDocTp>
                                <Cd>SOAC</Cd>
                            </RfrdDocTp>
                        </RfrdDocInf>
                        <RfrdDocRltdDt>2013-04-15-07:00</RfrdDocRltdDt>
                        <RfrdDocAmt>
                            <DuePyblAmt Ccy="USD">200000</DuePyblAmt>
                        </RfrdDocAmt>
                        <RfrdDocAmt>
                            <RmtdAmt Ccy="USD">200000</RmtdAmt>
                        </RfrdDocAmt>
                        <CdtrRefInf>
                            <CdtrRefTp>
                                <Cd>SCOR</Cd>
                                <Issr>ISO</Issr>
                            </CdtrRefTp>
                        </CdtrRefInf>
                    </Strd>
                </RmtInf>
            </CdtTrfTxInf>
        </PmtInf>
    </pain.001.001.02>
</Document>