<wd:Report_Data>
    <wd:Report_Entry>
        <wd:Employee_ID>000100040</wd:Employee_ID>
        <wd:Work_Email>Laurie_B_Swiggett@KeyBank.com</wd:Work_Email>
        <wd:firstName>Laurie</wd:firstName>
        <wd:lastName>Swiggett</wd:lastName>
        <wd:Supervisor_Id>000367495</wd:Supervisor_Id>
        <wd:Supervisor_Name>Wurzburg, Jill</wd:Supervisor_Name>
        <wd:Organization_Level_1>Gorman, Christopher</wd:Organization_Level_1>
        <wd:Organization_Level_2>Gorman, Christopher</wd:Organization_Level_2>
        <wd:Organization_Level_3>Benhart, Darrin</wd:Organization_Level_3>
        <wd:Organization_Level_4>Maiorana, Salvatore</wd:Organization_Level_4>
        <wd:Organization_Level_5>Wurzburg, Jill</wd:Organization_Level_5>
        <wd:Region>Out of Footprint</wd:Region>
        <wd:Country>United States of America</wd:Country>
        <wd:City>Various</wd:City>
        <wd:Function>SAOTHR KEYCORP SUPPORT & ADMIN</wd:Function>
        <wd:Sub-Function>RISKM RISK MANAGEMENT</wd:Sub-Function>
        <wd:Business_Unit>RMOT RISK MANAGEMENT OTHER</wd:Business_Unit>
        <wd:Department>Compliance</wd:Department>
        <wd:Job_Family>Risk Management</wd:Job_Family>
        <wd:Job_Sub-Family>Risk Mgmt - Compliance</wd:Job_Sub-Family>
        <wd:Personnel_Area>Business Risk & Controls</wd:Personnel_Area>
        <wd:Personnel_Sub-Area>Ops & Servicing</wd:Personnel_Sub-Area>
        <wd:Cost_Center>8000020</wd:Cost_Center>
        <wd:Manager_Non-Manager>Manager</wd:Manager_Non-Manager>
        <wd:Job_Title>Compliance Director</wd:Job_Title>
        <wd:Full_Part_Time>Full time</wd:Full_Part_Time>
        <wd:International_Assignment>No</wd:International_Assignment>
        <wd:Contractor_Regular>Employee</wd:Contractor_Regular>
        <wd:Exempt_Non-Exempt>Exempt</wd:Exempt_Non-Exempt>
        <wd:Status>A</wd:Status>
        <wd:Tenure>Group 5 - Twenty-One or More Years of Service</wd:Tenure>
        <wd:Gender>Female</wd:Gender>
        <wd:Race>Non Minority</wd:Race>
        <wd:Veteran_Status>No</wd:Veteran_Status>
        <wd:Performance_Review>Annual Review 2022</wd:Performance_Review>
        <wd:Performance_Rating>3-Achieved : Meets</wd:Performance_Rating>
        <wd:High_Performer>No</wd:High_Performer>
        <wd:New_Hire>Not New Hire (366 or more days)</wd:New_Hire>
        <wd:Hourly_Salaried>Bi-Weekly</wd:Hourly_Salaried>
        <wd:Hire_Date>1998-09-14</wd:Hire_Date>
        <wd:Tenure_in_Role>2.75</wd:Tenure_in_Role>
        <wd:Generation>Gen X</wd:Generation>
        <wd:Market>Ohio (Market)</wd:Market>
        <wd:Physical_Location>Home-Based</wd:Physical_Location>
        <wd:Company_Code>0100</wd:Company_Code>
        <wd:Employee_Group>Non Intern</wd:Employee_Group>
        <wd:Work_Location>For Those Who Work At Home</wd:Work_Location>
        <wd:State>Ohio</wd:State>
        <wd:Company>KeyBank National Association</wd:Company>
        <wd:Level>L3</wd:Level>
        <wd:Grade>114e</wd:Grade>
        <wd:Job_Code>105351</wd:Job_Code>
        <wd:Employee_Type>Regular</wd:Employee_Type>
        <wd:Number_of_Direct_Reports>2</wd:Number_of_Direct_Reports>
        <wd:Home_City_of_employee>Strongsville</wd:Home_City_of_employee>
        <wd:Home_State_of_employee>Ohio</wd:Home_State_of_employee>
        <wd:HRIM_Tenure_In_Role_Group>Group 3: tenure in role 2+ to 3 years</wd:HRIM_Tenure_In_Role_Group>
        <wd:HRIM_Career_Level_Group>Group 1: Career Level 1-4</wd:HRIM_Career_Level_Group>
        <wd:HRIM_Number_of_Direct_Reports_Group>Group 1: Number of Direct Reports 1-4</wd:HRIM_Number_of_Direct_Reports_Group>
    </wd:Report_Entry>
    <wd:Report_Entry>
        <wd:Employee_ID>000100068</wd:Employee_ID>
        <wd:Work_Email>nlafrance@kisinvestments.com</wd:Work_Email>
        <wd:firstName>Nathan</wd:firstName>
        <wd:lastName>La France</wd:lastName>
        <wd:Supervisor_Id>000188328</wd:Supervisor_Id>
        <wd:Supervisor_Name>Mitola, Stephen</wd:Supervisor_Name>
        <wd:Organization_Level_1>Gorman, Christopher</wd:Organization_Level_1>
        <wd:Organization_Level_2>Gorman, Christopher</wd:Organization_Level_2>
        <wd:Organization_Level_3>Alexander, Victor</wd:Organization_Level_3>
        <wd:Organization_Level_4>Skarda, Joe</wd:Organization_Level_4>
        <wd:Organization_Level_5>Schmidt, Solomon</wd:Organization_Level_5>
        <wd:Organization_Level_6>Parker, Eric</wd:Organization_Level_6>
        <wd:Organization_Level_7>Mitola, Stephen</wd:Organization_Level_7>
        <wd:Region>Upstate New York</wd:Region>
        <wd:Country>United States of America</wd:Country>
        <wd:City>Queensbury</wd:City>
        <wd:Function>CONBNK CONSUMER BANK</wd:Function>
        <wd:Sub-Function>WMGMT WEALTH MANAGEMENT</wd:Sub-Function>
        <wd:Business_Unit>WMKI KEY INVESTMENT SERVICES</wd:Business_Unit>
        <wd:Department>KIS Field Sales</wd:Department>
        <wd:Job_Family>Consumer Bank</wd:Job_Family>
        <wd:Job_Sub-Family>Consumer Bank - Wealth - KIS Field</wd:Job_Sub-Family>
        <wd:Personnel_Area>Non-Branch: Revenue Generating Roles</wd:Personnel_Area>
        <wd:Personnel_Sub-Area>Ops & Servicing</wd:Personnel_Sub-Area>
        <wd:Cost_Center>1001200</wd:Cost_Center>
        <wd:Manager_Non-Manager>Non-Manager</wd:Manager_Non-Manager>
        <wd:Job_Title>Assoc Private Client Advisor</wd:Job_Title>
        <wd:Full_Part_Time>Full time</wd:Full_Part_Time>
        <wd:International_Assignment>No</wd:International_Assignment>
        <wd:Contractor_Regular>Employee</wd:Contractor_Regular>
        <wd:Exempt_Non-Exempt>Exempt</wd:Exempt_Non-Exempt>
        <wd:Status>A</wd:Status>
        <wd:Tenure>Group 4 - Eleven to Twenty Years of Service</wd:Tenure>
        <wd:Gender>Male</wd:Gender>
        <wd:Race>Non Minority</wd:Race>
        <wd:Veteran_Status>No</wd:Veteran_Status>
        <wd:Performance_Review>Annual Review 2022</wd:Performance_Review>
        <wd:Performance_Rating>4-Exceeded : Meets</wd:Performance_Rating>
        <wd:High_Performer>Yes</wd:High_Performer>
        <wd:New_Hire>Not New Hire (366 or more days)</wd:New_Hire>
        <wd:Hourly_Salaried>Bi-Weekly</wd:Hourly_Salaried>
        <wd:Hire_Date>2004-03-29</wd:Hire_Date>
        <wd:Tenure_in_Role>2.13</wd:Tenure_in_Role>
        <wd:Generation>Gen X</wd:Generation>
        <wd:Market>Capital</wd:Market>
        <wd:Physical_Location>Assigned</wd:Physical_Location>
        <wd:Company_Code>0124</wd:Company_Code>
        <wd:Employee_Group>Non Intern</wd:Employee_Group>
        <wd:Work_Location>154 Quaker Road</wd:Work_Location>
        <wd:Branch>58632</wd:Branch>
        <wd:State>New York</wd:State>
        <wd:Company>Key Investment Services, LLC</wd:Company>
        <wd:Level>L7</wd:Level>
        <wd:Grade>COMe</wd:Grade>
        <wd:Job_Code>109536</wd:Job_Code>
        <wd:Employee_Type>Regular</wd:Employee_Type>
        <wd:Number_of_Direct_Reports>0</wd:Number_of_Direct_Reports>
        <wd:Home_City_of_employee>Gansevoort</wd:Home_City_of_employee>
        <wd:Home_State_of_employee>New York</wd:Home_State_of_employee>
        <wd:HRIM_Tenure_In_Role_Group>Group 3: tenure in role 2+ to 3 years</wd:HRIM_Tenure_In_Role_Group>
        <wd:HRIM_Career_Level_Group>Group 1: Career Level 1-4</wd:HRIM_Career_Level_Group>
        <wd:HRIM_Number_of_Direct_Reports_Group>-</wd:HRIM_Number_of_Direct_Reports_Group>
    </wd:Report_Entry>
    <wd:Report_Entry>
        <wd:Employee_ID>000100102</wd:Employee_ID>
        <wd:Work_Email>John_M_Murray@KeyBank.com</wd:Work_Email>
        <wd:firstName>John</wd:firstName>
        <wd:lastName>Murray</wd:lastName>
        <wd:Supervisor_Id>000211685</wd:Supervisor_Id>
        <wd:Supervisor_Name>Marshall, Naila</wd:Supervisor_Name>
        <wd:Organization_Level_1>Gorman, Christopher</wd:Organization_Level_1>
        <wd:Organization_Level_2>Gorman, Christopher</wd:Organization_Level_2>
        <wd:Organization_Level_3>Brady, Amy</wd:Organization_Level_3>
        <wd:Organization_Level_4>Kontul, Dean</wd:Organization_Level_4>
        <wd:Organization_Level_5>Byrd, Noah</wd:Organization_Level_5>
        <wd:Organization_Level_6>Towns, Cheryl</wd:Organization_Level_6>
        <wd:Organization_Level_7>Marshall, Naila</wd:Organization_Level_7>
        <wd:Region>Out of Footprint</wd:Region>
        <wd:Country>United States of America</wd:Country>
        <wd:City>Various</wd:City>
        <wd:Function>SAOTHR KEYCORP SUPPORT & ADMIN</wd:Function>
        <wd:Sub-Function>KEYTO KEY TECHNOLOGY, OPERATIONS, & SERVICES</wd:Sub-Function>
        <wd:Business_Unit>KTCC CONTACT CENTER OPERATIONS & ADMIN</wd:Business_Unit>
        <wd:Department>Comml & Bus Bnkg Sales & Svc</wd:Department>
        <wd:Job_Family>Key Technology, Operations & Services</wd:Job_Family>
        <wd:Job_Sub-Family>KTOS - Ops & Servicing - Contact Center</wd:Job_Sub-Family>
        <wd:Personnel_Area>Contact Center / AnswerBank</wd:Personnel_Area>
        <wd:Personnel_Sub-Area>Ops & Servicing</wd:Personnel_Sub-Area>
        <wd:Cost_Center>7001350</wd:Cost_Center>
        <wd:Manager_Non-Manager>Non-Manager</wd:Manager_Non-Manager>
        <wd:Job_Title>CC Service Specialist II</wd:Job_Title>
        <wd:Full_Part_Time>Full time</wd:Full_Part_Time>
        <wd:International_Assignment>No</wd:International_Assignment>
        <wd:Contractor_Regular>Employee</wd:Contractor_Regular>
        <wd:Exempt_Non-Exempt>Non-Exempt</wd:Exempt_Non-Exempt>
        <wd:Status>A</wd:Status>
        <wd:Tenure>Group 4 - Eleven to Twenty Years of Service</wd:Tenure>
        <wd:Gender>Male</wd:Gender>
        <wd:Race>Non Minority</wd:Race>
        <wd:Veteran_Status>No</wd:Veteran_Status>
        <wd:Performance_Review>Annual Review 2022</wd:Performance_Review>
        <wd:Performance_Rating>3-Achieved : Meets</wd:Performance_Rating>
        <wd:High_Performer>No</wd:High_Performer>
        <wd:New_Hire>Not New Hire (366 or more days)</wd:New_Hire>
        <wd:Hourly_Salaried>Bi-Weekly</wd:Hourly_Salaried>
        <wd:Hire_Date>2006-03-13</wd:Hire_Date>
        <wd:Tenure_in_Role>2.97</wd:Tenure_in_Role>
        <wd:Generation>Baby Boomer</wd:Generation>
        <wd:Market>Ohio (Market)</wd:Market>
        <wd:Physical_Location>Home-Based</wd:Physical_Location>
        <wd:Company_Code>0100</wd:Company_Code>
        <wd:Employee_Group>Non Intern</wd:Employee_Group>
        <wd:Work_Location>For Those Who Work At Home</wd:Work_Location>
        <wd:State>Ohio</wd:State>
        <wd:Company>KeyBank National Association</wd:Company>
        <wd:Level>L8</wd:Level>
        <wd:Grade>102n</wd:Grade>
        <wd:Job_Code>109305</wd:Job_Code>
        <wd:Employee_Type>Regular</wd:Employee_Type>
        <wd:Number_of_Direct_Reports>0</wd:Number_of_Direct_Reports>
        <wd:Home_City_of_employee>Cleveland Heights</wd:Home_City_of_employee>
        <wd:Home_State_of_employee>Ohio</wd:Home_State_of_employee>
        <wd:HRIM_Tenure_In_Role_Group>Group 3: tenure in role 2+ to 3 years</wd:HRIM_Tenure_In_Role_Group>
        <wd:HRIM_Career_Level_Group>Group 1: Career Level 1-4</wd:HRIM_Career_Level_Group>
        <wd:HRIM_Number_of_Direct_Reports_Group>-</wd:HRIM_Number_of_Direct_Reports_Group>
    </wd:Report_Entry>
<wd:Report_Data>
        