<root>
       <Employee_ID>000100040</Employee_ID>
        <Work_Email>Laurie_B_Swiggett@KeyBank.com</Work_Email>
        <firstName>Laurie</firstName>
        <lastName>Swiggett</lastName>
        <Supervisor_Id>000367495</Supervisor_Id>
        <Supervisor_Name>Wurzburg, Jill</Supervisor_Name>
        <Organization_Level_1>Gorman, Christopher</Organization_Level_1>
        <Organization_Level_2>Gorman, Christopher</Organization_Level_2>
        <Organization_Level_3>Benhart, Darrin</Organization_Level_3>
        <Organization_Level_4>Maiorana, Salvatore</Organization_Level_4>
        <Organization_Level_5>Wurzburg, Jill</Organization_Level_5>
        <Region>Out of Footprint</Region>
        <Country>United States of America</Country>
        <City>Various</City>
        <Function>SAOTHR KEYCORP SUPPORT  ADMIN</Function>
        <Sub-Function>RISKM RISK MANAGEMENT</Sub-Function>
        <Business_Unit>RMOT RISK MANAGEMENT OTHER</Business_Unit>
        <Department>Compliance</Department>
        <Job_Family>Risk Management</Job_Family>
        <Job_Sub-Family>Risk Mgmt - Compliance</Job_Sub-Family>
        <Personnel_Area>Business Risk  Controls</Personnel_Area>
        <Personnel_Sub-Area>Ops  Servicing</Personnel_Sub-Area>
        <Cost_Center>8000020</Cost_Center>
        <Manager_Non-Manager>Manager</Manager_Non-Manager>
        <Job_Title>Compliance Director</Job_Title>
        <Full_Part_Time>Full time</Full_Part_Time>
        <International_Assignment>No</International_Assignment>
        <Contractor_Regular>Employee</Contractor_Regular>
        <Exempt_Non-Exempt>Exempt</Exempt_Non-Exempt>
        <Status>A</Status>
        <Tenure>Group 5 - Twenty-One or More Years of Service</Tenure>
        <Gender>Female</Gender>
        <Race>Non Minority</Race>
        <Veteran_Status>No</Veteran_Status>
        <Performance_Review>Annual Review 2022</Performance_Review>
        <Performance_Rating>3-Achieved : Meets</Performance_Rating>
        <High_Performer>No</High_Performer>
        <New_Hire>Not New Hire (366 or more days)</New_Hire>
        <Hourly_Salaried>Bi-Weekly</Hourly_Salaried>
        <Hire_Date>1998-09-14</Hire_Date>
        <Tenure_in_Role>2.75</Tenure_in_Role>
        <Generation>Gen X</Generation>
        <Market>Ohio (Market)</Market>
        <Physical_Location>Home-Based</Physical_Location>
        <Company_Code>0100</Company_Code>
        <Employee_Group>Non Intern</Employee_Group>
        <Work_Location>For Those Who Work At Home</Work_Location>
        <State>Ohio</State>
        <Company>KeyBank National Association</Company>
        <Level>L3</Level>
        <Grade>114e</Grade>
        <Job_Code>105351</Job_Code>
        <Employee_Type>Regular</Employee_Type>
        <Number_of_Direct_Reports>2</Number_of_Direct_Reports>
        <Home_City_of_employee>Strongsville</Home_City_of_employee>
        <Home_State_of_employee>Ohio</Home_State_of_employee>
        <HRIM_Tenure_In_Role_Group>Group 3: tenure in role 2+ to 3 years</HRIM_Tenure_In_Role_Group>
        <HRIM_Career_Level_Group>Group 1: Career Level 1-4</HRIM_Career_Level_Group>
        <HRIM_Number_of_Direct_Reports_Group>Group 1: Number of Direct Reports 1-4</HRIM_Number_of_Direct_Reports_Group>
        <Employee_ID>000100068</Employee_ID>
        <Work_Email>nlafrance@kisinvestments.com</Work_Email>
        <firstName>Nathan</firstName>
        <lastName>La France</lastName>
        <Supervisor_Id>000188328</Supervisor_Id>
        <Supervisor_Name>Mitola, Stephen</Supervisor_Name>
        <Organization_Level_1>Gorman, Christopher</Organization_Level_1>
        <Organization_Level_2>Gorman, Christopher</Organization_Level_2>
        <Organization_Level_3>Alexander, Victor</Organization_Level_3>
        <Organization_Level_4>Skarda, Joe</Organization_Level_4>
        <Organization_Level_5>Schmidt, Solomon</Organization_Level_5>
        <Organization_Level_6>Parker, Eric</Organization_Level_6>
        <Organization_Level_7>Mitola, Stephen</Organization_Level_7>
        <Region>Upstate New York</Region>
        <Country>United States of America</Country>
        <City>Queensbury</City>
        <Function>CONBNK CONSUMER BANK</Function>
        <Sub-Function>WMGMT WEALTH MANAGEMENT</Sub-Function>
        <Business_Unit>WMKI KEY INVESTMENT SERVICES</Business_Unit>
        <Department>KIS Field Sales</Department>
        <Job_Family>Consumer Bank</Job_Family>
        <Job_Sub-Family>Consumer Bank - Wealth - KIS Field</Job_Sub-Family>
        <Personnel_Area>Non-Branch: Revenue Generating Roles</Personnel_Area>
        <Personnel_Sub-Area>Ops  Servicing</Personnel_Sub-Area>
        <Cost_Center>1001200</Cost_Center>
        <Manager_Non-Manager>Non-Manager</Manager_Non-Manager>
        <Job_Title>Assoc Private Client Advisor</Job_Title>
        <Full_Part_Time>Full time</Full_Part_Time>
        <International_Assignment>No</International_Assignment>
        <Contractor_Regular>Employee</Contractor_Regular>
        <Exempt_Non-Exempt>Exempt</Exempt_Non-Exempt>
        <Status>A</Status>
        <Tenure>Group 4 - Eleven to Twenty Years of Service</Tenure>
        <Gender>Male</Gender>
        <Race>Non Minority</Race>
        <Veteran_Status>No</Veteran_Status>
        <Performance_Review>Annual Review 2022</Performance_Review>
        <Performance_Rating>4-Exceeded : Meets</Performance_Rating>
        <High_Performer>Yes</High_Performer>
        <New_Hire>Not New Hire (366 or more days)</New_Hire>
        <Hourly_Salaried>Bi-Weekly</Hourly_Salaried>
        <Hire_Date>2004-03-29</Hire_Date>
        <Tenure_in_Role>2.13</Tenure_in_Role>
        <Generation>Gen X</Generation>
        <Market>Capital</Market>
        <Physical_Location>Assigned</Physical_Location>
        <Company_Code>0124</Company_Code>
        <Employee_Group>Non Intern</Employee_Group>
        <Work_Location>154 Quaker Road</Work_Location>
        <Branch>58632</Branch>
        <State>New York</State>
        <Company>Key Investment Services, LLC</Company>
        <Level>L7</Level>
        <Grade>COMe</Grade>
        <Job_Code>109536</Job_Code>
        <Employee_Type>Regular</Employee_Type>
        <Number_of_Direct_Reports>0</Number_of_Direct_Reports>
        <Home_City_of_employee>Gansevoort</Home_City_of_employee>
        <Home_State_of_employee>New York</Home_State_of_employee>
        <HRIM_Tenure_In_Role_Group>Group 3: tenure in role 2+ to 3 years</HRIM_Tenure_In_Role_Group>
        <HRIM_Career_Level_Group>Group 1: Career Level 1-4</HRIM_Career_Level_Group>
        <HRIM_Number_of_Direct_Reports_Group>-</HRIM_Number_of_Direct_Reports_Group>
        <Employee_ID>000100102</Employee_ID>
        <Work_Email>John_M_Murray@KeyBank.com</Work_Email>
        <firstName>John</firstName>
        <lastName>Murray</lastName>
        <Supervisor_Id>000211685</Supervisor_Id>
        <Supervisor_Name>Marshall, Naila</Supervisor_Name>
        <Organization_Level_1>Gorman, Christopher</Organization_Level_1>
        <Organization_Level_2>Gorman, Christopher</Organization_Level_2>
        <Organization_Level_3>Brady, Amy</Organization_Level_3>
        <Organization_Level_4>Kontul, Dean</Organization_Level_4>
        <Organization_Level_5>Byrd, Noah</Organization_Level_5>
        <Organization_Level_6>Towns, Cheryl</Organization_Level_6>
        <Organization_Level_7>Marshall, Naila</Organization_Level_7>
        <Region>Out of Footprint</Region>
        <Country>United States of America</Country>
        <City>Various</City>
        <Function>SAOTHR KEYCORP SUPPORT  ADMIN</Function>
        <Sub-Function>KEYTO KEY TECHNOLOGY, OPERATIONS,  SERVICES</Sub-Function>
        <Business_Unit>KTCC CONTACT CENTER OPERATIONS  ADMIN</Business_Unit>
        <Department>Comml  Bus Bnkg Sales  Svc</Department>
        <Job_Family>Key Technology, Operations  Services</Job_Family>
        <Job_Sub-Family>KTOS - Ops  Servicing - Contact Center</Job_Sub-Family>
        <Personnel_Area>Contact Center / AnswerBank</Personnel_Area>
        <Personnel_Sub-Area>Ops  Servicing</Personnel_Sub-Area>
        <Cost_Center>7001350</Cost_Center>
        <Manager_Non-Manager>Non-Manager</Manager_Non-Manager>
        <Job_Title>CC Service Specialist II</Job_Title>
        <Full_Part_Time>Full time</Full_Part_Time>
        <International_Assignment>No</International_Assignment>
        <Contractor_Regular>Employee</Contractor_Regular>
        <Exempt_Non-Exempt>Non-Exempt</Exempt_Non-Exempt>
        <Status>A</Status>
        <Tenure>Group 4 - Eleven to Twenty Years of Service</Tenure>
        <Gender>Male</Gender>
        <Race>Non Minority</Race>
        <Veteran_Status>No</Veteran_Status>
        <Performance_Review>Annual Review 2022</Performance_Review>
        <Performance_Rating>3-Achieved : Meets</Performance_Rating>
        <High_Performer>No</High_Performer>
        <New_Hire>Not New Hire (366 or more days)</New_Hire>
        <Hourly_Salaried>Bi-Weekly</Hourly_Salaried>
        <Hire_Date>2006-03-13</Hire_Date>
        <Tenure_in_Role>2.97</Tenure_in_Role>
        <Generation>Baby Boomer</Generation>
        <Market>Ohio (Market)</Market>
        <Physical_Location>Home-Based</Physical_Location>
        <Company_Code>0100</Company_Code>
        <Employee_Group>Non Intern</Employee_Group>
        <Work_Location>For Those Who Work At Home</Work_Location>
        <State>Ohio</State>
        <Company>KeyBank National Association</Company>
        <Level>L8</Level>
        <Grade>102n</Grade>
        <Job_Code>109305</Job_Code>
        <Employee_Type>Regular</Employee_Type>
        <Number_of_Direct_Reports>0</Number_of_Direct_Reports>
        <Home_City_of_employee>Cleveland Heights</Home_City_of_employee>
        <Home_State_of_employee>Ohio</Home_State_of_employee>
        <HRIM_Tenure_In_Role_Group>Group 3: tenure in role 2+ to 3 years</HRIM_Tenure_In_Role_Group>
        <HRIM_Career_Level_Group>Group 1: Career Level 1-4</HRIM_Career_Level_Group>
        <HRIM_Number_of_Direct_Reports_Group>-</HRIM_Number_of_Direct_Reports_Group>
</root>
 
        
