<?xml version="1.0" encoding="UTF-8"?>
<wdnm:Diagram xmlns:wdnm="http://workday.com/studio/editors/notation">
  <element href="assembly.xml#WorkdayAssembly"/>
  <visualProperties x="19" y="132">
    <element href="assembly.xml#StartHere"/>
  </visualProperties>
  <visualProperties x="52" y="829">
    <element href="assembly.xml#SubRetrieveInput"/>
  </visualProperties>
  <visualProperties x="247" y="742">
    <element href="assembly.xml#Retrieve_GenerateDocument"/>
  </visualProperties>
  <visualProperties x="694" y="757">
    <element href="assembly.xml#Splitter"/>
  </visualProperties>
  <visualProperties x="856" y="757">
    <element href="assembly.xml#Populate_HashSet"/>
  </visualProperties>
  <visualProperties x="173" y="132">
    <element href="assembly.xml#Call_Retrieval"/>
  </visualProperties>
  <visualProperties x="292" y="200">
    <element href="assembly.xml#CallGetConnectorData"/>
  </visualProperties>
  <visualProperties x="284" y="2440">
    <element href="assembly.xml#AsyncMediation0"/>
  </visualProperties>
  <visualProperties x="946" y="2459">
    <element href="assembly.xml#WorkdayOutSoap"/>
  </visualProperties>
  <visualProperties x="922" y="73">
    <element href="assembly.xml#IntegrationRecordCounts"/>
  </visualProperties>
  <visualProperties x="903" y="128">
    <element href="assembly.xml#IntegrationSuccessCounts"/>
  </visualProperties>
  <visualProperties x="909" y="174">
    <element href="assembly.xml#IntegrationFailCounts"/>
  </visualProperties>
  <visualProperties x="738" y="268">
    <element href="assembly.xml#CallPutIntegrationEvent"/>
  </visualProperties>
  <visualProperties x="656" y="944">
    <element href="assembly.xml#PutIntegrationMessage"/>
  </visualProperties>
  <visualProperties x="114" y="3259">
    <element href="assembly.xml#//@beans/@mixed.1/@mixed.33"/>
  </visualProperties>
  <visualProperties x="261" y="3259">
    <element href="assembly.xml#Call_Critical_Message"/>
  </visualProperties>
  <visualProperties x="463" y="3259">
    <element href="assembly.xml#Call_Critical_Event"/>
  </visualProperties>
  <visualProperties x="1149" y="2440">
    <element href="assembly.xml#AsyncMediation1"/>
  </visualProperties>
  <visualProperties x="824" y="2943">
    <element href="assembly.xml#SubAudit_Log"/>
  </visualProperties>
  <visualProperties x="532" y="2915">
    <element href="assembly.xml#SubAuditStore"/>
  </visualProperties>
  <visualProperties x="126" y="2773">
    <element href="assembly.xml#SubWriteAuditRow"/>
  </visualProperties>
  <visualProperties x="341" y="2729">
    <element href="assembly.xml#SubWriteAuditRowStep"/>
  </visualProperties>
  <visualProperties x="103" y="2950">
    <element href="assembly.xml#SubFinalizeLog"/>
  </visualProperties>
  <visualProperties x="332" y="2900">
    <element href="assembly.xml#SubAuditAggregator"/>
  </visualProperties>
  <visualProperties x="574" y="164">
    <element href="assembly.xml#Call_FinalizeLog"/>
  </visualProperties>
  <visualProperties x="271" y="3076">
    <element href="assembly.xml#ErrorHandler_Step"/>
  </visualProperties>
  <visualProperties x="499" y="3070">
    <element href="assembly.xml#Error_Message"/>
  </visualProperties>
  <visualProperties x="96" y="3116">
    <element href="assembly.xml#ErrorHandler"/>
  </visualProperties>
  <visualProperties x="854" y="3114">
    <element href="assembly.xml#Call_Error_Message"/>
  </visualProperties>
  <visualProperties x="667" y="3104">
    <element href="assembly.xml#Call_AuditError"/>
  </visualProperties>
  <visualProperties x="923" y="2607">
    <element href="assembly.xml#Error_SplitterSubProcess"/>
  </visualProperties>
  <visualProperties x="1333" y="2484">
    <element href="assembly.xml#Call_AuditRow"/>
  </visualProperties>
  <visualProperties x="746" y="2440">
    <element href="assembly.xml#ValidationMode"/>
  </visualProperties>
  <visualProperties x="205" y="201">
    <element href="assembly.xml#Integration-ValidationModeEnabled"/>
  </visualProperties>
  <visualProperties x="108" y="2508">
    <element href="assembly.xml#ProcessWorker"/>
  </visualProperties>
  <visualProperties x="601" y="1178">
    <element href="assembly.xml#PutIntegrationMessage0"/>
  </visualProperties>
  <visualProperties x="65" y="1087">
    <element href="assembly.xml#GetConnectorData"/>
  </visualProperties>
  <visualProperties x="630" y="1034">
    <element href="assembly.xml#Variables"/>
  </visualProperties>
  <visualProperties x="468" y="1024">
    <element href="assembly.xml#Route"/>
  </visualProperties>
  <visualProperties x="258" y="1088">
    <element href="assembly.xml#GetEventDocuments"/>
  </visualProperties>
  <visualProperties x="885" y="1026">
    <element href="assembly.xml#Splitter00"/>
  </visualProperties>
  <visualProperties x="1481" y="1089">
    <element href="assembly.xml#CallGetStateTaxData"/>
  </visualProperties>
  <visualProperties x="1308" y="1050">
    <element href="assembly.xml#AsyncMediation"/>
  </visualProperties>
  <visualProperties x="1409" y="1187">
    <element href="assembly.xml#ReciprocityValidation"/>
  </visualProperties>
  <visualProperties x="734" y="222">
    <element href="assembly.xml#IntegrationWarningMessage"/>
  </visualProperties>
  <visualProperties x="213" y="1266">
    <element href="assembly.xml#ManualFile"/>
  </visualProperties>
  <visualProperties x="406" y="1246">
    <element href="assembly.xml#GetManualChangesXML"/>
  </visualProperties>
  <visualProperties x="498" y="244">
    <element href="assembly.xml#CallManualFile"/>
  </visualProperties>
  <visualProperties x="1050" y="1050">
    <element href="assembly.xml#VariabletoXMLConversion"/>
  </visualProperties>
  <visualProperties x="638" y="1247">
    <element href="assembly.xml#CheckISUUpdates"/>
  </visualProperties>
  <visualProperties x="1022" y="1246">
    <element href="assembly.xml#PutIntegrationMessage1"/>
  </visualProperties>
  <visualProperties x="29" y="1158">
    <element href="assembly.xml#GetStateTaxData"/>
  </visualProperties>
  <visualProperties x="251" y="1130">
    <element href="assembly.xml#PrepareforGetWWSCall"/>
  </visualProperties>
  <visualProperties x="1027" y="1130">
    <element href="assembly.xml#GetWWSCallData"/>
  </visualProperties>
  <visualProperties x="465" y="1148">
    <element href="assembly.xml#GetWorkerStateTaxData"/>
  </visualProperties>
  <visualProperties x="1225" y="1122">
    <element href="assembly.xml#CallProcessWorker"/>
  </visualProperties>
  <visualProperties x="715" y="1130">
    <element href="assembly.xml#unwrap"/>
  </visualProperties>
  <visualProperties x="572" y="1128">
    <element href="assembly.xml#Route0"/>
  </visualProperties>
  <visualProperties x="880" y="1417">
    <element href="assembly.xml#No.Election.Data"/>
  </visualProperties>
  <visualProperties x="273" y="1400">
    <element href="assembly.xml#State_Tax_Data_Not_Found"/>
  </visualProperties>
  <visualProperties x="526" y="1207">
    <element href="assembly.xml#Debug.Mode"/>
  </visualProperties>
  <visualProperties x="46" y="295">
    <element href="assembly.xml#Initialization"/>
  </visualProperties>
  <decorations x="25" y="6" width="956" height="62" font="Arial|24|1" fontColor="1" type="TEXT" text="INT9067 Reciprocity State Tax Election Studio Inbound"/>
  <decorations x="870" y="2857" width="238" height="77" type="TEXT" text="If processing a high volume of records, please refrain from using this put integration message component."/>
  <connections type="routesTo" sourceAnchorX="0.8807339449541285" sourceAnchorY="0.5405405405405406" targetAnchorX="0.7830188679245284" targetAnchorY="0.532608695652174">
    <source href="assembly.xml#StartHere"/>
    <target href="assembly.xml#Initialization"/>
  </connections>
  <connections type="routesTo">
    <source href="assembly.xml#SubRetrieveInput"/>
    <target href="assembly.xml#Retrieve_GenerateDocument"/>
  </connections>
  <connections type="routesTo" targetAnchorX="0.205607476635514" targetAnchorY="0.35714285714285715">
    <source href="assembly.xml#Retrieve_GenerateDocument"/>
    <target href="assembly.xml#Splitter"/>
  </connections>
  <connections type="routesTo">
    <source href="assembly.xml#//@beans/@mixed.1/@splitter.0/@subRoute.0"/>
    <target href="assembly.xml#Populate_HashSet"/>
  </connections>
  <connections type="routesResponseTo">
    <source href="assembly.xml#IntegrationRecordCounts"/>
    <target href="assembly.xml#IntegrationSuccessCounts"/>
  </connections>
  <connections type="routesResponseTo">
    <source href="assembly.xml#IntegrationSuccessCounts"/>
    <target href="assembly.xml#IntegrationFailCounts"/>
  </connections>
  <connections type="routesTo" sourceAnchorX="0.9435897435897436" sourceAnchorY="1.0" targetAnchorX="0.2391304347826087" targetAnchorY="0.32432432432432434">
    <source href="assembly.xml#//@beans/@mixed.1/@mixed.9/@mixed.5"/>
    <target href="assembly.xml#PutIntegrationMessage"/>
  </connections>
  <connections type="routesTo" sourceAnchorX="0.29292929292929293" sourceAnchorY="1.0" targetAnchorX="0.7336956521739131" targetAnchorY="0.6216216216216216">
    <source href="assembly.xml#//@beans/@mixed.1/@mixed.5/@mixed.5"/>
    <target href="assembly.xml#PutIntegrationMessage"/>
  </connections>
  <connections type="routesResponseTo" sourceAnchorX="0.9425287356321839" sourceAnchorY="0.475" targetAnchorX="0.0625" targetAnchorY="0.275">
    <source href="assembly.xml#Call_Critical_Message"/>
    <target href="assembly.xml#Call_Critical_Event"/>
  </connections>
  <connections type="routesTo" sourceAnchorX="0.9736842105263158" sourceAnchorY="0.4864864864864865" targetAnchorX="0.04945054945054945" targetAnchorY="0.43243243243243246">
    <source href="assembly.xml#//@beans/@mixed.1/@mixed.33"/>
    <target href="assembly.xml#Call_Critical_Message"/>
  </connections>
  <connections type="routesTo">
    <source href="assembly.xml#SubAuditStore"/>
    <target href="assembly.xml#SubAudit_Log"/>
  </connections>
  <connections type="routesTo">
    <source href="assembly.xml#SubAuditAggregator"/>
    <target href="assembly.xml#SubAuditStore"/>
  </connections>
  <connections type="routesTo">
    <source href="assembly.xml#SubWriteAuditRow"/>
    <target href="assembly.xml#SubWriteAuditRowStep"/>
  </connections>
  <connections type="routesTo">
    <source href="assembly.xml#SubFinalizeLog"/>
    <target href="assembly.xml#SubAuditAggregator"/>
  </connections>
  <connections type="routesResponseTo" sourceAnchorX="0.8322147651006712" sourceAnchorY="1.0" targetAnchorX="0.06153846153846154" targetAnchorY="0.35135135135135137">
    <source href="assembly.xml#Call_FinalizeLog"/>
    <target href="assembly.xml#IntegrationRecordCounts"/>
  </connections>
  <connections type="routesTo" targetAnchorX="0.08759124087591241" targetAnchorY="0.5212765957446809">
    <source href="assembly.xml#ErrorHandler_Step"/>
    <target href="assembly.xml#Error_Message"/>
  </connections>
  <connections type="routesTo" targetAnchorX="0.15862068965517243" targetAnchorY="0.5957446808510638">
    <source href="assembly.xml#ErrorHandler"/>
    <target href="assembly.xml#ErrorHandler_Step"/>
  </connections>
  <connections type="routesTo" targetAnchorX="0.17142857142857143" targetAnchorY="0.40540540540540543">
    <source href="assembly.xml#Error_Message"/>
    <target href="assembly.xml#Call_AuditError"/>
  </connections>
  <connections type="routesResponseTo">
    <source href="assembly.xml#Call_AuditError"/>
    <target href="assembly.xml#Call_Error_Message"/>
  </connections>
  <connections type="routesTo" sourceAnchorX="0.7865853658536586" sourceAnchorY="1.0" targetAnchorX="0.19796954314720813" targetAnchorY="0.3783783783783784">
    <source href="assembly.xml#//@beans/@mixed.1/@mixed.15/@mixed.3"/>
    <target href="assembly.xml#Error_SplitterSubProcess"/>
    <bendpoints sourceX="92" sourceY="81" targetX="-227" targetY="14"/>
  </connections>
  <connections type="routesTo" sourceAnchorX="0.9253731343283582" sourceAnchorY="0.472" targetAnchorX="0.09420289855072464" targetAnchorY="0.43243243243243246">
    <source href="assembly.xml#AsyncMediation1"/>
    <target href="assembly.xml#Call_AuditRow"/>
  </connections>
  <connections type="routesResponseTo" sourceAnchorX="0.6693548387096774" sourceAnchorY="1.0" targetAnchorX="0.09944751381215469" targetAnchorY="0.16216216216216217">
    <source href="assembly.xml#Integration-ValidationModeEnabled"/>
    <target href="assembly.xml#CallGetConnectorData"/>
  </connections>
  <connections type="routesTo" sourceAnchorX="0.9320987654320988" sourceAnchorY="1.0" targetAnchorX="0.5906432748538012" targetAnchorY="0.5135135135135135">
    <source href="assembly.xml#//@beans/@mixed.1/@mixed.41/@mixed.3"/>
    <target href="assembly.xml#Call_Error_Message"/>
  </connections>
  <connections type="routesTo" sourceAnchorX="1.0" sourceAnchorY="0.7567567567567568" targetAnchorX="0.2579185520361991" targetAnchorY="0.4">
    <source href="assembly.xml#ProcessWorker"/>
    <target href="assembly.xml#AsyncMediation0"/>
  </connections>
  <connections type="routesTo" sourceAnchorX="0.6173913043478261" sourceAnchorY="1.0" targetAnchorX="0.47643979057591623" targetAnchorY="0.5405405405405406">
    <source href="assembly.xml#//@beans/@mixed.1/@mixed.75/@mixed.3"/>
    <target href="assembly.xml#PutIntegrationMessage0"/>
  </connections>
  <connections type="routesResponseTo" sourceAnchorX="0.711764705882353" sourceAnchorY="0.10810810810810811" targetAnchorX="0.028037383177570093" targetAnchorY="0.17532467532467533">
    <source href="assembly.xml#GetEventDocuments"/>
    <target href="assembly.xml#Route"/>
  </connections>
  <connections type="routesTo" sourceAnchorX="1.0" sourceAnchorY="0.23404255319148937" targetAnchorX="0.10526315789473684" targetAnchorY="0.43243243243243246">
    <source href="assembly.xml#AsyncMediation"/>
    <target href="assembly.xml#CallGetStateTaxData"/>
  </connections>
  <connections type="routesTo" sourceAnchorX="0.6" sourceAnchorY="1.0" targetAnchorX="0.5353535353535354" targetAnchorY="0.40540540540540543">
    <source href="assembly.xml#//@beans/@mixed.1/@mixed.85/@mixed.3"/>
    <target href="assembly.xml#ReciprocityValidation"/>
  </connections>
  <connections type="routesResponseTo" sourceAnchorX="0.539906103286385" sourceAnchorY="1.0" targetAnchorX="0.5384615384615384" targetAnchorY="0.8918918918918919">
    <source href="assembly.xml#IntegrationWarningMessage"/>
    <target href="assembly.xml#CallPutIntegrationEvent"/>
  </connections>
  <connections type="routesTo" sourceAnchorX="1.0" sourceAnchorY="0.272" targetAnchorX="0.8691588785046729" targetAnchorY="0.38311688311688313">
    <source href="assembly.xml#Variables"/>
    <target href="assembly.xml#Splitter00"/>
  </connections>
  <connections type="routesTo" sourceAnchorX="0.8376068376068376" sourceAnchorY="1.0" targetAnchorX="0.6355140186915887" targetAnchorY="0.2857142857142857">
    <source href="assembly.xml#ManualFile"/>
    <target href="assembly.xml#GetManualChangesXML"/>
  </connections>
  <connections type="routesTo" sourceAnchorX="0.9081081081081082" sourceAnchorY="1.0" targetAnchorX="0.0" targetAnchorY="0.18478260869565216">
    <source href="assembly.xml#//@beans/@mixed.1/@route.1/@subRoute.0"/>
    <target href="assembly.xml#CheckISUUpdates"/>
  </connections>
  <connections type="routesTo" sourceAnchorX="0.3780487804878049" sourceAnchorY="0.024" targetAnchorX="0.04672897196261682" targetAnchorY="0.2597402597402597">
    <source href="assembly.xml#CheckISUUpdates"/>
    <target href="assembly.xml#Splitter00"/>
  </connections>
  <connections type="routesTo">
    <source href="assembly.xml#//@beans/@mixed.1/@mixed.45/@mixed.3"/>
    <target href="assembly.xml#Call_Error_Message"/>
  </connections>
  <connections type="routesTo" sourceAnchorX="0.9573170731707317" sourceAnchorY="0.6" targetAnchorX="0.24607329842931938" targetAnchorY="0.21621621621621623">
    <source href="assembly.xml#//@beans/@mixed.1/@mixed.99/@mixed.3"/>
    <target href="assembly.xml#PutIntegrationMessage1"/>
  </connections>
  <connections type="routesResponseTo">
    <source href="assembly.xml#IntegrationFailCounts"/>
    <target href="assembly.xml#IntegrationWarningMessage"/>
  </connections>
  <connections type="routesTo" sourceAnchorX="1.0" sourceAnchorY="0.40540540540540543" targetAnchorX="0.12280701754385964" targetAnchorY="0.4574468085106383">
    <source href="assembly.xml#GetStateTaxData"/>
    <target href="assembly.xml#PrepareforGetWWSCall"/>
  </connections>
  <connections type="routesTo" sourceAnchorX="1.0" sourceAnchorY="0.3191489361702128" targetAnchorX="0.11320754716981132" targetAnchorY="0.35135135135135137">
    <source href="assembly.xml#PrepareforGetWWSCall"/>
    <target href="assembly.xml#GetWorkerStateTaxData"/>
  </connections>
  <connections type="routesTo" sourceAnchorX="1.0" sourceAnchorY="0.464" targetAnchorX="0.36548223350253806" targetAnchorY="0.512">
    <source href="assembly.xml#AsyncMediation0"/>
    <target href="assembly.xml#VariabletoXMLConversion"/>
  </connections>
  <connections type="routesTo" sourceAnchorX="0.8723404255319149" sourceAnchorY="1.0" targetAnchorX="0.2302158273381295" targetAnchorY="0.09574468085106383">
    <source href="assembly.xml#//@beans/@mixed.1/@splitter.2/@subRoute.0"/>
    <target href="assembly.xml#GetWWSCallData"/>
  </connections>
  <connections type="routesTo" sourceAnchorX="1.0" sourceAnchorY="0.14893617021276595" targetAnchorX="0.27439024390243905" targetAnchorY="0.4864864864864865">
    <source href="assembly.xml#GetWWSCallData"/>
    <target href="assembly.xml#CallProcessWorker"/>
  </connections>
  <connections type="routesTo" sourceAnchorX="1.0" sourceAnchorY="0.24" targetAnchorX="0.23026315789473684" targetAnchorY="0.35135135135135137">
    <source href="assembly.xml#ValidationMode"/>
    <target href="assembly.xml#WorkdayOutSoap"/>
  </connections>
  <connections type="routesTo" sourceAnchorX="1.0" sourceAnchorY="0.4411764705882353" targetAnchorX="0.5700934579439252" targetAnchorY="0.2532467532467532">
    <source href="assembly.xml#//@beans/@mixed.1/@route.2/@subRoute.0"/>
    <target href="assembly.xml#unwrap"/>
  </connections>
  <connections type="routesTo" sourceAnchorX="1.0" sourceAnchorY="0.24468085106382978" targetAnchorX="0.4146341463414634" targetAnchorY="0.2702702702702703">
    <source href="assembly.xml#No.Election.Data"/>
    <target href="assembly.xml#CallProcessWorker"/>
  </connections>
  <connections type="routesTo" sourceAnchorX="1.0" sourceAnchorY="0.20588235294117646" targetAnchorX="0.4502923976608187" targetAnchorY="0.23404255319148937">
    <source href="assembly.xml#//@beans/@mixed.1/@route.2/@subRoute.1"/>
    <target href="assembly.xml#No.Election.Data"/>
  </connections>
  <connections type="routesTo" sourceAnchorX="0.5609756097560976" sourceAnchorY="1.0" targetAnchorX="0.5445026178010471" targetAnchorY="0.7837837837837838">
    <source href="assembly.xml#//@beans/@mixed.1/@mixed.105/@mixed.3"/>
    <target href="assembly.xml#State_Tax_Data_Not_Found"/>
  </connections>
  <connections type="routesResponseTo" sourceAnchorX="0.27071823204419887" sourceAnchorY="1.0" targetAnchorX="0.3669064748201439" targetAnchorY="0.7837837837837838">
    <source href="assembly.xml#CallGetConnectorData"/>
    <target href="assembly.xml#CallManualFile"/>
  </connections>
  <connections type="routesResponseTo" sourceAnchorX="0.39568345323741005" sourceAnchorY="1.0" targetAnchorX="0.35570469798657717" targetAnchorY="0.9459459459459459">
    <source href="assembly.xml#CallManualFile"/>
    <target href="assembly.xml#Call_FinalizeLog"/>
  </connections>
  <connections type="routesTo" sourceAnchorX="1.0" sourceAnchorY="0.5294117647058824" targetAnchorX="0.07317073170731707" targetAnchorY="0.304">
    <source href="assembly.xml#//@beans/@mixed.1/@route.0/@subRoute.0"/>
    <target href="assembly.xml#Variables"/>
  </connections>
  <connections type="routesTo" sourceAnchorX="0.0" sourceAnchorY="0.072" targetAnchorX="0.43790849673202614" targetAnchorY="0.4056603773584906">
    <source href="assembly.xml#SubWriteAuditRowStep"/>
    <target href="assembly.xml#SubAuditAggregator"/>
  </connections>
  <connections type="routesResponseTo" sourceAnchorX="0.42105263157894735" sourceAnchorY="1.0" targetAnchorY="0.44">
    <source href="assembly.xml#WorkdayOutSoap"/>
    <target href="assembly.xml#AsyncMediation1"/>
  </connections>
  <connections type="routesTo" sourceAnchorX="0.0" sourceAnchorY="0.43333333333333335" targetAnchorX="0.6395939086294417" targetAnchorY="0.40540540540540543">
    <source href="assembly.xml#//@beans/@mixed.1/@mixed.35/@mixed.3"/>
    <target href="assembly.xml#Error_SplitterSubProcess"/>
  </connections>
  <connections type="routesTo" sourceAnchorX="0.5723684210526315" sourceAnchorY="1.0" targetAnchorX="0.4467005076142132" targetAnchorY="0.6216216216216216">
    <source href="assembly.xml#//@beans/@mixed.1/@mixed.65/@mixed.3"/>
    <target href="assembly.xml#Error_SplitterSubProcess"/>
  </connections>
  <connections type="routesTo" sourceAnchorX="1.0" sourceAnchorY="0.18085106382978725" targetAnchorX="0.04878048780487805" targetAnchorY="0.384">
    <source href="assembly.xml#Debug.Mode"/>
    <target href="assembly.xml#Variables"/>
  </connections>
  <connections type="routesTo" sourceAnchorX="1.0" sourceAnchorY="0.6486486486486487" targetAnchorX="0.4470588235294118" targetAnchorY="0.4594594594594595">
    <source href="assembly.xml#GetConnectorData"/>
    <target href="assembly.xml#GetEventDocuments"/>
  </connections>
  <connections type="routesResponseTo" sourceAnchorX="1.0" sourceAnchorY="0.4864864864864865" targetAnchorX="0.28313253012048195" targetAnchorY="0.046153846153846156">
    <source href="assembly.xml#GetWorkerStateTaxData"/>
    <target href="assembly.xml#Route0"/>
  </connections>
  <connections type="routesTo" sourceAnchorX="0.5368421052631579" sourceAnchorY="1.0" targetAnchorX="0.4263959390862944" targetAnchorY="0.4594594594594595">
    <source href="assembly.xml#//@beans/@mixed.1/@mixed.97/@mixed.3"/>
    <target href="assembly.xml#Error_SplitterSubProcess"/>
  </connections>
  <connections type="routesTo" sourceAnchorX="1.0" sourceAnchorY="0.232" targetAnchorX="0.504" targetAnchorY="0.584">
    <source href="assembly.xml#VariabletoXMLConversion"/>
    <target href="assembly.xml#ValidationMode"/>
  </connections>
  <connections type="routesTo" sourceAnchorX="1.0" sourceAnchorY="0.3235294117647059" targetAnchorX="0.25146198830409355" targetAnchorY="0.336">
    <source href="assembly.xml#//@beans/@mixed.1/@splitter.1/@subRoute.0"/>
    <target href="assembly.xml#AsyncMediation"/>
  </connections>
  <connections type="routesTo" sourceAnchorX="0.6320754716981132" sourceAnchorY="1.0" targetAnchorY="0.7567567567567568">
    <source href="assembly.xml#Initialization"/>
    <target href="assembly.xml#Call_Retrieval"/>
  </connections>
  <connections type="routesResponseTo" sourceAnchorX="0.6268656716417911" sourceAnchorY="1.0" targetAnchorX="0.3467741935483871" targetAnchorY="0.8648648648648649">
    <source href="assembly.xml#Call_Retrieval"/>
    <target href="assembly.xml#Integration-ValidationModeEnabled"/>
  </connections>
  <swimlanes x="31" y="1590" font="Arial|14|0" bgColor="12961221" fontColor="1" name="Get Existing State Tax Data for Processing Employees" alignment="MIDDLE">
    <elements href="assembly.xml#GetStateTaxData"/>
    <elements href="#//@swimlanes.4"/>
    <elements href="assembly.xml#GetWorkerStateTaxData"/>
    <elements href="assembly.xml#Route0"/>
    <elements href="#//@swimlanes.2"/>
  </swimlanes>
  <swimlanes x="835" y="1158" bgColor="11447982" name="Swimlane">
    <elements href="assembly.xml#unwrap"/>
    <elements href="assembly.xml#GetWWSCallData"/>
    <elements href="assembly.xml#CallProcessWorker"/>
  </swimlanes>
  <swimlanes x="1347" y="1247" bgColor="9276813" name="Swimlane" orientation="VERTICAL" elements="//@swimlanes.1 //@swimlanes.3"/>
  <swimlanes x="1425" y="1343" name="Swimlane">
    <elements href="assembly.xml#No.Election.Data"/>
  </swimlanes>
  <swimlanes x="199" y="1259" orientation="VERTICAL">
    <elements href="assembly.xml#PrepareforGetWWSCall"/>
    <elements href="assembly.xml#State_Tax_Data_Not_Found"/>
  </swimlanes>
  <swimlanes x="31" y="90" font="Arial|14|0" bgColor="16762566" fontColor="1" name="Initialization">
    <elements href="assembly.xml#StartHere"/>
    <elements href="#//@swimlanes.27"/>
    <elements href="#//@swimlanes.6"/>
    <elements href="#//@swimlanes.7"/>
  </swimlanes>
  <swimlanes x="629" y="107" name="" orientation="VERTICAL">
    <elements href="assembly.xml#CallGetConnectorData"/>
    <elements href="assembly.xml#CallManualFile"/>
    <elements href="assembly.xml#Call_FinalizeLog"/>
  </swimlanes>
  <swimlanes x="862" y="136" orientation="VERTICAL">
    <elements href="assembly.xml#IntegrationRecordCounts"/>
    <elements href="assembly.xml#IntegrationSuccessCounts"/>
    <elements href="assembly.xml#IntegrationFailCounts"/>
    <elements href="assembly.xml#IntegrationWarningMessage"/>
    <elements href="assembly.xml#CallPutIntegrationEvent"/>
  </swimlanes>
  <swimlanes x="25" y="564" font="Arial|14|0" bgColor="16755370" fontColor="1" name="Retrieval Subprocess" alignment="MIDDLE">
    <elements href="assembly.xml#SubRetrieveInput"/>
    <elements href="assembly.xml#Retrieve_GenerateDocument"/>
    <elements href="#//@swimlanes.9"/>
    <elements href="assembly.xml#Populate_HashSet"/>
  </swimlanes>
  <swimlanes x="589" y="598" orientation="VERTICAL">
    <elements href="assembly.xml#Splitter"/>
    <elements href="assembly.xml#PutIntegrationMessage"/>
  </swimlanes>
  <swimlanes x="37" y="935" font="Arial|14|0" bgColor="16763283" fontColor="1" name="Connector Retrieval Subprocess" orientation="VERTICAL" elements="//@swimlanes.11 //@swimlanes.23" alignment="MIDDLE"/>
  <swimlanes x="95" y="922" bgColor="16759225" name="">
    <elements href="assembly.xml#GetConnectorData"/>
    <elements href="assembly.xml#GetEventDocuments"/>
    <elements href="#//@swimlanes.25"/>
    <elements href="#//@swimlanes.12"/>
    <elements href="#//@swimlanes.15"/>
    <elements href="#//@swimlanes.14"/>
    <elements href="assembly.xml#CallGetStateTaxData"/>
  </swimlanes>
  <swimlanes x="582" y="945" name="" orientation="VERTICAL">
    <elements href="assembly.xml#Variables"/>
    <elements href="assembly.xml#PutIntegrationMessage0"/>
  </swimlanes>
  <swimlanes x="394" y="1347" name="">
    <elements href="assembly.xml#CheckISUUpdates"/>
    <elements href="assembly.xml#PutIntegrationMessage1"/>
  </swimlanes>
  <swimlanes x="1200" y="990" name="" orientation="VERTICAL">
    <elements href="assembly.xml#AsyncMediation"/>
    <elements href="assembly.xml#ReciprocityValidation"/>
  </swimlanes>
  <swimlanes x="966" y="1000" name="">
    <elements href="assembly.xml#Splitter00"/>
  </swimlanes>
  <swimlanes x="25" y="3176" font="Arial|14|0" bgColor="255" fontColor="1" name="Global Error Handler">
    <elements href="assembly.xml#//@beans/@mixed.1/@mixed.33"/>
    <elements href="assembly.xml#Call_Critical_Message"/>
    <elements href="assembly.xml#Call_Critical_Event"/>
  </swimlanes>
  <swimlanes x="37" y="3101" font="Arial|14|0" bgColor="33023" fontColor="1" name="Local Error Handler" alignment="MIDDLE">
    <elements href="assembly.xml#ErrorHandler"/>
    <elements href="assembly.xml#ErrorHandler_Step"/>
    <elements href="assembly.xml#Error_Message"/>
    <elements href="assembly.xml#Call_AuditError"/>
    <elements href="assembly.xml#Call_Error_Message"/>
  </swimlanes>
  <swimlanes x="31" y="2573" font="Arial|14|0" bgColor="3119103" fontColor="1" name="Finalize Log" alignment="MIDDLE">
    <elements href="assembly.xml#SubFinalizeLog"/>
    <elements href="assembly.xml#SubAuditAggregator"/>
    <elements href="assembly.xml#SubAuditStore"/>
    <elements href="assembly.xml#SubAudit_Log"/>
  </swimlanes>
  <swimlanes x="37" y="2822" font="Arial|14|0" bgColor="7846911" fontColor="1" name="Logging Subprocess" alignment="MIDDLE">
    <elements href="assembly.xml#SubWriteAuditRow"/>
    <elements href="assembly.xml#SubWriteAuditRowStep"/>
    <elements href="#//@decorations.1"/>
  </swimlanes>
  <swimlanes x="31" y="2185" font="Arial|14|0" bgColor="4259584" fontColor="1" name="Web Service Call Subprocess">
    <elements href="assembly.xml#ProcessWorker"/>
    <elements href="assembly.xml#AsyncMediation0"/>
    <elements href="#//@swimlanes.26"/>
    <elements href="#//@swimlanes.21"/>
    <elements href="#//@swimlanes.22"/>
    <elements href="assembly.xml#Call_AuditRow"/>
  </swimlanes>
  <swimlanes x="629" y="2713" name="" orientation="VERTICAL">
    <elements href="assembly.xml#ValidationMode"/>
    <elements href="assembly.xml#Error_SplitterSubProcess"/>
  </swimlanes>
  <swimlanes x="1070" y="2682" name="" orientation="VERTICAL">
    <elements href="assembly.xml#WorkdayOutSoap"/>
    <elements href="assembly.xml#AsyncMediation1"/>
  </swimlanes>
  <swimlanes x="58" y="1236" bgColor="16759739" name="Process Manual Connectot Input File">
    <elements href="assembly.xml#ManualFile"/>
    <elements href="assembly.xml#GetManualChangesXML"/>
    <elements href="#//@swimlanes.13"/>
  </swimlanes>
  <swimlanes x="25" y="79" font="Arial|14|0" fontColor="1" name="   Main Process" orientation="VERTICAL" elements="//@swimlanes.5 //@swimlanes.8 //@swimlanes.10 //@swimlanes.0 //@swimlanes.20 //@swimlanes.18 //@swimlanes.19 //@swimlanes.17 //@swimlanes.16" labelAlignment="LEFT"/>
  <swimlanes x="458" y="1027" orientation="VERTICAL">
    <elements href="assembly.xml#Route"/>
    <elements href="assembly.xml#Debug.Mode"/>
  </swimlanes>
  <swimlanes x="1032" y="1076" name="" orientation="VERTICAL">
    <elements href="assembly.xml#VariabletoXMLConversion"/>
  </swimlanes>
  <swimlanes x="194" y="199" orientation="VERTICAL">
    <elements href="assembly.xml#Initialization"/>
    <elements href="assembly.xml#Call_Retrieval"/>
    <elements href="assembly.xml#Integration-ValidationModeEnabled"/>
  </swimlanes>
</wdnm:Diagram>
