<?xml version="1.0" encoding="UTF-8"?>
<wdnm:Diagram xmlns:wdnm="http://workday.com/studio/editors/notation">
  <element href="assembly.xml#WorkdayAssembly"/>
  <visualProperties x="252" y="146">
    <element href="assembly.xml#StartHere"/>
  </visualProperties>
  <visualProperties x="368" y="162">
    <element href="assembly.xml#AsyncMediation"/>
  </visualProperties>
  <connections type="routesTo" sourceAnchorX="0.7339449541284404" sourceAnchorY="1.0" targetAnchorX="0.18110236220472442" targetAnchorY="0.5543478260869565">
    <source href="assembly.xml#StartHere"/>
    <target href="assembly.xml#AsyncMediation"/>
  </connections>
  <swimlanes x="232" y="107" name="Swimlane">
    <elements href="assembly.xml#StartHere"/>
    <elements href="assembly.xml#AsyncMediation"/>
  </swimlanes>
</wdnm:Diagram>
