<?xml version="1.0" encoding="UTF-8"?>
<beans
     xmlns="http://www.springframework.org/schema/beans"
     xmlns:beans="http://www.springframework.org/schema/beans"
     xmlns:atom="http://www.w3.org/2005/Atom"
     xmlns:cc="http://www.capeclear.com/assembly/10"
     xmlns:cloud="urn:com.workday/esb/cloud/10.0"
     xmlns:env="http://schemas.xmlsoap.org/soap/envelope/"
     xmlns:nyw="urn:com.netyourwork/aod"
     xmlns:pi="urn:com.workday/picof"
     xmlns:wd="urn:com.workday/bsvc"
     xmlns:xsi="http://www.w3.org/2001/XMLSchema-instance">
 
	<cc:assembly id="WorkdayAssembly" version="2023.15">
        <cc:workday-in id="StartHere" routes-to="Call-Initialize">
            <cc:integration-system name="INT5038 EY GMS Adhoc EE Tax Data Update Inbound">
        <cloud:param name="Validation Mode">
          <cloud:type>
            <cloud:simple-type>boolean</cloud:simple-type>
          </cloud:type>
          <cloud:default>
            <cloud:boolean>true</cloud:boolean>
          </cloud:default>
        </cloud:param>
        <cloud:attribute-map-service name="INT5038-Generic">
          <cloud:attribute name="Document Retention">
            <cloud:type>
              <cloud:simple-type>number</cloud:simple-type>
            </cloud:type>
            <cloud:display-option>required-for-launch</cloud:display-option>
          </cloud:attribute>
          <cloud:attribute name="Web Service Version">
            <cloud:type>
              <cloud:class-report-field description="Web Service API Version" type="WID" singular="true">643097491d2410000a9da38c99860026</cloud:class-report-field>
            </cloud:type>
            <cloud:display-option>required-for-launch</cloud:display-option>
          </cloud:attribute>
          <cloud:attribute name="Debug Mode">
            <cloud:type>
              <cloud:simple-type>boolean</cloud:simple-type>
            </cloud:type>
          </cloud:attribute>
          <cloud:map name="County Tax Authorities Map">
            <cloud:internal-type>
              <cloud:simple-type>text</cloud:simple-type>
            </cloud:internal-type>
            <cloud:external-type>
              <cloud:simple-type>text</cloud:simple-type>
            </cloud:external-type>
          </cloud:map>
          <cloud:map name="City Tax Authorities Map">
            <cloud:internal-type>
              <cloud:simple-type>text</cloud:simple-type>
            </cloud:internal-type>
            <cloud:external-type>
              <cloud:simple-type>text</cloud:simple-type>
            </cloud:external-type>
          </cloud:map>
        </cloud:attribute-map-service>
        <cloud:report-service name="INT5038-Reports">
          <cloud:report-alias description="INT5038 EY GMS Additional Jobs and Positions" name="INT5038_Report">
            <cloud:report-reference description="INT5038 EY GMS Additional Jobs and Positions" type="WID">b5f76785f13b100574e3d306d46c0000</cloud:report-reference>
          </cloud:report-alias>
        </cloud:report-service>
      </cc:integration-system>
        </cc:workday-in>
        <cc:local-in id="Initialize" routes-to="Initialization"/>
        <cc:async-mediation id="Initialization" routes-to="PIM-Validation">
            <cc:steps>
                <cc:eval id="LP">
                    <cc:expression>props['ErrorCount'] = 0;</cc:expression>
                    <cc:expression>props['lpValidationMode'] = lp.getSimpleData('Validation Mode');</cc:expression>
                    <cc:expression>props['current.dateTime'] = java.time.LocalDateTime.now();&#xD;
props['dateformat'] = java.time.format.DateTimeFormatter.ofPattern(&quot;yyyyMMdd_HHmmss&quot;);&#xD;
props['pFormattedCurrentDateTime'] =  props['dateformat'].format(props['current.dateTime']);</cc:expression>
                </cc:eval>
                <cc:eval id="Attr">
                    <cc:expression>props['pIntegrationID'] = intsys.getName();</cc:expression>
                    <cc:expression>props['pDocRetention'] = intsys.getAttribute('Document Retention');</cc:expression>
                    <cc:expression>props['pWSVersion'] = intsys.getAttribute('Web Service Version');</cc:expression>
                    <cc:expression>props['pDebugMode'] = (Boolean) intsys.getAttribute('Debug Mode');</cc:expression>
                </cc:eval>
                <cc:xslt-plus id="XsltPlus" output="variable" output-variable="vAttMapsDataXML" url="INT5038_Extract_Attributes_Mappings_v1.xsl"/>
                <cc:log id="Log">
                    <cc:log-message>
                        <cc:line-separator/>
                        <cc:line-separator/>
                        <cc:text>props['lpValidationMode']           = @{props['lpValidationMode']}&#xD;
props['pDocRetention']              = @{props['pDocRetention']}&#xD;
props['pWSVersion']                 = @{props['pWSVersion']}&#xD;
props['pDebugMode']                 = @{props['pDebugMode']}&#xD;
props['pIntegrationID']             = @{props['pIntegrationID']}&#xD;
props['pFormattedCurrentDateTime']  = @{props['pFormattedCurrentDateTime']}&#xD;
</cc:text>
                        <cc:line-separator/>
                    </cc:log-message>
                </cc:log>
            </cc:steps>
            <cc:send-error id="SendError" routes-to="PIM-InitErrors"/>
        </cc:async-mediation>
        <cc:local-out id="Call-Initialize" routes-response-to="Call-GetFiles" endpoint="vm://INT5038_EY_GMS_Adhoc_EE_Tax_Data_Update_Inbound/Initialize"/>
        <cc:local-out id="PIM-Validation" execute-when="props['lp.Validation.Mode']" endpoint="vm://wcc/PutIntegrationMessage">
            <cc:set name="is.message.severity" value="'INFO'"/>
            <cc:set name="is.message.summary" value="'Program launched in Validation mode, the input file data will not be loaded, only validated!'"/>
        </cc:local-out>
        <cc:local-out id="PIM-InitErrors" endpoint="vm://wcc/PutIntegrationMessage">
            <cc:set name="is.message.severity" value="'ERROR'"/>
            <cc:set name="is.message.summary" value="'Error occurred at - '#context.errorComponentId#'. Error Message : '#util.cleanString(context.errorMessage)"/>
            
        <cc:set name="is.message.detail" value="context.errorMessage"/></cc:local-out>
        <cc:local-in id="GetFiles" routes-to="HandleGetDocError"/>
        <cc:async-mediation id="HandleGetDocError" routes-to="GetEventDocuments">
            <cc:steps>
                <cc:eval id="Eval">
                    <cc:expression>vars['wd.retrieve.variable'] = null;</cc:expression>
                    <cc:expression>props['close.input.stacker'] = false;</cc:expression></cc:eval>
            </cc:steps>
            <cc:send-error id="SendError" routes-to="PIM-GetFileError"/>
        </cc:async-mediation>
        <cc:local-out id="PIM-GetFileError" endpoint="vm://wcc/PutIntegrationMessage">
            <cc:set name="is.message.severity" value="'ERROR'"/>
            <cc:set name="is.message.summary" value="'Error occurred at - '#context.errorComponentId#'. Error Message : '#util.cleanString(context.errorMessage)"/>
            
        <cc:set name="is.message.detail" value="context.errorMessage"/></cc:local-out>
        <cc:local-out id="GetEventDocuments" routes-response-to="Check.File.Count" endpoint="vm://wcc/GetEventDocuments">
            <cc:set name="ie.event.wid" value="lp.isSet() ? lp.getIntegrationEventWID() : null"/>
        </cc:local-out>
        <cc:async-mediation id="Check.File.Count" routes-to="DocIterator">
            <cc:steps>
                <cc:eval id="Eval">
                    <cc:expression>props['pNumberOfFiles'] = da.size();</cc:expression>
                    <cc:expression>props['pFileNum'] = 0;</cc:expression></cc:eval>
                <cc:validate-exp id="ValidateExp">
                    <cc:expression failure-message="Input files are not retrieved for further processing.">props['pNumberOfFiles'] > 0</cc:expression>
                </cc:validate-exp>
            </cc:steps>
            <cc:send-error id="SendError" routes-to="PIM-Failformorefiles"/>
        </cc:async-mediation>
        <cc:local-out id="PIM-Failformorefiles" routes-response-to="AbortInt1" endpoint="vm://wcc/PutIntegrationMessage">
            <cc:set name="is.message.severity" value="'ERROR'"/>
            <cc:set name="is.message.summary" value="'Error occurred at - '#context.errorComponentId#'. Error Message : '#util.cleanString(context.errorMessage)"/>
            
        <cc:set name="is.message.detail" value="context.errorMessage"/></cc:local-out>
        <cc:async-mediation id="AbortInt1">
            <cc:steps>
                <cc:eval id="Eval">
                    <cc:expression>context.setAbort(true);</cc:expression>
                </cc:eval>
            </cc:steps>
        </cc:async-mediation>
        <cc:route id="DocIterator">
            <cc:doc-iterator labels="INT5038_TaxElections_File"/>
            <cc:sub-route name="TaxElections" routes-to="Transform.TaxElections.Input"/>
        </cc:route>
        <cc:local-in id="CloseInputAgg" routes-to="AggregateInput"/>
        <cc:aggregator id="AggregateInput" routes-to="Store.Input.Data" collate-when="!props['close.input.stacker']" force-batch-on-last-message="false" force-batch-when="props['close.input.stacker']">
            <cc:size-batch-strategy batch-size="-1"/>
            <cc:xml-message-content-collater output="message">
        <cc:header-text>&lt;InputFiles></cc:header-text>
        <cc:footer-text>&lt;/InputFiles></cc:footer-text>
      </cc:xml-message-content-collater>
        </cc:aggregator>
        <cc:local-out id="PIM-InputStoreError" routes-response-to="AbortInt3" endpoint="vm://wcc/PutIntegrationMessage">
            <cc:set name="is.message.severity" value="'ERROR'"/>
            <cc:set name="is.message.summary" value="'Error occurred at - '#context.errorComponentId#'. Error Message : '#util.cleanString(context.errorMessage)"/>
            <cc:set name="is.message.detail" value="context.errorMessage"/>
        </cc:local-out>
        <cc:async-mediation id="AbortInt3">
            <cc:steps>
                <cc:eval id="Eval">
                    <cc:expression>context.setAbort(true);</cc:expression>
                </cc:eval>
            </cc:steps>
        </cc:async-mediation>
        <cc:async-mediation id="Store.Input.Data">
            <cc:steps>
                <cc:store execute-when="props['pDebugMode']" id="Store" output="variable" output-variable="vInputDataXMLStore" input="message" createDocumentReference="true" expiresIn="P@{props['pDocRetention']}D" title="INT5038_Input_Files_Data.xml"/>
                <cc:copy id="Copy" output="variable" output-variable="vInputDataXML" input="message"/>
                <cc:eval id="Eval">
                    <cc:expression>props['pTaxElectionsRowCount'] = 0;</cc:expression>
                    <cc:expression>props['pTaxElectionsRowCount'] = parts[0].xpath('count(/InputFiles/TaxElections/DataRow)');</cc:expression>
                </cc:eval>
                <cc:validate-exp id="ValidateExp">
                    <cc:expression failure-message="Input file(s) does not have valid data rows for processing hence aborting.">props['pTaxElectionsRowCount'] > 0</cc:expression>
                </cc:validate-exp>
            </cc:steps>
            <cc:send-error id="SendError" routes-to="PIM-InputStoreError"/>
        </cc:async-mediation>
        <cc:send-error id="global-error-handler" rethrow-error="false" routes-to="Note-Error"/>
        <cc:local-out id="Note-Error" endpoint="vm://wcc/PutIntegrationMessage">
            <cc:set name="is.message.severity" value="'CRITICAL'"/>
            <cc:set name="is.message.summary" value="context.errorMessage"/>
        </cc:local-out>
        <cc:local-out id="Call-GetFiles" routes-response-to="Call-CloseInputAgg" endpoint="vm://INT5038_EY_GMS_Adhoc_EE_Tax_Data_Update_Inbound/GetFiles"/>
        <cc:local-out id="Call-CloseInputAgg" routes-response-to="Call-GetWorkersData" endpoint="vm://INT5038_EY_GMS_Adhoc_EE_Tax_Data_Update_Inbound/CloseInputAgg"><cc:set name="close.input.stacker" value="true"/></cc:local-out>
        <cc:local-in id="AggData" routes-to="Agg.Data"/>
        <cc:async-mediation id="Agg.Data" routes-to="Stacker.Route" handle-downstream-errors="true">
            <cc:steps>
                <cc:eval id="Eval">
                    <cc:expression>props['close.stacker'] = false;</cc:expression>
                </cc:eval>
            </cc:steps>
            <cc:send-error id="SendError" routes-to="PIM-AggDataErrors"/>
        </cc:async-mediation>
        <cc:local-out id="PIM-AggDataErrors" endpoint="vm://wcc/PutIntegrationMessage">
            <cc:set name="is.message.severity" value="'ERROR'"/>
            <cc:set name="is.message.summary" value="'Error occurred at - '#context.errorComponentId#'. Error Message : '#util.cleanString(context.errorMessage)"/>
            <cc:set name="is.message.detail" value="context.errorMessage"/>
        </cc:local-out>
        <cc:route id="Stacker.Route">
            <cc:all-strategy/>
            <cc:sub-route name="InputData" routes-to="Input.Data"/>
            <cc:sub-route name="EmployeeData" routes-to="Employee.Data"/>
            <cc:sub-route name="MapsData" routes-to="Maps.Data"/>
        </cc:route>
        <cc:async-mediation id="Employee.Data" routes-to="FileInputsAggregator">
            <cc:steps>
                <cc:copy id="VarToMsg" input="variable" input-variable="vEmployeeDataXML"/>
            </cc:steps>
        </cc:async-mediation>
        <cc:async-mediation id="Input.Data" routes-to="FileInputsAggregator">
            <cc:steps>
                <cc:copy id="VarToMsg" input="variable" input-variable="vInputDataXML"/>
            </cc:steps>
        </cc:async-mediation>
        <cc:aggregator id="FileInputsAggregator" routes-to="Prepare.Master.Data" collate-when="true" force-batch-on-last-message="false" force-batch-when="props['close.stacker']">
            <cc:size-batch-strategy batch-size="5"/>
            <cc:xml-message-content-collater output="variable" output-variable="vAggregatedDataXML">
        <cc:header-text>&lt;MasterRoot></cc:header-text>
        <cc:footer-text>&lt;/MasterRoot></cc:footer-text>
      </cc:xml-message-content-collater>
        </cc:aggregator>
        <cc:async-mediation id="Prepare.Master.Data" routes-to="PIM-StoreMasterData" handle-downstream-errors="true">
            <cc:steps>
                <cc:store id="Store1" output="variable" output-variable="vAggregatedDataXMLStore" input="variable" input-variable="vAggregatedDataXML" createDocumentReference="true" expiresIn="P@{props['pDocRetention']}D" title="INT5038_Aggreagated_Data.xml"/>
                <cc:copy id="Copy" input="variable" input-variable="vAggregatedDataXML"/>
                <cc:xslt-plus id="MasterPrep" output="message" input="message" url="INT5038_Prepare_MasterData_v2.xsl"/>
                <cc:xslt-plus id="XsltPlus" output="variable" output-variable="vMasterDataXML" url="INT5038_Validation_Errors_v1.xsl"/>
                <cc:store id="Store2" output="variable" output-mimetype="application/pdf" output-variable="vMasterDataXMLStore" input="variable" input-variable="vMasterDataXML" createDocumentReference="true" expiresIn="P@{props['pDocRetention']}D" title="INT5038_Master_Data.xml"/>
            </cc:steps>
            <cc:send-error id="SendError" rethrow-error="true" routes-to="PIM-PrepareMasterErrors"/>
        </cc:async-mediation>
        <cc:local-out id="PIM-PrepareMasterErrors" endpoint="vm://wcc/PutIntegrationMessage">
            <cc:set name="is.message.severity" value="'ERROR'"/>
            <cc:set name="is.message.summary" value="'Error occurred at - '#context.errorComponentId#'. Error Message : '#util.cleanString(context.errorMessage)"/>
            <cc:set name="is.message.detail" value="context.errorMessage"/>
        </cc:local-out>
        <cc:async-mediation id="Maps.Data" routes-to="FileInputsAggregator">
            <cc:steps>
                <cc:eval id="Eval">
                    <cc:expression>props['close.stacker'] = true;</cc:expression>
                </cc:eval>
                <cc:copy id="VarToMsg" input="variable" input-variable="vAttMapsDataXML"/>
            </cc:steps>
        </cc:async-mediation>
        <cc:local-out id="Call-AggData" routes-response-to="Call-ProcessData" endpoint="vm://INT5038_EY_GMS_Adhoc_EE_Tax_Data_Update_Inbound/AggData"/>
        <cc:local-out id="PIM-StoreMasterData" endpoint="vm://wcc/PutIntegrationMessage">
            <cc:set name="is.message.severity" value="'INFO'"/>
            <cc:set name="is.message.summary" value="'Master Data File Stored Successfully.'"/>
            <cc:set name="is.document.variable.name" value="&quot;vMasterDataXMLStore&quot;"/>
            <cc:set name="is.document.file.name" value="&quot;INT5038_Master_Data.xml&quot;"/>
            
        </cc:local-out>
        <cc:local-in id="ProcessData" routes-to="Copy.Master.Data"/>
        <cc:async-mediation id="Copy.Master.Data" routes-to="Splitter" handle-downstream-errors="true">
            <cc:steps>
                <cc:copy id="Copy" input="variable" input-variable="vMasterDataXML"/>
                <cc:eval id="Eval">
                    <cc:expression>props['close.agg.audit.data'] = false;</cc:expression>
                    <cc:expression>props['ErrorCount'] = props['ErrorCount'] + parts[0].xpath(&quot;count(/Root/DataRows/DataRow/Status)&quot;);</cc:expression>
                </cc:eval>
            </cc:steps>
            <cc:send-error id="SendError" routes-to="PIM-CopyErrors"/>
        </cc:async-mediation>
        <cc:splitter id="Splitter" no-split-message-error="false">
            <cc:sub-route name="SubRoute" routes-to="AsyncMediation"/>
            <cc:xml-stream-splitter xpath="/Root/DataRows/DataRow"/>
        </cc:splitter>
        <cc:local-out id="PIM-CopyErrors" endpoint="vm://wcc/PutIntegrationMessage">
            <cc:set name="is.message.severity" value="'ERROR'"/>
            <cc:set name="is.message.summary" value="'Error occurred at - '#context.errorComponentId#'. Error Message : '#util.cleanString(context.errorMessage)"/>
            <cc:set name="is.message.detail" value="context.errorMessage"/>
        </cc:local-out>
        <cc:local-out id="Call-ProcessData" routes-response-to="Call-CloseAggAuditData" endpoint="vm://INT5038_EY_GMS_Adhoc_EE_Tax_Data_Update_Inbound/ProcessData"/>
        <cc:local-out id="Call-CloseAggAuditData" routes-response-to="Set.Int.Status" endpoint="vm://INT5038_EY_GMS_Adhoc_EE_Tax_Data_Update_Inbound/CloseAggAuditData"><cc:set name="close.agg.audit.data" value="true"/></cc:local-out>
        <cc:async-mediation id="Transform.TaxElections.Input" routes-to="AggregateInput" handle-downstream-errors="true">
            <cc:steps>
                <cc:eval id="Eval">
                    <cc:expression>vars['vTaxElectionsData'] = da.getDocsMatching('INT5038_TaxElections_File');</cc:expression>
                    <cc:expression>props['pNumberOfTaxFiles'] = da.size('INT5038_TaxElections_File');</cc:expression>
                    <cc:expression>props['pFileNum'] = props['pFileNum'] + 1;</cc:expression>
                </cc:eval>
                <cc:validate-exp id="ValidateExp">
                    <cc:expression failure-message="Tax Election File is not available for further processing.">props['pNumberOfTaxFiles'] > 0</cc:expression>
                </cc:validate-exp>
                <cc:copy id="Copy" output-mimetype="text/plain" input="variable" input-variable="vTaxElectionsData"/>
                <cc:csv-to-xml id="CsvToXml" input="message" colNames="RowText" format="rfc4180" rootName="File" rowName="Row" useFirstLineAsHeader="false"/>
                <cc:xslt-plus id="XsltPlus" url="INT5038_Transform_TaxElections_Data_v2.xsl"/>
            </cc:steps>
            <cc:send-error id="SendError" routes-to="PIM-Transforms-Errors2"/>
        </cc:async-mediation>
        <cc:local-out id="PIM-Transforms-Errors2" routes-response-to="AbortInt2" endpoint="vm://wcc/PutIntegrationMessage">
            <cc:set name="is.message.severity" value="'ERROR'"/>
            <cc:set name="is.message.summary" value="'Error occurred at - '#context.errorComponentId#'. Error Message : '#util.cleanString(context.errorMessage)"/>
            <cc:set name="is.message.detail" value="context.errorMessage"/>
        </cc:local-out>
        <cc:async-mediation id="AbortInt2">
            <cc:steps>
                <cc:eval id="Eval">
                    <cc:expression>context.setAbort(true);</cc:expression>
                </cc:eval>
            </cc:steps>
        </cc:async-mediation>
        <cc:local-in id="GetWorkersData" routes-to="Get.Worker.Data"/>
        <cc:local-out id="Call-GetWorkersData" routes-response-to="Call-AggData" endpoint="vm://INT5038_EY_GMS_Adhoc_EE_Tax_Data_Update_Inbound/GetWorkersData"/>
        <cc:route id="Route">
            <cc:all-strategy/>
            <cc:sub-route name="AddFederalElection" routes-to="Call-AddFederalElection"/>
            <cc:sub-route name="AddFICAMedElections" routes-to="Call-AddFICAMedicare"/>
            <cc:sub-route name="AddFICAOASDIElections" routes-to="Call-AddFICAOASDI"/>
            <cc:sub-route name="AddStateTaxElections" routes-to="Call-AddStateTaxElections"/>
        </cc:route>
        <cc:local-in id="AddFICAMedicare" routes-to="Prepare.FICA.Med.Update.Request"/>
        <cc:local-in id="AggAuditData" routes-to="Prepare.Audit"/>
        <cc:local-out id="Call-AddFICAMedicare" execute-when="props['pTaxState'] == '$U'" endpoint="vm://INT5038_EY_GMS_Adhoc_EE_Tax_Data_Update_Inbound/AddFICAMedicare"><cc:set name="pTransactionType" value="'FICA Medicare'"/></cc:local-out>
        <cc:async-mediation id="Prepare.FICA.Med.Update.Request" routes-to="PutFICAWS" handle-downstream-errors="true">
            <cc:steps>
                <cc:copy id="Copy" input="variable" input-variable="Current.Data.Row.XML"/>
                <cc:eval id="Eval">
                    <cc:expression>props['FICAStatusEE'] = '';</cc:expression>
                    <cc:expression>props['FICAStatusEE'] = parts[0].xpath('DataRow/TaxElectionData/FICAStatus');</cc:expression>
                </cc:eval>
                <cc:xslt-plus id="XsltPlus" input="message" url="INT5038_Put_Payroll_Payee_FICA_Request_v1.xsl"/>
                <cc:wrap-soap id="WrapSoap"/>
                <cc:store id="Store" output="variable" output-variable="vPutPayrollPayeeFICAMEDRequest" expiresIn="P@{props['pDocRetention']}D" title="@{props['ProcessingEmployeeID']}_INT5038_Put_Payroll_Payee_FICA_Medicare_Request.xml"/>
                <cc:validate-exp id="ValidateExp">
                    <cc:expression failure-message="The input flag value is not E hence FICA Exempt Elections are not required.">props['FICAStatusEE'] == 'E'</cc:expression>
                </cc:validate-exp>
                <cc:set-headers execute-when="props['lpValidationMode']" id="ValidationOn">
                    <cc:remove-headers/>
                    <cc:add-headers>
                        <cc:add-header name="X-Validate-Only" value="1"/>
                    </cc:add-headers>
                </cc:set-headers>
            </cc:steps>
            <cc:send-error id="SendError" routes-to="Audit.Errors.5"/>
        </cc:async-mediation>
        <cc:aggregator id="AdjustAggregator" routes-to="Store.Audit" collate-when="!props['close.agg.audit.data']" force-batch-on-last-message="false" force-batch-when="props['close.agg.audit.data']">
            <cc:size-batch-strategy batch-size="-1"/>
            <cc:xml-message-content-collater>
        <cc:header-text>&lt;Root></cc:header-text>
        <cc:footer-text>&lt;/Root></cc:footer-text>
      </cc:xml-message-content-collater>
        </cc:aggregator>
        <cc:local-in id="CloseAggAuditData" routes-to="AdjustAggregator"/>
        <cc:async-mediation id="AsyncMediation" routes-to="Route" handle-downstream-errors="true">
            <cc:steps>
                <cc:copy id="Copy" output="variable" output-variable="Current.Data.Row.XML"/>
                <cc:eval id="Eval">
                    <cc:expression>props['ProcessingEmployeeID'] = '';</cc:expression>
                    <cc:expression>props['ProcessingEmployeeID'] = parts[0].xpath('DataRow/TaxElectionData/TaxInputEmployeeID');</cc:expression>
                    <cc:expression>props['pTaxState'] = parts[0].xpath('DataRow/TaxElectionData/TaxState');</cc:expression>
                    <cc:expression>props['ValidationErrorExists'] = false;</cc:expression>
                    <cc:expression>props['ValidationErrorExists'] = parts[0].xpathB('/DataRow/Status');</cc:expression>
                    <cc:expression>props['pStatus'] = parts[0].xpath('/DataRow/Status');</cc:expression>
                    <cc:expression>props['pErrorMessage'] = parts[0].xpath('/DataRow/ErrorMessage');</cc:expression>
                </cc:eval>
                <cc:validate-exp id="ValidateExp">
                    <cc:expression failure-message="@{props['pErrorMessage']}">props['ValidationErrorExists'] == false</cc:expression>
                </cc:validate-exp>
            </cc:steps>
            <cc:send-error id="SendError" routes-to="Call-AggAuditData01"/>
        </cc:async-mediation>
        <cc:local-out id="Call-AggAuditData01" endpoint="vm://INT5038_EY_GMS_Adhoc_EE_Tax_Data_Update_Inbound/AggAuditData"><cc:set name="ProcessingStatus" value="props['pStatus']"/><cc:set name="ProcessingMessage" value="context.errorMessage"/></cc:local-out>
        <cc:async-mediation id="Prepare.Audit" routes-to="AdjustAggregator">
            <cc:steps>
                <cc:xslt-plus id="XsltPlus" input="variable" input-variable="Current.Data.Row.XML" url="INT5038_Prepare_Audit_Data_v1.xsl"/>
            </cc:steps>
            <cc:send-error id="SendError" routes-to="PIM-PrepareAuditErrors"/>
        </cc:async-mediation>
        <cc:local-out id="PIM-PrepareAuditErrors" endpoint="vm://wcc/PutIntegrationMessage">
            <cc:set name="is.message.severity" value="'ERROR'"/>
            <cc:set name="is.message.summary" value="'Error occurred at - '#context.errorComponentId#'. Error Message : '#util.cleanString(context.errorMessage)"/>
            <cc:set name="is.message.detail" value="context.errorMessage"/>
        </cc:local-out>
        <cc:async-mediation id="Store.Audit" routes-to="PIM-Store-Audit">
            <cc:steps>
                <cc:store id="Store" output="variable" output-variable="pAuditStoreXML" expiresIn="P@{props['pDocRetention']}D" title="INT5038_Audit_Data.xml"/>
                <cc:xslt-plus id="XsltPlus" url="INT5038_Prepare_Final_Audit_v1.xsl"/>
                <cc:xml-to-csv id="XmlToCsv" format="rfc4180"/>
                <cc:text-excel id="TextExcel" output-mimetype="application/vnd.openxmlformats-officedocument.spreadsheetml.sheet" excelstyle="sheet" style="text2excel"/>
                <cc:store id="Store0" output="variable" output-variable="vAuditDataStore" createDocumentReference="false" expiresIn="P@{props['pDocRetention']}D" title="INT5038_Adhoc_Tax_Election_Audit_Log_@{props['pFormattedCurrentDateTime']}.xlsx"/>
            </cc:steps>
            <cc:send-error id="SendError" routes-to="PIM-Store-Final-Audit-Data-Errors"/>
        </cc:async-mediation>
        <cc:local-out id="Call-AggAuditData14" endpoint="vm://INT5038_EY_GMS_Adhoc_EE_Tax_Data_Update_Inbound/AggAuditData">
            <cc:set name="ProcessingStatus" value="'Skipped'"/>
            <cc:set name="ProcessingMessage" value="context.errorMessage"/>
        </cc:local-out>
        <cc:workday-out-soap id="PutFICAWS" routes-response-to="Prepare.FICA.Med.Update.Response" application="Payroll" version="@{props['pWSVersion']}"/>
        <cc:async-mediation id="Prepare.FICA.Med.Update.Response" routes-to="Call-AggAuditData16" handle-downstream-errors="true">
            <cc:steps>
                <cc:set-headers id="ValidationOff">
                    <cc:remove-headers>
                        <cc:remove-header name="X-Validate-Only"/>
                    </cc:remove-headers>
                    <cc:add-headers>
                        
                    </cc:add-headers>
                </cc:set-headers>
                <cc:store id="Store0" output="variable" output-variable="vPutPayrollPayeeFICAMEDResponse" expiresIn="P@{props['pDocRetention']}D" title="@{props['ProcessingEmployeeID']}_INT5038_Put_Payroll_Payee_FICA_Medicare_Response.xml"/>
                <cc:eval id="Eval">
                    <cc:expression>props['PayeeFICAReferenceWID'] = '';</cc:expression>
                    <cc:expression>props['PayeeFICAReferenceWID'] = parts[0].xpath(&quot;/env:Envelope/env:Body/wd:Put_Payroll_Payee_FICA_Response/wd:Payroll_Payee_FICA_Reference/wd:ID[@wd:type='WID']&quot;);</cc:expression>
                </cc:eval>
                <cc:validate-exp execute-when="props['lpValidationMode'] == false" id="ValidateExp">
                    <cc:expression failure-message="@{context.errorMessage}">props['PayeeFICAReferenceWID'] != ''</cc:expression>
                </cc:validate-exp>
            </cc:steps>
            <cc:send-error id="SendError" rethrow-error="false" routes-to="Call-AggAuditData15"/>
        </cc:async-mediation>
        <cc:local-out id="Call-AggAuditData15" endpoint="vm://INT5038_EY_GMS_Adhoc_EE_Tax_Data_Update_Inbound/AggAuditData">
            <cc:set name="ProcessingStatus" value="'Error'"/>
            <cc:set name="ProcessingMessage" value="'Error in adding the FICA Medicare Elections - ' + context.errorMessage"/>
        </cc:local-out>
        <cc:local-out id="Call-AggAuditData16" endpoint="vm://INT5038_EY_GMS_Adhoc_EE_Tax_Data_Update_Inbound/AggAuditData">
            <cc:set name="ProcessingStatus" value="'Success'"/>
            <cc:set name="ProcessingMessage" value="'FICA Medicare Elections are successfully added. Refer the event with - ' + props['PayeeFICAReferenceWID']"/>
        </cc:local-out>
        <cc:local-in id="AddFICAOASDI" routes-to="Prepare.FICA.OASDI.Update.Request"/>
        <cc:async-mediation id="Prepare.FICA.OASDI.Update.Request" routes-to="PutFICAOASDIWS" handle-downstream-errors="true">
            <cc:steps>
                <cc:copy id="Copy" input="variable" input-variable="Current.Data.Row.XML"/>
                <cc:eval id="Eval">
                    <cc:expression>props['FICAStatusEE'] = '';</cc:expression>
                    <cc:expression>props['FICAStatusEE'] = parts[0].xpath('DataRow/TaxElectionData/FICAStatus');</cc:expression>
                </cc:eval>
                <cc:xslt-plus id="XsltPlus" input="message" url="INT5038_Put_Payroll_Payee_FICA_OASDI_Request_v1.xsl"/>
                <cc:wrap-soap id="WrapSoap"/>
                <cc:store id="Store" output="variable" output-variable="vPutPayrollPayeeFICAOASDIRequest" expiresIn="P@{props['pDocRetention']}D" title="@{props['ProcessingEmployeeID']}_INT5038_Put_Payroll_Payee_FICA_OASDI_Request.xml"/>
                <cc:validate-exp id="ValidateExp">
                    <cc:expression failure-message="The input flag value is not E hence FICA Exempt Elections are not required.">props['FICAStatusEE'] == 'E'</cc:expression>
                </cc:validate-exp>
                <cc:set-headers execute-when="props['lpValidationMode']" id="ValidationOn">
                    <cc:remove-headers/>
                    <cc:add-headers>
                        <cc:add-header name="X-Validate-Only" value="1"/>
                    </cc:add-headers>
                </cc:set-headers>
            </cc:steps>
            <cc:send-error id="SendError" routes-to="Audit.Errors.7"/>
        </cc:async-mediation>
        <cc:local-out id="Call-AggAuditData17" endpoint="vm://INT5038_EY_GMS_Adhoc_EE_Tax_Data_Update_Inbound/AggAuditData">
            <cc:set name="ProcessingStatus" value="'Skipped'"/>
            <cc:set name="ProcessingMessage" value="context.errorMessage"/>
        </cc:local-out>
        <cc:workday-out-soap id="PutFICAOASDIWS" routes-response-to="Prepare.FICA.OASDI.Update.Response" application="Payroll" version="@{props['pWSVersion']}"/>
        <cc:async-mediation id="Prepare.FICA.OASDI.Update.Response" routes-to="Call-AggAuditData19" handle-downstream-errors="true">
            <cc:steps>
                <cc:set-headers id="ValidationOff">
                    <cc:remove-headers>
                        <cc:remove-header name="X-Validate-Only"/>
                    </cc:remove-headers>
                    <cc:add-headers>
                        
                    </cc:add-headers>
                </cc:set-headers>
                <cc:store id="Store0" output="variable" output-variable="vPutPayrollPayeeFICAOASDIResponse" expiresIn="P@{props['pDocRetention']}D" title="@{props['ProcessingEmployeeID']}_INT5038_Put_Payroll_Payee_FICA_OASDI_Response.xml"/>
                <cc:eval id="Eval">
                    <cc:expression>props['PayeeFICAOASDIReferenceWID'] = '';</cc:expression>
                    <cc:expression>props['PayeeFICAOASDIReferenceWID'] = parts[0].xpath(&quot;/env:Envelope/env:Body/wd:Put_Payroll_Payee_FICA_Response/wd:Payroll_Payee_FICA_Reference/wd:ID[@wd:type='WID']&quot;);</cc:expression>
                </cc:eval>
                <cc:validate-exp execute-when="props['lpValidationMode'] == false" id="ValidateExp">
                    <cc:expression failure-message="@{context.errorMessage}">props['PayeeFICAReferenceWID'] != ''</cc:expression>
                </cc:validate-exp>
            </cc:steps>
            <cc:send-error id="SendError" rethrow-error="false" routes-to="Call-AggAuditData18"/>
        </cc:async-mediation>
        <cc:local-out id="Call-AggAuditData18" endpoint="vm://INT5038_EY_GMS_Adhoc_EE_Tax_Data_Update_Inbound/AggAuditData">
            <cc:set name="ProcessingStatus" value="'Error'"/>
            <cc:set name="ProcessingMessage" value="'Error in adding the FICA OASDI Elections - ' + context.errorMessage"/>
        </cc:local-out>
        <cc:local-out id="Call-AggAuditData19" endpoint="vm://INT5038_EY_GMS_Adhoc_EE_Tax_Data_Update_Inbound/AggAuditData">
            <cc:set name="ProcessingStatus" value="'Success'"/>
            <cc:set name="ProcessingMessage" value="'FICA OASDI Elections are successfully added. Refer the event with - ' + props['PayeeFICAOASDIReferenceWID']"/>
        </cc:local-out>
        <cc:local-out id="PIM-Store-Audit" endpoint="vm://wcc/PutIntegrationMessage">
            <cc:set name="is.message.severity" value="'INFO'"/>
            <cc:set name="is.message.summary" value="'Audit file has been stored successfully.'"/>
            <cc:set name="is.document.variable.name" value="'vAuditDataStore'"/>
            <cc:set name="is.document.file.name" value="'INT5038_Adhoc_Tax_Election_Audit_Log_' + props['pFormattedCurrentDateTime'] + '.xlsx'"/>
            <cc:set name="is.document.deliverable" value="'true'"/>
            <cc:set name="is.document.labels" value="'INT5038_Auditlog_File'"/>
        </cc:local-out>
        <cc:local-out id="PIM-Store-Final-Audit-Data-Errors" endpoint="vm://wcc/PutIntegrationMessage">
            <cc:set name="is.message.severity" value="'ERROR'"/>
            <cc:set name="is.message.summary" value="'Error occurred at - '#context.errorComponentId#'. Error Message : '#util.cleanString(context.errorMessage)"/>
            <cc:set name="is.message.detail" value="context.errorMessage"/>
        </cc:local-out>
        <cc:async-mediation id="Get.Worker.Data" routes-to="EmpData" handle-downstream-errors="true">
            <cc:steps>
                <cc:eval id="Eval">
                    <cc:expression>props['pExtraPath'] = intsys.reportService.getExtrapath('INT5038_Report');</cc:expression>
                </cc:eval>
            </cc:steps>
            <cc:send-error id="SendError" routes-to="PIM-RptExecErrors"/>
        </cc:async-mediation>
        <cc:local-out id="PIM-RptExecErrors" endpoint="vm://wcc/PutIntegrationMessage">
            <cc:set name="is.message.severity" value="'ERROR'"/>
            <cc:set name="is.message.summary" value="'Error occurred at - '#context.errorComponentId#'. Error Message : '#util.cleanString(context.errorMessage)"/>
            <cc:set name="is.message.detail" value="context.errorMessage"/>
        </cc:local-out>
        <cc:workday-out-rest id="EmpData" routes-response-to="CustomRpt.Output.Worker" extra-path="@{props['pExtraPath']}"/>
        <cc:async-mediation id="CustomRpt.Output.Worker">
            <cc:steps>
                <cc:xslt-plus id="XsltPlus" output="variable" output-variable="vEmployeeDataXML" url="INT5038_Transform_Employee_Data_v1.xsl"/>
                <cc:store execute-when="props['pDebugMode']" id="Store" output="variable" output-variable="vEmployeeDataXMLStore" input="variable" input-variable="vEmployeeDataXML" expiresIn="P@{props['pDocRetention']}D" title="INT5038_Workday_Employee_Data.xml"/>
            </cc:steps>
            <cc:send-error id="SendError" routes-to="PIM-RptTransformErrors"/>
        </cc:async-mediation>
        <cc:local-out id="PIM-RptTransformErrors" endpoint="vm://wcc/PutIntegrationMessage">
            <cc:set name="is.message.severity" value="'ERROR'"/>
            <cc:set name="is.message.summary" value="'Error occurred at - '#context.errorComponentId#'. Error Message : '#util.cleanString(context.errorMessage)"/>
            <cc:set name="is.message.detail" value="context.errorMessage"/>
        </cc:local-out>
        <cc:local-out id="Call-AddFICAOASDI" execute-when="props['pTaxState'] == '$U'" endpoint="vm://INT5038_EY_GMS_Adhoc_EE_Tax_Data_Update_Inbound/AddFICAOASDI"><cc:set name="pTransactionType" value="'FICA OASDI'"/></cc:local-out>
        <cc:local-in id="AddFUTAElection" routes-to="Prepare.FUTA.Update.Request"/>
        <cc:async-mediation id="Prepare.FUTA.Update.Request" routes-to="PutFUTA" handle-downstream-errors="true">
            <cc:steps>
                <cc:copy id="Copy" input="variable" input-variable="Current.Data.Row.XML"/>
                <cc:eval id="Eval">
                    <cc:expression>props['FICAStatusEE'] = '';</cc:expression>
                    <cc:expression>props['FICAStatusEE'] = parts[0].xpath('DataRow/TaxElectionData/FICAStatus');</cc:expression>
                </cc:eval>
                <cc:xslt-plus id="XsltPlus" input="message" url="INT5038_Put_Payroll_Payee_FUTA_Request_v1.xsl"/>
                <cc:wrap-soap id="WrapSoap"/>
                <cc:store id="Store" output="variable" output-variable="vPutPayrollPayeeFUTARequest" expiresIn="P@{props['pDocRetention']}D" title="@{props['ProcessingEmployeeID']}_INT5038_Put_Payroll_Payee_FUTA_Request.xml"/>
                <cc:validate-exp id="ValidateExp">
                    <cc:expression failure-message="The input flag value is @{props['FICAStatusEE']} hence FICA Exempt Elections are not required.">props['FICAStatusEE'] == 'E'</cc:expression>
                </cc:validate-exp>
                <cc:set-headers execute-when="props['lpValidationMode']" id="ValidationOn">
                    <cc:remove-headers/>
                    <cc:add-headers>
                        <cc:add-header name="X-Validate-Only" value="1"/>
                    </cc:add-headers>
                </cc:set-headers>
            </cc:steps>
            <cc:send-error id="SendError" routes-to="Audit.Errors.3"/>
        </cc:async-mediation>
        <cc:local-out id="Call-AggAuditData11" endpoint="vm://INT5038_EY_GMS_Adhoc_EE_Tax_Data_Update_Inbound/AggAuditData">
            <cc:set name="ProcessingStatus" value="'Skipped'"/>
            <cc:set name="ProcessingMessage" value="context.errorMessage"/>
        </cc:local-out>
        <cc:workday-out-soap id="PutFUTA" routes-response-to="Prepare.FUTA.Update.Response" application="Payroll" version="@{props['pWSVersion']}"/>
        <cc:async-mediation id="Prepare.FUTA.Update.Response" routes-to="Call-AggAuditData13" handle-downstream-errors="true">
            <cc:steps>
                <cc:set-headers id="ValidationOff">
                    <cc:remove-headers>
                        <cc:remove-header name="X-Validate-Only"/>
                    </cc:remove-headers>
                    <cc:add-headers>
                        
                    </cc:add-headers>
                </cc:set-headers>
                <cc:store id="Store0" output="variable" output-variable="vPutPayrollPayeeFUTAResponse" expiresIn="P@{props['pDocRetention']}D" title="@{props['ProcessingEmployeeID']}_INT5038_Put_Payroll_Payee_FUTA_Response.xml"/>
                <cc:eval id="Eval">
                    <cc:expression>props['PayeeFICAReferenceWID'] = '';</cc:expression>
                    <cc:expression>props['PayeeFICAReferenceWID'] = parts[0].xpath(&quot;/env:Envelope/env:Body/wd:Put_Payroll_Payee_FICA_Response/wd:Payroll_Payee_FICA_Reference/wd:ID[@wd:type='WID']&quot;);</cc:expression>
                </cc:eval>
                <cc:validate-exp execute-when="props['lpValidationMode'] == false" id="ValidateExp">
                    <cc:expression failure-message="@{context.errorMessage}">props['PayeeFICAReferenceWID'] != ''</cc:expression>
                </cc:validate-exp>
            </cc:steps>
            <cc:send-error id="SendError" rethrow-error="false" routes-to="Audit.Errors.4"/>
        </cc:async-mediation>
        <cc:local-out id="Call-AggAuditData12" endpoint="vm://INT5038_EY_GMS_Adhoc_EE_Tax_Data_Update_Inbound/AggAuditData">
            <cc:set name="ProcessingStatus" value="'Error'"/>
            <cc:set name="ProcessingMessage" value="'Error in adding the FICA Elections - ' + context.errorMessage"/>
        </cc:local-out>
        <cc:local-out id="Call-AggAuditData13" endpoint="vm://INT5038_EY_GMS_Adhoc_EE_Tax_Data_Update_Inbound/AggAuditData">
            <cc:set name="ProcessingStatus" value="'Success'"/>
            <cc:set name="ProcessingMessage" value="'FUTA Elections are successfully added. Refer the event with - ' + props['PayeeFICAReferenceWID']"/>
        </cc:local-out>
        <cc:local-in id="AddFederalElection" routes-to="Prepare.Federal.Election.Request"/>
        <cc:async-mediation id="Prepare.Federal.Election.Request" routes-to="PutFederal" handle-downstream-errors="true">
            <cc:steps>
                <cc:copy id="Copy" input="variable" input-variable="Current.Data.Row.XML"/>
                <cc:eval id="Eval">
                    <cc:expression>props['MaritalStatusEE'] = '';</cc:expression>
                    <cc:expression>props['MaritalStatusEE'] = parts[0].xpath('DataRow/TaxElectionData/MaritalStatus');</cc:expression>
                </cc:eval>
                <cc:xslt-plus id="XsltPlus" input="message" url="INT5038_Put_Payroll_Federal_W-4_Tax_Election_Request_v1.xsl"/>
                <cc:wrap-soap id="WrapSoap"/>
                <cc:store id="Store" output="variable" output-variable="vPutFederalElectionRequest" expiresIn="P@{props['pDocRetention']}D" title="@{props['ProcessingEmployeeID']}_INT5038_Put_Payroll_Federal_W-4_Tax_Election_Request.xml"/>
                <cc:set-headers execute-when="props['lpValidationMode']" id="ValidationOn">
                    <cc:remove-headers/>
                    <cc:add-headers>
                        <cc:add-header name="X-Validate-Only" value="1"/>
                    </cc:add-headers>
                </cc:set-headers>
                <cc:validate-exp id="ValidateExp">
                    <cc:expression failure-message="The input flag value is @{props['MaritalStatusEE']} hence Federal Elections are not required.">props['MaritalStatusEE'] != ''</cc:expression>
                </cc:validate-exp>
            </cc:steps>
            <cc:send-error id="SendError" routes-to="Audit.Errors.1"/>
        </cc:async-mediation>
        <cc:local-out id="Call-AggAuditData08" endpoint="vm://INT5038_EY_GMS_Adhoc_EE_Tax_Data_Update_Inbound/AggAuditData">
            <cc:set name="ProcessingStatus" value="'Skipped'"/>
            <cc:set name="ProcessingMessage" value="context.errorMessage"/>
        </cc:local-out>
        <cc:workday-out-soap id="PutFederal" routes-response-to="Prepare.Federal.Election.Response" application="Payroll" version="@{props['pWSVersion']}"/>
        <cc:async-mediation id="Prepare.Federal.Election.Response" routes-to="Call-AggAuditData10" handle-downstream-errors="true">
            <cc:steps>
                <cc:set-headers id="ValidationOff">
                    <cc:remove-headers>
                        <cc:remove-header name="X-Validate-Only"/>
                    </cc:remove-headers>
                    <cc:add-headers>
                        
                    </cc:add-headers>
                </cc:set-headers>
                <cc:eval id="Eval">
                    <cc:expression>props['PayeeFederalElectionWID'] = '';</cc:expression>
                    <cc:expression>props['PayeeFederalElectionWID'] = parts[0].xpath(&quot;/env:Envelope/env:Body/wd:Put_Payroll_Federal_W-4_Tax_Election_Response/wd:Payroll_Payee_W-4_Reference/wd:ID[@wd:type='WID']&quot;);</cc:expression>
                </cc:eval>
                <cc:store id="Store" output="variable" output-variable="vPutFederalElectionResponse" input="message" createDocumentReference="true" expiresIn="P@{props['pDocRetention']}D" title="@{props['ProcessingEmployeeID']}_INT5038_Put_Payroll_Federal_W-4_Tax_Election_Response.xml"/>
                <cc:validate-exp execute-when="props['lpValidationMode'] == false" id="ValidateExp">
                    <cc:expression failure-message="@{context.errorMessage}">props['PayeeFederalElectionWID'] != ''</cc:expression>
                </cc:validate-exp>
            </cc:steps>
            <cc:send-error id="SendError" rethrow-error="false" routes-to="Audit.Errors.2"/>
        </cc:async-mediation>
        <cc:local-out id="Call-AggAuditData09" endpoint="vm://INT5038_EY_GMS_Adhoc_EE_Tax_Data_Update_Inbound/AggAuditData">
            <cc:set name="ProcessingStatus" value="'Error'"/>
            <cc:set name="ProcessingMessage" value="'Error in adding the Federal Elections - ' + context.errorMessage"/>
        </cc:local-out>
        <cc:local-out id="Call-AggAuditData10" endpoint="vm://INT5038_EY_GMS_Adhoc_EE_Tax_Data_Update_Inbound/AggAuditData">
            <cc:set name="ProcessingStatus" value="'Success'"/>
            <cc:set name="ProcessingMessage" value="'Federal Elections are successfully added for Additional Job. Refer the event with - ' + props['PayeeFederalElectionWID']"/>
        </cc:local-out>
        <cc:local-out id="Call-AddFederalElection" execute-when="props['pTaxState'] == '$U'" endpoint="vm://INT5038_EY_GMS_Adhoc_EE_Tax_Data_Update_Inbound/AddFederalElection"><cc:set name="pTransactionType" value="'Federal Withholding'"/></cc:local-out>
        <cc:local-in id="AddStateTaxElections" routes-to="Prepare.State.Tax.Election.Request"/>
        <cc:async-mediation id="Prepare.State.Tax.Election.Request" routes-to="PutStateTax" handle-downstream-errors="true">
            <cc:steps>
                <cc:copy id="Copy" input="variable" input-variable="Current.Data.Row.XML"/>
                <cc:eval id="Eval">
                    <cc:expression>props['StateCode'] = '';&#xD;
props['LocalityCode'] = '';&#xD;
props['CountyCode'] = '';&#xD;
props['CityCode'] = '';</cc:expression>
                    <cc:expression>props['StateCode'] = parts[0].xpath('/DataRow/TaxElectionData/TaxState');</cc:expression>
                    <cc:expression>props['LocalityCode'] = parts[0].xpath('/DataRow/TaxElectionData/TaxLocality');</cc:expression>
                    <cc:expression>props['CountyCode'] = intsys.integrationMapReverseLookup('County Tax Authorities Map', props['LocalityCode'],false);&#xD;
props['CountyCode'] = props['CountyCode'] != null ? props['CountyCode'].get(0).toString() : '';&#xD;
props['CityCode'] = intsys.integrationMapReverseLookup('City Tax Authorities Map', props['LocalityCode'],false);&#xD;
props['CityCode'] = props['CityCode'] != null ? props['CityCode'].get(0).toString() : '';</cc:expression>
                </cc:eval>
                <cc:xslt-plus id="XsltPlus" input="message" url="INT5038_Put_Payroll_USA_State_and_Local_Tax_Election_Request_v4.xsl"/>
                <cc:wrap-soap id="WrapSoap"/>
                <cc:store id="Store" output="variable" output-variable="vPutStateTaxElectionRequest" expiresIn="P@{props['pDocRetention']}D" title="@{props['ProcessingEmployeeID']}_INT5038_Put_Payroll_USA_State_and_Local_Tax_Election_Request.xml"/>
                <cc:validate-exp id="ValidateExp">
                    <cc:expression failure-message="@{props['StateCode']} is a NO Tax State hence not loaded the State Tax Election.">props['StateCode'] != 'AK'</cc:expression>
                    <cc:expression failure-message="@{props['StateCode']} is a NO Tax State hence not loaded the State Tax Election.">props['StateCode'] != 'FL'</cc:expression>
                    <cc:expression failure-message="@{props['StateCode']} is a NO Tax State hence not loaded the State Tax Election.">props['StateCode'] != 'NV'</cc:expression>
                    <cc:expression failure-message="@{props['StateCode']} is a NO Tax State hence not loaded the State Tax Election.">props['StateCode'] != 'NH'</cc:expression>
                    <cc:expression failure-message="@{props['StateCode']} is a NO Tax State hence not loaded the State Tax Election.">props['StateCode'] != 'SD'</cc:expression>
                    <cc:expression failure-message="@{props['StateCode']} is a NO Tax State hence not loaded the State Tax Election.">props['StateCode'] != 'TN'</cc:expression>
                    <cc:expression failure-message="@{props['StateCode']} is a NO Tax State hence not loaded the State Tax Election.">props['StateCode'] != 'TX'</cc:expression>
                    <cc:expression failure-message="@{props['StateCode']} is a NO Tax State hence not loaded the State Tax Election.">props['StateCode'] != 'WA'</cc:expression>
                    <cc:expression failure-message="@{props['StateCode']} is a NO Tax State hence not loaded the State Tax Election.">props['StateCode'] != 'WY'</cc:expression>
                    <cc:expression failure-message="Missing mapping value for Locality Code @{props['LocalityCode']}.">props['LocalityCode'] == '' || (props['LocalityCode'] != '' &amp;&amp; (props['CountyCode'] != '' || props['CityCode'] != ''))</cc:expression>
                </cc:validate-exp>
                <cc:set-headers execute-when="props['lpValidationMode']" id="ValidationOn">
                    <cc:remove-headers/>
                    <cc:add-headers>
                        <cc:add-header name="X-Validate-Only" value="1"/>
                    </cc:add-headers>
                </cc:set-headers>
            </cc:steps>
            <cc:send-error id="SendError" routes-to="Audit.Errors.9"/>
        </cc:async-mediation>
        <cc:local-out id="Call-AggAuditData05" endpoint="vm://INT5038_EY_GMS_Adhoc_EE_Tax_Data_Update_Inbound/AggAuditData">
            <cc:set name="ProcessingStatus" value="'Skipped'"/>
            <cc:set name="ProcessingMessage" value="context.errorMessage"/>
        </cc:local-out>
        <cc:workday-out-soap id="PutStateTax" routes-response-to="Prepare.State.Tax.Election.Response" application="Payroll" version="@{props['pWSVersion']}"/>
        <cc:async-mediation id="Prepare.State.Tax.Election.Response" routes-to="Call-AggAuditData07" handle-downstream-errors="true">
            <cc:steps>
                <cc:set-headers id="ValidationOff">
                    <cc:remove-headers>
                        <cc:remove-header name="X-Validate-Only"/>
                    </cc:remove-headers>
                    <cc:add-headers>
                        
                    </cc:add-headers>
                </cc:set-headers>
                <cc:store id="Store0" output="variable" output-variable="vPutStateTaxElectionResponse" expiresIn="P@{props['pDocRetention']}D" title="@{props['ProcessingEmployeeID']}_INT5038_Put_Payroll_USA_State_and_Local_Tax_Election_Response.xml"/>
                <cc:eval id="Eval">
                    <cc:expression>props['StateTaxElectionEmployeeID'] = '';</cc:expression>
                    <cc:expression>props['StateTaxElectionEmployeeID'] = parts[0].xpath(&quot;/env:Envelope/env:Body/wd:Put_Payroll_USA_State_and_Local_Tax_Election_Response/wd:Worker_Reference/wd:ID[@wd:type='Employee_ID']&quot;);</cc:expression>
                </cc:eval>
                <cc:validate-exp execute-when="props['lpValidationMode'] == false" id="ValidateExp">
                    <cc:expression failure-message="@{context.errorMessage}">props['StateTaxElectionEmployeeID'] != ''</cc:expression>
                </cc:validate-exp>
            </cc:steps>
            <cc:send-error id="SendError" rethrow-error="false" routes-to="Audit.Errors.10"/>
        </cc:async-mediation>
        <cc:local-out id="Call-AggAuditData06" endpoint="vm://INT5038_EY_GMS_Adhoc_EE_Tax_Data_Update_Inbound/AggAuditData">
            <cc:set name="ProcessingStatus" value="'Error'"/>
            <cc:set name="ProcessingMessage" value="'Error in adding the State Tax Elections - ' + context.errorMessage"/>
        </cc:local-out>
        <cc:local-out id="Call-AggAuditData07" endpoint="vm://INT5038_EY_GMS_Adhoc_EE_Tax_Data_Update_Inbound/AggAuditData">
            <cc:set name="ProcessingStatus" value="'Success'"/>
            <cc:set name="ProcessingMessage" value="'State Tax Elections are successfully added for Employee ID ' + props['StateTaxElectionEmployeeID']"/>
        </cc:local-out>
        <cc:local-out id="Call-AddStateTaxElections" execute-when="props['pTaxState'] != '$U'" endpoint="vm://INT5038_EY_GMS_Adhoc_EE_Tax_Data_Update_Inbound/AddStateTaxElections"><cc:set name="pTransactionType" value="'State Tax'"/></cc:local-out>
        <cc:async-mediation id="Set.Int.Status" routes-to="PIM-IntStatus">
            <cc:steps>
                <cc:eval id="Eval">
                    <cc:expression>props['p.integration.status'] = 'INFO';</cc:expression>
                    <cc:expression>props['p.log.message.summary'] = 'Audit Log files are attached to the integration event.'</cc:expression>
                    <cc:expression>if(props['ErrorCount'] > 0)&#xD;
{props['p.integration.status'] = 'ERROR';&#xD;
props['p.log.message.summary'] = 'One or more errors occurred while processing the data. For more details, see the Audit log files.';}</cc:expression>
                </cc:eval>
            </cc:steps>
        </cc:async-mediation>
        <cc:local-out id="PIM-IntStatus" endpoint="vm://wcc/PutIntegrationMessage">
            <cc:set name="is.message.severity" value="props['p.integration.status']"/>
            <cc:set name="is.message.summary" value="props['p.log.message.summary']"/>
        </cc:local-out>
        <cc:async-mediation id="Audit.Errors.5" routes-to="Call-AggAuditData14">
            <cc:steps>
                <cc:eval id="Eval">
                    <cc:expression>props['ErrorCount'] = props['ErrorCount'] + 1;</cc:expression>
                </cc:eval>
            </cc:steps>
        </cc:async-mediation>
        <cc:async-mediation id="Audit.Errors.6" routes-to="Call-AggAuditData15">
            <cc:steps>
                <cc:eval id="Eval">
                    <cc:expression>props['ErrorCount'] = props['ErrorCount'] + 1;</cc:expression>
                </cc:eval>
            </cc:steps>
        </cc:async-mediation>
        <cc:async-mediation id="Audit.Errors.1" routes-to="Call-AggAuditData08">
            <cc:steps>
                <cc:eval id="Eval">
                    <cc:expression>props['ErrorCount'] = props['ErrorCount'] + 1;</cc:expression>
                </cc:eval>
            </cc:steps>
        </cc:async-mediation>
        <cc:async-mediation id="Audit.Errors.2" routes-to="Call-AggAuditData09">
            <cc:steps>
                <cc:eval id="Eval">
                    <cc:expression>props['ErrorCount'] = props['ErrorCount'] + 1;</cc:expression>
                </cc:eval>
            </cc:steps>
        </cc:async-mediation>
        <cc:async-mediation id="Audit.Errors.3" routes-to="Call-AggAuditData11">
            <cc:steps>
                <cc:eval id="Eval">
                    <cc:expression>props['ErrorCount'] = props['ErrorCount'] + 1;</cc:expression>
                </cc:eval>
            </cc:steps>
        </cc:async-mediation>
        <cc:async-mediation id="Audit.Errors.4" routes-to="Call-AggAuditData12">
            <cc:steps>
                <cc:eval id="Eval">
                    <cc:expression>props['ErrorCount'] = props['ErrorCount'] + 1;</cc:expression>
                </cc:eval>
            </cc:steps>
        </cc:async-mediation>
        <cc:async-mediation id="Audit.Errors.7" routes-to="Call-AggAuditData17">
            <cc:steps>
                <cc:eval id="Eval">
                    <cc:expression>props['ErrorCount'] = props['ErrorCount'] + 1;</cc:expression>
                </cc:eval>
            </cc:steps>
        </cc:async-mediation>
        <cc:async-mediation id="Audit.Errors.8" routes-to="Call-AggAuditData18">
            <cc:steps>
                <cc:eval id="Eval">
                    <cc:expression>props['ErrorCount'] = props['ErrorCount'] + 1;</cc:expression>
                </cc:eval>
            </cc:steps>
        </cc:async-mediation>
        <cc:async-mediation id="Audit.Errors.9" routes-to="Call-AggAuditData05">
            <cc:steps>
                <cc:eval id="Eval">
                    <cc:expression>props['ErrorCount'] = props['ErrorCount'] + 1;</cc:expression>
                </cc:eval>
            </cc:steps>
        </cc:async-mediation>
        <cc:async-mediation id="Audit.Errors.10" routes-to="Call-AggAuditData06">
            <cc:steps>
                <cc:eval id="Eval">
                    <cc:expression>props['ErrorCount'] = props['ErrorCount'] + 1;</cc:expression>
                </cc:eval>
            </cc:steps>
        </cc:async-mediation>
	</cc:assembly>

</beans>