<?xml version="1.0" encoding="UTF-8"?>
<beans
     xmlns="http://www.springframework.org/schema/beans"
     xmlns:beans="http://www.springframework.org/schema/beans"
     xmlns:atom="http://www.w3.org/2005/Atom"
     xmlns:cc="http://www.capeclear.com/assembly/10"
     xmlns:cloud="urn:com.workday/esb/cloud/10.0"
     xmlns:env="http://schemas.xmlsoap.org/soap/envelope/"
     xmlns:pi="urn:com.workday/picof"
     xmlns:wd="urn:com.workday/bsvc"
     xmlns:xsi="http://www.w3.org/2001/XMLSchema-instance">
 
	<cc:assembly id="WorkdayAssembly" version="2019.6">
        <cc:async-mediation id="AsyncMediation" routes-to="CallReportData">
            <cc:steps>
                <cc:eval id="Eval">
                    <cc:expression>props['force.collate'] = false;props['stopProcess']=false;props['error.free'] = true;props['Aggregate']=false;</cc:expression>
                    <cc:expression>props['hash.map.ReportData']=new java.util.HashMap();</cc:expression>
                    <cc:expression>props['Filenotfound']= false;</cc:expression>
                    <cc:expression>props['emptyfile']= false;</cc:expression>
                    <cc:expression>props['Core.Contribution.Amount']=0;</cc:expression>
                    <cc:expression>props['Company.Contribution.Amount']=0;</cc:expression>
                    <cc:expression>props['today']= util.currentDateAsString().substring(0, 10).replaceAll(&quot;-|:|[A-Z]&quot;,&quot;&quot;)</cc:expression>
                </cc:eval>
                <cc:eval id="launchparameter">
                    <cc:expression>props['p.payPeriod'] = lp.getReferenceData('Pay Period','WID');&#xD;
props['p.payPeriodDates'] = lp.getReferenceData('Pay Period','Period_ID');&#xD;
props['p.series'] = lp.getSimpleData('Series');</cc:expression>
                    <cc:expression>props['p.userGroup'] = intsys.getAttribute('UserGroup for Companion Reports');</cc:expression>
                    <cc:expression>props['p.wsVersion'] = intsys.getAttribute('API Version');</cc:expression>
                    <cc:expression>props['p.payPeriodEndDate'] =  props['p.payPeriodDates'].toString().substring(13, 23);&#xD;
props['p.parsed.payPeriodEndDate'] = new java.text.SimpleDateFormat(&quot;MM/dd/yyyy&quot;).parse(props['p.payPeriodEndDate']);&#xD;
&#xD;
// Now we need to format the parsed date into the desired format&#xD;
props['p.formatted.payPeriodEndDate'] = new java.text.SimpleDateFormat(&quot;yyyyMMdd&quot;).format(props['p.parsed.payPeriodEndDate']);</cc:expression>
                    <cc:expression>props['p.LastDayofLastMonth.payPeriodEndDate']= java.time.LocalDate.parse(props['p.payPeriodDates'].toString().substring(13, 23), java.time.format.DateTimeFormatter.ofPattern(&quot;MM/dd/yyyy&quot;)).minusMonths(1).with(java.time.temporal.TemporalAdjusters.lastDayOfMonth()).toString() &#xD;
</cc:expression>
                    <cc:expression>props['p.payPeriodEndDateminus1day']= java.time.LocalDate.parse(props['p.payPeriodDates'].toString().substring(13, 23), java.time.format.DateTimeFormatter.ofPattern(&quot;MM/dd/yyyy&quot;)).minusDays(1).toString() &#xD;
</cc:expression>
                </cc:eval>
                <cc:write id="Write">
                    <cc:message>
                        <cc:text>Formatted Period End Date - @{props['p.formatted.payPeriodEndDate']}&#xD;
&#xD;
&#xD;
Period End Date- @{props['p.payPeriodEndDate']}&#xD;
&#xD;
&#xD;
</cc:text>
                    </cc:message>
                </cc:write>
            </cc:steps>
            <cc:send-error id="SendError" routes-to="CallCriticalError1"/>
        </cc:async-mediation>
        <cc:workday-in id="StartHere" routes-to="AsyncMediation">
            <cc:integration-system name="INT0171 Cap Mkts Coda ESPP Outbound">
        <cloud:param name="Series">
          <cloud:type>
            <cloud:simple-type>text</cloud:simple-type>
          </cloud:type>
          <cloud:default>
            <cloud:text>001</cloud:text>
          </cloud:default>
          <cloud:launch-option>required</cloud:launch-option>
        </cloud:param>
        <cloud:param name="Pay Period">
          <cloud:type>
            <cloud:class-report-field description="Period" type="WID" singular="true">74f66bd8157d4de681ca789f149da641</cloud:class-report-field>
          </cloud:type>
          <cloud:default/>
        </cloud:param>
        <cloud:attribute-map-service name="Coda_Attributes ">
          <cloud:attribute name="UserGroup for Companion Reports">
            <cloud:type>
              <cloud:simple-type>text</cloud:simple-type>
            </cloud:type>
          </cloud:attribute>
          <cloud:attribute name="Document Retention Period ">
            <cloud:type>
              <cloud:simple-type>number</cloud:simple-type>
            </cloud:type>
          </cloud:attribute>
          <cloud:attribute name="API Verison">
            <cloud:type>
              <cloud:simple-type>text</cloud:simple-type>
            </cloud:type>
          </cloud:attribute>
        </cloud:attribute-map-service>
        <cloud:delivery-service name="INT0171_DocumentDelivery"/>
        <cloud:retrieval-service name="CODA_ESPP_FileRetreival"/>
        <cloud:report-service name="INT_Cap_markets_Coda_Espp_RS">
          <cloud:report-alias description="INT0171 Cap Mkts CODA ESPP Outbound" name="INT0171">
            <cloud:report-reference description="INT0171 Cap Mkts CODA ESPP Outbound" type="WID">a295fee92ef501502dd65d31311619c8</cloud:report-reference>
          </cloud:report-alias>
        </cloud:report-service>
      </cc:integration-system>
        </cc:workday-in>
        <cc:local-out id="CallReportData" store-message="none" routes-response-to="CallFileRetreival" endpoint="vm://INT0171_Cap_Mkts_CODA_ESPP_Outbound/ReportData"/>
        <cc:local-in id="ReportData" routes-to="WorkdayOutRest"/>
        <cc:workday-out-rest id="WorkdayOutRest" routes-response-to="SplitteronWorker" extra-path="@{intsys.reportService.getExtrapath('INT0171')}?Date=@{props['p.LastDayofLastMonth.payPeriodEndDate']}"/>
        <cc:async-mediation id="PopulatingHash">
            <cc:steps>
                <cc:eval id="Savetohash">
                    <cc:expression>props['Key'] = parts[0].xpath('wd:Report_Entry/wd:Employee_ID','wd urn:com.workday/bsvc')</cc:expression>
                    <cc:expression>props['hash.map.ReportData'].put(props['Key'], parts[0].text)</cc:expression>
                    <cc:expression>props['report.PeriodEndDate'] = parts[0].xpath('wd:Report_Entry/wd:PeriodEndDate','wd urn:com.workday/bsvc')</cc:expression>
                </cc:eval>
                <cc:validate-exp id="ValidateExp" filter="true">
                    <cc:expression failure-message="No period End for @{props['Key']}">props['p.payPeriodEndDate']!= ''</cc:expression>
                </cc:validate-exp>
            </cc:steps>
            <cc:send-error id="SendError" routes-to="CallCriticalError3"/>
        </cc:async-mediation>
        <cc:splitter id="SplitteronWorker" no-split-message-error="false">
            <cc:sub-route name="SubRoute" routes-to="PopulatingHash"/>
            <cc:xml-stream-splitter xpath="/wd:Report_Data/wd:Report_Entry"/>
        </cc:splitter>
        <cc:local-out id="CallFileRetreival" store-message="none" execute-when="!props['stopProcess']" routes-response-to="CallSubRoutine" endpoint="vm://INT0171_Cap_Mkts_CODA_ESPP_Outbound/FileRetreival"/>
        <cc:local-in id="FileRetreival" routes-to="AsyncMediation6"/>
        <cc:route id="Route">
            <cc:doc-iterator/>
            <cc:sub-route name="SubRoute" routes-to="InputfileRetreival"/>
        </cc:route>
        <cc:async-mediation id="InputfileRetreival" routes-to="InputFileTransformation">
            <cc:steps>
                <cc:copy id="Copy" input="variable" input-variable="wd.retrieve.variable"/>
                <cc:eval id="Eval">
                    <cc:expression>props['record.identifier'] = parts[0].text.toString().length()</cc:expression>
                </cc:eval>
                <cc:validate-exp id="ValidateExp">
                    <cc:expression failure-message="Input File Retrieved is a Empty File ">props['record.identifier']>0</cc:expression>
                </cc:validate-exp>
                <cc:write id="Write" output-mimetype="text/plain">
                    <cc:message>
                        <cc:message-content/>
                    </cc:message>
                </cc:write>
            </cc:steps>
            <cc:send-error id="SendError" routes-to="CallEmptyFile"/>
        </cc:async-mediation>
        <cc:aggregator id="Aggregator" routes-to="SavingInputfile" collate-when="!props['Aggregate']" force-batch-on-last-message="false" force-batch-when="props['Aggregate']">
            <cc:size-batch-strategy batch-size="-1"/>
            <cc:xml-message-content-collater>
        <cc:header-text>&lt;File></cc:header-text>
        <cc:footer-text>&lt;/File></cc:footer-text>
      </cc:xml-message-content-collater>
        </cc:aggregator>
        <cc:async-mediation id="SavingInputfile" handle-downstream-errors="false">
            <cc:steps>
                <cc:copy id="Copy" output="variable" output-mimetype="text/xml" output-variable="InputXML"/>
                <cc:xslt id="Xslt" url="PrepareInputfile.xsl"/>
                <cc:copy id="Copy0" output="variable" output-variable="FinalInputfileXML"/>
            </cc:steps>
            <cc:send-error id="SendError" routes-to="CallCriticalError22"/>
        </cc:async-mediation>
        <cc:async-mediation id="AsyncMediation4" routes-to="AsyncMediation2">
            <cc:steps>
                <cc:eval id="Eval">
                    <cc:expression>//props['substring.rp.periodenddate']= props['report.PeriodEndDate'].substring(0,10);&#xD;
&#xD;
//props['Period.formattedDate'] = props['report.PeriodEndDate'].substring(0,10).replaceAll(&quot;-|:|[A-Z]&quot;,&quot;&quot;)&#xD;
</cc:expression>
                    <cc:expression>props['emptyfilegenerated']=true</cc:expression>
                </cc:eval>
                <cc:write id="Write" output="variable" output-mimetype="text/plain" output-variable="EmptyFile">
                    <cc:message>
                        <cc:text>H|FileType|ESPP&#xD;
H|FileDate|@{props['today']}&#xD;
H|PayEndDate|@{props['p.formatted.payPeriodEndDate']}&#xD;
H|Series|001&#xD;
H|FileStatus|Empty&#xD;
H|FileStatusReason|No Input File Found&#xD;
</cc:text>
                    </cc:message>
                </cc:write>
                <cc:write id="Write0" output="variable" output-mimetype="text/plain" output-variable="EmptySummaryFile">
                    <cc:message>
                        <cc:text>H|FileType|ESPPSummary&#xD;
H|FileDate|@{props['today']}&#xD;
H|PayEndDate|@{props['p.formatted.payPeriodEndDate']}&#xD;
H|Series|001&#xD;
H|FileStatus|Empty&#xD;
H|FileStatusReason|No Input File Found&#xD;
</cc:text>
                    </cc:message>
                </cc:write>
            </cc:steps>
        </cc:async-mediation>
        <cc:local-in id="EmptyFile" routes-to="AsyncMediation4"/>
        <cc:local-out id="CallESPPRegisterFile" store-message="none" execute-when="!props['stopProcess']" routes-response-to="CallESPPSummryFile" endpoint="vm://INT0171_Cap_Mkts_CODA_ESPP_Outbound/CreateESPPRegisterFile"/>
        <cc:local-out id="PutIntegrationMessage20" execute-when="!props['stopProcess']" endpoint="vm://wcc/PutIntegrationMessage">
            <cc:set name="is.message.severity" value="'INFO'"/>
            <cc:set name="is.message.summary" value="'Payroll Register File stored successfully!'"/>
            <cc:set name="is.document.variable.name" value="'PayrollRegisterFile'"/>
            <cc:set name="is.document.deliverable" value="'true'"/>
            <cc:set name="is.message.storage.enabled" value="false"/>
        </cc:local-out>
        <cc:local-out id="PutStoreFileError0" endpoint="vm://wcc/PutIntegrationMessage">
            <cc:set name="is.message.severity" value="'ERROR'"/>
            <cc:set name="is.message.summary" value="'There was an error storing the Payroll Register File. See details.'"/>
            <cc:set name="is.message.detail" value="'Error ' +context.errorMessage"/>
            <cc:set name="is.message.storage.enabled" value="false"/>
        </cc:local-out>
        <cc:async-mediation id="AbortProcess10" routes-to="PutStoreFileError0">
            <cc:steps>
                <cc:eval id="Eval">
                    <cc:expression>props['stopProcess'] = true;</cc:expression>
                </cc:eval>
            </cc:steps>
        </cc:async-mediation>
        <cc:async-mediation id="StoreFile10" routes-to="PutIntegrationMessage20" execute-steps-when="!props['stopProcess']">
            <cc:steps>
                <cc:store id="Store" output="variable" output-variable="PayrollRegisterFile" expiresIn="P180D" title="ESPP_@{props['p.formatted.payPeriodEndDate']}_@{props['p.series']}.dat.pgp"/>
            </cc:steps>
            <cc:send-error id="SendError0" routes-to="AbortProcess10"/>
        </cc:async-mediation>
        <cc:local-out id="PutTranformFileError00" endpoint="vm://wcc/PutIntegrationMessage">
            <cc:set name="is.message.severity" value="'ERROR'"/>
            <cc:set name="is.message.summary" value="'There was an error transforming data for Payroll Register File. See details.'"/>
            <cc:set name="is.message.detail" value="'error detail ' + context.errorMessage"/>
            <cc:set name="is.message.storage.enabled" value="false"/>
        </cc:local-out>
        <cc:async-mediation id="AbortProcess00" routes-to="PutTranformFileError00">
            <cc:steps>
                <cc:eval id="Eval">
                    <cc:expression>props['stopProcess'] = true;</cc:expression>
                </cc:eval>
            </cc:steps>
        </cc:async-mediation>
        <cc:async-mediation id="AsyncMediation30" routes-to="StoreFile10">
            <cc:steps>
                <cc:copy id="Copy" output="message" output-mimetype="text/xml" input="variable" input-variable="FinalInputfileXML"/>
                <cc:xslt-plus id="XsltPlus" url="int0171ESPPRegisterFile.xsl"/>
            </cc:steps>
            <cc:send-error id="SendError" routes-to="AbortProcess00"/>
        </cc:async-mediation>
        <cc:local-in id="CreateESPPRegisterFile" routes-to="AsyncMediation30"/>
        <cc:local-out id="PutIntegrationMessage0" execute-when="!props['stopProcess']" endpoint="vm://wcc/PutIntegrationMessage">
            <cc:set name="is.message.severity" value="'INFO'"/>
            <cc:set name="is.message.summary" value="'Integration completed successfully!'"/>
            <cc:set name="is.message.storage.enabled" value="false"/>
        </cc:local-out>
        <cc:local-out id="LogError" routes-response-to="PutIntegrationEvent" endpoint="vm://wcc/PutIntegrationMessage">
            <cc:set name="is.message.severity" value="'CRITICAL'"/>
            <cc:set name="is.message.summary" value="'Critical Error. Please see details.'"/>
        <cc:set name="is.message.detail" value="'Global Error Handler '+context.errorMessage"/></cc:local-out>
        <cc:send-error id="global-error-handler" rethrow-error="false" routes-to="LogError"/>
        <cc:local-out id="CallESPPSummryFile" store-message="none" execute-when="!props['stopProcess']" routes-response-to="CallCreateESPPRegisterExcelFile" endpoint="vm://INT0171_Cap_Mkts_CODA_ESPP_Outbound/CreateESPPSummryFile"/>
        <cc:local-out id="PutIntegrationMessage200" execute-when="!props['stopProcess']" endpoint="vm://wcc/PutIntegrationMessage">
            <cc:set name="is.message.severity" value="'INFO'"/>
            <cc:set name="is.message.summary" value="'Payroll Summary File stored successfully!'"/>
            <cc:set name="is.document.variable.name" value="'PayrollSummaryFile'"/>
            <cc:set name="is.document.deliverable" value="'true'"/>
            <cc:set name="is.message.storage.enabled" value="false"/>
        </cc:local-out>
        <cc:local-out id="PutStoreFileError00" endpoint="vm://wcc/PutIntegrationMessage">
            <cc:set name="is.message.severity" value="'ERROR'"/>
            <cc:set name="is.message.summary" value="'There was an error storing the Payroll Summary File. See details.'"/>
            <cc:set name="is.message.detail" value="'Error ' +context.errorMessage"/>
            <cc:set name="is.message.storage.enabled" value="false"/>
        </cc:local-out>
        <cc:async-mediation id="AbortProcess100" routes-to="PutStoreFileError00">
            <cc:steps>
                <cc:eval id="Eval">
                    <cc:expression>props['stopProcess'] = true;</cc:expression>
                </cc:eval>
            </cc:steps>
        </cc:async-mediation>
        <cc:async-mediation id="StoreFile100" routes-to="PutIntegrationMessage200" execute-steps-when="!props['stopProcess']">
            <cc:steps>
                <cc:store id="Store" output="variable" output-variable="PayrollSummaryFile" title="ESPPSummary_@{props['p.formatted.payPeriodEndDate']}_@{props['p.series']}.dat.pgp"/>
            </cc:steps>
            <cc:send-error id="SendError0" routes-to="AbortProcess100"/>
        </cc:async-mediation>
        <cc:local-out id="PutTranformFileError000" endpoint="vm://wcc/PutIntegrationMessage">
            <cc:set name="is.message.severity" value="'ERROR'"/>
            <cc:set name="is.message.summary" value="'There was an error transforming data for Payroll Summary File. See details.'"/>
            <cc:set name="is.message.detail" value="'error detail ' + context.errorMessage"/>
            <cc:set name="is.message.storage.enabled" value="false"/>
        </cc:local-out>
        <cc:async-mediation id="AbortProcess000" routes-to="PutTranformFileError000">
            <cc:steps>
                <cc:eval id="Eval">
                    <cc:expression>props['stopProcess'] = true;</cc:expression>
                </cc:eval>
            </cc:steps>
        </cc:async-mediation>
        <cc:async-mediation id="AsyncMediation300" routes-to="StoreFile100">
            <cc:steps>
                <cc:copy id="Copy" output="message" output-mimetype="text/xml" input="variable" input-variable="FinalInputfileXML"/>
                <cc:xslt-plus id="XsltPlus" url="INT0171ESPPSummary.xsl"/>
            </cc:steps>
            <cc:send-error id="SendError" routes-to="AbortProcess000"/>
        </cc:async-mediation>
        <cc:local-in id="CreateESPPSummryFile" routes-to="AsyncMediation300"/>
        <cc:local-out id="CallCreateESPPRegisterExcelFile" store-message="none" execute-when="!props['stopProcess']" routes-response-to="CallCreateESPPSummaryExcelFile" endpoint="vm://INT0171_Cap_Mkts_CODA_ESPP_Outbound/CreateESPPRegisterExcelFile"/>
        <cc:local-out id="PutTranformFileError01" endpoint="vm://wcc/PutIntegrationMessage">
            <cc:set name="is.message.severity" value="'ERROR'"/>
            <cc:set name="is.message.summary" value="'There was an error transforming data for ESPPP Register Companion (Excel) File. See details.'"/>
            <cc:set name="is.message.detail" value="'error detail ' + context.errorMessage"/>
            <cc:set name="is.message.storage.enabled" value="false"/>
        </cc:local-out>
        <cc:async-mediation id="AbortProcess01" routes-to="PutTranformFileError01">
            <cc:steps>
                <cc:eval id="Eval">
                    <cc:expression>props['stopProcess'] = true;</cc:expression>
                </cc:eval>
            </cc:steps>
        </cc:async-mediation>
        <cc:async-mediation id="AsyncMediation31">
            <cc:steps>
                <cc:copy id="Copy" output="message" output-mimetype="text/xml" input="variable" input-variable="FinalInputfileXML"/>
                <cc:xslt-plus id="XsltPlus" url="int0171ESPPRegisterFileExcel.xsl"/>
                <cc:text-excel id="TextExcel" output="variable" output-mimetype="application/vnd.openxmlformats-officedocument.spreadsheetml.sheet" output-variable="ESPPRegisterExcel" excelstyle="sheet" style="text2excel" usevalues="true"/>
            </cc:steps>
            <cc:send-error id="SendError" routes-to="AbortProcess01"/>
        </cc:async-mediation>
        <cc:local-in id="CreateESPPRegisterExcelFile" routes-to="AsyncMediation31"/>
        <cc:local-out id="CallCreateESPPSummaryExcelFile" store-message="none" execute-when="!props['stopProcess']" routes-response-to="CallPublishReportsToUsers" endpoint="vm://INT0171_Cap_Mkts_CODA_ESPP_Outbound/CreateESPPSummaryExcelFile"/>
        <cc:local-out id="PutTranformFileError0100" endpoint="vm://wcc/PutIntegrationMessage">
            <cc:set name="is.message.severity" value="'ERROR'"/>
            <cc:set name="is.message.summary" value="'There was an error transforming data for ESPP Summary Companion (Excel) File. See details.'"/>
            <cc:set name="is.message.detail" value="'error detail ' + context.errorMessage"/>
            <cc:set name="is.message.storage.enabled" value="false"/>
        </cc:local-out>
        <cc:async-mediation id="AbortProcess0100" routes-to="PutTranformFileError0100">
            <cc:steps>
                <cc:eval id="Eval">
                    <cc:expression>props['stopProcess'] = true;</cc:expression>
                </cc:eval>
            </cc:steps>
        </cc:async-mediation>
        <cc:async-mediation id="AsyncMediation3100">
            <cc:steps>
                <cc:copy id="Copy" output="message" output-mimetype="text/xml" input="variable" input-variable="FinalInputfileXML"/>
                <cc:xslt id="Xslt" url="int0171_Espp_Summary_File_Excel.xsl"/>
                <cc:text-excel id="TextExcel" output="variable" output-mimetype="application/vnd.openxmlformats-officedocument.spreadsheetml.sheet" output-variable="ESPPSummaryExcel" excelstyle="sheet" style="text2excel"/>
            </cc:steps>
            <cc:send-error id="SendError" routes-to="AbortProcess0100"/>
        </cc:async-mediation>
        <cc:local-in id="CreateESPPSummaryExcelFile" routes-to="AsyncMediation3100"/>
        <cc:local-out id="CallPublishReportsToUsers" store-message="none" execute-when="!props['stopProcess']" routes-response-to="PutIntegrationMessage0" endpoint="vm://INT0171_Cap_Mkts_CODA_ESPP_Outbound/PublishReportToUsers"/>
        <cc:local-out id="PutRegisterFile" execute-when="!props['stopProcess']" endpoint="vm://wcc/PutIntegrationMessage">
            <cc:set name="is.message.severity" value="'INFO'"/>
            <cc:set name="is.message.summary" value="'Payroll Register Companion (Excel) File Published for user '+ props['p.wdUserName']"/>
            <cc:set name="is.document.variable.name" value="'ESPPSummaryExcelFile'"/>
            <cc:set name="is.document.deliverable" value="'false'"/>
            <cc:set name="is.message.storage.enabled" value="false"/>
            <cc:set name="is.document.owner.wid" value="props['p.user']"/>
        </cc:local-out>
        <cc:local-out id="PutSummaryFile" execute-when="!props['stopProcess']" routes-response-to="PutRegisterFile" endpoint="vm://wcc/PutIntegrationMessage">
            <cc:set name="is.message.severity" value="'INFO'"/>
            <cc:set name="is.message.summary" value="'Payroll Summary Companion (Excel) File Published for user '+ props['p.wdUserName']"/>
            <cc:set name="is.document.variable.name" value="'ESPPRegisterExcelFile'"/>
            <cc:set name="is.document.deliverable" value="'false'"/>
            <cc:set name="is.message.storage.enabled" value="false"/>
            <cc:set name="is.document.owner.wid" value="props['p.user']"/>
        </cc:local-out>
        <cc:local-out id="PutReportWarning1" endpoint="vm://wcc/PutIntegrationMessage">
            <cc:set name="is.message.severity" value="'Warning'"/>
            <cc:set name="is.message.summary" value="'Error was thrown when storing files to the MyReports for users.'"/>
            <cc:set name="is.message.detail" value="'error detail ' + context.errorMessage"/>
            <cc:set name="is.message.storage.enabled" value="false"/>
        </cc:local-out>
        <cc:async-mediation id="StoretheReports" routes-to="PutSummaryFile">
            <cc:steps>
                <cc:eval id="Eval">
                    <cc:expression>props['p.user'] = parts[0].xpath('wd:Workday_Account_Reference/wd:ID[@wd:type=&quot;WID&quot;]');&#xD;
props['p.wdUserName'] = parts[0].xpath('wd:Workday_Account_Reference/wd:ID[@wd:type=&quot;WorkdayUserName&quot;]');&#xD;
</cc:expression>
                </cc:eval>
                <cc:store id="Store" output="variable" output-variable="ESPPRegisterExcelFile" input="variable" input-variable="ESPPRegisterExcel" expiresIn="P180D" title="CMC_CODA_ESPPRegister_@{props['p.formatted.payPeriodEndDate']}_@{props['p.series']}.xlsx"/>
                <cc:store id="Store0" output="variable" output-variable="ESPPSummaryExcelFile" input="variable" input-variable="ESPPSummaryExcel" expiresIn="P180D" title="CMC_CODA_ESPPSummary_@{props['p.formatted.payPeriodEndDate']}_@{props['p.series']}.xlsx"/>
            </cc:steps>
            <cc:send-error id="SendError" routes-to="PutReportWarning1"/>
        </cc:async-mediation>
        <cc:splitter id="Splitter">
            <cc:sub-route name="SubRoute" routes-to="StoretheReports"/>
            <cc:xml-stream-splitter xpath="/env:Envelope/env:Body/wd:Get_Assign_User-Based_Security_Group_Response/wd:Response_Data/wd:Assign_User-Based_Security_Group/wd:Assign_User-Based_Security_Group_Data/wd:Workday_Account_Reference"/>
        </cc:splitter>
        <cc:local-out id="PutReportWarning" endpoint="vm://wcc/PutIntegrationMessage">
            <cc:set name="is.message.severity" value="'WARNING'"/>
            <cc:set name="is.message.summary" value="'No Users Found in the security group to publish reports to W: Drive (My Reports).'"/>
            <cc:set name="is.message.detail" value="'error detail ' + context.errorMessage"/>
            <cc:set name="is.message.storage.enabled" value="false"/>
        </cc:local-out>
        <cc:async-mediation id="AsyncMediation1" routes-to="Splitter">
            <cc:steps/>
            <cc:send-error id="SendError" routes-to="PutReportWarning"/>
        </cc:async-mediation>
        <cc:local-out id="PagedGet" routes-response-to="AsyncMediation1" endpoint="vm://wcc/PagedGet">
            <cc:set name="is.paged.get.request.current.page.xpath" value="'/env:Envelope/env:Body/*/wd:Response_Filter/wd:Page'"/>
            <cc:set name="is.paged.get.response.current.page.xpath" value="'/env:Envelope/env:Body/*/wd:Response_Results/wd:Page'"/>
            <cc:set name="is.paged.get.response.total.pages.xpath" value="'/env:Envelope/env:Body/*/wd:Response_Results/wd:Total_Pages'"/>
            <cc:set name="is.paged.get.response.total.results.xpath" value="'/env:Envelope/env:Body/*/wd:Response_Results/wd:Total_Results'"/>
            <cc:set name="is.paged.get.application" value="'Human_Resources'"/>
            <cc:set name="is.paged.get.version" value="props['p.wsVersion']"/>
            <cc:set name="is.paged.get.page.zero" value="false"/>
            <cc:set name="is.paged.get.store.requests" value="true"/>
        </cc:local-out>
        <cc:local-out id="PutReportWarning0" endpoint="vm://wcc/PutIntegrationMessage">
            <cc:set name="is.message.severity" value="'WARNING'"/>
            <cc:set name="is.message.summary" value="'Error Calling the webservice to get users to publish reports to W: Drive (My Reports). Please check the logs'"/>
            <cc:set name="is.message.detail" value="'error detail ' + context.errorMessage"/>
            <cc:set name="is.message.storage.enabled" value="false"/>
        </cc:local-out>
        <cc:async-mediation id="AsyncMediation11" routes-to="PagedGet">
            <cc:steps>
                <cc:write id="Write">
                    <cc:message>
                        <cc:text>&lt;?xml version=&quot;1.0&quot; encoding=&quot;UTF-8&quot;?>&#xD;
&lt;env:Envelope&#xD;
    xmlns:env=&quot;http://schemas.xmlsoap.org/soap/envelope/&quot;&#xD;
    xmlns:xsd=&quot;http://www.w3.org/2001/XMLSchema&quot;>&#xD;
    &lt;env:Body>&#xD;
        &lt;wd:Get_Assign_User-Based_Security_Group_Request&#xD;
            xmlns:wd=&quot;urn:com.workday/bsvc&quot;&#xD;
            wd:version=&quot;v33.0&quot;>&#xD;
            &lt;wd:Request_Criteria>&#xD;
            &lt;!--Optional:-->&#xD;
            &lt;wd:Name>@{props['p.userGroup']}&lt;/wd:Name>&#xD;
         &lt;/wd:Request_Criteria>&#xD;
            &lt;wd:Response_Filter>&#xD;
            &#xD;
                &lt;wd:Page>1&lt;/wd:Page>&#xD;
                &lt;wd:Count>100&lt;/wd:Count>&#xD;
            &lt;/wd:Response_Filter>&#xD;
            &lt;wd:Response_Group>&#xD;
                &lt;wd:Include_Reference>true&lt;/wd:Include_Reference>&#xD;
            &lt;/wd:Response_Group>&#xD;
        &lt;/wd:Get_Assign_User-Based_Security_Group_Request>&#xD;
    &lt;/env:Body>&#xD;
&lt;/env:Envelope></cc:text>
                    </cc:message>
                </cc:write>
            </cc:steps>
            <cc:send-error id="SendError" routes-to="PutReportWarning0"/>
        </cc:async-mediation>
        <cc:local-in id="PublishReportToUsers" routes-to="AsyncMediation11"/>
        <cc:local-out id="PutIntegrationEvent" endpoint="vm://wcc/PutIntegrationEvent">
            <cc:set name="is.event.completed" value="&quot;current&quot;"/>
        </cc:local-out>
        <cc:local-out id="CallCriticalError1" store-message="none" endpoint="vm://INT0171_Cap_Mkts_CODA_ESPP_Outbound/CriticalError"><cc:set name="ErrorMessage" value="'Encountered an error intializing integration ' +context.errorMessage"/><cc:set name="SubRoutineName" value="'InitMediation'"/><cc:set name="Severity" value="'CRITICAL'"/></cc:local-out>
        <cc:async-mediation id="SetCriticalErrorFlag" routes-to="WriteErrorToEvent">
            <cc:steps>
                <cc:eval id="setFlag">
                    <cc:expression>props['stopProcess'] = true;</cc:expression>
                </cc:eval>
            </cc:steps>
        </cc:async-mediation>
        <cc:local-in id="CriticalError" routes-to="SetCriticalErrorFlag"><cc:parameter name="ErrorMessage" type="string"/><cc:parameter name="SubRoutineName" type="string"/><cc:parameter default="'ERROR'" name="Severity" type="string"/></cc:local-in>
        <cc:local-out id="WriteErrorToEvent" endpoint="vm://wcc/PutIntegrationMessage">
            <cc:set name="is.message.severity" value="props['Severity']"/>
            <cc:set name="is.message.summary" value="'Error in '+props['SubRoutineName'] +', Message: ' +  props['ErrorMessage']"/>
            <cc:set name="is.message.storage.enabled" value="false"/>
        </cc:local-out>
        <cc:local-out id="CallCriticalError3" store-message="none" endpoint="vm://INT0171_Cap_Mkts_CODA_ESPP_Outbound/CriticalError">
            <cc:set name="SubRoutineName" value="'PopulatingHashmaps'"/>
            <cc:set name="ErrorMessage" value="'Integration terminated, Hashmap Data incorrect' +context.errorMessage"/>
        </cc:local-out>
        <cc:local-out id="CallCriticalError22" store-message="none" endpoint="vm://INT0171_Cap_Mkts_CODA_ESPP_Outbound/CriticalError">
            <cc:set name="SubRoutineName" value="'SavingInputFile'"/>
            <cc:set name="ErrorMessage" value="'Integration terminated, Failed Saving thr Input File' +context.errorMessage"/>
        <cc:set name="Severity" value="'CRITICAL'"/></cc:local-out>
        <cc:async-mediation id="AsyncMediation6" routes-to="EvalFile">
            <cc:steps>
                <cc:eval id="Eval">
                    <cc:expression>props['file_count']= da.size();</cc:expression>
                </cc:eval>
            </cc:steps>
        </cc:async-mediation>
        <cc:route id="EvalFile">
            <cc:mvel-strategy>
                <cc:choose-route expression="props['file_count'] ==1" route="FileFound"/>
                <cc:choose-route expression="true" route="NoFile"/>
            </cc:mvel-strategy>
            <cc:sub-route name="FileFound" routes-to="Route"/>
            <cc:sub-route name="NoFile" routes-to="CallEmptyFile0"/>
        </cc:route>
        <cc:async-mediation id="SaveValuesToHashMap" routes-to="Aggregator">
            <cc:steps>
                <cc:eval id="Eval">
                    <cc:expression>props['employee.id'] =  parts[0].xpath(&quot;row/Empl-ID&quot;)</cc:expression>
                    <cc:expression>props['employee.id.padding']= org.apache.commons.lang.StringUtils.leftPad( props['employee.id'], 9,'0')</cc:expression>
                </cc:eval>
                <cc:validate-exp id="ValidateExp" filter="false">
                    <cc:expression>props['hash.map.ReportData'].get(props['employee.id.padding'])!=null</cc:expression>
                </cc:validate-exp>
                <cc:eval id="InputfileVallues">
                    <cc:expression>props['Contribution.Amount'] =  parts[0].xpath('row/Employer-Contribution')</cc:expression>
                    <cc:expression>props['Company']= parts[0].xpath('row/Company')</cc:expression>
                    <cc:expression>vars['current.reprot.data'] = props['hash.map.ReportData'].get(props['employee.id.padding'])</cc:expression>
                    <cc:expression>props['Last_Payment_Date'] = vars['current.reprot.data'].xpath('wd:Report_Entry/wd:Last_Payment_Date')</cc:expression>
                    <cc:expression>props['PeriodEndDate'] = vars['current.reprot.data'].xpath('wd:Report_Entry/wd:PeriodEndDate')</cc:expression>
                    <cc:expression>props['FirstName'] = vars['current.reprot.data'].xpath('wd:Report_Entry/wd:Legal_First_Name')</cc:expression>
                    <cc:expression>props['LastName'] = vars['current.reprot.data'].xpath('wd:Report_Entry/wd:Legal_Last_Name')</cc:expression>
                    <cc:expression>props['Costcenter'] = vars['current.reprot.data'].xpath('wd:Report_Entry/wd:Cost_Center')</cc:expression>
                    <cc:expression>props['Offcycle'] = vars['current.reprot.data'].xpath('wd:Report_Entry/wd:Offcycle')</cc:expression>
                    <cc:expression>props['Contribution_Code'] = vars['current.reprot.data'].xpath('wd:Report_Entry/wd:Contribution_Code')</cc:expression>
                    <cc:expression>&#xD;
props['substring.PeriodEndDate']=props['PeriodEndDate'].toString().substring(0, 10);&#xD;
props['formatted.PeriodEnddate.filename']= java.time.LocalDate.parse(props['substring.PeriodEndDate'], java.time.format.DateTimeFormatter.ofPattern(&quot;yyyy-MM-dd&quot;)).format(java.time.format.DateTimeFormatter.ofPattern(&quot;yyyyMMdd&quot;))&#xD;
</cc:expression>
                    <cc:expression>props['CostcenterasofDate']= vars['current.reprot.data'].xpath('wd:Report_Entry/wd:Cost_Center_asofDate')</cc:expression></cc:eval>
                <cc:write id="Write" output-mimetype="text/xml">
                    <cc:message>
                        <cc:text>&lt;worker>&#xD;
&lt;Company>HNG&lt;/Company>&#xD;
&lt;CheckDate>@{props['p.payPeriodEndDateminus1day']}&lt;/CheckDate>&#xD;
&lt;PayEndDate>@{props['PeriodEndDate']}&lt;/PayEndDate>&#xD;
&lt;EmployeeID>@{props['employee.id.padding']}&lt;/EmployeeID>&#xD;
&lt;EmpLastName>@{props['LastName'] }&lt;/EmpLastName>&#xD;
&lt;EmpFirstName>@{props['FirstName'] }&lt;/EmpFirstName>&#xD;
&lt;Paygroup>ESPP&lt;/Paygroup>&#xD;
&lt;EarningsCode>&lt;/EarningsCode>&#xD;
&lt;EarningCodeDesc>&lt;/EarningCodeDesc>&#xD;
&lt;TaxType>&lt;/TaxType>&#xD;
&lt;TaxTypeDesc>&lt;/TaxTypeDesc>&#xD;
&lt;ContributionCode>ESPP&lt;/ContributionCode>&#xD;
&lt;ContributionCodeDesc>ESPP&lt;/ContributionCodeDesc>&#xD;
&lt;Costcenter>@{props['CostcenterasofDate']}&lt;/Costcenter>&#xD;
&lt;DebitAmount>@{props['Contribution.Amount']}&lt;/DebitAmount>&#xD;
&lt;CreditAmount>&lt;/CreditAmount>&#xD;
&lt;Offcycle>@{props['Offcycle']}&lt;/Offcycle>&#xD;
&lt;/worker></cc:text>
                    </cc:message>
                </cc:write>
            </cc:steps>
            <cc:send-error id="SendError" routes-to="PutIntegrationMessage"/>
        </cc:async-mediation>
        <cc:splitter id="SplitterFileContent">
            <cc:sub-route name="SubRoute" routes-to="SaveValuesToHashMap"/>
            <cc:xml-stream-splitter xpath="root/row"/>
        </cc:splitter>
        <cc:async-mediation id="InputFileTransformation" routes-to="SplitterFileContent">
            <cc:steps>
                <cc:csv-to-xml id="CsvToXml" output-mimetype="text/xml" format="rfc4180" separator="," useFirstLineAsHeader="true"/>
                <cc:log id="Log">
                    <cc:log-message>
                        <cc:line-separator/>
                        <cc:text>-----------------------------------------------------------INPUT FILE CODE ------------------------------</cc:text>
                        <cc:line-separator/>
                    </cc:log-message>
                </cc:log>
                <cc:xslt id="Xslt" url="XSLtoDeleteLastRow.xsl"/>
                <cc:write id="Write0">
                    <cc:message>
                        <cc:message-content/>
                    </cc:message>
                </cc:write>
            </cc:steps>
            <cc:send-error id="SendError" routes-to="CallCriticalError211"/>
        </cc:async-mediation>
        <cc:local-out id="CallCriticalError211" store-message="none" endpoint="vm://INT0171_Cap_Mkts_CODA_ESPP_Outbound/CriticalError">
            <cc:set name="SubRoutineName" value="'InputFileTransformation'"/>
            <cc:set name="ErrorMessage" value="'Integration terminated, Error Transforming the Input file or Removing the Trailer Record'"/>
        <cc:set name="Severity" value="'CRITICAL'"/></cc:local-out>
        <cc:local-out id="PutIntegrationMessage" endpoint="vm://wcc/PutIntegrationMessage"><cc:set name="is.message.severity" value="'WARNING'"/><cc:set name="is.message.summary" value="'Invalid Employee ID'"/><cc:set name="is.message.storage.enabled" value="false"/><cc:set name="is.message.detail" value="context.errorMessage"/></cc:local-out>
        <cc:local-out id="PutIntegrationMessage1" endpoint="vm://wcc/PutIntegrationMessage"><cc:set name="is.message.severity" value="'WARNING'"/><cc:set name="is.message.summary" value="'Integration Terminated, Since No Input File Generated'"/><cc:set name="is.message.storage.enabled" value="false"/><cc:set name="is.document.deliverable" value="'true'"/></cc:local-out>
        <cc:local-out id="CallEmptyFile" store-message="none" routes-response-to="PutIntegrationMessage2" endpoint="vm://INT0171_Cap_Mkts_CODA_ESPP_Outbound/EmptyFile"/>
        <cc:local-out id="CallEmptyFile0" store-message="none" routes-response-to="PutIntegrationMessage1" endpoint="vm://INT0171_Cap_Mkts_CODA_ESPP_Outbound/EmptyFile"/>
        <cc:local-out id="PutIntegrationMessage2" endpoint="vm://wcc/PutIntegrationMessage"><cc:set name="is.message.severity" value="'WARNING'"/><cc:set name="is.message.summary" value="'Integration Terminated, Since Empty File was Retrieved'"/><cc:set name="is.message.storage.enabled" value="false"/></cc:local-out>
        <cc:async-mediation id="AsyncMediation40" routes-to="AsyncMediation0">
            <cc:steps>
                <cc:eval id="Eval">
                    <cc:expression>//props['substring.rp.periodenddate']= props['report.PeriodEndDate'].substring(0,10);&#xD;
//props['Period.formattedDate'] = props['report.PeriodEndDate'].substring(0,10).replaceAll(&quot;-|:|[A-Z]&quot;,&quot;&quot;)&#xD;
</cc:expression>
                    <cc:expression>props['emptyfilegenerated']=true</cc:expression>
                </cc:eval>
                <cc:write id="Write" output="variable" output-mimetype="text/plain" output-variable="ESPPRegisterEmpty">
                    <cc:message>
                        <cc:text>H|FileType|ESPPRegister&#xD;
H|FileDate|@{props['today']}&#xD;
H|PayEndDate|@{props['p.formatted.payPeriodEndDate']}&#xD;
H|Series|001&#xD;
H|FileStatus|Empty&#xD;
H|FileStatusReason|No Input File Found&#xD;
</cc:text>
                    </cc:message>
                </cc:write>
                <cc:write id="Write0" output="variable" output-variable="ESPPSummaryEmpty">
                    <cc:message>
                        <cc:text>H|FileType|ESPPSummary&#xD;
H|FileDate|@{props['today']}&#xD;
H|PayEndDate|@{props['p.formatted.payPeriodEndDate']}&#xD;
H|Series|001&#xD;
H|FileStatus|Empty&#xD;
H|FileStatusReason|No Input File Found</cc:text>
                    </cc:message>
                </cc:write>
            </cc:steps>
        </cc:async-mediation>
        <cc:local-in id="EmptyFile0" routes-to="AsyncMediation40"/>
        <cc:async-mediation id="AsyncMediation0" handle-downstream-errors="true">
            <cc:steps>
                <cc:store id="Store" output="variable" output-mimetype="text/plain" output-variable="EmptyRegisterFile" input="variable" input-variable="ESPPRegisterEmpty" title="ESPP_@{props['p.formatted.payPeriodEndDate']}_@{props['p.series']}.dat.pgp"/>
                <cc:store id="Store0" output="variable" output-mimetype="text/plain" output-variable="EmptySummaryFile" input="variable" input-variable="ESPPSummaryEmpty" title="ESPPSummary_@{props['p.formatted.payPeriodEndDate']}_@{props['p.series']}.dat.pgp"/>
                <cc:eval id="Eval0">
                    <cc:expression>props['stopProcess'] = true;</cc:expression>
                </cc:eval>
            </cc:steps>
        </cc:async-mediation>
        <cc:async-mediation id="AsyncMediation2">
            <cc:steps>
                <cc:store id="Store" output="variable" output-mimetype="text/plain" output-variable="EmptyFileRegisterText" input="variable" input-variable="EmptyFile" title="ESPP_@{props['p.formatted.payPeriodEndDate']}_@{props['p.series']}.dat.pgp"/>
                <cc:store id="Store0" output="variable" output-mimetype="text/plain" output-variable="EmptySummaryFileText" input="variable" input-variable="EmptySummaryFile" title="ESPPSummary_@{props['p.formatted.payPeriodEndDate']}_@{props['p.series']}.dat.pgp"/>
                <cc:eval id="Eval0">
                    <cc:expression>props['stopProcess'] = true;</cc:expression>
                </cc:eval></cc:steps>
        </cc:async-mediation>
        <cc:local-out id="CallSubRoutine" store-message="none" routes-response-to="CallESPPRegisterFile" endpoint="vm://INT0171_Cap_Mkts_CODA_ESPP_Outbound/SubRoutine"><cc:set name="Aggregate" value="true"/></cc:local-out>
        <cc:local-in id="SubRoutine" routes-to="Aggregator"/>
	</cc:assembly>

</beans>