<?xml version="1.0" encoding="UTF-8"?>
<wdnm:Diagram xmlns:wdnm="http://workday.com/studio/editors/notation">
  <element href="assembly.xml#WorkdayAssembly"/>
  <visualProperties x="222" y="128">
    <element href="assembly.xml#Call-Initialize"/>
  </visualProperties>
  <visualProperties x="275" y="161">
    <element href="assembly.xml#Call-FileRetrieval"/>
  </visualProperties>
  <visualProperties x="88" y="297">
    <element href="assembly.xml#Call-GetWorker"/>
  </visualProperties>
  <visualProperties x="58" y="432">
    <element href="assembly.xml#Call-GetExistingInputs"/>
  </visualProperties>
  <visualProperties x="405" y="145">
    <element href="assembly.xml#Initialize"/>
  </visualProperties>
  <visualProperties>
    <element href="assembly.xml#FileRetrieval"/>
  </visualProperties>
  <visualProperties>
    <element href="assembly.xml#GetWorker"/>
  </visualProperties>
  <visualProperties>
    <element href="assembly.xml#GetExistingInputs"/>
  </visualProperties>
  <visualProperties x="529" y="128">
    <element href="assembly.xml#Props.LP.Declaration"/>
  </visualProperties>
  <visualProperties x="900" y="174">
    <element href="assembly.xml#Write.Initialise.Error"/>
  </visualProperties>
  <visualProperties x="1143" y="174">
    <element href="assembly.xml#Exit.Studio"/>
  </visualProperties>
  <visualProperties x="321" y="262">
    <element href="assembly.xml#StartHere"/>
  </visualProperties>
  <visualProperties x="621" y="1032">
    <element href="assembly.xml#Write.Global.errors"/>
  </visualProperties>
  <visualProperties x="574" y="609">
    <element href="assembly.xml#Is.File.available"/>
  </visualProperties>
  <visualProperties x="940" y="701">
    <element href="assembly.xml#Write.Retrieval.Error"/>
  </visualProperties>
  <visualProperties x="940" y="734">
    <element href="assembly.xml#Exit.File.Retrieval"/>
  </visualProperties>
  <visualProperties x="1000" y="636">
    <element href="assembly.xml#Csv.to.xml"/>
  </visualProperties>
  <visualProperties x="1676" y="701">
    <element href="assembly.xml#Write.XML.Conversion.Error"/>
  </visualProperties>
  <visualProperties x="612" y="1114">
    <element href="assembly.xml#Get.WWS.request"/>
  </visualProperties>
  <visualProperties x="786" y="1160">
    <element href="assembly.xml#Write.Getworkers.Error"/>
  </visualProperties>
  <visualProperties x="855" y="1239">
    <element href="assembly.xml#Exit.Get.Workers"/>
  </visualProperties>
  <visualProperties x="870" y="1288">
    <element href="assembly.xml#Get.Workers.Call"/>
  </visualProperties>
  <visualProperties x="1094" y="1288">
    <element href="assembly.xml#Format.Response"/>
  </visualProperties>
  <visualProperties x="1482" y="1288">
    <element href="assembly.xml#Write.Format.response.transform.errors"/>
  </visualProperties>
  <visualProperties x="630" y="1614">
    <element href="assembly.xml#Frame.WWS.Request"/>
  </visualProperties>
  <visualProperties x="882" y="1706">
    <element href="assembly.xml#Write.Get.Submit.PI.Error"/>
  </visualProperties>
  <visualProperties x="940" y="1724">
    <element href="assembly.xml#Get.Existing.PI"/>
  </visualProperties>
  <visualProperties x="1144" y="1724">
    <element href="assembly.xml#Log"/>
  </visualProperties>
  <visualProperties x="557" y="1951">
    <element href="assembly.xml#Prepare-ValidEE"/>
  </visualProperties>
  <visualProperties x="614" y="1970">
    <element href="assembly.xml#Route"/>
  </visualProperties>
  <visualProperties>
    <element href="assembly.xml#Load.int.Map"/>
  </visualProperties>
  <visualProperties>
    <element href="assembly.xml#Load.Getworker.Valid"/>
  </visualProperties>
  <visualProperties>
    <element href="assembly.xml#Load.Getworker.Invalid"/>
  </visualProperties>
  <visualProperties>
    <element href="assembly.xml#Load.Input"/>
  </visualProperties>
  <visualProperties x="1213" y="1997">
    <element href="assembly.xml#Collate.valid.records"/>
  </visualProperties>
  <visualProperties x="1418" y="2050">
    <element href="assembly.xml#Close.valid.agg"/>
  </visualProperties>
  <visualProperties x="1478" y="1997">
    <element href="assembly.xml#Valid.EEs"/>
  </visualProperties>
  <visualProperties x="1666" y="2062">
    <element href="assembly.xml#Valid_Invalid_EE.Error"/>
  </visualProperties>
  <visualProperties>
    <element href="assembly.xml#ImportpayrollPI"/>
  </visualProperties>
  <visualProperties>
    <element href="assembly.xml#Merge.ValidEE.PI"/>
  </visualProperties>
  <visualProperties>
    <element href="assembly.xml#Copy.Existing.Inputs"/>
  </visualProperties>
  <visualProperties>
    <element href="assembly.xml#Copy.Valid.EE"/>
  </visualProperties>
  <visualProperties>
    <element href="assembly.xml#Call.Merge.Resp.ValidEE"/>
  </visualProperties>
  <visualProperties>
    <element href="assembly.xml#Close.ImportPI.Agg"/>
  </visualProperties>
  <visualProperties>
    <element href="assembly.xml#Import.PI.Lookup"/>
  </visualProperties>
  <visualProperties>
    <element href="assembly.xml#Build.ImportPI.Request.loan1"/>
  </visualProperties>
  <visualProperties>
    <element href="assembly.xml#Write.ImportPI.Error"/>
  </visualProperties>
  <visualProperties>
    <element href="assembly.xml#SplitbyPI"/>
  </visualProperties>
  <visualProperties>
    <element href="assembly.xml#Process.PI"/>
  </visualProperties>
  <visualProperties>
    <element href="assembly.xml#Validation.Mode.ON"/>
  </visualProperties>
  <visualProperties>
    <element href="assembly.xml#Write.ImportPI.Call.errors"/>
  </visualProperties>
  <visualProperties>
    <element href="assembly.xml#Call.Import.PI"/>
  </visualProperties>
  <visualProperties>
    <element href="assembly.xml#Request.Response.WID"/>
  </visualProperties>
  <visualProperties>
    <element href="assembly.xml#Write.Response.transform.errors"/>
  </visualProperties>
  <visualProperties>
    <element href="assembly.xml#Close.ImportPI.resp.agg"/>
  </visualProperties>
  <visualProperties>
    <element href="assembly.xml#Collate.PI.response"/>
  </visualProperties>
  <visualProperties>
    <element href="assembly.xml#Valid.EE.Details"/>
  </visualProperties>
  <visualProperties>
    <element href="assembly.xml#Merge.ValidEE.Resp"/>
  </visualProperties>
  <visualProperties>
    <element href="assembly.xml#Store.response"/>
  </visualProperties>
  <visualProperties>
    <element href="assembly.xml#Write.audit.transform.errors"/>
  </visualProperties>
  <visualProperties>
    <element href="assembly.xml#Post.Import.Details"/>
  </visualProperties>
  <visualProperties>
    <element href="assembly.xml#Begin"/>
  </visualProperties>
  <visualProperties>
    <element href="assembly.xml#Call-Document-Retrieval"/>
  </visualProperties>
  <visualProperties>
    <element href="assembly.xml#Call.Close.response.agg"/>
  </visualProperties>
  <visualProperties>
    <element href="assembly.xml#Call-Write.Audit"/>
  </visualProperties>
  <visualProperties>
    <element href="assembly.xml#Call.Close.FinalAudit.agg"/>
  </visualProperties>
  <visualProperties>
    <element href="assembly.xml#Write.Exceptions"/>
  </visualProperties>
  <visualProperties>
    <element href="assembly.xml#Collate.Errors"/>
  </visualProperties>
  <visualProperties>
    <element href="assembly.xml#Call.Build.ImportPI.Validations"/>
  </visualProperties>
  <visualProperties>
    <element href="assembly.xml#Call.Exceptions"/>
  </visualProperties>
  <visualProperties>
    <element href="assembly.xml#Call-Close.final.errors.agg"/>
  </visualProperties>
  <visualProperties>
    <element href="assembly.xml#Build.ImportPI.Validations"/>
  </visualProperties>
  <visualProperties>
    <element href="assembly.xml#Copy.Sameamount.noloan.Errors"/>
  </visualProperties>
  <visualProperties>
    <element href="assembly.xml#Write.Copy.Sameamount.noloan.Errors"/>
  </visualProperties>
  <visualProperties>
    <element href="assembly.xml#Copy.Paygroup.Plan.Invalid.Errors"/>
  </visualProperties>
  <visualProperties>
    <element href="assembly.xml#Exceptions"/>
  </visualProperties>
  <visualProperties>
    <element href="assembly.xml#Close.final.errors.agg"/>
  </visualProperties>
  <visualProperties>
    <element href="assembly.xml#Collate.Final.Errors"/>
  </visualProperties>
  <visualProperties>
    <element href="assembly.xml#Store.Error.Records"/>
  </visualProperties>
  <visualProperties>
    <element href="assembly.xml#Write.Final.errortransform.errors"/>
  </visualProperties>
  <visualProperties>
    <element href="assembly.xml#Post.Error.Details"/>
  </visualProperties>
  <visualProperties>
    <element href="assembly.xml#Retrieve.Output"/>
  </visualProperties>
  <visualProperties>
    <element href="assembly.xml#Attributes.and.Props"/>
  </visualProperties>
  <visualProperties>
    <element href="assembly.xml#Write.Retrieve.Output.Error"/>
  </visualProperties>
  <visualProperties>
    <element href="assembly.xml#Retrieve.Output.Documents"/>
  </visualProperties>
  <visualProperties>
    <element href="assembly.xml#GetImportWIDsFiles"/>
  </visualProperties>
  <visualProperties>
    <element href="assembly.xml#Route.Output"/>
  </visualProperties>
  <visualProperties>
    <element href="assembly.xml#Copy.Import.Details.with.WID"/>
  </visualProperties>
  <visualProperties>
    <element href="assembly.xml#Write.ImportPI.empty.error"/>
  </visualProperties>
  <visualProperties>
    <element href="assembly.xml#Copy.Exceptionlog.To.Var"/>
  </visualProperties>
  <visualProperties>
    <element href="assembly.xml#Call.Consolidate.Errors"/>
  </visualProperties>
  <visualProperties>
    <element href="assembly.xml#SplitByBatch.Request"/>
  </visualProperties>
  <visualProperties>
    <element href="assembly.xml#PrepareImportMsgWS0"/>
  </visualProperties>
  <visualProperties>
    <element href="assembly.xml#GetImportProcess"/>
  </visualProperties>
  <visualProperties>
    <element href="assembly.xml#ProcessErrors"/>
  </visualProperties>
  <visualProperties>
    <element href="assembly.xml#Write.Import.PI.transform.errors"/>
  </visualProperties>
  <visualProperties>
    <element href="assembly.xml#CloseErrorResponsesAgg"/>
  </visualProperties>
  <visualProperties>
    <element href="assembly.xml#Consolidate.GetImp.process.Errors"/>
  </visualProperties>
  <visualProperties>
    <element href="assembly.xml#Consolidate.Errors"/>
  </visualProperties>
  <visualProperties>
    <element href="assembly.xml#Copy.Final.Error"/>
  </visualProperties>
  <visualProperties>
    <element href="assembly.xml#Write.Audit"/>
  </visualProperties>
  <visualProperties>
    <element href="assembly.xml#Process.Audit"/>
  </visualProperties>
  <visualProperties>
    <element href="assembly.xml#Call.Copy.PIImport"/>
  </visualProperties>
  <visualProperties>
    <element href="assembly.xml#Call.Copy.Errorsfinal"/>
  </visualProperties>
  <visualProperties>
    <element href="assembly.xml#Copy.full.PIImport"/>
  </visualProperties>
  <visualProperties>
    <element href="assembly.xml#Success"/>
  </visualProperties>
  <visualProperties>
    <element href="assembly.xml#Errors"/>
  </visualProperties>
  <visualProperties>
    <element href="assembly.xml#Copy.final.Errors"/>
  </visualProperties>
  <visualProperties>
    <element href="assembly.xml#Close.final.audit.agg"/>
  </visualProperties>
  <visualProperties>
    <element href="assembly.xml#Merge.Success.Error"/>
  </visualProperties>
  <visualProperties>
    <element href="assembly.xml#Audit.log"/>
  </visualProperties>
  <visualProperties>
    <element href="assembly.xml#Write.Final.audit.transform.errors"/>
  </visualProperties>
  <visualProperties>
    <element href="assembly.xml#//@beans/@mixed.1/@mixed.227"/>
  </visualProperties>
  <visualProperties>
    <element href="assembly.xml#Write.Global.errors0"/>
  </visualProperties>
  <visualProperties x="308" y="427">
    <element href="assembly.xml#Call-Prepare-ValidEE"/>
  </visualProperties>
  <visualProperties x="564" y="427">
    <element href="assembly.xml#Call.Close.Valid.agg"/>
  </visualProperties>
  <visualProperties x="811" y="427">
    <element href="assembly.xml#Call-Importpayroll-PI"/>
  </visualProperties>
  <visualProperties x="1059" y="427">
    <element href="assembly.xml#Call-ImportPI-Agg"/>
  </visualProperties>
  <visualProperties x="1285" y="427">
    <element href="assembly.xml#Call-ImportPI.resp.agg"/>
  </visualProperties>
  <visualProperties x="1549" y="427">
    <element href="assembly.xml#Call-Write.Exceptions"/>
  </visualProperties>
  <visualProperties x="1924" y="2806">
    <element href="assembly.xml#Build.ImportPI.Request.loan2"/>
  </visualProperties>
  <visualProperties x="1636" y="2917">
    <element href="assembly.xml#Batch.PI.Records"/>
  </visualProperties>
  <visualProperties x="2607" y="2688">
    <element href="assembly.xml#Write.ImportPI.Error0"/>
  </visualProperties>
  <visualProperties x="3036" y="2688">
    <element href="assembly.xml#Write.BatchPI.Error"/>
  </visualProperties>
  <visualProperties x="2650" y="2642">
    <element href="assembly.xml#Merge"/>
  </visualProperties>
  <visualProperties x="2805" y="2657">
    <element href="assembly.xml#CopyLoan1"/>
  </visualProperties>
  <visualProperties x="2862" y="2755">
    <element href="assembly.xml#CopyLoan2"/>
  </visualProperties>
  <visualProperties x="2977" y="2680">
    <element href="assembly.xml#Aggregator"/>
  </visualProperties>
  <visualProperties x="145" y="779">
    <element href="assembly.xml#Call-Merge-Requests"/>
  </visualProperties>
  <visualProperties x="5994" y="2805">
    <element href="assembly.xml#Close.Merge.Req"/>
  </visualProperties>
  <visualProperties x="1345" y="3479">
    <element href="assembly.xml#Build.ImportPI.Validations2"/>
  </visualProperties>
  <visualProperties x="1735" y="3435">
    <element href="assembly.xml#Write.Copy.Sameamount.noloan.Errors2"/>
  </visualProperties>
  <visualProperties x="1735" y="3468">
    <element href="assembly.xml#Copy.Sameamount.noloan.Errors2"/>
  </visualProperties>
  <visualProperties x="1230" y="3258">
    <element href="assembly.xml#Call.Build.ImportPI.Validations2"/>
  </visualProperties>
  <connections type="routesResponseTo" sourceAnchorX="0.6256684491978609" sourceAnchorY="1.0" targetAnchorX="0.5721649484536082" targetAnchorY="0.8108108108108109">
    <source href="assembly.xml#Call-Initialize"/>
    <target href="assembly.xml#Call-FileRetrieval"/>
  </connections>
  <connections type="routesResponseTo" sourceAnchorX="0.7458563535911602" sourceAnchorY="1.0" targetAnchorX="0.5458937198067633" targetAnchorY="0.2702702702702703">
    <source href="assembly.xml#Call-GetWorker"/>
    <target href="assembly.xml#Call-GetExistingInputs"/>
  </connections>
  <connections type="routesTo" sourceAnchorX="0.7916666666666666" sourceAnchorY="1.0" targetAnchorX="0.4968152866242038" targetAnchorY="0.8378378378378378">
    <source href="assembly.xml#StartHere"/>
    <target href="assembly.xml#Call-Initialize"/>
  </connections>
  <connections type="routesTo" sourceAnchorX="0.7416666666666667" sourceAnchorY="1.0" targetAnchorX="0.03225806451612903" targetAnchorY="0.37209302325581395">
    <source href="assembly.xml#Initialize"/>
    <target href="assembly.xml#Props.LP.Declaration"/>
  </connections>
  <connections type="routesTo" sourceAnchorX="0.3083832335329341" sourceAnchorY="1.0" targetAnchorX="0.5023474178403756" targetAnchorY="0.35135135135135137">
    <source href="assembly.xml#//@beans/@mixed.1/@mixed.17/@mixed.3"/>
    <target href="assembly.xml#Write.Initialise.Error"/>
  </connections>
  <connections type="routesResponseTo" sourceAnchorX="0.6338028169014085" sourceAnchorY="1.0" targetAnchorX="0.4015748031496063" targetAnchorY="0.09183673469387756">
    <source href="assembly.xml#Write.Initialise.Error"/>
    <target href="assembly.xml#Exit.Studio"/>
  </connections>
  <connections type="routesTo" sourceAnchorX="0.37579617834394907" sourceAnchorY="1.0" targetAnchorX="0.5681818181818182" targetAnchorY="0.21621621621621623">
    <source href="assembly.xml#//@beans/@mixed.1/@mixed.27/@mixed.3"/>
    <target href="assembly.xml#Write.Retrieval.Error"/>
  </connections>
  <connections type="routesResponseTo" sourceAnchorX="0.6136363636363636" sourceAnchorY="1.0" targetAnchorX="0.7071823204419889" targetAnchorY="0.3877551020408163">
    <source href="assembly.xml#Write.Retrieval.Error"/>
    <target href="assembly.xml#Exit.File.Retrieval"/>
  </connections>
  <connections type="routesTo" sourceAnchorX="0.554140127388535" sourceAnchorY="1.0" targetAnchorX="0.04361370716510903" targetAnchorY="0.05426356589147287">
    <source href="assembly.xml#FileRetrieval"/>
    <target href="assembly.xml#Is.File.available"/>
  </connections>
  <connections type="routesTo" sourceAnchorX="0.2257100149476831" sourceAnchorY="1.0" targetAnchorX="0.5836298932384342" targetAnchorY="0.8918918918918919">
    <source href="assembly.xml#//@beans/@mixed.1/@mixed.33/@mixed.3"/>
    <target href="assembly.xml#Write.XML.Conversion.Error"/>
  </connections>
  <connections type="routesTo" sourceAnchorX="1.0" sourceAnchorY="0.17829457364341086" targetAnchorX="0.02666666666666667" targetAnchorY="0.2868217054263566">
    <source href="assembly.xml#Is.File.available"/>
    <target href="assembly.xml#Csv.to.xml"/>
  </connections>
  <connections type="routesTo" sourceAnchorX="0.6736111111111112" sourceAnchorY="1.0" targetAnchorX="0.10160427807486631" targetAnchorY="0.35658914728682173">
    <source href="assembly.xml#GetWorker"/>
    <target href="assembly.xml#Get.WWS.request"/>
  </connections>
  <connections type="routesTo" sourceAnchorX="0.32222222222222224" sourceAnchorY="1.0" targetAnchorX="0.3775933609958506" targetAnchorY="0.3783783783783784">
    <source href="assembly.xml#//@beans/@mixed.1/@mixed.37/@mixed.3"/>
    <target href="assembly.xml#Write.Getworkers.Error"/>
  </connections>
  <connections type="routesTo" sourceAnchorX="1.0" sourceAnchorY="0.2248062015503876" targetAnchorX="0.09278350515463918" targetAnchorY="0.7027027027027027">
    <source href="assembly.xml#Get.WWS.request"/>
    <target href="assembly.xml#Get.Workers.Call"/>
  </connections>
  <connections type="routesResponseTo" sourceAnchorX="0.6752577319587629" sourceAnchorY="1.0" targetAnchorX="0.10335195530726257" targetAnchorY="0.2868217054263566">
    <source href="assembly.xml#Get.Workers.Call"/>
    <target href="assembly.xml#Format.Response"/>
  </connections>
  <connections type="routesTo" sourceAnchorX="0.5128205128205128" sourceAnchorY="1.0" targetAnchorX="0.5876010781671159" targetAnchorY="0.40540540540540543">
    <source href="assembly.xml#//@beans/@mixed.1/@mixed.45/@mixed.3"/>
    <target href="assembly.xml#Write.Format.response.transform.errors"/>
  </connections>
  <connections type="routesTo" sourceAnchorX="0.8133971291866029" sourceAnchorY="1.0" targetAnchorX="0.5366795366795367" targetAnchorY="0.32432432432432434">
    <source href="assembly.xml#//@beans/@mixed.1/@mixed.49/@mixed.3"/>
    <target href="assembly.xml#Write.Get.Submit.PI.Error"/>
  </connections>
  <connections type="routesTo" sourceAnchorX="1.0" sourceAnchorY="0.17054263565891473" targetAnchorX="0.1896551724137931" targetAnchorY="0.6216216216216216">
    <source href="assembly.xml#Frame.WWS.Request"/>
    <target href="assembly.xml#Get.Existing.PI"/>
  </connections>
  <connections type="routesResponseTo" sourceAnchorX="0.8103448275862069" sourceAnchorY="1.0" targetAnchorX="0.3" targetAnchorY="0.5408163265306123">
    <source href="assembly.xml#Get.Existing.PI"/>
    <target href="assembly.xml#Log"/>
  </connections>
  <connections type="routesTo" sourceAnchorX="0.5612244897959183" sourceAnchorY="1.0" targetAnchorX="0.023148148148148147" targetAnchorY="0.4418604651162791">
    <source href="assembly.xml#GetExistingInputs"/>
    <target href="assembly.xml#Frame.WWS.Request"/>
  </connections>
  <connections type="routesResponseTo" sourceAnchorX="0.634020618556701" sourceAnchorY="1.0" targetAnchorX="0.6187845303867403" targetAnchorY="0.9459459459459459">
    <source href="assembly.xml#Call-FileRetrieval"/>
    <target href="assembly.xml#Call-GetWorker"/>
  </connections>
  <connections type="routesTo" sourceAnchorX="1.0" sourceAnchorY="0.7647058823529411" targetAnchorX="0.11822660098522167" targetAnchorY="0.6530612244897959">
    <source href="assembly.xml#//@beans/@mixed.1/@route.1/@subRoute.0"/>
    <target href="assembly.xml#Copy.Existing.Inputs"/>
  </connections>
  <connections type="routesTo" sourceAnchorX="0.7" sourceAnchorY="1.0" targetAnchorX="0.0967741935483871" targetAnchorY="0.4489795918367347">
    <source href="assembly.xml#//@beans/@mixed.1/@route.1/@subRoute.1"/>
    <target href="assembly.xml#Copy.Valid.EE"/>
  </connections>
  <connections type="routesTo" sourceAnchorX="1.0" sourceAnchorY="0.2647058823529412" targetAnchorX="0.027472527472527472" targetAnchorY="0.4594594594594595">
    <source href="assembly.xml#//@beans/@mixed.1/@route.1/@subRoute.2"/>
    <target href="assembly.xml#Call.Merge.Resp.ValidEE"/>
  </connections>
  <connections type="routesTo" sourceAnchorX="1.0" sourceAnchorY="0.09183673469387756" targetAnchorX="0.1791044776119403" targetAnchorY="0.18867924528301888">
    <source href="assembly.xml#Copy.Existing.Inputs"/>
    <target href="assembly.xml#Import.PI.Lookup"/>
  </connections>
  <connections type="routesTo" sourceAnchorX="1.0" sourceAnchorY="0.29591836734693877" targetAnchorX="0.07462686567164178" targetAnchorY="0.49056603773584906">
    <source href="assembly.xml#Copy.Valid.EE"/>
    <target href="assembly.xml#Import.PI.Lookup"/>
  </connections>
  <connections type="routesTo" sourceAnchorX="0.3492822966507177" sourceAnchorY="1.0" targetAnchorX="0.36318407960199006" targetAnchorY="0.2830188679245283">
    <source href="assembly.xml#Close.ImportPI.Agg"/>
    <target href="assembly.xml#Import.PI.Lookup"/>
  </connections>
  <connections type="routesTo" sourceAnchorX="1.0" sourceAnchorY="0.11320754716981132" targetAnchorX="0.1780821917808219" targetAnchorY="0.6224489795918368">
    <source href="assembly.xml#Import.PI.Lookup"/>
    <target href="assembly.xml#Build.ImportPI.Request.loan1"/>
  </connections>
  <connections type="routesTo" sourceAnchorX="1.0" sourceAnchorY="0.18604651162790697" targetAnchorX="0.36673773987206826" targetAnchorY="0.5306122448979592">
    <source href="assembly.xml#Build.ImportPI.Request.loan1"/>
    <target href="assembly.xml#Build.ImportPI.Request.loan2"/>
  </connections>
  <connections type="routesTo" sourceAnchorX="0.3374485596707819" sourceAnchorY="1.0" targetAnchorX="0.4252336448598131" targetAnchorY="0.6756756756756757">
    <source href="assembly.xml#//@beans/@mixed.1/@mixed.107/@mixed.3"/>
    <target href="assembly.xml#Write.ImportPI.Error"/>
  </connections>
  <connections type="routesTo" sourceAnchorX="0.7815126050420168" sourceAnchorY="1.0" targetAnchorX="0.10119047619047619" targetAnchorY="0.8478260869565217">
    <source href="assembly.xml#//@beans/@mixed.1/@splitter.0/@subRoute.0"/>
    <target href="assembly.xml#Process.PI"/>
  </connections>
  <connections type="routesTo" sourceAnchorX="1.0" sourceAnchorY="0.23469387755102042" targetAnchorX="0.30845771144278605" targetAnchorY="0.19387755102040816">
    <source href="assembly.xml#Process.PI"/>
    <target href="assembly.xml#Validation.Mode.ON"/>
  </connections>
  <connections type="routesTo" sourceAnchorX="1.0" sourceAnchorY="0.3469387755102041" targetAnchorX="0.21105527638190955" targetAnchorY="0.2702702702702703">
    <source href="assembly.xml#Validation.Mode.ON"/>
    <target href="assembly.xml#Call.Import.PI"/>
  </connections>
  <connections type="routesTo" sourceAnchorX="0.4329896907216495" sourceAnchorY="1.0" targetAnchorX="0.36099585062240663" targetAnchorY="0.35135135135135137">
    <source href="assembly.xml#//@beans/@mixed.1/@mixed.99/@mixed.3"/>
    <target href="assembly.xml#Write.ImportPI.Call.errors"/>
  </connections>
  <connections type="routesResponseTo" sourceAnchorX="0.4233128834355828" sourceAnchorY="1.0" targetAnchorX="0.15457413249211358" targetAnchorY="0.10204081632653061">
    <source href="assembly.xml#Call.Import.PI"/>
    <target href="assembly.xml#Request.Response.WID"/>
  </connections>
  <connections type="routesTo" sourceAnchorX="1.0" sourceAnchorY="0.23469387755102042" targetAnchorX="0.03482587064676617" targetAnchorY="0.20754716981132076">
    <source href="assembly.xml#Request.Response.WID"/>
    <target href="assembly.xml#Collate.PI.response"/>
  </connections>
  <connections type="routesTo" sourceAnchorX="0.4967741935483871" sourceAnchorY="1.0" targetAnchorX="0.4889589905362776" targetAnchorY="0.7297297297297297">
    <source href="assembly.xml#//@beans/@mixed.1/@mixed.93/@mixed.3"/>
    <target href="assembly.xml#Write.Response.transform.errors"/>
  </connections>
  <connections type="routesTo" sourceAnchorX="0.49193548387096775" sourceAnchorY="1.0" targetAnchorX="0.6119402985074627" targetAnchorY="0.3018867924528302">
    <source href="assembly.xml#Close.ImportPI.resp.agg"/>
    <target href="assembly.xml#Collate.PI.response"/>
  </connections>
  <connections type="routesTo" sourceAnchorX="1.0" sourceAnchorY="0.2169811320754717" targetAnchorX="0.041666666666666664" targetAnchorY="0.7065217391304348">
    <source href="assembly.xml#Collate.PI.response"/>
    <target href="assembly.xml#Store.response"/>
  </connections>
  <connections type="routesTo">
    <source href="assembly.xml#Valid.EE.Details"/>
    <target href="assembly.xml#Collate.PI.response"/>
  </connections>
  <connections type="routesTo" sourceAnchorX="0.6261261261261262" sourceAnchorY="1.0" targetAnchorX="0.6094674556213018" targetAnchorY="0.7959183673469388">
    <source href="assembly.xml#Merge.ValidEE.Resp"/>
    <target href="assembly.xml#Valid.EE.Details"/>
  </connections>
  <connections type="routesTo" sourceAnchorX="1.0" sourceAnchorY="0.2857142857142857" targetAnchorX="0.17131474103585656" targetAnchorY="0.24324324324324326">
    <source href="assembly.xml#Store.response"/>
    <target href="assembly.xml#Post.Import.Details"/>
  </connections>
  <connections type="routesTo" sourceAnchorX="0.5503875968992248" sourceAnchorY="1.0" targetAnchorX="0.52" targetAnchorY="0.6756756756756757">
    <source href="assembly.xml#//@beans/@mixed.1/@mixed.81/@mixed.3"/>
    <target href="assembly.xml#Write.audit.transform.errors"/>
  </connections>
  <connections type="routesTo" sourceAnchorX="0.5242718446601942" sourceAnchorY="1.0" targetAnchorX="0.19444444444444445" targetAnchorY="0.24324324324324326">
    <source href="assembly.xml#Begin"/>
    <target href="assembly.xml#Call-Document-Retrieval"/>
  </connections>
  <connections type="routesResponseTo" sourceAnchorX="0.5277777777777778" sourceAnchorY="1.0" targetAnchorX="0.17032967032967034" targetAnchorY="0.24324324324324326">
    <source href="assembly.xml#Call-Document-Retrieval"/>
    <target href="assembly.xml#Call.Close.response.agg"/>
  </connections>
  <connections type="routesResponseTo" sourceAnchorX="0.8181818181818182" sourceAnchorY="1.0" targetAnchorX="0.1270718232044199" targetAnchorY="0.43243243243243246">
    <source href="assembly.xml#Call.Close.response.agg"/>
    <target href="assembly.xml#Call-Write.Audit"/>
  </connections>
  <connections type="routesResponseTo" sourceAnchorX="0.6353591160220995" sourceAnchorY="1.0" targetAnchorX="0.13178294573643412" targetAnchorY="0.5135135135135135">
    <source href="assembly.xml#Call-Write.Audit"/>
    <target href="assembly.xml#Call.Close.FinalAudit.agg"/>
  </connections>
  <connections type="routesTo" sourceAnchorX="0.7486910994764397" sourceAnchorY="1.0" targetAnchorX="0.3684210526315789" targetAnchorY="0.0">
    <source href="assembly.xml#Write.Exceptions"/>
    <target href="assembly.xml#Collate.Errors"/>
  </connections>
  <connections type="routesTo" sourceAnchorX="1.0" sourceAnchorY="0.23529411764705882" targetAnchorX="0.07692307692307693" targetAnchorY="0.4864864864864865">
    <source href="assembly.xml#//@beans/@mixed.1/@route.2/@subRoute.0"/>
    <target href="assembly.xml#Call.Build.ImportPI.Validations"/>
  </connections>
  <connections type="routesTo" sourceAnchorX="0.9208333333333333" sourceAnchorY="1.0" targetAnchorX="0.04276315789473684" targetAnchorY="0.5675675675675675">
    <source href="assembly.xml#//@beans/@mixed.1/@route.2/@subRoute.1"/>
    <target href="assembly.xml#Call.Build.ImportPI.Validations2"/>
  </connections>
  <connections type="routesTo" sourceAnchorX="0.7416666666666667" sourceAnchorY="1.0" targetAnchorX="0.08888888888888889" targetAnchorY="0.7027027027027027">
    <source href="assembly.xml#//@beans/@mixed.1/@route.2/@subRoute.2"/>
    <target href="assembly.xml#Call.Exceptions"/>
  </connections>
  <connections type="routesTo" sourceAnchorX="0.25193798449612403" sourceAnchorY="1.0" targetAnchorX="0.21241830065359477" targetAnchorY="0.2608695652173913">
    <source href="assembly.xml#Build.ImportPI.Validations"/>
    <target href="assembly.xml#Copy.Sameamount.noloan.Errors"/>
  </connections>
  <connections type="routesTo" sourceAnchorX="0.7254901960784313" sourceAnchorY="1.0" targetAnchorX="0.1044776119402985" targetAnchorY="0.29245283018867924">
    <source href="assembly.xml#Copy.Sameamount.noloan.Errors"/>
    <target href="assembly.xml#Collate.Final.Errors"/>
  </connections>
  <connections type="routesTo" sourceAnchorX="0.4782608695652174" sourceAnchorY="1.0" targetAnchorX="0.5737051792828686" targetAnchorY="0.6756756756756757">
    <source href="assembly.xml#//@beans/@mixed.1/@mixed.149/@mixed.3"/>
    <target href="assembly.xml#Write.Copy.Sameamount.noloan.Errors"/>
  </connections>
  <connections type="routesTo" sourceAnchorX="1.0" sourceAnchorY="0.22448979591836735" targetAnchorX="0.04975124378109453" targetAnchorY="0.6509433962264151" curveType="curved">
    <source href="assembly.xml#Copy.Paygroup.Plan.Invalid.Errors"/>
    <target href="assembly.xml#Collate.Final.Errors"/>
    <bendpoints sourceX="66" sourceY="7" targetX="14" targetY="68"/>
  </connections>
  <connections type="routesTo" sourceAnchorX="0.5138888888888888" sourceAnchorY="1.0" targetAnchorX="0.20253164556962025" targetAnchorY="0.6521739130434783">
    <source href="assembly.xml#Exceptions"/>
    <target href="assembly.xml#Copy.Paygroup.Plan.Invalid.Errors"/>
  </connections>
  <connections type="routesTo" sourceAnchorY="1.0" targetAnchorX="0.5671641791044776" targetAnchorY="0.24528301886792453">
    <source href="assembly.xml#Close.final.errors.agg"/>
    <target href="assembly.xml#Collate.Final.Errors"/>
  </connections>
  <connections type="routesTo" sourceAnchorX="1.0" sourceAnchorY="0.29245283018867924" targetAnchorX="0.13653136531365315" targetAnchorY="0.17829457364341086">
    <source href="assembly.xml#Collate.Final.Errors"/>
    <target href="assembly.xml#Store.Error.Records"/>
  </connections>
  <connections type="routesTo" sourceAnchorX="1.0" sourceAnchorY="0.15306122448979592" targetAnchorX="0.19123505976095617" targetAnchorY="0.02702702702702703">
    <source href="assembly.xml#Store.Error.Records"/>
    <target href="assembly.xml#Post.Error.Details"/>
  </connections>
  <connections type="routesTo" sourceAnchorX="0.5189393939393939" sourceAnchorY="1.0" targetAnchorX="0.44089456869009586" targetAnchorY="0.7027027027027027">
    <source href="assembly.xml#//@beans/@mixed.1/@mixed.137/@mixed.3"/>
    <target href="assembly.xml#Write.Final.errortransform.errors"/>
  </connections>
  <connections type="routesTo" sourceAnchorX="0.5804878048780487" sourceAnchorY="1.0" targetAnchorX="0.07086614173228346" targetAnchorY="0.3643410852713178">
    <source href="assembly.xml#Retrieve.Output"/>
    <target href="assembly.xml#Attributes.and.Props"/>
  </connections>
  <connections type="routesTo" sourceAnchorX="1.0" sourceAnchorY="0.21705426356589147" targetAnchorX="0.05172413793103448" targetAnchorY="0.4594594594594595">
    <source href="assembly.xml#Attributes.and.Props"/>
    <target href="assembly.xml#Retrieve.Output.Documents"/>
  </connections>
  <connections type="routesTo" sourceAnchorX="0.5532994923857868" sourceAnchorY="1.0" targetAnchorX="0.34545454545454546" targetAnchorY="0.4864864864864865">
    <source href="assembly.xml#//@beans/@mixed.1/@mixed.197/@mixed.3"/>
    <target href="assembly.xml#Write.Retrieve.Output.Error"/>
  </connections>
  <connections type="routesResponseTo" sourceAnchorX="0.8577586206896551" sourceAnchorY="1.0" targetAnchorX="0.16666666666666666" targetAnchorY="0.05747126436781609">
    <source href="assembly.xml#Retrieve.Output.Documents"/>
    <target href="assembly.xml#GetImportWIDsFiles"/>
  </connections>
  <connections type="routesTo" sourceAnchorX="0.8425925925925926" sourceAnchorY="1.0" targetAnchorX="0.174496644295302" targetAnchorY="0.4857142857142857">
    <source href="assembly.xml#//@beans/@mixed.1/@route.4/@subRoute.0"/>
    <target href="assembly.xml#Route.Output"/>
  </connections>
  <connections type="routesTo" sourceAnchorX="0.7481481481481481" sourceAnchorY="1.0" targetAnchorX="0.13793103448275862" targetAnchorY="0.6434108527131783">
    <source href="assembly.xml#//@beans/@mixed.1/@route.3/@subRoute.0"/>
    <target href="assembly.xml#Copy.Import.Details.with.WID"/>
  </connections>
  <connections type="routesTo" sourceAnchorX="0.4222222222222222" sourceAnchorY="1.0" targetAnchorX="0.06382978723404255" targetAnchorY="0.37209302325581395">
    <source href="assembly.xml#//@beans/@mixed.1/@route.3/@subRoute.1"/>
    <target href="assembly.xml#Copy.Exceptionlog.To.Var"/>
  </connections>
  <connections type="routesTo" sourceAnchorX="1.0" sourceAnchorY="0.30612244897959184" targetAnchorX="0.08796296296296297" targetAnchorY="0.19540229885057472">
    <source href="assembly.xml#Copy.Import.Details.with.WID"/>
    <target href="assembly.xml#SplitByBatch.Request"/>
  </connections>
  <connections type="routesTo" sourceAnchorX="0.2718676122931442" sourceAnchorY="1.0" targetAnchorX="0.4431818181818182" targetAnchorY="0.24324324324324326">
    <source href="assembly.xml#//@beans/@mixed.1/@mixed.187/@mixed.3"/>
    <target href="assembly.xml#Write.ImportPI.empty.error"/>
  </connections>
  <connections type="routesTo" sourceAnchorX="1.0" sourceAnchorY="0.35714285714285715" targetAnchorX="0.25274725274725274" targetAnchorY="0.40540540540540543">
    <source href="assembly.xml#Copy.Exceptionlog.To.Var"/>
    <target href="assembly.xml#Call.Consolidate.Errors"/>
  </connections>
  <connections type="routesTo" sourceAnchorX="1.0" sourceAnchorY="0.2647058823529412" targetAnchorX="0.07339449541284404" targetAnchorY="0.391304347826087">
    <source href="assembly.xml#//@beans/@mixed.1/@splitter.1/@subRoute.0"/>
    <target href="assembly.xml#PrepareImportMsgWS0"/>
  </connections>
  <connections type="routesTo" sourceAnchorX="0.558974358974359" sourceAnchorY="1.0" targetAnchorX="0.1956521739130435" targetAnchorY="0.2972972972972973">
    <source href="assembly.xml#PrepareImportMsgWS0"/>
    <target href="assembly.xml#GetImportProcess"/>
  </connections>
  <connections type="routesResponseTo" sourceAnchorX="0.782608695652174" sourceAnchorY="1.0" targetAnchorX="0.10242587601078167" targetAnchorY="0.12244897959183673">
    <source href="assembly.xml#GetImportProcess"/>
    <target href="assembly.xml#ProcessErrors"/>
  </connections>
  <connections type="routesTo" sourceAnchorX="1.0" sourceAnchorY="0.14285714285714285" targetAnchorX="0.024922118380062305" targetAnchorY="0.09433962264150944">
    <source href="assembly.xml#ProcessErrors"/>
    <target href="assembly.xml#Consolidate.GetImp.process.Errors"/>
  </connections>
  <connections type="routesTo" sourceAnchorX="0.4010989010989011" sourceAnchorY="1.0" targetAnchorX="0.4803921568627451" targetAnchorY="0.5405405405405406">
    <source href="assembly.xml#//@beans/@mixed.1/@mixed.173/@mixed.3"/>
    <target href="assembly.xml#Write.Import.PI.transform.errors"/>
  </connections>
  <connections type="routesTo" sourceAnchorX="0.3371212121212121" sourceAnchorY="1.0" targetAnchorX="0.44776119402985076" targetAnchorY="0.24528301886792453">
    <source href="assembly.xml#CloseErrorResponsesAgg"/>
    <target href="assembly.xml#Consolidate.GetImp.process.Errors"/>
  </connections>
  <connections type="routesTo" sourceAnchorX="1.0" sourceAnchorY="0.18867924528301888" targetAnchorX="0.14534883720930233" targetAnchorY="0.4387755102040816">
    <source href="assembly.xml#Consolidate.GetImp.process.Errors"/>
    <target href="assembly.xml#Copy.Final.Error"/>
  </connections>
  <connections type="routesTo" sourceAnchorX="0.7475728155339806" sourceAnchorY="1.0" targetAnchorX="0.5295950155763239" targetAnchorY="0.9528301886792453">
    <source href="assembly.xml#Consolidate.Errors"/>
    <target href="assembly.xml#Consolidate.GetImp.process.Errors"/>
  </connections>
  <connections type="routesTo" sourceAnchorX="0.6875" sourceAnchorY="1.0" targetAnchorX="0.553030303030303" targetAnchorY="0.04519774011299435">
    <source href="assembly.xml#Write.Audit"/>
    <target href="assembly.xml#Process.Audit"/>
  </connections>
  <connections type="routesTo" sourceAnchorX="1.0" sourceAnchorY="0.5882352941176471" targetAnchorX="0.04411764705882353" targetAnchorY="0.35135135135135137">
    <source href="assembly.xml#//@beans/@mixed.1/@route.5/@subRoute.0"/>
    <target href="assembly.xml#Call.Copy.PIImport"/>
  </connections>
  <connections type="routesTo" sourceAnchorX="1.0" sourceAnchorY="0.7941176470588235" targetAnchorX="0.06787330316742081" targetAnchorY="0.7027027027027027">
    <source href="assembly.xml#//@beans/@mixed.1/@route.5/@subRoute.1"/>
    <target href="assembly.xml#Call.Copy.Errorsfinal"/>
  </connections>
  <connections type="routesTo" sourceAnchorX="0.3826530612244898" sourceAnchorY="1.0" targetAnchorX="0.6818181818181818" targetAnchorY="0.22448979591836735">
    <source href="assembly.xml#Copy.full.PIImport"/>
    <target href="assembly.xml#Success"/>
  </connections>
  <connections type="routesTo" sourceAnchorX="1.0" sourceAnchorY="0.1326530612244898" targetAnchorX="0.20398009950248755" targetAnchorY="0.330188679245283">
    <source href="assembly.xml#Success"/>
    <target href="assembly.xml#Merge.Success.Error"/>
  </connections>
  <connections type="routesTo" sourceAnchorX="1.0" sourceAnchorY="0.19387755102040816" targetAnchorX="0.04477611940298507" targetAnchorY="0.6792452830188679">
    <source href="assembly.xml#Errors"/>
    <target href="assembly.xml#Merge.Success.Error"/>
  </connections>
  <connections type="routesTo" sourceAnchorX="0.23157894736842105" sourceAnchorY="1.0" targetAnchorX="0.3516483516483517" targetAnchorY="0.9591836734693877">
    <source href="assembly.xml#Copy.final.Errors"/>
    <target href="assembly.xml#Errors"/>
  </connections>
  <connections type="routesTo" sourceAnchorX="0.43636363636363634" sourceAnchorY="1.0" targetAnchorX="0.46445497630331756" targetAnchorY="0.3018867924528302">
    <source href="assembly.xml#Close.final.audit.agg"/>
    <target href="assembly.xml#Merge.Success.Error"/>
  </connections>
  <connections type="routesTo" sourceAnchorX="1.0" sourceAnchorY="0.10377358490566038" targetAnchorX="0.7837837837837838" targetAnchorY="0.08163265306122448">
    <source href="assembly.xml#Merge.Success.Error"/>
    <target href="assembly.xml#Audit.log"/>
  </connections>
  <connections type="routesTo" sourceAnchorX="0.5808383233532934" sourceAnchorY="1.0" targetAnchorX="0.3072100313479624" targetAnchorY="0.6216216216216216">
    <source href="assembly.xml#//@beans/@mixed.1/@mixed.203/@mixed.3"/>
    <target href="assembly.xml#Write.Final.audit.transform.errors"/>
  </connections>
  <connections type="routesTo" sourceAnchorX="0.9077669902912622" sourceAnchorY="1.0" targetAnchorX="0.2074688796680498" targetAnchorY="0.4594594594594595">
    <source href="assembly.xml#//@beans/@mixed.1/@mixed.227"/>
    <target href="assembly.xml#Write.Global.errors0"/>
  </connections>
  <connections type="routesTo" sourceAnchorX="0.7301587301587301" sourceAnchorY="1.0" targetAnchorX="0.14225941422594143" targetAnchorY="0.2771929824561403">
    <source href="assembly.xml#Prepare-ValidEE"/>
    <target href="assembly.xml#Route"/>
  </connections>
  <connections type="routesTo" sourceAnchorX="0.3893805309734513" sourceAnchorY="1.0" targetAnchorX="0.18493150684931506" targetAnchorY="0.336734693877551">
    <source href="assembly.xml#//@beans/@mixed.1/@route.0/@subRoute.0"/>
    <target href="assembly.xml#Load.int.Map"/>
  </connections>
  <connections type="routesTo" sourceAnchorX="0.6460176991150443" sourceAnchorY="1.0" targetAnchorX="0.2169811320754717" targetAnchorY="0.5102040816326531">
    <source href="assembly.xml#//@beans/@mixed.1/@route.0/@subRoute.1"/>
    <target href="assembly.xml#Load.Getworker.Valid"/>
  </connections>
  <connections type="routesTo" sourceAnchorX="0.6592920353982301" sourceAnchorY="1.0" targetAnchorX="0.14666666666666667" targetAnchorY="0.11224489795918367">
    <source href="assembly.xml#//@beans/@mixed.1/@route.0/@subRoute.2"/>
    <target href="assembly.xml#Load.Getworker.Invalid"/>
  </connections>
  <connections type="routesTo" sourceAnchorX="0.4424778761061947" sourceAnchorY="1.0" targetAnchorX="0.5634920634920635" targetAnchorY="0.40816326530612246">
    <source href="assembly.xml#//@beans/@mixed.1/@route.0/@subRoute.3"/>
    <target href="assembly.xml#Load.Input"/>
  </connections>
  <connections type="routesTo" sourceAnchorX="0.0" sourceAnchorY="0.21428571428571427" targetAnchorX="0.15609756097560976" targetAnchorY="0.2830188679245283">
    <source href="assembly.xml#Load.int.Map"/>
    <target href="assembly.xml#Collate.valid.records"/>
  </connections>
  <connections type="routesTo" sourceAnchorX="0.6037735849056604" sourceAnchorY="1.0" targetAnchorX="0.12195121951219512" targetAnchorY="0.27358490566037735">
    <source href="assembly.xml#Load.Getworker.Valid"/>
    <target href="assembly.xml#Collate.valid.records"/>
  </connections>
  <connections type="routesTo" sourceAnchorX="0.5022222222222222" sourceAnchorY="1.0" targetAnchorX="0.33170731707317075" targetAnchorY="0.42452830188679247">
    <source href="assembly.xml#Load.Getworker.Invalid"/>
    <target href="assembly.xml#Collate.valid.records"/>
  </connections>
  <connections type="routesTo" sourceAnchorX="0.0" sourceAnchorY="0.35714285714285715" targetAnchorX="0.24878048780487805" targetAnchorY="0.8679245283018868">
    <source href="assembly.xml#Load.Input"/>
    <target href="assembly.xml#Collate.valid.records"/>
  </connections>
  <connections type="routesTo" sourceAnchorX="0.5444444444444444" sourceAnchorY="1.0" targetAnchorX="0.7024390243902439" targetAnchorY="0.1792452830188679">
    <source href="assembly.xml#Close.valid.agg"/>
    <target href="assembly.xml#Collate.valid.records"/>
  </connections>
  <connections type="routesTo" sourceAnchorX="1.0" sourceAnchorY="0.27358490566037735" targetAnchorX="0.12234042553191489" targetAnchorY="0.4418604651162791">
    <source href="assembly.xml#Collate.valid.records"/>
    <target href="assembly.xml#Valid.EEs"/>
  </connections>
  <connections type="routesTo" sourceAnchorX="0.3701657458563536" sourceAnchorY="1.0" targetAnchorX="0.4" targetAnchorY="0.40540540540540543">
    <source href="assembly.xml#//@beans/@mixed.1/@mixed.73/@mixed.3"/>
    <target href="assembly.xml#Valid_Invalid_EE.Error"/>
  </connections>
  <connections type="routesResponseTo" sourceAnchorX="0.71" sourceAnchorY="1.0" targetAnchorX="0.21658986175115208" targetAnchorY="0.21621621621621623">
    <source href="assembly.xml#Call-Prepare-ValidEE"/>
    <target href="assembly.xml#Call.Close.Valid.agg"/>
  </connections>
  <connections type="routesResponseTo" sourceAnchorX="0.39631336405529954" sourceAnchorY="1.0" targetAnchorX="0.19724770642201836" targetAnchorY="0.16216216216216217">
    <source href="assembly.xml#Call.Close.Valid.agg"/>
    <target href="assembly.xml#Call-Importpayroll-PI"/>
  </connections>
  <connections type="routesResponseTo" sourceAnchorX="0.6697247706422018" sourceAnchorY="1.0" targetAnchorX="0.1989795918367347" targetAnchorY="0.08108108108108109">
    <source href="assembly.xml#Call-Importpayroll-PI"/>
    <target href="assembly.xml#Call-ImportPI-Agg"/>
  </connections>
  <connections type="routesResponseTo" sourceAnchorX="0.8367346938775511" sourceAnchorY="1.0" targetAnchorX="0.5604395604395604" targetAnchorY="0.35135135135135137">
    <source href="assembly.xml#Call-ImportPI-Agg"/>
    <target href="assembly.xml#Call-Merge-Requests"/>
  </connections>
  <connections type="routesResponseTo" sourceAnchorX="0.7393162393162394" sourceAnchorY="1.0" targetAnchorX="0.27631578947368424" targetAnchorY="0.24324324324324326">
    <source href="assembly.xml#Call-ImportPI.resp.agg"/>
    <target href="assembly.xml#Call-Write.Exceptions"/>
  </connections>
  <connections type="routesResponseTo" sourceAnchorX="0.6351931330472103" sourceAnchorY="1.0" targetAnchorX="0.7522123893805309" targetAnchorY="0.32432432432432434">
    <source href="assembly.xml#Call-GetExistingInputs"/>
    <target href="assembly.xml#Call-Prepare-ValidEE"/>
  </connections>
  <connections type="routesTo" sourceAnchorX="0.6228571428571429" sourceAnchorY="1.0" targetAnchorX="0.2350230414746544" targetAnchorY="0.39919354838709675">
    <source href="assembly.xml#ImportpayrollPI"/>
    <target href="assembly.xml#Merge.ValidEE.PI"/>
  </connections>
  <connections type="routesTo" sourceAnchorX="0.47547974413646055" sourceAnchorY="1.0" targetAnchorX="0.30303030303030304" targetAnchorY="0.327683615819209">
    <source href="assembly.xml#Build.ImportPI.Request.loan2"/>
    <target href="assembly.xml#Merge"/>
  </connections>
  <connections type="routesTo" sourceAnchorX="1.0" sourceAnchorY="0.14728682170542637" targetAnchorX="0.20454545454545456" targetAnchorY="0.39655172413793105">
    <source href="assembly.xml#Batch.PI.Records"/>
    <target href="assembly.xml#SplitbyPI"/>
  </connections>
  <connections type="routesTo" sourceAnchorX="0.3701657458563536" sourceAnchorY="1.0" targetAnchorX="0.7440758293838863" targetAnchorY="0.5675675675675675">
    <source href="assembly.xml#//@beans/@mixed.1/@mixed.243/@mixed.3"/>
    <target href="assembly.xml#Write.BatchPI.Error"/>
  </connections>
  <connections type="routesTo" sourceAnchorX="0.44155844155844154" sourceAnchorY="1.0" targetAnchorX="0.46875" targetAnchorY="0.40540540540540543">
    <source href="assembly.xml#//@beans/@mixed.1/@mixed.241/@mixed.3"/>
    <target href="assembly.xml#Write.ImportPI.Error0"/>
  </connections>
  <connections type="routesTo" sourceAnchorX="0.33707865168539325" sourceAnchorY="1.0" targetAnchorX="0.125" targetAnchorY="0.3695652173913043">
    <source href="assembly.xml#//@beans/@mixed.1/@route.6/@subRoute.0"/>
    <target href="assembly.xml#CopyLoan1"/>
  </connections>
  <connections type="routesTo" sourceAnchorX="0.8089887640449438" sourceAnchorY="1.0" targetAnchorX="0.20224719101123595" targetAnchorY="0.6195652173913043">
    <source href="assembly.xml#//@beans/@mixed.1/@route.6/@subRoute.1"/>
    <target href="assembly.xml#CopyLoan2"/>
  </connections>
  <connections type="routesTo" sourceAnchorX="1.0" sourceAnchorY="0.22448979591836735" targetAnchorX="0.21890547263681592" targetAnchorY="0.3018867924528302">
    <source href="assembly.xml#CopyLoan1"/>
    <target href="assembly.xml#Aggregator"/>
  </connections>
  <connections type="routesTo" sourceAnchorX="0.0" sourceAnchorY="0.25510204081632654" targetAnchorX="0.14925373134328357" targetAnchorY="0.49056603773584906">
    <source href="assembly.xml#CopyLoan2"/>
    <target href="assembly.xml#Aggregator"/>
  </connections>
  <connections type="routesResponseTo" sourceAnchorX="0.5439560439560439" sourceAnchorY="1.0" targetAnchorX="0.5641025641025641" targetAnchorY="0.6216216216216216">
    <source href="assembly.xml#Call-Merge-Requests"/>
    <target href="assembly.xml#Call-ImportPI.resp.agg"/>
  </connections>
  <connections type="routesTo" sourceAnchorX="1.0" sourceAnchorY="0.29245283018867924" targetAnchorX="0.16507177033492823" targetAnchorY="0.27906976744186046">
    <source href="assembly.xml#Aggregator"/>
    <target href="assembly.xml#Batch.PI.Records"/>
  </connections>
  <connections type="routesTo" sourceAnchorX="0.5981735159817352" sourceAnchorY="1.0" targetAnchorX="0.6865671641791045" targetAnchorY="0.18867924528301888">
    <source href="assembly.xml#Close.Merge.Req"/>
    <target href="assembly.xml#Aggregator"/>
  </connections>
  <connections type="routesTo" sourceAnchorX="0.3424657534246575" sourceAnchorY="1.0" targetAnchorX="0.5052910052910053" targetAnchorY="0.4594594594594595">
    <source href="assembly.xml#//@beans/@mixed.1/@mixed.265/@mixed.3"/>
    <target href="assembly.xml#Write.Copy.Sameamount.noloan.Errors2"/>
  </connections>
  <connections type="routesTo" sourceAnchorX="0.6688741721854304" sourceAnchorY="1.0" targetAnchorX="0.3146067415730337" targetAnchorY="0.20930232558139536">
    <source href="assembly.xml#Build.ImportPI.Validations2"/>
    <target href="assembly.xml#Copy.Sameamount.noloan.Errors2"/>
  </connections>
  <connections type="routesTo" sourceAnchorX="1.0" sourceAnchorY="0.08527131782945736" targetAnchorX="0.03482587064676617" targetAnchorY="0.16981132075471697">
    <source href="assembly.xml#Copy.Sameamount.noloan.Errors2"/>
    <target href="assembly.xml#Collate.Final.Errors"/>
  </connections>
  <connections type="routesTo" sourceAnchorX="0.544" sourceAnchorY="1.0" targetAnchorX="0.1169811320754717" targetAnchorY="0.7837837837837838">
    <source href="assembly.xml#//@beans/@mixed.1/@route.2/@subRoute.3"/>
    <target href="assembly.xml#Call-Close.final.errors.agg"/>
  </connections>
  <connections type="routesResponseTo" sourceAnchorX="0.5850622406639004" sourceAnchorY="1.0" targetAnchorX="0.15819209039548024" targetAnchorY="0.1326530612244898">
    <source href="assembly.xml#Write.Getworkers.Error"/>
    <target href="assembly.xml#Exit.Get.Workers"/>
  </connections>
  <swimlanes x="58" y="79" name="Process Flow" orientation="VERTICAL">
    <elements href="assembly.xml#StartHere"/>
    <elements href="assembly.xml#Call-Initialize"/>
    <elements href="assembly.xml#Call-FileRetrieval"/>
    <elements href="assembly.xml#Call-GetWorker"/>
    <elements href="assembly.xml#Call-GetExistingInputs"/>
    <elements href="assembly.xml#Call-Prepare-ValidEE"/>
    <elements href="assembly.xml#Call.Close.Valid.agg"/>
    <elements href="assembly.xml#Call-Importpayroll-PI"/>
    <elements href="assembly.xml#Call-ImportPI-Agg"/>
    <elements href="assembly.xml#Call-Merge-Requests"/>
    <elements href="assembly.xml#Call-ImportPI.resp.agg"/>
    <elements href="assembly.xml#Call-Write.Exceptions"/>
  </swimlanes>
  <swimlanes x="379" y="79" name="Initialisation">
    <elements href="assembly.xml#Initialize"/>
    <elements href="#//@swimlanes.5"/>
  </swimlanes>
  <swimlanes x="387" y="560" name="File Retrieval">
    <elements href="assembly.xml#FileRetrieval"/>
    <elements href="#//@swimlanes.7"/>
    <elements href="#//@swimlanes.8"/>
  </swimlanes>
  <swimlanes x="395" y="1065" name="Get Worker Webservice">
    <elements href="assembly.xml#GetWorker"/>
    <elements href="#//@swimlanes.9"/>
    <elements href="assembly.xml#Get.Workers.Call"/>
    <elements href="#//@swimlanes.10"/>
  </swimlanes>
  <swimlanes x="395" y="1565" name="Get Existing Payroll Inputs">
    <elements href="assembly.xml#GetExistingInputs"/>
    <elements href="#//@swimlanes.11"/>
    <elements href="assembly.xml#Get.Existing.PI"/>
    <elements href="assembly.xml#Log"/>
  </swimlanes>
  <swimlanes x="568" y="79" orientation="VERTICAL">
    <elements href="assembly.xml#Props.LP.Declaration"/>
    <elements href="assembly.xml#Write.Initialise.Error"/>
    <elements href="assembly.xml#Exit.Studio"/>
  </swimlanes>
  <swimlanes x="395" y="2210" name="Global Error Handler">
    <elements href="assembly.xml#Write.Global.errors"/>
  </swimlanes>
  <swimlanes x="510" y="679" name="" orientation="VERTICAL">
    <elements href="assembly.xml#Is.File.available"/>
    <elements href="assembly.xml#Write.Retrieval.Error"/>
    <elements href="assembly.xml#Exit.File.Retrieval"/>
  </swimlanes>
  <swimlanes x="943" y="690" orientation="VERTICAL">
    <elements href="assembly.xml#Csv.to.xml"/>
    <elements href="assembly.xml#Write.XML.Conversion.Error"/>
  </swimlanes>
  <swimlanes x="789" y="1138" orientation="VERTICAL">
    <elements href="assembly.xml#Get.WWS.request"/>
    <elements href="assembly.xml#Write.Getworkers.Error"/>
    <elements href="assembly.xml#Exit.Get.Workers"/>
  </swimlanes>
  <swimlanes x="1085" y="1134" name="" orientation="VERTICAL">
    <elements href="assembly.xml#Format.Response"/>
    <elements href="assembly.xml#Write.Format.response.transform.errors"/>
  </swimlanes>
  <swimlanes x="578" y="1665" name="" orientation="VERTICAL">
    <elements href="assembly.xml#Frame.WWS.Request"/>
    <elements href="assembly.xml#Write.Get.Submit.PI.Error"/>
  </swimlanes>
  <swimlanes x="395" y="1921" name="Prepare Valid EE">
    <elements href="assembly.xml#Prepare-ValidEE"/>
    <elements href="assembly.xml#Route"/>
    <elements href="#//@swimlanes.13"/>
    <elements href="#//@swimlanes.14"/>
    <elements href="#//@swimlanes.15"/>
  </swimlanes>
  <swimlanes x="883" y="2094" name="" orientation="VERTICAL">
    <elements href="assembly.xml#Load.int.Map"/>
    <elements href="assembly.xml#Load.Getworker.Valid"/>
    <elements href="assembly.xml#Load.Getworker.Invalid"/>
    <elements href="assembly.xml#Load.Input"/>
  </swimlanes>
  <swimlanes x="1161" y="2058" name="" orientation="VERTICAL">
    <elements href="assembly.xml#Close.valid.agg"/>
    <elements href="assembly.xml#Collate.valid.records"/>
  </swimlanes>
  <swimlanes x="1225" y="2023" name="" orientation="VERTICAL">
    <elements href="assembly.xml#Valid.EEs"/>
    <elements href="assembly.xml#Valid_Invalid_EE.Error"/>
  </swimlanes>
  <swimlanes name="" orientation="VERTICAL">
    <elements href="assembly.xml#Merge.ValidEE.PI"/>
  </swimlanes>
  <swimlanes name="" orientation="VERTICAL">
    <elements href="assembly.xml#Copy.Existing.Inputs"/>
    <elements href="assembly.xml#Copy.Valid.EE"/>
    <elements href="assembly.xml#Call.Merge.Resp.ValidEE"/>
  </swimlanes>
  <swimlanes name="" orientation="VERTICAL">
    <elements href="assembly.xml#Close.ImportPI.Agg"/>
    <elements href="assembly.xml#Import.PI.Lookup"/>
  </swimlanes>
  <swimlanes name="" orientation="VERTICAL">
    <elements href="assembly.xml#Build.ImportPI.Request.loan1"/>
    <elements href="assembly.xml#Write.ImportPI.Error"/>
  </swimlanes>
  <swimlanes name="" orientation="VERTICAL">
    <elements href="assembly.xml#Validation.Mode.ON"/>
    <elements href="assembly.xml#Write.ImportPI.Call.errors"/>
  </swimlanes>
  <swimlanes name="" orientation="VERTICAL">
    <elements href="assembly.xml#Request.Response.WID"/>
    <elements href="assembly.xml#Write.Response.transform.errors"/>
  </swimlanes>
  <swimlanes name="" orientation="VERTICAL">
    <elements href="assembly.xml#Close.ImportPI.resp.agg"/>
    <elements href="assembly.xml#Collate.PI.response"/>
    <elements href="assembly.xml#Valid.EE.Details"/>
    <elements href="assembly.xml#Merge.ValidEE.Resp"/>
  </swimlanes>
  <swimlanes name="" orientation="VERTICAL">
    <elements href="assembly.xml#Store.response"/>
    <elements href="assembly.xml#Write.audit.transform.errors"/>
  </swimlanes>
  <swimlanes x="395" y="2558" font="Berlin Sans FB|12|0" bgColor="16777215" fontColor="1" name="Import-Payroll-Input">
    <elements href="assembly.xml#ImportpayrollPI"/>
    <elements href="#//@swimlanes.16"/>
    <elements href="#//@swimlanes.17"/>
    <elements href="#//@swimlanes.18"/>
    <elements href="#//@swimlanes.19"/>
    <elements href="#//@swimlanes.44"/>
    <elements href="#//@swimlanes.46"/>
    <elements href="#//@swimlanes.47"/>
    <elements href="#//@swimlanes.48"/>
    <elements href="#//@swimlanes.45"/>
    <elements href="assembly.xml#SplitbyPI"/>
    <elements href="assembly.xml#Process.PI"/>
    <elements href="#//@swimlanes.20"/>
    <elements href="assembly.xml#Call.Import.PI"/>
    <elements href="#//@swimlanes.21"/>
    <elements href="#//@swimlanes.22"/>
    <elements href="#//@swimlanes.23"/>
    <elements href="assembly.xml#Post.Import.Details"/>
  </swimlanes>
  <swimlanes x="409" y="4174" font="Bodoni MT|20|0" bgColor="11524312" fontColor="1" name="INT0342_401k_Empower_Loans_Inbound_Audit">
    <elements href="assembly.xml#Begin"/>
    <elements href="assembly.xml#Call-Document-Retrieval"/>
    <elements href="assembly.xml#Call.Close.response.agg"/>
    <elements href="assembly.xml#Call-Write.Audit"/>
    <elements href="assembly.xml#Call.Close.FinalAudit.agg"/>
  </swimlanes>
  <swimlanes name="" orientation="VERTICAL">
    <elements href="assembly.xml#Call.Build.ImportPI.Validations"/>
    <elements href="assembly.xml#Call.Build.ImportPI.Validations2"/>
    <elements href="assembly.xml#Call.Exceptions"/>
    <elements href="assembly.xml#Call-Close.final.errors.agg"/>
  </swimlanes>
  <swimlanes name="Swimlane" orientation="VERTICAL">
    <elements href="assembly.xml#Build.ImportPI.Validations"/>
    <elements href="assembly.xml#Copy.Sameamount.noloan.Errors"/>
    <elements href="assembly.xml#Write.Copy.Sameamount.noloan.Errors"/>
    <elements href="assembly.xml#Build.ImportPI.Validations2"/>
    <elements href="assembly.xml#Copy.Sameamount.noloan.Errors2"/>
    <elements href="assembly.xml#Write.Copy.Sameamount.noloan.Errors2"/>
    <elements href="assembly.xml#Copy.Paygroup.Plan.Invalid.Errors"/>
    <elements href="assembly.xml#Exceptions"/>
  </swimlanes>
  <swimlanes name="" orientation="VERTICAL">
    <elements href="assembly.xml#Close.final.errors.agg"/>
    <elements href="assembly.xml#Collate.Final.Errors"/>
  </swimlanes>
  <swimlanes name="" orientation="VERTICAL">
    <elements href="assembly.xml#Store.Error.Records"/>
    <elements href="assembly.xml#Write.Final.errortransform.errors"/>
  </swimlanes>
  <swimlanes x="387" y="3091" font="Berlin Sans FB|12|0" bgColor="16777215" fontColor="1" name="Exception.log">
    <elements href="assembly.xml#Write.Exceptions"/>
    <elements href="assembly.xml#Collate.Errors"/>
    <elements href="#//@swimlanes.26"/>
    <elements href="#//@swimlanes.27"/>
    <elements href="#//@swimlanes.28"/>
    <elements href="#//@swimlanes.29"/>
    <elements href="assembly.xml#Post.Error.Details"/>
  </swimlanes>
  <swimlanes name="Retrieve Output documents" orientation="VERTICAL">
    <elements href="assembly.xml#Attributes.and.Props"/>
    <elements href="assembly.xml#Write.Retrieve.Output.Error"/>
  </swimlanes>
  <swimlanes name="Swimlane" orientation="VERTICAL">
    <elements href="assembly.xml#Copy.Import.Details.with.WID"/>
    <elements href="assembly.xml#Write.ImportPI.empty.error"/>
  </swimlanes>
  <swimlanes name="Swimlane">
    <elements href="assembly.xml#Copy.Exceptionlog.To.Var"/>
    <elements href="assembly.xml#Call.Consolidate.Errors"/>
  </swimlanes>
  <swimlanes name="Swimlane" orientation="VERTICAL" elements="//@swimlanes.32 //@swimlanes.33"/>
  <swimlanes name="" orientation="VERTICAL">
    <elements href="assembly.xml#ProcessErrors"/>
    <elements href="assembly.xml#Write.Import.PI.transform.errors"/>
  </swimlanes>
  <swimlanes name="Swimlane" orientation="VERTICAL">
    <elements href="assembly.xml#CloseErrorResponsesAgg"/>
    <elements href="assembly.xml#Consolidate.GetImp.process.Errors"/>
    <elements href="assembly.xml#Consolidate.Errors"/>
  </swimlanes>
  <swimlanes x="409" y="4363" font="Berlin Sans FB|12|0" bgColor="11392726" fontColor="1" name="Retrieve.Output.and.Call.Get.Import.Process.Response">
    <elements href="assembly.xml#Retrieve.Output"/>
    <elements href="#//@swimlanes.31"/>
    <elements href="assembly.xml#Retrieve.Output.Documents"/>
    <elements href="assembly.xml#GetImportWIDsFiles"/>
    <elements href="assembly.xml#Route.Output"/>
    <elements href="#//@swimlanes.34"/>
    <elements href="assembly.xml#SplitByBatch.Request"/>
    <elements href="assembly.xml#PrepareImportMsgWS0"/>
    <elements href="assembly.xml#GetImportProcess"/>
    <elements href="#//@swimlanes.35"/>
    <elements href="#//@swimlanes.36"/>
    <elements href="assembly.xml#Copy.Final.Error"/>
  </swimlanes>
  <swimlanes name="" orientation="VERTICAL">
    <elements href="assembly.xml#Call.Copy.PIImport"/>
    <elements href="assembly.xml#Call.Copy.Errorsfinal"/>
  </swimlanes>
  <swimlanes name="" orientation="VERTICAL">
    <elements href="assembly.xml#Copy.full.PIImport"/>
    <elements href="assembly.xml#Success"/>
    <elements href="assembly.xml#Errors"/>
    <elements href="assembly.xml#Copy.final.Errors"/>
  </swimlanes>
  <swimlanes name="Swimlane" orientation="VERTICAL">
    <elements href="assembly.xml#Close.final.audit.agg"/>
    <elements href="assembly.xml#Merge.Success.Error"/>
  </swimlanes>
  <swimlanes name="" orientation="VERTICAL">
    <elements href="assembly.xml#Audit.log"/>
    <elements href="assembly.xml#Write.Final.audit.transform.errors"/>
  </swimlanes>
  <swimlanes x="395" y="4983" font="Berlin Sans FB|12|0" bgColor="11392726" fontColor="1" name="Write.Audit">
    <elements href="assembly.xml#Write.Audit"/>
    <elements href="assembly.xml#Process.Audit"/>
    <elements href="#//@swimlanes.38"/>
    <elements href="#//@swimlanes.39"/>
    <elements href="#//@swimlanes.40"/>
    <elements href="#//@swimlanes.41"/>
  </swimlanes>
  <swimlanes x="387" y="5533" bgColor="16777215" name="Global.Error.Handling">
    <elements href="assembly.xml#//@beans/@mixed.1/@mixed.227"/>
    <elements href="assembly.xml#Write.Global.errors0"/>
  </swimlanes>
  <swimlanes x="2092" y="2681" orientation="VERTICAL">
    <elements href="assembly.xml#Build.ImportPI.Request.loan2"/>
    <elements href="assembly.xml#Write.ImportPI.Error0"/>
  </swimlanes>
  <swimlanes x="2225" y="2674" name="s" orientation="VERTICAL">
    <elements href="assembly.xml#Batch.PI.Records"/>
    <elements href="assembly.xml#Write.BatchPI.Error"/>
  </swimlanes>
  <swimlanes x="2618" y="2672" name="">
    <elements href="assembly.xml#Merge"/>
  </swimlanes>
  <swimlanes x="2780" y="2714" name="" orientation="VERTICAL">
    <elements href="assembly.xml#CopyLoan1"/>
    <elements href="assembly.xml#CopyLoan2"/>
  </swimlanes>
  <swimlanes x="2990" y="2705" orientation="VERTICAL">
    <elements href="assembly.xml#Close.Merge.Req"/>
    <elements href="assembly.xml#Aggregator"/>
  </swimlanes>
</wdnm:Diagram>
