<?xml version="1.0" encoding="UTF-8"?>
<wdnm:Diagram xmlns:wdnm="http://workday.com/studio/editors/notation">
  <element href="assembly.xml#WorkdayAssembly"/>
  <visualProperties x="81" y="173">
    <element href="assembly.xml#StartHere"/>
  </visualProperties>
  <visualProperties>
    <element href="assembly.xml#ErrorHandlerEventDoc"/>
  </visualProperties>
  <visualProperties>
    <element href="assembly.xml#GetEventDocumentsError"/>
  </visualProperties>
  <visualProperties>
    <element href="assembly.xml#GetEventDocuments"/>
  </visualProperties>
  <visualProperties>
    <element href="assembly.xml#GetFileForProcessing"/>
  </visualProperties>
  <visualProperties>
    <element href="assembly.xml#Retrieval_Error"/>
  </visualProperties>
  <visualProperties>
    <element href="assembly.xml#ProcessPeciXml"/>
  </visualProperties>
  <visualProperties>
    <element href="assembly.xml#PG_Count"/>
  </visualProperties>
  <visualProperties>
    <element href="assembly.xml#Split_Paygroup"/>
  </visualProperties>
  <visualProperties>
    <element href="assembly.xml#Count_Based_Route"/>
  </visualProperties>
  <visualProperties>
    <element href="assembly.xml#CaptureSplitError"/>
  </visualProperties>
  <visualProperties>
    <element href="assembly.xml#SplitterError"/>
  </visualProperties>
  <visualProperties>
    <element href="assembly.xml#Split_Worker"/>
  </visualProperties>
  <visualProperties>
    <element href="assembly.xml#PECI_Trans"/>
  </visualProperties>
  <visualProperties>
    <element href="assembly.xml#TransformationErr"/>
  </visualProperties>
  <visualProperties>
    <element href="assembly.xml#CallAggregator1"/>
  </visualProperties>
  <visualProperties>
    <element href="assembly.xml#Critical1"/>
  </visualProperties>
  <visualProperties x="64" y="1004">
    <element href="assembly.xml#AggregateMovements"/>
  </visualProperties>
  <visualProperties>
    <element href="assembly.xml#GenerateEmployeeDataFile"/>
  </visualProperties>
  <visualProperties>
    <element href="assembly.xml#Emp_File_Error"/>
  </visualProperties>
  <visualProperties>
    <element href="assembly.xml#Aggregator"/>
  </visualProperties>
  <visualProperties>
    <element href="assembly.xml#IntegrationStarted"/>
  </visualProperties>
  <visualProperties>
    <element href="assembly.xml#ProcessPECIRecords"/>
  </visualProperties>
  <visualProperties>
    <element href="assembly.xml#//@beans/@mixed.1/@mixed.49"/>
  </visualProperties>
  <visualProperties>
    <element href="assembly.xml#Note-Error"/>
  </visualProperties>
  <visualProperties x="1243" y="1097">
    <element href="assembly.xml#StoreOutput"/>
  </visualProperties>
  <visualProperties>
    <element href="assembly.xml#StoreOutputFile"/>
  </visualProperties>
  <visualProperties>
    <element href="assembly.xml#Emp_File_Error2"/>
  </visualProperties>
  <visualProperties x="1267" y="112">
    <element href="assembly.xml#CallStore"/>
  </visualProperties>
  <visualProperties>
    <element href="assembly.xml#Emp_Count"/>
  </visualProperties>
  <visualProperties>
    <element href="assembly.xml#Manage_Collate_Batch"/>
  </visualProperties>
  <visualProperties x="50" y="982">
    <element href="assembly.xml#CallAggregator2"/>
  </visualProperties>
  <visualProperties x="931" y="1436">
    <element href="assembly.xml#GenerateEmployeeDataFile1"/>
  </visualProperties>
  <visualProperties x="42" y="1625">
    <element href="assembly.xml#Emp_File_Error1"/>
  </visualProperties>
  <visualProperties x="1649" y="1506">
    <element href="assembly.xml#File_Deliver_PIM"/>
  </visualProperties>
  <connections type="routesTo">
    <source href="assembly.xml#ErrorHandlerEventDoc"/>
    <target href="assembly.xml#GetEventDocuments"/>
  </connections>
  <connections type="routesTo">
    <source href="assembly.xml#//@beans/@mixed.1/@mixed.41/@mixed.3"/>
    <target href="assembly.xml#GetEventDocumentsError"/>
  </connections>
  <connections type="routesResponseTo">
    <source href="assembly.xml#GetEventDocuments"/>
    <target href="assembly.xml#GetFileForProcessing"/>
  </connections>
  <connections type="routesTo">
    <source href="assembly.xml#//@beans/@mixed.1/@mixed.35/@mixed.3"/>
    <target href="assembly.xml#Retrieval_Error"/>
  </connections>
  <connections type="routesTo" sourceAnchorX="0.7218543046357616" sourceAnchorY="1.0" targetAnchorX="0.22727272727272727" targetAnchorY="0.08527131782945736">
    <source href="assembly.xml#ProcessPeciXml"/>
    <target href="assembly.xml#PG_Count"/>
  </connections>
  <connections type="routesTo" sourceAnchorX="0.7016129032258065" sourceAnchorY="0.5416666666666666" targetAnchorX="0.32515337423312884" targetAnchorY="0.10975609756097561">
    <source href="assembly.xml#PG_Count"/>
    <target href="assembly.xml#Split_Paygroup"/>
  </connections>
  <connections type="routesTo" sourceAnchorX="0.4217687074829932" sourceAnchorY="1.0" targetAnchorX="0.5204081632653061" targetAnchorY="0.3783783783783784">
    <source href="assembly.xml#//@beans/@mixed.1/@mixed.29/@mixed.3"/>
    <target href="assembly.xml#Critical1"/>
  </connections>
  <connections type="routesTo">
    <source href="assembly.xml#//@beans/@mixed.1/@route.0/@subRoute.1"/>
    <target href="assembly.xml#CaptureSplitError"/>
  </connections>
  <connections type="routesTo">
    <source href="assembly.xml#CaptureSplitError"/>
    <target href="assembly.xml#Split_Worker"/>
  </connections>
  <connections type="routesTo">
    <source href="assembly.xml#//@beans/@mixed.1/@mixed.23/@mixed.3"/>
    <target href="assembly.xml#SplitterError"/>
  </connections>
  <connections type="routesTo">
    <source href="assembly.xml#//@beans/@mixed.1/@mixed.17/@mixed.3"/>
    <target href="assembly.xml#TransformationErr"/>
  </connections>
  <connections type="routesTo">
    <source href="assembly.xml#AggregateMovements"/>
    <target href="assembly.xml#GenerateEmployeeDataFile"/>
  </connections>
  <connections type="routesTo">
    <source href="assembly.xml#GenerateEmployeeDataFile"/>
    <target href="assembly.xml#Aggregator"/>
  </connections>
  <connections type="routesTo">
    <source href="assembly.xml#//@beans/@mixed.1/@mixed.7/@mixed.3"/>
    <target href="assembly.xml#Emp_File_Error"/>
  </connections>
  <connections type="routesTo" sourceAnchorX="0.8208955223880597" sourceAnchorY="1.0" targetAnchorX="0.542713567839196" targetAnchorY="0.9459459459459459">
    <source href="assembly.xml#StartHere"/>
    <target href="assembly.xml#IntegrationStarted"/>
  </connections>
  <connections type="routesTo" sourceAnchorX="0.65625" sourceAnchorY="1.0" targetAnchorX="0.3273809523809524" targetAnchorY="0.725">
    <source href="assembly.xml#//@beans/@mixed.1/@mixed.49"/>
    <target href="assembly.xml#Note-Error"/>
  </connections>
  <connections type="routesTo">
    <source href="assembly.xml#//@beans/@mixed.1/@mixed.55/@mixed.3"/>
    <target href="assembly.xml#Emp_File_Error2"/>
  </connections>
  <connections type="routesTo" sourceAnchorX="1.0" sourceAnchorY="0.6486486486486487" targetAnchorX="0.09523809523809523" targetAnchorY="0.2713178294573643">
    <source href="assembly.xml#StoreOutput"/>
    <target href="assembly.xml#StoreOutputFile"/>
  </connections>
  <connections type="routesTo" sourceAnchorX="1.0" sourceAnchorY="0.17054263565891473" targetAnchorX="0.2556818181818182" targetAnchorY="0.05405405405405406">
    <source href="assembly.xml#PECI_Trans"/>
    <target href="assembly.xml#CallAggregator1"/>
  </connections>
  <connections type="routesTo" sourceAnchorX="1.0" sourceAnchorY="0.7058823529411765" targetAnchorX="0.12" targetAnchorY="0.12403100775193798">
    <source href="assembly.xml#//@beans/@mixed.1/@splitter.1/@subRoute.0"/>
    <target href="assembly.xml#Emp_Count"/>
  </connections>
  <connections type="routesTo" sourceAnchorX="1.0" sourceAnchorY="0.17829457364341086" targetAnchorX="0.3673469387755102" targetAnchorY="0.6216216216216216">
    <source href="assembly.xml#Manage_Collate_Batch"/>
    <target href="assembly.xml#CallAggregator2"/>
  </connections>
  <connections type="routesTo" sourceAnchorX="1.0" sourceAnchorY="0.17829457364341086" targetAnchorX="0.18064516129032257" targetAnchorY="0.04285714285714286">
    <source href="assembly.xml#Emp_Count"/>
    <target href="assembly.xml#Count_Based_Route"/>
  </connections>
  <connections type="routesTo" sourceAnchorX="1.0" sourceAnchorY="0.6470588235294118" targetAnchorX="0.11797752808988764" targetAnchorY="0.09302325581395349">
    <source href="assembly.xml#//@beans/@mixed.1/@route.0/@subRoute.0"/>
    <target href="assembly.xml#Manage_Collate_Batch"/>
  </connections>
  <connections type="routesTo" sourceAnchorX="1.0" sourceAnchorY="0.5294117647058824" targetAnchorX="0.012195121951219513" targetAnchorY="0.10077519379844961">
    <source href="assembly.xml#//@beans/@mixed.1/@splitter.0/@subRoute.0"/>
    <target href="assembly.xml#PECI_Trans"/>
  </connections>
  <connections type="routesTo" sourceAnchorX="0.4398496240601504" sourceAnchorY="1.0" targetAnchorX="0.78125" targetAnchorY="0.40540540540540543">
    <source href="assembly.xml#//@beans/@mixed.1/@mixed.65/@mixed.3"/>
    <target href="assembly.xml#Emp_File_Error1"/>
  </connections>
  <connections type="routesTo" sourceAnchorX="1.0" sourceAnchorY="0.1937984496124031" targetAnchorX="0.12033195020746888" targetAnchorY="0.4594594594594595">
    <source href="assembly.xml#StoreOutputFile"/>
    <target href="assembly.xml#File_Deliver_PIM"/>
  </connections>
  <connections type="routesResponseTo" sourceAnchorX="0.8109452736318408" sourceAnchorY="1.0" targetAnchorX="0.12365591397849462" targetAnchorY="0.5675675675675675">
    <source href="assembly.xml#TransformationErr"/>
    <target href="assembly.xml#CallAggregator1"/>
  </connections>
  <connections type="routesResponseTo" sourceAnchorX="0.847953216374269" sourceAnchorY="1.0" targetAnchorX="0.031746031746031744" targetAnchorY="0.08943089430894309">
    <source href="assembly.xml#IntegrationStarted"/>
    <target href="assembly.xml#ErrorHandlerEventDoc"/>
  </connections>
  <connections type="routesTo" sourceAnchorX="1.0" sourceAnchorY="0.15748031496062992" targetAnchorX="0.297029702970297" targetAnchorY="0.4864864864864865">
    <source href="assembly.xml#GetFileForProcessing"/>
    <target href="assembly.xml#ProcessPECIRecords"/>
  </connections>
  <connections type="routesTo" sourceAnchorX="1.0" sourceAnchorY="0.29245283018867924" targetAnchorX="0.013100436681222707" targetAnchorY="0.11023622047244094">
    <source href="assembly.xml#Aggregator"/>
    <target href="assembly.xml#GenerateEmployeeDataFile1"/>
  </connections>
  <connections type="routesResponseTo" sourceAnchorX="0.9504950495049505" sourceAnchorY="1.0" targetAnchorX="0.07692307692307693" targetAnchorY="0.24324324324324326">
    <source href="assembly.xml#ProcessPECIRecords"/>
    <target href="assembly.xml#CallStore"/>
  </connections>
  <swimlanes name="Swimlane" orientation="VERTICAL">
    <elements href="assembly.xml#ErrorHandlerEventDoc"/>
    <elements href="assembly.xml#GetEventDocumentsError"/>
  </swimlanes>
  <swimlanes x="99" y="291" bgColor="16777088" name="    2-Retrieve PECI XML" labelAlignment="LEFT"/>
  <swimlanes name="Swimlane">
    <elements href="assembly.xml#CaptureSplitError"/>
    <elements href="assembly.xml#Split_Worker"/>
  </swimlanes>
  <swimlanes name="Swimlane" orientation="VERTICAL">
    <elements href="assembly.xml#PECI_Trans"/>
    <elements href="assembly.xml#TransformationErr"/>
  </swimlanes>
  <swimlanes name="Swimlane" orientation="VERTICAL">
    <elements href="assembly.xml#CallAggregator1"/>
  </swimlanes>
  <swimlanes x="99" y="407" bgColor="16777088" name="    2-Process PECI XML" labelAlignment="LEFT">
    <elements href="assembly.xml#ProcessPeciXml"/>
    <elements href="#//@swimlanes.10"/>
    <elements href="assembly.xml#Split_Paygroup"/>
    <elements href="#//@swimlanes.14"/>
    <elements href="assembly.xml#Count_Based_Route"/>
    <elements href="#//@swimlanes.16"/>
    <elements href="#//@swimlanes.3"/>
    <elements href="#//@swimlanes.4"/>
  </swimlanes>
  <swimlanes x="74" y="1060" bgColor="16777088" name="     3-Aggregate All Records" labelAlignment="LEFT">
    <elements href="assembly.xml#AggregateMovements"/>
    <elements href="#//@swimlanes.11"/>
    <elements href="assembly.xml#Aggregator"/>
    <elements href="#//@swimlanes.17"/>
  </swimlanes>
  <swimlanes name="Swimlane" orientation="VERTICAL">
    <elements href="assembly.xml#StartHere"/>
    <elements href="assembly.xml#IntegrationStarted"/>
  </swimlanes>
  <swimlanes x="99" y="54" bgColor="16777088" fgColor="16777215" name=" 1-High Level Flow of the integration-INT469_Tress_Mexico_Payroll_PECI_Studio_Outbound" labelAlignment="LEFT">
    <elements href="#//@swimlanes.7"/>
    <elements href="#//@swimlanes.0"/>
    <elements href="assembly.xml#GetEventDocuments"/>
    <elements href="#//@swimlanes.18"/>
    <elements href="assembly.xml#ProcessPECIRecords"/>
    <elements href="assembly.xml#CallStore"/>
  </swimlanes>
  <swimlanes x="68" y="1417" bgColor="33023" name=" 10-Global Error handler" labelAlignment="LEFT">
    <elements href="assembly.xml#//@beans/@mixed.1/@mixed.49"/>
    <elements href="assembly.xml#Note-Error"/>
  </swimlanes>
  <swimlanes x="305" y="749" name="Swimlane" orientation="VERTICAL">
    <elements href="assembly.xml#PG_Count"/>
    <elements href="assembly.xml#Critical1"/>
  </swimlanes>
  <swimlanes x="266" y="1107" name="Swimlane" orientation="VERTICAL">
    <elements href="assembly.xml#GenerateEmployeeDataFile"/>
    <elements href="assembly.xml#Emp_File_Error"/>
  </swimlanes>
  <swimlanes name="Swimlane" orientation="VERTICAL">
    <elements href="assembly.xml#StoreOutputFile"/>
    <elements href="assembly.xml#Emp_File_Error2"/>
  </swimlanes>
  <swimlanes x="1129" y="1074" bgColor="16777088" name="     4-Store Ouput File" labelAlignment="LEFT">
    <elements href="assembly.xml#StoreOutput"/>
    <elements href="#//@swimlanes.12"/>
    <elements href="assembly.xml#File_Deliver_PIM"/>
  </swimlanes>
  <swimlanes x="1816" y="1054" name="Derive_Counts" orientation="VERTICAL">
    <elements href="assembly.xml#Emp_Count"/>
  </swimlanes>
  <swimlanes x="748" y="918" name="Swimlane">
    <elements href="assembly.xml#Manage_Collate_Batch"/>
    <elements href="assembly.xml#CallAggregator2"/>
  </swimlanes>
  <swimlanes x="1322" y="761" name="Swimlane" orientation="VERTICAL">
    <elements href="#//@swimlanes.15"/>
    <elements href="#//@swimlanes.2"/>
    <elements href="assembly.xml#SplitterError"/>
  </swimlanes>
  <swimlanes x="922" y="1462" name="Swimlane" orientation="VERTICAL">
    <elements href="assembly.xml#GenerateEmployeeDataFile1"/>
    <elements href="assembly.xml#Emp_File_Error1"/>
  </swimlanes>
  <swimlanes x="922" y="282" name="Swimlane" orientation="VERTICAL">
    <elements href="assembly.xml#GetFileForProcessing"/>
    <elements href="assembly.xml#Retrieval_Error"/>
  </swimlanes>
</wdnm:Diagram>
