<?xml version="1.0" encoding="UTF-8"?>
<wdnm:Diagram xmlns:wdnm="http://workday.com/studio/editors/notation">
  <element href="assembly.xml#WorkdayAssembly"/>
  <visualProperties x="96" y="88">
    <element href="assembly.xml#Start"/>
  </visualProperties>
  <visualProperties x="196" y="319">
    <element href="assembly.xml#getProperties"/>
  </visualProperties>
  <visualProperties x="245" y="85">
    <element href="assembly.xml#CallGetWorkers"/>
  </visualProperties>
  <visualProperties x="28" y="347">
    <element href="assembly.xml#GetWorkers"/>
  </visualProperties>
  <visualProperties x="245" y="659">
    <element href="assembly.xml#SplitByWorker"/>
  </visualProperties>
  <visualProperties x="405" y="726">
    <element href="assembly.xml#EvalPaygroup"/>
  </visualProperties>
  <visualProperties x="821" y="830">
    <element href="assembly.xml#CallProcessPaygroup"/>
  </visualProperties>
  <visualProperties x="23" y="1082">
    <element href="assembly.xml#ProcessPaygroup"/>
  </visualProperties>
  <visualProperties x="233" y="1032">
    <element href="assembly.xml#PaygroupMapping"/>
  </visualProperties>
  <visualProperties x="405" y="1076">
    <element href="assembly.xml#SendEditPositionRequest"/>
  </visualProperties>
  <visualProperties x="900" y="475">
    <element href="assembly.xml#PagedGet"/>
  </visualProperties>
  <visualProperties x="39" y="717">
    <element href="assembly.xml#ProcessWorkers"/>
  </visualProperties>
  <visualProperties x="408" y="1120">
    <element href="assembly.xml#ErrorMessage"/>
  </visualProperties>
  <visualProperties x="600" y="659">
    <element href="assembly.xml#AssignPaygroup"/>
  </visualProperties>
  <visualProperties x="379" y="895">
    <element href="assembly.xml#ErrorRetrievingPayGroup"/>
  </visualProperties>
  <visualProperties x="821" y="875">
    <element href="assembly.xml#NoUpdateRequired"/>
  </visualProperties>
  <visualProperties x="386" y="236">
    <element href="assembly.xml#byWorkerOrGeneric"/>
  </visualProperties>
  <visualProperties x="634" y="431">
    <element href="assembly.xml#General-getWorkers-Request"/>
  </visualProperties>
  <visualProperties x="634" y="259">
    <element href="assembly.xml#Worker-Specific-Request"/>
  </visualProperties>
  <visualProperties x="197" y="475">
    <element href="assembly.xml#catchError"/>
  </visualProperties>
  <visualProperties x="652" y="1076">
    <element href="assembly.xml#UpdateConfirmation"/>
  </visualProperties>
  <visualProperties x="907" y="347">
    <element href="assembly.xml#PutIntegrationMessage"/>
  </visualProperties>
  <visualProperties x="903" y="519">
    <element href="assembly.xml#PutIntegrationMessage0"/>
  </visualProperties>
  <visualProperties x="1039" y="303">
    <element href="assembly.xml#CallProcessWorkers"/>
  </visualProperties>
  <visualProperties x="877" y="303">
    <element href="assembly.xml#OutSOAP"/>
  </visualProperties>
  <decorations x="12" y="624" width="1093" height="343" font="Segoe UI|9|0" bgColor="13369343" fgColor="6737151" type="NOTE" text="Paged get"/>
  <decorations x="12" y="989" width="1093" height="224" font="Segoe UI|9|0" bgColor="8047085" fgColor="6737151" type="NOTE" text="Assign Paygroup"/>
  <decorations x="12" y="202" width="1226" height="388" font="Segoe UI|9|0" bgColor="10011046" fgColor="6737151" type="NOTE" text="Get Workers Process"/>
  <decorations x="12" y="19" width="685" height="169" font="Segoe UI|9|0" bgColor="13369343" fgColor="6737151" type="NOTE" text="Main"/>
  <decorations x="444" y="32" width="191" height="90" font="Arial|9|0" bgColor="8421504" fontColor="16777215" type="NOTE" text="The purpose of this integration is to assign pay groups to workers who do not have one. "/>
  <decorations x="803" y="69" width="200" height="93" type="NOTE" text="This sub routine calls get_Workers for each worker within the time periord defined by the launch params"/>
  <decorations x="802" y="659" width="223" height="95" font="Arial|9|0" bgColor="12632256" fontColor="16777215" type="NOTE" text="Obtain current pay group, calculated pay group (from field override service). Compare the two values and call sub routine if values differ."/>
  <decorations x="900" y="1007" width="152" height="107" type="NOTE" text="Call Edit Position web service to assign newly calculated Pay Group value."/>
  <connections type="routesTo">
    <source href="assembly.xml#Start"/>
    <target href="assembly.xml#CallGetWorkers"/>
  </connections>
  <connections type="routesTo">
    <source href="assembly.xml#GetWorkers"/>
    <target href="assembly.xml#getProperties"/>
  </connections>
  <connections type="routesTo">
    <source href="assembly.xml#ProcessPaygroup"/>
    <target href="assembly.xml#PaygroupMapping"/>
  </connections>
  <connections type="routesTo">
    <source href="assembly.xml#ProcessWorkers"/>
    <target href="assembly.xml#SplitByWorker"/>
  </connections>
  <connections type="routesTo">
    <source href="assembly.xml#//@beans/@mixed.1/@splitter.0/@subRoute.0"/>
    <target href="assembly.xml#EvalPaygroup"/>
  </connections>
  <connections type="routesTo">
    <source href="assembly.xml#//@beans/@mixed.1/@mixed.17/@mixed.3"/>
    <target href="assembly.xml#ErrorMessage"/>
  </connections>
  <connections type="routesTo">
    <source href="assembly.xml#//@beans/@mixed.1/@route.0/@subRoute.0"/>
    <target href="assembly.xml#CallProcessPaygroup"/>
  </connections>
  <connections type="routesTo">
    <source href="assembly.xml#EvalPaygroup"/>
    <target href="assembly.xml#AssignPaygroup"/>
  </connections>
  <connections type="routesTo" sourceAnchorX="0.6371681415929203" sourceAnchorY="1.0" targetAnchorX="0.5129533678756477" targetAnchorY="0.40540540540540543">
    <source href="assembly.xml#//@beans/@mixed.1/@mixed.11/@mixed.3"/>
    <target href="assembly.xml#ErrorRetrievingPayGroup"/>
  </connections>
  <connections type="routesTo">
    <source href="assembly.xml#//@beans/@mixed.1/@route.0/@subRoute.1"/>
    <target href="assembly.xml#NoUpdateRequired"/>
  </connections>
  <connections type="routesTo">
    <source href="assembly.xml#PaygroupMapping"/>
    <target href="assembly.xml#SendEditPositionRequest"/>
  </connections>
  <connections type="routesTo">
    <source href="assembly.xml#getProperties"/>
    <target href="assembly.xml#byWorkerOrGeneric"/>
  </connections>
  <connections type="routesTo">
    <source href="assembly.xml#//@beans/@mixed.1/@route.1/@subRoute.0"/>
    <target href="assembly.xml#Worker-Specific-Request"/>
  </connections>
  <connections type="routesTo">
    <source href="assembly.xml#//@beans/@mixed.1/@route.1/@subRoute.1"/>
    <target href="assembly.xml#General-getWorkers-Request"/>
  </connections>
  <connections type="routesTo">
    <source href="assembly.xml#General-getWorkers-Request"/>
    <target href="assembly.xml#PagedGet"/>
  </connections>
  <connections type="routesTo">
    <source href="assembly.xml#//@beans/@mixed.1/@mixed.3/@mixed.3"/>
    <target href="assembly.xml#catchError"/>
  </connections>
  <connections type="routesResponseTo">
    <source href="assembly.xml#SendEditPositionRequest"/>
    <target href="assembly.xml#UpdateConfirmation"/>
  </connections>
  <connections type="routesTo">
    <source href="assembly.xml#//@beans/@mixed.1/@mixed.35/@mixed.3"/>
    <target href="assembly.xml#PutIntegrationMessage0"/>
  </connections>
  <connections type="routesTo">
    <source href="assembly.xml#//@beans/@mixed.1/@mixed.37/@mixed.3"/>
    <target href="assembly.xml#PutIntegrationMessage"/>
  </connections>
  <connections type="routesTo">
    <source href="assembly.xml#Worker-Specific-Request"/>
    <target href="assembly.xml#OutSOAP"/>
  </connections>
  <connections type="routesResponseTo">
    <source href="assembly.xml#OutSOAP"/>
    <target href="assembly.xml#CallProcessWorkers"/>
  </connections>
</wdnm:Diagram>
