<?xml version="1.0" encoding="UTF-8"?>
<wdnm:Diagram xmlns:wdnm="http://workday.com/studio/editors/notation">
  <element href="assembly.xml#WorkdayAssembly"/>
  <visualProperties x="24" y="64">
    <element href="assembly.xml#StartHere"/>
  </visualProperties>
  <visualProperties x="322" y="64">
    <element href="assembly.xml#CallRetrival"/>
  </visualProperties>
  <visualProperties x="22" y="316">
    <element href="assembly.xml#SubRetrivalInput"/>
  </visualProperties>
  <visualProperties x="694" y="64">
    <element href="assembly.xml#//@beans/@mixed.1/@mixed.7"/>
  </visualProperties>
  <visualProperties x="821" y="64">
    <element href="assembly.xml#PutIntegrationMessage"/>
  </visualProperties>
  <visualProperties x="1023" y="64">
    <element href="assembly.xml#CallCriticalEvent"/>
  </visualProperties>
  <visualProperties x="415" y="195">
    <element href="assembly.xml#CallPutIntegrationMessage"/>
  </visualProperties>
  <visualProperties x="377" y="301">
    <element href="assembly.xml#Splitter"/>
  </visualProperties>
  <visualProperties x="964" y="352">
    <element href="assembly.xml#WorkdayOutSoap"/>
  </visualProperties>
  <visualProperties x="469" y="129">
    <element href="assembly.xml#WDResponse"/>
  </visualProperties>
  <visualProperties x="30" y="750">
    <element href="assembly.xml#SubWDResponse"/>
  </visualProperties>
  <visualProperties x="1005" y="636">
    <element href="assembly.xml#Aggregator"/>
  </visualProperties>
  <visualProperties x="203" y="750">
    <element href="assembly.xml#AsyncMediation0"/>
  </visualProperties>
  <visualProperties x="1011" y="445">
    <element href="assembly.xml#AsyncMediation"/>
  </visualProperties>
  <visualProperties x="520" y="301">
    <element href="assembly.xml#AsyncMediation1"/>
  </visualProperties>
  <visualProperties x="749" y="731">
    <element href="assembly.xml#ErrorMessageWD"/>
  </visualProperties>
  <visualProperties x="186" y="504">
    <element href="assembly.xml#ErrorMessageRetrival"/>
  </visualProperties>
  <visualProperties x="449" y="838">
    <element href="assembly.xml#ErrorMessageStoring"/>
  </visualProperties>
  <visualProperties x="168" y="64">
    <element href="assembly.xml#AsyncMediation2"/>
  </visualProperties>
  <visualProperties x="227" y="204">
    <element href="assembly.xml#ErrorMessageInit"/>
  </visualProperties>
  <visualProperties x="54" y="361">
    <element href="assembly.xml#AsyncMediation3"/>
  </visualProperties>
  <visualProperties x="449" y="767">
    <element href="assembly.xml#PutIntegrationMessage0"/>
  </visualProperties>
  <visualProperties x="1004" y="794">
    <element href="assembly.xml#RouteAggregator"/>
  </visualProperties>
  <visualProperties x="467" y="64">
    <element href="assembly.xml#CallAggregator"/>
  </visualProperties>
  <visualProperties x="541" y="445">
    <element href="assembly.xml#Route"/>
  </visualProperties>
  <visualProperties x="749" y="352">
    <element href="assembly.xml#AsyncMediation4"/>
  </visualProperties>
  <visualProperties x="749" y="546">
    <element href="assembly.xml#AsyncMediation5"/>
  </visualProperties>
  <visualProperties x="746" y="489">
    <element href="assembly.xml#NotEE"/>
  </visualProperties>
  <visualProperties x="749" y="682">
    <element href="assembly.xml#NotCW"/>
  </visualProperties>
  <visualProperties x="954" y="584">
    <element href="assembly.xml#ErrorTransformWD"/>
  </visualProperties>
  <decorations x="17" y="20" width="643" height="235" type="NOTE" text="Main Process"/>
  <decorations x="14" y="279" width="1165" height="660" bgColor="16777128" fgColor="8404992" type="NOTE" text="SubProcess"/>
  <decorations x="677" y="20" width="502" height="235" bgColor="6578429" fgColor="196755" type="NOTE" text="Global Error Handler"/>
  <connections type="routesTo" sourceAnchorX="0.9081632653061225" sourceAnchorY="0.21621621621621623" targetAnchorX="0.02717391304347826" targetAnchorY="0.21621621621621623">
    <source href="assembly.xml#//@beans/@mixed.1/@mixed.7"/>
    <target href="assembly.xml#PutIntegrationMessage"/>
  </connections>
  <connections type="routesResponseTo" sourceAnchorX="0.6666666666666666" sourceAnchorY="0.21621621621621623" targetAnchorX="0.6990291262135923" targetAnchorY="0.10810810810810811">
    <source href="assembly.xml#WDResponse"/>
    <target href="assembly.xml#CallPutIntegrationMessage"/>
  </connections>
  <connections type="routesResponseTo" sourceAnchorX="0.7763157894736842" sourceAnchorY="0.5945945945945946" targetAnchorX="0.5039370078740157" targetAnchorY="0.13829787234042554">
    <source href="assembly.xml#WorkdayOutSoap"/>
    <target href="assembly.xml#AsyncMediation"/>
  </connections>
  <connections type="routesTo" sourceAnchorX="0.9507042253521126" sourceAnchorY="0.424" targetAnchorX="0.673202614379085" targetAnchorY="0.3867924528301887">
    <source href="assembly.xml#AsyncMediation"/>
    <target href="assembly.xml#Aggregator"/>
    <bendpoints sourceX="17" sourceY="2" targetX="55" targetY="-177"/>
    <bendpoints sourceX="21" sourceY="134" targetX="55" targetY="-79"/>
  </connections>
  <connections type="routesTo" sourceAnchorX="0.8280254777070064" sourceAnchorY="1.0" targetAnchorX="0.14666666666666667" targetAnchorY="0.552">
    <source href="assembly.xml#SubWDResponse"/>
    <target href="assembly.xml#AsyncMediation0"/>
    <bendpoints sourceY="32" targetX="-72"/>
  </connections>
  <connections type="routesTo" sourceAnchorX="0.8958333333333334" sourceAnchorY="0.6" targetAnchorX="0.1781609195402299" targetAnchorY="0.5135135135135135">
    <source href="assembly.xml#//@beans/@mixed.1/@mixed.25/@mixed.3"/>
    <target href="assembly.xml#ErrorMessageStoring"/>
  </connections>
  <connections type="routesTo" sourceAnchorX="1.0" sourceAnchorY="0.6756756756756757" targetAnchorX="0.1044776119402985" targetAnchorY="0.2">
    <source href="assembly.xml#StartHere"/>
    <target href="assembly.xml#AsyncMediation2"/>
  </connections>
  <connections type="routesTo" sourceAnchorX="0.9328358208955224" sourceAnchorY="0.136" targetAnchorX="0.14166666666666666" targetAnchorY="0.4594594594594595">
    <source href="assembly.xml#AsyncMediation2"/>
    <target href="assembly.xml#CallRetrival"/>
  </connections>
  <connections type="routesTo" sourceAnchorX="0.2204724409448819" sourceAnchorY="1.0" targetAnchorX="0.060109289617486336" targetAnchorY="0.6216216216216216">
    <source href="assembly.xml#//@beans/@mixed.1/@mixed.37/@mixed.3"/>
    <target href="assembly.xml#ErrorMessageInit"/>
    <bendpoints sourceY="43" targetX="-41" targetY="-1"/>
  </connections>
  <connections type="routesTo" sourceAnchorX="1.0" sourceAnchorY="0.24" targetAnchorX="0.07476635514018691" targetAnchorY="0.5974025974025974">
    <source href="assembly.xml#AsyncMediation3"/>
    <target href="assembly.xml#Splitter"/>
  </connections>
  <connections type="routesResponseTo" sourceAnchorX="0.8967391304347826" sourceAnchorY="0.4864864864864865" targetAnchorX="0.047619047619047616" targetAnchorY="0.4864864864864865">
    <source href="assembly.xml#PutIntegrationMessage"/>
    <target href="assembly.xml#CallCriticalEvent"/>
  </connections>
  <connections type="routesTo" sourceAnchorX="1.0" sourceAnchorY="0.224" targetAnchorX="0.3193717277486911" targetAnchorY="0.35135135135135137">
    <source href="assembly.xml#AsyncMediation0"/>
    <target href="assembly.xml#PutIntegrationMessage0"/>
  </connections>
  <connections type="routesTo" sourceAnchorX="0.4217687074829932" sourceAnchorY="1.0" targetAnchorX="0.05154639175257732" targetAnchorY="0.544">
    <source href="assembly.xml#SubRetrivalInput"/>
    <target href="assembly.xml#AsyncMediation3"/>
  </connections>
  <connections type="routesTo" sourceAnchorX="0.33098591549295775" sourceAnchorY="1.0" targetAnchorX="0.06818181818181818" targetAnchorY="0.5945945945945946">
    <source href="assembly.xml#//@beans/@mixed.1/@mixed.41/@mixed.3"/>
    <target href="assembly.xml#ErrorMessageRetrival"/>
    <bendpoints sourceY="46" targetX="-53"/>
  </connections>
  <connections type="routesResponseTo" sourceAnchorX="0.725" sourceAnchorY="0.5135135135135135" targetAnchorX="0.17266187050359713" targetAnchorY="0.4594594594594595">
    <source href="assembly.xml#CallRetrival"/>
    <target href="assembly.xml#CallAggregator"/>
  </connections>
  <connections type="routesResponseTo" sourceAnchorX="0.6402877697841727" sourceAnchorY="0.7837837837837838" targetAnchorX="0.6444444444444445" targetAnchorY="0.5405405405405406">
    <source href="assembly.xml#CallAggregator"/>
    <target href="assembly.xml#WDResponse"/>
  </connections>
  <connections type="routesTo" sourceAnchorX="0.8617021276595744" sourceAnchorY="0.8823529411764706" targetAnchorX="0.15730337078651685" targetAnchorY="0.152">
    <source href="assembly.xml#//@beans/@mixed.1/@splitter.0/@subRoute.0"/>
    <target href="assembly.xml#AsyncMediation1"/>
  </connections>
  <connections type="routesTo" sourceAnchorX="0.9696969696969697" sourceAnchorY="0.7647058823529411" targetAnchorX="0.02247191011235955" targetAnchorY="0.44">
    <source href="assembly.xml#//@beans/@mixed.1/@route.0/@subRoute.0"/>
    <target href="assembly.xml#AsyncMediation4"/>
    <bendpoints sourceX="85" sourceY="1" targetX="-27" targetY="176"/>
    <bendpoints sourceX="88" sourceY="-175" targetX="-24"/>
  </connections>
  <connections type="routesTo" sourceAnchorX="0.9696969696969697" sourceAnchorY="0.5882352941176471" targetAnchorX="0.14606741573033707" targetAnchorY="0.512">
    <source href="assembly.xml#//@beans/@mixed.1/@route.0/@subRoute.1"/>
    <target href="assembly.xml#AsyncMediation5"/>
  </connections>
  <connections type="routesTo" sourceAnchorX="0.8764044943820225" sourceAnchorY="0.136" targetAnchorX="0.13157894736842105" targetAnchorY="0.4594594594594595">
    <source href="assembly.xml#AsyncMediation4"/>
    <target href="assembly.xml#WorkdayOutSoap"/>
  </connections>
  <connections type="routesTo" sourceAnchorX="0.6767676767676768" sourceAnchorY="1.0" targetAnchorX="0.16129032258064516" targetAnchorY="0.7297297297297297">
    <source href="assembly.xml#//@beans/@mixed.1/@route.0/@subRoute.2"/>
    <target href="assembly.xml#ErrorMessageWD"/>
    <bendpoints sourceX="1" sourceY="95" targetX="-161" targetY="1"/>
  </connections>
  <connections type="routesTo" sourceAnchorX="1.0" sourceAnchorY="0.16" targetAnchorX="0.046052631578947366" targetAnchorY="0.8648648648648649">
    <source href="assembly.xml#AsyncMediation5"/>
    <target href="assembly.xml#WorkdayOutSoap"/>
    <bendpoints sourceX="44" targetY="182"/>
  </connections>
  <connections type="routesTo" sourceAnchorX="0.3333333333333333" sourceAnchorY="1.0" targetAnchorX="0.6847826086956522" targetAnchorY="0.6216216216216216">
    <source href="assembly.xml#//@beans/@mixed.1/@mixed.51/@mixed.3"/>
    <target href="assembly.xml#NotEE"/>
  </connections>
  <connections type="routesTo" sourceAnchorX="0.32748538011695905" sourceAnchorY="1.0" targetAnchorX="0.59375" targetAnchorY="0.7297297297297297">
    <source href="assembly.xml#//@beans/@mixed.1/@mixed.53/@mixed.3"/>
    <target href="assembly.xml#NotCW"/>
  </connections>
  <connections type="routesTo" sourceAnchorX="1.0" sourceAnchorY="0.216" targetAnchorX="0.9464285714285714" targetAnchorY="0.09210526315789473">
    <source href="assembly.xml#AsyncMediation1"/>
    <target href="assembly.xml#Route"/>
    <bendpoints sourceX="15" targetX="66" targetY="-138"/>
    <bendpoints sourceX="16" sourceY="138" targetX="67"/>
  </connections>
  <connections type="routesTo" sourceAnchorX="0.011695906432748537" sourceAnchorY="0.7" targetAnchorX="0.04516129032258064" targetAnchorY="0.43243243243243246">
    <source href="assembly.xml#//@beans/@mixed.1/@mixed.29/@mixed.3"/>
    <target href="assembly.xml#ErrorMessageWD"/>
    <bendpoints sourceY="337" targetX="-233" targetY="1"/>
  </connections>
  <connections type="routesTo" sourceAnchorX="0.5777777777777777" sourceAnchorY="1.0" targetAnchorX="0.84472049689441" targetAnchorY="0.5945945945945946">
    <source href="assembly.xml#//@beans/@mixed.1/@mixed.27/@mixed.3"/>
    <target href="assembly.xml#ErrorTransformWD"/>
  </connections>
  <connections type="routesTo" sourceAnchorX="0.78" sourceAnchorY="1.0" targetAnchorX="0.7450980392156863" targetAnchorY="0.8962264150943396">
    <source href="assembly.xml#RouteAggregator"/>
    <target href="assembly.xml#Aggregator"/>
  </connections>
</wdnm:Diagram>
