<?xml version="1.0" encoding="UTF-8"?>
<wdnm:Diagram xmlns:wdnm="http://workday.com/studio/editors/notation">
  <element href="assembly.xml#WorkdayAssembly"/>
  <visualProperties x="66" y="126">
    <element href="assembly.xml#StartHere"/>
  </visualProperties>
  <visualProperties x="168" y="118">
    <element href="assembly.xml#Data"/>
  </visualProperties>
  <visualProperties x="35" y="299">
    <element href="assembly.xml#WriteOutputFiles"/>
  </visualProperties>
  <visualProperties x="267" y="295">
    <element href="assembly.xml#Splitter"/>
  </visualProperties>
  <visualProperties x="414" y="306">
    <element href="assembly.xml#Route"/>
  </visualProperties>
  <visualProperties x="532" y="354">
    <element href="assembly.xml#AggregatorFile1"/>
  </visualProperties>
  <visualProperties x="416" y="85">
    <element href="assembly.xml#Call-WriteOutputFiles"/>
  </visualProperties>
  <visualProperties x="433" y="586">
    <element href="assembly.xml#AggregatorFile2"/>
  </visualProperties>
  <visualProperties x="463" y="386">
    <element href="assembly.xml#CloseFile1Agg"/>
  </visualProperties>
  <visualProperties x="473" y="635">
    <element href="assembly.xml#CloseFile2Agg"/>
  </visualProperties>
  <visualProperties x="595" y="382">
    <element href="assembly.xml#Store"/>
  </visualProperties>
  <visualProperties x="647" y="87">
    <element href="assembly.xml#Call-CloseFile1Agg"/>
  </visualProperties>
  <visualProperties x="878" y="89">
    <element href="assembly.xml#Call-CloseFile2Agg"/>
  </visualProperties>
  <visualProperties x="235" y="119">
    <element href="assembly.xml#Process"/>
  </visualProperties>
  <visualProperties x="75" y="110">
    <element href="assembly.xml#Call-Process"/>
  </visualProperties>
  <visualProperties x="1153" y="663">
    <element href="assembly.xml#Store0"/>
  </visualProperties>
  <visualProperties x="1030" y="524">
    <element href="assembly.xml#PutIntegrationMessage"/>
  </visualProperties>
  <visualProperties x="1085" y="685">
    <element href="assembly.xml#PutIntegrationMessage0"/>
  </visualProperties>
  <connections type="routesTo" sourceAnchorX="1.0" sourceAnchorY="0.4117647058823529" targetAnchorX="0.05172413793103448" targetAnchorY="0.12264150943396226">
    <source href="assembly.xml#//@beans/@mixed.1/@route.0/@subRoute.0"/>
    <target href="assembly.xml#AggregatorFile1"/>
  </connections>
  <connections type="routesTo" sourceAnchorX="1.0" sourceAnchorY="0.22916666666666666" targetAnchorX="0.358974358974359" targetAnchorY="0.13414634146341464">
    <source href="assembly.xml#Data"/>
    <target href="assembly.xml#Splitter"/>
  </connections>
  <connections type="routesTo" sourceAnchorX="0.8461538461538461" sourceAnchorY="1.0" targetAnchorX="0.13924050632911392" targetAnchorY="0.35135135135135137">
    <source href="assembly.xml#//@beans/@mixed.1/@splitter.0/@subRoute.0"/>
    <target href="assembly.xml#Call-WriteOutputFiles"/>
  </connections>
  <connections type="routesTo" sourceAnchorX="1.0" sourceAnchorY="0.1891891891891892" targetAnchorX="0.632183908045977" targetAnchorY="0.12222222222222222">
    <source href="assembly.xml#WriteOutputFiles"/>
    <target href="assembly.xml#Route"/>
  </connections>
  <connections type="routesTo" sourceAnchorX="0.8243243243243243" sourceAnchorY="1.0" targetAnchorX="0.11494252873563218" targetAnchorY="0.16981132075471697">
    <source href="assembly.xml#//@beans/@mixed.1/@route.0/@subRoute.1"/>
    <target href="assembly.xml#AggregatorFile2"/>
  </connections>
  <connections type="routesTo" sourceAnchorX="0.7880794701986755" sourceAnchorY="1.0" targetAnchorX="0.25862068965517243" targetAnchorY="0.22641509433962265">
    <source href="assembly.xml#CloseFile1Agg"/>
    <target href="assembly.xml#AggregatorFile1"/>
  </connections>
  <connections type="routesTo" sourceAnchorX="0.9139072847682119" sourceAnchorY="1.0" targetAnchorX="0.39080459770114945" targetAnchorY="0.16981132075471697">
    <source href="assembly.xml#CloseFile2Agg"/>
    <target href="assembly.xml#AggregatorFile2"/>
  </connections>
  <connections type="routesTo" sourceAnchorX="1.0" sourceAnchorY="0.22641509433962265" targetAnchorX="0.0979020979020979" targetAnchorY="0.32608695652173914">
    <source href="assembly.xml#AggregatorFile1"/>
    <target href="assembly.xml#Store"/>
  </connections>
  <connections type="routesTo" sourceAnchorX="1.0" sourceAnchorY="0.18867924528301888" targetAnchorX="0.2823529411764706" targetAnchorY="0.40625">
    <source href="assembly.xml#AggregatorFile2"/>
    <target href="assembly.xml#Store0"/>
  </connections>
  <connections type="routesResponseTo" sourceAnchorX="0.6298342541436464" sourceAnchorY="0.8378378378378378" targetAnchorX="0.060240963855421686" targetAnchorY="0.43243243243243246">
    <source href="assembly.xml#Call-CloseFile1Agg"/>
    <target href="assembly.xml#Call-CloseFile2Agg"/>
  </connections>
  <connections type="routesTo" sourceAnchorX="1.0" sourceAnchorY="0.5135135135135135" targetAnchorX="0.5447154471544715" targetAnchorY="0.2916666666666667">
    <source href="assembly.xml#Process"/>
    <target href="assembly.xml#Data"/>
  </connections>
  <connections type="routesTo" sourceAnchorX="0.4957983193277311" sourceAnchorY="1.0" targetAnchorX="0.6267605633802817" targetAnchorY="0.02702702702702703">
    <source href="assembly.xml#StartHere"/>
    <target href="assembly.xml#Call-Process"/>
  </connections>
  <connections type="routesResponseTo" sourceAnchorX="0.33098591549295775" sourceAnchorY="1.0" targetAnchorX="0.5414364640883977" targetAnchorY="0.40540540540540543">
    <source href="assembly.xml#Call-Process"/>
    <target href="assembly.xml#Call-CloseFile1Agg"/>
  </connections>
  <connections type="routesTo" sourceAnchorX="1.0" sourceAnchorY="0.1836734693877551" targetAnchorX="0.5975103734439834" targetAnchorY="0.32432432432432434">
    <source href="assembly.xml#Store"/>
    <target href="assembly.xml#PutIntegrationMessage"/>
  </connections>
  <connections type="routesTo">
    <source href="assembly.xml#Store0"/>
    <target href="assembly.xml#PutIntegrationMessage0"/>
  </connections>
  <swimlanes x="262" y="32" name="Swimlane">
    <elements href="assembly.xml#Process"/>
    <elements href="assembly.xml#Data"/>
    <elements href="assembly.xml#Splitter"/>
    <elements href="assembly.xml#Call-WriteOutputFiles"/>
  </swimlanes>
  <swimlanes x="262" y="266" name="Swimlane" alignment="MIDDLE">
    <elements href="assembly.xml#WriteOutputFiles"/>
    <elements href="assembly.xml#Route"/>
    <elements href="#//@swimlanes.3"/>
    <elements href="#//@swimlanes.6"/>
  </swimlanes>
  <swimlanes x="538" y="292" name="Swimlane" orientation="VERTICAL">
    <elements href="assembly.xml#CloseFile1Agg"/>
    <elements href="assembly.xml#AggregatorFile1"/>
  </swimlanes>
  <swimlanes x="596" y="438" name="Swimlane" orientation="VERTICAL" elements="//@swimlanes.2 //@swimlanes.4"/>
  <swimlanes x="409" y="532" name="Swimlane" orientation="VERTICAL">
    <elements href="assembly.xml#CloseFile2Agg"/>
    <elements href="assembly.xml#AggregatorFile2"/>
  </swimlanes>
  <swimlanes x="19" y="22" name="Swimlane" orientation="VERTICAL">
    <elements href="assembly.xml#StartHere"/>
    <elements href="assembly.xml#Call-Process"/>
    <elements href="assembly.xml#Call-CloseFile1Agg"/>
    <elements href="assembly.xml#Call-CloseFile2Agg"/>
  </swimlanes>
  <swimlanes x="844" y="479" name="Swimlane" orientation="VERTICAL">
    <elements href="assembly.xml#Store"/>
    <elements href="assembly.xml#PutIntegrationMessage"/>
    <elements href="assembly.xml#Store0"/>
    <elements href="assembly.xml#PutIntegrationMessage0"/>
  </swimlanes>
</wdnm:Diagram>
