<?xml version="1.0" encoding="ASCII"?>
<!-- DayNine Consulting Inc 2011 -->
<wd:WorkdayIn_Config xmlns:wd="urn:com.workday/bsvc">
  <wd:Get_Custom_Integration_Services_Response>
    <wd:Request_References>
      <wd:Custom_Integration_Service_Reference wd:Descriptor="Worker Doc Load Attributes">
        <wd:ID wd:type="WID">7859e4ab55a24eb98261c062d61a868a</wd:ID>
        <wd:ID wd:type="Integration_Service_Name">Worker Doc Load Attributes</wd:ID>
      </wd:Custom_Integration_Service_Reference>
    </wd:Request_References>
    <wd:Response_Results>
      <wd:Total_Results>1</wd:Total_Results>
      <wd:Total_Pages>1</wd:Total_Pages>
      <wd:Page_Results>1</wd:Page_Results>
      <wd:Page>1</wd:Page>
    </wd:Response_Results>
    <wd:Response_Data>
      <wd:Custom_Integration_Service>
        <wd:Custom_Integration_Service_Reference wd:Descriptor="Worker Doc Load Attributes">
          <wd:ID wd:type="WID">7859e4ab55a24eb98261c062d61a868a</wd:ID>
          <wd:ID wd:type="Integration_Service_Name">Worker Doc Load Attributes</wd:ID>
        </wd:Custom_Integration_Service_Reference>
        <wd:Custom_Integration_Service_Data>
          <wd:Name>Worker Doc Load Attributes</wd:Name>
          <wd:Custom_Generic_Service_Data>
            <wd:Custom_Attribute_Data>
              <wd:Order>dd</wd:Order>
              <wd:Name>SFTP Endpoint</wd:Name>
              <wd:Description>Provide the SFTP server and folder such as sftp://sftp.server.com/incoming/docs</wd:Description>
              <wd:Data_Type_External_Field_Reference wd:Descriptor="Text">
                <wd:ID wd:type="WID">eb1c24f5b33d4ed48d1d676d6edbee23</wd:ID>
              </wd:Data_Type_External_Field_Reference>
              <wd:Display_Option_Reference wd:Descriptor="Required for Launch">
                <wd:ID wd:type="WID">d2db5d86446c11de98360015c5e6daf6</wd:ID>
                <wd:ID wd:type="Display_Option_Name">Required for Launch</wd:ID>
              </wd:Display_Option_Reference>
            </wd:Custom_Attribute_Data>
            <wd:Custom_Attribute_Data>
              <wd:Order>de</wd:Order>
              <wd:Name>SFTP Username</wd:Name>
              <wd:Description>Provide the username to be used in connecting to the SFTP server</wd:Description>
              <wd:Data_Type_External_Field_Reference wd:Descriptor="Text">
                <wd:ID wd:type="WID">eb1c24f5b33d4ed48d1d676d6edbee23</wd:ID>
              </wd:Data_Type_External_Field_Reference>
              <wd:Display_Option_Reference wd:Descriptor="Required for Launch">
                <wd:ID wd:type="WID">d2db5d86446c11de98360015c5e6daf6</wd:ID>
                <wd:ID wd:type="Display_Option_Name">Required for Launch</wd:ID>
              </wd:Display_Option_Reference>
            </wd:Custom_Attribute_Data>
            <wd:Custom_Attribute_Data>
              <wd:Order>df</wd:Order>
              <wd:Name>SFTP Password</wd:Name>
              <wd:Description>Provide the password to be used in connecting to the SFTP server</wd:Description>
              <wd:Data_Type_External_Field_Reference wd:Descriptor="Text">
                <wd:ID wd:type="WID">eb1c24f5b33d4ed48d1d676d6edbee23</wd:ID>
              </wd:Data_Type_External_Field_Reference>
              <wd:Display_Option_Reference wd:Descriptor="Display As Password">
                <wd:ID wd:type="WID">d2db558e446c11de98360015c5e6daf6</wd:ID>
                <wd:ID wd:type="Display_Option_Name">Display As Password</wd:ID>
              </wd:Display_Option_Reference>
              <wd:Display_Option_Reference wd:Descriptor="Required for Launch">
                <wd:ID wd:type="WID">d2db5d86446c11de98360015c5e6daf6</wd:ID>
                <wd:ID wd:type="Display_Option_Name">Required for Launch</wd:ID>
              </wd:Display_Option_Reference>
            </wd:Custom_Attribute_Data>
            <wd:Custom_Attribute_Data>
              <wd:Order>dg</wd:Order>
              <wd:Name>Workday Username</wd:Name>
              <wd:Description>Provide the Workday account username to be used in uploading worker documents</wd:Description>
              <wd:Data_Type_External_Field_Reference wd:Descriptor="Text">
                <wd:ID wd:type="WID">eb1c24f5b33d4ed48d1d676d6edbee23</wd:ID>
              </wd:Data_Type_External_Field_Reference>
              <wd:Display_Option_Reference wd:Descriptor="Required for Launch">
                <wd:ID wd:type="WID">d2db5d86446c11de98360015c5e6daf6</wd:ID>
                <wd:ID wd:type="Display_Option_Name">Required for Launch</wd:ID>
              </wd:Display_Option_Reference>
            </wd:Custom_Attribute_Data>
            <wd:Custom_Attribute_Data>
              <wd:Order>dh</wd:Order>
              <wd:Name>Workday Password</wd:Name>
              <wd:Description>Provide the Workday account password to be used in uploading worker documents</wd:Description>
              <wd:Data_Type_External_Field_Reference wd:Descriptor="Text">
                <wd:ID wd:type="WID">eb1c24f5b33d4ed48d1d676d6edbee23</wd:ID>
              </wd:Data_Type_External_Field_Reference>
              <wd:Display_Option_Reference wd:Descriptor="Display As Password">
                <wd:ID wd:type="WID">d2db558e446c11de98360015c5e6daf6</wd:ID>
                <wd:ID wd:type="Display_Option_Name">Display As Password</wd:ID>
              </wd:Display_Option_Reference>
              <wd:Display_Option_Reference wd:Descriptor="Required for Launch">
                <wd:ID wd:type="WID">d2db5d86446c11de98360015c5e6daf6</wd:ID>
                <wd:ID wd:type="Display_Option_Name">Required for Launch</wd:ID>
              </wd:Display_Option_Reference>
            </wd:Custom_Attribute_Data>
            <wd:Custom_Attribute_Data>
              <wd:Order>di</wd:Order>
              <wd:Name>File pattern</wd:Name>
              <wd:Description>Specify the wildcard used, example is &quot;..*.pdf&quot;</wd:Description>
              <wd:Data_Type_External_Field_Reference wd:Descriptor="Text">
                <wd:ID wd:type="WID">eb1c24f5b33d4ed48d1d676d6edbee23</wd:ID>
              </wd:Data_Type_External_Field_Reference>
              <wd:Display_Option_Reference wd:Descriptor="Required for Launch">
                <wd:ID wd:type="WID">d2db5d86446c11de98360015c5e6daf6</wd:ID>
                <wd:ID wd:type="Display_Option_Name">Required for Launch</wd:ID>
              </wd:Display_Option_Reference>
              <wd:Integration_Attribute_Value_Data>
                <wd:Text>..*.pdf</wd:Text>
                <wd:Environment_Reference wd:Descriptor="SANDBOX">
                  <wd:ID wd:type="WID">da435d6c446c11de98360015c5e6daf6</wd:ID>
                  <wd:ID wd:type="OMS_Environment_Type">SANDBOX</wd:ID>
                </wd:Environment_Reference>
                <wd:Environment_Reference wd:Descriptor="IMPL">
                  <wd:ID wd:type="WID">da4353d0446c11de98360015c5e6daf6</wd:ID>
                  <wd:ID wd:type="OMS_Environment_Type">IMPL</wd:ID>
                </wd:Environment_Reference>
              </wd:Integration_Attribute_Value_Data>
            </wd:Custom_Attribute_Data>
            <wd:Custom_Attribute_Data>
              <wd:Order>dj</wd:Order>
              <wd:Name>Document Category</wd:Name>
              <wd:Description>Specify the Worker document category to use, example is &quot;OTHER&quot;</wd:Description>
              <wd:Data_Type_External_Field_Reference wd:Descriptor="Text">
                <wd:ID wd:type="WID">eb1c24f5b33d4ed48d1d676d6edbee23</wd:ID>
              </wd:Data_Type_External_Field_Reference>
              <wd:Display_Option_Reference wd:Descriptor="Required for Launch">
                <wd:ID wd:type="WID">d2db5d86446c11de98360015c5e6daf6</wd:ID>
                <wd:ID wd:type="Display_Option_Name">Required for Launch</wd:ID>
              </wd:Display_Option_Reference>
              <wd:Integration_Attribute_Value_Data>
                <wd:Text>WORKERHIST</wd:Text>
                <wd:Environment_Reference wd:Descriptor="SANDBOX">
                  <wd:ID wd:type="WID">da435d6c446c11de98360015c5e6daf6</wd:ID>
                  <wd:ID wd:type="OMS_Environment_Type">SANDBOX</wd:ID>
                </wd:Environment_Reference>
                <wd:Environment_Reference wd:Descriptor="IMPL">
                  <wd:ID wd:type="WID">da4353d0446c11de98360015c5e6daf6</wd:ID>
                  <wd:ID wd:type="OMS_Environment_Type">IMPL</wd:ID>
                </wd:Environment_Reference>
              </wd:Integration_Attribute_Value_Data>
            </wd:Custom_Attribute_Data>
            <wd:Custom_Attribute_Data>
              <wd:Order>dk</wd:Order>
              <wd:Name>Document Comment</wd:Name>
              <wd:Description>Specify the comment that will be placed alongside the document</wd:Description>
              <wd:Data_Type_External_Field_Reference wd:Descriptor="Text">
                <wd:ID wd:type="WID">eb1c24f5b33d4ed48d1d676d6edbee23</wd:ID>
              </wd:Data_Type_External_Field_Reference>
              <wd:Display_Option_Reference wd:Descriptor="Required for Launch">
                <wd:ID wd:type="WID">d2db5d86446c11de98360015c5e6daf6</wd:ID>
                <wd:ID wd:type="Display_Option_Name">Required for Launch</wd:ID>
              </wd:Display_Option_Reference>
            </wd:Custom_Attribute_Data>
          </wd:Custom_Generic_Service_Data>
        </wd:Custom_Integration_Service_Data>
      </wd:Custom_Integration_Service>
    </wd:Response_Data>
  </wd:Get_Custom_Integration_Services_Response>
  <wd:Get_Integration_Systems_Response>
    <wd:Request_References>
      <wd:Integration_System_Reference wd:Descriptor="WorkerDocLoad">
        <wd:ID wd:type="WID">3599ad08512b4cb1b49bddbd4f14378b</wd:ID>
        <wd:ID wd:type="Integration_System_ID">D9_WorkerDocLoad/D9_WorkerDocLoad/D9WorkerDocLoad</wd:ID>
      </wd:Integration_System_Reference>
    </wd:Request_References>
    <wd:Response_Results>
      <wd:Total_Results>1</wd:Total_Results>
      <wd:Total_Pages>1</wd:Total_Pages>
      <wd:Page_Results>1</wd:Page_Results>
      <wd:Page>1</wd:Page>
    </wd:Response_Results>
    <wd:Response_Data>
      <wd:Integration_System>
        <wd:Integration_System_Reference wd:Descriptor="WorkerDocLoad">
          <wd:ID wd:type="WID">3599ad08512b4cb1b49bddbd4f14378b</wd:ID>
          <wd:ID wd:type="Integration_System_ID">D9_WorkerDocLoad/D9_WorkerDocLoad/D9WorkerDocLoad</wd:ID>
        </wd:Integration_System_Reference>
        <wd:Integration_System_Data>
          <wd:Integration_System_ID>D9_WorkerDocLoad/D9_WorkerDocLoad/D9WorkerDocLoad</wd:Integration_System_ID>
          <wd:Integration_System_Name>WorkerDocLoad</wd:Integration_System_Name>
          <wd:Integration_Template_Reference wd:Descriptor="Cloud Integration Template">
            <wd:ID wd:type="WID">ce31b92bca0144ab8db330a07b0912fe</wd:ID>
            <wd:ID wd:type="Integration_Template_Name">Cloud Integration Template</wd:ID>
          </wd:Integration_Template_Reference>
          <wd:Integration_Service_Data wd:Enabled="true" wd:WID="b26744c563104d69b6283e1b6a872150">
            <wd:Integration_Service_Reference wd:Descriptor="Cloud Integration Broker">
              <wd:ID wd:type="WID">641a9b60ac0a4801bed461ac01c5c316</wd:ID>
              <wd:ID wd:type="Workday_Integration_Service_Name">Cloud Integration Broker</wd:ID>
            </wd:Integration_Service_Reference>
          </wd:Integration_Service_Data>
          <wd:Integration_Service_Data wd:Enabled="true" wd:WID="dab0c4ea2e0f49a6acc549c0d2cd80f4">
            <wd:Integration_Service_Reference wd:Descriptor="Worker Doc Load Attributes">
              <wd:ID wd:type="WID">7859e4ab55a24eb98261c062d61a868a</wd:ID>
              <wd:ID wd:type="Integration_Service_Name">Worker Doc Load Attributes</wd:ID>
            </wd:Integration_Service_Reference>
          </wd:Integration_Service_Data>
          <wd:Integration_Attributes_Data>
            <wd:Integration_Attribute_Provider_Reference wd:Descriptor="Cloud Integration Broker">
              <wd:ID wd:type="WID">641a9b60ac0a4801bed461ac01c5c316</wd:ID>
              <wd:ID wd:type="Workday_Integration_Service_Name">Cloud Integration Broker</wd:ID>
            </wd:Integration_Attribute_Provider_Reference>
            <wd:Integration_Attribute_Data>
              <wd:Integration_Attribute_Reference wd:Descriptor="Cloud Integration Broker / WorkdayIn Connector ID">
                <wd:ID wd:type="WID">eae8e3ee27fc43b580097fd284f168aa</wd:ID>
                <wd:ID wd:parent_id="641a9b60ac0a4801bed461ac01c5c316" wd:parent_type="WID" wd:type="Workday_Integration_Attribute_Name">WorkdayIn Connector ID</wd:ID>
              </wd:Integration_Attribute_Reference>
              <wd:Integration_Attribute_Name>WorkdayIn Connector ID</wd:Integration_Attribute_Name>
              <wd:Integration_Attribute_Value_Data>
                <wd:Text>D9_WorkerDocLoad/D9WorkerDocLoad</wd:Text>
              </wd:Integration_Attribute_Value_Data>
            </wd:Integration_Attribute_Data>
          </wd:Integration_Attributes_Data>
          <wd:Integration_Attributes_Data>
            <wd:Integration_Attribute_Provider_Reference wd:Descriptor="Worker Doc Load Attributes">
              <wd:ID wd:type="WID">7859e4ab55a24eb98261c062d61a868a</wd:ID>
              <wd:ID wd:type="Integration_Service_Name">Worker Doc Load Attributes</wd:ID>
            </wd:Integration_Attribute_Provider_Reference>
            <wd:Integration_Attribute_Data>
              <wd:Integration_Attribute_Reference wd:Descriptor="Worker Doc Load Attributes / SFTP Endpoint">
                <wd:ID wd:type="WID">a281c787e045438eb2ea00a8ba61348d</wd:ID>
                <wd:ID wd:parent_id="7859e4ab55a24eb98261c062d61a868a" wd:parent_type="WID" wd:type="Integration_Attribute_Name">SFTP Endpoint</wd:ID>
              </wd:Integration_Attribute_Reference>
              <wd:Integration_Attribute_Name>SFTP Endpoint</wd:Integration_Attribute_Name>
              <wd:Integration_Attribute_Value_Data>
                <wd:Text>sftp://sftp-impl.workday.com/incoming/Dossier Files</wd:Text>
              </wd:Integration_Attribute_Value_Data>
            </wd:Integration_Attribute_Data>
            <wd:Integration_Attribute_Data>
              <wd:Integration_Attribute_Reference wd:Descriptor="Worker Doc Load Attributes / SFTP Username">
                <wd:ID wd:type="WID">8f55c278e9ca4ef4ab2af35841d897e7</wd:ID>
                <wd:ID wd:parent_id="7859e4ab55a24eb98261c062d61a868a" wd:parent_type="WID" wd:type="Integration_Attribute_Name">SFTP Username</wd:ID>
              </wd:Integration_Attribute_Reference>
              <wd:Integration_Attribute_Name>SFTP Username</wd:Integration_Attribute_Name>
              <wd:Integration_Attribute_Value_Data>
                <wd:Text>mastercard</wd:Text>
              </wd:Integration_Attribute_Value_Data>
            </wd:Integration_Attribute_Data>
            <wd:Integration_Attribute_Data>
              <wd:Integration_Attribute_Reference wd:Descriptor="Worker Doc Load Attributes / SFTP Password">
                <wd:ID wd:type="WID">aa4727689893454c965ff099079339cf</wd:ID>
                <wd:ID wd:parent_id="7859e4ab55a24eb98261c062d61a868a" wd:parent_type="WID" wd:type="Integration_Attribute_Name">SFTP Password</wd:ID>
              </wd:Integration_Attribute_Reference>
              <wd:Integration_Attribute_Name>SFTP Password</wd:Integration_Attribute_Name>
              <wd:Integration_Attribute_Value_Data>
                <wd:Text>1DecB=ic`rr0SO</wd:Text>
              </wd:Integration_Attribute_Value_Data>
            </wd:Integration_Attribute_Data>
            <wd:Integration_Attribute_Data>
              <wd:Integration_Attribute_Reference wd:Descriptor="Worker Doc Load Attributes / Workday Username">
                <wd:ID wd:type="WID">86074f1cb3d742a4939ab2175dc6723d</wd:ID>
                <wd:ID wd:parent_id="7859e4ab55a24eb98261c062d61a868a" wd:parent_type="WID" wd:type="Integration_Attribute_Name">Workday Username</wd:ID>
              </wd:Integration_Attribute_Reference>
              <wd:Integration_Attribute_Name>Workday Username</wd:Integration_Attribute_Name>
              <wd:Integration_Attribute_Value_Data>
                <wd:Text>tnicolas-impl</wd:Text>
              </wd:Integration_Attribute_Value_Data>
            </wd:Integration_Attribute_Data>
            <wd:Integration_Attribute_Data>
              <wd:Integration_Attribute_Reference wd:Descriptor="Worker Doc Load Attributes / Workday Password">
                <wd:ID wd:type="WID">fd2855fbd450418990827cc6c23f0612</wd:ID>
                <wd:ID wd:parent_id="7859e4ab55a24eb98261c062d61a868a" wd:parent_type="WID" wd:type="Integration_Attribute_Name">Workday Password</wd:ID>
              </wd:Integration_Attribute_Reference>
              <wd:Integration_Attribute_Name>Workday Password</wd:Integration_Attribute_Name>
              <wd:Integration_Attribute_Value_Data>
                <wd:Text>January2@</wd:Text>
              </wd:Integration_Attribute_Value_Data>
            </wd:Integration_Attribute_Data>
            <wd:Integration_Attribute_Data>
              <wd:Integration_Attribute_Reference wd:Descriptor="Worker Doc Load Attributes / File pattern">
                <wd:ID wd:type="WID">e0fe8548baed48258a1a494d82e97584</wd:ID>
                <wd:ID wd:parent_id="7859e4ab55a24eb98261c062d61a868a" wd:parent_type="WID" wd:type="Integration_Attribute_Name">File pattern</wd:ID>
              </wd:Integration_Attribute_Reference>
              <wd:Integration_Attribute_Name>File pattern</wd:Integration_Attribute_Name>
              <wd:Integration_Attribute_Value_Data>
                <wd:Text>..*.pdf</wd:Text>
              </wd:Integration_Attribute_Value_Data>
            </wd:Integration_Attribute_Data>
            <wd:Integration_Attribute_Data>
              <wd:Integration_Attribute_Reference wd:Descriptor="Worker Doc Load Attributes / Document Category">
                <wd:ID wd:type="WID">969a512f2d0246f89416104899406e7c</wd:ID>
                <wd:ID wd:parent_id="7859e4ab55a24eb98261c062d61a868a" wd:parent_type="WID" wd:type="Integration_Attribute_Name">Document Category</wd:ID>
              </wd:Integration_Attribute_Reference>
              <wd:Integration_Attribute_Name>Document Category</wd:Integration_Attribute_Name>
              <wd:Integration_Attribute_Value_Data>
                <wd:Text>WORKERHIST</wd:Text>
              </wd:Integration_Attribute_Value_Data>
            </wd:Integration_Attribute_Data>
            <wd:Integration_Attribute_Data>
              <wd:Integration_Attribute_Reference wd:Descriptor="Worker Doc Load Attributes / Document Comment">
                <wd:ID wd:type="WID">98990742362841c997ae590949057116</wd:ID>
                <wd:ID wd:parent_id="7859e4ab55a24eb98261c062d61a868a" wd:parent_type="WID" wd:type="Integration_Attribute_Name">Document Comment</wd:ID>
              </wd:Integration_Attribute_Reference>
              <wd:Integration_Attribute_Name>Document Comment</wd:Integration_Attribute_Name>
            </wd:Integration_Attribute_Data>
          </wd:Integration_Attributes_Data>
        </wd:Integration_System_Data>
        <wd:Exceptions_Response_Data>
          <wd:Exceptions_Data>
            <wd:Exception_Data>
              <wd:Classification>Critical</wd:Classification>
              <wd:Message>There are Integration Attributes enabled for this Integration System that are marked as &quot;Required for Launch&quot;, but do not have a Value assigned to them.  Please use the Related Menu Item (Integration System > Configure Integration Attributes) to complete the configuration.
Attributes:
Worker Doc Load Attributes / Document Comment</wd:Message>
            </wd:Exception_Data>
          </wd:Exceptions_Data>
        </wd:Exceptions_Response_Data>
      </wd:Integration_System>
    </wd:Response_Data>
  </wd:Get_Integration_Systems_Response>
</wd:WorkdayIn_Config>