<?xml version="1.0" encoding="UTF-8"?>
<beans
     xmlns="http://www.springframework.org/schema/beans"
     xmlns:beans="http://www.springframework.org/schema/beans"
     xmlns:atom="http://www.w3.org/2005/Atom"
     xmlns:cc="http://www.capeclear.com/assembly/10"
     xmlns:cloud="urn:com.workday/esb/cloud/10.0"
     xmlns:env="http://schemas.xmlsoap.org/soap/envelope/"
     xmlns:pi="urn:com.workday/picof"
     xmlns:wd="urn:com.workday/bsvc"
     xmlns:xsi="http://www.w3.org/2001/XMLSchema-instance">
 
	<cc:assembly id="WorkdayAssembly" version="2019.35">
        <cc:workday-in id="StartHere" routes-to="GetDataFromReport">
            <cc:integration-system name="Hartford Monthly Report">
        <cloud:param name="Actual_Start_Date">
          <cloud:type>
            <cloud:simple-type>datetime</cloud:simple-type>
          </cloud:type>
          <cloud:default/>
          <cloud:launch-option>required</cloud:launch-option>
        </cloud:param>
        <cloud:param name="Actual_End_Date">
          <cloud:type>
            <cloud:simple-type>datetime</cloud:simple-type>
          </cloud:type>
          <cloud:default/>
          <cloud:launch-option>required</cloud:launch-option>
        </cloud:param>
        <cloud:report-service name="HIG_Monthly_Report">
          <cloud:report-alias description="Hartford Monthly Report" name="HIG_Monthly_Report">
            <cloud:report-reference description="Hartford Monthly Report" type="WID">c49f11b0201d01c17e4b319b9d014601</cloud:report-reference>
          </cloud:report-alias>
        </cloud:report-service>
      </cc:integration-system>
        </cc:workday-in>
        <cc:async-mediation id="Init_Launch_Parameter" routes-to="Route" handle-downstream-errors="false">
            <cc:steps>
                <cc:eval id="Eval">
                    <cc:expression>props['FromDate1']=lp.getSimpleData('Actual_Start_Date');</cc:expression>
                    <cc:expression>props['ToDate1']=lp.getSimpleData('Actual_End_Date');</cc:expression>
                </cc:eval>
                <cc:xslt id="Xslt" url="ConvertTimeZone.xsl"/>
                <cc:log id="Log">
                    <cc:log-message>
                        <cc:text>&#xD;
&#xD;
From Date: @{props['FromDate1']}&#xD;
To Date: @{props['ToDate1']}&#xD;
&#xD;
After date &#xD;
-----------------&#xD;
</cc:text>
                    </cc:log-message>
                </cc:log>
                <cc:eval id="Eval1">
                    <cc:expression>props['FromDate1']= parts[0].xpath('Root/FromDate1');</cc:expression>
                    <cc:expression>props['ToDate1']= parts[0].xpath('Root/ToDate1');</cc:expression>
                    <cc:expression>props['Actual_Start_Date']= props['FromDate1'].substring(0,10)</cc:expression>
                    <cc:expression>props['Actual_End_Date']=props['ToDate1'].substring(0,10)</cc:expression>
                    <cc:expression>props['collate']=false</cc:expression>
                    <cc:expression>props['CurrentMonth']= parts[0].xpath('Root/currentmonth');</cc:expression>
                </cc:eval>
                <cc:validate-exp id="ValidateExp">
                    <cc:expression error-number="101" failure-message="From date must be greater than To date">props['FromDate1'] &lt; props['ToDate1']</cc:expression>
                </cc:validate-exp>
                <cc:write id="Write">
                    <cc:message>
                        <cc:text>&lt;?xml version=&quot;1.0&quot; encoding=&quot;UTF-8&quot;?>&#xD;
&lt;MasterRoot>&#xD;
&lt;date>&#xD;
&lt;fromDate>@{props['Actual_Start_Date']}&lt;/fromDate>&#xD;
&lt;toDate>@{props['Actual_End_Date']}&lt;/toDate>&#xD;
&lt;fromTime>T00:00:00-05:00&lt;/fromTime>&#xD;
&lt;toTime>T23:59:59-05:00&lt;/toTime>&#xD;
&lt;/date>&#xD;
&lt;/MasterRoot></cc:text>
                    </cc:message>
                </cc:write>
                <cc:xslt-plus id="XsltPlus" url="DateRangeSet.xsl"/>
            </cc:steps>
            <cc:send-error id="SendError" rethrow-error="true" routes-to="PutIntegrationMessage"/>
        </cc:async-mediation>
        <cc:workday-out-rest id="WorkdayOutRest" routes-response-to="Aggregator" extra-path="@{intsys.reportService.getExtrapath('HIG_Monthly_Report')}?Actual_End_Date=@{props['To']}&amp;Actual_Start_Date=@{props['From']}"/>
        <cc:splitter id="Splitter">
            <cc:sub-route name="SubRoute" routes-to="AsyncMediation1"/>
            <cc:xml-stream-splitter xpath="/root/Set"/>
        </cc:splitter>
        <cc:async-mediation id="AsyncMediation1" routes-to="WorkdayOutRest">
            <cc:steps>
                <cc:eval id="Eval">
                    <cc:expression>props['From']= parts[0].xpath('Set/FromDt')</cc:expression>
                    <cc:expression>props['To']= parts[0].xpath('Set/ToDate')</cc:expression>
                </cc:eval>
                <cc:log id="Log">
                    <cc:log-message>
                        <cc:line-separator/>
                        <cc:text>********************************************test********************************88888888</cc:text>
                        <cc:text>From Date: @{props['From']}&#xD;
&#xD;
ToDate: @{props['To']}</cc:text>
                        <cc:line-separator/>
                        <cc:line-separator/>
                    </cc:log-message>
                </cc:log>
            </cc:steps>
        </cc:async-mediation>
        <cc:aggregator id="Aggregator" collate-when="!props['collate']&#x9;&#x9;" force-batch-on-last-message="false" force-batch-when="props['collate']">
            <cc:size-batch-strategy batch-size="-1"/>
            <cc:xml-message-content-collater output="variable" output-variable="a">
        <cc:header-text>&lt;Report_Data xmlns:wd=&quot;urn:com.workday/bsvc&quot;></cc:header-text>
        <cc:footer-text>&lt;/Report_Data></cc:footer-text>
      </cc:xml-message-content-collater>
        </cc:aggregator>
        <cc:local-in id="StopAggregator" routes-to="Aggregator"/>
        <cc:local-out id="GetDataFromReport" store-message="none" routes-response-to="CallStopAggregator" endpoint="vm://Hartford_Monthly_Report/GetReportData"/>
        <cc:local-in id="GetReportData" routes-to="Init_Launch_Parameter"/>
        <cc:async-mediation id="Get_Parent_Integration_Details" routes-to="Aggregator">
            <cc:steps>
                <cc:write id="Write">
                    <cc:message>
                        <cc:text>INT8903 - Symmetry Local Tax Automation Outbound,TRUE,Symmetry,Outbound,Medium,&#xD;
INT8903 - Symmetry Local Tax Automation Outbound-Studio,TRUE,Symmetry,Inbound,Medium,&#xD;
INT9010 Alight Common Data Store Worker Outbound,TRUE,Alight CDS,Outbound,Medium,&#xD;
INT9010B Alight Common Data Store Security Groups Outbound,TRUE,Alight CDS,Outbound,Medium,&#xD;
</cc:text>
                    </cc:message>
                </cc:write>
                <cc:csv-to-xml id="CsvToXml" colNames="IntegrationName,IsParent,Vendor,FileStatus,Criticality" rootName="Report_Data" rowName="Report_Entry"/>
                <cc:copy id="Copy" input="message"/>
            </cc:steps>
            <cc:send-error id="SendError" routes-to="PutIntegrationMessage0"/>
        </cc:async-mediation>
        <cc:local-out id="CallStopAggregator" store-message="none" routes-response-to="CallXSLT" endpoint="vm://Hartford_Monthly_Report/StopAggregator"><cc:set name="collate" value="true"/></cc:local-out>
        <cc:route id="Route">
            <cc:all-strategy/>
            <cc:sub-route name="SubRoute" routes-to="Splitter"/>
            <cc:sub-route name="Alternate" routes-to="GetEventDocuments"/>
        </cc:route>
        <cc:local-out id="CallXSLT" store-message="none" routes-response-to="Call-BuildDashboard" endpoint="vm://Hartford_Monthly_Report/XSLT"/>
        <cc:local-in id="XSLT" routes-to="CopyReportData"/>
        <cc:async-mediation id="CopyReportData">
            <cc:steps>
                <cc:copy id="Copy" input="variable" input-variable="a"/>
                <cc:xslt-plus id="XsltPlus0" input="message" url="MergeAllReportData.xsl"/>
                <cc:xslt-plus id="XsltPlus" output="message" input="message" url="NewStylesheet.xsl"/>
                <cc:xslt-plus id="XsltPlus1" input="message" url="Q2.xsl"/>
                <cc:xslt-plus id="XsltPlus2" url="Q3.xsl"/>
                <cc:copy id="Copy0" output="variable" output-variable="MonReport"/>
                <cc:store id="Store" output="variable" output-variable="MonthlyReport" title="MonthlyReport.xml"/>
            </cc:steps>
            <cc:send-error id="SendError" routes-to="PutIntegrationMessage1"/>
        </cc:async-mediation>
        <cc:local-out id="PutIntegrationMessage" endpoint="vm://wcc/PutIntegrationMessage"><cc:set name="is.message.severity" value="'ERROR'"/><cc:set name="is.message.summary" value="'Error Occured at:' + context.errorComponentId"/><cc:set name="is.message.detail" value="context.errorMessage"/></cc:local-out>
        <cc:local-out id="PutIntegrationMessage0" endpoint="vm://wcc/PutIntegrationMessage"><cc:set name="is.message.severity" value="'ERROR'"/><cc:set name="is.message.summary" value="'Error Occured at:' + context.errorComponentId"/><cc:set name="is.message.detail" value="context.errorMessage"/></cc:local-out>
        <cc:local-out id="PutIntegrationMessage1" endpoint="vm://wcc/PutIntegrationMessage"><cc:set name="is.message.severity" value="'ERROR'"/><cc:set name="is.message.summary" value="'Error Occured at:' + context.errorComponentId"/><cc:set name="is.message.detail" value="context.errorMessage"/></cc:local-out>
        <cc:local-out id="Call-BuildDashboard" store-message="none" endpoint="vm://Hartford_Monthly_Report/BuildDashboard"/>
        <cc:async-mediation id="AsyncMediation0">
            <cc:steps>
                <cc:store id="Store" title="Hartford_Monthly_Metrics.html"/>
            </cc:steps>
        </cc:async-mediation>
        <cc:aggregator id="Aggregator0" routes-to="AsyncMediation0" collate-when="true" force-batch-on-last-message="false" force-batch-when="props['close.agg']">
            <cc:size-batch-strategy batch-size="-1"/>
            <cc:message-content-collater>
        <cc:separator>@{'\n'}</cc:separator>
      </cc:message-content-collater>
        </cc:aggregator>
        <cc:async-mediation id="CloseMain" routes-to="Aggregator0">
            <cc:steps>
                <cc:write id="Write">
                    <cc:message>
                        <cc:static-file input-file="Part_Four.part"/>
                    </cc:message>
                </cc:write>
                <cc:eval id="Eval">
                    <cc:expression>props['close.agg'] = true</cc:expression>
                </cc:eval>
            </cc:steps>
        </cc:async-mediation>
        <cc:async-mediation id="CreateTableData" routes-to="Aggregator0" handle-downstream-errors="true">
            <cc:steps>
                <cc:xslt id="Xslt" url="CreateTableData.xsl"/>
            </cc:steps>
            <cc:send-error id="SendError" routes-to="PIM-CreateTableDataError"/>
        </cc:async-mediation>
        <cc:async-mediation id="WebslideDec" routes-to="Aggregator0">
            <cc:steps>
                <cc:write id="Write">
                    <cc:message>
                        <cc:static-file input-file="Part_Three.part"/>
                    </cc:message>
                </cc:write>
            </cc:steps>
        </cc:async-mediation>
        <cc:async-mediation id="CreateChartData" routes-to="Aggregator0" handle-downstream-errors="true">
            <cc:steps>
                <cc:xslt id="Xslt" url="CreateChartData.xsl"/>
            </cc:steps>
            <cc:send-error id="SendError" routes-to="PIM-CreateChartDataErrors"/>
        </cc:async-mediation>
        <cc:async-mediation id="ChartJSDec" routes-to="Aggregator0">
            <cc:steps>
                <cc:write id="Write">
                    <cc:message>
                        <cc:static-file input-file="Part_Two.part"/>
                    </cc:message>
                </cc:write>
            </cc:steps>
        </cc:async-mediation>
        <cc:async-mediation id="SectionData" routes-to="Aggregator0" handle-downstream-errors="true">
            <cc:steps>
                <cc:xslt id="SectionData" output-mimetype="text/plain" url="CreateSectionData.xsl"/>
            </cc:steps>
            <cc:send-error id="SendError" routes-to="PIM-SectionDataErrors"/>
        </cc:async-mediation>
        <cc:async-mediation id="HeaderAndDeclarations" routes-to="Aggregator0">
            <cc:steps>
                <cc:eval id="Eval">
                    <cc:expression>props['close.agg'] = false</cc:expression>
                </cc:eval>
                <cc:write id="Write">
                    <cc:message>
                        <cc:static-file input-file="Part_One.part"/>
                    </cc:message>
                </cc:write>
            </cc:steps>
        </cc:async-mediation>
        <cc:route id="Route0">
            <cc:all-strategy/>
            <cc:sub-route name="HeaderAndDeclarations" routes-to="HeaderAndDeclarations"/>
            <cc:sub-route name="SectionData" routes-to="SectionData"/>
            <cc:sub-route name="ChartJSDeclarations" routes-to="ChartJSDec"/>
            <cc:sub-route name="ChartData" routes-to="CreateChartData"/>
            <cc:sub-route name="WebslideDeclarations" routes-to="WebslideDec"/>
            <cc:sub-route name="TableData" routes-to="CreateTableData"/>
            <cc:sub-route name="CloseMain" routes-to="CloseMain"/>
        </cc:route>
        <cc:local-out id="PIMDashError" endpoint="vm://wcc/PutIntegrationMessage">
            <cc:set name="is.message.severity" value="'ERROR'"/>
            <cc:set name="is.message.summary" value="'Error during dash creation'"/>
            <cc:set name="is.message.detail" value="context.errorMessage"/>
            <cc:set name="is.message.storage.enabled" value="false"/>
        </cc:local-out>
        <cc:async-mediation id="ErrorHandler" routes-to="Route0">
            <cc:steps>
                <cc:copy id="Copy" input="variable" input-variable="MonReport"/>
            </cc:steps>
            <cc:send-error id="SendError" routes-to="PIMDashError"/>
        </cc:async-mediation>
        <cc:local-in id="BuildDashboard" routes-to="ErrorHandler"/>
        <cc:local-out id="GetEventDocuments" routes-response-to="Route1" endpoint="vm://wcc/GetEventDocuments"><cc:set name="ie.event.wid" value="lp.isSet() ? lp.getIntegrationEventWID() : null"/></cc:local-out>
        <cc:route id="Route1">
            <cc:doc-iterator/>
            <cc:sub-route name="SubRoute" routes-to="AsyncMediation"/>
        </cc:route>
        <cc:async-mediation id="GetParentIntDetailsFromFile" routes-to="Aggregator">
            <cc:steps>
                <cc:csv-to-xml id="CsvToXml" input="variable" input-variable="a" colNames="IntegrationName,IsParent,Vendor,FileStatus,Criticality,Notes" rootName="Report_Data" rowName="Report_Entry"/>
                <cc:copy id="Copy"/>
            </cc:steps>
            <cc:send-error id="SendError" routes-to="PIM"/>
        </cc:async-mediation>
        <cc:local-out id="PIM" endpoint="vm://wcc/PutIntegrationMessage"><cc:set name="is.message.severity" value="'CRITICAL'"/><cc:set name="is.message.summary" value="'Error Occured at:' + context.errorComponentId"/><cc:set name="is.message.detail" value="context.errorMessage"/></cc:local-out>
        <cc:async-mediation id="AsyncMediation" routes-to="GetParentIntDetailsFromFile">
            <cc:steps>
                <cc:validate-exp id="FileCheck">
                    <cc:expression error-number="102" failure-message="No input File to process">da.size() > 0 </cc:expression>
                </cc:validate-exp>
                <cc:eval id="Eval">
                    <cc:expression>vars['a'] = da.getData('Hartford_Parent_Integration.csv')</cc:expression>
                </cc:eval>
            </cc:steps>
            <cc:send-error id="SendError" routes-to="PutIntegrationMessage2"/>
        </cc:async-mediation>
        <cc:local-out id="PutIntegrationMessage2" endpoint="vm://wcc/PutIntegrationMessage"><cc:set name="is.message.severity" value="'CRITICAL'"/><cc:set name="is.message.summary" value="context.errorMessage"/></cc:local-out>
        <cc:send-error id="global-error-handler" rethrow-error="false" routes-to="Note-Error"/>
        <cc:local-out id="Note-Error" endpoint="vm://wcc/PutIntegrationMessage">
            <cc:set name="is.message.severity" value="'CRITICAL'"/>
            <cc:set name="is.message.summary" value="context.errorMessage"/>
        </cc:local-out>
        <cc:local-out id="PIM-SectionDataErrors" endpoint="vm://wcc/PutIntegrationMessage"><cc:set name="is.message.severity" value="'ERROR'"/><cc:set name="is.message.summary" value="context.errorMessage"/></cc:local-out>
        <cc:local-out id="PIM-CreateChartDataErrors" endpoint="vm://wcc/PutIntegrationMessage"><cc:set name="is.message.severity" value="'ERROR'"/><cc:set name="is.message.summary" value="context.errorMessage"/></cc:local-out>
        <cc:local-out id="PIM-CreateTableDataError" endpoint="vm://wcc/PutIntegrationMessage"><cc:set name="is.message.severity" value="'ERROR'"/><cc:set name="is.message.summary" value="context.errorMessage"/></cc:local-out>
	</cc:assembly>

</beans>