<?xml version="1.0" encoding="UTF-8"?>
<beans
     xmlns="http://www.springframework.org/schema/beans"
     xmlns:beans="http://www.springframework.org/schema/beans"
     xmlns:atom="http://www.w3.org/2005/Atom"
     xmlns:cc="http://www.capeclear.com/assembly/10"
     xmlns:cloud="urn:com.workday/esb/cloud/10.0"
     xmlns:env="http://schemas.xmlsoap.org/soap/envelope/"
     xmlns:pi="urn:com.workday/picof"
     xmlns:wd="urn:com.workday/bsvc"
     xmlns:xsi="http://www.w3.org/2001/XMLSchema-instance">
 
	<cc:assembly id="WorkdayAssembly" version="2019.6">
        <cc:workday-in id="StartHere" routes-to="Initialization">
            <cc:integration-system name="INT0080 TBA Pension Employee Attributes Update Inbound">
        <cloud:param name="As Of Date Time">
          <cloud:type>
            <cloud:simple-type>datetime</cloud:simple-type>
          </cloud:type>
          <cloud:default>
            <cloud:class-report-field description="Current Moment (DateTime)" type="WID">df4effe76deb4222a79001d6737cf91c</cloud:class-report-field>
          </cloud:default>
        </cloud:param>
        <cloud:param name="Validation Mode">
          <cloud:type>
            <cloud:simple-type>boolean</cloud:simple-type>
          </cloud:type>
          <cloud:default>
            <cloud:boolean>true</cloud:boolean>
          </cloud:default>
        </cloud:param>
        <cloud:attribute-map-service name="INT0080_Attribute">
          <cloud:attribute name="Document Retension Policy">
            <cloud:type>
              <cloud:simple-type>number</cloud:simple-type>
            </cloud:type>
          </cloud:attribute>
          <cloud:attribute name="Web Service Version">
            <cloud:type>
              <cloud:simple-type>text</cloud:simple-type>
            </cloud:type>
          </cloud:attribute>
        </cloud:attribute-map-service>
        <cloud:retrieval-service name="INT0080_Retrieval_Service"/>
        <cloud:report-service name="Checkcustomobj">
          <cloud:report-alias description="INT0080-Custom-Object-Update" name="Checkcustomobj">
            <cloud:report-reference description="INT0080-Custom-Object-Update" type="WID">931fcaaeca0401e1eca9812b152233ea</cloud:report-reference>
          </cloud:report-alias>
        </cloud:report-service>
        <cloud:custom-object-service name="INT0080_Custom_Object_Service">
          <cloud:custom-object-alias description="Pension Additional Data Custom Object" name="pensionAdditionalData">
            <cloud:custom-object-reference description="Pension - Additional Data" type="WID">5266299599d201d60df04663c40c169e</cloud:custom-object-reference>
          </cloud:custom-object-alias>
        </cloud:custom-object-service>
      </cc:integration-system>
        </cc:workday-in>
        <cc:async-mediation id="Initialization" routes-to="ValidationModeEnabled">
            <cc:steps>
                <cc:eval id="LP"><cc:expression>props['as.of.date.time'] = lp.getSimpleData('As Of Date Time')</cc:expression><cc:expression>props['date'] = props['as.of.date.time'].toString().substring(0, 10)</cc:expression>
                    <cc:expression>props['as.of.date']=props['date'].toString().replaceAll(&quot;-|:|[A-Z]&quot;,&quot;&quot;)</cc:expression><cc:expression>props['lp.validation.mode'] = (Boolean)lp.getSimpleData('Validation Mode')</cc:expression>
                    <cc:expression>//props['calendar'] = java.util.Calendar.getInstance()</cc:expression>
                    <cc:expression>//props['as.of.date.time1'] = lp.getSimpleData('As Of Date Time')</cc:expression>
                    <cc:expression>//props['est.format'] = new java.text.SimpleDateFormat(&quot;yyyy-MM-dd HH:mm:ss.SSS-z&quot;)</cc:expression>
                    <cc:expression>//props['est.TZ'] = java.util.TimeZone.getTimeZone(&quot;EST&quot;)</cc:expression>
                    <cc:expression>//props['est.format'].setTimeZone(props['est.TZ'])</cc:expression>
                    
                    
                    <cc:expression>//props['old.date'] = props['est.format'].parse(props['as.of.date.time1'])</cc:expression>
                    <cc:expression>//props['calendar'].setTime(props['old.date'])</cc:expression>
                    <cc:expression>//props['current'] = props['est.format'].format(props['old.date'].getTime())</cc:expression>
                    <cc:expression>props['current.date'] = new java.text.SimpleDateFormat(&quot;dd-MM-yyyy&quot;).format(new java.util.Date());</cc:expression>
                    <cc:expression>&#xD;
props['current.time'] = new java.text.SimpleDateFormat(&quot;hh:mm:ss&quot;).format(new java.util.Date());</cc:expression>
                </cc:eval>
                <cc:eval id="Init">
                    <cc:expression>props['int.sys']= intsys.getName()</cc:expression>
                    <cc:expression>props['att.ws.version'] = intsys.getAttribute('Web Service Version');</cc:expression>
                    <cc:expression>props['File_Date'] = empty; </cc:expression>
                    <cc:expression>props['Record_Count'] = 0; </cc:expression>
                    <cc:expression>props['Trailer_Count'] = 0; </cc:expression>
                    <cc:expression>props['Pension.Year.of.Service.count'] = 0;&#xD;
props['Pension.Effective.Date.count'] =0;&#xD;
props['Pension.Class.count']=0;&#xD;
props['Earliest.Ret.Date.count'] =0;</cc:expression>
                    <cc:expression>props['Pension.Year.of.Service.bypassed.count']=0;&#xD;
props['Pension.Effective.Date.bypassed.count']=0;&#xD;
props['Pension.Class.bypassed.count']=0;&#xD;
props['Earliest.Ret.Date.bypassed.count']=0;</cc:expression>
                    <cc:expression>props['Pension.Year.of.Service.success.count']=0;&#xD;
props['Pension.Effective.Date.success.count']=0;&#xD;
props['Pension.Class.success.count']=0;&#xD;
props['Earliest.Ret.Date.success.count']=0;</cc:expression>
                    <cc:expression>props['Employee_ID'] = empty; &#xD;
props['Years.of.service']= empty; &#xD;
props['Pension.effective.date']= empty;&#xD;
props['pension.class']= empty;&#xD;
props['earliest.retiree.date']= empty; </cc:expression>
                    <cc:expression>props['p.empl.id'] = empty;</cc:expression>
                    <cc:expression>props['audit.ee.not.in.WD']=0;</cc:expression>
                    <cc:expression>props['date.formatter'] = new java.text.SimpleDateFormat(&quot;yyyy-MM-dd&quot;);&#xD;
props['simple.date.formatter'] = new java.text.SimpleDateFormat(&quot;dd-MM-yyyy&quot;);&#xD;
props['decimal.format']=new java.text.DecimalFormat('##.###');</cc:expression>
                    <cc:expression>props['Pension.effective.date.formatted']=empty;&#xD;
props['earliest.retiree.date.formatted']=empty;</cc:expression>
                    <cc:expression>props['invalid.EE.id.count']=0;</cc:expression>
                    <cc:expression>props['inactive.ee.count']=0;</cc:expression>
                    <cc:expression>props['close.force.batch'] = false; props['audit.message']=empty;</cc:expression>
                    <cc:expression>props['collate.errors'] = true;&#xD;
</cc:expression>
                </cc:eval>
                <cc:eval id="MapAndList">
                    <cc:expression>props['emp.data.map'] = new java.util.HashMap()</cc:expression>
                    <cc:expression>props['ee.id.hashset'] = new java.util.HashSet()</cc:expression>
                    <cc:expression>props['worker.data.list'] = new java.util.ArrayList()</cc:expression>
                </cc:eval>
                <cc:log id="Log">
                    <cc:log-message>
                        <cc:line-separator/>
                        <cc:text>props['date'] =@{props['date'] }&#xD;
&#xD;
&#xD;
props['as.of.date.time1'] = @{props['as.of.date.time1']}&#xD;
props['Parse.RunDateTime'] = @{props['Parse.RunDateTime']}&#xD;
props['Parse.RunDateTime.NewTZ'] = @{props['Parse.RunDateTime.NewTZ']}&#xD;
props['as.of.date.time_1'] =@{props['as.of.date.time_1'] }&#xD;
&#xD;
props['pstTZ']=@{props['pstTZ']}&#xD;
props['pstCAL'] = @{props['pstCAL']}&#xD;
props['format']=@{props['format']}&#xD;
props['Parse.RunDateTime']= @{props['Parse.RunDateTime']}&#xD;
&#xD;
props['Parse.RunDateTime2']= @{props['Parse.RunDateTime2']}&#xD;
&#xD;
</cc:text>
                        <cc:line-separator/>
                    </cc:log-message>
                </cc:log>
            </cc:steps>
            <cc:send-error id="SendError" routes-to="CallInitMediationError"/>
        </cc:async-mediation>
        <cc:local-out id="CallInitMediationError" store-message="both" endpoint="vm://wcc/PutIntegrationMessage" propagate-abort="false"><cc:set name="is.message.severity" value="'error'"/><cc:set name="is.message.summary" value="'Error occured at initialization of properties'+context.getErrorMessage()"/></cc:local-out>
        <cc:local-out id="CallFileRetrieval" store-message="none" routes-response-to="CallGetWorkerWS" endpoint="vm://INT0080_TBA_Pension_Employee_Attributes_Update_Inbound/FileRetrieval" propagate-abort="false"/>
        <cc:local-in id="FileRetrieval" routes-to="RetrieveFile"/>
        <cc:local-in id="CriticalError" routes-to="SetErrorFlag"/>
        <cc:async-mediation id="SetErrorFlag" routes-to="PutIntegrationMessage1">
            <cc:steps>
                <cc:eval id="SetErrorFlag">
                    <cc:expression>props['critical.error.occurred'] = true;</cc:expression>
                    <cc:expression>props['error.free'] = false;</cc:expression>
                </cc:eval>
            </cc:steps>
        </cc:async-mediation>
        <cc:local-out id="PutIntegrationMessage1" store-message="none" routes-response-to="PutIntegrationEvent1" endpoint="vm://wcc/PutIntegrationMessage"><cc:set name="is.message.severity" value="'WARNING'"/><cc:set name="is.message.summary" value="'An unexpected error occurred at step'+props['step.id']+':Error:' +context.getErrorMessage()"/></cc:local-out>
        <cc:local-out id="PutIntegrationEvent1" store-message="none" endpoint="vm://wcc/PutIntegrationEvent"><cc:set name="is.event.completed" value="&quot;current&quot;"/></cc:local-out>
        <cc:local-in id="UnexpectedErrorHandler" routes-to="SaveUnexpectedErrorData"/>
        <cc:async-mediation id="SaveUnexpectedErrorData" routes-to="Aggregator0">
            <cc:steps>
                <cc:eval id="Eval">
                    <cc:expression>props['current.date'] = new java.text.SimpleDateFormat(&quot;dd-MM-yyyy&quot;).format(new java.util.Date());</cc:expression>
                    <cc:expression>props['current.time'] = new java.text.SimpleDateFormat(&quot;hh:mm:ss&quot;).format(new java.util.Date());</cc:expression>
                    <cc:expression>props['audit.message'] = !props['Success'] ? props['Employee_ID'] + ' ' + context.getErrorMessage() : props['Errors.to.Log'];</cc:expression>
                </cc:eval>
                <cc:write id="Write">
                    <cc:message>
                        <cc:text>@{props['audit.message']}</cc:text>
                        <cc:line-separator/>
                    </cc:message>
                </cc:write>
                <cc:log id="Log">
                    <cc:log-message>
                        <cc:line-separator/>
                        <cc:text>props['current.date']  = @{props['current.date'] }</cc:text>
                        <cc:line-separator/>
                    </cc:log-message>
                </cc:log>
            </cc:steps>
            <cc:send-error id="SendError" routes-to="CallCriticalSaveUnexpectedErrorData"/>
        </cc:async-mediation>
        <cc:local-out id="CallCriticalSaveUnexpectedErrorData" store-message="none" endpoint="vm://wcc/PutIntegrationMessage"><cc:set name="is.message.severity" value="'INFO'"/><cc:set name="is.message.summary" value="props['audit.message']= 'Error'#' '#'Employee ID'#'-'#props['Employee_ID']#' '#'error while creating audit'"/></cc:local-out>
        <cc:local-out id="CallCriticalStoreErrors" store-message="none" endpoint="vm://wcc/PutIntegrationMessage"><cc:set name="is.message.severity" value="'ERROR'"/><cc:set name="is.message.summary" value="&quot;Error occured while storing Error Audit Details:&quot; + context.getErrorMessage()"/></cc:local-out>
        <cc:async-mediation id="StoreErrors" routes-to="PutErrorLog">
            <cc:steps>
                <cc:write id="Write" output="message" output-mimetype="text/plain">
                    <cc:message>
                        <cc:text>                                                               BMOFG                                          Page No.  1        &#xD;
Interface Id : HHRX034                       Employee attributes related to Pension                           Run Date @{props['current.date']}&#xD;
As of Date   : @{props['current.date']}                                  Error Report                                       Run Time @{props['current.time']}&#xD;
&#xD;
															</cc:text>
                        <cc:line-separator/>
                        <cc:message-content/>
                    </cc:message>
                </cc:write>
                <cc:store id="StoreErrorFile" output="message" output-mimetype="text/plain" input="message" createDocumentReference="true" title="hhrx034_err_@{props['current.date']}.csv"/>
            </cc:steps>
            <cc:send-error id="SendError" routes-to="CallCriticalStoreErrors"/>
        </cc:async-mediation>
        <cc:send-error id="global-error-handler" rethrow-error="false" routes-to="Note-Error"/>
        <cc:local-out id="Note-Error" endpoint="vm://wcc/PutIntegrationMessage">
            <cc:set name="is.message.severity" value="'CRITICAL'"/>
            <cc:set name="is.message.summary" value="context.errorMessage"/>
        </cc:local-out>
        <cc:async-mediation id="StoreAuditDetails" routes-to="PutAuditLog">
            <cc:steps>
                <cc:write id="Write" output-mimetype="text/plain">
                    <cc:message>
                        <cc:text>                                                                                                    Page No.  1     &#xD;
Report ID :    HHRX034                            Control Report                                    Run Date @{props['current.date']}&#xD;
                                   Employee attributes related to Pension-(Monthly TBA file)        Run Time @{props['current.time']}&#xD;
&#xD;
&#xD;
&#xD;
Error Count for EmplIDs Not Found                                         :@{props['invalid.EE.id.count']}&#xD;
Total Number of Pensionable Years of Service Records                      :@{props['Pension.Year.of.Service.count']}&#xD;
Total Number of Pension Effective Date Records                            :@{props['Pension.Effective.Date.count']}&#xD;
Total Number of Pension Class Records                                     :@{props['Pension.Class.count']}&#xD;
Total Number of Earliest Retirement Date Records                          :@{props['Earliest.Ret.Date.count']}&#xD;
Total Number of Pensionable Years of Service Records bypassed             :@{props['Pension.Year.of.Service.bypassed.count']}&#xD;
Total Number of Pension Effective Date Records bypassed                   :@{props['Pension.Effective.Date.bypassed.count']}&#xD;
Total Number of Pension Class Records bypassed                            :@{props['Pension.Class.bypassed.count']}&#xD;
Total Number of Earliest Retirement Date Records bypassed                 :@{props['Earliest.Ret.Date.bypassed.count']}&#xD;
&#xD;
&#xD;
THIS REPORT CONTAINS PERSONAL AND CONFIDENTIAL INFORMATION.INVASION OF PRIVACY MAY RESULT FROM UNAUTHORIZED USE OR DISCLOSURE.</cc:text>
                    </cc:message>
                </cc:write>
                <cc:store id="Store" output="message" output-mimetype="text/plain" expiresIn="P180D" title="hhrx034_cntrl_@{props['current.date']}.csv"/>
            </cc:steps>
            <cc:send-error id="SendError" routes-to="StoreAuditDetailsError"/>
        </cc:async-mediation>
        <cc:local-out id="PutAuditLog" store-message="none" endpoint="vm://wcc/PutIntegrationMessage"><cc:set name="is.message.severity" value="'INFO'"/><cc:set name="is.message.summary" value="'Control Audit File created successfully'"/></cc:local-out>
        <cc:local-out id="StoreAuditDetailsError" store-message="none" endpoint="vm://INT0080_TBA_Pension_Employee_Attributes_Update_Inbound/UnexpectedErrorHandler"><cc:set name="is.message.summary" value="'Error occured while storing Ctrl Audit Details:'+context.getErrorMessage()"/><cc:set name="is.message.severity" value="'ERROR'"/></cc:local-out>
        <cc:local-in id="UpdatePensionAttribute" routes-to="GetFiledata"/>
        <cc:async-mediation id="ProcessingProps" routes-to="FetchCustomObjectData" handle-downstream-errors="true">
            <cc:steps>
                <cc:eval id="Read">
                    <cc:expression>props['Employee_ID'] = parts[0].xpath(&quot;/Detail/Employee_ID&quot;,&quot;ns0 http://www.workday.com/integration/INT0080/&quot;) ;</cc:expression>
                    <cc:expression>props['Years.of.service'] = parts[0].xpath(&quot;/Detail/Years_of_Service&quot;,&quot;ns0 http://www.workday.com/integration/INT0080/&quot;) ;&#xD;
props['Years.of.service'] = props['decimal.format'].format( (double) props['Years.of.service']);</cc:expression>
                    <cc:expression>props['Pension.effective.date'] = parts[0].xpath(&quot;/Detail/Pension_Effective_Date&quot;,&quot;ns0 http://www.workday.com/integration/INT0080/&quot;) ;</cc:expression>
                    <cc:expression>props['pension.class'] = parts[0].xpath(&quot;Detail/Pension_Class&quot;,&quot;ns0 http://www.workday.com/integration/INT0080/&quot;) ;</cc:expression>
                    <cc:expression>props['earliest.retiree.date'] = parts[0].xpath(&quot;/Detail/Retiree_Status_Date&quot;,&quot;ns0 http://www.workday.com/integration/INT0080/&quot;) ;</cc:expression>
                    <cc:expression>props['Errors.to.Log'] = 'Error: Emplid ' + props['Employee_ID'] + ' - has blank ';</cc:expression>
                </cc:eval>
                <cc:validate-exp id="ValidateExp">
                    <cc:expression failure-message="Error: Emplid @{props['Employee_ID']}  Not Found">props['ee.id.hashset'].contains(props['Employee_ID'])</cc:expression>
                </cc:validate-exp>
                <cc:eval id="Count">
                    <cc:expression>props['Years.of.service'] != 0 ? props['Pension.Year.of.Service.count'] = props['Pension.Year.of.Service.count'] + 1;</cc:expression>
                    <cc:expression>props['Years.of.service'] == 00.000 || props['Years.of.service'] == 0 || props['Years.of.service'] == 00.00 ? props['Pension.Year.of.Service.bypassed.count'] = props['Pension.Year.of.Service.bypassed.count'] + 1 ;</cc:expression>
                    <cc:expression>props['Pension.effective.date'] != empty ? props['Pension.Effective.Date.count'] = props['Pension.Effective.Date.count'] + 1;</cc:expression>
                    <cc:expression>props['Pension.effective.date'] == empty || props['Pension.effective.date'] == '' ? props['Pension.Effective.Date.bypassed.count'] = props['Pension.Effective.Date.bypassed.count'] + 1;</cc:expression>
                    <cc:expression>props['pension.class'] != empty ? props['Pension.Class.count'] = props['Pension.Class.count'] + 1;</cc:expression>
                    <cc:expression>props['pension.class'] == '' || props['pension.class'] == empty ? props['Pension.Class.bypassed.count'] = props['Pension.Class.bypassed.count'] + 1;</cc:expression>
                    <cc:expression>props['earliest.retiree.date'] != empty ? props['Earliest.Ret.Date.count'] = props['Earliest.Ret.Date.count'] + 1;</cc:expression>
                    <cc:expression>props['earliest.retiree.date'] == empty || props['earliest.retiree.date'] == '' ?  props['Earliest.Ret.Date.bypassed.count'] = props['Earliest.Ret.Date.bypassed.count'] + 1;</cc:expression>
                    <cc:expression>props['Pension.effective.date'] != empty ? props['Pension.effective.date.formatted'] = props['Pension.effective.date'].substring(0,4)#'-'#props['Pension.effective.date'].substring(4,6)#'-'#props['Pension.effective.date'].substring(6,8)</cc:expression>
                    <cc:expression>props['earliest.retiree.date'] != empty? props['earliest.retiree.date.formatted']=props['earliest.retiree.date'].substring(0,4)#'-'#props['earliest.retiree.date'].substring(4,6)#'-'#props['earliest.retiree.date'].substring(6,8)</cc:expression>
                </cc:eval>
                <cc:eval id="Error">
                    <cc:expression>props['Errors.to.Log'] = props['Years.of.service'] == 0 ? props['Errors.to.Log'] + 'Pensionable Years of Service, ' : props['Errors.to.Log'];</cc:expression>
                    <cc:expression>props['Errors.to.Log'] = props['Pension.effective.date'] == empty ? props['Errors.to.Log'] + 'Pension Effective Date, ' : props['Errors.to.Log'];</cc:expression>
                    <cc:expression>props['Errors.to.Log'] = props['pension.class'] == empty ? props['Errors.to.Log'] + 'Pension Class, ' : props['Errors.to.Log'];</cc:expression>
                    <cc:expression>props['Errors.to.Log'] = props['earliest.retiree.date'] == empty ? props['Errors.to.Log'] + 'earliest retirement Date, ' : props['Errors.to.Log'];</cc:expression>
                    <cc:expression>props['Errors.to.Log'] = props['Errors.to.Log'] + 'in the input file';</cc:expression>
                </cc:eval>
                <cc:log id="Log0">
                    <cc:log-message>
                        <cc:text>**************************Props*************************&#xD;
props['Employee_ID'] ==@{props['Employee_ID'] }&#xD;
props['Years.of.service']==@{props['Years.of.service']}&#xD;
props['Pension.effective.date']==@{props['Pension.effective.date']}&#xD;
props['pension.class']==$$@{props['pension.class']}$$&#xD;
props['earliest.retiree.date']==@{props['earliest.retiree.date']}&#xD;
props['Pension.effective.date.formatted']==@{props['Pension.effective.date.formatted']}&#xD;
props['earliest.retiree.date.formatted']==@{props['earliest.retiree.date.formatted']}&#xD;
&#xD;
props['Pension.Year.of.Service.count'] == @{props['Pension.Year.of.Service.count']}&#xD;
props['Pension.Effective.Date.count'] == @{props['Pension.Effective.Date.count']}&#xD;
props['Pension.Class.count'] == @{props['Pension.Class.count']}&#xD;
props['Earliest.Ret.Date.count'] == @{props['Earliest.Ret.Date.count']}&#xD;
&#xD;
props['Pension.Year.of.Service.bypassed.count']==@{props['Pension.Year.of.Service.bypassed.count']}&#xD;
props['Pension.Effective.Date.bypassed.count']==@{props['Pension.Effective.Date.bypassed.count']}&#xD;
props['Pension.Class.bypassed.count']==@{props['Pension.Class.bypassed.count']}&#xD;
props['Earliest.Ret.Date.bypassed.count']==@{props['Earliest.Ret.Date.bypassed.count']}&#xD;
props['Errors.to.Log']  = @{props['Errors.to.Log']}&#xD;
************End of props*********************</cc:text>
                    </cc:log-message>
                </cc:log>
            </cc:steps>
            <cc:send-error id="SendError" routes-to="ErrorUpdatePensionData"/>
        </cc:async-mediation>
        <cc:local-out id="CallInputFileHandleError" store-message="none" endpoint="vm://INT0080_TBA_Pension_Employee_Attributes_Update_Inbound/CallInputFileError" propagate-abort="true"><cc:set name="step.id" value="'RetrieveFile'"/></cc:local-out>
        <cc:local-out id="CallRouterHandlerError" store-message="none" endpoint="vm://INT0080_TBA_Pension_Employee_Attributes_Update_Inbound/CriticalError"><cc:set name="step.id" value="'CheckTrailer'"/></cc:local-out>
        <cc:local-out id="CallSubRoutine1" store-message="none" endpoint="vm://INT0080_TBA_Pension_Employee_Attributes_Update_Inbound/CriticalError"><cc:set name="step.id" value="'CheckHeader'"/></cc:local-out>
        <cc:local-in id="GetWorker" routes-to="WriteGetWorker"/>
        <cc:async-mediation id="WriteGetWorker" routes-to="CatchError" handle-downstream-errors="true">
            <cc:steps>
                <cc:write id="Write">
                    <cc:message>
                        <cc:text>&lt;wd:Get_Workers_Request xmlns:wd=&quot;urn:com.workday/bsvc&quot; wd:version=&quot;v32.1&quot;>&#xD;
    &lt;wd:Request_References wd:Skip_Non_Existing_Instances=&quot;true&quot;>&#xD;
        @foreach{props['ee.id.hashset'] as id}&#xD;
        &lt;wd:Worker_Reference>&#xD;
            &lt;wd:ID wd:type=&quot;Employee_ID&quot;>@{id}&lt;/wd:ID>&#xD;
        &lt;/wd:Worker_Reference>@end{}&#xD;
    &lt;/wd:Request_References>&#xD;
    &lt;wd:Request_Criteria>&#xD;
        &lt;wd:Exclude_Inactive_Workers>true&lt;/wd:Exclude_Inactive_Workers>&#xD;
        &lt;wd:Exclude_Employees>false&lt;/wd:Exclude_Employees>&#xD;
        &lt;wd:Exclude_Contingent_Workers>true&lt;/wd:Exclude_Contingent_Workers>&#xD;
        &lt;wd:Field_And_Parameter_Criteria_Data>&#xD;
            &lt;wd:Provider_Reference>&#xD;
                &lt;wd:ID wd:type=&quot;Integration_System_ID&quot;>@{props['int.sys']}&lt;/wd:ID>&#xD;
            &lt;/wd:Provider_Reference>&#xD;
        &lt;/wd:Field_And_Parameter_Criteria_Data>&#xD;
    &lt;/wd:Request_Criteria>&#xD;
    &lt;wd:Response_Filter>&#xD;
        &lt;wd:As_Of_Entry_DateTime>@{props['as.of.date.time']}&lt;/wd:As_Of_Entry_DateTime>&#xD;
        &lt;wd:Page>1&lt;/wd:Page>&#xD;
        &lt;wd:Count>999&lt;/wd:Count>&#xD;
    &lt;/wd:Response_Filter>&#xD;
    &lt;wd:Response_Group>&#xD;
        &lt;wd:Include_Reference>true&lt;/wd:Include_Reference>&#xD;
        &lt;wd:Include_Personal_Information>false&lt;/wd:Include_Personal_Information>&#xD;
        &lt;wd:Include_Additional_Jobs>false&lt;/wd:Include_Additional_Jobs>&#xD;
        &lt;wd:Include_Employment_Information>false&lt;/wd:Include_Employment_Information>&#xD;
        &lt;wd:Include_Compensation>false&lt;/wd:Include_Compensation>&#xD;
        &lt;wd:Include_Organizations>false&lt;/wd:Include_Organizations>&#xD;
        &lt;wd:Exclude_Organization_Support_Role_Data>true&lt;/wd:Exclude_Organization_Support_Role_Data>&#xD;
        &lt;wd:Exclude_Location_Hierarchies>true&lt;/wd:Exclude_Location_Hierarchies>&#xD;
        &lt;wd:Exclude_Cost_Centers>true&lt;/wd:Exclude_Cost_Centers>&#xD;
        &lt;wd:Exclude_Cost_Center_Hierarchies>true&lt;/wd:Exclude_Cost_Center_Hierarchies>&#xD;
        &lt;wd:Exclude_Companies>true&lt;/wd:Exclude_Companies>&#xD;
        &lt;wd:Exclude_Company_Hierarchies>true&lt;/wd:Exclude_Company_Hierarchies>&#xD;
        &lt;wd:Exclude_Matrix_Organizations>true&lt;/wd:Exclude_Matrix_Organizations>&#xD;
        &lt;wd:Exclude_Pay_Groups>true&lt;/wd:Exclude_Pay_Groups>&#xD;
        &lt;wd:Exclude_Regions>true&lt;/wd:Exclude_Regions>&#xD;
        &lt;wd:Exclude_Region_Hierarchies>true&lt;/wd:Exclude_Region_Hierarchies>&#xD;
        &lt;wd:Exclude_Supervisory_Organizations>true&lt;/wd:Exclude_Supervisory_Organizations>&#xD;
        &lt;wd:Exclude_Teams>true&lt;/wd:Exclude_Teams>&#xD;
        &lt;wd:Exclude_Custom_Organizations>true&lt;/wd:Exclude_Custom_Organizations>&#xD;
        &lt;wd:Include_Roles>false&lt;/wd:Include_Roles>&#xD;
        &lt;wd:Include_Management_Chain_Data>false&lt;/wd:Include_Management_Chain_Data>&#xD;
        &lt;wd:Include_Multiple_Managers_in_Management_Chain_Data>false&lt;/wd:Include_Multiple_Managers_in_Management_Chain_Data>&#xD;
        &lt;wd:Include_Benefit_Enrollments>false&lt;/wd:Include_Benefit_Enrollments>&#xD;
        &lt;wd:Include_Benefit_Eligibility>false&lt;/wd:Include_Benefit_Eligibility>&#xD;
        &lt;wd:Include_Related_Persons>false&lt;/wd:Include_Related_Persons>&#xD;
        &lt;wd:Include_Qualifications>false&lt;/wd:Include_Qualifications>&#xD;
        &lt;wd:Include_Employee_Review>false&lt;/wd:Include_Employee_Review>&#xD;
        &lt;wd:Include_Goals>false&lt;/wd:Include_Goals>&#xD;
        &lt;wd:Include_Development_Items>false&lt;/wd:Include_Development_Items>&#xD;
        &lt;wd:Include_Skills>false&lt;/wd:Include_Skills>&#xD;
        &lt;wd:Include_Photo>false&lt;/wd:Include_Photo>&#xD;
        &lt;wd:Include_Worker_Documents>false&lt;/wd:Include_Worker_Documents>&#xD;
        &lt;wd:Include_Transaction_Log_Data>false&lt;/wd:Include_Transaction_Log_Data>&#xD;
        &lt;wd:Include_Subevents_for_Corrected_Transaction>false&lt;/wd:Include_Subevents_for_Corrected_Transaction>&#xD;
        &lt;wd:Include_Subevents_for_Rescinded_Transaction>false&lt;/wd:Include_Subevents_for_Rescinded_Transaction>&#xD;
        &lt;wd:Include_Succession_Profile>false&lt;/wd:Include_Succession_Profile>&#xD;
        &lt;wd:Include_Talent_Assessment>false&lt;/wd:Include_Talent_Assessment>&#xD;
        &lt;wd:Include_Employee_Contract_Data>false&lt;/wd:Include_Employee_Contract_Data>&#xD;
        &lt;wd:Include_Collective_Agreement_Data>false&lt;/wd:Include_Collective_Agreement_Data>&#xD;
        &lt;wd:Include_Probation_Period_Data>false&lt;/wd:Include_Probation_Period_Data>&#xD;
        &lt;wd:Include_Feedback_Received>false&lt;/wd:Include_Feedback_Received>&#xD;
        &lt;wd:Include_User_Account>false&lt;/wd:Include_User_Account>&#xD;
        &lt;wd:Include_Career>false&lt;/wd:Include_Career>&#xD;
        &lt;wd:Include_Account_Provisioning>false&lt;/wd:Include_Account_Provisioning>&#xD;
        &lt;wd:Include_Background_Check_Data>false&lt;/wd:Include_Background_Check_Data>&#xD;
        &lt;wd:Include_Contingent_Worker_Tax_Authority_Form_Information>false&lt;/wd:Include_Contingent_Worker_Tax_Authority_Form_Information>&#xD;
        &lt;wd:Exclude_Funds>false&lt;/wd:Exclude_Funds>&#xD;
        &lt;wd:Exclude_Fund_Hierarchies>false&lt;/wd:Exclude_Fund_Hierarchies>&#xD;
        &lt;wd:Exclude_Grants>false&lt;/wd:Exclude_Grants>&#xD;
        &lt;wd:Exclude_Grant_Hierarchies>false&lt;/wd:Exclude_Grant_Hierarchies>&#xD;
        &lt;wd:Exclude_Business_Units>false&lt;/wd:Exclude_Business_Units>&#xD;
        &lt;wd:Exclude_Business_Unit_Hierarchies>false&lt;/wd:Exclude_Business_Unit_Hierarchies>&#xD;
        &lt;wd:Exclude_Programs>false&lt;/wd:Exclude_Programs>&#xD;
        &lt;wd:Exclude_Program_Hierarchies>false&lt;/wd:Exclude_Program_Hierarchies>&#xD;
        &lt;wd:Exclude_Gifts>false&lt;/wd:Exclude_Gifts>&#xD;
        &lt;wd:Exclude_Gift_Hierarchies>false&lt;/wd:Exclude_Gift_Hierarchies>&#xD;
    &lt;/wd:Response_Group>&#xD;
&lt;/wd:Get_Workers_Request></cc:text>
                    </cc:message>
                </cc:write>
                <cc:copy id="Copy" output="variable" output-variable="get.worker.request.xml"/>
                <cc:wrap-soap id="WrapSoap"/>
            </cc:steps>
            <cc:send-error id="SendError" routes-to="GetWorkerRequestError"/>
        </cc:async-mediation>
        <cc:local-out id="GetWorkerRequestError" store-message="none" endpoint="vm://INT0080_TBA_Pension_Employee_Attributes_Update_Inbound/CriticalError"><cc:set name="is.message.severity" value="'WARNING'"/><cc:set name="is.message.summary" value="context.getErrorMessage()"/><cc:set name="step.id" value="'getWorkerRequest'"/></cc:local-out>
        <cc:local-out id="PagedGet" store-message="none" execute-when="props['error.free'] == true" routes-response-to="AsyncMediation11" endpoint="vm://wcc/PagedGet"><cc:set name="is.paged.get.request.current.page.xpath" value="'/env:Envelope/env:Body/*/wd:Response_Filter/wd:Page'"/><cc:set name="is.paged.get.response.current.page.xpath" value="'/env:Envelope/env:Body/*/wd:Response_Results/wd:Page'"/><cc:set name="is.paged.get.response.total.pages.xpath" value="'/env:Envelope/env:Body/*/wd:Response_Results/wd:Total_Pages'"/><cc:set name="is.paged.get.response.total.results.xpath" value="'/env:Envelope/env:Body/*/wd:Response_Results/wd:Total_Results'"/><cc:set name="is.paged.get.application" value="'Human_Resources'"/><cc:set name="is.paged.get.version" value="'v31.1'"/><cc:set name="is.paged.get.page.zero" value="false"/><cc:set name="is.paged.get.store.requests" value="true"/><cc:set name="is.paged.get.parallel" value="true"/></cc:local-out>
        <cc:local-out id="ErrorUpdatePensionData" store-message="none" routes-response-to="CallAudit" endpoint="vm://wcc/PutIntegrationMessage"><cc:set name="is.message.severity" value="'WARNING'"/><cc:set name="is.message.summary" value="context.getErrorMessage()"/></cc:local-out>
        <cc:async-mediation id="RetrieveFile" routes-to="CheckTrailer">
            <cc:steps>
                <cc:eval id="Eval">
                    <cc:expression>if (da.size() > 0 ) {da.toVar(0, &quot;file.var&quot;)}</cc:expression>
                </cc:eval>
                <cc:validate-exp id="ValidateExp">
                    <cc:expression failure-message="Input File is Empty">vars['file.var'] != empty</cc:expression>
                </cc:validate-exp>
                <cc:textschema id="Textschema" output="variable" output-variable="xml.input.file" input="variable" input-variable="file.var" style="text2xml" url="textconvert.xsd"/>
                <cc:copy id="Copy" output="message" input="variable" input-variable="xml.input.file"/>
            </cc:steps>
            <cc:send-error id="SendError" routes-to="CallInputFileHandleError"/>
        </cc:async-mediation>
        <cc:async-mediation id="CheckTrailer" routes-to="CheckHeader">
            <cc:steps>
                <cc:eval id="Eval">
                    <cc:expression>props['Record_Count'] = parts[0].xpath(&quot;count(/ns0:File/Detail)&quot;,&quot;ns0 http://www.workday.com/integration/INT0080/&quot;) ;</cc:expression>
                    <cc:expression>props['Trailer_Count'] = parts[0].xpath(&quot;/ns0:File/Trailer/Record_Count&quot;,&quot;ns0 http://www.workday.com/integration/INT0080/&quot;);</cc:expression>
                </cc:eval>
                <cc:validate-exp id="ValidateExp">
                    <cc:expression failure-message="Record Count Does Not Match the Trailer Count">props['Record_Count'] == props['Trailer_Count']</cc:expression>
                    <cc:expression failure-message="Input File has no records to process.">props['Record_Count']!=0</cc:expression>
                </cc:validate-exp>
            </cc:steps>
            <cc:send-error id="SendError" routes-to="CallRouterHandlerError"/>
        </cc:async-mediation>
        <cc:async-mediation id="CheckHeader" routes-to="Splitter2">
            <cc:steps>
                <cc:eval id="Eval">
                    <cc:expression>props['File_Date']  = parts[0].xpath(&quot;/ns0:File/Header/Creation_Date&quot;, &quot;ns0 http://www.workday.com/integration/INT0080/&quot;);</cc:expression>
                    <cc:expression>props['count.included.records'] = 0; props['employee.count'] = 0;</cc:expression>
                </cc:eval>
                <cc:log id="Log">
                    <cc:log-message>
                        <cc:text>props['File_Date']==@{props['File_Date']}&#xD;
props['as.of.date']==@{props['as.of.date']}</cc:text>
                    </cc:log-message>
                </cc:log>
                <cc:validate-exp id="ValidateExp">
                    <cc:expression failure-message="Header is Invalid because file date dont match current date">props['File_Date'] == props['as.of.date']</cc:expression>
                </cc:validate-exp>
                <cc:copy id="Copy0" output="variable" output-variable="file.data"/>
            </cc:steps>
            <cc:send-error id="SendError" routes-to="CallSubRoutine1"/>
        </cc:async-mediation>
        <cc:async-mediation id="CatchError" routes-to="PagedGet" handle-downstream-errors="true">
            <cc:steps>
                <cc:eval id="Eval">
                    <cc:expression>props['error.free'] = true</cc:expression>
                </cc:eval>
            </cc:steps>
            <cc:send-error id="SendError" routes-to="CallCleanEEID"/>
        </cc:async-mediation>
        <cc:local-out id="CallSubRoutine7" store-message="none" execute-when="(!context.errorMessage.contains('not a valid ID value for type')) &amp;&amp; (props['error.free'] == true)" routes-response-to="PagedGet" endpoint="vm://INT0080_TBA_Pension_Employee_Attributes_Update_Inbound/UnexpectedErrorHandler"><cc:set name="is.message.severity" value="'WARNING'"/><cc:set name="is.message.summary" value="'Error occcured for Employee ID'+props['Employee_ID']+context.getErrorMessage()"/></cc:local-out>
        <cc:local-out id="CallCleanEEID" store-message="none" routes-response-to="CallSubRoutine7" endpoint="vm://INT0080_TBA_Pension_Employee_Attributes_Update_Inbound/CleanEmployeeID"/>
        <cc:async-mediation id="AsyncMediation11" handle-downstream-errors="true">
            <cc:steps>
                <cc:copy id="Copy" output="variable" output-variable="paged.workers.response.xml"/>
            </cc:steps>
            <cc:send-error id="SendError" routes-to="CallSubRoutine9"/>
        </cc:async-mediation>
        <cc:local-out id="CallSubRoutine9" store-message="none" endpoint="vm://wcc/PutIntegrationMessage"><cc:set name="is.message.severity" value="'ERROR'"/><cc:set name="is.message.summary" value="'There was en error storing the response from the Get Workers call.'"/><cc:set name="is.message.detail" value="context.errorMessage"/></cc:local-out>
        <cc:local-in id="CleanEmployeeID" routes-to="SyncMediation"/>
        <cc:sync-mediation id="SyncMediation" routes-to="Splitter1" handle-downstream-errors="true">
            <cc:request-steps>
                <cc:eval id="Eval">
                    <cc:expression>props['error.free'] = false</cc:expression>
                </cc:eval>
            </cc:request-steps>
            <cc:response-steps>
                <cc:eval id="Eval0">
                    <cc:expression>props['error.free'] = true</cc:expression>
                </cc:eval>
                <cc:wrap-soap id="WrapSoap"/>
                <cc:write id="Write">
                    <cc:message>
                        <cc:text>&lt;wd:Get_Workers_Request xmlns:wd=&quot;urn:com.workday/bsvc&quot; wd:version=&quot;v32.1&quot;>&#xD;
        &lt;wd:Request_References wd:Skip_Non_Existing_Instances=&quot;true&quot;>&#xD;
	 			@foreach{props['ee.id.hashset'] as id}&#xD;
	 			&lt;wd:Worker_Reference>&#xD;
                    &lt;wd:ID wd:type=&quot;Employee_ID&quot;>@{id}&lt;/wd:ID>&#xD;
                &lt;/wd:Worker_Reference>@end{}&#xD;
            &lt;/wd:Request_References>&#xD;
            &lt;wd:Request_Criteria>&#xD;
                &lt;wd:Exclude_Inactive_Workers>true&lt;/wd:Exclude_Inactive_Workers>&#xD;
                &lt;wd:Exclude_Employees>false&lt;/wd:Exclude_Employees>&#xD;
                &lt;wd:Exclude_Contingent_Workers>true&lt;/wd:Exclude_Contingent_Workers>&#xD;
                &lt;wd:Field_And_Parameter_Criteria_Data>&#xD;
					&lt;wd:Provider_Reference>&#xD;
						&lt;wd:ID wd:type=&quot;Integration_System_ID&quot;>@{props['int.sys']}&lt;/wd:ID>&#xD;
					&lt;/wd:Provider_Reference>&#xD;
				&lt;/wd:Field_And_Parameter_Criteria_Data>&#xD;
            &lt;/wd:Request_Criteria>&#xD;
            &lt;wd:Response_Filter>&#xD;
                &lt;wd:As_Of_Entry_DateTime>@{props['as.of.date.time']}&lt;/wd:As_Of_Entry_DateTime>&#xD;
                &lt;wd:Page>1&lt;/wd:Page>&#xD;
                &lt;wd:Count>999&lt;/wd:Count>&#xD;
            &lt;/wd:Response_Filter>&#xD;
            &lt;wd:Response_Group>&#xD;
                &lt;wd:Include_Reference>true&lt;/wd:Include_Reference>&#xD;
                &lt;wd:Include_Personal_Information>false&lt;/wd:Include_Personal_Information>&#xD;
                &lt;wd:Include_Additional_Jobs>false&lt;/wd:Include_Additional_Jobs>&#xD;
                &lt;wd:Include_Employment_Information>false&lt;/wd:Include_Employment_Information>&#xD;
                &lt;wd:Include_Compensation>false&lt;/wd:Include_Compensation>&#xD;
                &lt;wd:Include_Organizations>false&lt;/wd:Include_Organizations>&#xD;
                &lt;wd:Exclude_Organization_Support_Role_Data>true&lt;/wd:Exclude_Organization_Support_Role_Data>&#xD;
                &lt;wd:Exclude_Location_Hierarchies>true&lt;/wd:Exclude_Location_Hierarchies>&#xD;
                &lt;wd:Exclude_Cost_Centers>true&lt;/wd:Exclude_Cost_Centers>&#xD;
                &lt;wd:Exclude_Cost_Center_Hierarchies>true&lt;/wd:Exclude_Cost_Center_Hierarchies>&#xD;
                &lt;wd:Exclude_Companies>true&lt;/wd:Exclude_Companies>&#xD;
                &lt;wd:Exclude_Company_Hierarchies>true&lt;/wd:Exclude_Company_Hierarchies>&#xD;
                &lt;wd:Exclude_Matrix_Organizations>true&lt;/wd:Exclude_Matrix_Organizations>&#xD;
                &lt;wd:Exclude_Pay_Groups>true&lt;/wd:Exclude_Pay_Groups>&#xD;
                &lt;wd:Exclude_Regions>true&lt;/wd:Exclude_Regions>&#xD;
                &lt;wd:Exclude_Region_Hierarchies>true&lt;/wd:Exclude_Region_Hierarchies>&#xD;
                &lt;wd:Exclude_Supervisory_Organizations>true&lt;/wd:Exclude_Supervisory_Organizations>&#xD;
                &lt;wd:Exclude_Teams>true&lt;/wd:Exclude_Teams>&#xD;
                &lt;wd:Exclude_Custom_Organizations>true&lt;/wd:Exclude_Custom_Organizations>&#xD;
                &lt;wd:Include_Roles>false&lt;/wd:Include_Roles>&#xD;
                &lt;wd:Include_Management_Chain_Data>false&lt;/wd:Include_Management_Chain_Data>&#xD;
                &lt;wd:Include_Multiple_Managers_in_Management_Chain_Data>false&lt;/wd:Include_Multiple_Managers_in_Management_Chain_Data>&#xD;
                &lt;wd:Include_Benefit_Enrollments>false&lt;/wd:Include_Benefit_Enrollments>&#xD;
                &lt;wd:Include_Benefit_Eligibility>false&lt;/wd:Include_Benefit_Eligibility>&#xD;
                &lt;wd:Include_Related_Persons>false&lt;/wd:Include_Related_Persons>&#xD;
                &lt;wd:Include_Qualifications>false&lt;/wd:Include_Qualifications>&#xD;
                &lt;wd:Include_Employee_Review>false&lt;/wd:Include_Employee_Review>&#xD;
                &lt;wd:Include_Goals>false&lt;/wd:Include_Goals>&#xD;
                &lt;wd:Include_Development_Items>false&lt;/wd:Include_Development_Items>&#xD;
                &lt;wd:Include_Skills>false&lt;/wd:Include_Skills>&#xD;
                &lt;wd:Include_Photo>false&lt;/wd:Include_Photo>&#xD;
                &lt;wd:Include_Worker_Documents>false&lt;/wd:Include_Worker_Documents>&#xD;
                &lt;wd:Include_Transaction_Log_Data>false&lt;/wd:Include_Transaction_Log_Data>&#xD;
                &lt;wd:Include_Subevents_for_Corrected_Transaction>false&lt;/wd:Include_Subevents_for_Corrected_Transaction>&#xD;
                &lt;wd:Include_Subevents_for_Rescinded_Transaction>false&lt;/wd:Include_Subevents_for_Rescinded_Transaction>&#xD;
                &lt;wd:Include_Succession_Profile>false&lt;/wd:Include_Succession_Profile>&#xD;
                &lt;wd:Include_Talent_Assessment>false&lt;/wd:Include_Talent_Assessment>&#xD;
                &lt;wd:Include_Employee_Contract_Data>false&lt;/wd:Include_Employee_Contract_Data>&#xD;
                &lt;wd:Include_Collective_Agreement_Data>false&lt;/wd:Include_Collective_Agreement_Data>&#xD;
                &lt;wd:Include_Probation_Period_Data>false&lt;/wd:Include_Probation_Period_Data>&#xD;
                &lt;wd:Include_Feedback_Received>false&lt;/wd:Include_Feedback_Received>&#xD;
                &lt;wd:Include_User_Account>false&lt;/wd:Include_User_Account>&#xD;
                &lt;wd:Include_Career>false&lt;/wd:Include_Career>&#xD;
                &lt;wd:Include_Account_Provisioning>false&lt;/wd:Include_Account_Provisioning>&#xD;
                &lt;wd:Include_Background_Check_Data>false&lt;/wd:Include_Background_Check_Data>&#xD;
                &lt;wd:Include_Contingent_Worker_Tax_Authority_Form_Information>false&lt;/wd:Include_Contingent_Worker_Tax_Authority_Form_Information>&#xD;
                &lt;wd:Exclude_Funds>false&lt;/wd:Exclude_Funds>&#xD;
                &lt;wd:Exclude_Fund_Hierarchies>false&lt;/wd:Exclude_Fund_Hierarchies>&#xD;
                &lt;wd:Exclude_Grants>false&lt;/wd:Exclude_Grants>&#xD;
                &lt;wd:Exclude_Grant_Hierarchies>false&lt;/wd:Exclude_Grant_Hierarchies>&#xD;
                &lt;wd:Exclude_Business_Units>false&lt;/wd:Exclude_Business_Units>&#xD;
                &lt;wd:Exclude_Business_Unit_Hierarchies>false&lt;/wd:Exclude_Business_Unit_Hierarchies>&#xD;
                &lt;wd:Exclude_Programs>false&lt;/wd:Exclude_Programs>&#xD;
                &lt;wd:Exclude_Program_Hierarchies>false&lt;/wd:Exclude_Program_Hierarchies>&#xD;
                &lt;wd:Exclude_Gifts>false&lt;/wd:Exclude_Gifts>&#xD;
                &lt;wd:Exclude_Gift_Hierarchies>false&lt;/wd:Exclude_Gift_Hierarchies>&#xD;
            &lt;/wd:Response_Group>&#xD;
&lt;/wd:Get_Workers_Request></cc:text>
                    </cc:message>
                </cc:write>
            </cc:response-steps>
            <cc:send-error id="SendError" routes-to="CallSubRoutine11"/>
        </cc:sync-mediation>
        <cc:splitter id="Splitter1">
            <cc:sub-route name="SubRoute" routes-to="AsyncMediation13"/>
            <cc:xml-stream-splitter namespaces="wd urn:com.workday/bsvc SOAP-ENV http://schemas.xmlsoap.org/soap/envelope/" xpath="/Envelope/Body/Fault/detail/wd:Validation_Fault/wd:Validation_Error"/>
        </cc:splitter>
        <cc:async-mediation id="AsyncMediation13">
            <cc:steps>
                <cc:eval id="Eval">
                    <cc:expression>props['error.xpath']=parts[0].xpath('wd:Validation_Error/wd:Xpath')+'/wd:ID'</cc:expression>
                    <cc:expression>props['invalid.id']=vars['get.worker.request.xml'].xpath(props['error.xpath'])</cc:expression>
                    <cc:expression>props['invalid.EE.id.count']=props['invalid.EE.id.count']+1;</cc:expression>
                </cc:eval>
                <cc:eval id="Eval0">
                    <cc:expression>props['ee.id.hashset'].remove(props['invalid.id'])</cc:expression>
                    <cc:expression>props['invalid.EE.id']=props['invalid.EE.id']+1;</cc:expression>
                </cc:eval>
            </cc:steps>
            <cc:send-error id="SendError" routes-to="CallSubRoutine11"/>
        </cc:async-mediation>
        <cc:local-out id="CallSubRoutine11" store-message="none" endpoint="vm://wcc/PutIntegrationMessage"><cc:set name="is.message.severity" value="'INFO'"/><cc:set name="is.message.summary" value="'Processing Error at step: Delete Invalid ID'"/></cc:local-out>
        <cc:local-out id="UpdateAttribute" store-message="none" routes-response-to="CallCloseAggregator" endpoint="vm://INT0080_TBA_Pension_Employee_Attributes_Update_Inbound/UpdatePensionAttribute"/>
        <cc:local-out id="PutErrorLog" store-message="none" endpoint="vm://wcc/PutIntegrationMessage"><cc:set name="is.message.severity" value="'INFO'"/><cc:set name="is.message.summary" value="'Error Audit file created successfully'"/></cc:local-out>
        <cc:async-mediation id="RetrieveFileDetails" routes-to="Aggregator">
            <cc:steps>
                <cc:eval id="Eval0">
                    <cc:expression>props['Employee_ID'] = parts[0].xpath(&quot;/Detail/Employee_ID&quot;,&quot;ns0 http://www.workday.com/integration/INT0080/&quot;) ;&#xD;
props['Employee_ID']  != empty ? props['ee.id.hashset'].add(props['Employee_ID']);&#xD;
props['count.included.records'] = props['count.included.records'] + 1;&#xD;
props['employee.count'] = props['employee.count'] + 1;</cc:expression>
                </cc:eval>
            </cc:steps>
            <cc:send-error id="SendError" routes-to="CallSubRoutine0"/>
        </cc:async-mediation>
        <cc:splitter id="Splitter2">
            <cc:sub-route name="SubRoute" routes-to="RetrieveFileDetails"/>
            <cc:xml-stream-splitter xpath="File/Detail"/>
        </cc:splitter>
        <cc:local-out id="CallGetWorkerWS" store-message="none" routes-response-to="UpdateAttribute" endpoint="vm://INT0080_TBA_Pension_Employee_Attributes_Update_Inbound/GetWorker"/>
        <cc:route id="Route1">
            <cc:all-strategy/>
            <cc:sub-route name="Alternate" routes-to="StoreErrors"/>
            <cc:sub-route name="SubRoute" routes-to="StoreAuditDetails"/>
        </cc:route>
        <cc:aggregator id="Aggregator0" routes-to="Route1" collate-when="props['CloseAggregator'] == false" force-batch-on-last-message="false" force-batch-when="props['CloseAggregator'] == true">
            <cc:size-batch-strategy/>
            <cc:message-content-collater/>
        </cc:aggregator>
        <cc:local-out id="CallSubRoutine0" store-message="none" endpoint="vm://wcc/PutIntegrationMessage"><cc:set name="is.message.severity" value="'Error'"/><cc:set name="is.message.summary" value="'Error occured at step RetrieveFileDetails'+context.getErrorMessage()"/></cc:local-out>
        <cc:async-mediation id="AsyncMediation2" routes-to="WorkdayOutSoap" execute-steps-when="props['lp.validation.mode']" handle-downstream-errors="true">
            <cc:steps>
                <cc:set-headers id="ValidationModeOn">
                    <cc:remove-headers/>
                    <cc:add-headers>
                        <cc:add-header name="X-Validate-Only" value="1"/>
                    </cc:add-headers>
                </cc:set-headers>
            </cc:steps>
            <cc:send-error id="SendError" routes-to="ErrorUpdatePensionData1"/>
        </cc:async-mediation>
        <cc:workday-out-soap id="WorkdayOutSoap" execute-when="(props['prev.yrs.of.service'] != props['Years.of.service']) || (props['prev.pension.effective.date'] != props['Pension.effective.date.formatted']) || (props['prev.int0078.pension.class'] != props['pension.class']) || (props['prev.earliest.retirement.dt'] != props['earliest.retiree.date.formatted'])" routes-response-to="AsyncMediation0" application="Staffing" version="v32.2"/>
        <cc:async-mediation id="AsyncMediation0" routes-to="CallAudit">
            <cc:steps>
                <cc:set-headers id="ValidationModeOff">
                    <cc:remove-headers>
                        <cc:remove-header name="X-Validate-Only"/>
                    </cc:remove-headers>
                    <cc:add-headers/>
                </cc:set-headers>
                <cc:eval id="Eval">
                    <cc:expression>props['Success'] = true;</cc:expression>
                    <cc:expression>props['Found'] = props['Errors.to.Log'].contains(' - has blank in the input file');</cc:expression>
                    <cc:expression>props['Errors.to.Log'] = !props['Found'] ? props['Errors.to.Log'] : empty;</cc:expression>
                </cc:eval>
            </cc:steps>
        </cc:async-mediation>
        <cc:local-out id="ValidationModeEnabled" store-message="none" execute-when="props['lp.validation.mode']" routes-response-to="CallFileRetrieval" endpoint="vm://wcc/PutIntegrationMessage"><cc:set name="is.message.severity" value="'INFO'"/><cc:set name="is.message.summary" value="'Validation Mode enabled. Records will not be updated.'"/></cc:local-out>
        <cc:splitter id="SplittFileOnXPath">
            <cc:sub-route name="SubRoute" routes-to="Reset"/>
            <cc:xml-stream-splitter xpath="File/Detail"/>
        </cc:splitter>
        <cc:async-mediation id="Reset" routes-to="ProcessingProps">
            <cc:steps>
                <cc:eval id="Reset">
                    <cc:expression>props['Employee_ID'] = empty;</cc:expression>
                    <cc:expression>props['Years.of.service'] = 0;</cc:expression>
                    <cc:expression>props['Pension.effective.date'] = empty;</cc:expression>
                    <cc:expression>props['pension.class'] = empty;</cc:expression>
                    <cc:expression>props['earliest.retiree.date'] = empty;</cc:expression>
                    <cc:expression>props['Success'] = false;&#xD;
props['CloseAggregator'] = false;&#xD;
props['Found'] = false;</cc:expression>
                </cc:eval>
            </cc:steps>
        </cc:async-mediation>
        <cc:async-mediation id="GetFiledata" routes-to="SplittFileOnXPath">
            <cc:steps>
                <cc:copy id="Copy0" output="message" output-mimetype="text/xml" input="variable" input-variable="original.message"/>
            </cc:steps>
        </cc:async-mediation>
        <cc:aggregator id="Aggregator" routes-to="WholeFile" allow-external-control="false" force-batch-on-last-message="true">
            <cc:size-batch-strategy batch-size="-1"/>
            <cc:xml-message-content-collater>
        <cc:header-text>&lt;File></cc:header-text>
        <cc:footer-text>&lt;/File></cc:footer-text>
      </cc:xml-message-content-collater>
        </cc:aggregator>
        <cc:async-mediation id="WholeFile">
            <cc:steps>
                <cc:copy id="Copy" output="variable" output-mimetype="text/xml" output-variable="original.message"/>
            </cc:steps>
        </cc:async-mediation>
        <cc:local-out id="CallAudit" store-message="none" execute-when="!props['Found']" endpoint="vm://INT0080_TBA_Pension_Employee_Attributes_Update_Inbound/UnexpectedErrorHandler"/>
        <cc:local-out id="CallCloseAggregator" store-message="none" endpoint="vm://INT0080_TBA_Pension_Employee_Attributes_Update_Inbound/CloseAggregator"><cc:set name="CloseAggregator" value="true"/></cc:local-out>
        <cc:local-in id="CloseAggregator" routes-to="Aggregator0"/>
        <cc:local-out id="ErrorUpdatePensionData1" store-message="none" routes-response-to="CallAudit" endpoint="vm://wcc/PutIntegrationMessage">
            <cc:set name="is.message.severity" value="'WARNING'"/>
            <cc:set name="is.message.summary" value="context.getErrorMessage()"/>
        </cc:local-out>
        <cc:async-mediation id="AsyncMediation" routes-to="AsyncMediation1" handle-downstream-errors="true">
            <cc:steps>
                <cc:eval id="Eval">
                    <cc:expression>props['pension.eligible.can'] = parts[0].xpath('wd:Report_Data/wd:Report_Entry/wd:INT0080_Pension_Eligible_CAN/wd:ID[@wd:parent_id =&quot;booleanValue&quot;]', 'wd urn:com.workday.report/INT0080-Custom-Object-Update')</cc:expression>
                    <cc:expression>props['pension.registration.dt'] = parts[0].xpath('/wd:Report_Data/wd:Report_Entry/wd:INT0080_Executive_Pension_Registration_Date', 'wd urn:com.workday.report/INT0080-Custom-Object-Update')</cc:expression>
                    <cc:expression>props['pension.eligible.us'] = parts[0].xpath('wd:Report_Data/wd:Report_Entry/wd:INT0080_Pension_Eligible_US/wd:ID[@wd:parent_id =&quot;booleanValue&quot;]', 'wd urn:com.workday.report/INT0080-Custom-Object-Update')</cc:expression>
                    <cc:expression>props['param.low.or.high'] = parts[0].xpath('/wd:Report_Data/wd:Report_Entry/wd:INT0080_Optional_Pension_Plan_CAN/wd:ID[@wd:parent_id = &quot;OptionalPensionPlanCAN&quot;]', 'wd urn:com.workday.report/INT0080-Custom-Object-Update')</cc:expression>
                    <cc:expression>props['prev.yrs.of.service'] = parts[0].xpath('/wd:Report_Data/wd:Report_Entry/wd:INT0080_Pensionable_Yrs_of_Service', 'wd urn:com.workday.report/INT0080-Custom-Object-Update')</cc:expression>
                    <cc:expression>props['prev.pension.effective.date'] = parts[0].xpath('/wd:Report_Data/wd:Report_Entry/wd:INT0080_Pension_Effective_Date', 'wd urn:com.workday.report/INT0080-Custom-Object-Update')</cc:expression>
                    <cc:expression>props['prev.int0078.pension.class'] = parts[0].xpath('/wd:Report_Data/wd:Report_Entry/wd:INT0080_Pension_Class', 'wd urn:com.workday.report/INT0080-Custom-Object-Update')</cc:expression>
                    <cc:expression>props['prev.earliest.retirement.dt'] = parts[0].xpath('/wd:Report_Data/wd:Report_Entry/wd:INT0080_Earliest_Retirement_Date', 'wd urn:com.workday.report/INT0080-Custom-Object-Update')</cc:expression>
                    <cc:expression>if (props['prev.pension.effective.date'] != empty) {props['prev.pension.effective.date'] = props['prev.pension.effective.date'].substring(0,10);}</cc:expression>
                    <cc:expression>if(props['prev.earliest.retirement.dt'] != empty) {props['prev.earliest.retirement.dt'] = props['prev.earliest.retirement.dt'].substring(0,10)}</cc:expression>
                </cc:eval>
                <cc:log id="Log">
                    <cc:log-message>
                        <cc:line-separator/>
                        <cc:text>Previous and current value&#xD;
&#xD;
props['Employee_ID'] = @{props['Employee_ID']}&#xD;
props['prev.yrs.of.service'] = @{props['prev.yrs.of.service']}   props['Years.of.service'] = @{props['Years.of.service']}&#xD;
props['prev.pension.effective.date']  = @{props['prev.pension.effective.date'] }     props['Pension.effective.date.formatted'] = @{props['Pension.effective.date.formatted']}&#xD;
props['prev.int0078.pension.class'] = @{props['prev.int0078.pension.class']}          props['pension.class'] = @{props['pension.class']}&#xD;
props['prev.earliest.retirement.dt'] = @{props['prev.earliest.retirement.dt']}           props['earliest.retiree.date.formatted'] = @{props['earliest.retiree.date.formatted']}</cc:text>
                        <cc:line-separator/>
                    </cc:log-message>
                </cc:log>
            </cc:steps>
            <cc:send-error id="SendError" routes-to="ErrorUpdatePensionData"/>
        </cc:async-mediation>
        <cc:workday-out-rest id="FetchCustomObjectData" routes-response-to="AsyncMediation" extra-path="@{intsys.reportService.getExtrapath('Checkcustomobj')}?Employee_ID=@{props['Employee_ID']}"/>
        <cc:async-mediation id="AsyncMediation1" routes-to="AsyncMediation2" execute-steps-when="(props['prev.yrs.of.service'] != props['Years.of.service']) || (props['prev.pension.effective.date'] != props['Pension.effective.date.formatted']) || (props['prev.int0078.pension.class'] != props['pension.class']) || (props['prev.earliest.retirement.dt'] != props['earliest.retiree.date.formatted'])" handle-downstream-errors="true">
            <cc:steps>
                <cc:write id="Write">
                    <cc:message>
                        <cc:text>&lt;?xml version='1.0' encoding='utf-8'?>&#xD;
&lt;env:Envelope&#xD;
    xmlns:env=&quot;http://schemas.xmlsoap.org/soap/envelope/&quot;&#xD;
    xmlns:xsd=&quot;http://www.w3.org/2001/XMLSchema&quot;&#xD;
    xmlns:cus=&quot;urn:com.workday/tenants/super/data/custom&quot;>&#xD;
    &lt;env:Body>&#xD;
        &lt;wd:Edit_Worker_Additional_Data_Request&#xD;
            xmlns:wd=&quot;urn:com.workday/bsvc&quot;&#xD;
            wd:version=&quot;v32.2&quot;>&#xD;
            &lt;wd:Business_Process_Parameters>&#xD;
                &lt;wd:Auto_Complete>true&lt;/wd:Auto_Complete>&#xD;
                &lt;wd:Run_Now>true&lt;/wd:Run_Now>&#xD;
                &lt;wd:Comment_Data>&#xD;
                    &lt;wd:Comment>INT0080_Update_Pension_Attributes&lt;/wd:Comment>&#xD;
                    &lt;wd:Worker_Reference>&#xD;
                        &lt;wd:ID wd:type=&quot;Employee_ID&quot;>@{props['Employee_ID']}&lt;/wd:ID>&#xD;
                    &lt;/wd:Worker_Reference>&#xD;
                &lt;/wd:Comment_Data>&#xD;
            &lt;/wd:Business_Process_Parameters>&#xD;
            &lt;wd:Worker_Custom_Object_Data>&#xD;
                &lt;wd:Effective_Date>@{props['date']}&lt;/wd:Effective_Date>&#xD;
                &lt;wd:Worker_Reference>&#xD;
                    &lt;wd:ID wd:type=&quot;Employee_ID&quot;>@{props['Employee_ID']}&lt;/wd:ID>&#xD;
                &lt;/wd:Worker_Reference>&#xD;
                &lt;wd:Business_Object_Additional_Data>&#xD;
                    &lt;cus:pensionAdditionalData2>&#xD;
                    &#xD;
                     @if{props['pension.eligible.can'] != ''} &#xD;
                        &lt;cus:pensionEligibleCan>&#xD;
                            &lt;cus:ID cus:type=&quot;ExtendedAlias&quot;>@{props['pension.eligible.can']}&lt;/cus:ID>&#xD;
                        &lt;/cus:pensionEligibleCan>                        &#xD;
                         @end{}  &#xD;
                         &#xD;
                          @if{props['pension.registration.dt'] != ''}                        &#xD;
                            &lt;cus:executivePensionRegistrationDate>@{props['pension.registration.dt']}&lt;/cus:executivePensionRegistrationDate>                        &#xD;
                        @end{}&#xD;
                        &#xD;
                         &#xD;
                        @if{props['pension.eligible.us'] != ''}    &#xD;
                        &lt;cus:pensionEligibleUs>&#xD;
                            &lt;cus:ID cus:type=&quot;ExtendedAlias&quot;>@{props['pension.eligible.us']}&lt;/cus:ID>&#xD;
                        &lt;/cus:pensionEligibleUs>    &#xD;
                           @end{} &#xD;
                           &#xD;
                                @if{props['param.low.or.high'] != ''}                        &#xD;
                            &lt;cus:optionalPensionPlanCan>&#xD;
                                &lt;cus:ID cus:type=&quot;ExtendedAlias&quot;>@{props['param.low.or.high']}&lt;/cus:ID>&#xD;
                            &lt;/cus:optionalPensionPlanCan>                        &#xD;
                        @end{}&#xD;
                    &#xD;
                    &#xD;
                        &lt;cus:pensionableYrsOfService>@{props['Years.of.service']}&lt;/cus:pensionableYrsOfService>&#xD;
                        &lt;cus:pensionEffectiveDate>@{props['Pension.effective.date.formatted']}&lt;/cus:pensionEffectiveDate>&#xD;
                        &lt;cus:pensionClass>@{props['pension.class']}&lt;/cus:pensionClass>&#xD;
                        &lt;cus:earliestRetirementDate>@{props['earliest.retiree.date.formatted']}&lt;/cus:earliestRetirementDate>&#xD;
                    &lt;/cus:pensionAdditionalData2>&#xD;
                &lt;/wd:Business_Object_Additional_Data>&#xD;
            &lt;/wd:Worker_Custom_Object_Data>&#xD;
        &lt;/wd:Edit_Worker_Additional_Data_Request>&#xD;
    &lt;/env:Body>&#xD;
&lt;/env:Envelope>&#xD;
</cc:text>
                    </cc:message>
                </cc:write>
                <cc:log id="Log">
                    <cc:log-message>
                        <cc:line-separator/>
                        <cc:text>&#xD;
=================&#xD;
In custom object update&#xD;
</cc:text>
                        <cc:line-separator/>
                    </cc:log-message>
                </cc:log>
            </cc:steps>
            <cc:send-error id="SendError" routes-to="ErrorUpdatePensionData"/>
        </cc:async-mediation>
        <cc:local-in id="CallInputFileError" routes-to="AsyncMediation3"/>
        <cc:async-mediation id="AsyncMediation3" routes-to="PutIntegrationMessage10">
            <cc:steps>
                <cc:eval id="Eval">
                    <cc:expression>props['critical.error.occurred'] = true;</cc:expression>
                    <cc:expression>props['error.free'] = false;</cc:expression>
                </cc:eval>
            </cc:steps>
        </cc:async-mediation>
        <cc:local-out id="PutIntegrationMessage10" store-message="none" routes-response-to="PutIntegrationEvent" endpoint="vm://wcc/PutIntegrationMessage">
            <cc:set name="is.message.severity" value="'CRITICAL'"/>
            <cc:set name="is.message.summary" value="'An unexpected error occurred at step'+props['step.id']+':Error:' +context.getErrorMessage()"/>
        </cc:local-out>
        <cc:local-out id="PutIntegrationEvent" endpoint="vm://wcc/PutIntegrationEvent"><cc:set name="is.event.completed" value="&quot;current&quot;"/></cc:local-out>
	</cc:assembly>

</beans>