<?xml version="1.0" encoding="UTF-8"?>
<wdnm:Diagram xmlns:wdnm="http://workday.com/studio/editors/notation">
  <element href="assembly.xml#WorkdayAssembly"/>
  <visualProperties x="63" y="64">
    <element href="assembly.xml#StartHere"/>
  </visualProperties>
  <visualProperties x="272" y="64">
    <element href="assembly.xml#Call_Input_Parameters"/>
  </visualProperties>
  <visualProperties x="63" y="153">
    <element href="assembly.xml#Getting_Input"/>
  </visualProperties>
  <visualProperties x="272" y="126">
    <element href="assembly.xml#Reading_Input_Parameters"/>
  </visualProperties>
  <visualProperties x="266" y="286">
    <element href="assembly.xml#Common-Error-Handling"/>
  </visualProperties>
  <visualProperties x="491" y="1056">
    <element href="assembly.xml#PutIntegrationMessage"/>
  </visualProperties>
  <visualProperties x="86" y="1056">
    <element href="assembly.xml#Common-error"/>
  </visualProperties>
  <visualProperties x="1120" y="177">
    <element href="assembly.xml#Message"/>
  </visualProperties>
  <visualProperties x="577" y="64">
    <element href="assembly.xml#Call_Token_Request"/>
  </visualProperties>
  <visualProperties x="84" y="400">
    <element href="assembly.xml#Token_Request"/>
  </visualProperties>
  <visualProperties x="321" y="368">
    <element href="assembly.xml#Build_Token"/>
  </visualProperties>
  <visualProperties x="276" y="526">
    <element href="assembly.xml#Throw-Token-Error"/>
  </visualProperties>
  <visualProperties x="590" y="408">
    <element href="assembly.xml#Authentication"/>
  </visualProperties>
  <visualProperties x="857" y="379">
    <element href="assembly.xml#Json-XML-Conversion"/>
  </visualProperties>
  <visualProperties x="1189" y="391">
    <element href="assembly.xml#Token-Created"/>
  </visualProperties>
  <visualProperties x="886" y="64">
    <element href="assembly.xml#Call_API"/>
  </visualProperties>
  <visualProperties x="84" y="641">
    <element href="assembly.xml#API_Request"/>
  </visualProperties>
  <visualProperties x="321" y="595">
    <element href="assembly.xml#API-Header"/>
  </visualProperties>
  <visualProperties x="531" y="641">
    <element href="assembly.xml#API_ID"/>
  </visualProperties>
  <visualProperties x="696" y="585">
    <element href="assembly.xml#API-Json-XML-Conversion"/>
  </visualProperties>
  <visualProperties x="298" y="741">
    <element href="assembly.xml#Throw-API-Header-Error"/>
  </visualProperties>
  <visualProperties x="759" y="741">
    <element href="assembly.xml#Throw-API-JSON-Error"/>
  </visualProperties>
  <visualProperties x="1010" y="622">
    <element href="assembly.xml#Received-APIid"/>
  </visualProperties>
  <visualProperties x="590" y="172">
    <element href="assembly.xml#WorkdayOutRest"/>
  </visualProperties>
  <visualProperties x="832" y="147">
    <element href="assembly.xml#AsyncMediation"/>
  </visualProperties>
  <visualProperties x="1073" y="56">
    <element href="assembly.xml#Call_API0"/>
  </visualProperties>
  <visualProperties x="92" y="844">
    <element href="assembly.xml#API_Request0"/>
  </visualProperties>
  <visualProperties x="857" y="825">
    <element href="assembly.xml#AsyncMediation00"/>
  </visualProperties>
  <visualProperties x="614" y="880">
    <element href="assembly.xml#PdfPrintStep"/>
  </visualProperties>
  <visualProperties x="311" y="825">
    <element href="assembly.xml#AsyncMediation0"/>
  </visualProperties>
  <visualProperties x="1297" y="916">
    <element href="assembly.xml#WorkdayOutSoap"/>
  </visualProperties>
  <visualProperties x="289" y="1043">
    <element href="assembly.xml#ClearHeaders"/>
  </visualProperties>
  <visualProperties x="1064" y="1056">
    <element href="assembly.xml#Note-Error"/>
  </visualProperties>
  <visualProperties x="759" y="1056">
    <element href="assembly.xml#//@beans/@mixed.1/@mixed.65"/>
  </visualProperties>
  <visualProperties x="303" y="970">
    <element href="assembly.xml#Throw-PDF-Print-Error"/>
  </visualProperties>
  <visualProperties x="900" y="976">
    <element href="assembly.xml#Throw-Put-Doc-Error"/>
  </visualProperties>
  <connections type="routesTo">
    <source href="assembly.xml#StartHere"/>
    <target href="assembly.xml#Call_Input_Parameters"/>
  </connections>
  <connections type="routesResponseTo">
    <source href="assembly.xml#Call_Input_Parameters"/>
    <target href="assembly.xml#Call_Token_Request"/>
  </connections>
  <connections type="routesTo">
    <source href="assembly.xml#Getting_Input"/>
    <target href="assembly.xml#Reading_Input_Parameters"/>
  </connections>
  <connections type="routesTo">
    <source href="assembly.xml#Reading_Input_Parameters"/>
    <target href="assembly.xml#WorkdayOutRest"/>
  </connections>
  <connections type="routesTo">
    <source href="assembly.xml#//@beans/@mixed.1/@mixed.55/@mixed.3"/>
    <target href="assembly.xml#Common-Error-Handling"/>
  </connections>
  <connections type="routesTo" targetAnchorX="0.8648648648648649" targetAnchorY="0.33695652173913043">
    <source href="assembly.xml#Common-error"/>
    <target href="assembly.xml#ClearHeaders"/>
  </connections>
  <connections type="routesTo">
    <source href="assembly.xml#AsyncMediation"/>
    <target href="assembly.xml#Message"/>
  </connections>
  <connections type="routesResponseTo">
    <source href="assembly.xml#Call_Token_Request"/>
    <target href="assembly.xml#Call_API"/>
  </connections>
  <connections type="routesTo">
    <source href="assembly.xml#Token_Request"/>
    <target href="assembly.xml#Build_Token"/>
  </connections>
  <connections type="routesTo">
    <source href="assembly.xml#Build_Token"/>
    <target href="assembly.xml#Authentication"/>
  </connections>
  <connections type="routesTo">
    <source href="assembly.xml#//@beans/@mixed.1/@mixed.41/@mixed.3"/>
    <target href="assembly.xml#Throw-Token-Error"/>
  </connections>
  <connections type="routesResponseTo">
    <source href="assembly.xml#Authentication"/>
    <target href="assembly.xml#Json-XML-Conversion"/>
  </connections>
  <connections type="routesTo">
    <source href="assembly.xml#Json-XML-Conversion"/>
    <target href="assembly.xml#Token-Created"/>
  </connections>
  <connections type="routesResponseTo">
    <source href="assembly.xml#Call_API"/>
    <target href="assembly.xml#Call_API0"/>
  </connections>
  <connections type="routesTo">
    <source href="assembly.xml#API_Request"/>
    <target href="assembly.xml#API-Header"/>
  </connections>
  <connections type="routesTo">
    <source href="assembly.xml#API-Header"/>
    <target href="assembly.xml#API_ID"/>
  </connections>
  <connections type="routesTo">
    <source href="assembly.xml#//@beans/@mixed.1/@mixed.27/@mixed.3"/>
    <target href="assembly.xml#Throw-API-Header-Error"/>
  </connections>
  <connections type="routesResponseTo">
    <source href="assembly.xml#API_ID"/>
    <target href="assembly.xml#API-Json-XML-Conversion"/>
  </connections>
  <connections type="routesTo">
    <source href="assembly.xml#API-Json-XML-Conversion"/>
    <target href="assembly.xml#Received-APIid"/>
  </connections>
  <connections type="routesTo">
    <source href="assembly.xml#//@beans/@mixed.1/@mixed.23/@mixed.3"/>
    <target href="assembly.xml#Throw-API-JSON-Error"/>
  </connections>
  <connections type="routesResponseTo">
    <source href="assembly.xml#WorkdayOutRest"/>
    <target href="assembly.xml#AsyncMediation"/>
  </connections>
  <connections type="routesTo">
    <source href="assembly.xml#API_Request0"/>
    <target href="assembly.xml#AsyncMediation0"/>
  </connections>
  <connections type="routesTo">
    <source href="assembly.xml#AsyncMediation00"/>
    <target href="assembly.xml#WorkdayOutSoap"/>
  </connections>
  <connections type="routesResponseTo">
    <source href="assembly.xml#PdfPrintStep"/>
    <target href="assembly.xml#AsyncMediation00"/>
  </connections>
  <connections type="routesTo">
    <source href="assembly.xml#AsyncMediation0"/>
    <target href="assembly.xml#PdfPrintStep"/>
  </connections>
  <connections type="routesTo" sourceAnchorX="1.0" sourceAnchorY="0.15217391304347827" targetAnchorX="0.315" targetAnchorY="0.3783783783783784">
    <source href="assembly.xml#ClearHeaders"/>
    <target href="assembly.xml#PutIntegrationMessage"/>
  </connections>
  <connections type="routesTo" sourceAnchorX="0.9669421487603306" sourceAnchorY="0.43243243243243246" targetAnchorX="0.06060606060606061" targetAnchorY="0.3783783783783784">
    <source href="assembly.xml#//@beans/@mixed.1/@mixed.65"/>
    <target href="assembly.xml#Note-Error"/>
  </connections>
  <connections type="routesTo" sourceAnchorX="0.5365853658536586" sourceAnchorY="1.0" targetAnchorX="0.5076142131979695" targetAnchorY="0.6486486486486487">
    <source href="assembly.xml#//@beans/@mixed.1/@mixed.3/@mixed.3"/>
    <target href="assembly.xml#Throw-PDF-Print-Error"/>
  </connections>
  <connections type="routesTo" sourceAnchorX="0.6124031007751938" sourceAnchorY="1.0" targetAnchorX="0.4574468085106383" targetAnchorY="0.7837837837837838">
    <source href="assembly.xml#//@beans/@mixed.1/@mixed.7/@mixed.3"/>
    <target href="assembly.xml#Throw-Put-Doc-Error"/>
  </connections>
</wdnm:Diagram>
