<?xml version="1.0" encoding="UTF-8"?>
<beans
     xmlns="http://www.springframework.org/schema/beans"
     xmlns:beans="http://www.springframework.org/schema/beans"
     xmlns:atom="http://www.w3.org/2005/Atom"
     xmlns:cc="http://www.capeclear.com/assembly/10"
     xmlns:cloud="urn:com.workday/esb/cloud/10.0"
     xmlns:env="http://schemas.xmlsoap.org/soap/envelope/"
     xmlns:pi="urn:com.workday/picof"
     xmlns:wd="urn:com.workday/bsvc"
     xmlns:xsi="http://www.w3.org/2001/XMLSchema-instance">
 
	<cc:assembly id="WorkdayAssembly" version="2019.6">
        <cc:workday-out-soap id="WorkdayOutSoap" application="Staffing" version="v31.2"/>
        <cc:async-mediation id="AsyncMediation0" routes-to="PdfPrintStep" handle-downstream-errors="true">
            <cc:steps>
                <cc:set-headers id="SetHeaders" clear-all="true">
                    <cc:remove-headers/>
                    <cc:add-headers/>
                </cc:set-headers>
                <cc:eval id="Eval">
                    <cc:expression>props['test'] = vars['report.output'].text</cc:expression>
                    <cc:expression>props['Month_Gross'] = '&lt;wd:LatestMonthlyGross>' +props['LatestMonthlyGross'] + '&lt;/wd:LatestMonthlyGross>' </cc:expression>
                    <cc:expression>props['test'] = props['test'].replaceAll('&lt;wd:LatestMonthlyGross>Y&lt;/wd:LatestMonthlyGross>',props['Month_Gross'])</cc:expression>
                    <cc:expression>props['Year_Gross'] = '&lt;wd:YearlyGross>' +props['YearlyGross'] + '&lt;/wd:YearlyGross>' </cc:expression>
                    <cc:expression>props['test'] = props['test'].replaceAll('&lt;wd:YearlyGross>NA&lt;/wd:YearlyGross>',props['Year_Gross'])</cc:expression>
                    <cc:expression>vars['report.output'].text = props['test']</cc:expression>
                </cc:eval>
                <cc:write id="Write" output="variable" output-variable="report.design">
                    <cc:message>
                        <cc:static-file input-file="@{props['REPORTUSE']}"/>
                    </cc:message>
                </cc:write>
                <cc:log id="Log">
                    <cc:log-message>
                        <cc:text>@{vars['report.output'].text}</cc:text>
                    </cc:log-message>
                </cc:log>
            </cc:steps>
            <cc:send-error id="SendError" routes-to="Throw-PDF-Print-Error"/>
        </cc:async-mediation>
        <cc:local-out id="PdfPrintStep" routes-response-to="AsyncMediation00" endpoint="vm://wcc/PdfPrintStep">
            <cc:set name="pdf.report.design.variable" value="'report.design'"/>
            <cc:set name="pdf.workday.report.variable" value="'report.output'"/>
        </cc:local-out>
        <cc:async-mediation id="AsyncMediation00" routes-to="WorkdayOutSoap" handle-downstream-errors="true">
            <cc:steps>
                <cc:base64-encode description="Salary_Letter.pdf" id="Base64Encode" output="variable" output-variable="output.encodeddoc" input="message"/>
                <cc:eval id="Eval">
                    <cc:expression>props['file_data']= vars['output.encodeddoc'].text</cc:expression>
                    <cc:expression>props['current_date_time'] = util.currentDateTimeAsString()</cc:expression>
                </cc:eval>
                <cc:write id="Write">
                    <cc:message>
                        <cc:text>&lt;?xml version=&quot;1.0&quot; encoding=&quot;utf-8&quot;?>&#xD;
&lt;env:Envelope&#xD;
    xmlns:env=&quot;http://schemas.xmlsoap.org/soap/envelope/&quot;&#xD;
    xmlns:xsd=&quot;http://www.w3.org/2001/XMLSchema&quot;>&#xD;
    &lt;env:Header>&#xD;
    &lt;/env:Header>&#xD;
    &lt;env:Body>&#xD;
        &lt;wd:Put_Worker_Document_Request&#xD;
            xmlns:wd=&quot;urn:com.workday/bsvc&quot;&#xD;
            wd:Add_Only=&quot;true&quot;&#xD;
            wd:version=&quot;v31.2&quot;>           &#xD;
            &lt;wd:Worker_Document_Data>&#xD;
                &lt;wd:ID>OnDemand_Incumbency_Letter_@{props['Employee_ID']}_@{props['current_date_time']}&lt;/wd:ID>&#xD;
                &lt;wd:Filename>OnDemand_Incumbency_Letter_@{props['Employee_ID']}_@{props['current_date_time']}.pdf&lt;/wd:Filename>&#xD;
                &lt;wd:Comment>OnDemandLetter&lt;/wd:Comment>&#xD;
                &lt;wd:File>@{props['file_data']}&lt;/wd:File>&#xD;
                &lt;wd:Document_Category_Reference>&#xD;
                         &lt;wd:ID wd:type=&quot;Document_Category__Workday_Owned__ID&quot;>REFERENCE_LETTER&lt;/wd:ID>&#xD;
                &lt;/wd:Document_Category_Reference>&#xD;
                &lt;wd:Worker_Reference>&#xD;
                    &lt;!-- D9 this can be either &quot;Employee_ID&quot; or &quot;Contingent_Worker_ID&quot; as specified in the launch parameter -->&#xD;
                    &lt;wd:ID wd:type=&quot;Employee_ID&quot;>@{props['Employee_ID']}&lt;/wd:ID>&#xD;
                &lt;/wd:Worker_Reference>                &#xD;
            &lt;/wd:Worker_Document_Data>&#xD;
        &lt;/wd:Put_Worker_Document_Request>&#xD;
    &lt;/env:Body>&#xD;
&lt;/env:Envelope></cc:text>
                    </cc:message>
                </cc:write>
                <cc:log id="Log">
                    <cc:log-message>
                        <cc:message-content/>
                    </cc:log-message>
                </cc:log>
            </cc:steps>
            <cc:send-error id="SendError" routes-to="Throw-Put-Doc-Error"/>
        </cc:async-mediation>
        <cc:local-in id="API_Request0" routes-to="AsyncMediation0"/>
        <cc:local-out id="Call_API0" store-message="none" execute-when="props['continue']" endpoint="vm://INT492_China_IncumbencyLeaveLetter_SI_311/API_Request0"/>
        <cc:async-mediation id="AsyncMediation" routes-to="Message">
            <cc:steps>
                <cc:log id="Log0">
                    <cc:log-message>
                        <cc:message-content/>
                    </cc:log-message>
                </cc:log>
                <cc:copy id="Copy" output="variable" output-variable="report.output"/>
                <cc:eval id="Eval">
                    <cc:expression>props['Rep_Emplid'] = parts[0].xpath('/wd:Report_Data/wd:Report_Entry/wd:SSO','wd urn:com.workday.report/CS_Test_123')</cc:expression>
                    <cc:expression>props['Rep_Legal_Name'] = parts[0].xpath('/wd:Report_Data/wd:Report_Entry/wd:Legal_Name','wd urn:com.workday.report/CS_Test_123')</cc:expression>
                    <cc:expression>props['Rep_BusTitle'] = parts[0].xpath('/wd:Report_Data/wd:Report_Entry/wd:BusinessTitle','wd urn:com.workday.report/CS_Test_123')</cc:expression>
                    <cc:expression>props['continue'] = true;</cc:expression>
                </cc:eval>
                <cc:log id="Log">
                    <cc:log-message>
                        <cc:text>---------Report Values ---------------&#xD;
props['Rep_Emplid'] = @{props['Rep_Emplid']}&#xD;
props['Rep_Legal_Name'] = @{props['Rep_Legal_Name']}&#xD;
props['Rep_BusTitle'] = @{props['Rep_BusTitle']}&#xD;
&#xD;
----------------------------------------</cc:text>
                    </cc:log-message>
                </cc:log>
            </cc:steps>
        </cc:async-mediation>
        <cc:workday-out-rest id="WorkdayOutRest" routes-response-to="AsyncMediation" extra-path="@{intsys.reportService.getExtrapath('Emp_Details')}?Employee_ID=@{props['Employee_ID']}&amp;format=simplexml"/>
        <cc:local-out id="Received-APIid" endpoint="vm://wcc/PutIntegrationMessage">
            <cc:set name="is.message.severity" value="'INFO'"/>
            <cc:set name="is.message.summary" value="'API accessed successfully'"/>
        </cc:local-out>
        <cc:local-out id="Throw-API-JSON-Error" store-message="none" endpoint="vm://INT492_China_IncumbencyLeaveLetter_SI_311/Common-error">
            <cc:set name="APIError" value="props['Error'] = 'Error occurred while converting json to XML in API '"/>
        </cc:local-out>
        <cc:local-out id="Throw-API-Header-Error" store-message="none" endpoint="vm://INT492_China_IncumbencyLeaveLetter_SI_311/Common-error">
            <cc:set name="SVCError" value="props['Error'] = 'Error occurred while connecting API Header'"/>
        </cc:local-out>
        <cc:async-mediation id="API-Json-XML-Conversion" routes-to="Received-APIid">
            <cc:steps>
                <cc:json-to-xml id="JsonToXml"/>
                <cc:log id="Log">
                    <cc:log-message>
                        <cc:text>--------API Message-----------</cc:text>
                        <cc:message-content/>
                    </cc:log-message>
                </cc:log>
                <cc:eval id="Eval">
                    <cc:expression>props['SSO'] = parts[0].xpath(&quot;/root/data/data/data/sso&quot;)</cc:expression>
                    <cc:expression>props['WorkCountry'] = parts[0].xpath(&quot;/root/data/data/data/workCountry&quot;)</cc:expression>
                    <cc:expression>props['PayrollCountry'] = parts[0].xpath(&quot;/root/data/data/data/payrollCountry&quot;)</cc:expression>
                    <cc:expression>props['CountryCode'] = parts[0].xpath(&quot;/root/data/data/data/countryCode&quot;)</cc:expression>
                    <cc:expression>props['CurrencyCode'] = parts[0].xpath(&quot;/root/data/data/data/currencyCode&quot;)</cc:expression>
                    <cc:expression>props['YearlyGross'] = parts[0].xpath(&quot;/root/data/data/data/yearlyGross&quot;)</cc:expression>
                    <cc:expression>props['LatestMonthlyGross'] = parts[0].xpath(&quot;/root/data/data/data/latestMonthlyGross&quot;)</cc:expression>
                    <cc:expression>props['continue'] = true;</cc:expression>
                </cc:eval>
            </cc:steps>
            <cc:send-error id="SendError" routes-to="Throw-API-JSON-Error"/>
        </cc:async-mediation>
        <cc:http-out id="API_ID" routes-response-to="API-Json-XML-Conversion" endpoint="@{props['Final_API_URL']}" http-method="GET"/>
        <cc:async-mediation id="API-Header" routes-to="API_ID" handle-downstream-errors="true">
            <cc:steps>
                <cc:eval id="Eval">
                    <cc:expression>props['continue'] = false;</cc:expression>
                </cc:eval>
                <cc:set-headers id="SetHeaders" output="message" clear-all="true">
                    <cc:remove-headers/>
                    <cc:add-headers>
                        <cc:add-header name="Authorization" value="Bearer @{props['Access_Token']}"/>
                        <cc:add-header name="Content-Type" value="application/x-www-form-urlencoded"/>
                        <cc:add-header name="Accept" value="application/json"/>
                    </cc:add-headers>
                </cc:set-headers>
            </cc:steps>
            <cc:send-error id="SendError" rethrow-error="false" routes-to="Throw-API-Header-Error"/>
        </cc:async-mediation>
        <cc:local-in id="API_Request" routes-to="API-Header"/>
        <cc:local-out id="Call_API" store-message="none" execute-when="props['continue']" routes-response-to="Call_API0" endpoint="vm://INT492_China_IncumbencyLeaveLetter_SI_311/API_Request"/>
        <cc:local-out id="Token-Created" endpoint="vm://wcc/PutIntegrationMessage">
            <cc:set name="is.message.severity" value="'INFO'"/>
            <cc:set name="is.message.summary" value="'China API access token created = ' + props['Access_Token']"/>
        </cc:local-out>
        <cc:async-mediation id="Json-XML-Conversion" routes-to="Token-Created">
            <cc:steps>
                <cc:json-to-xml id="JsonToXml"/>
                <cc:eval id="Eval">
                    <cc:expression>props['Access_Token'] = parts[0].xpath(&quot;root/data/access_token&quot;)</cc:expression>
                    <cc:expression>props['continue'] = true;</cc:expression>
                </cc:eval>
                <cc:log id="Log">
                    <cc:log-message>
                        <cc:text>---------------Response-------&#xD;
@{props['Access_Token']}&#xD;
</cc:text>
                    </cc:log-message>
                </cc:log>
            </cc:steps>
        </cc:async-mediation>
        <cc:http-out id="Authentication" store-message="response" routes-response-to="Json-XML-Conversion" endpoint="@{props['2L_Final_End_Point']}" error-as-response="true" http-method="POST">
        </cc:http-out>
        <cc:local-out id="Throw-Token-Error" store-message="none" endpoint="vm://INT492_China_IncumbencyLeaveLetter_SI_311/Common-error">
            <cc:set name="Unnamed" value="props['Error'] = 'Error occurred while connecting Akana endpoint'"/>
        </cc:local-out>
        <cc:async-mediation id="Build_Token" routes-to="Authentication" handle-downstream-errors="true">
            <cc:steps>
                <cc:eval id="Eval">
                    <cc:expression>props['continue'] = false;</cc:expression>
                </cc:eval>
                <cc:set-headers id="SetHeaders" output="rootpart">
                    <cc:remove-headers/>
                    <cc:add-headers>
                        <cc:add-header name="Content-Type" value="application/x-www-form-urlencoded"/>
                    </cc:add-headers>
                </cc:set-headers>
            </cc:steps>
            <cc:send-error id="SendError" routes-to="Throw-Token-Error"/>
        </cc:async-mediation>
        <cc:local-in id="Token_Request" routes-to="Build_Token"/>
        <cc:local-out id="Call_Token_Request" store-message="none" execute-when="props['continue']" routes-response-to="Call_API" endpoint="vm://INT492_China_IncumbencyLeaveLetter_SI_311/Token_Request"/>
        <cc:local-out id="Message" store-message="none" endpoint="vm://wcc/PutIntegrationMessage">
            <cc:set name="is.message.severity" value="'INFO'"/>
            <cc:set name="is.message.summary" value="'Summary'"/>
        </cc:local-out>
        <cc:local-in id="Common-error" routes-to="ClearHeaders"/>
        <cc:local-out id="PutIntegrationMessage" endpoint="vm://wcc/PutIntegrationMessage">
            <cc:set name="is.message.severity" value="'ERROR'"/>
            <cc:set name="is.message.summary" value="props['Error']"/>
        <cc:set name="is.message.detail" value="context.errorMessage"/></cc:local-out>
        <cc:local-out id="Common-Error-Handling" store-message="none" endpoint="vm://INT492_China_IncumbencyLeaveLetter_SI_311/Common-error">
            <cc:set name="Unnamed" value="props['Error'] = 'Error occurred while reading input parameters'"/>
        </cc:local-out>
        <cc:async-mediation id="Reading_Input_Parameters" routes-to="WorkdayOutRest" handle-downstream-errors="true">
            <cc:steps>
                <cc:eval id="Eval">
                    <cc:expression>props['Client_ID'] =  intsys.getAttribute('2L_Client_ID')</cc:expression>
                    <cc:expression>props['Client_Secret'] = intsys.getAttribute('2L_Secret_Key')</cc:expression>
                    <cc:expression>props['Token_Endpoint'] = intsys.getAttribute('2L_Token_Endpoint')</cc:expression>
                    <cc:expression>props['2L_Final_End_Point'] = props['Token_Endpoint'] # props['Client_ID'] # '&amp;client_secret=' # props['Client_Secret']</cc:expression>
                    <cc:expression>props['API_URL'] = intsys.getAttribute('API_End_point')</cc:expression>
                    <cc:expression>props['Employee_ID'] = lp.getSimpleData('Employee ID')</cc:expression>
                    <cc:expression>props['Final_API_URL'] = props['API_URL'] # props['Employee_ID']</cc:expression>
                    <cc:expression>props['DocumentLanguage'] = lp.getReferenceData('DocumentLanguage','User_Language_ID')</cc:expression>
                    <cc:expression>props['continue'] = false;</cc:expression>
                </cc:eval>
                <cc:log id="Log">
                    <cc:log-message>
                        <cc:text>--------Input-------------------&#xD;
props['Client_ID'] = @{props['Client_ID']}&#xD;
---------------------------&#xD;
props['Client_Secret'] = @{props['Client_Secret']}&#xD;
---------------------------&#xD;
props['Token_Endpoint'] = @{props['Token_Endpoint']}&#xD;
---------------------------&#xD;
props['2L_Final_End_Point'] = @{props['2L_Final_End_Point']}&#xD;
---------------------------&#xD;
props['Final_API_URL'] = @{props['Final_API_URL']}&#xD;
---------------------------&#xD;
props['DocumentLanguage'] = @{props['DocumentLanguage']}&#xD;
---------------------------&#xD;
props['Annual_Monthly'] = @{props['Annual_Monthly']}&#xD;
&#xD;
-------------&#xD;
&#xD;
</cc:text>
                    </cc:log-message>
                </cc:log>
                <cc:eval id="Eval0">
                    <cc:expression>props['REPORTUSE'] == 'none'</cc:expression>
                    <cc:expression>if(props['DocumentLanguage'] == 'en_US'){props['REPORTUSE'] = 'Incumbency_English.rptdesign';}</cc:expression>
                    <cc:expression>if(props['DocumentLanguage'] == 'zh_CN'){props['REPORTUSE'] = 'Incumbency_Chinese.rptdesign';}</cc:expression>
                    <cc:expression>if(props['DocumentLanguage'] != 'en_US' &amp;&amp; props['DocumentLanguage'] != 'zh_CN'){props['REPORTUSE'] = 'Incumbency_English.rptdesign';}</cc:expression>
                </cc:eval>
                <cc:log id="Log0">
                    <cc:log-message>
                        <cc:text>--------RPTDESIGN to USE-------------------&#xD;
props['REPORTUSE'] = @{props['REPORTUSE']}&#xD;
---------------------------&#xD;
&#xD;
&#xD;
&#xD;
&#xD;
</cc:text>
                    </cc:log-message>
                </cc:log>
            </cc:steps>
            <cc:send-error id="SendError" routes-to="Common-Error-Handling"/>
        </cc:async-mediation>
        <cc:local-in id="Getting_Input" routes-to="Reading_Input_Parameters"/>
        <cc:local-out id="Call_Input_Parameters" store-message="none" routes-response-to="Call_Token_Request" endpoint="vm://INT492_China_IncumbencyLeaveLetter_SI_311/Getting_Input"/>
        <cc:workday-in id="StartHere" routes-to="Call_Input_Parameters">
            <cc:integration-system name="INT0492 China Incumbency Leave Letter SI">
        <cloud:param name="Employee ID">
          <cloud:type>
            <cloud:simple-type>text</cloud:simple-type>
          </cloud:type>
          <cloud:default>
            <cloud:text>200000839</cloud:text>
          </cloud:default>
        </cloud:param>
        <cloud:param name="DocumentLanguage">
          <cloud:type>
            <cloud:class-report-field description="Document Language" type="WID" singular="true">650bb95af92410000e8062fc9f9061e3</cloud:class-report-field>
          </cloud:type>
        </cloud:param>
        <cloud:attribute-map-service name="China_Incumbency_API_Details">
          <cloud:attribute name="2L_Token_Endpoint">
            <cloud:type>
              <cloud:simple-type>text</cloud:simple-type>
            </cloud:type>
          </cloud:attribute>
          <cloud:attribute name="2L_Client_ID">
            <cloud:type>
              <cloud:simple-type>text</cloud:simple-type>
            </cloud:type>
          </cloud:attribute>
          <cloud:attribute name="2L_Secret_Key">
            <cloud:type>
              <cloud:simple-type>text</cloud:simple-type>
            </cloud:type>
          </cloud:attribute>
          <cloud:attribute name="API_End_point">
            <cloud:type>
              <cloud:simple-type>text</cloud:simple-type>
            </cloud:type>
          </cloud:attribute>
        </cloud:attribute-map-service>
        <cloud:report-service name="China_API_Incumbency_RS">
          <cloud:report-alias description="GECR INT492 China On Demand Financial Letter Report" name="Emp_Details">
            <cloud:report-reference description="GECR INT492 China On Demand Financial Letter Report" type="WID">8804ff2d4bde016960d44858c024645f</cloud:report-reference>
          </cloud:report-alias>
        </cloud:report-service>
      </cc:integration-system>
        </cc:workday-in>
        <cc:async-mediation id="ClearHeaders" routes-to="PutIntegrationMessage">
            <cc:steps>
                <cc:set-headers id="SetHeaders" clear-all="true"><cc:remove-headers/><cc:add-headers/></cc:set-headers>
            </cc:steps>
        </cc:async-mediation>
        <cc:send-error id="global-error-handler" rethrow-error="false" routes-to="Note-Error"/>
        <cc:local-out id="Note-Error" endpoint="vm://wcc/PutIntegrationMessage">
            <cc:set name="is.message.severity" value="'CRITICAL'"/>
            <cc:set name="is.message.summary" value="context.errorMessage"/>
        </cc:local-out>
        <cc:local-out id="Throw-PDF-Print-Error" store-message="none" endpoint="vm://INT492_China_IncumbencyLeaveLetter_SI_311/Common-error">
            <cc:set name="SVCError" value="props['Error'] = 'Error occurred while printing PDF file'"/>
        </cc:local-out>
        <cc:local-out id="Throw-Put-Doc-Error" store-message="none" endpoint="vm://INT492_China_IncumbencyLeaveLetter_SI_311/Common-error">
            <cc:set name="SVCError" value="props['Error'] = 'Error occurred while putting PDF to worker documents'"/>
        </cc:local-out>
	</cc:assembly>

</beans>