<?xml version='1.0' encoding='UTF-8'?><wd:Report_Data xmlns:wd="urn:com.workday.report/CR_China_OnD_FinancialLetter"><wd:Report_Entry><wd:FormatToday>November 19, 2019</wd:FormatToday><wd:FormatTodayChinese>2019年11月19日</wd:FormatTodayChinese><wd:SSO>212303151</wd:SSO><wd:Legal_First_Name>Xiao Kun</wd:Legal_First_Name><wd:Legal_Last_Name>Hao</wd:Legal_Last_Name><wd:Legal_First_Name_Chinese>小焜</wd:Legal_First_Name_Chinese><wd:Legal_Last_Name_Chinese>郝</wd:Legal_Last_Name_Chinese><wd:WorkAddress>Shanghai,1 Hua Tuo Rd, Zhang Jiang Hi-Tech Park Building 2, CTP, Pudong New District</wd:WorkAddress><wd:WorkAddress_Chinese>自由贸易试验区 意威路96号1幢,200131</wd:WorkAddress_Chinese><wd:Legal_EntityName>GE Medical Systems Trade and Development (Shanghai) Co., Ltd.</wd:Legal_EntityName><wd:Legal_EntityName_Chinese>GE Medical Systems Trade and Development (Shanghai) Co., Ltd.</wd:Legal_EntityName_Chinese><wd:HireDateFormat>September 03, 2012</wd:HireDateFormat><wd:HireDateFormatChinese>2012年09月03日</wd:HireDateFormatChinese><wd:National_ID>ID Card: 14220219831004087X</wd:National_ID><wd:National_ID_Chinese>身份证: 14220219831004087X</wd:National_ID_Chinese><wd:WorkCountry wd:Descriptor="China"><wd:ID wd:type="WID">6cb77610a8a543aea2d6bc10457e35d4</wd:ID><wd:ID wd:type="ISO_3166-1_Alpha-2_Code">CN</wd:ID><wd:ID wd:type="ISO_3166-1_Alpha-3_Code">CHN</wd:ID><wd:ID wd:type="ISO_3166-1_Numeric-3_Code">156</wd:ID></wd:WorkCountry><wd:CountryCode>CN / 030012</wd:CountryCode><wd:PayGroup wd:Descriptor="CN - GE Medical Systems Trade and Development (Shanghai) Co. Ltd. - Monthly"><wd:ID wd:type="WID">750e30b5489e01576cc8d955b7008a7d</wd:ID><wd:ID wd:type="Organization_Reference_ID">CN_GE_MEDICAL_SYSTEMS_TRADE_AND_DEVELOPMENT_SHANGHAI_CO_LTD_MONTHLY</wd:ID></wd:PayGroup><wd:BusinessTitle>资深现场服务工程师</wd:BusinessTitle><wd:JobTitle>Field Service Engineer - Experienced</wd:JobTitle><wd:LatestMonthlyGross>Y</wd:LatestMonthlyGross><wd:YearlyGross>NA</wd:YearlyGross><wd:Leave_Start>November 08, 2019</wd:Leave_Start><wd:Leave_End>November 15, 2019</wd:Leave_End><wd:LeaveStartChinese>2019年11月08日</wd:LeaveStartChinese><wd:LeaveEndChinese>2019年11月15日</wd:LeaveEndChinese></wd:Report_Entry></wd:Report_Data>