<?xml version="1.0" encoding="UTF-8"?>
<wdnm:Diagram xmlns:wdnm="http://workday.com/studio/editors/notation">
  <element href="assembly.xml#WorkdayAssembly"/>
  <visualProperties x="112" y="117">
    <element href="assembly.xml#StartHere"/>
  </visualProperties>
  <visualProperties x="292" y="93">
    <element href="assembly.xml#AsyncMediation"/>
  </visualProperties>
  <visualProperties x="497" y="117">
    <element href="assembly.xml#GetEventDocuments"/>
  </visualProperties>
  <visualProperties x="720" y="100">
    <element href="assembly.xml#Route"/>
  </visualProperties>
  <visualProperties x="882" y="126">
    <element href="assembly.xml#AsyncMediation0"/>
  </visualProperties>
  <visualProperties x="418" y="260">
    <element href="assembly.xml#Splitter"/>
  </visualProperties>
  <visualProperties x="548" y="290">
    <element href="assembly.xml#WSRequest"/>
  </visualProperties>
  <visualProperties x="950" y="330">
    <element href="assembly.xml#CallAuditLog"/>
  </visualProperties>
  <visualProperties x="149" y="530">
    <element href="assembly.xml#AuditLog"/>
  </visualProperties>
  <visualProperties x="327" y="532">
    <element href="assembly.xml#Write"/>
  </visualProperties>
  <visualProperties x="545" y="532">
    <element href="assembly.xml#Aggregator"/>
  </visualProperties>
  <visualProperties x="773" y="551">
    <element href="assembly.xml#StoreOutputFile"/>
  </visualProperties>
  <visualProperties x="766" y="330">
    <element href="assembly.xml#WorkdayOutSoap"/>
  </visualProperties>
  <visualProperties x="1116" y="126">
    <element href="assembly.xml#CallProcessRecord"/>
  </visualProperties>
  <visualProperties x="132" y="330">
    <element href="assembly.xml#ProcessRecord"/>
  </visualProperties>
  <visualProperties x="293" y="299">
    <element href="assembly.xml#PutIntegrationMessage"/>
  </visualProperties>
  <visualProperties x="1071" y="218">
    <element href="assembly.xml#PutIntegrationMessage0"/>
  </visualProperties>
  <visualProperties x="626" y="675">
    <element href="assembly.xml#PutIntegrationMessage1"/>
  </visualProperties>
  <visualProperties x="580" y="220">
    <element href="assembly.xml#CheckFile"/>
  </visualProperties>
  <visualProperties x="313" y="1121">
    <element href="assembly.xml#PutIntegrationMessage2"/>
  </visualProperties>
  <visualProperties x="742" y="1125">
    <element href="assembly.xml#PutIntegrationMessage3"/>
  </visualProperties>
  <visualProperties x="74" y="1261">
    <element href="assembly.xml#//@beans/@mixed.1/@mixed.43"/>
  </visualProperties>
  <visualProperties x="436" y="1222">
    <element href="assembly.xml#Note-Error"/>
  </visualProperties>
  <visualProperties x="531" y="738">
    <element href="assembly.xml#AsyncMediation1"/>
  </visualProperties>
  <connections type="routesTo" sourceAnchorX="1.0" sourceAnchorY="0.6756756756756757" targetAnchorX="0.2204724409448819" targetAnchorY="0.4782608695652174">
    <source href="assembly.xml#StartHere"/>
    <target href="assembly.xml#AsyncMediation"/>
  </connections>
  <connections type="routesTo" sourceAnchorX="1.0" sourceAnchorY="0.22826086956521738" targetAnchorX="0.12941176470588237" targetAnchorY="0.05405405405405406">
    <source href="assembly.xml#AsyncMediation"/>
    <target href="assembly.xml#GetEventDocuments"/>
  </connections>
  <connections type="routesTo" sourceAnchorX="1.0" sourceAnchorY="0.9117647058823529" targetAnchorX="0.19402985074626866" targetAnchorY="0.5978260869565217">
    <source href="assembly.xml#//@beans/@mixed.1/@route.0/@subRoute.0"/>
    <target href="assembly.xml#AsyncMediation0"/>
  </connections>
  <connections type="routesTo" sourceAnchorX="1.0" sourceAnchorY="0.6756756756756757" targetAnchorX="0.1791044776119403" targetAnchorY="0.2391304347826087">
    <source href="assembly.xml#AuditLog"/>
    <target href="assembly.xml#Write"/>
  </connections>
  <connections type="routesTo" sourceAnchorX="1.0" sourceAnchorY="0.2127659574468085" targetAnchorX="0.43137254901960786" targetAnchorY="0.20754716981132076">
    <source href="assembly.xml#Write"/>
    <target href="assembly.xml#Aggregator"/>
  </connections>
  <connections type="routesTo" sourceAnchorX="1.0" sourceAnchorY="0.3018867924528302" targetAnchorX="0.1715686274509804" targetAnchorY="0.1595744680851064">
    <source href="assembly.xml#Aggregator"/>
    <target href="assembly.xml#StoreOutputFile"/>
  </connections>
  <connections type="routesTo" sourceAnchorX="0.0" sourceAnchorY="0.2978723404255319" targetAnchorX="0.7236842105263158" targetAnchorY="0.43243243243243246">
    <source href="assembly.xml#WSRequest"/>
    <target href="assembly.xml#WorkdayOutSoap"/>
  </connections>
  <connections type="routesResponseTo" sourceAnchorX="0.0" sourceAnchorY="1.0" targetAnchorX="0.6062992125984252" targetAnchorY="0.6486486486486487">
    <source href="assembly.xml#WorkdayOutSoap"/>
    <target href="assembly.xml#CallAuditLog"/>
  </connections>
  <connections type="routesTo" sourceAnchorX="1.0" sourceAnchorY="0.26595744680851063" targetAnchorX="0.1597222222222222" targetAnchorY="0.6756756756756757">
    <source href="assembly.xml#AsyncMediation0"/>
    <target href="assembly.xml#CallProcessRecord"/>
  </connections>
  <connections type="routesTo" sourceAnchorX="1.0" sourceAnchorY="0.7837837837837838" targetAnchorX="0.18691588785046728" targetAnchorY="0.44805194805194803">
    <source href="assembly.xml#ProcessRecord"/>
    <target href="assembly.xml#Splitter"/>
  </connections>
  <connections type="routesTo" sourceAnchorX="0.7833333333333333" sourceAnchorY="1.0" targetAnchorX="0.5163043478260869" targetAnchorY="0.24324324324324326">
    <source href="assembly.xml#//@beans/@mixed.1/@mixed.3/@mixed.3"/>
    <target href="assembly.xml#PutIntegrationMessage"/>
  </connections>
  <connections type="routesTo" sourceAnchorX="0.5454545454545454" sourceAnchorY="1.0" targetAnchorX="0.38219895287958117" targetAnchorY="0.24324324324324326">
    <source href="assembly.xml#//@beans/@mixed.1/@mixed.9/@mixed.3"/>
    <target href="assembly.xml#PutIntegrationMessage0"/>
  </connections>
  <connections type="routesTo" sourceAnchorX="0.4065040650406504" sourceAnchorY="1.0" targetAnchorX="0.31413612565445026" targetAnchorY="0.40540540540540543">
    <source href="assembly.xml#//@beans/@mixed.1/@mixed.13/@mixed.3"/>
    <target href="assembly.xml#PutIntegrationMessage1"/>
  </connections>
  <connections type="routesResponseTo" sourceAnchorX="0.8117647058823529" sourceAnchorY="1.0" targetAnchorX="0.193717277486911" targetAnchorY="0.5945945945945946">
    <source href="assembly.xml#GetEventDocuments"/>
    <target href="assembly.xml#CheckFile"/>
  </connections>
  <connections type="routesResponseTo" sourceAnchorX="1.0" sourceAnchorY="1.0" targetAnchorX="0.09345794392523364" targetAnchorY="0.4675324675324675">
    <source href="assembly.xml#CheckFile"/>
    <target href="assembly.xml#Route"/>
  </connections>
  <connections type="routesTo" sourceAnchorX="0.8188976377952756" sourceAnchorY="1.0" targetAnchorX="0.5916230366492147" targetAnchorY="0.2972972972972973">
    <source href="assembly.xml#//@beans/@mixed.1/@mixed.19/@mixed.3"/>
    <target href="assembly.xml#PutIntegrationMessage2"/>
  </connections>
  <connections type="routesTo" sourceAnchorX="0.45685279187817257" sourceAnchorY="1.0" targetAnchorX="0.4816753926701571" targetAnchorY="0.2972972972972973">
    <source href="assembly.xml#//@beans/@mixed.1/@mixed.23/@mixed.3"/>
    <target href="assembly.xml#PutIntegrationMessage3"/>
  </connections>
  <connections type="routesTo" sourceAnchorX="0.9669421487603306" sourceAnchorY="0.43243243243243246" targetAnchorX="0.06060606060606061" targetAnchorY="0.3783783783783784">
    <source href="assembly.xml#//@beans/@mixed.1/@mixed.43"/>
    <target href="assembly.xml#Note-Error"/>
  </connections>
  <connections type="routesTo" sourceAnchorX="1.0" sourceAnchorY="1.0" targetAnchorX="0.17692307692307693" targetAnchorY="0.512">
    <source href="assembly.xml#//@beans/@mixed.1/@splitter.0/@subRoute.0"/>
    <target href="assembly.xml#WSRequest"/>
  </connections>
  <connections type="routesResponseTo" sourceAnchorX="0.5078534031413613" sourceAnchorY="1.0" targetAnchorX="0.7313432835820896" targetAnchorY="0.17391304347826086">
    <source href="assembly.xml#PutIntegrationMessage1"/>
    <target href="assembly.xml#AsyncMediation1"/>
  </connections>
  <connections type="routesTo" sourceAnchorX="1.0" sourceAnchorY="0.0851063829787234" targetAnchorX="0.31496062992125984" targetAnchorY="0.7837837837837838">
    <source href="assembly.xml#AsyncMediation1"/>
    <target href="assembly.xml#CallAuditLog"/>
    <bendpoints sourceX="326" sourceY="-10" targetX="2" targetY="231"/>
  </connections>
  <swimlanes x="89" y="91" name="Swimlane">
    <elements href="assembly.xml#StartHere"/>
    <elements href="#//@swimlanes.3"/>
    <elements href="assembly.xml#GetEventDocuments"/>
    <elements href="assembly.xml#CheckFile"/>
    <elements href="assembly.xml#Route"/>
    <elements href="#//@swimlanes.4"/>
    <elements href="assembly.xml#CallProcessRecord"/>
  </swimlanes>
  <swimlanes x="96" y="459" name="Swimlane">
    <elements href="assembly.xml#ProcessRecord"/>
    <elements href="assembly.xml#Splitter"/>
    <elements href="#//@swimlanes.5"/>
    <elements href="assembly.xml#WorkdayOutSoap"/>
    <elements href="assembly.xml#CallAuditLog"/>
  </swimlanes>
  <swimlanes x="96" y="912" name="Swimlane">
    <elements href="assembly.xml#AuditLog"/>
    <elements href="#//@swimlanes.6"/>
    <elements href="assembly.xml#Aggregator"/>
    <elements href="#//@swimlanes.7"/>
  </swimlanes>
  <swimlanes x="221" y="169" name="Swimlane" orientation="VERTICAL">
    <elements href="assembly.xml#AsyncMediation"/>
    <elements href="assembly.xml#PutIntegrationMessage"/>
  </swimlanes>
  <swimlanes x="813" y="222" name="Swimlane" orientation="VERTICAL">
    <elements href="assembly.xml#AsyncMediation0"/>
    <elements href="assembly.xml#PutIntegrationMessage0"/>
  </swimlanes>
  <swimlanes x="404" y="568" name="Swimlane" orientation="VERTICAL">
    <elements href="assembly.xml#WSRequest"/>
    <elements href="assembly.xml#PutIntegrationMessage1"/>
    <elements href="assembly.xml#AsyncMediation1"/>
  </swimlanes>
  <swimlanes x="226" y="1014" name="Swimlane" orientation="VERTICAL">
    <elements href="assembly.xml#Write"/>
    <elements href="assembly.xml#PutIntegrationMessage2"/>
  </swimlanes>
  <swimlanes x="618" y="1017" name="Swimlane" orientation="VERTICAL">
    <elements href="assembly.xml#StoreOutputFile"/>
    <elements href="assembly.xml#PutIntegrationMessage3"/>
  </swimlanes>
  <swimlanes x="99" y="1231" name="Swimlane">
    <elements href="assembly.xml#//@beans/@mixed.1/@mixed.43"/>
    <elements href="assembly.xml#Note-Error"/>
  </swimlanes>
</wdnm:Diagram>
