<?xml version="1.0" encoding="UTF-8"?>
<wdnm:Diagram xmlns:wdnm="http://workday.com/studio/editors/notation">
  <element href="assembly.xml#WorkdayAssembly"/>
  <visualProperties x="83" y="139">
    <element href="assembly.xml#StartHere"/>
  </visualProperties>
  <visualProperties x="250" y="149">
    <element href="assembly.xml#AsyncMediation1"/>
  </visualProperties>
  <visualProperties x="1326" y="129">
    <element href="assembly.xml#PutIntegrationMessage"/>
  </visualProperties>
  <visualProperties x="729" y="125">
    <element href="assembly.xml#Route"/>
  </visualProperties>
  <visualProperties x="456" y="129">
    <element href="assembly.xml#GetEventDocuments"/>
  </visualProperties>
  <visualProperties x="83" y="60">
    <element href="assembly.xml#//@beans/@mixed.1/@mixed.11"/>
  </visualProperties>
  <visualProperties x="388" y="60">
    <element href="assembly.xml#Note-Error"/>
  </visualProperties>
  <visualProperties>
    <element href="assembly.xml#ErrorMessage"/>
  </visualProperties>
  <visualProperties x="830" y="513">
    <element href="assembly.xml#AsyncMediation"/>
  </visualProperties>
  <visualProperties x="764" y="127">
    <element href="assembly.xml#AsyncMediation2"/>
  </visualProperties>
  <visualProperties x="877" y="99">
    <element href="assembly.xml#PutIntegrationMessage0"/>
  </visualProperties>
  <visualProperties x="1112" y="316">
    <element href="assembly.xml#English_OR_French"/>
  </visualProperties>
  <visualProperties x="1524" y="308">
    <element href="assembly.xml#AsyncMediation5"/>
  </visualProperties>
  <visualProperties>
    <element href="assembly.xml#AsyncMediation50"/>
  </visualProperties>
  <visualProperties>
    <element href="assembly.xml#AsyncMediation00"/>
  </visualProperties>
  <visualProperties x="2921" y="452">
    <element href="assembly.xml#PutIntegrationMessage1"/>
  </visualProperties>
  <visualProperties x="2370" y="238">
    <element href="assembly.xml#PutIntegrationMessage10"/>
  </visualProperties>
  <visualProperties x="2319" y="121">
    <element href="assembly.xml#PutIntegrationMessage11"/>
  </visualProperties>
  <visualProperties x="1337" y="200">
    <element href="assembly.xml#PutIntegrationMessage12"/>
  </visualProperties>
  <visualProperties x="3173" y="516">
    <element href="assembly.xml#AsyncMediation0"/>
  </visualProperties>
  <visualProperties x="3364" y="417">
    <element href="assembly.xml#PutIntegrationMessage2"/>
  </visualProperties>
  <visualProperties x="3578" y="372">
    <element href="assembly.xml#AsyncMediation3"/>
  </visualProperties>
  <visualProperties x="4048" y="348">
    <element href="assembly.xml#IntegrationComplete"/>
  </visualProperties>
  <visualProperties x="3902" y="406">
    <element href="assembly.xml#ErrorMessage1"/>
  </visualProperties>
  <visualProperties x="3472" y="452">
    <element href="assembly.xml#ErrorMessage10"/>
  </visualProperties>
  <visualProperties x="1322" y="721">
    <element href="assembly.xml#PutIntegrationMessage3"/>
  </visualProperties>
  <connections type="routesResponseTo" sourceAnchorX="0.8108108108108109" sourceAnchorY="1.0" targetAnchorX="0.08333333333333333" targetAnchorY="0.10919540229885058">
    <source href="assembly.xml#GetEventDocuments"/>
    <target href="assembly.xml#Route"/>
  </connections>
  <connections type="routesTo" sourceAnchorX="0.9669421487603306" sourceAnchorY="0.43243243243243246" targetAnchorX="0.06060606060606061" targetAnchorY="0.3783783783783784">
    <source href="assembly.xml#//@beans/@mixed.1/@mixed.11"/>
    <target href="assembly.xml#Note-Error"/>
  </connections>
  <connections type="routesTo" sourceAnchorX="0.5277777777777778" sourceAnchorY="1.0" targetAnchorX="0.5369127516778524" targetAnchorY="0.32432432432432434">
    <source href="assembly.xml#//@beans/@mixed.1/@mixed.7/@mixed.3"/>
    <target href="assembly.xml#ErrorMessage"/>
  </connections>
  <connections type="routesTo" sourceAnchorX="0.7899159663865546" sourceAnchorY="1.0" targetAnchorX="0.013245033112582781" targetAnchorY="0.47244094488188976">
    <source href="assembly.xml#StartHere"/>
    <target href="assembly.xml#AsyncMediation1"/>
  </connections>
  <connections type="routesTo" sourceAnchorX="1.0" sourceAnchorY="0.3229166666666667" targetAnchorX="0.32" targetAnchorY="0.37037037037037035">
    <source href="assembly.xml#AsyncMediation"/>
    <target href="assembly.xml#English_OR_French"/>
  </connections>
  <connections type="routesTo" sourceAnchorX="0.5246913580246914" sourceAnchorY="1.0" targetAnchorX="0.07929515418502203" targetAnchorY="0.5520833333333334">
    <source href="assembly.xml#//@beans/@mixed.1/@route.1/@subRoute.0"/>
    <target href="assembly.xml#AsyncMediation5"/>
  </connections>
  <connections type="routesTo" sourceAnchorX="0.20987654320987653" sourceAnchorY="1.0" targetAnchorX="0.3700440528634361" targetAnchorY="0.6458333333333334">
    <source href="assembly.xml#//@beans/@mixed.1/@route.1/@subRoute.1"/>
    <target href="assembly.xml#AsyncMediation50"/>
  </connections>
  <connections type="routesTo" sourceAnchorX="1.0" sourceAnchorY="0.2604166666666667" targetAnchorX="0.036072144288577156" targetAnchorY="0.6770833333333334">
    <source href="assembly.xml#AsyncMediation5"/>
    <target href="assembly.xml#AsyncMediation00"/>
  </connections>
  <connections type="routesTo" sourceAnchorX="0.23170731707317074" sourceAnchorY="1.0" targetAnchorX="0.6384976525821596" targetAnchorY="0.3783783783783784">
    <source href="assembly.xml#//@beans/@mixed.1/@mixed.27/@mixed.3"/>
    <target href="assembly.xml#PutIntegrationMessage1"/>
  </connections>
  <connections type="routesTo" sourceAnchorX="0.31153846153846154" sourceAnchorY="1.0" targetAnchorX="0.755656108597285" targetAnchorY="0.32432432432432434">
    <source href="assembly.xml#//@beans/@mixed.1/@mixed.25/@mixed.3"/>
    <target href="assembly.xml#PutIntegrationMessage10"/>
  </connections>
  <connections type="routesTo" sourceAnchorX="0.26492537313432835" sourceAnchorY="1.0" targetAnchorX="0.7363636363636363" targetAnchorY="0.4864864864864865">
    <source href="assembly.xml#//@beans/@mixed.1/@mixed.29/@mixed.3"/>
    <target href="assembly.xml#PutIntegrationMessage11"/>
  </connections>
  <connections type="routesTo" sourceAnchorX="0.5641025641025641" sourceAnchorY="1.0" targetAnchorX="0.669683257918552" targetAnchorY="0.4864864864864865">
    <source href="assembly.xml#//@beans/@mixed.1/@mixed.17/@mixed.3"/>
    <target href="assembly.xml#PutIntegrationMessage12"/>
  </connections>
  <connections type="routesTo" sourceAnchorX="1.0" sourceAnchorY="0.25196850393700787" targetAnchorX="0.004008016032064128" targetAnchorY="0.3858267716535433">
    <source href="assembly.xml#AsyncMediation50"/>
    <target href="assembly.xml#AsyncMediation00"/>
  </connections>
  <connections type="routesTo">
    <source href="assembly.xml#//@beans/@mixed.1/@mixed.43/@mixed.3"/>
    <target href="assembly.xml#ErrorMessage1"/>
  </connections>
  <connections type="routesTo">
    <source href="assembly.xml#AsyncMediation00"/>
    <target href="assembly.xml#PutIntegrationMessage"/>
  </connections>
  <connections type="routesResponseTo">
    <source href="assembly.xml#PutIntegrationMessage"/>
    <target href="assembly.xml#AsyncMediation0"/>
  </connections>
  <connections type="routesTo">
    <source href="assembly.xml#AsyncMediation3"/>
    <target href="assembly.xml#IntegrationComplete"/>
  </connections>
  <connections type="routesTo">
    <source href="assembly.xml#AsyncMediation0"/>
    <target href="assembly.xml#PutIntegrationMessage2"/>
  </connections>
  <connections type="routesTo">
    <source href="assembly.xml#//@beans/@mixed.1/@mixed.39/@mixed.3"/>
    <target href="assembly.xml#ErrorMessage10"/>
  </connections>
  <connections type="routesTo">
    <source href="assembly.xml#AsyncMediation1"/>
    <target href="assembly.xml#GetEventDocuments"/>
  </connections>
  <connections type="routesTo">
    <source href="assembly.xml#//@beans/@mixed.1/@route.0/@subRoute.0"/>
    <target href="assembly.xml#AsyncMediation"/>
  </connections>
  <connections type="routesTo">
    <source href="assembly.xml#//@beans/@mixed.1/@route.1/@subRoute.2"/>
    <target href="assembly.xml#PutIntegrationMessage3"/>
  </connections>
  <swimlanes x="83" y="282" bgColor="11599832" name="Swimlane">
    <elements href="assembly.xml#StartHere"/>
    <elements href="#//@swimlanes.2"/>
    <elements href="assembly.xml#GetEventDocuments"/>
    <elements href="assembly.xml#Route"/>
    <elements href="#//@swimlanes.4"/>
    <elements href="assembly.xml#English_OR_French"/>
    <elements href="assembly.xml#PutIntegrationMessage3"/>
    <elements href="#//@swimlanes.8"/>
    <elements href="assembly.xml#PutIntegrationMessage"/>
    <elements href="#//@swimlanes.12"/>
    <elements href="assembly.xml#PutIntegrationMessage2"/>
    <elements href="#//@swimlanes.11"/>
    <elements href="assembly.xml#IntegrationComplete"/>
  </swimlanes>
  <swimlanes x="83" y="57" bgColor="2960895" name="Global Error Handler">
    <elements href="assembly.xml#//@beans/@mixed.1/@mixed.11"/>
    <elements href="assembly.xml#Note-Error"/>
  </swimlanes>
  <swimlanes x="216" y="273" name="Swimlane" orientation="VERTICAL">
    <elements href="assembly.xml#AsyncMediation1"/>
    <elements href="assembly.xml#ErrorMessage"/>
  </swimlanes>
  <swimlanes x="485" y="27" name="DNU">
    <elements href="assembly.xml#AsyncMediation2"/>
    <elements href="assembly.xml#PutIntegrationMessage0"/>
  </swimlanes>
  <swimlanes x="441" y="277" name="Check If English Or French" orientation="VERTICAL">
    <elements href="assembly.xml#AsyncMediation"/>
    <elements href="assembly.xml#PutIntegrationMessage12"/>
  </swimlanes>
  <swimlanes x="1710" y="301" name="Language Specific Transformation" orientation="VERTICAL" elements="//@swimlanes.6 //@swimlanes.10"/>
  <swimlanes x="1732" y="323" name="English Transformation" orientation="VERTICAL">
    <elements href="assembly.xml#AsyncMediation5"/>
    <elements href="assembly.xml#PutIntegrationMessage10"/>
  </swimlanes>
  <swimlanes x="1780" y="103" name="Filter French" orientation="VERTICAL">
    <elements href="assembly.xml#AsyncMediation50"/>
    <elements href="assembly.xml#PutIntegrationMessage11"/>
  </swimlanes>
  <swimlanes x="1315" y="315" bgColor="12574719" name="Processing Of Connector Data" elements="//@swimlanes.5 //@swimlanes.9"/>
  <swimlanes x="1969" y="367" name="Common Transformation" orientation="VERTICAL">
    <elements href="assembly.xml#AsyncMediation00"/>
    <elements href="assembly.xml#PutIntegrationMessage1"/>
  </swimlanes>
  <swimlanes x="1390" y="681" name="French Transformation" elements="//@swimlanes.7"/>
  <swimlanes x="3658" y="342" name="Swimlane" orientation="VERTICAL">
    <elements href="assembly.xml#AsyncMediation3"/>
    <elements href="assembly.xml#ErrorMessage1"/>
  </swimlanes>
  <swimlanes x="3118" y="376" name="Swimlane" orientation="VERTICAL">
    <elements href="assembly.xml#AsyncMediation0"/>
    <elements href="assembly.xml#ErrorMessage10"/>
  </swimlanes>
</wdnm:Diagram>
