<?xml version="1.0" encoding="UTF-8"?>
<wdnm:Diagram xmlns:wdnm="http://workday.com/studio/editors/notation">
  <element href="assembly.xml#WorkdayAssembly"/>
  <visualProperties x="145" y="184">
    <element href="assembly.xml#StartHere"/>
  </visualProperties>
  <visualProperties x="339" y="191">
    <element href="assembly.xml#WorkdayOutRest"/>
  </visualProperties>
  <visualProperties x="424" y="137">
    <element href="assembly.xml#AsyncMediation"/>
  </visualProperties>
  <visualProperties x="628" y="155">
    <element href="assembly.xml#Splitter"/>
  </visualProperties>
  <visualProperties x="798" y="193">
    <element href="assembly.xml#WorkdayOutSoap"/>
  </visualProperties>
  <visualProperties x="216" y="175">
    <element href="assembly.xml#AsyncMediation0"/>
  </visualProperties>
  <visualProperties x="799" y="393">
    <element href="assembly.xml#ValidationOn"/>
  </visualProperties>
  <visualProperties x="1381" y="246">
    <element href="assembly.xml#AsyncMediation1"/>
  </visualProperties>
  <visualProperties x="1055" y="201">
    <element href="assembly.xml#AsyncMediation2"/>
  </visualProperties>
  <visualProperties x="1029" y="356">
    <element href="assembly.xml#ValidationOn0"/>
  </visualProperties>
  <visualProperties x="1380" y="356">
    <element href="assembly.xml#WorkdayOutSoap0"/>
  </visualProperties>
  <visualProperties x="1683" y="199">
    <element href="assembly.xml#AsyncMediation3"/>
  </visualProperties>
  <visualProperties>
    <element href="assembly.xml#Log"/>
  </visualProperties>
  <visualProperties>
    <element href="assembly.xml#AsyncMediation12"/>
  </visualProperties>
  <visualProperties>
    <element href="assembly.xml#CloseAggregator"/>
  </visualProperties>
  <visualProperties>
    <element href="assembly.xml#Aggregator"/>
  </visualProperties>
  <visualProperties>
    <element href="assembly.xml#AsyncMediation13"/>
  </visualProperties>
  <visualProperties>
    <element href="assembly.xml#PutIntegrationMessage2"/>
  </visualProperties>
  <visualProperties x="2074" y="502">
    <element href="assembly.xml#CallAddSuccessLog"/>
  </visualProperties>
  <visualProperties x="1546" y="536">
    <element href="assembly.xml#CallAddErrorLog"/>
  </visualProperties>
  <visualProperties x="1748" y="570">
    <element href="assembly.xml#CallAddErrorLog0"/>
  </visualProperties>
  <visualProperties x="276" y="130">
    <element href="assembly.xml#CallReport"/>
  </visualProperties>
  <visualProperties x="74" y="336">
    <element href="assembly.xml#Report"/>
  </visualProperties>
  <visualProperties x="450" y="100">
    <element href="assembly.xml#CloseAgg"/>
  </visualProperties>
  <visualProperties x="734" y="37">
    <element href="assembly.xml#WorkdayOutRest0"/>
  </visualProperties>
  <visualProperties x="1144" y="48">
    <element href="assembly.xml#AsyncMediation4"/>
  </visualProperties>
  <visualProperties x="2801" y="429">
    <element href="assembly.xml#AsyncMediation5"/>
  </visualProperties>
  <visualProperties x="1775" y="532">
    <element href="assembly.xml#PutIntegrationMessage"/>
  </visualProperties>
  <visualProperties x="1842" y="469">
    <element href="assembly.xml#AsyncMediation6"/>
  </visualProperties>
  <visualProperties x="4108" y="948">
    <element href="assembly.xml#Route0"/>
  </visualProperties>
  <visualProperties x="4324" y="880">
    <element href="assembly.xml#AsyncMediation20"/>
  </visualProperties>
  <visualProperties x="234" y="39">
    <element href="assembly.xml#AsyncMediation7"/>
  </visualProperties>
  <visualProperties x="1309" y="35">
    <element href="assembly.xml#CallAddErrorLog1"/>
  </visualProperties>
  <visualProperties x="1452" y="1624">
    <element href="assembly.xml#WorkdayOutRest00"/>
  </visualProperties>
  <visualProperties x="1792" y="750">
    <element href="assembly.xml#AsyncMediation8"/>
  </visualProperties>
  <visualProperties x="4792" y="984">
    <element href="assembly.xml#WorkdayOutRest01"/>
  </visualProperties>
  <visualProperties x="2652" y="1712">
    <element href="assembly.xml#AsyncMediation21"/>
  </visualProperties>
  <visualProperties x="470" y="50">
    <element href="assembly.xml#CallInputFile"/>
  </visualProperties>
  <visualProperties x="128" y="1676">
    <element href="assembly.xml#InputFile"/>
  </visualProperties>
  <visualProperties x="868" y="1944">
    <element href="assembly.xml#InputFile_Retrieval"/>
  </visualProperties>
  <visualProperties x="660" y="1984">
    <element href="assembly.xml#WorkdayOutSoap00"/>
  </visualProperties>
  <visualProperties x="928" y="2000">
    <element href="assembly.xml#AsyncMediation200"/>
  </visualProperties>
  <visualProperties x="2432" y="1708">
    <element href="assembly.xml#AsyncMediation2000"/>
  </visualProperties>
  <visualProperties x="1652" y="1960">
    <element href="assembly.xml#WorkdayOutSoap1"/>
  </visualProperties>
  <visualProperties x="4876" y="1480">
    <element href="assembly.xml#Splitter0"/>
  </visualProperties>
  <visualProperties x="1230" y="1742">
    <element href="assembly.xml#AsyncMediation9"/>
  </visualProperties>
  <visualProperties x="4588" y="1620">
    <element href="assembly.xml#ValidationOn00"/>
  </visualProperties>
  <visualProperties x="5092" y="1612">
    <element href="assembly.xml#ValidationOn01"/>
  </visualProperties>
  <visualProperties x="4346" y="934">
    <element href="assembly.xml#AsyncMediation10"/>
  </visualProperties>
  <visualProperties x="4320" y="1972">
    <element href="assembly.xml#CallAddSuccessLog0"/>
  </visualProperties>
  <connections type="routesResponseTo" sourceAnchorX="0.7164948453608248" sourceAnchorY="1.0" targetAnchorX="0.12121212121212122" targetAnchorY="0.6149425287356322">
    <source href="assembly.xml#WorkdayOutRest"/>
    <target href="assembly.xml#Splitter"/>
  </connections>
  <connections type="routesTo" sourceAnchorX="0.5449438202247191" sourceAnchorY="1.0" targetAnchorX="0.30927835051546393" targetAnchorY="0.5675675675675675">
    <source href="assembly.xml#AsyncMediation0"/>
    <target href="assembly.xml#WorkdayOutRest"/>
  </connections>
  <connections type="routesTo" sourceAnchorX="0.680672268907563" sourceAnchorY="1.0" targetAnchorX="0.30337078651685395" targetAnchorY="0.37755102040816324">
    <source href="assembly.xml#//@beans/@mixed.1/@splitter.0/@subRoute.0"/>
    <target href="assembly.xml#AsyncMediation"/>
  </connections>
  <connections type="routesTo" sourceAnchorX="1.0" sourceAnchorY="0.21428571428571427" targetAnchorX="0.05527638190954774" targetAnchorY="0.6756756756756757">
    <source href="assembly.xml#ValidationOn"/>
    <target href="assembly.xml#WorkdayOutSoap"/>
  </connections>
  <connections type="routesResponseTo" sourceAnchorX="0.5527638190954773" sourceAnchorY="1.0" targetAnchorX="0.34831460674157305" targetAnchorY="0.6521739130434783">
    <source href="assembly.xml#WorkdayOutSoap"/>
    <target href="assembly.xml#AsyncMediation1"/>
  </connections>
  <connections type="routesTo" sourceAnchorX="1.0" sourceAnchorY="0.24489795918367346" targetAnchorX="0.3464052287581699" targetAnchorY="0.6938775510204082">
    <source href="assembly.xml#AsyncMediation2"/>
    <target href="assembly.xml#ValidationOn0"/>
  </connections>
  <connections type="routesTo" sourceAnchorX="1.0" sourceAnchorY="0.23469387755102042" targetAnchorX="0.11483253588516747" targetAnchorY="0.7837837837837838">
    <source href="assembly.xml#ValidationOn0"/>
    <target href="assembly.xml#WorkdayOutSoap0"/>
  </connections>
  <connections type="routesResponseTo" sourceAnchorX="0.28708133971291866" sourceAnchorY="1.0" targetAnchorX="0.1853932584269663" targetAnchorY="0.6122448979591837">
    <source href="assembly.xml#WorkdayOutSoap0"/>
    <target href="assembly.xml#AsyncMediation3"/>
  </connections>
  <connections type="routesTo" sourceAnchorX="1.0" sourceAnchorY="0.3163265306122449" targetAnchorX="0.5747663551401869" targetAnchorY="0.7027027027027027">
    <source href="assembly.xml#AsyncMediation3"/>
    <target href="assembly.xml#WorkdayOutRest01"/>
  </connections>
  <connections type="routesTo" sourceAnchorX="1.0" sourceAnchorY="0.40540540540540543" targetAnchorX="0.1347517730496454" targetAnchorY="0.6521739130434783">
    <source href="assembly.xml#Log"/>
    <target href="assembly.xml#AsyncMediation12"/>
  </connections>
  <connections type="routesTo" sourceAnchorX="1.0" sourceAnchorY="0.14893617021276595" targetAnchorX="0.2549019607843137" targetAnchorY="0.5471698113207547">
    <source href="assembly.xml#AsyncMediation12"/>
    <target href="assembly.xml#Aggregator"/>
  </connections>
  <connections type="routesTo" sourceAnchorX="0.56" sourceAnchorY="1.0" targetAnchorX="0.28104575163398693" targetAnchorY="0.18867924528301888">
    <source href="assembly.xml#CloseAggregator"/>
    <target href="assembly.xml#Aggregator"/>
  </connections>
  <connections type="routesTo" sourceAnchorX="1.0" sourceAnchorY="0.16037735849056603" targetAnchorX="0.15602836879432624" targetAnchorY="0.7872340425531915">
    <source href="assembly.xml#Aggregator"/>
    <target href="assembly.xml#AsyncMediation13"/>
  </connections>
  <connections type="routesTo" sourceAnchorX="1.0" sourceAnchorY="0.2872340425531915" targetAnchorX="0.3036649214659686" targetAnchorY="0.8918918918918919">
    <source href="assembly.xml#AsyncMediation13"/>
    <target href="assembly.xml#PutIntegrationMessage2"/>
  </connections>
  <connections type="routesTo" sourceAnchorX="1.0" sourceAnchorY="0.21428571428571427" targetAnchorX="0.15207373271889402" targetAnchorY="0.5675675675675675">
    <source href="assembly.xml#AsyncMediation1"/>
    <target href="assembly.xml#CallAddSuccessLog"/>
  </connections>
  <connections type="routesTo" sourceAnchorX="0.30994152046783624" sourceAnchorY="1.0" targetAnchorX="0.6030150753768844" targetAnchorY="0.918918918918919">
    <source href="assembly.xml#//@beans/@mixed.1/@mixed.23/@mixed.3"/>
    <target href="assembly.xml#CallAddErrorLog0"/>
  </connections>
  <connections type="routesTo" sourceAnchorX="0.8731343283582089" sourceAnchorY="1.0" targetAnchorX="0.6629213483146067" targetAnchorY="0.7755102040816326">
    <source href="assembly.xml#StartHere"/>
    <target href="assembly.xml#AsyncMediation7"/>
  </connections>
  <connections type="routesTo" sourceAnchorX="0.5315315315315315" sourceAnchorY="1.0" targetAnchorX="0.9101123595505618" targetAnchorY="0.30612244897959184">
    <source href="assembly.xml#Report"/>
    <target href="assembly.xml#AsyncMediation0"/>
  </connections>
  <connections type="routesResponseTo" sourceAnchorX="0.9225352112676056" sourceAnchorY="1.0" targetAnchorX="0.6791044776119403" targetAnchorY="0.3783783783783784">
    <source href="assembly.xml#CallReport"/>
    <target href="assembly.xml#CloseAgg"/>
  </connections>
  <connections type="routesResponseTo" sourceAnchorX="0.6176470588235294" sourceAnchorY="1.0" targetAnchorX="0.33707865168539325" targetAnchorY="0.40816326530612246">
    <source href="assembly.xml#WorkdayOutRest0"/>
    <target href="assembly.xml#AsyncMediation4"/>
  </connections>
  <connections type="routesTo" sourceAnchorX="0.651685393258427" sourceAnchorY="1.0" targetAnchorX="0.7132867132867133" targetAnchorY="0.5612244897959183">
    <source href="assembly.xml#AsyncMediation5"/>
    <target href="assembly.xml#ValidationOn"/>
  </connections>
  <connections type="routesResponseTo" sourceAnchorX="0.7566137566137566" sourceAnchorY="1.0" targetAnchorX="0.35684647302904565" targetAnchorY="0.43243243243243246">
    <source href="assembly.xml#CallAddErrorLog"/>
    <target href="assembly.xml#PutIntegrationMessage"/>
  </connections>
  <connections type="routesTo" sourceAnchorX="1.0" sourceAnchorY="0.18478260869565216" targetAnchorX="0.5073529411764706" targetAnchorY="0.125">
    <source href="assembly.xml#AsyncMediation6"/>
    <target href="assembly.xml#Route0"/>
  </connections>
  <connections type="routesTo" sourceAnchorX="0.7076023391812866" sourceAnchorY="1.0" targetAnchorX="0.2752808988764045" targetAnchorY="0.25510204081632654">
    <source href="assembly.xml#//@beans/@mixed.1/@mixed.17/@mixed.3"/>
    <target href="assembly.xml#AsyncMediation6"/>
  </connections>
  <connections type="routesTo" sourceAnchorX="0.19337016574585636" sourceAnchorY="1.0" targetAnchorX="0.8412698412698413" targetAnchorY="0.13513513513513514">
    <source href="assembly.xml#//@beans/@mixed.1/@mixed.61/@mixed.3"/>
    <target href="assembly.xml#CallAddErrorLog"/>
  </connections>
  <connections type="routesTo" sourceAnchorX="0.9349593495934959" sourceAnchorY="1.0" targetAnchorX="0.14893617021276595" targetAnchorY="0.627906976744186">
    <source href="assembly.xml#//@beans/@mixed.1/@route.0/@subRoute.0"/>
    <target href="assembly.xml#AsyncMediation20"/>
  </connections>
  <connections type="routesTo" sourceAnchorX="0.6422764227642277" sourceAnchorY="1.0" targetAnchorX="0.8835978835978836" targetAnchorY="0.35135135135135137">
    <source href="assembly.xml#//@beans/@mixed.1/@route.0/@subRoute.1"/>
    <target href="assembly.xml#CallAddErrorLog"/>
  </connections>
  <connections type="routesTo" sourceAnchorX="1.0" sourceAnchorY="0.17829457364341086" targetAnchorX="0.43790849673202614" targetAnchorY="0.8061224489795918">
    <source href="assembly.xml#AsyncMediation20"/>
    <target href="assembly.xml#ValidationOn0"/>
  </connections>
  <connections type="routesTo" sourceAnchorX="1.0" sourceAnchorY="0.6333333333333333" targetAnchorX="0.47738693467336685" targetAnchorY="0.35135135135135137">
    <source href="assembly.xml#//@beans/@mixed.1/@mixed.53/@mixed.3"/>
    <target href="assembly.xml#CallAddErrorLog0"/>
  </connections>
  <connections type="routesTo" sourceAnchorX="1.0" sourceAnchorY="0.1326530612244898" targetAnchorX="0.0641025641025641" targetAnchorY="0.40540540540540543">
    <source href="assembly.xml#AsyncMediation7"/>
    <target href="assembly.xml#CallInputFile"/>
  </connections>
  <connections type="routesTo" sourceAnchorX="0.0" sourceAnchorY="0.7333333333333333" targetAnchorX="0.3316582914572864" targetAnchorY="0.10810810810810811">
    <source href="assembly.xml#//@beans/@mixed.1/@mixed.5/@mixed.3"/>
    <target href="assembly.xml#CallAddErrorLog1"/>
  </connections>
  <connections type="routesResponseTo" sourceAnchorX="0.897196261682243" sourceAnchorY="1.0" targetAnchorX="0.19101123595505617" targetAnchorY="0.5918367346938775">
    <source href="assembly.xml#WorkdayOutRest00"/>
    <target href="assembly.xml#AsyncMediation8"/>
  </connections>
  <connections type="routesTo" sourceAnchorX="1.0" sourceAnchorY="0.3469387755102041" targetAnchorX="0.1308411214953271" targetAnchorY="0.972972972972973">
    <source href="assembly.xml#AsyncMediation4"/>
    <target href="assembly.xml#WorkdayOutRest00"/>
  </connections>
  <connections type="routesTo" sourceAnchorX="1.0" sourceAnchorY="0.21705426356589147" targetAnchorX="0.09313725490196079" targetAnchorY="0.5405405405405406">
    <source href="assembly.xml#AsyncMediation"/>
    <target href="assembly.xml#WorkdayOutRest0"/>
  </connections>
  <connections type="routesResponseTo" sourceAnchorX="0.5327102803738317" sourceAnchorY="1.0" targetAnchorX="0.21348314606741572" targetAnchorY="0.5426356589147286">
    <source href="assembly.xml#WorkdayOutRest01"/>
    <target href="assembly.xml#AsyncMediation5"/>
  </connections>
  <connections type="routesTo" sourceAnchorX="1.0" sourceAnchorY="0.09302325581395349" targetAnchorX="0.7450980392156863" targetAnchorY="0.4897959183673469">
    <source href="assembly.xml#AsyncMediation21"/>
    <target href="assembly.xml#ValidationOn0"/>
  </connections>
  <connections type="routesTo" sourceAnchorX="0.47959183673469385" sourceAnchorY="1.0" targetAnchorX="0.5714285714285714" targetAnchorY="0.6216216216216216">
    <source href="assembly.xml#//@beans/@mixed.1/@mixed.73/@mixed.3"/>
    <target href="assembly.xml#CallAddErrorLog"/>
  </connections>
  <connections type="routesTo" sourceAnchorX="1.0" sourceAnchorY="0.22448979591836735" targetAnchorX="0.10317460317460317" targetAnchorY="0.3875968992248062">
    <source href="assembly.xml#AsyncMediation8"/>
    <target href="assembly.xml#AsyncMediation2"/>
  </connections>
  <connections type="routesResponseTo" sourceAnchorX="0.7564102564102564" sourceAnchorY="1.0" targetAnchorX="0.36619718309859156" targetAnchorY="0.5135135135135135">
    <source href="assembly.xml#CallInputFile"/>
    <target href="assembly.xml#CallReport"/>
  </connections>
  <connections type="routesTo" sourceAnchorX="1.0" sourceAnchorY="0.5945945945945946" targetAnchorX="0.19166666666666668" targetAnchorY="0.046511627906976744">
    <source href="assembly.xml#InputFile"/>
    <target href="assembly.xml#InputFile_Retrieval"/>
  </connections>
  <connections type="routesTo" sourceAnchorX="1.0" sourceAnchorY="0.23255813953488372" targetAnchorX="0.553030303030303" targetAnchorY="0.6149425287356322">
    <source href="assembly.xml#InputFile_Retrieval"/>
    <target href="assembly.xml#Splitter0"/>
  </connections>
  <connections type="routesTo" sourceAnchorX="1.0" sourceAnchorY="0.24031007751937986" targetAnchorX="0.22085889570552147" targetAnchorY="0.29591836734693877">
    <source href="assembly.xml#AsyncMediation200"/>
    <target href="assembly.xml#ValidationOn00"/>
  </connections>
  <connections type="routesResponseTo" sourceAnchorX="0.8904109589041096" sourceAnchorY="1.0" targetAnchorX="0.9831460674157303" targetAnchorY="0.09183673469387756">
    <source href="assembly.xml#WorkdayOutSoap00"/>
    <target href="assembly.xml#AsyncMediation9"/>
  </connections>
  <connections type="routesTo" sourceAnchorX="1.0" sourceAnchorY="0.2857142857142857" targetAnchorX="0.8098159509202454" targetAnchorY="0.7551020408163265">
    <source href="assembly.xml#AsyncMediation2000"/>
    <target href="assembly.xml#ValidationOn01"/>
  </connections>
  <connections type="routesTo" sourceAnchorX="0.9243697478991597" sourceAnchorY="1.0" targetAnchorX="0.04040404040404041" targetAnchorY="0.35714285714285715">
    <source href="assembly.xml#//@beans/@mixed.1/@mixed.89/@subRoute.0"/>
    <target href="assembly.xml#AsyncMediation200"/>
  </connections>
  <connections type="routesTo" sourceAnchorX="1.0" sourceAnchorY="0.2653061224489796" targetAnchorX="0.08133971291866028" targetAnchorY="0.4864864864864865">
    <source href="assembly.xml#ValidationOn01"/>
    <target href="assembly.xml#WorkdayOutSoap1"/>
  </connections>
  <connections type="routesResponseTo" sourceAnchorX="0.8660287081339713" sourceAnchorY="1.0" targetAnchorX="0.2849740932642487" targetAnchorY="0.6020408163265306">
    <source href="assembly.xml#WorkdayOutSoap1"/>
    <target href="assembly.xml#AsyncMediation10"/>
  </connections>
  <connections type="routesTo" sourceAnchorX="1.0" sourceAnchorY="0.25510204081632654" targetAnchorX="0.12334801762114538" targetAnchorY="0.24324324324324326">
    <source href="assembly.xml#AsyncMediation10"/>
    <target href="assembly.xml#CallAddSuccessLog0"/>
  </connections>
  <connections type="routesTo" sourceAnchorX="0.27860696517412936" sourceAnchorY="1.0" targetAnchorX="0.2751322751322751" targetAnchorY="0.6756756756756757">
    <source href="assembly.xml#//@beans/@mixed.1/@mixed.85/@mixed.3"/>
    <target href="assembly.xml#CallAddErrorLog"/>
  </connections>
  <connections type="routesTo" sourceAnchorX="0.12041884816753927" sourceAnchorY="1.0" targetAnchorX="0.37566137566137564" targetAnchorY="0.6756756756756757">
    <source href="assembly.xml#//@beans/@mixed.1/@mixed.83/@mixed.3"/>
    <target href="assembly.xml#CallAddErrorLog"/>
  </connections>
  <connections type="routesTo" sourceAnchorX="1.0" sourceAnchorY="0.1836734693877551" targetAnchorX="0.0639269406392694" targetAnchorY="0.32432432432432434">
    <source href="assembly.xml#ValidationOn00"/>
    <target href="assembly.xml#WorkdayOutSoap00"/>
  </connections>
  <connections type="routesTo" sourceAnchorX="1.0" sourceAnchorY="0.16326530612244897" targetAnchorX="0.10576923076923077" targetAnchorY="0.6046511627906976">
    <source href="assembly.xml#AsyncMediation9"/>
    <target href="assembly.xml#AsyncMediation2000"/>
  </connections>
  <swimlanes x="62" y="193" name="Swimlane" alignment="MIDDLE">
    <elements href="assembly.xml#Report"/>
    <elements href="assembly.xml#AsyncMediation0"/>
    <elements href="assembly.xml#WorkdayOutRest"/>
    <elements href="assembly.xml#Splitter"/>
    <elements href="#//@swimlanes.8"/>
    <elements href="assembly.xml#WorkdayOutRest0"/>
    <elements href="assembly.xml#AsyncMediation4"/>
    <elements href="assembly.xml#WorkdayOutRest00"/>
    <elements href="assembly.xml#AsyncMediation8"/>
    <elements href="#//@swimlanes.3"/>
    <elements href="#//@swimlanes.7"/>
    <elements href="assembly.xml#ValidationOn0"/>
    <elements href="assembly.xml#WorkdayOutSoap0"/>
    <elements href="#//@swimlanes.4"/>
    <elements href="assembly.xml#WorkdayOutRest01"/>
    <elements href="assembly.xml#AsyncMediation5"/>
    <elements href="assembly.xml#ValidationOn"/>
    <elements href="assembly.xml#WorkdayOutSoap"/>
    <elements href="assembly.xml#AsyncMediation1"/>
    <elements href="assembly.xml#CallAddSuccessLog"/>
  </swimlanes>
  <swimlanes bgColor="12632256" name="Swimlane" orientation="VERTICAL" alignment="MIDDLE">
    <elements href="assembly.xml#CloseAggregator"/>
    <elements href="assembly.xml#Aggregator"/>
  </swimlanes>
  <swimlanes x="56" y="540" bgColor="16777215" name="Swimlane" alignment="MIDDLE">
    <elements href="assembly.xml#Log"/>
    <elements href="assembly.xml#AsyncMediation12"/>
    <elements href="#//@swimlanes.1"/>
    <elements href="assembly.xml#AsyncMediation13"/>
    <elements href="assembly.xml#PutIntegrationMessage2"/>
  </swimlanes>
  <swimlanes x="1002" y="264" name="Swimlane" orientation="VERTICAL" alignment="MIDDLE">
    <elements href="assembly.xml#AsyncMediation2"/>
    <elements href="assembly.xml#AsyncMediation6"/>
    <elements href="assembly.xml#Route0"/>
    <elements href="assembly.xml#CallAddErrorLog"/>
    <elements href="assembly.xml#PutIntegrationMessage"/>
    <elements href="assembly.xml#AsyncMediation21"/>
  </swimlanes>
  <swimlanes x="1638" y="322" name="Swimlane" orientation="VERTICAL" alignment="MIDDLE">
    <elements href="assembly.xml#AsyncMediation3"/>
    <elements href="assembly.xml#CallAddErrorLog0"/>
  </swimlanes>
  <swimlanes x="706" y="17" name="Swimlane">
    <elements href="assembly.xml#StartHere"/>
    <elements href="assembly.xml#AsyncMediation7"/>
    <elements href="assembly.xml#CallInputFile"/>
    <elements href="assembly.xml#CallReport"/>
    <elements href="assembly.xml#CloseAgg"/>
  </swimlanes>
  <swimlanes x="-216" y="23" name="Swimlane" orientation="VERTICAL" elements="//@swimlanes.5 //@swimlanes.0 //@swimlanes.2 //@swimlanes.9"/>
  <swimlanes x="1892" y="898" name="Swimlane">
    <elements href="assembly.xml#AsyncMediation20"/>
  </swimlanes>
  <swimlanes x="1137" y="19" name="Swimlane" orientation="VERTICAL" alignment="MIDDLE">
    <elements href="assembly.xml#AsyncMediation"/>
    <elements href="assembly.xml#CallAddErrorLog1"/>
  </swimlanes>
  <swimlanes x="82" y="1601" name="Swimlane" alignment="MIDDLE">
    <elements href="assembly.xml#InputFile"/>
    <elements href="assembly.xml#InputFile_Retrieval"/>
    <elements href="assembly.xml#Splitter0"/>
    <elements href="assembly.xml#AsyncMediation200"/>
    <elements href="assembly.xml#ValidationOn00"/>
    <elements href="assembly.xml#WorkdayOutSoap00"/>
    <elements href="assembly.xml#AsyncMediation9"/>
    <elements href="assembly.xml#AsyncMediation2000"/>
    <elements href="assembly.xml#ValidationOn01"/>
    <elements href="assembly.xml#WorkdayOutSoap1"/>
    <elements href="assembly.xml#AsyncMediation10"/>
    <elements href="assembly.xml#CallAddSuccessLog0"/>
  </swimlanes>
</wdnm:Diagram>
