<?xml version="1.0" encoding="UTF-8"?>
<wdnm:Diagram xmlns:wdnm="http://workday.com/studio/editors/notation">
  <element href="assembly.xml#WorkdayAssembly"/>
  <visualProperties>
    <element href="assembly.xml#StartHere"/>
  </visualProperties>
  <visualProperties>
    <element href="assembly.xml#AsyncMediation0"/>
  </visualProperties>
  <visualProperties>
    <element href="assembly.xml#WorkdayOutRest"/>
  </visualProperties>
  <visualProperties>
    <element href="assembly.xml#Splitter"/>
  </visualProperties>
  <visualProperties>
    <element href="assembly.xml#AsyncMediation1"/>
  </visualProperties>
  <visualProperties>
    <element href="assembly.xml#Aggregator"/>
  </visualProperties>
  <visualProperties>
    <element href="assembly.xml#AsyncMediation"/>
  </visualProperties>
  <visualProperties>
    <element href="assembly.xml#//@beans/@mixed.1/@mixed.3"/>
  </visualProperties>
  <visualProperties>
    <element href="assembly.xml#Note-Error"/>
  </visualProperties>
  <visualProperties x="727" y="388">
    <element href="assembly.xml#SyncMediation"/>
  </visualProperties>
  <visualProperties x="941" y="443">
    <element href="assembly.xml#WorkdayOutSoap"/>
  </visualProperties>
  <visualProperties x="582" y="520">
    <element href="assembly.xml#Call1_in"/>
  </visualProperties>
  <visualProperties x="791" y="203">
    <element href="assembly.xml#AsyncMediation2"/>
  </visualProperties>
  <visualProperties x="1593" y="290">
    <element href="assembly.xml#AsyncMediation3"/>
  </visualProperties>
  <visualProperties x="1883" y="176">
    <element href="assembly.xml#Aggregator0"/>
  </visualProperties>
  <visualProperties x="780" y="229">
    <element href="assembly.xml#AddProjectResManagers"/>
  </visualProperties>
  <connections type="routesTo" sourceAnchorX="1.0" sourceAnchorY="0.5135135135135135" targetAnchorX="0.006622516556291391" targetAnchorY="0.3541666666666667">
    <source href="assembly.xml#StartHere"/>
    <target href="assembly.xml#AsyncMediation0"/>
  </connections>
  <connections type="routesTo" sourceAnchorX="1.0" sourceAnchorY="0.40625" targetAnchorX="0.052941176470588235" targetAnchorY="0.3783783783783784">
    <source href="assembly.xml#AsyncMediation0"/>
    <target href="assembly.xml#WorkdayOutRest"/>
  </connections>
  <connections type="routesTo" sourceAnchorX="1.0" sourceAnchorY="0.2916666666666667" targetAnchorX="0.040229885057471264" targetAnchorY="0.7735849056603774">
    <source href="assembly.xml#AsyncMediation1"/>
    <target href="assembly.xml#Aggregator"/>
  </connections>
  <connections type="routesTo" sourceAnchorX="0.9669421487603306" sourceAnchorY="0.43243243243243246" targetAnchorX="0.06060606060606061" targetAnchorY="0.3783783783783784">
    <source href="assembly.xml#//@beans/@mixed.1/@mixed.3"/>
    <target href="assembly.xml#Note-Error"/>
  </connections>
  <connections type="routesTo" sourceAnchorX="0.8431372549019608" sourceAnchorY="0.4391891891891892" targetAnchorX="0.06976744186046512" targetAnchorY="0.2702702702702703">
    <source href="assembly.xml#SyncMediation"/>
    <target href="assembly.xml#WorkdayOutSoap"/>
  </connections>
  <connections type="routesTo" sourceAnchorX="1.0" sourceAnchorY="1.0" targetAnchorX="0.04477611940298507" targetAnchorY="0.11702127659574468">
    <source href="assembly.xml#//@beans/@mixed.1/@splitter.0/@subRoute.0"/>
    <target href="assembly.xml#AsyncMediation1"/>
  </connections>
  <connections type="routesResponseTo" sourceAnchorX="0.8389261744966443" sourceAnchorY="1.0" targetAnchorX="0.12686567164179105" targetAnchorY="0.723404255319149">
    <source href="assembly.xml#WorkdayOutRest"/>
    <target href="assembly.xml#AsyncMediation2"/>
  </connections>
  <connections type="routesTo" sourceAnchorX="1.0" sourceAnchorY="0.2765957446808511" targetAnchorX="0.5887850467289719" targetAnchorY="0.22727272727272727">
    <source href="assembly.xml#AsyncMediation2"/>
    <target href="assembly.xml#Splitter"/>
  </connections>
  <connections type="routesTo" sourceAnchorX="1.0" sourceAnchorY="0.16037735849056603" targetAnchorX="0.10454545454545454" targetAnchorY="0.48936170212765956">
    <source href="assembly.xml#Aggregator"/>
    <target href="assembly.xml#AsyncMediation"/>
  </connections>
  <swimlanes name="Swimlane" orientation="VERTICAL">
    <elements href="assembly.xml#AsyncMediation0"/>
  </swimlanes>
  <swimlanes name="Swimlane" orientation="VERTICAL">
    <elements href="assembly.xml#AsyncMediation1"/>
  </swimlanes>
  <swimlanes name="Swimlane" orientation="VERTICAL">
    <elements href="assembly.xml#AsyncMediation"/>
    <elements href="assembly.xml#AsyncMediation3"/>
  </swimlanes>
  <swimlanes name="Swimlane">
    <elements href="assembly.xml#StartHere"/>
    <elements href="#//@swimlanes.0"/>
    <elements href="assembly.xml#WorkdayOutRest"/>
    <elements href="assembly.xml#AddProjectResManagers"/>
    <elements href="assembly.xml#AsyncMediation2"/>
    <elements href="assembly.xml#Splitter"/>
    <elements href="#//@swimlanes.1"/>
    <elements href="#//@swimlanes.7"/>
    <elements href="#//@swimlanes.2"/>
    <elements href="#//@swimlanes.8"/>
  </swimlanes>
  <swimlanes name="Swimlane">
    <elements href="assembly.xml#//@beans/@mixed.1/@mixed.3"/>
    <elements href="assembly.xml#Note-Error"/>
  </swimlanes>
  <swimlanes x="272" y="69" name="Swimlane" orientation="VERTICAL">
    <elements href="#//@swimlanes.3"/>
    <elements href="#//@swimlanes.4"/>
    <elements href="assembly.xml#SyncMediation"/>
    <elements href="assembly.xml#Call1_in"/>
    <elements href="assembly.xml#WorkdayOutSoap"/>
  </swimlanes>
  <swimlanes x="1544" y="1012" name="Swimlane"/>
  <swimlanes x="1304" y="209" name="Swimlane" orientation="VERTICAL">
    <elements href="assembly.xml#Aggregator"/>
  </swimlanes>
  <swimlanes x="1781" y="212" name="Swimlane">
    <elements href="assembly.xml#Aggregator0"/>
  </swimlanes>
</wdnm:Diagram>
