<?xml version="1.0" encoding="UTF-8"?>
<beans
     xmlns="http://www.springframework.org/schema/beans"
     xmlns:beans="http://www.springframework.org/schema/beans"
     xmlns:atom="http://www.w3.org/2005/Atom"
     xmlns:cc="http://www.capeclear.com/assembly/10"
     xmlns:cloud="urn:com.workday/esb/cloud/10.0"
     xmlns:env="http://schemas.xmlsoap.org/soap/envelope/"
     xmlns:pi="urn:com.workday/picof"
     xmlns:wd="urn:com.workday/bsvc"
     xmlns:xsi="http://www.w3.org/2001/XMLSchema-instance">
 
	<cc:assembly id="WorkdayAssembly" version="2023.15">
        <cc:local-out id="Note-Error" endpoint="vm://wcc/PutIntegrationMessage">
            <cc:set name="is.message.severity" value="'CRITICAL'"/>
            <cc:set name="is.message.summary" value="context.errorMessage"/>
        </cc:local-out>
        <cc:send-error id="global-error-handler" rethrow-error="false" routes-to="Note-Error"/>
        <cc:async-mediation id="AsyncMediation">
            <cc:steps>
                <cc:zip id="Zip"/>
                <cc:unzip id="Unzip" output-mimetype="text/xml"/>
                <cc:log id="Log0">
                    <cc:log-message>
                        <cc:text>XSLT Transformation Output : </cc:text>
                        <cc:message-content/>
                    </cc:log-message>
                </cc:log>
                <cc:store id="Store" output="variable" output-variable="Op" title="Op.xml"/>
            </cc:steps>
        </cc:async-mediation>
        <cc:aggregator id="Aggregator" routes-to="AsyncMediation" force-batch-on-last-message="true">
            <cc:size-batch-strategy batch-size="-1"/>
            <cc:xml-message-content-collater>
        <cc:header-text>&lt;Data></cc:header-text>
        <cc:footer-text>&lt;/Data></cc:footer-text>
      </cc:xml-message-content-collater>
        </cc:aggregator>
        <cc:async-mediation id="AsyncMediation1" routes-to="Aggregator">
            <cc:steps>
                <cc:log id="Log">
                    <cc:log-message>
                        <cc:text>Report XML Ouput : </cc:text>
                        <cc:message-content/>
                    </cc:log-message>
                </cc:log>
                <cc:xslt-plus id="XsltPlus" url="VSR_Zip_Unzip.xsl"/>
            </cc:steps>
        </cc:async-mediation>
        <cc:splitter id="Splitter">
            <cc:sub-route name="SubRoute" routes-to="AsyncMediation1"/>
            <cc:xml-stream-splitter xpath="wd:Report_Data/wd:Report_Entry"/>
        </cc:splitter>
        <cc:workday-out-rest id="WorkdayOutRest" routes-response-to="AsyncMediation2" extra-path="@{intsys.reportService.getExtrapath('VSR_Report')}"/>
        <cc:async-mediation id="AsyncMediation0" routes-to="WorkdayOutRest">
            <cc:steps>
                <cc:eval id="Eval"/>
                <cc:log id="Log">
                    <cc:log-message>
                        <cc:message-content/>
                    </cc:log-message>
                </cc:log>
            </cc:steps>
        </cc:async-mediation>
        <cc:workday-in id="StartHere" routes-to="AsyncMediation0">
            <cc:integration-system name="VSR_Zip_Unzip">
        <cloud:delivery-service name="VSR_Zip_Unzip_Delivery"/>
        <cloud:report-service name="VSR-Report">
          <cloud:report-alias description="VSR_Report_1" name="VSR_Report">
            <cloud:report-reference description="VSR_Report_1" type="WID">2877b74959ff1010547b88fec7380000</cloud:report-reference>
          </cloud:report-alias>
        </cloud:report-service>
      </cc:integration-system>
        </cc:workday-in>
        <cc:workday-out-soap id="WorkdayOutSoap" application="Human_Resources" version="v42.0"/>
        <cc:sync-mediation id="SyncMediation" routes-to="WorkdayOutSoap">
            <cc:request-steps>
                <cc:write id="Prepare_Request">
                    <cc:message>
                        <cc:text>&lt;?xml version=&quot;1.0&quot; ?>
&lt;env:Envelope xmlns:env=&quot;http://schemas.xmlsoap.org/soap/envelope/&quot;>
    &lt;env:Body>
        &lt;wd:Get_Workers_Request xmlns:wd=&quot;urn:com.workday/bsvc&quot; wd:version=&quot;v42.0&quot;>
            &lt;wd:Response_Filter>
                &lt;wd:Page>1&lt;/wd:Page>
                &lt;wd:Count>10&lt;/wd:Count>
            &lt;/wd:Response_Filter>
            &lt;wd:Response_Group>
                &lt;wd:Include_Reference>true&lt;/wd:Include_Reference>
                &lt;wd:Include_Personal_Information>true&lt;/wd:Include_Personal_Information>
                &lt;wd:Include_Additional_Jobs>true&lt;/wd:Include_Additional_Jobs>
                &lt;wd:Include_Employment_Information>true&lt;/wd:Include_Employment_Information>
                &lt;wd:Include_Compensation>true&lt;/wd:Include_Compensation>
                &lt;wd:Include_Organizations>true&lt;/wd:Include_Organizations>
                &lt;wd:Exclude_Organization_Support_Role_Data>true&lt;/wd:Exclude_Organization_Support_Role_Data>
                &lt;wd:Exclude_Location_Hierarchies>true&lt;/wd:Exclude_Location_Hierarchies>
                &lt;wd:Exclude_Cost_Centers>true&lt;/wd:Exclude_Cost_Centers>
                &lt;wd:Exclude_Cost_Center_Hierarchies>true&lt;/wd:Exclude_Cost_Center_Hierarchies>
                &lt;wd:Exclude_Companies>true&lt;/wd:Exclude_Companies>
                &lt;wd:Exclude_Company_Hierarchies>true&lt;/wd:Exclude_Company_Hierarchies>
                &lt;wd:Exclude_Matrix_Organizations>true&lt;/wd:Exclude_Matrix_Organizations>
                &lt;wd:Exclude_Pay_Groups>true&lt;/wd:Exclude_Pay_Groups>
                &lt;wd:Exclude_Regions>true&lt;/wd:Exclude_Regions>
                &lt;wd:Exclude_Region_Hierarchies>true&lt;/wd:Exclude_Region_Hierarchies>
                &lt;wd:Exclude_Supervisory_Organizations>true&lt;/wd:Exclude_Supervisory_Organizations>
                &lt;wd:Exclude_Teams>true&lt;/wd:Exclude_Teams>
                &lt;wd:Exclude_Custom_Organizations>true&lt;/wd:Exclude_Custom_Organizations>
                &lt;wd:Include_Roles>true&lt;/wd:Include_Roles>
                &lt;wd:Include_Management_Chain_Data>true&lt;/wd:Include_Management_Chain_Data>
                &lt;wd:Include_Multiple_Managers_in_Management_Chain_Data>true&lt;/wd:Include_Multiple_Managers_in_Management_Chain_Data>
                &lt;wd:Include_Benefit_Enrollments>true&lt;/wd:Include_Benefit_Enrollments>
                &lt;wd:Include_Benefit_Eligibility>true&lt;/wd:Include_Benefit_Eligibility>
                &lt;wd:Include_Related_Persons>true&lt;/wd:Include_Related_Persons>
                &lt;wd:Include_Qualifications>true&lt;/wd:Include_Qualifications>
                &lt;wd:Include_Employee_Review>true&lt;/wd:Include_Employee_Review>
                &lt;wd:Include_Goals>true&lt;/wd:Include_Goals>
                &lt;wd:Include_Development_Items>true&lt;/wd:Include_Development_Items>
                &lt;wd:Include_Skills>true&lt;/wd:Include_Skills>
                &lt;wd:Include_Photo>true&lt;/wd:Include_Photo>
                &lt;wd:Include_Worker_Documents>true&lt;/wd:Include_Worker_Documents>
                &lt;wd:Include_Transaction_Log_Data>true&lt;/wd:Include_Transaction_Log_Data>
                &lt;wd:Include_Subevents_for_Corrected_Transaction>true&lt;/wd:Include_Subevents_for_Corrected_Transaction>
                &lt;wd:Include_Subevents_for_Rescinded_Transaction>true&lt;/wd:Include_Subevents_for_Rescinded_Transaction>
                &lt;wd:Include_Succession_Profile>true&lt;/wd:Include_Succession_Profile>
                &lt;wd:Include_Talent_Assessment>true&lt;/wd:Include_Talent_Assessment>
                &lt;wd:Include_Employee_Contract_Data>true&lt;/wd:Include_Employee_Contract_Data>
                &lt;wd:Include_Contracts_for_Terminated_Workers>true&lt;/wd:Include_Contracts_for_Terminated_Workers>
                &lt;wd:Include_Collective_Agreement_Data>true&lt;/wd:Include_Collective_Agreement_Data>
                &lt;wd:Include_Probation_Period_Data>true&lt;/wd:Include_Probation_Period_Data>
                &lt;wd:Include_Extended_Employee_Contract_Details>true&lt;/wd:Include_Extended_Employee_Contract_Details>
                &lt;wd:Include_Feedback_Received>true&lt;/wd:Include_Feedback_Received>
                &lt;wd:Include_User_Account>true&lt;/wd:Include_User_Account>
                &lt;wd:Include_Career>true&lt;/wd:Include_Career>
                &lt;wd:Include_Account_Provisioning>true&lt;/wd:Include_Account_Provisioning>
                &lt;wd:Include_Background_Check_Data>true&lt;/wd:Include_Background_Check_Data>
                &lt;wd:Include_Contingent_Worker_Tax_Authority_Form_Information>true&lt;/wd:Include_Contingent_Worker_Tax_Authority_Form_Information>
                &lt;wd:Exclude_Funds>true&lt;/wd:Exclude_Funds>
                &lt;wd:Exclude_Fund_Hierarchies>true&lt;/wd:Exclude_Fund_Hierarchies>
                &lt;wd:Exclude_Grants>true&lt;/wd:Exclude_Grants>
                &lt;wd:Exclude_Grant_Hierarchies>true&lt;/wd:Exclude_Grant_Hierarchies>
                &lt;wd:Exclude_Business_Units>true&lt;/wd:Exclude_Business_Units>
                &lt;wd:Exclude_Business_Unit_Hierarchies>true&lt;/wd:Exclude_Business_Unit_Hierarchies>
                &lt;wd:Exclude_Programs>true&lt;/wd:Exclude_Programs>
                &lt;wd:Exclude_Program_Hierarchies>true&lt;/wd:Exclude_Program_Hierarchies>
                &lt;wd:Exclude_Gifts>true&lt;/wd:Exclude_Gifts>
                &lt;wd:Exclude_Gift_Hierarchies>true&lt;/wd:Exclude_Gift_Hierarchies>
            &lt;/wd:Response_Group>
        &lt;/wd:Get_Workers_Request>
    &lt;/env:Body>
&lt;/env:Envelope></cc:text>
                    </cc:message>
                </cc:write>
            </cc:request-steps>
            <cc:response-steps>
                <cc:log id="Log_Response">
                    <cc:log-message>
                        <cc:message-content/>
                    </cc:log-message>
                </cc:log>
            </cc:response-steps>
        </cc:sync-mediation>
        <cc:local-out id="Call1_in" endpoint="vm://PPP/Call1_in"/>
        <cc:async-mediation id="AsyncMediation2" routes-to="Splitter">
            <cc:steps>
                <cc:eval id="Eval">
                    <cc:expression>props['batch.audit.aggr'] = false</cc:expression>
                </cc:eval>
            </cc:steps>
        </cc:async-mediation>
        <cc:async-mediation id="AsyncMediation3">
            <cc:steps>
                <cc:zip id="Zip"/>
                <cc:store id="Store" output="variable" output-variable="Op" title="Op.zip"/>
            </cc:steps>
        </cc:async-mediation>
        <cc:aggregator id="Aggregator0">
            <cc:time-batch-strategy/>
            <cc:zip-file-collater/>
        </cc:aggregator>
        <cc:local-out id="AddProjectResManagers" endpoint="vm://INT19085_Alight_Zimit_Integration/AddProjectResManagers"/>
	</cc:assembly>

</beans>