<?xml version="1.0" encoding="UTF-8"?>
<beans
     xmlns="http://www.springframework.org/schema/beans"
     xmlns:beans="http://www.springframework.org/schema/beans"
     xmlns:atom="http://www.w3.org/2005/Atom"
     xmlns:cc="http://www.capeclear.com/assembly/10"
     xmlns:cloud="urn:com.workday/esb/cloud/10.0"
     xmlns:env="http://schemas.xmlsoap.org/soap/envelope/"
     xmlns:pi="urn:com.workday/picof"
     xmlns:wd="urn:com.workday/bsvc"
     xmlns:xsi="http://www.w3.org/2001/XMLSchema-instance">
 
	<cc:assembly id="WorkdayAssembly" version="2021.10">
        <cc:workday-in id="StartHere" routes-to="InitializeLP">
            <cc:integration-system name="INT10069 Project Manager Boomerang">
        <cloud:param name="Validation Mode">
          <cloud:type>
            <cloud:simple-type>boolean</cloud:simple-type>
          </cloud:type>
          <cloud:default>
            <cloud:boolean>true</cloud:boolean>
          </cloud:default>
        </cloud:param>
        <cloud:param name="Audit File Name">
          <cloud:type>
            <cloud:simple-type>text</cloud:simple-type>
          </cloud:type>
          <cloud:default>
            <cloud:text>INT10069CloudLogFileName.html</cloud:text>
          </cloud:default>
        </cloud:param>
        <cloud:attribute-map-service name="INT10069_attributes">
          <cloud:attribute name="Document Retention">
            <cloud:type>
              <cloud:simple-type>number</cloud:simple-type>
            </cloud:type>
          </cloud:attribute>
        </cloud:attribute-map-service>
        <cloud:report-service name="INT10069_Report_Service">
          <cloud:report-alias description="INT10074E Attachments Report" name="INT10069_Report">
            <cloud:report-reference description="INT10069 Project Manager Boomerang Report" type="WID">cb5bae6e09d8010c77c3af61032e0000</cloud:report-reference>
          </cloud:report-alias>
        </cloud:report-service>
      </cc:integration-system>
        </cc:workday-in>
        <cc:async-mediation id="InitializeLP" routes-to="CallReportRetrieval">
            <cc:steps>
                <cc:eval id="Eval"><cc:expression>props['integration.name'] = intsys.getName()</cc:expression>
                    <cc:expression>props['lp.validation.mode'] = lp.getSimpleData('Validation Mode')</cc:expression>
                    <cc:expression>retention = intsys.getAttribute('Document Retention') ; props['ia.document.retention.policy'] = (retention == empty) ? '0' : retention</cc:expression>
                    <cc:expression>props['force.batch'] = false</cc:expression>
                    <cc:expression>props['error.flag'] = false</cc:expression><cc:expression>props['num.errors'] = 0</cc:expression>
                    <cc:expression>props['log.file.name'] = lp.getSimpleData('Audit File Name')</cc:expression>
                </cc:eval>
            </cc:steps>
            <cc:send-error id="SendError" routes-to="PutIntegrationMessage"/>
        </cc:async-mediation>
        <cc:local-out id="CallReportRetrieval" store-message="none" routes-response-to="CallCreateLogs" endpoint="vm://INT10069-Project-Manager-Boomerang/ReportRetrieval"/>
        <cc:local-in id="ReportRetrieval" routes-to="INT10069_Project_Manager_Boomerang"/>
        <cc:workday-out-rest id="INT10069_Project_Manager_Boomerang" routes-response-to="Splitter" extra-path="@{intsys.reportService.getExtrapath('INT10069_Report')}"/>
        <cc:splitter id="Splitter">
            <cc:sub-route name="SubRoute" routes-to="EvalProjects"/>
            <cc:xml-stream-splitter namespaces="wd urn:com.workday.report/INT10069_Project_Manager_Boomerang_Report" xpath="/wd:Report_Data/wd:Report_Entry"/>
        </cc:splitter>
        <cc:async-mediation id="EvalProjects" routes-to="ValidateOnlyMode" handle-downstream-errors="true">
            <cc:steps>
                <cc:log id="Log0">
                    <cc:log-message>
                        <cc:text>----------------Aftersplitter---------------</cc:text>
                        <cc:message-content/>
                    </cc:log-message>
                </cc:log>
                <cc:eval id="Eval">
                    <cc:expression>props['ProjectID']= parts[0].xpath(&quot;wd:Report_Entry/wd:referenceID&quot;, 'wd urn:com.workday.report/INT10069_Project_Manager_Boomerang_Report')</cc:expression>
                    <cc:expression>props['Project_Owner_EEID']= parts[0].xpath(&quot;wd:Report_Entry/wd:Project_Owner_EEID&quot;, 'wd urn:com.workday.report/INT10069_Project_Manager_Boomerang_Report')</cc:expression>
                    <cc:expression>props['is.employee']= parts[0].xpath(&quot;wd:Report_Entry/wd:Project_Owner_group/wd:Is_Contingent_Worker&quot;, 'wd urn:com.workday.report/INT10069_Project_Manager_Boomerang_Report')</cc:expression>
                    <cc:expression>if (props['is.employee'] == 'Y' ) {&#xD;
props['is.employee'] = false&#xD;
} &#xD;
else{&#xD;
props['is.employee'] = true&#xD;
}</cc:expression>
                </cc:eval>
                <cc:log id="Log">
                    <cc:log-message>
                        <cc:text>-----------after eval---------------&#xD;
Project id-------@{props['ProjectID']}&#xD;
Project Owner ID--------@{props['Project_Owner_EEID']}&#xD;
CW flag--------@{props['is.employee']}&#xD;
&#xD;
</cc:text>
                    </cc:log-message>
                </cc:log>
                <cc:write id="Write">
                    <cc:message>
                        <cc:text>&lt;?xml version=&quot;1.0&quot; encoding=&quot;UTF-8&quot;?>&#xD;
&lt;env:Envelope&#xD;
    xmlns:env=&quot;http://schemas.xmlsoap.org/soap/envelope/&quot;&#xD;
    xmlns:xsd=&quot;http://www.w3.org/2001/XMLSchema&quot;>&#xD;
    &lt;env:Body>&#xD;
        &lt;wd:Assign_Roles_Request xmlns:wd=&quot;urn:com.workday/bsvc&quot; wd:version=&quot;v36.0&quot;>&#xD;
            &lt;wd:Business_Process_Parameters>&#xD;
                &lt;wd:Auto_Complete>true&lt;/wd:Auto_Complete>&#xD;
                &lt;wd:Run_Now>true&lt;/wd:Run_Now>&#xD;
                &lt;wd:Comment_Data>&#xD;
                    &lt;wd:Comment>via integration&lt;/wd:Comment>&#xD;
                &lt;/wd:Comment_Data>&#xD;
            &lt;/wd:Business_Process_Parameters>&#xD;
            &lt;wd:Assign_Roles_Event_Data>&#xD;
                           &#xD;
                &lt;!--Worker reference goes here-->&#xD;
                &lt;wd:Event_Target_Assignee_Reference>&#xD;
                   @if{props['is.employee']}&lt;wd:ID wd:type=&quot;Employee_ID&quot;>@{props['Project_Owner_EEID']}&lt;/wd:ID>&#xD;
                    @else{}&lt;wd:ID wd:type=&quot;Contingent_Worker_ID&quot;>@{props['Project_Owner_EEID']}&lt;/wd:ID>&#xD;
                    @end{}&#xD;
                &lt;/wd:Event_Target_Assignee_Reference>&#xD;
                &#xD;
                &#xD;
                &lt;wd:Remove_All_Role_Assignments_for_Event_Target_Assignee>false&lt;/wd:Remove_All_Role_Assignments_for_Event_Target_Assignee>&#xD;
                &lt;wd:Assign_Roles_Role_Assignment_Data>&#xD;
                    &#xD;
                   &lt;!-- Project reference should go here-->&#xD;
                    &lt;wd:Role_Assigner_Reference>&#xD;
                        &lt;wd:ID&#xD;
                            wd:type=&quot;Project_ID&quot;>@{props['ProjectID']}&lt;/wd:ID>&#xD;
                    &lt;/wd:Role_Assigner_Reference>&#xD;
                    &#xD;
                    &#xD;
                    &lt;!-- The manager and invoice reference should go here -->&#xD;
                    &lt;wd:Assignable_Role_Reference>&#xD;
                        &lt;wd:ID wd:type=&quot;Organization_Role_ID&quot;>Project_Manager&lt;/wd:ID>&#xD;
                    &lt;/wd:Assignable_Role_Reference>&#xD;
                    &#xD;
                    &lt;wd:Assignees_to_Add_Reference>&#xD;
                        &#xD;
                    @if{props['is.employee']}&lt;wd:ID wd:type=&quot;Employee_ID&quot;>@{props['Project_Owner_EEID']}&lt;/wd:ID>&#xD;
                    @else{}&lt;wd:ID wd:type=&quot;Contingent_Worker_ID&quot;>@{props['Project_Owner_EEID']}&lt;/wd:ID>&#xD;
                    @end{}&#xD;
                        &#xD;
                        &#xD;
                    &lt;/wd:Assignees_to_Add_Reference>&#xD;
                    &#xD;
                    &#xD;
                    &lt;wd:Remove_Existing_Assignees_for_Assignable_Role_on_Role_Assigner>false&lt;/wd:Remove_Existing_Assignees_for_Assignable_Role_on_Role_Assigner>&#xD;
                    &lt;wd:Update_Later_Dated_Assignments>true&lt;/wd:Update_Later_Dated_Assignments>&#xD;
                    &lt;wd:Remove_Supervisory_Organization_Single_Assignment_Manager>false&lt;/wd:Remove_Supervisory_Organization_Single_Assignment_Manager>&#xD;
                &lt;/wd:Assign_Roles_Role_Assignment_Data>&#xD;
            &lt;/wd:Assign_Roles_Event_Data>&#xD;
        &lt;/wd:Assign_Roles_Request>&#xD;
    &lt;/env:Body>&#xD;
&lt;/env:Envelope>&#xD;
</cc:text>
                    </cc:message>
                </cc:write>
            </cc:steps>
            <cc:send-error id="SendError" routes-to="LogErrorresponse"/>
        </cc:async-mediation>
        <cc:workday-out-soap id="AssignRoles" routes-response-to="Logsuccessfulreponse" application="Staffing" version="v36.0"/>
        <cc:async-mediation id="ValidateOnlyMode" routes-to="AssignRoles" execute-steps-when="props['lp.validation.mode'] == '1' || props['lp.validation.mode'] == true">
            <cc:steps>
                <cc:set-headers id="SetHeaders">
                    <cc:remove-headers/>
                    <cc:add-headers>
                        <cc:add-header name="X-Validate-Only" value="1"/>
                    </cc:add-headers>
                </cc:set-headers>
            </cc:steps>
        </cc:async-mediation>
        <cc:local-out id="PutIntegrationMessage" endpoint="vm://wcc/PutIntegrationMessage"><cc:set name="is.message.severity" value="'Error'"/><cc:set name="is.message.summary" value="'Error initializing Launch Parameters'"/></cc:local-out>
        <cc:local-out id="PutIntegrationEventGlobal" endpoint="vm://wcc/PutIntegrationEvent">
            <cc:set name="is.event.completed" value="&quot;current&quot;"/>
        </cc:local-out>
        <cc:local-out id="MessageGlobalError" routes-response-to="PutIntegrationEventGlobal" endpoint="vm://wcc/PutIntegrationMessage">
            <cc:set name="is.message.severity" value="'CRITICAL'"/>
            <cc:set name="is.message.summary" value="'Critical Error Please See Details!'"/>
            <cc:set name="is.message.detail" value="context.getErrorMessage()"/>
        </cc:local-out>
        <cc:send-error id="SendGlobalError" routes-to="MessageGlobalError"/>
        <cc:local-out id="IntegrationComplete" endpoint="vm://wcc/PutIntegrationEvent">
            <cc:set name="is.event.completed" value="&quot;current&quot;"/>
        </cc:local-out>
        <cc:local-out id="CallCreateLogs" store-message="none" routes-response-to="IntegrationComplete" endpoint="vm://INT10069-Project-Manager-Boomerang/CloudLogSubRoutine"/>
        <cc:async-mediation id="Logsuccessfulreponse">
            <cc:steps>
                <cc:cloud-log id="ValidationModeLog" condition="props['lp.validation.mode'] == '1' || props['lp.validation.mode'] == true" level="info" message="Worker @{props['Project_Owner_EEID']} validated as new manager for project @{props['ProjectID']}" message-details="@{parts[0].getText()}" output-file-type="HTML"/>
                <cc:cloud-log id="LoadLog" condition="props['lp.validation.mode'] == '0' || props['lp.validation.mode'] == false" level="info" message="Worker @{props['Project_Owner_EEID']} loaded as new manager for project @{props['ProjectID']}" message-details="@{parts[0].getText()}"/>
            </cc:steps>
        </cc:async-mediation>
        <cc:async-mediation id="LogErrorresponse">
            <cc:steps>
                <cc:eval id="Eval">
                    <cc:expression>props['num.errors'] = props['num.errors'] + 1</cc:expression>
                    <cc:expression>props['error.flag'] = true</cc:expression>
                </cc:eval>
                <cc:cloud-log id="CaptureErrorinLog" level="error" message="Worker @{props['Project_Owner_EEID']}errored during webservice for project @{props['ProjectID']}" message-details="@{parts[0].getText()}" output-file-type="HTML"/>
            </cc:steps>
        </cc:async-mediation>
        <cc:async-mediation id="StoreLogCloudLog" routes-to="Route">
            <cc:steps>
                <cc:store id="Store" output="variable" output-variable="v.CloudLogOutput" input="variable" input-variable="cloud-log-content" createDocumentReference="false" title="Auditlog.html"/>
            </cc:steps>
        </cc:async-mediation>
        <cc:local-in id="CloudLogSubRoutine" routes-to="StoreLogCloudLog"/>
        <cc:local-out id="PutAuditNoerrors" endpoint="vm://wcc/PutIntegrationMessage">
            <cc:set name="is.message.severity" value="'INFO'"/>
            <cc:set name="is.message.summary" value="'Integration completed check audit log for details'"/>
            <cc:set name="is.message.detail" value="'Please review cloud log file for details.'"/>
            <cc:set name="is.document.variable.name" value="'v.CloudLogOutput'"/>
            <cc:set name="is.document.file.name" value="props['log.file.name']"/>
            <cc:set name="is.document.deliverable" value="'true'"/>
        </cc:local-out>
        <cc:local-out id="Putauditwitherrors" endpoint="vm://wcc/PutIntegrationMessage">
            <cc:set name="is.message.severity" value="'ERROR'"/>
            <cc:set name="is.message.summary" value="'Integration completed with ' + props['num.errors'] + ' errors check audit log for details'"/>
            <cc:set name="is.message.detail" value="'Please review cloud log file for details.'"/>
            <cc:set name="is.document.variable.name" value="'v.CloudLogOutput'"/>
            <cc:set name="is.document.file.name" value="props['log.file.name']"/>
            <cc:set name="is.document.deliverable" value="'true'"/>
        </cc:local-out>
        <cc:route id="Route">
            <cc:mvel-strategy>
                <cc:choose-route expression="props['error.flag'] == true" route="SubRoute"/>
                <cc:choose-route expression="props['error.flag'] == false" route="Alternate"/>
            </cc:mvel-strategy>
            <cc:sub-route name="SubRoute" routes-to="Putauditwitherrors"/>
            <cc:sub-route name="Alternate" routes-to="PutAuditNoerrors"/>
        </cc:route>
	</cc:assembly>

</beans>