<?xml version="1.0" encoding="UTF-8"?>
<wdnm:Diagram xmlns:wdnm="http://workday.com/studio/editors/notation">
  <element href="assembly.xml#WorkdayAssembly"/>
  <visualProperties x="73" y="72">
    <element href="assembly.xml#StartHere"/>
  </visualProperties>
  <visualProperties x="248" y="45">
    <element href="assembly.xml#GetAttribute"/>
  </visualProperties>
  <visualProperties x="466" y="53">
    <element href="assembly.xml#IsValidationModeEnabled"/>
  </visualProperties>
  <visualProperties x="96" y="247">
    <element href="assembly.xml#RetrievalService"/>
  </visualProperties>
  <visualProperties x="337" y="235">
    <element href="assembly.xml#CheckForFile"/>
  </visualProperties>
  <visualProperties x="685" y="91">
    <element href="assembly.xml#CallRetrievalService"/>
  </visualProperties>
  <visualProperties x="342" y="386">
    <element href="assembly.xml#NoFilePIM"/>
  </visualProperties>
  <visualProperties x="570" y="237">
    <element href="assembly.xml#Route"/>
  </visualProperties>
  <visualProperties x="742" y="237">
    <element href="assembly.xml#ProcessFileData"/>
  </visualProperties>
  <visualProperties x="815" y="315">
    <element href="assembly.xml#FileSplitter"/>
  </visualProperties>
  <visualProperties x="1030" y="333">
    <element href="assembly.xml#WriteXSLT"/>
  </visualProperties>
  <visualProperties x="1292" y="378">
    <element href="assembly.xml#WorkdayOutRest"/>
  </visualProperties>
  <visualProperties x="1476" y="378">
    <element href="assembly.xml#ValidateEmployeeIDSSN"/>
  </visualProperties>
  <visualProperties x="1723" y="447">
    <element href="assembly.xml#MissingDataPIM"/>
  </visualProperties>
  <visualProperties x="2067" y="273">
    <element href="assembly.xml#ValidateState"/>
  </visualProperties>
  <visualProperties x="129" y="647">
    <element href="assembly.xml#ProcessValidation"/>
  </visualProperties>
  <visualProperties x="974" y="580">
    <element href="assembly.xml#CallProcessValidation"/>
  </visualProperties>
  <visualProperties x="905" y="704">
    <element href="assembly.xml#ValidateCountry"/>
  </visualProperties>
  <visualProperties x="988" y="842">
    <element href="assembly.xml#InvalidCountryPIM"/>
  </visualProperties>
  <visualProperties x="1218" y="838">
    <element href="assembly.xml#InvalidStatePIM"/>
  </visualProperties>
  <visualProperties x="1278" y="699">
    <element href="assembly.xml#ValidateCurrentFutureDate"/>
  </visualProperties>
  <visualProperties x="1314" y="836">
    <element href="assembly.xml#FutureCurrentRowPIM"/>
  </visualProperties>
  <visualProperties x="1589" y="700">
    <element href="assembly.xml#ValidateCurrentDate"/>
  </visualProperties>
  <visualProperties x="1634" y="836">
    <element href="assembly.xml#EffectiveRowPIM"/>
  </visualProperties>
  <visualProperties x="87" y="1172">
    <element href="assembly.xml#LoadAddress"/>
  </visualProperties>
  <visualProperties x="1757" y="724">
    <element href="assembly.xml#CallLoadAddress"/>
  </visualProperties>
  <visualProperties x="243" y="1141">
    <element href="assembly.xml#WriteData"/>
  </visualProperties>
  <visualProperties x="482" y="1156">
    <element href="assembly.xml#WorkdayOutSoap"/>
  </visualProperties>
  <visualProperties x="743" y="709">
    <element href="assembly.xml#BPInProgress"/>
  </visualProperties>
  <visualProperties x="727" y="831">
    <element href="assembly.xml#BPPIM"/>
  </visualProperties>
  <visualProperties x="485" y="1297">
    <element href="assembly.xml#WSDLPIM"/>
  </visualProperties>
  <visualProperties x="1023" y="1247">
    <element href="assembly.xml#//@beans/@mixed.1/@mixed.63"/>
  </visualProperties>
  <visualProperties x="1328" y="1247">
    <element href="assembly.xml#Note-Error"/>
  </visualProperties>
  <visualProperties x="99" y="1483">
    <element href="assembly.xml#AuditReport"/>
  </visualProperties>
  <visualProperties x="239" y="1504">
    <element href="assembly.xml#WriteError"/>
  </visualProperties>
  <visualProperties x="395" y="1521">
    <element href="assembly.xml#Aggregator"/>
  </visualProperties>
  <visualProperties x="570" y="1524">
    <element href="assembly.xml#StoreAudit"/>
  </visualProperties>
  <visualProperties x="731" y="1551">
    <element href="assembly.xml#FinalPIM"/>
  </visualProperties>
  <visualProperties x="466" y="902">
    <element href="assembly.xml#CallAuditEmpSSNVal"/>
  </visualProperties>
  <visualProperties x="743" y="898">
    <element href="assembly.xml#CallAuditBP"/>
  </visualProperties>
  <visualProperties x="952" y="897">
    <element href="assembly.xml#CallAuditCon"/>
  </visualProperties>
  <visualProperties x="1223" y="897">
    <element href="assembly.xml#CallAuditState"/>
  </visualProperties>
  <visualProperties x="1482" y="903">
    <element href="assembly.xml#CallAuditCurrDate"/>
  </visualProperties>
  <visualProperties x="1764" y="901">
    <element href="assembly.xml#CallAuditFutureDate"/>
  </visualProperties>
  <visualProperties x="790" y="1151">
    <element href="assembly.xml#CallAuditReport"/>
  </visualProperties>
  <visualProperties x="768" y="1544">
    <element href="assembly.xml#ForceBatch"/>
  </visualProperties>
  <visualProperties x="1150" y="241">
    <element href="assembly.xml#CallForceBatch"/>
  </visualProperties>
  <visualProperties x="559" y="905">
    <element href="assembly.xml#Counter"/>
  </visualProperties>
  <visualProperties x="1559" y="866">
    <element href="assembly.xml#EffdtCounter"/>
  </visualProperties>
  <visualProperties x="1861" y="864">
    <element href="assembly.xml#FutuCounter"/>
  </visualProperties>
  <visualProperties x="806" y="1268">
    <element href="assembly.xml#DataLoad"/>
  </visualProperties>
  <visualProperties x="99" y="646">
    <element href="assembly.xml#GetWIDReport"/>
  </visualProperties>
  <visualProperties x="330" y="671">
    <element href="assembly.xml#WorkdayOutRest1"/>
  </visualProperties>
  <visualProperties x="496" y="663">
    <element href="assembly.xml#Splitter0"/>
  </visualProperties>
  <visualProperties x="641" y="735">
    <element href="assembly.xml#AsyncMediation"/>
  </visualProperties>
  <visualProperties x="1066" y="663">
    <element href="assembly.xml#HashIn"/>
  </visualProperties>
  <visualProperties x="1183" y="679">
    <element href="assembly.xml#GetWID"/>
  </visualProperties>
  <visualProperties x="908" y="99">
    <element href="assembly.xml#CallHashIn"/>
  </visualProperties>
  <visualProperties x="1386" y="732">
    <element href="assembly.xml#WIDPIM"/>
  </visualProperties>
  <visualProperties x="668" y="119">
    <element href="assembly.xml#CallGetWIDReport"/>
  </visualProperties>
  <visualProperties x="711" y="774">
    <element href="assembly.xml#NoRowPIM"/>
  </visualProperties>
  <connections type="routesTo" sourceAnchorX="0.5915492957746479" sourceAnchorY="1.0" targetAnchorX="0.6142857142857143" targetAnchorY="0.5675675675675675">
    <source href="assembly.xml#//@beans/@mixed.1/@mixed.9/@mixed.3"/>
    <target href="assembly.xml#NoFilePIM"/>
  </connections>
  <connections type="routesTo" sourceAnchorX="0.9414893617021277" sourceAnchorY="1.0" targetAnchorX="0.03355704697986577" targetAnchorY="0.17829457364341086">
    <source href="assembly.xml#RetrievalService"/>
    <target href="assembly.xml#CheckForFile"/>
  </connections>
  <connections type="routesTo" sourceAnchorX="1.0" sourceAnchorY="0.2248062015503876" targetAnchorX="0.37606837606837606" targetAnchorY="0.12643678160919541">
    <source href="assembly.xml#CheckForFile"/>
    <target href="assembly.xml#Route"/>
  </connections>
  <connections type="routesTo" sourceAnchorX="1.0" sourceAnchorY="0.7941176470588235" targetAnchorX="0.1896551724137931" targetAnchorY="0.673469387755102">
    <source href="assembly.xml#//@beans/@mixed.1/@route.0/@subRoute.0"/>
    <target href="assembly.xml#ProcessFileData"/>
  </connections>
  <connections type="routesTo" sourceAnchorX="1.0" sourceAnchorY="0.23469387755102042" targetAnchorX="0.08695652173913043" targetAnchorY="0.2980769230769231">
    <source href="assembly.xml#ProcessFileData"/>
    <target href="assembly.xml#FileSplitter"/>
  </connections>
  <connections type="routesTo" sourceAnchorX="1.0" sourceAnchorY="0.6176470588235294" targetAnchorX="0.1780821917808219" targetAnchorY="0.3163265306122449">
    <source href="assembly.xml#//@beans/@mixed.1/@splitter.0/@subRoute.0"/>
    <target href="assembly.xml#WriteXSLT"/>
  </connections>
  <connections type="routesTo" sourceAnchorX="0.46886446886446886" sourceAnchorY="1.0" targetAnchorX="0.6898395721925134" targetAnchorY="0.3783783783783784">
    <source href="assembly.xml#//@beans/@mixed.1/@mixed.25/@mixed.3"/>
    <target href="assembly.xml#MissingDataPIM"/>
  </connections>
  <connections type="routesResponseTo" sourceAnchorX="0.8505154639175257" sourceAnchorY="1.0" targetAnchorX="0.03214285714285714" targetAnchorY="0.2248062015503876">
    <source href="assembly.xml#WorkdayOutRest"/>
    <target href="assembly.xml#ValidateEmployeeIDSSN"/>
    <bendpoints sourceX="8" sourceY="-21" targetX="-95" targetY="54"/>
    <bendpoints sourceX="79" sourceY="-21" targetX="-24" targetY="54"/>
  </connections>
  <connections type="routesTo" sourceAnchorX="0.7391304347826086" sourceAnchorY="1.0" targetAnchorX="0.6138613861386139" targetAnchorY="0.2972972972972973">
    <source href="assembly.xml#//@beans/@mixed.1/@mixed.35/@mixed.3"/>
    <target href="assembly.xml#InvalidCountryPIM"/>
  </connections>
  <connections type="routesTo" sourceAnchorX="0.5092592592592593" sourceAnchorY="1.0" targetAnchorX="0.6132596685082873" targetAnchorY="0.24324324324324326">
    <source href="assembly.xml#//@beans/@mixed.1/@mixed.29/@mixed.3"/>
    <target href="assembly.xml#InvalidStatePIM"/>
  </connections>
  <connections type="routesTo" sourceAnchorX="1.0" sourceAnchorY="0.17829457364341086" targetAnchorX="0.06278026905829596" targetAnchorY="0.18604651162790697">
    <source href="assembly.xml#ValidateCountry"/>
    <target href="assembly.xml#ValidateState"/>
  </connections>
  <connections type="routesTo" sourceAnchorX="0.416988416988417" sourceAnchorY="1.0" targetAnchorX="0.461864406779661" targetAnchorY="0.32432432432432434">
    <source href="assembly.xml#//@beans/@mixed.1/@mixed.41/@mixed.3"/>
    <target href="assembly.xml#FutureCurrentRowPIM"/>
  </connections>
  <connections type="routesTo" sourceAnchorX="0.6377551020408163" sourceAnchorY="1.0" targetAnchorX="0.6528497409326425" targetAnchorY="0.10810810810810811">
    <source href="assembly.xml#//@beans/@mixed.1/@mixed.45/@mixed.3"/>
    <target href="assembly.xml#EffectiveRowPIM"/>
  </connections>
  <connections type="routesTo" sourceAnchorX="1.0" sourceAnchorY="0.16279069767441862" targetAnchorX="0.11330049261083744" targetAnchorY="0.16279069767441862">
    <source href="assembly.xml#ValidateState"/>
    <target href="assembly.xml#ValidateCurrentDate"/>
  </connections>
  <connections type="routesTo" sourceAnchorX="1.0" sourceAnchorY="0.17054263565891473" targetAnchorX="0.047058823529411764" targetAnchorY="0.16279069767441862">
    <source href="assembly.xml#ValidateCurrentDate"/>
    <target href="assembly.xml#ValidateCurrentFutureDate"/>
  </connections>
  <connections type="routesTo">
    <source href="assembly.xml#ValidateCurrentFutureDate"/>
    <target href="assembly.xml#CallLoadAddress"/>
  </connections>
  <connections type="routesTo" sourceAnchorX="1.0" sourceAnchorY="0.17829457364341086" targetAnchorX="0.11842105263157894" targetAnchorY="0.17829457364341086">
    <source href="assembly.xml#ValidateEmployeeIDSSN"/>
    <target href="assembly.xml#BPInProgress"/>
  </connections>
  <connections type="routesTo" sourceAnchorX="0.5862068965517241" sourceAnchorY="1.0" targetAnchorX="0.7321428571428571" targetAnchorY="0.5405405405405406">
    <source href="assembly.xml#//@beans/@mixed.1/@mixed.57/@mixed.3"/>
    <target href="assembly.xml#BPPIM"/>
  </connections>
  <connections type="routesTo" sourceAnchorX="1.0" sourceAnchorY="0.14728682170542637" targetAnchorX="0.047619047619047616" targetAnchorY="0.14728682170542637">
    <source href="assembly.xml#BPInProgress"/>
    <target href="assembly.xml#ValidateCountry"/>
  </connections>
  <connections type="routesTo" sourceAnchorX="0.4720812182741117" sourceAnchorY="1.0" targetAnchorX="0.6714285714285714" targetAnchorY="0.24324324324324326">
    <source href="assembly.xml#//@beans/@mixed.1/@mixed.53/@mixed.3"/>
    <target href="assembly.xml#WSDLPIM"/>
  </connections>
  <connections type="routesTo" sourceAnchorX="0.9259259259259259" sourceAnchorY="1.0" targetAnchorX="0.14215686274509803" targetAnchorY="0.20930232558139536">
    <source href="assembly.xml#LoadAddress"/>
    <target href="assembly.xml#WriteData"/>
  </connections>
  <connections type="routesTo" sourceAnchorX="1.0" sourceAnchorY="0.2248062015503876" targetAnchorX="0.19597989949748743" targetAnchorY="0.4594594594594595">
    <source href="assembly.xml#WriteData"/>
    <target href="assembly.xml#WorkdayOutSoap"/>
  </connections>
  <connections type="routesTo">
    <source href="assembly.xml#StartHere"/>
    <target href="assembly.xml#GetAttribute"/>
  </connections>
  <connections type="routesTo">
    <source href="assembly.xml#GetAttribute"/>
    <target href="assembly.xml#IsValidationModeEnabled"/>
  </connections>
  <connections type="routesTo" sourceAnchorX="0.9669421487603306" sourceAnchorY="0.43243243243243246" targetAnchorX="0.06060606060606061" targetAnchorY="0.3783783783783784">
    <source href="assembly.xml#//@beans/@mixed.1/@mixed.63"/>
    <target href="assembly.xml#Note-Error"/>
  </connections>
  <connections type="routesTo" sourceAnchorX="1.0" sourceAnchorY="0.5945945945945946" targetAnchorX="0.20967741935483872" targetAnchorY="0.23469387755102042">
    <source href="assembly.xml#AuditReport"/>
    <target href="assembly.xml#WriteError"/>
  </connections>
  <connections type="routesTo" sourceAnchorX="1.0" sourceAnchorY="0.15306122448979592" targetAnchorX="0.1732283464566929" targetAnchorY="0.3783783783783784">
    <source href="assembly.xml#StoreAudit"/>
    <target href="assembly.xml#FinalPIM"/>
  </connections>
  <connections type="routesResponseTo" sourceAnchorX="0.6428571428571429" sourceAnchorY="1.0" targetAnchorX="0.46710526315789475" targetAnchorY="0.4594594594594595">
    <source href="assembly.xml#BPPIM"/>
    <target href="assembly.xml#CallAuditBP"/>
  </connections>
  <connections type="routesResponseTo" sourceAnchorX="0.5099009900990099" sourceAnchorY="1.0" targetAnchorX="0.6335403726708074" targetAnchorY="0.1891891891891892">
    <source href="assembly.xml#InvalidCountryPIM"/>
    <target href="assembly.xml#CallAuditCon"/>
  </connections>
  <connections type="routesResponseTo" sourceAnchorX="0.6353591160220995" sourceAnchorY="1.0" targetAnchorX="0.6882352941176471" targetAnchorY="0.4864864864864865">
    <source href="assembly.xml#InvalidStatePIM"/>
    <target href="assembly.xml#CallAuditState"/>
  </connections>
  <connections type="routesTo" sourceAnchorX="0.6241610738255033" sourceAnchorY="1.0" targetAnchorX="0.6326530612244898" targetAnchorY="0.07547169811320754">
    <source href="assembly.xml#ForceBatch"/>
    <target href="assembly.xml#Aggregator"/>
  </connections>
  <connections type="routesTo" sourceAnchorX="1.0" sourceAnchorY="0.16326530612244897" targetAnchorX="0.07482993197278912" targetAnchorY="0.20754716981132076">
    <source href="assembly.xml#WriteError"/>
    <target href="assembly.xml#Aggregator"/>
  </connections>
  <connections type="routesTo" sourceAnchorX="1.0" sourceAnchorY="0.24528301886792453" targetAnchorX="0.05454545454545454" targetAnchorY="0.15306122448979592">
    <source href="assembly.xml#Aggregator"/>
    <target href="assembly.xml#StoreAudit"/>
  </connections>
  <connections type="routesResponseTo" sourceAnchorX="0.45989304812834225" sourceAnchorY="1.0" targetAnchorX="0.8207547169811321" targetAnchorY="0.18478260869565216">
    <source href="assembly.xml#MissingDataPIM"/>
    <target href="assembly.xml#Counter"/>
  </connections>
  <connections type="routesTo" sourceAnchorX="1.0" sourceAnchorY="0.25510204081632654" targetAnchorX="0.4711111111111111" targetAnchorY="0.4594594594594595">
    <source href="assembly.xml#Counter"/>
    <target href="assembly.xml#CallAuditEmpSSNVal"/>
  </connections>
  <connections type="routesResponseTo" sourceAnchorX="0.34196891191709844" sourceAnchorY="1.0" targetAnchorX="0.45454545454545453" targetAnchorY="0.061224489795918366">
    <source href="assembly.xml#EffectiveRowPIM"/>
    <target href="assembly.xml#EffdtCounter"/>
  </connections>
  <connections type="routesTo" sourceAnchorX="0.0" sourceAnchorY="0.14285714285714285" targetAnchorX="0.004975124378109453" targetAnchorY="0.24324324324324326">
    <source href="assembly.xml#EffdtCounter"/>
    <target href="assembly.xml#CallAuditCurrDate"/>
  </connections>
  <connections type="routesResponseTo" sourceAnchorX="0.4279661016949153" sourceAnchorY="1.0" targetAnchorX="0.7253521126760564" targetAnchorY="0.09183673469387756">
    <source href="assembly.xml#FutureCurrentRowPIM"/>
    <target href="assembly.xml#FutuCounter"/>
  </connections>
  <connections type="routesTo" sourceAnchorX="0.0" sourceAnchorY="0.23469387755102042" targetAnchorX="0.009174311926605505" targetAnchorY="0.10810810810810811">
    <source href="assembly.xml#FutuCounter"/>
    <target href="assembly.xml#CallAuditFutureDate"/>
  </connections>
  <connections type="routesResponseTo" sourceAnchorX="0.8994974874371859" sourceAnchorY="1.0" targetAnchorX="0.09166666666666666" targetAnchorY="0.37755102040816324">
    <source href="assembly.xml#WorkdayOutSoap"/>
    <target href="assembly.xml#DataLoad"/>
  </connections>
  <connections type="routesTo" sourceAnchorX="1.0" sourceAnchorY="0.29591836734693877" targetAnchorX="0.25274725274725274" targetAnchorY="0.8108108108108109">
    <source href="assembly.xml#DataLoad"/>
    <target href="assembly.xml#CallAuditReport"/>
  </connections>
  <connections type="routesTo" sourceAnchorX="1.0" sourceAnchorY="0.5135135135135135" targetAnchorX="0.1323529411764706" targetAnchorY="0.6486486486486487">
    <source href="assembly.xml#GetWIDReport"/>
    <target href="assembly.xml#WorkdayOutRest1"/>
  </connections>
  <connections type="routesResponseTo" sourceAnchorX="0.8088235294117647" sourceAnchorY="1.0" targetAnchorX="0.1111111111111111" targetAnchorY="0.3448275862068966">
    <source href="assembly.xml#WorkdayOutRest1"/>
    <target href="assembly.xml#Splitter0"/>
  </connections>
  <connections type="routesTo" sourceAnchorX="0.9519230769230769" sourceAnchorY="1.0" targetAnchorX="0.16666666666666666" targetAnchorY="0.6020408163265306">
    <source href="assembly.xml#//@beans/@mixed.1/@splitter.1/@subRoute.0"/>
    <target href="assembly.xml#AsyncMediation"/>
  </connections>
  <connections type="routesResponseTo" sourceAnchorX="0.8953488372093024" sourceAnchorY="0.5675675675675675" targetAnchorX="0.15609756097560976" targetAnchorY="0.6216216216216216">
    <source href="assembly.xml#IsValidationModeEnabled"/>
    <target href="assembly.xml#CallGetWIDReport"/>
  </connections>
  <connections type="routesResponseTo" sourceAnchorX="0.9560975609756097" sourceAnchorY="0.5135135135135135" targetAnchorX="0.1689497716894977" targetAnchorY="0.4594594594594595">
    <source href="assembly.xml#CallGetWIDReport"/>
    <target href="assembly.xml#CallRetrievalService"/>
  </connections>
  <connections type="routesTo" sourceAnchorX="1.0" sourceAnchorY="0.21428571428571427" targetAnchorX="0.2013888888888889" targetAnchorY="0.5945945945945946">
    <source href="assembly.xml#WriteXSLT"/>
    <target href="assembly.xml#CallHashIn"/>
  </connections>
  <connections type="routesResponseTo" sourceAnchorX="0.9452054794520548" sourceAnchorY="0.6486486486486487" targetAnchorX="0.21666666666666667" targetAnchorY="0.5945945945945946">
    <source href="assembly.xml#CallRetrievalService"/>
    <target href="assembly.xml#CallForceBatch"/>
  </connections>
  <connections type="routesTo" sourceAnchorX="0.7777777777777778" sourceAnchorY="1.0" targetAnchorX="0.36929460580912865" targetAnchorY="0.2702702702702703">
    <source href="assembly.xml#//@beans/@mixed.1/@mixed.113/@mixed.3"/>
    <target href="assembly.xml#WIDPIM"/>
  </connections>
  <connections type="routesTo" sourceAnchorX="0.9026548672566371" sourceAnchorY="1.0" targetAnchorX="0.18548387096774194" targetAnchorY="0.27906976744186046">
    <source href="assembly.xml#HashIn"/>
    <target href="assembly.xml#GetWID"/>
  </connections>
  <connections type="routesTo" sourceAnchorX="1.0" sourceAnchorY="0.26356589147286824" targetAnchorX="0.3695652173913043" targetAnchorY="0.5405405405405406">
    <source href="assembly.xml#GetWID"/>
    <target href="assembly.xml#CallProcessValidation"/>
    <bendpoints sourceX="133" sourceY="-3" targetX="3" targetY="57"/>
  </connections>
  <connections type="routesResponseTo" sourceAnchorX="0.9098360655737705" sourceAnchorY="0.43243243243243246" targetAnchorX="0.7434782608695653" targetAnchorY="0.8108108108108109">
    <source href="assembly.xml#WIDPIM"/>
    <target href="assembly.xml#CallProcessValidation"/>
    <bendpoints sourceX="230" sourceY="-6" targetX="1" targetY="185"/>
  </connections>
  <connections type="routesTo" sourceAnchorX="0.5389221556886228" sourceAnchorY="1.0" targetAnchorX="0.6326530612244898" targetAnchorY="0.5135135135135135">
    <source href="assembly.xml#//@beans/@mixed.1/@mixed.17/@mixed.3"/>
    <target href="assembly.xml#NoRowPIM"/>
  </connections>
  <connections type="routesTo" sourceAnchorX="0.5376884422110553" sourceAnchorY="1.0" targetAnchorX="0.5515463917525774" targetAnchorY="0.4864864864864865">
    <source href="assembly.xml#ProcessValidation"/>
    <target href="assembly.xml#WorkdayOutRest"/>
  </connections>
  <connections type="routesTo" sourceAnchorX="0.34831460674157305" sourceAnchorY="1.0" targetAnchorX="0.8235294117647058" targetAnchorY="0.2972972972972973">
    <source href="assembly.xml#//@beans/@mixed.1/@mixed.21/@mixed.3"/>
    <target href="assembly.xml#MissingDataPIM"/>
    <bendpoints sourceY="226" targetX="752" targetY="-310"/>
    <bendpoints sourceX="-638" sourceY="227" targetX="114" targetY="-309"/>
    <bendpoints sourceX="-636" sourceY="536" targetX="116"/>
  </connections>
  <swimlanes x="49" y="17" name="Initialization and Process Flow" topBorderColor="16744448">
    <elements href="assembly.xml#StartHere"/>
    <elements href="assembly.xml#GetAttribute"/>
    <elements href="assembly.xml#IsValidationModeEnabled"/>
    <elements href="assembly.xml#CallGetWIDReport"/>
    <elements href="assembly.xml#CallRetrievalService"/>
    <elements href="assembly.xml#CallForceBatch"/>
  </swimlanes>
  <swimlanes x="115" y="167" name="" orientation="VERTICAL">
    <elements href="assembly.xml#CheckForFile"/>
    <elements href="assembly.xml#NoFilePIM"/>
  </swimlanes>
  <swimlanes x="49" y="542" name="FileRetrieval and Conversion">
    <elements href="assembly.xml#RetrievalService"/>
    <elements href="#//@swimlanes.1"/>
    <elements href="assembly.xml#Route"/>
    <elements href="#//@swimlanes.19"/>
    <elements href="assembly.xml#FileSplitter"/>
    <elements href="assembly.xml#WriteXSLT"/>
    <elements href="assembly.xml#CallHashIn"/>
  </swimlanes>
  <swimlanes x="1517" y="396" orientation="VERTICAL">
    <elements href="assembly.xml#ValidateEmployeeIDSSN"/>
    <elements href="assembly.xml#MissingDataPIM"/>
    <elements href="assembly.xml#Counter"/>
    <elements href="assembly.xml#CallAuditEmpSSNVal"/>
  </swimlanes>
  <swimlanes x="947" y="566" orientation="VERTICAL">
    <elements href="assembly.xml#ValidateState"/>
    <elements href="assembly.xml#InvalidStatePIM"/>
    <elements href="assembly.xml#CallAuditState"/>
  </swimlanes>
  <swimlanes x="-44" y="985" name="Data Validation">
    <elements href="#//@swimlanes.7"/>
    <elements href="#//@swimlanes.3"/>
    <elements href="#//@swimlanes.11"/>
    <elements href="#//@swimlanes.6"/>
    <elements href="#//@swimlanes.4"/>
    <elements href="#//@swimlanes.9"/>
    <elements href="#//@swimlanes.8"/>
    <elements href="assembly.xml#CallLoadAddress"/>
  </swimlanes>
  <swimlanes x="851" y="725" orientation="VERTICAL">
    <elements href="assembly.xml#ValidateCountry"/>
    <elements href="assembly.xml#InvalidCountryPIM"/>
    <elements href="assembly.xml#CallAuditCon"/>
  </swimlanes>
  <swimlanes x="219" y="780" orientation="VERTICAL">
    <elements href="assembly.xml#ProcessValidation"/>
    <elements href="assembly.xml#WorkdayOutRest"/>
  </swimlanes>
  <swimlanes x="1194" y="750" orientation="VERTICAL">
    <elements href="assembly.xml#ValidateCurrentFutureDate"/>
    <elements href="assembly.xml#FutureCurrentRowPIM"/>
    <elements href="assembly.xml#FutuCounter"/>
    <elements href="assembly.xml#CallAuditFutureDate"/>
  </swimlanes>
  <swimlanes x="1497" y="804" orientation="VERTICAL">
    <elements href="assembly.xml#ValidateCurrentDate"/>
    <elements href="assembly.xml#EffectiveRowPIM"/>
    <elements href="assembly.xml#EffdtCounter"/>
    <elements href="assembly.xml#CallAuditCurrDate"/>
  </swimlanes>
  <swimlanes x="49" y="1557" name="Load to Workday">
    <elements href="assembly.xml#LoadAddress"/>
    <elements href="#//@swimlanes.12"/>
    <elements href="assembly.xml#WorkdayOutSoap"/>
    <elements href="assembly.xml#DataLoad"/>
    <elements href="assembly.xml#CallAuditReport"/>
  </swimlanes>
  <swimlanes x="648" y="802" orientation="VERTICAL">
    <elements href="assembly.xml#BPInProgress"/>
    <elements href="assembly.xml#BPPIM"/>
    <elements href="assembly.xml#CallAuditBP"/>
  </swimlanes>
  <swimlanes x="249" y="1157" orientation="VERTICAL">
    <elements href="assembly.xml#WriteData"/>
    <elements href="assembly.xml#WSDLPIM"/>
  </swimlanes>
  <swimlanes x="1245" y="1557" bgColor="14078687" name="GlobalErrorHandler">
    <elements href="assembly.xml#//@beans/@mixed.1/@mixed.63"/>
    <elements href="assembly.xml#Note-Error"/>
  </swimlanes>
  <swimlanes x="49" y="1908" name="Audit Report">
    <elements href="assembly.xml#AuditReport"/>
    <elements href="assembly.xml#WriteError"/>
    <elements href="#//@swimlanes.15"/>
    <elements href="assembly.xml#StoreAudit"/>
    <elements href="assembly.xml#FinalPIM"/>
  </swimlanes>
  <swimlanes x="599" y="1575" orientation="VERTICAL">
    <elements href="assembly.xml#ForceBatch"/>
    <elements href="assembly.xml#Aggregator"/>
  </swimlanes>
  <swimlanes x="49" y="201" name="Call INT0037 GetEmployeeWID Report ">
    <elements href="assembly.xml#GetWIDReport"/>
    <elements href="assembly.xml#WorkdayOutRest1"/>
    <elements href="assembly.xml#Splitter0"/>
    <elements href="assembly.xml#AsyncMediation"/>
  </swimlanes>
  <swimlanes x="1019" y="201" name="Get Employee WID to pass in Report ">
    <elements href="assembly.xml#HashIn"/>
    <elements href="#//@swimlanes.18"/>
    <elements href="assembly.xml#CallProcessValidation"/>
  </swimlanes>
  <swimlanes x="1195" y="768" name="" orientation="VERTICAL">
    <elements href="assembly.xml#GetWID"/>
    <elements href="assembly.xml#WIDPIM"/>
  </swimlanes>
  <swimlanes x="622" y="741" orientation="VERTICAL">
    <elements href="assembly.xml#ProcessFileData"/>
    <elements href="assembly.xml#NoRowPIM"/>
  </swimlanes>
</wdnm:Diagram>
