<?xml version="1.0" encoding="UTF-8"?>
<beans
     xmlns="http://www.springframework.org/schema/beans"
     xmlns:beans="http://www.springframework.org/schema/beans"
     xmlns:atom="http://www.w3.org/2005/Atom"
     xmlns:cc="http://www.capeclear.com/assembly/10"
     xmlns:cloud="urn:com.workday/esb/cloud/10.0"
     xmlns:env="http://schemas.xmlsoap.org/soap/envelope/"
     xmlns:pi="urn:com.workday/picof"
     xmlns:wd="urn:com.workday/bsvc"
     xmlns:xsi="http://www.w3.org/2001/XMLSchema-instance">
 
	<cc:assembly id="WorkdayAssembly" version="2024.37">
        <cc:workday-in id="StartHere" routes-to="AsyncMediation">
            <cc:integration-system name="INT0312 MarketPay Compensation Benchmark Inbound">
        <cloud:param name="Validation Mode">
          <cloud:type>
            <cloud:simple-type>boolean</cloud:simple-type>
          </cloud:type>
          <cloud:default>
            <cloud:boolean>false</cloud:boolean>
          </cloud:default>
        </cloud:param>
        <cloud:attribute-map-service name="INT0312 MarketPay Compensation Benchmark Inbound Attribute">
          <cloud:attribute name="Benchmark Cycle ID">
            <cloud:type>
              <cloud:simple-type>text</cloud:simple-type>
            </cloud:type>
            <cloud:display-option>required-for-launch</cloud:display-option>
          </cloud:attribute>
        </cloud:attribute-map-service>
        <cloud:retrieval-service name="INT0312 MarketPay Compensation Benchmark Inbound Retrieval"/>
      </cc:integration-system>
        </cc:workday-in>
        <cc:async-mediation id="AsyncMediation" routes-to="CallInputfile">
            <cc:steps>
                <cc:eval id="Eval">
                    <cc:expression>props['abort.processing'] = false</cc:expression>
                    <cc:expression>props['Benchmark.Cycle.ID'] = intsys.getAttribute('Benchmark Cycle ID')</cc:expression>
                    <cc:expression>props['p.close.aggregator'] = false;</cc:expression>
                    <cc:expression>props['lp.Validate.Mode'] = (Boolean)lp.getSimpleData('Validation Mode')</cc:expression>
                    <cc:expression>props['v.close.aggregator'] = false;</cc:expression>
                    <cc:expression>props['blank.processing'] = false</cc:expression>
                </cc:eval>
                <cc:log id="Log">
                    <cc:log-message>
                        <cc:text>*******************Attribute Values******************&#xD;
props['Benchmark.Cycle.ID']  : @{props['Benchmark.Cycle.ID'] }&#xD;
props['A.Web.Service.Version'] : @{props['A.Web.Service.Version']}</cc:text>
                        <cc:message-content/>
                        <cc:text>*******************Attribute Values******************8</cc:text>
                    </cc:log-message>
                </cc:log>
            </cc:steps>
        </cc:async-mediation>
        <cc:local-out id="CallInputfile" store-message="none" routes-response-to="CallDataValidation" endpoint="vm://INT0312_MarketPay_Compensation_Benchmark_Inbound/Inputfile"/>
        <cc:local-in id="Inputfile" routes-to="GetEventDocuments"/>
        <cc:local-out id="GetEventDocuments" routes-response-to="AsyncMediation0" endpoint="vm://wcc/GetEventDocuments"><cc:set name="ie.event.wid" value="lp.isSet() ? lp.getIntegrationEventWID() : null"/></cc:local-out>
        <cc:route id="Route">
            <cc:doc-iterator variable-name="wd.retrieve.variable"/>
            <cc:sub-route name="SubRoute" routes-to="AsyncMediation2"/>
        </cc:route>
        <cc:local-out id="CallFileMissingError" store-message="none" endpoint="vm://INT0312_MarketPay_Compensation_Benchmark_Inbound/FileMissingError"/>
        <cc:local-in id="FileMissingError" routes-to="AsyncMediation1"/>
        <cc:async-mediation id="AsyncMediation1" routes-to="PutIntegrationMessage">
            <cc:steps>
                <cc:eval id="Eval">
                    <cc:expression>props['abort.processing'] =true</cc:expression>
                </cc:eval>
            </cc:steps>
        </cc:async-mediation>
        <cc:local-out id="PutIntegrationMessage" endpoint="vm://wcc/PutIntegrationMessage"><cc:set name="is.message.severity" value="'ERROR'"/><cc:set name="is.message.summary" value="'File not Found/Received'"/><cc:set name="is.event.completed" value="&quot;current&quot;"/></cc:local-out>
        <cc:async-mediation id="AsyncMediation2">
            <cc:steps>
                <cc:copy id="Copy" input="variable" input-variable="wd.retrieve.variable"/>
                <cc:csv-to-xml id="CsvToXml" output="message" colNames="Job Profile ID,Currency,Frequency,Market Base Salary 25th,Market Base Salary 50th (Median),Market Base Salary 75th,Market Total Cash 25th,Market Total Cash 50th (Median),Market Total Cash 75th,Market Total Direct 25th,Market Total Direct 50th (Median),Market Total Direct 75th,Market ST IC 25th,Market ST IC 50th,Market ST IC 75th,Market LTIC 25th,Market LTIC 50th,Market LTIC 75th" format="rfc4180" separator="," useFirstLineAsHeader="true"/>
                <cc:log id="Log">
                    <cc:log-message>
                        <cc:text>*****************************Input XML Data*****************************</cc:text>
                        <cc:message-content/>
                        <cc:text>*****************************Input XML Data*****************************</cc:text>
                    </cc:log-message>
                </cc:log>
                <cc:copy id="Copy0" output="variable" output-variable="InputFile"/>
            </cc:steps>
        </cc:async-mediation>
        <cc:async-mediation id="AsyncMediation0" routes-to="AsyncMediation15" handle-downstream-errors="true">
            <cc:steps>
                <cc:eval id="Eval">
                    <cc:expression>props['file.count'] = da.size()</cc:expression>
                </cc:eval>
                <cc:validate-exp id="ValidateExp">
                    <cc:expression failure-message="No Input file to process">props['file.count'] != 0</cc:expression>
                </cc:validate-exp>
            </cc:steps>
            <cc:send-error id="SendError" routes-to="CallFileMissingError"/>
        </cc:async-mediation>
        <cc:local-out id="CallDataValidation" store-message="none" routes-response-to="CallPutData" endpoint="vm://INT0312_MarketPay_Compensation_Benchmark_Inbound/DataValidation"/>
        <cc:local-in id="DataValidation" routes-to="AsyncMediation13"/>
        <cc:splitter id="Splitter">
            <cc:sub-route name="SubRoute" routes-to="AsyncMediation3"/>
            <cc:xml-stream-splitter xpath="root/row"/>
        </cc:splitter>
        <cc:async-mediation id="AsyncMediation3" execute-steps-when="props['blank.processing'] == false">
            <cc:steps>
                <cc:eval id="Eval">
                    <cc:expression>props['T.Job.Profile.ID'] = parts[0].xpath('row/Job-Profile-ID');</cc:expression>
                    <cc:expression>props['T.Currency'] = parts[0].xpath('row/Currency');</cc:expression>
                    <cc:expression>props['T.Frequency'] = parts[0].xpath('row/Frequency');</cc:expression>
                    <cc:expression>props['T.Market-Base-Salary-25th'] = parts[0].xpath('row/Market-Base-Salary-25th');</cc:expression>
                    <cc:expression>props['T.Market-Base-Salary-50th'] = parts[0].xpath('row/Market-Base-Salary-50th--Median-');</cc:expression>
                    <cc:expression>props['T.Market-Base-Salary-75th'] = parts[0].xpath('row/Market-Base-Salary-75th');</cc:expression>
                    <cc:expression>props['T.Market-Total-Cash-25th'] = parts[0].xpath('row/Market-Total-Cash-25th');</cc:expression>
                    <cc:expression>props['T.Market-Total-Cash-50th'] = parts[0].xpath('row/Market-Total-Cash-50th--Median-');</cc:expression>
                    <cc:expression>props['T.Market-Total-Cash-75th'] = parts[0].xpath('row/Market-Total-Cash-75th');</cc:expression>
                    <cc:expression>props['T.Market-Total-Direct-25th'] = parts[0].xpath('row/Market-Total-Direct-25th');</cc:expression>
                    <cc:expression>props['T.Market-Total-Direct-50th'] = parts[0].xpath('row/Market-Total-Direct-50th--Median-');</cc:expression>
                    <cc:expression>props['T.Market-Total-Direct-75th'] = parts[0].xpath('row/Market-Total-Direct-75th');</cc:expression>
                    <cc:expression>props['T.Market-ST-IC-25th'] = parts[0].xpath('row/Market-ST-IC-25th');</cc:expression>
                    <cc:expression>props['T.Market-ST-IC-50th'] = parts[0].xpath('row/Market-ST-IC-50th');</cc:expression>
                    <cc:expression>props['T.Market-ST-IC-75th'] = parts[0].xpath('row/Market-ST-IC-75th');</cc:expression>
                    <cc:expression>props['T.Market-LTIC-25th'] = parts[0].xpath('row/Market-LTIC-25th');</cc:expression>
                    <cc:expression>props['T.Market-LTIC-50th'] = parts[0].xpath('row/Market-LTIC-50th');</cc:expression>
                    <cc:expression>props['T.Market-LTIC-75th'] = parts[0].xpath('row/Market-LTIC-75th');</cc:expression>
                    <cc:expression>props['T.Input.Data']  = parts[0].xpath('count(row)')</cc:expression>
                </cc:eval>
                <cc:log id="Log">
                    <cc:log-message>
                        <cc:text>******************************File Data********************************&#xD;
props['p.Input.Data'] : @{props['p.Input.Data']}&#xD;
props['p.Job.Profile.ID'] : @{props['p.Job.Profile.ID']}&#xD;
props['p.USD.static.value'] : @{props['p.Currency']}&#xD;
props['p.Frequency'] : @{props['p.Frequency']}&#xD;
props['p.Market-Base-Salary-25th'] : @{props['p.Market-Base-Salary-25th']}&#xD;
props['p.Market-Base-Salary-50th'] : @{props['p.Market-Base-Salary-50th']}&#xD;
props['p.Market-Base-Salary-75th'] : @{props['p.Market-Base-Salary-75th']}&#xD;
props['p.Market-Total-Cash-25th'] : @{props['p.Market-Total-Cash-25th']}&#xD;
props['p.Market-Total-Cash-50th'] : @{props['p.Market-Total-Cash-50th']}&#xD;
props['p.Market-Total-Cash-75th'] : @{props['p.Market-Total-Cash-75th']}&#xD;
props['p.Market-Total-Direct-25th'] : @{props['p.Market-Total-Direct-25th']}&#xD;
props['p.Market-Total-Direct-50th'] : @{props['p.Market-Total-Direct-50th']}&#xD;
props['p.Market-Total-Direct-75th'] : @{props['p.Market-Total-Direct-75th']}&#xD;
props['p.Market-ST-IC-25th'] : @{props['p.Market-ST-IC-25th']}&#xD;
props['p.Market-ST-IC-50th'] : @{props['p.Market-ST-IC-50th']}&#xD;
props['p.Market-ST-IC-75th'] : @{props['p.Market-ST-IC-75th']}&#xD;
props['p.Market-LTIC-25th'] : @{props['p.Market-LTIC-25th']}&#xD;
props['p.Market-LTIC-50th'] : @{props['p.Market-LTIC-50th']}&#xD;
props['p.Market-LTIC-75th'] : @{props['p.Market-LTIC-75th']}</cc:text>
                        <cc:text>******************************File Data********************************</cc:text>
                    </cc:log-message>
                </cc:log>
            </cc:steps>
        </cc:async-mediation>
        <cc:local-out id="CallPutData" store-message="none" routes-response-to="CallBatchAudit" endpoint="vm://INT0312_MarketPay_Compensation_Benchmark_Inbound/Putdata"/>
        <cc:local-in id="Audit" routes-to="Aggregator"/>
        <cc:aggregator id="Aggregator" routes-to="AsyncMediation6" collate-when="props['p.close.aggregator'] == false" force-batch-when="props['p.close.aggregator'] == true">
            <cc:size-batch-strategy batch-size="-1"/>
            <cc:xml-message-content-collater>
        <cc:header-text>&lt;AuditLog></cc:header-text>
        <cc:footer-text>&lt;/AuditLog></cc:footer-text>
      </cc:xml-message-content-collater>
        </cc:aggregator>
        <cc:async-mediation id="AsyncMediation6" routes-to="PutIntegrationMessage0">
            <cc:steps>
                <cc:xslt-plus id="XsltPlus" url="AuditingRecords.xsl"/>
                <cc:log id="Log">
                    <cc:log-message>
                        <cc:text>****************XSLT Errror*******************88</cc:text>
                        <cc:message-content/>
                        <cc:text>****************XSLT Errror*******************</cc:text>
                    </cc:log-message>
                </cc:log>
                <cc:xml-to-csv id="XmlToCsv"/>
                <cc:store id="Store" expiresIn="90" title="INT0312_MarketPay_Compensation_Benchmark_Inbound.csv"/>
            </cc:steps>
        </cc:async-mediation>
        <cc:local-out id="PutIntegrationMessage0" endpoint="vm://wcc/PutIntegrationMessage"><cc:set name="is.message.severity" value="'INFO'"/><cc:set name="is.message.summary" value="'Integration Completed Successfully'"/></cc:local-out>
        <cc:local-in id="Putdata" routes-to="AsyncMediation12"/>
        <cc:local-out id="CallBatchAudit" store-message="none" execute-when="props['p.close.aggregator']  = true" endpoint="vm://INT0312_MarketPay_Compensation_Benchmark_Inbound/BatchAudit"/>
        <cc:local-in id="BatchAudit" routes-to="Aggregator"/>
        <cc:async-mediation id="AsyncMediation7" routes-to="AsyncMediation8">
            <cc:steps>
                <cc:set-headers execute-when="props['lp.Validate.Mode']" id="SetHeaders"><cc:remove-headers/><cc:add-headers>
    <cc:add-header name="X-Validate-Only" value="1"/>
</cc:add-headers></cc:set-headers>
                <cc:log id="Log">
                    <cc:log-message>
                        <cc:text>************************Write Enter Data*******************8</cc:text>
                        <cc:message-content/>
                        <cc:text></cc:text>
                    </cc:log-message>
                </cc:log>
            </cc:steps>
        </cc:async-mediation>
        <cc:async-mediation id="AsyncMediation8" routes-to="WorkdayOutSoap" handle-downstream-errors="true">
            <cc:steps>
                <cc:write id="Write">
                    <cc:message>
                        <cc:text>&lt;?xml version=&quot;1.0&quot; encoding=&quot;UTF-8&quot;?>&#xD;
&lt;env:Envelope&#xD;
    xmlns:env=&quot;http://schemas.xmlsoap.org/soap/envelope/&quot;&#xD;
    xmlns:xsd=&quot;http://www.w3.org/2001/XMLSchema&quot;>&#xD;
    &lt;env:Body>&#xD;
        &lt;wd:Import_Compensation_Benchmark_Cycle_Request&#xD;
            xmlns:wd=&quot;urn:com.workday/bsvc&quot;&#xD;
            wd:version=&quot;v43.0&quot;>&#xD;
            &lt;wd:Benchmark_Cycle_Reference>&#xD;
                &lt;wd:ID wd:type=&quot;Benchmark_Cycle_ID&quot;>@{props['Benchmark.Cycle.ID']}&lt;/wd:ID>&#xD;
            &lt;/wd:Benchmark_Cycle_Reference>&#xD;
            &lt;wd:Benchmark_Cycle_Data>&#xD;
                &lt;wd:Benchmark_Data>&#xD;
                    &lt;wd:Compensation_Benchmark_Job_Input_Parameters>&#xD;
                        &lt;wd:First_Percentile_Reference>&#xD;
                            &lt;wd:ID wd:type=&quot;Compensation_Survey_Job_Result_Field_Type_ID&quot;>25th&lt;/wd:ID>&#xD;
                        &lt;/wd:First_Percentile_Reference>&#xD;
                        &lt;wd:Second_Percentile_Reference>&#xD;
                            &lt;wd:ID wd:type=&quot;Compensation_Survey_Job_Result_Field_Type_ID&quot;>50th&lt;/wd:ID>&#xD;
                        &lt;/wd:Second_Percentile_Reference>&#xD;
                        &lt;wd:Third_Percentile_Reference>&#xD;
                            &lt;wd:ID wd:type=&quot;Compensation_Survey_Job_Result_Field_Type_ID&quot;>75th&lt;/wd:ID>&#xD;
                        &lt;/wd:Third_Percentile_Reference>&#xD;
                    &lt;/wd:Compensation_Benchmark_Job_Input_Parameters>&#xD;
                    &lt;wd:Compensation_Benchmark_Data>&#xD;
                        &lt;wd:Job_Profile_Reference>&#xD;
                            &lt;wd:ID wd:type=&quot;Job_Profile_ID&quot;>@{props['p.Job.Profile.ID']}&lt;/wd:ID>&#xD;
                        &lt;/wd:Job_Profile_Reference>&#xD;
                        &lt;wd:Benchmark_Profile_Data>&#xD;
                            &lt;wd:Currency_Reference>&#xD;
                                &lt;wd:ID wd:type=&quot;Currency_ID&quot;>@{props['p.Currency']}&lt;/wd:ID>&#xD;
                            &lt;/wd:Currency_Reference>&#xD;
                            &lt;wd:Frequency_Reference>&#xD;
                                &lt;wd:ID wd:type=&quot;Frequency_ID&quot;>@{props['p.Frequency']}&lt;/wd:ID>&#xD;
                            &lt;/wd:Frequency_Reference>&#xD;
                            &lt;wd:First_Component_Container_Data>&#xD;
                                &lt;wd:First_Component_Reference>&#xD;
                                    &lt;wd:ID wd:type=&quot;Compensation_Survey_Job_Result_Component_Category_ID&quot;>Base Salary&lt;/wd:ID>&#xD;
                                &lt;/wd:First_Component_Reference>&#xD;
                                &lt;wd:First_Percentile_Field_Data>&#xD;
                                    &lt;wd:First_Percentile_Value>@{props['p.Market-Base-Salary-25th']}&lt;/wd:First_Percentile_Value>&#xD;
                                &lt;/wd:First_Percentile_Field_Data>&#xD;
                                &lt;wd:Second_Percentile_Field_Data>&#xD;
                                    &lt;wd:Second_Percentile_Value>@{props['p.Market-Base-Salary-50th']}&lt;/wd:Second_Percentile_Value>&#xD;
                                &lt;/wd:Second_Percentile_Field_Data>&#xD;
                                &lt;wd:Third_Percentile_Field_Data>&#xD;
                                    &lt;wd:Third_Percentile_Value>@{props['p.Market-Base-Salary-75th']}&lt;/wd:Third_Percentile_Value>&#xD;
                                &lt;/wd:Third_Percentile_Field_Data>&#xD;
                            &lt;/wd:First_Component_Container_Data>&#xD;
                            &lt;wd:Second_Component_Container_Data>&#xD;
                                &lt;wd:Second_Component_Reference>&#xD;
                                    &lt;wd:ID wd:type=&quot;Compensation_Survey_Job_Result_Component_Category_ID&quot;>Total Cash&lt;/wd:ID>&#xD;
                                &lt;/wd:Second_Component_Reference>&#xD;
                                &lt;wd:First_Percentile_Field_Data>&#xD;
                                    &lt;wd:First_Percentile_Value>@{props['p.Market-Total-Cash-25th']}&lt;/wd:First_Percentile_Value>&#xD;
                                &lt;/wd:First_Percentile_Field_Data>&#xD;
                                &lt;wd:Second_Percentile_Field_Data>&#xD;
                                    &lt;wd:Second_Percentile_Value>@{props['p.Market-Total-Cash-50th']}&lt;/wd:Second_Percentile_Value>&#xD;
                                &lt;/wd:Second_Percentile_Field_Data>&#xD;
                                &lt;wd:Third_Percentile_Field_Data>&#xD;
                                    &lt;wd:Third_Percentile_Value>@{props['p.Market-Total-Cash-75th']}&lt;/wd:Third_Percentile_Value>&#xD;
                                &lt;/wd:Third_Percentile_Field_Data>&#xD;
                            &lt;/wd:Second_Component_Container_Data>&#xD;
                            &lt;wd:Third_Component_Container_Data>&#xD;
                                &lt;wd:Third_Component_Reference>&#xD;
                                    &lt;wd:ID wd:type=&quot;Compensation_Survey_Job_Result_Component_Category_ID&quot;>Total Direct&lt;/wd:ID>&#xD;
                                &lt;/wd:Third_Component_Reference>&#xD;
                                &lt;wd:First_Percentile_Field_Data>&#xD;
                                    &lt;wd:First_Percentile_Value>@{props['p.Market-Total-Direct-25th']}&lt;/wd:First_Percentile_Value>&#xD;
                                &lt;/wd:First_Percentile_Field_Data>&#xD;
                                &lt;wd:Second_Percentile_Field_Data>&#xD;
                                    &lt;wd:Second_Percentile_Value>@{props['p.Market-Total-Direct-50th']}&lt;/wd:Second_Percentile_Value>&#xD;
                                &lt;/wd:Second_Percentile_Field_Data>&#xD;
                                &lt;wd:Third_Percentile_Field_Data>&#xD;
                                    &lt;wd:Third_Percentile_Value>@{props['p.Market-Total-Direct-75th']}&lt;/wd:Third_Percentile_Value>&#xD;
                                &lt;/wd:Third_Percentile_Field_Data>&#xD;
                            &lt;/wd:Third_Component_Container_Data>&#xD;
                            &lt;wd:Fourth_Component_Container_Data>&#xD;
                                &lt;wd:Fourth_Component_Reference>&#xD;
                                    &lt;wd:ID wd:type=&quot;Compensation_Survey_Job_Result_Component_Category_ID&quot;>ST IC&lt;/wd:ID>&#xD;
                                &lt;/wd:Fourth_Component_Reference>&#xD;
                                &lt;wd:First_Percentile_Field_Data>&#xD;
                                    &lt;wd:First_Percentile_Value>@{props['p.Market-ST-IC-25th']}&lt;/wd:First_Percentile_Value>&#xD;
                                &lt;/wd:First_Percentile_Field_Data>&#xD;
                                &lt;wd:Second_Percentile_Field_Data>&#xD;
                                    &lt;wd:Second_Percentile_Value>@{props['p.Market-ST-IC-50th']}&lt;/wd:Second_Percentile_Value>&#xD;
                                &lt;/wd:Second_Percentile_Field_Data>&#xD;
                                &lt;wd:Third_Percentile_Field_Data>&#xD;
                                    &lt;wd:Third_Percentile_Value>@{props['p.Market-ST-IC-75th']}&lt;/wd:Third_Percentile_Value>&#xD;
                                &lt;/wd:Third_Percentile_Field_Data>&#xD;
                            &lt;/wd:Fourth_Component_Container_Data>&#xD;
                            &lt;wd:Fifth_Component_Container_Data>&#xD;
                                &lt;wd:Fifth_Component_Reference>&#xD;
                                    &lt;wd:ID wd:type=&quot;Compensation_Survey_Job_Result_Component_Category_ID&quot;>LTIC&lt;/wd:ID>&#xD;
                                &lt;/wd:Fifth_Component_Reference>&#xD;
                                &lt;wd:First_Percentile_Field_Data>&#xD;
                                    &lt;wd:First_Percentile_Value>@{props['p.Market-LTIC-25th']}&lt;/wd:First_Percentile_Value>&#xD;
                                &lt;/wd:First_Percentile_Field_Data>&#xD;
                                &lt;wd:Second_Percentile_Field_Data>&#xD;
                                    &lt;wd:Second_Percentile_Value>@{props['p.Market-LTIC-50th']}&lt;/wd:Second_Percentile_Value>&#xD;
                                &lt;/wd:Second_Percentile_Field_Data>&#xD;
                                &lt;wd:Third_Percentile_Field_Data>&#xD;
                                    &lt;wd:Third_Percentile_Value>@{props['p.Market-LTIC-75th']}&lt;/wd:Third_Percentile_Value>&#xD;
                                &lt;/wd:Third_Percentile_Field_Data>&#xD;
                            &lt;/wd:Fifth_Component_Container_Data>&#xD;
                        &lt;/wd:Benchmark_Profile_Data>&#xD;
                    &lt;/wd:Compensation_Benchmark_Data>&#xD;
                &lt;/wd:Benchmark_Data>&#xD;
            &lt;/wd:Benchmark_Cycle_Data>&#xD;
        &lt;/wd:Import_Compensation_Benchmark_Cycle_Request>&#xD;
    &lt;/env:Body>&#xD;
&lt;/env:Envelope></cc:text>
                    </cc:message>
                </cc:write>
            </cc:steps>
            <cc:send-error id="SendError" routes-to="AsyncMediation11"/>
        </cc:async-mediation>
        <cc:async-mediation id="AsyncMediation9" routes-to="AsyncMediation10">
            <cc:steps>
                <cc:set-headers execute-when="props['lp.Validate.Mode']" id="SetHeaders"><cc:remove-headers>
    <cc:remove-header name="X-Validate-Only"/>
</cc:remove-headers><cc:add-headers/></cc:set-headers>
                <cc:log id="Log">
                    <cc:log-message>
                        <cc:text>*************************Soap Result*********************88</cc:text>
                        <cc:message-content/>
                        <cc:text>*************************Soap Result*********************88</cc:text>
                    </cc:log-message>
                </cc:log>
            </cc:steps>
        </cc:async-mediation>
        <cc:workday-out-soap id="WorkdayOutSoap" routes-response-to="AsyncMediation9" application="Compensation" version="v43.0"/>
        <cc:async-mediation id="AsyncMediation10" routes-to="CallSuccessAudit">
            <cc:steps>
                <cc:eval id="Eval">
                    <cc:expression>props['Message'] = 'Successfully Completed'</cc:expression>
                    <cc:expression>props['Status'] = 'Success'</cc:expression>
                </cc:eval>
                <cc:write id="Write">
                    <cc:message>
                        <cc:text>&lt;Audit>&#xD;
	&lt;Job-Profile-ID>@{props['p.Job.Profile.ID']}&lt;/Job-Profile-ID>&#xD;
	&lt;Currency>@{props['p.Currency']}&lt;/Currency>&#xD;
    &lt;Frequency>@{props['p.Frequency']}&lt;/Frequency>&#xD;
	&lt;Market-Base-Salary-25th>@{props['p.Market-Base-Salary-25th']}&lt;/Market-Base-Salary-25th>&#xD;
	&lt;Market-Base-Salary-50th-Median>@{props['p.Market-Base-Salary-50th']}&lt;/Market-Base-Salary-50th-Median>&#xD;
	&lt;Market-Base-Salary-75th>@{props['p.Market-Base-Salary-75th']}&lt;/Market-Base-Salary-75th>&#xD;
	&lt;Market-Total-Cash-25th>@{props['p.Market-Total-Cash-25th']}&lt;/Market-Total-Cash-25th>&#xD;
	&lt;Market-Total-Cash-50th-Median>@{props['p.Market-Total-Cash-50th']}&lt;/Market-Total-Cash-50th-Median>&#xD;
	&lt;Market-Total-Cash-75th>@{props['p.Market-Total-Cash-75th']}&lt;/Market-Total-Cash-75th>&#xD;
	&lt;Market-Total-Direct-25th>@{props['p.Market-Total-Direct-25th']}&lt;/Market-Total-Direct-25th>&#xD;
	&lt;Market-Total-Direct-50th-Median>@{props['p.Market-Total-Direct-50th']}&lt;/Market-Total-Direct-50th-Median>&#xD;
	&lt;Market-Total-Direct-75th>@{props['p.Market-Total-Direct-75th']}&lt;/Market-Total-Direct-75th>&#xD;
	&lt;Market-ST-IC-25th>@{props['p.Market-ST-IC-25th']}&lt;/Market-ST-IC-25th>&#xD;
	&lt;Market-ST-IC-50th>@{props['p.Market-ST-IC-50th']}&lt;/Market-ST-IC-50th>&#xD;
	&lt;Market-ST-IC-75th>@{props['p.Market-ST-IC-75th']}&lt;/Market-ST-IC-75th>&#xD;
	&lt;Market-LTIC-25th>@{props['p.Market-LTIC-25th']}&lt;/Market-LTIC-25th>&#xD;
	&lt;Market-LTIC-50th>@{props['p.Market-LTIC-50th']}&lt;/Market-LTIC-50th>&#xD;
	&lt;Market-LTIC-75th>@{props['p.Market-LTIC-75th']}&lt;/Market-LTIC-75th>&#xD;
	&lt;Status>@{props['Status']}&lt;/Status>&#xD;
	&lt;Message>@{props['Message']}&lt;/Message>&#xD;
&lt;/Audit></cc:text>
                    </cc:message>
                </cc:write>
                <cc:log id="Log">
                    <cc:log-message>
                        <cc:text>******************Success  Write**********************8</cc:text>
                        <cc:message-content/>
                        <cc:text>******************Success  Write**********************8</cc:text>
                    </cc:log-message>
                </cc:log>
            </cc:steps>
        </cc:async-mediation>
        <cc:async-mediation id="AsyncMediation11" routes-to="CallSeviceAudit">
            <cc:steps>
                <cc:eval id="Eval">
                    <cc:expression>props['Message'] = context.errorMessage</cc:expression>
                    <cc:expression>props['Status'] = 'Failed'</cc:expression>
                </cc:eval>
                <cc:write id="Write">
                    <cc:message>
                        <cc:text>&lt;Audit>&#xD;
	&lt;Job-Profile-ID>@{props['p.Job.Profile.ID']}&lt;/Job-Profile-ID>&#xD;
	&lt;Currency>@{props['p.Currency']}&lt;/Currency>&#xD;
    &lt;Frequency>@{props['p.Frequency']}&lt;/Frequency>&#xD;
	&lt;Market-Base-Salary-25th>@{props['p.Market-Base-Salary-25th']}&lt;/Market-Base-Salary-25th>&#xD;
	&lt;Market-Base-Salary-50th-Median>@{props['p.Market-Base-Salary-50th']}&lt;/Market-Base-Salary-50th-Median>&#xD;
	&lt;Market-Base-Salary-75th>@{props['p.Market-Base-Salary-75th']}&lt;/Market-Base-Salary-75th>&#xD;
	&lt;Market-Total-Cash-25th>@{props['p.Market-Total-Cash-25th']}&lt;/Market-Total-Cash-25th>&#xD;
	&lt;Market-Total-Cash-50th-Median>@{props['p.Market-Total-Cash-50th']}&lt;/Market-Total-Cash-50th-Median>&#xD;
	&lt;Market-Total-Cash-75th>@{props['p.Market-Total-Cash-75th']}&lt;/Market-Total-Cash-75th>&#xD;
	&lt;Market-Total-Direct-25th>@{props['p.Market-Total-Direct-25th']}&lt;/Market-Total-Direct-25th>&#xD;
	&lt;Market-Total-Direct-50th-Median>@{props['p.Market-Total-Direct-50th']}&lt;/Market-Total-Direct-50th-Median>&#xD;
	&lt;Market-Total-Direct-75th>@{props['p.Market-Total-Direct-75th']}&lt;/Market-Total-Direct-75th>&#xD;
	&lt;Market-ST-IC-25th>@{props['p.Market-ST-IC-25th']}&lt;/Market-ST-IC-25th>&#xD;
	&lt;Market-ST-IC-50th>@{props['p.Market-ST-IC-50th']}&lt;/Market-ST-IC-50th>&#xD;
	&lt;Market-ST-IC-75th>@{props['p.Market-ST-IC-75th']}&lt;/Market-ST-IC-75th>&#xD;
	&lt;Market-LTIC-25th>@{props['p.Market-LTIC-25th']}&lt;/Market-LTIC-25th>&#xD;
	&lt;Market-LTIC-50th>@{props['p.Market-LTIC-50th']}&lt;/Market-LTIC-50th>&#xD;
	&lt;Market-LTIC-75th>@{props['p.Market-LTIC-75th']}&lt;/Market-LTIC-75th>&#xD;
	&lt;Status>@{props['Status']}&lt;/Status>&#xD;
	&lt;Message>@{props['Message']}&lt;/Message>&#xD;
&lt;/Audit></cc:text>
                    </cc:message>
                </cc:write>
                <cc:log id="Log">
                    <cc:log-message>
                        <cc:text>************************Write Error Log**************************8</cc:text>
                        <cc:message-content/>
                        <cc:text>************************Write Error Log**************************8</cc:text>
                    </cc:log-message>
                </cc:log>
            </cc:steps>
        </cc:async-mediation>
        <cc:local-out id="CallSeviceAudit" store-message="none" endpoint="vm://INT0312_MarketPay_Compensation_Benchmark_Inbound/Audit"/>
        <cc:local-out id="CallSuccessAudit" store-message="none" endpoint="vm://INT0312_MarketPay_Compensation_Benchmark_Inbound/Audit"/>
        <cc:async-mediation id="AsyncMediation12" routes-to="Splitter0">
            <cc:steps>
                <cc:copy id="Copy" input="variable" input-variable="InputFile"/>
            </cc:steps>
        </cc:async-mediation>
        <cc:async-mediation id="AsyncMediation13" routes-to="Splitter" handle-downstream-errors="true">
            <cc:steps>
                <cc:copy id="Copy" input="variable" input-variable="InputFile"/>
                <cc:log id="Log">
                    <cc:log-message>
                        <cc:text>*********************File Data For a Blank*************88</cc:text>
                        <cc:message-content/>
                        <cc:text>*********************File Data For a Blank*************88</cc:text>
                    </cc:log-message>
                </cc:log>
            </cc:steps>
            <cc:send-error id="SendError" routes-to="CallBlankFileError"/>
        </cc:async-mediation>
        <cc:splitter id="Splitter0">
            <cc:sub-route name="SubRoute" routes-to="AsyncMediation14"/>
            <cc:xml-stream-splitter xpath="root/row"/>
        </cc:splitter>
        <cc:async-mediation id="AsyncMediation14" routes-to="AsyncMediation7">
            <cc:steps>
                <cc:eval id="Eval">
                    <cc:expression>props['p.Job.Profile.ID'] = parts[0].xpath('row/Job-Profile-ID');</cc:expression>
                    <cc:expression>props['p.Currency'] = parts[0].xpath('row/Currency');</cc:expression>
                    <cc:expression>props['p.Frequency'] = parts[0].xpath('row/Frequency');</cc:expression>
                    <cc:expression>props['p.Market-Base-Salary-25th'] = parts[0].xpath('row/Market-Base-Salary-25th');</cc:expression>
                    <cc:expression>props['p.Market-Base-Salary-50th'] = parts[0].xpath('row/Market-Base-Salary-50th--Median-');</cc:expression>
                    <cc:expression>props['p.Market-Base-Salary-75th'] = parts[0].xpath('row/Market-Base-Salary-75th');</cc:expression>
                    <cc:expression>props['p.Market-Total-Cash-25th'] = parts[0].xpath('row/Market-Total-Cash-25th');</cc:expression>
                    <cc:expression>props['p.Market-Total-Cash-50th'] = parts[0].xpath('row/Market-Total-Cash-50th--Median-');</cc:expression>
                    <cc:expression>props['p.Market-Total-Cash-75th'] = parts[0].xpath('row/Market-Total-Cash-75th');</cc:expression>
                    <cc:expression>props['p.Market-Total-Direct-25th'] = parts[0].xpath('row/Market-Total-Direct-25th');</cc:expression>
                    <cc:expression>props['p.Market-Total-Direct-50th'] = parts[0].xpath('row/Market-Total-Direct-50th--Median-');</cc:expression>
                    <cc:expression>props['p.Market-Total-Direct-75th'] = parts[0].xpath('row/Market-Total-Direct-75th');</cc:expression>
                    <cc:expression>props['p.Market-ST-IC-25th'] = parts[0].xpath('row/Market-ST-IC-25th');</cc:expression>
                    <cc:expression>props['p.Market-ST-IC-50th'] = parts[0].xpath('row/Market-ST-IC-50th');</cc:expression>
                    <cc:expression>props['p.Market-ST-IC-75th'] = parts[0].xpath('row/Market-ST-IC-75th');</cc:expression>
                    <cc:expression>props['p.Market-LTIC-25th'] = parts[0].xpath('row/Market-LTIC-25th');</cc:expression>
                    <cc:expression>props['p.Market-LTIC-50th'] = parts[0].xpath('row/Market-LTIC-50th');</cc:expression>
                    <cc:expression>props['p.Market-LTIC-75th'] = parts[0].xpath('row/Market-LTIC-75th');</cc:expression>
                    <cc:expression>props['p.Input.Data']  = parts[0].xpath('count(row)')</cc:expression>
                </cc:eval>
            </cc:steps>
        </cc:async-mediation>
        <cc:send-error id="global-error-handler" rethrow-error="false" routes-to="Note-Error"/>
        <cc:local-out id="Note-Error" endpoint="vm://wcc/PutIntegrationMessage">
            <cc:set name="is.message.severity" value="'CRITICAL'"/>
            <cc:set name="is.message.summary" value="context.errorMessage"/>
        </cc:local-out>
        <cc:async-mediation id="AsyncMediation15" routes-to="Route" execute-steps-when="props['abort.processing'] = false">
            <cc:steps/>
        </cc:async-mediation>
        <cc:local-out id="CallBlankFileError" store-message="none" endpoint="vm://INT0312_MarketPay_Compensation_Benchmark_Inbound/BlankFileError"/>
        <cc:async-mediation id="AsyncMediation16" routes-to="PutIntegrationMessage1">
            <cc:steps>
                <cc:eval id="Eval">
                    <cc:expression>props['blank.processing'] = true</cc:expression>
                </cc:eval>
            </cc:steps>
        </cc:async-mediation>
        <cc:local-in id="BlankFileError" routes-to="AsyncMediation16"/>
        <cc:local-out id="PutIntegrationMessage1" endpoint="vm://wcc/PutIntegrationMessage"><cc:set name="is.message.severity" value="'ERROR'"/><cc:set name="is.message.summary" value="'Received Blank Input file gor processing'"/><cc:set name="is.message.storage.enabled" value="false"/></cc:local-out>
	</cc:assembly>

</beans>