<?xml version="1.0" encoding="UTF-8"?>
<wdnm:Diagram xmlns:wdnm="http://workday.com/studio/editors/notation">
  <element href="assembly.xml#WorkdayAssembly"/>
  <visualProperties x="289" y="202">
    <element href="assembly.xml#StartHere"/>
  </visualProperties>
  <visualProperties x="408" y="205">
    <element href="assembly.xml#AsyncMediation"/>
  </visualProperties>
  <visualProperties x="445" y="105">
    <element href="assembly.xml#CallInputfile"/>
  </visualProperties>
  <visualProperties x="176" y="309">
    <element href="assembly.xml#Inputfile"/>
  </visualProperties>
  <visualProperties x="285" y="319">
    <element href="assembly.xml#GetEventDocuments"/>
  </visualProperties>
  <visualProperties x="481" y="269">
    <element href="assembly.xml#Route"/>
  </visualProperties>
  <visualProperties x="585" y="389">
    <element href="assembly.xml#CallFileMissingError"/>
  </visualProperties>
  <visualProperties x="924" y="364">
    <element href="assembly.xml#FileMissingError"/>
  </visualProperties>
  <visualProperties x="1091" y="364">
    <element href="assembly.xml#AsyncMediation1"/>
  </visualProperties>
  <visualProperties x="1247" y="399">
    <element href="assembly.xml#PutIntegrationMessage"/>
  </visualProperties>
  <visualProperties x="847" y="366">
    <element href="assembly.xml#AsyncMediation2"/>
  </visualProperties>
  <visualProperties x="695" y="301">
    <element href="assembly.xml#AsyncMediation0"/>
  </visualProperties>
  <visualProperties x="594" y="100">
    <element href="assembly.xml#CallDataValidation"/>
  </visualProperties>
  <visualProperties x="268" y="292">
    <element href="assembly.xml#DataValidation"/>
  </visualProperties>
  <visualProperties x="414" y="295">
    <element href="assembly.xml#Splitter"/>
  </visualProperties>
  <visualProperties x="551" y="353">
    <element href="assembly.xml#AsyncMediation3"/>
  </visualProperties>
  <visualProperties x="778" y="93">
    <element href="assembly.xml#CallPutData"/>
  </visualProperties>
  <visualProperties x="1088" y="610">
    <element href="assembly.xml#Audit"/>
  </visualProperties>
  <visualProperties x="1184" y="612">
    <element href="assembly.xml#Aggregator"/>
  </visualProperties>
  <visualProperties x="1367" y="646">
    <element href="assembly.xml#AsyncMediation6"/>
  </visualProperties>
  <visualProperties x="1732" y="676">
    <element href="assembly.xml#PutIntegrationMessage0"/>
  </visualProperties>
  <visualProperties x="1210" y="518">
    <element href="assembly.xml#Putdata"/>
  </visualProperties>
  <visualProperties x="928" y="84">
    <element href="assembly.xml#CallBatchAudit"/>
  </visualProperties>
  <visualProperties x="1172" y="834">
    <element href="assembly.xml#BatchAudit"/>
  </visualProperties>
  <visualProperties x="1297" y="530">
    <element href="assembly.xml#AsyncMediation7"/>
  </visualProperties>
  <visualProperties x="1461" y="558">
    <element href="assembly.xml#AsyncMediation8"/>
  </visualProperties>
  <visualProperties x="1625" y="558">
    <element href="assembly.xml#AsyncMediation9"/>
  </visualProperties>
  <visualProperties x="1632" y="570">
    <element href="assembly.xml#WorkdayOutSoap"/>
  </visualProperties>
  <visualProperties x="1971" y="558">
    <element href="assembly.xml#AsyncMediation10"/>
  </visualProperties>
  <visualProperties x="1534" y="694">
    <element href="assembly.xml#AsyncMediation11"/>
  </visualProperties>
  <visualProperties x="1490" y="794">
    <element href="assembly.xml#CallSeviceAudit"/>
  </visualProperties>
  <visualProperties x="2208" y="528">
    <element href="assembly.xml#CallSuccessAudit"/>
  </visualProperties>
  <visualProperties x="1252" y="550">
    <element href="assembly.xml#AsyncMediation12"/>
  </visualProperties>
  <visualProperties x="404" y="340">
    <element href="assembly.xml#AsyncMediation13"/>
  </visualProperties>
  <visualProperties x="1566" y="550">
    <element href="assembly.xml#Splitter0"/>
  </visualProperties>
  <visualProperties x="1708" y="556">
    <element href="assembly.xml#AsyncMediation14"/>
  </visualProperties>
  <visualProperties x="424" y="2138">
    <element href="assembly.xml#//@beans/@mixed.1/@mixed.73"/>
  </visualProperties>
  <visualProperties x="729" y="2138">
    <element href="assembly.xml#Note-Error"/>
  </visualProperties>
  <visualProperties x="840" y="228">
    <element href="assembly.xml#AsyncMediation15"/>
  </visualProperties>
  <visualProperties x="534" y="848">
    <element href="assembly.xml#CallBlankFileError"/>
  </visualProperties>
  <visualProperties x="360" y="1123">
    <element href="assembly.xml#AsyncMediation16"/>
  </visualProperties>
  <visualProperties x="288" y="1190">
    <element href="assembly.xml#BlankFileError"/>
  </visualProperties>
  <visualProperties x="608" y="1178">
    <element href="assembly.xml#PutIntegrationMessage1"/>
  </visualProperties>
  <connections type="routesTo" sourceAnchorX="0.7798165137614679" sourceAnchorY="1.0" targetAnchorX="0.29133858267716534" targetAnchorY="0.6195652173913043">
    <source href="assembly.xml#StartHere"/>
    <target href="assembly.xml#AsyncMediation"/>
  </connections>
  <connections type="routesTo" sourceAnchorX="1.0" sourceAnchorY="0.29347826086956524" targetAnchorX="0.2361111111111111" targetAnchorY="0.35135135135135137">
    <source href="assembly.xml#AsyncMediation"/>
    <target href="assembly.xml#CallInputfile"/>
  </connections>
  <connections type="routesTo" sourceAnchorX="0.68" sourceAnchorY="1.0" targetAnchorX="0.17647058823529413" targetAnchorY="0.4864864864864865">
    <source href="assembly.xml#Inputfile"/>
    <target href="assembly.xml#GetEventDocuments"/>
  </connections>
  <connections type="routesTo" sourceAnchorX="1.0" sourceAnchorY="0.35135135135135137" targetAnchorX="0.2462686567164179" targetAnchorY="0.5652173913043478">
    <source href="assembly.xml#FileMissingError"/>
    <target href="assembly.xml#AsyncMediation1"/>
  </connections>
  <connections type="routesTo" sourceAnchorX="1.0" sourceAnchorY="0.32978723404255317" targetAnchorX="0.22826086956521738" targetAnchorY="0.1891891891891892">
    <source href="assembly.xml#AsyncMediation1"/>
    <target href="assembly.xml#PutIntegrationMessage"/>
  </connections>
  <connections type="routesTo" sourceAnchorX="1.0" sourceAnchorY="0.8235294117647058" targetAnchorX="0.4701492537313433" targetAnchorY="0.5543478260869565">
    <source href="assembly.xml#//@beans/@mixed.1/@route.0/@subRoute.0"/>
    <target href="assembly.xml#AsyncMediation2"/>
  </connections>
  <connections type="routesResponseTo" sourceAnchorX="0.4588235294117647" sourceAnchorY="1.0" targetAnchorX="0.3805970149253731" targetAnchorY="0.6170212765957447">
    <source href="assembly.xml#GetEventDocuments"/>
    <target href="assembly.xml#AsyncMediation0"/>
  </connections>
  <connections type="routesTo" sourceAnchorX="0.22695035460992907" sourceAnchorY="1.0" targetAnchorX="0.6745562130177515" targetAnchorY="0.21621621621621623">
    <source href="assembly.xml#//@beans/@mixed.1/@mixed.23/@mixed.3"/>
    <target href="assembly.xml#CallFileMissingError"/>
  </connections>
  <connections type="routesResponseTo" sourceAnchorX="0.7377049180327869" sourceAnchorY="1.0" targetAnchorX="0.375" targetAnchorY="0.21621621621621623">
    <source href="assembly.xml#CallInputfile"/>
    <target href="assembly.xml#CallDataValidation"/>
  </connections>
  <connections type="routesTo" sourceAnchorX="0.8617021276595744" sourceAnchorY="1.0" targetAnchorX="0.26865671641791045" targetAnchorY="0.4673913043478261">
    <source href="assembly.xml#//@beans/@mixed.1/@splitter.0/@subRoute.0"/>
    <target href="assembly.xml#AsyncMediation3"/>
  </connections>
  <connections type="routesTo" sourceAnchorX="0.8452380952380952" sourceAnchorY="1.0" targetAnchorX="0.4803921568627451" targetAnchorY="0.16216216216216217">
    <source href="assembly.xml#Audit"/>
    <target href="assembly.xml#Aggregator"/>
  </connections>
  <connections type="routesTo" sourceAnchorX="1.0" sourceAnchorY="0.2830188679245283" targetAnchorX="0.373134328358209" targetAnchorY="0.043478260869565216">
    <source href="assembly.xml#Aggregator"/>
    <target href="assembly.xml#AsyncMediation6"/>
  </connections>
  <connections type="routesTo" sourceAnchorX="1.0" sourceAnchorY="0.3404255319148936" targetAnchorX="0.4607329842931937" targetAnchorY="0.05405405405405406">
    <source href="assembly.xml#AsyncMediation6"/>
    <target href="assembly.xml#PutIntegrationMessage0"/>
  </connections>
  <connections type="routesResponseTo" sourceAnchorX="0.7317073170731707" sourceAnchorY="1.0" targetAnchorX="0.5902777777777778" targetAnchorY="0.6486486486486487">
    <source href="assembly.xml#CallPutData"/>
    <target href="assembly.xml#CallBatchAudit"/>
  </connections>
  <connections type="routesTo" sourceAnchorX="0.782608695652174" sourceAnchorY="1.0" targetAnchorX="0.7843137254901961" targetAnchorY="0.2169811320754717">
    <source href="assembly.xml#BatchAudit"/>
    <target href="assembly.xml#Aggregator"/>
  </connections>
  <connections type="routesTo" sourceAnchorX="1.0" sourceAnchorY="0.5106382978723404" targetAnchorX="0.5671641791044776" targetAnchorY="0.30434782608695654">
    <source href="assembly.xml#AsyncMediation7"/>
    <target href="assembly.xml#AsyncMediation8"/>
  </connections>
  <connections type="routesTo" sourceAnchorX="1.0" sourceAnchorY="0.5106382978723404" targetAnchorX="0.3815789473684211" targetAnchorY="0.2702702702702703">
    <source href="assembly.xml#AsyncMediation8"/>
    <target href="assembly.xml#WorkdayOutSoap"/>
  </connections>
  <connections type="routesResponseTo" sourceAnchorX="0.7236842105263158" sourceAnchorY="1.0" targetAnchorX="0.5074626865671642" targetAnchorY="0.8085106382978723">
    <source href="assembly.xml#WorkdayOutSoap"/>
    <target href="assembly.xml#AsyncMediation9"/>
  </connections>
  <connections type="routesTo" sourceAnchorX="1.0" sourceAnchorY="0.46808510638297873" targetAnchorX="0.6524822695035462" targetAnchorY="0.782608695652174">
    <source href="assembly.xml#AsyncMediation9"/>
    <target href="assembly.xml#AsyncMediation10"/>
  </connections>
  <connections type="routesTo" sourceAnchorX="0.36220472440944884" sourceAnchorY="1.0" targetAnchorX="0.75" targetAnchorY="0.20652173913043478">
    <source href="assembly.xml#//@beans/@mixed.1/@mixed.51/@mixed.3"/>
    <target href="assembly.xml#AsyncMediation11"/>
  </connections>
  <connections type="routesTo" sourceAnchorX="0.0" sourceAnchorY="0.4787234042553192" targetAnchorX="0.4788732394366197" targetAnchorY="0.40540540540540543">
    <source href="assembly.xml#AsyncMediation11"/>
    <target href="assembly.xml#CallSeviceAudit"/>
  </connections>
  <connections type="routesTo" sourceAnchorX="1.0" sourceAnchorY="0.2553191489361702" targetAnchorX="0.3961038961038961" targetAnchorY="0.2702702702702703">
    <source href="assembly.xml#AsyncMediation10"/>
    <target href="assembly.xml#CallSuccessAudit"/>
  </connections>
  <connections type="routesTo" sourceAnchorX="0.8080808080808081" sourceAnchorY="1.0" targetAnchorX="0.41843971631205673" targetAnchorY="0.6086956521739131">
    <source href="assembly.xml#Putdata"/>
    <target href="assembly.xml#AsyncMediation12"/>
  </connections>
  <connections type="routesTo" sourceAnchorX="1.0" sourceAnchorY="0.3404255319148936" targetAnchorX="0.616822429906542" targetAnchorY="0.5844155844155844">
    <source href="assembly.xml#AsyncMediation12"/>
    <target href="assembly.xml#Splitter0"/>
  </connections>
  <connections type="routesTo" sourceAnchorX="0.9574468085106383" sourceAnchorY="1.0" targetAnchorX="0.3617021276595745" targetAnchorY="0.5217391304347826">
    <source href="assembly.xml#//@beans/@mixed.1/@splitter.1/@subRoute.0"/>
    <target href="assembly.xml#AsyncMediation14"/>
  </connections>
  <connections type="routesTo" sourceAnchorX="1.0" sourceAnchorY="0.3695652173913043" targetAnchorX="0.4697986577181208" targetAnchorY="0.7446808510638298">
    <source href="assembly.xml#AsyncMediation14"/>
    <target href="assembly.xml#AsyncMediation7"/>
  </connections>
  <connections type="routesTo" sourceAnchorX="0.9669421487603306" sourceAnchorY="0.43243243243243246" targetAnchorX="0.06060606060606061" targetAnchorY="0.3783783783783784">
    <source href="assembly.xml#//@beans/@mixed.1/@mixed.73"/>
    <target href="assembly.xml#Note-Error"/>
  </connections>
  <connections type="routesTo" sourceAnchorX="0.6323529411764706" sourceAnchorY="1.0" targetAnchorX="0.10638297872340426" targetAnchorY="0.3191489361702128">
    <source href="assembly.xml#DataValidation"/>
    <target href="assembly.xml#AsyncMediation13"/>
  </connections>
  <connections type="routesTo" sourceAnchorX="1.0" sourceAnchorY="0.216" targetAnchorX="0.7588652482269503" targetAnchorY="0.20652173913043478">
    <source href="assembly.xml#AsyncMediation0"/>
    <target href="assembly.xml#AsyncMediation15"/>
  </connections>
  <connections type="routesTo" sourceAnchorX="1.0" sourceAnchorY="0.4673913043478261" targetAnchorX="0.6542056074766355" targetAnchorY="0.14935064935064934">
    <source href="assembly.xml#AsyncMediation15"/>
    <target href="assembly.xml#Route"/>
  </connections>
  <connections type="routesTo" sourceAnchorX="1.0" sourceAnchorY="0.2127659574468085" targetAnchorX="0.42990654205607476" targetAnchorY="0.12987012987012986">
    <source href="assembly.xml#AsyncMediation13"/>
    <target href="assembly.xml#Splitter"/>
  </connections>
  <connections type="routesTo" sourceAnchorX="0.5671641791044776" sourceAnchorY="1.0" targetAnchorX="0.6815286624203821" targetAnchorY="0.4594594594594595">
    <source href="assembly.xml#//@beans/@mixed.1/@mixed.67/@mixed.3"/>
    <target href="assembly.xml#CallBlankFileError"/>
  </connections>
  <connections type="routesTo" sourceAnchorX="0.7111111111111111" sourceAnchorY="1.0" targetAnchorX="0.2765957446808511" targetAnchorY="0.32608695652173914">
    <source href="assembly.xml#BlankFileError"/>
    <target href="assembly.xml#AsyncMediation16"/>
  </connections>
  <connections type="routesTo" sourceAnchorX="1.0" sourceAnchorY="0.4782608695652174" targetAnchorX="0.24083769633507854" targetAnchorY="0.2702702702702703">
    <source href="assembly.xml#AsyncMediation16"/>
    <target href="assembly.xml#PutIntegrationMessage1"/>
  </connections>
  <connections type="routesResponseTo" sourceAnchorX="0.3291139240506329" sourceAnchorY="1.0" targetAnchorX="0.35772357723577236" targetAnchorY="0.43243243243243246">
    <source href="assembly.xml#CallDataValidation"/>
    <target href="assembly.xml#CallPutData"/>
  </connections>
  <swimlanes x="66" y="-49" bgColor="12615808" name="Integration Flow">
    <elements href="assembly.xml#StartHere"/>
    <elements href="assembly.xml#AsyncMediation"/>
    <elements href="assembly.xml#CallInputfile"/>
    <elements href="assembly.xml#CallDataValidation"/>
    <elements href="assembly.xml#CallPutData"/>
    <elements href="assembly.xml#CallBatchAudit"/>
  </swimlanes>
  <swimlanes x="1255" y="-125" bgColor="12632256" name="Retrieving Input File">
    <elements href="assembly.xml#Inputfile"/>
    <elements href="assembly.xml#GetEventDocuments"/>
    <elements href="#//@swimlanes.2"/>
    <elements href="assembly.xml#AsyncMediation15"/>
    <elements href="assembly.xml#Route"/>
    <elements href="assembly.xml#AsyncMediation2"/>
  </swimlanes>
  <swimlanes x="468" y="277" name="Swimlane" orientation="VERTICAL">
    <elements href="assembly.xml#AsyncMediation0"/>
    <elements href="assembly.xml#CallFileMissingError"/>
  </swimlanes>
  <swimlanes x="1791" y="229" bgColor="16744448" name="FileMissingError">
    <elements href="assembly.xml#FileMissingError"/>
    <elements href="assembly.xml#AsyncMediation1"/>
    <elements href="assembly.xml#PutIntegrationMessage"/>
  </swimlanes>
  <swimlanes x="84" y="763" bgColor="12615935" name="Data Validatio">
    <elements href="assembly.xml#DataValidation"/>
    <elements href="#//@swimlanes.11"/>
    <elements href="assembly.xml#Splitter"/>
    <elements href="assembly.xml#AsyncMediation3"/>
  </swimlanes>
  <swimlanes x="1483" y="732" bgColor="8454143" name="MainAudit">
    <elements href="assembly.xml#Audit"/>
    <elements href="#//@swimlanes.7"/>
    <elements href="assembly.xml#AsyncMediation6"/>
    <elements href="assembly.xml#PutIntegrationMessage0"/>
  </swimlanes>
  <swimlanes x="1101" y="1100" bgColor="8454016" name="Import Data Into System">
    <elements href="assembly.xml#Putdata"/>
    <elements href="assembly.xml#AsyncMediation12"/>
    <elements href="assembly.xml#Splitter0"/>
    <elements href="assembly.xml#AsyncMediation14"/>
    <elements href="assembly.xml#AsyncMediation7"/>
    <elements href="#//@swimlanes.8"/>
    <elements href="assembly.xml#WorkdayOutSoap"/>
    <elements href="assembly.xml#AsyncMediation9"/>
    <elements href="assembly.xml#AsyncMediation10"/>
    <elements href="assembly.xml#CallSuccessAudit"/>
  </swimlanes>
  <swimlanes x="1128" y="846" name="Swimlane" orientation="VERTICAL">
    <elements href="assembly.xml#BatchAudit"/>
    <elements href="assembly.xml#Aggregator"/>
  </swimlanes>
  <swimlanes x="1474" y="556" name="Swimlane" orientation="VERTICAL">
    <elements href="assembly.xml#AsyncMediation8"/>
    <elements href="assembly.xml#AsyncMediation11"/>
    <elements href="assembly.xml#CallSeviceAudit"/>
  </swimlanes>
  <swimlanes x="264" y="-90" bgColor="16711935" name="INT0312 MarketPay Compensation Benchmark Inbound" orientation="VERTICAL" elements="//@swimlanes.0 //@swimlanes.1 //@swimlanes.3 //@swimlanes.4 //@swimlanes.12 //@swimlanes.6 //@swimlanes.5 //@swimlanes.10"/>
  <swimlanes x="418" y="2192" bgColor="255" name="Global Error Handler">
    <elements href="assembly.xml#//@beans/@mixed.1/@mixed.73"/>
    <elements href="assembly.xml#Note-Error"/>
  </swimlanes>
  <swimlanes x="458" y="714" name="Swimlane" orientation="VERTICAL">
    <elements href="assembly.xml#AsyncMediation13"/>
    <elements href="assembly.xml#CallBlankFileError"/>
  </swimlanes>
  <swimlanes x="318" y="1082" name="Swimlane">
    <elements href="assembly.xml#BlankFileError"/>
    <elements href="assembly.xml#AsyncMediation16"/>
    <elements href="assembly.xml#PutIntegrationMessage1"/>
  </swimlanes>
</wdnm:Diagram>
