<?xml version="1.0" encoding="UTF-8"?>
<beans
     xmlns="http://www.springframework.org/schema/beans"
     xmlns:beans="http://www.springframework.org/schema/beans"
     xmlns:atom="http://www.w3.org/2005/Atom"
     xmlns:cc="http://www.capeclear.com/assembly/10"
     xmlns:cloud="urn:com.workday/esb/cloud/10.0"
     xmlns:env="http://schemas.xmlsoap.org/soap/envelope/"
     xmlns:pi="urn:com.workday/picof"
     xmlns:wd="urn:com.workday/bsvc"
     xmlns:xsi="http://www.w3.org/2001/XMLSchema-instance">
 
	<cc:assembly id="WorkdayAssembly" version="2021.51">
        <cc:workday-in id="StartHere" routes-to="InitMediation">
            <cc:integration-system name="INT10043_Special_Character_Integration">
        <cloud:param name="UseDefault_DeliverableTag">
          <cloud:type>
            <cloud:simple-type>boolean</cloud:simple-type>
          </cloud:type>
          <cloud:default>
            <cloud:boolean>true</cloud:boolean>
          </cloud:default>
        </cloud:param>
      </cc:integration-system>
        </cc:workday-in>
        <cc:local-out id="Call-FileRetrieval" store-message="none" endpoint="vm://INT10043_Special_Character_Integration/FileRetrieval"/>
        <cc:local-out id="Call-SplCharCleanup" store-message="none" endpoint="vm://INT10043_Special_Character_Integration/SplCharCleanup"/>
        <cc:local-in id="FileRetrieval" routes-to="GetEventDocuments"/>
        <cc:local-in id="SplCharCleanup" routes-to="FileCleanup"/>
        <cc:local-out id="GetEventDocuments" routes-response-to="Route" endpoint="vm://wcc/GetEventDocuments"><cc:set name="ie.event.wid" value="lp.isSet() ? lp.getIntegrationEventWID() : null"/></cc:local-out>
        <cc:route id="Route">
            <cc:doc-iterator labels="@{props['doc.label']}" variable-name="wd.retrieve.variable"/>
            <cc:sub-route name="SubRoute" routes-to="AsyncMediation"/>
        </cc:route>
        <cc:async-mediation id="AsyncMediation" routes-to="Call-SplCharCleanup">
            <cc:steps>
                <cc:validate-exp id="ValidateExp">
                    <cc:expression failure-message="No Input file to process">vars['wd.retrieve.variable'].length > 0</cc:expression>
                </cc:validate-exp>
                <cc:eval id="Eval">
                    <cc:expression>props['outbound.file.name'] = vars['wd.retrieve.variable'].fileName;</cc:expression>
                </cc:eval>
            </cc:steps>
            <cc:send-error id="SendError" routes-to="NoInput-Error"/>
        </cc:async-mediation>
        <cc:local-out id="NoInput-Error" endpoint="vm://wcc/PutIntegrationMessage"><cc:set name="is.message.severity" value="'INFO'"/><cc:set name="is.message.summary" value="'No Input file available for clean up'"/></cc:local-out>
        <cc:async-mediation id="FileCleanup" routes-to="PIM-Delivery">
            <cc:steps>
                <cc:csv-to-xml id="CsvToXml" input="variable" input-variable="wd.retrieve.variable" colNames="col1" format="rfc4180" separator="&amp;#13;&amp;#10;"/>
                <cc:character-conversion id="CharacterConversion" remove-accents="true"/>
                <cc:xslt-plus id="XsltPlus" output="message" output-mimetype="text/plain" url="INT10043_Special_Character_Integration.xsl"/>
                <cc:store id="Store" output="variable" output-variable="output.file" createDocumentReference="false" expiresIn="P180D" title="@{props['outbound.file.name']}"/>
            </cc:steps>
            <cc:send-error id="SendError" routes-to="Cleanup-Error"/>
        </cc:async-mediation>
        <cc:local-out id="Cleanup-Error" endpoint="vm://wcc/PutIntegrationMessage"><cc:set name="is.message.severity" value="'INFO'"/><cc:set name="is.message.summary" value="'Error during XSLT step'"/></cc:local-out>
        <cc:local-out id="PIM-Delivery" endpoint="vm://wcc/PutIntegrationMessage"><cc:set name="is.message.severity" value="'INFO'"/><cc:set name="is.message.summary" value="'File Deliverable'"/><cc:set name="is.document.deliverable" value="'true'"/><cc:set name="is.document.variable.name" value="'output.file'"/></cc:local-out>
        <cc:async-mediation id="InitMediation" routes-to="Call-FileRetrieval">
            <cc:steps>
                <cc:eval id="Eval">
                    <cc:expression>props['doc.label'] = lp.getSimpleData('UseDefault_DeliverableTag') == '0' ? 'SplChar_Fix' : 'Deliverable';</cc:expression>
                </cc:eval>
            </cc:steps>
        </cc:async-mediation>
	</cc:assembly>

</beans>