<?xml version="1.0" encoding="UTF-8"?>
<beans
     xmlns="http://www.springframework.org/schema/beans"
     xmlns:beans="http://www.springframework.org/schema/beans"
     xmlns:atom="http://www.w3.org/2005/Atom"
     xmlns:cc="http://www.capeclear.com/assembly/10"
     xmlns:cloud="urn:com.workday/esb/cloud/10.0"
     xmlns:env="http://schemas.xmlsoap.org/soap/envelope/"
     xmlns:pi="urn:com.workday/picof"
     xmlns:wd="urn:com.workday/bsvc"
     xmlns:xsi="http://www.w3.org/2001/XMLSchema-instance">

	<cc:assembly id="WorkdayAssembly" version="2019.6">
		<cc:workday-in id="StartHere" routes-to="Set_Properties">
			<cc:integration-system name="INT0182_Canadian_OFAC_Outbound">
        <cloud:param name="As of Effective Date">
          <cloud:type>
            <cloud:simple-type>date</cloud:simple-type>
          </cloud:type>
          <cloud:default>
            <cloud:class-report-field description="Current Effective Date" type="WID">52f526bab1d84191ac96f44a6c37c484</cloud:class-report-field>
          </cloud:default>
        </cloud:param>
        <cloud:attribute-map-service name="INT0182-Generic">
          <cloud:attribute name="Interface ID">
            <cloud:type>
              <cloud:simple-type>text</cloud:simple-type>
            </cloud:type>
          </cloud:attribute>
          <cloud:attribute name="Program Name">
            <cloud:type>
              <cloud:simple-type>text</cloud:simple-type>
            </cloud:type>
          </cloud:attribute>
          <cloud:attribute name="Report Name">
            <cloud:type>
              <cloud:simple-type>text</cloud:simple-type>
            </cloud:type>
          </cloud:attribute>
          <cloud:attribute name="Workday Account">
            <cloud:type>
              <cloud:class-report-field description="Workday Account" type="WID" singular="false">5c0d46a0fdd510001c7ccd245c380056</cloud:class-report-field>
            </cloud:type>
          </cloud:attribute>
          <cloud:attribute name="Document Retention">
            <cloud:type>
              <cloud:simple-type>number</cloud:simple-type>
            </cloud:type>
          </cloud:attribute>
        </cloud:attribute-map-service>
        <cloud:sequence-generator-service name="INT0182_SequenceGenerator">
          <cloud:sequencer>INT0182_SequenceGenerator</cloud:sequencer>
        </cloud:sequence-generator-service>
        <cloud:report-service name="RPT_Canadian OFAC Outbound">
          <cloud:report-alias description="RPT_Canadian OFAC Outbound" name="OFAC">
            <cloud:report-reference description="INT0182 Canadian OFAC Outbound" type="WID">71ed4d1b7e1901ec2c50323fd106fa15</cloud:report-reference>
          </cloud:report-alias>
        </cloud:report-service>
      </cc:integration-system>
		</cc:workday-in>
		<cc:async-mediation id="Set_Properties" routes-to="GetReportDetails">
			<cc:steps>
				<cc:eval id="Eval">
					<cc:expression>props['output.filename.sequencer'] = lp.getSequencedValue('INT0182_SequenceGenerator')</cc:expression>
					<cc:expression>props['AsOfEffective.report'] = lp.getSimpleData('As of Effective Date')</cc:expression>
					<cc:expression>props['p.Interface'] = empty;&#xD;
props['p.report_name']=empty;&#xD;
props['p.program_name'] = empty;</cc:expression>
					<cc:expression>props['p.Interface'] = intsys.getAttribute('Interface ID');&#xD;
props['p.report_name'] = intsys.getAttribute('Report Name');&#xD;
props['p.program_name'] = intsys.getAttribute('Program Name');</cc:expression>
					<cc:expression>props['force.close.agg']=false;</cc:expression>
        <cc:expression>props['ofac.seq.gen'] = lp.getSequencedValue('INT0182_SequenceGenerator');</cc:expression>
        <cc:expression>props['ia.workers'] = intsys.getAttribute('Workday Account');</cc:expression>
        <cc:expression>props['lp.workerss']=intsys.getAttributeReferenceDataList('Workday Account', 'WID'); </cc:expression>
        <cc:expression>props['ia.attribute.present']=props['ia.workers']!=null ? true:false</cc:expression>
        <cc:expression>props['ia.doc.ret'] = intsys.getAttribute('Document Retention');</cc:expression>
				</cc:eval>
				<cc:log id="Log">
					<cc:log-message>
						<cc:text>___________________Set_Properties_______________&#xD;
&#xD;
props['StartDate.report'] - @props['StartDate.report']&#xD;
&#xD;
props['Enddate.report'] - @props['Enddate.report']</cc:text>
					</cc:log-message>
				</cc:log>
			</cc:steps>
		</cc:async-mediation>
		<cc:local-out id="GetReportDetails" store-message="none" routes-response-to="close_Agg" endpoint="vm://INT0182_Canadian_OFAC_Outbound/Process_Report_Details"/>
		<cc:local-in id="Process_Report_Details" routes-to="GetRaaS"/>
		<cc:workday-out-rest id="GetRaaS" routes-response-to="Copy_Details" extra-path="@{intsys.reportService.getExtrapath('OFAC')}?AsOfDate=@{props['AsOfEffective.report']}"/>
		<cc:async-mediation id="Copy_Details" routes-to="OFAC">
			<cc:steps>
				<cc:log id="Log">
					<cc:log-message>
						<cc:text>RAAS_____</cc:text>
						<cc:message-content/>
					</cc:log-message>
				</cc:log>
				<cc:copy id="Copy" output="variable" output-mimetype="text/xml" output-variable="OFAC.data"/>
			</cc:steps>
		</cc:async-mediation>
		<cc:splitter id="OFAC" no-split-message-error="false">
			<cc:sub-route name="SubRoute" routes-to="Route"/>
			<cc:xml-stream-splitter xpath="/wd:Report_Data/wd:Report_Entry"/>
		</cc:splitter>
		<cc:async-mediation id="Processing_Data" routes-to="Aggregator">
			<cc:steps>
				<cc:log id="Log">
					<cc:log-message>
						<cc:text>Splitter_____________</cc:text>
						<cc:message-content/>
					</cc:log-message>
				</cc:log>
				<cc:xslt id="Xslt" url="Canadian_OFAC.xsl"/>
				<cc:log id="Log0">
					<cc:log-message>
						<cc:text>XSLT______________</cc:text>
						<cc:message-content/>
					</cc:log-message>
				</cc:log>
			</cc:steps>
		</cc:async-mediation>
		<cc:aggregator id="Aggregator" routes-to="Store_OFAC_Data" force-batch-on-last-message="true">
			<cc:size-batch-strategy batch-size="-1"/>
			<cc:message-content-collater/>
		</cc:aggregator>
		<cc:async-mediation id="Store_OFAC_Data" routes-to="AsyncMediation10">
			<cc:steps>
				<cc:store id="Store" output="variable" output-mimetype="text/xml" output-variable="OFAC.file" createDocumentReference="true" expiresIn="P180D" title="@{props['output.filename.sequencer']}"/>
			</cc:steps>
		</cc:async-mediation>
		<cc:async-mediation id="Store_OFAC_Data0" routes-to="AsyncMediation100">
			<cc:steps>
                <cc:log id="Log">
                    <cc:log-message>
                        <cc:text>Log2______________________</cc:text>
                        <cc:message-content/>
                    </cc:log-message>
                </cc:log>
                <cc:xslt id="Xslt" url="INT0182_ERROR.xsl"/>
                <cc:log id="Log0">
                    <cc:log-message>
                        <cc:text>Log3____</cc:text>
                        <cc:message-content/>
                    </cc:log-message>
                </cc:log>
				<cc:store id="Store" output="variable" output-mimetype="text/xml" output-variable="OFAC.err.file" expiresIn="P180D" title="hhrx374c_err.dat"/>
			</cc:steps>
			<cc:send-error id="SendError" routes-to="PutIntegrationMessage000"/>
		</cc:async-mediation>
		<cc:aggregator id="Aggregator0" routes-to="Store_OFAC_Data0" collate-when="!props['force.close.agg']" force-batch-on-last-message="false" force-batch-when="props['force.close.agg']">
			<cc:size-batch-strategy batch-size="-1"/>
            <cc:xml-message-content-collater output-mimetype="video/mpeg">
        <cc:header-text>&lt;file></cc:header-text>
        <cc:footer-text>&lt;/file></cc:footer-text>
      </cc:xml-message-content-collater>
		</cc:aggregator>
		<cc:async-mediation id="Processing_Data0" routes-to="Aggregator0">
			<cc:steps>
				<cc:eval id="Eval">
					<cc:expression>props['emplid'] = empty;&#xD;
props['emplid'] = parts[0].xpath(&quot;/wd:Report_Entry/wd:Worker_group/wd:Employee_ID&quot;);</cc:expression>
					<cc:expression>props['name'] = empty;&#xD;
props['name'] = parts[0].xpath(&quot;/wd:Report_Entry/wd:Worker_group/wd:Name&quot;);</cc:expression>
					<cc:expression>props['address'] = empty;&#xD;
props['address'] = parts[0].xpath(&quot;/wd:Report_Entry/wd:Worker_group/wd:Address1&quot;);</cc:expression>
					<cc:expression>props['err.msg'] = empty;&#xD;
props['err.msg'] = &quot;No Bank Account is available for an employee&quot;;</cc:expression>
					<cc:expression>props['err.msg']  = props['name'].toString().isEmpty() ? &quot;Employee Primary name not found&quot; : props['err.msg'] ;</cc:expression>
					<cc:expression>props['err.msg']  = props['address'].toString().isEmpty() ? &quot;Employee Address not found&quot; : props['err.msg'] ;</cc:expression>
        <cc:expression>props['tab'] = &quot;	&quot;;</cc:expression>
				</cc:eval>
				<cc:write id="Write">
					<cc:message>
						<cc:text>&lt;message>&#xD;
&lt;emplid>@{props['emplid']}&lt;/emplid>&#xD;
&lt;errmsg>@{props['err.msg']}&lt;/errmsg>&#xD;
&lt;/message></cc:text>
					</cc:message>
				</cc:write>
			</cc:steps>
			<cc:send-error id="SendError" routes-to="PutIntegrationMessage00"/>
		</cc:async-mediation>
		<cc:route id="Route">
			<cc:all-strategy/>
			<cc:sub-route name="SubRoute" routes-to="Call-MainFile"/>
			<cc:sub-route name="Alternate" routes-to="Call-AuditFile"/>
		</cc:route>
		<cc:local-out id="Call-MainFile" store-message="none" endpoint="vm://INT0182_Canadian_OFAC_Outbound/mainFile"/>
		<cc:local-out id="Call-AuditFile" store-message="none" endpoint="vm://INT0182_Canadian_OFAC_Outbound/auditFile"/>
		<cc:local-in id="mainFile" routes-to="Processing_Data"/>
		<cc:local-in id="auditFile" routes-to="Processing_Data0"/>
		<cc:local-out id="PutIntegrationMessage00" endpoint="vm://wcc/PutIntegrationMessage">
			<cc:set name="is.message.severity" value="'ERROR'"/>
			<cc:set name="is.message.summary" value="context.errorMessage"/>
			<cc:set name="is.message.storage.enabled" value="false"/>
		</cc:local-out>
		<cc:local-out id="close_Agg" store-message="none" endpoint="vm://INT0182_Canadian_OFAC_Outbound/SubRoutine">
			<cc:set name="force.close.agg" value="true"/>
		</cc:local-out>
		<cc:local-in id="SubRoutine" routes-to="Aggregator0"/>
		<cc:local-out id="PutIntegrationMessage000" endpoint="vm://wcc/PutIntegrationMessage">
			<cc:set name="is.message.severity" value="'ERROR'"/>
			<cc:set name="is.message.summary" value="'Error in File Generation' + context.errorMessage"/>
			<cc:set name="is.message.storage.enabled" value="false"/>
		</cc:local-out>
        <cc:local-out id="OutputFile" endpoint="vm://wcc/PutIntegrationMessage">
            <cc:set name="is.message.severity" value="'INFO'"/>
            <cc:set name="is.message.summary" value="'Output file attached'"/>
            <cc:set name="is.message.storage.enabled" value="false"/>
            <cc:set name="is.document.variable.name" value="'OFAC.file'"/>
            <cc:set name="is.document.deliverable" value="'true'"/>
        <cc:set name="is.document.owner.wid" value="props['Workday_ID']"/></cc:local-out>
        <cc:async-mediation id="AsyncMediation10" routes-to="Splitter0">
            <cc:steps>
                <cc:write id="Write">
                    <cc:message>
                        <cc:text>&lt;root> @foreach{props['lp.workerss'] as workdayid} &lt;col>@{workdayid}&lt;/col> @end{} &lt;/root></cc:text>
                    </cc:message>
                </cc:write>
            </cc:steps>
        </cc:async-mediation>
        <cc:splitter id="Splitter0">
            <cc:sub-route name="SubRoute" routes-to="AsyncMediation20"/>
            <cc:xml-stream-splitter xpath="root/col"/>
        </cc:splitter>
        <cc:local-out id="PutIntegrationMessage60" endpoint="vm://wcc/PutIntegrationMessage">
            <cc:set name="is.message.severity" value="'WARNING'"/>
            <cc:set name="is.message.summary" value="'Error was thrown when storing files to the MyReports for users.'+context.errorMessage"/>
        </cc:local-out>
        <cc:async-mediation id="AsyncMediation20" routes-to="PutOFACFile1">
            <cc:steps>
                <cc:eval id="Eval">
                    <cc:expression>props['Workday_ID']=parts[0].xpath('col')</cc:expression>
                </cc:eval>
            </cc:steps>
            <cc:send-error id="SendError" routes-to="PutIntegrationMessage60"/>
        </cc:async-mediation>
        <cc:local-out id="PutOFACFile1" routes-response-to="OutputFile" endpoint="vm://wcc/PutIntegrationMessage">
            <cc:set name="is.message.severity" value="'INFO'"/>
            <cc:set name="is.message.summary" value="'OFAC File Published for user '+ props['Workday_ID']"/>
            <cc:set name="is.document.owner.wid" value="props['Workday_ID']"/>
            <cc:set name="is.document.deliverable" value="'false'"/>
            <cc:set name="is.message.storage.enabled" value="false"/>
            <cc:set name="is.document.variable.name" value="'OFAC.file'"/>
        </cc:local-out>
        <cc:local-out id="PutIntegrationMessage600" endpoint="vm://wcc/PutIntegrationMessage">
            <cc:set name="is.message.severity" value="'WARNING'"/>
            <cc:set name="is.message.summary" value="'Error was thrown when storing files to the MyReports for users.'+context.errorMessage"/>
        </cc:local-out>
        <cc:async-mediation id="AsyncMediation200" routes-to="PutOFACFile00">
            <cc:steps>
                <cc:eval id="Eval">
                    <cc:expression>props['Workday_ID']=parts[0].xpath('col')</cc:expression>
                </cc:eval>
            </cc:steps>
            <cc:send-error id="SendError" routes-to="PutIntegrationMessage600"/>
        </cc:async-mediation>
        <cc:splitter id="Splitter00">
            <cc:sub-route name="SubRoute" routes-to="AsyncMediation200"/>
            <cc:xml-stream-splitter xpath="root/col"/>
        </cc:splitter>
        <cc:async-mediation id="AsyncMediation100" routes-to="Splitter00">
            <cc:steps>
                <cc:write id="Write">
                    <cc:message>
                        <cc:text>&lt;root> @foreach{props['lp.workerss'] as workdayid} &lt;col>@{workdayid}&lt;/col> @end{} &lt;/root></cc:text>
                    </cc:message>
                </cc:write>
            </cc:steps>
        </cc:async-mediation>
        <cc:local-out id="PutOFACFile00" endpoint="vm://wcc/PutIntegrationMessage">
            <cc:set name="is.message.severity" value="'INFO'"/>
            <cc:set name="is.message.summary" value="'OFAC Err File Published for user '+ props['Workday_ID']"/>
            <cc:set name="is.document.owner.wid" value="props['Workday_ID']"/>
            <cc:set name="is.document.deliverable" value="'false'"/>
            <cc:set name="is.message.storage.enabled" value="false"/>
            <cc:set name="is.document.variable.name" value="'OFAC.err.file'"/>
        </cc:local-out>
	</cc:assembly>

</beans>