<?xml version="1.0" encoding="UTF-8"?>
<wdnm:Diagram xmlns:wdnm="http://workday.com/studio/editors/notation">
  <element href="assembly.xml#WorkdayAssembly"/>
  <visualProperties x="99" y="122">
    <element href="assembly.xml#StartHere"/>
  </visualProperties>
  <visualProperties x="225" y="158">
    <element href="assembly.xml#GetEventDocuments"/>
  </visualProperties>
  <visualProperties x="472" y="151">
    <element href="assembly.xml#ValidateDoc"/>
  </visualProperties>
  <visualProperties x="737" y="178">
    <element href="assembly.xml#ConvertFile"/>
  </visualProperties>
  <visualProperties x="67" y="327">
    <element href="assembly.xml#//@beans/@mixed.1/@mixed.9"/>
  </visualProperties>
  <visualProperties x="372" y="327">
    <element href="assembly.xml#Note-Error"/>
  </visualProperties>
  <visualProperties x="893" y="194">
    <element href="assembly.xml#PutIntegrationMessage"/>
  </visualProperties>
  <visualProperties x="643" y="308">
    <element href="assembly.xml#PIM-TransformError"/>
  </visualProperties>
  <visualProperties x="559" y="283">
    <element href="assembly.xml#PIM-ValidateError"/>
  </visualProperties>
  <connections type="routesTo">
    <source href="assembly.xml#ValidateDoc"/>
    <target href="assembly.xml#ConvertFile"/>
  </connections>
  <connections type="routesTo" sourceAnchorX="0.9669421487603306" sourceAnchorY="0.43243243243243246" targetAnchorX="0.06060606060606061" targetAnchorY="0.3783783783783784">
    <source href="assembly.xml#//@beans/@mixed.1/@mixed.9"/>
    <target href="assembly.xml#Note-Error"/>
  </connections>
  <connections type="routesTo">
    <source href="assembly.xml#ConvertFile"/>
    <target href="assembly.xml#PutIntegrationMessage"/>
  </connections>
  <connections type="routesTo" sourceAnchorX="0.37264150943396224" sourceAnchorY="1.0" targetAnchorX="0.37209302325581395" targetAnchorY="0.40540540540540543">
    <source href="assembly.xml#//@beans/@mixed.1/@mixed.7/@mixed.3"/>
    <target href="assembly.xml#PIM-TransformError"/>
  </connections>
  <connections type="routesTo">
    <source href="assembly.xml#StartHere"/>
    <target href="assembly.xml#GetEventDocuments"/>
  </connections>
  <connections type="routesResponseTo">
    <source href="assembly.xml#GetEventDocuments"/>
    <target href="assembly.xml#ValidateDoc"/>
  </connections>
  <connections type="routesTo">
    <source href="assembly.xml#//@beans/@mixed.1/@mixed.5/@mixed.3"/>
    <target href="assembly.xml#PIM-ValidateError"/>
  </connections>
  <swimlanes x="53" y="39" name="INT9109 Main Assembly" orientation="VERTICAL" elements="//@swimlanes.1 //@swimlanes.3"/>
  <swimlanes x="92" y="79" name="Swimlane">
    <elements href="assembly.xml#StartHere"/>
    <elements href="assembly.xml#GetEventDocuments"/>
    <elements href="#//@swimlanes.4"/>
    <elements href="#//@swimlanes.2"/>
    <elements href="assembly.xml#PutIntegrationMessage"/>
  </swimlanes>
  <swimlanes x="792" y="172" name="Swimlane" orientation="VERTICAL">
    <elements href="assembly.xml#ConvertFile"/>
    <elements href="assembly.xml#PIM-TransformError"/>
  </swimlanes>
  <swimlanes x="113" y="410" name="Global Error Handler">
    <elements href="assembly.xml#//@beans/@mixed.1/@mixed.9"/>
    <elements href="assembly.xml#Note-Error"/>
  </swimlanes>
  <swimlanes x="485" y="209" name="Swimlane" orientation="VERTICAL">
    <elements href="assembly.xml#ValidateDoc"/>
    <elements href="assembly.xml#PIM-ValidateError"/>
  </swimlanes>
</wdnm:Diagram>
