<?xml version="1.0" encoding="UTF-8"?>
<beans
     xmlns="http://www.springframework.org/schema/beans"
     xmlns:beans="http://www.springframework.org/schema/beans"
     xmlns:atom="http://www.w3.org/2005/Atom"
     xmlns:cc="http://www.capeclear.com/assembly/10"
     xmlns:cloud="urn:com.workday/esb/cloud/10.0"
     xmlns:env="http://schemas.xmlsoap.org/soap/envelope/"
     xmlns:pi="urn:com.workday/picof"
     xmlns:wd="urn:com.workday/bsvc"
     xmlns:xsi="http://www.w3.org/2001/XMLSchema-instance">
 
	<cc:assembly id="WorkdayAssembly" version="2021.51">
        <cc:workday-in id="StartHere" routes-to="Call-Inv-Rpt">
            <cc:integration-system name="INTNF01 - Italian Customer &amp; IC Invoice Details">
        <cloud:param name="Customer Invoice">
          <cloud:type>
            <cloud:class-report-field description="Customer Invoice Document" type="WID" singular="true">1a1870ab8f7647d9ab754f554c75f5f3</cloud:class-report-field>
          </cloud:type>
        </cloud:param>
        <cloud:attribute-map-service name="INTNF01-Attributes">
          <cloud:attribute name="Document Retention Policy">
            <cloud:type>
              <cloud:simple-type>number</cloud:simple-type>
            </cloud:type>
          </cloud:attribute>
        </cloud:attribute-map-service>
        <cloud:sequence-generator-service name="INTNF01-Sequence-Generator">
          <cloud:sequencer>INTNF01-Sequence-Gen</cloud:sequencer>
        </cloud:sequence-generator-service>
        <cloud:report-service name="INTNF01-Customer-Invoice-Report">
          <cloud:report-alias description="INTNF01-Italian-Customer-IC-Invoice-Details" name="INTNF01-Invoice-Rpt">
            <cloud:report-reference description="INTNF01-Italian-Customer-Invoice-Details" type="WID">4b3663d5103e100bbf9d7e453bdb0000</cloud:report-reference>
          </cloud:report-alias>
        </cloud:report-service>
      </cc:integration-system>
        </cc:workday-in>
        <cc:async-mediation id="Init" routes-to="Customer-Invoice-Report" handle-downstream-errors="true">
            <cc:steps>
                <cc:eval id="lp">
                    <cc:expression>//props['Cus.Invoice.ID'] = lp.getSimpleData('Customer Invoice')</cc:expression>
                    <cc:expression>props['Cus.Invoice.ID'] = lp.getReferenceData('Customer Invoice','WID')</cc:expression>
                    <cc:expression>//props['Cus.Invoice.ID'] = lp.getReferenceData('Customer Invoice','Invoice_Number')</cc:expression>
                    <cc:expression>props['Document.Retention'] = intsys.getAttribute('Document Retention Policy')</cc:expression>
                    <cc:expression>props['Unique_Seq'] = lp.getSequencedValue('INTNF01-Sequence-Gen')</cc:expression>
                </cc:eval>
                <cc:eval id="Eval">
                    <cc:expression>props['p.Error'] = false</cc:expression>
                </cc:eval>
                <cc:log id="Log">
                    <cc:log-message>
                        <cc:text>props['Cus.Invoice.ID']: @{props['Cus.Invoice.ID']}</cc:text>
                    </cc:log-message>
                </cc:log>
            </cc:steps>
            <cc:send-error id="SendError" routes-to="Init-Error"/>
        </cc:async-mediation>
        <cc:local-out id="Call-Inv-Rpt" store-message="none" routes-response-to="Call-Store-File" endpoint="vm://INTNF01-Italian-Customer-IC-Invoice-Details/Cus-Inv-Rpt"/>
        <cc:local-in id="Cus-Inv-Rpt" routes-to="Init"/>
        <cc:workday-out-rest id="Customer-Invoice-Report" routes-response-to="Route" extra-path="@{intsys.reportService.getExtrapath('INTNF01-Invoice-Rpt')}?Customer_Invoice_Document!WID=@{props['Cus.Invoice.ID']}"/>
        <cc:local-out id="Init-Error" routes-response-to="End-Integration" endpoint="vm://wcc/PutIntegrationMessage"><cc:set name="is.message.severity" value="'ERROR'"/><cc:set name="is.message.summary" value="'Initail value step failed'"/></cc:local-out>
        <cc:local-out id="End-Integration" endpoint="vm://wcc/PutIntegrationEvent"><cc:set name="is.event.completed" value="&quot;current&quot;"/></cc:local-out>
        <cc:route id="Route">
            <cc:mvel-strategy>
                <cc:choose-route expression="parts[0].xstreamB('wd:Report_Data/wd:Report_Entry')" route="Process-Invoice"/>
                <cc:choose-route expression="true" route="No-Invoice"/>
            </cc:mvel-strategy>
            <cc:sub-route name="Process-Invoice" routes-to="Check-Country"/>
            <cc:sub-route name="No-Invoice" routes-to="No-Invoice"/>
        </cc:route>
        <cc:local-out id="No-Invoice" routes-response-to="End-Int-No-Invoice" endpoint="vm://wcc/PutIntegrationMessage"><cc:set name="is.message.severity" value="'ERROR'"/><cc:set name="is.message.summary" value="'No Customer Invoices Returnted from the Report.'"/></cc:local-out>
        <cc:local-out id="End-Int-No-Invoice" endpoint="vm://wcc/PutIntegrationEvent"><cc:set name="is.event.completed" value="&quot;current&quot;"/></cc:local-out>
        <cc:async-mediation id="Check-Country" routes-to="Transformation" handle-downstream-errors="true">
            <cc:steps>
                <cc:eval id="Eval0">
                    <cc:expression>props['Company_VAT_ID'] = parts[0].xpath('wd:Report_Data/wd:Report_Entry/wd:IdCodice')</cc:expression>
                    <cc:expression>props['filename'] = props['Company_VAT_ID'] + '_'  + props['Unique_Seq'] + '.xml'</cc:expression>
                    <cc:expression>props['Cus.ShiptoCn'] = parts[0].xpath('wd:Report_Data/wd:Report_Entry/wd:Cus_Nazione')</cc:expression>
                </cc:eval>
                <cc:log id="Log">
                    <cc:log-message>
                        <cc:text>props['Cus.ShiptoCn']: @{props['Cus.ShiptoCn']}</cc:text>
                    </cc:log-message>
                </cc:log>
            </cc:steps>
            <cc:send-error id="SendError" routes-to="Cus-Country-Err"/>
        </cc:async-mediation>
        <cc:local-out id="Call-Store-File" store-message="none" execute-when="props['p.Error'] == false" endpoint="vm://INTNF01-Italian-Customer-IC-Invoice-Details/Store-File"/>
        <cc:local-in id="Store-File" routes-to="StoreFile"/>
        <cc:async-mediation id="StoreFile" routes-to="PutIntegrationMessage">
            <cc:steps>
                <cc:store id="Store" output="variable" output-variable="file" expiresIn="P@{props['Document.Retention']}D" title="@{props['filename']}"/>
            </cc:steps>
            <cc:send-error id="SendError" routes-to="Store-File-Err"/>
        </cc:async-mediation>
        <cc:local-out id="PutIntegrationMessage" endpoint="vm://wcc/PutIntegrationMessage"><cc:set name="is.message.severity" value="'INFO'"/><cc:set name="is.message.summary" value="props['filename']"/><cc:set name="is.document.variable.name" value="'file'"/><cc:set name="is.document.file.name" value="props['filename']"/><cc:set name="is.document.deliverable" value="'true'"/></cc:local-out>
        <cc:local-out id="Note-Error" endpoint="vm://wcc/PutIntegrationMessage"><cc:set name="is.message.severity" value="'CRITICAL'"/><cc:set name="is.message.summary" value="'Critical Error Occurred! Please see detail:'"/><cc:set name="is.message.detail" value="context.errorMessage"/></cc:local-out>
        <cc:send-error id="Global-Error-Handler" routes-to="Note-Error"/>
        <cc:local-out id="Cus-Country-Err" routes-response-to="AsyncMediation2" endpoint="vm://wcc/PutIntegrationMessage"><cc:set name="is.message.severity" value="'ERROR'"/><cc:set name="is.message.summary" value="context.errorMessage"/></cc:local-out>
        <cc:async-mediation id="AsyncMediation2">
            <cc:steps>
                <cc:eval id="Eval">
                    <cc:expression>props['p.Error'] = true</cc:expression>
                </cc:eval>
            </cc:steps>
        </cc:async-mediation>
        <cc:async-mediation id="Transformation" handle-downstream-errors="true">
            <cc:steps>
                <cc:xslt-plus id="XsltPlus" url="ItalianInvoice.xsl"/></cc:steps>
            <cc:send-error id="SendError" routes-to="Transform-Err"/>
        </cc:async-mediation>
        <cc:local-out id="Transform-Err" endpoint="vm://wcc/PutIntegrationMessage"><cc:set name="is.message.severity" value="'ERROR'"/><cc:set name="is.message.summary" value="context.errorMessage"/></cc:local-out>
        <cc:async-mediation id="Mvel-Validation">
            <cc:steps>
                <cc:validate-exp id="ValidateExp">
                    <cc:expression failure-message="The Customer Country must be Italy. The SDI file will be generated only for Italian Customers.">props['Cus.ShiptoCn'] == 'IT'</cc:expression>
                </cc:validate-exp></cc:steps>
        </cc:async-mediation>
        <cc:local-out id="Store-File-Err" endpoint="vm://wcc/PutIntegrationMessage"><cc:set name="is.message.severity" value="'ERROR'"/><cc:set name="is.message.summary" value="'Error storing the file.'"/></cc:local-out>
	</cc:assembly>

</beans>