<?xml version="1.0" encoding="UTF-8"?>
<wdnm:Diagram xmlns:wdnm="http://workday.com/studio/editors/notation">
  <element href="assembly.xml#WorkdayAssembly"/>
  <visualProperties x="550" y="4060">
    <element href="assembly.xml#CreateImportPayrollInputSegment"/>
  </visualProperties>
  <visualProperties x="850" y="4043">
    <element href="assembly.xml#Splitter"/>
  </visualProperties>
  <visualProperties x="523" y="4209">
    <element href="assembly.xml#CallCreateImportPayrollInputSegmentError"/>
  </visualProperties>
  <visualProperties x="1010" y="4079">
    <element href="assembly.xml#AsyncMediation"/>
  </visualProperties>
  <visualProperties x="319" y="4096">
    <element href="assembly.xml#CreateAndSendInputs"/>
  </visualProperties>
  <visualProperties x="1205" y="3991">
    <element href="assembly.xml#AggAndAudit"/>
  </visualProperties>
  <visualProperties x="1434" y="3983">
    <element href="assembly.xml#CloseAggInputsInBatch"/>
  </visualProperties>
  <visualProperties x="1451" y="4072">
    <element href="assembly.xml#AggInputsInBatch"/>
  </visualProperties>
  <visualProperties x="1399" y="4209">
    <element href="assembly.xml#CallAuditLine"/>
  </visualProperties>
  <visualProperties x="1700" y="4105">
    <element href="assembly.xml#CallReleaseBatch"/>
  </visualProperties>
  <visualProperties x="321" y="3415">
    <element href="assembly.xml#ProcessWorkers"/>
  </visualProperties>
  <visualProperties x="547" y="3371">
    <element href="assembly.xml#SplitterErrorHandler"/>
  </visualProperties>
  <visualProperties x="524" y="3534">
    <element href="assembly.xml#CallCriticalNoRowsError"/>
  </visualProperties>
  <visualProperties x="911" y="3353">
    <element href="assembly.xml#SplitOnFileRows"/>
  </visualProperties>
  <visualProperties x="1186" y="3362">
    <element href="assembly.xml#ProcessingProps2"/>
  </visualProperties>
  <visualProperties x="1352" y="3525">
    <element href="assembly.xml#CallProcessingPropsError"/>
  </visualProperties>
  <visualProperties x="1686" y="1862">
    <element href="assembly.xml#SaveTenantedData"/>
  </visualProperties>
  <visualProperties x="1916" y="1218">
    <element href="assembly.xml#InputAggregator"/>
  </visualProperties>
  <visualProperties x="832" y="763">
    <element href="assembly.xml#RunType"/>
  </visualProperties>
  <visualProperties x="1057" y="809">
    <element href="assembly.xml#WriteFile"/>
  </visualProperties>
  <visualProperties x="42" y="317">
    <element href="assembly.xml#INT0033"/>
  </visualProperties>
  <visualProperties x="575" y="448">
    <element href="assembly.xml#Initialization"/>
  </visualProperties>
  <visualProperties x="613" y="606">
    <element href="assembly.xml#CallCritical1"/>
  </visualProperties>
  <visualProperties x="386" y="492">
    <element href="assembly.xml#Init"/>
  </visualProperties>
  <visualProperties x="129" y="277">
    <element href="assembly.xml#ValidationMode"/>
  </visualProperties>
  <visualProperties x="59" y="448">
    <element href="assembly.xml#CallInit"/>
  </visualProperties>
  <visualProperties x="168" y="320">
    <element href="assembly.xml#CallRetrieveAndProcFile"/>
  </visualProperties>
  <visualProperties x="640" y="1012">
    <element href="assembly.xml#CallCritical"/>
  </visualProperties>
  <visualProperties x="364" y="826">
    <element href="assembly.xml#RetrieveAndProcFile"/>
  </visualProperties>
  <visualProperties x="1020" y="995">
    <element href="assembly.xml#GetEventDocuments"/>
  </visualProperties>
  <visualProperties x="1316" y="876">
    <element href="assembly.xml#DocIterator"/>
  </visualProperties>
  <visualProperties x="600" y="809">
    <element href="assembly.xml#HandleGetDocError"/>
  </visualProperties>
  <visualProperties x="1714" y="781">
    <element href="assembly.xml#CopyInput"/>
  </visualProperties>
  <visualProperties x="392" y="1365">
    <element href="assembly.xml#ProcInputFile"/>
  </visualProperties>
  <visualProperties x="600" y="1327">
    <element href="assembly.xml#InitLineCounter"/>
  </visualProperties>
  <visualProperties x="590" y="1504">
    <element href="assembly.xml#CallAuditLine3"/>
  </visualProperties>
  <visualProperties x="794" y="1290">
    <element href="assembly.xml#SplittinInputFile"/>
  </visualProperties>
  <visualProperties x="1152" y="186">
    <element href="assembly.xml#CallProcInputFile"/>
  </visualProperties>
  <visualProperties x="969" y="1321">
    <element href="assembly.xml#RecordCounting"/>
  </visualProperties>
  <visualProperties x="963" y="1504">
    <element href="assembly.xml#CallAuditLine30"/>
  </visualProperties>
  <visualProperties x="1218" y="1218">
    <element href="assembly.xml#TypeOfRecord"/>
  </visualProperties>
  <visualProperties x="1393" y="1462">
    <element href="assembly.xml#Ignore"/>
  </visualProperties>
  <visualProperties x="1604" y="1218">
    <element href="assembly.xml#TransformDeduction"/>
  </visualProperties>
  <visualProperties x="1591" y="1372">
    <element href="assembly.xml#CallErrorHandling15"/>
  </visualProperties>
  <visualProperties x="613" y="1929">
    <element href="assembly.xml#WriteGetWorkers"/>
  </visualProperties>
  <visualProperties x="1131" y="2090">
    <element href="assembly.xml#UnexpectedError"/>
  </visualProperties>
  <visualProperties x="661" y="2090">
    <element href="assembly.xml#CallCriticalWriteEEIDs"/>
  </visualProperties>
  <visualProperties x="406" y="1973">
    <element href="assembly.xml#GetWorker"/>
  </visualProperties>
  <visualProperties x="1150" y="1945">
    <element href="assembly.xml#PagedGet"/>
  </visualProperties>
  <visualProperties x="1549" y="1938">
    <element href="assembly.xml#SplitOnWorkers"/>
  </visualProperties>
  <visualProperties x="1313" y="2097">
    <element href="assembly.xml#CallCriticalSplitOnWorkers"/>
  </visualProperties>
  <visualProperties x="1317" y="1943">
    <element href="assembly.xml#NoWorkersErrorHandler"/>
  </visualProperties>
  <visualProperties x="1159" y="308">
    <element href="assembly.xml#CallGetWorker"/>
  </visualProperties>
  <visualProperties x="1735" y="2133">
    <element href="assembly.xml#CallErrorHandling"/>
  </visualProperties>
  <visualProperties x="1111" y="429">
    <element href="assembly.xml#CallProcessWorkers"/>
  </visualProperties>
  <visualProperties x="1634" y="4702">
    <element href="assembly.xml#ImportDetailsPosted"/>
  </visualProperties>
  <visualProperties x="976" y="4659">
    <element href="assembly.xml#ImportProcDetails"/>
  </visualProperties>
  <visualProperties x="343" y="4699">
    <element href="assembly.xml#ReleaseBatch"/>
  </visualProperties>
  <visualProperties x="1223" y="4659">
    <element href="assembly.xml#AggImportResponses"/>
  </visualProperties>
  <visualProperties x="987" y="4813">
    <element href="assembly.xml#CallImportProcDetailsError0"/>
  </visualProperties>
  <visualProperties x="828" y="4701">
    <element href="assembly.xml#ImportWS"/>
  </visualProperties>
  <visualProperties x="1411" y="4659">
    <element href="assembly.xml#StoreImportProcDetails"/>
  </visualProperties>
  <visualProperties x="511" y="4657">
    <element href="assembly.xml#WrapWS"/>
  </visualProperties>
  <visualProperties x="1389" y="4816">
    <element href="assembly.xml#CallStoreImportProcDetailsError0"/>
  </visualProperties>
  <visualProperties x="486" y="4813">
    <element href="assembly.xml#CallImportBatchError"/>
  </visualProperties>
  <visualProperties x="1690" y="4531">
    <element href="assembly.xml#CloseResponsesAggr"/>
  </visualProperties>
  <visualProperties x="654" y="4657">
    <element href="assembly.xml#ValidationMode11"/>
  </visualProperties>
  <visualProperties x="1216" y="5143">
    <element href="assembly.xml#PutAuditLogXML"/>
  </visualProperties>
  <visualProperties x="1016" y="5247">
    <element href="assembly.xml#CallStoreInputDetailsError"/>
  </visualProperties>
  <visualProperties x="1045" y="5099">
    <element href="assembly.xml#ZipAndStoreFile"/>
  </visualProperties>
  <visualProperties x="838" y="5099">
    <element href="assembly.xml#AggAudit"/>
  </visualProperties>
  <visualProperties x="539" y="5227">
    <element href="assembly.xml#CallWriteInputDetailsError"/>
  </visualProperties>
  <visualProperties x="838" y="5043">
    <element href="assembly.xml#CloseAggAudit"/>
  </visualProperties>
  <visualProperties x="364" y="5123">
    <element href="assembly.xml#AuditLine"/>
  </visualProperties>
  <visualProperties x="539" y="5079">
    <element href="assembly.xml#WriteInputDetails"/>
  </visualProperties>
  <visualProperties x="1097" y="484">
    <element href="assembly.xml#CallCloseAggInputsInBatch"/>
  </visualProperties>
  <visualProperties x="1101" y="542">
    <element href="assembly.xml#CallCloseResponsesAggr"/>
  </visualProperties>
  <visualProperties x="1101" y="621">
    <element href="assembly.xml#CallCloseAggAudit"/>
  </visualProperties>
  <visualProperties x="1098" y="684">
    <element href="assembly.xml#ErrorsInSubmissions"/>
  </visualProperties>
  <visualProperties x="831" y="5485">
    <element href="assembly.xml#SetCriticalErrorFlag"/>
  </visualProperties>
  <visualProperties x="910" y="5606">
    <element href="assembly.xml#SendInitError"/>
  </visualProperties>
  <visualProperties x="583" y="5488">
    <element href="assembly.xml#CriticalInitialError"/>
  </visualProperties>
  <visualProperties x="1334" y="7281">
    <element href="assembly.xml#RetrieveAttrError"/>
  </visualProperties>
  <visualProperties x="1835" y="7040">
    <element href="assembly.xml#PutFinalAudit"/>
  </visualProperties>
  <visualProperties x="1090" y="6666">
    <element href="assembly.xml#SaveErrorsToMap"/>
  </visualProperties>
  <visualProperties x="907" y="6628">
    <element href="assembly.xml#SplitByMessage"/>
  </visualProperties>
  <visualProperties x="54" y="6084">
    <element href="assembly.xml#CallProcAuditFile"/>
  </visualProperties>
  <visualProperties x="73" y="5881">
    <element href="assembly.xml#CallRetrieveDocuments"/>
  </visualProperties>
  <visualProperties x="-30" y="5864">
    <element href="assembly.xml#ImportReporting"/>
  </visualProperties>
  <visualProperties x="440" y="5977">
    <element href="assembly.xml#RetrieveAttr"/>
  </visualProperties>
  <visualProperties x="607" y="5940">
    <element href="assembly.xml#PrepareGetIntSysWS"/>
  </visualProperties>
  <visualProperties x="664" y="6095">
    <element href="assembly.xml#CallAuditError"/>
  </visualProperties>
  <visualProperties x="-47" y="5977">
    <element href="assembly.xml#CallRetrieveBatchSize"/>
  </visualProperties>
  <visualProperties x="1218" y="5940">
    <element href="assembly.xml#ImportInit"/>
  </visualProperties>
  <visualProperties x="984" y="5968">
    <element href="assembly.xml#GetIntSysWS"/>
  </visualProperties>
  <visualProperties x="767" y="6349">
    <element href="assembly.xml#GetEventDocuments0"/>
  </visualProperties>
  <visualProperties x="635" y="6311">
    <element href="assembly.xml#EventWID"/>
  </visualProperties>
  <visualProperties x="600" y="6461">
    <element href="assembly.xml#CallAuditErrorGetDocs"/>
  </visualProperties>
  <visualProperties x="435" y="6349">
    <element href="assembly.xml#RetrieveDocuments"/>
  </visualProperties>
  <visualProperties x="1116" y="6482">
    <element href="assembly.xml#CallAuditErrorCopyImportDetailsMsg"/>
  </visualProperties>
  <visualProperties x="989" y="6291">
    <element href="assembly.xml#GetImportWIDsDoc"/>
  </visualProperties>
  <visualProperties x="1365" y="6308">
    <element href="assembly.xml#SplitByBatch"/>
  </visualProperties>
  <visualProperties x="1161" y="6323">
    <element href="assembly.xml#CopyImportDetailsMsg"/>
  </visualProperties>
  <visualProperties x="2204" y="6367">
    <element href="assembly.xml#CallProcImportMsgs"/>
  </visualProperties>
  <visualProperties x="1755" y="6368">
    <element href="assembly.xml#GetImportProcMsgs"/>
  </visualProperties>
  <visualProperties x="1960" y="6368">
    <element href="assembly.xml#PagedGetResponse"/>
  </visualProperties>
  <visualProperties x="1518" y="6337">
    <element href="assembly.xml#PrepareImportMsgWS"/>
  </visualProperties>
  <visualProperties x="1504" y="6474">
    <element href="assembly.xml#CallAuditErrorGetImportMsgs"/>
  </visualProperties>
  <visualProperties x="442" y="6695">
    <element href="assembly.xml#ProcessImportMsgs"/>
  </visualProperties>
  <visualProperties x="689" y="6807">
    <element href="assembly.xml#UnexpectedSplitterError"/>
  </visualProperties>
  <visualProperties x="695" y="6659">
    <element href="assembly.xml#NoErrorsInBatchMsg"/>
  </visualProperties>
  <visualProperties x="820" y="6957">
    <element href="assembly.xml#CopyAuditXML2Msg"/>
  </visualProperties>
  <visualProperties x="657" y="6965">
    <element href="assembly.xml#GetAuditXML"/>
  </visualProperties>
  <visualProperties x="443" y="7023">
    <element href="assembly.xml#ProcessAuditFile"/>
  </visualProperties>
  <visualProperties x="1032" y="6965">
    <element href="assembly.xml#SplitByAuditRow"/>
  </visualProperties>
  <visualProperties x="796" y="7107">
    <element href="assembly.xml#UnexpectedAuditSplitterError"/>
  </visualProperties>
  <visualProperties x="1228" y="6965">
    <element href="assembly.xml#PrepareFinalAuditLine"/>
  </visualProperties>
  <visualProperties x="1463" y="6978">
    <element href="assembly.xml#AggFinalAudit"/>
  </visualProperties>
  <visualProperties x="1650" y="6968">
    <element href="assembly.xml#StoreFinalAudit"/>
  </visualProperties>
  <visualProperties x="712" y="7287">
    <element href="assembly.xml#Note-Error"/>
  </visualProperties>
  <visualProperties x="-64" y="6691">
    <element href="assembly.xml#//@beans/@mixed.1/@mixed.7"/>
  </visualProperties>
  <visualProperties x="947" y="7287">
    <element href="assembly.xml#AuditError"/>
  </visualProperties>
  <visualProperties x="1687" y="925">
    <element href="assembly.xml#CallCritical0"/>
  </visualProperties>
  <visualProperties x="1629" y="7118">
    <element href="assembly.xml#UnexpectedAuditSplitterError0"/>
  </visualProperties>
  <visualProperties x="1145" y="246">
    <element href="assembly.xml#CallCloseInputsFile"/>
  </visualProperties>
  <visualProperties x="1910" y="1127">
    <element href="assembly.xml#CloseInputsFile"/>
  </visualProperties>
  <visualProperties x="1139" y="3075">
    <element href="assembly.xml#CallCreateInputs"/>
  </visualProperties>
  <visualProperties x="1217" y="2936">
    <element href="assembly.xml#Validation"/>
  </visualProperties>
  <visualProperties x="1107" y="3078">
    <element href="assembly.xml#CallRejAudit"/>
  </visualProperties>
  <visualProperties x="932" y="6908">
    <element href="assembly.xml#Route"/>
  </visualProperties>
  <visualProperties x="1106" y="7121">
    <element href="assembly.xml#CallRejectReport"/>
  </visualProperties>
  <visualProperties x="58" y="7284">
    <element href="assembly.xml#RejectIN"/>
  </visualProperties>
  <visualProperties x="326" y="7346">
    <element href="assembly.xml#AggRejects"/>
  </visualProperties>
  <visualProperties x="568" y="7320">
    <element href="assembly.xml#AsyncMediation1"/>
  </visualProperties>
  <visualProperties x="586" y="7457">
    <element href="assembly.xml#UnexpectedRejErr"/>
  </visualProperties>
  <visualProperties x="725" y="7408">
    <element href="assembly.xml#PutControlFile"/>
  </visualProperties>
  <visualProperties x="1172" y="7046">
    <element href="assembly.xml#Route0"/>
  </visualProperties>
  <visualProperties x="1294" y="7140">
    <element href="assembly.xml#AsyncMediation2"/>
  </visualProperties>
  <visualProperties x="1538" y="6828">
    <element href="assembly.xml#Close1AggAudit"/>
  </visualProperties>
  <visualProperties x="425" y="7485">
    <element href="assembly.xml#CloseAggRejects"/>
  </visualProperties>
  <visualProperties x="861" y="5036">
    <element href="assembly.xml#CallAggAudiClose"/>
  </visualProperties>
  <visualProperties x="1056" y="5023">
    <element href="assembly.xml#CallAggRejClose"/>
  </visualProperties>
  <visualProperties x="910" y="6819">
    <element href="assembly.xml#AsyncMediation3"/>
  </visualProperties>
  <visualProperties x="1010" y="1436">
    <element href="assembly.xml#PutIntegrationMessage"/>
  </visualProperties>
  <visualProperties x="778" y="1486">
    <element href="assembly.xml#AsyncMediation4"/>
  </visualProperties>
  <visualProperties x="1511" y="7157">
    <element href="assembly.xml#CallControlReport"/>
  </visualProperties>
  <visualProperties x="60" y="7851">
    <element href="assembly.xml#ControlIn"/>
  </visualProperties>
  <visualProperties x="200" y="7892">
    <element href="assembly.xml#AsyncMediation5"/>
  </visualProperties>
  <visualProperties x="1306" y="7008">
    <element href="assembly.xml#CallAuditLogError"/>
  </visualProperties>
  <visualProperties x="424" y="7982">
    <element href="assembly.xml#Aggregator"/>
  </visualProperties>
  <visualProperties x="473" y="7986">
    <element href="assembly.xml#CloseAggSuccess"/>
  </visualProperties>
  <visualProperties x="665" y="8004">
    <element href="assembly.xml#AsyncMediation6"/>
  </visualProperties>
  <visualProperties x="685" y="8124">
    <element href="assembly.xml#PutIntegrationMessage0"/>
  </visualProperties>
  <visualProperties x="877" y="8020">
    <element href="assembly.xml#PutIntegrationMessage1"/>
  </visualProperties>
  <visualProperties x="1273" y="5031">
    <element href="assembly.xml#CallAggSuccess"/>
  </visualProperties>
  <visualProperties x="672" y="7996">
    <element href="assembly.xml#AsyncMediation7"/>
  </visualProperties>
  <visualProperties x="270" y="8126">
    <element href="assembly.xml#CallCtrRptError"/>
  </visualProperties>
  <visualProperties x="709" y="8132">
    <element href="assembly.xml#CallCtrRptError1"/>
  </visualProperties>
  <visualProperties x="724" y="2957">
    <element href="assembly.xml#ProcessingProps1"/>
  </visualProperties>
  <visualProperties x="770" y="3081">
    <element href="assembly.xml#CallRejAudit1"/>
  </visualProperties>
  <visualProperties>
    <element href="assembly.xml#GetExistingInputs"/>
  </visualProperties>
  <visualProperties>
    <element href="assembly.xml#GetSubmitPayrollInputsWS"/>
  </visualProperties>
  <visualProperties>
    <element href="assembly.xml#CallExistingInputsError"/>
  </visualProperties>
  <visualProperties>
    <element href="assembly.xml#PagedGetSubmitPayrollInputs"/>
  </visualProperties>
  <visualProperties>
    <element href="assembly.xml#NoInputs"/>
  </visualProperties>
  <visualProperties>
    <element href="assembly.xml#SplitByExistingInput"/>
  </visualProperties>
  <visualProperties>
    <element href="assembly.xml#SaveEmpID"/>
  </visualProperties>
  <visualProperties>
    <element href="assembly.xml#StoreExistingInputs"/>
  </visualProperties>
  <visualProperties>
    <element href="assembly.xml#CallStoreExistingInputsError"/>
  </visualProperties>
  <visualProperties x="1273" y="437">
    <element href="assembly.xml#CallGetExistingInputs"/>
  </visualProperties>
  <decorations x="1530" y="144" width="1087" height="60" font="Arial|20|1" fontColor="1" type="TEXT" text="INT0033 Buck Employee Deductions Inbound"/>
  <decorations x="2966" y="314" width="2647" height="105" font="Arial|10|0" fontColor="1" type="TEXT" text="Bank of Montreal (BMO) has licensed Workday Human Capital Management (HCM) which will serve as the system of record for Human Resource (HR) and Payroll data. Workday is a Software as a Service (SaaS) application which is hosted and maintained by Workday.&#xD;&#xA;&#xD;&#xA;An inbound integration from BUCK System (Source system) to Workday (Target system) will need to be established in order to provide all ESOP Payroll Deductions calculations related to benefits covered by the ESOP program are done in the Buck Consultants BASIS system. Deductions include employee and employer contributions, tax sheltered and non-tax sheltered. These deductions also include adjustments to be made to the current pay period. Buck will electronically transmit the Payroll Deduction Interface file to be processed by this program"/>
  <decorations x="-110" y="751" width="371" height="61" bgColor="16777215" fgColor="16777215" type="NOTE" text="Save Attributes and LP, setting basic values for props, initializing hashMaps, ArrayLists and hashSets"/>
  <decorations x="372" y="413" width="488" height="40" bgColor="16777215" fgColor="16777215" type="NOTE" text="Retrieving input file from the sftp, validating if the files were received"/>
  <decorations x="362" y="405" width="565" height="77" type="TEXT" text="If the launch parameter of Manual Run is set to true, the Studio itself will write a sample file using the WriteFile Step. If Manual Run is set to false the studio will use the file retrieved from the retrieval process."/>
  <decorations x="69" y="1029" width="898" height="41" bgColor="16777215" fgColor="16777215" type="NOTE" text="For retrieved file, splitting it by each line and saving data to proper maps accordingly to the payroll input type"/>
  <decorations x="526" y="1976" width="725" height="41" bgColor="16777215" fgColor="16777215" type="NOTE" text="Call Get Workers WS to obtain values from Field Override Service"/>
  <decorations x="314" y="3694" width="1089" height="40" bgColor="16777215" fgColor="16777215" type="NOTE" text="Preparing data and determining if an input needs to be closed, openned, or updated. Validating if employee is eligible to any of the processed plans"/>
  <decorations x="478" y="4861" width="1011" height="40" bgColor="16777215" fgColor="16777215" type="NOTE" text="Write Payroll Input message. Aggregate then send to audit line"/>
  <decorations x="441" y="5317" width="597" height="36" bgColor="16777215" fgColor="16777215" type="NOTE" text="Wrapping request and sending it. Saving WID with the response and saving it."/>
  <decorations x="389" y="5804" width="451" height="37" bgColor="16777215" fgColor="16777215" type="NOTE" text="Building audit row, saving the audit if it's finished and saving it."/>
  <decorations x="704" y="6532" width="354" height="54" font="Arial|14|1" fontColor="1" type="TEXT" text="Main Process for Audit Log"/>
  <decorations x="463" y="6842" width="832" height="36" bgColor="16777215" fgColor="16777215" type="NOTE" text="RETRIEVE ATTRIBUTES FROM MAIN INTEGRATION - Using WID that is an attribute on Import Reporting &quot;Start Here&quot; component"/>
  <decorations x="60" y="7427" width="916" height="51" bgColor="16777215" fgColor="16777215" type="NOTE" text="FILE RETRIEVAL - Get Import Payroll Inputs request details. Split on each and send Get Import Process Messages Web Service"/>
  <decorations x="640" y="8539" width="760" height="51" bgColor="16777215" fgColor="16777215" type="NOTE" text="PROCESS IMPORT MESSAGES - calculate where error messages fit in the Audit Log (row numbers)"/>
  <decorations x="292" y="8774" width="983" height="44" bgColor="16777215" fgColor="16777215" type="NOTE" text="BUILD FINAL  AUDIT LOG XML - Retrieve XML from main integration, merge with error messages, produce CSV file and post it to Integration Event"/>
  <decorations x="737" y="9075" width="387" height="40" bgColor="16777215" fgColor="16777215" type="NOTE" text="ERROR HANDLERS - both global and local"/>
  <connections type="routesTo" sourceAnchorX="1.0" sourceAnchorY="0.2283464566929134" targetAnchorX="0.28205128205128205" targetAnchorY="0.3780487804878049">
    <source href="assembly.xml#CreateImportPayrollInputSegment"/>
    <target href="assembly.xml#Splitter"/>
  </connections>
  <connections type="routesTo" sourceAnchorX="1.0" sourceAnchorY="0.5675675675675675" targetAnchorX="0.15350877192982457" targetAnchorY="0.43478260869565216">
    <source href="assembly.xml#CreateAndSendInputs"/>
    <target href="assembly.xml#CreateImportPayrollInputSegment"/>
  </connections>
  <connections type="routesTo" sourceAnchorX="0.5113122171945701" targetAnchorX="0.4828767123287671" targetAnchorY="0.43243243243243246">
    <source href="assembly.xml#//@beans/@mixed.1/@mixed.247/@mixed.3"/>
    <target href="assembly.xml#CallCreateImportPayrollInputSegmentError"/>
  </connections>
  <connections type="routesTo" sourceAnchorX="0.8557692307692307" sourceAnchorY="1.0" targetAnchorX="0.04895104895104895" targetAnchorY="0.5652173913043478">
    <source href="assembly.xml#//@beans/@mixed.1/@splitter.6/@subRoute.0"/>
    <target href="assembly.xml#AsyncMediation"/>
  </connections>
  <connections type="routesTo" sourceAnchorX="1.0" sourceAnchorY="0.25" targetAnchorX="0.3870967741935484" targetAnchorY="0.39303482587064675">
    <source href="assembly.xml#AsyncMediation"/>
    <target href="assembly.xml#AggAndAudit"/>
  </connections>
  <connections type="routesTo" sourceAnchorX="1.0" sourceAnchorY="0.6764705882352942" targetAnchorX="0.0718954248366013" targetAnchorY="0.5471698113207547">
    <source href="assembly.xml#//@beans/@mixed.1/@route.5/@subRoute.0"/>
    <target href="assembly.xml#AggInputsInBatch"/>
    <bendpoints sourceX="26" sourceY="-54" targetX="-54" targetY="-1"/>
  </connections>
  <connections type="routesTo" sourceAnchorX="1.0" sourceAnchorY="0.5882352941176471" targetAnchorX="0.15384615384615385" targetAnchorY="0.5135135135135135">
    <source href="assembly.xml#//@beans/@mixed.1/@route.5/@subRoute.1"/>
    <target href="assembly.xml#CallAuditLine"/>
  </connections>
  <connections type="routesTo" sourceAnchorX="0.5967741935483871" sourceAnchorY="1.0" targetAnchorX="0.6339869281045751" targetAnchorY="0.04716981132075472">
    <source href="assembly.xml#CloseAggInputsInBatch"/>
    <target href="assembly.xml#AggInputsInBatch"/>
  </connections>
  <connections type="routesTo" sourceAnchorX="1.0" sourceAnchorY="0.5094339622641509" targetAnchorX="0.050955414012738856" targetAnchorY="0.40540540540540543">
    <source href="assembly.xml#AggInputsInBatch"/>
    <target href="assembly.xml#CallReleaseBatch"/>
  </connections>
  <connections type="routesTo" sourceAnchorX="0.610738255033557" sourceAnchorY="0.24324324324324326" targetAnchorX="0.08609271523178808" targetAnchorY="0.44">
    <source href="assembly.xml#ProcessWorkers"/>
    <target href="assembly.xml#SplitterErrorHandler"/>
  </connections>
  <connections type="routesTo" sourceAnchorX="0.7350993377483444" sourceAnchorY="0.496" targetAnchorX="0.2777777777777778" targetAnchorY="0.4666666666666667">
    <source href="assembly.xml#SplitterErrorHandler"/>
    <target href="assembly.xml#SplitOnFileRows"/>
  </connections>
  <connections type="routesTo" sourceAnchorY="1.0" targetAnchorY="0.5675675675675675">
    <source href="assembly.xml#//@beans/@mixed.1/@mixed.225/@mixed.3"/>
    <target href="assembly.xml#CallCriticalNoRowsError"/>
  </connections>
  <connections type="routesTo" sourceAnchorX="0.9057971014492754" sourceAnchorY="0.7647058823529411" targetAnchorX="0.03680981595092025" targetAnchorY="0.4583333333333333">
    <source href="assembly.xml#//@beans/@mixed.1/@splitter.5/@subRoute.0"/>
    <target href="assembly.xml#ProcessingProps1"/>
  </connections>
  <connections type="routesTo">
    <source href="assembly.xml#//@beans/@mixed.1/@mixed.219/@mixed.3"/>
    <target href="assembly.xml#CallProcessingPropsError"/>
  </connections>
  <connections type="routesTo" sourceAnchorX="1.0" sourceAnchorY="0.9705882352941176" targetAnchorX="0.10622710622710622" targetAnchorY="0.3937007874015748">
    <source href="assembly.xml#//@beans/@mixed.1/@splitter.3/@subRoute.0"/>
    <target href="assembly.xml#SaveTenantedData"/>
  </connections>
  <connections type="routesTo" sourceAnchorX="0.5526315789473685" sourceAnchorY="1.0" targetAnchorX="0.7684729064039408" targetAnchorY="0.2702702702702703">
    <source href="assembly.xml#//@beans/@mixed.1/@mixed.215/@mixed.3"/>
    <target href="assembly.xml#CallErrorHandling"/>
  </connections>
  <connections type="routesTo" sourceAnchorX="1.0" sourceAnchorY="0.4330708661417323" targetAnchorX="0.05747126436781609" targetAnchorY="0.6509433962264151">
    <source href="assembly.xml#TransformDeduction"/>
    <target href="assembly.xml#InputAggregator"/>
  </connections>
  <connections type="routesTo" sourceAnchorX="0.8666666666666667" sourceAnchorY="0.3425414364640884" targetAnchorX="0.2644628099173554" targetAnchorY="0.44074074074074077">
    <source href="assembly.xml#HandleGetDocError"/>
    <target href="assembly.xml#RunType"/>
  </connections>
  <connections type="routesTo" sourceAnchorX="1.0" sourceAnchorY="0.6470588235294118" targetAnchorX="0.2" targetAnchorY="0.6666666666666666">
    <source href="assembly.xml#//@beans/@mixed.1/@route.4/@subRoute.0"/>
    <target href="assembly.xml#WriteFile"/>
  </connections>
  <connections type="routesTo" sourceAnchorX="1.0" sourceAnchorY="0.7352941176470589" targetAnchorX="0.13989637305699482" targetAnchorY="0.5135135135135135">
    <source href="assembly.xml#//@beans/@mixed.1/@route.4/@subRoute.1"/>
    <target href="assembly.xml#GetEventDocuments"/>
  </connections>
  <connections type="routesTo" sourceAnchorX="0.5961538461538461" sourceAnchorY="1.0" targetAnchorX="0.4631578947368421" targetAnchorY="0.35135135135135137">
    <source href="assembly.xml#INT0033"/>
    <target href="assembly.xml#CallInit"/>
  </connections>
  <connections type="routesTo" sourceAnchorX="0.9041095890410958" sourceAnchorY="0.40540540540540543" targetAnchorX="0.03333333333333333" targetAnchorY="0.472">
    <source href="assembly.xml#Init"/>
    <target href="assembly.xml#Initialization"/>
  </connections>
  <connections type="routesTo" sourceAnchorX="0.4878048780487805" sourceAnchorY="1.0" targetAnchorX="0.5564516129032258" targetAnchorY="0.4864864864864865">
    <source href="assembly.xml#//@beans/@mixed.1/@mixed.205/@mixed.3"/>
    <target href="assembly.xml#CallCritical1"/>
  </connections>
  <connections type="routesResponseTo" sourceAnchorX="0.42857142857142855" sourceAnchorY="1.0" targetAnchorX="0.3736842105263158" targetAnchorY="0.13513513513513514">
    <source href="assembly.xml#ValidationMode"/>
    <target href="assembly.xml#CallRetrieveAndProcFile"/>
  </connections>
  <connections type="routesResponseTo" sourceAnchorX="0.4421052631578947" sourceAnchorY="0.7567567567567568" targetAnchorX="0.4142857142857143" targetAnchorY="0.10810810810810811">
    <source href="assembly.xml#CallInit"/>
    <target href="assembly.xml#ValidationMode"/>
  </connections>
  <connections type="routesResponseTo" sourceAnchorX="0.3631578947368421" sourceAnchorY="1.0" targetAnchorX="0.4105960264900662" targetAnchorY="0.40540540540540543">
    <source href="assembly.xml#CallRetrieveAndProcFile"/>
    <target href="assembly.xml#CallProcInputFile"/>
  </connections>
  <connections type="routesTo">
    <source href="assembly.xml#//@beans/@mixed.1/@mixed.185/@mixed.5"/>
    <target href="assembly.xml#CallCritical"/>
  </connections>
  <connections type="routesTo" sourceAnchorX="0.9285714285714286" sourceAnchorY="0.40540540540540543" targetAnchorX="0.11333333333333333" targetAnchorY="0.17679558011049723">
    <source href="assembly.xml#RetrieveAndProcFile"/>
    <target href="assembly.xml#HandleGetDocError"/>
  </connections>
  <connections type="routesResponseTo" sourceAnchorX="0.8647058823529412" sourceAnchorY="0.4864864864864865" targetAnchorX="0.08411214953271028" targetAnchorY="0.38311688311688313">
    <source href="assembly.xml#GetEventDocuments"/>
    <target href="assembly.xml#DocIterator"/>
  </connections>
  <connections type="routesTo" sourceAnchorX="1.0" sourceAnchorY="0.6764705882352942" targetAnchorX="0.14977973568281938" targetAnchorY="0.488">
    <source href="assembly.xml#//@beans/@mixed.1/@route.3/@subRoute.0"/>
    <target href="assembly.xml#CopyInput"/>
    <bendpoints sourceX="32" sourceY="-1" targetX="-67" targetY="71"/>
    <bendpoints sourceX="35" sourceY="-207" targetX="-50" targetY="2"/>
  </connections>
  <connections type="routesTo" sourceAnchorX="0.4175824175824176" sourceAnchorY="1.0" targetAnchorX="0.4112903225806452" targetAnchorY="0.32432432432432434">
    <source href="assembly.xml#//@beans/@mixed.1/@mixed.183/@mixed.3"/>
    <target href="assembly.xml#CallCritical0"/>
  </connections>
  <connections type="routesTo" sourceAnchorX="0.813953488372093" sourceAnchorY="0.4594594594594595" targetAnchorX="0.15873015873015872" targetAnchorY="0.44">
    <source href="assembly.xml#ProcInputFile"/>
    <target href="assembly.xml#InitLineCounter"/>
  </connections>
  <connections type="routesTo" sourceAnchorX="1.0" sourceAnchorY="0.35106382978723405" targetAnchorX="0.2619047619047619" targetAnchorY="0.42021276595744683">
    <source href="assembly.xml#InitLineCounter"/>
    <target href="assembly.xml#SplittinInputFile"/>
  </connections>
  <connections type="routesTo" sourceAnchorX="0.44537815126050423" sourceAnchorY="1.0" targetAnchorX="0.4744525547445255" targetAnchorY="0.32432432432432434">
    <source href="assembly.xml#//@beans/@mixed.1/@mixed.179/@mixed.3"/>
    <target href="assembly.xml#CallAuditLine3"/>
  </connections>
  <connections type="routesTo" sourceAnchorX="1.0" sourceAnchorY="0.4411764705882353" targetAnchorX="0.15151515151515152" targetAnchorY="0.384">
    <source href="assembly.xml#//@beans/@mixed.1/@splitter.4/@subRoute.0"/>
    <target href="assembly.xml#RecordCounting"/>
    <bendpoints sourceX="27" sourceY="-1" targetX="-53" targetY="108"/>
    <bendpoints sourceX="27" sourceY="-77" targetX="-51" targetY="4"/>
  </connections>
  <connections type="routesTo" sourceAnchorX="0.504" sourceAnchorY="1.0" targetAnchorX="0.4930555555555556" targetAnchorY="0.13513513513513514">
    <source href="assembly.xml#//@beans/@mixed.1/@mixed.171/@mixed.3"/>
    <target href="assembly.xml#CallAuditLine30"/>
  </connections>
  <connections type="routesTo" sourceAnchorX="0.8225806451612904" sourceAnchorY="1.0" targetAnchorX="0.07407407407407407" targetAnchorY="0.4094488188976378">
    <source href="assembly.xml#//@beans/@mixed.1/@route.2/@subRoute.0"/>
    <target href="assembly.xml#TransformDeduction"/>
  </connections>
  <connections type="routesTo" sourceAnchorX="0.9433962264150944" sourceAnchorY="0.5882352941176471" targetAnchorX="0.09090909090909091" targetAnchorY="0.44565217391304346">
    <source href="assembly.xml#//@beans/@mixed.1/@route.2/@subRoute.1"/>
    <target href="assembly.xml#Ignore"/>
  </connections>
  <connections type="routesTo" sourceAnchorX="0.5256410256410257" sourceAnchorY="0.5666666666666667" targetAnchorX="0.46524064171123" targetAnchorY="0.08108108108108109">
    <source href="assembly.xml#//@beans/@mixed.1/@mixed.163/@mixed.3"/>
    <target href="assembly.xml#CallErrorHandling15"/>
  </connections>
  <connections type="routesTo" sourceAnchorX="1.0" sourceAnchorY="0.7027027027027027" targetAnchorX="0.44761904761904764" targetAnchorY="0.5108695652173914">
    <source href="assembly.xml#GetWorker"/>
    <target href="assembly.xml#WriteGetWorkers"/>
  </connections>
  <connections type="routesTo" sourceAnchorX="0.41836734693877553" sourceAnchorY="1.0" targetAnchorX="0.4734042553191489" targetAnchorY="0.5675675675675675">
    <source href="assembly.xml#//@beans/@mixed.1/@mixed.159/@mixed.3"/>
    <target href="assembly.xml#CallCriticalWriteEEIDs"/>
  </connections>
  <connections type="routesResponseTo" sourceAnchorX="0.5033557046979866" sourceAnchorY="1.0" targetAnchorX="0.49107142857142855" targetAnchorY="0.6756756756756757">
    <source href="assembly.xml#UnexpectedError"/>
    <target href="assembly.xml#PagedGet"/>
  </connections>
  <connections type="routesResponseTo" sourceAnchorX="0.7857142857142857" sourceAnchorY="0.35135135135135137" targetAnchorX="0.4125" targetAnchorY="0.464">
    <source href="assembly.xml#PagedGet"/>
    <target href="assembly.xml#NoWorkersErrorHandler"/>
  </connections>
  <connections type="routesTo" sourceAnchorX="0.64375" sourceAnchorY="0.464" targetAnchorX="0.4921875" targetAnchorY="0.5324675324675324">
    <source href="assembly.xml#NoWorkersErrorHandler"/>
    <target href="assembly.xml#SplitOnWorkers"/>
  </connections>
  <connections type="routesTo" sourceAnchorX="0.6370370370370371" sourceAnchorY="1.0" targetAnchorX="0.4595744680851064" targetAnchorY="0.32432432432432434">
    <source href="assembly.xml#//@beans/@mixed.1/@mixed.145/@mixed.3"/>
    <target href="assembly.xml#CallCriticalSplitOnWorkers"/>
  </connections>
  <connections type="routesResponseTo" sourceAnchorX="0.5182926829268293" sourceAnchorY="1.0" targetAnchorX="0.47596153846153844" targetAnchorY="0.2702702702702703">
    <source href="assembly.xml#CallProcessWorkers"/>
    <target href="assembly.xml#CallCloseAggInputsInBatch"/>
  </connections>
  <connections type="routesTo" sourceAnchorX="0.8176470588235294" sourceAnchorY="0.456" targetAnchorX="0.2" targetAnchorY="0.40540540540540543">
    <source href="assembly.xml#StoreImportProcDetails"/>
    <target href="assembly.xml#ImportDetailsPosted"/>
  </connections>
  <connections type="routesTo" sourceAnchorX="0.9078014184397163" sourceAnchorY="0.448" targetAnchorX="0.08588957055214724" targetAnchorY="0.5283018867924528">
    <source href="assembly.xml#ImportProcDetails"/>
    <target href="assembly.xml#AggImportResponses"/>
  </connections>
  <connections type="routesResponseTo" sourceAnchorX="1.0" sourceAnchorY="0.40540540540540543" targetAnchorX="0.425531914893617" targetAnchorY="0.464">
    <source href="assembly.xml#ImportWS"/>
    <target href="assembly.xml#ImportProcDetails"/>
  </connections>
  <connections type="routesTo" sourceAnchorX="0.5074626865671642" sourceAnchorY="0.6" targetAnchorX="0.424390243902439" targetAnchorY="0.43243243243243246">
    <source href="assembly.xml#//@beans/@mixed.1/@mixed.135/@mixed.3"/>
    <target href="assembly.xml#CallImportProcDetailsError0"/>
  </connections>
  <connections type="routesTo" sourceAnchorX="1.0" sourceAnchorY="0.4594594594594595" targetAnchorX="0.32653061224489793" targetAnchorY="0.472">
    <source href="assembly.xml#ReleaseBatch"/>
    <target href="assembly.xml#WrapWS"/>
  </connections>
  <connections type="routesTo" sourceAnchorX="1.0" sourceAnchorY="0.5566037735849056" targetAnchorX="0.18823529411764706" targetAnchorY="0.472">
    <source href="assembly.xml#AggImportResponses"/>
    <target href="assembly.xml#StoreImportProcDetails"/>
  </connections>
  <connections type="routesTo" sourceAnchorX="0.45081967213114754" sourceAnchorY="1.0" targetAnchorX="0.4110429447852761" targetAnchorY="0.19811320754716982">
    <source href="assembly.xml#CloseResponsesAggr"/>
    <target href="assembly.xml#AggImportResponses"/>
  </connections>
  <connections type="routesTo" sourceAnchorX="0.616" sourceAnchorY="0.5851063829787234" targetAnchorX="0.14414414414414414" targetAnchorY="0.32432432432432434">
    <source href="assembly.xml#ValidationMode11"/>
    <target href="assembly.xml#ImportWS"/>
  </connections>
  <connections type="routesTo" sourceAnchorX="0.5030674846625767" sourceAnchorY="0.43333333333333335" targetAnchorX="0.44871794871794873" targetAnchorY="0.24324324324324326">
    <source href="assembly.xml#//@beans/@mixed.1/@mixed.125/@mixed.3"/>
    <target href="assembly.xml#CallStoreImportProcDetailsError0"/>
  </connections>
  <connections type="routesTo" sourceAnchorX="0.7857142857142857" sourceAnchorY="0.464" targetAnchorX="0.888" targetAnchorY="0.6382978723404256">
    <source href="assembly.xml#WrapWS"/>
    <target href="assembly.xml#ValidationMode11"/>
  </connections>
  <connections type="routesTo" sourceAnchorX="0.5054945054945055" sourceAnchorY="0.3" targetAnchorX="0.4127906976744186" targetAnchorY="0.40540540540540543">
    <source href="assembly.xml#//@beans/@mixed.1/@mixed.123/@mixed.3"/>
    <target href="assembly.xml#CallImportBatchError"/>
  </connections>
  <connections type="routesTo" sourceAnchorX="0.6976744186046512" sourceAnchorY="0.448" targetAnchorX="0.2671232876712329" targetAnchorY="0.3783783783783784">
    <source href="assembly.xml#ZipAndStoreFile"/>
    <target href="assembly.xml#PutAuditLogXML"/>
  </connections>
  <connections type="routesTo" sourceAnchorX="0.45081967213114754" sourceAnchorY="0.7666666666666667" targetAnchorX="0.42786069651741293" targetAnchorY="0.32432432432432434">
    <source href="assembly.xml#//@beans/@mixed.1/@mixed.109/@mixed.3"/>
    <target href="assembly.xml#CallStoreInputDetailsError"/>
  </connections>
  <connections type="routesTo" sourceAnchorX="1.0" sourceAnchorY="0.3113207547169811" targetAnchorX="0.3643410852713178" targetAnchorY="0.272">
    <source href="assembly.xml#AggAudit"/>
    <target href="assembly.xml#ZipAndStoreFile"/>
  </connections>
  <connections type="routesTo" sourceAnchorX="1.0" sourceAnchorY="0.2" targetAnchorX="0.3006535947712418" targetAnchorY="0.05660377358490566">
    <source href="assembly.xml#WriteInputDetails"/>
    <target href="assembly.xml#AggAudit"/>
  </connections>
  <connections type="routesTo" sourceAnchorX="0.45652173913043476" sourceAnchorY="1.0" targetAnchorX="0.4117647058823529" targetAnchorY="0.3113207547169811">
    <source href="assembly.xml#CloseAggAudit"/>
    <target href="assembly.xml#AggAudit"/>
  </connections>
  <connections type="routesTo" sourceAnchorX="0.49612403100775193" sourceAnchorY="1.0" targetAnchorX="0.485" targetAnchorY="0.2972972972972973">
    <source href="assembly.xml#//@beans/@mixed.1/@mixed.99/@mixed.3"/>
    <target href="assembly.xml#CallWriteInputDetailsError"/>
  </connections>
  <connections type="routesTo" sourceAnchorX="0.7129629629629629" sourceAnchorY="0.5675675675675675" targetAnchorX="0.06818181818181818" targetAnchorY="0.52">
    <source href="assembly.xml#AuditLine"/>
    <target href="assembly.xml#WriteInputDetails"/>
  </connections>
  <connections type="routesResponseTo" sourceAnchorX="0.4807692307692308" sourceAnchorY="1.0" targetAnchorY="0.4864864864864865">
    <source href="assembly.xml#CallCloseAggInputsInBatch"/>
    <target href="assembly.xml#CallCloseResponsesAggr"/>
  </connections>
  <connections type="routesResponseTo" sourceAnchorX="0.4504950495049505" sourceAnchorY="1.0" targetAnchorX="0.53125" targetAnchorY="0.21621621621621623">
    <source href="assembly.xml#CallCloseResponsesAggr"/>
    <target href="assembly.xml#CallCloseAggAudit"/>
  </connections>
  <connections type="routesTo" sourceAnchorX="1.0" sourceAnchorY="0.1956521739130435" targetAnchorX="0.49612403100775193" targetAnchorY="0.5135135135135135">
    <source href="assembly.xml#SetCriticalErrorFlag"/>
    <target href="assembly.xml#SendInitError"/>
  </connections>
  <connections type="routesTo" sourceAnchorX="1.0" sourceAnchorY="0.4864864864864865" targetAnchorX="0.33070866141732286" targetAnchorY="0.2608695652173913">
    <source href="assembly.xml#CriticalInitialError"/>
    <target href="assembly.xml#SetCriticalErrorFlag"/>
  </connections>
  <connections type="routesTo" sourceAnchorX="1.0" sourceAnchorY="0.4864864864864865" targetAnchorX="0.19863013698630136" targetAnchorY="0.4864864864864865">
    <source href="assembly.xml#AuditError"/>
    <target href="assembly.xml#RetrieveAttrError"/>
  </connections>
  <connections type="routesTo" sourceAnchorX="0.552" sourceAnchorY="0.6382978723404256" targetAnchorX="0.24031007751937986" targetAnchorY="0.4594594594594595">
    <source href="assembly.xml#StoreFinalAudit"/>
    <target href="assembly.xml#PutFinalAudit"/>
  </connections>
  <connections type="routesTo" sourceAnchorX="1.0" sourceAnchorY="0.8235294117647058" targetAnchorX="0.1417910447761194" targetAnchorY="0.6063829787234043">
    <source href="assembly.xml#//@beans/@mixed.1/@splitter.2/@subRoute.0"/>
    <target href="assembly.xml#SaveErrorsToMap"/>
    <bendpoints sourceX="26" sourceY="-44" targetX="-55"/>
  </connections>
  <connections type="routesTo" sourceAnchorX="1.0" sourceAnchorY="0.4959349593495935" targetAnchorX="0.12307692307692308" targetAnchorY="0.5974025974025974">
    <source href="assembly.xml#NoErrorsInBatchMsg"/>
    <target href="assembly.xml#SplitByMessage"/>
  </connections>
  <connections type="routesResponseTo" sourceAnchorX="0.425531914893617" sourceAnchorY="0.7027027027027027" targetAnchorX="0.41721854304635764" targetAnchorY="0.35135135135135137">
    <source href="assembly.xml#CallRetrieveDocuments"/>
    <target href="assembly.xml#CallProcAuditFile"/>
  </connections>
  <connections type="routesResponseTo" sourceAnchorX="0.47191011235955055" sourceAnchorY="0.2702702702702703" targetAnchorX="0.4095744680851064" targetAnchorY="0.4864864864864865">
    <source href="assembly.xml#CallRetrieveBatchSize"/>
    <target href="assembly.xml#CallRetrieveDocuments"/>
  </connections>
  <connections type="routesTo" sourceAnchorX="0.4589041095890411" sourceAnchorY="0.5405405405405406" targetAnchorX="0.46629213483146065" targetAnchorY="0.2702702702702703">
    <source href="assembly.xml#ImportReporting"/>
    <target href="assembly.xml#CallRetrieveBatchSize"/>
  </connections>
  <connections type="routesTo" sourceAnchorX="1.0" sourceAnchorY="0.5405405405405406" targetAnchorX="0.28662420382165604" targetAnchorY="0.456">
    <source href="assembly.xml#RetrieveAttr"/>
    <target href="assembly.xml#PrepareGetIntSysWS"/>
  </connections>
  <connections type="routesTo" sourceAnchorX="1.0" sourceAnchorY="0.44" targetAnchorX="0.1484375" targetAnchorY="0.4864864864864865">
    <source href="assembly.xml#PrepareGetIntSysWS"/>
    <target href="assembly.xml#GetIntSysWS"/>
  </connections>
  <connections type="routesTo" sourceAnchorX="0.4083769633507853" sourceAnchorY="0.5333333333333333" targetAnchorX="0.41353383458646614" targetAnchorY="0.35135135135135137">
    <source href="assembly.xml#//@beans/@mixed.1/@mixed.67/@mixed.3"/>
    <target href="assembly.xml#CallAuditError"/>
  </connections>
  <connections type="routesResponseTo" sourceAnchorX="1.0" sourceAnchorY="0.43243243243243246" targetAnchorX="0.15053763440860216" targetAnchorY="0.5638297872340425">
    <source href="assembly.xml#GetIntSysWS"/>
    <target href="assembly.xml#ImportInit"/>
  </connections>
  <connections type="routesResponseTo" sourceAnchorX="0.8529411764705882" sourceAnchorY="0.4594594594594595" targetAnchorX="0.23648648648648649" targetAnchorY="0.4675324675324675">
    <source href="assembly.xml#GetEventDocuments0"/>
    <target href="assembly.xml#GetImportWIDsDoc"/>
  </connections>
  <connections type="routesTo" sourceAnchorX="0.5612244897959183" sourceAnchorY="0.456" targetAnchorX="0.1411764705882353" targetAnchorY="0.5135135135135135">
    <source href="assembly.xml#EventWID"/>
    <target href="assembly.xml#GetEventDocuments0"/>
  </connections>
  <connections type="routesTo" sourceAnchorX="0.8975903614457831" sourceAnchorY="0.5135135135135135" targetAnchorX="0.11224489795918367" targetAnchorY="0.456">
    <source href="assembly.xml#RetrieveDocuments"/>
    <target href="assembly.xml#EventWID"/>
  </connections>
  <connections type="routesTo" sourceAnchorX="0.43956043956043955" sourceAnchorY="0.7333333333333333" targetAnchorX="0.425414364640884" targetAnchorY="0.2702702702702703">
    <source href="assembly.xml#//@beans/@mixed.1/@mixed.55/@mixed.3"/>
    <target href="assembly.xml#CallAuditErrorGetDocs"/>
  </connections>
  <connections type="routesTo" sourceAnchorX="0.625" sourceAnchorY="1.0" targetAnchorX="0.5736434108527132" targetAnchorY="0.40540540540540543">
    <source href="assembly.xml#//@beans/@mixed.1/@mixed.43/@mixed.3"/>
    <target href="assembly.xml#CallAuditErrorCopyImportDetailsMsg"/>
  </connections>
  <connections type="routesTo" sourceAnchorX="1.0" sourceAnchorY="0.7058823529411765" targetAnchorX="0.19760479041916168" targetAnchorY="0.0851063829787234">
    <source href="assembly.xml#//@beans/@mixed.1/@route.1/@subRoute.0"/>
    <target href="assembly.xml#CopyImportDetailsMsg"/>
  </connections>
  <connections type="routesTo" sourceAnchorX="1.0" sourceAnchorY="0.574468085106383" targetAnchorX="0.4090909090909091" targetAnchorY="0.44805194805194803">
    <source href="assembly.xml#CopyImportDetailsMsg"/>
    <target href="assembly.xml#SplitByBatch"/>
  </connections>
  <connections type="routesTo" sourceAnchorX="1.0" sourceAnchorY="0.6176470588235294" targetAnchorX="0.28125" targetAnchorY="0.07446808510638298">
    <source href="assembly.xml#//@beans/@mixed.1/@splitter.1/@subRoute.0"/>
    <target href="assembly.xml#PrepareImportMsgWS"/>
  </connections>
  <connections type="routesTo" sourceAnchorX="1.0" sourceAnchorY="0.4864864864864865" targetAnchorX="0.3905325443786982" targetAnchorY="0.5135135135135135">
    <source href="assembly.xml#PagedGetResponse"/>
    <target href="assembly.xml#CallProcImportMsgs"/>
  </connections>
  <connections type="routesTo" sourceAnchorX="0.9015544041450777" sourceAnchorY="0.368" targetAnchorX="0.1686746987951807" targetAnchorY="0.32432432432432434">
    <source href="assembly.xml#PrepareImportMsgWS"/>
    <target href="assembly.xml#GetImportProcMsgs"/>
  </connections>
  <connections type="routesTo" sourceAnchorX="0.4864864864864865" sourceAnchorY="1.0" targetAnchorX="0.47465437788018433" targetAnchorY="0.4594594594594595">
    <source href="assembly.xml#//@beans/@mixed.1/@mixed.35/@mixed.3"/>
    <target href="assembly.xml#CallAuditErrorGetImportMsgs"/>
  </connections>
  <connections type="routesTo" sourceAnchorX="1.0" sourceAnchorY="0.5675675675675675" targetAnchorX="0.41025641025641024" targetAnchorY="0.4634146341463415">
    <source href="assembly.xml#ProcessImportMsgs"/>
    <target href="assembly.xml#NoErrorsInBatchMsg"/>
  </connections>
  <connections type="routesTo" sourceAnchorX="0.5369127516778524" sourceAnchorY="1.0" targetAnchorX="0.46524064171123" targetAnchorY="0.2972972972972973">
    <source href="assembly.xml#//@beans/@mixed.1/@mixed.27/@mixed.3"/>
    <target href="assembly.xml#UnexpectedSplitterError"/>
  </connections>
  <connections type="routesTo" sourceAnchorX="0.7733333333333333" sourceAnchorY="0.6063829787234043" targetAnchorX="0.3969465648854962" targetAnchorY="0.44805194805194803">
    <source href="assembly.xml#CopyAuditXML2Msg"/>
    <target href="assembly.xml#SplitByAuditRow"/>
  </connections>
  <connections type="routesTo" sourceAnchorX="1.0" sourceAnchorY="0.7647058823529411" targetAnchorX="0.028368794326241134" targetAnchorY="0.5869565217391305">
    <source href="assembly.xml#//@beans/@mixed.1/@route.0/@subRoute.0"/>
    <target href="assembly.xml#CopyAuditXML2Msg"/>
  </connections>
  <connections type="routesTo" sourceAnchorX="0.8321678321678322" sourceAnchorY="1.0" targetAnchorX="0.6288659793814433" targetAnchorY="0.24324324324324326">
    <source href="assembly.xml#//@beans/@mixed.1/@mixed.25/@mixed.3"/>
    <target href="assembly.xml#UnexpectedAuditSplitterError"/>
  </connections>
  <connections type="routesTo" sourceAnchorX="0.6466666666666666" sourceAnchorY="0.5135135135135135" targetAnchorX="0.07207207207207207">
    <source href="assembly.xml#ProcessAuditFile"/>
    <target href="assembly.xml#GetAuditXML"/>
  </connections>
  <connections type="routesTo" sourceAnchorX="1.0" sourceAnchorY="0.7352941176470589" targetAnchorX="0.06622516556291391" targetAnchorY="0.5520833333333334">
    <source href="assembly.xml#//@beans/@mixed.1/@splitter.0/@subRoute.0"/>
    <target href="assembly.xml#AsyncMediation3"/>
  </connections>
  <connections type="routesTo" sourceAnchorX="0.8048780487804879" sourceAnchorY="0.6063829787234043" targetAnchorX="0.1452991452991453" targetAnchorY="0.6037735849056604">
    <source href="assembly.xml#PrepareFinalAuditLine"/>
    <target href="assembly.xml#AggFinalAudit"/>
  </connections>
  <connections type="routesTo" sourceAnchorX="0.4358974358974359" sourceAnchorY="0.5943396226415094" targetAnchorX="0.08" targetAnchorY="0.6063829787234043">
    <source href="assembly.xml#AggFinalAudit"/>
    <target href="assembly.xml#StoreFinalAudit"/>
  </connections>
  <connections type="routesTo" sourceAnchorX="0.4732824427480916" sourceAnchorY="1.0" targetAnchorX="0.34841628959276016" targetAnchorY="0.35135135135135137">
    <source href="assembly.xml#//@beans/@mixed.1/@mixed.11/@mixed.3"/>
    <target href="assembly.xml#UnexpectedAuditSplitterError0"/>
  </connections>
  <connections type="routesTo" sourceAnchorX="0.9669421487603306" sourceAnchorY="0.43243243243243246" targetAnchorX="0.13157894736842105" targetAnchorY="0.43243243243243246">
    <source href="assembly.xml#//@beans/@mixed.1/@mixed.7"/>
    <target href="assembly.xml#Note-Error"/>
  </connections>
  <connections type="routesResponseTo" sourceAnchorX="0.3772455089820359" sourceAnchorY="1.0" targetAnchorX="0.4716981132075472" targetAnchorY="0.10810810810810811">
    <source href="assembly.xml#CallProcInputFile"/>
    <target href="assembly.xml#CallCloseInputsFile"/>
  </connections>
  <connections type="routesResponseTo" sourceAnchorX="0.4968553459119497" sourceAnchorY="0.8108108108108109" targetAnchorX="0.43137254901960786" targetAnchorY="0.24324324324324326">
    <source href="assembly.xml#CallCloseInputsFile"/>
    <target href="assembly.xml#CallGetWorker"/>
  </connections>
  <connections type="routesTo" sourceAnchorX="0.5789473684210527" sourceAnchorY="1.0" targetAnchorX="0.42528735632183906" targetAnchorY="0.14150943396226415">
    <source href="assembly.xml#CloseInputsFile"/>
    <target href="assembly.xml#InputAggregator"/>
  </connections>
  <connections type="routesTo" sourceAnchorX="1.0" sourceAnchorY="0.25" targetAnchorX="0.1651376146788991" targetAnchorY="0.3937007874015748">
    <source href="assembly.xml#WriteFile"/>
    <target href="assembly.xml#CopyInput"/>
  </connections>
  <connections type="routesTo" sourceAnchorX="1.0" sourceAnchorY="0.2125984251968504" targetAnchorX="0.3142857142857143">
    <source href="assembly.xml#ProcessingProps2"/>
    <target href="assembly.xml#Validation"/>
  </connections>
  <connections type="routesTo" sourceAnchorX="1.0" sourceAnchorY="0.375" targetAnchorX="0.23636363636363636" targetAnchorY="0.13513513513513514">
    <source href="assembly.xml#Validation"/>
    <target href="assembly.xml#CallCreateInputs"/>
  </connections>
  <connections type="routesTo" sourceAnchorX="0.45864661654135336" sourceAnchorY="1.0" targetAnchorX="0.47794117647058826" targetAnchorY="0.43243243243243246">
    <source href="assembly.xml#//@beans/@mixed.1/@mixed.255/@mixed.3"/>
    <target href="assembly.xml#CallRejAudit"/>
  </connections>
  <connections type="routesTo" sourceAnchorX="0.7604166666666666" sourceAnchorY="1.0" targetAnchorX="0.043478260869565216" targetAnchorY="0.53125">
    <source href="assembly.xml#//@beans/@mixed.1/@route.6/@subRoute.0"/>
    <target href="assembly.xml#PrepareFinalAuditLine"/>
  </connections>
  <connections type="routesTo" sourceAnchorX="0.7076923076923077" sourceAnchorY="1.0" targetAnchorX="0.2582781456953642" targetAnchorY="0.4583333333333333">
    <source href="assembly.xml#AggRejects"/>
    <target href="assembly.xml#AsyncMediation1"/>
  </connections>
  <connections type="routesTo" sourceAnchorX="0.5694444444444444" sourceAnchorY="1.0" targetAnchorX="0.43902439024390244" targetAnchorY="0.43243243243243246">
    <source href="assembly.xml#//@beans/@mixed.1/@mixed.267/@mixed.3"/>
    <target href="assembly.xml#UnexpectedRejErr"/>
  </connections>
  <connections type="routesTo" sourceAnchorX="1.0" sourceAnchorY="0.14173228346456693" targetAnchorX="0.33170731707317075" targetAnchorY="0.3783783783783784">
    <source href="assembly.xml#AsyncMediation1"/>
    <target href="assembly.xml#PutControlFile"/>
  </connections>
  <connections type="routesTo" sourceAnchorX="0.6666666666666666" sourceAnchorY="1.0" targetAnchorX="0.46153846153846156" targetAnchorY="0.3181818181818182">
    <source href="assembly.xml#//@beans/@mixed.1/@route.6/@subRoute.1"/>
    <target href="assembly.xml#Route0"/>
  </connections>
  <connections type="routesTo" sourceAnchorX="0.7764705882352941" sourceAnchorY="1.0" targetAnchorX="0.02976190476190476" targetAnchorY="0.2972972972972973">
    <source href="assembly.xml#//@beans/@mixed.1/@route.7/@subRoute.0"/>
    <target href="assembly.xml#CallRejectReport"/>
  </connections>
  <connections type="routesTo" sourceAnchorX="0.6588235294117647" sourceAnchorY="1.0" targetAnchorX="0.26490066225165565" targetAnchorY="0.4891304347826087">
    <source href="assembly.xml#//@beans/@mixed.1/@route.7/@subRoute.2"/>
    <target href="assembly.xml#AsyncMediation2"/>
  </connections>
  <connections type="routesTo" sourceAnchorX="0.6842105263157895" sourceAnchorY="1.0" targetAnchorX="0.7538461538461538" targetAnchorY="0.12264150943396226">
    <source href="assembly.xml#Close1AggAudit"/>
    <target href="assembly.xml#AggFinalAudit"/>
  </connections>
  <connections type="routesTo" sourceAnchorX="0.6390977443609023" sourceAnchorY="1.0" targetAnchorX="0.6538461538461539" targetAnchorY="0.330188679245283">
    <source href="assembly.xml#CloseAggRejects"/>
    <target href="assembly.xml#AggRejects"/>
  </connections>
  <connections type="routesResponseTo" sourceAnchorX="0.7261904761904762" sourceAnchorY="1.0" targetAnchorX="0.34177215189873417" targetAnchorY="0.4594594594594595">
    <source href="assembly.xml#CallProcAuditFile"/>
    <target href="assembly.xml#CallAggAudiClose"/>
  </connections>
  <connections type="routesResponseTo" sourceAnchorX="0.9620253164556962" sourceAnchorY="1.0" targetAnchorX="0.8975903614457831" targetAnchorY="0.2972972972972973">
    <source href="assembly.xml#CallAggAudiClose"/>
    <target href="assembly.xml#CallAggRejClose"/>
  </connections>
  <connections type="routesTo" sourceAnchorX="0.8741721854304636" sourceAnchorY="1.0" targetAnchorX="0.40425531914893614" targetAnchorY="0.21890547263681592">
    <source href="assembly.xml#AsyncMediation3"/>
    <target href="assembly.xml#Route"/>
  </connections>
  <connections type="routesTo" sourceAnchorX="1.0" sourceAnchorY="0.1732283464566929" targetAnchorX="0.2980132450331126" targetAnchorY="0.65625">
    <source href="assembly.xml#RecordCounting"/>
    <target href="assembly.xml#AsyncMediation4"/>
  </connections>
  <connections type="routesTo" sourceAnchorX="0.6319444444444444" sourceAnchorY="1.0" targetAnchorX="0.43902439024390244" targetAnchorY="0.6216216216216216">
    <source href="assembly.xml#//@beans/@mixed.1/@mixed.289/@mixed.3"/>
    <target href="assembly.xml#PutIntegrationMessage"/>
  </connections>
  <connections type="routesTo" sourceAnchorX="1.0" sourceAnchorY="0.18110236220472442" targetAnchorX="0.9416058394160584" targetAnchorY="0.2309941520467836">
    <source href="assembly.xml#AsyncMediation4"/>
    <target href="assembly.xml#TypeOfRecord"/>
  </connections>
  <connections type="routesTo" sourceAnchorX="0.6534653465346535" sourceAnchorY="1.0" targetAnchorX="0.08092485549132948" targetAnchorY="0.4864864864864865">
    <source href="assembly.xml#//@beans/@mixed.1/@route.7/@subRoute.1"/>
    <target href="assembly.xml#CallControlReport"/>
  </connections>
  <connections type="routesTo" sourceAnchorX="0.9043478260869565" sourceAnchorY="1.0" targetAnchorX="0.09271523178807947" targetAnchorY="0.6145833333333334">
    <source href="assembly.xml#ControlIn"/>
    <target href="assembly.xml#AsyncMediation5"/>
  </connections>
  <connections type="routesTo" sourceAnchorX="0.615819209039548" sourceAnchorY="1.0" targetAnchorX="0.689873417721519" targetAnchorY="0.35135135135135137">
    <source href="assembly.xml#//@beans/@mixed.1/@mixed.15/@mixed.3"/>
    <target href="assembly.xml#CallAuditLogError"/>
  </connections>
  <connections type="routesTo" sourceAnchorX="1.0" sourceAnchorY="0.2708333333333333" targetAnchorX="0.26436781609195403" targetAnchorY="0.41509433962264153">
    <source href="assembly.xml#AsyncMediation5"/>
    <target href="assembly.xml#Aggregator"/>
  </connections>
  <connections type="routesTo" sourceAnchorX="0.8146067415730337" sourceAnchorY="1.0" targetAnchorX="0.8505747126436781" targetAnchorY="0.25471698113207547">
    <source href="assembly.xml#CloseAggSuccess"/>
    <target href="assembly.xml#Aggregator"/>
  </connections>
  <connections type="routesTo" sourceAnchorX="1.0" sourceAnchorY="0.3584905660377358" targetAnchorX="0.046357615894039736" targetAnchorY="0.3854166666666667">
    <source href="assembly.xml#Aggregator"/>
    <target href="assembly.xml#AsyncMediation7"/>
  </connections>
  <connections type="routesTo" sourceAnchorX="0.6666666666666666" sourceAnchorY="1.0" targetAnchorX="0.4835680751173709" targetAnchorY="0.5405405405405406">
    <source href="assembly.xml#//@beans/@mixed.1/@mixed.303/@mixed.3"/>
    <target href="assembly.xml#PutIntegrationMessage0"/>
  </connections>
  <connections type="routesTo" sourceAnchorX="1.0" sourceAnchorY="0.2047244094488189" targetAnchorX="0.6197183098591549" targetAnchorY="0.40540540540540543">
    <source href="assembly.xml#AsyncMediation6"/>
    <target href="assembly.xml#PutIntegrationMessage1"/>
  </connections>
  <connections type="routesResponseTo" sourceAnchorX="0.7062146892655368" sourceAnchorY="1.0" targetAnchorX="0.31958762886597936" targetAnchorY="0.40540540540540543">
    <source href="assembly.xml#CallCloseAggAudit"/>
    <target href="assembly.xml#ErrorsInSubmissions"/>
  </connections>
  <connections type="routesResponseTo" sourceAnchorX="0.6287425149700598" sourceAnchorY="1.0" targetAnchorX="0.14556962025316456" targetAnchorY="0.4864864864864865">
    <source href="assembly.xml#CallAggRejClose"/>
    <target href="assembly.xml#CallAggSuccess"/>
  </connections>
  <connections type="routesTo" sourceAnchorX="1.0" sourceAnchorY="0.3645833333333333" targetAnchorX="0.44370860927152317" targetAnchorY="0.5354330708661418">
    <source href="assembly.xml#AsyncMediation7"/>
    <target href="assembly.xml#AsyncMediation6"/>
  </connections>
  <connections type="routesTo" sourceAnchorX="0.6111111111111112" sourceAnchorY="1.0" targetAnchorX="0.5632911392405063" targetAnchorY="0.40540540540540543">
    <source href="assembly.xml#//@beans/@mixed.1/@mixed.295/@mixed.3"/>
    <target href="assembly.xml#CallCtrRptError"/>
  </connections>
  <connections type="routesTo" sourceAnchorX="0.7083333333333334" sourceAnchorY="1.0" targetAnchorX="0.6144578313253012" targetAnchorY="0.5405405405405406">
    <source href="assembly.xml#//@beans/@mixed.1/@mixed.311/@mixed.3"/>
    <target href="assembly.xml#CallCtrRptError1"/>
  </connections>
  <connections type="routesTo" sourceAnchorX="1.0" sourceAnchorY="0.11023622047244094" targetAnchorX="0.8770491803278688" targetAnchorY="0.35135135135135137">
    <source href="assembly.xml#WriteGetWorkers"/>
    <target href="assembly.xml#PagedGet"/>
  </connections>
  <connections type="routesTo" sourceAnchorX="1.0" sourceAnchorY="0.16666666666666666" targetAnchorX="0.340080971659919" targetAnchorY="0.6929133858267716">
    <source href="assembly.xml#ProcessingProps1"/>
    <target href="assembly.xml#ProcessingProps2"/>
  </connections>
  <connections type="routesTo" sourceAnchorX="0.41139240506329117" sourceAnchorY="1.0" targetAnchorX="0.43548387096774194" targetAnchorY="0.7837837837837838">
    <source href="assembly.xml#//@beans/@mixed.1/@mixed.317/@mixed.3"/>
    <target href="assembly.xml#CallRejAudit1"/>
  </connections>
  <connections type="routesTo" sourceAnchorX="0.7321428571428571" sourceAnchorY="1.0" targetAnchorX="0.2153846153846154" targetAnchorY="0.6981132075471698">
    <source href="assembly.xml#RejectIN"/>
    <target href="assembly.xml#AggRejects"/>
  </connections>
  <connections type="routesTo" sourceAnchorX="0.7777777777777778" sourceAnchorY="0.43243243243243246" targetAnchorX="0.26842105263157895" targetAnchorY="0.464">
    <source href="assembly.xml#GetExistingInputs"/>
    <target href="assembly.xml#GetSubmitPayrollInputsWS"/>
  </connections>
  <connections type="routesTo" sourceAnchorX="0.6842105263157895" sourceAnchorY="0.488" targetAnchorX="0.036036036036036036" targetAnchorY="0.4594594594594595">
    <source href="assembly.xml#GetSubmitPayrollInputsWS"/>
    <target href="assembly.xml#PagedGetSubmitPayrollInputs"/>
  </connections>
  <connections type="routesTo" sourceAnchorX="0.5355191256830601" sourceAnchorY="1.0" targetAnchorX="0.5157894736842106" targetAnchorY="0.21621621621621623">
    <source href="assembly.xml#//@beans/@mixed.1/@mixed.335/@mixed.3"/>
    <target href="assembly.xml#CallExistingInputsError"/>
  </connections>
  <connections type="routesResponseTo" sourceAnchorX="1.0" sourceAnchorY="0.40540540540540543" targetAnchorX="0.4891304347826087" targetAnchorY="0.4715447154471545">
    <source href="assembly.xml#PagedGetSubmitPayrollInputs"/>
    <target href="assembly.xml#NoInputs"/>
  </connections>
  <connections type="routesTo" sourceAnchorX="1.0" sourceAnchorY="0.34146341463414637" targetAnchorX="0.1301775147928994" targetAnchorY="0.4695121951219512">
    <source href="assembly.xml#NoInputs"/>
    <target href="assembly.xml#SplitByExistingInput"/>
  </connections>
  <connections type="routesTo" sourceAnchorX="1.0" targetAnchorX="0.037383177570093455" targetAnchorY="0.6304347826086957">
    <source href="assembly.xml#//@beans/@mixed.1/@splitter.7/@subRoute.0"/>
    <target href="assembly.xml#SaveEmpID"/>
  </connections>
  <connections type="routesTo" sourceAnchorX="0.22429906542056074" sourceAnchorY="0.5978260869565217" targetAnchorX="0.18243243243243243" targetAnchorY="0.432">
    <source href="assembly.xml#SaveEmpID"/>
    <target href="assembly.xml#StoreExistingInputs"/>
  </connections>
  <connections type="routesTo" sourceAnchorX="0.48936170212765956" sourceAnchorY="1.0" targetAnchorX="0.4793814432989691" targetAnchorY="0.4864864864864865">
    <source href="assembly.xml#//@beans/@mixed.1/@mixed.323/@mixed.3"/>
    <target href="assembly.xml#CallStoreExistingInputsError"/>
  </connections>
  <connections type="routesResponseTo" sourceAnchorX="0.7124183006535948" sourceAnchorY="1.0" targetAnchorX="0.1348314606741573" targetAnchorY="0.43243243243243246">
    <source href="assembly.xml#CallGetWorker"/>
    <target href="assembly.xml#CallGetExistingInputs"/>
  </connections>
  <connections type="routesResponseTo" sourceAnchorX="0.898876404494382" sourceAnchorY="1.0" targetAnchorX="0.13989637305699482" targetAnchorY="0.43243243243243246">
    <source href="assembly.xml#CallGetExistingInputs"/>
    <target href="assembly.xml#CallProcessWorkers"/>
  </connections>
  <swimlanes x="3061" y="437" name="Swimlane">
    <elements href="assembly.xml#INT0033"/>
    <elements href="assembly.xml#CallInit"/>
    <elements href="assembly.xml#ValidationMode"/>
    <elements href="assembly.xml#CallRetrieveAndProcFile"/>
    <elements href="assembly.xml#CallProcInputFile"/>
    <elements href="assembly.xml#CallCloseInputsFile"/>
    <elements href="assembly.xml#CallGetWorker"/>
    <elements href="assembly.xml#CallGetExistingInputs"/>
    <elements href="assembly.xml#CallProcessWorkers"/>
    <elements href="assembly.xml#CallCloseAggInputsInBatch"/>
    <elements href="assembly.xml#CallCloseResponsesAggr"/>
    <elements href="assembly.xml#CallCloseAggAudit"/>
    <elements href="assembly.xml#ErrorsInSubmissions"/>
  </swimlanes>
  <swimlanes x="-18" y="926" name="Swimlane" orientation="VERTICAL" elements="//@decorations.2 //@swimlanes.54"/>
  <swimlanes x="123" y="321" name="Swimlane" orientation="VERTICAL">
    <elements href="assembly.xml#Initialization"/>
    <elements href="assembly.xml#CallCritical1"/>
  </swimlanes>
  <swimlanes x="356" y="412" name="Swimlane">
    <elements href="assembly.xml#RetrieveAndProcFile"/>
    <elements href="#//@swimlanes.4"/>
    <elements href="#//@swimlanes.5"/>
    <elements href="#//@swimlanes.6"/>
    <elements href="#//@swimlanes.7"/>
  </swimlanes>
  <swimlanes x="242" y="605" name="Swimlane" orientation="VERTICAL">
    <elements href="assembly.xml#HandleGetDocError"/>
    <elements href="assembly.xml#CallCritical"/>
  </swimlanes>
  <swimlanes x="476" y="768" name="Swimlane" orientation="VERTICAL">
    <elements href="assembly.xml#RunType"/>
    <elements href="assembly.xml#GetEventDocuments"/>
  </swimlanes>
  <swimlanes x="734" y="772" name="Swimlane" orientation="VERTICAL">
    <elements href="assembly.xml#WriteFile"/>
    <elements href="assembly.xml#DocIterator"/>
  </swimlanes>
  <swimlanes x="901" y="774" name="Swimlane" orientation="VERTICAL">
    <elements href="assembly.xml#CopyInput"/>
    <elements href="assembly.xml#CallCritical0"/>
  </swimlanes>
  <swimlanes x="-56" y="1149" name="Swimlane">
    <elements href="assembly.xml#ProcInputFile"/>
    <elements href="#//@swimlanes.9"/>
    <elements href="assembly.xml#SplittinInputFile"/>
    <elements href="#//@swimlanes.10"/>
    <elements href="#//@swimlanes.82"/>
    <elements href="assembly.xml#TypeOfRecord"/>
    <elements href="#//@swimlanes.11"/>
    <elements href="#//@swimlanes.13"/>
  </swimlanes>
  <swimlanes x="170" y="830" name="Swimlane" orientation="VERTICAL">
    <elements href="assembly.xml#InitLineCounter"/>
    <elements href="assembly.xml#CallAuditLine3"/>
  </swimlanes>
  <swimlanes x="540" y="942" name="Swimlane" orientation="VERTICAL">
    <elements href="assembly.xml#RecordCounting"/>
    <elements href="assembly.xml#CallAuditLine30"/>
  </swimlanes>
  <swimlanes x="928" y="996" name="Swimlane" orientation="VERTICAL">
    <elements href="assembly.xml#TransformDeduction"/>
    <elements href="assembly.xml#CallErrorHandling15"/>
    <elements href="#//@swimlanes.12"/>
  </swimlanes>
  <swimlanes x="1164" y="1054" name="Swimlane">
    <elements href="assembly.xml#Ignore"/>
  </swimlanes>
  <swimlanes x="1180" y="980" name="Swimlane" orientation="VERTICAL">
    <elements href="assembly.xml#CloseInputsFile"/>
    <elements href="assembly.xml#InputAggregator"/>
  </swimlanes>
  <swimlanes x="-37" y="2202" name="Swimlane">
    <elements href="assembly.xml#GetWorker"/>
    <elements href="#//@swimlanes.15"/>
    <elements href="#//@swimlanes.16"/>
    <elements href="#//@swimlanes.17"/>
    <elements href="assembly.xml#SplitOnWorkers"/>
    <elements href="#//@swimlanes.18"/>
  </swimlanes>
  <swimlanes x="403" y="1879" name="Swimlane" orientation="VERTICAL">
    <elements href="assembly.xml#WriteGetWorkers"/>
    <elements href="assembly.xml#CallCriticalWriteEEIDs"/>
  </swimlanes>
  <swimlanes x="958" y="1856" name="Swimlane" orientation="VERTICAL">
    <elements href="assembly.xml#PagedGet"/>
    <elements href="assembly.xml#UnexpectedError"/>
  </swimlanes>
  <swimlanes x="1115" y="1887" name="Swimlane" orientation="VERTICAL">
    <elements href="assembly.xml#NoWorkersErrorHandler"/>
    <elements href="assembly.xml#CallCriticalSplitOnWorkers"/>
  </swimlanes>
  <swimlanes x="1654" y="1885" name="Swimlane" orientation="VERTICAL">
    <elements href="assembly.xml#SaveTenantedData"/>
    <elements href="assembly.xml#CallErrorHandling"/>
  </swimlanes>
  <swimlanes x="-38" y="3926" name="Swimlane">
    <elements href="assembly.xml#ProcessWorkers"/>
    <elements href="#//@swimlanes.20"/>
    <elements href="assembly.xml#SplitOnFileRows"/>
    <elements href="#//@swimlanes.88"/>
    <elements href="#//@swimlanes.21"/>
    <elements href="#//@swimlanes.72"/>
    <elements href="assembly.xml#CallCreateInputs"/>
  </swimlanes>
  <swimlanes x="306" y="3137" name="Swimlane" orientation="VERTICAL">
    <elements href="assembly.xml#SplitterErrorHandler"/>
    <elements href="assembly.xml#CallCriticalNoRowsError"/>
  </swimlanes>
  <swimlanes x="753" y="3268" name="Swimlane" orientation="VERTICAL">
    <elements href="assembly.xml#ProcessingProps2"/>
    <elements href="assembly.xml#CallProcessingPropsError"/>
  </swimlanes>
  <swimlanes x="-46" y="5151" name="Swimlane">
    <elements href="assembly.xml#CreateAndSendInputs"/>
    <elements href="#//@swimlanes.23"/>
    <elements href="assembly.xml#Splitter"/>
    <elements href="assembly.xml#AsyncMediation"/>
    <elements href="assembly.xml#AggAndAudit"/>
    <elements href="#//@swimlanes.24"/>
    <elements href="assembly.xml#CallReleaseBatch"/>
  </swimlanes>
  <swimlanes x="308" y="3878" name="Swimlane" orientation="VERTICAL">
    <elements href="assembly.xml#CreateImportPayrollInputSegment"/>
    <elements href="assembly.xml#CallCreateImportPayrollInputSegmentError"/>
  </swimlanes>
  <swimlanes x="1177" y="3917" name="Swimlane" orientation="VERTICAL">
    <elements href="assembly.xml#CloseAggInputsInBatch"/>
    <elements href="assembly.xml#AggInputsInBatch"/>
    <elements href="assembly.xml#CallAuditLine"/>
  </swimlanes>
  <swimlanes x="-52" y="5580" name="Swimlane">
    <elements href="assembly.xml#ReleaseBatch"/>
    <elements href="#//@swimlanes.26"/>
    <elements href="assembly.xml#ValidationMode11"/>
    <elements href="assembly.xml#ImportWS"/>
    <elements href="#//@swimlanes.27"/>
    <elements href="#//@swimlanes.29"/>
    <elements href="#//@swimlanes.28"/>
    <elements href="assembly.xml#ImportDetailsPosted"/>
  </swimlanes>
  <swimlanes x="443" y="4442" name="Swimlane" orientation="VERTICAL">
    <elements href="assembly.xml#WrapWS"/>
    <elements href="assembly.xml#CallImportBatchError"/>
  </swimlanes>
  <swimlanes x="974" y="4563" name="Swimlane" orientation="VERTICAL">
    <elements href="assembly.xml#ImportProcDetails"/>
    <elements href="assembly.xml#CallImportProcDetailsError0"/>
  </swimlanes>
  <swimlanes x="1416" y="4566" name="Swimlane" orientation="VERTICAL">
    <elements href="assembly.xml#StoreImportProcDetails"/>
    <elements href="assembly.xml#CallStoreImportProcDetailsError0"/>
  </swimlanes>
  <swimlanes x="1349" y="4573" name="Swimlane" orientation="VERTICAL">
    <elements href="assembly.xml#CloseResponsesAggr"/>
    <elements href="assembly.xml#AggImportResponses"/>
  </swimlanes>
  <swimlanes x="-46" y="5964" name="Swimlane">
    <elements href="assembly.xml#AuditLine"/>
    <elements href="#//@swimlanes.31"/>
    <elements href="#//@swimlanes.32"/>
    <elements href="#//@swimlanes.33"/>
    <elements href="assembly.xml#PutAuditLogXML"/>
  </swimlanes>
  <swimlanes x="334" y="4990" name="Swimlane" orientation="VERTICAL">
    <elements href="assembly.xml#WriteInputDetails"/>
    <elements href="assembly.xml#CallWriteInputDetailsError"/>
  </swimlanes>
  <swimlanes x="672" y="5092" name="Swimlane" orientation="VERTICAL">
    <elements href="assembly.xml#CloseAggAudit"/>
    <elements href="assembly.xml#AggAudit"/>
  </swimlanes>
  <swimlanes x="912" y="5120" name="Swimlane" orientation="VERTICAL">
    <elements href="assembly.xml#ZipAndStoreFile"/>
    <elements href="assembly.xml#CallStoreInputDetailsError"/>
  </swimlanes>
  <swimlanes x="-49" y="6343" name="Swimlane">
    <elements href="assembly.xml#CriticalInitialError"/>
    <elements href="assembly.xml#SetCriticalErrorFlag"/>
    <elements href="#//@swimlanes.35"/>
  </swimlanes>
  <swimlanes x="622" y="5409" name="Swimlane" orientation="VERTICAL">
    <elements href="assembly.xml#SendInitError"/>
  </swimlanes>
  <swimlanes x="-56" y="6636" name="Swimlane">
    <elements href="assembly.xml#ImportReporting"/>
    <elements href="assembly.xml#CallRetrieveBatchSize"/>
    <elements href="assembly.xml#CallRetrieveDocuments"/>
    <elements href="assembly.xml#CallProcAuditFile"/>
    <elements href="assembly.xml#CallAggAudiClose"/>
    <elements href="assembly.xml#CallAggRejClose"/>
    <elements href="assembly.xml#CallAggSuccess"/>
  </swimlanes>
  <swimlanes x="4" y="7284" name="Swimlane">
    <elements href="assembly.xml#RetrieveAttr"/>
    <elements href="#//@swimlanes.38"/>
    <elements href="assembly.xml#GetIntSysWS"/>
    <elements href="assembly.xml#ImportInit"/>
  </swimlanes>
  <swimlanes x="290" y="5873" name="Swimlane" orientation="VERTICAL">
    <elements href="assembly.xml#PrepareGetIntSysWS"/>
    <elements href="assembly.xml#CallAuditError"/>
  </swimlanes>
  <swimlanes x="-42" y="7691" name="Swimlane">
    <elements href="assembly.xml#RetrieveDocuments"/>
    <elements href="#//@swimlanes.40"/>
    <elements href="assembly.xml#GetEventDocuments0"/>
    <elements href="assembly.xml#GetImportWIDsDoc"/>
    <elements href="#//@swimlanes.41"/>
    <elements href="assembly.xml#SplitByBatch"/>
    <elements href="#//@swimlanes.42"/>
    <elements href="assembly.xml#GetImportProcMsgs"/>
  </swimlanes>
  <swimlanes x="437" y="6104" name="Swimlane" orientation="VERTICAL">
    <elements href="assembly.xml#EventWID"/>
    <elements href="assembly.xml#CallAuditErrorGetDocs"/>
  </swimlanes>
  <swimlanes x="1134" y="6189" name="Swimlane" orientation="VERTICAL">
    <elements href="assembly.xml#CopyImportDetailsMsg"/>
    <elements href="assembly.xml#CallAuditErrorCopyImportDetailsMsg"/>
  </swimlanes>
  <swimlanes x="1612" y="6205" name="Swimlane" orientation="VERTICAL">
    <elements href="assembly.xml#PrepareImportMsgWS"/>
    <elements href="assembly.xml#CallAuditErrorGetImportMsgs"/>
  </swimlanes>
  <swimlanes x="764" y="7604" name="Swimlane">
    <elements href="assembly.xml#PagedGetResponse"/>
    <elements href="assembly.xml#CallProcImportMsgs"/>
  </swimlanes>
  <swimlanes x="-39" y="8779" name="Swimlane">
    <elements href="assembly.xml#ProcessImportMsgs"/>
    <elements href="#//@swimlanes.45"/>
    <elements href="assembly.xml#SplitByMessage"/>
    <elements href="assembly.xml#SaveErrorsToMap"/>
  </swimlanes>
  <swimlanes x="412" y="6394" name="Swimlane" orientation="VERTICAL">
    <elements href="assembly.xml#NoErrorsInBatchMsg"/>
    <elements href="assembly.xml#UnexpectedSplitterError"/>
  </swimlanes>
  <swimlanes x="-6" y="8763" name="Swimlane">
    <elements href="assembly.xml#ProcessAuditFile"/>
    <elements href="assembly.xml#GetAuditXML"/>
    <elements href="#//@swimlanes.47"/>
    <elements href="#//@swimlanes.48"/>
    <elements href="#//@swimlanes.73"/>
    <elements href="#//@swimlanes.74"/>
    <elements href="#//@swimlanes.80"/>
    <elements href="#//@swimlanes.49"/>
    <elements href="assembly.xml#PutFinalAudit"/>
  </swimlanes>
  <swimlanes x="676" y="6740" name="Swimlane" orientation="VERTICAL">
    <elements href="assembly.xml#CopyAuditXML2Msg"/>
    <elements href="assembly.xml#UnexpectedAuditSplitterError"/>
  </swimlanes>
  <swimlanes x="972" y="6768" name="Swimlane">
    <elements href="assembly.xml#SplitByAuditRow"/>
  </swimlanes>
  <swimlanes x="1558" y="6720" name="Swimlane" orientation="VERTICAL">
    <elements href="assembly.xml#StoreFinalAudit"/>
    <elements href="assembly.xml#UnexpectedAuditSplitterError0"/>
  </swimlanes>
  <swimlanes x="-32" y="9524" name="Swimlane">
    <elements href="assembly.xml#//@beans/@mixed.1/@mixed.7"/>
    <elements href="assembly.xml#Note-Error"/>
  </swimlanes>
  <swimlanes x="379" y="9538" name="Swimlane">
    <elements href="assembly.xml#AuditError"/>
    <elements href="#//@swimlanes.52"/>
  </swimlanes>
  <swimlanes x="909" y="6800" name="Swimlane" orientation="VERTICAL">
    <elements href="assembly.xml#RetrieveAttrError"/>
  </swimlanes>
  <swimlanes x="-11" y="551" name="Swimlane" orientation="VERTICAL" elements="//@decorations.0 //@decorations.1 //@swimlanes.0"/>
  <swimlanes x="-57" y="590" name="Swimlane">
    <elements href="assembly.xml#Init"/>
    <elements href="#//@swimlanes.2"/>
  </swimlanes>
  <swimlanes x="304" y="616" name="Swimlane" orientation="VERTICAL" elements="//@swimlanes.56 //@swimlanes.3"/>
  <swimlanes x="433" y="429" name="Swimlane" elements="//@decorations.3 //@decorations.4"/>
  <swimlanes x="-18" y="1387" name="Swimlane" orientation="VERTICAL" elements="//@decorations.5 //@swimlanes.8"/>
  <swimlanes x="-18" y="2290" name="Swimlane" orientation="VERTICAL" elements="//@decorations.6 //@swimlanes.14 //@swimlanes.91"/>
  <swimlanes x="-34" y="3650" name="Swimlane" orientation="VERTICAL" elements="//@decorations.7 //@swimlanes.19"/>
  <swimlanes x="-26" y="4589" name="Swimlane" orientation="VERTICAL" elements="//@decorations.8 //@swimlanes.22"/>
  <swimlanes x="-26" y="5183" name="Swimlane" orientation="VERTICAL" elements="//@decorations.9 //@swimlanes.25"/>
  <swimlanes x="63" y="5274" name="Swimlane" orientation="VERTICAL" elements="//@decorations.10 //@swimlanes.30 //@swimlanes.34"/>
  <swimlanes x="27" y="6050" name="Swimlane" orientation="VERTICAL" elements="//@decorations.11 //@swimlanes.36"/>
  <swimlanes x="32" y="6245" name="Swimlane" orientation="VERTICAL" elements="//@decorations.12 //@swimlanes.37"/>
  <swimlanes x="-32" y="7250" name="Swimlane" orientation="VERTICAL" elements="//@decorations.13 //@swimlanes.39 //@swimlanes.43"/>
  <swimlanes x="-32" y="7924" name="Swimlane" orientation="VERTICAL" elements="//@decorations.14 //@swimlanes.44"/>
  <swimlanes x="-29" y="8451" name="Swimlane" orientation="VERTICAL" elements="//@decorations.15 //@swimlanes.46 //@swimlanes.77 //@swimlanes.83"/>
  <swimlanes x="47" y="8262" name="Swimlane" orientation="VERTICAL" elements="//@decorations.16 //@swimlanes.69"/>
  <swimlanes x="164" y="9096" name="Swimlane" elements="//@swimlanes.50 //@swimlanes.51"/>
  <swimlanes x="-18" y="38" name="Swimlane" orientation="VERTICAL" elements="//@swimlanes.53 //@swimlanes.71 //@swimlanes.57 //@swimlanes.58 //@swimlanes.59 //@swimlanes.60 //@swimlanes.61 //@swimlanes.62 //@swimlanes.63 //@swimlanes.64 //@swimlanes.65 //@swimlanes.66 //@swimlanes.67 //@swimlanes.68"/>
  <swimlanes x="42" y="466" name="Swimlane" elements="//@swimlanes.1 //@swimlanes.55"/>
  <swimlanes x="1153" y="3023" name="Swimlane" orientation="VERTICAL">
    <elements href="assembly.xml#Validation"/>
    <elements href="assembly.xml#CallRejAudit"/>
  </swimlanes>
  <swimlanes x="890" y="7023" name="Swimlane">
    <elements href="assembly.xml#AsyncMediation3"/>
    <elements href="assembly.xml#Route"/>
  </swimlanes>
  <swimlanes x="1044" y="7007" name="Swimlane" orientation="VERTICAL" elements="//@swimlanes.75 //@swimlanes.76"/>
  <swimlanes x="1047" y="6944" name="Swimlane" orientation="VERTICAL">
    <elements href="assembly.xml#PrepareFinalAuditLine"/>
    <elements href="assembly.xml#CallAuditLogError"/>
  </swimlanes>
  <swimlanes x="1128" y="7054" name="Swimlane">
    <elements href="assembly.xml#Route0"/>
    <elements href="#//@swimlanes.79"/>
  </swimlanes>
  <swimlanes x="46" y="7211" name="Swimlane ">
    <elements href="assembly.xml#RejectIN"/>
    <elements href="#//@swimlanes.81"/>
    <elements href="#//@swimlanes.78"/>
    <elements href="assembly.xml#PutControlFile"/>
  </swimlanes>
  <swimlanes x="487" y="7350" name="Swimlane" orientation="VERTICAL">
    <elements href="assembly.xml#AsyncMediation1"/>
    <elements href="assembly.xml#UnexpectedRejErr"/>
  </swimlanes>
  <swimlanes x="1199" y="7187" name="Swimlane" orientation="VERTICAL">
    <elements href="assembly.xml#CallRejectReport"/>
    <elements href="assembly.xml#CallControlReport"/>
    <elements href="assembly.xml#AsyncMediation2"/>
  </swimlanes>
  <swimlanes x="1456" y="6960" name="Swimlane" orientation="VERTICAL">
    <elements href="assembly.xml#Close1AggAudit"/>
    <elements href="assembly.xml#AggFinalAudit"/>
  </swimlanes>
  <swimlanes x="285" y="7584" name="Swimlane" orientation="VERTICAL">
    <elements href="assembly.xml#CloseAggRejects"/>
    <elements href="assembly.xml#AggRejects"/>
  </swimlanes>
  <swimlanes x="778" y="1538" name="Swimlane" orientation="VERTICAL">
    <elements href="assembly.xml#AsyncMediation4"/>
    <elements href="assembly.xml#PutIntegrationMessage"/>
  </swimlanes>
  <swimlanes x="22" y="7791" name="Swimlane">
    <elements href="assembly.xml#ControlIn"/>
    <elements href="#//@swimlanes.84"/>
    <elements href="#//@swimlanes.85"/>
    <elements href="#//@swimlanes.87"/>
    <elements href="#//@swimlanes.86"/>
    <elements href="assembly.xml#PutIntegrationMessage1"/>
  </swimlanes>
  <swimlanes x="129" y="7851" name="Swimlane" orientation="VERTICAL">
    <elements href="assembly.xml#AsyncMediation5"/>
    <elements href="assembly.xml#CallCtrRptError"/>
  </swimlanes>
  <swimlanes x="365" y="8013" name="Swimlane" orientation="VERTICAL">
    <elements href="assembly.xml#CloseAggSuccess"/>
    <elements href="assembly.xml#Aggregator"/>
  </swimlanes>
  <swimlanes x="600" y="8135" name="Swimlane" orientation="VERTICAL">
    <elements href="assembly.xml#AsyncMediation6"/>
    <elements href="assembly.xml#PutIntegrationMessage0"/>
  </swimlanes>
  <swimlanes x="599" y="8163" name="Swimlane" orientation="VERTICAL">
    <elements href="assembly.xml#AsyncMediation7"/>
    <elements href="assembly.xml#CallCtrRptError1"/>
  </swimlanes>
  <swimlanes x="592" y="3114" name="Swimlane" orientation="VERTICAL">
    <elements href="assembly.xml#ProcessingProps1"/>
    <elements href="assembly.xml#CallRejAudit1"/>
  </swimlanes>
  <swimlanes name="Swimlane" orientation="VERTICAL">
    <elements href="assembly.xml#GetSubmitPayrollInputsWS"/>
    <elements href="assembly.xml#CallExistingInputsError"/>
  </swimlanes>
  <swimlanes name="Swimlane" orientation="VERTICAL">
    <elements href="assembly.xml#StoreExistingInputs"/>
    <elements href="assembly.xml#CallStoreExistingInputsError"/>
  </swimlanes>
  <swimlanes x="2872" y="2108" name="Swimlane">
    <elements href="assembly.xml#GetExistingInputs"/>
    <elements href="#//@swimlanes.89"/>
    <elements href="assembly.xml#PagedGetSubmitPayrollInputs"/>
    <elements href="assembly.xml#NoInputs"/>
    <elements href="assembly.xml#SplitByExistingInput"/>
    <elements href="assembly.xml#SaveEmpID"/>
    <elements href="#//@swimlanes.90"/>
  </swimlanes>
</wdnm:Diagram>
