<?xml version="1.0" encoding="UTF-8"?>
<wdnm:Diagram xmlns:wdnm="http://workday.com/studio/editors/notation">
  <element href="assembly.xml#WorkdayAssembly"/>
  <visualProperties x="-209" y="223">
    <element href="assembly.xml#StartHere"/>
  </visualProperties>
  <visualProperties x="701" y="465">
    <element href="assembly.xml#UnzippedtogetFile"/>
  </visualProperties>
  <visualProperties x="712" y="941">
    <element href="assembly.xml#TalentWebService"/>
  </visualProperties>
  <visualProperties x="940" y="897">
    <element href="assembly.xml#CaptureSuccess"/>
  </visualProperties>
  <visualProperties x="548" y="403">
    <element href="assembly.xml#Unzipping"/>
  </visualProperties>
  <visualProperties x="298" y="831">
    <element href="assembly.xml#Splitting"/>
  </visualProperties>
  <visualProperties x="474" y="897">
    <element href="assembly.xml#BuildAPIRequest"/>
  </visualProperties>
  <visualProperties x="499" y="1071">
    <element href="assembly.xml#CaptureError"/>
  </visualProperties>
  <visualProperties x="-222" y="511">
    <element href="assembly.xml#CallCSVtoXML"/>
  </visualProperties>
  <visualProperties x="-5" y="545">
    <element href="assembly.xml#CalledCSVtoXML"/>
  </visualProperties>
  <visualProperties x="701" y="605">
    <element href="assembly.xml#ConvertInputFile"/>
  </visualProperties>
  <visualProperties x="199" y="434">
    <element href="assembly.xml#Router"/>
  </visualProperties>
  <visualProperties x="184" y="191">
    <element href="assembly.xml#CheckFileEmpty"/>
  </visualProperties>
  <visualProperties x="15" y="235">
    <element href="assembly.xml#Initiation"/>
  </visualProperties>
  <visualProperties x="-217" y="315">
    <element href="assembly.xml#CallInitiation"/>
  </visualProperties>
  <visualProperties x="356" y="564">
    <element href="assembly.xml#PIMEmptyZip"/>
  </visualProperties>
  <visualProperties x="351" y="417">
    <element href="assembly.xml#GetTheZipFile"/>
  </visualProperties>
  <visualProperties x="1094" y="227">
    <element href="assembly.xml#//@beans/@mixed.1/@mixed.41"/>
  </visualProperties>
  <visualProperties x="1358" y="227">
    <element href="assembly.xml#Note-Error"/>
  </visualProperties>
  <visualProperties x="1083" y="119">
    <element href="assembly.xml#Common-error"/>
  </visualProperties>
  <visualProperties x="1311" y="119">
    <element href="assembly.xml#PutIntegrationMessage"/>
  </visualProperties>
  <visualProperties x="918" y="545">
    <element href="assembly.xml#Throw-Unzipped-Error"/>
  </visualProperties>
  <visualProperties x="360" y="279">
    <element href="assembly.xml#Throw-Input-Error"/>
  </visualProperties>
  <visualProperties x="918" y="693">
    <element href="assembly.xml#PIMEmptyDSV"/>
  </visualProperties>
  <visualProperties x="-9" y="897">
    <element href="assembly.xml#CalledTalendLoad"/>
  </visualProperties>
  <visualProperties x="-224" y="602">
    <element href="assembly.xml#CallTalentLoad"/>
  </visualProperties>
  <visualProperties x="176" y="861">
    <element href="assembly.xml#InputXML"/>
  </visualProperties>
  <visualProperties x="-223" y="693">
    <element href="assembly.xml#CallforLogging"/>
  </visualProperties>
  <visualProperties x="837" y="235">
    <element href="assembly.xml#Logging"/>
  </visualProperties>
  <visualProperties x="984" y="207">
    <element href="assembly.xml#LogStorage"/>
  </visualProperties>
  <visualProperties x="1208" y="235">
    <element href="assembly.xml#Success-Error-EmployeeCount"/>
  </visualProperties>
  <visualProperties x="1283" y="1294">
    <element href="assembly.xml#CaptureError0"/>
  </visualProperties>
  <visualProperties x="1245" y="1199">
    <element href="assembly.xml#CaptureError1"/>
  </visualProperties>
  <visualProperties x="525" y="1092">
    <element href="assembly.xml#AsyncMediation0"/>
  </visualProperties>
  <decorations x="-26" y="46" width="8" height="1363" bgColor="1" fgColor="1" text="Text"/>
  <decorations x="-11" y="367" width="1355" height="9" font="Segoe UI|9|0" bgColor="1" fgColor="1" text="Text"/>
  <decorations x="-11" y="939" width="1328" height="8" font="Segoe UI|9|0" bgColor="1" fgColor="1" text="Text"/>
  <decorations x="381" y="46" width="8" height="306" bgColor="1" fgColor="1" text="Text"/>
  <connections type="routesResponseTo">
    <source href="assembly.xml#TalentWebService"/>
    <target href="assembly.xml#CaptureSuccess"/>
  </connections>
  <connections type="routesTo">
    <source href="assembly.xml#//@beans/@mixed.1/@splitter.0/@subRoute.0"/>
    <target href="assembly.xml#UnzippedtogetFile"/>
  </connections>
  <connections type="routesTo" targetAnchorX="0.17164179104477612" targetAnchorY="0.2978723404255319">
    <source href="assembly.xml#//@beans/@mixed.1/@splitter.1/@subRoute.0"/>
    <target href="assembly.xml#AsyncMediation0"/>
  </connections>
  <connections type="routesTo">
    <source href="assembly.xml#BuildAPIRequest"/>
    <target href="assembly.xml#TalentWebService"/>
  </connections>
  <connections type="routesTo">
    <source href="assembly.xml#//@beans/@mixed.1/@mixed.13/@mixed.3"/>
    <target href="assembly.xml#CaptureError"/>
  </connections>
  <connections type="routesTo" targetAnchorX="0.48" targetAnchorY="0.4864864864864865">
    <source href="assembly.xml#StartHere"/>
    <target href="assembly.xml#CallInitiation"/>
  </connections>
  <connections type="routesTo">
    <source href="assembly.xml#Initiation"/>
    <target href="assembly.xml#CheckFileEmpty"/>
  </connections>
  <connections type="routesTo">
    <source href="assembly.xml#//@beans/@mixed.1/@mixed.33/@mixed.3"/>
    <target href="assembly.xml#PIMEmptyZip"/>
  </connections>
  <connections type="routesTo">
    <source href="assembly.xml#CalledCSVtoXML"/>
    <target href="assembly.xml#Router"/>
  </connections>
  <connections type="routesTo">
    <source href="assembly.xml#//@beans/@mixed.1/@route.0/@subRoute.1"/>
    <target href="assembly.xml#ConvertInputFile"/>
  </connections>
  <connections type="routesTo">
    <source href="assembly.xml#//@beans/@mixed.1/@route.0/@subRoute.0"/>
    <target href="assembly.xml#GetTheZipFile"/>
  </connections>
  <connections type="routesTo">
    <source href="assembly.xml#GetTheZipFile"/>
    <target href="assembly.xml#Unzipping"/>
  </connections>
  <connections type="routesTo">
    <source href="assembly.xml#//@beans/@mixed.1/@mixed.3/@mixed.3"/>
    <target href="assembly.xml#Throw-Unzipped-Error"/>
  </connections>
  <connections type="routesTo" targetAnchorX="0.5666666666666667" targetAnchorY="0.328">
    <source href="assembly.xml#//@beans/@mixed.1/@mixed.7/@mixed.3"/>
    <target href="assembly.xml#CaptureError0"/>
  </connections>
  <connections type="routesTo">
    <source href="assembly.xml#//@beans/@mixed.1/@mixed.21/@mixed.3"/>
    <target href="assembly.xml#PIMEmptyDSV"/>
  </connections>
  <connections type="routesResponseTo" sourceAnchorX="0.47794117647058826" sourceAnchorY="0.6486486486486487" targetAnchorX="0.4785714285714286" targetAnchorY="0.43243243243243246">
    <source href="assembly.xml#CallCSVtoXML"/>
    <target href="assembly.xml#CallTalentLoad"/>
  </connections>
  <connections type="routesTo">
    <source href="assembly.xml#CalledTalendLoad"/>
    <target href="assembly.xml#InputXML"/>
  </connections>
  <connections type="routesTo">
    <source href="assembly.xml#InputXML"/>
    <target href="assembly.xml#Splitting"/>
  </connections>
  <connections type="routesResponseTo">
    <source href="assembly.xml#CallTalentLoad"/>
    <target href="assembly.xml#CallforLogging"/>
  </connections>
  <connections type="routesTo">
    <source href="assembly.xml#LogStorage"/>
    <target href="assembly.xml#Success-Error-EmployeeCount"/>
  </connections>
  <connections type="routesTo">
    <source href="assembly.xml#//@beans/@mixed.1/@mixed.41"/>
    <target href="assembly.xml#Note-Error"/>
  </connections>
  <connections type="routesTo">
    <source href="assembly.xml#Logging"/>
    <target href="assembly.xml#LogStorage"/>
  </connections>
  <connections type="routesTo">
    <source href="assembly.xml#Common-error"/>
    <target href="assembly.xml#PutIntegrationMessage"/>
  </connections>
  <connections type="routesTo">
    <source href="assembly.xml#//@beans/@mixed.1/@mixed.25/@mixed.3"/>
    <target href="assembly.xml#Throw-Input-Error"/>
  </connections>
  <connections type="routesResponseTo" targetAnchorX="0.4338235294117647" targetAnchorY="0.5945945945945946">
    <source href="assembly.xml#CallInitiation"/>
    <target href="assembly.xml#CallCSVtoXML"/>
  </connections>
  <connections type="routesTo">
    <source href="assembly.xml#//@beans/@mixed.1/@mixed.53/@mixed.3"/>
    <target href="assembly.xml#CaptureError1"/>
  </connections>
  <connections type="routesTo">
    <source href="assembly.xml#AsyncMediation0"/>
    <target href="assembly.xml#BuildAPIRequest"/>
  </connections>
  <swimlanes x="-5" y="37" font="Arial|18|1" fontColor="1" name="Initialization">
    <elements href="assembly.xml#Initiation"/>
    <elements href="#//@swimlanes.1"/>
  </swimlanes>
  <swimlanes x="363" y="130" name="Swimlane" orientation="VERTICAL">
    <elements href="assembly.xml#CheckFileEmpty"/>
    <elements href="assembly.xml#Throw-Input-Error"/>
  </swimlanes>
  <swimlanes x="404" y="46" font="Arial|18|1" fontColor="1" name="Generating log files">
    <elements href="assembly.xml#Logging"/>
    <elements href="assembly.xml#LogStorage"/>
    <elements href="assembly.xml#Success-Error-EmployeeCount"/>
  </swimlanes>
  <swimlanes x="-5" y="388" font="Arial|18|1" fontColor="1" name="Converting DSV to XML (or) Unzipping and then converting from DSV to XML">
    <elements href="assembly.xml#CalledCSVtoXML"/>
    <elements href="assembly.xml#Router"/>
    <elements href="#//@swimlanes.4"/>
    <elements href="assembly.xml#Unzipping"/>
    <elements href="#//@swimlanes.5"/>
  </swimlanes>
  <swimlanes x="1502" y="442" name="Swimlane" orientation="VERTICAL">
    <elements href="assembly.xml#GetTheZipFile"/>
    <elements href="assembly.xml#PIMEmptyZip"/>
    <elements href="assembly.xml#ConvertInputFile"/>
    <elements href="assembly.xml#PIMEmptyDSV"/>
  </swimlanes>
  <swimlanes x="1869" y="437" name="Swimlane" orientation="VERTICAL">
    <elements href="assembly.xml#UnzippedtogetFile"/>
    <elements href="assembly.xml#Throw-Unzipped-Error"/>
  </swimlanes>
  <swimlanes x="-5" y="975" font="Arial|18|1" fontColor="1" name="Loading the employees training data">
    <elements href="assembly.xml#CalledTalendLoad"/>
    <elements href="#//@swimlanes.7"/>
    <elements href="assembly.xml#Splitting"/>
    <elements href="#//@swimlanes.8"/>
    <elements href="assembly.xml#TalentWebService"/>
    <elements href="#//@swimlanes.9"/>
  </swimlanes>
  <swimlanes x="1492" y="1022" name="Swimlane" orientation="VERTICAL">
    <elements href="assembly.xml#InputXML"/>
    <elements href="assembly.xml#CaptureError1"/>
  </swimlanes>
  <swimlanes x="1694" y="1018" name="Swimlane">
    <elements href="assembly.xml#AsyncMediation0"/>
    <elements href="#//@swimlanes.13"/>
  </swimlanes>
  <swimlanes x="2116" y="1040" name="Swimlane" orientation="VERTICAL">
    <elements href="assembly.xml#CaptureSuccess"/>
    <elements href="assembly.xml#CaptureError0"/>
  </swimlanes>
  <swimlanes x="-208" y="46" font="Arial|18|1" fontColor="1" name="Routing" orientation="VERTICAL">
    <elements href="assembly.xml#StartHere"/>
    <elements href="assembly.xml#CallInitiation"/>
    <elements href="assembly.xml#CallCSVtoXML"/>
    <elements href="assembly.xml#CallTalentLoad"/>
    <elements href="assembly.xml#CallforLogging"/>
  </swimlanes>
  <swimlanes x="952" y="419" font="Arial|18|1" fontColor="1" name="Common Error Handling">
    <elements href="assembly.xml#Common-error"/>
    <elements href="assembly.xml#PutIntegrationMessage"/>
  </swimlanes>
  <swimlanes x="952" y="532" font="Arial|18|1" fontColor="1" name="Global Error Handler">
    <elements href="assembly.xml#//@beans/@mixed.1/@mixed.41"/>
    <elements href="assembly.xml#Note-Error"/>
  </swimlanes>
  <swimlanes x="702" y="1218" name="Swimlane" orientation="VERTICAL">
    <elements href="assembly.xml#BuildAPIRequest"/>
    <elements href="assembly.xml#CaptureError"/>
  </swimlanes>
</wdnm:Diagram>
