<?xml version="1.0" encoding="UTF-8"?>
<beans
     xmlns="http://www.springframework.org/schema/beans"
     xmlns:beans="http://www.springframework.org/schema/beans"
     xmlns:atom="http://www.w3.org/2005/Atom"
     xmlns:cc="http://www.capeclear.com/assembly/10"
     xmlns:cloud="urn:com.workday/esb/cloud/10.0"
     xmlns:env="http://schemas.xmlsoap.org/soap/envelope/"
     xmlns:pi="urn:com.workday/picof"
     xmlns:wd="urn:com.workday/bsvc"
     xmlns:xsi="http://www.w3.org/2001/XMLSchema-instance">
 
	<cc:assembly id="WorkdayAssembly" version="2020.9">
        <cc:workday-in id="StartHere" routes-to="CallInitiation">
            <cc:integration-system name="INT0370 HR3 Talent Learning Inbound">
        <cloud:attribute-map-service name="INT0370-Generic">
          <cloud:attribute name="Training Type">
            <cloud:type>
              <cloud:class-report-field description="Training Type" type="WID" singular="true">2164b4785855436d808d597aff30aa16</cloud:class-report-field>
            </cloud:type>
          </cloud:attribute>
        </cloud:attribute-map-service>
        <cloud:retrieval-service name="INT0370-Retrieval"/>
      </cc:integration-system>
        </cc:workday-in>
        <cc:async-mediation id="UnzippedtogetFile" handle-downstream-errors="true">
            <cc:steps>
                <cc:copy id="Copy" output="variable" output-variable="wd.retrieve.variable"/>
                <cc:eval id="Eval">
                    <cc:expression>props['filename'] = vars['wd.retrieve.variable'].fileName</cc:expression>
                    <cc:expression>props['filename1'] = props['filename'].toString().substring(props['filename'].toString().indexOf(&quot;/&quot;)+1,props['filename'].toString().length())</cc:expression>
                    <cc:expression>props['Error_Message'] = &quot;Invalid Data&quot;</cc:expression>
                </cc:eval>
                <cc:csv-to-xml id="CsvToXml" output="variable" output-variable="xmlfile" input="variable" input-variable="wd.retrieve.variable" format="rfc4180" separator="|" useFirstLineAsHeader="true"/>
            </cc:steps>
            <cc:send-error id="SendError" routes-to="Throw-Unzipped-Error"/>
        </cc:async-mediation>
        <cc:workday-out-soap id="TalentWebService" execute-when="props['SSO'] != 'H'" routes-response-to="CaptureSuccess" application="Talent" version="v33.2"/>
        <cc:async-mediation id="CaptureSuccess" execute-steps-when="props['SSO'] != 'H'" handle-downstream-errors="true">
            <cc:steps>
                <cc:eval id="Eval">
                    <cc:expression>props['Success.log'].append(props['SSO'] + ','+props['COURSE_NAME']+',' + 'Loaded Successfully' + '\r\n')</cc:expression>
                    <cc:expression>props['SuccessEE'] = props['SuccessEE'] + 1</cc:expression>
                </cc:eval>
            </cc:steps>
            <cc:send-error id="SendError" routes-to="CaptureError0"/>
        </cc:async-mediation>
        <cc:splitter id="Unzipping">
            <cc:sub-route name="SubRoute" routes-to="UnzippedtogetFile"/>
            <cc:unzip-splitter format="zip"/>
        </cc:splitter>
        <cc:splitter id="Splitting">
            <cc:sub-route name="SubRoute" routes-to="AsyncMediation0"/>
            <cc:xml-stream-splitter xpath="/root/row"/>
        </cc:splitter>
        <cc:async-mediation id="BuildAPIRequest" routes-to="TalentWebService" execute-steps-when="props['SSO'] != 'H'" handle-downstream-errors="true">
            <cc:steps>
                <cc:eval id="Eval">
                    <cc:expression>props['SSO'] = parts[0].xpath('row/SSO')</cc:expression>
                    <cc:expression>props['COURSE_NAME'] = parts[0].xpath('row/COURSE_NAME')</cc:expression>
                    <cc:expression>props['COMPLETION_DATE'] = parts[0].xpath('row/COMPLETION_DATE')</cc:expression>
                    <cc:expression>props['Date_Format'] = new java.text.SimpleDateFormat(&quot;dd-MMM-yy&quot;);&#xD;
props['DDMMMYY'] = props['Date_Format'].parse(props['COMPLETION_DATE']);&#xD;
props['New_Date_Format'] = new java.text.SimpleDateFormat(&quot;yyyy-MM-dd&quot;);</cc:expression>
                    <cc:expression>props['FORMAT_DATE'] = props['New_Date_Format'].format(props['DDMMMYY'])</cc:expression>
                </cc:eval>
                <cc:log id="Log">
                    <cc:log-message>
                        <cc:text>---------------------------------------------------------------------------&#xD;
Processing for below employee&#xD;
props['SSO'] = @{props['SSO']}&#xD;
props['TRAINING_TYPE'] = @{props['TRAINING_TYPE']}&#xD;
props['TRAINING_TYPE_REF_ID'] = @{props['TRAINING_TYPE_REF_ID']}&#xD;
------------------------------------------------------------------------------</cc:text>
                    </cc:log-message>
                </cc:log>
                <cc:write id="Write">
                    <cc:message>
                        <cc:text>&lt;?xml version=&quot;1.0&quot; encoding=&quot;UTF-8&quot;?>&#xD;
&lt;env:Envelope&#xD;
    xmlns:env=&quot;http://schemas.xmlsoap.org/soap/envelope/&quot;&#xD;
    xmlns:xsd=&quot;http://www.w3.org/2001/XMLSchema&quot;>&#xD;
    &lt;env:Body>&#xD;
        &lt;wd:Manage_Training_Request xmlns:wd=&quot;urn:com.workday/bsvc&quot; wd:version=&quot;v33.2&quot;>&#xD;
            &lt;wd:Business_Process_Parameters>&#xD;
                &lt;wd:Auto_Complete>true&lt;/wd:Auto_Complete>&#xD;
                &lt;wd:Run_Now>true&lt;/wd:Run_Now>&#xD;
            &lt;/wd:Business_Process_Parameters>&#xD;
            &lt;wd:Manage_Training_Data>&#xD;
                &lt;wd:Worker_Reference>&#xD;
                    &lt;wd:ID wd:type=&quot;Employee_ID&quot;>@{props['SSO']}&lt;/wd:ID>&#xD;
                &lt;/wd:Worker_Reference>&#xD;
                &lt;wd:Training>&#xD;
                    &lt;wd:Training_Data>&#xD;
                        &lt;wd:Remove_Training>false&lt;/wd:Remove_Training>&#xD;
                        &lt;wd:Training>&lt;![CDATA[@{props['COURSE_NAME']}]]&gt;&lt;/wd:Training>&#xD;
                        &lt;wd:Training_Type_Reference>&#xD;
                            &lt;wd:ID wd:type=&quot;Training_Type_ID&quot;>&lt;![CDATA[@{props['TRAINING_TYPE_REF_ID']}]]&gt;&lt;/wd:ID>&#xD;
                        &lt;/wd:Training_Type_Reference>&#xD;
                        &lt;wd:Completion_Date>@{props['FORMAT_DATE']}&lt;/wd:Completion_Date>&#xD;
                    &lt;/wd:Training_Data>&#xD;
                &lt;/wd:Training>&#xD;
            &lt;/wd:Manage_Training_Data>&#xD;
        &lt;/wd:Manage_Training_Request>&#xD;
    &lt;/env:Body>&#xD;
&lt;/env:Envelope></cc:text>
                    </cc:message>
                </cc:write>
            </cc:steps>
            <cc:send-error id="SendError" routes-to="CaptureError"/>
        </cc:async-mediation>
        <cc:async-mediation id="CaptureError" handle-downstream-errors="true">
            <cc:steps>
                <cc:eval id="Eval">
                    <cc:expression>props['Error_Message'] = parts[0].xpath('/SOAP-ENV:Envelope/SOAP-ENV:Body/SOAP-ENV:Fault/detail/wd:Validation_Fault/wd:Validation_Error/wd:Message','SOAP-ENV http://schemas.xmlsoap.org/soap/envelope/')</cc:expression>
                    <cc:expression>props['Error.log'].append(props['SSO'] + ',' + props['Error_Message'] + '\r\n')</cc:expression>
                    <cc:expression>props['ErrorEE'] = props['ErrorEE'] + 1</cc:expression>
                    <cc:expression>props['SSO']=props['Error_Message']=''</cc:expression>
                </cc:eval>
            </cc:steps>
        </cc:async-mediation>
        <cc:local-out id="CallCSVtoXML" store-message="none" routes-response-to="CallTalentLoad" endpoint="vm://INT0370_HR3_Talent_Learning_SI_Inbound/CalledCSVtoXML"/>
        <cc:local-in id="CalledCSVtoXML" routes-to="Router"/>
        <cc:async-mediation id="ConvertInputFile" handle-downstream-errors="true">
            <cc:steps>
                <cc:validate-exp id="ValidateExp">
                    <cc:expression failure-message="No data found in file @{vars['wd.retrieve.variable'].fileName}">vars['wd.retrieve.variable'].length != 0</cc:expression>
                </cc:validate-exp>
                <cc:csv-to-xml id="CsvToXml" output="variable" output-variable="xmlfile" input="variable" input-variable="wd.retrieve.variable" format="rfc4180" separator="|" useFirstLineAsHeader="true"/>
            </cc:steps>
            <cc:send-error id="SendError" routes-to="PIMEmptyDSV"/>
        </cc:async-mediation>
        <cc:route id="Router">
            <cc:mvel-strategy filter="true">
                <cc:choose-route expression="props['FileFormat'] == 'ZIP'" route="ZIPFile"/>
                <cc:choose-route expression="props['FileFormat'] != 'ZIP'" route="DSVFile"/>
            </cc:mvel-strategy>
            <cc:sub-route name="ZIPFile" routes-to="GetTheZipFile"/>
            <cc:sub-route name="DSVFile" routes-to="ConvertInputFile"/>
        </cc:route>
        <cc:async-mediation id="CheckFileEmpty" handle-downstream-errors="true">
            <cc:steps>
                <cc:eval id="Initialise">
                    <cc:expression>if (da.size() > 0 ) {da.toVar(0 , &quot;wd.retrieve.variable&quot;)}</cc:expression>
                    <cc:expression>props['Success.log'] = new java.lang.StringBuilder();</cc:expression>
                    <cc:expression>props['Error.log'] = new java.lang.StringBuilder()</cc:expression>
                    <cc:expression>props['TempFile'] = vars['wd.retrieve.variable'].fileName;&#xD;
//props['TempFile']= &quot;test.dat&quot;</cc:expression>
                    <cc:expression>props['Check_Format'] = props['TempFile'].toString().contains('.zip')</cc:expression>
                    <cc:expression>props['FileFormat'] = (props['Check_Format'] == 'true' ? 'ZIP':'DSV')</cc:expression>
                    <cc:expression>props['Success.log'].append('SSO' + ',' + 'Course Name' + ',' + 'Status' + '\r\n')</cc:expression>
                    <cc:expression>props['Error.log'].append('SSO' + ',' + 'Error Message' + '\r\n')</cc:expression>
                    <cc:expression>props['SuccessEE'] = 0;&#xD;
props['ErrorEE'] = 0</cc:expression>
                    <cc:expression>props['TRAINING_TYPE_REF_ID'] = intsys.getAttributeReferenceData('Training Type', 'Training_Type_ID')</cc:expression>
                </cc:eval>
                <cc:log id="Log">
                    <cc:log-message>
                        <cc:text>===========================================&#xD;
props['FileFormat'] = @{props['FileFormat']}&#xD;
vars['wd.retrieve.variable'] = @{vars['wd.retrieve.variable']}&#xD;
============================================</cc:text>
                    </cc:log-message>
                </cc:log>
            </cc:steps>
            <cc:send-error id="SendError" routes-to="Throw-Input-Error"/>
        </cc:async-mediation>
        <cc:local-in id="Initiation" routes-to="CheckFileEmpty"/>
        <cc:local-out id="CallInitiation" store-message="none" routes-response-to="CallCSVtoXML" endpoint="vm://INT0370_HR3_Talent_Learning_SI_Inbound/Initiation"/>
        <cc:local-out id="PIMEmptyZip" endpoint="vm://wcc/PutIntegrationMessage">
            <cc:set name="is.message.severity" value="'CRITICAL'"/>
            <cc:set name="is.message.summary" value="'File retrieved is empty. Integration is aborted'"/>
        </cc:local-out>
        <cc:async-mediation id="GetTheZipFile" routes-to="Unzipping" handle-downstream-errors="true">
            <cc:steps>
                <cc:copy id="Copy" input="variable" input-variable="wd.retrieve.variable"/>
                <cc:validate-exp id="ValidateExp">
                    <cc:expression failure-message="No data found in file @{vars['wd.retrieve.variable'].fileName}">vars['wd.retrieve.variable'].length != 0</cc:expression>
                </cc:validate-exp>
            </cc:steps>
            <cc:send-error id="SendError" routes-to="PIMEmptyZip"/>
        </cc:async-mediation>
        <cc:local-out id="PutIntegrationMessage" endpoint="vm://wcc/PutIntegrationMessage">
            <cc:set name="is.message.severity" value="'ERROR'"/>
            <cc:set name="is.message.summary" value="props['Error'] + ' An unhandled error occurred while uploading Training Data ' + 'Please contact system administrator ' + 'Error Details-' + context.errorMessage"/>
        </cc:local-out>
        <cc:local-in id="Common-error" routes-to="PutIntegrationMessage" access="public" use-global-error-handlers="true"/>
        <cc:local-out id="Note-Error" endpoint="vm://wcc/PutIntegrationMessage">
            <cc:set name="is.message.severity" value="'ERROR'"/>
            <cc:set name="is.message.summary" value="util.cleanString(context.errorMessage)"/>
        </cc:local-out>
        <cc:send-error id="global-error-handler" rethrow-error="false" routes-to="Note-Error"/>
        <cc:local-out id="Throw-Unzipped-Error" store-message="none" endpoint="vm://INT0370_HR3_Talent_Learning_SI_Inbound/Common-error">
            <cc:set name="UnzippingError" value="props['Error'] = 'Error occured after unzipping the file' "/>
        </cc:local-out>
        <cc:local-out id="Throw-Input-Error" store-message="none" endpoint="vm://INT0370_HR3_Talent_Learning_SI_Inbound/Common-error">
            <cc:set name="InputError" value="props['Error'] = 'Error occurred while fetching input file' "/>
        </cc:local-out>
        <cc:local-out id="PIMEmptyDSV" endpoint="vm://wcc/PutIntegrationMessage">
            <cc:set name="is.message.severity" value="'CRITICAL'"/>
            <cc:set name="is.message.summary" value="'File retrieved is empty. Integration is aborted'"/>
        </cc:local-out>
        <cc:local-in id="CalledTalendLoad" routes-to="InputXML"/>
        <cc:local-out id="CallTalentLoad" store-message="none" routes-response-to="CallforLogging" endpoint="vm://INT0370_HR3_Talent_Learning_SI_Inbound/CalledTalendLoad"/>
        <cc:async-mediation id="InputXML" routes-to="Splitting" handle-downstream-errors="true">
            <cc:steps>
                <cc:write id="Write" input="variable" input-variable="xmlfile">
                    <cc:message>
                        <cc:message-content/>
                    </cc:message>
                </cc:write>
            </cc:steps>
            <cc:send-error id="SendError" routes-to="CaptureError1"/>
        </cc:async-mediation>
        <cc:local-out id="CallforLogging" store-message="none" endpoint="vm://INT0370_HR3_Talent_Learning_SI_Inbound/Logging"/>
        <cc:local-in id="Logging" routes-to="LogStorage"/>
        <cc:async-mediation id="LogStorage" routes-to="Success-Error-EmployeeCount">
            <cc:steps>
                <cc:write id="Write">
                    <cc:message>
                        <cc:text>@{props['Success.log'].toString()}</cc:text>
                    </cc:message>
                </cc:write>
                <cc:store id="StoreSuccess" input="message" createDocumentReference="true" expiresIn="P180D" title="INT370_SuccessLog.csv"/>
                <cc:write id="Write0">
                    <cc:message>
                        <cc:text>@{props['Error.log'].toString()}</cc:text>
                    </cc:message>
                </cc:write>
                <cc:store id="StoreError" input="message" createDocumentReference="true" expiresIn="P180D" title="INT370_ErrorLog.csv"/>
            </cc:steps>
        </cc:async-mediation>
        <cc:local-out id="Success-Error-EmployeeCount" endpoint="vm://wcc/PutIntegrationMessage"><cc:set name="is.message.severity" value="'INFO'"/><cc:set name="is.message.summary" value="'Integration has successfully loaded the training data for ' + props['SuccessEE'] + ' employees and errored out for ' + props['ErrorEE'] + ' employees'"/></cc:local-out>
        <cc:async-mediation id="CaptureError0" handle-downstream-errors="true">
            <cc:steps>
                <cc:eval id="Eval">
                    <cc:expression>props['Error_Message'] = 'Error occurred while capturing Success Log' </cc:expression>
                    <cc:expression>props['Error.log'].append(props['SSO'] + ',' + props['Error_Message'] + '\r\n')</cc:expression>
                    <cc:expression>props['ErrorEE'] = props['ErrorEE'] + 1</cc:expression>
                    <cc:expression>props['SSO']=props['Error_Message']=''</cc:expression>
                </cc:eval>
            </cc:steps>
        </cc:async-mediation>
        <cc:async-mediation id="CaptureError1" handle-downstream-errors="true">
            <cc:steps>
                <cc:eval id="Eval">
                    <cc:expression>props['Error_Message'] = 'Error occurred while reading xml Log' </cc:expression>
                    <cc:expression>props['Error.log'].append(props['SSO'] + ',' + props['Error_Message'] + '\r\n')</cc:expression>
                    <cc:expression>props['ErrorEE'] = props['ErrorEE'] + 1</cc:expression>
                    <cc:expression>props['SSO']=props['Error_Message']='';</cc:expression>
                </cc:eval>
            </cc:steps>
        </cc:async-mediation>
        <cc:async-mediation id="AsyncMediation0" routes-to="BuildAPIRequest">
            <cc:steps>
                <cc:eval id="Eval">
                    <cc:expression>props['SSO'] = parts[0].xpath('row/SSO')</cc:expression>
                </cc:eval></cc:steps>
        </cc:async-mediation>
	</cc:assembly>

</beans>