<?xml version="1.0" encoding="UTF-8"?>
<root xmlns:map="http://www.w3.org/2005/xpath-functions/map"
      xmlns:wd="urn:com.workday/bsvc"
      xmlns:wd2="urn:com.workday.report/Worker_Certs">
   <Worker_Cert>
      <Emp_ID>770077</Emp_ID>
      <Job_Profile_ID>48082</Job_Profile_ID>
      <Cref>CBAP</Cref>
      <Cert_Number>2100</Cert_Number>
      <Expiration_Dt>2023-12-31</Expiration_Dt>
      <QCert>CBAP</QCert>
   </Worker_Cert>
   <Worker_Cert>
      <Emp_ID>77088</Emp_ID>
      <Job_Profile_ID>51227</Job_Profile_ID>
      <Cref>BCBA</Cref>
      <Cert_Number>1/11/8595</Cert_Number>
      <Expiration_Dt>2023-05-31</Expiration_Dt>
      <QCert>BCBA</QCert>
   </Worker_Cert>
</root>