<?xml version='1.0' encoding='UTF-8'?>
<ra:root xmlns:ra="urn:com.INT073_AutoTime_Absence_Inbound">
    <ra:row>
        <ra:EMPLOYEE_ID>2410</ra:EMPLOYEE_ID>
        <ra:ABSENCE_EVENT>Sick</ra:ABSENCE_EVENT>
        <ra:HOURS>-9.0</ra:HOURS>
        <ra:POST_DATE>2024-09-19</ra:POST_DATE>
        <ra:REFERENCE_ID/>
        <ra:START_TIME/>
        <ra:END_TIME/>
    </ra:row>
    <ra:row>
        <ra:EMPLOYEE_ID>2410</ra:EMPLOYEE_ID>
        <ra:ABSENCE_EVENT>Sick</ra:ABSENCE_EVENT>
        <ra:HOURS>3.0</ra:HOURS>
        <ra:POST_DATE>2024-09-19</ra:POST_DATE>
        <ra:REFERENCE_ID/>
        <ra:START_TIME/>
        <ra:END_TIME/>
    </ra:row>
    <ra:row>
        <ra:EMPLOYEE_ID>2410</ra:EMPLOYEE_ID>
        <ra:ABSENCE_EVENT>Unpaid Time - Friday Only</ra:ABSENCE_EVENT>
        <ra:HOURS>-1.5</ra:HOURS>
        <ra:POST_DATE>2024-09-20</ra:POST_DATE>
        <ra:REFERENCE_ID>TIME_OFF_ENTRY-6-9553</ra:REFERENCE_ID>
        <ra:START_TIME>2024-09-20 10:00:00.0</ra:START_TIME>
        <ra:END_TIME>2024-09-20 10:00:00.0</ra:END_TIME>
    </ra:row>
    <ra:row>
        <ra:EMPLOYEE_ID>2410</ra:EMPLOYEE_ID>
        <ra:ABSENCE_EVENT>Jury Duty - Friday Only</ra:ABSENCE_EVENT>
        <ra:HOURS>-2.0</ra:HOURS>
        <ra:POST_DATE>2024-09-20</ra:POST_DATE>
        <ra:REFERENCE_ID/>
        <ra:START_TIME>2024-09-20 10:00:00.0</ra:START_TIME>
        <ra:END_TIME>2024-09-20 10:00:00.0</ra:END_TIME>
    </ra:row>
    <ra:row>
        <ra:EMPLOYEE_ID>2410</ra:EMPLOYEE_ID>
        <ra:ABSENCE_EVENT>Jury Duty - Friday Only</ra:ABSENCE_EVENT>
        <ra:HOURS>4.0</ra:HOURS>
        <ra:POST_DATE>2024-09-20</ra:POST_DATE>
        <ra:REFERENCE_ID/>
        <ra:START_TIME>2024-09-20 10:00:00.0</ra:START_TIME>
        <ra:END_TIME>2024-09-20 10:00:00.0</ra:END_TIME>
    </ra:row>
</ra:root>
