<?xml version="1.0" encoding="ASCII"?>
<edst:Settings xmlns:edst="http://dublin.workday.com/studio/settings/editor">
  <editor uri="/INT0120D-HRPRDINT-Worker-Outbound/ws/WSAR-INF/names_delimited.xsd">
    <property name="transformation.text.to.xml" value="true"/>
  </editor>
  <editor uri="/INT0120D-HRPRDINT-Worker-Outbound/ws/WSAR-INF/personal_delimited.xsd">
    <property name="transformation.text.to.xml" value="true"/>
  </editor>
  <editor uri="/INT0120D-HRPRDINT-Worker-Outbound/ws/WSAR-INF/job_delimited.xsd">
    <property name="transformation.text.to.xml" value="true"/>
  </editor>
  <editor uri="/INT0120D-HRPRDINT-Worker-Outbound/ws/WSAR-INF/comp_delimited.xsd">
    <property name="transformation.text.to.xml" value="true"/>
  </editor>
  <editor uri="/INT0120D-HRPRDINT-Worker-Outbound/ws/WSAR-INF/empl_delimited.xsd">
    <property name="transformation.text.to.xml" value="true"/>
  </editor>
  <editor uri="/INT0120D-HRPRDINT-Worker-Outbound/ws/WSAR-INF/testing.xsd">
    <property name="transformation.text.to.xml" value="true"/>
  </editor>
  <editor uri="/INT0120D-HRPRDINT-Worker-Outbound/ws/WSAR-INF/test_delimited.xsd">
    <property name="transformation.text.to.xml" value="true"/>
  </editor>
</edst:Settings>
