<?xml version="1.0" encoding="UTF-8"?>
<wdnm:Diagram xmlns:wdnm="http://workday.com/studio/editors/notation">
  <element href="assembly.xml#WorkdayAssembly"/>
  <visualProperties x="56" y="64">
    <element href="assembly.xml#StartHere"/>
  </visualProperties>
  <visualProperties x="212" y="20">
    <element href="assembly.xml#Doc_Retention"/>
  </visualProperties>
  <visualProperties x="403" y="46">
    <element href="assembly.xml#CallContingentWorker"/>
  </visualProperties>
  <visualProperties x="401" y="98">
    <element href="assembly.xml#Erroratbeginning"/>
  </visualProperties>
  <visualProperties x="42" y="232">
    <element href="assembly.xml#Call_Contingent_Worker"/>
  </visualProperties>
  <visualProperties x="100" y="303">
    <element href="assembly.xml#Call_Custom_Rep"/>
  </visualProperties>
  <visualProperties x="429" y="250">
    <element href="assembly.xml#Data_from_Rpt"/>
  </visualProperties>
  <visualProperties x="611" y="215">
    <element href="assembly.xml#EndContract_Initiated"/>
  </visualProperties>
  <visualProperties x="812" y="215">
    <element href="assembly.xml#FutureBP_Initiated"/>
  </visualProperties>
  <visualProperties x="793" y="283">
    <element href="assembly.xml#Terminate_Worker"/>
  </visualProperties>
  <visualProperties x="433" y="385">
    <element href="assembly.xml#Data_Error"/>
  </visualProperties>
  <visualProperties x="278" y="242">
    <element href="assembly.xml#Splitt_Workers"/>
  </visualProperties>
  <visualProperties x="37" y="523">
    <element href="assembly.xml#EndContractInititated"/>
  </visualProperties>
  <visualProperties x="233" y="486">
    <element href="assembly.xml#CWRNotProcessed"/>
  </visualProperties>
  <visualProperties x="420" y="496">
    <element href="assembly.xml#Call_Audit_Log"/>
  </visualProperties>
  <visualProperties x="432" y="574">
    <element href="assembly.xml#Error_Send"/>
  </visualProperties>
  <visualProperties x="46" y="748">
    <element href="assembly.xml#FutureBPInitiated"/>
  </visualProperties>
  <visualProperties x="36" y="940">
    <element href="assembly.xml#Term_Contractor"/>
  </visualProperties>
  <visualProperties x="207" y="896">
    <element href="assembly.xml#AsyncMediation"/>
  </visualProperties>
  <visualProperties x="396" y="919">
    <element href="assembly.xml#CallEndContingentWWS"/>
  </visualProperties>
  <visualProperties x="580" y="896">
    <element href="assembly.xml#StoreDataAfterEndContract"/>
  </visualProperties>
  <visualProperties x="785" y="902">
    <element href="assembly.xml#EndContractSuccessful"/>
  </visualProperties>
  <visualProperties x="804" y="976">
    <element href="assembly.xml#Error_Out"/>
  </visualProperties>
  <visualProperties x="534" y="1047">
    <element href="assembly.xml#EndContractErrorMsg"/>
  </visualProperties>
  <visualProperties x="382" y="1026">
    <element href="assembly.xml#CWRNotProcess"/>
  </visualProperties>
  <visualProperties x="549" y="1100">
    <element href="assembly.xml#Error_data"/>
  </visualProperties>
  <visualProperties x="482" y="735">
    <element href="assembly.xml#SendMsgToAuditLog"/>
  </visualProperties>
  <visualProperties x="38" y="1302">
    <element href="assembly.xml#CallAuditLog"/>
  </visualProperties>
  <visualProperties x="191" y="1287">
    <element href="assembly.xml#AsyncMediation0"/>
  </visualProperties>
  <visualProperties x="356" y="1287">
    <element href="assembly.xml#Aggregator"/>
  </visualProperties>
  <visualProperties x="543" y="1291">
    <element href="assembly.xml#CreateAuditLogs"/>
  </visualProperties>
  <visualProperties x="760" y="1298">
    <element href="assembly.xml#AuditLogCreated"/>
  </visualProperties>
  <visualProperties x="759" y="1350">
    <element href="assembly.xml#AuditLogErrorMessage"/>
  </visualProperties>
  <visualProperties x="199" y="1429">
    <element href="assembly.xml#CallSubRoutine"/>
  </visualProperties>
  <visualProperties x="44" y="1574">
    <element href="assembly.xml#//@beans/@mixed.1/@mixed.69"/>
  </visualProperties>
  <visualProperties x="210" y="1574">
    <element href="assembly.xml#PutIntegrationMessageGlobal"/>
  </visualProperties>
  <visualProperties x="489" y="1574">
    <element href="assembly.xml#PutIntegrationEvent"/>
  </visualProperties>
  <visualProperties x="272" y="702">
    <element href="assembly.xml#AsyncMediation1"/>
  </visualProperties>
  <visualProperties x="495" y="793">
    <element href="assembly.xml#CallSubRoutine0"/>
  </visualProperties>
  <decorations x="27" y="15" width="577" height="147" type="NOTE" text="Main"/>
  <decorations x="27" y="175" width="981" height="262" bgColor="11661808" type="NOTE" text="Get Contingent Worker"/>
  <decorations x="27" y="471" width="981" height="194" bgColor="16744576" type="NOTE" text="End Contract Initiated"/>
  <decorations x="27" y="693" width="942" height="149" bgColor="8454143" type="NOTE" text="Future BP Initiated"/>
  <decorations x="27" y="872" width="962" height="335" type="NOTE" text="Terminate Contractor"/>
  <decorations x="27" y="1242" width="981" height="265" bgColor="8421440" type="NOTE" text="Audit Log"/>
  <decorations x="30" y="1541" width="962" height="85" bgColor="255" type="NOTE" text="Send Global Error"/>
  <connections type="routesTo">
    <source href="assembly.xml#StartHere"/>
    <target href="assembly.xml#Doc_Retention"/>
  </connections>
  <connections type="routesTo">
    <source href="assembly.xml#//@beans/@mixed.1/@mixed.3/@mixed.3"/>
    <target href="assembly.xml#Erroratbeginning"/>
  </connections>
  <connections type="routesTo">
    <source href="assembly.xml#Doc_Retention"/>
    <target href="assembly.xml#CallContingentWorker"/>
  </connections>
  <connections type="routesTo">
    <source href="assembly.xml#Call_Contingent_Worker"/>
    <target href="assembly.xml#Call_Custom_Rep"/>
  </connections>
  <connections type="routesTo">
    <source href="assembly.xml#//@beans/@mixed.1/@mixed.13/@mixed.3"/>
    <target href="assembly.xml#Data_Error"/>
  </connections>
  <connections type="routesResponseTo">
    <source href="assembly.xml#Call_Custom_Rep"/>
    <target href="assembly.xml#Splitt_Workers"/>
  </connections>
  <connections type="routesTo">
    <source href="assembly.xml#//@beans/@mixed.1/@splitter.0/@subRoute.0"/>
    <target href="assembly.xml#Data_from_Rpt"/>
  </connections>
  <connections type="routesTo">
    <source href="assembly.xml#Data_from_Rpt"/>
    <target href="assembly.xml#EndContract_Initiated"/>
  </connections>
  <connections type="routesResponseTo">
    <source href="assembly.xml#EndContract_Initiated"/>
    <target href="assembly.xml#FutureBP_Initiated"/>
  </connections>
  <connections type="routesResponseTo">
    <source href="assembly.xml#FutureBP_Initiated"/>
    <target href="assembly.xml#Terminate_Worker"/>
  </connections>
  <connections type="routesTo">
    <source href="assembly.xml#EndContractInititated"/>
    <target href="assembly.xml#CWRNotProcessed"/>
  </connections>
  <connections type="routesTo">
    <source href="assembly.xml#//@beans/@mixed.1/@mixed.27/@mixed.3"/>
    <target href="assembly.xml#Error_Send"/>
  </connections>
  <connections type="routesTo">
    <source href="assembly.xml#CWRNotProcessed"/>
    <target href="assembly.xml#Call_Audit_Log"/>
  </connections>
  <connections type="routesTo">
    <source href="assembly.xml#Term_Contractor"/>
    <target href="assembly.xml#AsyncMediation"/>
  </connections>
  <connections type="routesResponseTo">
    <source href="assembly.xml#CallEndContingentWWS"/>
    <target href="assembly.xml#StoreDataAfterEndContract"/>
  </connections>
  <connections type="routesTo">
    <source href="assembly.xml#AsyncMediation"/>
    <target href="assembly.xml#CallEndContingentWWS"/>
  </connections>
  <connections type="routesTo">
    <source href="assembly.xml#StoreDataAfterEndContract"/>
    <target href="assembly.xml#EndContractSuccessful"/>
  </connections>
  <connections type="routesTo">
    <source href="assembly.xml#//@beans/@mixed.1/@mixed.41/@mixed.3"/>
    <target href="assembly.xml#Error_Out"/>
  </connections>
  <connections type="routesTo">
    <source href="assembly.xml#//@beans/@mixed.1/@mixed.37/@mixed.3"/>
    <target href="assembly.xml#CWRNotProcess"/>
  </connections>
  <connections type="routesTo">
    <source href="assembly.xml#//@beans/@mixed.1/@mixed.49/@mixed.3"/>
    <target href="assembly.xml#Error_data"/>
  </connections>
  <connections type="routesTo">
    <source href="assembly.xml#CWRNotProcess"/>
    <target href="assembly.xml#EndContractErrorMsg"/>
  </connections>
  <connections type="routesTo">
    <source href="assembly.xml#CallAuditLog"/>
    <target href="assembly.xml#AsyncMediation0"/>
  </connections>
  <connections type="routesTo">
    <source href="assembly.xml#AsyncMediation0"/>
    <target href="assembly.xml#Aggregator"/>
  </connections>
  <connections type="routesTo">
    <source href="assembly.xml#Aggregator"/>
    <target href="assembly.xml#CreateAuditLogs"/>
  </connections>
  <connections type="routesTo">
    <source href="assembly.xml#CreateAuditLogs"/>
    <target href="assembly.xml#AuditLogCreated"/>
  </connections>
  <connections type="routesTo">
    <source href="assembly.xml#//@beans/@mixed.1/@mixed.61/@mixed.3"/>
    <target href="assembly.xml#AuditLogErrorMessage"/>
  </connections>
  <connections type="routesTo">
    <source href="assembly.xml#//@beans/@mixed.1/@mixed.57/@mixed.3"/>
    <target href="assembly.xml#CallSubRoutine"/>
  </connections>
  <connections type="routesTo">
    <source href="assembly.xml#//@beans/@mixed.1/@mixed.69"/>
    <target href="assembly.xml#PutIntegrationMessageGlobal"/>
  </connections>
  <connections type="routesResponseTo">
    <source href="assembly.xml#PutIntegrationMessageGlobal"/>
    <target href="assembly.xml#PutIntegrationEvent"/>
  </connections>
  <connections type="routesTo">
    <source href="assembly.xml#FutureBPInitiated"/>
    <target href="assembly.xml#AsyncMediation1"/>
  </connections>
  <connections type="routesTo">
    <source href="assembly.xml#AsyncMediation1"/>
    <target href="assembly.xml#SendMsgToAuditLog"/>
  </connections>
  <connections type="routesTo">
    <source href="assembly.xml#//@beans/@mixed.1/@mixed.75/@mixed.3"/>
    <target href="assembly.xml#CallSubRoutine0"/>
  </connections>
</wdnm:Diagram>
