<?xml version="1.0" encoding="UTF-8"?>
<beans
     xmlns="http://www.springframework.org/schema/beans"
     xmlns:beans="http://www.springframework.org/schema/beans"
     xmlns:atom="http://www.w3.org/2005/Atom"
     xmlns:cc="http://www.capeclear.com/assembly/10"
     xmlns:cloud="urn:com.workday/esb/cloud/10.0"
     xmlns:env="http://schemas.xmlsoap.org/soap/envelope/"
     xmlns:pi="urn:com.workday/picof"
     xmlns:wd="urn:com.workday/bsvc"
     xmlns:xsi="http://www.w3.org/2001/XMLSchema-instance">
 
	<cc:assembly id="WorkdayAssembly" version="20">
        <cc:async-mediation id="GetReportParameters" routes-to="CallProcessSummary">
            <cc:steps>
                <cc:eval id="Eval"><cc:expression>props['effective.date'] =lp.getSimpleData('Effective Date')</cc:expression><cc:expression>props['file.name'] = lp.getSequencedValue('INT0038A-FileName')</cc:expression>
                    <cc:expression>props['detail.file.name'] = lp.getSequencedValue('INT0038A-DetailFileName')</cc:expression>
                    <cc:expression>props['ia.document.retention.policy'] = intsys.getAttribute('Document Retention')</cc:expression></cc:eval>
                <cc:log id="Log">
                    <cc:log-message>
                        <cc:text>Report URL @{props['PayrollPeriodWIDs']}&amp;Pay_Group_Detail!WID=@{props['PayrollGroupsWIDs']}&#xD;
props['ia.document.retention.policy']: @{props['ia.document.retention.policy']}</cc:text>
                    </cc:log-message>
                </cc:log>
            </cc:steps>
            <cc:send-error id="SendError" routes-to="ErrorGettingParameters"/>
        </cc:async-mediation>
        <cc:workday-in id="StartHere" routes-to="GetReportParameters">
            <cc:integration-system name="INT0038A US and Canada Head Count and FTE File to GL Outbound">
        <cloud:param name="Effective Date">
          <cloud:type>
            <cloud:simple-type>date</cloud:simple-type>
          </cloud:type>
          <cloud:default>
            <cloud:class-report-field description="Last Day of Last Month" type="WID">3d829c55e778432193d42eee29f72f18</cloud:class-report-field>
          </cloud:default>
          <cloud:launch-option>as-of-effective-date</cloud:launch-option>
          <cloud:launch-option>required</cloud:launch-option>
        </cloud:param>
        <cloud:attribute-map-service name="INT0038A- Generic">
          <cloud:attribute name="Document Retention">
            <cloud:type>
              <cloud:simple-type>number</cloud:simple-type>
            </cloud:type>
            <cloud:display-option>required-for-launch</cloud:display-option>
          </cloud:attribute>
        </cloud:attribute-map-service>
        <cloud:sequence-generator-service name="INT0038A-SequenceGenerator">
          <cloud:sequencer>INT0038A-FileName</cloud:sequencer>
          <cloud:sequencer>INT0038A-DetailFileName</cloud:sequencer>
        </cloud:sequence-generator-service>
        <cloud:delivery-service name="INT0038A-Delivery"/>
        <cloud:report-service name="INT0038A-ReportService">
          <cloud:report-alias description="INT0038A US and Canada HeadCount and FTE File to GL Outbound" name="INT0038A-Summary">
            <cloud:report-reference description="INT0038A US and Canada HeadCount and FTE File to GL Outbound" type="WID">a80605a1bc0e0144713703422326ecd8</cloud:report-reference>
          </cloud:report-alias>
          <cloud:report-alias description="INT0038A US and Canada HeadCount and FTE File to GL Detailed Audit Outbound" name="INT0038A-Detailes">
            <cloud:report-reference description="INT0038A US and Canada HeadCount and FTE File to GL Detailed Audit Outbound" type="WID">a80605a1bc0e01ed5010503e2326ccd8</cloud:report-reference>
          </cloud:report-alias>
        </cloud:report-service>
      </cc:integration-system>
        </cc:workday-in>
        <cc:local-out id="CallProcessSummary" store-message="none" routes-response-to="CallProceessDetailedReport" endpoint="vm://INT0038A-USCanada-HeadCountAndFTEFileToGL-Outbound/ProcessSummary"/>
        <cc:local-in id="ProcessSummary" routes-to="ErrorHeadCountReport"/>
        <cc:local-out id="CallProceessDetailedReport" store-message="none" routes-response-to="CallPutIntegrationMessageDone" endpoint="vm://INT0038A-USCanada-HeadCountAndFTEFileToGL-Outbound/ProceessDetailedReport"/>
        <cc:local-in id="ProceessDetailedReport" routes-to="ErrorDetailedReport"/>
        <cc:local-out id="CallPutIntegrationEventComplete" endpoint="vm://wcc/PutIntegrationEvent">
            <cc:set name="is.event.completed" value="'current'"/>
        </cc:local-out>
        <cc:local-out id="CallPutIntegrationMessageDone" routes-response-to="CallPutIntegrationEventComplete" endpoint="vm://wcc/PutIntegrationMessage">
            <cc:set name="is.message.severity" value="'INFO'"/>
            <cc:set name="is.message.summary" value="&quot;Integration completed successfully.&quot;"/>
        </cc:local-out>
        <cc:workday-out-rest id="GetHeadcountReport" routes-response-to="GroupHeadcountBUs" extra-path="@{intsys.reportService.getExtrapath('INT0038A-Summary')}?Effective_as_of_Date_and_Time=@{props['effective.date']}"/>
        <cc:local-out id="ErrorTransformingHeadcountRecord" endpoint="vm://wcc/PutIntegrationMessage">
            <cc:set name="is.message.severity" value="'ERROR'"/>
            <cc:set name="is.message.summary" value="'Error transforming headcount record' + context.errorMessage"/>
            <cc:set name="is.message.detail" value="context.errorMessage"/>
        </cc:local-out>
        <cc:local-out id="FileSuccessfullyCreated" endpoint="vm://wcc/PutIntegrationMessage">
            <cc:set name="is.message.severity" value="'INFO'"/>
            <cc:set name="is.message.summary" value="props['file.name'] + ' file has been successfully created.'"/>
            <cc:set name="is.document.variable.name" value="'summary.file'"/>
            <cc:set name="is.document.deliverable" value="'true'"/>
        </cc:local-out>
        <cc:async-mediation id="TransformHeadCountRecord" routes-to="AggregateHeadCountRecords">
            <cc:steps>
                <cc:xslt id="Xslt" output="message" input="message" url="INT0038A-Summary.xsl"/>
            </cc:steps>
            <cc:send-error id="SendError" routes-to="ErrorTransformingHeadcountRecord"/>
        </cc:async-mediation>
        <cc:splitter id="SplitByGroup">
            <cc:sub-route name="Process" routes-to="TransformHeadCountRecord"/>
            <cc:xml-stream-splitter xpath="/wd:Report_Data/wd:Group"/>
        </cc:splitter>
        <cc:aggregator id="AggregateHeadCountRecords" routes-to="CreateHeadCountFile">
            <cc:size-batch-strategy batch-size="-1"/>
            <cc:message-content-collater output="message" output-mimetype="text/plain"/>
        </cc:aggregator>
        <cc:async-mediation id="CreateHeadCountFile" routes-to="FileSuccessfullyCreated">
            <cc:steps>
                <cc:store id="Store" output="variable" output-mimetype="text/plain" output-variable="summary.file" input="message" expiresIn="P@{props['ia.document.retention.policy']}D" summary="OutputPayrollFile" title="@{props['file.name']}"/>
            </cc:steps>
            <cc:send-error id="SendError" routes-to="ErrorCreatingHeadcountFile"/>
        </cc:async-mediation>
        <cc:workday-out-rest id="GetDetailedReport" routes-response-to="SplitByRow0" extra-path="@{intsys.reportService.getExtrapath('INT0038A-Detailes')}?Effective_as_of_Date_and_Time=@{props['effective.date']}"/>
        <cc:async-mediation id="TransformDetailedRecord" routes-to="AggregateDetailedRecords">
            <cc:steps>
                <cc:xslt id="Xslt" output="message" input="message" url="INT0038A-Detailed-Transformation.xsl"/>
            </cc:steps>
            <cc:send-error id="SendError" routes-to="ErrorProcessingDetailedRecord"/>
        </cc:async-mediation>
        <cc:splitter id="SplitByRow0">
            <cc:sub-route name="Process" routes-to="TransformDetailedRecord"/>
            <cc:xml-stream-splitter xpath="/wd:Report_Data/wd:Report_Entry"/>
        </cc:splitter>
        <cc:aggregator id="AggregateDetailedRecords" routes-to="CreateDetailedRecordsFile">
            <cc:size-batch-strategy batch-size="-1"/>
            <cc:message-content-collater output="variable" output-mimetype="text/plain" output-variable="detailed.out"/>
        </cc:aggregator>
        <cc:local-out id="ErrorProcessingDetailedRecord" endpoint="vm://wcc/PutIntegrationMessage">
            <cc:set name="is.message.severity" value="'ERROR'"/>
            <cc:set name="is.message.summary" value="'Error processing Detailed record.' + context.errorMessage"/>
            <cc:set name="is.message.detail" value="context.errorMessage"/>
        </cc:local-out>
        <cc:async-mediation id="CreateDetailedRecordsFile" routes-to="FileSuccessfullyCreated0">
            <cc:steps>
                <cc:write id="Write">
                    <cc:message>
                        <cc:text>&lt;root>&lt;/root></cc:text>
                    </cc:message>
                </cc:write>
                <cc:xslt id="header" output="variable" output-mimetype="text/plain" output-variable="header.detailed" url="header_headcount.xsl"/>
                <cc:write id="Wrap_Message" output-mimetype="text/plain">
                    <cc:message>
                        <cc:text>@{vars['header.detailed'].getText()}</cc:text>
                        <cc:text>@{vars['detailed.out'].getText()}</cc:text>
                    </cc:message>
                </cc:write>
                <cc:store id="Store" output="variable" output-mimetype="text/plain" output-variable="detailed.file" input="message" expiresIn="P@{props['ia.document.retention.policy']}D" summary="OutputDetailedFile" title="@{props['detail.file.name']}"/>
            </cc:steps>
            <cc:send-error id="SendError" routes-to="ErrorCreatingDetailedRecordsFile"/>
        </cc:async-mediation>
        <cc:local-out id="FileSuccessfullyCreated0" endpoint="vm://wcc/PutIntegrationMessage">
            <cc:set name="is.message.severity" value="'INFO'"/>
            <cc:set name="is.message.summary" value="props['detail.file.name'] + ' file has been successfully created.'"/>
            <cc:set name="is.document.variable.name" value="'detailed.file'"/>
            <cc:set name="is.document.deliverable" value="'true'"/>
        </cc:local-out>
        <cc:send-error id="SendGlobalError" rethrow-error="false" routes-to="CallPutIntegrationMessageGlobal"/>
        <cc:local-out id="CallPutIntegrationEventGlobal" endpoint="vm://wcc/PutIntegrationEvent">
            <cc:set name="is.event.completed" value="'current'"/>
        </cc:local-out>
        <cc:local-out id="CallPutIntegrationMessageGlobal" routes-response-to="CallPutIntegrationEventGlobal" endpoint="vm://wcc/PutIntegrationMessage">
            <cc:set name="is.message.severity" value="'CRITICAL'"/>
            <cc:set name="is.message.summary" value="'Critical error has occurred!'"/>
            <cc:set name="is.message.detail" value="context.errorMessage"/>
        </cc:local-out>
        <cc:async-mediation id="ErrorHeadCountReport" routes-to="GetHeadcountReport" handle-downstream-errors="true">
            <cc:steps>
                <cc:log id="Log">
                    <cc:log-message>
                        <cc:message-content/>
                    </cc:log-message>
                </cc:log>
            </cc:steps>
            <cc:send-error id="SendError" routes-to="ErrorGettingHeadcountReport"/>
        </cc:async-mediation>
        <cc:async-mediation id="ErrorDetailedReport" routes-to="GetDetailedReport" handle-downstream-errors="true">
            <cc:steps>
                <cc:log id="Log">
                    <cc:log-message>
                        <cc:message-content/>
                    </cc:log-message>
                </cc:log>
            </cc:steps>
            <cc:send-error id="SendError" routes-to="ErrorGettingDetailedReport"/>
        </cc:async-mediation>
        <cc:local-out id="ErrorGettingHeadcountReport" endpoint="vm://wcc/PutIntegrationMessage">
            <cc:set name="is.message.severity" value="'ERROR'"/>
            <cc:set name="is.message.summary" value="'Error retrieving headcount report. ' + context.errorMessage"/>
            <cc:set name="is.message.detail" value="context.errorMessage"/>
        </cc:local-out>
        <cc:local-out id="ErrorGettingDetailedReport" endpoint="vm://wcc/PutIntegrationMessage">
            <cc:set name="is.message.severity" value="'ERROR'"/>
            <cc:set name="is.message.summary" value="'Error retrieving Detailed report. ' + context.errorMessage"/>
            <cc:set name="is.message.detail" value="context.errorMessage"/>
        </cc:local-out>
        <cc:local-out id="ErrorCreatingDetailedRecordsFile" endpoint="vm://wcc/PutIntegrationMessage">
            <cc:set name="is.message.severity" value="'ERROR'"/>
            <cc:set name="is.message.summary" value="'Error generating Detailed Report file.'+context.errorMessage"/>
            <cc:set name="is.message.detail" value="context.errorMessage"/>
        </cc:local-out>
        <cc:local-out id="ErrorGettingParameters" endpoint="vm://wcc/PutIntegrationMessage">
            <cc:set name="is.message.severity" value="'ERROR'"/>
            <cc:set name="is.message.summary" value="'Error getting parameters.' +context.errorMessage"/>
            <cc:set name="is.message.detail" value="context.errorMessage"/>
        </cc:local-out>
        <cc:local-out id="ErrorCreatingHeadcountFile" endpoint="vm://wcc/PutIntegrationMessage">
            <cc:set name="is.message.severity" value="'ERROR'"/>
            <cc:set name="is.message.summary" value="'Error creating Headcount file.' + context.errorMessage"/>
            <cc:set name="is.message.detail" value="context.errorMessage"/>
        </cc:local-out>
        <cc:async-mediation id="GroupHeadcountBUs" routes-to="SplitByGroup">
            <cc:steps>
                <cc:xslt id="Xslt" url="INT0038A_GroupBUs.xsl"/>
            </cc:steps>
            <cc:send-error id="SendError" routes-to="ErrorGroupingHeadcountBUs"/>
        </cc:async-mediation>
        <cc:local-out id="ErrorGroupingHeadcountBUs" store-message="none" endpoint="vm://wcc/PutIntegrationMessage"><cc:set name="is.message.severity" value="'ERROR'"/><cc:set name="is.message.summary" value="'Error grouping headcount business units. ' + context.errorMessage"/><cc:set name="is.message.detail" value="context.errorMessage"/></cc:local-out>
	</cc:assembly>

</beans>