<?xml version="1.0" encoding="UTF-8"?>
<wdnm:Diagram xmlns:wdnm="http://workday.com/studio/editors/notation">
  <element href="assembly.xml#WorkdayAssembly"/>
  <visualProperties x="105" y="118">
    <element href="assembly.xml#INT6005"/>
  </visualProperties>
  <visualProperties x="112" y="164">
    <element href="assembly.xml#Call-Init"/>
  </visualProperties>
  <visualProperties x="129" y="238">
    <element href="assembly.xml#Call-GetExistingInputs"/>
  </visualProperties>
  <visualProperties x="382" y="136">
    <element href="assembly.xml#GetIntegrationSystems"/>
  </visualProperties>
  <visualProperties x="711" y="170">
    <element href="assembly.xml#AttrMapData"/>
  </visualProperties>
  <visualProperties x="301" y="153">
    <element href="assembly.xml#Init"/>
  </visualProperties>
  <visualProperties x="377" y="165">
    <element href="assembly.xml#SyncMediation"/>
  </visualProperties>
  <visualProperties x="91" y="366">
    <element href="assembly.xml#//@beans/@mixed.1/@mixed.15"/>
  </visualProperties>
  <visualProperties x="396" y="366">
    <element href="assembly.xml#Note-Error"/>
  </visualProperties>
  <visualProperties x="331" y="389">
    <element href="assembly.xml#GetExistingInputs"/>
  </visualProperties>
  <visualProperties x="905" y="179">
    <element href="assembly.xml#GetEventDocuments"/>
  </visualProperties>
  <visualProperties x="1109" y="221">
    <element href="assembly.xml#Route"/>
  </visualProperties>
  <visualProperties x="1124" y="186">
    <element href="assembly.xml#DebugData"/>
  </visualProperties>
  <visualProperties x="1262" y="245">
    <element href="assembly.xml#FileRoute"/>
  </visualProperties>
  <visualProperties x="1429" y="340">
    <element href="assembly.xml#InputToMsg"/>
  </visualProperties>
  <visualProperties x="503" y="388">
    <element href="assembly.xml#PIMInit"/>
  </visualProperties>
  <visualProperties x="355" y="753">
    <element href="assembly.xml#GetWorkersData"/>
  </visualProperties>
  <visualProperties x="341" y="880">
    <element href="assembly.xml#MainProcess"/>
  </visualProperties>
  <visualProperties>
    <element href="assembly.xml#ExistingInputs.handler"/>
  </visualProperties>
  <visualProperties>
    <element href="assembly.xml#PIMExistingInputs"/>
  </visualProperties>
  <visualProperties>
    <element href="assembly.xml#WorkersData.Handler"/>
  </visualProperties>
  <visualProperties>
    <element href="assembly.xml#PIMWorkersData"/>
  </visualProperties>
  <visualProperties>
    <element href="assembly.xml#Main.Handler"/>
  </visualProperties>
  <visualProperties>
    <element href="assembly.xml#PIMMainProcess"/>
  </visualProperties>
  <visualProperties x="763" y="784">
    <element href="assembly.xml#PagedGetSubmitPayrollInputs"/>
  </visualProperties>
  <visualProperties x="1030" y="772">
    <element href="assembly.xml#PrepExistingPIData"/>
  </visualProperties>
  <visualProperties x="791" y="1174">
    <element href="assembly.xml#PagedGet-Workers"/>
  </visualProperties>
  <visualProperties x="998" y="1162">
    <element href="assembly.xml#PrepWorkerOverrideData"/>
  </visualProperties>
  <visualProperties>
    <element href="assembly.xml#GetPeriodSchedule"/>
  </visualProperties>
  <visualProperties>
    <element href="assembly.xml#WSCall"/>
  </visualProperties>
  <visualProperties>
    <element href="assembly.xml#GetPeriodSchedule_ErrorMessage"/>
  </visualProperties>
  <visualProperties>
    <element href="assembly.xml#GetPeriodSchedules"/>
  </visualProperties>
  <visualProperties>
    <element href="assembly.xml#PrepPeriodSchedules"/>
  </visualProperties>
  <visualProperties x="235" y="1971">
    <element href="assembly.xml#Stacker.Route"/>
  </visualProperties>
  <visualProperties>
    <element href="assembly.xml#Ded.Codes"/>
  </visualProperties>
  <visualProperties>
    <element href="assembly.xml#Existing.Input.Data"/>
  </visualProperties>
  <visualProperties>
    <element href="assembly.xml#Workder.data"/>
  </visualProperties>
  <visualProperties>
    <element href="assembly.xml#PeriodSchedData"/>
  </visualProperties>
  <visualProperties>
    <element href="assembly.xml#File.Input.Data"/>
  </visualProperties>
  <visualProperties>
    <element href="assembly.xml#FileInputsAggregator"/>
  </visualProperties>
  <visualProperties x="2698" y="1976">
    <element href="assembly.xml#Log.MasterStack"/>
  </visualProperties>
  <visualProperties x="1229" y="2112">
    <element href="assembly.xml#Master.Process"/>
  </visualProperties>
  <visualProperties x="119" y="291">
    <element href="assembly.xml#Call-GetWorkersData"/>
  </visualProperties>
  <visualProperties x="143" y="371">
    <element href="assembly.xml#Call-GetPeriodSchedule"/>
  </visualProperties>
  <visualProperties x="106" y="439">
    <element href="assembly.xml#Call-MainProcess"/>
  </visualProperties>
  <visualProperties x="1578" y="2132">
    <element href="assembly.xml#PIMMaster.Process"/>
  </visualProperties>
  <visualProperties>
    <element href="assembly.xml#WrapWS"/>
  </visualProperties>
  <visualProperties>
    <element href="assembly.xml#ImportWS"/>
  </visualProperties>
  <visualProperties>
    <element href="assembly.xml#ImportProcDetails"/>
  </visualProperties>
  <visualProperties>
    <element href="assembly.xml#ImportDetailsError"/>
  </visualProperties>
  <visualProperties>
    <element href="assembly.xml#Store.errored.call"/>
  </visualProperties>
  <visualProperties>
    <element href="assembly.xml#CloseResponsesAggregator"/>
  </visualProperties>
  <visualProperties>
    <element href="assembly.xml#ImportResponsesAggregator"/>
  </visualProperties>
  <visualProperties>
    <element href="assembly.xml#StoreImportProcDetails"/>
  </visualProperties>
  <visualProperties>
    <element href="assembly.xml#PIMStoreError"/>
  </visualProperties>
  <visualProperties>
    <element href="assembly.xml#ImportDetailsPosted"/>
  </visualProperties>
  <visualProperties x="1774" y="2640">
    <element href="assembly.xml#ImportWSSplitter"/>
  </visualProperties>
  <visualProperties x="323" y="2591">
    <element href="assembly.xml#ProcessImports"/>
  </visualProperties>
  <visualProperties>
    <element href="assembly.xml#ProcessImports.Handler"/>
  </visualProperties>
  <visualProperties>
    <element href="assembly.xml#PIMProcessImports"/>
  </visualProperties>
  <visualProperties x="420" y="2620">
    <element href="assembly.xml#Call-CloseResponsesAggregator"/>
  </visualProperties>
  <visualProperties x="125" y="514">
    <element href="assembly.xml#Call-ProcessImports"/>
  </visualProperties>
  <visualProperties x="87" y="3076">
    <element href="assembly.xml#INT6005-Audit"/>
  </visualProperties>
  <visualProperties x="99" y="3123">
    <element href="assembly.xml#Call-ProcessAudit"/>
  </visualProperties>
  <visualProperties>
    <element href="assembly.xml#AuditInit"/>
  </visualProperties>
  <visualProperties>
    <element href="assembly.xml#PIMAuditError"/>
  </visualProperties>
  <visualProperties>
    <element href="assembly.xml#Get.batch.details.file"/>
  </visualProperties>
  <visualProperties>
    <element href="assembly.xml#SplitByBatch"/>
  </visualProperties>
  <visualProperties>
    <element href="assembly.xml#PrepareImportMsgWS"/>
  </visualProperties>
  <visualProperties>
    <element href="assembly.xml#PIMImportMsgError"/>
  </visualProperties>
  <visualProperties>
    <element href="assembly.xml#GetImportProcMsgs"/>
  </visualProperties>
  <visualProperties>
    <element href="assembly.xml#MsgStacker"/>
  </visualProperties>
  <visualProperties>
    <element href="assembly.xml#StackAllCalls"/>
  </visualProperties>
  <visualProperties>
    <element href="assembly.xml#Aggregator0"/>
  </visualProperties>
  <visualProperties>
    <element href="assembly.xml#CreateAuditLogReport"/>
  </visualProperties>
  <visualProperties>
    <element href="assembly.xml#WriteFinalLog"/>
  </visualProperties>
  <visualProperties x="828" y="3200">
    <element href="assembly.xml#Audit.handler"/>
  </visualProperties>
  <visualProperties x="2303" y="2745">
    <element href="assembly.xml#PIMIntegrationInError"/>
  </visualProperties>
  <visualProperties x="2767" y="3216">
    <element href="assembly.xml#Route0"/>
  </visualProperties>
  <visualProperties x="2848" y="3150">
    <element href="assembly.xml#input.log"/>
  </visualProperties>
  <visualProperties x="2848" y="3272">
    <element href="assembly.xml#Aggregator"/>
  </visualProperties>
  <visualProperties x="2133" y="3213">
    <element href="assembly.xml#Aggregator1"/>
  </visualProperties>
  <visualProperties x="2598" y="3228">
    <element href="assembly.xml#Close-Log-Agg"/>
  </visualProperties>
  <visualProperties x="771" y="3164">
    <element href="assembly.xml#Call-Close-Log-Agg"/>
  </visualProperties>
  <visualProperties x="1512" y="3200">
    <element href="assembly.xml#get.da.files"/>
  </visualProperties>
  <visualProperties x="2796" y="2492">
    <element href="assembly.xml#PIMInputLog"/>
  </visualProperties>
  <visualProperties x="268" y="428">
    <element href="assembly.xml#FinalStore"/>
  </visualProperties>
  <visualProperties x="255" y="817">
    <element href="assembly.xml#StoreLog"/>
  </visualProperties>
  <visualProperties x="2030" y="2150">
    <element href="assembly.xml#LogError"/>
  </visualProperties>
  <visualProperties x="1058" y="3212">
    <element href="assembly.xml#PIMNoFileWarning"/>
  </visualProperties>
  <visualProperties x="1058" y="3261">
    <element href="assembly.xml#Abort"/>
  </visualProperties>
  <visualProperties x="1774" y="249">
    <element href="assembly.xml#CheckForDetailsRecs"/>
  </visualProperties>
  <visualProperties x="2002" y="381">
    <element href="assembly.xml#PIMNoDetailRecs"/>
  </visualProperties>
  <visualProperties x="2203" y="381">
    <element href="assembly.xml#AbortNoDtlRecs"/>
  </visualProperties>
  <visualProperties x="2429" y="381">
    <element href="assembly.xml#PIMInputFile"/>
  </visualProperties>
  <visualProperties x="1563" y="345">
    <element href="assembly.xml#CheckForFile"/>
  </visualProperties>
  <visualProperties x="1585" y="369">
    <element href="assembly.xml#PIMNoFile"/>
  </visualProperties>
  <visualProperties x="1585" y="402">
    <element href="assembly.xml#AbortNoFile"/>
  </visualProperties>
  <connections type="routesResponseTo" sourceAnchorX="1.0" sourceAnchorY="0.40540540540540543" targetAnchorX="0.12626262626262627" targetAnchorY="0.24">
    <source href="assembly.xml#GetIntegrationSystems"/>
    <target href="assembly.xml#AttrMapData"/>
  </connections>
  <connections type="routesTo" sourceAnchorX="1.0" sourceAnchorY="0.6216216216216216" targetAnchorX="0.14049586776859505" targetAnchorY="0.35135135135135137">
    <source href="assembly.xml#Init"/>
    <target href="assembly.xml#SyncMediation"/>
  </connections>
  <connections type="routesTo" sourceAnchorX="1.0" sourceAnchorY="0.11486486486486487" targetAnchorX="0.06593406593406594" targetAnchorY="0.24324324324324326">
    <source href="assembly.xml#SyncMediation"/>
    <target href="assembly.xml#GetIntegrationSystems"/>
  </connections>
  <connections type="routesTo" sourceAnchorX="0.7614678899082569" sourceAnchorY="1.0" targetAnchorX="0.1527777777777778" targetAnchorY="0.43243243243243246">
    <source href="assembly.xml#INT6005"/>
    <target href="assembly.xml#Call-Init"/>
  </connections>
  <connections type="routesTo" sourceAnchorX="0.9669421487603306" sourceAnchorY="0.43243243243243246" targetAnchorX="0.1968503937007874" targetAnchorY="0.2608695652173913">
    <source href="assembly.xml#//@beans/@mixed.1/@mixed.15"/>
    <target href="assembly.xml#StoreLog"/>
  </connections>
  <connections type="routesTo" sourceAnchorX="1.0" sourceAnchorY="0.3191489361702128" targetAnchorX="0.37383177570093457" targetAnchorY="0.1464968152866242">
    <source href="assembly.xml#AttrMapData"/>
    <target href="assembly.xml#Route"/>
  </connections>
  <connections type="routesTo" sourceAnchorX="1.0" sourceAnchorY="0.5588235294117647" targetAnchorX="0.047058823529411764" targetAnchorY="0.05405405405405406">
    <source href="assembly.xml#//@beans/@mixed.1/@route.0/@subRoute.0"/>
    <target href="assembly.xml#GetEventDocuments"/>
  </connections>
  <connections type="routesTo" sourceAnchorX="1.0" sourceAnchorY="0.8235294117647058" targetAnchorX="0.10476190476190476">
    <source href="assembly.xml#//@beans/@mixed.1/@route.0/@subRoute.1"/>
    <target href="assembly.xml#DebugData"/>
  </connections>
  <connections type="routesResponseTo" sourceAnchorX="1.0" sourceAnchorY="0.32432432432432434" targetAnchorX="0.008064516129032258" targetAnchorY="0.11811023622047244">
    <source href="assembly.xml#GetEventDocuments"/>
    <target href="assembly.xml#CheckForFile"/>
  </connections>
  <connections type="routesTo" sourceAnchorX="1.0" sourceAnchorY="0.5588235294117647" targetAnchorX="0.08571428571428572" targetAnchorY="0.29347826086956524">
    <source href="assembly.xml#//@beans/@mixed.1/@route.1/@subRoute.0"/>
    <target href="assembly.xml#InputToMsg"/>
  </connections>
  <connections type="routesTo" sourceAnchorX="1.0" sourceAnchorY="0.23404255319148937" targetAnchorX="0.3188405797101449" targetAnchorY="0.9787234042553191">
    <source href="assembly.xml#DebugData"/>
    <target href="assembly.xml#InputToMsg"/>
    <bendpoints sourceX="325" sourceY="-1" targetX="1" targetY="208"/>
  </connections>
  <connections type="routesTo" sourceAnchorX="0.6491228070175439" sourceAnchorY="1.0" targetAnchorX="0.3118279569892473" targetAnchorY="0.32432432432432434">
    <source href="assembly.xml#//@beans/@mixed.1/@mixed.13/@mixed.5"/>
    <target href="assembly.xml#PIMInit"/>
  </connections>
  <connections type="routesTo" sourceAnchorX="0.5346534653465347" sourceAnchorY="1.0" targetAnchorX="0.7311827956989247" targetAnchorY="0.2702702702702703">
    <source href="assembly.xml#//@beans/@mixed.1/@mixed.9/@mixed.3"/>
    <target href="assembly.xml#PIMInit"/>
  </connections>
  <connections type="routesTo" sourceAnchorX="0.6491228070175439" sourceAnchorY="1.0" targetAnchorX="0.3118279569892473" targetAnchorY="0.32432432432432434">
    <source href="assembly.xml#//@beans/@mixed.1/@mixed.39/@mixed.5"/>
    <target href="assembly.xml#PIMExistingInputs"/>
  </connections>
  <connections type="routesTo" sourceAnchorX="0.6491228070175439" sourceAnchorY="1.0" targetAnchorX="0.3118279569892473" targetAnchorY="0.32432432432432434">
    <source href="assembly.xml#//@beans/@mixed.1/@mixed.43/@mixed.5"/>
    <target href="assembly.xml#PIMWorkersData"/>
  </connections>
  <connections type="routesTo" sourceAnchorX="0.6491228070175439" sourceAnchorY="1.0" targetAnchorX="0.3118279569892473" targetAnchorY="0.32432432432432434">
    <source href="assembly.xml#//@beans/@mixed.1/@mixed.47/@mixed.5"/>
    <target href="assembly.xml#PIMMainProcess"/>
  </connections>
  <connections type="routesTo" sourceAnchorX="1.0" sourceAnchorY="0.5675675675675675" targetAnchorX="0.21875" targetAnchorY="0.11049723756906077">
    <source href="assembly.xml#GetExistingInputs"/>
    <target href="assembly.xml#ExistingInputs.handler"/>
  </connections>
  <connections type="routesTo" sourceAnchorX="1.0" sourceAnchorY="0.43243243243243246" targetAnchorX="0.09375" targetAnchorY="0.09944751381215469">
    <source href="assembly.xml#GetWorkersData"/>
    <target href="assembly.xml#WorkersData.Handler"/>
  </connections>
  <connections type="routesTo" sourceAnchorX="1.0" sourceAnchorY="0.09836065573770492" targetAnchorX="0.036036036036036036" targetAnchorY="0.3783783783783784">
    <source href="assembly.xml#ExistingInputs.handler"/>
    <target href="assembly.xml#PagedGetSubmitPayrollInputs"/>
  </connections>
  <connections type="routesResponseTo" sourceAnchorX="1.0" sourceAnchorY="0.40540540540540543" targetAnchorX="0.3228346456692913" targetAnchorY="0.45652173913043476">
    <source href="assembly.xml#PagedGetSubmitPayrollInputs"/>
    <target href="assembly.xml#PrepExistingPIData"/>
  </connections>
  <connections type="routesTo" sourceAnchorX="1.0" sourceAnchorY="0.07103825136612021" targetAnchorX="0.3188405797101449" targetAnchorY="0.2972972972972973">
    <source href="assembly.xml#WorkersData.Handler"/>
    <target href="assembly.xml#PagedGet-Workers"/>
  </connections>
  <connections type="routesResponseTo" sourceAnchorX="1.0" sourceAnchorY="0.43243243243243246" targetAnchorX="0.25984251968503935" targetAnchorY="0.45652173913043476">
    <source href="assembly.xml#PagedGet-Workers"/>
    <target href="assembly.xml#PrepWorkerOverrideData"/>
  </connections>
  <connections type="routesTo" sourceAnchorX="0.7276995305164319" sourceAnchorY="1.0" targetAnchorX="0.3137254901960784" targetAnchorY="0.35135135135135137">
    <source href="assembly.xml#GetPeriodSchedule"/>
    <target href="assembly.xml#WSCall"/>
  </connections>
  <connections type="routesTo" sourceAnchorX="1.0" sourceAnchorY="0.175" targetAnchorX="0.27927927927927926" targetAnchorY="0.40540540540540543">
    <source href="assembly.xml#WSCall"/>
    <target href="assembly.xml#GetPeriodSchedules"/>
  </connections>
  <connections type="routesTo" sourceAnchorX="0.6906474820143885" sourceAnchorY="1.0" targetAnchorX="0.1606425702811245" targetAnchorY="0.5405405405405406">
    <source href="assembly.xml#//@beans/@mixed.1/@mixed.63/@mixed.5"/>
    <target href="assembly.xml#GetPeriodSchedule_ErrorMessage"/>
  </connections>
  <connections type="routesResponseTo" sourceAnchorX="0.8888888888888888" sourceAnchorY="1.0" targetAnchorX="0.8382352941176471" targetAnchorY="0.8478260869565217">
    <source href="assembly.xml#GetPeriodSchedules"/>
    <target href="assembly.xml#PrepPeriodSchedules"/>
  </connections>
  <connections type="routesTo" sourceAnchorX="1.0" sourceAnchorY="0.6176470588235294" targetAnchorX="0.06716417910447761" targetAnchorY="0.3695652173913043">
    <source href="assembly.xml#//@beans/@mixed.1/@route.2/@subRoute.0"/>
    <target href="assembly.xml#Ded.Codes"/>
  </connections>
  <connections type="routesTo" sourceAnchorX="1.0" sourceAnchorY="0.5294117647058824" targetAnchorX="0.11920529801324503" targetAnchorY="0.20652173913043478">
    <source href="assembly.xml#//@beans/@mixed.1/@route.2/@subRoute.1"/>
    <target href="assembly.xml#Existing.Input.Data"/>
  </connections>
  <connections type="routesTo" sourceAnchorX="0.9493670886075949" sourceAnchorY="0.35294117647058826" targetAnchorX="0.3875968992248062" targetAnchorY="0.44565217391304346">
    <source href="assembly.xml#//@beans/@mixed.1/@route.2/@subRoute.2"/>
    <target href="assembly.xml#Workder.data"/>
  </connections>
  <connections type="routesTo" sourceAnchorX="1.0" sourceAnchorY="0.47058823529411764" targetAnchorX="0.3543307086614173" targetAnchorY="0.5760869565217391">
    <source href="assembly.xml#//@beans/@mixed.1/@route.2/@subRoute.3"/>
    <target href="assembly.xml#PeriodSchedData"/>
  </connections>
  <connections type="routesTo" sourceAnchorX="0.8728813559322034" sourceAnchorY="0.47058823529411764" targetAnchorX="0.1111111111111111" targetAnchorY="0.3125">
    <source href="assembly.xml#//@beans/@mixed.1/@route.2/@subRoute.4"/>
    <target href="assembly.xml#File.Input.Data"/>
  </connections>
  <connections type="routesTo" sourceAnchorX="1.0" sourceAnchorY="0.7027027027027027" targetAnchorX="0.1826086956521739" targetAnchorY="0.13259668508287292">
    <source href="assembly.xml#MainProcess"/>
    <target href="assembly.xml#Main.Handler"/>
  </connections>
  <connections type="routesTo" sourceAnchorX="1.0" sourceAnchorY="0.11049723756906077" targetAnchorX="0.37142857142857144" targetAnchorY="0.046357615894039736">
    <source href="assembly.xml#Main.Handler"/>
    <target href="assembly.xml#Stacker.Route"/>
  </connections>
  <connections type="routesTo" sourceAnchorX="1.0" sourceAnchorY="0.2358490566037736" targetAnchorX="0.2788844621513944" targetAnchorY="0.22916666666666666">
    <source href="assembly.xml#FileInputsAggregator"/>
    <target href="assembly.xml#Log.MasterStack"/>
  </connections>
  <connections type="routesTo" sourceAnchorX="1.0" sourceAnchorY="0.11702127659574468" targetAnchorX="0.14102564102564102" targetAnchorY="0.1792452830188679">
    <source href="assembly.xml#Ded.Codes"/>
    <target href="assembly.xml#FileInputsAggregator"/>
  </connections>
  <connections type="routesTo" sourceAnchorX="1.0" sourceAnchorY="0.20212765957446807" targetAnchorX="0.08333333333333333" targetAnchorY="0.33962264150943394">
    <source href="assembly.xml#Existing.Input.Data"/>
    <target href="assembly.xml#FileInputsAggregator"/>
  </connections>
  <connections type="routesTo" sourceAnchorX="1.0" sourceAnchorY="0.14893617021276595" targetAnchorX="0.1346153846153846" targetAnchorY="0.3584905660377358">
    <source href="assembly.xml#Workder.data"/>
    <target href="assembly.xml#FileInputsAggregator"/>
  </connections>
  <connections type="routesTo" sourceAnchorX="1.0" sourceAnchorY="0.11702127659574468" targetAnchorX="0.03205128205128205" targetAnchorY="0.5283018867924528">
    <source href="assembly.xml#PeriodSchedData"/>
    <target href="assembly.xml#FileInputsAggregator"/>
  </connections>
  <connections type="routesTo" sourceAnchorX="1.0" sourceAnchorY="0.14893617021276595" targetAnchorX="0.038461538461538464" targetAnchorY="0.6981132075471698">
    <source href="assembly.xml#File.Input.Data"/>
    <target href="assembly.xml#FileInputsAggregator"/>
  </connections>
  <connections type="routesResponseTo" sourceAnchorX="0.5972222222222222" sourceAnchorY="1.0" targetAnchorX="0.23178807947019867" targetAnchorY="0.35135135135135137">
    <source href="assembly.xml#Call-GetWorkersData"/>
    <target href="assembly.xml#Call-GetPeriodSchedule"/>
  </connections>
  <connections type="routesTo" sourceAnchorX="0.7642857142857142" sourceAnchorY="1.0" targetAnchorX="0.17117117117117117" targetAnchorY="0.4251968503937008">
    <source href="assembly.xml#//@beans/@mixed.1/@splitter.0/@subRoute.0"/>
    <target href="assembly.xml#WrapWS"/>
  </connections>
  <connections type="routesTo" sourceAnchorX="0.7191780821917808" sourceAnchorY="1.0" targetAnchorX="0.13068181818181818" targetAnchorY="0.4864864864864865">
    <source href="assembly.xml#//@beans/@mixed.1/@mixed.113/@mixed.3"/>
    <target href="assembly.xml#ImportDetailsError"/>
  </connections>
  <connections type="routesResponseTo" sourceAnchorX="1.0" sourceAnchorY="0.40540540540540543" targetAnchorX="0.425531914893617" targetAnchorY="0.464">
    <source href="assembly.xml#ImportWS"/>
    <target href="assembly.xml#ImportProcDetails"/>
  </connections>
  <connections type="routesTo" sourceAnchorX="0.9078014184397163" sourceAnchorY="0.448" targetAnchorX="0.08588957055214724" targetAnchorY="0.5283018867924528">
    <source href="assembly.xml#ImportProcDetails"/>
    <target href="assembly.xml#ImportResponsesAggregator"/>
  </connections>
  <connections type="routesTo" sourceAnchorX="0.32038834951456313" sourceAnchorY="1.0" targetAnchorX="0.6647727272727273" targetAnchorY="0.6756756756756757">
    <source href="assembly.xml#//@beans/@mixed.1/@mixed.109/@mixed.3"/>
    <target href="assembly.xml#ImportDetailsError"/>
  </connections>
  <connections type="routesResponseTo" sourceAnchorX="0.4943181818181818" sourceAnchorY="1.0" targetAnchorX="0.4935064935064935" targetAnchorY="0.2826086956521739">
    <source href="assembly.xml#ImportDetailsError"/>
    <target href="assembly.xml#Store.errored.call"/>
  </connections>
  <connections type="routesTo" sourceAnchorX="0.5055555555555555" sourceAnchorY="0.5945945945945946" targetAnchorX="0.43558282208588955" targetAnchorY="0.12264150943396226">
    <source href="assembly.xml#CloseResponsesAggregator"/>
    <target href="assembly.xml#ImportResponsesAggregator"/>
  </connections>
  <connections type="routesTo" sourceAnchorX="1.0" sourceAnchorY="0.5566037735849056" targetAnchorX="0.18823529411764706" targetAnchorY="0.472">
    <source href="assembly.xml#ImportResponsesAggregator"/>
    <target href="assembly.xml#StoreImportProcDetails"/>
  </connections>
  <connections type="routesTo" sourceAnchorX="0.8176470588235294" sourceAnchorY="0.456" targetAnchorX="0.2" targetAnchorY="0.40540540540540543">
    <source href="assembly.xml#StoreImportProcDetails"/>
    <target href="assembly.xml#ImportDetailsPosted"/>
  </connections>
  <connections type="routesTo" sourceAnchorX="0.6809815950920245" sourceAnchorY="1.0" targetAnchorX="0.2826086956521739" targetAnchorY="0.2702702702702703">
    <source href="assembly.xml#//@beans/@mixed.1/@mixed.99/@mixed.3"/>
    <target href="assembly.xml#PIMStoreError"/>
  </connections>
  <connections type="routesTo" sourceAnchorX="0.6491228070175439" sourceAnchorY="1.0" targetAnchorX="0.3118279569892473" targetAnchorY="0.32432432432432434">
    <source href="assembly.xml#//@beans/@mixed.1/@mixed.119/@mixed.5"/>
    <target href="assembly.xml#PIMProcessImports"/>
  </connections>
  <connections type="routesTo" sourceAnchorX="1.0" sourceAnchorY="0.5675675675675675" targetAnchorX="0.30327868852459017" targetAnchorY="0.16574585635359115">
    <source href="assembly.xml#ProcessImports"/>
    <target href="assembly.xml#ProcessImports.Handler"/>
  </connections>
  <connections type="routesTo" sourceAnchorX="1.0" sourceAnchorY="0.06629834254143646" targetAnchorX="0.34328358208955223" targetAnchorY="0.11038961038961038">
    <source href="assembly.xml#ProcessImports.Handler"/>
    <target href="assembly.xml#ImportWSSplitter"/>
  </connections>
  <connections type="routesTo" sourceAnchorX="1.0" sourceAnchorY="0.224" targetAnchorX="0.21621621621621623" targetAnchorY="0.43243243243243246">
    <source href="assembly.xml#WrapWS"/>
    <target href="assembly.xml#ImportWS"/>
  </connections>
  <connections type="routesResponseTo" sourceAnchorX="0.0" sourceAnchorY="0.6174863387978142" targetAnchorX="0.8298755186721992" targetAnchorY="0.5135135135135135">
    <source href="assembly.xml#ProcessImports.Handler"/>
    <target href="assembly.xml#Call-CloseResponsesAggregator"/>
  </connections>
  <connections type="routesTo" sourceAnchorX="0.7380952380952381" sourceAnchorY="1.0" targetAnchorX="0.1388888888888889" targetAnchorY="0.40540540540540543">
    <source href="assembly.xml#INT6005-Audit"/>
    <target href="assembly.xml#Call-ProcessAudit"/>
  </connections>
  <connections type="routesTo" sourceAnchorX="1.0" sourceAnchorY="0.6176470588235294" targetAnchorX="0.28125" targetAnchorY="0.07446808510638298">
    <source href="assembly.xml#//@beans/@mixed.1/@splitter.1/@subRoute.0"/>
    <target href="assembly.xml#PrepareImportMsgWS"/>
  </connections>
  <connections type="routesTo" sourceAnchorX="1.0" sourceAnchorY="0.18604651162790697" targetAnchorX="0.16279069767441862" targetAnchorY="0.32432432432432434">
    <source href="assembly.xml#PrepareImportMsgWS"/>
    <target href="assembly.xml#GetImportProcMsgs"/>
  </connections>
  <connections type="routesTo" sourceAnchorX="0.6340425531914894" sourceAnchorY="1.0" targetAnchorX="0.3028169014084507" targetAnchorY="0.3783783783783784">
    <source href="assembly.xml#//@beans/@mixed.1/@mixed.143/@mixed.3"/>
    <target href="assembly.xml#PIMImportMsgError"/>
  </connections>
  <connections type="routesResponseTo" sourceAnchorX="0.8373493975903614" sourceAnchorY="1.0" targetAnchorX="0.17341040462427745" targetAnchorY="0.418848167539267">
    <source href="assembly.xml#GetImportProcMsgs"/>
    <target href="assembly.xml#MsgStacker"/>
  </connections>
  <connections type="routesTo" sourceAnchorX="1.0" sourceAnchorY="0.7647058823529411" targetAnchorX="0.6567164179104478" targetAnchorY="0.5760869565217391">
    <source href="assembly.xml#//@beans/@mixed.1/@route.3/@subRoute.1"/>
    <target href="assembly.xml#StackAllCalls"/>
  </connections>
  <connections type="routesTo" sourceAnchorX="1.0" sourceAnchorY="0.2391304347826087" targetAnchorX="0.1568627450980392" targetAnchorY="0.16037735849056603">
    <source href="assembly.xml#StackAllCalls"/>
    <target href="assembly.xml#Aggregator0"/>
  </connections>
  <connections type="routesTo" sourceAnchorX="1.0" sourceAnchorY="0.09433962264150944" targetAnchorX="0.34328358208955223" targetAnchorY="0.44565217391304346">
    <source href="assembly.xml#Aggregator0"/>
    <target href="assembly.xml#CreateAuditLogReport"/>
  </connections>
  <connections type="routesTo" sourceAnchorX="0.9140625" sourceAnchorY="0.38" targetAnchorX="0.11864406779661017" targetAnchorY="0.35135135135135137">
    <source href="assembly.xml#Audit.handler"/>
    <target href="assembly.xml#Get.batch.details.file"/>
  </connections>
  <connections type="routesTo" sourceAnchorX="0.7520661157024794" sourceAnchorY="1.0" targetAnchorX="0.24431818181818182" targetAnchorY="0.4864864864864865">
    <source href="assembly.xml#//@beans/@mixed.1/@mixed.153/@mixed.5"/>
    <target href="assembly.xml#PIMAuditError"/>
  </connections>
  <connections type="routesResponseTo" sourceAnchorX="1.0" sourceAnchorY="0.4594594594594595" targetAnchorX="0.1640625" targetAnchorY="0.36">
    <source href="assembly.xml#Get.batch.details.file"/>
    <target href="assembly.xml#get.da.files"/>
  </connections>
  <connections type="routesTo" sourceAnchorX="1.0" sourceAnchorY="0.918918918918919" targetAnchorX="0.20175438596491227" targetAnchorY="0.16022099447513813">
    <source href="assembly.xml#AuditInit"/>
    <target href="assembly.xml#Audit.handler"/>
  </connections>
  <connections type="routesTo" sourceAnchorX="1.0" sourceAnchorY="0.2553191489361702" targetAnchorX="0.42483660130718953" targetAnchorY="0.42452830188679247">
    <source href="assembly.xml#CreateAuditLogReport"/>
    <target href="assembly.xml#Aggregator1"/>
  </connections>
  <connections type="routesTo" sourceAnchorX="1.0" sourceAnchorY="0.8823529411764706" targetAnchorX="0.12686567164179105" targetAnchorY="0.7282608695652174">
    <source href="assembly.xml#//@beans/@mixed.1/@route.4/@subRoute.1"/>
    <target href="assembly.xml#input.log"/>
  </connections>
  <connections type="routesTo" sourceAnchorX="1.0" sourceAnchorY="0.1956521739130435" targetAnchorX="0.1503267973856209" targetAnchorY="0.6226415094339622">
    <source href="assembly.xml#input.log"/>
    <target href="assembly.xml#Aggregator"/>
  </connections>
  <connections type="routesTo" sourceAnchorX="1.0" sourceAnchorY="0.3018867924528302" targetAnchorX="0.3333333333333333" targetAnchorY="0.21929824561403508">
    <source href="assembly.xml#Aggregator1"/>
    <target href="assembly.xml#Route0"/>
  </connections>
  <connections type="routesTo" sourceAnchorX="0.7540983606557377" sourceAnchorY="1.0" targetAnchorX="0.39215686274509803" targetAnchorY="0.8490566037735849">
    <source href="assembly.xml#Close-Log-Agg"/>
    <target href="assembly.xml#Aggregator1"/>
  </connections>
  <connections type="routesTo" sourceAnchorX="1.0" sourceAnchorY="0.2" targetAnchorX="0.41818181818181815" targetAnchorY="0.16883116883116883">
    <source href="assembly.xml#get.da.files"/>
    <target href="assembly.xml#SplitByBatch"/>
  </connections>
  <connections type="routesResponseTo" sourceAnchorX="0.046875" sourceAnchorY="0.7533333333333333" targetAnchorX="0.7083333333333334" targetAnchorY="0.32432432432432434">
    <source href="assembly.xml#get.da.files"/>
    <target href="assembly.xml#Call-Close-Log-Agg"/>
  </connections>
  <connections type="routesTo" sourceAnchorX="1.0" sourceAnchorY="0.27358490566037735" targetAnchorX="0.330188679245283" targetAnchorY="0.3723404255319149">
    <source href="assembly.xml#Aggregator"/>
    <target href="assembly.xml#WriteFinalLog"/>
  </connections>
  <connections type="routesTo" sourceAnchorX="1.0" sourceAnchorY="0.216" targetAnchorX="0.11956521739130435" targetAnchorY="0.7297297297297297">
    <source href="assembly.xml#Master.Process"/>
    <target href="assembly.xml#PIMInputLog"/>
  </connections>
  <connections type="routesTo" sourceAnchorX="1.0" sourceAnchorY="0.6764705882352942" targetAnchorX="0.20915032679738563" targetAnchorY="0.24528301886792453">
    <source href="assembly.xml#//@beans/@mixed.1/@route.4/@subRoute.0"/>
    <target href="assembly.xml#Aggregator"/>
  </connections>
  <connections type="routesTo" sourceAnchorX="1.0" sourceAnchorY="0.5882352941176471" targetAnchorX="0.08496732026143791" targetAnchorY="0.16981132075471697">
    <source href="assembly.xml#//@beans/@mixed.1/@route.3/@subRoute.0"/>
    <target href="assembly.xml#Aggregator0"/>
  </connections>
  <connections type="routesResponseTo" sourceAnchorX="0.5789473684210527" sourceAnchorY="1.0" targetAnchorX="0.22388059701492538" targetAnchorY="0.2717391304347826">
    <source href="assembly.xml#Call-ProcessImports"/>
    <target href="assembly.xml#FinalStore"/>
  </connections>
  <connections type="routesTo" sourceAnchorX="1.0" sourceAnchorY="0.2978723404255319" targetAnchorX="0.1744186046511628" targetAnchorY="0.3783783783783784">
    <source href="assembly.xml#WriteFinalLog"/>
    <target href="assembly.xml#PIMIntegrationInError"/>
  </connections>
  <connections type="routesResponseTo" sourceAnchorX="0.5959595959595959" sourceAnchorY="1.0" targetAnchorX="0.1340782122905028" targetAnchorY="0.10810810810810811">
    <source href="assembly.xml#Call-Init"/>
    <target href="assembly.xml#Call-GetExistingInputs"/>
  </connections>
  <connections type="routesResponseTo" sourceAnchorX="0.6256983240223464" sourceAnchorY="1.0" targetAnchorX="0.27586206896551724" targetAnchorY="0.05405405405405406">
    <source href="assembly.xml#Call-GetExistingInputs"/>
    <target href="assembly.xml#Call-GetWorkersData"/>
  </connections>
  <connections type="routesResponseTo" sourceAnchorX="0.6894736842105263" sourceAnchorY="1.0" targetAnchorX="0.3225806451612903" targetAnchorY="0.08108108108108109">
    <source href="assembly.xml#Call-GetPeriodSchedule"/>
    <target href="assembly.xml#Call-MainProcess"/>
  </connections>
  <connections type="routesTo" sourceAnchorX="1.0" sourceAnchorY="0.2553191489361702" targetAnchorX="0.026595744680851064" targetAnchorY="0.504">
    <source href="assembly.xml#Log.MasterStack"/>
    <target href="assembly.xml#Master.Process"/>
  </connections>
  <connections type="routesResponseTo" sourceAnchorX="0.7483870967741936" sourceAnchorY="1.0" targetAnchorX="0.3391812865497076" targetAnchorY="0.02702702702702703">
    <source href="assembly.xml#Call-MainProcess"/>
    <target href="assembly.xml#Call-ProcessImports"/>
  </connections>
  <connections type="routesTo" sourceAnchorX="1.0" sourceAnchorY="0.22826086956521738" targetAnchorX="0.21052631578947367" targetAnchorY="0.4594594594594595">
    <source href="assembly.xml#StoreLog"/>
    <target href="assembly.xml#Note-Error"/>
  </connections>
  <connections type="routesTo" sourceAnchorX="0.5105263157894737" sourceAnchorY="1.0" targetAnchorX="0.2603550295857988" targetAnchorY="0.6216216216216216">
    <source href="assembly.xml#//@beans/@mixed.1/@mixed.169/@mixed.5"/>
    <target href="assembly.xml#PIMNoFileWarning"/>
  </connections>
  <connections type="routesResponseTo" sourceAnchorX="0.5911949685534591" sourceAnchorY="1.0" targetAnchorX="0.30708661417322836" targetAnchorY="0.29347826086956524">
    <source href="assembly.xml#PIMNoFileWarning"/>
    <target href="assembly.xml#Abort"/>
  </connections>
  <connections type="routesTo" sourceAnchorX="0.21703296703296704" sourceAnchorY="1.0" targetAnchorX="0.1728395061728395" targetAnchorY="0.3783783783783784">
    <source href="assembly.xml#//@beans/@mixed.1/@mixed.83/@mixed.3"/>
    <target href="assembly.xml#PIMMaster.Process"/>
  </connections>
  <connections type="routesResponseTo" sourceAnchorX="0.6172839506172839" sourceAnchorY="1.0" targetAnchorX="0.145985401459854" targetAnchorY="0.20212765957446807">
    <source href="assembly.xml#PIMMaster.Process"/>
    <target href="assembly.xml#LogError"/>
  </connections>
  <connections type="routesTo" sourceAnchorX="1.0" sourceAnchorY="0.3645833333333333" targetAnchorX="0.0" targetAnchorY="0.5217391304347826">
    <source href="assembly.xml#InputToMsg"/>
    <target href="assembly.xml#CheckForDetailsRecs"/>
  </connections>
  <connections type="routesTo" sourceAnchorX="0.8603351955307262" sourceAnchorY="1.0" targetAnchorX="0.10152284263959391" targetAnchorY="0.7837837837837838">
    <source href="assembly.xml#//@beans/@mixed.1/@mixed.183/@mixed.3"/>
    <target href="assembly.xml#PIMNoDetailRecs"/>
  </connections>
  <connections type="routesResponseTo" sourceAnchorX="1.0" sourceAnchorY="0.40540540540540543" targetAnchorX="0.005649717514124294" targetAnchorY="0.33070866141732286">
    <source href="assembly.xml#PIMNoDetailRecs"/>
    <target href="assembly.xml#AbortNoDtlRecs"/>
  </connections>
  <connections type="routesTo" sourceAnchorX="0.8292682926829268" sourceAnchorY="1.0" targetAnchorX="0.7102803738317757" targetAnchorY="0.02702702702702703">
    <source href="assembly.xml#//@beans/@mixed.1/@mixed.29/@mixed.3"/>
    <target href="assembly.xml#PIMInputFile"/>
  </connections>
  <connections type="routesResponseTo" sourceAnchorX="0.3707865168539326" sourceAnchorY="0.8918918918918919" targetAnchorX="0.2905982905982906" targetAnchorY="0.10416666666666667">
    <source href="assembly.xml#PIMNoFile"/>
    <target href="assembly.xml#AbortNoFile"/>
  </connections>
  <connections type="routesTo" sourceAnchorX="0.4098360655737705" sourceAnchorY="1.0" targetAnchorX="0.5842696629213483" targetAnchorY="0.02702702702702703">
    <source href="assembly.xml#//@beans/@mixed.1/@mixed.191/@mixed.3"/>
    <target href="assembly.xml#PIMNoFile"/>
  </connections>
  <connections type="routesTo" sourceAnchorX="1.0" sourceAnchorY="0.2283464566929134" targetAnchorX="0.042735042735042736" targetAnchorY="0.4329268292682927">
    <source href="assembly.xml#CheckForFile"/>
    <target href="assembly.xml#FileRoute"/>
  </connections>
  <swimlanes x="43" y="57" font="Arial Narrow|14|3" bgColor="16316919" fontColor="1" name="INT6005 DC Soft Suspension Feedback File Inbound" elements="//@swimlanes.1 //@swimlanes.2" labelAlignment="LEFT"/>
  <swimlanes x="49" y="80" bgColor="8625788" name="Swimlane" orientation="VERTICAL">
    <elements href="assembly.xml#INT6005"/>
    <elements href="assembly.xml#Call-Init"/>
    <elements href="assembly.xml#Call-GetExistingInputs"/>
    <elements href="assembly.xml#Call-GetWorkersData"/>
    <elements href="assembly.xml#Call-GetPeriodSchedule"/>
    <elements href="assembly.xml#Call-MainProcess"/>
    <elements href="assembly.xml#Call-ProcessImports"/>
    <elements href="assembly.xml#FinalStore"/>
    <elements href="#//@swimlanes.4"/>
  </swimlanes>
  <swimlanes x="129" y="104" bgColor="15922416" name="Swimlane" orientation="VERTICAL" elements="//@swimlanes.3 //@swimlanes.5 //@swimlanes.9 //@swimlanes.15 //@swimlanes.10 //@swimlanes.22"/>
  <swimlanes x="185" y="120" bgColor="15133409" name="Swimlane">
    <elements href="assembly.xml#Init"/>
    <elements href="#//@swimlanes.8"/>
    <elements href="assembly.xml#GetIntegrationSystems"/>
    <elements href="assembly.xml#AttrMapData"/>
    <elements href="assembly.xml#Route"/>
    <elements href="#//@swimlanes.6"/>
    <elements href="#//@swimlanes.36"/>
    <elements href="#//@swimlanes.37"/>
  </swimlanes>
  <swimlanes x="63" y="119" bgColor="10461183" name="Swimlane" orientation="VERTICAL">
    <elements href="assembly.xml#//@beans/@mixed.1/@mixed.15"/>
    <elements href="assembly.xml#StoreLog"/>
    <elements href="assembly.xml#Note-Error"/>
  </swimlanes>
  <swimlanes x="395" y="326" bgColor="15133409" name="Swimlane">
    <elements href="assembly.xml#GetExistingInputs"/>
    <elements href="#//@swimlanes.11"/>
    <elements href="assembly.xml#PagedGetSubmitPayrollInputs"/>
    <elements href="assembly.xml#PrepExistingPIData"/>
  </swimlanes>
  <swimlanes x="1033" y="208" bgColor="14212815" name="Swimlane" orientation="VERTICAL">
    <elements href="#//@swimlanes.7"/>
    <elements href="assembly.xml#DebugData"/>
  </swimlanes>
  <swimlanes x="1055" y="196" bgColor="13489601" name="Swimlane">
    <elements href="assembly.xml#GetEventDocuments"/>
    <elements href="#//@swimlanes.38"/>
    <elements href="assembly.xml#FileRoute"/>
  </swimlanes>
  <swimlanes x="391" y="250" bgColor="14212815" name="Swimlane" orientation="VERTICAL">
    <elements href="assembly.xml#SyncMediation"/>
    <elements href="assembly.xml#PIMInit"/>
  </swimlanes>
  <swimlanes x="375" y="692" bgColor="15133409" name="Swimlane">
    <elements href="assembly.xml#GetWorkersData"/>
    <elements href="#//@swimlanes.12"/>
    <elements href="assembly.xml#PagedGet-Workers"/>
    <elements href="assembly.xml#PrepWorkerOverrideData"/>
  </swimlanes>
  <swimlanes x="365" y="806" bgColor="15133409" name="Swimlane" alignment="MIDDLE">
    <elements href="assembly.xml#MainProcess"/>
    <elements href="#//@swimlanes.13"/>
    <elements href="assembly.xml#Stacker.Route"/>
    <elements href="#//@swimlanes.16"/>
    <elements href="#//@swimlanes.17"/>
    <elements href="#//@swimlanes.18"/>
    <elements href="assembly.xml#PIMInputLog"/>
  </swimlanes>
  <swimlanes x="2030" y="606" bgColor="14212815" name="Swimlane" orientation="VERTICAL">
    <elements href="assembly.xml#ExistingInputs.handler"/>
    <elements href="assembly.xml#PIMExistingInputs"/>
  </swimlanes>
  <swimlanes x="2060" y="800" bgColor="14212815" name="Swimlane" orientation="VERTICAL">
    <elements href="assembly.xml#WorkersData.Handler"/>
    <elements href="assembly.xml#PIMWorkersData"/>
  </swimlanes>
  <swimlanes x="1960" y="978" bgColor="14212815" name="Swimlane" orientation="VERTICAL">
    <elements href="assembly.xml#Main.Handler"/>
    <elements href="assembly.xml#PIMMainProcess"/>
  </swimlanes>
  <swimlanes bgColor="14212815" name="" orientation="VERTICAL" topBorderColor="12632256">
    <elements href="assembly.xml#WSCall"/>
    <elements href="assembly.xml#GetPeriodSchedule_ErrorMessage"/>
  </swimlanes>
  <swimlanes x="23" y="1328" bgColor="15133409" fgColor="12632256" name="GetPeriodSchedules" topBorderColor="11955456">
    <elements href="assembly.xml#GetPeriodSchedule"/>
    <elements href="#//@swimlanes.14"/>
    <elements href="assembly.xml#GetPeriodSchedules"/>
    <elements href="assembly.xml#PrepPeriodSchedules"/>
  </swimlanes>
  <swimlanes x="405" y="1800" bgColor="14212815" name="Stacker" orientation="VERTICAL">
    <elements href="assembly.xml#Ded.Codes"/>
    <elements href="assembly.xml#Existing.Input.Data"/>
    <elements href="assembly.xml#Workder.data"/>
    <elements href="assembly.xml#PeriodSchedData"/>
    <elements href="assembly.xml#File.Input.Data"/>
  </swimlanes>
  <swimlanes x="2266" y="1910" bgColor="14212815" name="Swimlane" orientation="VERTICAL">
    <elements href="assembly.xml#FileInputsAggregator"/>
    <elements href="assembly.xml#Log.MasterStack"/>
  </swimlanes>
  <swimlanes x="1262" y="2155" bgColor="14212815" name="Swimlane" orientation="VERTICAL">
    <elements href="assembly.xml#Master.Process"/>
    <elements href="assembly.xml#PIMMaster.Process"/>
    <elements href="assembly.xml#LogError"/>
  </swimlanes>
  <swimlanes bgColor="14212815" fgColor="12632256" name="" orientation="VERTICAL" alignment="MIDDLE" topBorderColor="11955456">
    <elements href="assembly.xml#ImportProcDetails"/>
    <elements href="assembly.xml#ImportDetailsError"/>
    <elements href="assembly.xml#Store.errored.call"/>
  </swimlanes>
  <swimlanes bgColor="14212815" fgColor="12632256" name="" orientation="VERTICAL" alignment="MIDDLE" topBorderColor="11955456">
    <elements href="assembly.xml#CloseResponsesAggregator"/>
    <elements href="assembly.xml#ImportResponsesAggregator"/>
  </swimlanes>
  <swimlanes bgColor="14212815" fgColor="12632256" name="" orientation="VERTICAL" alignment="MIDDLE" topBorderColor="11955456">
    <elements href="assembly.xml#StoreImportProcDetails"/>
    <elements href="assembly.xml#PIMStoreError"/>
  </swimlanes>
  <swimlanes x="1993" y="2458" bgColor="15133409" fgColor="12632256" name="Import Payroll Inputs Web Service" topBorderColor="11955456">
    <elements href="#//@swimlanes.24"/>
    <elements href="#//@swimlanes.23"/>
    <elements href="assembly.xml#ImportWSSplitter"/>
    <elements href="assembly.xml#WrapWS"/>
    <elements href="assembly.xml#ImportWS"/>
    <elements href="#//@swimlanes.19"/>
    <elements href="#//@swimlanes.20"/>
    <elements href="#//@swimlanes.21"/>
    <elements href="#//@swimlanes.32"/>
  </swimlanes>
  <swimlanes x="13" y="2633" bgColor="14212815" name="Swimlane" orientation="VERTICAL">
    <elements href="assembly.xml#ProcessImports.Handler"/>
    <elements href="assembly.xml#PIMProcessImports"/>
  </swimlanes>
  <swimlanes x="396" y="2614" bgColor="14212815" name="Swimlane" orientation="VERTICAL">
    <elements href="assembly.xml#ProcessImports"/>
    <elements href="assembly.xml#Call-CloseResponsesAggregator"/>
  </swimlanes>
  <swimlanes x="43" y="3306" bgColor="16775924" name="Swimlane" elements="//@swimlanes.26 //@swimlanes.31"/>
  <swimlanes x="48" y="3030" bgColor="16760689" name="Swimlane" orientation="VERTICAL" topBorderColor="11955456">
    <elements href="assembly.xml#INT6005-Audit"/>
    <elements href="assembly.xml#Call-ProcessAudit"/>
  </swimlanes>
  <swimlanes bgColor="16766628" fgColor="12632256" name="" orientation="VERTICAL" alignment="MIDDLE" topBorderColor="11955456">
    <elements href="assembly.xml#Audit.handler"/>
    <elements href="assembly.xml#PIMAuditError"/>
  </swimlanes>
  <swimlanes bgColor="16766628" fgColor="12632256" name="" orientation="VERTICAL" alignment="MIDDLE" topBorderColor="11955456">
    <elements href="assembly.xml#Get.batch.details.file"/>
    <elements href="assembly.xml#Call-Close-Log-Agg"/>
  </swimlanes>
  <swimlanes bgColor="16766628" fgColor="12632256" name="" orientation="VERTICAL" alignment="MIDDLE" topBorderColor="11955456">
    <elements href="assembly.xml#PrepareImportMsgWS"/>
    <elements href="assembly.xml#PIMImportMsgError"/>
  </swimlanes>
  <swimlanes bgColor="16766628" name="Swimlane" orientation="VERTICAL" topBorderColor="11955456">
    <elements href="assembly.xml#Aggregator0"/>
    <elements href="assembly.xml#StackAllCalls"/>
  </swimlanes>
  <swimlanes x="692" y="3039" bgColor="16769211" fgColor="12632256" name="Sub-Process" topBorderColor="11955456">
    <elements href="assembly.xml#AuditInit"/>
    <elements href="#//@swimlanes.27"/>
    <elements href="#//@swimlanes.28"/>
    <elements href="#//@swimlanes.35"/>
    <elements href="assembly.xml#SplitByBatch"/>
    <elements href="#//@swimlanes.29"/>
    <elements href="assembly.xml#GetImportProcMsgs"/>
    <elements href="assembly.xml#MsgStacker"/>
    <elements href="#//@swimlanes.30"/>
    <elements href="assembly.xml#CreateAuditLogReport"/>
    <elements href="#//@swimlanes.33"/>
    <elements href="assembly.xml#Route0"/>
    <elements href="#//@swimlanes.34"/>
    <elements href="assembly.xml#WriteFinalLog"/>
    <elements href="assembly.xml#PIMIntegrationInError"/>
  </swimlanes>
  <swimlanes x="2251" y="2647" bgColor="14212815" name="Swimlane" orientation="VERTICAL">
    <elements href="assembly.xml#ImportDetailsPosted"/>
  </swimlanes>
  <swimlanes x="2521" y="3167" bgColor="16766628" name="Swimlane" orientation="VERTICAL">
    <elements href="assembly.xml#Aggregator1"/>
    <elements href="assembly.xml#Close-Log-Agg"/>
  </swimlanes>
  <swimlanes x="2813" y="3146" bgColor="16766628" name="Swimlane" orientation="VERTICAL">
    <elements href="assembly.xml#Aggregator"/>
    <elements href="assembly.xml#input.log"/>
  </swimlanes>
  <swimlanes x="820" y="3126" bgColor="16766628" name="Swimlane" orientation="VERTICAL">
    <elements href="assembly.xml#get.da.files"/>
    <elements href="assembly.xml#PIMNoFileWarning"/>
    <elements href="assembly.xml#Abort"/>
  </swimlanes>
  <swimlanes x="1743" y="424" name="Swimlane" orientation="VERTICAL">
    <elements href="assembly.xml#InputToMsg"/>
    <elements href="assembly.xml#PIMInputFile"/>
  </swimlanes>
  <swimlanes x="1947" y="344" name="Swimlane" orientation="VERTICAL">
    <elements href="assembly.xml#CheckForDetailsRecs"/>
    <elements href="assembly.xml#PIMNoDetailRecs"/>
    <elements href="assembly.xml#AbortNoDtlRecs"/>
  </swimlanes>
  <swimlanes x="1422" y="423" name="Swimlane" orientation="VERTICAL">
    <elements href="assembly.xml#CheckForFile"/>
    <elements href="assembly.xml#PIMNoFile"/>
    <elements href="assembly.xml#AbortNoFile"/>
  </swimlanes>
</wdnm:Diagram>
