<?xml version="1.0" encoding="UTF-8"?>
<wdnm:Diagram xmlns:wdnm="http://workday.com/studio/editors/notation">
  <element href="assembly.xml#WorkdayAssembly"/>
  <visualProperties x="1014" y="636">
    <element href="assembly.xml#WorkerSplitter"/>
  </visualProperties>
  <visualProperties x="454" y="52">
    <element href="assembly.xml#CallProcessWorkers"/>
  </visualProperties>
  <visualProperties x="750" y="1224">
    <element href="assembly.xml#WorkerAggregatorA"/>
  </visualProperties>
  <visualProperties x="338" y="1647">
    <element href="assembly.xml#WorkerSOAPwrap"/>
  </visualProperties>
  <visualProperties x="641" y="1631">
    <element href="assembly.xml#WorkerSOAPstep"/>
  </visualProperties>
  <visualProperties x="988" y="1245">
    <element href="assembly.xml#CallWorkerSOAPA"/>
  </visualProperties>
  <visualProperties x="984" y="1644">
    <element href="assembly.xml#WorkerHttpOut"/>
  </visualProperties>
  <visualProperties x="568" y="2715">
    <element href="assembly.xml#Note-Error"/>
  </visualProperties>
  <visualProperties x="307" y="2715">
    <element href="assembly.xml#//@beans/@mixed.1/@mixed.51"/>
  </visualProperties>
  <visualProperties x="762" y="2376">
    <element href="assembly.xml#WriteAndStoreWSErrLogs"/>
  </visualProperties>
  <visualProperties x="504" y="2387">
    <element href="assembly.xml#WriteAndStoreErrors"/>
  </visualProperties>
  <visualProperties x="291" y="2415">
    <element href="assembly.xml#CreateRunLogsAandT"/>
  </visualProperties>
  <visualProperties x="548" y="2135">
    <element href="assembly.xml#AddErrorToMap"/>
  </visualProperties>
  <visualProperties x="307" y="2179">
    <element href="assembly.xml#ProcessErrors"/>
  </visualProperties>
  <visualProperties x="1178" y="345">
    <element href="assembly.xml#CallCreateLogsAandT"/>
  </visualProperties>
  <visualProperties x="851" y="345">
    <element href="assembly.xml#CallCloseAggrA"/>
  </visualProperties>
  <visualProperties x="280" y="644">
    <element href="assembly.xml#ProcessWorkers"/>
  </visualProperties>
  <visualProperties x="1841" y="636">
    <element href="assembly.xml#CallAggregateWorkerActive"/>
  </visualProperties>
  <visualProperties x="285" y="1231">
    <element href="assembly.xml#AggregateWorkersActive"/>
  </visualProperties>
  <visualProperties x="510" y="1224">
    <element href="assembly.xml#CatchWorkerAggrErrA"/>
  </visualProperties>
  <visualProperties x="750" y="1346">
    <element href="assembly.xml#CallLogWorkerAggrErrorA"/>
  </visualProperties>
  <visualProperties x="940" y="1764">
    <element href="assembly.xml#CallLogWorkerSOAPError"/>
  </visualProperties>
  <visualProperties x="303" y="336">
    <element href="assembly.xml#StartHere"/>
  </visualProperties>
  <visualProperties x="1298" y="423">
    <element href="assembly.xml#IntegrationMainComplete"/>
  </visualProperties>
  <visualProperties x="461" y="345">
    <element href="assembly.xml#SetProps"/>
  </visualProperties>
  <visualProperties x="1161" y="650">
    <element href="assembly.xml#PrepUserReq"/>
  </visualProperties>
  <visualProperties x="1235" y="822">
    <element href="assembly.xml#CallLogPrepUserErr"/>
  </visualProperties>
  <visualProperties x="975" y="2404">
    <element href="assembly.xml#UpdateErrorStatus"/>
  </visualProperties>
  <visualProperties x="1145" y="2394">
    <element href="assembly.xml#WriteAndStoreWSLogs"/>
  </visualProperties>
  <visualProperties x="285" y="1719">
    <element href="assembly.xml#CallLogTestWSResponse"/>
  </visualProperties>
  <visualProperties x="335" y="1942">
    <element href="assembly.xml#LogWSResponses"/>
  </visualProperties>
  <visualProperties x="570" y="1911">
    <element href="assembly.xml#SplitterWSRespTest"/>
  </visualProperties>
  <visualProperties x="851" y="1929">
    <element href="assembly.xml#LogResponse"/>
  </visualProperties>
  <visualProperties x="1722" y="2394">
    <element href="assembly.xml#WriteAndStoreTermLog"/>
  </visualProperties>
  <visualProperties x="473" y="676">
    <element href="assembly.xml#CatchUserReportErr"/>
  </visualProperties>
  <visualProperties x="777" y="669">
    <element href="assembly.xml#UserReport"/>
  </visualProperties>
  <visualProperties x="764" y="753">
    <element href="assembly.xml#CallLogUserReportErr"/>
  </visualProperties>
  <visualProperties x="-10" y="432">
    <element href="assembly.xml#ProcessRescWorkers"/>
  </visualProperties>
  <visualProperties x="-10" y="486">
    <element href="assembly.xml#CatchUserResReportErr"/>
  </visualProperties>
  <visualProperties x="-10" y="521">
    <element href="assembly.xml#UserRescindReport"/>
  </visualProperties>
  <visualProperties x="150" y="521">
    <element href="assembly.xml#CallLogUserRescReportErr"/>
  </visualProperties>
  <visualProperties x="150" y="521">
    <element href="assembly.xml#WorkerSplitterRescind"/>
  </visualProperties>
  <visualProperties x="482" y="566">
    <element href="assembly.xml#PrepRescindUserReq"/>
  </visualProperties>
  <visualProperties x="708" y="566">
    <element href="assembly.xml#CallAggregateWorkerRescind"/>
  </visualProperties>
  <visualProperties x="1429" y="861">
    <element href="assembly.xml#CallLogPrepUserErr0"/>
  </visualProperties>
  <visualProperties x="650" y="157">
    <element href="assembly.xml#CallProcessRescWorkers"/>
  </visualProperties>
  <visualProperties x="855" y="831">
    <element href="assembly.xml#TestReport"/>
  </visualProperties>
  <visualProperties x="1834" y="747">
    <element href="assembly.xml#CallAggregateWorkerTerm"/>
  </visualProperties>
  <visualProperties x="1584" y="609">
    <element href="assembly.xml#Route"/>
  </visualProperties>
  <visualProperties x="507" y="1413">
    <element href="assembly.xml#CatchWorkerAggrErrT"/>
  </visualProperties>
  <visualProperties x="985" y="1434">
    <element href="assembly.xml#CallWorkerSOAPT"/>
  </visualProperties>
  <visualProperties x="282" y="1420">
    <element href="assembly.xml#AggregateWorkersTerm"/>
  </visualProperties>
  <visualProperties x="747" y="1535">
    <element href="assembly.xml#CallLogWorkerAggrErrorT"/>
  </visualProperties>
  <visualProperties x="747" y="1413">
    <element href="assembly.xml#WorkerAggregatorT"/>
  </visualProperties>
  <visualProperties x="1001" y="423">
    <element href="assembly.xml#CallCloseAggrT"/>
  </visualProperties>
  <connections type="routesTo">
    <source href="assembly.xml#WorkerAggregatorA"/>
    <target href="assembly.xml#CallWorkerSOAPA"/>
  </connections>
  <connections type="routesTo" sourceAnchorX="0.974025974025974" sourceAnchorY="0.5528455284552846" targetAnchorX="0.12056737588652482" targetAnchorY="0.46226415094339623">
    <source href="assembly.xml#CatchWorkerAggrErrA"/>
    <target href="assembly.xml#WorkerAggregatorA"/>
  </connections>
  <connections type="routesTo" targetAnchorX="0.10416666666666667" targetAnchorY="0.3989071038251366">
    <source href="assembly.xml#WorkerSOAPwrap"/>
    <target href="assembly.xml#WorkerSOAPstep"/>
  </connections>
  <connections type="routesTo">
    <source href="assembly.xml#WorkerSOAPstep"/>
    <target href="assembly.xml#WorkerHttpOut"/>
  </connections>
  <connections type="routesResponseTo" sourceAnchorX="0.08823529411764706" sourceAnchorY="0.6830601092896175" targetAnchorX="0.795" targetAnchorY="0.4864864864864865">
    <source href="assembly.xml#WorkerSOAPstep"/>
    <target href="assembly.xml#CallLogTestWSResponse"/>
  </connections>
  <connections type="routesTo">
    <source href="assembly.xml#//@beans/@mixed.1/@mixed.59/@mixed.5"/>
    <target href="assembly.xml#CallLogWorkerSOAPError"/>
    <bendpoints sourceX="349" sourceY="2" targetX="4" targetY="131"/>
  </connections>
  <connections type="routesTo" sourceAnchorX="0.9669421487603306" sourceAnchorY="0.43243243243243246" targetAnchorX="0.06060606060606061" targetAnchorY="0.3783783783783784">
    <source href="assembly.xml#//@beans/@mixed.1/@mixed.51"/>
    <target href="assembly.xml#Note-Error"/>
  </connections>
  <connections type="routesTo">
    <source href="assembly.xml#WriteAndStoreWSErrLogs"/>
    <target href="assembly.xml#UpdateErrorStatus"/>
  </connections>
  <connections type="routesTo">
    <source href="assembly.xml#WriteAndStoreErrors"/>
    <target href="assembly.xml#WriteAndStoreWSErrLogs"/>
  </connections>
  <connections type="routesTo">
    <source href="assembly.xml#CreateRunLogsAandT"/>
    <target href="assembly.xml#WriteAndStoreErrors"/>
  </connections>
  <connections type="routesTo">
    <source href="assembly.xml#ProcessErrors"/>
    <target href="assembly.xml#AddErrorToMap"/>
  </connections>
  <connections type="routesTo">
    <source href="assembly.xml#AggregateWorkersActive"/>
    <target href="assembly.xml#CatchWorkerAggrErrA"/>
  </connections>
  <connections type="routesTo" targetAnchorX="0.07329842931937172" targetAnchorY="0.3783783783783784">
    <source href="assembly.xml#//@beans/@mixed.1/@mixed.29/@mixed.3"/>
    <target href="assembly.xml#CallLogWorkerAggrErrorA"/>
  </connections>
  <connections type="routesTo" targetAnchorX="0.15966386554621848" targetAnchorY="0.3881578947368421">
    <source href="assembly.xml#StartHere"/>
    <target href="assembly.xml#SetProps"/>
  </connections>
  <connections type="routesTo">
    <source href="assembly.xml#//@beans/@mixed.1/@mixed.17/@mixed.3"/>
    <target href="assembly.xml#CallLogPrepUserErr"/>
  </connections>
  <connections type="routesResponseTo">
    <source href="assembly.xml#UpdateErrorStatus"/>
    <target href="assembly.xml#WriteAndStoreWSLogs"/>
  </connections>
  <connections type="routesTo">
    <source href="assembly.xml#WriteAndStoreWSLogs"/>
    <target href="assembly.xml#WriteAndStoreTermLog"/>
  </connections>
  <connections type="routesTo" targetAnchorX="0.1118421052631579" targetAnchorY="0.4675324675324675">
    <source href="assembly.xml#LogWSResponses"/>
    <target href="assembly.xml#SplitterWSRespTest"/>
  </connections>
  <connections type="routesTo">
    <source href="assembly.xml#//@beans/@mixed.1/@splitter.0/@subRoute.0"/>
    <target href="assembly.xml#LogResponse"/>
  </connections>
  <connections type="routesTo" sourceAnchorX="0.5806451612903226" sourceAnchorY="0.3815789473684211" targetAnchorX="0.5087719298245614" targetAnchorY="0.43243243243243246">
    <source href="assembly.xml#SetProps"/>
    <target href="assembly.xml#CallProcessWorkers"/>
  </connections>
  <connections type="routesTo">
    <source href="assembly.xml#//@beans/@mixed.1/@mixed.73/@mixed.3"/>
    <target href="assembly.xml#CallLogUserReportErr"/>
  </connections>
  <connections type="routesTo">
    <source href="assembly.xml#ProcessWorkers"/>
    <target href="assembly.xml#CatchUserReportErr"/>
  </connections>
  <connections type="routesResponseTo" targetAnchorX="0.31932773109243695" targetAnchorY="0.4675324675324675">
    <source href="assembly.xml#UserReport"/>
    <target href="assembly.xml#WorkerSplitter"/>
  </connections>
  <connections type="routesTo">
    <source href="assembly.xml#ProcessRescWorkers"/>
    <target href="assembly.xml#CatchUserResReportErr"/>
  </connections>
  <connections type="routesTo">
    <source href="assembly.xml#CatchUserResReportErr"/>
    <target href="assembly.xml#UserRescindReport"/>
  </connections>
  <connections type="routesTo">
    <source href="assembly.xml#//@beans/@mixed.1/@mixed.77/@mixed.3"/>
    <target href="assembly.xml#CallLogUserRescReportErr"/>
  </connections>
  <connections type="routesTo">
    <source href="assembly.xml#//@beans/@mixed.1/@splitter.2/@subRoute.0"/>
    <target href="assembly.xml#PrepRescindUserReq"/>
  </connections>
  <connections type="routesTo">
    <source href="assembly.xml#//@beans/@mixed.1/@mixed.85/@mixed.3"/>
    <target href="assembly.xml#CallLogPrepUserErr0"/>
  </connections>
  <connections type="routesResponseTo">
    <source href="assembly.xml#UserRescindReport"/>
    <target href="assembly.xml#TestReport"/>
  </connections>
  <connections type="routesTo">
    <source href="assembly.xml#TestReport"/>
    <target href="assembly.xml#WorkerSplitterRescind"/>
  </connections>
  <connections type="routesResponseTo" sourceAnchorX="0.75" sourceAnchorY="0.918918918918919" targetAnchorX="0.2708333333333333" targetAnchorY="0.4864864864864865">
    <source href="assembly.xml#CallProcessRescWorkers"/>
    <target href="assembly.xml#CallCloseAggrT"/>
  </connections>
  <connections type="routesResponseTo" sourceAnchorX="0.7660818713450293" sourceAnchorY="1.0" targetAnchorX="0.655" targetAnchorY="0.5135135135135135">
    <source href="assembly.xml#CallProcessWorkers"/>
    <target href="assembly.xml#CallProcessRescWorkers"/>
  </connections>
  <connections type="routesTo" sourceAnchorX="0.7641509433962265" sourceAnchorY="1.0" targetAnchorX="0.06761565836298933" targetAnchorY="0.488">
    <source href="assembly.xml#//@beans/@mixed.1/@splitter.1/@subRoute.0"/>
    <target href="assembly.xml#PrepUserReq"/>
  </connections>
  <connections type="routesTo" sourceAnchorX="0.7685185185185185" sourceAnchorY="1.0" targetAnchorX="0.14942528735632185" targetAnchorY="0.6216216216216216">
    <source href="assembly.xml#//@beans/@mixed.1/@route.0/@subRoute.0"/>
    <target href="assembly.xml#CallAggregateWorkerActive"/>
  </connections>
  <connections type="routesTo" sourceAnchorX="0.6944444444444444" sourceAnchorY="1.0" targetAnchorX="0.16022099447513813" targetAnchorY="0.43243243243243246">
    <source href="assembly.xml#//@beans/@mixed.1/@route.0/@subRoute.1"/>
    <target href="assembly.xml#CallAggregateWorkerTerm"/>
  </connections>
  <connections type="routesTo" sourceAnchorX="1.0" sourceAnchorY="0.248" targetAnchorX="0.6694214876033058" targetAnchorY="0.06538461538461539">
    <source href="assembly.xml#PrepUserReq"/>
    <target href="assembly.xml#Route"/>
  </connections>
  <connections type="routesTo" sourceAnchorX="0.974025974025974" sourceAnchorY="0.5528455284552846" targetAnchorX="0.12056737588652482" targetAnchorY="0.46226415094339623">
    <source href="assembly.xml#CatchWorkerAggrErrT"/>
    <target href="assembly.xml#WorkerAggregatorT"/>
    <bendpoints sourceX="141" sourceY="11" targetX="-111" targetY="29"/>
  </connections>
  <connections type="routesTo">
    <source href="assembly.xml#AggregateWorkersTerm"/>
    <target href="assembly.xml#CatchWorkerAggrErrT"/>
  </connections>
  <connections type="routesTo">
    <source href="assembly.xml#WorkerAggregatorT"/>
    <target href="assembly.xml#CallWorkerSOAPT"/>
  </connections>
  <connections type="routesTo" sourceAnchorX="1.0" sourceAnchorY="0.2" targetAnchorX="0.37272727272727274" targetAnchorY="0.2702702702702703">
    <source href="assembly.xml#PrepRescindUserReq"/>
    <target href="assembly.xml#CallAggregateWorkerRescind"/>
  </connections>
  <connections type="routesTo" sourceAnchorX="0.0" sourceAnchorY="0.152" targetAnchorX="0.18181818181818182" targetAnchorY="0.35135135135135137">
    <source href="assembly.xml#CatchUserReportErr"/>
    <target href="assembly.xml#UserReport"/>
  </connections>
  <connections type="routesTo" sourceAnchorX="0.6298701298701299" sourceAnchorY="1.0" targetAnchorX="0.4898989898989899" targetAnchorY="0.5135135135135135">
    <source href="assembly.xml#//@beans/@mixed.1/@mixed.107/@mixed.3"/>
    <target href="assembly.xml#CallLogWorkerAggrErrorT"/>
  </connections>
  <connections type="routesResponseTo" sourceAnchorX="0.75" sourceAnchorY="1.0" targetAnchorX="0.14583333333333334" targetAnchorY="0.32432432432432434">
    <source href="assembly.xml#CallCloseAggrT"/>
    <target href="assembly.xml#CallCloseAggrA"/>
  </connections>
  <connections type="routesResponseTo" sourceAnchorX="0.8680555555555556" sourceAnchorY="1.0" targetAnchorX="0.1340782122905028" targetAnchorY="0.40540540540540543">
    <source href="assembly.xml#CallCloseAggrA"/>
    <target href="assembly.xml#CallCreateLogsAandT"/>
  </connections>
  <connections type="routesResponseTo" sourceAnchorX="0.6927374301675978" sourceAnchorY="1.0" targetAnchorX="0.06666666666666667" targetAnchorY="0.2702702702702703">
    <source href="assembly.xml#CallCreateLogsAandT"/>
    <target href="assembly.xml#IntegrationMainComplete"/>
  </connections>
  <swimlanes x="65" y="687" bgColor="12582847" name="Rescinded Hires" description="Subroutine to aggregate worker records and call the soap request based on the size strategy">
    <elements href="assembly.xml#ProcessRescWorkers"/>
    <elements href="assembly.xml#CatchUserResReportErr"/>
    <elements href="#//@swimlanes.2"/>
    <elements href="assembly.xml#TestReport"/>
    <elements href="assembly.xml#WorkerSplitterRescind"/>
    <elements href="assembly.xml#PrepRescindUserReq"/>
    <elements href="#//@swimlanes.1"/>
  </swimlanes>
  <swimlanes x="1644" y="840" name="Swimlane" orientation="VERTICAL">
    <elements href="assembly.xml#CallAggregateWorkerRescind"/>
    <elements href="assembly.xml#CallLogPrepUserErr0"/>
  </swimlanes>
  <swimlanes x="592" y="805" name="Swimlane" orientation="VERTICAL">
    <elements href="assembly.xml#UserRescindReport"/>
    <elements href="assembly.xml#CallLogUserRescReportErr"/>
  </swimlanes>
  <swimlanes x="589" y="362" name="Swimlane" orientation="VERTICAL">
    <elements href="assembly.xml#CallProcessWorkers"/>
    <elements href="assembly.xml#CallProcessRescWorkers"/>
  </swimlanes>
  <swimlanes x="65" y="328" bgColor="14024703" name="Process Active &amp; Terms" description="Go through every worker entry, performs the operation and then calls the aggregate method.">
    <elements href="assembly.xml#ProcessWorkers"/>
    <elements href="assembly.xml#CatchUserReportErr"/>
    <elements href="#//@swimlanes.16"/>
    <elements href="assembly.xml#WorkerSplitter"/>
    <elements href="#//@swimlanes.18"/>
    <elements href="assembly.xml#Route"/>
    <elements href="#//@swimlanes.17"/>
  </swimlanes>
  <swimlanes x="71" y="949" bgColor="15663069" name="Aggregate Workers" orientation="VERTICAL" elements="//@swimlanes.7 //@swimlanes.6"/>
  <swimlanes x="282" y="1288" name="Aggregate Term Workers" description="This section receives batches of workers and sends them to the CSOD tenant. I also returns a xml structure with the response from the web call. ">
    <elements href="assembly.xml#AggregateWorkersTerm"/>
    <elements href="#//@swimlanes.20"/>
    <elements href="assembly.xml#WorkerAggregatorT"/>
    <elements href="assembly.xml#CallWorkerSOAPT"/>
  </swimlanes>
  <swimlanes x="344" y="1282" name="Aggregate Active Workers" description="This section receives batches of workers and sends them to the CSOD tenant. I also returns a xml structure with the response from the web call. ">
    <elements href="assembly.xml#AggregateWorkersActive"/>
    <elements href="#//@swimlanes.19"/>
    <elements href="assembly.xml#WorkerAggregatorA"/>
    <elements href="assembly.xml#CallWorkerSOAPA"/>
  </swimlanes>
  <swimlanes x="71" y="59" bgColor="16766421" name="Main Section" description="Main process for the CSOD User integration, calls subprocesses to retrieve the worker report, process all workers (including sending to CSOD) and creating log files.">
    <elements href="assembly.xml#StartHere"/>
    <elements href="assembly.xml#SetProps"/>
    <elements href="#//@swimlanes.3"/>
    <elements href="assembly.xml#CallCloseAggrT"/>
    <elements href="assembly.xml#CallCloseAggrA"/>
    <elements href="assembly.xml#CallCreateLogsAandT"/>
    <elements href="assembly.xml#IntegrationMainComplete"/>
  </swimlanes>
  <swimlanes x="71" y="1647" bgColor="16777147" name="Batches to CSOD" description="This section receives batches of workers and sends them to the CSOD tenant. I also returns a xml structure with the response from the web call. ">
    <elements href="#//@swimlanes.13"/>
    <elements href="assembly.xml#WorkerSOAPstep"/>
    <elements href="assembly.xml#WorkerHttpOut"/>
    <elements href="assembly.xml#CallLogWorkerSOAPError"/>
  </swimlanes>
  <swimlanes x="71" y="1884" bgColor="16770764" name="Log Responses and Errors" description="Subprocess to log individual errors and add them to the error hash map">
    <elements href="assembly.xml#LogWSResponses"/>
    <elements href="assembly.xml#SplitterWSRespTest"/>
    <elements href="assembly.xml#LogResponse"/>
  </swimlanes>
  <swimlanes x="842" y="2057" name="Process Errors" description="Subprocess to log individual errors and add them to the error hash map">
    <elements href="assembly.xml#ProcessErrors"/>
    <elements href="assembly.xml#AddErrorToMap"/>
  </swimlanes>
  <swimlanes x="71" y="2099" bgColor="15323903" name="Error log file creation" description="Subprocess creates an error file if there are any errors reported and creates a web service error log if any errors are returned from CSOD" orientation="VERTICAL" elements="//@swimlanes.11 //@swimlanes.15"/>
  <swimlanes x="296" y="1682" name="Swimlane" orientation="VERTICAL">
    <elements href="assembly.xml#WorkerSOAPwrap"/>
    <elements href="assembly.xml#CallLogTestWSResponse"/>
  </swimlanes>
  <swimlanes x="1436" y="107" font="Arial|9|1" bgColor="13816575" fgColor="255" fontColor="1" name="Global Error Handler" topBorderColor="255">
    <elements href="assembly.xml#//@beans/@mixed.1/@mixed.51"/>
    <elements href="assembly.xml#Note-Error"/>
  </swimlanes>
  <swimlanes x="204" y="2237" name="Write and Store Logs">
    <elements href="assembly.xml#CreateRunLogsAandT"/>
    <elements href="assembly.xml#WriteAndStoreErrors"/>
    <elements href="assembly.xml#WriteAndStoreWSErrLogs"/>
    <elements href="assembly.xml#UpdateErrorStatus"/>
    <elements href="assembly.xml#WriteAndStoreWSLogs"/>
    <elements href="assembly.xml#WriteAndStoreTermLog"/>
  </swimlanes>
  <swimlanes x="428" y="416" name="Swimlane" orientation="VERTICAL">
    <elements href="assembly.xml#UserReport"/>
    <elements href="assembly.xml#CallLogUserReportErr"/>
  </swimlanes>
  <swimlanes x="1178" y="490" name="Swimlane" orientation="VERTICAL">
    <elements href="assembly.xml#CallAggregateWorkerActive"/>
    <elements href="assembly.xml#CallAggregateWorkerTerm"/>
  </swimlanes>
  <swimlanes x="828" y="498" name="Swimlane" orientation="VERTICAL">
    <elements href="assembly.xml#PrepUserReq"/>
    <elements href="assembly.xml#CallLogPrepUserErr"/>
  </swimlanes>
  <swimlanes x="291" y="1074" name="Swimlane" orientation="VERTICAL">
    <elements href="assembly.xml#CatchWorkerAggrErrA"/>
    <elements href="assembly.xml#CallLogWorkerAggrErrorA"/>
  </swimlanes>
  <swimlanes x="290" y="1370" name="Swimlane" orientation="VERTICAL">
    <elements href="assembly.xml#CatchWorkerAggrErrT"/>
    <elements href="assembly.xml#CallLogWorkerAggrErrorT"/>
  </swimlanes>
</wdnm:Diagram>
