<?xml version="1.0" encoding="UTF-8"?><wm:manifest xmlns:wm="http://www.workday.com/solution/catalog/manifest/10" xmlns:xsi="http://www.w3.org/2001/XMLSchema-instance" xsi:schemaLocation="http://www.workday.com/solution/catalog/manifest/10 http://www.workday.com/solution/catalog/manifest/10">
   <wm:clar version="3.0"/>
   <wm:descriptive>
      <wm:title>Sample</wm:title>
      <wm:description>Sample Description</wm:description>
      <wm:author>AH0167899</wm:author>
      <wm:timestamp>2015-12-15T12:26:58.147-05:00</wm:timestamp>
   </wm:descriptive>
</wm:manifest>
