<?xml version="1.0" encoding="UTF-8"?><wm:manifest xmlns:wm="http://www.workday.com/solution/catalog/manifest/10" xmlns:xsi="http://www.w3.org/2001/XMLSchema-instance" xsi:schemaLocation="http://www.workday.com/solution/catalog/manifest/10 http://www.workday.com/solution/catalog/manifest/10">
   <wm:clar version="3.0"/>
   <wm:descriptive>
      <wm:title>The Transitionator 2.0</wm:title>
      <wm:description>Sample Description</wm:description>
      <wm:author>Ernie Millares</wm:author>
      <wm:timestamp>2015-08-20T10:44:32.805-05:00</wm:timestamp>
   </wm:descriptive>
</wm:manifest>
