<?xml version="1.0" encoding="UTF-8"?>
<wdnm:Diagram xmlns:wdnm="http://workday.com/studio/editors/notation">
  <element href="assembly.xml#WorkdayAssembly"/>
  <visualProperties x="379" y="326">
    <element href="assembly.xml#INT10138"/>
  </visualProperties>
  <visualProperties x="700" y="551">
    <element href="assembly.xml#//@beans/@mixed.1/@mixed.3"/>
  </visualProperties>
  <visualProperties x="835" y="584">
    <element href="assembly.xml#Gbl-ErrorMsg"/>
  </visualProperties>
  <visualProperties x="147" y="375">
    <element href="assembly.xml#InitialPropvalues"/>
  </visualProperties>
  <visualProperties x="313" y="417">
    <element href="assembly.xml#ValidateModeMsg"/>
  </visualProperties>
  <visualProperties x="133" y="434">
    <element href="assembly.xml#Initialize"/>
  </visualProperties>
  <visualProperties x="337" y="509">
    <element href="assembly.xml#InitialErr"/>
  </visualProperties>
  <visualProperties x="996" y="320">
    <element href="assembly.xml#SaveMessageAuditFiles"/>
  </visualProperties>
  <visualProperties x="1177" y="354">
    <element href="assembly.xml#AuditInfo"/>
  </visualProperties>
  <visualProperties x="1333" y="356">
    <element href="assembly.xml#StoreAuditFiles"/>
  </visualProperties>
  <visualProperties x="1272" y="588">
    <element href="assembly.xml#StoreAuditErr"/>
  </visualProperties>
  <visualProperties x="217" y="171">
    <element href="assembly.xml#Call_SaveMessageAuditFiles"/>
  </visualProperties>
  <visualProperties x="238" y="743">
    <element href="assembly.xml#CatchRetrieveErr"/>
  </visualProperties>
  <visualProperties x="205" y="848">
    <element href="assembly.xml#RetrieveCCWFile"/>
  </visualProperties>
  <visualProperties x="486" y="749">
    <element href="assembly.xml#GetEventDocuments"/>
  </visualProperties>
  <visualProperties x="793" y="746">
    <element href="assembly.xml#ValidateFileExists"/>
  </visualProperties>
  <visualProperties x="814" y="883">
    <element href="assembly.xml#NoFiles"/>
  </visualProperties>
  <visualProperties x="984" y="808">
    <element href="assembly.xml#CCWFile"/>
  </visualProperties>
  <visualProperties x="1135" y="833">
    <element href="assembly.xml#CopyCCWFile2Var"/>
  </visualProperties>
  <visualProperties x="309" y="837">
    <element href="assembly.xml#Retrieve-Err"/>
  </visualProperties>
  <visualProperties x="675" y="255">
    <element href="assembly.xml#AuditFile"/>
  </visualProperties>
  <visualProperties x="798" y="292">
    <element href="assembly.xml#AuidtAggr"/>
  </visualProperties>
  <visualProperties x="570" y="206">
    <element href="assembly.xml#AuditReport"/>
  </visualProperties>
  <visualProperties x="289" y="1260">
    <element href="assembly.xml#AuditFile-Err"/>
  </visualProperties>
  <visualProperties x="481" y="1073">
    <element href="assembly.xml#CloseAuditAggr"/>
  </visualProperties>
  <visualProperties x="664" y="1172">
    <element href="assembly.xml#SaveAuditFile"/>
  </visualProperties>
  <visualProperties x="200" y="200">
    <element href="assembly.xml#Call_Initialize"/>
  </visualProperties>
  <visualProperties x="427" y="167">
    <element href="assembly.xml#Call_RetrieveCCWFile"/>
  </visualProperties>
  <visualProperties x="240" y="240">
    <element href="assembly.xml#Call_CloseAuditAggr"/>
  </visualProperties>
  <visualProperties x="90" y="1091">
    <element href="assembly.xml#ProcessCCW"/>
  </visualProperties>
  <visualProperties x="253" y="1112">
    <element href="assembly.xml#CatchProcessCCWErr"/>
  </visualProperties>
  <visualProperties x="510" y="1163">
    <element href="assembly.xml#ProcessCCW-Err"/>
  </visualProperties>
  <visualProperties x="538" y="1187">
    <element href="assembly.xml#SplitCCW"/>
  </visualProperties>
  <visualProperties x="696" y="1178">
    <element href="assembly.xml#MapXML"/>
  </visualProperties>
  <visualProperties x="846" y="1158">
    <element href="assembly.xml#Route"/>
  </visualProperties>
  <visualProperties x="1122" y="1386">
    <element href="assembly.xml#PayslipInd"/>
  </visualProperties>
  <visualProperties x="1027" y="1102">
    <element href="assembly.xml#Call_AuditReport"/>
  </visualProperties>
  <visualProperties x="691" y="161">
    <element href="assembly.xml#Call_ProcessCCW"/>
  </visualProperties>
  <visualProperties x="1084" y="1144">
    <element href="assembly.xml#SkipRecord"/>
  </visualProperties>
  <visualProperties x="274" y="1008">
    <element href="assembly.xml#Call_PayslipInd"/>
  </visualProperties>
  <visualProperties x="172" y="750">
    <element href="assembly.xml#Retrieve-Info"/>
  </visualProperties>
  <visualProperties x="223" y="1092">
    <element href="assembly.xml#Process-Info"/>
  </visualProperties>
  <visualProperties x="1634" y="1597">
    <element href="assembly.xml#PrepareWWSCall"/>
  </visualProperties>
  <visualProperties x="2165" y="1956">
    <element href="assembly.xml#PaycheckDelivery"/>
  </visualProperties>
  <visualProperties>
    <element href="assembly.xml#RequestAudit"/>
  </visualProperties>
  <visualProperties>
    <element href="assembly.xml#InitRequestAudit"/>
  </visualProperties>
  <visualProperties>
    <element href="assembly.xml#RequestErr1"/>
  </visualProperties>
  <visualProperties>
    <element href="assembly.xml#CloseRequstAggr"/>
  </visualProperties>
  <visualProperties>
    <element href="assembly.xml#WDRequestAggr"/>
  </visualProperties>
  <visualProperties>
    <element href="assembly.xml#StoreRequests"/>
  </visualProperties>
  <visualProperties>
    <element href="assembly.xml#RequestErrSave"/>
  </visualProperties>
  <visualProperties x="1578" y="410">
    <element href="assembly.xml#Call_CloseRequstAggr"/>
  </visualProperties>
  <visualProperties>
    <element href="assembly.xml#ResponseAudit"/>
  </visualProperties>
  <visualProperties>
    <element href="assembly.xml#InitResponseAudit"/>
  </visualProperties>
  <visualProperties>
    <element href="assembly.xml#ResponseErr1"/>
  </visualProperties>
  <visualProperties>
    <element href="assembly.xml#CloseResponseAggr"/>
  </visualProperties>
  <visualProperties>
    <element href="assembly.xml#WDResponseAggr"/>
  </visualProperties>
  <visualProperties>
    <element href="assembly.xml#StoreResponses"/>
  </visualProperties>
  <visualProperties>
    <element href="assembly.xml#ResponseErr-Save"/>
  </visualProperties>
  <visualProperties x="1542" y="361">
    <element href="assembly.xml#Call_CloseResponseAggr"/>
  </visualProperties>
  <visualProperties x="1414" y="2129">
    <element href="assembly.xml#WWS-Err"/>
  </visualProperties>
  <visualProperties x="1274" y="1878">
    <element href="assembly.xml#Call_ResponseAudit-Payslip"/>
  </visualProperties>
  <visualProperties x="1314" y="1925">
    <element href="assembly.xml#Call_RequestAudit-Payslip"/>
  </visualProperties>
  <visualProperties x="1544" y="1982">
    <element href="assembly.xml#Route0"/>
  </visualProperties>
  <visualProperties x="529" y="2152">
    <element href="assembly.xml#AsyncMediation"/>
  </visualProperties>
  <visualProperties x="1338" y="1994">
    <element href="assembly.xml#Call_AuditReport-Payslip"/>
  </visualProperties>
  <visualProperties x="723" y="1146">
    <element href="assembly.xml#RouteWrkrCnt"/>
  </visualProperties>
  <visualProperties x="811" y="1294">
    <element href="assembly.xml#NoWorkersMsg"/>
  </visualProperties>
  <visualProperties x="749" y="1460">
    <element href="assembly.xml#PIM_AuditFile"/>
  </visualProperties>
  <connections type="routesTo">
    <source href="assembly.xml#//@beans/@mixed.1/@mixed.3"/>
    <target href="assembly.xml#Gbl-ErrorMsg"/>
  </connections>
  <connections type="routesTo">
    <source href="assembly.xml#InitialPropvalues"/>
    <target href="assembly.xml#ValidateModeMsg"/>
  </connections>
  <connections type="routesTo">
    <source href="assembly.xml#Initialize"/>
    <target href="assembly.xml#InitialPropvalues"/>
  </connections>
  <connections type="routesTo">
    <source href="assembly.xml#//@beans/@mixed.1/@mixed.7/@mixed.3"/>
    <target href="assembly.xml#InitialErr"/>
  </connections>
  <connections type="routesTo">
    <source href="assembly.xml#SaveMessageAuditFiles"/>
    <target href="assembly.xml#AuditInfo"/>
  </connections>
  <connections type="routesResponseTo">
    <source href="assembly.xml#AuditInfo"/>
    <target href="assembly.xml#StoreAuditFiles"/>
  </connections>
  <connections type="routesTo">
    <source href="assembly.xml#//@beans/@mixed.1/@mixed.19/@mixed.3"/>
    <target href="assembly.xml#StoreAuditErr"/>
  </connections>
  <connections type="routesTo">
    <source href="assembly.xml#//@beans/@mixed.1/@mixed.31/@mixed.3"/>
    <target href="assembly.xml#NoFiles"/>
  </connections>
  <connections type="routesTo">
    <source href="assembly.xml#//@beans/@mixed.1/@mixed.25/@mixed.3"/>
    <target href="assembly.xml#Retrieve-Err"/>
  </connections>
  <connections type="routesTo">
    <source href="assembly.xml#CatchRetrieveErr"/>
    <target href="assembly.xml#GetEventDocuments"/>
  </connections>
  <connections type="routesResponseTo">
    <source href="assembly.xml#GetEventDocuments"/>
    <target href="assembly.xml#ValidateFileExists"/>
  </connections>
  <connections type="routesTo">
    <source href="assembly.xml#ValidateFileExists"/>
    <target href="assembly.xml#CCWFile"/>
  </connections>
  <connections type="routesTo">
    <source href="assembly.xml#//@beans/@mixed.1/@route.0/@subRoute.0"/>
    <target href="assembly.xml#CopyCCWFile2Var"/>
  </connections>
  <connections type="routesTo">
    <source href="assembly.xml#//@beans/@mixed.1/@mixed.41/@mixed.3"/>
    <target href="assembly.xml#AuditFile-Err"/>
  </connections>
  <connections type="routesTo">
    <source href="assembly.xml#AuditFile"/>
    <target href="assembly.xml#AuidtAggr"/>
  </connections>
  <connections type="routesTo">
    <source href="assembly.xml#CloseAuditAggr"/>
    <target href="assembly.xml#AuidtAggr"/>
  </connections>
  <connections type="routesTo">
    <source href="assembly.xml#AuidtAggr"/>
    <target href="assembly.xml#SaveAuditFile"/>
  </connections>
  <connections type="routesTo" sourceAnchorX="0.8013698630136986" sourceAnchorY="1.0" targetAnchorX="0.008064516129032258" targetAnchorY="0.10569105691056911">
    <source href="assembly.xml#AuditReport"/>
    <target href="assembly.xml#AuditFile"/>
  </connections>
  <connections type="routesTo">
    <source href="assembly.xml#//@beans/@mixed.1/@mixed.61/@mixed.3"/>
    <target href="assembly.xml#ProcessCCW-Err"/>
  </connections>
  <connections type="routesTo">
    <source href="assembly.xml#//@beans/@mixed.1/@splitter.0/@subRoute.0"/>
    <target href="assembly.xml#MapXML"/>
  </connections>
  <connections type="routesTo">
    <source href="assembly.xml#MapXML"/>
    <target href="assembly.xml#Route"/>
  </connections>
  <connections type="routesTo">
    <source href="assembly.xml#INT10138"/>
    <target href="assembly.xml#Call_Initialize"/>
  </connections>
  <connections type="routesResponseTo">
    <source href="assembly.xml#Call_Initialize"/>
    <target href="assembly.xml#Call_RetrieveCCWFile"/>
  </connections>
  <connections type="routesResponseTo">
    <source href="assembly.xml#Call_RetrieveCCWFile"/>
    <target href="assembly.xml#Call_ProcessCCW"/>
  </connections>
  <connections type="routesResponseTo">
    <source href="assembly.xml#Call_ProcessCCW"/>
    <target href="assembly.xml#Call_CloseAuditAggr"/>
  </connections>
  <connections type="routesResponseTo">
    <source href="assembly.xml#Call_CloseAuditAggr"/>
    <target href="assembly.xml#Call_SaveMessageAuditFiles"/>
  </connections>
  <connections type="routesTo">
    <source href="assembly.xml#//@beans/@mixed.1/@route.1/@subRoute.1"/>
    <target href="assembly.xml#SkipRecord"/>
  </connections>
  <connections type="routesTo">
    <source href="assembly.xml#SkipRecord"/>
    <target href="assembly.xml#Call_AuditReport"/>
  </connections>
  <connections type="routesTo">
    <source href="assembly.xml#//@beans/@mixed.1/@route.1/@subRoute.0"/>
    <target href="assembly.xml#Call_PayslipInd"/>
  </connections>
  <connections type="routesTo">
    <source href="assembly.xml#RetrieveCCWFile"/>
    <target href="assembly.xml#Retrieve-Info"/>
  </connections>
  <connections type="routesResponseTo">
    <source href="assembly.xml#Retrieve-Info"/>
    <target href="assembly.xml#CatchRetrieveErr"/>
  </connections>
  <connections type="routesTo">
    <source href="assembly.xml#ProcessCCW"/>
    <target href="assembly.xml#Process-Info"/>
  </connections>
  <connections type="routesResponseTo">
    <source href="assembly.xml#Process-Info"/>
    <target href="assembly.xml#CatchProcessCCWErr"/>
  </connections>
  <connections type="routesTo">
    <source href="assembly.xml#PrepareWWSCall"/>
    <target href="assembly.xml#PaycheckDelivery"/>
  </connections>
  <connections type="routesTo" sourceAnchorX="0.5975609756097561" sourceAnchorY="1.0" targetAnchorX="0.011627906976744186" targetAnchorY="0.27906976744186046">
    <source href="assembly.xml#RequestAudit"/>
    <target href="assembly.xml#InitRequestAudit"/>
  </connections>
  <connections type="routesTo">
    <source href="assembly.xml#InitRequestAudit"/>
    <target href="assembly.xml#WDRequestAggr"/>
  </connections>
  <connections type="routesTo">
    <source href="assembly.xml#//@beans/@mixed.1/@mixed.99/@mixed.3"/>
    <target href="assembly.xml#RequestErr1"/>
  </connections>
  <connections type="routesTo">
    <source href="assembly.xml#CloseRequstAggr"/>
    <target href="assembly.xml#WDRequestAggr"/>
  </connections>
  <connections type="routesTo">
    <source href="assembly.xml#WDRequestAggr"/>
    <target href="assembly.xml#StoreRequests"/>
  </connections>
  <connections type="routesTo">
    <source href="assembly.xml#//@beans/@mixed.1/@mixed.91/@mixed.3"/>
    <target href="assembly.xml#RequestErrSave"/>
  </connections>
  <connections type="routesTo">
    <source href="assembly.xml#StoreAuditFiles"/>
    <target href="assembly.xml#Call_CloseRequstAggr"/>
  </connections>
  <connections type="routesTo" sourceAnchorX="0.7752808988764045" sourceAnchorY="1.0" targetAnchorX="0.06451612903225806" targetAnchorY="0.14634146341463414">
    <source href="assembly.xml#ResponseAudit"/>
    <target href="assembly.xml#InitResponseAudit"/>
  </connections>
  <connections type="routesTo">
    <source href="assembly.xml#InitResponseAudit"/>
    <target href="assembly.xml#WDResponseAggr"/>
  </connections>
  <connections type="routesTo">
    <source href="assembly.xml#//@beans/@mixed.1/@mixed.115/@mixed.3"/>
    <target href="assembly.xml#ResponseErr1"/>
  </connections>
  <connections type="routesTo">
    <source href="assembly.xml#CloseResponseAggr"/>
    <target href="assembly.xml#WDResponseAggr"/>
  </connections>
  <connections type="routesTo">
    <source href="assembly.xml#WDResponseAggr"/>
    <target href="assembly.xml#StoreResponses"/>
  </connections>
  <connections type="routesTo">
    <source href="assembly.xml#//@beans/@mixed.1/@mixed.107/@mixed.3"/>
    <target href="assembly.xml#ResponseErr-Save"/>
  </connections>
  <connections type="routesResponseTo" sourceAnchorX="0.6512605042016807" sourceAnchorY="1.0" targetAnchorX="0.18702290076335878" targetAnchorY="0.3783783783783784">
    <source href="assembly.xml#Call_CloseRequstAggr"/>
    <target href="assembly.xml#Call_CloseResponseAggr"/>
  </connections>
  <connections type="routesTo">
    <source href="assembly.xml#//@beans/@mixed.1/@mixed.85/@mixed.5"/>
    <target href="assembly.xml#WWS-Err"/>
  </connections>
  <connections type="routesResponseTo">
    <source href="assembly.xml#Call_ResponseAudit-Payslip"/>
    <target href="assembly.xml#Call_RequestAudit-Payslip"/>
  </connections>
  <connections type="routesResponseTo">
    <source href="assembly.xml#PrepareWWSCall"/>
    <target href="assembly.xml#Call_ResponseAudit-Payslip"/>
  </connections>
  <connections type="routesTo">
    <source href="assembly.xml#PayslipInd"/>
    <target href="assembly.xml#Route0"/>
  </connections>
  <connections type="routesTo">
    <source href="assembly.xml#//@beans/@mixed.1/@route.2/@subRoute.0"/>
    <target href="assembly.xml#PrepareWWSCall"/>
  </connections>
  <connections type="routesTo">
    <source href="assembly.xml#//@beans/@mixed.1/@route.2/@subRoute.1"/>
    <target href="assembly.xml#PrepareWWSCall"/>
  </connections>
  <connections type="routesTo">
    <source href="assembly.xml#//@beans/@mixed.1/@route.2/@subRoute.2"/>
    <target href="assembly.xml#AsyncMediation"/>
  </connections>
  <connections type="routesTo">
    <source href="assembly.xml#AsyncMediation"/>
    <target href="assembly.xml#Call_AuditReport-Payslip"/>
  </connections>
  <connections type="routesResponseTo">
    <source href="assembly.xml#Call_RequestAudit-Payslip"/>
    <target href="assembly.xml#Call_AuditReport-Payslip"/>
  </connections>
  <connections type="routesTo">
    <source href="assembly.xml#CatchProcessCCWErr"/>
    <target href="assembly.xml#RouteWrkrCnt"/>
  </connections>
  <connections type="routesTo">
    <source href="assembly.xml#//@beans/@mixed.1/@route.3/@subRoute.0"/>
    <target href="assembly.xml#SplitCCW"/>
  </connections>
  <connections type="routesTo">
    <source href="assembly.xml#//@beans/@mixed.1/@route.3/@subRoute.1"/>
    <target href="assembly.xml#NoWorkersMsg"/>
  </connections>
  <connections type="routesTo">
    <source href="assembly.xml#SaveAuditFile"/>
    <target href="assembly.xml#PIM_AuditFile"/>
  </connections>
  <swimlanes x="70" y="83" name="Swimlane">
    <elements href="assembly.xml#INT10138"/>
    <elements href="assembly.xml#Call_Initialize"/>
    <elements href="assembly.xml#Call_RetrieveCCWFile"/>
    <elements href="assembly.xml#Call_ProcessCCW"/>
    <elements href="assembly.xml#Call_CloseAuditAggr"/>
    <elements href="assembly.xml#Call_SaveMessageAuditFiles"/>
  </swimlanes>
  <swimlanes x="796" y="222" name="WD-MessagesAudit">
    <elements href="assembly.xml#SaveMessageAuditFiles"/>
    <elements href="assembly.xml#AuditInfo"/>
    <elements href="#//@swimlanes.5"/>
    <elements href="assembly.xml#Call_CloseRequstAggr"/>
    <elements href="assembly.xml#Call_CloseResponseAggr"/>
  </swimlanes>
  <swimlanes x="1008" y="501" name="Swimlane" orientation="VERTICAL">
    <elements href="assembly.xml#InitialPropvalues"/>
    <elements href="assembly.xml#InitialErr"/>
  </swimlanes>
  <swimlanes x="1166" y="-3" bgColor="255" name="GlobalErrors">
    <elements href="assembly.xml#//@beans/@mixed.1/@mixed.3"/>
    <elements href="assembly.xml#Gbl-ErrorMsg"/>
  </swimlanes>
  <swimlanes x="38" y="222" name="InitialValues">
    <elements href="assembly.xml#Initialize"/>
    <elements href="#//@swimlanes.2"/>
    <elements href="assembly.xml#ValidateModeMsg"/>
  </swimlanes>
  <swimlanes x="1218" y="242" name="Swimlane" orientation="VERTICAL">
    <elements href="assembly.xml#StoreAuditFiles"/>
    <elements href="assembly.xml#StoreAuditErr"/>
  </swimlanes>
  <swimlanes x="-2952" y="253" name="CCWFile">
    <elements href="assembly.xml#RetrieveCCWFile"/>
    <elements href="assembly.xml#Retrieve-Info"/>
    <elements href="#//@swimlanes.8"/>
    <elements href="assembly.xml#GetEventDocuments"/>
    <elements href="#//@swimlanes.7"/>
    <elements href="assembly.xml#CCWFile"/>
    <elements href="assembly.xml#CopyCCWFile2Var"/>
  </swimlanes>
  <swimlanes x="717" y="761" name="Swimlane" orientation="VERTICAL">
    <elements href="assembly.xml#ValidateFileExists"/>
    <elements href="assembly.xml#NoFiles"/>
  </swimlanes>
  <swimlanes x="270" y="758" name="Swimlane" orientation="VERTICAL">
    <elements href="assembly.xml#CatchRetrieveErr"/>
    <elements href="assembly.xml#Retrieve-Err"/>
  </swimlanes>
  <swimlanes x="-63" y="1335" name="AuditReport">
    <elements href="assembly.xml#AuditReport"/>
    <elements href="#//@swimlanes.10"/>
    <elements href="#//@swimlanes.11"/>
    <elements href="assembly.xml#SaveAuditFile"/>
    <elements href="assembly.xml#PIM_AuditFile"/>
  </swimlanes>
  <swimlanes x="751" y="198" name="Swimlane" orientation="VERTICAL">
    <elements href="assembly.xml#AuditFile"/>
    <elements href="assembly.xml#AuditFile-Err"/>
  </swimlanes>
  <swimlanes x="970" y="201" name="Swimlane" orientation="VERTICAL">
    <elements href="assembly.xml#CloseAuditAggr"/>
    <elements href="assembly.xml#AuidtAggr"/>
  </swimlanes>
  <swimlanes x="-55" y="590" name="ProcessCCW">
    <elements href="assembly.xml#ProcessCCW"/>
    <elements href="assembly.xml#Process-Info"/>
    <elements href="#//@swimlanes.13"/>
    <elements href="assembly.xml#RouteWrkrCnt"/>
    <elements href="#//@swimlanes.26"/>
    <elements href="assembly.xml#MapXML"/>
    <elements href="assembly.xml#Route"/>
    <elements href="#//@swimlanes.14"/>
  </swimlanes>
  <swimlanes x="1426" y="828" name="Swimlane" orientation="VERTICAL">
    <elements href="assembly.xml#CatchProcessCCWErr"/>
    <elements href="assembly.xml#ProcessCCW-Err"/>
  </swimlanes>
  <swimlanes x="960" y="1166" name="Swimlane" orientation="VERTICAL">
    <elements href="assembly.xml#Call_PayslipInd"/>
    <elements href="assembly.xml#SkipRecord"/>
    <elements href="assembly.xml#Call_AuditReport"/>
  </swimlanes>
  <swimlanes x="-70" y="1688" name="PayslipInidicator">
    <elements href="assembly.xml#PayslipInd"/>
    <elements href="#//@swimlanes.16"/>
    <elements href="assembly.xml#Route0"/>
    <elements href="#//@swimlanes.17"/>
    <elements href="assembly.xml#PaycheckDelivery"/>
  </swimlanes>
  <swimlanes x="1088" y="1670" name="Swimlane" orientation="VERTICAL">
    <elements href="assembly.xml#Call_ResponseAudit-Payslip"/>
    <elements href="assembly.xml#Call_RequestAudit-Payslip"/>
    <elements href="assembly.xml#Call_AuditReport-Payslip"/>
  </swimlanes>
  <swimlanes x="1223" y="1669" name="Swimlane" orientation="VERTICAL">
    <elements href="assembly.xml#PrepareWWSCall"/>
    <elements href="assembly.xml#WWS-Err"/>
  </swimlanes>
  <swimlanes name="Swimlane" orientation="VERTICAL">
    <elements href="assembly.xml#InitRequestAudit"/>
    <elements href="assembly.xml#RequestErr1"/>
  </swimlanes>
  <swimlanes name="Swimlane" orientation="VERTICAL">
    <elements href="assembly.xml#CloseRequstAggr"/>
    <elements href="assembly.xml#WDRequestAggr"/>
  </swimlanes>
  <swimlanes name="Swimlane" orientation="VERTICAL">
    <elements href="assembly.xml#StoreRequests"/>
    <elements href="assembly.xml#RequestErrSave"/>
  </swimlanes>
  <swimlanes x="-97" y="2297" name="RequestMessages">
    <elements href="assembly.xml#RequestAudit"/>
    <elements href="#//@swimlanes.18"/>
    <elements href="#//@swimlanes.19"/>
    <elements href="#//@swimlanes.20"/>
  </swimlanes>
  <swimlanes name="ResponseAudit" orientation="VERTICAL">
    <elements href="assembly.xml#InitResponseAudit"/>
    <elements href="assembly.xml#ResponseErr1"/>
  </swimlanes>
  <swimlanes name="Swimlane" orientation="VERTICAL">
    <elements href="assembly.xml#CloseResponseAggr"/>
    <elements href="assembly.xml#WDResponseAggr"/>
  </swimlanes>
  <swimlanes name="Swimlane" orientation="VERTICAL">
    <elements href="assembly.xml#StoreResponses"/>
    <elements href="assembly.xml#ResponseErr-Save"/>
  </swimlanes>
  <swimlanes x="888" y="2308" name="ResponseMessages">
    <elements href="assembly.xml#ResponseAudit"/>
    <elements href="#//@swimlanes.22"/>
    <elements href="#//@swimlanes.23"/>
    <elements href="#//@swimlanes.24"/>
  </swimlanes>
  <swimlanes x="788" y="1130" name="Swimlane" orientation="VERTICAL">
    <elements href="assembly.xml#SplitCCW"/>
    <elements href="assembly.xml#NoWorkersMsg"/>
  </swimlanes>
</wdnm:Diagram>
