<?xml version="1.0" encoding="UTF-8"?>
<beans
     xmlns="http://www.springframework.org/schema/beans"
     xmlns:beans="http://www.springframework.org/schema/beans"
     xmlns:atom="http://www.w3.org/2005/Atom"
     xmlns:cc="http://www.capeclear.com/assembly/10"
     xmlns:cloud="urn:com.workday/esb/cloud/10.0"
     xmlns:env="http://schemas.xmlsoap.org/soap/envelope/"
     xmlns:pi="urn:com.workday/picof"
     xmlns:wd="urn:com.workday/bsvc"
     xmlns:xsi="http://www.w3.org/2001/XMLSchema-instance">
 
	<cc:assembly id="WorkdayAssembly" version="2020.36">
        <cc:workday-in id="INT10138" routes-to="Call_Initialize">
            <cc:integration-system name="INT10138 Employee Payslip LOA Studio Boomerang">
        <cloud:param name="Validation Mode">
          <cloud:type>
            <cloud:simple-type>boolean</cloud:simple-type>
          </cloud:type>
          <cloud:default>
            <cloud:boolean>false</cloud:boolean>
          </cloud:default>
        </cloud:param>
        <cloud:param name="Integration Event">
          <cloud:type>
            <cloud:class-report-field description="Integration Event" type="WID" singular="true">6a7f3d0d368549dc963d07b03d3daa09</cloud:class-report-field>
          </cloud:type>
          <cloud:launch-option>required</cloud:launch-option>
        </cloud:param>
        <cloud:attribute-map-service name="INT10138 Attributes">
          <cloud:attribute name="WWS Version">
            <cloud:type>
              <cloud:simple-type>text</cloud:simple-type>
            </cloud:type>
            <cloud:display-option>required-for-launch</cloud:display-option>
          </cloud:attribute>
          <cloud:attribute name="Include Messages Audit">
            <cloud:type>
              <cloud:simple-type>boolean</cloud:simple-type>
            </cloud:type>
          </cloud:attribute>
          <cloud:attribute name="Audit Filename">
            <cloud:type>
              <cloud:simple-type>text</cloud:simple-type>
            </cloud:type>
          </cloud:attribute>
          <cloud:attribute name="Document Retention Days">
            <cloud:type>
              <cloud:simple-type>number</cloud:simple-type>
            </cloud:type>
            <cloud:display-option>required-for-launch</cloud:display-option>
          </cloud:attribute>
        </cloud:attribute-map-service>
      </cc:integration-system>
        </cc:workday-in>
        <cc:send-error id="Gbl-ErrorHdlr" routes-to="Gbl-ErrorMsg"/>
        <cc:local-out id="Gbl-ErrorMsg" endpoint="vm://wcc/PutIntegrationMessage"><cc:set name="is.message.severity" value="'CRITICAL'"/><cc:set name="is.message.summary" value="'Error occurred at ' # context.errorComponentId # '. Click on link for more detail.'"/><cc:set name="is.message.detail" value="context.errorMessage"/></cc:local-out>
        <cc:async-mediation id="InitialPropvalues" routes-to="ValidateModeMsg">
            <cc:steps>
                <cc:copy id="Copy" output="variable" output-mimetype="text/xml" output-variable="int.system"/>
                <cc:eval id="Attr">
                    <cc:expression>props['wd.wws.version'] = 'v' # intsys.getAttribute('WWS Version');</cc:expression>
                    <cc:expression>props['include.message.audit'] = intsys.getAttributeAsBoolean('Include Messages Audit');</cc:expression>
                    <cc:expression>props['audit.filename'] = intsys.getAttribute('Audit File Name');</cc:expression>
                    <cc:expression>props['doc.retention.days'] = intsys.getAttribute('Document Retention Days');</cc:expression>
                    <cc:expression>//props['wd.wws.version'] = props['wd.wws.version'].ToLowerCase().replace('vv','v');    // removes extra v if added on the integration attribute and makes sure it is lowercase</cc:expression>
                </cc:eval>
                <cc:eval id="LP">
                    <cc:expression>props['lp.validation.mode'] = (Boolean) lp.getSimpleData('Validation Mode') </cc:expression>
                    <cc:expression>props['validation.flag'] = (props['lp.validation.mode'] == true) ? 1 : 0 // convert true/false to 1/0</cc:expression>
                    <cc:expression>props['lp.ccw.wid'] = lp.getReferenceData('Integration Event', 'WID')</cc:expression>
                </cc:eval>
                <cc:eval id="Eval">
                    <cc:expression>props['batch.audit.file.aggr'] = false</cc:expression>
                    <cc:expression>props['continue.processing'] = true</cc:expression>
                    <cc:expression>props['batch.request.aggr'] = false</cc:expression>
                    <cc:expression>props['batch.response.aggr'] = false</cc:expression>
                    <cc:expression>props['success.msg'] = (props['lp.validation.mode'] == true) ? 'Success (Validate Only)' : 'Success'</cc:expression>
                </cc:eval>
            </cc:steps>
            <cc:send-error id="SendError" routes-to="InitialErr"/>
        </cc:async-mediation>
        <cc:local-out id="ValidateModeMsg" execute-when="props['lp.validation.mode'] == true" endpoint="vm://wcc/PutIntegrationMessage"><cc:set name="is.message.severity" value="'INFO'"/><cc:set name="is.message.summary" value="'Running in validation mode, payslip delivery changes will be validated but not updated into Workday.'"/></cc:local-out>
        <cc:local-in id="Initialize" routes-to="InitialPropvalues"/>
        <cc:local-out id="InitialErr" endpoint="vm://wcc/PutIntegrationMessage"><cc:set name="is.message.severity" value="'ERROR'"/><cc:set name="is.message.summary" value="'Error occurred at ' # context.errorComponentId"/><cc:set name="is.message.detail" value="context.errorMessage"/><cc:set name="continue.processing" value="false"/></cc:local-out>
        <cc:local-in id="SaveMessageAuditFiles" routes-to="AuditInfo"/>
        <cc:local-out id="AuditInfo" routes-response-to="StoreAuditFiles" endpoint="vm://wcc/PutIntegrationMessage"><cc:set name="is.message.severity" value="'INFO'"/><cc:set name="is.message.summary" value="'Saving audit files.'"/></cc:local-out>
        <cc:async-mediation id="StoreAuditFiles" routes-to="Call_CloseRequstAggr" handle-downstream-errors="true">
            <cc:steps>
                <cc:store id="IntegrationSystem" input="variable" input-variable="int.system" expiresIn="P@{props['doc.retention.days']}D" title="INT10138_IntegrationInfo.xml"/>
            </cc:steps>
            <cc:send-error id="SendError" routes-to="StoreAuditErr"/>
        </cc:async-mediation>
        <cc:local-out id="StoreAuditErr" endpoint="vm://wcc/PutIntegrationMessage"><cc:set name="is.message.severity" value="'ERROR'"/><cc:set name="is.message.summary" value="'Error saving audit files.'"/><cc:set name="is.message.detail" value="context.errorMessage"/></cc:local-out>
        <cc:local-out id="Call_SaveMessageAuditFiles" execute-when="props['include.message.audit'] == true" endpoint="vm://INT10138_Payslip_LOA_Boomerang/SaveMessageAuditFiles"/>
        <cc:async-mediation id="CatchRetrieveErr" routes-to="GetEventDocuments" handle-downstream-errors="true">
            <cc:steps/>
            <cc:send-error id="SendError" routes-to="Retrieve-Err"/>
        </cc:async-mediation>
        <cc:local-in id="RetrieveCCWFile" routes-to="Retrieve-Info"/>
        <cc:local-out id="GetEventDocuments" routes-response-to="ValidateFileExists" endpoint="vm://wcc/GetEventDocuments"><cc:set name="ie.event.wid" value="props['lp.ccw.wid']"/></cc:local-out>
        <cc:async-mediation id="ValidateFileExists" routes-to="CCWFile">
            <cc:steps>
                <cc:validate-exp id="ValidateExp">
                    <cc:expression failure-message="No documents found. No further processing can be done.">da.size() > 0</cc:expression>
                </cc:validate-exp>
            </cc:steps>
            <cc:send-error id="SendError" routes-to="NoFiles"/>
        </cc:async-mediation>
        <cc:local-out id="NoFiles" endpoint="vm://wcc/PutIntegrationMessage"><cc:set name="is.message.severity" value="'ERROR'"/><cc:set name="is.message.summary" value="context.errorMessage"/><cc:set name="continue.processing" value="false"/></cc:local-out>
        <cc:route id="CCWFile">
            <cc:doc-iterator labels="Deliverable" variable-name="wd.retrieve.variable"/>
            <cc:sub-route name="SubRoute" routes-to="CopyCCWFile2Var"/>
        </cc:route>
        <cc:async-mediation id="CopyCCWFile2Var">
            <cc:steps>
                <cc:copy id="Copy" output="variable" output-mimetype="text/xml" output-variable="ccw.file" input="variable" input-variable="wd.retrieve.variable"/>
            </cc:steps>
        </cc:async-mediation>
        <cc:local-out id="Retrieve-Err" endpoint="vm://wcc/PutIntegrationMessage"><cc:set name="is.message.severity" value="'ERROR'"/><cc:set name="is.message.summary" value="'Error retrieving CCW File'"/><cc:set name="is.message.detail" value="context.errorMessage"/><cc:set name="continue.processing" value="false"/></cc:local-out>
        <cc:async-mediation id="AuditFile" routes-to="AuidtAggr" handle-downstream-errors="true">
            <cc:steps>
                <cc:eval id="Eval">
                    <cc:expression>props['audit.record'] = props['employee.id'] # ',' # props['employee.name'] # ',' # props['employee.payslip.ind'] # ',' # props['status.event'] # ',' # props['employee.status'] # ',' # props['audit.message'] </cc:expression>
                </cc:eval>
                <cc:write id="Write">
                    <cc:message>
                        <cc:text>@{props['employee.id']},@{props['employee.name']},@{props['employee.company.id']},@{props['payslip.option']},@{props['employee.status']},@{props['audit.record.updated']},@{props['audit.message']}</cc:text>
                    </cc:message>
                </cc:write>
            </cc:steps>
            <cc:send-error id="SendError" routes-to="AuditFile-Err"/>
        </cc:async-mediation>
        <cc:aggregator id="AuidtAggr" routes-to="SaveAuditFile" collate-when="props['batch.audit.file.aggr'] == false" force-batch-when="props['batch.audit.file.aggr'] == true">
            <cc:size-batch-strategy batch-size="-1"/>
            <cc:message-content-collater>
        <cc:header-text>Employee ID,Employee Name,Company,New Payslip Delivery Option,Employee Status,Record Updated,Message@{'\n'}</cc:header-text>
        <cc:separator>@{'\n'}</cc:separator>
      </cc:message-content-collater>
        </cc:aggregator>
        <cc:local-in id="AuditReport" routes-to="AuditFile"/>
        <cc:local-out id="AuditFile-Err" endpoint="vm://wcc/PutIntegrationMessage"><cc:set name="is.message.severity" value="'ERROR'"/><cc:set name="is.message.summary" value="'Error occurred at ' # context.errorComponentId"/><cc:set name="is.message.detail" value="context.errorMessage"/></cc:local-out>
        <cc:local-in id="CloseAuditAggr" routes-to="AuidtAggr"/>
        <cc:async-mediation id="SaveAuditFile" routes-to="PIM_AuditFile">
            <cc:steps>
                <cc:store id="Store" output="variable" output-variable="v.audit.file" expiresIn="P@{props['doc.retention.days']}D" title="auditfile.csv"/>
            </cc:steps>
        </cc:async-mediation>
        <cc:local-out id="Call_Initialize" routes-response-to="Call_RetrieveCCWFile" endpoint="vm://INT10138_Payslip_LOA_Boomerang/Initialize"/>
        <cc:local-out id="Call_RetrieveCCWFile" execute-when="props['continue.processing'] == true" routes-response-to="Call_ProcessCCW" endpoint="vm://INT10138_Payslip_LOA_Boomerang/RetrieveCCWFile"/>
        <cc:local-out id="Call_CloseAuditAggr" execute-when="props['continue.processing'] == true" routes-response-to="Call_SaveMessageAuditFiles" endpoint="vm://INT10138_Payslip_LOA_Boomerang/CloseAuditAggr"><cc:set name="batch.audit.file.aggr" value="true"/></cc:local-out>
        <cc:local-in id="ProcessCCW" routes-to="Process-Info"/>
        <cc:async-mediation id="CatchProcessCCWErr" routes-to="RouteWrkrCnt" handle-downstream-errors="true">
            <cc:steps>
                <cc:copy id="Copy" output-mimetype="text/xml" input="variable" input-variable="ccw.file"/>
                <cc:eval id="Eval">
                    <cc:expression>props['ccw.worker.count'] = parts[0].xpath('/ws:Worker_Sync/ws:Header/ws:Worker_Count','ws urn:com.workday/workersync')</cc:expression>
                    <cc:expression>props['prior.date'] = parts[0].xpath('/ws:Worker_Sync/ws:Header/ws:Prior_Entry_Time','ws urn:com.workday/workersync')</cc:expression>
                    <cc:expression>props['current.date'] = parts[0].xpath('/ws:Worker_Sync/ws:Header/ws:Current_Entry_Time','ws urn:com.workday/workersync')</cc:expression>
                    <cc:expression>props['prior.date'] = props['prior.date'].substring(0,10)</cc:expression>
                    <cc:expression>props['current.date'] = props['current.date'].substring(0,10)</cc:expression>
                </cc:eval>
            </cc:steps>
            <cc:send-error id="SendError" routes-to="ProcessCCW-Err"/>
        </cc:async-mediation>
        <cc:local-out id="ProcessCCW-Err" endpoint="vm://wcc/PutIntegrationMessage"><cc:set name="is.message.severity" value="'ERROR'"/><cc:set name="is.message.summary" value="'Error occurred at ' # context.errorComponentId"/><cc:set name="is.message.detail" value="context.errorMessage"/><cc:set name="continue.processing" value="false"/></cc:local-out>
        <cc:splitter id="SplitCCW">
            <cc:sub-route name="SubRoute" routes-to="MapXML"/>
            <cc:xml-stream-splitter namespaces="ws urn:com.workday/workersync" xpath="ws:Worker_Sync/ws:Worker"/>
        </cc:splitter>
        <cc:async-mediation id="MapXML" routes-to="Route">
            <cc:steps>
                <cc:eval id="Eval">
                    <cc:expression>props['status.event'] = parts[0].xpath('/ws:Worker/ws:Status/ws:Staffing_Event','ws urn:com.workday/workersync')</cc:expression>
                    <cc:expression>props['employee.payslip.ind'] = parts[0].xpath('/ws:Worker/ws:Additional_Information/ws:Payslip_Indicator','ws urn:com.workday/workersync')</cc:expression>
                    <cc:expression>props['employee.id'] = parts[0].xpath('/ws:Worker/ws:Summary/ws:Employee_ID','ws urn:com.workday/workersync')</cc:expression>
                    <cc:expression>props['employee.name'] = parts[0].xpath('/ws:Worker/ws:Summary/ws:Name','ws urn:com.workday/workersync')</cc:expression>
                    <cc:expression>props['employee.terminated'] = parts[0].xpath('/ws:Worker/ws:Status/ws:Terminated','ws urn:com.workday/workersync')</cc:expression>
                    <cc:expression>props['employee.status'] = parts[0].xpath('/ws:Worker/ws:Status/ws:Employee_Status','ws urn:com.workday/workersync')</cc:expression>
                    <cc:expression>props['audit.record'] = ''</cc:expression>
                    <cc:expression>props['audit.message'] = ''</cc:expression>
                    <cc:expression>props['audit.record.updated'] = ''</cc:expression>
                    <cc:expression>props['payslip.option'] = ''</cc:expression>
                    <cc:expression>props['employee.rescind.count'] = parts[0].xpath('count(/ws:Worker/ws:Transaction_Log_Data/ws:Transaction_Log_Entry[ws:Is_Rescind_Or_Rescinded=&quot;true&quot;])','ws urn:com.workday/workersync')</cc:expression>
                    <cc:expression>props['employee.company.id'] = parts[0].xpath('/ws:Worker/ws:Position[ws:Primary_Position=&quot;true&quot;]/ws:Organization_Data[ws:Organization_Type=&quot;Company&quot;]/ws:Organization','ws urn:com.workday/workersync')</cc:expression>
                </cc:eval>
            </cc:steps>
        </cc:async-mediation>
        <cc:route id="Route">
            <cc:mvel-strategy>
                <cc:choose-route expression="props['status.event'] == 'LOA' || props['status.event'] == 'RFL' " route="Update"/>
                <cc:choose-route expression="true" route="Skip"/>
            </cc:mvel-strategy>
            <cc:sub-route name="Update" routes-to="Call_PayslipInd"/>
            <cc:sub-route name="Skip" routes-to="SkipRecord"/>
        </cc:route>
        <cc:local-in id="PayslipInd" routes-to="Route0"/>
        <cc:local-out id="Call_AuditReport" endpoint="vm://INT10138_Payslip_LOA_Boomerang/AuditReport"/>
        <cc:local-out id="Call_ProcessCCW" execute-when="props['continue.processing'] == true" routes-response-to="Call_CloseAuditAggr" endpoint="vm://INT10138_Payslip_LOA_Boomerang/ProcessCCW"/>
        <cc:async-mediation id="SkipRecord" routes-to="Call_AuditReport">
            <cc:steps>
                <cc:eval id="Eval">
                    <cc:expression>props['audit.message'] = (props['employee.rescind.count'] > 0) ? 'Employee has a rescinded leave event - no action taken for this employee. Please review employee option in tenant' : 'Employee does not have a leave event - no action taken for this employee.'</cc:expression>
                    <cc:expression>props['audit.record.updated'] = 'N'</cc:expression>
                </cc:eval>
            </cc:steps>
        </cc:async-mediation>
        <cc:local-out id="Call_PayslipInd" endpoint="vm://INT10138_Payslip_LOA_Boomerang/PayslipInd"/>
        <cc:local-out id="Retrieve-Info" routes-response-to="CatchRetrieveErr" endpoint="vm://wcc/PutIntegrationMessage"><cc:set name="is.message.severity" value="'INFO'"/><cc:set name="is.message.summary" value="'Retrieving CCW file.'"/></cc:local-out>
        <cc:local-out id="Process-Info" routes-response-to="CatchProcessCCWErr" endpoint="vm://wcc/PutIntegrationMessage"><cc:set name="is.message.severity" value="'INFO'"/><cc:set name="is.message.summary" value="'Processing CCW file.'"/></cc:local-out>
        <cc:sync-mediation id="PrepareWWSCall" routes-to="PaycheckDelivery" handle-downstream-errors="true" routes-response-to="Call_ResponseAudit-Payslip">
            <cc:request-steps>
                <cc:eval id="Eval0">
                    <cc:expression>props['wd.request.submitted'] = false</cc:expression>
                    <cc:expression>props['wd.request.success'] = true</cc:expression>
                    <cc:expression>props['payslip.option'] = (props['status.event'] == 'LOA') ? 'PAPER_COPY' : 'ELECTRONIC_COPY'</cc:expression>
                    <cc:expression>props['audit.record.updated'] = 'N'</cc:expression>
                </cc:eval>
                <cc:write id="Write">
                    <cc:message>
                        <cc:text>&lt;wd:Put_Paycheck_Delivery__Public__Request xmlns:wd=&quot;urn:com.workday/bsvc&quot;>&#xD;
            &lt;wd:Paycheck_Delivery_Data>&#xD;
                &lt;wd:Worker_Reference>&#xD;
                    &lt;wd:ID wd:type=&quot;Employee_ID&quot;>@{props['employee.id']}&lt;/wd:ID>&#xD;
                &lt;/wd:Worker_Reference>&#xD;
                &lt;wd:Payslip_Printing_Override_Reference>&#xD;
                    &lt;wd:ID wd:type=&quot;Payslip_Printing_Choice_ID&quot;>@{props['payslip.option']}&lt;/wd:ID>&#xD;
                &lt;/wd:Payslip_Printing_Override_Reference>&#xD;
            &lt;/wd:Paycheck_Delivery_Data>&#xD;
&lt;/wd:Put_Paycheck_Delivery__Public__Request>&#xD;
</cc:text>
                    </cc:message>
                </cc:write>
                <cc:copy id="Copy" output="variable" output-variable="wd.request"/>
                <cc:wrap-soap id="WrapSoap"/>
                <cc:set-headers id="SetHeaders"><cc:remove-headers/><cc:add-headers>
    <cc:add-header name="X-Validate-Only" value="@{props['validation.flag']}"/>
</cc:add-headers></cc:set-headers></cc:request-steps>
            <cc:response-steps>
                <cc:eval id="Eval">
                    <cc:expression>props['wd.request.submitted'] = true</cc:expression>
                    <cc:expression>props['audit.record.updated'] = (props['wd.request.success'] == true) ? 'Y' : 'N'</cc:expression>
                    <cc:expression>props['audit.message'] = (props['wd.request.success'] == true) ? props['success.msg'] : context.errorMessage</cc:expression>
                </cc:eval>
                <cc:set-headers id="RemoveHeader"><cc:remove-headers>
    <cc:remove-header name="X-Validate-Only"/>
</cc:remove-headers><cc:add-headers/></cc:set-headers>
            </cc:response-steps>
            <cc:send-error id="SendError" routes-to="WWS-Err"/>
        </cc:sync-mediation>
        <cc:workday-out-soap id="PaycheckDelivery" application="Payroll" version="@{props['wd.wws.version']}"/>
        <cc:local-out id="RequestErrSave" endpoint="vm://wcc/PutIntegrationMessage">
            <cc:set name="is.message.severity" value="'ERROR'"/>
            <cc:set name="is.message.summary" value="'Error saving request audit.zip'"/>
            <cc:set name="is.message.detail" value="context.errorMessage"/>
        </cc:local-out>
        <cc:async-mediation id="StoreRequests">
            <cc:steps>
                <cc:zip id="Zip"/>
                <cc:store id="Store" expiresIn="P@{props['doc.retention.days']}D" title="WDRequests.zip"/>
            </cc:steps>
            <cc:send-error id="SendError" routes-to="RequestErrSave"/>
        </cc:async-mediation>
        <cc:aggregator id="WDRequestAggr" routes-to="StoreRequests" collate-when="props['batch.request.aggr'] == false" force-batch-when="props['batch.request.aggr'] == true">
            <cc:size-batch-strategy batch-size="-1"/>
            <cc:xml-message-content-collater>
        <cc:header-text>&lt;Requests></cc:header-text>
        <cc:footer-text>&lt;/Requests></cc:footer-text>
      </cc:xml-message-content-collater>
        </cc:aggregator>
        <cc:local-in id="CloseRequstAggr" routes-to="WDRequestAggr"/>
        <cc:local-out id="RequestErr1" endpoint="vm://wcc/PutIntegrationMessage">
            <cc:set name="is.message.severity" value="'ERROR'"/>
            <cc:set name="is.message.summary" value="'Error adding message to request aggregator for employee(' # props['employee.id'] # ').'"/>
            <cc:set name="is.message.detail" value="context.errorMessage"/>
        <cc:set name="continue.processing" value="true"/></cc:local-out>
        <cc:async-mediation id="InitRequestAudit" routes-to="WDRequestAggr" handle-downstream-errors="true">
            <cc:steps>
                <cc:copy id="Copy" input="variable" input-variable="wd.request"/>
            </cc:steps>
            <cc:send-error id="SendError" routes-to="RequestErr1"/>
        </cc:async-mediation>
        <cc:local-in id="RequestAudit" routes-to="InitRequestAudit"/>
        <cc:local-out id="Call_CloseRequstAggr" routes-response-to="Call_CloseResponseAggr" endpoint="vm://INT10138_Payslip_LOA_Boomerang/CloseRequstAggr"><cc:set name="batch.request.aggr" value="true"/></cc:local-out>
        <cc:local-out id="ResponseErr-Save" endpoint="vm://wcc/PutIntegrationMessage">
            <cc:set name="is.message.severity" value="'ERROR'"/>
            <cc:set name="is.message.summary" value="'Error saving response audit.zip'"/>
            <cc:set name="is.message.detail" value="context.errorMessage"/>
        </cc:local-out>
        <cc:async-mediation id="StoreResponses">
            <cc:steps>
                <cc:zip id="Zip"/>
                <cc:store id="Store" expiresIn="P@{props['doc.retention.days']}D" title="WDResponses.zip"/>
            </cc:steps>
            <cc:send-error id="SendError" routes-to="ResponseErr-Save"/>
        </cc:async-mediation>
        <cc:aggregator id="WDResponseAggr" routes-to="StoreResponses" collate-when="props['batch.response.aggr'] == false" force-batch-when="props['batch.response.aggr'] == true">
            <cc:size-batch-strategy batch-size="-1"/>
            <cc:xml-message-content-collater>
        <cc:header-text>&lt;Responses></cc:header-text>
        <cc:footer-text>&lt;/Responses></cc:footer-text>
      </cc:xml-message-content-collater>
        </cc:aggregator>
        <cc:local-in id="CloseResponseAggr" routes-to="WDResponseAggr"/>
        <cc:local-out id="ResponseErr1" endpoint="vm://wcc/PutIntegrationMessage">
            <cc:set name="is.message.severity" value="'ERROR'"/>
            <cc:set name="is.message.summary" value="'Error adding message to response aggregator for employee(' # props['p.employee.id'] # ').'"/>
            <cc:set name="is.message.detail" value="context.errorMessage"/>
        </cc:local-out>
        <cc:async-mediation id="InitResponseAudit" routes-to="WDResponseAggr" handle-downstream-errors="true">
            <cc:steps/>
            <cc:send-error id="SendError" routes-to="ResponseErr1"/>
        </cc:async-mediation>
        <cc:local-in id="ResponseAudit" routes-to="InitResponseAudit"/>
        <cc:local-out id="Call_CloseResponseAggr" endpoint="vm://INT10138_Payslip_LOA_Boomerang/CloseResponseAggr"><cc:set name="batch.response.aggr" value="true"/></cc:local-out>
        <cc:local-out id="WWS-Err" endpoint="vm://wcc/PutIntegrationMessage"><cc:set name="is.message.severity" value="'ERROR'"/><cc:set name="is.message.summary" value="'Error updating record for employee ' # props['employee.id']"/><cc:set name="is.message.detail" value="context.errorMessage"/><cc:set name="wd.request.sucess" value="false"/></cc:local-out>
        <cc:local-out id="Call_ResponseAudit-Payslip" execute-when="props['wd.request.submitted'] == true &amp;&amp; props['include.message.audit'] == true" routes-response-to="Call_RequestAudit-Payslip" endpoint="vm://INT10138_Payslip_LOA_Boomerang/ResponseAudit"/>
        <cc:local-out id="Call_RequestAudit-Payslip" execute-when="props['wd.request.submitted'] == true &amp;&amp; props['include.message.audit'] == true" routes-response-to="Call_AuditReport-Payslip" endpoint="vm://INT10138_Payslip_LOA_Boomerang/RequestAudit"/>
        <cc:route id="Route0">
            <cc:mvel-strategy>
                <cc:choose-route expression="props['status.event'] == 'LOA' &amp;&amp; (props['employee.payslip.ind'] == '' || props['employee.payslip.ind'] == 'N')" route="LOA"/>
                <cc:choose-route expression="props['status.event'] == 'RFL' &amp;&amp; props['employee.payslip.ind'] == 'Y'" route="RFL"/>
                <cc:choose-route expression="true" route="Default"/>
            </cc:mvel-strategy>
            <cc:sub-route name="LOA" routes-to="PrepareWWSCall"/>
            <cc:sub-route name="RFL" routes-to="PrepareWWSCall"/>
            <cc:sub-route name="Default" routes-to="AsyncMediation"/>
        </cc:route>
        <cc:async-mediation id="AsyncMediation" routes-to="Call_AuditReport-Payslip">
            <cc:steps>
                <cc:eval id="Eval">
                    <cc:expression>props['paper.request.submitted'] = false</cc:expression>
                    <cc:expression>props['audit.record.updated'] = 'N'</cc:expression>
                    <cc:expression>props['audit.message'] = (props['status.event'] == 'LOA') ? 'Employee is on leave and already receives a paper copy.' : 'Employee is already receiving an electronic copy.'</cc:expression>
                </cc:eval>
            </cc:steps>
        </cc:async-mediation>
        <cc:local-out id="Call_AuditReport-Payslip" endpoint="vm://INT10138_Payslip_LOA_Boomerang/AuditReport"/>
        <cc:route id="RouteWrkrCnt">
            <cc:mvel-strategy>
                <cc:choose-route expression="props['ccw.worker.count'] > 0" route="Workers"/>
                <cc:choose-route expression="true" route="NoWorkers"/>
            </cc:mvel-strategy>
            <cc:sub-route name="Workers" routes-to="SplitCCW"/>
            <cc:sub-route name="NoWorkers" routes-to="NoWorkersMsg"/>
        </cc:route>
        <cc:local-out id="NoWorkersMsg" endpoint="vm://wcc/PutIntegrationMessage"><cc:set name="is.message.severity" value="'INFO'"/><cc:set name="is.message.summary" value="'No data to process, no Employees have a leave event between ' # props['prior.date'] # ' and ' # props['current.date']"/><cc:set name="continue.processing" value="false"/></cc:local-out>
        <cc:local-out id="PIM_AuditFile" endpoint="vm://wcc/PutIntegrationMessage"><cc:set name="is.message.severity" value="'INFO'"/><cc:set name="is.message.summary" value="'Audit File'"/><cc:set name="is.document.variable.name" value="'v.audit.file'"/><cc:set name="is.document.deliverable" value="'true'"/></cc:local-out>
	</cc:assembly>

</beans>