<?xml version="1.0" encoding="UTF-8"?>
<beans
     xmlns="http://www.springframework.org/schema/beans"
     xmlns:beans="http://www.springframework.org/schema/beans"
     xmlns:atom="http://www.w3.org/2005/Atom"
     xmlns:cc="http://www.capeclear.com/assembly/10"
     xmlns:cloud="urn:com.workday/esb/cloud/10.0"
     xmlns:env="http://schemas.xmlsoap.org/soap/envelope/"
     xmlns:pi="urn:com.workday/picof"
     xmlns:wd="urn:com.workday/bsvc"
     xmlns:xsi="http://www.w3.org/2001/XMLSchema-instance">
 
	<cc:assembly id="WorkdayAssembly" version="2020.36">
        <cc:workday-in id="StartHere" routes-to="LP">
            <cc:integration-system name="INT8908_India_EInvoicing">
        <cloud:param name="Company">
          <cloud:type>
            <cloud:class-report-field description="Company" type="WID" singular="true">810fd3a71fb010000c0fedeffda864ab</cloud:class-report-field>
          </cloud:type>
        </cloud:param>
        <cloud:param name="Invoice">
          <cloud:type>
            <cloud:simple-type>text</cloud:simple-type>
          </cloud:type>
        </cloud:param>
        <cloud:attribute-map-service name="INT8908_Attributes">
          <cloud:attribute name="TokenURL">
            <cloud:type>
              <cloud:simple-type>text</cloud:simple-type>
            </cloud:type>
          </cloud:attribute>
          <cloud:attribute name="ClientID">
            <cloud:type>
              <cloud:simple-type>text</cloud:simple-type>
            </cloud:type>
          </cloud:attribute>
          <cloud:attribute name="ClientSecret">
            <cloud:type>
              <cloud:simple-type>text</cloud:simple-type>
            </cloud:type>
          </cloud:attribute>
          <cloud:attribute name="Genrate QR URL">
            <cloud:type>
              <cloud:simple-type>text</cloud:simple-type>
            </cloud:type>
          </cloud:attribute>
          <cloud:attribute name="Get Status URL">
            <cloud:type>
              <cloud:simple-type>text</cloud:simple-type>
            </cloud:type>
          </cloud:attribute>
          <cloud:map name="State_Map">
            <cloud:internal-type>
              <cloud:simple-type>text</cloud:simple-type>
            </cloud:internal-type>
            <cloud:external-type>
              <cloud:simple-type>text</cloud:simple-type>
            </cloud:external-type>
          </cloud:map>
        </cloud:attribute-map-service>
        <cloud:report-service name="INT8908_ReportService">
          <cloud:report-alias description="INT8908 Customer E- Invoice" name="InvoiceData">
            <cloud:report-reference description="INT8908 Customer E- Invoice" type="WID">055cfaeb68a501bfea3727e233155fc8</cloud:report-reference>
          </cloud:report-alias>
        </cloud:report-service>
        <cloud:custom-object-service name="INT8908_Custom_service">
          <cloud:custom-object-alias description="CustomerInvoice" name="CustomerInvoice">
            <cloud:custom-object-reference description="Customer Invoice Custom Object" type="WID">a8d0dd67b28f0196ffcf8a6e447fcf40</cloud:custom-object-reference>
          </cloud:custom-object-alias>
          <cloud:custom-object-alias description="CustomerInvoiceAdjustment" name="CustomerInvoiceAdjustment">
            <cloud:custom-object-reference description="Customer Invoice Adjustment Custom Object" type="WID">a8d0dd67b28f01cf9c7374d5447f2042</cloud:custom-object-reference>
          </cloud:custom-object-alias>
        </cloud:custom-object-service>
      </cc:integration-system>
        </cc:workday-in>
        <cc:async-mediation id="LP" routes-to="Call-GenrateToken">
            <cc:steps>
                <cc:eval id="Eval">
                    <cc:expression>props['invoice.no'] = lp.getSimpleData('Invoice')</cc:expression>
                    <cc:expression>props['company'] = lp.getReferenceData('Company','WID')</cc:expression>
                    <cc:expression>props['url'] = intsys.getAttribute('TokenURL')</cc:expression>
                    <cc:expression>props['clientid'] = intsys.getAttribute('ClientID')</cc:expression>
                    <cc:expression>props['cliensecret'] = intsys.getAttribute('ClientSecret')</cc:expression>
                    <cc:expression>props['url_IRN'] = intsys.getAttribute('Genrate QR URL')</cc:expression>
                    <cc:expression>props['url_Status_att'] = intsys.getAttribute('Get Status URL')</cc:expression>
                    <cc:expression>props['force.close']=false;props['processedForEInvoice']=false;props['Error']=false;</cc:expression>
                    <cc:expression>props['client_cred']= 'client_credentials'</cc:expression>
                </cc:eval>
            </cc:steps>
        </cc:async-mediation>
        <cc:local-in id="GetInvoiceData" routes-to="WorkdayOutRest"/>
        <cc:local-out id="Call-GetInvoiceData" store-message="none" routes-response-to="Call-CloseAgg" endpoint="vm://INT8908_India_EInvoicing/GetInvoiceData"/>
        <cc:workday-out-rest id="WorkdayOutRest" routes-response-to="Splitter" extra-path="@{intsys.reportService.getExtrapath('InvoiceData')}?Company!WID=@{props['company']}&amp;Invoice_Number=@{props['invoice.no']}"/>
        <cc:async-mediation id="ConvertData" routes-to="Call-GenrateEWB">
            <cc:steps>
                <cc:eval id="Eval0">
                    <cc:expression>props['invoice.wid']=parts[0].xpath(&quot;wd:Report_Entry/wd:Customer_Invoice_Document/wd:ID[@wd:type='WID']&quot;)</cc:expression>
                    <cc:expression>props['invoice.no']=parts[0].xpath(&quot;wd:Report_Entry/wd:Invoice_Number&quot;)</cc:expression>
                    <cc:expression>props['fin_year']=parts[0].xpath(&quot;wd:Report_Entry/wd:Fin_year&quot;)</cc:expression>
                    <cc:expression>System.out.println(&quot;invoice_wid:&quot; + props['invoice.wid']+&quot;invoice_Number:&quot; + props['invoice.no']+&quot;finyear&quot;+props['fin_year']);</cc:expression>
                    <cc:expression>props['invoice.RefId']=parts[0].xpath(&quot;wd:Report_Entry/wd:Customer_Invoice_Document/wd:ID[@wd:type='Customer_Invoice_Reference_ID']&quot;)</cc:expression>
                    <cc:expression>props['Is_Adjustment']=parts[0].xpath(&quot;wd:Report_Entry/wd:Is_Adjustment&quot;)</cc:expression>
                    <cc:expression>System.out.println(&quot;props['Is_Adjustment']:&quot; + props['Is_Adjustment']);</cc:expression>
                    <cc:expression>if (props['Is_Adjustment']=='1') {props['invoice.RefId']=parts[0].xpath(&quot;wd:Report_Entry/wd:Customer_Invoice_Document/wd:ID[@wd:type='Customer_Invoice_Adjustment_Reference_ID']&quot;)}</cc:expression>
                    <cc:expression>props['Buyers_country']=parts[0].xpath(&quot;wd:Report_Entry/wd:Buyers_Country/@wd:Descriptor&quot;)</cc:expression>
                </cc:eval>
                <cc:log id="Log1">
                    <cc:log-message>
                        <cc:text>&#xD;
***Report XML**********&#xD;
</cc:text>
                        <cc:message-content/>
                    </cc:log-message>
                </cc:log>
                <cc:xslt-plus id="XsltPlus" url="INT8908_TransformXML.xsl"/>
                <cc:log id="Log2">
                    <cc:log-message>
                        <cc:message-content/>
                        <cc:text>***After conversion****&#xD;
</cc:text>
                    </cc:log-message>
                </cc:log>
                <cc:eval id="Eval">
                    <cc:expression>props['transaction_id']=parts[0].xpath('ReportEntry/DocDtls/No')</cc:expression>
                    <cc:expression>props['supply_type']=parts[0].xpath('ReportEntry/TranDtls/SupTyp')</cc:expression>
                    <cc:expression>props['transaction_type']=parts[0].xpath('ReportEntry/DocDtls/Typ')</cc:expression>
                    <cc:expression>//props['return_year']='20'#props['fin_year'].toString().substring(0, 2)#'-'#props['fin_year'].toString().substring(2, 4)</cc:expression>
                    <cc:expression>props['r.month']=parts[0].xpath('ReportEntry/DocDtls/Dt')</cc:expression>
                    <cc:expression>props['return_month']=props['r.month'].toString().substring(3, 5);&#xD;
props['return_curr_year']=props['r.month'].toString().substring(6, 10);&#xD;
props['p.oneYearminus']=props['return_curr_year']-1;&#xD;
props['p.oneYearadd']=props['return_curr_year']+1;</cc:expression>
                    <cc:expression>//props['p.oneYearminus']=parts[0].xpath(&quot;xs:date( \'&quot; + props['r.month'] +&quot;\')-365*xs:dayTimeDuration(\'P1D\')&quot;).substring(0,4);&#xD;
//props['p.oneYearadd']=parts[0].xpath(&quot;xs:date( \'&quot; + props['r.month']+&quot;\')+365*xs:dayTimeDuration(\'P1D\')&quot;).substring(0,4)&#xD;
props['p.oneYearadd_substring']=props['p.oneYearadd'].toString().substring(2, 4);&#xD;
props['return_curr_year_substring']=props['return_curr_year'].toString().substring(2, 4);</cc:expression>
                    <cc:expression>if (props['return_month'] >='04') {props['return_year']=props['return_curr_year']#'-'#props['p.oneYearadd_substring']} else if (props['return_month'] &lt;'04') {props['return_year']=props['p.oneYearminus']#'-'#props['return_curr_year_substring']};</cc:expression>
                    <cc:expression>System.out.println(&quot;transaction_id:&quot; + props['transaction_id']);&#xD;
System.out.println(&quot;supply_type:&quot; + props['supply_type']);&#xD;
System.out.println(&quot;transaction_type:&quot; + props['transaction_type']);&#xD;
System.out.println(&quot;oneYearminus:&quot; + props['p.oneYearminus']);&#xD;
System.out.println(&quot;oneYearadd:&quot; + props['p.oneYearadd']);&#xD;
System.out.println(&quot;current year:&quot; + props['return_year']);</cc:expression>
                </cc:eval>
                <cc:log id="Log0">
                    <cc:log-message>
                        <cc:message-content/>
                    </cc:log-message>
                </cc:log>
                <cc:xml-to-json id="XmlToJson" schema="message" schema-url="INT8908_transform.xsd"/>
                <cc:log id="Log3">
                    <cc:log-message>
                        <cc:text>****After jaosn****&#xD;
</cc:text>
                        <cc:message-content/>
                    </cc:log-message>
                </cc:log>
                <cc:copy id="Copy" output="variable" output-variable="post_data"/>
                <cc:log id="Log">
                    <cc:log-message>
                        <cc:text>*******************Invoice Data***************&#xD;
&#xD;
</cc:text>
                        <cc:line-separator/>
                        <cc:message-content/>
                    </cc:log-message>
                </cc:log>
            </cc:steps>
            <cc:send-error id="SendError" routes-to="Covert-PIM"/>
        </cc:async-mediation>
        <cc:local-out id="Call-GenrateToken" store-message="none" routes-response-to="Call-GetInvoiceData" endpoint="vm://INT8908_India_EInvoicing/GenrateToken"/>
        <cc:local-in id="GenrateToken" routes-to="Header"/>
        <cc:http-out id="HttpOut" routes-response-to="Convert" endpoint="@{props['url_Token']}" http-method="POST"/>
        <cc:async-mediation id="Header" routes-to="HttpOut">
            <cc:steps>
                <cc:eval id="Eval">
                    <cc:expression>props['url_Token']= props['url']#'?client_id='#props['clientid']#'&amp;client_secret='#props['cliensecret']#'&amp;grant_type='#props['client_cred']</cc:expression>
                    <cc:expression>System.out.println(&quot;props['url_Token']:&quot; + props['url_Token']);</cc:expression>
                </cc:eval>
                <cc:log id="Log">
                    <cc:log-message>
                        <cc:text>***Inside token gen******</cc:text>
                        <cc:message-content/>
                    </cc:log-message>
                </cc:log>
                <cc:write id="Write">
                    <cc:message>
                        <cc:text>client_id=@{props['clientid']}&amp;client_secret=@{props['cliensecret']}&amp;grant_type=client_credentials</cc:text>
                    </cc:message>
                </cc:write>
                <cc:set-headers id="SetHeaders" output="rootpart">
                    <cc:remove-headers/>
                    <cc:add-headers>
                        <cc:add-header name="Content-Type" value="application/x-www-form-urlencoded"/>
                    </cc:add-headers>
                </cc:set-headers>
                <cc:log id="Log0">
                    <cc:log-message>
                        <cc:message-content/>
                    </cc:log-message>
                </cc:log>
            </cc:steps>
            <cc:send-error id="SendError" routes-to="TokenError"/>
        </cc:async-mediation>
        <cc:async-mediation id="Convert">
            <cc:steps>
                <cc:json-to-xml id="JsonToXml"/>
                <cc:eval id="Eval">
                    <cc:expression>props['token']=parts[0].xpath('root/data/access_token');</cc:expression>
                    <cc:expression>System.out.println(&quot;Token:&quot; + props['token']);</cc:expression>
                </cc:eval>
            </cc:steps>
        </cc:async-mediation>
        <cc:local-out id="Call-GenrateEWB" store-message="none" routes-response-to="StoreRequest" endpoint="vm://INT8908_India_EInvoicing/GenrateEWB"/>
        <cc:local-in id="GenrateEWB" routes-to="setHeader"/>
        <cc:async-mediation id="setHeader" routes-to="HttpOut0">
            <cc:steps>
                <cc:copy id="Copy" input="variable" input-variable="post_data"/>
                <cc:set-headers id="SetHeaders"><cc:remove-headers/><cc:add-headers>
    <cc:add-header name="Content-Type" value="application/json"/>
    <cc:add-header name="Authorization" value="Bearer @{props['token']}"/>
    <cc:add-header name="app-id" value="envoice"/>
</cc:add-headers></cc:set-headers>
            </cc:steps>
            <cc:send-error id="SendError" routes-to="EWBError"/>
        </cc:async-mediation>
        <cc:http-out id="HttpOut0" routes-response-to="log" endpoint="@{props['url_IRN']}" http-method="POST"/>
        <cc:async-mediation id="log">
            <cc:steps>
                <cc:log id="Log">
                    <cc:log-message>
                        <cc:text>*******Response After IRN Genration Call**************</cc:text>
                        <cc:message-content/>
                    </cc:log-message>
                </cc:log></cc:steps>
        </cc:async-mediation>
        <cc:local-out id="Call-GetStatus" store-message="none" endpoint="vm://INT8908_India_EInvoicing/GetStatus"/>
        <cc:local-in id="GetStatus" routes-to="AsyncMediation"/>
        <cc:async-mediation id="AsyncMediation" routes-to="HttpOut1" handle-downstream-errors="true">
            <cc:steps>
                <cc:set-headers id="SetHeaders"><cc:remove-headers/><cc:add-headers>
    <cc:add-header name="Content-Type" value="Application/json"/>
    <cc:add-header name="Authorization" value="Bearer @{props['token']}"/>
    <cc:add-header name="app-id" value="envoice"/>
</cc:add-headers></cc:set-headers>
                <cc:eval id="Eval">
                    <cc:expression>props['url_Status']= props['url_Status_att']#'?transaction_id='#props['transaction_id']#'&amp;supply_type=Outward&amp;transaction_type='#props['transaction_type']#'&amp;return_year='#props['return_year']#'&amp;return_month='#props['return_month']</cc:expression>
                    <cc:expression>System.out.println(&quot;props['url_Status']:&quot; + props['url_Status']);</cc:expression>
                </cc:eval>
            </cc:steps>
            <cc:send-error id="SendError" routes-to="AsyncMediation2"/>
        </cc:async-mediation>
        <cc:http-out id="HttpOut1" routes-response-to="UpdateCustomObject" endpoint="@{props['url_Status']}" http-method="GET"/>
        <cc:async-mediation id="UpdateCustomObject" routes-to="AsyncMediation3" handle-downstream-errors="true">
            <cc:steps>
                <cc:log id="Log0">
                    <cc:log-message>
                        <cc:text>***********************Value*****************</cc:text>
                        <cc:line-separator/>
                        <cc:message-content/>
                    </cc:log-message>
                </cc:log>
                <cc:json-to-xml id="JsonToXml"/>
                <cc:log id="Log1">
                    <cc:log-message>
                        <cc:text>**********************JSON to XML*******************</cc:text>
                        <cc:line-separator/>
                        <cc:message-content/>
                    </cc:log-message>
                </cc:log>
                <cc:eval id="Eval">
                    <cc:expression>props['QRCode']=parts[0].xpath('root/data/result/SignedQRCode')</cc:expression>
                    <cc:expression>//props['QRimage']='https://chart.googleapis.com/chart?chs=150x150&amp;cht=qr&amp;chl=%22+%27encodeURI('#props['QRCode']#')%27'&#xD;
</cc:expression>
                    <cc:expression>props['status']=parts[0].xpathB('root/data/success');&#xD;
props['Error']=parts[0].xpathB('root/data/taxillaErrorCode');&#xD;
props['einvoiceMessage']=empty;</cc:expression>
                    <cc:expression>if(props['status']==true){ props['einvoiceStatus']='Success';&#xD;
props['einvoiceMessage']=parts[0].xpath('root/data/message')}</cc:expression>
                    <cc:expression>props['AckNo']=parts[0].xpath('root/data/result/AckNo')</cc:expression>
                    <cc:expression>props['AckDt']=parts[0].xpath('root/data/result/AckDt')</cc:expression>
                    <cc:expression>props['Irn']=parts[0].xpath('root/data/result/Irn')</cc:expression>
                    <cc:expression>if(props['Error']==true){ props['einvoiceStatus']='Error';}</cc:expression>
                    <cc:expression>System.out.println(&quot;Sucess:&quot; + props['status']);System.out.println(&quot;Error:&quot; + props['Error']);</cc:expression>
                </cc:eval>
            </cc:steps>
            <cc:send-error id="SendError" routes-to="QRError"/>
        </cc:async-mediation>
        <cc:async-mediation id="Sleep" routes-to="Call-GetStatus">
            <cc:steps>
                <cc:eval id="Eval">
                    <cc:expression>Thread.currentThread().sleep(60000);</cc:expression>
                </cc:eval>
            </cc:steps>
        </cc:async-mediation>
        <cc:local-out id="PutIntegrationMessage" endpoint="vm://wcc/PutIntegrationMessage"><cc:set name="is.message.severity" value="'INFO'"/><cc:set name="is.message.summary" value="'outputvar.jpeg'"/><cc:set name="is.document.variable.name" value="'outputvar'"/><cc:set name="is.document.file.name" value="'outputvar.jpeg'"/></cc:local-out>
        <cc:async-mediation id="StoreRequest" routes-to="Sleep">
            <cc:steps>
                <cc:store id="Store" output="variable" output-variable="Outputvar" input="variable" input-variable="post_data" title="Request.json"/>
            </cc:steps>
        </cc:async-mediation>
        <cc:workday-out-rest id="WorkdayOutRest0" routes-response-to="Error-Handler" extra-path="@{props['prop.customobject']}?updateIfExists=true" method="POST"/>
        <cc:local-out id="QRError" endpoint="vm://wcc/PutIntegrationMessage"><cc:set name="is.message.severity" value="'ERROR'"/><cc:set name="is.message.summary" value="context.errorMessage"/></cc:local-out>
        <cc:local-out id="TokenError" endpoint="vm://wcc/PutIntegrationMessage"><cc:set name="is.message.severity" value="'ERROR'"/><cc:set name="is.message.summary" value="context.errorMessage"/></cc:local-out>
        <cc:local-out id="EWBError" endpoint="vm://wcc/PutIntegrationMessage"><cc:set name="is.message.severity" value="'ERROR'"/><cc:set name="is.message.summary" value="context.errorMessage"/></cc:local-out>
        <cc:async-mediation id="AsyncMediation1">
            <cc:steps>
                <cc:store id="Store" output="variable" output-mimetype="text/csv" output-variable="output.var" expiresIn="P90D" title="Output.csv"/>
                <cc:set-headers id="SetHeaders">
                    <cc:remove-headers/>
                    <cc:add-headers>
                        <cc:add-header name="client_id" value="@{props['clientid']}"/>
                        <cc:add-header name="client_secret" value="@{props['cliensecret']}"/>
                        <cc:add-header name="grant_type" value="client_credentials"/>
                    </cc:add-headers>
                </cc:set-headers>
            </cc:steps>
        </cc:async-mediation>
        <cc:local-out id="PutIntegrationMessage0" endpoint="vm://wcc/PutIntegrationMessage"><cc:set name="is.message.severity" value="'INFO'"/><cc:set name="is.message.summary" value="'Audit Generated'"/><cc:set name="is.document.variable.name" value="'output.var'"/><cc:set name="is.document.file.name" value="'Output.csv'"/></cc:local-out>
        <cc:splitter id="Splitter">
            <cc:sub-route name="SubRoute" routes-to="ConvertData"/>
            <cc:xml-stream-splitter xpath="wd:Report_Data/wd:Report_Entry"/>
        </cc:splitter>
        <cc:local-out id="Call-CloseAgg" store-message="none" endpoint="vm://INT8908_India_EInvoicing/CloseAgg"><cc:set name="force.close" value="true"/></cc:local-out>
        <cc:aggregator id="Aggregator" routes-to="Error-Validation" collate-when="!props['force.close']" force-batch-when="props['force.close']">
            <cc:size-batch-strategy/>
            <cc:message-content-collater>
        <cc:header-text>InvoiceNo|Status|Error@{'\n'}</cc:header-text>
        <cc:separator>\n</cc:separator>
      </cc:message-content-collater>
        </cc:aggregator>
        <cc:local-in id="CloseAgg" routes-to="Aggregator"/>
        <cc:async-mediation id="write" routes-to="Aggregator">
            <cc:steps>
                <cc:write id="Write0">
                    <cc:message>
                        <cc:text>@{props['invoice.no']}|@{props['einvoiceStatus']}|@{props['einvoiceMessage']}</cc:text>
                    </cc:message>
                </cc:write>
            </cc:steps>
        </cc:async-mediation>
        <cc:async-mediation id="AsyncMediation2" routes-to="UpdateCustomObject">
            <cc:steps>
                <cc:log id="Log">
                    <cc:log-message>
                        <cc:text>**************************Error LOG*******************</cc:text>
                        <cc:line-separator/>
                        <cc:message-content/>
                    </cc:log-message>
                </cc:log>
            </cc:steps>
        </cc:async-mediation>
        <cc:async-mediation id="Error-Validation">
            <cc:steps>
                <cc:log id="Log">
                    <cc:log-message>
                        <cc:text>******************after aggregator****************</cc:text>
                        <cc:line-separator/>
                        <cc:message-content/>
                    </cc:log-message>
                </cc:log>
                <cc:validate-exp id="ValidateExp">
                    <cc:expression failure-message="@{props['einvoiceMessage']}">props['Error']!=true</cc:expression>
                </cc:validate-exp>
            </cc:steps>
            <cc:send-error id="SendError" routes-to="PutIntegrationMessage1"/>
        </cc:async-mediation>
        <cc:local-out id="PutIntegrationMessage1" endpoint="vm://wcc/PutIntegrationMessage"><cc:set name="is.message.severity" value="'ERROR'"/><cc:set name="is.message.summary" value="'Error while logging the audit file'+context.errorMessage"/></cc:local-out>
        <cc:async-mediation id="AsyncMediation3" routes-to="Custom_Inv" execute-steps-when="props['Error']" handle-downstream-errors="true">
            <cc:steps>
                <cc:xslt-plus id="Errors" output="variable" output-variable="error.msg" url="Allerrors.xsl"/>
                <cc:eval id="Eval0">
                    <cc:expression>if(props['Error']==true){props['einvoiceMessage']=vars['error.msg'].text;}</cc:expression>
                    <cc:expression>System.out.println(&quot;einvoiceStatus:&quot; + props['einvoiceStatus']);</cc:expression>
                    <cc:expression>props['einvoiceMessage']=props['einvoiceMessage'].toString().trim()</cc:expression>
                    <cc:expression>System.out.println(&quot;einvoiceMessage:&quot; + props['einvoiceMessage']);</cc:expression>
                    <cc:expression>props['processedForEInvoice']=true</cc:expression>
                </cc:eval>
                <cc:log id="Log">
                    <cc:log-message>
                        <cc:text>INVOICEID:@{props['invoice.wid']}&#xD;
QRCode:@{props['QRCode']}&#xD;
ackgno:@{props['AckNo']}&#xD;
ackgdt:@{props['AckDt']}&#xD;
irn:@{props['Irn']}&#xD;
einvoiceStatus:@{props['einvoiceStatus']}&#xD;
einvoiceMessage:@{props['einvoiceMessage']}&#xD;
processedbyinvoice:@{props['processedForEInvoice']}</cc:text>
                    </cc:log-message>
                </cc:log>
            </cc:steps>
            <cc:send-error id="SendError" routes-to="PutIntegrationMessage2"/>
        </cc:async-mediation>
        <cc:async-mediation id="Custom_Inv" routes-to="Custom_inv_adj" execute-steps-when="props['Is_Adjustment'] == 0">
            <cc:steps>
                <cc:write id="Write">
                    <cc:message>
                        <cc:text>&#xD;
{&#xD;
   &quot;customerInvoice&quot;: {&quot;id&quot;:&quot;@{props['invoice.wid']}&quot;},&#xD;
   &quot;textqr&quot;:&quot;@{props['QRCode']}&quot;,&#xD;
   &quot;AckNo&quot;:&quot;@{props['AckNo']}&quot;,&#xD;
   &quot;AckDt&quot;:&quot;@{props['AckDt']}&quot;,&#xD;
   &quot;irn&quot;:&quot;@{props['Irn']}&quot;,&#xD;
   &quot;einvoiceStatus&quot;:&quot;@{props['einvoiceStatus']}&quot;,&#xD;
   &quot;einvoiceMessage&quot;:&quot;@{props['einvoiceMessage']}&quot;,&#xD;
   &quot;processedForEInvoice&quot;:true&#xD;
}	&#xD;
</cc:text>
                    </cc:message>
                </cc:write>
                <cc:eval id="Eval">
                    <cc:expression>props['prop.customobject'] =  intsys.customObjectService.getExtrapath('CustomerInvoice')</cc:expression>
                    <cc:expression>System.out.println(&quot;Custom Object update for CustomerInvoice&quot;);</cc:expression>
                </cc:eval>
                <cc:log id="Log">
                    <cc:log-message>
                        <cc:message-content/>
                        <cc:text>cust obj**********************</cc:text>
                    </cc:log-message>
                </cc:log>
            </cc:steps>
        </cc:async-mediation>
        <cc:workday-out-soap id="WorkdayOutSoap" execute-when="props['Error']" routes-response-to="write" application="Revenue_Management" version="v36.0"/>
        <cc:local-out id="PutIntegrationMessage2" endpoint="vm://wcc/PutIntegrationMessage"><cc:set name="is.message.severity" value="'ERROR'"/><cc:set name="is.message.summary" value="'Error while Updating Cutom Object'"/><cc:set name="is.message.detail" value="context.errorMessage"/></cc:local-out>
        <cc:async-mediation id="Custom_inv_adj" routes-to="WorkdayOutRest0" execute-steps-when="props['Is_Adjustment'] == 1">
            <cc:steps>
                <cc:write id="Write">
                    <cc:message>
                        <cc:text>{&#xD;
   &quot;customerInvoiceAdjustment&quot;: {&quot;id&quot;:&quot;@{props['invoice.wid']}&quot;},&#xD;
   &quot;textqr&quot;:&quot;@{props['QRCode']}&quot;,&#xD;
   &quot;AckNo&quot;:&quot;@{props['AckNo']}&quot;,&#xD;
   &quot;AckDt&quot;:&quot;@{props['AckDt']}&quot;,&#xD;
   &quot;irn&quot;:&quot;@{props['Irn']}&quot;,&#xD;
   &quot;einvoiceStatus&quot;:&quot;@{props['einvoiceStatus']}&quot;,&#xD;
   &quot;einvoiceMessage&quot;:&quot;@{props['einvoiceMessage']}&quot;,&#xD;
   &quot;processedForEInvoice&quot;:true&#xD;
}	&#xD;
</cc:text>
                    </cc:message>
                </cc:write>
                <cc:eval id="Eval">
                    <cc:expression>props['prop.customobject'] =  intsys.customObjectService.getExtrapath('CustomerInvoiceAdjustment')</cc:expression>
                    <cc:expression>System.out.println(&quot;Custom Object update for CustomerInvoiceAdjustment&quot;);</cc:expression>
                </cc:eval>
            </cc:steps>
        </cc:async-mediation>
        <cc:async-mediation id="Cancel_invoice" routes-to="Cancel_Adj" execute-steps-when="props['Error'] &amp;&amp; props['Is_Adjustment'] == '0'">
            <cc:steps>
                <cc:write id="Write">
                    <cc:message>
                        <cc:text>&lt;?xml version=&quot;1.0&quot; encoding=&quot;UTF-8&quot;?>&#xD;
&lt;env:Envelope&#xD;
    xmlns:env=&quot;http://schemas.xmlsoap.org/soap/envelope/&quot;&#xD;
    xmlns:xsd=&quot;http://www.w3.org/2001/XMLSchema&quot;>&#xD;
    &lt;env:Body>&#xD;
        &lt;wd:Cancel_Customer_Invoice_Request&#xD;
            xmlns:wd=&quot;urn:com.workday/bsvc&quot;&#xD;
            wd:version=&quot;v36.0&quot;>&#xD;
            &lt;wd:Customer_Invoice_Reference>&#xD;
                &lt;wd:ID wd:type=&quot;Customer_Invoice_Reference_ID&quot;>@{props['invoice.RefId']}&lt;/wd:ID>&#xD;
            &lt;/wd:Customer_Invoice_Reference>&#xD;
        &lt;/wd:Cancel_Customer_Invoice_Request>&#xD;
    &lt;/env:Body>&#xD;
&lt;/env:Envelope></cc:text>
                    </cc:message>
                </cc:write>
                <cc:log id="Log0">
                    <cc:log-message>
                        <cc:text>******************Cancel Invoice*************</cc:text>
                        <cc:message-content/>
                    </cc:log-message>
                </cc:log>
            </cc:steps>
        </cc:async-mediation>
        <cc:async-mediation id="Cancel_Adj" routes-to="WorkdayOutSoap" execute-steps-when="props['Error'] &amp;&amp; props['Is_Adjustment'] == '1'">
            <cc:steps>
                <cc:write id="Write">
                    <cc:message>
                        <cc:text>&lt;?xml version=&quot;1.0&quot; encoding=&quot;UTF-8&quot;?>&#xD;
&lt;env:Envelope&#xD;
    xmlns:env=&quot;http://schemas.xmlsoap.org/soap/envelope/&quot;&#xD;
    xmlns:xsd=&quot;http://www.w3.org/2001/XMLSchema&quot;>&#xD;
    &lt;env:Body>&#xD;
        &lt;wd:Cancel_Customer_Invoice_Adjustment_Request&#xD;
            xmlns:wd=&quot;urn:com.workday/bsvc&quot;&#xD;
            wd:version=&quot;v36.0&quot;>&#xD;
            &lt;wd:Customer_Invoice_Adjustment_Reference>&#xD;
                &lt;wd:ID wd:type=&quot;Customer_Invoice_Adjustment_Reference_ID&quot;>@{props['invoice.RefId']}&lt;/wd:ID>&#xD;
            &lt;/wd:Customer_Invoice_Adjustment_Reference>&#xD;
        &lt;/wd:Cancel_Customer_Invoice_Adjustment_Request>&#xD;
    &lt;/env:Body>&#xD;
&lt;/env:Envelope></cc:text>
                    </cc:message>
                </cc:write>
                <cc:log id="Log0">
                    <cc:log-message>
                        <cc:text>******************Cancel Invoice Adjustment*************</cc:text>
                        <cc:message-content/>
                    </cc:log-message>
                </cc:log>
            </cc:steps>
        </cc:async-mediation>
        <cc:local-out id="Covert-PIM" endpoint="vm://wcc/PutIntegrationMessage"><cc:set name="is.message.severity" value="'ERROR'"/><cc:set name="is.message.summary" value="'Error during'#context.errorComponentId"/><cc:set name="is.message.detail" value="context.errorMessage"/></cc:local-out>
        <cc:async-mediation id="Error-Handler" routes-to="Cancel_invoice" handle-downstream-errors="true">
            <cc:steps/>
            <cc:send-error id="SendError" routes-to="PutIntegrationMessage3"/>
        </cc:async-mediation>
        <cc:local-out id="PutIntegrationMessage3" endpoint="vm://wcc/PutIntegrationMessage"><cc:set name="is.message.severity" value="'ERROR'"/><cc:set name="is.message.summary" value="'Error while Updating Cancelling Invoice'"/><cc:set name="is.message.detail" value="context.errorMessage"/></cc:local-out>
	</cc:assembly>

</beans>