<?xml version="1.0" encoding="UTF-8"?>
<wdnm:Diagram xmlns:wdnm="http://workday.com/studio/editors/notation">
  <element href="assembly.xml#WorkdayAssembly"/>
  <visualProperties x="141" y="86">
    <element href="assembly.xml#StartHere"/>
  </visualProperties>
  <visualProperties x="261" y="85">
    <element href="assembly.xml#LP"/>
  </visualProperties>
  <visualProperties x="116" y="284">
    <element href="assembly.xml#GetInvoiceData"/>
  </visualProperties>
  <visualProperties x="358" y="116">
    <element href="assembly.xml#Call-GetInvoiceData"/>
  </visualProperties>
  <visualProperties x="302" y="280">
    <element href="assembly.xml#WorkdayOutRest"/>
  </visualProperties>
  <visualProperties x="528" y="267">
    <element href="assembly.xml#ConvertData"/>
  </visualProperties>
  <visualProperties x="138" y="384">
    <element href="assembly.xml#Call-GenrateToken"/>
  </visualProperties>
  <visualProperties x="606" y="94">
    <element href="assembly.xml#GenrateToken"/>
  </visualProperties>
  <visualProperties x="298" y="448">
    <element href="assembly.xml#HttpOut"/>
  </visualProperties>
  <visualProperties x="306" y="455">
    <element href="assembly.xml#Header"/>
  </visualProperties>
  <visualProperties x="602" y="432">
    <element href="assembly.xml#Convert"/>
  </visualProperties>
  <visualProperties x="142" y="385">
    <element href="assembly.xml#Call-GenrateEWB"/>
  </visualProperties>
  <visualProperties x="402" y="430">
    <element href="assembly.xml#GenrateEWB"/>
  </visualProperties>
  <visualProperties x="565" y="461">
    <element href="assembly.xml#setHeader"/>
  </visualProperties>
  <visualProperties x="820" y="485">
    <element href="assembly.xml#HttpOut0"/>
  </visualProperties>
  <visualProperties x="969" y="509">
    <element href="assembly.xml#log"/>
  </visualProperties>
  <visualProperties x="954" y="217">
    <element href="assembly.xml#Call-GetStatus"/>
  </visualProperties>
  <visualProperties x="411" y="590">
    <element href="assembly.xml#GetStatus"/>
  </visualProperties>
  <visualProperties x="597" y="642">
    <element href="assembly.xml#AsyncMediation"/>
  </visualProperties>
  <visualProperties x="800" y="668">
    <element href="assembly.xml#HttpOut1"/>
  </visualProperties>
  <visualProperties x="894" y="649">
    <element href="assembly.xml#UpdateCustomObject"/>
  </visualProperties>
  <visualProperties x="889" y="178">
    <element href="assembly.xml#Sleep"/>
  </visualProperties>
  <visualProperties x="1867" y="512">
    <element href="assembly.xml#PutIntegrationMessage"/>
  </visualProperties>
  <visualProperties x="1916" y="329">
    <element href="assembly.xml#StoreRequest"/>
  </visualProperties>
  <visualProperties x="1101" y="685">
    <element href="assembly.xml#WorkdayOutRest0"/>
  </visualProperties>
  <visualProperties x="932" y="799">
    <element href="assembly.xml#QRError"/>
  </visualProperties>
  <visualProperties x="632" y="460">
    <element href="assembly.xml#TokenError"/>
  </visualProperties>
  <visualProperties x="637" y="725">
    <element href="assembly.xml#EWBError"/>
  </visualProperties>
  <visualProperties x="837" y="889">
    <element href="assembly.xml#AsyncMediation1"/>
  </visualProperties>
  <visualProperties x="1290" y="1275">
    <element href="assembly.xml#PutIntegrationMessage0"/>
  </visualProperties>
  <visualProperties x="1582" y="93">
    <element href="assembly.xml#Splitter"/>
  </visualProperties>
  <visualProperties x="174" y="390">
    <element href="assembly.xml#Call-CloseAgg"/>
  </visualProperties>
  <visualProperties x="1937" y="1076">
    <element href="assembly.xml#Aggregator"/>
  </visualProperties>
  <visualProperties x="1673" y="1119">
    <element href="assembly.xml#CloseAgg"/>
  </visualProperties>
  <visualProperties x="1818" y="1080">
    <element href="assembly.xml#write"/>
  </visualProperties>
  <visualProperties x="1432" y="1091">
    <element href="assembly.xml#AsyncMediation2"/>
  </visualProperties>
  <visualProperties x="2305" y="1076">
    <element href="assembly.xml#Error-Validation"/>
  </visualProperties>
  <visualProperties x="2380" y="1144">
    <element href="assembly.xml#PutIntegrationMessage1"/>
  </visualProperties>
  <visualProperties x="2747" y="1140">
    <element href="assembly.xml#AsyncMediation3"/>
  </visualProperties>
  <visualProperties x="2801" y="1140">
    <element href="assembly.xml#Custom_Inv"/>
  </visualProperties>
  <visualProperties x="1540" y="998">
    <element href="assembly.xml#WorkdayOutSoap"/>
  </visualProperties>
  <visualProperties x="1348" y="1140">
    <element href="assembly.xml#PutIntegrationMessage2"/>
  </visualProperties>
  <visualProperties x="2897" y="1106">
    <element href="assembly.xml#Custom_inv_adj"/>
  </visualProperties>
  <visualProperties x="3096" y="1106">
    <element href="assembly.xml#Cancel_invoice"/>
  </visualProperties>
  <visualProperties x="3290" y="1106">
    <element href="assembly.xml#Cancel_Adj"/>
  </visualProperties>
  <visualProperties x="1056" y="227">
    <element href="assembly.xml#Covert-PIM"/>
  </visualProperties>
  <visualProperties x="3386" y="1222">
    <element href="assembly.xml#Error-Handler"/>
  </visualProperties>
  <visualProperties x="2225" y="1252">
    <element href="assembly.xml#PutIntegrationMessage3"/>
  </visualProperties>
  <connections type="routesTo" targetAnchorX="0.18269230769230768" targetAnchorY="0.02702702702702703">
    <source href="assembly.xml#LP"/>
    <target href="assembly.xml#Call-GenrateToken"/>
  </connections>
  <connections type="routesTo">
    <source href="assembly.xml#GetInvoiceData"/>
    <target href="assembly.xml#WorkdayOutRest"/>
  </connections>
  <connections type="routesResponseTo" sourceAnchorX="0.9329896907216495" sourceAnchorY="0.43243243243243246" targetAnchorX="0.045454545454545456" targetAnchorY="0.10344827586206896">
    <source href="assembly.xml#WorkdayOutRest"/>
    <target href="assembly.xml#Splitter"/>
  </connections>
  <connections type="routesTo">
    <source href="assembly.xml#GenrateToken"/>
    <target href="assembly.xml#Header"/>
  </connections>
  <connections type="routesTo">
    <source href="assembly.xml#Header"/>
    <target href="assembly.xml#HttpOut"/>
  </connections>
  <connections type="routesResponseTo">
    <source href="assembly.xml#HttpOut"/>
    <target href="assembly.xml#Convert"/>
  </connections>
  <connections type="routesTo">
    <source href="assembly.xml#GenrateEWB"/>
    <target href="assembly.xml#setHeader"/>
  </connections>
  <connections type="routesTo">
    <source href="assembly.xml#setHeader"/>
    <target href="assembly.xml#HttpOut0"/>
  </connections>
  <connections type="routesResponseTo">
    <source href="assembly.xml#HttpOut0"/>
    <target href="assembly.xml#log"/>
  </connections>
  <connections type="routesTo">
    <source href="assembly.xml#GetStatus"/>
    <target href="assembly.xml#AsyncMediation"/>
  </connections>
  <connections type="routesTo">
    <source href="assembly.xml#AsyncMediation"/>
    <target href="assembly.xml#HttpOut1"/>
  </connections>
  <connections type="routesResponseTo" targetAnchorX="0.33707865168539325" targetAnchorY="0.5204081632653061">
    <source href="assembly.xml#Call-GenrateEWB"/>
    <target href="assembly.xml#StoreRequest"/>
  </connections>
  <connections type="routesResponseTo">
    <source href="assembly.xml#HttpOut1"/>
    <target href="assembly.xml#UpdateCustomObject"/>
  </connections>
  <connections type="routesTo">
    <source href="assembly.xml#Sleep"/>
    <target href="assembly.xml#Call-GetStatus"/>
  </connections>
  <connections type="routesTo" targetAnchorX="0.20967741935483872" targetAnchorY="0.08108108108108109">
    <source href="assembly.xml#//@beans/@mixed.1/@mixed.41/@mixed.3"/>
    <target href="assembly.xml#QRError"/>
  </connections>
  <connections type="routesTo">
    <source href="assembly.xml#//@beans/@mixed.1/@mixed.19/@mixed.3"/>
    <target href="assembly.xml#TokenError"/>
  </connections>
  <connections type="routesTo">
    <source href="assembly.xml#//@beans/@mixed.1/@mixed.27/@mixed.3"/>
    <target href="assembly.xml#EWBError"/>
  </connections>
  <connections type="routesTo" targetAnchorX="0.5280898876404494" targetAnchorY="0.1836734693877551">
    <source href="assembly.xml#//@beans/@mixed.1/@mixed.37/@mixed.3"/>
    <target href="assembly.xml#AsyncMediation2"/>
  </connections>
  <connections type="routesTo" targetAnchorX="0.149812734082397" targetAnchorY="0.3673469387755102">
    <source href="assembly.xml#UpdateCustomObject"/>
    <target href="assembly.xml#AsyncMediation3"/>
  </connections>
  <connections type="routesTo" sourceAnchorX="0.26119402985074625" sourceAnchorY="0.7837837837837838">
    <source href="assembly.xml#StartHere"/>
    <target href="assembly.xml#LP"/>
  </connections>
  <connections type="routesTo" targetAnchorX="0.006507592190889371" targetAnchorY="0.6836734693877551">
    <source href="assembly.xml#//@beans/@mixed.1/@splitter.0/@subRoute.0"/>
    <target href="assembly.xml#ConvertData"/>
    <bendpoints sourceX="104" sourceY="3" targetX="2" targetY="84"/>
  </connections>
  <connections type="routesResponseTo" sourceAnchorX="0.19230769230769232" sourceAnchorY="0.7837837837837838" targetAnchorX="0.1889400921658986" targetAnchorY="0.08108108108108109">
    <source href="assembly.xml#Call-GenrateToken"/>
    <target href="assembly.xml#Call-GetInvoiceData"/>
  </connections>
  <connections type="routesTo" targetAnchorX="0.012121212121212121" targetAnchorY="0.3643410852713178">
    <source href="assembly.xml#Aggregator"/>
    <target href="assembly.xml#Error-Validation"/>
  </connections>
  <connections type="routesTo">
    <source href="assembly.xml#CloseAgg"/>
    <target href="assembly.xml#Aggregator"/>
  </connections>
  <connections type="routesTo">
    <source href="assembly.xml#write"/>
    <target href="assembly.xml#Aggregator"/>
  </connections>
  <connections type="routesTo" targetAnchorX="0.015" targetAnchorY="0.4594594594594595">
    <source href="assembly.xml#ConvertData"/>
    <target href="assembly.xml#Call-GenrateEWB"/>
  </connections>
  <connections type="routesTo">
    <source href="assembly.xml#AsyncMediation2"/>
    <target href="assembly.xml#UpdateCustomObject"/>
  </connections>
  <connections type="routesTo" sourceAnchorX="0.810126582278481" sourceAnchorY="1.0" targetAnchorX="0.5179282868525896" targetAnchorY="0.0">
    <source href="assembly.xml#//@beans/@mixed.1/@mixed.73/@mixed.3"/>
    <target href="assembly.xml#PutIntegrationMessage1"/>
  </connections>
  <connections type="routesTo" targetAnchorX="0.047619047619047616" targetAnchorY="0.41836734693877553">
    <source href="assembly.xml#Custom_Inv"/>
    <target href="assembly.xml#Custom_inv_adj"/>
  </connections>
  <connections type="routesResponseTo" sourceAnchorX="0.20276497695852536" sourceAnchorY="0.7837837837837838" targetAnchorX="0.2807017543859649" targetAnchorY="0.05405405405405406">
    <source href="assembly.xml#Call-GetInvoiceData"/>
    <target href="assembly.xml#Call-CloseAgg"/>
    <bendpoints sourceX="-10" sourceY="33" targetX="13" targetY="-34"/>
  </connections>
  <connections type="routesTo">
    <source href="assembly.xml#//@beans/@mixed.1/@mixed.77/@mixed.3"/>
    <target href="assembly.xml#PutIntegrationMessage2"/>
  </connections>
  <connections type="routesTo">
    <source href="assembly.xml#Custom_inv_adj"/>
    <target href="assembly.xml#WorkdayOutRest0"/>
  </connections>
  <connections type="routesResponseTo" targetAnchorX="0.20224719101123595" targetAnchorY="0.5108695652173914">
    <source href="assembly.xml#WorkdayOutRest0"/>
    <target href="assembly.xml#Error-Handler"/>
  </connections>
  <connections type="routesTo">
    <source href="assembly.xml#Cancel_invoice"/>
    <target href="assembly.xml#Cancel_Adj"/>
  </connections>
  <connections type="routesTo">
    <source href="assembly.xml#Cancel_Adj"/>
    <target href="assembly.xml#WorkdayOutSoap"/>
  </connections>
  <connections type="routesResponseTo">
    <source href="assembly.xml#WorkdayOutSoap"/>
    <target href="assembly.xml#write"/>
  </connections>
  <connections type="routesTo">
    <source href="assembly.xml#//@beans/@mixed.1/@mixed.11/@mixed.3"/>
    <target href="assembly.xml#Covert-PIM"/>
  </connections>
  <connections type="routesTo">
    <source href="assembly.xml#//@beans/@mixed.1/@mixed.93/@mixed.3"/>
    <target href="assembly.xml#PutIntegrationMessage3"/>
  </connections>
  <connections type="routesTo" targetAnchorX="0.08536585365853659" targetAnchorY="0.46938775510204084">
    <source href="assembly.xml#Error-Handler"/>
    <target href="assembly.xml#Cancel_invoice"/>
  </connections>
  <connections type="routesTo">
    <source href="assembly.xml#StoreRequest"/>
    <target href="assembly.xml#Sleep"/>
  </connections>
  <connections type="routesTo">
    <source href="assembly.xml#AsyncMediation3"/>
    <target href="assembly.xml#Custom_Inv"/>
  </connections>
  <swimlanes x="94" y="43" name="Main Program" orientation="VERTICAL">
    <elements href="assembly.xml#StartHere"/>
    <elements href="assembly.xml#LP"/>
    <elements href="assembly.xml#Call-GenrateToken"/>
    <elements href="assembly.xml#Call-GetInvoiceData"/>
    <elements href="assembly.xml#Call-CloseAgg"/>
  </swimlanes>
  <swimlanes x="364" y="3" name="Get Invoice Related Data">
    <elements href="assembly.xml#GetInvoiceData"/>
    <elements href="assembly.xml#WorkdayOutRest"/>
    <elements href="assembly.xml#Splitter"/>
    <elements href="#//@swimlanes.13"/>
    <elements href="assembly.xml#Call-GenrateEWB"/>
    <elements href="#//@swimlanes.15"/>
    <elements href="assembly.xml#Sleep"/>
    <elements href="assembly.xml#Call-GetStatus"/>
  </swimlanes>
  <swimlanes x="356" y="364" name="Generate Token">
    <elements href="assembly.xml#GenrateToken"/>
    <elements href="#//@swimlanes.5"/>
    <elements href="assembly.xml#HttpOut"/>
    <elements href="assembly.xml#Convert"/>
  </swimlanes>
  <swimlanes x="356" y="696" name="Genrate IRN and EWB">
    <elements href="assembly.xml#GenrateEWB"/>
    <elements href="#//@swimlanes.7"/>
    <elements href="assembly.xml#HttpOut0"/>
    <elements href="assembly.xml#log"/>
  </swimlanes>
  <swimlanes x="580" y="1006" name="Generate QR code">
    <elements href="assembly.xml#GetStatus"/>
    <elements href="#//@swimlanes.6"/>
    <elements href="assembly.xml#HttpOut1"/>
    <elements href="#//@swimlanes.8"/>
    <elements href="#//@swimlanes.12"/>
    <elements href="assembly.xml#Custom_Inv"/>
    <elements href="assembly.xml#Custom_inv_adj"/>
    <elements href="assembly.xml#WorkdayOutRest0"/>
    <elements href="#//@swimlanes.14"/>
    <elements href="assembly.xml#Cancel_invoice"/>
    <elements href="assembly.xml#Cancel_Adj"/>
    <elements href="assembly.xml#WorkdayOutSoap"/>
    <elements href="assembly.xml#write"/>
    <elements href="#//@swimlanes.10"/>
    <elements href="#//@swimlanes.11"/>
  </swimlanes>
  <swimlanes x="568" y="292" orientation="VERTICAL">
    <elements href="assembly.xml#Header"/>
    <elements href="assembly.xml#TokenError"/>
  </swimlanes>
  <swimlanes x="557" y="661" name="" orientation="VERTICAL">
    <elements href="assembly.xml#AsyncMediation"/>
    <elements href="assembly.xml#AsyncMediation2"/>
  </swimlanes>
  <swimlanes x="517" y="529" orientation="VERTICAL">
    <elements href="assembly.xml#setHeader"/>
    <elements href="assembly.xml#EWBError"/>
  </swimlanes>
  <swimlanes x="929" y="1000" name="" orientation="VERTICAL">
    <elements href="assembly.xml#UpdateCustomObject"/>
    <elements href="assembly.xml#QRError"/>
  </swimlanes>
  <swimlanes x="1552" y="628" name="" orientation="VERTICAL">
    <elements href="assembly.xml#AsyncMediation1"/>
    <elements href="assembly.xml#PutIntegrationMessage0"/>
  </swimlanes>
  <swimlanes x="1562" y="1034" orientation="VERTICAL">
    <elements href="assembly.xml#Aggregator"/>
    <elements href="assembly.xml#CloseAgg"/>
  </swimlanes>
  <swimlanes x="2311" y="992" name="" orientation="VERTICAL">
    <elements href="assembly.xml#Error-Validation"/>
    <elements href="assembly.xml#PutIntegrationMessage1"/>
  </swimlanes>
  <swimlanes x="1264" y="983" name="Swimlane" orientation="VERTICAL">
    <elements href="assembly.xml#AsyncMediation3"/>
    <elements href="assembly.xml#PutIntegrationMessage2"/>
  </swimlanes>
  <swimlanes x="1445" y="74" name="" orientation="VERTICAL">
    <elements href="assembly.xml#ConvertData"/>
    <elements href="assembly.xml#Covert-PIM"/>
  </swimlanes>
  <swimlanes x="2151" y="1141" name="" orientation="VERTICAL">
    <elements href="assembly.xml#Error-Handler"/>
    <elements href="assembly.xml#PutIntegrationMessage3"/>
  </swimlanes>
  <swimlanes x="1710" y="86" name="Swimlane" orientation="VERTICAL">
    <elements href="assembly.xml#StoreRequest"/>
  </swimlanes>
</wdnm:Diagram>
