<?xml version="1.0" encoding="ASCII"?>
<edst:Settings xmlns:edst="http://dublin.workday.com/studio/settings/editor">
  <editor uri="/INT0071-HRDataFeedToTBA-Outbound/ws/WSAR-INF/text.xsd">
    <property name="transformation.text.to.xml" value="true"/>
  </editor>
  <editor uri="/INT0071-HRDataFeedToTBA-Outbound/ws/WSAR-INF/fixed_width.xsd">
    <property name="transformation.text.to.xml" value="true"/>
  </editor>
  <editor uri="/INT0071-HRDataFeedToTBA-Outbound/ws/WSAR-INF/Detail_fixed_width_schema.xsd">
    <property name="transformation.text.to.xml" value="true"/>
  </editor>
  <editor uri="/INT0071-HRDataFeedToTBA-Outbound/ws/WSAR-INF/footer_fixed_width.xsd">
    <property name="transformation.text.to.xml" value="true"/>
  </editor>
</edst:Settings>
