<?xml version="1.0" encoding="UTF-8"?>
<beans
     xmlns="http://www.springframework.org/schema/beans"
     xmlns:beans="http://www.springframework.org/schema/beans"
     xmlns:atom="http://www.w3.org/2005/Atom"
     xmlns:cc="http://www.capeclear.com/assembly/10"
     xmlns:cloud="urn:com.workday/esb/cloud/10.0"
     xmlns:env="http://schemas.xmlsoap.org/soap/envelope/"
     xmlns:pi="urn:com.workday/picof"
     xmlns:wd="urn:com.workday/bsvc"
     xmlns:xsi="http://www.w3.org/2001/XMLSchema-instance">
 
	<cc:assembly id="WorkdayAssembly" version="2019.35">
        <cc:workday-in id="StartHere" routes-to="Initialize">
            <cc:integration-system name="INT8000 Smashfly Job Posting Outbound">
        <cloud:param name="Effective As Of Date">
          <cloud:type>
            <cloud:simple-type>date</cloud:simple-type>
          </cloud:type>
          <cloud:default>
            <cloud:class-report-field description="Current Effective Date" type="WID">52f526bab1d84191ac96f44a6c37c484</cloud:class-report-field>
          </cloud:default>
        </cloud:param>
        <cloud:param name="Entered As Of DateTime">
          <cloud:type>
            <cloud:simple-type>datetime</cloud:simple-type>
          </cloud:type>
          <cloud:default>
            <cloud:class-report-field description="Current Entry Date and Time" type="WID">34547e6b316248bcaa810520a5df5f10</cloud:class-report-field>
          </cloud:default>
        </cloud:param>
        <cloud:param name="Close Single Job Posting">
          <cloud:type>
            <cloud:simple-type>boolean</cloud:simple-type>
          </cloud:type>
          <cloud:default>
            <cloud:boolean>false</cloud:boolean>
          </cloud:default>
        </cloud:param>
        <cloud:param name="Validation Mode">
          <cloud:type>
            <cloud:simple-type>boolean</cloud:simple-type>
          </cloud:type>
          <cloud:default>
            <cloud:boolean>false</cloud:boolean>
          </cloud:default>
        </cloud:param>
        <cloud:param name="Job Posting">
          <cloud:type>
            <cloud:class-report-field description="Job Posting" type="WID" singular="true">922647ca0f6d10000430bca6911108be</cloud:class-report-field>
          </cloud:type>
        </cloud:param>
        <cloud:param name="Web Service Version">
          <cloud:type>
            <cloud:class-report-field description="Web Service API Version" type="WID" singular="true">643097491d2410000a9da38c99860026</cloud:class-report-field>
          </cloud:type>
          <cloud:default/>
        </cloud:param>
        <cloud:attribute-map-service name="INT8000 SmashFly Integration Attribute Service">
          <cloud:attribute name="Document Retention Policy In Days">
            <cloud:type>
              <cloud:simple-type>number</cloud:simple-type>
            </cloud:type>
          </cloud:attribute>
          <cloud:attribute name="Prior Postings Differential (in seconds)">
            <cloud:type>
              <cloud:simple-type>number</cloud:simple-type>
            </cloud:type>
          </cloud:attribute>
          <cloud:attribute name="Schedule Time Differential (in days)">
            <cloud:type>
              <cloud:simple-type>number</cloud:simple-type>
            </cloud:type>
          </cloud:attribute>
          <cloud:attribute name="Smashfly API Username">
            <cloud:type>
              <cloud:simple-type>text</cloud:simple-type>
            </cloud:type>
          </cloud:attribute>
          <cloud:attribute name="Smashfly API Password">
            <cloud:type>
              <cloud:simple-type>text</cloud:simple-type>
            </cloud:type>
            <cloud:display-option>display-as-password</cloud:display-option>
          </cloud:attribute>
          <cloud:attribute name="Smashfly Service API URL">
            <cloud:type>
              <cloud:simple-type>text</cloud:simple-type>
            </cloud:type>
          </cloud:attribute>
          <cloud:attribute name="Web Service Version">
            <cloud:type>
              <cloud:class-report-field description="Web Service API Version" type="WID" singular="true">643097491d2410000a9da38c99860026</cloud:class-report-field>
            </cloud:type>
          </cloud:attribute>
        </cloud:attribute-map-service>
        <cloud:report-service name="INT8000 SmashFly Report Service">
          <cloud:report-alias description="INT8000 Smashfly Job Postings Report" name="INT8000 SmashFly_Report_Service">
            <cloud:report-reference description="INT8000 Smashfly Job Postings Report" type="WID">057f75cc014701d99fa5139bf9101917</cloud:report-reference>
          </cloud:report-alias>
        </cloud:report-service>
        <cloud:service-reference name="INT8000 Smashfly Field Override Service"/>
      </cc:integration-system>
        </cc:workday-in>
        <cc:async-mediation id="Initialize" routes-to="CallRaaSJobPostingSite">
            <cc:steps>
                <cc:eval id="initVars">
                    <cc:expression>props['lp.effectiveDate']= lp.getDate('Effective As Of Date')</cc:expression>
                    <cc:expression>props['lp.enteredDate'] = lp.getSimpleData('Entered As Of DateTime')</cc:expression>
                    <cc:expression>props['output.filename.sequencer'] = lp.getSequencedValue('INT255 Smashfly sequence generator')</cc:expression>
                    <cc:expression>props['retention.policy'] = 'P' # intsys.getAttribute('Document Retention Policy In Days') # 'D' </cc:expression>
                    <cc:expression>props['ia.GetPriorDifferential']=intsys.getAttribute('Prior Postings Differential (in seconds)')</cc:expression>
                    <cc:expression>props['lp.jobPosting']  = lp.getDescriptor('Job Posting', lp.getReferenceData('Job Posting', 'WID'))</cc:expression>
                    <cc:expression>props['lp.jobPostingId.orig'] = lp.getReferenceDataList('Job Posting', 'Job_Posting_ID')</cc:expression>
                    <cc:expression>props['lp.jobPostingId.orig1'] = util.listToCommaDelimString(props['lp.jobPostingId.orig'])</cc:expression>
                    <cc:expression>props['ia.GetSchDifferential']=intsys.getAttribute('Schedule Time Differential (in days)')</cc:expression>
                    <cc:expression>props['ia.SmashflyUsername']=intsys.getAttribute('Smashfly API Username')</cc:expression>
                    <cc:expression>props['ia.SmashflyPassword']=intsys.getAttribute('Smashfly API Password')</cc:expression>
                    <cc:expression>props['ia.SmashflyURL']=intsys.getAttribute('Smashfly Service API URL')</cc:expression>
                    <cc:expression>props['CityCountryList'] = util.listToCommaDelimString(intsys.getAttributeReferenceDataList('City Country List', 'ISO_3166-1_Alpha-2_Code'))</cc:expression>
                    <cc:expression>props['lp.SimulationMode'] = lp.getSimpleData('Validation Mode')</cc:expression>
                    <cc:expression>props['lp.jobPostingIdList'] = lp.getReferenceDataList('Job Posting', 'WID')</cc:expression>
                    <cc:expression>props['JobPosting.ids']= util.listToDelimString(props['lp.jobPostingIdList'], '!') : ''</cc:expression>
                    <cc:expression>props['lp.jobPostingIdcount'] = props['lp.jobPostingIdList'].size()</cc:expression>
                    <cc:expression>props['lp.closeJobPosting']= lp.getSimpleData('Close Single Job Posting')</cc:expression>
                    <cc:expression>props['integration.id'] = intsys.getName()</cc:expression>
                    <cc:expression>props['ws.version'] = intsys.getAttribute('Web Service Version')</cc:expression>
                </cc:eval>
                <cc:eval id="InitProps">
                    <cc:expression>props['close.batch'] = false</cc:expression>
                    <cc:expression>props['fullfile.success'] = false</cc:expression>
                    <cc:expression>//props['isNewPosting'] = true</cc:expression>
                    <cc:expression>props['isNewPosting'] = false</cc:expression>
                    <cc:expression>props['isNewPostingChangesOnly'] = false</cc:expression>
                    <cc:expression>props['isUpdatedPosting'] = false</cc:expression>
                    <cc:expression>props['isClosedPosting'] = false</cc:expression>
                    <cc:expression>props['wd.isReqDifferent'] = false</cc:expression>
                    <cc:expression>props['new.posting.error'] = false</cc:expression>
                    <cc:expression>props['anyFieldChange'] = false</cc:expression>
                    <cc:expression>props['lp.RaasEntry'] = true</cc:expression>
                    <cc:expression>props['lp.validation.mode'] = (Boolean)lp.getSimpleData('Validation Mode');</cc:expression>
                </cc:eval>
                <cc:log id="Log">
                    <cc:log-message>
                        <cc:text>-- Initialization --&#xD;
props['JobPosting.ids'] -- @{props['JobPosting.ids']}&#xD;
props['lp.postdeletes'] -- @{props['lp.postdeletes']}&#xD;
props['lp.deletetoday'] -- @{props['lp.deletetoday']}&#xD;
props['lp.jobPostingIdcount'] -- @{props['lp.jobPostingIdcount']}&#xD;
props['lp.jobPostingIdList'] -- @{props['lp.jobPostingIdList']}&#xD;
props['lp.SimulationMode'] -- @{props['lp.SimulationMode']}&#xD;
props['lp.jobPosting'] -- @{props['lp.jobPosting']}&#xD;
props['lp.jobPostingId.orig'] -- @{props['lp.jobPostingId.orig']}&#xD;
props['lp.jobPostingId.orig1'] -- @{props['lp.jobPostingId.orig1']}&#xD;
props['ia.SmashflyUsername'] -- @{props['ia.SmashflyUsername']}&#xD;
props['ia.SmashflyURL'] -- @{props['ia.SmashflyURL']}&#xD;
props['lp.effectiveDate'] -- @{props['lp.effectiveDate']}&#xD;
props['lp.enteredDate'] -- @{props['lp.enteredDate']}&#xD;
props['lp.fullfile'] -- @{props['lp.fullfile']}&#xD;
props['CityCountryList'] -- @{props['CityCountryList']}</cc:text>
                    </cc:log-message>
                </cc:log>
            </cc:steps>
            <cc:send-error id="SendError" routes-to="ErrorPIM1"/>
        </cc:async-mediation>
        <cc:workday-out-rest id="CallRaaSJobPostingSite" execute-when="props['JobPosting.ids'] != null" routes-response-to="ReportValues" extra-path="@{intsys.reportService.getExtrapath('INT8000 SmashFly_Report_Service')}?jobPosting!WID=@{props['JobPosting.ids']}&amp;format=simplexml"/>
        <cc:local-out id="ErrorPIM1" store-message="none" endpoint="vm://wcc/PutIntegrationMessage">
            <cc:set name="is.message.summary" value="&quot;Initialization Error:&quot; + context.errorMessage"/>
            <cc:set name="is.message.severity" value="'WARNING'"/>
        </cc:local-out>
        <cc:async-mediation id="ReportValues" routes-to="NewUpdateClose">
            <cc:steps>
                <cc:eval id="Eval">
                    <cc:expression>props['lp.jobPostingIdRaas'] = parts[0].xpath(&quot;/wd:Report_Data/wd:Report_Entry/wd:Job_Posting_Details_group/wd:jobPostingID&quot; , 'wd urn:com.workday.report/Smashfly_Job_Postings_Report')</cc:expression>
                    <cc:expression>//props['lp.jobPostingIdRaas.exists'] = parts[0].xpathB(&quot;/wd:Report_Data/wd:Report_Entry/wd:Job_Posting_Details_group/wd:jobPostingID&quot; , 'wd urn:com.workday.report/Smashfly_Job_Postings_Report')</cc:expression>
                    <cc:expression>//if (props['lp.jobPostingIdRaas.exists'] != true) {props['lp.jobPostingId'] = props['lp.jobPostingId.orig']}; if (props['lp.jobPostingIdRaas.exists'] == true) {props['lp.jobPostingId'] = props['lp.jobPostingIdRaas']}</cc:expression>
                    <cc:expression>(props['lp.jobPostingIdRaas'] == null || props['lp.jobPostingIdRaas'] == '') ? (props['lp.jobPostingId'] = props['lp.jobPostingId.orig1']) : (props['lp.jobPostingId'] = props['lp.jobPostingIdRaas'])</cc:expression>
                    <cc:expression>//props['lp.jobPostingId'] = props['lp.jobPostingId'].toString().replace('[', '')</cc:expression>
                    <cc:expression>//props['lp.jobPostingId'] = props['lp.jobPostingId'].toString().replace(']', '')</cc:expression>
                    <cc:expression>props['lp.RaasEntry'] = parts[0].xpathB(&quot;/wd:Report_Data/wd:Report_Entry/wd:Job_Posting_Details&quot; , 'wd urn:com.workday.report/Smashfly_Job_Postings_Report')</cc:expression>
                    <cc:expression>props['CloseReqURL'] = parts[0].xpath(&quot;wd:Report_Data/wd:Report_Entry/wd:CF_ESI_ApplyURL_group/wd:ApplyURL&quot;)</cc:expression>
                    <cc:expression>//props['ConfidentialFlag'] = parts[0].xpath(&quot;wd:Report_Data/wd:Report_Entry/wd:Job_Requisition_group/wd:Confidential_Job&quot;)</cc:expression>
                    
                    <cc:expression>//props['JobFamilyGroup'] = parts[0].xpath(&quot;/wd:Report_Data/wd:Report_Entry/wd:Job_Posting_Details/wd:jobFamilyGroup/wd:ID[@wd:type='Job_Family_ID']&quot;,'wd urn:com.workday.report/Smashfly_Job_Postings_Report')</cc:expression>
                    <cc:expression>//props['JobCompGrade1'] = parts[0].xpath(&quot;/wd:Report_Data/wd:Report_Entry/wd:Job_Posting_Details/wd:Compensation_Grade/wd:ID[@wd:type='Compensation_Grade_ID']&quot;, 'wd urn:com.workday.report/Smashfly_Job_Postings_Report')</cc:expression>
                    <cc:expression>//props['ExemptType'] = parts[0].xpath(&quot;wd:Job_Posting_Details/wd:Job_Posting_Details_Data/wd:Integration_Field_Override_Data[wd:Field_Reference/wd:ID[@wd:parent_id='Smashfly Field Override Service'] = 'ExemptType']/wd:Value&quot;,'wd urn:com.workday/bsvc')</cc:expression>
                    <cc:expression>//props['JobCompGrade'] = parts[0].xpath(&quot;wd:Job_Posting_Details/wd:Job_Posting_Details_Data/wd:Integration_Field_Override_Data[wd:Field_Reference/wd:ID[@wd:parent_id='Smashfly Field Override Service'] = 'JobGrade']/wd:Value&quot;,'wd urn:com.workday/bsvc')</cc:expression>
                    <cc:expression>props['p.addlLoc'] = parts[0].xpath('wd:Report_Data/wd:Report_Entry/wd:Additional_Locations' , 'wd urn:com.workday.report/Smashfly_Job_Postings_Report')</cc:expression>
                    <cc:expression>props['p.newAddlLoc'] = parts[0].xpath(&quot;string-join((/wd:Report_Data/wd:Report_Entry/wd:Job_Requisition_Additional_Job_Posting_Locations_group/wd:CT_int236_additional_locations),'|')&quot;,'wd urn:com.workday.report/Smashfly_Job_Postings_Report')</cc:expression>
                    <cc:expression>//props['p.addlLoc'] = props['p.addlLoc1'].toString().replaceAll('\;', '\,')</cc:expression>
                    <cc:expression>props['p.postEndDate'] = parts[0].xpath(&quot;wd:Report_Data/wd:Report_Entry/wd:Post_EndDate&quot; , 'wd urn:com.workday.report/Smashfly_Job_Postings_Report')</cc:expression>
                    <cc:expression>props['p.jobDescExt'] = parts[0].xpath(&quot;wd:Report_Data/wd:Report_Entry/wd:Job_Description_Ext&quot; , 'wd urn:com.workday.report/Smashfly_Job_Postings_Report')</cc:expression>
                    <cc:expression>props['job.req.id.for.Job.Posting'] = parts[0].xpath(&quot;wd:Report_Data/wd:Report_Entry/wd:Job_Req_ID&quot; , 'wd urn:com.workday.report/Smashfly_Job_Postings_Report')</cc:expression>
                </cc:eval>
                <cc:log id="Log">
                    <cc:log-message>
                        <cc:text>test:&#xD;
props['lp.jobPostingIdRaas'] = @{props['lp.jobPostingIdRaas']}&#xD;
props['ExemptType']: @{props['ExemptType']}&#xD;
props['CloseReqURL'] : @{props['CloseReqURL']}&#xD;
props['p.addlLoc'] : @{props['p.addlLoc']}&#xD;
props['p.postEndDate'] : @{props['p.postEndDate']}&#xD;
props['p.jobDescExt'] : @{props['p.jobDescExt']}&#xD;
props['p.newAddlLoc']: @{props['p.newAddlLoc']}&#xD;
----Report XML ----&#xD;
</cc:text>
                        <cc:message-content/>
                    </cc:log-message>
                </cc:log>
            </cc:steps>
        </cc:async-mediation>
        <cc:route id="NewUpdateClose">
            <cc:mvel-strategy>
                <cc:choose-route expression="props['lp.closeJobPosting'] == true" route="CloseReq"/>
                <cc:choose-route expression="true" route="NewOrUpdate"/>
            </cc:mvel-strategy>
            <cc:sub-route name="NewOrUpdate" routes-to="CallGetJobPosting"/>
            <cc:sub-route name="CloseReq" routes-to="CallCloseJobReq"/>
        </cc:route>
        <cc:local-out id="CallGetJobPosting" store-message="none" routes-response-to="SetBatch" endpoint="vm://INT8000_Smashfly_Job_Posting_Outbound/GetJobPosting"/>
        <cc:local-out id="CallCloseJobReq" store-message="none" routes-response-to="PutIntegrationMessage" endpoint="vm://INT8000_Smashfly_Job_Posting_Outbound/CloseJobReq"/>
        <cc:async-mediation id="SetBatch" routes-to="PutIntegrationMessage0">
            <cc:steps>
                <cc:eval id="Eval">
                    <cc:expression>props['close.batch'] = true</cc:expression>
                </cc:eval>
            </cc:steps>
        </cc:async-mediation>
        <cc:local-out id="ThrowError1" store-message="none" endpoint="vm://wcc/PutIntegrationMessage">
            <cc:set name="is.message.summary" value="&quot;Error Message:&quot; + context.errorMessage"/>
            <cc:set name="is.message.severity" value="'ERROR'"/>
        </cc:local-out>
        <cc:async-mediation id="temp2" routes-to="ThrowError1">
            <cc:steps>
                <cc:log id="Log">
                    <cc:log-message>
                        <cc:text>****Reached this part ****</cc:text>
                    </cc:log-message>
                </cc:log>
            </cc:steps>
        </cc:async-mediation>
        <cc:async-mediation id="NoAction1">
            <cc:steps>
                <cc:log id="Log">
                    <cc:log-message>
                        <cc:text>Since  this is a future dated job posting which has been closed, no data will be sent to SmashFly.</cc:text>
                    </cc:log-message>
                </cc:log>
            </cc:steps>
        </cc:async-mediation>
        <cc:route id="Route3">
            <cc:mvel-strategy>
                <cc:choose-route expression="props['error.msg1'] ==  &quot;Validation error occurred. Invalid ID value.  '' is not a valid ID value for type = 'Job_Posting_ID'&quot;" route="ClosedFuturePosting"/>
                <cc:choose-route expression="true" route="Error"/>
            </cc:mvel-strategy>
            <cc:sub-route name="ClosedFuturePosting" routes-to="NoAction1"/>
            <cc:sub-route name="Error" routes-to="temp2"/>
        </cc:route>
        <cc:async-mediation id="ErrorEval" routes-to="Route3">
            <cc:steps>
                <cc:eval id="Eval">
                    <cc:expression>props['error.msg1'] = context.errorMessage</cc:expression>
                </cc:eval>
                <cc:log id="Log">
                    <cc:log-message>
                        <cc:text>***** props['error.msg1'] -- @{props['error.msg1']}</cc:text>
                    </cc:log-message>
                </cc:log>
            </cc:steps>
        </cc:async-mediation>
        <cc:local-out id="PagedGet" store-message="none" endpoint="vm://wcc/PagedGet">
            <cc:set name="is.paged.get.request.current.page.xpath" value="'/env:Envelope/env:Body/*/wd:Response_Filter/wd:Page'"/>
            <cc:set name="is.paged.get.response.current.page.xpath" value="'/env:Envelope/env:Body/*/wd:Response_Results/wd:Page'"/>
            <cc:set name="is.paged.get.response.total.pages.xpath" value="'/env:Envelope/env:Body/*/wd:Response_Results/wd:Total_Pages'"/>
            <cc:set name="is.paged.get.response.total.results.xpath" value="'/env:Envelope/env:Body/*/wd:Response_Results/wd:Total_Results'"/>
            <cc:set name="is.paged.get.aggregate.xpath" value="'/*'"/>
            <cc:set name="is.paged.get.application" value="'Recruiting'"/>
            <cc:set name="is.paged.get.page.zero" value="false"/>
            <cc:set name="is.paged.get.aggregate.header"/>
            <cc:set name="is.paged.get.aggregate.footer"/>
            <cc:set name="is.paged.get.version" value="props['ws.version']"/>
            <cc:set name="is.paged.get.parallel" value="false"/>
            <cc:set name="is.paged.get.process.endpoint" value="'vm://INT8000_Smashfly_Job_Posting_Outbound/ProcessPosting'"/>
        </cc:local-out>
        <cc:async-mediation id="BuildGetPostingCall" routes-to="PagedGet" handle-downstream-errors="true">
            <cc:steps>
                <cc:log id="Log0">
                    <cc:log-message>
                        <cc:text>props['lp.jobPostingId'] : @{props['lp.jobPostingId']}</cc:text>
                    </cc:log-message>
                </cc:log>
                <cc:xslt id="Xslt" url="BuildGetPostingRequestWS.xsl"/>
                <cc:log id="Log">
                    <cc:log-message>
                        <cc:text>----GetJobPostingRequest-------</cc:text>
                        <cc:message-content/>
                    </cc:log-message>
                </cc:log>
            </cc:steps>
            <cc:send-error id="SendError" routes-to="ErrorEval"/>
        </cc:async-mediation>
        <cc:local-in id="GetJobPosting" routes-to="MidRoute"/>
        <cc:local-out id="ThrowError2" store-message="none" endpoint="vm://wcc/PutIntegrationMessage">
            <cc:set name="is.message.summary" value="&quot;Error Message:&quot; + context.errorMessage"/>
            <cc:set name="is.message.severity" value="'ERROR'"/>
        </cc:local-out>
        <cc:local-out id="CallLogOut1" store-message="none" routes-response-to="ThrowError2" endpoint="vm://INT8000_Smashfly_Job_Posting_Outbound/LogMessages"/>
        <cc:local-out id="CallCurrJobPostingProc" store-message="none" execute-when="(props['job.posting.site'] != '' || props['job.posting.site'] != null || props['job.posting.site'] != empty) &amp;&amp; props['job.posting.site.exists'] == true &amp;&amp; props['job.posting.site'] == 'Careers'" endpoint="vm://INT8000_Smashfly_Job_Posting_Outbound/CurrJobPostingProc"/>
        <cc:async-mediation id="CallLogAsync" routes-to="CallLogOut1">
            <cc:steps>
                <cc:write id="log.entriesWrite" output="variable" output-variable="log.entries">
                    <cc:message>
                        <cc:text>&lt;root>&#xD;
	&lt;LogEntry>&#xD;
		&lt;JobPostingId>@{props['curr.job.posting.id']}&lt;/JobPostingId>&#xD;
		&lt;Severity>INFO&lt;/Severity>&#xD;
		&lt;Message>@{'Error occurred for Job Posting id while getting current data: ' + context.errorMessage}&lt;/Message>&#xD;
	&lt;/LogEntry>&#xD;
&lt;/root></cc:text>
                    </cc:message>
                </cc:write>
            </cc:steps>
        </cc:async-mediation>
        <cc:workday-out-soap id="CallCurrPostingWS" execute-when="(props['job.posting.site'] != '' || props['job.posting.site'] != null || props['job.posting.site'] != empty) &amp;&amp; props['job.posting.site.exists'] == true &amp;&amp; props['job.posting.site'] == 'Careers'" routes-response-to="CallCurrJobPostingProc" application="Recruiting" version="v32.0"/>
        <cc:async-mediation id="BuildCurrPosting" routes-to="CallCurrPostingWS" execute-steps-when="(props['job.posting.site'] != '' || props['job.posting.site'] != null || props['job.posting.site'] != empty) &amp;&amp; props['job.posting.site.exists'] == true &amp;&amp; props['job.posting.site'] == 'Careers'" handle-downstream-errors="true">
            <cc:steps>
                <cc:xslt id="Xslt" url="BuildCurrJobPostingWS.xsl"/>
                <cc:log id="Log">
                    <cc:log-message>
                        <cc:text>props['job.posting.site'] : @{props['job.posting.site']}&#xD;
props['curr.job.posting.id'] : @{props['curr.job.posting.id']}&#xD;
props['jobposting.enddate'] : @{props['jobposting.enddate']}&#xD;
props['curr.external.path'] : @{props['curr.external.path']}&#xD;
props['curr.external.url'] : @{props['curr.external.url']}&#xD;
props['jobposting.startdate'] : @{props['jobposting.startdate']}&#xD;
&#xD;
Get Current Posting Web service request:</cc:text>
                        <cc:message-content/>
                    </cc:log-message>
                </cc:log>
            </cc:steps>
            <cc:send-error id="SendError" routes-to="CallLogAsync"/>
        </cc:async-mediation>
        <cc:splitter id="Splitter">
            <cc:sub-route name="SubRoute" routes-to="AsyncMediation"/>
            <cc:xml-stream-splitter xpath="wd:Get_Job_Postings_Response/wd:Response_Data/wd:Job_Posting"/>
        </cc:splitter>
        <cc:local-in id="ProcessPosting" routes-to="Splitter"/>
        <cc:local-out id="ThrowError6" store-message="none" endpoint="vm://wcc/PutIntegrationMessage">
            <cc:set name="is.message.summary" value="&quot;Initialization Error:&quot; + context.errorMessage"/>
            <cc:set name="is.message.severity" value="'WARNING'"/>
        </cc:local-out>
        <cc:async-mediation id="SetCurrPostingProps" routes-to="Route2">
            <cc:steps>
                <cc:copy id="CopyCurrPostings" output="variable" output-variable="currPosting" input-xpath="/env:Envelope/env:Body/wd:Get_Job_Postings_Response/wd:Response_Data"/>
                <cc:log id="Log">
                    <cc:log-message>
                        <cc:text>Variable currPosting&#xD;
</cc:text>
                        <cc:message-content/>
                    </cc:log-message>
                </cc:log>
                <cc:eval id="Eval">
                    <cc:expression>props['jobreq.status'] = parts[0].xpath(&quot;.//wd:Job_Posting/wd:Job_Posting_Data/wd:Document_Field_Result_Data[wd:Field_Reference/wd:ID = 'JobReqStatus']/wd:Value&quot;)</cc:expression>
                    <cc:expression>props['jobenddatepresent'] = parts[0].xpathB('.//wd:Job_Posting/wd:Job_Posting_Data/wd:Job_Posting_End_Date')</cc:expression>
                    <cc:expression>props['jobreq.posting.open'] = parts[0].xpathB(&quot;.//wd:Job_Posting/wd:Job_Posting_Data/wd:Document_Field_Result_Data[wd:Field_Reference/wd:ID = 'Job Req Postings']/wd:Value&quot;)</cc:expression>
                </cc:eval>
            </cc:steps>
            <cc:send-error id="SendError" routes-to="ThrowError6"/>
        </cc:async-mediation>
        <cc:route id="Route0">
            <cc:mvel-strategy>
                <cc:choose-route expression="props['job.posting.site'] == 'Careers'" route="PostingExternal"/>
                <cc:choose-route expression="(props['lp.allJobPostings'] == '1' || props['lp.postdeletes'] == '1' ) &amp;&amp; props['job.posting.site'] != 'Careers'" route="NotExternal"/>
                <cc:choose-route expression="true" route="LogWarning"/>
            </cc:mvel-strategy>
            <cc:sub-route name="PostingExternal" routes-to="SetCurrPostingProps"/>
            <cc:sub-route name="NotExternal" routes-to="NoAction"/>
            <cc:sub-route name="LogWarning" routes-to="CallLog4"/>
        </cc:route>
        <cc:local-in id="CurrJobPostingProc" routes-to="Route0"/>
        <cc:async-mediation id="NoAction">
            <cc:steps>
                <cc:log id="Log">
                    <cc:log-message>
                        <cc:text> Since the Job Posting is not external, no data will be sent to Smashfly for :&#xD;
 @{props['curr.job.posting.id']}</cc:text>
                    </cc:log-message>
                </cc:log>
            </cc:steps>
        </cc:async-mediation>
        <cc:async-mediation id="CallLog4" routes-to="CallLogOut4">
            <cc:steps>
                <cc:log id="Log">
                    <cc:log-message>
                        <cc:text>*** Unexpected route ** </cc:text>
                    </cc:log-message>
                </cc:log>
                <cc:write id="Write" output="variable" output-variable="log.entries">
                    <cc:message>
                        <cc:text>&lt;root>&#xD;
	&lt;LogEntry>&#xD;
		&lt;JobPostingId>@{props['curr.job.posting.id']}&lt;/JobPostingId>&#xD;
		&lt;Severity>WARNING&lt;/Severity>&#xD;
		&lt;Message>@{'Unexpected error. Please check. ' + context.errorMessage}&lt;/Message>&#xD;
	&lt;/LogEntry>&#xD;
&lt;/root></cc:text>
                    </cc:message>
                </cc:write>
            </cc:steps>
        </cc:async-mediation>
        <cc:route id="Route2">
            <cc:mvel-strategy>
                <cc:choose-route expression="(props['lp.postdeletes'] == '1' &amp;&amp; ((props['jobposting.startdate'] > props['lp.effectiveDate']) || props['job.posting.site'] != 'Careers')) || (props['lp.deletetoday'] == '1' &amp;&amp; ((props['jobposting.startdate'] == props['lp.effectiveDate']) || props['job.posting.site'] == 'Careers'))" route="NoAction"/>
                <cc:choose-route expression="props['lp.postdeletes'] == '1'" route="Error"/>
                <cc:choose-route expression="props['job.posting.site'] == 'Careers'" route="ChangeDetection"/>
                <cc:choose-route expression="true" route="LogWarn"/>
            </cc:mvel-strategy>
            <cc:sub-route name="ChangeDetection" routes-to="CallGetPriorJobPosting"/>
            <cc:sub-route name="NoAction" routes-to="NoAction2"/>
            <cc:sub-route name="Error" routes-to="CallLog3"/>
            <cc:sub-route name="LogWarn" routes-to="CallLog4"/>
        </cc:route>
        <cc:local-out id="CallXDiff" store-message="none" endpoint="vm://INT8000_Smashfly_Job_Posting_Outbound/XDiff"/>
        <cc:local-out id="CallGetPriorJobPosting" store-message="none" routes-response-to="CallXDiff" endpoint="vm://INT8000_Smashfly_Job_Posting_Outbound/GetPriorJobPosting"/>
        <cc:async-mediation id="NoAction2">
            <cc:steps>
                <cc:log id="Log">
                    <cc:log-message>
                        <cc:text>Full file/Post Delete, but the job posting does not satisfy the conditions.&#xD;
 @{props['curr.job.posting.id']}</cc:text>
                    </cc:log-message>
                </cc:log>
            </cc:steps>
        </cc:async-mediation>
        <cc:local-out id="CallLogOut3" store-message="none" endpoint="vm://INT8000_Smashfly_Job_Posting_Outbound/LogMessages"/>
        <cc:async-mediation id="CallLog3" routes-to="CallLogOut3">
            <cc:steps>
                <cc:write id="Write" output="variable" output-variable="log.entries">
                    <cc:message>
                        <cc:text>&lt;root>&#xD;
	&lt;LogEntry>&#xD;
		&lt;JobPostingId>@{props['curr.job.posting.id']}&lt;/JobPostingId>&#xD;
		&lt;Severity>ERROR&lt;/Severity>&#xD;
		&lt;Message>@{'Job Posting is in full file/post deletes mode but did not get picked up. Please check. ' + context.errorMessage}&lt;/Message>&#xD;
	&lt;/LogEntry>&#xD;
&lt;/root></cc:text>
                    </cc:message>
                </cc:write>
            </cc:steps>
        </cc:async-mediation>
        <cc:local-out id="ThrowError4" store-message="none" endpoint="vm://wcc/PutIntegrationMessage">
            <cc:set name="is.message.summary" value="&quot;Unexpected error. Please check.&quot; + context.errorMessage"/>
            <cc:set name="is.message.severity" value="'WARNING'"/>
        </cc:local-out>
        <cc:local-out id="CallLogOut4" store-message="none" routes-response-to="ThrowError4" endpoint="vm://INT8000_Smashfly_Job_Posting_Outbound/LogMessages"/>
        <cc:local-out id="ThrowError" store-message="none" endpoint="vm://wcc/PutIntegrationMessage">
            <cc:set name="is.message.summary" value="&quot;Error Message:&quot; + context.errorMessage"/>
            <cc:set name="is.message.severity" value="'CRITICAL'"/>
        </cc:local-out>
        <cc:local-out id="CallLogOut2" store-message="none" routes-response-to="ThrowError" endpoint="vm://INT8000_Smashfly_Job_Posting_Outbound/LogMessages"/>
        <cc:async-mediation id="CallLog2" routes-to="CallLogOut2">
            <cc:steps>
                <cc:write id="Write" output="variable" output-variable="log.entries">
                    <cc:message>
                        <cc:text>&lt;root>&#xD;
	&lt;LogEntry>&#xD;
		&lt;JobPostingId>@{props['curr.job.posting.id']}&lt;/JobPostingId>&#xD;
		&lt;Severity>ERROR&lt;/Severity>&#xD;
		&lt;Message>@{'Error occurred for Job Posting id while getting prior data: ' + context.errorMessage}&lt;/Message>&#xD;
	&lt;/LogEntry>&#xD;
&lt;/root></cc:text>
                    </cc:message>
                </cc:write>
            </cc:steps>
        </cc:async-mediation>
        <cc:local-out id="PutIntegrationMessage6" endpoint="vm://wcc/PutIntegrationMessage">
            <cc:set name="is.message.severity" value="'Error'"/>
            <cc:set name="is.message.summary" value="'Create Dummy Posting Error' + context.errorMessage"/>
            <cc:set name="is.message.storage.enabled" value="false"/>
        </cc:local-out>
        <cc:async-mediation id="CreateDummyPosting" routes-to="SetPriorPostingProps">
            <cc:steps>
                <cc:eval id="Eval">
                    <cc:expression>props['new.posting.error'] = true</cc:expression>
                </cc:eval>
                <cc:xslt id="Xslt" url="CreateDummyPosting.xsl"/>
            </cc:steps>
            <cc:send-error id="SendError" routes-to="PutIntegrationMessage6"/>
        </cc:async-mediation>
        <cc:async-mediation id="SetPriorPostingProps">
            <cc:steps>
                <cc:copy id="CopyPriorPosting" output="variable" output-variable="priorPosting" input-xpath="/env:Envelope/env:Body/wd:Get_Job_Postings_Response/wd:Response_Data"/>
                <cc:log id="Log">
                    <cc:log-message>
                        <cc:text>Variable priorPosting&#xD;
</cc:text>
                        <cc:message-content/>
                    </cc:log-message>
                </cc:log>
            </cc:steps>
        </cc:async-mediation>
        <cc:route id="Route">
            <cc:mvel-strategy>
                <cc:choose-route expression="props['error.msg'] ==  'Validation error occurred. The entered information does not meet the restrictions defined for this field. (Job_Posting_Reference).'" route="NewPosting"/>
                <cc:choose-route expression="true" route="Error"/>
            </cc:mvel-strategy>
            <cc:sub-route name="NewPosting" routes-to="CreateDummyPosting"/>
            <cc:sub-route name="Error" routes-to="CallLog2"/>
        </cc:route>
        <cc:async-mediation id="Eval2" routes-to="Route">
            <cc:steps>
                <cc:eval id="Eval">
                    <cc:expression>props['error.msg'] = context.errorMessage</cc:expression>
                </cc:eval>
                <cc:log id="Log">
                    <cc:log-message>
                        <cc:text>***** props['error.msg'] -- @{props['error.msg']}</cc:text>
                    </cc:log-message>
                </cc:log>
            </cc:steps>
        </cc:async-mediation>
        <cc:workday-out-soap id="CallGetPriorPostingWS" routes-response-to="SetPriorPostingProps" application="Recruiting" version="v32.0"/>
        <cc:async-mediation id="BuildGetPriorPostingCall" routes-to="CallGetPriorPostingWS" handle-downstream-errors="true">
            <cc:steps>
                <cc:xslt id="Xslt" url="BuildGetPriorPostingCallWS.xsl"/>
                <cc:log id="Log">
                    <cc:log-message>
                        <cc:text>Get Prior Posting Web service request:</cc:text>
                        <cc:message-content/>
                    </cc:log-message>
                </cc:log>
            </cc:steps>
            <cc:send-error id="SendError" routes-to="Eval2"/>
        </cc:async-mediation>
        <cc:local-in id="GetPriorJobPosting" routes-to="BuildGetPriorPostingCall"/>
        <cc:local-out id="CallLog" store-message="none" endpoint="vm://INT8000_Smashfly_Job_Posting_Outbound/ActionDataOutput"/>
        <cc:async-mediation id="EmptyData" routes-to="CallLog">
            <cc:steps>
                <cc:write id="Write">
                    <cc:message>
                        <cc:text>&lt;Job_Posting_Response>&#xD;
    &lt;Job_Posting_Data>&#xD;
        &lt;Job_Posting_ID>&lt;/Job_Posting_ID>&#xD;
        &lt;JobAction>&lt;/JobAction>&#xD;
        &lt;ATSJobID>&lt;/ATSJobID>&#xD;
        &lt;ApplyURL>&lt;/ApplyURL>&#xD;
        &lt;JobTitle>&lt;/JobTitle>&#xD;
        &lt;JobDescription>&lt;/JobDescription>&#xD;
        &lt;JobTeam>&lt;/JobTeam>&#xD;
        &lt;JobTeamRecruiter>&lt;/JobTeamRecruiter>&#xD;
        &lt;JobTeamManager>&lt;/JobTeamManager>&#xD;
        &lt;PrimaryRecruiterName>&lt;/PrimaryRecruiterName>&#xD;
        &lt;PrimarySourcerName>&lt;/PrimarySourcerName>&#xD;
        &lt;RecruitingManager>&lt;/RecruitingManager>&#xD;
        &lt;Division>&lt;/Division>&#xD;
        &lt;BusinessUnit>&lt;/BusinessUnit>&#xD;
        &lt;SubBusinessUnit>&lt;/SubBusinessUnit>&#xD;
        &lt;JobCountry>&lt;/JobCountry>&#xD;
        &lt;JobCountryName>&lt;/JobCountryName>&#xD;
        &lt;JobState>&lt;/JobState>&#xD;
        &lt;JobCity>&lt;/JobCity>&#xD;
        &lt;JobZipCode>&lt;/JobZipCode>&#xD;
        &lt;WorkerType>&lt;/WorkerType>&#xD;
        &lt;JobSchedule>&lt;/JobSchedule>&#xD;
        &lt;JobProfileFamily>&lt;/JobProfileFamily>&#xD;
        &lt;JobProfileFamilyGroup>&lt;/JobProfileFamilyGroup>&#xD;
        &lt;All_Locations>&lt;/All_Locations>&#xD;
    &lt;/Job_Posting_Data>&#xD;
&lt;/Job_Posting_Response>&#xD;
</cc:text>
                    </cc:message>
                </cc:write>
                <cc:log id="Log">
                    <cc:log-message>
                        <cc:text>No action on Job Posting.</cc:text>
                    </cc:log-message>
                </cc:log>
            </cc:steps>
        </cc:async-mediation>
        <cc:local-out id="CallSOAPReq" store-message="none" endpoint="vm://INT8000_Smashfly_Job_Posting_Outbound/SOAPReq"/>
        <cc:route id="Route1">
            <cc:mvel-strategy>
                <cc:choose-route expression="props['isNewPosting'] == true || props['isUpdatedPosting'] == true || props['isClosedPosting'] == true" route="NewPosting"/>
                <cc:choose-route expression="true" route="NoAction"/>
            </cc:mvel-strategy>
            <cc:sub-route name="NewPosting" routes-to="CallSOAPReq"/>
            <cc:sub-route name="NoAction" routes-to="EmptyData"/>
        </cc:route>
        <cc:local-out id="ThrowError3" store-message="none" endpoint="vm://wcc/PutIntegrationMessage">
            <cc:set name="is.message.summary" value="&quot;Initialization Error:&quot; + context.errorMessage"/>
            <cc:set name="is.message.severity" value="'WARNING'"/>
        </cc:local-out>
        <cc:async-mediation id="Noaction2">
            <cc:steps>
                <cc:log id="Log">
                    <cc:log-message>
                        <cc:text>Only End date has changed, so no action.</cc:text>
                    </cc:log-message>
                </cc:log>
            </cc:steps>
        </cc:async-mediation>
        <cc:async-mediation id="CurrentData" routes-to="Route1">
            <cc:steps>
                <cc:eval id="Eval0">
                    <cc:expression>//props['isNewPosting'] = true</cc:expression>
                    <cc:expression>props['isNewPosting'] =   props['wd.isReqDifferent'] &amp;&amp; props['curr.external.path'] != '' &amp;&amp; props['curr.external.url'] != '' &amp;&amp; props['new.posting.error'] &amp;&amp; props['jobreq.status'] == 'Open'</cc:expression>
                    <cc:expression>props['isNewPostingChangesOnly'] =   props['wd.isReqDifferent'] &amp;&amp; (props['jobposting.startdate'] &lt;= props['lp.effectiveDate']) &amp;&amp; props['curr.external.path'] != '' &amp;&amp; props['anyFieldChange'] &amp;&amp; ((props['jobposting.enddate'] > props['lp.effectiveDate']) || (props['jobposting.enddate'] == null || props['jobposting.enddate'] == '')) &amp;&amp; props['curr.external.url'] != '' &amp;&amp; props['new.posting.error'] &amp;&amp; props['jobreq.status'] == 'Open'</cc:expression>
                    <cc:expression>props['isUpdatedPosting'] =   props['wd.isReqDifferent'] &amp;&amp; props['anyFieldChange'] &amp;&amp; ((props['jobposting.enddate'] > props['lp.effectiveDate']) || (props['jobposting.enddate'] == null || props['jobposting.enddate'] == '')) &amp;&amp; (props['jobposting.startdate'] &lt;= props['lp.effectiveDate']) &amp;&amp; props['curr.external.path'] != '' &amp;&amp; props['curr.external.url'] != '' &amp;&amp; props['jobreq.status'] == 'Open'</cc:expression>
                    <cc:expression>props['isClosedPosting.old'] =   props['wd.isReqDifferent'] &amp;&amp;  (parts[0].xpathB(&quot;/wd:Response_Data/wd:Job_Posting/wd:Job_Posting_Data/wd:Job_Posting_End_Date/@xdiff:oldValue&quot;, &quot;xdiff urn:com.workday/esb/xdiff&quot;) || parts[0].xpathB(&quot;/wd:Response_Data/wd:Job_Posting/wd:Job_Posting_Data/wd:Job_Posting_End_Date/@xdiff:isAdded&quot;, &quot;xdiff urn:com.workday/esb/xdiff&quot;)) &amp;&amp; (props['jobposting.enddate'] &lt;= props['lp.effectiveDate']) &amp;&amp; (props['curr.external.path'] == '' &amp;&amp; props['curr.external.url'] == '') &amp;&amp; props['jobreq.status'] == 'Open' &amp;&amp; (props['jobposting.startdate'] &lt;= props['lp.effectiveDate'])</cc:expression>
                    <cc:expression>props['isClosedPosting'] =   props['wd.isReqDifferent'] &amp;&amp;  (parts[0].xpathB(&quot;/wd:Response_Data/wd:Job_Posting/wd:Job_Posting_Data/wd:Job_Posting_End_Date/@xdiff:oldValue&quot;, &quot;xdiff urn:com.workday/esb/xdiff&quot;) || parts[0].xpathB(&quot;/wd:Response_Data/wd:Job_Posting/wd:Job_Posting_Data/wd:Job_Posting_End_Date/@xdiff:isAdded&quot;, &quot;xdiff urn:com.workday/esb/xdiff&quot;)) &amp;&amp; (props['jobposting.enddate'] &lt;= props['lp.effectiveDate']) &amp;&amp; (props['curr.external.path'] == '' &amp;&amp; props['curr.external.url'] == '') &amp;&amp; (props['jobposting.startdate'] &lt;= props['lp.effectiveDate'])</cc:expression>
                    <cc:expression>//props['isClosedPosting'] = true</cc:expression>
                </cc:eval>
                <cc:log id="Log0">
                    <cc:log-message>
                        <cc:text>----------End-to-End Testing Check------&#xD;
props['jobposting.startdate']Log XDIFF message&#xD;
props['latest.jobpostingid'] = @{props['latest.jobpostingid']}&#xD;
props['wd.isReqDifferent']  = @{props['wd.isReqDifferent'] }&#xD;
props['isNewPosting'] = @{props['isNewPosting']}&#xD;
props['isUpdatedPosting'] = @{props['isUpdatedPosting']}&#xD;
props['isNewPostingChangesOnly'] = @{props['isNewPostingChangesOnly']}&#xD;
props['isClosedPosting']= @{props['isClosedPosting']}&#xD;
props['isUpdatedPostingEndDt'] -- @{props['isUpdatedPostingEndDt']}&#xD;
props['lp.allJobPostings']  --@{props['lp.allJobPostings']}&#xD;
props['jobposting.startdate'] --@{props['jobposting.startdate']}&#xD;
props['lp.effectiveDate'] --@{props['lp.effectiveDate']}&#xD;
props['wd.isReqDifferent'] --@{props['wd.isReqDifferent']}&#xD;
props['jobposting.enddate']  --@{props['jobposting.enddate']}&#xD;
props['anyFieldChange'] -- @{props['anyFieldChange']}</cc:text>
                    </cc:log-message>
                </cc:log>
                <cc:copy id="Copy" input="variable" input-variable="currPosting"/>
            </cc:steps>
            <cc:send-error id="SendError" routes-to="ThrowError3"/>
        </cc:async-mediation>
        <cc:async-mediation id="Validate" routes-to="CurrentData">
            <cc:steps>
                <cc:validate-exp id="ValidateExp">
                    <cc:expression failure-message="Only End date has changed, so no action.">props['isUpdatedPostingEndDt'] == false </cc:expression>
                </cc:validate-exp>
            </cc:steps>
            <cc:send-error id="SendError" routes-to="Noaction2"/>
        </cc:async-mediation>
        <cc:async-mediation id="XDiffPostings" routes-to="Validate">
            <cc:steps>
                <cc:xmldiff id="Xmldiff" copy-to-output="true" first-input="variable" first-input-variable="priorPosting" second-input="variable" second-input-variable="currPosting"/>
                <cc:copy id="Copy" output="variable" output-variable="xmldiff.OutputFile"/>
                <cc:eval id="Eval"><cc:expression>props['wd.isReqDifferent'] = xmldiff.isDifferent()</cc:expression><cc:expression>props['latest.jobpostingid'] = parts[0].xpath(&quot;/wd:Response_Data/wd:Job_Posting/wd:Job_Posting_Reference/wd:ID[@wd:type='Job_Posting_ID']&quot;)</cc:expression>
                    <cc:expression>props['State']=parts[0].xpathB(&quot;/wd:Response_Data/wd:Job_Posting/wd:Job_Posting_Data/wd:Document_Field_Result_Data[wd:Field_Reference/wd:ID = 'State']/wd:Value/@xdiff:oldValue&quot;, &quot;xdiff urn:com.workday/esb/xdiff&quot;) || parts[0].xpathB(&quot;/wd:Response_Data/wd:Job_Posting/wd:Job_Posting_Data/wd:Document_Field_Result_Data[wd:Field_Reference/wd:ID = 'State']/wd:Value/@xdiff:isAdded&quot;, &quot;xdiff urn:com.workday/esb/xdiff&quot;)</cc:expression>
                    <cc:expression>props['City']=parts[0].xpathB(&quot;/wd:Response_Data/wd:Job_Posting/wd:Job_Posting_Data/wd:Document_Field_Result_Data[wd:Field_Reference/wd:ID = 'City']/wd:Value/@xdiff:oldValue&quot;, &quot;xdiff urn:com.workday/esb/xdiff&quot;) || parts[0].xpathB(&quot;/wd:Response_Data/wd:Job_Posting/wd:Job_Posting_Data/wd:Document_Field_Result_Data[wd:Field_Reference/wd:ID = 'City']/wd:Value/@xdiff:isAdded&quot;, &quot;xdiff urn:com.workday/esb/xdiff&quot;)</cc:expression>
                    <cc:expression>props['Country']=parts[0].xpathB(&quot;/wd:Response_Data/wd:Job_Posting/wd:Job_Posting_Data/wd:Document_Field_Result_Data[wd:Field_Reference/wd:ID = 'Country']/wd:Value/@xdiff:oldValue&quot;, &quot;xdiff urn:com.workday/esb/xdiff&quot;) || parts[0].xpathB(&quot;/wd:Response_Data/wd:Job_Posting/wd:Job_Posting_Data/wd:Document_Field_Result_Data[wd:Field_Reference/wd:ID = 'Country']/wd:Value/@xdiff:isAdded&quot;, &quot;xdiff urn:com.workday/esb/xdiff&quot;)</cc:expression>
                    <cc:expression>props['Recruiter']=parts[0].xpathB(&quot;/wd:Response_Data/wd:Job_Posting/wd:Job_Posting_Data/wd:Document_Field_Result_Data[wd:Field_Reference/wd:ID = 'Recruiter']/wd:Value/@xdiff:oldValue&quot;, &quot;xdiff urn:com.workday/esb/xdiff&quot;) || parts[0].xpathB(&quot;/wd:Response_Data/wd:Job_Posting/wd:Job_Posting_Data/wd:Document_Field_Result_Data[wd:Field_Reference/wd:ID = 'Recruiter']/wd:Value/@xdiff:isAdded&quot;, &quot;xdiff urn:com.workday/esb/xdiff&quot;)</cc:expression>
                    <cc:expression>props['Manager'] = parts[0].xpathB(&quot;/wd:Response_Data/wd:Job_Posting/wd:Job_Posting_Data/wd:Document_Field_Result_Data[wd:Field_Reference/wd:ID = 'Manager']/wd:Value/@xdiff:oldValue&quot;, &quot;xdiff urn:com.workday/esb/xdiff&quot;) || parts[0].xpathB(&quot;/wd:Response_Data/wd:Job_Posting/wd:Job_Posting_Data/wd:Document_Field_Result_Data[wd:Field_Reference/wd:ID = 'Manager']/wd:Value/@xdiff:isAdded&quot;, &quot;xdiff urn:com.workday/esb/xdiff&quot;)</cc:expression>
                    <cc:expression>props['JobType'] = parts[0].xpathB(&quot;/wd:Response_Data/wd:Job_Posting/wd:Job_Posting_Data/wd:Document_Field_Result_Data[wd:Field_Reference/wd:ID = 'JobType']/wd:Value/@xdiff:oldValue&quot;, &quot;xdiff urn:com.workday/esb/xdiff&quot;) || parts[0].xpathB(&quot;/wd:Response_Data/wd:Job_Posting/wd:Job_Posting_Data/wd:Document_Field_Result_Data[wd:Field_Reference/wd:ID = 'JobType']/wd:Value/@xdiff:isAdded&quot;, &quot;xdiff urn:com.workday/esb/xdiff&quot;)</cc:expression>
                    <cc:expression>props['JobTeam'] = parts[0].xpathB(&quot;/wd:Response_Data/wd:Job_Posting/wd:Job_Posting_Data/wd:Document_Field_Result_Data[wd:Field_Reference/wd:ID = 'JobTeam']/wd:Value/@xdiff:oldValue&quot;, &quot;xdiff urn:com.workday/esb/xdiff&quot;) || parts[0].xpathB(&quot;/wd:Response_Data/wd:Job_Posting/wd:Job_Posting_Data/wd:Document_Field_Result_Data[wd:Field_Reference/wd:ID = 'JobTeam']/wd:Value/@xdiff:isAdded&quot;, &quot;xdiff urn:com.workday/esb/xdiff&quot;)</cc:expression>
                    <cc:expression>props['JobCategory'] = parts[0].xpathB(&quot;/wd:Response_Data/wd:Job_Posting/wd:Job_Posting_Data/wd:Document_Field_Result_Data[wd:Field_Reference/wd:ID = 'JobCategory']/wd:Value/@xdiff:oldValue&quot;, &quot;xdiff urn:com.workday/esb/xdiff&quot;) || parts[0].xpathB(&quot;/wd:Response_Data/wd:Job_Posting/wd:Job_Posting_Data/wd:Document_Field_Result_Data[wd:Field_Reference/wd:ID = 'JobCategory']/wd:Value/@xdiff:isAdded&quot;, &quot;xdiff urn:com.workday/esb/xdiff&quot;)</cc:expression>
                    <cc:expression>props['External_Apply_URL'] = parts[0].xpathB(&quot;/wd:Response_Data/wd:Job_Posting/wd:Job_Posting_Data/wd:External_Apply_URL/@xdiff:oldValue&quot;, &quot;xdiff urn:com.workday/esb/xdiff&quot;) || parts[0].xpathB(&quot;/wd:Response_Data/wd:Job_Posting/wd:Job_Posting_Data/wd:External_Apply_URL/@xdiff:isAdded&quot;, &quot;xdiff urn:com.workday/esb/xdiff&quot;)</cc:expression>
                    <cc:expression>props['JobTitle'] = parts[0].xpathB(&quot;/wd:Response_Data/wd:Job_Posting/wd:Job_Posting_Data/wd:Job_Posting_Title/@xdiff:oldValue&quot;, &quot;xdiff urn:com.workday/esb/xdiff&quot;) || parts[0].xpathB(&quot;/wd:Response_Data/wd:Job_Posting/wd:Job_Posting_Data/wd:Job_Posting_Title/@xdiff:isAdded&quot;, &quot;xdiff urn:com.workday/esb/xdiff&quot;)</cc:expression>
                    <cc:expression>props['MinSalary']=parts[0].xpathB(&quot;/wd:Response_Data/wd:Job_Posting/wd:Job_Posting_Data/wd:Document_Field_Result_Data[wd:Field_Reference/wd:ID = 'MinSalary']/wd:Value/@xdiff:oldValue&quot;, &quot;xdiff urn:com.workday/esb/xdiff&quot;) || parts[0].xpathB(&quot;/wd:Response_Data/wd:Job_Posting/wd:Job_Posting_Data/wd:Document_Field_Result_Data[wd:Field_Reference/wd:ID = 'MinSalary']/wd:Value/@xdiff:isAdded&quot;, &quot;xdiff urn:com.workday/esb/xdiff&quot;)</cc:expression>
                    <cc:expression>props['MaxSalary']=parts[0].xpathB(&quot;/wd:Response_Data/wd:Job_Posting/wd:Job_Posting_Data/wd:Document_Field_Result_Data[wd:Field_Reference/wd:ID = 'MaxSalary']/wd:Value/@xdiff:oldValue&quot;, &quot;xdiff urn:com.workday/esb/xdiff&quot;) || parts[0].xpathB(&quot;/wd:Response_Data/wd:Job_Posting/wd:Job_Posting_Data/wd:Document_Field_Result_Data[wd:Field_Reference/wd:ID = 'MaxSalary']/wd:Value/@xdiff:isAdded&quot;, &quot;xdiff urn:com.workday/esb/xdiff&quot;)</cc:expression>
                    <cc:expression>props['JobDescription'] = parts[0].xpathB(&quot;/wd:Response_Data/wd:Job_Posting/wd:Job_Posting_Data/wd:Document_Field_Result_Data[wd:Field_Reference/wd:ID = 'JobDescription']/wd:Value/@xdiff:oldValue&quot;, &quot;xdiff urn:com.workday/esb/xdiff&quot;) || parts[0].xpathB(&quot;/wd:Response_Data/wd:Job_Posting/wd:Job_Posting_Data/wd:Document_Field_Result_Data[wd:Field_Reference/wd:ID = 'JobDescription']/wd:Value/@xdiff:isAdded&quot;, &quot;xdiff urn:com.workday/esb/xdiff&quot;)</cc:expression>
                    <cc:expression>props['JobPrimaryStreetAddr'] = parts[0].xpathB(&quot;/wd:Response_Data/wd:Job_Posting/wd:Job_Posting_Data/wd:Document_Field_Result_Data[wd:Field_Reference/wd:ID = 'JobDescription']/wd:Value/@xdiff:oldValue&quot;, &quot;xdiff urn:com.workday/esb/xdiff&quot;) || parts[0].xpathB(&quot;/wd:Response_Data/wd:Job_Posting/wd:Job_Posting_Data/wd:Document_Field_Result_Data[wd:Field_Reference/wd:ID = 'PrimaryStreetAddress']/wd:Value/@xdiff:isAdded&quot;, &quot;xdiff urn:com.workday/esb/xdiff&quot;)</cc:expression>
                    <cc:expression>props['JobPostAddlLoc'] = parts[0].xpathB(&quot;/wd:Response_Data/wd:Job_Posting/wd:Job_Posting_Data/wd:Job_Posting_Title/@xdiff:oldValue&quot;, &quot;xdiff urn:com.workday/esb/xdiff&quot;) || parts[0].xpathB(&quot;/wd:Response_Data/wd:Job_Posting/wd:Job_Posting_Data/wd:Hiring_Requirement_Data/wd:Additional_Job_Posting_Location_Reference/@xdiff:isAdded&quot;, &quot;xdiff urn:com.workday/esb/xdiff&quot;)</cc:expression>
                    <cc:expression>props['anyFieldChange'] = props['State'] || props['City'] || props['Country'] || props['Recruiter'] || props['Manager'] || props['JobType'] || props['JobTeam'] || props['JobCategory'] || props['External_Apply_URL'] || props['JobTitle'] || props['MinSalary'] || props['MaxSalary'] || props['JobDescription'] || props['JobPrimaryStreetAddr'] || props['JobPostAddlLoc'] </cc:expression>
                    <cc:expression>props['isUpdatedPostingEndDt'] =   props['wd.isReqDifferent'] &amp;&amp; !(props['anyFieldChange']) &amp;&amp; (parts[0].xpathB(&quot;/wd:Response_Data/wd:Job_Posting/wd:Job_Posting_Data/wd:Job_Posting_End_Date/@xdiff:oldValue&quot;, &quot;xdiff urn:com.workday/esb/xdiff&quot;) || parts[0].xpathB(&quot;/wd:Response_Data/wd:Job_Posting/wd:Job_Posting_Data/wd:Job_Posting_End_Date/@xdiff:isAdded&quot;, &quot;xdiff urn:com.workday/esb/xdiff&quot;)) &amp;&amp; (props['jobposting.enddate'] >= props['lp.effectiveDate']) &amp;&amp; props['curr.external.path'] != '' &amp;&amp; props['curr.external.url'] != ''</cc:expression>
                </cc:eval>
            </cc:steps>
        </cc:async-mediation>
        <cc:local-in id="XDiff" routes-to="XDiffPostings"/>
        <cc:http-out id="CallSmashflyAPI" execute-when="!props['lp.validation.mode'] &amp;&amp; (props['isNewPosting'] == true || props['isNewPostingChangesOnly'] == true || props['isUpdatedPosting'] == true || props['isClosedPosting'] == true)" routes-response-to="CaptureSmashflyResponse" endpoint="@{props['ia.SmashflyURL']}" http-method="POST">
            <cc:wsdl-soap-binding/>
        </cc:http-out>
        <cc:async-mediation id="Req" routes-to="CallSmashflyAPI">
            <cc:steps>
                <cc:copy id="Copy" input="variable" input-variable="soap.request"/>
                <cc:wrap-soap id="WrapSoap" soap-action="http://www.smashfly.com/services/simplepost/v2/ISimplePostService/BulkImportJobs" soap-version="1.1"/>
                <cc:set-headers id="SetHeaders">
                    <cc:remove-headers/>
                    <cc:add-headers>
                        <cc:add-header name="SOAPAction" value="&quot;http://www.smashfly.com/services/simplepost/v2/ISimplePostService/BulkImportJobs&quot;"/>
                    </cc:add-headers>
                </cc:set-headers>
            </cc:steps>
        </cc:async-mediation>
        <cc:local-out id="PostingStatus" store-message="none" routes-response-to="Req" endpoint="vm://INT8000_Smashfly_Job_Posting_Outbound/ActionDataOutput"/>
        <cc:async-mediation id="TransformData" routes-to="PostingStatus">
            <cc:steps>
                <cc:copy id="Copy" input="variable" input-variable="currPosting"/>
                <cc:log id="Log0">
                    <cc:log-message>
                        <cc:text>--The currPosting that is transformed--&#xD;
</cc:text>
                        <cc:message-content/>
                    </cc:log-message>
                </cc:log>
                <cc:xslt id="Xslt" url="TransformData.xsl"/>
                <cc:log id="Log">
                    <cc:log-message>
                        <cc:text>--TransformedData--&#xD;
</cc:text>
                        <cc:message-content/>
                    </cc:log-message>
                </cc:log>
            </cc:steps>
            <cc:send-error id="SendError" routes-to="PutIntegrationMessage2"/>
        </cc:async-mediation>
        <cc:local-out id="PutIntegrationMessage2" endpoint="vm://wcc/PutIntegrationMessage">
            <cc:set name="is.message.severity" value="'Error'"/>
            <cc:set name="is.message.summary" value="'Transform Data Error' + context.errorMessage"/>
            <cc:set name="is.message.storage.enabled" value="false"/>
        </cc:local-out>
        <cc:local-out id="PutIntegrationMessage1" endpoint="vm://wcc/PutIntegrationMessage">
            <cc:set name="is.message.severity" value="'Error'"/>
            <cc:set name="is.message.summary" value="'After Soap REquest' + context.errorMessage"/>
            <cc:set name="is.message.storage.enabled" value="false"/>
        </cc:local-out>
        <cc:async-mediation id="SoapRequest" routes-to="TransformData">
            <cc:steps>
                <cc:xslt id="Xslt" url="SmashflySOAPRequest.xsl"/>
                <cc:copy id="Copy" output="variable" output-variable="soap.request"/>
                <cc:log id="Log">
                    <cc:log-message>
                        <cc:text>SOAPRequestXML</cc:text>
                        <cc:message-content/>
                    </cc:log-message>
                </cc:log>
                <cc:store id="Store" output="variable" output-variable="INT255SmashflyPostRequest.xml" title=" INT8000 -  @{props['job.req.id.for.Job.Posting']} Smashfly Post Job Request.xml"/>
            </cc:steps>
            <cc:send-error id="SendError" routes-to="PutIntegrationMessage1"/>
        </cc:async-mediation>
        <cc:local-in id="SOAPReq" routes-to="SoapRequest"/>
        <cc:http-out id="CallSmashflyAPI1" execute-when="!props['lp.validation.mode']" routes-response-to="CaptureSmashflyResponse0" endpoint="@{props['ia.SmashflyURL']}" http-method="POST">
            <cc:wsdl-soap-binding/>
        </cc:http-out>
        <cc:async-mediation id="CloseReq" routes-to="CallSmashflyAPI1">
            <cc:steps>
                <cc:copy id="Copy" input="variable" input-variable="soap.request"/>
                <cc:wrap-soap id="WrapSoap" soap-action="http://www.smashfly.com/services/simplepost/v2/ISimplePostService/BulkImportJobs" soap-version="1.1"/>
                <cc:set-headers id="SetHeaders">
                    <cc:remove-headers/>
                    <cc:add-headers>
                        <cc:add-header name="SOAPAction" value="&quot;http://www.smashfly.com/services/simplepost/v2/ISimplePostService/BulkImportJobs&quot;"/>
                    </cc:add-headers>
                </cc:set-headers>
            </cc:steps>
        </cc:async-mediation>
        <cc:local-out id="PutIntegrationMessage3" endpoint="vm://wcc/PutIntegrationMessage">
            <cc:set name="is.message.severity" value="'ERROR'"/>
            <cc:set name="is.message.summary" value="'Transform Data Close error' + context.errorMessage"/>
            <cc:set name="is.message.storage.enabled" value="false"/>
        </cc:local-out>
        <cc:local-out id="PostingStatusClose" store-message="none" routes-response-to="CloseReq" endpoint="vm://INT8000_Smashfly_Job_Posting_Outbound/EmptyOutput"/>
        <cc:async-mediation id="TransformDataClose" routes-to="PostingStatusClose">
            <cc:steps>
                <cc:xslt id="Xslt" url="CloseRequestTransform.xsl"/>
            </cc:steps>
            <cc:send-error id="SendError" routes-to="PutIntegrationMessage3"/>
        </cc:async-mediation>
        <cc:local-out id="PutIntegrationMessage5" endpoint="vm://wcc/PutIntegrationMessage">
            <cc:set name="is.message.severity" value="'Error'"/>
            <cc:set name="is.message.summary" value="'Close Soap Req Error' + context.errorMessage"/>
            <cc:set name="is.message.storage.enabled" value="false"/>
        </cc:local-out>
        <cc:async-mediation id="CloseSOAPRequest" routes-to="TransformDataClose">
            <cc:steps>
                <cc:eval id="Eval">
                    <cc:expression>props['job.req.ID'] = parts[0].xpath('wd:Report_Data/wd:Report_Entry/wd:Job_Posting_Details/wd:jobRequisitionId')</cc:expression>
                    <cc:expression>props['job.title'] = parts[0].xpath('wd:Report_Data/wd:Report_Entry/wd:Job_Posting_Details/wd:title')</cc:expression>
                    <cc:expression>props['Job.req.id.for.close'] = parts[0].xpath(&quot;wd:Report_Data/wd:Report_Entry/wd:Job_Req_ID&quot; , 'wd urn:com.workday.report/Smashfly_Job_Postings_Report')</cc:expression>
                </cc:eval>
                <cc:xslt id="Xslt" url="SmashflyCloseRequest.xsl"/>
                <cc:copy id="Copy" output="variable" output-variable="soap.request"/>
                <cc:store id="Store" output="variable" output-variable="deleteJobPostingRequest" title=" INT8000 -  @{props['job.req.id.for.Job.Posting']} Smashfly Delete Job Posting Request.xml"/>
            </cc:steps>
            <cc:send-error id="SendError" routes-to="PutIntegrationMessage5"/>
        </cc:async-mediation>
        <cc:local-in id="CloseJobReq" routes-to="CloseSOAPRequest"/>
        <cc:local-out id="OutputFileError" store-message="none" endpoint="vm://wcc/PutIntegrationMessage">
            <cc:set name="is.message.severity" value="'WARNING'"/>
            <cc:set name="is.message.summary" value="'Error Creating Output File ' + context.errorMessage"/>
        </cc:local-out>
        <cc:local-out id="OutputDoc" store-message="none" endpoint="vm://wcc/PutIntegrationMessage">
            <cc:set name="is.document.deliverable" value="'true'"/>
            <cc:set name="is.message.severity" value="'INFO'"/>
            <cc:set name="is.message.summary" value="'Output Document Attached'"/>
            <cc:set name="is.document.variable.name" value="'output.doc'"/>
        </cc:local-out>
        <cc:async-mediation id="ProcessOutput" routes-to="OutputDoc" handle-downstream-errors="true">
            <cc:steps>
                <cc:xml-to-csv id="XmlToCsv"/>
                <cc:store id="Store" output="variable" output-variable="output.doc" expiresIn="P180D" isAttachment="false" title="Smashfly_Job_Posting_Data_Status.csv"/>
            </cc:steps>
            <cc:send-error id="SendError" routes-to="OutputFileError"/>
        </cc:async-mediation>
        <cc:aggregator id="Aggregator0" collate-when="(props['latest.jobpostingid'] != null || props['latest.jobpostingid'] != '') &amp;&amp; (props['isNewPosting'] == true || props['isUpdatedPosting'] == true || props['isClosedPosting'] == true || props['isNewPostingChangesOnly'] == true)" force-batch-on-last-message="false" force-batch-when="props['is.paged.get.last.page'] &amp;&amp; util.isLastMessageInBatch()">
            <cc:size-batch-strategy batch-size="-1"/>
            <cc:xml-message-content-collater>
        <cc:header-text>&lt;Job_Posting_Response>&lt;Job_Posting_Data>	   &lt;Job_Posting_ID>Job Posting ID&lt;/Job_Posting_ID>	   &lt;NewPosting>NewPosting&lt;/NewPosting>	   &lt;UpdatedPosting>UpdatedPosting&lt;/UpdatedPosting>	   &lt;ClosedPosting>ClosedPosting&lt;/ClosedPosting>	   &lt;NewPostingBP>NewPostingBP&lt;/NewPostingBP>	   &lt;JobAction>Job Action&lt;/JobAction>	   &lt;PostDate>Job Start Date&lt;/PostDate>	   &lt;PostEndDate>Job End Date&lt;/PostEndDate>	   &lt;JobReqStatus>Job Req Status&lt;/JobReqStatus>	   &lt;ATSJobID>Job Requisition ID&lt;/ATSJobID>	   &lt;ApplyURL>Apply URL&lt;/ApplyURL>	   &lt;JobTitle>JobTitle&lt;/JobTitle>	   &lt;JobDescription>JobDescription&lt;/JobDescription>	   &lt;JobTeam>JobTeam&lt;/JobTeam>	   &lt;JobTeamRecruiter>JobTeamRecruiter&lt;/JobTeamRecruiter>	   &lt;JobTeamManager>JobTeamManager&lt;/JobTeamManager>	   &lt;PayPeriod>PayPeriod&lt;/PayPeriod>	   &lt;Address1>Address1&lt;/Address1>	   &lt;City>City&lt;/City>	   &lt;State>State&lt;/State>	   &lt;Country>Country&lt;/Country>	   &lt;TimeType>TimeType&lt;/TimeType>	   &lt;Shift>Shift&lt;/Shift>	   	&lt;/Job_Posting_Data></cc:header-text>
        <cc:footer-text>&lt;/Job_Posting_Response></cc:footer-text>
      </cc:xml-message-content-collater>
        </cc:aggregator>
        <cc:async-mediation id="Log" routes-to="Aggregator0">
            <cc:steps>
                <cc:log id="Log">
                    <cc:log-message>
                        <cc:text>Reached ActionDataOutput</cc:text>
                        <cc:message-content/>
                    </cc:log-message>
                </cc:log>
            </cc:steps>
        </cc:async-mediation>
        <cc:local-in id="ActionDataOutput" routes-to="Log"/>
        <cc:local-out id="MessageLogFile" store-message="none" endpoint="vm://wcc/PutIntegrationMessage">
            <cc:set name="is.message.severity" value="props['log.severity']"/>
            <cc:set name="is.message.summary" value="'Log file attached.'"/>
            <cc:set name="is.document.variable.name" value="'document.handle'"/>
            <cc:set name="is.document.deliverable" value="'true'"/>
        </cc:local-out>
        <cc:async-mediation id="StoreLog" routes-to="MessageLogFile">
            <cc:steps>
                <cc:eval id="Eval">
                    <cc:expression>props['log.warningcount'] = parts[0].xpath(&quot;count(/Messages/LogEntry[Severity = 'WARNING'])&quot;)</cc:expression>
                    <cc:expression>props['log.errorcount'] = parts[0].xpath(&quot;count(/Messages/LogEntry[Severity = 'ERROR'])&quot;)</cc:expression>
                    <cc:expression>props['log.severity'] = 'INFO'; if (props['log.warningcount'] > 0) props['log.severity'] = 'WARNING'; if (props['log.errorcount'] > 0) props['log.severity'] = 'ERROR';</cc:expression>
                    <cc:expression>props['log.infocount'] = parts[0].xpath(&quot;count(/Messages/LogEntry[Severity = 'INFO'])&quot;)</cc:expression>
                </cc:eval>
                <cc:xml-to-csv id="XmlToCsv"/>
                <cc:store id="Store" output="variable" output-variable="document.handle" expiresIn="P180D" title="INT8000 Smashfly Job Posting Details.csv"/>
            </cc:steps>
        </cc:async-mediation>
        <cc:aggregator id="Aggregator" routes-to="StoreLog" force-batch-on-last-message="false" force-batch-when="props['is.paged.get.last.page'] &amp;&amp; util.isLastMessageInBatch()">
            <cc:size-batch-strategy batch-size="-1"/>
            <cc:xml-message-content-collater xpath="/root/LogEntry">
        <cc:header-text>&lt;Messages></cc:header-text>
        <cc:footer-text>&lt;/Messages></cc:footer-text>
      </cc:xml-message-content-collater>
        </cc:aggregator>
        <cc:async-mediation id="LogEntries" routes-to="Aggregator">
            <cc:steps>
                <cc:copy id="Copy" input="variable" input-variable="log.entries"/>
                <cc:log id="Log">
                    <cc:log-message>
                        <cc:text>--Log Entry Variable--</cc:text>
                        <cc:message-content/>
                    </cc:log-message>
                </cc:log>
            </cc:steps>
        </cc:async-mediation>
        <cc:local-in id="LogMessages" routes-to="LogEntries"/>
        <cc:local-out id="EmptyFileError" store-message="none" endpoint="vm://wcc/PutIntegrationMessage">
            <cc:set name="is.message.severity" value="'WARNING'"/>
            <cc:set name="is.message.summary" value="'Error Creating Output File ' + context.errorMessage"/>
        </cc:local-out>
        <cc:local-out id="EmptyDoc" store-message="none" endpoint="vm://wcc/PutIntegrationMessage">
            <cc:set name="is.document.deliverable" value="'true'"/>
            <cc:set name="is.message.severity" value="'INFO'"/>
            <cc:set name="is.message.summary" value="'Job requisiton was closed. Output Document Attached'"/>
            <cc:set name="is.document.variable.name" value="'output.doc'"/>
        </cc:local-out>
        <cc:async-mediation id="ProcessOP" routes-to="EmptyDoc" handle-downstream-errors="true">
            <cc:steps>
                <cc:xml-to-csv id="XmlToCsv"/>
                <cc:store id="Store" output="variable" output-variable="output.doc" expiresIn="P180D" isAttachment="false" title="INT8000 Smashfly Job Posting Details.csv"/>
            </cc:steps>
            <cc:send-error id="SendError" routes-to="EmptyFileError"/>
        </cc:async-mediation>
        <cc:aggregator id="CloseAggregator" force-batch-on-last-message="false" force-batch-when="props['single.close']">
            <cc:size-batch-strategy batch-size="-1"/>
            <cc:xml-message-content-collater>
        <cc:header-text>&lt;Job_Posting_Response>&lt;Job_Posting_Data>	&lt;JobAction>Job Action&lt;/JobAction>&lt;Job_Posting_ID>Job Requisition ID&lt;/Job_Posting_ID>&lt;/Job_Posting_Data></cc:header-text>
        <cc:footer-text>&lt;/Job_Posting_Response></cc:footer-text>
      </cc:xml-message-content-collater>
        </cc:aggregator>
        <cc:async-mediation id="Log0" routes-to="CloseAggregator">
            <cc:steps>
                <cc:log id="Log">
                    <cc:log-message>
                        <cc:text>Reached Close Req output</cc:text>
                    </cc:log-message>
                </cc:log>
                <cc:eval id="Eval">
                    <cc:expression>props['single.close'] = true</cc:expression>
                </cc:eval>
            </cc:steps>
        </cc:async-mediation>
        <cc:local-in id="EmptyOutput" routes-to="Log0"/>
        <cc:local-out id="Note-Error" endpoint="vm://wcc/PutIntegrationMessage">
            <cc:set name="is.message.severity" value="'CRITICAL'"/>
            <cc:set name="is.message.summary" value="&quot;Error Message:&quot; + context.errorMessage"/>
        </cc:local-out>
        <cc:send-error id="global-error-handler" rethrow-error="false" routes-to="Note-Error"/>
        <cc:async-mediation id="CaptureSmashflyResponse">
            <cc:steps>
                <cc:log id="Log">
                    <cc:log-message>
                        <cc:line-separator/>
                        <cc:line-separator/>
                        <cc:text>-------Smashfly Post Response------&#xD;
</cc:text>
                        <cc:line-separator/>
                        <cc:line-separator/>
                        <cc:message-content/>
                        <cc:line-separator/>
                        <cc:line-separator/>
                    </cc:log-message>
                </cc:log>
            </cc:steps>
        </cc:async-mediation>
        <cc:splitter id="SplitById" no-split-message-error="false">
            <cc:sub-route name="SubRoute" routes-to="SetTheCurrentPostId"/>
            <cc:xml-stream-splitter xpath="Job_Posting/ID"/>
        </cc:splitter>
        <cc:async-mediation id="ProcessByJobPostId" routes-to="SplitById">
            <cc:steps>
                <cc:write id="Write">
                    <cc:message>
                        <cc:text>&lt;Job_Posting>&#xD;
@foreach{props['lp.jobPostingId.orig'] as postingid}&#xD;
					&#xD;
                    &lt;ID>@{postingid}&lt;/ID>&#xD;
                	&#xD;
				@end{}&#xD;
				&lt;/Job_Posting></cc:text>
                        <cc:text></cc:text>
                    </cc:message>
                </cc:write>
                <cc:log id="Log">
                    <cc:log-message>
                        <cc:text>multiple jobs</cc:text>
                    </cc:log-message>
                </cc:log>
            </cc:steps>
        </cc:async-mediation>
        <cc:route id="MidRoute">
            <cc:mvel-strategy>
                <cc:choose-route expression="props['lp.jobPostingIdcount'] > 1" route="SubRoute"/>
                <cc:choose-route expression="props['lp.jobPostingIdcount'] == 1" route="Alternate"/>
            </cc:mvel-strategy>
            <cc:sub-route name="SubRoute" routes-to="ProcessByJobPostId"/>
            <cc:sub-route name="Alternate" routes-to="BuildGetPostingCall"/>
        </cc:route>
        <cc:async-mediation id="AsyncMediation" routes-to="BuildCurrPosting">
            <cc:steps>
                <cc:eval id="Eval">
                    <cc:expression>props['job.posting.site.exists'] = parts[0].xpathB('exists(wd:Job_Posting/wd:Job_Posting_Data/wd:Job_Posting_Site_Reference/wd:ID[@wd:type=&quot;Job_Posting_Site_ID&quot;])')</cc:expression>
                    <cc:expression>if(props['job.posting.site.exists'] == true) {props['job.posting.site'] = parts[0].xpath('wd:Job_Posting/wd:Job_Posting_Data/wd:Job_Posting_Site_Reference/wd:ID[@wd:type=&quot;Job_Posting_Site_ID&quot;]')}</cc:expression>
                    <cc:expression>props['curr.job.posting.id'] = parts[0].xpath('wd:Job_Posting/wd:Job_Posting_Reference/wd:ID[@wd:type=&quot;Job_Posting_ID&quot;]')
</cc:expression>
                    <cc:expression>props['jobposting.enddate'] = parts[0].xpath('wd:Job_Posting/wd:Job_Posting_Data/wd:Job_Posting_End_Date')</cc:expression>
                    <cc:expression>props['curr.external.path'] = parts[0].xpath('wd:Job_Posting/wd:Job_Posting_Data/wd:External_Job_Path')</cc:expression>
                    <cc:expression>props['curr.external.url'] = parts[0].xpath('wd:Job_Posting/wd:Job_Posting_Data/wd:External_Apply_URL')</cc:expression>
                    <cc:expression>props['jobposting.startdate'] = parts[0].xpath('wd:Job_Posting/wd:Job_Posting_Data/wd:Job_Posting_Start_Date')</cc:expression>
                </cc:eval>
            </cc:steps>
        </cc:async-mediation>
        <cc:async-mediation id="SetTheCurrentPostId" routes-to="BuildGetPostingCall">
            <cc:steps>
                <cc:eval id="Eval">
                    <cc:expression>props['lp.jobPostingId'] = parts[0].xpath('ID')</cc:expression>
                </cc:eval>
            </cc:steps>
        </cc:async-mediation>
        <cc:local-out id="PutIntegrationMessage" endpoint="vm://wcc/PutIntegrationMessage"><cc:set name="is.message.severity" value="'INFO'"/><cc:set name="is.message.summary" value="'Job Requisition : ' # props['job.req.id.for.Job.Posting']"/></cc:local-out>
        <cc:local-out id="PutIntegrationMessage0" endpoint="vm://wcc/PutIntegrationMessage"><cc:set name="is.message.severity" value="'INFO'"/><cc:set name="is.message.summary" value="'Job Requisition : ' # props['job.req.id.for.Job.Posting']"/></cc:local-out>
        <cc:async-mediation id="CaptureSmashflyResponse0">
            <cc:steps>
                <cc:log id="Log">
                    <cc:log-message>
                        <cc:line-separator/>
                        <cc:line-separator/>
                        <cc:text>-------Smashfly Unpost Response------&#xD;
</cc:text>
                        <cc:line-separator/>
                        <cc:line-separator/>
                        <cc:message-content/>
                        <cc:line-separator/>
                        <cc:line-separator/>
                    </cc:log-message>
                </cc:log>
            </cc:steps>
        </cc:async-mediation>
	</cc:assembly>

</beans>