<?xml version="1.0" encoding="UTF-8"?>
<wdnm:Diagram xmlns:wdnm="http://workday.com/studio/editors/notation">
  <element href="assembly.xml#WorkdayAssembly"/>
  <visualProperties>
    <element href="assembly.xml#AM-Get_Attr_and_LPs"/>
  </visualProperties>
  <visualProperties>
    <element href="assembly.xml#CustomerAccrualSync-ProcessAllCompanies0"/>
  </visualProperties>
  <visualProperties>
    <element href="assembly.xml#AM-LogRunStatus"/>
  </visualProperties>
  <visualProperties>
    <element href="assembly.xml#PutIntegrationMessage"/>
  </visualProperties>
  <visualProperties>
    <element href="assembly.xml#CustomerAccrualSync-ProcessOneInvoice"/>
  </visualProperties>
  <visualProperties>
    <element href="assembly.xml#AM-LogVertexReq"/>
  </visualProperties>
  <visualProperties>
    <element href="assembly.xml#CatchError"/>
  </visualProperties>
  <visualProperties>
    <element href="assembly.xml#AsyncMediation1"/>
  </visualProperties>
  <visualProperties>
    <element href="assembly.xml#CallVertexWS"/>
  </visualProperties>
  <visualProperties>
    <element href="assembly.xml#AM-LogVertexRsp"/>
  </visualProperties>
  <visualProperties>
    <element href="assembly.xml#AM-WriteInvAdjVtxResponse"/>
  </visualProperties>
  <visualProperties>
    <element href="assembly.xml#AM-WriteInvVtxResponse"/>
  </visualProperties>
  <visualProperties>
    <element href="assembly.xml#AM-LogRESTreq"/>
  </visualProperties>
  <visualProperties>
    <element href="assembly.xml#REST-UpdateAdjCustomObj"/>
  </visualProperties>
  <visualProperties>
    <element href="assembly.xml#REST-UpdateCustomObj"/>
  </visualProperties>
  <visualProperties>
    <element href="assembly.xml#AM-LogRESTrsp"/>
  </visualProperties>
  <visualProperties>
    <element href="assembly.xml#AsyncMediation0"/>
  </visualProperties>
  <visualProperties>
    <element href="assembly.xml#//@beans/@mixed.1/@mixed.37"/>
  </visualProperties>
  <visualProperties>
    <element href="assembly.xml#Note-Error"/>
  </visualProperties>
  <visualProperties>
    <element href="assembly.xml#CustomerAccrualSync-ProcessOneCompany"/>
  </visualProperties>
  <visualProperties>
    <element href="assembly.xml#Splitter"/>
  </visualProperties>
  <visualProperties>
    <element href="assembly.xml#AM-LogReportEntry"/>
  </visualProperties>
  <visualProperties>
    <element href="assembly.xml#AsyncMediation"/>
  </visualProperties>
  <visualProperties>
    <element href="assembly.xml#AM-LogRevReq"/>
  </visualProperties>
  <visualProperties>
    <element href="assembly.xml#CustomerAccrualSync-ProcessOneInvoice0"/>
  </visualProperties>
  <visualProperties>
    <element href="assembly.xml#CustomerAccrualSync-ProcessAllCompanies"/>
  </visualProperties>
  <visualProperties>
    <element href="assembly.xml#ROUTE-SplitCompanies"/>
  </visualProperties>
  <visualProperties>
    <element href="assembly.xml#AM-SetReportPath"/>
  </visualProperties>
  <visualProperties>
    <element href="assembly.xml#WD-Out-RunRAAS"/>
  </visualProperties>
  <visualProperties>
    <element href="assembly.xml#AM-LogReportOutput"/>
  </visualProperties>
  <visualProperties>
    <element href="assembly.xml#AM-LogRptOutp"/>
  </visualProperties>
  <visualProperties>
    <element href="assembly.xml#CustomerAccrualSync-ProcessOneCompany0"/>
  </visualProperties>
  <visualProperties x="1232" y="545">
    <element href="assembly.xml#AsyncMediation2"/>
  </visualProperties>
  <visualProperties x="463" y="568">
    <element href="assembly.xml#PIM"/>
  </visualProperties>
  <visualProperties x="1403" y="591">
    <element href="assembly.xml#CallSubRoutine"/>
  </visualProperties>
  <visualProperties x="48" y="154">
    <element href="assembly.xml#Batch-Customer-Accrual-Sync-IN"/>
  </visualProperties>
  <connections type="routesTo" sourceAnchorX="1.0" sourceAnchorY="0.3191489361702128" targetAnchorX="0.2013888888888889" targetAnchorY="0.7567567567567568">
    <source href="assembly.xml#AM-Get_Attr_and_LPs"/>
    <target href="assembly.xml#CustomerAccrualSync-ProcessAllCompanies0"/>
  </connections>
  <connections type="routesResponseTo" sourceAnchorX="1.0" sourceAnchorY="0.6486486486486487" targetAnchorX="0.10236220472440945" targetAnchorY="0.32608695652173914">
    <source href="assembly.xml#CustomerAccrualSync-ProcessAllCompanies0"/>
    <target href="assembly.xml#AM-LogRunStatus"/>
  </connections>
  <connections type="routesTo" sourceAnchorX="1.0" sourceAnchorY="0.30851063829787234" targetAnchorX="0.059782608695652176" targetAnchorY="0.16216216216216217">
    <source href="assembly.xml#AM-LogRunStatus"/>
    <target href="assembly.xml#PutIntegrationMessage"/>
  </connections>
  <connections type="routesTo" sourceAnchorX="0.7559055118110236" sourceAnchorY="1.0" targetAnchorX="0.007246376811594203" targetAnchorY="0.15217391304347827">
    <source href="assembly.xml#CustomerAccrualSync-ProcessOneInvoice"/>
    <target href="assembly.xml#AM-LogVertexReq"/>
  </connections>
  <connections type="routesTo" sourceAnchorX="1.0" sourceAnchorY="0.2872340425531915">
    <source href="assembly.xml#AM-LogVertexReq"/>
    <target href="assembly.xml#CatchError"/>
  </connections>
  <connections type="routesTo" sourceAnchorX="1.0" sourceAnchorY="0.184" targetAnchorX="0.015384615384615385" targetAnchorY="0.21621621621621623">
    <source href="assembly.xml#CatchError"/>
    <target href="assembly.xml#CallVertexWS"/>
  </connections>
  <connections type="routesTo" sourceAnchorX="0.9042553191489362" sourceAnchorY="1.0" targetAnchorX="0.007462686567164179" targetAnchorY="0.1595744680851064">
    <source href="assembly.xml#//@beans/@mixed.1/@mixed.59/@mixed.3"/>
    <target href="assembly.xml#AsyncMediation1"/>
  </connections>
  <connections type="routesResponseTo" sourceAnchorX="0.6538461538461539" sourceAnchorY="1.0" targetAnchorX="0.014492753623188406" targetAnchorY="0.20212765957446807">
    <source href="assembly.xml#CallVertexWS"/>
    <target href="assembly.xml#AM-LogVertexRsp"/>
  </connections>
  <connections type="routesTo" sourceAnchorX="1.0" sourceAnchorY="0.5638297872340425" targetAnchorX="0.08208955223880597" targetAnchorY="0.21739130434782608">
    <source href="assembly.xml#AM-LogVertexRsp"/>
    <target href="assembly.xml#AM-WriteInvAdjVtxResponse"/>
  </connections>
  <connections type="routesTo" sourceAnchorX="1.0" sourceAnchorY="0.25" targetAnchorX="0.10112359550561797" targetAnchorY="0.20212765957446807">
    <source href="assembly.xml#AM-WriteInvAdjVtxResponse"/>
    <target href="assembly.xml#AM-WriteInvVtxResponse"/>
  </connections>
  <connections type="routesTo" sourceAnchorX="1.0" sourceAnchorY="0.2765957446808511" targetAnchorX="0.06766917293233082" targetAnchorY="0.1956521739130435">
    <source href="assembly.xml#AM-WriteInvVtxResponse"/>
    <target href="assembly.xml#AM-LogRESTreq"/>
  </connections>
  <connections type="routesTo" sourceAnchorX="1.0" sourceAnchorY="0.3191489361702128" targetAnchorX="0.11409395973154363" targetAnchorY="0.40540540540540543">
    <source href="assembly.xml#AM-LogRESTreq"/>
    <target href="assembly.xml#REST-UpdateAdjCustomObj"/>
  </connections>
  <connections type="routesResponseTo" sourceAnchorX="1.0" sourceAnchorY="0.918918918918919" targetAnchorX="0.14358974358974358" targetAnchorY="0.2972972972972973">
    <source href="assembly.xml#REST-UpdateAdjCustomObj"/>
    <target href="assembly.xml#REST-UpdateCustomObj"/>
  </connections>
  <connections type="routesResponseTo" sourceAnchorX="0.8923076923076924" sourceAnchorY="1.0" targetAnchorX="0.014925373134328358" targetAnchorY="0.1702127659574468">
    <source href="assembly.xml#REST-UpdateCustomObj"/>
    <target href="assembly.xml#AM-LogRESTrsp"/>
  </connections>
  <connections type="routesTo" sourceAnchorX="1.0" sourceAnchorY="0.26595744680851063" targetAnchorX="0.029850746268656716" targetAnchorY="0.1276595744680851">
    <source href="assembly.xml#AM-LogRESTrsp"/>
    <target href="assembly.xml#AsyncMediation0"/>
  </connections>
  <connections type="routesTo" sourceAnchorX="0.9342105263157895" sourceAnchorY="1.0" targetAnchorX="0.020942408376963352" targetAnchorY="0.2972972972972973">
    <source href="assembly.xml#//@beans/@mixed.1/@mixed.37"/>
    <target href="assembly.xml#Note-Error"/>
  </connections>
  <connections type="routesTo" sourceAnchorX="0.9893617021276596" sourceAnchorY="1.0" targetAnchorX="0.0" targetAnchorY="0.18085106382978725">
    <source href="assembly.xml#//@beans/@mixed.1/@splitter.0/@subRoute.0"/>
    <target href="assembly.xml#AM-LogReportEntry"/>
  </connections>
  <connections type="routesTo" sourceAnchorX="1.0" sourceAnchorY="0.2765957446808511" targetAnchorX="0.07462686567164178" targetAnchorY="0.22826086956521738">
    <source href="assembly.xml#AM-LogReportEntry"/>
    <target href="assembly.xml#AsyncMediation"/>
  </connections>
  <connections type="routesTo" sourceAnchorX="1.0" sourceAnchorY="0.2553191489361702" targetAnchorX="0.047244094488188976" targetAnchorY="0.30434782608695654">
    <source href="assembly.xml#AsyncMediation"/>
    <target href="assembly.xml#AM-LogRevReq"/>
  </connections>
  <connections type="routesTo" sourceAnchorX="1.0" sourceAnchorY="0.18478260869565216" targetAnchorX="0.0" targetAnchorY="0.21621621621621623">
    <source href="assembly.xml#AM-LogRevReq"/>
    <target href="assembly.xml#CustomerAccrualSync-ProcessOneInvoice0"/>
  </connections>
  <connections type="routesTo" sourceAnchorX="0.992619926199262" sourceAnchorY="1.0" targetAnchorX="0.018691588785046728" targetAnchorY="0.12738853503184713">
    <source href="assembly.xml#CustomerAccrualSync-ProcessAllCompanies"/>
    <target href="assembly.xml#ROUTE-SplitCompanies"/>
  </connections>
  <connections type="routesTo" sourceAnchorX="0.6097560975609756" sourceAnchorY="1.0" targetAnchorX="0.11267605633802817" targetAnchorY="0.46808510638297873">
    <source href="assembly.xml#//@beans/@mixed.1/@route.0/@subRoute.0"/>
    <target href="assembly.xml#AM-SetReportPath"/>
  </connections>
  <connections type="routesTo" sourceAnchorX="1.0" sourceAnchorY="0.1956521739130435" targetAnchorX="0.03164556962025317" targetAnchorY="0.7567567567567568">
    <source href="assembly.xml#AM-SetReportPath"/>
    <target href="assembly.xml#WD-Out-RunRAAS"/>
  </connections>
  <connections type="routesResponseTo" sourceAnchorX="0.9430379746835443" sourceAnchorY="1.0" targetAnchorX="0.046875" targetAnchorY="0.18085106382978725">
    <source href="assembly.xml#WD-Out-RunRAAS"/>
    <target href="assembly.xml#AM-LogReportOutput"/>
  </connections>
  <connections type="routesTo" sourceAnchorX="1.0" sourceAnchorY="0.20212765957446807" targetAnchorX="0.07051282051282051" targetAnchorY="0.1276595744680851">
    <source href="assembly.xml#AM-LogReportOutput"/>
    <target href="assembly.xml#AM-LogRptOutp"/>
  </connections>
  <connections type="routesTo" sourceAnchorX="1.0" sourceAnchorY="0.30851063829787234" targetAnchorX="0.025362318840579712" targetAnchorY="0.4864864864864865">
    <source href="assembly.xml#AM-LogRptOutp"/>
    <target href="assembly.xml#CustomerAccrualSync-ProcessOneCompany0"/>
  </connections>
  <connections type="routesTo" sourceAnchorX="0.9873949579831933" sourceAnchorY="1.0" targetAnchorX="0.1891891891891892" targetAnchorY="0.14634146341463414">
    <source href="assembly.xml#CustomerAccrualSync-ProcessOneCompany"/>
    <target href="assembly.xml#AsyncMediation2"/>
  </connections>
  <connections type="routesTo" sourceAnchorX="1.0" sourceAnchorY="0.2601626016260163" targetAnchorX="0.3118279569892473" targetAnchorY="0.12666666666666668">
    <source href="assembly.xml#AsyncMediation2"/>
    <target href="assembly.xml#Splitter"/>
  </connections>
  <connections type="routesTo" sourceAnchorX="0.5865384615384616" sourceAnchorY="1.0" targetAnchorX="0.5135135135135135" targetAnchorY="0.40540540540540543">
    <source href="assembly.xml#//@beans/@mixed.1/@mixed.65/@mixed.3"/>
    <target href="assembly.xml#PIM"/>
  </connections>
  <connections type="routesTo" sourceAnchorX="0.5258215962441315" sourceAnchorY="1.0" targetAnchorX="0.6" targetAnchorY="0.4594594594594595">
    <source href="assembly.xml#//@beans/@mixed.1/@mixed.27/@mixed.3"/>
    <target href="assembly.xml#CallSubRoutine"/>
  </connections>
  <connections type="routesTo" sourceAnchorX="0.919831223628692" sourceAnchorY="1.0" targetAnchorX="0.2037037037037037" targetAnchorY="0.10638297872340426">
    <source href="assembly.xml#Batch-Customer-Accrual-Sync-IN"/>
    <target href="assembly.xml#AM-Get_Attr_and_LPs"/>
  </connections>
  <swimlanes x="39" y="44" name="GetParmsAndCallRaas">
    <elements href="assembly.xml#Batch-Customer-Accrual-Sync-IN"/>
    <elements href="assembly.xml#AM-Get_Attr_and_LPs"/>
    <elements href="assembly.xml#CustomerAccrualSync-ProcessAllCompanies0"/>
    <elements href="assembly.xml#AM-LogRunStatus"/>
    <elements href="assembly.xml#PutIntegrationMessage"/>
  </swimlanes>
  <swimlanes name="Swimlane" orientation="VERTICAL">
    <elements href="assembly.xml#CatchError"/>
    <elements href="assembly.xml#AsyncMediation1"/>
  </swimlanes>
  <swimlanes x="39" y="804" name="Swimlane">
    <elements href="assembly.xml#CustomerAccrualSync-ProcessOneInvoice"/>
    <elements href="assembly.xml#AM-LogVertexReq"/>
    <elements href="#//@swimlanes.1"/>
    <elements href="assembly.xml#CallVertexWS"/>
    <elements href="assembly.xml#AM-LogVertexRsp"/>
    <elements href="assembly.xml#AM-WriteInvAdjVtxResponse"/>
    <elements href="assembly.xml#AM-WriteInvVtxResponse"/>
    <elements href="assembly.xml#AM-LogRESTreq"/>
    <elements href="assembly.xml#REST-UpdateAdjCustomObj"/>
    <elements href="assembly.xml#REST-UpdateCustomObj"/>
    <elements href="assembly.xml#AM-LogRESTrsp"/>
    <elements href="assembly.xml#AsyncMediation0"/>
  </swimlanes>
  <swimlanes x="39" y="1164" name="Swimlane">
    <elements href="assembly.xml#//@beans/@mixed.1/@mixed.37"/>
    <elements href="assembly.xml#Note-Error"/>
  </swimlanes>
  <swimlanes x="39" y="445" name="ProcessOneCompany">
    <elements href="assembly.xml#CustomerAccrualSync-ProcessOneCompany"/>
    <elements href="#//@swimlanes.6"/>
    <elements href="assembly.xml#Splitter"/>
    <elements href="assembly.xml#AM-LogReportEntry"/>
    <elements href="#//@swimlanes.7"/>
    <elements href="assembly.xml#AM-LogRevReq"/>
    <elements href="assembly.xml#CustomerAccrualSync-ProcessOneInvoice0"/>
  </swimlanes>
  <swimlanes x="39" y="218" name="ProcessAllCompanies">
    <elements href="assembly.xml#CustomerAccrualSync-ProcessAllCompanies"/>
    <elements href="assembly.xml#ROUTE-SplitCompanies"/>
    <elements href="assembly.xml#AM-SetReportPath"/>
    <elements href="assembly.xml#WD-Out-RunRAAS"/>
    <elements href="assembly.xml#AM-LogReportOutput"/>
    <elements href="assembly.xml#AM-LogRptOutp"/>
    <elements href="assembly.xml#CustomerAccrualSync-ProcessOneCompany0"/>
  </swimlanes>
  <swimlanes x="259" y="522" name="Swimlane" orientation="VERTICAL">
    <elements href="assembly.xml#AsyncMediation2"/>
    <elements href="assembly.xml#PIM"/>
  </swimlanes>
  <swimlanes x="763" y="614" name="Swimlane" orientation="VERTICAL">
    <elements href="assembly.xml#AsyncMediation"/>
    <elements href="assembly.xml#CallSubRoutine"/>
  </swimlanes>
</wdnm:Diagram>
