<?xml version="1.0" encoding="UTF-8"?>
<beans
     xmlns="http://www.springframework.org/schema/beans"
     xmlns:beans="http://www.springframework.org/schema/beans"
     xmlns:api="http://api.zuora.com/"
     xmlns:atom="http://www.w3.org/2005/Atom"
     xmlns:cc="http://www.capeclear.com/assembly/10"
     xmlns:cloud="urn:com.workday/esb/cloud/10.0"
     xmlns:env="http://schemas.xmlsoap.org/soap/envelope/"
     xmlns:que="http://www.workday.com/wd-queue/17"
     xmlns:wd="urn:com.workday/bsvc"
     xmlns:xsd="http://www.w3.org/2001/XMLSchema"
     xmlns:xsi="http://www.w3.org/2001/XMLSchema-instance">
 
	<cc:assembly id="WorkdayAssembly" version="2018.6">
        <cc:workday-in id="InitiateRequests" routes-to="ConfigureQueryRequest">
            <cc:integration-system name="INT Studio HCM Attachment Dispatcher Outbound">
        <cloud:param name="Queue Action Option">
          <cloud:type>
            <cloud:enumeration-type name="Queue Activity Options">
              <cloud:enumeration>Initiate New Process</cloud:enumeration>
              <cloud:enumeration>Clear Content of Queue</cloud:enumeration>
              <cloud:enumeration>Query Queue Content</cloud:enumeration>
            </cloud:enumeration-type>
          </cloud:type>
          <cloud:default>
            <cloud:enumeration name="Queue Activity Options">
              <cloud:enumeration>Initiate New Process</cloud:enumeration>
            </cloud:enumeration>
          </cloud:default>
        </cloud:param>
        <cloud:param name="Number to Delete">
          <cloud:type>
            <cloud:simple-type>number</cloud:simple-type>
          </cloud:type>
        </cloud:param>
        <cloud:service-reference name="INT Dispatcher System Controller"/>
        <cloud:service-reference name="INT Dispatcher Processor Report"/>
        <cloud:service-reference name="INT Attachment Message Queue"/>
      </cc:integration-system>
        </cc:workday-in>
        <cc:async-mediation id="ConfigureQueryRequest" routes-to="CheckAnyActiveSch">
            <cc:steps>
                <cc:eval id="RetrieveLaunchParams"><cc:expression>props['lp.launched.date'] = lp.getSentOn()</cc:expression><cc:expression>props['calc.PreviousDateTime'] = parts[0].xpath(&quot;xsd:date(props['lp.launched.date'] ) - xsd:dayTimeDuration('P1D')&quot;)</cc:expression><cc:expression>props['lp.ActivityOption'] = lp.getSimpleData('Queue Action Option')</cc:expression><cc:expression>props['lp.IntegSystemWID'] = lp.integrationSystemRefWID</cc:expression>
                    <cc:expression>props['lp.NumberToDelete'] = lp.getSimpleData('Number to Delete')</cc:expression></cc:eval>
                <cc:eval id="RetrieveISAttr"><cc:expression>props['ia.newRequestQueueName'] =  intsys.getAttribute('Attachment Queue Name')</cc:expression><cc:expression>props['ia.workday.Password'] =  intsys.getAttribute('Workday Login Password')</cc:expression><cc:expression>props['ia.workday.UserID'] =  intsys.getAttribute('Workday Login User')</cc:expression><cc:expression>props['ia.workday.MsgQueue.URLEndPoint'] =  intsys.getAttribute('Workday Message Queue Endpoint')</cc:expression><cc:expression>props['ia.maxConcurrentInstance'] =  intsys.getAttribute('Max Concurrenct Instance')     </cc:expression><cc:expression>props['ia.ProcessorIntegrationSystemID']  =  intsys.getAttributeReferenceData('Integration Processor', 'Integration_System_ID')</cc:expression><cc:expression>props['ia.inProcessQueueName'] =  intsys.getAttribute('In Process Message Queue Name')    </cc:expression><cc:expression>props['ia.EventReportParameter']  =  intsys.getAttribute('Event Status Report Parameter')</cc:expression><cc:expression>props['ia.ProcessorIntegrationSystemWID']  =  intsys.getAttributeReferenceData('Integration Processor', 'WID')</cc:expression>
                    <cc:expression>props['ia.DeliveryIntegrationSystemID']  =  intsys.getAttributeReferenceData('Document Delivery Integration', 'WID')</cc:expression></cc:eval>
                <cc:eval id="Init"><cc:expression>props['count.activeEvents']  = 0</cc:expression></cc:eval>
                <cc:log id="Log">
                    <cc:log-message>
                        <cc:text>props['ia.newRequestQueueName']  = @{props['ia.newRequestQueueName']}&#xD;
props['ia.inProcessQueueName'] = @{props['ia.inProcessQueueName']}&#xD;
props['ia.workday.UserID'] = @{props['ia.workday.UserID']}&#xD;
props['ia.workday.MsgQueue.URLEndPoint'] @{props['ia.workday.MsgQueue.URLEndPoint']}&#xD;
&#xD;
&#xD;
&#xD;
</cc:text>
                    </cc:log-message>
                </cc:log>
            </cc:steps>
        </cc:async-mediation>
        <cc:async-mediation id="CheckMsgResponse" routes-to="PostQueueStats">
            <cc:steps>
                <cc:log id="Log">
                    <cc:log-message>
                        <cc:text>===>Response&#xD;
&#xD;
&#xD;
&#xD;
</cc:text>
                    </cc:log-message>
                </cc:log>
                <cc:eval id="Eval"><cc:expression>props['msgqueue.TotalCount'] = parts[0].xpath('//que:messages/@total-count')</cc:expression><cc:expression>props['msgqueue.ReturnCount'] = parts[0].xpath('count(//que:messages/que:message)')</cc:expression></cc:eval>
                <cc:copy id="Copy" output="variable" output-variable="var.msgqueue.list"/>
            </cc:steps>
        </cc:async-mediation>
        <cc:async-mediation id="SetupQueryRequest" routes-to="RetrieveQueueMsgList">
            <cc:steps>
                <cc:eval id="Eval">
                    <cc:expression>props['numberToQuery'] = (props['lp.NumberToDelete'] == null || props['lp.NumberToDelete'] == '0') ? '10000' : props['lp.NumberToDelete']</cc:expression><cc:expression>props['query.GetMsgListEndPoint'] =props['ia.workday.MsgQueue.URLEndPoint']  + context.customerId + '/ccx/wd-queue/'+  props['ia.newRequestQueueName']  + &quot;/fresh?maxMessages=&quot; + props['numberToQuery']</cc:expression><cc:expression>props['mq.userName'] = (props['ia.workday.UserID'].contains('@')) ?    props['ia.workday.UserID'] : props['ia.workday.UserID'] +  '@' +  context.customerId</cc:expression></cc:eval>
                <cc:log id="Log">
                    <cc:log-message>
                        <cc:text>props['query.GetMsgListEndPoint'] = @{props['query.GetMsgListEndPoint']}&#xD;
props['ia.workday.UserID']  = @{props['mq.userName']}&#xD;
&#xD;
&#xD;
&#xD;
</cc:text>
                    </cc:log-message>
                </cc:log>
            </cc:steps>
        </cc:async-mediation>
        <cc:local-in id="findActiveQueryInQueue" routes-to="StartCheckMsg"/>
        <cc:local-in id="storeReporttoQueue" routes-to="AddReportRequestToMsgQueue"/>
        <cc:async-mediation id="AddReportRequestToMsgQueue" routes-to="PostReportInQueueMsg">
            <cc:steps>
                <cc:enqueue-message id="EnqueueMessage" input="variable" input-variable="var.Request" queueName="@{props['ia.inProcessQueueName'] }"/>
                <cc:eval id="Eval"><cc:expression>props['msgqueue.IndexID'] = parts[0].xpath('//que:message/que:index')</cc:expression><cc:expression>props['msgqueue.uri'] = parts[0].xpath('//que:message/que:uri')</cc:expression><cc:expression>props['msgqueue.size'] = parts[0].xpath('//que:message/que:size')</cc:expression></cc:eval>
                <cc:log id="Log">
                    <cc:log-message>
                        <cc:text>props['msgqueue.IndexID'] = @{props['msgqueue.IndexID']}&#xD;
props['msgqueue.uri']  = @{props['msgqueue.uri'] }&#xD;
&#xD;
</cc:text>
                        <cc:message-content/>
                    </cc:log-message>
                </cc:log>
            </cc:steps>
        </cc:async-mediation>
        <cc:local-out id="ReportErrorAsCritical" endpoint="vm://wcc/PutIntegrationMessage">
            <cc:set name="is.message.severity" value="'ERROR'"/>
            <cc:set name="is.message.summary" value="'An unexpected error has occurred while processingintegration system controller: ' + context.errorMessage"/>
            <cc:set name="is.document.variable.name" value="null"/>
        </cc:local-out>
        <cc:send-error id="CatchErrors" rethrow-error="false" routes-to="ReportErrorAsCritical"/>
        <cc:http-out id="RetrieveQueueMsgList" routes-response-to="CheckMsgResponse" endpoint="@{props['query.GetMsgListEndPoint']}" http-method="GET">
            <cc:rest-binding/>
            <cc:http-basic-auth password="@{props['ia.workday.Password'] }" username="@{props['mq.userName'] }"/>
        </cc:http-out>
        <cc:local-out id="CheckQueuueMsgList" store-message="none" routes-response-to="DetermineAction" endpoint="vm://INT_Studio_HCM_Attachment_Dispatcher_Outbound/findActiveQueryInQueue"/>
        <cc:splitter id="DeleteEachQuery" no-split-message-error="false">
            <cc:sub-route name="ProcessEntry" routes-to="SetupDeleteURL"/>
            <cc:xpath-splitter xpath="/que:messages/que:message"/>
        </cc:splitter>
        <cc:local-in id="getMessageDetail" routes-to="SetupQueryRequest0"/>
        <cc:async-mediation id="GetMsgInfo" routes-to="GetDetailMessageFromQueue" handle-downstream-errors="true">
            <cc:steps>
                <cc:eval id="Eval"><cc:expression>props['queryRqst'] = '//que:messages/que:message[' +props['index.counter']  + ']/que:index'</cc:expression><cc:expression>props['query.Index'] = vars['var.msgqueue.list'].xpath(props['queryRqst'])</cc:expression><cc:expression>props['queryRqst'] = '//que:messages/que:message[' + props['index.counter']   + ']/que:uri'</cc:expression><cc:expression>props['query.URI'] = vars['var.msgqueue.list'].xpath(props['queryRqst'])</cc:expression><cc:expression>props['index.counter']  = props['index.counter']   + 1</cc:expression></cc:eval>
                <cc:log id="Log">
                    <cc:log-message>
                        <cc:text>props['query.Index'] = @{props['query.Index']}&#xD;
props['query.URI'] = @{props['query.URI']}&#xD;
props['looping.counter'] = @{props['looping.counter']}&#xD;
props['queryRqst']  = @{props['queryRqst'] }&#xD;
props['count.activeEvents']  = @{props['count.activeEvents'] }&#xD;
&#xD;
&#xD;
&#xD;
</cc:text>
                    </cc:log-message>
                </cc:log>
            </cc:steps>
            <cc:send-error id="SendError" routes-to="FailedToProcessEntry"/>
        </cc:async-mediation>
        <cc:http-out id="RetrieveQueueFileDetail" routes-response-to="ExtractQueryDetail" endpoint="@{props['query.GetMsgDetail'] }" http-method="GET">
            <cc:rest-binding/>
            <cc:http-basic-auth password="@{props['ia.workday.Password'] }" username="@{props['mq.userName']  }"/>
        </cc:http-out>
        <cc:async-mediation id="SetupQueryRequest0" routes-to="RetrieveQueueFileDetail">
            <cc:steps>
                <cc:eval id="Eval"><cc:expression>props['query.GetMsgDetail'] =props['ia.workday.MsgQueue.URLEndPoint']  +  context.customerId + props['query.URI']</cc:expression></cc:eval>
                <cc:log id="Log">
                    <cc:log-message>
                        <cc:text>props['query.GetMsgDetail']  = @{props['query.GetMsgDetail'] }&#xD;
</cc:text>
                    </cc:log-message>
                </cc:log>
            </cc:steps>
        </cc:async-mediation>
        <cc:async-mediation id="ExtractQueryDetail">
            <cc:steps>
                <cc:eval id="Eval">
                    <cc:expression>props['ia.ProcessorIntegrationSystemID']  = parts[0].xpath('/wd:Report_Data/@wd:Integration_System')</cc:expression>
                    <cc:expression>props['ia.ProcessorIntegrationSystemWID']  = parts[0].xpath('/wd:Report_Data/@wd:Integration_System_WID')</cc:expression>
                </cc:eval>
                <cc:log id="Log">
                    <cc:log-message>
                        <cc:text>props['querydetail.FileID']  = @{props['querydetail.FileID'] }&#xD;
props['ia.ProcessorIntegrationSystemID'] = @{props['ia.ProcessorIntegrationSystemID']}&#xD;
</cc:text>
                        <cc:message-content/>
                    </cc:log-message>
                </cc:log>
                <cc:copy id="Copy" output="variable" output-variable="var.Request"/>
            </cc:steps>
        </cc:async-mediation>
        <cc:async-mediation id="ExtractFileID">
            <cc:steps>
                <cc:log id="Log">
                    <cc:log-message>
                        <cc:text>props['query.DeleteMsgDetail'] = @{props['query.DeleteMsgDetail']}&#xD;
props['ia.workday.Password']  = @{props['ia.workday.Password'] }&#xD;
&#xD;
</cc:text>
                        <cc:message-content/>
                    </cc:log-message>
                </cc:log>
            </cc:steps>
        </cc:async-mediation>
        <cc:http-out id="DeleteFileFromQueue" routes-response-to="ExtractFileID" endpoint="@{props['query.DeleteMsgDetail']}" http-method="DELETE">
            <cc:rest-binding/>
            <cc:http-basic-auth password="@{props['ia.workday.Password'] }" username="@{props['mq.userName'] }"/>
        </cc:http-out>
        <cc:async-mediation id="SetupQueryDeleteURI" routes-to="DeleteFileFromQueue">
            <cc:steps>
                <cc:eval id="Eval"><cc:expression>props['query.DeleteMsgDetail'] =props['ia.workday.MsgQueue.URLEndPoint']  +  context.customerId  + props['query.URI']</cc:expression></cc:eval>
            </cc:steps>
        </cc:async-mediation>
        <cc:local-in id="deleteQueryFromQueue" routes-to="SetupQueryDeleteURI"/>
        <cc:local-in id="launchFinancialIntegration" routes-to="SetupIntegrationReqauest"/>
        <cc:async-mediation id="SetupIntegrationReqauest" routes-to="LaunchFinancialIntegration">
            <cc:steps>
                <cc:write id="Write">
                    <cc:message>
                        <cc:text>&lt;soapenv:Envelope xmlns:soapenv=&quot;http://schemas.xmlsoap.org/soap/envelope/&quot; xmlns:wd=&quot;urn:com.workday/bsvc&quot;>&#xD;
   &lt;soapenv:Header/>&#xD;
   &lt;soapenv:Body>&#xD;
      &lt;wd:Launch_Integration_Event_Request>&#xD;
         &lt;wd:Integration_System_Reference>&#xD;
            &lt;wd:ID wd:type=&quot;Integration_System_ID&quot;>@{props['ia.ProcessorIntegrationSystemID'] }&lt;/wd:ID>&#xD;
         &lt;/wd:Integration_System_Reference>&#xD;
         &lt;wd:Invoke_Integration_As_Current_User>true&lt;/wd:Invoke_Integration_As_Current_User>&#xD;
         &lt;wd:Integration_Launch_Parameter_Data>&#xD;
            &lt;wd:Launch_Parameter_Reference>&#xD;
               &lt;wd:ID wd:type=&quot;Launch_Parameter_Name&quot; wd:parent_id=&quot;@{props['ia.ProcessorIntegrationSystemID'] }&quot; wd:parent_type=&quot;Integration_System_ID&quot;>Report Message Address&lt;/wd:ID>&#xD;
            &lt;/wd:Launch_Parameter_Reference>&#xD;
            &lt;wd:Launch_Parameter_Value_Data>&#xD;
               &lt;wd:Numeric>@{props['msgqueue.IndexID']}&lt;/wd:Numeric>&#xD;
             &lt;/wd:Launch_Parameter_Value_Data>&#xD;
         &lt;/wd:Integration_Launch_Parameter_Data>&#xD;
       &lt;/wd:Launch_Integration_Event_Request>&#xD;
   &lt;/soapenv:Body>&#xD;
&lt;/soapenv:Envelope></cc:text>
                    </cc:message>
                </cc:write>
                <cc:log id="Log">
                    <cc:log-message>
                        <cc:text>===Launch Request&#xD;
</cc:text>
                        <cc:message-content/>
                    </cc:log-message>
                </cc:log>
            </cc:steps>
        </cc:async-mediation>
        <cc:workday-out-soap id="LaunchFinancialIntegration" routes-response-to="CheckIntegrationRequestStatus" application="Integrations" version="v24.1"/>
        <cc:async-mediation id="CheckIntegrationRequestStatus" routes-to="PostIntegrationSubmittedMsg0">
            <cc:steps>
                <cc:eval id="Eval"><cc:expression>props['launch.IntegrationEventWID'] = parts[0].xpath(&quot;//wd:Launch_Integration_Event_Response/wd:Integration_Event/wd:Integration_Event_Reference/wd:ID[@wd:type='WID']&quot;)</cc:expression></cc:eval>
                <cc:log id="Log">
                    <cc:log-message>
                        <cc:text>props['launch.IntegrationEventWID'] = @{props['launch.IntegrationEventWID']}&#xD;
</cc:text>
                        <cc:message-content/>
                    </cc:log-message>
                </cc:log>
            </cc:steps>
        </cc:async-mediation>
        <cc:async-mediation id="FailedToProcessEntry" routes-to="PostEntryProcessFailMsg">
            <cc:steps/>
        </cc:async-mediation>
        <cc:local-out id="PostEntryProcessFailMsg" endpoint="vm://wcc/PutIntegrationMessage" clone-request="true"><cc:set name="is.message.severity" value="'ERROR'"/><cc:set name="is.message.summary" value="'Unable to to process Queue Message ' + props['query.Index']  + ' With reason ' + context.errorMessage"/></cc:local-out>
        <cc:local-in id="processAllRequests" routes-to="InitVars"/>
        <cc:local-out id="PostQueueStats" endpoint="vm://wcc/PutIntegrationMessage" clone-request="true"><cc:set name="is.message.severity" value="'INFO'"/><cc:set name="is.message.summary" value="'Query Queue contains ' + props['msgqueue.TotalCount']  + ' active request(s). Return count ' + props['msgqueue.ReturnCount'] "/></cc:local-out>
        <cc:local-out id="PostQueueDetailsMsg" endpoint="vm://wcc/PutIntegrationMessage" clone-request="true"><cc:set name="is.message.severity" value="'INFO'"/><cc:set name="is.message.summary" value="'Retrieved query request from  ' + props['querydetail.IntegrationSystemName'] "/></cc:local-out>
        <cc:local-out id="PostReportInQueueMsg" endpoint="vm://wcc/PutIntegrationMessage" clone-request="true"><cc:set name="is.message.severity" value="'INFO'"/><cc:set name="is.message.summary" value="'Request is stored in Queue  with index ' + props['msgqueue.IndexID']"/></cc:local-out>
        <cc:local-out id="StartCheckMsg" routes-response-to="SetupQueryRequest" endpoint="vm://wcc/PutIntegrationMessage"><cc:set name="is.message.severity" value="'INFO'"/><cc:set name="is.message.summary" value="'Checking content of queue '  + props['ia.newRequestQueueName']"/></cc:local-out>
        <cc:async-mediation id="SetupEventReportParm" routes-to="RunEventStatusRpt">
            <cc:steps>
                <cc:eval id="Eval">
                    <cc:expression>props['integrationSystemsWID'] =  props['integrationSystemWID']</cc:expression><cc:expression>props['report.ParameterUpdated'] = props['ia.EventReportParameter'].replace('%Date_From%', props['calc.PreviousDateTime']).replace('%Date_Thru%', props['lp.launched.date']  ).replace('%Integration System%',  props['integrationSystemsWID'] )</cc:expression><cc:expression>props['report.URL.WithParm'] =  intsys.reportService.getExtrapath('Integration Event Status')    + '?' + props['report.ParameterUpdated'] </cc:expression></cc:eval>
                <cc:log id="Log">
                    <cc:log-message>
                        <cc:text>&#xD;
props['report.URL.WithParm'] = @{props['report.URL.WithParm']}&#xD;
</cc:text>
                    </cc:log-message>
                </cc:log>
            </cc:steps>
        </cc:async-mediation>
        <cc:local-in id="runEventStatusReport" routes-to="SetupEventReportParm">
            
        <cc:parameter name="integrationSystemWID" type="string"/></cc:local-in>
        <cc:workday-out-rest id="RunEventStatusRpt" routes-response-to="CheckAnyActiveEvents" extra-path="@{props['report.URL.WithParm'] }"/>
        <cc:async-mediation id="CheckAnyActiveEvents" routes-to="ActiveStatusFound">
            <cc:steps>
                <cc:eval id="Eval"><cc:expression>props['count.activeEvents'] = parts[0].xpath('count(/wd:Report_Data/wd:Report_Entry)')</cc:expression></cc:eval>
                <cc:log id="Log">
                    <cc:log-message>
                        <cc:text>props['report.ParameterUpdated']  = @{props['report.ParameterUpdated'] }&#xD;
</cc:text>
                        <cc:message-content/>
                    </cc:log-message>
                </cc:log>
            </cc:steps>
        </cc:async-mediation>
        <cc:local-out id="ActiveStatusFound" execute-when="props['count.activeEvents']  >=  0" endpoint="vm://wcc/PutIntegrationMessage">
            <cc:set name="is.message.severity" value="'INFO'"/>
            <cc:set name="is.message.summary" value="'System detected there are active instance of this integration active ' + props['count.activeEvents'] "/>
        </cc:local-out>
        <cc:local-out id="CheckForActiveIntegrations" store-message="none" routes-response-to="ProcessQueuedRequests" endpoint="vm://INT_Studio_HCM_Attachment_Dispatcher_Outbound/runEventStatusReport"><cc:set name="integrationSystemWID" value="(props['ia.DeliveryIntegrationSystemID'] == null ) ? props['ia.ProcessorIntegrationSystemWID']  : props['ia.ProcessorIntegrationSystemWID']   + '!' + props['ia.DeliveryIntegrationSystemID'] "/></cc:local-out>
        <cc:route id="DetermineAction">
            <cc:mvel-strategy>
                <cc:choose-route expression="props['lp.ActivityOption']   == 'Clear Content of Queue'     " route="DeleteAllEntries"/>
                <cc:choose-route expression="props['lp.ActivityOption']   == 'Query Queue Content'" route="QueryContent"/>
                <cc:choose-route expression="props['lp.ActivityOption'] == 'Initiate New Process'" route="ProcessQueueRqsts"/>
            </cc:mvel-strategy>
            <cc:sub-route name="DeleteAllEntries" routes-to="DeleteQueContent"/>
            <cc:sub-route name="QueryContent" routes-to="Done"/>
            <cc:sub-route name="ProcessQueueRqsts" routes-to="GetInitMsg"/>
        </cc:route>
        <cc:local-out id="DeleteQueContent" store-message="none" endpoint="vm://INT_Studio_HCM_Attachment_Dispatcher_Outbound/deleteAllEntriesInQueue"/>
        <cc:local-out id="ProcessQueuedRequests" store-message="none" endpoint="vm://INT_Studio_HCM_Attachment_Dispatcher_Outbound/processAllRequests"/>
        <cc:local-in id="deleteAllEntriesInQueue" routes-to="DeleteEachQuery"/>
        <cc:async-mediation id="SetupDeleteURL" routes-to="DeleteMsgFromQue">
            <cc:steps>
                <cc:eval id="Eval"><cc:expression>props['query.Index'] = parts[0].xpath('//que:message/que:index')</cc:expression><cc:expression>props['query.URI'] = parts[0].xpath('//que:message/que:uri')</cc:expression><cc:expression>props['query.DeleteMsgDetail'] = props['ia.workday.MsgQueue.URLEndPoint']  +  context.customerId  + props['query.URI']</cc:expression></cc:eval>
            </cc:steps>
        </cc:async-mediation>
        <cc:http-out id="DeleteMsgFromQue" endpoint="@{props['query.DeleteMsgDetail']}" http-method="DELETE">
            <cc:rest-binding/>
            <cc:http-basic-auth password="@{props['ia.workday.Password'] }" username="@{props['mq.userName'] }"/>
        </cc:http-out>
        <cc:route id="InitIntegration">
            <cc:loop-strategy condition="props['looping.counter']  &lt;=  props['ia.maxConcurrentInstance']  &amp;&amp;  props['index.counter']  &lt;= props['msgqueue.TotalCount'] " increment="props['looping.counter']  = props['looping.counter']  + 1" init="props['looping.initialcount']" repeat-limit="20"/>
            <cc:sub-route name="LaunchNewInstance" routes-to="GetMsgInfo"/>
        </cc:route>
        <cc:async-mediation id="InitVars" routes-to="Route1">
            <cc:steps>
                <cc:eval id="Eval"><cc:expression>props['looping.counter']  = 1 + props['count.activeEvents'] </cc:expression><cc:expression>props['looping.initialcount'] = 1</cc:expression><cc:expression>props['index.counter']  = 1</cc:expression></cc:eval>
            </cc:steps>
        </cc:async-mediation>
        <cc:route id="Route1">
            <cc:mvel-strategy>
                <cc:choose-route expression="props['count.activeEvents'] >= props['ia.maxConcurrentInstance'] " route="AllBusy"/>
                <cc:choose-route expression="props['count.activeEvents'] &lt;  props['ia.maxConcurrentInstance'] " route="StartMoreInstance"/>
            </cc:mvel-strategy>
            <cc:sub-route name="AllBusy" routes-to="PutIntegrationMessage"/>
            <cc:sub-route name="StartMoreInstance" routes-to="InitIntegration"/>
        </cc:route>
        <cc:local-out id="PutIntegrationMessage" endpoint="vm://wcc/PutIntegrationMessage"><cc:set name="is.message.severity" value="'INFO'"/><cc:set name="is.message.summary" value="'Currently server is processing maximum number of processor for this integration'"/></cc:local-out>
        <cc:local-out id="StoreRequestToInPrcsQue" store-message="none" routes-response-to="LaunchIntegration" endpoint="vm://INT_Studio_HCM_Attachment_Dispatcher_Outbound/storeReporttoQueue"/>
        <cc:local-out id="LaunchIntegration" store-message="none" routes-response-to="DeleteMsgInQue" endpoint="vm://INT_Studio_HCM_Attachment_Dispatcher_Outbound/launchFinancialIntegration"/>
        <cc:local-out id="PostIntegrationSubmittedMsg0" endpoint="vm://wcc/PutIntegrationMessage" clone-request="true">
            <cc:set name="is.message.severity" value="props['launch.IntegrationEventWID'] .length() > 0 ? 'INFO':'ERROR'"/>
            <cc:set name="is.message.summary" value="'Successfully inititated integratios. It will process requests stored in message index id ' + props['msgqueue.IndexID']"/>
            <cc:set name="is.message.targets.type" value="'WID'"/>
            <cc:set name="is.message.targets" value="props['launch.IntegrationEventWID'] .length() > 0 ? props['launch.IntegrationEventWID'] :null"/>
        </cc:local-out>
        <cc:async-mediation id="CheckIntegrationRequestStatus0" routes-to="PostIntegrationSubmittedMsg0">
            <cc:steps>
                <cc:eval id="Eval"><cc:expression>props['launch.IntegrationEventWID'] = parts[0].xpath(&quot;//wd:Launch_Integration_Event_Response/wd:Integration_Event/wd:Integration_Event_Reference/wd:ID[@wd:type='WID']&quot;)</cc:expression></cc:eval>
                <cc:log id="Log">
                    <cc:log-message>
                        <cc:text>props['launch.IntegrationEventWID'] = @{props['launch.IntegrationEventWID']}&#xD;
</cc:text>
                        <cc:message-content/>
                    </cc:log-message>
                </cc:log>
            </cc:steps>
        </cc:async-mediation>
        <cc:workday-out-soap id="LaunchProcessorIntegration" routes-response-to="CheckIntegrationRequestStatus0" application="Integrations" version="v21.1"/>
        <cc:async-mediation id="SetupIntegrationReqauest0" routes-to="LaunchProcessorIntegration">
            <cc:steps>
            </cc:steps>
        </cc:async-mediation>
        <cc:local-out id="DeleteMsgInQue" store-message="none" endpoint="vm://INT_Studio_HCM_Attachment_Dispatcher_Outbound/deleteQueryFromQueue"/>
        <cc:route id="IsAnotherProcessActive">
            <cc:mvel-strategy>
                <cc:choose-route expression="props['count.activeEvents'] == 0" route="Proceed"/>
                <cc:choose-route expression="props['count.activeEvents']  > 0" route="DoNothing"/>
            </cc:mvel-strategy>
            <cc:sub-route name="Proceed" routes-to="CheckQueuueMsgList"/>
            <cc:sub-route name="DoNothing" routes-to="AnotherOneActiveMsg"/>
        </cc:route>
        <cc:local-out id="CheckAnyActiveSch" store-message="none" routes-response-to="IsAnotherProcessActive" endpoint="vm://INT_Studio_HCM_Attachment_Dispatcher_Outbound/runEventStatusReport">
            <cc:set name="integrationSystemWID" value="props['lp.IntegSystemWID']"/>
        </cc:local-out>
        <cc:local-out id="AnotherOneActiveMsg" execute-when="props['count.activeEvents']  >=  0" endpoint="vm://wcc/PutIntegrationMessage">
            <cc:set name="is.message.severity" value="'INFO'"/>
            <cc:set name="is.message.summary" value="'Another instance of this integration is found.'"/>
        </cc:local-out>
        <cc:async-mediation id="Done">
            <cc:steps/>
        </cc:async-mediation>
        <cc:local-out id="GetMessageFromQueue" store-message="none" execute-when="props['msgqueue.ReturnCount']  > 0" routes-response-to="CheckForActiveIntegrations" endpoint="vm://INT_Studio_HCM_Attachment_Dispatcher_Outbound/getMessageDetail"/>
        <cc:local-out id="GetDetailMessageFromQueue" store-message="none" execute-when="props['msgqueue.ReturnCount']  > 0" routes-response-to="StoreRequestToInPrcsQue" endpoint="vm://INT_Studio_HCM_Attachment_Dispatcher_Outbound/getMessageDetail"/>
        <cc:async-mediation id="GetInitMsg" routes-to="GetMessageFromQueue" handle-downstream-errors="true">
            <cc:steps>
                <cc:eval id="Eval"><cc:expression>props['queryRqst'] = '//que:messages/que:message[1]/que:index'</cc:expression><cc:expression>props['query.Index'] = vars['var.msgqueue.list'].xpath(props['queryRqst'])</cc:expression>
                    <cc:expression>props['queryRqst'] = '//que:messages/que:message[1]/que:uri'</cc:expression><cc:expression>props['query.URI'] = vars['var.msgqueue.list'].xpath(props['queryRqst'])</cc:expression></cc:eval>
            </cc:steps>
        </cc:async-mediation>
	</cc:assembly>

</beans>