<?xml version="1.0" encoding="UTF-8"?>
<wdnm:Diagram xmlns:wdnm="http://workday.com/studio/editors/notation">
  <element href="assembly.xml#WorkdayAssembly"/>
  <visualProperties x="57" y="71">
    <element href="assembly.xml#StartHere"/>
  </visualProperties>
  <visualProperties x="189" y="71">
    <element href="assembly.xml#GetEventDocuments"/>
  </visualProperties>
  <visualProperties x="563" y="59">
    <element href="assembly.xml#Route"/>
  </visualProperties>
  <visualProperties x="483" y="320">
    <element href="assembly.xml#SaveFile"/>
  </visualProperties>
  <visualProperties x="189" y="172">
    <element href="assembly.xml#doFinalAggregate"/>
  </visualProperties>
  <visualProperties x="731" y="59">
    <element href="assembly.xml#CopyToMessage"/>
  </visualProperties>
  <visualProperties x="370" y="51">
    <element href="assembly.xml#SyncMediation"/>
  </visualProperties>
  <visualProperties x="872" y="106">
    <element href="assembly.xml#doAggregate"/>
  </visualProperties>
  <visualProperties x="234" y="319">
    <element href="assembly.xml#Aggregator0"/>
  </visualProperties>
  <visualProperties x="49" y="326">
    <element href="assembly.xml#AggregateAndProcess"/>
  </visualProperties>
  <visualProperties x="453" y="600">
    <element href="assembly.xml#PutIntegrationMessage"/>
  </visualProperties>
  <visualProperties x="913" y="406">
    <element href="assembly.xml#AsyncMediation"/>
  </visualProperties>
  <visualProperties x="453" y="300">
    <element href="assembly.xml#//@beans/@mixed.1/@mixed.25"/>
  </visualProperties>
  <visualProperties x="758" y="300">
    <element href="assembly.xml#Note-Error"/>
  </visualProperties>
  <visualProperties x="359" y="302">
    <element href="assembly.xml#PutIntegrationMessage0"/>
  </visualProperties>
  <decorations x="82" y="253" width="553" height="78" font="Arial|14|0" fontColor="1" type="TEXT" text="Get all files generated by DIS. Pass each one to an aggregator. The doc-iterator uses the document tag “Data - Partial”. By using the synch mediation, we can make a batch call to the aggregator after all files have been processed."/>
  <decorations x="584" y="402" width="164" height="163" font="Arial|14|0" fontColor="1" type="NOTE" text="Change the labels on the doc-iterator to retrieve the appropriate files" pinned="true"/>
  <decorations x="82" y="576" width="268" height="122" font="Arial|14|0" fontColor="1" type="NOTE" text="xml-content-collater has xpath of */* so that the root element of each file is not copied into the aggregator" pinned="true"/>
  <decorations x="815" y="402" width="242" height="94" font="Arial|14|0" fontColor="1" type="NOTE" text="If you can transform individual files, replace the copy step with an XSLT+ step and set it’s input to wd.retrieve.variable"/>
  <decorations x="694" y="564" width="242" height="94" font="Arial|14|0" fontColor="1" type="NOTE" text="If you need to transform the merged file add an XSLT+ step after the aggregator" pinned="true"/>
  <decorations x="71" y="6" width="182" height="35" font="Arial|14|0" fontColor="1" type="NOTE" text="Add a DIS Service" pinned="true"/>
  <connections type="routesTo" sourceAnchorX="0.5729166666666666" sourceAnchorY="1.0" targetAnchorX="0.14893617021276595" targetAnchorY="0.5405405405405406">
    <source href="assembly.xml#StartHere"/>
    <target href="assembly.xml#GetEventDocuments"/>
  </connections>
  <connections type="routesResponseTo" sourceAnchorX="0.6099290780141844" sourceAnchorY="1.0" targetAnchorX="0.7058823529411765" targetAnchorY="0.14189189189189189">
    <source href="assembly.xml#GetEventDocuments"/>
    <target href="assembly.xml#SyncMediation"/>
  </connections>
  <connections type="routesTo" sourceAnchorX="0.7125" sourceAnchorY="1.0" targetAnchorX="0.5283018867924528" targetAnchorY="0.6195652173913043">
    <source href="assembly.xml#//@beans/@mixed.1/@route.0/@subRoute.0"/>
    <target href="assembly.xml#AsyncMediation"/>
  </connections>
  <connections type="routesResponseTo" sourceAnchorX="0.0" sourceAnchorY="0.7837837837837838" targetAnchorX="0.6336633663366337" targetAnchorY="0.32432432432432434">
    <source href="assembly.xml#SyncMediation"/>
    <target href="assembly.xml#doFinalAggregate"/>
  </connections>
  <connections type="routesTo" sourceAnchorX="1.0" sourceAnchorY="0.2826086956521739" targetAnchorX="0.29357798165137616" targetAnchorY="0.6216216216216216">
    <source href="assembly.xml#CopyToMessage"/>
    <target href="assembly.xml#doAggregate"/>
  </connections>
  <connections type="routesTo" sourceAnchorX="1.0" sourceAnchorY="0.13513513513513514" targetAnchorX="0.5806451612903226" targetAnchorY="0.35333333333333333">
    <source href="assembly.xml#SyncMediation"/>
    <target href="assembly.xml#Route"/>
  </connections>
  <connections type="routesTo" sourceAnchorX="0.9292929292929293" sourceAnchorY="0.5945945945945946" targetAnchorX="0.07086614173228346" targetAnchorY="0.20754716981132076">
    <source href="assembly.xml#AggregateAndProcess"/>
    <target href="assembly.xml#Aggregator0"/>
  </connections>
  <connections type="routesTo" sourceAnchorX="1.0" sourceAnchorY="0.2169811320754717" targetAnchorX="0.4594594594594595" targetAnchorY="0.2608695652173913">
    <source href="assembly.xml#Aggregator0"/>
    <target href="assembly.xml#SaveFile"/>
  </connections>
  <connections type="routesTo" sourceAnchorX="0.8557692307692307" sourceAnchorY="1.0" targetAnchorX="0.26" targetAnchorY="0.10810810810810811">
    <source href="assembly.xml#//@beans/@mixed.1/@mixed.7/@mixed.3"/>
    <target href="assembly.xml#PutIntegrationMessage"/>
  </connections>
  <connections type="routesTo" sourceAnchorX="1.0" sourceAnchorY="0.21739130434782608" targetAnchorY="0.6086956521739131">
    <source href="assembly.xml#AsyncMediation"/>
    <target href="assembly.xml#CopyToMessage"/>
  </connections>
  <connections type="routesTo" sourceAnchorX="0.9669421487603306" sourceAnchorY="0.43243243243243246" targetAnchorX="0.06060606060606061" targetAnchorY="0.3783783783783784">
    <source href="assembly.xml#//@beans/@mixed.1/@mixed.25"/>
    <target href="assembly.xml#Note-Error"/>
  </connections>
  <connections type="routesTo" sourceAnchorX="0.8421052631578947" sourceAnchorY="1.0" targetAnchorX="0.7096774193548387" targetAnchorY="0.4864864864864865">
    <source href="assembly.xml#//@beans/@mixed.1/@mixed.11/@mixed.5"/>
    <target href="assembly.xml#PutIntegrationMessage0"/>
  </connections>
  <connections source="//@decorations.1" type="Annotation" sourceAnchorX="0.43558282208588955" sourceAnchorY="1.0" targetAnchorX="0.45161290322580644" targetAnchorY="0.54">
    <target href="assembly.xml#Route"/>
  </connections>
  <connections source="//@decorations.2" type="Annotation" sourceAnchorX="0.6806083650190115" sourceAnchorY="1.0" targetAnchorX="0.336" targetAnchorY="0.6226415094339622">
    <target href="assembly.xml#Aggregator0"/>
  </connections>
  <connections source="//@decorations.3" type="Annotation" sourceAnchorX="0.4214876033057851" sourceAnchorY="1.0" targetAnchorX="0.6" targetAnchorY="0.4891304347826087">
    <target href="assembly.xml#CopyToMessage"/>
  </connections>
  <connections source="//@decorations.4" type="Annotation" sourceAnchorX="0.384297520661157" sourceAnchorY="1.0" targetAnchorX="0.5238095238095238" targetAnchorY="0.43902439024390244">
    <target href="assembly.xml#SaveFile"/>
  </connections>
  <connections source="//@decorations.5" type="Annotation" sourceAnchorX="0.8406593406593407" sourceAnchorY="1.0" targetAnchorX="0.34375" targetAnchorY="0.3783783783783784">
    <target href="assembly.xml#StartHere"/>
  </connections>
  <swimlanes x="49" y="40" name="Main Processor" alignment="MIDDLE">
    <elements href="assembly.xml#StartHere"/>
    <elements href="#//@swimlanes.3"/>
    <elements href="#//@swimlanes.4"/>
    <elements href="assembly.xml#Route"/>
    <elements href="assembly.xml#AsyncMediation"/>
    <elements href="assembly.xml#CopyToMessage"/>
    <elements href="assembly.xml#doAggregate"/>
  </swimlanes>
  <swimlanes x="49" y="391" name="Aggregate Files" alignment="MIDDLE">
    <elements href="assembly.xml#AggregateAndProcess"/>
    <elements href="assembly.xml#Aggregator0"/>
    <elements href="assembly.xml#SaveFile"/>
  </swimlanes>
  <swimlanes x="37" y="668" bgColor="1974271" name="Global Error Handler">
    <elements href="assembly.xml#//@beans/@mixed.1/@mixed.25"/>
    <elements href="assembly.xml#Note-Error"/>
  </swimlanes>
  <swimlanes x="181" y="109" orientation="VERTICAL">
    <elements href="assembly.xml#GetEventDocuments"/>
    <elements href="assembly.xml#doFinalAggregate"/>
  </swimlanes>
  <swimlanes x="372" y="97" orientation="VERTICAL">
    <elements href="assembly.xml#SyncMediation"/>
    <elements href="assembly.xml#PutIntegrationMessage0"/>
  </swimlanes>
</wdnm:Diagram>
