<?xml version="1.0" encoding="UTF-8"?>
<beans
     xmlns="http://www.springframework.org/schema/beans"
     xmlns:beans="http://www.springframework.org/schema/beans"
     xmlns:atom="http://www.w3.org/2005/Atom"
     xmlns:cc="http://www.capeclear.com/assembly/10"
     xmlns:cloud="urn:com.workday/esb/cloud/10.0"
     xmlns:env="http://schemas.xmlsoap.org/soap/envelope/"
     xmlns:pi="urn:com.workday/picof"
     xmlns:wd="urn:com.workday/bsvc"
     xmlns:xsi="http://www.w3.org/2001/XMLSchema-instance">
 
	<cc:assembly id="WorkdayAssembly" version="2020.36">
        <cc:local-out id="CallInitialization" store-message="none" endpoint="Initialization"/>
        <cc:workday-in id="StartHere" routes-to="CallInitialization">
            <cc:integration-system name="INT0078B Intercompany Revenue Schedule">
        <cloud:param name="Validation Mode">
          <cloud:type>
            <cloud:simple-type>boolean</cloud:simple-type>
          </cloud:type>
          <cloud:default>
            <cloud:boolean>true</cloud:boolean>
          </cloud:default>
        </cloud:param>
        <cloud:param name="Transaction Start Date">
          <cloud:type>
            <cloud:simple-type>date</cloud:simple-type>
          </cloud:type>
        </cloud:param>
        <cloud:param name="Transaction End Date">
          <cloud:type>
            <cloud:simple-type>date</cloud:simple-type>
          </cloud:type>
        </cloud:param>
        <cloud:param name="Current Effective Date">
          <cloud:type>
            <cloud:simple-type>date</cloud:simple-type>
          </cloud:type>
          <cloud:default>
            <cloud:class-report-field description="Current Effective Date" type="WID">52f526bab1d84191ac96f44a6c37c484</cloud:class-report-field>
          </cloud:default>
        </cloud:param>
        <cloud:param name="Companies">
          <cloud:type>
            <cloud:class-report-field description="All Companies" type="WID" singular="false">ed88d25ee77a10002fada27eb7450209</cloud:class-report-field>
          </cloud:type>
        </cloud:param>
        <cloud:attribute-map-service name="INT0078B-Attributes-Generic">
          <cloud:attribute name="Document Retention Policy">
            <cloud:type>
              <cloud:enumeration-type name="INT0078-Enum">
                <cloud:enumeration>1</cloud:enumeration>
                <cloud:enumeration>7</cloud:enumeration>
                <cloud:enumeration>14</cloud:enumeration>
                <cloud:enumeration>30</cloud:enumeration>
                <cloud:enumeration>60</cloud:enumeration>
                <cloud:enumeration>90</cloud:enumeration>
                <cloud:enumeration>120</cloud:enumeration>
                <cloud:enumeration>150</cloud:enumeration>
                <cloud:enumeration>180</cloud:enumeration>
              </cloud:enumeration-type>
            </cloud:type>
          </cloud:attribute>
          <cloud:attribute name="Cost Center">
            <cloud:type>
              <cloud:class-report-field description="Active Cost Centers" type="WID" singular="false">a2b4b2d6e7534465a7d24a51bb2eac79</cloud:class-report-field>
            </cloud:type>
          </cloud:attribute>
          <cloud:attribute name="Delay">
            <cloud:type>
              <cloud:simple-type>number</cloud:simple-type>
            </cloud:type>
          </cloud:attribute>
          <cloud:attribute name="Source Journal Memo">
            <cloud:type>
              <cloud:simple-type>text</cloud:simple-type>
            </cloud:type>
          </cloud:attribute>
          <cloud:attribute name="Borrower Journal Memo">
            <cloud:type>
              <cloud:simple-type>text</cloud:simple-type>
            </cloud:type>
          </cloud:attribute>
          <cloud:attribute name="Ledger Type Reference">
            <cloud:type>
              <cloud:class-report-field description="Ledger Type" type="WID" singular="true">592302aeb71340bb979d275b416d72e7</cloud:class-report-field>
            </cloud:type>
          </cloud:attribute>
          <cloud:attribute name="Journal Source Reference">
            <cloud:type>
              <cloud:class-report-field description="Journal Source" type="WID" singular="true">820f2d3725e510000d4ea4085ed4006a</cloud:class-report-field>
            </cloud:type>
          </cloud:attribute>
          <cloud:map name="Cost Center">
            <cloud:internal-type>
              <cloud:class-report-field description="Active Cost Centers" type="WID">a2b4b2d6e7534465a7d24a51bb2eac79</cloud:class-report-field>
            </cloud:internal-type>
            <cloud:external-type>
              <cloud:simple-type>text</cloud:simple-type>
            </cloud:external-type>
          </cloud:map>
          <cloud:map name="Journal Source Reference">
            <cloud:internal-type>
              <cloud:class-report-field description="Journal Source" type="WID">820f2d3725e510000d4ea4085ed4006a</cloud:class-report-field>
            </cloud:internal-type>
            <cloud:external-type>
              <cloud:simple-type>text</cloud:simple-type>
            </cloud:external-type>
          </cloud:map>
        </cloud:attribute-map-service>
        <cloud:report-service name="INT0078B-Reports">
          <cloud:report-alias description="INT0078 Intercompany Revenue" name="INT0078">
            <cloud:report-reference description="INT0078 - RPT- FIN - Transfer Pricing Detail" type="WID">8e008d393ad8012de7cf084c6e0e5dc6</cloud:report-reference>
          </cloud:report-alias>
          <cloud:report-alias description="INT0078_Feed" name="INT0078_Feed">
            <cloud:report-reference description="INT0078_Feed" type="WID">ca58ff459e50011d956b5ed4db910000</cloud:report-reference>
          </cloud:report-alias>
        </cloud:report-service>
      </cc:integration-system>
        </cc:workday-in>
        <cc:local-in id="Initialization" routes-to="AsyncMediation0"/>
        <cc:workday-out-rest id="InputDetails" routes-response-to="AsyncMediation8" extra-path="@{intsys.reportService.getExtrapath('INT0078')}@{props['Extra.path']}"/>
        <cc:local-out id="FailIntegration" endpoint="vm://wcc/PutIntegrationEvent">
            <cc:set name="is.event.completed" value="&quot;current&quot;"/>
        </cc:local-out>
        <cc:local-out id="InitializationError" routes-response-to="FailIntegration" endpoint="vm://wcc/PutIntegrationMessage">
            <cc:set name="is.message.severity" value="'CRITICAL'"/>
            <cc:set name="is.message.summary" value="'An error occured initializing the studio. Please see the error detail'"/>
            <cc:set name="is.message.detail" value="context.getErrorMessage()"/>
        </cc:local-out>
        <cc:async-mediation id="Initialize" routes-to="InputDetails" handle-downstream-errors="true">
            <cc:steps>
                <cc:log id="Log">
                    <cc:log-message>
                        <cc:text>&#xD;
**** xml after spliiter2***&#xD;
</cc:text>
                        <cc:message-content/>
                    </cc:log-message>
                </cc:log>
                <cc:eval id="Eval">
                    <cc:expression>props['ContractCompany'] = parts[0].xpath('wd:Report_Entry/wd:Company/wd:ID[@wd:type=&quot;WID&quot;]');&#xD;
//props['ContractCompany'] = lp.getReferenceData('Resource Company', 'WID')</cc:expression>
                    <cc:expression>props['BorrowerCompany'] = parts[0].xpath('wd:Report_Entry/wd:Sold-To_Customer/wd:ID[@wd:type=&quot;WID&quot;]');&#xD;
//props['BorrowerCompany'] = lp.getReferenceData('Borrowing Company', 'WID');&#xD;
props['constant'] = 1</cc:expression>
                    <cc:expression>props['close.agg'] = false;&#xD;
//props['TransactionSource'] = lp.getReferenceData('Transaction Source', 'WID');&#xD;
//props['BillingStatus'] = lp.getReferenceData('Billing Status', 'WID');</cc:expression>
                    <cc:expression>props['process.count'] = 0</cc:expression>
                    <cc:expression>props['success.count'] = 0</cc:expression>
                    <cc:expression>props['fail.count'] = 0</cc:expression>
                    <cc:expression>props['Transaction.Start.Date'] = lp.getDate('Transaction Start Date')</cc:expression>
                    <cc:expression>props['Transaction.End.Date'] = lp.getDate('Transaction End Date')</cc:expression>
                    <cc:expression>props['total.count'] = 0</cc:expression>
                    <cc:expression>props['total.fail.count'] = 0</cc:expression>
                    <cc:expression>props['total.succes.count'] = 0</cc:expression>
                    <cc:expression>vars['current.journal'] = null</cc:expression>
                    <cc:expression>props['Extra.path.first'] =  '?Resource_Transaction_Company__Co_raising_the_invoice_!WID='#props['ContractCompany']#'&amp;Exclude_Deleted_Transactions='#props['constant']#'&amp;Transaction_Date_no_earlier_than='#props['Transaction.Start.Date']</cc:expression>
                    <cc:expression>props['Extra.path.Second'] = '&amp;Transaction_Date_no_later_than='#props['Transaction.End.Date']#'&amp;Sold-To_Customer__Co_receiving_IC_inv_!WID='#props['BorrowerCompany']</cc:expression>
                    <cc:expression>props['Extra.path'] = empty;&#xD;
props['Extra.path'] = '?Resource_Transaction_Company__Co_raising_the_invoice_!WID='#props['ContractCompany']#'&amp;Exclude_Deleted_Transactions='#props['constant']#'&amp;Transaction_Date_no_earlier_than='#props['Transaction.Start.Date']#'&amp;Transaction_Date_no_later_than='#props['Transaction.End.Date']#'&amp;Sold-To_Customer__Co_receiving_IC_inv_!WID='#props['BorrowerCompany']</cc:expression>
                    <cc:expression>props['Extra.path.Second_1'] = '#&amp;Transaction_Date_no_later_than='#props['Transaction.End.Date']#'&amp;Sold-To_Customer__Co_receiving_IC_inv_!WID='#props['BorrowerCompany']</cc:expression>
                </cc:eval>
                <cc:write id="Write" output="variable" output-variable="pre.audit">
                    <cc:message>
                        <cc:text>&lt;ImportBatch>&lt;/ImportBatch></cc:text>
                    </cc:message>
                </cc:write>
                <cc:log id="Log0">
                    <cc:log-message>
                        <cc:text>&#xD;
**Before InputDetails request***&#xD;
props['ContractCompany']: @{props['ContractCompany']}&#xD;
props['BorrowerCompany']: @{props['BorrowerCompany']}&#xD;
&#xD;
&#xD;
</cc:text>
                        <cc:message-content/>
                    </cc:log-message>
                </cc:log>
            </cc:steps>
            <cc:send-error id="SendError" routes-to="InitializationError"/>
        </cc:async-mediation>
        <cc:local-out id="GroupingError" routes-response-to="EndIntegration0" endpoint="vm://wcc/PutIntegrationMessage">
            <cc:set name="is.message.severity" value="'ERROR'"/>
            <cc:set name="is.message.summary" value="'An error occurred grouping the report response by company. Please see error details'"/>
            <cc:set name="is.message.detail" value="context.getErrorMessage()"/>
            <cc:set name="is.message.storage.enabled" value="false"/>
        </cc:local-out>
        <cc:async-mediation id="GroupByCompany" routes-to="CompanySplitByGroup">
            <cc:steps>
                <cc:xslt id="Xslt" url="INT2103Transforminput.xsl"/>
            </cc:steps>
            <cc:send-error id="SendError" routes-to="GroupingError"/>
        </cc:async-mediation>
        <cc:splitter id="CompanySplitByGroup">
            <cc:sub-route name="SubRoute" routes-to="AsyncMediation"/>
            <cc:xml-stream-splitter xpath="wd:Report_Data/Group"/>
        </cc:splitter>
        <cc:async-mediation id="AssignValues" routes-to="Route" handle-downstream-errors="true">
            <cc:steps>
                <cc:copy id="Copy" output="variable" output-variable="Details.output"/>
                <cc:eval id="Eval">
                    <cc:expression>props['Header_Source_Company'] = empty;&#xD;
props['Header_Borrower_Company'] = empty;&#xD;
props['Header_Source_Company'] = parts[0].xpath('/CompanyDetail/Header_Source_Company');&#xD;
props['Header_Borrower_Company'] = parts[0].xpath('/CompanyDetail/Header_Borrower_Company');</cc:expression>
                    <cc:expression>props['Currency_ID'] = empty;&#xD;
props['Currency_ID'] = parts[0].xpath('/CompanyDetail/Currency');&#xD;
props['Borrowing_Comp_Currency'] = empty;&#xD;
props['Borrowing_Comp_Currency'] = parts[0].xpath('/CompanyDetail/Borrowing_Comp_Currency');</cc:expression>
                    <cc:expression>props['Transaction_Source'] = empty;&#xD;
props['Transaction_Source'] = parts[0].xpath('/CompanyDetail/Transaction_Source');&#xD;
props['Amount_Credit'] = empty;&#xD;
props['Amount_Credit']= parts[0].xpath('/CompanyDetail/Amount_high');&#xD;
props['Amount_Debit'] = empty;&#xD;
props['Amount_Debit']= parts[0].xpath('/CompanyDetail/Amount_Less');&#xD;
props['Header_Source_CompanyCC'] = empty;&#xD;
props['Header_Source_CompanyCC']= parts[0].xpath('/CompanyDetail/Header_Source_CompanyCC');&#xD;
props['Header_Borrower_CompanyCC'] = empty;&#xD;
props['Header_Borrower_CompanyCC']= parts[0].xpath('/CompanyDetail/Header_Borrower_CompanyCC');&#xD;
props['Customer_Reference_ID'] = empty;&#xD;
props['Customer_Reference_ID']= parts[0].xpath('/CompanyDetail/CustomerWorktag');&#xD;
props['Intercompany_Affiliate'] = empty;&#xD;
props['Intercompany_Affiliate']= parts[0].xpath('/CompanyDetail/Intercompany_Affiliate');</cc:expression>
                    <cc:expression>props['Spend_Cat'] = empty;&#xD;
props['Spend_Cat'] = parts[0].xpath('/CompanyDetail/Spend_Category');&#xD;
props['Revenue_Cat'] = empty;&#xD;
props['Revenue_Cat'] = parts[0].xpath('/CompanyDetail/Revenue_Category');</cc:expression>
                </cc:eval>
                <cc:validate-exp id="ValidateExp">
                    <cc:expression failure-message="No Currency Id available">props['Currency_ID'] != empty</cc:expression>
                    <cc:expression failure-message="No Currency for Borrowing Company">props['Borrowing_Comp_Currency'] != empty</cc:expression>
                    <cc:expression failure-message="Transaction Source is empty">props['Transaction_Source'] != empty</cc:expression>
                    <cc:expression failure-message="Customer Reference Empty">props['Customer_Reference_ID'] != empty</cc:expression>
                    <cc:expression failure-message="Intercompany Affiliate Empty">props['Intercompany_Affiliate'] != empty</cc:expression>
                </cc:validate-exp>
                <cc:copy id="Copy1" output="variable" output-variable="Report.xml"/>
                <cc:log id="Log">
                    <cc:log-message>
                        <cc:text>&#xD;
**Tomar**&#xD;
Report.xml: @{vars['Report.xml']}&#xD;
&#xD;
</cc:text>
                        <cc:message-content/>
                    </cc:log-message>
                </cc:log>
            </cc:steps>
            <cc:send-error id="SendError" routes-to="ErrorAuditlog"/>
        </cc:async-mediation>
        <cc:workday-out-soap id="ImportJournal" routes-response-to="ValidationOff" application="Financial_Management" version="v36.2"/>
        <cc:async-mediation id="ValidationOn" routes-to="ImportJournal" execute-steps-when="(props['validation.mode'] == true) " handle-downstream-errors="true">
            <cc:steps>
                <cc:set-headers id="ValidationOn">
                    <cc:remove-headers/>
                    <cc:add-headers>
                        <cc:add-header name="X-Validate-Only" value="1"/>
                    </cc:add-headers>
                </cc:set-headers>
            </cc:steps>
        </cc:async-mediation>
        <cc:local-out id="Note-Error" endpoint="vm://wcc/PutIntegrationMessage">
            <cc:set name="is.message.severity" value="'CRITICAL'"/>
            <cc:set name="is.message.summary" value="'Critical Error Occurred! Please see detail:'"/>
            <cc:set name="is.message.detail" value="context.errorMessage"/>
        </cc:local-out>
        <cc:send-error id="global-error-handler" rethrow-error="false" routes-to="Note-Error"/>
        <cc:local-out id="FileError0" endpoint="vm://wcc/PutIntegrationMessage">
            <cc:set name="is.message.severity" value="'ERROR'"/>
            <cc:set name="is.message.summary" value="'An error occured storing the pre audit log'"/>
            <cc:set name="is.message.detail" value="context.errorMessage"/>
            
        </cc:local-out>
        <cc:async-mediation id="Success" handle-downstream-errors="true">
            <cc:steps>
                <cc:eval id="Eval0">
                    <cc:expression>props['pre.audit.count'] = props['pre.audit.count'] + 1</cc:expression>
                </cc:eval>
                <cc:write id="Write0">
                    <cc:message>
                        <cc:text>&lt;AuditHeader>&#xD;
        &lt;TotalJournals>@{props['wallet.process.count']}&lt;/TotalJournals>&#xD;
        &lt;TotalRecords>@{props['wallet.total.count']}&lt;/TotalRecords>&#xD;
        &lt;Import_Process_Reference>@{props['process.wid']}&lt;/Import_Process_Reference>&#xD;
&lt;/AuditHeader>&#xD;
</cc:text>
                    </cc:message>
                </cc:write>
                <cc:copy id="Copy0" output="variable" output-variable="pre.audit" input="message" append-to-output-element="true" output-xpath="ImportBatch"/>
                <cc:copy id="Copy" output="variable" output-variable="pre.audit" input="variable" input-variable="current.journal" append-to-output-element="true" output-xpath="ImportBatch"/>
                <cc:copy id="Copy1" input="variable" input-variable="pre.audit"/>
            </cc:steps>
            <cc:send-error id="SendError" routes-to="FileError0"/>
        </cc:async-mediation>
        <cc:async-mediation id="ValidationOff" routes-to="GETWID" execute-steps-when="(props['validation.mode'] == true) " handle-downstream-errors="true">
            <cc:steps>
                <cc:set-headers id="ValidationOff">
                    <cc:remove-headers>
                        <cc:remove-header name="X-Validate-Only"/>
                    </cc:remove-headers>
                    <cc:add-headers>
                        
                    </cc:add-headers>
                </cc:set-headers>
            </cc:steps>
        </cc:async-mediation>
        <cc:local-out id="EndIntegration0" endpoint="vm://wcc/PutIntegrationEvent">
            <cc:set name="is.event.completed" value="&quot;current&quot;"/>
        </cc:local-out>
        <cc:local-out id="CallCloseAudit" store-message="none" endpoint="vm://INT0078B_Intercompany_Revenue_Schedule/CloseAudit"/>
        <cc:async-mediation id="GETWID" routes-to="WorkdayOutSoap" handle-downstream-errors="true">
            <cc:steps>
                <cc:copy id="Copy" output="variable" output-variable="import.response" input="message"/>
                <cc:eval id="Eval">
                    <cc:expression>props['process.wid'] ='';&#xD;
props['process.wid'] = parts[0].xpath('env:Envelope/env:Body/wd:Put_Import_Process_Response/wd:Import_Process_Reference/wd:ID')</cc:expression>
                </cc:eval>
                <cc:eval id="Sleep">
                    <cc:expression>Thread.currentThread().sleep(props['delay']);</cc:expression>
                </cc:eval>
                <cc:xslt id="Xslt" url="Import_process.xsl"/>
                <cc:write id="Write">
                    <cc:message>
                        <cc:text>&lt;env:Envelope&#xD;
    xmlns:env=&quot;http://schemas.xmlsoap.org/soap/envelope/&quot;&#xD;
    xmlns:xsd=&quot;http://www.w3.org/2001/XMLSchema&quot;>&#xD;
    &lt;env:Body>&#xD;
        &lt;wd:Get_Import_Processes_Request  xmlns:wd=&quot;urn:com.workday/bsvc&quot;  wd:version=&quot;v36.2&quot;></cc:text>
                        <cc:message-content/>
                        <cc:text>&lt;/wd:Get_Import_Processes_Request>&#xD;
    &lt;/env:Body>&#xD;
&lt;/env:Envelope></cc:text>
                    </cc:message>
                </cc:write>
            </cc:steps>
            <cc:send-error id="SendError" routes-to="CallErrorAudit1"/>
        </cc:async-mediation>
        <cc:workday-out-soap id="WorkdayOutSoap" routes-response-to="CheckStatus" application="Integrations" version="v36.2"/>
        <cc:async-mediation id="CheckStatus" routes-to="GetMsgCall">
            <cc:steps>
                <cc:eval id="Eval">
                    <cc:expression>props['process.status'] = ''</cc:expression>
                    <cc:expression>props['process.status'] = parts[0].xpath('env:Envelope/env:Body/wd:Get_Import_Processes_Response/wd:Response_Data/wd:Import_Process/wd:Import_Process_Data/wd:Status_Reference/wd:ID[@wd:type = &quot;Background_Process_Instance_Status_ID&quot;]')</cc:expression>
                </cc:eval>
            </cc:steps>
            <cc:send-error id="SendError" routes-to="CallErrorAudit1"/>
        </cc:async-mediation>
        <cc:async-mediation id="GetMsgCall" routes-to="GetMsg" execute-steps-when="props['process.status'] == 'CompletedWithErrors'" handle-downstream-errors="true">
            <cc:steps>
                <cc:xslt id="Xslt" url="Get_Import_Process_Messages_Request.xsl"/>
                <cc:write id="Write">
                    <cc:message>
                        <cc:text>&lt;env:Envelope&#xD;
    xmlns:env=&quot;http://schemas.xmlsoap.org/soap/envelope/&quot;&#xD;
    xmlns:xsd=&quot;http://www.w3.org/2001/XMLSchema&quot;>&#xD;
    &lt;env:Body>&#xD;
        &lt;wd:Get_Import_Process_Messages_Request&#xD;
            xmlns:wd=&quot;urn:com.workday/bsvc&quot;&#xD;
            wd:version=&quot;v36.2&quot;></cc:text>
                        <cc:message-content/>
                        <cc:text>&lt;/wd:Get_Import_Process_Messages_Request>&#xD;
    &lt;/env:Body>&#xD;
&lt;/env:Envelope></cc:text>
                    </cc:message>
                </cc:write>
            </cc:steps>
            <cc:send-error id="SendError" routes-to="CallErrorAudit1"/>
        </cc:async-mediation>
        <cc:workday-out-soap id="GetMsg" execute-when="props['process.status'] == 'CompletedWithErrors'" routes-response-to="CallProcessMsg" application="Integrations" version="v35.0"/>
        <cc:splitter id="Splitter">
            <cc:sub-route name="SubRoute" routes-to="CallInitialBatch"/>
            <cc:xml-stream-splitter xpath="Group/CompanyDetail"/>
        </cc:splitter>
        <cc:async-mediation id="AsyncMediation" routes-to="Splitter">
            <cc:steps>
            </cc:steps>
        </cc:async-mediation>
        <cc:local-out id="CallAssignvalues" store-message="none" endpoint="vm://INT0078B_Intercompany_Revenue_Schedule/Assignvalues"/>
        <cc:local-in id="Assignvalues" routes-to="AssignValues"/>
        <cc:local-out id="CallErrorAudit1" store-message="none" endpoint="vm://INT0078B_Intercompany_Revenue_Schedule/ErrorAudit"><cc:set name="errorMessage" value="props['error.message'] = context.errorMessage.toString();"/></cc:local-out>
        <cc:async-mediation id="CallInitialBatch" routes-to="CallAssignvalues">
            <cc:steps>
                <cc:eval id="Eval">
                    <cc:expression>props['close.batch'] = false</cc:expression>
                </cc:eval>
            </cc:steps>
        </cc:async-mediation>
        <cc:local-out id="CallCloseBatch" store-message="none" endpoint="vm://INT0078B_Intercompany_Revenue_Schedule/CloseBatch"><cc:set name="Close.Batch" value="props['close.batch'] = true"/></cc:local-out>
        <cc:local-out id="CallProcessMsg" store-message="none" execute-when="props['process.status'] == 'CompletedWithErrors'" routes-response-to="CallPutAuditTxt" endpoint="vm://INT0078B_Intercompany_Revenue_Schedule/ProcessMsg"/>
        <cc:local-out id="CallPutAuditTxt" store-message="none" execute-when="props['process.status'] == 'CompletedWithErrors'" routes-response-to="Success" endpoint="vm://INT0078B_Intercompany_Revenue_Schedule/PutAuditTxt"/>
        <cc:local-in id="ProcessMsg" routes-to="CallSaveWalletJournalError"/>
        <cc:local-out id="CallSaveWalletJournalError" store-message="none" routes-response-to="AsyncMediation1" endpoint="vm://INT0078B_Intercompany_Revenue_Schedule/SaveWalletJournalError"/>
        <cc:async-mediation id="AsyncMediation1" routes-to="Splitter0">
            <cc:steps>
                <cc:copy id="Copy" input="variable" input-variable="current.journal"/>
                <cc:eval id="Eval">
                    <cc:expression>props['current.company'] = parts[0].xstream('env:Envelope/env:Body/wd:Import_Accounting_Journal_Request/wd:Accounting_Journal_Data/wd:Company_Reference/wd:ID')</cc:expression>
                    <cc:expression>props['current.journal.memo'] = parts[0].xstream('env:Envelope/env:Body/wd:Import_Accounting_Journal_Request/wd:Accounting_Journal_Data/wd:Journal_Entry_Memo')</cc:expression>
                    <cc:expression>props['line.count'] = 0</cc:expression>
                </cc:eval>
            </cc:steps>
        </cc:async-mediation>
        <cc:splitter id="Splitter0">
            <cc:sub-route name="SubRoute" routes-to="AsyncMediation2"/>
            <cc:xml-stream-splitter xpath="env:Envelope/env:Body/wd:Import_Accounting_Journal_Request/wd:Accounting_Journal_Data/wd:Journal_Entry_Line_Replacement_Data"/>
        </cc:splitter>
        <cc:async-mediation id="AsyncMediation2" routes-to="Aggregator0">
            <cc:steps>
                <cc:eval id="Eval">
                    <cc:expression>props['wallet.error.msg'] ='';&#xD;
props['line.count'] = props['line.count'] + 1;&#xD;
props['wallet.error.msg'] = props['wallet.error.hash.map'].get(props['line.count'].toString())</cc:expression>
                    <cc:expression>props['initial.line'] = '0';&#xD;
props['wallet.overall.error'] ='';&#xD;
props['wallet.overall.error'] = props['wallet.error.hash.map'].get(props['initial.line'].toString())</cc:expression>
                    <cc:expression>props['Wallet.Audit.Status'] = empty</cc:expression>
                    <cc:expression>if (props['wallet.error.msg'] == null &amp;&amp; props['wallet.overall.error'] == null) {props['Wallet.Audit.Status'] = 'Success'}</cc:expression>
                    <cc:expression>if (props['wallet.error.msg'] != null &amp;&amp; props['wallet.overall.error'] == null) {props['Wallet.Audit.Status'] = props['wallet.error.msg']}</cc:expression>
                    <cc:expression>if (props['wallet.overall.error'] != null) {props['Wallet.Audit.Status'] = props['wallet.overall.error']}</cc:expression>
                </cc:eval>
                <cc:xslt id="Xslt" url="Journal_Audit.xsl"/>
            </cc:steps>
            <cc:send-error id="SendError" routes-to="PutAuditError"/>
        </cc:async-mediation>
        <cc:local-out id="PutAuditError" store-message="none" endpoint="vm://wcc/PutIntegrationMessage"><cc:set name="is.message.severity" value="'ERROR'"/><cc:set name="is.message.summary" value="'An error occured while creating an wallet audit entry. Please see error detail'"/><cc:set name="is.message.detail" value="context.getErrorMessage()"/></cc:local-out>
        <cc:aggregator id="Aggregator0">
            <cc:size-batch-strategy batch-size="-1"/>
            <cc:message-content-collater output="variable" output-variable="wallet.error.detail"/>
        </cc:aggregator>
        <cc:local-in id="SaveWalletJournalError" routes-to="Splitter1"/>
        <cc:splitter id="Splitter1">
            <cc:sub-route name="SubRoute" routes-to="AsyncMediation3"/>
            <cc:xml-stream-splitter xpath="env:Envelope/env:Body/wd:Get_Import_Process_Messages_Response/wd:Response_Data/wd:Import_Process_Message"/>
        </cc:splitter>
        <cc:async-mediation id="AsyncMediation3">
            <cc:steps>
                <cc:eval id="Eval">
                    <cc:expression>props['wallet.error.line.number'] = parts[0].xpath('wd:Import_Process_Message/wd:Import_Process_Message_Data/wd:Line_Number')</cc:expression>
                    <cc:expression>props['wallet.error.message'] = parts[0].xpath('wd:Import_Process_Message/wd:Import_Process_Message_Data/wd:Message_Summary')</cc:expression>
                    <cc:expression>props['wallet.error.hash.map'].put(props['wallet.error.line.number'], props['wallet.error.message'])</cc:expression>
                </cc:eval>
            </cc:steps>
        </cc:async-mediation>
        <cc:local-in id="PutAuditTxt" routes-to="AsyncMediation4"/>
        <cc:async-mediation id="AsyncMediation4" routes-to="Aggregator1">
            <cc:steps>
                <cc:write id="Write" output-mimetype="text/plain" input="variable" input-variable="wallet.error.detail">
                    <cc:message>
                        <cc:text>A journal failed for the following reason: @{context.getErrorMessage()}&#xD;
Header Company,Journal Entry Memo, Line Company,Ledger Account,Credit Amount,Debit Amount,Currency,Invoice Number,Function,Spend Category,Cost Center,Employee ID,Status&#xD;
</cc:text>
                        <cc:message-content/>
                    </cc:message>
                </cc:write>
            </cc:steps>
        </cc:async-mediation>
        <cc:aggregator id="Aggregator1" routes-to="AsyncMediation5">
            <cc:size-batch-strategy/>
            <cc:message-content-collater/>
        </cc:aggregator>
        <cc:local-in id="CloseWalletJournalAudit" routes-to="Aggregator1"/>
        <cc:async-mediation id="AsyncMediation5" routes-to="SomeWalletJournalFailed">
            <cc:steps>
                <cc:text-excel id="TextExcel" output-mimetype="application/vnd.ms-excel" style="text2excel"/>
                <cc:store id="Store" output="variable" output-variable="Wallet.file" expiresIn="P@{props['doc.reten']}D" title="INT0078-WalletTransactionAuditLog.xls"/>
            </cc:steps>
        </cc:async-mediation>
        <cc:local-out id="SomeWalletJournalFailed" store-message="none" endpoint="vm://wcc/PutIntegrationMessage"><cc:set name="is.message.severity" value="'ERROR'"/><cc:set name="is.message.summary" value="'There are some wallet transactions failed to load, Please see audit log for more details'"/><cc:set name="is.message.storage.enabled" value="false"/><cc:set name="is.document.variable.name" value="'Wallet.file'"/><cc:set name="is.document.file.name" value="'INT0078-WalletReportAuditLog.xls'"/></cc:local-out>
        <cc:local-out id="ErrorAuditlog" store-message="none" endpoint="vm://wcc/PutIntegrationMessage"><cc:set name="is.message.severity" value="'ERROR'"/><cc:set name="is.message.summary" value="'An error occured in assign values async medication. Please see error detail'"/><cc:set name="is.message.detail" value="context.getErrorMessage()"/></cc:local-out>
        <cc:route id="Route">
            <cc:mvel-strategy>
                <cc:choose-route expression="props['Header_Source_Company'] != empty" route="SourceCompany"/>
                <cc:choose-route expression="props['Header_Borrower_Company'] != empty" route="BorrowerCompany"/>
            </cc:mvel-strategy>
            <cc:sub-route name="SourceCompany" routes-to="SourceCompanySetvalues"/>
            <cc:sub-route name="BorrowerCompany" routes-to="BorrowerCompanySetvalues"/>
        </cc:route>
        <cc:async-mediation id="SourceCompanySetvalues" routes-to="AsyncMediation6">
            <cc:steps>
                <cc:validate-exp id="ValidateExp">
                    <cc:expression failure-message="Cost Center of Source Company is empty">props['Header_Source_CompanyCC'] != empty</cc:expression>
                </cc:validate-exp>
                <cc:xslt id="Xslt" output="variable" output-variable="submit.journal" url="Set_Values_For_Source_Company.xsl"/>
            </cc:steps>
            <cc:send-error id="SendError" routes-to="CallSubRoutine"/>
        </cc:async-mediation>
        <cc:async-mediation id="BorrowerCompanySetvalues" routes-to="AsyncMediation6">
            <cc:steps>
                <cc:validate-exp id="ValidateExp">
                    <cc:expression failure-message="Cost Center of Borrower Company is empty">props['Header_Borrower_CompanyCC'] != empty</cc:expression>
                </cc:validate-exp>
                <cc:xslt id="Xslt" output="variable" output-variable="submit.journal" url="Set_Values_For_Borrower_Company.xsl"/>
            </cc:steps>
            <cc:send-error id="SendError" routes-to="CallSubRoutine"/>
        </cc:async-mediation>
        <cc:async-mediation id="AsyncMediation6" routes-to="ValidationOn">
            <cc:steps>
                <cc:base64-encode id="Base64Encode" output="message" output-mimetype="text/plain" input="variable" input-variable="Report.xml"/>
                <cc:copy id="Copy00" output="variable" output-mimetype="text/xml" output-variable="submit.journal" input="message" append-to-output-element="true" output-xpath="wd:Import_Accounting_Journal_Request/wd:Accounting_Journal_Data/wd:Attachment_Data/wd:File_Content"/>
                <cc:wrap-soap id="WrapSoap" input="variable" input-variable="submit.journal"/>
                <cc:copy id="Copy0" output="variable" output-variable="current.journal"/>
            </cc:steps>
            <cc:send-error id="SendError" routes-to="CallSubRoutine"/>
        </cc:async-mediation>
        <cc:local-out id="CallSubRoutine" store-message="none" endpoint="vm://wcc/PutIntegrationMessage"><cc:set name="is.message.severity" value="'ERROR'"/><cc:set name="is.message.summary" value="'An error occured in async medication after Route. Please see error detail'"/><cc:set name="is.message.detail" value="context.getErrorMessage()"/></cc:local-out>
        <cc:async-mediation id="AsyncMediation0" routes-to="ReportFeed">
            <cc:steps>
                <cc:eval id="Eval">
                    <cc:expression>props['doc.reten'] = intsys.getAttribute('Document Retention Policy');&#xD;
props['Cost.Center'] = intsys.getAttribute('Cost Center');&#xD;
props['Source.Journal.Memo'] = intsys.getAttribute('Source Journal Memo');&#xD;
props['Borrower.Journal.Memo'] = intsys.getAttribute('Borrower Journal Memo');&#xD;
props['Ledger.Type.Reference'] = intsys.getAttribute('Ledger Type Reference');&#xD;
props['Journal.Source.Reference'] = intsys.getAttribute('Journal Source Reference');</cc:expression>
                    <cc:expression>props['validation.mode'] = lp.getSimpleData('Validation Mode')</cc:expression>
                    <cc:expression>props['CostCenterMap'] = empty;&#xD;
props['CostCenterMap'] = intsys.integrationMapLookup('Cost Center', props['Cost.Center']);&#xD;
props['JournalSourceReference'] = empty;&#xD;
props['JournalSourceReference'] = intsys.integrationMapLookup('Journal Source Reference', props['Journal.Source.Reference']);</cc:expression>
                    <cc:expression>props['delay'] = intsys.getAttribute('Delay');&#xD;
props['error.hash.map'] = new java.util.HashMap;&#xD;
props['wallet.error.hash.map'] = new java.util.HashMap;</cc:expression>
                    <cc:expression>props['Current.Effective.Date'] = lp.getDate('Current Effective Date')</cc:expression>
                    <cc:expression>props['comp'] = lp.getReferenceDataList('Companies','WID');&#xD;
props['companies'] = util.listToDelimString(props['comp'], '!')</cc:expression>
                    <cc:expression>props['Path'] = empty;&#xD;
props['Path'] = '?Companies!WID='#props['companies']</cc:expression>
                </cc:eval>
                <cc:log id="Log">
                    <cc:log-message>
                        <cc:text>&#xD;
***after initial Eval******&#xD;
&#xD;
props['companies'] : @{props['companies'] }&#xD;
props['Path']: @{props['Path']}&#xD;
&#xD;
&#xD;
</cc:text>
                        <cc:message-content/>
                    </cc:log-message>
                </cc:log>
            </cc:steps>
            <cc:send-error id="SendError" routes-to="GroupingError0"/>
        </cc:async-mediation>
        <cc:workday-out-rest id="ReportFeed" routes-response-to="Splitter2" extra-path="@{intsys.reportService.getExtrapath('INT0078_Feed')}@{props['Path']}"/>
        <cc:splitter id="Splitter2">
            <cc:sub-route name="SubRoute" routes-to="Initialize"/>
            <cc:xml-stream-splitter xpath="wd:Report_Data/wd:Report_Entry"/>
        </cc:splitter>
        <cc:route id="Route0">
            <cc:mvel-strategy>
                <cc:choose-route expression="parts[0].xstreamB('wd:Report_Data/wd:Report_Entry')" route="ProcessReport"/>
                <cc:choose-route expression="true" route="NoInvoice"/>
            </cc:mvel-strategy>
            <cc:sub-route name="ProcessReport" routes-to="GroupByCompany"/>
            <cc:sub-route name="NoInvoice" routes-to="AsyncMediation7"/>
        </cc:route>
        <cc:local-out id="GroupingError0" routes-response-to="EndIntegration00" endpoint="vm://wcc/PutIntegrationMessage">
            <cc:set name="is.message.severity" value="'ERROR'"/>
            <cc:set name="is.message.summary" value="'An error occurred at initializing the variables. Please see error details'"/>
            <cc:set name="is.message.detail" value="context.getErrorMessage()"/>
            <cc:set name="is.message.storage.enabled" value="false"/>
        </cc:local-out>
        <cc:local-out id="EndIntegration00" endpoint="vm://wcc/PutIntegrationEvent">
            <cc:set name="is.event.completed" value="&quot;current&quot;"/>
        </cc:local-out>
        <cc:async-mediation id="AsyncMediation7">
            <cc:steps>
                <cc:log id="Log">
                    <cc:log-message>
                        <cc:text>&#xD;
***No Invoice to process***&#xD;
props['ContractCompany']: @{props['ContractCompany']}&#xD;
props['BorrowerCompany']: @{props['BorrowerCompany']}&#xD;
&#xD;
</cc:text>
                        <cc:message-content/>
                    </cc:log-message>
                </cc:log>
            </cc:steps>
        </cc:async-mediation>
        <cc:async-mediation id="AsyncMediation8" routes-to="Route0">
            <cc:steps>
                <cc:log id="Log">
                    <cc:log-message>
                        <cc:text>&#xD;
**After inputDetails report**&#xD;
</cc:text>
                        <cc:message-content/>
                    </cc:log-message>
                </cc:log>
            </cc:steps>
        </cc:async-mediation>
	</cc:assembly>

</beans>