<?xml version="1.0" encoding="UTF-8"?>
<beans
     xmlns="http://www.springframework.org/schema/beans"
     xmlns:beans="http://www.springframework.org/schema/beans"
     xmlns:atom="http://www.w3.org/2005/Atom"
     xmlns:cc="http://www.capeclear.com/assembly/10"
     xmlns:cloud="urn:com.workday/esb/cloud/10.0"
     xmlns:env="http://schemas.xmlsoap.org/soap/envelope/"
     xmlns:intsys="java:com.workday.esb.intsys.xpath.ParsedIntegrationSystemFunctions"
     xmlns:pi="urn:com.workday/picof"
     xmlns:wd="urn:com.workday/bsvc"
     xmlns:xs="http://www.w3.org/2001/XMLSchema"
     xmlns:xsi="http://www.w3.org/2001/XMLSchema-instance">
 
	<cc:assembly id="WorkdayAssembly" version="15.0">
	<cc:workday-in id="StartHere" routes-to="SetupData">
<cc:integration-system name="INT1018 Bogart Employee Indicative Data Outbound">
        <cloud:param name="Workers">
          <cloud:type>
            <cloud:class-report-field description="All Active and Terminated Workers" type="WID" singular="false">21f35a7672bc4fb19f3560983748d513</cloud:class-report-field>
          </cloud:type>
        </cloud:param>
        <cloud:param name="As of DateTime">
          <cloud:type>
            <cloud:simple-type>datetime</cloud:simple-type>
          </cloud:type>
          <cloud:default>
            <cloud:class-report-field description="Current Moment (DateTime)" type="WID">df4effe76deb4222a79001d6737cf91c</cloud:class-report-field>
          </cloud:default>
        </cloud:param>
        <cloud:param name="Full File">
          <cloud:type>
            <cloud:simple-type>boolean</cloud:simple-type>
          </cloud:type>
          <cloud:default/>
        </cloud:param>
        <cloud:param name="Last Run DateTime">
          <cloud:type>
            <cloud:simple-type>datetime</cloud:simple-type>
          </cloud:type>
          <cloud:default>
            <cloud:class-report-field description="As Of Entry DateTime of Last Completed Integration Event" type="WID">505b87f367e4447680293f806a11b15b</cloud:class-report-field>
          </cloud:default>
          <cloud:launch-option>begin-entry-datetime</cloud:launch-option>
        </cloud:param>
        <cloud:attribute-map-service name="INT1018-Generic">
          <cloud:attribute name="Deceased">
            <cloud:type>
              <cloud:class-report-field description="Primary Termination Reason" type="WID" singular="true">8dca7672eeb1426f9118f7c7362adc28</cloud:class-report-field>
            </cloud:type>
          </cloud:attribute>
          <cloud:attribute name="Retired">
            <cloud:type>
              <cloud:class-report-field description="Primary Termination Reason" type="WID" singular="true">8dca7672eeb1426f9118f7c7362adc28</cloud:class-report-field>
            </cloud:type>
          </cloud:attribute>
          <cloud:attribute name="Include Terminated Workers For Full File">
            <cloud:type>
              <cloud:simple-type>boolean</cloud:simple-type>
            </cloud:type>
          </cloud:attribute>
          <cloud:attribute name="Suspended Leave Types">
            <cloud:type>
              <cloud:class-report-field description="Leave Types" type="WID" singular="false">e001ee2bed734a8d9650aac277668d37</cloud:class-report-field>
            </cloud:type>
          </cloud:attribute>
          <cloud:attribute name="Company Organization Type">
            <cloud:type>
              <cloud:class-report-field description="Organization Type" type="WID" singular="true">dcc84b45ad744aaa997f272a553a7b21</cloud:class-report-field>
            </cloud:type>
            <cloud:display-option>required-for-launch</cloud:display-option>
          </cloud:attribute>
          <cloud:attribute name="Home Address Type">
            <cloud:type>
              <cloud:class-report-field description="Primary Types" type="WID" singular="false">cbe18736303f47d294170c4ce8b523b9</cloud:class-report-field>
            </cloud:type>
            <cloud:display-option>required-for-launch</cloud:display-option>
          </cloud:attribute>
          <cloud:attribute name="Work Address Type">
            <cloud:type>
              <cloud:class-report-field description="Primary Types" type="WID" singular="false">cbe18736303f47d294170c4ce8b523b9</cloud:class-report-field>
            </cloud:type>
            <cloud:display-option>required-for-launch</cloud:display-option>
          </cloud:attribute>
          <cloud:attribute name="Mailing Address Type">
            <cloud:type>
              <cloud:class-report-field description="Usage Behavior" type="WID" singular="false">c3508621eb1410000e9e948560c40a30</cloud:class-report-field>
            </cloud:type>
          </cloud:attribute>
          <cloud:attribute name="Document Retention Policy In Days">
            <cloud:type>
              <cloud:simple-type>number</cloud:simple-type>
            </cloud:type>
            <cloud:display-option>required-for-launch</cloud:display-option>
          </cloud:attribute>
          <cloud:map name="Employee Status">
            <cloud:internal-type>
              <cloud:simple-type>text</cloud:simple-type>
            </cloud:internal-type>
            <cloud:external-type>
              <cloud:simple-type>text</cloud:simple-type>
            </cloud:external-type>
          </cloud:map>
          <cloud:map name="Pay Frequency">
            <cloud:internal-type>
              <cloud:class-report-field description="Pay Frequency - Payroll" type="WID">61873cd2eb1c45b594d9803ff4715a2b</cloud:class-report-field>
            </cloud:internal-type>
            <cloud:external-type>
              <cloud:simple-type>text</cloud:simple-type>
            </cloud:external-type>
          </cloud:map>
        </cloud:attribute-map-service>
        <cloud:sequence-generator-service name="INT1018-Sequences">
          <cloud:sequencer>INT1018-SequenceGenerator</cloud:sequencer>
        </cloud:sequence-generator-service>
        <cloud:transaction-log-service name="INT1018-Transactions"/>
        <cloud:delivery-service name="INT1018-Delivery"/>
      </cc:integration-system>
</cc:workday-in>

<cc:local-out id="Log_PrepareRequestError" endpoint="vm://wcc/PutIntegrationMessage">
<cc:set name="is.message.severity" value="'ERROR'"/>
<cc:set name="is.message.summary" value="'Error Preparing request for full file output'"/>
<cc:set name="is.message.detail" value="context.errorMessage"/></cc:local-out>
<cc:async-mediation id="ProcessWorkers" routes-to="AggregatorOutput" continue-after-error="recover" handle-downstream-errors="true">
<cc:steps>
                <cc:eval id="Eval"><cc:expression>props['employee.id'] = parts[0].xpath('wd:Worker/wd:Worker_Data/wd:Worker_ID')</cc:expression><cc:expression>props['counter'] = props['counter']  + 1</cc:expression><cc:expression>props['error.exists'] = false</cc:expression></cc:eval>
<cc:xslt id="PrepGetWorkerResponse" output-mimetype="text/xml" url="GetWorker-Prep.xsl"/>


</cc:steps>
<cc:send-error id="errorHandler" routes-to="Log_TransformWorkerError"/>
</cc:async-mediation>


<cc:async-mediation id="PrepGetWorkers" routes-to="RetrieveFullPopulation" continue-after-error="rewind" handle-downstream-errors="true">
<cc:steps>
<cc:write id="WriteGetWorkersRequest">
<cc:message><cc:text>&lt;?xml version=&quot;1.0&quot; encoding=&quot;UTF-8&quot;?>&#xD;
&lt;env:Envelope xmlns:env=&quot;http://schemas.xmlsoap.org/soap/envelope/&quot;>&#xD;
    &lt;env:Body>&#xD;
        &lt;wd:Get_Workers_Request&#xD;
            xmlns:wd=&quot;urn:com.workday/bsvc&quot;&#xD;
            wd:version=&quot;v22.0&quot;>&#xD;
            &#xD;
			@if{props['workers'].size() > 0}&#xD;
             &lt;wd:Request_References wd:Skip_Non_Existing_Instances=&quot;true&quot;>&#xD;
	               &#xD;
                    @foreach{props['workers']}&#xD;
                    &lt;wd:Worker_Reference>&#xD;
                    &lt;wd:ID wd:type=&quot;WID&quot;>@{item}&lt;/wd:ID>&#xD;
                    &lt;/wd:Worker_Reference>&#xD;
                    @end{}&#xD;
                &#xD;
            &lt;/wd:Request_References>&#xD;
			@end{}&#xD;
            &#xD;
            &lt;!--&#xD;
            &#xD;
             &lt;wd:Request_References wd:Skip_Non_Existing_Instances=&quot;true&quot;>&#xD;
	               &#xD;
                    &lt;wd:Worker_Reference>&#xD;
	                    &lt;wd:ID wd:type=&quot;WID&quot;>d7e26b0367731042522c9df58b1f4b80&lt;/wd:ID>&#xD;
                    &lt;/wd:Worker_Reference>&#xD;
                &#xD;
            &lt;/wd:Request_References>&#xD;
            -->&#xD;
            &lt;wd:Request_Criteria>&#xD;
                &lt;wd:Include_Subordinate_Organizations>false&lt;/wd:Include_Subordinate_Organizations>&#xD;
              @if{props['process.all.terms']== true}&#xD;
                &lt;wd:Exclude_Inactive_Workers>false&lt;/wd:Exclude_Inactive_Workers>&#xD;
                @end{}&#xD;
                &#xD;
                &lt;wd:Exclude_Employees>false&lt;/wd:Exclude_Employees>&#xD;
                &lt;wd:Exclude_Contingent_Workers>true&lt;/wd:Exclude_Contingent_Workers>&#xD;
           &#xD;
            &lt;/wd:Request_Criteria>&#xD;
            &lt;wd:Response_Filter>&#xD;
                &lt;wd:As_Of_Effective_Date>@{props['as.of.date']}&lt;/wd:As_Of_Effective_Date>&#xD;
                &lt;wd:As_Of_Entry_DateTime>@{props['as.of.datetime']}&lt;/wd:As_Of_Entry_DateTime>&#xD;
                &lt;wd:Page>1&lt;/wd:Page>&#xD;
                &lt;wd:Count>999&lt;/wd:Count>&#xD;
            &lt;/wd:Response_Filter>&#xD;
            &lt;wd:Response_Group>&#xD;
                &lt;wd:Include_Reference>true&lt;/wd:Include_Reference>&#xD;
                &lt;wd:Include_Personal_Information>true&lt;/wd:Include_Personal_Information>&#xD;
                &lt;wd:Include_Employment_Information>true&lt;/wd:Include_Employment_Information>&#xD;
                &lt;wd:Include_Compensation>false&lt;/wd:Include_Compensation>&#xD;
                &lt;wd:Include_Organizations>true&lt;/wd:Include_Organizations>&#xD;
                &lt;wd:Exclude_Organization_Support_Role_Data>false&lt;/wd:Exclude_Organization_Support_Role_Data>&#xD;
                &lt;wd:Exclude_Location_Hierarchies>false&lt;/wd:Exclude_Location_Hierarchies>&#xD;
                &lt;wd:Exclude_Cost_Centers>false&lt;/wd:Exclude_Cost_Centers>&#xD;
                &lt;wd:Exclude_Cost_Center_Hierarchies>false&lt;/wd:Exclude_Cost_Center_Hierarchies>&#xD;
                &lt;wd:Exclude_Companies>false&lt;/wd:Exclude_Companies>&#xD;
                &lt;wd:Exclude_Company_Hierarchies>false&lt;/wd:Exclude_Company_Hierarchies>&#xD;
                &lt;wd:Exclude_Matrix_Organizations>true&lt;/wd:Exclude_Matrix_Organizations>&#xD;
                &lt;wd:Exclude_Pay_Groups>false&lt;/wd:Exclude_Pay_Groups>&#xD;
                &lt;wd:Exclude_Regions>true&lt;/wd:Exclude_Regions>&#xD;
                &lt;wd:Exclude_Region_Hierarchies>true&lt;/wd:Exclude_Region_Hierarchies>&#xD;
                &lt;wd:Exclude_Supervisory_Organizations>false&lt;/wd:Exclude_Supervisory_Organizations>&#xD;
                &lt;wd:Exclude_Teams>true&lt;/wd:Exclude_Teams>&#xD;
                &lt;wd:Exclude_Custom_Organizations>true&lt;/wd:Exclude_Custom_Organizations>&#xD;
                &lt;wd:Include_Roles>false&lt;/wd:Include_Roles>&#xD;
                &lt;wd:Include_Management_Chain_Data>false&lt;/wd:Include_Management_Chain_Data>&#xD;
                &lt;wd:Include_Benefit_Enrollments>false&lt;/wd:Include_Benefit_Enrollments>&#xD;
                &lt;wd:Include_Benefit_Eligibility>false&lt;/wd:Include_Benefit_Eligibility>&#xD;
                &lt;wd:Include_Related_Persons>false&lt;/wd:Include_Related_Persons>&#xD;
                &lt;wd:Include_Qualifications>false&lt;/wd:Include_Qualifications>&#xD;
                &lt;wd:Include_Employee_Review>false&lt;/wd:Include_Employee_Review>&#xD;
                &lt;wd:Include_Goals>false&lt;/wd:Include_Goals>&#xD;
                &lt;wd:Include_Development_Items>false&lt;/wd:Include_Development_Items>&#xD;
                &lt;wd:Include_Photo>false&lt;/wd:Include_Photo>&#xD;
                &lt;wd:Include_Worker_Documents>false&lt;/wd:Include_Worker_Documents>&#xD;
                &lt;wd:Include_Transaction_Log_Data>false&lt;/wd:Include_Transaction_Log_Data>&#xD;
                &lt;wd:Include_Succession_Profile>false&lt;/wd:Include_Succession_Profile>&#xD;
                &lt;wd:Include_Talent_Assessment>false&lt;/wd:Include_Talent_Assessment>&#xD;
                &lt;wd:Include_Employee_Contract_Data>false&lt;/wd:Include_Employee_Contract_Data>&#xD;
                &lt;wd:Include_Feedback_Received>false&lt;/wd:Include_Feedback_Received>&#xD;
                &lt;wd:Include_User_Account>true&lt;/wd:Include_User_Account>&#xD;
                &lt;wd:Include_Career>false&lt;/wd:Include_Career>&#xD;
                &lt;wd:Include_Account_Provisioning>false&lt;/wd:Include_Account_Provisioning>&#xD;
            &lt;/wd:Response_Group>&#xD;
        &lt;/wd:Get_Workers_Request>&#xD;
    &lt;/env:Body>&#xD;
&lt;/env:Envelope></cc:text></cc:message>
</cc:write>
</cc:steps>
<cc:send-error id="GetWorkerErrorHandler" routes-to="Log_PrepareRequestError"/>
</cc:async-mediation>
<cc:async-mediation id="ProcessOutputFile" routes-to="OutputFile" handle-downstream-errors="true">
<cc:steps>
                <cc:xslt id="CreatePipeDelimFile" url="FinalTransform.xsl"/>
<cc:store id="StoreOutputDoc" output="variable" output-variable="output.document" expiresIn="@{props['retention.policy']}" schema="http://www.w3.org/2005/Atom" summary="@{props['output.filename.sequencer']}" title="@{props['output.filename.sequencer']}"/>
</cc:steps>
<cc:send-error id="errorHandler" routes-to="Output_FileError"/>
</cc:async-mediation>
<cc:local-out id="OutputFile" endpoint="vm://wcc/PutIntegrationMessage">
<cc:set name="is.message.severity" value="'INFO'"/>
<cc:set name="is.message.summary" value="'Output document attached'"/>
<cc:set name="is.document.variable.name" value="'output.document'"/>
<cc:set name="is.document.deliverable" value="'true'"/>
</cc:local-out>
<cc:local-out id="Log_TransformWorkerError" endpoint="vm://wcc/PutIntegrationMessage">
<cc:set name="is.message.severity" value="'ERROR'"/>
<cc:set name="is.message.summary" value="'Error Transforming Employee'  + props['employee.id']"/>
<cc:set name="is.set.error" value="props['error.exists'] = true"/><cc:set name="is.message.detail" value="context.errorMessage"/></cc:local-out>
        <cc:local-out id="RetrieveFullPopulation" routes-response-to="Splitter" endpoint="vm://wcc/PagedGet"><cc:set name="is.paged.get.request.current.page.xpath" value="'/env:Envelope/env:Body/*/wd:Response_Filter/wd:Page'"/><cc:set name="is.paged.get.response.current.page.xpath" value="'/env:Envelope/env:Body/*/wd:Response_Results/wd:Page'"/><cc:set name="is.paged.get.response.total.pages.xpath" value="'/env:Envelope/env:Body/*/wd:Response_Results/wd:Total_Pages'"/><cc:set name="is.paged.get.response.total.results.xpath" value="'/env:Envelope/env:Body/*/wd:Response_Results/wd:Total_Results'"/><cc:set name="is.paged.get.application" value="'Human_Resources'"/><cc:set name="is.paged.get.version" value="'v22.0'"/><cc:set name="is.paged.get.page.zero" value="false"/><cc:set name="is.paged.get.store.requests" value="true"/><cc:set name="is.paged.get.aggregate.xpath" value="'/env:Envelope/env:Body/wd:Get_Workers_Response/wd:Response_Data/wd:Worker'"/><cc:set name="is.paged.get.aggregate.header" value="'&lt;Workers>'"/><cc:set name="is.paged.get.aggregate.footer" value="'&lt;/Workers>'"/><cc:set name="is.paged.get.parallel" value="true"/></cc:local-out>
        <cc:send-error id="SendGlobalError" routes-to="GlobalError"/>
        <cc:local-out id="GlobalError" endpoint="vm://wcc/PutIntegrationMessage"><cc:set name="is.message.severity" value="'CRITICAL'"/><cc:set name="is.message.summary" value="'A Critical error has occurred: '"/><cc:set name="is.message.detail" value="context.getErrorMessage()"/></cc:local-out>
        <cc:local-out id="CallProcessWorkersSub" store-message="none" endpoint="vm://INT1018_Bogart_Employee_Indicative_Data_Outbound/ProcessWorkersSub"/>
        <cc:aggregator id="AggregatorOutput" routes-to="ProcessOutputFile" collate-when="parts[0].xpathB('WORKER/Employee_ID') == true  &amp;&amp; props['error.exists'] == false" force-batch-on-last-message="true" force-batch-when="util.isLastMessageInBatch()">
            <cc:size-batch-strategy batch-size="-1"/>
            <cc:xml-message-content-collater>
        <cc:header-text>&lt;wd:Workers xmlns:wd=&quot;urn:com.workday/bsvc&quot;></cc:header-text>
        <cc:footer-text>&lt;/wd:Workers></cc:footer-text>
      </cc:xml-message-content-collater>
        </cc:aggregator>
        <cc:splitter id="Splitter" no-split-message-error="true">
            <cc:sub-route name="SubRoute" routes-to="CallProcessWorkersSub"/>
            <cc:xml-stream-splitter xpath="Workers/wd:Worker"/>
        </cc:splitter>
        <cc:local-out id="Output_FileError" endpoint="vm://wcc/PutIntegrationMessage"><cc:set name="is.message.severity" value="'ERROR'"/><cc:set name="is.message.summary" value="'Error Creating Output File'"/><cc:set name="is.message.detail" value="context.errorMessage"/></cc:local-out>
        <cc:local-in id="ProcessWorkersSub" routes-to="ProcessWorkers"/>
        <cc:local-in id="FetchAllWorkers" routes-to="PrepGetWorkers"/>
        <cc:local-out id="CallCreateFullFile" store-message="none" routes-response-to="SendCompeltedStatus" endpoint="vm://INT1018_Bogart_Employee_Indicative_Data_Outbound/FetchAllWorkers"/>
        <cc:async-mediation id="SetupData" routes-to="RoutebyFileType" continue-after-error="rewind" handle-downstream-errors="false">
            <cc:steps>
                <cc:eval id="InitializeProps"><cc:expression>props['output.filename.sequencer'] = lp.getSequencedValue('INT1018-SequenceGenerator')</cc:expression><cc:expression>props['term.reason.deceased'] = intsys.getAttributeReferenceData('Deceased', 'Termination_Subcategory_ID')</cc:expression><cc:expression>props['term.reason.retired'] = intsys.getAttributeReferenceDataList('Retired', 'Termination_Subcategory_ID');  props['retired.term.types.string']  = util.listToCommaDelimString(props['term.reason.retired'])</cc:expression><cc:expression>props['workers'] =  lp.getReferenceDataList('Workers', 'WID')</cc:expression><cc:expression>props['date.format'] = '[Y0001]-[M01]-[D01]'</cc:expression><cc:expression>props['as.of.datetime']= lp.getSimpleData('As of DateTime');  props['last.run.datetime']= lp.getSimpleData('Last Run DateTime'); </cc:expression><cc:expression>props['as.of.date'] = props['as.of.datetime'].toString().substring(0, 10);  if(props['last.run.datetime'] != null) {props['last.run.date'] = props['last.run.datetime'].toString().substring(0, 10)}</cc:expression><cc:expression>props['int.name'] = intsys.getName()</cc:expression><cc:expression>props['close.aggregator'] = false</cc:expression><cc:expression>props['full.file'] =  lp.getSimpleData('Full File')</cc:expression><cc:expression>props['process.terms'] = intsys.getAttribute('Include Terminated Workers For Full File')</cc:expression><cc:expression>props['counter'] = 0 </cc:expression><cc:expression>props['suspended.leave.types'] = intsys.getAttributeReferenceDataList('Suspended Leave Types', 'Leave_of_Absence_Type_ID');  props['suspended.leave.types.string']  = util.listToCommaDelimString(props['suspended.leave.types'])</cc:expression><cc:expression>props['company.org.type'] = intsys.getAttributeReferenceData('Company Organization Type', 'Organization_Type_ID')</cc:expression><cc:expression>props['home.address.type'] = intsys.getAttributeReferenceData('Home Address Type', 'Communication_Usage_Type_ID')</cc:expression><cc:expression>props['work.address.type'] = intsys.getAttributeReferenceData('Work Address Type', 'Communication_Usage_Type_ID')</cc:expression><cc:expression>props['mailing.address.type'] = intsys.getAttributeReferenceData('Mailing Address Type', 'WID')</cc:expression><cc:expression>props['retention.policy'] = 'P' # intsys.getAttribute('Document Retention Policy In Days') # 'D' </cc:expression></cc:eval>
            </cc:steps>
            <cc:send-error id="SendError" routes-to="Log_InitializeError"/>
        </cc:async-mediation>
        <cc:route id="RoutebyFileType">
            <cc:mvel-strategy>
                <cc:choose-route expression="props['full.file'] == true" route="FullFile"/>
                <cc:choose-route expression="true" route="Changes"/>
            </cc:mvel-strategy>
            <cc:sub-route name="FullFile" routes-to="CallCreateFullFile"/>
            <cc:sub-route name="Changes" routes-to="CallCreateChangesFile"/>
        </cc:route>
        <cc:local-out id="CallCreateChangesFile" store-message="none" routes-response-to="SendCompeltedStatus" endpoint="vm://INT1018_Bogart_Employee_Indicative_Data_Outbound/FetchWorkersWithTransactions"/>
        <cc:local-out id="SignalCompletion" endpoint="vm://wcc/PutIntegrationEvent"><cc:set name="is.event.completed" value="'current'"/></cc:local-out>
        <cc:local-out id="SendCompeltedStatus" routes-response-to="SignalCompletion" endpoint="vm://wcc/PutIntegrationMessage"><cc:set name="is.message.severity" value="'INFO'"/><cc:set name="is.message.summary" value="'Integration Completed ' +  props['counter'] + ' records were processed.'"/></cc:local-out>
        <cc:local-in id="FetchWorkersWithTransactions" routes-to="GenerateTransactionRequest"/>
        <cc:async-mediation id="GenerateTransactionRequest" routes-to="RetrieveEmployeesWithTrans">
            <cc:steps>
                <cc:eval id="SetParams"><cc:expression>props['end.time.minus.day']  = parts[0].xpath(&quot;xs:dateTime('&quot;+props['as.of.datetime']+&quot;')- xs:dayTimeDuration(\'P1D\')&quot;)</cc:expression><cc:expression>props['start.time.minus.day'] = parts[0].xpath(&quot;xs:dateTime('&quot;+props['last.run.datetime']+&quot;')- xs:dayTimeDuration(\'P1D\')&quot;)</cc:expression></cc:eval>
                <cc:write id="Write">
                    <cc:message>
                        <cc:text>&lt;?xml version=&quot;1.0&quot; encoding=&quot;UTF-8&quot;?>&#xD;
&lt;env:Envelope xmlns:env=&quot;http://schemas.xmlsoap.org/soap/envelope/&quot;>&#xD;
    &lt;env:Body>&#xD;
        &lt;wd:Get_Workers_Request&#xD;
            xmlns:wd=&quot;urn:com.workday/bsvc&quot;&#xD;
            wd:version=&quot;v22.0&quot;>           &#xD;
			@if{props['workers'].size() > 0}&#xD;
             &lt;wd:Request_References wd:Skip_Non_Existing_Instances=&quot;true&quot;>&#xD;
	               &#xD;
                    @foreach{props['workers']}&#xD;
                    &lt;wd:Worker_Reference>&#xD;
                    &lt;wd:ID wd:type=&quot;WID&quot;>@{item}&lt;/wd:ID>&#xD;
                    &lt;/wd:Worker_Reference>&#xD;
                    @end{}&#xD;
                &#xD;
            &lt;/wd:Request_References>&#xD;
			@end{}&#xD;
          		  &lt;wd:Request_Criteria>&#xD;
            			&lt;wd:Transaction_Log_Criteria_Data  xmlns:wd=&quot;urn:com.workday/bsvc&quot;>&#xD;
    					&lt;wd:Transaction_Date_Range_Data>&#xD;
      				  &lt;wd:Updated_From>@{props['last.run.datetime']}&lt;/wd:Updated_From>&#xD;
       				 &lt;wd:Updated_Through>@{props['as.of.datetime']}&lt;/wd:Updated_Through>&#xD;
        			&lt;wd:Effective_From>1970-01-01T00:00:00.000&lt;/wd:Effective_From>&#xD;
      				  &lt;wd:Effective_Through>@{props['as.of.date']}T00:00:00.000&lt;/wd:Effective_Through>&#xD;
 				   &lt;/wd:Transaction_Date_Range_Data>&#xD;
    						&lt;wd:Subscriber_Reference>&#xD;
     							   &lt;wd:ID wd:type=&quot;Integration_System_ID&quot;>@{props['int.name']}&lt;/wd:ID>&#xD;
 						   &lt;/wd:Subscriber_Reference>&#xD;
				&lt;/wd:Transaction_Log_Criteria_Data>&#xD;
				&lt;wd:Transaction_Log_Criteria_Data>&#xD;
 						   &lt;wd:Transaction_Date_Range_Data>&#xD;
  							      &lt;wd:Updated_From>1970-01-01T00:00:00.000&lt;/wd:Updated_From>&#xD;
     							   &lt;wd:Updated_Through>@{props['as.of.datetime']}&lt;/wd:Updated_Through>&#xD;
      								  &lt;wd:Effective_From>@{props['last.run.date']}T00:00:00.000&lt;/wd:Effective_From>&#xD;
     							   &lt;wd:Effective_Through>@{props['as.of.date']}T00:00:00.000&lt;/wd:Effective_Through>&#xD;
  							  &lt;/wd:Transaction_Date_Range_Data>&#xD;
								    &lt;wd:Subscriber_Reference>&#xD;
							         &lt;wd:ID wd:type=&quot;Integration_System_ID&quot;>@{props['int.name']}&lt;/wd:ID>&#xD;
 								   &lt;/wd:Subscriber_Reference>&#xD;
				&lt;/wd:Transaction_Log_Criteria_Data>&#xD;
          		&lt;wd:Transaction_Log_Criteria_Data>&#xD;
    					&lt;wd:Transaction_Date_Range_Data>&#xD;
      							  &lt;wd:Effective_From>@{props['start.time.minus.day']}&lt;/wd:Effective_From>&#xD;
     							   &lt;wd:Effective_Through>@{props['end.time.minus.day']}&lt;/wd:Effective_Through>&#xD;
   						 &lt;/wd:Transaction_Date_Range_Data>&#xD;
    					&lt;wd:Transaction_Type_References>&#xD;
       							 &lt;wd:Transaction_Type_Reference>&#xD;
            								&lt;wd:ID wd:type=&quot;Business_Process_Type&quot;>Terminate Employee&lt;/wd:ID>&#xD;
      							  &lt;/wd:Transaction_Type_Reference>&#xD;
    					&lt;/wd:Transaction_Type_References> &#xD;
						&lt;/wd:Transaction_Log_Criteria_Data>&#xD;
                &lt;wd:Include_Subordinate_Organizations>false&lt;/wd:Include_Subordinate_Organizations>&#xD;
              @if{props['process.all.terms']== true}&#xD;
                &lt;wd:Exclude_Inactive_Workers>false&lt;/wd:Exclude_Inactive_Workers>&#xD;
                @end{}&#xD;
                &#xD;
                &lt;wd:Exclude_Employees>false&lt;/wd:Exclude_Employees>&#xD;
                &lt;wd:Exclude_Contingent_Workers>true&lt;/wd:Exclude_Contingent_Workers>&#xD;
           &#xD;
            &lt;/wd:Request_Criteria>&#xD;
            &lt;wd:Response_Filter>&#xD;
                &lt;wd:As_Of_Effective_Date>@{props['as.of.date']}&lt;/wd:As_Of_Effective_Date>&#xD;
                &lt;wd:As_Of_Entry_DateTime>@{props['as.of.datetime']}&lt;/wd:As_Of_Entry_DateTime>&#xD;
                &lt;wd:Page>1&lt;/wd:Page>&#xD;
                &lt;wd:Count>999&lt;/wd:Count>&#xD;
&#xD;
            &lt;/wd:Response_Filter>&#xD;
                   &lt;wd:Response_Group>&#xD;
                &lt;wd:Include_Reference>true&lt;/wd:Include_Reference>&#xD;
                &lt;wd:Include_Personal_Information>true&lt;/wd:Include_Personal_Information>&#xD;
                &lt;wd:Include_Employment_Information>true&lt;/wd:Include_Employment_Information>&#xD;
                &lt;wd:Include_Compensation>false&lt;/wd:Include_Compensation>&#xD;
                &lt;wd:Include_Organizations>true&lt;/wd:Include_Organizations>&#xD;
                &lt;wd:Exclude_Organization_Support_Role_Data>false&lt;/wd:Exclude_Organization_Support_Role_Data>&#xD;
                &lt;wd:Exclude_Location_Hierarchies>false&lt;/wd:Exclude_Location_Hierarchies>&#xD;
                &lt;wd:Exclude_Cost_Centers>false&lt;/wd:Exclude_Cost_Centers>&#xD;
                &lt;wd:Exclude_Cost_Center_Hierarchies>false&lt;/wd:Exclude_Cost_Center_Hierarchies>&#xD;
                &lt;wd:Exclude_Companies>false&lt;/wd:Exclude_Companies>&#xD;
                &lt;wd:Exclude_Company_Hierarchies>false&lt;/wd:Exclude_Company_Hierarchies>&#xD;
                &lt;wd:Exclude_Matrix_Organizations>true&lt;/wd:Exclude_Matrix_Organizations>&#xD;
                &lt;wd:Exclude_Pay_Groups>false&lt;/wd:Exclude_Pay_Groups>&#xD;
                &lt;wd:Exclude_Regions>true&lt;/wd:Exclude_Regions>&#xD;
                &lt;wd:Exclude_Region_Hierarchies>true&lt;/wd:Exclude_Region_Hierarchies>&#xD;
                &lt;wd:Exclude_Supervisory_Organizations>false&lt;/wd:Exclude_Supervisory_Organizations>&#xD;
                &lt;wd:Exclude_Teams>true&lt;/wd:Exclude_Teams>&#xD;
                &lt;wd:Exclude_Custom_Organizations>true&lt;/wd:Exclude_Custom_Organizations>&#xD;
                &lt;wd:Include_Roles>false&lt;/wd:Include_Roles>&#xD;
                &lt;wd:Include_Management_Chain_Data>false&lt;/wd:Include_Management_Chain_Data>&#xD;
                &lt;wd:Include_Benefit_Enrollments>false&lt;/wd:Include_Benefit_Enrollments>&#xD;
                &lt;wd:Include_Benefit_Eligibility>false&lt;/wd:Include_Benefit_Eligibility>&#xD;
                &lt;wd:Include_Related_Persons>false&lt;/wd:Include_Related_Persons>&#xD;
                &lt;wd:Include_Qualifications>false&lt;/wd:Include_Qualifications>&#xD;
                &lt;wd:Include_Employee_Review>false&lt;/wd:Include_Employee_Review>&#xD;
                &lt;wd:Include_Goals>false&lt;/wd:Include_Goals>&#xD;
                &lt;wd:Include_Development_Items>false&lt;/wd:Include_Development_Items>&#xD;
                &lt;wd:Include_Photo>false&lt;/wd:Include_Photo>&#xD;
                &lt;wd:Include_Worker_Documents>false&lt;/wd:Include_Worker_Documents>&#xD;
                &lt;wd:Include_Transaction_Log_Data>false&lt;/wd:Include_Transaction_Log_Data>&#xD;
                &lt;wd:Include_Succession_Profile>false&lt;/wd:Include_Succession_Profile>&#xD;
                &lt;wd:Include_Talent_Assessment>false&lt;/wd:Include_Talent_Assessment>&#xD;
                &lt;wd:Include_Employee_Contract_Data>false&lt;/wd:Include_Employee_Contract_Data>&#xD;
                &lt;wd:Include_Feedback_Received>false&lt;/wd:Include_Feedback_Received>&#xD;
                &lt;wd:Include_User_Account>true&lt;/wd:Include_User_Account>&#xD;
                &lt;wd:Include_Career>false&lt;/wd:Include_Career>&#xD;
                &lt;wd:Include_Account_Provisioning>false&lt;/wd:Include_Account_Provisioning>&#xD;
            &lt;/wd:Response_Group>&#xD;
        &lt;/wd:Get_Workers_Request>&#xD;
    &lt;/env:Body>&#xD;
&lt;/env:Envelope></cc:text>
                    </cc:message>
                </cc:write>
            </cc:steps>
            <cc:send-error id="SendError" routes-to="Log_GetEmpChangesError"/>
        </cc:async-mediation>
        <cc:local-out id="Log_GetEmpChangesError" endpoint="vm://wcc/PutIntegrationMessage"><cc:set name="is.message.severity" value="'INFO'"/><cc:set name="is.message.summary" value="'Error Retrieving Workers With Changes'"/><cc:set name="is.message.detail" value="context.errorMessage"/></cc:local-out>
        <cc:local-out id="RetrieveEmployeesWithTrans" routes-response-to="SplitEmployeesWithTrans" endpoint="vm://wcc/PagedGet">
            <cc:set name="is.paged.get.request.current.page.xpath" value="'/env:Envelope/env:Body/*/wd:Response_Filter/wd:Page'"/>
            <cc:set name="is.paged.get.response.current.page.xpath" value="'/env:Envelope/env:Body/*/wd:Response_Results/wd:Page'"/>
            <cc:set name="is.paged.get.response.total.pages.xpath" value="'/env:Envelope/env:Body/*/wd:Response_Results/wd:Total_Pages'"/>
            <cc:set name="is.paged.get.response.total.results.xpath" value="'/env:Envelope/env:Body/*/wd:Response_Results/wd:Total_Results'"/>
            <cc:set name="is.paged.get.application" value="'Human_Resources'"/>
            <cc:set name="is.paged.get.version" value="'v22.0'"/>
            <cc:set name="is.paged.get.page.zero" value="false"/>
            <cc:set name="is.paged.get.store.requests" value="true"/>
            <cc:set name="is.paged.get.aggregate.xpath" value="'/env:Envelope/env:Body/wd:Get_Workers_Response/wd:Response_Data/wd:Worker'"/>
            <cc:set name="is.paged.get.aggregate.header" value="'&lt;Workers>'"/>
            <cc:set name="is.paged.get.aggregate.footer" value="'&lt;/Workers>'"/>
            <cc:set name="is.paged.get.parallel" value="true"/>
        </cc:local-out>
        <cc:local-out id="CallProcessEmployeeChange" store-message="none" endpoint="vm://INT1018_Bogart_Employee_Indicative_Data_Outbound/ProcessWorkersSub"/>
        <cc:splitter id="SplitEmployeesWithTrans" no-split-message-error="true">
            <cc:sub-route name="RouteEmployee" routes-to="CallProcessEmployeeChange"/>
            <cc:xml-stream-splitter xpath="Workers/wd:Worker"/>
        </cc:splitter>
        <cc:local-out id="Log_InitializeError" endpoint="vm://wcc/PutIntegrationMessage"><cc:set name="is.message.severity" value="'ERROR'"/><cc:set name="is.message.summary" value="'Error initializing setup properties'"/><cc:set name="is.message.detail" value="context.errorMessage"/></cc:local-out>
</cc:assembly>

</beans>