<?xml version="1.0" encoding="UTF-8"?>
<wdnm:Diagram xmlns:wdnm="http://workday.com/studio/editors/notation">
  <element href="assembly.xml#WorkdayAssembly"/>
  <visualProperties>
    <element href="assembly.xml#LoadPropertiesIN"/>
  </visualProperties>
  <visualProperties>
    <element href="assembly.xml#AM-LoadAttributes"/>
  </visualProperties>
  <visualProperties>
    <element href="assembly.xml#AM-LoadLP-Customer"/>
  </visualProperties>
  <visualProperties>
    <element href="assembly.xml#AM-LoadLP-Supplier"/>
  </visualProperties>
  <visualProperties>
    <element href="assembly.xml#AM-LogProps"/>
  </visualProperties>
  <visualProperties x="699" y="244">
    <element href="assembly.xml#AM-LoadLP-BatchCustomer"/>
  </visualProperties>
  <visualProperties x="1269" y="215">
    <element href="assembly.xml#AM-InitGlobalParams"/>
  </visualProperties>
  <visualProperties x="763" y="238">
    <element href="assembly.xml#AM-LoadSuppPreprocess"/>
  </visualProperties>
  <decorations x="31" y="28" width="455" height="81" text="Load Properties Sub assembly will load the attributes from the intsys attribute map service and launch parameters"/>
  <connections type="routesTo" sourceAnchorX="0.8305084745762712" sourceAnchorY="1.0" targetAnchorX="0.19003115264797507" targetAnchorY="0.1595744680851064">
    <source href="assembly.xml#LoadPropertiesIN"/>
    <target href="assembly.xml#AM-LoadAttributes"/>
  </connections>
  <connections type="routesTo" sourceAnchorX="1.0" sourceAnchorY="0.26595744680851063" targetAnchorX="0.007633587786259542" targetAnchorY="0.648936170212766">
    <source href="assembly.xml#AM-LoadAttributes"/>
    <target href="assembly.xml#AM-LoadLP-Customer"/>
  </connections>
  <connections type="routesTo" sourceAnchorX="0.0" sourceAnchorY="0.14893617021276595" targetAnchorX="0.11612903225806452" targetAnchorY="0.48936170212765956">
    <source href="assembly.xml#AM-LoadLP-Customer"/>
    <target href="assembly.xml#AM-LoadLP-Supplier"/>
  </connections>
  <connections type="routesTo" sourceAnchorX="1.0" sourceAnchorY="0.8367346938775511" targetAnchorX="0.7559523809523809" targetAnchorY="0.7608695652173914">
    <source href="assembly.xml#AM-LoadLP-BatchCustomer"/>
    <target href="assembly.xml#AM-InitGlobalParams"/>
  </connections>
  <connections type="routesTo" sourceAnchorX="1.0" sourceAnchorY="1.0" targetAnchorX="0.5761589403973509" targetAnchorY="0.6938775510204082">
    <source href="assembly.xml#AM-InitGlobalParams"/>
    <target href="assembly.xml#AM-LogProps"/>
  </connections>
  <connections type="routesTo" sourceAnchorX="1.0" sourceAnchorY="0.3191489361702128" targetAnchorX="0.14960629921259844" targetAnchorY="0.7608695652173914">
    <source href="assembly.xml#AM-LoadLP-Supplier"/>
    <target href="assembly.xml#AM-LoadSuppPreprocess"/>
  </connections>
  <connections type="routesTo" sourceAnchorX="1.0" sourceAnchorY="0.30851063829787234" targetAnchorX="0.28205128205128205" targetAnchorY="0.8297872340425532">
    <source href="assembly.xml#AM-LoadSuppPreprocess"/>
    <target href="assembly.xml#AM-LoadLP-BatchCustomer"/>
  </connections>
  <swimlanes x="31" y="108" name="Load Properties" topBorderColor="4227072">
    <elements href="assembly.xml#LoadPropertiesIN"/>
    <elements href="assembly.xml#AM-LoadAttributes"/>
    <elements href="assembly.xml#AM-LoadLP-Customer"/>
    <elements href="assembly.xml#AM-LoadLP-Supplier"/>
    <elements href="assembly.xml#AM-LoadSuppPreprocess"/>
    <elements href="assembly.xml#AM-LoadLP-BatchCustomer"/>
    <elements href="assembly.xml#AM-InitGlobalParams"/>
    <elements href="assembly.xml#AM-LogProps"/>
  </swimlanes>
</wdnm:Diagram>
