<?xml version="1.0" encoding="UTF-8"?>
<beans
     xmlns="http://www.springframework.org/schema/beans"
     xmlns:beans="http://www.springframework.org/schema/beans"
     xmlns:atom="http://www.w3.org/2005/Atom"
     xmlns:cc="http://www.capeclear.com/assembly/10"
     xmlns:cloud="urn:com.workday/esb/cloud/10.0"
     xmlns:env="http://schemas.xmlsoap.org/soap/envelope/"
     xmlns:pi="urn:com.workday/picof"
     xmlns:wd="urn:com.workday/bsvc"
     xmlns:xsi="http://www.w3.org/2001/XMLSchema-instance">
 
	<cc:assembly id="WorkdayAssembly" version="2020.36">
        <cc:workday-in id="StartHere" routes-to="AsyncMediation">
            <cc:integration-system name="KS_CustomObjectDemo">
        <cloud:param name="WorkerName">
          <cloud:type>
            <cloud:simple-type>text</cloud:simple-type>
          </cloud:type>
        </cloud:param>
        <cloud:param name="Worker">
          <cloud:type>
            <cloud:class-report-field description="Worker" type="WID" singular="true">ec614fb7912d465cab2f18552f45ba96</cloud:class-report-field>
          </cloud:type>
          <cloud:default/>
        </cloud:param>
        <cloud:custom-object-service name="KS_CustomObjectDemo_COS">
          <cloud:custom-object-alias description="Worker Full Name" name="workerName">
            <cloud:custom-object-reference description="Worker Full Name" type="WID">d6c7cff50f4d014e88e99e324101f909</cloud:custom-object-reference>
          </cloud:custom-object-alias>
        </cloud:custom-object-service>
      </cc:integration-system>
        </cc:workday-in>
        <cc:workday-out-rest id="WorkdayOutRest" extra-path="@{intsys.customObjectService.getExtrapath('workerName')}?updateIfExists=true" method="POST"/>
        <cc:async-mediation id="AsyncMediation" routes-to="WorkdayOutRest" handle-downstream-errors="true">
            <cc:steps>
                <cc:eval id="Eval">
                    <cc:expression>props['workerId'] = lp.getReferenceData('Worker', 'WID')</cc:expression>
                    <cc:expression>props['workerName'] = lp.getSimpleData('WorkerName')</cc:expression>
                </cc:eval>
                <cc:write id="Write">
                    <cc:message>
                        <cc:text> {&quot;worker&quot;:{&quot;id&quot;:&quot;@{props['workerId']}&quot;},&quot;workerData&quot;:&quot;@{props['workerName']}&quot;}&#xD;
&#xD;
&#xD;
 </cc:text>
                    </cc:message>
                </cc:write>
            </cc:steps>
            <cc:send-error id="SendError" routes-to="PutIntegrationMessage"/>
        </cc:async-mediation>
        <cc:local-out id="PutIntegrationMessage" endpoint="vm://wcc/PutIntegrationMessage">
            <cc:set name="is.message.severity" value="'ERROR'"/>
            <cc:set name="is.message.summary" value="context.errorMessage"/>
            <cc:set name="is.message.storage.enabled" value="false"/>
        </cc:local-out>
	</cc:assembly>

</beans>