<?xml version='1.0' encoding='UTF-8'?>
<wd:Report_Data xmlns:wd="urn:com.workday/INT0057A_US_SM_Pay_Frequency">
	<wd:Report_Entry>
		<wd:Employee_ID>0165440</wd:Employee_ID>
		<wd:Pay_Group wd:Descriptor="US Semi-Monthly">
			<wd:ID wd:type="WID">945c55a3fe2f01d5cd806f87ae200525</wd:ID>
			<wd:ID wd:type="Organization_Reference_ID">USSM</wd:ID>
		</wd:Pay_Group>
		<wd:Hire_Date>2012-11-01-07:00</wd:Hire_Date>
		<wd:Country>USA</wd:Country>
		<wd:Inputs>1</wd:Inputs>
		<wd:Terminated>0</wd:Terminated>
	</wd:Report_Entry>
	<wd:Report_Entry>
		<wd:Employee_ID>0166814</wd:Employee_ID>
		<wd:Pay_Group wd:Descriptor="US Semi-Monthly">
			<wd:ID wd:type="WID">945c55a3fe2f01d5cd806f87ae200525</wd:ID>
			<wd:ID wd:type="Organization_Reference_ID">USSM</wd:ID>
		</wd:Pay_Group>
		<wd:Hire_Date>2013-06-03-07:00</wd:Hire_Date>
		<wd:Country>USA</wd:Country>
		<wd:Inputs>1</wd:Inputs>
		<wd:Terminated>0</wd:Terminated>
	</wd:Report_Entry>
	<wd:Report_Entry>
		<wd:Employee_ID>0182255</wd:Employee_ID>
		<wd:Pay_Group wd:Descriptor="US Semi-Monthly">
			<wd:ID wd:type="WID">945c55a3fe2f01d5cd806f87ae200525</wd:ID>
			<wd:ID wd:type="Organization_Reference_ID">USSM</wd:ID>
		</wd:Pay_Group>
		<wd:Hire_Date>2014-01-27-08:00</wd:Hire_Date>
		<wd:Country>USA</wd:Country>
		<wd:Inputs>1</wd:Inputs>
		<wd:Terminated>0</wd:Terminated>
	</wd:Report_Entry>
	<wd:Report_Entry>
		<wd:Employee_ID>0687993</wd:Employee_ID>
		<wd:Pay_Group wd:Descriptor="US Semi-Monthly">
			<wd:ID wd:type="WID">945c55a3fe2f01d5cd806f87ae200525</wd:ID>
			<wd:ID wd:type="Organization_Reference_ID">USSM</wd:ID>
		</wd:Pay_Group>
		<wd:Hire_Date>2015-07-06-07:00</wd:Hire_Date>
		<wd:Country>USA</wd:Country>
		<wd:Inputs>1</wd:Inputs>
		<wd:Terminated>0</wd:Terminated>
	</wd:Report_Entry>
</wd:Report_Data>