<?xml version="1.0" encoding="UTF-8"?>
<wdnm:Diagram xmlns:wdnm="http://workday.com/studio/editors/notation">
  <element href="assembly.xml#WorkdayAssembly"/>
  <visualProperties x="160" y="159">
    <element href="assembly.xml#Beginprocess"/>
  </visualProperties>
  <visualProperties x="276" y="171">
    <element href="assembly.xml#Call-Initialisation"/>
  </visualProperties>
  <visualProperties x="157" y="286">
    <element href="assembly.xml#Initialize"/>
  </visualProperties>
  <visualProperties x="217" y="295">
    <element href="assembly.xml#Init.Props"/>
  </visualProperties>
  <visualProperties x="319" y="471">
    <element href="assembly.xml#WriteErrorMessage"/>
  </visualProperties>
  <visualProperties x="488" y="199">
    <element href="assembly.xml#Call-Fileretrieval"/>
  </visualProperties>
  <visualProperties x="151" y="632">
    <element href="assembly.xml#RetrieveInputfile"/>
  </visualProperties>
  <visualProperties x="581" y="667">
    <element href="assembly.xml#Route"/>
  </visualProperties>
  <visualProperties x="692" y="644">
    <element href="assembly.xml#EmptyfileCheck"/>
  </visualProperties>
  <visualProperties x="934" y="833">
    <element href="assembly.xml#Writefileerror"/>
  </visualProperties>
  <visualProperties x="711" y="181">
    <element href="assembly.xml#Call-Processfile"/>
  </visualProperties>
  <visualProperties x="171" y="1004">
    <element href="assembly.xml#Processfile"/>
  </visualProperties>
  <visualProperties x="284" y="1008">
    <element href="assembly.xml#Convert2xmlandValidate"/>
  </visualProperties>
  <visualProperties x="658" y="693">
    <element href="assembly.xml#CopyfromfiletoMsg"/>
  </visualProperties>
  <visualProperties x="912" y="188">
    <element href="assembly.xml#Call-GetWorker"/>
  </visualProperties>
  <visualProperties x="509" y="1045">
    <element href="assembly.xml#SplitWorkerbyPI"/>
  </visualProperties>
  <visualProperties x="666" y="1020">
    <element href="assembly.xml#InitializeEmplidHashSetMap"/>
  </visualProperties>
  <visualProperties x="597" y="1167">
    <element href="assembly.xml#ProcessingfileError"/>
  </visualProperties>
  <visualProperties x="155" y="1309">
    <element href="assembly.xml#GetWorkers"/>
  </visualProperties>
  <visualProperties x="367" y="1360">
    <element href="assembly.xml#GetworkersRequest"/>
  </visualProperties>
  <visualProperties x="435" y="1497">
    <element href="assembly.xml#GetWorkersReqErrorhandling"/>
  </visualProperties>
  <visualProperties x="606" y="1403">
    <element href="assembly.xml#PagedGet"/>
  </visualProperties>
  <visualProperties x="772" y="1384">
    <element href="assembly.xml#GetWorkersTransform"/>
  </visualProperties>
  <visualProperties x="771" y="1371">
    <element href="assembly.xml#SplitGWResponse"/>
  </visualProperties>
  <visualProperties x="142" y="1698">
    <element href="assembly.xml#ErrorAuditfile"/>
  </visualProperties>
  <visualProperties x="184" y="1816">
    <element href="assembly.xml#Payroll-Input"/>
  </visualProperties>
  <visualProperties x="305" y="1807">
    <element href="assembly.xml#CreateImportPIRequest"/>
  </visualProperties>
  <visualProperties x="423" y="1942">
    <element href="assembly.xml#WSReqErrors"/>
  </visualProperties>
  <visualProperties x="628" y="1814">
    <element href="assembly.xml#CollectallPIs"/>
  </visualProperties>
  <visualProperties x="182" y="1726">
    <element href="assembly.xml#CleanInvalidEEids"/>
  </visualProperties>
  <visualProperties x="355" y="1717">
    <element href="assembly.xml#CreateCleanGetWorkersCall"/>
  </visualProperties>
  <visualProperties x="703" y="1354">
    <element href="assembly.xml#InvalidEmployeeHandler"/>
  </visualProperties>
  <visualProperties x="684" y="1480">
    <element href="assembly.xml#CallCleanInvalidEEIds"/>
  </visualProperties>
  <visualProperties x="616" y="1814">
    <element href="assembly.xml#SplitInvalidIDS"/>
  </visualProperties>
  <visualProperties x="772" y="1738">
    <element href="assembly.xml#DeleteInvalidIDs"/>
  </visualProperties>
  <visualProperties x="494" y="1924">
    <element href="assembly.xml#UnexpectedErrors"/>
  </visualProperties>
  <visualProperties x="1686" y="1424">
    <element href="assembly.xml#Call-LoadPayrollInput"/>
  </visualProperties>
  <visualProperties x="786" y="2177">
    <element href="assembly.xml#CloseAllWSAgg"/>
  </visualProperties>
  <visualProperties x="1318" y="2268">
    <element href="assembly.xml#CreateImportBatch"/>
  </visualProperties>
  <visualProperties x="1132" y="179">
    <element href="assembly.xml#Call-CloseWSAgg"/>
  </visualProperties>
  <visualProperties x="1358" y="2204">
    <element href="assembly.xml#ImportWSSplitter"/>
  </visualProperties>
  <visualProperties x="1549" y="2223">
    <element href="assembly.xml#Call-ImportPayrollInput-WS"/>
  </visualProperties>
  <visualProperties x="160" y="2670">
    <element href="assembly.xml#ImportPayroll-Input"/>
  </visualProperties>
  <visualProperties x="360" y="2692">
    <element href="assembly.xml#WrapWS0"/>
  </visualProperties>
  <visualProperties x="568" y="2692">
    <element href="assembly.xml#ValidationMode10"/>
  </visualProperties>
  <visualProperties x="758" y="2775">
    <element href="assembly.xml#ImportWS"/>
  </visualProperties>
  <visualProperties x="1014" y="2719">
    <element href="assembly.xml#RequestResponseWID"/>
  </visualProperties>
  <visualProperties x="1036" y="2829">
    <element href="assembly.xml#ImportWSCallErrors"/>
  </visualProperties>
  <visualProperties x="1154" y="2922">
    <element href="assembly.xml#StoreErrors"/>
  </visualProperties>
  <visualProperties x="1342" y="2721">
    <element href="assembly.xml#CloseImp.Resp.agg"/>
  </visualProperties>
  <visualProperties x="1333" y="2758">
    <element href="assembly.xml#ImportPayrollResponses"/>
  </visualProperties>
  <visualProperties x="1329" y="129">
    <element href="assembly.xml#Call-CloseResponsesAggregator"/>
  </visualProperties>
  <visualProperties x="1599" y="2723">
    <element href="assembly.xml#StoreImportProcDetails"/>
  </visualProperties>
  <visualProperties x="1915" y="2800">
    <element href="assembly.xml#ImportDetailsPosted"/>
  </visualProperties>
  <visualProperties x="742" y="3298">
    <element href="assembly.xml#ConsolidateErrors"/>
  </visualProperties>
  <visualProperties x="856" y="3051">
    <element href="assembly.xml#Closeerrorauditlog"/>
  </visualProperties>
  <visualProperties x="1712" y="183">
    <element href="assembly.xml#Call-Closeerrorlogaudit"/>
  </visualProperties>
  <visualProperties x="998" y="3027">
    <element href="assembly.xml#CompressandStore"/>
  </visualProperties>
  <visualProperties x="868" y="1364">
    <element href="assembly.xml#emptyCatch"/>
  </visualProperties>
  <visualProperties x="1018" y="1433">
    <element href="assembly.xml#UnexpectedError"/>
  </visualProperties>
  <visualProperties x="166" y="3630">
    <element href="assembly.xml#ImportReporting"/>
  </visualProperties>
  <visualProperties x="325" y="3631">
    <element href="assembly.xml#Call-Document-Retrieval"/>
  </visualProperties>
  <visualProperties x="143" y="3766">
    <element href="assembly.xml#RetrieveDocument"/>
  </visualProperties>
  <visualProperties x="616" y="3781">
    <element href="assembly.xml#CopyImportDetailsMsg"/>
  </visualProperties>
  <visualProperties x="596" y="3840">
    <element href="assembly.xml#GetImportWIDsDoc"/>
  </visualProperties>
  <visualProperties x="790" y="3904">
    <element href="assembly.xml#File.Route"/>
  </visualProperties>
  <visualProperties x="1118" y="3983">
    <element href="assembly.xml#CopyErrlogToVar"/>
  </visualProperties>
  <visualProperties x="374" y="3847">
    <element href="assembly.xml#Event.WID"/>
  </visualProperties>
  <visualProperties x="422" y="4008">
    <element href="assembly.xml#CallAuditErrorGetDocs"/>
  </visualProperties>
  <visualProperties x="1315" y="4031">
    <element href="assembly.xml#CallAuditErrorCopyImportDetailsMsg"/>
  </visualProperties>
  <visualProperties x="1667" y="3995">
    <element href="assembly.xml#SplitByBatch"/>
  </visualProperties>
  <visualProperties x="1838" y="4003">
    <element href="assembly.xml#PrepareImportMsgWS"/>
  </visualProperties>
  <visualProperties x="2040" y="3948">
    <element href="assembly.xml#GetImportProcMsgs"/>
  </visualProperties>
  <visualProperties x="171" y="4329">
    <element href="assembly.xml#ProcessImportMsgs"/>
  </visualProperties>
  <visualProperties x="186" y="4457">
    <element href="assembly.xml#//@beans/@mixed.1/@mixed.149"/>
  </visualProperties>
  <visualProperties x="284" y="4475">
    <element href="assembly.xml#Note-Error"/>
  </visualProperties>
  <visualProperties x="531" y="4489">
    <element href="assembly.xml#AuditError"/>
  </visualProperties>
  <visualProperties x="701" y="4491">
    <element href="assembly.xml#RetrieveAttrError"/>
  </visualProperties>
  <visualProperties x="450" y="4381">
    <element href="assembly.xml#NoErrorsInBatchMsg"/>
  </visualProperties>
  <visualProperties x="442" y="4475">
    <element href="assembly.xml#UnexpectedSplitterError"/>
  </visualProperties>
  <visualProperties x="687" y="4476">
    <element href="assembly.xml#UnWrapSOAP"/>
  </visualProperties>
  <visualProperties x="866" y="4348">
    <element href="assembly.xml#ProcessErrors"/>
  </visualProperties>
  <visualProperties x="1389" y="4368">
    <element href="assembly.xml#CloseErrorResponsesAgg"/>
  </visualProperties>
  <visualProperties x="1309" y="4421">
    <element href="assembly.xml#Consolidate.GetImp.process.Errors"/>
  </visualProperties>
  <visualProperties x="1543" y="4366">
    <element href="assembly.xml#CopyErrostoVar"/>
  </visualProperties>
  <visualProperties x="623" y="3733">
    <element href="assembly.xml#close.imp.responses.agg"/>
  </visualProperties>
  <visualProperties x="677" y="3938">
    <element href="assembly.xml#GetEventDocuments0"/>
  </visualProperties>
  <visualProperties x="1729" y="3211">
    <element href="assembly.xml#Inputfileerrorsposted"/>
  </visualProperties>
  <visualProperties x="-391" y="4584">
    <element href="assembly.xml#Begin"/>
  </visualProperties>
  <visualProperties x="-275" y="4588">
    <element href="assembly.xml#FinalAudit"/>
  </visualProperties>
  <visualProperties x="53" y="3631">
    <element href="assembly.xml#Call-FinalAudit"/>
  </visualProperties>
  <visualProperties x="573" y="3643">
    <element href="assembly.xml#Call-Close.agg.Final.Audit"/>
  </visualProperties>
  <visualProperties x="-328" y="4665">
    <element href="assembly.xml#PutFinalAudit"/>
  </visualProperties>
  <visualProperties x="-180" y="4772">
    <element href="assembly.xml#WriteAuditError"/>
  </visualProperties>
  <visualProperties x="-409" y="4520">
    <element href="assembly.xml#MergePIandErr"/>
  </visualProperties>
  <visualProperties x="-84" y="4628">
    <element href="assembly.xml#PIInput"/>
  </visualProperties>
  <visualProperties x="-23" y="4723">
    <element href="assembly.xml#Errors"/>
  </visualProperties>
  <visualProperties x="93" y="4748">
    <element href="assembly.xml#MergePIandErrors"/>
  </visualProperties>
  <visualProperties x="222" y="4625">
    <element href="assembly.xml#Close.agg.Final.Audit"/>
  </visualProperties>
  <visualProperties x="1510" y="1471">
    <element href="assembly.xml#ValidateActiveTerm"/>
  </visualProperties>
  <visualProperties>
    <element href="assembly.xml#WriteTermsAudit"/>
  </visualProperties>
  <visualProperties x="1161" y="1580">
    <element href="assembly.xml#WriteGetworkerstranformerr"/>
  </visualProperties>
  <visualProperties x="277" y="943">
    <element href="assembly.xml#Blankfileerror"/>
  </visualProperties>
  <visualProperties x="690" y="1538">
    <element href="assembly.xml#Call-TermsAudit"/>
  </visualProperties>
  <visualProperties x="658" y="2093">
    <element href="assembly.xml#Call-InvalidEEAudit"/>
  </visualProperties>
  <visualProperties x="423" y="1289">
    <element href="assembly.xml#Call-FileerrorAudit"/>
  </visualProperties>
  <visualProperties x="397" y="1530">
    <element href="assembly.xml#TransformFileErrors"/>
  </visualProperties>
  <visualProperties x="426" y="3065">
    <element href="assembly.xml#CatchError"/>
  </visualProperties>
  <visualProperties x="664" y="2616">
    <element href="assembly.xml#WriteSplitError"/>
  </visualProperties>
  <connections type="routesTo">
    <source href="assembly.xml#//@beans/@mixed.1/@mixed.7/@mixed.3"/>
    <target href="assembly.xml#WriteErrorMessage"/>
  </connections>
  <connections type="routesTo">
    <source href="assembly.xml#Initialize"/>
    <target href="assembly.xml#Init.Props"/>
  </connections>
  <connections type="routesTo" sourceAnchorX="0.3244444444444444" sourceAnchorY="1.0" targetAnchorX="0.4875" targetAnchorY="0.3783783783783784">
    <source href="assembly.xml#//@beans/@mixed.1/@mixed.17/@mixed.3"/>
    <target href="assembly.xml#Writefileerror"/>
  </connections>
  <connections type="routesTo" sourceAnchorX="0.5862068965517241" sourceAnchorY="1.0" targetAnchorX="0.0449438202247191" targetAnchorY="0.09183673469387756">
    <source href="assembly.xml#Processfile"/>
    <target href="assembly.xml#Convert2xmlandValidate"/>
  </connections>
  <connections type="routesResponseTo" sourceAnchorX="0.7914438502673797" sourceAnchorY="1.0" targetAnchorX="0.03296703296703297" targetAnchorY="0.2702702702702703">
    <source href="assembly.xml#Call-Fileretrieval"/>
    <target href="assembly.xml#Call-Processfile"/>
  </connections>
  <connections type="routesTo" sourceAnchorX="0.6302521008403361" sourceAnchorY="1.0" targetAnchorX="0.028089887640449437" targetAnchorY="0.6836734693877551">
    <source href="assembly.xml#//@beans/@mixed.1/@splitter.0/@subRoute.0"/>
    <target href="assembly.xml#InitializeEmplidHashSetMap"/>
  </connections>
  <connections type="routesTo" sourceAnchorX="0.8121546961325967" sourceAnchorY="1.0" targetAnchorX="0.5269709543568465" targetAnchorY="0.9459459459459459">
    <source href="assembly.xml#//@beans/@mixed.1/@mixed.25/@mixed.3"/>
    <target href="assembly.xml#ProcessingfileError"/>
  </connections>
  <connections type="routesTo" sourceAnchorX="1.0" sourceAnchorY="0.17829457364341086" targetAnchorX="0.5681818181818182" targetAnchorY="0.46551724137931033">
    <source href="assembly.xml#Convert2xmlandValidate"/>
    <target href="assembly.xml#SplitWorkerbyPI"/>
  </connections>
  <connections type="routesTo" sourceAnchorX="0.6608187134502924" sourceAnchorY="1.0" targetAnchorX="0.5896414342629482" targetAnchorY="0.08108108108108109">
    <source href="assembly.xml#//@beans/@mixed.1/@mixed.39/@mixed.3"/>
    <target href="assembly.xml#GetWorkersReqErrorhandling"/>
  </connections>
  <connections type="routesTo" sourceAnchorX="1.0" sourceAnchorY="0.5945945945945946" targetAnchorX="0.07865168539325842" targetAnchorY="0.3643410852713178">
    <source href="assembly.xml#GetWorkers"/>
    <target href="assembly.xml#GetworkersRequest"/>
  </connections>
  <connections type="routesTo" sourceAnchorX="0.4369747899159664" sourceAnchorY="1.0" targetAnchorX="0.02247191011235955" targetAnchorY="0.8061224489795918">
    <source href="assembly.xml#//@beans/@mixed.1/@splitter.1/@subRoute.0"/>
    <target href="assembly.xml#GetWorkersTransform"/>
  </connections>
  <connections type="routesResponseTo" sourceAnchorX="0.7391304347826086" sourceAnchorY="1.0" targetAnchorX="0.3710691823899371" targetAnchorY="0.05434782608695652">
    <source href="assembly.xml#PagedGet"/>
    <target href="assembly.xml#emptyCatch"/>
  </connections>
  <connections type="routesTo" sourceAnchorX="0.48125" sourceAnchorY="1.0" targetAnchorX="0.12359550561797752" targetAnchorY="0.13043478260869565">
    <source href="assembly.xml#Payroll-Input"/>
    <target href="assembly.xml#CreateImportPIRequest"/>
  </connections>
  <connections type="routesTo" sourceAnchorX="0.5622119815668203" sourceAnchorY="1.0" targetAnchorX="0.4860557768924303" targetAnchorY="0.08108108108108109">
    <source href="assembly.xml#//@beans/@mixed.1/@mixed.53/@mixed.3"/>
    <target href="assembly.xml#WSReqErrors"/>
  </connections>
  <connections type="routesTo" sourceAnchorX="0.8283582089552238" sourceAnchorY="1.0" targetAnchorX="0.10695187165775401" targetAnchorY="0.21621621621621623">
    <source href="assembly.xml#Beginprocess"/>
    <target href="assembly.xml#Call-Initialisation"/>
  </connections>
  <connections type="routesTo" sourceAnchorX="0.8267326732673267" sourceAnchorY="1.0" targetAnchorX="0.05" targetAnchorY="0.0945945945945946">
    <source href="assembly.xml#CleanInvalidEEids"/>
    <target href="assembly.xml#CreateCleanGetWorkersCall"/>
  </connections>
  <connections type="routesTo" sourceAnchorX="0.17679558011049723" sourceAnchorY="1.0" targetAnchorX="0.47639484978540775" targetAnchorY="0.24324324324324326">
    <source href="assembly.xml#//@beans/@mixed.1/@mixed.63/@mixed.3"/>
    <target href="assembly.xml#CallCleanInvalidEEIds"/>
  </connections>
  <connections type="routesTo" sourceAnchorX="1.0" sourceAnchorY="0.25203252032520324" targetAnchorX="0.028985507246376812" targetAnchorY="0.5675675675675675">
    <source href="assembly.xml#InvalidEmployeeHandler"/>
    <target href="assembly.xml#PagedGet"/>
  </connections>
  <connections type="routesTo" sourceAnchorX="1.0" sourceAnchorY="0.11627906976744186" targetAnchorX="0.03723404255319149" targetAnchorY="0.10569105691056911">
    <source href="assembly.xml#GetworkersRequest"/>
    <target href="assembly.xml#InvalidEmployeeHandler"/>
  </connections>
  <connections type="routesTo" sourceAnchorX="1.0" sourceAnchorY="0.5882352941176471" targetAnchorX="0.016042780748663103" targetAnchorY="0.7346938775510204">
    <source href="assembly.xml#//@beans/@mixed.1/@splitter.2/@subRoute.0"/>
    <target href="assembly.xml#DeleteInvalidIDs"/>
  </connections>
  <connections type="routesTo" sourceAnchorX="0.625" sourceAnchorY="1.0" targetAnchorX="0.7768924302788844" targetAnchorY="0.21621621621621623">
    <source href="assembly.xml#//@beans/@mixed.1/@mixed.61/@mixed.5"/>
    <target href="assembly.xml#UnexpectedErrors"/>
  </connections>
  <connections type="routesTo">
    <source href="assembly.xml#CreateCleanGetWorkersCall"/>
    <target href="assembly.xml#SplitInvalidIDS"/>
  </connections>
  <connections type="routesTo" sourceAnchorX="0.41208791208791207" sourceAnchorY="1.0" targetAnchorX="0.5472636815920398" targetAnchorY="0.08490566037735849">
    <source href="assembly.xml#CloseAllWSAgg"/>
    <target href="assembly.xml#CollectallPIs"/>
  </connections>
  <connections type="routesTo" sourceAnchorX="1.0" sourceAnchorY="0.11627906976744186" targetAnchorX="0.0945273631840796" targetAnchorY="0.27358490566037735">
    <source href="assembly.xml#CreateImportPIRequest"/>
    <target href="assembly.xml#CollectallPIs"/>
  </connections>
  <connections type="routesTo" sourceAnchorX="0.8980582524271845" sourceAnchorY="1.0" targetAnchorX="0.3225806451612903" targetAnchorY="0.10869565217391304">
    <source href="assembly.xml#ImportPayroll-Input"/>
    <target href="assembly.xml#WrapWS0"/>
  </connections>
  <connections type="routesTo" sourceAnchorX="1.0" sourceAnchorY="0.11627906976744186" targetAnchorX="0.15217391304347827" targetAnchorY="0.14285714285714285">
    <source href="assembly.xml#WrapWS0"/>
    <target href="assembly.xml#ValidationMode10"/>
  </connections>
  <connections type="routesTo" sourceAnchorX="1.0" sourceAnchorY="0.19387755102040816" targetAnchorX="0.12562814070351758" targetAnchorY="0.35135135135135137">
    <source href="assembly.xml#ValidationMode10"/>
    <target href="assembly.xml#ImportWS"/>
  </connections>
  <connections type="routesTo" sourceAnchorX="0.8571428571428571" sourceAnchorY="1.0" targetAnchorX="0.199203187250996" targetAnchorY="0.5675675675675675">
    <source href="assembly.xml#//@beans/@mixed.1/@mixed.87/@mixed.3"/>
    <target href="assembly.xml#ImportWSCallErrors"/>
    <bendpoints sourceX="218" sourceY="67" targetX="-286" targetY="-5"/>
  </connections>
  <connections type="routesTo" sourceAnchorX="0.5622489959839357" sourceAnchorY="1.0" targetAnchorX="0.5577689243027888" targetAnchorY="0.5945945945945946">
    <source href="assembly.xml#//@beans/@mixed.1/@mixed.93/@mixed.3"/>
    <target href="assembly.xml#ImportWSCallErrors"/>
  </connections>
  <connections type="routesResponseTo" sourceAnchorX="0.5617529880478087" sourceAnchorY="1.0" targetAnchorX="0.7752808988764045" targetAnchorY="0.22448979591836735">
    <source href="assembly.xml#ImportWSCallErrors"/>
    <target href="assembly.xml#StoreErrors"/>
  </connections>
  <connections type="routesResponseTo" sourceAnchorX="0.562962962962963" sourceAnchorY="1.0" targetAnchorX="0.0703125" targetAnchorY="0.10077519379844961">
    <source href="assembly.xml#ImportWS"/>
    <target href="assembly.xml#RequestResponseWID"/>
  </connections>
  <connections type="routesTo" sourceAnchorX="1.0" sourceAnchorY="0.29457364341085274" targetAnchorX="0.06467661691542288" targetAnchorY="0.1509433962264151">
    <source href="assembly.xml#RequestResponseWID"/>
    <target href="assembly.xml#ImportPayrollResponses"/>
  </connections>
  <connections type="routesTo" sourceAnchorX="0.5305164319248826" sourceAnchorY="1.0" targetAnchorX="0.5771144278606966" targetAnchorY="0.12264150943396226">
    <source href="assembly.xml#CloseImp.Resp.agg"/>
    <target href="assembly.xml#ImportPayrollResponses"/>
  </connections>
  <connections type="routesTo" sourceAnchorX="1.0" sourceAnchorY="0.18867924528301888" targetAnchorX="0.04424778761061947" targetAnchorY="0.4263565891472868">
    <source href="assembly.xml#ImportPayrollResponses"/>
    <target href="assembly.xml#StoreImportProcDetails"/>
  </connections>
  <connections type="routesTo" sourceAnchorX="1.0" sourceAnchorY="0.05426356589147287" targetAnchorX="0.027888446215139442" targetAnchorY="0.35135135135135137">
    <source href="assembly.xml#StoreImportProcDetails"/>
    <target href="assembly.xml#ImportDetailsPosted"/>
  </connections>
  <connections type="routesTo" sourceAnchorX="0.28431372549019607" sourceAnchorY="1.0" targetAnchorX="0.2885572139303483" targetAnchorY="0.0660377358490566">
    <source href="assembly.xml#Closeerrorauditlog"/>
    <target href="assembly.xml#ConsolidateErrors"/>
  </connections>
  <connections type="routesTo" sourceAnchorX="1.0" sourceAnchorY="0.2830188679245283" targetAnchorX="0.026595744680851064" targetAnchorY="0.6224489795918368">
    <source href="assembly.xml#ConsolidateErrors"/>
    <target href="assembly.xml#CompressandStore"/>
  </connections>
  <connections type="routesResponseTo" sourceAnchorX="0.6310160427807486" sourceAnchorY="1.0" targetAnchorX="0.06417112299465241" targetAnchorY="0.24324324324324326">
    <source href="assembly.xml#Call-Initialisation"/>
    <target href="assembly.xml#Call-Fileretrieval"/>
  </connections>
  <connections type="routesResponseTo" sourceAnchorX="0.7142857142857143" sourceAnchorY="1.0" targetAnchorX="0.06077348066298342" targetAnchorY="0.2972972972972973">
    <source href="assembly.xml#Call-Processfile"/>
    <target href="assembly.xml#Call-GetWorker"/>
  </connections>
  <connections type="routesResponseTo" sourceAnchorX="0.8755364806866953" sourceAnchorY="1.0" targetAnchorX="0.5362318840579711" targetAnchorY="0.7567567567567568">
    <source href="assembly.xml#CallCleanInvalidEEIds"/>
    <target href="assembly.xml#PagedGet"/>
    <bendpoints sourceX="149" sourceY="-62" targetX="1" targetY="152"/>
  </connections>
  <connections type="routesTo" sourceAnchorX="0.0" sourceAnchorY="0.18478260869565216" targetAnchorX="0.4171779141104294" targetAnchorY="0.09146341463414634">
    <source href="assembly.xml#emptyCatch"/>
    <target href="assembly.xml#SplitGWResponse"/>
  </connections>
  <connections type="routesTo" sourceAnchorX="0.47368421052631576" sourceAnchorY="1.0" targetAnchorX="0.352112676056338" targetAnchorY="0.4594594594594595">
    <source href="assembly.xml#//@beans/@mixed.1/@mixed.117/@mixed.3"/>
    <target href="assembly.xml#UnexpectedError"/>
  </connections>
  <connections type="routesTo" sourceAnchorX="1.0" sourceAnchorY="0.4411764705882353" targetAnchorX="0.025735294117647058" targetAnchorY="0.32432432432432434">
    <source href="assembly.xml#//@beans/@mixed.1/@splitter.3/@subRoute.0"/>
    <target href="assembly.xml#Call-ImportPayrollInput-WS"/>
  </connections>
  <connections type="routesTo" sourceAnchorX="0.5804878048780487" sourceAnchorY="1.0" targetAnchorX="0.07086614173228346" targetAnchorY="0.3643410852713178">
    <source href="assembly.xml#RetrieveDocument"/>
    <target href="assembly.xml#Event.WID"/>
  </connections>
  <connections type="routesTo" sourceAnchorX="0.7416666666666667" sourceAnchorY="1.0" targetAnchorX="0.3907563025210084" targetAnchorY="0.2702702702702703">
    <source href="assembly.xml#//@beans/@mixed.1/@mixed.135/@mixed.3"/>
    <target href="assembly.xml#CallAuditErrorGetDocs"/>
  </connections>
  <connections type="routesTo" sourceAnchorX="0.5524861878453039" sourceAnchorY="1.0" targetAnchorX="0.2988505747126437" targetAnchorY="0.6216216216216216">
    <source href="assembly.xml#//@beans/@mixed.1/@mixed.127/@mixed.3"/>
    <target href="assembly.xml#CallAuditErrorCopyImportDetailsMsg"/>
  </connections>
  <connections type="routesTo" sourceAnchorX="0.6408839779005525" sourceAnchorY="1.0" targetAnchorX="0.867816091954023" targetAnchorY="0.8378378378378378">
    <source href="assembly.xml#//@beans/@mixed.1/@mixed.133/@mixed.3"/>
    <target href="assembly.xml#CallAuditErrorCopyImportDetailsMsg"/>
    <bendpoints sourceX="184" sourceY="-15" targetX="-1" targetY="144"/>
  </connections>
  <connections type="routesTo" sourceAnchorX="1.0" sourceAnchorY="0.2647058823529412" targetAnchorX="0.07339449541284404" targetAnchorY="0.391304347826087">
    <source href="assembly.xml#//@beans/@mixed.1/@splitter.4/@subRoute.0"/>
    <target href="assembly.xml#PrepareImportMsgWS"/>
  </connections>
  <connections type="routesTo" sourceAnchorX="1.0" sourceAnchorY="0.16279069767441862" targetAnchorX="0.020833333333333332" targetAnchorY="0.367816091954023">
    <source href="assembly.xml#CopyImportDetailsMsg"/>
    <target href="assembly.xml#SplitByBatch"/>
  </connections>
  <connections type="routesTo" sourceAnchorX="1.0" sourceAnchorY="0.20408163265306123" targetAnchorX="0.22972972972972974" targetAnchorY="0.3783783783783784">
    <source href="assembly.xml#PrepareImportMsgWS"/>
    <target href="assembly.xml#GetImportProcMsgs"/>
  </connections>
  <connections type="routesTo" sourceAnchorX="0.717741935483871" sourceAnchorY="1.0" targetAnchorX="0.109375" targetAnchorY="0.32432432432432434">
    <source href="assembly.xml#//@beans/@mixed.1/@mixed.149"/>
    <target href="assembly.xml#Note-Error"/>
  </connections>
  <connections type="routesTo" sourceAnchorX="0.6277372262773723" sourceAnchorY="1.0" targetAnchorX="0.234375" targetAnchorY="0.21621621621621623">
    <source href="assembly.xml#AuditError"/>
    <target href="assembly.xml#RetrieveAttrError"/>
  </connections>
  <connections type="routesTo" sourceAnchorX="0.569060773480663" sourceAnchorY="1.0" targetAnchorX="0.5416666666666666" targetAnchorY="0.6756756756756757">
    <source href="assembly.xml#//@beans/@mixed.1/@mixed.157/@mixed.3"/>
    <target href="assembly.xml#UnexpectedSplitterError"/>
  </connections>
  <connections type="routesTo" sourceAnchorX="0.5093457943925234" sourceAnchorY="1.0" targetAnchorX="0.02127659574468085" targetAnchorY="0.2032520325203252">
    <source href="assembly.xml#ProcessImportMsgs"/>
    <target href="assembly.xml#NoErrorsInBatchMsg"/>
  </connections>
  <connections type="routesTo" sourceAnchorX="1.0" sourceAnchorY="0.07317073170731707" targetAnchorX="0.14012738853503184" targetAnchorY="0.09195402298850575">
    <source href="assembly.xml#NoErrorsInBatchMsg"/>
    <target href="assembly.xml#UnWrapSOAP"/>
  </connections>
  <connections type="routesTo" sourceAnchorX="0.6527777777777778" sourceAnchorY="1.0" targetAnchorX="0.08571428571428572" targetAnchorY="0.7448979591836735">
    <source href="assembly.xml#//@beans/@mixed.1/@splitter.5/@subRoute.0"/>
    <target href="assembly.xml#ProcessErrors"/>
  </connections>
  <connections type="routesTo" sourceAnchorX="0.3371212121212121" sourceAnchorY="1.0" targetAnchorX="0.44776119402985076" targetAnchorY="0.24528301886792453">
    <source href="assembly.xml#CloseErrorResponsesAgg"/>
    <target href="assembly.xml#Consolidate.GetImp.process.Errors"/>
  </connections>
  <connections type="routesTo" sourceAnchorX="0.0" sourceAnchorY="0.11627906976744186" targetAnchorX="0.05472636815920398" targetAnchorY="0.03773584905660377">
    <source href="assembly.xml#CopyErrlogToVar"/>
    <target href="assembly.xml#Consolidate.GetImp.process.Errors"/>
    <bendpoints sourceX="-135" sourceY="102" targetX="-38" targetY="-235"/>
    <bendpoints sourceX="-69" sourceY="340" targetX="-35" targetY="3"/>
  </connections>
  <connections type="routesTo" sourceAnchorX="1.0" sourceAnchorY="0.2857142857142857" targetAnchorX="0.15422885572139303" targetAnchorY="0.09433962264150944">
    <source href="assembly.xml#ProcessErrors"/>
    <target href="assembly.xml#Consolidate.GetImp.process.Errors"/>
  </connections>
  <connections type="routesTo" sourceAnchorX="0.8260869565217391" sourceAnchorY="1.0" targetAnchorX="0.06349206349206349" targetAnchorY="0.5135135135135135">
    <source href="assembly.xml#ImportReporting"/>
    <target href="assembly.xml#Call-Document-Retrieval"/>
  </connections>
  <connections type="routesTo" sourceAnchorX="1.0" sourceAnchorY="0.21705426356589147" targetAnchorX="0.05172413793103448" targetAnchorY="0.4594594594594595">
    <source href="assembly.xml#Event.WID"/>
    <target href="assembly.xml#GetEventDocuments0"/>
  </connections>
  <connections type="routesResponseTo" sourceAnchorX="0.8577586206896551" sourceAnchorY="1.0" targetAnchorX="0.16666666666666666" targetAnchorY="0.05747126436781609">
    <source href="assembly.xml#GetEventDocuments0"/>
    <target href="assembly.xml#GetImportWIDsDoc"/>
  </connections>
  <connections type="routesTo" sourceAnchorX="1.0" sourceAnchorY="0.4411764705882353" targetAnchorX="0.12162162162162163" targetAnchorY="0.3">
    <source href="assembly.xml#//@beans/@mixed.1/@route.1/@subRoute.0"/>
    <target href="assembly.xml#File.Route"/>
  </connections>
  <connections type="routesTo" sourceAnchorX="1.0" sourceAnchorY="0.29411764705882354" targetAnchorX="0.07207207207207207" targetAnchorY="0.5271317829457365">
    <source href="assembly.xml#//@beans/@mixed.1/@route.2/@subRoute.1"/>
    <target href="assembly.xml#CopyImportDetailsMsg"/>
  </connections>
  <connections type="routesTo" sourceAnchorX="1.0" sourceAnchorY="0.058823529411764705" targetAnchorX="0.1797752808988764" targetAnchorY="0.06976744186046512">
    <source href="assembly.xml#//@beans/@mixed.1/@route.2/@subRoute.0"/>
    <target href="assembly.xml#CopyErrlogToVar"/>
  </connections>
  <connections type="routesTo" sourceAnchorX="1.0" sourceAnchorY="0.25510204081632654" targetAnchorX="0.10756972111553785" targetAnchorY="0.40540540540540543">
    <source href="assembly.xml#CompressandStore"/>
    <target href="assembly.xml#Inputfileerrorsposted"/>
  </connections>
  <connections type="routesResponseTo" sourceAnchorX="0.7420634920634921" sourceAnchorY="1.0" targetAnchorX="0.12156862745098039" targetAnchorY="0.2972972972972973">
    <source href="assembly.xml#Call-Document-Retrieval"/>
    <target href="assembly.xml#close.imp.responses.agg"/>
  </connections>
  <connections type="routesResponseTo" sourceAnchorX="0.5931372549019608" sourceAnchorY="1.0" targetAnchorX="0.038461538461538464" targetAnchorY="0.40540540540540543">
    <source href="assembly.xml#Call-FinalAudit"/>
    <target href="assembly.xml#Call-Close.agg.Final.Audit"/>
  </connections>
  <connections type="routesTo" sourceAnchorX="1.0" sourceAnchorY="0.1509433962264151" targetAnchorX="0.06153846153846154" targetAnchorY="0.46938775510204084">
    <source href="assembly.xml#Consolidate.GetImp.process.Errors"/>
    <target href="assembly.xml#CopyErrostoVar"/>
  </connections>
  <connections type="routesTo" sourceAnchorX="0.26171875" sourceAnchorY="1.0" targetAnchorX="0.7374301675977654" targetAnchorY="0.24324324324324326">
    <source href="assembly.xml#//@beans/@mixed.1/@mixed.179/@mixed.3"/>
    <target href="assembly.xml#WriteAuditError"/>
  </connections>
  <connections type="routesTo" sourceAnchorX="0.6893203883495146" sourceAnchorY="1.0" targetAnchorX="0.3409090909090909" targetAnchorY="0.08530805687203792">
    <source href="assembly.xml#Begin"/>
    <target href="assembly.xml#MergePIandErr"/>
  </connections>
  <connections type="routesTo" sourceAnchorX="1.0" sourceAnchorY="0.19387755102040816" targetAnchorX="0.01990049751243781" targetAnchorY="0.4716981132075472">
    <source href="assembly.xml#PIInput"/>
    <target href="assembly.xml#MergePIandErrors"/>
  </connections>
  <connections type="routesTo" sourceAnchorX="1.0" sourceAnchorY="0.20408163265306123" targetAnchorX="0.03482587064676617" targetAnchorY="0.7075471698113207">
    <source href="assembly.xml#Errors"/>
    <target href="assembly.xml#MergePIandErrors"/>
  </connections>
  <connections type="routesTo" sourceAnchorX="0.6622516556291391" sourceAnchorY="1.0" targetAnchorX="0.5024875621890548" targetAnchorY="0.1792452830188679">
    <source href="assembly.xml#Close.agg.Final.Audit"/>
    <target href="assembly.xml#MergePIandErrors"/>
  </connections>
  <connections type="routesTo" sourceAnchorX="1.0" sourceAnchorY="0.25471698113207547" targetAnchorX="0.011235955056179775" targetAnchorY="0.49612403100775193">
    <source href="assembly.xml#MergePIandErrors"/>
    <target href="assembly.xml#FinalAudit"/>
  </connections>
  <connections type="routesResponseTo" sourceAnchorX="0.7058823529411765" sourceAnchorY="1.0" targetAnchorX="0.09248554913294797" targetAnchorY="0.35135135135135137">
    <source href="assembly.xml#close.imp.responses.agg"/>
    <target href="assembly.xml#Call-FinalAudit"/>
  </connections>
  <connections type="routesTo" sourceAnchorX="1.0" sourceAnchorY="0.24031007751937986" targetAnchorX="0.09202453987730061" targetAnchorY="0.35135135135135137">
    <source href="assembly.xml#FinalAudit"/>
    <target href="assembly.xml#PutFinalAudit"/>
  </connections>
  <connections type="routesTo" sourceAnchorX="0.6866666666666666" sourceAnchorY="1.0" targetAnchorX="0.24742268041237114" targetAnchorY="0.5612244897959183">
    <source href="assembly.xml#//@beans/@mixed.1/@route.3/@subRoute.0"/>
    <target href="assembly.xml#PIInput"/>
  </connections>
  <connections type="routesTo" sourceAnchorX="0.7066666666666667" sourceAnchorY="1.0" targetAnchorX="0.23076923076923078" targetAnchorY="0.5510204081632653">
    <source href="assembly.xml#//@beans/@mixed.1/@route.3/@subRoute.1"/>
    <target href="assembly.xml#Errors"/>
  </connections>
  <connections type="routesTo" sourceAnchorX="1.0" sourceAnchorY="0.16326530612244897" targetAnchorX="0.05699481865284974" targetAnchorY="0.2857142857142857">
    <source href="assembly.xml#GetWorkersTransform"/>
    <target href="assembly.xml#ValidateActiveTerm"/>
  </connections>
  <connections type="routesTo" sourceAnchorY="1.0" targetAnchorX="0.373015873015873" targetAnchorY="0.01020408163265306">
    <source href="assembly.xml#//@beans/@mixed.1/@mixed.199/@mixed.3"/>
    <target href="assembly.xml#WriteTermsAudit"/>
  </connections>
  <connections type="routesTo" sourceAnchorX="1.0" sourceAnchorY="0.12403100775193798" targetAnchorX="0.05263157894736842" targetAnchorY="0.43243243243243246">
    <source href="assembly.xml#ValidateActiveTerm"/>
    <target href="assembly.xml#Call-LoadPayrollInput"/>
  </connections>
  <connections type="routesTo" sourceAnchorX="0.5955056179775281" sourceAnchorY="1.0" targetAnchorX="0.5698924731182796" targetAnchorY="0.4864864864864865">
    <source href="assembly.xml#//@beans/@mixed.1/@mixed.45/@mixed.3"/>
    <target href="assembly.xml#WriteGetworkerstranformerr"/>
  </connections>
  <connections type="routesTo" sourceAnchorX="0.8333333333333334" sourceAnchorY="1.0" targetAnchorX="0.07661290322580645" targetAnchorY="0.20930232558139536">
    <source href="assembly.xml#RetrieveInputfile"/>
    <target href="assembly.xml#EmptyfileCheck"/>
  </connections>
  <connections type="routesTo" sourceAnchorX="1.0" sourceAnchorY="0.07751937984496124" targetAnchorX="0.3106060606060606" targetAnchorY="0.11494252873563218">
    <source href="assembly.xml#EmptyfileCheck"/>
    <target href="assembly.xml#Route"/>
  </connections>
  <connections type="routesTo" sourceAnchorX="1.0" sourceAnchorY="0.47058823529411764" targetAnchorX="0.13953488372093023" targetAnchorY="0.3979591836734694">
    <source href="assembly.xml#//@beans/@mixed.1/@route.0/@subRoute.0"/>
    <target href="assembly.xml#CopyfromfiletoMsg"/>
  </connections>
  <connections type="routesTo" sourceAnchorX="0.48132780082987553" sourceAnchorY="1.0" targetAnchorX="0.47717842323651455" targetAnchorY="0.4864864864864865">
    <source href="assembly.xml#//@beans/@mixed.1/@mixed.27/@mixed.3"/>
    <target href="assembly.xml#Blankfileerror"/>
  </connections>
  <connections type="routesTo" sourceAnchorX="0.525" sourceAnchorY="1.0" targetAnchorX="0.0" targetAnchorY="0.19811320754716982">
    <source href="assembly.xml#ErrorAuditfile"/>
    <target href="assembly.xml#ConsolidateErrors"/>
  </connections>
  <connections type="routesTo" sourceAnchorX="1.0" sourceAnchorY="0.39622641509433965" targetAnchorX="0.15789473684210525" targetAnchorY="0.6020408163265306">
    <source href="assembly.xml#CollectallPIs"/>
    <target href="assembly.xml#CreateImportBatch"/>
  </connections>
  <connections type="routesTo" sourceAnchorX="0.4897959183673469" sourceAnchorY="1.0" targetAnchorY="0.918918918918919">
    <source href="assembly.xml#WriteTermsAudit"/>
    <target href="assembly.xml#Call-TermsAudit"/>
  </connections>
  <connections type="routesTo" sourceAnchorX="1.0" sourceAnchorY="0.2653061224489796" targetAnchorX="0.19138755980861244" targetAnchorY="0.16216216216216217">
    <source href="assembly.xml#DeleteInvalidIDs"/>
    <target href="assembly.xml#Call-InvalidEEAudit"/>
  </connections>
  <connections type="routesTo">
    <source href="assembly.xml#TransformFileErrors"/>
    <target href="assembly.xml#Call-FileerrorAudit"/>
  </connections>
  <connections type="routesTo" sourceAnchorX="0.35546875" sourceAnchorY="1.0" targetAnchorX="0.4577114427860697" targetAnchorY="0.5306122448979592">
    <source href="assembly.xml#//@beans/@mixed.1/@mixed.33/@mixed.3"/>
    <target href="assembly.xml#TransformFileErrors"/>
  </connections>
  <connections type="routesResponseTo" sourceAnchorX="0.7458563535911602" sourceAnchorY="1.0" targetAnchorX="0.22406639004149378" targetAnchorY="0.24324324324324326">
    <source href="assembly.xml#Call-GetWorker"/>
    <target href="assembly.xml#Call-Closeerrorlogaudit"/>
  </connections>
  <connections type="routesResponseTo" sourceAnchorX="0.8713692946058091" sourceAnchorY="1.0" targetAnchorX="0.215" targetAnchorY="0.1891891891891892">
    <source href="assembly.xml#Call-Closeerrorlogaudit"/>
    <target href="assembly.xml#Call-CloseWSAgg"/>
  </connections>
  <connections type="routesResponseTo" sourceAnchorX="0.755" sourceAnchorY="1.0" targetAnchorX="0.11635220125786164" targetAnchorY="0.2702702702702703">
    <source href="assembly.xml#Call-CloseWSAgg"/>
    <target href="assembly.xml#Call-CloseResponsesAggregator"/>
  </connections>
  <connections type="routesTo" sourceAnchorX="1.0" sourceAnchorY="0.07142857142857142" targetAnchorX="0.13178294573643412" targetAnchorY="0.25">
    <source href="assembly.xml#CreateImportBatch"/>
    <target href="assembly.xml#CatchError"/>
  </connections>
  <connections type="routesTo" sourceAnchorX="1.0" sourceAnchorY="0.18478260869565216" targetAnchorX="0.19886363636363635" targetAnchorY="0.15517241379310345">
    <source href="assembly.xml#CatchError"/>
    <target href="assembly.xml#ImportWSSplitter"/>
  </connections>
  <connections type="routesTo" sourceAnchorX="0.23770491803278687" sourceAnchorY="1.0" targetAnchorX="0.16666666666666666" targetAnchorY="0.5675675675675675">
    <source href="assembly.xml#//@beans/@mixed.1/@mixed.215/@mixed.3"/>
    <target href="assembly.xml#WriteSplitError"/>
  </connections>
  <connections type="routesTo" sourceAnchorX="0.8409090909090909" sourceAnchorY="1.0" targetAnchorX="0.38323353293413176" targetAnchorY="0.35135135135135137">
    <source href="assembly.xml#//@beans/@mixed.1/@mixed.89/@mixed.3"/>
    <target href="assembly.xml#ImportWSCallErrors"/>
  </connections>
  <swimlanes x="114" y="89" bgColor="12569524" name="Process Flow">
    <elements href="assembly.xml#Beginprocess"/>
    <elements href="assembly.xml#Call-Initialisation"/>
    <elements href="assembly.xml#Call-Fileretrieval"/>
    <elements href="assembly.xml#Call-Processfile"/>
    <elements href="assembly.xml#Call-GetWorker"/>
    <elements href="assembly.xml#Call-Closeerrorlogaudit"/>
    <elements href="assembly.xml#Call-CloseWSAgg"/>
    <elements href="assembly.xml#Call-CloseResponsesAggregator"/>
  </swimlanes>
  <swimlanes x="119" y="250" bgColor="12503478" name="Initialization">
    <elements href="assembly.xml#Initialize"/>
    <elements href="#//@swimlanes.2"/>
  </swimlanes>
  <swimlanes x="452" y="362" orientation="VERTICAL">
    <elements href="assembly.xml#Init.Props"/>
    <elements href="assembly.xml#WriteErrorMessage"/>
  </swimlanes>
  <swimlanes x="119" y="605" bgColor="12569269" name="File Retrieval">
    <elements href="assembly.xml#RetrieveInputfile"/>
    <elements href="#//@swimlanes.4"/>
    <elements href="assembly.xml#Route"/>
    <elements href="#//@swimlanes.37"/>
  </swimlanes>
  <swimlanes x="864" y="801" orientation="VERTICAL">
    <elements href="assembly.xml#EmptyfileCheck"/>
    <elements href="assembly.xml#Writefileerror"/>
  </swimlanes>
  <swimlanes x="119" y="952" bgColor="12503988" name="Process Input file">
    <elements href="assembly.xml#Processfile"/>
    <elements href="#//@swimlanes.6"/>
    <elements href="assembly.xml#SplitWorkerbyPI"/>
    <elements href="#//@swimlanes.38"/>
  </swimlanes>
  <swimlanes x="522" y="1089" orientation="VERTICAL">
    <elements href="assembly.xml#Convert2xmlandValidate"/>
    <elements href="assembly.xml#ProcessingfileError"/>
  </swimlanes>
  <swimlanes x="119" y="1305" bgColor="12372916" lineStyle="DASHDOT" name="Get Workers Call">
    <elements href="assembly.xml#GetWorkers"/>
    <elements href="#//@swimlanes.8"/>
    <elements href="#//@swimlanes.15"/>
    <elements href="assembly.xml#PagedGet"/>
    <elements href="#//@swimlanes.22"/>
    <elements href="assembly.xml#SplitGWResponse"/>
    <elements href="#//@swimlanes.36"/>
    <elements href="#//@swimlanes.35"/>
    <elements href="assembly.xml#Call-LoadPayrollInput"/>
  </swimlanes>
  <swimlanes x="293" y="1334" orientation="VERTICAL">
    <elements href="assembly.xml#GetworkersRequest"/>
    <elements href="assembly.xml#GetWorkersReqErrorhandling"/>
  </swimlanes>
  <swimlanes x="125" y="2025" bgColor="13028785" name="Write Audit File">
    <elements href="assembly.xml#ErrorAuditfile"/>
    <elements href="#//@swimlanes.21"/>
    <elements href="assembly.xml#CompressandStore"/>
    <elements href="assembly.xml#Inputfileerrorsposted"/>
  </swimlanes>
  <swimlanes x="119" y="1677" bgColor="12963504" name="Load Payroll Input">
    <elements href="assembly.xml#Payroll-Input"/>
    <elements href="#//@swimlanes.11"/>
    <elements href="#//@swimlanes.13"/>
    <elements href="assembly.xml#CreateImportBatch"/>
    <elements href="#//@swimlanes.39"/>
    <elements href="assembly.xml#ImportWSSplitter"/>
    <elements href="assembly.xml#Call-ImportPayrollInput-WS"/>
  </swimlanes>
  <swimlanes x="550" y="1859" orientation="VERTICAL">
    <elements href="assembly.xml#CreateImportPIRequest"/>
    <elements href="assembly.xml#WSReqErrors"/>
  </swimlanes>
  <swimlanes x="-453" y="191" bgColor="14146269" name="INT0081 Welltok Payroll Input Master Program" orientation="VERTICAL" elements="//@swimlanes.0 //@swimlanes.1 //@swimlanes.3 //@swimlanes.5 //@swimlanes.7 //@swimlanes.14 //@swimlanes.10 //@swimlanes.17 //@swimlanes.9 //@swimlanes.23 //@swimlanes.24 //@swimlanes.27 //@swimlanes.31 //@swimlanes.28"/>
  <swimlanes x="830" y="1795" orientation="VERTICAL">
    <elements href="assembly.xml#CloseAllWSAgg"/>
    <elements href="assembly.xml#CollectallPIs"/>
  </swimlanes>
  <swimlanes x="129" y="1657" bgColor="12766641" name="Delete Invalid Employees ">
    <elements href="assembly.xml#CleanInvalidEEids"/>
    <elements href="#//@swimlanes.16"/>
    <elements href="assembly.xml#SplitInvalidIDS"/>
    <elements href="assembly.xml#DeleteInvalidIDs"/>
    <elements href="assembly.xml#Call-InvalidEEAudit"/>
  </swimlanes>
  <swimlanes x="627" y="1444" orientation="VERTICAL">
    <elements href="assembly.xml#InvalidEmployeeHandler"/>
    <elements href="assembly.xml#CallCleanInvalidEEIds"/>
  </swimlanes>
  <swimlanes x="615" y="1823" orientation="VERTICAL">
    <elements href="assembly.xml#CreateCleanGetWorkersCall"/>
    <elements href="assembly.xml#UnexpectedErrors"/>
  </swimlanes>
  <swimlanes x="1644" y="2261" bgColor="12766132" name="Import Payroll Input">
    <elements href="assembly.xml#ImportPayroll-Input"/>
    <elements href="assembly.xml#WrapWS0"/>
    <elements href="assembly.xml#ValidationMode10"/>
    <elements href="assembly.xml#ImportWS"/>
    <elements href="#//@swimlanes.18"/>
    <elements href="#//@swimlanes.19"/>
    <elements href="#//@swimlanes.20"/>
    <elements href="assembly.xml#ImportDetailsPosted"/>
  </swimlanes>
  <swimlanes x="926" y="2751" orientation="VERTICAL">
    <elements href="assembly.xml#RequestResponseWID"/>
    <elements href="assembly.xml#ImportWSCallErrors"/>
    <elements href="assembly.xml#StoreErrors"/>
  </swimlanes>
  <swimlanes x="1259" y="2850" name="Swimlane" orientation="VERTICAL">
    <elements href="assembly.xml#CloseImp.Resp.agg"/>
    <elements href="assembly.xml#ImportPayrollResponses"/>
  </swimlanes>
  <swimlanes x="1536" y="2830" name="Swimlane" orientation="VERTICAL">
    <elements href="assembly.xml#StoreImportProcDetails"/>
  </swimlanes>
  <swimlanes x="873" y="3276" orientation="VERTICAL">
    <elements href="assembly.xml#Closeerrorauditlog"/>
    <elements href="assembly.xml#ConsolidateErrors"/>
  </swimlanes>
  <swimlanes x="984" y="1277" orientation="VERTICAL">
    <elements href="assembly.xml#emptyCatch"/>
    <elements href="assembly.xml#UnexpectedError"/>
  </swimlanes>
  <swimlanes x="231" y="3575" bgColor="12503988" name="FinalAuditFile Process flow">
    <elements href="assembly.xml#ImportReporting"/>
    <elements href="assembly.xml#Call-Document-Retrieval"/>
    <elements href="assembly.xml#close.imp.responses.agg"/>
    <elements href="assembly.xml#Call-FinalAudit"/>
    <elements href="assembly.xml#Call-Close.agg.Final.Audit"/>
  </swimlanes>
  <swimlanes x="170" y="3711" bgColor="13094576" name="INT0081 Welltok wellness credit Payroll Input Audit ">
    <elements href="assembly.xml#RetrieveDocument"/>
    <elements href="#//@swimlanes.26"/>
    <elements href="assembly.xml#GetEventDocuments0"/>
    <elements href="assembly.xml#GetImportWIDsDoc"/>
    <elements href="assembly.xml#File.Route"/>
    <elements href="#//@swimlanes.25"/>
    <elements href="assembly.xml#SplitByBatch"/>
    <elements href="assembly.xml#PrepareImportMsgWS"/>
    <elements href="assembly.xml#GetImportProcMsgs"/>
  </swimlanes>
  <swimlanes x="1023" y="3974" orientation="VERTICAL">
    <elements href="assembly.xml#CopyImportDetailsMsg"/>
    <elements href="assembly.xml#CallAuditErrorCopyImportDetailsMsg"/>
    <elements href="assembly.xml#CopyErrlogToVar"/>
  </swimlanes>
  <swimlanes x="363" y="3911" orientation="VERTICAL">
    <elements href="assembly.xml#Event.WID"/>
    <elements href="assembly.xml#CallAuditErrorGetDocs"/>
  </swimlanes>
  <swimlanes x="144" y="4277" bgColor="12766132" name="Subprocess">
    <elements href="assembly.xml#ProcessImportMsgs"/>
    <elements href="#//@swimlanes.29"/>
    <elements href="assembly.xml#UnWrapSOAP"/>
    <elements href="assembly.xml#ProcessErrors"/>
    <elements href="#//@swimlanes.30"/>
    <elements href="assembly.xml#CopyErrostoVar"/>
  </swimlanes>
  <swimlanes x="168" y="4405" bgColor="12569014" name="Critical Error Handler" topBorderColor="255">
    <elements href="assembly.xml#//@beans/@mixed.1/@mixed.149"/>
    <elements href="assembly.xml#Note-Error"/>
    <elements href="assembly.xml#AuditError"/>
    <elements href="assembly.xml#RetrieveAttrError"/>
  </swimlanes>
  <swimlanes x="377" y="4372" orientation="VERTICAL">
    <elements href="assembly.xml#NoErrorsInBatchMsg"/>
    <elements href="assembly.xml#UnexpectedSplitterError"/>
  </swimlanes>
  <swimlanes x="1200" y="4443" orientation="VERTICAL">
    <elements href="assembly.xml#CloseErrorResponsesAgg"/>
    <elements href="assembly.xml#Consolidate.GetImp.process.Errors"/>
  </swimlanes>
  <swimlanes x="-419" y="4528" bgColor="12897968" name="WriteFinalAudit">
    <elements href="assembly.xml#Begin"/>
    <elements href="assembly.xml#MergePIandErr"/>
    <elements href="#//@swimlanes.33"/>
    <elements href="#//@swimlanes.34"/>
    <elements href="#//@swimlanes.32"/>
    <elements href="assembly.xml#PutFinalAudit"/>
  </swimlanes>
  <swimlanes x="-304" y="4672" orientation="VERTICAL">
    <elements href="assembly.xml#FinalAudit"/>
    <elements href="assembly.xml#WriteAuditError"/>
  </swimlanes>
  <swimlanes x="-148" y="4741" orientation="VERTICAL">
    <elements href="assembly.xml#PIInput"/>
    <elements href="assembly.xml#Errors"/>
  </swimlanes>
  <swimlanes x="109" y="4725" orientation="VERTICAL">
    <elements href="assembly.xml#Close.agg.Final.Audit"/>
    <elements href="assembly.xml#MergePIandErrors"/>
  </swimlanes>
  <swimlanes x="1503" y="1537" name="" orientation="VERTICAL">
    <elements href="assembly.xml#ValidateActiveTerm"/>
    <elements href="assembly.xml#WriteTermsAudit"/>
    <elements href="assembly.xml#Call-TermsAudit"/>
  </swimlanes>
  <swimlanes x="1076" y="1610" orientation="VERTICAL">
    <elements href="assembly.xml#GetWorkersTransform"/>
    <elements href="assembly.xml#WriteGetworkerstranformerr"/>
  </swimlanes>
  <swimlanes x="181" y="893" orientation="VERTICAL">
    <elements href="assembly.xml#CopyfromfiletoMsg"/>
    <elements href="assembly.xml#Blankfileerror"/>
  </swimlanes>
  <swimlanes x="588" y="1258" orientation="VERTICAL">
    <elements href="assembly.xml#InitializeEmplidHashSetMap"/>
    <elements href="assembly.xml#TransformFileErrors"/>
    <elements href="assembly.xml#Call-FileerrorAudit"/>
  </swimlanes>
  <swimlanes x="514" y="2656" orientation="VERTICAL">
    <elements href="assembly.xml#CatchError"/>
    <elements href="assembly.xml#WriteSplitError"/>
  </swimlanes>
</wdnm:Diagram>
