<?xml version="1.0" encoding="UTF-8"?>
<beans
     xmlns="http://www.springframework.org/schema/beans"
     xmlns:beans="http://www.springframework.org/schema/beans"
     xmlns:atom="http://www.w3.org/2005/Atom"
     xmlns:cc="http://www.capeclear.com/assembly/10"
     xmlns:cloud="urn:com.workday/esb/cloud/10.0"
     xmlns:env="http://schemas.xmlsoap.org/soap/envelope/"
     xmlns:pi="urn:com.workday/picof"
     xmlns:wd="urn:com.workday/bsvc"
     xmlns:xsi="http://www.w3.org/2001/XMLSchema-instance">
 
	<cc:assembly id="WorkdayAssembly" version="20">
        <cc:workday-in id="StartHere" routes-to="GetProperties">
            <cc:integration-system name="INT9051 Absence Management 360 HRIS Employee Outbound">
        <cloud:param name="As Of Date Time">
          <cloud:type>
            <cloud:simple-type>datetime</cloud:simple-type>
          </cloud:type>
          <cloud:default>
            <cloud:class-report-field description="Current Moment (DateTime)" type="WID">df4effe76deb4222a79001d6737cf91c</cloud:class-report-field>
          </cloud:default>
          <cloud:launch-option>required</cloud:launch-option>
          <cloud:launch-option>as-of-entry-datetime</cloud:launch-option>
        </cloud:param>
        <cloud:param name="Last Successful Runtime">
          <cloud:type>
            <cloud:simple-type>datetime</cloud:simple-type>
          </cloud:type>
          <cloud:default>
            <cloud:class-report-field description="As Of Entry DateTime of Last Completed Integration Event" type="WID">505b87f367e4447680293f806a11b15b</cloud:class-report-field>
          </cloud:default>
          <cloud:launch-option>required</cloud:launch-option>
        </cloud:param>
        <cloud:param name="Terminations As Of Date">
          <cloud:type>
            <cloud:simple-type>datetime</cloud:simple-type>
          </cloud:type>
          <cloud:default>
            <cloud:class-report-field description="Current Date Minus One Month" type="WID">95a96f6bfed5100013cf04c95e460014</cloud:class-report-field>
          </cloud:default>
        </cloud:param>
        <cloud:param name="Workers">
          <cloud:type>
            <cloud:class-report-field description="All Active and Terminated Workers" type="WID" singular="false">21f35a7672bc4fb19f3560983748d513</cloud:class-report-field>
          </cloud:type>
        </cloud:param>
        <cloud:param name="Pay Groups">
          <cloud:type>
            <cloud:class-report-field description="Pay Group" type="WID" singular="false">1ce04655bc6543da93f713b3d1107f0a</cloud:class-report-field>
          </cloud:type>
          <cloud:default>
            <cloud:reference description="Bi-Weekly (United States)" type="WID">cfeeb915b7df1079b2df6ce82fce807b</cloud:reference>
            <cloud:reference description="Semi-Monthly  (United States)" type="WID">cfeeb915b7df1079b2df703b0c1e807f</cloud:reference>
            <cloud:reference description="Weekly (United States)" type="WID">cfeeb915b7df1079b2df71fca9ae8083</cloud:reference>
          </cloud:default>
        </cloud:param>
        <cloud:attribute-map-service name="INT9051-RowTypes-Generic">
          <cloud:attribute name="EP">
            <cloud:type>
              <cloud:simple-type>boolean</cloud:simple-type>
            </cloud:type>
            <cloud:display-option>required-for-launch</cloud:display-option>
          </cloud:attribute>
          <cloud:attribute name="EA">
            <cloud:type>
              <cloud:simple-type>boolean</cloud:simple-type>
            </cloud:type>
            <cloud:display-option>required-for-launch</cloud:display-option>
          </cloud:attribute>
          <cloud:attribute name="EJ">
            <cloud:type>
              <cloud:simple-type>boolean</cloud:simple-type>
            </cloud:type>
            <cloud:display-option>required-for-launch</cloud:display-option>
          </cloud:attribute>
          <cloud:attribute name="EB">
            <cloud:type>
              <cloud:simple-type>boolean</cloud:simple-type>
            </cloud:type>
            <cloud:display-option>required-for-launch</cloud:display-option>
          </cloud:attribute>
          <cloud:attribute name="ET">
            <cloud:type>
              <cloud:simple-type>boolean</cloud:simple-type>
            </cloud:type>
            <cloud:display-option>required-for-launch</cloud:display-option>
          </cloud:attribute>
          <cloud:attribute name="ED">
            <cloud:type>
              <cloud:simple-type>boolean</cloud:simple-type>
            </cloud:type>
            <cloud:display-option>required-for-launch</cloud:display-option>
          </cloud:attribute>
          <cloud:attribute name="ES">
            <cloud:type>
              <cloud:simple-type>boolean</cloud:simple-type>
            </cloud:type>
            <cloud:display-option>required-for-launch</cloud:display-option>
          </cloud:attribute>
          <cloud:attribute name="EO">
            <cloud:type>
              <cloud:simple-type>boolean</cloud:simple-type>
            </cloud:type>
            <cloud:display-option>required-for-launch</cloud:display-option>
          </cloud:attribute>
          <cloud:attribute name="EM">
            <cloud:type>
              <cloud:simple-type>boolean</cloud:simple-type>
            </cloud:type>
            <cloud:display-option>required-for-launch</cloud:display-option>
          </cloud:attribute>
          <cloud:attribute name="ER">
            <cloud:type>
              <cloud:simple-type>boolean</cloud:simple-type>
            </cloud:type>
            <cloud:display-option>required-for-launch</cloud:display-option>
          </cloud:attribute>
          <cloud:attribute name="CD">
            <cloud:type>
              <cloud:simple-type>boolean</cloud:simple-type>
            </cloud:type>
            <cloud:display-option>required-for-launch</cloud:display-option>
          </cloud:attribute>
          <cloud:attribute name="Active Workers">
            <cloud:type>
              <cloud:simple-type>boolean</cloud:simple-type>
            </cloud:type>
            <cloud:display-option>required-for-launch</cloud:display-option>
          </cloud:attribute>
          <cloud:attribute name="Terminated Workers">
            <cloud:type>
              <cloud:simple-type>boolean</cloud:simple-type>
            </cloud:type>
            <cloud:display-option>required-for-launch</cloud:display-option>
          </cloud:attribute>
        </cloud:attribute-map-service>
        <cloud:attribute-map-service name="INT9051-EmployeeMapping-Generic">
          <cloud:map name="Gender">
            <cloud:internal-type>
              <cloud:class-report-field description="Gender" type="WID">91df2bf789d846cfbe203c82f855a708</cloud:class-report-field>
            </cloud:internal-type>
            <cloud:external-type>
              <cloud:simple-type>text</cloud:simple-type>
            </cloud:external-type>
          </cloud:map>
          <cloud:map name="Marital Status">
            <cloud:internal-type>
              <cloud:class-report-field description="Marital Status" type="WID">2614a1abc409459db5bb259a1597d0e1</cloud:class-report-field>
            </cloud:internal-type>
            <cloud:external-type>
              <cloud:simple-type>text</cloud:simple-type>
            </cloud:external-type>
          </cloud:map>
          <cloud:map name="Employee Type">
            <cloud:internal-type>
              <cloud:class-report-field description="Employee Type" type="WID">d41320b6a80f473a8639bc9072f5c9fd</cloud:class-report-field>
            </cloud:internal-type>
            <cloud:external-type>
              <cloud:simple-type>text</cloud:simple-type>
            </cloud:external-type>
          </cloud:map>
          <cloud:map name="Position Time Type">
            <cloud:internal-type>
              <cloud:class-report-field description="Position Time Type" type="WID">c9a3ecbeb8cb47089b541e1f4b81bbc5</cloud:class-report-field>
            </cloud:internal-type>
            <cloud:external-type>
              <cloud:simple-type>text</cloud:simple-type>
            </cloud:external-type>
          </cloud:map>
          <cloud:map name="Exempt Status">
            <cloud:internal-type>
              <cloud:simple-type>text</cloud:simple-type>
            </cloud:internal-type>
            <cloud:external-type>
              <cloud:simple-type>text</cloud:simple-type>
            </cloud:external-type>
          </cloud:map>
          <cloud:map name="Pay Rate Type">
            <cloud:internal-type>
              <cloud:class-report-field description="Pay Rate Type" type="WID">130c676780f54115b044beca29e9634d</cloud:class-report-field>
            </cloud:internal-type>
            <cloud:external-type>
              <cloud:simple-type>text</cloud:simple-type>
            </cloud:external-type>
          </cloud:map>
          <cloud:map name="Pay Frequency">
            <cloud:internal-type>
              <cloud:class-report-field description="Pay Frequency" type="WID">5189a453a75541969a155e2a09580503</cloud:class-report-field>
            </cloud:internal-type>
            <cloud:external-type>
              <cloud:simple-type>text</cloud:simple-type>
            </cloud:external-type>
          </cloud:map>
          <cloud:map name="Pay Group Frequency">
            <cloud:internal-type>
              <cloud:class-report-field description="Pay Group" type="WID">a5bb8fd0717149ed8657feced33127b0</cloud:class-report-field>
            </cloud:internal-type>
            <cloud:external-type>
              <cloud:simple-type>text</cloud:simple-type>
            </cloud:external-type>
          </cloud:map>
          <cloud:map name="Pay Group Frequency Number">
            <cloud:internal-type>
              <cloud:class-report-field description="Pay Group" type="WID">a5bb8fd0717149ed8657feced33127b0</cloud:class-report-field>
            </cloud:internal-type>
            <cloud:external-type>
              <cloud:simple-type>text</cloud:simple-type>
            </cloud:external-type>
          </cloud:map>
        </cloud:attribute-map-service>
        <cloud:attribute-map-service name="INT9051-FileAttributes-Generic">
          <cloud:attribute name="Client ID">
            <cloud:type>
              <cloud:simple-type>text</cloud:simple-type>
            </cloud:type>
            <cloud:display-option>required-for-launch</cloud:display-option>
          </cloud:attribute>
          <cloud:attribute name="Currency">
            <cloud:type>
              <cloud:simple-type>text</cloud:simple-type>
            </cloud:type>
            <cloud:display-option>required-for-launch</cloud:display-option>
          </cloud:attribute>
          <cloud:attribute name="Benefit Plan ID">
            <cloud:type>
              <cloud:simple-type>text</cloud:simple-type>
            </cloud:type>
          </cloud:attribute>
          <cloud:attribute name="Wage Rate">
            <cloud:type>
              <cloud:simple-type>text</cloud:simple-type>
            </cloud:type>
          </cloud:attribute>
        </cloud:attribute-map-service>
        <cloud:sequence-generator-service name="INT9051-Sequences">
          <cloud:sequencer>Employee File Name</cloud:sequencer>
        </cloud:sequence-generator-service>
        <cloud:delivery-service name="INT9051-Delivery"/>
        <cloud:service-reference name="INT9051-FieldOverrideService"/>
      </cc:integration-system>
        </cc:workday-in>
        <cc:async-mediation id="ExtractFields" routes-to="Call-AggregateRows" execute-steps-when="props['pay.group'].contains(props['ee.paygroup'])">
            <cc:steps>
                <cc:eval id="GetEmployeeID"><cc:expression>props['employee.id'] = parts[0].xpath('/wd:Worker/wd:Worker_Data/wd:Worker_ID')</cc:expression><cc:expression>props['response.employee.status'] = parts[0].xpath('/wd:Worker/wd:Worker_Data/wd:Employment_Data/wd:Worker_Status_Data/wd:Active')</cc:expression><cc:expression>props['skip.employee'] =  parts[0].xpath('/wd:Worker/wd:Worker_Data/wd:Integration_Field_Override_Data[wd:Field_Reference/wd:ID=&quot;Exclude Employee&quot;]/wd:Value') == 'Y'   || (props['response.employee.status'] == '1' &amp;&amp; props['employee.status'] == '0')</cc:expression><cc:expression>if( !props['skip.employee'] ){props['worker.count'] = props['worker.count'] + 1}</cc:expression><cc:expression>props['benefits.annual.rate'] = parts[0].xpath('/wd:Worker/wd:Worker_Data/wd:Integration_Field_Override_Data[wd:Field_Reference/wd:ID=&quot;Benefits Annual Rate&quot;]/wd:Value')</cc:expression></cc:eval>
                <cc:xslt id="ExtractFields" output-mimetype="text/xml" url="CreateRows.xsl"/>
                <cc:eval id="CountNodes"><cc:expression>if(!props['skip.employee']) { props['row.counter'] = props['row.counter'] + parts[0].xpath('count(/Worker/*)')}</cc:expression></cc:eval>
                <cc:xml-to-csv id="XmlToPipe" output-mimetype="text/csv" format="rfc4180" separator="|"/>
            </cc:steps>
            <cc:send-error id="Error" routes-to="ExtractFieldsErrorMessage"/>
        </cc:async-mediation>
        <cc:local-out id="Call-GetActiveEmployees" store-message="none" execute-when="props['ia.active']" routes-response-to="Call-GetTerminatedEmployees" endpoint="vm://INT9051-Absence-Management-360-HRIS-Employee-Outbound/GetActiveEmployees"/>
        <cc:local-in id="GetActiveEmployees" routes-to="BuildGetActiveEmployees"/>
        <cc:local-out id="GetActiveWorkersErrorMessage" endpoint="vm://wcc/PutIntegrationMessage">
            <cc:set name="is.message.severity" value="'ERROR'"/>
            <cc:set name="is.message.summary" value="&quot;An error occurred while calling Get_Workers: &quot; + context.getErrorMessage()"/>
            
        </cc:local-out>
        <cc:async-mediation id="BuildGetActiveEmployees" routes-to="Call-ProcessActiveEmployees" continue-after-error="rewind" handle-downstream-errors="true">
            <cc:steps>
                <cc:write id="BuildGetWorkersRequest">
                    <cc:message><cc:text>&lt;?xml version=&quot;1.0&quot; encoding=&quot;UTF-8&quot;?>&#xD;
&lt;env:Envelope xmlns:env=&quot;http://schemas.xmlsoap.org/soap/envelope/&quot;&#xD;
    xmlns:xsd=&quot;http://www.w3.org/2001/XMLSchema&quot;>&#xD;
    &lt;env:Body>&#xD;
        &lt;wd:Get_Workers_Request xmlns:wd=&quot;urn:com.workday/bsvc&quot; wd:version=&quot;v23.1&quot;>&#xD;
        @if{props['workers'].size() > 0}&#xD;
             &lt;wd:Request_References wd:Skip_Non_Existing_Instances=&quot;true&quot;>&#xD;
	               &#xD;
                    @foreach{props['workers']}&#xD;
                    &lt;wd:Worker_Reference>&#xD;
                    &lt;wd:ID wd:type=&quot;WID&quot;>@{item}&lt;/wd:ID>&#xD;
                    &lt;/wd:Worker_Reference>&#xD;
                    @end{}&#xD;
                &#xD;
            &lt;/wd:Request_References>&#xD;
			@end{}&#xD;
            &lt;wd:Request_Criteria>&#xD;
                &lt;wd:Field_And_Parameter_Criteria_Data>&#xD;
                    &lt;wd:Provider_Reference>&#xD;
                        &lt;wd:ID wd:type=&quot;Integration_System_ID&quot;>@{props['int.sys.name']}&lt;/wd:ID>&#xD;
                    &lt;/wd:Provider_Reference>&#xD;
                &lt;/wd:Field_And_Parameter_Criteria_Data>&#xD;
                &lt;wd:Exclude_Inactive_Workers>true&lt;/wd:Exclude_Inactive_Workers>&#xD;
                &lt;wd:Exclude_Contingent_Workers>true&lt;/wd:Exclude_Contingent_Workers>&#xD;
                &lt;wd:Exclude_Employees>false&lt;/wd:Exclude_Employees>&#xD;
                &#xD;
          @if{props['pay.group'].size() > 0}&#xD;
                @foreach{props['pay.group']} &#xD;
                &lt;wd:Organization_Reference>&#xD;
					&lt;wd:ID wd:type=&quot;WID&quot;>@{item}&lt;/wd:ID>&#xD;
				&lt;/wd:Organization_Reference>&#xD;
				@end{}&#xD;
		@end{}&#xD;
				&#xD;
            &lt;/wd:Request_Criteria>&#xD;
            &lt;wd:Response_Filter>&#xD;
                &lt;wd:As_Of_Effective_Date>@{props['as.of.date']}&lt;/wd:As_Of_Effective_Date>&#xD;
                &lt;wd:Page>1&lt;/wd:Page>&#xD;
                &lt;wd:Count>999&lt;/wd:Count>&#xD;
            &lt;/wd:Response_Filter>&#xD;
            &lt;wd:Response_Group>&#xD;
                &#xD;
                &lt;wd:Include_Reference>true&lt;/wd:Include_Reference>&#xD;
                &lt;wd:Include_Personal_Information>true&lt;/wd:Include_Personal_Information>&#xD;
                &lt;wd:Include_Employment_Information>true&lt;/wd:Include_Employment_Information>&#xD;
                &#xD;
                &lt;wd:Include_Compensation>true&lt;/wd:Include_Compensation>&#xD;
                &lt;wd:Include_Organizations>true&lt;/wd:Include_Organizations>&#xD;
                &lt;wd:Include_Roles>false&lt;/wd:Include_Roles>&#xD;
&#xD;
                &lt;wd:Exclude_Supervisory_Organizations>false&lt;/wd:Exclude_Supervisory_Organizations>&#xD;
               &lt;wd:Exclude_Organization_Support_Role_Data>true&lt;/wd:Exclude_Organization_Support_Role_Data>&#xD;
                &lt;wd:Exclude_Companies>false&lt;/wd:Exclude_Companies>&#xD;
                &lt;wd:Exclude_Pay_Groups>false&lt;/wd:Exclude_Pay_Groups>&#xD;
&#xD;
                &lt;wd:Exclude_Location_Hierarchies>true&lt;/wd:Exclude_Location_Hierarchies>&#xD;
                &lt;wd:Exclude_Cost_Centers>true&lt;/wd:Exclude_Cost_Centers>&#xD;
                &lt;wd:Exclude_Cost_Center_Hierarchies>true&lt;/wd:Exclude_Cost_Center_Hierarchies>&#xD;
                &lt;wd:Exclude_Company_Hierarchies>true&lt;/wd:Exclude_Company_Hierarchies>&#xD;
                &lt;wd:Exclude_Matrix_Organizations>true&lt;/wd:Exclude_Matrix_Organizations>&#xD;
                &lt;wd:Exclude_Regions>true&lt;/wd:Exclude_Regions>&#xD;
                &lt;wd:Exclude_Region_Hierarchies>true&lt;/wd:Exclude_Region_Hierarchies>&#xD;
                &lt;wd:Exclude_Teams>true&lt;/wd:Exclude_Teams>&#xD;
                &lt;wd:Exclude_Custom_Organizations>true&lt;/wd:Exclude_Custom_Organizations>&#xD;
                &lt;wd:Exclude_Funds>true&lt;/wd:Exclude_Funds>&#xD;
                &lt;wd:Exclude_Fund_Hierarchies>true&lt;/wd:Exclude_Fund_Hierarchies>&#xD;
                &lt;wd:Exclude_Grants>true&lt;/wd:Exclude_Grants>&#xD;
                &lt;wd:Exclude_Grant_Hierarchies>true&lt;/wd:Exclude_Grant_Hierarchies>&#xD;
                &lt;wd:Exclude_Business_Units>true&lt;/wd:Exclude_Business_Units>&#xD;
                &lt;wd:Exclude_Business_Unit_Hierarchies>true&lt;/wd:Exclude_Business_Unit_Hierarchies>&#xD;
                &lt;wd:Exclude_Programs>true&lt;/wd:Exclude_Programs>&#xD;
                &lt;wd:Exclude_Program_Hierarchies>true&lt;/wd:Exclude_Program_Hierarchies>&#xD;
                &lt;wd:Exclude_Gifts>true&lt;/wd:Exclude_Gifts>&#xD;
                &lt;wd:Exclude_Gift_Hierarchies>true&lt;/wd:Exclude_Gift_Hierarchies>&#xD;
                &#xD;
            &lt;/wd:Response_Group>&#xD;
        &lt;/wd:Get_Workers_Request>&#xD;
    &lt;/env:Body>&#xD;
&lt;/env:Envelope></cc:text></cc:message>
                </cc:write>
            </cc:steps>
            <cc:send-error id="Error" rethrow-error="false" routes-to="GetActiveWorkersErrorMessage"/>
        </cc:async-mediation>
        <cc:local-out id="Call-ProcessActiveEmployees" endpoint="vm://wcc/PagedGet"><cc:set name="is.paged.get.request.current.page.xpath" value="'/env:Envelope/env:Body/*/wd:Response_Filter/wd:Page'"/><cc:set name="is.paged.get.response.current.page.xpath" value="'/env:Envelope/env:Body/*/wd:Response_Results/wd:Page'"/><cc:set name="is.paged.get.response.total.pages.xpath" value="'/env:Envelope/env:Body/*/wd:Response_Results/wd:Total_Pages'"/><cc:set name="is.paged.get.response.total.results.xpath" value="'/env:Envelope/env:Body/*/wd:Response_Results/wd:Total_Results'"/><cc:set name="is.paged.get.application" value="'Human_Resources'"/><cc:set name="is.paged.get.version" value="'v20'"/><cc:set name="is.paged.get.page.zero" value="false"/><cc:set name="is.paged.get.store.requests" value="true"/><cc:set name="is.paged.get.process.endpoint" value="'vm://INT9051-Absence-Management-360-HRIS-Employee-Outbound/ProcessWorkers'"/><cc:set name="set.employee.status" value="props['employee.status'] = '1'"/></cc:local-out>
        <cc:local-in id="ProcessWorkers" routes-to="SplitByWorker"/>
        <cc:splitter id="SplitByWorker" no-split-message-error="false">
            <cc:sub-route name="SubRoute" routes-to="ValidateEEPayGroup"/>
            <cc:xml-stream-splitter xpath="/env:Envelope/env:Body/wd:Get_Workers_Response/wd:Response_Data/wd:Worker"/>
        </cc:splitter>
        <cc:async-mediation id="GetProperties" routes-to="Call-GetActiveEmployees">
            <cc:steps>
                <cc:eval id="GetProperties"><cc:expression>props['lp.as.of.date.time'] = lp.getSimpleData('As Of Date Time')</cc:expression><cc:expression>props['as.of.date'] = props['lp.as.of.date.time'].substring(0, 10)</cc:expression><cc:expression>props['client.id'] = intsys.getAttribute('Client ID')</cc:expression><cc:expression>props['EP'] = intsys.getAttributeAsBoolean('EP')</cc:expression><cc:expression>props['EA'] = intsys.getAttributeAsBoolean('EA')</cc:expression><cc:expression>props['EJ'] = intsys.getAttributeAsBoolean('EJ')</cc:expression><cc:expression>props['EB'] = intsys.getAttributeAsBoolean('EB')</cc:expression><cc:expression>props['ET'] = intsys.getAttributeAsBoolean('ET')</cc:expression><cc:expression>props['ED'] = intsys.getAttributeAsBoolean('ED')</cc:expression><cc:expression>props['ES'] = intsys.getAttributeAsBoolean('ES')</cc:expression><cc:expression>props['EO'] = intsys.getAttributeAsBoolean('EO')</cc:expression><cc:expression>props['EM'] = intsys.getAttributeAsBoolean('EM')</cc:expression><cc:expression>props['ER'] = intsys.getAttributeAsBoolean('ER')</cc:expression><cc:expression>props['CD'] = intsys.getAttributeAsBoolean ('CD')</cc:expression><cc:expression>props['currency'] = intsys.getAttribute('Currency')</cc:expression><cc:expression>props['force.batch'] = false</cc:expression><cc:expression>props['lp.last.successful.runtime'] =  lp.getSimpleData('Last Successful Runtime')</cc:expression><cc:expression>props['employee.file.name'] = lp.getSequencedValue('Employee File Name')</cc:expression><cc:expression>props['int.sys.name'] = intsys.getName()</cc:expression><cc:expression>props['row.counter'] = 0</cc:expression><cc:expression>props['employee.status'] = ''</cc:expression><cc:expression>props['ia.active'] = intsys.getAttributeAsBoolean('Active Workers')</cc:expression><cc:expression>props['ia.terminated'] = intsys.getAttributeAsBoolean('Terminated Workers')</cc:expression><cc:expression>props['lp.terms.as.of.date.time'] = lp.getSimpleData('Terminations As Of Date')</cc:expression><cc:expression>props['benefit.plan.id'] = intsys.getAttribute('Benefit Plan ID')</cc:expression><cc:expression>props['wage.rate'] = intsys.getAttribute('Wage Rate')</cc:expression><cc:expression>props['workers'] =  lp.getReferenceDataList('Workers', 'WID')</cc:expression><cc:expression>props['pay.group'] = lp.getReferenceDataList('Pay Groups', 'WID')</cc:expression></cc:eval>
            </cc:steps>
        </cc:async-mediation>
        <cc:aggregator id="Aggregator" routes-to="CombineRowsWithHeaderTrailer" collate-when="!props['force.batch'] &amp;&amp; !props['skip.employee']" force-batch-when="props['force.batch'] ">
            <cc:size-batch-strategy batch-size="-1"/>
            <cc:message-content-collater/>
        </cc:aggregator>
        <cc:local-out id="Call-AggregateRows" store-message="none" execute-when="props['pay.group'].contains(props['ee.paygroup'])" endpoint="vm://INT9051-Absence-Management-360-HRIS-Employee-Outbound/AggregateRows"/>
        <cc:local-out id="ExtractFieldsErrorMessage" endpoint="vm://wcc/PutIntegrationMessage"><cc:set name="is.message.severity" value="'ERROR'"/><cc:set name="is.message.summary" value="&quot;An error occurred while extracting fields for employee &quot; + props['employee.id'] + &quot;: &quot;+ context.getErrorMessage()"/></cc:local-out>
        <cc:local-out id="Call-GetTerminatedEmployees" store-message="none" execute-when="props['ia.terminated']" routes-response-to="Call-OutputFile" endpoint="vm://INT9051-Absence-Management-360-HRIS-Employee-Outbound/GetTerminatedEmployees"/>
        <cc:local-in id="GetTerminatedEmployees" routes-to="BuildGetTerminatedEmployees"/>
        <cc:async-mediation id="BuildGetTerminatedEmployees" routes-to="Call-ProcessTerminatedEmployees" continue-after-error="rewind" handle-downstream-errors="true">
            <cc:steps>
                <cc:write id="BuildGetWorkersRequest">
                    <cc:message><cc:text>&lt;?xml version=&quot;1.0&quot; encoding=&quot;UTF-8&quot;?>&#xD;
&lt;env:Envelope&#xD;
    xmlns:env=&quot;http://schemas.xmlsoap.org/soap/envelope/&quot;&#xD;
    xmlns:xsd=&quot;http://www.w3.org/2001/XMLSchema&quot;>&#xD;
    &lt;env:Body>&#xD;
        &lt;wd:Get_Workers_Request xmlns:wd=&quot;urn:com.workday/bsvc&quot; wd:version=&quot;v23.1&quot;>&#xD;
        @if{props['workers'].size() > 0}&#xD;
             &lt;wd:Request_References wd:Skip_Non_Existing_Instances=&quot;true&quot;>&#xD;
	               &#xD;
                    @foreach{props['workers']}&#xD;
                    &lt;wd:Worker_Reference>&#xD;
                    &lt;wd:ID wd:type=&quot;WID&quot;>@{item}&lt;/wd:ID>&#xD;
                    &lt;/wd:Worker_Reference>&#xD;
                    @end{}&#xD;
                &#xD;
            &lt;/wd:Request_References>&#xD;
			@end{}&#xD;
            &lt;wd:Request_Criteria>&#xD;
            	 &lt;wd:Field_And_Parameter_Criteria_Data>&#xD;
                    &lt;wd:Provider_Reference>&#xD;
                        &lt;wd:ID wd:type=&quot;Integration_System_ID&quot;>@{props['int.sys.name']}&lt;/wd:ID>&#xD;
                    &lt;/wd:Provider_Reference>&#xD;
                &lt;/wd:Field_And_Parameter_Criteria_Data>&#xD;
                &lt;wd:Transaction_Log_Criteria_Data>&#xD;
                    &lt;wd:Transaction_Date_Range_Data>&#xD;
                         &lt;wd:Updated_From>1900-01-01T00:00:04&lt;/wd:Updated_From>&#xD;
                        &lt;wd:Updated_Through>@{props['lp.as.of.date.time']}&lt;/wd:Updated_Through>&#xD;
                       &lt;wd:Effective_From>@{props['lp.terms.as.of.date.time']}&lt;/wd:Effective_From>&#xD;
                        &lt;wd:Effective_Through>@{props['lp.as.of.date.time']}&lt;/wd:Effective_Through>&#xD;
                    &lt;/wd:Transaction_Date_Range_Data>&#xD;
                    &lt;wd:Transaction_Type_References>&#xD;
                        &lt;wd:Transaction_Type_Reference>&#xD;
                            &lt;wd:ID wd:type=&quot;Business_Process_Type&quot;>Terminate Employee&lt;/wd:ID>&#xD;
                        &lt;/wd:Transaction_Type_Reference>&#xD;
                    &lt;/wd:Transaction_Type_References>&#xD;
                &lt;/wd:Transaction_Log_Criteria_Data>&#xD;
                &lt;wd:Transaction_Log_Criteria_Data>&#xD;
                    &lt;wd:Transaction_Date_Range_Data>&#xD;
                        &lt;wd:Updated_From>@{props['lp.last.successful.runtime']}&lt;/wd:Updated_From>&#xD;
                        &lt;wd:Updated_Through>@{props['lp.as.of.date.time']}&lt;/wd:Updated_Through>&#xD;
                        &lt;wd:Effective_From>1900-01-01T00:00:04&lt;/wd:Effective_From>&#xD;
                        &lt;wd:Effective_Through>@{props['lp.last.successful.runtime']}&lt;/wd:Effective_Through>&#xD;
                    &lt;/wd:Transaction_Date_Range_Data>&#xD;
                    &lt;wd:Transaction_Type_References>&#xD;
                        &lt;wd:Transaction_Type_Reference>&#xD;
                            &lt;wd:ID wd:type=&quot;Business_Process_Type&quot;>Terminate Employee&lt;/wd:ID>&#xD;
                        &lt;/wd:Transaction_Type_Reference>&#xD;
                    &lt;/wd:Transaction_Type_References>&#xD;
                &lt;/wd:Transaction_Log_Criteria_Data>&#xD;
                 &lt;wd:Exclude_Inactive_Workers>false&lt;/wd:Exclude_Inactive_Workers>&#xD;
                &lt;wd:Exclude_Employees>false&lt;/wd:Exclude_Employees>&#xD;
                &lt;wd:Exclude_Contingent_Workers>true&lt;/wd:Exclude_Contingent_Workers>&#xD;
            &lt;/wd:Request_Criteria>&#xD;
            &lt;wd:Response_Filter>&#xD;
               &lt;wd:As_Of_Effective_Date>@{props['as.of.date']}&lt;/wd:As_Of_Effective_Date>&#xD;
                &lt;wd:Page>1&lt;/wd:Page>&#xD;
                &lt;wd:Count>999&lt;/wd:Count>&#xD;
            &lt;/wd:Response_Filter>&#xD;
            &lt;wd:Response_Group>&#xD;
                &lt;wd:Include_Reference>true&lt;/wd:Include_Reference>&#xD;
                &lt;wd:Include_Personal_Information>true&lt;/wd:Include_Personal_Information>&#xD;
                &lt;wd:Include_Employment_Information>true&lt;/wd:Include_Employment_Information>&#xD;
                &lt;wd:Include_Compensation>true&lt;/wd:Include_Compensation>&#xD;
                &lt;wd:Include_Organizations>true&lt;/wd:Include_Organizations>&#xD;
                 &lt;wd:Include_Roles>false&lt;/wd:Include_Roles>&#xD;
                &#xD;
                 &lt;wd:Exclude_Supervisory_Organizations>false&lt;/wd:Exclude_Supervisory_Organizations>&#xD;
                &lt;wd:Exclude_Organization_Support_Role_Data>true&lt;/wd:Exclude_Organization_Support_Role_Data>&#xD;
                 &lt;wd:Exclude_Companies>false&lt;/wd:Exclude_Companies>&#xD;
                 &lt;wd:Exclude_Pay_Groups>false&lt;/wd:Exclude_Pay_Groups>&#xD;
                  &#xD;
                &lt;wd:Exclude_Location_Hierarchies>true&lt;/wd:Exclude_Location_Hierarchies>&#xD;
                &lt;wd:Exclude_Cost_Centers>true&lt;/wd:Exclude_Cost_Centers>&#xD;
                &lt;wd:Exclude_Cost_Center_Hierarchies>true&lt;/wd:Exclude_Cost_Center_Hierarchies>&#xD;
                &lt;wd:Exclude_Company_Hierarchies>true&lt;/wd:Exclude_Company_Hierarchies>&#xD;
                &lt;wd:Exclude_Matrix_Organizations>true&lt;/wd:Exclude_Matrix_Organizations>               &#xD;
                &lt;wd:Exclude_Regions>true&lt;/wd:Exclude_Regions>&#xD;
                &lt;wd:Exclude_Region_Hierarchies>true&lt;/wd:Exclude_Region_Hierarchies>        &#xD;
                &lt;wd:Exclude_Teams>true&lt;/wd:Exclude_Teams>&#xD;
                &lt;wd:Exclude_Custom_Organizations>true&lt;/wd:Exclude_Custom_Organizations>              &#xD;
                &lt;wd:Exclude_Funds>true&lt;/wd:Exclude_Funds>&#xD;
                &lt;wd:Exclude_Fund_Hierarchies>true&lt;/wd:Exclude_Fund_Hierarchies>&#xD;
                &lt;wd:Exclude_Grants>true&lt;/wd:Exclude_Grants>&#xD;
                &lt;wd:Exclude_Grant_Hierarchies>true&lt;/wd:Exclude_Grant_Hierarchies>&#xD;
                &lt;wd:Exclude_Business_Units>true&lt;/wd:Exclude_Business_Units>&#xD;
                &lt;wd:Exclude_Business_Unit_Hierarchies>true&lt;/wd:Exclude_Business_Unit_Hierarchies>&#xD;
                &lt;wd:Exclude_Programs>true&lt;/wd:Exclude_Programs>&#xD;
                &lt;wd:Exclude_Program_Hierarchies>true&lt;/wd:Exclude_Program_Hierarchies>&#xD;
                &lt;wd:Exclude_Gifts>true&lt;/wd:Exclude_Gifts>&#xD;
                &lt;wd:Exclude_Gift_Hierarchies>true&lt;/wd:Exclude_Gift_Hierarchies>&#xD;
            &lt;/wd:Response_Group>&#xD;
        &lt;/wd:Get_Workers_Request>&#xD;
    &lt;/env:Body>&#xD;
&lt;/env:Envelope></cc:text></cc:message>
                </cc:write>
            </cc:steps>
            <cc:send-error id="Error" rethrow-error="false" routes-to="GetTerminatedEmployeesErrorMsg"/>
        </cc:async-mediation>
        <cc:local-out id="GetTerminatedEmployeesErrorMsg" endpoint="vm://wcc/PutIntegrationMessage"><cc:set name="is.message.severity" value="'ERROR'"/><cc:set name="is.message.summary" value="&quot;An error occurred while calling Get_Workers: &quot; + context.getErrorMessage()"/></cc:local-out>
        <cc:local-out id="Call-ProcessTerminatedEmployees" endpoint="vm://wcc/PagedGet"><cc:set name="is.paged.get.request.current.page.xpath" value="'/env:Envelope/env:Body/*/wd:Response_Filter/wd:Page'"/><cc:set name="is.paged.get.response.current.page.xpath" value="'/env:Envelope/env:Body/*/wd:Response_Results/wd:Page'"/><cc:set name="is.paged.get.response.total.pages.xpath" value="'/env:Envelope/env:Body/*/wd:Response_Results/wd:Total_Pages'"/><cc:set name="is.paged.get.response.total.results.xpath" value="'/env:Envelope/env:Body/*/wd:Response_Results/wd:Total_Results'"/><cc:set name="is.paged.get.application" value="'Human_Resources'"/><cc:set name="is.paged.get.version" value="'v20'"/><cc:set name="is.paged.get.page.zero" value="false"/><cc:set name="is.paged.get.store.requests" value="true"/><cc:set name="is.paged.get.process.endpoint" value="'vm://INT9051-Absence-Management-360-HRIS-Employee-Outbound/ProcessWorkers'"/><cc:set name="set.employee.status" value="props['employee.status'] = '0'"/></cc:local-out>
        <cc:local-in id="AggregateRows" routes-to="Aggregator"/>
        <cc:async-mediation id="CombineRowsWithHeaderTrailer">
            <cc:steps>
                <cc:eval id="FormatTotalRows"><cc:expression>java.text.DecimalFormat total = new java.text.DecimalFormat(&quot;000000000&quot;); props['total.row.count.formatted'] = total.format(context.getProperty('row.counter'));</cc:expression></cc:eval>
                <cc:write id="CombineRowsWithHeaderTrailer" output="message" output-mimetype="text/plain">
                    <cc:message>
                        <cc:text>HH|@{props['client.id']}|@{props['as.of.date']}&#xD;
</cc:text>
                        <cc:message-content/>
                        <cc:text>TT|@{props['total.row.count.formatted']}</cc:text>
                    </cc:message>
                </cc:write>
            </cc:steps>
            <cc:send-error id="Error" routes-to="CombineRowsWithHeaderErrorMsg"/>
        </cc:async-mediation>
        <cc:local-out id="Call-OutputFile" store-message="none" endpoint="vm://INT9051-Absence-Management-360-HRIS-Employee-Outbound/OutputFile"/>
        <cc:local-out id="CombineRowsWithHeaderErrorMsg" endpoint="vm://wcc/PutIntegrationMessage"><cc:set name="is.message.severity" value="'ERROR'"/><cc:set name="is.message.summary" value="&quot;An error occurred while fomatting the file: &quot;+ context.getErrorMessage()"/></cc:local-out>
        <cc:local-in id="OutputFile" routes-to="SetForceBatch"/>
        <cc:async-mediation id="SetForceBatch" routes-to="Call-CloseAggregator">
            <cc:steps>
                <cc:eval id="SetForceBatch"><cc:expression>props['force.batch'] = true</cc:expression></cc:eval>
            </cc:steps>
        </cc:async-mediation>
        <cc:local-out id="Call-CloseAggregator" store-message="none" routes-response-to="DeliverOutputFile" endpoint="vm://INT9051-Absence-Management-360-HRIS-Employee-Outbound/AggregateRows"/>
        <cc:local-out id="OutputFileErrorMessage" endpoint="vm://wcc/PutIntegrationMessage">
            <cc:set name="is.message.severity" value="'ERROR'"/>
            <cc:set name="is.message.summary" value="&quot;An error occurred while creating the output file: &quot; + context.getErrorMessage()"/>
        </cc:local-out>
        <cc:local-out id="OutputFileMessage" endpoint="vm://wcc/PutIntegrationMessage">
            <cc:set name="is.message.severity" value="'INFO'"/>
            <cc:set name="is.message.summary" value="'Attached is the employee file.'"/>
            <cc:set name="is.document.variable.name" value="'output.csv'"/>
            <cc:set name="is.document.file.name" value="props['employee.file.name']"/>
            <cc:set name="is.document.deliverable" value="'true'"/>
        </cc:local-out>
        <cc:async-mediation id="DeliverOutputFile" routes-to="OutputFileMessage" continue-after-error="recover" handle-downstream-errors="true">
            <cc:steps>
                <cc:store id="Store" output="variable" output-mimetype="text/csv" output-variable="output.csv" createDocumentReference="false" expiresIn="P180D" summary="Employee File" title="@{props['employee.file.name']}"/>
            </cc:steps>
            <cc:send-error id="Error" rethrow-error="false" routes-to="OutputFileErrorMessage"/>
        </cc:async-mediation>
        <cc:local-out id="CallPutIntegrationMessageGlobal" endpoint="vm://wcc/PutIntegrationMessage">
            <cc:set name="is.message.severity" value="'CRITICAL'"/>
            <cc:set name="is.message.summary" value="'The following unexpected error has ocurred: ' + context.getErrorMessage()"/>
        </cc:local-out>
        <cc:send-error id="SendErrorGlobal" rethrow-error="false" routes-to="CallPutIntegrationMessageGlobal"/>
        <cc:async-mediation id="ValidateEEPayGroup" routes-to="ExtractFields">
            <cc:steps>
                <cc:eval id="Eval"><cc:expression>props['ee.paygroup'] = parts[0].xpath(&quot;wd:Worker/wd:Worker_Data/wd:Organization_Data/wd:Worker_Organization_Data/wd:Organization_Data[wd:Organization_Type_Reference/wd:ID[@wd:type='Organization_Type_ID'] = 'PAY_GROUP']/wd:Integration_ID_Data/wd:ID[@wd:System_ID='WD-WID']&quot;)</cc:expression></cc:eval>
            </cc:steps>
        </cc:async-mediation>
	</cc:assembly>
    <bean id="CustomError1" class="customError.CustomError" scope="prototype"/>
    <bean id="customError" class="customError.CustomError1" scope="prototype"/>

</beans>