<?xml version="1.0" encoding="UTF-8"?>
<wdnm:Diagram xmlns:wdnm="http://workday.com/studio/editors/notation">
  <element href="assembly.xml#WorkdayAssembly"/>
  <visualProperties x="-167" y="60">
    <element href="assembly.xml#StartHere"/>
  </visualProperties>
  <visualProperties x="48" y="7">
    <element href="assembly.xml#SyncMediation"/>
  </visualProperties>
  <visualProperties x="263" y="33">
    <element href="assembly.xml#getBackGroundCheck"/>
  </visualProperties>
  <visualProperties x="-20" y="375">
    <element href="assembly.xml#Process"/>
  </visualProperties>
  <visualProperties x="919" y="33">
    <element href="assembly.xml#HttpOutToFadv"/>
  </visualProperties>
  <visualProperties x="439" y="272">
    <element href="assembly.xml#getAllData"/>
  </visualProperties>
  <visualProperties x="759" y="294">
    <element href="assembly.xml#getApplicantCall"/>
  </visualProperties>
  <visualProperties x="-211" y="408">
    <element href="assembly.xml#processAllData"/>
  </visualProperties>
  <visualProperties x="521" y="33">
    <element href="assembly.xml#CallProcessAllData"/>
  </visualProperties>
  <visualProperties x="1120" y="367">
    <element href="assembly.xml#getApllicantOutSoap"/>
  </visualProperties>
  <visualProperties x="748" y="494">
    <element href="assembly.xml#getRequestorWorkerCall"/>
  </visualProperties>
  <visualProperties x="1044" y="567">
    <element href="assembly.xml#getRequestorWorkerOutSoap"/>
  </visualProperties>
  <visualProperties x="738" y="706">
    <element href="assembly.xml#getRequisitionCall"/>
  </visualProperties>
  <visualProperties x="702" y="69">
    <element href="assembly.xml#FullXmlLogger"/>
  </visualProperties>
  <visualProperties x="1055" y="17">
    <element href="assembly.xml#AsyncMediation"/>
  </visualProperties>
  <visualProperties x="1215" y="16">
    <element href="assembly.xml#putBackgroundCheckOutSoap"/>
  </visualProperties>
  <visualProperties x="1107" y="779">
    <element href="assembly.xml#getRequisitionOutSoap"/>
  </visualProperties>
  <visualProperties x="733" y="913">
    <element href="assembly.xml#getReciepientWorkerCall"/>
  </visualProperties>
  <visualProperties x="1198" y="998">
    <element href="assembly.xml#getRecipientWorkerOutSoap"/>
  </visualProperties>
  <visualProperties x="-167" y="686">
    <element href="assembly.xml#//@beans/@mixed.1/@mixed.39"/>
  </visualProperties>
  <visualProperties x="14" y="686">
    <element href="assembly.xml#Note-Error"/>
  </visualProperties>
  <visualProperties x="287" y="140">
    <element href="assembly.xml#PutErrorMessage"/>
  </visualProperties>
  <visualProperties x="1475" y="140">
    <element href="assembly.xml#PutErrorMessagePutBackground"/>
  </visualProperties>
  <visualProperties x="1002" y="423">
    <element href="assembly.xml#PutErrorApplicantCallMessage"/>
  </visualProperties>
  <visualProperties x="1044" y="633">
    <element href="assembly.xml#PutErrorReqWorkerCallMessage"/>
  </visualProperties>
  <visualProperties x="1153" y="852">
    <element href="assembly.xml#PutErrorRequisitionCallMessage"/>
  </visualProperties>
  <visualProperties x="1181" y="1067">
    <element href="assembly.xml#PutErrorRecipienWorkerCallMessage"/>
  </visualProperties>
  <visualProperties x="733" y="1126">
    <element href="assembly.xml#getOrgnizationCall"/>
  </visualProperties>
  <visualProperties x="1039" y="1180">
    <element href="assembly.xml#getOrganizationOutSoap"/>
  </visualProperties>
  <visualProperties x="1013" y="1254">
    <element href="assembly.xml#PutErrorOrganizationCallMessage"/>
  </visualProperties>
  <visualProperties x="733" y="1328">
    <element href="assembly.xml#getLocationCall"/>
  </visualProperties>
  <visualProperties x="1003" y="1416">
    <element href="assembly.xml#getLocationOutSoap"/>
  </visualProperties>
  <visualProperties x="1003" y="1482">
    <element href="assembly.xml#PutIntegrationMessage"/>
  </visualProperties>
  <visualProperties x="1206" y="60">
    <element href="assembly.xml#createtErrorReq"/>
  </visualProperties>
  <visualProperties x="1481" y="94">
    <element href="assembly.xml#putBgCheckErrorMsg"/>
  </visualProperties>
  <visualProperties x="355" y="758">
    <element href="assembly.xml#getCandidateDetailCall"/>
  </visualProperties>
  <visualProperties x="243" y="1011">
    <element href="assembly.xml#PutErrorGetCandidateDetails"/>
  </visualProperties>
  <visualProperties x="460" y="1031">
    <element href="assembly.xml#getCandidateOutSoap"/>
  </visualProperties>
  <visualProperties x="-220" y="829">
    <element href="assembly.xml#getEvergreenJobReqCall"/>
  </visualProperties>
  <visualProperties x="-53" y="1136">
    <element href="assembly.xml#getEvergreenJobReqOutSoap"/>
  </visualProperties>
  <visualProperties x="-248" y="1067">
    <element href="assembly.xml#PutErrorEvergrrenJobReqCallMessage"/>
  </visualProperties>
  <visualProperties x="1460" y="16">
    <element href="assembly.xml#PutIntegrationMessage0"/>
  </visualProperties>
  <decorations x="-203" y="651" width="338" height="108" text="Global Error Handling"/>
  <decorations x="-217" y="7" width="1903" height="206" text="Main Flow"/>
  <decorations x="552" y="118" width="101" height="70" bgColor="8454143" type="NOTE" text="Calling sub flow to collect all data"/>
  <decorations x="-211" y="231" width="597" height="385" text="Collect all data from webservice call"/>
  <decorations x="415" y="237" width="270" height="458" text="Route To WebService Calls"/>
  <decorations x="702" y="237" width="736" height="1310" text="WebService Call for getApplicant,getWorker and getRequesition"/>
  <decorations x="1014" y="271" width="148" height="62" bgColor="8454143" type="NOTE" text="getApplicant call to get Applicant Data"/>
  <decorations x="1014" y="485" width="242" height="48" bgColor="8454143" type="NOTE" text="getWorker call to get get requestor worker data"/>
  <decorations x="1108" y="686" width="190" height="60" bgColor="8454143" type="NOTE" text="getJobRequistion call to get job requistion"/>
  <decorations x="1184" y="919" width="175" height="59" bgColor="8454143" type="NOTE" text="getWorker call to get reciepient worker data"/>
  <decorations x="1126" y="1103" width="155" height="60" bgColor="8454143" type="NOTE" text="getOrganization call to get cost center"/>
  <decorations x="1084" y="1319" width="158" height="60" bgColor="65535" type="NOTE" text="getLocation call to get site address"/>
  <decorations x="213" y="737" width="413" height="390" text="get candidate details"/>
  <decorations x="-248" y="799" width="430" height="390" text="Get Evergreen Job Requistion Detail"/>
  <decorations x="1481" y="237" width="267" height="82" bgColor="65280" type="NOTE" text="CreateErrorReq and putBackgroundCheckOutSoap-Changed- Removed props['isSuccess'] from condition and Added 1==2"/>
  <connections type="routesTo" sourceAnchorX="0.9541284403669725" sourceAnchorY="0.5405405405405406" targetAnchorX="0.01639344262295082" targetAnchorY="0.30386740331491713">
    <source href="assembly.xml#StartHere"/>
    <target href="assembly.xml#SyncMediation"/>
  </connections>
  <connections type="routesTo" sourceAnchorX="1.0" sourceAnchorY="0.21333333333333335" targetAnchorX="0.125" targetAnchorY="0.5675675675675675">
    <source href="assembly.xml#SyncMediation"/>
    <target href="assembly.xml#getBackGroundCheck"/>
  </connections>
  <connections type="routesTo">
    <source href="assembly.xml#//@beans/@mixed.1/@route.0/@subRoute.0"/>
    <target href="assembly.xml#getApplicantCall"/>
  </connections>
  <connections type="routesTo" sourceAnchorX="0.7416666666666667" sourceAnchorY="1.0" targetAnchorX="0.0" targetAnchorY="0.37158469945355194">
    <source href="assembly.xml#//@beans/@mixed.1/@route.0/@subRoute.1"/>
    <target href="assembly.xml#getRequestorWorkerCall"/>
  </connections>
  <connections type="routesTo" sourceAnchorX="0.9565217391304348" sourceAnchorY="0.5573770491803278" targetAnchorX="0.13095238095238096" targetAnchorY="0.2972972972972973">
    <source href="assembly.xml#getApplicantCall"/>
    <target href="assembly.xml#getApllicantOutSoap"/>
  </connections>
  <connections type="routesTo" sourceAnchorX="0.9735099337748344" sourceAnchorY="0.45901639344262296" targetAnchorX="0.2670807453416149" targetAnchorY="0.32432432432432434">
    <source href="assembly.xml#getRequestorWorkerCall"/>
    <target href="assembly.xml#getRequestorWorkerOutSoap"/>
  </connections>
  <connections type="routesTo" sourceAnchorX="1.0" sourceAnchorY="0.19333333333333333" targetAnchorX="0.24242424242424243" targetAnchorY="0.4692982456140351">
    <source href="assembly.xml#Process"/>
    <target href="assembly.xml#getAllData"/>
  </connections>
  <connections type="routesTo" sourceAnchorX="0.6170212765957447" sourceAnchorY="1.0" targetAnchorX="0.27296587926509186" targetAnchorY="0.02631578947368421">
    <source href="assembly.xml#processAllData"/>
    <target href="assembly.xml#Process"/>
  </connections>
  <connections type="routesResponseTo" sourceAnchorX="0.7175141242937854" sourceAnchorY="1.0" targetAnchorX="0.042682926829268296" targetAnchorY="0.3783783783783784">
    <source href="assembly.xml#getBackGroundCheck"/>
    <target href="assembly.xml#CallProcessAllData"/>
  </connections>
  <connections type="routesResponseTo" sourceAnchorX="0.7012195121951219" sourceAnchorY="1.0" targetAnchorX="0.2786885245901639" targetAnchorY="0.32978723404255317">
    <source href="assembly.xml#CallProcessAllData"/>
    <target href="assembly.xml#FullXmlLogger"/>
  </connections>
  <connections type="routesTo" sourceAnchorX="1.0" sourceAnchorY="0.19148936170212766" targetAnchorX="0.12162162162162163" targetAnchorY="0.2676056338028169">
    <source href="assembly.xml#FullXmlLogger"/>
    <target href="assembly.xml#HttpOutToFadv"/>
  </connections>
  <connections type="routesResponseTo" sourceAnchorX="0.0" sourceAnchorY="0.30985915492957744" targetAnchorX="0.7086614173228346" targetAnchorY="0.0">
    <source href="assembly.xml#HttpOutToFadv"/>
    <target href="assembly.xml#AsyncMediation"/>
  </connections>
  <connections type="routesTo" sourceAnchorX="1.0" sourceAnchorY="0.1702127659574468" targetAnchorX="0.05263157894736842" targetAnchorY="0.32432432432432434">
    <source href="assembly.xml#AsyncMediation"/>
    <target href="assembly.xml#putBackgroundCheckOutSoap"/>
  </connections>
  <connections type="routesTo" sourceAnchorX="0.9871244635193133" sourceAnchorY="0.5081967213114754" targetAnchorX="0.10752688172043011" targetAnchorY="0.4594594594594595">
    <source href="assembly.xml#getRequisitionCall"/>
    <target href="assembly.xml#getRequisitionOutSoap"/>
  </connections>
  <connections type="routesTo" sourceAnchorX="0.9698996655518395" sourceAnchorY="0.5573770491803278" targetAnchorX="0.11267605633802817" targetAnchorY="0.32432432432432434">
    <source href="assembly.xml#getReciepientWorkerCall"/>
    <target href="assembly.xml#getRecipientWorkerOutSoap"/>
  </connections>
  <connections type="routesTo" sourceAnchorX="0.9669421487603306" sourceAnchorY="0.43243243243243246" targetAnchorX="0.06060606060606061" targetAnchorY="0.3783783783783784">
    <source href="assembly.xml#//@beans/@mixed.1/@mixed.39"/>
    <target href="assembly.xml#Note-Error"/>
  </connections>
  <connections type="routesTo">
    <source href="assembly.xml#//@beans/@mixed.1/@mixed.3/@mixed.5"/>
    <target href="assembly.xml#PutErrorMessage"/>
  </connections>
  <connections target="//@decorations.2" type="Notation" sourceAnchorX="0.3231707317073171" sourceAnchorY="0.6756756756756757" targetAnchorX="0.0" targetAnchorY="0.014285714285714285">
    <source href="assembly.xml#CallProcessAllData"/>
  </connections>
  <connections type="routesTo" sourceAnchorX="0.6434782608695652" sourceAnchorY="1.0" targetAnchorX="0.15048543689320387" targetAnchorY="0.632">
    <source href="assembly.xml#//@beans/@mixed.1/@mixed.27/@mixed.3"/>
    <target href="assembly.xml#createtErrorReq"/>
  </connections>
  <connections type="routesTo" sourceAnchorX="0.5666666666666667" sourceAnchorY="1.0" targetAnchorX="0.1865671641791045" targetAnchorY="0.8478260869565217">
    <source href="assembly.xml#//@beans/@mixed.1/@mixed.29/@mixed.3"/>
    <target href="assembly.xml#createtErrorReq"/>
  </connections>
  <connections source="//@decorations.2" target="//@decorations.3" type="Notation" sourceAnchorX="0.0" sourceAnchorY="0.7571428571428571" targetAnchorX="0.9765494137353434" targetAnchorY="0.012987012987012988"/>
  <connections type="routesTo" sourceAnchorX="0.9935064935064936" sourceAnchorY="0.4666666666666667" targetAnchorX="0.0044444444444444444" targetAnchorY="0.6486486486486487">
    <source href="assembly.xml#//@beans/@mixed.1/@mixed.13/@mixed.5"/>
    <target href="assembly.xml#PutErrorApplicantCallMessage"/>
  </connections>
  <connections type="routesTo" sourceAnchorX="0.845360824742268" sourceAnchorY="1.0" targetAnchorX="0.0759493670886076" targetAnchorY="0.5135135135135135">
    <source href="assembly.xml#//@beans/@mixed.1/@mixed.21/@mixed.5"/>
    <target href="assembly.xml#PutErrorReqWorkerCallMessage"/>
  </connections>
  <connections type="routesTo" sourceAnchorX="0.7566371681415929" sourceAnchorY="1.0" targetAnchorX="0.03017241379310345" targetAnchorY="0.5405405405405406">
    <source href="assembly.xml#//@beans/@mixed.1/@mixed.25/@mixed.5"/>
    <target href="assembly.xml#PutErrorRequisitionCallMessage"/>
  </connections>
  <connections type="routesTo">
    <source href="assembly.xml#//@beans/@mixed.1/@mixed.35/@mixed.5"/>
    <target href="assembly.xml#PutErrorRecipienWorkerCallMessage"/>
  </connections>
  <connections source="//@decorations.6" type="Notation" sourceAnchorX="0.0" sourceAnchorY="0.5394736842105263" targetAnchorX="0.30952380952380953" targetAnchorY="0.32432432432432434">
    <target href="assembly.xml#getApllicantOutSoap"/>
  </connections>
  <connections source="//@decorations.7" type="Notation" sourceAnchorX="0.5206611570247934" sourceAnchorY="1.0" targetAnchorX="0.4611872146118721" targetAnchorY="0.05405405405405406">
    <target href="assembly.xml#getRequestorWorkerOutSoap"/>
  </connections>
  <connections source="//@decorations.8" type="Notation" sourceAnchorX="0.21578947368421053" sourceAnchorY="1.0" targetAnchorX="0.3817204301075269" targetAnchorY="0.24324324324324326">
    <target href="assembly.xml#getRequisitionOutSoap"/>
  </connections>
  <connections source="//@decorations.9" type="Notation" sourceAnchorX="0.42857142857142855" sourceAnchorY="1.0" targetAnchorX="0.3474178403755869" targetAnchorY="0.10810810810810811">
    <target href="assembly.xml#getRecipientWorkerOutSoap"/>
  </connections>
  <connections type="routesTo">
    <source href="assembly.xml#getOrgnizationCall"/>
    <target href="assembly.xml#getOrganizationOutSoap"/>
  </connections>
  <connections type="routesTo">
    <source href="assembly.xml#//@beans/@mixed.1/@mixed.55/@mixed.5"/>
    <target href="assembly.xml#PutErrorOrganizationCallMessage"/>
  </connections>
  <connections target="//@decorations.10" type="Notation" sourceAnchorX="0.2931937172774869" sourceAnchorY="0.43243243243243246" targetAnchorX="0.13548387096774195" targetAnchorY="1.0">
    <source href="assembly.xml#getOrganizationOutSoap"/>
  </connections>
  <connections type="routesTo" sourceAnchorX="0.9655172413793104" sourceAnchorY="0.5245901639344263" targetAnchorX="0.15976331360946747" targetAnchorY="0.43243243243243246">
    <source href="assembly.xml#getLocationCall"/>
    <target href="assembly.xml#getLocationOutSoap"/>
  </connections>
  <connections source="//@decorations.11" type="Annotation" sourceAnchorX="0.12280701754385964" sourceAnchorY="1.0" targetAnchorX="0.6568047337278107" targetAnchorY="0.21621621621621623">
    <target href="assembly.xml#getLocationOutSoap"/>
  </connections>
  <connections type="routesTo" sourceAnchorX="1.0" sourceAnchorY="0.224" targetAnchorX="0.05263157894736842" targetAnchorY="0.43243243243243246">
    <source href="assembly.xml#createtErrorReq"/>
    <target href="assembly.xml#putBgCheckErrorMsg"/>
  </connections>
  <connections type="routesTo" sourceAnchorX="0.0" sourceAnchorY="0.15846994535519127" targetAnchorX="0.34868421052631576" targetAnchorY="0.02702702702702703">
    <source href="assembly.xml#getCandidateDetailCall"/>
    <target href="assembly.xml#getCandidateOutSoap"/>
  </connections>
  <connections type="routesTo">
    <source href="assembly.xml#//@beans/@mixed.1/@route.0/@subRoute.2"/>
    <target href="assembly.xml#getCandidateDetailCall"/>
  </connections>
  <connections type="routesTo">
    <source href="assembly.xml#//@beans/@mixed.1/@route.0/@subRoute.3"/>
    <target href="assembly.xml#getRequisitionCall"/>
  </connections>
  <connections type="routesTo">
    <source href="assembly.xml#//@beans/@mixed.1/@route.0/@subRoute.4"/>
    <target href="assembly.xml#getReciepientWorkerCall"/>
  </connections>
  <connections type="routesTo">
    <source href="assembly.xml#//@beans/@mixed.1/@route.0/@subRoute.5"/>
    <target href="assembly.xml#getOrgnizationCall"/>
  </connections>
  <connections type="routesTo">
    <source href="assembly.xml#//@beans/@mixed.1/@route.0/@subRoute.6"/>
    <target href="assembly.xml#getLocationCall"/>
  </connections>
  <connections type="routesTo">
    <source href="assembly.xml#//@beans/@mixed.1/@route.0/@subRoute.7"/>
    <target href="assembly.xml#getEvergreenJobReqCall"/>
  </connections>
  <connections type="routesTo">
    <source href="assembly.xml#getEvergreenJobReqCall"/>
    <target href="assembly.xml#getEvergreenJobReqOutSoap"/>
  </connections>
  <connections type="routesTo">
    <source href="assembly.xml#//@beans/@mixed.1/@mixed.61/@mixed.5"/>
    <target href="assembly.xml#PutIntegrationMessage"/>
  </connections>
  <connections type="routesTo">
    <source href="assembly.xml#//@beans/@mixed.1/@mixed.67/@mixed.3"/>
    <target href="assembly.xml#PutErrorMessagePutBackground"/>
  </connections>
  <connections type="routesTo">
    <source href="assembly.xml#//@beans/@mixed.1/@mixed.71/@mixed.5"/>
    <target href="assembly.xml#PutErrorGetCandidateDetails"/>
  </connections>
  <connections type="routesTo">
    <source href="assembly.xml#//@beans/@mixed.1/@mixed.77/@mixed.5"/>
    <target href="assembly.xml#PutErrorEvergrrenJobReqCallMessage"/>
  </connections>
  <connections type="routesResponseTo">
    <source href="assembly.xml#putBackgroundCheckOutSoap"/>
    <target href="assembly.xml#PutIntegrationMessage0"/>
  </connections>
</wdnm:Diagram>
