<?xml version="1.0" encoding="UTF-8"?>
<beans
     xmlns="http://www.springframework.org/schema/beans"
     xmlns:beans="http://www.springframework.org/schema/beans"
     xmlns:atom="http://www.w3.org/2005/Atom"
     xmlns:cc="http://www.capeclear.com/assembly/10"
     xmlns:cloud="urn:com.workday/esb/cloud/10.0"
     xmlns:env="http://schemas.xmlsoap.org/soap/envelope/"
     xmlns:pi="urn:com.workday/picof"
     xmlns:wd="urn:com.workday/bsvc"
     xmlns:xsi="http://www.w3.org/2001/XMLSchema-instance">
 
	<cc:assembly id="WorkdayAssembly" version="2019.35">
        <cc:workday-in id="StartHere" routes-to="LoopFiles">
            <cc:integration-system name="INT9000 CIC Plus Eforms Retrieval">
        <cloud:delivery-service name="INT9000-Delivery"/>
        <cloud:retrieval-service name="INT9000_Retrieval"/>
      </cc:integration-system>
        </cc:workday-in>
        <cc:send-error id="global-error-handler" rethrow-error="false" routes-to="Note-Error"/>
        <cc:local-out id="Note-Error" endpoint="vm://wcc/PutIntegrationMessage">
            <cc:set name="is.message.severity" value="'CRITICAL'"/>
            <cc:set name="is.message.summary" value="context.errorMessage"/>
        </cc:local-out>
        <cc:route id="LoopFiles">
            <cc:doc-iterator/>
            <cc:sub-route name="SubRoute" routes-to="AsyncMediation"/>
        </cc:route>
        <cc:local-out id="PutIntegrationMessage" store-message="none" endpoint="vm://wcc/PutIntegrationMessage">
            <cc:set name="is.message.severity" value="'INFO'"/>
            <cc:set name="is.message.summary" value="'File stored'"/>
            
            <cc:set name="is.document.deliverable" value="'true'"/>
            <cc:set name="is.message.storage.enabled" value="false"/>
        <cc:set name="is.document.variable.name" value="'outputfile'"/></cc:local-out>
        <cc:async-mediation id="AsyncMediation" routes-to="PutIntegrationMessage">
            <cc:steps>
                <cc:store id="Store" output="variable" output-variable="outputfile" input="variable" input-variable="wd.retrieve.variable" createDocumentReference="false"/>
            </cc:steps>
        </cc:async-mediation>
	</cc:assembly>

</beans>