<?xml version="1.0" encoding="UTF-8"?>
<wdnm:Diagram xmlns:wdnm="http://workday.com/studio/editors/notation">
  <element href="assembly.xml#WorkdayAssembly"/>
  <visualProperties x="-114" y="542">
    <element href="assembly.xml#GloboInbound2"/>
  </visualProperties>
  <visualProperties x="598" y="784">
    <element href="assembly.xml#TextToXML1"/>
  </visualProperties>
  <visualProperties x="910" y="784">
    <element href="assembly.xml#TransformInboundFile"/>
  </visualProperties>
  <visualProperties x="-71" y="898">
    <element href="assembly.xml#ProcessFileTransform"/>
  </visualProperties>
  <visualProperties x="1420" y="1034">
    <element href="assembly.xml#CallSplitter"/>
  </visualProperties>
  <visualProperties x="-118" y="1466">
    <element href="assembly.xml#ProcessSplitter"/>
  </visualProperties>
  <visualProperties x="727" y="1480">
    <element href="assembly.xml#GetWorkersRequest"/>
  </visualProperties>
  <visualProperties x="569" y="1919">
    <element href="assembly.xml#SubmitRequestOneTimePayment"/>
  </visualProperties>
  <visualProperties x="810" y="2060">
    <element href="assembly.xml#WebServiceValidation"/>
  </visualProperties>
  <visualProperties x="264" y="1983">
    <element href="assembly.xml#SubmitOneTimePayementRequest"/>
  </visualProperties>
  <visualProperties x="910" y="988">
    <element href="assembly.xml#ValidationErrorMessage"/>
  </visualProperties>
  <visualProperties x="1374" y="926">
    <element href="assembly.xml#ValidationSuccessMessage"/>
  </visualProperties>
  <visualProperties x="466" y="2172">
    <element href="assembly.xml#WebRequestErrorMessage"/>
  </visualProperties>
  <visualProperties x="945" y="1908">
    <element href="assembly.xml#WebServiceSuccessMessage"/>
  </visualProperties>
  <visualProperties x="1354" y="1496">
    <element href="assembly.xml#CallOTPs"/>
  </visualProperties>
  <visualProperties x="-140" y="2050">
    <element href="assembly.xml#ProcessOTPs"/>
  </visualProperties>
  <visualProperties x="727" y="1639">
    <element href="assembly.xml#CallPutIntegrationMessage0"/>
  </visualProperties>
  <visualProperties x="949" y="1480">
    <element href="assembly.xml#SubmitGetWorkers"/>
  </visualProperties>
  <visualProperties x="642" y="946">
    <element href="assembly.xml#MalformedFile"/>
  </visualProperties>
  <visualProperties x="-104" y="3306">
    <element href="assembly.xml#//@beans/@mixed.1/@mixed.39"/>
  </visualProperties>
  <visualProperties x="113" y="3309">
    <element href="assembly.xml#CallPutIntegrationMessage3"/>
  </visualProperties>
  <visualProperties x="1512" y="1916">
    <element href="assembly.xml#RecordFeedback"/>
  </visualProperties>
  <visualProperties x="2043" y="1936">
    <element href="assembly.xml#GiveFeedbackWWS"/>
  </visualProperties>
  <visualProperties x="1677" y="2087">
    <element href="assembly.xml#PIM-Error"/>
  </visualProperties>
  <visualProperties x="2280" y="2044">
    <element href="assembly.xml#LogFeedbackWWS"/>
  </visualProperties>
  <visualProperties x="2280" y="2172">
    <element href="assembly.xml#SendTalentMsgToWD"/>
  </visualProperties>
  <visualProperties x="253" y="516">
    <element href="assembly.xml#GetFile"/>
  </visualProperties>
  <visualProperties x="1217" y="496">
    <element href="assembly.xml#CallProcessFileTransform"/>
  </visualProperties>
  <visualProperties x="521" y="480">
    <element href="assembly.xml#GetFileName"/>
  </visualProperties>
  <visualProperties x="75" y="542">
    <element href="assembly.xml#StartMessage"/>
  </visualProperties>
  <visualProperties x="538" y="1480">
    <element href="assembly.xml#GetRefID"/>
  </visualProperties>
  <visualProperties x="867" y="496">
    <element href="assembly.xml#GetIntAttributes"/>
  </visualProperties>
  <visualProperties x="1068" y="1987">
    <element href="assembly.xml#Route0"/>
  </visualProperties>
  <visualProperties x="1248" y="2242">
    <element href="assembly.xml#NoTalent"/>
  </visualProperties>
  <visualProperties x="1047" y="496">
    <element href="assembly.xml#RunAttributes"/>
  </visualProperties>
  <visualProperties x="1384" y="2284">
    <element href="assembly.xml#CheckPayroll"/>
  </visualProperties>
  <visualProperties x="2310" y="2269">
    <element href="assembly.xml#ChkPayroll"/>
  </visualProperties>
  <visualProperties x="125" y="2454">
    <element href="assembly.xml#Payroll"/>
  </visualProperties>
  <visualProperties x="1089" y="2410">
    <element href="assembly.xml#PayrollRoute"/>
  </visualProperties>
  <visualProperties x="1374" y="2422">
    <element href="assembly.xml#WkdayPayroll"/>
  </visualProperties>
  <visualProperties x="1363" y="2762">
    <element href="assembly.xml#PayrollInterface"/>
  </visualProperties>
  <visualProperties x="1768" y="2815">
    <element href="assembly.xml#ExternalEarnings"/>
  </visualProperties>
  <visualProperties x="2146" y="2909">
    <element href="assembly.xml#CallPutIntegrationMessage5"/>
  </visualProperties>
  <visualProperties x="1587" y="2956">
    <element href="assembly.xml#CallPutIntegrationMessage6"/>
  </visualProperties>
  <visualProperties x="1139" y="1484">
    <element href="assembly.xml#GetWorkersLog"/>
  </visualProperties>
  <visualProperties x="710" y="524">
    <element href="assembly.xml#GotFileMsg"/>
  </visualProperties>
  <visualProperties x="1784" y="2422">
    <element href="assembly.xml#WorkdayOutSoap0"/>
  </visualProperties>
  <visualProperties x="2127" y="2546">
    <element href="assembly.xml#CallPutIntegrationMessage2"/>
  </visualProperties>
  <visualProperties x="1737" y="2560">
    <element href="assembly.xml#CallPutIntegrationMessage7"/>
  </visualProperties>
  <visualProperties x="67" y="2007">
    <element href="assembly.xml#AwardValueRoute"/>
  </visualProperties>
  <visualProperties x="1068" y="2771">
    <element href="assembly.xml#BasedOnPaygroupPayrollRoute"/>
  </visualProperties>
  <visualProperties x="492" y="2448">
    <element href="assembly.xml#WorkdayOutRest0"/>
  </visualProperties>
  <visualProperties x="724" y="2438">
    <element href="assembly.xml#AsyncMediation3"/>
  </visualProperties>
  <visualProperties x="286" y="868">
    <element href="assembly.xml#PointsAwardsRoute"/>
  </visualProperties>
  <visualProperties x="598" y="1003">
    <element href="assembly.xml#TextToXML"/>
  </visualProperties>
  <visualProperties x="639" y="1158">
    <element href="assembly.xml#Malformed_File"/>
  </visualProperties>
  <visualProperties x="1122" y="1034">
    <element href="assembly.xml#TransformPointsFile"/>
  </visualProperties>
  <visualProperties x="1135" y="1177">
    <element href="assembly.xml#ValidationErrorMsg"/>
  </visualProperties>
  <visualProperties x="250" y="1468">
    <element href="assembly.xml#SettingGlobalVariables"/>
  </visualProperties>
  <visualProperties x="258" y="1639">
    <element href="assembly.xml#CallPutIntegrationMessage8"/>
  </visualProperties>
  <visualProperties x="1248" y="1916">
    <element href="assembly.xml#PointAwardsRoute"/>
  </visualProperties>
  <visualProperties x="1553" y="2188">
    <element href="assembly.xml#RecordFeedback-PointsAwards"/>
  </visualProperties>
  <visualProperties x="1985" y="2269">
    <element href="assembly.xml#CallPutIntegrationMessage9"/>
  </visualProperties>
  <visualProperties x="70" y="1466">
    <element href="assembly.xml#Splitter0"/>
  </visualProperties>
  <visualProperties x="498" y="1639">
    <element href="assembly.xml#CallPutIntegrationMessage4"/>
  </visualProperties>
  <visualProperties x="279" y="2438">
    <element href="assembly.xml#AsyncMediation0"/>
  </visualProperties>
  <visualProperties x="229" y="2618">
    <element href="assembly.xml#CallPutIntegrationMessage11"/>
  </visualProperties>
  <visualProperties x="458" y="775">
    <element href="assembly.xml#AsyncMediation"/>
  </visualProperties>
  <visualProperties x="556" y="2013">
    <element href="assembly.xml#Validation-on"/>
  </visualProperties>
  <visualProperties x="828" y="1951">
    <element href="assembly.xml#Validation-off"/>
  </visualProperties>
  <visualProperties x="1876" y="1919">
    <element href="assembly.xml#Validation-on0"/>
  </visualProperties>
  <visualProperties x="2266" y="1908">
    <element href="assembly.xml#Validation-off0"/>
  </visualProperties>
  <visualProperties x="1586" y="2418">
    <element href="assembly.xml#Validation-on00"/>
  </visualProperties>
  <visualProperties x="2008" y="2418">
    <element href="assembly.xml#Validation-off00"/>
  </visualProperties>
  <visualProperties x="1192" y="898">
    <element href="assembly.xml#StoreInputFile"/>
  </visualProperties>
  <visualProperties x="523" y="635">
    <element href="assembly.xml#PIM-NoInputFile"/>
  </visualProperties>
  <visualProperties x="2159" y="2762">
    <element href="assembly.xml#CreateAuditExternal"/>
  </visualProperties>
  <visualProperties x="2189" y="2418">
    <element href="assembly.xml#CreateAuditLog"/>
  </visualProperties>
  <visualProperties x="1463" y="480">
    <element href="assembly.xml#StoreAudit"/>
  </visualProperties>
  <visualProperties x="315" y="2134">
    <element href="assembly.xml#WSError-1"/>
  </visualProperties>
  <visualProperties x="1843" y="2233">
    <element href="assembly.xml#WSError-3"/>
  </visualProperties>
  <visualProperties x="1536" y="2071">
    <element href="assembly.xml#WSError-2"/>
  </visualProperties>
  <visualProperties x="1420" y="2918">
    <element href="assembly.xml#WSError-5"/>
  </visualProperties>
  <visualProperties x="1575" y="2546">
    <element href="assembly.xml#WSError-4"/>
  </visualProperties>
  <visualProperties x="1587" y="2787">
    <element href="assembly.xml#Validate-On000"/>
  </visualProperties>
  <visualProperties x="1975" y="2762">
    <element href="assembly.xml#Validate-Off000"/>
  </visualProperties>
  <decorations x="-127" y="3233" width="467" height="148" font="Segoe UI|9|0" bgColor="13369343" fgColor="6737151" type="NOTE"/>
  <decorations x="-129" y="1904" width="2674" height="444" font="Segoe UI|9|0" bgColor="13369343" fgColor="6737151" type="NOTE"/>
  <decorations x="-124" y="1355" width="1787" height="470" font="Segoe UI|9|0" bgColor="13369343" fgColor="6737151" type="NOTE"/>
  <decorations x="-126" y="771" width="1789" height="450" font="Segoe UI|9|0" bgColor="13369343" fgColor="6737151" type="NOTE"/>
  <decorations x="-129" y="399" width="1792" height="288" font="Segoe UI|9|0" bgColor="13369343" fgColor="6737151" type="NOTE"/>
  <decorations x="-83" y="230" width="1778" height="132" font="Segoe UI|12|0" bgColor="13369343" fgColor="6737151" type="NOTE" text="The integration finds the most recent file on the SFTP server, processes it, attaches it to the integration event, and then deletes it from the server. It uses the retrieved file to create a one-time payment request into Workday’s Compensation Management system using the public Web Service operations Request One-Time Payment. One Time Payments are given as an Applause Award or an Applause Cash Award based on a Worker's Country that is sent in the file. Maps and routers are used to make this functionality possible. Optionally the integration can also use the data to create an AnyTime Feedback entry in Talent. The countries were mapped by exporting the integration system using iLoad, populating the maps in the iLoad template, and reloading the integration to override the previous one. This was to avoid manual entries and provide maintainability for client to add to the map in the future."/>
  <decorations x="-90" y="58" width="1009" height="112" font="Segoe UI|22|0" bgColor="13369343" fgColor="6737151" type="NOTE" text="Globoforce SI Inbound&#xD;&#xA;"/>
  <decorations x="-125" y="399" width="1439" height="72" font="Segoe UI|11|0" bgColor="13369343" fgColor="6737151" type="NOTE" text="Creates 3 maps in the tenant: one to map Globoforce countries to WD countries, 1 to match the appropriate countries to an Applause earning, and 1 to match the appropriate countries to an Applause Cash earning. Finds most recent file on Globoforce sFTP by getting a List of files with a datestamp in the file name and then getting the most recent one. Checks if the file is empty and deletes it from the server after processing."/>
  <decorations x="-118" y="777" width="519" height="72" font="Segoe UI|11|0" bgColor="13369343" fgColor="6737151" type="NOTE" text="Routes to store file for later. Routes to process file, convert it from CSV to XML using a text schema; then transforms the file with an XSLT step. "/>
  <decorations x="-118" y="1355" width="1080" height="80" font="Segoe UI|11|0" bgColor="13369343" fgColor="6737151" type="NOTE" text="Splits records by Employee ID. Submits a request using the Public Web Service Get Workers to make sure the employee exists for that record. Checks the file &quot;Country&quot; field against the maps declared, and routes them to the correct earning type/code  (480 or 481)."/>
  <decorations x="-123" y="1904" width="672" height="68" font="Segoe UI|11|0" bgColor="13369343" fgColor="6737151" type="NOTE" text="Processes the One Time Payments (awards) using the Public Web Service Request One Time Payments. Submits a one time payment for an employee based on their recipient country."/>
  <decorations x="-18" y="3233" width="241" height="40" font="Segoe UI|11|0" bgColor="13369343" fgColor="6737151" type="NOTE" text="Global Error Handler"/>
  <decorations x="1194" y="1864" width="-1" height="-1" font="Segoe UI|9|0" bgColor="13369343" fgColor="6737151" type="NOTE" text="Create Payroll Input here"/>
  <decorations x="-128" y="2410" width="2498" height="676" type="NOTE" text="Payroll"/>
  <connections type="routesTo">
    <source href="assembly.xml#TextToXML1"/>
    <target href="assembly.xml#TransformInboundFile"/>
  </connections>
  <connections type="routesTo" targetAnchorX="0.06557377049180328" targetAnchorY="0.5638297872340425">
    <source href="assembly.xml#TransformInboundFile"/>
    <target href="assembly.xml#StoreInputFile"/>
  </connections>
  <connections type="routesResponseTo">
    <source href="assembly.xml#ValidationSuccessMessage"/>
    <target href="assembly.xml#CallSplitter"/>
  </connections>
  <connections type="routesTo">
    <source href="assembly.xml#//@beans/@mixed.1/@mixed.39"/>
    <target href="assembly.xml#CallPutIntegrationMessage3"/>
  </connections>
  <connections source="//@decorations.11" target="//@decorations.0" type="Notation"/>
  <connections type="routesTo" sourceAnchorX="1.0" sourceAnchorY="0.29577464788732394" targetAnchorX="0.09032258064516129" targetAnchorY="0.4897959183673469">
    <source href="assembly.xml#RecordFeedback"/>
    <target href="assembly.xml#Validation-on0"/>
  </connections>
  <connections type="routesResponseTo" sourceAnchorX="0.9515151515151515" sourceAnchorY="0.3783783783783784" targetAnchorX="0.11612903225806452" targetAnchorY="0.5714285714285714">
    <source href="assembly.xml#GiveFeedbackWWS"/>
    <target href="assembly.xml#Validation-off0"/>
  </connections>
  <connections type="routesTo" sourceAnchorX="0.47619047619047616" sourceAnchorY="0.925531914893617" targetAnchorX="0.37714285714285717" targetAnchorY="0.1891891891891892">
    <source href="assembly.xml#LogFeedbackWWS"/>
    <target href="assembly.xml#SendTalentMsgToWD"/>
  </connections>
  <connections type="routesResponseTo" sourceAnchorX="0.987603305785124" sourceAnchorY="0.3783783783783784" targetAnchorX="0.5586206896551724" targetAnchorY="0.3163265306122449">
    <source href="assembly.xml#SubmitRequestOneTimePayment"/>
    <target href="assembly.xml#Validation-off"/>
  </connections>
  <connections type="routesTo" sourceAnchorX="0.936046511627907" sourceAnchorY="0.32978723404255317" targetAnchorX="0.2" targetAnchorY="0.189873417721519">
    <source href="assembly.xml#GetFile"/>
    <target href="assembly.xml#GetFileName"/>
  </connections>
  <connections source="//@decorations.12" target="//@decorations.1" type="Notation"/>
  <connections type="routesTo" sourceAnchorX="0.963963963963964" sourceAnchorY="0.144" targetAnchorX="0.043478260869565216" targetAnchorY="0.40540540540540543">
    <source href="assembly.xml#GetWorkersRequest"/>
    <target href="assembly.xml#SubmitGetWorkers"/>
  </connections>
  <connections type="routesTo" sourceAnchorX="0.8571428571428571" sourceAnchorY="0.12" targetAnchorX="0.009009009009009009" targetAnchorY="0.136">
    <source href="assembly.xml#GetRefID"/>
    <target href="assembly.xml#GetWorkersRequest"/>
  </connections>
  <connections type="routesTo" sourceAnchorX="0.96875" sourceAnchorY="0.1276595744680851" targetAnchorX="0.175" targetAnchorY="0.05128205128205128">
    <source href="assembly.xml#WebServiceValidation"/>
    <target href="assembly.xml#Route0"/>
  </connections>
  <connections type="routesResponseTo" sourceAnchorX="0.8854961832061069" sourceAnchorY="0.43243243243243246" targetAnchorX="0.06930693069306931" targetAnchorY="0.43243243243243246">
    <source href="assembly.xml#RunAttributes"/>
    <target href="assembly.xml#CallProcessFileTransform"/>
  </connections>
  <connections type="routesTo" sourceAnchorX="0.8681318681318682" sourceAnchorY="0.6086956521739131" targetAnchorX="0.0" targetAnchorY="0.4594594594594595">
    <source href="assembly.xml#NoTalent"/>
    <target href="assembly.xml#CheckPayroll"/>
  </connections>
  <connections type="routesResponseTo" sourceAnchorX="0.45714285714285713" sourceAnchorY="0.4864864864864865" targetAnchorX="0.4396551724137931" targetAnchorY="0.02702702702702703">
    <source href="assembly.xml#SendTalentMsgToWD"/>
    <target href="assembly.xml#ChkPayroll"/>
  </connections>
  <connections type="routesResponseTo" sourceAnchorX="0.9536423841059603" sourceAnchorY="0.35135135135135137" targetAnchorX="0.28" targetAnchorY="0.648936170212766">
    <source href="assembly.xml#ExternalEarnings"/>
    <target href="assembly.xml#Validate-Off000"/>
  </connections>
  <connections type="routesResponseTo" sourceAnchorX="0.9565217391304348" sourceAnchorY="0.35135135135135137" targetAnchorX="0.046875" targetAnchorY="0.09574468085106383">
    <source href="assembly.xml#SubmitGetWorkers"/>
    <target href="assembly.xml#GetWorkersLog"/>
  </connections>
  <connections type="routesTo" sourceAnchorX="0.896" sourceAnchorY="0.24468085106382978" targetAnchorX="0.07142857142857142" targetAnchorY="0.525">
    <source href="assembly.xml#GetIntAttributes"/>
    <target href="assembly.xml#RunAttributes"/>
  </connections>
  <connections type="routesResponseTo" sourceAnchorX="0.865546218487395" sourceAnchorY="0.35135135135135137" targetAnchorX="0.048" targetAnchorY="0.14893617021276595">
    <source href="assembly.xml#GotFileMsg"/>
    <target href="assembly.xml#GetIntAttributes"/>
  </connections>
  <connections type="routesTo" sourceAnchorX="0.8" sourceAnchorY="0.1702127659574468" targetAnchorX="0.18333333333333332" targetAnchorY="0.1">
    <source href="assembly.xml#GetFileName"/>
    <target href="assembly.xml#GotFileMsg"/>
  </connections>
  <connections type="routesTo" sourceAnchorX="0.9016393442622951" sourceAnchorY="0.112" targetAnchorX="0.04242424242424243" targetAnchorY="0.37755102040816324">
    <source href="assembly.xml#WkdayPayroll"/>
    <target href="assembly.xml#Validation-on00"/>
  </connections>
  <connections type="routesResponseTo" sourceAnchorX="0.9371069182389937" sourceAnchorY="0.35135135135135137" targetAnchorX="0.4727272727272727" targetAnchorY="0.29591836734693877">
    <source href="assembly.xml#WorkdayOutSoap0"/>
    <target href="assembly.xml#Validation-off00"/>
  </connections>
  <connections type="routesTo" sourceAnchorX="0.4603174603174603" sourceAnchorY="1.0" targetAnchorX="0.11818181818181818" targetAnchorY="0.0728476821192053">
    <source href="assembly.xml#ProcessOTPs"/>
    <target href="assembly.xml#AwardValueRoute"/>
  </connections>
  <connections type="routesResponseTo" sourceAnchorX="0.9102564102564102" sourceAnchorY="0.40540540540540543" targetAnchorX="0.029239766081871343" targetAnchorY="0.1702127659574468">
    <source href="assembly.xml#WorkdayOutRest0"/>
    <target href="assembly.xml#AsyncMediation3"/>
  </connections>
  <connections type="routesTo" sourceAnchorX="0.9532163742690059" sourceAnchorY="0.19148936170212766" targetAnchorX="0.01875" targetAnchorY="0.14156626506024098">
    <source href="assembly.xml#AsyncMediation3"/>
    <target href="assembly.xml#PayrollRoute"/>
  </connections>
  <connections type="routesTo" sourceAnchorX="0.9951219512195122" sourceAnchorY="0.512" targetAnchorX="0.0" targetAnchorY="0.44">
    <source href="assembly.xml#TextToXML"/>
    <target href="assembly.xml#TransformPointsFile"/>
  </connections>
  <connections source="//@decorations.1" type="Notation" sourceAnchorX="0.41828478964401294" sourceAnchorY="1.0" targetAnchorX="0.059602649006622516" targetAnchorY="0.0893854748603352">
    <target href="assembly.xml#PayrollRoute"/>
  </connections>
  <connections type="routesTo" sourceAnchorX="0.9722222222222222" sourceAnchorY="0.48" targetAnchorX="0.0" targetAnchorY="0.4148936170212766">
    <source href="assembly.xml#RecordFeedback-PointsAwards"/>
    <target href="assembly.xml#Validation-on0"/>
  </connections>
  <connections type="routesTo" sourceAnchorX="1.0" sourceAnchorY="0.1813186813186813" targetAnchorX="0.03571428571428571" targetAnchorY="0.072">
    <source href="assembly.xml#SettingGlobalVariables"/>
    <target href="assembly.xml#GetRefID"/>
  </connections>
  <connections type="routesTo" sourceAnchorX="0.13978494623655913" sourceAnchorY="0.024" targetAnchorX="0.00819672131147541" targetAnchorY="0.5212765957446809">
    <source href="assembly.xml#TransformPointsFile"/>
    <target href="assembly.xml#StoreInputFile"/>
  </connections>
  <connections type="routesTo" sourceAnchorX="0.9432624113475178" sourceAnchorY="0.5675675675675675" targetAnchorX="0.043859649122807015" targetAnchorY="0.12337662337662338">
    <source href="assembly.xml#ProcessSplitter"/>
    <target href="assembly.xml#Splitter0"/>
  </connections>
  <connections type="routesTo" sourceAnchorX="0.8829787234042553" sourceAnchorY="0.35135135135135137" targetAnchorX="0.16296296296296298" targetAnchorY="0.11764705882352941">
    <source href="assembly.xml#Payroll"/>
    <target href="assembly.xml#AsyncMediation0"/>
  </connections>
  <connections type="routesTo" sourceAnchorX="0.9477611940298507" sourceAnchorY="0.10569105691056911" targetAnchorX="0.18243243243243243" targetAnchorY="0.3">
    <source href="assembly.xml#AsyncMediation0"/>
    <target href="assembly.xml#WorkdayOutRest0"/>
  </connections>
  <connections type="routesTo" sourceAnchorX="0.9611111111111111" sourceAnchorY="0.4594594594594595" targetAnchorX="0.01935483870967742" targetAnchorY="0.06538461538461539">
    <source href="assembly.xml#ProcessFileTransform"/>
    <target href="assembly.xml#PointsAwardsRoute"/>
  </connections>
  <connections type="routesTo" targetAnchorX="0.4148148148148148" targetAnchorY="0.32432432432432434">
    <source href="assembly.xml#//@beans/@mixed.1/@mixed.3/@mixed.3"/>
    <target href="assembly.xml#MalformedFile"/>
    <bendpoints sourceX="8" sourceY="61" targetX="-7" targetY="-45"/>
  </connections>
  <connections type="routesTo" targetAnchorX="0.43617021276595747" targetAnchorY="0.4594594594594595">
    <source href="assembly.xml#//@beans/@mixed.1/@mixed.5/@mixed.3"/>
    <target href="assembly.xml#ValidationErrorMessage"/>
  </connections>
  <connections type="routesTo" targetAnchorX="0.4084507042253521" targetAnchorY="0.43243243243243246">
    <source href="assembly.xml#//@beans/@mixed.1/@mixed.13/@mixed.3"/>
    <target href="assembly.xml#CallPutIntegrationMessage0"/>
  </connections>
  <connections type="routesTo" targetAnchorX="0.6666666666666666" targetAnchorY="0.2608695652173913">
    <source href="assembly.xml#//@beans/@mixed.1/@mixed.19/@mixed.3"/>
    <target href="assembly.xml#WSError-1"/>
  </connections>
  <connections type="routesTo" targetAnchorX="0.5858585858585859" targetAnchorY="0.25">
    <source href="assembly.xml#//@beans/@mixed.1/@mixed.43/@mixed.3"/>
    <target href="assembly.xml#WSError-2"/>
  </connections>
  <connections type="routesTo" targetAnchorX="0.4507042253521127" targetAnchorY="0.3783783783783784">
    <source href="assembly.xml#//@beans/@mixed.1/@mixed.61/@mixed.3"/>
    <target href="assembly.xml#CallPutIntegrationMessage4"/>
  </connections>
  <connections type="routesTo">
    <source href="assembly.xml#//@beans/@mixed.1/@route.0/@subRoute.0"/>
    <target href="assembly.xml#PointAwardsRoute"/>
  </connections>
  <connections type="routesTo" targetAnchorX="0.03296703296703297" targetAnchorY="0.16304347826086957">
    <source href="assembly.xml#//@beans/@mixed.1/@route.0/@subRoute.1"/>
    <target href="assembly.xml#NoTalent"/>
  </connections>
  <connections type="routesTo" sourceAnchorX="0.9931972789115646" targetAnchorX="0.017543859649122806" targetAnchorY="0.376">
    <source href="assembly.xml#//@beans/@mixed.1/@route.1/@subRoute.0"/>
    <target href="assembly.xml#WkdayPayroll"/>
  </connections>
  <connections type="routesTo" sourceAnchorX="0.9931972789115646" sourceAnchorY="0.47058823529411764" targetAnchorX="0.005847953216374269" targetAnchorY="0.496">
    <source href="assembly.xml#//@beans/@mixed.1/@route.1/@subRoute.1"/>
    <target href="assembly.xml#PayrollInterface"/>
  </connections>
  <connections type="routesTo" targetAnchorX="0.4583333333333333" targetAnchorY="0.03461538461538462">
    <source href="assembly.xml#//@beans/@mixed.1/@route.1/@subRoute.2"/>
    <target href="assembly.xml#BasedOnPaygroupPayrollRoute"/>
  </connections>
  <connections type="routesTo" sourceAnchorX="0.823170731707317" sourceAnchorY="0.7666666666666667" targetAnchorX="0.5522388059701493" targetAnchorY="0.20652173913043478">
    <source href="assembly.xml#//@beans/@mixed.1/@mixed.79/@mixed.3"/>
    <target href="assembly.xml#WSError-4"/>
  </connections>
  <connections type="routesTo" sourceAnchorX="0.6638655462184874" sourceAnchorY="0.8666666666666667" targetAnchorX="0.3582089552238806" targetAnchorY="0.2717391304347826">
    <source href="assembly.xml#//@beans/@mixed.1/@mixed.81/@mixed.3"/>
    <target href="assembly.xml#WSError-5"/>
  </connections>
  <connections type="routesTo" sourceAnchorX="0.9854014598540146" sourceAnchorY="0.38235294117647056" targetAnchorX="0.017094017094017096" targetAnchorY="0.424">
    <source href="assembly.xml#//@beans/@mixed.1/@route.2/@subRoute.0"/>
    <target href="assembly.xml#SubmitOneTimePayementRequest"/>
  </connections>
  <connections type="routesTo">
    <source href="assembly.xml#//@beans/@mixed.1/@route.2/@subRoute.1"/>
    <target href="assembly.xml#Route0"/>
    <bendpoints sourceX="416" sourceY="-2" targetX="-415" targetY="79"/>
    <bendpoints sourceX="615" sourceY="-4" targetX="-216" targetY="77"/>
  </connections>
  <connections type="routesTo" sourceAnchorX="0.9901477832512315" sourceAnchorY="0.8529411764705882" targetAnchorX="0.023391812865497075" targetAnchorY="0.448">
    <source href="assembly.xml#//@beans/@mixed.1/@route.3/@subRoute.0"/>
    <target href="assembly.xml#WkdayPayroll"/>
    <bendpoints sourceX="57" sourceY="-238" targetX="-83" targetY="134"/>
  </connections>
  <connections type="routesTo" sourceAnchorX="0.9950738916256158" sourceAnchorY="0.6470588235294118" targetAnchorX="0.029239766081871343" targetAnchorY="0.416">
    <source href="assembly.xml#//@beans/@mixed.1/@route.3/@subRoute.1"/>
    <target href="assembly.xml#PayrollInterface"/>
  </connections>
  <connections type="routesTo" sourceAnchorX="0.9436619718309859" sourceAnchorY="0.5882352941176471">
    <source href="assembly.xml#//@beans/@mixed.1/@route.4/@subRoute.0"/>
    <target href="assembly.xml#TextToXML1"/>
  </connections>
  <connections type="routesTo">
    <source href="assembly.xml#//@beans/@mixed.1/@route.4/@subRoute.1"/>
    <target href="assembly.xml#TextToXML"/>
  </connections>
  <connections type="routesTo" targetAnchorX="0.44366197183098594" targetAnchorY="0.32432432432432434">
    <source href="assembly.xml#//@beans/@mixed.1/@mixed.109/@mixed.3"/>
    <target href="assembly.xml#Malformed_File"/>
  </connections>
  <connections type="routesTo">
    <source href="assembly.xml#//@beans/@mixed.1/@mixed.113/@mixed.3"/>
    <target href="assembly.xml#ValidationErrorMsg"/>
  </connections>
  <connections type="routesTo" targetAnchorX="0.5023474178403756" targetAnchorY="0.2972972972972973">
    <source href="assembly.xml#//@beans/@mixed.1/@mixed.117/@mixed.3"/>
    <target href="assembly.xml#CallPutIntegrationMessage8"/>
  </connections>
  <connections type="routesTo">
    <source href="assembly.xml#//@beans/@mixed.1/@route.5/@subRoute.0"/>
    <target href="assembly.xml#RecordFeedback"/>
  </connections>
  <connections type="routesTo" targetAnchorX="0.1388888888888889" targetAnchorY="0.4">
    <source href="assembly.xml#//@beans/@mixed.1/@route.5/@subRoute.1"/>
    <target href="assembly.xml#RecordFeedback-PointsAwards"/>
  </connections>
  <connections type="routesTo" sourceAnchorX="0.7320574162679426" sourceAnchorY="0.9666666666666667" targetAnchorX="0.35353535353535354" targetAnchorY="0.5978260869565217">
    <source href="assembly.xml#//@beans/@mixed.1/@mixed.123/@mixed.3"/>
    <target href="assembly.xml#WSError-3"/>
  </connections>
  <connections type="routesTo">
    <source href="assembly.xml#//@beans/@mixed.1/@splitter.0/@subRoute.0"/>
    <target href="assembly.xml#SettingGlobalVariables"/>
  </connections>
  <connections type="routesTo" targetAnchorX="0.4703196347031963" targetAnchorY="0.35135135135135137">
    <source href="assembly.xml#//@beans/@mixed.1/@mixed.131/@mixed.3"/>
    <target href="assembly.xml#CallPutIntegrationMessage11"/>
  </connections>
  <connections type="routesResponseTo" sourceAnchorX="0.6923076923076923" sourceAnchorY="1.0" targetAnchorX="0.55625" targetAnchorY="0.1702127659574468">
    <source href="assembly.xml#WebServiceSuccessMessage"/>
    <target href="assembly.xml#WebServiceValidation"/>
  </connections>
  <connections type="routesTo" sourceAnchorX="0.9444444444444444" sourceAnchorY="0.44" targetAnchorX="0.10344827586206896" targetAnchorY="0.7040816326530612">
    <source href="assembly.xml#SubmitOneTimePayementRequest"/>
    <target href="assembly.xml#Validation-on"/>
  </connections>
  <connections type="routesTo" sourceAnchorX="0.9365079365079365" sourceAnchorY="0.416" targetAnchorX="0.10317460317460317" targetAnchorY="0.3829787234042553">
    <source href="assembly.xml#PayrollInterface"/>
    <target href="assembly.xml#Validate-On000"/>
  </connections>
  <connections type="routesTo" sourceAnchorX="0.9154929577464789" sourceAnchorY="0.43243243243243246" targetAnchorX="0.13533834586466165" targetAnchorY="0.32432432432432434">
    <source href="assembly.xml#GloboInbound2"/>
    <target href="assembly.xml#StartMessage"/>
  </connections>
  <connections type="routesResponseTo" sourceAnchorX="0.9849624060150376" sourceAnchorY="0.3783783783783784" targetAnchorX="0.03488372093023256" targetAnchorY="0.40425531914893614">
    <source href="assembly.xml#StartMessage"/>
    <target href="assembly.xml#GetFile"/>
  </connections>
  <connections type="routesTo" sourceAnchorX="1.0" sourceAnchorY="0.23404255319148937" targetAnchorX="0.2636363636363636" targetAnchorY="0.32432432432432434">
    <source href="assembly.xml#GetWorkersLog"/>
    <target href="assembly.xml#CallOTPs"/>
  </connections>
  <connections type="routesTo" sourceAnchorX="1.0" sourceAnchorY="0.29591836734693877" targetAnchorX="0.4720496894409938" targetAnchorY="0.7297297297297297">
    <source href="assembly.xml#Validation-on"/>
    <target href="assembly.xml#SubmitRequestOneTimePayment"/>
  </connections>
  <connections type="routesTo" sourceAnchorX="1.0" sourceAnchorY="0.22448979591836735" targetAnchorX="0.3389830508474576" targetAnchorY="0.7297297297297297">
    <source href="assembly.xml#Validation-off"/>
    <target href="assembly.xml#WebServiceSuccessMessage"/>
  </connections>
  <connections type="routesTo" sourceAnchorX="1.0" sourceAnchorY="0.2857142857142857" targetAnchorX="0.4337899543378995" targetAnchorY="0.24324324324324326">
    <source href="assembly.xml#Validation-on0"/>
    <target href="assembly.xml#GiveFeedbackWWS"/>
  </connections>
  <connections type="routesTo" sourceAnchorX="0.6470588235294118" sourceAnchorY="0.9574468085106383" targetAnchorX="0.4217687074829932" targetAnchorY="0.06382978723404255">
    <source href="assembly.xml#Validation-off0"/>
    <target href="assembly.xml#LogFeedbackWWS"/>
  </connections>
  <connections type="routesTo" sourceAnchorX="1.0" sourceAnchorY="0.20408163265306123" targetAnchorX="0.10047846889952153" targetAnchorY="0.5945945945945946">
    <source href="assembly.xml#Validation-on00"/>
    <target href="assembly.xml#WorkdayOutSoap0"/>
  </connections>
  <connections type="routesTo" sourceAnchorX="1.0" sourceAnchorY="0.23469387755102042" targetAnchorX="0.4566929133858268" targetAnchorY="0.2826086956521739">
    <source href="assembly.xml#Validation-off00"/>
    <target href="assembly.xml#CreateAuditLog"/>
  </connections>
  <connections type="routesTo" sourceAnchorX="1.0" sourceAnchorY="0.48936170212765956" targetAnchorX="0.36363636363636365" targetAnchorY="0.40540540540540543">
    <source href="assembly.xml#StoreInputFile"/>
    <target href="assembly.xml#ValidationSuccessMessage"/>
  </connections>
  <connections type="routesTo" sourceAnchorX="0.36879432624113473" sourceAnchorY="1.0" targetAnchorX="0.3472222222222222" targetAnchorY="0.7297297297297297">
    <source href="assembly.xml#//@beans/@mixed.1/@mixed.57/@mixed.3"/>
    <target href="assembly.xml#PIM-NoInputFile"/>
  </connections>
  <connections type="routesTo" sourceAnchorX="0.3333333333333333" sourceAnchorY="0.8829787234042553" targetAnchorX="0.27230046948356806" targetAnchorY="0.2972972972972973">
    <source href="assembly.xml#CreateAuditExternal"/>
    <target href="assembly.xml#CallPutIntegrationMessage5"/>
  </connections>
  <connections type="routesTo" sourceAnchorX="0.2992125984251969" sourceAnchorY="0.9468085106382979" targetAnchorX="0.47417840375586856" targetAnchorY="0.2702702702702703">
    <source href="assembly.xml#CreateAuditLog"/>
    <target href="assembly.xml#CallPutIntegrationMessage2"/>
  </connections>
  <connections type="routesResponseTo" sourceAnchorX="1.0" sourceAnchorY="0.4864864864864865" targetAnchorX="0.32653061224489793" targetAnchorY="0.3191489361702128">
    <source href="assembly.xml#CallProcessFileTransform"/>
    <target href="assembly.xml#StoreAudit"/>
  </connections>
  <connections type="routesTo" sourceAnchorX="1.0" sourceAnchorY="0.425531914893617" targetAnchorX="0.18357487922705315" targetAnchorY="0.24324324324324326">
    <source href="assembly.xml#WSError-1"/>
    <target href="assembly.xml#WebRequestErrorMessage"/>
  </connections>
  <connections type="routesTo" sourceAnchorX="1.0" sourceAnchorY="0.5869565217391305" targetAnchorX="0.20657276995305165" targetAnchorY="0.35135135135135137">
    <source href="assembly.xml#WSError-3"/>
    <target href="assembly.xml#CallPutIntegrationMessage9"/>
  </connections>
  <connections type="routesTo" sourceAnchorX="1.0" sourceAnchorY="0.31521739130434784" targetAnchorX="0.5092592592592593" targetAnchorY="0.3783783783783784">
    <source href="assembly.xml#WSError-2"/>
    <target href="assembly.xml#PIM-Error"/>
  </connections>
  <connections type="routesTo" sourceAnchorX="1.0" sourceAnchorY="0.5760869565217391" targetAnchorX="0.215962441314554" targetAnchorY="0.5675675675675675">
    <source href="assembly.xml#WSError-5"/>
    <target href="assembly.xml#CallPutIntegrationMessage6"/>
  </connections>
  <connections type="routesTo" sourceAnchorX="1.0" sourceAnchorY="0.3695652173913043" targetAnchorX="0.24413145539906103" targetAnchorY="0.4594594594594595">
    <source href="assembly.xml#WSError-4"/>
    <target href="assembly.xml#CallPutIntegrationMessage7"/>
  </connections>
  <connections type="routesTo" sourceAnchorX="0.8888888888888888" sourceAnchorY="0.4574468085106383" targetAnchorX="0.2913907284768212" targetAnchorY="0.40540540540540543">
    <source href="assembly.xml#Validate-On000"/>
    <target href="assembly.xml#ExternalEarnings"/>
  </connections>
  <connections type="routesTo" sourceAnchorX="1.0" sourceAnchorY="0.35106382978723405" targetAnchorX="0.43333333333333335" targetAnchorY="0.3617021276595745">
    <source href="assembly.xml#Validate-Off000"/>
    <target href="assembly.xml#CreateAuditExternal"/>
  </connections>
  <swimlanes x="-130" y="16" name="INT0155A" orientation="VERTICAL" elements="//@decorations.6 //@decorations.5" labelAlignment="LEFT"/>
</wdnm:Diagram>
