<?xml version="1.0" encoding="UTF-8"?>
<beans
     xmlns="http://www.springframework.org/schema/beans"
     xmlns:beans="http://www.springframework.org/schema/beans"
     xmlns:atom="http://www.w3.org/2005/Atom"
     xmlns:cc="http://www.capeclear.com/assembly/10"
     xmlns:cloud="urn:com.workday/esb/cloud/10.0"
     xmlns:env="http://schemas.xmlsoap.org/soap/envelope/"
     xmlns:pi="urn:com.workday/picof"
     xmlns:wd="urn:com.workday/bsvc"
     xmlns:xsi="http://www.w3.org/2001/XMLSchema-instance">
 
	<cc:assembly id="WorkdayAssembly" version="20">
	<cc:workday-in id="GloboInbound2" store-message="response" routes-to="StartMessage">
<cc:integration-system name="INT0155a-Workhuman Payroll And Feedback Inbound">
        <cloud:param name="Validation Mode">
          <cloud:type>
            <cloud:simple-type>boolean</cloud:simple-type>
          </cloud:type>
          <cloud:default>
            <cloud:boolean>true</cloud:boolean>
          </cloud:default>
        </cloud:param>
        <cloud:param name="Current Date">
          <cloud:type>
            <cloud:simple-type>datetime</cloud:simple-type>
          </cloud:type>
          <cloud:default>
            <cloud:class-report-field description="Current Moment (DateTime)" type="WID">df4effe76deb4222a79001d6737cf91c</cloud:class-report-field>
          </cloud:default>
        </cloud:param>
        <cloud:attribute-map-service name="Globoforce_Inbound">
          <cloud:attribute name="Send Awards To Payroll">
            <cloud:type>
              <cloud:enumeration-type name="Type of Payroll">
                <cloud:enumeration>Workday Payroll</cloud:enumeration>
                <cloud:enumeration>Payroll Interface</cloud:enumeration>
                <cloud:enumeration>Based On Employee Paygroup</cloud:enumeration>
                <cloud:enumeration>None</cloud:enumeration>
              </cloud:enumeration-type>
            </cloud:type>
          </cloud:attribute>
          <cloud:attribute name="Send Awards to Talent Profile Feedback Section">
            <cloud:type>
              <cloud:enumeration-type name="Send to Feedback">
                <cloud:enumeration>Yes</cloud:enumeration>
                <cloud:enumeration>No</cloud:enumeration>
              </cloud:enumeration-type>
            </cloud:type>
          </cloud:attribute>
          <cloud:attribute name="External Earning Code For Non Cash">
            <cloud:type>
              <cloud:simple-type>text</cloud:simple-type>
            </cloud:type>
          </cloud:attribute>
          <cloud:attribute name="External Earning Code For Cash">
            <cloud:type>
              <cloud:simple-type>text</cloud:simple-type>
            </cloud:type>
          </cloud:attribute>
          <cloud:attribute name="Earning Code For Non Cash">
            <cloud:type>
              <cloud:simple-type>text</cloud:simple-type>
            </cloud:type>
          </cloud:attribute>
          <cloud:attribute name="Earning Code For Cash">
            <cloud:type>
              <cloud:simple-type>text</cloud:simple-type>
            </cloud:type>
          </cloud:attribute>
          <cloud:attribute name="Recognition Program Name">
            <cloud:type>
              <cloud:simple-type>text</cloud:simple-type>
            </cloud:type>
          </cloud:attribute>
          <cloud:attribute name="Override Cost Center">
            <cloud:type>
              <cloud:enumeration-type name="Type of Cost Center">
                <cloud:enumeration>Nominator Cost Center</cloud:enumeration>
                <cloud:enumeration>Recipient Cost Center</cloud:enumeration>
              </cloud:enumeration-type>
            </cloud:type>
          </cloud:attribute>
          <cloud:attribute name="RaaS URL">
            <cloud:type>
              <cloud:simple-type>text</cloud:simple-type>
            </cloud:type>
          </cloud:attribute>
          <cloud:attribute name="Awards Are Points Based">
            <cloud:type>
              <cloud:enumeration-type name="PointsBasedAwards">
                <cloud:enumeration>Yes</cloud:enumeration>
                <cloud:enumeration>No</cloud:enumeration>
              </cloud:enumeration-type>
            </cloud:type>
          </cloud:attribute>
          <cloud:attribute name="Feedback Badge">
            <cloud:type>
              <cloud:class-report-field description="Feedback  Badge" type="WID" singular="true">bcb2dc463dbd1000180bfead2f3100cf</cloud:class-report-field>
            </cloud:type>
          </cloud:attribute>
          <cloud:map name="GloboforceAwards_To_OTP_RefIDs">
            <cloud:internal-type>
              <cloud:class-report-field description="One-Time Payment Plan" type="WID" singular="true">337a64e03bca412d8980942a70e7fac6</cloud:class-report-field>
            </cloud:internal-type>
            <cloud:external-type>
              <cloud:simple-type>text</cloud:simple-type>
            </cloud:external-type>
          </cloud:map>
        </cloud:attribute-map-service>
        <cloud:retrieval-service name="GetFile"/>
        <cloud:report-service name="INT0155a-Workhuman Payroll And Feedback Inbound_RS">
          <cloud:report-alias description="INT0155a Payroll System" name="INT0155a_Payroll_System">
            <cloud:report-reference description="INT0155a Payroll System" type="WID">46cfe000a0d701bcb8d4107f5c03f26c</cloud:report-reference>
          </cloud:report-alias>
        </cloud:report-service>
      </cc:integration-system>
</cc:workday-in>
<cc:async-mediation id="TextToXML1" routes-to="TransformInboundFile">
<cc:steps>
<cc:textschema id="Textschema0" output-mimetype="text/xml" input="variable" input-variable="wd.retrieve.delete" style="text2xml" url="xsd_TextSchema.xsd"/>
<cc:log id="Log0">
<cc:log-message>
                        <cc:line-separator/>
<cc:text>&#xD;
****************************************************&#xD;
LOG AFTER XML TRANSFORM&#xD;
****************************************************</cc:text>
                        <cc:line-separator/>
                        <cc:message-content/>
                        <cc:line-separator/>
                        <cc:line-separator/>
</cc:log-message>
</cc:log>
</cc:steps>
<cc:send-error id="InvalidFile" routes-to="MalformedFile"/>
</cc:async-mediation>
<cc:async-mediation id="TransformInboundFile" routes-to="StoreInputFile">
<cc:steps>
<cc:xslt id="XSLT" output="variable" output-mimetype="text/xml" output-variable="vInputXML" url="TransformData.xsl"/>
</cc:steps>
<cc:send-error id="DataValidationError" routes-to="ValidationErrorMessage"/>
</cc:async-mediation>
<cc:local-in id="ProcessFileTransform" routes-to="PointsAwardsRoute"/>

<cc:local-out id="CallSplitter" endpoint="vm://Globoforce_Inbound_2/ProcessSplitter"/>
<cc:local-in id="ProcessSplitter" routes-to="Splitter0"/>
<cc:async-mediation id="GetWorkersRequest" routes-to="SubmitGetWorkers" handle-downstream-errors="true">
<cc:steps>
<cc:write id="SubmitGetWorkersRequest">
<cc:message><cc:text>&lt;?xml version=&quot;1.0&quot; encoding=&quot;UTF-8&quot;?>&#xD;
&lt;env:Envelope xmlns:env=&quot;http://schemas.xmlsoap.org/soap/envelope/&quot;>&#xD;
    &lt;env:Body>&#xD;
        &lt;wd:Get_Workers_Request xmlns:wd=&quot;urn:com.workday/bsvc&quot; wd:version=&quot;v29.0&quot;>&#xD;
            &lt;wd:Request_References>&#xD;
                &lt;wd:Worker_Reference>&#xD;
                    &lt;wd:ID wd:type=&quot;Employee_ID&quot;>@{props['EmpID']}&lt;/wd:ID>&#xD;
                &lt;/wd:Worker_Reference>&#xD;
            &lt;/wd:Request_References>&#xD;
            &lt;wd:Response_Group>&#xD;
                &lt;wd:Include_Reference>true&lt;/wd:Include_Reference>&#xD;
                &lt;wd:Include_Personal_Information>true&lt;/wd:Include_Personal_Information>&#xD;
                &lt;wd:Include_Employment_Information>true&lt;/wd:Include_Employment_Information>&#xD;
                &lt;wd:Include_Compensation>false&lt;/wd:Include_Compensation>&#xD;
                &lt;wd:Include_Organizations>false&lt;/wd:Include_Organizations>&#xD;
                &lt;wd:Exclude_Organization_Support_Role_Data>false&lt;/wd:Exclude_Organization_Support_Role_Data>&#xD;
                &lt;wd:Exclude_Cost_Centers>true&lt;/wd:Exclude_Cost_Centers>&#xD;
                &lt;wd:Exclude_Cost_Center_Hierarchies>true&lt;/wd:Exclude_Cost_Center_Hierarchies>&#xD;
                &lt;wd:Exclude_Companies>true&lt;/wd:Exclude_Companies>&#xD;
                &lt;wd:Exclude_Company_Hierarchies>true&lt;/wd:Exclude_Company_Hierarchies>&#xD;
                &lt;wd:Exclude_Matrix_Organizations>true&lt;/wd:Exclude_Matrix_Organizations>&#xD;
                &lt;wd:Exclude_Pay_Groups>true&lt;/wd:Exclude_Pay_Groups>&#xD;
                &lt;wd:Exclude_Regions>true&lt;/wd:Exclude_Regions>&#xD;
                &lt;wd:Exclude_Region_Hierarchies>true&lt;/wd:Exclude_Region_Hierarchies>&#xD;
                &lt;wd:Exclude_Supervisory_Organizations>true&lt;/wd:Exclude_Supervisory_Organizations>&#xD;
                &lt;wd:Exclude_Teams>true&lt;/wd:Exclude_Teams>&#xD;
                &lt;wd:Exclude_Custom_Organizations>true&lt;/wd:Exclude_Custom_Organizations>&#xD;
                &lt;wd:Include_Roles>false&lt;/wd:Include_Roles>&#xD;
                &lt;wd:Include_Management_Chain_Data>false&lt;/wd:Include_Management_Chain_Data>&#xD;
                &lt;wd:Include_Benefit_Enrollments>false&lt;/wd:Include_Benefit_Enrollments>&#xD;
                &lt;wd:Include_Benefit_Eligibility>false&lt;/wd:Include_Benefit_Eligibility>&#xD;
                &lt;wd:Include_Related_Persons>false&lt;/wd:Include_Related_Persons>&#xD;
                &lt;wd:Include_Qualifications>false&lt;/wd:Include_Qualifications>&#xD;
                &lt;wd:Include_Employee_Review>false&lt;/wd:Include_Employee_Review>&#xD;
                &lt;wd:Include_Goals>false&lt;/wd:Include_Goals>&#xD;
                &lt;wd:Include_Photo>false&lt;/wd:Include_Photo>&#xD;
                &lt;wd:Include_Worker_Documents>false&lt;/wd:Include_Worker_Documents>&#xD;
                &lt;wd:Include_Transaction_Log_Data>false&lt;/wd:Include_Transaction_Log_Data>&#xD;
                &lt;wd:Include_Succession_Profile>false&lt;/wd:Include_Succession_Profile>&#xD;
                &lt;wd:Include_Talent_Assessment>false&lt;/wd:Include_Talent_Assessment>&#xD;
                &lt;wd:Include_Employee_Contract_Data>false&lt;/wd:Include_Employee_Contract_Data>&#xD;
                &lt;wd:Include_Feedback_Received>false&lt;/wd:Include_Feedback_Received>&#xD;
                &lt;wd:Include_User_Account>false&lt;/wd:Include_User_Account>&#xD;
            &lt;/wd:Response_Group>&#xD;
        &lt;/wd:Get_Workers_Request>&#xD;
    &lt;/env:Body>&#xD;
&lt;/env:Envelope>&#xD;
</cc:text></cc:message>
</cc:write>
</cc:steps>
<cc:send-error id="GetWorkersError" routes-to="CallPutIntegrationMessage0"/>
</cc:async-mediation>
<cc:workday-out-soap id="SubmitRequestOneTimePayment" routes-response-to="Validation-off" application="Compensation" version="v29.0"/>
<cc:async-mediation id="WebServiceValidation" routes-to="Route0">
<cc:steps>
<cc:log id="Log0">
<cc:log-message>
<cc:text>&#xD;
*******************************&#xD;
LOG AFTER OTP SUBMISSION:&#xD;
 &#xD;
props['EmpID']             = @{props['EmpID']}&#xD;
props['pEmployeeName']     = @{props['pEmployeeName']}&#xD;
props['pEmpPayGroup']      = @{props['pEmpPayGroup']}&#xD;
props['AwardDate']         = @{props['AwardDate']}&#xD;
props['Value']             = @{props['Value']}&#xD;
props['AwardType']         = @{props['AwardType']}&#xD;
props['AwardName']         = @{props['AwardName']}&#xD;
props['Otp_Refid']         = @{props['Otp_Refid']}&#xD;
 *******************************&#xD;
 &#xD;
 </cc:text>
</cc:log-message>
</cc:log>
                <cc:eval id="Eval">
                    <cc:expression>props['pLogFile'] = props['pLogFile'] + props['pRecordNum'] + ',' + 'OTP' + ',' + props['EmpID'] + ',' + props['pEmployeeName'] + ',' + props['pEmpPayGroup'] + ',' + props['AwardDate'] + ',' + props['Value'] + ',' + props['AwardType'] + ',' + props['AwardName'] + ',' + props['Otp_Refid']  + ',' + 'Success' + ',' + 'One-Time Payment Inserted Successfully' +'\n'</cc:expression>
                </cc:eval>
</cc:steps>
</cc:async-mediation>
<cc:async-mediation id="SubmitOneTimePayementRequest" routes-to="Validation-on" handle-downstream-errors="true">
<cc:steps>
<cc:xslt id="SUBMIT" url="ReqOTPRequest.xsl"/>
<cc:log id="Log0">
<cc:log-message><cc:text>&#xD;
***********************&#xD;
Processing OTP Request&#xD;
**********************&#xD;
&#xD;
</cc:text>
</cc:log-message>
</cc:log>
</cc:steps>
<cc:send-error id="ReqOneTimePaymentsError" routes-to="WSError-1"/>
</cc:async-mediation>

<cc:local-out id="ValidationErrorMessage" endpoint="vm://wcc/PutIntegrationMessage">
<cc:set name="is.message.severity" value="'ERROR'"/>
<cc:set name="is.message.summary" value="'Data validation fails. All required fields are not present.'"/>
<cc:set name="is.message.detail" value="'Integration failed to transform transaction details for member ' + props['EmpID'] + 'in file ' +  props['ia.sftp.filename']"/>
</cc:local-out>
<cc:local-out id="ValidationSuccessMessage" routes-response-to="CallSplitter" endpoint="vm://wcc/PutIntegrationMessage" clone-request="true">
<cc:set name="is.message.severity" value="'INFO'"/>
<cc:set name="is.message.summary" value="'Data validation succeeds. All required fields present.'"/>
<cc:set name="is.message.detail" value="'Integration succeeded to transform file ' +  props['ia.sftp.filename']"/>
</cc:local-out>
<cc:local-out id="WebRequestErrorMessage" endpoint="vm://wcc/PutIntegrationMessage">
<cc:set name="is.event.wid" value="lp.isSet() ? lp.getIntegrationEventWID() : null"/>
<cc:set name="is.message.severity" value="'ERROR'"/>
<cc:set name="is.message.summary" value="'Integration FAILED in creating One-Time Payment for Employee ' + props['EmpID']"/>
<cc:set name="is.message.detail" value="context.errorMessage"/>
</cc:local-out>




<cc:local-out id="WebServiceSuccessMessage" routes-response-to="WebServiceValidation" endpoint="vm://wcc/PutIntegrationMessage" clone-request="true">
<cc:set name="is.message.severity" value="'INFO'"/>
<cc:set name="is.message.summary" value="'Integration succeeded in creating One-Time Payment for Employee ' + props['EmpID']"/>
</cc:local-out>
<cc:local-out id="CallOTPs" endpoint="vm://Globoforce_Inbound_2/ProcessOTPs"/>
<cc:local-in id="ProcessOTPs" routes-to="AwardValueRoute"/>




<cc:local-out id="CallPutIntegrationMessage0" endpoint="vm://wcc/PutIntegrationMessage">
<cc:set name="is.message.severity" value="'INFO'"/>
<cc:set name="is.message.summary" value="'Employee ID: ' + props['EmpID'] + ' does not exist. This employee record will not be processed.'"/>
</cc:local-out>
<cc:workday-out-soap id="SubmitGetWorkers" routes-response-to="GetWorkersLog" application="Human_Resources" version="v29.0"/>
<cc:local-out id="MalformedFile" endpoint="vm://wcc/PutIntegrationMessage">
<cc:set name="is.message.severity" value="'ERROR'"/>
<cc:set name="is.message.summary" value="'Malformed File. No records will be processed.'"/>
</cc:local-out>
<cc:send-error id="SendError0" routes-to="CallPutIntegrationMessage3"/>









<cc:local-out id="CallPutIntegrationMessage3" endpoint="vm://wcc/PutIntegrationMessage">
<cc:set name="is.message.severity" value="'CRITICAL'"/>
<cc:set name="is.message.summary" value="'An unexpected error has occurred: ' + context.errorMessage"/>
<cc:set name="is.message.detail" value="context.errorMessage"/>
</cc:local-out>
<cc:async-mediation id="RecordFeedback" routes-to="Validation-on0" handle-downstream-errors="true">
<cc:steps>
                <cc:eval id="Eval">
                    <cc:expression>if (props['Points.Based.Awards'] == 'Yes')&#xD;
{props['pOutputValue'] = props['AwardValuePoints'];}&#xD;
else&#xD;
{props['pOutputValue'] = props['Value'];}</cc:expression>
                </cc:eval>
<cc:xslt id="Xslt0" url="FeedbackRequest.xsl"/>
<cc:log id="Log0">
<cc:log-message><cc:text>&#xD;
&#xD;
*******************************************************************&#xD;
Record Feedback Request&#xD;
&#xD;
props['EmpID']                    = @{props['EmpID']}&#xD;
props['pEmployeeName']            = @{props['pEmployeeName']}&#xD;
props['pEmpPayGroup']             = @{props['pEmpPayGroup']}&#xD;
props['AwardDate']                = @{props['AwardDate']}&#xD;
props['Value']                    = @{props['Value']}&#xD;
props['AwardType']                = @{props['AwardType']}&#xD;
props['AwardName']                = @{props['AwardName']}&#xD;
props['feedback.badge.reference'] = @{props['feedback.badge.reference']}&#xD;
props['Recognition.Program.Name'] = @{props['Recognition.Program.Name']}&#xD;
********************************************************************&#xD;
&#xD;
</cc:text>
</cc:log-message>
</cc:log>

</cc:steps>
<cc:send-error id="errorHandler" routes-to="WSError-2"/>
</cc:async-mediation>
<cc:workday-out-soap id="GiveFeedbackWWS" routes-response-to="Validation-off0" application="Talent" version="v29.0"/>
<cc:local-out id="PIM-Error" endpoint="vm://wcc/PutIntegrationMessage">
<cc:set name="is.message.severity" value="'INFO'"/>
<cc:set name="is.message.summary" value="'An error occurred while storing the feedback in the talent section of employee :' + props['EmpID']"/>
<cc:set name="is.message.detail" value="context.errorMessage"/>
</cc:local-out>
<cc:async-mediation id="LogFeedbackWWS" routes-to="SendTalentMsgToWD">
<cc:steps>
                <cc:eval id="Eval">
                    <cc:expression>if (props['Points.Based.Awards'] == 'Yes')&#xD;
{props['pOutputValue'] = props['AwardValuePoints'];}&#xD;
else&#xD;
{props['pOutputValue'] = props['Value'];}</cc:expression>
                    <cc:expression>props['pLogFile'] = props['pLogFile'] + props['pRecordNum'] + ',' + 'Talent Feedback' + ',' + props['EmpID'] + ',' + props['pEmployeeName'] + ',' + props['pEmpPayGroup'] + ',' + props['AwardDate'] + ',' + props['pOutputValue'] + ',' + props['AwardType'] + ',' + props['AwardName'] + ',' + ' ' + ',' + 'Success' + ',' + 'Talent Feedback Inserted Successfully' +'\n'</cc:expression>
                </cc:eval>
</cc:steps>

</cc:async-mediation>
<cc:local-out id="SendTalentMsgToWD" routes-response-to="ChkPayroll" endpoint="vm://wcc/PutIntegrationMessage">
<cc:set name="is.message.severity" value="'INFO'"/>
<cc:set name="is.message.summary" value="'Successfully created feedback in the talent section for employee ' + props['EmpID']"/>
</cc:local-out>
<cc:async-mediation id="GetFile" routes-to="GetFileName">
<cc:steps>
                <cc:eval id="LP">
                    <cc:expression>props['validation.mode.lp'] = (Boolean)lp.getSimpleData('Validation Mode')</cc:expression>
                    <cc:expression>props['current.moment'] = lp.getDate('Current Date')</cc:expression>
                    <cc:expression>props['pLogFile'] = 'Record No,Record Type,Employee ID,Name,Pay Group,Award Date,Amount,Award Type,Award Name,Compensation Element,Status,Message' + '\n'</cc:expression>
                    <cc:expression>props['pRecordNum'] = 0;</cc:expression>
                </cc:eval>
<cc:eval id="Eval0"><cc:expression>if (da.size() > 0 ) {da.toVar(0, 'wd.retrieve.delete')}</cc:expression></cc:eval>
<cc:copy id="Copy0" input="variable" input-variable="wd.retrieve.delete"/>
</cc:steps>
</cc:async-mediation>
<cc:local-out id="CallProcessFileTransform" routes-response-to="StoreAudit" endpoint="vm://Globoforce_Inbound_2/ProcessFileTransform"/>
<cc:async-mediation id="GetFileName" routes-to="GotFileMsg">
<cc:steps>
<cc:eval id="Eval0"><cc:expression>props['output.filename']  = vars['wd.retrieve.delete'].fileName</cc:expression></cc:eval>
                <cc:validate-exp id="ValidateExp">
                    <cc:expression failure-message="No Input file to process">vars['wd.retrieve.delete'].length > 0</cc:expression>
                </cc:validate-exp>
</cc:steps>
            <cc:send-error id="SendError" routes-to="PIM-NoInputFile"/>
</cc:async-mediation>
<cc:local-out id="StartMessage" routes-response-to="GetFile" endpoint="vm://wcc/PutIntegrationMessage">
<cc:set name="is.message.severity" value="'INFO'"/>
<cc:set name="is.message.summary" value="'Globoforce Payroll File processing started'"/>
</cc:local-out>
<cc:async-mediation id="GetRefID" routes-to="GetWorkersRequest" handle-downstream-errors="true">
<cc:steps>
<cc:eval id="Eval0"><cc:expression>props['Otp_Refid'] =  intsys.integrationMapReverseLookup('GloboforceAwards_To_OTP_RefIDs', props['AwardType']).get(0).getReferenceData('One-Time_Payment_Plan_ID')</cc:expression>
    <cc:expression>props['pRecordNum'] = props['pRecordNum'] + 1;</cc:expression></cc:eval>
</cc:steps>
<cc:send-error id="errorHandler" routes-to="CallPutIntegrationMessage4"/>
</cc:async-mediation>




<cc:async-mediation id="GetIntAttributes" routes-to="RunAttributes">
<cc:steps>
<cc:eval id="Eval0"><cc:expression>props['Earning.Code.For.Cash'] = intsys.getAttribute('Earning Code For Cash')</cc:expression><cc:expression>props['Earning.Code.For.Non.Cash'] = intsys.getAttribute('Earning Code For Non Cash')</cc:expression><cc:expression>props['External.Earning.Code.For.Cash'] = intsys.getAttribute('External Earning Code For Cash')</cc:expression><cc:expression>props['External.Earning.Code.For.Non.Cash'] = intsys.getAttribute('External Earning Code For Non Cash')</cc:expression><cc:expression>props['Send.Awards.To.Payroll'] = intsys.getAttribute('Send Awards To Payroll')</cc:expression><cc:expression>props['Send.Awards.To.Talent.Profile.Feedback.Section'] = intsys.getAttribute('Send Awards to Talent Profile Feedback Section')</cc:expression><cc:expression>props['Recognition.Program.Name'] = intsys.getAttribute('Recognition Program Name')</cc:expression><cc:expression>props['Override.Cost.Center'] = intsys.getAttribute('Override Cost Center')</cc:expression><cc:expression>props['RaaS.URL'] = intsys.getAttribute('RaaS URL')</cc:expression><cc:expression>props['Points.Based.Awards'] = intsys.getAttribute('Awards Are Points Based')</cc:expression>
    <cc:expression>props['feedback.badge.reference'] =  intsys.getAttributeReferenceData('Feedback Badge','Feedback_Badge_ID')</cc:expression></cc:eval>
<cc:log id="Log0">
<cc:log-message><cc:text>&#xD;
***************************************************************************&#xD;
PROPS - Int Attributes&#xD;
&#xD;
sent to talent     = @{props['Send.Awards.To.Talent.Profile.Feedback.Section']}&#xD;
points             = @{props['Points.Based.Awards']}&#xD;
feedback badge     = @{props['feedback.badge.reference'] }&#xD;
***************************************************************************&#xD;
&#xD;
</cc:text></cc:log-message>
</cc:log>
</cc:steps>
</cc:async-mediation>
<cc:route id="Route0">
<cc:mvel-strategy>
<cc:choose-route expression="props['Send.Awards.To.Talent.Profile.Feedback.Section'] == 'Yes' &amp;&amp; props['NominationReason'] != 'YOS'" route="CreateTalent"/>
<cc:choose-route expression="true" route="NoTalent"/>
</cc:mvel-strategy>
<cc:sub-route name="CreateTalent" routes-to="PointAwardsRoute"/>
<cc:sub-route name="NoTalent" routes-to="NoTalent"/>
</cc:route>

<cc:async-mediation id="NoTalent" routes-to="CheckPayroll">
<cc:steps/>
</cc:async-mediation>
<cc:local-out id="RunAttributes" routes-response-to="CallProcessFileTransform" endpoint="vm://wcc/PutIntegrationMessage" clone-request="true">
<cc:set name="is.message.severity" value="'INFO'"/>
<cc:set name="is.message.summary" value="'Starting to process the file. This integration run has the PAYROLL attribute set to ' + props['Send.Awards.To.Payroll'] + ' and the TALENT attribute set to ' + props['Send.Awards.To.Talent.Profile.Feedback.Section']"/>
</cc:local-out>
<cc:local-out id="CheckPayroll" execute-when="props['Send.Awards.To.Payroll'] != 'None' &amp;&amp; props['Value'] > 0" endpoint="vm://Globoforce_Inbound_2/Payroll"/>
<cc:local-out id="ChkPayroll" execute-when="props['Send.Awards.To.Payroll'] != 'None' &amp;&amp; props['Value'] > 0" endpoint="vm://Globoforce_Inbound_2/Payroll"/>
<cc:local-in id="Payroll" routes-to="AsyncMediation0"/>

<cc:route id="PayrollRoute">
<cc:mvel-strategy>
<cc:choose-route expression="props['Send.Awards.To.Payroll'] == 'Workday Payroll'" route="WorkdayPayroll"/>
<cc:choose-route expression="props['Send.Awards.To.Payroll'] == 'Payroll Interface'" route="PayrollInterface"/>

<cc:choose-route expression="props['Send.Awards.To.Payroll'] == 'Based On Employee Paygroup'" route="BasedOnPaygroup"/>
</cc:mvel-strategy>
<cc:sub-route name="WorkdayPayroll" routes-to="WkdayPayroll"/>
<cc:sub-route name="PayrollInterface" routes-to="PayrollInterface"/>
<cc:sub-route name="BasedOnPaygroup" routes-to="BasedOnPaygroupPayrollRoute"/>
</cc:route>

<cc:async-mediation id="WkdayPayroll" routes-to="Validation-on00" handle-downstream-errors="true">
<cc:steps>
                <cc:eval id="Eval">
                    <cc:expression>props['batch.id'] = 'INT0155A_Workhuman'+ props['current.moment'].toString().substring(0, 10).toString().replace('-', '')</cc:expression>
                    <cc:expression>if (props['AwardType'] == 'Physical' || props['AwardType'] == 'Digital')&#xD;
{props['pEarningCode'] = props['Earning.Code.For.Non.Cash'];}</cc:expression>
                    <cc:expression>if (props['AwardType'] == 'Cash')&#xD;
{props['pEarningCode'] = props['Earning.Code.For.Cash'];}</cc:expression>
                </cc:eval>

<cc:xslt id="Xslt0" url="submit_payroll_input.xsl"/>
<cc:log id="Log0">
<cc:log-message>
                        <cc:line-separator/><cc:text>&#xD;
************************************************************&#xD;
Payroll Input Request for Workday Payroll&#xD;
props['EmpID']                    = @{props['EmpID']}&#xD;
props['pEmployeeName']            = @{props['pEmployeeName']}&#xD;
props['pEmpPayGroup']             = @{props['pEmpPayGroup']}&#xD;
props['AwardDate']                = @{props['AwardDate']}&#xD;
props['Value']                    = @{props['Value']}&#xD;
props['AwardType']                = @{props['AwardType']}&#xD;
props['AwardName']                = @{props['AwardName']}&#xD;
props['Earning.Code.For.Non.Cash']= @{props['Earning.Code.For.Non.Cash']}&#xD;
props['Earning.Code.For.Cash']    = @{props['Earning.Code.For.Cash']}&#xD;
**************************************************************&#xD;
&#xD;
</cc:text>
                        <cc:line-separator/>
</cc:log-message>
</cc:log>
</cc:steps>
<cc:send-error id="errorHandler" routes-to="WSError-4"/>
</cc:async-mediation>
<cc:async-mediation id="PayrollInterface" routes-to="Validate-On000" handle-downstream-errors="true">
<cc:steps>
                <cc:eval id="Eval">
                    <cc:expression>if (props['AwardType'] == 'Physical' || props['AwardType'] == 'Digital')&#xD;
{props['pEarningCode'] = props['External.Earning.Code.For.Non.Cash'];}</cc:expression>
                    <cc:expression>if (props['AwardType'] == 'Cash')&#xD;
{props['pEarningCode'] = props['External.Earning.Code.For.Cash'];}</cc:expression>
                </cc:eval>
<cc:xslt id="Xslt0" url="CreateExternalPayrollInputRequest.xsl"/>
<cc:log id="Log0">
<cc:log-message>
                        <cc:line-separator/><cc:text>&#xD;
*************&#xD;
Create external earning request&#xD;
**************&#xD;
&#xD;
</cc:text>
                        <cc:line-separator/>
</cc:log-message>
</cc:log>
</cc:steps>
<cc:send-error id="errorHandler" routes-to="WSError-5"/>
</cc:async-mediation>
<cc:workday-out-soap id="ExternalEarnings" routes-response-to="Validate-Off000" application="Payroll_Interface" version="v29.0"/>
<cc:local-out id="CallPutIntegrationMessage5" endpoint="vm://wcc/PutIntegrationMessage">
<cc:set name="is.message.severity" value="'INFO'"/>
<cc:set name="is.message.summary" value="'Successfully created external earning for employee ID: ' +  props['EmpID']"/>
</cc:local-out>
<cc:local-out id="CallPutIntegrationMessage6" endpoint="vm://wcc/PutIntegrationMessage">
<cc:set name="is.message.severity" value="'INFO'"/>
<cc:set name="is.message.summary" value="'An error occurred while creating the external earning for employee ID: ' + props['EmpID']"/>
<cc:set name="is.message.detail" value="context.errorMessage"/>
</cc:local-out>
<cc:async-mediation id="GetWorkersLog" routes-to="CallOTPs">
<cc:steps>
<cc:eval id="Eval0"><cc:expression>props['position.id'] = parts[0].xpath('/env:Envelope/env:Body/wd:Get_Workers_Response/wd:Response_Data/wd:Worker/wd:Worker_Data/wd:Employment_Data/wd:Worker_Job_Data[@wd:Primary_Job=&quot;1&quot;]/wd:Position_Data/wd:Position_ID')</cc:expression>
    <cc:expression>props['pEmpPayGroup'] = parts[0].xpath('/env:Envelope/env:Body/wd:Get_Workers_Response/wd:Response_Data/wd:Worker/wd:Worker_Data/wd:Employment_Data/wd:Worker_Job_Data/wd:Position_Data/wd:Payroll_Interface_Processing_Data/wd:Frequency_Reference/wd:ID[@wd:type=&quot;Frequency_ID&quot;]')</cc:expression>
    <cc:expression>props['pEmployeeName'] = parts[0].xpath('/env:Envelope/env:Body/wd:Get_Workers_Response/wd:Response_Data/wd:Worker/wd:Worker_Data/wd:Personal_Data/wd:Name_Data/wd:Legal_Name_Data/wd:Name_Detail_Data/@wd:Formatted_Name')</cc:expression></cc:eval>
</cc:steps>
</cc:async-mediation>
<cc:local-out id="GotFileMsg" routes-response-to="GetIntAttributes" endpoint="vm://wcc/PutIntegrationMessage">
<cc:set name="is.message.severity" value="'INFO'"/>
<cc:set name="is.message.summary" value="'Downloaded the file named ' + props['output.filename'] + '  from Globoforce. Now processing the file.'"/>
</cc:local-out>
<cc:workday-out-soap id="WorkdayOutSoap0" routes-response-to="Validation-off00" application="Payroll" version="v29.0"/>
<cc:local-out id="CallPutIntegrationMessage2" endpoint="vm://wcc/PutIntegrationMessage">
<cc:set name="is.message.severity" value="'INFO'"/>
<cc:set name="is.message.summary" value="'Successfully created earning for employee ID: ' +  props['EmpID']"/>
</cc:local-out>

<cc:local-out id="CallPutIntegrationMessage7" endpoint="vm://wcc/PutIntegrationMessage">
<cc:set name="is.message.severity" value="'INFO'"/>
<cc:set name="is.message.summary" value="'An error occurred while creating the earning for employee ID: ' + props['EmpID']"/>
<cc:set name="is.message.detail" value="context.errorMessage"/>
</cc:local-out>
<cc:route id="AwardValueRoute">
<cc:mvel-strategy>
<cc:choose-route expression="props['Value'] > 0" route="Non Zero Award"/>
<cc:choose-route expression="props['Value'] == 0" route="Zero Value Award"/>
</cc:mvel-strategy>
<cc:sub-route name="Non Zero Award" routes-to="SubmitOneTimePayementRequest"/>
<cc:sub-route name="Zero Value Award" routes-to="Route0"/>
</cc:route>
<cc:route id="BasedOnPaygroupPayrollRoute">
<cc:mvel-strategy>
<cc:choose-route expression="props['Payroll'] == 'Workday Payroll'" route="WorkdayPayroll"/>
<cc:choose-route expression="props['Payroll'] == 'Payroll Interface'" route="PayrollInterface"/>
</cc:mvel-strategy>
<cc:sub-route name="WorkdayPayroll" routes-to="WkdayPayroll"/>
<cc:sub-route name="PayrollInterface" routes-to="PayrollInterface"/>
</cc:route>
<cc:workday-out-rest id="WorkdayOutRest0" routes-response-to="AsyncMediation3" extra-path="@{intsys.reportService.getExtrapath('INT0155a_Payroll_System')}?EmID=@{props['EmpID']}" failure-message="Payroll Input will npt be proc."/>
<cc:async-mediation id="AsyncMediation3" routes-to="PayrollRoute">
<cc:steps>
<cc:log id="Log1">
<cc:log-message><cc:text>&#xD;
***********&#xD;
output from report&#xD;
************&#xD;
&#xD;
</cc:text>
</cc:log-message>
</cc:log>
<cc:eval id="Eval0"><cc:expression>props['Payroll'] = parts[0].xpath('//wd:Payroll','wd urn:com.workday.report/INT0155a_Payroll_System')</cc:expression><cc:expression>props['EID'] = parts[0].xpath('//wd:EID','wd urn:com.workday.report/INT0155a_Payroll_System')</cc:expression></cc:eval>
<cc:log id="Log0">
<cc:log-message><cc:text>&#xD;
**********&#xD;
output from the reprt&#xD;
@{props['EID']}&#xD;
@{props['Payroll']}&#xD;
************&#xD;
&#xD;
&#xD;
</cc:text>
</cc:log-message>
</cc:log>

</cc:steps>

</cc:async-mediation>


<cc:route id="PointsAwardsRoute">
<cc:mvel-strategy>
<cc:choose-route expression="props['Points.Based.Awards'] == 'No'" route="NonPointsAwards"/>
<cc:choose-route expression="props['Points.Based.Awards'] == 'Yes'" route="PointsAwards"/>
</cc:mvel-strategy>
<cc:sub-route name="NonPointsAwards" routes-to="TextToXML1"/>
<cc:sub-route name="PointsAwards" routes-to="TextToXML"/>
</cc:route>
<cc:async-mediation id="TextToXML" routes-to="TransformPointsFile">
<cc:steps>
<cc:textschema id="Textschema0" output-mimetype="text/xml" input="variable" input-variable="wd.retrieve.delete" style="text2xml" url="xsd_TextSchemaforPointsAwards.xsd"/>
<cc:log id="Log1">
<cc:log-message>
                        <cc:line-separator/><cc:text>&#xD;
****************************************************&#xD;
LOG AFTER XML TRANSFORM&#xD;
****************************************************</cc:text>
                        <cc:line-separator/>
                        <cc:message-content/>
                        <cc:line-separator/>
</cc:log-message>
</cc:log>
</cc:steps>
<cc:send-error id="InvalidFile" routes-to="Malformed_File"/>
</cc:async-mediation>






<cc:local-out id="Malformed_File" endpoint="vm://wcc/PutIntegrationMessage">
<cc:set name="is.message.severity" value="'ERROR'"/>
<cc:set name="is.message.summary" value="'Malformed File. No records will be processed.'"/>
</cc:local-out>

<cc:async-mediation id="TransformPointsFile" routes-to="StoreInputFile">
<cc:steps>
<cc:xslt id="PointsAwardsXSLT" output="variable" output-variable="vInputXML" url="PointsAwardsXSLT.xsl"/>
</cc:steps>
<cc:send-error id="DataValidationError" routes-to="ValidationErrorMsg"/>
</cc:async-mediation>
<cc:local-out id="ValidationErrorMsg" endpoint="vm://wcc/PutIntegrationMessage">
<cc:set name="is.message.severity" value="'ERROR'"/>
<cc:set name="is.message.summary" value="'Data validation fails. All required fields are not present.'"/>
<cc:set name="is.message.detail" value="'Integration failed to transform transaction details for member ' + props['EmpID'] + 'in file ' +  props['ia.sftp.filename']"/>
</cc:local-out>
<cc:async-mediation id="SettingGlobalVariables" routes-to="GetRefID">
<cc:steps>
<cc:eval id="SettingIntAttributes"><cc:expression>props['EmpID'] = parts[0].xpath('//EmpID')</cc:expression><cc:expression>props['Country'] = parts[0].xpath('//Country')</cc:expression><cc:expression>props['Department'] = parts[0].xpath('//NominatorDepartment')</cc:expression><cc:expression>props['AwardDate'] = parts[0].xpath('//AwardDate')</cc:expression><cc:expression>props['Value'] = parts[0].xpath('//Value')</cc:expression><cc:expression>props['Currency'] = parts[0].xpath('//Currency')</cc:expression><cc:expression>props['countryLookup'] = intsys.integrationMapLookup('GloboToWorkdayCountries',  props['Country'])</cc:expression><cc:expression>props['NominatorUserID'] = parts[0].xpath('//NominatorUserID')</cc:expression>
    <cc:expression>props['NominatorName'] = parts[0].xpath('//NominatorName')</cc:expression><cc:expression>props['AwardMessage'] = parts[0].xpath('//AwardMessage')</cc:expression><cc:expression>props['AwardName'] = parts[0].xpath('//AwardName')</cc:expression><cc:expression>props['NominatorCostCenter'] = parts[0].xpath('//NominatorCostCenter')</cc:expression><cc:expression>props['AwardType'] = parts[0].xpath('//AwardType')</cc:expression><cc:expression>props['PayrollInputID'] = parts[0].xpath('//PayrollInputID')</cc:expression><cc:expression>props['RecCostCenter'] = parts[0].xpath('//RecCostCenter')</cc:expression>
    <cc:expression>props['RecCostCenterid'] = parts[0].xpath('//RecCostCenterid')</cc:expression><cc:expression>props['NominationReason'] = parts[0].xpath('//NominationReason')</cc:expression><cc:expression>props['AwardValuePoints'] = parts[0].xpath('//AwardValuePoints')</cc:expression><cc:expression>props['AwardCurrencyPoints'] = parts[0].xpath('//AwardCurrencyPoints')</cc:expression></cc:eval>
<cc:log id="ValidatingCodes">
<cc:log-message>
                        <cc:line-separator/><cc:text>&#xD;
*****************Get RefID for this AwardNameType*************&#xD;
Employee ID             = @{props['EmpID']}&#xD;
Award Type              = @{props['AwardType']}&#xD;
Nomination Reason       = @{props['NominationReason']}&#xD;
Employee Cost Center    = @{props['RecCostCenter']}&#xD;
**************************************************************</cc:text>
                        <cc:line-separator/>
</cc:log-message>
</cc:log>
</cc:steps>
<cc:send-error id="errorHandler" routes-to="CallPutIntegrationMessage8"/>
</cc:async-mediation>
<cc:local-out id="CallPutIntegrationMessage8" endpoint="vm://wcc/PutIntegrationMessage">
<cc:set name="is.message.severity" value="'INFO'"/>
<cc:set name="is.message.summary" value="context.errorMessage"/>
</cc:local-out>
<cc:route id="PointAwardsRoute">
<cc:mvel-strategy>
<cc:choose-route expression="props['Points.Based.Awards'] == 'No'" route="NonPointsAwards"/>
<cc:choose-route expression="props['Points.Based.Awards'] == 'Yes'" route="PointsAwards"/>
</cc:mvel-strategy>
<cc:sub-route name="NonPointsAwards" routes-to="RecordFeedback"/>
<cc:sub-route name="PointsAwards" routes-to="RecordFeedback-PointsAwards"/>
</cc:route>
<cc:async-mediation id="RecordFeedback-PointsAwards" routes-to="Validation-on0" handle-downstream-errors="true">
<cc:steps>
                <cc:eval id="Eval">
                    <cc:expression>if (props['Points.Based.Awards'] == 'Yes')&#xD;
{props['pOutputValue'] = props['AwardValuePoints'];}&#xD;
else&#xD;
{props['pOutputValue'] = props['Value'];}</cc:expression>
                </cc:eval>
<cc:xslt id="Xslt0" url="FeedbackRequestPointsAwards.xsl"/>
<cc:log id="Log0">
<cc:log-message>
<cc:text>&#xD;
************************************************&#xD;
Record Feedback - Points Awarded Request&#xD;
&#xD;
props['EmpID']                    = @{props['EmpID']}&#xD;
props['pEmployeeName']            = @{props['pEmployeeName']}&#xD;
props['pEmpPayGroup']             = @{props['pEmpPayGroup']}&#xD;
props['AwardDate']                = @{props['AwardDate']}&#xD;
props['Value']                    = @{props['Value']}&#xD;
props['AwardType']                = @{props['AwardType']}&#xD;
props['AwardName']                = @{props['AwardName']}&#xD;
props['feedback.badge.reference'] = @{props['feedback.badge.reference']}&#xD;
props['Recognition.Program.Name'] = @{props['Recognition.Program.Name']}&#xD;
*************************************************</cc:text>
</cc:log-message>
</cc:log>
</cc:steps>
<cc:send-error id="errorHandler" routes-to="WSError-3"/>
</cc:async-mediation>
<cc:local-out id="CallPutIntegrationMessage9" endpoint="vm://wcc/PutIntegrationMessage">
<cc:set name="is.message.severity" value="'INFO'"/>
<cc:set name="is.message.summary" value="'An error occurred while storing the feedback in the talent section of employee :' + props['EmpID']"/>
<cc:set name="is.message.detail" value="context.errorMessage"/>
</cc:local-out>
<cc:splitter id="Splitter0">
<cc:sub-route name="SubRoute0" routes-to="SettingGlobalVariables"/>
<cc:xml-stream-splitter xpath="/root/record" xpath-version="1"/>
</cc:splitter>
<cc:local-out id="CallPutIntegrationMessage4" endpoint="vm://wcc/PutIntegrationMessage">
<cc:set name="is.message.severity" value="'ERROR'"/>
<cc:set name="is.message.summary" value="'Mapping not defined for the award ' + props['AwardName'] +'. Record will not be processed for employee ' + props['EmpID']"/>
</cc:local-out>






<cc:async-mediation id="AsyncMediation0" routes-to="WorkdayOutRest0" handle-downstream-errors="true">
<cc:steps/>
<cc:send-error id="errorHandler" routes-to="CallPutIntegrationMessage11"/>
</cc:async-mediation>



<cc:local-out id="CallPutIntegrationMessage11" endpoint="vm://wcc/PutIntegrationMessage">
<cc:set name="is.message.severity" value="'INFO'"/>
<cc:set name="is.message.summary" value="'Payroll System Report not found. Payroll Input will not be processed'"/>
</cc:local-out>
        <cc:async-mediation id="AsyncMediation">
            <cc:steps>
                <cc:csv-to-xml id="CsvToXml" format="rfc4180" rootName="File" rowName="root" separator="|" useFirstLineAsHeader="true"/></cc:steps>
        </cc:async-mediation>
        <cc:async-mediation id="Validation-on" routes-to="SubmitRequestOneTimePayment" execute-steps-when="props['validation.mode.lp']" handle-downstream-errors="true">
            <cc:steps>
                <cc:set-headers id="SetHeaders">
                    <cc:remove-headers/>
                    <cc:add-headers>
                        <cc:add-header name="X-Validate-Only" value="1"/>
                    </cc:add-headers>
                </cc:set-headers>
            </cc:steps>
        </cc:async-mediation>
        <cc:async-mediation id="Validation-off" routes-to="WebServiceSuccessMessage" execute-steps-when="props['validation.mode.lp']">
            <cc:steps>
                <cc:set-headers id="SetHeaders">
                    <cc:remove-headers>
                        <cc:remove-header name="X-Validate-Only"/>
                    </cc:remove-headers>
                    <cc:add-headers/>
                </cc:set-headers>
            </cc:steps>
        </cc:async-mediation>
        <cc:async-mediation id="Validation-on0" routes-to="GiveFeedbackWWS" execute-steps-when="props['validation.mode.lp']" handle-downstream-errors="true">
            <cc:steps>
                <cc:set-headers id="SetHeaders">
                    <cc:remove-headers/>
                    <cc:add-headers>
                        <cc:add-header name="X-Validate-Only" value="1"/>
                    </cc:add-headers>
                </cc:set-headers>
            </cc:steps>
        </cc:async-mediation>
        <cc:async-mediation id="Validation-off0" routes-to="LogFeedbackWWS" execute-steps-when="props['validation.mode.lp']">
            <cc:steps>
                <cc:set-headers id="SetHeaders">
                    <cc:remove-headers>
                        <cc:remove-header name="X-Validate-Only"/>
                    </cc:remove-headers>
                    <cc:add-headers/>
                </cc:set-headers>
            </cc:steps>
        </cc:async-mediation>
        <cc:async-mediation id="Validation-on00" routes-to="WorkdayOutSoap0" execute-steps-when="props['validation.mode.lp']" handle-downstream-errors="true">
            <cc:steps>
                <cc:set-headers id="SetHeaders">
                    <cc:remove-headers/>
                    <cc:add-headers>
                        <cc:add-header name="X-Validate-Only" value="1"/>
                    </cc:add-headers>
                </cc:set-headers>
            </cc:steps>
        </cc:async-mediation>
        <cc:async-mediation id="Validation-off00" routes-to="CreateAuditLog" execute-steps-when="props['validation.mode.lp']">
            <cc:steps>
                <cc:set-headers id="SetHeaders">
                    <cc:remove-headers>
                        <cc:remove-header name="X-Validate-Only"/>
                    </cc:remove-headers>
                    <cc:add-headers/>
                </cc:set-headers>
            </cc:steps>
        </cc:async-mediation>
        <cc:async-mediation id="StoreInputFile" routes-to="ValidationSuccessMessage">
            <cc:steps>
                <cc:store id="Store" input="variable" input-variable="vInputXML" createDocumentReference="true" expiresIn="P180D" title="Formatted_Input_File.xml"/>
                <cc:copy id="Copy" input="variable" input-variable="vInputXML"/>
            </cc:steps>
        </cc:async-mediation>
        <cc:local-out id="PIM-NoInputFile" endpoint="vm://wcc/PutIntegrationMessage"><cc:set name="is.message.severity" value="'ERROR'"/><cc:set name="is.message.summary" value="'An unexpected error occurred Input file has no detail record to process.'"/></cc:local-out>
        <cc:async-mediation id="CreateAuditExternal" routes-to="CallPutIntegrationMessage5">
            <cc:steps>
                <cc:eval id="Eval">
                    <cc:expression>props['pLogFile'] = props['pLogFile'] + props['pRecordNum'] + ',' + 'Payroll Input' + ',' + props['EmpID'] + ',' + props['pEmployeeName'] + ',' + props['pEmpPayGroup'] + ',' + props['AwardDate'] + ',' + props['Value'] + ',' + props['AwardType'] + ',' + props['AwardName'] + ',' + props['pEarningCode'] + ',' + 'Success' + ',' + 'Payroll Input Inserted Successfully' +'\n'</cc:expression>
                </cc:eval>
            </cc:steps>
        </cc:async-mediation>
        <cc:async-mediation id="CreateAuditLog" routes-to="CallPutIntegrationMessage2">
            <cc:steps>
                <cc:eval id="Eval">
                    <cc:expression>props['pLogFile'] = props['pLogFile'] + props['pRecordNum'] + ',' + 'Payroll Input' + ',' + props['EmpID'] + ',' + props['pEmployeeName'] + ',' + props['pEmpPayGroup'] + ',' + props['AwardDate'] + ',' + props['Value'] + ',' + props['AwardType'] + ',' + props['AwardName'] + ',' + props['pEarningCode'] + ',' + 'Success' + ',' + 'Payroll Input Inserted Successfully' +'\n'</cc:expression>
                </cc:eval>
            </cc:steps>
        </cc:async-mediation>
        <cc:async-mediation id="StoreAudit">
            <cc:steps>
                <cc:eval id="Eval">
                    <cc:expression>vars['vLogFile'] = props['pLogFile']</cc:expression>
                </cc:eval>
                <cc:store id="Store" input="variable" input-variable="vLogFile" createDocumentReference="true" expiresIn="P180D" title="INT0155A_Audit_Log.csv"/>
            </cc:steps>
        </cc:async-mediation>
        <cc:async-mediation id="WSError-1" routes-to="WebRequestErrorMessage">
            <cc:steps>
                <cc:eval id="Eval">
                    <cc:expression>props['pLogFile'] = props['pLogFile'] + props['pRecordNum'] + ',' + 'OTP' + ',' + props['EmpID'] + ',' + props['pEmployeeName'] + ',' + props['pEmpPayGroup'] + ',' + props['AwardDate'] + ',' + props['Value'] + ',' + props['AwardType'] + ',' + props['AwardName'] + ',' + props['Otp_Refid'] + ',' + 'ERROR' + ',' + context.errorMessage +'\n'</cc:expression>
                </cc:eval>
            </cc:steps>
        </cc:async-mediation>
        <cc:async-mediation id="WSError-3" routes-to="CallPutIntegrationMessage9">
            <cc:steps>
                <cc:eval id="Eval">
                    <cc:expression>props['pLogFile'] = props['pLogFile'] + props['pRecordNum'] + ',' + 'Talent Feedback' + ',' + props['EmpID'] + ',' + props['pEmployeeName'] + ',' + props['pEmpPayGroup'] + ',' + props['AwardDate'] + ',' + props['pOutputValue'] + ',' + props['AwardType'] + ',' + props['AwardName'] + ',' + ' ' + ',' + 'ERROR' + ',' + context.errorMessage +'\n'</cc:expression>
                </cc:eval>
            </cc:steps>
        </cc:async-mediation>
        <cc:async-mediation id="WSError-2" routes-to="PIM-Error">
            <cc:steps>
                <cc:eval id="Eval">
                    <cc:expression>props['pLogFile'] = props['pLogFile'] + props['pRecordNum'] + ',' + 'Talent Feedback' + ',' + props['EmpID'] + ',' + props['pEmployeeName'] + ',' + props['pEmpPayGroup'] + ',' + props['AwardDate'] + ',' + props['pOutputValue'] + ',' + props['AwardType'] + ',' + props['AwardName'] + ',' + ' ' + ',' + 'ERROR' + ',' + context.errorMessage +'\n'</cc:expression>
                </cc:eval>
            </cc:steps>
        </cc:async-mediation>
        <cc:async-mediation id="WSError-5" routes-to="CallPutIntegrationMessage6">
            <cc:steps>
                <cc:eval id="Eval">
                    <cc:expression>props['pLogFile'] = props['pLogFile'] + props['pRecordNum'] + ',' + 'Payroll Input' + ',' + props['EmpID'] + ',' + props['pEmployeeName'] + ',' + props['pEmpPayGroup'] + ',' + props['AwardDate'] + ',' + props['Value'] + ',' + props['AwardType'] + ',' + props['AwardName'] + ',' + props['pEarningCode'] + ',' + 'ERROR' + ',' + context.errorMessage +'\n'</cc:expression>
                </cc:eval>
            </cc:steps>
        </cc:async-mediation>
        <cc:async-mediation id="WSError-4" routes-to="CallPutIntegrationMessage7">
            <cc:steps>
                <cc:eval id="Eval">
                    <cc:expression>props['pLogFile'] = props['pLogFile'] + props['pRecordNum'] + ',' + 'Payroll Input' + ',' + props['EmpID'] + ',' + props['pEmployeeName'] + ',' + props['pEmpPayGroup'] + ',' + props['AwardDate'] + ',' + props['Value'] + ',' + props['AwardType'] + ',' + props['AwardName'] + ',' + props['pEarningCode'] + ',' + 'ERROR' + ',' + context.errorMessage +'\n'</cc:expression>
                </cc:eval>
            </cc:steps>
        </cc:async-mediation>
        <cc:async-mediation id="Validate-On000" routes-to="ExternalEarnings" execute-steps-when="props['validation.mode.lp']">
            <cc:steps>
                <cc:set-headers id="SetHeaders">
                    <cc:remove-headers/>
                    <cc:add-headers>
                        <cc:add-header name="X-Validate-Only" value="1"/>
                    </cc:add-headers>
                </cc:set-headers>
            </cc:steps>
        </cc:async-mediation>
        <cc:async-mediation id="Validate-Off000" routes-to="CreateAuditExternal" execute-steps-when="props['validation.mode.lp']">
            <cc:steps>
                <cc:set-headers id="SetHeaders">
                    <cc:remove-headers>
                        <cc:remove-header name="X-Validate-Only"/>
                    </cc:remove-headers>
                    <cc:add-headers/>
                </cc:set-headers>
            </cc:steps>
        </cc:async-mediation>


</cc:assembly>

</beans>