<?xml version="1.0" encoding="UTF-8"?>
<beans
     xmlns="http://www.springframework.org/schema/beans"
     xmlns:beans="http://www.springframework.org/schema/beans"
     xmlns:atom="http://www.w3.org/2005/Atom"
     xmlns:cc="http://www.capeclear.com/assembly/10"
     xmlns:cloud="urn:com.workday/esb/cloud/10.0"
     xmlns:env="http://schemas.xmlsoap.org/soap/envelope/"
     xmlns:ns0="http://yourcompany.com/textschema/INT0120_Kronos_Time_Entry_Payroll_Studio_Inbound/INT0120_Text_to_XML2.xsd"
     xmlns:pi="urn:com.workday/picof"
     xmlns:wd="urn:com.workday/bsvc"
     xmlns:xsi="http://www.w3.org/2001/XMLSchema-instance">
 
	<cc:assembly id="WorkdayAssembly" version="2020.9">
        <cc:local-out id="PutIntegrationMessage" endpoint="vm://wcc/PutIntegrationMessage">
            <cc:set name="is.message.severity" value="'CRITICAL'"/>
            <cc:set name="is.message.summary" value="&quot;A Critical error occurred. In CopyInput Step &quot; # context.errorMessage"/>
            <cc:set name="is.message.storage.enabled" value="false"/>
        </cc:local-out>
        <cc:async-mediation id="CopyInput" routes-to="SplittingTextLines">
            <cc:steps>
                <cc:copy id="Copy" output="message" output-mimetype="text/csv; charset=ISO-8859-1" input="variable" input-variable="wd.retrieve.variable" stream-xpath="true"/>
                <cc:validate-exp id="ValidateExp">
                    <cc:expression failure-message="Input File is Empty">vars['wd.retrieve.variable'] != empty</cc:expression>
                </cc:validate-exp>
            </cc:steps>
            <cc:send-error id="SendError" rethrow-error="false" routes-to="PutIntegrationMessage"/>
        </cc:async-mediation>
        <cc:route id="Route2">
            <cc:doc-iterator variable-name="wd.retrieve.variable"/>
            <cc:sub-route name="SubRoute" routes-to="CopyInput"/>
        </cc:route>
        <cc:local-out id="GetEventDocuments" routes-response-to="Route2" endpoint="vm://wcc/GetEventDocuments">
            <cc:set name="ie.event.wid" value="props['lp.debug.WID'] == '' ? props['processing.WID'] : props['lp.debug.WID']"/>
        </cc:local-out>
        <cc:local-out id="PutIntegrationMessage1" endpoint="vm://wcc/PutIntegrationMessage">
            <cc:set name="is.message.severity" value="'CRITICAL'"/>
            <cc:set name="is.message.summary" value="&quot;A Critical error occurred. In CatchError Step &quot; # context.errorMessage"/>
            <cc:set name="is.message.storage.enabled" value="false"/>
        </cc:local-out>
        <cc:async-mediation id="CatchError" routes-to="GetEventDocuments" handle-downstream-errors="true">
            <cc:steps>
                <cc:eval id="init">
                    <cc:expression>props['force.closeFile1.agg'] = false;</cc:expression>
                </cc:eval>
            </cc:steps>
            <cc:send-error id="SendError" routes-to="PutIntegrationMessage1"/>
        </cc:async-mediation>
        <cc:local-in id="RetrieveFile" routes-to="CatchError"/>
        <cc:workday-in id="StartHere" routes-to="CallRetrieveFile">
            <cc:integration-system name="INT0120 Kronos Time Entry Payroll Studio Inbound">
        <cloud:attribute-map-service name="int0120-attributes">
          <cloud:attribute name="Related Calculation">
            <cloud:type>
              <cloud:simple-type>text</cloud:simple-type>
            </cloud:type>
          </cloud:attribute>
        </cloud:attribute-map-service>
        <cloud:retrieval-service name="int0120-retrieval"/>
        <cloud:report-service name="int0120-report">
          <cloud:report-alias description="INT0120 Payroll Tax Authorities Custom Report" name="INT0120_Tax_Report">
            <cloud:report-reference description="INT0120 Payroll Tax Authorities Custom Report" type="WID">02e69360494101934f693cab4825b00c</cloud:report-reference>
          </cloud:report-alias>
        </cloud:report-service>
      </cc:integration-system>
        </cc:workday-in>
        <cc:local-out id="CallRetrieveFile" store-message="none" routes-response-to="CallProcessFile" endpoint="vm://INT0120_Kronos_Time_Entry_Payroll_Studio_Inbound/RetrieveFile"/>
        <cc:local-out id="Note-Error" endpoint="vm://wcc/PutIntegrationMessage">
            <cc:set name="is.event.completed" value="&quot;current&quot;"/>
        </cc:local-out>
        <cc:local-out id="putError" store-message="none" routes-response-to="Note-Error" endpoint="vm://wcc/PutIntegrationMessage">
            <cc:set name="is.message.severity" value="'CRITICAL'"/>
            <cc:set name="is.message.summary" value="'Critical Error. Please see details'"/>
            <cc:set name="is.message.detail" value="context.errorMessage"/>
            <cc:set name="is.message.storage.enabled" value="false"/>
        </cc:local-out>
        <cc:send-error id="global-error-handler" rethrow-error="false" routes-to="putError"/>
        <cc:async-mediation id="StoringInputFileData" routes-to="TaxReportCall" handle-downstream-errors="true">
            <cc:steps>
                <cc:eval id="File">
                    <cc:expression>props['EmpID'] = parts[0].xpath(&quot;ns0:Detail/Employee_ID&quot;);</cc:expression>
                    <cc:expression>props['Earn_Code'] = parts[0].xpath(&quot;ns0:Detail/Earn_Code&quot;);</cc:expression><cc:expression>props['rel_cal'] = intsys.getAttribute('Related Calculation');</cc:expression>
                    <cc:expression>props['Hrs_Wrkd'] = parts[0].xpath(&quot;ns0:Detail/Hrs_Wrkd&quot;);</cc:expression>
                    <cc:expression>props['Historical_Edit_Date'] = empty; props['Historical_Edit_Date'] = parts[0].xpath(&quot;ns0:Detail/Historical_Edit_Date&quot;); props['Historical_Edit_Date'] = props['Historical_Edit_Date'].replaceAll(' ','');</cc:expression>
                    <cc:expression>props['Hours_Worked_Date'] = parts[0].xpath(&quot;ns0:Detail/Hours_Worked_Date&quot;);</cc:expression>
                
                    
                    <cc:expression>props['Location'] = parts[0].xpath(&quot;ns0:Detail/Location&quot;);</cc:expression>
                    <cc:expression>props['CostCenter'] = parts[0].xpath(&quot;ns0:Detail/CostCenter&quot;);</cc:expression>
                    <cc:expression>if (props['Location'] != '' || props['Location'] != null) { props['x.path'] = '?Code=' # props['Location']; } else { props['x.path'] = ''; }</cc:expression></cc:eval>
            </cc:steps>
            <cc:send-error id="SendError" rethrow-error="true" routes-to="PutIntegrationMessage10"/>
        </cc:async-mediation>
        <cc:splitter id="SplittingXMLInput">
            <cc:sub-route name="SubRoute" routes-to="StoringInputFileData"/>
            <cc:xml-stream-splitter xpath="/File/ns0:Detail"/>
        </cc:splitter>
        <cc:async-mediation id="CopyInputFile" routes-to="SplittingXMLInput">
            <cc:steps>
                <cc:copy id="Copy" input="variable" input-variable="file.var"/>
            </cc:steps>
        </cc:async-mediation>
        <cc:local-in id="ProcessFile" routes-to="CopyInputFile"/>
        <cc:local-out id="CallProcessFile" store-message="none" routes-response-to="CallCloseAggregation" endpoint="vm://INT0120_Kronos_Time_Entry_Payroll_Studio_Inbound/ProcessFile"/>
        <cc:local-out id="PutIntegrationMessage10" endpoint="vm://wcc/PutIntegrationMessage">
            <cc:set name="is.message.severity" value="'CRITICAL'"/>
            <cc:set name="is.message.summary" value="&quot;A Critical error occurred. In CatchError Step &quot; # context.errorMessage"/>
            <cc:set name="is.message.storage.enabled" value="false"/>
        </cc:local-out>
        <cc:workday-out-rest id="TaxReportCall" routes-response-to="FinalOutputCreation" extra-path="@{intsys.reportService.getExtrapath('INT0120_Tax_Report')}@{props['x.path']}"/>
        <cc:async-mediation id="FinalOutputCreation" routes-to="CallAggregateData">
            <cc:steps>
                <cc:xslt id="Xslt" url="int0120_webservice.xsl"/>
                <cc:copy id="Copy" output="variable" output-variable="integration.message"/>
            </cc:steps>
        </cc:async-mediation>
        <cc:local-out id="OutputLabelAssignment" endpoint="vm://wcc/PutIntegrationMessage">
            
            
            <cc:set name="is.message.summary" value="'INFO'"/><cc:set name="is.document.variable.name" value="'output.file'"/>
            
        <cc:set name="is.document.file.name" value="'Payroll_Input.xml'"/><cc:set name="is.document.labels" value="'Payroll_Input'"/><cc:set name="is.document.retrieved" value="'true'"/><cc:set name="is.document.deliverable" value="'false'"/></cc:local-out>
        <cc:async-mediation id="StoringOutput" routes-to="OutputLabelAssignment">
            <cc:steps>
                <cc:copy id="Copy" output="variable" output-variable="final.output"/>
                <cc:store id="Store" output="variable" output-mimetype="text/xml" output-variable="output.file" input="variable" input-variable="final.output" createDocumentReference="false" title="Payroll_Input.xml"/>
            </cc:steps>
        </cc:async-mediation>
        <cc:local-in id="CloseAggregation" routes-to="Aggregator"/>
        <cc:aggregator id="Aggregator" routes-to="StoringOutput" collate-when="!props['force.closeFile1.agg']" force-batch-on-last-message="false" force-batch-when="props['force.closeFile1.agg']">
            <cc:size-batch-strategy batch-size="-1"/>
            <cc:xml-message-content-collater>
        <cc:header-text>&lt;PayrollInboundFile xmlns=&quot;http://www.workday.com/timeandlabor/PayrollInbound&quot;></cc:header-text>
        <cc:footer-text>&lt;/PayrollInboundFile></cc:footer-text>
      </cc:xml-message-content-collater>
        </cc:aggregator>
        <cc:async-mediation id="CopyInputData" routes-to="Aggregator">
            <cc:steps>
                <cc:copy id="Copy" input="variable" input-variable="integration.message"/>
            </cc:steps>
        </cc:async-mediation>
        <cc:local-in id="AggregateData" routes-to="CopyInputData"/>
        <cc:local-out id="CallCloseAggregation" store-message="none" endpoint="vm://INT0120_Kronos_Time_Entry_Payroll_Studio_Inbound/CloseAggregation"><cc:set name="force.closeFile1.agg" value="true"/></cc:local-out>
        <cc:local-out id="CallAggregateData" store-message="none" endpoint="vm://INT0120_Kronos_Time_Entry_Payroll_Studio_Inbound/AggregateData"/>
        <cc:splitter id="SplittingTextLines">
            <cc:sub-route name="SubRoute" routes-to="ConvertingTextToXML"/>
            <cc:standard-splitter>
                <cc:content-fixed-lines/>
            </cc:standard-splitter>
        </cc:splitter>
        <cc:async-mediation id="ConvertingTextToXML" routes-to="AggregatingXML">
            <cc:steps>
                <cc:textschema id="Textschema" output="message" style="text2xml" url="INT0120_Text_to_XML2.xsd"/></cc:steps>
        </cc:async-mediation>
        <cc:aggregator id="AggregatingXML" routes-to="CopyXMLInput">
            <cc:size-batch-strategy batch-size="-1"/>
            <cc:xml-message-content-collater>
        <cc:header-text>&lt;File></cc:header-text>
        <cc:footer-text>&lt;/File></cc:footer-text>
      </cc:xml-message-content-collater>
        </cc:aggregator>
        <cc:async-mediation id="CopyXMLInput">
            <cc:steps>
                <cc:copy id="Copy" output="variable" output-variable="file.var"/>
            </cc:steps>
        </cc:async-mediation>
	</cc:assembly>

</beans>