<?xml version="1.0" encoding="UTF-8"?>
<beans
     xmlns="http://www.springframework.org/schema/beans"
     xmlns:beans="http://www.springframework.org/schema/beans"
     xmlns:atom="http://www.w3.org/2005/Atom"
     xmlns:cc="http://www.capeclear.com/assembly/10"
     xmlns:cloud="urn:com.workday/esb/cloud/10.0"
     xmlns:env="http://schemas.xmlsoap.org/soap/envelope/"
     xmlns:pi="urn:com.workday/picof"
     xmlns:wd="urn:com.workday/bsvc"
     xmlns:xsi="http://www.w3.org/2001/XMLSchema-instance">
 
	<cc:assembly id="WorkdayAssembly" version="20">
        <cc:workday-in id="WorkdayIn" routes-to="GetProperties">
            <cc:integration-system name="INT0515B Absence Management 360 HRIS Hours Outbound">
        <cloud:param name="As Of Date Time">
          <cloud:type>
            <cloud:simple-type>datetime</cloud:simple-type>
          </cloud:type>
          <cloud:default>
            <cloud:class-report-field description="Current Moment (DateTime)" type="WID">df4effe76deb4222a79001d6737cf91c</cloud:class-report-field>
          </cloud:default>
          <cloud:launch-option>required</cloud:launch-option>
          <cloud:launch-option>as-of-entry-datetime</cloud:launch-option>
        </cloud:param>
        <cloud:param name="Last Successful Runtime">
          <cloud:type>
            <cloud:simple-type>datetime</cloud:simple-type>
          </cloud:type>
          <cloud:default>
            <cloud:class-report-field description="As Of Entry DateTime of Last Completed Integration Event" type="WID">505b87f367e4447680293f806a11b15b</cloud:class-report-field>
          </cloud:default>
          <cloud:launch-option>required</cloud:launch-option>
        </cloud:param>
        <cloud:param name="Terminations As Of Date">
          <cloud:type>
            <cloud:simple-type>date</cloud:simple-type>
          </cloud:type>
          <cloud:default>
            <cloud:class-report-field description="Current Date Minus One Month" type="WID">95a96f6bfed5100013cf04c95e460014</cloud:class-report-field>
          </cloud:default>
        </cloud:param>
        <cloud:param name="Workers">
          <cloud:type>
            <cloud:class-report-field description="All Active and Terminated Workers" type="WID" singular="false">21f35a7672bc4fb19f3560983748d513</cloud:class-report-field>
          </cloud:type>
        </cloud:param>
        <cloud:param name="Pay Groups">
          <cloud:type>
            <cloud:class-report-field description="Pay Group" type="WID" singular="false">1ce04655bc6543da93f713b3d1107f0a</cloud:class-report-field>
          </cloud:type>
        </cloud:param>
        <cloud:attribute-map-service name="INT0515B-FileAttributes-Generic">
          <cloud:attribute name="Client ID">
            <cloud:type>
              <cloud:simple-type>text</cloud:simple-type>
            </cloud:type>
            <cloud:display-option>required-for-launch</cloud:display-option>
          </cloud:attribute>
          <cloud:attribute name="Record Type Header">
            <cloud:type>
              <cloud:simple-type>text</cloud:simple-type>
            </cloud:type>
            <cloud:display-option>required-for-launch</cloud:display-option>
          </cloud:attribute>
          <cloud:attribute name="Record Type Row">
            <cloud:type>
              <cloud:simple-type>text</cloud:simple-type>
            </cloud:type>
            <cloud:display-option>required-for-launch</cloud:display-option>
          </cloud:attribute>
          <cloud:attribute name="Record Type Trailer">
            <cloud:type>
              <cloud:simple-type>text</cloud:simple-type>
            </cloud:type>
            <cloud:display-option>required-for-launch</cloud:display-option>
          </cloud:attribute>
          <cloud:attribute name="Retrieve File">
            <cloud:type>
              <cloud:simple-type>boolean</cloud:simple-type>
            </cloud:type>
            <cloud:display-option>required-for-launch</cloud:display-option>
          </cloud:attribute>
          <cloud:attribute name="Active Workers">
            <cloud:type>
              <cloud:simple-type>boolean</cloud:simple-type>
            </cloud:type>
            <cloud:display-option>required-for-launch</cloud:display-option>
          </cloud:attribute>
          <cloud:attribute name="Terminated Workers">
            <cloud:type>
              <cloud:simple-type>boolean</cloud:simple-type>
            </cloud:type>
            <cloud:display-option>required-for-launch</cloud:display-option>
          </cloud:attribute>
          <cloud:attribute name="Default Hours">
            <cloud:type>
              <cloud:simple-type>number</cloud:simple-type>
            </cloud:type>
          </cloud:attribute>
        </cloud:attribute-map-service>
        <cloud:sequence-generator-service name="INT0515B-Sequences">
          <cloud:sequencer>File Name</cloud:sequencer>
        </cloud:sequence-generator-service>
        <cloud:delivery-service name="INT0515B-Delivery"/>
        <cloud:service-reference name="INT0515B-FieldOverride"/>
      </cc:integration-system>
        </cc:workday-in>
        <cc:async-mediation id="GetProperties" routes-to="Call-GetFile">
            <cc:steps>
                <cc:eval id="GetProperties"><cc:expression>props['lp.as.of.date.time'] = lp.getSimpleData('As Of Date Time')</cc:expression><cc:expression>props['as.of.date'] = props['lp.as.of.date.time'].substring(0, 10)</cc:expression><cc:expression>props['client.id'] = intsys.getAttribute('Client ID')</cc:expression><cc:expression>props['lp.last.successful.runtime'] =  lp.getSimpleData('Last Successful Runtime')</cc:expression><cc:expression>props['file.name'] = lp.getSequencedValue('File Name')</cc:expression><cc:expression>props['int.sys.name'] = intsys.getName()</cc:expression><cc:expression>props['worker.count'] = 0</cc:expression><cc:expression>props['record.type.header'] =  intsys.getAttribute('Record Type Header')</cc:expression><cc:expression>props['record.type.row'] =  intsys.getAttribute('Record Type Row')</cc:expression><cc:expression>props['record.type.trailer'] =  intsys.getAttribute('Record Type Trailer')</cc:expression><cc:expression>props['force.batch'] = false</cc:expression><cc:expression>props['ia.retrieve.file'] = intsys.getAttributeAsBoolean('Retrieve File')</cc:expression><cc:expression>props['input.file.name'] = 'hours.csv'</cc:expression><cc:expression>if(props['ia.retrieve.file'] ){ props['hours.table'] = new java.util.HashMap(200000);  }</cc:expression><cc:expression>if(!props['ia.retrieve.file'] ){ props['hours.table'] = new java.util.HashMap(10);  }</cc:expression><cc:expression>props['employee.status'] = ''</cc:expression><cc:expression>props['ia.active'] = intsys.getAttributeAsBoolean('Active Workers')</cc:expression><cc:expression>props['ia.terminated'] = intsys.getAttributeAsBoolean('Terminated Workers')</cc:expression><cc:expression>props['lp.terms.as.of.date.time'] = lp.getSimpleData('Terminations As Of Date')</cc:expression><cc:expression>props['hours.default'] =  intsys.getAttribute('Default Hours')</cc:expression><cc:expression>props['workers'] =  lp.getReferenceDataList('Workers', 'WID')</cc:expression><cc:expression>props['pay.group'] = lp.getReferenceDataList('Pay Groups', 'WID')</cc:expression></cc:eval>
            </cc:steps>
        </cc:async-mediation>
        <cc:local-out id="Call-GetActiveEmployees" store-message="none" execute-when="props['ia.active']" routes-response-to="Call-GetTerminatedEmployees" endpoint="vm://INT0515B-Absence-Management-360-HRIS-Hours-Outbound/GetActiveEmployees"/>
        <cc:local-in id="GetActiveEmployees" routes-to="BuildGetActiveEmployees"/>
        <cc:local-out id="GetActiveWorkersErrorMessage" endpoint="vm://wcc/PutIntegrationMessage">
            <cc:set name="is.message.severity" value="'ERROR'"/>
            <cc:set name="is.message.summary" value="&quot;An error occurred while calling Get_Workers: &quot; + context.getErrorMessage()"/>
        </cc:local-out>
        <cc:async-mediation id="BuildGetActiveEmployees" routes-to="Call-ProcessActiveEmployees" continue-after-error="recover" handle-downstream-errors="true">
            <cc:steps>
                <cc:write id="BuildGetWorkersRequest">
                    <cc:message><cc:text>&lt;?xml version=&quot;1.0&quot; encoding=&quot;UTF-8&quot;?>&#xD;
&lt;env:Envelope&#xD;
    xmlns:env=&quot;http://schemas.xmlsoap.org/soap/envelope/&quot;&#xD;
    xmlns:xsd=&quot;http://www.w3.org/2001/XMLSchema&quot;>&#xD;
    &lt;env:Body>&#xD;
        &lt;wd:Get_Workers_Request xmlns:wd=&quot;urn:com.workday/bsvc&quot; wd:version=&quot;v22.1&quot;>&#xD;
         @if{props['workers'].size() > 0}&#xD;
             &lt;wd:Request_References wd:Skip_Non_Existing_Instances=&quot;true&quot;>&#xD;
	               &#xD;
                    @foreach{props['workers']}&#xD;
                    &lt;wd:Worker_Reference>&#xD;
                    &lt;wd:ID wd:type=&quot;WID&quot;>@{item}&lt;/wd:ID>&#xD;
                    &lt;/wd:Worker_Reference>&#xD;
                    @end{}&#xD;
                &#xD;
            &lt;/wd:Request_References>&#xD;
			@end{}&#xD;
             &lt;wd:Request_Criteria>&#xD;
                 &lt;wd:Field_And_Parameter_Criteria_Data>&#xD;
                    &lt;wd:Provider_Reference>&#xD;
                        &lt;wd:ID wd:type=&quot;Integration_System_ID&quot;>@{props['int.sys.name']}&lt;/wd:ID>&#xD;
                    &lt;/wd:Provider_Reference>&#xD;
                &lt;/wd:Field_And_Parameter_Criteria_Data>&#xD;
                &lt;wd:Exclude_Inactive_Workers>true&lt;/wd:Exclude_Inactive_Workers>&#xD;
                &lt;wd:Exclude_Contingent_Workers>true&lt;/wd:Exclude_Contingent_Workers>&#xD;
                &lt;wd:Exclude_Employees>false&lt;/wd:Exclude_Employees>&#xD;
                 &#xD;
                 @if{props['pay.group'].size() > 0}&#xD;
                @foreach{props['pay.group']} &#xD;
                &lt;wd:Organization_Reference>&#xD;
					&lt;wd:ID wd:type=&quot;WID&quot;>@{item}&lt;/wd:ID>&#xD;
				&lt;/wd:Organization_Reference>&#xD;
				@end{}&#xD;
		@end{}	&#xD;
				&#xD;
            &lt;/wd:Request_Criteria>&#xD;
            &lt;wd:Response_Filter>&#xD;
                &lt;wd:As_Of_Effective_Date>@{props['as.of.date']}&lt;/wd:As_Of_Effective_Date>&#xD;
                &lt;wd:Page>1&lt;/wd:Page>&#xD;
                &lt;wd:Count>999&lt;/wd:Count>&#xD;
            &lt;/wd:Response_Filter>&#xD;
            &lt;wd:Response_Group>&#xD;
            &#xD;
                &lt;wd:Include_Reference>true&lt;/wd:Include_Reference>&#xD;
                &lt;wd:Include_Employment_Information>true&lt;/wd:Include_Employment_Information>&#xD;
                &lt;wd:Exclude_Companies>true&lt;/wd:Exclude_Companies>&#xD;
                &#xD;
                &lt;wd:Exclude_Pay_Groups>false&lt;/wd:Exclude_Pay_Groups>&#xD;
                &#xD;
                &lt;wd:Exclude_Location_Hierarchies>true&lt;/wd:Exclude_Location_Hierarchies>&#xD;
                &lt;wd:Exclude_Cost_Centers>true&lt;/wd:Exclude_Cost_Centers>&#xD;
                &lt;wd:Exclude_Cost_Center_Hierarchies>true&lt;/wd:Exclude_Cost_Center_Hierarchies>&#xD;
                &lt;wd:Exclude_Company_Hierarchies>true&lt;/wd:Exclude_Company_Hierarchies>&#xD;
                &lt;wd:Exclude_Matrix_Organizations>true&lt;/wd:Exclude_Matrix_Organizations>&#xD;
                &lt;wd:Exclude_Regions>true&lt;/wd:Exclude_Regions>&#xD;
                &lt;wd:Exclude_Region_Hierarchies>true&lt;/wd:Exclude_Region_Hierarchies>&#xD;
                &lt;wd:Exclude_Teams>true&lt;/wd:Exclude_Teams>&#xD;
                &lt;wd:Exclude_Custom_Organizations>true&lt;/wd:Exclude_Custom_Organizations>&#xD;
                &lt;wd:Exclude_Funds>true&lt;/wd:Exclude_Funds>&#xD;
                &lt;wd:Exclude_Fund_Hierarchies>true&lt;/wd:Exclude_Fund_Hierarchies>&#xD;
                &lt;wd:Exclude_Grants>true&lt;/wd:Exclude_Grants>&#xD;
                &lt;wd:Exclude_Grant_Hierarchies>true&lt;/wd:Exclude_Grant_Hierarchies>&#xD;
                &lt;wd:Exclude_Business_Units>true&lt;/wd:Exclude_Business_Units>&#xD;
                &lt;wd:Exclude_Business_Unit_Hierarchies>true&lt;/wd:Exclude_Business_Unit_Hierarchies>&#xD;
                &lt;wd:Exclude_Programs>true&lt;/wd:Exclude_Programs>&#xD;
                &lt;wd:Exclude_Program_Hierarchies>true&lt;/wd:Exclude_Program_Hierarchies>&#xD;
                &lt;wd:Exclude_Gifts>true&lt;/wd:Exclude_Gifts>&#xD;
                &lt;wd:Exclude_Gift_Hierarchies>true&lt;/wd:Exclude_Gift_Hierarchies>&#xD;
            &lt;/wd:Response_Group>&#xD;
        &lt;/wd:Get_Workers_Request>&#xD;
    &lt;/env:Body>&#xD;
&lt;/env:Envelope></cc:text></cc:message>
                </cc:write>
            </cc:steps>
            <cc:send-error id="Error" rethrow-error="false" routes-to="GetActiveWorkersErrorMessage"/>
        </cc:async-mediation>
        <cc:local-in id="ProcessWorkers" routes-to="SplitByWorker"/>
        <cc:local-out id="Call-ProcessActiveEmployees" endpoint="vm://wcc/PagedGet"><cc:set name="is.paged.get.request.current.page.xpath" value="'/env:Envelope/env:Body/*/wd:Response_Filter/wd:Page'"/><cc:set name="is.paged.get.response.current.page.xpath" value="'/env:Envelope/env:Body/*/wd:Response_Results/wd:Page'"/><cc:set name="is.paged.get.response.total.pages.xpath" value="'/env:Envelope/env:Body/*/wd:Response_Results/wd:Total_Pages'"/><cc:set name="is.paged.get.response.total.results.xpath" value="'/env:Envelope/env:Body/*/wd:Response_Results/wd:Total_Results'"/><cc:set name="is.paged.get.application" value="'Human_Resources'"/><cc:set name="is.paged.get.version" value="'v21.1'"/><cc:set name="is.paged.get.page.zero" value="false"/><cc:set name="is.paged.get.store.requests" value="true"/><cc:set name="is.paged.get.process.endpoint" value="'vm://INT0515B-Absence-Management-360-HRIS-Hours-Outbound/ProcessWorkers'"/><cc:set name="set.employee.status" value="props['employee.status'] = '1'"/></cc:local-out>
        <cc:local-out id="ExtractFieldsErrorMessage" endpoint="vm://wcc/PutIntegrationMessage">
            <cc:set name="is.message.severity" value="'ERROR'"/>
            <cc:set name="is.message.summary" value="&quot;An error occurred while extracting fields for employee &quot; + props['employee.id'] + &quot;: &quot;+ context.getErrorMessage()"/>
        </cc:local-out>
        <cc:async-mediation id="ExtractFields" routes-to="Call-AggregateRows" execute-steps-when="props['pay.group'].contains(props['ee.paygroup'])">
            <cc:steps>
                <cc:eval id="GetEmployeeID"><cc:expression>props['employee.id'] = parts[0].xpath('/wd:Worker/wd:Worker_Data/wd:Worker_ID')</cc:expression><cc:expression>props['response.employee.status'] = parts[0].xpath('/wd:Worker/wd:Worker_Data/wd:Employment_Data/wd:Worker_Status_Data/wd:Active')</cc:expression><cc:expression>props['skip.employee'] =  parts[0].xpath('/wd:Worker/wd:Worker_Data/wd:Integration_Field_Override_Data[wd:Field_Reference/wd:ID=&quot;Exclude Employee&quot;]/wd:Value') == 'Y'   || (props['response.employee.status'] == '1' &amp;&amp; props['employee.status'] == '0')</cc:expression><cc:expression>if( !props['skip.employee'] ){props['worker.count'] = props['worker.count'] + 1}</cc:expression><cc:expression>props['hours.from.file'] = props['hours.table'].get(props['employee.id'])</cc:expression><cc:expression>if( props['hours.from.file'] == null ){ props['hours.from.file'] = 0 }</cc:expression></cc:eval>
                <cc:xslt id="ExtractFields" output-mimetype="text/xml" url="ExtractFields.xsl"/>
            </cc:steps>
            <cc:send-error id="Error" routes-to="ExtractFieldsErrorMessage"/>
        </cc:async-mediation>
        <cc:splitter id="SplitByWorker" no-split-message-error="false">
            <cc:sub-route name="SubRoute" routes-to="ValidateEEPayGroup"/>
            <cc:xpath-splitter xpath="/env:Envelope/env:Body/wd:Get_Workers_Response/wd:Response_Data/wd:Worker"/>
        </cc:splitter>
        <cc:local-out id="GetTerminatedEmployeesErrorMsg" endpoint="vm://wcc/PutIntegrationMessage">
            <cc:set name="is.message.severity" value="'ERROR'"/>
            <cc:set name="is.message.summary" value="&quot;An error occurred while calling Get_Workers: &quot; + context.getErrorMessage()"/>
        </cc:local-out>
        <cc:async-mediation id="BuildGetTerminatedEmployees" routes-to="Call-ProcessTerminatedEmployees" continue-after-error="recover" handle-downstream-errors="true">
            <cc:steps>
                <cc:write id="BuildGetWorkersRequest">
                    <cc:message><cc:text>&lt;?xml version=&quot;1.0&quot; encoding=&quot;UTF-8&quot;?>&#xD;
&lt;env:Envelope&#xD;
    xmlns:env=&quot;http://schemas.xmlsoap.org/soap/envelope/&quot;&#xD;
    xmlns:xsd=&quot;http://www.w3.org/2001/XMLSchema&quot;>&#xD;
    &lt;env:Body>&#xD;
        &lt;wd:Get_Workers_Request xmlns:wd=&quot;urn:com.workday/bsvc&quot; wd:version=&quot;v22.1&quot;>&#xD;
         @if{props['workers'].size() > 0}&#xD;
             &lt;wd:Request_References wd:Skip_Non_Existing_Instances=&quot;true&quot;>&#xD;
	               &#xD;
                    @foreach{props['workers']}&#xD;
                    &lt;wd:Worker_Reference>&#xD;
                    &lt;wd:ID wd:type=&quot;WID&quot;>@{item}&lt;/wd:ID>&#xD;
                    &lt;/wd:Worker_Reference>&#xD;
                    @end{}&#xD;
                &#xD;
            &lt;/wd:Request_References>&#xD;
			@end{}&#xD;
            &lt;wd:Request_Criteria>&#xD;
            	 &lt;wd:Field_And_Parameter_Criteria_Data>&#xD;
                    &lt;wd:Provider_Reference>&#xD;
                        &lt;wd:ID wd:type=&quot;Integration_System_ID&quot;>@{props['int.sys.name']}&lt;/wd:ID>&#xD;
                    &lt;/wd:Provider_Reference>&#xD;
                &lt;/wd:Field_And_Parameter_Criteria_Data>&#xD;
                &lt;wd:Transaction_Log_Criteria_Data>&#xD;
                    &lt;wd:Transaction_Date_Range_Data>&#xD;
                         &lt;wd:Updated_From>1900-01-01T00:00:04&lt;/wd:Updated_From>&#xD;
                        &lt;wd:Updated_Through>@{props['lp.as.of.date.time']}&lt;/wd:Updated_Through>&#xD;
                       &lt;wd:Effective_From>@{props['lp.terms.as.of.date.time']}&lt;/wd:Effective_From>&#xD;
                        &lt;wd:Effective_Through>@{props['lp.as.of.date.time']}&lt;/wd:Effective_Through>&#xD;
                    &lt;/wd:Transaction_Date_Range_Data>&#xD;
                    &lt;wd:Transaction_Type_References>&#xD;
                        &lt;wd:Transaction_Type_Reference>&#xD;
                            &lt;wd:ID wd:type=&quot;Business_Process_Type&quot;>Terminate Employee&lt;/wd:ID>&#xD;
                        &lt;/wd:Transaction_Type_Reference>&#xD;
                    &lt;/wd:Transaction_Type_References>&#xD;
                &lt;/wd:Transaction_Log_Criteria_Data>&#xD;
                &lt;wd:Transaction_Log_Criteria_Data>&#xD;
                    &lt;wd:Transaction_Date_Range_Data>&#xD;
                        &lt;wd:Updated_From>@{props['lp.last.successful.runtime']}&lt;/wd:Updated_From>&#xD;
                        &lt;wd:Updated_Through>@{props['lp.as.of.date.time']}&lt;/wd:Updated_Through>&#xD;
                        &lt;wd:Effective_From>1900-01-01T00:00:04&lt;/wd:Effective_From>&#xD;
                        &lt;wd:Effective_Through>@{props['lp.last.successful.runtime']}&lt;/wd:Effective_Through>&#xD;
                    &lt;/wd:Transaction_Date_Range_Data>&#xD;
                    &lt;wd:Transaction_Type_References>&#xD;
                        &lt;wd:Transaction_Type_Reference>&#xD;
                            &lt;wd:ID wd:type=&quot;Business_Process_Type&quot;>Terminate Employee&lt;/wd:ID>&#xD;
                        &lt;/wd:Transaction_Type_Reference>&#xD;
                    &lt;/wd:Transaction_Type_References>&#xD;
                &lt;/wd:Transaction_Log_Criteria_Data>&#xD;
                &lt;wd:Exclude_Inactive_Workers>false&lt;/wd:Exclude_Inactive_Workers>&#xD;
                &lt;wd:Exclude_Employees>false&lt;/wd:Exclude_Employees>&#xD;
                &lt;wd:Exclude_Contingent_Workers>true&lt;/wd:Exclude_Contingent_Workers>&#xD;
            &lt;/wd:Request_Criteria>&#xD;
            &lt;wd:Response_Filter>&#xD;
               &lt;wd:As_Of_Effective_Date>@{props['as.of.date']}&lt;/wd:As_Of_Effective_Date>&#xD;
               &#xD;
                &lt;wd:Page>1&lt;/wd:Page>&#xD;
                &lt;wd:Count>999&lt;/wd:Count>&#xD;
            &lt;/wd:Response_Filter>&#xD;
            &lt;wd:Response_Group>&#xD;
                &lt;wd:Include_Reference>true&lt;/wd:Include_Reference>&#xD;
                &lt;wd:Include_Employment_Information>true&lt;/wd:Include_Employment_Information>&#xD;
                &lt;wd:Include_Organizations>false&lt;/wd:Include_Organizations>&#xD;
                &#xD;
                &lt;wd:Exclude_Supervisory_Organizations>true&lt;/wd:Exclude_Supervisory_Organizations>&#xD;
                &lt;wd:Exclude_Organization_Support_Role_Data>true&lt;/wd:Exclude_Organization_Support_Role_Data>&#xD;
                &lt;wd:Exclude_Companies>true&lt;/wd:Exclude_Companies>&#xD;
                &lt;wd:Exclude_Pay_Groups>false&lt;/wd:Exclude_Pay_Groups>&#xD;
                &lt;wd:Exclude_Location_Hierarchies>true&lt;/wd:Exclude_Location_Hierarchies>&#xD;
                &lt;wd:Exclude_Cost_Centers>true&lt;/wd:Exclude_Cost_Centers>&#xD;
                &lt;wd:Exclude_Cost_Center_Hierarchies>true&lt;/wd:Exclude_Cost_Center_Hierarchies>&#xD;
                &lt;wd:Exclude_Company_Hierarchies>true&lt;/wd:Exclude_Company_Hierarchies>&#xD;
                &lt;wd:Exclude_Matrix_Organizations>true&lt;/wd:Exclude_Matrix_Organizations>&#xD;
                &lt;wd:Exclude_Regions>true&lt;/wd:Exclude_Regions>&#xD;
                &lt;wd:Exclude_Region_Hierarchies>true&lt;/wd:Exclude_Region_Hierarchies>&#xD;
                &lt;wd:Exclude_Teams>true&lt;/wd:Exclude_Teams>&#xD;
                &lt;wd:Exclude_Custom_Organizations>true&lt;/wd:Exclude_Custom_Organizations>&#xD;
                &lt;wd:Exclude_Funds>true&lt;/wd:Exclude_Funds>&#xD;
                &lt;wd:Exclude_Fund_Hierarchies>true&lt;/wd:Exclude_Fund_Hierarchies>&#xD;
                &lt;wd:Exclude_Grants>true&lt;/wd:Exclude_Grants>&#xD;
                &lt;wd:Exclude_Grant_Hierarchies>true&lt;/wd:Exclude_Grant_Hierarchies>&#xD;
                &lt;wd:Exclude_Business_Units>true&lt;/wd:Exclude_Business_Units>&#xD;
                &lt;wd:Exclude_Business_Unit_Hierarchies>true&lt;/wd:Exclude_Business_Unit_Hierarchies>&#xD;
                &lt;wd:Exclude_Programs>true&lt;/wd:Exclude_Programs>&#xD;
                &lt;wd:Exclude_Program_Hierarchies>true&lt;/wd:Exclude_Program_Hierarchies>&#xD;
                &lt;wd:Exclude_Gifts>true&lt;/wd:Exclude_Gifts>&#xD;
                &lt;wd:Exclude_Gift_Hierarchies>true&lt;/wd:Exclude_Gift_Hierarchies>&#xD;
            &lt;/wd:Response_Group>&#xD;
        &lt;/wd:Get_Workers_Request>&#xD;
    &lt;/env:Body>&#xD;
&lt;/env:Envelope></cc:text></cc:message>
                </cc:write>
            </cc:steps>
            <cc:send-error id="Error" rethrow-error="false" routes-to="GetTerminatedEmployeesErrorMsg"/>
        </cc:async-mediation>
        <cc:local-out id="Call-ProcessTerminatedEmployees" endpoint="vm://wcc/PagedGet">
            <cc:set name="is.paged.get.request.current.page.xpath" value="'/env:Envelope/env:Body/*/wd:Response_Filter/wd:Page'"/>
            <cc:set name="is.paged.get.response.current.page.xpath" value="'/env:Envelope/env:Body/*/wd:Response_Results/wd:Page'"/>
            <cc:set name="is.paged.get.response.total.pages.xpath" value="'/env:Envelope/env:Body/*/wd:Response_Results/wd:Total_Pages'"/>
            <cc:set name="is.paged.get.response.total.results.xpath" value="'/env:Envelope/env:Body/*/wd:Response_Results/wd:Total_Results'"/>
            <cc:set name="is.paged.get.application" value="'Human_Resources'"/>
            <cc:set name="is.paged.get.version" value="'v21.1'"/>
            <cc:set name="is.paged.get.page.zero" value="false"/>
            <cc:set name="is.paged.get.store.requests" value="true"/>
            <cc:set name="is.paged.get.process.endpoint" value="'vm://INT0515B-Absence-Management-360-HRIS-Hours-Outbound/ProcessWorkers'"/>
        <cc:set name="set.employee.status" value="props['employee.status'] = '0'"/></cc:local-out>
        <cc:local-out id="Call-GetTerminatedEmployees" store-message="none" execute-when="props['ia.terminated']" routes-response-to="Call-OutputFile" endpoint="vm://INT0515B-Absence-Management-360-HRIS-Hours-Outbound/GetTerminatedEmployees"/>
        <cc:local-in id="GetTerminatedEmployees" routes-to="BuildGetTerminatedEmployees"/>
        <cc:local-out id="CombineRowsWithHeaderErrorMsg" endpoint="vm://wcc/PutIntegrationMessage">
            <cc:set name="is.message.severity" value="'ERROR'"/>
            <cc:set name="is.message.summary" value="&quot;An error occurred while fomatting the file: &quot;+ context.getErrorMessage()"/>
        </cc:local-out>
        <cc:async-mediation id="CombineRowsWithHeaderTrailer">
            <cc:steps>
                <cc:xml-to-csv id="XmlToPipe" output-mimetype="text/plain" format="rfc4180" separator="|"/>
                <cc:eval id="FormatTotalRows"><cc:expression>java.text.DecimalFormat total = new java.text.DecimalFormat(&quot;000000000&quot;); props['total.row.count.formatted'] = total.format(context.getProperty('worker.count'));</cc:expression></cc:eval>
                <cc:write id="CombineRowsWithHeaderTrailer" output="message" output-mimetype="text/plain">
                    <cc:message>
                        <cc:text>@{props['record.type.header']}|@{props['client.id']}|@{props['as.of.date']}&#xD;
</cc:text>
                        <cc:message-content/>
                        <cc:text>@{props['record.type.trailer']}|@{props['total.row.count.formatted']}</cc:text>
                    </cc:message>
                </cc:write>
            </cc:steps>
            <cc:send-error id="Error" routes-to="CombineRowsWithHeaderErrorMsg"/>
        </cc:async-mediation>
        <cc:aggregator id="Aggregator" routes-to="CombineRowsWithHeaderTrailer" collate-when="!props['force.batch'] &amp;&amp; !props['skip.employee']" force-batch-when="props['force.batch'] ">
            <cc:size-batch-strategy batch-size="-1"/>
            <cc:xml-message-content-collater>
        <cc:header-text>&lt;Workers></cc:header-text>
        <cc:footer-text>&lt;/Workers></cc:footer-text>
      </cc:xml-message-content-collater>
        </cc:aggregator>
        <cc:local-out id="Call-AggregateRows" store-message="none" execute-when="props['pay.group'].contains(props['ee.paygroup'])" endpoint="vm://INT0515B-Absence-Management-360-HRIS-Hours-Outbound/AggregateRows"/>
        <cc:local-in id="AggregateRows" routes-to="Aggregator"/>
        <cc:local-out id="OutputFileErrorMessage" endpoint="vm://wcc/PutIntegrationMessage">
            <cc:set name="is.message.severity" value="'ERROR'"/>
            <cc:set name="is.message.summary" value="&quot;An error occurred while creating the output file: &quot; + context.getErrorMessage()"/>
        </cc:local-out>
        <cc:local-out id="OutputFileMessage" endpoint="vm://wcc/PutIntegrationMessage">
            <cc:set name="is.message.severity" value="'INFO'"/>
            <cc:set name="is.message.summary" value="'Attached is the hours file.'"/>
            <cc:set name="is.document.variable.name" value="'output.csv'"/>
            <cc:set name="is.document.file.name" value="props['file.name']"/>
            <cc:set name="is.document.deliverable" value="'true'"/>
        </cc:local-out>
        <cc:async-mediation id="DeliverOutputFile" routes-to="OutputFileMessage" continue-after-error="recover" handle-downstream-errors="true">
            <cc:steps>
                <cc:store id="Store" output="variable" output-mimetype="text/csv" output-variable="output.csv" createDocumentReference="false" expiresIn="P180D" summary="Hours File" title="@{props['file.name']}"/>
            </cc:steps>
            <cc:send-error id="Error" rethrow-error="false" routes-to="OutputFileErrorMessage"/>
        </cc:async-mediation>
        <cc:async-mediation id="SetForceBatch" routes-to="Call-CloseAggregator">
            <cc:steps>
                <cc:eval id="SetForceBatch"><cc:expression>props['force.batch'] = true</cc:expression></cc:eval>
            </cc:steps>
        </cc:async-mediation>
        <cc:local-in id="OutputFile" routes-to="SetForceBatch"/>
        <cc:local-out id="Call-CloseAggregator" store-message="none" routes-response-to="DeliverOutputFile" endpoint="vm://INT0515B-Absence-Management-360-HRIS-Hours-Outbound/AggregateRows"/>
        <cc:local-out id="Call-OutputFile" store-message="none" endpoint="vm://INT0515B-Absence-Management-360-HRIS-Hours-Outbound/OutputFile"/>
        <cc:local-out id="CallPutIntegrationMessageGlobal" endpoint="vm://wcc/PutIntegrationMessage">
            <cc:set name="is.message.severity" value="'CRITICAL'"/>
            <cc:set name="is.message.summary" value="'The following unexpected error has ocurred: ' + context.getErrorMessage()"/>
        </cc:local-out>
        <cc:send-error id="SendErrorGlobal" rethrow-error="false" routes-to="CallPutIntegrationMessageGlobal"/>
        <cc:local-out id="Call-GetFile" store-message="none" execute-when="props['ia.retrieve.file']" routes-response-to="Call-GetActiveEmployees" endpoint="vm://INT0515B-Absence-Management-360-HRIS-Hours-Outbound/GetFile"/>
        <cc:local-in id="GetFile" routes-to="IsThereADoc"/>
        <cc:async-mediation id="CatchSftpOutError" routes-to="SftpOut-RetrieveFile" handle-downstream-errors="true">
            <cc:steps>
            </cc:steps>
            <cc:send-error id="Error" routes-to="SftpErrorMessage"/>
        </cc:async-mediation>
        <cc:sftp-out id="SftpOut-RetrieveFile" endpoint="@{props['endpoint']}" input-file-pattern="@{props['input.file.name']}" method="GET" password="@{props['ia.password']}" username="@{props['ia.username']}"/>
        <cc:async-mediation id="CsvToXml" routes-to="Call-ProcessFile">
            <cc:steps>
                <cc:eval id="RetrieveDoc"><cc:expression>da.toVar(props['input.file.name'], &quot;wd.document&quot;)</cc:expression></cc:eval>
                <cc:csv-to-xml id="CsvToXml" output-mimetype="text/xml" input="variable" input-variable="wd.document" colNames="ID,Hours" format="rfc4180" rootName="Employees" rowName="Employee"/>
            </cc:steps>
            <cc:send-error id="Error" routes-to="CsvToXmlErrorMessage"/>
        </cc:async-mediation>
        <cc:local-out id="Call-ProcessFile" store-message="none" endpoint="vm://INT0515B-Absence-Management-360-HRIS-Hours-Outbound/ProcessFile"/>
        <cc:local-in id="ProcessFile" routes-to="Splitter"/>
        <cc:async-mediation id="AsyncMediation1">
            <cc:steps>
                <cc:write id="Write">
                    <cc:message>
                        <cc:text>&quot;EMPLID&quot;,&quot;Actual_Hours_Worked&quot;&#xD;
&quot;000139646&quot;,&quot;952.5&quot;&#xD;
&quot;000139654&quot;,&quot;1765.25&quot;&#xD;
&quot;000139733&quot;,&quot;1536&quot;&#xD;
&quot;000139737&quot;,&quot;1748&quot;&#xD;
&quot;000139745&quot;,&quot;1724&quot;&#xD;
&quot;000139785&quot;,&quot;1735&quot;&#xD;
&quot;000139490&quot;,&quot;1700&quot;</cc:text>
                    </cc:message>
                </cc:write>
            </cc:steps>
        </cc:async-mediation>
        <cc:local-out id="SftpErrorMessage" endpoint="vm://wcc/PutIntegrationMessage"><cc:set name="is.message.severity" value="'INFO'"/><cc:set name="is.message.summary" value="'History file not found.'"/></cc:local-out>
        <cc:local-out id="CsvToXmlErrorMessage" endpoint="vm://wcc/PutIntegrationMessage"><cc:set name="is.message.severity" value="'ERROR'"/><cc:set name="is.message.summary" value="'An error occurred while transforming the input file to xml: ' + context.getErrorMessage() "/></cc:local-out>
        <cc:splitter id="Splitter" no-split-message-error="false">
            <cc:sub-route name="SubRoute" routes-to="LoadHoursToHashmap"/>
            <cc:xpath-splitter xpath="/Employees/Employee"/>
        </cc:splitter>
        <cc:async-mediation id="LoadHoursToHashmap">
            <cc:steps>
                <cc:eval id="LoadHoursToHashmap"><cc:expression>props['input.employee.id'] = parts[0].xpath('/Employee/ID')</cc:expression><cc:expression>props['input.hours'] = parts[0].xpath('/Employee/Hours')</cc:expression><cc:expression>props['hours.table'].put(props['input.employee.id'], props['input.hours'])</cc:expression></cc:eval>
            </cc:steps>
        </cc:async-mediation>
        <cc:local-out id="NoDocumentToRetrieve" endpoint="vm://wcc/PutIntegrationMessage">
            <cc:set name="is.message.severity" value="'INFO'"/>
            <cc:set name="is.message.summary" value="'History file not found.'"/>
            
        </cc:local-out>
        <cc:route id="IsThereADoc">
            <cc:mvel-strategy>
                <cc:choose-route expression="da.hasFile(props['input.file.name'])" route="Yes"/>
                <cc:choose-route expression="!da.hasFile(props['input.file.name'])" route="No"/>
            </cc:mvel-strategy>
            <cc:sub-route name="Yes" routes-to="CsvToXml"/>
            <cc:sub-route name="No" routes-to="NoDocumentToRetrieve"/>
        </cc:route>
        <cc:async-mediation id="GetProperties0">
            <cc:steps>
                <cc:eval id="GetProperties"><cc:expression>props['ia.retrieve.file'] = intsys.getAttributeAsBoolean('Retrieve File')</cc:expression><cc:expression>props['ia.endpoint'] = intsys.getAttribute('Endpoint')</cc:expression><cc:expression>props['ia.username'] = intsys.getAttribute('Username')</cc:expression><cc:expression>props['ia.password'] = intsys.getAttribute('Password')</cc:expression><cc:expression>props['ia.directory'] = intsys.getAttribute('Directory')</cc:expression><cc:expression>props['endpoint'] = props['ia.endpoint'] # props['ia.directory']</cc:expression></cc:eval>
            </cc:steps>
        </cc:async-mediation>
        <cc:async-mediation id="ValidateEEPayGroup" routes-to="ExtractFields">
            <cc:steps>
                <cc:eval id="Eval"><cc:expression>props['ee.paygroup'] = parts[0].xpath(&quot;wd:Worker/wd:Worker_Data/wd:Integration_Field_Override_Data[wd:Field_Reference/wd:ID[@wd:type='Integration_Document_Field_Name']='Pay Group']/wd:Value&quot;)</cc:expression></cc:eval>
            </cc:steps>
        </cc:async-mediation>
	</cc:assembly>
    <bean id="customError" class="customError.CustomError" scope="prototype"/>

</beans>