<?xml version="1.0" encoding="UTF-8"?>
<bookstore name="Ernie Books" color="pink">
  <book category="COOKING" cover="red">
    <title lang="en">Everyday Italian</title>
    <author>Giada De Laurentiis</author>
    <year>2005</year>
    <price>30.00</price>
    <page>180</page>
  </book>
  <book category="CHILDREN" cover="green">
    <title lang="en">Harry Potter</title>
    <author>J K. Rowling</author>
    <year>2005</year>
    <price>29.99</price>
    <page>234</page>
  </book>
  <book category="WEB" cover="green">
    <title lang="es">Learning XML</title>
    <author>Erik T. Ray</author>
    <year>2003</year>
    <price>39.95</price>
    <page>345</page>
  </book>
  <book category="COOKING" cover="red">
    <title>Every Other Day Italian</title>
    <author>Giada De Laurentiis</author>
    <year>2007</year>
    <price>30.00</price>
    <fancy>true</fancy>
    <page>654</page>
  </book>
  <book category="CHILDREN" cover="red">
    <title lang="en">Goodnight Moon</title>
    <author>Margaret Wise Brown</author>
    <year>1947</year>
    <price>9.99</price>
    <page>721</page>
  </book>
</bookstore>
