<?xml version="1.0" encoding="UTF-8"?>
<ws:Worker_Sync xmlns:ws="urn:com.workday/workersync" xmlns:xsi="http://www.w3.org/2001/XMLSchema-instance">
    <ws:Header>
        <ws:Version>25.0</ws:Version>
        <ws:Prior_Entry_Time>2016-08-08T00:00:00.000-07:00</ws:Prior_Entry_Time>
        <ws:Current_Entry_Time>2016-08-11T08:39:52.779-07:00</ws:Current_Entry_Time>
        <ws:Prior_Effective_Time>2016-08-08T00:00:00.000-07:00</ws:Prior_Effective_Time>
        <ws:Current_Effective_Time>2016-08-11T00:00:00.000-07:00</ws:Current_Effective_Time>
        <ws:Full_File>false</ws:Full_File>
        <ws:Document_Retention_Policy>180</ws:Document_Retention_Policy>
        <ws:Worker_Count>4</ws:Worker_Count>
    </ws:Header>
    <ws:Worker>
        <ws:Summary>
            <ws:Employee_ID>21028</ws:Employee_ID>
            <ws:Name>John Chen</ws:Name>
        </ws:Summary>
        <ws:Eligibility>true</ws:Eligibility>
        <ws:Personal>
            <ws:Name_Data>
                <ws:First_Name>John</ws:First_Name>
                <ws:Middle_Name ws:PriorValue="">X</ws:Middle_Name>
                <ws:Last_Name>Chen</ws:Last_Name>
            </ws:Name_Data>
            <ws:Gender>M</ws:Gender>
            <ws:Birth_Date>1956-05-18</ws:Birth_Date>
            <ws:Marital_Status>S</ws:Marital_Status>
        </ws:Personal>
        <ws:Status>
            <ws:Hire_Date>2000-01-01</ws:Hire_Date>
        </ws:Status>
        <ws:Position>
            <ws:Operation>NONE</ws:Operation>
            <ws:Position_Title>General Counsel</ws:Position_Title>
            <ws:Worker_Type>Regular</ws:Worker_Type>
            <ws:Position_Time_Type>Full_time</ws:Position_Time_Type>
            <ws:Organization_Data>
                <ws:Operation>NONE</ws:Operation>
                <ws:Organization>GMS_USA_company</ws:Organization>
                <ws:Organization_Type>CO</ws:Organization_Type>
            </ws:Organization_Data>
            <ws:Organization_Data>
                <ws:Operation>NONE</ws:Operation>
                <ws:Organization>53000</ws:Organization>
                <ws:Organization_Type>CC</ws:Organization_Type>
            </ws:Organization_Data>
            <ws:Organization_Data>
                <ws:Operation>NONE</ws:Operation>
                <ws:Organization>Professional_Corporate_Semi-monthly</ws:Organization>
                <ws:Organization_Type>PG</ws:Organization_Type>
            </ws:Organization_Data>
            <ws:Organization_Data>
                <ws:Operation>NONE</ws:Operation>
                <ws:Organization>Finance_Administration_supervisory</ws:Organization>
                <ws:Organization_Type>SP</ws:Organization_Type>
            </ws:Organization_Data>
            <ws:Business_Site>San_Francisco_site</ws:Business_Site>
            <ws:Business_Site_Name>San Francisco</ws:Business_Site_Name>
        </ws:Position>
        <ws:Additional_Information>
            <ws:Workday_ID>c97ff008445c4f6288e53423570f27da</ws:Workday_ID>
            <ws:HR_Partner>Logan McNeil</ws:HR_Partner>
            <ws:Benefits_Partner>Maria Cardoza</ws:Benefits_Partner>
            <ws:Compensation_Grade>Executive Level 2</ws:Compensation_Grade>
            <ws:Last_Bonus_Amount>4400.89</ws:Last_Bonus_Amount>
            <ws:Last_Bonus_Date>2013-10-31</ws:Last_Bonus_Date>
        </ws:Additional_Information>
    </ws:Worker>
    <ws:Worker>
        <ws:Summary>
            <ws:Employee_ID>21046</ws:Employee_ID>
            <ws:Name>James Walker</ws:Name>
        </ws:Summary>
        <ws:Eligibility>true</ws:Eligibility>
        <ws:Personal>
            <ws:Name_Data>
                <ws:First_Name>James</ws:First_Name>
                <ws:Last_Name>Walker</ws:Last_Name>
            </ws:Name_Data>
            <ws:Gender>M</ws:Gender>
            <ws:Birth_Date>1972-01-01</ws:Birth_Date>
            <ws:Marital_Status ws:PriorValue="M">S</ws:Marital_Status>
        </ws:Personal>
        <ws:Status>
            <ws:Hire_Date>2000-01-01</ws:Hire_Date>
        </ws:Status>
        <ws:Position>
            <ws:Operation>NONE</ws:Operation>
            <ws:Position_Title>Manager, Accounts Payable</ws:Position_Title>
            <ws:Worker_Type>Regular</ws:Worker_Type>
            <ws:Position_Time_Type>Full_time</ws:Position_Time_Type>
            <ws:Organization_Data>
                <ws:Operation>NONE</ws:Operation>
                <ws:Organization>GMS_USA_company</ws:Organization>
                <ws:Organization_Type>CO</ws:Organization_Type>
            </ws:Organization_Data>
            <ws:Organization_Data>
                <ws:Operation>NONE</ws:Operation>
                <ws:Organization>51120</ws:Organization>
                <ws:Organization_Type>CC</ws:Organization_Type>
            </ws:Organization_Data>
            <ws:Organization_Data>
                <ws:Operation>NONE</ws:Operation>
                <ws:Organization>Professional_Regional_Semi-monthly</ws:Organization>
                <ws:Organization_Type>PG</ws:Organization_Type>
            </ws:Organization_Data>
            <ws:Organization_Data>
                <ws:Operation>NONE</ws:Operation>
                <ws:Organization>Corporate_Accounting_supervisory</ws:Organization>
                <ws:Organization_Type>SP</ws:Organization_Type>
            </ws:Organization_Data>
            <ws:Business_Site>Chicago_site</ws:Business_Site>
            <ws:Business_Site_Name>Chicago</ws:Business_Site_Name>
        </ws:Position>
        <ws:Additional_Information>
            <ws:Workday_ID>bba6d8ec44e9476aab2902478f2d1a66</ws:Workday_ID>
            <ws:HR_Partner>Logan McNeil</ws:HR_Partner>
            <ws:Benefits_Partner>Maria Cardoza</ws:Benefits_Partner>
            <ws:Compensation_Grade>Management</ws:Compensation_Grade>
            <ws:Last_Bonus_Amount>2298.96</ws:Last_Bonus_Amount>
            <ws:Last_Bonus_Date>2013-10-31</ws:Last_Bonus_Date>
        </ws:Additional_Information>
    </ws:Worker>
    <ws:Worker>
        <ws:Summary>
            <ws:Employee_ID>21086</ws:Employee_ID>
            <ws:Name>Patrick O'Brien</ws:Name>
        </ws:Summary>
        <ws:Eligibility>true</ws:Eligibility>
        <ws:Personal>
            <ws:Name_Data>
                <ws:First_Name>Patrick</ws:First_Name>
                <ws:Last_Name>O'Brien</ws:Last_Name>
            </ws:Name_Data>
            <ws:Gender ws:PriorValue="M">F</ws:Gender>
            <ws:Birth_Date>1959-08-18</ws:Birth_Date>
            <ws:Marital_Status>M</ws:Marital_Status>
        </ws:Personal>
        <ws:Status>
            <ws:Hire_Date>2000-01-01</ws:Hire_Date>
        </ws:Status>
        <ws:Position>
            <ws:Operation>NONE</ws:Operation>
            <ws:Position_Title>Director, Financial Planning &amp; Analysis</ws:Position_Title>
            <ws:Worker_Type>Regular</ws:Worker_Type>
            <ws:Position_Time_Type>Full_time</ws:Position_Time_Type>
            <ws:Organization_Data>
                <ws:Operation>NONE</ws:Operation>
                <ws:Organization>GMS_USA_company</ws:Organization>
                <ws:Organization_Type>CO</ws:Organization_Type>
            </ws:Organization_Data>
            <ws:Organization_Data>
                <ws:Operation>NONE</ws:Operation>
                <ws:Organization>51200</ws:Organization>
                <ws:Organization_Type>CC</ws:Organization_Type>
            </ws:Organization_Data>
            <ws:Organization_Data>
                <ws:Operation>NONE</ws:Operation>
                <ws:Organization>Professional_Regional_Semi-monthly</ws:Organization>
                <ws:Organization_Type>PG</ws:Organization_Type>
            </ws:Organization_Data>
            <ws:Organization_Data>
                <ws:Operation>NONE</ws:Operation>
                <ws:Organization>Finance_Administration_supervisory</ws:Organization>
                <ws:Organization_Type>SP</ws:Organization_Type>
            </ws:Organization_Data>
            <ws:Business_Site>Boston_site</ws:Business_Site>
            <ws:Business_Site_Name>Boston</ws:Business_Site_Name>
        </ws:Position>
        <ws:Additional_Information>
            <ws:Workday_ID>b9bf1ae7d65f482fa48287b4bc49d646</ws:Workday_ID>
            <ws:HR_Partner>Logan McNeil</ws:HR_Partner>
            <ws:Benefits_Partner>Maria Cardoza</ws:Benefits_Partner>
            <ws:Compensation_Grade>Management</ws:Compensation_Grade>
            <ws:Last_Bonus_Amount>3340.51</ws:Last_Bonus_Amount>
            <ws:Last_Bonus_Date>2013-10-31</ws:Last_Bonus_Date>
        </ws:Additional_Information>
    </ws:Worker>
    <ws:Worker>
        <ws:Summary>
            <ws:Employee_ID>21082</ws:Employee_ID>
            <ws:Name>Jalex Grossman</ws:Name>
        </ws:Summary>
        <ws:Eligibility>true</ws:Eligibility>
        <ws:Personal>
            <ws:Name_Data>
                <ws:First_Name ws:PriorValue="Alex">Jalex</ws:First_Name>
                <ws:Last_Name>Grossman</ws:Last_Name>
            </ws:Name_Data>
            <ws:Gender>M</ws:Gender>
            <ws:Birth_Date>1964-11-30</ws:Birth_Date>
            <ws:Marital_Status>M</ws:Marital_Status>
        </ws:Personal>
        <ws:Status>
            <ws:Hire_Date>2012-03-16</ws:Hire_Date>
        </ws:Status>
        <ws:Position>
            <ws:Operation>NONE</ws:Operation>
            <ws:Position_Title>Senior Risk Analyst</ws:Position_Title>
            <ws:Worker_Type>Regular</ws:Worker_Type>
            <ws:Position_Time_Type>Full_time</ws:Position_Time_Type>
            <ws:Organization_Data>
                <ws:Operation>NONE</ws:Operation>
                <ws:Organization>GMS_USA_company</ws:Organization>
                <ws:Organization_Type>CO</ws:Organization_Type>
            </ws:Organization_Data>
            <ws:Organization_Data>
                <ws:Operation>NONE</ws:Operation>
                <ws:Organization>52000</ws:Organization>
                <ws:Organization_Type>CC</ws:Organization_Type>
            </ws:Organization_Data>
            <ws:Organization_Data>
                <ws:Operation>NONE</ws:Operation>
                <ws:Organization>Administrative_Regional_Bi-weekly</ws:Organization>
                <ws:Organization_Type>PG</ws:Organization_Type>
            </ws:Organization_Data>
            <ws:Organization_Data>
                <ws:Operation>NONE</ws:Operation>
                <ws:Organization>Risk_Management_supervisory</ws:Organization>
                <ws:Organization_Type>SP</ws:Organization_Type>
            </ws:Organization_Data>
            <ws:Business_Site>New_York_site</ws:Business_Site>
            <ws:Business_Site_Name>New York</ws:Business_Site_Name>
        </ws:Position>
        <ws:Additional_Information>
            <ws:Workday_ID>dec5c2732b764d0eb1f7fe8e2e072ce9</ws:Workday_ID>
            <ws:HR_Partner>Logan McNeil</ws:HR_Partner>
            <ws:Benefits_Partner>Maria Cardoza</ws:Benefits_Partner>
            <ws:Compensation_Grade>Non-Management</ws:Compensation_Grade>
            <ws:Last_Bonus_Amount>2144.81</ws:Last_Bonus_Amount>
            <ws:Last_Bonus_Date>2013-10-31</ws:Last_Bonus_Date>
        </ws:Additional_Information>
    </ws:Worker>
</ws:Worker_Sync>
