<?xml version="1.0" encoding="UTF-8"?>
<wdnm:Diagram xmlns:wdnm="http://workday.com/studio/editors/notation">
  <element href="assembly.xml#WorkdayAssembly"/>
  <visualProperties x="28" y="70">
    <element href="assembly.xml#StartHere"/>
  </visualProperties>
  <visualProperties x="237" y="407">
    <element href="assembly.xml#CallError1"/>
  </visualProperties>
  <visualProperties x="184" y="264">
    <element href="assembly.xml#RetrieveGeneratedValues"/>
  </visualProperties>
  <visualProperties x="48" y="271">
    <element href="assembly.xml#Report"/>
  </visualProperties>
  <visualProperties x="385" y="70">
    <element href="assembly.xml#CallProcessDoc"/>
  </visualProperties>
  <visualProperties x="934" y="74">
    <element href="assembly.xml#CompleteIntegrationEvent"/>
  </visualProperties>
  <visualProperties x="183" y="1549">
    <element href="assembly.xml#ReportErrorAsCritical"/>
  </visualProperties>
  <visualProperties x="33" y="1549">
    <element href="assembly.xml#//@beans/@mixed.1/@mixed.33"/>
  </visualProperties>
  <visualProperties x="219" y="1379">
    <element href="assembly.xml#ReportErrors"/>
  </visualProperties>
  <visualProperties x="49" y="1379">
    <element href="assembly.xml#ErrorHandler"/>
  </visualProperties>
  <visualProperties x="52" y="539">
    <element href="assembly.xml#ProcessDoc"/>
  </visualProperties>
  <visualProperties x="218" y="539">
    <element href="assembly.xml#Pre-process"/>
  </visualProperties>
  <visualProperties x="337" y="677">
    <element href="assembly.xml#CallError2"/>
  </visualProperties>
  <visualProperties x="677" y="620">
    <element href="assembly.xml#LoadXMLtoEvent"/>
  </visualProperties>
  <visualProperties x="193" y="127">
    <element href="assembly.xml#TestFile"/>
  </visualProperties>
  <visualProperties x="869" y="539">
    <element href="assembly.xml#CreateOutputFile"/>
  </visualProperties>
  <visualProperties x="911" y="695">
    <element href="assembly.xml#CallError3"/>
  </visualProperties>
  <visualProperties x="1098" y="545">
    <element href="assembly.xml#LoadOutpufFiletoEvent"/>
  </visualProperties>
  <visualProperties x="205" y="74">
    <element href="assembly.xml#CallReport"/>
  </visualProperties>
  <visualProperties x="570" y="70">
    <element href="assembly.xml#CalIIncrementBatchNum"/>
  </visualProperties>
  <visualProperties x="53" y="833">
    <element href="assembly.xml#IncrementBatchNum"/>
  </visualProperties>
  <visualProperties x="304" y="833">
    <element href="assembly.xml#FindLastBatchNumUsed"/>
  </visualProperties>
  <visualProperties x="697" y="851">
    <element href="assembly.xml#WorkdayOutSoap"/>
  </visualProperties>
  <visualProperties x="345" y="976">
    <element href="assembly.xml#CallError8"/>
  </visualProperties>
  <visualProperties x="950" y="280">
    <element href="assembly.xml#RunReport"/>
  </visualProperties>
  <visualProperties x="419" y="280">
    <element href="assembly.xml#RetrieveLaunchParameters"/>
  </visualProperties>
  <visualProperties x="508" y="415">
    <element href="assembly.xml#CallError10"/>
  </visualProperties>
  <visualProperties x="28" y="1109">
    <element href="assembly.xml#Audit"/>
  </visualProperties>
  <visualProperties x="803" y="70">
    <element href="assembly.xml#CallAudit"/>
  </visualProperties>
  <visualProperties x="131" y="1109">
    <element href="assembly.xml#CreateDisbursementCSV"/>
  </visualProperties>
  <visualProperties x="394" y="1109">
    <element href="assembly.xml#UploadCSV1"/>
  </visualProperties>
  <visualProperties x="148" y="1249">
    <element href="assembly.xml#CallError11"/>
  </visualProperties>
  <visualProperties x="563" y="1109">
    <element href="assembly.xml#CreatePayeeCSV"/>
  </visualProperties>
  <visualProperties x="820" y="875">
    <element href="assembly.xml#UploadCSV2"/>
  </visualProperties>
  <visualProperties x="575" y="1242">
    <element href="assembly.xml#CallError12"/>
  </visualProperties>
  <visualProperties x="972" y="875">
    <element href="assembly.xml#CreateLienCSV"/>
  </visualProperties>
  <visualProperties x="1230" y="875">
    <element href="assembly.xml#UploadCSV3"/>
  </visualProperties>
  <visualProperties x="986" y="842">
    <element href="assembly.xml#CallError13"/>
  </visualProperties>
  <visualProperties x="668" y="563">
    <element href="assembly.xml#StoreReportData"/>
  </visualProperties>
  <decorations x="19" y="24" width="1377" height="206" font="Arial|14|0" bgColor="14809809" fontColor="1" text="Main Assembly"/>
  <decorations x="19" y="235" width="1377" height="248" font="Arial|14|0" bgColor="7064496" fontColor="1" text="Retrieve Document"/>
  <decorations x="19" y="1330" width="733" height="134" bgColor="11454975" text="Error Handler. All specified errors are reported here."/>
  <decorations x="20" y="1485" width="739" height="184" bgColor="14209022" text="Global Error Handler. Catches all unspecified errors and reports them as critical. "/>
  <decorations x="19" y="495" width="1377" height="256" font="Arial|14|0" fontColor="1" text="Process File. First pass converts XML to a human readable XML. Second pass transforms XML into ADP flat format."/>
  <decorations x="19" y="759" width="1377" height="265" font="Arial|14|0" bgColor="15329686" fontColor="1" text="Increment Batch Sequence Number"/>
  <decorations x="20" y="1034" width="1383" height="277" font="Arial|14|0" bgColor="16633581" fontColor="1" text="Produce csv audit files"/>
  <connections type="routesTo" sourceAnchorX="0.6890756302521008" sourceAnchorY="1.0" targetAnchorX="0.2698412698412698" targetAnchorY="0.5135135135135135">
    <source href="assembly.xml#StartHere"/>
    <target href="assembly.xml#CallReport"/>
  </connections>
  <connections type="routesTo" sourceAnchorX="0.33079847908745247" sourceAnchorY="1.0" targetAnchorX="0.2708333333333333" targetAnchorY="0.6756756756756757">
    <source href="assembly.xml#//@beans/@mixed.1/@mixed.43/@mixed.3"/>
    <target href="assembly.xml#CallError1"/>
  </connections>
  <connections type="routesTo" sourceAnchorX="0.7272727272727273" sourceAnchorY="1.0" targetAnchorX="0.1275797373358349" targetAnchorY="0.19148936170212766">
    <source href="assembly.xml#Report"/>
    <target href="assembly.xml#RetrieveGeneratedValues"/>
  </connections>
  <connections type="routesResponseTo" sourceAnchorX="0.926829268292683" sourceAnchorY="0.5945945945945946" targetAnchorX="0.3860759493670886" targetAnchorY="0.5135135135135135">
    <source href="assembly.xml#CallProcessDoc"/>
    <target href="assembly.xml#CalIIncrementBatchNum"/>
  </connections>
  <connections type="routesTo" sourceAnchorX="0.0" sourceAnchorY="0.2604166666666667" targetAnchorX="0.39634146341463417" targetAnchorY="0.1891891891891892">
    <source href="assembly.xml#TestFile"/>
    <target href="assembly.xml#CallProcessDoc"/>
  </connections>
  <connections type="routesResponseTo" sourceAnchorX="0.46835443037974683" sourceAnchorY="1.0" targetAnchorX="0.40853658536585363" targetAnchorY="0.4594594594594595">
    <source href="assembly.xml#CallReport"/>
    <target href="assembly.xml#CallProcessDoc"/>
  </connections>
  <connections type="routesTo" sourceAnchorX="0.7459016393442623" sourceAnchorY="1.0" targetAnchorX="0.10714285714285714" targetAnchorY="0.43243243243243246">
    <source href="assembly.xml#//@beans/@mixed.1/@mixed.33"/>
    <target href="assembly.xml#ReportErrorAsCritical"/>
  </connections>
  <connections type="routesTo" sourceAnchorX="0.671875" sourceAnchorY="1.0" targetAnchorX="0.3532608695652174" targetAnchorY="0.4594594594594595">
    <source href="assembly.xml#ErrorHandler"/>
    <target href="assembly.xml#ReportErrors"/>
  </connections>
  <connections type="routesTo" sourceAnchorX="0.7555555555555555" sourceAnchorY="1.0" targetAnchorX="0.3902439024390244" targetAnchorY="0.30434782608695654">
    <source href="assembly.xml#ProcessDoc"/>
    <target href="assembly.xml#Pre-process"/>
  </connections>
  <connections type="routesTo" sourceAnchorX="1.0" sourceAnchorY="0.2677165354330709" targetAnchorX="0.33532934131736525" targetAnchorY="0.16216216216216217">
    <source href="assembly.xml#Pre-process"/>
    <target href="assembly.xml#StoreReportData"/>
  </connections>
  <connections type="routesTo" sourceAnchorY="1.0" targetAnchorX="0.5267175572519084" targetAnchorY="0.40540540540540543">
    <source href="assembly.xml#//@beans/@mixed.1/@mixed.25/@mixed.3"/>
    <target href="assembly.xml#CallError2"/>
  </connections>
  <connections type="routesResponseTo" sourceAnchorX="0.8164556962025317" sourceAnchorY="1.0" targetAnchorX="0.5034965034965035" targetAnchorY="0.21739130434782608">
    <source href="assembly.xml#LoadXMLtoEvent"/>
    <target href="assembly.xml#CreateOutputFile"/>
  </connections>
  <connections type="routesTo" sourceAnchorX="1.0" sourceAnchorY="0.1732283464566929" targetAnchorX="0.16097560975609757" targetAnchorY="0.4594594594594595">
    <source href="assembly.xml#CreateOutputFile"/>
    <target href="assembly.xml#LoadOutpufFiletoEvent"/>
  </connections>
  <connections type="routesTo" sourceAnchorX="0.5147058823529411" sourceAnchorY="1.0" targetAnchorX="0.5343511450381679" targetAnchorY="0.5135135135135135">
    <source href="assembly.xml#//@beans/@mixed.1/@mixed.17/@mixed.3"/>
    <target href="assembly.xml#CallError3"/>
  </connections>
  <connections type="routesTo" sourceAnchorX="0.7329842931937173" sourceAnchorY="1.0" targetAnchorX="0.5480769230769231" targetAnchorY="0.358695652173913">
    <source href="assembly.xml#IncrementBatchNum"/>
    <target href="assembly.xml#FindLastBatchNumUsed"/>
  </connections>
  <connections type="routesTo" sourceAnchorX="1.0" sourceAnchorY="0.3125" targetAnchorX="0.3063583815028902" targetAnchorY="0.5135135135135135">
    <source href="assembly.xml#FindLastBatchNumUsed"/>
    <target href="assembly.xml#WorkdayOutSoap"/>
  </connections>
  <connections type="routesTo" sourceAnchorX="0.42990654205607476" sourceAnchorY="1.0" targetAnchorX="0.5035971223021583" targetAnchorY="0.5945945945945946">
    <source href="assembly.xml#//@beans/@mixed.1/@mixed.5/@mixed.3"/>
    <target href="assembly.xml#CallError8"/>
  </connections>
  <connections type="routesTo" sourceAnchorX="1.0" sourceAnchorY="0.16535433070866143" targetAnchorX="0.07036247334754797" targetAnchorY="0.3645833333333333">
    <source href="assembly.xml#RetrieveGeneratedValues"/>
    <target href="assembly.xml#RetrieveLaunchParameters"/>
  </connections>
  <connections type="routesTo" sourceAnchorX="1.0" sourceAnchorY="0.25" targetAnchorX="0.328125" targetAnchorY="0.6216216216216216">
    <source href="assembly.xml#RetrieveLaunchParameters"/>
    <target href="assembly.xml#RunReport"/>
  </connections>
  <connections type="routesTo" sourceAnchorX="0.27705627705627706" sourceAnchorY="1.0" targetAnchorX="0.4732824427480916" targetAnchorY="0.7027027027027027">
    <source href="assembly.xml#//@beans/@mixed.1/@mixed.51/@mixed.3"/>
    <target href="assembly.xml#CallError10"/>
  </connections>
  <connections type="routesResponseTo" sourceAnchorX="0.7894736842105263" sourceAnchorY="0.4864864864864865" targetAnchorX="0.41517857142857145" targetAnchorY="0.4864864864864865">
    <source href="assembly.xml#CallAudit"/>
    <target href="assembly.xml#CompleteIntegrationEvent"/>
  </connections>
  <connections type="routesResponseTo" sourceAnchorX="0.9305555555555556" sourceAnchorY="0.43243243243243246" targetAnchorX="0.34210526315789475" targetAnchorY="0.40540540540540543">
    <source href="assembly.xml#CalIIncrementBatchNum"/>
    <target href="assembly.xml#CallAudit"/>
  </connections>
  <connections type="routesTo" sourceAnchorX="1.0" sourceAnchorY="0.15625" targetAnchorX="0.21212121212121213" targetAnchorY="0.5135135135135135">
    <source href="assembly.xml#CreateDisbursementCSV"/>
    <target href="assembly.xml#UploadCSV1"/>
  </connections>
  <connections type="routesTo" sourceAnchorX="0.3221476510067114" sourceAnchorY="1.0" targetAnchorX="0.5461538461538461" targetAnchorY="0.6756756756756757">
    <source href="assembly.xml#//@beans/@mixed.1/@mixed.61/@mixed.3"/>
    <target href="assembly.xml#CallError11"/>
  </connections>
  <connections type="routesTo" sourceAnchorX="1.0" sourceAnchorY="0.15625" targetAnchorX="0.21212121212121213" targetAnchorY="0.5135135135135135">
    <source href="assembly.xml#CreatePayeeCSV"/>
    <target href="assembly.xml#UploadCSV2"/>
  </connections>
  <connections type="routesTo" sourceAnchorX="0.3221476510067114" sourceAnchorY="1.0" targetAnchorX="0.5461538461538461" targetAnchorY="0.6756756756756757">
    <source href="assembly.xml#//@beans/@mixed.1/@mixed.69/@mixed.3"/>
    <target href="assembly.xml#CallError12"/>
  </connections>
  <connections type="routesTo" sourceAnchorX="0.7191011235955056" sourceAnchorY="1.0" targetAnchorX="0.1814516129032258" targetAnchorY="0.11811023622047244">
    <source href="assembly.xml#Audit"/>
    <target href="assembly.xml#CreateDisbursementCSV"/>
  </connections>
  <connections type="routesResponseTo" sourceAnchorX="0.6285714285714286" sourceAnchorY="1.0" targetAnchorX="0.10887096774193548" targetAnchorY="0.10236220472440945">
    <source href="assembly.xml#UploadCSV1"/>
    <target href="assembly.xml#CreatePayeeCSV"/>
  </connections>
  <connections type="routesTo" sourceAnchorX="1.0" sourceAnchorY="0.15625" targetAnchorX="0.21212121212121213" targetAnchorY="0.5135135135135135">
    <source href="assembly.xml#CreateLienCSV"/>
    <target href="assembly.xml#UploadCSV3"/>
  </connections>
  <connections type="routesTo" sourceAnchorX="0.3221476510067114" sourceAnchorY="1.0" targetAnchorX="0.5461538461538461" targetAnchorY="0.6756756756756757">
    <source href="assembly.xml#//@beans/@mixed.1/@mixed.75/@mixed.3"/>
    <target href="assembly.xml#CallError13"/>
  </connections>
  <connections type="routesResponseTo" sourceAnchorX="0.7428571428571429" sourceAnchorY="1.0" targetAnchorX="0.1532258064516129" targetAnchorY="0.1968503937007874">
    <source href="assembly.xml#UploadCSV2"/>
    <target href="assembly.xml#CreateLienCSV"/>
  </connections>
  <connections type="routesResponseTo" sourceAnchorX="0.3772455089820359" sourceAnchorY="1.0" targetAnchorX="0.3433734939759036" targetAnchorY="0.40540540540540543">
    <source href="assembly.xml#StoreReportData"/>
    <target href="assembly.xml#LoadXMLtoEvent"/>
  </connections>
</wdnm:Diagram>
