<?xml version="1.0" encoding="UTF-8"?>
<beans
     xmlns="http://www.springframework.org/schema/beans"
     xmlns:beans="http://www.springframework.org/schema/beans"
     xmlns:atom="http://www.w3.org/2005/Atom"
     xmlns:cc="http://www.capeclear.com/assembly/10"
     xmlns:cloud="urn:com.workday/esb/cloud/10.0"
     xmlns:env="http://schemas.xmlsoap.org/soap/envelope/"
     xmlns:pi="urn:com.workday/picof"
     xmlns:wd="urn:com.workday/bsvc"
     xmlns:xsi="http://www.w3.org/2001/XMLSchema-instance">
 
	<cc:assembly id="WorkdayAssembly" version="2019.6">
        <cc:workday-in id="StartHere" routes-to="SyncMediation">
            <cc:integration-system name="INT0208 Sterling Background Check Outbound">
        <cloud:param name="backgroundCheckEventId">
          <cloud:type>
            <cloud:class-report-field description="Background Check Business Process" type="WID" singular="true">cebc9b6316c14852944a0d3f3fc968be</cloud:class-report-field>
          </cloud:type>
        </cloud:param>
        <cloud:attribute-map-service name="INT0208-Generic">
          <cloud:attribute name="backgroundCheckRequestUrl">
            <cloud:type>
              <cloud:simple-type>text</cloud:simple-type>
            </cloud:type>
          </cloud:attribute>
        </cloud:attribute-map-service>
      </cc:integration-system>
        </cc:workday-in>
        <cc:http-out id="HttpOut" store-message="request" endpoint="@{intsys.getAttribute('backgroundCheckRequestUrl')}" http-method="POST"/>
        <cc:workday-out-soap id="WorkdayOutSoap" store-message="both" routes-response-to="AsyncMediation" application="Recruiting" version="v31.2"/>
        <cc:sync-mediation id="SyncMediation" routes-to="WorkdayOutSoap" handle-downstream-errors="true">
            <cc:request-steps>
                <cc:eval id="Eval">
                    <cc:expression>props['lp.bg.check.id'] = lp.getReferenceData('backgroundCheckEventId', 'Background_Check_ID')</cc:expression>
                </cc:eval>
                <cc:xslt-plus id="XsltPlus" url="fetch_background_check_event_Id.xslt"/>
                <cc:log id="Log">
                    <cc:log-message>
                        <cc:message-content/>
                    </cc:log-message>
                </cc:log>
            </cc:request-steps>
            <cc:response-steps>
                <cc:log id="Log_Response">
                    <cc:log-message>
                        <cc:message-content/>
                    </cc:log-message>
                </cc:log>
            </cc:response-steps>
            <cc:send-error id="SendError" routes-to="GetError"/>
        </cc:sync-mediation>
        <cc:async-mediation id="AsyncMediation" routes-to="HttpOut" handle-downstream-errors="true">
            <cc:steps>
                <cc:log id="Log">
                    <cc:log-message>
                        <cc:text>Sterling endpoint URL: @{intsys.getAttribute('backgroundCheckRequestUrl')}&#xD;
Payload:&#xD;
</cc:text>
                        <cc:message-content/>
                    </cc:log-message>
                </cc:log></cc:steps>
            <cc:send-error id="SendError" routes-to="SendError"/>
        </cc:async-mediation>
        <cc:local-out id="SendError" endpoint="vm://wcc/PutIntegrationMessage"><cc:set name="is.message.severity" value="'ERROR'"/><cc:set name="is.message.summary" value="'API request to Sterling has failed, please see details.'"/><cc:set name="is.message.detail" value="context.errorMessage"/></cc:local-out>
        <cc:local-out id="GetError" endpoint="vm://wcc/PutIntegrationMessage"><cc:set name="is.message.severity" value="'ERROR'"/><cc:set name="is.message.summary" value="'An error occurred getting the background check event, please see details.'"/><cc:set name="is.message.detail" value="context.errorMessage"/></cc:local-out>
	</cc:assembly>

</beans>