<?xml version="1.0" encoding="UTF-8"?>
<beans
     xmlns="http://www.springframework.org/schema/beans"
     xmlns:beans="http://www.springframework.org/schema/beans"
     xmlns:atom="http://www.w3.org/2005/Atom"
     xmlns:cc="http://www.capeclear.com/assembly/10"
     xmlns:cloud="urn:com.workday/esb/cloud/10.0"
     xmlns:env="http://schemas.xmlsoap.org/soap/envelope/"
     xmlns:pi="urn:com.workday/picof"
     xmlns:wd="urn:com.workday/bsvc"
     xmlns:xsi="http://www.w3.org/2001/XMLSchema-instance">
 
	<cc:assembly id="WorkdayAssembly" version="2019.6">
        <cc:workday-in id="StartHere" routes-to="Initialization">
            <cc:integration-system name="INT0249 Super set of fields for FTE files New Version">
        <cloud:param name="As of Date">
          <cloud:type>
            <cloud:simple-type>date</cloud:simple-type>
          </cloud:type>
        </cloud:param>
        <cloud:report-service name="INT0249-ReportService">
          <cloud:report-alias description="RPT1 - INT0249 - Super Set of Fields for FTE files" name="ReportData-1">
            <cloud:report-reference description="RPT1 - INT0249 - Super Set of Fields for FTE files" type="WID">a819c75c5c6b01a67fa96bfd8b1da1d2</cloud:report-reference>
          </cloud:report-alias>
          <cloud:report-alias description="RPT2 - INT0249 - Super Set of Fields for FTE files" name="ReportData-2">
            <cloud:report-reference description="RPT2 - INT0249 - Super Set of Fields for FTE files" type="WID">a819c75c5c6b010908634db98c1d38d4</cloud:report-reference>
          </cloud:report-alias>
          <cloud:report-alias description="RPT3 - INT0249 - Get Employee CC Change Dates" name="ReportData-3">
            <cloud:report-reference description="RPT3 - INT0249 - Get Employee CC Change Dates" type="WID">a819c75c5c6b015f4dbf1e138d1dd7d4</cloud:report-reference>
          </cloud:report-alias>
        </cloud:report-service>
      </cc:integration-system>
        </cc:workday-in>
        <cc:async-mediation id="Initialization" routes-to="CallReportData1">
            <cc:steps>
                <cc:eval id="Initializations">
                    <cc:expression>props['hash.DataRetrived']= new java.util.HashMap();</cc:expression>
                    <cc:expression>props['record.counter']= 0;</cc:expression>
                    <cc:expression>props['is.error.exist'] = false</cc:expression>
                    <cc:expression>props['is.create.batch'] = false</cc:expression>
                </cc:eval>
                <cc:eval id="Eval">
                    <cc:expression>//props['File.Sequence']= lp.getSequencedValue('INT0249_Output_File_Sequence');</cc:expression>
                    <cc:expression>props['Header.today.date'] = parts[0].xpath(&quot;format-dateTime(current-dateTime(),'[Y0001][M01][D01]')&quot;)</cc:expression>
                    <cc:expression>props['Header.current.time'] = parts[0].xpath(&quot;format-dateTime(current-dateTime(),'[H01]:[m01]:[s01]')&quot;)</cc:expression>
                    <cc:expression>props['As.Of.Eff.Date'] = lp.getSimpleData(&quot;As of Date&quot;).substring(0,10);</cc:expression>
                    <cc:expression>props['Start.Date'] = java.time.LocalDate.parse(props['As.Of.Eff.Date'], java.time.format.DateTimeFormatter.ofPattern(&quot;yyyy-MM-dd&quot;)).with(java.time.temporal.TemporalAdjusters.firstDayOfMonth()).toString()  </cc:expression>
                    <cc:expression>props['End.Date'] = java.time.LocalDate.parse(props['As.Of.Eff.Date'], java.time.format.DateTimeFormatter.ofPattern(&quot;yyyy-MM-dd&quot;)).with(java.time.temporal.TemporalAdjusters.lastDayOfMonth()).toString()  </cc:expression>
                    <cc:expression>props['Data.Date'] = props['End.Date'].toString().replace('-', '')</cc:expression>
                    <cc:expression>props['File.Name'] = 'workday.idp.mthly_paidfte.delta.'+ props['Data.Date'] + '000000.pgp'</cc:expression>
                </cc:eval>
            </cc:steps>
            <cc:send-error id="SendError" routes-to="InitializationError"/>
        </cc:async-mediation>
        <cc:local-out id="CallReportData1" store-message="none" routes-response-to="CallReportData2" endpoint="vm://INT0249_SuperSet_of_fields_for_FTE_files_NewVersion/ReportData1"/>
        <cc:local-in id="ReportData1" routes-to="AsyncMediation0"/>
        <cc:workday-out-rest id="WorkdayOutRest" routes-response-to="ValidatingReport" extra-path="@{intsys.reportService.getExtrapath('ReportData-1')}?Start_Date=@{props['Start.Date']}&amp;End_Date=@{props['End.Date']}"/>
        <cc:async-mediation id="ValidatingReport" routes-to="Splitter">
            <cc:steps>
                <cc:log id="Log">
                    <cc:log-message>
                        <cc:text>************IN Report Data 1***********&#xD;
&#xD;
&#xD;
!!!!!!!!!!!!!!!!!!!!!!!!!!!!!!!!!!!!!!!!!!!!!!!!!!!!!!!!!!!!!!!!!!!!</cc:text>
                        <cc:message-content/>
                    </cc:log-message>
                </cc:log>
                <cc:eval id="Eval">
                    <cc:expression>props['rowfound'] = parts[0].xpathB('wd:Report_Data/wd:Report_Entry','wd urn:com.workday.report/INT0249_RPT1') </cc:expression>
                </cc:eval>
                <cc:validate-exp id="ValidateExp">
                    <cc:expression failure-message="No rows returned in the report">props['rowfound']</cc:expression>
                </cc:validate-exp>
                <cc:copy id="Copy" output="variable" output-variable="reportdata"/>
            </cc:steps>
            <cc:send-error id="SendError" routes-to="PutIntegrationMessage3"/>
        </cc:async-mediation>
        <cc:local-out id="PutIntegrationMessage3" endpoint="vm://wcc/PutIntegrationMessage">
            <cc:set name="is.message.severity" value="'WARNING'"/>
            <cc:set name="is.message.summary" value="'Report did not return any data'"/>
            <cc:set name="is.message.storage.enabled" value="false"/>
            <cc:set name="is.document.deliverable" value="'true'"/>
        </cc:local-out>
        <cc:splitter id="Splitter">
            <cc:sub-route name="SubRoute" routes-to="StoreReportData"/>
            <cc:xml-stream-splitter namespaces="wd urn:com.workday.report/INT0249_RPT1" xpath="/wd:Report_Data/wd:Report_Entry"/>
        </cc:splitter>
        <cc:async-mediation id="StoreReportData" routes-to="CallProcessData1">
            <cc:steps>
                <cc:eval id="Eval">
                    <cc:expression>props['Emp.Id'] = parts[0].xpath('wd:Report_Entry/wd:Employee_ID','wd urn:com.workday.report/INT0249_RPT1')</cc:expression>
                    <cc:expression>props['Emp.country'] = parts[0].xpath('wd:Report_Entry/wd:Work_Country/@wd:Descriptor','wd urn:com.workday.report/INT0249_RPT1')</cc:expression>
                    <cc:expression>props['Emp.termianted'] = (boolean) parts[0].xpath('wd:Report_Entry/wd:Is_Terminated','wd urn:com.workday.report/INT0249_RPT1')</cc:expression>
                </cc:eval>
                <cc:log id="Log">
                    <cc:log-message>
                        <cc:text>------------------------------------------------------------------------------&#xD;
props['Emp.Id'] = @{props['Emp.Id']}&#xD;
props['Emp.country'] = @{props['Emp.country']}&#xD;
props['Emp.termianted'] = @{props['Emp.termianted']}&#xD;
&#xD;
-------------------------------------------------------------------------------</cc:text>
                    </cc:log-message>
                </cc:log>
            </cc:steps>
            <cc:send-error id="SendError" routes-to="PutIntegrationMessage"/>
        </cc:async-mediation>
        <cc:local-out id="CallProcessData1" store-message="none" endpoint="vm://INT0249_SuperSet_of_fields_for_FTE_files_NewVersion/ProcessData"/>
        <cc:local-in id="ProcessData" routes-to="XSLTStep"/>
        <cc:async-mediation id="XSLTStep" routes-to="Aggregator">
            <cc:steps>
                <cc:eval id="Eval">
                    <cc:expression>props['record.counter'] = props['record.counter'] + 1</cc:expression>
                    <cc:expression>props['total.record.count']= org.apache.commons.lang.StringUtils.leftPad(props['record.counter'], 11, &quot;0&quot;)</cc:expression>
                </cc:eval>
                <cc:log id="Log">
                    <cc:log-message>
                        <cc:text>****Report Output********&#xD;
&#xD;
</cc:text>
                        <cc:message-content/>
                    </cc:log-message>
                </cc:log>
                <cc:xslt-plus id="XsltPlus" url="INT0249_v1.xsl"/>
                <cc:log id="Log0">
                    <cc:log-message>
                        <cc:text>***********Final XSL Transform************&#xD;
&#xD;
&#xD;
*********************************************</cc:text>
                        <cc:message-content/>
                    </cc:log-message>
                </cc:log>
            </cc:steps>
            <cc:send-error id="SendError" routes-to="XSLTError"/>
        </cc:async-mediation>
        <cc:aggregator id="Aggregator" routes-to="StoreOutput" collate-when="!props['is.create.batch']" force-batch-on-last-message="false" force-batch-when="props['is.create.batch']">
            <cc:size-batch-strategy batch-size="-1"/>
            <cc:message-content-collater>
        <cc:header-text>HDRCORP             INT0249                       @{props['Data.Date']}@{props['Header.today.date']}@{props['Header.current.time']}                @{'\n'}</cc:header-text>
        <cc:footer-text>TRL@{props['Header.today.date']}@{props['total.record.count']}</cc:footer-text>
      </cc:message-content-collater>
        </cc:aggregator>
        <cc:async-mediation id="StoreOutput" routes-to="SendFile">
            <cc:steps>
                <cc:store id="Store" output="variable" output-variable="Output.file" createDocumentReference="false" expiresIn="P180D" title="@{props['File.Name']}"/>
            </cc:steps>
            <cc:send-error id="SendError" routes-to="PutIntegrationMessage0"/>
        </cc:async-mediation>
        <cc:local-out id="InitializationError" endpoint="vm://wcc/PutIntegrationMessage"><cc:set name="is.message.severity" value="'CRITICAL'"/><cc:set name="is.message.summary" value="'Integration failed at step:Initialization.  Error details: '+ context.errorMessage"/><cc:set name="is.message.storage.enabled" value="false"/></cc:local-out>
        <cc:async-mediation id="AsyncMediation0" routes-to="WorkdayOutRest" handle-downstream-errors="true">
            <cc:steps/>
            <cc:send-error id="SendError" routes-to="ReportErrorHandling"/>
        </cc:async-mediation>
        <cc:local-out id="ReportErrorHandling" endpoint="vm://wcc/PutIntegrationMessage"><cc:set name="is.message.severity" value="'CRITICAL'"/><cc:set name="is.message.summary" value="'Integration failed to retrieve custom report output. Error details: '+ context.errorMessage"/><cc:set name="is.message.storage.enabled" value="false"/></cc:local-out>
        <cc:local-out id="PutIntegrationMessage" endpoint="vm://wcc/PutIntegrationMessage"><cc:set name="is.message.severity" value="'ERROR'"/><cc:set name="is.message.summary" value="'Integration errored out at step:StoreReportData. Error details: '+ context.errorMessage"/><cc:set name="is.message.storage.enabled" value="false"/></cc:local-out>
        <cc:local-out id="XSLTError" endpoint="vm://wcc/PutIntegrationMessage"><cc:set name="is.message.severity" value="'ERROR'"/><cc:set name="is.message.summary" value="'Integration error out at step:XSLTStep. Error details: '+ context.errorMessage"/><cc:set name="is.message.storage.enabled" value="false"/></cc:local-out>
        <cc:local-out id="PutIntegrationMessage0" endpoint="vm://wcc/PutIntegrationMessage"><cc:set name="is.message.severity" value="'CRITICAL'"/><cc:set name="is.message.summary" value="'Integration failed at step:StoreOutput. Error details: '+ context.errorMessage"/><cc:set name="is.message.storage.enabled" value="false"/></cc:local-out>
        <cc:send-error id="global-error-handler" rethrow-error="false" routes-to="Note-Error"/>
        <cc:local-out id="Note-Error" endpoint="vm://wcc/PutIntegrationMessage">
            <cc:set name="is.message.severity" value="'CRITICAL'"/>
            <cc:set name="is.message.summary" value="context.errorMessage"/>
        </cc:local-out>
        <cc:local-out id="SendFile" endpoint="vm://wcc/PutIntegrationMessage">
            <cc:set name="is.message.severity" value="'INFO'"/>
            <cc:set name="is.message.summary" value="'Output File attached'"/>
            <cc:set name="is.document.variable.name" value="'Output.file'"/>
            <cc:set name="is.message.storage.enabled" value="false"/>
            <cc:set name="is.document.deliverable" value="'true'"/>
        </cc:local-out>
        <cc:local-out id="CallReportData2" store-message="none" routes-response-to="CallCreateBatch" endpoint="vm://INT0249_SuperSet_of_fields_for_FTE_files_NewVersion/ReportData2"/>
        <cc:local-out id="PutIntegrationMessage1" endpoint="vm://wcc/PutIntegrationMessage">
            <cc:set name="is.message.severity" value="'ERROR'"/>
            <cc:set name="is.message.summary" value="'Integration errored out at step:StoreReportData. Error details: '+ context.errorMessage"/>
            <cc:set name="is.message.storage.enabled" value="false"/>
        </cc:local-out>
        <cc:async-mediation id="StoreReportData0" routes-to="CallReportData3">
            <cc:steps>
                <cc:eval id="Eval">
                    <cc:expression>props['Emp.Id'] = parts[0].xpath('wd:Report_Entry/wd:Employee_ID','wd urn:com.workday.report/INT0249_RPT2')</cc:expression>
                    <cc:expression>props['Emp.country'] = parts[0].xpath('wd:Report_Entry/wd:Work_Country/@wd:Descriptor','wd urn:com.workday.report/INT0249_RPT2')</cc:expression>
                    <cc:expression>props['Emp.termianted'] = (boolean) parts[0].xpath('wd:Report_Entry/wd:Is_Terminated','wd urn:com.workday.report/INT0249_RPT2')</cc:expression>
                </cc:eval>
                <cc:log id="Log">
                    <cc:log-message>
                        <cc:text>------------------------------------------------------------------------------&#xD;
props['Emp.Id'] = @{props['Emp.Id']}&#xD;
props['Emp.country'] = @{props['Emp.country']}&#xD;
props['Emp.termianted'] = @{props['Emp.termianted']}&#xD;
&#xD;
-------------------------------------------------------------------------------</cc:text>
                    </cc:log-message>
                </cc:log>
            </cc:steps>
            <cc:send-error id="SendError" routes-to="PutIntegrationMessage1"/>
        </cc:async-mediation>
        <cc:splitter id="Splitter0">
            <cc:sub-route name="SubRoute" routes-to="StoreReportData0"/>
            <cc:xml-stream-splitter namespaces="wd urn:com.workday.report/INT0249_RPT2" xpath="/wd:Report_Data/wd:Report_Entry"/>
        </cc:splitter>
        <cc:local-out id="PutIntegrationMessage30" endpoint="vm://wcc/PutIntegrationMessage">
            <cc:set name="is.message.severity" value="'WARNING'"/>
            <cc:set name="is.message.summary" value="'Report did not return any data'"/>
            <cc:set name="is.message.storage.enabled" value="false"/>
            <cc:set name="is.document.deliverable" value="'true'"/>
        </cc:local-out>
        <cc:async-mediation id="ValidatingReport0" routes-to="Splitter0">
            <cc:steps>
                <cc:log id="Log">
                    <cc:log-message>
                        <cc:text>*************In report Data 2*********&#xD;
&#xD;
&#xD;
&#xD;
*********************************************</cc:text>
                        <cc:message-content/>
                    </cc:log-message>
                </cc:log>
                <cc:eval id="Eval">
                    <cc:expression>props['rowfound'] = parts[0].xpathB('wd:Report_Data/wd:Report_Entry','wd urn:com.workday.report/INT0249_RPT2') </cc:expression>
                </cc:eval>
                <cc:validate-exp id="ValidateExp">
                    <cc:expression failure-message="No rows returned in the report">props['rowfound']</cc:expression>
                </cc:validate-exp>
                <cc:copy id="Copy" output="variable" output-variable="reportdata"/>
            </cc:steps>
            <cc:send-error id="SendError" routes-to="PutIntegrationMessage30"/>
        </cc:async-mediation>
        <cc:workday-out-rest id="WorkdayOutRest0" routes-response-to="ValidatingReport0" extra-path="@{intsys.reportService.getExtrapath('ReportData-2')}?Start_Date=@{props['Start.Date']}&amp;End_Date=@{props['End.Date']}"/>
        <cc:local-out id="ReportErrorHandling0" endpoint="vm://wcc/PutIntegrationMessage">
            <cc:set name="is.message.severity" value="'CRITICAL'"/>
            <cc:set name="is.message.summary" value="'Integration failed to retrieve custom report output. Error details: '+ context.errorMessage"/>
            <cc:set name="is.message.storage.enabled" value="false"/>
        </cc:local-out>
        <cc:async-mediation id="AsyncMediation00" routes-to="WorkdayOutRest0" handle-downstream-errors="true">
            <cc:steps/>
            <cc:send-error id="SendError" routes-to="ReportErrorHandling0"/>
        </cc:async-mediation>
        <cc:local-in id="ReportData2" routes-to="AsyncMediation00"/>
        <cc:local-out id="PutIntegrationMessage300" endpoint="vm://wcc/PutIntegrationMessage">
            <cc:set name="is.message.severity" value="'WARNING'"/>
            <cc:set name="is.message.summary" value="'Report did not return any data'"/>
            <cc:set name="is.message.storage.enabled" value="false"/>
            <cc:set name="is.document.deliverable" value="'true'"/>
        </cc:local-out>
        <cc:async-mediation id="GettingDates" routes-to="CallReportData1_Prior_CC_Change">
            <cc:steps>
                <cc:log id="Log">
                    <cc:log-message>
                        <cc:text>***********In report Data 3*********&#xD;
&#xD;
&#xD;
&#xD;
!!!!!!!!!!!!!!!!!!!!!!!!!!!!!!!!!!!!!!!!!!!!!!!!!!!!!!!!!!!!!</cc:text>
                        <cc:message-content/>
                    </cc:log-message>
                </cc:log>
                <cc:eval id="Eval">
                    <cc:expression>props['CC_Change_Date_Minus1'] = parts[0].xpath('wd:Report_Data/wd:Report_Entry/wd:CC_Change_Minus_1','wd urn:com.workday.report/INT0249_RPT3') </cc:expression>
                    <cc:expression>props['CC_Change_Date_Plus1'] = parts[0].xpath('wd:Report_Data/wd:Report_Entry/wd:CC_Change_Plus_1','wd urn:com.workday.report/INT0249_RPT3') </cc:expression>
                </cc:eval>
            </cc:steps>
            <cc:send-error id="SendError" routes-to="PutIntegrationMessage300"/>
        </cc:async-mediation>
        <cc:workday-out-rest id="WorkdayOutRest00" routes-response-to="GettingDates" extra-path="@{intsys.reportService.getExtrapath('ReportData-3')}?Employee_ID=@{props['empl.id']}"/>
        <cc:local-out id="ReportErrorHandling00" endpoint="vm://wcc/PutIntegrationMessage">
            <cc:set name="is.message.severity" value="'CRITICAL'"/>
            <cc:set name="is.message.summary" value="'Integration failed to retrieve custom report output. Error details: '+ context.errorMessage"/>
            <cc:set name="is.message.storage.enabled" value="false"/>
        </cc:local-out>
        <cc:async-mediation id="AsyncMediation000" routes-to="WorkdayOutRest00" handle-downstream-errors="true">
            <cc:steps>
                <cc:eval id="Eval">
                    <cc:expression>props['empl.id'] = props['Emp.Id']</cc:expression>
                </cc:eval>
            </cc:steps>
            <cc:send-error id="SendError" routes-to="ReportErrorHandling00"/>
        </cc:async-mediation>
        <cc:local-in id="ReportData3" routes-to="AsyncMediation000"/>
        <cc:local-out id="CallReportData3" store-message="none" endpoint="vm://INT0249_SuperSet_of_fields_for_FTE_files_NewVersion/ReportData3"/>
        <cc:local-in id="ReportData1_PriorCC_Change" routes-to="AsyncMediation0000"/>
        <cc:local-out id="CallReportData1_Prior_CC_Change" store-message="none" routes-response-to="CallReportData1_After_CC_Change" endpoint="vm://INT0249_SuperSet_of_fields_for_FTE_files_NewVersion/ReportData1_PriorCC_Change"/>
        <cc:local-out id="CallReportData1_After_CC_Change" store-message="none" endpoint="vm://INT0249_SuperSet_of_fields_for_FTE_files_NewVersion/ReportData1_AfterCC_Change"/>
        <cc:local-out id="ReportErrorHandling000" endpoint="vm://wcc/PutIntegrationMessage">
            <cc:set name="is.message.severity" value="'CRITICAL'"/>
            <cc:set name="is.message.summary" value="'Integration failed to retrieve custom report output. Error details: '+ context.errorMessage"/>
            <cc:set name="is.message.storage.enabled" value="false"/>
        </cc:local-out>
        <cc:async-mediation id="AsyncMediation0000" routes-to="WorkdayOutRest1" handle-downstream-errors="true">
            <cc:steps>
                <cc:eval id="Eval">
                    <cc:expression>props['new.end.date'] = props['CC_Change_Date_Minus1']</cc:expression>
                </cc:eval>
            </cc:steps>
            <cc:send-error id="SendError" routes-to="ReportErrorHandling000"/>
        </cc:async-mediation>
        <cc:workday-out-rest id="WorkdayOutRest1" routes-response-to="ValidatingReport1_PriorCC" extra-path="@{intsys.reportService.getExtrapath('ReportData-1')}?Start_Date=@{props['Start.Date']}&amp;End_Date=@{props['new.end.date']}&amp;Employee_ID=@{props['empl.id']}"/>
        <cc:local-out id="PutIntegrationMessage31" endpoint="vm://wcc/PutIntegrationMessage">
            <cc:set name="is.message.severity" value="'WARNING'"/>
            <cc:set name="is.message.summary" value="'Report did not return any data'"/>
            <cc:set name="is.message.storage.enabled" value="false"/>
            <cc:set name="is.document.deliverable" value="'true'"/>
        </cc:local-out>
        <cc:async-mediation id="ValidatingReport1_PriorCC" routes-to="StoreReportData1_PriorCC">
            <cc:steps>
                <cc:log id="Log">
                    <cc:log-message>
                        <cc:text>!!!!!!!!!!!!!!!!!In Process Prior Change!!!!!!!!!!!!!!!!!!!!!!!!!!!!!!&#xD;
&#xD;
&#xD;
&#xD;
########################################</cc:text>
                        <cc:message-content/>
                    </cc:log-message>
                </cc:log>
                <cc:eval id="Eval">
                    <cc:expression>props['rowfound'] = parts[0].xpathB('wd:Report_Data/wd:Report_Entry','wd urn:com.workday.report/INT0249_RPT1') </cc:expression>
                </cc:eval>
                <cc:validate-exp id="ValidateExp">
                    <cc:expression failure-message="No rows returned in the report">props['rowfound']</cc:expression>
                </cc:validate-exp>
                <cc:copy id="Copy" output="variable" output-variable="reportdata"/>
            </cc:steps>
            <cc:send-error id="SendError" routes-to="PutIntegrationMessage31"/>
        </cc:async-mediation>
        <cc:local-out id="PutIntegrationMessage2" endpoint="vm://wcc/PutIntegrationMessage">
            <cc:set name="is.message.severity" value="'ERROR'"/>
            <cc:set name="is.message.summary" value="'Integration errored out at step:StoreReportData. Error details: '+ context.errorMessage"/>
            <cc:set name="is.message.storage.enabled" value="false"/>
        </cc:local-out>
        <cc:async-mediation id="StoreReportData1_PriorCC" routes-to="CallProcessData2">
            <cc:steps>
                <cc:eval id="Eval">
                    <cc:expression>props['Emp.Id'] = parts[0].xpath('wd:Report_Entry/wd:Employee_ID','wd urn:com.workday.report/INT0249_RPT1')</cc:expression>
                    <cc:expression>props['Emp.country'] = parts[0].xpath('wd:Report_Entry/wd:Work_Country/@wd:Descriptor','wd urn:com.workday.report/INT0249_RPT1')</cc:expression>
                    <cc:expression>props['Emp.termianted'] = (boolean) parts[0].xpath('wd:Report_Entry/wd:Is_Terminated','wd urn:com.workday.report/INT0249_RPT1')</cc:expression>
                </cc:eval>
                <cc:log id="Log">
                    <cc:log-message>
                        <cc:text>------------------------------------------------------------------------------&#xD;
props['Emp.Id'] = @{props['Emp.Id']}&#xD;
props['Emp.country'] = @{props['Emp.country']}&#xD;
props['Emp.termianted'] = @{props['Emp.termianted']}&#xD;
&#xD;
-------------------------------------------------------------------------------</cc:text>
                    </cc:log-message>
                </cc:log>
            </cc:steps>
            <cc:send-error id="SendError" routes-to="PutIntegrationMessage2"/>
        </cc:async-mediation>
        <cc:local-out id="CallProcessData2" store-message="none" endpoint="vm://INT0249_SuperSet_of_fields_for_FTE_files_NewVersion/ProcessData"/>
        <cc:local-out id="CallProcessData3" store-message="none" endpoint="vm://INT0249_SuperSet_of_fields_for_FTE_files_NewVersion/ProcessData"/>
        <cc:local-out id="PutIntegrationMessage20" endpoint="vm://wcc/PutIntegrationMessage">
            <cc:set name="is.message.severity" value="'ERROR'"/>
            <cc:set name="is.message.summary" value="'Integration errored out at step:StoreReportData. Error details: '+ context.errorMessage"/>
            <cc:set name="is.message.storage.enabled" value="false"/>
        </cc:local-out>
        <cc:async-mediation id="StoreReportData1_AfterCC" routes-to="CallProcessData3">
            <cc:steps>
                <cc:eval id="Eval">
                    <cc:expression>props['Emp.Id'] = parts[0].xpath('wd:Report_Entry/wd:Employee_ID','wd urn:com.workday.report/INT0249_RPT1')</cc:expression>
                    <cc:expression>props['Emp.country'] = parts[0].xpath('wd:Report_Entry/wd:Work_Country/@wd:Descriptor','wd urn:com.workday.report/INT0249_RPT1')</cc:expression>
                    <cc:expression>props['Emp.termianted'] = (boolean) parts[0].xpath('wd:Report_Entry/wd:Is_Terminated','wd urn:com.workday.report/INT0249_RPT1')</cc:expression>
                </cc:eval>
                <cc:log id="Log">
                    <cc:log-message>
                        <cc:text>------------------------------------------------------------------------------&#xD;
props['Emp.Id'] = @{props['Emp.Id']}&#xD;
props['Emp.country'] = @{props['Emp.country']}&#xD;
props['Emp.termianted'] = @{props['Emp.termianted']}&#xD;
&#xD;
-------------------------------------------------------------------------------</cc:text>
                    </cc:log-message>
                </cc:log>
            </cc:steps>
            <cc:send-error id="SendError" routes-to="PutIntegrationMessage20"/>
        </cc:async-mediation>
        <cc:local-out id="PutIntegrationMessage310" endpoint="vm://wcc/PutIntegrationMessage">
            <cc:set name="is.message.severity" value="'WARNING'"/>
            <cc:set name="is.message.summary" value="'Report did not return any data'"/>
            <cc:set name="is.message.storage.enabled" value="false"/>
            <cc:set name="is.document.deliverable" value="'true'"/>
        </cc:local-out>
        <cc:async-mediation id="ValidatingReport1_AfterCC" routes-to="StoreReportData1_AfterCC">
            <cc:steps>
                <cc:eval id="Eval">
                    <cc:expression>props['rowfound'] = parts[0].xpathB('wd:Report_Data/wd:Report_Entry','wd urn:com.workday.report/INT0249_RPT1') </cc:expression>
                </cc:eval>
                <cc:validate-exp id="ValidateExp">
                    <cc:expression failure-message="No rows returned in the report">props['rowfound']</cc:expression>
                </cc:validate-exp>
                <cc:copy id="Copy" output="variable" output-variable="reportdata"/>
            </cc:steps>
            <cc:send-error id="SendError" routes-to="PutIntegrationMessage310"/>
        </cc:async-mediation>
        <cc:workday-out-rest id="WorkdayOutRest10" routes-response-to="ValidatingReport1_AfterCC" extra-path="@{intsys.reportService.getExtrapath('ReportData-1')}?Start_Date=@{props['new.start.date']}&amp;End_Date=@{props['End.Date']}&amp;Employee_ID=@{props['empl.id']}"/>
        <cc:local-out id="ReportErrorHandling0000" endpoint="vm://wcc/PutIntegrationMessage">
            <cc:set name="is.message.severity" value="'CRITICAL'"/>
            <cc:set name="is.message.summary" value="'Integration failed to retrieve custom report output. Error details: '+ context.errorMessage"/>
            <cc:set name="is.message.storage.enabled" value="false"/>
        </cc:local-out>
        <cc:async-mediation id="AsyncMediation00000" routes-to="WorkdayOutRest10" handle-downstream-errors="true">
            <cc:steps>
                <cc:eval id="Eval">
                    <cc:expression>props['new.start.date'] = props['CC_Change_Date_Plus1']</cc:expression>
                </cc:eval>
            </cc:steps>
            <cc:send-error id="SendError" routes-to="ReportErrorHandling0000"/>
        </cc:async-mediation>
        <cc:local-in id="ReportData1_AfterCC_Change" routes-to="AsyncMediation00000"/>
        <cc:local-out id="CallCreateBatch" store-message="none" endpoint="vm://INT0249_SuperSet_of_fields_for_FTE_files_NewVersion/CreateBatch"><cc:set name="is.create.batch" value="true"/></cc:local-out>
        <cc:local-in id="CreateBatch" routes-to="Aggregator"/>
	</cc:assembly>

</beans>