<?xml version="1.0" encoding="UTF-8"?>
<wdnm:Diagram xmlns:wdnm="http://workday.com/studio/editors/notation">
  <element href="assembly.xml#WorkdayAssembly"/>
  <visualProperties x="114" y="99">
    <element href="assembly.xml#StartHere"/>
  </visualProperties>
  <visualProperties x="202" y="120">
    <element href="assembly.xml#AsyncMediation"/>
  </visualProperties>
  <visualProperties x="364" y="178">
    <element href="assembly.xml#WorkdayOutRest"/>
  </visualProperties>
  <visualProperties x="542" y="149">
    <element href="assembly.xml#AsyncMediation0"/>
  </visualProperties>
  <connections type="routesTo">
    <source href="assembly.xml#StartHere"/>
    <target href="assembly.xml#AsyncMediation"/>
  </connections>
  <connections type="routesTo">
    <source href="assembly.xml#AsyncMediation"/>
    <target href="assembly.xml#WorkdayOutRest"/>
  </connections>
  <connections type="routesResponseTo">
    <source href="assembly.xml#WorkdayOutRest"/>
    <target href="assembly.xml#AsyncMediation0"/>
  </connections>
  <swimlanes x="12" y="21" name="Swimlane" alignment="MIDDLE">
    <elements href="assembly.xml#StartHere"/>
    <elements href="assembly.xml#AsyncMediation"/>
    <elements href="assembly.xml#WorkdayOutRest"/>
    <elements href="assembly.xml#AsyncMediation0"/>
  </swimlanes>
</wdnm:Diagram>
