<?xml version="1.0" encoding="UTF-8"?>
<wdnm:Diagram xmlns:wdnm="http://workday.com/studio/editors/notation">
  <element href="assembly.xml#WorkdayAssembly"/>
  <visualProperties x="-605" y="53">
    <element href="assembly.xml#StartHere_US"/>
  </visualProperties>
  <visualProperties x="-436" y="63">
    <element href="assembly.xml#Sync-Initialize"/>
  </visualProperties>
  <visualProperties x="-393" y="385">
    <element href="assembly.xml#Call-Get_Data"/>
  </visualProperties>
  <visualProperties x="38" y="392">
    <element href="assembly.xml#Get_Data"/>
  </visualProperties>
  <visualProperties x="-418" y="502">
    <element href="assembly.xml#Call-Deliver_Document"/>
  </visualProperties>
  <visualProperties x="30" y="2771">
    <element href="assembly.xml#Deliver_Document"/>
  </visualProperties>
  <visualProperties x="53" y="3313">
    <element href="assembly.xml#//@beans/@mixed.1/@mixed.13"/>
  </visualProperties>
  <visualProperties x="212" y="3313">
    <element href="assembly.xml#Call_Critical_Message"/>
  </visualProperties>
  <visualProperties x="453" y="3313">
    <element href="assembly.xml#Call_Critical_Event"/>
  </visualProperties>
  <visualProperties x="27" y="793">
    <element href="assembly.xml#Transform_Data"/>
  </visualProperties>
  <visualProperties x="221" y="731">
    <element href="assembly.xml#Splitter"/>
  </visualProperties>
  <visualProperties x="720" y="738">
    <element href="assembly.xml#Async-Transform_Response"/>
  </visualProperties>
  <visualProperties x="1297" y="749">
    <element href="assembly.xml#Aggregate_Response"/>
  </visualProperties>
  <visualProperties x="-334" y="256">
    <element href="assembly.xml#PutIntegrationMessage"/>
  </visualProperties>
  <visualProperties x="649" y="2882">
    <element href="assembly.xml#ErrorTransformingDeliveringOutputFile"/>
  </visualProperties>
  <visualProperties x="1343" y="2771">
    <element href="assembly.xml#MsgStore_Output_File"/>
  </visualProperties>
  <visualProperties x="1509" y="749">
    <element href="assembly.xml#Aggregator"/>
  </visualProperties>
  <visualProperties x="-405" y="3340">
    <element href="assembly.xml#IntegrationComplete"/>
  </visualProperties>
  <visualProperties x="370" y="738">
    <element href="assembly.xml#Async-Skip0NetAmount"/>
  </visualProperties>
  <visualProperties x="589" y="738">
    <element href="assembly.xml#SetProps"/>
  </visualProperties>
  <visualProperties x="32" y="1125">
    <element href="assembly.xml#Audit_Log"/>
  </visualProperties>
  <visualProperties x="985" y="775">
    <element href="assembly.xml#Call_Audit_Log"/>
  </visualProperties>
  <visualProperties x="-399" y="3056">
    <element href="assembly.xml#Call-Deliver_Audit"/>
  </visualProperties>
  <visualProperties x="704" y="1030">
    <element href="assembly.xml#Deliver_Audit"/>
  </visualProperties>
  <visualProperties x="1065" y="1141">
    <element href="assembly.xml#Store_Audit_Log"/>
  </visualProperties>
  <visualProperties x="-173" y="874">
    <element href="assembly.xml#PutIntegrationMessage20"/>
  </visualProperties>
  <visualProperties x="437" y="857">
    <element href="assembly.xml#PutIntegrationMessage30"/>
  </visualProperties>
  <visualProperties x="187" y="1091">
    <element href="assembly.xml#Write_Log0"/>
  </visualProperties>
  <visualProperties x="690" y="1089">
    <element href="assembly.xml#AsyncMediation00"/>
  </visualProperties>
  <visualProperties x="-171" y="98">
    <element href="assembly.xml#WorkdayOutSoap"/>
  </visualProperties>
  <visualProperties x="27" y="54">
    <element href="assembly.xml#GetPaymentDate"/>
  </visualProperties>
  <visualProperties x="571" y="60">
    <element href="assembly.xml#Validate_US"/>
  </visualProperties>
  <visualProperties x="711" y="2737">
    <element href="assembly.xml#AggregateOutputFile"/>
  </visualProperties>
  <visualProperties x="242" y="2727">
    <element href="assembly.xml#TransformOutputFile-Checks"/>
  </visualProperties>
  <visualProperties x="1148" y="2727">
    <element href="assembly.xml#Deliver_Output_File"/>
  </visualProperties>
  <visualProperties x="-420" y="441">
    <element href="assembly.xml#Call-Close_Aggregator"/>
  </visualProperties>
  <visualProperties x="1400" y="420">
    <element href="assembly.xml#Close_Aggregator"/>
  </visualProperties>
  <visualProperties x="492" y="706">
    <element href="assembly.xml#ErrorMessage"/>
  </visualProperties>
  <visualProperties x="-381" y="3160">
    <element href="assembly.xml#StoreErrorLog"/>
  </visualProperties>
  <visualProperties x="-377" y="3277">
    <element href="assembly.xml#StoreError"/>
  </visualProperties>
  <visualProperties x="194" y="340">
    <element href="assembly.xml#PrepareGetPayslips"/>
  </visualProperties>
  <visualProperties x="187" y="473">
    <element href="assembly.xml#ErroGetPayslipsWWS"/>
  </visualProperties>
  <visualProperties x="201" y="516">
    <element href="assembly.xml#SetErrorGetPayslips"/>
  </visualProperties>
  <visualProperties x="1132" y="2894">
    <element href="assembly.xml#ErrorZippingOutputFile"/>
  </visualProperties>
  <visualProperties x="941" y="2727">
    <element href="assembly.xml#ZipTheFile"/>
  </visualProperties>
  <visualProperties x="392" y="1091">
    <element href="assembly.xml#Aggregate_Log"/>
  </visualProperties>
  <visualProperties x="383" y="918">
    <element href="assembly.xml#Aggregate_Audit"/>
  </visualProperties>
  <visualProperties x="-436" y="2961">
    <element href="assembly.xml#Call-Aggregate_Audit"/>
  </visualProperties>
  <visualProperties x="1148" y="738">
    <element href="assembly.xml#Async-Copy"/>
  </visualProperties>
  <visualProperties x="165" y="281">
    <element href="assembly.xml#Get_Payroll_Payslips_Request_Parallel"/>
  </visualProperties>
  <visualProperties x="678" y="281">
    <element href="assembly.xml#Call-Transform_Data"/>
  </visualProperties>
  <visualProperties x="-42" y="193">
    <element href="assembly.xml#PutIntegrationMessage0"/>
  </visualProperties>
  <visualProperties x="236" y="209">
    <element href="assembly.xml#PutIntegrationMessage1"/>
  </visualProperties>
  <visualProperties x="499" y="262">
    <element href="assembly.xml#CountPayslips"/>
  </visualProperties>
  <visualProperties x="498" y="405">
    <element href="assembly.xml#ErrorNoPayslips"/>
  </visualProperties>
  <visualProperties x="-183" y="490">
    <element href="assembly.xml#AsyncMediation"/>
  </visualProperties>
  <visualProperties x="1481" y="429">
    <element href="assembly.xml#Store_Chk"/>
  </visualProperties>
  <visualProperties y="1600">
    <element href="assembly.xml#PIM-TransformError-1"/>
  </visualProperties>
  <visualProperties x="1163" y="658">
    <element href="assembly.xml#ErrorMessage-Chk"/>
  </visualProperties>
  <visualProperties x="577" y="633">
    <element href="assembly.xml#Check-PayMethod"/>
  </visualProperties>
  <visualProperties x="944" y="921">
    <element href="assembly.xml#Async-Transform_Response-DD"/>
  </visualProperties>
  <visualProperties x="1023" y="984">
    <element href="assembly.xml#Call_Audit_Log_DD"/>
  </visualProperties>
  <visualProperties x="1246" y="996">
    <element href="assembly.xml#Async-Copy-DD"/>
  </visualProperties>
  <visualProperties x="1359" y="1024">
    <element href="assembly.xml#ErrorMessage-DD"/>
  </visualProperties>
  <visualProperties x="1414" y="1073">
    <element href="assembly.xml#Aggregate_Response_DD"/>
  </visualProperties>
  <visualProperties x="1614" y="1073">
    <element href="assembly.xml#Aggregator_DD"/>
  </visualProperties>
  <visualProperties x="1797" y="1073">
    <element href="assembly.xml#Store_DD"/>
  </visualProperties>
  <visualProperties x="-367" y="453">
    <element href="assembly.xml#Call-Close_Aggregator_DD"/>
  </visualProperties>
  <visualProperties x="1375" y="889">
    <element href="assembly.xml#Close_Aggregator_DD"/>
  </visualProperties>
  <visualProperties x="-192" y="1513">
    <element href="assembly.xml#Deliver_Document_DD"/>
  </visualProperties>
  <visualProperties x="-40" y="1516">
    <element href="assembly.xml#TransformOutputFile-DirectDeposit"/>
  </visualProperties>
  <visualProperties x="494" y="2001">
    <element href="assembly.xml#PIM-TransformError-2"/>
  </visualProperties>
  <visualProperties x="509" y="2022">
    <element href="assembly.xml#AggregateOutputFile-DD"/>
  </visualProperties>
  <visualProperties x="745" y="2034">
    <element href="assembly.xml#ZipTheFile-DD"/>
  </visualProperties>
  <visualProperties x="852" y="2034">
    <element href="assembly.xml#ErrorZippingOutputFile-DD"/>
  </visualProperties>
  <visualProperties x="1023" y="2034">
    <element href="assembly.xml#Deliver_Output_File0"/>
  </visualProperties>
  <visualProperties x="1180" y="2034">
    <element href="assembly.xml#PIM-StoreErrors"/>
  </visualProperties>
  <visualProperties x="1195" y="2022">
    <element href="assembly.xml#MsgStore_Output_File_DD"/>
  </visualProperties>
  <visualProperties x="1496" y="1663">
    <element href="assembly.xml#MsgStore_Output_File0"/>
  </visualProperties>
  <visualProperties x="1478" y="2022">
    <element href="assembly.xml#MsgStore_Output_File_DD0"/>
  </visualProperties>
  <visualProperties x="-344" y="486">
    <element href="assembly.xml#Call-Deliver_Document_DD"/>
  </visualProperties>
  <decorations x="-647" y="-142" width="966" height="55" font="Arial|22|1" fontColor="1" type="TEXT" text="INT9002 Alight Check Print Outbound US Only"/>
  <decorations x="185" y="-142" width="640" height="70" type="TEXT" text="Integration that retrieves data from Workday using Get_Payroll_Payslips_Request webservice, applies XSL Transformation and sends output file to vendor via SFTP"/>
  <decorations x="-429" y="-4" width="302" height="47" type="NOTE" text="This is the first section of the assembly that will get the Launch parameter and sets properites"/>
  <connections type="routesTo" sourceAnchorX="1.0" sourceAnchorY="0.7027027027027027" targetAnchorX="0.2892561983471074" targetAnchorY="0.2905405405405405">
    <source href="assembly.xml#StartHere_US"/>
    <target href="assembly.xml#Sync-Initialize"/>
  </connections>
  <connections type="routesTo" sourceAnchorX="0.9732142857142857" sourceAnchorY="0.464" targetAnchorX="0.5035460992907801" targetAnchorY="0.7297297297297297">
    <source href="assembly.xml#Async-Transform_Response"/>
    <target href="assembly.xml#Call_Audit_Log"/>
  </connections>
  <connections type="routesTo" sourceAnchorX="0.7253218884120172" sourceAnchorY="0.23333333333333334" targetAnchorX="0.125" targetAnchorY="0.35135135135135137">
    <source href="assembly.xml#//@beans/@mixed.1/@mixed.3/@mixed.5"/>
    <target href="assembly.xml#PutIntegrationMessage"/>
  </connections>
  <connections type="routesTo" sourceAnchorX="1.0" sourceAnchorY="0.6216216216216216" targetAnchorX="0.08791208791208792" targetAnchorY="0.4594594594594595">
    <source href="assembly.xml#//@beans/@mixed.1/@mixed.13"/>
    <target href="assembly.xml#Call_Critical_Message"/>
  </connections>
  <connections type="routesResponseTo" sourceAnchorX="0.8461538461538461" sourceAnchorY="0.4594594594594595" targetAnchorX="0.11180124223602485" targetAnchorY="0.40540540540540543">
    <source href="assembly.xml#Call_Critical_Message"/>
    <target href="assembly.xml#Call_Critical_Event"/>
  </connections>
  <connections type="routesTo" sourceAnchorX="0.9361702127659575" sourceAnchorY="0.5294117647058824" targetAnchorX="0.10588235294117647" targetAnchorY="0.456">
    <source href="assembly.xml#//@beans/@mixed.1/@splitter.0/@subRoute.0"/>
    <target href="assembly.xml#Async-Skip0NetAmount"/>
  </connections>
  <connections type="routesTo" sourceAnchorX="0.8647058823529412" sourceAnchorY="0.5760869565217391" targetAnchorX="0.11023622047244094" targetAnchorY="0.5212765957446809">
    <source href="assembly.xml#Async-Skip0NetAmount"/>
    <target href="assembly.xml#SetProps"/>
  </connections>
  <connections type="routesTo" sourceAnchorX="0.9196428571428571" sourceAnchorY="0.456" targetAnchorX="0.0425531914893617" targetAnchorY="0.45222929936305734">
    <source href="assembly.xml#SetProps"/>
    <target href="assembly.xml#Check-PayMethod"/>
  </connections>
  <connections type="routesTo" sourceAnchorX="1.0" sourceAnchorY="0.5675675675675675" targetAnchorX="0.10887096774193548" targetAnchorY="0.44">
    <source href="assembly.xml#Audit_Log"/>
    <target href="assembly.xml#Write_Log0"/>
  </connections>
  <connections type="routesTo" sourceAnchorX="0.6307053941908713" sourceAnchorY="1.0" targetAnchorX="0.5202020202020202" targetAnchorY="0.5675675675675675">
    <source href="assembly.xml#//@beans/@mixed.1/@mixed.55/@mixed.3"/>
    <target href="assembly.xml#PutIntegrationMessage20"/>
  </connections>
  <connections type="routesTo" sourceAnchorX="0.627906976744186" sourceAnchorY="1.0" targetAnchorX="0.5133689839572193" targetAnchorY="0.208">
    <source href="assembly.xml#Deliver_Audit"/>
    <target href="assembly.xml#AsyncMediation00"/>
  </connections>
  <connections type="routesTo" sourceAnchorX="0.39444444444444443" sourceAnchorY="1.0" targetAnchorX="0.3888888888888889" targetAnchorY="0.21621621621621623">
    <source href="assembly.xml#//@beans/@mixed.1/@mixed.57/@mixed.3"/>
    <target href="assembly.xml#PutIntegrationMessage30"/>
  </connections>
  <connections type="routesTo" sourceAnchorX="0.8791666666666667" sourceAnchorY="0.287292817679558" targetAnchorX="0.1118421052631579" targetAnchorY="0.40540540540540543">
    <source href="assembly.xml#Sync-Initialize"/>
    <target href="assembly.xml#WorkdayOutSoap"/>
  </connections>
  <connections type="routesTo">
    <source href="assembly.xml#GetPaymentDate"/>
    <target href="assembly.xml#Validate_US"/>
  </connections>
  <connections type="routesTo" targetAnchorX="0.41263940520446096" targetAnchorY="0.13513513513513514">
    <source href="assembly.xml#//@beans/@mixed.1/@mixed.69/@mixed.3"/>
    <target href="assembly.xml#ErrorTransformingDeliveringOutputFile"/>
  </connections>
  <connections type="routesTo">
    <source href="assembly.xml#Close_Aggregator"/>
    <target href="assembly.xml#Aggregate_Response"/>
  </connections>
  <connections type="routesTo">
    <source href="assembly.xml#//@beans/@mixed.1/@mixed.37/@mixed.3"/>
    <target href="assembly.xml#ErrorMessage"/>
    <bendpoints sourceX="25" sourceY="39" targetX="-120" targetY="2"/>
  </connections>
  <connections type="routesTo">
    <source href="assembly.xml#//@beans/@mixed.1/@mixed.39/@mixed.3"/>
    <target href="assembly.xml#ErrorMessage"/>
  </connections>
  <connections type="routesTo" targetAnchorX="0.0684931506849315" targetAnchorY="0.648936170212766">
    <source href="assembly.xml#//@beans/@mixed.1/@mixed.23/@mixed.3"/>
    <target href="assembly.xml#ErrorMessage-Chk"/>
    <bendpoints sourceX="87" sourceY="45" targetX="-168" targetY="-2"/>
  </connections>
  <connections type="routesResponseTo">
    <source href="assembly.xml#Call-Deliver_Audit"/>
    <target href="assembly.xml#StoreErrorLog"/>
  </connections>
  <connections type="routesTo">
    <source href="assembly.xml#StoreErrorLog"/>
    <target href="assembly.xml#StoreError"/>
  </connections>
  <connections type="routesResponseTo">
    <source href="assembly.xml#StoreError"/>
    <target href="assembly.xml#IntegrationComplete"/>
  </connections>
  <connections type="routesResponseTo">
    <source href="assembly.xml#WorkdayOutSoap"/>
    <target href="assembly.xml#GetPaymentDate"/>
  </connections>
  <connections type="routesTo">
    <source href="assembly.xml#Deliver_Document"/>
    <target href="assembly.xml#TransformOutputFile-Checks"/>
  </connections>
  <connections type="routesTo">
    <source href="assembly.xml#TransformOutputFile-Checks"/>
    <target href="assembly.xml#AggregateOutputFile"/>
  </connections>
  <connections type="routesTo">
    <source href="assembly.xml#Deliver_Output_File"/>
    <target href="assembly.xml#MsgStore_Output_File"/>
  </connections>
  <connections type="routesTo">
    <source href="assembly.xml#//@beans/@mixed.1/@mixed.81/@mixed.3"/>
    <target href="assembly.xml#ErroGetPayslipsWWS"/>
  </connections>
  <connections type="routesResponseTo">
    <source href="assembly.xml#ErroGetPayslipsWWS"/>
    <target href="assembly.xml#SetErrorGetPayslips"/>
  </connections>
  <connections type="routesTo" targetAnchorX="0.3756906077348066" targetAnchorY="0.24324324324324326">
    <source href="assembly.xml#//@beans/@mixed.1/@mixed.87/@mixed.3"/>
    <target href="assembly.xml#ErrorZippingOutputFile"/>
  </connections>
  <connections type="routesTo">
    <source href="assembly.xml#AggregateOutputFile"/>
    <target href="assembly.xml#ZipTheFile"/>
  </connections>
  <connections type="routesTo">
    <source href="assembly.xml#ZipTheFile"/>
    <target href="assembly.xml#Deliver_Output_File"/>
  </connections>
  <connections type="routesTo" sourceAnchorX="0.8482142857142857" sourceAnchorY="0.456" targetAnchorX="0.16993464052287582" targetAnchorY="0.46226415094339623">
    <source href="assembly.xml#Write_Log0"/>
    <target href="assembly.xml#Aggregate_Log"/>
  </connections>
  <connections type="routesTo" sourceAnchorX="0.5034013605442177" sourceAnchorY="1.0" targetAnchorX="0.47058823529411764" targetAnchorY="0.07547169811320754">
    <source href="assembly.xml#Aggregate_Audit"/>
    <target href="assembly.xml#Aggregate_Log"/>
  </connections>
  <connections type="routesResponseTo" sourceAnchorX="0.6358024691358025" sourceAnchorY="1.0" targetAnchorX="0.49032258064516127" targetAnchorY="0.7567567567567568">
    <source href="assembly.xml#Call-Aggregate_Audit"/>
    <target href="assembly.xml#Call-Deliver_Audit"/>
  </connections>
  <connections type="routesResponseTo" sourceAnchorX="0.2695035460992908" sourceAnchorY="1.0" targetAnchorX="0.14285714285714285" targetAnchorY="0.376">
    <source href="assembly.xml#Call_Audit_Log"/>
    <target href="assembly.xml#Async-Copy"/>
  </connections>
  <connections type="routesTo" sourceAnchorX="0.8839285714285714" sourceAnchorY="0.488" targetAnchorX="0.03067484662576687" targetAnchorY="0.5283018867924528">
    <source href="assembly.xml#Async-Copy"/>
    <target href="assembly.xml#Aggregate_Response"/>
  </connections>
  <connections type="routesTo" sourceAnchorX="1.0" sourceAnchorY="0.168" targetAnchorX="0.1371841155234657" targetAnchorY="0.35135135135135137">
    <source href="assembly.xml#PrepareGetPayslips"/>
    <target href="assembly.xml#Get_Payroll_Payslips_Request_Parallel"/>
  </connections>
  <connections type="routesTo" sourceAnchorX="0.4140625" sourceAnchorY="0.6666666666666666" targetAnchorX="0.47417840375586856" targetAnchorY="0.13513513513513514">
    <source href="assembly.xml#//@beans/@mixed.1/@mixed.61/@mixed.3"/>
    <target href="assembly.xml#PutIntegrationMessage0"/>
  </connections>
  <connections type="routesTo" sourceAnchorX="0.6902654867256637" sourceAnchorY="1.0" targetAnchorX="0.49765258215962443" targetAnchorY="0.05405405405405406">
    <source href="assembly.xml#//@beans/@mixed.1/@mixed.63/@mixed.3"/>
    <target href="assembly.xml#PutIntegrationMessage1"/>
  </connections>
  <connections type="routesTo">
    <source href="assembly.xml#Validate_US"/>
    <target href="assembly.xml#Call-Get_Data"/>
    <bendpoints sourceX="140" sourceY="41" targetX="674" targetY="-261"/>
    <bendpoints sourceX="250" sourceY="204" targetX="784" targetY="-98"/>
    <bendpoints sourceX="206" sourceY="302" targetX="740"/>
  </connections>
  <connections type="routesTo">
    <source href="assembly.xml#Get_Data"/>
    <target href="assembly.xml#PrepareGetPayslips"/>
  </connections>
  <connections type="routesResponseTo">
    <source href="assembly.xml#Get_Payroll_Payslips_Request_Parallel"/>
    <target href="assembly.xml#CountPayslips"/>
  </connections>
  <connections type="routesTo">
    <source href="assembly.xml#CountPayslips"/>
    <target href="assembly.xml#Call-Transform_Data"/>
  </connections>
  <connections type="routesTo">
    <source href="assembly.xml#//@beans/@mixed.1/@mixed.107/@mixed.3"/>
    <target href="assembly.xml#ErrorNoPayslips"/>
  </connections>
  <connections type="routesResponseTo">
    <source href="assembly.xml#Call-Get_Data"/>
    <target href="assembly.xml#Call-Close_Aggregator"/>
  </connections>
  <connections type="routesResponseTo" targetAnchorX="0.46842105263157896" targetAnchorY="0.5405405405405406">
    <source href="assembly.xml#Call-Close_Aggregator"/>
    <target href="assembly.xml#Call-Close_Aggregator_DD"/>
  </connections>
  <connections type="routesResponseTo" targetAnchorX="0.4322916666666667" targetAnchorY="0.3783783783783784">
    <source href="assembly.xml#Call-Deliver_Document"/>
    <target href="assembly.xml#Call-Deliver_Document_DD"/>
  </connections>
  <connections type="routesTo" sourceAnchorX="0.9946524064171123" sourceAnchorY="0.408" targetAnchorX="0.10810810810810811" targetAnchorY="0.5945945945945946">
    <source href="assembly.xml#AsyncMediation00"/>
    <target href="assembly.xml#Store_Audit_Log"/>
  </connections>
  <connections type="routesTo" sourceAnchorX="0.8639455782312925" sourceAnchorY="1.0" targetAnchorX="0.36220472440944884" targetAnchorY="0.16304347826086957">
    <source href="assembly.xml#Transform_Data"/>
    <target href="assembly.xml#AsyncMediation"/>
  </connections>
  <connections type="routesTo" sourceAnchorX="0.8888888888888888" sourceAnchorY="0.5377358490566038" targetAnchorX="0.06716417910447761" targetAnchorY="0.5212765957446809">
    <source href="assembly.xml#Aggregator"/>
    <target href="assembly.xml#Store_Chk"/>
  </connections>
  <connections type="routesTo" sourceAnchorX="0.5229591836734694" sourceAnchorY="1.0" targetAnchorX="0.4147727272727273" targetAnchorY="0.5135135135135135">
    <source href="assembly.xml#//@beans/@mixed.1/@mixed.67/@mixed.3"/>
    <target href="assembly.xml#PIM-TransformError-1"/>
  </connections>
  <connections type="routesTo" sourceAnchorX="1.0" sourceAnchorY="0.4811320754716981" targetAnchorX="0.3006535947712418" targetAnchorY="0.36792452830188677">
    <source href="assembly.xml#Aggregate_Response"/>
    <target href="assembly.xml#Aggregator"/>
  </connections>
  <connections type="routesTo" sourceAnchorX="1.0" sourceAnchorY="0.4574468085106383" targetAnchorX="0.24299065420560748" targetAnchorY="0.4155844155844156">
    <source href="assembly.xml#AsyncMediation"/>
    <target href="assembly.xml#Splitter"/>
  </connections>
  <connections type="routesTo" sourceAnchorX="0.6095238095238096" sourceAnchorY="1.0" targetAnchorX="0.3904109589041096" targetAnchorY="0.2978723404255319">
    <source href="assembly.xml#//@beans/@mixed.1/@mixed.97/@mixed.3"/>
    <target href="assembly.xml#ErrorMessage-Chk"/>
  </connections>
  <connections type="routesTo" sourceAnchorX="1.0" sourceAnchorY="0.6176470588235294" targetAnchorX="0.08035714285714286" targetAnchorY="0.392">
    <source href="assembly.xml#//@beans/@mixed.1/@route.0/@subRoute.0"/>
    <target href="assembly.xml#Async-Transform_Response"/>
  </connections>
  <connections type="routesTo" sourceAnchorX="0.6015625" sourceAnchorY="1.0" targetAnchorX="0.008928571428571428" targetAnchorY="0.56">
    <source href="assembly.xml#//@beans/@mixed.1/@route.0/@subRoute.1"/>
    <target href="assembly.xml#Async-Transform_Response-DD"/>
    <bendpoints sourceX="5" sourceY="210" targetX="-77" targetY="-25"/>
  </connections>
  <connections type="routesTo" sourceAnchorX="0.6509433962264151" sourceAnchorY="1.0" targetAnchorX="0.43137254901960786" targetAnchorY="0.2872340425531915">
    <source href="assembly.xml#//@beans/@mixed.1/@mixed.125/@mixed.3"/>
    <target href="assembly.xml#ErrorMessage-DD"/>
  </connections>
  <connections type="routesTo" sourceAnchorX="0.5576036866359447" sourceAnchorY="1.0" targetAnchorX="0.2112676056338028" targetAnchorY="0.6276595744680851">
    <source href="assembly.xml#//@beans/@mixed.1/@mixed.121/@mixed.3"/>
    <target href="assembly.xml#ErrorMessage-DD"/>
    <bendpoints sourceX="43" sourceY="44" targetX="-223" targetY="9"/>
  </connections>
  <connections type="routesTo" sourceAnchorX="0.8761061946902655" sourceAnchorY="0.504" targetAnchorX="0.16470588235294117" targetAnchorY="0.6132075471698113">
    <source href="assembly.xml#Async-Copy-DD"/>
    <target href="assembly.xml#Aggregate_Response_DD"/>
  </connections>
  <connections type="routesTo" sourceAnchorX="1.0" sourceAnchorY="0.49056603773584906" targetAnchorX="0.35294117647058826" targetAnchorY="0.5283018867924528">
    <source href="assembly.xml#Aggregate_Response_DD"/>
    <target href="assembly.xml#Aggregator_DD"/>
  </connections>
  <connections type="routesTo" sourceAnchorX="1.0" sourceAnchorY="0.330188679245283" targetAnchorX="0.4326241134751773" targetAnchorY="0.40425531914893614">
    <source href="assembly.xml#Aggregator_DD"/>
    <target href="assembly.xml#Store_DD"/>
  </connections>
  <connections type="routesTo" sourceAnchorX="1.0" sourceAnchorY="0.408" targetAnchorX="0.4594594594594595" targetAnchorY="0.40540540540540543">
    <source href="assembly.xml#Async-Transform_Response-DD"/>
    <target href="assembly.xml#Call_Audit_Log_DD"/>
  </connections>
  <connections type="routesResponseTo" sourceAnchorX="1.0" sourceAnchorY="0.7027027027027027" targetAnchorX="0.13274336283185842" targetAnchorY="0.368">
    <source href="assembly.xml#Call_Audit_Log_DD"/>
    <target href="assembly.xml#Async-Copy-DD"/>
  </connections>
  <connections type="routesResponseTo" sourceAnchorX="0.46842105263157896" sourceAnchorY="1.0" targetAnchorX="0.4702702702702703" targetAnchorY="0.6756756756756757">
    <source href="assembly.xml#Call-Close_Aggregator_DD"/>
    <target href="assembly.xml#Call-Deliver_Document"/>
  </connections>
  <connections type="routesTo" sourceAnchorX="0.489010989010989" sourceAnchorY="1.0" targetAnchorX="0.44148936170212766" targetAnchorY="0.14150943396226415">
    <source href="assembly.xml#Close_Aggregator_DD"/>
    <target href="assembly.xml#Aggregate_Response_DD"/>
  </connections>
  <connections type="routesTo" sourceAnchorX="0.4673469387755102" sourceAnchorY="1.0" targetAnchorX="0.2727272727272727" targetAnchorY="0.9459459459459459">
    <source href="assembly.xml#//@beans/@mixed.1/@mixed.141/@mixed.3"/>
    <target href="assembly.xml#PIM-TransformError-2"/>
  </connections>
  <connections type="routesTo" sourceAnchorX="1.0" sourceAnchorY="0.5945945945945946" targetAnchorX="0.056338028169014086" targetAnchorY="0.408">
    <source href="assembly.xml#Deliver_Document_DD"/>
    <target href="assembly.xml#TransformOutputFile-DirectDeposit"/>
  </connections>
  <connections type="routesTo" sourceAnchorX="1.0" sourceAnchorY="0.472" targetAnchorX="0.2111801242236025" targetAnchorY="0.46226415094339623">
    <source href="assembly.xml#TransformOutputFile-DirectDeposit"/>
    <target href="assembly.xml#AggregateOutputFile-DD"/>
  </connections>
  <connections type="routesTo" sourceAnchorX="0.7" sourceAnchorY="1.0" targetAnchorX="0.4148936170212766" targetAnchorY="0.5405405405405406">
    <source href="assembly.xml#//@beans/@mixed.1/@mixed.147/@mixed.3"/>
    <target href="assembly.xml#ErrorZippingOutputFile-DD"/>
  </connections>
  <connections type="routesTo" sourceAnchorX="1.0" sourceAnchorY="0.49056603773584906" targetAnchorX="0.09345794392523364" targetAnchorY="0.392">
    <source href="assembly.xml#AggregateOutputFile-DD"/>
    <target href="assembly.xml#ZipTheFile-DD"/>
  </connections>
  <connections type="routesTo" sourceAnchorX="1.0" sourceAnchorY="0.456" targetAnchorX="0.46496815286624205" targetAnchorY="0.424">
    <source href="assembly.xml#ZipTheFile-DD"/>
    <target href="assembly.xml#Deliver_Output_File0"/>
  </connections>
  <connections type="routesTo" sourceAnchorX="0.54" sourceAnchorY="1.0" targetAnchorX="0.4027777777777778" targetAnchorY="0.6216216216216216">
    <source href="assembly.xml#//@beans/@mixed.1/@mixed.151/@mixed.3"/>
    <target href="assembly.xml#PIM-StoreErrors"/>
  </connections>
  <connections type="routesTo" sourceAnchorX="1.0" sourceAnchorY="0.496" targetAnchorX="0.3480392156862745" targetAnchorY="0.4864864864864865">
    <source href="assembly.xml#Deliver_Output_File0"/>
    <target href="assembly.xml#MsgStore_Output_File_DD"/>
  </connections>
  <connections type="routesResponseTo" sourceAnchorX="1.0" sourceAnchorY="0.4594594594594595" targetAnchorX="0.26344086021505375" targetAnchorY="0.21621621621621623">
    <source href="assembly.xml#MsgStore_Output_File"/>
    <target href="assembly.xml#MsgStore_Output_File0"/>
  </connections>
  <connections type="routesResponseTo" sourceAnchorX="1.0" sourceAnchorY="0.4864864864864865" targetAnchorX="0.4028436018957346" targetAnchorY="0.5945945945945946">
    <source href="assembly.xml#MsgStore_Output_File_DD"/>
    <target href="assembly.xml#MsgStore_Output_File_DD0"/>
  </connections>
  <connections type="routesResponseTo" sourceAnchorX="0.453125" sourceAnchorY="1.0" targetAnchorX="0.34104046242774566" targetAnchorY="0.5135135135135135">
    <source href="assembly.xml#Call-Deliver_Document_DD"/>
    <target href="assembly.xml#Call-Aggregate_Audit"/>
  </connections>
  <swimlanes x="-262" y="1512" name="Deliver Document - Checks" alignment="MIDDLE" labelAlignment="LEFT">
    <elements href="assembly.xml#Deliver_Document"/>
    <elements href="#//@swimlanes.9"/>
    <elements href="assembly.xml#AggregateOutputFile"/>
    <elements href="#//@swimlanes.10"/>
    <elements href="#//@swimlanes.11"/>
    <elements href="assembly.xml#MsgStore_Output_File"/>
    <elements href="assembly.xml#MsgStore_Output_File0"/>
  </swimlanes>
  <swimlanes x="-584" y="380" name="Local-Out" orientation="VERTICAL" alignment="MIDDLE">
    <elements href="assembly.xml#Call-Get_Data"/>
    <elements href="assembly.xml#Call-Close_Aggregator"/>
    <elements href="assembly.xml#Call-Close_Aggregator_DD"/>
    <elements href="assembly.xml#Call-Deliver_Document"/>
    <elements href="assembly.xml#Call-Deliver_Document_DD"/>
    <elements href="assembly.xml#Call-Aggregate_Audit"/>
    <elements href="assembly.xml#Call-Deliver_Audit"/>
    <elements href="assembly.xml#StoreErrorLog"/>
    <elements href="assembly.xml#StoreError"/>
    <elements href="assembly.xml#IntegrationComplete"/>
  </swimlanes>
  <swimlanes x="-584" y="1154" name="Global Error Handler" orientation="VERTICAL" alignment="MIDDLE">
    <elements href="assembly.xml#//@beans/@mixed.1/@mixed.13"/>
    <elements href="assembly.xml#Call_Critical_Message"/>
    <elements href="assembly.xml#Call_Critical_Event"/>
  </swimlanes>
  <swimlanes x="-612" y="-57" name="Initialize and Validate US Bank" alignment="MIDDLE" labelAlignment="LEFT">
    <elements href="assembly.xml#StartHere_US"/>
    <elements href="assembly.xml#Sync-Initialize"/>
    <elements href="assembly.xml#WorkdayOutSoap"/>
    <elements href="assembly.xml#GetPaymentDate"/>
    <elements href="assembly.xml#Validate_US"/>
  </swimlanes>
  <swimlanes x="-323" y="196" name="Errors">
    <elements href="assembly.xml#PutIntegrationMessage"/>
    <elements href="assembly.xml#PutIntegrationMessage0"/>
    <elements href="assembly.xml#PutIntegrationMessage1"/>
  </swimlanes>
  <swimlanes x="498" y="-67" name="Get Data" alignment="MIDDLE" labelAlignment="LEFT">
    <elements href="assembly.xml#Get_Data"/>
    <elements href="#//@swimlanes.15"/>
    <elements href="assembly.xml#Get_Payroll_Payslips_Request_Parallel"/>
    <elements href="#//@swimlanes.16"/>
    <elements href="assembly.xml#Call-Transform_Data"/>
  </swimlanes>
  <swimlanes x="-270" y="466" name="TransformData" alignment="MIDDLE" labelAlignment="LEFT">
    <elements href="assembly.xml#Transform_Data"/>
    <elements href="assembly.xml#AsyncMediation"/>
    <elements href="assembly.xml#Splitter"/>
    <elements href="assembly.xml#Async-Skip0NetAmount"/>
    <elements href="#//@swimlanes.17"/>
    <elements href="assembly.xml#Check-PayMethod"/>
    <elements href="assembly.xml#Async-Transform_Response"/>
    <elements href="assembly.xml#Call_Audit_Log"/>
    <elements href="#//@swimlanes.18"/>
    <elements href="assembly.xml#Aggregate_Response"/>
    <elements href="assembly.xml#Aggregator"/>
    <elements href="assembly.xml#Store_Chk"/>
  </swimlanes>
  <swimlanes x="-271" y="858" name="AuditLog" alignment="MIDDLE" labelAlignment="LEFT">
    <elements href="assembly.xml#Audit_Log"/>
    <elements href="#//@swimlanes.12"/>
    <elements href="#//@swimlanes.14"/>
  </swimlanes>
  <swimlanes x="-262" y="1192" name="DeliverAudit" alignment="MIDDLE" labelAlignment="LEFT">
    <elements href="assembly.xml#Deliver_Audit"/>
    <elements href="#//@swimlanes.13"/>
    <elements href="assembly.xml#Store_Audit_Log"/>
  </swimlanes>
  <swimlanes x="-63" y="1469" name="" orientation="VERTICAL" alignment="MIDDLE" labelAlignment="LEFT">
    <elements href="assembly.xml#TransformOutputFile-Checks"/>
    <elements href="assembly.xml#PIM-TransformError-1"/>
  </swimlanes>
  <swimlanes x="565" y="1523" name="" orientation="VERTICAL" alignment="MIDDLE" labelAlignment="LEFT">
    <elements href="assembly.xml#ZipTheFile"/>
    <elements href="assembly.xml#ErrorZippingOutputFile"/>
  </swimlanes>
  <swimlanes x="820" y="1566" name="" orientation="VERTICAL" alignment="MIDDLE" labelAlignment="LEFT">
    <elements href="assembly.xml#Deliver_Output_File"/>
    <elements href="assembly.xml#ErrorTransformingDeliveringOutputFile"/>
  </swimlanes>
  <swimlanes x="-110" y="773" name="" orientation="VERTICAL" alignment="MIDDLE" labelAlignment="LEFT">
    <elements href="assembly.xml#Write_Log0"/>
    <elements href="assembly.xml#PutIntegrationMessage20"/>
  </swimlanes>
  <swimlanes x="420" y="785" name="" orientation="VERTICAL" alignment="MIDDLE" labelAlignment="LEFT">
    <elements href="assembly.xml#AsyncMediation00"/>
    <elements href="assembly.xml#PutIntegrationMessage30"/>
  </swimlanes>
  <swimlanes x="150" y="836" name="" orientation="VERTICAL" alignment="MIDDLE" labelAlignment="LEFT">
    <elements href="assembly.xml#Aggregate_Audit"/>
    <elements href="assembly.xml#Aggregate_Log"/>
  </swimlanes>
  <swimlanes x="640" y="30" name="" orientation="VERTICAL" alignment="MIDDLE" labelAlignment="LEFT">
    <elements href="assembly.xml#PrepareGetPayslips"/>
    <elements href="assembly.xml#ErroGetPayslipsWWS"/>
    <elements href="assembly.xml#SetErrorGetPayslips"/>
  </swimlanes>
  <swimlanes x="1178" y="150" name="" orientation="VERTICAL" alignment="MIDDLE" labelAlignment="LEFT">
    <elements href="assembly.xml#CountPayslips"/>
    <elements href="assembly.xml#ErrorNoPayslips"/>
  </swimlanes>
  <swimlanes x="408" y="594" name="" orientation="VERTICAL" alignment="MIDDLE" labelAlignment="LEFT">
    <elements href="assembly.xml#SetProps"/>
    <elements href="assembly.xml#ErrorMessage"/>
  </swimlanes>
  <swimlanes x="997" y="696" name="" orientation="VERTICAL" alignment="MIDDLE" labelAlignment="LEFT">
    <elements href="assembly.xml#Async-Copy"/>
    <elements href="assembly.xml#ErrorMessage-Chk"/>
  </swimlanes>
  <swimlanes x="710" y="942" name="Collate Direct Deposit Data" alignment="MIDDLE" labelAlignment="LEFT">
    <elements href="assembly.xml#Async-Transform_Response-DD"/>
    <elements href="assembly.xml#Call_Audit_Log_DD"/>
    <elements href="#//@swimlanes.20"/>
    <elements href="assembly.xml#Aggregate_Response_DD"/>
    <elements href="assembly.xml#Aggregator_DD"/>
    <elements href="assembly.xml#Store_DD"/>
  </swimlanes>
  <swimlanes x="1152" y="945" name="" orientation="VERTICAL" alignment="MIDDLE" labelAlignment="LEFT">
    <elements href="assembly.xml#Async-Copy-DD"/>
    <elements href="assembly.xml#ErrorMessage-DD"/>
  </swimlanes>
  <swimlanes x="-262" y="1871" name="Deliver Document - Direct Deposits" alignment="MIDDLE" labelAlignment="LEFT">
    <elements href="assembly.xml#Deliver_Document_DD"/>
    <elements href="#//@swimlanes.22"/>
    <elements href="assembly.xml#AggregateOutputFile-DD"/>
    <elements href="#//@swimlanes.23"/>
    <elements href="#//@swimlanes.24"/>
    <elements href="assembly.xml#MsgStore_Output_File_DD"/>
    <elements href="assembly.xml#MsgStore_Output_File_DD0"/>
  </swimlanes>
  <swimlanes x="-41" y="1949" name="" orientation="VERTICAL" alignment="MIDDLE" labelAlignment="LEFT">
    <elements href="assembly.xml#TransformOutputFile-DirectDeposit"/>
    <elements href="assembly.xml#PIM-TransformError-2"/>
  </swimlanes>
  <swimlanes x="682" y="1969" name="" orientation="VERTICAL" alignment="MIDDLE" labelAlignment="LEFT">
    <elements href="assembly.xml#ZipTheFile-DD"/>
    <elements href="assembly.xml#ErrorZippingOutputFile-DD"/>
  </swimlanes>
  <swimlanes x="970" y="1964" orientation="VERTICAL" alignment="MIDDLE">
    <elements href="assembly.xml#Deliver_Output_File0"/>
    <elements href="assembly.xml#PIM-StoreErrors"/>
  </swimlanes>
</wdnm:Diagram>
