PAY GROUP,EMPLOYEE CODE,DESCRIPTION,AMOUNT,PAYMENT DATE
3rd_Party_UK,21239,SALARY_Salary_Plan,794.78,20/03/2013
3rd_Party_UK,9001,SALARY_Salary_Plan,0,20/03/2013
3rd_Party_UK,21173,SALARY_Salary_Plan,312.22,20/03/2013
3rd_Party_UK,21169,SALARY_Salary_Plan,0,20/03/2013
3rd_Party_UK,21167,SALARY_Salary_Plan,331.17,20/03/2013
3rd_Party_UK,9001,SALARY_Salary_Plan,794.95,20/03/2013
3rd_Party_UK,21284,SALARY_Salary_Plan,0,20/03/2013
3rd_Party_UK,21227,SALARY_Salary_Plan,312.12,20/03/2013
3rd_Party_UK,21205,SALARY_Salary_Plan,0,20/03/2013
3rd_Party_UK,21254,SALARY_Salary_Plan,331.17,20/03/2013
3rd_Party_UK,9001,SALARY_Salary_Plan,3973.85,20/03/2013
3rd_Party_UK,21305,SALARY_Salary_Plan,0,20/03/2013
3rd_Party_UK,21180,SALARY_Salary_Plan,624.45,20/03/2013
3rd_Party_UK,21298,SALARY_Salary_Plan,0,20/03/2013
3rd_Party_UK,21131,SALARY_Salary_Plan,662.31,20/03/2013
