<?xml version="1.0" encoding="UTF-8"?>
<beans
     xmlns="http://www.springframework.org/schema/beans"
     xmlns:beans="http://www.springframework.org/schema/beans"
     xmlns:atom="http://www.w3.org/2005/Atom"
     xmlns:cc="http://www.capeclear.com/assembly/10"
     xmlns:cloud="urn:com.workday/esb/cloud/10.0"
     xmlns:env="http://schemas.xmlsoap.org/soap/envelope/"
     xmlns:pi="urn:com.workday/picof"
     xmlns:wd="urn:com.workday/bsvc"
     xmlns:xsi="http://www.w3.org/2001/XMLSchema-instance">
 
	<cc:assembly id="WorkdayAssembly" version="2023.15">
        <cc:local-out id="Call-SummaryFile" store-message="none" execute-when="props['ia.include.summary']" endpoint="vm://BTI-LoadApplicants/SummaryFile"/>
        <cc:local-out id="PutIntegrationMessage1" endpoint="vm://wcc/PutIntegrationMessage">
            <cc:set name="is.message.severity" value="'ERROR'"/>
            <cc:set name="is.message.summary" value="'THERE IS ERROR IN ASYNC MEDIATION4' + context.errorMessage"/>
        </cc:local-out>
        <cc:async-mediation id="AsyncMediation4" routes-to="Call-SummaryFile" execute-steps-when="props['ia.include.summary']" handle-downstream-errors="true">
            <cc:steps>
                <cc:eval id="Eval">
                    <cc:expression>props['message'] = 'New'</cc:expression>
                    <cc:expression>if (props['input.Phone.length'] != '10') {props['message'] = 'Error'}</cc:expression>
                    <cc:expression>if (props['input.Email.Compare.1'] != props['input.Email.Compare.2']) {props['message'] = 'Warning'}</cc:expression>
                </cc:eval>
            </cc:steps>
            <cc:send-error id="SendError" routes-to="PutIntegrationMessage1"/>
        </cc:async-mediation>
        <cc:async-mediation id="AsyncMediation" routes-to="AsyncMediation4" handle-downstream-errors="true">
            <cc:steps>
                <cc:set-headers execute-when="props['lp.validation.only']" id="Remove Headers">
                    <cc:remove-headers>
                        <cc:remove-header name="BTI-Validate-Only"/>
                    </cc:remove-headers>
                    <cc:add-headers/>
                </cc:set-headers>
            </cc:steps>
        </cc:async-mediation>
        <cc:workday-out-soap id="WorkdayOutSoap" routes-response-to="AsyncMediation" application="Recruiting" version="V40.0"/>
        <cc:local-out id="CallErrorWriting" store-message="none" routes-response-to="AsyncMediation6" endpoint="vm://BTI-LoadApplicants/ErrorWriting">
            <cc:set name="integration.message" value="context.errorMessage"/>
            <cc:set name="F"/>
        </cc:local-out>
        <cc:local-out id="PutIntegrationMessage000" endpoint="vm://wcc/PutIntegrationMessage">
            <cc:set name="is.message.severity" value="'ERROR'"/>
            <cc:set name="is.message.summary" value="'THERE IS ERROR IN ASYNC MEDIATION6' + context.errorMessage"/>
        </cc:local-out>
        <cc:async-mediation id="AsyncMediation6" routes-to="Call-SummaryFile" execute-steps-when="props['ia.include.summary']" handle-downstream-errors="true">
            <cc:steps>
                <cc:eval id="Eval">
                    <cc:expression>props['error.message'] = context.errorMessage;&#xD;
props['message'] = props['error.message'].toString().contains('error') == true? 'Error':(props['error.message'].toString().contains('warrning') == true?'Warrning':'');</cc:expression>
                </cc:eval>
            </cc:steps>
            <cc:send-error id="SendError" routes-to="PutIntegrationMessage000"/>
        </cc:async-mediation>
        <cc:async-mediation id="ValidationOnly" routes-to="WorkdayOutSoap" execute-steps-when="props['lp.validation.only']" handle-downstream-errors="true">
            <cc:steps>
                <cc:set-headers id="SetHeaders">
                    <cc:remove-headers/>
                    <cc:add-headers>
                        <cc:add-header name="BTI-Validate-Only" value="1"/>
                    </cc:add-headers>
                </cc:set-headers>
            </cc:steps>
            <cc:send-error id="SendError" routes-to="AsyncMediation6"/>
        </cc:async-mediation>
        <cc:local-out id="PutIntegrationMessage00" endpoint="vm://wcc/PutIntegrationMessage">
            <cc:set name="is.message.severity" value="'ERROR'"/>
            <cc:set name="is.message.summary" value="'THERE IS ERROR IN ASYNC MEDIATION2' + context.errorMessage"/>
        </cc:local-out>
        <cc:async-mediation id="AsyncMediation2" routes-to="ValidationOnly" handle-downstream-errors="true">
            <cc:steps>
                <cc:eval id="Eval">
                    <cc:expression>props['First.Name'] = parts[0].xpath('row/col1');&#xD;
props['Last.Name'] = parts[0].xpath('row/col2');&#xD;
props['Phone'] = parts[0].xpath('row/col3');&#xD;
props['Email'] = parts[0].xpath('row/col4');</cc:expression>
                    <cc:expression>if(props['First.Name'] == false) {props['First.Name'] = ' '};&#xD;
if(props['Last.Name'] == false) {props['Last.Name'] = ' '};&#xD;
if(props['Phone'] == false) {props['Phone'] = ' '};&#xD;
if(props['Email'] == false) {props['Email'] = ' '};</cc:expression>
                    <cc:expression>props['Phone.First.Digit'] = props['Phone'].toString().substring(0, 1);&#xD;
props['Mapped.Value'] = intsys.integrationMapReverseLookup('RSD-PhoneFirstDigit', props['Phone.First.Digit']);&#xD;
props['Applicant.Comment'] = props['Mapped.Value'] != empty?props['Mapped.Value'].get(0) : 'ZERO-ZERO';&#xD;
props['input.Email.Compare.1'] = props['First.Name'].toString().toLowerCase() + '.' + props['Last.Name'].toString().toLowerCase();&#xD;
props['input.Email.Compare.2'] = props['Email'].toString().toLowerCase().split('@')[0];&#xD;
props['input.Phone.length'] = props['Phone'].toString().length();</cc:expression>
                </cc:eval>
                <cc:write id="Write">
                    <cc:message>
                        <cc:text>&lt;?xml version=&quot;1.0&quot; encoding=&quot;UTF-8&quot;?>&#xD;
&lt;env:Envelope xmlns:env=&quot;http://schemas.xmlsoap.org/soap/envelope/&quot;&#xD;
    xmlns:xsd=&quot;http://www.w3.org/2001/XMLSchema&quot;>&#xD;
    &lt;env:Body>&#xD;
        &lt;wd:Put_Applicant_Request xmlns:wd=&quot;urn:com.workday/bsvc&quot; wd:Add_Only=&quot;true&quot;&#xD;
            wd:version=&quot;v40.0&quot;>&#xD;
            &lt;wd:Applicant_Data>&#xD;
                &lt;wd:Personal_Data>&#xD;
                    &lt;wd:Name_Data>&#xD;
                        &lt;wd:Legal_Name_Data>&#xD;
                            &lt;wd:Name_Detail_Data>&#xD;
                                &lt;wd:Country_Reference>&#xD;
                                    &lt;wd:ID wd:type=&quot;ISO_3166-1_Alpha-2_Code&quot;>US&lt;/wd:ID>&#xD;
                                &lt;/wd:Country_Reference>&#xD;
                                &lt;wd:First_Name>@{props['First.Name']}&lt;/wd:First_Name>&#xD;
                                &lt;wd:Middle_Name>&lt;/wd:Middle_Name>&#xD;
                                &lt;wd:Last_Name>@{props['Last.Name']}&lt;/wd:Last_Name>&#xD;
                            &lt;/wd:Name_Detail_Data>&#xD;
                        &lt;/wd:Legal_Name_Data>&#xD;
                    &lt;/wd:Name_Data>&#xD;
                    &lt;wd:Contact_Data>&#xD;
                        &lt;wd:Phone_Data>&#xD;
                            &lt;wd:Country_ISO_Code>USA&lt;/wd:Country_ISO_Code>&#xD;
                            &lt;wd:Phone_Number>@{props['Phone']}&lt;/wd:Phone_Number>&#xD;
                            &lt;wd:Phone_Device_Type_Reference>&#xD;
                                &lt;wd:ID wd:type=&quot;Phone_Device_Type_ID&quot;>Landline&lt;/wd:ID>&#xD;
                            &lt;/wd:Phone_Device_Type_Reference>&#xD;
                            &lt;wd:Usage_Data wd:Public=&quot;true&quot;>&#xD;
                                &lt;wd:Type_Data wd:Primary=&quot;true&quot;>&#xD;
                                    &lt;wd:Type_Reference>&#xD;
                                        &lt;wd:ID wd:type=&quot;Communication_Usage_Type_ID&quot;>WORK&lt;/wd:ID>&#xD;
                                    &lt;/wd:Type_Reference>&#xD;
                                &lt;/wd:Type_Data>&#xD;
                            &lt;/wd:Usage_Data>&#xD;
                        &lt;/wd:Phone_Data>&#xD;
                        &lt;wd:Email_Address_Data>&#xD;
                            &lt;wd:Email_Address>@{props['Email']}&lt;/wd:Email_Address>&#xD;
                            &lt;wd:Usage_Data wd:Public=&quot;true&quot;>&#xD;
                                &lt;wd:Type_Data wd:Primary=&quot;true&quot;>&#xD;
                                    &lt;wd:Type_Reference>&#xD;
                                        &lt;wd:ID wd:type=&quot;Communication_Usage_Type_ID&quot;>WORK&lt;/wd:ID>&#xD;
                                    &lt;/wd:Type_Reference>&#xD;
                                &lt;/wd:Type_Data>&#xD;
                            &lt;/wd:Usage_Data>&#xD;
                        &lt;/wd:Email_Address_Data>&#xD;
                    &lt;/wd:Contact_Data>&#xD;
                &lt;/wd:Personal_Data>&#xD;
                                &lt;wd:Recruiting_Data>&#xD;
   &lt;wd:Applicant_Comments>@{props['Applicant.Comment']}&lt;/wd:Applicant_Comments>&#xD;
&lt;/wd:Recruiting_Data>                   &#xD;
            &lt;/wd:Applicant_Data>&#xD;
        &lt;/wd:Put_Applicant_Request>&#xD;
    &lt;/env:Body>&#xD;
&lt;/env:Envelope></cc:text>
                    </cc:message>
                </cc:write>
            </cc:steps>
            <cc:send-error id="SendError" routes-to="PutIntegrationMessage00"/>
        </cc:async-mediation>
        <cc:splitter id="Splitter">
            <cc:sub-route name="SubRoute" routes-to="AsyncMediation2"/>
            <cc:xml-stream-splitter xpath="Root_Node/row"/>
        </cc:splitter>
        <cc:local-in id="Doc" routes-to="Splitter"/>
        <cc:local-out id="Note-Error" endpoint="vm://wcc/PutIntegrationMessage">
            <cc:set name="is.message.severity" value="'CRITICAL'"/>
            <cc:set name="is.message.summary" value="context.errorMessage"/>
        </cc:local-out>
        <cc:send-error id="global-error-handler" rethrow-error="false" routes-to="Note-Error"/>
        <cc:local-out id="PutIntegrationMessage00000" endpoint="vm://wcc/PutIntegrationMessage">
            <cc:set name="is.message.severity" value="'ERROR'"/>
            <cc:set name="is.message.summary" value="'THERE IS ERROR IN ASYNC MEDIATION1' + context.errorMessage"/>
        </cc:local-out>
        <cc:async-mediation id="AsyncMediation1" handle-downstream-errors="true">
            <cc:steps>
                <cc:store id="Store" output="variable" output-mimetype="text/plain" output-variable="output.file" title="@{props['filename']}"/>
            </cc:steps>
            <cc:send-error id="SendError" routes-to="PutIntegrationMessage00000"/>
        </cc:async-mediation>
        <cc:local-in id="CloseFile" routes-to="Aggregator"/>
        <cc:aggregator id="Aggregator" routes-to="AsyncMediation1" collate-when="props['batch.force'] == false" force-batch-on-last-message="false" force-batch-when="props['batch.force']">
            <cc:size-batch-strategy batch-size="-1"/>
            <cc:message-content-collater>
        <cc:separator>@{'\r\n'}</cc:separator>
      </cc:message-content-collater>
        </cc:aggregator>
        <cc:local-out id="PutIntegrationMessage0000" endpoint="vm://wcc/PutIntegrationMessage">
            <cc:set name="is.message.severity" value="'ERROR'"/>
            <cc:set name="is.message.summary" value="'THERE IS ERROR IN ASYNC MEDIATION7' + context.errorMessage"/>
        </cc:local-out>
        <cc:async-mediation id="AsyncMediation7" routes-to="Aggregator" handle-downstream-errors="true">
            <cc:steps>
                <cc:eval id="Eval">
                    <cc:expression>if(props['First.Name'] == ' ') {props['First.Name'] = ''};&#xD;
if(props['Last.Name'] == ' ') {props['Last.Name'] = ''};&#xD;
if(props['Phone'] == ' ') {props['Phone'] = ''};&#xD;
if(props['Email'] == ' ') {props['Email'] = ''};</cc:expression>
                </cc:eval>
                <cc:write id="Write" output="message" output-mimetype="text/plain">
                    <cc:message>
                        <cc:text>@{props['First.Name']}|@{props['Last.Name']}|@{props['Phone']}|@{props['Email']}|@{props['message']}</cc:text>
                    </cc:message>
                </cc:write>
            </cc:steps>
            <cc:send-error id="SendError" routes-to="PutIntegrationMessage0000"/>
        </cc:async-mediation>
        <cc:local-in id="SummaryFile" routes-to="AsyncMediation7"/>
        <cc:local-out id="PutIntegrationMessage" execute-when="props['ia.include.summary']" endpoint="vm://wcc/PutIntegrationMessage">
            <cc:set name="is.message.severity" value="'INFO'"/>
            <cc:set name="is.message.summary" value="'File is generated.'"/>
            <cc:set name="is.document.file.name" value="'output.file'"/>
            <cc:set name="is.message.storage.enabled" value="false"/>
        </cc:local-out>
        <cc:local-out id="Call-CloseFile" store-message="none" execute-when="props['ia.include.summary']" routes-response-to="PutIntegrationMessage" endpoint="vm://BTI-LoadApplicants/CloseFile"/>
        <cc:local-out id="PutIntegrationMessage010" endpoint="vm://wcc/PutIntegrationMessage">
            <cc:set name="is.message.severity" value="'ERROR'"/>
            <cc:set name="is.message.summary" value="'THERE IS ERROR IN ASYNC MEDIATION5' + context.errorMessage"/>
        </cc:local-out>
        <cc:async-mediation id="AsyncMediation5" routes-to="Call-CloseFile" execute-steps-when="props['ia.include.summary']" handle-downstream-errors="true">
            <cc:steps>
                <cc:eval id="Eval">
                    <cc:expression>props['batch.force'] = true</cc:expression>
                </cc:eval>
            </cc:steps>
            <cc:send-error id="SendError" routes-to="PutIntegrationMessage010"/>
        </cc:async-mediation>
        <cc:local-out id="Call-Doc" store-message="none" routes-response-to="AsyncMediation5" endpoint="vm://BTI-LoadApplicants/Doc"/>
        <cc:local-out id="PutIntegrationMessage01" endpoint="vm://wcc/PutIntegrationMessage">
            <cc:set name="is.message.severity" value="'ERROR'"/>
            <cc:set name="is.message.summary" value="'THERE IS ERROR IN ASYNC MEDIATION0' + context.errorMessage"/>
        </cc:local-out>
        <cc:async-mediation id="AsyncMediation0" routes-to="Call-Doc" handle-downstream-errors="true">
            <cc:steps>
                <cc:copy id="Copy" output-mimetype="text/csv" input="variable" input-variable="input.file"/>
                <cc:csv-to-xml id="CsvToXml" format="rfc4180" rootName="Root_Node" separator="," useFirstLineAsHeader="false"/>
            </cc:steps>
            <cc:send-error id="SendError" routes-to="PutIntegrationMessage01"/>
        </cc:async-mediation>
        <cc:route id="Route">
            <cc:doc-iterator variable-name="input.file"/>
            <cc:sub-route name="SubRoute" routes-to="AsyncMediation0"/>
        </cc:route>
        <cc:local-out id="GetEventDocuments" routes-response-to="Route" endpoint="vm://wcc/GetEventDocuments">
            <cc:set name="ie.event.wid" value="lp.isSet() ? lp.getIntegrationEventWID() : null"/>
        </cc:local-out>
        <cc:local-out id="SetPropError" endpoint="vm://wcc/PutIntegrationMessage">
            <cc:set name="is.message.severity" value="'CRITICAL'"/>
            <cc:set name="is.message.summary" value="'SetProp' + context.errorMessage"/>
        </cc:local-out>
        <cc:async-mediation id="SetProp" routes-to="GetEventDocuments" handle-downstream-errors="true">
            <cc:steps>
                <cc:validate-exp id="ValidateExp"/>
                <cc:eval id="Eval">
                    <cc:expression>props['lp.validation.only'] = (Boolean)lp.getSimpleData('Validation Only')</cc:expression>
                    <cc:expression>props['ia.document.retention'] = intsys.getAttribute('Document Retention')</cc:expression>
                    <cc:expression>props['ia.include.summary'] = (Boolean)intsys.getAttribute('Include Summary')</cc:expression>
                    <cc:expression>props['batch.force'] = false</cc:expression>
                    <cc:expression>props['filename'] = lp.getSequencedValue('BTI-SeqGen')</cc:expression>
                </cc:eval>
            </cc:steps>
            <cc:send-error id="SendError" routes-to="SetPropError"/>
        </cc:async-mediation>
        <cc:workday-in id="StartHere" routes-to="SetProp">
            <cc:integration-system name="BTI_INT0099-Load Applicant from Alight">
        <cloud:param name="Validation Only">
          <cloud:type>
            <cloud:simple-type>boolean</cloud:simple-type>
          </cloud:type>
          <cloud:default>
            <cloud:boolean>true</cloud:boolean>
          </cloud:default>
        </cloud:param>
        <cloud:attribute-map-service name="BTI-PhoneFirstDigit">
          <cloud:attribute name="Document Retention">
            <cloud:type>
              <cloud:simple-type>number</cloud:simple-type>
            </cloud:type>
          </cloud:attribute>
          <cloud:attribute name="Include Summary">
            <cloud:type>
              <cloud:simple-type>boolean</cloud:simple-type>
            </cloud:type>
          </cloud:attribute>
          <cloud:map name="BTI-PhoneFirstDigit">
            <cloud:internal-type>
              <cloud:simple-type>text</cloud:simple-type>
            </cloud:internal-type>
            <cloud:external-type>
              <cloud:simple-type>text</cloud:simple-type>
            </cloud:external-type>
          </cloud:map>
        </cloud:attribute-map-service>
        <cloud:sequence-generator-service name="BTI-SeqGen">
          <cloud:sequencer>BTI-SeqGen</cloud:sequencer>
        </cloud:sequence-generator-service>
        <cloud:retrieval-service name="BTI-Retreive"/>
      </cc:integration-system>
        </cc:workday-in>
	</cc:assembly>

</beans>