<?xml version="1.0" encoding="UTF-8"?>
<wdnm:Diagram xmlns:wdnm="http://workday.com/studio/editors/notation">
  <element href="assembly.xml#WorkdayAssembly"/>
  <visualProperties x="50" y="90">
    <element href="assembly.xml#StartHere"/>
  </visualProperties>
  <visualProperties x="247" y="184">
    <element href="assembly.xml#Setup"/>
  </visualProperties>
  <visualProperties x="420" y="162">
    <element href="assembly.xml#SetProperties"/>
  </visualProperties>
  <visualProperties x="65" y="184">
    <element href="assembly.xml#Call-Setup"/>
  </visualProperties>
  <visualProperties x="290" y="369">
    <element href="assembly.xml#ProcessIntegrations"/>
  </visualProperties>
  <visualProperties x="26" y="369">
    <element href="assembly.xml#Call-ProcessIntegrations"/>
  </visualProperties>
  <visualProperties x="477" y="355">
    <element href="assembly.xml#GetIntegrationSystemsRequest"/>
  </visualProperties>
  <visualProperties x="766" y="382">
    <element href="assembly.xml#PagedGetIntegrationSystems"/>
  </visualProperties>
  <visualProperties x="780" y="448">
    <element href="assembly.xml#Error-GettingIntegrations"/>
  </visualProperties>
  <visualProperties x="1011" y="340">
    <element href="assembly.xml#SplitIntegrationSystems"/>
  </visualProperties>
  <visualProperties x="300" y="576">
    <element href="assembly.xml#ProcessReports"/>
  </visualProperties>
  <visualProperties x="501" y="554">
    <element href="assembly.xml#GetTenantedReportDefinitionsRequest"/>
  </visualProperties>
  <visualProperties x="780" y="554">
    <element href="assembly.xml#PagedGetTenantedReportDefns"/>
  </visualProperties>
  <visualProperties x="1033" y="540">
    <element href="assembly.xml#SplitCustomReports"/>
  </visualProperties>
  <visualProperties x="801" y="642">
    <element href="assembly.xml#Error-GettingReports"/>
  </visualProperties>
  <visualProperties x="36" y="576">
    <element href="assembly.xml#Call-ProcessReports"/>
  </visualProperties>
  <visualProperties x="300" y="807">
    <element href="assembly.xml#GetObjectDependencies"/>
  </visualProperties>
  <visualProperties x="580" y="1531">
    <element href="assembly.xml#GetEIBDefinition"/>
  </visualProperties>
  <visualProperties x="1946" y="493">
    <element href="assembly.xml#Call-GetObjectDependencies"/>
  </visualProperties>
  <visualProperties x="803" y="1531">
    <element href="assembly.xml#GetEIBDefinitionsRequest"/>
  </visualProperties>
  <visualProperties x="1042" y="1613">
    <element href="assembly.xml#Error-GettingEIBDefinitions"/>
  </visualProperties>
  <visualProperties x="1034" y="1542">
    <element href="assembly.xml#PagedGetEIBDefinitions"/>
  </visualProperties>
  <visualProperties x="2101" y="2215">
    <element href="assembly.xml#CopyToObjects"/>
  </visualProperties>
  <visualProperties x="330" y="1531">
    <element href="assembly.xml#Call-GetEIBDefinition"/>
  </visualProperties>
  <visualProperties x="595" y="967">
    <element href="assembly.xml#SetupDependenciesSearch"/>
  </visualProperties>
  <visualProperties x="847" y="951">
    <element href="assembly.xml#SetupDependencies"/>
  </visualProperties>
  <visualProperties x="298" y="967">
    <element href="assembly.xml#Call-SetupDependenciesSearch"/>
  </visualProperties>
  <visualProperties x="1719" y="434">
    <element href="assembly.xml#RecursiveDependencySearch"/>
  </visualProperties>
  <visualProperties x="1260" y="435">
    <element href="assembly.xml#GetIndividualResponse"/>
  </visualProperties>
  <visualProperties x="581" y="2106">
    <element href="assembly.xml#GetCustomReportTransformation"/>
  </visualProperties>
  <visualProperties x="866" y="2095">
    <element href="assembly.xml#GetCustomReportTransformationsRequest"/>
  </visualProperties>
  <visualProperties x="285" y="2106">
    <element href="assembly.xml#Call-GetCustomReportTransformation"/>
  </visualProperties>
  <visualProperties x="1217" y="2112">
    <element href="assembly.xml#PagedGetCustomReportTransformations"/>
  </visualProperties>
  <visualProperties x="1217" y="2171">
    <element href="assembly.xml#Error-GettingCustomReportTransformations"/>
  </visualProperties>
  <visualProperties x="601" y="2271">
    <element href="assembly.xml#GetBusinessProcessDefinition"/>
  </visualProperties>
  <visualProperties x="887" y="2271">
    <element href="assembly.xml#GetBusinessProcessDefinitionRequest"/>
  </visualProperties>
  <visualProperties x="281" y="2271">
    <element href="assembly.xml#Call-GetBusinessProcessDefinition"/>
  </visualProperties>
  <visualProperties x="1195" y="2271">
    <element href="assembly.xml#PagedGetBusinessProcessDefinitions"/>
  </visualProperties>
  <visualProperties x="1195" y="2349">
    <element href="assembly.xml#Error-GettingBusinessProcessDefinition"/>
  </visualProperties>
  <visualProperties x="1228" y="2446">
    <element href="assembly.xml#PagedGetCustomIntegrationService"/>
  </visualProperties>
  <visualProperties x="925" y="2446">
    <element href="assembly.xml#GetCustomIntegrationServiceRequest"/>
  </visualProperties>
  <visualProperties x="601" y="2480">
    <element href="assembly.xml#GetCustomIntegrationService"/>
  </visualProperties>
  <visualProperties x="1231" y="2518">
    <element href="assembly.xml#Error-GettingCustomIntegrationService"/>
  </visualProperties>
  <visualProperties x="290" y="2480">
    <element href="assembly.xml#Call-GetCustomIntegrationService"/>
  </visualProperties>
  <visualProperties x="1870" y="2190">
    <element href="assembly.xml#SplitOnObjectFound"/>
  </visualProperties>
  <visualProperties x="1236" y="2709">
    <element href="assembly.xml#Error-GetSequenceGenerator"/>
  </visualProperties>
  <visualProperties x="1243" y="2632">
    <element href="assembly.xml#PagedGetSequenceGenerator"/>
  </visualProperties>
  <visualProperties x="616" y="2668">
    <element href="assembly.xml#GetSequenceGenerator"/>
  </visualProperties>
  <visualProperties x="921" y="2608">
    <element href="assembly.xml#GetSequenceGeneratorRequest"/>
  </visualProperties>
  <visualProperties x="295" y="2660">
    <element href="assembly.xml#Call-GetSequenceGenerator"/>
  </visualProperties>
  <visualProperties x="1239" y="2804">
    <element href="assembly.xml#PagedGetDocumentTag"/>
  </visualProperties>
  <visualProperties x="1253" y="2886">
    <element href="assembly.xml#Error-GetDocumentTag"/>
  </visualProperties>
  <visualProperties x="918" y="2795">
    <element href="assembly.xml#GetDocumentTagRequest"/>
  </visualProperties>
  <visualProperties x="315" y="2818">
    <element href="assembly.xml#Call-GetDocumentTag"/>
  </visualProperties>
  <visualProperties x="625" y="2818">
    <element href="assembly.xml#GetDocumentTag"/>
  </visualProperties>
  <visualProperties x="298" y="3017">
    <element href="assembly.xml#Call-GetIntegrationSystemUser"/>
  </visualProperties>
  <visualProperties x="1268" y="2981">
    <element href="assembly.xml#PagedGetIntegrationSystemUser"/>
  </visualProperties>
  <visualProperties x="630" y="3017">
    <element href="assembly.xml#GetIntegrationSystemUser"/>
  </visualProperties>
  <visualProperties x="903" y="2973">
    <element href="assembly.xml#GetIntegrationSystemUserRequest"/>
  </visualProperties>
  <visualProperties x="1263" y="3061">
    <element href="assembly.xml#Error-GetIntegrationSystemUser"/>
  </visualProperties>
  <visualProperties x="626" y="3196">
    <element href="assembly.xml#GetPGPPublicKey"/>
  </visualProperties>
  <visualProperties x="1254" y="3241">
    <element href="assembly.xml#Error-GetPGPPublicKey"/>
  </visualProperties>
  <visualProperties x="1251" y="3160">
    <element href="assembly.xml#PagedGetPGPPublicKey"/>
  </visualProperties>
  <visualProperties x="910" y="3146">
    <element href="assembly.xml#GetPGPPublicKeyRequest"/>
  </visualProperties>
  <visualProperties x="311" y="3196">
    <element href="assembly.xml#Call-GetPGPPublicKey"/>
  </visualProperties>
  <visualProperties x="907" y="3334">
    <element href="assembly.xml#GetX509PublicKeyRequest"/>
  </visualProperties>
  <visualProperties x="650" y="3370">
    <element href="assembly.xml#GetX509PublicKey"/>
  </visualProperties>
  <visualProperties x="1237" y="3430">
    <element href="assembly.xml#Error-GetX509PublicKey"/>
  </visualProperties>
  <visualProperties x="1235" y="3352">
    <element href="assembly.xml#PagedGetX509PublicKey"/>
  </visualProperties>
  <visualProperties x="327" y="3370">
    <element href="assembly.xml#Call-GetX509PublicKey"/>
  </visualProperties>
  <visualProperties x="1247" y="3590">
    <element href="assembly.xml#Error-GetEnumeration"/>
  </visualProperties>
  <visualProperties x="1246" y="3514">
    <element href="assembly.xml#PagedGetEnumeration"/>
  </visualProperties>
  <visualProperties x="921" y="3514">
    <element href="assembly.xml#GetEnumerationRequest"/>
  </visualProperties>
  <visualProperties x="632" y="3563">
    <element href="assembly.xml#GetEnumeration"/>
  </visualProperties>
  <visualProperties x="323" y="3563">
    <element href="assembly.xml#Call-GetEnumeration"/>
  </visualProperties>
  <visualProperties x="1305" y="3786">
    <element href="assembly.xml#Error-GetTemplateModel"/>
  </visualProperties>
  <visualProperties x="1283" y="3701">
    <element href="assembly.xml#PagedGetTemplateModel"/>
  </visualProperties>
  <visualProperties x="924" y="3687">
    <element href="assembly.xml#GetTemplateModelRequest"/>
  </visualProperties>
  <visualProperties x="633" y="3731">
    <element href="assembly.xml#GetTemplateModel"/>
  </visualProperties>
  <visualProperties x="331" y="3731">
    <element href="assembly.xml#Call-GetTemplateModel"/>
  </visualProperties>
  <visualProperties x="898" y="1286">
    <element href="assembly.xml#GetIntegrationEventRequest"/>
  </visualProperties>
  <visualProperties x="612" y="1320">
    <element href="assembly.xml#GetIntegrationEvent"/>
  </visualProperties>
  <visualProperties x="1240" y="1350">
    <element href="assembly.xml#Error-GetIntegrationEvent"/>
  </visualProperties>
  <visualProperties x="309" y="1320">
    <element href="assembly.xml#Call-GetIntegrationEvent"/>
  </visualProperties>
  <visualProperties x="1224" y="1284">
    <element href="assembly.xml#SOAPOutGetIntegrationEvent"/>
  </visualProperties>
  <visualProperties x="1475" y="1286">
    <element href="assembly.xml#AggregateEvents"/>
  </visualProperties>
  <visualProperties x="1208" y="263">
    <element href="assembly.xml#Critical-SetupError"/>
  </visualProperties>
  <visualProperties x="1350" y="126">
    <element href="assembly.xml#GetScheduledFutureProcessesRequest"/>
  </visualProperties>
  <visualProperties x="1647" y="132">
    <element href="assembly.xml#PagedGetScheduledFutureProcesses"/>
  </visualProperties>
  <visualProperties x="1950" y="153">
    <element href="assembly.xml#GetScheduledFutureProcessesResponse"/>
  </visualProperties>
  <visualProperties x="594" y="1135">
    <element href="assembly.xml#GetScheduledFutureProcesses"/>
  </visualProperties>
  <visualProperties x="1657" y="205">
    <element href="assembly.xml#Error-GetScheduledFutureProcesses"/>
  </visualProperties>
  <visualProperties x="902" y="1098">
    <element href="assembly.xml#FilterScheduledFutureProcesses"/>
  </visualProperties>
  <visualProperties x="271" y="1135">
    <element href="assembly.xml#Call-GetScheduledFutureProcesses"/>
  </visualProperties>
  <visualProperties x="1336" y="1186">
    <element href="assembly.xml#Error-FilterScheduledFutureProcesses"/>
  </visualProperties>
  <visualProperties x="917" y="3890">
    <element href="assembly.xml#GetConditionRuleRequest"/>
  </visualProperties>
  <visualProperties x="655" y="3917">
    <element href="assembly.xml#GetConditionRule"/>
  </visualProperties>
  <visualProperties x="1241" y="3961">
    <element href="assembly.xml#Error-GetConditionRule"/>
  </visualProperties>
  <visualProperties x="1255" y="3890">
    <element href="assembly.xml#PagedGetConditionRule"/>
  </visualProperties>
  <visualProperties x="325" y="3917">
    <element href="assembly.xml#Call-GetConditionRule"/>
  </visualProperties>
  <visualProperties x="592" y="1741">
    <element href="assembly.xml#GetStudioAssembly"/>
  </visualProperties>
  <visualProperties x="795" y="1715">
    <element href="assembly.xml#GetCloudCollectionsRequest"/>
  </visualProperties>
  <visualProperties x="1039" y="1803">
    <element href="assembly.xml#Error-GetCloudCollections"/>
  </visualProperties>
  <visualProperties x="1041" y="1715">
    <element href="assembly.xml#PagedGetCloudCollections"/>
  </visualProperties>
  <visualProperties x="1277" y="1685">
    <element href="assembly.xml#SplitOnCloudCollection"/>
  </visualProperties>
  <visualProperties x="1817" y="1685">
    <element href="assembly.xml#LoopThroughZipContents"/>
  </visualProperties>
  <visualProperties x="2055" y="1690">
    <element href="assembly.xml#CheckIfAssembly"/>
  </visualProperties>
  <visualProperties x="2233" y="1688">
    <element href="assembly.xml#PutAssemblyInMessage"/>
  </visualProperties>
  <visualProperties x="2256" y="1838">
    <element href="assembly.xml#DoNothing"/>
  </visualProperties>
  <visualProperties x="321" y="1741">
    <element href="assembly.xml#Call-GetStudioAssembly"/>
  </visualProperties>
  <visualProperties x="1478" y="1687">
    <element href="assembly.xml#GetCloudCollectionResponse"/>
  </visualProperties>
  <visualProperties x="314" y="4117">
    <element href="assembly.xml#Call-GetBaseCustomReports"/>
  </visualProperties>
  <visualProperties x="918" y="4073">
    <element href="assembly.xml#GetBaseCustomReportsRequest"/>
  </visualProperties>
  <visualProperties x="1239" y="4073">
    <element href="assembly.xml#PagedGetBaseCustomReports"/>
  </visualProperties>
  <visualProperties x="618" y="4117">
    <element href="assembly.xml#GetBaseCustomReports"/>
  </visualProperties>
  <visualProperties x="1241" y="4145">
    <element href="assembly.xml#Error-GetBaseCustomReports"/>
  </visualProperties>
  <visualProperties x="629" y="4294">
    <element href="assembly.xml#GetCustomReports"/>
  </visualProperties>
  <visualProperties x="1250" y="4330">
    <element href="assembly.xml#Error-GetCustomReports"/>
  </visualProperties>
  <visualProperties x="1247" y="4255">
    <element href="assembly.xml#PagedGetCustomReports"/>
  </visualProperties>
  <visualProperties x="327" y="4294">
    <element href="assembly.xml#Call-GetCustomReports"/>
  </visualProperties>
  <visualProperties x="915" y="4255">
    <element href="assembly.xml#GetCustomReportsRequest"/>
  </visualProperties>
  <visualProperties x="916" y="4431">
    <element href="assembly.xml#GetCalculatedFieldsRequest"/>
  </visualProperties>
  <visualProperties x="1238" y="4519">
    <element href="assembly.xml#Error-GetCalculatedFields"/>
  </visualProperties>
  <visualProperties x="1227" y="4431">
    <element href="assembly.xml#PagedGetCalculatedFields"/>
  </visualProperties>
  <visualProperties x="312" y="4462">
    <element href="assembly.xml#Call-GetCalculatedFields"/>
  </visualProperties>
  <visualProperties x="630" y="4467">
    <element href="assembly.xml#GetCalculatedFields"/>
  </visualProperties>
  <visualProperties x="1189" y="156">
    <element href="assembly.xml#SetConfigFile"/>
  </visualProperties>
  <visualProperties x="862" y="4698">
    <element href="assembly.xml#GetConfigPropsTransform"/>
  </visualProperties>
  <visualProperties x="640" y="4742">
    <element href="assembly.xml#GetConfigProps"/>
  </visualProperties>
  <visualProperties x="1159" y="4841">
    <element href="assembly.xml#Error-GetConfigProps"/>
  </visualProperties>
  <visualProperties x="321" y="4742">
    <element href="assembly.xml#Call-GetConfigProps"/>
  </visualProperties>
  <visualProperties x="1159" y="4655">
    <element href="assembly.xml#SplitOnConfigProp"/>
  </visualProperties>
  <visualProperties x="1376" y="4664">
    <element href="assembly.xml#SetConfigProp"/>
  </visualProperties>
  <visualProperties x="906" y="5159">
    <element href="assembly.xml#WarnIDBCallFailed"/>
  </visualProperties>
  <visualProperties x="856" y="5012">
    <element href="assembly.xml#HTTPOutIDBRequest"/>
  </visualProperties>
  <visualProperties x="652" y="5040">
    <element href="assembly.xml#GetIDBData"/>
  </visualProperties>
  <visualProperties x="1112" y="5012">
    <element href="assembly.xml#HttpOutIDB"/>
  </visualProperties>
  <visualProperties x="1325" y="5012">
    <element href="assembly.xml#ProcessJSON"/>
  </visualProperties>
  <visualProperties x="325" y="5040">
    <element href="assembly.xml#Call-GetIDBData"/>
  </visualProperties>
  <visualProperties x="2684" y="1687">
    <element href="assembly.xml#PutStudioDetailInMessage"/>
  </visualProperties>
  <visualProperties x="3059" y="1687">
    <element href="assembly.xml#PutStudioFlowInMessage"/>
  </visualProperties>
  <visualProperties x="1545" y="4665">
    <element href="assembly.xml#DecodeXSLT"/>
  </visualProperties>
  <visualProperties x="269" y="5302">
    <element href="assembly.xml#GenerateDependenciesFile"/>
  </visualProperties>
  <visualProperties x="5" y="5302">
    <element href="assembly.xml#Call-GenerateDependenciesFile"/>
  </visualProperties>
  <visualProperties x="531" y="5257">
    <element href="assembly.xml#TransformAllObjectsToWorkbookXML"/>
  </visualProperties>
  <visualProperties x="2033" y="3550">
    <element href="assembly.xml#ConvertToXLSX"/>
  </visualProperties>
  <visualProperties x="2915" y="3523">
    <element href="assembly.xml#AggregatorXSLX"/>
  </visualProperties>
  <visualProperties x="2333" y="3572">
    <element href="assembly.xml#RouteXSLX"/>
  </visualProperties>
  <visualProperties x="2165" y="3628">
    <element href="assembly.xml#XLSXPrep"/>
  </visualProperties>
  <visualProperties x="2110" y="3830">
    <element href="assembly.xml#Error-ConvertToXLSX"/>
  </visualProperties>
  <visualProperties x="2491" y="3501">
    <element href="assembly.xml#CreateRelsFile"/>
  </visualProperties>
  <visualProperties x="2630" y="3539">
    <element href="assembly.xml#CreateAppFile"/>
  </visualProperties>
  <visualProperties x="2491" y="3602">
    <element href="assembly.xml#CreateCoreFile"/>
  </visualProperties>
  <visualProperties x="2630" y="3654">
    <element href="assembly.xml#CreateContentTypesFile"/>
  </visualProperties>
  <visualProperties x="2485" y="3709">
    <element href="assembly.xml#CreateThemeFile"/>
  </visualProperties>
  <visualProperties x="2677" y="3755">
    <element href="assembly.xml#CreateWorkbookRelsFile"/>
  </visualProperties>
  <visualProperties x="2485" y="3814">
    <element href="assembly.xml#CreateSharedStringsFile"/>
  </visualProperties>
  <visualProperties x="2680" y="3872">
    <element href="assembly.xml#CreateStylesFile"/>
  </visualProperties>
  <visualProperties x="2495" y="3925">
    <element href="assembly.xml#SplitOnWorksheet"/>
  </visualProperties>
  <visualProperties x="2669" y="3979">
    <element href="assembly.xml#CreateWorksheetFile"/>
  </visualProperties>
  <visualProperties x="2489" y="4087">
    <element href="assembly.xml#CreateWorkbookFile"/>
  </visualProperties>
  <visualProperties x="3095" y="3524">
    <element href="assembly.xml#SaveToVariableXSLX"/>
  </visualProperties>
  <visualProperties x="820" y="5257">
    <element href="assembly.xml#Call-ConvertToXLSX-Dependencies"/>
  </visualProperties>
  <visualProperties x="816" y="5359">
    <element href="assembly.xml#Error-GenerateDependenciesFile"/>
  </visualProperties>
  <visualProperties x="4" y="5751">
    <element href="assembly.xml#Call-GenerateTestingDocuments"/>
  </visualProperties>
  <visualProperties x="1724" y="908">
    <element href="assembly.xml#Call-GenerateGoLiveTransitionDocuments"/>
  </visualProperties>
  <visualProperties x="2098" y="908">
    <element href="assembly.xml#GenerateGoLiveTransitionDocuments"/>
  </visualProperties>
  <visualProperties x="2681" y="885">
    <element href="assembly.xml#Call-ConvertToXLSX-GoLiveTransition"/>
  </visualProperties>
  <visualProperties x="2392" y="894">
    <element href="assembly.xml#TransformObjectsToGoLiveWorkbookXML"/>
  </visualProperties>
  <visualProperties x="2687" y="975">
    <element href="assembly.xml#Error-GenerateGoLiveTransition"/>
  </visualProperties>
  <visualProperties x="268" y="5746">
    <element href="assembly.xml#GenerateTestingTransitionDocuments"/>
  </visualProperties>
  <visualProperties x="2606" y="4464">
    <element href="assembly.xml#CreateThemeFileDOCX"/>
  </visualProperties>
  <visualProperties x="3142" y="4273">
    <element href="assembly.xml#AggregatorDOCX"/>
  </visualProperties>
  <visualProperties x="2787" y="4395">
    <element href="assembly.xml#CreateContentTypesFileDOCX"/>
  </visualProperties>
  <visualProperties x="2785" y="4293">
    <element href="assembly.xml#CreateAppFileDOCX"/>
  </visualProperties>
  <visualProperties x="2039" y="4307">
    <element href="assembly.xml#ConvertToDOCX"/>
  </visualProperties>
  <visualProperties x="2795" y="4497">
    <element href="assembly.xml#CreateWordDocumentRels"/>
  </visualProperties>
  <visualProperties x="2422" y="4238">
    <element href="assembly.xml#RouteDOCX"/>
  </visualProperties>
  <visualProperties x="3367" y="4274">
    <element href="assembly.xml#SaveToVariableDOCX"/>
  </visualProperties>
  <visualProperties x="2611" y="4360">
    <element href="assembly.xml#CreateCoreFileDOCX"/>
  </visualProperties>
  <visualProperties x="2612" y="4245">
    <element href="assembly.xml#CreateRelsFileDOCX"/>
  </visualProperties>
  <visualProperties x="2135" y="4657">
    <element href="assembly.xml#Error-ConvertToDOCX"/>
  </visualProperties>
  <visualProperties x="2834" y="4600">
    <element href="assembly.xml#CreateMediaImage1File"/>
  </visualProperties>
  <visualProperties x="2204" y="4404">
    <element href="assembly.xml#DOCXPrep"/>
  </visualProperties>
  <visualProperties x="2604" y="4564">
    <element href="assembly.xml#CreateWordHeaderRels"/>
  </visualProperties>
  <visualProperties x="3122" y="4618">
    <element href="assembly.xml#CreateDocument"/>
  </visualProperties>
  <visualProperties x="839" y="5873">
    <element href="assembly.xml#Error-GenerateTestingTransition"/>
  </visualProperties>
  <visualProperties x="558" y="5737">
    <element href="assembly.xml#TransformObjectsToTestingTransitionXML"/>
  </visualProperties>
  <visualProperties x="1244" y="5729">
    <element href="assembly.xml#Call-ConvertToDOCX-TestingTransition"/>
  </visualProperties>
  <visualProperties x="2601" y="4668">
    <element href="assembly.xml#CreateMediaImage2File"/>
  </visualProperties>
  <visualProperties x="2834" y="4706">
    <element href="assembly.xml#CreateEndNotes"/>
  </visualProperties>
  <visualProperties x="2979" y="4706">
    <element href="assembly.xml#CreateFontTable"/>
  </visualProperties>
  <visualProperties x="2607" y="4809">
    <element href="assembly.xml#CreateFooter1"/>
  </visualProperties>
  <visualProperties x="2742" y="4809">
    <element href="assembly.xml#CreateFootNotes"/>
  </visualProperties>
  <visualProperties x="2886" y="4809">
    <element href="assembly.xml#CreateHeader1"/>
  </visualProperties>
  <visualProperties x="3018" y="4809">
    <element href="assembly.xml#CreateNumbering"/>
  </visualProperties>
  <visualProperties x="2604" y="4914">
    <element href="assembly.xml#CreateSettings"/>
  </visualProperties>
  <visualProperties x="2741" y="4914">
    <element href="assembly.xml#CreateStyles"/>
  </visualProperties>
  <visualProperties x="2870" y="4914">
    <element href="assembly.xml#CreateStylesWithEffects"/>
  </visualProperties>
  <visualProperties x="3050" y="4914">
    <element href="assembly.xml#CreateWebSettings"/>
  </visualProperties>
  <visualProperties x="2602" y="5023">
    <element href="assembly.xml#CreateItem1"/>
  </visualProperties>
  <visualProperties x="2739" y="5023">
    <element href="assembly.xml#CreateItemProps1"/>
  </visualProperties>
  <visualProperties x="2895" y="5023">
    <element href="assembly.xml#CreateCustomXMLRels"/>
  </visualProperties>
  <visualProperties x="2376" y="1080">
    <element href="assembly.xml#TransformValidationErrorsToText"/>
  </visualProperties>
  <visualProperties x="2661" y="1171">
    <element href="assembly.xml#Error-CompilePendingItemText"/>
  </visualProperties>
  <visualProperties x="2095" y="1100">
    <element href="assembly.xml#CompilePendingItemText"/>
  </visualProperties>
  <visualProperties x="1756" y="1098">
    <element href="assembly.xml#Call-CompilePendingItemText"/>
  </visualProperties>
  <visualProperties x="258" y="6038">
    <element href="assembly.xml#UpdateIDBPendingItems"/>
  </visualProperties>
  <visualProperties x="720" y="6148">
    <element href="assembly.xml#Error-UpdateIDBPendingItems"/>
  </visualProperties>
  <visualProperties x="536" y="5995">
    <element href="assembly.xml#SetupPendingItems"/>
  </visualProperties>
  <visualProperties x="5" y="6038">
    <element href="assembly.xml#Call-UpdateIDBPendingItems"/>
  </visualProperties>
  <visualProperties x="719" y="5970">
    <element href="assembly.xml#LoopThroughIntegrationIDs"/>
  </visualProperties>
  <visualProperties x="957" y="5994">
    <element href="assembly.xml#IDBPendingItemRequest"/>
  </visualProperties>
  <visualProperties x="1212" y="6022">
    <element href="assembly.xml#HttpOutIDBPendingItem"/>
  </visualProperties>
  <visualProperties x="1759" y="1292">
    <element href="assembly.xml#Call-GroupObjectsByIntegrationID"/>
  </visualProperties>
  <visualProperties x="2453" y="1279">
    <element href="assembly.xml#TransformValidationErrorsToText0"/>
  </visualProperties>
  <visualProperties x="2101" y="1304">
    <element href="assembly.xml#GroupObjectsByIntegrationID"/>
  </visualProperties>
  <visualProperties x="2774" y="1367">
    <element href="assembly.xml#Error-CompilePendingItemText0"/>
  </visualProperties>
  <visualProperties x="272" y="6329">
    <element href="assembly.xml#StoreFile"/>
  </visualProperties>
  <visualProperties x="431" y="6301">
    <element href="assembly.xml#StoreFileBasedOnParameters"/>
  </visualProperties>
  <visualProperties x="451" y="6454">
    <element href="assembly.xml#AggregatorMasterZip"/>
  </visualProperties>
  <visualProperties x="667" y="6454">
    <element href="assembly.xml#StoreMasterZip"/>
  </visualProperties>
  <visualProperties x="270" y="6471">
    <element href="assembly.xml#StoreZip"/>
  </visualProperties>
  <visualProperties x="40" y="6471">
    <element href="assembly.xml#Call-StoreZip"/>
  </visualProperties>
  <visualProperties x="1138" y="5257">
    <element href="assembly.xml#Call-StoreFile-Dependencies"/>
  </visualProperties>
  <visualProperties x="1564" y="5729">
    <element href="assembly.xml#Call-StoreFile-TestingTransition"/>
  </visualProperties>
  <visualProperties x="2967" y="885">
    <element href="assembly.xml#Call-StoreFile-GoLiveTransition"/>
  </visualProperties>
  <visualProperties x="1146" y="5496">
    <element href="assembly.xml#Call-StoreFile-LPGuide"/>
  </visualProperties>
  <visualProperties x="545" y="5478">
    <element href="assembly.xml#TransformToWorkbookXML-LPGuide"/>
  </visualProperties>
  <visualProperties x="266" y="5511">
    <element href="assembly.xml#GenerateLaunchParameterGuide"/>
  </visualProperties>
  <visualProperties x="836" y="5496">
    <element href="assembly.xml#Call-ConvertToXLSX-LPGuide"/>
  </visualProperties>
  <visualProperties x="836" y="5566">
    <element href="assembly.xml#Error-GenerateLPGuide"/>
  </visualProperties>
  <visualProperties x="-6" y="5511">
    <element href="assembly.xml#Call-GenerateLaunchParameterGuide"/>
  </visualProperties>
  <visualProperties x="884" y="5704">
    <element href="assembly.xml#SplitOnTestDoc"/>
  </visualProperties>
  <visualProperties x="1062" y="5720">
    <element href="assembly.xml#SetDocProps"/>
  </visualProperties>
  <visualProperties x="1271" y="686">
    <element href="assembly.xml#ReportTagFilter"/>
  </visualProperties>
  <visualProperties x="1450" y="846">
    <element href="assembly.xml#SkipReport"/>
  </visualProperties>
  <visualProperties x="1107" y="5107">
    <element href="assembly.xml#BackupPlanWithProps"/>
  </visualProperties>
  <decorations x="5" y="6" width="220" height="6598" font="Calibri|16|1" bgColor="8454143" fgColor="1" fontColor="1" type="NOTE" text="The Transitionator"/>
  <decorations x="238" y="141" width="1399" height="172" font="Calibri|16|1" bgColor="8454143" fgColor="1" fontColor="1" type="NOTE" text="Setup"/>
  <decorations x="238" y="322" width="990" height="192" font="Calibri|16|1" bgColor="8454016" fgColor="1" fontColor="1" type="NOTE" text="Loop through chosen integrations"/>
  <decorations x="238" y="523" width="990" height="192" font="Calibri|16|1" bgColor="8453888" fgColor="1" fontColor="1" type="NOTE" text="Loop through chosen reports"/>
  <decorations x="1245" y="382" width="955" height="225" font="Calibri|16|1" bgColor="16777088" fgColor="1" fontColor="1" type="NOTE" text="For each chosen object, get dependencies and recurse until no new dependencies are found"/>
  <decorations x="238" y="727" width="321" height="4488" font="Calibri|16|1" bgColor="16777088" fgColor="1" fontColor="1" type="NOTE" text="...for each chosen object, get dependencies"/>
  <decorations x="572" y="889" width="576" height="172" font="Calibri|16|1" bgColor="8454143" fgColor="1" fontColor="1" type="NOTE" text="Setup (set recurse = false, increment loop count)"/>
  <decorations x="573" y="1496" width="694" height="172" font="Calibri|16|1" bgColor="12632256" fgColor="1" fontColor="1" type="NOTE" text="Look for EIB definitions"/>
  <decorations x="580" y="2056" width="955" height="172" font="Calibri|16|1" bgColor="16744703" fgColor="1" fontColor="1" type="NOTE" text="Look for custom report transformations"/>
  <decorations x="580" y="2233" width="955" height="172" font="Calibri|16|1" bgColor="16744703" fgColor="1" fontColor="1" type="NOTE" text="Look for business process definitions"/>
  <decorations x="1817" y="2079" width="460" height="307" font="Calibri|16|1" bgColor="8454143" fgColor="1" fontColor="1" type="NOTE" text="New dependencies found.  Copy to objects, set to recurse = true"/>
  <decorations x="580" y="2413" width="955" height="172" font="Calibri|16|1" bgColor="16744703" fgColor="1" fontColor="1" type="NOTE" text="Look for custom integration services"/>
  <decorations x="580" y="2593" width="955" height="172" font="Calibri|16|1" bgColor="16744703" fgColor="1" fontColor="1" type="NOTE" text="Look for sequence generators"/>
  <decorations x="580" y="2772" width="955" height="172" font="Calibri|16|1" bgColor="16744703" fgColor="1" fontColor="1" type="NOTE" text="Look for document tags"/>
  <decorations x="580" y="2950" width="955" height="172" font="Calibri|16|1" bgColor="16744703" fgColor="1" fontColor="1" type="NOTE" text="Look for integration system users"/>
  <decorations x="580" y="3129" width="955" height="172" font="Calibri|16|1" bgColor="16744703" fgColor="1" fontColor="1" type="NOTE" text="Look for PGP public keys"/>
  <decorations x="580" y="3311" width="955" height="172" font="Calibri|16|1" bgColor="16744703" fgColor="1" fontColor="1" type="NOTE" text="Look for x509 public keys"/>
  <decorations x="580" y="3491" width="955" height="172" font="Calibri|16|1" bgColor="16744703" fgColor="1" fontColor="1" type="NOTE" text="Look for enumerations"/>
  <decorations x="580" y="3671" width="955" height="172" font="Calibri|16|1" bgColor="16744703" fgColor="1" fontColor="1" type="NOTE" text="Look for template models"/>
  <decorations x="574" y="1253" width="1092" height="172" font="Calibri|16|1" bgColor="16744703" fgColor="1" fontColor="1" type="NOTE" text="Look for last successful integration event"/>
  <decorations x="574" y="1074" width="1092" height="172" font="Calibri|16|1" bgColor="16744703" fgColor="1" fontColor="1" type="NOTE" text="Look for scheduled future processes"/>
  <decorations x="1336" y="87" width="985" height="172" font="Calibri|16|1" bgColor="8454143" fgColor="1" fontColor="1" type="NOTE" text="Get all scheduled future processes in the tenant since there is no way to filter this call on integration or report"/>
  <decorations x="580" y="3850" width="955" height="172" font="Calibri|16|1" bgColor="12632256" fgColor="1" fontColor="1" type="NOTE" text="Look for integration notification condition rules"/>
  <decorations x="575" y="1676" width="3016" height="332" font="Calibri|16|1" bgColor="16744703" fgColor="1" fontColor="1" type="NOTE" text="Look for studio assemblies"/>
  <decorations x="580" y="4033" width="955" height="172" font="Calibri|16|1" bgColor="16744703" fgColor="1" fontColor="1" type="NOTE" text="Look for base custom reports (the call with report specific fields)"/>
  <decorations x="580" y="4214" width="955" height="172" font="Calibri|16|1" bgColor="16744703" fgColor="1" fontColor="1" type="NOTE" text="Look for custom reports (the call with filters, fields, everything else)"/>
  <decorations x="581" y="4395" width="955" height="172" font="Calibri|16|1" bgColor="16744703" fgColor="1" fontColor="1" type="NOTE" text="Look for global calculated fields (this one will always run each loop to find dependencies)"/>
  <decorations x="582" y="4612" width="1249" height="298" font="Calibri|16|1" bgColor="16744703" fgColor="1" fontColor="1" type="NOTE" text="Set some props based on integration details and patterns specified in the config file (integration.id, integration.name, etc.)"/>
  <decorations x="582" y="4917" width="1043" height="298" font="Calibri|16|1" bgColor="16744703" fgColor="1" fontColor="1" type="NOTE" text="Look for specs for this integration in IDB based on IDB Client ID attribute and integration.id prop set above"/>
  <decorations x="238" y="5225" width="1187" height="192" font="Calibri|16|1" bgColor="8454016" fgColor="1" fontColor="1" type="NOTE" text="Generate Dependencies File"/>
  <decorations x="2009" y="3466" width="1258" height="727" font="Calibri|16|1" bgColor="16744703" fgColor="1" fontColor="1" type="NOTE" text="Convert to XLSX (Takes generic XML format and converts to the multiple file ZIP XLSX format)"/>
  <decorations x="1689" y="612" width="367" height="794" font="Calibri|16|1" bgColor="8453888" fgColor="1" fontColor="1" type="NOTE" text="Generate Object Specific Documents"/>
  <decorations x="2068" y="857" width="1155" height="172" font="Calibri|16|1" bgColor="16744703" fgColor="1" fontColor="1" type="NOTE" text="Generate Go Live Transition Documents"/>
  <decorations x="238" y="5695" width="1600" height="223" font="Calibri|16|1" bgColor="8454016" fgColor="1" fontColor="1" type="NOTE" text="Generate Testing Transition Documents"/>
  <decorations x="2009" y="4202" width="1530" height="1044" font="Calibri|16|1" bgColor="16744703" fgColor="1" fontColor="1" type="NOTE" text="Convert to DOCX (Takes generic XML format and converts to the multiple file ZIP DOCX format)"/>
  <decorations x="2068" y="1044" width="1117" height="172" font="Calibri|16|1" bgColor="16744703" fgColor="1" fontColor="1" type="NOTE" text="Compile Pending Item Text To Hash Map"/>
  <decorations x="239" y="5961" width="1352" height="240" font="Calibri|16|1" bgColor="8454016" fgColor="1" fontColor="1" type="NOTE" text="Update IDB Pending Items"/>
  <decorations x="2068" y="1234" width="1117" height="172" font="Calibri|16|1" bgColor="16744703" fgColor="1" fontColor="1" type="NOTE" text="Compile Pending Item Text To Hash Map"/>
  <decorations x="240" y="6212" width="658" height="392" font="Calibri|16|1" bgColor="16744703" fgColor="1" fontColor="1" type="NOTE" text="Store Files, Zip"/>
  <decorations x="238" y="5431" width="1187" height="192" font="Calibri|16|1" bgColor="8454016" fgColor="1" fontColor="1" type="NOTE" text="Generate Launch Parameter Guide"/>
  <decorations x="616" y="3965" width="258" height="50" type="NOTE" text="This one is broken at the moment, so I am skipping it"/>
  <decorations x="1236" y="612" width="440" height="407" font="Calibri|16|1" bgColor="8453888" fgColor="1" fontColor="1" type="NOTE" text="Report Tag Filter for Scott Winn"/>
  <decorations x="582" y="1600" width="201" height="50" type="NOTE" text="EIB definitions have been moved to Get Integration System"/>
  <connections type="routesTo" sourceAnchorX="0.6629213483146067" sourceAnchorY="1.0" targetAnchorX="0.5384615384615384" targetAnchorY="0.5851063829787234">
    <source href="assembly.xml#Setup"/>
    <target href="assembly.xml#SetProperties"/>
  </connections>
  <connections type="routesTo" sourceAnchorX="0.5688073394495413" sourceAnchorY="1.0" targetAnchorX="0.43478260869565216" targetAnchorY="0.2702702702702703">
    <source href="assembly.xml#StartHere"/>
    <target href="assembly.xml#Call-Setup"/>
  </connections>
  <connections type="routesTo" sourceAnchorX="0.9880952380952381" sourceAnchorY="1.0" targetAnchorX="0.5984251968503937" targetAnchorY="0.358695652173913">
    <source href="assembly.xml#ProcessIntegrations"/>
    <target href="assembly.xml#GetIntegrationSystemsRequest"/>
  </connections>
  <connections type="routesTo" sourceAnchorX="1.0" sourceAnchorY="0.1276595744680851" targetAnchorX="0.22477064220183487" targetAnchorY="0.3783783783783784">
    <source href="assembly.xml#GetIntegrationSystemsRequest"/>
    <target href="assembly.xml#PagedGetIntegrationSystems"/>
  </connections>
  <connections type="routesTo" sourceAnchorX="1.0" sourceAnchorY="0.9333333333333333" targetAnchorX="0.14130434782608695" targetAnchorY="0.6216216216216216">
    <source href="assembly.xml#//@beans/@mixed.1/@mixed.13/@mixed.3"/>
    <target href="assembly.xml#Error-GettingIntegrations"/>
  </connections>
  <connections type="routesResponseTo" sourceAnchorX="0.7844036697247706" sourceAnchorY="1.0" targetAnchorX="0.3953488372093023" targetAnchorY="0.42207792207792205">
    <source href="assembly.xml#PagedGetIntegrationSystems"/>
    <target href="assembly.xml#SplitIntegrationSystems"/>
  </connections>
  <connections type="routesResponseTo" sourceAnchorX="0.7844036697247706" sourceAnchorY="1.0" targetAnchorX="0.3953488372093023" targetAnchorY="0.42207792207792205">
    <source href="assembly.xml#PagedGetTenantedReportDefns"/>
    <target href="assembly.xml#SplitCustomReports"/>
  </connections>
  <connections type="routesTo" sourceAnchorX="1.0" sourceAnchorY="0.14893617021276595" targetAnchorX="0.21777777777777776" targetAnchorY="0.21621621621621623">
    <source href="assembly.xml#GetTenantedReportDefinitionsRequest"/>
    <target href="assembly.xml#PagedGetTenantedReportDefns"/>
  </connections>
  <connections type="routesTo" sourceAnchorX="0.9233870967741935" sourceAnchorY="1.0" targetAnchorX="0.1507537688442211" targetAnchorY="0.2972972972972973">
    <source href="assembly.xml#//@beans/@mixed.1/@mixed.23/@mixed.3"/>
    <target href="assembly.xml#Error-GettingReports"/>
  </connections>
  <connections type="routesTo" sourceAnchorX="0.7959183673469388" sourceAnchorY="1.0" targetAnchorX="0.1843137254901961" targetAnchorY="0.384">
    <source href="assembly.xml#ProcessReports"/>
    <target href="assembly.xml#GetTenantedReportDefinitionsRequest"/>
  </connections>
  <connections type="routesResponseTo">
    <source href="assembly.xml#Call-Setup"/>
    <target href="assembly.xml#Call-ProcessIntegrations"/>
  </connections>
  <connections type="routesResponseTo">
    <source href="assembly.xml#Call-ProcessIntegrations"/>
    <target href="assembly.xml#Call-ProcessReports"/>
  </connections>
  <connections type="routesTo" sourceAnchorX="0.3129251700680272" sourceAnchorY="1.0" targetAnchorX="0.5591397849462365" targetAnchorY="0.6276595744680851">
    <source href="assembly.xml#GetEIBDefinition"/>
    <target href="assembly.xml#GetEIBDefinitionsRequest"/>
  </connections>
  <connections type="routesTo" sourceAnchorX="1.0" sourceAnchorY="0.08" targetAnchorX="0.4473684210526316" targetAnchorY="0.6216216216216216">
    <source href="assembly.xml#GetEIBDefinitionsRequest"/>
    <target href="assembly.xml#PagedGetEIBDefinitions"/>
  </connections>
  <connections type="routesTo" sourceAnchorX="0.8547486033519553" sourceAnchorY="1.0" targetAnchorX="0.2634146341463415" targetAnchorY="0.43243243243243246">
    <source href="assembly.xml#//@beans/@mixed.1/@mixed.39/@mixed.3"/>
    <target href="assembly.xml#Error-GettingEIBDefinitions"/>
  </connections>
  <connections type="routesResponseTo" sourceAnchorX="0.9263157894736842" sourceAnchorY="1.0" targetAnchorX="0.23026315789473684" targetAnchorY="0.2727272727272727">
    <source href="assembly.xml#PagedGetEIBDefinitions"/>
    <target href="assembly.xml#SplitOnObjectFound"/>
  </connections>
  <connections type="routesTo" sourceAnchorX="0.5729166666666666" sourceAnchorY="1.0" targetAnchorX="0.4553191489361702" targetAnchorY="0.35135135135135137">
    <source href="assembly.xml#GetObjectDependencies"/>
    <target href="assembly.xml#Call-SetupDependenciesSearch"/>
  </connections>
  <connections type="routesTo" sourceAnchorX="0.6507177033492823" sourceAnchorY="1.0" targetAnchorX="0.3935483870967742" targetAnchorY="0.7021276595744681">
    <source href="assembly.xml#SetupDependenciesSearch"/>
    <target href="assembly.xml#SetupDependencies"/>
  </connections>
  <connections type="routesTo" sourceAnchorX="0.9148936170212766" sourceAnchorY="1.0" targetAnchorX="0.3256880733944954" targetAnchorY="0.40540540540540543">
    <source href="assembly.xml#//@beans/@mixed.1/@route.0/@subRoute.0"/>
    <target href="assembly.xml#Call-GetObjectDependencies"/>
  </connections>
  <connections type="routesTo" sourceAnchorX="0.6666666666666666" sourceAnchorY="1.0" targetAnchorX="0.06985294117647059" targetAnchorY="0.31333333333333335">
    <source href="assembly.xml#//@beans/@mixed.1/@splitter.0/@subRoute.0"/>
    <target href="assembly.xml#GetIndividualResponse"/>
  </connections>
  <connections type="routesTo" sourceAnchorX="0.9219858156028369" sourceAnchorY="1.0" targetAnchorX="0.09649122807017543" targetAnchorY="0.3076923076923077">
    <source href="assembly.xml#//@beans/@mixed.1/@splitter.1/@subRoute.0"/>
    <target href="assembly.xml#ReportTagFilter"/>
  </connections>
  <connections type="routesTo" sourceAnchorX="1.0" sourceAnchorY="0.08" targetAnchorX="0.17560975609756097" targetAnchorY="0.474025974025974">
    <source href="assembly.xml#GetIndividualResponse"/>
    <target href="assembly.xml#RecursiveDependencySearch"/>
  </connections>
  <connections type="routesTo" sourceAnchorX="0.5477178423236515" sourceAnchorY="1.0" targetAnchorX="0.08571428571428572" targetAnchorY="0.574468085106383">
    <source href="assembly.xml#GetCustomReportTransformation"/>
    <target href="assembly.xml#GetCustomReportTransformationsRequest"/>
  </connections>
  <connections type="routesTo" sourceAnchorX="1.0" sourceAnchorY="0.3404255319148936" targetAnchorX="0.1443661971830986" targetAnchorY="0.4864864864864865">
    <source href="assembly.xml#GetCustomReportTransformationsRequest"/>
    <target href="assembly.xml#PagedGetCustomReportTransformations"/>
  </connections>
  <connections type="routesTo" sourceAnchorX="1.0" sourceAnchorY="0.5333333333333333" targetAnchorX="0.12040133779264214" targetAnchorY="0.3783783783783784">
    <source href="assembly.xml#//@beans/@mixed.1/@mixed.61/@mixed.3"/>
    <target href="assembly.xml#Error-GettingCustomReportTransformations"/>
  </connections>
  <connections type="routesResponseTo" sourceAnchorX="0.9366197183098591" sourceAnchorY="1.0" targetAnchorX="0.23684210526315788" targetAnchorY="0.38961038961038963">
    <source href="assembly.xml#PagedGetCustomReportTransformations"/>
    <target href="assembly.xml#SplitOnObjectFound"/>
  </connections>
  <connections type="routesTo">
    <source href="assembly.xml#GetBusinessProcessDefinition"/>
    <target href="assembly.xml#GetBusinessProcessDefinitionRequest"/>
  </connections>
  <connections type="routesTo">
    <source href="assembly.xml#//@beans/@mixed.1/@mixed.71/@mixed.3"/>
    <target href="assembly.xml#Error-GettingBusinessProcessDefinition"/>
  </connections>
  <connections type="routesTo">
    <source href="assembly.xml#GetBusinessProcessDefinitionRequest"/>
    <target href="assembly.xml#PagedGetBusinessProcessDefinitions"/>
  </connections>
  <connections type="routesResponseTo" targetAnchorX="0.19078947368421054" targetAnchorY="0.461038961038961">
    <source href="assembly.xml#PagedGetBusinessProcessDefinitions"/>
    <target href="assembly.xml#SplitOnObjectFound"/>
  </connections>
  <connections type="routesTo">
    <source href="assembly.xml#GetCustomIntegrationServiceRequest"/>
    <target href="assembly.xml#PagedGetCustomIntegrationService"/>
  </connections>
  <connections type="routesTo">
    <source href="assembly.xml#GetCustomIntegrationService"/>
    <target href="assembly.xml#GetCustomIntegrationServiceRequest"/>
  </connections>
  <connections type="routesTo">
    <source href="assembly.xml#//@beans/@mixed.1/@mixed.83/@mixed.3"/>
    <target href="assembly.xml#Error-GettingCustomIntegrationService"/>
  </connections>
  <connections type="routesResponseTo" targetAnchorX="0.11842105263157894" targetAnchorY="0.5324675324675324">
    <source href="assembly.xml#PagedGetCustomIntegrationService"/>
    <target href="assembly.xml#SplitOnObjectFound"/>
  </connections>
  <connections type="routesResponseTo">
    <source href="assembly.xml#Call-GetBusinessProcessDefinition"/>
    <target href="assembly.xml#Call-GetCustomIntegrationService"/>
  </connections>
  <connections type="routesTo">
    <source href="assembly.xml#//@beans/@mixed.1/@splitter.2/@subRoute.0"/>
    <target href="assembly.xml#CopyToObjects"/>
  </connections>
  <connections type="routesTo">
    <source href="assembly.xml#//@beans/@mixed.1/@mixed.93/@mixed.3"/>
    <target href="assembly.xml#Error-GetSequenceGenerator"/>
  </connections>
  <connections type="routesTo">
    <source href="assembly.xml#GetSequenceGeneratorRequest"/>
    <target href="assembly.xml#PagedGetSequenceGenerator"/>
  </connections>
  <connections type="routesTo">
    <source href="assembly.xml#GetSequenceGenerator"/>
    <target href="assembly.xml#GetSequenceGeneratorRequest"/>
  </connections>
  <connections type="routesResponseTo">
    <source href="assembly.xml#Call-GetCustomIntegrationService"/>
    <target href="assembly.xml#Call-GetSequenceGenerator"/>
  </connections>
  <connections type="routesResponseTo">
    <source href="assembly.xml#PagedGetSequenceGenerator"/>
    <target href="assembly.xml#SplitOnObjectFound"/>
  </connections>
  <connections type="routesTo">
    <source href="assembly.xml#GetDocumentTagRequest"/>
    <target href="assembly.xml#PagedGetDocumentTag"/>
  </connections>
  <connections type="routesTo">
    <source href="assembly.xml#//@beans/@mixed.1/@mixed.105/@mixed.3"/>
    <target href="assembly.xml#Error-GetDocumentTag"/>
  </connections>
  <connections type="routesTo">
    <source href="assembly.xml#GetDocumentTag"/>
    <target href="assembly.xml#GetDocumentTagRequest"/>
  </connections>
  <connections type="routesResponseTo">
    <source href="assembly.xml#Call-GetSequenceGenerator"/>
    <target href="assembly.xml#Call-GetDocumentTag"/>
  </connections>
  <connections type="routesResponseTo">
    <source href="assembly.xml#PagedGetDocumentTag"/>
    <target href="assembly.xml#SplitOnObjectFound"/>
  </connections>
  <connections type="routesTo">
    <source href="assembly.xml#GetIntegrationSystemUserRequest"/>
    <target href="assembly.xml#PagedGetIntegrationSystemUser"/>
  </connections>
  <connections type="routesTo">
    <source href="assembly.xml#GetIntegrationSystemUser"/>
    <target href="assembly.xml#GetIntegrationSystemUserRequest"/>
  </connections>
  <connections type="routesTo">
    <source href="assembly.xml#//@beans/@mixed.1/@mixed.113/@mixed.3"/>
    <target href="assembly.xml#Error-GetIntegrationSystemUser"/>
  </connections>
  <connections type="routesResponseTo">
    <source href="assembly.xml#Call-GetDocumentTag"/>
    <target href="assembly.xml#Call-GetIntegrationSystemUser"/>
  </connections>
  <connections type="routesResponseTo">
    <source href="assembly.xml#PagedGetIntegrationSystemUser"/>
    <target href="assembly.xml#SplitOnObjectFound"/>
  </connections>
  <connections type="routesTo">
    <source href="assembly.xml#GetPGPPublicKey"/>
    <target href="assembly.xml#GetPGPPublicKeyRequest"/>
  </connections>
  <connections type="routesTo">
    <source href="assembly.xml#//@beans/@mixed.1/@mixed.123/@mixed.3"/>
    <target href="assembly.xml#Error-GetPGPPublicKey"/>
  </connections>
  <connections type="routesTo">
    <source href="assembly.xml#GetPGPPublicKeyRequest"/>
    <target href="assembly.xml#PagedGetPGPPublicKey"/>
  </connections>
  <connections type="routesResponseTo">
    <source href="assembly.xml#Call-GetIntegrationSystemUser"/>
    <target href="assembly.xml#Call-GetPGPPublicKey"/>
  </connections>
  <connections type="routesTo">
    <source href="assembly.xml#GetX509PublicKeyRequest"/>
    <target href="assembly.xml#PagedGetX509PublicKey"/>
  </connections>
  <connections type="routesTo">
    <source href="assembly.xml#GetX509PublicKey"/>
    <target href="assembly.xml#GetX509PublicKeyRequest"/>
  </connections>
  <connections type="routesTo">
    <source href="assembly.xml#//@beans/@mixed.1/@mixed.139/@mixed.3"/>
    <target href="assembly.xml#Error-GetX509PublicKey"/>
  </connections>
  <connections type="routesResponseTo">
    <source href="assembly.xml#Call-GetPGPPublicKey"/>
    <target href="assembly.xml#Call-GetX509PublicKey"/>
  </connections>
  <connections type="routesResponseTo">
    <source href="assembly.xml#PagedGetX509PublicKey"/>
    <target href="assembly.xml#SplitOnObjectFound"/>
  </connections>
  <connections type="routesResponseTo">
    <source href="assembly.xml#PagedGetPGPPublicKey"/>
    <target href="assembly.xml#SplitOnObjectFound"/>
  </connections>
  <connections type="routesTo">
    <source href="assembly.xml#//@beans/@mixed.1/@mixed.145/@mixed.3"/>
    <target href="assembly.xml#Error-GetEnumeration"/>
  </connections>
  <connections type="routesTo">
    <source href="assembly.xml#GetEnumerationRequest"/>
    <target href="assembly.xml#PagedGetEnumeration"/>
  </connections>
  <connections type="routesTo">
    <source href="assembly.xml#GetEnumeration"/>
    <target href="assembly.xml#GetEnumerationRequest"/>
  </connections>
  <connections type="routesResponseTo">
    <source href="assembly.xml#Call-GetX509PublicKey"/>
    <target href="assembly.xml#Call-GetEnumeration"/>
  </connections>
  <connections type="routesResponseTo">
    <source href="assembly.xml#PagedGetEnumeration"/>
    <target href="assembly.xml#SplitOnObjectFound"/>
  </connections>
  <connections type="routesTo">
    <source href="assembly.xml#//@beans/@mixed.1/@mixed.155/@mixed.3"/>
    <target href="assembly.xml#Error-GetTemplateModel"/>
  </connections>
  <connections type="routesTo">
    <source href="assembly.xml#GetTemplateModelRequest"/>
    <target href="assembly.xml#PagedGetTemplateModel"/>
  </connections>
  <connections type="routesTo">
    <source href="assembly.xml#GetTemplateModel"/>
    <target href="assembly.xml#GetTemplateModelRequest"/>
  </connections>
  <connections type="routesResponseTo">
    <source href="assembly.xml#Call-GetEnumeration"/>
    <target href="assembly.xml#Call-GetTemplateModel"/>
  </connections>
  <connections type="routesResponseTo">
    <source href="assembly.xml#PagedGetTemplateModel"/>
    <target href="assembly.xml#SplitOnObjectFound"/>
  </connections>
  <connections type="routesTo">
    <source href="assembly.xml#GetIntegrationEvent"/>
    <target href="assembly.xml#GetIntegrationEventRequest"/>
  </connections>
  <connections type="routesTo">
    <source href="assembly.xml#//@beans/@mixed.1/@mixed.167/@mixed.3"/>
    <target href="assembly.xml#Error-GetIntegrationEvent"/>
  </connections>
  <connections type="routesTo">
    <source href="assembly.xml#GetIntegrationEventRequest"/>
    <target href="assembly.xml#SOAPOutGetIntegrationEvent"/>
  </connections>
  <connections type="routesResponseTo">
    <source href="assembly.xml#SOAPOutGetIntegrationEvent"/>
    <target href="assembly.xml#AggregateEvents"/>
  </connections>
  <connections type="routesTo">
    <source href="assembly.xml#AggregateEvents"/>
    <target href="assembly.xml#SplitOnObjectFound"/>
  </connections>
  <connections type="routesTo" sourceAnchorX="0.7851851851851852" sourceAnchorY="1.0" targetAnchorX="0.5126582278481012" targetAnchorY="0.40540540540540543">
    <source href="assembly.xml#//@beans/@mixed.1/@mixed.5/@mixed.3"/>
    <target href="assembly.xml#Critical-SetupError"/>
  </connections>
  <connections type="routesTo" sourceAnchorX="1.0" sourceAnchorY="0.20212765957446807" targetAnchorX="0.14661654135338345" targetAnchorY="0.7567567567567568">
    <source href="assembly.xml#GetScheduledFutureProcessesRequest"/>
    <target href="assembly.xml#PagedGetScheduledFutureProcesses"/>
  </connections>
  <connections type="routesResponseTo" sourceAnchorX="0.7030075187969925" sourceAnchorY="1.0" targetAnchorX="0.18315018315018314" targetAnchorY="0.3695652173913043">
    <source href="assembly.xml#PagedGetScheduledFutureProcesses"/>
    <target href="assembly.xml#GetScheduledFutureProcessesResponse"/>
  </connections>
  <connections type="routesTo" sourceAnchorX="1.0" sourceAnchorY="0.24" targetAnchorX="0.5948275862068966" targetAnchorY="0.39361702127659576">
    <source href="assembly.xml#SetProperties"/>
    <target href="assembly.xml#SetConfigFile"/>
  </connections>
  <connections type="routesTo" sourceAnchorX="1.0" sourceAnchorY="1.0" targetAnchorX="0.4623115577889447" targetAnchorY="0.5135135135135135">
    <source href="assembly.xml#//@beans/@mixed.1/@mixed.175/@mixed.3"/>
    <target href="assembly.xml#Error-GetScheduledFutureProcesses"/>
  </connections>
  <connections type="routesTo" sourceAnchorX="1.0" sourceAnchorY="1.0" targetAnchorX="0.242152466367713">
    <source href="assembly.xml#GetScheduledFutureProcesses"/>
    <target href="assembly.xml#FilterScheduledFutureProcesses"/>
  </connections>
  <connections type="routesResponseTo">
    <source href="assembly.xml#Call-SetupDependenciesSearch"/>
    <target href="assembly.xml#Call-GetScheduledFutureProcesses"/>
  </connections>
  <connections type="routesResponseTo">
    <source href="assembly.xml#Call-GetScheduledFutureProcesses"/>
    <target href="assembly.xml#Call-GetIntegrationEvent"/>
  </connections>
  <connections type="routesResponseTo">
    <source href="assembly.xml#Call-GetIntegrationEvent"/>
    <target href="assembly.xml#Call-GetEIBDefinition"/>
  </connections>
  <connections type="routesResponseTo">
    <source href="assembly.xml#Call-GetCustomReportTransformation"/>
    <target href="assembly.xml#Call-GetBusinessProcessDefinition"/>
  </connections>
  <connections type="routesTo">
    <source href="assembly.xml#//@beans/@mixed.1/@mixed.185/@mixed.3"/>
    <target href="assembly.xml#Error-FilterScheduledFutureProcesses"/>
  </connections>
  <connections type="routesTo">
    <source href="assembly.xml#FilterScheduledFutureProcesses"/>
    <target href="assembly.xml#SplitOnObjectFound"/>
  </connections>
  <connections type="routesTo">
    <source href="assembly.xml#GetConditionRuleRequest"/>
    <target href="assembly.xml#PagedGetConditionRule"/>
  </connections>
  <connections type="routesTo">
    <source href="assembly.xml#GetConditionRule"/>
    <target href="assembly.xml#GetConditionRuleRequest"/>
  </connections>
  <connections type="routesTo">
    <source href="assembly.xml#//@beans/@mixed.1/@mixed.199/@mixed.3"/>
    <target href="assembly.xml#Error-GetConditionRule"/>
  </connections>
  <connections type="routesResponseTo">
    <source href="assembly.xml#Call-GetTemplateModel"/>
    <target href="assembly.xml#Call-GetConditionRule"/>
  </connections>
  <connections type="routesResponseTo">
    <source href="assembly.xml#PagedGetConditionRule"/>
    <target href="assembly.xml#SplitOnObjectFound"/>
  </connections>
  <connections type="routesTo">
    <source href="assembly.xml#GetStudioAssembly"/>
    <target href="assembly.xml#GetCloudCollectionsRequest"/>
  </connections>
  <connections type="routesTo">
    <source href="assembly.xml#GetCloudCollectionsRequest"/>
    <target href="assembly.xml#PagedGetCloudCollections"/>
  </connections>
  <connections type="routesTo">
    <source href="assembly.xml#//@beans/@mixed.1/@mixed.203/@mixed.3"/>
    <target href="assembly.xml#Error-GetCloudCollections"/>
  </connections>
  <connections type="routesResponseTo">
    <source href="assembly.xml#PagedGetCloudCollections"/>
    <target href="assembly.xml#SplitOnCloudCollection"/>
  </connections>
  <connections type="routesTo">
    <source href="assembly.xml#//@beans/@mixed.1/@route.1/@subRoute.0"/>
    <target href="assembly.xml#CheckIfAssembly"/>
  </connections>
  <connections type="routesTo">
    <source href="assembly.xml#//@beans/@mixed.1/@route.2/@subRoute.0"/>
    <target href="assembly.xml#PutAssemblyInMessage"/>
  </connections>
  <connections type="routesTo">
    <source href="assembly.xml#//@beans/@mixed.1/@route.2/@subRoute.1"/>
    <target href="assembly.xml#DoNothing"/>
  </connections>
  <connections type="routesResponseTo">
    <source href="assembly.xml#Call-GetEIBDefinition"/>
    <target href="assembly.xml#Call-GetStudioAssembly"/>
  </connections>
  <connections type="routesResponseTo">
    <source href="assembly.xml#Call-GetStudioAssembly"/>
    <target href="assembly.xml#Call-GetCustomReportTransformation"/>
  </connections>
  <connections type="routesTo">
    <source href="assembly.xml#//@beans/@mixed.1/@splitter.3/@subRoute.0"/>
    <target href="assembly.xml#GetCloudCollectionResponse"/>
  </connections>
  <connections type="routesTo">
    <source href="assembly.xml#GetCloudCollectionResponse"/>
    <target href="assembly.xml#LoopThroughZipContents"/>
  </connections>
  <connections type="routesTo">
    <source href="assembly.xml#GetBaseCustomReportsRequest"/>
    <target href="assembly.xml#PagedGetBaseCustomReports"/>
  </connections>
  <connections type="routesTo">
    <source href="assembly.xml#GetBaseCustomReports"/>
    <target href="assembly.xml#GetBaseCustomReportsRequest"/>
  </connections>
  <connections type="routesTo">
    <source href="assembly.xml#//@beans/@mixed.1/@mixed.229/@mixed.3"/>
    <target href="assembly.xml#Error-GetBaseCustomReports"/>
  </connections>
  <connections type="routesResponseTo">
    <source href="assembly.xml#Call-GetConditionRule"/>
    <target href="assembly.xml#Call-GetBaseCustomReports"/>
  </connections>
  <connections type="routesResponseTo">
    <source href="assembly.xml#PagedGetBaseCustomReports"/>
    <target href="assembly.xml#SplitOnObjectFound"/>
  </connections>
  <connections type="routesTo">
    <source href="assembly.xml#GetCustomReports"/>
    <target href="assembly.xml#GetCustomReportsRequest"/>
  </connections>
  <connections type="routesTo">
    <source href="assembly.xml#//@beans/@mixed.1/@mixed.233/@mixed.3"/>
    <target href="assembly.xml#Error-GetCustomReports"/>
  </connections>
  <connections type="routesTo">
    <source href="assembly.xml#GetCustomReportsRequest"/>
    <target href="assembly.xml#PagedGetCustomReports"/>
  </connections>
  <connections type="routesResponseTo">
    <source href="assembly.xml#Call-GetBaseCustomReports"/>
    <target href="assembly.xml#Call-GetCustomReports"/>
  </connections>
  <connections type="routesResponseTo">
    <source href="assembly.xml#PagedGetCustomReports"/>
    <target href="assembly.xml#SplitOnObjectFound"/>
  </connections>
  <connections type="routesTo">
    <source href="assembly.xml#GetCalculatedFieldsRequest"/>
    <target href="assembly.xml#PagedGetCalculatedFields"/>
  </connections>
  <connections type="routesTo">
    <source href="assembly.xml#GetCalculatedFields"/>
    <target href="assembly.xml#GetCalculatedFieldsRequest"/>
  </connections>
  <connections type="routesTo">
    <source href="assembly.xml#//@beans/@mixed.1/@mixed.251/@mixed.3"/>
    <target href="assembly.xml#Error-GetCalculatedFields"/>
  </connections>
  <connections type="routesResponseTo">
    <source href="assembly.xml#Call-GetCustomReports"/>
    <target href="assembly.xml#Call-GetCalculatedFields"/>
  </connections>
  <connections type="routesResponseTo">
    <source href="assembly.xml#PagedGetCalculatedFields"/>
    <target href="assembly.xml#SplitOnObjectFound"/>
  </connections>
  <connections type="routesTo">
    <source href="assembly.xml#SetConfigFile"/>
    <target href="assembly.xml#GetScheduledFutureProcessesRequest"/>
  </connections>
  <connections type="routesTo">
    <source href="assembly.xml#GetConfigProps"/>
    <target href="assembly.xml#GetConfigPropsTransform"/>
  </connections>
  <connections type="routesTo">
    <source href="assembly.xml#//@beans/@mixed.1/@mixed.261/@mixed.3"/>
    <target href="assembly.xml#Error-GetConfigProps"/>
  </connections>
  <connections type="routesTo">
    <source href="assembly.xml#GetConfigPropsTransform"/>
    <target href="assembly.xml#SplitOnConfigProp"/>
  </connections>
  <connections type="routesTo">
    <source href="assembly.xml#//@beans/@mixed.1/@splitter.4/@subRoute.0"/>
    <target href="assembly.xml#SetConfigProp"/>
  </connections>
  <connections type="routesResponseTo">
    <source href="assembly.xml#Call-GetCalculatedFields"/>
    <target href="assembly.xml#Call-GetConfigProps"/>
  </connections>
  <connections type="routesTo">
    <source href="assembly.xml#//@beans/@mixed.1/@mixed.273/@mixed.3"/>
    <target href="assembly.xml#WarnIDBCallFailed"/>
  </connections>
  <connections type="routesTo">
    <source href="assembly.xml#HTTPOutIDBRequest"/>
    <target href="assembly.xml#HttpOutIDB"/>
  </connections>
  <connections type="routesTo">
    <source href="assembly.xml#GetIDBData"/>
    <target href="assembly.xml#HTTPOutIDBRequest"/>
  </connections>
  <connections type="routesResponseTo">
    <source href="assembly.xml#HttpOutIDB"/>
    <target href="assembly.xml#ProcessJSON"/>
  </connections>
  <connections type="routesResponseTo">
    <source href="assembly.xml#Call-GetConfigProps"/>
    <target href="assembly.xml#Call-GetIDBData"/>
  </connections>
  <connections type="routesTo">
    <source href="assembly.xml#ProcessJSON"/>
    <target href="assembly.xml#SplitOnObjectFound"/>
  </connections>
  <connections type="routesTo">
    <source href="assembly.xml#PutAssemblyInMessage"/>
    <target href="assembly.xml#PutStudioDetailInMessage"/>
  </connections>
  <connections type="routesTo">
    <source href="assembly.xml#PutStudioDetailInMessage"/>
    <target href="assembly.xml#PutStudioFlowInMessage"/>
  </connections>
  <connections type="routesTo">
    <source href="assembly.xml#PutStudioFlowInMessage"/>
    <target href="assembly.xml#SplitOnObjectFound"/>
  </connections>
  <connections type="routesTo" sourceAnchorX="1.0" sourceAnchorY="0.13829787234042554" targetAnchorX="0.3008849557522124" targetAnchorY="0.14893617021276595">
    <source href="assembly.xml#SetConfigProp"/>
    <target href="assembly.xml#DecodeXSLT"/>
  </connections>
  <connections type="routesTo">
    <source href="assembly.xml#DecodeXSLT"/>
    <target href="assembly.xml#SplitOnObjectFound"/>
  </connections>
  <connections type="routesResponseTo">
    <source href="assembly.xml#Call-ProcessReports"/>
    <target href="assembly.xml#Call-GenerateDependenciesFile"/>
  </connections>
  <connections type="routesTo" sourceAnchorX="0.8516746411483254" sourceAnchorY="1.0" targetAnchorX="0.12244897959183673">
    <source href="assembly.xml#GenerateDependenciesFile"/>
    <target href="assembly.xml#TransformAllObjectsToWorkbookXML"/>
  </connections>
  <connections type="routesTo" sourceAnchorX="0.6153846153846154" sourceAnchorY="1.0" targetAnchorX="0.7584541062801933" targetAnchorY="0.43243243243243246">
    <source href="assembly.xml#//@beans/@mixed.1/@mixed.297/@mixed.3"/>
    <target href="assembly.xml#Error-ConvertToXLSX"/>
  </connections>
  <connections type="routesTo" sourceAnchorX="0.5957446808510638" sourceAnchorY="1.0" targetAnchorX="0.22448979591836735" targetAnchorY="0.3983739837398374">
    <source href="assembly.xml#ConvertToXLSX"/>
    <target href="assembly.xml#XLSXPrep"/>
  </connections>
  <connections type="routesTo" sourceAnchorX="1.0" sourceAnchorY="0.2601626016260163" targetAnchorX="0.308411214953271" targetAnchorY="0.36649214659685864">
    <source href="assembly.xml#XLSXPrep"/>
    <target href="assembly.xml#RouteXSLX"/>
  </connections>
  <connections type="routesTo" sourceAnchorX="0.6781609195402298" sourceAnchorY="1.0" targetAnchorX="0.472" targetAnchorY="0.21739130434782608">
    <source href="assembly.xml#//@beans/@mixed.1/@route.3/@subRoute.0"/>
    <target href="assembly.xml#CreateRelsFile"/>
  </connections>
  <connections type="routesTo" sourceAnchorX="1.0" sourceAnchorY="0.2872340425531915" targetAnchorX="0.424" targetAnchorY="0.29577464788732394">
    <source href="assembly.xml#CreateRelsFile"/>
    <target href="assembly.xml#AggregatorXSLX"/>
  </connections>
  <connections type="routesTo" sourceAnchorX="0.5538461538461539" sourceAnchorY="1.0" targetAnchorX="0.27049180327868855" targetAnchorY="0.46808510638297873">
    <source href="assembly.xml#//@beans/@mixed.1/@route.3/@subRoute.1"/>
    <target href="assembly.xml#CreateAppFile"/>
  </connections>
  <connections type="routesTo" sourceAnchorX="1.0" sourceAnchorY="0.2872340425531915" targetAnchorX="0.48" targetAnchorY="0.43661971830985913">
    <source href="assembly.xml#CreateAppFile"/>
    <target href="assembly.xml#AggregatorXSLX"/>
  </connections>
  <connections type="routesTo" sourceAnchorX="1.0" sourceAnchorY="0.9705882352941176" targetAnchorX="0.23015873015873015" targetAnchorY="0.648936170212766">
    <source href="assembly.xml#//@beans/@mixed.1/@route.3/@subRoute.2"/>
    <target href="assembly.xml#CreateCoreFile"/>
  </connections>
  <connections type="routesTo" sourceAnchorX="1.0" sourceAnchorY="0.30851063829787234" targetAnchorX="0.304" targetAnchorY="0.5774647887323944">
    <source href="assembly.xml#CreateCoreFile"/>
    <target href="assembly.xml#AggregatorXSLX"/>
  </connections>
  <connections type="routesTo" sourceAnchorX="0.8421052631578947" sourceAnchorY="1.0" targetAnchorX="0.27011494252873564" targetAnchorY="0.5957446808510638">
    <source href="assembly.xml#//@beans/@mixed.1/@route.3/@subRoute.3"/>
    <target href="assembly.xml#CreateContentTypesFile"/>
  </connections>
  <connections type="routesTo" sourceAnchorX="0.0" sourceAnchorY="0.1702127659574468" targetAnchorX="0.192" targetAnchorY="0.7358490566037735">
    <source href="assembly.xml#CreateContentTypesFile"/>
    <target href="assembly.xml#AggregatorXSLX"/>
  </connections>
  <connections type="routesTo" sourceAnchorX="0.34210526315789475" sourceAnchorY="1.0" targetAnchorX="0.3560606060606061" targetAnchorY="0.2553191489361702">
    <source href="assembly.xml#//@beans/@mixed.1/@route.3/@subRoute.4"/>
    <target href="assembly.xml#CreateThemeFile"/>
  </connections>
  <connections type="routesTo" sourceAnchorX="1.0" sourceAnchorY="0.35106382978723405" targetAnchorX="0.28" targetAnchorY="0.6886792452830188">
    <source href="assembly.xml#CreateThemeFile"/>
    <target href="assembly.xml#AggregatorXSLX"/>
  </connections>
  <connections type="routesTo" sourceAnchorX="0.5333333333333333" sourceAnchorY="1.0" targetAnchorX="0.35" targetAnchorY="0.6063829787234043">
    <source href="assembly.xml#//@beans/@mixed.1/@route.3/@subRoute.5"/>
    <target href="assembly.xml#CreateWorkbookRelsFile"/>
  </connections>
  <connections type="routesTo" sourceAnchorX="0.4222222222222222" sourceAnchorY="1.0" targetAnchorX="0.192" targetAnchorY="0.5943396226415094">
    <source href="assembly.xml#CreateWorkbookRelsFile"/>
    <target href="assembly.xml#AggregatorXSLX"/>
  </connections>
  <connections type="routesTo" sourceAnchorX="0.8083333333333333" sourceAnchorY="1.0" targetAnchorX="0.1348314606741573" targetAnchorY="0.6276595744680851">
    <source href="assembly.xml#//@beans/@mixed.1/@route.3/@subRoute.6"/>
    <target href="assembly.xml#CreateSharedStringsFile"/>
  </connections>
  <connections type="routesTo" sourceAnchorX="1.0" sourceAnchorY="0.23404255319148937" targetAnchorX="0.16" targetAnchorY="0.8207547169811321">
    <source href="assembly.xml#CreateSharedStringsFile"/>
    <target href="assembly.xml#AggregatorXSLX"/>
  </connections>
  <connections type="routesTo" sourceAnchorX="0.5833333333333334" sourceAnchorY="1.0" targetAnchorX="0.13636363636363635" targetAnchorY="0.4148936170212766">
    <source href="assembly.xml#//@beans/@mixed.1/@route.3/@subRoute.7"/>
    <target href="assembly.xml#CreateStylesFile"/>
  </connections>
  <connections type="routesTo" sourceAnchorX="1.0" sourceAnchorY="0.4574468085106383" targetAnchorX="0.104" targetAnchorY="0.8113207547169812">
    <source href="assembly.xml#CreateStylesFile"/>
    <target href="assembly.xml#AggregatorXSLX"/>
  </connections>
  <connections type="routesTo" sourceAnchorX="0.8416666666666667" sourceAnchorY="1.0" targetAnchorX="0.14893617021276595" targetAnchorY="0.43506493506493504">
    <source href="assembly.xml#//@beans/@mixed.1/@route.3/@subRoute.8"/>
    <target href="assembly.xml#SplitOnWorksheet"/>
  </connections>
  <connections type="routesTo" sourceAnchorX="1.0" sourceAnchorY="1.0" targetAnchorX="0.24050632911392406" targetAnchorY="0.34782608695652173">
    <source href="assembly.xml#//@beans/@mixed.1/@splitter.5/@subRoute.0"/>
    <target href="assembly.xml#CreateWorksheetFile"/>
  </connections>
  <connections type="routesTo" sourceAnchorX="0.6608187134502924" sourceAnchorY="1.0" targetAnchorX="0.336" targetAnchorY="0.8490566037735849">
    <source href="assembly.xml#CreateWorksheetFile"/>
    <target href="assembly.xml#AggregatorXSLX"/>
  </connections>
  <connections type="routesTo" sourceAnchorX="0.4166666666666667" sourceAnchorY="1.0" targetAnchorX="0.12337662337662338" targetAnchorY="0.2553191489361702">
    <source href="assembly.xml#//@beans/@mixed.1/@route.3/@subRoute.9"/>
    <target href="assembly.xml#CreateWorkbookFile"/>
  </connections>
  <connections type="routesTo" sourceAnchorX="1.0" sourceAnchorY="0.22340425531914893" targetAnchorX="0.472" targetAnchorY="0.9528301886792453">
    <source href="assembly.xml#CreateWorkbookFile"/>
    <target href="assembly.xml#AggregatorXSLX"/>
  </connections>
  <connections type="routesTo" sourceAnchorX="1.0" sourceAnchorY="0.22641509433962265" targetAnchorX="0.12698412698412698" targetAnchorY="0.2608695652173913">
    <source href="assembly.xml#AggregatorXSLX"/>
    <target href="assembly.xml#SaveToVariableXSLX"/>
  </connections>
  <connections type="routesTo" sourceAnchorX="1.0" sourceAnchorY="0.1702127659574468" targetAnchorX="0.12698412698412698" targetAnchorY="0.40540540540540543">
    <source href="assembly.xml#TransformAllObjectsToWorkbookXML"/>
    <target href="assembly.xml#Call-ConvertToXLSX-Dependencies"/>
  </connections>
  <connections type="routesTo" sourceAnchorX="0.9369747899159664" sourceAnchorY="1.0" targetAnchorX="0.07083333333333333" targetAnchorY="0.6216216216216216">
    <source href="assembly.xml#//@beans/@mixed.1/@mixed.289/@mixed.3"/>
    <target href="assembly.xml#Error-GenerateDependenciesFile"/>
  </connections>
  <connections type="routesResponseTo" targetAnchorX="0.41580756013745707" targetAnchorY="0.4864864864864865">
    <source href="assembly.xml#GetIndividualResponse"/>
    <target href="assembly.xml#Call-GenerateGoLiveTransitionDocuments"/>
  </connections>
  <connections type="routesResponseTo" sourceAnchorX="0.8531746031746031" sourceAnchorY="1.0" targetAnchorX="0.36681222707423583" targetAnchorY="0.16216216216216217">
    <source href="assembly.xml#Call-ConvertToXLSX-GoLiveTransition"/>
    <target href="assembly.xml#Call-StoreFile-GoLiveTransition"/>
  </connections>
  <connections type="routesTo" sourceAnchorX="1.0" sourceAnchorY="0.1702127659574468" targetAnchorX="0.12698412698412698" targetAnchorY="0.40540540540540543">
    <source href="assembly.xml#TransformObjectsToGoLiveWorkbookXML"/>
    <target href="assembly.xml#Call-ConvertToXLSX-GoLiveTransition"/>
  </connections>
  <connections type="routesTo" sourceAnchorX="0.9369747899159664" sourceAnchorY="1.0" targetAnchorX="0.07083333333333333" targetAnchorY="0.6216216216216216">
    <source href="assembly.xml#//@beans/@mixed.1/@mixed.337/@mixed.3"/>
    <target href="assembly.xml#Error-GenerateGoLiveTransition"/>
  </connections>
  <connections type="routesTo" sourceAnchorX="0.909433962264151" sourceAnchorY="1.0" targetAnchorX="0.29739776951672864" targetAnchorY="0.432">
    <source href="assembly.xml#GenerateGoLiveTransitionDocuments"/>
    <target href="assembly.xml#TransformObjectsToGoLiveWorkbookXML"/>
  </connections>
  <connections type="routesTo" sourceAnchorX="1.0" sourceAnchorY="0.35106382978723405" targetAnchorX="0.28" targetAnchorY="0.6886792452830188">
    <source href="assembly.xml#CreateThemeFileDOCX"/>
    <target href="assembly.xml#AggregatorDOCX"/>
  </connections>
  <connections type="routesTo" sourceAnchorX="0.34210526315789475" sourceAnchorY="1.0" targetAnchorX="0.3560606060606061" targetAnchorY="0.2553191489361702">
    <source href="assembly.xml#//@beans/@mixed.1/@route.4/@subRoute.4"/>
    <target href="assembly.xml#CreateThemeFileDOCX"/>
  </connections>
  <connections type="routesTo" sourceAnchorX="1.0" sourceAnchorY="0.22641509433962265" targetAnchorX="0.12698412698412698" targetAnchorY="0.2608695652173913">
    <source href="assembly.xml#AggregatorDOCX"/>
    <target href="assembly.xml#SaveToVariableDOCX"/>
  </connections>
  <connections type="routesTo" sourceAnchorX="1.0" sourceAnchorY="0.2872340425531915" targetAnchorX="0.424" targetAnchorY="0.29577464788732394">
    <source href="assembly.xml#CreateRelsFileDOCX"/>
    <target href="assembly.xml#AggregatorDOCX"/>
  </connections>
  <connections type="routesTo" sourceAnchorX="1.0" sourceAnchorY="0.2872340425531915" targetAnchorX="0.48" targetAnchorY="0.43661971830985913">
    <source href="assembly.xml#CreateAppFileDOCX"/>
    <target href="assembly.xml#AggregatorDOCX"/>
  </connections>
  <connections type="routesTo" sourceAnchorX="1.0" sourceAnchorY="0.30851063829787234" targetAnchorX="0.304" targetAnchorY="0.5774647887323944">
    <source href="assembly.xml#CreateCoreFileDOCX"/>
    <target href="assembly.xml#AggregatorDOCX"/>
  </connections>
  <connections type="routesTo" sourceAnchorX="0.0" sourceAnchorY="0.1702127659574468" targetAnchorX="0.192" targetAnchorY="0.7358490566037735">
    <source href="assembly.xml#CreateContentTypesFileDOCX"/>
    <target href="assembly.xml#AggregatorDOCX"/>
  </connections>
  <connections type="routesTo" sourceAnchorX="0.4222222222222222" sourceAnchorY="1.0" targetAnchorX="0.192" targetAnchorY="0.5943396226415094">
    <source href="assembly.xml#CreateWordDocumentRels"/>
    <target href="assembly.xml#AggregatorDOCX"/>
  </connections>
  <connections type="routesTo" sourceAnchorX="0.8421052631578947" sourceAnchorY="1.0" targetAnchorX="0.27011494252873564" targetAnchorY="0.5957446808510638">
    <source href="assembly.xml#//@beans/@mixed.1/@route.4/@subRoute.3"/>
    <target href="assembly.xml#CreateContentTypesFileDOCX"/>
  </connections>
  <connections type="routesTo" sourceAnchorX="0.5538461538461539" sourceAnchorY="1.0" targetAnchorX="0.27049180327868855" targetAnchorY="0.46808510638297873">
    <source href="assembly.xml#//@beans/@mixed.1/@route.4/@subRoute.1"/>
    <target href="assembly.xml#CreateAppFileDOCX"/>
  </connections>
  <connections type="routesTo" sourceAnchorX="0.5957446808510638" sourceAnchorY="1.0" targetAnchorX="0.22448979591836735" targetAnchorY="0.3983739837398374">
    <source href="assembly.xml#ConvertToDOCX"/>
    <target href="assembly.xml#DOCXPrep"/>
  </connections>
  <connections type="routesTo" sourceAnchorX="0.5333333333333333" sourceAnchorY="1.0" targetAnchorX="0.35" targetAnchorY="0.6063829787234043">
    <source href="assembly.xml#//@beans/@mixed.1/@route.4/@subRoute.5"/>
    <target href="assembly.xml#CreateWordDocumentRels"/>
  </connections>
  <connections type="routesTo" sourceAnchorX="1.0" sourceAnchorY="0.2601626016260163" targetAnchorX="0.308411214953271" targetAnchorY="0.36649214659685864">
    <source href="assembly.xml#DOCXPrep"/>
    <target href="assembly.xml#RouteDOCX"/>
  </connections>
  <connections type="routesTo" sourceAnchorX="0.6781609195402298" sourceAnchorY="1.0" targetAnchorX="0.472" targetAnchorY="0.21739130434782608">
    <source href="assembly.xml#//@beans/@mixed.1/@route.4/@subRoute.0"/>
    <target href="assembly.xml#CreateRelsFileDOCX"/>
  </connections>
  <connections type="routesTo" sourceAnchorX="1.0" sourceAnchorY="0.9705882352941176" targetAnchorX="0.23015873015873015" targetAnchorY="0.648936170212766">
    <source href="assembly.xml#//@beans/@mixed.1/@route.4/@subRoute.2"/>
    <target href="assembly.xml#CreateCoreFileDOCX"/>
  </connections>
  <connections type="routesTo" sourceAnchorX="0.6153846153846154" sourceAnchorY="1.0" targetAnchorX="0.7584541062801933" targetAnchorY="0.43243243243243246">
    <source href="assembly.xml#//@beans/@mixed.1/@mixed.343/@mixed.3"/>
    <target href="assembly.xml#Error-ConvertToDOCX"/>
  </connections>
  <connections type="routesTo" sourceAnchorX="0.6026490066225165" sourceAnchorY="1.0" targetAnchorX="0.5542857142857143" targetAnchorY="0.6595744680851063">
    <source href="assembly.xml#//@beans/@mixed.1/@route.4/@subRoute.6"/>
    <target href="assembly.xml#CreateWordHeaderRels"/>
  </connections>
  <connections type="routesTo" sourceAnchorX="1.0" sourceAnchorY="0.2978723404255319" targetAnchorX="0.5147058823529411" targetAnchorY="0.7452830188679245">
    <source href="assembly.xml#CreateWordHeaderRels"/>
    <target href="assembly.xml#AggregatorDOCX"/>
  </connections>
  <connections type="routesTo" sourceAnchorX="0.7682119205298014" sourceAnchorY="1.0" targetAnchorX="0.23148148148148148" targetAnchorY="0.45652173913043476">
    <source href="assembly.xml#//@beans/@mixed.1/@route.4/@subRoute.9"/>
    <target href="assembly.xml#CreateDocument"/>
  </connections>
  <connections type="routesTo" sourceAnchorX="0.9369747899159664" sourceAnchorY="1.0" targetAnchorX="0.07083333333333333" targetAnchorY="0.6216216216216216">
    <source href="assembly.xml#//@beans/@mixed.1/@mixed.375/@mixed.3"/>
    <target href="assembly.xml#Error-GenerateTestingTransition"/>
  </connections>
  <connections type="routesTo" sourceAnchorX="1.0" sourceAnchorY="0.1702127659574468" targetAnchorX="0.8037383177570093" targetAnchorY="0.2857142857142857">
    <source href="assembly.xml#TransformObjectsToTestingTransitionXML"/>
    <target href="assembly.xml#SplitOnTestDoc"/>
  </connections>
  <connections type="routesTo" sourceAnchorX="0.8239700374531835" sourceAnchorY="1.0" targetAnchorX="0.30324909747292417" targetAnchorY="0.448">
    <source href="assembly.xml#GenerateTestingTransitionDocuments"/>
    <target href="assembly.xml#TransformObjectsToTestingTransitionXML"/>
  </connections>
  <connections type="routesTo">
    <source href="assembly.xml#CreateMediaImage1File"/>
    <target href="assembly.xml#AggregatorDOCX"/>
  </connections>
  <connections type="routesTo">
    <source href="assembly.xml#//@beans/@mixed.1/@route.4/@subRoute.7"/>
    <target href="assembly.xml#CreateMediaImage1File"/>
  </connections>
  <connections type="routesTo">
    <source href="assembly.xml#//@beans/@mixed.1/@route.4/@subRoute.8"/>
    <target href="assembly.xml#CreateMediaImage2File"/>
  </connections>
  <connections type="routesTo">
    <source href="assembly.xml#CreateMediaImage2File"/>
    <target href="assembly.xml#AggregatorDOCX"/>
  </connections>
  <connections type="routesTo">
    <source href="assembly.xml#//@beans/@mixed.1/@route.4/@subRoute.10"/>
    <target href="assembly.xml#CreateEndNotes"/>
  </connections>
  <connections type="routesTo">
    <source href="assembly.xml#CreateEndNotes"/>
    <target href="assembly.xml#AggregatorDOCX"/>
  </connections>
  <connections type="routesTo">
    <source href="assembly.xml#//@beans/@mixed.1/@route.4/@subRoute.11"/>
    <target href="assembly.xml#CreateFontTable"/>
  </connections>
  <connections type="routesTo">
    <source href="assembly.xml#CreateFontTable"/>
    <target href="assembly.xml#AggregatorDOCX"/>
  </connections>
  <connections type="routesTo">
    <source href="assembly.xml#//@beans/@mixed.1/@route.4/@subRoute.12"/>
    <target href="assembly.xml#CreateFooter1"/>
  </connections>
  <connections type="routesTo">
    <source href="assembly.xml#CreateFooter1"/>
    <target href="assembly.xml#AggregatorDOCX"/>
  </connections>
  <connections type="routesTo">
    <source href="assembly.xml#CreateFootNotes"/>
    <target href="assembly.xml#AggregatorDOCX"/>
  </connections>
  <connections type="routesTo">
    <source href="assembly.xml#//@beans/@mixed.1/@route.4/@subRoute.13"/>
    <target href="assembly.xml#CreateFootNotes"/>
  </connections>
  <connections type="routesTo">
    <source href="assembly.xml#//@beans/@mixed.1/@route.4/@subRoute.14"/>
    <target href="assembly.xml#CreateHeader1"/>
  </connections>
  <connections type="routesTo">
    <source href="assembly.xml#CreateHeader1"/>
    <target href="assembly.xml#AggregatorDOCX"/>
  </connections>
  <connections type="routesTo">
    <source href="assembly.xml#CreateNumbering"/>
    <target href="assembly.xml#AggregatorDOCX"/>
  </connections>
  <connections type="routesTo">
    <source href="assembly.xml#//@beans/@mixed.1/@route.4/@subRoute.15"/>
    <target href="assembly.xml#CreateNumbering"/>
  </connections>
  <connections type="routesTo">
    <source href="assembly.xml#CreateWebSettings"/>
    <target href="assembly.xml#AggregatorDOCX"/>
  </connections>
  <connections type="routesTo">
    <source href="assembly.xml#CreateStylesWithEffects"/>
    <target href="assembly.xml#AggregatorDOCX"/>
  </connections>
  <connections type="routesTo">
    <source href="assembly.xml#CreateStyles"/>
    <target href="assembly.xml#AggregatorDOCX"/>
  </connections>
  <connections type="routesTo">
    <source href="assembly.xml#CreateSettings"/>
    <target href="assembly.xml#AggregatorDOCX"/>
  </connections>
  <connections type="routesTo">
    <source href="assembly.xml#//@beans/@mixed.1/@route.4/@subRoute.17"/>
    <target href="assembly.xml#CreateStyles"/>
  </connections>
  <connections type="routesTo">
    <source href="assembly.xml#//@beans/@mixed.1/@route.4/@subRoute.16"/>
    <target href="assembly.xml#CreateSettings"/>
  </connections>
  <connections type="routesTo">
    <source href="assembly.xml#//@beans/@mixed.1/@route.4/@subRoute.18"/>
    <target href="assembly.xml#CreateStylesWithEffects"/>
  </connections>
  <connections type="routesTo">
    <source href="assembly.xml#//@beans/@mixed.1/@route.4/@subRoute.19"/>
    <target href="assembly.xml#CreateWebSettings"/>
  </connections>
  <connections type="routesTo">
    <source href="assembly.xml#CreateDocument"/>
    <target href="assembly.xml#AggregatorDOCX"/>
  </connections>
  <connections type="routesTo" sourceAnchorX="0.6622516556291391" sourceAnchorY="1.0" targetAnchorX="0.2459016393442623" targetAnchorY="0.648936170212766">
    <source href="assembly.xml#//@beans/@mixed.1/@route.4/@subRoute.20"/>
    <target href="assembly.xml#CreateItem1"/>
  </connections>
  <connections type="routesTo" sourceAnchorX="0.8410596026490066" sourceAnchorY="1.0" targetAnchorX="0.18181818181818182" targetAnchorY="0.574468085106383">
    <source href="assembly.xml#//@beans/@mixed.1/@route.4/@subRoute.21"/>
    <target href="assembly.xml#CreateItemProps1"/>
  </connections>
  <connections type="routesTo" sourceAnchorX="0.9403973509933775" sourceAnchorY="1.0" targetAnchorX="0.36627906976744184" targetAnchorY="0.5638297872340425">
    <source href="assembly.xml#//@beans/@mixed.1/@route.4/@subRoute.22"/>
    <target href="assembly.xml#CreateCustomXMLRels"/>
  </connections>
  <connections type="routesTo">
    <source href="assembly.xml#CreateItem1"/>
    <target href="assembly.xml#AggregatorDOCX"/>
  </connections>
  <connections type="routesTo">
    <source href="assembly.xml#CreateItemProps1"/>
    <target href="assembly.xml#AggregatorDOCX"/>
  </connections>
  <connections type="routesTo">
    <source href="assembly.xml#CreateCustomXMLRels"/>
    <target href="assembly.xml#AggregatorDOCX"/>
  </connections>
  <connections type="routesTo" sourceAnchorX="0.909433962264151" sourceAnchorY="1.0" targetAnchorX="0.29739776951672864" targetAnchorY="0.432">
    <source href="assembly.xml#CompilePendingItemText"/>
    <target href="assembly.xml#TransformValidationErrorsToText"/>
  </connections>
  <connections type="routesTo" sourceAnchorX="0.9369747899159664" sourceAnchorY="1.0" targetAnchorX="0.07083333333333333" targetAnchorY="0.6216216216216216">
    <source href="assembly.xml#//@beans/@mixed.1/@mixed.411/@mixed.3"/>
    <target href="assembly.xml#Error-CompilePendingItemText"/>
  </connections>
  <connections type="routesResponseTo">
    <source href="assembly.xml#Call-GenerateGoLiveTransitionDocuments"/>
    <target href="assembly.xml#Call-CompilePendingItemText"/>
  </connections>
  <connections type="routesTo" sourceAnchorX="0.8516746411483254" sourceAnchorY="1.0" targetAnchorX="0.12244897959183673">
    <source href="assembly.xml#UpdateIDBPendingItems"/>
    <target href="assembly.xml#SetupPendingItems"/>
  </connections>
  <connections type="routesTo" sourceAnchorX="0.9369747899159664" sourceAnchorY="1.0" targetAnchorX="0.07083333333333333" targetAnchorY="0.6216216216216216">
    <source href="assembly.xml#//@beans/@mixed.1/@mixed.415/@mixed.3"/>
    <target href="assembly.xml#Error-UpdateIDBPendingItems"/>
  </connections>
  <connections type="routesResponseTo" targetAnchorX="0.47368421052631576" targetAnchorY="0.5675675675675675">
    <source href="assembly.xml#Call-GenerateDependenciesFile"/>
    <target href="assembly.xml#Call-GenerateLaunchParameterGuide"/>
  </connections>
  <connections type="routesTo">
    <source href="assembly.xml#SetupPendingItems"/>
    <target href="assembly.xml#LoopThroughIntegrationIDs"/>
  </connections>
  <connections type="routesTo">
    <source href="assembly.xml#IDBPendingItemRequest"/>
    <target href="assembly.xml#HttpOutIDBPendingItem"/>
  </connections>
  <connections type="routesTo" sourceAnchorX="0.45" sourceAnchorY="1.0" targetAnchorX="0.3723404255319149" targetAnchorY="0.448">
    <source href="assembly.xml#//@beans/@mixed.1/@route.5/@subRoute.0"/>
    <target href="assembly.xml#IDBPendingItemRequest"/>
  </connections>
  <connections type="routesTo" sourceAnchorX="0.30386740331491713" sourceAnchorY="1.0" targetAnchorX="0.8711111111111111" targetAnchorY="0.40540540540540543">
    <source href="assembly.xml#//@beans/@mixed.1/@mixed.427/@mixed.3"/>
    <target href="assembly.xml#Error-UpdateIDBPendingItems"/>
  </connections>
  <connections type="routesTo" sourceAnchorX="0.909433962264151" sourceAnchorY="1.0" targetAnchorX="0.29739776951672864" targetAnchorY="0.432">
    <source href="assembly.xml#GroupObjectsByIntegrationID"/>
    <target href="assembly.xml#TransformValidationErrorsToText0"/>
  </connections>
  <connections type="routesTo" sourceAnchorX="0.9369747899159664" sourceAnchorY="1.0" targetAnchorX="0.07083333333333333" targetAnchorY="0.6216216216216216">
    <source href="assembly.xml#//@beans/@mixed.1/@mixed.433/@mixed.3"/>
    <target href="assembly.xml#Error-CompilePendingItemText0"/>
  </connections>
  <connections type="routesTo" sourceAnchorX="0.625" sourceAnchorY="1.0" targetAnchorX="0.5448717948717948" targetAnchorY="0.1509433962264151">
    <source href="assembly.xml#StoreFileBasedOnParameters"/>
    <target href="assembly.xml#AggregatorMasterZip"/>
  </connections>
  <connections type="routesTo" sourceAnchorX="0.839622641509434" sourceAnchorY="1.0" targetAnchorX="0.19230769230769232" targetAnchorY="0.5638297872340425">
    <source href="assembly.xml#StoreFile"/>
    <target href="assembly.xml#StoreFileBasedOnParameters"/>
  </connections>
  <connections type="routesTo" sourceAnchorX="1.0" sourceAnchorY="0.32075471698113206" targetAnchorX="0.384" targetAnchorY="0.3404255319148936">
    <source href="assembly.xml#AggregatorMasterZip"/>
    <target href="assembly.xml#StoreMasterZip"/>
  </connections>
  <connections type="routesTo" sourceAnchorX="0.7669902912621359" sourceAnchorY="1.0" targetAnchorX="0.32051282051282054" targetAnchorY="0.5471698113207547">
    <source href="assembly.xml#StoreZip"/>
    <target href="assembly.xml#AggregatorMasterZip"/>
  </connections>
  <connections type="routesResponseTo">
    <source href="assembly.xml#Call-UpdateIDBPendingItems"/>
    <target href="assembly.xml#Call-StoreZip"/>
  </connections>
  <connections type="routesResponseTo">
    <source href="assembly.xml#Call-ConvertToXLSX-Dependencies"/>
    <target href="assembly.xml#Call-StoreFile-Dependencies"/>
  </connections>
  <connections type="routesResponseTo">
    <source href="assembly.xml#Call-ConvertToDOCX-TestingTransition"/>
    <target href="assembly.xml#Call-StoreFile-TestingTransition"/>
  </connections>
  <connections type="routesResponseTo">
    <source href="assembly.xml#Call-ConvertToXLSX-LPGuide"/>
    <target href="assembly.xml#Call-StoreFile-LPGuide"/>
  </connections>
  <connections type="routesTo" sourceAnchorX="1.0" sourceAnchorY="0.1702127659574468" targetAnchorX="0.12698412698412698" targetAnchorY="0.40540540540540543">
    <source href="assembly.xml#TransformToWorkbookXML-LPGuide"/>
    <target href="assembly.xml#Call-ConvertToXLSX-LPGuide"/>
  </connections>
  <connections type="routesTo" sourceAnchorX="0.8516746411483254" sourceAnchorY="1.0" targetAnchorX="0.12244897959183673">
    <source href="assembly.xml#GenerateLaunchParameterGuide"/>
    <target href="assembly.xml#TransformToWorkbookXML-LPGuide"/>
  </connections>
  <connections type="routesTo" sourceAnchorX="0.9369747899159664" sourceAnchorY="1.0" targetAnchorX="0.07083333333333333" targetAnchorY="0.6216216216216216">
    <source href="assembly.xml#//@beans/@mixed.1/@mixed.461/@mixed.3"/>
    <target href="assembly.xml#Error-GenerateLPGuide"/>
  </connections>
  <connections type="routesResponseTo">
    <source href="assembly.xml#Call-GenerateTestingDocuments"/>
    <target href="assembly.xml#Call-UpdateIDBPendingItems"/>
  </connections>
  <connections type="routesResponseTo">
    <source href="assembly.xml#Call-GenerateLaunchParameterGuide"/>
    <target href="assembly.xml#Call-GenerateTestingDocuments"/>
  </connections>
  <connections type="routesTo">
    <source href="assembly.xml#//@beans/@mixed.1/@splitter.6/@subRoute.0"/>
    <target href="assembly.xml#SetDocProps"/>
  </connections>
  <connections type="routesTo">
    <source href="assembly.xml#SetDocProps"/>
    <target href="assembly.xml#Call-ConvertToDOCX-TestingTransition"/>
  </connections>
  <connections type="routesTo" sourceAnchorX="0.8514851485148515" sourceAnchorY="1.0" targetAnchorY="0.875">
    <source href="assembly.xml#//@beans/@mixed.1/@route.6/@subRoute.0"/>
    <target href="assembly.xml#GetIndividualResponse"/>
  </connections>
  <connections type="routesTo" sourceAnchorX="1.0" sourceAnchorY="0.4117647058823529" targetAnchorX="0.5196850393700787" targetAnchorY="0.6847826086956522">
    <source href="assembly.xml#//@beans/@mixed.1/@route.6/@subRoute.1"/>
    <target href="assembly.xml#SkipReport"/>
  </connections>
  <connections type="routesResponseTo" sourceAnchorX="0.7777777777777778" sourceAnchorY="1.0" targetAnchorX="0.32867132867132864" targetAnchorY="0.2916666666666667">
    <source href="assembly.xml#WarnIDBCallFailed"/>
    <target href="assembly.xml#BackupPlanWithProps"/>
  </connections>
  <connections type="routesTo" sourceAnchorX="0.9629629629629629" sourceAnchorY="0.6145833333333334" targetAnchorX="0.03278688524590164" targetAnchorY="0.5520833333333334">
    <source href="assembly.xml#BackupPlanWithProps"/>
    <target href="assembly.xml#ProcessJSON"/>
  </connections>
</wdnm:Diagram>
