<?xml version='1.0' encoding='UTF-8'?><wd:WorkdayIn_Config xmlns:wd="urn:com.workday/bsvc" wd:version="v17"><wd:Get_Custom_Integration_Services_Response wd:version="v17"><wd:Request_References><wd:Custom_Integration_Service_Reference wd:Descriptor="Globoforce_Outbound_SeqGen"><wd:ID wd:type="WID">115614c5c56545099612a8630ecf6b71</wd:ID><wd:ID wd:type="Integration_Service_Name">Globoforce_Outbound_SeqGen</wd:ID></wd:Custom_Integration_Service_Reference><wd:Custom_Integration_Service_Reference wd:Descriptor="Globoforce_Attribs_Maps"><wd:ID wd:type="WID">f29ec650c08542798bc762ea98b3aab9</wd:ID><wd:ID wd:type="Integration_Service_Name">Globoforce_Attribs_Maps</wd:ID></wd:Custom_Integration_Service_Reference><wd:Custom_Integration_Service_Reference wd:Descriptor="GlobOutDelivery"><wd:ID wd:type="WID">97b5b01b6adc4eedbf9ccca17803ceff</wd:ID><wd:ID wd:type="Integration_Service_Name">GlobOutDelivery</wd:ID></wd:Custom_Integration_Service_Reference></wd:Request_References><wd:Response_Results><wd:Total_Results>3</wd:Total_Results><wd:Total_Pages>1</wd:Total_Pages><wd:Page_Results>3</wd:Page_Results><wd:Page>1</wd:Page></wd:Response_Results><wd:Response_Data><wd:Custom_Integration_Service><wd:Custom_Integration_Service_Reference wd:Descriptor="Globoforce_Outbound_SeqGen"><wd:ID wd:type="WID">115614c5c56545099612a8630ecf6b71</wd:ID><wd:ID wd:type="Integration_Service_Name">Globoforce_Outbound_SeqGen</wd:ID></wd:Custom_Integration_Service_Reference><wd:Custom_Integration_Service_Data><wd:Name>Globoforce_Outbound_SeqGen</wd:Name><wd:Custom_Sequence_Generator_Service_Data><wd:Custom_Sequencer_Data><wd:Integration_Sequencer_Name>Globoforce_Outbound_SeqGen</wd:Integration_Sequencer_Name></wd:Custom_Sequencer_Data></wd:Custom_Sequence_Generator_Service_Data></wd:Custom_Integration_Service_Data></wd:Custom_Integration_Service><wd:Custom_Integration_Service><wd:Custom_Integration_Service_Reference wd:Descriptor="Globoforce_Attribs_Maps"><wd:ID wd:type="WID">f29ec650c08542798bc762ea98b3aab9</wd:ID><wd:ID wd:type="Integration_Service_Name">Globoforce_Attribs_Maps</wd:ID></wd:Custom_Integration_Service_Reference><wd:Custom_Integration_Service_Data><wd:Name>Globoforce_Attribs_Maps</wd:Name><wd:Custom_Generic_Service_Data><wd:Custom_Attribute_Data><wd:Order>1</wd:Order><wd:Name>HR Manager ID Role Type</wd:Name><wd:Data_Type_External_Field_Reference wd:Descriptor="Text"><wd:ID wd:type="WID">eb1c24f5b33d4ed48d1d676d6edbee23</wd:ID></wd:Data_Type_External_Field_Reference><wd:Display_Option_Reference wd:Descriptor="Required for Launch"><wd:ID wd:type="WID">d2db5d86446c11de98360015c5e6daf6</wd:ID><wd:ID wd:type="Display_Option_Name">Required for Launch</wd:ID></wd:Display_Option_Reference></wd:Custom_Attribute_Data><wd:Custom_Attribute_Data><wd:Order>10</wd:Order><wd:Name>Level That Represents Business Unit</wd:Name><wd:Data_Type_External_Field_Reference wd:Descriptor="Text"><wd:ID wd:type="WID">eb1c24f5b33d4ed48d1d676d6edbee23</wd:ID></wd:Data_Type_External_Field_Reference><wd:Display_Option_Reference wd:Descriptor="Required for Launch"><wd:ID wd:type="WID">d2db5d86446c11de98360015c5e6daf6</wd:ID><wd:ID wd:type="Display_Option_Name">Required for Launch</wd:ID></wd:Display_Option_Reference><wd:Integration_Attribute_Value_Data><wd:Text>3</wd:Text></wd:Integration_Attribute_Value_Data></wd:Custom_Attribute_Data><wd:Custom_Attribute_Data><wd:Order>11</wd:Order><wd:Name>Default Address Postal_Code</wd:Name><wd:Data_Type_External_Field_Reference wd:Descriptor="Text"><wd:ID wd:type="WID">eb1c24f5b33d4ed48d1d676d6edbee23</wd:ID></wd:Data_Type_External_Field_Reference><wd:Display_Option_Reference wd:Descriptor="Required for Launch"><wd:ID wd:type="WID">d2db5d86446c11de98360015c5e6daf6</wd:ID><wd:ID wd:type="Display_Option_Name">Required for Launch</wd:ID></wd:Display_Option_Reference></wd:Custom_Attribute_Data><wd:Custom_Attribute_Data><wd:Order>2</wd:Order><wd:Name>Custom Report Owner</wd:Name><wd:Data_Type_External_Field_Reference wd:Descriptor="Text"><wd:ID wd:type="WID">eb1c24f5b33d4ed48d1d676d6edbee23</wd:ID></wd:Data_Type_External_Field_Reference><wd:Display_Option_Reference wd:Descriptor="Required for Launch"><wd:ID wd:type="WID">d2db5d86446c11de98360015c5e6daf6</wd:ID><wd:ID wd:type="Display_Option_Name">Required for Launch</wd:ID></wd:Display_Option_Reference></wd:Custom_Attribute_Data><wd:Custom_Attribute_Data><wd:Order>3</wd:Order><wd:Name>Hire Date</wd:Name><wd:Data_Type_Enumeration_Definition_Reference wd:Descriptor="Hire Date"><wd:ID wd:type="WID">4c6ccd8c21e94afe89fbce121a894c45</wd:ID><wd:ID wd:type="Integration_Enumeration_Definition_ID">Hire Date</wd:ID></wd:Data_Type_Enumeration_Definition_Reference><wd:Display_Option_Reference wd:Descriptor="Required for Launch"><wd:ID wd:type="WID">d2db5d86446c11de98360015c5e6daf6</wd:ID><wd:ID wd:type="Display_Option_Name">Required for Launch</wd:ID></wd:Display_Option_Reference><wd:Integration_Attribute_Value_Data><wd:Text>Original Hire Date</wd:Text></wd:Integration_Attribute_Value_Data></wd:Custom_Attribute_Data><wd:Custom_Attribute_Data><wd:Order>4</wd:Order><wd:Name>Default Address Line 1</wd:Name><wd:Data_Type_External_Field_Reference wd:Descriptor="Text"><wd:ID wd:type="WID">eb1c24f5b33d4ed48d1d676d6edbee23</wd:ID></wd:Data_Type_External_Field_Reference><wd:Display_Option_Reference wd:Descriptor="Required for Launch"><wd:ID wd:type="WID">d2db5d86446c11de98360015c5e6daf6</wd:ID><wd:ID wd:type="Display_Option_Name">Required for Launch</wd:ID></wd:Display_Option_Reference></wd:Custom_Attribute_Data><wd:Custom_Attribute_Data><wd:Order>5</wd:Order><wd:Name>Default Address Line 2</wd:Name><wd:Data_Type_External_Field_Reference wd:Descriptor="Text"><wd:ID wd:type="WID">eb1c24f5b33d4ed48d1d676d6edbee23</wd:ID></wd:Data_Type_External_Field_Reference><wd:Display_Option_Reference wd:Descriptor="Required for Launch"><wd:ID wd:type="WID">d2db5d86446c11de98360015c5e6daf6</wd:ID><wd:ID wd:type="Display_Option_Name">Required for Launch</wd:ID></wd:Display_Option_Reference></wd:Custom_Attribute_Data><wd:Custom_Attribute_Data><wd:Order>6</wd:Order><wd:Name>Default Address Line 3</wd:Name><wd:Data_Type_External_Field_Reference wd:Descriptor="Text"><wd:ID wd:type="WID">eb1c24f5b33d4ed48d1d676d6edbee23</wd:ID></wd:Data_Type_External_Field_Reference><wd:Display_Option_Reference wd:Descriptor="Required for Launch"><wd:ID wd:type="WID">d2db5d86446c11de98360015c5e6daf6</wd:ID><wd:ID wd:type="Display_Option_Name">Required for Launch</wd:ID></wd:Display_Option_Reference></wd:Custom_Attribute_Data><wd:Custom_Attribute_Data><wd:Order>7</wd:Order><wd:Name>Default Address City</wd:Name><wd:Data_Type_External_Field_Reference wd:Descriptor="Text"><wd:ID wd:type="WID">eb1c24f5b33d4ed48d1d676d6edbee23</wd:ID></wd:Data_Type_External_Field_Reference><wd:Display_Option_Reference wd:Descriptor="Required for Launch"><wd:ID wd:type="WID">d2db5d86446c11de98360015c5e6daf6</wd:ID><wd:ID wd:type="Display_Option_Name">Required for Launch</wd:ID></wd:Display_Option_Reference></wd:Custom_Attribute_Data><wd:Custom_Attribute_Data><wd:Order>8</wd:Order><wd:Name>Default Address State_Province</wd:Name><wd:Data_Type_External_Field_Reference wd:Descriptor="Text"><wd:ID wd:type="WID">eb1c24f5b33d4ed48d1d676d6edbee23</wd:ID></wd:Data_Type_External_Field_Reference><wd:Display_Option_Reference wd:Descriptor="Required for Launch"><wd:ID wd:type="WID">d2db5d86446c11de98360015c5e6daf6</wd:ID><wd:ID wd:type="Display_Option_Name">Required for Launch</wd:ID></wd:Display_Option_Reference></wd:Custom_Attribute_Data><wd:Custom_Attribute_Data><wd:Order>9</wd:Order><wd:Name>Default Address Country</wd:Name><wd:Data_Type_External_Field_Reference wd:Descriptor="Text"><wd:ID wd:type="WID">eb1c24f5b33d4ed48d1d676d6edbee23</wd:ID></wd:Data_Type_External_Field_Reference><wd:Display_Option_Reference wd:Descriptor="Required for Launch"><wd:ID wd:type="WID">d2db5d86446c11de98360015c5e6daf6</wd:ID><wd:ID wd:type="Display_Option_Name">Required for Launch</wd:ID></wd:Display_Option_Reference></wd:Custom_Attribute_Data></wd:Custom_Generic_Service_Data></wd:Custom_Integration_Service_Data></wd:Custom_Integration_Service><wd:Custom_Integration_Service><wd:Custom_Integration_Service_Reference wd:Descriptor="GlobOutDelivery"><wd:ID wd:type="WID">97b5b01b6adc4eedbf9ccca17803ceff</wd:ID><wd:ID wd:type="Integration_Service_Name">GlobOutDelivery</wd:ID></wd:Custom_Integration_Service_Reference><wd:Custom_Integration_Service_Data><wd:Name>GlobOutDelivery</wd:Name><wd:Custom_Delivery_Service_Data><wd:Delivery_Service>true</wd:Delivery_Service></wd:Custom_Delivery_Service_Data></wd:Custom_Integration_Service_Data></wd:Custom_Integration_Service></wd:Response_Data></wd:Get_Custom_Integration_Services_Response><wd:Get_Integration_Enumeration_Definitions_Response wd:version="v17"><wd:Request_References><wd:Integration_Enumeration_Definition_Reference wd:Descriptor="Hire Date"><wd:ID wd:type="WID">4c6ccd8c21e94afe89fbce121a894c45</wd:ID><wd:ID wd:type="Integration_Enumeration_Definition_ID">Hire Date</wd:ID></wd:Integration_Enumeration_Definition_Reference></wd:Request_References><wd:Response_Results><wd:Total_Results>1</wd:Total_Results><wd:Total_Pages>1</wd:Total_Pages><wd:Page_Results>1</wd:Page_Results><wd:Page>1</wd:Page></wd:Response_Results><wd:Response_Data><wd:Integration_Enumeration_Definition><wd:Integration_Enumeration_Definition_Reference wd:Descriptor="Hire Date"><wd:ID wd:type="WID">4c6ccd8c21e94afe89fbce121a894c45</wd:ID><wd:ID wd:type="Integration_Enumeration_Definition_ID">Hire Date</wd:ID></wd:Integration_Enumeration_Definition_Reference><wd:Integration_Enumeration_Definition_Data><wd:Name>Hire Date</wd:Name><wd:Valid_Value><wd:Valid_Value_Reference wd:Descriptor="Hire Date / Continuous Service Date"><wd:ID wd:type="WID">808e1c98edb74753a011061172935a31</wd:ID><wd:ID wd:parent_type="Integration_Enumeration_Definition_ID" wd:parent_id="Hire Date" wd:type="Integration_Enumeration_ID">Continuous Service Date</wd:ID></wd:Valid_Value_Reference><wd:Valid_Value_Data><wd:Valid_Value>Continuous Service Date</wd:Valid_Value></wd:Valid_Value_Data></wd:Valid_Value><wd:Valid_Value><wd:Valid_Value_Reference wd:Descriptor="Hire Date / Hire Date"><wd:ID wd:type="WID">65c3e27600c74ec593c86e9aa8c37f63</wd:ID><wd:ID wd:parent_type="Integration_Enumeration_Definition_ID" wd:parent_id="Hire Date" wd:type="Integration_Enumeration_ID">Hire Date</wd:ID></wd:Valid_Value_Reference><wd:Valid_Value_Data><wd:Valid_Value>Hire Date</wd:Valid_Value></wd:Valid_Value_Data></wd:Valid_Value><wd:Valid_Value><wd:Valid_Value_Reference wd:Descriptor="Hire Date / Original Hire Date"><wd:ID wd:type="WID">34df81370e364f23a2e376f903eb9269</wd:ID><wd:ID wd:parent_type="Integration_Enumeration_Definition_ID" wd:parent_id="Hire Date" wd:type="Integration_Enumeration_ID">Original Hire Date</wd:ID></wd:Valid_Value_Reference><wd:Valid_Value_Data><wd:Valid_Value>Original Hire Date</wd:Valid_Value></wd:Valid_Value_Data></wd:Valid_Value></wd:Integration_Enumeration_Definition_Data></wd:Integration_Enumeration_Definition></wd:Response_Data></wd:Get_Integration_Enumeration_Definitions_Response><wd:Get_Integration_Systems_Response wd:version="v17"><wd:Request_References><wd:Integration_System_Reference wd:Descriptor="Globoforce_Outbound"><wd:ID wd:type="WID">0e026ede817b4637af0114ac7ef526b6</wd:ID><wd:ID wd:type="Integration_System_ID">Globoforce_Outbound/Globoforce_Outbound/Start</wd:ID></wd:Integration_System_Reference></wd:Request_References><wd:Response_Results><wd:Total_Results>1</wd:Total_Results><wd:Total_Pages>1</wd:Total_Pages><wd:Page_Results>1</wd:Page_Results><wd:Page>1</wd:Page></wd:Response_Results><wd:Response_Data><wd:Integration_System><wd:Integration_System_Reference wd:Descriptor="Globoforce_Outbound"><wd:ID wd:type="WID">0e026ede817b4637af0114ac7ef526b6</wd:ID><wd:ID wd:type="Integration_System_ID">Globoforce_Outbound/Globoforce_Outbound/Start</wd:ID></wd:Integration_System_Reference><wd:Integration_System_Data><wd:Integration_System_ID>Globoforce_Outbound/Globoforce_Outbound/Start</wd:Integration_System_ID><wd:Integration_System_Name>Globoforce_Outbound</wd:Integration_System_Name><wd:Integration_Template_Reference wd:Descriptor="Cloud Integration Template"><wd:ID wd:type="WID">ce31b92bca0144ab8db330a07b0912fe</wd:ID><wd:ID wd:type="Integration_Template_Name">Cloud Integration Template</wd:ID></wd:Integration_Template_Reference><wd:Integration_Service_Data wd:Enabled="true" wd:WID="51606ba6c58a4d3fa4b91752ac450764"><wd:Integration_Service_Reference wd:Descriptor="Cloud Integration Broker"><wd:ID wd:type="WID">641a9b60ac0a4801bed461ac01c5c316</wd:ID><wd:ID wd:type="Workday_Integration_Service_Name">Cloud Integration Broker</wd:ID></wd:Integration_Service_Reference></wd:Integration_Service_Data><wd:Integration_Service_Data wd:Enabled="true" wd:WID="7572d28008204f27a0abd8722f29adf8"><wd:Integration_Service_Reference wd:Descriptor="Globoforce_Attribs_Maps"><wd:ID wd:type="WID">f29ec650c08542798bc762ea98b3aab9</wd:ID><wd:ID wd:type="Integration_Service_Name">Globoforce_Attribs_Maps</wd:ID></wd:Integration_Service_Reference></wd:Integration_Service_Data><wd:Integration_Service_Data wd:Enabled="true" wd:WID="b036747a6ae2497aa7662db87efa4f9b"><wd:Integration_Service_Reference wd:Descriptor="Globoforce_Outbound_SeqGen"><wd:ID wd:type="WID">115614c5c56545099612a8630ecf6b71</wd:ID><wd:ID wd:type="Integration_Service_Name">Globoforce_Outbound_SeqGen</wd:ID></wd:Integration_Service_Reference><wd:Integration_Sequence_Generator_Service_Data><wd:Integration_Sequencer_Reference wd:Descriptor="Globoforce_Outbound_SeqGen"><wd:ID wd:type="WID">a0e28d91463f4af2a4c0669d9e783ab2</wd:ID><wd:ID wd:parent_type="Integration_Service_Name" wd:parent_id="Globoforce_Outbound_SeqGen" wd:type="Integration_Sequencer_Name">Globoforce_Outbound_SeqGen</wd:ID></wd:Integration_Sequencer_Reference><wd:Sequence_Generator_Reference wd:Descriptor="Globoforce_Outbound_SeqGen (Globoforce_EmployeeDetails_20120724083204.txt)"><wd:ID wd:type="WID">9d5de2cf0f6f43dcb4ec64ea1c77d318</wd:ID><wd:ID wd:type="Sequence_Generator_ID">SEQUENCE_GENERATOR-1-48</wd:ID></wd:Sequence_Generator_Reference></wd:Integration_Sequence_Generator_Service_Data></wd:Integration_Service_Data><wd:Integration_Service_Data wd:Enabled="true" wd:WID="d6b7d5a2d4c342e09c8d05762c19423f"><wd:Integration_Service_Reference wd:Descriptor="GlobOutDelivery"><wd:ID wd:type="WID">97b5b01b6adc4eedbf9ccca17803ceff</wd:ID><wd:ID wd:type="Integration_Service_Name">GlobOutDelivery</wd:ID></wd:Integration_Service_Reference></wd:Integration_Service_Data><wd:Integration_Attributes_Data><wd:Integration_Attribute_Provider_Reference wd:Descriptor="Cloud Integration Broker"><wd:ID wd:type="Workday_Integration_Service_Name">Cloud Integration Broker</wd:ID><wd:ID wd:type="WID">641a9b60ac0a4801bed461ac01c5c316</wd:ID></wd:Integration_Attribute_Provider_Reference><wd:Integration_Attribute_Data><wd:Integration_Attribute_Reference wd:Descriptor="Cloud Integration Broker / WorkdayIn Connector ID"><wd:ID wd:type="Workday_Integration_Attribute_Name" wd:parent_type="Workday_Integration_Service_Name" wd:parent_id="Cloud Integration Broker">WorkdayIn Connector ID</wd:ID><wd:ID wd:type="Workday_Integration_Attribute_Name" wd:parent_type="WID" wd:parent_id="641a9b60ac0a4801bed461ac01c5c316">WorkdayIn Connector ID</wd:ID><wd:ID wd:type="WID">eae8e3ee27fc43b580097fd284f168aa</wd:ID></wd:Integration_Attribute_Reference><wd:Integration_Attribute_Name>WorkdayIn Connector ID</wd:Integration_Attribute_Name><wd:Integration_Attribute_Value_Data><wd:Text>Globoforce_Outbound/Start</wd:Text></wd:Integration_Attribute_Value_Data></wd:Integration_Attribute_Data></wd:Integration_Attributes_Data><wd:Integration_Attributes_Data><wd:Integration_Attribute_Provider_Reference wd:Descriptor="Globoforce_Attribs_Maps"><wd:ID wd:type="Integration_Service_Name">Globoforce_Attribs_Maps</wd:ID><wd:ID wd:type="WID">f29ec650c08542798bc762ea98b3aab9</wd:ID></wd:Integration_Attribute_Provider_Reference><wd:Integration_Attribute_Data><wd:Integration_Attribute_Reference wd:Descriptor="Globoforce_Attribs_Maps / HR Manager ID Role Type"><wd:ID wd:type="Integration_Attribute_Name" wd:parent_type="Integration_Service_Name" wd:parent_id="Globoforce_Attribs_Maps">HR Manager ID Role Type</wd:ID><wd:ID wd:type="Integration_Attribute_Name" wd:parent_type="WID" wd:parent_id="f29ec650c08542798bc762ea98b3aab9">HR Manager ID Role Type</wd:ID><wd:ID wd:type="WID">b4727ca13afc469b8b2ad635b8b7e1c5</wd:ID></wd:Integration_Attribute_Reference><wd:Integration_Attribute_Name>HR Manager ID Role Type</wd:Integration_Attribute_Name><wd:Integration_Attribute_Value_Data><wd:Text>Manager</wd:Text></wd:Integration_Attribute_Value_Data></wd:Integration_Attribute_Data><wd:Integration_Attribute_Data><wd:Integration_Attribute_Reference wd:Descriptor="Globoforce_Attribs_Maps / Level That Represents Business Unit"><wd:ID wd:type="Integration_Attribute_Name" wd:parent_type="Integration_Service_Name" wd:parent_id="Globoforce_Attribs_Maps">Level That Represents Business Unit</wd:ID><wd:ID wd:type="Integration_Attribute_Name" wd:parent_type="WID" wd:parent_id="f29ec650c08542798bc762ea98b3aab9">Level That Represents Business Unit</wd:ID><wd:ID wd:type="WID">d62109e5c0c748bf858d0d15abc17c0d</wd:ID></wd:Integration_Attribute_Reference><wd:Integration_Attribute_Name>Level That Represents Business Unit</wd:Integration_Attribute_Name><wd:Integration_Attribute_Value_Data><wd:Text>3</wd:Text></wd:Integration_Attribute_Value_Data></wd:Integration_Attribute_Data><wd:Integration_Attribute_Data><wd:Integration_Attribute_Reference wd:Descriptor="Globoforce_Attribs_Maps / Default Address Postal_Code"><wd:ID wd:type="Integration_Attribute_Name" wd:parent_type="Integration_Service_Name" wd:parent_id="Globoforce_Attribs_Maps">Default Address Postal_Code</wd:ID><wd:ID wd:type="Integration_Attribute_Name" wd:parent_type="WID" wd:parent_id="f29ec650c08542798bc762ea98b3aab9">Default Address Postal_Code</wd:ID><wd:ID wd:type="WID">7e6efebc41a1402890b7fc0116a050eb</wd:ID></wd:Integration_Attribute_Reference><wd:Integration_Attribute_Name>Default Address Postal_Code</wd:Integration_Attribute_Name><wd:Integration_Attribute_Value_Data><wd:Text>12345</wd:Text></wd:Integration_Attribute_Value_Data></wd:Integration_Attribute_Data><wd:Integration_Attribute_Data><wd:Integration_Attribute_Reference wd:Descriptor="Globoforce_Attribs_Maps / Custom Report Owner"><wd:ID wd:type="Integration_Attribute_Name" wd:parent_type="Integration_Service_Name" wd:parent_id="Globoforce_Attribs_Maps">Custom Report Owner</wd:ID><wd:ID wd:type="Integration_Attribute_Name" wd:parent_type="WID" wd:parent_id="f29ec650c08542798bc762ea98b3aab9">Custom Report Owner</wd:ID><wd:ID wd:type="WID">fab22691c7b9435786efba123317c50e</wd:ID></wd:Integration_Attribute_Reference><wd:Integration_Attribute_Name>Custom Report Owner</wd:Integration_Attribute_Name><wd:Integration_Attribute_Value_Data><wd:Text>dpatel-impl</wd:Text></wd:Integration_Attribute_Value_Data></wd:Integration_Attribute_Data><wd:Integration_Attribute_Data><wd:Integration_Attribute_Reference wd:Descriptor="Globoforce_Attribs_Maps / Hire Date"><wd:ID wd:type="Integration_Attribute_Name" wd:parent_type="Integration_Service_Name" wd:parent_id="Globoforce_Attribs_Maps">Hire Date</wd:ID><wd:ID wd:type="Integration_Attribute_Name" wd:parent_type="WID" wd:parent_id="f29ec650c08542798bc762ea98b3aab9">Hire Date</wd:ID><wd:ID wd:type="WID">b456cdb7514142d99833f4ff4aaf95bb</wd:ID></wd:Integration_Attribute_Reference><wd:Integration_Attribute_Name>Hire Date</wd:Integration_Attribute_Name><wd:Integration_Attribute_Value_Data><wd:Text>Original Hire Date</wd:Text></wd:Integration_Attribute_Value_Data></wd:Integration_Attribute_Data><wd:Integration_Attribute_Data><wd:Integration_Attribute_Reference wd:Descriptor="Globoforce_Attribs_Maps / Default Address Line 1"><wd:ID wd:type="Integration_Attribute_Name" wd:parent_type="Integration_Service_Name" wd:parent_id="Globoforce_Attribs_Maps">Default Address Line 1</wd:ID><wd:ID wd:type="Integration_Attribute_Name" wd:parent_type="WID" wd:parent_id="f29ec650c08542798bc762ea98b3aab9">Default Address Line 1</wd:ID><wd:ID wd:type="WID">265d03f69af24cd1a543eda5b0b91026</wd:ID></wd:Integration_Attribute_Reference><wd:Integration_Attribute_Name>Default Address Line 1</wd:Integration_Attribute_Name><wd:Integration_Attribute_Value_Data><wd:Text>6211 Stoneridge Mall Road</wd:Text></wd:Integration_Attribute_Value_Data></wd:Integration_Attribute_Data><wd:Integration_Attribute_Data><wd:Integration_Attribute_Reference wd:Descriptor="Globoforce_Attribs_Maps / Default Address Line 2"><wd:ID wd:type="Integration_Attribute_Name" wd:parent_type="Integration_Service_Name" wd:parent_id="Globoforce_Attribs_Maps">Default Address Line 2</wd:ID><wd:ID wd:type="Integration_Attribute_Name" wd:parent_type="WID" wd:parent_id="f29ec650c08542798bc762ea98b3aab9">Default Address Line 2</wd:ID><wd:ID wd:type="WID">26453a8eb25b4043a2c2083b3f4fccb4</wd:ID></wd:Integration_Attribute_Reference><wd:Integration_Attribute_Name>Default Address Line 2</wd:Integration_Attribute_Name><wd:Integration_Attribute_Value_Data><wd:Text>Suite 200</wd:Text></wd:Integration_Attribute_Value_Data></wd:Integration_Attribute_Data><wd:Integration_Attribute_Data><wd:Integration_Attribute_Reference wd:Descriptor="Globoforce_Attribs_Maps / Default Address Line 3"><wd:ID wd:type="Integration_Attribute_Name" wd:parent_type="Integration_Service_Name" wd:parent_id="Globoforce_Attribs_Maps">Default Address Line 3</wd:ID><wd:ID wd:type="Integration_Attribute_Name" wd:parent_type="WID" wd:parent_id="f29ec650c08542798bc762ea98b3aab9">Default Address Line 3</wd:ID><wd:ID wd:type="WID">2cc1faf7ed1f4cefa14743136e76a099</wd:ID></wd:Integration_Attribute_Reference><wd:Integration_Attribute_Name>Default Address Line 3</wd:Integration_Attribute_Name><wd:Integration_Attribute_Value_Data><wd:Text>blanks</wd:Text></wd:Integration_Attribute_Value_Data></wd:Integration_Attribute_Data><wd:Integration_Attribute_Data><wd:Integration_Attribute_Reference wd:Descriptor="Globoforce_Attribs_Maps / Default Address City"><wd:ID wd:type="Integration_Attribute_Name" wd:parent_type="Integration_Service_Name" wd:parent_id="Globoforce_Attribs_Maps">Default Address City</wd:ID><wd:ID wd:type="Integration_Attribute_Name" wd:parent_type="WID" wd:parent_id="f29ec650c08542798bc762ea98b3aab9">Default Address City</wd:ID><wd:ID wd:type="WID">d46ce7de1dec4ecf89093a7e86813408</wd:ID></wd:Integration_Attribute_Reference><wd:Integration_Attribute_Name>Default Address City</wd:Integration_Attribute_Name><wd:Integration_Attribute_Value_Data><wd:Text>Pleasanton</wd:Text></wd:Integration_Attribute_Value_Data></wd:Integration_Attribute_Data><wd:Integration_Attribute_Data><wd:Integration_Attribute_Reference wd:Descriptor="Globoforce_Attribs_Maps / Default Address State_Province"><wd:ID wd:type="Integration_Attribute_Name" wd:parent_type="Integration_Service_Name" wd:parent_id="Globoforce_Attribs_Maps">Default Address State_Province</wd:ID><wd:ID wd:type="Integration_Attribute_Name" wd:parent_type="WID" wd:parent_id="f29ec650c08542798bc762ea98b3aab9">Default Address State_Province</wd:ID><wd:ID wd:type="WID">7e9ce9ec79a445498a00f8a49749fe9d</wd:ID></wd:Integration_Attribute_Reference><wd:Integration_Attribute_Name>Default Address State_Province</wd:Integration_Attribute_Name><wd:Integration_Attribute_Value_Data><wd:Text>CA</wd:Text></wd:Integration_Attribute_Value_Data></wd:Integration_Attribute_Data><wd:Integration_Attribute_Data><wd:Integration_Attribute_Reference wd:Descriptor="Globoforce_Attribs_Maps / Default Address Country"><wd:ID wd:type="Integration_Attribute_Name" wd:parent_type="Integration_Service_Name" wd:parent_id="Globoforce_Attribs_Maps">Default Address Country</wd:ID><wd:ID wd:type="Integration_Attribute_Name" wd:parent_type="WID" wd:parent_id="f29ec650c08542798bc762ea98b3aab9">Default Address Country</wd:ID><wd:ID wd:type="WID">5bfd19b8bed547008633c2087c5a7666</wd:ID></wd:Integration_Attribute_Reference><wd:Integration_Attribute_Name>Default Address Country</wd:Integration_Attribute_Name><wd:Integration_Attribute_Value_Data><wd:Text>USA</wd:Text></wd:Integration_Attribute_Value_Data></wd:Integration_Attribute_Data></wd:Integration_Attributes_Data></wd:Integration_System_Data><wd:Exceptions_Response_Data><wd:Exceptions_Data><wd:Exception_Data><wd:Classification>Warning</wd:Classification><wd:Message>The Integration System setup may not be complete. An Integration System User is required if the Integration System needs to be Scheduled from Workday or run as a different user than the user launching the integration. To associate an Integration System User to the Integration System, choose Workday Account > Edit from the related actions menu off the Integration System.</wd:Message></wd:Exception_Data></wd:Exceptions_Data></wd:Exceptions_Response_Data></wd:Integration_System></wd:Response_Data></wd:Get_Integration_Systems_Response><wd:Get_Sequence_Generators_Response wd:version="v17"><wd:Request_References><wd:Sequence_Generator_Reference wd:Descriptor="Globoforce_Outbound_SeqGen (Globoforce_EmployeeDetails_20120724083204.txt)"><wd:ID wd:type="WID">9d5de2cf0f6f43dcb4ec64ea1c77d318</wd:ID><wd:ID wd:type="Sequence_Generator_ID">SEQUENCE_GENERATOR-1-48</wd:ID></wd:Sequence_Generator_Reference></wd:Request_References><wd:Response_Results><wd:Total_Results>1</wd:Total_Results><wd:Total_Pages>1</wd:Total_Pages><wd:Page_Results>1</wd:Page_Results><wd:Page>1</wd:Page></wd:Response_Results><wd:Response_Data><wd:Sequence_Generator><wd:Sequence_Generator_Reference wd:Descriptor="Globoforce_Outbound_SeqGen (Globoforce_EmployeeDetails_20120724083204.txt)"><wd:ID wd:type="WID">9d5de2cf0f6f43dcb4ec64ea1c77d318</wd:ID><wd:ID wd:type="Sequence_Generator_ID">SEQUENCE_GENERATOR-1-48</wd:ID></wd:Sequence_Generator_Reference><wd:Sequence_Generator_Data><wd:Sequence_ID>SEQUENCE_GENERATOR-1-48</wd:Sequence_ID><wd:Sequence_Name>Globoforce_Outbound_SeqGen</wd:Sequence_Name><wd:Start_Number>0</wd:Start_Number><wd:Increment_By>1</wd:Increment_By><wd:Last_Number_Used>64</wd:Last_Number_Used><wd:Last_DateTime_Used>2012-07-24T08:32:04.006-07:00</wd:Last_DateTime_Used><wd:Padding_With_Zero>0</wd:Padding_With_Zero><wd:Format>Globoforce_EmployeeDetails_[yyyy][MM][dd][hh][mm][ss].txt</wd:Format></wd:Sequence_Generator_Data><wd:Sequenced_Value>Globoforce_EmployeeDetails_20120724083204.txt</wd:Sequenced_Value></wd:Sequence_Generator></wd:Response_Data></wd:Get_Sequence_Generators_Response></wd:WorkdayIn_Config>