<?xml version="1.0" encoding="UTF-8"?>
<wdnm:Diagram xmlns:wdnm="http://workday.com/studio/editors/notation">
  <element href="assembly.xml#WorkdayAssembly"/>
  <visualProperties>
    <element href="assembly.xml#StartHere"/>
  </visualProperties>
  <visualProperties>
    <element href="assembly.xml#Initialize-Properties"/>
  </visualProperties>
  <visualProperties>
    <element href="assembly.xml#Call-Report1"/>
  </visualProperties>
  <visualProperties>
    <element href="assembly.xml#Call-Report2"/>
  </visualProperties>
  <visualProperties>
    <element href="assembly.xml#Call-Aggregator"/>
  </visualProperties>
  <visualProperties>
    <element href="assembly.xml#Report2"/>
  </visualProperties>
  <visualProperties>
    <element href="assembly.xml#WriteMsg2"/>
  </visualProperties>
  <visualProperties>
    <element href="assembly.xml#Merge-Msg2"/>
  </visualProperties>
  <visualProperties>
    <element href="assembly.xml#Aggregator"/>
  </visualProperties>
  <visualProperties>
    <element href="assembly.xml#FinalAggregator"/>
  </visualProperties>
  <visualProperties>
    <element href="assembly.xml#AsyncMediation"/>
  </visualProperties>
  <visualProperties>
    <element href="assembly.xml#StoreFinalFile"/>
  </visualProperties>
  <visualProperties>
    <element href="assembly.xml#Report1"/>
  </visualProperties>
  <visualProperties>
    <element href="assembly.xml#WriteMsg1"/>
  </visualProperties>
  <visualProperties>
    <element href="assembly.xml#Merge-Msg1"/>
  </visualProperties>
  <visualProperties>
    <element href="assembly.xml#//@beans/@mixed.1/@mixed.33"/>
  </visualProperties>
  <visualProperties>
    <element href="assembly.xml#Note-Error"/>
  </visualProperties>
  <connections type="routesTo" sourceAnchorX="1.0" sourceAnchorY="0.2972972972972973" targetAnchorX="0.13471502590673576" targetAnchorY="0.07142857142857142">
    <source href="assembly.xml#StartHere"/>
    <target href="assembly.xml#Initialize-Properties"/>
  </connections>
  <connections type="routesTo" sourceAnchorX="1.0" sourceAnchorY="0.14285714285714285" targetAnchorX="0.04411764705882353" targetAnchorY="0.3783783783783784">
    <source href="assembly.xml#Initialize-Properties"/>
    <target href="assembly.xml#Call-Report1"/>
  </connections>
  <connections type="routesResponseTo" sourceAnchorX="1.0" sourceAnchorY="0.3783783783783784" targetAnchorX="0.20610687022900764" targetAnchorY="0.5675675675675675">
    <source href="assembly.xml#Call-Report1"/>
    <target href="assembly.xml#Call-Report2"/>
  </connections>
  <connections type="routesResponseTo" sourceAnchorX="1.0" sourceAnchorY="0.13513513513513514" targetAnchorX="0.0972972972972973" targetAnchorY="0.24324324324324326">
    <source href="assembly.xml#Call-Report2"/>
    <target href="assembly.xml#Call-Aggregator"/>
  </connections>
  <connections type="routesTo" sourceAnchorX="1.0" sourceAnchorY="0.7297297297297297" targetAnchorX="0.1640625" targetAnchorY="0.24489795918367346">
    <source href="assembly.xml#Report2"/>
    <target href="assembly.xml#WriteMsg2"/>
  </connections>
  <connections type="routesTo" sourceAnchorX="1.0" sourceAnchorY="0.3163265306122449" targetAnchorX="0.1518987341772152" targetAnchorY="0.43243243243243246">
    <source href="assembly.xml#WriteMsg2"/>
    <target href="assembly.xml#Merge-Msg2"/>
  </connections>
  <connections type="routesTo" sourceAnchorX="0.7697841726618705" sourceAnchorY="1.0" targetAnchorX="0.4925373134328358" targetAnchorY="0.07547169811320754">
    <source href="assembly.xml#Aggregator"/>
    <target href="assembly.xml#FinalAggregator"/>
  </connections>
  <connections type="routesTo" sourceAnchorX="0.845771144278607" sourceAnchorY="1.0" targetAnchorX="0.6666666666666666" targetAnchorY="0.061224489795918366">
    <source href="assembly.xml#FinalAggregator"/>
    <target href="assembly.xml#AsyncMediation"/>
  </connections>
  <connections type="routesTo" sourceAnchorX="0.8392857142857143" sourceAnchorY="1.0" targetAnchorX="0.5448717948717948" targetAnchorY="0.030612244897959183">
    <source href="assembly.xml#AsyncMediation"/>
    <target href="assembly.xml#StoreFinalFile"/>
  </connections>
  <connections type="routesTo" sourceAnchorX="1.0" sourceAnchorY="0.5945945945945946" targetAnchorX="0.042704626334519574" targetAnchorY="0.15306122448979592">
    <source href="assembly.xml#Report1"/>
    <target href="assembly.xml#WriteMsg1"/>
  </connections>
  <connections type="routesTo" sourceAnchorX="1.0" sourceAnchorY="0.14285714285714285" targetAnchorX="0.22784810126582278" targetAnchorY="0.35135135135135137">
    <source href="assembly.xml#WriteMsg1"/>
    <target href="assembly.xml#Merge-Msg1"/>
  </connections>
  <connections type="routesTo" sourceAnchorX="0.9669421487603306" sourceAnchorY="0.43243243243243246" targetAnchorX="0.06060606060606061" targetAnchorY="0.3783783783783784">
    <source href="assembly.xml#//@beans/@mixed.1/@mixed.33"/>
    <target href="assembly.xml#Note-Error"/>
  </connections>
  <swimlanes x="79" y="35" bgColor="12632256" fgColor="1" name="Main Assembly" topBorderColor="65535">
    <elements href="assembly.xml#StartHere"/>
    <elements href="assembly.xml#Initialize-Properties"/>
    <elements href="assembly.xml#Call-Report1"/>
    <elements href="assembly.xml#Call-Report2"/>
    <elements href="assembly.xml#Call-Aggregator"/>
  </swimlanes>
  <swimlanes x="72" y="385" bgColor="65535" name="Merge XML Messages" topBorderColor="1">
    <elements href="assembly.xml#Report2"/>
    <elements href="assembly.xml#WriteMsg2"/>
    <elements href="assembly.xml#Merge-Msg2"/>
  </swimlanes>
  <swimlanes x="729" y="214" bgColor="65535" fgColor="12632256" name="Aggregate" orientation="VERTICAL" topBorderColor="1">
    <elements href="assembly.xml#Aggregator"/>
    <elements href="assembly.xml#FinalAggregator"/>
    <elements href="assembly.xml#AsyncMediation"/>
    <elements href="assembly.xml#StoreFinalFile"/>
  </swimlanes>
  <swimlanes x="72" y="214" bgColor="65535" name="Merge XML Messages" topBorderColor="1">
    <elements href="assembly.xml#Report1"/>
    <elements href="assembly.xml#WriteMsg1"/>
    <elements href="assembly.xml#Merge-Msg1"/>
  </swimlanes>
  <swimlanes x="104" y="606" bgColor="1" fgColor="12632256" name="Global Error Handling" topBorderColor="65535">
    <elements href="assembly.xml#//@beans/@mixed.1/@mixed.33"/>
    <elements href="assembly.xml#Note-Error"/>
  </swimlanes>
</wdnm:Diagram>
