<?xml version="1.0" encoding="UTF-8"?>
<beans
     xmlns="http://www.springframework.org/schema/beans"
     xmlns:beans="http://www.springframework.org/schema/beans"
     xmlns:atom="http://www.w3.org/2005/Atom"
     xmlns:cc="http://www.capeclear.com/assembly/10"
     xmlns:cloud="urn:com.workday/esb/cloud/10.0"
     xmlns:env="http://schemas.xmlsoap.org/soap/envelope/"
     xmlns:pi="urn:com.workday/picof"
     xmlns:wd="urn:com.workday/bsvc"
     xmlns:xsi="http://www.w3.org/2001/XMLSchema-instance">
 
	<cc:assembly id="WorkdayAssembly" version="2023.37">
        <cc:local-in id="Call1_in" routes-to="SyncMediation"/>
        <cc:async-mediation id="AsyncMediation0" routes-to="WorkdayOutRest2">
            <cc:steps>
                <cc:eval id="Eval">
                    <cc:expression>//launch parameter&#xD;
&#xD;
props['hire.date'] = lp.getDate('Hire Date') == null ? '' : lp.getDate('Hire Date')&#xD;
</cc:expression>
                    <cc:expression>//Integration attribute&#xD;
props['document.retention'] = intsys.getAttribute('Document Retention Policy')</cc:expression>
                    <cc:expression>props['file.retrieved'] = 0</cc:expression>
                </cc:eval>
                <cc:log id="Log">
                    <cc:log-message>
                        <cc:message-content/>
                        <cc:text>props['hire.date']: @{props['hire.date']}&#xD;
</cc:text>
                    </cc:log-message>
                </cc:log>
            </cc:steps>
        </cc:async-mediation>
        <cc:async-mediation id="AsyncMediation5">
            <cc:steps>
                <cc:xslt-plus id="XsltPlus" url="XSLT1.xsl"/>
                <cc:copy id="Copy" input="message"/>
                <cc:xslt-plus id="XsltPlus0" url="XSLT2.1.xsl"/>
                <cc:store id="Store" output="variable" output-variable="output.file" input="message" title="Finaloutput.xml"/>
            </cc:steps>
        </cc:async-mediation>
        <cc:aggregator id="Aggregator2" routes-to="AsyncMediation5" collate-when="props['Collate']" force-batch-on-last-message="false" force-batch-when="props['Batch']">
            <cc:size-batch-strategy batch-size="-1"/>
            <cc:xml-message-content-collater>
        <cc:header-text>&lt;records></cc:header-text>
        <cc:footer-text>&lt;/records></cc:footer-text>
      </cc:xml-message-content-collater>
        </cc:aggregator>
        <cc:local-in id="Aggragatorfinaloutput" routes-to="Aggregator2">
            <cc:parameter documentation="true" name="Collate"/>
            <cc:parameter documentation="true" name="Batch"/>
        </cc:local-in>
        <cc:local-out id="CallAggregator2" store-message="none" routes-response-to="Call1" endpoint="vm://VSR-XSLT_Mapping_Through_XSLT3/Aggragatorfinaloutput">
            <cc:set name="Collate" value="true"/>
            <cc:set name="Batch" value="false"/>
        </cc:local-out>
        <cc:workday-out-rest id="WorkdayOutRest2" routes-response-to="CallAggregator2" extra-path="@{intsys.reportService.getExtrapath('KOK_Report_5')}"/>
        <cc:local-out id="CallAggregator1" store-message="none" endpoint="vm://VSR-XSLT_Mapping_Through_XSLT3/Aggragatorfinaloutput">
            <cc:set name="Collate" value="true"/>
            <cc:set name="Batch" value="true"/>
        </cc:local-out>
        <cc:workday-in id="StartHere" routes-to="AsyncMediation0">
            <cc:integration-system name="VSR-XSLT_Mapping_Through_XSLT3">
        <cloud:param name="Hire Date">
          <cloud:type>
            <cloud:simple-type>date</cloud:simple-type>
          </cloud:type>
          <cloud:default>
            <cloud:class-report-field description="First Day of This Calendar Year" type="WID">542b9eda20354794ad8f6d717fdd6cae</cloud:class-report-field>
          </cloud:default>
        </cloud:param>
        <cloud:attribute-map-service name="RRR--Generic">
          <cloud:attribute name="Document Retention Policy">
            <cloud:type>
              <cloud:simple-type>number</cloud:simple-type>
            </cloud:type>
          </cloud:attribute>
        </cloud:attribute-map-service>
        <cloud:retrieval-service name="RRR- retrievel"/>
        <cloud:report-service name="RRR--ReportService">
          <cloud:report-alias description="KOK_Report_5" name="KOK_Report_5">
            <cloud:report-reference description="KOK_Report_5" type="WID">ad26b4c6c579103010bac28625640000</cloud:report-reference>
          </cloud:report-alias>
        </cloud:report-service>
      </cc:integration-system>
        </cc:workday-in>
        <cc:local-out id="Call1" store-message="none" routes-response-to="CallAggregator1" endpoint="vm://VSR-XSLT_Mapping_Through_XSLT3/Call1_in"/>
        <cc:async-mediation id="AsyncMediation00">
            <cc:steps>
                <cc:eval id="Eval">
                    <cc:expression>da.size() > 0 ? da.toVar(0, 'input.file') :</cc:expression>
                </cc:eval>
                <cc:copy id="Copy" output="message" input="variable" input-variable="input.file"/>
                <cc:csv-to-xml id="CsvToXml" format="rfc4180" rootName="Root_Node" rowName="row" useFirstLineAsHeader="true"/>
                <cc:log id="Log">
                    <cc:log-message><cc:text>*****************************************************&#xD;
LOG 1 File has been retrieved</cc:text>
                        
                        <cc:line-separator/>
                        <cc:message-content/>
                        <cc:line-separator/>
                        <cc:text>LOG 1 Ends&#xD;
********************************************8</cc:text>
                    </cc:log-message>
                </cc:log>
            </cc:steps>
        </cc:async-mediation>
        <cc:local-out id="PutIntegrationMessage0" endpoint="vm://wcc/PutIntegrationMessage">
            <cc:set name="is.message.severity" value="'ERROR'"/>
            <cc:set name="is.message.summary" value="'Input File not Retrieved'"/>
            <cc:set name="is.message.detail" value="'File Not Available in SFTP Please check SFTP for the valid file'+context.errorMessage"/>
        </cc:local-out>
        <cc:sync-mediation id="SyncMediation" routes-to="AsyncMediation00">
            <cc:request-steps/>
            <cc:response-steps>
                <cc:validate-exp id="ValidateExp">
                    <cc:expression failure-message="No file was retrieved">da.size() > 0</cc:expression>
                </cc:validate-exp>
                <cc:eval id="Eval">
                    <cc:expression>props['file.count'] = da.size()</cc:expression>
                </cc:eval>
            </cc:response-steps>
            <cc:send-error id="SendError" routes-to="PutIntegrationMessage0"/>
        </cc:sync-mediation>
	</cc:assembly>

</beans>