<?xml version="1.0" encoding="UTF-8"?>
<beans
     xmlns="http://www.springframework.org/schema/beans"
     xmlns:beans="http://www.springframework.org/schema/beans"
     xmlns:atom="http://www.w3.org/2005/Atom"
     xmlns:cc="http://www.capeclear.com/assembly/10"
     xmlns:cloud="urn:com.workday/esb/cloud/10.0"
     xmlns:env="http://schemas.xmlsoap.org/soap/envelope/"
     xmlns:pi="urn:com.workday/picof"
     xmlns:wd="urn:com.workday/bsvc"
     xmlns:xsi="http://www.w3.org/2001/XMLSchema-instance">
 
	<cc:assembly id="WorkdayAssembly" version="2022.37">
        <cc:workday-in id="StartHere" routes-to="AsyncMediation1">
            <cc:integration-system name="INT1582_INT1583_Concat_File">
        <cloud:sequence-generator-service name="INT1582_Seq">
          <cloud:sequencer>INT1582_Seq</cloud:sequencer>
          <cloud:sequencer>INT1583_Seq</cloud:sequencer>
        </cloud:sequence-generator-service>
        <cloud:retrieval-service name="INT1582_INT1583_Concat_Files"/>
      </cc:integration-system>
        </cc:workday-in>
        <cc:async-mediation id="AsyncMediation01" routes-to="RetrieveInputDocuments0" handle-downstream-errors="true">
            <cc:steps>
                <cc:eval id="Eval">
                    <cc:expression>props['file.count'] = da.size()</cc:expression>
                    <cc:expression>props['filecounter'] = 0</cc:expression>
                    <cc:expression>props['amount'] = 0</cc:expression>
                </cc:eval>
                <cc:log id="Log">
                    <cc:log-message>
                        <cc:text>props['DD'] = @{props['DD']}</cc:text>
                        <cc:message-content/>
                    </cc:log-message>
                </cc:log>
                <cc:validate-exp id="ValidateExp">
                    <cc:expression failure-message="No Files Retrived">props['file.count'] != 0</cc:expression>
                </cc:validate-exp>
            </cc:steps>
            <cc:send-error id="SendError" routes-to="PutIntegrationMessage"/>
        </cc:async-mediation>
        <cc:route id="RetrieveInputDocuments0">
            <cc:doc-iterator/>
            <cc:sub-route name="SubRoute" routes-to="AsyncMediation0"/>
        </cc:route>
        <cc:aggregator id="Aggregator10" routes-to="AsyncMediation2" collate-when="props['p.forceBatch'] == false" force-batch-when="props['p.forceBatch'] == true">
            <cc:size-batch-strategy batch-size="-1"/>
            <cc:xml-message-content-collater>
        <cc:header-text>&lt;TenantedData></cc:header-text>
        <cc:footer-text>&lt;/TenantedData></cc:footer-text>
      </cc:xml-message-content-collater>
        </cc:aggregator>
        <cc:async-mediation id="AsyncMediation" routes-to="Aggregator100">
            <cc:steps>
                <cc:copy id="Copy" output="message" input="variable" input-variable="ddinput"/>
                <cc:eval id="Eval">
                    <cc:expression>props['count'] = props['count'] + 1</cc:expression>
                </cc:eval>
                <cc:log id="Log">
                    <cc:log-message>
                        <cc:text>After splitter eftdd</cc:text>
                        <cc:message-content/>
                        <cc:text>props['amount1'] = @{props['amount1']}&#xD;
props['amount'] = @{props['amount']}</cc:text>
                    </cc:log-message>
                </cc:log>
            </cc:steps>
        </cc:async-mediation>
        <cc:local-out id="PutIntegrationMessage" endpoint="vm://wcc/PutIntegrationMessage"><cc:set name="is.message.severity" value="'ERROR'"/><cc:set name="is.message.summary" value="context.errorMessage"/></cc:local-out>
        <cc:async-mediation id="AsyncMediation0" routes-to="CallEFTDD">
            <cc:steps>
                <cc:copy id="Copy" output-mimetype="text/plain" input="variable" input-variable="wd.retrieve.variable" stream-xpath="true"/>
                <cc:eval id="Eval0">
                    <cc:expression>props['DD'] = false</cc:expression>
                </cc:eval>
                <cc:xslt id="Xslt0" url="Namespaces.xsl"/>
                <cc:eval id="Eval">
                    <cc:expression>props['DD'] = parts[0].xpathB('Document/CstmrDrctDbtInitn')</cc:expression>
                    <cc:expression>props['DD.count'] = parts[0].xpath('count(Document/CstmrDrctDbtInitn)')</cc:expression>
                </cc:eval>
                <cc:log id="Log">
                    <cc:log-message>
                        <cc:text>Before Agg&#xD;
props['DD']  = @{props['DD']}&#xD;
props['DD.count'] = @{props['DD.count']}</cc:text>
                        <cc:message-content/>
                    </cc:log-message>
                </cc:log>
            </cc:steps>
        </cc:async-mediation>
        <cc:local-out id="CallRetrieval" store-message="none" routes-response-to="CallCloseAgg" endpoint="vm://INT1582_Concat_File/Retrieval"/>
        <cc:local-in id="Retrieval" routes-to="AsyncMediation01"/>
        <cc:local-out id="CallCloseAgg" store-message="none" routes-response-to="CallCloseAgg0" endpoint="vm://INT1582_Concat_File/Closeagg"><cc:set name="param.p.forceBatch" value="props['p.forceBatch'] = true"/></cc:local-out>
        <cc:local-in id="Closeagg" routes-to="Aggregator10"/>
        <cc:async-mediation id="AsyncMediation1" routes-to="CallRetrieval">
            <cc:steps>
                <cc:eval id="Eval">
                    <cc:expression>props['p.forceBatch'] = false</cc:expression>
                    <cc:expression>props['close.audit.log'] = false</cc:expression>
                    <cc:expression>props['close.audit.log1'] = false</cc:expression>
                    <cc:expression>props['count'] = 0</cc:expression>
                    <cc:expression>props['p.forceBatch1'] = false</cc:expression>
                    <cc:expression>props['close.audit.log2'] = false</cc:expression>
                </cc:eval>
            </cc:steps>
        </cc:async-mediation>
        <cc:splitter id="Splitter" no-split-message-error="false">
            <cc:sub-route name="SubRoute" routes-to="AsyncMediation7"/>
            <cc:xml-stream-splitter namespaces="xmlns urn:iso:std:iso:20022:tech:xsd:pain.001.001.03" xpath="TenantedData/Document/CstmrCdtTrfInitn/PmtInf"/>
        </cc:splitter>
        <cc:async-mediation id="AsyncMediation2" routes-to="CallSplitFileseftdd">
            <cc:steps>
                <cc:log id="Log">
                    <cc:log-message>
                        <cc:text>Aff Agg eftdd&#xD;
</cc:text>
                        <cc:message-content/>
                    </cc:log-message>
                </cc:log>
            </cc:steps>
        </cc:async-mediation>
        <cc:local-out id="CallSplitFileseftdd" store-message="none" endpoint="vm://INT1582_Concat_File/splitFileseftdd"/>
        <cc:local-in id="splitFileseftdd" routes-to="AsyncMediation6"/>
        <cc:aggregator id="Aggregator100" routes-to="AsyncMediation8" collate-when="props['close.audit.log'] == false" force-batch-when="props['close.audit.log'] == true">
            <cc:size-batch-strategy batch-size="-1"/>
            <cc:xml-message-content-collater>
        <cc:header-text>&lt;Pft></cc:header-text>
        <cc:footer-text>&lt;/Pft></cc:footer-text>
      </cc:xml-message-content-collater>
        </cc:aggregator>
        <cc:local-in id="Closeagg0" routes-to="Aggregator100"/>
        <cc:local-out id="CallCloseAgg0" store-message="none" routes-response-to="CallRetrieval0" endpoint="vm://INT1582_Concat_File/Closeagg0">
            <cc:set name="error.collator" value="props['close.audit.log'] = true"/>
        </cc:local-out>
        <cc:async-mediation id="AsyncMediation3" routes-to="SFTPTransfer0" execute-steps-when="props['DD.exists'] == true">
            <cc:steps>
                <cc:xslt id="Xslt" output="message" url="pft.xsl"/>
                <cc:eval id="Eval0">
                    <cc:expression>props['amount'] = parts[0].xpath('Data/sum')</cc:expression>
                </cc:eval>
                <cc:copy id="Copy1" output="variable" output-variable="pft"/>
                <cc:log id="Log0">
                    <cc:log-message>
                        <cc:text>after ptf xsl eftdd&#xD;
props['amount'] = @{props['amount']}</cc:text>
                        <cc:message-content/>
                    </cc:log-message>
                </cc:log>
                <cc:copy id="Copy" input="variable" input-variable="gpr"/>
                <cc:xslt id="Xslt1" output="variable" output-variable="gprfinal" url="gpr1.xsl"/>
                <cc:copy id="Copy0" input="variable" input-variable="pft"/>
                <cc:xslt id="Xslt00" url="final_DD.xsl"/>
                <cc:eval id="Eval">
                    <cc:expression>props['xml'] = parts[0].text</cc:expression>
                    <cc:expression>props['xml'] = props['xml'].replace(' xmlns=&quot;&quot;','')</cc:expression>
                </cc:eval>
                <cc:log id="Log1">
                    <cc:log-message>
                        <cc:text>props['xml'] = @{props['xml']}  eftdd&#xD;
props['DD.count'] = @{props['DD.count']}</cc:text>
                        <cc:message-content/>
                    </cc:log-message>
                </cc:log>
                <cc:write id="Write">
                    <cc:message>
                        <cc:text>@{props['xml']}</cc:text>
                    </cc:message>
                </cc:write>
                <cc:store id="Store" output="variable" output-variable="totalconcat" expiresIn="P180D" title="@{lp.getSequencedValue('INT1582_Seq')}"/>
            </cc:steps>
        </cc:async-mediation>
        <cc:splitter id="Splitter0" no-split-message-error="false">
            <cc:sub-route name="SubRoute" routes-to="AsyncMediation5"/>
            <cc:xml-stream-splitter namespaces="xmlns urn:iso:std:iso:20022:tech:xsd:pain.008.001.02" xpath="TenantedData/Document/CstmrDrctDbtInitn/PmtInf"/>
        </cc:splitter>
        <cc:local-out id="SFTPTransfer0" execute-when="props['DD.exists'] == true" endpoint="vm://wcc/PutIntegrationMessage">
            <cc:set name="is.message.severity" value="'INFO'"/>
            <cc:set name="is.message.summary" value="'SFTP to SFTP File Transfer Completed for ' + props['file.name']"/>
            <cc:set name="is.document.variable.name" value="'totalconcat'"/>
            
            <cc:set name="is.document.file.name" value="lp.getSequencedValue('INT1582_Seq')"/>
            <cc:set name="is.document.deliverable" value="'true'"/>
        </cc:local-out>
        <cc:local-out id="SFTPTransfer" execute-when="props['DD1.exists'] == true" endpoint="vm://wcc/PutIntegrationMessage">
            <cc:set name="is.message.severity" value="'INFO'"/>
            <cc:set name="is.message.summary" value="'SFTP to SFTP File Transfer Completed for ' + props['file.name']"/>
            <cc:set name="is.document.variable.name" value="'totalconcat'"/>
            
            <cc:set name="is.document.file.name" value="lp.getSequencedValue('INT1583_Seq')"/>
            <cc:set name="is.document.deliverable" value="'true'"/>
        </cc:local-out>
        <cc:async-mediation id="AsyncMediation00" routes-to="Aggregator101">
            <cc:steps>
                <cc:log id="Log">
                    <cc:log-message>
                        <cc:text>Before Agg eftw</cc:text>
                        <cc:message-content/>
                    </cc:log-message>
                </cc:log>
                <cc:xslt id="Xslt" url="gpr3.xsl"/>
                <cc:log id="Log0">
                    <cc:log-message>
                        <cc:text>after gpr efw&#xD;
props['DD']= @{props['DD']}</cc:text>
                        <cc:message-content/>
                    </cc:log-message>
                </cc:log>
                <cc:copy id="Copy0" output="variable" output-mimetype="text/plain" output-variable="gpr" input="message" stream-xpath="true"/>
                <cc:copy id="Copy1" input="variable" input-variable="wd.retrieve.variable"/>
                <cc:log id="Log1">
                    <cc:log-message>
                        <cc:text>eftw</cc:text>
                        <cc:message-content/>
                    </cc:log-message>
                </cc:log>
            </cc:steps>
        </cc:async-mediation>
        <cc:async-mediation id="AsyncMediation000" routes-to="Aggregator10">
            <cc:steps>
                <cc:log id="Log">
                    <cc:log-message>
                        <cc:text>Before Agg eftdd</cc:text>
                        <cc:message-content/>
                    </cc:log-message>
                </cc:log>
                <cc:xslt id="Xslt" url="gpr.xsl"/>
                <cc:log id="Log0">
                    <cc:log-message>
                        <cc:text>after gpr eftdd&#xD;
props['DD']= @{props['DD']}</cc:text>
                        <cc:message-content/>
                    </cc:log-message>
                </cc:log>
                <cc:copy id="Copy0" output="variable" output-mimetype="text/plain" output-variable="gpr" input="message" stream-xpath="true"/>
                <cc:copy id="Copy1" input="variable" input-variable="wd.retrieve.variable"/>
            </cc:steps>
        </cc:async-mediation>
        <cc:async-mediation id="AsyncMediation20" routes-to="calleftwire">
            <cc:steps>
                <cc:log id="Log">
                    <cc:log-message>
                        <cc:text>Aff Agg efw&#xD;
</cc:text>
                        <cc:message-content/>
                    </cc:log-message>
                </cc:log>
            </cc:steps>
        </cc:async-mediation>
        <cc:async-mediation id="AsyncMediation4" routes-to="Aggregator1000">
            <cc:steps>
                <cc:copy id="Copy" output="message" input="variable" input-variable="efwinput"/>
                <cc:eval id="Eval">
                    <cc:expression>props['count'] = props['count'] + 1</cc:expression>
                </cc:eval>
                <cc:log id="Log">
                    <cc:log-message>
                        <cc:text>After splitter efw</cc:text>
                        <cc:message-content/>
                        <cc:text>props['amount1'] = @{props['amount1']}&#xD;
props['amount'] = @{props['amount']}</cc:text>
                    </cc:log-message>
                </cc:log>
            </cc:steps>
        </cc:async-mediation>
        <cc:aggregator id="Aggregator1000" routes-to="AsyncMediation80" collate-when="props['close.audit.log1'] == false" force-batch-when="props['close.audit.log1'] == true">
            <cc:size-batch-strategy batch-size="-1"/>
            <cc:xml-message-content-collater>
        <cc:header-text>&lt;Pft></cc:header-text>
        <cc:footer-text>&lt;/Pft></cc:footer-text>
      </cc:xml-message-content-collater>
        </cc:aggregator>
        <cc:local-in id="Closeagg00" routes-to="Aggregator1000"/>
        <cc:async-mediation id="AsyncMediation30" routes-to="SFTPTransfer" execute-steps-when="props['DD1.exists'] == true">
            <cc:steps>
                <cc:xslt id="Xslt" output="message" url="pft2.xsl"/>
                <cc:eval id="Eval0">
                    <cc:expression>props['amount'] = parts[0].xpath('Data/sum')</cc:expression>
                </cc:eval>
                <cc:copy id="Copy1" output="variable" output-variable="pft"/>
                <cc:log id="Log0">
                    <cc:log-message>
                        <cc:text>after ptf xsl efw&#xD;
props['amount'] = @{props['amount']}</cc:text>
                        <cc:message-content/>
                    </cc:log-message>
                </cc:log>
                <cc:copy id="Copy" input="variable" input-variable="gpr"/>
                <cc:xslt id="Xslt1" output="variable" output-variable="gprfinal" url="gpr2.xsl"/>
                <cc:copy id="Copy0" input="variable" input-variable="pft"/>
                <cc:log id="Log2">
                    <cc:log-message>
                        <cc:text>before final xlt</cc:text>
                        <cc:message-content/>
                    </cc:log-message>
                </cc:log>
                <cc:xslt id="Xslt0" url="final.xsl"/>
                <cc:eval id="Eval">
                    <cc:expression>props['xml'] = parts[0].text</cc:expression>
                    <cc:expression>props['xml'] = props['xml'].replace(' xmlns=&quot;&quot;','')</cc:expression>
                </cc:eval>
                <cc:log id="Log1">
                    <cc:log-message>
                        <cc:text>props['xml'] = @{props['xml']} efw&#xD;
props['DD1.count'] = @{props['DD1.count']}</cc:text>
                        <cc:message-content/>
                    </cc:log-message>
                </cc:log>
                <cc:write id="Write">
                    <cc:message>
                        <cc:text>@{props['xml']}</cc:text>
                    </cc:message>
                </cc:write>
                <cc:store id="Store" output="variable" output-variable="totalconcat" expiresIn="P180D" title="@{lp.getSequencedValue('INT1583_Seq')}"/>
            </cc:steps>
        </cc:async-mediation>
        <cc:local-out id="CallCloseAgg00" store-message="none" routes-response-to="CallCloseAgg000" endpoint="vm://INT1582_Concat_File/Closeagg00">
            <cc:set name="error.collator1" value="props['close.audit.log1'] = true"/>
        </cc:local-out>
        <cc:local-in id="splitFileseftwire" routes-to="AsyncMediation50"/>
        <cc:local-out id="CallEFTDD" store-message="none" execute-when="props['DD'] == true" endpoint="vm://INT1582_Concat_File/EFTDD"/>
        <cc:local-out id="CallEFTWire" store-message="none" execute-when="props['DD1'] == true" endpoint="vm://INT1582_Concat_File/EFTwire"/>
        <cc:local-in id="EFTDD" routes-to="AsyncMediation000"/>
        <cc:local-in id="EFTwire" routes-to="AsyncMediation00"/>
        <cc:local-in id="Closeagg1" routes-to="Aggregator101"/>
        <cc:local-out id="CallCloseAgg1" store-message="none" routes-response-to="CallCloseAgg00" endpoint="vm://INT1582_Concat_File/Closeagg1">
            <cc:set name="param.p.forceBatch1" value="props['p.forceBatch1'] = true"/>
        </cc:local-out>
        <cc:local-in id="Retrieval0" routes-to="AsyncMediation010"/>
        <cc:local-out id="PutIntegrationMessage0" endpoint="vm://wcc/PutIntegrationMessage">
            <cc:set name="is.message.severity" value="'ERROR'"/>
            <cc:set name="is.message.summary" value="context.errorMessage"/>
        </cc:local-out>
        <cc:async-mediation id="AsyncMediation010" routes-to="RetrieveInputDocuments00" handle-downstream-errors="true">
            <cc:steps>
                <cc:eval id="Eval">
                    <cc:expression>props['file.count'] = da.size()</cc:expression>
                    <cc:expression>props['filecounter'] = 0</cc:expression>
                    <cc:expression>props['amount'] = 0</cc:expression>
                </cc:eval>
                <cc:log id="Log">
                    <cc:log-message>
                        <cc:text>props['DD1'] = @{props['DD1']}</cc:text>
                        <cc:message-content/>
                    </cc:log-message>
                </cc:log>
                <cc:validate-exp id="ValidateExp">
                    <cc:expression failure-message="No Files Retrived">props['file.count'] != 0</cc:expression>
                </cc:validate-exp>
            </cc:steps>
            <cc:send-error id="SendError" routes-to="PutIntegrationMessage0"/>
        </cc:async-mediation>
        <cc:route id="RetrieveInputDocuments00">
            <cc:doc-iterator/>
            <cc:sub-route name="SubRoute" routes-to="AsyncMediation02"/>
        </cc:route>
        <cc:async-mediation id="AsyncMediation02" routes-to="CallEFTWire">
            <cc:steps>
                <cc:copy id="Copy" output-mimetype="text/plain" input="variable" input-variable="wd.retrieve.variable" stream-xpath="true"/>
                <cc:eval id="Eval0">
                    <cc:expression>props['DD1'] = false</cc:expression>
                </cc:eval>
                <cc:xslt id="Xslt0" url="Namespaces.xsl"/>
                <cc:eval id="Eval">
                    <cc:expression>props['DD1'] = parts[0].xpathB('Document/CstmrCdtTrfInitn')</cc:expression>
                    <cc:expression>props['DD1.count'] = parts[0].xpath('count(Document/CstmrCdtTrfInitn)')</cc:expression>
                </cc:eval>
                <cc:log id="Log">
                    <cc:log-message>
                        <cc:text>Before Agg&#xD;
props['DD']  = @{props['DD']}&#xD;
props['DD1.count'] = @{props['DD1.count']}</cc:text>
                        <cc:message-content/>
                    </cc:log-message>
                </cc:log>
            </cc:steps>
        </cc:async-mediation>
        <cc:local-out id="CallRetrieval0" store-message="none" routes-response-to="CallCloseAgg1" endpoint="vm://INT1582_Concat_File/Retrieval0"/>
        <cc:aggregator id="Aggregator101" routes-to="AsyncMediation20" collate-when="props['p.forceBatch1'] == false" force-batch-when="props['p.forceBatch1'] == true">
            <cc:size-batch-strategy batch-size="-1"/>
            <cc:xml-message-content-collater>
        <cc:header-text>&lt;TenantedData></cc:header-text>
        <cc:footer-text>&lt;/TenantedData></cc:footer-text>
      </cc:xml-message-content-collater>
        </cc:aggregator>
        <cc:local-out id="calleftwire" store-message="none" endpoint="vm://INT1582_Concat_File/splitFileseftwire"/>
        <cc:async-mediation id="AsyncMediation50" routes-to="Splitter">
            <cc:steps>
                <cc:log id="Log">
                    <cc:log-message>
                        <cc:text>test eftwire</cc:text>
                        <cc:message-content/>
                    </cc:log-message>
                </cc:log>
                <cc:eval id="Eval">
                    <cc:expression>props['count'] = 0</cc:expression>
                </cc:eval>
            </cc:steps>
        </cc:async-mediation>
        <cc:async-mediation id="AsyncMediation6" routes-to="Splitter0">
            <cc:steps>
                <cc:eval id="Eval">
                    <cc:expression>props['count'] = 0</cc:expression>
                </cc:eval>
            </cc:steps>
        </cc:async-mediation>
        <cc:async-mediation id="AsyncMediation5" routes-to="CallSubRoutine">
            <cc:steps>
                <cc:xslt id="Xslt" url="Namespaces.xsl"/>
                <cc:eval id="Eval">
                    <cc:expression>props['payment.id'] = parts[0].xpath('PmtInf/PmtInfId')</cc:expression>
                    <cc:expression>props['payment.type'] = parts[0].xpath('PmtInf/PmtTpInf/SvcLvl/Cd')</cc:expression>
                    <cc:expression>props['payment.type'] = props['payment.type'] == 'NURG' ? 'ACHDD-US' : 'WTDD-US'</cc:expression>
                    <cc:expression>props['endtoendid'] = parts[0].xpath('PmtInf/DrctDbtTxInf/PmtId/EndToEndId')</cc:expression>
                    <cc:expression>props['amount'] = parts[0].xpath('PmtInf/CtrlSum')</cc:expression>
                    <cc:expression>props['currency'] = parts[0].xpath('PmtInf/CdtrAcct/Ccy')</cc:expression>
                    <cc:expression>props['payment.date'] = parts[0].xpath('PmtInf/ReqdColltnDt')</cc:expression>
                    <cc:expression>props['DrctDbtTxInf.count'] = parts[0].xpath('count(PmtInf/DrctDbtTxInf)')</cc:expression>
                    <cc:expression>props['count'] = props['DrctDbtTxInf.count'] > 1 ? props['count'] + (props['DrctDbtTxInf.count']-1) : props['count']</cc:expression>
                </cc:eval>
                <cc:log id="Log">
                    <cc:log-message>
                        <cc:text>props['payment.date'] = @{props['payment.date']}</cc:text>
                        <cc:message-content/>
                    </cc:log-message>
                </cc:log>
                <cc:copy id="Copy" output="variable" output-variable="ddinput"/>
            </cc:steps>
        </cc:async-mediation>
        <cc:async-mediation id="AsyncMediation7" routes-to="CallSubRoutine0">
            <cc:steps>
                <cc:xslt id="Xslt" url="Namespaces.xsl"/>
                <cc:eval id="Eval">
                    <cc:expression>props['payment.id'] = parts[0].xpath('PmtInf/PmtInfId')</cc:expression>
                    <cc:expression>props['payment.type'] = parts[0].xpath('PmtInf/PmtTpInf/SvcLvl/Cd')</cc:expression>
                    <cc:expression>props['payment.type'] = props['payment.type'] == 'NURG' ? 'ACH' : 'WT'</cc:expression>
                    <cc:expression>props['endtoendid'] = parts[0].xpath('PmtInf/CdtTrfTxInf/PmtId/EndToEndId')</cc:expression>
                    <cc:expression>props['amount'] = parts[0].xpath('PmtInf/CtrlSum')</cc:expression>
                    <cc:expression>props['currency'] = parts[0].xpath('PmtInf/DbtrAcct/Ccy')</cc:expression>
                    <cc:expression>props['payment.date'] = parts[0].xpath('PmtInf/ReqdExctnDt')</cc:expression>
                    <cc:expression>props['CdtTrfTxInf.count'] = parts[0].xpath('count(PmtInf/CdtTrfTxInf)')</cc:expression>
                    <cc:expression>props['count'] = props['CdtTrfTxInf.count'] > 1 ? props['count'] + (props['CdtTrfTxInf.count']-1) : props['count']</cc:expression>
                </cc:eval>
                <cc:log id="Log">
                    <cc:log-message>
                        <cc:text>props['payment.date'] = @{props['payment.date']}&#xD;
props['CdtTrfTxInf.count'] = @{props['CdtTrfTxInf.count']}</cc:text>
                        <cc:message-content/>
                    </cc:log-message>
                </cc:log>
                <cc:copy id="Copy" output="variable" output-variable="efwinput"/>
            </cc:steps>
        </cc:async-mediation>
        <cc:local-out id="CallSubRoutine" store-message="none" routes-response-to="AsyncMediation" endpoint="vm://INT1582_Concat_File/Log"/>
        <cc:local-out id="CallSubRoutine0" store-message="none" routes-response-to="AsyncMediation4" endpoint="vm://INT1582_Concat_File/Log"/>
        <cc:local-out id="PutIntegrationMessage2" endpoint="vm://wcc/PutIntegrationMessage">
            <cc:set name="is.message.severity" value="'INFO'"/>
            <cc:set name="is.message.summary" value="'Output File is generated'"/>
            <cc:set name="is.document.variable.name" value="'audit.log'"/>
            <cc:set name="is.document.deliverable" value="'false'"/>
            <cc:set name="is.message.storage.enabled" value="false"/>
            <cc:set name="is.document.file.name" value="'Audit_TAPS.csv'"/>
        </cc:local-out>
        <cc:async-mediation id="AsyncMediation13" routes-to="PutIntegrationMessage2">
            <cc:steps>
                <cc:log id="Log">
                    <cc:log-message>
                        <cc:text>----AfterAggregator----</cc:text>
                        <cc:line-separator/>
                        <cc:message-content/>
                    </cc:log-message>
                </cc:log>
                <cc:xml-to-csv id="XmlToCsv" format="rfc4180" writeHeaderLine="true"/>
                <cc:log id="Log0">
                    <cc:log-message>
                        <cc:text>----AfterXMLTOCSV----</cc:text>
                        <cc:line-separator/>
                        <cc:message-content/>
                    </cc:log-message>
                </cc:log>
                <cc:store id="Store" output="variable" output-variable="audit.log" expiresIn="P180D" title="Audit_TAPS.csv"/>
            </cc:steps>
        </cc:async-mediation>
        <cc:aggregator id="Aggregator" routes-to="AsyncMediation13" collate-when="props['close.audit.log2'] == false" force-batch-when="props['close.audit.log2'] == true">
            <cc:size-batch-strategy batch-size="-1"/>
            <cc:xml-message-content-collater>
        <cc:header-text>&lt;root></cc:header-text>
        <cc:footer-text>&lt;/root></cc:footer-text>
      </cc:xml-message-content-collater>
        </cc:aggregator>
        <cc:local-in id="CloseAggregatoraudit" routes-to="Aggregator"/>
        <cc:async-mediation id="AsyncMediation12" routes-to="Aggregator">
            <cc:steps>
                <cc:write id="Write">
                    <cc:message>
                        <cc:text>&lt;?xml version=&quot;1.0&quot; encoding=&quot;UTF-8&quot;?>&#xD;
&lt;DetailedLog>&#xD;
    &lt;PaymentId>@{props['payment.id']}&lt;/PaymentId>&#xD;
    &lt;PaymentType>@{props['payment.type']}&lt;/PaymentType>  &#xD;
    &lt;EndtoEndid>@{props['endtoendid']}&lt;/EndtoEndid>&#xD;
    &lt;Amount>@{props['amount']}&lt;/Amount>&#xD;
    &lt;Currency>@{props['currency']}&lt;/Currency>&#xD;
    &lt;PaymentDate>@{props['payment.date']}&lt;/PaymentDate>&#xD;
&lt;/DetailedLog></cc:text>
                    </cc:message>
                </cc:write>
                <cc:log id="Log">
                    <cc:log-message>
                        <cc:text>---Log----</cc:text>
                        <cc:line-separator/>
                        <cc:message-content/>
                    </cc:log-message>
                </cc:log>
            </cc:steps>
        </cc:async-mediation>
        <cc:local-in id="Log" routes-to="AsyncMediation12"/>
        <cc:local-out id="CallCloseAgg000" store-message="none" endpoint="vm://INT1582_Concat_File/CloseAggregatoraudit">
            <cc:set name="error.collator1" value="props['close.audit.log2'] = true"/>
        </cc:local-out>
        <cc:async-mediation id="AsyncMediation8" routes-to="AsyncMediation3">
            <cc:steps>
                <cc:eval id="Eval">
                    <cc:expression>props['DD.exists'] = parts[0].xpathB('Pft/PmtInf')</cc:expression>
                </cc:eval>
                <cc:log id="Log">
                    <cc:log-message>
                        <cc:text>--Aff final Agg-- eftdd&#xD;
props['DD'] = @{props['DD']}&#xD;
props['DD1'] =@{props['DD1']}&#xD;
props['DD.exists'] = @{props['DD.exists']}&#xD;
props['DD1.exists'] = @{props['DD1.exists'] }&#xD;
</cc:text>
                        <cc:message-content/>
                    </cc:log-message>
                </cc:log>
            </cc:steps>
        </cc:async-mediation>
        <cc:async-mediation id="AsyncMediation80" routes-to="AsyncMediation30">
            <cc:steps>
                <cc:eval id="Eval">
                    <cc:expression>props['DD1.exists'] = parts[0].xpathB('Pft/PmtInf')</cc:expression>
                </cc:eval>
                <cc:log id="Log">
                    <cc:log-message>
                        <cc:text>--Aff final Agg-- eftww&#xD;
props['DD'] = @{props['DD']}&#xD;
props['DD1'] =@{props['DD1']}&#xD;
props['DD1.exists'] = @{props['DD1.exists']}&#xD;
props['DD.exists'] = @{props['DD.exists']}&#xD;
</cc:text>
                        <cc:message-content/>
                    </cc:log-message>
                </cc:log>
            </cc:steps>
        </cc:async-mediation>
	</cc:assembly>

</beans>