<?xml version="1.0" encoding="UTF-8"?>
<beans
     xmlns="http://www.springframework.org/schema/beans"
     xmlns:beans="http://www.springframework.org/schema/beans"
     xmlns:atom="http://www.w3.org/2005/Atom"
     xmlns:cc="http://www.capeclear.com/assembly/10"
     xmlns:cloud="urn:com.workday/esb/cloud/10.0"
     xmlns:env="http://schemas.xmlsoap.org/soap/envelope/"
     xmlns:pi="urn:com.workday/picof"
     xmlns:wd="urn:com.workday/bsvc"
     xmlns:xsi="http://www.w3.org/2001/XMLSchema-instance">
 
	<cc:assembly id="WorkdayAssembly" version="2019.35">
        <cc:local-in id="CriticalInitialError" routes-to="SetCriticalErrorFlag"><cc:parameter name="p.report.name"/></cc:local-in>
        <cc:async-mediation id="SetCriticalErrorFlag">
            <cc:steps>
                <cc:eval id="Eval">
                    <cc:expression>props['error.occured'] = true</cc:expression>
                </cc:eval>
                <cc:cloud-log id="CloudLog" level="error" message="Error Transforming the report - @{props['p.report.name']}" message-details="@{context.errorMessage}" output-file-type="HTML" reference-id="intsys.reportService.identifier.wid" variable-name="v.CloudLog"/>
            </cc:steps>
        </cc:async-mediation>
        <cc:local-out id="CallReports" store-message="none" execute-when="!props['critical.error.occurred']" routes-response-to="AsyncMediation6" endpoint="vm://INT0100-eLearning-HR-Data-Outbound/ProcessReprots"/>
        <cc:local-out id="CallInit" store-message="none" routes-response-to="CallReports" endpoint="vm://INT0100-eLearning-HR-Data-Outbound/Init"/>
        <cc:local-in id="Init" routes-to="Initialization"/>
        <cc:local-out id="CallCritical1" store-message="none" endpoint="vm://INT0100-eLearning-HR-Data-Outbound/CriticalInitialError">
            
        </cc:local-out>
        <cc:async-mediation id="Initialization" handle-downstream-errors="true">
            <cc:steps>
                <cc:eval id="InitProps"><cc:expression>props['critical.error.occurred'] = false; props['error.occured'] = false</cc:expression>
                    <cc:expression>props['file.name1'] = lp.getSequencedValue('INT0100SeqCurriculum')</cc:expression>
                    <cc:expression>props['file.name2'] = lp.getSequencedValue('INT0100SeqCourses')</cc:expression>
                    <cc:expression>props['file.name3'] = lp.getSequencedValue('INT0100SeqCourseOffering')</cc:expression>
                    <cc:expression>props['file.name4'] = lp.getSequencedValue('INT0100SeqRegistration')</cc:expression>
                    <cc:expression>props['file.name5'] = lp.getSequencedValue('INT0100SeqLearningEnrollments')</cc:expression>
                    <cc:expression>props['file.name6'] = lp.getSequencedValue('INT0100SeqDemographic')</cc:expression>
                    <cc:expression>//props['file.name'] = 'INT0100_file.xlsx'</cc:expression>
                    <cc:expression>vars['var.Curriculum'] = ''; vars['var.Courses'] = ''; vars['var.Course.Offering'] = ''; vars['var.Learning.Enrollments'] = ''; vars['var.Registration'] = ''</cc:expression>
                </cc:eval>
                <cc:eval id="LP">
                    <cc:expression>props['lp.effective.date'] = lp.getSimpleData('As of Entry')</cc:expression>
                    <cc:expression>props['ia.doc.ret.policy'] = intsys.getAttribute('Document Retention Policy')</cc:expression>
                    <cc:expression>props['effective.date'] = lp.getSimpleData('As of Entry').substring(0,10)</cc:expression>
                    <cc:expression>props['p.registration.date.from'] = lp.getSimpleData('Include Registration Date from :')</cc:expression>
                    <cc:expression>props['p.registration.date.to'] = lp.getSimpleData('Include Registration Date to :')</cc:expression>
                    <cc:expression>props['p.course.completion.date.from'] = lp.getSimpleData('Include Couse Completion Date from :')</cc:expression>
                    <cc:expression>props['p.course.completion.date.to'] = lp.getSimpleData('Include Couse Completion Date to :')</cc:expression>
                    <cc:expression>props['p.exclude.curriculum.file'] = (Boolean) lp.getSimpleData('Exclude Curriculum File')</cc:expression>
                    <cc:expression>props['p.exclude.courses.file'] = (Boolean) lp.getSimpleData('Exclude Courses File')</cc:expression>
                    <cc:expression>props['p.exclude.course.offering.file'] = (Boolean) lp.getSimpleData('Exclude Course Offering File')</cc:expression>
                    <cc:expression>props['p.exclude.learning.enrollments.file'] = (Boolean) lp.getSimpleData('Exclude Learning Enrollments File')</cc:expression>
                    <cc:expression>props['p.exclude.registration.file'] = (Boolean) lp.getSimpleData('Exclude Registration File')</cc:expression>
                    <cc:expression>props['p.exclude.demographic.file'] = (Boolean) lp.getSimpleData('Exclude Demographic File')</cc:expression>
                </cc:eval>
                <cc:log id="Log">
                    <cc:log-message>
                        <cc:text>**************************&#xD;
Launch Parameters Start&#xD;
**************************&#xD;
&#xD;
props['p.registration.date.from'] = @{props['p.registration.date.from']}&#xD;
props['p.registration.date.to'] = @{props['p.registration.date.to']}&#xD;
props['p.course.completion.date.from'] = @{props['p.course.completion.date.from']}&#xD;
props['p.course.completion.date.to'] = @{props['p.course.completion.date.to']}&#xD;
</cc:text>
                    </cc:log-message>
                </cc:log>
            </cc:steps>
            <cc:send-error id="SendError" routes-to="CallCritical1"/>
        </cc:async-mediation>
        <cc:workday-in id="INT0100" routes-to="CallInit">
            <cc:integration-system name="INT0100 - eLearning HR Data Outbound">
        <cloud:param name="As of Entry">
          <cloud:type>
            <cloud:simple-type>datetime</cloud:simple-type>
          </cloud:type>
          <cloud:default>
            <cloud:class-report-field description="Current Moment (DateTime)" type="WID">df4effe76deb4222a79001d6737cf91c</cloud:class-report-field>
          </cloud:default>
        </cloud:param>
        <cloud:param name="Include Registration Date from :">
          <cloud:type>
            <cloud:simple-type>datetime</cloud:simple-type>
          </cloud:type>
          <cloud:default>
            <cloud:dateTime>1900-01-01T00:00:00.895-05:00</cloud:dateTime>
          </cloud:default>
        </cloud:param>
        <cloud:param name="Include Registration Date to :">
          <cloud:type>
            <cloud:simple-type>datetime</cloud:simple-type>
          </cloud:type>
          <cloud:default>
            <cloud:dateTime>3000-12-31T00:00:00.895-05:00</cloud:dateTime>
          </cloud:default>
        </cloud:param>
        <cloud:param name="Include Couse Completion Date from :">
          <cloud:type>
            <cloud:simple-type>datetime</cloud:simple-type>
          </cloud:type>
          <cloud:default>
            <cloud:dateTime>1900-01-01T00:00:00.895-05:00</cloud:dateTime>
          </cloud:default>
        </cloud:param>
        <cloud:param name="Include Couse Completion Date to :">
          <cloud:type>
            <cloud:simple-type>datetime</cloud:simple-type>
          </cloud:type>
          <cloud:default>
            <cloud:dateTime>3000-12-31T00:00:00.895-05:00</cloud:dateTime>
          </cloud:default>
        </cloud:param>
        <cloud:param name="Exclude Curriculum File">
          <cloud:type>
            <cloud:simple-type>boolean</cloud:simple-type>
          </cloud:type>
          <cloud:default>
            <cloud:boolean>false</cloud:boolean>
          </cloud:default>
        </cloud:param>
        <cloud:param name="Exclude Courses File">
          <cloud:type>
            <cloud:simple-type>boolean</cloud:simple-type>
          </cloud:type>
          <cloud:default>
            <cloud:boolean>false</cloud:boolean>
          </cloud:default>
        </cloud:param>
        <cloud:param name="Exclude Course Offering File">
          <cloud:type>
            <cloud:simple-type>boolean</cloud:simple-type>
          </cloud:type>
          <cloud:default>
            <cloud:boolean>false</cloud:boolean>
          </cloud:default>
        </cloud:param>
        <cloud:param name="Exclude Learning Enrollments File">
          <cloud:type>
            <cloud:simple-type>boolean</cloud:simple-type>
          </cloud:type>
          <cloud:default>
            <cloud:boolean>false</cloud:boolean>
          </cloud:default>
        </cloud:param>
        <cloud:param name="Exclude Registration File">
          <cloud:type>
            <cloud:simple-type>boolean</cloud:simple-type>
          </cloud:type>
          <cloud:default>
            <cloud:boolean>false</cloud:boolean>
          </cloud:default>
        </cloud:param>
        <cloud:param name="Exclude Demographic File">
          <cloud:type>
            <cloud:simple-type>boolean</cloud:simple-type>
          </cloud:type>
          <cloud:default>
            <cloud:boolean>false</cloud:boolean>
          </cloud:default>
        </cloud:param>
        <cloud:attribute-map-service name="INT0100-Generic">
          <cloud:attribute name="Document Retention Policy">
            <cloud:type>
              <cloud:simple-type>text</cloud:simple-type>
            </cloud:type>
          </cloud:attribute>
        </cloud:attribute-map-service>
        <cloud:sequence-generator-service name="INT0100-Sequence">
          <cloud:sequencer>INT0100SeqCourses</cloud:sequencer>
          <cloud:sequencer>INT0100SeqCurriculum</cloud:sequencer>
          <cloud:sequencer>INT0100SeqCourseOffering</cloud:sequencer>
          <cloud:sequencer>INT0100SeqLearningEnrollments</cloud:sequencer>
          <cloud:sequencer>INT0100SeqDemographic</cloud:sequencer>
          <cloud:sequencer>INT0100SeqRegistration</cloud:sequencer>
        </cloud:sequence-generator-service>
        <cloud:report-service name="INT0100-Report">
          <cloud:report-alias description="INT0100 - eLearning HR Data Outbound - Curriculum" name="INT0100 Curriculum">
            <cloud:report-reference description="INT0100 - eLearning HR Data Outbound - Learning Program (Curriculum)" type="WID">46cfe000a0d701dfe1beb11aea02d3d2</cloud:report-reference>
          </cloud:report-alias>
          <cloud:report-alias description="INT0100 - eLearning HR Data Outbound - Courses (Items)" name="INT0100 Courses">
            <cloud:report-reference description="INT0100 - eLearning HR Data Outbound - Courses (Items)" type="WID">46cfe000a0d70181f1d9381bea020ed3</cloud:report-reference>
          </cloud:report-alias>
          <cloud:report-alias description="INT0100 - eLearning HR Data Outbound - Course Offering" name="INT0100 Course Offering">
            <cloud:report-reference description="INT0100 - eLearning HR Data Outbound - Course Offering" type="WID">46cfe000a0d7017c8409e91aea02ebd2</cloud:report-reference>
          </cloud:report-alias>
          <cloud:report-alias description="INT0100 - eLearning HR Data Outbound - Learning Enrollments" name="INT0100 Learning Enrollments">
            <cloud:report-reference description="INT0100 - eLearning HR Data Outbound - Learning Enrollments (Transcripts)" type="WID">46cfe000a0d701714b227b1bea022fd3</cloud:report-reference>
          </cloud:report-alias>
          <cloud:report-alias description="INT0100 - eLearning HR Data Outbound - Registration" name="INT0100 Registration">
            <cloud:report-reference description="INT0100 - eLearning HR Data Outbound - Learning Enrollments (Registration)" type="WID">46cfe000a0d70173e6beb81bea0294d3</cloud:report-reference>
          </cloud:report-alias>
          <cloud:report-alias description="INT0100 - eLearning HR Data Outbound - EE Demographic" name="INT0100 EE Demographic">
            <cloud:report-reference description="INT0100 - eLearning HR Data Outbound - EE Demographic" type="WID">c24c1cc97bb6010d1800cc6b181718ce</cloud:report-reference>
          </cloud:report-alias>
        </cloud:report-service>
      </cc:integration-system>
        </cc:workday-in>
        <cc:workday-out-rest id="CurriculumReport" routes-response-to="AsyncMediation" extra-path="@{intsys.reportService.getExtrapath('INT0100 Curriculum')}"/>
        <cc:async-mediation id="AsyncMediation" routes-to="StoreFile1" continue-after-error="recover">
            <cc:steps>
                <cc:validate-exp id="ValidateExp">
                    <cc:expression failure-message="No row to process for Curriculum">parts[0].xstreamB('wd:Report_Data/wd:Report_Entry')</cc:expression>
                </cc:validate-exp>
                <cc:xslt-plus id="XsltPlus" url="INT0100Curriculum.xsl"/>
                <cc:xml-to-csv id="XmlToCsv" output="variable" output-variable="var.Curriculum" format="rfc4180" writeHeaderLine="true"/>
                <cc:store id="Store" output="variable" output-variable="var.Curriculum.out" input="variable" input-variable="var.Curriculum" createDocumentReference="false" expiresIn="P@{props['ia.doc.ret.policy']}D" title="@{props['file.name1']}"/>
            </cc:steps>
            <cc:send-error id="SendError" routes-to="CurriculamError"/>
        </cc:async-mediation>
        <cc:workday-out-rest id="CoursesReport" routes-response-to="AsyncMediation0" extra-path="@{intsys.reportService.getExtrapath('INT0100 Courses')}"/>
        <cc:workday-out-rest id="CourseOfferingReport" routes-response-to="AsyncMediation1" extra-path="@{intsys.reportService.getExtrapath('INT0100 Course Offering')}"/>
        <cc:workday-out-rest id="LearningEnrollmentsReport" routes-response-to="AsyncMediation2" extra-path="@{props['p.enrollment.report.url']}"/>
        <cc:workday-out-rest id="RegistrationReport" routes-response-to="AsyncMediation3" extra-path="@{props['p.registration.report.url']}"/>
        <cc:async-mediation id="AsyncMediation0" routes-to="StoreFile2" continue-after-error="recover">
            <cc:steps>
                <cc:validate-exp id="ValidateExp">
                    <cc:expression failure-message="No row to process for Courses">parts[0].xstreamB('wd:Report_Data/wd:Report_Entry')</cc:expression>
                </cc:validate-exp>
                <cc:xslt-plus id="XsltPlus" url="INT0100CoursesItems.xsl"/>
                <cc:xml-to-csv id="XmlToCsv" output="variable" output-variable="var.Courses" format="rfc4180" writeHeaderLine="true"/>
                <cc:store id="Store" output="variable" output-variable="var.Courses.out" input="variable" input-variable="var.Courses" createDocumentReference="false" expiresIn="P@{props['ia.doc.ret.policy']}D" title="@{props['file.name2']}"/>
            </cc:steps>
            <cc:send-error id="SendError" routes-to="CoursesError"/>
        </cc:async-mediation>
        <cc:async-mediation id="AsyncMediation1" routes-to="StoreFile3" continue-after-error="recover">
            <cc:steps>
                <cc:validate-exp id="ValidateExp">
                    <cc:expression failure-message="No row to process for CourseOffering">parts[0].xstreamB('wd:Report_Data/wd:Report_Entry')</cc:expression>
                </cc:validate-exp>
                <cc:xslt-plus id="XsltPlus" url="INT0100CoursesOffering.xsl"/>
                <cc:xml-to-csv id="XmlToCsv" output="variable" output-variable="var.Course.Offering" format="rfc4180" writeHeaderLine="true"/>
                <cc:store id="Store" output="variable" output-variable="var.Course.Offering.out" input="variable" input-variable="var.Course.Offering" createDocumentReference="false" expiresIn="P@{props['ia.doc.ret.policy']}D" title="@{props['file.name3']}"/>
            </cc:steps>
            <cc:send-error id="SendError" routes-to="CourseOffError"/>
        </cc:async-mediation>
        <cc:async-mediation id="AsyncMediation2" routes-to="StoreFile5" continue-after-error="recover">
            <cc:steps>
                <cc:validate-exp id="ValidateExp">
                    <cc:expression failure-message="No row to process for Registration">parts[0].xstreamB('wd:Report_Data/wd:Report_Entry')</cc:expression>
                </cc:validate-exp>
                <cc:xslt-plus id="XsltPlus" url="INT0100LearningEnrollments.xsl"/>
                <cc:xml-to-csv id="XmlToCsv" output="variable" output-variable="var.Learning.Enrollments" format="rfc4180" writeHeaderLine="true"/>
                <cc:store id="Store" output="variable" output-variable="var.Learning.Enrollments.out" input="variable" input-variable="var.Learning.Enrollments" createDocumentReference="false" expiresIn="P@{props['ia.doc.ret.policy']}D" title="@{props['file.name5']}"/>
            </cc:steps>
            <cc:send-error id="SendError" routes-to="LearnErollError"/>
        </cc:async-mediation>
        <cc:async-mediation id="AsyncMediation3" routes-to="StoreFile4" continue-after-error="recover">
            <cc:steps>
                <cc:validate-exp id="ValidateExp">
                    <cc:expression failure-message="No row to process for LearningEnrollments">parts[0].xstreamB('wd:Report_Data/wd:Report_Entry')</cc:expression>
                </cc:validate-exp>
                <cc:xslt-plus id="XsltPlus" url="INT0100Registration.xsl"/>
                <cc:xml-to-csv id="XmlToCsv" output="variable" output-variable="var.Registration" format="rfc4180" writeHeaderLine="true"/>
                <cc:store id="Store" output="variable" output-variable="var.Registration.out" input="variable" input-variable="var.Registration" createDocumentReference="false" expiresIn="P@{props['ia.doc.ret.policy']}D" title="@{props['file.name4']}"/>
            </cc:steps>
            <cc:send-error id="SendError" routes-to="RegisError"/>
        </cc:async-mediation>
        <cc:local-in id="ProcessReprots" routes-to="Route"/>
        <cc:send-error id="global-error-handler" rethrow-error="false" routes-to="Note-Error"/>
        <cc:local-out id="Note-Error" endpoint="vm://wcc/PutIntegrationMessage">
            <cc:set name="is.message.severity" value="'CRITICAL'"/>
            <cc:set name="is.message.summary" value="context.errorMessage"/>
        </cc:local-out>
        <cc:route id="Route">
            <cc:all-strategy/>
            <cc:sub-route name="Curriculum" routes-to="CallProcessCurriculam"/>
            <cc:sub-route name="Courses" routes-to="CallProcessCourses"/>
            <cc:sub-route name="CourseOffering" routes-to="CallProcessCourseOfferring"/>
            <cc:sub-route name="LearningEnrollments" routes-to="CallProcessRegis"/>
            <cc:sub-route name="Registration" routes-to="CallProcessLearnEnroll"/>
            <cc:sub-route name="Demographic" routes-to="CallEEDemographic"/>
        </cc:route>
        <cc:async-mediation id="AsyncMediation6" routes-to="PutIntegrationMessage0" execute-steps-when="vars.isVariable('v.CloudLog')">
            <cc:steps>
                <cc:store id="Store" input="variable" input-variable="v.CloudLog" expiresIn="P180D" title="INT0100_Error_Log.html"/>
            </cc:steps>
        </cc:async-mediation>
        <cc:async-mediation id="AsyncMediation7" routes-to="CourseOfferingReport" handle-downstream-errors="true">
            <cc:steps/>
            <cc:send-error id="SendError" routes-to="CourseOffError"/>
        </cc:async-mediation>
        <cc:local-out id="CourseOffError" store-message="none" endpoint="vm://INT0100-eLearning-HR-Data-Outbound/CriticalInitialError"><cc:set name="p.report.name" value="'INT0100 - eLearning HR Data Outbound - Course Offering'"/></cc:local-out>
        <cc:local-out id="LearnErollError" store-message="none" endpoint="vm://INT0100-eLearning-HR-Data-Outbound/CriticalInitialError"><cc:set name="p.report.name" value="'INT0100 - eLearning HR Data Outbound - Learning Enrollments (Transcripts)'"/></cc:local-out>
        <cc:async-mediation id="AsyncMediation70" routes-to="LearningEnrollmentsReport" handle-downstream-errors="true">
            <cc:steps>
                <cc:eval id="Eval">
                    <cc:expression>//props['p.enrollment.report.url'] = props['p.course.completion.date'] == '' || props['p.course.completion.date'] == null || props['p.course.completion.date'] == empty ? intsys.reportService.getExtrapath('INT0100 Learning Enrollments') : intsys.reportService.getExtrapath('INT0100 Learning Enrollments') + '?completionDate=' + props['p.course.completion.date']</cc:expression>
                    <cc:expression>props['p.enrollment.report.url'] = intsys.reportService.getExtrapath('INT0100 Learning Enrollments');&#xD;
props['p.enrollment.report.url'] = props['p.course.completion.date.from'] != '' &amp;&amp; props['p.course.completion.date.from'] != 'null' &amp;&amp; props['p.course.completion.date.from'] != empty ? intsys.reportService.getExtrapath('INT0100 Learning Enrollments') + '?completionDateStart=' + props['p.course.completion.date.from'] : intsys.reportService.getExtrapath('INT0100 Learning Enrollments');&#xD;
props['p.enrollment.report.url'] = props['p.course.completion.date.to'] != '' &amp;&amp; props['p.course.completion.date.to'] != 'null' &amp;&amp; props['p.course.completion.date.to'] != empty ? intsys.reportService.getExtrapath('INT0100 Learning Enrollments') + '?completionDateEnd=' + props['p.course.completion.date.to'] : props['p.enrollment.report.url'];&#xD;
props['p.enrollment.report.url'] = (props['p.course.completion.date.from'] != '' &amp;&amp; props['p.course.completion.date.from'] != 'null' &amp;&amp; props['p.course.completion.date.from'] != empty) &amp;&amp; (props['p.course.completion.date.to'] != '' &amp;&amp; props['p.course.completion.date.to'] != 'null' &amp;&amp; props['p.course.completion.date.to'] != empty) ? intsys.reportService.getExtrapath('INT0100 Learning Enrollments') + '?completionDateStart=' + props['p.course.completion.date.from'] + '&amp;completionDateEnd=' + props['p.course.completion.date.to'] : props['p.enrollment.report.url'];</cc:expression>
                </cc:eval>
                <cc:log id="Log">
                    <cc:log-message>
                        <cc:text>******************************&#xD;
Learning Enrollments Report&#xD;
******************************&#xD;
&#xD;
props['p.enrollment.report.url'] = @{props['p.enrollment.report.url']}</cc:text>
                    </cc:log-message>
                </cc:log>
            </cc:steps>
            <cc:send-error id="SendError" routes-to="LearnErollError"/>
        </cc:async-mediation>
        <cc:local-out id="CoursesError" store-message="none" endpoint="vm://INT0100-eLearning-HR-Data-Outbound/CriticalInitialError"><cc:set name="p.report.name" value="'INT0100 - eLearning HR Data Outbound - Courses (Items)'"/></cc:local-out>
        <cc:async-mediation id="AsyncMediation71" routes-to="CoursesReport" handle-downstream-errors="true">
            <cc:steps/>
            <cc:send-error id="SendError" routes-to="CoursesError"/>
        </cc:async-mediation>
        <cc:local-out id="RegisError" store-message="none" endpoint="vm://INT0100-eLearning-HR-Data-Outbound/CriticalInitialError"><cc:set name="p.report.name" value="'INT0100 - eLearning HR Data Outbound - Learning Enrollments (Registration)'"/></cc:local-out>
        <cc:async-mediation id="AsyncMediation72" routes-to="RegistrationReport" handle-downstream-errors="true">
            <cc:steps>
                <cc:eval id="Eval">
                    <cc:expression>//props['p.registration.report.url'] = props['p.registration.date'] == '' || props['p.registration.date'] == null || props['p.registration.date'] == empty ? intsys.reportService.getExtrapath('INT0100 Registration') : intsys.reportService.getExtrapath('INT0100 Registration') + '?registrationDate=' + props['p.registration.date']</cc:expression>
                    <cc:expression>props['p.registration.report.url'] = intsys.reportService.getExtrapath('INT0100 Registration') ;&#xD;
props['p.registration.report.url'] = props['p.registration.date.from'] != '' &amp;&amp; props['p.registration.date.from'] != 'null' &amp;&amp; props['p.registration.date.from'] != empty ? intsys.reportService.getExtrapath('INT0100 Registration') + '?registrationDateStart=' + props['p.registration.date.from'] : props['p.registration.report.url'];&#xD;
props['p.registration.report.url'] = props['p.registration.date.to'] != '' &amp;&amp; props['p.registration.date.to'] != 'null' &amp;&amp; props['p.registration.date.to'] != empty ? intsys.reportService.getExtrapath('INT0100 Registration') + '?registrationDateEnd=' + props['p.registration.date.to'] : props['p.registration.report.url'];&#xD;
props['p.registration.report.url'] = (props['p.registration.date.from'] != '' &amp;&amp; props['p.registration.date.from'] != 'null' &amp;&amp; props['p.registration.date.from'] != empty) &amp;&amp; (props['p.registration.date.to'] != '' &amp;&amp; props['p.registration.date.to'] != 'null' &amp;&amp; props['p.registration.date.to'] != empty) ? intsys.reportService.getExtrapath('INT0100 Registration') + '?registrationDateStart=' + props['p.registration.date.from'] + '&amp;registrationDateEnd=' + props['p.registration.date.to'] : props['p.registration.report.url'];</cc:expression>
                </cc:eval>
                <cc:log id="Log">
                    <cc:log-message>
                        <cc:text>******************************&#xD;
Learning Registration Report&#xD;
******************************&#xD;
&#xD;
props['p.registration.report.url'] = @{props['p.registration.report.url']}</cc:text>
                    </cc:log-message>
                </cc:log>
            </cc:steps>
            <cc:send-error id="SendError" routes-to="RegisError"/>
        </cc:async-mediation>
        <cc:local-out id="CurriculamError" store-message="none" endpoint="vm://INT0100-eLearning-HR-Data-Outbound/CriticalInitialError"><cc:set name="p.report.name" value="'INT0100 - eLearning HR Data Outbound - Learning Program (Curriculum)'"/></cc:local-out>
        <cc:async-mediation id="AsyncMediation73" routes-to="CurriculumReport" continue-after-error="rewind" handle-downstream-errors="true">
            <cc:steps/>
            <cc:send-error id="SendError" routes-to="CurriculamError"/>
        </cc:async-mediation>
        <cc:local-in id="ProcessCurriculam" routes-to="AsyncMediation73"/>
        <cc:local-in id="ProcessCourses" routes-to="AsyncMediation71"/>
        <cc:local-in id="ProcessCourseOfferring" routes-to="AsyncMediation7"/>
        <cc:local-in id="ProcessLearnEnroll" routes-to="AsyncMediation70"/>
        <cc:local-in id="ProcessRegis" routes-to="AsyncMediation72"/>
        <cc:local-out id="CallProcessCurriculam" execute-when="!props['p.exclude.curriculum.file']" endpoint="vm://INT0100-eLearning-HR-Data-Outbound/ProcessCurriculam"/>
        <cc:local-out id="CallProcessCourses" execute-when="!props['p.exclude.courses.file']" endpoint="vm://INT0100-eLearning-HR-Data-Outbound/ProcessCourses"/>
        <cc:local-out id="CallProcessCourseOfferring" execute-when="!props['p.exclude.course.offering.file']" endpoint="vm://INT0100-eLearning-HR-Data-Outbound/ProcessCourseOfferring"/>
        <cc:local-out id="CallProcessRegis" execute-when="!props['p.exclude.registration.file']" endpoint="vm://INT0100-eLearning-HR-Data-Outbound/ProcessRegis"/>
        <cc:local-out id="CallProcessLearnEnroll" execute-when="!props['p.exclude.learning.enrollments.file']" endpoint="vm://INT0100-eLearning-HR-Data-Outbound/ProcessLearnEnroll"/>
        <cc:local-out id="PutIntegrationMessage0" execute-when="props['error.occured']" endpoint="vm://wcc/PutIntegrationMessage"><cc:set name="is.message.severity" value="'ERROR'"/><cc:set name="is.message.summary" value="'Integration Completed with Error - Refer the Cloud Log for more details'"/></cc:local-out>
        <cc:local-out id="CallEEDemographic" store-message="none" execute-when="!props['p.exclude.demographic.file']" endpoint="vm://INT0100-eLearning-HR-Data-Outbound/ProcessDemographic"/>
        <cc:local-in id="ProcessDemographic" routes-to="AsyncMediation5"/>
        <cc:async-mediation id="AsyncMediation5" routes-to="EEDemographicReport">
            <cc:steps/>
            <cc:send-error id="SendError" routes-to="DemographicError"/>
        </cc:async-mediation>
        <cc:local-out id="DemographicError" store-message="none" endpoint="vm://INT0100-eLearning-HR-Data-Outbound/CriticalInitialError"><cc:set name="p.report.name" value="'INT0100 - eLearning HR Data Outbound - Demographic'"/></cc:local-out>
        <cc:workday-out-rest id="EEDemographicReport" routes-response-to="AsyncMediation8" extra-path="@{intsys.reportService.getExtrapath('INT0100 EE Demographic')}" method="GET"/>
        <cc:async-mediation id="AsyncMediation8" routes-to="StoreFile6">
            <cc:steps>
                <cc:validate-exp id="ValidateExp">
                    <cc:expression failure-message="No row to process for Demographic">parts[0].xstreamB('wd:Report_Data/wd:Report_Entry')</cc:expression>
                </cc:validate-exp>
                <cc:xslt-plus id="XsltPlus" url="INT0100EEDemographic.xsl"/>
                <cc:xml-to-csv id="XmlToCsv" output="variable" output-variable="wd.Demographic_csv.variable" format="rfc4180" writeHeaderLine="true"/>
                <cc:store id="Store" output="variable" output-variable="wd.Demographic.variable" input="variable" input-variable="wd.Demographic_csv.variable" createDocumentReference="false" expiresIn="P@{props['ia.doc.ret.policy']}D" title="@{props['file.name6']}"/>
            </cc:steps>
            <cc:send-error id="SendError" routes-to="DemographicError"/>
        </cc:async-mediation>
        <cc:local-out id="StoreFile1" endpoint="vm://wcc/PutIntegrationMessage"><cc:set name="is.message.severity" value="'INFO'"/><cc:set name="is.message.summary" value="'Curriculum File generated'"/><cc:set name="is.document.variable.name" value="'var.Curriculum.out'"/><cc:set name="is.document.file.name" value="props['file.name1']"/><cc:set name="is.document.deliverable" value="'true'"/></cc:local-out>
        <cc:local-out id="StoreFile2" endpoint="vm://wcc/PutIntegrationMessage"><cc:set name="is.message.severity" value="'INFO'"/><cc:set name="is.message.summary" value="'Courses File Generated'"/><cc:set name="is.document.variable.name" value="'var.Courses.out'"/><cc:set name="is.document.file.name" value="props['file.name2']"/><cc:set name="is.document.deliverable" value="'true'"/></cc:local-out>
        <cc:local-out id="StoreFile3" endpoint="vm://wcc/PutIntegrationMessage"><cc:set name="is.message.severity" value="'INFO'"/><cc:set name="is.message.summary" value="'Courses Offering File Generated'"/><cc:set name="is.document.deliverable" value="'true'"/><cc:set name="is.document.file.name" value="props['file.name3']"/><cc:set name="is.document.variable.name" value="'var.Course.Offering.out'"/></cc:local-out>
        <cc:local-out id="StoreFile4" endpoint="vm://wcc/PutIntegrationMessage"><cc:set name="is.message.severity" value="'INFO'"/><cc:set name="is.message.summary" value="'Registration File Generated'"/><cc:set name="is.document.variable.name" value="'var.Registration.out'"/><cc:set name="is.document.deliverable" value="'true'"/><cc:set name="is.document.file.name" value="props['file.name4']"/></cc:local-out>
        <cc:local-out id="StoreFile5" endpoint="vm://wcc/PutIntegrationMessage"><cc:set name="is.message.severity" value="'INFO'"/><cc:set name="is.message.summary" value="'Learning Enrollment File Generated'"/><cc:set name="is.document.variable.name" value="'var.Learning.Enrollments.out'"/><cc:set name="is.document.file.name" value="props['file.name5']"/><cc:set name="is.document.deliverable" value="'true'"/></cc:local-out>
        <cc:local-out id="StoreFile6" endpoint="vm://wcc/PutIntegrationMessage"><cc:set name="is.message.severity" value="'INFO'"/><cc:set name="is.message.summary" value="'Demographic File Generated'"/><cc:set name="is.document.file.name" value="props['file.name6']"/><cc:set name="is.document.variable.name" value="'wd.Demographic.variable'"/><cc:set name="is.document.deliverable" value="'true'"/></cc:local-out>
	</cc:assembly>

</beans>