<?xml version="1.0" encoding="UTF-8"?>
<beans
     xmlns="http://www.springframework.org/schema/beans"
     xmlns:beans="http://www.springframework.org/schema/beans"
     xmlns:atom="http://www.w3.org/2005/Atom"
     xmlns:cc="http://www.capeclear.com/assembly/10"
     xmlns:cloud="urn:com.workday/esb/cloud/10.0"
     xmlns:env="http://schemas.xmlsoap.org/soap/envelope/"
     xmlns:pi="urn:com.workday/picof"
     xmlns:wd="urn:com.workday/bsvc"
     xmlns:xsi="http://www.w3.org/2001/XMLSchema-instance">
 
	<cc:assembly id="ImportTransactions" version="2019.6">
        <cc:workday-in id="StartHere" routes-to="CallInit">
            <cc:integration-system name="FINT050VisaCreditCardInboundIntegration">
        <cloud:param name="Validation Mode">
          <cloud:type>
            <cloud:simple-type>boolean</cloud:simple-type>
          </cloud:type>
          <cloud:default>
            <cloud:boolean>true</cloud:boolean>
          </cloud:default>
        </cloud:param>
        <cloud:attribute-map-service name="FINT050AttributeService">
          <cloud:attribute name="Load Credit Card Info">
            <cloud:type>
              <cloud:simple-type>boolean</cloud:simple-type>
            </cloud:type>
          </cloud:attribute>
          <cloud:attribute name="Load Credit Card Transactions">
            <cloud:type>
              <cloud:simple-type>boolean</cloud:simple-type>
            </cloud:type>
          </cloud:attribute>
          <cloud:attribute name="Version">
            <cloud:type>
              <cloud:simple-type>text</cloud:simple-type>
            </cloud:type>
          </cloud:attribute>
          <cloud:map name="CreditCardStatus">
            <cloud:internal-type>
              <cloud:simple-type>text</cloud:simple-type>
            </cloud:internal-type>
            <cloud:external-type>
              <cloud:simple-type>text</cloud:simple-type>
            </cloud:external-type>
          </cloud:map>
        </cloud:attribute-map-service>
        <cloud:retrieval-service name="FINT050RetrievalService"/>
      </cc:integration-system>
        </cc:workday-in>
        <cc:local-in id="Init" routes-to="InitializeProps"/>
        <cc:local-out id="CallInit" store-message="none" routes-response-to="CallGetFile" endpoint="vm://FINT050VisaCreditCardInboundIntegration/Init"/>
        <cc:local-out id="CallGetFile" store-message="none" routes-response-to="CallStoreLogs" endpoint="vm://FINT050VisaCreditCardInboundIntegration/GetFile"/>
        <cc:async-mediation id="InitializeProps" handle-downstream-errors="true">
            <cc:steps>
                <cc:eval id="Eval">
                    <cc:expression>props['p.processing.log'] = new java.lang.StringBuilder();</cc:expression>
                    <cc:expression>props['today.date'] = util.currentDateTimeAsString()</cc:expression>
                    <cc:expression>props['today.date'] = props['today.date'].toString().substring(0, 10)</cc:expression>
                    <cc:expression>props['aggregateXml'] == false</cc:expression>
                    <cc:expression>props['load_credit_card_information'] = intsys.getAttribute('FINT050AttributeService', 'Load Credit Card Info')</cc:expression>
                    <cc:expression>props['load_credit_card_transactions'] = intsys.getAttribute('FINT050AttributeService', 'Load Credit Card Transactions')</cc:expression>
                    <cc:expression>props['version'] = intsys.getAttribute('Version')</cc:expression>
                    <cc:expression>props['lp.validation.mode'] = lp.getSimpleData('Validation Mode')</cc:expression>
                    <cc:expression>props['critical.error.occurred'] = false</cc:expression>
                </cc:eval>
            </cc:steps>
            <cc:send-error id="SendError" routes-to="InitError"/>
        </cc:async-mediation>
        <cc:local-in id="GetFile" routes-to="RetrieveFile"/>
        <cc:async-mediation id="RetrieveFile" routes-to="EvalFile" handle-downstream-errors="true">
            <cc:steps>
                <cc:eval id="Eval"><cc:expression>props['file_count']= da.size()</cc:expression><cc:expression>props['file_processed']= 0</cc:expression><cc:expression>props['current.date']=util.currentDateAsString().toString().substring(0,10)</cc:expression><cc:expression>props['error.log'] = new java.lang.StringBuilder();</cc:expression><cc:expression>props['success.log'] = new java.lang.StringBuilder();</cc:expression><cc:expression>props['record.type'] = '00';</cc:expression><cc:expression>props['eight.record'] = false;</cc:expression><cc:expression>props['nine.record'] = false;</cc:expression><cc:expression>props['p.errors'] = false;</cc:expression><cc:expression>props['date.time']=  new java.text.SimpleDateFormat(&quot;yyyyMMdd_HHmmss&quot;).format(new java.util.Date())</cc:expression>
                    <cc:expression>props['file.name'] = da.getFileName(0)</cc:expression></cc:eval>
            </cc:steps>
            <cc:send-error id="SendError" routes-to="RetrievalError"/>
        </cc:async-mediation>
        <cc:local-out id="InitError" store-message="none" endpoint="vm://wcc/PutIntegrationMessage"><cc:set name="is.message.severity" value="&quot;ERROR&quot;"/><cc:set name="is.message.summary" value="&quot;An error ocurred at initialization&quot;"/></cc:local-out>
        <cc:route id="EvalFile">
            <cc:mvel-strategy>
                <cc:choose-route expression="props['file_count'] >0" route="FileFound"/>
                <cc:choose-route expression="true" route="NoFile"/>
            </cc:mvel-strategy>
            <cc:sub-route name="FileFound" routes-to="Route"/>
            <cc:sub-route name="NoFile" routes-to="NoFileDoNothing"/>
        </cc:route>
        <cc:route id="Route">
            <cc:doc-iterator/>
            <cc:sub-route name="SubRoute" routes-to="GetFileName"/>
        </cc:route>
        <cc:async-mediation id="GetFileName" routes-to="CallCreateXml">
            <cc:steps>
                <cc:eval id="Eval"><cc:expression>props['file.name'] = vars['wd.retrieve.variable'].fileName</cc:expression><cc:expression>props['file.name.datetime'] = props['file.name'] +'.'+props['date.time']</cc:expression><cc:expression>props['file.name.no.extension'] = props['file.name'].replaceAll(&quot;.PGP&quot;, &quot;&quot;);</cc:expression></cc:eval>
                <cc:copy id="Copy" output-mimetype="text/xml" input="variable" input-variable="wd.retrieve.variable"/>
                <cc:log id="Log">
                    <cc:log-message>
                        <cc:text>*************&#xD;
Initial file</cc:text>
                        <cc:message-content/>
                        <cc:text>file end&#xD;
***************</cc:text>
                    </cc:log-message>
                </cc:log>
                <cc:store id="Store" input="variable" input-variable="wd.retrieve.variable"/>
            </cc:steps>
        </cc:async-mediation>
        <cc:async-mediation id="HardcodeFile" routes-to="CallCreateXml">
            <cc:steps>
                <cc:write id="Write" output="variable" output-variable="wd.retrieve.variable" input="message">
                    <cc:message>
                        <cc:static-file input-file="VISA.CCARD.VCFUS10250.9424990.201905081129006.txt"/>
                    </cc:message>
                </cc:write>
            </cc:steps>
        </cc:async-mediation>
        <cc:local-out id="RetrievalError" store-message="none" endpoint="vm://wcc/PutIntegrationMessage"><cc:set name="is.message.severity" value="&quot;ERROR&quot;"/><cc:set name="is.message.summary" value="&quot;An error occurred while retrieving the file&quot;"/></cc:local-out>
        <cc:local-in id="CreateXml" routes-to="CreateRecords"/>
        <cc:async-mediation id="CreateRecords">
            <cc:steps>
                <cc:eval id="Eval">
                    <cc:expression>vars['wd.retrieve.variable'] =  vars['wd.retrieve.variable'].text.replaceAll('\\u001A', '')</cc:expression>
                </cc:eval>
                <cc:textschema id="Textschema" input="variable" input-variable="wd.retrieve.variable" style="text2xml" url="CreateXmlSchema.xsd"/>
                <cc:log id="Log">
                    <cc:log-message>
                        <cc:text>*************************&#xD;
The xml is created here</cc:text>
                        <cc:message-content/>
                        <cc:text>The xml creater ends here&#xD;
************************</cc:text>
                    </cc:log-message>
                </cc:log>
                <cc:store id="Store" output="variable" output-variable="input.xml" expiresIn="P3M" title="RetrievedFile.xml"/>
            </cc:steps>
            <cc:send-error id="SendError" routes-to="CsvToXmlError"/>
        </cc:async-mediation>
        <cc:local-out id="CsvToXmlError" store-message="none" endpoint="vm://wcc/PutIntegrationMessage"><cc:set name="is.message.severity" value="&quot;ERROR&quot;"/><cc:set name="is.message.summary" value="&quot;Error converting to xml: &quot; + context.errorMessage"/></cc:local-out>
        <cc:local-in id="UpdateCreditCardReq" routes-to="CreateCCPutReq"/>
        <cc:async-mediation id="CreateCCPutReq" routes-to="ValidationModeForUpdate" handle-downstream-errors="true">
            <cc:steps>
                <cc:xslt-plus id="UpdateCreditCard" url="UpdateCreditCard.xsl"/>
            </cc:steps>
            <cc:send-error id="SendError" routes-to="CallPutCCError"/>
        </cc:async-mediation>
        <cc:local-in id="GetCreditCard" routes-to="GetCCReq"/>
        <cc:async-mediation id="GetCCReq" routes-to="GetCreditCards" handle-downstream-errors="true">
            <cc:steps>
                <cc:log id="Log">
                    <cc:log-message>
                        <cc:text>************************&#xD;
Start Before XSLT</cc:text>
                        <cc:message-content/>
                        <cc:text>End-Before XSLT&#xD;
********************************************</cc:text>
                    </cc:log-message>
                </cc:log>
                <cc:xslt-plus id="GetCreditCards" url="GetCCReq.xsl"/>
                <cc:log id="Log0">
                    <cc:log-message>
                        <cc:text>************************&#xD;
Start After XSLT</cc:text>
                        <cc:message-content/>
                        <cc:text>End - After XSLT&#xD;
&#xD;
************************&#xD;
</cc:text>
                    </cc:log-message>
                </cc:log>
            </cc:steps>
            <cc:send-error id="SendError" routes-to="CallGetCCError"/>
        </cc:async-mediation>
        <cc:local-out id="CallGetCCError" store-message="none" endpoint="vm://wcc/PutIntegrationMessage"><cc:set name="is.message.severity" value="&quot;ERROR&quot;"/><cc:set name="is.message.summary" value="&quot;An error occured while getting the credit card details: &quot;+ context.errorMessage"/></cc:local-out>
        <cc:local-out id="CallPutCCError" store-message="none" endpoint="vm://wcc/PutIntegrationMessage"><cc:set name="is.message.severity" value="&quot;ERROR&quot;"/><cc:set name="is.message.summary" value="&quot;An error occurred while loading credit card details: &quot;+ context.errorMessage"/></cc:local-out>
        <cc:local-in id="CreditCardTransactions" routes-to="CCTransactions"/>
        <cc:async-mediation id="CCTransactions" routes-to="CallFinalAggregator" handle-downstream-errors="true">
            <cc:steps>
                <cc:xslt-plus id="CreditCardTransaction" url="CreateCCTransaction.xsl"/>
                <cc:eval id="Count_Trans"><cc:expression>props['process.entries.count'] = props['process.entries.count'] + 1</cc:expression></cc:eval>
            </cc:steps>
            <cc:send-error id="SendError" routes-to="updateTransactionError"/>
        </cc:async-mediation>
        <cc:local-out id="updateTransactionError" store-message="none" endpoint="vm://wcc/PutIntegrationMessage"><cc:set name="is.message.severity" value="&quot;ERROR&quot;"/><cc:set name="is.message.summary" value="&quot;An error occurred while updating the transaction details: &quot; + context.errorMessage"/></cc:local-out>
        <cc:local-in id="ConstructXml" routes-to="SplitRecords"/>
        <cc:async-mediation id="RefactorXml" routes-to="AggregateXmlContent" handle-downstream-errors="true">
            <cc:steps>
                <cc:eval id="InitVar"><cc:expression> props['current.type'] = parts[0].xpath('Transaction/TransactionCode')</cc:expression><cc:expression>props['current.field4'] = parts[0].xpath('Transaction/Field4')</cc:expression><cc:expression>if(props['current.type'] == 8) {props['record.type'] = props['current.field4'];}</cc:expression><cc:expression>if(props['current.type'] == 8) {props['eight.record']= true;}</cc:expression><cc:expression>if(props['current.type'] == 9) {props['nine.record'] = true;}</cc:expression>
                    <cc:expression>props['full.acc.number'] = parts[0].xpath('Record_03/fullAccNum')</cc:expression></cc:eval>
                <cc:xslt-plus id="XsltPlus" url="ConstructXml.xsl"/>
                <cc:eval id="Eval1"><cc:expression>props['eight.record'] = false;</cc:expression><cc:expression>props['nine.record']= false;</cc:expression>
                    <cc:expression>if(props['current.type'] == 9 || props['current.type'] == 7) {props['record.type'] = '00'}</cc:expression></cc:eval>
            </cc:steps>
            <cc:send-error id="SendError" routes-to="RefactorXmlError"/>
        </cc:async-mediation>
        <cc:splitter id="SplitRecords">
            <cc:sub-route name="Refactor" routes-to="RefactorXml"/>
            <cc:xml-stream-splitter xpath="/File/Transaction"/>
        </cc:splitter>
        <cc:local-out id="RefactorXmlError" store-message="none" endpoint="vm://wcc/PutIntegrationMessage"><cc:set name="is.message.severity" value="&quot;ERROR&quot;"/><cc:set name="is.message.summary" value="&quot;An error occured while refactoring xml: &quot;+ context.errorMessage"/></cc:local-out>
        <cc:local-out id="CallCreateXml" store-message="none" routes-response-to="CallConstructXml" endpoint="vm://FINT050VisaCreditCardInboundIntegration/CreateXml"/>
        <cc:local-out id="CallLoadCreditCardInfo" store-message="none" routes-response-to="CallProcessEntries" endpoint="vm://FINT050VisaCreditCardInboundIntegration/LoadCreditCardInfo"/>
        <cc:aggregator id="AggregateXmlContent" routes-to="CopyXml" collate-when="true" force-batch-on-last-message="true">
            <cc:size-batch-strategy batch-size="-1"/>
            <cc:xml-message-content-collater>
        <cc:header-text>&lt;File></cc:header-text>
        <cc:footer-text>&lt;/File></cc:footer-text>
      </cc:xml-message-content-collater>
        </cc:aggregator>
        <cc:local-in id="LoadCreditCardInfo" routes-to="LoadOrNot"/>
        <cc:route id="LoadOrNot">
            <cc:mvel-strategy>
                <cc:choose-route expression="props['load_credit_card_information'] == 1" route="LoadNew"/>
                <cc:choose-route expression="true" route="DoNotLoad"/>
            </cc:mvel-strategy>
            <cc:sub-route name="LoadNew" routes-to="LoadFileCDInfo"/>
            <cc:sub-route name="DoNotLoad" routes-to="DontLoad"/>
        </cc:route>
        <cc:async-mediation id="CopyXml">
            <cc:steps>
                <cc:copy id="Copy" output="variable" output-variable="file.xml"/>
            </cc:steps>
        </cc:async-mediation>
        <cc:async-mediation id="LoadFileCDInfo" routes-to="InitializaHashmap">
            <cc:steps>
                <cc:copy id="Copy" input="message"/>
                <cc:log id="Log">
                    <cc:log-message>
                        <cc:text>*****************&#xD;
Start of CD info</cc:text>
                        <cc:message-content/>
                        <cc:text>End of Card Info&#xD;
***********************************</cc:text>
                    </cc:log-message>
                </cc:log>
            </cc:steps>
        </cc:async-mediation>
        <cc:local-out id="DontLoad" store-message="none" endpoint="vm://wcc/PutIntegrationMessage"><cc:set name="is.message.severity" value="&quot;INFO&quot;"/><cc:set name="is.message.summary" value="'Credit card hierarchy information for file '+ props['file.name'] + ' will not be loaded.'"/></cc:local-out>
        <cc:async-mediation id="InitializaHashmap" routes-to="CallGetCreditCard" handle-downstream-errors="true">
            <cc:steps>
                <cc:eval id="InitializeHashmaps"><cc:expression>props['ProcessedCards'] = &quot;&quot;</cc:expression><cc:expression>props['p.creditcardinfo.hash.map'] = new java.util.HashMap()</cc:expression><cc:expression>props['p.creditcardinfo.hash.map2'] = new java.util.HashMap()</cc:expression>
                    <cc:expression>props['emp.card.map'] = new java.util.HashMap()</cc:expression></cc:eval>
            </cc:steps>
            <cc:send-error id="SendError" routes-to="HashMapError"/>
        </cc:async-mediation>
        <cc:local-out id="HashMapError" store-message="none" endpoint="vm://wcc/PutIntegrationMessage"><cc:set name="is.message.severity" value="&quot;ERROR&quot;"/><cc:set name="is.message.summary" value="&quot;An erro occurred while creating hashmap: &quot;+ context.errorMessage"/></cc:local-out>
        <cc:local-out id="CallProcessCard" store-message="none" endpoint="vm://FINT050VisaCreditCardInboundIntegration/Processcard"/>
        <cc:workday-out-soap id="GetCreditCards" routes-response-to="SpliCreditCards" application="Resource_Management" version="@{props['version']}"/>
        <cc:splitter id="SpliCreditCards">
            <cc:sub-route name="SubRoute" routes-to="BuildCreditCardHashmap"/>
            <cc:xml-stream-splitter xpath="/env:Envelope/env:Body/wd:Get_Expense_Credit_Cards_Response/wd:Response_Data/wd:Expense_Credit_Card"/>
        </cc:splitter>
        <cc:async-mediation id="BuildCreditCardHashmap">
            <cc:steps>
                <cc:eval id="PopulateHashmaps"><cc:expression>props['p.creditcardinfo.id']=parts[0].xpath(&quot;wd:Expense_Credit_Card/wd:Expense_Credit_Card_Data/wd:Employee_Reference/wd:ID[@wd:type='Employee_ID']&quot;) + &quot;-&quot; + parts[0].xpath(&quot;wd:Expense_Credit_Card/wd:Expense_Credit_Card_Data/wd:Last_4_Digits_of_Credit_Card_Number&quot;)</cc:expression><cc:expression>props['p.creditcardinfo.hash.map'].put(props['p.creditcardinfo.id'], parts[0].xpath(&quot;wd:Expense_Credit_Card/wd:Expense_Credit_Card_Data/wd:Expense_Credit_Card_ID&quot;))</cc:expression><cc:expression>props['p.creditcardinfo.descr']= parts[0].xpath(&quot;wd:Expense_Credit_Card/wd:Expense_Credit_Card_Data/wd:Credit_Card_Description&quot;)</cc:expression><cc:expression>props['p.creditcardinfo.hash.map2'].put(props['p.creditcardinfo.descr'], parts[0].xpath(&quot;wd:Expense_Credit_Card/wd:Expense_Credit_Card_Data/wd:Employee_Reference/wd:ID[@wd:type='Employee_ID']&quot;))</cc:expression>
                    <cc:expression>props['emp.card.map'].put(props['p.creditcardinfo.descr'], parts[0].xpath(&quot;wd:Expense_Credit_Card/wd:Expense_Credit_Card_Data/wd:Corporate_Credit_Card_Account_Reference/wd:ID[@wd:type='Corporate_Credit_Card_Account_ID']&quot;))</cc:expression></cc:eval>
            </cc:steps>
            <cc:send-error id="SendError" routes-to="AsyncMediation1"/>
        </cc:async-mediation>
        <cc:local-out id="CallConstructXml" store-message="none" routes-response-to="CallLoadCreditCardInfo" endpoint="vm://FINT050VisaCreditCardInboundIntegration/ConstructXml"/>
        <cc:local-in id="Processcard" routes-to="GetOriginalFile"/>
        <cc:async-mediation id="GetOriginalFile" routes-to="SplitRecord" handle-downstream-errors="true">
            <cc:steps>
                <cc:copy id="Copy" input="variable" input-variable="file.xml"/>
            </cc:steps>
            <cc:send-error id="SendError" routes-to="ErrorFindingRecord03"/>
        </cc:async-mediation>
        <cc:splitter id="SplitRecord">
            <cc:sub-route name="SubRoute" routes-to="GetCardInfo"/>
            <cc:xml-stream-splitter xpath="/File/Transaction/Record_03"/>
        </cc:splitter>
        <cc:async-mediation id="GetCardInfo" routes-to="CheckCreditCard" handle-downstream-errors="true">
            <cc:steps>
                <cc:eval id="InitCCvars"><cc:expression>props['CC.full.acct.number'] = parts[0].xpath('Record_03/fullAccNum')</cc:expression><cc:expression>props['CC.acct.number'] = parts[0].xpath('Record_03/acct_num')</cc:expression><cc:expression>props['CC.expire.date'] = parts[0].xpath('Record_03/expire_date')</cc:expression><cc:expression>props['CC.spending_limit'] = parts[0].xpath('Record_03/spending_limit')</cc:expression><cc:expression>props['CC.status_code'] = parts[0].xpath('Record_03/status_code')</cc:expression><cc:expression>props['CC.efft_date'] = parts[0].xpath('Record_03/efft_date')</cc:expression><cc:expression>props['CreditCardState'] = intsys.integrationMapLookup('CreditCardStatus',parts[0].xpath('Record_03/status_code'))</cc:expression><cc:expression>props['account_type'] = parts[0].xpath('Record_03/account_type')</cc:expression><cc:expression>props['rec03.acct_num_token'] = parts[0].xpath('Record_03/acct_num_token')</cc:expression><cc:expression>props['CorporateAccountNumber'] =  parts[0].xpath('Record_03/corp_num')</cc:expression>
                    <cc:expression>props['ExpenseCreditCardID'] = parts[0].xpath('Record_03/fullAccNum')</cc:expression>
                    <cc:expression>props['full.acc.number'] = parts[0].xpath('Record_03/fullAccNum')</cc:expression></cc:eval>
                <cc:validate-exp id="IsNotCorpAcct" filter="true">
                    <cc:expression>props['account_type'] != 0</cc:expression>
                </cc:validate-exp>
                <cc:xslt id="Pull_Rec04" output="variable" output-mimetype="text/xml" output-variable="CreditCard.additional.info" input="variable" input-variable="file.xml" url="CC_Additional_Info.xsl"/>
                <cc:eval id="CardholderVar"><cc:expression>props['CC.firstname'] = vars['CreditCard.additional.info'].xpath('Record/First_Name')</cc:expression><cc:expression>props['CC.lastname'] = vars['CreditCard.additional.info'].xpath('Record/Last_Name')</cc:expression><cc:expression>props['CC.empid'] = vars['CreditCard.additional.info'].xpath('Record/emp_id').trim()</cc:expression><cc:expression>props['CC.num'] = vars['CreditCard.additional.info'].xpath('Record/CreditCard_number').trim()</cc:expression><cc:expression>props['ExpenseCreditCardID'] = props['p.creditcardinfo.hash.map'].get(props['CC.empid'] + &quot;-&quot; + props['CC.num'])</cc:expression></cc:eval>
            </cc:steps>
            <cc:send-error id="SendError" routes-to="GetCardInfoError"/>
        </cc:async-mediation>
        <cc:route id="CheckCreditCard">
            <cc:mvel-strategy>
                <cc:choose-route expression="props['EmployeeID'] == &quot;&quot;" route="DoNothing"/>
                <cc:choose-route expression="props['ExpenseCreditCardID'] != null" route="CreditCardFound"/>
                <cc:choose-route expression="true" route="CreditCardNotFound"/>
            </cc:mvel-strategy>
            <cc:sub-route name="DoNothing" routes-to="DoNothing"/>
            <cc:sub-route name="CreditCardFound" routes-to="CallUpdateCreditCard"/>
            <cc:sub-route name="CreditCardNotFound" routes-to="CallCreateCreditCard"/>
        </cc:route>
        <cc:local-out id="CallUpdateCreditCard" store-message="none" endpoint="vm://FINT050VisaCreditCardInboundIntegration/UpdateCreditCardReq"/>
        <cc:local-out id="CallCreateCreditCard" store-message="none" endpoint="vm://FINT050VisaCreditCardInboundIntegration/CreateCreditCard"/>
        <cc:local-out id="DoNothing" store-message="none" endpoint="vm://wcc/PutIntegrationMessage"><cc:set name="is.message.severity" value="&quot;INFO&quot;"/><cc:set name="is.message.summary" value="&quot;Do Nothing&quot;"/></cc:local-out>
        <cc:local-in id="CreateCreditCard" routes-to="CreateNewCardReq"/>
        <cc:async-mediation id="CreateNewCardReq" routes-to="ValidationModeForCreate" handle-downstream-errors="true">
            <cc:steps>
                <cc:xslt-plus id="CreateCreditCard" url="ImportCreditCard.xsl"/>
            </cc:steps>
            <cc:send-error id="SendError" routes-to="CallCreateCCError"/>
        </cc:async-mediation>
        <cc:local-out id="CallCreateCCError" store-message="none" endpoint="vm://wcc/PutIntegrationMessage"><cc:set name="is.message.severity" value="&quot;ERROR&quot;"/><cc:set name="is.message.summary" value="&quot;Error occurred while creating the credit card: &quot; + context.errorMessage"/></cc:local-out>
        <cc:workday-out-soap id="PutCreditCardUpdateReq" routes-response-to="LogUpdateCard" application="Resource_Management" version="@{props['version']}"/>
        <cc:workday-out-soap id="PutCreditCardCreateReq" routes-response-to="LogCreateCard" application="Resource_Management" version="@{props['version']}"/>
        <cc:local-out id="CallGetCreditCard" store-message="none" routes-response-to="CallProcessCard" endpoint="vm://FINT050VisaCreditCardInboundIntegration/GetCreditCard"/>
        <cc:local-in id="ProcessEntries" routes-to="TransLoadOrNot"/>
        <cc:async-mediation id="GenerateFileNumber" routes-to="SplitRecord05" handle-downstream-errors="true">
            <cc:steps>
                <cc:copy id="Copy" output-mimetype="text/xml" input="variable" input-variable="file.xml"/>
                <cc:eval id="Eval"><cc:expression>props['process.entries.count'] =0</cc:expression><cc:expression>props['file.number'] = props['file.name.datetime']</cc:expression></cc:eval>
            </cc:steps>
            <cc:send-error id="SendError" routes-to="ErrorSplittingRecord05"/>
        </cc:async-mediation>
        <cc:route id="TransLoadOrNot">
            <cc:mvel-strategy>
                <cc:choose-route expression="props['load_credit_card_transactions'] == 1" route="LoadTransactions"/>
                <cc:choose-route expression="true" route="NoLoad"/>
            </cc:mvel-strategy>
            <cc:sub-route name="LoadTransactions" routes-to="GenerateFileNumber"/>
            <cc:sub-route name="NoLoad" routes-to="NotLoading"/>
        </cc:route>
        <cc:splitter id="SplitRecord05">
            <cc:sub-route name="Process" routes-to="ProcessRecord05"/>
            <cc:xml-stream-splitter xpath="/File/Transaction/Record_05"/>
        </cc:splitter>
        <cc:async-mediation id="ProcessRecord05" routes-to="Get_Detail_Data" handle-downstream-errors="true">
            <cc:steps>
                <cc:eval id="PullXml"><cc:expression>props['acct.number'] = parts[0].xpath('Record_05/acct_num')</cc:expression><cc:expression>props['trans.number'] = parts[0].xpath('Record_05/trans_num')</cc:expression><cc:expression>props['Key_05'] = parts[0].xpath('Record_05/Key_05')</cc:expression><cc:expression>props['p.collate'] = true</cc:expression><cc:expression>props['p.batch'] = false</cc:expression><cc:expression>props['isCollate'] = true</cc:expression><cc:expression>props['isBatchNow'] = false</cc:expression><cc:expression>props['trans.type.code'] = parts[0].xpath('Record_05/trans_type_cd')</cc:expression><cc:expression>props['rec05.acct.number.6digits'] = parts[0].xpath('Record_05/acct_num_6digits')</cc:expression><cc:expression>props['rec05.acct_num_token'] = parts[0].xpath('Record_05/acct_num_token')</cc:expression>
                    <cc:expression>props['corporate.acc.num'] = props['emp.card.map'].get(props['rec05.acct_num_token'])</cc:expression></cc:eval>
                <cc:validate-exp id="Is_not_payment" filter="true">
                    <cc:expression>(props['trans.type.code'] != 30 &amp;&amp; props['trans.type.code'] != 31)</cc:expression>
                </cc:validate-exp>
            </cc:steps>
            <cc:send-error id="SendError" routes-to="ProcessRecordError"/>
        </cc:async-mediation>
        <cc:local-out id="NotLoading" store-message="none" endpoint="vm://wcc/PutIntegrationMessage"><cc:set name="is.message.severity" value="&quot;INFO&quot;"/><cc:set name="is.message.summary" value="&quot;Do Not Load Transaction&quot;"/></cc:local-out>
        <cc:local-out id="CallGetDetailInfo" store-message="none" endpoint="vm://FINT050VisaCreditCardInboundIntegration/GetDetailInfo"/>
        <cc:local-out id="GetCardInfoError" store-message="none" endpoint="vm://wcc/PutIntegrationMessage"><cc:set name="is.message.severity" value="&quot;ERROR&quot;"/><cc:set name="is.message.summary" value="&quot;Error getting card info: &quot;+ context.errorMessage"/></cc:local-out>
        <cc:local-out id="ProcessRecordError" store-message="none" endpoint="vm://wcc/PutIntegrationMessage"><cc:set name="is.message.severity" value="&quot;ERROR&quot;"/><cc:set name="is.message.summary" value="&quot;Error processing Record: &quot;+ context.errorMessage"/></cc:local-out>
        <cc:local-in id="GetDetailInfo" routes-to="ProcessRecord_04"/>
        <cc:async-mediation id="ProcessRecord_04" routes-to="CheckEmpIDExists" handle-downstream-errors="true">
            <cc:steps>
                <cc:xslt id="Pull_Rec04" output="variable" output-mimetype="text/xml" output-variable="curr.additional.info" input="variable" input-variable="file.xml" url="Additional_Info.xsl"/>
                <cc:eval id="PullXml"><cc:expression>props['record.four.first'] = vars['curr.additional.info'].xpath('Record/First_Name')</cc:expression><cc:expression>props['record.four.last'] = vars['curr.additional.info'].xpath('Record/Last_Name')</cc:expression><cc:expression>props['record.four.empid'] = vars['curr.additional.info'].xpath('Record/emp_id')</cc:expression><cc:expression>props['record.four.cc_num'] = vars['curr.additional.info'].xpath('Record/CreditCard_number')</cc:expression><cc:expression>props['p.batch'] = true</cc:expression></cc:eval>
            </cc:steps>
            <cc:send-error id="SendError" routes-to="HandleError"/>
        </cc:async-mediation>
        <cc:route id="CheckEmpIDExists">
            <cc:mvel-strategy>
                <cc:choose-route expression="props['record.four.empid']  != &quot;&quot;" route="DoNothing"/>
                <cc:choose-route expression="props['record.four.empid'] == &quot;&quot;" route="DoCheckHashmap2"/>
            </cc:mvel-strategy>
            <cc:sub-route name="DoNothing" routes-to="CallAggregateRecordTypes2"/>
            <cc:sub-route name="DoCheckHashmap2" routes-to="CheckHashmap2"/>
        </cc:route>
        <cc:async-mediation id="CheckHashmap2" routes-to="CallAggregateRecordTypes3">
            <cc:steps>
                <cc:eval id="GetEmplid"><cc:expression>props['record.four.empid']= props['p.creditcardinfo.hash.map2'].get(props['rec05.acct_num_token']) </cc:expression></cc:eval>
            </cc:steps>
        </cc:async-mediation>
        <cc:aggregator id="Aggregator" routes-to="CallCreditCardTransactions" collate-when="props['p.collate'] == true" force-batch-on-last-message="false" force-batch-when="props['p.batch'] == true">
            <cc:size-batch-strategy batch-size="-1"/>
            <cc:message-content-collater>
        <cc:header-text>&lt;?xml version=&quot;1.0&quot; encoding=&quot;UTF-8&quot;?>&lt;File></cc:header-text>
        <cc:footer-text>&lt;/File></cc:footer-text>
      </cc:message-content-collater>
        </cc:aggregator>
        <cc:local-out id="ErrorProcessingRecord04" store-message="none" endpoint="vm://wcc/PutIntegrationMessage"><cc:set name="is.message.severity" value="&quot;ERROR&quot;"/><cc:set name="is.message.summary" value="&quot;Error processing detailed record: &quot; + context.errorMessage"/></cc:local-out>
        <cc:local-out id="CallFinalAggregator" store-message="none" endpoint="vm://FINT050VisaCreditCardInboundIntegration/FinalAggregator"/>
        <cc:local-in id="FinalAggregator" routes-to="Debug"/>
        <cc:async-mediation id="Debug" routes-to="AggregatorFinal">
            <cc:steps>
                <cc:log id="Log">
                    <cc:log-message>
                        <cc:message-content/>
                    </cc:log-message>
                </cc:log>
            </cc:steps>
        </cc:async-mediation>
        <cc:aggregator id="AggregatorFinal" routes-to="CreateFileReq" collate-when="props['isCollate'] == true" force-batch-when="props['isBatchNow'] == true">
            <cc:size-batch-strategy batch-size="-1"/>
            <cc:xml-message-content-collater xpath="/env:Envelope/env:Body/wd:Credit_Card_Transaction_Header__HV__Request/wd:Expense_Credit_Card_Transaction_File_Data">
        <cc:header-text>&lt;wd:Transactions xmlns:wd=&quot;urn:com.workday/bsvc&quot;></cc:header-text>
        <cc:footer-text>&lt;/wd:Transactions></cc:footer-text>
      </cc:xml-message-content-collater>
        </cc:aggregator>
        <cc:local-out id="CallProcessEntries" store-message="none" routes-response-to="AsyncMediation" endpoint="vm://FINT050VisaCreditCardInboundIntegration/ProcessEntries"/>
        <cc:async-mediation id="AsyncMediation" routes-to="CallFinalAggregate">
            <cc:steps>
                <cc:eval id="Eval"><cc:expression>props['file_processed']= props['file_processed'] +1</cc:expression><cc:expression>props['isBatchNow'] = true</cc:expression><cc:expression>props['isCollate']  = false</cc:expression></cc:eval>
            </cc:steps>
        </cc:async-mediation>
        <cc:async-mediation id="CreateFileReq" routes-to="ValidationMode" handle-downstream-errors="true">
            <cc:steps>
                <cc:xslt id="CreateImportTransactionWSReq" url="Import_WS_Request.xsl"/>
            </cc:steps>
            <cc:send-error id="SendError" routes-to="CCWebServiceError"/>
        </cc:async-mediation>
        <cc:workday-out-soap id="ImportTransactionService" routes-response-to="StoreEntryRecord" application="Resource_Management" version="@{props['version']}"/>
        <cc:local-out id="CallCreditCardTransactions" store-message="none" endpoint="vm://FINT050VisaCreditCardInboundIntegration/CreditCardTransactions"/>
        <cc:local-out id="CallFinalAggregate" store-message="none" endpoint="vm://FINT050VisaCreditCardInboundIntegration/FinalAggregator"/>
        <cc:local-out id="CCWebServiceError" store-message="none" endpoint="vm://wcc/PutIntegrationMessage"><cc:set name="is.message.severity" value="&quot;ERROR&quot;"/><cc:set name="is.message.summary" value="&quot;Error updating credit card transactions: &quot; + context.errorMessage"/></cc:local-out>
        <cc:local-out id="PutErrorLog" store-message="none" endpoint="vm://wcc/PutIntegrationMessage">
            <cc:set name="is.message.severity" value="&quot;INFO&quot;"/>
            <cc:set name="is.message.summary" value="'Error Log'"/>
            <cc:set name="is.document.variable.name" value="'error.file.output'"/>
            <cc:set name="is.document.file.name" value="'error_log.csv'"/>
        </cc:local-out>
        <cc:async-mediation id="ErrorLog" routes-to="PutErrorLog">
            <cc:steps>
                <cc:write id="WriteErrors">
                    <cc:message>
                        <cc:text>Transaction Number, First Name, Last Name, Error Info
=====================================
@{props['error.log'].toString()}
</cc:text>
                    </cc:message>
                </cc:write>
                <cc:store description="Error File" id="StoreErrors" output="variable" output-mimetype="text/csv" output-variable="error.file.output" createDocumentReference="false" expiresIn="P3M" isAttachment="true" title="Error_Log"/>
            </cc:steps>
        </cc:async-mediation>
        <cc:route id="isError">
            <cc:mvel-strategy>
                <cc:choose-route expression="props['p.errors'] == true" route="Error"/>
                <cc:choose-route expression="props['p.errors'] == false" route="None"/>
            </cc:mvel-strategy>
            <cc:sub-route name="None" routes-to="NoError"/>
            <cc:sub-route name="Error" routes-to="ErrorLog"/>
        </cc:route>
        <cc:local-in id="StoreLogs" routes-to="isError"/>
        <cc:async-mediation id="NoError">
            <cc:steps>
                <cc:log id="Log">
                    <cc:log-message>
                        <cc:line-separator/>
                        <cc:text>
*******************************************************
*****       No Error Occurred in Integration        ******
*******************************************************
</cc:text>
                    </cc:log-message>
                </cc:log>
                <cc:write id="Write" output="variable" output-variable="processingLog">
                    <cc:message>
                        <cc:text>@{props['ProcessedCards'].toString()}</cc:text>
                    </cc:message>
                </cc:write>
                <cc:text-excel id="TextExcel" output-mimetype="application/vnd.openxmlformats-officedocument.spreadsheetml.sheet" input="variable" input-variable="processingLog" style="text2excel"/>
                <cc:store id="Store" output="variable" output-variable="processingLogFile" input="message" expiresIn="P180D" title="AuditLog.xlsx"/>
            </cc:steps>
        </cc:async-mediation>
        <cc:local-out id="CallStoreLogs" store-message="none" endpoint="vm://FINT050VisaCreditCardInboundIntegration/StoreLogs"/>
        <cc:async-mediation id="StoreEntryRecord">
            <cc:steps>
                <cc:eval id="Eval"><cc:expression>props['process.entries.count'] = props['process.entries.count'] + 1</cc:expression>
                    <cc:expression>props['ProcessedCards'] = props['ProcessedCards'] + props['file.name'] + &quot;, Transactions loaded successfully&quot;+ &quot;\r\n&quot;</cc:expression></cc:eval>
                <cc:log id="Log">
                    <cc:log-message>
                        <cc:message-content/>
                    </cc:log-message>
                </cc:log>
            </cc:steps>
        </cc:async-mediation>
        <cc:async-mediation id="LogCreateCard">
            <cc:steps>
                <cc:eval id="Eval"><cc:expression>props['ProcessedCards'] = props['ProcessedCards'] + props['CC.empid'] + &quot;,&quot; + props['CC.acct.number'] + &quot;,&quot; + props['CreditCardState']  +&quot;, Create Credit Card Success&quot;+ &quot;\r\n&quot;</cc:expression></cc:eval>
                <cc:log id="Log">
                    <cc:log-message>
                        <cc:message-content/>
                    </cc:log-message>
                </cc:log>
            </cc:steps>
        </cc:async-mediation>
        <cc:async-mediation id="LogUpdateCard">
            <cc:steps>
                <cc:eval id="Eval"><cc:expression>props['ProcessedCards'] = props['ProcessedCards'] + props['CC.empid'] + &quot;,&quot; + props['CC.acct.number'] + &quot;,&quot; + props['CreditCardState'] +&quot;, Update Credit Card Success&quot;+ &quot;\r\n&quot;</cc:expression></cc:eval>
                <cc:log id="Log">
                    <cc:log-message>
                        <cc:message-content/>
                    </cc:log-message>
                </cc:log>
            </cc:steps>
        </cc:async-mediation>
        <cc:async-mediation id="HandleError" routes-to="ErrorProcessingRecord04">
            <cc:steps>
                <cc:eval id="ErrorLog"><cc:expression>props['error.log'].append(props['transaction.num']+','+props['record.four.first']+','+props['record.four.last']+','+context.getErrorMessage()+'\n')</cc:expression><cc:expression>props['p.errors'] = true;</cc:expression></cc:eval>
            </cc:steps>
        </cc:async-mediation>
        <cc:local-out id="ErrorSplittingRecord5" store-message="none" endpoint="vm://wcc/PutIntegrationMessage">
            <cc:set name="is.message.severity" value="&quot;ERROR&quot;"/>
            <cc:set name="is.message.summary" value="&quot;Error processing Record: &quot;+ context.errorMessage"/>
        </cc:local-out>
        <cc:local-in id="GetLineItemData" routes-to="RetreiveFile"/>
        <cc:async-mediation id="RetreiveFile" routes-to="Split_Rec07" handle-downstream-errors="true">
            <cc:steps>
                <cc:copy id="Copy" output="message" input="variable" input-variable="file.xml"/>
            </cc:steps>
            <cc:send-error id="SendError" routes-to="ErrorSplittingRecord07"/>
        </cc:async-mediation>
        <cc:splitter id="Split_Rec07">
            <cc:sub-route name="SubRoute" routes-to="Get_Key_07"/>
            <cc:xml-stream-splitter xpath="/File/Transaction/Record_07"/>
        </cc:splitter>
        <cc:async-mediation id="Get_Key_07" routes-to="ProcessRecord07">
            <cc:steps>
                <cc:eval id="Eval"><cc:expression>props['Key_07'] = parts[0].xpath('Record_07/Key_07')</cc:expression></cc:eval>
                <cc:validate-exp id="ValidateExp" filter="true">
                    <cc:expression>props['Key_07'] == props['Key_05']</cc:expression>
                </cc:validate-exp>
            </cc:steps>
        </cc:async-mediation>
        <cc:async-mediation id="ProcessRecord07" routes-to="CallAggregateRecordTypes1">
            <cc:steps>
                <cc:xslt id="PullData" output="message" output-mimetype="text/xml" input="message" url="Line_Details.xsl"/>
                <cc:eval id="Eval"><cc:expression>props['Key_07'] = parts[0].xpath('Transaction/Key_07')</cc:expression><cc:expression>props['item_seq'] = parts[0].xpath('Transaction/item_seq')</cc:expression><cc:expression>props['Purc_item_line_num'] = parts[0].xpath('Transaction/Purc_item_line_num')</cc:expression><cc:expression>props['item_desc'] = parts[0].xpath('Transaction/item_desc')</cc:expression><cc:expression>props['UPC'] = parts[0].xpath('Transaction/UPC')</cc:expression><cc:expression>props['product_code'] = parts[0].xpath('Transaction/product_code')</cc:expression><cc:expression>props['item_quantity'] = parts[0].xpath('Transaction/item_quantity')</cc:expression><cc:expression>props['measure_code'] = parts[0].xpath('Transaction/measure_code')</cc:expression><cc:expression>props['unit_price'] = parts[0].xpath('Transaction/Unit_Price')</cc:expression><cc:expression>props['Ext_Amt'] = parts[0].xpath('Transaction/Ext_Amt')</cc:expression><cc:expression>props['Tax_Rate'] = parts[0].xpath('Transaction/Tax_Rate')</cc:expression><cc:expression>props['unit_tax'] = parts[0].xpath('Transaction/unit_tax')</cc:expression><cc:expression>props['unit_discnt'] = parts[0].xpath('Transaction/unit_discnt')</cc:expression></cc:eval>
                <cc:write id="Write">
                    <cc:message>
                        <cc:text>&lt;wd:Credit_Card_Transaction_Line_Data xmlns:wd=&quot;urn:com.workday/bsvc&quot;>&#xD;
    &lt;wd:Credit_Card_Transaction_Line_ID>@{props['item_seq']}&lt;/wd:Credit_Card_Transaction_Line_ID>&#xD;
    &lt;wd:Purchase_Order_Line_Number>@{props['Purc_item_line_num'] }&lt;/wd:Purchase_Order_Line_Number>&#xD;
    &lt;wd:Item_Description>@{props['item_desc']}&lt;/wd:Item_Description>&#xD;
    &lt;wd:UPC>@{props['UPC']}&lt;/wd:UPC> &#xD;
    &lt;wd:Vendor_Part_Number>@{props['product_code']}&lt;/wd:Vendor_Part_Number>&#xD;
    &lt;wd:Quantity>@{props['item_quantity']}&lt;/wd:Quantity>&#xD;
    &lt;wd:Unit_of_Measure_Reference>@{props['measure_code']}&lt;/wd:Unit_of_Measure_Reference>&#xD;
    &lt;wd:Unit_Price>@{props['unit_price']}&lt;/wd:Unit_Price>&#xD;
    &lt;wd:Extended_Amount>@{props['Ext_Amt'] }&lt;/wd:Extended_Amount>&#xD;
    &lt;wd:Tax_Rate>@{props['Tax_Rate']}&lt;/wd:Tax_Rate>&#xD;
    &lt;wd:Tax_Amount>@{props['unit_tax']}&lt;/wd:Tax_Amount>&#xD;
    &lt;wd:Discount_Amount>@{props['unit_discnt']}&lt;/wd:Discount_Amount>&#xD;
&lt;/wd:Credit_Card_Transaction_Line_Data>&#xD;
&#xD;
</cc:text>
                    </cc:message>
                </cc:write>
            </cc:steps>
            <cc:send-error id="ErrorProcessingRec07" routes-to="ErrorProcessRec7"/>
        </cc:async-mediation>
        <cc:local-out id="ErrorProcessRec7" endpoint="vm://wcc/PutIntegrationMessage">
            <cc:set name="is.message.severity" value="'INFO'"/>
            <cc:set name="is.message.summary" value="' An error occured while processing Line Items details for transaction : ' + props['trans.number'] "/>
        </cc:local-out>
        <cc:route id="Get_Detail_Data">
            <cc:all-strategy/>
            <cc:sub-route name="Get_Lines_Details" routes-to="CallGetLinesData"/>
            <cc:sub-route name="Get_Detail_Info" routes-to="CallGetDetailInfo"/>
        </cc:route>
        <cc:local-out id="CallGetLinesData" store-message="none" endpoint="vm://FINT050VisaCreditCardInboundIntegration/GetLineItemData"/>
        <cc:local-out id="ErrorSplittingRecord7" endpoint="vm://wcc/PutIntegrationMessage">
            <cc:set name="is.message.severity" value="'INFO'"/>
            <cc:set name="is.message.summary" value="' An error occured while processing Line Items details for transaction : ' + props['trans.number'] "/>
        </cc:local-out>
        <cc:async-mediation id="ErrorFindingRecord03">
            <cc:steps/>
        </cc:async-mediation>
        <cc:async-mediation id="ErrorSplittingRecord05">
            <cc:steps/>
        </cc:async-mediation>
        <cc:async-mediation id="ErrorSplittingRecord07">
            <cc:steps/>
        </cc:async-mediation>
        <cc:async-mediation id="ValidationModeForUpdate" routes-to="PutCreditCardUpdateReq" execute-steps-when="(props['lp.validation.mode'] == '1' || props['lp.validation.mode'] == true) &amp;&amp; props['critical.error.occurred']==false">
            <cc:steps>
                <cc:set-headers id="ValidationOn"><cc:remove-headers/><cc:add-headers>
    <cc:add-header name="X-Validate-Only" value="1"/>
</cc:add-headers></cc:set-headers>
            </cc:steps>
        </cc:async-mediation>
        <cc:async-mediation id="ValidationModeForCreate" routes-to="PutCreditCardCreateReq" execute-steps-when="(props['lp.validation.mode'] == '1' || props['lp.validation.mode'] == true) &amp;&amp; props['critical.error.occurred']==false">
            <cc:steps>
                <cc:set-headers id="ValidationOn">
                    <cc:remove-headers/>
                    <cc:add-headers>
                        <cc:add-header name="X-Validate-Only" value="1"/>
                    </cc:add-headers>
                </cc:set-headers>
            </cc:steps>
        </cc:async-mediation>
        <cc:async-mediation id="ValidationMode" routes-to="ImportTransactionService" execute-steps-when="(props['lp.validation.mode'] == '1' || props['lp.validation.mode'] == true) &amp;&amp; props['critical.error.occurred']==false">
            <cc:steps>
                <cc:set-headers id="ValidationOn">
                    <cc:remove-headers/>
                    <cc:add-headers>
                        <cc:add-header name="X-Validate-Only" value="1"/>
                    </cc:add-headers>
                </cc:set-headers>
            </cc:steps>
        </cc:async-mediation>
        <cc:send-error id="GlobalError" routes-to="PutIntegrationMessage"/>
        <cc:local-out id="PutIntegrationMessage" store-message="none" routes-response-to="PutIntegrationEvent" endpoint="vm://wcc/PutIntegrationMessage"><cc:set name="is.message.severity" value="'INFO'"/><cc:set name="is.meesage.summary" value="'Final Error message is '  context.errorMessage"/></cc:local-out>
        <cc:local-out id="PutIntegrationEvent" store-message="none" endpoint="vm://wcc/PutIntegrationEvent"/>
        <cc:local-in id="GetRecord9" routes-to="ProcessRecord_09"/>
        <cc:async-mediation id="ProcessRecord_09" routes-to="SplitRecord09" handle-downstream-errors="true">
            <cc:steps>
                <cc:copy id="Copy" output="message" input="variable" input-variable="file.xml"/>
            </cc:steps>
            <cc:send-error id="SendError" routes-to="Record09Error"/>
        </cc:async-mediation>
        <cc:async-mediation id="Record09Error">
            <cc:steps/>
        </cc:async-mediation>
        <cc:splitter id="SplitRecord09">
            <cc:sub-route name="SubRoute" routes-to="Get_Key_09"/>
            <cc:xml-stream-splitter xpath="/File/Transaction/Record_09"/>
        </cc:splitter>
        <cc:async-mediation id="Get_Key_09" routes-to="ProcessRecord09">
            <cc:steps>
                <cc:eval id="Eval"><cc:expression>props['Key_09'] = parts[0].xpath('Record_09/Key_09')</cc:expression></cc:eval>
                <cc:validate-exp id="ValidateExp" filter="true">
                    <cc:expression>props['Key_09'] == props['Key_05']</cc:expression>
                </cc:validate-exp>
            </cc:steps>
        </cc:async-mediation>
        <cc:async-mediation id="ProcessRecord09" routes-to="CallAggregateRecordTypes6" handle-downstream-errors="true">
            <cc:steps>
                <cc:xslt id="PullData" output="message" output-mimetype="text/xml" input="message" url="Record9Data.xsl"/>
                <cc:eval id="Eval"><cc:expression>props['Key_09'] = parts[0].xpath('Transaction/Key_09')</cc:expression><cc:expression>props['item_seq'] = parts[0].xpath('Transaction/item_seq')</cc:expression><cc:expression>props['lodging_nts'] = parts[0].xpath('Transaction/lodging_nts')</cc:expression><cc:expression>props['customer_name'] = parts[0].xpath('Transaction/customer_name')</cc:expression><cc:expression>props['check_in_date'] = parts[0].xpath('Transaction/check_in_date')</cc:expression><cc:expression>props['check_out_date'] = parts[0].xpath('Transaction/check_out_date')</cc:expression><cc:expression>props['daily_room_rent'] = parts[0].xpath('Transaction/daily_room_rent')</cc:expression><cc:expression>props['reservation_num'] = parts[0].xpath('Transaction/reservation_num')</cc:expression></cc:eval>
                <cc:write id="Write">
                    <cc:message>
                        <cc:text>&lt;wd:Number_of_Days_or_Nights>@{props['lodging_nts']}&lt;/wd:Number_of_Days_or_Nights>    &#xD;
    &lt;wd:Arrival_Date>@{props['check_in_date']}&lt;/wd:Arrival_Date>&#xD;
    &lt;wd:Departure_Date>@{props['check_out_date']}&lt;/wd:Departure_Date>    &#xD;
    &lt;wd:Participant_Name>@{props['customer_name']}&lt;/wd:Participant_Name>&#xD;
    &lt;wd:Daily_Rate>@{props['daily_room_rent']}&lt;/wd:Daily_Rate>&#xD;
    &lt;wd:Ticket_Number>@{props['reservation_num']}&lt;/wd:Ticket_Number></cc:text>
                    </cc:message>
                </cc:write>
            </cc:steps>
            <cc:send-error id="ErrorProcessingRec07" routes-to="AsyncMediation0"/>
        </cc:async-mediation>
        <cc:async-mediation id="AsyncMediation0">
            <cc:steps/>
        </cc:async-mediation>
        <cc:async-mediation id="AsyncMediation00">
            <cc:steps/>
        </cc:async-mediation>
        <cc:async-mediation id="Record14Error">
            <cc:steps/>
        </cc:async-mediation>
        <cc:async-mediation id="ProcessRecord14" routes-to="CallAggregateRecordTypes7" handle-downstream-errors="true">
            <cc:steps>
                <cc:xslt id="PullData" output="message" output-mimetype="text/xml" input="message" url="Record14Data.xsl"/>
                <cc:eval id="Eval"><cc:expression>props['Key_14'] = parts[0].xpath('Transaction/Key_14')</cc:expression><cc:expression>props['item_seq'] = parts[0].xpath('Transaction/item_seq')</cc:expression><cc:expression>props['ticket_num'] = parts[0].xpath('Transaction/ticket_num')</cc:expression><cc:expression>props['departure_date'] = parts[0].xpath('Transaction/departure_date')</cc:expression><cc:expression>props['passenger_name'] = parts[0].xpath('Transaction/passenger_name')</cc:expression></cc:eval>
                <cc:write id="Write">
                    <cc:message>
                        <cc:text> &lt;wd:Participant_Name>@props['passenger_name']&lt;/wd:Participant_Name>&#xD;
    &lt;wd:Ticket_Number>@{props['ticket_num']}&lt;/wd:Ticket_Number>&#xD;
    &lt;wd:Departure_Date>@{props['departure_date']}&lt;/wd:Departure_Date></cc:text>
                    </cc:message>
                </cc:write>
            </cc:steps>
            <cc:send-error id="ErrorProcessingRec07" routes-to="AsyncMediation00"/>
        </cc:async-mediation>
        <cc:async-mediation id="Get_Key_14" routes-to="ProcessRecord14">
            <cc:steps>
                <cc:eval id="Eval"><cc:expression>props['Key_14'] = parts[0].xpath('Record_14/Key_14')</cc:expression></cc:eval>
                <cc:validate-exp id="ValidateExp" filter="true">
                    <cc:expression>props['Key_14'] == props['Key_05']</cc:expression>
                </cc:validate-exp>
            </cc:steps>
        </cc:async-mediation>
        <cc:splitter id="SplitRecord14">
            <cc:sub-route name="SubRoute" routes-to="Get_Key_14"/>
            <cc:xml-stream-splitter xpath="/File/Transaction/Record_14"/>
        </cc:splitter>
        <cc:async-mediation id="ProcessRecord_14" routes-to="SplitRecord14" handle-downstream-errors="true">
            <cc:steps>
                <cc:copy id="Copy" output="message" input="variable" input-variable="file.xml"/>
            </cc:steps>
            <cc:send-error id="SendError" routes-to="Record14Error"/>
        </cc:async-mediation>
        <cc:local-in id="GetRecord14" routes-to="ProcessRecord_14"/>
        <cc:async-mediation id="AsyncMediation000">
            <cc:steps/>
        </cc:async-mediation>
        <cc:async-mediation id="Record15Error">
            <cc:steps/>
        </cc:async-mediation>
        <cc:async-mediation id="ProcessRecord15" routes-to="CallAggregateRecordTypes8" handle-downstream-errors="true">
            <cc:steps>
                <cc:xslt id="PullData" output="message" output-mimetype="text/xml" input="message" url="Record15Data.xsl"/>
                <cc:eval id="Eval"><cc:expression>props['Key_15'] = parts[0].xpath('Transaction/Key_15')</cc:expression><cc:expression>props['carrier_code'] = parts[0].xpath('Transaction/carrier_code')</cc:expression><cc:expression>props['service_class'] = parts[0].xpath('Transaction/service_class')</cc:expression></cc:eval>
                <cc:write id="Write">
                    <cc:message>
                        <cc:text> &lt;wd:Participant_Name>@props['passenger_name']&lt;/wd:Participant_Name>&#xD;
    &lt;wd:Ticket_Number>@{props['ticket_num']}&lt;/wd:Ticket_Number>&#xD;
    &lt;wd:Departure_Date>@{props['departure_date']}&lt;/wd:Departure_Date></cc:text>
                    </cc:message>
                </cc:write>
            </cc:steps>
            <cc:send-error id="ErrorProcessingRec07" routes-to="AsyncMediation000"/>
        </cc:async-mediation>
        <cc:async-mediation id="Get_Key_15" routes-to="ProcessRecord15">
            <cc:steps>
                <cc:eval id="Eval"><cc:expression>props['Key_15'] = parts[0].xpath('Record_14/Key_15')</cc:expression></cc:eval>
                <cc:validate-exp id="ValidateExp" filter="true">
                    <cc:expression>props['Key_15'] == props['Key_05']</cc:expression>
                </cc:validate-exp>
            </cc:steps>
        </cc:async-mediation>
        <cc:splitter id="SplitRecord15">
            <cc:sub-route name="SubRoute" routes-to="Get_Key_15"/>
            <cc:xml-stream-splitter xpath="/File/Transaction/Record_15"/>
        </cc:splitter>
        <cc:async-mediation id="ProcessRecord_15" routes-to="SplitRecord15" handle-downstream-errors="true">
            <cc:steps>
                <cc:copy id="Copy" output="message" input="variable" input-variable="file.xml"/>
            </cc:steps>
            <cc:send-error id="SendError" routes-to="Record15Error"/>
        </cc:async-mediation>
        <cc:local-in id="GetRecord15" routes-to="ProcessRecord_15"/>
        <cc:async-mediation id="AsyncMediation1">
            <cc:steps/>
        </cc:async-mediation>
        <cc:local-in id="GetRecord2" routes-to="ProcessRecord_02"/>
        <cc:async-mediation id="ProcessRecord_02" routes-to="SplitRecord02">
            <cc:steps>
                <cc:copy id="Copy" output="message" input="variable" input-variable="file.xml"/>
            </cc:steps>
        </cc:async-mediation>
        <cc:splitter id="SplitRecord02">
            <cc:sub-route name="SubRoute" routes-to="Get_Key_02"/>
            <cc:xml-stream-splitter xpath="/File/Transaction/Record_02"/>
        </cc:splitter>
        <cc:async-mediation id="Get_Key_02" routes-to="ProcessRecord02">
            <cc:steps>
                <cc:eval id="Eval"><cc:expression>props['Key_02'] = parts[0].xpath('Record_02/Key_02')</cc:expression></cc:eval>
                <cc:validate-exp id="ValidateExp" filter="true">
                    <cc:expression>props['Key_02'] == props['Key_05']</cc:expression>
                </cc:validate-exp>
            </cc:steps>
        </cc:async-mediation>
        <cc:async-mediation id="ProcessRecord02" routes-to="CallAggregateRecordTypes5">
            <cc:steps>
                <cc:xslt id="PullData" output="message" output-mimetype="text/xml" input="message" url="Record2Data.xsl"/>
            
                <cc:eval id="Eval"><cc:expression>props['Key_02'] = parts[0].xpath('Transaction/Key_02')</cc:expression><cc:expression>props['corp_num'] = parts[0].xpath('Transaction/corp_num')</cc:expression><cc:expression>props['acct_num'] = parts[0].xpath('Transaction/acct_num')</cc:expression><cc:expression>props['daysRented'] = parts[0].xpath('Transaction/daysRented')</cc:expression><cc:expression>props['renterName'] = parts[0].xpath('Transaction/renterName')</cc:expression><cc:expression>props['dailyRentalRate'] = parts[0].xpath('Transaction/dailyRentalRate')</cc:expression><cc:expression>props['reservationNumber'] = parts[0].xpath('Transaction/reservationNumber')</cc:expression><cc:expression>props['classCode'] = parts[0].xpath('Transaction/classCode')</cc:expression>
                    <cc:expression>props['check_out_date'] = parts[0].xpath('check_out_date')</cc:expression></cc:eval>
            
                <cc:write id="Write">
                    <cc:message>
                        <cc:text>&lt;wd:Number_of_Days_or_Nights>@{props['daysRented']}&lt;/wd:Number_of_Days_or_Nights>    &#xD;
    &lt;wd:Arrival_Date>@{props['check_out_date']}&lt;/wd:Arrival_Date> &#xD;
    &lt;wd:Participant_Name>@{props['renterName']}&lt;/wd:Participant_Name>&#xD;
    &lt;wd:Daily_Rate>@{props['dailyRentalRate']}&lt;/wd:Daily_Rate>&#xD;
    &lt;wd:Ticket_Number>@{props['reservationNumber']}&lt;/wd:Ticket_Number>&#xD;
    &lt;wd:Class_of_Service>@{props['classCode']}&lt;/wd:Class_of_Service></cc:text>
                    </cc:message>
                </cc:write>
            </cc:steps>
        </cc:async-mediation>
        <cc:local-in id="AggregateRecordTypes" routes-to="CallAggregator"/>
        <cc:async-mediation id="CallAggregator" routes-to="AggregatorRecords">
            <cc:steps/>
        </cc:async-mediation>
        <cc:aggregator id="AggregatorRecords" routes-to="CallCreditCardTransactions4" collate-when="props['p.collate'] == true" force-batch-on-last-message="false" force-batch-when="props['p.batch'] == true">
            <cc:size-batch-strategy batch-size="-1"/>
            <cc:message-content-collater>
        <cc:header-text>&lt;?xml version=&quot;1.0&quot; encoding=&quot;UTF-8&quot;?>&lt;File></cc:header-text>
        <cc:footer-text>&lt;/File></cc:footer-text>
      </cc:message-content-collater>
        </cc:aggregator>
        <cc:local-out id="CallCreditCardTransactions4" store-message="none" endpoint="vm://FINT050VisaCreditCardInboundIntegration/CreditCardTransactions"/>
        <cc:local-out id="CallAggregateRecordTypes2" store-message="none" endpoint="AggregateRecordTypes"/>
        <cc:local-out id="CallAggregateRecordTypes1" store-message="none" endpoint="AggregateRecordTypes"/>
        <cc:local-out id="CallAggregateRecordTypes5" store-message="none" endpoint="AggregateRecordTypes"/>
        <cc:local-out id="CallAggregateRecordTypes6" store-message="none" endpoint="AggregateRecordTypes"/>
        <cc:local-out id="CallAggregateRecordTypes7" store-message="none" endpoint="AggregateRecordTypes"/>
        <cc:local-out id="CallAggregateRecordTypes8" store-message="none" endpoint="AggregateRecordTypes"/>
        <cc:local-out id="CallAggregateRecordTypes3" store-message="none" endpoint="AggregateRecordTypes"/>
        <cc:local-out id="NoFileDoNothing" store-message="none" endpoint="vm://wcc/PutIntegrationMessage">
            <cc:set name="is.message.severity" value="&quot;ERROR&quot;"/>
            <cc:set name="is.message.summary" value="&quot;No file found on the server&quot;"/>
        </cc:local-out>
	</cc:assembly>

</beans>