<?xml version='1.0' encoding='UTF-8'?>
<wd:Expense_Credit_Card
    xmlns:wd="urn:com.workday/bsvc"
    xmlns:env="http://schemas.xmlsoap.org/soap/envelope/">
    <wd:Expense_Credit_Card_Reference>
        <wd:ID wd:type="WID">69be2edaf5ff01a8604ed11b743f7006</wd:ID>
        <wd:ID wd:type="Expense_Credit_Card_ID">WORKER_CREDIT_CARD_EXPENSE_KIMBERLY_G</wd:ID>
    </wd:Expense_Credit_Card_Reference>
    <wd:Expense_Credit_Card_Data>
        <wd:Expense_Credit_Card_ID>WORKER_CREDIT_CARD_EXPENSE_KIMBERLY_G</wd:Expense_Credit_Card_ID>
        <wd:Corporate_Credit_Card_Account_Reference>
            <wd:ID wd:type="WID">69be2edaf5ff01fab135c725713f6106</wd:ID>
            <wd:ID wd:type="Corporate_Credit_Card_Account_ID">1234567854</wd:ID>
        </wd:Corporate_Credit_Card_Account_Reference>
        <wd:Credit_Card_Category_Reference>
            <wd:ID wd:type="WID">da421ad5ae8110000948dae15d6b0029</wd:ID>
            <wd:ID wd:type="Credit_Card_Category">~Worker~ Credit Card</wd:ID>
        </wd:Credit_Card_Category_Reference>
        <wd:Employee_Reference>
            <wd:ID wd:type="WID">3b17ba9422d301ee374b3136f4187b31</wd:ID>
            <wd:ID wd:type="Employee_ID">000405224</wd:ID>
        </wd:Employee_Reference>
        <wd:Credit_Card_Description>CEC T&amp;E - Test</wd:Credit_Card_Description>
        <wd:Last_4_Digits_of_Credit_Card_Number>4855</wd:Last_4_Digits_of_Credit_Card_Number>
        <wd:Credit_Card_Expiration_Date>2021-04-09</wd:Credit_Card_Expiration_Date>
        <wd:Monthly_Limit>0</wd:Monthly_Limit>
        <wd:Transaction_Limit>0</wd:Transaction_Limit>
        <wd:Cash_Access_Allowed>0</wd:Cash_Access_Allowed>
        <wd:Cardmember_Embossed_Name>Kim.G</wd:Cardmember_Embossed_Name>
        <wd:Document_Status_Reference>
            <wd:ID wd:type="WID">7fdcc61b2fdd4cea8cdb33df991c9f52</wd:ID>
            <wd:ID wd:type="Document_Status_ID">ACTIVE</wd:ID>
        </wd:Document_Status_Reference>
        <wd:Reassignment_Enabled>0</wd:Reassignment_Enabled>
    </wd:Expense_Credit_Card_Data>
</wd:Expense_Credit_Card>