<?xml version='1.0' encoding='UTF-8'?>
<AssessmentOrderAcknowledgement
    xmlns="http://ns.hr-xml.org/2004-08-02"
    xmlns:ns1="http://ns.hr-xml.org/2004-08-02"
    xmlns:xsd="http://www.w3.org/2001/XMLSchema"
    xmlns:xsi="http://www.w3.org/2001/XMLSchema-instance"
    xsi:type="ns1:AssessmentOrderAcknowledgement">
    <ClientId>
        <IdValue name="IntegrationConfig">STL18015PA-wsxml</IdValue>
    </ClientId>
    <ClientOrderId>
        <IdValue name="OrderNumber">b73baf86212f109eb1aa86b0fe94dd19</IdValue>
    </ClientOrderId>
    <AccessPoint>
        <Use>x:ws</Use>
        <InternetWebAddress>https://staging.select2perform.com/default?action=sessionlogin&amp;sid=71628421519112351&amp;dm=ws</InternetWebAddress>
        <Description>PreVisor URL for WebScore access to assessment.</Description>
    </AccessPoint>
    <AccessPoint>
        <Use>x:es</Use>
        <InternetWebAddress>https://staging.select2perform.com/default?action=sessionlogin&amp;sid=71628421519112351&amp;dm=es</InternetWebAddress>
        <Description>PreVisor URL for eScore access to assessment.</Description>
    </AccessPoint>
    <AssessmentStatus>
        <Status>Acknowledged</Status>
        <Details>Order acknowledged</Details>
        <StatusDate>2016-03-10</StatusDate>
    </AssessmentStatus>
</AssessmentOrderAcknowledgement>