<?xml version="1.0" encoding="UTF-8"?>
<beans
     xmlns="http://www.springframework.org/schema/beans"
     xmlns:beans="http://www.springframework.org/schema/beans"
     xmlns:atom="http://www.w3.org/2005/Atom"
     xmlns:cc="http://www.capeclear.com/assembly/10"
     xmlns:cloud="urn:com.workday/esb/cloud/10.0"
     xmlns:env="http://schemas.xmlsoap.org/soap/envelope/"
     xmlns:pi="urn:com.workday/picof"
     xmlns:wd="urn:com.workday/bsvc"
     xmlns:xsi="http://www.w3.org/2001/XMLSchema-instance">
 
	<cc:assembly id="WorkdayAssembly" version="2020.36">
        <cc:workday-in id="StartHere" routes-to="Call_Initiate">
            <cc:integration-system name="WXTND_Admin_Assistant_Massload">
        <cloud:param name="Remove All Current Assistants and Load">
          <cloud:type>
            <cloud:simple-type>boolean</cloud:simple-type>
          </cloud:type>
        </cloud:param>
        <cloud:report-service name="Get All Current Admin Assistants">
          <cloud:report-alias description="WXTND WORKDAY USER ACCOUNT LOOKUP" name="USER_ACCOUNT_LOOKUP"/>
          <cloud:report-alias description="WXTND ALL ASSISTANTS" name="ALL_ASSISTANTS"/>
        </cloud:report-service>
        <cloud:custom-object-service name="WXTND_ADMIN-ASSISTANT_CO">
          <cloud:custom-object-alias description="WXNTD ADMIN ASSISTANTS" name="WXNTD_ADMIN_ASSISTANTS"/>
        </cloud:custom-object-service>
      </cc:integration-system>
        </cc:workday-in>
        <cc:local-out id="Call_MassRemoval" store-message="none" execute-when="props['remove.allCurrentAssistants'] == '1'" routes-response-to="Call_GetInputFile" endpoint="MassRemoval"/>
        <cc:local-out id="Call_GetInputFile" store-message="none" routes-response-to="Call_MassUpdate1" endpoint="GetInputFile"/>
        <cc:local-in id="MassRemoval" routes-to="Get_All_Current_Admin_Assistants"/>
        <cc:local-in id="GetInputFile" routes-to="GetEventDocuments"/>
        <cc:local-out id="Call_Initiate" store-message="none" routes-response-to="Call_MassRemoval" endpoint="Initiate"/>
        <cc:local-in id="Initiate" routes-to="Initilize_Props"/>
        <cc:async-mediation id="Initilize_Props">
            <cc:steps>
                <cc:eval id="Eval">
                    <cc:expression>props['remove.allCurrentAssistants'] = lp.getSimpleData('Remove All Current Assistants and Load');</cc:expression>
                </cc:eval>
            </cc:steps>
        </cc:async-mediation>
        <cc:workday-out-rest id="Get_All_Current_Admin_Assistants" routes-response-to="Splitter" extra-path="@{intsys.reportService.getExtrapath('ALL_ASSISTANTS')}"/>
        <cc:splitter id="Splitter" no-split-message-error="false">
            <cc:sub-route name="SubRoute" routes-to="Get_CO_ID"/>
            <cc:xml-stream-splitter xpath="/wd:Report_Data/wd:Report_Entry/wd:assistantsto_grp"/>
        </cc:splitter>
        <cc:async-mediation id="Get_CO_ID" routes-to="CaptureError">
            <cc:steps>
                <cc:eval id="Eval">
                    <cc:expression>props['co.wid'] = parts[0].xpath('wd:assistantsto_grp/wd:co_wid')</cc:expression>
                    <cc:expression>props['assistant.id'] = parts[0].xpath('wd:assistantsto_grp/wd:ast_employeeid')</cc:expression>
                    <cc:expression>props['assistant'] = parts[0].xpath('wd:assistantsto_grp/wd:ast_fullname')</cc:expression>
                    <cc:expression>props['associate.id'] = parts[0].xpath('wd:assistantsto_grp/wd:aso_employeeid')</cc:expression>
                    <cc:expression>props['associate'] = parts[0].xpath('wd:assistantsto_grp/wd:aso_fullname')</cc:expression>
                </cc:eval>
            </cc:steps>
        </cc:async-mediation>
        <cc:async-mediation id="CaptureError" routes-to="WorkdayOutRest0" handle-downstream-errors="true">
            <cc:steps/>
            <cc:send-error id="SendError" routes-to="HandleError"/>
        </cc:async-mediation>
        <cc:workday-out-rest id="WorkdayOutRest0" routes-response-to="SetStatus" extra-path="@{intsys.customObjectService.getExtrapath('WXNTD_ADMIN_ASSISTANTS')}/@{props['co.wid']}" method="DELETE"/>
        <cc:async-mediation id="SetStatus" routes-to="Aggregator">
            <cc:steps>
                <cc:eval id="Eval">
                    <cc:expression>props['status'] = 'success'</cc:expression>
                    <cc:expression>props['error.message'] = ''</cc:expression>
                </cc:eval>
                <cc:write id="Write" output-mimetype="text/xml">
                    <cc:message>
                        <cc:text>&lt;row>&#xD;
&lt;assistant>@{props['assistant']}&lt;/assistant>&#xD;
&lt;assistant.id>@{props['assistant.id']}&lt;/assistant.id>&#xD;
&lt;associate>@{props['associate']}&lt;/associate>&#xD;
&lt;associate.id>@{props['associate.id']}&lt;/associate.id>&#xD;
&lt;status>@{props['status']}&lt;/status>&#xD;
&lt;error.message>@{props['error.message']}&lt;/error.message>&#xD;
&lt;/row></cc:text>
                    </cc:message>
                </cc:write>
            </cc:steps>
        </cc:async-mediation>
        <cc:async-mediation id="HandleError" routes-to="Aggregator">
            <cc:steps>
                <cc:eval id="Eval">
                    <cc:expression>props['status'] = 'failure'</cc:expression>
                    <cc:expression>props['error.message'] = context.errorMessage</cc:expression>
                </cc:eval>
                <cc:write id="Write" output-mimetype="text/xml">
                    <cc:message>
                        <cc:text>&lt;row>&#xD;
&lt;assistant>@{props['assistant']}&lt;/assistant>&#xD;
&lt;assistant.id>@{props['assistant.id']}&lt;/assistant.id>&#xD;
&lt;associate>@{props['associate']}&lt;/associate>&#xD;
&lt;associate.id>@{props['associate.id']}&lt;/associate.id>&#xD;
&lt;status>@{props['status']}&lt;/status>&#xD;
&lt;error.message>@{props['error.message']}&lt;/error.message>&#xD;
&lt;/row></cc:text>
                    </cc:message>
                </cc:write>
            </cc:steps>
        </cc:async-mediation>
        <cc:aggregator id="Aggregator" routes-to="Store_Audit_File" force-batch-on-last-message="true">
            <cc:size-batch-strategy batch-size="-1"/>
            <cc:xml-message-content-collater>
        <cc:header-text>&lt;root></cc:header-text>
        <cc:footer-text>&lt;/root></cc:footer-text>
      </cc:xml-message-content-collater>
        </cc:aggregator>
        <cc:async-mediation id="Store_Audit_File" routes-to="PIM">
            <cc:steps>
                <cc:xml-to-csv id="XmlToCsv" output="variable" output-mimetype="text/csv" output-variable="delete_audit.csv" writeHeaderLine="true"/>
                <cc:text-excel id="TextExcel" output="variable" output-variable="delete_audit.xls" input="variable" input-variable="delete_audit.csv" style="text2excel"/>
                <cc:store id="Audit_Store" output="variable" output-variable="delete.audit.xls.output" input="variable" input-variable="delete_audit.xls" createDocumentReference="false" expiresIn="P180D" title="Delete Audit Report.xls"/>
            </cc:steps>
        </cc:async-mediation>
        <cc:local-out id="PIM" endpoint="vm://wcc/PutIntegrationMessage"><cc:set name="is.message.severity" value="'INFO'"/><cc:set name="is.message.summary" value="'Mass Removal Audit file is attached'"/><cc:set name="is.document.variable.name" value="'delete.audit.xls.output'"/><cc:set name="is.document.file.name" value="'Mass_Removal_Audit_Report.xls'"/><cc:set name="is.document.deliverable" value="'true'"/></cc:local-out>
        <cc:local-out id="GetEventDocuments" routes-response-to="Route" endpoint="vm://wcc/GetEventDocuments"><cc:set name="ie.event.wid" value="lp.isSet() ? lp.getIntegrationEventWID() : null"/></cc:local-out>
        <cc:route id="Route">
            <cc:doc-iterator labels="Retrieved" variable-name="input"/>
            <cc:sub-route name="SubRoute" routes-to="Get_InputFile"/>
        </cc:route>
        <cc:async-mediation id="Get_InputFile">
            <cc:steps>
                <cc:copy id="Copy" output="message" input="variable" input-variable="input" stream-xpath="true"/>
                <cc:text-excel id="TextExcel" output-mimetype="text/plain" excelstyle="sheet" style="excel2text"/>
                <cc:csv-to-xml id="CsvToXml" output="variable" output-variable="csv.input.file" useFirstLineAsHeader="true"/>
                <cc:log id="Log">
                    <cc:log-message>
                        <cc:text>@{parts[0].text}</cc:text>
                    </cc:log-message>
                </cc:log>
            </cc:steps>
        </cc:async-mediation>
        <cc:local-out id="Call_MassUpdate" store-message="none" endpoint="MassUpdate"/>
        <cc:local-in id="MassUpdate" routes-to="Copy_InputFile"/>
        <cc:async-mediation id="Copy_InputFile" routes-to="Splitt_InputRecord" handle-downstream-errors="true">
            <cc:steps>
                <cc:copy id="Copy" output-mimetype="text/xml" input="variable" input-variable="csv.input.file"/>
            </cc:steps>
        </cc:async-mediation>
        <cc:splitter id="Splitt_InputRecord" no-split-message-error="false">
            <cc:sub-route name="SubRoute" routes-to="Create_Json_request_Payload"/>
            <cc:xml-stream-splitter xpath="root/row"/>
        </cc:splitter>
        <cc:async-mediation id="Create_Json_request_Payload" routes-to="AsyncMediation2" handle-downstream-errors="true">
            <cc:steps>
                <cc:eval id="Eval">
                    <cc:expression>props['associate.id'] = parts[0].xpath('row/AssociateId');</cc:expression>
                    <cc:expression>props['assistant.id'] = parts[0].xpath('row/AssistantId');</cc:expression>
                    <cc:expression>props['associate'] = parts[0].xpath('row/Associate');</cc:expression>
                    <cc:expression>props['assistant'] = parts[0].xpath('row/Assistant');</cc:expression>
                </cc:eval>
                <cc:write id="Write" output-mimetype="application/json">
                    <cc:message>
                        <cc:text>{&#xD;
    &quot;associateid&quot;: &quot;@{props['associate.id']}&quot;,&#xD;
    &quot;associate&quot;: {&#xD;
      &quot;id&quot;: &quot;Employee_ID=@{props['associate.id']}&quot;&#xD;
    },&#xD;
    &quot;assistant&quot;: {&#xD;
      &quot;id&quot;: &quot;Employee_ID=@{props['assistant.id']}&quot;&#xD;
    },&#xD;
    &quot;worker&quot;: {&#xD;
      &quot;id&quot;: &quot;Employee_ID=@{props['assistant.id']}&quot;&#xD;
    }&#xD;
  }</cc:text>
                    </cc:message>
                </cc:write>
                <cc:log id="Log">
                    <cc:log-message>
                        <cc:text>@{parts[0].text}</cc:text>
                    </cc:log-message>
                </cc:log>
            </cc:steps>
        </cc:async-mediation>
        <cc:workday-out-rest id="WorkdayOutRest" routes-response-to="Set_Success_Status" extra-path="@{intsys.reportService.getExtrapath('WXTND_ALL_ASSISTANTS')}?Contingent_Worker_Type.0.type=TODO-TYPE&amp;associate.0.value=TODO-VALUE&amp;associate.0.type=TODO-TYPE&amp;Employee_Type.0.type=TODO-TYPE&amp;Employee_Type.0.value=TODO-VALUE&amp;assistant.0.type=TODO-TYPE&amp;Contingent_Worker_Type.0.value=TODO-VALUE&amp;assistant.0.value=TODO-VALUE" method="POST"/>
        <cc:async-mediation id="AsyncMediation2" routes-to="WorkdayOutRest" handle-downstream-errors="true">
            <cc:steps/>
            <cc:send-error id="SendError" routes-to="Set_Error_Status"/>
        </cc:async-mediation>
        <cc:async-mediation id="Set_Error_Status" routes-to="Aggregator0">
            <cc:steps>
            
                <cc:eval id="Eval">
                    <cc:expression>props['status'] = 'failure'</cc:expression>
                    <cc:expression>props['error.message'] = context.errorMessage</cc:expression>
                </cc:eval>
                <cc:write id="Write" output-mimetype="text/xml">
                    <cc:message>
                        <cc:text>&lt;row>&#xD;
&lt;assistant>@{props['assistant']}&lt;/assistant>&#xD;
&lt;assistant.id>@{props['assistant.id']}&lt;/assistant.id>&#xD;
&lt;associate>@{props['associate']}&lt;/associate>&#xD;
&lt;associate.id>@{props['associate.id']}&lt;/associate.id>&#xD;
&lt;status>@{props['status']}&lt;/status>&#xD;
&lt;error.message>@{props['error.message']}&lt;/error.message>&#xD;
&lt;/row></cc:text>
                    </cc:message>
                </cc:write>
            </cc:steps>
        </cc:async-mediation>
        <cc:async-mediation id="Set_Success_Status" routes-to="Aggregator0">
            <cc:steps>
                <cc:eval id="Eval">
                    <cc:expression>props['status'] = 'success'</cc:expression>
                    <cc:expression>props['error.message'] = ''</cc:expression>
                </cc:eval>
                <cc:write id="Write" output-mimetype="text/xml">
                    <cc:message>
                        <cc:text>&lt;row>&#xD;
&lt;assistant>@{props['assistant']}&lt;/assistant>&#xD;
&lt;assistant.id>@{props['assistant.id']}&lt;/assistant.id>&#xD;
&lt;associate>@{props['associate']}&lt;/associate>&#xD;
&lt;associate.id>@{props['associate.id']}&lt;/associate.id>&#xD;
&lt;status>@{props['status']}&lt;/status>&#xD;
&lt;error.message>@{props['error.message']}&lt;/error.message>&#xD;
&lt;/row></cc:text>
                    </cc:message>
                </cc:write>
            </cc:steps>
        </cc:async-mediation>
        <cc:aggregator id="Aggregator0" routes-to="Store_Mass_Upload_Audit" force-batch-on-last-message="true">
            <cc:size-batch-strategy batch-size="-1"/>
            <cc:xml-message-content-collater>
        <cc:header-text>&lt;root></cc:header-text>
        <cc:footer-text>&lt;/root></cc:footer-text>
      </cc:xml-message-content-collater>
        </cc:aggregator>
        <cc:async-mediation id="Store_Mass_Upload_Audit" routes-to="PutIntegrationMessage">
            <cc:steps>
                <cc:xml-to-csv id="XmlToCsv" output="variable" output-mimetype="text/csv" output-variable="upload_audit.csv" writeHeaderLine="true"/>
            
                <cc:text-excel id="TextExcel" output="variable" output-variable="upload_audit.csv" input="variable" input-variable="upload_audit.csv" style="text2excel"/>
            
                <cc:store id="Audit_Store" output="variable" output-variable="upload.audit.xls.output" input="variable" input-variable="upload_audit.csv" createDocumentReference="false" expiresIn="P180D" title="Mass Upload Audit.xls"/>
            </cc:steps>
        </cc:async-mediation>
        <cc:local-out id="PutIntegrationMessage" endpoint="vm://wcc/PutIntegrationMessage"><cc:set name="is.message.severity" value="'INFO'"/><cc:set name="is.message.summary" value="'Mass upload Audit is attached'"/><cc:set name="is.document.variable.name" value="'upload.audit.xls.output'"/><cc:set name="is.document.file.name" value="'Mass_Upload_Audit_Report.xls'"/><cc:set name="is.document.deliverable" value="'true'"/></cc:local-out>
        <cc:send-error id="global-error-handler" rethrow-error="false" routes-to="Note-Error"/>
        <cc:local-out id="Note-Error" endpoint="vm://wcc/PutIntegrationMessage">
            <cc:set name="is.message.severity" value="'CRITICAL'"/>
            <cc:set name="is.message.summary" value="'See the Log file'"/>
        </cc:local-out>
        <cc:local-out id="Call_MassUpdate1" store-message="none" endpoint="MassUpdate1"/>
        <cc:local-in id="MassUpdate1" routes-to="AsyncMediation"/>
        <cc:async-mediation id="AsyncMediation" routes-to="Splitter0" handle-downstream-errors="true">
            <cc:steps>
                <cc:copy id="Copy" output-mimetype="text/xml" input="variable" input-variable="csv.input.file"/>
            </cc:steps>
        </cc:async-mediation>
        <cc:splitter id="Splitter0" no-split-message-error="false">
            <cc:sub-route name="SubRoute" routes-to="AsyncMediation0"/>
            <cc:xml-stream-splitter xpath="root/row"/>
        </cc:splitter>
        <cc:async-mediation id="AsyncMediation0" routes-to="WorkdayOutRest1" continue-after-error="rewind" handle-downstream-errors="true">
            <cc:steps>
                <cc:eval id="Eval0">
                    <cc:expression>props['associate.username'] = '';&#xD;
props['assistant.username'] = '';</cc:expression>
                    <cc:expression>props['associate.id'] = '';&#xD;
props['associate'] = '';&#xD;
props['assistant.id'] = '';&#xD;
props['assistant']  = '';</cc:expression>
                </cc:eval>
                <cc:eval id="Eval">
                    <cc:expression>props['associate.username'] = parts[0].xpath('row/Employee_ID');</cc:expression>
                    <cc:expression>props['assistant.username'] = parts[0].xpath('row/Admin_ID');</cc:expression>
                    <cc:expression>props['associate.username'] = org.apache.commons.lang.StringUtils.leftPad(props['associate.username'].toString(), 4, '0')</cc:expression>
                    <cc:expression>props['assistant.username'] = org.apache.commons.lang.StringUtils.leftPad(props['assistant.username'].toString(), 4, '0')</cc:expression>
                </cc:eval>
            </cc:steps>
            <cc:send-error id="SendError" routes-to="AsyncMediation5"/>
        </cc:async-mediation>
        <cc:workday-out-rest id="WorkdayOutRest1" routes-response-to="AsyncMediation1" extra-path="@{intsys.reportService.getExtrapath('USER_ACCOUNT_LOOKUP')}?Workday_Account!WorkdayUserName=@{props['associate.username']}!@{props['assistant.username']}"/>
        <cc:async-mediation id="AsyncMediation1" routes-to="WorkdayOutRest2">
            <cc:steps>
                <cc:eval id="Eval0">
                    <cc:expression>props['associate-id-xpath'] = '/wd:Report_Data/wd:Report_Entry[wd:userName=\&quot;' # props['associate.username']  # '\&quot;]/wd:Worker_group/wd:workdayID';&#xD;
props['associate-xpath'] = '/wd:Report_Data/wd:Report_Entry[wd:userName=\&quot;' # props['associate.username']  # '\&quot;]/wd:Worker_group/wd:fullName';&#xD;
props['associate-empid-xpath'] = '/wd:Report_Data/wd:Report_Entry[wd:userName=\&quot;' # props['associate.username']  # '\&quot;]/wd:Worker_group/wd:employeeID';</cc:expression>
                    <cc:expression>props['assistant-id-xpath'] = '/wd:Report_Data/wd:Report_Entry[wd:userName=\&quot;' # props['assistant.username']  # '\&quot;]/wd:Worker_group/wd:workdayID';&#xD;
props['assistant-xpath'] = '/wd:Report_Data/wd:Report_Entry[wd:userName=\&quot;' # props['assistant.username']  # '\&quot;]/wd:Worker_group/wd:fullName';&#xD;
props['assistant-empid-xpath'] = '/wd:Report_Data/wd:Report_Entry[wd:userName=\&quot;' # props['assistant.username']  # '\&quot;]/wd:Worker_group/wd:employeeID';</cc:expression>
                    <cc:expression>props['associate.id'] = parts[0].xpath(props['associate-empid-xpath'].toString());&#xD;
props['associate.wid'] = parts[0].xpath(props['associate-id-xpath'].toString());</cc:expression>
                    <cc:expression>props['assistant.id'] = parts[0].xpath(props['assistant-empid-xpath'].toString());&#xD;
props['assistant.wid'] = parts[0].xpath(props['assistant-id-xpath'].toString());</cc:expression>
                    <cc:expression>props['associate'] = parts[0].xpath(props['associate-xpath'].toString());</cc:expression>
                    <cc:expression>props['assistant'] = parts[0].xpath(props['assistant-xpath'].toString());</cc:expression>
                </cc:eval>
                <cc:write id="Write" output-mimetype="application/json">
                    <cc:message>
                        <cc:text>{&#xD;
    &quot;associateid&quot;: &quot;@{props['associate.id']}&quot;,&#xD;
    &quot;associate&quot;: {&#xD;
      &quot;id&quot;: &quot;@{props['associate.wid']}&quot;&#xD;
    },&#xD;
    &quot;assistant&quot;: {&#xD;
      &quot;id&quot;: &quot;@{props['assistant.wid']}&quot;&#xD;
    },&#xD;
    &quot;worker&quot;: {&#xD;
      &quot;id&quot;: &quot;@{props['assistant.wid']}&quot;&#xD;
    }&#xD;
  }</cc:text>
                    </cc:message>
                </cc:write>
                <cc:log id="Log">
                    <cc:log-message>
                        <cc:text>@{parts[0].text}</cc:text>
                    </cc:log-message>
                </cc:log>
            </cc:steps>
        </cc:async-mediation>
        <cc:workday-out-rest id="WorkdayOutRest2" routes-response-to="AsyncMediation3" extra-path="@{intsys.customObjectService.getExtrapath('WXNTD_ADMIN_ASSISTANTS')}?updateIfExists=true" method="POST"/>
        <cc:async-mediation id="AsyncMediation3" routes-to="Aggregator1">
            <cc:steps>
                <cc:eval id="Eval">
                    <cc:expression>props['status'] = 'success'</cc:expression>
                    <cc:expression>props['error.message'] = ''</cc:expression>
                </cc:eval>
            
                <cc:write id="Write" output-mimetype="text/xml">
                    <cc:message>
                        <cc:text>&lt;row>&#xD;
&lt;associate>@{props['associate']}&lt;/associate>&#xD;
&lt;associate.username>@{props['associate.username']}&lt;/associate.username>&#xD;
&lt;associate.id>@{props['associate.id']}&lt;/associate.id>&#xD;
&lt;assistant>@{props['assistant']}&lt;/assistant>&#xD;
&lt;assistant.username>@{props['assistant.username']}&lt;/assistant.username>&#xD;
&lt;assistant.id>@{props['assistant.id']}&lt;/assistant.id>&#xD;
&lt;status>@{props['status']}&lt;/status>&#xD;
&lt;error.message>@{props['error.message']}&lt;/error.message>&#xD;
&lt;/row></cc:text>
                    </cc:message>
                </cc:write>
            </cc:steps>
        </cc:async-mediation>
        <cc:aggregator id="Aggregator1" routes-to="AsyncMediation4" force-batch-on-last-message="true">
            <cc:size-batch-strategy batch-size="-1"/>
            <cc:xml-message-content-collater>
        <cc:header-text>&lt;root></cc:header-text>
        <cc:footer-text>&lt;/root></cc:footer-text>
      </cc:xml-message-content-collater>
        </cc:aggregator>
        <cc:async-mediation id="AsyncMediation4" routes-to="PutIntegrationMessage0">
            <cc:steps>
                <cc:xml-to-csv id="XmlToCsv" output="variable" output-mimetype="text/csv" output-variable="upload_audit.csv" writeHeaderLine="true"/>
            
                <cc:text-excel id="TextExcel" output="variable" output-variable="upload_audit.csv" input="variable" input-variable="upload_audit.csv" style="text2excel"/>
            
                <cc:store id="Audit_Store" output="variable" output-variable="upload.audit.xls.output" input="variable" input-variable="upload_audit.csv" createDocumentReference="false" expiresIn="P180D" title="Mass Upload Audit.xls"/>
            </cc:steps>
        </cc:async-mediation>
        <cc:local-out id="PutIntegrationMessage0" endpoint="vm://wcc/PutIntegrationMessage"><cc:set name="is.message.severity" value="'INFO'"/><cc:set name="is.message.summary" value="'Mass upload Audit is attached'"/><cc:set name="is.document.variable.name" value="'upload.audit.xls.output'"/><cc:set name="is.document.file.name" value="'Mass_Upload_Audit_Report.xls'"/><cc:set name="is.document.deliverable" value="'true'"/></cc:local-out>
        <cc:async-mediation id="AsyncMediation5" routes-to="Aggregator1">
            <cc:steps>
                <cc:eval id="Eval">
                    <cc:expression>props['status'] = 'failure'</cc:expression>
                    <cc:expression>props['error.message'] = context.errorMessage</cc:expression>
                </cc:eval>
            
                <cc:write id="Write" output-mimetype="text/xml">
                    <cc:message>
                        <cc:text>&lt;row>&#xD;
&lt;associate>@{props['associate']}&lt;/associate>&#xD;
&lt;associate.username>@{props['associate.username']}&lt;/associate.username>&#xD;
&lt;associate.id>@{props['associate.id']}&lt;/associate.id>&#xD;
&lt;assistant>@{props['assistant']}&lt;/assistant>&#xD;
&lt;assistant.username>@{props['assistant.username']}&lt;/assistant.username>&#xD;
&lt;assistant.id>@{props['assistant.id']}&lt;/assistant.id>&#xD;
&lt;status>@{props['status']}&lt;/status>&#xD;
&lt;error.message>@{props['error.message']}&lt;/error.message>&#xD;
&lt;/row></cc:text>
                    </cc:message>
                </cc:write>
            </cc:steps>
        </cc:async-mediation>
	</cc:assembly>

</beans>