<?xml version="1.0" encoding="UTF-8"?>
<wdnm:Diagram xmlns:wdnm="http://workday.com/studio/editors/notation">
  <element href="assembly.xml#WorkdayAssembly"/>
  <visualProperties x="126" y="157">
    <element href="assembly.xml#StartHere"/>
  </visualProperties>
  <visualProperties x="240" y="169">
    <element href="assembly.xml#Call_MassRemoval"/>
  </visualProperties>
  <visualProperties x="430" y="174">
    <element href="assembly.xml#Call_GetInputFile"/>
  </visualProperties>
  <visualProperties x="135" y="237">
    <element href="assembly.xml#MassRemoval"/>
  </visualProperties>
  <visualProperties x="129" y="323">
    <element href="assembly.xml#GetInputFile"/>
  </visualProperties>
  <visualProperties x="248" y="220">
    <element href="assembly.xml#Call_Initiate"/>
  </visualProperties>
  <visualProperties x="134" y="328">
    <element href="assembly.xml#Initiate"/>
  </visualProperties>
  <visualProperties x="221" y="343">
    <element href="assembly.xml#Initilize_Props"/>
  </visualProperties>
  <visualProperties x="273" y="533">
    <element href="assembly.xml#Get_All_Current_Admin_Assistants"/>
  </visualProperties>
  <visualProperties x="475" y="528">
    <element href="assembly.xml#Splitter"/>
  </visualProperties>
  <visualProperties x="615" y="549">
    <element href="assembly.xml#Get_CO_ID"/>
  </visualProperties>
  <visualProperties x="789" y="569">
    <element href="assembly.xml#CaptureError"/>
  </visualProperties>
  <visualProperties x="975" y="569">
    <element href="assembly.xml#WorkdayOutRest0"/>
  </visualProperties>
  <visualProperties x="1176" y="542">
    <element href="assembly.xml#SetStatus"/>
  </visualProperties>
  <visualProperties x="899" y="691">
    <element href="assembly.xml#HandleError"/>
  </visualProperties>
  <visualProperties x="1393" y="583">
    <element href="assembly.xml#Aggregator"/>
  </visualProperties>
  <visualProperties x="1530" y="558">
    <element href="assembly.xml#Store_Audit_File"/>
  </visualProperties>
  <visualProperties x="1710" y="552">
    <element href="assembly.xml#PIM"/>
  </visualProperties>
  <visualProperties x="264" y="911">
    <element href="assembly.xml#GetEventDocuments"/>
  </visualProperties>
  <visualProperties x="484" y="925">
    <element href="assembly.xml#Route"/>
  </visualProperties>
  <visualProperties x="634" y="948">
    <element href="assembly.xml#Get_InputFile"/>
  </visualProperties>
  <visualProperties x="815" y="235">
    <element href="assembly.xml#Call_MassUpdate"/>
  </visualProperties>
  <visualProperties x="154" y="1154">
    <element href="assembly.xml#MassUpdate"/>
  </visualProperties>
  <visualProperties x="248" y="1157">
    <element href="assembly.xml#Copy_InputFile"/>
  </visualProperties>
  <visualProperties x="441" y="1184">
    <element href="assembly.xml#Splitt_InputRecord"/>
  </visualProperties>
  <visualProperties x="586" y="1209">
    <element href="assembly.xml#Create_Json_request_Payload"/>
  </visualProperties>
  <visualProperties x="785" y="1202">
    <element href="assembly.xml#WorkdayOutRest"/>
  </visualProperties>
  <visualProperties x="800" y="1177">
    <element href="assembly.xml#AsyncMediation2"/>
  </visualProperties>
  <visualProperties x="875" y="1332">
    <element href="assembly.xml#Set_Error_Status"/>
  </visualProperties>
  <visualProperties x="1159" y="1212">
    <element href="assembly.xml#Set_Success_Status"/>
  </visualProperties>
  <visualProperties x="1380" y="1205">
    <element href="assembly.xml#Aggregator0"/>
  </visualProperties>
  <visualProperties x="1583" y="1200">
    <element href="assembly.xml#Store_Mass_Upload_Audit"/>
  </visualProperties>
  <visualProperties x="1771" y="1212">
    <element href="assembly.xml#PutIntegrationMessage"/>
  </visualProperties>
  <visualProperties x="124" y="1454">
    <element href="assembly.xml#//@beans/@mixed.1/@mixed.67"/>
  </visualProperties>
  <visualProperties x="429" y="1454">
    <element href="assembly.xml#Note-Error"/>
  </visualProperties>
  <visualProperties x="1007" y="117">
    <element href="assembly.xml#Call_MassUpdate1"/>
  </visualProperties>
  <visualProperties x="132" y="1442">
    <element href="assembly.xml#MassUpdate1"/>
  </visualProperties>
  <visualProperties x="255" y="1465">
    <element href="assembly.xml#AsyncMediation"/>
  </visualProperties>
  <visualProperties x="429" y="1498">
    <element href="assembly.xml#Splitter0"/>
  </visualProperties>
  <visualProperties x="582" y="1505">
    <element href="assembly.xml#AsyncMediation0"/>
  </visualProperties>
  <visualProperties x="762" y="1518">
    <element href="assembly.xml#WorkdayOutRest1"/>
  </visualProperties>
  <visualProperties x="973" y="1479">
    <element href="assembly.xml#AsyncMediation1"/>
  </visualProperties>
  <visualProperties x="1173" y="1511">
    <element href="assembly.xml#WorkdayOutRest2"/>
  </visualProperties>
  <visualProperties x="1383" y="1488">
    <element href="assembly.xml#AsyncMediation3"/>
  </visualProperties>
  <visualProperties x="1565" y="1492">
    <element href="assembly.xml#Aggregator1"/>
  </visualProperties>
  <visualProperties x="1715" y="1502">
    <element href="assembly.xml#AsyncMediation4"/>
  </visualProperties>
  <visualProperties x="1899" y="1486">
    <element href="assembly.xml#PutIntegrationMessage0"/>
  </visualProperties>
  <visualProperties x="262" y="1635">
    <element href="assembly.xml#AsyncMediation5"/>
  </visualProperties>
  <connections type="routesTo" sourceAnchorX="0.5612244897959183" sourceAnchorY="1.0" targetAnchorX="0.4125874125874126" targetAnchorY="0.391304347826087">
    <source href="assembly.xml#Initiate"/>
    <target href="assembly.xml#Initilize_Props"/>
  </connections>
  <connections type="routesTo" sourceAnchorX="0.56" sourceAnchorY="1.0" targetAnchorX="0.3058823529411765" targetAnchorY="0.4594594594594595">
    <source href="assembly.xml#MassRemoval"/>
    <target href="assembly.xml#Get_All_Current_Admin_Assistants"/>
  </connections>
  <connections type="routesResponseTo" sourceAnchorX="0.6823529411764706" sourceAnchorY="1.0" targetAnchorX="0.6410256410256411" targetAnchorY="0.1">
    <source href="assembly.xml#Get_All_Current_Admin_Assistants"/>
    <target href="assembly.xml#Splitter"/>
  </connections>
  <connections type="routesTo" sourceAnchorX="0.6730769230769231" sourceAnchorY="1.0" targetAnchorX="0.15384615384615385" targetAnchorY="0.5978260869565217">
    <source href="assembly.xml#//@beans/@mixed.1/@splitter.0/@subRoute.0"/>
    <target href="assembly.xml#Get_CO_ID"/>
  </connections>
  <connections type="routesTo" sourceAnchorX="1.0" sourceAnchorY="0.29347826086956524" targetAnchorX="0.23178807947019867" targetAnchorY="0.2391304347826087">
    <source href="assembly.xml#Get_CO_ID"/>
    <target href="assembly.xml#CaptureError"/>
  </connections>
  <connections type="routesTo" sourceAnchorX="1.0" sourceAnchorY="0.29347826086956524" targetAnchorX="0.14606741573033707" targetAnchorY="0.5945945945945946">
    <source href="assembly.xml#CaptureError"/>
    <target href="assembly.xml#WorkdayOutRest0"/>
  </connections>
  <connections type="routesResponseTo" sourceAnchorX="0.5617977528089888" sourceAnchorY="1.0" targetAnchorX="0.4304635761589404" targetAnchorY="0.2391304347826087">
    <source href="assembly.xml#WorkdayOutRest0"/>
    <target href="assembly.xml#SetStatus"/>
  </connections>
  <connections type="routesTo" sourceAnchorX="0.5972222222222222" sourceAnchorY="1.0" targetAnchorX="0.6225165562913907" targetAnchorY="0.22826086956521738">
    <source href="assembly.xml#//@beans/@mixed.1/@mixed.23/@mixed.3"/>
    <target href="assembly.xml#HandleError"/>
  </connections>
  <connections type="routesTo" sourceAnchorX="0.5761589403973509" sourceAnchorY="1.0" targetAnchorX="0.035398230088495575" targetAnchorY="0.5675675675675675">
    <source href="assembly.xml#SetStatus"/>
    <target href="assembly.xml#Aggregator"/>
  </connections>
  <connections type="routesTo" sourceAnchorX="1.0" sourceAnchorY="0.30434782608695654" targetAnchorX="0.25663716814159293" targetAnchorY="0.2702702702702703">
    <source href="assembly.xml#HandleError"/>
    <target href="assembly.xml#Aggregator"/>
  </connections>
  <connections type="routesTo" sourceAnchorX="0.8584070796460177" sourceAnchorY="1.0" targetAnchorX="0.5827814569536424" targetAnchorY="0.32608695652173914">
    <source href="assembly.xml#Aggregator"/>
    <target href="assembly.xml#Store_Audit_File"/>
  </connections>
  <connections type="routesTo" sourceAnchorX="0.0" sourceAnchorY="0.34375" targetAnchorX="0.375609756097561" targetAnchorY="0.08108108108108109">
    <source href="assembly.xml#Store_Audit_File"/>
    <target href="assembly.xml#PIM"/>
  </connections>
  <connections type="routesTo" sourceAnchorX="0.717391304347826" sourceAnchorY="1.0" targetAnchorX="0.32124352331606215" targetAnchorY="0.4594594594594595">
    <source href="assembly.xml#GetInputFile"/>
    <target href="assembly.xml#GetEventDocuments"/>
  </connections>
  <connections type="routesResponseTo" sourceAnchorX="0.5958549222797928" sourceAnchorY="1.0" targetAnchorX="0.26495726495726496" targetAnchorY="0.4024390243902439">
    <source href="assembly.xml#GetEventDocuments"/>
    <target href="assembly.xml#Route"/>
  </connections>
  <connections type="routesTo" sourceAnchorX="0.41346153846153844" sourceAnchorY="1.0" targetAnchorX="0.4965034965034965" targetAnchorY="0.30434782608695654">
    <source href="assembly.xml#//@beans/@mixed.1/@route.0/@subRoute.0"/>
    <target href="assembly.xml#Get_InputFile"/>
  </connections>
  <connections type="routesTo" sourceAnchorX="0.6811594202898551" sourceAnchorY="1.0" targetAnchorX="0.2052980132450331" targetAnchorY="0.5217391304347826">
    <source href="assembly.xml#MassUpdate"/>
    <target href="assembly.xml#Copy_InputFile"/>
  </connections>
  <connections type="routesTo" sourceAnchorX="1.0" sourceAnchorY="0.21875" targetAnchorX="0.48717948717948717" targetAnchorY="0.3769230769230769">
    <source href="assembly.xml#Copy_InputFile"/>
    <target href="assembly.xml#Splitt_InputRecord"/>
  </connections>
  <connections type="routesTo" sourceAnchorX="0.3557692307692308" sourceAnchorY="1.0" targetAnchorX="0.2847682119205298" targetAnchorY="0.5978260869565217">
    <source href="assembly.xml#//@beans/@mixed.1/@splitter.1/@subRoute.0"/>
    <target href="assembly.xml#Create_Json_request_Payload"/>
  </connections>
  <connections type="routesTo" sourceAnchorX="0.0" sourceAnchorY="0.28125" targetAnchorX="0.24503311258278146" targetAnchorY="0.15217391304347827">
    <source href="assembly.xml#Create_Json_request_Payload"/>
    <target href="assembly.xml#AsyncMediation2"/>
  </connections>
  <connections type="routesTo" sourceAnchorX="0.0" sourceAnchorY="0.21739130434782608" targetAnchorX="0.18823529411764706" targetAnchorY="0.21621621621621623">
    <source href="assembly.xml#AsyncMediation2"/>
    <target href="assembly.xml#WorkdayOutRest"/>
  </connections>
  <connections type="routesTo" sourceAnchorX="0.6041666666666666" sourceAnchorY="1.0" targetAnchorX="0.543046357615894" targetAnchorY="0.4782608695652174">
    <source href="assembly.xml#//@beans/@mixed.1/@mixed.55/@mixed.3"/>
    <target href="assembly.xml#Set_Error_Status"/>
  </connections>
  <connections type="routesResponseTo" sourceAnchorX="0.4470588235294118" sourceAnchorY="1.0" targetAnchorX="0.2980132450331126" targetAnchorY="0.2608695652173913">
    <source href="assembly.xml#WorkdayOutRest"/>
    <target href="assembly.xml#Set_Success_Status"/>
  </connections>
  <connections type="routesTo" sourceAnchorX="0.0" sourceAnchorY="0.3804347826086957" targetAnchorX="0.371900826446281" targetAnchorY="0.3783783783783784">
    <source href="assembly.xml#Set_Success_Status"/>
    <target href="assembly.xml#Aggregator0"/>
  </connections>
  <connections type="routesTo" sourceAnchorX="1.0" sourceAnchorY="0.20754716981132076" targetAnchorX="0.31788079470198677" targetAnchorY="0.2391304347826087">
    <source href="assembly.xml#Aggregator0"/>
    <target href="assembly.xml#Store_Mass_Upload_Audit"/>
  </connections>
  <connections type="routesTo" sourceAnchorX="0.0" sourceAnchorY="0.43478260869565216" targetAnchorX="0.36097560975609755" targetAnchorY="0.21621621621621623">
    <source href="assembly.xml#Store_Mass_Upload_Audit"/>
    <target href="assembly.xml#PutIntegrationMessage"/>
  </connections>
  <connections type="routesTo" sourceAnchorX="0.0" sourceAnchorY="0.3125" targetAnchorX="0.23563218390804597" targetAnchorY="0.5188679245283019">
    <source href="assembly.xml#Set_Error_Status"/>
    <target href="assembly.xml#Aggregator0"/>
  </connections>
  <connections type="routesResponseTo" sourceAnchorX="0.9236641221374046" sourceAnchorY="1.0" targetAnchorX="0.5519125683060109" targetAnchorY="0.5135135135135135">
    <source href="assembly.xml#Call_Initiate"/>
    <target href="assembly.xml#Call_MassRemoval"/>
  </connections>
  <connections type="routesResponseTo" sourceAnchorX="0.6994535519125683" sourceAnchorY="1.0" targetAnchorX="0.3652694610778443" targetAnchorY="0.4594594594594595">
    <source href="assembly.xml#Call_MassRemoval"/>
    <target href="assembly.xml#Call_GetInputFile"/>
  </connections>
  <connections type="routesTo" sourceAnchorX="0.9669421487603306" sourceAnchorY="0.43243243243243246" targetAnchorX="0.06060606060606061" targetAnchorY="0.3783783783783784">
    <source href="assembly.xml#//@beans/@mixed.1/@mixed.67"/>
    <target href="assembly.xml#Note-Error"/>
  </connections>
  <connections type="routesTo" sourceAnchorX="1.0" sourceAnchorY="0.3645833333333333" targetAnchorX="0.5128205128205128" targetAnchorY="0.1951219512195122">
    <source href="assembly.xml#AsyncMediation"/>
    <target href="assembly.xml#Splitter0"/>
  </connections>
  <connections type="routesTo" sourceAnchorX="0.7692307692307693" sourceAnchorY="1.0" targetAnchorX="0.2251655629139073" targetAnchorY="0.45652173913043476">
    <source href="assembly.xml#//@beans/@mixed.1/@splitter.2/@subRoute.0"/>
    <target href="assembly.xml#AsyncMediation0"/>
  </connections>
  <connections type="routesTo" sourceAnchorX="0.0" sourceAnchorY="0.23958333333333334" targetAnchorX="0.2303370786516854" targetAnchorY="0.3783783783783784">
    <source href="assembly.xml#AsyncMediation0"/>
    <target href="assembly.xml#WorkdayOutRest1"/>
  </connections>
  <connections type="routesResponseTo" sourceAnchorX="0.47191011235955055" sourceAnchorY="1.0" targetAnchorX="0.41721854304635764">
    <source href="assembly.xml#WorkdayOutRest1"/>
    <target href="assembly.xml#AsyncMediation1"/>
  </connections>
  <connections type="routesTo" sourceAnchorX="0.5821917808219178" sourceAnchorY="1.0" targetAnchorX="0.40559440559440557" targetAnchorY="0.13541666666666666">
    <source href="assembly.xml#MassUpdate1"/>
    <target href="assembly.xml#AsyncMediation"/>
  </connections>
  <connections type="routesTo" sourceAnchorX="1.0" sourceAnchorY="0.17708333333333334" targetAnchorX="0.3615023474178404" targetAnchorY="0.7297297297297297">
    <source href="assembly.xml#AsyncMediation4"/>
    <target href="assembly.xml#PutIntegrationMessage0"/>
  </connections>
  <connections type="routesTo" sourceAnchorX="0.0" sourceAnchorY="0.18867924528301888" targetAnchorX="0.6053639846743295" targetAnchorY="0.2604166666666667">
    <source href="assembly.xml#Aggregator1"/>
    <target href="assembly.xml#AsyncMediation4"/>
  </connections>
  <connections type="routesTo" sourceAnchorX="0.6011560693641619" sourceAnchorY="1.0" targetAnchorX="0.3539325842696629" targetAnchorY="0.3783783783783784">
    <source href="assembly.xml#AsyncMediation1"/>
    <target href="assembly.xml#WorkdayOutRest2"/>
  </connections>
  <connections type="routesResponseTo" sourceAnchorX="0.5561797752808989" sourceAnchorY="1.0" targetAnchorX="0.2052980132450331" targetAnchorY="0.4583333333333333">
    <source href="assembly.xml#WorkdayOutRest2"/>
    <target href="assembly.xml#AsyncMediation3"/>
  </connections>
  <connections type="routesTo" sourceAnchorX="1.0" sourceAnchorY="0.3020833333333333" targetAnchorX="0.27586206896551724" targetAnchorY="0.1509433962264151">
    <source href="assembly.xml#AsyncMediation3"/>
    <target href="assembly.xml#Aggregator1"/>
  </connections>
  <connections type="routesTo" sourceAnchorX="0.7430555555555556" sourceAnchorY="1.0" targetAnchorX="0.5364238410596026">
    <source href="assembly.xml#//@beans/@mixed.1/@mixed.79/@mixed.3"/>
    <target href="assembly.xml#AsyncMediation5"/>
  </connections>
  <connections type="routesTo" sourceAnchorX="0.0" sourceAnchorY="0.20833333333333334" targetAnchorX="0.3045977011494253" targetAnchorY="0.5188679245283019">
    <source href="assembly.xml#AsyncMediation5"/>
    <target href="assembly.xml#Aggregator1"/>
  </connections>
  <connections type="routesTo">
    <source href="assembly.xml#StartHere"/>
    <target href="assembly.xml#Call_Initiate"/>
  </connections>
  <connections type="routesResponseTo">
    <source href="assembly.xml#Call_GetInputFile"/>
    <target href="assembly.xml#Call_MassUpdate1"/>
  </connections>
  <swimlanes x="96" y="112" font="Arial|11|0" bgColor="12615808" fontColor="1" name="Main Flow" labelAlignment="LEFT">
    <elements href="assembly.xml#StartHere"/>
    <elements href="assembly.xml#Call_Initiate"/>
    <elements href="assembly.xml#Call_MassRemoval"/>
    <elements href="assembly.xml#Call_GetInputFile"/>
    <elements href="assembly.xml#Call_MassUpdate"/>
    <elements href="assembly.xml#Call_MassUpdate1"/>
  </swimlanes>
  <swimlanes x="96" y="294" font="Arial|11|0" bgColor="13867610" fontColor="1" name="Get Input File" labelAlignment="LEFT">
    <elements href="assembly.xml#GetInputFile"/>
    <elements href="assembly.xml#GetEventDocuments"/>
    <elements href="assembly.xml#Route"/>
    <elements href="assembly.xml#Get_InputFile"/>
  </swimlanes>
  <swimlanes x="-317" y="2" font="Bell MT|14|1" bgColor="15133418" fontColor="16711680" name="Massload Admin Assistant Integration" orientation="VERTICAL" elements="//@swimlanes.0 //@swimlanes.4 //@swimlanes.3 //@swimlanes.1 //@swimlanes.6 //@swimlanes.9 //@swimlanes.8" labelAlignment="LEFT"/>
  <swimlanes x="151" y="286" font="Arial|11|0" bgColor="3369164" fontColor="1" name="Mass Removal" labelAlignment="LEFT">
    <elements href="assembly.xml#MassRemoval"/>
    <elements href="assembly.xml#Get_All_Current_Admin_Assistants"/>
    <elements href="assembly.xml#Splitter"/>
    <elements href="assembly.xml#Get_CO_ID"/>
    <elements href="#//@swimlanes.5"/>
    <elements href="assembly.xml#WorkdayOutRest0"/>
    <elements href="assembly.xml#SetStatus"/>
    <elements href="assembly.xml#Aggregator"/>
    <elements href="assembly.xml#Store_Audit_File"/>
    <elements href="assembly.xml#PIM"/>
  </swimlanes>
  <swimlanes x="171" y="279" font="Arial|11|0" bgColor="10340577" fontColor="1" name="Initializing" labelAlignment="LEFT">
    <elements href="assembly.xml#Initiate"/>
    <elements href="assembly.xml#Initilize_Props"/>
  </swimlanes>
  <swimlanes x="809" y="559" orientation="VERTICAL">
    <elements href="assembly.xml#CaptureError"/>
    <elements href="assembly.xml#HandleError"/>
  </swimlanes>
  <swimlanes x="990" y="1067" font="Arial|11|0" bgColor="4227072" fontColor="1" name="Mass Upload Process" labelAlignment="LEFT">
    <elements href="assembly.xml#MassUpdate"/>
    <elements href="assembly.xml#Copy_InputFile"/>
    <elements href="assembly.xml#Splitt_InputRecord"/>
    <elements href="assembly.xml#Create_Json_request_Payload"/>
    <elements href="#//@swimlanes.7"/>
    <elements href="assembly.xml#WorkdayOutRest"/>
    <elements href="assembly.xml#Set_Success_Status"/>
    <elements href="assembly.xml#Aggregator0"/>
    <elements href="assembly.xml#Store_Mass_Upload_Audit"/>
    <elements href="assembly.xml#PutIntegrationMessage"/>
  </swimlanes>
  <swimlanes x="786" y="1208" orientation="VERTICAL">
    <elements href="assembly.xml#AsyncMediation2"/>
    <elements href="assembly.xml#Set_Error_Status"/>
  </swimlanes>
  <swimlanes x="265" y="1400" bgColor="255" name="Global Error Handler">
    <elements href="assembly.xml#//@beans/@mixed.1/@mixed.67"/>
    <elements href="assembly.xml#Note-Error"/>
  </swimlanes>
  <swimlanes x="143" y="1404" name="Swimlane">
    <elements href="assembly.xml#MassUpdate1"/>
    <elements href="assembly.xml#AsyncMediation"/>
    <elements href="assembly.xml#Splitter0"/>
    <elements href="#//@swimlanes.10"/>
    <elements href="assembly.xml#WorkdayOutRest1"/>
    <elements href="assembly.xml#AsyncMediation1"/>
    <elements href="assembly.xml#WorkdayOutRest2"/>
    <elements href="assembly.xml#AsyncMediation3"/>
    <elements href="assembly.xml#Aggregator1"/>
    <elements href="assembly.xml#AsyncMediation4"/>
    <elements href="assembly.xml#PutIntegrationMessage0"/>
  </swimlanes>
  <swimlanes x="192" y="1503" name="Swimlane" orientation="VERTICAL">
    <elements href="assembly.xml#AsyncMediation0"/>
    <elements href="assembly.xml#AsyncMediation5"/>
  </swimlanes>
</wdnm:Diagram>
