<?xml version="1.0" encoding="UTF-8"?>
<beans
     xmlns="http://www.springframework.org/schema/beans"
     xmlns:beans="http://www.springframework.org/schema/beans"
     xmlns:atom="http://www.w3.org/2005/Atom"
     xmlns:cc="http://www.capeclear.com/assembly/10"
     xmlns:cloud="urn:com.workday/esb/cloud/10.0"
     xmlns:env="http://schemas.xmlsoap.org/soap/envelope/"
     xmlns:pi="urn:com.workday/picof"
     xmlns:wd="urn:com.workday/bsvc"
     xmlns:xsi="http://www.w3.org/2001/XMLSchema-instance">
 
	<cc:assembly id="WorkdayAssembly" version="20">
        <cc:workday-in id="StartHere" routes-to="Route">
            <cc:integration-system name="WICT_Email_Update">
        <cloud:retrieval-service name="GetEmailRS"/>
      </cc:integration-system>
        </cc:workday-in>
        <cc:local-out id="CallProcessRetrievedFile" store-message="both" endpoint="vm://WICT_Email_Update/ProcessRetrievedFile"/>
        <cc:async-mediation id="AsyncMediation1" routes-to="CallProcessRetrievedFile">
            <cc:steps>
                <cc:copy id="Copy" input="variable" input-variable="wd.retrieve.variable"/>
                <cc:log id="Log">
                    <cc:log-message>
                        <cc:text>Purplebean</cc:text>
                        <cc:line-separator/>
                        <cc:message-content/>
                    </cc:log-message>
                </cc:log>
            </cc:steps>
        </cc:async-mediation>
        <cc:route id="Route">
            <cc:doc-iterator/>
            <cc:sub-route name="SubRoute" routes-to="AsyncMediation1"/>
        </cc:route>
        <cc:async-mediation id="AsyncMediation2" routes-to="CallUpdateEmail">
            <cc:steps>
                <cc:eval id="Eval"><cc:expression>props['emplid'] = parts[0].xpath('/employee_entry/employee_ID')</cc:expression><cc:expression>props['email'] = parts[0].xpath('/employee_entry/email_address')</cc:expression></cc:eval>
            </cc:steps>
        </cc:async-mediation>
        <cc:splitter id="Splitter">
            <cc:sub-route name="SubRoute" routes-to="AsyncMediation2"/>
            <cc:xpath-splitter xpath="/root/employee_entry"/>
        </cc:splitter>
        <cc:local-in id="ProcessRetrievedFile" routes-to="Splitter"/>
        <cc:local-in id="UpdateEmail" routes-to="AsyncMediation"/>
        <cc:workday-out-soap id="WorkdayOutSoap" application="Human_Resources" failure-message="Worker does not exisit." version="v23.0"/>
        <cc:local-out id="CallUpdateEmail" store-message="none" endpoint="vm://WICT_Email_Update/UpdateEmail"/>
        <cc:local-out id="PutIntegrationMessage" endpoint="vm://wcc/PutIntegrationMessage"><cc:set name="is.message.severity" value="'ERROR'"/><cc:set name="is.message.summary" value="'Worker ' + props['emplid'] + ' does not exist.' + context.errorMessage "/></cc:local-out>
        <cc:async-mediation id="AsyncMediation" routes-to="WorkdayOutSoap" handle-downstream-errors="true">
            <cc:steps>
                <cc:write id="Write">
                    <cc:message>
                        <cc:text>&lt;?xml version=&quot;1.0&quot; encoding=&quot;UTF-8&quot;?>&#xD;
&lt;env:Envelope xmlns:env=&quot;http://schemas.xmlsoap.org/soap/envelope/&quot;&#xD;
	xmlns:xsd=&quot;http://www.w3.org/2001/XMLSchema&quot;>&#xD;
	&lt;env:Body>&#xD;
		&lt;wd:Maintain_Contact_Information_for_Person_Event_Request&#xD;
			xmlns:wd=&quot;urn:com.workday/bsvc&quot; wd:Add_Only=&quot;true&quot; wd:version=&quot;v24.0&quot;>&#xD;
			&lt;wd:Business_Process_Parameters>&#xD;
				&lt;wd:Auto_Complete>true&lt;/wd:Auto_Complete>&#xD;
				&lt;wd:Run_Now>true&lt;/wd:Run_Now>&#xD;
				&lt;wd:Comment_Data>&#xD;
					&lt;wd:Comment>Initiated by WICT_Email_Update Integration&lt;/wd:Comment>&#xD;
				&lt;/wd:Comment_Data>&#xD;
			&lt;/wd:Business_Process_Parameters>&#xD;
			&lt;wd:Maintain_Contact_Information_Data>&#xD;
				&lt;wd:Worker_Reference>&#xD;
					&lt;wd:ID wd:type=&quot;Employee_ID&quot;>@{props['emplid']}&lt;/wd:ID>&#xD;
				&lt;/wd:Worker_Reference>&#xD;
				&lt;wd:Effective_Date>@{util.currentDateAsString()}&lt;/wd:Effective_Date>&#xD;
				&lt;wd:Worker_Contact_Information_Data>&#xD;
					&lt;wd:Email_Address_Data>&#xD;
						&lt;wd:Email_Address>@{props['email']}&lt;/wd:Email_Address>&#xD;
						&lt;wd:Usage_Data wd:Public=&quot;true&quot;>&#xD;
							&lt;wd:Type_Data wd:Primary=&quot;true&quot;>&#xD;
								&lt;wd:Type_Reference>&#xD;
									&lt;wd:ID wd:type=&quot;Communication_Usage_Type_ID&quot;>Work&lt;/wd:ID>&#xD;
								&lt;/wd:Type_Reference>&#xD;
							&lt;/wd:Type_Data>&#xD;
							&lt;wd:Comments>Updated by WICT_Email_Update Integration&#xD;
							&lt;/wd:Comments>&#xD;
						&lt;/wd:Usage_Data>&#xD;
					&lt;/wd:Email_Address_Data>&#xD;
				&lt;/wd:Worker_Contact_Information_Data>&#xD;
			&lt;/wd:Maintain_Contact_Information_Data>&#xD;
		&lt;/wd:Maintain_Contact_Information_for_Person_Event_Request>&#xD;
	&lt;/env:Body>&#xD;
&lt;/env:Envelope></cc:text>
                    </cc:message>
                </cc:write></cc:steps>
        <cc:send-error id="SendError" routes-to="PutIntegrationMessage"/>
        </cc:async-mediation>
	</cc:assembly>

</beans>