<?xml version='1.0' encoding='UTF-8'?>
<wd:Report_Data xmlns:wd="urn:com.workday.report/SS-ADP-Report">
    <wd:Report_Entry>
        <wd:Workday_ID>408da5729e614112a04b5daed8b83f8e</wd:Workday_ID>
        <wd:Employee_ID>0000031075</wd:Employee_ID>
        <wd:Social_Security_Number>xxxxxxxxx</wd:Social_Security_Number>
        <wd:ADP_FSA_Control_Number>09388</wd:ADP_FSA_Control_Number>
        <wd:File_Type_Indicator>DP</wd:File_Type_Indicator>
        <wd:EFT_Indicator>N</wd:EFT_Indicator>
        <wd:Branch_Code>HO</wd:Branch_Code>
        <wd:Last_Name>LastN</wd:Last_Name>
        <wd:First_Name>FirstN</wd:First_Name>
        <wd:Hire_Date>2003-04-21-07:00</wd:Hire_Date>
        <wd:dateOfBirth>1963-07-05-07:00</wd:dateOfBirth>
        <wd:Gender wd:Descriptor="Male">
            <wd:ID wd:type="WID">d9852588aa1d4853b26c93dc6a1492d4</wd:ID>
            <wd:ID wd:type="Gender_Code">Male</wd:ID>
        </wd:Gender>
        <wd:primaryWorkEmail>xxxxxxxxxxxxxxxxxxx</wd:primaryWorkEmail>
        <wd:Benefit_Elections>
            <wd:Benefit_Plan wd:Descriptor="Healthcare FSA Full Service - Guardian 2013">
                <wd:ID wd:type="WID">ab210ea47a8b42d68f219adf28d40f7d</wd:ID>
                <wd:ID wd:type="Spending_Account_Plan_ID">HCFSA-FF</wd:ID>
            </wd:Benefit_Plan>
            <wd:Current_Election_Coverage_Begin_Date>2013-01-01-08:00</wd:Current_Election_Coverage_Begin_Date>
            <wd:Annual_Cost>1000.08</wd:Annual_Cost>
        </wd:Benefit_Elections>
        <wd:Primary_Home_Address>
            <wd:Address_Line_1>515 Fake Street</wd:Address_Line_1>
            <wd:City>Perkasie</wd:City>
            <wd:State>PA</wd:State>
            <wd:Postal_Code>18944</wd:Postal_Code>
        </wd:Primary_Home_Address>
        <wd:Payroll_Result_Lines_Completed>
            <wd:Deduction wd:Descriptor="FSA MED CONT">
                <wd:ID wd:type="WID">7ac72d269a2340e08c5923e31f46ffd2</wd:ID>
                <wd:ID wd:type="Deduction_Code">FSAMED</wd:ID>
            </wd:Deduction>
            <wd:Result_Line_Amount>41.67</wd:Result_Line_Amount>
            <wd:Period_Start_Date>2013-02-01-08:00</wd:Period_Start_Date>
            <wd:Period_End_Date>2013-02-15-08:00</wd:Period_End_Date>
        </wd:Payroll_Result_Lines_Completed>
    </wd:Report_Entry>
</wd:Report_Data>
