<?xml version="1.0" encoding="UTF-8"?>
    
        <TaxData>
   <Employeeid>30116091</Employeeid>
   <Companyid>CO_Wingfoot Commercial Tire Systems,
                            LLC</Companyid>

   <Tax>
      <taxdetail>
         <Companyid>CO_Wingfoot Commercial Tire Systems,
                            LLC</Companyid>
         <Statecode>21</Statecode>
         <country>
            <taxtype>WORK</taxtype>
            <countrycode>21209</countrycode>
            <countrystatus>0</countrystatus>
         </country>
         <country>
            <taxtype>WORK</taxtype>
            <countrycode>21WD013</countrycode>
            <countrystatus>0</countrystatus>
         </country>
         <school>
            <schoolcode>2105260</schoolcode>
            <schoolstatus>0</schoolstatus>
         </school>
      </taxdetail>
   </Tax>
   <Employeeid>30116091</Employeeid>
   <Companyid>CO_The Goodyear Tire &amp; Rubber
                            Company</Companyid>

   <Tax>
      <taxdetail>
         <Companyid>CO_The Goodyear Tire &amp; Rubber
                            Company</Companyid>
         <Statecode>21</Statecode>
         <country>
            <taxtype>WORK</taxtype>
            <countrycode>21WD013</countrycode>
            <countrystatus>0</countrystatus>
         </country>
         <school>
            <schoolcode>2105260</schoolcode>
            <schoolstatus>0</schoolstatus>
         </school>
      </taxdetail>
   </Tax>
</TaxData>
    

