<?xml version="1.0" encoding="UTF-8"?>
<beans
     xmlns="http://www.springframework.org/schema/beans"
     xmlns:beans="http://www.springframework.org/schema/beans"
     xmlns:atom="http://www.w3.org/2005/Atom"
     xmlns:cc="http://www.capeclear.com/assembly/10"
     xmlns:cloud="urn:com.workday/esb/cloud/10.0"
     xmlns:env="http://schemas.xmlsoap.org/soap/envelope/"
     xmlns:pi="urn:com.workday/picof"
     xmlns:wd="urn:com.workday/bsvc"
     xmlns:xsi="http://www.w3.org/2001/XMLSchema-instance">
 
	<cc:assembly id="WorkdayAssembly" version="2019.6">
        <cc:workday-in id="StartHere" routes-to="GetFile">
            <cc:integration-system name="Alight Add Email Address to Integration Notification">
        <cloud:param name="Email ID">
          <cloud:type>
            <cloud:simple-type>text</cloud:simple-type>
          </cloud:type>
          <cloud:launch-option>required</cloud:launch-option>
        </cloud:param>
        <cloud:param name="Email Body">
          <cloud:type>
            <cloud:simple-type>text</cloud:simple-type>
          </cloud:type>
        </cloud:param>
        <cloud:param name="Email Subject">
          <cloud:type>
            <cloud:simple-type>text</cloud:simple-type>
          </cloud:type>
        </cloud:param>
        <cloud:param name="Aborted">
          <cloud:type>
            <cloud:simple-type>boolean</cloud:simple-type>
          </cloud:type>
        </cloud:param>
        <cloud:param name="Completed">
          <cloud:type>
            <cloud:simple-type>boolean</cloud:simple-type>
          </cloud:type>
        </cloud:param>
        <cloud:param name="Completed With Errors">
          <cloud:type>
            <cloud:simple-type>boolean</cloud:simple-type>
          </cloud:type>
        </cloud:param>
        <cloud:param name="Completed with Warnings">
          <cloud:type>
            <cloud:simple-type>boolean</cloud:simple-type>
          </cloud:type>
        </cloud:param>
        <cloud:param name="Failed">
          <cloud:type>
            <cloud:simple-type>boolean</cloud:simple-type>
          </cloud:type>
        </cloud:param>
        <cloud:param name="Initiated">
          <cloud:type>
            <cloud:simple-type>boolean</cloud:simple-type>
          </cloud:type>
        </cloud:param>
        <cloud:param name="Not Run due to Exceptions on Future Process">
          <cloud:type>
            <cloud:simple-type>boolean</cloud:simple-type>
          </cloud:type>
        </cloud:param>
        <cloud:param name="Processing">
          <cloud:type>
            <cloud:simple-type>boolean</cloud:simple-type>
          </cloud:type>
        </cloud:param>
        <cloud:param name="Purged">
          <cloud:type>
            <cloud:simple-type>boolean</cloud:simple-type>
          </cloud:type>
        </cloud:param>
        <cloud:param name="Queued">
          <cloud:type>
            <cloud:simple-type>boolean</cloud:simple-type>
          </cloud:type>
        </cloud:param>
        <cloud:param name="Skipped">
          <cloud:type>
            <cloud:simple-type>boolean</cloud:simple-type>
          </cloud:type>
        </cloud:param>
        <cloud:param name="Replace Email ID">
          <cloud:type>
            <cloud:simple-type>boolean</cloud:simple-type>
          </cloud:type>
        </cloud:param>
        <cloud:param name="EmailID to Replace">
          <cloud:type>
            <cloud:simple-type>text</cloud:simple-type>
          </cloud:type>
        </cloud:param>
        <cloud:param name="EmailID to Replace With">
          <cloud:type>
            <cloud:simple-type>text</cloud:simple-type>
          </cloud:type>
        </cloud:param>
        <cloud:attribute-map-service name="Add Email ID">
          <cloud:attribute name="Email ID">
            <cloud:type>
              <cloud:simple-type>text</cloud:simple-type>
            </cloud:type>
          </cloud:attribute>
        </cloud:attribute-map-service>
        <cloud:retrieval-service name="POVBPPM_FRS"/>
        <cloud:report-service name="POVBPPM_RS">
          <cloud:report-alias description="Alight Critical Integrations Report" name="IntegrationNameReport">
            <cloud:report-reference description="Alight Critical Integrations Report" type="WID">c49f11b0201d0135c150ff9a9d01bc00</cloud:report-reference>
          </cloud:report-alias>
        </cloud:report-service>
      </cc:integration-system>
        </cc:workday-in>
        <cc:async-mediation id="GetIntegrations" routes-to="Splitter0" handle-downstream-errors="true">
            <cc:steps>
                <cc:csv-to-xml id="CsvToXmlFile" input="variable" input-variable="vInputFile" colNames="Integration_Name" format="simple" rootName="root" rowName="data" useFirstLineAsHeader="true"/>
            </cc:steps>
            <cc:send-error id="SendError" routes-to="FirstPIM"/>
        </cc:async-mediation>
        <cc:local-out id="FirstPIM" endpoint="vm://wcc/PutIntegrationMessage"><cc:set name="is.message.severity" value="'CRITICAL'"/><cc:set name="is.message.summary" value="'Error calling the Report' + context.errorMessage"/><cc:set name="is.message.storage.enabled" value="false"/></cc:local-out>
        <cc:workday-out-rest id="WorkdayOutRest" routes-response-to="LaunchParams" extra-path="@{intsys.reportService.getExtrapath('IntegrationNameReport')}@{props['x.path']}"/>
        <cc:local-in id="ProcessReportData" routes-to="CopyReportData" icon="local-in-ProcessReportData.png"/>
        <cc:local-out id="CallProcessReportData" endpoint="vm://Alight_JobMonitoring_EmailNotification/ProcessReportData"/>
        <cc:splitter id="Splitter">
            <cc:sub-route name="SubRoute" routes-to="SyncMediation"/>
            <cc:xpath-splitter namespaces="wd urn:com.workday.report/POV_Critical_Integrations_Report" xpath="wd:Report_Data/wd:Report_Entry"/>
        </cc:splitter>
        <cc:sync-mediation id="SyncMediation" routes-to="WorkdayOutSoap" handle-downstream-errors="true" routes-response-to="TransformXML">
            <cc:request-steps>
                <cc:eval id="INTname">
                    <cc:expression>props['p.IntName'] = parts[0].xpath('wd:Report_Entry', 'wd urn:com.workday.report/POV_Critical_Integrations_Report')</cc:expression>
                </cc:eval>
                <cc:write id="GetIntegration">
                    <cc:message>
                        <cc:text>&lt;?xml version=&quot;1.0&quot; encoding=&quot;UTF-8&quot;?>&#xD;
&lt;env:Envelope&#xD;
    xmlns:env=&quot;http://schemas.xmlsoap.org/soap/envelope/&quot;&#xD;
    xmlns:xsd=&quot;http://www.w3.org/2001/XMLSchema&quot;>&#xD;
    &lt;env:Body>&#xD;
        &lt;wd:Get_Integration_Systems_Request&#xD;
            xmlns:wd=&quot;urn:com.workday/bsvc&quot;&#xD;
            wd:version=&quot;v31.1&quot;>&#xD;
            &lt;wd:Request_References>&#xD;
                &lt;wd:Integration_System_Reference>&#xD;
                    &lt;wd:ID wd:type=&quot;Integration_System_ID&quot;>@{props['p.IntName']}&lt;/wd:ID>&#xD;
                &lt;/wd:Integration_System_Reference>&#xD;
            &lt;/wd:Request_References>&#xD;
            &lt;wd:Response_Filter>&#xD;
                &lt;wd:Page>1&lt;/wd:Page>&#xD;
                &lt;wd:Count>100&lt;/wd:Count>&#xD;
            &lt;/wd:Response_Filter>&#xD;
            &lt;wd:Response_Group>&#xD;
                &lt;wd:Include_Reference>true&lt;/wd:Include_Reference>&#xD;
                &lt;wd:Show_Values_For_All_Environments>true&lt;/wd:Show_Values_For_All_Environments>&#xD;
            &lt;/wd:Response_Group>&#xD;
        &lt;/wd:Get_Integration_Systems_Request>&#xD;
    &lt;/env:Body>&#xD;
&lt;/env:Envelope></cc:text>
                    </cc:message>
                </cc:write>
            </cc:request-steps>
            <cc:response-steps>
                <cc:wrap-soap id="WrapSoap"/>
            </cc:response-steps>
        </cc:sync-mediation>
        <cc:workday-out-soap id="WorkdayOutSoap" application="Integrations" version="v32.0"/>
        <cc:async-mediation id="TransformXML" routes-to="ReplaceEmailID" execute-steps-when="props['Is.Replace'] != 1" handle-downstream-errors="true">
            <cc:steps>
                <cc:xslt-plus id="GetToPut" url="FinalXSLT.xsl"/>
                <cc:xslt-plus id="Put" url="RemoveEmptyTags.xsl"/>
            </cc:steps>
            <cc:send-error id="SendError" routes-to="FinalPim"/>
        </cc:async-mediation>
        <cc:local-out id="FinalPim" execute-when="props['Is.Replace'] != 1" routes-response-to="emailupdateAudit2" endpoint="vm://wcc/PutIntegrationMessage"><cc:set name="is.message.severity" value="'ERROR'"/><cc:set name="is.message.summary" value="'Issue for integration ' + props['p.IntName'] + '.Please enter the notification details manually.' "/><cc:set name="is.message.storage.enabled" value="false"/></cc:local-out>
        <cc:send-error id="global-error-handler" rethrow-error="false" routes-to="Note-Error"/>
        <cc:local-out id="Note-Error" endpoint="vm://wcc/PutIntegrationMessage">
            <cc:set name="is.message.severity" value="'CRITICAL'"/>
            <cc:set name="is.message.summary" value="context.errorMessage"/>
        </cc:local-out>
        <cc:workday-out-soap id="WorkdayOutSoap0" application="Integrations" version="v32.0"/>
        <cc:async-mediation id="Parking">
            <cc:steps>
                <cc:log id="Log00">
                    <cc:log-message>
                        <cc:line-separator/>
                        <cc:text>*********************MYXMLOUTPUT**********************</cc:text>
                        <cc:line-separator/>
                    </cc:log-message>
                </cc:log>
                <cc:log id="Log0">
                    <cc:log-message>
                        <cc:text>&#xD;
***************IAMNAME**********************&#xD;
@{props['pIntegrationName']}</cc:text>
                    </cc:log-message>
                </cc:log>
                <cc:log id="Log">
                    <cc:log-message>
                        <cc:line-separator/>
                        <cc:text>******************IntegrationGET******************</cc:text>
                        <cc:line-separator/>
                    </cc:log-message>
                </cc:log></cc:steps>
        </cc:async-mediation>
        <cc:async-mediation id="LaunchParams" routes-to="CallProcessReportData" handle-downstream-errors="true">
            <cc:steps>
                <cc:copy id="Copy" output="variable" output-variable="report.data"/>
                <cc:eval id="Lp">
                    <cc:expression>props['EMAID_ID'] = lp.getSimpleData('Email ID')</cc:expression>
                    <cc:expression>props['email.text'] = lp.getSimpleData('Email Body')</cc:expression>
                    <cc:expression>props['email.sub'] = lp.getSimpleData('Email Subject')</cc:expression>
                    <cc:expression>props['Aborted'] = lp.getSimpleData('Aborted')</cc:expression>
                    <cc:expression>props['Completed'] = lp.getSimpleData('Completed')</cc:expression>
                    <cc:expression>props['Completed.Error'] = lp.getSimpleData('Completed With Errors')</cc:expression>
                    <cc:expression>props['Completed.Warn'] = lp.getSimpleData('Completed with Warnings')</cc:expression>
                    <cc:expression>props['Failed'] = lp.getSimpleData('Failed')</cc:expression>
                    <cc:expression>props['Initiated'] = lp.getSimpleData('Initiated')</cc:expression>
                    <cc:expression>props['Not.Run'] = lp.getSimpleData('Not Run due to Exceptions on Future Process')</cc:expression>
                    <cc:expression>props['Processing'] = lp.getSimpleData('Processing')</cc:expression>
                    <cc:expression>props['Purged'] = lp.getSimpleData('Purged')</cc:expression>
                    <cc:expression>props['Queued'] = lp.getSimpleData('Queued')</cc:expression>
                    <cc:expression>props['Skipped'] = lp.getSimpleData('Skipped')</cc:expression>
                    <cc:expression>props['Is.Replace'] = lp.getSimpleData('Replace Email ID')</cc:expression>
                    <cc:expression>props['pRemoveEmail'] = lp.getSimpleData('EmailID to Replace')</cc:expression>
                    <cc:expression>props['pReplacement'] = lp.getSimpleData('EmailID to Replace With')</cc:expression>
                </cc:eval>
                <cc:write id="Write" output="variable" output-variable="data.email">
                    <cc:message>
                        <cc:text>@{props['EMAID_ID']}</cc:text>
                    </cc:message>
                </cc:write>
                <cc:csv-to-xml id="CsvToXml" input="variable" input-variable="data.email" rootName="Data" rowName="Email"/>
                <cc:eval id="email">
                    <cc:expression>props['email.1'] = parts[0].xpath('/Data/Email/col1')</cc:expression>
                    <cc:expression>props['email.2'] = parts[0].xpath('/Data/Email/col2')</cc:expression>
                    <cc:expression>props['email.3'] = parts[0].xpath('/Data/Email/col3')</cc:expression>
                    <cc:expression>props['email.4'] = parts[0].xpath('/Data/Email/col4')</cc:expression>
                    <cc:expression>props['email.5'] = parts[0].xpath('/Data/Email/col5')</cc:expression>
                    <cc:expression>props['email.6'] = parts[0].xpath('/Data/Email/col6')</cc:expression>
                    <cc:expression>props['email.7'] = parts[0].xpath('/Data/Email/col7')</cc:expression>
                    <cc:expression>props['email.8'] = parts[0].xpath('/Data/Email/col8')</cc:expression>
                    <cc:expression>props['email.9'] = parts[0].xpath('/Data/Email/col9')</cc:expression>
                    <cc:expression>props['email.10'] = parts[0].xpath('/Data/Email/col10')</cc:expression>
                </cc:eval>
                <cc:eval id="Status">
                    <cc:expression>props['Aborted'] != 0 ? props['Aborted'] = 'Aborted' : props['Aborted'] = '' </cc:expression>
                    <cc:expression>props['Completed'] != 0 ? props['Completed'] = 'Completed' : props['Completed'] = '' </cc:expression>
                    <cc:expression>props['Completed.Error'] != 0 ? props['Completed.Error'] = 'CompletedWithErrors' : props['Completed.Error'] = '' </cc:expression>
                    <cc:expression>props['Completed.Warn'] != 0 ? props['Completed.Warn'] = 'CompletedWithWarnings' : props['Completed.Warn'] = '' </cc:expression>
                    <cc:expression>props['Failed'] != 0 ? props['Failed'] = 'Failed' : props['Failed'] = '' </cc:expression>
                    <cc:expression>props['Initiated'] != 0 ? props['Initiated'] = 'Initiated' : props['Initiated'] = '' </cc:expression>
                    <cc:expression>props['Not.Run'] != 0 ? props['Not.Run'] = 'NotRun' : props['Not.Run'] = '' </cc:expression>
                    <cc:expression>props['Processing'] != 0 ? props['Processing'] = 'Processing' : props['Processing'] = '' </cc:expression>
                    <cc:expression>props['Purged'] != 0 ? props['Purged'] = 'Purged' : props['Purged'] = '' </cc:expression>
                    <cc:expression>props['Queued'] != 0 ? props['Queued'] = 'Queued' : props['Queued'] = '' </cc:expression>
                    <cc:expression>props['Skipped'] != 0 ? props['Skipped'] = 'Skipped' : props['Skipped'] = '' </cc:expression>
                </cc:eval></cc:steps>
            <cc:send-error id="SendError" routes-to="SecondPIM"/>
        </cc:async-mediation>
        <cc:splitter id="Splitter0">
            <cc:sub-route name="SubRoute" routes-to="IntegrationName"/>
            <cc:xpath-splitter xpath="/root/data"/>
        </cc:splitter>
        <cc:async-mediation id="IntegrationName" routes-to="WorkdayOutRest" handle-downstream-errors="true">
            <cc:steps>
                <cc:eval id="INT">
                    <cc:expression>props['pFileIntegrationName'] = parts[0].xpath('/data')</cc:expression>
                    <cc:expression>props['pIntegrationName'] = parts[0].xpath('/data')</cc:expression>
                    <cc:expression>props['pIntegrationName'] = props['pIntegrationName'].replaceAll(' ','%20')</cc:expression>
                    <cc:expression>props['x.path'] = '?CF_POV_Integration_Name_LRV='+props['pIntegrationName']</cc:expression>
                </cc:eval>
            </cc:steps>
        </cc:async-mediation>
        <cc:async-mediation id="CopyReportData" routes-to="Splitter" handle-downstream-errors="true">
            <cc:steps>
                <cc:copy id="Copy" input="variable" input-variable="report.data"/>
                <cc:log id="Log">
                    <cc:log-message>
                        <cc:line-separator/>
                        <cc:text>********************Email Replacement Parameters************************&#xD;
DoReplace: @{props['Is.Replace']}&#xD;
What to Replace: @{props['pRemoveEmail']}&#xD;
With What:@{props['pReplacement']}&#xD;
Integration Name: @{props['p.IntName']}</cc:text>
                        <cc:line-separator/>
                    </cc:log-message>
                </cc:log>
            </cc:steps>
            <cc:send-error id="SendError" routes-to="PreSplitPIM"/>
        </cc:async-mediation>
        <cc:local-out id="SecondPIM" endpoint="vm://wcc/PutIntegrationMessage"><cc:set name="is.message.severity" value="'ERROR'"/><cc:set name="is.message.summary" value="'Error processing launch parameters' + context.errorMessage"/><cc:set name="is.message.storage.enabled" value="false"/></cc:local-out>
        <cc:async-mediation id="GetFile" routes-to="Route" handle-downstream-errors="true">
            <cc:steps>
                <cc:validate-exp id="ValidateExp">
                    <cc:expression error-number="001" failure-message="Input File is Missing. Hence, cannot process further.">da.size() > 0</cc:expression>
                </cc:validate-exp>
            </cc:steps>
            <cc:send-error id="SendError" routes-to="NoInputFilePIM"/>
        </cc:async-mediation>
        <cc:local-out id="NoInputFilePIM" endpoint="vm://wcc/PutIntegrationMessage"><cc:set name="is.message.severity" value="'CRITICAL'"/><cc:set name="is.message.summary" value="'The integration has failed because there is no input to process.'"/><cc:set name="is.message.storage.enabled" value="false"/></cc:local-out>
        <cc:route id="Route">
            <cc:doc-iterator variable-name="vInputFile"/>
            <cc:sub-route name="ProcessFile" routes-to="GetIntegrations"/>
        </cc:route>
        <cc:async-mediation id="Write" routes-to="Aggregator">
            <cc:steps>
                <cc:write id="Write">
                    <cc:message>
                        <cc:text>@{props['pFileIntegrationName']},@{props['pStatus']}</cc:text>
                    </cc:message>
                </cc:write>
            </cc:steps>
        </cc:async-mediation>
        <cc:async-mediation id="Store">
            <cc:steps>
                <cc:store id="Store" expiresIn="P10D" title="Audit.txt"/>
            </cc:steps>
        </cc:async-mediation>
        <cc:local-out id="PreSplitPIM" routes-response-to="emailupdateAudit1" endpoint="vm://wcc/PutIntegrationMessage"><cc:set name="is.message.severity" value="'ERROR'"/><cc:set name="is.message.summary" value="'Issue for integration ' + props['pFileIntegrationName'] + '.Please enter the notification details manually.' "/><cc:set name="is.message.storage.enabled" value="false"/></cc:local-out>
        <cc:local-in id="emailupdateAudit" routes-to="Write" icon="local-in-emailupdateAudit4.png"><cc:parameter name="pStatus"/></cc:local-in>
        <cc:local-out id="emailupdateAudit1" endpoint="vm://Alight_JobMonitoring_EmailNotification/emailupdateAudit"><cc:set name="pStatus" value="'Error'"/></cc:local-out>
        <cc:local-out id="emailupdateAudit2" execute-when="props['Is.Replace'] != 1" endpoint="vm://Alight_JobMonitoring_EmailNotification/emailupdateAudit"><cc:set name="pStatus" value="'Error'"/></cc:local-out>
        <cc:aggregator id="Aggregator" routes-to="Store">
            <cc:size-batch-strategy batch-size="-1"/>
            <cc:message-content-collater>
        <cc:header-text>IntegrationNames,Status@{'\n'}</cc:header-text>
        <cc:separator>\n</cc:separator>
      </cc:message-content-collater>
        </cc:aggregator>
        <cc:async-mediation id="ReplaceEmailID" routes-to="WorkdayOutSoap0" execute-steps-when="props['Is.Replace'] == 1" handle-downstream-errors="true">
            <cc:steps>
                <cc:xslt-plus id="Replace" url="ReplaceEmailID.xsl"/>
                <cc:xslt-plus id="Put" url="RemoveEmptyTags.xsl"/>
            </cc:steps>
            <cc:send-error id="SendError" routes-to="ReplacePIM"/>
        </cc:async-mediation>
        <cc:local-out id="ReplacePIM" execute-when="props['Is.Replace'] == 1" routes-response-to="emailupdateAudit3" endpoint="vm://wcc/PutIntegrationMessage"><cc:set name="is.message.severity" value="'ERROR'"/><cc:set name="is.message.summary" value="'Issue for replacing email id of integration ' + props['p.IntName'] + '.Please enter the notification details manually.' "/><cc:set name="is.message.storage.enabled" value="false"/></cc:local-out>
        <cc:local-out id="emailupdateAudit3" execute-when="props['Is.Replace'] == 1" endpoint="vm://Alight_JobMonitoring_EmailNotification/emailupdateAudit"><cc:set name="pStatus" value="'Error'"/></cc:local-out>
	</cc:assembly>

</beans>