<?xml version="1.0" encoding="UTF-8"?>
<beans
     xmlns="http://www.springframework.org/schema/beans"
     xmlns:beans="http://www.springframework.org/schema/beans"
     xmlns:atom="http://www.w3.org/2005/Atom"
     xmlns:cc="http://www.capeclear.com/assembly/10"
     xmlns:cloud="urn:com.workday/esb/cloud/10.0"
     xmlns:env="http://schemas.xmlsoap.org/soap/envelope/"
     xmlns:pi="urn:com.workday/picof"
     xmlns:wd="urn:com.workday/bsvc"
     xmlns:xsi="http://www.w3.org/2001/XMLSchema-instance">
 
	<cc:assembly id="WorkdayAssembly" version="2019.35">
        <cc:workday-in id="StartHere" routes-to="CallReport">
            <cc:integration-system name="INT8914-MinimumWageCalculation">
        <cloud:retrieval-service name="INT8914-Retreival"/>
        <cloud:report-service name="GY-EmpMinimumWageReport">
          <cloud:report-alias description="Below State Minimum Wage - AM - Copy" name="StateMinWage">
            <cloud:report-reference description="INT8914 - Below State Minimum Wage Employee" type="WID">c6690cb04b22016667d981f8d90eeb1f</cloud:report-reference>
          </cloud:report-alias>
        </cloud:report-service>
      </cc:integration-system>
        </cc:workday-in>
        <cc:local-out id="CallGetDocument" store-message="none" routes-response-to="CallStopAggregator" endpoint="vm://INT8914-MinimumWageCalculation/GetDocument"/>
        <cc:local-out id="CallReport" store-message="none" routes-response-to="CallGetDocument" endpoint="vm://INT8914-MinimumWageCalculation/GetReport"/>
        <cc:local-in id="GetDocument" routes-to="GetEventDocuments"/>
        <cc:local-out id="GetEventDocuments" routes-response-to="GetDoc_CSV_2_XML" endpoint="vm://wcc/GetEventDocuments"><cc:set name="ie.event.wid" value="lp.isSet() ? lp.getIntegrationEventWID() : null"/></cc:local-out>
        <cc:async-mediation id="GetDoc_CSV_2_XML" routes-to="Aggregator">
            <cc:steps>
                <cc:validate-exp id="ValidateExp">
                    <cc:expression error-number="100" failure-message="No file is available.Please run the integration INT8913">da.size() > 0	</cc:expression>
                </cc:validate-exp>
                <cc:eval id="Eval">
                    <cc:expression>da.toVar(0, 'wd.retrieve.variable')</cc:expression>
                </cc:eval>
                <cc:csv-to-xml id="CsvToXml" input="variable" input-variable="wd.retrieve.variable" colNames="Address,City,StateCode,PostalCode,Authority,Rate,WageType,EffDate,Comments" rootName="Report_Data" rowName="Report_Entry"/>
                <cc:log id="Log">
                    <cc:log-message>
                        <cc:message-content/>
                    </cc:log-message>
                </cc:log>
                <cc:xslt-plus id="XsltPlus" url="CombineSateCodeandCity.xsl"/>
                <cc:copy id="Copy"/>
            </cc:steps>
            <cc:send-error id="SendError" routes-to="PutIntegrationMessage">
                <cc:condition-expression>props['IsError']=true;</cc:condition-expression>
            </cc:send-error>
        </cc:async-mediation>
        <cc:local-in id="GetReport" routes-to="AsyncMediation1"/>
        <cc:workday-out-rest id="WorkdayOutRest" routes-response-to="Aggregator" extra-path="@{intsys.reportService.getExtrapath('StateMinWage')}"/>
        <cc:aggregator id="Aggregator" collate-when="!props['collate']&#x9;" force-batch-on-last-message="false" force-batch-when="props['collate']&#x9;">
            <cc:size-batch-strategy/>
            <cc:xml-message-content-collater>
        <cc:header-text>&lt;Report_Data xmlns:wd=&quot;urn:com.workday/bsvc&quot;></cc:header-text>
        <cc:footer-text>&lt;/Report_Data></cc:footer-text>
      </cc:xml-message-content-collater>
        </cc:aggregator>
        <cc:local-out id="CallStopAggregator" store-message="none" routes-response-to="CallCreateFile" endpoint="vm://INT8914-MinimumWageCalculation/StopAggregator"><cc:set name="collate" value="true"/></cc:local-out>
        <cc:local-in id="StopAggregator" routes-to="Aggregator"/>
        <cc:async-mediation id="AsyncMediation1" routes-to="WorkdayOutRest">
            <cc:steps>
                <cc:eval id="Eval">
                    <cc:expression>props['collate']=false</cc:expression>
                    <cc:expression>props['msg.severity.critical']=false</cc:expression>
                </cc:eval>
            </cc:steps>
        </cc:async-mediation>
        <cc:local-out id="PutIntegrationMessage" endpoint="vm://wcc/PutIntegrationMessage"><cc:set name="is.message.severity" value="'CRITICAL'"/><cc:set name="is.message.summary" value="'No File is available to run'"/><cc:set name="is.message.detail" value="'No file is available.Please run the integration INT8913 for the file'"/></cc:local-out>
        <cc:local-out id="CallCreateFile" store-message="none" execute-when="props['IsError'] != true" endpoint="vm://INT8914-MinimumWageCalculation/CreateFile"/>
        <cc:async-mediation id="FormatAggregatorData" routes-to="Route">
            <cc:steps>
                <cc:xslt-plus id="XsltPlus" output="message" input="message" url="GetMinimumWageDetails.xsl"/>
                <cc:log id="Log">
                    <cc:log-message>
                        <cc:message-content/>
                    </cc:log-message>
                </cc:log>
            </cc:steps>
            <cc:send-error id="SendError" routes-to="PIM_FormatAggregatorData"/>
        </cc:async-mediation>
        <cc:local-in id="CreateFile" routes-to="FormatAggregatorData"/>
        <cc:route id="Route">
            <cc:all-strategy/>
            <cc:sub-route name="EmpWithMinWages" routes-to="EmpWithMinWages"/>
            <cc:sub-route name="EmpWithNoRates" routes-to="EmpWithNoRates"/>
            <cc:sub-route name="EmpWithMoreRates" routes-to="EmpWithMoreWages"/>
        </cc:route>
        <cc:async-mediation id="EmpWithMinWages">
            <cc:steps>
                <cc:xslt id="EmpWithMinWage" url="EmpWithLessWages.xsl"/>
                <cc:text-excel id="TextExcel" output-mimetype="application/vnd.openxmlformats-officedocument.spreadsheetml.sheet" style="text2excel"/>
                <cc:store id="Store" title="INT8914-EmployeeWithMinimumWages.xlsx"/>
            </cc:steps>
            <cc:send-error id="SendError" routes-to="PIM_EmpWithMinWages"/>
        </cc:async-mediation>
        <cc:async-mediation id="EmpWithNoRates">
            <cc:steps>
                <cc:xslt id="EmpWithWagesNotMatched" url="EmpWithNoWages.xsl"/>
                <cc:text-excel id="TextExcel" output-mimetype="application/vnd.openxmlformats-officedocument.spreadsheetml.sheet" style="text2excel"/>
                <cc:store id="Store" title="INT8914-EmployeeWagesNotCompared.xlsx"/>
            </cc:steps>
            <cc:send-error id="SendError" routes-to="PIM_EmpWithNoRates"/>
        </cc:async-mediation>
        <cc:async-mediation id="EmpWithMoreWages">
            <cc:steps>
                <cc:xslt id="EmpWithMoreWages" url="EmpWithMoreWages.xsl"/>
                <cc:text-excel id="TextExcel" output-mimetype="application/vnd.openxmlformats-officedocument.spreadsheetml.sheet" style="text2excel"/>
                <cc:store id="Store" title="INT8914-EmployeeWithMoreWages.xlsx"/>
            </cc:steps>
            <cc:send-error id="SendError" routes-to="PIM_EmpWithMoreWages"/>
        </cc:async-mediation>
        <cc:local-out id="PIM_EmpWithMinWages" endpoint="vm://wcc/PutIntegrationMessage"><cc:set name="is.message.severity" value="'CRITICAL'"/><cc:set name="is.message.summary" value="'Error Occured at:' + context.errorComponentId"/><cc:set name="is.message.detail" value="context.errorMessage"/></cc:local-out>
        <cc:local-out id="PIM_EmpWithNoRates" endpoint="vm://wcc/PutIntegrationMessage"><cc:set name="is.message.severity" value="'CRITICAL'"/><cc:set name="is.message.summary" value="'Error Occured at:' + context.errorComponentId"/><cc:set name="is.message.detail" value="context.errorMessage"/></cc:local-out>
        <cc:local-out id="PIM_EmpWithMoreWages" endpoint="vm://wcc/PutIntegrationMessage"><cc:set name="is.message.severity" value="'CRITICAL'"/><cc:set name="is.message.summary" value="'Error Occured at:' + context.errorComponentId"/><cc:set name="is.message.detail" value="context.errorMessage"/></cc:local-out>
        <cc:local-out id="PIM_FormatAggregatorData" endpoint="vm://wcc/PutIntegrationMessage"><cc:set name="is.message.severity" value="'CRITICAL'"/><cc:set name="is.message.summary" value="'Error Occured at:' + context.errorComponentId"/><cc:set name="is.message.detail" value="context.errorMessage"/></cc:local-out>
	</cc:assembly>

</beans>