<?xml version="1.0" encoding="UTF-8"?>
<beans
     xmlns="http://www.springframework.org/schema/beans"
     xmlns:beans="http://www.springframework.org/schema/beans"
     xmlns:atom="http://www.w3.org/2005/Atom"
     xmlns:cc="http://www.capeclear.com/assembly/10"
     xmlns:cloud="urn:com.workday/esb/cloud/10.0"
     xmlns:env="http://schemas.xmlsoap.org/soap/envelope/"
     xmlns:pi="urn:com.workday/picof"
     xmlns:wd="urn:com.workday/bsvc"
     xmlns:xsi="http://www.w3.org/2001/XMLSchema-instance">
 
	<cc:assembly id="WorkdayAssembly" version="2019.6">
        <cc:workday-in id="StartHere" routes-to="Call-Setup">
            <cc:integration-system name="WCP0002 Alight Resume App"/>
        </cc:workday-in>
        <cc:local-in id="Setup" routes-to="SetGlobalProperties"/>
        <cc:sync-mediation id="SetGlobalProperties" routes-to="LoadHashMaps" handle-downstream-errors="true" routes-response-to="INFO-SetupComplete">
            <cc:request-steps>
                <cc:eval id="Flags">
                    <cc:expression>props['critical.error.occurred'] = false</cc:expression>
                </cc:eval>
                <cc:eval id="LaunchParameters">
                    <cc:expression>props['lp.event.wid'] = lp.getReferenceData('Business Process Event', 'WID')</cc:expression>
                    <cc:expression>props['lp.worker.wid'] = lp.getReferenceData('Worker', 'WID')</cc:expression>
                    <cc:expression>//props['lp.event.wid'] = '0b5abeca68db01451d1bb0331601f60b'</cc:expression>
                    <cc:expression>//props['lp.worker.wid'] = '3aa5550b7fe348b98d7b5741afc65534'</cc:expression>
                </cc:eval>
                <cc:eval id="HashMaps">
                    <cc:expression>props['hashset.employee.wids'] = new java.util.HashSet()</cc:expression>
                    <cc:expression>props['hashmap.employee.job.title'] = new java.util.HashMap()</cc:expression>
                    <cc:expression>props['hashmap.employee.include.profile.picture'] = new java.util.HashMap()</cc:expression>
                    <cc:expression>props['hashmap.employee.include.customer.name'] = new java.util.HashMap()</cc:expression>
                    <cc:expression>props['hashmap.employee.include.certifications'] = new java.util.HashMap()</cc:expression>
                    <cc:expression>props['hashmap.employee.date.format'] = new java.util.HashMap()</cc:expression>
                </cc:eval>
            </cc:request-steps>
            <cc:response-steps/>
            <cc:send-error id="SendError" routes-to="ERROR-SetGlobalProperties"/>
        </cc:sync-mediation>
        <cc:local-out id="ERROR-SetGlobalProperties" endpoint="vm://wcc/PutIntegrationMessage"><cc:set name="is.message.severity" value="'ERROR'"/><cc:set name="is.message.summary" value="'A critical error occured during SetGlobalProperties.  Please review details.'"/><cc:set name="is.message.detail" value="context.getErrorMessage()"/><cc:set name="is.message.storage.enabled" value="false"/><cc:set name="critical.error.occurred" value="true"/></cc:local-out>
        <cc:local-out id="INFO-SetupComplete" routes-response-to="PERCENT-10" endpoint="vm://wcc/PutIntegrationMessage"><cc:set name="is.message.severity" value="'INFO'"/><cc:set name="is.message.summary" value="'Setup is complete. Event WID: ' # props['lp.event.wid']"/><cc:set name="is.message.storage.enabled" value="false"/></cc:local-out>
        <cc:local-out id="PERCENT-10" endpoint="vm://wcc/PutIntegrationEvent"><cc:set name="is.percent.complete" value="10"/></cc:local-out>
        <cc:local-out id="Call-Setup" store-message="none" endpoint="vm://WCP0002-Alight-Resume-App/Setup"/>
        <cc:local-out id="Current-CriticalError" endpoint="vm://wcc/PutIntegrationEvent">
            <cc:set name="is.event.completed" value="&quot;current&quot;"/>
        </cc:local-out>
        <cc:local-out id="ERROR-Unexpected" routes-response-to="Current-CriticalError" endpoint="vm://wcc/PutIntegrationMessage">
            <cc:set name="is.message.severity" value="'ERROR'"/>
            <cc:set name="is.message.summary" value="'An unexpected error has occured please see details.'"/>
            <cc:set name="is.message.detail" value="context.getErrorMessage()"/>
        <cc:set name="critical.error.occurred" value="true"/></cc:local-out>
        <cc:send-error id="Critical_Error" routes-to="ERROR-Unexpected"/>
        <cc:async-mediation id="LoadHashMaps" routes-to="ResumeSetup">
            <cc:steps>
                <cc:xslt-plus id="XsltPlus" url="Load_Hash_Maps.xsl"/>
            </cc:steps>
        </cc:async-mediation>
        <cc:async-mediation id="ResumeSetup" routes-to="PdfPrintResumes" handle-downstream-errors="true">
            <cc:steps>
                <cc:xslt-plus id="XsltPlus" output="variable" output-variable="report.output" url="Apply_Settings.xsl"/>
                <cc:write id="Write0" output="variable" output-variable="report.design">
                    <cc:message>
                        <cc:static-file input-file="Reports/CV_Resume_Generation.rptdesign"/>
                    </cc:message>
                </cc:write>
            </cc:steps>
        </cc:async-mediation>
        <cc:local-out id="PdfPrintResumes" routes-response-to="StoreResumes" endpoint="vm://wcc/PdfPrintStep">
            <cc:set name="pdf.report.design.variable" value="'report.design'"/>
            <cc:set name="pdf.workday.report.variable" value="'report.output'"/>
            <cc:set name="pdf.apply.report.design.per.row" value="true"/>
        </cc:local-out>
        <cc:async-mediation id="StoreResumes" routes-to="PutIntegrationMessageResumes">
            <cc:steps>
                <cc:store id="Store" output="variable" output-mimetype="application/pdf" output-variable="file.output" expiresIn="P180D" title="Resumes.pdf"/>
            </cc:steps>
        </cc:async-mediation>
        <cc:local-out id="PutIntegrationMessageResumes" endpoint="vm://wcc/PutIntegrationMessage">
            <cc:set name="is.message.severity" value="'INFO'"/>
            <cc:set name="is.message.summary" value="'Maryland Report Generated.'"/>
            <cc:set name="is.message.storage.enabled" value="false"/>
            <cc:set name="is.document.variable.name" value="'file.output'"/>
        <cc:set name="is.document.deliverable" value="'true'"/></cc:local-out>
	</cc:assembly>

</beans>