<?xml version="1.0" encoding="UTF-8"?>
<beans
     xmlns="http://www.springframework.org/schema/beans"
     xmlns:beans="http://www.springframework.org/schema/beans"
     xmlns:atom="http://www.w3.org/2005/Atom"
     xmlns:cc="http://www.capeclear.com/assembly/10"
     xmlns:cloud="urn:com.workday/esb/cloud/10.0"
     xmlns:env="http://schemas.xmlsoap.org/soap/envelope/"
     xmlns:pi="urn:com.workday/picof"
     xmlns:wd="urn:com.workday/bsvc"
     xmlns:xsi="http://www.w3.org/2001/XMLSchema-instance">
 
	<cc:assembly id="WorkdayAssembly" version="2022.37">
        <cc:workday-in id="INT5325" routes-to="Call-Init">
            <cc:integration-system name="INT5325 TBA Payroll Deductions Inbound">
        <cloud:param name="Studio Debug WID">
          <cloud:type>
            <cloud:simple-type>text</cloud:simple-type>
          </cloud:type>
        </cloud:param>
        <cloud:param name="Debug Mode (Non-Production)">
          <cloud:type>
            <cloud:simple-type>boolean</cloud:simple-type>
          </cloud:type>
        </cloud:param>
        <cloud:param name="As of Entry DateTime">
          <cloud:type>
            <cloud:simple-type>datetime</cloud:simple-type>
          </cloud:type>
          <cloud:default>
            <cloud:class-report-field description="Current Moment (DateTime)" type="WID">df4effe76deb4222a79001d6737cf91c</cloud:class-report-field>
          </cloud:default>
        </cloud:param>
        <cloud:param name="Validation Mode">
          <cloud:type>
            <cloud:simple-type>boolean</cloud:simple-type>
          </cloud:type>
        </cloud:param>
        <cloud:attribute-map-service name="INT5325-AttrMaps">
          <cloud:attribute name="Deductions">
            <cloud:type>
              <cloud:class-report-field description="Deductions" type="WID" singular="false">d4a4b0e3f2334f999cd72662aa6f1b65</cloud:class-report-field>
            </cloud:type>
          </cloud:attribute>
          <cloud:attribute name="Earnings">
            <cloud:type>
              <cloud:class-report-field description="Earnings" type="WID" singular="false">d828c451edf048319a4c106677f7e404</cloud:class-report-field>
            </cloud:type>
          </cloud:attribute>
        </cloud:attribute-map-service>
        <cloud:service-reference name="INT5325-FOS"/>
      </cc:integration-system>
        </cc:workday-in>
        <cc:local-out id="Call-Init" store-message="none" routes-response-to="Call-GetExistingInputs" endpoint="vm://INT5325-TBA-Payroll-Deductions-Inbound/Init"/>
        <cc:local-out id="Call-GetExistingInputs" store-message="none" routes-response-to="Call-GetWorkersData" endpoint="vm://INT5325-TBA-Payroll-Deductions-Inbound/GetExistingInputs"/>
        <cc:local-out id="GetIntegrationSystems" routes-response-to="AttrMapData" endpoint="vm://wcc/GetIntegrationSystems"><cc:set name="is.system.wid" value="lp.getIntegrationSystemRefWID()"/></cc:local-out>
        <cc:async-mediation id="AttrMapData" routes-to="Route">
            <cc:steps>
                <cc:xslt-plus id="AttrMaps" output="variable" output-variable="v.Attr.Map.Data.XML" url="INT5325_AttrMaps.xsl"/>
            </cc:steps>
            <cc:send-error id="SendError" rethrow-error="true" routes-to="PIMInit"/>
        </cc:async-mediation>
        <cc:local-in id="Init" routes-to="SyncMediation"/>
        <cc:sync-mediation id="SyncMediation" routes-to="GetIntegrationSystems" handle-downstream-errors="true">
            <cc:request-steps>
                <cc:eval id="Eval">
                    <cc:expression>props['lp.validation.mode'] = (boolean)lp.getSimpleData(&quot;Validation Mode&quot;)</cc:expression>
                    <cc:expression>props['lp.effective.date'] = lp.getSimpleData('As of Entry DateTime')</cc:expression>
                    <cc:expression>props['lp.integrationSystemRefWID'] = lp.getIntegrationSystemRefWID()</cc:expression>
                    <cc:expression>props['batch.id'] = 'INT5325_TBA_'</cc:expression>
                    <cc:expression>props['new.batch.id'] = props['batch.id'] # lp.getSimpleData('As of Entry DateTime')</cc:expression>
                </cc:eval>
            </cc:request-steps>
            <cc:response-steps>
                <cc:cloud-log id="CloudLog" level="info" message="Initialization complete" message-details="Initialization steps done" variable-name="vAuditLog"/>
            </cc:response-steps>
            <cc:send-error id="SendError" rethrow-error="true" routes-to="PIMInit"/>
        </cc:sync-mediation>
        <cc:send-error id="global-error-handler" rethrow-error="false" routes-to="Note-Error"/>
        <cc:local-out id="Note-Error" endpoint="vm://wcc/PutIntegrationMessage">
            <cc:set name="is.message.severity" value="'CRITICAL'"/>
            <cc:set name="is.message.summary" value="context.errorMessage # ' {THROWN AT}: ' # context.errorComponentId"/>
        </cc:local-out>
        <cc:local-in id="GetExistingInputs" routes-to="ExistingInputs.handler"/>
        <cc:local-out id="GetEventDocuments" routes-response-to="CheckIfFileExists" endpoint="vm://wcc/GetEventDocuments"><cc:set name="ie.event.wid" value="lp.getSimpleData('Studio Debug WID')==null ? (lp.isSet() ? lp.getIntegrationEventWID() : null) : lp.getSimpleData('Studio Debug WID')"/></cc:local-out>
        <cc:route id="Route">
            <cc:mvel-strategy>
                <cc:choose-route expression="lp.getSimpleData('Debug Mode (Non-Production)')==false" route="Main"/>
                <cc:choose-route expression="true" route="Debug"/>
            </cc:mvel-strategy>
            <cc:sub-route name="Main" routes-to="GetEventDocuments"/>
            <cc:sub-route name="Debug" routes-to="DebugData"/>
        </cc:route>
        <cc:async-mediation id="DebugData" routes-to="InputToMsg">
            <cc:steps>
                <cc:write id="TEST" output="variable" output-mimetype="text/plain" output-variable="v.Input.Text.File">
                    <cc:message>
                        <cc:text>H02142025Payroll Instructions17678                                                                  &#xD;
D200000089 100025142      IMPIN       71.39              0.00        02024-12-232299-12-31          &#xD;
D200000089 100025142      30VP6       13.85              0.00        02024-12-232299-12-31          &#xD;
D200000089 100025142      300B1      124.63              0.00        02025-01-062299-12-31          &#xD;
D200000089 100025142      300B3       23.08              0.00        02025-01-062299-12-31          &#xD;
D200000089 100025142      30003       32.38              0.00        02024-12-232299-12-31          &#xD;
D200000089 100025142      30004        7.23              0.00        02024-12-232299-12-31          &#xD;
D200000089 100025142      301D6      249.54              0.00        02024-12-232299-12-31          &#xD;
D200000089 100025142      313B3       42.46              0.00        02024-12-232299-12-31          &#xD;
D445000094 100027961      IMPIN      148.85              0.00        02024-12-232299-12-31          &#xD;
D445000094 100027961      301C9      369.97              0.00        02024-12-232299-12-31          &#xD;
D445000094 100027961      313B3       42.46              0.00        02024-12-232299-12-31          &#xD;
D200000077 100028051      IMPIN       23.07              0.00        02024-12-232299-12-31          &#xD;
D200000077 100028051      30VP6       13.85              0.00        02024-12-232299-12-31          &#xD;
D200000077 100028051      300B2        7.63              0.00        02024-12-232299-12-31          &#xD;
D200000077 100028051      30003       38.83              0.00        02024-12-232299-12-31          &#xD;
D200000077 100028051      30005        1.60              0.00        02024-12-232299-12-31          &#xD;
D200000077 100028051      301C9      366.20              0.00        02024-12-232299-12-31          &#xD;
D200000077 100028051      313B3       42.46              0.00        02024-12-232299-12-31          &#xD;
D205000085 100043369      IMPIN       13.30              0.00        02024-12-232299-12-31          &#xD;
D205000085 100043369      301D6      249.54              0.00        02024-12-232299-12-31          &#xD;
D205000085 100043369      313B3       42.46              0.00        02024-12-232299-12-31          &#xD;
D51000018  210052639      IMPIN       15.18              0.00        02024-12-302299-12-31          &#xD;
D51000018  210052639      30S01       11.98              0.00        02025-01-062299-12-31          &#xD;
D51000018  210052639      30S01        8.55A             0.00        02024-12-302025-01-05          &#xD;
D51000018  210052639      30VP7        2.07              0.00        02025-01-062299-12-31          &#xD;
D51000018  210052639      30VP7        1.50A             0.00        02024-12-302025-01-05          &#xD;
D51000018  210052639      30004        0.51              0.00        02024-12-302299-12-31          &#xD;
D51000018  210052639      30017S       2.27              0.00        02024-12-302299-12-31          &#xD;
D51000018  210052639      301F1       40.16              0.00        02025-01-062299-12-31          &#xD;
D51000018  210052639      301F1       28.70A             0.00        02024-12-302025-01-05          &#xD;
D51000018  210052639      398A1        3.57              0.00        02025-01-062299-12-31          &#xD;
D51000018  210052639      398A1        2.55A             0.00        02024-12-302025-01-05          &#xD;
T   180103     5670841.69                                                                           &#xD;
</cc:text>
                    </cc:message>
                </cc:write>
            </cc:steps>
        </cc:async-mediation>
        <cc:route id="FileRoute">
            <cc:doc-iterator labels="INT5325-TBA-INPUT-FILE" variable-name="v.Input.Text.File"/>
            <cc:sub-route name="SubRoute" routes-to="InputToMsg"/>
        </cc:route>
        <cc:async-mediation id="InputToMsg">
            <cc:steps>
                <cc:textschema id="Textschema" output="variable" output-variable="v.Input.Text.File.XML" input="variable" input-variable="v.Input.Text.File" style="text2xml" url="INT5325TextToXML.xsd"/>
                <cc:store id="Store" output="variable" output-variable="vStore" input="variable" input-variable="v.Input.Text.File.XML" expiresIn="P180D" title="InputFile.xml"/>
            </cc:steps>
        </cc:async-mediation>
        <cc:local-out id="PIMInit" endpoint="vm://wcc/PutIntegrationMessage"><cc:set name="is.message.severity" value="'ERROR'"/><cc:set name="is.message.summary" value="'Error on the Init step. See message for details.'"/><cc:set name="is.message.detail" value="context.errorMessage # ' {at} ' # context.errorComponentId"/></cc:local-out>
        <cc:local-in id="GetWorkersData" routes-to="WorkersData.Handler"/>
        <cc:local-in id="MainProcess" routes-to="Main.Handler"/>
        <cc:local-out id="PIMExistingInputs" endpoint="vm://wcc/PutIntegrationMessage">
            <cc:set name="is.message.severity" value="'ERROR'"/>
            <cc:set name="is.message.summary" value="'Error on the GetExistingInputs step. See message for details.'"/>
        <cc:set name="is.message.detail" value="context.errorMessage # ' {at} ' # context.errorComponentId"/></cc:local-out>
        <cc:sync-mediation id="ExistingInputs.handler" routes-to="PagedGetSubmitPayrollInputs" handle-downstream-errors="true">
            <cc:request-steps>
                <cc:copy id="Copy" input="variable" input-variable="v.Attr.Map.Data.XML"/>
                <cc:xslt-plus id="GetExistingPIs" url="GetExistingPI.xsl"/>
                <cc:wrap-soap id="WrapSoap"/>
            </cc:request-steps>
            <cc:response-steps>
                <cc:cloud-log id="CloudLog" level="info" message="GetExistingInputs" message-details="GetExistingInputs done" variable-name="vAuditLog"/>
            </cc:response-steps>
            <cc:send-error id="SendError" rethrow-error="true" routes-to="PIMExistingInputs"/>
        </cc:sync-mediation>
        <cc:local-out id="PIMWorkersData" endpoint="vm://wcc/PutIntegrationMessage">
            <cc:set name="is.message.severity" value="'ERROR'"/>
            <cc:set name="is.message.summary" value="'Error on the GetWorkersData step. See message for details.'"/>
        <cc:set name="is.message.detail" value="context.errorMessage # ' {at} ' # context.errorComponentId"/></cc:local-out>
        <cc:sync-mediation id="WorkersData.Handler" routes-to="PagedGet-Workers" handle-downstream-errors="true">
            <cc:request-steps>
                <cc:xslt-plus id="CreateGetWorkerWS" input="variable" input-variable="v.Input.Text.File.XML" url="CreateGetWorkerWSxsl.xsl"/>
                <cc:copy id="Copy" output="variable" output-variable="getWorkersMessage"/>
                <cc:wrap-soap id="WrapSoap"/>
            </cc:request-steps>
            <cc:response-steps>
                <cc:cloud-log id="CloudLog" level="info" message="GetWorkersData" message-details="GetWorkersData done" variable-name="vAuditLog"/>
            </cc:response-steps>
            <cc:send-error id="SendError" rethrow-error="true" routes-to="PIMWorkersData"/>
        </cc:sync-mediation>
        <cc:local-out id="PIMMainProcess" endpoint="vm://wcc/PutIntegrationMessage">
            <cc:set name="is.message.severity" value="'ERROR'"/>
            <cc:set name="is.message.summary" value="'MainProcess error : ' # context.errorMessage # ' {at} ' # context.errorComponentId"/>
        </cc:local-out>
        <cc:sync-mediation id="Main.Handler" routes-to="Stacker.Route" handle-downstream-errors="true">
            <cc:request-steps/>
            <cc:response-steps>
                <cc:cloud-log id="CloudLog" level="info" message="MainProcess" message-details="MainProcess done" variable-name="vAuditLog"/>
            </cc:response-steps>
            <cc:send-error id="SendError" rethrow-error="true" routes-to="PIMMainProcess"/>
        </cc:sync-mediation>
        <cc:local-out id="PagedGetSubmitPayrollInputs" routes-response-to="PrepExistingPIData" endpoint="vm://wcc/PagedGet">
            <cc:set name="is.paged.get.request.current.page.xpath" value="'/env:Envelope/env:Body/*/wd:Response_Filter/wd:Page'"/>
            <cc:set name="is.paged.get.response.current.page.xpath" value="'/env:Envelope/env:Body/*/wd:Response_Results/wd:Page'"/>
            <cc:set name="is.paged.get.response.total.pages.xpath" value="'/env:Envelope/env:Body/*/wd:Response_Results/wd:Total_Pages'"/>
            <cc:set name="is.paged.get.response.total.results.xpath" value="'/env:Envelope/env:Body/*/wd:Response_Results/wd:Total_Results'"/>
            <cc:set name="is.paged.get.aggregate.xpath" value="&quot;/env:Envelope/env:Body/wd:Get_Submit_Payroll_Inputs_Response/wd:Response_Data/wd:Payroll_Input&quot;"/>
            <cc:set name="is.paged.get.aggregate.header" value="&quot;&lt;AllInputs>&quot;"/>
            <cc:set name="is.paged.get.aggregate.footer" value="&quot;&lt;/AllInputs>&quot;"/>
            <cc:set name="is.paged.get.application" value="'Payroll'"/>
            <cc:set name="is.paged.get.page.zero" value="false"/>
            <cc:set name="is.paged.get.store.requests" value="false"/>
            <cc:set name="is.paged.get.parallel" value="true"/>
            <cc:set name="is.paged.get.version" value="'v39.2'"/>
        </cc:local-out>
        <cc:async-mediation id="PrepExistingPIData">
            <cc:steps>
                <cc:xslt-plus id="PrepExistingPIData" output="variable" output-variable="v.ExistingPI.XML" url="PrepExistingPIData.xsl"/>
            </cc:steps>
        </cc:async-mediation>
        <cc:local-out id="PagedGet-Workers" routes-response-to="PrepWorkerOverrideData" endpoint="vm://wcc/PagedGet">
            <cc:set name="is.paged.get.request.current.page.xpath" value="'/env:Envelope/env:Body/*/wd:Response_Filter/wd:Page'"/>
            <cc:set name="is.paged.get.response.current.page.xpath" value="'/env:Envelope/env:Body/*/wd:Response_Results/wd:Page'"/>
            <cc:set name="is.paged.get.response.total.pages.xpath" value="'/env:Envelope/env:Body/*/wd:Response_Results/wd:Total_Pages'"/>
            <cc:set name="is.paged.get.response.total.results.xpath" value="'/env:Envelope/env:Body/*/wd:Response_Results/wd:Total_Results'"/>
            <cc:set name="is.paged.get.aggregate.xpath" value="'/env:Envelope/env:Body/wd:Get_Workers_Response/wd:Response_Data/wd:Worker'"/>
            <cc:set name="is.paged.get.aggregate.header" value="'&lt;Workers>'"/>
            <cc:set name="is.paged.get.aggregate.footer" value="'&lt;/Workers>'"/>
            <cc:set name="is.paged.get.application" value="'Human_Resources'"/>
            <cc:set name="is.paged.get.version" value="'v39.2'"/>
            <cc:set name="is.paged.get.page.zero" value="false"/>
            <cc:set name="is.paged.get.store.requests" value="true"/>
            <cc:set name="is.paged.get.parallel" value="true"/>
        </cc:local-out>
        <cc:async-mediation id="PrepWorkerOverrideData">
            <cc:steps>
                <cc:xslt-plus id="WorkerOverrideData" output="variable" output-variable="v.Workers.Override.Data.XML" url="WorkerOverrideData.xsl"/>
            </cc:steps>
        </cc:async-mediation>
        <cc:async-mediation id="File.Input.Data" routes-to="FileInputsAggregator">
            <cc:steps>
                <cc:copy id="varToMessage" input="variable" input-variable="v.Input.Text.File.XML"/>
            </cc:steps>
        </cc:async-mediation>
        <cc:async-mediation id="Workder.data" routes-to="FileInputsAggregator">
            <cc:steps>
                <cc:copy id="varToMessage" input="variable" input-variable="v.Workers.Override.Data.XML"/>
            </cc:steps>
        </cc:async-mediation>
        <cc:async-mediation id="Existing.Input.Data" routes-to="FileInputsAggregator">
            <cc:steps>
                <cc:copy id="varToMsg" input="variable" input-variable="v.ExistingPI.XML"/>
            </cc:steps>
        </cc:async-mediation>
        <cc:async-mediation id="Ded.Codes" routes-to="FileInputsAggregator">
            <cc:steps>
                <cc:copy id="VarToMsg" input="variable" input-variable="v.Attr.Map.Data.XML"/>
                <cc:xslt-plus id="DedctionsAndEarningsList" url="DedctionsAndEarningsList.xsl"/>
            </cc:steps>
        </cc:async-mediation>
        <cc:route id="Stacker.Route">
            <cc:all-strategy/>
            <cc:sub-route name="Deduction.Codes" routes-to="Ded.Codes"/>
            <cc:sub-route name="ExistingPI" routes-to="Existing.Input.Data"/>
            <cc:sub-route name="Worker.data" routes-to="Workder.data"/>
            <cc:sub-route name="File.Input.Data" routes-to="File.Input.Data"/>
        </cc:route>
        <cc:async-mediation id="Log.MasterStack" routes-to="Master.Process">
            <cc:steps>
                <cc:zip id="Zip" output="variable" output-variable="vStackedMasterFile.xml.zip"/>
                <cc:store id="Store" output="variable" output-variable="vstorecontent" input="variable" input-variable="vStackedMasterFile.xml.zip" expiresIn="P180D" title="StackedMasterFile.xml.zip"/>
            </cc:steps>
        </cc:async-mediation>
        <cc:aggregator id="FileInputsAggregator" routes-to="Log.MasterStack" collate-when="true" force-batch-on-last-message="false" force-batch-when="props['close.stacker']">
            <cc:size-batch-strategy batch-size="4"/>
            <cc:xml-message-content-collater output="message">
        <cc:header-text>&lt;MasterRoot></cc:header-text>
        <cc:footer-text>&lt;/MasterRoot></cc:footer-text>
      </cc:xml-message-content-collater>
        </cc:aggregator>
        <cc:async-mediation id="Master.Process" routes-to="PIMInputLog" handle-downstream-errors="true">
            <cc:steps>
                <cc:eval id="CleanUp">
                    <cc:expression>vars['v.Attr.Map.Data.XML'] = null</cc:expression>
                    <cc:expression>vars['v.ExistingPI.XML'] = null</cc:expression>
                    <cc:expression>vars['v.Workers.Override.Data.XML'] = null</cc:expression>
                </cc:eval>
                <cc:xslt-plus id="MasterPrep" url="MasterPrep.xsl"/>
                <cc:xslt-plus id="MasterProcess" url="MasterProcessv2.xsl"/>
                <cc:validate-exp id="ValidateExp">
                    <cc:expression error-number="1001" failure-message="No valid Payroll Inputs to create! Check the audit log!">parts[0].xstreamB('/All_PI_WS/wd:Payroll_Input_Data')</cc:expression>
                </cc:validate-exp>
                <cc:eval id="Eval">
                    <cc:expression>props['p.integration.in.error'] = parts[0].xstreamB('/All_PI_WS/InRow/errMsg')</cc:expression>
                </cc:eval>
                <cc:copy id="Copy" output="variable" output-variable="v.Master.XML"/>
                <cc:xslt-plus id="BatchCalls" output="variable" output-variable="v.Batched.Import.Calls.XML" input="variable" input-variable="v.Master.XML" url="BatchCalls.xsl"/>
                <cc:xslt-plus id="InputLog" input="variable" input-variable="v.Master.XML" url="InputLog.xsl"/>
                <cc:store id="Store" output="variable" output-variable="vStore" input="message" expiresIn="P180D" title="INT5325 Input.xml"/>
            </cc:steps>
            <cc:send-error id="SendError" rethrow-error="true" routes-to="PIMMaster.Process"/>
        </cc:async-mediation>
        <cc:local-out id="Call-GetWorkersData" store-message="none" routes-response-to="Call-MainProcess" endpoint="vm://INT5325-TBA-Payroll-Deductions-Inbound/GetWorkersData"/>
        <cc:local-out id="Call-MainProcess" store-message="none" routes-response-to="Call-ProcessImports" endpoint="vm://INT5325-TBA-Payroll-Deductions-Inbound/MainProcess"/>
        <cc:local-out id="PIMMaster.Process" endpoint="vm://wcc/PutIntegrationMessage">
            <cc:set name="is.message.severity" value="'ERROR'"/>
            <cc:set name="is.message.summary" value="context.errorMessage # '{at}' # context.errorComponentId"/>
        </cc:local-out>
        <cc:splitter id="ImportWSSplitter">
            <cc:sub-route name="SubRoute" routes-to="WrapWS"/>
            <cc:xml-stream-splitter xpath="/root/wd:Import_Payroll_Input_Request"/>
        </cc:splitter>
        <cc:local-out id="ImportDetailsPosted" endpoint="vm://wcc/PutIntegrationMessage">
            <cc:set name="is.message.severity" value="'INFO'"/>
            <cc:set name="is.message.summary" value="'Number of batches processed : ' # props['batch.num'] # '. Import Processes information stored for further processing.'"/>
            <cc:set name="is.document.variable.name" value="&quot;batch.details.file&quot;"/>
            <cc:set name="is.document.file.name" value="&quot;INT5325 Batch Details File.zip&quot;"/>
            <cc:set name="is.document.labels" value="&quot;batch.details&quot;"/>
        </cc:local-out>
        <cc:local-out id="PIMStoreError" endpoint="vm://wcc/PutIntegrationMessage">
            <cc:set name="is.message.severity" value="'ERROR'"/>
            <cc:set name="is.message.summary" value="'Error while trying to store the import message WIDs'"/>
        </cc:local-out>
        <cc:async-mediation id="StoreImportProcDetails" routes-to="ImportDetailsPosted">
            <cc:steps>
                <cc:zip id="Zip"/>
                <cc:store id="Store" output="variable" output-variable="batch.details.file" expiresIn="P180D" title="INT5325-Batch-Details-File.zip"/>
            </cc:steps>
            <cc:send-error id="SendError" rethrow-error="true" routes-to="PIMStoreError"/>
        </cc:async-mediation>
        <cc:aggregator id="ImportResponsesAggregator" routes-to="StoreImportProcDetails" collate-when="!props['close.imp.responses.agg']" force-batch-on-last-message="false" force-batch-when="props['close.imp.responses.agg']">
            <cc:size-batch-strategy batch-size="-1"/>
            <cc:xml-message-content-collater>
        <cc:header-text>&lt;Root new.batch.id=&quot;@{props['new.batch.id']}&quot;></cc:header-text>
        <cc:footer-text>&lt;/Root></cc:footer-text>
      </cc:xml-message-content-collater>
        </cc:aggregator>
        <cc:local-in id="CloseResponsesAggregator" routes-to="ImportResponsesAggregator"/>
        <cc:async-mediation id="Store.errored.call">
            <cc:steps>
                <cc:set-headers id="ValidationOff">
                    <cc:remove-headers>
                        <cc:remove-header name="X-Validate-Only"/>
                    </cc:remove-headers>
                    <cc:add-headers>
                        
                    </cc:add-headers>
                </cc:set-headers>
                <cc:store id="Store" input="variable" input-variable="current.ws.import.xml" expiresIn="P180D" title="Errored.current.ws.import_@{props['batch.num']}.xml"/>
            </cc:steps>
        </cc:async-mediation>
        <cc:local-out id="ImportDetailsError" routes-response-to="Store.errored.call" endpoint="vm://wcc/PutIntegrationMessage">
            <cc:set name="is.message.severity" value="'ERROR'"/>
            <cc:set name="is.message.summary" value="&quot;Import Processes Error, please check the log file&quot;"/>
            
            <cc:set name="is.message.detail" value="util.cleanString(context.errorMessage)"/>
        </cc:local-out>
        <cc:async-mediation id="ImportProcDetails" routes-to="ImportResponsesAggregator" handle-downstream-errors="true">
            <cc:steps>
                <cc:set-headers id="ValidationOff">
                    <cc:remove-headers>
                        <cc:remove-header name="X-Validate-Only"/>
                    </cc:remove-headers>
                    <cc:add-headers>
                        
                    </cc:add-headers>
                </cc:set-headers>
                <cc:eval id="Eval">
                    <cc:expression>props['response.wid'] = parts[0].xpath(&quot;/env:Envelope/env:Body/wd:Put_Import_Process_Response/wd:Import_Process_Reference/wd:ID&quot;)</cc:expression></cc:eval>
                <cc:xslt-plus id="RequestResponseWid" input="variable" input-variable="v.Current.WS.Import.XML" url="RequestResponseWid.xsl"/>
            </cc:steps>
            <cc:send-error id="SendError" rethrow-error="false" routes-to="ImportDetailsError"/>
        </cc:async-mediation>
        <cc:workday-out-soap id="ImportWS" routes-response-to="ImportProcDetails" application="Payroll" version="v39.2"/>
        <cc:async-mediation id="WrapWS" routes-to="ImportWS" handle-downstream-errors="true">
            <cc:steps>
                <cc:eval id="Eval">
                    <cc:expression>props['batch.num'] = props['batch.num'] + 1</cc:expression>
                </cc:eval>
                <cc:copy id="Copy" output="variable" output-variable="v.Current.WS.Import.XML"/>
                <cc:wrap-soap id="WrapSoap" output="message" input="message"/>
                <cc:set-headers execute-when="props['lp.validation.mode'] == true " id="ValidationOn">
                    <cc:remove-headers/>
                    <cc:add-headers>
                        <cc:add-header name="X-Validate-Only" value="1"/>
                    </cc:add-headers>
                </cc:set-headers>
            </cc:steps>
            <cc:send-error id="SendError" routes-to="ImportDetailsError"/>
        </cc:async-mediation>
        <cc:local-in id="ProcessImports" routes-to="ProcessImports.Handler"/>
        <cc:local-out id="PIMProcessImports" endpoint="vm://wcc/PutIntegrationMessage">
            <cc:set name="is.message.severity" value="'ERROR'"/>
            <cc:set name="is.message.summary" value="'ProcessImports Error : ' # context.errorMessage # ' {at} ' # context.errorComponentId"/>
        </cc:local-out>
        <cc:sync-mediation id="ProcessImports.Handler" routes-to="ImportWSSplitter" handle-downstream-errors="true" routes-response-to="Call-CloseResponsesAggregator">
            <cc:request-steps>
                <cc:copy id="Copy" input="variable" input-variable="v.Batched.Import.Calls.XML"/>
                <cc:eval id="Eval">
                    <cc:expression>props['batch.num'] = 0</cc:expression>
                    <cc:expression>props['close.imp.responses.agg'] = false</cc:expression>
                </cc:eval>
            </cc:request-steps>
            <cc:response-steps>
                <cc:cloud-log id="CloudLog" level="info" message="ProcessImports" message-details="ProcessImports completed" variable-name="vAuditLog"/>
            </cc:response-steps>
            <cc:send-error id="SendError" rethrow-error="true" routes-to="PIMProcessImports"/>
        </cc:sync-mediation>
        <cc:local-out id="Call-CloseResponsesAggregator" store-message="none" endpoint="vm://INT5325-TBA-Payroll-Deductions-Inbound/CloseResponsesAggregator"><cc:set name="set" value="props['close.imp.responses.agg']=true"/></cc:local-out>
        <cc:local-out id="Call-ProcessImports" store-message="none" routes-response-to="Store" endpoint="vm://INT5325-TBA-Payroll-Deductions-Inbound/ProcessImports"/>
        <cc:workday-in id="INT5325-Audit" routes-to="Call-ProcessAudit">
            <cc:integration-system name="INT5325 TBA Payroll Deductions Inbound Audit(do not run)">
        <cloud:param name="Studio Debug WID">
          <cloud:type>
            <cloud:simple-type>text</cloud:simple-type>
          </cloud:type>
        </cloud:param>
      </cc:integration-system>
        </cc:workday-in>
        <cc:local-out id="Call-ProcessAudit" store-message="none" endpoint="vm://INT5325-TBA-Payroll-Deductions-Inbound/AuditInit"/>
        <cc:async-mediation id="PrepFinalLog" routes-to="WriteFinalLog">
            <cc:steps>
                <cc:store id="Store" output="variable" output-variable="vStore" input="variable" input-variable="v.Aggregated.Logs.XML" expiresIn="P180D" title="vStoreLog.xml"/>
                <cc:eval id="CleanUp">
                    <cc:expression>vars['v.batch.details.zip'] = null</cc:expression>
                    <cc:expression>vars['v.input.file'] = null</cc:expression>
                    <cc:expression>vars['current.PI.request.data'] = null</cc:expression>
                    <cc:expression>vars['vStore'] = null</cc:expression>
                </cc:eval>
                <cc:xslt-plus id="CheckForErrors" output="message" input="variable" input-variable="v.Aggregated.Logs.XML" url="CheckForErrors.xsl"/>
                <cc:eval id="Eval">
                    <cc:expression>props['p.integration.in.error'] = parts[0].xstreamB('/LogRoot/ErrorExistsRoot/ErrorExists')</cc:expression>
                </cc:eval>
            </cc:steps>
        </cc:async-mediation>
        <cc:async-mediation id="CreateAuditLogReport" routes-to="Aggregator1">
            <cc:steps>
                <cc:xslt-plus id="CreateLogXML" url="CreateLogXML.xsl"/>
            </cc:steps>
        </cc:async-mediation>
        <cc:aggregator id="Aggregator0" routes-to="CreateAuditLogReport" force-batch-on-last-message="false">
            <cc:size-batch-strategy batch-size="2"/>
            <cc:xml-message-content-collater>
        <cc:header-text>&lt;MasterImportDataRoot></cc:header-text>
        <cc:footer-text>&lt;/MasterImportDataRoot></cc:footer-text>
      </cc:xml-message-content-collater>
        </cc:aggregator>
        <cc:async-mediation id="StackAllCalls" routes-to="Aggregator0">
            <cc:steps>
                <cc:copy id="Copy" output="message" input="variable" input-variable="current.PI.request.data"/>
            </cc:steps>
        </cc:async-mediation>
        <cc:route id="MsgStacker">
            <cc:all-strategy/>
            <cc:sub-route name="ImportMsg" routes-to="Aggregator0"/>
            <cc:sub-route name="ImportReq" routes-to="StackAllCalls"/>
        </cc:route>
        <cc:local-out id="GetImportProcMsgs" routes-response-to="MsgStacker" endpoint="vm://wcc/PagedGet">
            <cc:set name="is.paged.get.request.current.page.xpath" value="'/env:Envelope/env:Body/*/wd:Response_Filter/wd:Page'"/>
            <cc:set name="is.paged.get.response.current.page.xpath" value="'/env:Envelope/env:Body/*/wd:Response_Results/wd:Page'"/>
            <cc:set name="is.paged.get.response.total.pages.xpath" value="'/env:Envelope/env:Body/*/wd:Response_Results/wd:Total_Pages'"/>
            <cc:set name="is.paged.get.response.total.results.xpath" value="'/env:Envelope/env:Body/*/wd:Response_Results/wd:Total_Results'"/>
            <cc:set name="is.paged.get.aggregate.xpath" value="'/env:Envelope/env:Body/wd:Get_Import_Process_Messages_Response/wd:Response_Data'"/>
            <cc:set name="is.paged.get.aggregate.header" value="'&lt;ProcessMessagesRoot>'"/>
            <cc:set name="is.paged.get.aggregate.footer" value="'&lt;/ProcessMessagesRoot>'"/>
            <cc:set name="is.paged.get.application" value="'Integrations'"/>
            <cc:set name="is.paged.get.version" value="'v32.0'"/>
            <cc:set name="is.paged.get.page.zero" value="false"/>
            <cc:set name="is.paged.get.store.requests" value="true"/>
        </cc:local-out>
        <cc:local-out id="PIMImportMsgError" endpoint="vm://wcc/PutIntegrationMessage">
            <cc:set name="is.message.severity" value="'ERROR'"/>
            <cc:set name="is.message.summary" value="'Error while getting import process message'"/>
            <cc:set name="is.message.detail" value="context.errorMessage # ' thrown at ' # context.errorComponentId"/>
        </cc:local-out>
        <cc:async-mediation id="PrepareImportMsgWS" routes-to="GetImportProcMsgs" handle-downstream-errors="true">
            <cc:steps>
                <cc:copy id="Copy" output="variable" output-variable="current.PI.request.data"/>
                <cc:write id="Write">
                    <cc:message>
                        <cc:text>&lt;?xml version='1.0' encoding='UTF-8'?>&#xD;
&lt;env:Envelope xmlns:env=&quot;http://schemas.xmlsoap.org/soap/envelope/&quot;>&#xD;
    &lt;env:Body>&#xD;
        &lt;wd:Get_Import_Process_Messages_Request xmlns:wd=&quot;urn:com.workday/bsvc&quot;>&#xD;
            &lt;wd:Request_Criteria>&#xD;
                &lt;wd:Import_Process_Reference>&#xD;
                    &lt;wd:ID wd:type=&quot;WID&quot;>@{parts[0].xpath(&quot;/ImportPI/ImportBatch/Import_Process_Reference&quot;)}&lt;/wd:ID>&#xD;
                &lt;/wd:Import_Process_Reference>&#xD;
            &lt;/wd:Request_Criteria>&#xD;
            &lt;wd:Response_Filter>&#xD;
                &lt;wd:Page>1&lt;/wd:Page>&#xD;
                &lt;wd:Count>999&lt;/wd:Count>&#xD;
            &lt;/wd:Response_Filter>&#xD;
        &lt;/wd:Get_Import_Process_Messages_Request>&#xD;
    &lt;/env:Body>&#xD;
&lt;/env:Envelope></cc:text>
                    </cc:message>
                </cc:write>
            </cc:steps>
            <cc:send-error id="SendError" routes-to="PIMImportMsgError"/>
        </cc:async-mediation>
        <cc:splitter id="SplitByBatch">
            <cc:sub-route name="SubRoute" routes-to="PrepareImportMsgWS"/>
            <cc:xml-stream-splitter xpath="/Root/ImportPI"/>
        </cc:splitter>
        <cc:local-out id="Get.batch.details.file" routes-response-to="get.da.files" endpoint="vm://wcc/GetEventDocuments">
            <cc:set name="ie.event.wid" value="lp.getSimpleData('Studio Debug WID') == null ? (lp.isSet() ? lp.getIntegrationEventWID() : null) : lp.getSimpleData('Studio Debug WID')"/>
        </cc:local-out>
        <cc:local-out id="PIMAuditError" endpoint="vm://wcc/PutIntegrationMessage">
            <cc:set name="is.message.severity" value="'ERROR'"/>
            <cc:set name="is.message.summary" value="context.errorMessage # ' {at} ' # context.errorComponentId"/>
        </cc:local-out>
        <cc:local-in id="AuditInit" routes-to="Audit.handler"/>
        <cc:sync-mediation id="Audit.handler" routes-to="Get.batch.details.file">
            <cc:request-steps>
            </cc:request-steps>
            <cc:response-steps/>
            <cc:send-error id="SendError" routes-to="PIMAuditError"/>
        </cc:sync-mediation>
        <cc:local-out id="PIMIntegrationInError" execute-when="props['p.integration.in.error']" endpoint="vm://wcc/PutIntegrationMessage"><cc:set name="is.message.severity" value="'ERROR'"/><cc:set name="is.message.summary" value="'Integration has validation errors, check audit file'"/></cc:local-out>
        <cc:route id="Route0">
            <cc:all-strategy/>
            <cc:sub-route name="SubRoute" routes-to="Aggregator"/>
            <cc:sub-route name="SubRoute0" routes-to="input.log"/>
        </cc:route>
        <cc:async-mediation id="input.log" routes-to="Aggregator">
            <cc:steps>
                <cc:xslt-plus id="XsltPlus" input="variable" input-variable="v.input.file" url="RemoveElements.xsl"/>
            </cc:steps>
        </cc:async-mediation>
        <cc:aggregator id="Aggregator" routes-to="PrepFinalLog" force-batch-on-last-message="false">
            <cc:size-batch-strategy batch-size="2"/>
            <cc:xml-message-content-collater output="variable" output-variable="v.Aggregated.Logs.XML">
        <cc:header-text>&lt;MasterRoot></cc:header-text>
        <cc:footer-text>&lt;/MasterRoot></cc:footer-text>
      </cc:xml-message-content-collater>
        </cc:aggregator>
        <cc:aggregator id="Aggregator1" routes-to="Route0" collate-when="!props['close.log.agg']" force-batch-on-last-message="false" force-batch-when="props['close.log.agg']">
            <cc:size-batch-strategy batch-size="-1"/>
            <cc:xml-message-content-collater>
        <cc:header-text>&lt;LogMaster></cc:header-text>
        <cc:footer-text>&lt;/LogMaster></cc:footer-text>
      </cc:xml-message-content-collater>
        </cc:aggregator>
        <cc:local-in id="Close-Log-Agg" routes-to="Aggregator1"/>
        <cc:local-out id="Call-Close-Log-Agg" store-message="none" endpoint="vm://INT5325-TBA-Payroll-Deductions-Inbound/Close-Log-Agg"><cc:set name="set" value="props['close.log.agg']=true"/></cc:local-out>
        <cc:sync-mediation id="get.da.files" routes-to="SplitByBatch" routes-response-to="Call-Close-Log-Agg">
            <cc:request-steps>
                <cc:eval id="Eval">
                    <cc:expression>vars['v.batch.details.zip'] = da.getData('INT5325 Batch Details File.zip')</cc:expression>
                    <cc:expression>vars['v.input.file'] = da.getData('INT5325 Input.xml')</cc:expression>
                    <cc:expression>props['close.log.agg']=false</cc:expression>
                </cc:eval>
                <cc:unzip id="Unzip" output-mimetype="text/xml" input="variable" input-variable="v.batch.details.zip"/></cc:request-steps>
            <cc:response-steps/>
        </cc:sync-mediation>
        <cc:local-out id="PIMInputLog" endpoint="vm://wcc/PutIntegrationMessage">
            <cc:set name="is.message.severity" value="'INFO'"/>
            <cc:set name="is.message.summary" value="'Input file stored'"/>
            <cc:set name="is.document.variable.name" value="&quot;vStore&quot;"/>
            <cc:set name="is.document.file.name" value="&quot;INT5325 Input.xml&quot;"/>
            <cc:set name="is.document.labels" value="&quot;input.file&quot;"/>
        </cc:local-out>
        <cc:async-mediation id="Store">
            <cc:steps>
                <cc:store id="Store" input="variable" input-variable="vAuditLog" title="INT5325ProgressLog.html"/>
            </cc:steps>
        </cc:async-mediation>
        <cc:async-mediation id="CheckIfFileExists" routes-to="FileRoute">
            <cc:steps>
                <cc:validate-exp id="ValidateExp">
                    <cc:expression error-number="1001" failure-message="No input file retrieved!">da.hasFile('INT5325-TBA-INPUT-FILE', '*')</cc:expression>
                </cc:validate-exp>
            </cc:steps>
        </cc:async-mediation>
        <cc:async-mediation id="WriteFinalLog" routes-to="PIMIntegrationInError">
            <cc:steps>
                <cc:xslt-plus id="CreateFinalLog" input="variable" input-variable="v.Aggregated.Logs.XML" url="CreateFinalLogv2.xsl"/>
                <cc:store id="StoreAudit" output="variable" output-variable="v.audit.xml" expiresIn="P180D" title="INT5325_Audit.csv"/></cc:steps>
        </cc:async-mediation>
	</cc:assembly>

</beans>