<?xml version="1.0" encoding="UTF-8"?>
<beans
     xmlns="http://www.springframework.org/schema/beans"
     xmlns:beans="http://www.springframework.org/schema/beans"
     xmlns:atom="http://www.w3.org/2005/Atom"
     xmlns:cc="http://www.capeclear.com/assembly/10"
     xmlns:cloud="urn:com.workday/esb/cloud/10.0"
     xmlns:env="http://schemas.xmlsoap.org/soap/envelope/"
     xmlns:pi="urn:com.workday/picof"
     xmlns:wd="urn:com.workday/bsvc"
     xmlns:xsi="http://www.w3.org/2001/XMLSchema-instance">
 
	<cc:assembly id="WorkdayAssembly" version="2020.9">
        <cc:workday-in id="Start" routes-to="CallReport">
            <cc:integration-system name="Integration_Link">
        <cloud:param name="CurrentDate">
          <cloud:type>
            <cloud:simple-type>date</cloud:simple-type>
          </cloud:type>
          <cloud:default>
            <cloud:class-report-field description="Current Moment (DateTime)" type="WID">df4effe76deb4222a79001d6737cf91c</cloud:class-report-field>
          </cloud:default>
          <cloud:launch-option>do-not-show</cloud:launch-option>
        </cloud:param>
        <cloud:param name="CurrentDateTime">
          <cloud:type>
            <cloud:simple-type>datetime</cloud:simple-type>
          </cloud:type>
          <cloud:default>
            <cloud:class-report-field description="Current Moment (DateTime)" type="WID">df4effe76deb4222a79001d6737cf91c</cloud:class-report-field>
          </cloud:default>
          <cloud:launch-option>do-not-show</cloud:launch-option>
        </cloud:param>
        <cloud:retrieval-service name="ILRetrieval"/>
        <cloud:report-service name="IntegrationLinkRS">
          <cloud:report-alias description="POV - Integration Links" name="IntegrationLinks">
            <cloud:report-reference description="POV - Integration Links" type="WID">91a434bb014501c3daaf1544f214d340</cloud:report-reference>
          </cloud:report-alias>
          <cloud:report-alias description="PoV - IntegrationSystemID" name="PoV - IntegrationSystemID">
            <cloud:report-reference description="PoV - Integration System ID" type="WID">91a434bb014501a75e97f156f2140641</cloud:report-reference>
          </cloud:report-alias>
        </cloud:report-service>
      </cc:integration-system>
        </cc:workday-in>
        <cc:local-out id="DocRetrieval" store-message="none" routes-response-to="CallSubRoutine" endpoint="vm://Integration_Link/Sub_DocRetrival"/>
        <cc:local-in id="Sub_DocRetrival" routes-to="AsyncMediation6"/>
        <cc:async-mediation id="AsyncMediation" routes-to="Splitter">
            <cc:steps>
                <cc:eval id="Eval">
                    <cc:expression>props['count'] = 0;</cc:expression>
                    <cc:expression>props['current.date'] = lp.getSimpleData('CurrentDate')</cc:expression>
                    <cc:expression>props['current.date.time'] = lp.getSimpleData('CurrentDateTime')</cc:expression>
                </cc:eval>
                <cc:csv-to-xml id="CsvToXml" input="variable" input-variable="vInputFile" colNames="Integration_Name" format="simple" rootName="root" rowName="data" useFirstLineAsHeader="true"/>
                <cc:log id="Log">
                    <cc:log-message>
                        <cc:text>------Input File---------</cc:text>
                        <cc:message-content/>
                        <cc:text></cc:text>
                    </cc:log-message>
                </cc:log>
            </cc:steps>
            <cc:send-error id="SendError" routes-to="PutIntegrationMessage"/>
        </cc:async-mediation>
        <cc:local-out id="PutIntegrationMessage" endpoint="vm://wcc/PutIntegrationMessage" propagate-abort="true"><cc:set name="is.message.severity" value="'CRITICAL'"/><cc:set name="is.message.summary" value="&quot;Check Integration Messages&quot;"/><cc:set name="is.message.detail" value="context.getErrorMessage()"/></cc:local-out>
        <cc:splitter id="Splitter">
            <cc:sub-route name="SubRoute" routes-to="AsyncMediation0"/>
            <cc:xml-stream-splitter xpath="/root/data"/>
        </cc:splitter>
        <cc:async-mediation id="AsyncMediation0" routes-to="AsyncMediation5">
            <cc:steps>
                <cc:eval id="Eval">
                    <cc:expression>props['IntegrationName'] = parts[0].xpath('/data')</cc:expression>
                    <cc:expression>props['link'] = 'https://wd5-impl.workday.com/alight_preview/d/search.htmld?q='</cc:expression>
                    <cc:expression>props['count'] = props['count'] + 1;</cc:expression>
                </cc:eval>
                <cc:log id="Log">
                    <cc:log-message>
                        <cc:text>--------&#xD;
@{props['IntegrationName']}&#xD;
@{props['count']}&#xD;
--------</cc:text>
                    </cc:log-message>
                </cc:log>
            </cc:steps>
            <cc:send-error id="SendError" routes-to="PutIntegrationMessage"/>
        </cc:async-mediation>
        <cc:async-mediation id="AsyncMediation2" routes-to="OutputDoc">
            <cc:steps>
                <cc:eval id="Eval">
                    <cc:expression>props['p.LastRun'] = parts[0].xpath('wd:Report_Data/wd:Report_Entry/wd:Last_Run', 'wd urn:com.workday.report/POV_-_Integration_Links')</cc:expression>
                    <cc:expression>props['p.SecondLastRun'] = parts[0].xpath('wd:Report_Data/wd:Report_Entry/wd:Second_Run', 'wd urn:com.workday.report/POV_-_Integration_Links')</cc:expression>
                    <cc:expression>props['p.SLRStr'] = props['p.SecondLastRun'].toString()</cc:expression>
                    <cc:expression>props['p.SLRStr.int'] = (Integer.parseInt(props['p.SLRStr'].substring(0,2))*360) + (Integer.parseInt(props['p.SLRStr'].substring(3,5))*60) + (Integer.parseInt(props['p.SLRStr'].substring(6,8)))</cc:expression>
                    <cc:expression>props['p.LRStr'] = props['p.LastRun'].toString()</cc:expression>
                    <cc:expression>props['p.LRStr.int'] = (Integer.parseInt(props['p.LRStr'].substring(0,2))*360) + (Integer.parseInt(props['p.LRStr'].substring(3,5))*60) + (Integer.parseInt(props['p.LRStr'].substring(6,8)))</cc:expression>
                    <cc:expression>props['p.VarianceInt'] = ((props['p.LRStr.int'] - props['p.SLRStr.int'])/props['p.LRStr.int']) * 100</cc:expression>
                    <cc:expression>props['variance.parsed'] = new java.text.DecimalFormat(&quot;##0.00&quot;).format(props['p.VarianceInt'])</cc:expression>
                    <cc:expression>props['p.Variance'] = props['variance.parsed'].toString()</cc:expression>
                </cc:eval>
                <cc:log id="Log">
                    <cc:log-message>
                        <cc:text>&#xD;
****************MAHESH****************&#xD;
&#xD;
@{props['IntegrationID']}&#xD;
@{props['p.SLRStr']}&#xD;
@{props['p.LRStr']}&#xD;
@{props['p.SLRStr.int']}&#xD;
@{props['p.LRStr.int']}&#xD;
@{props['p.Variance']}&#xD;
@{props['variance.parsed']}&#xD;
</cc:text>
                    </cc:log-message>
                </cc:log>
                <cc:xslt id="Xslt" url="Audit.xsl"/>
                <cc:copy id="Copy" output="variable" output-variable="integration.message"/>
            </cc:steps>
            <cc:send-error id="SendError" routes-to="PutIntegrationMessage2"/>
        </cc:async-mediation>
        <cc:local-out id="OutputDoc" store-message="none" endpoint="vm://Integration_Link/SubRoutine0"/>
        <cc:local-in id="SubRoutine0" routes-to="AsyncMediation1"/>
        <cc:async-mediation id="AsyncMediation3" routes-to="PutIntegrationMessage0">
            <cc:steps>
                <cc:log id="Log">
                    <cc:log-message>
                        <cc:text>--------Aggregation----------</cc:text>
                        <cc:message-content/>
                        <cc:text></cc:text>
                    </cc:log-message>
                </cc:log>
                <cc:xslt id="Xslt" output="variable" output-variable="audit.csv" url="Audit_CSV.xsl"/>
                <cc:text-excel id="TextExcel" output="variable" output-mimetype="application/vnd.ms-excel" output-variable="audit.xls" input="variable" input-variable="audit.csv" excelstyle="workbook" style="text2excel"/>
                <cc:store id="Store" output="variable" output-variable="audit.xls.output" input="variable" input-variable="audit.xls" title="RegressionTesting_POV.xls"/>
            </cc:steps>
        </cc:async-mediation>
        <cc:aggregator id="Aggregator" routes-to="AsyncMediation3" collate-when="!props['force.closeFile1.agg']" force-batch-on-last-message="false" force-batch-when="props['force.closeFile1.agg']">
            <cc:size-batch-strategy batch-size="-1"/>
            <cc:xml-message-content-collater>
        <cc:header-text>&lt;Audit></cc:header-text>
        <cc:footer-text>&lt;/Audit></cc:footer-text>
      </cc:xml-message-content-collater>
        </cc:aggregator>
        <cc:async-mediation id="AsyncMediation1" routes-to="Aggregator">
            <cc:steps>
                <cc:copy id="Copy" input="variable" input-variable="integration.message"/>
                <cc:log id="Log">
                    <cc:log-message>
                        <cc:text>-------Transformation-------</cc:text>
                        <cc:message-content/>
                        <cc:text></cc:text>
                    </cc:log-message>
                </cc:log>
            </cc:steps>
        </cc:async-mediation>
        <cc:async-mediation id="AsyncMediation4">
            <cc:steps>
                <cc:copy id="Copy" output="variable" output-variable="IntSysID" input="message"/>
                <cc:eval id="Eval">
                    <cc:expression>props['force.closeFile1.agg'] = false;</cc:expression>
                </cc:eval>
            </cc:steps>
        </cc:async-mediation>
        <cc:local-out id="CallSubRoutine" store-message="none" endpoint="vm://Integration_Link/SubRoutine"><cc:set name="force.closeFile1.agg" value="true"/></cc:local-out>
        <cc:local-in id="SubRoutine" routes-to="Aggregator"/>
        <cc:local-out id="PutIntegrationMessage0" endpoint="vm://wcc/PutIntegrationMessage"><cc:set name="is.message.severity" value="'INFO'"/><cc:set name="is.message.summary" value="'Document is attached.'"/><cc:set name="is.document.variable.name" value="'audit.xls.output'"/><cc:set name="is.document.file.name" value="'RegressionTesting_POV.xls'"/></cc:local-out>
        <cc:workday-out-rest id="WorkdayOutRest" execute-when="props['IntegrationID'] != ''" routes-response-to="AsyncMediation2" extra-path="@{intsys.reportService.getExtrapath('IntegrationLinks')}?Integration_System!Integration_System_ID=@{props['IntegrationID']}"/>
        <cc:async-mediation id="AsyncMediation5" routes-to="WorkdayOutRest">
            <cc:steps>
                <cc:copy id="Copy" input="variable" input-variable="IntSysID"/>
                <cc:xslt id="Xslt" url="ExtractIntSysID.xsl"/>
                <cc:log id="Log">
                    <cc:log-message>
                        <cc:text>-Extract Sys ID-</cc:text>
                        <cc:message-content/>
                    </cc:log-message>
                </cc:log>
                <cc:eval id="Eval">
                    <cc:expression>props['IntegrationID'] = ''</cc:expression>
                    <cc:expression>props['IntegrationID'] = parts[0].xpath(&quot;Int_Sys_Name&quot;)</cc:expression>
                </cc:eval>
                <cc:log id="Log0">
                    <cc:log-message>
                        <cc:text>----------&#xD;
&#xD;
@{props['IntegrationID']}</cc:text>
                    </cc:log-message>
                </cc:log>
            </cc:steps>
        </cc:async-mediation>
        <cc:workday-out-rest id="WorkdayOutRest1" routes-response-to="AsyncMediation4" extra-path="@{intsys.reportService.getExtrapath('PoV - IntegrationSystemID')}"/>
        <cc:local-in id="ReportCall" routes-to="WorkdayOutRest1"/>
        <cc:local-out id="CallReport" store-message="none" routes-response-to="DocRetrieval" endpoint="vm://Integration_Link/ReportCall"/>
        <cc:route id="Route">
            <cc:doc-iterator variable-name="vInputFile"/>
            <cc:sub-route name="ProcessFile" routes-to="AsyncMediation"/>
        </cc:route>
        <cc:async-mediation id="AsyncMediation6" routes-to="Route">
            <cc:steps>
                <cc:validate-exp id="ValidateExp">
                    <cc:expression error-number="001" failure-message="Input File is Missing. Hence, cannot process further.">da.size() > 0</cc:expression>
                </cc:validate-exp>
            </cc:steps>
            <cc:send-error id="SendError" routes-to="PutIntegrationMessage1"/>
        </cc:async-mediation>
        <cc:local-out id="PutIntegrationMessage1" endpoint="vm://wcc/PutIntegrationMessage"><cc:set name="is.message.severity" value="'CRITICAL'"/><cc:set name="is.message.summary" value="'The integration has failed because there is no input to process.'"/><cc:set name="is.message.storage.enabled" value="false"/></cc:local-out>
        <cc:local-out id="PutIntegrationMessage2" routes-response-to="AsyncMediation7" endpoint="vm://wcc/PutIntegrationMessage" propagate-abort="true">
            <cc:set name="is.message.severity" value="'WARNING'"/>
            <cc:set name="is.message.summary" value="&quot;No Integration found for:&quot; + props['IntegrationName']"/>
            
        </cc:local-out>
        <cc:async-mediation id="AsyncMediation7">
            <cc:steps>
                <cc:eval id="Eval">
                    <cc:expression>props['count'] = props['count'] - 1;</cc:expression>
                </cc:eval>
            </cc:steps>
        </cc:async-mediation>
	</cc:assembly>

</beans>