<?xml version="1.0" encoding="ASCII"?>
<edst:Settings xmlns:edst="http://dublin.workday.com/studio/settings/editor">
  <editor uri="/INT0008_Beeline_Contingent_Worker_Inbound_Studio/ws/WSAR-INF/INT0008TextToXMLTransform.xsd">
    <property name="transformation.text.to.xml" value="true"/>
  </editor>
  <editor uri="/INT0008_Beeline_Contingent_Worker_Inbound_Studio/ws/WSAR-INF/Test.xsd">
    <property name="transformation.text.to.xml" value="true"/>
  </editor>
  <editor uri="/INT0008_Beeline_Contingent_Worker_Inbound_Studio/ws/WSAR-INF/Test2.xsd">
    <property name="transformation.text.to.xml" value="true"/>
  </editor>
  <editor uri="/INT0008_Beeline_Contingent_Worker_Inbound_Studio/ws/WSAR-INF/INT0008TextToXMLTransformation.xsd">
    <property name="transformation.text.to.xml" value="true"/>
  </editor>
  <editor uri="/INT0008_Beeline_Contingent_Worker_Inbound_Studio/ws/WSAR-INF/INT0008TextToXMLTransformation2.xsd">
    <property name="transformation.text.to.xml" value="true"/>
  </editor>
</edst:Settings>
