<?xml version="1.0" encoding="UTF-8"?>
<beans
     xmlns="http://www.springframework.org/schema/beans"
     xmlns:beans="http://www.springframework.org/schema/beans"
     xmlns:atom="http://www.w3.org/2005/Atom"
     xmlns:cc="http://www.capeclear.com/assembly/10"
     xmlns:cloud="urn:com.workday/esb/cloud/10.0"
     xmlns:env="http://schemas.xmlsoap.org/soap/envelope/"
     xmlns:pi="urn:com.workday/picof"
     xmlns:pr="urn:com.workday.report/Employee_Review_Printout"
     xmlns:que="http://www.workday.com/wd-queue/17"
     xmlns:wd="urn:com.workday/bsvc"
     xmlns:xsi="http://www.w3.org/2001/XMLSchema-instance">
 
	<cc:assembly id="WorkdayAssembly" version="2018.6">
        <cc:local-out id="completeOnCritical" endpoint="vm://wcc/PutIntegrationEvent">
            <cc:set name="is.event.completed" value="'current'"/>
        </cc:local-out>
        <cc:local-out id="putCriticalError" routes-response-to="completeOnCritical" endpoint="vm://wcc/PutIntegrationMessage">
            <cc:set name="is.message.severity" value="'CRITICAL'"/>
            <cc:set name="is.message.summary" value="'CRITICAL GLOBAL ERROR IN INTEGRATION'"/>
            <cc:set name="is.event.wid" value="lp.isSet() ? lp.getIntegrationEventWID() : null"/>
            <cc:set name="is.system.wid" value=" lp.isSet() ? lp.getIntegrationSystemRefWID() : null"/>
            <cc:set name="is.message.detail" value="context.getErrorMessage()"/>
        </cc:local-out>
        <cc:send-error id="globalErrorHandler" routes-to="putCriticalError"/>
        <cc:async-mediation id="PostRemittrancePDF" routes-to="ReportDocumentInfo">
            <cc:steps>
                <cc:store id="Store" output="variable" output-variable="varPostedPDF" createDocumentReference="false" expiresIn="P180D" title="@{props['file.PDFFileName']}"/>
            </cc:steps>
        </cc:async-mediation>
        <cc:local-in id="postPDFtoIntEvent" routes-to="PostRemittrancePDF"/>
        <cc:local-out id="AttachPDFToEvent" store-message="none" endpoint="vm://INT_Studio_Print_I-9_PDF_Extraction_Outbound/postPDFtoIntEvent" clone-request="true"/>
        <cc:async-mediation id="HandleError" routes-to="PostErrMsg" handle-downstream-errors="true">
            <cc:steps>
                <cc:log id="Log">
                    <cc:log-message>
                        <cc:text>xxxxxxx===> Error Message = @{context.getErrorMessage()}&#xD;
</cc:text>
                    </cc:log-message>
                </cc:log>
            </cc:steps>
        </cc:async-mediation>
        <cc:local-in id="buildPDFforEmpReview" routes-to="CountI9"/>
        <cc:local-out id="PostErrMsg" endpoint="vm://wcc/PutIntegrationMessage">
            <cc:set name="is.message.severity" value="'ERROR'"/>
            <cc:set name="is.message.summary" value="'Encountered error processing PDF for '  + props['employee.Last_Name']  + ' ' +  props['employee.EmployeeID']  + '. Reason : ' + context.errorMessage"/>
        </cc:local-out>
        <cc:async-mediation id="BuildEmployeeReview" routes-to="BuildReviewsForAllEmps">
            <cc:steps>
                <cc:eval id="Eval0">
                    <cc:expression>props['employee.Last_Name'] = parts[0].xpath(&quot;translate(/wd:Report_Entry/wd:Last_Name,'@/\','')&quot;)</cc:expression>
                    <cc:expression>props['employee.First_Name'] = parts[0].xpath(&quot;translate(/wd:Report_Entry/wd:First_Name,'@/\','')&quot;)</cc:expression>
                    <cc:expression>props['employee.EmployeeID'] = parts[0].xpath('/wd:Report_Entry/wd:Employee_ID')</cc:expression>
                </cc:eval>
                <cc:log id="Log">
                    <cc:log-message>
                        <cc:message-content/>
                    </cc:log-message>
                </cc:log>
            </cc:steps>
        </cc:async-mediation>
        <cc:splitter id="ForEachEmp" no-split-message-error="true">
            <cc:sub-route name="ProcessEntries" routes-to="BuildEmployeeReview"/>
            <cc:xml-stream-splitter xpath="/wd:Report_Data/wd:Report_Entry"/>
        </cc:splitter>
        <cc:local-in id="setupEmployeeI-9" routes-to="ForEachEmp" access="public">
            
            
        </cc:local-in>
        <cc:local-out id="BuildReviewsForAllEmps" store-message="none" endpoint="vm://INT_Studio_Print_I-9_PDF_Extraction_Outbound/buildPDFforEmpReview">
            
            
        </cc:local-out>
        <cc:local-out id="RetrieveEmployeeListForEmployeeReview" store-message="none" routes-response-to="BuildReviewsForAllEmps0" endpoint="vm://INT_Studio_Print_I-9_PDF_Extraction_Outbound/getEmployeeList"/>
        <cc:local-in id="createEmployeeReview" routes-to="RetrieveEmployeeListForEmployeeReview" access="public"/>
        <cc:async-mediation id="IncrCounter0" execute-steps-when="props['isBypassMainAgg'] != null &amp;&amp; props['isBypassMainAgg'] == false">
            <cc:steps>
                <cc:eval id="Eval">
                    <cc:expression>props['agg.transactionCounter'] = props['agg.transactionCounter'] + 1</cc:expression>
                </cc:eval>
            </cc:steps>
        </cc:async-mediation>
        <cc:local-out id="BuildPDFForAllEmlooyees" store-message="none" routes-response-to="IncrCounter0" endpoint="vm://INT_Studio_Print_I-9_PDF_Extraction_Outbound/createEmployeeReview"/>
        <cc:splitter id="ForEachEntry" no-split-message-error="false">
            <cc:sub-route name="ProcessEntries" routes-to="BuildPDFForAllEmlooyees"/>
            <cc:xml-stream-splitter xpath="/wd:Report_Data/wd:Report_Entry"/>
        </cc:splitter>
        <cc:local-in id="processAllEntries" routes-to="SetupOrg"/>
        <cc:workday-out-rest id="RetrieveOrganization" routes-response-to="ForEachEntry" extra-path="@{props['report.URLWithParms']}"/>
        <cc:async-mediation id="SetupOrg" routes-to="RetrieveOrganization" handle-downstream-errors="true">
            <cc:steps>
                <cc:eval id="Eval">
                    <cc:expression>props['orgReport'] = &quot;Organization List&quot; </cc:expression>
                    <cc:expression>props['report.URL'] = intsys.reportService.getExtrapath(props['orgReport'])</cc:expression>
                    <cc:expression>props['is.includeSubordinate'] = (props['lp.includeSubordinate'] == '1') ? '1': '0'</cc:expression>
                    <cc:expression>props['report.URLWithParms'] = props['report.URL'] + '?Supervisory_Organization!Organization_Reference_ID=' +  props['lp.employeeSupervisoryOrgID'] +  '&amp;Include_Subordinate_Organizations=' + props['is.includeSubordinate'] </cc:expression>
                </cc:eval>
            </cc:steps>
        </cc:async-mediation>
        <cc:async-mediation id="SetupOrg0" handle-downstream-errors="true">
            <cc:steps>
                <cc:eval id="Eval">
                    <cc:expression>props['hire.employeeCount'] = parts[0].xpath('count(/wd:Report_Data/wd:Report_Entry)')</cc:expression>
                </cc:eval>
                <cc:log id="Log">
                    <cc:log-message>
                        <cc:text>props['hire.employeeCount'] = @{props['hire.employeeCount']}
props['report.URLWithParms'] = {props['report.URLWithParms']}

</cc:text>
                    </cc:log-message>
                </cc:log>
            </cc:steps>
        </cc:async-mediation>
        <cc:workday-out-rest id="RetrieveOrganization0" routes-response-to="SetupOrg0" extra-path="@{props['report.URL']}"/>
        <cc:async-mediation id="SetupOrgForEmp" routes-to="RetrieveOrganization0" handle-downstream-errors="true">
            <cc:steps>
                <cc:eval id="GetOrgInfo">
                    <cc:expression>props['hire.SupervisoryOrgID'] = parts[0].xpath('/wd:Report_Entry/wd:Key')</cc:expression>
                    <cc:expression>props['hire.staffingModel'] = parts[0].xpath('/wd:Report_Entry/wd:Staffing_Model')</cc:expression>
                    <cc:expression>props['hire.orgLevel'] = parts[0].xpath('/wd:Report_Entry/wd:Org_Level')</cc:expression>
                    <cc:expression>props['hire.employeeCount'] = parts[0].xpath('/wd:Report_Entry/wd:Employee_Count')</cc:expression>
                    <cc:expression>props['hire.contingentCount'] = parts[0].xpath('/wd:Report_Entry/wd:Contingent_Worker_Count')</cc:expression>
                    <cc:expression>props['hire.superiorSupervisoryOrgID'] = parts[0].xpath(&quot;/wd:Report_Entry/wd:Superior_Organization/wd:ID[@wd:type='Organization_Reference_ID']&quot;)</cc:expression>
                    <cc:expression>props['hire.orgName'] = parts[0].xpath('/wd:Report_Entry/wd:Name')</cc:expression>
                    <cc:expression>props['hire.SuperiorSupervisoryOrgID'] = parts[0].xpath('/wd:Report_Entry/wd:Superior_Reference_ID') </cc:expression>
                    <cc:expression>props['hire.SuperiorSupervisorystaffingModel'] = parts[0].xpath('/wd:Report_Entry/wd:Superior_Staffing_Model')</cc:expression>
                    <cc:expression>props['hire.LocationID'] = parts[0].xpath(&quot;/wd:Report_Entry/wd:Location/wd:ID[@wd:type='Location_ID']&quot;) </cc:expression>
                    <cc:expression>props['location.ZipCode'] = props['hire.LocationID'].lastIndexOf('-')</cc:expression>
                </cc:eval>
                <cc:eval id="Eval">
                    <cc:expression>props['empRptList'] = &quot;Employee List&quot; </cc:expression>
                    <cc:expression>props['report.URL'] = intsys.reportService.getExtrapath(props['empRptList'])</cc:expression>
                    <cc:expression>props['report.URLWithParms'] = props['report.URL'] + '?Supervisory_Organization!Organization_Reference_ID=' + props['hire.SupervisoryOrgID']</cc:expression>
                </cc:eval>
            </cc:steps>
        </cc:async-mediation>
        <cc:local-in id="getEmployeeList" routes-to="SetupOrgForEmp" access="public"/>
        <cc:workday-out-rest id="RetrieveEmployeeDtl" routes-response-to="StoreEmpData" extra-path="@{props['report.URLWithParms']}"/>
        <cc:local-out id="BuildReviewsForAllEmps0" store-message="none" execute-when="props['hire.employeeCount'] > 0 " endpoint="vm://INT_Studio_Print_I-9_PDF_Extraction_Outbound/setupEmployeeI-9">
            
            
        </cc:local-out>
        <cc:local-out id="PDFEmployeeReview" routes-response-to="AttachPDFToEvent" endpoint="vm://wcc/PdfPrintStep"><cc:set name="pdf.report.design.variable" value="'varI9Report'"/><cc:set name="pdf.workday.report.variable" value="'varEmployeeReview'"/></cc:local-out>
        <cc:local-in id="processI-9PDF" routes-to="BuildEmployeeReview" access="public"/>
        <cc:async-mediation id="DefineBIRTReports0">
            <cc:steps>
                <cc:write id="StoreEmployeeReview" output="variable" output-variable="varI9Report">
                    <cc:message>
                        <cc:static-file input-file="BIRT_Reports/Form_I-9_v1.rptdesign"/>
                    </cc:message>
                </cc:write>
            </cc:steps>
        </cc:async-mediation>
        <cc:local-in id="initI9PDF" routes-to="DefineBIRTReports0" access="public"/>
        <cc:local-out id="ReportDocumentInfo" endpoint="vm://wcc/PutIntegrationMessage" clone-request="true">
            <cc:set name="is.message.severity" value="'INFO'"/>
            <cc:set name="is.message.summary" value="'Attached documents for ' + props['employee.Last_Name']  + ' ' + props['employee.EmployeeID']  +'. See Output Files'"/>
            <cc:set name="is.document.variable.name" value="'varPostedPDF'"/>
            <cc:set name="is.document.deliverable" value="'true'"/>
        </cc:local-out>
        <cc:async-mediation id="RetrievePaymentInfo" routes-to="RetrieveEmployeeDtl" continue-after-error="recover" handle-downstream-errors="true">
            <cc:steps>
                <cc:eval id="GetInfo"><cc:expression>props['employeeI9WID'] = parts[0].xpath(&quot;/wd:Form_I-9s/wd:ID[@wd:type='WID']&quot;)</cc:expression>
                    <cc:expression>props['counterI9'] = props['counterI9'] + 1</cc:expression></cc:eval>
                <cc:eval id="Eval">
                    <cc:expression>props['report.URL'] = intsys.reportService.getExtrapath(&quot;I-9 Detail&quot; )</cc:expression>
                    <cc:expression>props['report.URLWithParms'] = props['report.URL'] + '?Form_I-9s_for_Printing!WID=' + props['employeeI9WID']</cc:expression>
                </cc:eval>
            </cc:steps>
            <cc:send-error id="SendError" routes-to="HandleError"/>
        </cc:async-mediation>
        <cc:async-mediation id="CountI9" routes-to="ForEachI9">
            <cc:steps>
                <cc:eval id="Eval">
                    <cc:expression>props['countTotalI9s'] = parts[0].xpath(&quot;count(/wd:Report_Entry/wd:Form_I-9s)&quot;)</cc:expression>
                    <cc:expression>props['fileNamePDFFiltered'] = parts[0].xpath(&quot;substring-before(/wd:Report_Entry/wd:File_Name,'.pdf')&quot;)</cc:expression>
                    <cc:expression>props['fileNamePDF'] = parts[0].xpath(&quot;/wd:Report_Entry/wd:File_Name&quot;)</cc:expression>
                    <cc:expression>props['counterI9'] = 0</cc:expression>
                </cc:eval>
            </cc:steps>
        </cc:async-mediation>
        <cc:splitter id="ForEachI9" no-split-message-error="false">
            <cc:sub-route name="ProcessEntries" routes-to="RetrievePaymentInfo"/>
            <cc:xml-stream-splitter xpath="/wd:Report_Entry/wd:Form_I-9s"/>
        </cc:splitter>
        <cc:async-mediation id="StoreEmpData" routes-to="PDFEmployeeReview">
            <cc:steps>
                <cc:eval id="SetFileName">
                    <cc:expression>props['reviewTemplate'] = parts[0].xpath(&quot;translate(/pr:Report_Data/pr:Report_Entry/pr:Template_Name,'@/\','')&quot;)</cc:expression><cc:expression>props['file.PDFFileName'] = (props['countTotalI9s'] == 1) ? props['fileNamePDF'] : props['fileNamePDFFiltered'] + '_' + props['counterI9'] + '.pdf'</cc:expression></cc:eval>
                <cc:copy id="Copy" output="variable" output-variable="varEmployeeReview"/>
            </cc:steps>
        </cc:async-mediation>
	</cc:assembly>

</beans>