<?xml version="1.0" encoding="UTF-8"?>
<wdnm:Diagram xmlns:wdnm="http://workday.com/studio/editors/notation">
  <element href="assembly.xml#WorkdayAssembly"/>
  <visualProperties x="281" y="237">
    <element href="assembly.xml#StartHere"/>
  </visualProperties>
  <visualProperties x="295" y="294">
    <element href="assembly.xml#PopulateBaseData"/>
  </visualProperties>
  <visualProperties x="521" y="385">
    <element href="assembly.xml#BaseErrorHandler"/>
  </visualProperties>
  <visualProperties x="515" y="203">
    <element href="assembly.xml#SaveReportFiles"/>
  </visualProperties>
  <visualProperties x="580" y="342">
    <element href="assembly.xml#RetrievalErr"/>
  </visualProperties>
  <visualProperties x="720" y="215">
    <element href="assembly.xml#CallProcessFutureData"/>
  </visualProperties>
  <visualProperties x="281" y="557">
    <element href="assembly.xml#processCurrFuture"/>
  </visualProperties>
  <visualProperties x="459" y="633">
    <element href="assembly.xml#CopyFutureErr"/>
  </visualProperties>
  <visualProperties x="636" y="455">
    <element href="assembly.xml#SplitFutures"/>
  </visualProperties>
  <visualProperties x="799" y="484">
    <element href="assembly.xml#TransformFutures"/>
  </visualProperties>
  <visualProperties x="466" y="477">
    <element href="assembly.xml#CopyFutures"/>
  </visualProperties>
  <visualProperties x="1061" y="528">
    <element href="assembly.xml#CallAggregator"/>
  </visualProperties>
  <visualProperties x="277" y="1109">
    <element href="assembly.xml#Aggregator"/>
  </visualProperties>
  <visualProperties x="665" y="1035">
    <element href="assembly.xml#StoreFinalFile"/>
  </visualProperties>
  <visualProperties x="631" y="1187">
    <element href="assembly.xml#PutOutputError"/>
  </visualProperties>
  <visualProperties x="843" y="1079">
    <element href="assembly.xml#PutOutputFile"/>
  </visualProperties>
  <visualProperties x="726" y="294">
    <element href="assembly.xml#CallProcessCurrentData"/>
  </visualProperties>
  <visualProperties x="269" y="800">
    <element href="assembly.xml#ProcessCurrentData"/>
  </visualProperties>
  <visualProperties x="479" y="902">
    <element href="assembly.xml#PutCurrentMessage"/>
  </visualProperties>
  <visualProperties x="700" y="742">
    <element href="assembly.xml#SplitCurrent"/>
  </visualProperties>
  <visualProperties x="881" y="755">
    <element href="assembly.xml#WorkerID"/>
  </visualProperties>
  <visualProperties x="1046" y="800">
    <element href="assembly.xml#CallAggregator0"/>
  </visualProperties>
  <visualProperties x="1061" y="318">
    <element href="assembly.xml#CallCloseAggregator"/>
  </visualProperties>
  <visualProperties x="502" y="1045">
    <element href="assembly.xml#AggregateOutput"/>
  </visualProperties>
  <visualProperties x="104" y="915">
    <element href="assembly.xml#CloseAggregator"/>
  </visualProperties>
  <visualProperties x="502" y="756">
    <element href="assembly.xml#CopyCurrent"/>
  </visualProperties>
  <visualProperties x="285" y="1335">
    <element href="assembly.xml#//@beans/@mixed.1/@mixed.3"/>
  </visualProperties>
  <visualProperties x="477" y="1335">
    <element href="assembly.xml#GlobalError"/>
  </visualProperties>
  <visualProperties x="818" y="633">
    <element href="assembly.xml#CopyFutureErr0"/>
  </visualProperties>
  <visualProperties x="1013" y="859">
    <element href="assembly.xml#CopyFutureErr00"/>
  </visualProperties>
  <visualProperties x="108" y="1019">
    <element href="assembly.xml#SaveReportFiles0"/>
  </visualProperties>
  <decorations x="259" y="203" width="933" height="230" type="NOTE" text="Initialize - Main Flow"/>
  <decorations x="269" y="440" width="932" height="236" bgColor="13695966" type="NOTE" text="ProcessCurrentFutureHires"/>
  <decorations x="269" y="962" width="939" height="272" bgColor="14277731" type="NOTE" text="Aggregate records and write to file"/>
  <decorations x="269" y="685" width="931" height="267" type="NOTE" text="Text"/>
  <decorations x="310" y="685" width="683" height="60" type="TEXT" text="This sub-process transforms the xml for currently active workers into the  requested format, but skips any ID's stored in the array list of ID's processed in the previous sub-process."/>
  <decorations x="259" y="1301" width="416" height="91" bgColor="8388863" type="NOTE" text="Global Error Handler"/>
  <connections type="routesTo" targetAnchorX="0.18274111675126903" targetAnchorY="0.0">
    <source href="assembly.xml#StartHere"/>
    <target href="assembly.xml#PopulateBaseData"/>
  </connections>
  <connections type="routesTo" sourceAnchorX="0.9695431472081218" sourceAnchorY="0.016" targetAnchorX="0.022556390977443608" targetAnchorY="0.616">
    <source href="assembly.xml#PopulateBaseData"/>
    <target href="assembly.xml#SaveReportFiles"/>
  </connections>
  <connections type="routesTo" targetAnchorX="0.025477707006369428" targetAnchorY="0.1891891891891892">
    <source href="assembly.xml#//@beans/@mixed.1/@mixed.53/@mixed.3"/>
    <target href="assembly.xml#BaseErrorHandler"/>
  </connections>
  <connections type="routesTo" sourceAnchorX="0.8045112781954887" sourceAnchorY="0.28">
    <source href="assembly.xml#SaveReportFiles"/>
    <target href="assembly.xml#CallProcessFutureData"/>
  </connections>
  <connections type="routesTo" targetAnchorX="0.01652892561983471" targetAnchorY="0.08108108108108109">
    <source href="assembly.xml#//@beans/@mixed.1/@mixed.49/@mixed.3"/>
    <target href="assembly.xml#RetrievalErr"/>
  </connections>
  <connections type="routesResponseTo" sourceAnchorX="0.46774193548387094" sourceAnchorY="0.7027027027027027" targetAnchorX="0.4427083333333333" targetAnchorY="0.02702702702702703">
    <source href="assembly.xml#CallProcessFutureData"/>
    <target href="assembly.xml#CallProcessCurrentData"/>
  </connections>
  <connections type="routesTo">
    <source href="assembly.xml#processCurrFuture"/>
    <target href="assembly.xml#CopyFutures"/>
  </connections>
  <connections type="routesTo">
    <source href="assembly.xml#//@beans/@mixed.1/@mixed.35/@mixed.3"/>
    <target href="assembly.xml#CopyFutureErr"/>
  </connections>
  <connections type="routesTo">
    <source href="assembly.xml#CopyFutures"/>
    <target href="assembly.xml#SplitFutures"/>
  </connections>
  <connections type="routesTo" targetAnchorX="0.014184397163120567" targetAnchorY="0.723404255319149">
    <source href="assembly.xml#//@beans/@mixed.1/@splitter.1/@subRoute.0"/>
    <target href="assembly.xml#TransformFutures"/>
  </connections>
  <connections type="routesTo">
    <source href="assembly.xml#TransformFutures"/>
    <target href="assembly.xml#CallAggregator"/>
  </connections>
  <connections type="routesTo" targetAnchorX="0.03731343283582089" targetAnchorY="0.7830188679245284">
    <source href="assembly.xml#Aggregator"/>
    <target href="assembly.xml#AggregateOutput"/>
  </connections>
  <connections type="routesTo">
    <source href="assembly.xml#StoreFinalFile"/>
    <target href="assembly.xml#PutOutputFile"/>
  </connections>
  <connections type="routesTo">
    <source href="assembly.xml#AggregateOutput"/>
    <target href="assembly.xml#StoreFinalFile"/>
  </connections>
  <connections type="routesTo">
    <source href="assembly.xml#//@beans/@mixed.1/@mixed.29/@mixed.3"/>
    <target href="assembly.xml#PutOutputError"/>
  </connections>
  <connections type="routesResponseTo" sourceAnchorX="0.4322916666666667" sourceAnchorY="0.918918918918919">
    <source href="assembly.xml#CallProcessCurrentData"/>
    <target href="assembly.xml#CallCloseAggregator"/>
  </connections>
  <connections type="routesTo">
    <source href="assembly.xml#ProcessCurrentData"/>
    <target href="assembly.xml#CopyCurrent"/>
  </connections>
  <connections type="routesTo">
    <source href="assembly.xml#//@beans/@mixed.1/@mixed.5/@mixed.3"/>
    <target href="assembly.xml#PutCurrentMessage"/>
  </connections>
  <connections type="routesTo">
    <source href="assembly.xml#CopyCurrent"/>
    <target href="assembly.xml#SplitCurrent"/>
  </connections>
  <connections type="routesTo">
    <source href="assembly.xml#//@beans/@mixed.1/@splitter.0/@subRoute.0"/>
    <target href="assembly.xml#WorkerID"/>
    <bendpoints sourceX="72" sourceY="-35" targetX="-122" targetY="17"/>
  </connections>
  <connections type="routesTo">
    <source href="assembly.xml#WorkerID"/>
    <target href="assembly.xml#CallAggregator0"/>
  </connections>
  <connections type="routesTo" targetAnchorX="0.16568047337278108" targetAnchorY="0.4864864864864865">
    <source href="assembly.xml#//@beans/@mixed.1/@mixed.15/@mixed.3"/>
    <target href="assembly.xml#CopyFutureErr00"/>
  </connections>
  <connections type="routesTo" targetAnchorX="0.5316455696202531" targetAnchorY="0.13385826771653545">
    <source href="assembly.xml#CloseAggregator"/>
    <target href="assembly.xml#SaveReportFiles0"/>
  </connections>
  <connections type="routesTo">
    <source href="assembly.xml#//@beans/@mixed.1/@mixed.3"/>
    <target href="assembly.xml#GlobalError"/>
  </connections>
  <connections type="routesTo" sourceAnchorX="0.48026315789473684" sourceAnchorY="1.0" targetAnchorX="0.40372670807453415" targetAnchorY="0.4864864864864865">
    <source href="assembly.xml#//@beans/@mixed.1/@mixed.37/@mixed.3"/>
    <target href="assembly.xml#CopyFutureErr0"/>
  </connections>
  <connections type="routesTo" sourceAnchorX="1.0" sourceAnchorY="0.18110236220472442" targetAnchorX="0.17763157894736842" targetAnchorY="0.2358490566037736">
    <source href="assembly.xml#SaveReportFiles0"/>
    <target href="assembly.xml#AggregateOutput"/>
  </connections>
</wdnm:Diagram>
