Employee_ID,Effective_Date,FWA_Type_Details,Status,Error_Message
301892,2024-05-17,Remote/60%,Success,
303159,2024-06-11,Remote/100%,Success,
307920,2024-06-10,Remote/40%,Success,
285439,2024-06-21,Remote/100%,Success,
308118,2024-06-24,Remote/60%,Success,
245527,2024-06-17,Remote/40%,Success,
271151,2024-06-24,Remote/100%,Success,
Employee_ID,Effective_Date,AWL,Status,Error_Message
271151,2024-06-24,AWL/Add,Success,
285439,2024-06-21,AWL/Add,Success,
301892,2024-05-17,AWL/Delete,Success,
301892,2024-05-17,AWL/Add,Success,
303159,2024-06-11,AWL/Add,Success,
308118,2024-06-24,AWL/Add,Error,Error at:Add-AWL-Soap. Error Message:Validation error occurred. Contact Information Events that change an Address must be done in order. To submit an event that changes an address with an earlier effective date you must rescind any Contact Information Events that change an address with a later effective date.
