<?xml version="1.0" encoding="UTF-8"?>
<wdnm:Diagram xmlns:wdnm="http://workday.com/studio/editors/notation">
  <element href="assembly.xml#WorkdayAssembly"/>
  <visualProperties x="161" y="166">
    <element href="assembly.xml#StartHere"/>
  </visualProperties>
  <visualProperties x="309" y="203">
    <element href="assembly.xml#FetchAttributesAndLP"/>
  </visualProperties>
  <visualProperties>
    <element href="assembly.xml#//@beans/@mixed.1/@mixed.9"/>
  </visualProperties>
  <visualProperties>
    <element href="assembly.xml#LogError"/>
  </visualProperties>
  <visualProperties>
    <element href="assembly.xml#PutIntegrationEvent"/>
  </visualProperties>
  <visualProperties x="546" y="213">
    <element href="assembly.xml#CallRetrieveFiles"/>
  </visualProperties>
  <visualProperties>
    <element href="assembly.xml#RetrieveFile"/>
  </visualProperties>
  <visualProperties>
    <element href="assembly.xml#CalFileCount"/>
  </visualProperties>
  <visualProperties>
    <element href="assembly.xml#Route"/>
  </visualProperties>
  <visualProperties>
    <element href="assembly.xml#GetInputFileNames"/>
  </visualProperties>
  <visualProperties x="1097" y="655">
    <element href="assembly.xml#Route0"/>
  </visualProperties>
  <visualProperties x="1344" y="653">
    <element href="assembly.xml#Process_AM_BMOFG_US_401K"/>
  </visualProperties>
  <visualProperties x="1460" y="703">
    <element href="assembly.xml#Process_AM_BMOFG_US_NQAL"/>
  </visualProperties>
  <visualProperties x="1469" y="818">
    <element href="assembly.xml#Process_BMOFG_US_HSA"/>
  </visualProperties>
  <visualProperties x="675" y="228">
    <element href="assembly.xml#CallRetrieveReport"/>
  </visualProperties>
  <visualProperties x="1151" y="239">
    <element href="assembly.xml#CallCreateOutput"/>
  </visualProperties>
  <visualProperties x="139" y="2548">
    <element href="assembly.xml#CreateFinalOutputFile"/>
  </visualProperties>
  <visualProperties x="250" y="2555">
    <element href="assembly.xml#CombineFixedWidthInputFileData"/>
  </visualProperties>
  <visualProperties x="1319" y="294">
    <element href="assembly.xml#CallProcessInputFiles"/>
  </visualProperties>
  <visualProperties x="1555" y="265">
    <element href="assembly.xml#CallCreateFinalOutput"/>
  </visualProperties>
  <visualProperties x="495" y="2628">
    <element href="assembly.xml#PutErrorWhileCombiningOutput"/>
  </visualProperties>
  <visualProperties x="492" y="288">
    <element href="assembly.xml#CallValidateLP"/>
  </visualProperties>
  <visualProperties x="708" y="2632">
    <element href="assembly.xml#PutReportOutput"/>
  </visualProperties>
  <visualProperties x="120" y="1301">
    <element href="assembly.xml#ProcessMapping"/>
  </visualProperties>
  <visualProperties x="287" y="1495">
    <element href="assembly.xml#Route1"/>
  </visualProperties>
  <visualProperties x="285" y="1498">
    <element href="assembly.xml#CreateHashMaps"/>
  </visualProperties>
  <visualProperties x="657" y="1527">
    <element href="assembly.xml#Process_AUTO_MATCH_ACCT"/>
  </visualProperties>
  <visualProperties x="651" y="1707">
    <element href="assembly.xml#Process_AUTO_MATCH_ACCT_CO_P"/>
  </visualProperties>
  <visualProperties x="646" y="1884">
    <element href="assembly.xml#Process_AUTO_MATCH_ACCT_INPU"/>
  </visualProperties>
  <visualProperties x="663" y="2085">
    <element href="assembly.xml#Process_EMPL_STAT_ACCT"/>
  </visualProperties>
  <visualProperties x="669" y="2235">
    <element href="assembly.xml#Process_INPUT_SUM_ACCT"/>
  </visualProperties>
  <visualProperties x="640" y="2438">
    <element href="assembly.xml#Process_IMatch_Account"/>
  </visualProperties>
  <visualProperties x="351" y="1618">
    <element href="assembly.xml#PutIntegrationMessage2"/>
  </visualProperties>
  <visualProperties x="1104" y="1576">
    <element href="assembly.xml#Splitter"/>
  </visualProperties>
  <visualProperties x="1248" y="1572">
    <element href="assembly.xml#Save_AUTO_MATCH_ACCT_Val"/>
  </visualProperties>
  <visualProperties x="1147" y="1839">
    <element href="assembly.xml#Splitter0"/>
  </visualProperties>
  <visualProperties x="1303" y="1846">
    <element href="assembly.xml#Sav_AUTO_MATCH_ACCT_CO_Pe"/>
  </visualProperties>
  <visualProperties x="1140" y="2088">
    <element href="assembly.xml#Splitter1"/>
  </visualProperties>
  <visualProperties x="1285" y="2114">
    <element href="assembly.xml#Save_AUTO_MATCH_ACCT_INPU"/>
  </visualProperties>
  <visualProperties x="1083" y="2337">
    <element href="assembly.xml#Splitter2"/>
  </visualProperties>
  <visualProperties x="1234" y="2367">
    <element href="assembly.xml#Save_EMPL_STAT_ACCT"/>
  </visualProperties>
  <visualProperties>
    <element href="assembly.xml#Process401KFile"/>
  </visualProperties>
  <visualProperties>
    <element href="assembly.xml#CreateOutput401K"/>
  </visualProperties>
  <visualProperties>
    <element href="assembly.xml#ProcessHSA"/>
  </visualProperties>
  <visualProperties>
    <element href="assembly.xml#CreateOutputHSA"/>
  </visualProperties>
  <visualProperties>
    <element href="assembly.xml#PutInputFileProcessingError"/>
  </visualProperties>
  <visualProperties>
    <element href="assembly.xml#ProcessNQAL"/>
  </visualProperties>
  <visualProperties>
    <element href="assembly.xml#CreateOutputNQAL"/>
  </visualProperties>
  <visualProperties x="1093" y="2555">
    <element href="assembly.xml#Splitter3"/>
  </visualProperties>
  <visualProperties x="1240" y="2559">
    <element href="assembly.xml#Save_INPUT_SUM_ACCT"/>
  </visualProperties>
  <visualProperties x="1105" y="2835">
    <element href="assembly.xml#Splitter4"/>
  </visualProperties>
  <visualProperties x="1257" y="2813">
    <element href="assembly.xml#Save_IMatch_Account"/>
  </visualProperties>
  <visualProperties x="2144" y="1532">
    <element href="assembly.xml#PutErrorWhileProcessMappingFile"/>
  </visualProperties>
  <visualProperties x="1629" y="1034">
    <element href="assembly.xml#SplitNQALFile"/>
  </visualProperties>
  <visualProperties x="1788" y="1086">
    <element href="assembly.xml#CreateGetWorkerRequest"/>
  </visualProperties>
  <visualProperties x="1984" y="1039">
    <element href="assembly.xml#GetWorkerPayGroup"/>
  </visualProperties>
  <visualProperties x="2209" y="1115">
    <element href="assembly.xml#ProcessResponse"/>
  </visualProperties>
  <visualProperties x="1839" y="1158">
    <element href="assembly.xml#CreateErrorParams"/>
  </visualProperties>
  <visualProperties x="1908" y="1311">
    <element href="assembly.xml#CallErrorLog"/>
  </visualProperties>
  <visualProperties x="2197" y="255">
    <element href="assembly.xml#SetErrorLogAggParams"/>
  </visualProperties>
  <visualProperties x="2476" y="258">
    <element href="assembly.xml#CallAggregateErrorLog"/>
  </visualProperties>
  <visualProperties x="2640" y="476">
    <element href="assembly.xml#Aggregator0"/>
  </visualProperties>
  <visualProperties x="2818" y="527">
    <element href="assembly.xml#FilteredNQALInput"/>
  </visualProperties>
  <visualProperties x="2653" y="381">
    <element href="assembly.xml#AggregateNQAL"/>
  </visualProperties>
  <visualProperties x="1777" y="894">
    <element href="assembly.xml#SplitHSAFile"/>
  </visualProperties>
  <visualProperties x="1999" y="888">
    <element href="assembly.xml#CreateGetWorkerRequest1"/>
  </visualProperties>
  <visualProperties x="1999" y="1117">
    <element href="assembly.xml#CreateErrorParams1"/>
  </visualProperties>
  <visualProperties x="2017" y="1120">
    <element href="assembly.xml#CallErrorLog1"/>
  </visualProperties>
  <visualProperties x="2144" y="876">
    <element href="assembly.xml#GetWorkerPayGroup1"/>
  </visualProperties>
  <visualProperties x="2347" y="910">
    <element href="assembly.xml#ProcessResponse1"/>
  </visualProperties>
  <visualProperties x="2710" y="899">
    <element href="assembly.xml#Aggregator1"/>
  </visualProperties>
  <visualProperties x="2929" y="882">
    <element href="assembly.xml#FilteredHSAInput"/>
  </visualProperties>
  <visualProperties x="942" y="-396">
    <element href="assembly.xml#CallAggregateFilterInput"/>
  </visualProperties>
  <visualProperties x="2730" y="909">
    <element href="assembly.xml#AggregateHSA"/>
  </visualProperties>
  <visualProperties x="1748" y="41">
    <element href="assembly.xml#Split401KFile"/>
  </visualProperties>
  <visualProperties x="1988" y="16">
    <element href="assembly.xml#CreateGetWorkerRequest2"/>
  </visualProperties>
  <visualProperties x="2009" y="152">
    <element href="assembly.xml#CreateErrorParams2"/>
  </visualProperties>
  <visualProperties x="2012" y="279">
    <element href="assembly.xml#CallErrorLog2"/>
  </visualProperties>
  <visualProperties x="2183" y="25">
    <element href="assembly.xml#GetWorkerPayGroup2"/>
  </visualProperties>
  <visualProperties x="2402" y="21">
    <element href="assembly.xml#ProcessResponse2"/>
  </visualProperties>
  <visualProperties x="2615" y="34">
    <element href="assembly.xml#Aggregator2"/>
  </visualProperties>
  <visualProperties x="2627" y="14">
    <element href="assembly.xml#Aggregate401K"/>
  </visualProperties>
  <visualProperties x="3032" y="30">
    <element href="assembly.xml#Filtered401KInput"/>
  </visualProperties>
  <visualProperties x="2282" y="1701">
    <element href="assembly.xml#PutErrorWhileProcessMappingFile0"/>
  </visualProperties>
  <visualProperties x="2447" y="1882">
    <element href="assembly.xml#PutErrorWhileProcessMappingFile00"/>
  </visualProperties>
  <visualProperties x="2377" y="2021">
    <element href="assembly.xml#PutErrorWhileProcessMappingFile000"/>
  </visualProperties>
  <visualProperties x="2543" y="2432">
    <element href="assembly.xml#PutErrorWhileProcessMappingFile001"/>
  </visualProperties>
  <visualProperties x="2307" y="2756">
    <element href="assembly.xml#PutErrorWhileProcessMappingFile002"/>
  </visualProperties>
  <visualProperties x="3298" y="3">
    <element href="assembly.xml#PutInputFIleError0"/>
  </visualProperties>
  <visualProperties x="3422" y="304">
    <element href="assembly.xml#PutInputFIleError00"/>
  </visualProperties>
  <visualProperties x="3511" y="558">
    <element href="assembly.xml#PutInputFIleError000"/>
  </visualProperties>
  <visualProperties>
    <element href="assembly.xml#ValidateLP"/>
  </visualProperties>
  <visualProperties>
    <element href="assembly.xml#CreateXML"/>
  </visualProperties>
  <visualProperties>
    <element href="assembly.xml#SetIsCritical"/>
  </visualProperties>
  <visualProperties>
    <element href="assembly.xml#PutCriticalErrorMessage"/>
  </visualProperties>
  <visualProperties>
    <element href="assembly.xml#SplitImatchLP"/>
  </visualProperties>
  <visualProperties>
    <element href="assembly.xml#ValidateImatch"/>
  </visualProperties>
  <visualProperties>
    <element href="assembly.xml#AggrgateFilterInputFiles"/>
  </visualProperties>
  <visualProperties>
    <element href="assembly.xml#SetFilterInputAggParams"/>
  </visualProperties>
  <visualProperties>
    <element href="assembly.xml#CallNQALAggregate"/>
  </visualProperties>
  <visualProperties>
    <element href="assembly.xml#CallAggregateHSA"/>
  </visualProperties>
  <visualProperties>
    <element href="assembly.xml#CallAggregate401K"/>
  </visualProperties>
  <visualProperties>
    <element href="assembly.xml#RetrieveReport"/>
  </visualProperties>
  <visualProperties>
    <element href="assembly.xml#FetchError"/>
  </visualProperties>
  <visualProperties>
    <element href="assembly.xml#PutErrorMessage"/>
  </visualProperties>
  <visualProperties>
    <element href="assembly.xml#CallINT0051Report"/>
  </visualProperties>
  <visualProperties>
    <element href="assembly.xml#SaveReportData"/>
  </visualProperties>
  <visualProperties>
    <element href="assembly.xml#CreateOutput"/>
  </visualProperties>
  <visualProperties>
    <element href="assembly.xml#CreateCSVOutput"/>
  </visualProperties>
  <visualProperties>
    <element href="assembly.xml#PutIntegrationMessage1"/>
  </visualProperties>
  <visualProperties>
    <element href="assembly.xml#CreateExcelOutput"/>
  </visualProperties>
  <visualProperties>
    <element href="assembly.xml#ProcessInputFiles"/>
  </visualProperties>
  <visualProperties>
    <element href="assembly.xml#CatchErrors"/>
  </visualProperties>
  <visualProperties>
    <element href="assembly.xml#PutDownstreamErrors"/>
  </visualProperties>
  <visualProperties>
    <element href="assembly.xml#CallProcess401K"/>
  </visualProperties>
  <visualProperties>
    <element href="assembly.xml#CallProcessHSA"/>
  </visualProperties>
  <visualProperties>
    <element href="assembly.xml#CallProcessNQAL"/>
  </visualProperties>
  <visualProperties>
    <element href="assembly.xml#ErrorLog"/>
  </visualProperties>
  <visualProperties>
    <element href="assembly.xml#CreateError"/>
  </visualProperties>
  <visualProperties>
    <element href="assembly.xml#AggregateErrorLog"/>
  </visualProperties>
  <visualProperties>
    <element href="assembly.xml#Aggregator"/>
  </visualProperties>
  <visualProperties>
    <element href="assembly.xml#StoreErrorLog"/>
  </visualProperties>
  <visualProperties x="-519" y="-136">
    <element href="assembly.xml#ConvertListsToString"/>
  </visualProperties>
  <visualProperties x="1302" y="17">
    <element href="assembly.xml#CallProcessUS401K"/>
  </visualProperties>
  <visualProperties x="1482" y="19">
    <element href="assembly.xml#ProcessUS401K"/>
  </visualProperties>
  <visualProperties x="1304" y="459">
    <element href="assembly.xml#CallProcessUSNQAL"/>
  </visualProperties>
  <visualProperties x="1479" y="442">
    <element href="assembly.xml#ProcessUSNQAL"/>
  </visualProperties>
  <visualProperties x="1310" y="954">
    <element href="assembly.xml#ProcessUSHSA"/>
  </visualProperties>
  <visualProperties x="1300" y="943">
    <element href="assembly.xml#CallProcessUSHSA"/>
  </visualProperties>
  <visualProperties x="573" y="-61">
    <element href="assembly.xml#NoOutputFileFound"/>
  </visualProperties>
  <visualProperties x="860" y="-164">
    <element href="assembly.xml#PutIntegrationMessage"/>
  </visualProperties>
  <visualProperties x="862" y="-763">
    <element href="assembly.xml#RetrieveMappingInputFIle"/>
  </visualProperties>
  <visualProperties x="1063" y="-725">
    <element href="assembly.xml#Route_MappingFile"/>
  </visualProperties>
  <visualProperties x="1019" y="-723">
    <element href="assembly.xml#FetchFileCount"/>
  </visualProperties>
  <visualProperties x="1528" y="-602">
    <element href="assembly.xml#PutMappingFileNameError"/>
  </visualProperties>
  <visualProperties>
    <element href="assembly.xml#Process_Mapping_File"/>
  </visualProperties>
  <visualProperties>
    <element href="assembly.xml#PutInputFIleError1"/>
  </visualProperties>
  <visualProperties>
    <element href="assembly.xml#CallProcessMapping"/>
  </visualProperties>
  <visualProperties x="-579" y="-283">
    <element href="assembly.xml#CallRetrieveMappingInputFIle"/>
  </visualProperties>
  <visualProperties x="-405" y="-438">
    <element href="assembly.xml#PutFetchLPError"/>
  </visualProperties>
  <visualProperties x="1046" y="-840">
    <element href="assembly.xml#SetIsCritical0"/>
  </visualProperties>
  <visualProperties x="-50" y="-73">
    <element href="assembly.xml#SetIsCritical1"/>
  </visualProperties>
  <visualProperties x="-58" y="-549">
    <element href="assembly.xml#SetIsCritical2"/>
  </visualProperties>
  <visualProperties x="553" y="3405">
    <element href="assembly.xml#CombineExcelInputFileData"/>
  </visualProperties>
  <visualProperties x="1108" y="3371">
    <element href="assembly.xml#PutReportExcelOutput"/>
  </visualProperties>
  <visualProperties x="470" y="3363">
    <element href="assembly.xml#PutCombinedInputfileData"/>
  </visualProperties>
  <visualProperties x="838" y="3516">
    <element href="assembly.xml#PutWorkdayOutputFile"/>
  </visualProperties>
  <visualProperties x="1365" y="-13">
    <element href="assembly.xml#IncreaseIndex"/>
  </visualProperties>
  <visualProperties x="1703" y="-149">
    <element href="assembly.xml#IncreaseIndex0"/>
  </visualProperties>
  <visualProperties x="1640" y="692">
    <element href="assembly.xml#IncreaseIndex1"/>
  </visualProperties>
  <visualProperties x="-59" y="60">
    <element href="assembly.xml#CreateErrorParams20"/>
  </visualProperties>
  <visualProperties x="-38" y="506">
    <element href="assembly.xml#CreateErrorParams0"/>
  </visualProperties>
  <visualProperties x="-226" y="935">
    <element href="assembly.xml#CreateErrorParams10"/>
  </visualProperties>
  <visualProperties x="3102" y="-153">
    <element href="assembly.xml#FetchCompanyCountry"/>
  </visualProperties>
  <visualProperties x="3290" y="-171">
    <element href="assembly.xml#GetCompanyCountry"/>
  </visualProperties>
  <visualProperties x="3135" y="266">
    <element href="assembly.xml#FetchCompanyCountry1"/>
  </visualProperties>
  <visualProperties x="3373" y="296">
    <element href="assembly.xml#GetCompanyCountry1"/>
  </visualProperties>
  <visualProperties x="3107" y="767">
    <element href="assembly.xml#FetchCompanyCountry2"/>
  </visualProperties>
  <visualProperties x="3346" y="808">
    <element href="assembly.xml#GetCompanyCountry2"/>
  </visualProperties>
  <visualProperties x="1248" y="126">
    <element href="assembly.xml#InputFileNotMatchingPattern"/>
  </visualProperties>
  <visualProperties x="25" y="-218">
    <element href="assembly.xml#Route2"/>
  </visualProperties>
  <visualProperties x="263" y="-111">
    <element href="assembly.xml#FileCount"/>
  </visualProperties>
  <visualProperties x="477" y="-63">
    <element href="assembly.xml#Route3"/>
  </visualProperties>
  <visualProperties x="813" y="-41">
    <element href="assembly.xml#GetHSAFileName"/>
  </visualProperties>
  <visualProperties x="2027" y="-700">
    <element href="assembly.xml#AsyncMediation"/>
  </visualProperties>
  <visualProperties x="5070" y="1006">
    <element href="assembly.xml#AsyncMediation0"/>
  </visualProperties>
  <visualProperties x="5278" y="1006">
    <element href="assembly.xml#Route4"/>
  </visualProperties>
  <visualProperties x="3698" y="1021">
    <element href="assembly.xml#AsyncMediation1"/>
  </visualProperties>
  <visualProperties x="3905" y="1098">
    <element href="assembly.xml#AsyncMediation2"/>
  </visualProperties>
  <connections type="routesTo" sourceAnchorX="0.7983193277310925" sourceAnchorY="1.0" targetAnchorX="0.26573426573426573" targetAnchorY="0.1875">
    <source href="assembly.xml#StartHere"/>
    <target href="assembly.xml#FetchAttributesAndLP"/>
  </connections>
  <connections type="routesTo" sourceAnchorX="0.6632653061224489" sourceAnchorY="1.0" targetAnchorX="0.18848167539267016" targetAnchorY="0.7837837837837838">
    <source href="assembly.xml#//@beans/@mixed.1/@mixed.9"/>
    <target href="assembly.xml#LogError"/>
  </connections>
  <connections type="routesResponseTo" sourceAnchorX="1.0" sourceAnchorY="0.7837837837837838" targetAnchorX="0.37423312883435583" targetAnchorY="0.2972972972972973">
    <source href="assembly.xml#LogError"/>
    <target href="assembly.xml#PutIntegrationEvent"/>
  </connections>
  <connections type="routesTo" sourceAnchorX="0.664179104477612" sourceAnchorY="1.0" targetAnchorX="0.1623931623931624" targetAnchorY="0.437125748502994">
    <source href="assembly.xml#RetrieveFile"/>
    <target href="assembly.xml#Route2"/>
  </connections>
  <connections type="routesTo" sourceAnchorX="0.0" sourceAnchorY="0.17708333333333334" targetAnchorX="0.09401709401709402" targetAnchorY="0.14634146341463414">
    <source href="assembly.xml#CalFileCount"/>
    <target href="assembly.xml#Route"/>
  </connections>
  <connections type="routesTo" sourceAnchorX="0.6923076923076923" sourceAnchorY="1.0" targetAnchorX="0.6754966887417219" targetAnchorY="0.11023622047244094">
    <source href="assembly.xml#//@beans/@mixed.1/@route.0/@subRoute.0"/>
    <target href="assembly.xml#GetInputFileNames"/>
  </connections>
  <connections type="routesTo" sourceAnchorX="1.0" sourceAnchorY="0.29133858267716534" targetAnchorX="0.4358974358974359" targetAnchorY="0.48502994011976047">
    <source href="assembly.xml#GetInputFileNames"/>
    <target href="assembly.xml#Route0"/>
  </connections>
  <connections type="routesTo" sourceAnchorX="0.9095477386934674" sourceAnchorY="1.0" targetAnchorX="0.4240506329113924" targetAnchorY="0.5405405405405406">
    <source href="assembly.xml#//@beans/@mixed.1/@route.1/@subRoute.1"/>
    <target href="assembly.xml#CallProcessUSNQAL"/>
  </connections>
  <connections type="routesTo" sourceAnchorX="0.6984924623115578" sourceAnchorY="1.0" targetAnchorX="0.5822784810126582" targetAnchorY="0.32432432432432434">
    <source href="assembly.xml#//@beans/@mixed.1/@route.1/@subRoute.0"/>
    <target href="assembly.xml#CallProcessUS401K"/>
  </connections>
  <connections type="routesResponseTo" sourceAnchorX="0.9166666666666666" sourceAnchorY="1.0" targetAnchorX="0.2411764705882353" targetAnchorY="0.35135135135135137">
    <source href="assembly.xml#CallRetrieveReport"/>
    <target href="assembly.xml#CallCreateOutput"/>
  </connections>
  <connections type="routesTo" sourceAnchorX="1.0" sourceAnchorY="0.1732283464566929" targetAnchorX="0.08" targetAnchorY="0.4864864864864865">
    <source href="assembly.xml#FetchAttributesAndLP"/>
    <target href="assembly.xml#CallValidateLP"/>
  </connections>
  <connections type="routesTo" sourceAnchorX="1.0" sourceAnchorY="0.4864864864864865" targetAnchorX="0.36423841059602646" targetAnchorY="0.5108695652173914">
    <source href="assembly.xml#CreateFinalOutputFile"/>
    <target href="assembly.xml#CombineFixedWidthInputFileData"/>
  </connections>
  <connections type="routesResponseTo" sourceAnchorX="0.8941176470588236" sourceAnchorY="1.0" targetAnchorX="0.01507537688442211" targetAnchorY="0.7297297297297297">
    <source href="assembly.xml#CallCreateOutput"/>
    <target href="assembly.xml#CallProcessInputFiles"/>
  </connections>
  <connections type="routesResponseTo" sourceAnchorX="0.864321608040201" sourceAnchorY="1.0" targetAnchorX="0.3291139240506329" targetAnchorY="0.5945945945945946">
    <source href="assembly.xml#CallProcessInputFiles"/>
    <target href="assembly.xml#CallCreateFinalOutput"/>
  </connections>
  <connections type="routesTo" sourceAnchorX="0.6335403726708074" sourceAnchorY="1.0" targetAnchorX="0.24334600760456274" targetAnchorY="0.5945945945945946">
    <source href="assembly.xml#//@beans/@mixed.1/@mixed.35/@mixed.3"/>
    <target href="assembly.xml#PutErrorWhileCombiningOutput"/>
  </connections>
  <connections type="routesResponseTo" sourceAnchorX="0.44" sourceAnchorY="1.0" targetAnchorX="0.26229508196721313" targetAnchorY="0.6486486486486487">
    <source href="assembly.xml#CallValidateLP"/>
    <target href="assembly.xml#CallRetrieveMappingInputFIle"/>
  </connections>
  <connections type="routesTo" sourceAnchorX="1.0" sourceAnchorY="0.14960629921259844" targetAnchorX="0.7089201877934272" targetAnchorY="0.1891891891891892">
    <source href="assembly.xml#CombineFixedWidthInputFileData"/>
    <target href="assembly.xml#PutCombinedInputfileData"/>
  </connections>
  <connections type="routesTo" sourceAnchorX="0.4169381107491857" sourceAnchorY="1.0" targetAnchorX="0.8745247148288974" targetAnchorY="0.24324324324324326">
    <source href="assembly.xml#//@beans/@mixed.1/@mixed.45/@mixed.3"/>
    <target href="assembly.xml#PutErrorWhileCombiningOutput"/>
  </connections>
  <connections type="routesTo" sourceAnchorX="0.6987951807228916" sourceAnchorY="1.0" targetAnchorX="0.0728476821192053" targetAnchorY="0.6847826086956522">
    <source href="assembly.xml#ProcessMapping"/>
    <target href="assembly.xml#CreateHashMaps"/>
  </connections>
  <connections type="routesTo" sourceAnchorX="1.0" sourceAnchorY="0.25" targetAnchorX="0.15384615384615385" targetAnchorY="0.25748502994011974">
    <source href="assembly.xml#CreateHashMaps"/>
    <target href="assembly.xml#Route1"/>
  </connections>
  <connections type="routesTo" sourceAnchorX="0.7432432432432432" sourceAnchorY="1.0" targetAnchorX="0.5539906103286385" targetAnchorY="0.32432432432432434">
    <source href="assembly.xml#//@beans/@mixed.1/@mixed.51/@mixed.3"/>
    <target href="assembly.xml#PutIntegrationMessage2"/>
  </connections>
  <connections type="routesTo" sourceAnchorX="0.7553648068669528" sourceAnchorY="1.0" targetAnchorX="0.108" targetAnchorY="0.7083333333333334">
    <source href="assembly.xml#//@beans/@mixed.1/@route.2/@subRoute.0"/>
    <target href="assembly.xml#Process_AUTO_MATCH_ACCT"/>
  </connections>
  <connections type="routesTo" sourceAnchorX="0.3133047210300429" sourceAnchorY="1.0" targetAnchorX="0.07357859531772576" targetAnchorY="0.16666666666666666">
    <source href="assembly.xml#//@beans/@mixed.1/@route.2/@subRoute.1"/>
    <target href="assembly.xml#Process_AUTO_MATCH_ACCT_CO_P"/>
  </connections>
  <connections type="routesTo" sourceAnchorX="0.45064377682403434" sourceAnchorY="1.0" targetAnchorX="0.1729957805907173" targetAnchorY="0.16666666666666666">
    <source href="assembly.xml#//@beans/@mixed.1/@route.2/@subRoute.2"/>
    <target href="assembly.xml#Process_AUTO_MATCH_ACCT_INPU"/>
  </connections>
  <connections type="routesTo" sourceAnchorX="0.0" sourceAnchorY="0.9411764705882353" targetAnchorX="0.0" targetAnchorY="0.13541666666666666">
    <source href="assembly.xml#//@beans/@mixed.1/@route.2/@subRoute.3"/>
    <target href="assembly.xml#Process_EMPL_STAT_ACCT"/>
  </connections>
  <connections type="routesTo">
    <source href="assembly.xml#//@beans/@mixed.1/@route.2/@subRoute.5"/>
    <target href="assembly.xml#Process_IMatch_Account"/>
  </connections>
  <connections type="routesTo" sourceAnchorX="0.8269230769230769" sourceAnchorY="1.0" targetAnchorX="0.3576158940397351" targetAnchorY="0.2391304347826087">
    <source href="assembly.xml#//@beans/@mixed.1/@splitter.0/@subRoute.0"/>
    <target href="assembly.xml#Save_AUTO_MATCH_ACCT_Val"/>
  </connections>
  <connections type="routesTo" sourceAnchorX="1.0" sourceAnchorY="0.22916666666666666" targetAnchorX="0.19658119658119658" targetAnchorY="0.2926829268292683">
    <source href="assembly.xml#Process_AUTO_MATCH_ACCT"/>
    <target href="assembly.xml#Splitter"/>
  </connections>
  <connections type="routesTo" sourceAnchorX="1.0" sourceAnchorY="0.22916666666666666" targetAnchorX="0.4700854700854701" targetAnchorY="0.5692307692307692">
    <source href="assembly.xml#Process_AUTO_MATCH_ACCT_CO_P"/>
    <target href="assembly.xml#Splitter0"/>
  </connections>
  <connections type="routesTo" sourceAnchorX="0.7596153846153846" sourceAnchorY="1.0" targetAnchorX="0.41721854304635764" targetAnchorY="0.05434782608695652">
    <source href="assembly.xml#//@beans/@mixed.1/@splitter.1/@subRoute.0"/>
    <target href="assembly.xml#Sav_AUTO_MATCH_ACCT_CO_Pe"/>
  </connections>
  <connections type="routesTo" sourceAnchorX="0.5769230769230769" sourceAnchorY="1.0" targetAnchorX="0.2847682119205298" targetAnchorY="0.6847826086956522">
    <source href="assembly.xml#//@beans/@mixed.1/@splitter.2/@subRoute.0"/>
    <target href="assembly.xml#Save_AUTO_MATCH_ACCT_INPU"/>
  </connections>
  <connections type="routesTo" sourceAnchorX="1.0" sourceAnchorY="0.2708333333333333" targetAnchorX="0.19658119658119658" targetAnchorY="0.3170731707317073">
    <source href="assembly.xml#Process_AUTO_MATCH_ACCT_INPU"/>
    <target href="assembly.xml#Splitter1"/>
  </connections>
  <connections type="routesTo" sourceAnchorX="1.0" sourceAnchorY="0.3541666666666667" targetAnchorX="0.7350427350427351" targetAnchorY="0.5846153846153846">
    <source href="assembly.xml#Process_EMPL_STAT_ACCT"/>
    <target href="assembly.xml#Splitter2"/>
  </connections>
  <connections type="routesTo" sourceAnchorX="0.8269230769230769" sourceAnchorY="1.0" targetAnchorX="0.1986754966887417" targetAnchorY="0.6739130434782609">
    <source href="assembly.xml#//@beans/@mixed.1/@splitter.3/@subRoute.0"/>
    <target href="assembly.xml#Save_EMPL_STAT_ACCT"/>
  </connections>
  <connections type="routesTo">
    <source href="assembly.xml#//@beans/@mixed.1/@route.2/@subRoute.4"/>
    <target href="assembly.xml#Process_INPUT_SUM_ACCT"/>
  </connections>
  <connections type="routesTo" sourceAnchorX="0.8461538461538461" sourceAnchorY="1.0" targetAnchorX="0.2185430463576159" targetAnchorY="0.6739130434782609">
    <source href="assembly.xml#Process401KFile"/>
    <target href="assembly.xml#CreateOutput401K"/>
  </connections>
  <connections type="routesTo" sourceAnchorX="0.7133757961783439" sourceAnchorY="1.0" targetAnchorX="0.38967136150234744" targetAnchorY="0.8918918918918919">
    <source href="assembly.xml#//@beans/@mixed.1/@mixed.93/@mixed.3"/>
    <target href="assembly.xml#PutInputFileProcessingError"/>
  </connections>
  <connections type="routesTo" sourceAnchorX="0.8461538461538461" sourceAnchorY="1.0" targetAnchorX="0.2185430463576159" targetAnchorY="0.6739130434782609">
    <source href="assembly.xml#ProcessHSA"/>
    <target href="assembly.xml#CreateOutputHSA"/>
  </connections>
  <connections type="routesTo" sourceAnchorX="0.506578947368421" sourceAnchorY="1.0" targetAnchorX="0.29107981220657275" targetAnchorY="0.24324324324324326">
    <source href="assembly.xml#//@beans/@mixed.1/@mixed.89/@mixed.3"/>
    <target href="assembly.xml#PutInputFileProcessingError"/>
  </connections>
  <connections type="routesTo" sourceAnchorX="0.24074074074074073" sourceAnchorY="1.0" targetAnchorX="0.7276995305164319" targetAnchorY="0.32432432432432434">
    <source href="assembly.xml#//@beans/@mixed.1/@mixed.83/@mixed.3"/>
    <target href="assembly.xml#PutInputFileProcessingError"/>
  </connections>
  <connections type="routesTo" sourceAnchorX="0.8461538461538461" sourceAnchorY="1.0" targetAnchorX="0.2185430463576159" targetAnchorY="0.6739130434782609">
    <source href="assembly.xml#ProcessNQAL"/>
    <target href="assembly.xml#CreateOutputNQAL"/>
  </connections>
  <connections type="routesTo" sourceAnchorX="0.6442307692307693" sourceAnchorY="1.0" targetAnchorX="0.1456953642384106" targetAnchorY="0.3804347826086957">
    <source href="assembly.xml#//@beans/@mixed.1/@splitter.5/@subRoute.0"/>
    <target href="assembly.xml#Save_IMatch_Account"/>
  </connections>
  <connections type="routesTo" sourceAnchorX="0.5673076923076923" sourceAnchorY="1.0" targetAnchorX="0.15894039735099338" targetAnchorY="0.6956521739130435">
    <source href="assembly.xml#//@beans/@mixed.1/@splitter.4/@subRoute.0"/>
    <target href="assembly.xml#Save_INPUT_SUM_ACCT"/>
  </connections>
  <connections type="routesTo" sourceAnchorX="0.5564516129032258" sourceAnchorY="1.0" targetAnchorX="0.38497652582159625" targetAnchorY="0.35135135135135137">
    <source href="assembly.xml#//@beans/@mixed.1/@mixed.69/@mixed.3"/>
    <target href="assembly.xml#PutErrorWhileProcessMappingFile"/>
  </connections>
  <connections type="routesTo" sourceAnchorX="0.5833333333333334" sourceAnchorY="1.0" targetAnchorX="0.39792387543252594" targetAnchorY="0.4864864864864865">
    <source href="assembly.xml#//@beans/@mixed.1/@mixed.73/@mixed.3"/>
    <target href="assembly.xml#PutErrorWhileProcessMappingFile0"/>
  </connections>
  <connections type="routesTo" sourceAnchorX="1.0" sourceAnchorY="0.2125984251968504" targetAnchorX="0.3076923076923077" targetAnchorY="0.4695121951219512">
    <source href="assembly.xml#Process_INPUT_SUM_ACCT"/>
    <target href="assembly.xml#Splitter3"/>
  </connections>
  <connections type="routesTo" sourceAnchorX="1.0" sourceAnchorY="0.15748031496062992" targetAnchorX="0.21367521367521367" targetAnchorY="0.36585365853658536">
    <source href="assembly.xml#Process_IMatch_Account"/>
    <target href="assembly.xml#Splitter4"/>
  </connections>
  <connections type="routesTo" sourceAnchorX="1.0" sourceAnchorY="0.14173228346456693" targetAnchorX="0.42735042735042733" targetAnchorY="0.5153846153846153">
    <source href="assembly.xml#Process_AM_BMOFG_US_NQAL"/>
    <target href="assembly.xml#SplitNQALFile"/>
  </connections>
  <connections type="routesTo" sourceAnchorX="1.0" sourceAnchorY="0.7058823529411765" targetAnchorX="0.2847682119205298" targetAnchorY="0.75">
    <source href="assembly.xml#//@beans/@mixed.1/@splitter.6/@subRoute.0"/>
    <target href="assembly.xml#CreateGetWorkerRequest"/>
  </connections>
  <connections type="routesTo" sourceAnchorX="1.0" sourceAnchorY="0.18110236220472442" targetAnchorX="0.22279792746113988" targetAnchorY="0.10810810810810811">
    <source href="assembly.xml#CreateGetWorkerRequest"/>
    <target href="assembly.xml#GetWorkerPayGroup"/>
  </connections>
  <connections type="routesResponseTo" sourceAnchorX="0.844559585492228" sourceAnchorY="1.0" targetAnchorX="0.024875621890547265" targetAnchorY="0.5208333333333334">
    <source href="assembly.xml#GetWorkerPayGroup"/>
    <target href="assembly.xml#FetchCompanyCountry1"/>
  </connections>
  <connections type="routesTo" sourceAnchorX="0.7327586206896551" sourceAnchorY="1.0" targetAnchorX="0.5695364238410596" targetAnchorY="0.2608695652173913">
    <source href="assembly.xml#//@beans/@mixed.1/@mixed.109/@mixed.3"/>
    <target href="assembly.xml#CreateErrorParams"/>
  </connections>
  <connections type="routesTo" sourceAnchorX="0.5497076023391813" sourceAnchorY="1.0" targetAnchorX="0.5886075949367089" targetAnchorY="0.43243243243243246">
    <source href="assembly.xml#CreateErrorParams"/>
    <target href="assembly.xml#CallErrorLog"/>
  </connections>
  <connections type="routesResponseTo" sourceAnchorX="0.8606965174129353" sourceAnchorY="1.0" targetAnchorX="0.5364238410596026" targetAnchorY="0.5434782608695652">
    <source href="assembly.xml#CallCreateFinalOutput"/>
    <target href="assembly.xml#SetErrorLogAggParams"/>
  </connections>
  <connections type="routesTo" sourceAnchorX="1.0" sourceAnchorY="0.21875" targetAnchorX="0.3227848101265823" targetAnchorY="0.35135135135135137">
    <source href="assembly.xml#SetErrorLogAggParams"/>
    <target href="assembly.xml#CallAggregateErrorLog"/>
  </connections>
  <connections type="routesTo" sourceAnchorX="0.22929936305732485" sourceAnchorY="1.0" targetAnchorX="0.49162011173184356" targetAnchorY="0.4791666666666667">
    <source href="assembly.xml#//@beans/@mixed.1/@mixed.113/@mixed.3"/>
    <target href="assembly.xml#CreateErrorParams0"/>
  </connections>
  <connections type="routesTo" sourceAnchorX="1.0" sourceAnchorY="0.15748031496062992" targetAnchorX="0.4628099173553719" targetAnchorY="0.2972972972972973">
    <source href="assembly.xml#ProcessResponse"/>
    <target href="assembly.xml#Aggregator0"/>
  </connections>
  <connections type="routesTo" sourceAnchorX="1.0" sourceAnchorY="0.18867924528301888" targetAnchorX="0.2052980132450331" targetAnchorY="0.41304347826086957">
    <source href="assembly.xml#Aggregator0"/>
    <target href="assembly.xml#FilteredNQALInput"/>
  </connections>
  <connections type="routesTo" sourceAnchorX="0.8148148148148148" sourceAnchorY="1.0" targetAnchorX="0.13793103448275862" targetAnchorY="0.6509433962264151">
    <source href="assembly.xml#AggregateNQAL"/>
    <target href="assembly.xml#Aggregator0"/>
  </connections>
  <connections type="routesTo" sourceAnchorX="1.0" sourceAnchorY="0.16535433070866143" targetAnchorX="0.24786324786324787" targetAnchorY="0.3170731707317073">
    <source href="assembly.xml#Process_BMOFG_US_HSA"/>
    <target href="assembly.xml#SplitHSAFile"/>
  </connections>
  <connections type="routesTo" sourceAnchorX="0.5363636363636364" sourceAnchorY="1.0" targetAnchorX="0.5144508670520231" targetAnchorY="0.24324324324324326">
    <source href="assembly.xml#CreateGetWorkerRequest1"/>
    <target href="assembly.xml#GetWorkerPayGroup1"/>
  </connections>
  <connections type="routesTo" sourceAnchorX="0.676056338028169" sourceAnchorY="1.0" targetAnchorX="0.6927374301675978" targetAnchorY="0.3229166666666667">
    <source href="assembly.xml#//@beans/@mixed.1/@mixed.131/@mixed.3"/>
    <target href="assembly.xml#CreateErrorParams1"/>
  </connections>
  <connections type="routesTo" sourceAnchorX="1.0" sourceAnchorY="0.17708333333333334" targetAnchorX="0.4421768707482993" targetAnchorY="0.6486486486486487">
    <source href="assembly.xml#CreateErrorParams1"/>
    <target href="assembly.xml#CallErrorLog1"/>
  </connections>
  <connections type="routesResponseTo" sourceAnchorX="0.7611940298507462" sourceAnchorY="1.0" targetAnchorX="0.03980099502487562" targetAnchorY="0.4094488188976378">
    <source href="assembly.xml#GetWorkerPayGroup1"/>
    <target href="assembly.xml#FetchCompanyCountry2"/>
  </connections>
  <connections type="routesTo" sourceAnchorX="0.0" sourceAnchorY="0.26666666666666666" targetAnchorX="0.3315508021390374" targetAnchorY="0.4270833333333333">
    <source href="assembly.xml#//@beans/@mixed.1/@mixed.139/@mixed.3"/>
    <target href="assembly.xml#CreateErrorParams10"/>
  </connections>
  <connections type="routesTo" sourceAnchorX="1.0" sourceAnchorY="0.3490566037735849" targetAnchorX="0.2913907284768212" targetAnchorY="0.5729166666666666">
    <source href="assembly.xml#Aggregator1"/>
    <target href="assembly.xml#FilteredHSAInput"/>
  </connections>
  <connections type="routesResponseTo" sourceAnchorX="0.8023952095808383" sourceAnchorY="1.0" targetAnchorX="0.4050632911392405" targetAnchorY="0.24324324324324326">
    <source href="assembly.xml#CallRetrieveFiles"/>
    <target href="assembly.xml#CallAggregateFilterInput"/>
  </connections>
  <connections type="routesResponseTo" sourceAnchorX="0.7721518987341772" sourceAnchorY="1.0" targetAnchorX="0.3443708609271523" targetAnchorY="0.05434782608695652">
    <source href="assembly.xml#CallAggregateFilterInput"/>
    <target href="assembly.xml#ConvertListsToString"/>
  </connections>
  <connections type="routesTo" sourceAnchorX="1.0" sourceAnchorY="0.15748031496062992" targetAnchorX="0.10919540229885058" targetAnchorY="0.8679245283018868">
    <source href="assembly.xml#ProcessResponse1"/>
    <target href="assembly.xml#Aggregator1"/>
  </connections>
  <connections type="routesTo" sourceAnchorX="0.6644736842105263" sourceAnchorY="1.0" targetAnchorX="0.22988505747126436" targetAnchorY="0.330188679245283">
    <source href="assembly.xml#AggregateHSA"/>
    <target href="assembly.xml#Aggregator1"/>
  </connections>
  <connections type="routesTo" sourceAnchorX="1.0" sourceAnchorY="0.2204724409448819" targetAnchorX="0.4188034188034188" targetAnchorY="0.36153846153846153">
    <source href="assembly.xml#Process_AM_BMOFG_US_401K"/>
    <target href="assembly.xml#Split401KFile"/>
  </connections>
  <connections type="routesTo" sourceAnchorX="0.7884615384615384" sourceAnchorY="1.0" targetAnchorX="0.10909090909090909" targetAnchorY="0.7717391304347826">
    <source href="assembly.xml#//@beans/@mixed.1/@splitter.8/@subRoute.0"/>
    <target href="assembly.xml#CreateGetWorkerRequest2"/>
  </connections>
  <connections type="routesTo" sourceAnchorX="0.49765258215962443" sourceAnchorY="1.0" targetAnchorX="0.6821192052980133" targetAnchorY="0.32608695652173914">
    <source href="assembly.xml#//@beans/@mixed.1/@mixed.151/@mixed.3"/>
    <target href="assembly.xml#CreateErrorParams2"/>
  </connections>
  <connections type="routesTo" sourceAnchorX="0.0" sourceAnchorY="0.31521739130434784" targetAnchorX="0.2789115646258503" targetAnchorY="0.21621621621621623">
    <source href="assembly.xml#CreateErrorParams2"/>
    <target href="assembly.xml#CallErrorLog2"/>
  </connections>
  <connections type="routesTo" sourceAnchorX="1.0" sourceAnchorY="0.2283464566929134" targetAnchorX="0.18407960199004975" targetAnchorY="0.8648648648648649">
    <source href="assembly.xml#CreateGetWorkerRequest2"/>
    <target href="assembly.xml#GetWorkerPayGroup2"/>
  </connections>
  <connections type="routesResponseTo" sourceAnchorX="0.8009950248756219" sourceAnchorY="1.0" targetAnchorX="0.24475524475524477" targetAnchorY="0.71875">
    <source href="assembly.xml#GetWorkerPayGroup2"/>
    <target href="assembly.xml#FetchCompanyCountry"/>
  </connections>
  <connections type="routesTo">
    <source href="assembly.xml#ProcessResponse2"/>
    <target href="assembly.xml#Aggregator2"/>
  </connections>
  <connections type="routesTo" sourceAnchorX="0.46703296703296704" sourceAnchorY="1.0" targetAnchorX="0.3305785123966942" targetAnchorY="0.32432432432432434">
    <source href="assembly.xml#Aggregate401K"/>
    <target href="assembly.xml#Aggregator2"/>
  </connections>
  <connections type="routesTo" sourceAnchorX="1.0" sourceAnchorY="0.33962264150943394" targetAnchorX="0.31125827814569534" targetAnchorY="0.3804347826086957">
    <source href="assembly.xml#Aggregator2"/>
    <target href="assembly.xml#Filtered401KInput"/>
  </connections>
  <connections type="routesTo" sourceAnchorX="1.0" sourceAnchorY="0.7666666666666667" targetAnchorX="0.30976430976430974" targetAnchorY="0.4594594594594595">
    <source href="assembly.xml#//@beans/@mixed.1/@mixed.77/@mixed.3"/>
    <target href="assembly.xml#PutErrorWhileProcessMappingFile00"/>
  </connections>
  <connections type="routesTo" sourceAnchorX="0.5339805825242718" sourceAnchorY="1.0" targetAnchorX="0.26885245901639343" targetAnchorY="0.2972972972972973">
    <source href="assembly.xml#//@beans/@mixed.1/@mixed.81/@mixed.3"/>
    <target href="assembly.xml#PutErrorWhileProcessMappingFile000"/>
  </connections>
  <connections type="routesTo" sourceAnchorX="0.375609756097561" sourceAnchorY="1.0" targetAnchorX="0.2262295081967213" targetAnchorY="0.5135135135135135">
    <source href="assembly.xml#//@beans/@mixed.1/@mixed.99/@mixed.3"/>
    <target href="assembly.xml#PutErrorWhileProcessMappingFile001"/>
  </connections>
  <connections type="routesTo" sourceAnchorX="0.6480446927374302" sourceAnchorY="1.0" targetAnchorX="0.2754098360655738" targetAnchorY="0.40540540540540543">
    <source href="assembly.xml#//@beans/@mixed.1/@mixed.103/@mixed.3"/>
    <target href="assembly.xml#PutErrorWhileProcessMappingFile002"/>
  </connections>
  <connections type="routesTo" sourceAnchorX="0.8353909465020576" sourceAnchorY="1.0" targetAnchorX="0.35231316725978645" targetAnchorY="0.4594594594594595">
    <source href="assembly.xml#//@beans/@mixed.1/@mixed.53/@mixed.3"/>
    <target href="assembly.xml#PutErrorWhileProcessMappingFile"/>
  </connections>
  <connections type="routesTo" sourceAnchorX="0.702054794520548" sourceAnchorY="1.0" targetAnchorX="0.44982698961937717" targetAnchorY="0.5675675675675675">
    <source href="assembly.xml#//@beans/@mixed.1/@mixed.55/@mixed.3"/>
    <target href="assembly.xml#PutErrorWhileProcessMappingFile0"/>
  </connections>
  <connections type="routesTo" sourceAnchorX="1.0" sourceAnchorY="0.8" targetAnchorX="0.16161616161616163" targetAnchorY="0.32432432432432434">
    <source href="assembly.xml#//@beans/@mixed.1/@mixed.57/@mixed.3"/>
    <target href="assembly.xml#PutErrorWhileProcessMappingFile00"/>
  </connections>
  <connections type="routesTo" sourceAnchorX="0.8304347826086956" sourceAnchorY="1.0" targetAnchorX="0.1737704918032787" targetAnchorY="0.40540540540540543">
    <source href="assembly.xml#//@beans/@mixed.1/@mixed.59/@mixed.3"/>
    <target href="assembly.xml#PutErrorWhileProcessMappingFile000"/>
  </connections>
  <connections type="routesTo" sourceAnchorX="0.774468085106383" sourceAnchorY="1.0" targetAnchorX="0.1377049180327869" targetAnchorY="0.5675675675675675">
    <source href="assembly.xml#//@beans/@mixed.1/@mixed.61/@mixed.3"/>
    <target href="assembly.xml#PutErrorWhileProcessMappingFile001"/>
  </connections>
  <connections type="routesTo" sourceAnchorX="0.8032128514056225" sourceAnchorY="1.0" targetAnchorX="0.10163934426229508" targetAnchorY="0.8108108108108109">
    <source href="assembly.xml#//@beans/@mixed.1/@mixed.63/@mixed.3"/>
    <target href="assembly.xml#PutErrorWhileProcessMappingFile002"/>
  </connections>
  <connections type="routesTo" sourceAnchorX="0.8152610441767069" sourceAnchorY="1.0" targetAnchorX="0.5574712643678161" targetAnchorY="0.08108108108108109">
    <source href="assembly.xml#//@beans/@mixed.1/@mixed.23/@mixed.3"/>
    <target href="assembly.xml#PutInputFIleError0"/>
  </connections>
  <connections type="routesTo" sourceAnchorX="0.5866141732283464" sourceAnchorY="1.0" targetAnchorX="0.3626373626373626" targetAnchorY="0.1891891891891892">
    <source href="assembly.xml#//@beans/@mixed.1/@mixed.25/@mixed.3"/>
    <target href="assembly.xml#PutInputFIleError00"/>
  </connections>
  <connections type="routesTo" sourceAnchorX="0.9707112970711297" sourceAnchorY="1.0" targetAnchorX="0.4421052631578947" targetAnchorY="0.43243243243243246">
    <source href="assembly.xml#//@beans/@mixed.1/@mixed.27/@mixed.3"/>
    <target href="assembly.xml#PutInputFIleError000"/>
  </connections>
  <connections type="routesTo" sourceAnchorX="0.904" sourceAnchorY="1.0" targetAnchorX="0.2119205298013245" targetAnchorY="0.7065217391304348">
    <source href="assembly.xml#ValidateLP"/>
    <target href="assembly.xml#CreateXML"/>
  </connections>
  <connections type="routesTo" sourceAnchorX="1.0" sourceAnchorY="0.14960629921259844" targetAnchorX="0.42735042735042733" targetAnchorY="0.5923076923076923">
    <source href="assembly.xml#CreateXML"/>
    <target href="assembly.xml#SplitImatchLP"/>
  </connections>
  <connections type="routesTo" sourceAnchorX="0.7207792207792207" sourceAnchorY="1.0" targetAnchorX="0.475" targetAnchorY="0.08695652173913043">
    <source href="assembly.xml#//@beans/@mixed.1/@mixed.191/@mixed.3"/>
    <target href="assembly.xml#SetIsCritical"/>
  </connections>
  <connections type="routesTo" sourceAnchorX="0.0" sourceAnchorY="0.29347826086956524" targetAnchorX="0.3148148148148148" targetAnchorY="0.40540540540540543">
    <source href="assembly.xml#SetIsCritical"/>
    <target href="assembly.xml#PutCriticalErrorMessage"/>
  </connections>
  <connections type="routesTo" sourceAnchorX="0.2248062015503876" sourceAnchorY="1.0" targetAnchorX="0.8333333333333334" targetAnchorY="0.16304347826086957">
    <source href="assembly.xml#//@beans/@mixed.1/@mixed.183/@mixed.3"/>
    <target href="assembly.xml#SetIsCritical"/>
  </connections>
  <connections type="routesTo" sourceAnchorX="0.4789915966386555" sourceAnchorY="1.0" targetAnchorX="0.47019867549668876" targetAnchorY="0.5217391304347826">
    <source href="assembly.xml#//@beans/@mixed.1/@splitter.9/@subRoute.0"/>
    <target href="assembly.xml#ValidateImatch"/>
  </connections>
  <connections type="routesTo" sourceAnchorX="0.784688995215311" sourceAnchorY="1.0" targetAnchorX="0.3888888888888889" targetAnchorY="0.5729166666666666">
    <source href="assembly.xml#AggrgateFilterInputFiles"/>
    <target href="assembly.xml#SetFilterInputAggParams"/>
  </connections>
  <connections type="routesTo" sourceAnchorX="1.0" sourceAnchorY="0.19791666666666666" targetAnchorX="0.2192513368983957" targetAnchorY="0.3783783783783784">
    <source href="assembly.xml#SetFilterInputAggParams"/>
    <target href="assembly.xml#CallNQALAggregate"/>
  </connections>
  <connections type="routesResponseTo" sourceAnchorX="0.7914438502673797" sourceAnchorY="1.0" targetAnchorX="0.13291139240506328" targetAnchorY="0.9459459459459459">
    <source href="assembly.xml#CallNQALAggregate"/>
    <target href="assembly.xml#CallAggregateHSA"/>
  </connections>
  <connections type="routesResponseTo" sourceAnchorX="0.8305084745762712" sourceAnchorY="1.0" targetAnchorX="0.4810126582278481" targetAnchorY="0.0">
    <source href="assembly.xml#CallAggregateHSA"/>
    <target href="assembly.xml#CallAggregate401K"/>
  </connections>
  <connections type="routesTo" sourceAnchorX="0.6015037593984962" sourceAnchorY="1.0" targetAnchorX="0.6158940397350994" targetAnchorY="0.75">
    <source href="assembly.xml#RetrieveReport"/>
    <target href="assembly.xml#FetchError"/>
  </connections>
  <connections type="routesTo" sourceAnchorX="1.0" sourceAnchorY="0.25" targetAnchorX="0.20555555555555555" targetAnchorY="0.5135135135135135">
    <source href="assembly.xml#FetchError"/>
    <target href="assembly.xml#CallINT0051Report"/>
  </connections>
  <connections type="routesTo" sourceAnchorX="0.638095238095238" sourceAnchorY="1.0" targetAnchorX="0.3286384976525822" targetAnchorY="0.35135135135135137">
    <source href="assembly.xml#//@beans/@mixed.1/@mixed.211/@mixed.3"/>
    <target href="assembly.xml#PutErrorMessage"/>
  </connections>
  <connections type="routesResponseTo" sourceAnchorX="0.7611111111111111" sourceAnchorY="1.0" targetAnchorX="0.5933333333333334">
    <source href="assembly.xml#CallINT0051Report"/>
    <target href="assembly.xml#SaveReportData"/>
  </connections>
  <connections type="routesTo" sourceAnchorX="0.8137931034482758" sourceAnchorY="1.0" targetAnchorX="0.3146853146853147">
    <source href="assembly.xml#CreateOutput"/>
    <target href="assembly.xml#CreateCSVOutput"/>
  </connections>
  <connections type="routesTo" sourceAnchorX="1.0" sourceAnchorY="0.1889763779527559" targetAnchorX="0.5180722891566265" targetAnchorY="0.4881889763779528">
    <source href="assembly.xml#CreateCSVOutput"/>
    <target href="assembly.xml#CreateExcelOutput"/>
  </connections>
  <connections type="routesTo" sourceAnchorX="0.7352941176470589" sourceAnchorY="1.0" targetAnchorX="0.47417840375586856" targetAnchorY="0.4864864864864865">
    <source href="assembly.xml#//@beans/@mixed.1/@mixed.219/@mixed.3"/>
    <target href="assembly.xml#PutIntegrationMessage1"/>
  </connections>
  <connections type="routesTo" sourceAnchorX="0.0" sourceAnchorY="0.7" targetAnchorX="0.7699530516431925" targetAnchorY="0.32432432432432434">
    <source href="assembly.xml#//@beans/@mixed.1/@mixed.215/@mixed.3"/>
    <target href="assembly.xml#PutIntegrationMessage1"/>
  </connections>
  <connections type="routesTo" sourceAnchorX="0.9137931034482759" sourceAnchorY="1.0" targetAnchorX="0.13245033112582782" targetAnchorY="0.2391304347826087">
    <source href="assembly.xml#ProcessInputFiles"/>
    <target href="assembly.xml#CatchErrors"/>
  </connections>
  <connections type="routesTo" sourceAnchorX="1.0" sourceAnchorY="0.16304347826086957" targetAnchorX="0.2982456140350877" targetAnchorY="0.43243243243243246">
    <source href="assembly.xml#CatchErrors"/>
    <target href="assembly.xml#CallProcess401K"/>
  </connections>
  <connections type="routesTo" sourceAnchorX="0.5478260869565217" sourceAnchorY="1.0" targetAnchorX="0.37089201877934275" targetAnchorY="0.40540540540540543">
    <source href="assembly.xml#//@beans/@mixed.1/@mixed.231/@mixed.3"/>
    <target href="assembly.xml#PutDownstreamErrors"/>
  </connections>
  <connections type="routesResponseTo" sourceAnchorX="0.9415204678362573" sourceAnchorY="1.0" targetAnchorX="0.42168674698795183" targetAnchorY="0.35135135135135137">
    <source href="assembly.xml#CallProcess401K"/>
    <target href="assembly.xml#CallProcessHSA"/>
  </connections>
  <connections type="routesResponseTo" sourceAnchorX="0.9337349397590361" sourceAnchorY="1.0" targetAnchorX="0.2215909090909091" targetAnchorY="0.3783783783783784">
    <source href="assembly.xml#CallProcessHSA"/>
    <target href="assembly.xml#CallProcessNQAL"/>
  </connections>
  <connections type="routesTo" sourceAnchorX="0.762962962962963" sourceAnchorY="1.0" targetAnchorX="0.39072847682119205" targetAnchorY="0.7391304347826086">
    <source href="assembly.xml#ErrorLog"/>
    <target href="assembly.xml#CreateError"/>
  </connections>
  <connections type="routesTo" sourceAnchorX="1.0" sourceAnchorY="0.28125" targetAnchorX="0.3185840707964602" targetAnchorY="0.5135135135135135">
    <source href="assembly.xml#CreateError"/>
    <target href="assembly.xml#Aggregator"/>
  </connections>
  <connections type="routesTo" sourceAnchorX="0.6666666666666666" sourceAnchorY="1.0" targetAnchorX="0.43846153846153846" targetAnchorY="0.41509433962264153">
    <source href="assembly.xml#AggregateErrorLog"/>
    <target href="assembly.xml#Aggregator"/>
  </connections>
  <connections type="routesTo" sourceAnchorX="1.0" sourceAnchorY="0.25471698113207547" targetAnchorX="0.271523178807947" targetAnchorY="0.3804347826086957">
    <source href="assembly.xml#Aggregator"/>
    <target href="assembly.xml#StoreErrorLog"/>
  </connections>
  <connections type="routesTo" sourceAnchorX="1.0" sourceAnchorY="0.2391304347826087" targetAnchorX="0.6111111111111112" targetAnchorY="0.40540540540540543">
    <source href="assembly.xml#ConvertListsToString"/>
    <target href="assembly.xml#CallRetrieveReport"/>
  </connections>
  <connections type="routesTo" sourceAnchorX="0.6265060240963856" sourceAnchorY="1.0" targetAnchorX="0.02734375" targetAnchorY="0.5039370078740157">
    <source href="assembly.xml#ProcessUS401K"/>
    <target href="assembly.xml#Process_AM_BMOFG_US_401K"/>
  </connections>
  <connections type="routesTo" sourceAnchorX="0.8654970760233918" sourceAnchorY="1.0" targetAnchorX="0.13793103448275862" targetAnchorY="0.5039370078740157">
    <source href="assembly.xml#ProcessUSNQAL"/>
    <target href="assembly.xml#Process_AM_BMOFG_US_NQAL"/>
  </connections>
  <connections type="routesTo" sourceAnchorX="0.4968944099378882" sourceAnchorY="1.0" targetAnchorX="0.06504065040650407" targetAnchorY="0.5511811023622047">
    <source href="assembly.xml#ProcessUSHSA"/>
    <target href="assembly.xml#Process_BMOFG_US_HSA"/>
  </connections>
  <connections type="routesTo" sourceAnchorX="0.5210084033613446" sourceAnchorY="1.0" targetAnchorX="0.46875" targetAnchorY="0.59375">
    <source href="assembly.xml#//@beans/@mixed.1/@mixed.17/@mixed.3"/>
    <target href="assembly.xml#SetIsCritical1"/>
  </connections>
  <connections type="routesTo" sourceAnchorX="0.6221198156682027" sourceAnchorY="1.0" targetAnchorX="0.6146341463414634" targetAnchorY="0.32432432432432434">
    <source href="assembly.xml#//@beans/@mixed.1/@mixed.13/@mixed.3"/>
    <target href="assembly.xml#PutIntegrationMessage"/>
  </connections>
  <connections type="routesTo" sourceAnchorX="0.8401826484018264" sourceAnchorY="1.0" targetAnchorX="0.11578947368421053" targetAnchorY="0.45528455284552843">
    <source href="assembly.xml#RetrieveMappingInputFIle"/>
    <target href="assembly.xml#Process_Mapping_File"/>
  </connections>
  <connections type="routesTo" sourceAnchorX="1.0" sourceAnchorY="0.4117647058823529" targetAnchorX="0.27972027972027974" targetAnchorY="0.3333333333333333">
    <source href="assembly.xml#//@beans/@mixed.1/@route.3/@subRoute.0"/>
    <target href="assembly.xml#AsyncMediation"/>
  </connections>
  <connections type="routesTo" sourceAnchorX="1.0" sourceAnchorY="0.22826086956521738" targetAnchorX="0.18674698795180722" targetAnchorY="0.38414634146341464">
    <source href="assembly.xml#FetchFileCount"/>
    <target href="assembly.xml#Route_MappingFile"/>
  </connections>
  <connections type="routesTo" sourceAnchorX="0.35467980295566504" sourceAnchorY="1.0" targetAnchorX="0.34375" targetAnchorY="0.3229166666666667">
    <source href="assembly.xml#//@beans/@mixed.1/@mixed.267/@mixed.3"/>
    <target href="assembly.xml#SetIsCritical0"/>
  </connections>
  <connections type="routesTo" sourceAnchorX="1.0" sourceAnchorY="0.25" targetAnchorX="0.10471204188481675" targetAnchorY="0.6216216216216216">
    <source href="assembly.xml#Process_Mapping_File"/>
    <target href="assembly.xml#CallProcessMapping"/>
  </connections>
  <connections type="routesTo" sourceAnchorX="0.6338797814207651" sourceAnchorY="1.0" targetAnchorX="0.04216867469879518" targetAnchorY="0.918918918918919">
    <source href="assembly.xml#//@beans/@mixed.1/@mixed.275/@mixed.3"/>
    <target href="assembly.xml#PutInputFIleError1"/>
  </connections>
  <connections type="routesResponseTo" sourceAnchorX="0.3975409836065574" sourceAnchorY="1.0" targetAnchorX="0.49101796407185627" targetAnchorY="0.24324324324324326">
    <source href="assembly.xml#CallRetrieveMappingInputFIle"/>
    <target href="assembly.xml#CallRetrieveFiles"/>
  </connections>
  <connections type="routesTo" sourceAnchorX="0.29690721649484536" sourceAnchorY="1.0" targetAnchorX="0.3984375" targetAnchorY="0.5104166666666666">
    <source href="assembly.xml#//@beans/@mixed.1/@mixed.3/@mixed.3"/>
    <target href="assembly.xml#SetIsCritical2"/>
  </connections>
  <connections type="routesTo" sourceAnchorX="1.0" sourceAnchorY="0.3333333333333333" targetAnchorX="0.4780701754385965" targetAnchorY="0.7027027027027027">
    <source href="assembly.xml#SetIsCritical0"/>
    <target href="assembly.xml#PutMappingFileNameError"/>
  </connections>
  <connections type="routesTo" sourceAnchorX="0.0" sourceAnchorY="0.19791666666666666" targetAnchorX="0.43169398907103823" targetAnchorY="0.2702702702702703">
    <source href="assembly.xml#SetIsCritical1"/>
    <target href="assembly.xml#NoOutputFileFound"/>
  </connections>
  <connections type="routesTo" sourceAnchorX="0.0" sourceAnchorY="0.22916666666666666" targetAnchorX="0.4251497005988024" targetAnchorY="0.5405405405405406">
    <source href="assembly.xml#SetIsCritical2"/>
    <target href="assembly.xml#PutFetchLPError"/>
  </connections>
  <connections type="routesTo" sourceAnchorX="1.0" sourceAnchorY="0.14173228346456693" targetAnchorX="0.755868544600939" targetAnchorY="0.32432432432432434">
    <source href="assembly.xml#PutReportOutput"/>
    <target href="assembly.xml#PutWorkdayOutputFile"/>
  </connections>
  <connections type="routesResponseTo" sourceAnchorX="0.8169014084507042" sourceAnchorY="1.0" targetAnchorX="0.17289719626168223" targetAnchorY="0.8541666666666666">
    <source href="assembly.xml#PutCombinedInputfileData"/>
    <target href="assembly.xml#CombineExcelInputFileData"/>
  </connections>
  <connections type="routesTo" sourceAnchorX="1.0" sourceAnchorY="0.28125" targetAnchorX="0.3684210526315789" targetAnchorY="0.5984251968503937">
    <source href="assembly.xml#CombineExcelInputFileData"/>
    <target href="assembly.xml#PutReportOutput"/>
  </connections>
  <connections type="routesResponseTo" sourceAnchorX="0.7981220657276995" sourceAnchorY="1.0" targetAnchorX="0.1822429906542056" targetAnchorY="0.65625">
    <source href="assembly.xml#PutWorkdayOutputFile"/>
    <target href="assembly.xml#PutReportExcelOutput"/>
  </connections>
  <connections type="routesTo" sourceAnchorX="0.2222222222222222" sourceAnchorY="1.0" targetAnchorX="0.7832699619771863" targetAnchorY="0.5675675675675675">
    <source href="assembly.xml#//@beans/@mixed.1/@mixed.287/@mixed.3"/>
    <target href="assembly.xml#PutErrorWhileCombiningOutput"/>
  </connections>
  <connections type="routesTo" sourceAnchorX="0.1497584541062802" sourceAnchorY="1.0" targetAnchorX="0.8403041825095057" targetAnchorY="0.32432432432432434">
    <source href="assembly.xml#//@beans/@mixed.1/@mixed.289/@mixed.3"/>
    <target href="assembly.xml#PutErrorWhileCombiningOutput"/>
  </connections>
  <connections type="routesResponseTo" sourceAnchorX="0.5026178010471204" sourceAnchorY="1.0" targetAnchorX="0.7832167832167832" targetAnchorY="0.782608695652174">
    <source href="assembly.xml#CallProcessUS401K"/>
    <target href="assembly.xml#IncreaseIndex"/>
  </connections>
  <connections type="routesResponseTo" sourceAnchorX="0.5053763440860215" sourceAnchorY="1.0" targetAnchorX="0.44285714285714284" targetAnchorY="0.4583333333333333">
    <source href="assembly.xml#CallProcessUSHSA"/>
    <target href="assembly.xml#IncreaseIndex1"/>
  </connections>
  <connections type="routesResponseTo" sourceAnchorX="0.5051020408163265" sourceAnchorY="1.0" targetAnchorX="0.2571428571428571" targetAnchorY="0.5520833333333334">
    <source href="assembly.xml#CallProcessUSNQAL"/>
    <target href="assembly.xml#IncreaseIndex0"/>
  </connections>
  <connections type="routesTo" sourceAnchorX="0.468503937007874" sourceAnchorY="1.0" targetAnchorX="0.6149732620320856" targetAnchorY="0.40625">
    <source href="assembly.xml#//@beans/@mixed.1/@mixed.159/@mixed.3"/>
    <target href="assembly.xml#CreateErrorParams20"/>
  </connections>
  <connections type="routesTo" sourceAnchorX="0.5187165775401069" sourceAnchorY="1.0" targetAnchorX="0.7074829931972789" targetAnchorY="0.43243243243243246">
    <source href="assembly.xml#CreateErrorParams20"/>
    <target href="assembly.xml#CallErrorLog2"/>
  </connections>
  <connections type="routesTo" sourceAnchorX="0.0" sourceAnchorY="0.21875" targetAnchorX="0.7122302158273381" targetAnchorY="0.35135135135135137">
    <source href="assembly.xml#CreateErrorParams0"/>
    <target href="assembly.xml#CallErrorLog"/>
  </connections>
  <connections type="routesTo" sourceAnchorX="0.0" sourceAnchorY="0.2916666666666667" targetAnchorX="0.8435374149659864" targetAnchorY="0.24324324324324326">
    <source href="assembly.xml#CreateErrorParams10"/>
    <target href="assembly.xml#CallErrorLog1"/>
  </connections>
  <connections type="routesTo" sourceAnchorX="1.0" sourceAnchorY="0.3125" targetAnchorX="0.2823529411764706" targetAnchorY="0.35135135135135137">
    <source href="assembly.xml#FetchCompanyCountry"/>
    <target href="assembly.xml#GetCompanyCountry"/>
  </connections>
  <connections type="routesResponseTo" sourceAnchorX="0.6411764705882353" sourceAnchorY="1.0" targetAnchorX="0.08018867924528301" targetAnchorY="0.5511811023622047">
    <source href="assembly.xml#GetCompanyCountry"/>
    <target href="assembly.xml#ProcessResponse2"/>
  </connections>
  <connections type="routesTo" sourceAnchorX="0.12365591397849462" sourceAnchorY="1.0" targetAnchorX="0.6871508379888268" targetAnchorY="0.1875">
    <source href="assembly.xml#//@beans/@mixed.1/@mixed.307/@mixed.3"/>
    <target href="assembly.xml#CreateErrorParams2"/>
  </connections>
  <connections type="routesTo" sourceAnchorX="0.48756218905472637" sourceAnchorY="1.0" targetAnchorX="0.07920792079207921" targetAnchorY="0.4864864864864865">
    <source href="assembly.xml#FetchCompanyCountry1"/>
    <target href="assembly.xml#GetCompanyCountry1"/>
  </connections>
  <connections type="routesTo" sourceAnchorX="0.15463917525773196" sourceAnchorY="1.0" targetAnchorX="0.7777777777777778" targetAnchorY="0.21875">
    <source href="assembly.xml#//@beans/@mixed.1/@mixed.311/@mixed.3"/>
    <target href="assembly.xml#CreateErrorParams"/>
  </connections>
  <connections type="routesResponseTo" sourceAnchorX="0.8663366336633663" sourceAnchorY="1.0" targetAnchorX="0.06707317073170732" targetAnchorY="0.4881889763779528">
    <source href="assembly.xml#GetCompanyCountry1"/>
    <target href="assembly.xml#ProcessResponse"/>
  </connections>
  <connections type="routesTo" sourceAnchorX="0.07731958762886598" sourceAnchorY="1.0" targetAnchorX="0.7150837988826816" targetAnchorY="0.59375">
    <source href="assembly.xml#//@beans/@mixed.1/@mixed.315/@mixed.3"/>
    <target href="assembly.xml#CreateErrorParams1"/>
  </connections>
  <connections type="routesTo" sourceAnchorX="1.0" sourceAnchorY="0.1889763779527559" targetAnchorX="0.21287128712871287" targetAnchorY="0.40540540540540543">
    <source href="assembly.xml#FetchCompanyCountry2"/>
    <target href="assembly.xml#GetCompanyCountry2"/>
  </connections>
  <connections type="routesResponseTo" sourceAnchorX="0.8168316831683168" sourceAnchorY="1.0" targetAnchorX="0.04739336492890995" targetAnchorY="0.25984251968503935">
    <source href="assembly.xml#GetCompanyCountry2"/>
    <target href="assembly.xml#ProcessResponse1"/>
  </connections>
  <connections type="routesTo" sourceAnchorX="0.271356783919598" sourceAnchorY="1.0" targetAnchorX="0.460093896713615" targetAnchorY="0.8918918918918919">
    <source href="assembly.xml#//@beans/@mixed.1/@route.1/@subRoute.2"/>
    <target href="assembly.xml#InputFileNotMatchingPattern"/>
  </connections>
  <connections type="routesTo" sourceAnchorX="0.8157894736842105" sourceAnchorY="1.0" targetAnchorX="0.09004739336492891" targetAnchorY="0.31496062992125984">
    <source href="assembly.xml#//@beans/@mixed.1/@route.4/@subRoute.0"/>
    <target href="assembly.xml#CalFileCount"/>
  </connections>
  <connections type="routesTo" sourceAnchorX="0.4342105263157895" sourceAnchorY="1.0" targetAnchorX="0.2517482517482518" targetAnchorY="0.4891304347826087">
    <source href="assembly.xml#//@beans/@mixed.1/@route.4/@subRoute.1"/>
    <target href="assembly.xml#FileCount"/>
  </connections>
  <connections type="routesTo" sourceAnchorX="0.5882352941176471" sourceAnchorY="1.0" targetAnchorX="0.21875" targetAnchorY="0.3020833333333333">
    <source href="assembly.xml#//@beans/@mixed.1/@mixed.323/@mixed.3"/>
    <target href="assembly.xml#SetIsCritical1"/>
  </connections>
  <connections type="routesTo" sourceAnchorX="0.5961538461538461" sourceAnchorY="1.0" targetAnchorX="0.09090909090909091" targetAnchorY="0.44565217391304346">
    <source href="assembly.xml#//@beans/@mixed.1/@route.5/@subRoute.0"/>
    <target href="assembly.xml#GetHSAFileName"/>
  </connections>
  <connections type="routesTo" sourceAnchorX="1.0" sourceAnchorY="0.14173228346456693" targetAnchorX="0.3247863247863248" targetAnchorY="0.6036585365853658">
    <source href="assembly.xml#FileCount"/>
    <target href="assembly.xml#Route3"/>
  </connections>
  <connections type="routesTo" sourceAnchorX="0.19852941176470587" sourceAnchorY="1.0" targetAnchorX="0.35121951219512193" targetAnchorY="0.3783783783783784">
    <source href="assembly.xml#//@beans/@mixed.1/@mixed.327/@mixed.3"/>
    <target href="assembly.xml#PutIntegrationMessage"/>
  </connections>
  <connections type="routesTo" sourceAnchorX="1.0" sourceAnchorY="0.16535433070866143" targetAnchorX="0.04838709677419355" targetAnchorY="0.5405405405405406">
    <source href="assembly.xml#GetHSAFileName"/>
    <target href="assembly.xml#CallProcessUSHSA"/>
  </connections>
  <connections type="routesTo" sourceAnchorX="1.0" sourceAnchorY="0.8529411764705882" targetAnchorX="0.07303370786516854" targetAnchorY="0.5652173913043478">
    <source href="assembly.xml#//@beans/@mixed.1/@splitter.7/@subRoute.0"/>
    <target href="assembly.xml#AsyncMediation0"/>
  </connections>
  <connections type="routesTo" sourceAnchorX="1.0" sourceAnchorY="0.11224489795918367" targetAnchorX="0.08333333333333333" targetAnchorY="0.2711864406779661">
    <source href="assembly.xml#AsyncMediation0"/>
    <target href="assembly.xml#Route4"/>
  </connections>
  <connections type="routesTo" sourceAnchorX="0.959349593495935" sourceAnchorY="1.0" targetAnchorX="0.028089887640449437" targetAnchorY="0.4897959183673469">
    <source href="assembly.xml#//@beans/@mixed.1/@route.6/@subRoute.0"/>
    <target href="assembly.xml#AsyncMediation1"/>
  </connections>
  <connections type="routesTo" sourceAnchorX="1.0" sourceAnchorY="0.35294117647058826" targetAnchorX="0.1404494382022472" targetAnchorY="0.6847826086956522">
    <source href="assembly.xml#//@beans/@mixed.1/@route.6/@subRoute.1"/>
    <target href="assembly.xml#AsyncMediation2"/>
  </connections>
  <connections type="routesTo" sourceAnchorX="1.0" sourceAnchorY="0.16326530612244897" targetAnchorX="0.11153846153846154" targetAnchorY="0.689922480620155">
    <source href="assembly.xml#AsyncMediation2"/>
    <target href="assembly.xml#CreateGetWorkerRequest1"/>
  </connections>
  <swimlanes x="-616" y="-721" name="Main Assembly" description="This is the main assembly and integration process the data further from this point.&#xD;&#xA;Fetches the launch parameters and attributes and  calls different subassemblies on the basis of conditions." orientation="VERTICAL">
    <elements href="assembly.xml#StartHere"/>
    <elements href="#//@swimlanes.1"/>
    <elements href="assembly.xml#CallValidateLP"/>
    <elements href="assembly.xml#CallRetrieveMappingInputFIle"/>
    <elements href="assembly.xml#CallRetrieveFiles"/>
    <elements href="assembly.xml#CallAggregateFilterInput"/>
    <elements href="assembly.xml#ConvertListsToString"/>
    <elements href="assembly.xml#CallRetrieveReport"/>
    <elements href="assembly.xml#CallCreateOutput"/>
    <elements href="assembly.xml#CallProcessInputFiles"/>
    <elements href="assembly.xml#CallCreateFinalOutput"/>
    <elements href="assembly.xml#SetErrorLogAggParams"/>
    <elements href="assembly.xml#CallAggregateErrorLog"/>
  </swimlanes>
  <swimlanes x="269" y="196" name="Initialize" orientation="VERTICAL">
    <elements href="assembly.xml#FetchAttributesAndLP"/>
    <elements href="assembly.xml#SetIsCritical2"/>
    <elements href="assembly.xml#PutFetchLPError"/>
  </swimlanes>
  <swimlanes x="-616" y="-864" font="Arial|9|1" bgColor="14671839" fgColor="255" fontColor="1" name="Global Error Handler" description="Handling the global errors if any occurs." topBorderColor="255">
    <elements href="assembly.xml#//@beans/@mixed.1/@mixed.9"/>
    <elements href="assembly.xml#LogError"/>
    <elements href="assembly.xml#PutIntegrationEvent"/>
  </swimlanes>
  <swimlanes font="Arial|9|3" bgColor="8421631" fontColor="1" name="NoFileFound" orientation="VERTICAL">
    <elements href="assembly.xml#SetIsCritical1"/>
    <elements href="assembly.xml#NoOutputFileFound"/>
  </swimlanes>
  <swimlanes name="Router" orientation="VERTICAL">
    <elements href="assembly.xml#Route"/>
    <elements href="assembly.xml#Route3"/>
    <elements href="#//@swimlanes.3"/>
  </swimlanes>
  <swimlanes name="File Retrieval" orientation="VERTICAL" alignment="MIDDLE">
    <elements href="assembly.xml#GetInputFileNames"/>
    <elements href="assembly.xml#PutIntegrationMessage"/>
    <elements href="assembly.xml#GetHSAFileName"/>
  </swimlanes>
  <swimlanes x="-117" y="-328" font="Arial|9|1" fgColor="16711680" fontColor="1" name="RETRIEVE INPUT FILES" description="This Subassembly fetchs the 3 input files from SFTP location and process further.&#xD;&#xA;if not fild any input file on SFTP location then completes the event with error.&#xD;&#xA;&#xD;&#xA;This contains the route to process eatch input file by calling the sub assembly. also fetches fiew details (Pay group, company) from workday for each employee from the input file.&#xD;&#xA;If employee does not exist in workday then it creates a entry in error log too.&#xD;&#xA;After validation the employee existance in workday and fetching the pay group, company details fro workday it creates xml file (that contains the deatils from input file and details frm workday like pay group and company).&#xD;&#xA;These xml files uses further while creating the output file.">
    <elements href="assembly.xml#RetrieveFile"/>
    <elements href="assembly.xml#Route2"/>
    <elements href="#//@swimlanes.45"/>
    <elements href="#//@swimlanes.4"/>
    <elements href="#//@swimlanes.5"/>
    <elements href="#//@swimlanes.46"/>
    <elements href="#//@swimlanes.7"/>
  </swimlanes>
  <swimlanes x="1339" y="580" orientation="VERTICAL">
    <elements href="#//@swimlanes.26"/>
    <elements href="assembly.xml#InputFileNotMatchingPattern"/>
    <elements href="#//@swimlanes.24"/>
    <elements href="#//@swimlanes.27"/>
  </swimlanes>
  <swimlanes x="-125" y="2314" name="Create the final output files (combinitng the output created from input files and output created from workday data)" description="This Sub Assembly Combines the outputs (output that contains workday data and output that contains input file data) and creates two final output files (text and excel)">
    <elements href="assembly.xml#CreateFinalOutputFile"/>
    <elements href="#//@swimlanes.9"/>
    <elements href="assembly.xml#PutCombinedInputfileData"/>
    <elements href="assembly.xml#CombineExcelInputFileData"/>
    <elements href="assembly.xml#PutReportOutput"/>
    <elements href="assembly.xml#PutWorkdayOutputFile"/>
    <elements href="assembly.xml#PutReportExcelOutput"/>
  </swimlanes>
  <swimlanes x="306" y="2563" name="Swimlane" orientation="VERTICAL">
    <elements href="assembly.xml#CombineFixedWidthInputFileData"/>
    <elements href="assembly.xml#PutErrorWhileCombiningOutput"/>
  </swimlanes>
  <swimlanes x="1614" y="1238" name="Swimlane">
    <elements href="assembly.xml#ProcessMapping"/>
    <elements href="#//@swimlanes.18"/>
    <elements href="#//@swimlanes.23"/>
    <elements href="#//@swimlanes.11"/>
  </swimlanes>
  <swimlanes x="633" y="1519" name="Swimlane" orientation="VERTICAL" elements="//@swimlanes.12 //@swimlanes.13 //@swimlanes.14 //@swimlanes.15 //@swimlanes.16 //@swimlanes.17"/>
  <swimlanes x="680" y="1502" name="Swimlane">
    <elements href="assembly.xml#Process_AUTO_MATCH_ACCT"/>
    <elements href="assembly.xml#Splitter"/>
    <elements href="assembly.xml#Save_AUTO_MATCH_ACCT_Val"/>
    <elements href="assembly.xml#PutErrorWhileProcessMappingFile"/>
  </swimlanes>
  <swimlanes x="679" y="1571" name="Swimlane">
    <elements href="assembly.xml#Process_AUTO_MATCH_ACCT_CO_P"/>
    <elements href="assembly.xml#Splitter0"/>
    <elements href="assembly.xml#Sav_AUTO_MATCH_ACCT_CO_Pe"/>
    <elements href="assembly.xml#PutErrorWhileProcessMappingFile0"/>
  </swimlanes>
  <swimlanes x="718" y="1657" name="Swimlane">
    <elements href="assembly.xml#Process_AUTO_MATCH_ACCT_INPU"/>
    <elements href="assembly.xml#Splitter1"/>
    <elements href="assembly.xml#Save_AUTO_MATCH_ACCT_INPU"/>
    <elements href="assembly.xml#PutErrorWhileProcessMappingFile00"/>
  </swimlanes>
  <swimlanes x="668" y="1744" name="Swimlane">
    <elements href="assembly.xml#Process_EMPL_STAT_ACCT"/>
    <elements href="assembly.xml#Splitter2"/>
    <elements href="assembly.xml#Save_EMPL_STAT_ACCT"/>
    <elements href="assembly.xml#PutErrorWhileProcessMappingFile000"/>
  </swimlanes>
  <swimlanes x="703" y="1827" name="Swimlane">
    <elements href="assembly.xml#Process_INPUT_SUM_ACCT"/>
    <elements href="assembly.xml#Splitter3"/>
    <elements href="assembly.xml#Save_INPUT_SUM_ACCT"/>
    <elements href="assembly.xml#PutErrorWhileProcessMappingFile001"/>
  </swimlanes>
  <swimlanes x="680" y="1922" name="Swimlane">
    <elements href="assembly.xml#Process_IMatch_Account"/>
    <elements href="assembly.xml#Splitter4"/>
    <elements href="assembly.xml#Save_IMatch_Account"/>
    <elements href="assembly.xml#PutErrorWhileProcessMappingFile002"/>
  </swimlanes>
  <swimlanes x="218" y="1513" name="Swimlane" orientation="VERTICAL">
    <elements href="assembly.xml#CreateHashMaps"/>
    <elements href="assembly.xml#PutIntegrationMessage2"/>
  </swimlanes>
  <swimlanes name="Process 401k Input File" description="Process the 401K input file and store outputs (excel and text) in variables, those uses while creating final output files.">
    <elements href="assembly.xml#Process401KFile"/>
    <elements href="assembly.xml#CreateOutput401K"/>
  </swimlanes>
  <swimlanes name="Process HSA Input File" description="Process the HSA input file and store outputs (excel and text) in variables, those uses while creating final output files.">
    <elements href="assembly.xml#ProcessHSA"/>
    <elements href="assembly.xml#CreateOutputHSA"/>
  </swimlanes>
  <swimlanes name="Process NQAL Input File" description="Process the NQAL input file and store outputs (excel and text) in variables, those uses while creating final output files.">
    <elements href="assembly.xml#ProcessNQAL"/>
    <elements href="assembly.xml#CreateOutputNQAL"/>
  </swimlanes>
  <swimlanes x="-125" y="2888" name="Process Input Files" description="Process Each input file data and create output file (contains only input files data)&#xD;&#xA;This contains difefrent sub assembies (each related to a particular input files) those called on the basis of different conditions and save the output in variables those will be used while creating final output files.">
    <elements href="#//@swimlanes.19"/>
    <elements href="#//@swimlanes.20"/>
    <elements href="assembly.xml#PutInputFileProcessingError"/>
    <elements href="#//@swimlanes.21"/>
  </swimlanes>
  <swimlanes x="533" y="1474" name="Swimlane">
    <elements href="assembly.xml#Route1"/>
  </swimlanes>
  <swimlanes x="1451" y="962" name="Swimlane">
    <elements href="assembly.xml#CallProcessUSNQAL"/>
    <elements href="assembly.xml#IncreaseIndex0"/>
    <elements href="assembly.xml#ProcessUSNQAL"/>
    <elements href="assembly.xml#Process_AM_BMOFG_US_NQAL"/>
    <elements href="assembly.xml#PutInputFIleError00"/>
    <elements href="assembly.xml#SplitNQALFile"/>
    <elements href="#//@swimlanes.25"/>
    <elements href="assembly.xml#GetWorkerPayGroup"/>
    <elements href="assembly.xml#FetchCompanyCountry1"/>
    <elements href="assembly.xml#GetCompanyCountry1"/>
    <elements href="#//@swimlanes.43"/>
    <elements href="assembly.xml#AggregateNQAL"/>
    <elements href="assembly.xml#Aggregator0"/>
    <elements href="assembly.xml#FilteredNQALInput"/>
  </swimlanes>
  <swimlanes x="1795" y="1067" name="Swimlane" orientation="VERTICAL">
    <elements href="assembly.xml#CreateGetWorkerRequest"/>
    <elements href="assembly.xml#CreateErrorParams"/>
    <elements href="assembly.xml#CallErrorLog"/>
  </swimlanes>
  <swimlanes x="1470" y="799">
    <elements href="assembly.xml#CallProcessUS401K"/>
    <elements href="assembly.xml#IncreaseIndex"/>
    <elements href="assembly.xml#ProcessUS401K"/>
    <elements href="assembly.xml#Process_AM_BMOFG_US_401K"/>
    <elements href="assembly.xml#PutInputFIleError0"/>
    <elements href="assembly.xml#Split401KFile"/>
    <elements href="#//@swimlanes.29"/>
    <elements href="assembly.xml#GetWorkerPayGroup2"/>
    <elements href="assembly.xml#FetchCompanyCountry"/>
    <elements href="assembly.xml#GetCompanyCountry"/>
    <elements href="#//@swimlanes.42"/>
    <elements href="assembly.xml#Aggregate401K"/>
    <elements href="assembly.xml#Aggregator2"/>
    <elements href="assembly.xml#Filtered401KInput"/>
  </swimlanes>
  <swimlanes x="1599" y="809" name="Swimlane">
    <elements href="assembly.xml#CallProcessUSHSA"/>
    <elements href="assembly.xml#IncreaseIndex1"/>
    <elements href="assembly.xml#ProcessUSHSA"/>
    <elements href="assembly.xml#Process_BMOFG_US_HSA"/>
    <elements href="assembly.xml#PutInputFIleError000"/>
    <elements href="assembly.xml#SplitHSAFile"/>
    <elements href="assembly.xml#AsyncMediation0"/>
    <elements href="assembly.xml#Route4"/>
    <elements href="#//@swimlanes.28"/>
    <elements href="assembly.xml#GetWorkerPayGroup1"/>
    <elements href="#//@swimlanes.49"/>
    <elements href="assembly.xml#GetCompanyCountry2"/>
    <elements href="#//@swimlanes.44"/>
    <elements href="assembly.xml#AggregateHSA"/>
    <elements href="assembly.xml#Aggregator1"/>
    <elements href="assembly.xml#FilteredHSAInput"/>
  </swimlanes>
  <swimlanes x="1923" y="890" name="Swimlane" orientation="VERTICAL">
    <elements href="assembly.xml#AsyncMediation1"/>
    <elements href="#//@swimlanes.48"/>
  </swimlanes>
  <swimlanes x="1905" y="4" orientation="VERTICAL">
    <elements href="assembly.xml#CreateGetWorkerRequest2"/>
    <elements href="assembly.xml#CreateErrorParams2"/>
    <elements href="assembly.xml#CallErrorLog2"/>
  </swimlanes>
  <swimlanes orientation="VERTICAL">
    <elements href="assembly.xml#CreateXML"/>
    <elements href="assembly.xml#SetIsCritical"/>
    <elements href="assembly.xml#PutCriticalErrorMessage"/>
  </swimlanes>
  <swimlanes x="-12" y="-755" name="Validate Launch Parameters" description="This sub assembly validates the launch paramerts and generates the error message if not passes the validation conditions.&#xD;&#xA;i.e. - it checkes if user selected the correct frequnecy and associated imatch account&#xD;&#xA;imatch account should not be blank in launch params.">
    <elements href="assembly.xml#ValidateLP"/>
    <elements href="#//@swimlanes.30"/>
    <elements href="assembly.xml#SplitImatchLP"/>
    <elements href="assembly.xml#ValidateImatch"/>
  </swimlanes>
  <swimlanes x="-125" y="1249" name="Aggregate Input Files after filtering invalid employees" description="After Processing the input file data and creating the xml file this assembly aggregates those xml files. (each xml file represent associated one of three input files)">
    <elements href="assembly.xml#AggrgateFilterInputFiles"/>
    <elements href="assembly.xml#SetFilterInputAggParams"/>
    <elements href="assembly.xml#CallNQALAggregate"/>
    <elements href="assembly.xml#CallAggregateHSA"/>
    <elements href="assembly.xml#CallAggregate401K"/>
  </swimlanes>
  <swimlanes orientation="VERTICAL">
    <elements href="assembly.xml#FetchError"/>
    <elements href="assembly.xml#PutErrorMessage"/>
  </swimlanes>
  <swimlanes x="-125" y="1432" name="Run Report INT0051 Intellimatch" description="This subassmbly run the INT0051 Harris Payroll to GL Intellimatch Clearing Report on the basis of launch parametfers and save the output in variable for further processing. ">
    <elements href="assembly.xml#RetrieveReport"/>
    <elements href="#//@swimlanes.33"/>
    <elements href="assembly.xml#CallINT0051Report"/>
    <elements href="assembly.xml#SaveReportData"/>
  </swimlanes>
  <swimlanes orientation="VERTICAL">
    <elements href="assembly.xml#CreateCSVOutput"/>
    <elements href="assembly.xml#PutIntegrationMessage1"/>
  </swimlanes>
  <swimlanes x="-125" y="1770" name="Create output file from workday data" description="This Subassembly processes the data fetched from workday report (INT0051 intellimatch report) and save the output in different variables (for excel and text output files).&#xD;&#xA;Those variables will use later while combining the output files.">
    <elements href="assembly.xml#CreateOutput"/>
    <elements href="#//@swimlanes.35"/>
    <elements href="assembly.xml#CreateExcelOutput"/>
  </swimlanes>
  <swimlanes x="-125" y="2097" name="Create output file using the input file data" description="This Sub Assembly process the input files and this subassebly only processes if input file flag launch parameter is enabled. &#xD;&#xA;on the basis of different imatch account and frequency it call the different subassembly to process the correct input file.&#xD;&#xA;i.e. : if frequency is bi-weekly and imatch account is B-1B&#xD;&#xA;then it will process 401K and  NQAL input file">
    <elements href="assembly.xml#ProcessInputFiles"/>
    <elements href="assembly.xml#CatchErrors"/>
    <elements href="assembly.xml#PutDownstreamErrors"/>
    <elements href="assembly.xml#CallProcess401K"/>
    <elements href="assembly.xml#CallProcessHSA"/>
    <elements href="assembly.xml#CallProcessNQAL"/>
  </swimlanes>
  <swimlanes x="-125" y="2658" name="Creating Error Log" description="Combines all the errors and create a Error Log output file.">
    <elements href="assembly.xml#ErrorLog"/>
    <elements href="assembly.xml#CreateError"/>
    <elements href="assembly.xml#AggregateErrorLog"/>
    <elements href="assembly.xml#Aggregator"/>
    <elements href="assembly.xml#StoreErrorLog"/>
  </swimlanes>
  <swimlanes x="915" y="-805" name="Retrieve Mapping Input File" description="This sub assembly fetchs the INT0051 GL Account Mapping.xlsx mapping input file from SFTP location and call the other subassembly to further process this input file.&#xD;&#xA;If not find the input file then completes the integration with error. ">
    <elements href="assembly.xml#RetrieveMappingInputFIle"/>
    <elements href="#//@swimlanes.40"/>
    <elements href="assembly.xml#Route_MappingFile"/>
    <elements href="assembly.xml#AsyncMediation"/>
    <elements href="#//@swimlanes.41"/>
  </swimlanes>
  <swimlanes x="1460" y="-735" orientation="VERTICAL">
    <elements href="assembly.xml#FetchFileCount"/>
    <elements href="assembly.xml#SetIsCritical0"/>
    <elements href="assembly.xml#PutMappingFileNameError"/>
  </swimlanes>
  <swimlanes x="1884" y="-692">
    <elements href="#//@swimlanes.47"/>
    <elements href="assembly.xml#CallProcessMapping"/>
  </swimlanes>
  <swimlanes x="3131" y="-212" orientation="VERTICAL">
    <elements href="assembly.xml#ProcessResponse2"/>
    <elements href="assembly.xml#CreateErrorParams20"/>
  </swimlanes>
  <swimlanes x="3353" y="283" name="Swimlane" orientation="VERTICAL">
    <elements href="assembly.xml#ProcessResponse"/>
    <elements href="assembly.xml#CreateErrorParams0"/>
  </swimlanes>
  <swimlanes x="3112" y="715" name="Swimlane" orientation="VERTICAL">
    <elements href="assembly.xml#ProcessResponse1"/>
    <elements href="assembly.xml#CreateErrorParams10"/>
  </swimlanes>
  <swimlanes x="167" y="-301" name="Swimlane" orientation="VERTICAL">
    <elements href="assembly.xml#CalFileCount"/>
    <elements href="assembly.xml#FileCount"/>
  </swimlanes>
  <swimlanes x="1162" y="-214" name="Swimlane" orientation="VERTICAL">
    <elements href="assembly.xml#Route0"/>
  </swimlanes>
  <swimlanes x="1783" y="-720" name="Swimlane" orientation="VERTICAL">
    <elements href="assembly.xml#Process_Mapping_File"/>
    <elements href="assembly.xml#PutInputFIleError1"/>
  </swimlanes>
  <swimlanes x="3569" y="989" name="Swimlane">
    <elements href="assembly.xml#AsyncMediation2"/>
    <elements href="assembly.xml#CreateGetWorkerRequest1"/>
  </swimlanes>
  <swimlanes x="4339" y="862" name="Swimlane" orientation="VERTICAL">
    <elements href="assembly.xml#FetchCompanyCountry2"/>
    <elements href="assembly.xml#CreateErrorParams1"/>
    <elements href="assembly.xml#CallErrorLog1"/>
  </swimlanes>
</wdnm:Diagram>
