<?xml version="1.0" encoding="UTF-8"?>
<wdnm:Diagram xmlns:wdnm="http://workday.com/studio/editors/notation">
  <element href="assembly.xml#WorkdayAssembly"/>
  <visualProperties x="58" y="139">
    <element href="assembly.xml#StartHere"/>
  </visualProperties>
  <visualProperties x="544" y="76">
    <element href="assembly.xml#RetrieveFile"/>
  </visualProperties>
  <visualProperties x="717" y="152">
    <element href="assembly.xml#ProcessInboundFile"/>
  </visualProperties>
  <visualProperties x="739" y="296">
    <element href="assembly.xml#Retrieval-Error"/>
  </visualProperties>
  <visualProperties x="25" y="836">
    <element href="assembly.xml#GetProps"/>
  </visualProperties>
  <visualProperties x="964" y="197">
    <element href="assembly.xml#CallGetProps"/>
  </visualProperties>
  <visualProperties x="644" y="819">
    <element href="assembly.xml#Splitter"/>
  </visualProperties>
  <visualProperties x="776" y="888">
    <element href="assembly.xml#DeclareProps"/>
  </visualProperties>
  <visualProperties x="1029" y="887">
    <element href="assembly.xml#GetEEData"/>
  </visualProperties>
  <visualProperties x="1193" y="888">
    <element href="assembly.xml#GetResponse"/>
  </visualProperties>
  <visualProperties x="1525" y="923">
    <element href="assembly.xml#CallRetBen-Election"/>
  </visualProperties>
  <visualProperties x="434" y="652">
    <element href="assembly.xml#SplitOnEE"/>
  </visualProperties>
  <visualProperties x="467" y="842">
    <element href="assembly.xml#GetFullEECodes"/>
  </visualProperties>
  <visualProperties x="471" y="990">
    <element href="assembly.xml#Splitter1Error"/>
  </visualProperties>
  <visualProperties x="817" y="1036">
    <element href="assembly.xml#Splitter2Error"/>
  </visualProperties>
  <visualProperties x="1234" y="1036">
    <element href="assembly.xml#GetWorkersError"/>
  </visualProperties>
  <visualProperties x="419" y="139">
    <element href="assembly.xml#GetFile"/>
  </visualProperties>
  <visualProperties x="283" y="1110">
    <element href="assembly.xml#AmountORPercent"/>
  </visualProperties>
  <visualProperties x="883" y="1273">
    <element href="assembly.xml#ValidationMode"/>
  </visualProperties>
  <visualProperties x="513" y="1363">
    <element href="assembly.xml#ProcessPercentBasedProps"/>
  </visualProperties>
  <visualProperties x="1281" y="1257">
    <element href="assembly.xml#Response"/>
  </visualProperties>
  <visualProperties x="59" y="1270">
    <element href="assembly.xml#RetBen-Election"/>
  </visualProperties>
  <visualProperties x="1045" y="1302">
    <element href="assembly.xml#SubmitBenefitEnrollment"/>
  </visualProperties>
  <visualProperties x="513" y="1144">
    <element href="assembly.xml#ProcessAmountBasedProps"/>
  </visualProperties>
  <visualProperties x="242" y="1689">
    <element href="assembly.xml#WriteAuditRowSteps"/>
  </visualProperties>
  <visualProperties x="1257" y="1408">
    <element href="assembly.xml#call-ErrorGeneratorFromBen"/>
  </visualProperties>
  <visualProperties x="701" y="523">
    <element href="assembly.xml#BenPlanMap"/>
  </visualProperties>
  <visualProperties x="554" y="439">
    <element href="assembly.xml#SplitMaps"/>
  </visualProperties>
  <visualProperties x="259" y="465">
    <element href="assembly.xml#AttributeMaps"/>
  </visualProperties>
  <visualProperties x="206" y="139">
    <element href="assembly.xml#CallAttributeAndMaps"/>
  </visualProperties>
  <visualProperties x="70" y="502">
    <element href="assembly.xml#AttributeAndMaps"/>
  </visualProperties>
  <visualProperties x="610" y="1295">
    <element href="assembly.xml#CallAmtErrorLog"/>
  </visualProperties>
  <visualProperties x="2228" y="1302">
    <element href="assembly.xml#CallAuditLog"/>
  </visualProperties>
  <visualProperties x="612" y="1518">
    <element href="assembly.xml#CallPctErrorLog"/>
  </visualProperties>
  <visualProperties x="80" y="1718">
    <element href="assembly.xml#AuditLine"/>
  </visualProperties>
  <visualProperties x="464" y="1675">
    <element href="assembly.xml#AggAudit"/>
  </visualProperties>
  <visualProperties x="453" y="1607">
    <element href="assembly.xml#CloseAuditAgg"/>
  </visualProperties>
  <visualProperties x="242" y="1919">
    <element href="assembly.xml#WriteErrorRowSteps"/>
  </visualProperties>
  <visualProperties x="82" y="1948">
    <element href="assembly.xml#ErrorLine"/>
  </visualProperties>
  <visualProperties x="472" y="1848">
    <element href="assembly.xml#CloseErrorAgg"/>
  </visualProperties>
  <visualProperties x="478" y="1914">
    <element href="assembly.xml#AggError"/>
  </visualProperties>
  <visualProperties x="670" y="1680">
    <element href="assembly.xml#StoreAuditLog"/>
  </visualProperties>
  <visualProperties x="692" y="1910">
    <element href="assembly.xml#StoreErrorLog"/>
  </visualProperties>
  <visualProperties x="1143" y="197">
    <element href="assembly.xml#CallCloseAuditAgg"/>
  </visualProperties>
  <visualProperties x="1336" y="197">
    <element href="assembly.xml#CallCloseErrorLog"/>
  </visualProperties>
  <visualProperties x="1510" y="1257">
    <element href="assembly.xml#StopCDEMPE"/>
  </visualProperties>
  <visualProperties x="1774" y="1302">
    <element href="assembly.xml#SubmitStopCDEMPE"/>
  </visualProperties>
  <visualProperties x="1983" y="1257">
    <element href="assembly.xml#StopCDEMPEResponse"/>
  </visualProperties>
  <visualProperties x="1505" y="1408">
    <element href="assembly.xml#CallStopCDEMPEError"/>
  </visualProperties>
  <visualProperties x="1958" y="1408">
    <element href="assembly.xml#call-ErrorFromStopCDEMPE"/>
  </visualProperties>
  <visualProperties x="91" y="2060">
    <element href="assembly.xml#//@beans/@mixed.1/@mixed.103"/>
  </visualProperties>
  <visualProperties x="420" y="2060">
    <element href="assembly.xml#Note-Error"/>
  </visualProperties>
  <visualProperties x="288" y="1482">
    <element href="assembly.xml#Call-Calc-Error"/>
  </visualProperties>
  <visualProperties x="1844" y="1596">
    <element href="assembly.xml#ValidationMode0"/>
  </visualProperties>
  <visualProperties>
    <element href="assembly.xml#CheckRow"/>
  </visualProperties>
  <visualProperties>
    <element href="assembly.xml#PutIntegrationMessage"/>
  </visualProperties>
  <connections type="routesTo">
    <source href="assembly.xml#//@beans/@mixed.1/@mixed.5/@mixed.3"/>
    <target href="assembly.xml#Retrieval-Error"/>
  </connections>
  <connections type="routesTo">
    <source href="assembly.xml#//@beans/@mixed.1/@route.0/@subRoute.0"/>
    <target href="assembly.xml#ProcessInboundFile"/>
  </connections>
  <connections type="routesTo">
    <source href="assembly.xml#ProcessInboundFile"/>
    <target href="assembly.xml#CallGetProps"/>
  </connections>
  <connections type="routesTo">
    <source href="assembly.xml#//@beans/@mixed.1/@splitter.0/@subRoute.0"/>
    <target href="assembly.xml#DeclareProps"/>
  </connections>
  <connections type="routesTo">
    <source href="assembly.xml#//@beans/@mixed.1/@splitter.1/@subRoute.0"/>
    <target href="assembly.xml#GetFullEECodes"/>
  </connections>
  <connections type="routesTo">
    <source href="assembly.xml#GetFullEECodes"/>
    <target href="assembly.xml#Splitter"/>
  </connections>
  <connections type="routesTo">
    <source href="assembly.xml#//@beans/@mixed.1/@mixed.25/@mixed.3"/>
    <target href="assembly.xml#Splitter1Error"/>
  </connections>
  <connections type="routesTo">
    <source href="assembly.xml#//@beans/@mixed.1/@mixed.15/@mixed.3"/>
    <target href="assembly.xml#Splitter2Error"/>
  </connections>
  <connections type="routesResponseTo">
    <source href="assembly.xml#GetFile"/>
    <target href="assembly.xml#RetrieveFile"/>
  </connections>
  <connections type="routesTo">
    <source href="assembly.xml#ValidationMode"/>
    <target href="assembly.xml#SubmitBenefitEnrollment"/>
  </connections>
  <connections type="routesTo">
    <source href="assembly.xml#ProcessPercentBasedProps"/>
    <target href="assembly.xml#ValidationMode"/>
    <bendpoints sourceX="259" sourceY="4" targetY="113"/>
  </connections>
  <connections type="routesTo">
    <source href="assembly.xml#ProcessAmountBasedProps"/>
    <target href="assembly.xml#ValidationMode"/>
    <bendpoints sourceX="258" sourceY="3" targetX="-1" targetY="-104"/>
  </connections>
  <connections type="routesResponseTo">
    <source href="assembly.xml#SubmitBenefitEnrollment"/>
    <target href="assembly.xml#Response"/>
  </connections>
  <connections type="routesTo">
    <source href="assembly.xml#//@beans/@mixed.1/@mixed.41/@mixed.3"/>
    <target href="assembly.xml#call-ErrorGeneratorFromBen"/>
  </connections>
  <connections type="routesTo">
    <source href="assembly.xml#//@beans/@mixed.1/@splitter.2/@subRoute.0"/>
    <target href="assembly.xml#BenPlanMap"/>
  </connections>
  <connections type="routesTo">
    <source href="assembly.xml#AttributeAndMaps"/>
    <target href="assembly.xml#AttributeMaps"/>
  </connections>
  <connections type="routesTo">
    <source href="assembly.xml#StartHere"/>
    <target href="assembly.xml#CallAttributeAndMaps"/>
  </connections>
  <connections type="routesTo">
    <source href="assembly.xml#//@beans/@mixed.1/@mixed.19/@mixed.3"/>
    <target href="assembly.xml#GetWorkersError"/>
  </connections>
  <connections type="routesTo" sourceAnchorX="0.5294117647058824" sourceAnchorY="1.0" targetAnchorX="0.07987220447284345" targetAnchorY="0.49606299212598426">
    <source href="assembly.xml#//@beans/@mixed.1/@route.1/@subRoute.0"/>
    <target href="assembly.xml#ProcessAmountBasedProps"/>
    <bendpoints sourceX="114" sourceY="-1" targetX="-73" targetY="119"/>
    <bendpoints sourceX="114" sourceY="-161" targetX="-59" targetY="1"/>
  </connections>
  <connections type="routesTo" sourceAnchorX="0.7189542483660131" sourceAnchorY="1.0" targetAnchorX="0.24281150159744408" targetAnchorY="0.6062992125984252">
    <source href="assembly.xml#//@beans/@mixed.1/@route.1/@subRoute.1"/>
    <target href="assembly.xml#ProcessPercentBasedProps"/>
    <bendpoints sourceX="90" sourceY="-1" targetX="-113" targetY="-35"/>
    <bendpoints sourceX="86" sourceY="75" targetX="-115" targetY="2"/>
  </connections>
  <connections type="routesTo">
    <source href="assembly.xml#RetBen-Election"/>
    <target href="assembly.xml#AmountORPercent"/>
  </connections>
  <connections type="routesTo">
    <source href="assembly.xml#AuditLine"/>
    <target href="assembly.xml#WriteAuditRowSteps"/>
  </connections>
  <connections type="routesTo">
    <source href="assembly.xml#WriteAuditRowSteps"/>
    <target href="assembly.xml#AggAudit"/>
  </connections>
  <connections type="routesTo">
    <source href="assembly.xml#CloseAuditAgg"/>
    <target href="assembly.xml#AggAudit"/>
  </connections>
  <connections type="routesTo">
    <source href="assembly.xml#WriteErrorRowSteps"/>
    <target href="assembly.xml#AggError"/>
  </connections>
  <connections type="routesTo">
    <source href="assembly.xml#ErrorLine"/>
    <target href="assembly.xml#WriteErrorRowSteps"/>
  </connections>
  <connections type="routesTo">
    <source href="assembly.xml#CloseErrorAgg"/>
    <target href="assembly.xml#AggError"/>
  </connections>
  <connections type="routesTo">
    <source href="assembly.xml#AggAudit"/>
    <target href="assembly.xml#StoreAuditLog"/>
  </connections>
  <connections type="routesTo">
    <source href="assembly.xml#AggError"/>
    <target href="assembly.xml#StoreErrorLog"/>
  </connections>
  <connections type="routesResponseTo">
    <source href="assembly.xml#CallGetProps"/>
    <target href="assembly.xml#CallCloseAuditAgg"/>
  </connections>
  <connections type="routesResponseTo">
    <source href="assembly.xml#CallCloseAuditAgg"/>
    <target href="assembly.xml#CallCloseErrorLog"/>
  </connections>
  <connections type="routesResponseTo">
    <source href="assembly.xml#CallAttributeAndMaps"/>
    <target href="assembly.xml#GetFile"/>
  </connections>
  <connections type="routesTo">
    <source href="assembly.xml#//@beans/@mixed.1/@mixed.43/@mixed.3"/>
    <target href="assembly.xml#CallPctErrorLog"/>
  </connections>
  <connections type="routesTo">
    <source href="assembly.xml#//@beans/@mixed.1/@mixed.35/@mixed.3"/>
    <target href="assembly.xml#CallAmtErrorLog"/>
  </connections>
  <connections type="routesTo">
    <source href="assembly.xml#GetResponse"/>
    <target href="assembly.xml#CallRetBen-Election"/>
  </connections>
  <connections type="routesTo">
    <source href="assembly.xml#Response"/>
    <target href="assembly.xml#StopCDEMPE"/>
  </connections>
  <connections type="routesTo">
    <source href="assembly.xml#//@beans/@mixed.1/@mixed.91/@mixed.3"/>
    <target href="assembly.xml#CallStopCDEMPEError"/>
  </connections>
  <connections type="routesTo">
    <source href="assembly.xml#//@beans/@mixed.1/@mixed.95/@mixed.3"/>
    <target href="assembly.xml#call-ErrorFromStopCDEMPE"/>
  </connections>
  <connections type="routesResponseTo">
    <source href="assembly.xml#SubmitStopCDEMPE"/>
    <target href="assembly.xml#StopCDEMPEResponse"/>
  </connections>
  <connections type="routesTo">
    <source href="assembly.xml#StopCDEMPEResponse"/>
    <target href="assembly.xml#CallAuditLog"/>
  </connections>
  <connections type="routesTo" sourceAnchorX="0.9669421487603306" sourceAnchorY="0.43243243243243246" targetAnchorX="0.13157894736842105" targetAnchorY="0.43243243243243246">
    <source href="assembly.xml#//@beans/@mixed.1/@mixed.103"/>
    <target href="assembly.xml#Note-Error"/>
  </connections>
  <connections type="routesTo">
    <source href="assembly.xml#//@beans/@mixed.1/@route.1/@subRoute.2"/>
    <target href="assembly.xml#Call-Calc-Error"/>
  </connections>
  <connections type="routesTo">
    <source href="assembly.xml#AttributeMaps"/>
    <target href="assembly.xml#SplitMaps"/>
  </connections>
  <connections type="routesTo">
    <source href="assembly.xml#DeclareProps"/>
    <target href="assembly.xml#GetEEData"/>
  </connections>
  <connections type="routesResponseTo">
    <source href="assembly.xml#GetEEData"/>
    <target href="assembly.xml#GetResponse"/>
  </connections>
  <connections type="routesTo" sourceAnchorX="1.0" sourceAnchorY="0.272" targetAnchorX="0.3409090909090909" targetAnchorY="0.031914893617021274">
    <source href="assembly.xml#StopCDEMPE"/>
    <target href="assembly.xml#ValidationMode0"/>
  </connections>
  <connections type="routesTo" sourceAnchorX="0.4943820224719101" sourceAnchorY="1.0" targetAnchorX="0.06395348837209303" targetAnchorY="0.16216216216216217">
    <source href="assembly.xml#ValidationMode0"/>
    <target href="assembly.xml#SubmitStopCDEMPE"/>
  </connections>
  <connections type="routesTo">
    <source href="assembly.xml#//@beans/@mixed.1/@mixed.111/@mixed.3"/>
    <target href="assembly.xml#PutIntegrationMessage"/>
  </connections>
  <connections type="routesTo">
    <source href="assembly.xml#GetProps"/>
    <target href="assembly.xml#CheckRow"/>
  </connections>
  <connections type="routesTo">
    <source href="assembly.xml#CheckRow"/>
    <target href="assembly.xml#SplitOnEE"/>
  </connections>
  <swimlanes x="1664" y="1154" name="Swimlane" orientation="VERTICAL">
    <elements href="assembly.xml#ValidationMode0"/>
  </swimlanes>
  <swimlanes x="1920" y="1144" name="Swimlane">
    <elements href="assembly.xml#SubmitStopCDEMPE"/>
  </swimlanes>
  <swimlanes x="150" y="745" name="Swimlane" orientation="VERTICAL" alignment="MIDDLE">
    <elements href="assembly.xml#CheckRow"/>
    <elements href="assembly.xml#PutIntegrationMessage"/>
  </swimlanes>
</wdnm:Diagram>
