<?xml version="1.0" encoding="UTF-8"?>
<wdnm:Diagram xmlns:wdnm="http://workday.com/studio/editors/notation">
  <element href="assembly.xml#WorkdayAssembly"/>
  <visualProperties>
    <element href="assembly.xml#IDM"/>
  </visualProperties>
  <visualProperties>
    <element href="assembly.xml#Internal"/>
  </visualProperties>
  <visualProperties>
    <element href="assembly.xml#Setprops"/>
  </visualProperties>
  <visualProperties>
    <element href="assembly.xml#ErrorSetprops"/>
  </visualProperties>
  <visualProperties>
    <element href="assembly.xml#Setprops0"/>
  </visualProperties>
  <visualProperties>
    <element href="assembly.xml#ErrorSetprops0"/>
  </visualProperties>
  <visualProperties>
    <element href="assembly.xml#WorkdayOutRest"/>
  </visualProperties>
  <visualProperties>
    <element href="assembly.xml#ProcessReport"/>
  </visualProperties>
  <visualProperties>
    <element href="assembly.xml#ProcessReportResult"/>
  </visualProperties>
  <visualProperties>
    <element href="assembly.xml#ProcessFile"/>
  </visualProperties>
  <visualProperties>
    <element href="assembly.xml#ErrorProcessFile"/>
  </visualProperties>
  <visualProperties>
    <element href="assembly.xml#GenerateFile"/>
  </visualProperties>
  <visualProperties>
    <element href="assembly.xml#InfoMessage"/>
  </visualProperties>
  <visualProperties>
    <element href="assembly.xml#//@beans/@mixed.1/@mixed.3"/>
  </visualProperties>
  <visualProperties>
    <element href="assembly.xml#Note-Error"/>
  </visualProperties>
  <connections type="routesTo" sourceAnchorX="0.907563025210084" sourceAnchorY="1.0" targetAnchorX="0.08391608391608392" targetAnchorY="0.17708333333333334">
    <source href="assembly.xml#IDM"/>
    <target href="assembly.xml#Setprops"/>
  </connections>
  <connections type="routesTo" sourceAnchorX="0.907563025210084" sourceAnchorY="1.0" targetAnchorX="0.08391608391608392" targetAnchorY="0.17708333333333334">
    <source href="assembly.xml#Internal"/>
    <target href="assembly.xml#Setprops0"/>
  </connections>
  <connections type="routesTo" sourceAnchorX="1.0" sourceAnchorY="0.23958333333333334" targetAnchorX="0.29411764705882354" targetAnchorY="0.4864864864864865">
    <source href="assembly.xml#Setprops"/>
    <target href="assembly.xml#WorkdayOutRest"/>
  </connections>
  <connections type="routesTo" sourceAnchorX="0.6838235294117647" sourceAnchorY="1.0" targetAnchorX="0.14146341463414633" targetAnchorY="0.10810810810810811">
    <source href="assembly.xml#//@beans/@mixed.1/@mixed.25/@mixed.3"/>
    <target href="assembly.xml#ErrorSetprops"/>
  </connections>
  <connections type="routesTo" sourceAnchorX="1.0" sourceAnchorY="0.248" targetAnchorX="0.18120805369127516" targetAnchorY="0.3783783783783784">
    <source href="assembly.xml#Setprops0"/>
    <target href="assembly.xml#WorkdayOutRest"/>
  </connections>
  <connections type="routesTo" sourceAnchorX="0.6838235294117647" sourceAnchorY="1.0" targetAnchorX="0.14146341463414633" targetAnchorY="0.10810810810810811">
    <source href="assembly.xml#//@beans/@mixed.1/@mixed.21/@mixed.3"/>
    <target href="assembly.xml#ErrorSetprops0"/>
  </connections>
  <connections type="routesResponseTo" sourceAnchorX="0.7823529411764706" sourceAnchorY="1.0" targetAnchorX="0.10897435897435898" targetAnchorY="0.6486486486486487">
    <source href="assembly.xml#WorkdayOutRest"/>
    <target href="assembly.xml#ProcessReport"/>
  </connections>
  <connections type="routesTo" sourceAnchorX="0.9191919191919192" sourceAnchorY="1.0" targetAnchorX="0.10638297872340426" targetAnchorY="0.5039370078740157">
    <source href="assembly.xml#ProcessReportResult"/>
    <target href="assembly.xml#ProcessFile"/>
  </connections>
  <connections type="routesTo" sourceAnchorX="1.0" sourceAnchorY="0.18110236220472442" targetAnchorX="0.08609271523178808" targetAnchorY="0.4791666666666667">
    <source href="assembly.xml#ProcessFile"/>
    <target href="assembly.xml#GenerateFile"/>
  </connections>
  <connections type="routesTo" sourceAnchorX="0.35359116022099446" sourceAnchorY="1.0" targetAnchorX="0.3615023474178404" targetAnchorY="0.3783783783783784">
    <source href="assembly.xml#//@beans/@mixed.1/@mixed.11/@mixed.3"/>
    <target href="assembly.xml#ErrorProcessFile"/>
  </connections>
  <connections type="routesTo" sourceAnchorX="1.0" sourceAnchorY="0.19791666666666666" targetAnchorX="0.2112676056338028" targetAnchorY="0.16216216216216217">
    <source href="assembly.xml#GenerateFile"/>
    <target href="assembly.xml#InfoMessage"/>
  </connections>
  <connections type="routesTo" sourceAnchorX="0.9669421487603306" sourceAnchorY="0.43243243243243246" targetAnchorX="0.06060606060606061" targetAnchorY="0.3783783783783784">
    <source href="assembly.xml#//@beans/@mixed.1/@mixed.3"/>
    <target href="assembly.xml#Note-Error"/>
  </connections>
  <swimlanes name="Choose Integration" orientation="VERTICAL" alignment="MIDDLE">
    <elements href="assembly.xml#IDM"/>
    <elements href="assembly.xml#Internal"/>
  </swimlanes>
  <swimlanes name="Setting Props" orientation="VERTICAL">
    <elements href="assembly.xml#Setprops0"/>
    <elements href="assembly.xml#ErrorSetprops0"/>
  </swimlanes>
  <swimlanes name="Setting Props" orientation="VERTICAL">
    <elements href="assembly.xml#Setprops"/>
    <elements href="assembly.xml#ErrorSetprops"/>
    <elements href="#//@swimlanes.1"/>
  </swimlanes>
  <swimlanes bgColor="12632256" name="ReportOut">
    <elements href="#//@swimlanes.0"/>
    <elements href="#//@swimlanes.2"/>
    <elements href="assembly.xml#WorkdayOutRest"/>
    <elements href="assembly.xml#ProcessReport"/>
  </swimlanes>
  <swimlanes name="XSLT Processing" orientation="VERTICAL">
    <elements href="assembly.xml#ProcessFile"/>
    <elements href="assembly.xml#ErrorProcessFile"/>
  </swimlanes>
  <swimlanes bgColor="12632256" name="Creating Output File">
    <elements href="assembly.xml#ProcessReportResult"/>
    <elements href="#//@swimlanes.4"/>
    <elements href="assembly.xml#GenerateFile"/>
    <elements href="assembly.xml#InfoMessage"/>
  </swimlanes>
  <swimlanes bgColor="255" name="Global Error">
    <elements href="assembly.xml#//@beans/@mixed.1/@mixed.3"/>
    <elements href="assembly.xml#Note-Error"/>
  </swimlanes>
  <swimlanes x="64" y="20" bgColor="8453888" name="Two Integrations IDM and Internal(WPS)" orientation="VERTICAL" elements="//@swimlanes.3 //@swimlanes.5 //@swimlanes.6"/>
</wdnm:Diagram>
