<?xml version="1.0" encoding="ASCII"?>
<edst:Settings xmlns:edst="http://dublin.workday.com/studio/settings/editor">
  <editor uri="/INT0177-UniCredit-Bulbank-MT940-Bank-Statements-Inbound/ws/WSAR-INF/MT940Transform.xsd">
    <property name="transformation.text.to.xml" value="true"/>
  </editor>
  <editor uri="/INT2010-ING-MT940-Bank-Statements-Inbound/ws/WSAR-INF/MT940Transform.xsd">
    <property name="transformation.text.to.xml" value="true"/>
  </editor>
  <editor uri="/INT2010-ING-MT940-Bank-Statements-Inbound/ws/WSAR-INF/BankStatement.xsd">
    <property name="transformation.text.to.xml" value="true"/>
  </editor>
</edst:Settings>
