<?xml version="1.0" encoding="UTF-8"?>
<wdnm:Diagram xmlns:wdnm="http://workday.com/studio/editors/notation">
  <element href="assembly.xml#WorkdayAssembly"/>
  <visualProperties x="188" y="175">
    <element href="assembly.xml#StartHere"/>
  </visualProperties>
  <visualProperties x="304" y="195">
    <element href="assembly.xml#Call.Tax.File.Retrieval"/>
  </visualProperties>
  <visualProperties x="182" y="309">
    <element href="assembly.xml#Retrieve.Tax.File"/>
  </visualProperties>
  <visualProperties x="461" y="323">
    <element href="assembly.xml#Initialize"/>
  </visualProperties>
  <visualProperties x="717" y="367">
    <element href="assembly.xml#Is.Single.File.available"/>
  </visualProperties>
  <visualProperties x="750" y="495">
    <element href="assembly.xml#Write.Retrieval.Error"/>
  </visualProperties>
  <visualProperties x="775" y="349">
    <element href="assembly.xml#Manual.Retrieval"/>
  </visualProperties>
  <visualProperties x="1257" y="362">
    <element href="assembly.xml#Text.to.XML"/>
  </visualProperties>
  <visualProperties x="658" y="210">
    <element href="assembly.xml#Call.SUI.REST.API"/>
  </visualProperties>
  <visualProperties x="168" y="812">
    <element href="assembly.xml#SUI.API.Call"/>
  </visualProperties>
  <visualProperties x="312" y="848">
    <element href="assembly.xml#Set.Authentication"/>
  </visualProperties>
  <visualProperties x="518" y="841">
    <element href="assembly.xml#Get.tax.Rates"/>
  </visualProperties>
  <visualProperties x="665" y="820">
    <element href="assembly.xml#JSON.to.XML"/>
  </visualProperties>
  <visualProperties x="764" y="215">
    <element href="assembly.xml#Call.Process.Oauth2"/>
  </visualProperties>
  <visualProperties x="256" y="789">
    <element href="assembly.xml#Process.Oauth2"/>
  </visualProperties>
  <visualProperties x="442" y="815">
    <element href="assembly.xml#Is.Client.ID.Present"/>
  </visualProperties>
  <visualProperties x="536" y="964">
    <element href="assembly.xml#Write.Oauth2.process.errors"/>
  </visualProperties>
  <visualProperties x="782" y="902">
    <element href="assembly.xml#Information.Message"/>
  </visualProperties>
  <visualProperties x="1030" y="921">
    <element href="assembly.xml#Is.Refresh.Token.Present"/>
  </visualProperties>
  <visualProperties x="550" y="1033">
    <element href="assembly.xml#Abort.Studio"/>
  </visualProperties>
  <visualProperties x="1009" y="221">
    <element href="assembly.xml#Call.Get.Access.Token"/>
  </visualProperties>
  <visualProperties x="238" y="1249">
    <element href="assembly.xml#Get.Access.Token"/>
  </visualProperties>
  <visualProperties x="434" y="1300">
    <element href="assembly.xml#Set.Content.type"/>
  </visualProperties>
  <visualProperties x="552" y="1442">
    <element href="assembly.xml#Write.Get.Token.Errors"/>
  </visualProperties>
  <visualProperties x="761" y="1422">
    <element href="assembly.xml#GetBearer.Token"/>
  </visualProperties>
  <visualProperties x="952" y="1337">
    <element href="assembly.xml#Extract.Access.Token"/>
  </visualProperties>
  <visualProperties x="1220" y="1362">
    <element href="assembly.xml#Store.Access.Token"/>
  </visualProperties>
  <visualProperties x="245" y="1776">
    <element href="assembly.xml#//@beans/@mixed.1/@mixed.55"/>
  </visualProperties>
  <visualProperties x="550" y="1776">
    <element href="assembly.xml#Note-Error"/>
  </visualProperties>
  <visualProperties x="445" y="1788">
    <element href="assembly.xml#Write.Get.Rates.Errors"/>
  </visualProperties>
  <visualProperties x="1497" y="221">
    <element href="assembly.xml#Call.Compare.file"/>
  </visualProperties>
  <visualProperties x="264" y="1944">
    <element href="assembly.xml#Compare.File"/>
  </visualProperties>
  <visualProperties x="425" y="1989">
    <element href="assembly.xml#Route"/>
  </visualProperties>
  <visualProperties x="600" y="1992">
    <element href="assembly.xml#Copy.Tax.File"/>
  </visualProperties>
  <visualProperties x="642" y="2094">
    <element href="assembly.xml#Copy.Workday.Report"/>
  </visualProperties>
  <visualProperties x="796" y="2042">
    <element href="assembly.xml#Collate.data"/>
  </visualProperties>
  <visualProperties x="1188" y="1776">
    <element href="assembly.xml#Transform.And.Store"/>
  </visualProperties>
  <visualProperties x="237" y="350">
    <element href="assembly.xml#List.Tax.Files"/>
  </visualProperties>
  <visualProperties x="425" y="413">
    <element href="assembly.xml#Set.Retrieval.Props"/>
  </visualProperties>
  <visualProperties x="106" y="2128">
    <element href="assembly.xml#Copy.Maps.Data"/>
  </visualProperties>
  <visualProperties x="1206" y="2181">
    <element href="assembly.xml#Transform"/>
  </visualProperties>
  <visualProperties x="1566" y="2001">
    <element href="assembly.xml#Full.File.with.Status"/>
  </visualProperties>
  <visualProperties x="1616" y="2098">
    <element href="assembly.xml#Delta.File"/>
  </visualProperties>
  <visualProperties x="376" y="342">
    <element href="assembly.xml#Set.Full.File.Indicator"/>
  </visualProperties>
  <visualProperties x="1857" y="362">
    <element href="assembly.xml#Call.rename.Input.file"/>
  </visualProperties>
  <visualProperties x="257" y="2686">
    <element href="assembly.xml#Rename.Inputfile"/>
  </visualProperties>
  <visualProperties x="436" y="2749">
    <element href="assembly.xml#Store.Input.file"/>
  </visualProperties>
  <visualProperties x="684" y="2765">
    <element href="assembly.xml#Write.Audit.Message"/>
  </visualProperties>
  <visualProperties x="109" y="2750">
    <element href="assembly.xml#Delete.Current.tax.file"/>
  </visualProperties>
  <visualProperties x="45" y="2738">
    <element href="assembly.xml#Post.taxfile.with.New.name"/>
  </visualProperties>
  <visualProperties x="1621" y="410">
    <element href="assembly.xml#Call.Company.Raas"/>
  </visualProperties>
  <visualProperties x="318" y="2700">
    <element href="assembly.xml#Company.RAAS"/>
  </visualProperties>
  <visualProperties x="396" y="2750">
    <element href="assembly.xml#WorkdayOutRest"/>
  </visualProperties>
  <visualProperties x="432" y="2706">
    <element href="assembly.xml#Catch.Error"/>
  </visualProperties>
  <visualProperties x="481" y="2879">
    <element href="assembly.xml#Write.RAAS.Errors"/>
  </visualProperties>
  <visualProperties x="913" y="2729">
    <element href="assembly.xml#Copy.RAAS.Output.to.Var"/>
  </visualProperties>
  <visualProperties x="825" y="2236">
    <element href="assembly.xml#Copy.Company.Data"/>
  </visualProperties>
  <visualProperties x="919" y="2871">
    <element href="assembly.xml#Is.Company.Map.Present"/>
  </visualProperties>
  <visualProperties x="995" y="3017">
    <element href="assembly.xml#Write.no.data.Error"/>
  </visualProperties>
  <visualProperties x="1852" y="400">
    <element href="assembly.xml#Call.State.ISO.Raas"/>
  </visualProperties>
  <visualProperties x="310" y="2189">
    <element href="assembly.xml#Process.State.ISO.Raas"/>
  </visualProperties>
  <visualProperties x="501" y="2292">
    <element href="assembly.xml#RAAS.Call"/>
  </visualProperties>
  <visualProperties x="553" y="2697">
    <element href="assembly.xml#Catch.RAAS.Call.Errors"/>
  </visualProperties>
  <visualProperties x="566" y="2348">
    <element href="assembly.xml#Write.Get.State.ISO.Errors"/>
  </visualProperties>
  <visualProperties x="1048" y="2692">
    <element href="assembly.xml#Copy.RaasOutput.to.Var"/>
  </visualProperties>
  <visualProperties x="1110" y="770">
    <element href="assembly.xml#Get.Tax.File"/>
  </visualProperties>
  <visualProperties x="1128" y="718">
    <element href="assembly.xml#Abort.Retrieval"/>
  </visualProperties>
  <connections type="routesTo" sourceAnchorX="0.5379746835443038" sourceAnchorY="1.0" targetAnchorX="0.40454545454545454" targetAnchorY="0.3783783783783784">
    <source href="assembly.xml#//@beans/@mixed.1/@mixed.9/@mixed.3"/>
    <target href="assembly.xml#Write.Retrieval.Error"/>
  </connections>
  <connections type="routesTo" sourceAnchorX="0.8766233766233766" sourceAnchorY="1.0" targetAnchorX="0.23214285714285715" targetAnchorY="0.030612244897959183">
    <source href="assembly.xml#SUI.API.Call"/>
    <target href="assembly.xml#Set.Authentication"/>
  </connections>
  <connections type="routesTo" sourceAnchorX="1.0" sourceAnchorY="0.22448979591836735" targetAnchorX="0.4789915966386555" targetAnchorY="0.0">
    <source href="assembly.xml#Set.Authentication"/>
    <target href="assembly.xml#Get.tax.Rates"/>
  </connections>
  <connections type="routesResponseTo" sourceAnchorX="0.7310924369747899" sourceAnchorY="1.0" targetAnchorX="0.29775280898876405" targetAnchorY="0.16304347826086957">
    <source href="assembly.xml#Get.tax.Rates"/>
    <target href="assembly.xml#JSON.to.XML"/>
  </connections>
  <connections type="routesTo" sourceAnchorX="0.5425531914893617" sourceAnchorY="1.0" targetAnchorX="0.36395759717314485" targetAnchorY="0.4594594594594595">
    <source href="assembly.xml#//@beans/@mixed.1/@mixed.31/@mixed.3"/>
    <target href="assembly.xml#Write.Oauth2.process.errors"/>
  </connections>
  <connections type="routesTo" sourceAnchorX="1.0" sourceAnchorY="0.13953488372093023" targetAnchorX="0.14798206278026907" targetAnchorY="0.5945945945945946">
    <source href="assembly.xml#Is.Client.ID.Present"/>
    <target href="assembly.xml#Information.Message"/>
  </connections>
  <connections type="routesResponseTo" sourceAnchorX="0.8026905829596412" sourceAnchorY="1.0" targetAnchorX="0.2857142857142857" targetAnchorY="0.021739130434782608">
    <source href="assembly.xml#Information.Message"/>
    <target href="assembly.xml#Is.Refresh.Token.Present"/>
  </connections>
  <connections type="routesResponseTo" sourceAnchorX="0.254416961130742" sourceAnchorY="1.0" targetAnchorX="0.5357142857142857" targetAnchorY="0.4387755102040816">
    <source href="assembly.xml#Write.Oauth2.process.errors"/>
    <target href="assembly.xml#Abort.Studio"/>
  </connections>
  <connections type="routesResponseTo" sourceAnchorX="0.5540540540540541" sourceAnchorY="1.0" targetAnchorX="0.24725274725274726" targetAnchorY="0.08108108108108109">
    <source href="assembly.xml#Call.Process.Oauth2"/>
    <target href="assembly.xml#Call.Get.Access.Token"/>
  </connections>
  <connections type="routesTo" sourceAnchorX="0.6435643564356436" sourceAnchorY="1.0" targetAnchorX="0.15476190476190477" targetAnchorY="0.17391304347826086">
    <source href="assembly.xml#Get.Access.Token"/>
    <target href="assembly.xml#Set.Content.type"/>
  </connections>
  <connections type="routesTo" sourceAnchorX="0.6094674556213018" sourceAnchorY="1.0" targetAnchorX="0.43568464730290457" targetAnchorY="0.35135135135135137">
    <source href="assembly.xml#//@beans/@mixed.1/@mixed.45/@mixed.3"/>
    <target href="assembly.xml#Write.Get.Token.Errors"/>
  </connections>
  <connections type="routesTo" sourceAnchorX="1.0" sourceAnchorY="0.07751937984496124" targetAnchorX="0.19689119170984457" targetAnchorY="0.4864864864864865">
    <source href="assembly.xml#Set.Content.type"/>
    <target href="assembly.xml#GetBearer.Token"/>
  </connections>
  <connections type="routesResponseTo" sourceAnchorX="1.0" sourceAnchorY="0.2535211267605634" targetAnchorX="0.27699530516431925" targetAnchorY="0.19387755102040816">
    <source href="assembly.xml#GetBearer.Token"/>
    <target href="assembly.xml#Extract.Access.Token"/>
  </connections>
  <connections type="routesTo" sourceAnchorX="1.0" sourceAnchorY="0.20408163265306123" targetAnchorX="0.24481327800829875" targetAnchorY="0.21621621621621623">
    <source href="assembly.xml#Extract.Access.Token"/>
    <target href="assembly.xml#Store.Access.Token"/>
  </connections>
  <connections type="routesTo" sourceAnchorX="0.9669421487603306" sourceAnchorY="0.43243243243243246" targetAnchorX="0.06060606060606061" targetAnchorY="0.3783783783783784">
    <source href="assembly.xml#//@beans/@mixed.1/@mixed.55"/>
    <target href="assembly.xml#Note-Error"/>
  </connections>
  <connections type="routesTo" sourceAnchorX="0.5888888888888889" sourceAnchorY="1.0" targetAnchorX="0.4393305439330544" targetAnchorY="0.7837837837837838">
    <source href="assembly.xml#//@beans/@mixed.1/@mixed.21/@mixed.3"/>
    <target href="assembly.xml#Write.Get.Rates.Errors"/>
  </connections>
  <connections type="routesTo" sourceAnchorX="0.8709677419354839" sourceAnchorY="1.0" targetAnchorX="0.2958579881656805" targetAnchorY="0.10204081632653061">
    <source href="assembly.xml#Process.Oauth2"/>
    <target href="assembly.xml#Initialize"/>
  </connections>
  <connections type="routesTo" sourceAnchorX="1.0" sourceAnchorY="0.16326530612244897" targetAnchorX="0.19487179487179487" targetAnchorY="0.20155038759689922">
    <source href="assembly.xml#Initialize"/>
    <target href="assembly.xml#Is.Client.ID.Present"/>
  </connections>
  <connections type="routesTo" sourceAnchorX="0.6280487804878049" sourceAnchorY="1.0" targetAnchorX="0.2878787878787879" targetAnchorY="0.011299435028248588">
    <source href="assembly.xml#Compare.File"/>
    <target href="assembly.xml#Route"/>
  </connections>
  <connections type="routesTo" sourceAnchorX="1.0" sourceAnchorY="0.2653061224489796" targetAnchorX="0.21145374449339208" targetAnchorY="0.0">
    <source href="assembly.xml#JSON.to.XML"/>
    <target href="assembly.xml#Transform.And.Store"/>
  </connections>
  <connections type="routesTo" sourceAnchorX="0.7336448598130841" sourceAnchorY="1.0" targetAnchorX="0.14857142857142858" targetAnchorY="0.3469387755102041">
    <source href="assembly.xml#//@beans/@mixed.1/@route.0/@subRoute.1"/>
    <target href="assembly.xml#Copy.Maps.Data"/>
  </connections>
  <connections type="routesTo" sourceAnchorX="1.0" sourceAnchorY="0.22448979591836735" targetAnchorX="0.31840796019900497" targetAnchorY="0.1792452830188679">
    <source href="assembly.xml#Copy.Maps.Data"/>
    <target href="assembly.xml#Collate.data"/>
  </connections>
  <connections type="routesTo" sourceAnchorX="0.8084112149532711" sourceAnchorY="1.0" targetAnchorX="0.11666666666666667" targetAnchorY="0.336734693877551">
    <source href="assembly.xml#//@beans/@mixed.1/@route.0/@subRoute.3"/>
    <target href="assembly.xml#Copy.Tax.File"/>
  </connections>
  <connections type="routesTo" sourceAnchorX="1.0" sourceAnchorY="0.336734693877551" targetAnchorX="0.572139303482587" targetAnchorY="0.9716981132075472" curveType="curved">
    <source href="assembly.xml#Copy.Tax.File"/>
    <target href="assembly.xml#Collate.data"/>
    <bendpoints sourceX="147" sourceY="-58" targetX="27" targetY="116"/>
  </connections>
  <connections type="routesTo" sourceAnchorX="0.719626168224299" sourceAnchorY="1.0" targetAnchorX="0.1336405529953917" targetAnchorY="0.2857142857142857">
    <source href="assembly.xml#//@beans/@mixed.1/@route.0/@subRoute.2"/>
    <target href="assembly.xml#Copy.Workday.Report"/>
  </connections>
  <connections type="routesTo" sourceAnchorX="1.0" sourceAnchorY="0.17346938775510204" targetAnchorX="0.21393034825870647" targetAnchorY="0.8207547169811321">
    <source href="assembly.xml#Copy.Workday.Report"/>
    <target href="assembly.xml#Collate.data"/>
  </connections>
  <connections type="routesTo" sourceAnchorX="1.0" sourceAnchorY="0.20754716981132076" targetAnchorX="0.20440251572327045" targetAnchorY="0.13270142180094788">
    <source href="assembly.xml#Collate.data"/>
    <target href="assembly.xml#Transform"/>
  </connections>
  <connections type="routesTo" sourceAnchorX="0.9049180327868852" sourceAnchorY="1.0" targetAnchorX="0.08585858585858586" targetAnchorY="0.40217391304347827">
    <source href="assembly.xml#//@beans/@mixed.1/@route.1/@subRoute.0"/>
    <target href="assembly.xml#Full.File.with.Status"/>
  </connections>
  <connections type="routesTo" sourceAnchorX="0.9377049180327869" sourceAnchorY="1.0" targetAnchorX="0.652542372881356" targetAnchorY="0.34782608695652173">
    <source href="assembly.xml#//@beans/@mixed.1/@route.1/@subRoute.1"/>
    <target href="assembly.xml#Delta.File"/>
  </connections>
  <connections type="routesTo" sourceAnchorX="0.7313432835820896" sourceAnchorY="1.0" targetAnchorX="0.38095238095238093" targetAnchorY="0.15217391304347827">
    <source href="assembly.xml#StartHere"/>
    <target href="assembly.xml#Set.Full.File.Indicator"/>
  </connections>
  <connections type="routesTo" sourceAnchorX="1.0" sourceAnchorY="0.2608695652173913" targetAnchorX="0.13063063063063063" targetAnchorY="0.4594594594594595">
    <source href="assembly.xml#Set.Full.File.Indicator"/>
    <target href="assembly.xml#Call.Process.Oauth2"/>
  </connections>
  <connections type="routesTo" sourceAnchorX="1.0" sourceAnchorY="0.1326530612244898" targetAnchorX="0.35507246376811596" targetAnchorY="0.21621621621621623">
    <source href="assembly.xml#Store.Input.file"/>
    <target href="assembly.xml#Post.taxfile.with.New.name"/>
  </connections>
  <connections type="routesResponseTo" sourceAnchorX="0.8333333333333334" sourceAnchorY="1.0" targetAnchorX="0.34868421052631576" targetAnchorY="0.21621621621621623">
    <source href="assembly.xml#Post.taxfile.with.New.name"/>
    <target href="assembly.xml#Write.Audit.Message"/>
  </connections>
  <connections type="routesTo" sourceAnchorX="0.6273291925465838" sourceAnchorY="1.0" targetAnchorX="0.4149377593360996" targetAnchorY="0.40540540540540543">
    <source href="assembly.xml#//@beans/@mixed.1/@mixed.107/@mixed.3"/>
    <target href="assembly.xml#Write.RAAS.Errors"/>
  </connections>
  <connections type="routesTo" sourceAnchorX="0.7010869565217391" sourceAnchorY="1.0" targetAnchorX="0.4626865671641791" targetAnchorY="0.34146341463414637">
    <source href="assembly.xml#Company.RAAS"/>
    <target href="assembly.xml#Catch.Error"/>
  </connections>
  <connections type="routesTo" sourceAnchorX="1.0" sourceAnchorY="0.17073170731707318" targetAnchorX="0.20103092783505155" targetAnchorY="0.32432432432432434">
    <source href="assembly.xml#Catch.Error"/>
    <target href="assembly.xml#WorkdayOutRest"/>
  </connections>
  <connections type="routesTo" sourceAnchorX="0.5046728971962616" sourceAnchorY="1.0" targetAnchorX="0.34523809523809523" targetAnchorY="0.21739130434782608">
    <source href="assembly.xml#//@beans/@mixed.1/@route.0/@subRoute.0"/>
    <target href="assembly.xml#Copy.Company.Data"/>
  </connections>
  <connections type="routesResponseTo" sourceAnchorX="0.4896907216494845" sourceAnchorY="1.0" targetAnchorX="0.24404761904761904" targetAnchorY="0.0">
    <source href="assembly.xml#WorkdayOutRest"/>
    <target href="assembly.xml#Is.Company.Map.Present"/>
  </connections>
  <connections type="routesTo" sourceAnchorX="1.0" sourceAnchorY="0.43478260869565216" targetAnchorX="0.19591836734693877" targetAnchorY="0.10204081632653061">
    <source href="assembly.xml#Is.Company.Map.Present"/>
    <target href="assembly.xml#Copy.RAAS.Output.to.Var"/>
  </connections>
  <connections type="routesTo" sourceAnchorX="0.4970414201183432" sourceAnchorY="1.0" targetAnchorX="0.36099585062240663" targetAnchorY="0.32432432432432434">
    <source href="assembly.xml#//@beans/@mixed.1/@mixed.115/@mixed.3"/>
    <target href="assembly.xml#Write.no.data.Error"/>
  </connections>
  <connections type="routesTo" sourceAnchorX="1.0" sourceAnchorY="0.22448979591836735" targetAnchorX="0.24875621890547264" targetAnchorY="0.19811320754716982">
    <source href="assembly.xml#Copy.Company.Data"/>
    <target href="assembly.xml#Collate.data"/>
  </connections>
  <connections type="routesResponseTo" sourceAnchorX="0.827906976744186" sourceAnchorY="1.0" targetAnchorX="0.11059907834101383" targetAnchorY="0.08108108108108109">
    <source href="assembly.xml#Call.Company.Raas"/>
    <target href="assembly.xml#Call.State.ISO.Raas"/>
  </connections>
  <connections type="routesResponseTo" sourceAnchorX="0.6820276497695853" sourceAnchorY="1.0" targetAnchorX="0.38144329896907214" targetAnchorY="0.21621621621621623">
    <source href="assembly.xml#Call.State.ISO.Raas"/>
    <target href="assembly.xml#Call.Compare.file"/>
  </connections>
  <connections type="routesTo" sourceAnchorX="0.6095617529880478" sourceAnchorY="1.0" targetAnchorX="0.11904761904761904" targetAnchorY="0.16304347826086957">
    <source href="assembly.xml#Process.State.ISO.Raas"/>
    <target href="assembly.xml#Catch.RAAS.Call.Errors"/>
  </connections>
  <connections type="routesTo" sourceAnchorX="0.4968944099378882" sourceAnchorY="1.0" targetAnchorX="0.34439834024896265" targetAnchorY="0.3783783783783784">
    <source href="assembly.xml#//@beans/@mixed.1/@mixed.125/@mixed.3"/>
    <target href="assembly.xml#Write.Get.State.ISO.Errors"/>
  </connections>
  <connections type="routesTo" sourceAnchorX="1.0" sourceAnchorY="0.1951219512195122" targetAnchorX="0.10294117647058823" targetAnchorY="0.16216216216216217">
    <source href="assembly.xml#Catch.RAAS.Call.Errors"/>
    <target href="assembly.xml#RAAS.Call"/>
  </connections>
  <connections type="routesResponseTo" sourceAnchorX="0.6357142857142857" sourceAnchorY="1.0" targetAnchorX="0.06547619047619048" targetAnchorY="0.22826086956521738">
    <source href="assembly.xml#RAAS.Call"/>
    <target href="assembly.xml#Copy.RaasOutput.to.Var"/>
  </connections>
  <connections type="routesTo" sourceAnchorX="0.6020942408376964" sourceAnchorY="1.0" targetAnchorX="0.2639593908629442" targetAnchorY="0.30612244897959184">
    <source href="assembly.xml#Retrieve.Tax.File"/>
    <target href="assembly.xml#Set.Retrieval.Props"/>
  </connections>
  <connections type="routesTo" sourceAnchorX="1.0" sourceAnchorY="0.14285714285714285" targetAnchorX="0.2542372881355932" targetAnchorY="0.3783783783783784">
    <source href="assembly.xml#Set.Retrieval.Props"/>
    <target href="assembly.xml#List.Tax.Files"/>
  </connections>
  <connections type="routesResponseTo" sourceAnchorX="0.4322033898305085" sourceAnchorY="1.0" targetAnchorX="0.11515151515151516" targetAnchorY="0.46511627906976744">
    <source href="assembly.xml#List.Tax.Files"/>
    <target href="assembly.xml#Is.Single.File.available"/>
  </connections>
  <connections type="routesTo" sourceAnchorX="0.643979057591623" sourceAnchorY="1.0" targetAnchorX="0.42038216560509556" targetAnchorY="0.09183673469387756">
    <source href="assembly.xml#Rename.Inputfile"/>
    <target href="assembly.xml#Store.Input.file"/>
  </connections>
  <connections type="routesTo" sourceAnchorX="1.0" sourceAnchorY="0.2248062015503876" targetAnchorX="0.3203125" targetAnchorY="0.43243243243243246">
    <source href="assembly.xml#Is.Single.File.available"/>
    <target href="assembly.xml#Get.Tax.File"/>
  </connections>
  <connections type="routesResponseTo" sourceAnchorX="0.8046875" sourceAnchorY="1.0" targetAnchorX="0.0572987721691678" targetAnchorY="0.6122448979591837">
    <source href="assembly.xml#Get.Tax.File"/>
    <target href="assembly.xml#Text.to.XML"/>
  </connections>
  <connections type="routesResponseTo" sourceAnchorX="0.7521008403361344" sourceAnchorY="1.0" targetAnchorX="0.14285714285714285" targetAnchorY="0.32432432432432434">
    <source href="assembly.xml#Call.Get.Access.Token"/>
    <target href="assembly.xml#Call.Tax.File.Retrieval"/>
  </connections>
  <connections type="routesResponseTo" sourceAnchorX="0.5497835497835498" sourceAnchorY="1.0" targetAnchorX="0.2961165048543689" targetAnchorY="0.2702702702702703">
    <source href="assembly.xml#Call.Tax.File.Retrieval"/>
    <target href="assembly.xml#Call.SUI.REST.API"/>
  </connections>
  <connections type="routesResponseTo" sourceAnchorX="0.5679611650485437" sourceAnchorY="1.0" targetAnchorX="0.15813953488372093" targetAnchorY="0.2702702702702703">
    <source href="assembly.xml#Call.SUI.REST.API"/>
    <target href="assembly.xml#Call.Company.Raas"/>
  </connections>
  <connections type="routesResponseTo" sourceAnchorX="0.5590909090909091" sourceAnchorY="1.0" targetAnchorX="0.3875" targetAnchorY="0.336734693877551">
    <source href="assembly.xml#Write.Retrieval.Error"/>
    <target href="assembly.xml#Abort.Retrieval"/>
  </connections>
  <swimlanes x="138" y="128" font="Bodoni MT Condensed|12|0" bgColor="12900311" fontColor="1" name="Main Process Flow">
    <elements href="assembly.xml#StartHere"/>
    <elements href="assembly.xml#Set.Full.File.Indicator"/>
    <elements href="assembly.xml#Call.Process.Oauth2"/>
    <elements href="assembly.xml#Call.Get.Access.Token"/>
    <elements href="assembly.xml#Call.Tax.File.Retrieval"/>
    <elements href="assembly.xml#Call.SUI.REST.API"/>
    <elements href="assembly.xml#Call.Company.Raas"/>
    <elements href="assembly.xml#Call.State.ISO.Raas"/>
    <elements href="assembly.xml#Call.Compare.file"/>
    <elements href="assembly.xml#Call.rename.Input.file"/>
  </swimlanes>
  <swimlanes x="138" y="264" font="Bodoni MT Condensed|12|0" bgColor="13689312" fontColor="1" name="Retrieval.And.Text.to.XML.Conversion">
    <elements href="assembly.xml#Retrieve.Tax.File"/>
    <elements href="assembly.xml#Set.Retrieval.Props"/>
    <elements href="assembly.xml#List.Tax.Files"/>
    <elements href="#//@swimlanes.2"/>
    <elements href="assembly.xml#Get.Tax.File"/>
    <elements href="#//@swimlanes.3"/>
  </swimlanes>
  <swimlanes x="659" y="374" name="Retrieval" orientation="VERTICAL">
    <elements href="assembly.xml#Manual.Retrieval"/>
    <elements href="assembly.xml#Is.Single.File.available"/>
    <elements href="assembly.xml#Write.Retrieval.Error"/>
    <elements href="assembly.xml#Abort.Retrieval"/>
  </swimlanes>
  <swimlanes x="1228" y="454" name="Text.to.XML.Conversion" orientation="VERTICAL">
    <elements href="assembly.xml#Text.to.XML"/>
  </swimlanes>
  <swimlanes x="227" y="990" font="Bodoni MT Condensed|12|0" bgColor="13820899" fontColor="1" name="Get.Tax.Rates">
    <elements href="assembly.xml#SUI.API.Call"/>
    <elements href="#//@swimlanes.11"/>
    <elements href="assembly.xml#Get.tax.Rates"/>
    <elements href="assembly.xml#JSON.to.XML"/>
    <elements href="assembly.xml#Transform.And.Store"/>
  </swimlanes>
  <swimlanes x="138" y="755" font="Bodoni MT Condensed|12|0" bgColor="13491420" fontColor="1" name="Simplify.State.Maps">
    <elements href="assembly.xml#Process.Oauth2"/>
    <elements href="assembly.xml#Initialize"/>
    <elements href="#//@swimlanes.7"/>
    <elements href="assembly.xml#Information.Message"/>
    <elements href="assembly.xml#Is.Refresh.Token.Present"/>
  </swimlanes>
  <swimlanes x="209" y="224" font="Bodoni MT Condensed|12|0" bgColor="12972798" fontColor="1" name="INT9089.SUI.Rate.Reports" orientation="VERTICAL" elements="//@swimlanes.0 //@swimlanes.1 //@swimlanes.5 //@swimlanes.8 //@swimlanes.4 //@swimlanes.19 //@swimlanes.12 //@swimlanes.16 //@swimlanes.15 //@swimlanes.10"/>
  <swimlanes x="666" y="885" name="" orientation="VERTICAL">
    <elements href="assembly.xml#Is.Client.ID.Present"/>
    <elements href="assembly.xml#Write.Oauth2.process.errors"/>
    <elements href="assembly.xml#Abort.Studio"/>
  </swimlanes>
  <swimlanes x="412" y="1204" font="Bodoni MT Condensed|12|0" bgColor="13426655" fontColor="1" name="Get.Access.Token">
    <elements href="assembly.xml#Get.Access.Token"/>
    <elements href="#//@swimlanes.9"/>
    <elements href="assembly.xml#GetBearer.Token"/>
    <elements href="assembly.xml#Extract.Access.Token"/>
    <elements href="assembly.xml#Store.Access.Token"/>
  </swimlanes>
  <swimlanes x="453" y="1317" name="" orientation="VERTICAL">
    <elements href="assembly.xml#Set.Content.type"/>
    <elements href="assembly.xml#Write.Get.Token.Errors"/>
  </swimlanes>
  <swimlanes x="382" y="1728" font="Bodoni MT Condensed|12|0" bgColor="15263729" fontColor="1" name="Global.Error.Handler">
    <elements href="assembly.xml#//@beans/@mixed.1/@mixed.55"/>
    <elements href="assembly.xml#Note-Error"/>
  </swimlanes>
  <swimlanes x="433" y="1744" name="" orientation="VERTICAL">
    <elements href="assembly.xml#Set.Authentication"/>
    <elements href="assembly.xml#Write.Get.Rates.Errors"/>
  </swimlanes>
  <swimlanes x="252" y="1893" font="Bodoni MT Condensed|12|0" bgColor="13755106" fontColor="1" name="Generate.Compare.Files">
    <elements href="assembly.xml#Compare.File"/>
    <elements href="assembly.xml#Route"/>
    <elements href="#//@swimlanes.13"/>
    <elements href="assembly.xml#Collate.data"/>
    <elements href="assembly.xml#Transform"/>
    <elements href="#//@swimlanes.14"/>
  </swimlanes>
  <swimlanes x="566" y="2054" name="" orientation="VERTICAL">
    <elements href="assembly.xml#Copy.Company.Data"/>
    <elements href="assembly.xml#Copy.Maps.Data"/>
    <elements href="assembly.xml#Copy.Workday.Report"/>
    <elements href="assembly.xml#Copy.Tax.File"/>
  </swimlanes>
  <swimlanes x="1432" y="2166" name="" orientation="VERTICAL">
    <elements href="assembly.xml#Full.File.with.Status"/>
    <elements href="assembly.xml#Delta.File"/>
  </swimlanes>
  <swimlanes x="278" y="2640" font="Bodoni MT Condensed|12|0" bgColor="14477281" fontColor="1" name="Rename.Input.file">
    <elements href="assembly.xml#Rename.Inputfile"/>
    <elements href="assembly.xml#Delete.Current.tax.file"/>
    <elements href="assembly.xml#Store.Input.file"/>
    <elements href="assembly.xml#Post.taxfile.with.New.name"/>
    <elements href="assembly.xml#Write.Audit.Message"/>
  </swimlanes>
  <swimlanes x="248" y="2652" bgColor="12320767" name="Company.RAAS">
    <elements href="assembly.xml#Company.RAAS"/>
    <elements href="#//@swimlanes.17"/>
    <elements href="assembly.xml#WorkdayOutRest"/>
    <elements href="#//@swimlanes.18"/>
    <elements href="assembly.xml#Copy.RAAS.Output.to.Var"/>
  </swimlanes>
  <swimlanes x="388" y="2755" orientation="VERTICAL">
    <elements href="assembly.xml#Catch.Error"/>
    <elements href="assembly.xml#Write.RAAS.Errors"/>
  </swimlanes>
  <swimlanes x="907" y="3009" orientation="VERTICAL">
    <elements href="assembly.xml#Is.Company.Map.Present"/>
    <elements href="assembly.xml#Write.no.data.Error"/>
  </swimlanes>
  <swimlanes x="317" y="2136" bgColor="11796479" name="Call.State.ISO.RAAS">
    <elements href="assembly.xml#Process.State.ISO.Raas"/>
    <elements href="#//@swimlanes.20"/>
    <elements href="assembly.xml#RAAS.Call"/>
    <elements href="assembly.xml#Copy.RaasOutput.to.Var"/>
  </swimlanes>
  <swimlanes x="464" y="2250" name="" orientation="VERTICAL">
    <elements href="assembly.xml#Catch.RAAS.Call.Errors"/>
    <elements href="assembly.xml#Write.Get.State.ISO.Errors"/>
  </swimlanes>
</wdnm:Diagram>
