<?xml version='1.0' encoding='utf-8'?><File><headerData><recordType>H</recordType><program>RISR</program><fileIndicator>OUT</fileIndicator><programRunDate>20181106                                                                                                                                                                                                                                                                                                                 </programRunDate></headerData><employeeData><paddedZeros>00</paddedZeros><empID>000013391</empID><empLastName>Johnstone</empLastName><empFirstName>Willomina</empFirstName><address1>5554 Place Chenier</address1><address2/><address3/><address4/><city>Toronto</city><province>QC</province><country>CAN</country><postalCode>H1K 3Y9</postalCode><location>0401</location><locationName>Montreal-McGill</locationName><empStatus>T</empStatus><termIndicator/><statusChangeDate>19950402</statusChangeDate><reportRunDate>20181106</reportRunDate></employeeData><employeeData><paddedZeros>00</paddedZeros><empID>000022222</empID><empLastName>Williams</empLastName><empFirstName>Janine</empFirstName><address1>167 Fallingbrook Rd.</address1><address2/><address3/><address4/><city>Montreal</city><province>ON</province><country>CAN</country><postalCode>M1N 2V3</postalCode><location>M3382</location><locationName>Danforth &amp; Woodbine GEO1</locationName><empStatus>A</empStatus><termIndicator/><statusChangeDate>20120801</statusChangeDate><reportRunDate>20181106</reportRunDate></employeeData><employeeData><paddedZeros>00</paddedZeros><empID>000033333</empID><empLastName>Smith</empLastName><empFirstName>May</empFirstName><address1>1590 Rawlings Drive</address1><address2/><address3/><address4/><city>Oshawa</city><province>ON</province><country>CAN</country><postalCode>L1V 5B6</postalCode><location>M3307</location><locationName>Leslie &amp; York Mills GEO1</locationName><empStatus>P</empStatus><termIndicator/><statusChangeDate>20180910</statusChangeDate><reportRunDate>20181106</reportRunDate></employeeData><employeeData><paddedZeros>00</paddedZeros><empID>219420678</empID><empLastName>James</empLastName><empFirstName>Cadeau</empFirstName><address1>   1590 Rawlings Drive</address1><address2/><address3/><address4/><city>   Oshawa</city><province>   ON</province><country/><postalCode>CANL1V 5B6</postalCode><location>   M3307</location><locationName>   Leslie &amp; York Mills GEO1</locationName><empStatus/><termIndicator/><statusChangeDate> P 20180</statusChangeDate><reportRunDate>91020181106</reportRunDate></employeeData><trailerData><recordType>T</recordType><program>RISR</program><fileIndicator>OUT</fileIndicator><programRunDate>20181106</programRunDate><extraData>                                                                                                                                                                                                                                                                                                                 
</extraData></trailerData></File>