<?xml version='1.0' encoding='UTF-8'?><Worker xmlns:env="http://schemas.xmlsoap.org/soap/envelope/">
<empID>238204896</empID>
<empLastName>STEWART</empLastName>
<empFirstName>MARK A.</empFirstName>
<address1>90 Stadium Rd</address1>
<address2>Unit 403</address2>
<address3/>
<address4/>
<city>TORONTO</city>
<province>ON</province>
<country>CAN</country>
<postalCode>M5V 3W5</postalCode>
<location>M3709_BMO</location>
<locationName>Exchange Tower - 130 King - BMO</locationName>
<empStatus>A</empStatus>
<statusChangeDate>2002-03-18</statusChangeDate>
<reportRunDate/>
</Worker>