<?xml version="1.0" encoding="UTF-8"?>
<wdnm:Diagram xmlns:wdnm="http://workday.com/studio/editors/notation">
  <element href="assembly.xml#WorkdayAssembly"/>
  <visualProperties x="51" y="32">
    <element href="assembly.xml#StartHere"/>
  </visualProperties>
  <visualProperties x="31" y="573">
    <element href="assembly.xml#ProcessMaintainFiles"/>
  </visualProperties>
  <visualProperties x="94" y="1289">
    <element href="assembly.xml#ProcessViewFiles"/>
  </visualProperties>
  <visualProperties x="530" y="1223">
    <element href="assembly.xml#T4_View"/>
  </visualProperties>
  <visualProperties x="640" y="480">
    <element href="assembly.xml#T4_Maintain"/>
  </visualProperties>
  <visualProperties x="832" y="480">
    <element href="assembly.xml#Split_T4_Main"/>
  </visualProperties>
  <visualProperties x="1021" y="480">
    <element href="assembly.xml#Map_T4_Main"/>
  </visualProperties>
  <visualProperties x="694" y="1223">
    <element href="assembly.xml#SplitByElement00"/>
  </visualProperties>
  <visualProperties x="877" y="1223">
    <element href="assembly.xml#Map_T4_View"/>
  </visualProperties>
  <visualProperties x="88" y="2023">
    <element href="assembly.xml#ProcessOutput"/>
  </visualProperties>
  <visualProperties x="254" y="2020">
    <element href="assembly.xml#AsyncMediation1"/>
  </visualProperties>
  <visualProperties x="421" y="2020">
    <element href="assembly.xml#WorkdayOutRest"/>
  </visualProperties>
  <visualProperties x="607" y="2020">
    <element href="assembly.xml#AsyncMediation2"/>
  </visualProperties>
  <visualProperties x="781" y="2023">
    <element href="assembly.xml#Splitter"/>
  </visualProperties>
  <visualProperties x="929" y="2032">
    <element href="assembly.xml#AsyncMediation10"/>
  </visualProperties>
  <visualProperties x="1151" y="2032">
    <element href="assembly.xml#retrieveAggregator"/>
  </visualProperties>
  <visualProperties x="1339" y="2032">
    <element href="assembly.xml#AsyncMediation4"/>
  </visualProperties>
  <visualProperties x="408" y="33">
    <element href="assembly.xml#Route"/>
  </visualProperties>
  <visualProperties x="248" y="33">
    <element href="assembly.xml#Initialize"/>
  </visualProperties>
  <visualProperties x="597" y="33">
    <element href="assembly.xml#AsyncMediation6"/>
  </visualProperties>
  <visualProperties x="862" y="77">
    <element href="assembly.xml#CallProcessMaintainBoxFile"/>
  </visualProperties>
  <visualProperties x="1110" y="77">
    <element href="assembly.xml#CallProcessViewBoxFile"/>
  </visualProperties>
  <visualProperties x="298" y="492">
    <element href="assembly.xml#Maintain_Route"/>
  </visualProperties>
  <visualProperties x="639" y="655">
    <element href="assembly.xml#T4A_Maintain"/>
  </visualProperties>
  <visualProperties x="828" y="655">
    <element href="assembly.xml#Split_T4A_Main"/>
  </visualProperties>
  <visualProperties x="1018" y="655">
    <element href="assembly.xml#Map_T4A_Main"/>
  </visualProperties>
  <visualProperties x="639" y="823">
    <element href="assembly.xml#RL-1_Maintain"/>
  </visualProperties>
  <visualProperties x="825" y="823">
    <element href="assembly.xml#Split_RL-1_Main"/>
  </visualProperties>
  <visualProperties x="1014" y="823">
    <element href="assembly.xml#Map_RL-1_Main"/>
  </visualProperties>
  <visualProperties x="640" y="991">
    <element href="assembly.xml#RL-2_Maintain"/>
  </visualProperties>
  <visualProperties x="821" y="998">
    <element href="assembly.xml#Split_RL-2_Main"/>
  </visualProperties>
  <visualProperties x="1018" y="998">
    <element href="assembly.xml#Map_RL-2_Main"/>
  </visualProperties>
  <visualProperties x="305" y="1238">
    <element href="assembly.xml#View_Route"/>
  </visualProperties>
  <visualProperties x="527" y="1393">
    <element href="assembly.xml#T4A_View"/>
  </visualProperties>
  <visualProperties x="694" y="1393">
    <element href="assembly.xml#SplitByElement000"/>
  </visualProperties>
  <visualProperties x="877" y="1393">
    <element href="assembly.xml#Map_T4A_View"/>
  </visualProperties>
  <visualProperties x="523" y="1559">
    <element href="assembly.xml#RL-1_View"/>
  </visualProperties>
  <visualProperties x="690" y="1559">
    <element href="assembly.xml#SplitByElement0000"/>
  </visualProperties>
  <visualProperties x="873" y="1559">
    <element href="assembly.xml#Map_Rl-1_View"/>
  </visualProperties>
  <visualProperties x="523" y="1726">
    <element href="assembly.xml#RL-2_View"/>
  </visualProperties>
  <visualProperties x="690" y="1726">
    <element href="assembly.xml#SplitByElement0001"/>
  </visualProperties>
  <visualProperties x="873" y="1726">
    <element href="assembly.xml#Map_RL-2_View"/>
  </visualProperties>
  <visualProperties x="1541" y="80">
    <element href="assembly.xml#FinalAggregator"/>
  </visualProperties>
  <visualProperties x="1331" y="77">
    <element href="assembly.xml#CallProcessOutput"/>
  </visualProperties>
  <visualProperties x="1162" y="1960">
    <element href="assembly.xml#Aggregator"/>
  </visualProperties>
  <visualProperties x="1722" y="67">
    <element href="assembly.xml#AsyncMediation40"/>
  </visualProperties>
  <visualProperties x="1615" y="238">
    <element href="assembly.xml#PutIntegrationMessage"/>
  </visualProperties>
  <connections type="routesTo" sourceAnchorX="1.0" sourceAnchorY="0.24468085106382978" targetAnchorX="0.25" targetAnchorY="0.16233766233766234">
    <source href="assembly.xml#T4_Maintain"/>
    <target href="assembly.xml#Split_T4_Main"/>
  </connections>
  <connections type="routesTo" sourceAnchorX="0.5378151260504201" sourceAnchorY="1.0" targetAnchorX="0.07751937984496124" targetAnchorY="0.5212765957446809">
    <source href="assembly.xml#//@beans/@mixed.1/@splitter.0/@subRoute.0"/>
    <target href="assembly.xml#Map_T4_Main"/>
  </connections>
  <connections type="routesTo" sourceAnchorX="0.5378151260504201" sourceAnchorY="1.0" targetAnchorX="0.07751937984496124" targetAnchorY="0.5212765957446809">
    <source href="assembly.xml#//@beans/@mixed.1/@splitter.1/@subRoute.0"/>
    <target href="assembly.xml#Map_T4_View"/>
  </connections>
  <connections type="routesTo" sourceAnchorX="0.697841726618705" sourceAnchorY="1.0" targetAnchorX="0.08955223880597014" targetAnchorY="0.22826086956521738">
    <source href="assembly.xml#ProcessOutput"/>
    <target href="assembly.xml#AsyncMediation1"/>
  </connections>
  <connections type="routesTo" sourceAnchorX="1.0" sourceAnchorY="0.1702127659574468" targetAnchorX="0.42953020134228187" targetAnchorY="0.35135135135135137">
    <source href="assembly.xml#AsyncMediation1"/>
    <target href="assembly.xml#WorkdayOutRest"/>
  </connections>
  <connections type="routesResponseTo" sourceAnchorX="0.0" sourceAnchorY="0.24324324324324326" targetAnchorX="0.09701492537313433" targetAnchorY="0.21739130434782608">
    <source href="assembly.xml#WorkdayOutRest"/>
    <target href="assembly.xml#AsyncMediation2"/>
  </connections>
  <connections type="routesTo" sourceAnchorX="0.6170212765957447" sourceAnchorY="1.0" targetAnchorX="0.09701492537313433" targetAnchorY="0.48936170212765956">
    <source href="assembly.xml#//@beans/@mixed.1/@splitter.2/@subRoute.0"/>
    <target href="assembly.xml#AsyncMediation10"/>
  </connections>
  <connections type="routesTo" sourceAnchorX="0.0" sourceAnchorY="0.24468085106382978" targetAnchorX="0.4766355140186916" targetAnchorY="0.07142857142857142">
    <source href="assembly.xml#AsyncMediation2"/>
    <target href="assembly.xml#Splitter"/>
  </connections>
  <connections type="routesTo" sourceAnchorX="1.0" sourceAnchorY="0.2127659574468085" targetAnchorX="0.4507042253521127" targetAnchorY="0.46226415094339623">
    <source href="assembly.xml#AsyncMediation10"/>
    <target href="assembly.xml#retrieveAggregator"/>
  </connections>
  <connections type="routesTo" sourceAnchorX="1.0" sourceAnchorY="0.16981132075471697" targetAnchorX="0.3656716417910448" targetAnchorY="0.11956521739130435">
    <source href="assembly.xml#retrieveAggregator"/>
    <target href="assembly.xml#AsyncMediation4"/>
  </connections>
  <connections type="routesTo" sourceAnchorX="1.0" sourceAnchorY="0.1702127659574468" targetAnchorX="0.2589928057553957" targetAnchorY="0.12337662337662338">
    <source href="assembly.xml#T4_View"/>
    <target href="assembly.xml#SplitByElement00"/>
  </connections>
  <connections type="routesTo" sourceAnchorX="0.6534090909090909" sourceAnchorY="1.0" targetAnchorX="0.2109375" targetAnchorY="0.024752475247524754">
    <source href="assembly.xml#ProcessMaintainFiles"/>
    <target href="assembly.xml#Maintain_Route"/>
  </connections>
  <connections type="routesTo" sourceAnchorX="0.5478260869565217" sourceAnchorY="1.0" targetAnchorX="0.1865671641791045" targetAnchorY="0.14893617021276595">
    <source href="assembly.xml#//@beans/@mixed.1/@route.1/@subRoute.0"/>
    <target href="assembly.xml#T4_Maintain"/>
  </connections>
  <connections type="routesTo" sourceAnchorX="1.0" sourceAnchorY="0.24468085106382978" targetAnchorX="0.25" targetAnchorY="0.16233766233766234">
    <source href="assembly.xml#T4A_Maintain"/>
    <target href="assembly.xml#Split_T4A_Main"/>
  </connections>
  <connections type="routesTo" sourceAnchorX="0.5378151260504201" sourceAnchorY="1.0" targetAnchorX="0.07751937984496124" targetAnchorY="0.5212765957446809">
    <source href="assembly.xml#//@beans/@mixed.1/@splitter.3/@subRoute.0"/>
    <target href="assembly.xml#Map_T4A_Main"/>
  </connections>
  <connections type="routesTo" sourceAnchorX="1.0" sourceAnchorY="0.14893617021276595" targetAnchorX="0.2602739726027397" targetAnchorY="0.08441558441558442">
    <source href="assembly.xml#RL-1_Maintain"/>
    <target href="assembly.xml#Split_RL-1_Main"/>
  </connections>
  <connections type="routesTo" sourceAnchorX="0.6766917293233082" sourceAnchorY="1.0" targetAnchorX="0.16783216783216784" targetAnchorY="0.14893617021276595">
    <source href="assembly.xml#//@beans/@mixed.1/@splitter.4/@subRoute.0"/>
    <target href="assembly.xml#Map_RL-1_Main"/>
  </connections>
  <connections type="routesTo" sourceAnchorX="0.4608695652173913" sourceAnchorY="1.0" targetAnchorX="0.24113475177304963" targetAnchorY="0.1276595744680851">
    <source href="assembly.xml#//@beans/@mixed.1/@route.1/@subRoute.1"/>
    <target href="assembly.xml#T4A_Maintain"/>
  </connections>
  <connections type="routesTo" sourceAnchorX="0.5130434782608696" sourceAnchorY="1.0" targetAnchorX="0.36486486486486486" targetAnchorY="0.1595744680851064">
    <source href="assembly.xml#//@beans/@mixed.1/@route.1/@subRoute.2"/>
    <target href="assembly.xml#RL-1_Maintain"/>
  </connections>
  <connections type="routesTo" sourceAnchorX="1.0" sourceAnchorY="0.20212765957446807" targetAnchorX="0.21568627450980393" targetAnchorY="0.11038961038961038">
    <source href="assembly.xml#RL-2_Maintain"/>
    <target href="assembly.xml#Split_RL-2_Main"/>
  </connections>
  <connections type="routesTo" sourceAnchorX="0.65" sourceAnchorY="1.0" targetAnchorX="0.13333333333333333" targetAnchorY="0.13829787234042554">
    <source href="assembly.xml#//@beans/@mixed.1/@splitter.5/@subRoute.0"/>
    <target href="assembly.xml#Map_RL-2_Main"/>
  </connections>
  <connections type="routesTo" sourceAnchorX="0.6086956521739131" sourceAnchorY="1.0" targetAnchorX="0.09352517985611511" targetAnchorY="0.14893617021276595">
    <source href="assembly.xml#//@beans/@mixed.1/@route.1/@subRoute.3"/>
    <target href="assembly.xml#RL-2_Maintain"/>
  </connections>
  <connections type="routesTo" sourceAnchorX="1.0" sourceAnchorY="0.22340425531914893" targetAnchorX="0.21232876712328766" targetAnchorY="0.05844155844155844">
    <source href="assembly.xml#T4A_View"/>
    <target href="assembly.xml#SplitByElement000"/>
  </connections>
  <connections type="routesTo" sourceAnchorX="0.8120300751879699" sourceAnchorY="1.0" targetAnchorX="0.09090909090909091" targetAnchorY="0.06382978723404255">
    <source href="assembly.xml#//@beans/@mixed.1/@splitter.6/@subRoute.0"/>
    <target href="assembly.xml#Map_T4A_View"/>
  </connections>
  <connections type="routesTo" sourceAnchorX="0.8631578947368421" sourceAnchorY="1.0" targetAnchorX="0.07086614173228346" targetAnchorY="0.1702127659574468">
    <source href="assembly.xml#//@beans/@mixed.1/@route.2/@subRoute.0"/>
    <target href="assembly.xml#T4_View"/>
  </connections>
  <connections type="routesTo" sourceAnchorX="0.5157894736842106" sourceAnchorY="1.0" targetAnchorX="0.11940298507462686" targetAnchorY="0.1595744680851064">
    <source href="assembly.xml#//@beans/@mixed.1/@route.2/@subRoute.1"/>
    <target href="assembly.xml#T4A_View"/>
  </connections>
  <connections type="routesTo" sourceAnchorX="1.0" sourceAnchorY="0.22340425531914893" targetAnchorX="0.21232876712328766" targetAnchorY="0.05844155844155844">
    <source href="assembly.xml#RL-1_View"/>
    <target href="assembly.xml#SplitByElement0000"/>
  </connections>
  <connections type="routesTo" sourceAnchorX="0.8120300751879699" sourceAnchorY="1.0" targetAnchorX="0.09090909090909091" targetAnchorY="0.06382978723404255">
    <source href="assembly.xml#//@beans/@mixed.1/@splitter.7/@subRoute.0"/>
    <target href="assembly.xml#Map_Rl-1_View"/>
  </connections>
  <connections type="routesTo" sourceAnchorX="1.0" sourceAnchorY="0.22340425531914893" targetAnchorX="0.21232876712328766" targetAnchorY="0.05844155844155844">
    <source href="assembly.xml#RL-2_View"/>
    <target href="assembly.xml#SplitByElement0001"/>
  </connections>
  <connections type="routesTo" sourceAnchorX="0.8120300751879699" sourceAnchorY="1.0" targetAnchorX="0.09090909090909091" targetAnchorY="0.06382978723404255">
    <source href="assembly.xml#//@beans/@mixed.1/@splitter.8/@subRoute.0"/>
    <target href="assembly.xml#Map_RL-2_View"/>
  </connections>
  <connections type="routesTo" sourceAnchorX="0.6421052631578947" sourceAnchorY="1.0" targetAnchorX="0.19858156028368795" targetAnchorY="0.1276595744680851">
    <source href="assembly.xml#//@beans/@mixed.1/@route.2/@subRoute.2"/>
    <target href="assembly.xml#RL-1_View"/>
  </connections>
  <connections type="routesTo" sourceAnchorX="1.0" sourceAnchorY="1.0" targetAnchorX="0.16312056737588654" targetAnchorY="0.19148936170212766">
    <source href="assembly.xml#//@beans/@mixed.1/@route.2/@subRoute.3"/>
    <target href="assembly.xml#RL-2_View"/>
  </connections>
  <connections type="routesTo" sourceAnchorX="0.4807692307692308" sourceAnchorY="1.0" targetAnchorX="0.3148148148148148" targetAnchorY="0.019801980198019802">
    <source href="assembly.xml#ProcessViewFiles"/>
    <target href="assembly.xml#View_Route"/>
  </connections>
  <connections type="routesTo">
    <source href="assembly.xml#AsyncMediation6"/>
    <target href="assembly.xml#CallProcessMaintainBoxFile"/>
  </connections>
  <connections type="routesResponseTo" sourceAnchorX="0.6777251184834123" sourceAnchorY="1.0" targetAnchorX="0.2198952879581152" targetAnchorY="0.32432432432432434">
    <source href="assembly.xml#CallProcessMaintainBoxFile"/>
    <target href="assembly.xml#CallProcessViewBoxFile"/>
  </connections>
  <connections type="routesResponseTo" sourceAnchorX="0.612565445026178" sourceAnchorY="1.0" targetAnchorX="0.4906832298136646" targetAnchorY="0.13513513513513514">
    <source href="assembly.xml#CallProcessViewBoxFile"/>
    <target href="assembly.xml#CallProcessOutput"/>
  </connections>
  <connections type="routesResponseTo" sourceAnchorX="0.6770186335403726" sourceAnchorY="1.0" targetAnchorX="0.3819444444444444" targetAnchorY="0.9459459459459459">
    <source href="assembly.xml#CallProcessOutput"/>
    <target href="assembly.xml#FinalAggregator"/>
  </connections>
  <connections type="routesTo" sourceAnchorX="0.3247863247863248" sourceAnchorY="1.0" targetAnchorX="0.5633802816901409" targetAnchorY="0.41509433962264153">
    <source href="assembly.xml#Aggregator"/>
    <target href="assembly.xml#retrieveAggregator"/>
  </connections>
  <connections type="routesTo" sourceAnchorX="0.7522935779816514" sourceAnchorY="1.0" targetAnchorX="0.35185185185185186" targetAnchorY="0.13829787234042554">
    <source href="assembly.xml#StartHere"/>
    <target href="assembly.xml#Initialize"/>
  </connections>
  <connections type="routesTo" sourceAnchorX="1.0" sourceAnchorY="0.14893617021276595" targetAnchorX="0.32710280373831774" targetAnchorY="0.1038961038961039">
    <source href="assembly.xml#Initialize"/>
    <target href="assembly.xml#Route"/>
  </connections>
  <connections type="routesTo" sourceAnchorX="0.8085106382978723" sourceAnchorY="1.0" targetAnchorX="0.23178807947019867" targetAnchorY="0.09574468085106383">
    <source href="assembly.xml#//@beans/@mixed.1/@route.0/@subRoute.0"/>
    <target href="assembly.xml#AsyncMediation6"/>
  </connections>
  <connections type="routesResponseTo" sourceAnchorX="0.4513888888888889" sourceAnchorY="1.0" targetAnchorX="0.4276729559748428" targetAnchorY="0.19791666666666666">
    <source href="assembly.xml#FinalAggregator"/>
    <target href="assembly.xml#AsyncMediation40"/>
  </connections>
  <connections type="routesTo" sourceAnchorX="0.2893081761006289" sourceAnchorY="0.625" targetAnchorX="0.14634146341463414" targetAnchorY="1.0">
    <source href="assembly.xml#AsyncMediation40"/>
    <target href="assembly.xml#PutIntegrationMessage"/>
  </connections>
</wdnm:Diagram>
