<?xml version="1.0" encoding="UTF-8"?>
<wdnm:Diagram xmlns:wdnm="http://workday.com/studio/editors/notation">
  <element href="assembly.xml#WorkdayAssembly"/>
  <visualProperties x="113" y="183">
    <element href="assembly.xml#StartHere"/>
  </visualProperties>
  <visualProperties x="524" y="214">
    <element href="assembly.xml#Route0"/>
  </visualProperties>
  <visualProperties x="322" y="183">
    <element href="assembly.xml#getFiles"/>
  </visualProperties>
  <visualProperties x="833" y="152">
    <element href="assembly.xml#AsyncMediation"/>
  </visualProperties>
  <visualProperties x="604" y="571">
    <element href="assembly.xml#RetrievalFailureMessage1"/>
  </visualProperties>
  <visualProperties x="346" y="174">
    <element href="assembly.xml#CallFileRetrieval"/>
  </visualProperties>
  <visualProperties x="151" y="387">
    <element href="assembly.xml#FileRetrieval"/>
  </visualProperties>
  <visualProperties x="562" y="169">
    <element href="assembly.xml#CallTimezoneMap"/>
  </visualProperties>
  <visualProperties x="967" y="369">
    <element href="assembly.xml#TimeZoneMap"/>
  </visualProperties>
  <visualProperties x="1152" y="374">
    <element href="assembly.xml#GetIntegrationSystems"/>
  </visualProperties>
  <visualProperties x="1420" y="385">
    <element href="assembly.xml#AsyncMediation0"/>
  </visualProperties>
  <visualProperties x="795" y="176">
    <element href="assembly.xml#CallFileUpdate"/>
  </visualProperties>
  <visualProperties x="285" y="662">
    <element href="assembly.xml#FileUpdate"/>
  </visualProperties>
  <visualProperties x="309" y="674">
    <element href="assembly.xml#AsyncMediation1"/>
  </visualProperties>
  <visualProperties x="310" y="875">
    <element href="assembly.xml#MergingFailureMessage"/>
  </visualProperties>
  <visualProperties x="582" y="716">
    <element href="assembly.xml#AsyncMediation2"/>
  </visualProperties>
  <visualProperties x="700" y="884">
    <element href="assembly.xml#Filestore"/>
  </visualProperties>
  <visualProperties x="1590" y="535">
    <element href="assembly.xml#TZRetrievalFailureMessage"/>
  </visualProperties>
  <visualProperties x="963" y="735">
    <element href="assembly.xml#DeliverLogFile"/>
  </visualProperties>
  <connections type="routesResponseTo" sourceAnchorX="0.6583333333333333" sourceAnchorY="1.0" targetAnchorX="0.15151515151515152" targetAnchorY="0.40229885057471265">
    <source href="assembly.xml#getFiles"/>
    <target href="assembly.xml#Route0"/>
  </connections>
  <connections type="routesTo" sourceAnchorX="0.5966386554621849" sourceAnchorY="1.0" targetAnchorX="0.27380952380952384" targetAnchorY="0.5543478260869565">
    <source href="assembly.xml#//@beans/@mixed.1/@route.0/@subRoute.0"/>
    <target href="assembly.xml#AsyncMediation"/>
  </connections>
  <connections type="routesTo" sourceAnchorX="0.27071823204419887" sourceAnchorY="1.0" targetAnchorX="0.29699248120300753" targetAnchorY="0.13513513513513514">
    <source href="assembly.xml#//@beans/@mixed.1/@mixed.7/@mixed.3"/>
    <target href="assembly.xml#RetrievalFailureMessage1"/>
  </connections>
  <connections type="routesTo" sourceAnchorX="0.6865671641791045" sourceAnchorY="1.0" targetAnchorX="0.16483516483516483" targetAnchorY="0.2702702702702703">
    <source href="assembly.xml#StartHere"/>
    <target href="assembly.xml#CallFileRetrieval"/>
  </connections>
  <connections type="routesTo" sourceAnchorX="0.5286624203821656" sourceAnchorY="1.0" targetAnchorX="0.125" targetAnchorY="0.5405405405405406">
    <source href="assembly.xml#FileRetrieval"/>
    <target href="assembly.xml#getFiles"/>
  </connections>
  <connections type="routesTo" sourceAnchorX="0.42441860465116277" sourceAnchorY="1.0" targetAnchorX="0.10504201680672269" targetAnchorY="0.32432432432432434">
    <source href="assembly.xml#TimeZoneMap"/>
    <target href="assembly.xml#GetIntegrationSystems"/>
  </connections>
  <connections type="routesResponseTo" sourceAnchorX="0.5588235294117647" sourceAnchorY="1.0" targetAnchorX="0.11797752808988764" targetAnchorY="0.5217391304347826">
    <source href="assembly.xml#GetIntegrationSystems"/>
    <target href="assembly.xml#AsyncMediation0"/>
  </connections>
  <connections type="routesResponseTo" sourceAnchorX="0.785" sourceAnchorY="1.0" targetAnchorX="0.2032967032967033" targetAnchorY="0.35135135135135137">
    <source href="assembly.xml#CallTimezoneMap"/>
    <target href="assembly.xml#CallFileUpdate"/>
  </connections>
  <connections type="routesTo" sourceAnchorX="0.7986111111111112" sourceAnchorY="1.0" targetAnchorX="0.028089887640449437" targetAnchorY="0.6304347826086957">
    <source href="assembly.xml#FileUpdate"/>
    <target href="assembly.xml#AsyncMediation1"/>
  </connections>
  <connections type="routesTo" sourceAnchorX="0.39766081871345027" sourceAnchorY="1.0" targetAnchorX="0.39855072463768115" targetAnchorY="0.35135135135135137">
    <source href="assembly.xml#//@beans/@mixed.1/@mixed.27/@mixed.3"/>
    <target href="assembly.xml#MergingFailureMessage"/>
  </connections>
  <connections type="routesTo" sourceAnchorX="1.0" sourceAnchorY="0.17829457364341086" targetAnchorX="0.06938775510204082" targetAnchorY="0.6326530612244898">
    <source href="assembly.xml#AsyncMediation1"/>
    <target href="assembly.xml#AsyncMediation2"/>
  </connections>
  <connections type="routesTo" sourceAnchorX="0.3865546218487395" sourceAnchorY="1.0" targetAnchorX="0.23776223776223776" targetAnchorY="0.40540540540540543">
    <source href="assembly.xml#//@beans/@mixed.1/@mixed.31/@mixed.3"/>
    <target href="assembly.xml#Filestore"/>
  </connections>
  <connections type="routesTo" sourceAnchorX="0.336283185840708" sourceAnchorY="1.0" targetAnchorX="0.28" targetAnchorY="0.7837837837837838">
    <source href="assembly.xml#//@beans/@mixed.1/@mixed.21/@mixed.3"/>
    <target href="assembly.xml#TZRetrievalFailureMessage"/>
  </connections>
  <connections type="routesTo" sourceAnchorX="1.0" sourceAnchorY="0.20155038759689922" targetAnchorX="0.20348837209302326" targetAnchorY="0.6216216216216216">
    <source href="assembly.xml#AsyncMediation2"/>
    <target href="assembly.xml#DeliverLogFile"/>
  </connections>
  <connections type="routesResponseTo" sourceAnchorX="0.7925531914893617" sourceAnchorY="1.0" targetAnchorX="0.1" targetAnchorY="0.5135135135135135">
    <source href="assembly.xml#CallFileRetrieval"/>
    <target href="assembly.xml#CallTimezoneMap"/>
  </connections>
  <swimlanes x="139" y="310" name="Swimlane">
    <elements href="assembly.xml#FileRetrieval"/>
    <elements href="assembly.xml#getFiles"/>
    <elements href="assembly.xml#Route0"/>
    <elements href="assembly.xml#AsyncMediation"/>
  </swimlanes>
  <swimlanes x="192" y="107" name="Swimlane">
    <elements href="assembly.xml#StartHere"/>
    <elements href="assembly.xml#CallFileRetrieval"/>
    <elements href="assembly.xml#CallTimezoneMap"/>
    <elements href="assembly.xml#CallFileUpdate"/>
  </swimlanes>
  <swimlanes x="957" y="317" name="Swimlane">
    <elements href="assembly.xml#TimeZoneMap"/>
    <elements href="assembly.xml#GetIntegrationSystems"/>
    <elements href="assembly.xml#AsyncMediation0"/>
  </swimlanes>
  <swimlanes x="145" y="629" name="Swimlane">
    <elements href="assembly.xml#FileUpdate"/>
    <elements href="assembly.xml#AsyncMediation1"/>
    <elements href="assembly.xml#AsyncMediation2"/>
    <elements href="assembly.xml#DeliverLogFile"/>
  </swimlanes>
</wdnm:Diagram>
