<wd:Payroll_Input_Request xmlns:wd="urn:workday.com/bsvc">
	<wd:Payroll_Input_Data>
		<wd:Origin_Record_Nbr>1</wd:Origin_Record_Nbr>
		<wd:Worker_Reference type="Employee_ID">123456</wd:Worker_Reference>
		<wd:Deduction_Reference type="Deduction_Code">UWAY</wd:Deduction_Reference>
		<wd:Ongoing_Input>false</wd:Ongoing_Input>
		<wd:End_Existing>false</wd:End_Existing>
		<wd:Adjustment>false</wd:Adjustment>
		<wd:Start_Date>2017-06-24</wd:Start_Date>
		<wd:End_Date>2017-07-01</wd:End_Date>
		<wd:Amount>1000.81</wd:Amount>	
		<wd:Comment>Test input by generic payroll input processor.</wd:Comment>
	</wd:Payroll_Input_Data>
</wd:Payroll_Input_Request>
