<?xml version="1.0" encoding="UTF-8" ?>
<wd:Payroll_Input_Request xmlns:wd="urn:com.workday/bsvc">
	<wd:Payroll_Input_Data>
		<wd:Origin_Record_Nbr>1</wd:Origin_Record_Nbr>
		<wd:Worker_Reference wd:type="Employee_ID">275</wd:Worker_Reference>
		<wd:Earning_Reference wd:type="Earning_Code">EER</wd:Earning_Reference>
		<wd:Ongoing_Input>false</wd:Ongoing_Input>
		<wd:Update_Existing>false</wd:Update_Existing>
		<wd:Adjustment>false</wd:Adjustment>
		<wd:Start_Date>2017-07-09</wd:Start_Date>
		<wd:End_Date>2017-07-15</wd:End_Date>
		<wd:Amount>25.00</wd:Amount>
		<wd:Comment>INT025</wd:Comment>	
	</wd:Payroll_Input_Data>
</wd:Payroll_Input_Request>