<?xml version="1.0" encoding="UTF-8"?>
<beans
     xmlns="http://www.springframework.org/schema/beans"
     xmlns:beans="http://www.springframework.org/schema/beans"
     xmlns:atom="http://www.w3.org/2005/Atom"
     xmlns:cc="http://www.capeclear.com/assembly/10"
     xmlns:cloud="urn:com.workday/esb/cloud/10.0"
     xmlns:env="http://schemas.xmlsoap.org/soap/envelope/"
     xmlns:pi="urn:com.workday/picof"
     xmlns:wd="urn:com.workday/bsvc"
     xmlns:xsi="http://www.w3.org/2001/XMLSchema-instance">
 
	<cc:assembly id="WorkdayAssembly" version="2024.11">
        <cc:workday-in id="StartHere">
            <cc:integration-system name="VSR_PageGet"/>
        </cc:workday-in>
        <cc:local-out id="PagedGet" routes-response-to="AsyncMediation" endpoint="vm://wcc/PagedGet"><cc:set name="is.paged.get.request.current.page.xpath" value="'/env:Envelope/env:Body/*/wd:Response_Filter/wd:Page'"/><cc:set name="is.paged.get.response.current.page.xpath" value="'/env:Envelope/env:Body/*/wd:Response_Results/wd:Page'"/><cc:set name="is.paged.get.response.total.pages.xpath" value="'/env:Envelope/env:Body/*/wd:Response_Results/wd:Total_Pages'"/><cc:set name="is.paged.get.response.total.results.xpath" value="'/env:Envelope/env:Body/*/wd:Response_Results/wd:Total_Results'"/><cc:set name="is.paged.get.application" value="'Staffing'"/><cc:set name="is.paged.get.version" value="'v42.0'"/><cc:set name="is.paged.get.page.zero" value="false"/><cc:set name="is.paged.get.store.requests" value="true"/><cc:set name="is.paged.get.parallel " value="true"/></cc:local-out>
        <cc:async-mediation id="AsyncMediation">
            <cc:steps>
                <cc:log id="Log">
                    <cc:log-message>
                        <cc:text>*************************************************************************************</cc:text>
                        <cc:message-content/>
                        <cc:text>*************************************************************************************</cc:text>
                    </cc:log-message>
                </cc:log>
            </cc:steps>
        </cc:async-mediation>
        <cc:local-out id="Call_WriteError" store-message="none" endpoint="vm://VSR_PageGet/WriteError"><cc:set name="ErrorMessage" value="'Error Processing Build Request ' +context.errorMessage"/><cc:set name="SubRoutineName"/><cc:set name="Severity" value="'ERROR'"/></cc:local-out>
        <cc:async-mediation id="AsyncMediation1" routes-to="WorkdayOutSoap">
            <cc:steps>
                <cc:write id="Write">
                    <cc:message>
                        <cc:text>&lt;?xml version=&quot;1.0&quot; ?>&#xD;
&lt;env:Envelope xmlns:env=&quot;http://schemas.xmlsoap.org/soap/envelope/&quot;>&#xD;
    &lt;env:Body>&#xD;
        &lt;wd:Get_Workers_Request xmlns:wd=&quot;urn:com.workday/bsvc&quot; wd:version=&quot;v42.0&quot;>&#xD;
            &lt;wd:Response_Filter>&#xD;
                &lt;wd:Page>1&lt;/wd:Page>&#xD;
                &lt;wd:Count>10&lt;/wd:Count>&#xD;
            &lt;/wd:Response_Filter>&#xD;
            &lt;wd:Response_Group>&#xD;
                &lt;wd:Include_Reference>true&lt;/wd:Include_Reference>&#xD;
                &lt;wd:Include_Personal_Information>true&lt;/wd:Include_Personal_Information>&#xD;
            &lt;/wd:Response_Group>&#xD;
        &lt;/wd:Get_Workers_Request>&#xD;
    &lt;/env:Body>&#xD;
&lt;/env:Envelope></cc:text>
                    </cc:message>
                </cc:write>
            </cc:steps>
        </cc:async-mediation>
        <cc:workday-out-soap id="WorkdayOutSoap" routes-response-to="AsyncMediation2" application="Staffing" version="v42.0"/>
        <cc:async-mediation id="AsyncMediation2">
            <cc:steps>
                <cc:log id="Log">
                    <cc:log-message>
                        
                        <cc:text>*************************************************************************************</cc:text>
                        <cc:message-content/><cc:text>*************************************************************************************</cc:text>
                    </cc:log-message>
                </cc:log>
            </cc:steps>
        </cc:async-mediation>
        <cc:workday-out-soap id="WorkdayOutSoap0" application="Human_Resources" version="v42.2"/>
        <cc:sync-mediation id="SyncMediation" routes-to="WorkdayOutSoap0">
            <cc:request-steps>
                <cc:write id="Prepare_Request">
                    <cc:message>
                        <cc:text>&lt;?xml version=&quot;1.0&quot; ?>
&lt;env:Envelope xmlns:env=&quot;http://schemas.xmlsoap.org/soap/envelope/&quot;>
    &lt;env:Body>
        &lt;wd:Get_Workers_Request xmlns:wd=&quot;urn:com.workday/bsvc&quot; wd:version=&quot;v42.2&quot;>
            &lt;wd:Response_Filter>
                &lt;wd:Page>1&lt;/wd:Page>
                &lt;wd:Count>10&lt;/wd:Count>
            &lt;/wd:Response_Filter>
            &lt;wd:Response_Group>
                &lt;wd:Include_Personal_Information>true&lt;/wd:Include_Personal_Information>
                &lt;wd:Include_Additional_Jobs>true&lt;/wd:Include_Additional_Jobs>
                &lt;wd:Include_Employment_Information>true&lt;/wd:Include_Employment_Information>
                &lt;wd:Include_Qualifications>true&lt;/wd:Include_Qualifications>
                &lt;wd:Include_Account_Provisioning>true&lt;/wd:Include_Account_Provisioning>
            &lt;/wd:Response_Group>
        &lt;/wd:Get_Workers_Request>
    &lt;/env:Body>
&lt;/env:Envelope></cc:text>
                    </cc:message>
                </cc:write>
            </cc:request-steps>
            <cc:response-steps>
                <cc:log id="Log_Response">
                    <cc:log-message>
                        <cc:message-content/>
                    </cc:log-message>
                </cc:log>
            </cc:response-steps>
        </cc:sync-mediation>
        <cc:local-out id="PagedGet0" endpoint="vm://wcc/PagedGet"><cc:set name="is.paged.get.request.current.page.xpath" value="'/env:Envelope/env:Body/*/wd:Response_Filter/wd:Page'"/><cc:set name="is.paged.get.response.current.page.xpath" value="'/env:Envelope/env:Body/*/wd:Response_Results/wd:Page'"/><cc:set name="is.paged.get.response.total.pages.xpath" value="'/env:Envelope/env:Body/*/wd:Response_Results/wd:Total_Pages'"/><cc:set name="is.paged.get.response.total.results.xpath" value="'/env:Envelope/env:Body/*/wd:Response_Results/wd:Total_Results'"/><cc:set name="is.paged.get.aggregate.xpath" value="'/*'"/><cc:set name="is.paged.get.aggregate.header"/><cc:set name="is.paged.get.aggregate.footer"/><cc:set name="is.paged.get.application" value="'Integrations'"/><cc:set name="is.paged.get.version"/><cc:set name="is.paged.get.page.zero" value="false"/><cc:set name="is.paged.get.store.requests" value="true"/><cc:set name="is.paged.get.parallel" value="false"/></cc:local-out>
	</cc:assembly>

</beans>