<?xml version="1.0" encoding="UTF-8"?>
<wdnm:Diagram xmlns:wdnm="http://workday.com/studio/editors/notation">
  <element href="assembly.xml#WorkdayAssembly"/>
  <visualProperties x="258" y="196">
    <element href="assembly.xml#StartHere"/>
  </visualProperties>
  <visualProperties x="377" y="197">
    <element href="assembly.xml#PagedGet"/>
  </visualProperties>
  <visualProperties x="528" y="193">
    <element href="assembly.xml#AsyncMediation"/>
  </visualProperties>
  <visualProperties x="494" y="358">
    <element href="assembly.xml#Call_WriteError"/>
  </visualProperties>
  <visualProperties x="1150" y="296">
    <element href="assembly.xml#AsyncMediation1"/>
  </visualProperties>
  <visualProperties x="1280" y="241">
    <element href="assembly.xml#WorkdayOutSoap"/>
  </visualProperties>
  <visualProperties x="1465" y="244">
    <element href="assembly.xml#AsyncMediation2"/>
  </visualProperties>
  <visualProperties x="412" y="240">
    <element href="assembly.xml#SyncMediation"/>
  </visualProperties>
  <visualProperties x="626" y="295">
    <element href="assembly.xml#WorkdayOutSoap0"/>
  </visualProperties>
  <visualProperties x="606" y="274">
    <element href="assembly.xml#PagedGet0"/>
  </visualProperties>
  <connections type="routesResponseTo" sourceAnchorX="0.6339285714285714" sourceAnchorY="1.0" targetAnchorX="0.6929133858267716" targetAnchorY="0.5217391304347826">
    <source href="assembly.xml#PagedGet"/>
    <target href="assembly.xml#AsyncMediation"/>
  </connections>
  <connections type="routesTo" sourceAnchorX="1.0" sourceAnchorY="0.2765957446808511" targetAnchorX="0.34210526315789475" targetAnchorY="0.3783783783783784">
    <source href="assembly.xml#AsyncMediation1"/>
    <target href="assembly.xml#WorkdayOutSoap"/>
  </connections>
  <connections type="routesResponseTo" sourceAnchorX="0.7894736842105263" sourceAnchorY="1.0" targetAnchorX="0.373134328358209" targetAnchorY="0.45652173913043476">
    <source href="assembly.xml#WorkdayOutSoap"/>
    <target href="assembly.xml#AsyncMediation2"/>
  </connections>
  <connections type="routesTo" sourceAnchorX="0.8431372549019608" sourceAnchorY="0.4391891891891892" targetAnchorX="0.06976744186046512" targetAnchorY="0.2702702702702703">
    <source href="assembly.xml#SyncMediation"/>
    <target href="assembly.xml#WorkdayOutSoap0"/>
  </connections>
  <swimlanes x="247" y="147" name="Swimlane">
    <elements href="assembly.xml#StartHere"/>
    <elements href="#//@swimlanes.1"/>
    <elements href="assembly.xml#PagedGet0"/>
    <elements href="assembly.xml#PagedGet"/>
    <elements href="assembly.xml#AsyncMediation"/>
  </swimlanes>
  <swimlanes x="391" y="196" name="Swimlane" orientation="VERTICAL">
    <elements href="assembly.xml#Call_WriteError"/>
    <elements href="assembly.xml#SyncMediation"/>
    <elements href="assembly.xml#WorkdayOutSoap0"/>
  </swimlanes>
  <swimlanes x="1120" y="239" name="Swimlane">
    <elements href="assembly.xml#AsyncMediation1"/>
    <elements href="assembly.xml#WorkdayOutSoap"/>
    <elements href="assembly.xml#AsyncMediation2"/>
  </swimlanes>
</wdnm:Diagram>
