<?xml version="1.0" encoding="UTF-8"?>
<beans
     xmlns="http://www.springframework.org/schema/beans"
     xmlns:beans="http://www.springframework.org/schema/beans"
     xmlns:atom="http://www.w3.org/2005/Atom"
     xmlns:cc="http://www.capeclear.com/assembly/10"
     xmlns:cloud="urn:com.workday/esb/cloud/10.0"
     xmlns:env="http://schemas.xmlsoap.org/soap/envelope/"
     xmlns:pi="urn:com.workday/picof"
     xmlns:wd="urn:com.workday/bsvc"
     xmlns:xsi="http://www.w3.org/2001/XMLSchema-instance">
 
	<cc:assembly id="WorkdayAssembly" version="2020.9">
        <cc:local-out id="Common-Error-Handling" store-message="none" endpoint="vm://INT385_GMS_EmployeeAgreement_Studio_Outbound/Common-error">
            <cc:set name="InputError" value="props['Error'] = 'Error occurred while reading input parameters'"/>
        </cc:local-out>
        <cc:async-mediation id="Reading_Input_Parameters" handle-downstream-errors="true">
            <cc:steps>
                <cc:eval id="Input">
                    <cc:expression>props['Client_ID'] =  intsys.getAttribute('2L_Client_ID')</cc:expression>
                    <cc:expression>props['Client_Secret'] = intsys.getAttribute('2L_Secret_Key')</cc:expression>
                    <cc:expression>props['Token_Endpoint'] = intsys.getAttribute('2L_Token_Endpoint')</cc:expression>
                    <cc:expression>props['2L_Final_End_Point'] = props['Token_Endpoint'] # props['Client_ID'] # '&amp;client_secret=' # props['Client_Secret']</cc:expression>
                    <cc:expression>props['GMS_Incident_End_Point'] = intsys.getAttribute('GMS_Incident_Endpoint')</cc:expression>
                    <cc:expression>props['Position_ID'] = lp.getSimpleData('Position ID')</cc:expression>
                    <cc:expression>props['Candidate_ID'] = lp.getSimpleData('Candidate ID')</cc:expression>
                    <cc:expression>props['effectivetDate'] = lp.getSimpleData('Effective Date')</cc:expression>
                    <cc:expression>props['pBusiness_Process'] = lp.getReferenceData('Business Process', 'WID')</cc:expression>
                    <cc:expression>props['pQuestionnaires'] = lp.getReferenceData('Questionnaire', 'WID')</cc:expression>
                    <cc:expression>props['Employee_ID'] = lp.getSimpleData('Worker')</cc:expression>
                    <cc:expression>//props['CID_SSO'] = props['Candidate_ID'] != null ? 'Candidate_ID=' + props['Candidate_ID'] : 'Worker!Employee_ID=' + props['Employee_ID'];&#xD;
props['CID_SSO'] = props['Employee_ID'] != null ? 'Worker!Employee_ID=' + props['Employee_ID'] : 'Candidate_ID=' + props['Candidate_ID'];&#xD;
props['BOOL'] = props['Employee_ID'] != null ? 'EID' : 'CID';</cc:expression>
                </cc:eval>
                <cc:log id="Log">
                    <cc:log-message>
                        <cc:message-content/>
                        <cc:text>&quot;Final end point URL&quot;:@{props['2L_Final_End_Point']}</cc:text>
                    </cc:log-message>
                </cc:log>
            </cc:steps>
            <cc:send-error id="SendError" routes-to="Common-Error-Handling"/>
        </cc:async-mediation>
        <cc:workday-in id="StartHere" routes-to="Call_Input_Parameters">
            <cc:integration-system name="INT0385 GMS Employment Agreement SI Outbound">
        <cloud:param name="Candidate ID">
          <cloud:type>
            <cloud:simple-type>text</cloud:simple-type>
          </cloud:type>
        </cloud:param>
        <cloud:param name="Position ID">
          <cloud:type>
            <cloud:simple-type>text</cloud:simple-type>
          </cloud:type>
          <cloud:launch-option>required</cloud:launch-option>
        </cloud:param>
        <cloud:param name="Effective Date">
          <cloud:type>
            <cloud:simple-type>date</cloud:simple-type>
          </cloud:type>
          <cloud:launch-option>as-of-effective-date</cloud:launch-option>
        </cloud:param>
        <cloud:param name="Questionnaires">
          <cloud:type>
            <cloud:class-report-field description="Questionnaire" type="WID" singular="true">b45a3f7844d2100011b93dccaa6b0040</cloud:class-report-field>
          </cloud:type>
          <cloud:launch-option>required</cloud:launch-option>
        </cloud:param>
        <cloud:param name="Business Process">
          <cloud:type>
            <cloud:class-report-field description="Business Process Type" type="WID" singular="true">a11f041c012d4f31ba5afd04fda920fc</cloud:class-report-field>
          </cloud:type>
          <cloud:launch-option>required</cloud:launch-option>
        </cloud:param>
        <cloud:param name="Worker">
          <cloud:type>
            <cloud:simple-type>text</cloud:simple-type>
          </cloud:type>
        </cloud:param>
        <cloud:attribute-map-service name="INT385_WD_GMSService">
          <cloud:attribute name="2L_Token_Endpoint">
            <cloud:type>
              <cloud:simple-type>text</cloud:simple-type>
            </cloud:type>
          </cloud:attribute>
          <cloud:attribute name="2L_Client_ID">
            <cloud:type>
              <cloud:simple-type>text</cloud:simple-type>
            </cloud:type>
          </cloud:attribute>
          <cloud:attribute name="2L_Secret_Key">
            <cloud:type>
              <cloud:simple-type>text</cloud:simple-type>
            </cloud:type>
            <cloud:display-option>display-as-password</cloud:display-option>
          </cloud:attribute>
          <cloud:attribute name="GMS_Incident_Endpoint">
            <cloud:type>
              <cloud:simple-type>text</cloud:simple-type>
            </cloud:type>
          </cloud:attribute>
        </cloud:attribute-map-service>
        <cloud:report-service name="INT385_GMS_Emp_Agreement_Report">
          <cloud:report-alias description="GMS Canididate Details Report" name="GMS_Canididate_Questionnaire_Report">
            <cloud:report-reference description="GECR INT0385 GMS Candidate Details Report" type="WID">a3d8a1627e48100201d2180af7960000</cloud:report-reference>
          </cloud:report-alias>
          <cloud:report-alias description="GECR INT385 Employee Agreement Position Data" name="GMS_Position_Data_Report">
            <cloud:report-reference description="GECR INT0385 Employee Agreement Position Data Report" type="WID">5534c4db0879100109c2b0d15f6e0000</cloud:report-reference>
          </cloud:report-alias>
          <cloud:report-alias description="GECR_INT385_Questionnaire" name="GMS_Questionnaire_Rpt">
            <cloud:report-reference description="GECR INT0385 Questionnaire Report" type="WID">218a54961760100201fa987dc7bd0000</cloud:report-reference>
          </cloud:report-alias>
          <cloud:report-alias description="GECR INT385 GMS New Hire Employee Details Report" name="GMS_Worker_Report">
            <cloud:report-reference description="GECR INT0385 GMS New Hire Employee Details Report" type="WID">a3d8a1627e48100201d202544af90000</cloud:report-reference>
          </cloud:report-alias>
        </cloud:report-service>
      </cc:integration-system>
        </cc:workday-in>
        <cc:local-in id="Getting_Input" routes-to="Reading_Input_Parameters"/>
        <cc:local-out id="Call_Input_Parameters" store-message="none" routes-response-to="CallPostionandCandidateDetails" endpoint="vm://INT385_GMS_EmployeeAgreement_Studio_Outbound/Getting_Input"/>
        <cc:http-out id="Authentication" store-message="response" routes-response-to="Json-XML-Conversion" endpoint="@{props['2L_Final_End_Point']}" error-as-response="true" http-method="POST">
        </cc:http-out>
        <cc:async-mediation id="Build_Token" routes-to="Authentication" handle-downstream-errors="true">
            <cc:steps>
                <cc:set-headers id="SetHeaders" output="rootpart">
                    <cc:remove-headers/>
                    <cc:add-headers>
                        <cc:add-header name="Content-Type" value="application/x-www-form-urlencoded"/>
                    </cc:add-headers>
                </cc:set-headers>
            </cc:steps>
            <cc:send-error id="SendError" routes-to="Throw-Token-Error"/>
        </cc:async-mediation>
        <cc:local-in id="Token_Request" routes-to="Build_Token"/>
        <cc:async-mediation id="Json-XML-Conversion" routes-to="Token-Created" handle-downstream-errors="true">
            <cc:steps>
                <cc:json-to-xml id="JsonToXml"/>
                <cc:eval id="AToken">
                    <cc:expression>props['Access_Token'] = parts[0].xpath(&quot;root/data/access_token&quot;)</cc:expression>
                </cc:eval>
            </cc:steps>
            <cc:send-error id="SendError" routes-to="Throw-Token-Error"/>
        </cc:async-mediation>
        <cc:local-out id="Token-Created" endpoint="vm://wcc/PutIntegrationMessage">
            <cc:set name="is.message.severity" value="'INFO'"/>
            <cc:set name="is.message.summary" value="'GMS access token has been created = ' + props['Access_Token']"/>
        </cc:local-out>
        <cc:local-out id="Call_Token_Request" store-message="none" routes-response-to="CallProcessedXML" endpoint="vm://INT385_GMS_EmployeeAgreement_Studio_Outbound/Token_Request"/>
        <cc:local-out id="Throw-Token-Error" store-message="none" endpoint="vm://INT385_GMS_EmployeeAgreement_Studio_Outbound/Common-error">
            <cc:set name="Unnamed" value="props['Error'] = 'Error occurred while connecting Akana endpoint and getting the GMS token'"/>
        </cc:local-out>
        <cc:local-out id="PutIntegrationMessage" endpoint="vm://wcc/PutIntegrationMessage">
            <cc:set name="is.message.severity" value="'ERROR'"/>
            <cc:set name="is.message.summary" value="'Error occured while processing for candidate/employee ' + props['Candidate_ID'] + ' Error Details- ' + props['Error'] + '. '+ context.errorMessage"/>
        </cc:local-out>
        <cc:local-in id="Common-error" routes-to="PutIntegrationMessage" access="public" use-global-error-handlers="true"/>
        <cc:local-out id="CallPostionandCandidateDetails" store-message="none" routes-response-to="Call_Token_Request" endpoint="vm://INT385_GMS_EmployeeAgreement_Studio_Outbound/ProcessPositionDetails"/>
        <cc:workday-out-rest id="Get_Candidate_Details" execute-when="props['BOOL'] == 'CID'" routes-response-to="FetchingCanddidateDetails" extra-path="@{intsys.reportService.getExtrapath('GMS_Canididate_Questionnaire_Report')}?Candidate_ID=@{props['Candidate_ID']}&amp;Position!Position_ID=@{props['Position_ID']}"/>
        <cc:async-mediation id="FetchingCanddidateDetails" execute-steps-when="props['BOOL'] == 'CID'" handle-downstream-errors="true">
            <cc:steps>
                <cc:eval id="CData">
                <cc:expression>props['pNameSpace1'] = 'wd urn:com.workday.report/GECR_INT385_GMS_Candidate_Details'</cc:expression>
                    <cc:expression>props['CandidateID'] = parts[0].xpath(&quot;/wd:Report_Data/wd:Report_Entry/wd:Candidate_ID&quot;,props['pNameSpace1'])</cc:expression>
                    <cc:expression>props['EmpFirstName'] = parts[0].xpath(&quot;/wd:Report_Data/wd:Report_Entry/wd:First_Name&quot;,props['pNameSpace1'])</cc:expression>
                    <cc:expression>props['EmpLastName'] = parts[0].xpath(&quot;/wd:Report_Data/wd:Report_Entry/wd:Last_Name&quot;,props['pNameSpace1'])</cc:expression>
                    <cc:expression>//props['Anticipated_Start_Date'] = parts[0].xpath(&quot;/wd:Report_Data/wd:Report_Entry/wd:Worker_group/wd:HD&quot;,props['pNameSpace1']);</cc:expression>
                    <cc:expression>//props['Anticipated_Start_Date'] = (props['Anticipated_Start_Date'] != '' ? props['Anticipated_Start_Date'].substring(0,10):'');</cc:expression>
                    <cc:expression>props['Anticipated_Start_Date'] = props['PositionEffectiveDate']</cc:expression>
                    <cc:expression>props['InitiatorSSO'] = parts[0].xpath(&quot;/wd:Report_Data/wd:Report_Entry/wd:Initiator_SSO&quot;,props['pNameSpace1'])</cc:expression>
                    <cc:expression>props['InitiatorFirstName'] = parts[0].xpath(&quot;/wd:Report_Data/wd:Report_Entry/wd:Initiator_Firstname&quot;,props['pNameSpace1'])</cc:expression>
                    <cc:expression>props['InitiatorLastName'] = parts[0].xpath(&quot;/wd:Report_Data/wd:Report_Entry/wd:Initiator_Lastname&quot;,props['pNameSpace1'])</cc:expression>
                    <cc:expression>props['InitiatorEmail'] = parts[0].xpath(&quot;/wd:Report_Data/wd:Report_Entry/wd:Initiator_Email&quot;,props['pNameSpace1'])</cc:expression>
                    <cc:expression>props['SSO'] = parts[0].xpath(&quot;/wd:Report_Data/wd:Report_Entry/wd:Worker_group/wd:Employee_ID&quot;,props['pNameSpace1'])</cc:expression>
                    <cc:expression>props['Total_Salary'] = parts[0].xpath(&quot;/wd:Report_Data/wd:Report_Entry/wd:Proposed_Base_Pay&quot;,props['pNameSpace1'])</cc:expression>
                    <cc:expression>props['Currency'] = parts[0].xpath(&quot;/wd:Report_Data/wd:Report_Entry/wd:Proposed_Currency/@wd:Descriptor&quot;,props['pNameSpace1'])</cc:expression>
                    
                    
                </cc:eval>
            </cc:steps>
            <cc:send-error id="SendError" routes-to="Throw-Fetch-Error"/>
        </cc:async-mediation>
        <cc:async-mediation id="FetchingPositionDetails" handle-downstream-errors="true">
            <cc:steps>
                <cc:eval id="PData">
                 <cc:expression>props['pNameSpace'] = 'wd urn:com.workday.report/GECR_INT385_Employee_Agreement_Position_Data'</cc:expression>
                    <cc:expression>props['PositionID'] = parts[0].xpath(&quot;/wd:Report_Data/wd:Report_Entry/wd:Position_or_Hiring_Restrictions_group/wd:referenceID&quot;,props['pNameSpace'])</cc:expression>
                    <cc:expression>props['Location'] = parts[0].xpath(&quot;/wd:Report_Data/wd:Report_Entry/wd:Position_-_Position_Management_group/wd:Location/@wd:Descriptor&quot;,props['pNameSpace'])</cc:expression>
                    <cc:expression>props['LocationRefId'] = parts[0].xpath(&quot;/wd:Report_Data/wd:Report_Entry/wd:Position_-_Position_Management_group/wd:Location/wd:ID[@wd:type='Location_ID']&quot;,props['pNameSpace'])</cc:expression>
                    <cc:expression>props['SupervisoryOrganisation'] = parts[0].xpath(&quot;/wd:Report_Data/wd:Report_Entry/wd:Position_-_Position_Management_group/wd:Supervisory_Organization/@wd:Descriptor&quot;,props['pNameSpace'])</cc:expression>
                    <cc:expression>props['SupervisoryOrganisationRefId']=parts[0].xpath(&quot;/wd:Report_Data/wd:Report_Entry/wd:Position_-_Position_Management_group/wd:Supervisory_Organization/wd:ID[@wd:type='Organization_Reference_ID']&quot;,props['pNameSpace'])</cc:expression>
                    <cc:expression>props['JobFamily']=parts[0].xpath(&quot;/wd:Report_Data/wd:Report_Entry/wd:Position_-_Position_Management_group/wd:Job_Family/@wd:Descriptor&quot;,props['pNameSpace']);&#xD;
props['JobFamily']= (props['JobFamily'] == '' ? parts[0].xpath('/wd:Report_Data/wd:Report_Entry/wd:Position_Restriction_group/wd:H_Job_Family/@wd:Descriptor',props['pNameSpace']) : props['JobFamily']);</cc:expression>
                    <cc:expression>props['JobFamilyRefId']=parts[0].xpath(&quot;/wd:Report_Data/wd:Report_Entry/wd:Position_-_Position_Management_group/wd:Job_Family/wd:ID[@wd:type='Job_Family_ID']&quot;,props['pNameSpace']);&#xD;
props['JobFamilyRefId']= (props['JobFamilyRefId'] == '' ? parts[0].xpath(&quot;/wd:Report_Data/wd:Report_Entry/wd:Position_Restriction_group/wd:H_Job_Family/wd:ID[@wd:type='Job_Family_ID']&quot;,props['pNameSpace']):props['JobFamilyRefId']);</cc:expression>
                    <cc:expression>props['ManagementLevel']=parts[0].xpath(&quot;/wd:Report_Data/wd:Report_Entry/wd:Position_-_Position_Management_group/wd:Management_Level/@wd:Descriptor&quot;,props['pNameSpace']);&#xD;
props['ManagementLevel']= (props['ManagementLevel'] == '' ? parts[0].xpath(&quot;/wd:Report_Data/wd:Report_Entry/wd:Position_Restriction_group/wd:H_Management_Level/@wd:Descriptor&quot;,props['pNameSpace']) : props['ManagementLevel']);</cc:expression>
                    <cc:expression>props['ManagementLevelRefId']=parts[0].xpath(&quot;/wd:Report_Data/wd:Report_Entry/wd:Position_-_Position_Management_group/wd:Management_Level/wd:ID[@wd:type='Management_Level_ID']&quot;,props['pNameSpace']);&#xD;
props['ManagementLevelRefId']= ( props['ManagementLevelRefId'] == '' ? parts[0].xpath(&quot;/wd:Report_Data/wd:Report_Entry/wd:Position_Restriction_group/wd:H_Management_Level/wd:ID[@wd:type='Management_Level_ID']&quot;,props['pNameSpace']) : props['ManagementLevelRefId']);</cc:expression>
                    <cc:expression>props['Company']=parts[0].xpath(&quot;/wd:Report_Data/wd:Report_Entry/wd:Position_-_Position_Management_group/wd:Company/@wd:Descriptor&quot;,props['pNameSpace'])</cc:expression>
                    <cc:expression>props['CompanyRefId']=parts[0].xpath(&quot;/wd:Report_Data/wd:Report_Entry/wd:Position_-_Position_Management_group/wd:Company/wd:ID[@wd:type='Company_Reference_ID']&quot;,props['pNameSpace'])</cc:expression>
                    <cc:expression>props['CostCenter']=parts[0].xpath(&quot;/wd:Report_Data/wd:Report_Entry/wd:Position_-_Position_Management_group/wd:Cost_Center/@wd:Descriptor&quot;,props['pNameSpace'])</cc:expression>
                    <cc:expression>props['CostCenterRefId']=parts[0].xpath(&quot;/wd:Report_Data/wd:Report_Entry/wd:Position_-_Position_Management_group/wd:Cost_Center/wd:ID[@wd:type='Cost_Center_Reference_ID']&quot;,props['pNameSpace'])</cc:expression>
                    <cc:expression>props['JobProfile']=  parts[0].xpath(&quot;/wd:Report_Data/wd:Report_Entry/wd:Position_-_Position_Management_group/wd:Job_Profile/@wd:Descriptor&quot;,props['pNameSpace']);&#xD;
props['JobProfile'] = (props['JobProfile'] == '' ? parts[0].xpath(&quot;/wd:Report_Data/wd:Report_Entry/wd:Position_Restriction_group/wd:H_Job_Profile/@wd:Descriptor&quot;,props['pNameSpace']) : props['JobProfile']);</cc:expression>
                    <cc:expression>props['JobProfileRefId'] = parts[0].xpath(&quot;/wd:Report_Data/wd:Report_Entry/wd:Position_-_Position_Management_group/wd:Job_Profile/wd:ID[@wd:type='Job_Profile_ID']&quot;,props['pNameSpace']);&#xD;
props['JobProfileRefId'] = (props['JobProfileRefId'] ==''? parts[0].xpath(&quot;/wd:Report_Data/wd:Report_Entry/wd:Position_Restriction_group/wd:H_Job_Profile/wd:ID[@wd:type='Job_Profile_ID']&quot;,props['pNameSpace']) :props['JobProfileRefId']);</cc:expression>
                    <cc:expression>props['TimeType'] = parts[0].xpath(&quot;/wd:Report_Data/wd:Report_Entry/wd:Position_-_Position_Management_group/wd:Time_Type/@wd:Descriptor&quot;,props['pNameSpace']);&#xD;
props['TimeType'] = (props['TimeType']== '' ? parts[0].xpath(&quot;/wd:Report_Data/wd:Report_Entry/wd:Position_-_Position_Management_group/wd:H_Time_Type/@wd:Descriptor&quot;,props['pNameSpace']) : props['TimeType']);</cc:expression>
                    <cc:expression>props['TimeTypeRefId'] = parts[0].xpath(&quot;/wd:Report_Data/wd:Report_Entry/wd:Position_-_Position_Management_group/wd:Time_Type/wd:ID[@wd:type='Position_Time_Type_ID']&quot;,props['pNameSpace']);&#xD;
props['TimeTypeRefId'] = (props['TimeTypeRefId'] == '' ? parts[0].xpath(&quot;/wd:Report_Data/wd:Report_Entry/wd:Position_-_Position_Management_group/wd:H_Time_Type/wd:ID[@wd:type='Position_Time_Type_ID']&quot;,props['pNameSpace']) : props['TimeTypeRefId']);</cc:expression>
                    <cc:expression>props['City'] = parts[0].xpath(&quot;/wd:Report_Data/wd:Report_Entry/wd:Position_-_Position_Management_group/wd:City&quot;,props['pNameSpace'])</cc:expression>
                    <cc:expression>props['State'] = parts[0].xpath(&quot;/wd:Report_Data/wd:Report_Entry/wd:State&quot;,props['pNameSpace'])</cc:expression>
                    <cc:expression>props['Country'] = parts[0].xpath(&quot;/wd:Report_Data/wd:Report_Entry/wd:Position_-_Position_Management_group/wd:Country/@wd:Descriptor&quot;,props['pNameSpace'])</cc:expression>
                    <cc:expression>props['JobTitle'] = parts[0].xpath(&quot;/wd:Report_Data/wd:Report_Entry/wd:Position_-_Position_Management_group/wd:Position_Title&quot;,props['pNameSpace']);&#xD;
props['JobTitle'] = (props['JobTitle'] == '' ? parts[0].xpath(&quot;/wd:Report_Data/wd:Report_Entry/wd:Position_Restriction_group/wd:H_Job_Title&quot;,props['pNameSpace']) : props['JobTitle']);</cc:expression>
                    <cc:expression>props['IFG'] = parts[0].xpath(&quot;/wd:Report_Data/wd:Report_Entry/wd:Organizations_group/wd:IFG/@wd:Descriptor&quot;,props['pNameSpace'])</cc:expression>
                    <cc:expression>props['Businesssegment'] = parts[0].xpath(&quot;/wd:Report_Data/wd:Report_Entry/wd:Organizations_group/wd:Business_Segment/@wd:Descriptor&quot;,props['pNameSpace'])</cc:expression>
                    <cc:expression>props['subbusiness'] = parts[0].xpath(&quot;/wd:Report_Data/wd:Report_Entry/wd:Organizations_group/wd:Sub_Business/@wd:Descriptor&quot;,props['pNameSpace'])</cc:expression>
                    <cc:expression>props['EmployeeType'] = parts[0].xpath(&quot;/wd:Report_Data/wd:Report_Entry/wd:Position_-_Position_Management_group/wd:Worker_Type/@wd:Descriptor&quot;,props['pNameSpace']);&#xD;
props['EmployeeType'] = (props['EmployeeType']== '' ? parts[0].xpath(&quot;/wd:Report_Data/wd:Report_Entry/wd:Position_-_Position_Management_group/wd:H_Worker_Type/@wd:Descriptor&quot;,props['pNameSpace']) : props['EmployeeType']);</cc:expression>
                    <cc:expression>props['EmployeeTypeRef'] = parts[0].xpath(&quot;/wd:Report_Data/wd:Report_Entry/wd:Position_-_Position_Management_group/wd:Worker_Type/wd:ID[@wd:type='Worker_Type_ID']&quot;,props['pNameSpace']);&#xD;
props['EmployeeTypeRef'] = (props['EmployeeTypeRef'] == '' ? parts[0].xpath(&quot;/wd:Report_Data/wd:Report_Entry/wd:Position_-_Position_Management_group/wd:H_Worker_Type/wd:ID[@wd:type='Worker_Type_ID']&quot;,props['pNameSpace']) :props['EmployeeTypeRef']);</cc:expression>
                    <cc:expression>props['Division'] = parts[0].xpath(&quot;/wd:Report_Data/wd:Report_Entry/wd:Position_-_Position_Management_group/wd:Division/@wd:Descriptor&quot;,props['pNameSpace'])</cc:expression>
                    <cc:expression>props['DivisionRefId'] = parts[0].xpath(&quot;/wd:Report_Data/wd:Report_Entry/wd:Position_-_Position_Management_group/wd:Division/wd:ID[@wd:type='Organization_Reference_ID']&quot;,props['pNameSpace'])</cc:expression>
                    <cc:expression>props['HiringManager'] = parts[0].xpath(&quot;/wd:Report_Data/wd:Report_Entry/wd:Open_Job_Requisition_group/wd:Hiring_Manager/@wd:Descriptor&quot;,props['pNameSpace']);&#xD;
props['HiringManager'] = (props['HiringManager'] ==''? parts[0].xpath(&quot;/wd:Report_Data/wd:Report_Entry/wd:Worker_group/wd:W_Hiring_Manager/@wd:Descriptor&quot;,props['pNameSpace']):props['HiringManager']);&#xD;
props['HiringManager'] = (props['HiringManager'] != '' ? props['HiringManager'].substring(0,(props['HiringManager'].indexOf(&quot;(&quot;) - 1)) : '')</cc:expression>
                    <cc:expression>props['HiringManagerSSO'] = parts[0].xpath(&quot;/wd:Report_Data/wd:Report_Entry/wd:Open_Job_Requisition_group/wd:Hiring_Manager/wd:ID[@wd:type='Employee_ID']&quot;,props['pNameSpace']);&#xD;
props['HiringManagerSSO'] = (props['HiringManagerSSO'] ==''? parts[0].xpath(&quot;/wd:Report_Data/wd:Report_Entry/wd:Worker_group/wd:W_Hiring_Manager/wd:ID[@wd:type='Employee_ID']&quot;,props['pNameSpace']):props['HiringManagerSSO']);</cc:expression>
                    <cc:expression>props['HiringManagerEmail'] = parts[0].xpath(&quot;/wd:Report_Data/wd:Report_Entry/wd:Hiring_Manager_Email&quot;,props['pNameSpace']);&#xD;
props['HiringManagerEmail'] = (props['HiringManagerEmail'] =='' ? parts[0].xpath(&quot;/wd:Report_Data/wd:Report_Entry/wd:Worker_group/wd:W_Hiring_Manager_Email&quot;,props['pNameSpace']):props['HiringManagerEmail']);</cc:expression>
                    <cc:expression>props['FinanceManager'] = parts[0].xpath(&quot;/wd:Report_Data/wd:Report_Entry/wd:Supervisory_Organization_group/wd:GECF_Finanace_Manager/@wd:Descriptor&quot;,props['pNameSpace']);&#xD;
props['FinanceManager'] = (props['FinanceManager'] != '' ? props['FinanceManager'].substring(0,(props['FinanceManager'].indexOf(&quot;(&quot;) - 1)) : '')</cc:expression>
                    <cc:expression>props['FinanceManagerSSO']= parts[0].xpath(&quot;/wd:Report_Data/wd:Report_Entry/wd:Supervisory_Organization_group/wd:GECF_Finanace_Manager/wd:ID[@wd:type='Employee_ID']&quot;,props['pNameSpace'])</cc:expression>
                    
                    <cc:expression>props['FinanceManagerEmail'] = parts[0].xpath(&quot;/wd:Report_Data/wd:Report_Entry/wd:Supervisory_Organization_group/wd:Finanace_Manager_Email/wd:ID[@wd:type='Employee_ID']&quot;,props['pNameSpace'])</cc:expression>
                    <cc:expression>props['HRMName'] = parts[0].xpath(&quot;/wd:Report_Data/wd:Report_Entry/wd:Position_-_Position_Management_group/wd:HRM_Name/@wd:Descriptor&quot;,props['pNameSpace']);&#xD;
props['HRMName'] = (props['HRMName'] != '' ? props['HRMName'].substring(0,(props['HRMName'].indexOf(&quot;(&quot;) - 1)) : '');</cc:expression>
                    <cc:expression>props['HRMSSO'] = parts[0].xpath(&quot;/wd:Report_Data/wd:Report_Entry/wd:Position_-_Position_Management_group/wd:HRM_Name/wd:ID[@wd:type='Employee_ID']&quot;,props['pNameSpace'])</cc:expression><cc:expression>props['HRMEmail'] = parts[0].xpath(&quot;/wd:Report_Data/wd:Report_Entry/wd:Position_-_Position_Management_group/wd:HRM_Email&quot;,props['pNameSpace'])</cc:expression>
                    <cc:expression>props['JobRequisition'] = parts[0].xpath(&quot;/wd:Report_Data/wd:Report_Entry/wd:Open_Job_Requisition_group/wd:Job_Requisition/@wd:Descriptor&quot;,props['pNameSpace'])</cc:expression>
                    <cc:expression>props['JobRequisitionRefId'] = parts[0].xpath(&quot;/wd:Report_Data/wd:Report_Entry/wd:Open_Job_Requisition_group/wd:Job_Requisition/wd:ID[@wd:type='Job_Requisition_ID']&quot;,props['pNameSpace'])</cc:expression>
                    <cc:expression>props['CountryCode'] = parts[0].xpath(&quot;/wd:Report_Data/wd:Report_Entry/wd:Position_-_Position_Management_group/wd:Country_Code&quot;,props['pNameSpace'])</cc:expression>
                    <cc:expression>props['LocationAddress'] = parts[0].xpath(&quot;/wd:Report_Data/wd:Report_Entry/wd:Location_Full_Address&quot;,props['pNameSpace'])</cc:expression>
                    <cc:expression>props['StateISOCode'] = parts[0].xpath(&quot;/wd:Report_Data/wd:Report_Entry/wd:Position_-_Position_Management_group/wd:State_code&quot;,props['pNameSpace'])</cc:expression>
                    <cc:expression>props['ChangeJobReason'] = props['ChangeJobReasonId'] = ''</cc:expression>
                    <cc:expression>props['PositionEffectiveDate'] = parts[0].xpath(&quot;/wd:Report_Data/wd:Report_Entry/wd:AD&quot;,props['pNameSpace']);&#xD;
props['PositionEffectiveDate'] = (props['PositionEffectiveDate'] != '' ? props['PositionEffectiveDate'].substring(0,10):'');</cc:expression>
                </cc:eval>
            </cc:steps>
            <cc:send-error id="SendError" routes-to="Throw-Fetch-Error"/>
        </cc:async-mediation>
        <cc:workday-out-rest id="Get_Position_Details" routes-response-to="FetchingPositionDetails" extra-path="@{intsys.reportService.getExtrapath('GMS_Position_Data_Report')}?Reference_ID=@{props['Position_ID']}&amp;Effective_as_of_Date=@{props['effectivetDate']}"/>
        <cc:route id="Route_to_Reports">
            <cc:all-strategy/>
            <cc:sub-route name="Position" routes-to="Get_Position_Details"/>
            <cc:sub-route name="Questionnaire" routes-to="Get_Questionnaire_Details"/>
            <cc:sub-route name="Worker" routes-to="Get_Worker_Details"/>
            <cc:sub-route name="Candidate" routes-to="Get_Candidate_Details"/>
        </cc:route>
        <cc:local-in id="ProcessPositionDetails" routes-to="Route_to_Reports"/>
        <cc:local-out id="Incident-Created" endpoint="vm://wcc/PutIntegrationMessage">
            <cc:set name="is.message.severity" value="'INFO'"/>
            <cc:set name="is.message.summary" value="'Success! '+props['SpinOff_Business']+'-GMS API Response for the Candidate ID ' + props['CandidateID'] + ', Employee ID ' + props['SSO'] + ' with Reference ID ' + props['GMS_API_Response_reference_id'] + ' and Message as ' + props['GMS_API_Response_message']"/>
        </cc:local-out>
        <cc:local-out id="Throw_GMS_Incident-Error" store-message="none" endpoint="vm://INT385_GMS_EmployeeAgreement_Studio_Outbound/Common-error">
            <cc:set name="GMSError" value="props['Error'] = 'Error occurred in logging GMS response'"/>
        </cc:local-out>
        <cc:local-out id="Throw-BUILD-GMS-Error" store-message="none" endpoint="vm://INT385_GMS_EmployeeAgreement_Studio_Outbound/Common-error">
            <cc:set name="GMSError" value="props['Error'] = 'Error occurred while connecting/posting data to end point (or) Please check if mutiple positions are associated with Job Requisition'"/>
        </cc:local-out>
        <cc:async-mediation id="GMS_Response" routes-to="Incident-Created" handle-downstream-errors="true">
            <cc:steps>
                <cc:json-to-xml id="JsonToXml"/>
                <cc:eval id="Eval">
                    <cc:expression>props['pGMSAPINameSpace'] = ''</cc:expression>
                    <cc:expression>props['GMS_API_Response_reference_id'] = parts[0].xpath(&quot;/root/data/data/reference_id&quot;,props['pGMSAPINameSpace'])</cc:expression>
                    <cc:expression>props['GMS_API_Response_message'] = parts[0].xpath(&quot;/root/data/data/message&quot;,props['pGMSAPINameSpace'])</cc:expression>
                </cc:eval>
            </cc:steps>
            <cc:send-error id="SendError" routes-to="Throw_GMS_Incident-Error"/>
        </cc:async-mediation>
        <cc:http-out id="Call_Incident_API" routes-response-to="GMS_Response" endpoint="@{props['GMS_Incident_End_Point']}" http-method="POST"/>
        <cc:async-mediation id="Build-GMS-API" routes-to="Call_Incident_API" handle-downstream-errors="true">
            <cc:steps>
                <cc:set-headers id="SetHeaders" output="message">
                    <cc:remove-headers/>
                    <cc:add-headers>
                        <cc:add-header name="Authorization" value="Bearer @{props['Access_Token']}"/>
                        <cc:add-header name="Content-Type" value="application/x-www-form-urlencoded"/>
                        <cc:add-header name="Accept" value="application/json"/>
                    </cc:add-headers>
                </cc:set-headers>
                <cc:write id="Request">
                    <cc:message>
                        <cc:text>{&#xD;
		&quot;position_id&quot;:&quot;@{props['Position_ID']}&quot;,&#xD;
		&quot;candidate_id&quot;:&quot;@{props['CandidateID']}&quot;,&#xD;
		&quot;sso&quot;:&quot;@{props['SSO']}&quot;,&#xD;
		&quot;questionnaire_response&quot;:&quot;@{props['GMS_QuestionnaireResponse']}&quot;,&#xD;
		&quot;employee_first_name&quot;:&quot;@{props['EmpFirstName']}&quot;,&#xD;
		&quot;employee_last_name&quot;:&quot;@{props['EmpLastName']}&quot;,&#xD;
		&quot;service_cloud_id&quot;:&quot;&quot;,&#xD;
		&quot;position_start_date&quot;:&quot;@{props['PositionEffectiveDate']}&quot;,&#xD;
		&quot;anticipated_start_date&quot;:&quot;@{props['Anticipated_Start_Date']}&quot;,&#xD;
		&quot;employee_type&quot;:&quot;@{props['EmployeeType']}&quot;,&#xD;
		&quot;employee_type_ref_id&quot;:&quot;@{props['EmployeeTypeRef']}&quot;,&#xD;
		&quot;location_id&quot;:&quot;@{props['Location']}&quot;,&#xD;
		&quot;location_id_ref_id&quot;:&quot;@{props['LocationRefId']}&quot;,&#xD;
		&quot;location_full_address&quot;:&quot;@{props['LocationAddress']}&quot;,&#xD;
		&quot;city&quot;:&quot;@{props['City']}&quot;,&#xD;
		&quot;state&quot;:&quot;@{props['State']}&quot;,&#xD;
		&quot;state_iso_code&quot;:&quot;@{props['StateISOCode']}&quot;,&#xD;
		&quot;country&quot;:&quot;@{props['Country']}&quot;,&#xD;
		&quot;country_code&quot;:&quot;@{props['CountryCode']}&quot;,&#xD;
		&quot;time_type&quot;:&quot;@{props['TimeType']}&quot;,&#xD;
		&quot;time_type_ref_id&quot;:&quot;@{props['TimeTypeRefId']}&quot;,&#xD;
		&quot;supervisory_org&quot;:&quot;@{props['SupervisoryOrganisation']}&quot;,&#xD;
		&quot;supervisory_org_ref_id&quot;:&quot;@{props['SupervisoryOrganisationRefId']}&quot;,&#xD;
		&quot;ifg&quot;:&quot;@{props['IFG']}&quot;,&#xD;
		&quot;business&quot;:&quot;@{props['Businesssegment']}&quot;,&#xD;
		&quot;sub_business&quot;:&quot;@{props['subbusiness']}&quot;,&#xD;
		&quot;cost_center&quot;:&quot;@{props['CostCenter']}&quot;,&#xD;
		&quot;cost_center_ref_id&quot;:&quot;@{props['CostCenterRefId']}&quot;,&#xD;
		&quot;company&quot;:&quot;@{props['Company']}&quot;,&#xD;
		&quot;company_ref_id&quot;:&quot;@{props['CompanyRefId']}&quot;,&#xD;
		&quot;divison&quot;:&quot;@{props['Division']}&quot;,&#xD;
		&quot;division_ref_id&quot;:&quot;@{props['DivisionRefId']}&quot;,&#xD;
		&quot;job_profile_id&quot;:&quot;@{props['JobProfile']}&quot;,&#xD;
		&quot;job_profile_id_ref_id&quot;:&quot;@{props['JobProfileRefId']}&quot;,&#xD;
		&quot;job_family&quot;:&quot;@{props['JobFamily']}&quot;,&#xD;
		&quot;job_family_ref_id&quot;:&quot;@{props['JobFamilyRefId']}&quot;,&#xD;
		&quot;management_level&quot;:&quot;@{props['ManagementLevel']}&quot;,&#xD;
		&quot;management_level_ref_id&quot;:&quot;@{props['ManagementLevelRefId']}&quot;,&#xD;
		&quot;job_title&quot;:&quot;@{props['JobTitle']}&quot;,&#xD;
		&quot;job_requisition_id&quot;:&quot;@{props['JobRequisition']}&quot;,&#xD;
		&quot;job_requisition_id_ref_id&quot;:&quot;@{props['JobRequisitionRefId']}&quot;,&#xD;
		&quot;total_salary&quot;:&quot;@{props['Total_Salary']}&quot;,&#xD;
		&quot;currency&quot;:&quot;@{props['Currency']}&quot;,&#xD;
		&quot;hr_manager_name&quot;:&quot;@{props['HRMName']}&quot;,&#xD;
		&quot;hr_manager_sso&quot;:&quot;@{props['HRMSSO']}&quot;,&#xD;
		&quot;hr_manager_email_id&quot;:&quot;@{props['HRMEmail']}&quot;,&#xD;
		&quot;finance_manager_name&quot;:&quot;@{props['FinanceManager']}&quot;,&#xD;
		&quot;finance_manager_sso&quot;:&quot;@{props['FinanceManagerSSO']}&quot;,&#xD;
		&quot;finance_manager_email_id&quot;:&quot;@{props['FinanceManagerEmail']}&quot;,&#xD;
		&quot;hiring_manager_name&quot;:&quot;@{props['HiringManager']}&quot;,&#xD;
		&quot;hiring_manager_sso&quot;:&quot;@{props['HiringManagerSSO']}&quot;,&#xD;
		&quot;hiring_manager_email_id&quot;:&quot;@{props['HiringManagerEmail']}&quot;,&#xD;
		&quot;initiator_sso&quot;:&quot;@{props['InitiatorSSO']}&quot;,&#xD;
		&quot;initiator_first_name&quot;:&quot;@{props['InitiatorFirstName']}&quot;,&#xD;
		&quot;initiator_last_name&quot;:&quot;@{props['InitiatorLastName']}&quot;,&#xD;
		&quot;initiator_email&quot;:&quot;@{props['InitiatorEmail']}&quot;,&#xD;
		&quot;change_job_reason&quot;:&quot;@{props['ChangeJobReason']}&quot;,&#xD;
		&quot;change_job_reason_id&quot;:&quot;@{props['ChangeJobReasonId']}&quot;&#xD;
}</cc:text>
                    </cc:message>
                </cc:write>
                <cc:log id="Log">
                    <cc:log-message>
                        <cc:text>***The below Json request will be posted at GMS Endpoint***&#xD;
{&#xD;
		&quot;position_id&quot;:&quot;@{props['Position_ID']}&quot;,&#xD;
		&quot;candidate_id&quot;:&quot;@{props['CandidateID']}&quot;,&#xD;
		&quot;sso&quot;:&quot;@{props['SSO']}&quot;,&#xD;
		&quot;questionnaire_response&quot;:&quot;@{props['GMS_QuestionnaireResponse']}&quot;,&#xD;
		&quot;employee_first_name&quot;:&quot;@{props['EmpFirstName']}&quot;,&#xD;
		&quot;employee_last_name&quot;:&quot;@{props['EmpLastName']}&quot;,&#xD;
		&quot;service_cloud_id&quot;:&quot;&quot;,&#xD;
		&quot;position_start_date&quot;:&quot;@{props['PositionEffectiveDate']}&quot;,&#xD;
		&quot;anticipated_start_date&quot;:&quot;@{props['Anticipated_Start_Date']}&quot;,&#xD;
		&quot;employee_type&quot;:&quot;@{props['EmployeeType']}&quot;,&#xD;
		&quot;employee_type_ref_id&quot;:&quot;@{props['EmployeeTypeRef']}&quot;,&#xD;
		&quot;location_id&quot;:&quot;@{props['Location']}&quot;,&#xD;
		&quot;location_id_ref_id&quot;:&quot;@{props['LocationRefId']}&quot;,&#xD;
		&quot;location_full_address&quot;:&quot;@{props['LocationAddress']}&quot;,&#xD;
		&quot;city&quot;:&quot;@{props['City']}&quot;,&#xD;
		&quot;state&quot;:&quot;@{props['State']}&quot;,&#xD;
		&quot;state_iso_code&quot;:&quot;@{props['StateISOCode']}&quot;,&#xD;
		&quot;country&quot;:&quot;@{props['Country']}&quot;,&#xD;
		&quot;country_code&quot;:&quot;@{props['CountryCode']}&quot;,&#xD;
		&quot;time_type&quot;:&quot;@{props['TimeType']}&quot;,&#xD;
		&quot;time_type_ref_id&quot;:&quot;@{props['TimeTypeRefId']}&quot;,&#xD;
		&quot;supervisory_org&quot;:&quot;@{props['SupervisoryOrganisation']}&quot;,&#xD;
		&quot;supervisory_org_ref_id&quot;:&quot;@{props['SupervisoryOrganisationRefId']}&quot;,&#xD;
		&quot;ifg&quot;:&quot;@{props['IFG']}&quot;,&#xD;
		&quot;business&quot;:&quot;@{props['Businesssegment']}&quot;,&#xD;
		&quot;sub_business&quot;:&quot;@{props['subbusiness']}&quot;,&#xD;
		&quot;cost_center&quot;:&quot;@{props['CostCenter']}&quot;,&#xD;
		&quot;cost_center_ref_id&quot;:&quot;@{props['CostCenterRefId']}&quot;,&#xD;
		&quot;company&quot;:&quot;@{props['Company']}&quot;,&#xD;
		&quot;company_ref_id&quot;:&quot;@{props['CompanyRefId']}&quot;,&#xD;
		&quot;divison&quot;:&quot;@{props['Division']}&quot;,&#xD;
		&quot;division_ref_id&quot;:&quot;@{props['DivisionRefId']}&quot;,&#xD;
		&quot;job_profile_id&quot;:&quot;@{props['JobProfile']}&quot;,&#xD;
		&quot;job_profile_id_ref_id&quot;:&quot;@{props['JobProfileRefId']}&quot;,&#xD;
		&quot;job_family&quot;:&quot;@{props['JobFamily']}&quot;,&#xD;
		&quot;job_family_ref_id&quot;:&quot;@{props['JobFamilyRefId']}&quot;,&#xD;
		&quot;management_level&quot;:&quot;@{props['ManagementLevel']}&quot;,&#xD;
		&quot;management_level_ref_id&quot;:&quot;@{props['ManagementLevelRefId']}&quot;,&#xD;
		&quot;job_title&quot;:&quot;@{props['JobTitle']}&quot;,&#xD;
		&quot;job_requisition_id&quot;:&quot;@{props['JobRequisition']}&quot;,&#xD;
		&quot;job_requisition_id_ref_id&quot;:&quot;@{props['JobRequisitionRefId']}&quot;,&#xD;
		&quot;total_salary&quot;:&quot;@{props['Total_Salary']}&quot;,&#xD;
		&quot;currency&quot;:&quot;@{props['Currency']}&quot;,&#xD;
		&quot;hr_manager_name&quot;:&quot;@{props['HRMName']}&quot;,&#xD;
		&quot;hr_manager_sso&quot;:&quot;@{props['HRMSSO']}&quot;,&#xD;
		&quot;hr_manager_email_id&quot;:&quot;@{props['HRMEmail']}&quot;,&#xD;
		&quot;finance_manager_name&quot;:&quot;@{props['FinanceManager']}&quot;,&#xD;
		&quot;finance_manager_sso&quot;:&quot;@{props['FinanceManagerSSO']}&quot;,&#xD;
		&quot;finance_manager_email_id&quot;:&quot;@{props['FinanceManagerEmail']}&quot;,&#xD;
		&quot;hiring_manager_name&quot;:&quot;@{props['HiringManager']}&quot;,&#xD;
		&quot;hiring_manager_sso&quot;:&quot;@{props['HiringManagerSSO']}&quot;,&#xD;
		&quot;hiring_manager_email_id&quot;:&quot;@{props['HiringManagerEmail']}&quot;,&#xD;
		&quot;initiator_sso&quot;:&quot;@{props['InitiatorSSO']}&quot;,&#xD;
		&quot;initiator_first_name&quot;:&quot;@{props['InitiatorFirstName']}&quot;,&#xD;
		&quot;initiator_last_name&quot;:&quot;@{props['InitiatorLastName']}&quot;,&#xD;
		&quot;initiator_email&quot;:&quot;@{props['InitiatorEmail']}&quot;,&#xD;
		&quot;change_job_reason&quot;:&quot;@{props['ChangeJobReason']}&quot;,&#xD;
		&quot;change_job_reason_id&quot;:&quot;@{props['ChangeJobReasonId']}&quot;&#xD;
}</cc:text>
                    </cc:log-message>
                </cc:log>
            </cc:steps>
            <cc:send-error id="SendError" routes-to="Throw-BUILD-GMS-Error"/>
        </cc:async-mediation>
        <cc:local-in id="Push_GMS_Position_Data" routes-to="Build-GMS-API"/>
        <cc:local-out id="CallProcessedXML" store-message="none" endpoint="vm://INT385_GMS_EmployeeAgreement_Studio_Outbound/Push_GMS_Position_Data"/>
        <cc:workday-out-rest id="Get_Questionnaire_Details" routes-response-to="FetchingQuestionnaireAnswer" extra-path="@{intsys.reportService.getExtrapath('GMS_Questionnaire_Rpt')}?Questionnaires!WID=@{props['pQuestionnaires']}&amp;@{props['CID_SSO']}&amp;&amp;Allowed_on_Business_Processes!WID=@{props['pBusiness_Process']}"/>
        <cc:async-mediation id="FetchingQuestionnaireAnswer" handle-downstream-errors="true">
            <cc:steps>
                <cc:eval id="QData">
                    <cc:expression>props['pNameSpace2'] = 'wd urn:com.workday.report/GECR_INT385_Questionnaire'</cc:expression>
                    <cc:expression>props['GMS_QuestionnaireResponse'] = parts[0].xpath(&quot;/wd:Report_Data/wd:Report_Entry/wd:GMS_QuestionnaireAnswer&quot;,props['pNameSpace2']);&#xD;
props['GMS_QuestionnaireResponse'] =  props['GMS_QuestionnaireResponse'].replace(&quot;\n&quot;,&quot; &quot;);&#xD;
props['GMS_QuestionnaireResponse'] =  props['GMS_QuestionnaireResponse'].replace(&quot;\t&quot;,&quot; &quot;);</cc:expression>
                    <cc:expression>props['Answer1'] = parts[0].xpath(&quot;/wd:Report_Data/wd:Report_Entry/wd:Questionnaire_Answer1/@wd:Descriptor&quot;,props['pNameSpace2'])</cc:expression>
                    <cc:expression>props['Answer2'] = parts[0].xpath(&quot;/wd:Report_Data/wd:Report_Entry/wd:Questionnaire_Answer2&quot;,props['pNameSpace2']);&#xD;
props['Answer2'] = (props['Answer2'] == &quot;|&quot; ? &quot;&quot;: props['Answer2'] );</cc:expression>
                    <cc:expression>props['Answer3'] = parts[0].xpath(&quot;/wd:Report_Data/wd:Report_Entry/wd:Questionnaire_Answer3&quot;,props['pNameSpace2']);&#xD;
props['Answer3'] = (props['Answer3'] == &quot;|&quot; ? &quot;&quot;: props['Answer3'] );</cc:expression>
                    <cc:expression>props['Answer4'] = parts[0].xpath(&quot;/wd:Report_Data/wd:Report_Entry/wd:Questionnaire_Answer4&quot;,props['pNameSpace2']);&#xD;
props['Answer4'] = (props['Answer4'] == &quot;|&quot; ? &quot;&quot;: props['Answer4'] );</cc:expression>
                    <cc:expression>props['QuesAnswer'] = props['Answer1'] # props['Answer2'] # props['Answer3'] # props['Answer4']</cc:expression>
                </cc:eval>
            </cc:steps>
            <cc:send-error id="SendError" routes-to="Throw-Fetch-Error"/>
        </cc:async-mediation>
        <cc:send-error id="global-error-handler" rethrow-error="false" routes-to="Note-Error"/>
        <cc:local-out id="Note-Error" endpoint="vm://wcc/PutIntegrationMessage">
            <cc:set name="is.message.severity" value="'ERROR'"/>
            <cc:set name="is.message.summary" value="context.errorMessage"/>
        </cc:local-out>
        <cc:local-out id="Throw-Fetch-Error" store-message="none" endpoint="vm://INT385_GMS_EmployeeAgreement_Studio_Outbound/Common-error">
            <cc:set name="Unnamed" value="props['Error'] = 'Error occurred while fetching details from one of the custom reports or Mvel expression'"/>
        </cc:local-out>
        <cc:workday-out-rest id="Get_Worker_Details" execute-when="props['BOOL'] == 'EID'" routes-response-to="AsyncMediation" extra-path="@{intsys.reportService.getExtrapath('GMS_Worker_Report')}?Worker!Employee_ID=@{props['Employee_ID']}"/>
        <cc:async-mediation id="AsyncMediation" execute-steps-when="props['BOOL'] == 'EID'" handle-downstream-errors="true">
            <cc:steps>
                <cc:eval id="CData">
                <cc:expression>props['pNameSpace1'] = 'wd urn:com.workday.report/GECR_INT385_GMS_Worker_Details_Report'</cc:expression>
                    <cc:expression>props['CandidateID'] = parts[0].xpath(&quot;/wd:Report_Data/wd:Report_Entry/wd:CID/wd:ID[@wd:type='Candidate_ID']&quot;,props['pNameSpace1'])</cc:expression>
                    <cc:expression>props['EmpFirstName'] = parts[0].xpath(&quot;/wd:Report_Data/wd:Report_Entry/wd:FN&quot;,props['pNameSpace1'])</cc:expression>
                    <cc:expression>props['EmpLastName'] = parts[0].xpath(&quot;/wd:Report_Data/wd:Report_Entry/wd:LN&quot;,props['pNameSpace1'])</cc:expression>
                    <cc:expression>props['Anticipated_Start_Date'] = parts[0].xpath(&quot;/wd:Report_Data/wd:Report_Entry/wd:HD&quot;,props['pNameSpace1']);&#xD;
props['Anticipated_Start_Date'] = (props['Anticipated_Start_Date'] != '' ? props['Anticipated_Start_Date'].substring(0,10):'');</cc:expression>
                    <cc:expression>props['InitiatorSSO'] = parts[0].xpath(&quot;/wd:Report_Data/wd:Report_Entry/wd:Initiator/wd:ISSO&quot;,props['pNameSpace1'])</cc:expression>
                    <cc:expression>props['InitiatorFirstName'] = parts[0].xpath(&quot;/wd:Report_Data/wd:Report_Entry/wd:Initiator/wd:IFN&quot;,props['pNameSpace1'])</cc:expression>
                    <cc:expression>props['InitiatorLastName'] = parts[0].xpath(&quot;/wd:Report_Data/wd:Report_Entry/wd:Initiator/wd:ILN&quot;,props['pNameSpace1'])</cc:expression>
                    <cc:expression>props['InitiatorEmail'] = parts[0].xpath(&quot;/wd:Report_Data/wd:Report_Entry/wd:Initiator/wd:IEMAIL&quot;,props['pNameSpace1'])</cc:expression>
                    <cc:expression>props['SSO'] = parts[0].xpath(&quot;/wd:Report_Data/wd:Report_Entry/wd:SSO&quot;,props['pNameSpace1'])</cc:expression>
                    <cc:expression>props['Total_Salary'] = parts[0].xpath(&quot;/wd:Report_Data/wd:Report_Entry/wd:HC/wd:BPAM&quot;,props['pNameSpace1'])</cc:expression>
                    <cc:expression>props['Currency'] = parts[0].xpath(&quot;/wd:Report_Data/wd:Report_Entry/wd:HC/wd:BPC/@wd:Descriptor&quot;,props['pNameSpace1'])</cc:expression>
                    
                    
                </cc:eval>
            </cc:steps>
            <cc:send-error id="SendError" routes-to="Throw-Fetch-Error"/>
        </cc:async-mediation>
        <cc:local-in id="IFG_Identification_in" routes-to="Final_Endpoints_BasedOnIFG"/>
        <cc:async-mediation id="Final_Endpoints_BasedOnIFG">
            <cc:steps>
                <cc:eval id="Eval">
                    <cc:expression>props['2L_Final_End_Point'] = props['IFG'] == 'GE Aviation'|| props['IFG'] == 'GE Corporate' ? props['2L_Final_End_Point_GEAerospace'] : props['2L_Final_End_Point'];</cc:expression>
                    <cc:expression>props['GMS_Incident_End_Point'] = props['IFG'] == 'GE Aviation'|| props['IFG'] == 'GE Corporate' ? props['GMS_Incident_End_Point_GEAerospace'] : props['GMS_Incident_End_Point'];</cc:expression>
                    <cc:expression>props['SpinOff_Business'] = props['IFG'] == 'GE Aviation'|| props['IFG'] == 'GE Corporate' ? 'GE Aerospace' : 'GE Vernova';</cc:expression>
                </cc:eval>
            </cc:steps>
            <cc:send-error id="SendError" routes-to="Common-Error-Handling1"/>
        </cc:async-mediation>
        <cc:local-out id="Common-Error-Handling1" store-message="none" endpoint="vm://INT385_GMS_EmployeeAgreement_Studio_Outbound/Common-error"/>
        <cc:local-out id="IFG_Identification_Out" store-message="none" endpoint="vm://INT385_GMS_EmployeeAgreement_Studio_Outbound/IFG_Identification_in"/>
	</cc:assembly>

</beans>