<?xml version="1.0" encoding="UTF-8"?>
<wdnm:Diagram xmlns:wdnm="http://workday.com/studio/editors/notation">
  <element href="assembly.xml#WorkdayAssembly"/>
  <visualProperties x="58" y="82">
    <element href="assembly.xml#StartHere"/>
  </visualProperties>
  <visualProperties x="604" y="785">
    <element href="assembly.xml#ExtractFields"/>
  </visualProperties>
  <visualProperties x="367" y="82">
    <element href="assembly.xml#Call-GetActiveEmployees"/>
  </visualProperties>
  <visualProperties x="58" y="279">
    <element href="assembly.xml#GetActiveEmployees"/>
  </visualProperties>
  <visualProperties x="272" y="235">
    <element href="assembly.xml#BuildGetActiveEmployees"/>
  </visualProperties>
  <visualProperties x="495" y="338">
    <element href="assembly.xml#GetActiveWorkersErrorMessage"/>
  </visualProperties>
  <visualProperties x="500" y="279">
    <element href="assembly.xml#Call-ProcessActiveEmployees"/>
  </visualProperties>
  <visualProperties x="67" y="811">
    <element href="assembly.xml#ProcessWorkers"/>
  </visualProperties>
  <visualProperties x="282" y="753">
    <element href="assembly.xml#SplitByWorker"/>
  </visualProperties>
  <visualProperties x="211" y="54">
    <element href="assembly.xml#GetProperties"/>
  </visualProperties>
  <visualProperties x="272" y="1088">
    <element href="assembly.xml#Aggregator"/>
  </visualProperties>
  <visualProperties x="997" y="829">
    <element href="assembly.xml#Call-AggregateRows"/>
  </visualProperties>
  <visualProperties x="972" y="873">
    <element href="assembly.xml#ExtractFieldsErrorMessage"/>
  </visualProperties>
  <visualProperties x="590" y="82">
    <element href="assembly.xml#Call-GetTerminatedEmployees"/>
  </visualProperties>
  <visualProperties x="58" y="517">
    <element href="assembly.xml#GetTerminatedEmployees"/>
  </visualProperties>
  <visualProperties x="311" y="473">
    <element href="assembly.xml#BuildGetTerminatedEmployees"/>
  </visualProperties>
  <visualProperties x="570" y="561">
    <element href="assembly.xml#GetTerminatedEmployeesErrorMsg"/>
  </visualProperties>
  <visualProperties x="568" y="517">
    <element href="assembly.xml#Call-ProcessTerminatedEmployees"/>
  </visualProperties>
  <visualProperties x="67" y="1122">
    <element href="assembly.xml#AggregateRows"/>
  </visualProperties>
  <visualProperties x="453" y="1078">
    <element href="assembly.xml#CombineRowsWithHeaderTrailer"/>
  </visualProperties>
  <visualProperties x="854" y="82">
    <element href="assembly.xml#Call-OutputFile"/>
  </visualProperties>
  <visualProperties x="796" y="1166">
    <element href="assembly.xml#CombineRowsWithHeaderErrorMsg"/>
  </visualProperties>
  <visualProperties x="56" y="1329">
    <element href="assembly.xml#OutputFile"/>
  </visualProperties>
  <visualProperties x="209" y="1301">
    <element href="assembly.xml#SetForceBatch"/>
  </visualProperties>
  <visualProperties x="367" y="1329">
    <element href="assembly.xml#Call-CloseAggregator"/>
  </visualProperties>
  <visualProperties x="570" y="1285">
    <element href="assembly.xml#DeliverOutputFile"/>
  </visualProperties>
  <visualProperties x="745" y="1329">
    <element href="assembly.xml#OutputFileMessage"/>
  </visualProperties>
  <visualProperties x="542" y="1434">
    <element href="assembly.xml#OutputFileErrorMessage"/>
  </visualProperties>
  <visualProperties x="58" y="1566">
    <element href="assembly.xml#//@beans/@mixed.1/@mixed.59"/>
  </visualProperties>
  <visualProperties x="226" y="1566">
    <element href="assembly.xml#CallPutIntegrationMessageGlobal"/>
  </visualProperties>
  <visualProperties x="428" y="822">
    <element href="assembly.xml#ValidateEEPayGroup"/>
  </visualProperties>
  <decorations x="44" y="27" width="957" height="148" fgColor="1" type="NOTE" text="Main"/>
  <decorations x="44" y="194" width="695" height="208" bgColor="9680639" fgColor="1" type="NOTE" text="Call Get_Workers to get all active employees using paging"/>
  <decorations x="44" y="677" width="1131" height="339" bgColor="12373156" fgColor="1" type="NOTE" text="Split by worker and extract fields"/>
  <decorations x="44" y="423" width="782" height="233" bgColor="15327687" fgColor="1" type="NOTE" text="Call Get_Workers to get terminated employees who were terminated since the last time the integration ran"/>
  <decorations x="44" y="1039" width="1030" height="205" bgColor="15977207" fgColor="1" type="NOTE" text="Aggregate rows. Combine header and trailer with rows."/>
  <decorations x="44" y="1259" width="871" height="226" bgColor="16764622" fgColor="1" type="NOTE" text="Aggregate rows and deliver the file."/>
  <decorations x="44" y="1516" width="431" height="122" font="Segoe UI|9|0" bgColor="6974207" fgColor="1" type="NOTE" text="Global Error Handler"/>
  <connections type="routesTo">
    <source href="assembly.xml#//@beans/@mixed.1/@mixed.11/@mixed.3"/>
    <target href="assembly.xml#GetActiveWorkersErrorMessage"/>
  </connections>
  <connections type="routesTo">
    <source href="assembly.xml#StartHere"/>
    <target href="assembly.xml#GetProperties"/>
  </connections>
  <connections type="routesTo">
    <source href="assembly.xml#ProcessWorkers"/>
    <target href="assembly.xml#SplitByWorker"/>
  </connections>
  <connections type="routesTo">
    <source href="assembly.xml#//@beans/@mixed.1/@mixed.3/@mixed.3"/>
    <target href="assembly.xml#ExtractFieldsErrorMessage"/>
  </connections>
  <connections type="routesTo">
    <source href="assembly.xml#ExtractFields"/>
    <target href="assembly.xml#Call-AggregateRows"/>
  </connections>
  <connections type="routesResponseTo">
    <source href="assembly.xml#Call-GetActiveEmployees"/>
    <target href="assembly.xml#Call-GetTerminatedEmployees"/>
  </connections>
  <connections type="routesTo">
    <source href="assembly.xml#GetTerminatedEmployees"/>
    <target href="assembly.xml#BuildGetTerminatedEmployees"/>
  </connections>
  <connections type="routesTo">
    <source href="assembly.xml#//@beans/@mixed.1/@mixed.31/@mixed.3"/>
    <target href="assembly.xml#GetTerminatedEmployeesErrorMsg"/>
  </connections>
  <connections type="routesTo">
    <source href="assembly.xml#AggregateRows"/>
    <target href="assembly.xml#Aggregator"/>
  </connections>
  <connections type="routesTo">
    <source href="assembly.xml#Aggregator"/>
    <target href="assembly.xml#CombineRowsWithHeaderTrailer"/>
  </connections>
  <connections type="routesResponseTo">
    <source href="assembly.xml#Call-GetTerminatedEmployees"/>
    <target href="assembly.xml#Call-OutputFile"/>
  </connections>
  <connections type="routesTo">
    <source href="assembly.xml#//@beans/@mixed.1/@mixed.39/@mixed.3"/>
    <target href="assembly.xml#CombineRowsWithHeaderErrorMsg"/>
  </connections>
  <connections type="routesTo">
    <source href="assembly.xml#OutputFile"/>
    <target href="assembly.xml#SetForceBatch"/>
  </connections>
  <connections type="routesTo">
    <source href="assembly.xml#SetForceBatch"/>
    <target href="assembly.xml#Call-CloseAggregator"/>
  </connections>
  <connections type="routesTo">
    <source href="assembly.xml#DeliverOutputFile"/>
    <target href="assembly.xml#OutputFileMessage"/>
  </connections>
  <connections type="routesTo">
    <source href="assembly.xml#//@beans/@mixed.1/@mixed.55/@mixed.3"/>
    <target href="assembly.xml#OutputFileErrorMessage"/>
  </connections>
  <connections type="routesResponseTo">
    <source href="assembly.xml#Call-CloseAggregator"/>
    <target href="assembly.xml#DeliverOutputFile"/>
  </connections>
  <connections type="routesTo">
    <source href="assembly.xml#//@beans/@mixed.1/@mixed.59"/>
    <target href="assembly.xml#CallPutIntegrationMessageGlobal"/>
  </connections>
  <connections type="routesTo" sourceAnchorX="0.7869822485207101" sourceAnchorY="1.0" targetAnchorX="0.02197802197802198" targetAnchorY="0.536">
    <source href="assembly.xml#GetActiveEmployees"/>
    <target href="assembly.xml#BuildGetActiveEmployees"/>
  </connections>
  <connections type="routesTo">
    <source href="assembly.xml#BuildGetActiveEmployees"/>
    <target href="assembly.xml#Call-ProcessActiveEmployees"/>
  </connections>
  <connections type="routesTo">
    <source href="assembly.xml#BuildGetTerminatedEmployees"/>
    <target href="assembly.xml#Call-ProcessTerminatedEmployees"/>
  </connections>
  <connections type="routesTo">
    <source href="assembly.xml#GetProperties"/>
    <target href="assembly.xml#Call-GetActiveEmployees"/>
  </connections>
  <connections type="routesTo">
    <source href="assembly.xml#//@beans/@mixed.1/@splitter.0/@subRoute.0"/>
    <target href="assembly.xml#ValidateEEPayGroup"/>
  </connections>
  <connections type="routesTo">
    <source href="assembly.xml#ValidateEEPayGroup"/>
    <target href="assembly.xml#ExtractFields"/>
  </connections>
</wdnm:Diagram>
