<?xml version="1.0" encoding="UTF-8"?>
<beans
     xmlns="http://www.springframework.org/schema/beans"
     xmlns:beans="http://www.springframework.org/schema/beans"
     xmlns:atom="http://www.w3.org/2005/Atom"
     xmlns:cc="http://www.capeclear.com/assembly/10"
     xmlns:cloud="urn:com.workday/esb/cloud/10.0"
     xmlns:env="http://schemas.xmlsoap.org/soap/envelope/"
     xmlns:pi="urn:com.workday/picof"
     xmlns:wd="urn:com.workday/bsvc"
     xmlns:xsi="http://www.w3.org/2001/XMLSchema-instance">
 
	<cc:assembly id="WorkdayAssembly" version="2023.15">
        <cc:workday-in id="Beginprocess" routes-to="Call-Initialisation">
            <cc:integration-system name="INT0223 VirginPulse Healthy Lifestyle Credit Payroll Inbound">
        <cloud:param name="Studio Debug WID">
          <cloud:type>
            <cloud:simple-type>text</cloud:simple-type>
          </cloud:type>
          <cloud:launch-option>do-not-show</cloud:launch-option>
        </cloud:param>
        <cloud:param name="Validation Mode">
          <cloud:type>
            <cloud:simple-type>boolean</cloud:simple-type>
          </cloud:type>
          <cloud:default>
            <cloud:boolean>false</cloud:boolean>
          </cloud:default>
        </cloud:param>
        <cloud:param name="Current datetime">
          <cloud:type>
            <cloud:simple-type>datetime</cloud:simple-type>
          </cloud:type>
          <cloud:default>
            <cloud:class-report-field description="Current Moment (DateTime)" type="WID">df4effe76deb4222a79001d6737cf91c</cloud:class-report-field>
          </cloud:default>
          <cloud:launch-option>do-not-show</cloud:launch-option>
        </cloud:param>
        <cloud:param name="Earning/Deduction (Optional)">
          <cloud:type>
            <cloud:simple-type>text</cloud:simple-type>
          </cloud:type>
          <cloud:default>
            <cloud:text>MEDWEL</cloud:text>
          </cloud:default>
        </cloud:param>
        <cloud:param name="Earning/Deduction/Deduction as Credit">
          <cloud:type>
            <cloud:enumeration-type name="INT0223-Type">
              <cloud:enumeration>Earning</cloud:enumeration>
              <cloud:enumeration>Deduction</cloud:enumeration>
              <cloud:enumeration>Deduction as Credit</cloud:enumeration>
            </cloud:enumeration-type>
          </cloud:type>
          <cloud:default>
            <cloud:enumeration name="INT0223-Type">
              <cloud:enumeration>Deduction as Credit</cloud:enumeration>
            </cloud:enumeration>
          </cloud:default>
        </cloud:param>
        <cloud:param name="Exclude Terminated">
          <cloud:type>
            <cloud:simple-type>boolean</cloud:simple-type>
          </cloud:type>
          <cloud:default>
            <cloud:boolean>false</cloud:boolean>
          </cloud:default>
        </cloud:param>
        <cloud:attribute-map-service name="INT0223-PayrollInputInbound-Generic">
          <cloud:attribute name="Web Service Version">
            <cloud:type>
              <cloud:simple-type>text</cloud:simple-type>
            </cloud:type>
          </cloud:attribute>
          <cloud:attribute name="Document Retention Policy">
            <cloud:type>
              <cloud:simple-type>number</cloud:simple-type>
            </cloud:type>
          </cloud:attribute>
          <cloud:attribute name="Payroll Input Batch Size">
            <cloud:type>
              <cloud:simple-type>number</cloud:simple-type>
            </cloud:type>
          </cloud:attribute>
        </cloud:attribute-map-service>
        <cloud:service-reference name="INT0223 - Field Override Service"/>
      </cc:integration-system>
        </cc:workday-in>
        <cc:local-out id="Call-Initialisation" store-message="none" routes-response-to="Call-Fileretrieval" endpoint="vm://INT0223-VirginPulse-HealthyLifestyleCredit-Payroll-Inbound/Initialize"/>
        <cc:local-in id="Initialize" routes-to="Init.Props"/>
        <cc:async-mediation id="Init.Props">
            <cc:steps>
                <cc:eval id="Attributes">
                    <cc:expression>props['ia.doc.ret.pol'] = intsys.getAttribute('Document Retention Policy')</cc:expression>
                    <cc:expression>props['ia.ws.ver'] = intsys.getAttribute('Web Service Version')</cc:expression>
                    <cc:expression>props['batch.size'] = intsys.getAttribute('Payroll Input Batch Size')</cc:expression>
                </cc:eval>
                <cc:eval id="Launchparameters">
                    <cc:expression>props['lp.debug.wid'] = lp.getSimpleData('Studio Debug WID')</cc:expression>
                    <cc:expression>props['validation.mode.lp'] = (Boolean)lp.getSimpleData('Validation Mode')</cc:expression>
                    <cc:expression>//props['PI.Start.Date']= lp.getDate('PI Start Date')</cc:expression>
                    <cc:expression>//props['PI.End.Date']= lp.getDate('PI End Date')</cc:expression>
                    <cc:expression>props['current.datetime'] = lp.getSimpleData('Current datetime')</cc:expression>
                    <cc:expression>props['current.date'] = props['current.datetime'].toString().substring(0, 10)</cc:expression>
                    <cc:expression>props['lp.earning.deduction'] = lp.getSimpleData('Earning/Deduction (Optional)')</cc:expression>
                    <cc:expression>props['lp.type'] = lp.getSimpleData('Earning/Deduction/Deduction as Credit')</cc:expression>
                    <cc:expression>props['lp.exclude.term'] = (Boolean)lp.getSimpleData('Exclude Terminated')</cc:expression>
                </cc:eval>
                <cc:eval id="Props-Var-Dec">
                    <cc:expression>props['int.sys.name'] = intsys.getName()</cc:expression>
                    <cc:expression>props['new.batch.id'] = 'INT0223'</cc:expression>
                    <cc:expression>props['File.Emplid.hashset'] = new java.util.HashSet()</cc:expression>
                    <cc:expression>props['Valid.Emplid.hashset'] = new java.util.HashSet()</cc:expression>
                    <cc:expression>props['Input.file.map'] = new java.util.HashMap()</cc:expression>
                    <cc:expression>props['close.all.ws.agg'] = false</cc:expression>
                    <cc:expression>props['close.imp.responses.agg']=false</cc:expression>
                    <cc:expression>props['batch.num'] = 0</cc:expression>
                    <cc:expression>props['close.audit.log.agg']=false</cc:expression>
                </cc:eval>
            </cc:steps>
            <cc:send-error id="SendError" routes-to="WriteErrorMessage"/>
        </cc:async-mediation>
        <cc:local-out id="WriteErrorMessage" endpoint="vm://wcc/PutIntegrationMessage"><cc:set name="is.message.severity" value="'ERROR'"/><cc:set name="is.message.summary" value="'Error occurred in Initialization, Message: '+ util.cleanString(context.errorMessage)"/></cc:local-out>
        <cc:local-out id="Call-Fileretrieval" store-message="none" routes-response-to="Call-Processfile" endpoint="vm://INT0223-VirginPulse-HealthyLifestyleCredit-Payroll-Inbound/RetrieveInputfile"/>
        <cc:local-in id="RetrieveInputfile" routes-to="GetEventDocuments"/>
        <cc:route id="Route">
            <cc:doc-iterator variable-name="wd.retrieve.variable"/>
            <cc:sub-route name="SubRoute" routes-to="CopyfromfiletoMsg"/>
        </cc:route>
        <cc:async-mediation id="EmptyfileCheck" routes-to="Route">
            <cc:steps>
                <cc:validate-exp id="ValidateExp">
                    <cc:expression>da.size()==1</cc:expression>
                </cc:validate-exp>
            </cc:steps>
            <cc:send-error id="SendError" rethrow-error="true" routes-to="Writefileerror"/>
        </cc:async-mediation>
        <cc:local-out id="Writefileerror" endpoint="vm://wcc/PutIntegrationMessage"><cc:set name="is.message.severity" value="'CRITICAL'"/><cc:set name="is.message.summary" value="'No input file retrieved'"/></cc:local-out>
        <cc:local-out id="Call-Processfile" store-message="none" routes-response-to="Call-GetWorker" endpoint="vm://INT0223-VirginPulse-HealthyLifestyleCredit-Payroll-Inbound/Processfile"/>
        <cc:local-in id="Processfile" routes-to="Convert2xmlandValidate"/>
        <cc:async-mediation id="Convert2xmlandValidate" routes-to="SplitWorkerbyPI" handle-downstream-errors="true">
            <cc:steps>
                <cc:csv-to-xml id="CsvToXml" output-mimetype="text/xml" input="message" colNames="Type|EmployeeID|Amount|DeductionCode" rootName="Root" rowName="Payrollinput" separator="|"/>
                <cc:xslt-plus id="Onlydetailrows" url="INT0223_Onlydetailrow.xsl"/>
            </cc:steps>
            <cc:send-error id="SendError" routes-to="ProcessingfileError"/>
        </cc:async-mediation>
        <cc:async-mediation id="CopyfromfiletoMsg">
            <cc:steps>
                <cc:copy id="VartoMessage" output="message" input="variable" input-variable="wd.retrieve.variable"/>
                <cc:validate-exp id="ValidateExp">
                    <cc:expression>message.length != 0</cc:expression>
                </cc:validate-exp>
            </cc:steps>
            <cc:send-error id="SendError" rethrow-error="true" routes-to="Blankfileerror"/>
        </cc:async-mediation>
        <cc:local-out id="Call-GetWorker" store-message="none" routes-response-to="Call-Closeerrorlogaudit" endpoint="vm://INT0223-VirginPulse-HealthyLifestyleCredit-Payroll-Inbound/GetWorkers"/>
        <cc:splitter id="SplitWorkerbyPI">
            <cc:sub-route name="SubRoute" routes-to="InitializeEmplidHashSetMap"/>
            <cc:xml-stream-splitter xpath="/Root/Payrollinput"/>
        </cc:splitter>
        <cc:async-mediation id="InitializeEmplidHashSetMap">
            <cc:steps>
                <cc:validate-exp id="ValidateExp">
                    <cc:expression error-number="105" failure-message="Only positive values can be processed&#x9;&#x9;">parts[0].xpath('/Payrollinput/Amount') > 0</cc:expression>
                    <cc:expression error-number="110" failure-message="Mutiple rows for an employee in the input file">parts[0].xpath('/Payrollinput/Count') == 1</cc:expression>
                </cc:validate-exp>
                <cc:eval id="Init.HS.HM">
                    <cc:expression>props['file.EmpLid'] = parts[0].xpath('/Payrollinput/EmployeeID')</cc:expression>
                    <cc:expression>props['file.EmpLid'] != empty?props['File.Emplid.hashset'].add(props['file.EmpLid']):null</cc:expression>
                    <cc:expression>props['file.EmpLid'] != empty?props['Input.file.map'].put(props['file.EmpLid'],parts[0].text):null</cc:expression>
                </cc:eval>
            </cc:steps>
            <cc:send-error id="SendError" routes-to="TransformFileErrors"/>
        </cc:async-mediation>
        <cc:local-out id="ProcessingfileError" endpoint="vm://wcc/PutIntegrationMessage"><cc:set name="is.message.severity" value="'ERROR'"/><cc:set name="is.message.summary" value="&quot;Error at Component: &quot;# context.errorComponentId #&quot;Error Message: &quot; #context.errorMessage"/></cc:local-out>
        <cc:local-in id="GetWorkers" routes-to="GetworkersRequest"/>
        <cc:async-mediation id="GetworkersRequest" routes-to="InvalidEmployeeHandler" handle-downstream-errors="true">
            <cc:steps>
                <cc:write id="Write">
                    <cc:message>
                        <cc:text>	&lt;wd:Get_Workers_Request xmlns:wd=&quot;urn:com.workday/bsvc&quot; wd:version=&quot;@{props['ia.ws.ver']}&quot;> &#xD;
        &lt;wd:Request_References wd:Skip_Non_Existing_Instances=&quot;true&quot;>&#xD;
            @foreach{props['File.Emplid.hashset']  as id}&#xD;
        &lt;wd:Worker_Reference>&#xD;
            &lt;wd:ID wd:type=&quot;Employee_ID&quot;>@{id}&lt;/wd:ID>&#xD;
        &lt;/wd:Worker_Reference>&#xD;
        @end{}&#xD;
        &lt;/wd:Request_References>&#xD;
           &lt;wd:Request_Criteria>&#xD;
                &lt;wd:Exclude_Inactive_Workers>false&lt;/wd:Exclude_Inactive_Workers>&#xD;
                &lt;wd:Exclude_Employees>false&lt;/wd:Exclude_Employees>&#xD;
                &lt;wd:Exclude_Contingent_Workers>true&lt;/wd:Exclude_Contingent_Workers>&#xD;
                &lt;wd:Field_And_Parameter_Criteria_Data>&#xD;
					&lt;wd:Provider_Reference>&#xD;
						&lt;wd:ID wd:type=&quot;Integration_System_ID&quot;>@{props['int.sys.name']}&lt;/wd:ID>&#xD;
					&lt;/wd:Provider_Reference>&#xD;
				&lt;/wd:Field_And_Parameter_Criteria_Data>&#xD;
            &lt;/wd:Request_Criteria>&#xD;
            &lt;wd:Response_Filter>&#xD;
                &lt;wd:As_Of_Effective_Date>@{props['current.date']}&lt;/wd:As_Of_Effective_Date>&#xD;
                &lt;wd:As_Of_Entry_DateTime>@{props['current.datetime']}&lt;/wd:As_Of_Entry_DateTime>&#xD;
                &lt;wd:Page>1&lt;/wd:Page>&#xD;
                &lt;wd:Count>999&lt;/wd:Count>&#xD;
            &lt;/wd:Response_Filter>&#xD;
            &lt;wd:Response_Group>&#xD;
                &lt;wd:Include_Reference>true&lt;/wd:Include_Reference>&#xD;
                &lt;wd:Include_Employment_Information>true&lt;/wd:Include_Employment_Information>&#xD;
            &lt;/wd:Response_Group>&#xD;
&lt;/wd:Get_Workers_Request></cc:text>
                    </cc:message>
                </cc:write>
                <cc:copy id="Copy" output="variable" output-variable="getWorkersMessage"/>
                <cc:wrap-soap id="WrapSoap"/>
            </cc:steps>
            <cc:send-error id="SendError" routes-to="GetWorkersReqErrorhandling"/>
        </cc:async-mediation>
        <cc:local-out id="GetWorkersReqErrorhandling" endpoint="vm://wcc/PutIntegrationMessage"><cc:set name="is.message.severity" value="'ERROR'"/><cc:set name="is.message.summary" value="'Get Worker WS Request failed'"/><cc:set name="is.message.detail" value="util.cleanString( context.errorMessage )"/></cc:local-out>
        <cc:local-out id="PagedGet" execute-when="props['error.free'] == true" routes-response-to="emptyCatch" endpoint="vm://wcc/PagedGet"><cc:set name="is.paged.get.request.current.page.xpath" value="'/env:Envelope/env:Body/*/wd:Response_Filter/wd:Page'"/><cc:set name="is.paged.get.response.current.page.xpath" value="'/env:Envelope/env:Body/*/wd:Response_Results/wd:Page'"/><cc:set name="is.paged.get.response.total.pages.xpath" value="'/env:Envelope/env:Body/*/wd:Response_Results/wd:Total_Pages'"/><cc:set name="is.paged.get.response.total.results.xpath" value="'/env:Envelope/env:Body/*/wd:Response_Results/wd:Total_Results'"/><cc:set name="is.paged.get.aggregate.xpath" value="'/*'"/><cc:set name="is.paged.get.aggregate.header" value="'&lt;Workers>'"/><cc:set name="is.paged.get.aggregate.footer" value="'&lt;/Workers>'"/><cc:set name="is.paged.get.application" value="'Human_Resources'"/><cc:set name="is.paged.get.version" value="props['ia.ws.ver']"/><cc:set name="is.paged.get.page.zero" value="false"/><cc:set name="is.paged.get.store.requests" value="true"/></cc:local-out>
        <cc:async-mediation id="GetWorkersTransform" routes-to="ValidateActiveTerm">
            <cc:steps>
                <cc:xslt-plus id="XsltPlus" url="INT0223_GetWorkers_Transform.xsl"/>
                <cc:eval id="RetrievefromHashmap">
                    <cc:expression>props['employeeID']=parts[0].xstream('/Root/EmployeeID')</cc:expression>
                    <cc:expression>props['employee.status'] = parts[0].xstream('/Root/Status')</cc:expression>
                    <cc:expression>vars['Message.emplid'] = (props['Input.file.map'].containsKey(props['employeeID'])) ? props['Input.file.map'].get(props['employeeID']) : null</cc:expression>
                    <cc:expression>props['Valid.file.emplid'] = vars['Message.emplid']!=null?vars['Message.emplid'].xpath('/Payrollinput/EmployeeID'):null</cc:expression>
                    <cc:expression>props['Valid.file.Amount'] = vars['Message.emplid']!=null?vars['Message.emplid'].xpath('/Payrollinput/Amount'):null</cc:expression>
                    <cc:expression>props['Valid.file.DeductionCode'] = vars['Message.emplid']!=null?vars['Message.emplid'].xpath('/Payrollinput/DeductionCode'):null</cc:expression>
                    <cc:expression>props['Valid.Emplid.hashset'].add(props['Valid.file.emplid'])</cc:expression>
                    <cc:expression>props['PI.Start.Date'] = parts[0].xstream('/Root/PeriodStartDate')</cc:expression>
                    <cc:expression>props['PI.End.Date'] = parts[0].xstream('/Root/PeriodEndDate')</cc:expression>
                    <cc:expression>props['p.filerownumber'] = vars['Message.emplid']!=null?vars['Message.emplid'].xpath('/Payrollinput/FileRowNumber'):null</cc:expression>
                </cc:eval>
            </cc:steps>
            <cc:send-error id="SendError" routes-to="WriteGetworkerstranformerr"/>
        </cc:async-mediation>
        <cc:splitter id="SplitGWResponse">
            <cc:sub-route name="GetWorkersTransform" routes-to="GetWorkersTransform"/>
            <cc:xml-stream-splitter xpath="/Workers/env:Envelope/env:Body/wd:Get_Workers_Response/wd:Response_Data/wd:Worker/wd:Worker_Data"/>
        </cc:splitter>
        <cc:local-in id="ErrorAuditfile" routes-to="ConsolidateErrors"/>
        <cc:local-in id="Payroll-Input" routes-to="CreateImportPIRequest"/>
        <cc:async-mediation id="CreateImportPIRequest" routes-to="CollectallPIs" handle-downstream-errors="true">
            <cc:steps>
                <cc:eval id="Eval">
                    <cc:expression>props['Valid.file.Amount'] = props['lp.type'] == 'Deduction as Credit' ? props['Valid.file.Amount'] * -1 : props['Valid.file.Amount']</cc:expression>
                </cc:eval>
                <cc:xslt-plus id="XsltPlus" url="INT0223_CreateImportPayroll_WSreq.xsl"/>
            </cc:steps>
            <cc:send-error id="SendError" routes-to="WSReqErrors"/>
        </cc:async-mediation>
        <cc:local-out id="WSReqErrors" endpoint="vm://wcc/PutIntegrationMessage"><cc:set name="is.message.severity" value="'ERROR'"/><cc:set name="is.message.summary" value="&quot;Error at Component: &quot;# context.errorComponentId #&quot;Error Message: &quot; #context.errorMessage"/></cc:local-out>
        <cc:aggregator id="CollectallPIs" routes-to="CreateImportBatch" collate-when="!props['close.all.ws.agg']" force-batch-on-last-message="false" force-batch-when="props['close.all.ws.agg']">
            <cc:size-batch-strategy batch-size="-1"/>
            <cc:xml-message-content-collater>
        <cc:header-text>&lt;root>	</cc:header-text>
        <cc:footer-text>&lt;/root></cc:footer-text>
      </cc:xml-message-content-collater>
        </cc:aggregator>
        <cc:local-in id="CleanInvalidEEids" routes-to="CreateCleanGetWorkersCall"/>
        <cc:sync-mediation id="CreateCleanGetWorkersCall" routes-to="SplitInvalidIDS" handle-downstream-errors="true">
            <cc:request-steps>
                <cc:eval id="isErrorTrue">
                    <cc:expression>props['error.free'] = false</cc:expression>
                </cc:eval>
            </cc:request-steps>
            <cc:response-steps>
                <cc:eval id="isErrorFalse">
                    <cc:expression>props['error.free'] =true</cc:expression>
                </cc:eval>
                <cc:wrap-soap id="WrapSoap"/>
                <cc:write id="Write">
                    <cc:message>
                        <cc:text>	&lt;wd:Get_Workers_Request xmlns:wd=&quot;urn:com.workday/bsvc&quot; wd:version=&quot;@{props['ia.ws.ver']}&quot;> &#xD;
        &lt;wd:Request_References wd:Skip_Non_Existing_Instances=&quot;true&quot;>&#xD;
            @foreach{props['File.Emplid.hashset']  as id}&#xD;
        &lt;wd:Worker_Reference>&#xD;
            &lt;wd:ID wd:type=&quot;Employee_ID&quot;>@{id}&lt;/wd:ID>&#xD;
        &lt;/wd:Worker_Reference>&#xD;
        @end{}&#xD;
        &lt;/wd:Request_References>&#xD;
           &lt;wd:Request_Criteria>&#xD;
                &lt;wd:Exclude_Inactive_Workers>false&lt;/wd:Exclude_Inactive_Workers>&#xD;
                &lt;wd:Exclude_Employees>false&lt;/wd:Exclude_Employees>&#xD;
                &lt;wd:Exclude_Contingent_Workers>true&lt;/wd:Exclude_Contingent_Workers>&#xD;
                &lt;wd:Field_And_Parameter_Criteria_Data>&#xD;
					&lt;wd:Provider_Reference>&#xD;
						&lt;wd:ID wd:type=&quot;Integration_System_ID&quot;>@{props['int.sys.name']}&lt;/wd:ID>&#xD;
					&lt;/wd:Provider_Reference>&#xD;
				&lt;/wd:Field_And_Parameter_Criteria_Data>&#xD;
            &lt;/wd:Request_Criteria>&#xD;
            &lt;wd:Response_Filter>&#xD;
                &lt;wd:As_Of_Effective_Date>@{props['current.date']}&lt;/wd:As_Of_Effective_Date>&#xD;
                &lt;wd:As_Of_Entry_DateTime>@{props['current.datetime']}&lt;/wd:As_Of_Entry_DateTime>&#xD;
                &lt;wd:Page>1&lt;/wd:Page>&#xD;
                &lt;wd:Count>999&lt;/wd:Count>&#xD;
            &lt;/wd:Response_Filter>&#xD;
            &lt;wd:Response_Group>&#xD;
                &lt;wd:Include_Reference>true&lt;/wd:Include_Reference>&#xD;
                &lt;wd:Include_Employment_Information>true&lt;/wd:Include_Employment_Information>&#xD;
            &lt;/wd:Response_Group>&#xD;
&lt;/wd:Get_Workers_Request></cc:text>
                    </cc:message>
                </cc:write>
                <cc:validate-exp id="ValidateExp">
                    <cc:expression error-number="10" failure-message="No valid Employee Found in the input file, please check the attached Error File." replace-message="true">props['File.Emplid.hashset'].size() >0</cc:expression>
                </cc:validate-exp>
            </cc:response-steps>
            <cc:send-error id="SendError" routes-to="UnexpectedErrors"/>
        </cc:sync-mediation>
        <cc:async-mediation id="InvalidEmployeeHandler" routes-to="PagedGet" handle-downstream-errors="true">
            <cc:steps>
                <cc:eval id="Process.Flag">
                    <cc:expression>props['error.free'] = true</cc:expression>
                </cc:eval>
            </cc:steps>
            <cc:send-error id="SendError" routes-to="CallCleanInvalidEEIds"/>
        </cc:async-mediation>
        <cc:local-out id="CallCleanInvalidEEIds" store-message="none" execute-when="context.errorMessage.contains('not a valid ID value for type')" routes-response-to="PagedGet" endpoint="vm://INT0223-VirginPulse-HealthyLifestyleCredit-Payroll-Inbound/CleanInvalidEEids"/>
        <cc:splitter id="SplitInvalidIDS">
            <cc:sub-route name="SubRoute" routes-to="DeleteInvalidIDs"/>
            <cc:xml-stream-splitter namespaces="wd urn:com.workday/bsvc SOAP-ENV http://schemas.xmlsoap.org/soap/envelope/&#x9;" xpath="/Envelope/Body/Fault/detail/wd:Validation_Fault/wd:Validation_Error"/>
        </cc:splitter>
        <cc:async-mediation id="DeleteInvalidIDs" routes-to="Call-InvalidEEAudit">
            <cc:steps>
                <cc:eval id="DeleteInvalidIDs">
                    <cc:expression>props['error.xpath']=parts[0].xstream('wd:Validation_Error/wd:Xpath')+'/wd:ID'	</cc:expression>
                    <cc:expression>props['invalid.id']=vars['getWorkersMessage'].xpath(props['error.xpath'])</cc:expression>
                    <cc:expression>props['File.Emplid.hashset'].remove(props['invalid.id'])</cc:expression>
                    <cc:expression>props['error.message'] = parts[0].xstream('wd:Validation_Error/wd:Message');</cc:expression>
                    <cc:expression>vars['Invalid.emplid.msg'] = (props['Input.file.map'].containsKey(props['invalid.id'])) ? props['Input.file.map'].get(props['invalid.id']) : null;&#xD;
props['Invalid.file.Amount'] = vars['Invalid.emplid.msg']!=null?vars['Invalid.emplid.msg'].xpath('/Payrollinput/Amount'):null;&#xD;
props['Invalid.file.rownumber'] = vars['Invalid.emplid.msg']!=null?vars['Invalid.emplid.msg'].xpath('/Payrollinput/FileRowNumber'):null;</cc:expression>
                </cc:eval>
                <cc:xslt-plus id="InvalidEEdetails" output="message" url="INT0223_Erroraudit.xsl"/>
            </cc:steps>
        </cc:async-mediation>
        <cc:local-out id="UnexpectedErrors" endpoint="vm://wcc/PutIntegrationMessage"><cc:set name="is.message.severity" value="'ERROR'"/><cc:set name="is.message.summary" value="context.errorComponentId + context.errorMessage"/></cc:local-out>
        <cc:local-out id="Call-LoadPayrollInput" store-message="none" endpoint="vm://INT0223-VirginPulse-HealthyLifestyleCredit-Payroll-Inbound/Payroll-Input"/>
        <cc:local-in id="CloseAllWSAgg" routes-to="CollectallPIs"/>
        <cc:async-mediation id="CreateImportBatch" routes-to="CatchError">
            <cc:steps>
                <cc:xslt-plus id="CreateImportWS+Batch" url="INT0223_CreateImport_WS_Batch.xsl"/>
            </cc:steps>
        </cc:async-mediation>
        <cc:local-out id="Call-CloseWSAgg" store-message="none" routes-response-to="Call-CloseResponsesAggregator" endpoint="vm://INT0223-VirginPulse-HealthyLifestyleCredit-Payroll-Inbound/CloseAllWSAgg"><cc:set name="close.all.ws.agg" value="true"/></cc:local-out>
        <cc:splitter id="ImportWSSplitter">
            <cc:sub-route name="ImportPIWS" routes-to="Call-ImportPayrollInput-WS"/>
            <cc:xml-stream-splitter xpath="/root/wd:Import_Payroll_Input_Request"/>
        </cc:splitter>
        <cc:local-out id="Call-ImportPayrollInput-WS" store-message="none" endpoint="vm://INT0223-VirginPulse-HealthyLifestyleCredit-Payroll-Inbound/ImportPayroll-Input"/>
        <cc:local-in id="ImportPayroll-Input" routes-to="WrapWS0"/>
        <cc:async-mediation id="WrapWS0" routes-to="ValidationMode10" handle-downstream-errors="true">
            <cc:steps>
                <cc:copy id="Copy" output="variable" output-variable="current.ws.import.xml"/>
                <cc:xslt-plus id="XsltPlus" url="INT0223-RemoveDetails.xsl"/>
                <cc:wrap-soap id="WrapSoap"/>
            </cc:steps>
            <cc:send-error id="SendError" routes-to="ImportWSCallErrors"/>
        </cc:async-mediation>
        <cc:async-mediation id="ValidationMode10" routes-to="ImportWS" execute-steps-when="props['validation.mode.lp'] == true" handle-downstream-errors="true">
            <cc:steps>
                <cc:set-headers id="ValidationOn"><cc:remove-headers/><cc:add-headers>
    <cc:add-header name="X-Validate-Only" value="1"/>
</cc:add-headers></cc:set-headers>
            </cc:steps>
            <cc:send-error id="SendError" routes-to="ImportWSCallErrors"/>
        </cc:async-mediation>
        <cc:workday-out-soap id="ImportWS" routes-response-to="RequestResponseWID" application="Payroll" version="@{props['ia.ws.ver']}"/>
        <cc:async-mediation id="RequestResponseWID" routes-to="ImportPayrollResponses" handle-downstream-errors="true">
            <cc:steps>
                <cc:set-headers id="ValidationOff"><cc:remove-headers>
    <cc:remove-header name="X-Validate-Only"/>
</cc:remove-headers><cc:add-headers/></cc:set-headers>
                <cc:eval id="Eval">
                    <cc:expression>props['batch.num'] = props['batch.num'] + 1</cc:expression>
                    <cc:expression>props['response.wid'] = parts[0].xpath(&quot;/env:Envelope/env:Body/wd:Put_Import_Process_Response/wd:Import_Process_Reference/wd:ID&quot;)</cc:expression>
                </cc:eval>
                <cc:xslt-plus id="XsltPlus" input="variable" input-variable="current.ws.import.xml" url="INT0223_RequestResponseWid.xsl"/>
            </cc:steps>
            <cc:send-error id="SendError" routes-to="ImportWSCallErrors"/>
        </cc:async-mediation>
        <cc:local-out id="ImportWSCallErrors" routes-response-to="StoreErrors" endpoint="vm://wcc/PutIntegrationMessage"><cc:set name="is.message.severity" value="'ERROR'"/><cc:set name="is.message.summary" value="&quot;Import Processes Error, please check the log file : INT0223_Test_Welltok_wellness_credit_Audit_YYYYMMDD_hhmmss.txt&quot;"/><cc:set name="is.message.detail" value="util.cleanString(context.errorMessage)"/><cc:set name="is.document.file.name" value="&quot;INT0223_Test_Welltok_wellness_credit_Audit_YYYYMMDD_hhmmss.txt&quot;"/></cc:local-out>
        <cc:async-mediation id="StoreErrors">
            <cc:steps>
                <cc:store id="Store.errored.call" input="variable" input-variable="current.ws.import.xml" expiresIn="P@{props['ia.doc.ret.pol']}D" title="Errored.current.ws.import.xml"/>
            </cc:steps>
        </cc:async-mediation>
        <cc:local-in id="CloseImp.Resp.agg" routes-to="ImportPayrollResponses"/>
        <cc:aggregator id="ImportPayrollResponses" routes-to="StoreImportProcDetails" collate-when="!props['close.imp.responses.agg']" force-batch-on-last-message="false" force-batch-when="props['close.imp.responses.agg']">
            <cc:size-batch-strategy batch-size="-1"/>
            <cc:xml-message-content-collater>
        <cc:header-text>&lt;Root>	</cc:header-text>
        <cc:footer-text>&lt;/Root></cc:footer-text>
      </cc:xml-message-content-collater>
        </cc:aggregator>
        <cc:local-out id="Call-CloseResponsesAggregator" store-message="none" endpoint="vm://INT0223-VirginPulse-HealthyLifestyleCredit-Payroll-Inbound/CloseImp.Resp.agg"><cc:set name="close.imp.responses.agg" value="true"/></cc:local-out>
        <cc:async-mediation id="StoreImportProcDetails" routes-to="ImportDetailsPosted">
            <cc:steps>
                <cc:zip id="Zip"/>
                <cc:store id="Store" output="variable" output-variable="batch.details.file" expiresIn="P@{props['ia.doc.ret.pol']}D" title="INT0223 Batch Details File.zip"/>
            </cc:steps>
        </cc:async-mediation>
        <cc:local-out id="ImportDetailsPosted" endpoint="vm://wcc/PutIntegrationMessage"><cc:set name="is.message.severity" value="'INFO'"/><cc:set name="is.message.summary" value="'Number of batches processed : ' # props['batch.num'] # ' Import Processes information stored for further processing.'"/><cc:set name="is.document.variable.name" value="&quot;batch.details.file&quot;"/><cc:set name="is.document.file.name" value="&quot;INT0223 Batch Details File.zip&quot;"/><cc:set name="is.document.labels" value="&quot;batch.details&quot;"/></cc:local-out>
        <cc:aggregator id="ConsolidateErrors" routes-to="CompressandStore" collate-when="!props['close.audit.log.agg']" force-batch-on-last-message="false" force-batch-when="props['close.audit.log.agg']">
            <cc:size-batch-strategy batch-size="-1"/>
            <cc:xml-message-content-collater>
        <cc:header-text>&lt;Errorlog></cc:header-text>
        <cc:footer-text>&lt;/Errorlog></cc:footer-text>
      </cc:xml-message-content-collater>
        </cc:aggregator>
        <cc:local-in id="Closeerrorauditlog" routes-to="ConsolidateErrors"/>
        <cc:local-out id="Call-Closeerrorlogaudit" store-message="none" routes-response-to="Call-CloseWSAgg" endpoint="vm://INT0223-VirginPulse-HealthyLifestyleCredit-Payroll-Inbound/Closeerrorauditlog"><cc:set name="close.audit.log.agg" value="true"/></cc:local-out>
        <cc:async-mediation id="CompressandStore" routes-to="Inputfileerrorsposted">
            <cc:steps>
                <cc:zip id="Zip"/>
                <cc:store id="Store" output="variable" output-variable="store.content" expiresIn="P@{props['ia.doc.ret.pol']}D" title="INT0223 Batch Details Error.zip"/>
            </cc:steps>
        </cc:async-mediation>
        <cc:async-mediation id="emptyCatch" routes-to="SplitGWResponse" handle-downstream-errors="true">
            <cc:steps/>
            <cc:send-error id="SendError" routes-to="UnexpectedError"/>
        </cc:async-mediation>
        <cc:local-out id="UnexpectedError" endpoint="vm://wcc/PutIntegrationMessage"><cc:set name="is.message.severity" value="'ERROR'"/><cc:set name="is.message.summary" value="context.errorComponentId + &quot; No Employee ID in File: &quot; + context.errorMessage  "/></cc:local-out>
        <cc:workday-in id="ImportReporting" routes-to="Call-Document-Retrieval">
            <cc:integration-system name="INT0223 VirginPulse Healthy Lifestyle Credit Payroll Input Inbound Audit ">
        <cloud:param name="Studio Debug WID">
          <cloud:type>
            <cloud:simple-type>text</cloud:simple-type>
          </cloud:type>
          <cloud:default/>
        </cloud:param>
        <cloud:attribute-map-service name="INT0223-Generic-Auditlog">
          <cloud:attribute name="Web Service Version">
            <cloud:type>
              <cloud:simple-type>text</cloud:simple-type>
            </cloud:type>
          </cloud:attribute>
          <cloud:attribute name="Document Retention Policy">
            <cloud:type>
              <cloud:simple-type>number</cloud:simple-type>
            </cloud:type>
          </cloud:attribute>
        </cloud:attribute-map-service>
        <cloud:sequence-generator-service name="INT0223-Sequences">
          <cloud:sequencer>INT0223-PIAuditFileName</cloud:sequencer>
        </cloud:sequence-generator-service>
      </cc:integration-system>
        </cc:workday-in>
        <cc:local-out id="Call-Document-Retrieval" store-message="none" routes-response-to="close.imp.responses.agg" endpoint="vm://INT0223-VirginPulse-HealthyLifestyleCredit-Payroll-Inbound/RetrieveDocument"/>
        <cc:local-in id="RetrieveDocument" routes-to="Event.WID"/>
        <cc:async-mediation id="CopyImportDetailsMsg" routes-to="SplitByBatch" execute-steps-when="vars['import.details']!=null">
            <cc:steps>
                <cc:unzip id="Unzip" input="variable" input-variable="import.details"/>
                <cc:copy id="Copy" output="variable" output-variable="PIdetails.request"/>
            </cc:steps>
            <cc:send-error id="SendError" routes-to="CallAuditErrorCopyImportDetailsMsg"/>
        </cc:async-mediation>
        <cc:route id="GetImportWIDsDoc">
            <cc:doc-iterator labels="batch.details" variable-name="import.details"/>
            <cc:sub-route name="SubRoute" routes-to="File.Route"/>
        </cc:route>
        <cc:route id="File.Route">
            <cc:mvel-strategy>
                <cc:choose-route expression="vars['import.details'].fileName == 'INT0223 Batch Details File.zip'&#x9;" route="ImportWIDs"/>
                <cc:choose-route expression="vars['import.details'].fileName == 'INT0223 Batch Details Error.zip'" route="ErrorLog"/>
            </cc:mvel-strategy>
            <cc:sub-route name="ErrorLog" routes-to="CopyErrlogToVar"/>
            <cc:sub-route name="ImportWIDs" routes-to="CopyImportDetailsMsg"/>
        </cc:route>
        <cc:async-mediation id="CopyErrlogToVar" routes-to="Consolidate.GetImp.process.Errors" execute-steps-when="vars['import.details']!=null">
            <cc:steps>
                <cc:unzip id="Unzip" input="variable" input-variable="import.details"/>
            </cc:steps>
            <cc:send-error id="SendError" routes-to="CallAuditErrorCopyImportDetailsMsg"/>
        </cc:async-mediation>
        <cc:async-mediation id="Event.WID" routes-to="GetEventDocuments0">
            <cc:steps>
                <cc:eval id="AttributesandProps">
                    <cc:expression>// Normally, appropriate Integration Event WID will be pulled automatically. However, if Import Reporting subprocess fails for some reason, it is possible to rerun it manually using Launch Parameters. Below code allows this.&#xD;
</cc:expression>
                    <cc:expression>props['debug.WID'] = ''; props['debug.WID'] = lp.getSimpleData('Studio Debug WID')</cc:expression>
                    <cc:expression>props['processing.WID'] =  lp.isSet() ? lp.getIntegrationEventWID() : null</cc:expression>
                    <cc:expression>props['Audit.seq.gen'] = lp.getSequencedValue('INT0223-PIAuditFileName') </cc:expression>
                    <cc:expression>props['close.imp.responses.agg'] = false</cc:expression>
                    <cc:expression>props['ia.ws.ver'] = intsys.getAttribute('Web Service Version')</cc:expression>
                    <cc:expression>props['ia.doc.ret.pol']=intsys.getAttribute('Document Retention Policy')</cc:expression>
                    <cc:expression>props['Close.agg.Final.Audit']=false</cc:expression>
                </cc:eval>
            </cc:steps>
            <cc:send-error id="SendError" routes-to="CallAuditErrorGetDocs"/>
        </cc:async-mediation>
        <cc:local-out id="CallAuditErrorGetDocs" store-message="none" endpoint="vm://INT0223-VirginPulse-HealthyLifestyleCredit-Payroll-Inbound/AuditError"><cc:set name="Step.id" value="&quot;Get Import Documents&quot;"/></cc:local-out>
        <cc:local-out id="CallAuditErrorCopyImportDetailsMsg" store-message="none" endpoint="vm://INT0223-VirginPulse-HealthyLifestyleCredit-Payroll-Inbound/AuditError"><cc:set name="step.id" value="&quot;CopyImportDetailsMsg&quot;"/></cc:local-out>
        <cc:splitter id="SplitByBatch">
            <cc:sub-route name="SubRoute" routes-to="PrepareImportMsgWS"/>
            <cc:xml-stream-splitter xpath="/Root/ImportPI"/>
        </cc:splitter>
        <cc:async-mediation id="PrepareImportMsgWS" routes-to="GetImportProcMsgs">
            <cc:steps>
                <cc:copy id="Copy" output="variable" output-variable="current.PI.request.data"/>
                <cc:eval id="Eval">
                    <cc:expression>props['batch.number'] = parts[0].xpath(&quot;ImportPI/ImportBatch/BatchNumber&quot;)</cc:expression>
                </cc:eval>
                <cc:write id="Write">
                    <cc:message>
                        <cc:text>&lt;wd:Get_Import_Process_Messages_Request xmlns:wd=&quot;urn:com.workday/bsvc&quot;>&#xD;
  &lt;wd:Request_Criteria>&#xD;
    &lt;wd:Import_Process_Reference>&#xD;
      &lt;wd:ID wd:type=&quot;WID&quot;>@{parts[0].xpath(&quot;/ImportPI/ImportBatch/Import_Process_Reference&quot;)}&lt;/wd:ID>&#xD;
    &lt;/wd:Import_Process_Reference>&#xD;
  &lt;/wd:Request_Criteria>&#xD;
  &lt;wd:Response_Filter>&#xD;
  	&lt;wd:Page>1&lt;/wd:Page>&#xD;
  	&lt;wd:Count>999&lt;/wd:Count>&#xD;
  &lt;/wd:Response_Filter>&#xD;
&lt;/wd:Get_Import_Process_Messages_Request></cc:text>
                    </cc:message>
                </cc:write>
                <cc:wrap-soap id="WrapSoap"/>
            </cc:steps>
        </cc:async-mediation>
        <cc:local-out id="GetImportProcMsgs" endpoint="vm://wcc/PagedGet"><cc:set name="is.paged.get.request.current.page.xpath" value="'/env:Envelope/env:Body/*/wd:Response_Filter/wd:Page'"/><cc:set name="is.paged.get.response.current.page.xpath" value="'/env:Envelope/env:Body/*/wd:Response_Results/wd:Page'"/><cc:set name="is.paged.get.response.total.pages.xpath" value="'/env:Envelope/env:Body/*/wd:Response_Results/wd:Total_Pages'"/><cc:set name="is.paged.get.response.total.results.xpath" value="'/env:Envelope/env:Body/*/wd:Response_Results/wd:Total_Results'"/><cc:set name="is.paged.get.process.endpoint" value="'vm://INT0223-VirginPulse-HealthyLifestyleCredit-Payroll-Inbound/ProcessImportMsgs'"/><cc:set name="is.paged.get.application" value="'Integrations'"/><cc:set name="is.paged.get.version" value="props['ia.ws.ver']"/><cc:set name="is.paged.get.page.zero" value="false"/><cc:set name="is.paged.get.store.requests" value="true"/></cc:local-out>
        <cc:local-in id="ProcessImportMsgs" routes-to="NoErrorsInBatchMsg"/>
        <cc:send-error id="global-error-handler" rethrow-error="false" routes-to="Note-Error"/>
        <cc:local-out id="Note-Error" store-message="none" endpoint="vm://wcc/PutIntegrationMessage"><cc:set name="is.message.severity" value="'CRITICAL'"/><cc:set name="is.message.summary" value="&quot;Unexpected error occured:&quot; # context.errorMessage &quot;Component.Name: &quot; # context.errorComponentId"/></cc:local-out>
        <cc:local-in id="AuditError" routes-to="RetrieveAttrError"/>
        <cc:local-out id="RetrieveAttrError" store-message="none" endpoint="vm://wcc/PutIntegrationMessage"><cc:set name="is.message.severity" value="'CRITICAL'"/><cc:set name="is.message.summary" value="&quot;Error building Audit Log at step &quot; # context.errorComponentId # &quot;. Error details: &quot; # context.errorMessage #  &quot;.\n Please rerun Audit Log subprocess manually by specifying appropriate Launch Parameters or perform mass rescind of data changes and rerun entire process.&quot;"/></cc:local-out>
        <cc:async-mediation id="NoErrorsInBatchMsg" routes-to="UnWrapSOAP">
            <cc:steps/>
            <cc:send-error id="SendError" routes-to="UnexpectedSplitterError"/>
        </cc:async-mediation>
        <cc:local-out id="UnexpectedSplitterError" store-message="none" endpoint="vm://wcc/PutIntegrationMessage"><cc:set name="is.message.severity" value="'ERROR'"/><cc:set name="is.message.summary" value="'An error occurred when trying to split on error messages. Please see the details for more information.'"/><cc:set name="is.message.detail" value="context.errorMessage"/></cc:local-out>
        <cc:splitter id="UnWrapSOAP">
            <cc:sub-route name="SubRoute" routes-to="ProcessErrors"/>
            <cc:xml-stream-splitter namespaces="env http://schemas.xmlsoap.org/soap/envelope/ wd urn:com.workday/bsvc" xpath="/env:Envelope/env:Body/wd:Get_Import_Process_Messages_Response/wd:Response_Data"/>
        </cc:splitter>
        <cc:async-mediation id="ProcessErrors" routes-to="Consolidate.GetImp.process.Errors">
            <cc:steps>
                <cc:copy id="ToVar" output="variable" output-variable="curr.imp.process.response"/>
                <cc:copy id="CopyImport" input="variable" input-variable="current.PI.request.data"/>
                <cc:copy id="Merge" input="variable" input-variable="curr.imp.process.response" append-to-output-element="true" output-xpath="/ImportPI/ImportBatch"/>
                <cc:xslt-plus id="XsltPlus" url="INT0223_ProcessErrors.xsl"/>
            </cc:steps>
        </cc:async-mediation>
        <cc:local-in id="CloseErrorResponsesAgg" routes-to="Consolidate.GetImp.process.Errors"/>
        <cc:aggregator id="Consolidate.GetImp.process.Errors" routes-to="CopyErrostoVar" collate-when="!props['close.imp.responses.agg']" force-batch-on-last-message="false" force-batch-when="props['close.imp.responses.agg']">
            <cc:size-batch-strategy batch-size="-1"/>
            <cc:xml-message-content-collater>
        <cc:header-text>&lt;ResponseMaster>		</cc:header-text>
        <cc:footer-text>&lt;/ResponseMaster></cc:footer-text>
      </cc:xml-message-content-collater>
        </cc:aggregator>
        <cc:async-mediation id="CopyErrostoVar">
            <cc:steps>
                <cc:copy id="Copy" output="variable" output-variable="audit.final"/>
            </cc:steps>
        </cc:async-mediation>
        <cc:local-out id="close.imp.responses.agg" store-message="none" routes-response-to="Call-FinalAudit" endpoint="vm://INT0223-VirginPulse-HealthyLifestyleCredit-Payroll-Inbound/CloseErrorResponsesAgg"><cc:set name="close.imp.responses.agg" value="true"/></cc:local-out>
        <cc:local-out id="GetEventDocuments0" routes-response-to="GetImportWIDsDoc" endpoint="vm://wcc/GetEventDocuments"><cc:set name="ie.event.wid" value="props['debug.WID'] == '' ? props['processing.WID'] : props['debug.WID']"/></cc:local-out>
        <cc:local-out id="Inputfileerrorsposted" endpoint="vm://wcc/PutIntegrationMessage"><cc:set name="is.message.severity" value="'INFO'"/><cc:set name="is.message.summary" value="&quot;Attached INT0223 Batch Details Error.zip contains the errored and skipped records&quot;"/><cc:set name="is.document.variable.name" value="&quot;store.content&quot;"/><cc:set name="is.document.file.name" value="&quot;INT0223 Batch Details Error.zip&quot;"/><cc:set name="is.document.labels" value="&quot;batch.details&quot;"/></cc:local-out>
        <cc:local-in id="Begin" routes-to="MergePIandErr"/>
        <cc:async-mediation id="FinalAudit" routes-to="PutFinalAudit">
            <cc:steps>
                <cc:xslt-plus id="WriteAuditXSL" url="INT0223_WriteLog.xsl"/>
                <cc:csv-to-xml id="CsvToXml" format="rfc4180" useFirstLineAsHeader="true"/>
                <cc:xslt-plus id="XsltPlus" url="INT0223-Sort-Output.xsl"/>
                <cc:xml-to-csv id="XmlToCsv" format="rfc4180" line-separator="CRLF" writeHeaderLine="true"/>
                <cc:store id="Store" output="variable" output-variable="auditfinal" expiresIn="P@{props['ia.doc.ret.pol']}D" summary="@{props['Audit.seq.gen']}" title="@{props['Audit.seq.gen']}"/>
            </cc:steps>
            <cc:send-error id="SendError" routes-to="WriteAuditError"/>
        </cc:async-mediation>
        <cc:local-out id="Call-FinalAudit" store-message="none" routes-response-to="Call-Close.agg.Final.Audit" endpoint="vm://INT0223-VirginPulse-HealthyLifestyleCredit-Payroll-Inbound/Begin"/>
        <cc:local-out id="Call-Close.agg.Final.Audit" store-message="none" endpoint="vm://INT0223-VirginPulse-HealthyLifestyleCredit-Payroll-Inbound/Close.agg.Final.Audit"><cc:set name="Close.agg.Final.Audit" value="true"/></cc:local-out>
        <cc:local-out id="PutFinalAudit" store-message="none" endpoint="vm://wcc/PutIntegrationMessage">
            <cc:set name="is.message.severity" value="'INFO'"/>
            <cc:set name="is.message.summary" value="&quot;Audit file attached:&quot; # props['Audit.seq.gen']"/>
            <cc:set name="is.document.variable.name" value="&quot;auditfinal&quot;"/>
            <cc:set name="is.document.file.name" value="props['Audit.seq.gen']"/>
        </cc:local-out>
        <cc:local-out id="WriteAuditError" endpoint="vm://wcc/PutIntegrationMessage"><cc:set name="is.message.severity" value="'ERROR'"/><cc:set name="is.message.summary" value="&quot;Error at Component: &quot;# context.errorComponentId #&quot;Error Message: &quot; #context.errorMessage"/></cc:local-out>
        <cc:route id="MergePIandErr">
            <cc:all-strategy/>
            <cc:sub-route name="Errors" routes-to="PIInput"/>
            <cc:sub-route name="PIInput" routes-to="Errors"/>
        </cc:route>
        <cc:async-mediation id="PIInput" routes-to="MergePIandErrors" execute-steps-when="vars['PIdetails.request']!=null">
            <cc:steps>
                <cc:copy id="Copy" input="variable" input-variable="PIdetails.request"/>
            </cc:steps>
        </cc:async-mediation>
        <cc:async-mediation id="Errors" routes-to="MergePIandErrors" execute-steps-when="vars['audit.final']!=null">
            <cc:steps>
                <cc:copy id="Copy" input="variable" input-variable="audit.final"/>
            </cc:steps>
        </cc:async-mediation>
        <cc:aggregator id="MergePIandErrors" routes-to="FinalAudit" collate-when="!props['Close.agg.Final.Audit']" force-batch-when="props['Close.agg.Final.Audit']">
            <cc:size-batch-strategy batch-size="-1"/>
            <cc:xml-message-content-collater>
        <cc:header-text>&lt;Root></cc:header-text>
        <cc:footer-text>&lt;/Root></cc:footer-text>
      </cc:xml-message-content-collater>
        </cc:aggregator>
        <cc:local-in id="Close.agg.Final.Audit" routes-to="MergePIandErrors"/>
        <cc:async-mediation id="ValidateActiveTerm" routes-to="Call-LoadPayrollInput">
            <cc:steps>
                <cc:validate-exp execute-when="props['lp.exclude.term'] == true" id="ValidateExp">
                    <cc:expression failure-message="Term are not eligible for this payment">props['employee.status'] != 0</cc:expression>
                </cc:validate-exp>
                <cc:log id="Log">
                    <cc:log-message>
                        <cc:text>******Override*********&#xD;
&#xD;
props['PI.Start.Date'] = @{props['PI.Start.Date'] }&#xD;
props['PI.End.Date'] = @{props['PI.End.Date']}&#xD;
&#xD;
props['employeeID'] = @{props['employeeID']}</cc:text>
                    </cc:log-message>
                </cc:log>
                <cc:validate-exp id="ValidateExp0">
                    <cc:expression failure-message="Not able to retrieve Pay period start/end date for worker @{props['employeeID']}">props['PI.Start.Date'] != '' || props['PI.End.Date'] != '' || props['PI.Start.Date'] != null || props['PI.End.Date'] != null || props['PI.Start.Date'] != empty || props['PI.End.Date'] != empty</cc:expression>
                </cc:validate-exp>
            </cc:steps>
            <cc:send-error id="SendError" routes-to="WriteTermsAudit"/>
        </cc:async-mediation>
        <cc:async-mediation id="WriteTermsAudit" routes-to="Call-TermsAudit">
            <cc:steps>
                <cc:xslt-plus id="CreateTermserrormsg" output="message" url="INT0223_TermsLog.xsl"/>
            </cc:steps>
        </cc:async-mediation>
        <cc:local-out id="WriteGetworkerstranformerr" endpoint="vm://wcc/PutIntegrationMessage"><cc:set name="is.message.severity" value="'ERROR'"/><cc:set name="is.message.summary" value="&quot;Error at Component: &quot;# context.errorComponentId #&quot;Error Message: &quot; #context.errorMessage"/></cc:local-out>
        <cc:local-out id="Blankfileerror" endpoint="vm://wcc/PutIntegrationMessage"><cc:set name="is.message.severity" value="'CRITICAL'"/><cc:set name="is.message.summary" value="'Input file retrieved, but is blank'"/></cc:local-out>
        <cc:local-out id="Call-TermsAudit" store-message="none" endpoint="vm://INT0223-VirginPulse-HealthyLifestyleCredit-Payroll-Inbound/ErrorAuditfile"/>
        <cc:local-out id="Call-InvalidEEAudit" store-message="none" endpoint="vm://INT0223-VirginPulse-HealthyLifestyleCredit-Payroll-Inbound/ErrorAuditfile"/>
        <cc:local-out id="Call-FileerrorAudit" store-message="none" endpoint="vm://INT0223-VirginPulse-HealthyLifestyleCredit-Payroll-Inbound/ErrorAuditfile"/>
        <cc:async-mediation id="TransformFileErrors" routes-to="Call-FileerrorAudit">
            <cc:steps>
                <cc:xslt-plus id="FileValidations" url="INT0223_FileErrors.xsl"/>
            </cc:steps>
        </cc:async-mediation>
        <cc:async-mediation id="CatchError" routes-to="ImportWSSplitter" handle-downstream-errors="true">
            <cc:steps/>
            <cc:send-error id="SendError" rethrow-error="true" routes-to="WriteSplitError"/>
        </cc:async-mediation>
        <cc:local-out id="WriteSplitError" endpoint="vm://wcc/PutIntegrationMessage"><cc:set name="is.message.severity" value="'CRITICAL'"/><cc:set name="is.message.summary" value="'No Valid Worker to process in the file'"/></cc:local-out>
        <cc:local-out id="GetEventDocuments" routes-response-to="EmptyfileCheck" endpoint="vm://wcc/GetEventDocuments"><cc:set name="ie.event.wid" value="lp.isSet() ? lp.getIntegrationEventWID() : null"/></cc:local-out>
	</cc:assembly>

</beans>