<?xml version="1.0" encoding="UTF-8"?>
<beans
     xmlns="http://www.springframework.org/schema/beans"
     xmlns:beans="http://www.springframework.org/schema/beans"
     xmlns:atom="http://www.w3.org/2005/Atom"
     xmlns:cc="http://www.capeclear.com/assembly/10"
     xmlns:cloud="urn:com.workday/esb/cloud/10.0"
     xmlns:env="http://schemas.xmlsoap.org/soap/envelope/"
     xmlns:pi="urn:com.workday/picof"
     xmlns:wd="urn:com.workday/bsvc"
     xmlns:xsi="http://www.w3.org/2001/XMLSchema-instance">
 
	<cc:assembly id="WorkdayAssembly" version="2022.37">
        <cc:workday-in id="StartHere" routes-to="Props">
            <cc:integration-system name="INT5259 PRDW CAN - Interface Data File Generation AdHoc Outbound">
        <cloud:param name="Start Date and Time">
          <cloud:type>
            <cloud:simple-type>datetime</cloud:simple-type>
          </cloud:type>
        </cloud:param>
        <cloud:param name="End Date and Time">
          <cloud:type>
            <cloud:simple-type>datetime</cloud:simple-type>
          </cloud:type>
        </cloud:param>
        <cloud:param name="Workers Include">
          <cloud:type>
            <cloud:class-report-field description="Employees" type="WID" singular="false">22c86f8797dd10000b4adc6241280015</cloud:class-report-field>
          </cloud:type>
        </cloud:param>
        <cloud:param name="Workers Exclude">
          <cloud:type>
            <cloud:class-report-field description="Employees" type="WID" singular="false">aec2d7af85874a7b96dd23f4e8da95d3</cloud:class-report-field>
          </cloud:type>
        </cloud:param>
        <cloud:param name="Vendor ID Append">
          <cloud:type>
            <cloud:simple-type>text</cloud:simple-type>
          </cloud:type>
        </cloud:param>
        <cloud:attribute-map-service name="INT5259 PRDW CAN - Generic - Adhoc">
          <cloud:map name="Pay Codes">
            <cloud:internal-type>
              <cloud:simple-type>text</cloud:simple-type>
            </cloud:internal-type>
            <cloud:external-type>
              <cloud:simple-type>text</cloud:simple-type>
            </cloud:external-type>
          </cloud:map>
          <cloud:map name="Department Name">
            <cloud:internal-type>
              <cloud:simple-type>text</cloud:simple-type>
            </cloud:internal-type>
            <cloud:external-type>
              <cloud:simple-type>text</cloud:simple-type>
            </cloud:external-type>
          </cloud:map>
          <cloud:map name="Business Number">
            <cloud:internal-type>
              <cloud:simple-type>text</cloud:simple-type>
            </cloud:internal-type>
            <cloud:external-type>
              <cloud:simple-type>text</cloud:simple-type>
            </cloud:external-type>
          </cloud:map>
        </cloud:attribute-map-service>
        <cloud:report-service name="INT5259 PRDW CAN - Reports - AdHoc">
          <cloud:report-alias description="Employee Info" name="INT5259 PRDW CAN Interface Data File Generation Outbound - Dimension">
            <cloud:report-reference description="INT5259 PRDW CAN Interface Data File Generation AdHoc Outbound - Dimension" type="WID">2bb423cb4e1710009afaa62a4d770000</cloud:report-reference>
          </cloud:report-alias>
          <cloud:report-alias description="Payroll Info" name="INT5259 PRDW CAN Interface Data File Generation Outbound - Payroll">
            <cloud:report-reference description="INT5259 PRDW CAN Interface Data File Generation AdHoc Outbound - Payroll" type="WID">4b60cf07139f10002a48735da8070000</cloud:report-reference>
          </cloud:report-alias>
        </cloud:report-service>
      </cc:integration-system>
        </cc:workday-in>
        <cc:async-mediation id="Props" routes-to="Dimensions_OUT">
            <cc:steps>
                <cc:eval id="Eval">
                    <cc:expression>props['IntEventID'] = lp.exists('EventWID') ? lp.getSimpleData('EventWID') : lp.getIntegrationEventWID()</cc:expression>
                    <cc:expression>props['pError'] = false</cc:expression>
                    <cc:expression>props['pStartDate'] = lp.getSimpleData('Start Date and Time');</cc:expression>
                    <cc:expression>props['pEndDate'] = lp.getSimpleData('End Date and Time')</cc:expression>
                    <cc:expression>props['pinputDate'] = util.currentDateTimeAsString()</cc:expression>
                    <cc:expression>props['pparseDate'] = new java.text.SimpleDateFormat(&quot;yyyy-MM-dd'T'HH:mm:ss&quot;).parse(props['pinputDate'])</cc:expression>
                    <cc:expression>props['pfileDateTime'] = new java.text.SimpleDateFormat(&quot;yyyyMMddHHmmss&quot;).format(props['pparseDate'])</cc:expression>
                    <cc:expression>////create variables to hold the list of ee to include&#xD;
props['employee_id'] = lp.getReferenceDataList('Workers Include', 'Employee_ID');&#xD;
props['employee_id_list'] = util.listToDelimString(props['employee_id'],'!');</cc:expression>
                    <cc:expression>//create variables to hold the list of ee to exclude&#xD;
props['employee_id_exc'] = lp.getReferenceDataList('Workers Exclude', 'Employee_ID');&#xD;
props['employee_id_exc_list'] = util.listToDelimString(props['employee_id_exc'],'!');</cc:expression>
                    <cc:expression>props['vendor_append'] = lp.getSimpleData('Vendor ID Append');</cc:expression>
                    <cc:expression>//check if input list is null&#xD;
props['workerRaasInc'] = props['employee_id_list'] == null ? '' : '&amp;Worker!Employee_ID=' + props['employee_id_list'];</cc:expression>
                    <cc:expression>//check if input list for exclude is null&#xD;
props['workerRaasExc'] = props['employee_id_exc_list'] == null ? '' : '&amp;Worker_exc!Employee_ID=' + props['employee_id_exc_list'];</cc:expression>
                    <cc:expression>//create the final output RaaS url&#xD;
props['workerRaas'] = props['workerRaasInc'] + props['workerRaasExc'];</cc:expression>
                </cc:eval>
            </cc:steps>
            <cc:send-error id="SendError" routes-to="PutIntegrationMessage"/>
        </cc:async-mediation>
        <cc:async-mediation id="SetPaymentDate" routes-to="CallSubRoutine">
            <cc:steps>
                <cc:copy execute-when="props['pCallRaaS'] == 'Y'" id="Copy0" output="variable" output-variable="props['pRawRaaS']"/>
                <cc:copy execute-when="props['pCallRaaS'] == 'N'" id="Copy1" input="variable" input-variable="props['pRawRaaS']"/>
                <cc:xslt-plus id="GenXSLT" url="@{props['pXSLT']}"/>
                <cc:etv id="Etv" message-property="etv.messages"/>
                <cc:xslt-plus execute-when="props['pXSLT']=='INT5259 Paycodes.xsl'" id="PaycodesXSLT" url="INT5259 Paycodes Post Process.xsl"/>
                <cc:eval execute-when="props['pXSLT']=='INT5259 Dimension.xsl'" id="DimCount">
                    <cc:expression>props['pDIMRecordCount'] = parts[0].xpath('count(root/EMPLOYEE)')</cc:expression>
                </cc:eval>
                <cc:eval execute-when="props['pXSLT']=='INT5259 Payroll.xsl'" id="PayCount">
                    <cc:expression>props['pPAYRecordCount'] = parts[0].xpath('count(root/EMPLOYEE)')</cc:expression>
                    <cc:expression>props['pPAYtotalGross'] = parts[0].xpath('sum(root/EMPLOYEE[Paycode=&quot;TOTGRS&quot;]/Amount)')</cc:expression>
                    <cc:expression>props['pPAYtotalNet'] = parts[0].xpath('sum(root/EMPLOYEE[Paycode=&quot;NETPAY&quot;]/Amount)')</cc:expression>
                    <cc:expression>props['pPAYtotalChecks'] = parts[0].xpath('count(distinct-values(root/EMPLOYEE/Check_ID))')</cc:expression>
                </cc:eval>
                <cc:eval execute-when="props['pXSLT']=='INT5259 Paycodes.xsl'" id="CodesCount">
                    <cc:expression>props['pPAYCODESRecordCount'] = parts[0].xpath('count(root/EMPLOYEE)')</cc:expression>
                </cc:eval>
                <cc:eval execute-when="props['pXSLT']=='INT5259 Distribution.xsl'" id="DisCount">
                    <cc:expression>props['pDISRecordCount'] = parts[0].xpath('count(root/EMPLOYEE)')</cc:expression>
                </cc:eval>
                <cc:xtt id="Xtt" message-property="xtt.messages"/>
                <cc:store id="Store" output="variable" output-variable="local.file" input="message" expiresIn="P180D" title="@{props['pOutputName']}"/>
            </cc:steps>
            <cc:send-error id="Transform_Errors" routes-to="Transform_Error_Message"/>
        </cc:async-mediation>
        <cc:workday-out-rest id="RaaS_Call" execute-when="props['pCallRaaS'] == 'Y'" routes-response-to="SetPaymentDate" extra-path="@{intsys.reportService.getExtrapath(props['pReportName'])}?format=simplexml&amp;Start_Prompt=@{props['pStartDate']}&amp;End_Prompt=@{props['pEndDate']}@{props['workerRaas']}"/>
        <cc:async-mediation id="Raas_Error_Message" routes-to="Error_Log_OUT">
            <cc:steps>
                <cc:cloud-log id="CloudLog" level="fatal" message="Fatal Error - Could not retreive report" message-details="@{context.errorMessage}"/>
            </cc:steps>
        </cc:async-mediation>
        <cc:async-mediation id="RaaSErrorHandler" routes-to="RaaS_Call">
            <cc:steps>
                <cc:eval id="Eval">
                    <cc:expression>props['pRawRaaS'] = props['pOutputName'] + ' RAW'</cc:expression>
                </cc:eval>
            </cc:steps>
            <cc:send-error id="RaaS_Errors" routes-to="Raas_Error_Message"/>
        </cc:async-mediation>
        <cc:local-in id="Process_In" routes-to="RaaSErrorHandler"><cc:parameter default="''" name="pReportName"/><cc:parameter default="''" name="pCallRaaS"/><cc:parameter default="''" name="pXSLT"/><cc:parameter default="''" name="pOutputName"/></cc:local-in>
        <cc:local-out id="Dimensions_OUT" store-message="none" routes-response-to="Payroll_OUT" endpoint="vm://INT5259_PRDW_CAN_-_Interface_Data_File_Generation__AdHoc_Outbound/Process_In"><cc:set name="pReportName" value="'INT5259 PRDW CAN Interface Data File Generation Outbound - Dimension'"/><cc:set name="pCallRaaS" value="'Y'"/><cc:set name="pXSLT" value="'INT5259 Dimension.xsl'"/><cc:set name="pOutputName" value="'dimension_' + props['pfileDateTime'] + '.txt.pgp'"/></cc:local-out>
        <cc:local-out id="PutIntegrationMessage" endpoint="vm://wcc/PutIntegrationMessage"><cc:set name="is.message.severity" value="'ERROR'"/><cc:set name="is.message.summary" value="context.errorMessage"/></cc:local-out>
        <cc:local-out id="Payroll_OUT" store-message="none" routes-response-to="Leaves_OUT" endpoint="vm://INT5259_PRDW_CAN_-_Interface_Data_File_Generation__AdHoc_Outbound/Process_In"><cc:set name="pReportName" value="'INT5259 PRDW CAN Interface Data File Generation Outbound - Payroll'"/><cc:set name="pCallRaaS" value="'Y'"/><cc:set name="pXSLT" value="'INT5259 Payroll.xsl'"/><cc:set name="pOutputName" value="'payroll_' + props['pfileDateTime'] + '.txt.pgp'"/></cc:local-out>
        <cc:local-out id="Paycodes_OUT" store-message="none" routes-response-to="Distribution_OUT" endpoint="vm://INT5259_PRDW_CAN_-_Interface_Data_File_Generation__AdHoc_Outbound/Process_In"><cc:set name="pReportName" value="''"/><cc:set name="pCallRaaS" value="'N'"/><cc:set name="pXSLT" value="'INT5259 Paycodes.xsl'"/><cc:set name="pOutputName" value="'paycodes_' + props['pfileDateTime'] + '.txt.pgp'"/></cc:local-out>
        <cc:local-out id="Leaves_OUT" store-message="none" routes-response-to="Paycodes_OUT" endpoint="vm://INT5259_PRDW_CAN_-_Interface_Data_File_Generation__AdHoc_Outbound/Process_In"><cc:set name="pReportName" value="''"/><cc:set name="pCallRaaS" value="'N'"/><cc:set name="pXSLT" value="'INT5259 Leave.xsl'"/><cc:set name="pOutputName" value="'leave_' + props['pfileDateTime'] + '.txt.pgp'"/></cc:local-out>
        <cc:local-out id="Trailer_OUT" store-message="none" routes-response-to="Store_Messages_OUT" endpoint="vm://INT5259_PRDW_CAN_-_Interface_Data_File_Generation__AdHoc_Outbound/Process_In"><cc:set name="pReportName" value="''"/><cc:set name="pCallRaaS" value="'N'"/><cc:set name="pXSLT" value="'INT5259 Trailer.xsl'"/><cc:set name="pOutputName" value="'trailer_' + props['pfileDateTime'] + '.txt.pgp'"/></cc:local-out>
        <cc:local-out id="Store_Messages_OUT" store-message="none" endpoint="vm://INT5259_PRDW_CAN_-_Interface_Data_File_Generation__AdHoc_Outbound/Store_Messages_IN"/>
        <cc:local-in id="Error_Log_In" routes-to="Log-Errors-1"/>
        <cc:async-mediation id="Log-Errors-1">
            <cc:steps>
                <cc:eval id="Eval">
                    <cc:expression>props['pSeverity'] = 'ERROR'</cc:expression>
                    <cc:expression>props['pError'] = true</cc:expression>
                </cc:eval>
            </cc:steps>
            <cc:send-error id="SendError" routes-to="Storage_Errors"/>
        </cc:async-mediation>
        <cc:local-out id="Storage_Errors" endpoint="vm://wcc/PutIntegrationMessage">
            <cc:set name="is.message.severity" value="props[&quot;pSeverity&quot;]"/>
            <cc:set name="is.message.summary" value="'See error log for more information on this error: ' # context.errorMessage"/>
        </cc:local-out>
        <cc:async-mediation id="Store_Message" routes-to="PutIntegrationMessage0">
            <cc:steps>
                <cc:eval id="Final_Message">
                    <cc:expression>props['pFinalMessage'] = props['pError'] == true ||  props['pError2'] == true ? &quot;See log for error details.&quot; : &quot;All files generated succesfully&quot;;</cc:expression>
                    <cc:expression>props['pIntStatus'] = props['pError'] == true || props['pError2'] == true? &quot;ERROR&quot;: &quot;INFO&quot;;</cc:expression>
                </cc:eval>
                <cc:store execute-when="props['pError'] == true" id="Store" output="message" input="variable" input-variable="cloud-log-content" createDocumentReference="true" expiresIn="P180D" title="INT5259_PRDW_Error_Log.html"/>
                <cc:store execute-when="props['pError2'] == true" id="Store0" output="message" input="variable" input-variable="vEmployeeErrors" createDocumentReference="true" expiresIn="P180D" title="INT5259_Employee_Error_Log.csv"/>
            </cc:steps>
            <cc:send-error id="SendError" routes-to="Send_Errors"/>
        </cc:async-mediation>
        <cc:local-in id="Store_Messages_IN" routes-to="Store_Message"/>
        <cc:local-out id="Note-Error" endpoint="vm://wcc/PutIntegrationMessage">
            <cc:set name="is.message.severity" value="'CRITICAL'"/>
            <cc:set name="is.message.summary" value="context.errorMessage"/>
        </cc:local-out>
        <cc:send-error id="global-error-handler" rethrow-error="false" routes-to="Note-Error"/>
        <cc:local-out id="Distribution_OUT" store-message="none" routes-response-to="Trailer_OUT" endpoint="vm://INT5259_PRDW_CAN_-_Interface_Data_File_Generation__AdHoc_Outbound/Process_In"><cc:set name="pReportName" value="''"/><cc:set name="pCallRaaS" value="'N'"/><cc:set name="pXSLT" value="'INT5259 Distribution.xsl'"/><cc:set name="pOutputName" value="'pay_distribution_' + props['pfileDateTime'] + '.txt.pgp'"/></cc:local-out>
        <cc:async-mediation id="Transform_Error_Message" routes-to="Error_Log_OUT1">
            <cc:steps>
                <cc:cloud-log id="CloudLog" level="fatal" message="Fatal Error - Could not transform report" message-details="@{context.errorMessage}"/>
            </cc:steps>
        </cc:async-mediation>
        <cc:local-out id="Error_Log_OUT" store-message="none" endpoint="vm://INT5259_PRDW_CAN_-_Interface_Data_File_Generation__AdHoc_Outbound/Error_Log_In"/>
        <cc:local-out id="Error_Log_OUT1" store-message="none" endpoint="vm://INT5259_PRDW_CAN_-_Interface_Data_File_Generation__AdHoc_Outbound/Error_Log_In"/>
        <cc:local-out id="Send_Errors" endpoint="vm://wcc/PutIntegrationMessage"><cc:set name="is.message.severity" value="'ERROR'"/><cc:set name="is.message.summary" value="context.errorMessage"/></cc:local-out>
        <cc:local-out id="PutIntegrationMessage0" endpoint="vm://wcc/PutIntegrationMessage"><cc:set name="is.message.severity" value="props['pIntStatus']"/><cc:set name="is.message.summary" value="props['pFinalMessage']"/></cc:local-out>
        <cc:local-out id="PutMessageForDelivery" store-message="none" endpoint="vm://wcc/PutIntegrationMessage">
            <cc:set name="is.document.deliverable" value="'true'"/>
            <cc:set name="is.message.summary" value="'Setting document ' + props['pOutputName'] + ' Deliverable'"/>
            <cc:set name="is.document.variable.name" value="'local.file'"/>
        </cc:local-out>
        <cc:local-out id="ReportETVMessage" execute-when="props['etv.report.current.message'] " endpoint="vm://wcc/PutIntegrationMessage" clone-request="true">
            <cc:set name="is.message.severity" value="props['etv.info'].getSeverity().toString()"/>
            <cc:set name="is.message.summary" value="props['etv.messages'].getSummary(props['etv.info'], props['etv.num.targets.to.report'])"/>
            <cc:set name="is.document.variable.name" value="''"/>
            <cc:set name="is.document.file.name" value="''"/>
            <cc:set name="is.message.targets" value="props['etv.messages'].getTargetWIDs(props['etv.info'])"/>
        </cc:local-out>
        <cc:async-mediation id="ETVSetupReport">
            <cc:steps>
                <cc:eval id="MsgInfo"><cc:expression>props['etv.info'] = props['etv.iter'].next()</cc:expression>
    <cc:expression>com.workday.cc.util.ReportValidationsHelper.checkValidationReportingState(context)</cc:expression>
                    <cc:expression>props['pError2'] = true</cc:expression></cc:eval>
                <cc:cloud-log execute-when="props['etv.report.current.message'] " id="CloudLog" level="props['etv.info'].getSeverity().toString()" message="@{props['etv.messages'].getSummary(props['etv.info'], props['etv.num.targets.to.report'])}" message-details="This is required data please fix and rerun" output-file-type="CSV" reference-id="props['pXSLT']" variable-name="vEmployeeErrors"/>
            </cc:steps>
        </cc:async-mediation>
        <cc:route id="LoopOverMessages">
            <cc:loop-strategy condition="props['etv.iter'].hasNext() &amp;&amp; props['etv.report.current.message']" init="props['etv.iter'] = new com.workday.cc.util.ObjectIterator(props['etv.messages'])"/>
            <cc:sub-route name="Loop" routes-to="ETVSetupReport"/>
        </cc:route>
        <cc:local-out id="ReportProblem" endpoint="vm://wcc/PutIntegrationMessage">
            <cc:set name="is.message.severity" value="'ERROR'"/>
            <cc:set name="is.message.summary" value="'An error occurred whilst writing ETV/XTT messages to the integration event.  Not all messages may have been written: ' + util.cleanString( context.errorMessage)"/>
        </cc:local-out>
        <cc:sync-mediation id="ReportETVInit" routes-to="LoopOverMessages" routes-response-to="ReportExcessMessages">
            <cc:request-steps>
                <cc:eval id="Init"><cc:expression>props['etv.has.error'] = props['etv.messages'].hasError() || props['etv.messages'].hasCritical()</cc:expression>
    <cc:expression>com.workday.cc.util.ReportValidationsHelper.initValidationReportingState(context)</cc:expression></cc:eval>
            </cc:request-steps>
            <cc:response-steps>
                <cc:eval id="TidyUp"><cc:expression>foreach (name: {'etv.info', 'etv.iter'}) { context.removeProperty(name) } </cc:expression><cc:expression>if (props['etv.clear.messages']) { props['etv.messages'].clear() }</cc:expression></cc:eval>
            </cc:response-steps>
            <cc:send-error id="eh" routes-to="ReportProblem"/>
        </cc:sync-mediation>
        <cc:local-out id="ReportExcessMessages" execute-when="props['etv.report.max.reached']" endpoint="vm://wcc/PutIntegrationMessage">
            <cc:set name="is.message.severity" value="'WARNING'"/>
            <cc:set name="is.message.summary" value="'The maximum number of messages for the ' + props['etv.max.reached.type'] + ' has been reached.  Additional messages of the same severity or lower will not be reported'"/>
        </cc:local-out>
        <cc:local-in id="ReportETVXTTMessages" routes-to="ReportETVInit" access="public" use-global-error-handlers="true">
            <cc:parameter default="props['etv.messages']" documentation="An instance of ETVInfoCollection" name="etv.messages" required="false"/>
            <cc:parameter default="200" documentation="Maximum number of messages to be reported on the current invocation" name="etv.max.messages" required="false" type="integer"/>
            <cc:parameter default="200" documentation="Maximum number of messages to be sent for the current integration launch" name="etv.max.total.messages" required="false" type="integer"/>
            <cc:parameter default="false" documentation="When complete, clears the messages from the collection." name="etv.clear.messages" required="false" type="boolean"/>
            <cc:parameter default="com.workday.mediation.impl.mediators.etv.ETVInfoCollection.DEFAULT_NUM_SUMMARY_TARGETS" documentation="Number of targes to report on the message" name="etv.num.targets.to.report" required="false" type="integer"/>
            <cc:out-parameter documentation="Boolean value that indicates whether an error or critical condition was detected" name="etv.has.error"/>
            <cc:out-parameter documentation="Number of messages reported on the current invocation" name="etv.reported.messages"/>
            <cc:out-parameter documentation="Total number of messages reported during the current launch" name="etv.total.reported.messages"/>
        </cc:local-in>
        <cc:local-out id="CallSubRoutine" store-message="none" routes-response-to="PutMessageForDelivery" endpoint="vm://INT5259_PRDW_CAN_-_Interface_Data_File_Generation__AdHoc_Outbound/ReportETVXTTMessages"><cc:set name="etv.clear.messages" value="true"/><cc:set name="etv.num.targets.to.report" value="200"/></cc:local-out>
	</cc:assembly>

</beans>