<?xml version="1.0" encoding="UTF-8"?>
<wdnm:Diagram xmlns:wdnm="http://workday.com/studio/editors/notation">
  <element href="assembly.xml#WorkdayAssembly"/>
  <visualProperties x="91" y="102">
    <element href="assembly.xml#StartHere"/>
  </visualProperties>
  <visualProperties x="207" y="135">
    <element href="assembly.xml#Props"/>
  </visualProperties>
  <visualProperties>
    <element href="assembly.xml#Process_In"/>
  </visualProperties>
  <visualProperties>
    <element href="assembly.xml#RaaSErrorHandler"/>
  </visualProperties>
  <visualProperties>
    <element href="assembly.xml#Raas_Error_Message"/>
  </visualProperties>
  <visualProperties>
    <element href="assembly.xml#RaaS_Call"/>
  </visualProperties>
  <visualProperties>
    <element href="assembly.xml#SetPaymentDate"/>
  </visualProperties>
  <visualProperties x="425" y="165">
    <element href="assembly.xml#Dimensions_OUT"/>
  </visualProperties>
  <visualProperties x="304" y="276">
    <element href="assembly.xml#PutIntegrationMessage"/>
  </visualProperties>
  <visualProperties x="670" y="137">
    <element href="assembly.xml#Payroll_OUT"/>
  </visualProperties>
  <visualProperties x="838" y="162">
    <element href="assembly.xml#Paycodes_OUT"/>
  </visualProperties>
  <visualProperties x="842" y="148">
    <element href="assembly.xml#Leaves_OUT"/>
  </visualProperties>
  <visualProperties x="1196" y="150">
    <element href="assembly.xml#Trailer_OUT"/>
  </visualProperties>
  <visualProperties x="1359" y="156">
    <element href="assembly.xml#Store_Messages_OUT"/>
  </visualProperties>
  <visualProperties>
    <element href="assembly.xml#Storage_Errors"/>
  </visualProperties>
  <visualProperties>
    <element href="assembly.xml#Log-Errors-1"/>
  </visualProperties>
  <visualProperties>
    <element href="assembly.xml#Error_Log_In"/>
  </visualProperties>
  <visualProperties>
    <element href="assembly.xml#Store_Messages_IN"/>
  </visualProperties>
  <visualProperties>
    <element href="assembly.xml#Store_Message"/>
  </visualProperties>
  <visualProperties>
    <element href="assembly.xml#//@beans/@mixed.1/@mixed.41"/>
  </visualProperties>
  <visualProperties>
    <element href="assembly.xml#Note-Error"/>
  </visualProperties>
  <visualProperties x="876" y="197">
    <element href="assembly.xml#Distribution_OUT"/>
  </visualProperties>
  <visualProperties x="725" y="593">
    <element href="assembly.xml#Transform_Error_Message"/>
  </visualProperties>
  <visualProperties x="443" y="740">
    <element href="assembly.xml#Error_Log_OUT"/>
  </visualProperties>
  <visualProperties x="672" y="749">
    <element href="assembly.xml#Error_Log_OUT1"/>
  </visualProperties>
  <visualProperties x="484" y="1138">
    <element href="assembly.xml#Send_Errors"/>
  </visualProperties>
  <visualProperties x="631" y="1228">
    <element href="assembly.xml#PutIntegrationMessage0"/>
  </visualProperties>
  <visualProperties x="1416" y="618">
    <element href="assembly.xml#PutMessageForDelivery"/>
  </visualProperties>
  <visualProperties>
    <element href="assembly.xml#ReportETVXTTMessages"/>
  </visualProperties>
  <visualProperties>
    <element href="assembly.xml#ReportExcessMessages"/>
  </visualProperties>
  <visualProperties>
    <element href="assembly.xml#ReportETVInit"/>
  </visualProperties>
  <visualProperties>
    <element href="assembly.xml#ReportProblem"/>
  </visualProperties>
  <visualProperties>
    <element href="assembly.xml#LoopOverMessages"/>
  </visualProperties>
  <visualProperties>
    <element href="assembly.xml#ETVSetupReport"/>
  </visualProperties>
  <visualProperties>
    <element href="assembly.xml#ReportETVMessage"/>
  </visualProperties>
  <visualProperties x="1408" y="518">
    <element href="assembly.xml#CallSubRoutine"/>
  </visualProperties>
  <connections type="routesTo" sourceAnchorX="0.8991596638655462" sourceAnchorY="1.0" targetAnchorX="0.055944055944055944" targetAnchorY="0.21739130434782608">
    <source href="assembly.xml#StartHere"/>
    <target href="assembly.xml#Props"/>
  </connections>
  <connections type="routesTo" sourceAnchorX="0.794392523364486" sourceAnchorY="1.0" targetAnchorX="0.02631578947368421" targetAnchorY="0.29347826086956524">
    <source href="assembly.xml#Process_In"/>
    <target href="assembly.xml#RaaSErrorHandler"/>
  </connections>
  <connections type="routesTo" sourceAnchorX="1.0" sourceAnchorY="0.34782608695652173" targetAnchorX="0.018957345971563982" targetAnchorY="0.2702702702702703">
    <source href="assembly.xml#RaaSErrorHandler"/>
    <target href="assembly.xml#RaaS_Call"/>
  </connections>
  <connections type="routesTo" sourceAnchorX="0.7978142076502732" sourceAnchorY="1.0" targetAnchorX="0.015228426395939087" targetAnchorY="0.20652173913043478">
    <source href="assembly.xml#//@beans/@mixed.1/@mixed.11/@mixed.3"/>
    <target href="assembly.xml#Raas_Error_Message"/>
  </connections>
  <connections type="routesTo" sourceAnchorX="1.0" sourceAnchorY="0.23577235772357724" targetAnchorX="0.13253012048192772" targetAnchorY="0.2972972972972973">
    <source href="assembly.xml#Props"/>
    <target href="assembly.xml#Dimensions_OUT"/>
  </connections>
  <connections type="routesTo" sourceAnchorX="0.5882352941176471" sourceAnchorY="1.0" targetAnchorX="0.5707317073170731" targetAnchorY="0.5945945945945946">
    <source href="assembly.xml#//@beans/@mixed.1/@mixed.3/@mixed.3"/>
    <target href="assembly.xml#PutIntegrationMessage"/>
  </connections>
  <connections type="routesResponseTo" sourceAnchorX="0.10919540229885058" sourceAnchorY="0.40540540540540543" targetAnchorX="0.12857142857142856" targetAnchorY="0.43243243243243246">
    <source href="assembly.xml#Dimensions_OUT"/>
    <target href="assembly.xml#Payroll_OUT"/>
  </connections>
  <connections type="routesResponseTo" sourceAnchorX="0.17142857142857143" sourceAnchorY="0.6216216216216216" targetAnchorX="0.15384615384615385" targetAnchorY="0.02702702702702703">
    <source href="assembly.xml#Payroll_OUT"/>
    <target href="assembly.xml#Leaves_OUT"/>
  </connections>
  <connections type="routesResponseTo" sourceAnchorX="0.7832167832167832" sourceAnchorY="1.0" targetAnchorX="0.2360248447204969" targetAnchorY="0.5405405405405406">
    <source href="assembly.xml#Leaves_OUT"/>
    <target href="assembly.xml#Paycodes_OUT"/>
  </connections>
  <connections type="routesResponseTo" sourceAnchorX="0.5217391304347826" sourceAnchorY="0.918918918918919" targetAnchorX="0.4936708860759494" targetAnchorY="0.32432432432432434">
    <source href="assembly.xml#Paycodes_OUT"/>
    <target href="assembly.xml#Distribution_OUT"/>
  </connections>
  <connections type="routesResponseTo" sourceAnchorX="0.5367647058823529" sourceAnchorY="0.9459459459459459" targetAnchorX="0.3592233009708738" targetAnchorY="0.5945945945945946">
    <source href="assembly.xml#Trailer_OUT"/>
    <target href="assembly.xml#Store_Messages_OUT"/>
  </connections>
  <connections type="routesTo" sourceAnchorX="0.0" sourceAnchorY="0.7" targetAnchorX="0.7375886524822695" targetAnchorY="0.40540540540540543">
    <source href="assembly.xml#//@beans/@mixed.1/@mixed.31/@mixed.3"/>
    <target href="assembly.xml#Storage_Errors"/>
  </connections>
  <connections type="routesTo" sourceAnchorX="0.007751937984496124" sourceAnchorY="0.43243243243243246" targetAnchorX="0.9821428571428571" targetAnchorY="0.472">
    <source href="assembly.xml#Error_Log_In"/>
    <target href="assembly.xml#Log-Errors-1"/>
  </connections>
  <connections type="routesTo" sourceAnchorX="0.9294117647058824" sourceAnchorY="0.4864864864864865" targetAnchorX="0.0975609756097561" targetAnchorY="0.5851063829787234">
    <source href="assembly.xml#Store_Messages_IN"/>
    <target href="assembly.xml#Store_Message"/>
  </connections>
  <connections type="routesTo" sourceAnchorX="1.0" sourceAnchorY="0.5675675675675675" targetAnchorX="0.16" targetAnchorY="0.35135135135135137">
    <source href="assembly.xml#//@beans/@mixed.1/@mixed.41"/>
    <target href="assembly.xml#Note-Error"/>
  </connections>
  <connections type="routesResponseTo" sourceAnchorX="0.46153846153846156" sourceAnchorY="0.972972972972973" targetAnchorX="0.5661764705882353" targetAnchorY="0.24324324324324326">
    <source href="assembly.xml#Distribution_OUT"/>
    <target href="assembly.xml#Trailer_OUT"/>
  </connections>
  <connections type="routesResponseTo" sourceAnchorX="0.7659574468085106" sourceAnchorY="1.0" targetAnchorX="0.027210884353741496" targetAnchorY="0.21875">
    <source href="assembly.xml#RaaS_Call"/>
    <target href="assembly.xml#SetPaymentDate"/>
  </connections>
  <connections type="routesTo" sourceAnchorX="0.60932944606414" sourceAnchorY="1.0" targetAnchorX="0.695364238410596" targetAnchorY="0.17391304347826086">
    <source href="assembly.xml#//@beans/@mixed.1/@mixed.5/@mixed.3"/>
    <target href="assembly.xml#Transform_Error_Message"/>
  </connections>
  <connections type="routesTo" sourceAnchorX="0.0" sourceAnchorY="0.3125" targetAnchorX="0.1962025316455696" targetAnchorY="0.0">
    <source href="assembly.xml#Raas_Error_Message"/>
    <target href="assembly.xml#Error_Log_OUT"/>
  </connections>
  <connections type="routesTo" sourceAnchorX="0.0" sourceAnchorY="0.17708333333333334" targetAnchorX="0.42168674698795183" targetAnchorY="0.21621621621621623">
    <source href="assembly.xml#Transform_Error_Message"/>
    <target href="assembly.xml#Error_Log_OUT1"/>
  </connections>
  <connections type="routesTo" sourceAnchorX="0.9540229885057471" sourceAnchorY="1.0" targetAnchorX="0.1784037558685446" targetAnchorY="0.3783783783783784">
    <source href="assembly.xml#//@beans/@mixed.1/@mixed.35/@mixed.3"/>
    <target href="assembly.xml#Send_Errors"/>
  </connections>
  <connections type="routesTo" sourceAnchorX="1.0" sourceAnchorY="0.2677165354330709" targetAnchorX="0.1643192488262911" targetAnchorY="0.4594594594594595">
    <source href="assembly.xml#Store_Message"/>
    <target href="assembly.xml#PutIntegrationMessage0"/>
  </connections>
  <connections type="routesTo" sourceAnchorX="0.8951612903225806" sourceAnchorY="0.43243243243243246" targetAnchorX="0.030303030303030304" targetAnchorY="0.11486486486486487">
    <source href="assembly.xml#ReportETVXTTMessages"/>
    <target href="assembly.xml#ReportETVInit"/>
  </connections>
  <connections type="routesResponseTo" sourceAnchorX="0.0" sourceAnchorY="0.659217877094972" targetAnchorX="0.1592356687898089" targetAnchorY="0.2972972972972973">
    <source href="assembly.xml#ReportETVInit"/>
    <target href="assembly.xml#ReportExcessMessages"/>
  </connections>
  <connections type="routesTo" sourceAnchorX="0.9595959595959596" sourceAnchorY="0.12162162162162163" targetAnchorX="0.08870967741935484" targetAnchorY="0.12">
    <source href="assembly.xml#ReportETVInit"/>
    <target href="assembly.xml#LoopOverMessages"/>
  </connections>
  <connections type="routesTo" sourceAnchorX="0.6413043478260869" sourceAnchorY="1.0" targetAnchorX="0.47863247863247865" targetAnchorY="0.5135135135135135">
    <source href="assembly.xml#//@beans/@mixed.1/@mixed.65/@mixed.5"/>
    <target href="assembly.xml#ReportProblem"/>
  </connections>
  <connections type="routesTo" sourceAnchorX="0.954954954954955" sourceAnchorY="0.38235294117647056" targetAnchorX="0.4818181818181818" targetAnchorY="0.29347826086956524">
    <source href="assembly.xml#//@beans/@mixed.1/@route.0/@subRoute.0"/>
    <target href="assembly.xml#ETVSetupReport"/>
    <bendpoints sourceX="36" sourceY="-1" targetX="-239" targetY="91"/>
    <bendpoints sourceX="36" sourceY="-92" targetX="-91"/>
  </connections>
  <connections type="routesTo" sourceAnchorX="1.0" sourceAnchorY="0.2047244094488189" targetAnchorX="0.5822784810126582" targetAnchorY="0.4864864864864865">
    <source href="assembly.xml#SetPaymentDate"/>
    <target href="assembly.xml#CallSubRoutine"/>
  </connections>
  <connections type="routesResponseTo" sourceAnchorX="0.7278481012658228" sourceAnchorY="1.0" targetAnchorX="0.4009433962264151" targetAnchorY="0.32432432432432434">
    <source href="assembly.xml#CallSubRoutine"/>
    <target href="assembly.xml#PutMessageForDelivery"/>
  </connections>
  <swimlanes x="66" y="24" font="Calibri|12|1" fontColor="1" name="Main" labelAlignment="LEFT">
    <elements href="assembly.xml#StartHere"/>
    <elements href="#//@swimlanes.3"/>
    <elements href="#//@swimlanes.7"/>
    <elements href="#//@swimlanes.8"/>
  </swimlanes>
  <swimlanes name="" orientation="VERTICAL">
    <elements href="assembly.xml#RaaSErrorHandler"/>
    <elements href="assembly.xml#Raas_Error_Message"/>
    <elements href="assembly.xml#Error_Log_OUT"/>
  </swimlanes>
  <swimlanes x="66" y="398" font="Calibri|12|1" bgColor="16777215" fontColor="1" name="RaaS and Transform" labelAlignment="LEFT">
    <elements href="assembly.xml#Process_In"/>
    <elements href="#//@swimlanes.1"/>
    <elements href="assembly.xml#RaaS_Call"/>
    <elements href="#//@swimlanes.9"/>
    <elements href="assembly.xml#CallSubRoutine"/>
    <elements href="assembly.xml#PutMessageForDelivery"/>
  </swimlanes>
  <swimlanes x="543" y="149" orientation="VERTICAL">
    <elements href="assembly.xml#Props"/>
    <elements href="assembly.xml#PutIntegrationMessage"/>
  </swimlanes>
  <swimlanes x="66" y="861" font="Calibri|12|1" fontColor="1" name="Cloud Log Messages" alignment="MIDDLE" labelAlignment="LEFT">
    <elements href="assembly.xml#Error_Log_In"/>
    <elements href="assembly.xml#Log-Errors-1"/>
    <elements href="assembly.xml#Storage_Errors"/>
  </swimlanes>
  <swimlanes x="66" y="1070" font="Calibri|12|1" fontColor="1" name="Final Touches" alignment="MIDDLE" labelAlignment="LEFT">
    <elements href="assembly.xml#Store_Messages_IN"/>
    <elements href="#//@swimlanes.10"/>
    <elements href="assembly.xml#PutIntegrationMessage0"/>
  </swimlanes>
  <swimlanes x="601" y="861" font="Calibri|12|1" fontColor="1" name="Global Error Handler" labelAlignment="LEFT">
    <elements href="assembly.xml#//@beans/@mixed.1/@mixed.41"/>
    <elements href="assembly.xml#Note-Error"/>
  </swimlanes>
  <swimlanes x="478" y="205" orientation="VERTICAL">
    <elements href="assembly.xml#Dimensions_OUT"/>
    <elements href="assembly.xml#Payroll_OUT"/>
    <elements href="assembly.xml#Leaves_OUT"/>
  </swimlanes>
  <swimlanes x="721" y="258" orientation="VERTICAL">
    <elements href="assembly.xml#Paycodes_OUT"/>
    <elements href="assembly.xml#Distribution_OUT"/>
    <elements href="assembly.xml#Trailer_OUT"/>
    <elements href="assembly.xml#Store_Messages_OUT"/>
  </swimlanes>
  <swimlanes x="624" y="666" name="Swimlane" orientation="VERTICAL">
    <elements href="assembly.xml#SetPaymentDate"/>
    <elements href="assembly.xml#Transform_Error_Message"/>
    <elements href="assembly.xml#Error_Log_OUT1"/>
  </swimlanes>
  <swimlanes x="285" y="1218" name="Swimlane" orientation="VERTICAL">
    <elements href="assembly.xml#Store_Message"/>
    <elements href="assembly.xml#Send_Errors"/>
  </swimlanes>
  <swimlanes name="Swimlane" orientation="VERTICAL">
    <elements href="assembly.xml#ReportETVXTTMessages"/>
    <elements href="assembly.xml#ReportExcessMessages"/>
  </swimlanes>
  <swimlanes name="Swimlane" orientation="VERTICAL">
    <elements href="assembly.xml#ReportETVInit"/>
    <elements href="assembly.xml#ReportProblem"/>
  </swimlanes>
  <swimlanes x="954" y="979" name="Create XTT Messages output">
    <elements href="#//@swimlanes.11"/>
    <elements href="#//@swimlanes.12"/>
    <elements href="assembly.xml#LoopOverMessages"/>
    <elements href="assembly.xml#ETVSetupReport"/>
    <elements href="assembly.xml#ReportETVMessage"/>
  </swimlanes>
  <swimlanes x="78" y="54" font="Arial Black|14|0" fontColor="1" name="INT5259 PRDW CAN - Interface Data File Generation AdHoc Outbound" orientation="VERTICAL" elements="//@swimlanes.0 //@swimlanes.2 //@swimlanes.13 //@swimlanes.5 //@swimlanes.4 //@swimlanes.6" labelAlignment="LEFT"/>
</wdnm:Diagram>
