<?xml version="1.0" encoding="UTF-8"?>
<beans
     xmlns="http://www.springframework.org/schema/beans"
     xmlns:beans="http://www.springframework.org/schema/beans"
     xmlns:atom="http://www.w3.org/2005/Atom"
     xmlns:cc="http://www.capeclear.com/assembly/10"
     xmlns:cloud="urn:com.workday/esb/cloud/10.0"
     xmlns:env="http://schemas.xmlsoap.org/soap/envelope/"
     xmlns:pi="urn:com.workday/picof"
     xmlns:wd="urn:com.workday/bsvc"
     xmlns:xsi="http://www.w3.org/2001/XMLSchema-instance">
 
	<cc:assembly id="WorkdayAssembly" version="14.0">
	<cc:workday-in id="Start-Sample" routes-to="GetEventDocuments">
<cc:integration-system name="ConvertCSVwithExtraCommas">
        <cloud:retrieval-service name="TextSchema"/>
      </cc:integration-system>
</cc:workday-in>
        <cc:local-out id="GetEventDocuments" routes-response-to="Route" endpoint="vm://wcc/GetEventDocuments"><cc:set name="ie.event.wid" value="lp.isSet() ? lp.getIntegrationEventWID() : null"/></cc:local-out>
        <cc:route id="Route">
            <cc:doc-iterator/>
            <cc:sub-route name="SubRoute" routes-to="AsyncMediation"/>
        </cc:route>
        <cc:async-mediation id="AsyncMediation" routes-to="SyncMediation">
            <cc:steps>
                <cc:validate-exp id="ValidateExp">
                    <cc:expression failure-message="Blank Input file received for Processing. Terminating the process.">vars['wd.retrieve.variable'].length > 0</cc:expression>
                </cc:validate-exp>
            </cc:steps>
        </cc:async-mediation>
        <cc:sync-mediation id="SyncMediation" routes-to="Splitter">
            <cc:request-steps>
                <cc:log id="Log">
                    <cc:log-message>
                        <cc:text>*************************** IF document is Empty Is their or not***************************8</cc:text>
                        <cc:message-content/>
                        <cc:text>*******************************************************************************8</cc:text>
                    </cc:log-message>
                </cc:log>
                <cc:copy id="Copy" output-mimetype="text/plain" input="variable" input-variable="wd.retrieve.variable"/>
                <cc:store id="Store" output="variable" output-variable="OP" title="output.txt"/>
            </cc:request-steps>
            <cc:response-steps>
                <cc:eval id="Eval"/>
            </cc:response-steps>
        </cc:sync-mediation>
        <cc:splitter id="Splitter" no-split-message-error="true">
            <cc:sub-route name="SubRoute" routes-to="Route0"/>
            <cc:standard-splitter>
                <cc:content-fixed-lines/>
            </cc:standard-splitter>
        </cc:splitter>
        <cc:route id="Route0">
            <cc:mvel-strategy>
                <cc:choose-route expression="parts[0].text.startsWith('H')" route="Header"/>
                <cc:choose-route expression="parts[0].text.startsWith('D') || parts[0].text.startsWith('A')" route="Detail"/>
                <cc:choose-route expression="parts[0].text.startsWith('T')" route="Trailer"/>
            </cc:mvel-strategy>
            <cc:sub-route name="Header" routes-to="AsyncMediation0"/>
            <cc:sub-route name="Detail" routes-to="AsyncMediation2"/>
            <cc:sub-route name="Trailer" routes-to="AsyncMediation1"/>
        </cc:route>
        <cc:async-mediation id="AsyncMediation0">
            <cc:steps>
                <cc:eval id="Eval">
                    <cc:expression>props['pCounter'] = props['pCounter'] + 1</cc:expression>
                </cc:eval>
            </cc:steps>
        </cc:async-mediation>
        <cc:async-mediation id="AsyncMediation1">
            <cc:steps>
                <cc:eval id="Eval">
                    <cc:expression>props['pCounter'] = props['pCounter'] + 1</cc:expression>
                </cc:eval>
            </cc:steps>
        </cc:async-mediation>
        <cc:async-mediation id="AsyncMediation2">
            <cc:steps>
                <cc:textschema id="Textschema" style="text2xml" url="INT0220_ContentSchema.xsd"/>
                <cc:log id="Log">
                    <cc:log-message>
                        <cc:text>*********************************log after textschema **********************************</cc:text>
                        <cc:message-content/>
                        <cc:text>*****************************************log ending text schema********************************888</cc:text>
                    </cc:log-message>
                </cc:log>
                <cc:store id="Store" output="variable" output-variable="OP" title="OP.xml"/>
            </cc:steps>
        </cc:async-mediation>
</cc:assembly>

</beans>