<?xml version="1.0" encoding="UTF-8"?>
<beans
     xmlns="http://www.springframework.org/schema/beans"
     xmlns:beans="http://www.springframework.org/schema/beans"
     xmlns:atom="http://www.w3.org/2005/Atom"
     xmlns:cc="http://www.capeclear.com/assembly/10"
     xmlns:cloud="urn:com.workday/esb/cloud/10.0"
     xmlns:env="http://schemas.xmlsoap.org/soap/envelope/"
     xmlns:pi="urn:com.workday/picof"
     xmlns:wd="urn:com.workday/bsvc"
     xmlns:xsi="http://www.w3.org/2001/XMLSchema-instance">
 
	<cc:assembly id="WorkdayAssembly" version="2020.36">
        <cc:workday-in id="StartHere" routes-to="AsyncMediation">
            <cc:integration-system name="KS_CustomObjectEffectiveDateDemo">
        <cloud:param name="Effective Date">
          <cloud:type>
            <cloud:simple-type>date</cloud:simple-type>
          </cloud:type>
        </cloud:param>
        <cloud:param name="WorkerData">
          <cloud:type>
            <cloud:simple-type>text</cloud:simple-type>
          </cloud:type>
        </cloud:param>
        <cloud:param name="Worker">
          <cloud:type>
            <cloud:class-report-field description="Worker" type="WID" singular="true">ec614fb7912d465cab2f18552f45ba96</cloud:class-report-field>
          </cloud:type>
        </cloud:param>
        <cloud:custom-object-service name="KS_CustomObjectEffectiveDateDemo_COS">
          <cloud:custom-object-alias description="Worker Data" name="Workerdata">
            <cloud:custom-object-reference description="Worker Data" type="WID">d6c7cff50f4d01bc17e92fbb5301420b</cloud:custom-object-reference>
          </cloud:custom-object-alias>
        </cloud:custom-object-service>
      </cc:integration-system>
        </cc:workday-in>
        <cc:async-mediation id="AsyncMediation" routes-to="WorkdayOutSoap">
            <cc:steps>
                <cc:eval id="Eval">
                    <cc:expression>props['effectiveDate']=lp.getSimpleData('Effective Date')</cc:expression>
                    <cc:expression>props['workerdata'] = lp.getSimpleData('WorkerData')</cc:expression>
                    <cc:expression>props['employeeId'] = lp.getReferenceData('Worker', 'Employee_ID')</cc:expression>
                </cc:eval>
                <cc:log id="Log">
                    <cc:log-message>
                        <cc:text>Date = @{props['effectiveDate']}&#xD;
Worker data = @{props['workerdata']}&#xD;
Emp ID = @{props['employeeId']} &#xD;
</cc:text>
                    </cc:log-message>
                </cc:log>
                <cc:write id="Write">
                    <cc:message>
                        <cc:text>&lt;?xml version=&quot;1.0&quot; encoding=&quot;UTF-8&quot;?>&#xD;
&lt;env:Envelope&#xD;
    xmlns:env=&quot;http://schemas.xmlsoap.org/soap/envelope/&quot;&#xD;
    xmlns:xsd=&quot;http://www.w3.org/2001/XMLSchema&quot;&#xD;
	xmlns:wor=&quot;urn:com.workday/tenants/super/data/custom&quot;>&#xD;
    &lt;env:Body>&#xD;
        &lt;wd:Edit_Worker_Additional_Data_Request&#xD;
            xmlns:wd=&quot;urn:com.workday/bsvc&quot;&#xD;
            wd:version=&quot;v35.0&quot;>&#xD;
            &lt;wd:Business_Process_Parameters>&#xD;
                &lt;wd:Auto_Complete>true&lt;/wd:Auto_Complete>&#xD;
                &lt;wd:Run_Now>true&lt;/wd:Run_Now>&#xD;
                &#xD;
            &lt;/wd:Business_Process_Parameters>&#xD;
            &lt;wd:Worker_Custom_Object_Data>&#xD;
                &lt;wd:Effective_Date>@{props['effectiveDate']}&lt;/wd:Effective_Date>&#xD;
                &lt;wd:Worker_Reference>&#xD;
                    &lt;wd:ID wd:type=&quot;Employee_ID&quot;>@{props['employeeId']}&lt;/wd:ID>&#xD;
                &lt;/wd:Worker_Reference>&#xD;
                &lt;wd:Business_Object_Additional_Data>&#xD;
				&lt;wor:workerData>&#xD;
                  &lt;wor:workerlegalname>@{props['workerdata']}&lt;/wor:workerlegalname>&#xD;
				&lt;/wor:workerData>&#xD;
				&lt;/wd:Business_Object_Additional_Data>&#xD;
            &lt;/wd:Worker_Custom_Object_Data>&#xD;
        &lt;/wd:Edit_Worker_Additional_Data_Request>&#xD;
    &lt;/env:Body>&#xD;
&lt;/env:Envelope></cc:text>
                    </cc:message>
                </cc:write>
            </cc:steps>
            <cc:send-error id="SendError" routes-to="PutIntegrationMessage"/>
        </cc:async-mediation>
        <cc:local-out id="PutIntegrationMessage" endpoint="vm://wcc/PutIntegrationMessage">
            <cc:set name="is.message.severity" value="'ERROR'"/>
            <cc:set name="is.message.summary" value="context.errorMessage"/>
            <cc:set name="is.message.storage.enabled" value="false"/>
        </cc:local-out>
        <cc:workday-out-soap id="WorkdayOutSoap" application="Staffing" version="v34.1"/>
	</cc:assembly>

</beans>