<?xml version="1.0" encoding="UTF-8"?>
<wdnm:Diagram xmlns:wdnm="http://workday.com/studio/editors/notation">
  <element href="assembly.xml#WorkdayAssembly"/>
  <visualProperties x="289" y="221">
    <element href="assembly.xml#StartHere"/>
  </visualProperties>
  <visualProperties x="439" y="194">
    <element href="assembly.xml#AsyncMediation"/>
  </visualProperties>
  <visualProperties x="445" y="363">
    <element href="assembly.xml#PutIntegrationMessage"/>
  </visualProperties>
  <visualProperties x="697" y="221">
    <element href="assembly.xml#WorkdayOutSoap"/>
  </visualProperties>
  <connections type="routesTo" sourceAnchorX="0.6890756302521008" sourceAnchorY="1.0" targetAnchorX="0.011627906976744186" targetAnchorY="0.4375">
    <source href="assembly.xml#StartHere"/>
    <target href="assembly.xml#AsyncMediation"/>
  </connections>
  <connections type="routesTo" sourceAnchorX="0.45454545454545453" sourceAnchorY="1.0" targetAnchorX="0.6439024390243903" targetAnchorY="0.5135135135135135">
    <source href="assembly.xml#//@beans/@mixed.1/@mixed.3/@mixed.3"/>
    <target href="assembly.xml#PutIntegrationMessage"/>
  </connections>
  <connections type="routesTo" sourceAnchorX="1.0" sourceAnchorY="0.12598425196850394" targetAnchorX="0.11560693641618497" targetAnchorY="0.5675675675675675">
    <source href="assembly.xml#AsyncMediation"/>
    <target href="assembly.xml#WorkdayOutSoap"/>
  </connections>
</wdnm:Diagram>
