<?xml version="1.0" encoding="UTF-8"?>
<wdnm:Diagram xmlns:wdnm="http://workday.com/studio/editors/notation">
  <element href="assembly.xml#WorkdayAssembly"/>
  <visualProperties>
    <element href="assembly.xml#StartHere"/>
  </visualProperties>
  <visualProperties>
    <element href="assembly.xml#GetEventDocuments"/>
  </visualProperties>
  <visualProperties>
    <element href="assembly.xml#File_Count"/>
  </visualProperties>
  <visualProperties>
    <element href="assembly.xml#PIMFileError"/>
  </visualProperties>
  <visualProperties>
    <element href="assembly.xml#FiletoVar"/>
  </visualProperties>
  <visualProperties>
    <element href="assembly.xml#CopyFile"/>
  </visualProperties>
  <visualProperties>
    <element href="assembly.xml#PIMCopyError"/>
  </visualProperties>
  <visualProperties>
    <element href="assembly.xml#Call_Process_File"/>
  </visualProperties>
  <visualProperties x="11" y="376">
    <element href="assembly.xml#Process_File"/>
  </visualProperties>
  <visualProperties>
    <element href="assembly.xml#Prepare_Data"/>
  </visualProperties>
  <visualProperties y="22">
    <element href="assembly.xml#PIMtxttoxmlError"/>
  </visualProperties>
  <visualProperties x="1059" y="703">
    <element href="assembly.xml#Call_Get_CC"/>
  </visualProperties>
  <visualProperties>
    <element href="assembly.xml#Get_CC"/>
  </visualProperties>
  <visualProperties>
    <element href="assembly.xml#Get_CC_Request"/>
  </visualProperties>
  <visualProperties>
    <element href="assembly.xml#PIMGetCCError"/>
  </visualProperties>
  <visualProperties>
    <element href="assembly.xml#Split_CC"/>
  </visualProperties>
  <visualProperties>
    <element href="assembly.xml#Fill_CC_Hashmap"/>
  </visualProperties>
  <visualProperties>
    <element href="assembly.xml#PIMHashError0"/>
  </visualProperties>
  <visualProperties x="1057" y="483">
    <element href="assembly.xml#Call_Inactive_Data"/>
  </visualProperties>
  <visualProperties x="1027" y="446">
    <element href="assembly.xml#Call_Active_Data"/>
  </visualProperties>
  <visualProperties x="63" y="1451">
    <element href="assembly.xml#Active_Data"/>
  </visualProperties>
  <visualProperties>
    <element href="assembly.xml#Get_Active_Var"/>
  </visualProperties>
  <visualProperties>
    <element href="assembly.xml#PIMActVarError"/>
  </visualProperties>
  <visualProperties x="438" y="1750">
    <element href="assembly.xml#Split_Active"/>
  </visualProperties>
  <visualProperties>
    <element href="assembly.xml#Read_Active_Var"/>
  </visualProperties>
  <visualProperties x="767" y="1534">
    <element href="assembly.xml#Route"/>
  </visualProperties>
  <visualProperties x="917" y="1521">
    <element href="assembly.xml#Call_Create_Org"/>
  </visualProperties>
  <visualProperties x="1006" y="1521">
    <element href="assembly.xml#Call_Update_Org"/>
  </visualProperties>
  <visualProperties x="1098" y="1556">
    <element href="assembly.xml#Call_Reactivate_Org"/>
  </visualProperties>
  <visualProperties x="710" y="1717">
    <element href="assembly.xml#Call_Log1"/>
  </visualProperties>
  <visualProperties x="65" y="1945">
    <element href="assembly.xml#Create_CC"/>
  </visualProperties>
  <visualProperties>
    <element href="assembly.xml#Reactivate_Org"/>
  </visualProperties>
  <visualProperties x="854" y="2160">
    <element href="assembly.xml#Create_CC_Request"/>
  </visualProperties>
  <visualProperties x="1110" y="2205">
    <element href="assembly.xml#Create_CC_WS"/>
  </visualProperties>
  <visualProperties x="1170" y="1981">
    <element href="assembly.xml#Call_Log6"/>
  </visualProperties>
  <visualProperties y="1774">
    <element href="assembly.xml#Reactivate_Request"/>
  </visualProperties>
  <visualProperties x="256" y="1819">
    <element href="assembly.xml#Reactivate_WS"/>
  </visualProperties>
  <visualProperties x="460" y="1819">
    <element href="assembly.xml#Call_Log8"/>
  </visualProperties>
  <visualProperties x="1005" y="2380">
    <element href="assembly.xml#Call_Create_Org0"/>
  </visualProperties>
  <visualProperties y="2028">
    <element href="assembly.xml#Inactive_Data"/>
  </visualProperties>
  <visualProperties>
    <element href="assembly.xml#Get_Inactive_Var"/>
  </visualProperties>
  <visualProperties>
    <element href="assembly.xml#PIMInactVarError"/>
  </visualProperties>
  <visualProperties x="381" y="1965">
    <element href="assembly.xml#Split_Inactive"/>
  </visualProperties>
  <visualProperties x="739" y="2636">
    <element href="assembly.xml#Inactivate_Request"/>
  </visualProperties>
  <visualProperties x="995" y="2681">
    <element href="assembly.xml#Inactivate_WS"/>
  </visualProperties>
  <visualProperties y="2165">
    <element href="assembly.xml#Call_Log11"/>
  </visualProperties>
  <visualProperties>
    <element href="assembly.xml#//@beans/@mixed.1/@mixed.95"/>
  </visualProperties>
  <visualProperties>
    <element href="assembly.xml#PIMGlobal"/>
  </visualProperties>
  <visualProperties x="526" y="2775">
    <element href="assembly.xml#Error_Log"/>
  </visualProperties>
  <visualProperties x="633" y="2794">
    <element href="assembly.xml#Error_Data"/>
  </visualProperties>
  <visualProperties y="2481">
    <element href="assembly.xml#PIMLogError"/>
  </visualProperties>
  <visualProperties>
    <element href="assembly.xml#Read_Inactive_Var"/>
  </visualProperties>
  <visualProperties>
    <element href="assembly.xml#Call_Log9"/>
  </visualProperties>
  <visualProperties x="264" y="1862">
    <element href="assembly.xml#Call_Log5"/>
  </visualProperties>
  <visualProperties y="2105">
    <element href="assembly.xml#Call_Log7"/>
  </visualProperties>
  <visualProperties x="264" y="2543">
    <element href="assembly.xml#Call_Log10"/>
  </visualProperties>
  <visualProperties>
    <element href="assembly.xml#Success_Log"/>
  </visualProperties>
  <visualProperties>
    <element href="assembly.xml#Success_Data"/>
  </visualProperties>
  <visualProperties>
    <element href="assembly.xml#PIMLogError0"/>
  </visualProperties>
  <visualProperties>
    <element href="assembly.xml#No_Change"/>
  </visualProperties>
  <visualProperties>
    <element href="assembly.xml#PIMLogError00"/>
  </visualProperties>
  <visualProperties x="1134" y="200">
    <element href="assembly.xml#Call_Store_File"/>
  </visualProperties>
  <visualProperties x="916" y="3160">
    <element href="assembly.xml#Store_File"/>
  </visualProperties>
  <visualProperties>
    <element href="assembly.xml#Generate_Log"/>
  </visualProperties>
  <visualProperties>
    <element href="assembly.xml#PIMLogError1"/>
  </visualProperties>
  <visualProperties x="1464" y="2125">
    <element href="assembly.xml#Add2CChash"/>
  </visualProperties>
  <visualProperties x="472" y="1962">
    <element href="assembly.xml#Call_Log50"/>
  </visualProperties>
  <visualProperties x="1703" y="3477">
    <element href="assembly.xml#PIMLogError20"/>
  </visualProperties>
  <visualProperties x="1398" y="3282">
    <element href="assembly.xml#CallSubRoutine"/>
  </visualProperties>
  <visualProperties x="620" y="653">
    <element href="assembly.xml#ProcessWorkers"/>
  </visualProperties>
  <visualProperties y="846">
    <element href="assembly.xml#PagedGetOfWorkers"/>
  </visualProperties>
  <visualProperties x="496" y="1793">
    <element href="assembly.xml#Set_Hdr1"/>
  </visualProperties>
  <visualProperties x="657" y="1700">
    <element href="assembly.xml#Set_Hdr2"/>
  </visualProperties>
  <visualProperties y="1953">
    <element href="assembly.xml#Set_Hdr3"/>
  </visualProperties>
  <visualProperties x="335" y="1953">
    <element href="assembly.xml#Set_Hdr4"/>
  </visualProperties>
  <visualProperties x="1550" y="2439">
    <element href="assembly.xml#Set_Hdr5"/>
  </visualProperties>
  <visualProperties x="1880" y="2439">
    <element href="assembly.xml#Set_Hdr6"/>
  </visualProperties>
  <connections type="routesResponseTo">
    <source href="assembly.xml#GetEventDocuments"/>
    <target href="assembly.xml#File_Count"/>
  </connections>
  <connections type="routesTo">
    <source href="assembly.xml#File_Count"/>
    <target href="assembly.xml#FiletoVar"/>
  </connections>
  <connections type="routesTo">
    <source href="assembly.xml#//@beans/@mixed.1/@mixed.11/@mixed.3"/>
    <target href="assembly.xml#PIMFileError"/>
  </connections>
  <connections type="routesTo">
    <source href="assembly.xml#//@beans/@mixed.1/@route.0/@subRoute.0"/>
    <target href="assembly.xml#CopyFile"/>
  </connections>
  <connections type="routesTo">
    <source href="assembly.xml#CopyFile"/>
    <target href="assembly.xml#Call_Process_File"/>
  </connections>
  <connections type="routesTo">
    <source href="assembly.xml#//@beans/@mixed.1/@mixed.5/@mixed.3"/>
    <target href="assembly.xml#PIMCopyError"/>
  </connections>
  <connections type="routesTo">
    <source href="assembly.xml#Process_File"/>
    <target href="assembly.xml#Prepare_Data"/>
  </connections>
  <connections type="routesTo">
    <source href="assembly.xml#//@beans/@mixed.1/@mixed.19/@mixed.3"/>
    <target href="assembly.xml#PIMtxttoxmlError"/>
  </connections>
  <connections type="routesTo">
    <source href="assembly.xml#//@beans/@mixed.1/@mixed.33/@mixed.3"/>
    <target href="assembly.xml#PIMGetCCError"/>
  </connections>
  <connections type="routesTo">
    <source href="assembly.xml#//@beans/@mixed.1/@splitter.0/@subRoute.0"/>
    <target href="assembly.xml#Fill_CC_Hashmap"/>
  </connections>
  <connections type="routesTo">
    <source href="assembly.xml#//@beans/@mixed.1/@mixed.27/@mixed.3"/>
    <target href="assembly.xml#PIMHashError0"/>
  </connections>
  <connections type="routesResponseTo">
    <source href="assembly.xml#Call_Get_CC"/>
    <target href="assembly.xml#Call_Active_Data"/>
  </connections>
  <connections type="routesTo">
    <source href="assembly.xml#//@beans/@mixed.1/@mixed.45/@mixed.3"/>
    <target href="assembly.xml#PIMActVarError"/>
  </connections>
  <connections type="routesTo">
    <source href="assembly.xml#Active_Data"/>
    <target href="assembly.xml#Get_Active_Var"/>
  </connections>
  <connections type="routesTo">
    <source href="assembly.xml#Read_Active_Var"/>
    <target href="assembly.xml#Route"/>
  </connections>
  <connections type="routesTo">
    <source href="assembly.xml#//@beans/@mixed.1/@route.1/@subRoute.0"/>
    <target href="assembly.xml#Call_Create_Org"/>
    <bendpoints sourceX="94" sourceY="-260" targetX="-128" targetY="4"/>
  </connections>
  <connections type="routesTo">
    <source href="assembly.xml#//@beans/@mixed.1/@route.1/@subRoute.1"/>
    <target href="assembly.xml#Call_Reactivate_Org"/>
    <bendpoints sourceX="100" sourceY="-234" targetX="-123"/>
  </connections>
  <connections type="routesTo">
    <source href="assembly.xml#//@beans/@mixed.1/@route.1/@subRoute.2"/>
    <target href="assembly.xml#Call_Update_Org"/>
    <bendpoints sourceX="98" sourceY="-205" targetX="-124" targetY="-1"/>
  </connections>
  <connections type="routesTo">
    <source href="assembly.xml#//@beans/@mixed.1/@mixed.49/@mixed.3"/>
    <target href="assembly.xml#Call_Log1"/>
  </connections>
  <connections type="routesTo">
    <source href="assembly.xml#Reactivate_Org"/>
    <target href="assembly.xml#Reactivate_Request"/>
  </connections>
  <connections type="routesResponseTo">
    <source href="assembly.xml#Call_Log8"/>
    <target href="assembly.xml#Call_Create_Org0"/>
  </connections>
  <connections type="routesTo">
    <source href="assembly.xml#Inactive_Data"/>
    <target href="assembly.xml#Get_Inactive_Var"/>
  </connections>
  <connections type="routesTo">
    <source href="assembly.xml#Get_Inactive_Var"/>
    <target href="assembly.xml#Split_Inactive"/>
  </connections>
  <connections type="routesTo">
    <source href="assembly.xml#//@beans/@mixed.1/@mixed.83/@mixed.3"/>
    <target href="assembly.xml#PIMInactVarError"/>
  </connections>
  <connections type="routesTo" sourceAnchorX="0.9285714285714286" sourceAnchorY="0.4864864864864865" targetAnchorX="0.07692307692307693" targetAnchorY="0.40540540540540543">
    <source href="assembly.xml#//@beans/@mixed.1/@mixed.95"/>
    <target href="assembly.xml#PIMGlobal"/>
  </connections>
  <connections type="routesTo">
    <source href="assembly.xml#Error_Log"/>
    <target href="assembly.xml#Error_Data"/>
  </connections>
  <connections type="routesTo">
    <source href="assembly.xml#//@beans/@mixed.1/@mixed.99/@mixed.3"/>
    <target href="assembly.xml#PIMLogError"/>
  </connections>
  <connections type="routesTo">
    <source href="assembly.xml#//@beans/@mixed.1/@mixed.105/@mixed.3"/>
    <target href="assembly.xml#Call_Log9"/>
  </connections>
  <connections type="routesTo">
    <source href="assembly.xml#//@beans/@mixed.1/@splitter.2/@subRoute.0"/>
    <target href="assembly.xml#Read_Inactive_Var"/>
  </connections>
  <connections type="routesTo">
    <source href="assembly.xml#Read_Inactive_Var"/>
    <target href="assembly.xml#Inactivate_Request"/>
  </connections>
  <connections type="routesTo">
    <source href="assembly.xml#//@beans/@mixed.1/@mixed.67/@mixed.3"/>
    <target href="assembly.xml#Call_Log5"/>
  </connections>
  <connections type="routesTo">
    <source href="assembly.xml#//@beans/@mixed.1/@mixed.75/@mixed.3"/>
    <target href="assembly.xml#Call_Log7"/>
  </connections>
  <connections type="routesTo">
    <source href="assembly.xml#//@beans/@mixed.1/@mixed.89/@mixed.3"/>
    <target href="assembly.xml#Call_Log10"/>
  </connections>
  <connections type="routesTo">
    <source href="assembly.xml#Success_Log"/>
    <target href="assembly.xml#Success_Data"/>
  </connections>
  <connections type="routesTo">
    <source href="assembly.xml#//@beans/@mixed.1/@mixed.115/@mixed.3"/>
    <target href="assembly.xml#PIMLogError0"/>
  </connections>
  <connections type="routesTo">
    <source href="assembly.xml#//@beans/@mixed.1/@mixed.121/@mixed.3"/>
    <target href="assembly.xml#PIMLogError00"/>
  </connections>
  <connections type="routesTo">
    <source href="assembly.xml#//@beans/@mixed.1/@route.1/@subRoute.3"/>
    <target href="assembly.xml#No_Change"/>
    <bendpoints sourceX="96" sourceY="-84" targetX="-123" targetY="3"/>
  </connections>
  <connections type="routesResponseTo">
    <source href="assembly.xml#Call_Process_File"/>
    <target href="assembly.xml#Call_Store_File"/>
  </connections>
  <connections type="routesTo">
    <source href="assembly.xml#//@beans/@mixed.1/@mixed.129/@mixed.3"/>
    <target href="assembly.xml#PIMLogError1"/>
  </connections>
  <connections type="routesTo">
    <source href="assembly.xml#Store_File"/>
    <target href="assembly.xml#Generate_Log"/>
  </connections>
  <connections type="routesResponseTo">
    <source href="assembly.xml#Call_Log6"/>
    <target href="assembly.xml#Add2CChash"/>
  </connections>
  <connections type="routesTo">
    <source href="assembly.xml#//@beans/@mixed.1/@mixed.131/@mixed.3"/>
    <target href="assembly.xml#Call_Log50"/>
  </connections>
  <connections type="routesTo">
    <source href="assembly.xml#//@beans/@mixed.1/@splitter.1/@subRoute.0"/>
    <target href="assembly.xml#Read_Active_Var"/>
  </connections>
  <connections type="routesTo">
    <source href="assembly.xml#Get_Active_Var"/>
    <target href="assembly.xml#Split_Active"/>
  </connections>
  <connections type="routesResponseTo">
    <source href="assembly.xml#Call_Active_Data"/>
    <target href="assembly.xml#Call_Inactive_Data"/>
  </connections>
  <connections type="routesTo" sourceAnchorX="1.0" sourceAnchorY="0.33858267716535434" targetAnchorX="0.11392405063291139" targetAnchorY="0.8918918918918919">
    <source href="assembly.xml#Generate_Log"/>
    <target href="assembly.xml#CallSubRoutine"/>
  </connections>
  <connections type="routesResponseTo">
    <source href="assembly.xml#CallSubRoutine"/>
    <target href="assembly.xml#PIMLogError20"/>
  </connections>
  <connections type="routesTo">
    <source href="assembly.xml#Get_CC_Request"/>
    <target href="assembly.xml#PagedGetOfWorkers"/>
  </connections>
  <connections type="routesTo">
    <source href="assembly.xml#Get_CC"/>
    <target href="assembly.xml#Get_CC_Request"/>
  </connections>
  <connections type="routesTo">
    <source href="assembly.xml#ProcessWorkers"/>
    <target href="assembly.xml#Split_CC"/>
  </connections>
  <connections type="routesTo">
    <source href="assembly.xml#Create_CC"/>
    <target href="assembly.xml#Create_CC_Request"/>
  </connections>
  <connections type="routesTo">
    <source href="assembly.xml#Create_CC_Request"/>
    <target href="assembly.xml#Set_Hdr1"/>
  </connections>
  <connections type="routesTo">
    <source href="assembly.xml#Set_Hdr1"/>
    <target href="assembly.xml#Create_CC_WS"/>
  </connections>
  <connections type="routesResponseTo">
    <source href="assembly.xml#Create_CC_WS"/>
    <target href="assembly.xml#Set_Hdr2"/>
  </connections>
  <connections type="routesTo">
    <source href="assembly.xml#Set_Hdr2"/>
    <target href="assembly.xml#Call_Log6"/>
  </connections>
  <connections type="routesTo">
    <source href="assembly.xml#Reactivate_Request"/>
    <target href="assembly.xml#Set_Hdr3"/>
  </connections>
  <connections type="routesTo">
    <source href="assembly.xml#Set_Hdr3"/>
    <target href="assembly.xml#Reactivate_WS"/>
  </connections>
  <connections type="routesResponseTo">
    <source href="assembly.xml#Reactivate_WS"/>
    <target href="assembly.xml#Set_Hdr4"/>
  </connections>
  <connections type="routesTo">
    <source href="assembly.xml#Set_Hdr4"/>
    <target href="assembly.xml#Call_Log8"/>
  </connections>
  <connections type="routesTo">
    <source href="assembly.xml#Inactivate_Request"/>
    <target href="assembly.xml#Set_Hdr5"/>
  </connections>
  <connections type="routesTo">
    <source href="assembly.xml#Set_Hdr5"/>
    <target href="assembly.xml#Inactivate_WS"/>
  </connections>
  <connections type="routesResponseTo">
    <source href="assembly.xml#Inactivate_WS"/>
    <target href="assembly.xml#Set_Hdr6"/>
  </connections>
  <connections type="routesTo">
    <source href="assembly.xml#Set_Hdr6"/>
    <target href="assembly.xml#Call_Log11"/>
  </connections>
  <connections type="routesTo">
    <source href="assembly.xml#Prepare_Data"/>
    <target href="assembly.xml#Call_Get_CC"/>
  </connections>
  <connections type="routesTo">
    <source href="assembly.xml#StartHere"/>
    <target href="assembly.xml#GetEventDocuments"/>
  </connections>
  <swimlanes bgColor="16777215" fgColor="12632256" orientation="VERTICAL" alignment="MIDDLE">
    <elements href="assembly.xml#File_Count"/>
    <elements href="assembly.xml#PIMFileError"/>
  </swimlanes>
  <swimlanes bgColor="16777215" fgColor="12632256" orientation="VERTICAL" alignment="MIDDLE">
    <elements href="assembly.xml#CopyFile"/>
    <elements href="assembly.xml#PIMCopyError"/>
  </swimlanes>
  <swimlanes x="20" y="25" bgColor="16777215" fgColor="12632256" name="Gets the input file from sftp folder and performs basic validations on file." alignment="MIDDLE">
    <elements href="assembly.xml#StartHere"/>
    <elements href="assembly.xml#GetEventDocuments"/>
    <elements href="#//@swimlanes.0"/>
    <elements href="assembly.xml#FiletoVar"/>
    <elements href="#//@swimlanes.1"/>
    <elements href="assembly.xml#Call_Process_File"/>
    <elements href="assembly.xml#Call_Store_File"/>
  </swimlanes>
  <swimlanes x="20" y="355" name="Converts fixed width text file to xml and store the data into variables" alignment="MIDDLE">
    <elements href="assembly.xml#Process_File"/>
    <elements href="#//@swimlanes.4"/>
    <elements href="assembly.xml#Call_Get_CC"/>
    <elements href="assembly.xml#Call_Active_Data"/>
    <elements href="assembly.xml#Call_Inactive_Data"/>
  </swimlanes>
  <swimlanes x="204" y="426" orientation="VERTICAL" alignment="MIDDLE">
    <elements href="assembly.xml#Prepare_Data"/>
    <elements href="assembly.xml#PIMtxttoxmlError"/>
  </swimlanes>
  <swimlanes orientation="VERTICAL" alignment="MIDDLE">
    <elements href="assembly.xml#Get_CC_Request"/>
    <elements href="assembly.xml#PIMGetCCError"/>
  </swimlanes>
  <swimlanes bgColor="16777215" orientation="VERTICAL" alignment="MIDDLE">
    <elements href="assembly.xml#Fill_CC_Hashmap"/>
    <elements href="assembly.xml#PIMHashError0"/>
  </swimlanes>
  <swimlanes x="25" y="710" name="Gets all Cost Centers and store into hashmap" alignment="MIDDLE">
    <elements href="assembly.xml#Get_CC"/>
    <elements href="#//@swimlanes.5"/>
    <elements href="assembly.xml#PagedGetOfWorkers"/>
    <elements href="assembly.xml#ProcessWorkers"/>
    <elements href="assembly.xml#Split_CC"/>
    <elements href="#//@swimlanes.6"/>
  </swimlanes>
  <swimlanes x="25" y="1063" name="Process Active records from file" alignment="MIDDLE">
    <elements href="assembly.xml#Active_Data"/>
    <elements href="#//@swimlanes.9"/>
    <elements href="assembly.xml#Split_Active"/>
    <elements href="#//@swimlanes.10"/>
    <elements href="assembly.xml#Route"/>
    <elements href="#//@swimlanes.11"/>
  </swimlanes>
  <swimlanes y="1001" orientation="VERTICAL" alignment="MIDDLE">
    <elements href="assembly.xml#Get_Active_Var"/>
    <elements href="assembly.xml#PIMActVarError"/>
  </swimlanes>
  <swimlanes x="743" y="1696" orientation="VERTICAL" alignment="MIDDLE">
    <elements href="assembly.xml#Read_Active_Var"/>
    <elements href="assembly.xml#Call_Log1"/>
  </swimlanes>
  <swimlanes x="939" y="1550" orientation="VERTICAL" alignment="MIDDLE">
    <elements href="assembly.xml#Call_Create_Org"/>
    <elements href="assembly.xml#Call_Reactivate_Org"/>
    <elements href="assembly.xml#Call_Update_Org"/>
    <elements href="#//@swimlanes.25"/>
  </swimlanes>
  <swimlanes x="25" y="1674" name="Creates new Cost Center" alignment="MIDDLE">
    <elements href="assembly.xml#Create_CC"/>
    <elements href="#//@swimlanes.20"/>
    <elements href="assembly.xml#Set_Hdr1"/>
    <elements href="assembly.xml#Create_CC_WS"/>
    <elements href="assembly.xml#Set_Hdr2"/>
    <elements href="assembly.xml#Call_Log6"/>
    <elements href="#//@swimlanes.28"/>
  </swimlanes>
  <swimlanes x="25" y="2026" name="Reactivates inactivated Cost Center" alignment="MIDDLE">
    <elements href="assembly.xml#Reactivate_Org"/>
    <elements href="#//@swimlanes.21"/>
    <elements href="assembly.xml#Set_Hdr3"/>
    <elements href="assembly.xml#Reactivate_WS"/>
    <elements href="assembly.xml#Set_Hdr4"/>
    <elements href="assembly.xml#Call_Log8"/>
    <elements href="assembly.xml#Call_Create_Org0"/>
  </swimlanes>
  <swimlanes x="25" y="2378" name="Process Inactive records from file" alignment="MIDDLE">
    <elements href="assembly.xml#Inactive_Data"/>
    <elements href="#//@swimlanes.15"/>
    <elements href="assembly.xml#Split_Inactive"/>
    <elements href="#//@swimlanes.19"/>
    <elements href="#//@swimlanes.22"/>
    <elements href="assembly.xml#Set_Hdr5"/>
    <elements href="assembly.xml#Inactivate_WS"/>
    <elements href="assembly.xml#Set_Hdr6"/>
    <elements href="assembly.xml#Call_Log11"/>
  </swimlanes>
  <swimlanes x="165" y="1921" orientation="VERTICAL" alignment="MIDDLE">
    <elements href="assembly.xml#Get_Inactive_Var"/>
    <elements href="assembly.xml#PIMInactVarError"/>
  </swimlanes>
  <swimlanes x="25" y="3089" bgColor="16777215" name="Global Error Handler">
    <elements href="assembly.xml#//@beans/@mixed.1/@mixed.95"/>
    <elements href="assembly.xml#PIMGlobal"/>
  </swimlanes>
  <swimlanes x="25" y="2733" name="Consolidates all error records for audit log" alignment="MIDDLE">
    <elements href="assembly.xml#Error_Log"/>
    <elements href="#//@swimlanes.18"/>
  </swimlanes>
  <swimlanes x="633" y="2816" orientation="VERTICAL">
    <elements href="assembly.xml#Error_Data"/>
    <elements href="assembly.xml#PIMLogError"/>
  </swimlanes>
  <swimlanes y="2373" orientation="VERTICAL" alignment="MIDDLE">
    <elements href="assembly.xml#Read_Inactive_Var"/>
    <elements href="assembly.xml#Call_Log9"/>
  </swimlanes>
  <swimlanes x="865" y="2046" name="" orientation="VERTICAL" alignment="MIDDLE">
    <elements href="assembly.xml#Create_CC_Request"/>
    <elements href="assembly.xml#Call_Log5"/>
  </swimlanes>
  <swimlanes x="170" y="2333" name="" orientation="VERTICAL" alignment="MIDDLE">
    <elements href="assembly.xml#Reactivate_Request"/>
    <elements href="assembly.xml#Call_Log7"/>
  </swimlanes>
  <swimlanes x="808" y="2799" name="" orientation="VERTICAL" alignment="MIDDLE">
    <elements href="assembly.xml#Inactivate_Request"/>
    <elements href="assembly.xml#Call_Log10"/>
  </swimlanes>
  <swimlanes orientation="VERTICAL">
    <elements href="assembly.xml#Success_Data"/>
    <elements href="assembly.xml#PIMLogError0"/>
  </swimlanes>
  <swimlanes x="431" y="2733" name="Consolidates all success records for audit log" alignment="MIDDLE">
    <elements href="assembly.xml#Success_Log"/>
    <elements href="#//@swimlanes.23"/>
  </swimlanes>
  <swimlanes x="183" y="1368" orientation="VERTICAL">
    <elements href="assembly.xml#No_Change"/>
    <elements href="assembly.xml#PIMLogError00"/>
  </swimlanes>
  <swimlanes x="866" y="2733" name="Generates Audit Log File" alignment="MIDDLE">
    <elements href="assembly.xml#Store_File"/>
    <elements href="#//@swimlanes.27"/>
    <elements href="assembly.xml#CallSubRoutine"/>
    <elements href="assembly.xml#PIMLogError20"/>
  </swimlanes>
  <swimlanes x="1047" y="3401" bgColor="16777215" orientation="VERTICAL" alignment="MIDDLE">
    <elements href="assembly.xml#Generate_Log"/>
    <elements href="assembly.xml#PIMLogError1"/>
  </swimlanes>
  <swimlanes x="1494" y="2153" orientation="VERTICAL" alignment="MIDDLE">
    <elements href="assembly.xml#Add2CChash"/>
    <elements href="assembly.xml#Call_Log50"/>
  </swimlanes>
</wdnm:Diagram>
