<?xml version="1.0" encoding="UTF-8"?>
<beans
     xmlns="http://www.springframework.org/schema/beans"
     xmlns:beans="http://www.springframework.org/schema/beans"
     xmlns:atom="http://www.w3.org/2005/Atom"
     xmlns:cc="http://www.capeclear.com/assembly/10"
     xmlns:cloud="urn:com.workday/esb/cloud/10.0"
     xmlns:env="http://schemas.xmlsoap.org/soap/envelope/"
     xmlns:pi="urn:com.workday/picof"
     xmlns:wd="urn:com.workday/bsvc"
     xmlns:xsi="http://www.w3.org/2001/XMLSchema-instance">
 
	<cc:assembly id="WorkdayAssembly" version="2020.9">
        <cc:workday-in id="StartHere" routes-to="Call-Initialize">
            <cc:integration-system name="POV Tenant Monitor Studio">
        <cloud:param name="Include Pgp Public Key Certificate Expiration Report">
          <cloud:type>
            <cloud:simple-type>boolean</cloud:simple-type>
          </cloud:type>
          <cloud:default>
            <cloud:boolean>true</cloud:boolean>
          </cloud:default>
        </cloud:param>
        <cloud:param name="Include Unused Calculated Fields Report">
          <cloud:type>
            <cloud:simple-type>boolean</cloud:simple-type>
          </cloud:type>
          <cloud:default>
            <cloud:boolean>true</cloud:boolean>
          </cloud:default>
        </cloud:param>
        <cloud:param name="Include Unused Custom Reports Report">
          <cloud:type>
            <cloud:simple-type>boolean</cloud:simple-type>
          </cloud:type>
          <cloud:default>
            <cloud:boolean>true</cloud:boolean>
          </cloud:default>
        </cloud:param>
        <cloud:param name="Include Integrations with Blank Subject or Message Report">
          <cloud:type>
            <cloud:simple-type>boolean</cloud:simple-type>
          </cloud:type>
          <cloud:default>
            <cloud:boolean>true</cloud:boolean>
          </cloud:default>
        </cloud:param>
        <cloud:param name="Include Integrations without ISU Report">
          <cloud:type>
            <cloud:simple-type>boolean</cloud:simple-type>
          </cloud:type>
          <cloud:default>
            <cloud:boolean>true</cloud:boolean>
          </cloud:default>
        </cloud:param>
        <cloud:param name="Include Integrations Not Run More than a year Report">
          <cloud:type>
            <cloud:simple-type>boolean</cloud:simple-type>
          </cloud:type>
          <cloud:default>
            <cloud:boolean>true</cloud:boolean>
          </cloud:default>
        </cloud:param>
        <cloud:param name="Include Integration Schedules Owned by Individuals Report">
          <cloud:type>
            <cloud:simple-type>boolean</cloud:simple-type>
          </cloud:type>
          <cloud:default>
            <cloud:boolean>true</cloud:boolean>
          </cloud:default>
        </cloud:param>
        <cloud:param name="Include Supervisory Organizations with zero Employee Count Report">
          <cloud:type>
            <cloud:simple-type>boolean</cloud:simple-type>
          </cloud:type>
          <cloud:default>
            <cloud:boolean>true</cloud:boolean>
          </cloud:default>
        </cloud:param>
        <cloud:param name="Include Pay Groups and Members Count Report">
          <cloud:type>
            <cloud:simple-type>boolean</cloud:simple-type>
          </cloud:type>
          <cloud:default>
            <cloud:boolean>true</cloud:boolean>
          </cloud:default>
        </cloud:param>
        <cloud:param name="PGP End Date">
          <cloud:type>
            <cloud:simple-type>date</cloud:simple-type>
          </cloud:type>
        </cloud:param>
        <cloud:param name="Username">
          <cloud:type>
            <cloud:class-report-field description="Owned by User" type="WID" singular="true">e9fcbde265fb100011ea555c1a4712d8</cloud:class-report-field>
          </cloud:type>
          <cloud:default/>
        </cloud:param>
        <cloud:param name="ReportUsername">
          <cloud:type>
            <cloud:class-report-field description="Workday Account" type="WID" singular="true">6665dfdb08ed4dd2b6b164615de59df7</cloud:class-report-field>
          </cloud:type>
        </cloud:param>
        <cloud:report-service name="syshealth_report_service">
          <cloud:report-alias description="Pgp public keys expire report" name="pgp_public_expire">
            <cloud:report-reference description="SysHealth_PGP_Public_Key_Certificate_Expiration" type="WID">a56e9d9f11a60119280d8f50135b0000</cloud:report-reference>
          </cloud:report-alias>
          <cloud:report-alias description="Unused Calculated Fields Report" name="unused_cf_report">
            <cloud:report-reference description="SysHealth_Unused_Calculated_Field" type="WID">a56e9d9f11a6011927f8d640a42e0000</cloud:report-reference>
          </cloud:report-alias>
          <cloud:report-alias description="Blank Subject or Message for Integration Notification" name="blank_notification">
            <cloud:report-reference description="SysHealth_Blank_Notifications" type="WID">a56e9d9f11a6011927e8c258422e0000</cloud:report-reference>
          </cloud:report-alias>
          <cloud:report-alias description="Unused Custom Reports Report" name="unused_custom_report">
            <cloud:report-reference description="SysHealth_Unused_Custom_Reports" type="WID">a56e9d9f11a601192c06a6ff75c50000</cloud:report-reference>
          </cloud:report-alias>
          <cloud:report-alias description="Integration Without ISU Report" name="int_without_isu">
            <cloud:report-reference description="SysHealth_Integration_no_ISU_list" type="WID">a56e9d9f11a6011928fa0743807a0000</cloud:report-reference>
          </cloud:report-alias>
          <cloud:report-alias description="Integrations Not Run More than a year Report" name="int_not_run_more_than_year">
            <cloud:report-reference description="SysHealth_Integration_not_ran_more_than_year" type="WID">a56e9d9f11a6011928e89467adfc0000</cloud:report-reference>
          </cloud:report-alias>
          <cloud:report-alias description="Integration Schedules Owned by Individuals Report" name="int_sch_owned_by_individuals">
            <cloud:report-reference description="SysHealth_Integration_Schedule" type="WID">a56e9d9f11a60119284449e7c1940000</cloud:report-reference>
          </cloud:report-alias>
          <cloud:report-alias description="Supervisory Organizations with zero Employee Count Report" name="sup_org_zero_emp_count">
            <cloud:report-reference description="SysHealth_Zero_Member_Report" type="WID">a56e9d9f11a60119283106e5f4c20000</cloud:report-reference>
          </cloud:report-alias>
          <cloud:report-alias description="Pay Groups and Members Count Report" name="pay_group_and_member_count">
            <cloud:report-reference description="SysHealth_Pay_Group_And_Members" type="WID">a56e9d9f11a60119281f52471d910000</cloud:report-reference>
          </cloud:report-alias>
        </cloud:report-service>
      </cc:integration-system>
        </cc:workday-in>
        <cc:workday-out-rest id="WorkdayOutRest0" routes-response-to="Logs0" extra-path="@{intsys.reportService.getExtrapath('pgp_public_expire')}?Prompt_-_Date_1=@{props['PGP.End.Date']}"/>
        <cc:async-mediation id="AsyncMediation0">
            <cc:steps>
                <cc:log id="Log">
                    <cc:log-message>
                        <cc:text>===Final Html Output=====</cc:text>
                        <cc:line-separator/>
                        <cc:message-content/>
                        <cc:line-separator/>
                    </cc:log-message>
                </cc:log>
                <cc:store id="Store" output="variable" output-mimetype="text/html" output-variable="finalhtmloutput" expiresIn="P180D" title="TenantMonitorOutput.html"/>
            </cc:steps>
        </cc:async-mediation>
        <cc:local-out id="Call-PgpPublicReport" store-message="none" execute-when="props['include.pgp.public.key.expiration.report']=='1'" routes-response-to="Call-UnusedCFReport" endpoint="vm://POV-SysHealth-Analysis/PgpPublicReport"/>
        <cc:local-in id="PgpPublicReport" routes-to="WorkdayOutRest0"/>
        <cc:local-out id="Call-Initialize" store-message="none" routes-response-to="Call-PgpPublicReport" endpoint="vm://POV-SysHealth-Analysis/Initialize"/>
        <cc:local-in id="Initialize" routes-to="LpParams"/>
        <cc:async-mediation id="LpParams">
            <cc:steps>
                <cc:eval id="Eval">
                    <cc:expression>props['close.audit']=false</cc:expression>
                    <cc:expression>props['include.pgp.public.key.expiration.report']=lp.getSimpleData('Include Pgp Public Key Certificate Expiration Report')</cc:expression>
                    <cc:expression>props['include.unused.cf.report']=lp.getSimpleData('Include Unused Calculated Fields Report')</cc:expression>
                    <cc:expression>props['include.unused.custom.rpts.report']=lp.getSimpleData('Include Unused Custom Reports Report')</cc:expression>
                    <cc:expression>props['include.int.with.blank.subject.report']=lp.getSimpleData('Include Integrations with Blank Subject or Message Report')</cc:expression>
                    <cc:expression>props['include.int.without.isu.report']=lp.getSimpleData('Include Integrations without ISU Report')</cc:expression>
                    <cc:expression>props['include.int.not.run.more.than.year.report']=lp.getSimpleData('Include Integrations Not Run More than a year Report')</cc:expression>
                    <cc:expression>props['include.int.schedules.owned.by.individuals.report']=lp.getSimpleData('Include Integration Schedules Owned by Individuals Report')</cc:expression>
                    <cc:expression>props['include.sup.org.with.zero.employee.report']=lp.getSimpleData('Include Supervisory Organizations with zero Employee Count Report')</cc:expression>
                    <cc:expression>props['include.pay.groups.members.report']=lp.getSimpleData('Include Pay Groups and Members Count Report')</cc:expression>
                    <cc:expression>props['PGP.End.Date'] = lp.getSimpleData('PGP End Date')!=null?lp.getSimpleData('PGP End Date'):'2021-10-21'</cc:expression>
                    <cc:expression>props['Username'] = lp.getReferenceData('Username', 'WID')</cc:expression>
                    <cc:expression>props['Username1'] = props['Username']!=null?'Owned_by_User!WID='+props['Username']:''</cc:expression>
                    <cc:expression>props['ReportUsername1'] = lp.getReferenceData('ReportUsername', 'WID')</cc:expression>
                    <cc:expression>props['Reportusername'] = props['ReportUsername1']!=null?'SysHealth_EMI_Expired_User!WID='+props['ReportUsername1']+'&amp;SysHealth_EMI_WD_account!WID='+props['ReportUsername1']:''</cc:expression>
                </cc:eval>
                <cc:log id="Log">
                    <cc:log-message>
                        <cc:line-separator/>
                        <cc:text>==Start System Health Studio Logs===&#xD;
&#xD;
props['include.pgp.public.key.expiration.report'] = @{props['include.pgp.public.key.expiration.report']}&#xD;
props['Username'] = @{props['Username'] }&#xD;
&#xD;
props['PGP.End.Date'] = @{props['PGP.End.Date']}&#xD;
&#xD;
props['Username1'] = @{props['Username1']}&#xD;
&#xD;
props['ReportUsername1'] = @{props['ReportUsername1']}&#xD;
&#xD;
props['Reportusername'] =@{props['Reportusername']}</cc:text>
                        <cc:line-separator/>
                    </cc:log-message>
                </cc:log>
            </cc:steps>
        </cc:async-mediation>
        <cc:splitter id="Splitter0" no-split-message-error="false">
            <cc:sub-route name="SubRoute" routes-to="Aggregator0"/>
            <cc:xml-stream-splitter namespaces="wd urn:com.workday.report/SysHealth_PGP_Public_Key_Certificate_Expiration" xpath="/wd:Report_Data/wd:Report_Entry"/>
        </cc:splitter>
        <cc:local-out id="Call-UnusedCFReport" store-message="none" execute-when="props['include.unused.cf.report']=='1'" routes-response-to="Call-UnusedCustomReports" endpoint="vm://POV-SysHealth-Analysis/UnusedCFReport"/>
        <cc:local-in id="UnusedCFReport" routes-to="WorkdayOutRest1"/>
        <cc:workday-out-rest id="WorkdayOutRest1" routes-response-to="Logs2" extra-path="@{intsys.reportService.getExtrapath('unused_cf_report')}"/>
        <cc:splitter id="Splitter1" no-split-message-error="false">
            <cc:sub-route name="SubRoute" routes-to="Aggregator1"/>
            <cc:xml-stream-splitter namespaces="wd urn:com.workday.report/SysHealth_Unused_Calculated_Field" xpath="/wd:Report_Data/wd:Report_Entry"/>
        </cc:splitter>
        <cc:aggregator id="Aggregator0" routes-to="Logs1">
            <cc:size-batch-strategy batch-size="-1"/>
            <cc:message-content-collater output-mimetype="text/xml">
        <cc:header-text>&lt;pgppublickey></cc:header-text>
        <cc:footer-text>&lt;/pgppublickey></cc:footer-text>
      </cc:message-content-collater>
        </cc:aggregator>
        <cc:aggregator id="Aggregator1" routes-to="Logs3">
            <cc:size-batch-strategy batch-size="-1"/>
            <cc:message-content-collater output-mimetype="text/xml">
        <cc:header-text>&lt;unusedCF></cc:header-text>
        <cc:footer-text>&lt;/unusedCF></cc:footer-text>
      </cc:message-content-collater>
        </cc:aggregator>
        <cc:aggregator id="FinalAggregator" routes-to="Logs" collate-when="!props['close.audit']" force-batch-on-last-message="false" force-batch-when="props['close.audit']">
            <cc:size-batch-strategy batch-size="-1"/>
            <cc:xml-message-content-collater output-mimetype="text/xml">
        <cc:header-text>&lt;wd:Report_Data xmlns:wd=&quot;urn:com.workday.report&quot;></cc:header-text>
        <cc:footer-text>&lt;/wd:Report_Data></cc:footer-text>
      </cc:xml-message-content-collater>
        </cc:aggregator>
        <cc:async-mediation id="Logs1" routes-to="FinalAggregator" handle-downstream-errors="true">
            <cc:steps>
                <cc:log id="Log">
                    <cc:log-message>
                        <cc:text>== Pgp Public Report After Aggregator Logs===</cc:text>
                        <cc:line-separator/>
                        <cc:message-content/>
                        <cc:line-separator/>
                    </cc:log-message>
                </cc:log>
            </cc:steps>
        </cc:async-mediation>
        <cc:async-mediation id="Logs3" routes-to="FinalAggregator" handle-downstream-errors="true">
            <cc:steps>
                <cc:log id="Log">
                    <cc:log-message>
                        <cc:text>==Unused Calculated Fields Report after aggregate Logs===</cc:text>
                        <cc:line-separator/>
                        <cc:message-content/>
                        <cc:line-separator/>
                    </cc:log-message>
                </cc:log>
            </cc:steps>
        </cc:async-mediation>
        <cc:async-mediation id="Logs">
            <cc:steps>
                <cc:log id="Log">
                    <cc:log-message>
                        <cc:text>==Final XML Report Logs===</cc:text>
                        <cc:line-separator/>
                        <cc:message-content/>
                        <cc:line-separator/>
                    </cc:log-message>
                </cc:log>
                <cc:copy id="Copy" output="variable" output-variable="copyfinalxml"/>
                <cc:store id="Store" output="variable" output-mimetype="text/xml" output-variable="finalxmloutput.xml" title="Output.xml"/>
            </cc:steps>
        </cc:async-mediation>
        <cc:async-mediation id="Logs2" routes-to="Splitter1" handle-downstream-errors="true">
            <cc:steps>
                <cc:log id="Log">
                    <cc:log-message>
                        <cc:text>== Unused Calculated Fields Report Output Logs===</cc:text>
                        <cc:line-separator/>
                        <cc:message-content/>
                        <cc:line-separator/>
                    </cc:log-message>
                </cc:log>
            </cc:steps>
        </cc:async-mediation>
        <cc:local-out id="Call-CloseAggregator" store-message="none" routes-response-to="Call-ApplyStyling" endpoint="vm://POV-SysHealth-Analysis/CloseAggregator"/>
        <cc:local-in id="CloseAggregator" routes-to="Close"/>
        <cc:async-mediation id="Close" routes-to="FinalAggregator">
            <cc:steps>
                <cc:eval id="Eval">
                    <cc:expression>props['close.audit']=true</cc:expression>
                </cc:eval>
            </cc:steps>
        </cc:async-mediation>
        <cc:local-out id="Call-BlankNotification" store-message="none" execute-when="props['include.int.with.blank.subject.report']=='1'" routes-response-to="Call-IntegrationsWithoutISU" endpoint="vm://POV-SysHealth-Analysis/BlankNotification"/>
        <cc:aggregator id="Aggregator2" routes-to="Logs5">
            <cc:size-batch-strategy batch-size="-1"/>
            <cc:message-content-collater output-mimetype="text/xml">
        <cc:header-text>&lt;blanknotification></cc:header-text>
        <cc:footer-text>&lt;/blanknotification></cc:footer-text>
      </cc:message-content-collater>
        </cc:aggregator>
        <cc:async-mediation id="Logs5" routes-to="FinalAggregator" handle-downstream-errors="true">
            <cc:steps>
                <cc:log id="Log">
                    <cc:log-message>
                        <cc:text>==Blank Notification After Aggregator Report Logs===</cc:text>
                        <cc:line-separator/>
                        <cc:message-content/>
                        <cc:line-separator/>
                    </cc:log-message>
                </cc:log>
            </cc:steps>
        </cc:async-mediation>
        <cc:splitter id="Splitter2" no-split-message-error="false">
            <cc:sub-route name="SubRoute" routes-to="Aggregator2"/>
            <cc:xml-stream-splitter namespaces="wd urn:com.workday.report/SysHealth_Blank_Notifications" xpath="/wd:Report_Data/wd:Report_Entry"/>
        </cc:splitter>
        <cc:workday-out-rest id="WorkdayOutRest2" routes-response-to="Logs4" extra-path="@{intsys.reportService.getExtrapath('blank_notification')}"/>
        <cc:async-mediation id="Logs4" routes-to="Splitter2" handle-downstream-errors="true">
            <cc:steps>
                <cc:log id="Log">
                    <cc:log-message>
                        <cc:text>==Blank Notification Report Output Logs===</cc:text>
                        <cc:line-separator/>
                        <cc:message-content/>
                        <cc:line-separator/>
                    </cc:log-message>
                </cc:log>
            </cc:steps>
        </cc:async-mediation>
        <cc:local-in id="BlankNotification" routes-to="WorkdayOutRest2"/>
        <cc:async-mediation id="Logs0" routes-to="Splitter0" handle-downstream-errors="true">
            <cc:steps>
                <cc:log id="Log">
                    <cc:log-message>
                        <cc:text>== Pgp Public Key Expiration Report Output Logs===</cc:text>
                        <cc:line-separator/>
                        <cc:message-content/>
                        <cc:line-separator/>
                    </cc:log-message>
                </cc:log>
            </cc:steps>
        </cc:async-mediation>
        <cc:local-out id="Call-ApplyStyling" store-message="none" endpoint="vm://POV-SysHealth-Analysis/ApplyStyling"/>
        <cc:local-in id="ApplyStyling" routes-to="Route"/>
        <cc:local-out id="Call-UnusedCustomReports" store-message="none" execute-when="props['include.unused.custom.rpts.report']=='1'" routes-response-to="Call-IntegrationRptAccess" endpoint="vm://POV-SysHealth-Analysis/UnusedCustomReports"/>
        <cc:async-mediation id="Logs7" routes-to="FinalAggregator" handle-downstream-errors="true">
            <cc:steps>
                <cc:log id="Log">
                    <cc:log-message>
                        <cc:text>==Unused Custom Reports Report after aggregate Logs===</cc:text>
                        <cc:line-separator/>
                        <cc:message-content/>
                        <cc:line-separator/>
                    </cc:log-message>
                </cc:log>
            </cc:steps>
        </cc:async-mediation>
        <cc:aggregator id="Aggregator3" routes-to="Logs7">
            <cc:size-batch-strategy batch-size="-1"/>
            <cc:message-content-collater output-mimetype="text/xml">
        <cc:header-text>&lt;unusedCustomRpt></cc:header-text>
        <cc:footer-text>&lt;/unusedCustomRpt></cc:footer-text>
      </cc:message-content-collater>
        </cc:aggregator>
        <cc:splitter id="Splitter3" no-split-message-error="false">
            <cc:sub-route name="SubRoute" routes-to="Aggregator3"/>
            <cc:xml-stream-splitter namespaces="wd urn:com.workday.report/SysHealth_Unused_Custom_Reports" xpath="/wd:Report_Data/wd:Report_Entry"/>
        </cc:splitter>
        <cc:async-mediation id="Logs6" routes-to="Splitter3" handle-downstream-errors="true">
            <cc:steps>
                <cc:log id="Log">
                    <cc:log-message>
                        <cc:text>== Unused Custom Reports Report Output Logs===</cc:text>
                        <cc:line-separator/>
                        <cc:message-content/>
                        <cc:line-separator/>
                    </cc:log-message>
                </cc:log>
            </cc:steps>
        </cc:async-mediation>
        <cc:workday-out-rest id="WorkdayOutRest3" routes-response-to="Logs6" extra-path="@{intsys.reportService.getExtrapath('unused_custom_report')}"/>
        <cc:local-in id="UnusedCustomReports" routes-to="WorkdayOutRest3"/>
        <cc:local-out id="Call-IntegrationRptAccess" store-message="none" execute-when="props['include.int.rpts.access.dtls.report']=='1'" routes-response-to="Call-BlankNotification" endpoint="vm://POV-SysHealth-Analysis/IntegrationRptAccess"/>
        <cc:async-mediation id="Logs50" routes-to="FinalAggregator" handle-downstream-errors="true">
            <cc:steps>
                <cc:log id="Log">
                    <cc:log-message>
                        <cc:text>==Integration Reports Access details After Aggregator Report Logs===</cc:text>
                        <cc:line-separator/>
                        <cc:message-content/>
                        <cc:line-separator/>
                    </cc:log-message>
                </cc:log>
            </cc:steps>
        </cc:async-mediation>
        <cc:aggregator id="Aggregator4" routes-to="Logs50">
            <cc:size-batch-strategy batch-size="-1"/>
            <cc:message-content-collater output-mimetype="text/xml">
        <cc:header-text>&lt;intreportaccess>&lt;inbound>@{props['inbound.count']}&lt;/inbound>&lt;outbound>@{props['outbound.count']}&lt;/outbound></cc:header-text>
        <cc:footer-text>&lt;/intreportaccess></cc:footer-text>
      </cc:message-content-collater>
        </cc:aggregator>
        <cc:splitter id="Splitter4" no-split-message-error="false">
            <cc:sub-route name="SubRoute" routes-to="Aggregator4"/>
            <cc:xml-stream-splitter namespaces="wd urn:com.workday.report/SysHealth_Integration_Systems_with_Expired_Accounts" xpath="/wd:Report_Data/wd:Report_Entry"/>
        </cc:splitter>
        <cc:async-mediation id="Logs40" routes-to="Splitter4" handle-downstream-errors="true">
            <cc:steps>
                <cc:log id="Log">
                    <cc:log-message>
                        <cc:text>==Integration Reports Access details Report Output Logs===</cc:text>
                        <cc:line-separator/>
                        <cc:message-content/>
                        <cc:line-separator/>
                    </cc:log-message>
                </cc:log>
                <cc:eval id="Eval">
                    <cc:expression>props['inbound.count'] = parts[0].xpath('count(wd:Report_Data/wd:Report_Entry[wd:Inbound != &quot;0&quot;])', 'wd urn:com.workday.report/SysHealth_Integration_Systems_with_Expired_Accounts')</cc:expression>
                    <cc:expression>props['outbound.count'] = parts[0].xpath('count(wd:Report_Data/wd:Report_Entry[wd:Outbound != &quot;0&quot;])', 'wd urn:com.workday.report/SysHealth_Integration_Systems_with_Expired_Accounts')</cc:expression>
                </cc:eval>
            </cc:steps>
        </cc:async-mediation>
        <cc:workday-out-rest id="WorkdayOutRest4" routes-response-to="Logs40" extra-path="@{intsys.reportService.getExtrapath('int_rpt_access')}?@{props['Reportusername']}"/>
        <cc:local-in id="IntegrationRptAccess" routes-to="WorkdayOutRest4"/>
        <cc:local-out id="Call-IntegrationsWithoutISU" store-message="none" execute-when="props['include.int.without.isu.report']=='1'" routes-response-to="Call-IntNotRunMorethanYear" endpoint="vm://POV-SysHealth-Analysis/IntegrationsWithoutISU"/>
        <cc:async-mediation id="Logs10" routes-to="FinalAggregator" handle-downstream-errors="true">
            <cc:steps>
                <cc:log id="Log">
                    <cc:log-message>
                        <cc:text>==Integration Without ISU After Aggregator Report Logs===</cc:text>
                        <cc:line-separator/>
                        <cc:message-content/>
                        <cc:line-separator/>
                    </cc:log-message>
                </cc:log>
            </cc:steps>
        </cc:async-mediation>
        <cc:aggregator id="Aggregator5" routes-to="Logs10">
            <cc:size-batch-strategy batch-size="-1"/>
            <cc:message-content-collater output-mimetype="text/xml">
        <cc:header-text>&lt;intwithoutisu>&lt;Int.with.ISU>@{props['Int.with.ISU']}&lt;/Int.with.ISU>&lt;Int.with.no.ISU>@{props['Int.with.no.ISU']}&lt;/Int.with.no.ISU></cc:header-text>
        <cc:footer-text>&lt;/intwithoutisu></cc:footer-text>
      </cc:message-content-collater>
        </cc:aggregator>
        <cc:splitter id="Splitter5" no-split-message-error="false">
            <cc:sub-route name="SubRoute" routes-to="Aggregator5"/>
            <cc:xml-stream-splitter namespaces="wd urn:com.workday.report/SysHealth_Integration_no_ISU_list" xpath="/wd:Report_Data/wd:Report_Entry"/>
        </cc:splitter>
        <cc:async-mediation id="Logs9" routes-to="Splitter5" handle-downstream-errors="true">
            <cc:steps>
                <cc:eval id="Eval">
                    <cc:expression>props['Int.with.ISU'] = parts[0].xpath('count(wd:Report_Data/wd:Report_Entry[exists(wd:Workday_Account)])', 'wd urn:com.workday.report/SysHealth_Integration_no_ISU_list')</cc:expression>
                    <cc:expression>props['Int.with.no.ISU'] = parts[0].xpath('count(wd:Report_Data/wd:Report_Entry[not(wd:Workday_Account)])', 'wd urn:com.workday.report/SysHealth_Integration_no_ISU_list')</cc:expression>
                </cc:eval>
                <cc:log id="Log">
                    <cc:log-message>
                        <cc:text>==Integration Without ISU Report Output Logs===&#xD;
&#xD;
@{props['Int.runs']}&#xD;
&#xD;
@{props['Int.0.runs']}</cc:text>
                        <cc:line-separator/>
                        <cc:message-content/>
                        <cc:line-separator/>
                    </cc:log-message>
                </cc:log>
            </cc:steps>
        </cc:async-mediation>
        <cc:workday-out-rest id="WorkdayOutRest5" routes-response-to="Logs9" extra-path="@{intsys.reportService.getExtrapath('int_without_isu')}"/>
        <cc:local-in id="IntegrationsWithoutISU" routes-to="WorkdayOutRest5"/>
        <cc:local-out id="Call-IntNotRunMorethanYear" store-message="none" execute-when="props['include.int.not.run.more.than.year.report']=='1'" routes-response-to="Call-IntScheduleOwnedByIndividuals" endpoint="vm://POV-SysHealth-Analysis/IntNotRunMorethanYear"/>
        <cc:async-mediation id="Logs12" routes-to="FinalAggregator" handle-downstream-errors="true">
            <cc:steps>
                <cc:log id="Log">
                    <cc:log-message>
                        <cc:text>==Integration Not Run More than a year Aggregator Report Logs===</cc:text>
                        <cc:line-separator/>
                        <cc:message-content/>
                        <cc:line-separator/>
                    </cc:log-message>
                </cc:log>
            </cc:steps>
        </cc:async-mediation>
        <cc:aggregator id="Aggregator6" routes-to="Logs12">
            <cc:size-batch-strategy batch-size="-1"/>
            <cc:message-content-collater output-mimetype="text/xml">
        <cc:header-text>&lt;intnotrunmorethanyear>&lt;Int_Runs>@{props['Int.runs']}&lt;/Int_Runs>&lt;Int_Runs_0>@{props['Int.0.runs'] }&lt;/Int_Runs_0></cc:header-text>
        <cc:footer-text>&lt;/intnotrunmorethanyear></cc:footer-text>
      </cc:message-content-collater>
        </cc:aggregator>
        <cc:splitter id="Splitter6" no-split-message-error="false">
            <cc:sub-route name="SubRoute" routes-to="Aggregator6"/>
            <cc:xml-stream-splitter namespaces="wd urn:com.workday.report/SysHealth_Integration_not_ran_more_than_year" xpath="/wd:Report_Data/wd:Report_Entry"/>
        </cc:splitter>
        <cc:async-mediation id="Logs11" routes-to="Splitter6" handle-downstream-errors="true">
            <cc:steps>
                <cc:eval id="Eval">
                    <cc:expression>props['Int.runs'] =  parts[0].xpath('count(wd:Report_Data/wd:Report_Entry[exists(wd:SysHealth_ESI_Latest_event)])', 'wd urn:com.workday.report/SysHealth_Integration_not_ran_more_than_year')</cc:expression>
                    <cc:expression>props['Int.0.runs'] =  parts[0].xpath('count(wd:Report_Data/wd:Report_Entry[not(wd:SysHealth_ESI_Latest_event)])', 'wd urn:com.workday.report/SysHealth_Integration_not_ran_more_than_year')</cc:expression>
                </cc:eval>
                <cc:log id="Log">
                    <cc:log-message>
                        <cc:text>==Integration Not Run More than a year Report Output Logs===</cc:text>
                        <cc:line-separator/>
                        <cc:message-content/>
                        <cc:line-separator/>
                    </cc:log-message>
                </cc:log>
            </cc:steps>
        </cc:async-mediation>
        <cc:workday-out-rest id="WorkdayOutRest6" routes-response-to="Logs11" extra-path="@{intsys.reportService.getExtrapath('int_not_run_more_than_year')}"/>
        <cc:local-in id="IntNotRunMorethanYear" routes-to="WorkdayOutRest6"/>
        <cc:local-out id="Call-IntScheduleOwnedByIndividuals" store-message="none" execute-when="props['include.int.schedules.owned.by.individuals.report']=='1'" routes-response-to="Call-AllSupOrgWithZeroEECount" endpoint="vm://POV-SysHealth-Analysis/IntScheduleOwnedByIndividuals"/>
        <cc:async-mediation id="Logs14" routes-to="FinalAggregator" handle-downstream-errors="true">
            <cc:steps>
                <cc:log id="Log">
                    <cc:log-message>
                        <cc:text>==Integration Schedules Owned by Individuals Aggregator Report Logs===</cc:text>
                        <cc:line-separator/>
                        <cc:message-content/>
                        <cc:line-separator/>
                    </cc:log-message>
                </cc:log>
            </cc:steps>
        </cc:async-mediation>
        <cc:aggregator id="Aggregator7" routes-to="Logs14">
            <cc:size-batch-strategy batch-size="-1"/>
            <cc:message-content-collater output-mimetype="text/xml">
        <cc:header-text>&lt;intschownedbyindividuals></cc:header-text>
        <cc:footer-text>&lt;/intschownedbyindividuals></cc:footer-text>
      </cc:message-content-collater>
        </cc:aggregator>
        <cc:splitter id="Splitter7" no-split-message-error="false">
            <cc:sub-route name="SubRoute" routes-to="Aggregator7"/>
            <cc:xml-stream-splitter namespaces="wd urn:com.workday.report/SysHealth_Integration_Schedule" xpath="/wd:Report_Data/wd:Report_Entry"/>
        </cc:splitter>
        <cc:async-mediation id="Logs13" routes-to="Splitter7" handle-downstream-errors="true">
            <cc:steps>
                <cc:log id="Log">
                    <cc:log-message>
                        <cc:text>==Integration Schedules Owned by Individuals Report Output Logs===</cc:text>
                        <cc:line-separator/>
                        <cc:message-content/>
                        <cc:line-separator/>
                    </cc:log-message>
                </cc:log>
            </cc:steps>
        </cc:async-mediation>
        <cc:workday-out-rest id="WorkdayOutRest7" routes-response-to="Logs13" extra-path="@{intsys.reportService.getExtrapath('int_sch_owned_by_individuals')}?@{props['Username1']}"/>
        <cc:local-in id="IntScheduleOwnedByIndividuals" routes-to="WorkdayOutRest7"/>
        <cc:async-mediation id="Logs16" routes-to="FinalAggregator" handle-downstream-errors="true">
            <cc:steps>
                <cc:log id="Log">
                    <cc:log-message>
                        <cc:text>==Supervisory Organizations with zero Employee Count Aggregator Report Logs===</cc:text>
                        <cc:line-separator/>
                        <cc:message-content/>
                        <cc:line-separator/>
                    </cc:log-message>
                </cc:log>
            </cc:steps>
        </cc:async-mediation>
        <cc:aggregator id="Aggregator8" routes-to="Logs16">
            <cc:size-batch-strategy batch-size="-1"/>
            <cc:message-content-collater output-mimetype="text/xml">
        <cc:header-text>&lt;suporgzeromember>&lt;orgwithmembers>@{props['Orgno0members']}&lt;/orgwithmembers>&lt;orgwith0members>@{props['Org0members']}&lt;/orgwith0members></cc:header-text>
        <cc:footer-text>&lt;/suporgzeromember></cc:footer-text>
      </cc:message-content-collater>
        </cc:aggregator>
        <cc:splitter id="Splitter8" no-split-message-error="false">
            <cc:sub-route name="SubRoute" routes-to="Aggregator8"/>
            <cc:xml-stream-splitter namespaces="wd urn:com.workday.report/SysHealth_Zero_Member_Report" xpath="/wd:Report_Data/wd:Report_Entry"/>
        </cc:splitter>
        <cc:async-mediation id="Logs15" routes-to="Splitter8" handle-downstream-errors="true">
            <cc:steps>
                <cc:log id="Log">
                    <cc:log-message>
                        <cc:text>==Supervisory Organizations with zero Employee Count Report Output Logs===</cc:text>
                        <cc:line-separator/>
                        <cc:message-content/>
                        <cc:line-separator/>
                    </cc:log-message>
                </cc:log>
                <cc:eval id="Eval">
                    <cc:expression>props['Org0members'] =  parts[0].xpath('count(wd:Report_Data/wd:Report_Entry[wd:Employee_Count = &quot;0&quot;])', 'wd urn:com.workday.report/SysHealth_Zero_Member_Report')</cc:expression>
                    <cc:expression>props['Orgno0members'] =  parts[0].xpath('count(wd:Report_Data/wd:Report_Entry[wd:Employee_Count != &quot;0&quot;])', 'wd urn:com.workday.report/SysHealth_Zero_Member_Report')</cc:expression>
                </cc:eval>
            </cc:steps>
        </cc:async-mediation>
        <cc:workday-out-rest id="WorkdayOutRest8" routes-response-to="Logs15" extra-path="@{intsys.reportService.getExtrapath('sup_org_zero_emp_count')}"/>
        <cc:local-in id="AllSupOrgWithZeroEECount" routes-to="WorkdayOutRest8"/>
        <cc:local-out id="Call-AllSupOrgWithZeroEECount" store-message="none" execute-when="props['include.sup.org.with.zero.employee.report']=='1'" routes-response-to="Call-PayGroupMemberCount" endpoint="vm://POV-SysHealth-Analysis/AllSupOrgWithZeroEECount"/>
        <cc:local-out id="Call-PayGroupMemberCount" store-message="none" execute-when="props['include.pay.groups.members.report']=='1'" routes-response-to="Call-CloseAggregator" endpoint="vm://POV-SysHealth-Analysis/PayGroupMemberCount"/>
        <cc:async-mediation id="Logs18" routes-to="FinalAggregator" handle-downstream-errors="true">
            <cc:steps>
                <cc:log id="Log">
                    <cc:log-message>
                        <cc:text>==Pay Groups and Members Count Aggregator Report Logs===</cc:text>
                        <cc:line-separator/>
                        <cc:message-content/>
                        <cc:line-separator/>
                    </cc:log-message>
                </cc:log>
            </cc:steps>
        </cc:async-mediation>
        <cc:aggregator id="Aggregator9" routes-to="Logs18">
            <cc:size-batch-strategy batch-size="-1"/>
            <cc:message-content-collater output-mimetype="text/xml">
        <cc:header-text>&lt;paygroupmember>&lt;Paygroupwithmembers>@{props['Paygroupwithmembers']}&lt;/Paygroupwithmembers>&lt;Paygroupwith0members>@{props['Paygroupwith0members']}&lt;/Paygroupwith0members>&lt;Paygroupwithmembers_greater_100>@{props['Paygroupwithmembers_greater_100']}&lt;/Paygroupwithmembers_greater_100>&lt;Paygroupwith0members_less_100>@{props['Paygroupwith0members_less_100']}&lt;/Paygroupwith0members_less_100></cc:header-text>
        <cc:footer-text>&lt;/paygroupmember></cc:footer-text>
      </cc:message-content-collater>
        </cc:aggregator>
        <cc:splitter id="Splitter9" no-split-message-error="false">
            <cc:sub-route name="SubRoute" routes-to="Aggregator9"/>
            <cc:xml-stream-splitter namespaces="wd urn:com.workday.report/SysHealth_Pay_Group_And_Members" xpath="/wd:Report_Data/wd:Report_Entry"/>
        </cc:splitter>
        <cc:async-mediation id="Logs17" routes-to="Splitter9" handle-downstream-errors="true">
            <cc:steps>
                <cc:eval id="Eval">
                    <cc:expression>props['Paygroupwith0members'] =  parts[0].xpath('count(wd:Report_Data/wd:Report_Entry[wd:workers = &quot;0&quot;])', 'wd urn:com.workday.report/SysHealth_Pay_Group_And_Members')</cc:expression>
                    <cc:expression>props['Paygroupwithmembers'] =  parts[0].xpath('count(wd:Report_Data/wd:Report_Entry[wd:workers != &quot;0&quot;])', 'wd urn:com.workday.report/SysHealth_Pay_Group_And_Members')</cc:expression>
                    <cc:expression>props['Paygroupwithmembers_greater_100'] =  parts[0].xpath('count(wd:Report_Data/wd:Report_Entry[wd:workers > &quot;100&quot;])', 'wd urn:com.workday.report/SysHealth_Pay_Group_And_Members')</cc:expression>
                    <cc:expression>props['Paygroupwith0members_less_100'] =  parts[0].xpath('count(wd:Report_Data/wd:Report_Entry[(wd:workers &lt; &quot;100&quot;) and (wd:workers != &quot;0&quot;)])', 'wd urn:com.workday.report/SysHealth_Pay_Group_And_Members')</cc:expression>
                </cc:eval>
                <cc:log id="Log">
                    <cc:log-message>
                        <cc:text>==Pay Groups and Members Count Report Output Logs===</cc:text>
                        <cc:line-separator/>
                        <cc:message-content/>
                        <cc:line-separator/>
                    </cc:log-message>
                </cc:log>
            </cc:steps>
        </cc:async-mediation>
        <cc:workday-out-rest id="WorkdayOutRest9" routes-response-to="Logs17" extra-path="@{intsys.reportService.getExtrapath('pay_group_and_member_count')}"/>
        <cc:local-in id="PayGroupMemberCount" routes-to="WorkdayOutRest9"/>
        <cc:aggregator id="Aggregator00" routes-to="AsyncMediation0" collate-when="true" force-batch-on-last-message="false" force-batch-when="props['close.agg']">
            <cc:size-batch-strategy batch-size="-1"/>
            <cc:message-content-collater>
        <cc:separator>@{'\n'}</cc:separator>
      </cc:message-content-collater>
        </cc:aggregator>
        <cc:route id="Route">
            <cc:all-strategy/>
            <cc:sub-route name="Headers and Declarations" routes-to="HeaderAndDeclarations0"/>
            <cc:sub-route name="Alternate" routes-to="SectionData"/>
            <cc:sub-route name="ChartJSDeclarations" routes-to="ChartJSDec"/>
            <cc:sub-route name="ChartData" routes-to="CreateChartData"/>
            <cc:sub-route name="PageWise" routes-to="WebslideDec"/>
            <cc:sub-route name="Page Wise XSLT" routes-to="CreateTableData"/>
            <cc:sub-route name="Lasttable" routes-to="CloseMain"/>
            <cc:sub-route name="org" routes-to="Org"/>
            <cc:sub-route name="org1" routes-to="org1"/>
            <cc:sub-route name="UnusedCalcField" routes-to="unusedcalc"/>
            <cc:sub-route name="UnusedCalcField1" routes-to="unusedcalc1"/>
            <cc:sub-route name="CustomReportwithoutISU" routes-to="CusrepISU"/>
            <cc:sub-route name="CustomReportwithoutISU1" routes-to="CusrepISU1"/>
            <cc:sub-route name="UnusedRep" routes-to="unusedrep"/>
            <cc:sub-route name="UnusedRep1" routes-to="unusedrep1"/>
            <cc:sub-route name="PayGroup" routes-to="Paygroup"/>
            <cc:sub-route name="PayGroup1" routes-to="Paygroup1"/>
            <cc:sub-route name="BlankNot" routes-to="Blanknot"/>
            <cc:sub-route name="BlankNot1" routes-to="Blanknot1"/>
            <cc:sub-route name="IntISU" routes-to="IntISU"/>
            <cc:sub-route name="IntISU1" routes-to="IntISU1"/>
            <cc:sub-route name="Intnotrun1yr" routes-to="IntISU0"/>
            <cc:sub-route name="Intnotrun1yr1" routes-to="IntISU10"/>
            <cc:sub-route name="IntschISU" routes-to="IntISU00"/>
            <cc:sub-route name="IntschISU1" routes-to="IntISU100"/>
        </cc:route>
        <cc:async-mediation id="CloseMain" routes-to="Aggregator00">
            <cc:steps>
                <cc:write id="Write">
                    <cc:message>
                        <cc:static-file input-file="Part_Four.part"/>
                    </cc:message>
                </cc:write>
            </cc:steps>
        </cc:async-mediation>
        <cc:async-mediation id="CreateTableData" routes-to="Aggregator00">
            <cc:steps>
                <cc:xslt id="Xslt" url="Pagewise.xsl"/>
            </cc:steps>
        </cc:async-mediation>
        <cc:async-mediation id="WebslideDec" routes-to="Aggregator00">
            <cc:steps>
                <cc:write id="Write">
                    <cc:message>
                        <cc:static-file input-file="Part_Three.part"/>
                    </cc:message>
                </cc:write>
            </cc:steps>
        </cc:async-mediation>
        <cc:async-mediation id="CreateChartData" routes-to="Aggregator00">
            <cc:steps>
                <cc:xslt id="Xslt" url="CreateChartData.xsl"/>
            </cc:steps>
        </cc:async-mediation>
        <cc:async-mediation id="ChartJSDec" routes-to="Aggregator00">
            <cc:steps>
                <cc:write id="Write">
                    <cc:message>
                        <cc:static-file input-file="Part_Two.part"/>
                    </cc:message>
                </cc:write>
            </cc:steps>
        </cc:async-mediation>
        <cc:async-mediation id="SectionData" routes-to="Aggregator00">
            <cc:steps>
                <cc:xslt id="SectionData" output-mimetype="text/plain" url="finalStylesheet.xsl"/>
            </cc:steps>
        </cc:async-mediation>
        <cc:async-mediation id="HeaderAndDeclarations0" routes-to="Aggregator00">
            <cc:steps>
                <cc:eval id="Eval">
                    <cc:expression>props['close.agg'] = false</cc:expression>
                </cc:eval>
                <cc:write id="Write">
                    <cc:message>
                        <cc:static-file input-file="Part_one.part"/>
                    </cc:message>
                </cc:write>
            </cc:steps>
        </cc:async-mediation>
        <cc:async-mediation id="Org" routes-to="Aggregator00">
            <cc:steps>
                <cc:xslt id="Xslt" url="OrgCount.xsl"/>
            </cc:steps>
        </cc:async-mediation>
        <cc:async-mediation id="org1" routes-to="Aggregator00">
            <cc:steps>
                <cc:write id="Write">
                    <cc:message>
                        <cc:static-file input-file="Part_Five.part"/>
                    </cc:message>
                </cc:write>
            </cc:steps>
        </cc:async-mediation>
        <cc:async-mediation id="unusedcalc" routes-to="Aggregator00">
            <cc:steps>
                <cc:xslt id="Xslt" url="UnusedCalfields.xsl"/>
            </cc:steps>
        </cc:async-mediation>
        <cc:async-mediation id="unusedcalc1" routes-to="Aggregator00">
            <cc:steps>
                <cc:write id="Write">
                    <cc:message>
                        <cc:static-file input-file="Part_Six.part"/>
                    </cc:message>
                </cc:write>
            </cc:steps>
        </cc:async-mediation>
        <cc:async-mediation id="unusedrep" routes-to="Aggregator00">
            <cc:steps>
                <cc:xslt id="Xslt" url="Unusedcusrep.xsl"/>
            </cc:steps>
        </cc:async-mediation>
        <cc:async-mediation id="CusrepISU1" routes-to="Aggregator00">
            <cc:steps>
                <cc:write id="Write">
                    <cc:message>
                        <cc:static-file input-file="Part_Seven.part"/>
                    </cc:message>
                </cc:write>
            </cc:steps>
        </cc:async-mediation>
        <cc:async-mediation id="unusedrep1" routes-to="Aggregator00">
            <cc:steps>
                <cc:write id="Write">
                    <cc:message>
                        <cc:static-file input-file="Part_Eight.part"/>
                    </cc:message>
                </cc:write>
            </cc:steps>
        </cc:async-mediation>
        <cc:async-mediation id="CusrepISU" routes-to="Aggregator00">
            <cc:steps>
                <cc:xslt id="Xslt" url="CustomreportwithoutISU.xsl"/>
            </cc:steps>
        </cc:async-mediation>
        <cc:async-mediation id="Paygroup" routes-to="Aggregator00">
            <cc:steps>
                <cc:xslt id="Xslt" url="Paygroup.xsl"/>
            </cc:steps>
        </cc:async-mediation>
        <cc:async-mediation id="Paygroup1" routes-to="Aggregator00">
            <cc:steps>
                <cc:write id="Write">
                    <cc:message>
                        <cc:static-file input-file="Part_Nine.part"/>
                    </cc:message>
                </cc:write>
            </cc:steps>
        </cc:async-mediation>
        <cc:async-mediation id="Blanknot" routes-to="Aggregator00">
            <cc:steps>
                <cc:xslt id="Xslt" url="blanknotification.xsl"/>
            </cc:steps>
        </cc:async-mediation>
        <cc:async-mediation id="Blanknot1" routes-to="Aggregator00">
            <cc:steps>
                <cc:write id="Write">
                    <cc:message>
                        <cc:static-file input-file="Part_Ten.part"/>
                    </cc:message>
                </cc:write>
            </cc:steps>
        </cc:async-mediation>
        <cc:async-mediation id="IntISU" routes-to="Aggregator00">
            <cc:steps>
                <cc:xslt id="Xslt" url="IntegrationwithoutISU.xsl"/>
            </cc:steps>
        </cc:async-mediation>
        <cc:async-mediation id="IntISU1" routes-to="Aggregator00">
            <cc:steps>
                <cc:write id="Write">
                    <cc:message>
                        <cc:static-file input-file="Part_Eleven.part"/>
                    </cc:message>
                </cc:write>
            </cc:steps>
        </cc:async-mediation>
        <cc:async-mediation id="IntISU0" routes-to="Aggregator00">
            <cc:steps>
                <cc:xslt id="Xslt" url="IntegrationNotRunmorethanoneyear.xsl"/>
            </cc:steps>
        </cc:async-mediation>
        <cc:async-mediation id="IntISU10" routes-to="Aggregator00">
            <cc:steps>
                <cc:write id="Write">
                    <cc:message>
                        <cc:static-file input-file="Part_Twelve.part"/>
                    </cc:message>
                </cc:write>
            </cc:steps>
        </cc:async-mediation>
        <cc:async-mediation id="IntISU00" routes-to="Aggregator00">
            <cc:steps>
                <cc:xslt id="Xslt" url="IntegrationScheduleNotOwnedByISU.xsl"/>
            </cc:steps>
        </cc:async-mediation>
        <cc:async-mediation id="IntISU100" routes-to="Aggregator00">
            <cc:steps>
                <cc:write id="Write">
                    <cc:message>
                        <cc:static-file input-file="Part_Thirteen.part"/>
                    </cc:message>
                </cc:write>
                <cc:eval id="Eval">
                    <cc:expression>props['close.agg'] = true</cc:expression>
                </cc:eval>
            </cc:steps>
        </cc:async-mediation>
	</cc:assembly>

</beans>