<?xml version="1.0" encoding="UTF-8"?>
<beans
     xmlns="http://www.springframework.org/schema/beans"
     xmlns:beans="http://www.springframework.org/schema/beans"
     xmlns:atom="http://www.w3.org/2005/Atom"
     xmlns:cc="http://www.capeclear.com/assembly/10"
     xmlns:cloud="urn:com.workday/esb/cloud/10.0"
     xmlns:env="http://schemas.xmlsoap.org/soap/envelope/"
     xmlns:pi="urn:com.workday/picof"
     xmlns:wd="urn:com.workday/bsvc"
     xmlns:xsi="http://www.w3.org/2001/XMLSchema-instance">
 
	<cc:assembly id="WorkdayAssembly" version="2021.51">
        <cc:workday-in id="StartHere" routes-to="Call-Init">
            <cc:integration-system name="INTNF73-Intercompany Invoice/Supplier Invoices Boomerang">
        <cloud:param name="Customer Invoice Company">
          <cloud:type>
            <cloud:class-report-field description="Company and Company Hierarchies" type="WID" singular="false">79526b5b5d961000138a2ff037270128</cloud:class-report-field>
          </cloud:type>
        </cloud:param>
        <cloud:param name="Supplier Invoice Number">
          <cloud:type>
            <cloud:class-report-field description="All Supplier Invoices for Customer Invoice" type="WID" singular="false">bd66f2f1438410000f241202a28c0193</cloud:class-report-field>
          </cloud:type>
        </cloud:param>
        <cloud:param name="Customer Invoice Start Date">
          <cloud:type>
            <cloud:simple-type>date</cloud:simple-type>
          </cloud:type>
          <cloud:launch-option>required</cloud:launch-option>
        </cloud:param>
        <cloud:param name="Customer Invoice End Date">
          <cloud:type>
            <cloud:simple-type>date</cloud:simple-type>
          </cloud:type>
          <cloud:launch-option>required</cloud:launch-option>
        </cloud:param>
        <cloud:param name="Validation Mode">
          <cloud:type>
            <cloud:simple-type>boolean</cloud:simple-type>
          </cloud:type>
          <cloud:default>
            <cloud:boolean>false</cloud:boolean>
          </cloud:default>
        </cloud:param>
        <cloud:param name="Integration Run Date">
          <cloud:type>
            <cloud:simple-type>date</cloud:simple-type>
          </cloud:type>
          <cloud:default>
            <cloud:class-report-field description="Today (System)" type="WID">bb4838a81d394ea0afe59c62c6e4dd65</cloud:class-report-field>
          </cloud:default>
        </cloud:param>
        <cloud:attribute-map-service name="INTNF73-Attribute-Service">
          <cloud:attribute name="Web Service Version">
            <cloud:type>
              <cloud:class-report-field description="Web Service API Version" type="WID" singular="true">f54cce640b3410001ae50f791f2000cd</cloud:class-report-field>
            </cloud:type>
          </cloud:attribute>
          <cloud:attribute name="Document Retention Policy">
            <cloud:type>
              <cloud:simple-type>number</cloud:simple-type>
            </cloud:type>
          </cloud:attribute>
          <cloud:attribute name="Project Hierarchy">
            <cloud:type>
              <cloud:class-report-field description="Project Hierarchy" type="WID" singular="true">4ad59af7c3f2100014a9e2333f81001f</cloud:class-report-field>
            </cloud:type>
          </cloud:attribute>
        </cloud:attribute-map-service>
        <cloud:report-service name="INTNF73-CusInvoice-Rpt">
          <cloud:report-alias description="INTNF73 Project Details Report" name="INTNF73-Prj-Rpt">
            <cloud:report-reference description="INTNF73 Project Details Report" type="WID">f1b13da5ec0010154026f687f7af0000</cloud:report-reference>
          </cloud:report-alias>
          <cloud:report-alias description="INTNF73 Intercompany Customer Invoices_New" name="INTNF73-Cus-Inv-New">
            <cloud:report-reference description="INTNF73 Intercompany Customer Invoices" type="WID">f1b13da5ec0010153fed167bd3cd0000</cloud:report-reference>
          </cloud:report-alias>
          <cloud:report-alias description="INTNF73 Supplier INV Project Task" name="INTNF73-Sup-INV-Proj-Task">
            <cloud:report-reference description="INTNF73 Supplier INV Project Task" type="WID">f1b13da5ec0010153fd7e58103f40000</cloud:report-reference>
          </cloud:report-alias>
          <cloud:report-alias description="INTNF73 Supplier Payment Type Mapping" name="INTNF73-Sup-Pay-Mapping">
            <cloud:report-reference description="INTNF73 Supplier Payment Type Mapping" type="WID">f1b13da5ec0010153f6592743a050000</cloud:report-reference>
          </cloud:report-alias>
          <cloud:report-alias description="INTNF73 Supplier Invoice Details" name="INTNF73-Supp-Inv-Det">
            <cloud:report-reference description="INTNF73 Supplier Invoice Details" type="WID">b8571b33d25c1005d69491ce7f300000</cloud:report-reference>
          </cloud:report-alias>
        </cloud:report-service>
      </cc:integration-system>
        </cc:workday-in>
        <cc:local-in id="Initialization" routes-to="Init"/>
        <cc:async-mediation id="Init" routes-to="Customer_Invoice_RPT" handle-downstream-errors="true">
            <cc:steps>
                <cc:eval id="lp">
                    <cc:expression>props['validation.mode'] = lp.getSimpleData('Validation Mode')</cc:expression>
                    <cc:expression>props['start.date'] = lp.getDate('Customer Invoice Start Date')</cc:expression>
                    <cc:expression>props['end.date'] = lp.getDate('Customer Invoice End Date')</cc:expression>
                    <cc:expression>props['Company'] = empty;&#xD;
props['Company'] = lp.getReferenceData('Customer Invoice Company', 'WID')</cc:expression>
                    <cc:expression>props['success.Updated.invoices'] = 0</cc:expression>
                    <cc:expression>props['filename'] = lp.getSequencedValue('INT6136-Filename')</cc:expression>
                    <cc:expression>props['doc.reten'] = intsys.getAttribute('Document Retention Policy')</cc:expression>
                    <cc:expression>props['Supplier.Invoice.num'] = empty;&#xD;
props['Supplier.Invoice.num'] = lp.getReferenceData('Supplier Invoice Number', 'WID')</cc:expression>
                </cc:eval>
                <cc:eval id="Eval">
                    <cc:expression>props['url.with.supplier.number'] = empty;&#xD;
props['url.with.supplier.number'] = '?Company!WID='#props['Company']#'&amp;Customer_Invoice_Start_Date='#props['start.date']#'&amp;Customer_Invoice_End_Date='#props['end.date']#'&amp;All_Supplier_Invoices_for_Customer_Invoice!WID='#props['Supplier.Invoice.num']</cc:expression>
                    <cc:expression>props['url.without.supplier.number'] = empty;&#xD;
props['url.without.supplier.number'] = '?Company!WID='#props['Company']#'&amp;Customer_Invoice_Start_Date='#props['start.date']#'&amp;Customer_Invoice_End_Date='#props['end.date']</cc:expression>
                    <cc:expression>props['Extra.path'] = empty;&#xD;
props['Extra.path'] = props['Supplier.Invoice.num'] == ''  || props['Supplier.Invoice.num'] == ' ' || props['Supplier.Invoice.num'] == empty || props['Supplier.Invoice.num'] == null ? props['url.without.supplier.number'] : props['url.with.supplier.number']</cc:expression>
                    <cc:expression>props['today'] = lp.getSimpleData('Integration Run Date')</cc:expression>
                    <cc:expression>props['ia.Project.Hierarchy'] = intsys.getAttribute('INTNF73-Attribute-Service','Project Hierarchy')</cc:expression>
                    <cc:expression>props['web.service.version'] = intsys.getAttribute('Web Service Version')</cc:expression>
                    <cc:expression>props['Check.Array.List'] = empty;&#xD;
props['Check.Array.List'] = new java.util.ArrayList();</cc:expression>
                    <cc:expression>props['check_same_amount'] = empty;&#xD;
props['flag.check'] = empty;&#xD;
props['L1'] = 0;&#xD;
props['L0'] = 0;</cc:expression>
                    <cc:expression>props['attr.doc.retention.days'] = intsys.getAttribute('Document Retention Policy')</cc:expression>
                </cc:eval>
                <cc:log id="Log">
                    <cc:log-message>
                        <cc:text>props['url.with.supplier.number']: @{props['url.with.supplier.number']}&#xD;
props['url.without.supplier.number'] : @{props['url.without.supplier.number']}&#xD;
props['Extra.path']: @{props['Extra.path']}&#xD;
props['ia.Project.Hierarchy']: @{props['ia.Project.Hierarchy']}&#xD;
props['Supplier.Invoice.num']:@{props['Supplier.Invoice.num']}</cc:text>
                    </cc:log-message>
                </cc:log>
                <cc:write id="Write">
                    <cc:message>
                        <cc:text>Customer Invoice Header Company, Customer Invoice Number, Supplier Invoice Header Company, Supplier Invoice Number, Supplier Name, Project Plan Task, Cost Center, Function in Customer INV, Status</cc:text>
                    </cc:message>
                </cc:write>
            </cc:steps>
            <cc:send-error id="SendError" routes-to="Init-Error"/>
        </cc:async-mediation>
        <cc:local-out id="Call-Init" store-message="none" routes-response-to="Call-AuditClose" endpoint="vm://INTNF73-Intercompany-Invoice-Supplier-Invoices-Boomerang/Initialization"/>
        <cc:local-out id="Init-Error" endpoint="vm://wcc/PutIntegrationMessage"><cc:set name="is.message.severity" value="'ERROR'"/><cc:set name="is.message.summary" value="context.errorMessage"/></cc:local-out>
        <cc:workday-out-rest id="Customer_Invoice_RPT" routes-response-to="Validate-CusInvData" extra-path="@{intsys.reportService.getExtrapath('INTNF73-Cus-Inv-New')}@{props['Extra.path']}"/>
        <cc:local-out id="Inv-Data-Error" endpoint="vm://wcc/PutIntegrationMessage"><cc:set name="is.message.severity" value="'ERROR'"/><cc:set name="is.message.summary" value="context.errorMessage"/></cc:local-out>
        <cc:splitter id="Splitter">
            <cc:sub-route name="SubRoute" routes-to="AsyncMediation0"/>
            <cc:xml-stream-splitter xpath="wd:Report_Data/Group"/>
        </cc:splitter>
        <cc:async-mediation id="AsyncMediation0" routes-to="Call-SplitbyLine">
            <cc:steps>
                <cc:eval id="Eval">
                    <cc:expression>props['close.batch'] = false</cc:expression>
                    <cc:expression>props['Check.Array.List'] = empty;&#xD;
props['Check.Array.List'] = new java.util.ArrayList();</cc:expression>
                    <cc:expression>props['pre.cnt.err'] = false</cc:expression>
                    <cc:expression>props['if.adjustment'] = parts[0].xpathB(&quot;Group/wd:Report_Entry/wd:Customer_Invoice_Document_group/wd:supplierInvoices/wd:ID[@wd:type='Supplier_Invoice_Adjustment_Reference_ID']&quot;)</cc:expression>
                    <cc:expression>props['supplier.invoice.number'] = props['if.adjustment'] == true&#xD;
? parts[0].xpath(&quot;substring-after(Group/wd:Report_Entry[1]/wd:Customer_Invoice_Document_group/wd:supplierInvoices/@wd:Descriptor,'Supplier Invoice Adjustment: ')&quot;)&#xD;
: parts[0].xpath(&quot;substring-after(Group/wd:Report_Entry[1]/wd:Customer_Invoice_Document_group/wd:supplierInvoices/@wd:Descriptor,'Supplier Invoice: ')&quot;)</cc:expression>
                    <cc:expression>props['customer.invoice.number'] = props['if.adjustment'] == true&#xD;
? parts[0].xpath(&quot;substring-after(Group/wd:Report_Entry[1]/wd:customerInvoice/@wd:Descriptor,'Customer Invoice Adjustment: ')&quot;)&#xD;
: parts[0].xpath(&quot;substring-after(Group/wd:Report_Entry[1]/wd:customerInvoice/@wd:Descriptor,'Customer Invoice: ')&quot;)</cc:expression>
                </cc:eval>
            </cc:steps>
            <cc:send-error id="SendError" routes-to="Split-Line-Err"/>
        </cc:async-mediation>
        <cc:local-out id="Call-SplitbyLine" store-message="none" routes-response-to="Call-Close-Line" endpoint="vm://INTNF73-Intercompany-Invoice-Supplier-Invoices-Boomerang/Cus-SplitLine"/>
        <cc:async-mediation id="Validate-CusInvData" routes-to="GroupbySuppInv">
            <cc:steps>
                <cc:eval id="Eval">
                    <cc:expression>props['count'] = parts[0].xpath('count(wd:Report_Data/wd:Report_Entry)')</cc:expression>
                </cc:eval>
                <cc:validate-exp id="ValidateExp">
                    <cc:expression failure-message="No Customer Invoices Found">props['count'] > 0</cc:expression>
                </cc:validate-exp>
            </cc:steps>
            <cc:send-error id="SendError" routes-to="Inv-Data-Error"/>
        </cc:async-mediation>
        <cc:local-in id="Audit-log" routes-to="AsyncMediation"><cc:parameter default="''" name="msg.det"/><cc:parameter default="''" name="msg.status"/><cc:parameter default="''" name="sup.inv"/><cc:parameter default="false" name="in.final" type="boolean"/><cc:parameter default="''" name="cus.inv"/></cc:local-in>
        <cc:async-mediation id="AsyncMediation" routes-to="AsyncMediation1">
            <cc:steps>
                <cc:set-headers id="Validation-Off"><cc:remove-headers/><cc:add-headers/></cc:set-headers>
            </cc:steps>
        </cc:async-mediation>
        <cc:async-mediation id="AsyncMediation1" routes-to="Aggregator" execute-steps-when="!props['in.final']">
            <cc:steps>
                <cc:write id="Write">
                    <cc:message>
                        <cc:text>&lt;Entry>&#xD;
	&lt;Customer_Invoice>@{props['cus.inv']}&lt;/Customer_Invoice>&#xD;
	&lt;Supplier_Invoice>@{props['sup.inv']}&lt;/Supplier_Invoice>&#xD;
	&lt;Status>@{props['msg.status']}&lt;/Status>&#xD;
	&lt;Details>@{props['msg.det']}&lt;/Details>&#xD;
&lt;/Entry></cc:text>
                    </cc:message>
                </cc:write>
            </cc:steps>
            <cc:send-error id="SendError" routes-to="PutIntegrationMessage1"/>
        </cc:async-mediation>
        <cc:local-out id="PutIntegrationMessage1" endpoint="vm://wcc/PutIntegrationMessage"><cc:set name="is.message.severity" value="'ERROR'"/><cc:set name="is.message.summary" value="'Error in Audit Log. Error message: ' context.errorMessage"/></cc:local-out>
        <cc:local-in id="Cus-SplitLine" routes-to="Inv-Spliiter"/>
        <cc:async-mediation id="Process-Cus-Inv" routes-to="CallProjectPlanTask">
            <cc:steps>
                <cc:copy id="Copy" output="variable" output-variable="Customer.INV"/>
                <cc:eval id="Eval">
                    <cc:expression>props['SUP.INV.WID'] = empty;&#xD;
props['SUP.INV.WID'] = parts[0].xpath('wd:Report_Entry/wd:Customer_Invoice_Document_group/wd:supplierInvoices/wd:ID[@wd:type=&quot;WID&quot;]')</cc:expression>
                    <cc:expression>props['SUP.INV.Company'] = empty;&#xD;
props['SUP.INV.Company'] = parts[0].xpath('wd:Report_Entry/wd:Customer_Invoice_Document_group/wd:supplierInvComp')</cc:expression>
                    <cc:expression>props['Project'] = empty;&#xD;
props['Project'] = parts[0].xpath('wd:Report_Entry/wd:Contract_Line_group/wd:project/wd:ID[@wd:type=&quot;WID&quot;]')</cc:expression>
                    <cc:expression>props['CUS.INV.WID'] = empty;&#xD;
props['CUS.INV.WID'] = props['if.adjustment'] == true&#xD;
?parts[0].xpath('wd:Report_Entry/wd:customerInvoice/wd:ID[@wd:type=&quot;Customer_Invoice_Adjustment_Reference_ID&quot;]')&#xD;
:parts[0].xpath('wd:Report_Entry/wd:customerInvoice/wd:ID[@wd:type=&quot;Customer_Invoice_Reference_ID&quot;]')</cc:expression>
                    <cc:expression>props['SUP.INV'] = empty;&#xD;
props['SUP.INV'] = props['if.adjustment'] == true&#xD;
?parts[0].xpath('wd:Report_Entry/wd:Customer_Invoice_Document_group/wd:supplierInvoices/wd:ID[@wd:type=&quot;Supplier_Invoice_Adjustment_Reference_ID&quot;]')&#xD;
:parts[0].xpath('wd:Report_Entry/wd:Customer_Invoice_Document_group/wd:supplierInvoices/wd:ID[@wd:type=&quot;Supplier_Invoice_Reference_ID&quot;]')</cc:expression>
                    <cc:expression>props['Line.Amt'] = empty;&#xD;
props['Line.Amt'] = parts[0].xpath('wd:Report_Entry/wd:Extended_Amount')</cc:expression>
                    <cc:expression>props['Customer.Line.ID'] = empty;&#xD;
props['Customer.Line.ID'] = parts[0].xpath('wd:Report_Entry/wd:referenceID')</cc:expression>
                </cc:eval>
                <cc:log id="Log">
                    <cc:log-message>
                        <cc:text>props['SUP.INV.WID']: @{props['SUP.INV.WID']}&#xD;
props['SUP.INV.Company']: @{props['SUP.INV.Company']}&#xD;
props['Project']: @{props['Project']}&#xD;
props['CUS.INV.WID']: @{props['CUS.INV.WID']}&#xD;
props['SUP.INV']: @{props['SUP.INV']}&#xD;
props['Line.Amt']: @{props['Line.Amt']}&#xD;
&#xD;
&#xD;
</cc:text>
                    </cc:log-message>
                </cc:log>
            </cc:steps>
            <cc:send-error id="SendError" routes-to="Prcs-Inv-Err"/>
        </cc:async-mediation>
        <cc:local-out id="CallProjectPlanTask" store-message="none" execute-when="props['pre.cnt.err'] == false" endpoint="vm://INTNF73-Intercompany-Invoice-Supplier-Invoices-Boomerang/Project-Plan-Task"/>
        <cc:local-out id="Prcs-Inv-Err" endpoint="vm://wcc/PutIntegrationMessage">
            <cc:set name="is.message.severity" value="'ERROR'"/>
            <cc:set name="is.message.summary" value="context.errorMessage"/>
        </cc:local-out>
        <cc:local-in id="Project-Plan-Task" routes-to="AsyncMediation20"/>
        <cc:async-mediation id="AsyncMediation20" routes-to="Project-Rpt" handle-downstream-errors="true">
            <cc:steps/>
            <cc:send-error id="SendError" routes-to="Prj-Rpt-Err"/>
        </cc:async-mediation>
        <cc:local-out id="Prj-Rpt-Err" endpoint="vm://wcc/PutIntegrationMessage">
            <cc:set name="is.message.severity" value="'ERROR'"/>
            <cc:set name="is.message.summary" value="context.errorMessage"/>
        </cc:local-out>
        <cc:workday-out-rest id="Project-Rpt" routes-response-to="Prcs-Prj-Data" extra-path="@{intsys.reportService.getExtrapath('INTNF73-Prj-Rpt')}?project!WID=@{props['Project']}&amp;Include_Subordinate_Project_Hierarchies=1&amp;Project_State!WID=6e71cfef56cc10000935dd2d29570015!6e71cfef56cc10000926ce79e7e70013"/>
        <cc:async-mediation id="Prcs-Prj-Data" routes-to="Call-Audit-Log">
            <cc:steps>
                <cc:xslt-plus id="XsltPlus" url="ValidateProj.xsl"/>
                <cc:eval id="Eval">
                    <cc:expression>props['Prereqcnt'] = 0;&#xD;
props['Prereqcnt'] = parts[0].xpath('Data/SuppInvCnt')</cc:expression>
                    <cc:expression>props['ProjHier'] = parts[0].xpath('Data/ProjHier')</cc:expression>
                    <cc:expression>props['PreReqProj'] = parts[0].xpath('Data/PreReqProj')</cc:expression>
                    <cc:expression>props['PreReqProjWID'] = parts[0].xpath('Data/PreReqProjWID')</cc:expression>
                    <cc:expression>props['PreReqCC'] = parts[0].xpath('Data/PreReqCC')</cc:expression>
                    <cc:expression>props['pre.cnt.err'] = empty; props['pre.cnt.err'] = (props['Prereqcnt'] > 1 || props['Prereqcnt'] == 0) ? true:false</cc:expression>
                </cc:eval>
                <cc:log id="Log">
                    <cc:log-message>
                        <cc:text>props['Prereqcnt'] : @{props['Prereqcnt']}&#xD;
props['ProjHier']: @{props['ProjHier']}&#xD;
props['PreReqProj']: @{props['PreReqProj']}&#xD;
props['PreReqProjWID']: @{props['PreReqProjWID']}&#xD;
props['PreReqCC']: @{props['PreReqCC']}&#xD;
props['pre.cnt.err']: @{props['pre.cnt.err']}&#xD;
&#xD;
</cc:text>
                    </cc:log-message>
                </cc:log>
            </cc:steps>
            <cc:send-error id="SendError" routes-to="Prj-Error"/>
        </cc:async-mediation>
        <cc:local-out id="Prj-Error" endpoint="vm://wcc/PutIntegrationMessage">
            <cc:set name="is.message.severity" value="'ERROR'"/>
            <cc:set name="is.message.summary" value="context.errorMessage"/>
        </cc:local-out>
        <cc:local-out id="Call-Audit-Log" store-message="none" execute-when="props['Prereqcnt'] > 1 || props['ProjHier'] != props['ia.Project.Hierarchy']" routes-response-to="Call-Proj-Task" endpoint="vm://INTNF73-Intercompany-Invoice-Supplier-Invoices-Boomerang/Audit-log"><cc:set name="msg.det" value="if (props['Prereqcnt'] > 1) &#xD;&#xA;{ &quot;One or more lines have error. There are more than one Prerequisite Projects with same Company as Supplier Invoice Company.&quot;;}&#xD;&#xA;&#xD;&#xA;else&#xD;&#xA;&#xD;&#xA;{ &quot;One or more lines have error. The Project Hierarchy is not &quot; + props['ia.Project.Hierarchy']; }"/><cc:set name="sup.inv" value="props['supplier.invoice.number']"/><cc:set name="cus.inv" value="props['customer.invoice.number']"/><cc:set name="msg.status" value="'Error'"/><cc:set name="in.final" value="false"/></cc:local-out>
        <cc:aggregator id="Aggregator" routes-to="AsyncMediation2" collate-when="!props['in.final']" force-batch-when="props['in.final']">
            <cc:size-batch-strategy batch-size="-1"/>
            <cc:xml-message-content-collater>
        <cc:header-text>&lt;Audit></cc:header-text>
        <cc:footer-text>&lt;/Audit></cc:footer-text>
      </cc:xml-message-content-collater>
        </cc:aggregator>
        <cc:async-mediation id="AsyncMediation2" execute-steps-when="props['in.final']">
            <cc:steps>
                <cc:xml-to-csv id="XmlToCsv" output-mimetype="text/csv" format="rfc4180" writeHeaderLine="true"/>
                <cc:text-excel id="TextExcel" output-mimetype="application/vnd.ms-excel" style="text2excel"/>
                <cc:store id="Store" expiresIn="P@{props['attr.doc.retention.days']}D" title="INTNF73 - Intercompany invoice/supplier invoices - Boomerang.xls"/>
            </cc:steps>
        </cc:async-mediation>
        <cc:local-out id="Call-Proj-Task" store-message="none" execute-when="props['Prereqcnt'] == 1 &amp;&amp; props['pre.cnt.err'] == false" endpoint="vm://INTNF73-Intercompany-Invoice-Supplier-Invoices-Boomerang/Get-Proj-Task"/>
        <cc:local-in id="DNU-Get-Supp-Inv" routes-to="AsyncMediation6"/>
        <cc:async-mediation id="AsyncMediation6" routes-to="Get-Sup-inv">
            <cc:steps>
                <cc:write id="Write">
                    <cc:message>
                        <cc:text>&lt;?xml version=&quot;1.0&quot; encoding=&quot;UTF-8&quot;?>&#xD;
&lt;env:Envelope&#xD;
    xmlns:env=&quot;http://schemas.xmlsoap.org/soap/envelope/&quot;&#xD;
    xmlns:xsd=&quot;http://www.w3.org/2001/XMLSchema&quot;>&#xD;
    &lt;env:Body>&#xD;
        &lt;wd:Get_Supplier_Invoices_Request&#xD;
            xmlns:wd=&quot;urn:com.workday/bsvc&quot;&#xD;
            wd:version=&quot;v33.2&quot;>&#xD;
            &lt;wd:Request_References>&#xD;
                &lt;wd:Supplier_Invoice_Reference>&#xD;
                    &lt;wd:ID wd:type=&quot;WID&quot;>@{props['SUP.INV.WID']}&lt;/wd:ID>&#xD;
                &lt;/wd:Supplier_Invoice_Reference>&#xD;
            &lt;/wd:Request_References>&#xD;
            &lt;wd:Response_Filter>&#xD;
                &lt;wd:As_Of_Effective_Date>@{props['today']}&lt;/wd:As_Of_Effective_Date>&#xD;
                &lt;wd:Page>1&lt;/wd:Page>&#xD;
                &lt;wd:Count>100&lt;/wd:Count>&#xD;
            &lt;/wd:Response_Filter>&#xD;
            &lt;wd:Response_Group>&#xD;
                &lt;wd:Include_Reference>false&lt;/wd:Include_Reference>&#xD;
                &lt;wd:Include_Attachment_Data>false&lt;/wd:Include_Attachment_Data>&#xD;
            &lt;/wd:Response_Group>&#xD;
        &lt;/wd:Get_Supplier_Invoices_Request>&#xD;
    &lt;/env:Body>&#xD;
&lt;/env:Envelope></cc:text>
                    </cc:message>
                </cc:write>
            </cc:steps>
        </cc:async-mediation>
        <cc:workday-out-soap id="Get-Sup-inv" routes-response-to="AsyncMediation7" application="Resource_Management" version="v36.1"/>
        <cc:async-mediation id="AsyncMediation7" routes-to="AsyncMediation8">
            <cc:steps>
                <cc:eval id="Eval">
                    <cc:expression>props['Sup.INV.Status'] = empty;&#xD;
props['Sup.INV.Status'] = parts[0].xpath('env:Envelope/env:Body/wd:Get_Supplier_Invoices_Response/wd:Response_Data/wd:Supplier_Invoice/wd:Supplier_Invoice_Data/wd:Invoice_Document_Status_Reference/wd:ID[@wd:type=&quot;Document_Status_ID&quot;]')</cc:expression>
                </cc:eval>
                <cc:xslt id="Xslt" url="SubmitSupplierInvoice.xsl"/>
                <cc:log id="Log0">
                    <cc:log-message>
                        <cc:text>---Submit Supplier Invoice Request------</cc:text>
                        <cc:message-content/>
                        <cc:text>---Submit Supplier Invoice Request------</cc:text>
                    </cc:log-message>
                </cc:log>
            </cc:steps>
            <cc:send-error id="SendError" routes-to="PutIntegrationMessage2"/>
        </cc:async-mediation>
        <cc:local-out id="Call-AuditClose" store-message="none" endpoint="vm://INTNF73-Intercompany-Invoice-Supplier-Invoices-Boomerang/Audit-log"><cc:set name="in.final" value="true"/><cc:set name="msg.det" value="''"/><cc:set name="sup.inv" value="''"/><cc:set name="msg.status" value="''"/><cc:set name="cus.inv"/></cc:local-out>
        <cc:send-error id="global-error-handler" routes-to="Note-Error"/>
        <cc:local-out id="Note-Error" endpoint="vm://wcc/PutIntegrationMessage"><cc:set name="is.message.severity" value="'CRITICAL'"/><cc:set name="is.message.summary" value="'Critical Error Occurred! Please see detail:'"/><cc:set name="is.message.detail" value="context.errorMessage"/></cc:local-out>
        <cc:workday-out-soap id="WorkdayOutSoap" routes-response-to="AsyncMediation9" application="Resource_Management" version="@{props['web.service.version']}"/>
        <cc:async-mediation id="AsyncMediation8" routes-to="WorkdayOutSoap" execute-steps-when="props['validation.mode'] == true">
            <cc:steps>
                <cc:set-headers id="ValidationOn"><cc:remove-headers/><cc:add-headers>
    <cc:add-header name="X-Validate-Only" value="1"/>
</cc:add-headers></cc:set-headers>
            </cc:steps>
            <cc:send-error id="SendError" routes-to="PutIntegrationMessage5"/>
        </cc:async-mediation>
        <cc:local-out id="PutIntegrationMessage2" routes-response-to="Call-Err-Audit-Log" endpoint="vm://wcc/PutIntegrationMessage"><cc:set name="is.message.severity" value="'ERROR'"/><cc:set name="is.message.summary"/></cc:local-out>
        <cc:local-out id="PutIntegrationMessage5" routes-response-to="Call-Err-Audit-Log" endpoint="vm://wcc/PutIntegrationMessage"><cc:set name="is.message.severity" value="'INFO'"/><cc:set name="is.message.summary"/></cc:local-out>
        <cc:async-mediation id="AsyncMediation9" routes-to="AsyncMediation11" execute-steps-when="props['validation.mode'] == true">
            <cc:steps>
                <cc:set-headers id="ValidationOff"><cc:remove-headers>
    <cc:remove-header name="X-Validate-Only"/>
</cc:remove-headers><cc:add-headers/></cc:set-headers>
            </cc:steps>
            <cc:send-error id="SendError" routes-to="PutIntegrationMessage6"/>
        </cc:async-mediation>
        <cc:local-out id="PutIntegrationMessage6" endpoint="vm://wcc/PutIntegrationMessage"><cc:set name="is.message.severity" value="'INFO'"/><cc:set name="is.message.summary"/></cc:local-out>
        <cc:local-out id="Call-Audit-Log0" store-message="none" endpoint="vm://INTNF73-Intercompany-Invoice-Supplier-Invoices-Boomerang/Audit-log">
            <cc:set name="msg.det" value="'Supplier Invoice Updated Successfully.'"/>
            <cc:set name="sup.inv" value="props['SUP.INV']"/>
            <cc:set name="cus.inv" value="props['CUS.INV.WID']"/>
            <cc:set name="msg.status" value="'Success'"/>
            <cc:set name="in.final" value="false"/>
        </cc:local-out>
        <cc:async-mediation id="AsyncMediation11" routes-to="Call-Audit-Log0">
            <cc:steps>
                <cc:log id="Log">
                    <cc:log-message>
                        <cc:text>---Supp Inv Update Response</cc:text>
                        <cc:message-content/>
                    </cc:log-message>
                </cc:log>
            </cc:steps>
            <cc:send-error id="SendError" routes-to="PutIntegrationMessage7"/>
        </cc:async-mediation>
        <cc:local-out id="PutIntegrationMessage7" endpoint="vm://wcc/PutIntegrationMessage"><cc:set name="is.message.severity" value="'INFO'"/><cc:set name="is.message.summary"/></cc:local-out>
        <cc:local-in id="Get-Proj-Task" routes-to="AsyncMediation12"/>
        <cc:async-mediation id="AsyncMediation12" routes-to="ProjectPlanTask" handle-downstream-errors="true">
            <cc:steps>
            </cc:steps>
            <cc:send-error id="SendError" routes-to="Proj-Task-Err"/>
        </cc:async-mediation>
        <cc:workday-out-rest id="ProjectPlanTask" routes-response-to="Get-Prj-Task" extra-path="@{intsys.reportService.getExtrapath('INTNF73-Sup-INV-Proj-Task')}?Include_Subordinate_Project_Hierarchies=0&amp;Projects_and_Project_Hierarchies!WID=@{props['PreReqProjWID']}"/>
        <cc:local-out id="Proj-Task-Err" endpoint="vm://wcc/PutIntegrationMessage"><cc:set name="is.message.severity" value="'ERROR'"/><cc:set name="is.message.summary" value="context.errorMessage"/></cc:local-out>
        <cc:async-mediation id="Get-Prj-Task" routes-to="Call-Supp-Pay-Map">
            <cc:steps>
                <cc:eval id="Eval">
                    <cc:expression>props['Supp.Inv.Prj.Task'] = parts[0].xpath('wd:Report_Data/wd:Report_Entry[1]/wd:Project_Plan_Task/wd:ID[@wd:type=&quot;Project_Plan_ID&quot;]')</cc:expression>
                    <cc:expression>props['Supp.Inv.cc'] = parts[0].xpath('wd:Report_Data/wd:Report_Entry[1]/wd:Project_group/wd:Cost_Center/wd:ID[@wd:type=&quot;Cost_Center_Reference_ID&quot;]')</cc:expression>
                </cc:eval>
            </cc:steps>
            <cc:send-error id="SendError" routes-to="Get-Task-err"/>
        </cc:async-mediation>
        <cc:local-out id="Get-Task-err" endpoint="vm://wcc/PutIntegrationMessage"><cc:set name="is.message.severity" value="'ERROR'"/><cc:set name="is.message.summary" value="context.errorMessage"/></cc:local-out>
        <cc:local-out id="Call-Sup-Inv" store-message="none" execute-when="props['Prereqcnt'] == 1" endpoint="vm://INTNF73-Intercompany-Invoice-Supplier-Invoices-Boomerang/Get-Supp-Invoices"/>
        <cc:local-out id="Call-Err-Audit-Log" store-message="none" endpoint="vm://INTNF73-Intercompany-Invoice-Supplier-Invoices-Boomerang/Audit-log">
            <cc:set name="msg.det" value="'Supplier Invoice Not Updated. Error: ' context.errorMessage"/>
            <cc:set name="sup.inv" value="props['SUP.INV']"/>
            <cc:set name="cus.inv" value="props['CUS.INV.WID']"/>
            <cc:set name="msg.status" value="'Error'"/>
            <cc:set name="in.final" value="false"/>
        </cc:local-out>
        <cc:local-in id="Supp-Pay-Map" routes-to="AsyncMediation3"/>
        <cc:async-mediation id="AsyncMediation3" routes-to="Get-Supp-Inv-Pay" handle-downstream-errors="true">
            <cc:steps/>
            <cc:send-error id="SendError" routes-to="Supp-Pay-Type-Err"/>
        </cc:async-mediation>
        <cc:workday-out-rest id="Get-Supp-Inv-Pay" routes-response-to="Get-Payment-Type" extra-path="@{intsys.reportService.getExtrapath('INTNF73-Sup-Pay-Mapping')}?Supplier_Invoice_Document!WID=@{props['SUP.INV.WID']}"/>
        <cc:local-out id="Supp-Pay-Type-Err" endpoint="vm://wcc/PutIntegrationMessage"><cc:set name="is.message.severity" value="'ERROR'"/><cc:set name="is.message.summary" value="context.errorMessage"/></cc:local-out>
        <cc:async-mediation id="Get-Payment-Type">
            <cc:steps>
                <cc:eval id="Eval">
                    <cc:expression>props['Pay.Mapping'] = parts[0].xpath('wd:Report_Data/wd:Report_Entry/wd:paytypeOverride')</cc:expression>
                    <cc:expression>props['IsDirectCompany'] = parts[0].xpath('wd:Report_Data/wd:Report_Entry/wd:DirectIntercompany')</cc:expression>
                </cc:eval>
            </cc:steps>
            <cc:send-error id="SendError" routes-to="Pay-Type-Err"/>
        </cc:async-mediation>
        <cc:local-out id="Pay-Type-Err" endpoint="vm://wcc/PutIntegrationMessage"><cc:set name="is.message.severity" value="'ERROR'"/><cc:set name="is.message.summary" value="context.errorMessage"/></cc:local-out>
        <cc:local-out id="Call-Supp-Pay-Map" store-message="none" routes-response-to="Call-Sup-Inv" endpoint="vm://INTNF73-Intercompany-Invoice-Supplier-Invoices-Boomerang/Supp-Pay-Map"/>
        <cc:async-mediation id="GroupbySuppInv" routes-to="Splitter" handle-downstream-errors="true">
            <cc:steps>
                <cc:xslt id="Xslt" url="GroupbySupp.xsl"/>
            </cc:steps>
            <cc:send-error id="SendError" routes-to="Splitter-Error"/>
        </cc:async-mediation>
        <cc:local-out id="Splitter-Error" endpoint="vm://wcc/PutIntegrationMessage"><cc:set name="is.message.severity" value="'ERROR'"/><cc:set name="is.message.summary" value="context.errorMessage"/></cc:local-out>
        <cc:splitter id="Inv-Spliiter">
            <cc:sub-route name="SubRoute" routes-to="Process-Cus-Inv"/>
            <cc:xml-stream-splitter xpath="Group/wd:Report_Entry"/>
        </cc:splitter>
        <cc:local-in id="Get-Supp-Invoices" routes-to="MatchLineAmt"/>
        <cc:async-mediation id="AsyncMediation5" routes-to="Get-Invoice-Det" handle-downstream-errors="true">
            <cc:steps>
                <cc:write id="Write">
                    <cc:message>
                        <cc:text>&lt;?xml version=&quot;1.0&quot; encoding=&quot;UTF-8&quot;?>&#xD;
&lt;env:Envelope&#xD;
    xmlns:env=&quot;http://schemas.xmlsoap.org/soap/envelope/&quot;&#xD;
    xmlns:xsd=&quot;http://www.w3.org/2001/XMLSchema&quot;>&#xD;
    &lt;env:Body>&#xD;
        @if{props['if.adjustment'] == true}&#xD;
        &lt;wd:Get_Supplier_Invoice_Adjustments_Request&#xD;
            xmlns:wd=&quot;urn:com.workday/bsvc&quot;&#xD;
            wd:version=&quot;@{props['web.service.version']}&quot;>            &#xD;
          @else{}&#xD;
        &lt;wd:Get_Supplier_Invoices_Request&#xD;
            xmlns:wd=&quot;urn:com.workday/bsvc&quot;&#xD;
            wd:version=&quot;@{props['web.service.version']}&quot;>            &#xD;
          @end{}&#xD;
            &lt;wd:Request_References>&#xD;
            @if{props['if.adjustment'] == true}&#xD;
			&lt;wd:Supplier_Invoice_Adjustment_Reference>&#xD;
                    &lt;wd:ID wd:type=&quot;WID&quot;>@{props['SUP.INV.WID']}&lt;/wd:ID>&#xD;
                &lt;/wd:Supplier_Invoice_Adjustment_Reference>&#xD;
          @else{}&#xD;
        	&lt;wd:Supplier_Invoice_Reference>&#xD;
                    &lt;wd:ID wd:type=&quot;WID&quot;>@{props['SUP.INV.WID']}&lt;/wd:ID>&#xD;
                &lt;/wd:Supplier_Invoice_Reference>&#xD;
            @end{}                &#xD;
            &lt;/wd:Request_References>&#xD;
            &lt;wd:Response_Filter>&#xD;
                &lt;wd:As_Of_Effective_Date>@{props['today']}&lt;/wd:As_Of_Effective_Date>&#xD;
                &lt;wd:Page>1&lt;/wd:Page>&#xD;
                &lt;wd:Count>100&lt;/wd:Count>&#xD;
            &lt;/wd:Response_Filter>&#xD;
            &lt;wd:Response_Group>&#xD;
                &lt;wd:Include_Reference>false&lt;/wd:Include_Reference>&#xD;
                &lt;wd:Include_Attachment_Data>false&lt;/wd:Include_Attachment_Data>&#xD;
            &lt;/wd:Response_Group>&#xD;
          @if{props['if.adjustment'] == true}      &#xD;
           &lt;/wd:Get_Supplier_Invoice_Adjustments_Request>              &#xD;
          @else{}&#xD;
           &lt;/wd:Get_Supplier_Invoices_Request>&#xD;
          @end{}&#xD;
    &lt;/env:Body>&#xD;
&lt;/env:Envelope></cc:text>
                    </cc:message>
                </cc:write>
            </cc:steps>
            <cc:send-error id="SendError" routes-to="Get-Inv-Err"/>
        </cc:async-mediation>
        <cc:workday-out-soap id="Get-Invoice-Det" routes-response-to="Get-Inv-Status" application="Resource_Management" version="@{props['web.service.version']}"/>
        <cc:local-out id="Get-Inv-Err" endpoint="vm://wcc/PutIntegrationMessage"><cc:set name="is.message.severity" value="'ERROR'"/><cc:set name="is.message.summary" value="context.errorMessage"/></cc:local-out>
        <cc:async-mediation id="Get-Inv-Status" routes-to="CheckDraftStatus">
            <cc:steps>
                <cc:eval id="Eval">
                    <cc:expression>props['Sup.INV.Status'] = empty;&#xD;
props['Sup.INV.Status'] = parts[0].xpath('env:Envelope/env:Body/wd:Get_Supplier_Invoices_Response/wd:Response_Data/wd:Supplier_Invoice/wd:Supplier_Invoice_Data/wd:Invoice_Document_Status_Reference/wd:ID[@wd:type=&quot;Document_Status_ID&quot;]')</cc:expression>
                </cc:eval>
            </cc:steps>
            <cc:send-error id="SendError" routes-to="PutIntegrationMessage13"/>
        </cc:async-mediation>
        <cc:route id="CheckDraftStatus">
            <cc:mvel-strategy>
                <cc:choose-route expression="props['Sup.INV.Status'] == 'DRAFT'" route="Draft"/>
                <cc:choose-route expression="props['Sup.INV.Status'] != 'DRAFT'" route="NotDraft"/>
            </cc:mvel-strategy>
            <cc:sub-route name="NotDraft" routes-to="Do-Nothing"/>
            <cc:sub-route name="Draft" routes-to="Do-Nothing"/>
        </cc:route>
        <cc:local-out id="PutIntegrationMessage13" endpoint="vm://wcc/PutIntegrationMessage"><cc:set name="is.message.severity" value="'ERROR'"/><cc:set name="is.message.summary" value="context.errorMessage"/></cc:local-out>
        <cc:async-mediation id="Do-Nothing">
            <cc:steps>
                <cc:log id="Log">
                    <cc:log-message>
                        <cc:text>--------Not in draft status------------</cc:text>
                    </cc:log-message>
                </cc:log>
            </cc:steps>
        </cc:async-mediation>
        <cc:route id="MatchLineAmt">
            <cc:mvel-strategy>
                <cc:choose-route expression="!(props['Check.Array.List'].contains(props['Line.Amt']))" route="Amount-NotMatch"/>
                <cc:choose-route expression="props['Check.Array.List'].contains(props['Line.Amt'])" route="Amount-Match"/>
            </cc:mvel-strategy>
            <cc:sub-route name="Amount-NotMatch" routes-to="Supp-Inv-Details"/>
            <cc:sub-route name="Amount-Match" routes-to="AmtMatch-DoNothing"/>
        </cc:route>
        <cc:workday-out-rest id="Supp-Inv-Details" routes-response-to="Route" extra-path="@{intsys.reportService.getExtrapath('INTNF73-Supp-Inv-Det')}?Company!Company_Reference_ID=@{props['SUP.INV.Company']}&amp;Business_Document!WID=@{props['SUP.INV.WID']}&amp;Extended_Amount=@{props['Line.Amt']}"/>
        <cc:async-mediation id="AmtMatch-DoNothing">
            <cc:steps>
                <cc:log id="Log">
                    <cc:log-message>
                        <cc:text>The amount is not matching.. </cc:text>
                    </cc:log-message>
                </cc:log>
            </cc:steps>
        </cc:async-mediation>
        <cc:route id="Route">
            <cc:mvel-strategy>
                <cc:choose-route expression="parts[0].xpath('count(wd:Report_Data/wd:Report_Entry)') > 0" route="Data-Avail"/>
                <cc:choose-route expression="true" route="No-Data"/>
            </cc:mvel-strategy>
            <cc:sub-route name="Data-Avail" routes-to="Splitter1"/>
            <cc:sub-route name="No-Data" routes-to="No-Match-Inv"/>
        </cc:route>
        <cc:splitter id="Splitter1">
            <cc:sub-route name="SubRoute" routes-to="Supp-Inv-Line"/>
            <cc:xml-stream-splitter xpath="wd:Report_Data/wd:Report_Entry"/>
        </cc:splitter>
        <cc:async-mediation id="No-Match-Inv">
            <cc:steps/>
        </cc:async-mediation>
        <cc:async-mediation id="Supp-Inv-Line" routes-to="Generate-Inv-Ln">
            <cc:steps>
                <cc:eval id="Eval">
                    <cc:expression>props['CC.Sup.INV'] = empty;&#xD;
props['CC.Sup.INV'] = parts[0].xpathB('wd:Report_Entry/wd:Worktags/wd:ID[@wd:type=&quot;Cost_Center_Reference_ID&quot;]')</cc:expression>
                    <cc:expression>props['project.Sup.INV'] = empty;&#xD;
props['project.Sup.INV'] = parts[0].xpathB('wd:Report_Entry/wd:Worktags/wd:ID[@wd:type=&quot;Project_Plan_ID&quot;]')</cc:expression>
                    <cc:expression>props['Sup.Ref.ID'] = empty;&#xD;
props['Sup.Ref.ID'] = props['if.adjustment'] == true&#xD;
?parts[0].xpath('wd:Report_Entry/wd:Business_Document/wd:ID[@wd:type=&quot;Supplier_Invoice_Adjustment_Reference_ID&quot;]')&#xD;
:parts[0].xpath('wd:Report_Entry/wd:Business_Document/wd:ID[@wd:type=&quot;Supplier_Invoice_Reference_ID&quot;]')</cc:expression>
                    <cc:expression>props['Sup.Currency'] = empty;&#xD;
props['Sup.Currency'] = parts[0].xpath('wd:Report_Entry/wd:Currency/wd:ID[@wd:type=&quot;Currency_ID&quot;]')</cc:expression>
                    <cc:expression>props['Sup.Line.ID'] = empty;&#xD;
props['Sup.Line.ID'] = parts[0].xpath('wd:Report_Entry/wd:referenceID')</cc:expression>
                    <cc:expression>props['Payment.Term'] = empty;&#xD;
props['Payment.Term'] = parts[0].xpath('wd:Report_Entry/wd:Supplier_Invoice_Document_group/wd:Payment_Terms/wd:ID[@wd:type=&quot;Payment_Terms_ID&quot;]')</cc:expression>
                    <cc:expression>props['Sup.Extend.Amt'] = empty;&#xD;
props['Sup.Extend.Amt'] = parts[0].xpath('wd:Report_Entry/wd:Extended_Amount')</cc:expression>
                    <cc:expression>props['Function.Sup.INV'] = empty;&#xD;
props['Function.Sup.INV'] = parts[0].xpathB('wd:Report_Entry/wd:Function_value_from_Worktags')</cc:expression>
                    <cc:expression>props['Supplier.ID'] = empty;&#xD;
props['Supplier.ID'] = parts[0].xpath('wd:Report_Entry/wd:Supplier_Invoice_Document_group/wd:Supplier/wd:ID[@wd:type=&quot;WID&quot;]')</cc:expression>
                    <cc:expression>props['Spend.Category'] = empty;&#xD;
props['Spend.Category'] = parts[0].xpath('wd:Report_Entry/wd:Spend_Category_as_Worktag/wd:ID[@wd:type=&quot;Spend_Category_ID&quot;]')</cc:expression>
                    <cc:expression>props['Supplier.Name'] = empty;&#xD;
props['Supplier.Name'] = parts[0].xpath('wd:Report_Entry/wd:Supplier_Invoice_Document_group/wd:Supplier/wd:ID[@wd:type=&quot;Supplier_ID&quot;]')</cc:expression>
                    <cc:expression>props['Supplier.Name.Des'] = empty;&#xD;
props['Supplier.Name.Des'] = parts[0].xpath('wd:Report_Entry/wd:Supplier_Invoice_Document_group/wd:Supplier/@wd:Descriptor')</cc:expression>
                    <cc:expression>props['Supplier.Name.Company.Code'] = empty;&#xD;
props['Supplier.Name.Company.Code'] = parts[0].xpath('wd:Report_Entry/wd:Supplier_Invoice_Document_group/wd:Company/wd:ID[@wd:type=&quot;Company_Reference_ID&quot;]')</cc:expression>
                    <cc:expression>if (props['Check.Array.List'].contains(props['Line.Amt']))  {props['flag.check'] = true} else {props['Check.Array.List'].add(props['Line.Amt']);}</cc:expression>
                    <cc:expression>props['L1'] = props['L0'] + 1;&#xD;
props['L0'] = props['L0'] + 1;</cc:expression>
                    <cc:expression>props['Tax_Applicability'] = empty;&#xD;
props['Tax_Applicability'] = parts[0].xpath('wd:Report_Entry/wd:Tax_Applicability')</cc:expression>
                    <cc:expression>props['adjustment.reason'] = parts[0].xpath('wd:Report_Entry/wd:Supplier_Invoice_Document_group/wd:Adjustment_Reason/wd:ID[@wd:type=&quot;Adjustment_Reason_ID&quot;]')</cc:expression>
                </cc:eval>
            </cc:steps>
            <cc:send-error id="SendError" routes-to="Line-Error"/>
        </cc:async-mediation>
        <cc:async-mediation id="Generate-Inv-Ln" routes-to="Sup-Inv-line-Agg">
            <cc:steps>
                <cc:write id="Write">
                    <cc:message>
                        <cc:text>&lt;wd:Invoice_Line_Replacement_Data>&#xD;
  &lt;wd:Line_Order>@{props['L1']}&lt;/wd:Line_Order>&#xD;
    &lt;wd:Item_Description>Professional Services&lt;/wd:Item_Description>&#xD;
    &lt;wd:Customer_Invoice_Line_Reference>&#xD;
        &lt;wd:ID wd:type=&quot;Customer_Invoice_Line_Reference_ID&quot;>@{props['Customer.Line.ID']}&lt;/wd:ID>&#xD;
    &lt;/wd:Customer_Invoice_Line_Reference>&#xD;
     &lt;wd:Spend_Category_Reference>&#xD;
        &lt;wd:ID wd:type=&quot;Spend_Category_ID&quot;>Multinational_Contra_Revenue&lt;/wd:ID>&#xD;
    &lt;/wd:Spend_Category_Reference>&#xD;
    &#xD;
     @if{(props['IsDirectCompany'] == '1') &amp;&amp; (props['SUP.INV.Company'] == '1FR03' || props['SUP.INV.Company'] == '1FR02')&#xD;
             &amp;&amp;  (props['Tax_Applicability'] == 'EU_Acquisition_Services'  || props['Tax_Applicability'] == 'EU_Acquisition_Goods' || props['Tax_Applicability'] == 'Import_Services' || props['Tax_Applicability'] == 'Import_Goods' || props['Tax_Applicability'] == 'Domestic_Purchase_Goods')}&#xD;
     &#xD;
     &lt;wd:Tax_Data>&#xD;
                        &lt;wd:Tax_Point_Date_Type_Reference>&#xD;
                            &lt;wd:ID wd:type=&quot;Tax_Point_Date_Type_ID&quot;>INVOICE/ADJUSTMENT_DATE&lt;/wd:ID>&#xD;
                        &lt;/wd:Tax_Point_Date_Type_Reference>&#xD;
          &#xD;
      &lt;/wd:Tax_Data>&#xD;
     @end{} &#xD;
  &#xD;
    &#xD;
    &lt;wd:Quantity>1&lt;/wd:Quantity>&#xD;
    &lt;wd:Unit_Cost>@{props['Line.Amt']}&lt;/wd:Unit_Cost>&#xD;
    &lt;wd:Extended_Amount>@{props['Sup.Extend.Amt']}&lt;/wd:Extended_Amount>&#xD;
    &lt;wd:Billable>true&lt;/wd:Billable>&#xD;
    &lt;wd:Worktags_Reference>&#xD;
        &lt;wd:ID wd:type=&quot;Project_Plan_ID&quot;>@{props['Supp.Inv.Prj.Task']}&lt;/wd:ID>&#xD;
    &lt;/wd:Worktags_Reference>&#xD;
   &lt;wd:Worktags_Reference>&#xD;
        &lt;wd:ID wd:type=&quot;Cost_Center_Reference_ID&quot;>@{props['Supp.Inv.cc']}&lt;/wd:ID>&#xD;
    &lt;/wd:Worktags_Reference>&#xD;
    &#xD;
&lt;/wd:Invoice_Line_Replacement_Data></cc:text>
                    </cc:message>
                </cc:write>
            </cc:steps>
            <cc:send-error id="SendError" routes-to="Line-Agg-Error"/>
        </cc:async-mediation>
        <cc:local-out id="Line-Error" endpoint="vm://wcc/PutIntegrationMessage"><cc:set name="is.message.severity" value="'ERROR'"/><cc:set name="is.message.summary" value="context.errorMessage"/></cc:local-out>
        <cc:local-out id="Line-Agg-Error" endpoint="vm://wcc/PutIntegrationMessage"><cc:set name="is.message.severity" value="'ERROR'"/><cc:set name="is.message.summary" value="context.errorMessage"/></cc:local-out>
        <cc:aggregator id="Sup-Inv-line-Agg" collate-when="props['close.batch'] == false" force-batch-on-last-message="true" force-batch-when="props['close.batch'] == true">
            <cc:size-batch-strategy batch-size="-1"/>
            <cc:message-content-collater output="variable" output-variable="Invoice.Lines"/>
        </cc:aggregator>
        <cc:local-in id="CloseBatch" routes-to="Sup-Inv-line-Agg"/>
        <cc:async-mediation id="Prepare-WWS" routes-to="Validation-On" handle-downstream-errors="true">
            <cc:steps>
                <cc:copy id="Copy" output-mimetype="text/plain" input="variable" input-variable="Invoice.Lines"/>
                <cc:log id="Log">
                    <cc:log-message>
                        <cc:text>---------Invoice Lines----------</cc:text>
                        <cc:message-content/>
                        <cc:text>---------Invoice Lines----------</cc:text>
                    </cc:log-message>
                </cc:log>
                <cc:write id="Write">
                    <cc:message>
                        <cc:text>&lt;env:Envelope xmlns:env=&quot;http://schemas.xmlsoap.org/soap/envelope/&quot;>&#xD;
    &lt;env:Body>&#xD;
    @if{props['if.adjustment'] == true}&#xD;
		&lt;wd:Submit_Supplier_Invoice_Adjustment_Request&#xD;
            xmlns:wd=&quot;urn:com.workday/bsvc&quot;&#xD;
            wd:Add_Only=&quot;false&quot;&#xD;
            wd:version=&quot;@{props['web.service.version']}&quot;>&#xD;
            &lt;wd:Supplier_Invoice_Adjustment_Reference>&#xD;
                &lt;wd:ID wd:type=&quot;WID&quot;>@{props['SUP.INV.WID']}&lt;/wd:ID>&#xD;
            &lt;/wd:Supplier_Invoice_Adjustment_Reference>         &#xD;
          @else{}&#xD;
        &lt;wd:Import_Supplier_Invoice_Request&#xD;
            xmlns:wd=&quot;urn:com.workday/bsvc&quot;&#xD;
            wd:Add_Only=&quot;false&quot;&#xD;
            wd:version=&quot;@{props['web.service.version']}&quot;>&#xD;
            &lt;wd:Supplier_Invoice_Reference>&#xD;
                &lt;wd:ID wd:type=&quot;WID&quot;>@{props['SUP.INV.WID']}&lt;/wd:ID>&#xD;
            &lt;/wd:Supplier_Invoice_Reference>&#xD;
            @end{}&#xD;
            &lt;wd:Business_Process_Parameters>&#xD;
                &lt;wd:Auto_Complete>false&lt;/wd:Auto_Complete>&#xD;
            &lt;/wd:Business_Process_Parameters>&#xD;
		@if{props['if.adjustment'] == true}&#xD;
				&lt;wd:Supplier_Invoice_Adjustment_Data>            &#xD;
          @else{}&#xD;
                &lt;wd:Supplier_Invoice_Data>            &#xD;
          @end{}&#xD;
                &lt;wd:Submit>1&lt;/wd:Submit>&#xD;
                &lt;wd:Locked_in_Workday>0&lt;/wd:Locked_in_Workday>&#xD;
                &lt;wd:Company_Reference>&#xD;
                    &lt;wd:ID wd:type=&quot;Company_Reference_ID&quot;>@{props['SUP.INV.Company']}&lt;/wd:ID>&#xD;
                &lt;/wd:Company_Reference>&#xD;
                &lt;wd:Currency_Reference>&#xD;
                    &lt;wd:ID wd:type=&quot;Currency_ID&quot;>@{props['Sup.Currency']}&lt;/wd:ID>&#xD;
                &lt;/wd:Currency_Reference>&#xD;
                &lt;wd:Supplier_Reference>&#xD;
                    &lt;wd:ID wd:type=&quot;WID&quot;>@{props['Supplier.ID']}&lt;/wd:ID>&#xD;
                &lt;/wd:Supplier_Reference>&#xD;
                &#xD;
                @if{props['Pay.Mapping'] == '1'}&#xD;
                &lt;wd:Override_Payment_Type_Reference>&#xD;
								&lt;wd:ID wd:type=&quot;Payment_Type_ID&quot;>NETTING_ICO_NON_CASH&lt;/wd:ID>&#xD;
							&lt;/wd:Override_Payment_Type_Reference>&#xD;
			    @end{}&#xD;
              &#xD;
                &lt;wd:Payment_Terms_Reference>&#xD;
                    &lt;wd:ID wd:type=&quot;Payment_Terms_ID&quot;>@{props['Payment.Term']}&lt;/wd:ID>&#xD;
                &lt;/wd:Payment_Terms_Reference>&#xD;
                @if{props['if.adjustment'] == true}&#xD;
                 &lt;wd:Adjustment_Reason_Reference>&#xD;
                    &lt;wd:ID wd:type=&quot;Adjustment_Reason_ID&quot;>@{props['adjustment.reason']}&lt;/wd:ID>&#xD;
                &lt;/wd:Adjustment_Reason_Reference>&#xD;
                @end{}</cc:text>
                        <cc:message-content/>
                        <cc:text>        @if{props['if.adjustment'] == true}&#xD;
        &lt;/wd:Supplier_Invoice_Adjustment_Data>&#xD;
        &lt;/wd:Submit_Supplier_Invoice_Adjustment_Request>&#xD;
          @else{}&#xD;
        &lt;/wd:Supplier_Invoice_Data>&#xD;
		&lt;/wd:Import_Supplier_Invoice_Request>     &#xD;
          @end{}&#xD;
  &lt;/env:Body>&#xD;
&lt;/env:Envelope></cc:text>
                    </cc:message>
                </cc:write>
                <cc:copy id="Copy0" output-mimetype="text/xml"/>
                <cc:log id="Log0">
                    <cc:log-message>
                        <cc:text>-Submit Request--------</cc:text>
                        <cc:message-content/>
                    </cc:log-message>
                </cc:log>
            </cc:steps>
            <cc:send-error id="SendError" routes-to="Validation-Off2"/>
        </cc:async-mediation>
        <cc:local-out id="Web-Service-err" routes-response-to="Call-Err-Audit-Log1" endpoint="vm://wcc/PutIntegrationMessage"><cc:set name="is.message.severity" value="'ERROR'"/><cc:set name="is.message.summary" value="context.errorMessage"/></cc:local-out>
        <cc:local-in id="Submit-inv" routes-to="Prepare-WWS"/>
        <cc:async-mediation id="Validation-On" routes-to="Submit-Sup-Inv" execute-steps-when="props['validation.mode'] == true">
            <cc:steps>
                <cc:set-headers id="Validation-On"><cc:remove-headers/><cc:add-headers>
    <cc:add-header name="X-Validate-Only" value="1"/>
</cc:add-headers></cc:set-headers>
            </cc:steps>
        </cc:async-mediation>
        <cc:workday-out-soap id="Submit-Sup-Inv" routes-response-to="Validation-Off" application="Resource_Management" version="@{props['web.service.version']}"/>
        <cc:async-mediation id="Validation-Off" routes-to="Call-Success-Log" execute-steps-when="props['validation.mode'] == true">
            <cc:steps>
                <cc:set-headers id="Validation-On"><cc:remove-headers>
    <cc:remove-header name="X-Validate-Only"/>
</cc:remove-headers><cc:add-headers/></cc:set-headers>
            </cc:steps>
        </cc:async-mediation>
        <cc:async-mediation id="Validation-Off2" routes-to="Web-Service-err" execute-steps-when="props['validation.mode'] == true">
            <cc:steps>
                <cc:set-headers id="Validation-Off"><cc:remove-headers>
    <cc:remove-header name="X-Validate-Only"/>
</cc:remove-headers><cc:add-headers/></cc:set-headers>
            </cc:steps>
        </cc:async-mediation>
        <cc:local-out id="Call-Success-Log" store-message="none" endpoint="vm://INTNF73-Intercompany-Invoice-Supplier-Invoices-Boomerang/Audit-log">
            <cc:set name="msg.det" value="'Supplier Invoice Updated Successfully.'"/>
            <cc:set name="sup.inv" value="props['supplier.invoice.number']"/>
            <cc:set name="cus.inv" value="props['customer.invoice.number']"/>
            <cc:set name="msg.status" value="'Success'"/>
            <cc:set name="in.final" value="false"/>
        </cc:local-out>
        <cc:local-out id="Call-Close-Line" store-message="none" routes-response-to="CallSub-Inv" endpoint="vm://INTNF73-Intercompany-Invoice-Supplier-Invoices-Boomerang/CloseBatch"><cc:set name="Close.Batch" value="props['close.batch'] = true"/></cc:local-out>
        <cc:local-out id="Split-Line-Err" endpoint="vm://wcc/PutIntegrationMessage"><cc:set name="is.message.severity" value="'ERROR'"/><cc:set name="is.message.summary" value="context.errorMessage"/></cc:local-out>
        <cc:local-out id="Call-Err-Audit-Log1" store-message="none" endpoint="vm://INTNF73-Intercompany-Invoice-Supplier-Invoices-Boomerang/Audit-log">
            <cc:set name="msg.det" value="'Supplier Invoice Not Updated. Error: ' + context.errorMessage"/>
            <cc:set name="sup.inv" value="props['supplier.invoice.number']"/>
            <cc:set name="cus.inv" value="props['customer.invoice.number']"/>
            <cc:set name="msg.status" value="'Error'"/>
            <cc:set name="in.final" value="false"/>
        </cc:local-out>
        <cc:local-out id="CallSub-Inv" store-message="none" execute-when="props['pre.cnt.err'] == false" endpoint="vm://INTNF73-Intercompany-Invoice-Supplier-Invoices-Boomerang/Submit-inv"/>
	</cc:assembly>

</beans>