<?xml version="1.0" encoding="UTF-8"?>
<wdnm:Diagram xmlns:wdnm="http://workday.com/studio/editors/notation">
  <element href="assembly.xml#WorkdayAssembly"/>
  <visualProperties>
    <element href="assembly.xml#StatusTimeoutErrorHandler"/>
  </visualProperties>
  <visualProperties>
    <element href="assembly.xml#Note-Error"/>
  </visualProperties>
  <visualProperties>
    <element href="assembly.xml#AM-PutThirdPartyError"/>
  </visualProperties>
  <visualProperties>
    <element href="assembly.xml#AM-Log"/>
  </visualProperties>
  <visualProperties>
    <element href="assembly.xml#WorkdayOutError"/>
  </visualProperties>
  <visualProperties x="71" y="324">
    <element href="assembly.xml#ErrorStatusHandler-IN"/>
  </visualProperties>
  <visualProperties x="227" y="338">
    <element href="assembly.xml#Note-Status"/>
  </visualProperties>
  <visualProperties x="295" y="309">
    <element href="assembly.xml#AM-ErrorMessage"/>
  </visualProperties>
  <visualProperties x="555" y="379">
    <element href="assembly.xml#AM-LogError"/>
  </visualProperties>
  <visualProperties x="690" y="367">
    <element href="assembly.xml#WorkdayOutErrorStatus"/>
  </visualProperties>
  <visualProperties x="735" y="356">
    <element href="assembly.xml#AsyncMediation"/>
  </visualProperties>
  <connections type="routesTo" sourceAnchorX="0.7704918032786885" sourceAnchorY="1.0" targetAnchorX="0.12280701754385964" targetAnchorY="0.4864864864864865">
    <source href="assembly.xml#StatusTimeoutErrorHandler"/>
    <target href="assembly.xml#Note-Error"/>
  </connections>
  <connections type="routesResponseTo" sourceAnchorX="0.8859649122807017" sourceAnchorY="1.0" targetAnchorX="0.018518518518518517" targetAnchorY="0.6808510638297872">
    <source href="assembly.xml#Note-Error"/>
    <target href="assembly.xml#AM-PutThirdPartyError"/>
  </connections>
  <connections type="routesTo" sourceAnchorX="1.0" sourceAnchorY="0.26595744680851063" targetAnchorX="0.06299212598425197" targetAnchorY="0.8723404255319149">
    <source href="assembly.xml#AM-PutThirdPartyError"/>
    <target href="assembly.xml#AM-Log"/>
  </connections>
  <connections type="routesTo" sourceAnchorX="1.0" sourceAnchorY="0.18085106382978725" targetAnchorX="0.6" targetAnchorY="0.6486486486486487">
    <source href="assembly.xml#AM-Log"/>
    <target href="assembly.xml#WorkdayOutError"/>
  </connections>
  <connections type="routesTo" sourceAnchorX="0.776536312849162" sourceAnchorY="1.0" targetAnchorX="0.3524590163934426" targetAnchorY="0.1891891891891892">
    <source href="assembly.xml#ErrorStatusHandler-IN"/>
    <target href="assembly.xml#Note-Status"/>
  </connections>
  <connections type="routesResponseTo" sourceAnchorX="0.8688524590163934" sourceAnchorY="1.0" targetAnchorX="0.20714285714285716" targetAnchorY="0.5851063829787234">
    <source href="assembly.xml#Note-Status"/>
    <target href="assembly.xml#AM-ErrorMessage"/>
  </connections>
  <connections type="routesTo" sourceAnchorX="1.0" sourceAnchorY="0.32978723404255317" targetAnchorX="0.11818181818181818">
    <source href="assembly.xml#AM-ErrorMessage"/>
    <target href="assembly.xml#AM-LogError"/>
  </connections>
  <connections type="routesTo" sourceAnchorX="1.0" sourceAnchorY="0.3404255319148936" targetAnchorX="0.22702702702702704" targetAnchorY="0.5675675675675675">
    <source href="assembly.xml#AM-LogError"/>
    <target href="assembly.xml#WorkdayOutErrorStatus"/>
  </connections>
  <connections type="routesResponseTo" sourceAnchorX="0.8758169934640523" sourceAnchorY="1.0" targetAnchorX="0.16037735849056603" targetAnchorY="0.16304347826086957">
    <source href="assembly.xml#WorkdayOutErrorStatus"/>
    <target href="assembly.xml#AsyncMediation"/>
  </connections>
  <swimlanes x="31" y="66" name="Import Status Timeout Error Handler" topBorderColor="255">
    <elements href="assembly.xml#StatusTimeoutErrorHandler"/>
    <elements href="assembly.xml#Note-Error"/>
    <elements href="assembly.xml#AM-PutThirdPartyError"/>
    <elements href="assembly.xml#AM-Log"/>
    <elements href="assembly.xml#WorkdayOutError"/>
  </swimlanes>
  <swimlanes x="31" y="273" name="Error Status Handler" topBorderColor="255">
    <elements href="assembly.xml#ErrorStatusHandler-IN"/>
    <elements href="assembly.xml#Note-Status"/>
    <elements href="assembly.xml#AM-ErrorMessage"/>
    <elements href="assembly.xml#AM-LogError"/>
    <elements href="assembly.xml#WorkdayOutErrorStatus"/>
    <elements href="assembly.xml#AsyncMediation"/>
  </swimlanes>
</wdnm:Diagram>
