<?xml version="1.0" encoding="UTF-8"?>
<wdnm:Diagram xmlns:wdnm="http://workday.com/studio/editors/notation">
  <element href="assembly.xml#WorkdayAssembly"/>
  <visualProperties x="14" y="233">
    <element href="assembly.xml#StartHere"/>
  </visualProperties>
  <visualProperties x="304" y="242">
    <element href="assembly.xml#Call-Get_Data"/>
  </visualProperties>
  <visualProperties x="46" y="532">
    <element href="assembly.xml#Get_Data"/>
  </visualProperties>
  <visualProperties x="256" y="494">
    <element href="assembly.xml#Async-HandleErrorFromResponse"/>
  </visualProperties>
  <visualProperties x="1008" y="590">
    <element href="assembly.xml#Call-ProcessActualsRecord"/>
  </visualProperties>
  <visualProperties x="28" y="1144">
    <element href="assembly.xml#ProcessControlFile"/>
  </visualProperties>
  <visualProperties x="256" y="1099">
    <element href="assembly.xml#Async-Deliver_Output_File"/>
  </visualProperties>
  <visualProperties x="44" y="1377">
    <element href="assembly.xml#//@beans/@mixed.1/@mixed.15"/>
  </visualProperties>
  <visualProperties x="203" y="1377">
    <element href="assembly.xml#Call_Critical_Message"/>
  </visualProperties>
  <visualProperties x="444" y="1377">
    <element href="assembly.xml#Call_Critical_Event"/>
  </visualProperties>
  <visualProperties x="34" y="859">
    <element href="assembly.xml#ProcessActualsRecord"/>
  </visualProperties>
  <visualProperties x="850" y="463">
    <element href="assembly.xml#Splitter"/>
  </visualProperties>
  <visualProperties x="265" y="814">
    <element href="assembly.xml#Async-Transform_Response"/>
  </visualProperties>
  <visualProperties x="688" y="825">
    <element href="assembly.xml#Aggregate_Response"/>
  </visualProperties>
  <visualProperties x="109" y="336">
    <element href="assembly.xml#PutIntegrationMessage"/>
  </visualProperties>
  <visualProperties x="581" y="580">
    <element href="assembly.xml#PutIntegrationMessage0"/>
  </visualProperties>
  <visualProperties x="378" y="960">
    <element href="assembly.xml#Log_FormatError"/>
  </visualProperties>
  <visualProperties x="265" y="1239">
    <element href="assembly.xml#Log_ControlFileError"/>
  </visualProperties>
  <visualProperties x="1286" y="859">
    <element href="assembly.xml#Store_Document"/>
  </visualProperties>
  <visualProperties x="1361" y="242">
    <element href="assembly.xml#SignalCompletion"/>
  </visualProperties>
  <visualProperties x="157" y="197">
    <element href="assembly.xml#Initialize"/>
  </visualProperties>
  <visualProperties x="581" y="532">
    <element href="assembly.xml#WorkdayOutRest"/>
  </visualProperties>
  <visualProperties x="905" y="814">
    <element href="assembly.xml#OutputFIle"/>
  </visualProperties>
  <visualProperties x="890" y="242">
    <element href="assembly.xml#CallProcessSummaryFile"/>
  </visualProperties>
  <visualProperties x="992" y="960">
    <element href="assembly.xml#Log_OutputFileError"/>
  </visualProperties>
  <visualProperties x="658" y="242">
    <element href="assembly.xml#CallGenerateActualsFile"/>
  </visualProperties>
  <visualProperties x="470" y="215">
    <element href="assembly.xml#SetCloseCondition"/>
  </visualProperties>
  <visualProperties x="492" y="1144">
    <element href="assembly.xml#SendControlRptFile"/>
  </visualProperties>
  <visualProperties x="1121" y="242">
    <element href="assembly.xml#SendCompletedMessage"/>
  </visualProperties>
  <decorations x="7" y="-6" width="1024" height="68" font="Arial|22|1" fontColor="1" type="TEXT" text="INT1022 - AonHewitt GSS Payroll Actuals Outbound"/>
  <decorations x="7" y="61" width="640" height="70" type="TEXT" text="Integration that retrieves data from Workday using Custom Report based on Completed On and Off Cycle Results, applies XSL Transformation and sends output file to vendor via SFTP"/>
  <decorations x="14" y="117" width="1509" height="269" bgColor="10485759" text=""/>
  <decorations x="14" y="130" width="375" height="61" type="NOTE" text="This is the first section of the assembly that will get the Launch parameter and sets properites"/>
  <decorations x="6" y="452" width="1299" height="251" bgColor="12615935" text=""/>
  <decorations x="14" y="411" width="439" height="60" type="NOTE" text="This sub-assembly is the main section that calls the custom report to get  data. "/>
  <decorations x="7" y="1026" width="787" height="283" bgColor="16764831" text=""/>
  <decorations x="10" y="1026" width="277" height="68" type="NOTE" text="This subassembly generates the control report file"/>
  <decorations x="10" y="1319" width="649" height="135" bgColor="6579455" text=""/>
  <decorations x="14" y="1325" width="144" height="36" type="NOTE" text="Global Error Handler"/>
  <decorations x="7" y="671" width="1447" height="346" bgColor="12615808" text=""/>
  <decorations x="14" y="679" width="269" height="77" type="NOTE" text="This section processes each payroll result retrieved from the report"/>
  <decorations x="714" y="711" width="389" height="83" bgColor="12615808" fgColor="12615808" type="NOTE" text="NB: The amount not sent to GSS is the sum of garnishments where the deduction recipient is AGARNHOLD or amount is 0 or negative"/>
  <connections type="routesTo" sourceAnchorX="0.9844961240310077" sourceAnchorY="0.5405405405405406" targetAnchorX="0.09701492537313433">
    <source href="assembly.xml#ProcessControlFile"/>
    <target href="assembly.xml#Async-Deliver_Output_File"/>
  </connections>
  <connections type="routesTo" sourceAnchorX="0.875" targetAnchorX="0.08900523560209424" targetAnchorY="0.3783783783783784">
    <source href="assembly.xml#//@beans/@mixed.1/@mixed.7/@mixed.3"/>
    <target href="assembly.xml#PutIntegrationMessage0"/>
  </connections>
  <connections type="routesTo" sourceAnchorX="0.4700460829493088" sourceAnchorY="0.9" targetAnchorX="0.387434554973822" targetAnchorY="0.1891891891891892">
    <source href="assembly.xml#//@beans/@mixed.1/@mixed.25/@mixed.3"/>
    <target href="assembly.xml#Log_FormatError"/>
  </connections>
  <connections type="routesTo" sourceAnchorX="1.0" sourceAnchorY="0.6216216216216216" targetAnchorX="0.08791208791208792" targetAnchorY="0.4594594594594595">
    <source href="assembly.xml#//@beans/@mixed.1/@mixed.15"/>
    <target href="assembly.xml#Call_Critical_Message"/>
  </connections>
  <connections type="routesResponseTo" sourceAnchorX="0.8461538461538461" sourceAnchorY="0.4594594594594595" targetAnchorX="0.11180124223602485" targetAnchorY="0.40540540540540543">
    <source href="assembly.xml#Call_Critical_Message"/>
    <target href="assembly.xml#Call_Critical_Event"/>
  </connections>
  <connections type="routesTo" sourceAnchorX="0.8165137614678899" sourceAnchorY="0.4864864864864865" targetAnchorX="0.052980132450331126" targetAnchorY="0.448">
    <source href="assembly.xml#Get_Data"/>
    <target href="assembly.xml#Async-HandleErrorFromResponse"/>
  </connections>
  <connections type="routesTo">
    <source href="assembly.xml#//@beans/@mixed.1/@mixed.41/@mixed.3"/>
    <target href="assembly.xml#PutIntegrationMessage"/>
  </connections>
  <connections type="routesTo">
    <source href="assembly.xml#StartHere"/>
    <target href="assembly.xml#Initialize"/>
  </connections>
  <connections type="routesTo">
    <source href="assembly.xml#Initialize"/>
    <target href="assembly.xml#Call-Get_Data"/>
  </connections>
  <connections type="routesTo">
    <source href="assembly.xml#Async-HandleErrorFromResponse"/>
    <target href="assembly.xml#WorkdayOutRest"/>
  </connections>
  <connections type="routesTo">
    <source href="assembly.xml#Aggregate_Response"/>
    <target href="assembly.xml#OutputFIle"/>
  </connections>
  <connections type="routesTo">
    <source href="assembly.xml#OutputFIle"/>
    <target href="assembly.xml#Store_Document"/>
  </connections>
  <connections type="routesTo">
    <source href="assembly.xml#//@beans/@mixed.1/@mixed.13/@mixed.3"/>
    <target href="assembly.xml#Log_ControlFileError"/>
  </connections>
  <connections type="routesTo">
    <source href="assembly.xml#Async-Transform_Response"/>
    <target href="assembly.xml#Aggregate_Response"/>
  </connections>
  <connections type="routesTo">
    <source href="assembly.xml#//@beans/@mixed.1/@mixed.45/@mixed.3"/>
    <target href="assembly.xml#Log_OutputFileError"/>
  </connections>
  <connections type="routesTo">
    <source href="assembly.xml#ProcessActualsRecord"/>
    <target href="assembly.xml#Async-Transform_Response"/>
  </connections>
  <connections type="routesResponseTo">
    <source href="assembly.xml#WorkdayOutRest"/>
    <target href="assembly.xml#Splitter"/>
  </connections>
  <connections type="routesTo">
    <source href="assembly.xml#//@beans/@mixed.1/@splitter.0/@subRoute.0"/>
    <target href="assembly.xml#Call-ProcessActualsRecord"/>
  </connections>
  <connections type="routesResponseTo">
    <source href="assembly.xml#Call-Get_Data"/>
    <target href="assembly.xml#SetCloseCondition"/>
  </connections>
  <connections type="routesTo">
    <source href="assembly.xml#SetCloseCondition"/>
    <target href="assembly.xml#CallGenerateActualsFile"/>
  </connections>
  <connections type="routesTo">
    <source href="assembly.xml#Async-Deliver_Output_File"/>
    <target href="assembly.xml#SendControlRptFile"/>
  </connections>
  <connections type="routesResponseTo">
    <source href="assembly.xml#CallGenerateActualsFile"/>
    <target href="assembly.xml#CallProcessSummaryFile"/>
  </connections>
  <connections type="routesResponseTo">
    <source href="assembly.xml#CallProcessSummaryFile"/>
    <target href="assembly.xml#SendCompletedMessage"/>
  </connections>
  <connections type="routesResponseTo">
    <source href="assembly.xml#SendCompletedMessage"/>
    <target href="assembly.xml#SignalCompletion"/>
  </connections>
</wdnm:Diagram>
