<?xml version="1.0" encoding="UTF-8"?>
<beans
     xmlns="http://www.springframework.org/schema/beans"
     xmlns:beans="http://www.springframework.org/schema/beans"
     xmlns:AON="http://www.workday.com/integration/AON_TEXT_SCHEMA"
     xmlns:atom="http://www.w3.org/2005/Atom"
     xmlns:cc="http://www.capeclear.com/assembly/10"
     xmlns:cloud="urn:com.workday/esb/cloud/10.0"
     xmlns:env="http://schemas.xmlsoap.org/soap/envelope/"
     xmlns:pi="urn:com.workday/picof"
     xmlns:wd="urn:com.workday/bsvc"
     xmlns:xsi="http://www.w3.org/2001/XMLSchema-instance">
 
	<cc:assembly id="WorkdayAssembly" version="21.0">
        <cc:workday-in id="StartHere" routes-to="Initialize">
            <cc:integration-system name="INT9048 Bogart Payroll Actuals Outbound">
        <cloud:param name="Period">
          <cloud:type>
            <cloud:class-report-field description="Period" type="WID" singular="true">3d547083b2a247c2bc2abe352726399d</cloud:class-report-field>
          </cloud:type>
        </cloud:param>
        <cloud:param name="Pay Group ">
          <cloud:type>
            <cloud:class-report-field description="Pay Group" type="WID" singular="false">373a852f2e98484e8f65aa40f10f2acc</cloud:class-report-field>
          </cloud:type>
        </cloud:param>
        <cloud:attribute-map-service name="INT9048-Generic">
          <cloud:attribute name="Document Retention Policy in Days">
            <cloud:type>
              <cloud:simple-type>number</cloud:simple-type>
            </cloud:type>
            <cloud:display-option>required-for-launch</cloud:display-option>
          </cloud:attribute>
          <cloud:attribute name="Kickout Deduction Recipient">
            <cloud:type>
              <cloud:class-report-field description="Deduction Recipient" type="WID" singular="true">fcc78f988a5741b9bd495eb84044a7cd</cloud:class-report-field>
            </cloud:type>
          </cloud:attribute>
          <cloud:map name="EmployeesPayFrequency">
            <cloud:internal-type>
              <cloud:class-report-field description="Pay Frequency - Payroll" type="WID">61873cd2eb1c45b594d9803ff4715a2b</cloud:class-report-field>
            </cloud:internal-type>
            <cloud:external-type>
              <cloud:simple-type>text</cloud:simple-type>
            </cloud:external-type>
          </cloud:map>
        </cloud:attribute-map-service>
        <cloud:sequence-generator-service name="INT9048-Sequences">
          <cloud:sequencer>INT9048-Filename</cloud:sequencer>
        </cloud:sequence-generator-service>
        <cloud:delivery-service name="INT9048-Delivery"/>
        <cloud:report-service name="INT9048-Reports">
          <cloud:report-alias description="INT9048 Payroll Actuals" name="PayData">
            <cloud:report-reference description="INT9048 Bogart Payroll Actuals" type="WID">e92d730e5bd410577d6063fd50011389</cloud:report-reference>
          </cloud:report-alias>
        </cloud:report-service>
      </cc:integration-system>
        </cc:workday-in>
        <cc:local-out id="Call-Get_Data" store-message="none" routes-response-to="SetCloseCondition" endpoint="vm://INT9048-Bogart-Payroll-Actuals-Outbound/Get_Data"/>
        <cc:local-in id="Get_Data" routes-to="Async-HandleErrorFromResponse"/>
        <cc:async-mediation id="Async-HandleErrorFromResponse" routes-to="WorkdayOutRest" continue-after-error="rewind" handle-downstream-errors="true">
            <cc:steps>
                <cc:eval id="BuildURL"><cc:expression>props['report.url'] = &quot;?&quot;</cc:expression><cc:expression>props['report.url'] = props['report.url'] + &quot;Period!WID=&quot; + props['period.WID'] + &quot;&amp;&quot;</cc:expression><cc:expression>props['report.url'] = props['report.url'] + &quot;Pay_Group!WID=&quot; + props['paygroup.WID'].get(0)</cc:expression><cc:expression>int counter =props['paygroup.WID'].size() - 1</cc:expression><cc:expression>foreach(i : counter) {props['report.url'] = props['report.url'] + &quot;!&quot; + props['paygroup.WID'].get(i)}</cc:expression></cc:eval>
            </cc:steps>
            <cc:send-error id="errorHandler" routes-to="PutIntegrationMessage0"/>
        </cc:async-mediation>
        <cc:local-out id="Call-ProcessActualsRecord" store-message="none" endpoint="vm://INT9048-Bogart-Payroll-Actuals-Outbound/ProcessActualsRecord"/>
        <cc:local-in id="ProcessControlFile" routes-to="Async-Deliver_Output_File"/>
        <cc:async-mediation id="Async-Deliver_Output_File" routes-to="SendControlRptFile" handle-downstream-errors="true">
            <cc:steps>
                <cc:write id="Write0" output-mimetype="text/plain">
                    <cc:message>
                        <cc:text>Period|Pay_Group|Record_Count|Total_Dollar_Amount_Sent|Total_Dollar_Amount_Not_Sent&#xD;
@{props['period.description']}|@{props['paygroup.description']}|@{props['sent.count']}|@{props['amount.sent']}|@{props['amount.not.sent']}</cc:text>
                    </cc:message>
                </cc:write>
                <cc:store id="Store" output="variable" output-variable="control.total" expiresIn="@{props['expire.duration']}" summary="Pay_Results_Control_Total_Report.txt" title="Pay_Results_Control_Total_Report.txt"/>
            </cc:steps>
            <cc:send-error id="errorHandler" routes-to="Log_ControlFileError"/>
        </cc:async-mediation>
        <cc:send-error id="Critical_Error" routes-to="Call_Critical_Message"/>
<cc:local-out id="Call_Critical_Message" routes-response-to="Call_Critical_Event" endpoint="vm://wcc/PutIntegrationMessage">
<cc:set name="is.message.severity" value="'CRITICAL'"/>
<cc:set name="is.message.summary" value="'An unexpected error has occured please see details.'"/>
<cc:set name="is.message.detail" value="context.getErrorMessage()"/>
</cc:local-out>
<cc:local-out id="Call_Critical_Event" endpoint="vm://wcc/PutIntegrationEvent">
<cc:set name="is.event.completed" value="&quot;current&quot;"/>
</cc:local-out>
        <cc:local-in id="ProcessActualsRecord" routes-to="Async-Transform_Response"/>
        <cc:splitter id="Splitter" no-split-message-error="false">
            <cc:sub-route name="SubRoute" routes-to="Call-ProcessActualsRecord"/>
            <cc:xml-stream-splitter xpath="wd:Report_Data/wd:Report_Entry" xpath-version="2.0"/>
        </cc:splitter>
        <cc:async-mediation id="Async-Transform_Response" routes-to="Aggregate_Response" continue-after-error="rewind" execute-steps-when="props['close.agg'] == false" handle-downstream-errors="false">
            <cc:steps>
                <cc:xslt id="Group Result Lines" url="GroupAmounts.xsl_2.xsl"/>
                <cc:xslt id="Prepare_Detail_Row" output-mimetype="text/xml" input="message" url="Prepare_Detail_Row.xsl"/>
                <cc:eval id="Count_Rows"><cc:expression>props['count.detail.rows'] =  props['count.detail.rows'] + 1</cc:expression><cc:expression>props['amount.sent'] = parts[0].xpath(&quot;AON:Payslip/AON:CTRL_DATA/SEND&quot;) + parts[0].xpath(&quot;AON:Payslip/AON:CTRL_DATA/SENDAGRN&quot;) +  props['amount.sent']</cc:expression><cc:expression>props['amount.not.sent'] = parts[0].xpath(&quot;AON:Payslip/AON:CTRL_DATA/KICKOUT&quot;) + props['amount.not.sent']</cc:expression><cc:expression>props['sent.count'] = parts[0].xpath(&quot;AON:Payslip/AON:CTRL_DATA/COUNT&quot;) + props['sent.count']</cc:expression></cc:eval>
            </cc:steps>
            <cc:send-error id="errorHandler" routes-to="Log_FormatError"/>
        </cc:async-mediation>
        <cc:aggregator id="Aggregate_Response" routes-to="OutputFIle" collate-when="props['close.agg'] == false" force-batch-on-last-message="false" force-batch-when="props['close.agg'] == true">
            <cc:size-batch-strategy batch-size="-1"/>
            <cc:xml-message-content-collater output="variable" output-mimetype="text/xml" output-variable="aggregated.data" xpath="AON:Payslip/AON:Detail">
        <cc:header-text>&lt;AON:Details xmlns:AON='http://www.workday.com/integration/AON_TEXT_SCHEMA'></cc:header-text>
        <cc:footer-text>&lt;/AON:Details></cc:footer-text>
      </cc:xml-message-content-collater>
        </cc:aggregator>
        <cc:local-out id="PutIntegrationMessage" endpoint="vm://wcc/PutIntegrationMessage"><cc:set name="is.message.severity" value="'ERROR'"/><cc:set name="is.message.summary" value="'Error during Initialization'"/><cc:set name="is.message.detail" value="context.getErrorMessage()"/></cc:local-out>
        <cc:local-out id="PutIntegrationMessage0" endpoint="vm://wcc/PutIntegrationMessage"><cc:set name="is.message.severity" value="'ERROR'"/><cc:set name="is.message.summary" value="'Error retrieving report data'"/><cc:set name="is.message.detail" value="context.getErrorMessage()"/></cc:local-out>
        <cc:local-out id="Log_FormatError" endpoint="vm://wcc/PutIntegrationMessage"><cc:set name="is.message.severity" value="'ERROR'"/><cc:set name="is.message.summary" value="'Error during preparing detail row'"/><cc:set name="is.message.detail" value="context.getErrorMessage()"/></cc:local-out>
        <cc:local-out id="Log_ControlFileError" endpoint="vm://wcc/PutIntegrationMessage"><cc:set name="is.message.severity" value="'ERROR'"/><cc:set name="is.message.summary" value="'Error during final transofrmation and storing'"/><cc:set name="is.message.detail" value="context.getErrorMessage()"/></cc:local-out>
        <cc:local-out id="Store_Document" endpoint="vm://wcc/PutIntegrationMessage" clone-request="true"><cc:set name="is.message.summary" value="'Pay Results File Attached'"/><cc:set name="is.document.file.name" value="props['filename']"/><cc:set name="is.document.deliverable" value="'true'"/><cc:set name="is.document.variable.name" value="'stored.txt'"/></cc:local-out>
        <cc:local-out id="SignalCompletion" endpoint="vm://wcc/PutIntegrationEvent">
            <cc:set name="is.event.completed" value="&quot;current&quot;"/>
        </cc:local-out>
        <cc:async-mediation id="Initialize" routes-to="Call-Get_Data">
            <cc:steps>
                <cc:eval id="GlobalVars"><cc:expression>props['paygroup.WID'] = lp.getReferenceDataList('Pay Group', 'WID')</cc:expression><cc:expression>props['period.WID'] = lp.getReferenceData('Period', 'WID')</cc:expression><cc:expression>props['count.detail.rows'] = 0 </cc:expression><cc:expression>props['filename'] = lp.getSequencedValue('INT9048-Filename')</cc:expression><cc:expression>props['period.description'] = lp.getDescriptor('Period', props['period.WID']); props['paygroup.description'] = lp.getDescriptor('Pay Group',  props['paygroup.WID'].get(0))</cc:expression><cc:expression>props['current.dateTime'] = parts[0].xpath(&quot;concat(substring(string(current-dateTime()), 1, 10), '_', substring(string(current-dateTime()), 12, 8))&quot;)</cc:expression><cc:expression>props['amount.sent'] = 0.00</cc:expression><cc:expression>props['amount.not.sent'] = 0.00</cc:expression><cc:expression>props['close.agg'] = false</cc:expression><cc:expression>props['expire.duration'] = 'P' # intsys.getAttribute('Document Retention Policy in Days') # 'D'</cc:expression><cc:expression>props['vendor.id'] = intsys.getAttributeReferenceData('Kickout Deduction Recipient', 'WID')</cc:expression><cc:expression>props['sent.count'] = 0</cc:expression></cc:eval>
            </cc:steps>
            <cc:send-error id="SendError" routes-to="PutIntegrationMessage"/>
        </cc:async-mediation>
        <cc:workday-out-rest id="WorkdayOutRest" routes-response-to="Splitter" extra-path="@{intsys.reportService.getExtrapath('PayData')}@{props['report.url']}"/>
        <cc:async-mediation id="OutputFIle" routes-to="Store_Document">
            <cc:steps>
                <cc:write id="Write">
                    <cc:message>
                        <cc:text>&lt;AON:PayFile xmlns:AON=&quot;http://www.workday.com/integration/AON_TEXT_SCHEMA&quot;>&#xD;
    &lt;AON:Header>&#xD;
        &lt;Description>Statement of Earnings&lt;/Description>&#xD;
        &lt;TimeStamp>@{props['current.dateTime']}&lt;/TimeStamp>&#xD;
        &lt;/AON:Header>&#xD;
        &lt;AON:Details/>&#xD;
        &lt;AON:Trailer>&#xD;
            &lt;Record_Identifier>Total&lt;/Record_Identifier>&#xD;
            &lt;Count>@{props['count.detail.rows']}&lt;/Count>&#xD;
        &lt;/AON:Trailer>&#xD;
&lt;/AON:PayFile >&#xD;
</cc:text>
                    </cc:message>
                </cc:write>
                <cc:copy id="Copy" input="variable" input-variable="aggregated.data" input-xpath="AON:Details" output-xpath="AON:PayFile/AON:Details"/>
                <cc:textschema id="XMLtoFixedwidth" output-mimetype="text/plain" style="xml2text" url="XMLtoFixedwidth.xsd"/>
                <cc:store id="Store_Output_File" output="variable" output-mimetype="text/plain" output-variable="stored.txt" expiresIn="@{props['expire.duration']}" summary="@{props['filename']}" title="@{props['filename']}"/>
            </cc:steps>
            <cc:send-error id="SendError" routes-to="Log_OutputFileError"/>
        </cc:async-mediation>
        <cc:local-out id="CallProcessSummaryFile" store-message="none" execute-when="props['count.detail.rows'] > 0" routes-response-to="SendCompletedMessage" endpoint="vm://INT9048-Bogart-Payroll-Actuals-Outbound/ProcessControlFile"/>
        <cc:local-out id="Log_OutputFileError" endpoint="vm://wcc/PutIntegrationMessage"><cc:set name="is.message.severity" value="'INFO'"/><cc:set name="is.message.summary"/><cc:set name="is.message.detail"/></cc:local-out>
        <cc:local-out id="CallGenerateActualsFile" store-message="none" execute-when="props['count.detail.rows'] > 0" routes-response-to="CallProcessSummaryFile" endpoint="vm://INT9048-Bogart-Payroll-Actuals-Outbound/ProcessActualsRecord"/>
        <cc:async-mediation id="SetCloseCondition" routes-to="CallGenerateActualsFile">
            <cc:steps>
                <cc:eval id="closeagg"><cc:expression>props['close.agg'] = true</cc:expression><cc:expression>props['integration.message'] = props['count.detail.rows'] == 0 ? 'The integration processed 0 records ' :  'The integration processed a total of ' + props['count.detail.rows'] + ' record(s)'</cc:expression></cc:eval>
            </cc:steps>
        </cc:async-mediation>
        <cc:local-out id="SendControlRptFile" endpoint="vm://wcc/PutIntegrationMessage"><cc:set name="is.message.severity" value="'INFO'"/><cc:set name="is.message.summary" value="'Control file atached'"/><cc:set name="is.document.variable.name" value="'control.total'"/><cc:set name="is.document.deliverable" value="'true'"/></cc:local-out>
        <cc:local-out id="SendCompletedMessage" routes-response-to="SignalCompletion" endpoint="vm://wcc/PutIntegrationMessage">
            <cc:set name="is.message.severity" value="'INFO'"/>
            <cc:set name="is.message.summary" value="props['integration.message']"/>
        </cc:local-out>
	</cc:assembly>

</beans>