<?xml version="1.0" encoding="UTF-8"?>
<wdnm:Diagram xmlns:wdnm="http://workday.com/studio/editors/notation">
  <element href="assembly.xml#WorkdayAssembly"/>
  <visualProperties x="-145" y="-812">
    <element href="assembly.xml#StartHere"/>
  </visualProperties>
  <visualProperties x="42" y="-822">
    <element href="assembly.xml#Initialize"/>
  </visualProperties>
  <visualProperties x="-95" y="326">
    <element href="assembly.xml#//@beans/@mixed.1/@mixed.5"/>
  </visualProperties>
  <visualProperties x="242" y="309">
    <element href="assembly.xml#Note-Error"/>
  </visualProperties>
  <visualProperties x="1007" y="-509">
    <element href="assembly.xml#CallFullfileSOAPReq"/>
  </visualProperties>
  <visualProperties x="615" y="-519">
    <element href="assembly.xml#copy"/>
  </visualProperties>
  <visualProperties x="22" y="-661">
    <element href="assembly.xml#ThrowError5"/>
  </visualProperties>
  <visualProperties x="729" y="-784">
    <element href="assembly.xml#Call-ProcessFullFile"/>
  </visualProperties>
  <visualProperties x="-122" y="-449">
    <element href="assembly.xml#ProcessFullFile"/>
  </visualProperties>
  <visualProperties x="-139" y="-97">
    <element href="assembly.xml#FullfileSOAPReq"/>
  </visualProperties>
  <visualProperties x="56" y="-179">
    <element href="assembly.xml#FullFileSoapRequest"/>
  </visualProperties>
  <visualProperties x="338" y="-133">
    <element href="assembly.xml#PostAll"/>
  </visualProperties>
  <visualProperties x="483" y="-142">
    <element href="assembly.xml#CallTransformOutput"/>
  </visualProperties>
  <visualProperties x="746" y="-171">
    <element href="assembly.xml#Req0"/>
  </visualProperties>
  <visualProperties x="964" y="-307">
    <element href="assembly.xml#CallSmashflyAPI0"/>
  </visualProperties>
  <visualProperties x="1166" y="-302">
    <element href="assembly.xml#LogResponse0"/>
  </visualProperties>
  <visualProperties x="-115" y="187">
    <element href="assembly.xml#FullFileAggOutput"/>
  </visualProperties>
  <visualProperties x="106" y="167">
    <element href="assembly.xml#TransformAggData"/>
  </visualProperties>
  <visualProperties x="394" y="187">
    <element href="assembly.xml#FullFileOutput2"/>
  </visualProperties>
  <visualProperties x="698" y="120">
    <element href="assembly.xml#FullfileOutput"/>
  </visualProperties>
  <visualProperties x="789" y="196">
    <element href="assembly.xml#FullFileError"/>
  </visualProperties>
  <visualProperties x="386" y="-535">
    <element href="assembly.xml#ZeroPostings"/>
  </visualProperties>
  <visualProperties x="417" y="-383">
    <element href="assembly.xml#PutIntegrationMessage"/>
  </visualProperties>
  <visualProperties x="144" y="-490">
    <element href="assembly.xml#JobPostings"/>
  </visualProperties>
  <visualProperties x="781" y="-509">
    <element href="assembly.xml#JobPostingsCount"/>
  </visualProperties>
  <visualProperties x="274" y="-812">
    <element href="assembly.xml#ValidationMode"/>
  </visualProperties>
  <visualProperties x="520" y="-836">
    <element href="assembly.xml#LaunchParaVal"/>
  </visualProperties>
  <visualProperties x="507" y="-675">
    <element href="assembly.xml#LaunchParameterError"/>
  </visualProperties>
  <decorations x="-157" y="-874" width="1491" height="260" font="Candara|12|1" bgColor="16777153" fgColor="1" fontColor="1" text="Process Flow"/>
  <decorations x="-145" y="18" width="474" height="192" font="Candara|11|1" fgColor="1" fontColor="1" text="Error handling"/>
  <decorations x="-152" y="-321" width="1486" height="133" font="Candara|12|1" bgColor="16762111" fgColor="1" fontColor="1" text="Full file SOAP Request"/>
  <decorations x="-145" y="-181" width="1491" height="190" font="Candara|12|1" bgColor="12713945" fgColor="1" fontColor="1" text="Full File Aggregated Output"/>
  <decorations x="-157" y="-606" width="1491" height="275" type="NOTE" text="Text"/>
  <connections type="routesTo" sourceAnchorX="0.9747899159663865" sourceAnchorY="0.5945945945945946" targetAnchorX="0.13978494623655913" targetAnchorY="0.21739130434782608">
    <source href="assembly.xml#StartHere"/>
    <target href="assembly.xml#Initialize"/>
  </connections>
  <connections type="routesTo" sourceAnchorX="0.9669421487603306" sourceAnchorY="0.43243243243243246" targetAnchorX="0.06060606060606061" targetAnchorY="0.3783783783783784">
    <source href="assembly.xml#//@beans/@mixed.1/@mixed.5"/>
    <target href="assembly.xml#Note-Error"/>
  </connections>
  <connections type="routesTo" sourceAnchorX="1.0" sourceAnchorY="0.18085106382978725" targetAnchorX="0.3380281690140845" targetAnchorY="0.972972972972973">
    <source href="assembly.xml#copy"/>
    <target href="assembly.xml#JobPostingsCount"/>
  </connections>
  <connections type="routesTo" sourceAnchorX="0.6077348066298343" sourceAnchorY="1.0" targetAnchorX="0.656" targetAnchorY="0.7027027027027027">
    <source href="assembly.xml#//@beans/@mixed.1/@mixed.3/@mixed.3"/>
    <target href="assembly.xml#ThrowError5"/>
  </connections>
  <connections type="routesTo" sourceAnchorX="0.8975903614457831" sourceAnchorY="1.0" targetAnchorX="0.1111111111111111" targetAnchorY="0.08333333333333333">
    <source href="assembly.xml#FullfileSOAPReq"/>
    <target href="assembly.xml#FullFileSoapRequest"/>
  </connections>
  <connections type="routesTo" sourceAnchorX="1.0" sourceAnchorY="0.24468085106382978" targetAnchorX="0.22549019607843138" targetAnchorY="0.5675675675675675">
    <source href="assembly.xml#FullFileSoapRequest"/>
    <target href="assembly.xml#PostAll"/>
  </connections>
  <connections type="routesResponseTo" sourceAnchorX="0.5988372093023255" sourceAnchorY="1.0" targetAnchorX="0.1828358208955224" targetAnchorY="0.20212765957446807">
    <source href="assembly.xml#CallTransformOutput"/>
    <target href="assembly.xml#Req0"/>
  </connections>
  <connections type="routesTo" sourceAnchorX="0.5397923875432526" sourceAnchorY="1.0" targetAnchorX="0.09248554913294797" targetAnchorY="0.4647887323943662">
    <source href="assembly.xml#Req0"/>
    <target href="assembly.xml#CallSmashflyAPI0"/>
  </connections>
  <connections type="routesResponseTo" sourceAnchorX="1.0" sourceAnchorY="0.22535211267605634" targetAnchorX="0.1015625" targetAnchorY="0.23404255319148937">
    <source href="assembly.xml#CallSmashflyAPI0"/>
    <target href="assembly.xml#LogResponse0"/>
  </connections>
  <connections type="routesTo" sourceAnchorX="0.796875" sourceAnchorY="1.0" targetAnchorX="0.21052631578947367" targetAnchorY="0.24468085106382978">
    <source href="assembly.xml#FullFileAggOutput"/>
    <target href="assembly.xml#TransformAggData"/>
  </connections>
  <connections type="routesTo" sourceAnchorX="1.0" sourceAnchorY="0.1702127659574468" targetAnchorX="0.18085106382978725" targetAnchorY="0.192">
    <source href="assembly.xml#TransformAggData"/>
    <target href="assembly.xml#FullFileOutput2"/>
  </connections>
  <connections type="routesTo" sourceAnchorX="1.0" sourceAnchorY="0.1968503937007874" targetAnchorX="0.06338028169014084" targetAnchorY="0.4864864864864865">
    <source href="assembly.xml#FullFileOutput2"/>
    <target href="assembly.xml#FullfileOutput"/>
  </connections>
  <connections type="routesTo" sourceAnchorX="0.7801418439716312" sourceAnchorY="1.0" targetAnchorX="0.12650602409638553" targetAnchorY="0.3783783783783784">
    <source href="assembly.xml#//@beans/@mixed.1/@mixed.23/@mixed.3"/>
    <target href="assembly.xml#FullFileError"/>
  </connections>
  <connections type="routesResponseTo" sourceAnchorX="0.5588235294117647" sourceAnchorY="1.0" targetAnchorX="0.07253886010362694" targetAnchorY="0.35135135135135137">
    <source href="assembly.xml#PostAll"/>
    <target href="assembly.xml#CallTransformOutput"/>
  </connections>
  <connections type="routesTo" sourceAnchorX="1.0" sourceAnchorY="0.17886178861788618" targetAnchorX="0.23770491803278687" targetAnchorY="0.625">
    <source href="assembly.xml#ZeroPostings"/>
    <target href="assembly.xml#copy"/>
  </connections>
  <connections type="routesTo" sourceAnchorX="0.7151898734177216" sourceAnchorY="1.0" targetAnchorX="0.48175182481751827" targetAnchorY="0.6756756756756757">
    <source href="assembly.xml#ProcessFullFile"/>
    <target href="assembly.xml#JobPostings"/>
  </connections>
  <connections type="routesResponseTo" sourceAnchorX="0.7591240875912408" sourceAnchorY="1.0" targetAnchorX="0.59375" targetAnchorY="0.3008130081300813">
    <source href="assembly.xml#JobPostings"/>
    <target href="assembly.xml#ZeroPostings"/>
  </connections>
  <connections type="routesTo" sourceAnchorX="0.5785123966942148" sourceAnchorY="1.0" targetAnchorX="0.3804878048780488" targetAnchorY="0.21621621621621623">
    <source href="assembly.xml#//@beans/@mixed.1/@mixed.47/@mixed.3"/>
    <target href="assembly.xml#PutIntegrationMessage"/>
  </connections>
  <connections type="routesResponseTo" sourceAnchorX="0.5446009389671361" sourceAnchorY="1.0" targetAnchorX="0.14136125654450263" targetAnchorY="0.2972972972972973">
    <source href="assembly.xml#JobPostingsCount"/>
    <target href="assembly.xml#CallFullfileSOAPReq"/>
  </connections>
  <connections type="routesResponseTo" sourceAnchorX="0.5633802816901409" sourceAnchorY="1.0" targetAnchorX="0.30434782608695654" targetAnchorY="0.4094488188976378">
    <source href="assembly.xml#ValidationMode"/>
    <target href="assembly.xml#LaunchParaVal"/>
  </connections>
  <connections type="routesTo" sourceAnchorX="1.0" sourceAnchorY="0.2125984251968504" targetAnchorX="0.16339869281045752" targetAnchorY="0.43243243243243246">
    <source href="assembly.xml#Initialize"/>
    <target href="assembly.xml#ValidationMode"/>
  </connections>
  <connections type="routesTo" sourceAnchorX="1.0" sourceAnchorY="0.18110236220472442" targetAnchorX="0.2765957446808511" targetAnchorY="0.4864864864864865">
    <source href="assembly.xml#LaunchParaVal"/>
    <target href="assembly.xml#Call-ProcessFullFile"/>
  </connections>
  <connections type="routesTo" sourceAnchorX="0.3116883116883117" sourceAnchorY="1.0" targetAnchorX="0.45539906103286387" targetAnchorY="0.24324324324324326">
    <source href="assembly.xml#//@beans/@mixed.1/@mixed.53/@mixed.3"/>
    <target href="assembly.xml#LaunchParameterError"/>
  </connections>
  <swimlanes x="-129" y="-852" name="Swimlane">
    <elements href="assembly.xml#StartHere"/>
    <elements href="#//@swimlanes.1"/>
    <elements href="assembly.xml#ValidationMode"/>
  </swimlanes>
  <swimlanes x="-56" y="-710" name="Swimlane" orientation="VERTICAL">
    <elements href="assembly.xml#Initialize"/>
    <elements href="assembly.xml#ThrowError5"/>
  </swimlanes>
  <swimlanes x="439" y="-852" name="Swimlane" orientation="VERTICAL">
    <elements href="assembly.xml#LaunchParaVal"/>
    <elements href="assembly.xml#LaunchParameterError"/>
  </swimlanes>
  <swimlanes x="720" y="-858" name="Swimlane">
    <elements href="assembly.xml#Call-ProcessFullFile"/>
  </swimlanes>
  <swimlanes x="-129" y="-519" name="Swimlane">
    <elements href="assembly.xml#ProcessFullFile"/>
    <elements href="assembly.xml#JobPostings"/>
    <elements href="#//@swimlanes.5"/>
  </swimlanes>
  <swimlanes x="208" y="-484" name="Swimlane" orientation="VERTICAL">
    <elements href="assembly.xml#ZeroPostings"/>
    <elements href="assembly.xml#PutIntegrationMessage"/>
  </swimlanes>
  <swimlanes x="539" y="-519" name="Swimlane">
    <elements href="assembly.xml#copy"/>
    <elements href="assembly.xml#JobPostingsCount"/>
    <elements href="assembly.xml#CallFullfileSOAPReq"/>
  </swimlanes>
  <swimlanes x="-129" y="-192" name="Swimlane">
    <elements href="assembly.xml#FullfileSOAPReq"/>
    <elements href="assembly.xml#FullFileSoapRequest"/>
    <elements href="assembly.xml#PostAll"/>
    <elements href="assembly.xml#CallTransformOutput"/>
    <elements href="assembly.xml#Req0"/>
    <elements href="assembly.xml#CallSmashflyAPI0"/>
    <elements href="assembly.xml#LogResponse0"/>
  </swimlanes>
  <swimlanes x="-129" y="-26" name="Swimlane">
    <elements href="assembly.xml#FullFileAggOutput"/>
    <elements href="assembly.xml#TransformAggData"/>
    <elements href="assembly.xml#FullFileOutput2"/>
    <elements href="#//@swimlanes.9"/>
  </swimlanes>
  <swimlanes x="610" y="100" name="Swimlane" orientation="VERTICAL">
    <elements href="assembly.xml#FullfileOutput"/>
    <elements href="assembly.xml#FullFileError"/>
  </swimlanes>
  <swimlanes x="-129" y="210" name="Swimlane">
    <elements href="assembly.xml#//@beans/@mixed.1/@mixed.5"/>
    <elements href="assembly.xml#Note-Error"/>
  </swimlanes>
</wdnm:Diagram>
