<?xml version="1.0" encoding="UTF-8"?>
<wdnm:Diagram xmlns:wdnm="http://workday.com/studio/editors/notation">
  <element href="assembly.xml#WorkdayAssembly"/>
  <visualProperties x="307" y="175">
    <element href="assembly.xml#StartHere"/>
  </visualProperties>
  <visualProperties x="423" y="197">
    <element href="assembly.xml#AsyncMediation"/>
  </visualProperties>
  <visualProperties x="605" y="195">
    <element href="assembly.xml#HttpOut"/>
  </visualProperties>
  <visualProperties x="735" y="200">
    <element href="assembly.xml#AsyncMediation0"/>
  </visualProperties>
  <connections type="routesTo" sourceAnchorX="0.7981651376146789" sourceAnchorY="1.0" targetAnchorX="0.1889763779527559" targetAnchorY="0.6086956521739131">
    <source href="assembly.xml#StartHere"/>
    <target href="assembly.xml#AsyncMediation"/>
  </connections>
  <connections type="routesTo" sourceAnchorX="1.0" sourceAnchorY="0.32978723404255317" targetAnchorX="0.30612244897959184" targetAnchorY="0.32432432432432434">
    <source href="assembly.xml#AsyncMediation"/>
    <target href="assembly.xml#HttpOut"/>
  </connections>
  <connections type="routesResponseTo" sourceAnchorX="0.6836734693877551" sourceAnchorY="1.0" targetAnchorX="0.3656716417910448" targetAnchorY="0.6382978723404256">
    <source href="assembly.xml#HttpOut"/>
    <target href="assembly.xml#AsyncMediation0"/>
  </connections>
  <swimlanes x="295" y="134" name="Swimlane">
    <elements href="assembly.xml#StartHere"/>
    <elements href="assembly.xml#AsyncMediation"/>
    <elements href="assembly.xml#HttpOut"/>
    <elements href="assembly.xml#AsyncMediation0"/>
  </swimlanes>
</wdnm:Diagram>
