<?xml version="1.0" encoding="UTF-8"?>
<beans
     xmlns="http://www.springframework.org/schema/beans"
     xmlns:beans="http://www.springframework.org/schema/beans"
     xmlns:atom="http://www.w3.org/2005/Atom"
     xmlns:cc="http://www.capeclear.com/assembly/10"
     xmlns:cloud="urn:com.workday/esb/cloud/10.0"
     xmlns:env="http://schemas.xmlsoap.org/soap/envelope/"
     xmlns:pi="urn:com.workday/picof"
     xmlns:wd="urn:com.workday/bsvc"
     xmlns:xsi="http://www.w3.org/2001/XMLSchema-instance">
 
	<cc:assembly id="WorkdayAssembly" version="2019.6">
        <cc:workday-in id="StartHere" routes-to="Init">
            <cc:integration-system name="INT5034 DDC HR and Payroll Outbound">
        <cloud:param name="Completed Moment Start Date">
          <cloud:type>
            <cloud:simple-type>datetime</cloud:simple-type>
          </cloud:type>
          <cloud:launch-option>required</cloud:launch-option>
        </cloud:param>
        <cloud:param name="Completed Moment End Date">
          <cloud:type>
            <cloud:simple-type>datetime</cloud:simple-type>
          </cloud:type>
          <cloud:launch-option>required</cloud:launch-option>
        </cloud:param>
        <cloud:attribute-map-service name="INT5034-Attribute-Service">
          <cloud:attribute name="Document Retention">
            <cloud:type>
              <cloud:simple-type>number</cloud:simple-type>
            </cloud:type>
          </cloud:attribute>
          <cloud:attribute name="Workday Account">
            <cloud:type>
              <cloud:class-report-field description="Workday Accounts" type="WID" singular="false">82a4695d4af74f0fbc1a9a23534cec2e</cloud:class-report-field>
            </cloud:type>
          </cloud:attribute>
        </cloud:attribute-map-service>
        <cloud:sequence-generator-service name="INT5034-Sequence-Generator">
          <cloud:sequencer>INT5034-HR-Sequence-Generator</cloud:sequencer>
          <cloud:sequencer>INT5034-Payroll-Sequence-Generator</cloud:sequencer>
        </cloud:sequence-generator-service>
        <cloud:report-service name="INT5034-Report-Service">
          <cloud:report-alias description="INT5034 DDC HR Indicative Outbound" name="HR Data">
            <cloud:report-reference description="INT5034 DDC HR Indicative Outbound" type="WID">f29c48b3a3cb0108ecc17913fe05c838</cloud:report-reference>
          </cloud:report-alias>
          <cloud:report-alias description="INT5034 DDC Payroll Deduction Outbound" name="Payroll Data">
            <cloud:report-reference description="INT5034 DDC Payroll Deduction Outbound" type="WID">f29c48b3a3cb01abe2e13a13fe05a938</cloud:report-reference>
          </cloud:report-alias>
        </cloud:report-service>
      </cc:integration-system>
        </cc:workday-in>
        <cc:async-mediation id="Init" routes-to="CallProcessHRReport">
            <cc:steps>
                <cc:eval id="LPs&amp;Attr">
                    <cc:expression>props['lp.start.date'] = lp.getSimpleData('Completed Moment Start Date')</cc:expression>
                    <cc:expression>props['lp.end.date'] = lp.getSimpleData('Completed Moment End Date')</cc:expression>
                    <cc:expression>props['ia.doc.ret'] = intsys.getAttribute('Document Retention')</cc:expression>
                    <cc:expression>props['ia.workers'] = intsys.getAttribute('Workday Account')</cc:expression>
                    <cc:expression>props['lp.workerss']=intsys.getAttributeReferenceDataList('Workday Account', 'WID'); </cc:expression>
                    <cc:expression>props['hr.seq.gen'] = lp.getSequencedValue('INT5034-HR-Sequence-Generator');</cc:expression>
                    <cc:expression>props['payroll.seq.gen'] = lp.getSequencedValue('INT5034-Payroll-Sequence-Generator');</cc:expression>
                    <cc:expression>//props['lp.workers'] = lp.getReferenceDataList('Worker(s)', 'WID'); &#xD;
//props['lp.workers'] = props['lp.workers'].toString().replaceAll('\\[',''); &#xD;
//props['lp.workers'] = props['lp.workers'].toString().replaceAll('\\]','');&#xD;
//props['lp.workers'] = props['lp.workers'].toString().replaceAll(' ','');props['lp.workers'] = props['lp.workers'].toString().replaceAll(',','!');</cc:expression>
                    <cc:expression>props['Get_UserID'] = lp.userNameWID</cc:expression>
                    <cc:expression>props['ia.attribute.present']=props['ia.workers']!=null ? true:false</cc:expression>
                </cc:eval>
                <cc:eval id="Global Props">
                    <cc:expression>props['close.aggregator'] = false</cc:expression>
                </cc:eval>
                <cc:log id="Log">
                    <cc:log-message>
                        <cc:text>!!!!!!!!!!!!!!!!!!!!!!!!!!!!!!!!!!!!!!!!!!!!!!!!!!!!!!!&#xD;
props['Get_UserID']=@{props['Get_UserID']}&#xD;
props['ia.workers']=@{props['ia.workers'] }&#xD;
props['Workday_ID']=@{props['Workday_ID']}&#xD;
props['lp.workerss']=@{props['lp.workerss']}&#xD;
!!!!!!!!!!!!!!!!!!!!!!!!!!!!!!!!!!!!!!!!!!!!!!!!!!!!!!!!!</cc:text>
                    </cc:log-message>
                </cc:log>
            </cc:steps>
            <cc:send-error id="SendError" routes-to="PutIntegrationMessage00"/>
        </cc:async-mediation>
        <cc:local-out id="CallProcessHRReport" store-message="none" routes-response-to="CallProcessPayrollReport" endpoint="vm://INT5034_DDC_HR_and_Payroll_Outbound/ProcessHRReport"/>
        <cc:local-out id="CallCloseHRReportAgreggator" store-message="none" routes-response-to="CallClosePayrollReportAgreggator" endpoint="vm://INT5034_DDC_HR_and_Payroll_Outbound/CloseHRReportAgreggator"><cc:set name="set.aggregate" value="props['close.aggregator'] = true"/></cc:local-out>
        <cc:local-out id="CallProcessPayrollReport" store-message="none" routes-response-to="CallCloseHRReportAgreggator" endpoint="vm://INT5034_DDC_HR_and_Payroll_Outbound/ProcessPayrollReport"/>
        <cc:local-out id="CallClosePayrollReportAgreggator" store-message="none" routes-response-to="CallPublishReportsToUsers" endpoint="vm://INT5034_DDC_HR_and_Payroll_Outbound/ClosePayrollReportAgreggator"/>
        <cc:local-in id="ProcessHRReport" routes-to="HandleHRReportError"/>
        <cc:workday-out-rest id="GetHRReport" routes-response-to="SplitHRReport" extra-path="@{intsys.reportService.getExtrapath('HR Data')}"/>
        <cc:local-in id="ProcessPayrollReport" routes-to="HandlePayrollReportError"/>
        <cc:workday-out-rest id="GetPayrollReport" routes-response-to="SplitPayrollReport" extra-path="@{intsys.reportService.getExtrapath('Payroll Data')}?@{props['payroll.report.url']}"/>
        <cc:async-mediation id="HandleHRReportError" routes-to="GetHRReport" handle-downstream-errors="true">
            <cc:steps>
                <cc:eval id="Eval">
                    <cc:expression>//props['hr.report.url'] = '?Worker!WID=' + props['lp.workers']</cc:expression>
                </cc:eval>
            </cc:steps>
            <cc:send-error id="SendError" routes-to="PutIntegrationMessage0"/>
        </cc:async-mediation>
        <cc:async-mediation id="HandlePayrollReportError" routes-to="GetPayrollReport" handle-downstream-errors="true">
            <cc:steps>
                <cc:eval id="Eval">
                    <cc:expression>props['payroll.report.url'] = 'Results_Completed_Start_Date=' + props['lp.start.date'] + '&amp;Results_Completed_End_Date=' + props['lp.end.date']</cc:expression>
                </cc:eval>
            </cc:steps>
            <cc:send-error id="SendError" routes-to="PutIntegrationMessage"/>
        </cc:async-mediation>
        <cc:splitter id="SplitHRReport">
            <cc:sub-route name="SubRoute" routes-to="ProcessHRRecords"/>
            <cc:xml-stream-splitter xpath="wd:Report_Data/wd:Report_Entry"/>
        </cc:splitter>
        <cc:splitter id="SplitPayrollReport">
            <cc:sub-route name="SubRoute" routes-to="ProcessPayrollRecords"/>
            <cc:xml-stream-splitter xpath="wd:Report_Data/wd:Report_Entry"/>
        </cc:splitter>
        <cc:async-mediation id="ProcessPayrollRecords" routes-to="Aggregator0" handle-downstream-errors="true">
            <cc:steps>
                <cc:xslt-plus id="XsltPlus" url="INT5034_DDC_Payroll_Outbound_v2.xsl"/>
            </cc:steps>
            <cc:send-error id="SendError" routes-to="PutIntegrationMessage2"/>
        </cc:async-mediation>
        <cc:async-mediation id="ProcessHRRecords" routes-to="Aggregator" handle-downstream-errors="true">
            <cc:steps>
                <cc:xslt-plus id="XsltPlus" url="INT5034_DDC_HR_Outbound_v1.1.xsl"/>
            </cc:steps>
            <cc:send-error id="SendError" routes-to="PutIntegrationMessage1"/>
        </cc:async-mediation>
        <cc:aggregator id="Aggregator" routes-to="StoreHRFile" collate-when="props['close.aggregator'] == false" force-batch-when="props['close.aggregator'] == true">
            <cc:size-batch-strategy batch-size="-1"/>
            <cc:message-content-collater>
        <cc:header-text>ID,Prefix,First Name,Last Name,Suffix,Occupation Title,Company,HomePhone,HomeFax,HomeEmail,HomeAddress1,HomeAddress2,HomeCity,HomeState,HomeZip,HomeCountry,WorkPhone,WorkExtension,WorkFax,WorkEmail,WorkAddress1,WorkAddress2,WorkCity,WorkState,WorkZip,WorkCountry,PAC Eligible,Employee Member Status,LocationId,LocationName,NickName,BusinessUnit,ManagementLevel,HireDate,BirthDate,USCitizen,GovernmentLocation@{'\r'}@{'\n'}</cc:header-text>
      </cc:message-content-collater>
        </cc:aggregator>
        <cc:aggregator id="Aggregator0" routes-to="StorePayrollFile" collate-when="props['close.aggregator'] == false" force-batch-when="props['close.aggregator'] == true">
            <cc:size-batch-strategy batch-size="-1"/>
            <cc:message-content-collater>
        <cc:header-text>ID,Date,Amount,Account,First Name,Last Name,Occupation,Company,Address1,Address2,City,State,Zip@{'\r'}@{'\n'}</cc:header-text>
      </cc:message-content-collater>
        </cc:aggregator>
        <cc:async-mediation id="StorePayrollFile" routes-to="PutIntegrationMessage50">
            <cc:steps>
                <cc:copy id="Copy" output="variable" output-variable="payroll.copy.file"/>
                <cc:store id="Store" output="variable" output-mimetype="text/csv" output-variable="payroll.file" input="variable" input-variable="payroll.copy.file" expiresIn="P@{props['ia.doc.ret']}D" title="@{props['payroll.seq.gen']}"/>
            </cc:steps>
            <cc:send-error id="SendError" routes-to="PutIntegrationMessage3"/>
        </cc:async-mediation>
        <cc:async-mediation id="StoreHRFile" routes-to="PutIntegrationMessage5" handle-downstream-errors="false">
            <cc:steps>
                <cc:copy id="Copy" output="variable" output-variable="hr.copy.file" input="message"/>
                <cc:store id="Store" output="variable" output-mimetype="text/csv" output-variable="hr.file" input="variable" input-variable="hr.copy.file" expiresIn="P@{props['ia.doc.ret']}D" title="@{props['hr.seq.gen']}"/>
            </cc:steps>
            <cc:send-error id="SendError" routes-to="PutIntegrationMessage4"/>
        </cc:async-mediation>
        <cc:local-out id="PutIntegrationMessage" endpoint="vm://wcc/PutIntegrationMessage"><cc:set name="is.message.severity" value="'ERROR'"/><cc:set name="is.message.summary" value="'Error while retrieving Payroll report. See details for more information.'"/><cc:set name="is.message.detail" value="context.ErrorMessage"/><cc:set name="is.message.storage.enabled" value="false"/></cc:local-out>
        <cc:local-out id="PutIntegrationMessage0" endpoint="vm://wcc/PutIntegrationMessage">
            <cc:set name="is.message.severity" value="'ERROR'"/>
            <cc:set name="is.message.summary" value="'Error while retrieving HR report. See details for more information.'"/>
            <cc:set name="is.message.detail" value="context.ErrorMessage"/><cc:set name="is.message.storage.enabled" value="false"/>
        </cc:local-out>
        <cc:local-out id="PutIntegrationMessage1" endpoint="vm://wcc/PutIntegrationMessage">
            <cc:set name="is.message.severity" value="'ERROR'"/>
            <cc:set name="is.message.summary" value="context.ErrorMessage"/>
            <cc:set name="is.message.storage.enabled" value="false"/>
        </cc:local-out>
        <cc:local-out id="PutIntegrationMessage2" endpoint="vm://wcc/PutIntegrationMessage">
            <cc:set name="is.message.severity" value="'ERROR'"/>
            <cc:set name="is.message.summary" value="context.ErrorMessage"/>
            <cc:set name="is.message.storage.enabled" value="false"/>
        </cc:local-out>
        <cc:local-out id="PutIntegrationMessage3" endpoint="vm://wcc/PutIntegrationMessage">
            <cc:set name="is.message.severity" value="'ERROR'"/>
            <cc:set name="is.message.summary" value="context.ErrorMessage"/>
            <cc:set name="is.message.storage.enabled" value="false"/>
        </cc:local-out>
        <cc:local-out id="PutIntegrationMessage4" endpoint="vm://wcc/PutIntegrationMessage">
            <cc:set name="is.message.severity" value="'ERROR'"/>
            <cc:set name="is.message.summary" value="context.ErrorMessage"/>
            <cc:set name="is.message.storage.enabled" value="false"/>
        </cc:local-out>
        <cc:local-in id="CloseHRReportAgreggator" routes-to="Aggregator"/>
        <cc:local-in id="ClosePayrollReportAgreggator" routes-to="Aggregator0"/>
        <cc:local-out id="PutIntegrationMessage5" endpoint="vm://wcc/PutIntegrationMessage"><cc:set name="is.message.severity" value="'INFO'"/><cc:set name="is.message.summary" value="'Processing of HR file complete'"/><cc:set name="is.document.variable.name" value="'hr.file'"/><cc:set name="is.document.deliverable" value="'true'"/><cc:set name="is.message.storage.enabled" value="false"/></cc:local-out>
        <cc:local-out id="PutIntegrationMessage50" endpoint="vm://wcc/PutIntegrationMessage">
            <cc:set name="is.message.severity" value="'INFO'"/>
            <cc:set name="is.message.summary" value="'Processing of Payroll file complete'"/>
            <cc:set name="is.document.variable.name" value="'payroll.file'"/>
            <cc:set name="is.document.deliverable" value="'true'"/>
            <cc:set name="is.message.storage.enabled" value="false"/>
        </cc:local-out>
        <cc:local-out id="PutIntegrationMessage00" endpoint="vm://wcc/PutIntegrationMessage">
            <cc:set name="is.message.severity" value="'ERROR'"/>
            <cc:set name="is.message.summary" value="context.ErrorMessage"/>
            <cc:set name="is.message.storage.enabled" value="false"/>
        </cc:local-out>
        <cc:send-error id="global-error-handler" rethrow-error="false" routes-to="Note-Error"/>
        <cc:local-out id="Note-Error" endpoint="vm://wcc/PutIntegrationMessage">
            <cc:set name="is.message.severity" value="'CRITICAL'"/>
            <cc:set name="is.message.summary" value="context.errorMessage"/>
        </cc:local-out>
        <cc:local-out id="CallPublishReportsToUsers" store-message="none" execute-when="props['ia.attribute.present']==true" endpoint="vm://INT5034_DDC_HR_and_Payroll_Outbound/PublishReportToUser"/>
        <cc:local-in id="PublishReportToUser" routes-to="AsyncMediation1"/>
        <cc:async-mediation id="AsyncMediation1" routes-to="Splitter">
            <cc:steps>
                <cc:write id="Write">
                    <cc:message>
                        <cc:text>&lt;root> @foreach{props['lp.workerss'] as workdayid} &lt;col>@{workdayid}&lt;/col> @end{} &lt;/root></cc:text>
                    </cc:message>
                </cc:write>
            </cc:steps>
        </cc:async-mediation>
        <cc:splitter id="Splitter">
            <cc:sub-route name="SubRoute" routes-to="AsyncMediation2"/>
            <cc:xml-stream-splitter xpath="root/col"/>
        </cc:splitter>
        <cc:async-mediation id="AsyncMediation2" routes-to="PutHrFile">
            <cc:steps>
                <cc:eval id="Eval">
                    <cc:expression>props['Workday_ID']=parts[0].xpath('col')</cc:expression>
                </cc:eval>
                <cc:store id="Store" output="variable" output-variable="hr.owner.file" input="variable" input-variable="hr.copy.file" expiresIn="P@{props['ia.doc.ret']}D" title="@{props['hr.seq.gen']}"/>
                <cc:store id="Store0" output="variable" output-variable="payroll.owner.file" input="variable" input-variable="payroll.copy.file" expiresIn="P@{props['ia.doc.ret']}D" title="@{props['payroll.seq.gen']}"/>
            </cc:steps>
            <cc:send-error id="SendError" routes-to="PutIntegrationMessage6"/>
        </cc:async-mediation>
        <cc:local-out id="PutHrFile" routes-response-to="PutPayrollFile" endpoint="vm://wcc/PutIntegrationMessage"><cc:set name="is.message.severity" value="'INFO'"/><cc:set name="is.message.summary" value="'HR File Published for user '+ props['Workday_ID']"/><cc:set name="is.document.owner.wid" value="props['Workday_ID']"/><cc:set name="is.document.deliverable" value="'false'"/><cc:set name="is.message.storage.enabled" value="false"/><cc:set name="is.document.variable.name" value="'hr.owner.file'"/></cc:local-out>
        <cc:local-out id="PutPayrollFile" endpoint="vm://wcc/PutIntegrationMessage"><cc:set name="is.message.severity" value="'INFO'"/><cc:set name="is.message.summary" value="'Payroll File Published for user '+ props['Workday_ID']"/><cc:set name="is.document.owner.wid" value="props['Workday_ID']"/><cc:set name="is.message.storage.enabled" value="false"/><cc:set name="is.document.deliverable" value="'false'"/><cc:set name="is.document.variable.name" value="'payroll.owner.file'"/></cc:local-out>
        <cc:local-out id="PutIntegrationMessage6" endpoint="vm://wcc/PutIntegrationMessage"><cc:set name="is.message.severity" value="'WARNING'"/><cc:set name="is.message.summary" value="'Error was thrown when storing files to the MyReports for users.'+context.errorMessage"/></cc:local-out>
	</cc:assembly>

</beans>