<?xml version="1.0" encoding="UTF-8"?>
<wdnm:Diagram xmlns:wdnm="http://workday.com/studio/editors/notation">
  <element href="assembly.xml#WorkdayAssembly"/>
  <visualProperties x="62" y="80">
    <element href="assembly.xml#StartHere"/>
  </visualProperties>
  <visualProperties x="250" y="81">
    <element href="assembly.xml#Init"/>
  </visualProperties>
  <visualProperties x="452" y="102">
    <element href="assembly.xml#CallProcessHRReport"/>
  </visualProperties>
  <visualProperties x="677" y="102">
    <element href="assembly.xml#CallCloseHRReportAgreggator"/>
  </visualProperties>
  <visualProperties x="960" y="102">
    <element href="assembly.xml#CallProcessPayrollReport"/>
  </visualProperties>
  <visualProperties x="1224" y="102">
    <element href="assembly.xml#CallClosePayrollReportAgreggator"/>
  </visualProperties>
  <visualProperties x="250" y="349">
    <element href="assembly.xml#ProcessHRReport"/>
  </visualProperties>
  <visualProperties x="645" y="349">
    <element href="assembly.xml#GetHRReport"/>
  </visualProperties>
  <visualProperties x="193" y="542">
    <element href="assembly.xml#ProcessPayrollReport"/>
  </visualProperties>
  <visualProperties x="619" y="553">
    <element href="assembly.xml#GetPayrollReport"/>
  </visualProperties>
  <visualProperties x="446" y="339">
    <element href="assembly.xml#HandleHRReportError"/>
  </visualProperties>
  <visualProperties x="446" y="542">
    <element href="assembly.xml#HandlePayrollReportError"/>
  </visualProperties>
  <visualProperties x="895" y="331">
    <element href="assembly.xml#SplitHRReport"/>
  </visualProperties>
  <visualProperties x="857" y="553">
    <element href="assembly.xml#SplitPayrollReport"/>
  </visualProperties>
  <visualProperties x="1074" y="571">
    <element href="assembly.xml#ProcessPayrollRecords"/>
  </visualProperties>
  <visualProperties x="1132" y="355">
    <element href="assembly.xml#ProcessHRRecords"/>
  </visualProperties>
  <visualProperties x="1323" y="355">
    <element href="assembly.xml#Aggregator"/>
  </visualProperties>
  <visualProperties x="1323" y="571">
    <element href="assembly.xml#Aggregator0"/>
  </visualProperties>
  <visualProperties x="1535" y="553">
    <element href="assembly.xml#StorePayrollFile"/>
  </visualProperties>
  <visualProperties x="1275" y="351">
    <element href="assembly.xml#StoreHRFile"/>
  </visualProperties>
  <visualProperties x="422" y="816">
    <element href="assembly.xml#PutIntegrationMessage"/>
  </visualProperties>
  <visualProperties x="446" y="477">
    <element href="assembly.xml#PutIntegrationMessage0"/>
  </visualProperties>
  <visualProperties x="1111" y="499">
    <element href="assembly.xml#PutIntegrationMessage1"/>
  </visualProperties>
  <visualProperties x="1101" y="706">
    <element href="assembly.xml#PutIntegrationMessage2"/>
  </visualProperties>
  <visualProperties x="1775" y="801">
    <element href="assembly.xml#PutIntegrationMessage3"/>
  </visualProperties>
  <visualProperties x="1504" y="477">
    <element href="assembly.xml#PutIntegrationMessage4"/>
  </visualProperties>
  <visualProperties x="1294" y="275">
    <element href="assembly.xml#CloseHRReportAgreggator"/>
  </visualProperties>
  <visualProperties x="1337" y="631">
    <element href="assembly.xml#ClosePayrollReportAgreggator"/>
  </visualProperties>
  <visualProperties x="1881" y="368">
    <element href="assembly.xml#PutIntegrationMessage5"/>
  </visualProperties>
  <visualProperties x="1969" y="667">
    <element href="assembly.xml#PutIntegrationMessage50"/>
  </visualProperties>
  <visualProperties x="85" y="516">
    <element href="assembly.xml#PutIntegrationMessage00"/>
  </visualProperties>
  <visualProperties x="7" y="1023">
    <element href="assembly.xml#//@beans/@mixed.1/@mixed.63"/>
  </visualProperties>
  <visualProperties x="312" y="1023">
    <element href="assembly.xml#Note-Error"/>
  </visualProperties>
  <visualProperties x="1920" y="170">
    <element href="assembly.xml#CallPublishReportsToUsers"/>
  </visualProperties>
  <visualProperties x="216" y="1256">
    <element href="assembly.xml#PublishReportToUser"/>
  </visualProperties>
  <visualProperties x="435" y="1266">
    <element href="assembly.xml#AsyncMediation1"/>
  </visualProperties>
  <visualProperties x="650" y="1277">
    <element href="assembly.xml#Splitter"/>
  </visualProperties>
  <visualProperties x="802" y="1302">
    <element href="assembly.xml#AsyncMediation2"/>
  </visualProperties>
  <visualProperties x="520" y="1480">
    <element href="assembly.xml#PutHrFile"/>
  </visualProperties>
  <visualProperties x="586" y="1534">
    <element href="assembly.xml#PutPayrollFile"/>
  </visualProperties>
  <visualProperties x="306" y="1620">
    <element href="assembly.xml#PutIntegrationMessage6"/>
  </visualProperties>
  <connections type="routesTo" sourceAnchorX="1.0" sourceAnchorY="0.4864864864864865" targetAnchorX="0.22377622377622378" targetAnchorY="0.18478260869565216">
    <source href="assembly.xml#StartHere"/>
    <target href="assembly.xml#Init"/>
    <bendpoints sourceX="7" sourceY="35" targetX="-80" targetY="-12"/>
  </connections>
  <connections type="routesTo" sourceAnchorX="0.986013986013986" sourceAnchorY="0.14583333333333334" targetAnchorX="0.0049504950495049506" targetAnchorY="0.3783783783783784">
    <source href="assembly.xml#Init"/>
    <target href="assembly.xml#CallProcessHRReport"/>
    <bendpoints sourceX="28" sourceY="-47" targetX="-52" targetY="-1"/>
  </connections>
  <connections type="routesResponseTo" sourceAnchorX="0.995049504950495" sourceAnchorY="0.40540540540540543" targetAnchorX="0.18666666666666668" targetAnchorY="0.40540540540540543">
    <source href="assembly.xml#CallProcessHRReport"/>
    <target href="assembly.xml#CallProcessPayrollReport"/>
  </connections>
  <connections type="routesResponseTo" sourceAnchorX="0.9719101123595506" sourceAnchorY="0.43243243243243246" targetAnchorX="0.08547008547008547" targetAnchorY="0.09146341463414634">
    <source href="assembly.xml#GetPayrollReport"/>
    <target href="assembly.xml#SplitPayrollReport"/>
  </connections>
  <connections type="routesTo" sourceAnchorX="1.0" sourceAnchorY="0.8378378378378378" targetAnchorX="0.152317880794702" targetAnchorY="0.09782608695652174">
    <source href="assembly.xml#ProcessPayrollReport"/>
    <target href="assembly.xml#HandlePayrollReportError"/>
  </connections>
  <connections type="routesTo" sourceAnchorX="0.9801324503311258" sourceAnchorY="0.17886178861788618" targetAnchorX="0.0056179775280898875" targetAnchorY="0.4594594594594595">
    <source href="assembly.xml#HandlePayrollReportError"/>
    <target href="assembly.xml#GetPayrollReport"/>
    <bendpoints sourceX="57" sourceY="-67" targetX="-95" targetY="27"/>
  </connections>
  <connections type="routesTo" sourceAnchorX="1.0" sourceAnchorY="0.33695652173913043" targetAnchorX="0.22941176470588234" targetAnchorY="0.4594594594594595">
    <source href="assembly.xml#HandleHRReportError"/>
    <target href="assembly.xml#GetHRReport"/>
    <bendpoints sourceX="35" sourceY="-63" targetX="-80" targetY="3"/>
  </connections>
  <connections type="routesTo" sourceAnchorX="1.0" sourceAnchorY="0.7837837837837838" targetAnchorX="0.25165562913907286" targetAnchorY="0.08695652173913043">
    <source href="assembly.xml#ProcessHRReport"/>
    <target href="assembly.xml#HandleHRReportError"/>
  </connections>
  <connections type="routesResponseTo" sourceAnchorX="0.9470588235294117" sourceAnchorY="0.40540540540540543" targetAnchorX="0.037037037037037035" targetAnchorY="0.09146341463414634">
    <source href="assembly.xml#GetHRReport"/>
    <target href="assembly.xml#SplitHRReport"/>
  </connections>
  <connections type="routesTo" sourceAnchorX="0.875" sourceAnchorY="1.0" targetAnchorX="0.271523178807947" targetAnchorY="0.18478260869565216">
    <source href="assembly.xml#//@beans/@mixed.1/@splitter.1/@subRoute.0"/>
    <target href="assembly.xml#ProcessPayrollRecords"/>
    <bendpoints sourceX="43" sourceY="-89" targetX="-96" targetY="2"/>
  </connections>
  <connections type="routesTo" sourceAnchorX="0.8942307692307693" sourceAnchorY="1.0" targetAnchorX="0.2847682119205298" targetAnchorY="0.10869565217391304">
    <source href="assembly.xml#//@beans/@mixed.1/@splitter.0/@subRoute.0"/>
    <target href="assembly.xml#ProcessHRRecords"/>
    <bendpoints sourceX="41" sourceY="-95" targetX="-94" targetY="5"/>
  </connections>
  <connections type="routesTo" sourceAnchorX="1.0" sourceAnchorY="0.30434782608695654" targetAnchorX="0.03076923076923077" targetAnchorY="0.16981132075471697">
    <source href="assembly.xml#ProcessHRRecords"/>
    <target href="assembly.xml#Aggregator"/>
    <bendpoints sourceX="50" sourceY="46" targetX="-84" targetY="-1"/>
  </connections>
  <connections type="routesTo" sourceAnchorX="1.0" sourceAnchorY="0.22826086956521738" targetAnchorX="0.07471264367816093" targetAnchorY="0.1792452830188679">
    <source href="assembly.xml#ProcessPayrollRecords"/>
    <target href="assembly.xml#Aggregator0"/>
    <bendpoints sourceX="43" sourceY="57" targetX="-96" targetY="-1"/>
  </connections>
  <connections type="routesTo" sourceAnchorX="0.4861111111111111" sourceAnchorY="1.0" targetAnchorX="0.48826291079812206" targetAnchorY="0.6756756756756757">
    <source href="assembly.xml#//@beans/@mixed.1/@mixed.39/@mixed.3"/>
    <target href="assembly.xml#PutIntegrationMessage4"/>
  </connections>
  <connections type="routesTo" sourceAnchorX="0.5972222222222222" sourceAnchorY="1.0" targetAnchorX="0.5586854460093896" targetAnchorY="0.1891891891891892">
    <source href="assembly.xml#//@beans/@mixed.1/@mixed.37/@mixed.3"/>
    <target href="assembly.xml#PutIntegrationMessage3"/>
  </connections>
  <connections type="routesTo" sourceAnchorX="0.5069444444444444" sourceAnchorY="0.9333333333333333" targetAnchorX="0.49295774647887325" targetAnchorY="0.08108108108108109">
    <source href="assembly.xml#//@beans/@mixed.1/@mixed.29/@mixed.3"/>
    <target href="assembly.xml#PutIntegrationMessage2"/>
  </connections>
  <connections type="routesTo" sourceAnchorY="0.7333333333333333" targetAnchorX="0.4835680751173709" targetAnchorY="0.02702702702702703">
    <source href="assembly.xml#//@beans/@mixed.1/@mixed.31/@mixed.3"/>
    <target href="assembly.xml#PutIntegrationMessage1"/>
  </connections>
  <connections type="routesTo" sourceAnchorY="0.7666666666666667" targetAnchorX="0.49295774647887325" targetAnchorY="0.21621621621621623">
    <source href="assembly.xml#//@beans/@mixed.1/@mixed.21/@mixed.3"/>
    <target href="assembly.xml#PutIntegrationMessage0"/>
  </connections>
  <connections type="routesTo" sourceAnchorY="0.8666666666666667" targetAnchorX="0.4878048780487805" targetAnchorY="0.10810810810810811">
    <source href="assembly.xml#//@beans/@mixed.1/@mixed.23/@mixed.3"/>
    <target href="assembly.xml#PutIntegrationMessage"/>
  </connections>
  <connections type="routesTo" sourceAnchorX="0.7593984962406015" sourceAnchorY="1.0" targetAnchorX="0.6149425287356322" targetAnchorY="0.1320754716981132">
    <source href="assembly.xml#CloseHRReportAgreggator"/>
    <target href="assembly.xml#Aggregator"/>
  </connections>
  <connections type="routesTo" sourceAnchorX="0.5039370078740157" sourceAnchorY="0.8648648648648649" targetAnchorX="0.5057471264367817" targetAnchorY="0.03773584905660377">
    <source href="assembly.xml#ClosePayrollReportAgreggator"/>
    <target href="assembly.xml#Aggregator0"/>
  </connections>
  <connections type="routesTo" sourceAnchorX="0.9602649006622517" sourceAnchorY="0.18110236220472442" targetAnchorX="0.2081447963800905" targetAnchorY="0.43243243243243246">
    <source href="assembly.xml#StorePayrollFile"/>
    <target href="assembly.xml#PutIntegrationMessage50"/>
    <bendpoints sourceX="45" sourceY="-56" targetX="-120" targetY="5"/>
  </connections>
  <connections type="routesTo" sourceAnchorX="1.0" sourceAnchorY="0.16535433070866143" targetAnchorX="0.07511737089201878" targetAnchorY="0.35135135135135137">
    <source href="assembly.xml#StoreHRFile"/>
    <target href="assembly.xml#PutIntegrationMessage5"/>
    <bendpoints sourceX="26" sourceY="-51" targetX="-68" targetY="-1"/>
  </connections>
  <connections type="routesTo" sourceAnchorX="0.5136612021857924" sourceAnchorY="0.9333333333333333" targetAnchorX="0.4253393665158371" targetAnchorY="0.2972972972972973">
    <source href="assembly.xml#//@beans/@mixed.1/@mixed.3/@mixed.3"/>
    <target href="assembly.xml#PutIntegrationMessage00"/>
  </connections>
  <connections type="routesTo" sourceAnchorX="0.9669421487603306" sourceAnchorY="0.43243243243243246" targetAnchorX="0.06060606060606061" targetAnchorY="0.3783783783783784">
    <source href="assembly.xml#//@beans/@mixed.1/@mixed.63"/>
    <target href="assembly.xml#Note-Error"/>
  </connections>
  <connections type="routesResponseTo" sourceAnchorX="0.99609375" sourceAnchorY="0.40540540540540543" targetAnchorX="0.03225806451612903" targetAnchorY="0.40540540540540543">
    <source href="assembly.xml#CallCloseHRReportAgreggator"/>
    <target href="assembly.xml#CallClosePayrollReportAgreggator"/>
  </connections>
  <connections type="routesResponseTo" sourceAnchorX="1.0" sourceAnchorY="0.3783783783783784" targetAnchorX="0.026490066225165563" targetAnchorY="0.3783783783783784">
    <source href="assembly.xml#CallProcessPayrollReport"/>
    <target href="assembly.xml#CallCloseHRReportAgreggator"/>
  </connections>
  <connections type="routesResponseTo" sourceAnchorX="0.9818731117824774" sourceAnchorY="1.0" targetAnchorX="0.0" targetAnchorY="0.3783783783783784">
    <source href="assembly.xml#CallClosePayrollReportAgreggator"/>
    <target href="assembly.xml#CallPublishReportsToUsers"/>
  </connections>
  <connections type="routesTo">
    <source href="assembly.xml#PublishReportToUser"/>
    <target href="assembly.xml#AsyncMediation1"/>
  </connections>
  <connections type="routesTo">
    <source href="assembly.xml#AsyncMediation1"/>
    <target href="assembly.xml#Splitter"/>
  </connections>
  <connections type="routesTo" sourceAnchorX="1.0" sourceAnchorY="0.6470588235294118" targetAnchorX="0.015306122448979591" targetAnchorY="0.5816326530612245">
    <source href="assembly.xml#//@beans/@mixed.1/@mixed.73/@subRoute.0"/>
    <target href="assembly.xml#AsyncMediation2"/>
  </connections>
  <connections type="routesTo" sourceAnchorX="1.0" sourceAnchorY="0.7735849056603774" targetAnchorX="0.02142857142857143" targetAnchorY="0.34108527131782945">
    <source href="assembly.xml#Aggregator"/>
    <target href="assembly.xml#StoreHRFile"/>
    <bendpoints sourceX="65" sourceY="-59" targetX="-115"/>
  </connections>
  <connections type="routesTo" sourceAnchorX="1.0" sourceAnchorY="0.4528301886792453" targetAnchorX="0.01775147928994083" targetAnchorY="0.4108527131782946">
    <source href="assembly.xml#Aggregator0"/>
    <target href="assembly.xml#StorePayrollFile"/>
    <bendpoints sourceX="75" sourceY="-56" targetX="-106" targetY="6"/>
  </connections>
  <connections type="routesTo" sourceAnchorX="1.0" sourceAnchorY="0.25510204081632654" targetAnchorX="0.0" targetAnchorY="0.5135135135135135">
    <source href="assembly.xml#AsyncMediation2"/>
    <target href="assembly.xml#PutHrFile"/>
  </connections>
  <connections type="routesResponseTo" sourceAnchorX="0.7171314741035857" sourceAnchorY="1.0" targetAnchorX="0.5179282868525896" targetAnchorY="0.13513513513513514">
    <source href="assembly.xml#PutHrFile"/>
    <target href="assembly.xml#PutPayrollFile"/>
  </connections>
  <connections type="routesTo" sourceAnchorX="0.6402116402116402" sourceAnchorY="1.0" targetAnchorX="0.13545816733067728" targetAnchorY="0.05405405405405406">
    <source href="assembly.xml#//@beans/@mixed.1/@mixed.75/@mixed.3"/>
    <target href="assembly.xml#PutIntegrationMessage6"/>
  </connections>
  <swimlanes x="172" y="85" font="Arial|12|0" bgColor="8388736" fgColor="16776960" fontColor="16777215" name="Process Flow" topBorderColor="1">
    <elements href="assembly.xml#StartHere"/>
    <elements href="#//@swimlanes.12"/>
    <elements href="assembly.xml#CallProcessHRReport"/>
    <elements href="assembly.xml#CallProcessPayrollReport"/>
    <elements href="assembly.xml#CallCloseHRReportAgreggator"/>
    <elements href="assembly.xml#CallClosePayrollReportAgreggator"/>
    <elements href="assembly.xml#CallPublishReportsToUsers"/>
  </swimlanes>
  <swimlanes x="226" y="268" font="Arial|12|0" bgColor="8388736" fgColor="16776960" fontColor="16777215" name="Process HR Data" topBorderColor="1">
    <elements href="assembly.xml#ProcessHRReport"/>
    <elements href="#//@swimlanes.2"/>
    <elements href="assembly.xml#GetHRReport"/>
    <elements href="assembly.xml#SplitHRReport"/>
    <elements href="#//@swimlanes.3"/>
    <elements href="#//@swimlanes.4"/>
    <elements href="#//@swimlanes.5"/>
    <elements href="assembly.xml#PutIntegrationMessage5"/>
  </swimlanes>
  <swimlanes x="618" y="397" font="Arial|9|0" fontColor="16777215" name="Handle HR Report Error" orientation="VERTICAL" alignment="MIDDLE">
    <elements href="assembly.xml#HandleHRReportError"/>
    <elements href="assembly.xml#PutIntegrationMessage0"/>
  </swimlanes>
  <swimlanes x="1095" y="378" font="Arial|9|0" fontColor="16777215" name="Process Records" orientation="VERTICAL" alignment="MIDDLE">
    <elements href="assembly.xml#ProcessHRRecords"/>
    <elements href="assembly.xml#PutIntegrationMessage1"/>
  </swimlanes>
  <swimlanes x="1396" y="389" font="Arial|9|0" fontColor="16777215" name="Aggregate Records" orientation="VERTICAL" alignment="MIDDLE">
    <elements href="assembly.xml#CloseHRReportAgreggator"/>
    <elements href="assembly.xml#Aggregator"/>
  </swimlanes>
  <swimlanes x="1699" y="448" font="Arial|9|0" fontColor="16777215" name="Store HR File" orientation="VERTICAL" alignment="MIDDLE">
    <elements href="#//@swimlanes.14"/>
    <elements href="assembly.xml#PutIntegrationMessage4"/>
  </swimlanes>
  <swimlanes x="208" y="647" font="Arial|12|0" bgColor="8388736" fgColor="16776960" fontColor="16777215" name="Process Payroll Data" topBorderColor="1">
    <elements href="assembly.xml#ProcessPayrollReport"/>
    <elements href="#//@swimlanes.7"/>
    <elements href="assembly.xml#GetPayrollReport"/>
    <elements href="assembly.xml#SplitPayrollReport"/>
    <elements href="#//@swimlanes.8"/>
    <elements href="#//@swimlanes.9"/>
    <elements href="#//@swimlanes.10"/>
    <elements href="assembly.xml#PutIntegrationMessage50"/>
  </swimlanes>
  <swimlanes x="450" y="768" font="Arial|9|0" fontColor="16777215" name="Handle Payroll Report Error" orientation="VERTICAL" alignment="MIDDLE">
    <elements href="assembly.xml#HandlePayrollReportError"/>
    <elements href="assembly.xml#PutIntegrationMessage"/>
  </swimlanes>
  <swimlanes x="919" y="740" font="Arial|9|0" fontColor="16777215" name="Process Records" orientation="VERTICAL" alignment="MIDDLE">
    <elements href="assembly.xml#ProcessPayrollRecords"/>
    <elements href="assembly.xml#PutIntegrationMessage2"/>
  </swimlanes>
  <swimlanes x="1357" y="776" font="Arial|9|0" fontColor="16777215" name="Aggregate Records" orientation="VERTICAL" alignment="MIDDLE">
    <elements href="assembly.xml#ClosePayrollReportAgreggator"/>
    <elements href="assembly.xml#Aggregator0"/>
  </swimlanes>
  <swimlanes x="1674" y="743" font="Arial|9|0" fontColor="16777215" name="Store Payroll File" orientation="VERTICAL" alignment="MIDDLE">
    <elements href="assembly.xml#StorePayrollFile"/>
    <elements href="assembly.xml#PutIntegrationMessage3"/>
  </swimlanes>
  <swimlanes x="-415" y="214" font="Arial|14|1" bgColor="8421440" fgColor="16776960" fontColor="8388736" name="INT5034 DDC HR and Payroll Outbound" orientation="VERTICAL" elements="//@swimlanes.0 //@swimlanes.1 //@swimlanes.6 //@swimlanes.15 //@swimlanes.13" topBorderColor="1"/>
  <swimlanes x="343" y="156" font="Arial|9|0" fontColor="16777215" name="Initialize Properties" orientation="VERTICAL">
    <elements href="assembly.xml#Init"/>
    <elements href="assembly.xml#PutIntegrationMessage00"/>
  </swimlanes>
  <swimlanes x="205" y="1081" font="Arial|12|0" bgColor="8388736" fontColor="16777215" name="Global Error Handler" topBorderColor="255">
    <elements href="assembly.xml#//@beans/@mixed.1/@mixed.63"/>
    <elements href="assembly.xml#Note-Error"/>
  </swimlanes>
  <swimlanes x="2293" y="550" name="Store HR File">
    <elements href="assembly.xml#StoreHRFile"/>
  </swimlanes>
  <swimlanes x="293" y="1189" font="Arial|9|0" bgColor="8388736" fontColor="16777215" name="Publish Report To User" topBorderColor="16776960">
    <elements href="assembly.xml#PublishReportToUser"/>
    <elements href="assembly.xml#AsyncMediation1"/>
    <elements href="assembly.xml#Splitter"/>
    <elements href="#//@swimlanes.17"/>
    <elements href="#//@swimlanes.16"/>
  </swimlanes>
  <swimlanes x="446" y="1455" name="Swimlane" orientation="VERTICAL">
    <elements href="assembly.xml#PutHrFile"/>
    <elements href="assembly.xml#PutPayrollFile"/>
  </swimlanes>
  <swimlanes x="235" y="1489" font="Arial|9|0" fontColor="16777215" name="StoreReports" orientation="VERTICAL">
    <elements href="assembly.xml#AsyncMediation2"/>
    <elements href="assembly.xml#PutIntegrationMessage6"/>
  </swimlanes>
</wdnm:Diagram>
