<?xml version="1.0" encoding="UTF-8"?>
<beans
     xmlns="http://www.springframework.org/schema/beans"
     xmlns:beans="http://www.springframework.org/schema/beans"
     xmlns:atom="http://www.w3.org/2005/Atom"
     xmlns:cc="http://www.capeclear.com/assembly/10"
     xmlns:cloud="urn:com.workday/esb/cloud/10.0"
     xmlns:env="http://schemas.xmlsoap.org/soap/envelope/"
     xmlns:pi="urn:com.workday/picof"
     xmlns:wd="urn:com.workday/bsvc"
     xmlns:xsi="http://www.w3.org/2001/XMLSchema-instance">
 
	<cc:assembly id="WorkdayAssembly" version="2018.35">
        <cc:local-out id="CallCritical0" store-message="none" endpoint="vm://INT0194-One-Time-Payments-from-Incent-Inbound/CriticalInitialError">
            <cc:set name="step.id" value="'CopyInput'"/>
        </cc:local-out>
        <cc:local-in id="CriticalInitialError" routes-to="SetCriticalErrorFlag"/>
        <cc:local-out id="SendInitError" routes-response-to="AbortImportPayInputs" endpoint="vm://wcc/PutIntegrationMessage">
            <cc:set name="is.message.severity" value="'CRITICAL'"/>
            <cc:set name="is.message.summary" value="&quot;An unexpected error occurred at step &quot; # props['step.id'] # &quot;. Error details: &quot; # context.errorMessage #  &quot;.\n Please review the input files that should be retrieved in the business process. You may even need to perform mass rescind of data changes and rerun entire process.&quot;"/>
        </cc:local-out>
        <cc:local-out id="AbortImportPayInputs" endpoint="vm://wcc/PutIntegrationEvent">
            <cc:set name="is.event.completed" value="&quot;current&quot;"/>
        </cc:local-out>
        <cc:async-mediation id="SetCriticalErrorFlag" routes-to="SendInitError">
            <cc:steps>
                <cc:eval id="Eval"><cc:expression>props['critical.error.occurred'] = true</cc:expression></cc:eval>
            </cc:steps>
        </cc:async-mediation>
        <cc:local-out id="ErrorsInSubmissions" execute-when="props['worker.error.occurred'] == true" endpoint="vm://wcc/PutIntegrationMessage">
            <cc:set name="is.message.severity" value="'ERROR'"/>
            <cc:set name="is.message.summary" value="'Errors occurred when processing the file. No all transactions succeeded. Please check the audit file for details.'"/>
        </cc:local-out>
        <cc:async-mediation id="WriteInputDetails" routes-to="AggAudit" handle-downstream-errors="true">
            <cc:steps>
                <cc:xslt id="Xslt" output-mimetype="text/xml" url="Audit.xsl"/>
                <cc:eval id="Eval">
                    <cc:expression>props['error.message']=empty; props['a.amount'] = 0</cc:expression>
                    <cc:expression>props['a.amount'] = parts[0].xpath('Root/AuditRow/Amount')</cc:expression>
                    <cc:expression>props['a.Status'] = parts[0].xpath('Root/AuditRow/Status')</cc:expression>
                    <cc:expression>props['Total.Amount.Processed'] = props['a.Status'] == 'SUCCESS' ? props['Total.Amount.Processed'] + props['a.amount'] : props['Total.Amount.Processed']</cc:expression>
                    <cc:expression>props['Total.Record.Count'] = props['Total.Record.Count'] + 1</cc:expression>
                    <cc:expression>props['Total.Amount.in.Error'] = props['a.Status'] != 'SUCCESS' ? props['Total.Amount.in.Error'] + props['a.amount'] : props['Total.Amount.in.Error']</cc:expression>
                </cc:eval>
            </cc:steps>
            <cc:send-error id="SendError" routes-to="CallWriteInputDetailsError"/>
        </cc:async-mediation>
        <cc:local-in id="AuditLine" routes-to="WriteInputDetails"/>
        <cc:local-in id="CloseAggAudit" routes-to="AggAudit"/>
        <cc:local-out id="CallWriteInputDetailsError" store-message="none" endpoint="vm://INT0194-One-Time-Payments-from-Incent-Inbound/CriticalInitialError">
            <cc:set name="step.id" value="'WriteInputDetails'"/>
        </cc:local-out>
        <cc:aggregator id="AggAudit" routes-to="CsvAndStoreFile" collate-when="!props['close.audit.agg']" force-batch-on-last-message="false" force-batch-when="props['close.audit.agg']">
            <cc:size-batch-strategy batch-size="-1"/>
            <cc:xml-message-content-collater>
        <cc:header-text>&lt;Root></cc:header-text>
        <cc:footer-text>&lt;/Root></cc:footer-text>
      </cc:xml-message-content-collater>
        </cc:aggregator>
        <cc:async-mediation id="CsvAndStoreFile" routes-to="PutAuditLogXML" handle-downstream-errors="true">
            <cc:steps>
                <cc:xslt-plus id="XsltPlus" output="message" url="FinalOutput.xsl"/>
                <cc:text-excel id="TextExcel" output="variable" output-mimetype="application/vnd.openxmlformats-officedocument.spreadsheetml.sheet" output-variable="OutputExcel" style="text2excel"/>
                <cc:store id="Store" output="variable" output-variable="AuditLog" input="variable" input-variable="OutputExcel" expiresIn="P@{props['lp.doc.ret']}D" summary="Integration audit log is attached as an output document" title="@{props['int.no']} Audit Log.csv"/>
            </cc:steps>
            <cc:send-error id="SendError" routes-to="CallStoreError"/>
        </cc:async-mediation>
        <cc:local-out id="CallStoreError" store-message="none" endpoint="vm://INT0194-One-Time-Payments-from-Incent-Inbound/CriticalInitialError">
            <cc:set name="step.id" value="'StoreInputDetails'"/>
        </cc:local-out>
        <cc:local-out id="PutAuditLogXML" endpoint="vm://wcc/PutIntegrationMessage">
            <cc:set name="is.message.severity" value="'INFO'"/>
            <cc:set name="is.message.summary" value="&quot;Audit File XML file stored for further processing.&quot;"/>
            <cc:set name="is.document.variable.name" value="&quot;AuditLog&quot;"/>
            
            <cc:set name="is.document.labels" value="&quot;audit.xml&quot;"/>
        </cc:local-out>
        <cc:async-mediation id="ValidationOn" routes-to="ImportWS" execute-steps-when="props['lp.validation.mode'] == true " handle-downstream-errors="true">
            <cc:steps>
                <cc:set-headers id="ValidationOn">
                    <cc:remove-headers/>
                    <cc:add-headers>
                        <cc:add-header name="X-Validate-Only" value="1"/>
                    </cc:add-headers>
                </cc:set-headers>
            </cc:steps>
        </cc:async-mediation>
        <cc:local-out id="CallImportError" store-message="none" endpoint="vm://INT0194-One-Time-Payments-from-Incent-Inbound/AuditLine">
            <cc:set name="step.id" value="'WrapWS or ImportWS'"/>
            <cc:set name="error.msg" value="context.errorMessage"/>
            <cc:set name="validation.error.occured" value="true"/>
            <cc:set name="counter" value="-1"/>
        <cc:set name="status" value="'REJECTS'"/></cc:local-out>
        <cc:async-mediation id="WrapWS" routes-to="ValidationOn" handle-downstream-errors="true">
            <cc:steps>
                <cc:xslt id="Xslt" input="variable" input-variable="v.original.message" url="INT0194_OneTimeInputData.xsl"/>
                <cc:wrap-soap id="WrapSoap"/>
            </cc:steps>
            <cc:send-error id="SendError" routes-to="CallImportError"/>
        </cc:async-mediation>
        <cc:workday-out-soap id="ImportWS" routes-response-to="ValidationOff" application="Compensation" version="@{props['lp.version']}"/>
        <cc:async-mediation id="ValidationOff" routes-to="CallAuditLineSuccess">
            <cc:steps>
                <cc:set-headers id="ValidationOff">
                    <cc:remove-headers>
                        <cc:remove-header name="X-Validate-Only"/>
                    </cc:remove-headers>
                    <cc:add-headers>
                        
                    </cc:add-headers>
                </cc:set-headers>
            </cc:steps>
        </cc:async-mediation>
        <cc:local-out id="CallCreateOneTime" store-message="none" routes-response-to="CallCloseAggAudit" endpoint="vm://INT0194-One-Time-Payments-from-Incent-Inbound/CreateOneTime"/>
        <cc:local-out id="CallAuditLine3" store-message="none" endpoint="vm://INT0194-One-Time-Payments-from-Incent-Inbound/AuditLine">
            <cc:set name="error.msg" value="context.errorMessage"/>
            <cc:set name="step.id" value="'SplittingInputFile'"/>
            <cc:set name="validation.error.occured" value="true"/>
            <cc:set name="counter" value="-1"/>
        </cc:local-out>
        <cc:async-mediation id="InitLineCounter" routes-to="FormatedInput" handle-downstream-errors="true">
            <cc:steps>
                <cc:csv-to-xml id="CsvToXml" separator=","/>
                <cc:xslt id="Xslt" url="INT0194_Change_Col_names.xsl"/>
            </cc:steps>
            <cc:send-error id="SendError" routes-to="CallAuditLine3"/>
        </cc:async-mediation>
        <cc:async-mediation id="CopyInput" routes-to="InitLineCounter">
            <cc:steps>
                <cc:copy id="Copy" output="message" output-mimetype="text/plain" input="variable" input-variable="wd.retrieve.variable" stream-xpath="true"/>
            </cc:steps>
            <cc:send-error id="SendError" routes-to="CallCritical0"/>
        </cc:async-mediation>
        <cc:sync-mediation id="HandleGetDocError" routes-to="RunType" handle-downstream-errors="true">
            <cc:request-steps>
                <cc:eval id="Eval"><cc:expression>props['debug.WID'] = '';  props['debug.WID'] =  lp.getSimpleData('Studio Debug WID')</cc:expression><cc:expression>props['processing.WID'] =  lp.isSet() ? lp.getIntegrationEventWID() : null</cc:expression>
                    <cc:expression>vars['wd.retrieve.variable'] = null</cc:expression></cc:eval>
            </cc:request-steps>
            <cc:response-steps>
                <cc:validate-exp id="ValidateExp">
                    <cc:expression failure-message="No file was retrieved">vars['wd.retrieve.variable'] != null</cc:expression>
                </cc:validate-exp>
            </cc:response-steps>
            <cc:send-error id="SendError" routes-to="CallCritical"/>
        </cc:sync-mediation>
        <cc:route id="DocIterator">
            <cc:doc-iterator labels="@{props['lp.doc.tag']}" variable-name="wd.retrieve.variable"/>
            <cc:sub-route name="SubRoute" routes-to="CopyInput"/>
        </cc:route>
        <cc:local-out id="GetEventDocuments" routes-response-to="DocIterator" endpoint="vm://wcc/GetEventDocuments">
            <cc:set name="ie.event.wid" value="props['lp.debug.WID'] == '' ? props['processing.WID'] : props['lp.debug.WID']"/>
        </cc:local-out>
        <cc:local-in id="RetrieveAndProcFile" routes-to="HandleGetDocError"/>
        <cc:local-out id="CallCritical" store-message="none" endpoint="vm://INT0194-One-Time-Payments-from-Incent-Inbound/CriticalInitialError">
            <cc:set name="step.id" value="'HandleGetDocError'"/>
        </cc:local-out>
        <cc:local-out id="CallRetrieveAndProcFile" store-message="none" execute-when="!props['critical.error.occurred']" routes-response-to="CallProcInputFile" endpoint="vm://INT0194-One-Time-Payments-from-Incent-Inbound/RetrieveAndProcFile"/>
        <cc:local-out id="CallInit" store-message="none" routes-response-to="ValidationMode" endpoint="vm://INT0194-One-Time-Payments-from-Incent-Inbound/Init"/>
        <cc:local-out id="ValidationMode" execute-when="props['lp.validation.mode'] == true" routes-response-to="CallRetrieveAndProcFile" endpoint="vm://wcc/PutIntegrationMessage">
            <cc:set name="is.message.severity" value="'INFO'"/>
            <cc:set name="is.message.summary" value="'Validation Mode is enabled. Workday records will not be updated.'"/>
        </cc:local-out>
        <cc:local-in id="Init" routes-to="Initialization"/>
        <cc:local-out id="CallCritical1" store-message="none" endpoint="vm://INT0194-One-Time-Payments-from-Incent-Inbound/CriticalInitialError">
            
        </cc:local-out>
        <cc:async-mediation id="Initialization" handle-downstream-errors="true">
            <cc:steps>
                <cc:eval id="InitProps">
                    <cc:expression>props['close.audit.agg'] = false</cc:expression>
                    <cc:expression>props['force.close.aggregator'] = false</cc:expression>
                    <cc:expression>props['force.close.agg'] = false</cc:expression>
                    <cc:expression>props['error.message'] = empty</cc:expression>
                    <cc:expression>props['int.no'] = 'INT0194'</cc:expression>
                    <cc:expression>props['critical.error.occurred'] = false</cc:expression>
                    <cc:expression>props['Total.Record.Count'] = 0; props['Total.Amount.Processed'] = 0; props['Total.Amount.in.Error'] = 0;</cc:expression>
                    <cc:expression>props['ee.costcenters'] = new java.util.HashMap()</cc:expression>
                </cc:eval>
                <cc:eval id="InitMaps">
                    <cc:expression>props['employee.ids.set'] = new java.util.HashSet()</cc:expression>
                    <cc:expression>props['invalid.ee.ids.set'] = new java.util.HashSet()</cc:expression>
                    <cc:expression>props['inputs.counter'] = 0</cc:expression>
                </cc:eval>
                <cc:eval id="LP">
                    <cc:expression>props['lp.validation.mode'] = lp.getSimpleData(&quot;Validation Mode&quot;)</cc:expression>
                    <cc:expression>props['lp.effective.date'] = lp.getSimpleData('As of Entry')</cc:expression>
                    <cc:expression>props['lp.doc.ret'] = intsys.getAttribute('Document Retention Policy')</cc:expression>
                    <cc:expression>props['lp.doc.tag'] = intsys.getAttribute('Input Document Tag')</cc:expression>
                    <cc:expression>props['lp.version'] = intsys.getAttribute('WD Web Services Version')</cc:expression>
                    <cc:expression>props['manual.run'] = true //lp.getSimpleData('Manual Run')</cc:expression>
                    <cc:expression>props['effective.date'] = lp.getSimpleData('As of Entry').substring(0,10)</cc:expression>
                </cc:eval>
            </cc:steps>
            <cc:send-error id="SendError" routes-to="CallCritical1"/>
        </cc:async-mediation>
        <cc:workday-in id="INT0194" routes-to="CallInit">
            <cc:integration-system name="INT0194 One Time Payments from Incent Inbound">
        <cloud:param name="As of Entry">
          <cloud:type>
            <cloud:simple-type>datetime</cloud:simple-type>
          </cloud:type>
          <cloud:default>
            <cloud:class-report-field description="Current Moment (DateTime)" type="WID">df4effe76deb4222a79001d6737cf91c</cloud:class-report-field>
          </cloud:default>
        </cloud:param>
        <cloud:param name="Studio Debug WID">
          <cloud:type>
            <cloud:simple-type>text</cloud:simple-type>
          </cloud:type>
        </cloud:param>
        <cloud:param name="Validation Mode">
          <cloud:type>
            <cloud:simple-type>boolean</cloud:simple-type>
          </cloud:type>
          <cloud:default>
            <cloud:boolean>true</cloud:boolean>
          </cloud:default>
        </cloud:param>
        <cloud:attribute-map-service name="INT0194-Generic">
          <cloud:attribute name="Input Document Tag">
            <cloud:type>
              <cloud:class-report-field description="Document Tag" type="WID" singular="false">5242ed284a574130affb6653f3e0d93b</cloud:class-report-field>
            </cloud:type>
          </cloud:attribute>
          <cloud:attribute name="WD Web Services Version">
            <cloud:type>
              <cloud:class-report-field description="Web Service API Version" type="WID" singular="true">3083e4bc1a7810002048f1f0e68a000b</cloud:class-report-field>
            </cloud:type>
          </cloud:attribute>
          <cloud:attribute name="Document Retention Policy">
            <cloud:type>
              <cloud:simple-type>text</cloud:simple-type>
            </cloud:type>
          </cloud:attribute>
        </cloud:attribute-map-service>
        <cloud:report-service name="INT0194-RPT-Service">
          <cloud:report-alias description="INT0194_CostCenter_Ref_ID" name="INT0194CostCenter">
            <cloud:report-reference description="INT0194_CostCenter_Ref_ID" type="WID">f29c48b3a3cb01835c1c54082e065674</cloud:report-reference>
          </cloud:report-alias>
        </cloud:report-service>
      </cc:integration-system>
        </cc:workday-in>
        <cc:async-mediation id="WriteFile" routes-to="CopyInput">
            <cc:steps>
                <cc:write id="Write" output="variable" output-mimetype="text/plain" output-variable="wd.retrieve.variable">
                    <cc:message>
                        <cc:text>000000565,PCD Commission Pay,F7839,05/09/2019,04/01/2019,04/30/2019,37419.00&#xD;
000005860,PCD Commission Pay,F7839,05/09/2019,04/01/2019,04/30/2019,37419.00</cc:text>
                    </cc:message>
                </cc:write>
            </cc:steps>
        </cc:async-mediation>
        <cc:route id="RunType">
            <cc:mvel-strategy>
                <cc:choose-route expression="props['manual.run'] == true" route="Manual"/>
                <cc:choose-route expression="true" route="Automatic"/>
            </cc:mvel-strategy>
            <cc:sub-route name="Manual" routes-to="WriteFile"/>
            <cc:sub-route name="Automatic" routes-to="GetEventDocuments"/>
        </cc:route>
        <cc:local-in id="CreateOneTime" routes-to="CreateOneTimes"/>
        <cc:local-out id="SplitError" store-message="none" endpoint="vm://INT0194-One-Time-Payments-from-Incent-Inbound/AuditLine">
            <cc:set name="inputs.counter" value="0"/>
            <cc:set name="status" value="'FAILURE'"/>
            <cc:set name="error.msg" value="context.errorMessage"/>
            <cc:set name="step.id" value="'CreateImportPayrollInputSegment'"/>
        </cc:local-out>
        <cc:splitter id="Splitter">
            <cc:sub-route name="SubRoute" routes-to="AsyncMediation"/>
            <cc:xml-stream-splitter xpath="Root/Worker"/>
        </cc:splitter>
        <cc:async-mediation id="CreateOneTimes" routes-to="Splitter" execute-steps-when="!props['critical.error.occurred']" handle-downstream-errors="true">
            <cc:steps>
                <cc:copy id="Copy" input="variable" input-variable="var.formated.input"/>
            </cc:steps>
            <cc:send-error id="SendError" routes-to="SplitError"/>
        </cc:async-mediation>
        <cc:async-mediation id="FormatedInput">
            <cc:steps>
                <cc:copy id="Copy" output="variable" output-variable="var.formated.input"/>
            </cc:steps>
            <cc:send-error id="SendError" routes-to="CallCritical2"/>
        </cc:async-mediation>
        <cc:local-out id="CallCritical2" store-message="none" endpoint="vm://INT0194-One-Time-Payments-from-Incent-Inbound/CriticalInitialError"/>
        <cc:async-mediation id="SetEmpHashset" handle-downstream-errors="true">
            <cc:steps>
                <cc:eval id="Eval">
                    <cc:expression>props['emp.id'] = parts[0].xpath('Worker/EmployeeID')</cc:expression>
                    <cc:expression>props['employee.ids.set'].add(props['emp.id'])</cc:expression>
                </cc:eval>
            </cc:steps>
            <cc:send-error id="SendError" routes-to="CallAuditLine4"/>
        </cc:async-mediation>
        <cc:local-in id="ProcInputFile" routes-to="Splitter0"/>
        <cc:local-out id="CallProcInputFile" store-message="none" execute-when="!props['critical.error.occurred']" routes-response-to="CallGetWorker" endpoint="vm://INT0194-One-Time-Payments-from-Incent-Inbound/ProcInputFile"/>
        <cc:splitter id="Splitter0">
            <cc:sub-route name="SubRoute" routes-to="SetEmpHashset"/>
            <cc:xml-stream-splitter xpath="Root/Worker"/>
        </cc:splitter>
        <cc:async-mediation id="DeleteInvalidIDs">
            <cc:steps>
                <cc:eval id="DeleteInvalidIDs"><cc:expression>props['error.xpath']=parts[0].xstream('wd:Validation_Error/wd:Xpath')+'/wd:ID'</cc:expression><cc:expression>props['invalid.id']=vars['getWorkersMessage'].xpath(props['error.xpath'])</cc:expression><cc:expression>props['employee.ids.set'].remove(props['invalid.id'])</cc:expression>
                    <cc:expression>props['invalid.ee.ids.set'].add(props['invalid.id'])</cc:expression></cc:eval>
            </cc:steps>
        </cc:async-mediation>
        <cc:splitter id="SplitInvalidIDS">
            <cc:sub-route name="SubRoute" routes-to="DeleteInvalidIDs"/>
            <cc:xml-stream-splitter namespaces="wd urn:com.workday/bsvc SOAP-ENV http://schemas.xmlsoap.org/soap/envelope/" xpath="/Envelope/Body/Fault/detail/wd:Validation_Fault/wd:Validation_Error"/>
        </cc:splitter>
        <cc:local-out id="CreateCleanGetWorkersCall_Error" endpoint="vm://wcc/PutIntegrationMessage">
            <cc:set name="is.message.severity" value="'ERROR'"/>
            <cc:set name="is.message.summary" value="'Error occured on step CreateCleatGetWorkersCall'"/>
            <cc:set name="is.message.detail" value="context.errorMessage"/>
        </cc:local-out>
        <cc:sync-mediation id="CreateCleanGetWorkersCall" routes-to="SplitInvalidIDS" handle-downstream-errors="true">
            <cc:request-steps>
                <cc:eval id="isErrorTrue"><cc:expression>props['is.error']=true</cc:expression></cc:eval>
            </cc:request-steps>
            <cc:response-steps>
                <cc:eval id="isErrorFalse"><cc:expression>props['is.error']=false</cc:expression></cc:eval>
                <cc:wrap-soap id="WrapSoap"/>
                <cc:write id="Write" output-mimetype="text/xml">
                    <cc:message>
                        <cc:text>&lt;wd:Get_Workers_Request xmlns:wd=&quot;urn:com.workday/bsvc&quot; wd:version=&quot;v26.1&quot;>&#xD;
        &lt;wd:Request_References wd:Skip_Non_Existing_Instances=&quot;true&quot;>&#xD;
	 			@foreach{props['employee.ids.set'] as id}&lt;wd:Worker_Reference>&#xD;
                    &lt;wd:ID wd:type=&quot;Employee_ID&quot;>@{id}&lt;/wd:ID>&#xD;
                &lt;/wd:Worker_Reference>@end{}&#xD;
            &lt;/wd:Request_References>&#xD;
            &lt;wd:Request_Criteria>&#xD;
                &lt;wd:Exclude_Inactive_Workers>false&lt;/wd:Exclude_Inactive_Workers>&#xD;
                &lt;wd:Exclude_Employees>false&lt;/wd:Exclude_Employees>&#xD;
                &lt;wd:Exclude_Contingent_Workers>false&lt;/wd:Exclude_Contingent_Workers>&#xD;
                &lt;wd:Field_And_Parameter_Criteria_Data>&#xD;
					&lt;wd:Provider_Reference>&#xD;
						&lt;wd:ID wd:type=&quot;WID&quot;>@{lp.integrationSystemRefWID}&lt;/wd:ID>&#xD;
					&lt;/wd:Provider_Reference>&#xD;
				&lt;/wd:Field_And_Parameter_Criteria_Data>&#xD;
            &lt;/wd:Request_Criteria>&#xD;
            &lt;wd:Response_Filter>&#xD;
                &lt;wd:As_Of_Effective_Date>@{props['lp.effective.date']}&lt;/wd:As_Of_Effective_Date>&#xD;
                &lt;wd:As_Of_Entry_DateTime>@{props['lp.effective.date']}&lt;/wd:As_Of_Entry_DateTime>&#xD;
                &lt;wd:Page>1&lt;/wd:Page>&#xD;
                &lt;wd:Count>999&lt;/wd:Count>&#xD;
            &lt;/wd:Response_Filter>&#xD;
            &lt;wd:Response_Group>&#xD;
                &lt;wd:Include_Reference>false&lt;/wd:Include_Reference>&#xD;
                &lt;wd:Include_Personal_Information>false&lt;/wd:Include_Personal_Information>&#xD;
                &lt;wd:Include_Additional_Jobs>false&lt;/wd:Include_Additional_Jobs>&#xD;
                &lt;wd:Include_Employment_Information>false&lt;/wd:Include_Employment_Information>&#xD;
                &lt;wd:Include_Compensation>false&lt;/wd:Include_Compensation>&#xD;
                &lt;wd:Include_Organizations>false&lt;/wd:Include_Organizations>&#xD;
                &lt;wd:Exclude_Organization_Support_Role_Data>true&lt;/wd:Exclude_Organization_Support_Role_Data>&#xD;
                &lt;wd:Exclude_Location_Hierarchies>true&lt;/wd:Exclude_Location_Hierarchies>&#xD;
                &lt;wd:Exclude_Cost_Centers>true&lt;/wd:Exclude_Cost_Centers>&#xD;
                &lt;wd:Exclude_Cost_Center_Hierarchies>true&lt;/wd:Exclude_Cost_Center_Hierarchies>&#xD;
                &lt;wd:Exclude_Companies>true&lt;/wd:Exclude_Companies>&#xD;
                &lt;wd:Exclude_Company_Hierarchies>true&lt;/wd:Exclude_Company_Hierarchies>&#xD;
                &lt;wd:Exclude_Matrix_Organizations>true&lt;/wd:Exclude_Matrix_Organizations>&#xD;
                &lt;wd:Exclude_Pay_Groups>true&lt;/wd:Exclude_Pay_Groups>&#xD;
                &lt;wd:Exclude_Regions>true&lt;/wd:Exclude_Regions>&#xD;
                &lt;wd:Exclude_Region_Hierarchies>true&lt;/wd:Exclude_Region_Hierarchies>&#xD;
                &lt;wd:Exclude_Supervisory_Organizations>true&lt;/wd:Exclude_Supervisory_Organizations>&#xD;
                &lt;wd:Exclude_Teams>true&lt;/wd:Exclude_Teams>&#xD;
                &lt;wd:Exclude_Custom_Organizations>true&lt;/wd:Exclude_Custom_Organizations>&#xD;
                &lt;wd:Include_Roles>false&lt;/wd:Include_Roles>&#xD;
                &lt;wd:Include_Management_Chain_Data>false&lt;/wd:Include_Management_Chain_Data>&#xD;
                &lt;wd:Include_Multiple_Managers_in_Management_Chain_Data>false&lt;/wd:Include_Multiple_Managers_in_Management_Chain_Data>&#xD;
                &lt;wd:Include_Benefit_Enrollments>false&lt;/wd:Include_Benefit_Enrollments>&#xD;
                &lt;wd:Include_Benefit_Eligibility>false&lt;/wd:Include_Benefit_Eligibility>&#xD;
                &lt;wd:Include_Related_Persons>false&lt;/wd:Include_Related_Persons>&#xD;
                &lt;wd:Include_Qualifications>false&lt;/wd:Include_Qualifications>&#xD;
                &lt;wd:Include_Employee_Review>false&lt;/wd:Include_Employee_Review>&#xD;
                &lt;wd:Include_Goals>false&lt;/wd:Include_Goals>&#xD;
                &lt;wd:Include_Development_Items>false&lt;/wd:Include_Development_Items>&#xD;
                &lt;wd:Include_Skills>false&lt;/wd:Include_Skills>&#xD;
                &lt;wd:Include_Photo>true&lt;/wd:Include_Photo>&#xD;
                &lt;wd:Include_Worker_Documents>false&lt;/wd:Include_Worker_Documents>&#xD;
                &lt;wd:Include_Transaction_Log_Data>false&lt;/wd:Include_Transaction_Log_Data>&#xD;
                &lt;wd:Include_Subevents_for_Corrected_Transaction>false&lt;/wd:Include_Subevents_for_Corrected_Transaction>&#xD;
                &lt;wd:Include_Subevents_for_Rescinded_Transaction>false&lt;/wd:Include_Subevents_for_Rescinded_Transaction>&#xD;
                &lt;wd:Include_Succession_Profile>false&lt;/wd:Include_Succession_Profile>&#xD;
                &lt;wd:Include_Talent_Assessment>false&lt;/wd:Include_Talent_Assessment>&#xD;
                &lt;wd:Include_Employee_Contract_Data>false&lt;/wd:Include_Employee_Contract_Data>&#xD;
                &lt;wd:Include_Collective_Agreement_Data>false&lt;/wd:Include_Collective_Agreement_Data>&#xD;
                &lt;wd:Include_Probation_Period_Data>false&lt;/wd:Include_Probation_Period_Data>&#xD;
                &lt;wd:Include_Feedback_Received>false&lt;/wd:Include_Feedback_Received>&#xD;
                &lt;wd:Include_User_Account>false&lt;/wd:Include_User_Account>&#xD;
                &lt;wd:Include_Career>false&lt;/wd:Include_Career>&#xD;
                &lt;wd:Include_Account_Provisioning>false&lt;/wd:Include_Account_Provisioning>&#xD;
                &lt;wd:Include_Background_Check_Data>false&lt;/wd:Include_Background_Check_Data>&#xD;
                &lt;wd:Include_Contingent_Worker_Tax_Authority_Form_Information>false&lt;/wd:Include_Contingent_Worker_Tax_Authority_Form_Information>&#xD;
                &lt;wd:Exclude_Funds>true&lt;/wd:Exclude_Funds>&#xD;
                &lt;wd:Exclude_Fund_Hierarchies>true&lt;/wd:Exclude_Fund_Hierarchies>&#xD;
                &lt;wd:Exclude_Grants>true&lt;/wd:Exclude_Grants>&#xD;
                &lt;wd:Exclude_Grant_Hierarchies>true&lt;/wd:Exclude_Grant_Hierarchies>&#xD;
                &lt;wd:Exclude_Business_Units>true&lt;/wd:Exclude_Business_Units>&#xD;
                &lt;wd:Exclude_Business_Unit_Hierarchies>true&lt;/wd:Exclude_Business_Unit_Hierarchies>&#xD;
                &lt;wd:Exclude_Programs>true&lt;/wd:Exclude_Programs>&#xD;
                &lt;wd:Exclude_Program_Hierarchies>true&lt;/wd:Exclude_Program_Hierarchies>&#xD;
                &lt;wd:Exclude_Gifts>true&lt;/wd:Exclude_Gifts>&#xD;
                &lt;wd:Exclude_Gift_Hierarchies>true&lt;/wd:Exclude_Gift_Hierarchies>&#xD;
            &lt;/wd:Response_Group>&#xD;
            &lt;/wd:Get_Workers_Request></cc:text>
                    </cc:message>
                </cc:write>
            </cc:response-steps>
            <cc:send-error id="SendError" routes-to="CreateCleanGetWorkersCall_Error"/>
        </cc:sync-mediation>
        <cc:local-in id="CleanInvalidEEids" routes-to="CreateCleanGetWorkersCall"/>
        <cc:local-out id="CallCriticalSplitOnWorkers" store-message="none" endpoint="vm://INT0194-One-Time-Payments-from-Incent-Inbound/CriticalInitialError">
            <cc:set name="step.id" value="'GetWorkersSplitter'"/>
        </cc:local-out>
        <cc:async-mediation id="WorkersDataErrorHandler" handle-downstream-errors="true">
            <cc:steps>
                <cc:eval id="Eval">
                    <cc:expression>props['wd.cost.center'] = parts[0].xpath(&quot;wd:Worker/wd:Worker_Data/wd:Organization_Data/wd:Worker_Organization_Data/wd:Organization_Reference/wd:ID[@wd:type = 'Cost_Center_Reference_ID']&quot;,'wd urn:com.workday/bsvc')</cc:expression>
                    <cc:expression>props['wd.emplid']= parts[0].xpath('wd:Worker/wd:Worker_Data/wd:Worker_ID','wd urn:com.workday/bsvc')</cc:expression>
                    <cc:expression>props['ee.costcenters'].put(props['wd.emplid'],props['wd.cost.center']);</cc:expression>
                </cc:eval>
                <cc:eval id="clear">
                    <cc:expression>props['wd.emplid']='';props['wd.cost.center']='';</cc:expression>
                </cc:eval>
            </cc:steps>
            <cc:send-error id="SendError" routes-to="CallCriticalSplitOnWorkers"/>
        </cc:async-mediation>
        <cc:local-out id="UnexpectedError" execute-when="(!context.errorMessage.contains('not a valid ID value for type'))" routes-response-to="PagedGet" endpoint="vm://wcc/PutIntegrationMessage">
            <cc:set name="is.message.severity" value="'ERROR'"/>
            <cc:set name="is.message.summary" value="context.errorMessage"/>
            <cc:set name="is.error" value="true"/>
        </cc:local-out>
        <cc:local-out id="PagedGet" routes-response-to="Splitter1" endpoint="vm://wcc/PagedGet">
            <cc:set name="is.paged.get.request.current.page.xpath" value="'/env:Envelope/env:Body/*/wd:Response_Filter/wd:Page'"/>
            <cc:set name="is.paged.get.response.current.page.xpath" value="'/env:Envelope/env:Body/*/wd:Response_Results/wd:Page'"/>
            <cc:set name="is.paged.get.response.total.pages.xpath" value="'/env:Envelope/env:Body/*/wd:Response_Results/wd:Total_Pages'"/>
            <cc:set name="is.paged.get.response.total.results.xpath" value="'/env:Envelope/env:Body/*/wd:Response_Results/wd:Total_Results'"/>
            <cc:set name="is.paged.get.aggregate.xpath" value="'/env:Envelope/env:Body/wd:Get_Workers_Response/wd:Response_Data/wd:Worker'"/>
            <cc:set name="is.paged.get.aggregate.header" value="'&lt;Workers>'"/>
            <cc:set name="is.paged.get.aggregate.footer" value="'&lt;/Workers>'"/>
            <cc:set name="is.paged.get.application" value="'Human_Resources'"/>
            <cc:set name="is.paged.get.version" value="props['lp.version']"/>
            <cc:set name="is.paged.get.page.zero" value="false"/>
            <cc:set name="is.paged.get.store.requests" value="true"/>
            <cc:set name="is.paged.get.parallel" value="true"/>
        </cc:local-out>
        <cc:local-out id="Call-CleanInvalidEEids" execute-when="context.errorMessage.contains('not a valid ID value for type')" routes-response-to="UnexpectedError" endpoint="vm://INT0194-One-Time-Payments-from-Incent-Inbound/CleanInvalidEEids"/>
        <cc:async-mediation id="Catch_Error" routes-to="PagedGet" handle-downstream-errors="true">
            <cc:steps>
            </cc:steps>
            <cc:send-error id="SendError" routes-to="Call-CleanInvalidEEids"/>
        </cc:async-mediation>
        <cc:local-out id="CallCriticalWriteEEIDs" store-message="none" endpoint="vm://INT0194-One-Time-Payments-from-Incent-Inbound/CriticalInitialError">
            <cc:set name="step.id" value="'WriteGetWorkers'"/>
        </cc:local-out>
        <cc:async-mediation id="WriteGetWorkers" routes-to="Catch_Error" handle-downstream-errors="true">
            <cc:steps>
                <cc:write id="Write">
                    <cc:message>
                        <cc:text>&lt;wd:Get_Workers_Request xmlns:wd=&quot;urn:com.workday/bsvc&quot;>&#xD;
			&lt;wd:Request_References&#xD;
				wd:Skip_Non_Existing_Instances=&quot;true&quot;>&#xD;
				@foreach{props['employee.ids.set'] as id}&#xD;
					&lt;wd:Worker_Reference>&#xD;
						&lt;wd:ID wd:type=&quot;Employee_ID&quot;>@{id}&lt;/wd:ID>&#xD;
					&lt;/wd:Worker_Reference>&#xD;
				@end{}&#xD;
			&lt;/wd:Request_References>	&#xD;
			        &#xD;
            &lt;wd:Request_Criteria>&#xD;
                &lt;wd:Exclude_Inactive_Workers>false&lt;/wd:Exclude_Inactive_Workers>&#xD;
                &lt;wd:Exclude_Employees>false&lt;/wd:Exclude_Employees>&#xD;
                &lt;wd:Exclude_Contingent_Workers>false&lt;/wd:Exclude_Contingent_Workers>&#xD;
                &lt;wd:Field_And_Parameter_Criteria_Data>&#xD;
					&lt;wd:Provider_Reference>&#xD;
						&lt;wd:ID wd:type=&quot;WID&quot;>@{lp.integrationSystemRefWID}&lt;/wd:ID>&#xD;
					&lt;/wd:Provider_Reference>&#xD;
				&lt;/wd:Field_And_Parameter_Criteria_Data>&#xD;
            &lt;/wd:Request_Criteria>&#xD;
            &lt;wd:Response_Filter>&#xD;
             &lt;wd:As_Of_Effective_Date>@{props['lp.effective.date']}&lt;/wd:As_Of_Effective_Date>&#xD;
                &lt;wd:As_Of_Entry_DateTime>@{props['lp.effective.date']}&lt;/wd:As_Of_Entry_DateTime>&#xD;
                &lt;wd:Page>1&lt;/wd:Page>&#xD;
                &lt;wd:Count>999&lt;/wd:Count>&#xD;
            &lt;/wd:Response_Filter>&#xD;
            &lt;wd:Response_Group>&#xD;
                &lt;wd:Include_Reference>true&lt;/wd:Include_Reference>&#xD;
                &lt;wd:Include_Personal_Information>true&lt;/wd:Include_Personal_Information>&#xD;
                &lt;wd:Include_Additional_Jobs>false&lt;/wd:Include_Additional_Jobs>&#xD;
                &lt;wd:Include_Employment_Information>true&lt;/wd:Include_Employment_Information>&#xD;
                &lt;wd:Include_Compensation>false&lt;/wd:Include_Compensation>&#xD;
                &lt;wd:Include_Organizations>true&lt;/wd:Include_Organizations>&#xD;
                &lt;wd:Exclude_Organization_Support_Role_Data>true&lt;/wd:Exclude_Organization_Support_Role_Data>&#xD;
                &lt;wd:Exclude_Location_Hierarchies>true&lt;/wd:Exclude_Location_Hierarchies>&#xD;
                &lt;wd:Exclude_Cost_Centers>false&lt;/wd:Exclude_Cost_Centers>&#xD;
                &lt;wd:Exclude_Cost_Center_Hierarchies>true&lt;/wd:Exclude_Cost_Center_Hierarchies>&#xD;
                &lt;wd:Exclude_Companies>true&lt;/wd:Exclude_Companies>&#xD;
                &lt;wd:Exclude_Company_Hierarchies>true&lt;/wd:Exclude_Company_Hierarchies>&#xD;
                &lt;wd:Exclude_Matrix_Organizations>true&lt;/wd:Exclude_Matrix_Organizations>&#xD;
                &lt;wd:Exclude_Pay_Groups>true&lt;/wd:Exclude_Pay_Groups>&#xD;
                &lt;wd:Exclude_Regions>true&lt;/wd:Exclude_Regions>&#xD;
                &lt;wd:Exclude_Region_Hierarchies>true&lt;/wd:Exclude_Region_Hierarchies>&#xD;
                &lt;wd:Exclude_Supervisory_Organizations>true&lt;/wd:Exclude_Supervisory_Organizations>&#xD;
                &lt;wd:Exclude_Teams>true&lt;/wd:Exclude_Teams>&#xD;
                &lt;wd:Exclude_Custom_Organizations>true&lt;/wd:Exclude_Custom_Organizations>&#xD;
                &lt;wd:Include_Roles>false&lt;/wd:Include_Roles>&#xD;
                &lt;wd:Include_Management_Chain_Data>false&lt;/wd:Include_Management_Chain_Data>&#xD;
                &lt;wd:Include_Multiple_Managers_in_Management_Chain_Data>false&lt;/wd:Include_Multiple_Managers_in_Management_Chain_Data>&#xD;
                &lt;wd:Include_Benefit_Enrollments>false&lt;/wd:Include_Benefit_Enrollments>&#xD;
                &lt;wd:Include_Benefit_Eligibility>false&lt;/wd:Include_Benefit_Eligibility>&#xD;
                &lt;wd:Include_Related_Persons>false&lt;/wd:Include_Related_Persons>&#xD;
                &lt;wd:Include_Qualifications>false&lt;/wd:Include_Qualifications>&#xD;
                &lt;wd:Include_Employee_Review>false&lt;/wd:Include_Employee_Review>&#xD;
                &lt;wd:Include_Goals>false&lt;/wd:Include_Goals>&#xD;
                &lt;wd:Include_Development_Items>false&lt;/wd:Include_Development_Items>&#xD;
                &lt;wd:Include_Skills>false&lt;/wd:Include_Skills>&#xD;
                &lt;wd:Include_Photo>true&lt;/wd:Include_Photo>&#xD;
                &lt;wd:Include_Worker_Documents>false&lt;/wd:Include_Worker_Documents>&#xD;
                &lt;wd:Include_Transaction_Log_Data>false&lt;/wd:Include_Transaction_Log_Data>&#xD;
                &lt;wd:Include_Subevents_for_Corrected_Transaction>false&lt;/wd:Include_Subevents_for_Corrected_Transaction>&#xD;
                &lt;wd:Include_Subevents_for_Rescinded_Transaction>false&lt;/wd:Include_Subevents_for_Rescinded_Transaction>&#xD;
                &lt;wd:Include_Succession_Profile>false&lt;/wd:Include_Succession_Profile>&#xD;
                &lt;wd:Include_Talent_Assessment>false&lt;/wd:Include_Talent_Assessment>&#xD;
                &lt;wd:Include_Employee_Contract_Data>false&lt;/wd:Include_Employee_Contract_Data>&#xD;
                &lt;wd:Include_Collective_Agreement_Data>false&lt;/wd:Include_Collective_Agreement_Data>&#xD;
                &lt;wd:Include_Probation_Period_Data>false&lt;/wd:Include_Probation_Period_Data>&#xD;
                &lt;wd:Include_Feedback_Received>false&lt;/wd:Include_Feedback_Received>&#xD;
                &lt;wd:Include_User_Account>false&lt;/wd:Include_User_Account>&#xD;
                &lt;wd:Include_Career>false&lt;/wd:Include_Career>&#xD;
                &lt;wd:Include_Account_Provisioning>false&lt;/wd:Include_Account_Provisioning>&#xD;
                &lt;wd:Include_Background_Check_Data>false&lt;/wd:Include_Background_Check_Data>&#xD;
                &lt;wd:Include_Contingent_Worker_Tax_Authority_Form_Information>false&lt;/wd:Include_Contingent_Worker_Tax_Authority_Form_Information>&#xD;
                &lt;wd:Exclude_Funds>true&lt;/wd:Exclude_Funds>&#xD;
                &lt;wd:Exclude_Fund_Hierarchies>true&lt;/wd:Exclude_Fund_Hierarchies>&#xD;
                &lt;wd:Exclude_Grants>true&lt;/wd:Exclude_Grants>&#xD;
                &lt;wd:Exclude_Grant_Hierarchies>true&lt;/wd:Exclude_Grant_Hierarchies>&#xD;
                &lt;wd:Exclude_Business_Units>true&lt;/wd:Exclude_Business_Units>&#xD;
                &lt;wd:Exclude_Business_Unit_Hierarchies>true&lt;/wd:Exclude_Business_Unit_Hierarchies>&#xD;
                &lt;wd:Exclude_Programs>true&lt;/wd:Exclude_Programs>&#xD;
                &lt;wd:Exclude_Program_Hierarchies>true&lt;/wd:Exclude_Program_Hierarchies>&#xD;
                &lt;wd:Exclude_Gifts>true&lt;/wd:Exclude_Gifts>&#xD;
                &lt;wd:Exclude_Gift_Hierarchies>true&lt;/wd:Exclude_Gift_Hierarchies>&#xD;
            &lt;/wd:Response_Group>&#xD;
            &lt;/wd:Get_Workers_Request></cc:text>
                    </cc:message>
                </cc:write>
                <cc:copy id="SaveWWSRequest" output="variable" output-variable="getWorkersMessage" stream-xpath="true"/>
                <cc:wrap-soap id="WrapSoap"/>
            </cc:steps>
            <cc:send-error id="SendError" routes-to="CallCriticalWriteEEIDs"/>
        </cc:async-mediation>
        <cc:local-in id="GetWorker" routes-to="WriteGetWorkers"/>
        <cc:local-out id="CallAuditLineSuccess" store-message="none" endpoint="vm://INT0194-One-Time-Payments-from-Incent-Inbound/AuditLine"><cc:set name="status" value="'SUCCESS'"/></cc:local-out>
        <cc:local-out id="CallAuditLine4" store-message="none" endpoint="vm://INT0194-One-Time-Payments-from-Incent-Inbound/AuditLine"><cc:set name="error.msg" value="context.errorMessage"/><cc:set name="step.id" value="'SplittingInputFile'"/><cc:set name="validation.error.occured" value="true"/><cc:set name="counter" value="-1"/></cc:local-out>
        <cc:local-out id="CallGetWorker" store-message="none" routes-response-to="CallCreateOneTime" endpoint="vm://INT0194-One-Time-Payments-from-Incent-Inbound/GetWorker"/>
        <cc:local-out id="CallCloseAggAudit" store-message="none" routes-response-to="ErrorsInSubmissions" endpoint="vm://INT0194-One-Time-Payments-from-Incent-Inbound/CloseAggAudit"><cc:set name="close.audit.agg" value="true"/></cc:local-out>
        <cc:async-mediation id="AsyncMediation" routes-to="InvokeRaas">
            <cc:steps>
                <cc:eval id="Eval">
                    <cc:expression>props['file.PayEndDate'] = empty; props['file.PayEndDate'] = parts[0].xpath('Worker/PayEndDate')</cc:expression>
                    <cc:expression>props['file.CheckDate'] = empty; props['file.CheckDate'] = parts[0].xpath('Worker/CheckDate')</cc:expression>
                    <cc:expression>props['file.Amount'] = 0; props['file.Amount'] = parts[0].xpath('Worker/Amount')</cc:expression>
                    <cc:expression>props['file.PayBeginDate'] = empty; props['file.PayBeginDate'] = parts[0].xpath('Worker/PayBeginDate')</cc:expression>
                    <cc:expression>props['file.PayingUnit'] = empty; props['file.PayingUnit'] = parts[0].xpath('Worker/PayingUnit')</cc:expression>
                    <cc:expression>props['file.EmployeeID'] = empty; props['file.EmployeeID'] = parts[0].xpath('Worker/EmployeeID')</cc:expression>
                    <cc:expression>props['file.EarningCode'] = empty; props['file.EarningCode'] = parts[0].xpath('Worker/EarningCode')</cc:expression>
                    <cc:expression>props['wd.Earning.Code'] = empty; props['wd.Earning.Code'] = props['file.EarningCode']</cc:expression>
                    <cc:expression>//props['wd.Earning.Code'] = empty; props['wd.Earning.Code'] = intsys.integrationMapReverseLookup('OneTimePlan', props['file.EarningCode'])</cc:expression>
                    <cc:expression>//props['wd.Earning.Code'] =  props['wd.Earning.Code'] == empty ? '' : props['wd.Earning.Code'].toString().replace(&quot;[&quot;,&quot;&quot;).replace(&quot;]&quot;,&quot;&quot;) </cc:expression>
                    <cc:expression>props['default.CostCenterID'] = props['ee.costcenters'].get(props['file.EmployeeID']);</cc:expression>
                    <cc:expression>props['file_encoded.PayingUnit']=props['file.PayingUnit'].replace(' ','_');</cc:expression>
                    <cc:expression>props['p.url']=intsys.reportService.getExtrapath('INT0194CostCenter')+'?code='+props['file_encoded.PayingUnit']+'&amp;format=simplexml'</cc:expression>
                </cc:eval>
                <cc:eval id="Increment">
                    <cc:expression>props['inputs.counter'] = props['inputs.counter'] + 1</cc:expression>
                </cc:eval>
                <cc:validate-exp id="ValidateExp">
                    <cc:expression failure-message="Earning Amount should not be equal to 0">props['file.Amount'] != 0</cc:expression>
                    <cc:expression failure-message="Could not find employee @{props['file.EmployeeID']} in the tenant.">!(props['invalid.ee.ids.set'].contains(props['file.EmployeeID']))</cc:expression>
                    <cc:expression failure-message="Input Earning Code @{props['file.EarningCode']} can't be blank">props['wd.Earning.Code'] != empty</cc:expression>
                </cc:validate-exp>
                <cc:copy id="Copy" output="variable" output-variable="v.original.message"/>
            </cc:steps>
            <cc:send-error id="SendError" routes-to="CallAuditError"/>
        </cc:async-mediation>
        <cc:local-out id="CallAuditError" store-message="none" endpoint="vm://INT0194-One-Time-Payments-from-Incent-Inbound/AuditLine"><cc:set name="status" value="'REJECTS'"/><cc:set name="step.id" value="'Validation'"/><cc:set name="error.msg" value="context.errorMessage"/></cc:local-out>
        <cc:local-out id="Note-Error" endpoint="vm://wcc/PutIntegrationMessage">
            <cc:set name="is.message.severity" value="'CRITICAL'"/>
            <cc:set name="is.message.summary" value="&quot;Unexpected error occured:&quot; # context.errorMessage"/>
        </cc:local-out>
        <cc:send-error id="global-error-handler" rethrow-error="false" routes-to="Note-Error"/>
        <cc:workday-out-rest id="InvokeRaas" routes-response-to="AsyncMediation0" extra-path="@{props['p.url']}"/>
        <cc:async-mediation id="AsyncMediation0" routes-to="WrapWS">
            <cc:steps>
                <cc:eval id="Eval">
                    <cc:expression>props['cost.center.id']=parts[0].xpath('wd:Report_Data/wd:Report_Entry/wd:Reference_ID' , 'wd urn:com.workday.report/RPT_INT_CostCenter_Ref_ID')</cc:expression>
                    <cc:expression>if(props['cost.center.id']=='' ||props['cost.center.id']==null){&#xD;
&#xD;
props['cost.center.id']=props['default.CostCenterID'];&#xD;
}</cc:expression>
                </cc:eval>
                <cc:validate-exp id="ValidateExp">
                    <cc:expression failure-message="Invalid Cost Center Worktag Code">props['cost.center.id'] != null</cc:expression>
                </cc:validate-exp>
            </cc:steps>
            <cc:send-error id="SendError" routes-to="CallAuditError0"/>
        </cc:async-mediation>
        <cc:local-out id="CallAuditError0" store-message="none" endpoint="vm://INT0194-One-Time-Payments-from-Incent-Inbound/AuditLine"/>
        <cc:splitter id="Splitter1">
            <cc:sub-route name="SubRoute" routes-to="WorkersDataErrorHandler"/>
            <cc:xml-stream-splitter xpath="Workers/wd:Worker"/>
        </cc:splitter>
	</cc:assembly>

</beans>