<?xml version="1.0" encoding="UTF-8"?>
<beans
     xmlns="http://www.springframework.org/schema/beans"
     xmlns:beans="http://www.springframework.org/schema/beans"
     xmlns:atom="http://www.w3.org/2005/Atom"
     xmlns:cc="http://www.capeclear.com/assembly/10"
     xmlns:cloud="urn:com.workday/esb/cloud/10.0"
     xmlns:env="http://schemas.xmlsoap.org/soap/envelope/"
     xmlns:pi="urn:com.workday/picof"
     xmlns:wd="urn:com.workday/bsvc"
     xmlns:xsi="http://www.w3.org/2001/XMLSchema-instance">
 
	<cc:assembly id="WorkdayAssembly" version="2021.10">
        <cc:local-out id="Call_SubRoutine_TimeOff" store-message="none" routes-response-to="CountTimeOffEmplid" endpoint="vm://INT0732_Tress_Mexico_Worker_TimeOffData_SI_Outbound/TimoffRoute"/>
        <cc:async-mediation id="LaunchParamters" routes-to="Call_SubRoutine_TimeOff">
            <cc:steps>
                <cc:eval id="Eval">
                    <cc:expression>props['p.currentDateTime'] = util.currentDateTimeAsString('GMT+1:00')</cc:expression>
                    <cc:expression>props['p.dateTime.parse'] = new java.text.SimpleDateFormat(&quot;yyyy-MM-dd'T'HH:mm:ss&quot;).parse(props['p.currentDateTime'])</cc:expression>
                    <cc:expression>props['fileNameMode'] = 'MEXInterface' + new java.text.SimpleDateFormat(&quot;yyyyMMdd&quot;).format(props['p.dateTime.parse'])</cc:expression>
                     </cc:eval>
                <cc:log id="Log">
                   <cc:log-message>
                        <cc:line-separator/>
                        <cc:text>================

==============

====================</cc:text>
                        <cc:line-separator/>
                    </cc:log-message>
                </cc:log>
            </cc:steps>
        </cc:async-mediation>
        <cc:workday-in id="StartHere" routes-to="LaunchParamters">
            <cc:integration-system name="INT0732 Tress Mexico Worker TimeOffData SI Outbound">
        <cloud:report-service name="TimeOffData_RS">
          <cloud:report-alias description="GECR INT0732 Tress Mexico Worker Time Off Data EIB Outbound" name="GECR_INT_732_Tress_Mexico_Worker_Time_Off_Data_EIB_Outbound">
            <cloud:report-reference description="GECR INT0732 Tress Mexico Worker Time Off Data EIB Outbound" type="WID">76d073f614a01001b45b05f3fda40000</cloud:report-reference>
          </cloud:report-alias>
          <cloud:report-alias description="GECR INT0732 Tress Mexico Worker Time Off Data EIB Outbound" name="TimeOff">
            <cloud:report-reference description="GECR INT0732 Tress Mexico Worker Time Off Data EIB Outbound" type="WID">76d073f614a01001b45b05f3fda40000</cloud:report-reference>
          </cloud:report-alias>
          <cloud:report-alias description="GECR INT0732 Tress Mexico Worker Time Off Entitlement" name="Tress">
            <cloud:report-reference description="GECR INT0732 Tress Mexico Worker Time Off Entitlement" type="WID">386b2e9c5f281001da9f094765900000</cloud:report-reference>
          </cloud:report-alias>
          <cloud:report-alias description="GECR INT0732 Tress Mexico Worker CarryOver EIB Outbound" name="CarryOver">
            <cloud:report-reference description="GECR INT0732 Tress Mexico Worker CarryOver EIB Outbound" type="WID">d8be873ad87e1001da8835b89f2c0000</cloud:report-reference>
          </cloud:report-alias>
        </cloud:report-service>
      </cc:integration-system>
        </cc:workday-in>
        <cc:local-out id="CallSubRoutine_Entitlement" store-message="none" routes-response-to="CountAnniverseryEmplid" endpoint="vm://INT0732_Tress_Mexico_Worker_TimeOffData_SI_Outbound/Entitlement"/>
        <cc:async-mediation id="MergeData_Timeoff_Anniversay_CarryOver" routes-to="DeliverFile" handle-downstream-errors="true">
            <cc:steps>
                <cc:store id="Store" output="variable" output-mimetype="text/plain" output-variable="OutputFile" createDocumentReference="true" expiresIn="P180D" title="@{props['fileNameMode']}.txt.pgp"/>
                   <cc:eval id="Eval">
                    <cc:expression>props['Check']=true</cc:expression>
                </cc:eval>
            </cc:steps>
        </cc:async-mediation>
        <cc:aggregator id="Aggregator" routes-to="MergeData_Timeoff_Anniversay_CarryOver" collate-when="props['collate']" force-batch-on-last-message="false" force-batch-when="props['batch']">
            <cc:size-batch-strategy batch-size="-1"/>
            <cc:message-content-collater/>
        </cc:aggregator>
        <cc:local-in id="AggregateAndProcess" routes-to="Aggregator">
            <cc:parameter name="collate" type="boolean"/>
            <cc:parameter name="batch" type="boolean"/>
        </cc:local-in>
        <cc:local-out id="OutputFile_Delivery" endpoint="vm://wcc/PutIntegrationMessage">
            <cc:set name="is.message.severity" value="'INFO'"/>
            <cc:set name="is.message.summary" value="'File has been posted to endpoint successfully'"/>
            <cc:set name="is.message.storage.enabled" value="false"/>
            <cc:set name="is.document.deliverable" value="'true'"/>
            
        </cc:local-out>
        <cc:local-in id="TimoffRoute" routes-to="TimeOff"/>
        <cc:workday-out-rest id="TimeOff" routes-response-to="TimeOff_Process" extra-path="@{intsys.reportService.getExtrapath('TimeOff')}"/>
        <cc:async-mediation id="TimeOff_Process" routes-to="CollateTimeOFF">
            <cc:steps>
                <cc:log id="Log">
                    <cc:log-message>
                        <cc:message-content/>
                    </cc:log-message>
                </cc:log>
                <cc:eval id="Eval">
                    <cc:expression>props['TimeOFFCount'] = 0</cc:expression>
                    <cc:expression>props['TimeOFFCount'] = parts[0].xpath('count(/wd:Report_Data/wd:Report_Entry)','wd urn:com.workday.report/GECRINT731MexicoOrionWorkerTimeOffDataEIBOutbound')</cc:expression>
                </cc:eval>
                <cc:xslt-plus id="Xslt" output="variable" output-variable="timeoff" url="TressTimeOff.xsl"/>
                <cc:copy id="Copy" output-mimetype="text/plain" input="variable" input-variable="timeoff"/>
                <cc:log id="Log0">
                    <cc:log-message>
                        <cc:message-content/>
                        <cc:message-content/>
                    </cc:log-message>
                </cc:log>
            </cc:steps>
        </cc:async-mediation>
        <cc:local-in id="Entitlement" routes-to="Anniversery"/>
        <cc:workday-out-rest id="Anniversery" routes-response-to="Annniversary" extra-path="@{intsys.reportService.getExtrapath('Tress')}"/>
        <cc:async-mediation id="Annniversary" routes-to="Collate_Data_2">
            <cc:steps>
                <cc:log id="Log">
                    <cc:log-message>
                        <cc:message-content/>
                    </cc:log-message>
                </cc:log>
                <cc:eval id="Eval">
                    <cc:expression>props['Entitlement_Count'] = 0</cc:expression>
                    <cc:expression>props['Entitlement_Count'] = parts[0].xpath('count(/wd:Report_Data/wd:Report_Entry)','wd urn:com.workday.report/GECR_INT_732_Tress_Mexico_Worker_Time_Off_Entitlement')</cc:expression>
                </cc:eval>
                <cc:xslt-plus id="Xslt" output="variable" output-variable="anniversery" url="TressEntitlement.xsl"/>
                <cc:copy id="Copy" output-mimetype="text/plain" input="variable" input-variable="anniversery"/>
                <cc:log id="log1">
                    <cc:log-message>
                        <cc:message-content/>
                    </cc:log-message>
                </cc:log>
            </cc:steps>
        </cc:async-mediation>
        <cc:local-in id="CarryOver" routes-to="WorkdayOutRest"/>
        <cc:workday-out-rest id="WorkdayOutRest" routes-response-to="AsyncMediation" extra-path="@{intsys.reportService.getExtrapath('CarryOver')}"/>
        <cc:async-mediation id="AsyncMediation" routes-to="Collate_CarryOver">
            <cc:steps>
                <cc:log id="Log">
                    <cc:log-message>
                        <cc:message-content/>
                    </cc:log-message>
                </cc:log>
                <cc:eval id="Eval">
                    <cc:expression>props['CarryOver_Count'] = 0</cc:expression>
                    <cc:expression>props['CarryOver_Count'] = parts[0].xpath('count(/wd:Report_Data/wd:Report_Entry)','wd urn:com.workday.report/GECR_INT_732_Tress_Mexico_Worker_CarryOver_EIB_Outbound')</cc:expression>
                </cc:eval>
                <cc:xslt-plus id="Xslt" output="variable" output-variable="CarryOver" url="TressCarryOver.xsl"/>
                <cc:copy id="Copy" output-mimetype="text/plain" input="variable" input-variable="CarryOver"/>
                <cc:log id="Log0">
                    <cc:log-message>
                        <cc:message-content/>
                    </cc:log-message>
                </cc:log>
            </cc:steps>
        </cc:async-mediation>
        <cc:local-out id="CallSubRoutine_CarryOver" store-message="none" routes-response-to="CountCarryOverEmployees" endpoint="vm://INT0732_Tress_Mexico_Worker_TimeOffData_SI_Outbound/CarryOver"><cc:set name="batch" value="true"/><cc:set name="collate" value="true"/></cc:local-out>
        <cc:local-out id="Call_Subroutine_Aggregator_3" store-message="none" routes-response-to="OutputFile_Delivery" endpoint="vm://INT0732_Tress_Mexico_Worker_TimeOffData_SI_Outbound/AggregateAndProcess"><cc:set name="collate" value="false"/><cc:set name="batch" value="true"/></cc:local-out>
        <cc:local-out id="DeliverFile" store-message="none" execute-when="props['Check']" endpoint="vm://wcc/PutIntegrationMessage">
        <cc:set name="is.message.severity" value="'INFO'"/>
        <cc:set name="is.message.summary" value="'File Delivered'"/>
        <cc:set name="is.document.variable.name" value="'OutputFile'"/>
        <cc:set name="is.document.labels" value="'Output'"/>
        <cc:set name="is.document.deliverable" value="'true'"/>
        </cc:local-out>
        <cc:route id="CountTimeOffEmplid">
            <cc:mvel-strategy>
                <cc:choose-route expression="props['TimeOFFCount'] == 0" route="CheckTimeofCount_Empty"/>
                <cc:choose-route expression="props['TimeOFFCount'] > 0" route="CheckTimeofCount_NonEmpty"/>
            </cc:mvel-strategy>
            <cc:sub-route name="CheckTimeofCount_Empty" routes-to="TimeOff_Warnings"/>
            <cc:sub-route name="CheckTimeofCount_NonEmpty" routes-to="CallSubRoutine_Entitlement"/>
        </cc:route>
        <cc:local-out id="TimeOff_Warnings" store-message="none" routes-response-to="CallSubRoutine_Entitlement" endpoint="vm://wcc/PutIntegrationMessage">
            <cc:set name="is.message.severity" value="'WARNING'"/>
            <cc:set name="is.message.summary" value="'Timeoff Report Empty : No Employees to process for TimeOFF for the Date :- IntegrationRunDate minus One Day '"/>
        </cc:local-out>
        <cc:route id="CountAnniverseryEmplid">
            <cc:mvel-strategy>
                <cc:choose-route expression="props['Entitlement_Count'] == 0" route="CheckEntitlement_Empty"/>
                <cc:choose-route expression="props['Entitlement_Count'] > 0" route="CheckEntitlement_NonEmpty"/>
            </cc:mvel-strategy>
            <cc:sub-route name="CheckEntitlement_Empty" routes-to="Anniversery_Warnings"/>
            <cc:sub-route name="CheckEntitlement_NonEmpty" routes-to="CallSubRoutine_CarryOver"/>
        </cc:route>
        <cc:local-out id="Anniversery_Warnings" store-message="none" routes-response-to="CallSubRoutine_CarryOver" endpoint="vm://wcc/PutIntegrationMessage">
            <cc:set name="is.message.severity" value="'WARNING'"/>
            <cc:set name="is.message.summary" value="'Entitlement Anniversery Report Empty : No Employees to process for Anniversery for the Date :- IntegrationRunDate minus One Day ' "/>
        </cc:local-out>
        <cc:route id="CountCarryOverEmployees">
            <cc:mvel-strategy>
                <cc:choose-route expression="props['CarryOver_Count'] == 0" route="CheckCarryOver_Empty"/>
                <cc:choose-route expression="props['CarryOver_Count'] > 0" route="CheckCarryOver_NonEmpty"/>
            </cc:mvel-strategy>
            <cc:sub-route name="CheckCarryOver_Empty" routes-to="CarryOver_Warnings"/>
            <cc:sub-route name="CheckCarryOver_NonEmpty" routes-to="Call_Subroutine_Aggregator_3"/>
        </cc:route>
        <cc:local-out id="CarryOver_Warnings" store-message="none" routes-response-to="Call_Subroutine_Aggregator_3" endpoint="vm://wcc/PutIntegrationMessage">
            <cc:set name="is.message.severity" value="'WARNING'"/>
            <cc:set name="is.message.summary" value="'CarryOver Report is empty : No Employees to process for CarryOver for the Date :- IntegrationRunDate minus One Day  '"/>
        </cc:local-out>
        <cc:local-out id="PutIntegrationMessage" store-message="none" endpoint="vm://wcc/PutIntegrationMessage">
            <cc:set name="is.message.severity" value="'CRITICAL'"/>
            <cc:set name="is.message.summary" value="'An unhandled error occurred. Error details - ' + context.errorMessage"/>
        </cc:local-out>
        <cc:send-error id="global-error-handler" routes-to="PutIntegrationMessage"/>
        <cc:local-out id="CollateTimeOFF" store-message="none" endpoint="vm://INT0732_Tress_Mexico_Worker_TimeOffData_SI_Outbound/AggregateAndProcess">
            
            
        <cc:set name="collate" value="true"/><cc:set name="batch" value="false"/></cc:local-out>
        <cc:local-out id="Collate_Data_2" store-message="none" endpoint="vm://INT0732_Tress_Mexico_Worker_TimeOffData_SI_Outbound/AggregateAndProcess">
            <cc:set name="collate" value="true"/>
            <cc:set name="batch" value="false"/>
        </cc:local-out>
        <cc:local-out id="Collate_CarryOver" store-message="none" endpoint="vm://INT0732_Tress_Mexico_Worker_TimeOffData_SI_Outbound/AggregateAndProcess">
            <cc:set name="collate" value="true"/>
            <cc:set name="batch" value="false"/>
        </cc:local-out>
        
	</cc:assembly>

</beans>