<?xml version="1.0" encoding="UTF-8"?>
<beans
     xmlns="http://www.springframework.org/schema/beans"
     xmlns:beans="http://www.springframework.org/schema/beans"
     xmlns:atom="http://www.w3.org/2005/Atom"
     xmlns:cc="http://www.capeclear.com/assembly/10"
     xmlns:cloud="urn:com.workday/esb/cloud/10.0"
     xmlns:env="http://schemas.xmlsoap.org/soap/envelope/"
     xmlns:pi="urn:com.workday/picof"
     xmlns:wd="urn:com.workday/bsvc"
     xmlns:xsi="http://www.w3.org/2001/XMLSchema-instance">
 
	<cc:assembly id="WorkdayAssembly" version="2019.6">
        <cc:workday-in id="StartHere" routes-to="CallMergeFiles">
            <cc:integration-system name="INT0075A TBA Employee Data Changes MultiThread">
        <cloud:param name="As of Entry Moment">
          <cloud:type>
            <cloud:simple-type>datetime</cloud:simple-type>
          </cloud:type>
          <cloud:default>
            <cloud:class-report-field description="Current Moment (DateTime)" type="WID">df4effe76deb4222a79001d6737cf91c</cloud:class-report-field>
          </cloud:default>
          <cloud:launch-option>as-of-entry-datetime</cloud:launch-option>
          <cloud:launch-option>required</cloud:launch-option>
        </cloud:param>
        <cloud:param name="As of Effective Date">
          <cloud:type>
            <cloud:simple-type>date</cloud:simple-type>
          </cloud:type>
          <cloud:default>
            <cloud:class-report-field description="Today (System)" type="WID">bb4838a81d394ea0afe59c62c6e4dd65</cloud:class-report-field>
          </cloud:default>
          <cloud:launch-option>required</cloud:launch-option>
        </cloud:param>
        <cloud:param name="Last Successful Entry Moment">
          <cloud:type>
            <cloud:simple-type>datetime</cloud:simple-type>
          </cloud:type>
          <cloud:default>
            <cloud:class-report-field description="As Of Entry DateTime of Last Completed Integration Event" type="WID">505b87f367e4447680293f806a11b15b</cloud:class-report-field>
          </cloud:default>
        </cloud:param>
        <cloud:param name="Last Successful Effective Date">
          <cloud:type>
            <cloud:simple-type>date</cloud:simple-type>
          </cloud:type>
          <cloud:default>
            <cloud:class-report-field description="As Of Entry DateTime of Last Completed Integration Event" type="WID">505b87f367e4447680293f806a11b15b</cloud:class-report-field>
          </cloud:default>
        </cloud:param>
        <cloud:param name="Full File">
          <cloud:type>
            <cloud:simple-type>boolean</cloud:simple-type>
          </cloud:type>
          <cloud:default>
            <cloud:boolean>false</cloud:boolean>
          </cloud:default>
        </cloud:param>
        <cloud:param name="Exclude Workers on International Assignment">
          <cloud:type>
            <cloud:simple-type>boolean</cloud:simple-type>
          </cloud:type>
          <cloud:default>
            <cloud:boolean>false</cloud:boolean>
          </cloud:default>
        </cloud:param>
        <cloud:param name="Exclude Old Terminations and Retirees">
          <cloud:type>
            <cloud:simple-type>boolean</cloud:simple-type>
          </cloud:type>
          <cloud:default>
            <cloud:boolean>false</cloud:boolean>
          </cloud:default>
        </cloud:param>
        <cloud:param name="Exclude Terminations and Retirees Older Than">
          <cloud:type>
            <cloud:simple-type>date</cloud:simple-type>
          </cloud:type>
          <cloud:default>
            <cloud:class-report-field description="First Day of Last Calendar Quarter (System)" type="WID">40ba439982ff453ea48d28760028eb28</cloud:class-report-field>
          </cloud:default>
        </cloud:param>
        <cloud:param name="Include Future Transactions">
          <cloud:type>
            <cloud:simple-type>boolean</cloud:simple-type>
          </cloud:type>
          <cloud:default>
            <cloud:boolean>false</cloud:boolean>
          </cloud:default>
        </cloud:param>
        <cloud:param name="As of Effective Date for Future Transactions">
          <cloud:type>
            <cloud:simple-type>date</cloud:simple-type>
          </cloud:type>
        </cloud:param>
        <cloud:param name="Exclude Employees">
          <cloud:type>
            <cloud:simple-type>boolean</cloud:simple-type>
          </cloud:type>
          <cloud:default>
            <cloud:boolean>false</cloud:boolean>
          </cloud:default>
        </cloud:param>
        <cloud:param name="Exclude Contingent Workers">
          <cloud:type>
            <cloud:simple-type>boolean</cloud:simple-type>
          </cloud:type>
          <cloud:default>
            <cloud:boolean>false</cloud:boolean>
          </cloud:default>
        </cloud:param>
        <cloud:param name="Exclude Inactive Workers">
          <cloud:type>
            <cloud:simple-type>boolean</cloud:simple-type>
          </cloud:type>
          <cloud:default>
            <cloud:boolean>false</cloud:boolean>
          </cloud:default>
        </cloud:param>
        <cloud:param name="Current Moment (DateTime)">
          <cloud:type>
            <cloud:simple-type>datetime</cloud:simple-type>
          </cloud:type>
          <cloud:default>
            <cloud:class-report-field description="Current Moment (DateTime)" type="WID">df4effe76deb4222a79001d6737cf91c</cloud:class-report-field>
          </cloud:default>
          <cloud:launch-option>required</cloud:launch-option>
          <cloud:launch-option>do-not-show</cloud:launch-option>
        </cloud:param>
        <cloud:attribute-map-service name="INT0075A-Attribs">
          <cloud:attribute name="int0075.tag">
            <cloud:type>
              <cloud:class-report-field description="Document Tag" type="WID" singular="false">5242ed284a574130affb6653f3e0d93b</cloud:class-report-field>
            </cloud:type>
          </cloud:attribute>
          <cloud:attribute name="int0075A.Delivery.tag">
            <cloud:type>
              <cloud:class-report-field description="Document Tag" type="WID" singular="false">5242ed284a574130affb6653f3e0d93b</cloud:class-report-field>
            </cloud:type>
          </cloud:attribute>
          <cloud:attribute name="Client ID">
            <cloud:type>
              <cloud:simple-type>text</cloud:simple-type>
            </cloud:type>
          </cloud:attribute>
          <cloud:attribute name="File Name">
            <cloud:type>
              <cloud:simple-type>text</cloud:simple-type>
            </cloud:type>
          </cloud:attribute>
          <cloud:attribute name="Document Retention Policy (days)">
            <cloud:type>
              <cloud:enumeration-type name="Document Retention Policy">
                <cloud:enumeration>001</cloud:enumeration>
                <cloud:enumeration>007</cloud:enumeration>
                <cloud:enumeration>014</cloud:enumeration>
                <cloud:enumeration>030</cloud:enumeration>
                <cloud:enumeration>060</cloud:enumeration>
                <cloud:enumeration>090</cloud:enumeration>
                <cloud:enumeration>120</cloud:enumeration>
                <cloud:enumeration>180</cloud:enumeration>
              </cloud:enumeration-type>
            </cloud:type>
          </cloud:attribute>
          <cloud:attribute name="Integration System to Merge">
            <cloud:type>
              <cloud:class-report-field description="Integration System" type="WID" singular="true">5c883fbd46e4417f86e9596b8846b946</cloud:class-report-field>
            </cloud:type>
          </cloud:attribute>
        </cloud:attribute-map-service>
        <cloud:delivery-service name="INT0075A-Delivery"/>
      </cc:integration-system>
        </cc:workday-in>
        <cc:local-out id="PutIntegrationMessage10" endpoint="vm://wcc/PutIntegrationMessage">
            <cc:set name="is.message.severity" value="'INFO'"/>
            <cc:set name="is.message.summary" value="'The consolidated output file is attached as an output document.'"/>
            <cc:set name="is.document.variable.name" value="'StoredOutputFile'"/>
            <cc:set name="is.document.deliverable" value="'true'"/>
            <cc:set name="is.document.labels" value="props['output.doc.tab']"/>
            <cc:set name="is.message.storage.enabled" value="false"/>
        </cc:local-out>
        <cc:local-out id="Error-Init4" endpoint="vm://wcc/PutIntegrationMessage">
            <cc:set name="is.message.severity" value="'CRITICAL'"/>
            <cc:set name="is.message.summary" value="'Encountered an error in Store in the integration. ' #context.errorMessage"/>
            <cc:set name="is.message.storage.enabled" value="false"/>
            <cc:set name="InitError" value="true;"/>
        </cc:local-out>
        <cc:async-mediation id="Store" routes-to="PutIntegrationMessage10">
            <cc:steps>
                <cc:store id="Store" output="variable" output-mimetype="text/plain; charset=Windows-1252" output-variable="StoredOutputFile" expiresIn="@{props['DocRetentionPolicy']}" title="@{props['TBAClientID']}_@{props['Output.File.Name']}"/>
            </cc:steps>
            <cc:send-error id="SendError" routes-to="Error-Init4"/>
        </cc:async-mediation>
        <cc:aggregator id="Aggregator" routes-to="Store" force-batch-on-last-message="false" force-batch-when="props['batch.it'] == true">
            <cc:size-batch-strategy batch-size="-1"/>
            <cc:message-content-collater>
        <cc:header-text>@{props['FileHeader']}</cc:header-text>
      </cc:message-content-collater>
        </cc:aggregator>
        <cc:local-out id="Error-Init30" endpoint="vm://wcc/PutIntegrationMessage">
            <cc:set name="is.message.severity" value="'CRITICAL'"/>
            <cc:set name="is.message.summary" value="'Encountered an error in FileCopy in the integration. ' #context.errorMessage"/>
            <cc:set name="is.message.storage.enabled" value="false"/>
            <cc:set name="InitError" value="true;"/>
        </cc:local-out>
        <cc:async-mediation id="FileCopy" routes-to="Aggregator">
            <cc:steps>
                <cc:copy id="Copy" output="message" input="variable" input-variable="wd.retrieve.variable"/>
                <cc:eval id="Eval">
                    <cc:expression>props['count']=props['count']+1</cc:expression>
                    <cc:expression>props['file.size'] = da.size()</cc:expression>
                    <cc:expression>props['is.last.file'] = util.isLastMessageInBatch()</cc:expression>
                </cc:eval>
            </cc:steps>
            <cc:send-error id="SendError" routes-to="Error-Init30"/>
        </cc:async-mediation>
        <cc:route id="Route">
            <cc:doc-iterator labels="@{props['int0075.tag']}"/>
            <cc:sub-route name="SubRoute" routes-to="FileCopy"/>
        </cc:route>
        <cc:local-out id="Error-Init2" endpoint="vm://wcc/PutIntegrationMessage">
            <cc:set name="is.message.severity" value="'CRITICAL'"/>
            <cc:set name="is.message.summary" value="'Encountered an error in Init in the integration. ' #context.errorMessage"/>
            <cc:set name="is.message.storage.enabled" value="false"/>
            <cc:set name="InitError" value="true;"/>
        </cc:local-out>
        <cc:async-mediation id="Init" routes-to="GetEventDocuments0" handle-downstream-errors="true">
            <cc:steps>
                <cc:eval id="Attribs">
                    <cc:expression>props['count']=0</cc:expression>
                    <cc:expression>props['int0075.tag'] = intsys.getAttribute('int0075.tag');</cc:expression>
                    <cc:expression>props['TBAClientID'] = empty; &#xD;
props['TBAClientID'] = intsys.getAttribute('Client ID');</cc:expression>
                    <cc:expression>props['DocRetentionPolicy'] = empty; &#xD;
props['DocRetentionPolicy'] = intsys.getAttribute('Document Retention Policy (days)'); &#xD;
props['DocRetentionPolicy'] = 'P'#props['DocRetentionPolicy']#'D';</cc:expression>
                    <cc:expression>props['output.doc.tab'] = intsys.getAttribute('int0075A.Delivery.tag');</cc:expression>
                    <cc:expression>props['Output.File.Name'] = intsys.getAttribute('File Name');</cc:expression>
                    <cc:expression>props['Integration.System'] = intsys.getAttributeReferenceData('Integration System to Merge', 'WID');</cc:expression>
                    <cc:expression>props['batch.it'] = false</cc:expression>
                </cc:eval>
                <cc:eval id="LaunchParams">
                    <cc:expression>props['LastSuccessfulEffectiveDate'] = empty;</cc:expression>
                    <cc:expression>props['AsOfEffectiveDate'] = empty;</cc:expression>
                    <cc:expression>props['LastSuccessfulEntryMoment'] = empty;</cc:expression>
                    <cc:expression>props['AsOfEntryMoment'] = empty;</cc:expression>
                    <cc:expression>props['FullFile'] = empty;</cc:expression>
                    <cc:expression>props['ExcludeIAs'] = empty;</cc:expression>
                    <cc:expression>props['ExcludeOldTermsAndRetirees'] = empty;</cc:expression>
                    <cc:expression>props['OldTermAndRetireeDate'] = empty;</cc:expression>
                    <cc:expression>props['IncludeFutureTransactions'] = empty;</cc:expression>
                    <cc:expression>props['FutureEffectiveDate'] = empty;</cc:expression>
                    <cc:expression>props['ExcludeEEs'] = empty;</cc:expression>
                    <cc:expression>props['ExcludeCWs'] = empty;</cc:expression>
                    <cc:expression>props['ExcludeInactives'] = empty;</cc:expression>
                    <cc:expression>props['EffectiveFromForFutureTransactions'] = empty;</cc:expression>
                    <cc:expression>props['CurrentMomentDateTime'] = empty;</cc:expression>
                    <cc:expression>props['LastSuccessfulEffectiveDate'] = lp.getDate('Last Successful Effective Date');</cc:expression>
                    <cc:expression>props['AsOfEffectiveDate'] = lp.getDate('As of Effective Date');</cc:expression>
                    <cc:expression>props['LastSuccessfulEntryMoment'] = lp.getSimpleData('Last Successful Entry Moment');</cc:expression>
                    <cc:expression>props['AsOfEntryMoment'] = lp.getSimpleData('As of Entry Moment');</cc:expression>
                    <cc:expression>props['FullFile'] = lp.getSimpleData('Full File');</cc:expression>
                    <cc:expression>props['ExcludeIAs'] = lp.getSimpleData('Exclude Workers on International Assignment');</cc:expression>
                    <cc:expression>props['ExcludeOldTermsAndRetirees'] = lp.getSimpleData('Exclude Old Terminations and Retirees');</cc:expression>
                    <cc:expression>props['OldTermAndRetireeDate'] = lp.getDate('Exclude Terminations and Retirees Older Than');</cc:expression>
                    <cc:expression>props['IncludeFutureTransactions'] = lp.getSimpleData('Include Future Transactions');</cc:expression>
                    <cc:expression>props['FutureEffectiveDate'] = lp.getDate('As of Effective Date for Future Transactions');</cc:expression>
                    <cc:expression>props['ExcludeEEs'] = lp.getSimpleData('Exclude Employees');</cc:expression>
                    <cc:expression>props['ExcludeCWs'] = lp.getSimpleData('Exclude Contingent Workers');</cc:expression>
                    <cc:expression>props['ExcludeInactives'] = lp.getSimpleData('Exclude Inactive Workers');</cc:expression>
                    <cc:expression>props['CurrentMomentDateTime'] = lp.getSimpleData('Current Moment (DateTime)');</cc:expression>
                    <cc:expression>props['EffectiveFromForFutureTransactions'] = parts[0].xpath(&quot;xs:date('&quot;#props['AsOfEffectiveDate']#&quot;') + xs:dayTimeDuration('P1D')&quot;);</cc:expression>
                    <cc:expression>props['FullFile'] =&#xD;
(props['FullFile'] == 'true' || props['FullFile'] == '1'&#xD;
|| props['FullFile'] == true || props['FullFile'] == 1) ? true : false</cc:expression>
                    <cc:expression>props['ExcludeIAs'] =&#xD;
(props['ExcludeIAs'] == 'true' || props['ExcludeIAs'] == '1'&#xD;
|| props['ExcludeIAs'] == true || props['ExcludeIAs'] == 1) ? true : false</cc:expression>
                    <cc:expression>props['ExcludeOldTermsAndRetirees'] =&#xD;
(props['ExcludeOldTermsAndRetirees'] == 'true' || props['ExcludeOldTermsAndRetirees'] == '1'&#xD;
|| props['ExcludeOldTermsAndRetirees'] == true || props['ExcludeOldTermsAndRetirees'] == 1) ? true : false</cc:expression>
                    <cc:expression>props['IncludeFutureTransactions'] =&#xD;
(props['IncludeFutureTransactions'] == 'true' || props['IncludeFutureTransactions'] == '1'&#xD;
|| props['IncludeFutureTransactions'] == true || props['IncludeFutureTransactions'] == 1) ? true : false</cc:expression>
                    <cc:expression>props['ExcludeEEs'] =&#xD;
(props['ExcludeEEs'] == 'true' || props['ExcludeEEs'] == '1'&#xD;
|| props['ExcludeEEs'] == true || props['ExcludeEEs'] == 1) ? true : false</cc:expression>
                    <cc:expression>props['ExcludeCWs'] =&#xD;
(props['ExcludeCWs'] == 'true' || props['ExcludeCWs'] == '1'&#xD;
|| props['ExcludeCWs'] == true || props['ExcludeCWs'] == 1) ? true : false</cc:expression>
                    <cc:expression>props['ExcludeInactives'] =&#xD;
(props['ExcludeInactives'] == 'true' || props['ExcludeInactives'] == '1'&#xD;
|| props['ExcludeInactives'] == true || props['ExcludeInactives'] == 1) ? true : false</cc:expression>
                    <cc:expression>props['current.integration.event'] = lp.isSet() ? lp.getIntegrationEventWID() : null</cc:expression>
                </cc:eval>
                <cc:eval id="FileHeader">
                    <cc:expression>props['FileCreationDate'] = empty;</cc:expression>
                    <cc:expression>props['FileCreationDate'] = props['CurrentMomentDateTime'].toString().substring(0,10);</cc:expression>
                    <cc:expression>props['FileCreationTime'] = empty;</cc:expression>
                    <cc:expression>props['FileCreationTime'] = props['CurrentMomentDateTime'].toString().substring(11, 19);</cc:expression>
                    <cc:expression>props['ReportingPeriodStartDateTime'] = empty;</cc:expression>
                    <cc:expression>props['ReportingPeriodStartDateTime'] = (props['FullFile'] || props['LastSuccessfulEntryMoment'] == empty) ? '1800-01-01T00:00:00Z': props['LastSuccessfulEntryMoment'].toString().substring(0,19).concat('Z');</cc:expression>
                    <cc:expression>props['ReportingPeriodEndDateTime'] = empty;</cc:expression>
                    <cc:expression>props['ReportingPeriodEndDateTime'] = props['AsOfEntryMoment'].toString().substring(0,19).concat('Z');</cc:expression>
                    <cc:expression>props['FileHeader'] = empty;</cc:expression>
                    <cc:expression>props['FileHeader'] = 'HHR  ' #props['FileCreationDate']#props['FileCreationTime']#props['ReportingPeriodStartDateTime']#props['ReportingPeriodEndDateTime']#'\r\n'</cc:expression>
                </cc:eval>
                <cc:log id="Log">
                    <cc:log-message>
                        <cc:line-separator/>
                        <cc:text>LastSuccessfulEffectiveDate - @{props['LastSuccessfulEffectiveDate']}&#xD;
AsOfEffectiveDate - @{props['AsOfEffectiveDate']}&#xD;
LastSuccessfulEntryMoment - @{props['LastSuccessfulEntryMoment']}&#xD;
AsOfEntryMoment - @{props['AsOfEntryMoment']}&#xD;
CurrentMomentDateTime - @{props['CurrentMomentDateTime']}&#xD;
doc.wids - @{props['doc.wids']}&#xD;
parent.wid - @{props['parent.wid']}&#xD;
current.integration.event - @{props['current.integration.event']}</cc:text>
                        <cc:line-separator/>
                    </cc:log-message>
                </cc:log>
            </cc:steps>
            <cc:send-error id="SendError" routes-to="Error-Init2"/>
        </cc:async-mediation>
        <cc:local-out id="GetEventDocuments0" routes-response-to="Route" endpoint="vm://wcc/GetEventDocuments"><cc:set name="ie.event.wid" value="props['current.integration.event']"/></cc:local-out>
        <cc:local-in id="MergeFiles" routes-to="Init"/>
        <cc:local-out id="CallMergeFiles" store-message="none" routes-response-to="CallCloseFile" endpoint="vm://INT0075A_TBA_Employee_Data_Changes_MultiThread/MergeFiles"/>
        <cc:local-out id="CallCloseFile" store-message="none" endpoint="vm://INT0075A_TBA_Employee_Data_Changes_MultiThread/CloseFile"/>
        <cc:local-in id="CloseFile" routes-to="AsyncMediation"/>
        <cc:async-mediation id="AsyncMediation" routes-to="Aggregator">
            <cc:steps>
                <cc:eval id="Eval">
                    <cc:expression>props['batch.it'] = true</cc:expression>
                </cc:eval>
                <cc:write id="Write">
                    <cc:message>
                        <cc:text></cc:text>
                    </cc:message>
                </cc:write>
            </cc:steps>
        </cc:async-mediation>
        <cc:send-error id="global-error-handler" rethrow-error="false" routes-to="Note-Error"/>
        <cc:local-out id="Note-Error" endpoint="vm://wcc/PutIntegrationMessage">
            <cc:set name="is.message.severity" value="'CRITICAL'"/>
            <cc:set name="is.message.summary" value="context.errorMessage"/>
        </cc:local-out>
	</cc:assembly>

</beans>