<?xml version="1.0" encoding="UTF-8"?>
<wdnm:Diagram xmlns:wdnm="http://workday.com/studio/editors/notation">
  <element href="assembly.xml#WorkdayAssembly"/>
  <visualProperties x="26" y="81">
    <element href="assembly.xml#StartHere"/>
  </visualProperties>
  <visualProperties>
    <element href="assembly.xml#Init"/>
  </visualProperties>
  <visualProperties>
    <element href="assembly.xml#Error-Init2"/>
  </visualProperties>
  <visualProperties>
    <element href="assembly.xml#Route"/>
  </visualProperties>
  <visualProperties>
    <element href="assembly.xml#FileCopy"/>
  </visualProperties>
  <visualProperties>
    <element href="assembly.xml#Error-Init30"/>
  </visualProperties>
  <visualProperties>
    <element href="assembly.xml#Aggregator"/>
  </visualProperties>
  <visualProperties>
    <element href="assembly.xml#Store"/>
  </visualProperties>
  <visualProperties>
    <element href="assembly.xml#Error-Init4"/>
  </visualProperties>
  <visualProperties>
    <element href="assembly.xml#PutIntegrationMessage10"/>
  </visualProperties>
  <visualProperties x="1059" y="471">
    <element href="assembly.xml#GetEventDocuments0"/>
  </visualProperties>
  <visualProperties x="41" y="287">
    <element href="assembly.xml#MergeFiles"/>
  </visualProperties>
  <visualProperties x="158" y="99">
    <element href="assembly.xml#CallMergeFiles"/>
  </visualProperties>
  <visualProperties x="338" y="110">
    <element href="assembly.xml#CallCloseFile"/>
  </visualProperties>
  <visualProperties x="1107" y="260">
    <element href="assembly.xml#CloseFile"/>
  </visualProperties>
  <visualProperties x="1113" y="305">
    <element href="assembly.xml#AsyncMediation"/>
  </visualProperties>
  <visualProperties x="41" y="604">
    <element href="assembly.xml#//@beans/@mixed.1/@mixed.33"/>
  </visualProperties>
  <visualProperties x="346" y="604">
    <element href="assembly.xml#Note-Error"/>
  </visualProperties>
  <connections type="routesTo" sourceAnchorX="0.28346456692913385" sourceAnchorY="1.0" targetAnchorX="0.3153153153153153" targetAnchorY="0.3783783783783784">
    <source href="assembly.xml#//@beans/@mixed.1/@mixed.19/@mixed.3"/>
    <target href="assembly.xml#Error-Init2"/>
  </connections>
  <connections type="routesTo" sourceAnchorX="1.0" sourceAnchorY="0.9705882352941176" targetAnchorX="0.12686567164179105" targetAnchorY="0.08695652173913043">
    <source href="assembly.xml#//@beans/@mixed.1/@route.0/@subRoute.0"/>
    <target href="assembly.xml#FileCopy"/>
  </connections>
  <connections type="routesTo" sourceAnchorX="1.0" sourceAnchorY="0.152" targetAnchorX="0.29411764705882354" targetAnchorY="0.2702702702702703">
    <source href="assembly.xml#FileCopy"/>
    <target href="assembly.xml#Aggregator"/>
  </connections>
  <connections type="routesTo" sourceAnchorX="0.45454545454545453" sourceAnchorY="1.0" targetAnchorX="0.5677966101694916" targetAnchorY="0.24324324324324326">
    <source href="assembly.xml#//@beans/@mixed.1/@mixed.13/@mixed.3"/>
    <target href="assembly.xml#Error-Init30"/>
  </connections>
  <connections type="routesTo" sourceAnchorX="1.0" sourceAnchorY="0.27358490566037735" targetAnchorX="0.3880597014925373" targetAnchorY="0.08695652173913043">
    <source href="assembly.xml#Aggregator"/>
    <target href="assembly.xml#Store"/>
  </connections>
  <connections type="routesTo" sourceAnchorX="1.0" sourceAnchorY="0.144" targetAnchorX="0.21465968586387435" targetAnchorY="0.4864864864864865">
    <source href="assembly.xml#Store"/>
    <target href="assembly.xml#PutIntegrationMessage10"/>
  </connections>
  <connections type="routesTo" sourceAnchorX="0.5714285714285714" sourceAnchorY="1.0" targetAnchorX="0.4576271186440678" targetAnchorY="0.40540540540540543">
    <source href="assembly.xml#//@beans/@mixed.1/@mixed.7/@mixed.3"/>
    <target href="assembly.xml#Error-Init4"/>
  </connections>
  <connections type="routesResponseTo" sourceAnchorX="1.0" sourceAnchorY="0.21621621621621623" targetAnchorX="0.3644859813084112" targetAnchorY="0.09740259740259741">
    <source href="assembly.xml#GetEventDocuments0"/>
    <target href="assembly.xml#Route"/>
  </connections>
  <connections type="routesTo" sourceAnchorX="1.0" sourceAnchorY="0.144" targetAnchorX="0.21468926553672316" targetAnchorY="0.2972972972972973">
    <source href="assembly.xml#Init"/>
    <target href="assembly.xml#GetEventDocuments0"/>
  </connections>
  <connections type="routesTo" sourceAnchorX="1.0" sourceAnchorY="0.5135135135135135" targetAnchorX="0.09824561403508772" targetAnchorY="0.072">
    <source href="assembly.xml#MergeFiles"/>
    <target href="assembly.xml#Init"/>
  </connections>
  <connections type="routesTo" sourceAnchorX="1.0" sourceAnchorY="0.4864864864864865" targetAnchorX="0.2916666666666667" targetAnchorY="0.3783783783783784">
    <source href="assembly.xml#StartHere"/>
    <target href="assembly.xml#CallMergeFiles"/>
  </connections>
  <connections type="routesResponseTo" sourceAnchorX="1.0" sourceAnchorY="0.21621621621621623" targetAnchorX="0.2803030303030303" targetAnchorY="0.2972972972972973">
    <source href="assembly.xml#CallMergeFiles"/>
    <target href="assembly.xml#CallCloseFile"/>
  </connections>
  <connections type="routesTo" sourceAnchorX="0.6454545454545455" sourceAnchorY="1.0" targetAnchorX="0.5196850393700787" targetAnchorY="0.17391304347826086">
    <source href="assembly.xml#CloseFile"/>
    <target href="assembly.xml#AsyncMediation"/>
  </connections>
  <connections type="routesTo" sourceAnchorX="1.0" sourceAnchorY="0.2826086956521739" targetAnchorX="0.5826086956521739" targetAnchorY="0.07547169811320754">
    <source href="assembly.xml#AsyncMediation"/>
    <target href="assembly.xml#Aggregator"/>
  </connections>
  <connections type="routesTo" sourceAnchorX="0.9669421487603306" sourceAnchorY="0.43243243243243246" targetAnchorX="0.06060606060606061" targetAnchorY="0.3783783783783784">
    <source href="assembly.xml#//@beans/@mixed.1/@mixed.33"/>
    <target href="assembly.xml#Note-Error"/>
  </connections>
  <swimlanes name="" orientation="VERTICAL">
    <elements href="assembly.xml#Init"/>
    <elements href="assembly.xml#Error-Init2"/>
  </swimlanes>
  <swimlanes name="" orientation="VERTICAL">
    <elements href="assembly.xml#FileCopy"/>
    <elements href="assembly.xml#Error-Init30"/>
  </swimlanes>
  <swimlanes name="Swimlane" orientation="VERTICAL">
    <elements href="assembly.xml#Store"/>
    <elements href="assembly.xml#Error-Init4"/>
  </swimlanes>
  <swimlanes x="8" y="8" name="" alignment="MIDDLE">
    <elements href="assembly.xml#MergeFiles"/>
    <elements href="#//@swimlanes.0"/>
    <elements href="assembly.xml#GetEventDocuments0"/>
    <elements href="assembly.xml#Route"/>
    <elements href="#//@swimlanes.1"/>
    <elements href="#//@swimlanes.5"/>
    <elements href="#//@swimlanes.2"/>
    <elements href="assembly.xml#PutIntegrationMessage10"/>
  </swimlanes>
  <swimlanes x="17" y="5" name="Swimlane" orientation="VERTICAL" elements="//@swimlanes.6 //@swimlanes.3"/>
  <swimlanes x="1636" y="293" name="" orientation="VERTICAL">
    <elements href="assembly.xml#CloseFile"/>
    <elements href="assembly.xml#AsyncMediation"/>
    <elements href="assembly.xml#Aggregator"/>
  </swimlanes>
  <swimlanes x="69" y="38" name="Swimlane">
    <elements href="assembly.xml#StartHere"/>
    <elements href="assembly.xml#CallMergeFiles"/>
    <elements href="assembly.xml#CallCloseFile"/>
  </swimlanes>
</wdnm:Diagram>
