<?xml version="1.0" encoding="UTF-8"?>
<beans
     xmlns="http://www.springframework.org/schema/beans"
     xmlns:beans="http://www.springframework.org/schema/beans"
     xmlns:atom="http://www.w3.org/2005/Atom"
     xmlns:cc="http://www.capeclear.com/assembly/10"
     xmlns:cloud="urn:com.workday/esb/cloud/10.0"
     xmlns:env="http://schemas.xmlsoap.org/soap/envelope/"
     xmlns:pi="urn:com.workday/picof"
     xmlns:wd="urn:com.workday/bsvc"
     xmlns:xsi="http://www.w3.org/2001/XMLSchema-instance">
 
	<cc:assembly id="WorkdayAssembly" version="2019.6">
        <cc:async-mediation id="saveRefreshToken" handle-downstream-errors="true">
            <cc:steps>
                <cc:set-headers id="RemoveHeaders" output="message" output-mimetype="application/json" clear-all="true">
                    <cc:remove-headers>
                        <cc:remove-header name="Content-Type"/>
                        <cc:remove-header name="Authorization"/>
                    </cc:remove-headers>
                    <cc:add-headers/>
                </cc:set-headers>
                <cc:log id="Log0">
                    <cc:log-message>
                        <cc:message-content/>
                    </cc:log-message>
                </cc:log>
                <cc:json-to-xml id="JsonToXml"/>
                <cc:log id="Log1">
                    <cc:log-message>
                        <cc:text>-------afterjsontoxml----------</cc:text>
                        <cc:message-content/>
                    </cc:log-message>
                </cc:log>
                <cc:eval id="Eval">
                    <cc:expression>props['bearer.token']=parts[0].xpath('//access_token')</cc:expression>
                    <cc:expression>//props['bearer.token'] = java.net.URLEncoder.encode(props['bearer.token'],'UTF-8')</cc:expression>
                    <cc:expression>props['token.retrieved.time'] = java.time.Instant.now()</cc:expression>
                    <cc:expression>props['initial.token'] = false</cc:expression>
                </cc:eval>
                <cc:log id="Log">
                    <cc:log-message>
                        <cc:text>------beforewdoutrest----------&#xD;
End_Date=@{props['current.date']}&#xD;
start_date=@{props['lp.term.from.date']}&#xD;
termination_from_date=@{props['lp.term.from.date']}&#xD;
From_Hire_Date=@{props['rehire.date']}&#xD;
token= @{props['bearer.token']}</cc:text>
                    </cc:log-message>
                </cc:log>
            </cc:steps>
            <cc:send-error id="SendError" routes-to="PutIntegrationMessage4"/>
        </cc:async-mediation>
        <cc:local-in id="subRequestToken" routes-to="RefreshRequest"/>
        <cc:http-out id="requestAuthToken" store-message="none" routes-response-to="saveRefreshToken" endpoint="@{props['EndpointURL']}" http-method="POST">
        </cc:http-out>
        <cc:async-mediation id="RefreshRequest" routes-to="requestAuthToken" handle-downstream-errors="true">
            <cc:steps>
                <cc:eval id="Eval0">
                    <cc:expression>props['bearer.token'] = empty</cc:expression>
                    <cc:expression>props['grant_type'] = 'client_credentials'</cc:expression>
                    <cc:expression>props['client'] = props['ClientID']</cc:expression>
                    <cc:expression>props['secret'] = props['Secret']</cc:expression>
                    <cc:expression>props['closeagg'] = false</cc:expression>
                </cc:eval>
                <cc:write id="Write0">
                    <cc:message>
                        <cc:text>grant_type=@{props['grant_type']}&amp;client_secret=@{props['secret']}&amp;client_id=@{props['client']}&amp;scope=@{props['Scope']}</cc:text>
                    </cc:message>
                </cc:write>
                <cc:set-headers id="SetHeaders" output="rootpart" clear-all="false">
                    <cc:remove-headers/>
                    <cc:add-headers>
                        <cc:add-header name="Content-Type" value="application/x-www-form-urlencoded"/>
                    </cc:add-headers>
                </cc:set-headers>
                <cc:log id="Log0">
                    <cc:log-message>
                        <cc:text>--------requestheaders----------&#xD;
Client ID : @{props['client']}&#xD;
Client Secret : @{props['secret']}&#xD;
Grant type: @{props['grant_type']}&#xD;
Scope: @{props['Scope']}&#xD;
URL : @{props['EndpointURL']}&#xD;
</cc:text>
                        <cc:message-content/>
                    </cc:log-message>
                </cc:log>
            </cc:steps>
            <cc:send-error id="SendError" routes-to="PutIntegrationMessage"/>
        </cc:async-mediation>
        <cc:async-mediation id="PrepRequest" routes-to="CallSubmitReq" handle-downstream-errors="true">
            <cc:steps>
                <cc:write id="Write" output-mimetype="application/json">
                    <cc:message>
                        <cc:text>{&#xD;
&quot;userId&quot;:&quot;@{props['empl.id']}&quot;,&#xD;
   &quot;userType&quot;:&quot;@{props['Employee_Type']}&quot;,&#xD;
   &quot;employmentStatus&quot;:&quot;Terminated&quot;,&#xD;
   &quot;terminationStatus&quot;:{  &#xD;
   	&quot;terminationType&quot;:&quot;Involuntary&quot;,&#xD;
      &quot;terminationReason&quot;:&quot;NA&quot;,&#xD;
       &quot;eligibleForRehire&quot;:&quot;&quot;,&#xD;
      &quot;terminationDate&quot;: &quot;@{props['emp.terminationDate']}&quot;&#xD;
   },&#xD;
   &quot;isRehiredEmployee&quot;:&quot;&quot;&#xD;
}</cc:text>
                    </cc:message>
                </cc:write>
                <cc:copy id="Copy" output="variable" output-variable="store.request"/>
                <cc:set-headers id="SetHeaders" output="message"><cc:remove-headers/><cc:add-headers>
    <cc:add-header name="Content-Type" value="application/json"/>
    <cc:add-header name="Authorization" value="Bearer @{props['bearer.token']}"/>
    <cc:add-header name="cache-control" value="no-cache"/>
    <cc:add-header name="Retry-After" value="@{props['retry.after']}"/>
</cc:add-headers></cc:set-headers>
            </cc:steps>
            <cc:send-error id="SendError" routes-to="PutIntegrationMessage5"/>
        </cc:async-mediation>
        <cc:local-out id="PutIntegrationMessage" endpoint="vm://wcc/PutIntegrationMessage"><cc:set name="is.message.severity" value="'ERROR'"/><cc:set name="is.message.summary" value="'RESTCallsFailed'"/><cc:set name="is.message.storage.enabled" value="false"/></cc:local-out>
        <cc:local-out id="PutIntegrationMessage1" endpoint="vm://wcc/PutIntegrationMessage"><cc:set name="is.message.severity" value="'WARNING'"/><cc:set name="is.message.summary" value="'Error while initializing the attribute values to Props'"/><cc:set name="is.message.storage.enabled" value="false"/><cc:set name="is.message.detail" value="context.getErrorMessage()"/></cc:local-out>
        <cc:local-out id="PutIntegrationMessage4" endpoint="vm://wcc/PutIntegrationMessage"><cc:set name="is.message.severity" value="'WARNING'"/><cc:set name="is.message.summary" value="'Error in saving Refresh Tokens'"/><cc:set name="is.message.storage.enabled" value="false"/><cc:set name="is.message.detail" value="context.getErrorMessage()"/></cc:local-out>
        <cc:local-out id="PutIntegrationMessage5" endpoint="vm://wcc/PutIntegrationMessage"><cc:set name="is.message.severity" value="'ERROR'"/><cc:set name="is.message.summary" value="'Error in transmission and getting Response Message for employee'+ props['empl.id']"/><cc:set name="is.message.storage.enabled" value="false"/><cc:set name="is.message.detail" value="context.getErrorMessage()"/></cc:local-out>
        <cc:async-mediation id="AsyncMediation1" routes-to="RouteWorkers">
            <cc:steps>
                <cc:log id="Log0">
                    <cc:log-message>
                        <cc:text>-------afterwdoutrest-----------</cc:text>
                        <cc:message-content/>
                    </cc:log-message>
                </cc:log>
                <cc:eval id="Eval">
                    <cc:expression>props['empl.id']=parts[0].xpath(&quot;wd:Report_Entry/wd:UserID&quot;, 'wd urn:com.workday/INT8916_CSOD_Terminated')</cc:expression>
                    <cc:expression>props['emp.terminationDate']=parts[0].xpath(&quot;wd:Report_Entry/wd:TerminationDate&quot;, 'wd urn:com.workday/INT8916_CSOD_Terminated')</cc:expression>
                    <cc:expression>props['Employee_Type']=parts[0].xpath(&quot;wd:Report_Entry/wd:Employee_Type&quot;, 'wd urn:com.workday/INT8916_CSOD_Terminated')</cc:expression>
                    <cc:expression>props['FirstName']= parts[0].xpath(&quot;wd:Report_Entry/wd:FirstName&quot;, 'wd urn:com.workday/INT8916_CSOD_Terminated')</cc:expression>
                    <cc:expression>props['LastName']= parts[0].xpath(&quot;wd:Report_Entry/wd:LastName&quot;, 'wd urn:com.workday/INT8916_CSOD_Terminated')</cc:expression>
                    <cc:expression>props['status'] = parts[0].xstream(&quot;wd:Report_Entry/wd:Terminated&quot;, 'wd urn:com.workday/INT8916_CSOD_Terminated') == &quot;1&quot; ? &quot;Terminated&quot; : &quot;Termination Cleared&quot;</cc:expression>
                    <cc:expression>props['is.rescind'] = 'No'</cc:expression>
                </cc:eval>
                <cc:log id="Log">
                    <cc:log-message>
                        <cc:text>---emplid-----@{props['empl.id']}&#xD;
---tdate------@{props['emp.terminationDate']}&#xD;
--empltype--@{props['Employee_Type']}</cc:text>
                    </cc:log-message>
                </cc:log>
                <cc:validate-exp id="ValidateExp">
                    <cc:expression failure-message="Input Report Not returned any employee">props['empl.id'] != empty</cc:expression>
                </cc:validate-exp>
            </cc:steps>
            <cc:send-error id="SendError" routes-to="PutIntegrationMessage6"/>
        </cc:async-mediation>
        <cc:workday-out-rest id="WorkdayOutRest" routes-response-to="Splitter" extra-path="@{intsys.reportService.getExtrapath('Report_Term')}?End_Date=@{props['current.date']}&amp;start_date=@{props['lp.term.from.date']}&amp;termination_from_date=@{props['lp.term.from.date']}&amp;From_Hire_Date=@{props['rehire.date']}"/>
        <cc:local-out id="CallRequestToken" store-message="none" routes-response-to="CallRescindWorkers" endpoint="vm://INT8916-CSOD_UserStatus_Update_Process_Outbound/subRequestToken"/>
        <cc:async-mediation id="AsyncMediation" routes-to="CallRequestToken" handle-downstream-errors="true">
            <cc:steps>
                <cc:eval id="setAllParams">
                    <cc:expression>props['EndpointURL'] = intsys.getAttribute('Endpoint URL')</cc:expression>
                    <cc:expression>props['ClientID'] = intsys.getAttribute('Client ID') </cc:expression>
                    <cc:expression>props['Secret'] = intsys.getAttribute('Secret') </cc:expression>
                    <cc:expression>props['ADEndpointURL'] = intsys.getAttribute('CSOD Endpoint URL') </cc:expression>
                    <cc:expression>props['Scope'] = intsys.getAttribute('Scope') </cc:expression>
                    <cc:expression>props['retry.after'] = intsys.getAttribute('Retry-after')</cc:expression>
                    <cc:expression>props['retry.delay'] = intsys.getAttribute('Retry-delay')</cc:expression>
                    <cc:expression>props['lp.term.from.date'] = lp.getDate('Termination From Date')</cc:expression>
                    <cc:expression>props['rehire.date'] = lp.getDate('Rehire Start Date')</cc:expression>
                    <cc:expression>props['rescind.date'] = lp.getDate('Rescind Start Date')</cc:expression>
                    <cc:expression>props['rescind.end.date'] = lp.getDate('Rescind End Date')</cc:expression>
                    <cc:expression>props['current.date'] = parts[0].xpath(&quot;current-date()&quot;)</cc:expression>
                    
                </cc:eval>
            </cc:steps>
            <cc:send-error id="SendError0" routes-to="PutIntegrationMessage1"/>
        </cc:async-mediation>
        <cc:workday-in id="StartHere" routes-to="AsyncMediation">
            <cc:integration-system name="INT8916 - CSOD User Status Update Process Outbound">
        <cloud:param name="Termination From Date">
          <cloud:type>
            <cloud:simple-type>date</cloud:simple-type>
          </cloud:type>
          <cloud:default>
            <cloud:class-report-field description="First Day of This Week (System)" type="WID">8250bd62160d4917b196841e9d5b0fea</cloud:class-report-field>
          </cloud:default>
        </cloud:param>
        <cloud:param name="Rehire Start Date">
          <cloud:type>
            <cloud:simple-type>date</cloud:simple-type>
          </cloud:type>
          <cloud:default>
            <cloud:class-report-field description="First Day of This Week (System)" type="WID">8250bd62160d4917b196841e9d5b0fea</cloud:class-report-field>
          </cloud:default>
        </cloud:param>
        <cloud:param name="Rescind Start Date">
          <cloud:type>
            <cloud:simple-type>date</cloud:simple-type>
          </cloud:type>
          <cloud:default>
            <cloud:class-report-field description="First Day of This Week (System)" type="WID">8250bd62160d4917b196841e9d5b0fea</cloud:class-report-field>
          </cloud:default>
        </cloud:param>
        <cloud:param name="Rescind End Date">
          <cloud:type>
            <cloud:simple-type>date</cloud:simple-type>
          </cloud:type>
          <cloud:default>
            <cloud:class-report-field description="Today (System)" type="WID">bb4838a81d394ea0afe59c62c6e4dd65</cloud:class-report-field>
          </cloud:default>
        </cloud:param>
        <cloud:attribute-map-service name="INT8916_Attributes">
          <cloud:attribute name="Endpoint URL">
            <cloud:type>
              <cloud:simple-type>text</cloud:simple-type>
            </cloud:type>
          </cloud:attribute>
          <cloud:attribute name="Client ID">
            <cloud:type>
              <cloud:simple-type>text</cloud:simple-type>
            </cloud:type>
          </cloud:attribute>
          <cloud:attribute name="Secret">
            <cloud:type>
              <cloud:simple-type>text</cloud:simple-type>
            </cloud:type>
          </cloud:attribute>
          <cloud:attribute name="CSOD Endpoint URL">
            <cloud:type>
              <cloud:simple-type>text</cloud:simple-type>
            </cloud:type>
          </cloud:attribute>
          <cloud:attribute name="Scope">
            <cloud:type>
              <cloud:simple-type>text</cloud:simple-type>
            </cloud:type>
          </cloud:attribute>
          <cloud:attribute name="Retry-after">
            <cloud:type>
              <cloud:simple-type>number</cloud:simple-type>
            </cloud:type>
          </cloud:attribute>
          <cloud:attribute name="Retry-delay">
            <cloud:type>
              <cloud:simple-type>number</cloud:simple-type>
            </cloud:type>
          </cloud:attribute>
        </cloud:attribute-map-service>
        <cloud:report-service name="INT8916_CSOD_Terminated_RS">
          <cloud:report-alias description="INT8916 CSOD Terminated" name="Report_Term">
            <cloud:report-reference description="INT8916 CSOD Terminated" type="WID">91a434bb014501d7565496d1f714a452</cloud:report-reference>
          </cloud:report-alias>
          <cloud:report-alias description="INT8916 CSOD Rescind" name="Report_Rescind">
            <cloud:report-reference description="INT8916 Rescinded Hire Report" type="WID">2481a497d0fa0112bd79c97b7a393fd1</cloud:report-reference>
          </cloud:report-alias>
        </cloud:report-service>
      </cc:integration-system>
        </cc:workday-in>
        <cc:local-out id="PutIntegrationMessage6" endpoint="vm://wcc/PutIntegrationMessage"><cc:set name="is.message.severity" value="'INFO'"/><cc:set name="is.message.summary" value="'INT8916_CSOD_Terminated Outbound not Returned any Employee'"/><cc:set name="is.message.storage.enabled" value="false"/></cc:local-out>
        <cc:async-mediation id="StoreResult" routes-to="SuccessMessage">
            <cc:steps>
                <cc:store id="Store" output="variable" output-variable="store.blob" input="message" collection="XTTDemo" createDocumentReference="true" expiresIn="P180D" title="Result.xml"/>
                <cc:xml-to-csv id="XmlToCsv" input="message" writeHeaderLine="true"/>
                <cc:store id="StoreLog" createDocumentReference="true" expiresIn="P180D" title="SuccessLog.csv"/>
            </cc:steps>
        </cc:async-mediation>
        <cc:local-in id="CreateResult" routes-to="JsonToXML"/>
        <cc:aggregator id="Aggregator" routes-to="StoreResult" collate-when="props['closeagg'] == false" force-batch-on-last-message="false" force-batch-when="props['closeagg'] == true">
            <cc:size-batch-strategy batch-size="-1"/>
            <cc:xml-message-content-collater>
        <cc:header-text>&lt;Worker></cc:header-text>
        <cc:footer-text>&lt;/Worker></cc:footer-text>
      </cc:xml-message-content-collater>
        </cc:aggregator>
        <cc:async-mediation id="JsonToXML" routes-to="CallAggregatorAll">
            <cc:steps>
                <cc:json-to-xml id="JsonToXml" input="variable" input-variable="store.request"/>
                <cc:eval id="Eval">
                    <cc:expression>props['employmentStatus']= parts[0].xpath(&quot;root/data/employmentStatus&quot;)</cc:expression>
                    <cc:expression>props['terminationType']= parts[0].xpath(&quot;root/data/terminationType&quot;)</cc:expression>
                </cc:eval>
                <cc:write id="Write" output="message">
                    <cc:message>
                        <cc:text>&lt;Entry>&#xD;
&lt;UserId>@{props['empl.id']}&lt;/UserId>&#xD;
&lt;UserType>@{props['Employee_Type']}&lt;/UserType>&#xD;
&lt;EmploymentStatus>@{props['employmentStatus']}&lt;/EmploymentStatus>&#xD;
&lt;IsRescind>@{props['is.rescind']}&lt;/IsRescind>&#xD;
&lt;TerminationType>@{props['terminationType']}&lt;/TerminationType>&#xD;
&lt;TerminationDate>@{props['emp.terminationDate']}&lt;/TerminationDate>&#xD;
&lt;Firstname>@{props['FirstName']}&lt;/Firstname>&#xD;
&lt;Lastname>@{props['LastName']}&lt;/Lastname>&#xD;
&lt;Status>@{props['status']}&lt;/Status>&#xD;
&lt;/Entry></cc:text>
                    </cc:message>
                </cc:write>
                <cc:log id="Log">
                    <cc:log-message>
                        <cc:text>--------createresult-------------</cc:text>
                        <cc:message-content/>
                    </cc:log-message>
                </cc:log>
            </cc:steps>
        </cc:async-mediation>
        <cc:local-out id="SuccessMessage" endpoint="vm://wcc/PutIntegrationMessage"><cc:set name="is.message.severity" value="'INFO'"/><cc:set name="is.message.summary" value="'Call Completed. Please find the attached log for details'"/><cc:set name="is.message.storage.enabled" value="false"/></cc:local-out>
        <cc:local-in id="ClearTermination" routes-to="ClearTermRequest"/>
        <cc:local-out id="PIMClearTermReq" endpoint="vm://wcc/PutIntegrationMessage">
            <cc:set name="is.message.severity" value="'ERROR'"/>
            <cc:set name="is.message.summary" value="'Error in transmission and getting Response Message for employee'+ props['empl.id']"/>
            <cc:set name="is.message.storage.enabled" value="true"/>
            <cc:set name="is.message.detail" value="context.getErrorMessage()"/>
        </cc:local-out>
        <cc:async-mediation id="ClearTermRequest" routes-to="CallSubReqRehire" handle-downstream-errors="true">
            <cc:steps>
                <cc:write id="Write" output-mimetype="application/json">
                    <cc:message>
                        <cc:text>{&#xD;
&quot;userId&quot;:&quot;@{props['empl.id']}&quot;,&#xD;
   &quot;userType&quot;:&quot;@{props['Employee_Type']}&quot;,&#xD;
   &quot;employmentStatus&quot;:&quot;Working&quot;,&#xD;
   &quot;terminationStatus&quot;:{  &#xD;
   	&quot;terminationType&quot;:&quot;&quot;,&#xD;
      &quot;terminationReason&quot;:&quot;&quot;,&#xD;
       &quot;eligibleForRehire&quot;:&quot;&quot;,&#xD;
      &quot;terminationDate&quot;: &quot;&quot;&#xD;
   },&#xD;
   &quot;isRehiredEmployee&quot;:&quot;&quot;&#xD;
}</cc:text>
                    </cc:message>
                </cc:write>
                <cc:log id="Log">
                    <cc:log-message>
                        <cc:text>-----------afterwriteinclearterm----------</cc:text>
                        <cc:message-content/>
                    </cc:log-message>
                </cc:log>
                <cc:copy id="Copy" output="variable" output-variable="store.request"/>
                <cc:set-headers id="SetHeaders" output="message">
                    <cc:remove-headers/>
                    <cc:add-headers>
                        <cc:add-header name="Content-Type" value="application/json"/>
                        <cc:add-header name="Authorization" value="Bearer @{props['bearer.token']}"/>
                        <cc:add-header name="cache-control" value="no-cache"/>
                        <cc:add-header name="Retry-After" value="@{props['retry.after']}"/>
                    </cc:add-headers>
                </cc:set-headers>
                <cc:log id="Log0">
                    <cc:log-message>
                        <cc:text>------afterheaderinrehire---------</cc:text>
                        <cc:message-content/>
                    </cc:log-message>
                </cc:log>
            </cc:steps>
            <cc:send-error id="SendError" routes-to="PIMClearTermReq"/>
        </cc:async-mediation>
        <cc:splitter id="Splitter">
            <cc:sub-route name="SubRoute" routes-to="AsyncMediation1"/>
            <cc:xml-stream-splitter namespaces="wd urn:com.workday/INT8916_CSOD_Terminated" xpath="/wd:Report_Data/wd:Report_Entry"/>
        </cc:splitter>
        <cc:route id="RouteWorkers">
            <cc:mvel-strategy>
                <cc:choose-route expression="props['emp.terminationDate'] == empty" route="For Rehire emp"/>
                <cc:choose-route expression="props['emp.terminationDate'] != empty" route="ForTerm emp"/>
            </cc:mvel-strategy>
            <cc:sub-route name="ForTerm emp" routes-to="PrepRequest"/>
            <cc:sub-route name="For Rehire emp" routes-to="CallClearterm"/>
        </cc:route>
        <cc:local-out id="CallClearterm" store-message="none" endpoint="vm://INT8916-CSOD_UserStatus_Update_Process_Outbound/ClearTermination"/>
        <cc:local-in id="SubmitRequest" routes-to="submitRequest"/>
        <cc:http-out id="submitRequest" store-message="none" routes-response-to="LogRecordSuccess" endpoint="@{props['ADEndpointURL']}/userid-@{props['empl.id']}/employmentstatus" http-method="PUT" retryDelay="@{props['retry.delay']}">
        </cc:http-out>
        <cc:async-mediation id="LogRecordSuccess" routes-to="ProcessResponse" handle-downstream-errors="true">
            <cc:steps>
                <cc:log id="Log0">
                    <cc:log-message>
                        <cc:text>#######################Response</cc:text>
                        <cc:message-content/>
                    </cc:log-message>
                </cc:log>
                <cc:eval id="Eval">
                    <cc:expression>props['responsemessagetf'] = message.rootPartAsText.contains('Success')</cc:expression>
                    <cc:expression>props['responsemessage'] = message.rootPartAsText</cc:expression>
                </cc:eval>
            </cc:steps>
            <cc:send-error id="SendError" routes-to="PIMSubreq"/>
        </cc:async-mediation>
        <cc:route id="ProcessResponse">
            <cc:mvel-strategy>
                <cc:choose-route expression="props['responsemessagetf'] == true" route="User Loaded"/>
                <cc:choose-route expression="props['responsemessagetf'] != true" route="Rejected"/>
            </cc:mvel-strategy>
            <cc:sub-route name="User Loaded" routes-to="CallCreateResult"/>
            <cc:sub-route name="Rejected" routes-to="RejectMessage"/>
        </cc:route>
        <cc:local-out id="CallCreateResult" store-message="none" endpoint="vm://INT8916-CSOD_UserStatus_Update_Process_Outbound/CreateResult"/>
        <cc:local-out id="PIMSubreq" endpoint="vm://wcc/PutIntegrationMessage">
            <cc:set name="is.message.severity" value="'ERROR'"/>
            <cc:set name="is.message.summary" value="'Error in transmission and getting Response Message for employee'+ props['empl.id']"/>
            <cc:set name="is.message.storage.enabled" value="false"/>
            <cc:set name="is.message.detail" value="context.getErrorMessage()"/>
        </cc:local-out>
        <cc:local-out id="CallSubmitReq" store-message="none" endpoint="vm://INT8916-CSOD_UserStatus_Update_Process_Outbound/SubmitRequest"/>
        <cc:local-out id="CallSubReqRehire" store-message="none" endpoint="vm://INT8916-CSOD_UserStatus_Update_Process_Outbound/SubmitRequest"/>
        <cc:local-out id="RejectMessage" endpoint="vm://wcc/PutIntegrationMessage"><cc:set name="is.message.severity" value="'ERROR'"/><cc:set name="is.message.summary" value="'Call Rejected'"/><cc:set name="is.message.storage.enabled" value="true"/></cc:local-out>
        <cc:local-in id="RescindWorkers" routes-to="ProcessRescindWorkers"/>
        <cc:workday-out-rest id="ProcessRescindWorkers" routes-response-to="SplitterRescind" extra-path="@{intsys.reportService.getExtrapath('Report_Rescind')}?End_Date=@{props['rescind.end.date']}&amp;Start_Date=@{props['rescind.date']}"/>
        <cc:splitter id="SplitterRescind" no-split-message-error="false">
            <cc:sub-route name="SubRoute" routes-to="Evaluate"/>
            <cc:xml-stream-splitter namespaces="wd urn:com.workday.report/INT8916_Rescinded_Hire_Report" xpath="/wd:Report_Data/wd:Report_Entry"/>
        </cc:splitter>
        <cc:local-out id="PIMRecind" endpoint="vm://wcc/PutIntegrationMessage">
            <cc:set name="is.message.severity" value="'INFO'"/>
            <cc:set name="is.message.summary" value="'INT8916_CSOD_Terminated Outbound not Returned any Employee'"/>
            <cc:set name="is.message.storage.enabled" value="false"/>
        </cc:local-out>
        <cc:async-mediation id="Evaluate" routes-to="PrepareRequest">
            <cc:steps>
                <cc:log id="Log0">
                    <cc:log-message>
                        <cc:text>-------afterwdoutrestrescind-----------</cc:text>
                        <cc:message-content/>
                    </cc:log-message>
                </cc:log>
                <cc:eval id="Eval">
                    <cc:expression>props['empl.id']=parts[0].xpath(&quot;wd:Report_Entry/wd:Process_group/wd:UserID&quot;, 'wd urn:com.workday.report/INT8916_Rescinded_Hire_Report')</cc:expression>
                    <cc:expression>props['Employee_Type'] =parts[0].xpath(&quot;wd:Report_Entry/wd:Business_Process_Transaction_group/wd:Employee_Type&quot;, 'wd urn:com.workday.report/INT8916_Rescinded_Hire_Report')</cc:expression>
                    <cc:expression>props['rescind.date']=parts[0].xpath(&quot;wd:Report_Entry/wd:Date_Rescinded&quot;,'wd urn:com.workday.report/INT8916_Rescinded_Hire_Report')</cc:expression>
                    <cc:expression>props['emp.terminationDate']=parts[0].xpath(&quot;wd:Report_Entry/wd:Process_group/wd:Effective_Date&quot;,'wd urn:com.workday.report/INT8916_Rescinded_Hire_Report')</cc:expression>
                    <cc:expression>props['status'] = 'Rescind'</cc:expression>
                    <cc:expression>props['is.rescind'] = 'Yes'</cc:expression>
                    <cc:expression>props['FirstName'] = parts[0].xpath(&quot;wd:Report_Entry/wd:Business_Process_Transaction_group/wd:FirstName&quot;,'wd urn:com.workday.report/INT8916_Rescinded_Hire_Report')</cc:expression>
                    <cc:expression>props['LastName'] = parts[0].xpath(&quot;wd:Report_Entry/wd:Business_Process_Transaction_group/wd:LastName&quot;,'wd urn:com.workday.report/INT8916_Rescinded_Hire_Report')</cc:expression>
                </cc:eval>
                <cc:log id="Log">
                    <cc:log-message>
                        <cc:text>---emplid-----@{props['empl.id']}&#xD;
---rdate------@{props['rescind.date']}&#xD;
--empltype--@{props['Employee_Type']}&#xD;
--term date--@{props['emp.terminationDate']}</cc:text>
                    </cc:log-message>
                </cc:log>
                <cc:validate-exp id="ValidateExp">
                    <cc:expression failure-message="Input Report Not returned any employee">props['empl.id'] != empty</cc:expression>
                </cc:validate-exp>
            </cc:steps>
            <cc:send-error id="SendError" routes-to="PIMRecind"/>
        </cc:async-mediation>
        <cc:local-out id="CallSubmitReq0" store-message="none" endpoint="vm://INT8916-CSOD_UserStatus_Update_Process_Outbound/SubmitRequest"/>
        <cc:local-out id="PIMRequest" endpoint="vm://wcc/PutIntegrationMessage">
            <cc:set name="is.message.severity" value="'ERROR'"/>
            <cc:set name="is.message.summary" value="'Error in transmission and getting Response Message for employee'+ props['empl.id']"/>
            <cc:set name="is.message.storage.enabled" value="false"/>
            <cc:set name="is.message.detail" value="context.getErrorMessage()"/>
        </cc:local-out>
        <cc:async-mediation id="PrepareRequest" routes-to="CallSubmitReq0" handle-downstream-errors="true">
            <cc:steps>
                <cc:write id="Write" output-mimetype="application/json">
                    <cc:message>
                        <cc:text>{&#xD;
&quot;userId&quot;:&quot;@{props['empl.id']}&quot;,&#xD;
   &quot;userType&quot;:&quot;@{props['Employee_Type']}&quot;,&#xD;
   &quot;employmentStatus&quot;:&quot;Terminated&quot;,&#xD;
   &quot;terminationStatus&quot;:{  &#xD;
   	&quot;terminationType&quot;:&quot;Involuntary&quot;,&#xD;
      &quot;terminationReason&quot;:&quot;Rescinded&quot;,&#xD;
       &quot;eligibleForRehire&quot;:&quot;&quot;,&#xD;
      &quot;terminationDate&quot;: &quot;@{props['emp.terminationDate']}&quot;&#xD;
   },&#xD;
   &quot;isRehiredEmployee&quot;:&quot;&quot;&#xD;
}</cc:text>
                    </cc:message>
                </cc:write>
                <cc:copy id="Copy" output="variable" output-variable="store.request"/>
                <cc:set-headers id="SetHeaders" output="message">
                    <cc:remove-headers/>
                    <cc:add-headers>
                        <cc:add-header name="Content-Type" value="application/json"/>
                        <cc:add-header name="Authorization" value="Bearer @{props['bearer.token']}"/>
                        <cc:add-header name="cache-control" value="no-cache"/>
                        <cc:add-header name="Retry-After" value="@{props['retry.after']}"/>
                    </cc:add-headers>
                </cc:set-headers>
            </cc:steps>
            <cc:send-error id="SendError" routes-to="PIMRequest"/>
        </cc:async-mediation>
        <cc:local-in id="ProcessWorkers" routes-to="WorkdayOutRest"/>
        <cc:local-out id="CallRescindWorkers" store-message="none" routes-response-to="CallProcessWorkers" endpoint="vm://INT8916-CSOD_UserStatus_Update_Process_Outbound/RescindWorkers"/>
        <cc:local-out id="CallProcessWorkers" store-message="none" routes-response-to="CallCloseAggregator" endpoint="vm://INT8916-CSOD_UserStatus_Update_Process_Outbound/ProcessWorkers"/>
        <cc:local-out id="CallAggregatorAll" store-message="none" endpoint="vm://INT8916-CSOD_UserStatus_Update_Process_Outbound/AggregatorAll"/>
        <cc:local-in id="AggregatorAll" routes-to="Aggregator"/>
        <cc:local-out id="CallCloseAggregator" store-message="none" endpoint="vm://INT8916-CSOD_UserStatus_Update_Process_Outbound/CloseAggregator"><cc:set name="closeagg" value="true"/></cc:local-out>
        <cc:local-in id="CloseAggregator" routes-to="Aggregator"/>
        <cc:local-out id="Note-Error0" endpoint="vm://wcc/PutIntegrationMessage">
            <cc:set name="is.message.severity" value="'CRITICAL'"/>
            <cc:set name="is.message.summary" value="context.errorMessage"/>
        </cc:local-out>
        <cc:send-error id="global-error-handler" rethrow-error="false" routes-to="Note-Error0"/>
	</cc:assembly>

</beans>