<?xml version="1.0" encoding="UTF-8"?>
<wdnm:Diagram xmlns:wdnm="http://workday.com/studio/editors/notation">
  <element href="assembly.xml#WorkdayAssembly"/>
  <visualProperties x="322" y="498">
    <element href="assembly.xml#RefreshRequest"/>
  </visualProperties>
  <visualProperties x="789" y="504">
    <element href="assembly.xml#requestAuthToken"/>
  </visualProperties>
  <visualProperties x="59" y="550">
    <element href="assembly.xml#subRequestToken"/>
  </visualProperties>
  <visualProperties x="1049" y="451">
    <element href="assembly.xml#saveRefreshToken"/>
  </visualProperties>
  <visualProperties x="1250" y="723">
    <element href="assembly.xml#PrepRequest"/>
  </visualProperties>
  <visualProperties x="513" y="711">
    <element href="assembly.xml#PutIntegrationMessage"/>
  </visualProperties>
  <visualProperties x="315" y="224">
    <element href="assembly.xml#PutIntegrationMessage1"/>
  </visualProperties>
  <visualProperties x="1234" y="962">
    <element href="assembly.xml#PutIntegrationMessage4"/>
  </visualProperties>
  <visualProperties x="1881" y="979">
    <element href="assembly.xml#PutIntegrationMessage5"/>
  </visualProperties>
  <visualProperties x="1394" y="206">
    <element href="assembly.xml#AsyncMediation1"/>
  </visualProperties>
  <visualProperties x="1405" y="241">
    <element href="assembly.xml#WorkdayOutRest"/>
  </visualProperties>
  <visualProperties x="120" y="82">
    <element href="assembly.xml#StartHere"/>
  </visualProperties>
  <visualProperties x="269" y="82">
    <element href="assembly.xml#AsyncMediation"/>
  </visualProperties>
  <visualProperties x="601" y="82">
    <element href="assembly.xml#CallRequestToken"/>
  </visualProperties>
  <visualProperties x="1387" y="867">
    <element href="assembly.xml#PutIntegrationMessage6"/>
  </visualProperties>
  <visualProperties x="138" y="803">
    <element href="assembly.xml#StoreResult"/>
  </visualProperties>
  <visualProperties x="-201" y="880">
    <element href="assembly.xml#CreateResult"/>
  </visualProperties>
  <visualProperties x="393" y="795">
    <element href="assembly.xml#Aggregator"/>
  </visualProperties>
  <visualProperties x="-32" y="811">
    <element href="assembly.xml#JsonToXML"/>
  </visualProperties>
  <visualProperties x="887" y="935">
    <element href="assembly.xml#SuccessMessage"/>
  </visualProperties>
  <visualProperties x="-116" y="1497">
    <element href="assembly.xml#ClearTermination"/>
  </visualProperties>
  <visualProperties>
    <element href="assembly.xml#ClearTermRequest"/>
  </visualProperties>
  <visualProperties>
    <element href="assembly.xml#PIMClearTermReq"/>
  </visualProperties>
  <visualProperties x="1399" y="586">
    <element href="assembly.xml#Splitter"/>
  </visualProperties>
  <visualProperties x="1748" y="392">
    <element href="assembly.xml#RouteWorkers"/>
  </visualProperties>
  <visualProperties x="2298" y="571">
    <element href="assembly.xml#CallClearterm"/>
  </visualProperties>
  <visualProperties x="-212" y="1113">
    <element href="assembly.xml#SubmitRequest"/>
  </visualProperties>
  <visualProperties x="67" y="1113">
    <element href="assembly.xml#submitRequest"/>
  </visualProperties>
  <visualProperties x="628" y="935">
    <element href="assembly.xml#LogRecordSuccess"/>
  </visualProperties>
  <visualProperties x="645" y="1036">
    <element href="assembly.xml#ProcessResponse"/>
  </visualProperties>
  <visualProperties x="1009" y="1022">
    <element href="assembly.xml#CallCreateResult"/>
  </visualProperties>
  <visualProperties x="694" y="1084">
    <element href="assembly.xml#PIMSubreq"/>
  </visualProperties>
  <visualProperties x="2507" y="353">
    <element href="assembly.xml#CallSubmitReq"/>
  </visualProperties>
  <visualProperties x="570" y="1489">
    <element href="assembly.xml#CallSubReqRehire"/>
  </visualProperties>
  <visualProperties x="1089" y="1096">
    <element href="assembly.xml#RejectMessage"/>
  </visualProperties>
  <visualProperties x="-193" y="1750">
    <element href="assembly.xml#RescindWorkers"/>
  </visualProperties>
  <visualProperties x="-42" y="1792">
    <element href="assembly.xml#ProcessRescindWorkers"/>
  </visualProperties>
  <visualProperties x="342" y="1506">
    <element href="assembly.xml#SplitterRescind"/>
  </visualProperties>
  <visualProperties>
    <element href="assembly.xml#Evaluate"/>
  </visualProperties>
  <visualProperties>
    <element href="assembly.xml#PIMRecind"/>
  </visualProperties>
  <visualProperties x="792" y="2031">
    <element href="assembly.xml#CallSubmitReq0"/>
  </visualProperties>
  <visualProperties>
    <element href="assembly.xml#PrepareRequest"/>
  </visualProperties>
  <visualProperties>
    <element href="assembly.xml#PIMRequest"/>
  </visualProperties>
  <visualProperties x="-47" y="603">
    <element href="assembly.xml#ProcessWorkers"/>
  </visualProperties>
  <visualProperties x="653" y="-66">
    <element href="assembly.xml#CallRescindWorkers"/>
  </visualProperties>
  <visualProperties x="900" y="-20">
    <element href="assembly.xml#CallProcessWorkers"/>
  </visualProperties>
  <visualProperties x="489" y="1852">
    <element href="assembly.xml#CallAggregatorAll"/>
  </visualProperties>
  <visualProperties x="-29" y="2042">
    <element href="assembly.xml#AggregatorAll"/>
  </visualProperties>
  <visualProperties x="1087" y="-28">
    <element href="assembly.xml#CallCloseAggregator"/>
  </visualProperties>
  <visualProperties x="30" y="2096">
    <element href="assembly.xml#CloseAggregator"/>
  </visualProperties>
  <visualProperties>
    <element href="assembly.xml#//@beans/@mixed.1/@mixed.103"/>
  </visualProperties>
  <visualProperties>
    <element href="assembly.xml#Note-Error0"/>
  </visualProperties>
  <connections type="routesTo" sourceAnchorX="1.0" sourceAnchorY="0.176" targetAnchorX="0.0" targetAnchorY="0.5405405405405406">
    <source href="assembly.xml#RefreshRequest"/>
    <target href="assembly.xml#requestAuthToken"/>
  </connections>
  <connections type="routesTo" sourceAnchorX="0.7134502923976608" sourceAnchorY="1.0" targetAnchorX="0.2546583850931677" targetAnchorY="0.3779527559055118">
    <source href="assembly.xml#subRequestToken"/>
    <target href="assembly.xml#RefreshRequest"/>
  </connections>
  <connections type="routesTo" sourceAnchorX="0.2549019607843137" sourceAnchorY="0.5666666666666667" targetAnchorX="0.2033195020746888" targetAnchorY="0.43243243243243246">
    <source href="assembly.xml#//@beans/@mixed.1/@mixed.7/@mixed.3"/>
    <target href="assembly.xml#PutIntegrationMessage"/>
  </connections>
  <connections type="routesResponseTo" sourceAnchorX="0.9127906976744186" sourceAnchorY="0.3783783783783784" targetAnchorX="0.00625" targetAnchorY="0.18110236220472442">
    <source href="assembly.xml#requestAuthToken"/>
    <target href="assembly.xml#saveRefreshToken"/>
  </connections>
  <connections type="routesTo" sourceAnchorX="0.36466165413533835" sourceAnchorY="1.0" targetAnchorX="0.5179282868525896" targetAnchorY="0.21621621621621623">
    <source href="assembly.xml#//@beans/@mixed.1/@mixed.1/@mixed.3"/>
    <target href="assembly.xml#PutIntegrationMessage4"/>
  </connections>
  <connections type="routesTo" sourceAnchorX="0.7686567164179104" sourceAnchorY="1.0" targetAnchorX="0.03571428571428571" targetAnchorY="0.7346938775510204">
    <source href="assembly.xml#StartHere"/>
    <target href="assembly.xml#AsyncMediation"/>
  </connections>
  <connections type="routesTo" sourceAnchorX="1.0" sourceAnchorY="0.07142857142857142" targetAnchorX="0.1715686274509804" targetAnchorY="0.5135135135135135">
    <source href="assembly.xml#AsyncMediation"/>
    <target href="assembly.xml#CallRequestToken"/>
  </connections>
  <connections type="routesTo" sourceAnchorX="0.48221343873517786" sourceAnchorY="1.0" targetAnchorX="0.352112676056338" targetAnchorY="0.5405405405405406">
    <source href="assembly.xml#//@beans/@mixed.1/@mixed.19/@mixed.3"/>
    <target href="assembly.xml#PutIntegrationMessage6"/>
  </connections>
  <connections type="routesTo" sourceAnchorX="0.5294117647058824" sourceAnchorY="1.0" targetAnchorX="0.16901408450704225" targetAnchorY="0.6756756756756757">
    <source href="assembly.xml#//@beans/@mixed.1/@mixed.25/@mixed.3"/>
    <target href="assembly.xml#PutIntegrationMessage1"/>
  </connections>
  <connections type="routesTo">
    <source href="assembly.xml#//@beans/@mixed.1/@mixed.9/@mixed.3"/>
    <target href="assembly.xml#PutIntegrationMessage5"/>
  </connections>
  <connections type="routesTo">
    <source href="assembly.xml#StoreResult"/>
    <target href="assembly.xml#SuccessMessage"/>
  </connections>
  <connections type="routesTo">
    <source href="assembly.xml#//@beans/@mixed.1/@mixed.45/@mixed.3"/>
    <target href="assembly.xml#PIMClearTermReq"/>
  </connections>
  <connections type="routesResponseTo">
    <source href="assembly.xml#WorkdayOutRest"/>
    <target href="assembly.xml#Splitter"/>
  </connections>
  <connections type="routesTo">
    <source href="assembly.xml#//@beans/@mixed.1/@splitter.0/@subRoute.0"/>
    <target href="assembly.xml#AsyncMediation1"/>
  </connections>
  <connections type="routesTo">
    <source href="assembly.xml#AsyncMediation1"/>
    <target href="assembly.xml#RouteWorkers"/>
  </connections>
  <connections type="routesTo">
    <source href="assembly.xml#//@beans/@mixed.1/@route.0/@subRoute.0"/>
    <target href="assembly.xml#PrepRequest"/>
  </connections>
  <connections type="routesTo">
    <source href="assembly.xml#ClearTermination"/>
    <target href="assembly.xml#ClearTermRequest"/>
  </connections>
  <connections type="routesTo">
    <source href="assembly.xml#//@beans/@mixed.1/@route.0/@subRoute.1"/>
    <target href="assembly.xml#CallClearterm"/>
  </connections>
  <connections type="routesTo">
    <source href="assembly.xml#SubmitRequest"/>
    <target href="assembly.xml#submitRequest"/>
  </connections>
  <connections type="routesResponseTo">
    <source href="assembly.xml#submitRequest"/>
    <target href="assembly.xml#LogRecordSuccess"/>
  </connections>
  <connections type="routesTo">
    <source href="assembly.xml#LogRecordSuccess"/>
    <target href="assembly.xml#ProcessResponse"/>
  </connections>
  <connections type="routesTo">
    <source href="assembly.xml#//@beans/@mixed.1/@route.1/@subRoute.0"/>
    <target href="assembly.xml#CallCreateResult"/>
  </connections>
  <connections type="routesTo">
    <source href="assembly.xml#//@beans/@mixed.1/@mixed.57/@mixed.3"/>
    <target href="assembly.xml#PIMSubreq"/>
  </connections>
  <connections type="routesTo">
    <source href="assembly.xml#PrepRequest"/>
    <target href="assembly.xml#CallSubmitReq"/>
  </connections>
  <connections type="routesTo">
    <source href="assembly.xml#ClearTermRequest"/>
    <target href="assembly.xml#CallSubReqRehire"/>
  </connections>
  <connections type="routesTo">
    <source href="assembly.xml#//@beans/@mixed.1/@route.1/@subRoute.1"/>
    <target href="assembly.xml#RejectMessage"/>
  </connections>
  <connections type="routesTo">
    <source href="assembly.xml#CreateResult"/>
    <target href="assembly.xml#JsonToXML"/>
  </connections>
  <connections type="routesTo" sourceAnchorX="1.0" sourceAnchorY="0.7297297297297297" targetAnchorX="0.024509803921568627" targetAnchorY="0.5405405405405406">
    <source href="assembly.xml#RescindWorkers"/>
    <target href="assembly.xml#ProcessRescindWorkers"/>
  </connections>
  <connections type="routesTo" sourceAnchorX="0.48221343873517786" sourceAnchorY="1.0" targetAnchorX="0.352112676056338" targetAnchorY="0.5405405405405406">
    <source href="assembly.xml#//@beans/@mixed.1/@mixed.79/@mixed.3"/>
    <target href="assembly.xml#PIMRecind"/>
  </connections>
  <connections type="routesResponseTo">
    <source href="assembly.xml#ProcessRescindWorkers"/>
    <target href="assembly.xml#SplitterRescind"/>
  </connections>
  <connections type="routesTo">
    <source href="assembly.xml#//@beans/@mixed.1/@mixed.85/@mixed.3"/>
    <target href="assembly.xml#PIMRequest"/>
  </connections>
  <connections type="routesTo">
    <source href="assembly.xml#//@beans/@mixed.1/@splitter.1/@subRoute.0"/>
    <target href="assembly.xml#Evaluate"/>
  </connections>
  <connections type="routesTo">
    <source href="assembly.xml#Evaluate"/>
    <target href="assembly.xml#PrepareRequest"/>
  </connections>
  <connections type="routesTo">
    <source href="assembly.xml#PrepareRequest"/>
    <target href="assembly.xml#CallSubmitReq0"/>
  </connections>
  <connections type="routesTo">
    <source href="assembly.xml#ProcessWorkers"/>
    <target href="assembly.xml#WorkdayOutRest"/>
  </connections>
  <connections type="routesResponseTo">
    <source href="assembly.xml#CallRequestToken"/>
    <target href="assembly.xml#CallRescindWorkers"/>
  </connections>
  <connections type="routesResponseTo">
    <source href="assembly.xml#CallRescindWorkers"/>
    <target href="assembly.xml#CallProcessWorkers"/>
  </connections>
  <connections type="routesTo">
    <source href="assembly.xml#Aggregator"/>
    <target href="assembly.xml#StoreResult"/>
  </connections>
  <connections type="routesTo">
    <source href="assembly.xml#JsonToXML"/>
    <target href="assembly.xml#CallAggregatorAll"/>
  </connections>
  <connections type="routesTo">
    <source href="assembly.xml#AggregatorAll"/>
    <target href="assembly.xml#Aggregator"/>
  </connections>
  <connections type="routesTo">
    <source href="assembly.xml#CloseAggregator"/>
    <target href="assembly.xml#Aggregator"/>
  </connections>
  <connections type="routesResponseTo">
    <source href="assembly.xml#CallProcessWorkers"/>
    <target href="assembly.xml#CallCloseAggregator"/>
  </connections>
  <connections type="routesTo" sourceAnchorX="0.9669421487603306" sourceAnchorY="0.43243243243243246" targetAnchorX="0.06060606060606061" targetAnchorY="0.3783783783783784">
    <source href="assembly.xml#//@beans/@mixed.1/@mixed.103"/>
    <target href="assembly.xml#Note-Error0"/>
  </connections>
  <swimlanes x="2" y="-198" font="Arial|11|0" fontColor="1" name="Main Process">
    <elements href="assembly.xml#StartHere"/>
    <elements href="#//@swimlanes.17"/>
    <elements href="assembly.xml#CallRequestToken"/>
    <elements href="assembly.xml#CallRescindWorkers"/>
    <elements href="assembly.xml#CallProcessWorkers"/>
    <elements href="assembly.xml#CallCloseAggregator"/>
  </swimlanes>
  <swimlanes x="-16" y="241" font="Arial|11|0" fontColor="1" name="Integration sends request to raise a token for every int run and than fetches the token and converts the response to xml. The report fetches the Terminated workers and the workers who are rehireswithin the specified date range. The workers termed details are updated at CSOD and the termed details of rehire workers are erased.">
    <elements href="assembly.xml#subRequestToken"/>
    <elements href="#//@swimlanes.2"/>
    <elements href="assembly.xml#requestAuthToken"/>
    <elements href="#//@swimlanes.3"/>
  </swimlanes>
  <swimlanes x="283" y="449" name="Swimlane" orientation="VERTICAL">
    <elements href="assembly.xml#RefreshRequest"/>
    <elements href="assembly.xml#PutIntegrationMessage"/>
  </swimlanes>
  <swimlanes x="997" y="519" name="Swimlane" orientation="VERTICAL">
    <elements href="assembly.xml#saveRefreshToken"/>
    <elements href="assembly.xml#PutIntegrationMessage4"/>
  </swimlanes>
  <swimlanes x="1572" y="500" name="Swimlane" orientation="VERTICAL">
    <elements href="assembly.xml#AsyncMediation1"/>
    <elements href="assembly.xml#PutIntegrationMessage6"/>
  </swimlanes>
  <swimlanes x="1961" y="495" name="Swimlane" orientation="VERTICAL">
    <elements href="assembly.xml#PrepRequest"/>
    <elements href="assembly.xml#PutIntegrationMessage5"/>
  </swimlanes>
  <swimlanes x="1329" y="1721" name="" orientation="VERTICAL">
    <elements href="assembly.xml#AggregatorAll"/>
    <elements href="assembly.xml#CloseAggregator"/>
  </swimlanes>
  <swimlanes x="144" y="1419" name="Swimlane" orientation="VERTICAL">
    <elements href="assembly.xml#ClearTermRequest"/>
    <elements href="assembly.xml#PIMClearTermReq"/>
  </swimlanes>
  <swimlanes x="2074" y="291" name="Swimlane" orientation="VERTICAL">
    <elements href="assembly.xml#RouteWorkers"/>
    <elements href="assembly.xml#CallClearterm"/>
  </swimlanes>
  <swimlanes x="941" y="1056" name="Swimlane" orientation="VERTICAL">
    <elements href="assembly.xml#CallCreateResult"/>
    <elements href="assembly.xml#RejectMessage"/>
  </swimlanes>
  <swimlanes x="334" y="1010" name="Swimlane" orientation="VERTICAL">
    <elements href="assembly.xml#LogRecordSuccess"/>
    <elements href="assembly.xml#PIMSubreq"/>
  </swimlanes>
  <swimlanes x="-24" y="2079" font="Arial|11|0" fontColor="1" name="Finally create SuccessLog for workers who are successfully terminated or rehired.">
    <elements href="assembly.xml#CreateResult"/>
    <elements href="assembly.xml#JsonToXML"/>
    <elements href="assembly.xml#CallAggregatorAll"/>
  </swimlanes>
  <swimlanes x="-24" y="1215" font="Arial|11|0" fontColor="1" name="Submit The request of termination and Rehire using OAUth 2 authenticationa and creating Result(for all successfull worlers) and Error message(for failed workers)">
    <elements href="assembly.xml#SubmitRequest"/>
    <elements href="assembly.xml#submitRequest"/>
    <elements href="#//@swimlanes.10"/>
    <elements href="assembly.xml#ProcessResponse"/>
    <elements href="#//@swimlanes.9"/>
  </swimlanes>
  <swimlanes x="-24" y="1606" font="Arial|11|0" fontColor="1" name="Create Request body for Rehire workers to clear their termination record at CSOD">
    <elements href="assembly.xml#ClearTermination"/>
    <elements href="#//@swimlanes.7"/>
    <elements href="assembly.xml#CallSubReqRehire"/>
  </swimlanes>
  <swimlanes x="-16" y="2661" name="Swimlane">
    <elements href="assembly.xml#RescindWorkers"/>
    <elements href="assembly.xml#ProcessRescindWorkers"/>
    <elements href="assembly.xml#SplitterRescind"/>
    <elements href="#//@swimlanes.15"/>
    <elements href="#//@swimlanes.16"/>
    <elements href="assembly.xml#CallSubmitReq0"/>
  </swimlanes>
  <swimlanes x="769" y="1983" name="EvaluateWorker" orientation="VERTICAL">
    <elements href="assembly.xml#Evaluate"/>
    <elements href="assembly.xml#PIMRecind"/>
  </swimlanes>
  <swimlanes x="477" y="1594" name="UpdateRescindDetails" orientation="VERTICAL">
    <elements href="assembly.xml#PrepareRequest"/>
    <elements href="assembly.xml#PIMRequest"/>
  </swimlanes>
  <swimlanes x="-42" y="126" name="Swimlane" orientation="VERTICAL">
    <elements href="assembly.xml#AsyncMediation"/>
    <elements href="assembly.xml#PutIntegrationMessage1"/>
  </swimlanes>
  <swimlanes x="-16" y="661" name="Swimlane">
    <elements href="assembly.xml#ProcessWorkers"/>
    <elements href="assembly.xml#WorkdayOutRest"/>
    <elements href="assembly.xml#Splitter"/>
    <elements href="#//@swimlanes.4"/>
    <elements href="#//@swimlanes.8"/>
    <elements href="#//@swimlanes.5"/>
    <elements href="assembly.xml#CallSubmitReq"/>
  </swimlanes>
  <swimlanes x="-36" y="2321" name="Swimlane">
    <elements href="#//@swimlanes.6"/>
    <elements href="assembly.xml#Aggregator"/>
    <elements href="assembly.xml#StoreResult"/>
    <elements href="assembly.xml#SuccessMessage"/>
  </swimlanes>
  <swimlanes x="1602" y="2584" name="Global_Error_Handler">
    <elements href="assembly.xml#//@beans/@mixed.1/@mixed.103"/>
    <elements href="assembly.xml#Note-Error0"/>
  </swimlanes>
</wdnm:Diagram>
