<?xml version="1.0" encoding="UTF-8"?>
<wdnm:Diagram xmlns:wdnm="http://workday.com/studio/editors/notation">
  <element href="assembly.xml#WorkdayAssembly"/>
  <visualProperties x="280" y="136">
    <element href="assembly.xml#PutParametersMessage"/>
  </visualProperties>
  <visualProperties x="495" y="136">
    <element href="assembly.xml#GetListOfDocFilesFromSFTP"/>
  </visualProperties>
  <visualProperties x="1087" y="136">
    <element href="assembly.xml#Route-list"/>
  </visualProperties>
  <visualProperties x="534" y="194">
    <element href="assembly.xml#PutLogFileMessage"/>
  </visualProperties>
  <visualProperties x="360" y="505">
    <element href="assembly.xml#GetDocFileFromSFTP"/>
  </visualProperties>
  <visualProperties x="169" y="474">
    <element href="assembly.xml#IdentifyEachDocFile"/>
  </visualProperties>
  <visualProperties x="773" y="86">
    <element href="assembly.xml#SyncMediation0"/>
  </visualProperties>
  <visualProperties x="973" y="531">
    <element href="assembly.xml#Call_PutWorkerDocument"/>
  </visualProperties>
  <visualProperties x="572" y="458">
    <element href="assembly.xml#ProcessEachFile"/>
  </visualProperties>
  <visualProperties x="572" y="675">
    <element href="assembly.xml#AddToLog_Failed"/>
  </visualProperties>
  <visualProperties x="330" y="824">
    <element href="assembly.xml#PutIntegrationMessageGlobal"/>
  </visualProperties>
  <visualProperties x="150" y="824">
    <element href="assembly.xml#//@beans/@mixed.1/@mixed.1"/>
  </visualProperties>
  <visualProperties x="-237" y="143">
    <element href="assembly.xml#Worker_DocLoad"/>
  </visualProperties>
  <visualProperties x="-39" y="101">
    <element href="assembly.xml#AsyncMediation"/>
  </visualProperties>
  <connections type="routesResponseTo">
    <source href="assembly.xml#PutParametersMessage"/>
    <target href="assembly.xml#GetListOfDocFilesFromSFTP"/>
  </connections>
  <connections type="routesResponseTo" targetAnchorX="0.11068702290076336" targetAnchorY="0.45394736842105265">
    <source href="assembly.xml#GetListOfDocFilesFromSFTP"/>
    <target href="assembly.xml#SyncMediation0"/>
  </connections>
  <connections type="routesTo" sourceAnchorX="0.0" sourceAnchorY="0.4369747899159664" targetAnchorX="0.12080536912751678" targetAnchorY="0.11038961038961038">
    <source href="assembly.xml#SyncMediation0"/>
    <target href="assembly.xml#Route-list"/>
  </connections>
  <connections type="routesTo">
    <source href="assembly.xml#//@beans/@mixed.1/@route.0/@subRoute.0"/>
    <target href="assembly.xml#IdentifyEachDocFile"/>
    <bendpoints sourceX="-912" targetX="3" targetY="-257"/>
  </connections>
  <connections type="routesResponseTo" sourceAnchorX="0.14885496183206107" sourceAnchorY="0.8289473684210527">
    <source href="assembly.xml#SyncMediation0"/>
    <target href="assembly.xml#PutLogFileMessage"/>
  </connections>
  <connections type="routesResponseTo" sourceAnchorX="0.8926553672316384" sourceAnchorY="0.35135135135135137" targetAnchorX="0.06179775280898876" targetAnchorY="0.33879781420765026">
    <source href="assembly.xml#GetDocFileFromSFTP"/>
    <target href="assembly.xml#ProcessEachFile"/>
  </connections>
  <connections type="routesTo">
    <source href="assembly.xml#IdentifyEachDocFile"/>
    <target href="assembly.xml#GetDocFileFromSFTP"/>
  </connections>
  <connections type="routesTo">
    <source href="assembly.xml#ProcessEachFile"/>
    <target href="assembly.xml#Call_PutWorkerDocument"/>
  </connections>
  <connections type="routesTo">
    <source href="assembly.xml#//@beans/@mixed.1/@mixed.7/@mixed.5"/>
    <target href="assembly.xml#AddToLog_Failed"/>
  </connections>
  <connections type="routesTo" sourceAnchorX="0.875" sourceAnchorY="0.4864864864864865" targetAnchorX="0.18636363636363637" targetAnchorY="0.4864864864864865">
    <source href="assembly.xml#//@beans/@mixed.1/@mixed.1"/>
    <target href="assembly.xml#PutIntegrationMessageGlobal"/>
  </connections>
  <connections type="routesTo" targetAnchorX="0.05847953216374269" targetAnchorY="0.6382978723404256">
    <source href="assembly.xml#Worker_DocLoad"/>
    <target href="assembly.xml#AsyncMediation"/>
  </connections>
  <connections type="routesTo" sourceAnchorX="0.905511811023622" sourceAnchorY="0.574468085106383">
    <source href="assembly.xml#AsyncMediation"/>
    <target href="assembly.xml#PutParametersMessage"/>
  </connections>
</wdnm:Diagram>
