<?xml version="1.0" encoding="UTF-8"?>
<beans
     xmlns="http://www.springframework.org/schema/beans"
     xmlns:beans="http://www.springframework.org/schema/beans"
     xmlns:atom="http://www.w3.org/2005/Atom"
     xmlns:cc="http://www.capeclear.com/assembly/10"
     xmlns:cloud="urn:com.workday/esb/cloud/10.0"
     xmlns:env="http://schemas.xmlsoap.org/soap/envelope/"
     xmlns:pi="urn:com.workday/picof"
     xmlns:wd="urn:com.workday/bsvc"
     xmlns:xsi="http://www.w3.org/2001/XMLSchema-instance">
 
	<cc:assembly id="WorkdayAssembly" version="2016.34">

        <cc:workday-in id="StartHere" routes-to="Initialize">
            <cc:integration-system name="INT0075_Talx_Work_Number_Studio_Outbound">
        <cloud:param name="Period Start Date">
          <cloud:type>
            <cloud:simple-type>date</cloud:simple-type>
          </cloud:type>
          <cloud:default>
            <cloud:date>2017-01-01</cloud:date>
          </cloud:default>
        </cloud:param>
        <cloud:param name="Period End Date">
          <cloud:type>
            <cloud:simple-type>date</cloud:simple-type>
          </cloud:type>
          <cloud:default>
            <cloud:date>2017-01-31</cloud:date>
          </cloud:default>
        </cloud:param>
        <cloud:param name="Pay Groups">
          <cloud:type>
            <cloud:class-report-field description="Pay Group" type="WID" singular="false">1ce04655bc6543da93f713b3d1107f0a</cloud:class-report-field>
          </cloud:type>
        </cloud:param>
        <cloud:param name="Workers">
          <cloud:type>
            <cloud:class-report-field description="Worker" type="WID" singular="false">dba16edbf5e8100006491ef629726c3d</cloud:class-report-field>
          </cloud:type>
        </cloud:param>
        <cloud:sequence-generator-service name="INT0075_Sequence_Generator_Service">
          <cloud:sequencer>INT0075_File_Name_Seq_Gen</cloud:sequencer>
        </cloud:sequence-generator-service>
        <cloud:delivery-service name="INT0075_Delivery_Service"/>
        <cloud:report-service name="INT0075-XLS-Report-Input">
          <cloud:report-alias description="INT0075 TALX Work Number and UCX" name="ReportInput">
            <cloud:report-reference description="INT0075 TALX Work Number and UCX" type="WID">a80605a1bc0e01e030aca0082126d3d1</cloud:report-reference>
          </cloud:report-alias>
        </cloud:report-service>
      </cc:integration-system>
        </cc:workday-in>

        <cc:async-mediation id="Initialize" routes-to="Call-Report">
            <cc:steps>
                <cc:eval id="Eval">
                    <cc:expression>props['txt.file.name'] = empty</cc:expression>
                    <cc:expression>props['txt.file.name'] = lp.getSequencedValue('INT0075_File_Name_Seq_Gen')</cc:expression>
                    <cc:expression>if (props['txt.file.name'] == empty) {'Default_Output_Filename.txt'}</cc:expression>
                    <cc:expression>props['periodStartDate'] = lp.getSimpleData('Period Start Date')</cc:expression>
                    <cc:expression>props['periodEndDate'] = lp.getSimpleData('Period End Date')</cc:expression>
                    <cc:expression>props['payGroups'] = lp.getReferenceDataList('Pay Groups', 'WID').toString().replace('[', '').replace(']', '').replace(', ', '!')</cc:expression>
                    <cc:expression>props['workers'] = lp.getReferenceDataList('Workers', 'WID').toString().replace('[', '').replace(']', '').replace(', ', '!')</cc:expression>
                    <cc:expression>props['header.stop'] = false</cc:expression>
                    <cc:expression>props['footer.stop'] = false</cc:expression>
                </cc:eval>
            </cc:steps>
        </cc:async-mediation>

        <cc:workday-out-rest id="Call-Report" routes-response-to="AsyncMediation" extra-path="@{intsys.reportService.getExtrapath('ReportInput')}?Prompt_Date_1=@{props['periodStartDate']}&amp;Prompt_Date_2=@{props['periodEndDate']}&amp;Pay_Group_Prompt!WID=@{props['payGroups']}&amp;Worker!WID=@{props['workers']}"/>

        <cc:async-mediation id="Transform" routes-to="Aggregate">
            <cc:steps>
                <cc:eval id="Eval">
                    <cc:expression>props['stop'] = true</cc:expression>
                </cc:eval>
                <cc:xslt id="Xslt" url="INT0075 TALX Work Number and UCX Outbound_v2.xsl"/>
            </cc:steps>
            <cc:send-error id="SendError" routes-to="Call-Error-Route"/>
        </cc:async-mediation>

        <cc:send-error id="Global-Error-Handler" routes-to="Put-Global-Error_Msg"/>

        <cc:local-out id="Put-Global-Error_Msg" store-message="none" endpoint="vm://wcc/PutIntegrationMessage"><cc:set name="is.message.severity" value="'CRITICAL'"/><cc:set name="is.message.summary" value="context.errorMessage"/></cc:local-out>

        <cc:local-out id="Finish" store-message="none" endpoint="vm://wcc/PutIntegrationMessage"><cc:set name="is.message.severity" value="'INFO'"/><cc:set name="is.message.summary" value="'File attached.'"/><cc:set name="is.document.variable.name" value="'txt.file.out'"/><cc:set name="is.document.deliverable" value="'true'"/></cc:local-out>
        <cc:splitter id="Splitter">
            <cc:sub-route name="SubRoute" routes-to="Route"/>
            <cc:xml-stream-splitter namespaces="wd urn:com.workday.report/INT0075_TALX_Work_Number_and_UCX" xpath="/wd:Report_Data/wd:Report_Entry"/>
        </cc:splitter>
        <cc:aggregator id="Aggregate" routes-to="Store">
            <cc:size-batch-strategy batch-size="-1"/>
            <cc:message-content-collater>
        <cc:header-text>@{vars['header'].getText()}</cc:header-text>
        <cc:footer-text>@{vars['footer'].getText()}</cc:footer-text>
      </cc:message-content-collater>
        </cc:aggregator>
        <cc:async-mediation id="Store" routes-to="Finish">
            <cc:steps>
                <cc:store id="Store" output="variable" output-mimetype="text/xml" output-variable="txt.file.out" expiresIn="P180D" title="@{props['txt.file.name']}"/></cc:steps>
            <cc:send-error id="SendError" routes-to="Call-Error-Route"/>
        </cc:async-mediation>
        <cc:route id="Route">
            <cc:all-strategy/>
            <cc:sub-route name="Header" routes-to="Header"/>
            <cc:sub-route name="Footer" routes-to="Footer"/>
            <cc:sub-route name="Employee" routes-to="Transform"/>
        </cc:route>
        <cc:async-mediation id="Header" execute-steps-when="props['header.stop'] == false">
            <cc:steps>
                <cc:eval id="Eval">
                    <cc:expression>props['header.stop'] = true</cc:expression>
                </cc:eval>
                <cc:xslt id="Xslt" url="INT0075_Header.xsl"/>
                <cc:copy id="Copy" output="variable" output-mimetype="text/plain" output-variable="header"/>
            </cc:steps>
            <cc:send-error id="SendError" routes-to="Put-Error-Msg"/>
        </cc:async-mediation>
        <cc:async-mediation id="Footer" execute-steps-when="props['footer.stop'] == false">
            <cc:steps>
                <cc:eval id="Eval">
                    <cc:expression>props['footer.stop'] = true</cc:expression>
                </cc:eval>
                <cc:xslt id="Xslt" url="INT0075_Footer.xsl"/>
                <cc:copy id="Copy" output="variable" output-mimetype="text/plain" output-variable="footer"/>
            </cc:steps>
            <cc:send-error id="SendError" routes-to="Put-Error-Msg"/>
        </cc:async-mediation>
        <cc:local-out id="Put-Error-Msg" store-message="none" endpoint="vm://wcc/PutIntegrationMessage"><cc:set name="is.message.severity" value="'ERROR'"/><cc:set name="is.message.summary" value="'ERROR:          ' + context.errorMessage"/></cc:local-out>
        <cc:local-in id="Error-Route" routes-to="Put-Error-Msg"/>
        <cc:local-out id="Call-Error-Route" store-message="none" endpoint="Error-Route"/>
        <cc:async-mediation id="AsyncMediation" routes-to="Splitter">
            <cc:steps>
                <cc:store id="Store" output="variable" output-mimetype="text/xml" output-variable="report.out" createDocumentReference="true" expiresIn="P60D" title="ReportOut.xml"/>
            </cc:steps>
        </cc:async-mediation>
	</cc:assembly>

</beans>