<?xml version="1.0" encoding="UTF-8"?>
<beans
     xmlns="http://www.springframework.org/schema/beans"
     xmlns:beans="http://www.springframework.org/schema/beans"
     xmlns:atom="http://www.w3.org/2005/Atom"
     xmlns:cc="http://www.capeclear.com/assembly/10"
     xmlns:cloud="urn:com.workday/esb/cloud/10.0"
     xmlns:env="http://schemas.xmlsoap.org/soap/envelope/"
     xmlns:pi="urn:com.workday/picof"
     xmlns:wd="urn:com.workday/bsvc"
     xmlns:xsi="http://www.w3.org/2001/XMLSchema-instance">
 
	<cc:assembly id="WorkdayAssembly" version="2019.35">
        <cc:workday-in id="StartHere" routes-to="CallData">
            <cc:integration-system name="Alight - Get Integration Names where production delivery is missing">
        <cloud:report-service name="Do_Integration_Delivery_PROD_RS">
          <cloud:report-alias description="Alight - Is Production set for File Delivery" name="SystemID">
            <cloud:report-reference description="Alight - Is Production set for File Delivery" type="WID">c49f11b0201d0171a01c17c35b014b0d</cloud:report-reference>
          </cloud:report-alias>
        </cloud:report-service>
      </cc:integration-system>
        </cc:workday-in>
        <cc:workday-out-rest id="WorkdayOutRest" routes-response-to="Mid" extra-path="@{intsys.reportService.getExtrapath('SystemID')}"/>
        <cc:splitter id="Splitter">
            <cc:sub-route name="SubRoute" routes-to="Param"/>
            <cc:xml-stream-splitter namespaces="wd urn:com.workday.report/MSX_POV_Is_Production_set_for_File_Delivery" xpath="wd:Report_Data/wd:Report_Entry"/>
        </cc:splitter>
        <cc:async-mediation id="Mid" routes-to="Splitter" handle-downstream-errors="true">
            <cc:steps>
                <cc:eval id="Eval">
                    <cc:expression>props['close.batch'] = false ; props['close.batch.e'] = false</cc:expression>
                </cc:eval>
            </cc:steps>
            <cc:send-error id="SendError" routes-to="FirstPIM"/>
        </cc:async-mediation>
        <cc:local-out id="FirstPIM" endpoint="vm://wcc/PutIntegrationMessage"><cc:set name="is.message.severity" value="'INFO'"/><cc:set name="is.message.summary" value="'Error From Splitter'"/></cc:local-out>
        <cc:async-mediation id="Param" routes-to="Route0" handle-downstream-errors="true">
            <cc:steps>
                <cc:eval id="Eval">
                    <cc:expression>props['IntName'] = parts[0].xpath('wd:Report_Entry/wd:Integration_ID', 'wd urn:com.workday.report/MSX_POV_Is_Production_set_for_File_Delivery')</cc:expression>
                    <cc:expression>props['NameofInt'] = parts[0].xpath('wd:Report_Entry/wd:Integration_Name/@wd:Descriptor', 'wd urn:com.workday.report/MSX_POV_Is_Production_set_for_File_Delivery')</cc:expression>
                    <cc:expression>props['p.IntType'] = parts[0].xpath('wd:Report_Entry/wd:Integration_Template/@wd:Descriptor', 'wd urn:com.workday.report/MSX_POV_Is_Production_set_for_File_Delivery')</cc:expression>
                </cc:eval>
            </cc:steps>
            <cc:send-error id="SendError" routes-to="SecPIM"/>
        </cc:async-mediation>
        <cc:sync-mediation id="SyncMediation" routes-to="WorkdayOutSoap" handle-downstream-errors="true" routes-response-to="Log">
            <cc:request-steps>
                <cc:write id="Get">
                    <cc:message>
                        <cc:text>&lt;?xml version=&quot;1.0&quot; encoding=&quot;UTF-8&quot;?>&#xD;
&lt;soapenv:Envelope xmlns:soapenv=&quot;http://schemas.xmlsoap.org/soap/envelope/&quot; xmlns:bsvc=&quot;urn:com.workday/bsvc&quot;>&#xD;
   &lt;soapenv:Header/>&#xD;
   &lt;soapenv:Body>&#xD;
      &lt;bsvc:Get_Business_Process_Definitions_Request xmlns:wd=&quot;urn:com.workday/bsvc&quot; bsvc:version=&quot;v32.0&quot;>&#xD;
      &lt;bsvc:Request_Criteria>&#xD;
      &lt;bsvc:Integration_System_Reference>&#xD;
       &lt;bsvc:ID wd:type=&quot;Integration_System_ID&quot;>@{props['IntName']}&lt;/bsvc:ID>&#xD;
      &lt;/bsvc:Integration_System_Reference>&#xD;
      &lt;/bsvc:Request_Criteria>&#xD;
         &lt;bsvc:Response_Filter>&#xD;
            &lt;bsvc:Page>1&lt;/bsvc:Page>&#xD;
            &lt;bsvc:Count>100&lt;/bsvc:Count>&#xD;
         &lt;/bsvc:Response_Filter>&#xD;
      &lt;/bsvc:Get_Business_Process_Definitions_Request>&#xD;
   &lt;/soapenv:Body>&#xD;
&lt;/soapenv:Envelope></cc:text>
                    </cc:message>
                </cc:write>
            </cc:request-steps>
            <cc:response-steps>
                <cc:wrap-soap id="WrapSoap"/>
            </cc:response-steps>
            <cc:send-error id="SendError" routes-to="ThirdPIM"/>
        </cc:sync-mediation>
        <cc:workday-out-soap id="WorkdayOutSoap" application="Core_Implementation_Service" version="v32.0"/>
        <cc:local-out id="SecPIM" endpoint="vm://wcc/PutIntegrationMessage"><cc:set name="is.message.severity" value="'INFO'"/><cc:set name="is.message.summary" value="'Error from SOAP'"/></cc:local-out>
        <cc:async-mediation id="Log" routes-to="Route" handle-downstream-errors="true">
            <cc:steps>
                <cc:eval id="Eval">
                    <cc:expression>props['prod.present'] = parts[0].xpathB('/env:Envelope/env:Body/wd:Get_Business_Process_Definitions_Response/wd:Response_Data/wd:Business_Process_Definition/wd:Business_Process_Definition_Data/wd:Business_Process_Step_Data/wd:Document_Retrieval_Configuration_Data/wd:Integration_Data_Retrieval_Data[wd:Restricted_To_Environment_Reference/wd:ID[@wd:type=&quot;OMS_Environment_Type&quot;] = &quot;PROD&quot;]')</cc:expression>
                    <cc:expression>props['d.prod.present'] = parts[0].xpathB('/env:Envelope/env:Body/wd:Get_Business_Process_Definitions_Response/wd:Response_Data/wd:Business_Process_Definition/wd:Business_Process_Definition_Data/wd:Business_Process_Step_Data/wd:Document_Delivery_Configuration_Data/wd:Integration_Data_Communication_Data/wd:Restricted_To_Environment_Reference/wd:ID[@wd:type=&quot;OMS_Environment_Type&quot;] = &quot;PROD&quot;')</cc:expression>
                    <cc:expression>props['IsPresent'] = parts[0].xpathB('/env:Envelope/env:Body/wd:Get_Business_Process_Definitions_Response/wd:Response_Data/wd:Business_Process_Definition/wd:Business_Process_Definition_Data/wd:Integration_System_Reference/wd:ID')</cc:expression>
                    <cc:expression>props['Is.Setup'] = parts[0].xpathB('/env:Envelope/env:Body/wd:Get_Business_Process_Definitions_Response/wd:Response_Data/wd:Business_Process_Definition/wd:Business_Process_Definition_Data/wd:Business_Process_Step_Data/wd:Document_Delivery_Configuration_Data/wd:Transports_Using_Delivery_Configuration_Reference/wd:ID[@wd:type=&quot;Integration_Service_Name&quot;]')</cc:expression>
                </cc:eval>
                <cc:log id="Log">
                    <cc:log-message>
                        <cc:line-separator/>
                        <cc:text>*****************Values*************&#xD;
SystemID: @{props['IntName']}&#xD;
Name: @{props['NameofInt']}&#xD;
Prod Retrieval Present : @{props['prod.present']}&#xD;
Prod Delivery Present : @{props['d.prod.present']}&#xD;
Is Present: @{props['IsPresent']}&#xD;
Is Setup: @{props['Is.Setup']}</cc:text>
                        <cc:line-separator/>
                    </cc:log-message>
                </cc:log>
            </cc:steps>
            <cc:send-error id="SendError" routes-to="ThirdPIM"/>
        </cc:async-mediation>
        <cc:route id="Route">
            <cc:mvel-strategy>
                <cc:choose-route expression="props['IsPresent'] == false" route="False"/>
                <cc:choose-route expression="props['prod.present'] == true || props['d.prod.present'] == true || props['Is.Setup'] == true" route="InProd"/>
                <cc:choose-route expression="props['prod.present'] == false || props['d.prod.present'] == false || props['Is.Setup'] == false" route="NoPROD"/>
            </cc:mvel-strategy>
            <cc:sub-route name="NoPROD" routes-to="Write"/>
            <cc:sub-route name="InProd" routes-to="Yes"/>
            <cc:sub-route name="False" routes-to="Yes"/>
        </cc:route>
        <cc:async-mediation id="Write" routes-to="Aggregator">
            <cc:steps>
                <cc:write id="Write">
                    <cc:message>
                        <cc:text>@{props['NameofInt']}</cc:text>
                    </cc:message>
                </cc:write>
            </cc:steps>
        </cc:async-mediation>
        <cc:async-mediation id="Yes">
            <cc:steps>
                <cc:log id="Log">
                    <cc:log-message>
                        <cc:line-separator/>
                        <cc:text>Inegration Names for which we have PROD Delivery : @{props['NameofInt']}&#xD;
</cc:text>
                        <cc:line-separator/>
                    </cc:log-message>
                </cc:log>
            </cc:steps>
        </cc:async-mediation>
        <cc:aggregator id="Aggregator" routes-to="Store" collate-when="!props['close.batch']" force-batch-on-last-message="false" force-batch-when="props['close.batch']">
            <cc:size-batch-strategy batch-size="-1"/>
            <cc:message-content-collater>
        <cc:header-text>IntegrationNames@{'\n'}</cc:header-text>
        <cc:separator>\n</cc:separator>
      </cc:message-content-collater>
        </cc:aggregator>
        <cc:async-mediation id="Store">
            <cc:steps>
                <cc:store id="Store" expiresIn="P30D" title="List_of_OtherthanEIB_Integrations_Missing_Prod_Delivery.txt"/>
            </cc:steps>
        </cc:async-mediation>
        <cc:local-out id="ThirdPIM" endpoint="vm://wcc/PutIntegrationMessage"><cc:set name="is.message.severity" value="'ERROR'"/><cc:set name="is.message.summary" value="'Error from Route'"/></cc:local-out>
        <cc:local-in id="ProcessData" routes-to="WorkdayOutRest"/>
        <cc:local-out id="CallData" routes-response-to="CallIntBatch" endpoint="vm://Alight_Do_Integration_Delivery_PROD/ProcessData"/>
        <cc:local-in id="ForceIntBatch" routes-to="Aggregator"/>
        <cc:local-out id="CallIntBatch" routes-response-to="CallForceEIB" endpoint="vm://Alight_Do_Integration_Delivery_PROD/ForceIntBatch"><cc:set name="close.batch" value="true"/></cc:local-out>
        <cc:sync-mediation id="EIBMediation" routes-to="WorkdayOutEIB" handle-downstream-errors="true" routes-response-to="EIBLog">
            <cc:request-steps>
                <cc:write id="EIB">
                    <cc:message>
                        <cc:text>&lt;?xml version=&quot;1.0&quot; encoding=&quot;UTF-8&quot;?>&#xD;
&lt;env:Envelope&#xD;
    xmlns:env=&quot;http://schemas.xmlsoap.org/soap/envelope/&quot;&#xD;
    xmlns:xsd=&quot;http://www.w3.org/2001/XMLSchema&quot;>&#xD;
    &lt;env:Body>&#xD;
        &lt;wd:Get_Integration_Systems_Request&#xD;
            xmlns:wd=&quot;urn:com.workday/bsvc&quot;&#xD;
            wd:version=&quot;v32.0&quot;>&#xD;
            &lt;wd:Request_References>&#xD;
                &lt;wd:Integration_System_Reference>&#xD;
                    &lt;wd:ID wd:type=&quot;Integration_System_ID&quot;>@{props['IntName']}&lt;/wd:ID>&#xD;
                &lt;/wd:Integration_System_Reference>&#xD;
            &lt;/wd:Request_References>&#xD;
            &lt;wd:Response_Filter>&#xD;
                &lt;wd:Page>1&lt;/wd:Page>&#xD;
                &lt;wd:Count>100&lt;/wd:Count>&#xD;
            &lt;/wd:Response_Filter>&#xD;
            &lt;wd:Response_Group>&#xD;
                &lt;wd:Include_Reference>true&lt;/wd:Include_Reference>&#xD;
                &lt;wd:Show_Values_For_All_Environments>true&lt;/wd:Show_Values_For_All_Environments>&#xD;
            &lt;/wd:Response_Group>&#xD;
        &lt;/wd:Get_Integration_Systems_Request>&#xD;
    &lt;/env:Body>&#xD;
&lt;/env:Envelope></cc:text>
                    </cc:message>
                </cc:write>
            </cc:request-steps>
            <cc:response-steps>
                <cc:wrap-soap id="WrapSoap"/>
            </cc:response-steps>
            <cc:send-error id="SendError" routes-to="EIBPIM"/>
        </cc:sync-mediation>
        <cc:workday-out-soap id="WorkdayOutEIB" application="Integrations" version="v32.0"/>
        <cc:route id="Route0">
            <cc:mvel-strategy>
                <cc:choose-route expression="props['p.IntType'] == 'Enterprise Interface Builder'" route="EIB"/>
                <cc:choose-route expression="props['p.IntType'] != 'Enterprise Interface Builder'" route="Packg"/>
            </cc:mvel-strategy>
            <cc:sub-route name="Packg" routes-to="CallPKG"/>
            <cc:sub-route name="EIB" routes-to="CallEIB"/>
        </cc:route>
        <cc:async-mediation id="EIBLog" routes-to="Route1" handle-downstream-errors="true">
            <cc:steps>
                <cc:eval id="Eval">
                    <cc:expression>props['e.prod.present'] = parts[0].xpathB('/env:Envelope/env:Body/wd:Get_Integration_Systems_Response/wd:Response_Data/wd:Integration_System/wd:Integration_System_Data/wd:Integration_Service_Data/wd:Job_Integration_Delivery_Configuration_Data/wd:Integration_Transport_Protocol_Assignment_Data[wd:Restricted_To_Environment_Reference/wd:ID[@wd:type=&quot;OMS_Environment_Type&quot;] = &quot;PROD&quot;]')</cc:expression>
                </cc:eval>
                <cc:log id="Log">
                    <cc:log-message>
                        <cc:text>&#xD;
&#xD;
&#xD;
*****************EIBLOG***********************&#xD;
Valueof EIB: @{props['prod.present']}</cc:text>
                    </cc:log-message>
                </cc:log>
            </cc:steps>
            <cc:send-error id="SendError" routes-to="EIBPIM"/>
        </cc:async-mediation>
        <cc:local-out id="EIBPIM" endpoint="vm://wcc/PutIntegrationMessage"><cc:set name="is.message.severity" value="'INFO'"/><cc:set name="is.message.summary" value="'EIB Issue'"/></cc:local-out>
        <cc:local-in id="ProcessPKG" routes-to="SyncMediation"/>
        <cc:local-in id="ProcessEIB" routes-to="EIBMediation"/>
        <cc:local-out id="CallPKG" endpoint="vm://Alight_Do_Integration_Delivery_PROD/ProcessPKG"/>
        <cc:local-out id="CallEIB" endpoint="vm://Alight_Do_Integration_Delivery_PROD/ProcessEIB"/>
        <cc:route id="Route1">
            <cc:mvel-strategy>
                <cc:choose-route expression="props['e.prod.present'] == true " route="InProd"/>
                <cc:choose-route expression="props['e.prod.present'] == false " route="NoProd"/>
            </cc:mvel-strategy>
            <cc:sub-route name="NoProd" routes-to="Write1"/>
            <cc:sub-route name="InProd" routes-to="Log1"/>
        </cc:route>
        <cc:async-mediation id="Write1" routes-to="AggregatEIB">
            <cc:steps>
                <cc:write id="Write">
                    <cc:message>
                        <cc:text>@{props['NameofInt']}</cc:text>
                    </cc:message>
                </cc:write>
            </cc:steps>
        </cc:async-mediation>
        <cc:async-mediation id="Log1">
            <cc:steps>
                <cc:log id="Log">
                    <cc:log-message>
                        <cc:line-separator/>
                        <cc:text>----------Do Nothing ---------------</cc:text>
                        <cc:line-separator/>
                    </cc:log-message>
                </cc:log>
            </cc:steps>
        </cc:async-mediation>
        <cc:aggregator id="AggregatEIB" routes-to="StoreEIB" collate-when="!props['close.batch.e']" force-batch-when="props['close.batch.e']">
            <cc:size-batch-strategy batch-size="-1"/>
            <cc:message-content-collater>
        <cc:header-text>IntegrationNames@{'\n'}</cc:header-text>
        <cc:separator>\n</cc:separator>
      </cc:message-content-collater>
        </cc:aggregator>
        <cc:local-in id="ForceEIB" routes-to="AggregatEIB"/>
        <cc:async-mediation id="StoreEIB">
            <cc:steps>
                <cc:store id="Store" expiresIn="P90D" title="List_of_EIB_Integrations_Missing_Prod_Delivery.txt"/>
            </cc:steps>
        </cc:async-mediation>
        <cc:local-out id="CallForceEIB" endpoint="vm://Alight_Do_Integration_Delivery_PROD/ForceEIB"><cc:set name="close.batch.e" value="true"/></cc:local-out>
        <cc:send-error id="global-error-handler" rethrow-error="false" routes-to="Note-Error"/>
        <cc:local-out id="Note-Error" endpoint="vm://wcc/PutIntegrationMessage">
            <cc:set name="is.message.severity" value="'CRITICAL'"/>
            <cc:set name="is.message.summary" value="context.errorMessage"/>
        </cc:local-out>
	</cc:assembly>

</beans>