<?xml version="1.0" encoding="UTF-8"?>
<wdnm:Diagram xmlns:wdnm="http://workday.com/studio/editors/notation">
  <element href="assembly.xml#WorkdayAssembly"/>
  <visualProperties x="541" y="186">
    <element href="assembly.xml#Call-GetData"/>
  </visualProperties>
  <visualProperties x="66" y="188">
    <element href="assembly.xml#StartHere"/>
  </visualProperties>
  <visualProperties x="232" y="481">
    <element href="assembly.xml#GetData"/>
  </visualProperties>
  <visualProperties x="397" y="558">
    <element href="assembly.xml#GetLoanData"/>
  </visualProperties>
  <visualProperties x="437" y="708">
    <element href="assembly.xml#PIM-Report-Err"/>
  </visualProperties>
  <visualProperties x="588" y="644">
    <element href="assembly.xml#WorkdayOutRest"/>
  </visualProperties>
  <visualProperties x="811" y="633">
    <element href="assembly.xml#StoreDeduction"/>
  </visualProperties>
  <visualProperties x="1049" y="641">
    <element href="assembly.xml#PIM-OutputErr"/>
  </visualProperties>
  <visualProperties x="318" y="807">
    <element href="assembly.xml#//@beans/@mixed.1/@mixed.17"/>
  </visualProperties>
  <visualProperties x="623" y="807">
    <element href="assembly.xml#Note-Error"/>
  </visualProperties>
  <visualProperties x="740" y="183">
    <element href="assembly.xml#Call-GetTerms"/>
  </visualProperties>
  <visualProperties x="301" y="860">
    <element href="assembly.xml#GetTerms"/>
  </visualProperties>
  <visualProperties x="408" y="906">
    <element href="assembly.xml#GetTermData"/>
  </visualProperties>
  <visualProperties x="557" y="971">
    <element href="assembly.xml#PIM-Term_Err"/>
  </visualProperties>
  <visualProperties x="591" y="989">
    <element href="assembly.xml#WorkdayOutTerms"/>
  </visualProperties>
  <visualProperties x="872" y="1230">
    <element href="assembly.xml#StoreTerm"/>
  </visualProperties>
  <visualProperties x="997" y="1230">
    <element href="assembly.xml#PIM-OutputErr0"/>
  </visualProperties>
  <visualProperties x="942" y="183">
    <element href="assembly.xml#Call-PrepareOutput"/>
  </visualProperties>
  <visualProperties x="301" y="1434">
    <element href="assembly.xml#PrepareOutput"/>
  </visualProperties>
  <visualProperties x="405" y="1480">
    <element href="assembly.xml#Agg.Data"/>
  </visualProperties>
  <visualProperties x="529" y="1545">
    <element href="assembly.xml#PIM-AggDataErrors"/>
  </visualProperties>
  <visualProperties x="632" y="1563">
    <element href="assembly.xml#StackRoute"/>
  </visualProperties>
  <visualProperties x="873" y="1578">
    <element href="assembly.xml#DedData"/>
  </visualProperties>
  <visualProperties x="986" y="1578">
    <element href="assembly.xml#TermData"/>
  </visualProperties>
  <visualProperties x="977" y="1578">
    <element href="assembly.xml#FileAggregator"/>
  </visualProperties>
  <visualProperties x="1208" y="1419">
    <element href="assembly.xml#FormatFie"/>
  </visualProperties>
  <visualProperties x="1573" y="1434">
    <element href="assembly.xml#PIM-fileErrors"/>
  </visualProperties>
  <visualProperties x="1573" y="1367">
    <element href="assembly.xml#PIM-StoreOutput"/>
  </visualProperties>
  <connections type="routesTo">
    <source href="assembly.xml#//@beans/@mixed.1/@mixed.7/@mixed.3"/>
    <target href="assembly.xml#PIM-Report-Err"/>
  </connections>
  <connections type="routesTo">
    <source href="assembly.xml#GetLoanData"/>
    <target href="assembly.xml#WorkdayOutRest"/>
  </connections>
  <connections type="routesResponseTo">
    <source href="assembly.xml#WorkdayOutRest"/>
    <target href="assembly.xml#StoreDeduction"/>
  </connections>
  <connections type="routesTo">
    <source href="assembly.xml#//@beans/@mixed.1/@mixed.13/@mixed.3"/>
    <target href="assembly.xml#PIM-OutputErr"/>
  </connections>
  <connections type="routesTo" sourceAnchorX="0.9669421487603306" sourceAnchorY="0.43243243243243246" targetAnchorX="0.06060606060606061" targetAnchorY="0.3783783783783784">
    <source href="assembly.xml#//@beans/@mixed.1/@mixed.17"/>
    <target href="assembly.xml#Note-Error"/>
  </connections>
  <connections type="routesTo">
    <source href="assembly.xml#GetData"/>
    <target href="assembly.xml#GetLoanData"/>
  </connections>
  <connections type="routesResponseTo">
    <source href="assembly.xml#Call-GetData"/>
    <target href="assembly.xml#Call-GetTerms"/>
  </connections>
  <connections type="routesTo">
    <source href="assembly.xml#GetTerms"/>
    <target href="assembly.xml#GetTermData"/>
  </connections>
  <connections type="routesTo">
    <source href="assembly.xml#//@beans/@mixed.1/@mixed.25/@mixed.3"/>
    <target href="assembly.xml#PIM-Term_Err"/>
  </connections>
  <connections type="routesTo">
    <source href="assembly.xml#GetTermData"/>
    <target href="assembly.xml#WorkdayOutTerms"/>
  </connections>
  <connections type="routesResponseTo">
    <source href="assembly.xml#WorkdayOutTerms"/>
    <target href="assembly.xml#StoreTerm"/>
  </connections>
  <connections type="routesTo">
    <source href="assembly.xml#//@beans/@mixed.1/@mixed.31/@mixed.3"/>
    <target href="assembly.xml#PIM-OutputErr0"/>
  </connections>
  <connections type="routesResponseTo">
    <source href="assembly.xml#Call-GetTerms"/>
    <target href="assembly.xml#Call-PrepareOutput"/>
  </connections>
  <connections type="routesTo">
    <source href="assembly.xml#PrepareOutput"/>
    <target href="assembly.xml#Agg.Data"/>
  </connections>
  <connections type="routesTo">
    <source href="assembly.xml#//@beans/@mixed.1/@mixed.39/@mixed.3"/>
    <target href="assembly.xml#PIM-AggDataErrors"/>
  </connections>
  <connections type="routesTo">
    <source href="assembly.xml#Agg.Data"/>
    <target href="assembly.xml#StackRoute"/>
  </connections>
  <connections type="routesTo">
    <source href="assembly.xml#//@beans/@mixed.1/@route.0/@subRoute.0"/>
    <target href="assembly.xml#DedData"/>
  </connections>
  <connections type="routesTo">
    <source href="assembly.xml#//@beans/@mixed.1/@route.0/@subRoute.1"/>
    <target href="assembly.xml#TermData"/>
  </connections>
  <connections type="routesTo">
    <source href="assembly.xml#DedData"/>
    <target href="assembly.xml#FileAggregator"/>
  </connections>
  <connections type="routesTo">
    <source href="assembly.xml#TermData"/>
    <target href="assembly.xml#FileAggregator"/>
  </connections>
  <connections type="routesTo">
    <source href="assembly.xml#FileAggregator"/>
    <target href="assembly.xml#FormatFie"/>
  </connections>
  <connections type="routesTo">
    <source href="assembly.xml#//@beans/@mixed.1/@mixed.51/@mixed.3"/>
    <target href="assembly.xml#PIM-fileErrors"/>
  </connections>
  <connections type="routesTo">
    <source href="assembly.xml#FormatFie"/>
    <target href="assembly.xml#PIM-StoreOutput"/>
  </connections>
  <connections type="routesTo" sourceAnchorX="1.0" sourceAnchorY="0.5135135135135135" targetAnchorX="0.2109375" targetAnchorY="0.43243243243243246">
    <source href="assembly.xml#StartHere"/>
    <target href="assembly.xml#Call-GetData"/>
  </connections>
  <swimlanes x="26" y="11" font="Calibri|14|1" bgColor="32896" fontColor="1" name="INT5320 Educational Loan Deductions outbound" orientation="VERTICAL" elements="//@swimlanes.2 //@swimlanes.1 //@swimlanes.6 //@swimlanes.9 //@swimlanes.5" labelAlignment="LEFT"/>
  <swimlanes x="370" y="132" font="Calibri|12|1" fontColor="1" name="Get Payroll Results Data" alignment="MIDDLE" labelAlignment="LEFT">
    <elements href="assembly.xml#GetData"/>
    <elements href="#//@swimlanes.3"/>
    <elements href="assembly.xml#WorkdayOutRest"/>
    <elements href="#//@swimlanes.4"/>
  </swimlanes>
  <swimlanes x="729" y="148" font="Calibri|12|1" fontColor="1" name="Main" labelAlignment="LEFT">
    <elements href="assembly.xml#StartHere"/>
    <elements href="assembly.xml#Call-GetData"/>
    <elements href="assembly.xml#Call-GetTerms"/>
    <elements href="assembly.xml#Call-PrepareOutput"/>
  </swimlanes>
  <swimlanes x="337" y="529" orientation="VERTICAL">
    <elements href="assembly.xml#GetLoanData"/>
    <elements href="assembly.xml#PIM-Report-Err"/>
  </swimlanes>
  <swimlanes x="908" y="589" orientation="VERTICAL">
    <elements href="assembly.xml#StoreDeduction"/>
    <elements href="assembly.xml#PIM-OutputErr"/>
  </swimlanes>
  <swimlanes x="304" y="867" font="Calibri|12|1" bgColor="255" fontColor="1" name="Global Error Handler" alignment="MIDDLE" labelAlignment="LEFT">
    <elements href="assembly.xml#Note-Error"/>
    <elements href="assembly.xml#//@beans/@mixed.1/@mixed.17"/>
  </swimlanes>
  <swimlanes x="262" y="826" font="Calibri|12|1" fontColor="1" name="Get Employees with Term and Leave Status" alignment="MIDDLE" labelAlignment="LEFT">
    <elements href="assembly.xml#GetTerms"/>
    <elements href="#//@swimlanes.7"/>
    <elements href="assembly.xml#WorkdayOutTerms"/>
    <elements href="#//@swimlanes.8"/>
  </swimlanes>
  <swimlanes x="363" y="883" orientation="VERTICAL">
    <elements href="assembly.xml#GetTermData"/>
    <elements href="assembly.xml#PIM-Term_Err"/>
  </swimlanes>
  <swimlanes x="808" y="1155" orientation="VERTICAL">
    <elements href="assembly.xml#StoreTerm"/>
    <elements href="assembly.xml#PIM-OutputErr0"/>
  </swimlanes>
  <swimlanes x="287" y="1380" font="Calibri|12|1" fontColor="1" name="Combine and format" alignment="MIDDLE" labelAlignment="LEFT">
    <elements href="assembly.xml#PrepareOutput"/>
    <elements href="#//@swimlanes.10"/>
    <elements href="assembly.xml#StackRoute"/>
    <elements href="#//@swimlanes.11"/>
    <elements href="#//@swimlanes.13"/>
    <elements href="#//@swimlanes.12"/>
    <elements href="assembly.xml#PIM-StoreOutput"/>
  </swimlanes>
  <swimlanes x="366" y="1438" orientation="VERTICAL" alignment="MIDDLE">
    <elements href="assembly.xml#Agg.Data"/>
    <elements href="assembly.xml#PIM-AggDataErrors"/>
  </swimlanes>
  <swimlanes x="819" y="1513" orientation="VERTICAL" alignment="MIDDLE">
    <elements href="assembly.xml#DedData"/>
    <elements href="assembly.xml#TermData"/>
  </swimlanes>
  <swimlanes x="1547" y="1432" orientation="VERTICAL" alignment="MIDDLE">
    <elements href="assembly.xml#FormatFie"/>
    <elements href="assembly.xml#PIM-fileErrors"/>
  </swimlanes>
  <swimlanes x="695" y="1274" name="" orientation="VERTICAL" alignment="MIDDLE" labelAlignment="LEFT">
    <elements href="assembly.xml#FileAggregator"/>
  </swimlanes>
</wdnm:Diagram>
