<?xml version="1.0" encoding="UTF-8"?>
<beans
     xmlns="http://www.springframework.org/schema/beans"
     xmlns:beans="http://www.springframework.org/schema/beans"
     xmlns:atom="http://www.w3.org/2005/Atom"
     xmlns:cc="http://www.capeclear.com/assembly/10"
     xmlns:cloud="urn:com.workday/esb/cloud/10.0"
     xmlns:env="http://schemas.xmlsoap.org/soap/envelope/"
     xmlns:pi="urn:com.workday/picof"
     xmlns:wd="urn:com.workday/bsvc"
     xmlns:xsi="http://www.w3.org/2001/XMLSchema-instance">
 
	<cc:assembly id="WorkdayAssembly" version="2023.15">
        <cc:local-out id="Call-GetData" store-message="none" routes-response-to="Call-GetTerms" endpoint="vm://INT5320-Educational-Loan-Deductions-Outbound/GetData"/>
        <cc:workday-in id="StartHere" routes-to="Call-GetData">
            <cc:integration-system name="INT5320 Educational Loan Deductions Outbound">
        <cloud:param name="Start_Date">
          <cloud:type>
            <cloud:simple-type>datetime</cloud:simple-type>
          </cloud:type>
          <cloud:default>
            <cloud:class-report-field description="As Of Entry DateTime of Last Completed Integration Event" type="WID">505b87f367e4447680293f806a11b15b</cloud:class-report-field>
          </cloud:default>
          <cloud:launch-option>required</cloud:launch-option>
        </cloud:param>
        <cloud:param name="End_Date">
          <cloud:type>
            <cloud:simple-type>datetime</cloud:simple-type>
          </cloud:type>
          <cloud:default>
            <cloud:class-report-field description="Current Moment (DateTime)" type="WID">df4effe76deb4222a79001d6737cf91c</cloud:class-report-field>
          </cloud:default>
          <cloud:launch-option>required</cloud:launch-option>
        </cloud:param>
        <cloud:attribute-map-service name="INT5320-Generic">
          <cloud:attribute name="Document Retention">
            <cloud:type>
              <cloud:simple-type>number</cloud:simple-type>
            </cloud:type>
            <cloud:display-option>required-for-launch</cloud:display-option>
          </cloud:attribute>
          <cloud:attribute name="Debug Mode">
            <cloud:type>
              <cloud:simple-type>boolean</cloud:simple-type>
            </cloud:type>
            <cloud:display-option>required-for-launch</cloud:display-option>
          </cloud:attribute>
        </cloud:attribute-map-service>
        <cloud:sequence-generator-service name="INT5320-Sequences">
          <cloud:sequencer>INT5320-Output-File</cloud:sequencer>
        </cloud:sequence-generator-service>
        <cloud:report-service name="INT5320-Reports">
          <cloud:report-alias description="CR INT5320 - Educational Loan Deductions Outbound" name="INT5320-Educational-Loan-Deductions">
            <cloud:report-reference description="CR INT5320 - Educational Loan Deductions Outbound" type="WID">0a58f00cd367100b91f582409a0b0000</cloud:report-reference>
          </cloud:report-alias>
          <cloud:report-alias description="INT5320 Educational Loan Term and Leave" name="INT5320-Educational-Loan-Term">
            <cloud:report-reference description="CR INT5320 - Educational Loan Term and Leave" type="WID">0a58f00cd367100cd39e6dd3aa4b0000</cloud:report-reference>
          </cloud:report-alias>
        </cloud:report-service>
      </cc:integration-system>
        </cc:workday-in>
        <cc:local-in id="GetData" routes-to="GetLoanData"/>
        <cc:async-mediation id="GetLoanData" routes-to="WorkdayOutRest">
            <cc:steps>
                <cc:eval id="LPandAttr">
                    <cc:expression>props['intsys.name'] = intsys.getName();</cc:expression>
                    <cc:expression>props['ia.doc.ret.pol'] = intsys.getAttribute('Document Retention');</cc:expression>
                    <cc:expression>props['ia.debug.mode'] = (Boolean) intsys.getAttribute('Debug Mode');</cc:expression>
                    <cc:expression>props['pFileName'] = lp.getSequencedValue('INT5320-Output-File');</cc:expression>
                    <cc:expression>props['pStartDateTime'] = lp.getSimpleData('Start_Date');</cc:expression>
                    <cc:expression>props['pEndDateTime'] = lp.getSimpleData('End_Date');</cc:expression>
                </cc:eval>
                <cc:eval id="Eval">
                    <cc:expression>props['pExtraPath'] = intsys.reportService.getExtrapath('INT5320-Educational-Loan-Deductions');</cc:expression>
                    <cc:expression>props['pExtraPath'] = props['pExtraPath'] # '?Start_Date=' # props['pStartDateTime'];</cc:expression>
                    <cc:expression>props['pExtraPath'] = props['pExtraPath'] # '&amp;End_Date=' # props['pEndDateTime'];</cc:expression>
                </cc:eval>
            </cc:steps>
            <cc:send-error id="SendError" routes-to="PIM-Report-Err"/>
        </cc:async-mediation>
        <cc:local-out id="PIM-Report-Err" endpoint="vm://wcc/PutIntegrationMessage"><cc:set name="is.message.severity" value="'ERROR'"/><cc:set name="is.message.summary" value="'Error occurred at - '#context.errorComponentId#'. Error Message : '#util.cleanString(context.errorMessage)"/></cc:local-out>
        <cc:workday-out-rest id="WorkdayOutRest" routes-response-to="StoreDeduction" extra-path="@{props['pExtraPath']}"/>
        <cc:async-mediation id="StoreDeduction">
            <cc:steps>
                <cc:xslt-plus id="XsltPlus" output="variable" output-variable="vOutputDedDataXML" url="INT5320_Transform_Pay_Results_Data_v1.xsl"/>
                <cc:store execute-when="props['ia.debug.mode']" id="Store" output="variable" output-variable="vOutputDedDataXMLStore" input="variable" input-variable="vOutputDedDataXML" expiresIn="P@{props['ia.doc.ret.pol']}D" title="INT5320 Employee Payroll Data with Education Loans.xml"/>
            </cc:steps>
            <cc:send-error id="SendError" routes-to="PIM-OutputErr"/>
        </cc:async-mediation>
        <cc:local-out id="PIM-OutputErr" endpoint="vm://wcc/PutIntegrationMessage">
            <cc:set name="is.message.severity" value="'ERROR'"/>
            <cc:set name="is.message.summary" value="'Error occurred at - '#context.errorComponentId#'. Error Message : '#util.cleanString(context.errorMessage)"/>
        </cc:local-out>
        <cc:send-error id="global-error-handler" rethrow-error="false" routes-to="Note-Error"/>
        <cc:local-out id="Note-Error" endpoint="vm://wcc/PutIntegrationMessage">
            <cc:set name="is.message.severity" value="'CRITICAL'"/>
            <cc:set name="is.message.summary" value="context.errorMessage"/>
        </cc:local-out>
        <cc:local-out id="Call-GetTerms" store-message="none" routes-response-to="Call-PrepareOutput" endpoint="vm://INT5320-Educational-Loan-Deductions-Outbound/GetTerms"/>
        <cc:local-in id="GetTerms" routes-to="GetTermData"/>
        <cc:async-mediation id="GetTermData" routes-to="WorkdayOutTerms">
            <cc:steps>
                <cc:eval id="Eval">
                    <cc:expression>props['pExtraPath'] = intsys.reportService.getExtrapath('INT5320-Educational-Loan-Term');</cc:expression>
                    <cc:expression>props['pExtraPath'] = props['pExtraPath'] # '?Start_Date=' # props['pStartDateTime'];</cc:expression>
                    <cc:expression>props['pExtraPath'] = props['pExtraPath'] # '&amp;End_Date=' # props['pEndDateTime'];</cc:expression>
                </cc:eval>
            </cc:steps>
            <cc:send-error id="SendError" routes-to="PIM-Term_Err"/>
        </cc:async-mediation>
        <cc:local-out id="PIM-Term_Err" endpoint="vm://wcc/PutIntegrationMessage">
            <cc:set name="is.message.severity" value="'ERROR'"/>
            <cc:set name="is.message.summary" value="'Error occurred at - '#context.errorComponentId#'. Error Message : '#util.cleanString(context.errorMessage)"/>
        </cc:local-out>
        <cc:workday-out-rest id="WorkdayOutTerms" routes-response-to="StoreTerm" extra-path="@{props['pExtraPath']}"/>
        <cc:async-mediation id="StoreTerm">
            <cc:steps>
                <cc:xslt-plus id="XsltPlus" output="variable" output-variable="vOutputTermDataXML" url="INT5320_Transform_Employee_Data_v1.xsl"/>
                <cc:store execute-when="props['ia.debug.mode']" id="Store" output="variable" output-variable="vOutputTermDataXMLStore" input="variable" input-variable="vOutputTermDataXML" expiresIn="P@{props['ia.doc.ret.pol']}D" title="INT5320 Employees with Term and Leave Status.xml"/>
            </cc:steps>
            <cc:send-error id="SendError" routes-to="PIM-OutputErr0"/>
        </cc:async-mediation>
        <cc:local-out id="PIM-OutputErr0" endpoint="vm://wcc/PutIntegrationMessage">
            <cc:set name="is.message.severity" value="'ERROR'"/>
            <cc:set name="is.message.summary" value="'Error occurred at - '#context.errorComponentId#'. Error Message : '#util.cleanString(context.errorMessage)"/>
        </cc:local-out>
        <cc:local-out id="Call-PrepareOutput" store-message="none" endpoint="vm://INT5320-Educational-Loan-Deductions-Outbound/PrepareOutput"/>
        <cc:local-in id="PrepareOutput" routes-to="Agg.Data"/>
        <cc:async-mediation id="Agg.Data" routes-to="StackRoute" handle-downstream-errors="true">
            <cc:steps>
                <cc:eval id="Eval">
                    <cc:expression>props['close.stacker'] = false;</cc:expression>
                </cc:eval>
            </cc:steps>
            <cc:send-error id="SendError" routes-to="PIM-AggDataErrors"/>
        </cc:async-mediation>
        <cc:local-out id="PIM-AggDataErrors" endpoint="vm://wcc/PutIntegrationMessage">
            <cc:set name="is.message.severity" value="'ERROR'"/>
            <cc:set name="is.message.summary" value="'Error occurred at - '#context.errorComponentId#'. Error Message : '#util.cleanString(context.errorMessage)"/>
            <cc:set name="is.message.detail" value="context.errorMessage"/>
        </cc:local-out>
        <cc:route id="StackRoute">
            <cc:all-strategy/>
            <cc:sub-route name="DedData" routes-to="DedData"/>
            <cc:sub-route name="TermData" routes-to="TermData"/>
        </cc:route>
        <cc:async-mediation id="DedData" routes-to="FileAggregator">
            <cc:steps>
                <cc:copy id="VarToMsg" input="variable" input-variable="vOutputDedDataXML"/>
            </cc:steps>
        </cc:async-mediation>
        <cc:async-mediation id="TermData" routes-to="FileAggregator">
            <cc:steps>
                <cc:eval id="Eval">
                    <cc:expression>props['close.stacker'] = true;</cc:expression>
                </cc:eval>
                <cc:copy id="VarToMsg" input="variable" input-variable="vOutputTermDataXML"/>
            </cc:steps>
        </cc:async-mediation>
        <cc:aggregator id="FileAggregator" routes-to="FormatFie" collate-when="true" force-batch-on-last-message="false" force-batch-when="props['close.stacker']">
            <cc:size-batch-strategy batch-size="5"/>
            <cc:xml-message-content-collater output="variable" output-variable="vAggregatedDataXML">
        <cc:header-text>&lt;MasterRoot></cc:header-text>
        <cc:footer-text>&lt;/MasterRoot></cc:footer-text>
      </cc:xml-message-content-collater>
        </cc:aggregator>
        <cc:async-mediation id="FormatFie" routes-to="PIM-StoreOutput">
            <cc:steps>
                <cc:store execute-when="props['ia.debug.mode']" id="Store1" output="variable" output-variable="vAggregatedDataXMLStore" input="variable" input-variable="vAggregatedDataXML" expiresIn="P@{props['ia.doc.ret.pol']}D" title="INT5080_Aggreagated_Data.xml"/>
                <cc:eval id="Eval">
                    <cc:expression>props['pEndDateTime'] = lp.getSimpleData('End_Date');</cc:expression>
                    <cc:expression>props['effDateString']=lp.getDate('End_Date')</cc:expression>
                    <cc:expression>props['effDate'] = new java.text.SimpleDateFormat(&quot;yyyy-MM-dd&quot;).parse(props['effDateString'])</cc:expression>
                    <cc:expression>props['effDate1'] = new java.text.SimpleDateFormat(&quot;yyyy-MM-dd&quot;).parse(lp.getDate('End_Date'))</cc:expression>
                </cc:eval>
                <cc:xslt-plus id="XsltPlus" input="variable" input-variable="vAggregatedDataXML" url="INT5320_Prepare_Output_Report_v2.xsl"/>
                <cc:store id="Store" output="variable" output-variable="vOutputDataStore" expiresIn="P@{props['ia.doc.ret.pol']}D" title="@{props['pFileName']}"/>
            </cc:steps>
            <cc:send-error id="SendError" routes-to="PIM-fileErrors"/>
        </cc:async-mediation>
        <cc:local-out id="PIM-fileErrors" endpoint="vm://wcc/PutIntegrationMessage">
            <cc:set name="is.message.severity" value="'ERROR'"/>
            <cc:set name="is.message.summary" value="'Error occurred at - '#context.errorComponentId#'. Error Message : '#util.cleanString(context.errorMessage)"/>
            <cc:set name="is.message.detail" value="context.errorMessage"/>
        </cc:local-out>
        <cc:local-out id="PIM-StoreOutput" endpoint="vm://wcc/PutIntegrationMessage">
            <cc:set name="is.message.severity" value="'INFO'"/>
            <cc:set name="is.message.summary" value="'Output Data File Stored Successfully.'"/>
            <cc:set name="is.document.variable.name" value="&quot;vOutputDataStore&quot;"/>
            <cc:set name="is.document.file.name" value="props['pFileName']"/>
            <cc:set name="is.document.labels" value="&quot;INT5320_Output_Data&quot;"/>
        </cc:local-out>
	</cc:assembly>

</beans>