<?xml version="1.0" encoding="UTF-8"?>
<wdnm:Diagram xmlns:wdnm="http://workday.com/studio/editors/notation">
  <element href="assembly.xml#WorkdayAssembly"/>
  <visualProperties x="367" y="170">
    <element href="assembly.xml#StartHere"/>
  </visualProperties>
  <visualProperties x="424" y="185">
    <element href="assembly.xml#CallJobReq"/>
  </visualProperties>
  <visualProperties x="87" y="259">
    <element href="assembly.xml#GetJobReq"/>
  </visualProperties>
  <visualProperties x="94" y="524">
    <element href="assembly.xml#AssignRoles"/>
  </visualProperties>
  <visualProperties x="210" y="263">
    <element href="assembly.xml#AsyncMediation"/>
  </visualProperties>
  <visualProperties x="245" y="549">
    <element href="assembly.xml#AsyncMediation2"/>
  </visualProperties>
  <visualProperties x="1164" y="381">
    <element href="assembly.xml#CallCustomReport"/>
  </visualProperties>
  <visualProperties x="320" y="298">
    <element href="assembly.xml#AsyncMediation3"/>
  </visualProperties>
  <visualProperties x="1416" y="831">
    <element href="assembly.xml#CallWebService0"/>
  </visualProperties>
  <visualProperties x="1160" y="951">
    <element href="assembly.xml#SuccessLog0"/>
  </visualProperties>
  <visualProperties x="330" y="1141">
    <element href="assembly.xml#PutIntegrationMessage0"/>
  </visualProperties>
  <visualProperties x="1091" y="347">
    <element href="assembly.xml#Route"/>
  </visualProperties>
  <visualProperties x="1361" y="364">
    <element href="assembly.xml#CallAssignRoles"/>
  </visualProperties>
  <visualProperties x="1467" y="436">
    <element href="assembly.xml#CallAssignRoles0"/>
  </visualProperties>
  <visualProperties>
    <element href="assembly.xml#AssignRoles0"/>
  </visualProperties>
  <visualProperties>
    <element href="assembly.xml#AsyncMediation20"/>
  </visualProperties>
  <visualProperties>
    <element href="assembly.xml#PutIntegrationMessage00"/>
  </visualProperties>
  <visualProperties>
    <element href="assembly.xml#CallWebService00"/>
  </visualProperties>
  <visualProperties>
    <element href="assembly.xml#SuccessLog00"/>
  </visualProperties>
  <visualProperties>
    <element href="assembly.xml#SuccessEmailout"/>
  </visualProperties>
  <visualProperties>
    <element href="assembly.xml#AsyncMediation4"/>
  </visualProperties>
  <visualProperties x="2422" y="1082">
    <element href="assembly.xml#EmailOut0"/>
  </visualProperties>
  <visualProperties x="1538" y="407">
    <element href="assembly.xml#WorkdayOutRest"/>
  </visualProperties>
  <visualProperties x="2018" y="360">
    <element href="assembly.xml#WorkdayOutRest0"/>
  </visualProperties>
  <visualProperties x="1678" y="389">
    <element href="assembly.xml#AsyncMediation0"/>
  </visualProperties>
  <visualProperties x="1938" y="421">
    <element href="assembly.xml#AsyncMediation1"/>
  </visualProperties>
  <visualProperties x="2446" y="1100">
    <element href="assembly.xml#PutIntegrationMessage3"/>
  </visualProperties>
  <visualProperties x="2166" y="1060">
    <element href="assembly.xml#AuditFile"/>
  </visualProperties>
  <visualProperties x="2204" y="1053">
    <element href="assembly.xml#CallAuditFile0"/>
  </visualProperties>
  <visualProperties x="36" y="713">
    <element href="assembly.xml#CallAuditFile1"/>
  </visualProperties>
  <visualProperties x="2184" y="1476">
    <element href="assembly.xml#SuccessLog000"/>
  </visualProperties>
  <visualProperties x="2196" y="1496">
    <element href="assembly.xml#PutIntegrationMessage30"/>
  </visualProperties>
  <visualProperties x="758" y="1524">
    <element href="assembly.xml#CallErrorEmailOut"/>
  </visualProperties>
  <visualProperties x="2350" y="1384">
    <element href="assembly.xml#CallSuccessEmailOut"/>
  </visualProperties>
  <visualProperties>
    <element href="assembly.xml#ErrorEmailout0"/>
  </visualProperties>
  <visualProperties>
    <element href="assembly.xml#AsyncMediation40"/>
  </visualProperties>
  <visualProperties>
    <element href="assembly.xml#EmailOut00"/>
  </visualProperties>
  <visualProperties x="458" y="1793">
    <element href="assembly.xml#CallErrorAudit"/>
  </visualProperties>
  <visualProperties x="1130" y="1992">
    <element href="assembly.xml#CallErrorAudit0"/>
  </visualProperties>
  <visualProperties x="2322" y="892">
    <element href="assembly.xml#CallSuccessEmailOut0"/>
  </visualProperties>
  <visualProperties x="149" y="858">
    <element href="assembly.xml#Assignable_Roles"/>
  </visualProperties>
  <visualProperties x="2498" y="196">
    <element href="assembly.xml#CallAssignableRoles"/>
  </visualProperties>
  <visualProperties x="2254" y="1324">
    <element href="assembly.xml#WorkdayOutRest00"/>
  </visualProperties>
  <visualProperties x="2432" y="1438">
    <element href="assembly.xml#AsyncMediation10"/>
  </visualProperties>
  <visualProperties x="373" y="744">
    <element href="assembly.xml#AsyncMediation5"/>
  </visualProperties>
  <visualProperties x="788" y="204">
    <element href="assembly.xml#//@beans/@mixed.1/@mixed.91"/>
  </visualProperties>
  <visualProperties x="1093" y="204">
    <element href="assembly.xml#Note-Error"/>
  </visualProperties>
  <connections type="routesTo" sourceAnchorX="0.8782051282051282" sourceAnchorY="1.0" targetAnchorX="0.20224719101123595" targetAnchorY="0.5108695652173914">
    <source href="assembly.xml#AssignRoles"/>
    <target href="assembly.xml#AsyncMediation2"/>
  </connections>
  <connections type="routesResponseTo" sourceAnchorX="0.9556650246305419" sourceAnchorY="1.0" targetAnchorX="0.28651685393258425" targetAnchorY="0.5408163265306123">
    <source href="assembly.xml#CallCustomReport"/>
    <target href="assembly.xml#AsyncMediation"/>
  </connections>
  <connections type="routesTo" sourceAnchorX="0.6486486486486487" sourceAnchorY="1.0" targetAnchorX="0.10112359550561797" targetAnchorY="0.5217391304347826">
    <source href="assembly.xml#GetJobReq"/>
    <target href="assembly.xml#AsyncMediation3"/>
  </connections>
  <connections type="routesResponseTo" sourceAnchorX="1.0" sourceAnchorY="0.43243243243243246" targetAnchorX="0.20666666666666667" targetAnchorY="0.6530612244897959">
    <source href="assembly.xml#CallWebService0"/>
    <target href="assembly.xml#SuccessLog0"/>
  </connections>
  <connections type="routesTo" sourceAnchorX="1.0" sourceAnchorY="0.22448979591836735" targetAnchorX="0.09230769230769231" targetAnchorY="0.35135135135135137">
    <source href="assembly.xml#AsyncMediation2"/>
    <target href="assembly.xml#CallWebService0"/>
  </connections>
  <connections type="routesTo" sourceAnchorX="0.8536585365853658" sourceAnchorY="1.0" targetAnchorX="0.3315508021390374" targetAnchorY="0.32432432432432434">
    <source href="assembly.xml#//@beans/@mixed.1/@route.0/@subRoute.0"/>
    <target href="assembly.xml#CallAssignRoles"/>
  </connections>
  <connections type="routesTo" sourceAnchorX="0.8782051282051282" sourceAnchorY="1.0" targetAnchorX="0.20224719101123595" targetAnchorY="0.5108695652173914">
    <source href="assembly.xml#AssignRoles0"/>
    <target href="assembly.xml#AsyncMediation20"/>
  </connections>
  <connections type="routesTo" sourceAnchorX="0.9512195121951219" sourceAnchorY="1.0" targetAnchorX="0.3604060913705584" targetAnchorY="0.13513513513513514">
    <source href="assembly.xml#//@beans/@mixed.1/@route.0/@subRoute.1"/>
    <target href="assembly.xml#CallAssignRoles0"/>
  </connections>
  <connections type="routesTo" sourceAnchorX="0.9212598425196851" sourceAnchorY="1.0" targetAnchorX="0.34831460674157305" targetAnchorY="0.34782608695652173">
    <source href="assembly.xml#SuccessEmailout"/>
    <target href="assembly.xml#AsyncMediation4"/>
  </connections>
  <connections type="routesTo" sourceAnchorX="1.0" sourceAnchorY="0.11224489795918367" targetAnchorX="0.20714285714285716" targetAnchorY="0.8108108108108109">
    <source href="assembly.xml#AsyncMediation4"/>
    <target href="assembly.xml#EmailOut0"/>
  </connections>
  <connections type="routesTo" sourceAnchorX="0.8656716417910447" sourceAnchorY="1.0" targetAnchorX="0.21333333333333335" targetAnchorY="0.40540540540540543">
    <source href="assembly.xml#StartHere"/>
    <target href="assembly.xml#CallJobReq"/>
  </connections>
  <connections type="routesTo" sourceAnchorX="1.0" sourceAnchorY="0.05102040816326531" targetAnchorX="0.11155378486055777" targetAnchorY="0.6486486486486487">
    <source href="assembly.xml#SuccessLog00"/>
    <target href="assembly.xml#PutIntegrationMessage3"/>
  </connections>
  <connections type="routesTo" sourceAnchorX="0.6491228070175439" sourceAnchorY="1.0" targetAnchorX="0.3413173652694611" targetAnchorY="0.4594594594594595">
    <source href="assembly.xml#//@beans/@mixed.1/@mixed.11/@mixed.3"/>
    <target href="assembly.xml#CallAuditFile0"/>
  </connections>
  <connections type="routesResponseTo" sourceAnchorX="0.3772455089820359" sourceAnchorY="1.0" targetAnchorX="0.21115537848605578" targetAnchorY="0.32432432432432434">
    <source href="assembly.xml#CallAuditFile0"/>
    <target href="assembly.xml#PutIntegrationMessage0"/>
  </connections>
  <connections type="routesTo" sourceAnchorX="0.7734806629834254" sourceAnchorY="1.0" targetAnchorX="0.33532934131736525" targetAnchorY="0.05405405405405406">
    <source href="assembly.xml#//@beans/@mixed.1/@mixed.35/@mixed.3"/>
    <target href="assembly.xml#CallAuditFile1"/>
  </connections>
  <connections type="routesResponseTo" sourceAnchorX="0.6826347305389222" sourceAnchorY="1.0" targetAnchorX="0.4789272030651341" targetAnchorY="0.6216216216216216">
    <source href="assembly.xml#CallAuditFile1"/>
    <target href="assembly.xml#PutIntegrationMessage00"/>
  </connections>
  <connections type="routesTo" sourceAnchorX="1.0" sourceAnchorY="0.23469387755102042" targetAnchorX="0.12260536398467432" targetAnchorY="0.43243243243243246">
    <source href="assembly.xml#SuccessLog000"/>
    <target href="assembly.xml#PutIntegrationMessage30"/>
  </connections>
  <connections type="routesTo" sourceAnchorX="0.6349206349206349" sourceAnchorY="1.0" targetAnchorX="0.18421052631578946" targetAnchorY="0.6530612244897959">
    <source href="assembly.xml#AuditFile"/>
    <target href="assembly.xml#SuccessLog000"/>
  </connections>
  <connections type="routesResponseTo" sourceAnchorX="0.8237547892720306" sourceAnchorY="1.0" targetAnchorX="0.3482587064676617" targetAnchorY="0.5945945945945946">
    <source href="assembly.xml#PutIntegrationMessage30"/>
    <target href="assembly.xml#CallErrorEmailOut"/>
  </connections>
  <connections type="routesTo" sourceAnchorX="0.9212598425196851" sourceAnchorY="1.0" targetAnchorX="0.34831460674157305" targetAnchorY="0.34782608695652173">
    <source href="assembly.xml#ErrorEmailout0"/>
    <target href="assembly.xml#AsyncMediation40"/>
  </connections>
  <connections type="routesTo" sourceAnchorX="1.0" sourceAnchorY="0.11224489795918367" targetAnchorX="0.20714285714285716" targetAnchorY="0.8108108108108109">
    <source href="assembly.xml#AsyncMediation40"/>
    <target href="assembly.xml#EmailOut00"/>
  </connections>
  <connections type="routesTo" sourceAnchorX="0.5736842105263158" sourceAnchorY="1.0" targetAnchorX="0.17857142857142858" targetAnchorY="0.6486486486486487">
    <source href="assembly.xml#//@beans/@mixed.1/@mixed.39/@mixed.3"/>
    <target href="assembly.xml#CallErrorAudit"/>
  </connections>
  <connections type="routesTo" sourceAnchorX="0.5736842105263158" sourceAnchorY="1.0" targetAnchorX="0.17415730337078653" targetAnchorY="0.2702702702702703">
    <source href="assembly.xml#//@beans/@mixed.1/@mixed.71/@mixed.3"/>
    <target href="assembly.xml#CallErrorAudit0"/>
  </connections>
  <connections type="routesTo" sourceAnchorX="1.0" sourceAnchorY="0.17346938775510204" targetAnchorX="0.31958762886597936" targetAnchorY="0.5675675675675675">
    <source href="assembly.xml#SuccessLog0"/>
    <target href="assembly.xml#WorkdayOutRest"/>
  </connections>
  <connections type="routesResponseTo" sourceAnchorX="0.865979381443299" sourceAnchorY="1.0" targetAnchorX="0.24157303370786518" targetAnchorY="0.6428571428571429">
    <source href="assembly.xml#WorkdayOutRest"/>
    <target href="assembly.xml#AsyncMediation0"/>
  </connections>
  <connections type="routesResponseTo" sourceAnchorX="0.8446215139442231" sourceAnchorY="1.0" targetAnchorX="0.22549019607843138" targetAnchorY="0.5135135135135135">
    <source href="assembly.xml#PutIntegrationMessage3"/>
    <target href="assembly.xml#WorkdayOutRest0"/>
  </connections>
  <connections type="routesResponseTo" sourceAnchorX="0.4362745098039216" sourceAnchorY="1.0" targetAnchorX="0.16853932584269662" targetAnchorY="0.5816326530612245">
    <source href="assembly.xml#WorkdayOutRest0"/>
    <target href="assembly.xml#AsyncMediation1"/>
  </connections>
  <connections type="routesTo" sourceAnchorX="1.0" sourceAnchorY="0.20408163265306123" targetAnchorX="0.11790393013100436" targetAnchorY="0.9459459459459459">
    <source href="assembly.xml#AsyncMediation1"/>
    <target href="assembly.xml#CallSuccessEmailOut"/>
  </connections>
  <connections type="routesTo" sourceAnchorX="1.0" sourceAnchorY="0.17054263565891473" targetAnchorX="0.22926829268292684" targetAnchorY="0.5945945945945946">
    <source href="assembly.xml#AsyncMediation20"/>
    <target href="assembly.xml#CallWebService00"/>
  </connections>
  <connections type="routesResponseTo" sourceAnchorX="0.6536585365853659" sourceAnchorY="1.0" targetAnchorX="0.13157894736842105" targetAnchorY="0.4489795918367347">
    <source href="assembly.xml#CallWebService00"/>
    <target href="assembly.xml#SuccessLog00"/>
  </connections>
  <connections type="routesResponseTo" sourceAnchorX="0.8733333333333333" sourceAnchorY="1.0" targetAnchorX="0.12217194570135746" targetAnchorY="0.43243243243243246">
    <source href="assembly.xml#CallJobReq"/>
    <target href="assembly.xml#CallAssignableRoles"/>
  </connections>
  <connections type="routesTo" sourceAnchorX="1.0" sourceAnchorY="0.19387755102040816" targetAnchorX="0.1477832512315271" targetAnchorY="0.2972972972972973">
    <source href="assembly.xml#AsyncMediation3"/>
    <target href="assembly.xml#CallCustomReport"/>
  </connections>
  <connections type="routesTo" sourceAnchorX="1.0" sourceAnchorY="0.3469387755102041" targetAnchorX="0.2570093457943925" targetAnchorY="0.32432432432432434">
    <source href="assembly.xml#AsyncMediation0"/>
    <target href="assembly.xml#WorkdayOutRest00"/>
  </connections>
  <connections type="routesResponseTo" sourceAnchorX="0.8271028037383178" sourceAnchorY="1.0" targetAnchorX="0.2074468085106383" targetAnchorY="0.5510204081632653">
    <source href="assembly.xml#WorkdayOutRest00"/>
    <target href="assembly.xml#AsyncMediation10"/>
  </connections>
  <connections type="routesTo" sourceAnchorX="0.526595744680851" sourceAnchorY="1.0" targetAnchorX="0.03765690376569038" targetAnchorY="0.43243243243243246">
    <source href="assembly.xml#AsyncMediation10"/>
    <target href="assembly.xml#CallSuccessEmailOut0"/>
  </connections>
  <connections type="routesTo" sourceAnchorX="0.9" sourceAnchorY="1.0" targetAnchorX="0.10112359550561797" targetAnchorY="0.5918367346938775">
    <source href="assembly.xml#Assignable_Roles"/>
    <target href="assembly.xml#AsyncMediation5"/>
  </connections>
  <connections type="routesTo" sourceAnchorX="1.0" sourceAnchorY="0.14285714285714285" targetAnchorX="0.2867647058823529" targetAnchorY="0.6428571428571429">
    <source href="assembly.xml#AsyncMediation5"/>
    <target href="assembly.xml#Route"/>
  </connections>
  <connections type="routesTo" sourceAnchorX="0.9669421487603306" sourceAnchorY="0.43243243243243246" targetAnchorX="0.06060606060606061" targetAnchorY="0.3783783783783784">
    <source href="assembly.xml#//@beans/@mixed.1/@mixed.91"/>
    <target href="assembly.xml#Note-Error"/>
  </connections>
  <swimlanes x="44" y="76" bgColor="16772810" fgColor="1" name="1. Process Flow">
    <elements href="assembly.xml#StartHere"/>
    <elements href="assembly.xml#CallJobReq"/>
    <elements href="assembly.xml#CallAssignableRoles"/>
    <elements href="#//@swimlanes.17"/>
  </swimlanes>
  <swimlanes x="44" y="187" bgColor="14989555" name="2. Get JobReq ID" alignment="MIDDLE">
    <elements href="assembly.xml#GetJobReq"/>
    <elements href="assembly.xml#AsyncMediation3"/>
    <elements href="#//@swimlanes.4"/>
  </swimlanes>
  <swimlanes x="44" y="683" bgColor="9872885" name="AssignRoles">
    <elements href="assembly.xml#AssignRoles"/>
    <elements href="#//@swimlanes.5"/>
    <elements href="assembly.xml#CallWebService0"/>
    <elements href="assembly.xml#SuccessLog0"/>
    <elements href="assembly.xml#WorkdayOutRest"/>
    <elements href="assembly.xml#AsyncMediation0"/>
    <elements href="assembly.xml#WorkdayOutRest00"/>
    <elements href="assembly.xml#AsyncMediation10"/>
    <elements href="assembly.xml#CallSuccessEmailOut0"/>
  </swimlanes>
  <swimlanes x="129" y="52" name="POV12_Assign_Role_Job_Req_Automation" orientation="VERTICAL" elements="//@swimlanes.0 //@swimlanes.1 //@swimlanes.11 //@swimlanes.2 //@swimlanes.8 //@swimlanes.12 //@swimlanes.16"/>
  <swimlanes x="768" y="319" bgColor="11075539" name="Swimlane" orientation="VERTICAL" elements="//@swimlanes.10" alignment="MIDDLE"/>
  <swimlanes x="326" y="1025" name="Swimlane" orientation="VERTICAL" alignment="MIDDLE">
    <elements href="assembly.xml#AsyncMediation2"/>
    <elements href="assembly.xml#CallAuditFile0"/>
    <elements href="assembly.xml#PutIntegrationMessage0"/>
  </swimlanes>
  <swimlanes x="1167" y="409" bgColor="13434828" name="Swimlane" orientation="VERTICAL" alignment="MIDDLE">
    <elements href="assembly.xml#CallAssignRoles"/>
    <elements href="assembly.xml#CallAssignRoles0"/>
  </swimlanes>
  <swimlanes name="Swimlane" orientation="VERTICAL" alignment="MIDDLE">
    <elements href="assembly.xml#AsyncMediation20"/>
    <elements href="assembly.xml#CallAuditFile1"/>
    <elements href="assembly.xml#PutIntegrationMessage00"/>
  </swimlanes>
  <swimlanes x="2164" y="776" bgColor="9872885" name="AssignRolesLead" alignment="MIDDLE">
    <elements href="assembly.xml#AssignRoles0"/>
    <elements href="#//@swimlanes.7"/>
    <elements href="assembly.xml#CallWebService00"/>
    <elements href="assembly.xml#SuccessLog00"/>
    <elements href="assembly.xml#PutIntegrationMessage3"/>
    <elements href="assembly.xml#WorkdayOutRest0"/>
    <elements href="assembly.xml#AsyncMediation1"/>
    <elements href="assembly.xml#CallSuccessEmailOut"/>
  </swimlanes>
  <swimlanes x="1477" y="1217" bgColor="9820916" name="SuccessEmail" alignment="MIDDLE">
    <elements href="assembly.xml#SuccessEmailout"/>
    <elements href="#//@swimlanes.14"/>
    <elements href="assembly.xml#EmailOut0"/>
  </swimlanes>
  <swimlanes x="1433" y="400" bgColor="8454016" name="Swimlane" alignment="MIDDLE">
    <elements href="assembly.xml#CallCustomReport"/>
    <elements href="assembly.xml#AsyncMediation"/>
  </swimlanes>
  <swimlanes x="1482" y="414" name="Swimlane" alignment="MIDDLE">
    <elements href="assembly.xml#Assignable_Roles"/>
    <elements href="assembly.xml#AsyncMediation5"/>
    <elements href="assembly.xml#Route"/>
    <elements href="#//@swimlanes.6"/>
  </swimlanes>
  <swimlanes x="213" y="1266" name="Swimlane">
    <elements href="assembly.xml#AuditFile"/>
    <elements href="assembly.xml#SuccessLog000"/>
    <elements href="assembly.xml#PutIntegrationMessage30"/>
    <elements href="assembly.xml#CallErrorEmailOut"/>
  </swimlanes>
  <swimlanes x="2258" y="1428" bgColor="9820916" name="ErrorEmail" alignment="MIDDLE">
    <elements href="assembly.xml#ErrorEmailout0"/>
    <elements href="#//@swimlanes.15"/>
    <elements href="assembly.xml#EmailOut00"/>
  </swimlanes>
  <swimlanes x="338" y="1744" name="Swimlane" orientation="VERTICAL" alignment="MIDDLE">
    <elements href="assembly.xml#AsyncMediation4"/>
    <elements href="assembly.xml#CallErrorAudit"/>
  </swimlanes>
  <swimlanes x="322" y="2076" name="Swimlane" orientation="VERTICAL" alignment="MIDDLE">
    <elements href="assembly.xml#AsyncMediation40"/>
    <elements href="assembly.xml#CallErrorAudit0"/>
  </swimlanes>
  <swimlanes x="890" y="1742" name="Emailout" elements="//@swimlanes.9 //@swimlanes.13"/>
  <swimlanes x="732" y="168" bgColor="255" name="Swimlane">
    <elements href="assembly.xml#Note-Error"/>
    <elements href="assembly.xml#//@beans/@mixed.1/@mixed.91"/>
  </swimlanes>
</wdnm:Diagram>
