<?xml version="1.0" encoding="UTF-8"?>
<beans
     xmlns="http://www.springframework.org/schema/beans"
     xmlns:beans="http://www.springframework.org/schema/beans"
     xmlns:atom="http://www.w3.org/2005/Atom"
     xmlns:cc="http://www.capeclear.com/assembly/10"
     xmlns:cloud="urn:com.workday/esb/cloud/10.0"
     xmlns:env="http://schemas.xmlsoap.org/soap/envelope/"
     xmlns:pi="urn:com.workday/picof"
     xmlns:wd="urn:com.workday/bsvc"
     xmlns:xsi="http://www.w3.org/2001/XMLSchema-instance">
 
	<cc:assembly id="WorkdayAssembly" version="2019.35">
        <cc:local-out id="PutCriticalEvent" endpoint="vm://wcc/PutIntegrationEvent">
            <cc:set name="is.event.completed" value="&quot;current&quot;"/>
        </cc:local-out>
        <cc:local-out id="GlobalErrorMessage" routes-response-to="PutCriticalEvent" endpoint="vm://wcc/PutIntegrationMessage">
            <cc:set name="is.message.severity" value="'CRITICAL'"/>
            <cc:set name="is.message.summary" value="'A critical error has occured: see message detail for detailed error message'"/>
            <cc:set name="is.message.detail" value="context.getErrorMessage()"/>
        </cc:local-out>
        <cc:send-error id="GlobalError" routes-to="GlobalErrorMessage"/>
        <cc:local-out id="PutAuditLog" store-message="none" endpoint="vm://wcc/PutIntegrationMessage">
            <cc:set name="is.message.severity" value="'INFO'"/>
            <cc:set name="is.message.summary" value="&quot;Audit File XML file stored for further processing.&quot;"/>
            <cc:set name="is.document.variable.name" value="&quot;AuditFile.csv&quot;"/>
        </cc:local-out>
        <cc:async-mediation id="AsyncMediation3" routes-to="PutAuditLog">
            <cc:steps>
                <cc:xml-to-csv id="XmlToCsv"/>
                <cc:write id="Write">
                    <cc:message>
                        <cc:text>EmployeeID/SSN,Code,Amount,payment Date,Priority,PaymentID,BatchID, Message,File Date : @{props['currentDatTime'] }&#xD;
</cc:text>
                        <cc:message-content/>
                    </cc:message>
                </cc:write>
                <cc:store id="Store" output="variable" output-variable="AuditFile.csv" expiresIn="P180D" title="INT0017_AuditFile.csv"/>
            </cc:steps>
            <cc:send-error id="SendError" routes-to="AuditLineError1"/>
        </cc:async-mediation>
        <cc:aggregator id="Aggregator" routes-to="AsyncMediation3" collate-when="!props['process.batch']" force-batch-when="props['process.batch']">
            <cc:size-batch-strategy batch-size="-1"/>
            <cc:xml-message-content-collater>
        <cc:header-text>&lt;AuditLog></cc:header-text>
        <cc:footer-text>&lt;/AuditLog></cc:footer-text>
      </cc:xml-message-content-collater>
        </cc:aggregator>
        <cc:local-in id="CloseAuditAgg" routes-to="Aggregator"/>
        <cc:local-out id="AuditLineError1" store-message="none" endpoint="vm://INT0017-FidelitySupplementalEarningsPayrollInbound/CriticalError">
            <cc:set name="is.message.severity" value="'ERROR'"/>
            <cc:set name="is.message.summary" value="'An unexpected error occured while writing the Audit File'"/>
            <cc:set name="step.id" value="'AuditFile'"/>
        </cc:local-out>
        <cc:async-mediation id="AsyncMediation2" routes-to="Aggregator">
            <cc:steps>
                <cc:eval id="Eval">
                    <cc:expression>props['message']=props['integration.message'].toString()</cc:expression>
                    <cc:expression>props['currentDatTime']= new java.text.SimpleDateFormat(&quot;dd/MM/yyyy HH:mm:ss&quot;).format(new java.util.Date())</cc:expression>
                    <cc:expression>props['process.batch'] =false</cc:expression>
                </cc:eval>
                <cc:write id="WriteRoot">
                    <cc:message>
                        <cc:text>&lt;root>&lt;/root></cc:text>
                    </cc:message>
                </cc:write>
                <cc:xslt-plus id="XsltPlus" url="WriteAudit.xsl"/>
            </cc:steps>
            <cc:send-error id="SendError" routes-to="AuditLineError1"/>
        </cc:async-mediation>
        <cc:local-in id="writeAuditRow" routes-to="AsyncMediation2">
            <cc:parameter documentation="Pass the integration message to display in audit log" name="integration.message"/>
            <cc:parameter name="status"/>
        </cc:local-in>
        <cc:local-out id="call-writeAudit" store-message="none" endpoint="vm://INT0017-FidelitySupplementalEarningsPayrollInbound/writeAuditRow">
            <cc:set name="integration.message" value="'Offcycle Payment Successfully loaded'"/>
            <cc:set name="status" value="'Successful'"/>
        </cc:local-out>
        <cc:local-out id="PutIntegrationMessage0" endpoint="vm://wcc/PutIntegrationMessage">
            <cc:set name="is.message.severity" value="'INFO'"/>
            <cc:set name="is.message.summary" value="'Evaluation Failure'"/>
        </cc:local-out>
        <cc:async-mediation id="AsyncMediation1" routes-to="call-writeAudit">
            <cc:steps>
                <cc:eval id="EvalSuccess">
                    <cc:expression>props['ws.response.msg'] = 'Updated Successfully'</cc:expression>
                    <cc:expression>props['inputs.success.counter'] = props['inputs.success.counter'] + 1</cc:expression>
                </cc:eval>
            </cc:steps>
            <cc:send-error id="SendError" routes-to="PutIntegrationMessage0"/>
        </cc:async-mediation>
        <cc:workday-out-soap id="PayrollOffCyclePayment" routes-response-to="AsyncMediation1" application="Payroll" version="v27.2"/>
        <cc:local-out id="CallAuditLine0" store-message="none" endpoint="vm://INT0017-FidelitySupplementalEarningsPayrollInbound/writeAuditRow">
            <cc:set name="integration.message" value="props['ws.response.msg']"/>
            <cc:set name="status" value="'Failure'"/>
        </cc:local-out>
        <cc:async-mediation id="CallFileDataFetcherror" routes-to="CallAuditLine0">
            <cc:steps>
                <cc:eval id="Eval">
                    <cc:expression>props['ws.response.msg'] = context.errorMessage</cc:expression>
                    <cc:expression>props['inputs.rejects.counter'] = props['inputs.rejects.counter'] + 1</cc:expression>
                </cc:eval>
            </cc:steps>
        </cc:async-mediation>
        <cc:async-mediation id="ValidationModeOffCycle" routes-to="PayrollOffCyclePayment" execute-steps-when="props['lp.validation.mode'] == true" handle-downstream-errors="true">
            <cc:steps>
                <cc:set-headers id="ValidationOn">
                    <cc:remove-headers/>
                    <cc:add-headers>
                        <cc:add-header name="X-Validate-Only" value="1"/>
                    </cc:add-headers>
                </cc:set-headers>
            </cc:steps>
            <cc:send-error id="SendError" routes-to="CallFileDataFetcherror"/>
        </cc:async-mediation>
        <cc:sync-mediation id="intializeData" routes-to="ValidationModeOffCycle" handle-downstream-errors="true">
            <cc:request-steps>
                <cc:eval id="Eval"><cc:expression>props['payment.date'] = props['period.PaymentDate']</cc:expression><cc:expression>//props['batch.id'] = props['batch.id']</cc:expression>
                    <cc:expression>props['payment.id.couter'] = props['new.priority']</cc:expression>
                    <cc:expression>props['payment.id'] =props['batch.id'] + &quot;_&quot; + props['employee.id']+&quot;_&quot;+props['payment.id.couter']</cc:expression>
                    <cc:expression>props['next.priority'] = props['new.priority']</cc:expression>
                    <cc:expression>props['period.date']=props['period.Start.date']</cc:expression>
                    <cc:expression>props['p.bank.account'] ='US_Manual_Payment_Bank_ID'</cc:expression></cc:eval>
                <cc:xslt id="payrollOffcycle" url="INT0017_PayrollOffCycle.xsl"/>
                <cc:wrap-soap id="WrapSoap"/>
            </cc:request-steps>
            <cc:response-steps>
                <cc:set-headers id="ValidationOff">
                    <cc:remove-headers>
                        <cc:remove-header name="X-Validate-Only"/>
                    </cc:remove-headers>
                    <cc:add-headers/>
                </cc:set-headers>
            </cc:response-steps>
            <cc:send-error id="SendError" routes-to="CallFileDataFetcherror"/>
        </cc:sync-mediation>
        <cc:local-in id="processOffCyclePayroll" routes-to="intializeData"/>
        <cc:local-out id="call-OffCyclePayroll" store-message="none" endpoint="vm://INT0017-FidelitySupplementalEarningsPayrollInbound/processOffCyclePayroll"/>
        <cc:async-mediation id="paymentPriorityVal" routes-to="call-OffCyclePayroll" handle-downstream-errors="false">
            <cc:steps>
                <cc:eval id="InitializePriority"><cc:expression>props['old.priority'] = 0</cc:expression><cc:expression>props['new.priority'] = 0</cc:expression></cc:eval>
                <cc:eval id="Priority"><cc:expression>props['old.priority'] = parts[0].xpath(&quot;max(env:Envelope/env:Body/wd:Get_Payroll_Off-cycle_Payments_Response/wd:Response_Data/wd:Payroll_Off-cycle_Result_Override/wd:Payroll_Off-cycle_Payment_Data/wd:Payment_Priority)&quot;)</cc:expression>
                    <cc:expression>props['Start.Priority'] =40</cc:expression><cc:expression>props['new.priority'] = props['old.priority'] =='' ||props['old.priority'] &lt;40 ? props['Start.Priority']  : props['old.priority'] + 1</cc:expression></cc:eval>
            </cc:steps>
            <cc:send-error id="SendError" routes-to="CriticalRetrieveDocsError00"/>
        </cc:async-mediation>
        <cc:local-out id="CriticalRetrieveDocsError00" store-message="none" endpoint="vm://INT0017-FidelitySupplementalEarningsPayrollInbound/CriticalError">
            <cc:set name="is.message.severity" value="'ERROR'"/>
            <cc:set name="is.message.summary" value="context.errorMessage"/>
            <cc:set name="step.id" value="'ProcessInputFile'"/>
        </cc:local-out>
        <cc:async-mediation id="getPayGroupData" routes-to="PaymentPriority" handle-downstream-errors="true">
            <cc:steps>
                <cc:eval id="Eval">
                    <cc:expression> props['lp.current.run.datetime']= java.time.LocalDateTime.now().toString()</cc:expression>
                </cc:eval>
                <cc:write id="Write">
                    <cc:message>
                        <cc:text>&lt;?xml version=&quot;1.0&quot; encoding=&quot;UTF-8&quot;?>&#xD;
&lt;env:Envelope&#xD;
    xmlns:env=&quot;http://schemas.xmlsoap.org/soap/envelope/&quot;&#xD;
    xmlns:xsd=&quot;http://www.w3.org/2001/XMLSchema&quot;>&#xD;
    &lt;env:Body>&#xD;
        &lt;wd:Get_Payroll_Off-cycle_Payments_Request&#xD;
            xmlns:wd=&quot;urn:com.workday/bsvc&quot;>&#xD;
            &lt;wd:Request_Criteria>&#xD;
                &lt;wd:Employee_Reference>&#xD;
                    &lt;wd:ID wd:type=&quot;Employee_ID&quot;>@{props['employee.id']}&lt;/wd:ID>&#xD;
                &lt;/wd:Employee_Reference>&#xD;
                &#xD;
            &lt;/wd:Request_Criteria>&#xD;
            &lt;wd:Response_Filter>&#xD;
                &lt;wd:As_Of_Effective_Date>@{props['lp.current.run.date']}&lt;/wd:As_Of_Effective_Date>&#xD;
                &lt;wd:As_Of_Entry_DateTime>@{props['lp.current.run.datetime']}&lt;/wd:As_Of_Entry_DateTime>&#xD;
            &lt;/wd:Response_Filter>&#xD;
        &lt;/wd:Get_Payroll_Off-cycle_Payments_Request>&#xD;
    &lt;/env:Body>&#xD;
&lt;/env:Envelope></cc:text>
                    </cc:message>
                </cc:write>
                <cc:wrap-soap id="WrapSoap"/>
            </cc:steps>
            <cc:send-error id="SendError" routes-to="CriticalRetrieveDocsError00"/>
        </cc:async-mediation>
        <cc:local-out id="CallAuditLine000" store-message="none" endpoint="vm://INT0017-FidelitySupplementalEarningsPayrollInbound/writeAuditRow">
            <cc:set name="integration.message" value="props['ws.response.msg']"/>
            <cc:set name="status" value="'Failure'"/>
        </cc:local-out>
        <cc:async-mediation id="CallFileDataFetcherror00" routes-to="CallAuditLine000">
            <cc:steps>
                <cc:eval id="Eval">
                    <cc:expression>props['ws.response.msg'] = 'Invalid Paygroup '</cc:expression>
                    <cc:expression>props['inputs.rejects.counter'] = props['inputs.rejects.counter'] + 1</cc:expression>
                    <cc:expression>//props['emp.legalname'] =''</cc:expression>
                    <cc:expression>//props['period.start.date'] = ''</cc:expression>
                    <cc:expression>props['payment.date']='';props['next.priority']='';props['payment.id']='';</cc:expression>
                </cc:eval>
            </cc:steps>
        </cc:async-mediation>
        <cc:async-mediation id="AsyncMediation" routes-to="getPayGroupData">
            <cc:steps>
                <cc:eval id="Eval"><cc:expression>vars['ee.worker.data'] = props['empl.details.tenanted.data'].get(props['p.SSN'])</cc:expression>
                    <cc:expression>props['ee.paygroup'] =vars['ee.worker.data'].xpath(&quot;/wd:Worker/wd:Worker_Data/wd:Integration_Field_Override_Data[wd:Field_Reference/wd:ID[@wd:parent_id='INT0017-FieldOverride'] = 'PayGroup']/wd:Value&quot;);</cc:expression>
                    <cc:expression>props['period.Start.date'] =vars['ee.worker.data'].xpath(&quot;/wd:Worker/wd:Worker_Data/wd:Integration_Field_Override_Data[wd:Field_Reference/wd:ID[@wd:parent_id='INT0017-FieldOverride'] = 'PeriodBeginDate']/wd:Value&quot;);</cc:expression>
                    <cc:expression>props['period.End.date'] =vars['ee.worker.data'].xpath(&quot;/wd:Worker/wd:Worker_Data/wd:Integration_Field_Override_Data[wd:Field_Reference/wd:ID[@wd:parent_id='INT0017-FieldOverride'] = 'PeriodEndDate']/wd:Value&quot;);</cc:expression>
                    <cc:expression>props['employee.id'] =vars['ee.worker.data'].xpath(&quot;/wd:Worker/wd:Employee_ID&quot;);</cc:expression>
                    <cc:expression>props['period.PaymentDate']=vars['ee.worker.data'].xpath(&quot;/wd:Worker/wd:Worker_Data/wd:Integration_Field_Override_Data[wd:Field_Reference/wd:ID[@wd:parent_id='INT0017-FieldOverride'] = 'PaymentDate']/wd:Value&quot;);</cc:expression></cc:eval>
                <cc:validate-exp id="ValidateExp">
                    <cc:expression failure-message="'Employee ID does not have PayGroup in Workday'" replace-message="true">props['ee.paygroup'] != ''</cc:expression>
                </cc:validate-exp>
            </cc:steps>
            <cc:send-error id="SendError" routes-to="CallFileDataFetcherror00"/>
        </cc:async-mediation>
        <cc:local-out id="CallAuditLine00" store-message="none" endpoint="vm://INT0017-FidelitySupplementalEarningsPayrollInbound/writeAuditRow">
            <cc:set name="integration.message" value="props['ws.response.msg']"/>
            <cc:set name="status" value="'Failure'"/>
        </cc:local-out>
        <cc:async-mediation id="CallFileDataFetcherror0" routes-to="CallAuditLine00">
            <cc:steps>
                <cc:eval id="Eval">
                    <cc:expression>props['ws.response.msg'] = 'Invalid Employee '</cc:expression>
                    <cc:expression>props['inputs.rejects.counter'] = props['inputs.rejects.counter'] + 1</cc:expression>
                    <cc:expression>//props['emp.legalname'] =''</cc:expression>
                    <cc:expression>//props['period.start.date'] = ''</cc:expression>
                    <cc:expression>props['employee.id'] = props['p.SSN'];props['payment.date']='';props['next.priority']='';props['payment.id']='';</cc:expression>
                </cc:eval>
            </cc:steps>
        </cc:async-mediation>
        <cc:async-mediation id="initCommonProps" routes-to="AsyncMediation" handle-downstream-errors="false">
            <cc:steps>
                <cc:eval id="Eval"><cc:expression>props['p.SSN'] = parts[0].xstream('/Detailed/SSN').replaceAll(&quot;-&quot;, &quot;&quot;)</cc:expression>
                    
                    <cc:expression>props['earning.code'] = 'RSW' ;//parts[0].xstream('/detail/EarnCD')</cc:expression>
                    <cc:expression>props['amount'] = parts[0].xstream('/Detailed/WageAmount').toString().trim()</cc:expression>
                    <cc:expression>//props['employee.status'] = parts[0].xstream('/Row/Status')</cc:expression><cc:expression>vars['pay.period.data'] = empty</cc:expression></cc:eval>
                <cc:validate-exp id="ValidateEmpExists">
                    <cc:expression failure-message="'Employee  does not exist in Workday'">props['empl.details.tenanted.data'].containsKey(props['p.SSN'])</cc:expression>
                </cc:validate-exp>
            </cc:steps>
            <cc:send-error id="SendError" routes-to="CallFileDataFetcherror0"/>
        </cc:async-mediation>
        <cc:splitter id="splitterInputFileData">
            <cc:sub-route name="SubRoute" routes-to="initCommonProps"/>
            <cc:xml-stream-splitter xpath="/File/Input/Detailed"/>
        </cc:splitter>
        <cc:local-out id="CriticalRetrieveDocsError0" store-message="none" endpoint="vm://INT0017-FidelitySupplementalEarningsPayrollInbound/CriticalError">
            <cc:set name="is.message.severity" value="'ERROR'"/>
            <cc:set name="is.message.summary" value="'An unexpected error occured while splitting the inputfile'"/>
            <cc:set name="step.id" value="'ProcessInputFile: Intialize Inpurt File'"/>
        </cc:local-out>
        <cc:async-mediation id="initializeInputFileProcess" routes-to="splitterInputFileData" handle-downstream-errors="true">
            <cc:steps>
                <cc:copy id="Copy" input="variable" input-variable="xml.input.file" stream-xpath="'true'"/>
                <cc:eval id="initiProps">
                    <cc:expression>props['employee.id']= empty</cc:expression>
                    <cc:expression>props['input.code'] = empty</cc:expression>
                    <cc:expression>props['amount'] = empty</cc:expression>
                    <cc:expression>props['employee.status'] = empty</cc:expression></cc:eval>
            </cc:steps>
            <cc:send-error id="SendError" routes-to="CriticalRetrieveDocsError0"/>
        </cc:async-mediation>
        <cc:local-in id="processInputFile" routes-to="initializeInputFileProcess"/>
        <cc:async-mediation id="DeleteInvalidID">
            <cc:steps>
                <cc:eval id="Eval">
                    <cc:expression>props['error.xpath'] = parts[0].xpath('wd:Validation_Error/wd:Xpath')+'/wd:ID'</cc:expression>
                    <cc:expression>props['invalid.id'] = vars['get.worker.request'].xpath(props['error.xpath'])</cc:expression>
                    <cc:expression>props['ee.id.hashset'].remove(props['invalid.id'])</cc:expression>
                </cc:eval>
            </cc:steps>
            <cc:send-error id="SendError" routes-to="PutIntegrationMessage00"/>
        </cc:async-mediation>
        <cc:local-out id="PutIntegrationMessage00" endpoint="vm://wcc/PutIntegrationMessage">
            <cc:set name="is.message.severity" value="'ERROR'"/>
            <cc:set name="is.message.summary" value="'Error while cleaning Invalid Id.'"/>
            <cc:set name="is.message.detail" value="context.errorMessage"/>
            <cc:set name="is.message.storage.enabled" value="false"/>
        </cc:local-out>
        <cc:splitter id="Splitter20">
            <cc:sub-route name="SubRoute" routes-to="DeleteInvalidID"/>
            <cc:xml-stream-splitter namespaces="wd urn:com.workday/bsvc SOAP-ENV http://schemas.xmlsoap.org/soap/envelope/" xpath="/Envelope/Body/Fault/detail/wd:Validation_Fault/wd:Validation_Error"/>
        </cc:splitter>
        <cc:sync-mediation id="SyncMediation0" routes-to="Splitter20" handle-downstream-errors="true">
            <cc:request-steps>
                <cc:eval id="Error">
                    <cc:expression>props['error.occurred'] = true</cc:expression>
                </cc:eval>
            </cc:request-steps>
            <cc:response-steps>
                <cc:eval id="noError">
                    <cc:expression>props['error.occurred'] = false</cc:expression>
                </cc:eval>
                <cc:wrap-soap id="WrapSoap"/>
                <cc:write id="Write">
                    <cc:message>
                        <cc:text>&lt;?xml version=&quot;1.0&quot; encoding=&quot;UTF-8&quot;?>&#xD;
&lt;wd:Get_Workers_Request xmlns:wd=&quot;urn:com.workday/bsvc&quot;>&#xD;
&#xD;
    &lt;wd:Request_Criteria>&#xD;
        @foreach{props['ee.hashset'] as id}&#xD;
        &lt;wd:National_ID_Criteria_Data>&#xD;
            &lt;wd:Identifier_ID>@{id}&lt;/wd:Identifier_ID>&#xD;
            &lt;wd:National_ID_Type_Reference>&#xD;
                &lt;wd:ID wd:type=&quot;National_ID_Type_Code&quot;>USA-SSN&lt;/wd:ID>&#xD;
            &lt;/wd:National_ID_Type_Reference>&#xD;
        &lt;/wd:National_ID_Criteria_Data>&#xD;
        @end{}&#xD;
        &lt;wd:Field_And_Parameter_Criteria_Data>&#xD;
            &lt;wd:Provider_Reference>&#xD;
                &lt;wd:ID wd:type=&quot;Integration_System_ID&quot;>@{props['int.sys.name']}&lt;/wd:ID>&#xD;
            &lt;/wd:Provider_Reference>&#xD;
        &lt;/wd:Field_And_Parameter_Criteria_Data>&#xD;
        &lt;wd:Exclude_Inactive_Workers>false&lt;/wd:Exclude_Inactive_Workers>&#xD;
        &lt;wd:Exclude_Employees>false&lt;/wd:Exclude_Employees>&#xD;
        &lt;wd:Exclude_Contingent_Workers>false&lt;/wd:Exclude_Contingent_Workers>&#xD;
    &lt;/wd:Request_Criteria>&#xD;
              &lt;wd:Response_Filter>&#xD;
                  &lt;wd:Page>1&lt;/wd:Page>&#xD;
                &lt;wd:Count>999&lt;/wd:Count>&#xD;
            &lt;/wd:Response_Filter>  &#xD;
&#xD;
    &lt;wd:Response_Group>&#xD;
        &lt;wd:Include_Reference>true&lt;/wd:Include_Reference>&#xD;
        &lt;wd:Include_Personal_Information>true&lt;/wd:Include_Personal_Information>&#xD;
    &lt;/wd:Response_Group>&#xD;
&lt;/wd:Get_Workers_Request>&#xD;
</cc:text>
                    </cc:message>
                </cc:write>
            </cc:response-steps>
            <cc:send-error id="SendError" routes-to="PutIntegrationMessage00"/>
        </cc:sync-mediation>
        <cc:local-in id="CleanInvalidEEids" routes-to="SyncMediation0"/>
        <cc:async-mediation id="AsyncMediation30">
            <cc:steps>
                <cc:eval id="Eval">
                    <cc:expression>props['SSN.id'] = parts[0].xpath(&quot;wd:Worker/wd:Worker_Data/wd:Personal_Data/wd:Identification_Data/wd:National_ID/wd:National_ID_Data[wd:ID_Type_Reference/wd:ID='USA-SSN']/wd:ID&quot;)</cc:expression>
                </cc:eval>
                <cc:xslt-plus id="XsltPlus" output="message" url="GetWorkers_Process.xsl"/>
                <cc:eval id="Store">
                    <cc:expression>props['empl.details.tenanted.data'].put(props['SSN.id'],parts[0].text)</cc:expression>
                </cc:eval>
            </cc:steps>
        </cc:async-mediation>
        <cc:splitter id="Splitter2" no-split-message-error="true">
            <cc:sub-route name="SubRoute" routes-to="AsyncMediation30"/>
            <cc:xml-stream-splitter xpath="Workers/wd:Worker"/>
        </cc:splitter>
        <cc:async-mediation id="WorkerResponse" routes-to="Splitter2" handle-downstream-errors="true">
            <cc:steps>
            </cc:steps>
            <cc:send-error id="SendError" routes-to="PutIntegrationMessage000"/>
        </cc:async-mediation>
        <cc:local-out id="Call-CleanID" store-message="none" execute-when="context.errorMessage.contains('not a valid ID value for type')" routes-response-to="GetWorker" endpoint="vm://INT0017-FidelitySupplementalEarningsPayrollInbound/CleanInvalidEEids"/>
        <cc:local-out id="GetWorker" routes-response-to="WorkerResponse" endpoint="vm://wcc/PagedGet">
            <cc:set name="is.paged.get.request.current.page.xpath" value="'/env:Envelope/env:Body/*/wd:Response_Filter/wd:Page'"/>
            <cc:set name="is.paged.get.response.current.page.xpath" value="'/env:Envelope/env:Body/*/wd:Response_Results/wd:Page'"/>
            <cc:set name="is.paged.get.response.total.pages.xpath" value="'/env:Envelope/env:Body/*/wd:Response_Results/wd:Total_Pages'"/>
            <cc:set name="is.paged.get.response.total.results.xpath" value="'/env:Envelope/env:Body/*/wd:Response_Results/wd:Total_Results'"/>
            <cc:set name="is.paged.get.aggregate.header" value="'&lt;Workers>'"/>
            <cc:set name="is.paged.get.aggregate.footer" value="'&lt;/Workers>'"/>
            <cc:set name="is.paged.get.aggregate.xpath" value="'/env:Envelope/env:Body/wd:Get_Workers_Response/wd:Response_Data/wd:Worker'"/>
            <cc:set name="is.paged.get.application" value="'Human_Resources'"/>
            <cc:set name="is.paged.get.version" value="'v32.2'"/>
            <cc:set name="is.paged.get.page.zero" value="false"/>
            <cc:set name="is.paged.get.store.requests" value="true"/>
        </cc:local-out>
        <cc:async-mediation id="AsyncMediation4" routes-to="GetWorker" handle-downstream-errors="true">
            <cc:steps>
                <cc:write id="getworkerReq" output="variable" output-mimetype="text/xml" output-variable="get.worker.request">
                    <cc:message>
                        <cc:text>&lt;?xml version=&quot;1.0&quot; encoding=&quot;UTF-8&quot;?>&#xD;
&lt;wd:Get_Workers_Request xmlns:wd=&quot;urn:com.workday/bsvc&quot;>&#xD;
&#xD;
    &lt;wd:Request_Criteria>&#xD;
        @foreach{props['ee.hashset'] as id}&#xD;
        &lt;wd:National_ID_Criteria_Data>&#xD;
            &lt;wd:Identifier_ID>@{id}&lt;/wd:Identifier_ID>&#xD;
            &lt;wd:National_ID_Type_Reference>&#xD;
                &lt;wd:ID wd:type=&quot;National_ID_Type_Code&quot;>USA-SSN&lt;/wd:ID>&#xD;
            &lt;/wd:National_ID_Type_Reference>&#xD;
        &lt;/wd:National_ID_Criteria_Data>&#xD;
        @end{}&#xD;
        &lt;wd:Field_And_Parameter_Criteria_Data>&#xD;
            &lt;wd:Provider_Reference>&#xD;
                &lt;wd:ID wd:type=&quot;Integration_System_ID&quot;>@{props['int.sys.name']}&lt;/wd:ID>&#xD;
            &lt;/wd:Provider_Reference>&#xD;
        &lt;/wd:Field_And_Parameter_Criteria_Data>&#xD;
        &lt;wd:Exclude_Inactive_Workers>false&lt;/wd:Exclude_Inactive_Workers>&#xD;
        &lt;wd:Exclude_Employees>false&lt;/wd:Exclude_Employees>&#xD;
        &lt;wd:Exclude_Contingent_Workers>false&lt;/wd:Exclude_Contingent_Workers>&#xD;
    &lt;/wd:Request_Criteria>&#xD;
              &lt;wd:Response_Filter>&#xD;
                  &lt;wd:Page>1&lt;/wd:Page>&#xD;
                &lt;wd:Count>999&lt;/wd:Count>&#xD;
            &lt;/wd:Response_Filter>  &#xD;
&#xD;
    &lt;wd:Response_Group>&#xD;
        &lt;wd:Include_Reference>true&lt;/wd:Include_Reference>&#xD;
        &lt;wd:Include_Personal_Information>true&lt;/wd:Include_Personal_Information>&#xD;
    &lt;/wd:Response_Group>&#xD;
&lt;/wd:Get_Workers_Request>&#xD;
</cc:text>
                    </cc:message>
                </cc:write>
                <cc:wrap-soap id="WrapSoap" output-mimetype="text/xml" input="variable" input-variable="get.worker.request"/>
            </cc:steps>
            <cc:send-error id="SendError" routes-to="Call-CleanID"/>
        </cc:async-mediation>
        <cc:local-in id="retrieveWorkerData" routes-to="AsyncMediation4"/>
        <cc:local-out id="AbortImportPayInputs" store-message="none" endpoint="vm://wcc/PutIntegrationMessage">
            <cc:set name="is.event.completed" value="&quot;current&quot;"/>
        </cc:local-out>
        <cc:local-out id="SendCriticalError" store-message="none" routes-response-to="AbortImportPayInputs" endpoint="vm://wcc/PutIntegrationMessage">
            <cc:set name="is.message.severity" value="'CRITICAL'"/>
            <cc:set name="is.message.summary" value="&quot;An unexpected error occurred at step &quot; # props['step.id'] # &quot;. Error details: &quot; # context.errorMessage"/>
            <cc:set name="is.message.detail" value="props['error.msg'] != empty ? props['error.msg'] : ''"/>
        </cc:local-out>
        <cc:async-mediation id="SetCriticalErrorFlag" routes-to="SendCriticalError">
            <cc:steps>
                <cc:eval id="SetFlag">
                    <cc:expression>props['critical.error.occurred'] = true</cc:expression>
                </cc:eval>
            </cc:steps>
        </cc:async-mediation>
        <cc:local-in id="CriticalError" routes-to="SetCriticalErrorFlag"/>
        <cc:async-mediation id="AsyncMediation20">
            <cc:steps>
                <cc:copy id="Copy" output="variable" output-mimetype="text/xml" output-variable="xml.input.file"/>
                <cc:store id="Store" output="variable" output-variable="Fidelity_InputFile" input="variable" input-variable="xml.input.file" expiresIn="P45D" title="Fidelity_InputFile.xml"/>
            </cc:steps>
        </cc:async-mediation>
        <cc:aggregator id="Agg.AllInputWorkers" routes-to="AsyncMediation20" collate-when="!props['force.close.agg']" force-batch-on-last-message="false" force-batch-when="props['force.close.agg']">
            <cc:size-batch-strategy batch-size="-1"/>
            <cc:xml-message-content-collater output="message">
        <cc:header-text>&lt;File></cc:header-text>
        <cc:footer-text>&lt;/File></cc:footer-text>
      </cc:xml-message-content-collater>
        </cc:aggregator>
        <cc:local-in id="CloseBatch" routes-to="Agg.AllInputWorkers"/>
        <cc:local-out id="CriticalRetrieveDocsError2" store-message="none" endpoint="vm://INT0017-FidelitySupplementalEarningsPayrollInbound/CriticalError">
            <cc:set name="is.message.severity" value="'ERROR'"/>
            <cc:set name="is.message.summary" value="context.getErrorMessage()"/>
            <cc:set name="step.id" value="'AddEmp-Hashset'"/>
        </cc:local-out>
        <cc:async-mediation id="AddEmp-Hashset" routes-to="Agg.AllInputWorkers" handle-downstream-errors="true">
            <cc:steps>
                <cc:xslt-plus id="XsltPlus" url="Add_Root.xsl"/>
                <cc:eval id="Eval0">
                    <cc:expression>props['SSN'] = parts[0].xstream(&quot;Input/Detailed/SSN&quot;).toString().trim()</cc:expression>
                    <cc:expression>//props['EmployeeID'] = props['EmployeeID'].toString().trim()</cc:expression>
                    <cc:expression>props['SSN']= props['SSN'].replaceAll(&quot;-&quot;, &quot;&quot;)</cc:expression>
                </cc:eval>
                <cc:eval id="Eval">
                    <cc:expression>props['total.count'] = props['total.count'] + 1</cc:expression>
                    <cc:expression>props['record.count'] = props['SSN'] != empty ?  (props['record.count'] + 1) : props['record.count']</cc:expression>
                    <cc:expression>if ( props['SSN'] != empty ) { props['ee.hashset'].add(props['SSN']) }</cc:expression>
                </cc:eval>
            </cc:steps>
            <cc:send-error id="SendError" routes-to="CriticalRetrieveDocsError2"/>
        </cc:async-mediation>
        <cc:async-mediation id="VartoMsg" routes-to="AsyncMediation0" handle-downstream-errors="true">
            <cc:steps>
                <cc:copy id="Copy" output-mimetype="text/plain" input="variable" input-variable="wd.retrieve.variable"/>
            </cc:steps>
            <cc:send-error id="SendError" routes-to="VarToMsgError"/>
        </cc:async-mediation>
        <cc:async-mediation id="CheckFileRetrieved" routes-to="AsyncMediation5" handle-downstream-errors="true">
            <cc:steps>
                <cc:eval id="Properties">
                    <cc:expression>props['file.count'] = da.size()</cc:expression>
                </cc:eval>
                <cc:validate-exp id="ValidateExp">
                    <cc:expression failure-message="No Input file to process">props['file.count'] != 0</cc:expression>
                </cc:validate-exp>
            </cc:steps>
            <cc:send-error id="SendError" rethrow-error="true" routes-to="AsyncMediation400"/>
        </cc:async-mediation>
        <cc:route id="RetrieveInputDocuments">
            <cc:doc-iterator variable-name="wd.retrieve.variable"/>
            <cc:sub-route name="SubRoute" routes-to="AsyncMediation6"/>
        </cc:route>
        <cc:local-out id="GetFile" store-message="none" routes-response-to="CheckFileRetrieved" endpoint="vm://wcc/GetEventDocuments"/>
        <cc:local-out id="CriticalRetrieveDocsError" store-message="none" endpoint="vm://INT0017-FidelitySupplementalEarningsPayrollInbound/CriticalError">
            <cc:set name="is.message.severity" value="'ERROR'"/>
            <cc:set name="is.message.summary" value="'An unexpected error occured while initialising parameters at the File Retrieval Stage'"/>
            <cc:set name="step.id" value="'FileRetrieval'"/>
        </cc:local-out>
        <cc:async-mediation id="InitRetrieveParams" routes-to="GetFile" handle-downstream-errors="true">
            <cc:steps>
                <cc:eval id="Eval">
                    <cc:expression>vars['wd.retrieve.variable'] = empty</cc:expression>
                    <cc:expression>props['total.count'] = 0</cc:expression>
                    <cc:expression>props['record.count'] = 0</cc:expression>
                    <cc:expression>props['force.close.agg'] = false;</cc:expression>
                    <cc:expression>props['pr.row.count'] = 0</cc:expression>
                </cc:eval>
            </cc:steps>
            <cc:send-error id="SendError" routes-to="CriticalRetrieveDocsError"/>
        </cc:async-mediation>
        <cc:local-in id="retrieveFile" routes-to="InitRetrieveParams"/>
        <cc:local-out id="PutIntegrationEvent" execute-when="props['abort.processing']==false" endpoint="vm://wcc/PutIntegrationEvent">
            <cc:set name="is.event.completed" value="&quot;current&quot;"/>
        </cc:local-out>
        <cc:local-out id="IntegrationFailCounts" execute-when="props['abort.processing']==false" routes-response-to="PutIntegrationEvent" endpoint="vm://wcc/PutIntegrationMessage">
            <cc:set name="is.message.severity" value="props['fail.severity']"/>
            <cc:set name="is.message.summary" value="props['fail.count'] + ' records failed to process'"/>
        </cc:local-out>
        <cc:local-out id="IntegrationSuccessCounts" execute-when="props['abort.processing']==false" routes-response-to="IntegrationFailCounts" endpoint="vm://wcc/PutIntegrationMessage">
            <cc:set name="is.message.severity" value="'INFO'"/>
            <cc:set name="is.message.summary" value="props['success.count'] + ' records processed successfully'"/>
        </cc:local-out>
        <cc:local-out id="IntegrationRecordCounts" execute-when="props['abort.processing']==false" routes-response-to="IntegrationSuccessCounts" endpoint="vm://wcc/PutIntegrationMessage">
            <cc:set name="is.message.severity" value="'INFO'"/>
            <cc:set name="is.message.summary" value="props['record.count']  + ' records received for processing'"/>
        </cc:local-out>
        <cc:local-out id="call-finalizeLog" store-message="none" execute-when="props['abort.processing']==false" routes-response-to="IntegrationRecordCounts" endpoint="vm://INT0017-FidelitySupplementalEarningsPayrollInbound/CloseAuditAgg">
            <cc:set name="process.batch" value="true"/>
        </cc:local-out>
        <cc:local-out id="call-processInputFile" store-message="none" execute-when="props['abort.processing']==false" routes-response-to="call-finalizeLog" endpoint="vm://INT0017-FidelitySupplementalEarningsPayrollInbound/processInputFile"/>
        <cc:local-out id="call-retrieveWorkerData" store-message="none" execute-when="props['abort.processing']==false" routes-response-to="call-processInputFile" endpoint="vm://INT0017-FidelitySupplementalEarningsPayrollInbound/retrieveWorkerData"/>
        <cc:local-out id="Call-CloseAgg" store-message="none" execute-when="props['abort.processing']==false" routes-response-to="call-retrieveWorkerData" endpoint="vm://INT0017-FidelitySupplementalEarningsPayrollInbound/CloseBatch">
            <cc:set name="force.close.agg" value="true"/>
        </cc:local-out>
        <cc:local-out id="call-retrieveFile" store-message="none" routes-response-to="Call-CloseAgg" endpoint="vm://INT0017-FidelitySupplementalEarningsPayrollInbound/retrieveFile"/>
        <cc:local-out id="error-initialization" store-message="none" endpoint="vm://INT0017-FidelitySupplementalEarningsPayrollInbound/CriticalError">
            <cc:set name="step.id" value="'Integration Initialization'"/>
            <cc:set name="initial.retrieval" value="true"/>
            <cc:set name="severity" value="'ERROR'"/>
        </cc:local-out>
        <cc:async-mediation id="InitializingParameters" routes-to="call-retrieveFile" handle-downstream-errors="false">
            <cc:steps>
                <cc:eval id="LP">
                    <cc:expression>props['lp.validation.mode'] = lp.getSimpleData('Validation Mode')</cc:expression>
                    <cc:expression>props['lp.current.run.datetime'] = lp.getSimpleData(&quot;As of Entry Date Time&quot;)</cc:expression>
                    <cc:expression>props['lp.current.run.date'] =  props['lp.current.run.datetime'].substring(0,10)</cc:expression>
                    <cc:expression>props['current.date'] = props['lp.current.run.date']</cc:expression>
                    <cc:expression>props['batch.id'] = lp.getSequencedValue('BatchID') </cc:expression>
                </cc:eval>
                <cc:eval id="Attributes">
                    <cc:expression>//props['action.reason.id'] = intsys.getAttributeReferenceData('Action Reason ID','Action_Reason_ID')</cc:expression>
                    <cc:expression>props['ia.document.retention.policy'] = intsys.getAttribute('Document Retention Policy')</cc:expression>
                    <cc:expression>props['action.reason'] =   intsys.getAttributeReferenceData('Action Reason ID','Action_Reason_ID')</cc:expression>
                </cc:eval>
                <cc:eval id="Data Structures"><cc:expression>props['workers.to.process'] = new java.util.HashSet()</cc:expression><cc:expression>props['ee.hash.map'] = new java.util.HashMap()</cc:expression><cc:expression>props['paygroup.report.data.map'] = new java.util.HashMap()</cc:expression>
                    <cc:expression>props['p.audit.log'] = new java.lang.StringBuilder()</cc:expression>
                    <cc:expression>props['ee.hashset'] = new java.util.HashSet()</cc:expression>
                    <cc:expression>props['empl.details.tenanted.data'] = new java.util.HashMap()</cc:expression></cc:eval>
                <cc:eval id="Props"><cc:expression>props['int.sys.name']= intsys.getName()</cc:expression>
                    <cc:expression>props['payment.id.couter'] = 0</cc:expression>
                    <cc:expression>props['step.id'] = empty</cc:expression>
                    <cc:expression>props['record.count'] = 0</cc:expression>
                    <cc:expression>props['success.count'] =0</cc:expression>
                    <cc:expression>props['fail.count'] = 0</cc:expression>
                    <cc:expression>props['fail.severity'] = 'INFO'</cc:expression>
                    <cc:expression>props['error.free'] = true</cc:expression>
                    <cc:expression>props['process.batch'] = false</cc:expression>
                    <cc:expression>props['process.records'] = true</cc:expression>
                    <cc:expression>props['close.batch'] = false</cc:expression>
                    <cc:expression>props['critical.error'] = false</cc:expression>
                    <cc:expression>props['abort.processing'] = false</cc:expression></cc:eval>
            </cc:steps>
            <cc:send-error id="SendError" routes-to="error-initialization"/>
        </cc:async-mediation>
        <cc:workday-in id="StartHere" routes-to="InitializingParameters">
            <cc:integration-system name="INT0017 - Fidelity Supplemental Earnings Payroll Inbound">
        <cloud:param name="Validation Mode">
          <cloud:type>
            <cloud:simple-type>boolean</cloud:simple-type>
          </cloud:type>
          <cloud:default>
            <cloud:class-report-field description="Is True" type="WID">7c2ffeb98cb14d6ebad91b9880772ff4</cloud:class-report-field>
          </cloud:default>
        </cloud:param>
        <cloud:param name="As of Entry Date Time">
          <cloud:type>
            <cloud:simple-type>datetime</cloud:simple-type>
          </cloud:type>
          <cloud:default>
            <cloud:class-report-field description="Current Moment (DateTime)" type="WID">df4effe76deb4222a79001d6737cf91c</cloud:class-report-field>
          </cloud:default>
        </cloud:param>
        <cloud:attribute-map-service name="INT0017-Generic">
          <cloud:attribute name="Document Retention Policy">
            <cloud:type>
              <cloud:enumeration-type name="INT0027-DocumentRetentionPolicy">
                <cloud:enumeration>0</cloud:enumeration>
                <cloud:enumeration>30</cloud:enumeration>
                <cloud:enumeration>60</cloud:enumeration>
                <cloud:enumeration>90</cloud:enumeration>
                <cloud:enumeration>120</cloud:enumeration>
                <cloud:enumeration>150</cloud:enumeration>
                <cloud:enumeration>180</cloud:enumeration>
              </cloud:enumeration-type>
            </cloud:type>
          </cloud:attribute>
          <cloud:attribute name="Action Reason ID">
            <cloud:type>
              <cloud:class-report-field description="Payroll Action Reason" type="WID" singular="true">28b08fe55b2049178dfda7bce4232f27</cloud:class-report-field>
            </cloud:type>
          </cloud:attribute>
          <cloud:map name="Earning Code">
            <cloud:internal-type>
              <cloud:class-report-field description="Earning" type="WID">c5453cef909149b5a409b1c9e41520a5</cloud:class-report-field>
            </cloud:internal-type>
            <cloud:external-type>
              <cloud:simple-type>text</cloud:simple-type>
            </cloud:external-type>
          </cloud:map>
          <cloud:map name="Deduction Code">
            <cloud:internal-type>
              <cloud:class-report-field description="Deduction" type="WID">2868a5d7a8b14b88aa103f7ffa642f0b</cloud:class-report-field>
            </cloud:internal-type>
            <cloud:external-type>
              <cloud:simple-type>text</cloud:simple-type>
            </cloud:external-type>
          </cloud:map>
        </cloud:attribute-map-service>
        <cloud:sequence-generator-service name="INT0017-Seq">
          <cloud:sequencer>BatchID</cloud:sequencer>
        </cloud:sequence-generator-service>
        <cloud:retrieval-service name="INT0017-InboundFile-Retrieval"/>
        <cloud:service-reference name="INT0017-FieldOverride"/>
      </cc:integration-system>
        </cc:workday-in>
        <cc:local-out id="PutIntegrationMessage000" endpoint="vm://wcc/PutIntegrationMessage">
            <cc:set name="is.message.severity" value="'ERROR'"/>
            <cc:set name="is.message.summary" value="'Error in Retrieving Worker data'"/>
            <cc:set name="is.message.detail" value="context.errorMessage"/>
            <cc:set name="is.message.storage.enabled" value="false"/>
        </cc:local-out>
        <cc:local-out id="VarToMsgError" store-message="none" endpoint="vm://INT0017-FidelitySupplementalEarningsPayrollInbound/CriticalError">
            <cc:set name="is.message.severity" value="'ERROR'"/>
            <cc:set name="is.message.summary" value="context.getErrorMessage()"/>
            <cc:set name="step.id" value="'VartoMsg'"/>
        </cc:local-out>
        <cc:async-mediation id="AsyncMediation0" routes-to="Splitter" handle-downstream-errors="true">
            <cc:steps>
                <cc:textschema id="Textschema" style="text2xml" url="text2xml.xsd"/>
            </cc:steps>
            <cc:send-error id="SendError" routes-to="SchemaError"/>
        </cc:async-mediation>
        <cc:splitter id="Splitter">
            <cc:sub-route name="SubRoute" routes-to="AddEmp-Hashset"/>
            <cc:xml-stream-splitter xpath="Input/Detailed"/>
        </cc:splitter>
        <cc:local-out id="SchemaError" store-message="none" endpoint="vm://INT0017-FidelitySupplementalEarningsPayrollInbound/CriticalError">
            <cc:set name="is.message.severity" value="'CRITICAL'"/>
            <cc:set name="is.message.summary" value="'Schema was unable to convert the file to XML.  Integration will stop processing.'"/>
            <cc:set name="is.message.detail" value="context.getErrorMessage()"/>
            <cc:set name="critical.error.occured" value="true"/>
            <cc:set name="step.id" value="'Schema'"/>
        </cc:local-out>
        <cc:async-mediation id="AsyncMediation40" routes-to="RaiseWarningNoRecords">
            <cc:steps>
                <cc:eval id="Eval">
                    <cc:expression>props['abort.processing'] =true</cc:expression>
                </cc:eval>
            </cc:steps>
        </cc:async-mediation>
        <cc:local-out id="RaiseWarningNoRecords" store-message="none" endpoint="vm://wcc/PutIntegrationMessage">
            <cc:set name="is.message.severity" value="'WARNING'"/>
            <cc:set name="is.message.summary" value="'No Detail Records found.Please contact Fidelity if the file should have contained data for processing. '"/>
            <cc:set name="is.event.completed" value="&quot;current&quot;"/>
        </cc:local-out>
        <cc:route id="Route">
            <cc:mvel-strategy>
                <cc:choose-route expression="props['isDummyDataExists'] == true" route="Alternate"/>
                <cc:choose-route expression="props['input.data']!='NO-DATA-FOR-INT0017'" route="SubRoute"/>
            </cc:mvel-strategy>
            <cc:sub-route name="SubRoute" routes-to="VartoMsg"/>
            <cc:sub-route name="Alternate" routes-to="AsyncMediation40"/>
        </cc:route>
        <cc:local-out id="RaiseErrorNoFile" store-message="none" endpoint="vm://wcc/PutIntegrationMessage">
            <cc:set name="is.message.severity" value="'ERROR'"/>
            <cc:set name="is.message.summary" value="'File not Found/Received'"/>
            <cc:set name="is.event.completed" value="&quot;current&quot;"/>
        </cc:local-out>
        <cc:async-mediation id="AsyncMediation400" routes-to="RaiseErrorNoFile">
            <cc:steps>
                <cc:eval id="Eval">
                    <cc:expression>props['abort.processing'] =true</cc:expression>
                </cc:eval>
            </cc:steps>
        </cc:async-mediation>
        <cc:async-mediation id="AsyncMediation5" routes-to="RetrieveInputDocuments" execute-steps-when="props['abort.processing']==false">
            <cc:steps/>
        </cc:async-mediation>
        <cc:workday-out-soap id="PaymentPriority" routes-response-to="paymentPriorityVal" application="Payroll" version="v27.2"/>
        <cc:async-mediation id="AsyncMediation6" routes-to="Route">
            <cc:steps>
                <cc:eval id="Eval">
                    <cc:expression>props['input.data']=vars['wd.retrieve.variable'].text</cc:expression>
                    <cc:expression>props['isDummyDataExists'] = props['input.data'].toString().contains('NO-DATA-FOR-INT0017')</cc:expression>
                </cc:eval>
            </cc:steps>
        </cc:async-mediation>
	</cc:assembly>

</beans>