<?xml version="1.0" encoding="UTF-8"?>
<beans
     xmlns="http://www.springframework.org/schema/beans"
     xmlns:beans="http://www.springframework.org/schema/beans"
     xmlns:atom="http://www.w3.org/2005/Atom"
     xmlns:cc="http://www.capeclear.com/assembly/10"
     xmlns:cloud="urn:com.workday/esb/cloud/10.0"
     xmlns:env="http://schemas.xmlsoap.org/soap/envelope/"
     xmlns:pi="urn:com.workday/picof"
     xmlns:wd="urn:com.workday/bsvc"
     xmlns:xsi="http://www.w3.org/2001/XMLSchema-instance">
 
	<cc:assembly id="WorkdayAssembly" version="2020.9">
        <cc:local-out id="PIM-Error" store-message="none" endpoint="vm://wcc/PutIntegrationMessage">
            <cc:set name="is.message.severity" value="'CRITICAL'"/>
            <cc:set name="is.message.summary" value="&quot;Error details: &quot; # context.errorMessage"/>
            <cc:set name="is.message.detail" value="'Critical Error occured at ' + context.errorComponentId + '. Error details: ' + context.errorMessage"/>
        </cc:local-out>
        <cc:async-mediation id="Store-Log1" routes-to="PIM-Error">
            <cc:steps>
                <cc:store id="Store" input="variable" input-variable="vLog" expiresIn="P@{props['doc.period.days']}D" title="CloudLog_SA_Load_Empl_Contract_CO.html"/>
            </cc:steps>
        </cc:async-mediation>
        <cc:send-error id="Global-Error-Handler" routes-to="Store-Log1"/>
        <cc:workday-out-rest id="restWrkrCO" routes-response-to="AsyncMediation" extra-path="@{intsys.reportService.getExtrapath('Get_Empl-Contract-Wrkr')}?Worker!WID=@{props['lp.Employee']}&amp;contractId=@{props['lp.ContractId']}" method="GET"/>
        <cc:async-mediation id="Log-Error1" routes-to="PIM1">
            <cc:steps>
                <cc:cloud-log id="CloudLog" header="@{props['log.Header']}" level="error" message="No Data found in Custom Obj for @{props['employeeId']} for contract: @{props['lp.ContractId']}" message-details="Error at: @{context.errorComponentId} - @{context.errorMessage}" output-file-type="HTML" variable-name="vLog"/>
                <cc:eval id="Eval">
                    <cc:expression>props['isError'] = true</cc:expression>
                </cc:eval>
            </cc:steps>
        </cc:async-mediation>
        <cc:async-mediation id="Rpt-Params" routes-to="restWrkrCO" handle-downstream-errors="true">
            <cc:steps>
                <cc:log id="Log">
                    <cc:log-message>
                        <cc:line-separator/>
                        <cc:text>Employee=@{props['lp.Employee']}&#xD;
contractId=@{props['lp.ContractId']}&#xD;
</cc:text>
                        <cc:line-separator/>
                    </cc:log-message>
                </cc:log>
            </cc:steps>
            <cc:send-error id="SendError" rethrow-error="true" routes-to="Log-Error1"/>
        </cc:async-mediation>
        <cc:local-in id="Run-Wrkr-CO-API" routes-to="Rpt-Params"/>
        <cc:async-mediation id="Log-Error">
            <cc:steps>
                <cc:cloud-log id="CloudLog" header="@{props['log.Header']}" level="error" message="Error at: @{context.errorComponentId} - Error Msg: @{context.errorMessage}" message-details="@{context.errorMessage}" output-file-type="HTML" variable-name="vLog"/>
                <cc:eval id="Eval">
                    <cc:expression>props['isError'] = true</cc:expression>
                </cc:eval>
            </cc:steps>
        </cc:async-mediation>
        <cc:async-mediation id="init-props" handle-downstream-errors="true">
            <cc:steps>
                <cc:eval id="attr-and-maps"><cc:expression>props['doc.period.days'] = intsys.getAttribute('Document Retention Period (Days)')</cc:expression>
                    <cc:expression>if (props['doc.period.days'] == empty) { props['doc.period.days'] = 90 };</cc:expression>
                    <cc:expression>props['WWS.Version'] = intsys.getAttribute('Web Service API Version')</cc:expression>
                    <cc:expression>if (props['WWS.Version'] == empty) { props['WWS.Version'] = 'v34.2' };</cc:expression></cc:eval>
                <cc:eval id="LP">
                    <cc:expression>props['lp.Employee'] = lp.getReferenceData('Worker', 'WID');</cc:expression>
                    <cc:expression>props['lp.ContractId'] = lp.getReferenceData('Employee Contract', 'Employee_Contract_ID');</cc:expression>
                    <cc:expression>//props['ContractId'] = props['lp.ContractId'].replace(' ','%20').toString();</cc:expression>
                    <cc:expression>props['employeeId'] = lp.getReferenceData('Worker', 'Employee_ID');</cc:expression>
                    <cc:expression>props['lp.ContractId.wid'] = lp.getReferenceData('Employee Contract', 'WID');</cc:expression>
                </cc:eval>
                <cc:eval id="Init">
                    <cc:expression>props['log.Header'] = 'Error Log File to load Employee Contract Custom Object'</cc:expression>
                    <cc:expression>props['intsys.name'] = intsys.name;</cc:expression>
                    <cc:expression>props['int.name'] = props['intsys.name'].substring(props['intsys.name'].lastIndexOf('/')+1)</cc:expression>
                    <cc:expression>props['isError'] = false</cc:expression>
                </cc:eval>
                <cc:log id="Log">
                    <cc:log-message>
                        <cc:line-separator/>
                        <cc:text>Running Integration:@{props['int.name']}</cc:text>
                    </cc:log-message>
                </cc:log>
            </cc:steps>
            <cc:send-error id="SendError" rethrow-error="true" routes-to="Log-Error"/>
        </cc:async-mediation>
        <cc:local-in id="Init" routes-to="init-props"/>
        <cc:local-out id="Status-PIM" store-message="none" execute-when="vars.isVariable('vLog')" endpoint="vm://wcc/PutIntegrationMessage">
            <cc:set name="is.message.severity" value="props['log.severity']"/>
            <cc:set name="is.message.summary" value="'Refer cloud Log for Error Details'"/>
        </cc:local-out>
        <cc:async-mediation id="Store-Log-File" routes-to="Status-PIM" execute-steps-when="vars.isVariable('vLog')">
            <cc:steps>
                <cc:store id="Store" output="message" input="variable" input-variable="vLog" expiresIn="P@{props['doc.period.days']}D" title="CloudLog_SA_Load_Empl_Contract_CO.html"/>
                <cc:eval id="Eval">
                    <cc:expression>props['log.severity'] = 'INFO';</cc:expression>
                    <cc:expression>if(props['isWarn'] == true) {(props['log.severity'] = 'WARNING')};</cc:expression>
                    <cc:expression>if(props['isError'] == true) {(props['log.severity'] = 'ERROR')};</cc:expression>
                </cc:eval>
            </cc:steps>
        </cc:async-mediation>
        <cc:local-out id="Call-Load-EC-CO" store-message="none" execute-when="!props['isError']" routes-response-to="Store-Log-File" endpoint="vm://POV-SA-Load-Empl-Contract-CO/Load-EC-CO"/>
        <cc:local-out id="Call-Wrkr-CO-API" store-message="none" routes-response-to="Call-Load-EC-CO" endpoint="vm://POV-SA-Load-Empl-Contract-CO/Run-Wrkr-CO-API"/>
        <cc:local-out id="Call-Init" store-message="none" routes-response-to="Call-Wrkr-CO-API" endpoint="vm://POV-SA-Load-Empl-Contract-CO/Init"/>
        <cc:workday-in id="Load-Empl-Contract-CO" routes-to="Call-Init">
            <cc:integration-system name="POV-SA-Load-Empl-Contract-CO">
        <cloud:param name="Employee Contract">
          <cloud:type>
            <cloud:class-report-field description="Employee Contract" type="WID" singular="true">b0469cf6407210000a405f7875f500b4</cloud:class-report-field>
          </cloud:type>
        </cloud:param>
        <cloud:param name="Worker">
          <cloud:type>
            <cloud:class-report-field description="Worker" type="WID" singular="true">ec614fb7912d465cab2f18552f45ba96</cloud:class-report-field>
          </cloud:type>
        </cloud:param>
        <cloud:attribute-map-service name="SA-POV-Attr-Service">
          <cloud:attribute name="Document Retention Period (Days)">
            <cloud:type>
              <cloud:simple-type>number</cloud:simple-type>
            </cloud:type>
          </cloud:attribute>
        </cloud:attribute-map-service>
        <cloud:report-service name="SA-POV-Report-Service">
          <cloud:report-alias description="RPT-SA-Get-Empl-Contract-Wrkr-Temp" name="Get_Empl-Contract-Wrkr">
            <cloud:report-reference description="RPT-SA-Get-Empl-Contract-Wrkr-Temp" type="WID">02e69360494101a5d62c403d77256f11</cloud:report-reference>
          </cloud:report-alias>
        </cloud:report-service>
        <cloud:custom-object-service name="SA-POV-Custom-Object-Service">
          <cloud:custom-object-alias description="SA Employee Contract Wrkr" name="saEmployeeContractWrkr">
            <cloud:custom-object-reference description="SA Employee Contract Wrkr" type="WID">02e6936049410157881065052326bc46</cloud:custom-object-reference>
          </cloud:custom-object-alias>
          <cloud:custom-object-alias description="SA Employee Contract SI" name="saEmployeeContractSi">
            <cloud:custom-object-reference description="SA Employee Contract SI" type="WID">02e69360494101b7f3e25f0f4825900c</cloud:custom-object-reference>
          </cloud:custom-object-alias>
        </cloud:custom-object-service>
      </cc:integration-system>
        </cc:workday-in>
        <cc:local-in id="Load-EC-CO" routes-to="EC-CO"/>
        <cc:async-mediation id="EC-CO" routes-to="AddUpd-EC-CO" handle-downstream-errors="true">
            <cc:steps>
                <cc:copy id="Copy" output="message" input="variable" input-variable="vRptData"/>
                <cc:xslt-plus id="XsltPlus" url="Build-xml-to-Json-AddUpd-EC-CO.xsl"/>
                <cc:store id="Store" output="variable" output-variable="sJSON" title="Log3_JSON_RQST.txt"/>
            </cc:steps>
            <cc:send-error id="SendError" routes-to="Log-Error2"/>
        </cc:async-mediation>
        <cc:async-mediation id="Log-Error2">
            <cc:steps>
                <cc:eval id="Eval">
                    <cc:expression>props['isError'] = true</cc:expression>
                    <cc:expression>props['upd.EC.CO'] = 'Error'</cc:expression>
                </cc:eval>
                <cc:cloud-log id="CloudLog" header="@{props['log.Header']}" level="error" message="Error at: @{context.errorComponentId} -for Employee: @{props['employeeId']} on Contract: @{props['lp.ContractId']}" message-details="@{context.errorMessage}" output-file-type="HTML" variable-name="vLog">
                    <cc:log-column key="CO-Status" label="CO Status">@{props['upd.EC.CO']}</cc:log-column>
                </cc:cloud-log>
            </cc:steps>
        </cc:async-mediation>
        <cc:workday-out-rest id="AddUpd-EC-CO" routes-response-to="Log-Info1" extra-path="@{intsys.customObjectService.getExtrapath('saEmployeeContractSi')}?updateIfExists=true" method="POST"/>
        <cc:async-mediation id="Log-Info1" routes-to="Del-wrkr-CO">
            <cc:steps>
                <cc:eval id="Eval">
                    <cc:expression>//props['isError'] = true</cc:expression>
                    <cc:expression>props['upd.EC.CO'] = 'Success'</cc:expression>
                </cc:eval>
                <cc:cloud-log id="CloudLog" header="@{props['log.Header']}" level="info" message="Employee Contract Custom Obj added/updated for Employee: @{props['employeeId']} for Contract: @{props['lp.ContractId']}" output-file-type="HTML" variable-name="vLog">
                    <cc:log-column key="CO-Status" label="CO Status">@{props['upd.EC.CO']}</cc:log-column>
                </cc:cloud-log>
                <cc:write id="Write">
                    <cc:message>
                        <cc:text>&lt;?xml version=&quot;1.0&quot; encoding=&quot;UTF-8&quot;?>&#xD;
</cc:text>
                    </cc:message>
                </cc:write>
            </cc:steps>
        </cc:async-mediation>
        <cc:workday-out-rest id="Del-wrkr-CO" routes-response-to="Log-Info2" extra-path="@{intsys.customObjectService.getExtrapath('saEmployeeContractWrkr')}/@{props['temp.worker.co.wid']}" method="DELETE"/>
        <cc:async-mediation id="Log-Info2">
            <cc:steps>
                <cc:eval id="Eval">
                    <cc:expression>//props['isError'] = true</cc:expression>
                    <cc:expression>props['del.wrkr.CO'] = 'Success'</cc:expression>
                </cc:eval>
                <cc:cloud-log id="CloudLog" header="@{props['log.Header']}" level="info" message="Worker CO data is deleted for Employee: @{props['employeeId']} for Contract: @{props['lp.ContractId']}" output-file-type="HTML" variable-name="vLog">
                    <cc:log-column key="CO-Status" label="CO Status">@{props['del.wrkr.CO']}</cc:log-column>
                </cc:cloud-log>
            </cc:steps>
        </cc:async-mediation>
        <cc:local-out id="PIM1" endpoint="vm://wcc/PutIntegrationMessage"><cc:set name="is.message.severity" value="'ERROR'"/><cc:set name="is.message.summary" value="'No Data found in Custom Obj for ' + props['employeeId'] + ' for contract: ' + props['lp.ContractId']"/><cc:set name="is.message.detail" value="'Error at: ' # context.errorComponentId # ' - ' # context.errorMessage"/></cc:local-out>
        <cc:async-mediation id="AsyncMediation0">
            <cc:steps>
                <cc:xslt-plus id="XsltPlus" url="Transformation.xsl"/>
                <cc:eval id="Eval">
                    <cc:expression>props['temp.worker.co.wid'] = parts[0].xpath('root/data/id')</cc:expression>
                </cc:eval>
                <cc:copy id="Copy" output="variable" output-variable="vRptData"/>
                <cc:store id="Store" output="variable" output-variable="sRpt_XFRM" title="Log2_RPT_XFRM.xml"/>
            </cc:steps>
            <cc:send-error id="SendError" routes-to="Log-Error20"/>
        </cc:async-mediation>
        <cc:async-mediation id="AsyncMediation" routes-to="AsyncMediation0" handle-downstream-errors="true">
            <cc:steps>
                <cc:store id="Store" output="variable" output-variable="sRpt_Data" title="Log1_RPT_DATA.xml"/>
                <cc:validate-exp id="ValidateExp">
                    <cc:expression failure-message="Data not found in temp worker custom object ">parts[0].xpath('exists(wd:Report_Data/wd:Report_Entry)') == 'true'</cc:expression>
                </cc:validate-exp>
            </cc:steps>
            <cc:send-error id="SendError" routes-to="Log-Error1"/>
        </cc:async-mediation>
        <cc:async-mediation id="Log-Error20">
            <cc:steps>
                <cc:eval id="Eval">
                    <cc:expression>props['isError'] = true</cc:expression>
                    <cc:expression>props['upd.EC.CO'] = 'Error'</cc:expression>
                </cc:eval>
                <cc:cloud-log id="CloudLog" header="@{props['log.Header']}" level="error" message="Error at: @{context.errorComponentId} -for Employee: @{props['employeeId']} on Contract: @{props['lp.ContractId']}" message-details="@{context.errorMessage}" output-file-type="HTML" variable-name="vLog">
                    <cc:log-column key="CO-Status" label="CO Status">@{props['upd.EC.CO']}</cc:log-column>
                </cc:cloud-log>
            </cc:steps>
        </cc:async-mediation>
	</cc:assembly>

</beans>