<?xml version="1.0" encoding="UTF-8"?>
<wdnm:Diagram xmlns:wdnm="http://workday.com/studio/editors/notation">
  <element href="assembly.xml#WorkdayAssembly"/>
  <visualProperties x="70" y="47">
    <element href="assembly.xml#StartHere"/>
  </visualProperties>
  <visualProperties x="101" y="168">
    <element href="assembly.xml#Call_Initialize"/>
  </visualProperties>
  <visualProperties x="307" y="174">
    <element href="assembly.xml#Initialize"/>
  </visualProperties>
  <visualProperties x="379" y="175">
    <element href="assembly.xml#Inititialize"/>
  </visualProperties>
  <visualProperties x="538" y="211">
    <element href="assembly.xml#GetEventDocuments"/>
  </visualProperties>
  <visualProperties x="745" y="196">
    <element href="assembly.xml#DocIterator"/>
  </visualProperties>
  <visualProperties x="686" y="494">
    <element href="assembly.xml#FileNames"/>
  </visualProperties>
  <visualProperties x="843" y="494">
    <element href="assembly.xml#CopyToMessage"/>
  </visualProperties>
  <visualProperties x="1007" y="523">
    <element href="assembly.xml#CallAggregate"/>
  </visualProperties>
  <visualProperties>
    <element href="assembly.xml#Aggregate"/>
  </visualProperties>
  <visualProperties>
    <element href="assembly.xml#Aggregator0"/>
  </visualProperties>
  <visualProperties>
    <element href="assembly.xml#SaveFile"/>
  </visualProperties>
  <visualProperties x="335" y="8">
    <element href="assembly.xml#//@beans/@mixed.1/@mixed.25"/>
  </visualProperties>
  <visualProperties x="640" y="8">
    <element href="assembly.xml#Note-Error"/>
  </visualProperties>
  <visualProperties x="461" y="199">
    <element href="assembly.xml#CallFinalAggregate"/>
  </visualProperties>
  <visualProperties x="395" y="36">
    <element href="assembly.xml#PutIntegrationMessage0"/>
  </visualProperties>
  <visualProperties x="670" y="774">
    <element href="assembly.xml#PutIntegrationMessage00"/>
  </visualProperties>
  <visualProperties x="313" y="833">
    <element href="assembly.xml#FullFile"/>
  </visualProperties>
  <visualProperties x="444" y="839">
    <element href="assembly.xml#FullFileMediation"/>
  </visualProperties>
  <visualProperties x="110" y="301">
    <element href="assembly.xml#CallFullFile"/>
  </visualProperties>
  <visualProperties x="306" y="1003">
    <element href="assembly.xml#RegularMode"/>
  </visualProperties>
  <visualProperties x="439" y="1017">
    <element href="assembly.xml#RegularMediation"/>
  </visualProperties>
  <visualProperties x="682" y="1059">
    <element href="assembly.xml#Splitter"/>
  </visualProperties>
  <visualProperties x="818" y="1036">
    <element href="assembly.xml#RptPrep"/>
  </visualProperties>
  <visualProperties x="970" y="1041">
    <element href="assembly.xml#WorkdayOutRest"/>
  </visualProperties>
  <visualProperties x="1286" y="1055">
    <element href="assembly.xml#Aggregator"/>
  </visualProperties>
  <visualProperties x="1472" y="1043">
    <element href="assembly.xml#RegStore"/>
  </visualProperties>
  <visualProperties x="146" y="367">
    <element href="assembly.xml#CallRegularMode"/>
  </visualProperties>
  <visualProperties x="130" y="441">
    <element href="assembly.xml#CallAggBatch"/>
  </visualProperties>
  <visualProperties x="1397" y="1046">
    <element href="assembly.xml#AggBatch"/>
  </visualProperties>
  <visualProperties x="761" y="1040">
    <element href="assembly.xml#RptPrmpts"/>
  </visualProperties>
  <visualProperties x="1623" y="1098">
    <element href="assembly.xml#CloseAgg"/>
  </visualProperties>
  <visualProperties x="556" y="1081">
    <element href="assembly.xml#PutIntegrationMessage01"/>
  </visualProperties>
  <visualProperties x="484" y="187">
    <element href="assembly.xml#PutIntegrationMessage02"/>
  </visualProperties>
  <visualProperties x="1437" y="1176">
    <element href="assembly.xml#PutIntegrationMessage"/>
  </visualProperties>
  <visualProperties x="2185" y="1179">
    <element href="assembly.xml#PutIntegrationMessage1"/>
  </visualProperties>
  <visualProperties x="2078" y="1208">
    <element href="assembly.xml#PutIntegrationMessage2"/>
  </visualProperties>
  <visualProperties x="808" y="186">
    <element href="assembly.xml#PutIntegrationMessage03"/>
  </visualProperties>
  <visualProperties x="1158" y="171">
    <element href="assembly.xml#PutIntegrationMessage030"/>
  </visualProperties>
  <visualProperties x="2667" y="1072">
    <element href="assembly.xml#PutIntegrationMessage3"/>
  </visualProperties>
  <visualProperties x="2390" y="194">
    <element href="assembly.xml#PutIntegrationMessage30"/>
  </visualProperties>
  <visualProperties x="795" y="1160">
    <element href="assembly.xml#Route"/>
  </visualProperties>
  <visualProperties x="864" y="943">
    <element href="assembly.xml#PutIntegrationMessage4"/>
  </visualProperties>
  <visualProperties x="419" y="1744">
    <element href="assembly.xml#Multithread"/>
  </visualProperties>
  <visualProperties>
    <element href="assembly.xml#RegularMediation0"/>
  </visualProperties>
  <visualProperties>
    <element href="assembly.xml#PutIntegrationMessage010"/>
  </visualProperties>
  <visualProperties x="290" y="1326">
    <element href="assembly.xml#Route0"/>
  </visualProperties>
  <visualProperties>
    <element href="assembly.xml#RptPrmptsMulti"/>
  </visualProperties>
  <visualProperties>
    <element href="assembly.xml#PutIntegrationMessage020"/>
  </visualProperties>
  <visualProperties x="771" y="1326">
    <element href="assembly.xml#Splitter0"/>
  </visualProperties>
  <visualProperties x="1041" y="1783">
    <element href="assembly.xml#StoreMain"/>
  </visualProperties>
  <visualProperties x="1140" y="1899">
    <element href="assembly.xml#PutIntegrationMessage5"/>
  </visualProperties>
  <visualProperties x="1006" y="1996">
    <element href="assembly.xml#PutIntegrationMessage6"/>
  </visualProperties>
  <visualProperties x="204" y="500">
    <element href="assembly.xml#CallMultiThread"/>
  </visualProperties>
  <visualProperties x="1484" y="2270">
    <element href="assembly.xml#Aggregator1"/>
  </visualProperties>
  <visualProperties x="1662" y="2209">
    <element href="assembly.xml#StoreMulti"/>
  </visualProperties>
  <visualProperties x="1751" y="2331">
    <element href="assembly.xml#PutIntegrationMessage8"/>
  </visualProperties>
  <visualProperties x="102" y="2581">
    <element href="assembly.xml#StartHere_Multi_Thread_Report"/>
  </visualProperties>
  <visualProperties>
    <element href="assembly.xml#Splitter1"/>
  </visualProperties>
  <visualProperties>
    <element href="assembly.xml#RptPrep0"/>
  </visualProperties>
  <visualProperties>
    <element href="assembly.xml#PutIntegrationMessage9"/>
  </visualProperties>
  <visualProperties>
    <element href="assembly.xml#WorkdayOutRest0"/>
  </visualProperties>
  <visualProperties>
    <element href="assembly.xml#Aggregator2"/>
  </visualProperties>
  <visualProperties x="347" y="2714">
    <element href="assembly.xml#GetEventDocuments0"/>
  </visualProperties>
  <visualProperties x="544" y="2720">
    <element href="assembly.xml#Route1"/>
  </visualProperties>
  <visualProperties x="337" y="2710">
    <element href="assembly.xml#Params"/>
  </visualProperties>
  <visualProperties x="405" y="2799">
    <element href="assembly.xml#PutIntegrationMessage10"/>
  </visualProperties>
  <visualProperties x="1687" y="2663">
    <element href="assembly.xml#MultiStore"/>
  </visualProperties>
  <visualProperties x="1769" y="2789">
    <element href="assembly.xml#PutIntegrationMessage11"/>
  </visualProperties>
  <visualProperties x="1947" y="2704">
    <element href="assembly.xml#PutIntegrationMessage12"/>
  </visualProperties>
  <visualProperties x="96" y="2909">
    <element href="assembly.xml#StartHere_Multi_Thread_Output"/>
  </visualProperties>
  <visualProperties x="337" y="2931">
    <element href="assembly.xml#GetEventDocuments1"/>
  </visualProperties>
  <visualProperties x="564" y="2946">
    <element href="assembly.xml#Route2"/>
  </visualProperties>
  <visualProperties x="15" y="2983">
    <element href="assembly.xml#Aggregator3"/>
  </visualProperties>
  <visualProperties>
    <element href="assembly.xml#MultiStore2"/>
  </visualProperties>
  <visualProperties>
    <element href="assembly.xml#PutIntegrationMessage13"/>
  </visualProperties>
  <visualProperties x="425" y="3087">
    <element href="assembly.xml#PutIntegrationMessage31"/>
  </visualProperties>
  <visualProperties>
    <element href="assembly.xml#GetIntevent"/>
  </visualProperties>
  <visualProperties>
    <element href="assembly.xml#Error-Init2"/>
  </visualProperties>
  <visualProperties x="185" y="3232">
    <element href="assembly.xml#WorkdayOutSoap"/>
  </visualProperties>
  <visualProperties>
    <element href="assembly.xml#ParentLPs"/>
  </visualProperties>
  <visualProperties>
    <element href="assembly.xml#Error-Init3"/>
  </visualProperties>
  <visualProperties x="1432" y="2256">
    <element href="assembly.xml#BatchCount"/>
  </visualProperties>
  <visualProperties x="1576" y="2363">
    <element href="assembly.xml#PutIntegrationMessage14"/>
  </visualProperties>
  <visualProperties x="2121" y="2263">
    <element href="assembly.xml#PutIntegrationMessage7"/>
  </visualProperties>
  <visualProperties x="1212" y="2962">
    <element href="assembly.xml#CopyOVar"/>
  </visualProperties>
  <visualProperties x="1153" y="2661">
    <element href="assembly.xml#CopyRVar"/>
  </visualProperties>
  <visualProperties x="1158" y="2792">
    <element href="assembly.xml#PutIntegrationMessage15"/>
  </visualProperties>
  <visualProperties x="1393" y="3098">
    <element href="assembly.xml#PutIntegrationMessage16"/>
  </visualProperties>
  <visualProperties x="450" y="2987">
    <element href="assembly.xml#CombineOutput"/>
  </visualProperties>
  <visualProperties x="253" y="3012">
    <element href="assembly.xml#CallCombineOutput"/>
  </visualProperties>
  <visualProperties x="594" y="3001">
    <element href="assembly.xml#CallCombineAgg"/>
  </visualProperties>
  <visualProperties x="1862" y="2967">
    <element href="assembly.xml#CombineAgg"/>
  </visualProperties>
  <visualProperties x="1882" y="3009">
    <element href="assembly.xml#CommbineAgg"/>
  </visualProperties>
  <visualProperties x="1936" y="3107">
    <element href="assembly.xml#PutIntegrationMessage17"/>
  </visualProperties>
  <visualProperties x="1809" y="2236">
    <element href="assembly.xml#CloseAgg1"/>
  </visualProperties>
  <visualProperties x="1808" y="2291">
    <element href="assembly.xml#AsyncMediation"/>
  </visualProperties>
  <visualProperties x="195" y="615">
    <element href="assembly.xml#CallAggBatch1"/>
  </visualProperties>
  <visualProperties x="392" y="2792">
    <element href="assembly.xml#MultiThreadReport"/>
  </visualProperties>
  <visualProperties x="304" y="2861">
    <element href="assembly.xml#CallMultiThreadReport"/>
  </visualProperties>
  <visualProperties x="184" y="2897">
    <element href="assembly.xml#CallCloseAgg2"/>
  </visualProperties>
  <visualProperties x="2134" y="2778">
    <element href="assembly.xml#CloseAgg2"/>
  </visualProperties>
  <visualProperties x="2128" y="2805">
    <element href="assembly.xml#AsyncMediation0"/>
  </visualProperties>
  <connections type="routesTo" sourceAnchorX="0.7431192660550459" sourceAnchorY="1.0" targetAnchorX="0.5923076923076923" targetAnchorY="0.32432432432432434">
    <source href="assembly.xml#StartHere"/>
    <target href="assembly.xml#Call_Initialize"/>
  </connections>
  <connections type="routesTo" sourceAnchorX="1.0" sourceAnchorY="0.6216216216216216" targetAnchorX="0.3228346456692913" targetAnchorY="0.14130434782608695">
    <source href="assembly.xml#Initialize"/>
    <target href="assembly.xml#Inititialize"/>
  </connections>
  <connections type="routesTo" sourceAnchorX="1.0" sourceAnchorY="0.21739130434782608" targetAnchorY="0.6086956521739131">
    <source href="assembly.xml#FileNames"/>
    <target href="assembly.xml#CopyToMessage"/>
  </connections>
  <connections type="routesTo" sourceAnchorX="1.0" sourceAnchorY="0.2826086956521739" targetAnchorX="0.29357798165137616" targetAnchorY="0.6216216216216216">
    <source href="assembly.xml#CopyToMessage"/>
    <target href="assembly.xml#CallAggregate"/>
  </connections>
  <connections type="routesTo" sourceAnchorX="1.0" sourceAnchorY="0.2169811320754717" targetAnchorX="0.4594594594594595" targetAnchorY="0.2608695652173913">
    <source href="assembly.xml#Aggregator0"/>
    <target href="assembly.xml#SaveFile"/>
  </connections>
  <connections type="routesTo" sourceAnchorX="0.9669421487603306" sourceAnchorY="0.43243243243243246" targetAnchorX="0.06060606060606061" targetAnchorY="0.3783783783783784">
    <source href="assembly.xml#//@beans/@mixed.1/@mixed.25"/>
    <target href="assembly.xml#Note-Error"/>
  </connections>
  <connections type="routesTo" sourceAnchorX="1.0" sourceAnchorY="0.2127659574468085" targetAnchorX="0.17647058823529413" targetAnchorY="0.1891891891891892">
    <source href="assembly.xml#Inititialize"/>
    <target href="assembly.xml#GetEventDocuments"/>
  </connections>
  <connections type="routesTo" sourceAnchorX="1.0" sourceAnchorY="0.7058823529411765" targetAnchorX="0.11940298507462686" targetAnchorY="0.24468085106382978">
    <source href="assembly.xml#//@beans/@mixed.1/@route.0/@subRoute.0"/>
    <target href="assembly.xml#FileNames"/>
  </connections>
  <connections type="routesTo" sourceAnchorX="0.6263736263736264" sourceAnchorY="1.0" targetAnchorX="0.3686868686868687" targetAnchorY="0.24324324324324326">
    <source href="assembly.xml#//@beans/@mixed.1/@mixed.19/@mixed.3"/>
    <target href="assembly.xml#PutIntegrationMessage00"/>
  </connections>
  <connections type="routesResponseTo" sourceAnchorX="0.6846153846153846" sourceAnchorY="1.0" targetAnchorX="0.4935064935064935" targetAnchorY="0.3783783783783784">
    <source href="assembly.xml#Call_Initialize"/>
    <target href="assembly.xml#CallFinalAggregate"/>
  </connections>
  <connections type="routesTo" sourceAnchorX="0.3516483516483517" sourceAnchorY="1.0" targetAnchorX="0.3403141361256545" targetAnchorY="0.3783783783783784">
    <source href="assembly.xml#//@beans/@mixed.1/@mixed.7/@mixed.3"/>
    <target href="assembly.xml#PutIntegrationMessage0"/>
  </connections>
  <connections type="routesTo" sourceAnchorX="1.0" sourceAnchorY="0.5675675675675675" targetAnchorX="0.3779527559055118" targetAnchorY="0.10869565217391304">
    <source href="assembly.xml#FullFile"/>
    <target href="assembly.xml#FullFileMediation"/>
  </connections>
  <connections type="routesResponseTo" sourceAnchorY="1.0" targetAnchorX="0.5347222222222222" targetAnchorY="0.2972972972972973">
    <source href="assembly.xml#CallFinalAggregate"/>
    <target href="assembly.xml#CallFullFile"/>
  </connections>
  <connections type="routesTo" sourceAnchorX="1.0" sourceAnchorY="0.4594594594594595" targetAnchorX="0.25196850393700787" targetAnchorY="0.10869565217391304">
    <source href="assembly.xml#RegularMode"/>
    <target href="assembly.xml#RegularMediation"/>
  </connections>
  <connections type="routesResponseTo" sourceAnchorX="0.7063492063492064" sourceAnchorY="1.0" targetAnchorX="0.5416666666666666" targetAnchorY="0.32432432432432434">
    <source href="assembly.xml#CallFullFile"/>
    <target href="assembly.xml#CallRegularMode"/>
  </connections>
  <connections type="routesResponseTo" sourceAnchorX="0.6388888888888888" sourceAnchorY="1.0" targetAnchorX="0.4503311258278146" targetAnchorY="0.43243243243243246">
    <source href="assembly.xml#CallRegularMode"/>
    <target href="assembly.xml#CallAggBatch"/>
  </connections>
  <connections type="routesTo" sourceAnchorX="1.0" sourceAnchorY="0.2765957446808511" targetAnchorX="0.24299065420560748" targetAnchorY="0.1038961038961039">
    <source href="assembly.xml#RptPrmpts"/>
    <target href="assembly.xml#Splitter"/>
  </connections>
  <connections type="routesTo" sourceAnchorX="0.6330275229357798" sourceAnchorY="1.0" targetAnchorX="0.5408163265306123" targetAnchorY="0.08">
    <source href="assembly.xml#AggBatch"/>
    <target href="assembly.xml#CloseAgg"/>
  </connections>
  <connections type="routesTo" sourceAnchorX="1.0" sourceAnchorY="0.30851063829787234" targetAnchorX="0.5816993464052288" targetAnchorY="0.11320754716981132">
    <source href="assembly.xml#CloseAgg"/>
    <target href="assembly.xml#Aggregator"/>
  </connections>
  <connections type="routesTo" sourceAnchorX="0.553030303030303" sourceAnchorY="1.0" targetAnchorX="0.4696969696969697" targetAnchorY="0.35135135135135137">
    <source href="assembly.xml#//@beans/@mixed.1/@mixed.43/@mixed.3"/>
    <target href="assembly.xml#PutIntegrationMessage01"/>
  </connections>
  <connections type="routesTo" sourceAnchorX="0.4094488188976378" sourceAnchorY="1.0" targetAnchorX="0.41919191919191917" targetAnchorY="0.4864864864864865">
    <source href="assembly.xml#//@beans/@mixed.1/@mixed.61/@mixed.3"/>
    <target href="assembly.xml#PutIntegrationMessage02"/>
  </connections>
  <connections type="routesTo" sourceAnchorX="0.4" sourceAnchorY="1.0" targetAnchorX="0.3532608695652174" targetAnchorY="0.21621621621621623">
    <source href="assembly.xml#//@beans/@mixed.1/@mixed.47/@mixed.3"/>
    <target href="assembly.xml#PutIntegrationMessage"/>
  </connections>
  <connections type="routesTo" sourceAnchorX="0.5792682926829268" sourceAnchorY="1.0" targetAnchorX="0.47643979057591623" targetAnchorY="0.24324324324324326">
    <source href="assembly.xml#//@beans/@mixed.1/@mixed.53/@mixed.3"/>
    <target href="assembly.xml#PutIntegrationMessage1"/>
  </connections>
  <connections type="routesTo" sourceAnchorX="1.0" sourceAnchorY="0.6666666666666666" targetAnchorX="0.16753926701570682" targetAnchorY="0.40540540540540543">
    <source href="assembly.xml#//@beans/@mixed.1/@mixed.63/@mixed.3"/>
    <target href="assembly.xml#PutIntegrationMessage2"/>
  </connections>
  <connections type="routesTo" sourceAnchorX="0.5826771653543307" sourceAnchorY="1.0" targetAnchorX="0.4444444444444444" targetAnchorY="0.2972972972972973">
    <source href="assembly.xml#//@beans/@mixed.1/@mixed.17/@mixed.3"/>
    <target href="assembly.xml#PutIntegrationMessage03"/>
  </connections>
  <connections type="routesTo" sourceAnchorX="0.5039370078740157" sourceAnchorY="1.0" targetAnchorX="0.3853658536585366" targetAnchorY="0.13513513513513514">
    <source href="assembly.xml#//@beans/@mixed.1/@mixed.15/@mixed.3"/>
    <target href="assembly.xml#PutIntegrationMessage030"/>
  </connections>
  <connections type="routesTo" sourceAnchorX="1.0" sourceAnchorY="0.272" targetAnchorX="0.21476510067114093" targetAnchorY="0.2972972972972973">
    <source href="assembly.xml#RptPrep"/>
    <target href="assembly.xml#WorkdayOutRest"/>
  </connections>
  <connections type="routesTo" sourceAnchorX="1.0" sourceAnchorY="0.128" targetAnchorX="0.18691588785046728" targetAnchorY="0.09424083769633508">
    <source href="assembly.xml#RegularMediation"/>
    <target href="assembly.xml#Route"/>
  </connections>
  <connections type="routesTo" sourceAnchorX="1.0" sourceAnchorY="0.168" targetAnchorX="0.09424083769633508" targetAnchorY="0.5945945945945946">
    <source href="assembly.xml#RegStore"/>
    <target href="assembly.xml#PutIntegrationMessage3"/>
  </connections>
  <connections type="routesTo" sourceAnchorX="1.0" sourceAnchorY="0.24468085106382978" targetAnchorX="0.1919191919191919" targetAnchorY="0.3783783783783784">
    <source href="assembly.xml#FullFileMediation"/>
    <target href="assembly.xml#PutIntegrationMessage30"/>
  </connections>
  <connections type="routesTo">
    <source href="assembly.xml#//@beans/@mixed.1/@route.1/@subRoute.0"/>
    <target href="assembly.xml#Aggregator"/>
  </connections>
  <connections type="routesTo" sourceAnchorX="1.0" sourceAnchorY="0.6176470588235294" targetAnchorX="0.02464788732394366" targetAnchorY="0.08">
    <source href="assembly.xml#//@beans/@mixed.1/@route.1/@subRoute.1"/>
    <target href="assembly.xml#RptPrmpts"/>
  </connections>
  <connections type="routesTo" sourceAnchorX="1.0" sourceAnchorY="0.22641509433962265" targetAnchorX="0.027247956403269755" targetAnchorY="0.08">
    <source href="assembly.xml#Aggregator"/>
    <target href="assembly.xml#RegStore"/>
  </connections>
  <connections type="routesTo" sourceAnchorX="1.0" sourceAnchorY="0.6764705882352942" targetAnchorX="0.28688524590163933" targetAnchorY="0.104">
    <source href="assembly.xml#//@beans/@mixed.1/@splitter.0/@subRoute.0"/>
    <target href="assembly.xml#RptPrep"/>
  </connections>
  <connections type="routesResponseTo" sourceAnchorX="0.8322147651006712" sourceAnchorY="1.0" targetAnchorX="0.16993464052287582" targetAnchorY="0.14150943396226415">
    <source href="assembly.xml#WorkdayOutRest"/>
    <target href="assembly.xml#Aggregator"/>
  </connections>
  <connections type="routesTo" sourceAnchorX="0.3086816720257235" sourceAnchorY="1.0" targetAnchorX="0.5078534031413613" targetAnchorY="0.4594594594594595">
    <source href="assembly.xml#//@beans/@mixed.1/@mixed.37/@mixed.3"/>
    <target href="assembly.xml#PutIntegrationMessage4"/>
  </connections>
  <connections type="routesResponseTo" sourceAnchorX="1.0" sourceAnchorY="0.40540540540540543" targetAnchorX="0.3364485981308411" targetAnchorY="0.07142857142857142">
    <source href="assembly.xml#GetEventDocuments"/>
    <target href="assembly.xml#DocIterator"/>
  </connections>
  <connections type="routesTo" sourceAnchorX="1.0" sourceAnchorY="0.5135135135135135" targetAnchorX="0.13725490196078433" targetAnchorY="0.10377358490566038">
    <source href="assembly.xml#Aggregate"/>
    <target href="assembly.xml#Aggregator0"/>
  </connections>
  <connections type="routesTo" sourceAnchorX="1.0" sourceAnchorY="0.128" targetAnchorX="0.18691588785046728" targetAnchorY="0.09424083769633508">
    <source href="assembly.xml#RegularMediation0"/>
    <target href="assembly.xml#Route0"/>
  </connections>
  <connections type="routesTo" sourceAnchorX="0.553030303030303" sourceAnchorY="1.0" targetAnchorX="0.4696969696969697" targetAnchorY="0.35135135135135137">
    <source href="assembly.xml#//@beans/@mixed.1/@mixed.99/@mixed.3"/>
    <target href="assembly.xml#PutIntegrationMessage010"/>
  </connections>
  <connections type="routesTo" sourceAnchorX="1.0" sourceAnchorY="0.6176470588235294" targetAnchorX="0.02464788732394366" targetAnchorY="0.08">
    <source href="assembly.xml#//@beans/@mixed.1/@route.2/@subRoute.1"/>
    <target href="assembly.xml#RptPrmptsMulti"/>
  </connections>
  <connections type="routesTo" sourceAnchorX="1.0" sourceAnchorY="0.2765957446808511" targetAnchorX="0.24299065420560748" targetAnchorY="0.1038961038961039">
    <source href="assembly.xml#RptPrmptsMulti"/>
    <target href="assembly.xml#Splitter0"/>
  </connections>
  <connections type="routesTo" sourceAnchorX="0.4094488188976378" sourceAnchorY="1.0" targetAnchorX="0.41919191919191917" targetAnchorY="0.4864864864864865">
    <source href="assembly.xml#//@beans/@mixed.1/@mixed.93/@mixed.3"/>
    <target href="assembly.xml#PutIntegrationMessage020"/>
  </connections>
  <connections type="routesTo" sourceAnchorX="1.0" sourceAnchorY="0.5135135135135135" targetAnchorX="0.13013698630136986" targetAnchorY="0.144">
    <source href="assembly.xml#Multithread"/>
    <target href="assembly.xml#RegularMediation0"/>
  </connections>
  <connections type="routesTo" sourceAnchorX="1.0" sourceAnchorY="0.47058823529411764" targetAnchorX="0.1968503937007874" targetAnchorY="0.13043478260869565">
    <source href="assembly.xml#//@beans/@mixed.1/@route.2/@subRoute.0"/>
    <target href="assembly.xml#StoreMain"/>
  </connections>
  <connections type="routesTo" sourceAnchorX="1.0" sourceAnchorY="0.2765957446808511" targetAnchorX="0.28272251308900526" targetAnchorY="0.24324324324324326">
    <source href="assembly.xml#StoreMain"/>
    <target href="assembly.xml#PutIntegrationMessage5"/>
  </connections>
  <connections type="routesTo" sourceAnchorX="0.5583333333333333" sourceAnchorY="1.0" targetAnchorX="0.418848167539267" targetAnchorY="0.5405405405405406">
    <source href="assembly.xml#//@beans/@mixed.1/@mixed.101/@mixed.3"/>
    <target href="assembly.xml#PutIntegrationMessage6"/>
  </connections>
  <connections type="routesResponseTo" sourceAnchorX="0.5648854961832062" sourceAnchorY="1.0" targetAnchorX="0.4503311258278146" targetAnchorY="0.2702702702702703">
    <source href="assembly.xml#CallAggBatch"/>
    <target href="assembly.xml#CallMultiThread"/>
  </connections>
  <connections type="routesTo" sourceAnchorX="1.0" sourceAnchorY="0.6470588235294118" targetAnchorX="0.08661417322834646" targetAnchorY="0.16304347826086957">
    <source href="assembly.xml#//@beans/@mixed.1/@splitter.1/@subRoute.0"/>
    <target href="assembly.xml#BatchCount"/>
  </connections>
  <connections type="routesTo" sourceAnchorX="1.0" sourceAnchorY="0.27358490566037735" targetAnchorX="0.25196850393700787" targetAnchorY="0.6063829787234043">
    <source href="assembly.xml#Aggregator1"/>
    <target href="assembly.xml#StoreMulti"/>
  </connections>
  <connections type="routesTo" sourceAnchorX="0.4583333333333333" sourceAnchorY="1.0" targetAnchorX="0.3769633507853403" targetAnchorY="0.1891891891891892">
    <source href="assembly.xml#//@beans/@mixed.1/@mixed.111/@mixed.3"/>
    <target href="assembly.xml#PutIntegrationMessage8"/>
  </connections>
  <connections type="routesTo" sourceAnchorX="1.0" sourceAnchorY="0.6764705882352942" targetAnchorX="0.28688524590163933" targetAnchorY="0.104">
    <source href="assembly.xml#//@beans/@mixed.1/@splitter.2/@subRoute.0"/>
    <target href="assembly.xml#RptPrep0"/>
  </connections>
  <connections type="routesTo" sourceAnchorX="1.0" sourceAnchorY="0.272" targetAnchorX="0.21476510067114093" targetAnchorY="0.2972972972972973">
    <source href="assembly.xml#RptPrep0"/>
    <target href="assembly.xml#WorkdayOutRest0"/>
  </connections>
  <connections type="routesTo" sourceAnchorX="0.4" sourceAnchorY="1.0" targetAnchorX="0.3532608695652174" targetAnchorY="0.21621621621621623">
    <source href="assembly.xml#//@beans/@mixed.1/@mixed.123/@mixed.3"/>
    <target href="assembly.xml#PutIntegrationMessage9"/>
  </connections>
  <connections type="routesResponseTo" sourceAnchorX="0.8589743589743589" sourceAnchorY="1.0" targetAnchorX="0.11764705882352941" targetAnchorY="0.16981132075471697">
    <source href="assembly.xml#WorkdayOutRest0"/>
    <target href="assembly.xml#Aggregator2"/>
  </connections>
  <connections type="routesResponseTo" sourceAnchorX="1.0" sourceAnchorY="0.1891891891891892" targetAnchorX="0.29906542056074764" targetAnchorY="0.025974025974025976">
    <source href="assembly.xml#GetEventDocuments0"/>
    <target href="assembly.xml#Route1"/>
  </connections>
  <connections type="routesTo" sourceAnchorX="1.0" sourceAnchorY="0.5294117647058824" targetAnchorX="0.15306122448979592" targetAnchorY="0.128">
    <source href="assembly.xml#//@beans/@mixed.1/@route.3/@subRoute.0"/>
    <target href="assembly.xml#CopyRVar"/>
  </connections>
  <connections type="routesTo" sourceAnchorX="1.0" sourceAnchorY="0.17391304347826086" targetAnchorX="0.07909604519774012" targetAnchorY="0.2702702702702703">
    <source href="assembly.xml#Params"/>
    <target href="assembly.xml#GetEventDocuments0"/>
  </connections>
  <connections type="routesTo" sourceAnchorX="0.48333333333333334" sourceAnchorY="1.0" targetAnchorX="0.3434343434343434" targetAnchorY="0.4594594594594595">
    <source href="assembly.xml#//@beans/@mixed.1/@mixed.131/@mixed.3"/>
    <target href="assembly.xml#PutIntegrationMessage10"/>
  </connections>
  <connections type="routesTo" sourceAnchorX="0.5583333333333333" sourceAnchorY="1.0" targetAnchorX="0.4213197969543147" targetAnchorY="0.5135135135135135">
    <source href="assembly.xml#//@beans/@mixed.1/@mixed.135/@mixed.3"/>
    <target href="assembly.xml#PutIntegrationMessage11"/>
  </connections>
  <connections type="routesTo" sourceAnchorX="1.0" sourceAnchorY="0.224" targetAnchorX="0.12121212121212122" targetAnchorY="0.16216216216216217">
    <source href="assembly.xml#MultiStore"/>
    <target href="assembly.xml#PutIntegrationMessage12"/>
  </connections>
  <connections type="routesTo" sourceAnchorX="1.0" sourceAnchorY="0.20754716981132076" targetAnchorX="0.11811023622047244" targetAnchorY="0.08">
    <source href="assembly.xml#Aggregator2"/>
    <target href="assembly.xml#MultiStore"/>
  </connections>
  <connections type="routesResponseTo" sourceAnchorX="1.0" sourceAnchorY="0.2972972972972973" targetAnchorX="0.3925233644859813" targetAnchorY="0.14012738853503184">
    <source href="assembly.xml#GetEventDocuments1"/>
    <target href="assembly.xml#Route2"/>
  </connections>
  <connections type="routesTo" sourceAnchorX="1.0" sourceAnchorY="0.5588235294117647" targetAnchorX="0.0" targetAnchorY="0.1956521739130435">
    <source href="assembly.xml#//@beans/@mixed.1/@route.4/@subRoute.0"/>
    <target href="assembly.xml#CopyOVar"/>
  </connections>
  <connections type="routesTo" sourceAnchorX="1.0" sourceAnchorY="0.168" targetAnchorX="0.09424083769633508" targetAnchorY="0.5945945945945946">
    <source href="assembly.xml#MultiStore2"/>
    <target href="assembly.xml#PutIntegrationMessage31"/>
  </connections>
  <connections type="routesTo" sourceAnchorX="0.5792682926829268" sourceAnchorY="1.0" targetAnchorX="0.47643979057591623" targetAnchorY="0.24324324324324326">
    <source href="assembly.xml#//@beans/@mixed.1/@mixed.153/@mixed.3"/>
    <target href="assembly.xml#PutIntegrationMessage13"/>
  </connections>
  <connections type="routesTo" sourceAnchorX="1.0" sourceAnchorY="0.11320754716981132" targetAnchorX="0.040880503144654086" targetAnchorY="0.048">
    <source href="assembly.xml#Aggregator3"/>
    <target href="assembly.xml#MultiStore2"/>
  </connections>
  <connections type="routesTo" sourceAnchorX="1.0" sourceAnchorY="0.24468085106382978" targetAnchorX="0.19078947368421054" targetAnchorY="0.2702702702702703">
    <source href="assembly.xml#GetIntevent"/>
    <target href="assembly.xml#WorkdayOutSoap"/>
  </connections>
  <connections type="routesTo" sourceAnchorX="0.3937007874015748" sourceAnchorY="1.0" targetAnchorX="0.4322033898305085" targetAnchorY="0.24324324324324326">
    <source href="assembly.xml#//@beans/@mixed.1/@mixed.163/@mixed.3"/>
    <target href="assembly.xml#Error-Init2"/>
  </connections>
  <connections type="routesResponseTo" sourceAnchorX="1.0" sourceAnchorY="0.5135135135135135" targetAnchorX="0.11940298507462686" targetAnchorY="0.05319148936170213">
    <source href="assembly.xml#WorkdayOutSoap"/>
    <target href="assembly.xml#ParentLPs"/>
  </connections>
  <connections type="routesTo" sourceAnchorX="0.28346456692913385" sourceAnchorY="1.0" targetAnchorX="0.3153153153153153" targetAnchorY="0.3783783783783784">
    <source href="assembly.xml#//@beans/@mixed.1/@mixed.157/@mixed.3"/>
    <target href="assembly.xml#Error-Init3"/>
  </connections>
  <connections type="routesTo" sourceAnchorX="1.0" sourceAnchorY="0.16" targetAnchorX="0.22033898305084745" targetAnchorY="0.3783783783783784">
    <source href="assembly.xml#ParentLPs"/>
    <target href="assembly.xml#GetEventDocuments1"/>
  </connections>
  <connections type="routesTo" sourceAnchorX="0.6666666666666666" sourceAnchorY="1.0" targetAnchorX="0.4444444444444444" targetAnchorY="0.3783783783783784">
    <source href="assembly.xml#//@beans/@mixed.1/@mixed.165/@mixed.3"/>
    <target href="assembly.xml#PutIntegrationMessage14"/>
  </connections>
  <connections type="routesTo" sourceAnchorX="1.0" sourceAnchorY="0.192" targetAnchorX="0.16339869281045752" targetAnchorY="0.02830188679245283">
    <source href="assembly.xml#BatchCount"/>
    <target href="assembly.xml#Aggregator1"/>
  </connections>
  <connections type="routesTo" sourceAnchorX="1.0" sourceAnchorY="0.184" targetAnchorX="0.15706806282722513" targetAnchorY="0.5675675675675675">
    <source href="assembly.xml#StoreMulti"/>
    <target href="assembly.xml#PutIntegrationMessage7"/>
  </connections>
  <connections type="routesTo" sourceAnchorX="1.0" sourceAnchorY="0.21739130434782608" targetAnchorX="0.17647058823529413" targetAnchorY="0.12264150943396226">
    <source href="assembly.xml#CopyOVar"/>
    <target href="assembly.xml#Aggregator3"/>
  </connections>
  <connections type="routesTo" sourceAnchorX="1.0" sourceAnchorY="0.128" targetAnchorX="0.29906542056074764" targetAnchorY="0.11038961038961038">
    <source href="assembly.xml#CopyRVar"/>
    <target href="assembly.xml#Splitter1"/>
  </connections>
  <connections type="routesTo" sourceAnchorX="0.6263736263736264" sourceAnchorY="1.0" targetAnchorX="0.3484848484848485" targetAnchorY="0.0">
    <source href="assembly.xml#//@beans/@mixed.1/@mixed.173/@mixed.3"/>
    <target href="assembly.xml#PutIntegrationMessage15"/>
  </connections>
  <connections type="routesTo" sourceAnchorX="0.6263736263736264" sourceAnchorY="1.0" targetAnchorX="0.35858585858585856" targetAnchorY="0.5675675675675675">
    <source href="assembly.xml#//@beans/@mixed.1/@mixed.171/@mixed.3"/>
    <target href="assembly.xml#PutIntegrationMessage16"/>
  </connections>
  <connections type="routesTo" sourceAnchorX="1.0" sourceAnchorY="0.32432432432432434" targetAnchorX="0.10655737704918032" targetAnchorY="0.064">
    <source href="assembly.xml#CombineOutput"/>
    <target href="assembly.xml#GetIntevent"/>
  </connections>
  <connections type="routesTo" sourceAnchorY="1.0" targetAnchorX="0.7083333333333334" targetAnchorY="0.4594594594594595">
    <source href="assembly.xml#StartHere_Multi_Thread_Output"/>
    <target href="assembly.xml#CallCombineOutput"/>
  </connections>
  <connections type="routesResponseTo" sourceAnchorX="0.7638888888888888" sourceAnchorY="1.0" targetAnchorX="0.6556291390728477" targetAnchorY="0.3783783783783784">
    <source href="assembly.xml#CallCombineOutput"/>
    <target href="assembly.xml#CallCombineAgg"/>
  </connections>
  <connections type="routesTo" sourceAnchorX="0.7054263565891473" sourceAnchorY="1.0" targetAnchorX="0.48031496062992124" targetAnchorY="0.13043478260869565">
    <source href="assembly.xml#CombineAgg"/>
    <target href="assembly.xml#CommbineAgg"/>
  </connections>
  <connections type="routesTo" sourceAnchorX="1.0" sourceAnchorY="0.2391304347826087" targetAnchorX="0.5424836601307189" targetAnchorY="0.018867924528301886">
    <source href="assembly.xml#CommbineAgg"/>
    <target href="assembly.xml#Aggregator3"/>
  </connections>
  <connections type="routesTo" sourceAnchorX="1.0" sourceAnchorY="0.8" targetAnchorX="0.13636363636363635" targetAnchorY="0.3783783783783784">
    <source href="assembly.xml#//@beans/@mixed.1/@mixed.187/@mixed.3"/>
    <target href="assembly.xml#PutIntegrationMessage17"/>
  </connections>
  <connections type="routesTo" sourceAnchorX="0.6721311475409836" sourceAnchorY="1.0" targetAnchorX="0.5826771653543307" targetAnchorY="0.13043478260869565">
    <source href="assembly.xml#CloseAgg1"/>
    <target href="assembly.xml#AsyncMediation"/>
  </connections>
  <connections type="routesTo" sourceAnchorX="1.0" sourceAnchorY="0.2717391304347826" targetAnchorX="0.5359477124183006" targetAnchorY="0.22641509433962265">
    <source href="assembly.xml#AsyncMediation"/>
    <target href="assembly.xml#Aggregator1"/>
  </connections>
  <connections type="routesResponseTo" sourceAnchorX="0.5524475524475524" sourceAnchorY="1.0" targetAnchorX="0.4097222222222222" targetAnchorY="0.40540540540540543">
    <source href="assembly.xml#CallMultiThread"/>
    <target href="assembly.xml#CallAggBatch1"/>
  </connections>
  <connections type="routesTo" sourceAnchorX="1.0" sourceAnchorY="0.8108108108108109" targetAnchorX="0.1557377049180328" targetAnchorY="0.072">
    <source href="assembly.xml#MultiThreadReport"/>
    <target href="assembly.xml#Params"/>
  </connections>
  <connections type="routesTo" sourceAnchorX="0.6694915254237288" sourceAnchorY="1.0" targetAnchorX="0.47761194029850745" targetAnchorY="0.14893617021276595">
    <source href="assembly.xml#CloseAgg2"/>
    <target href="assembly.xml#AsyncMediation0"/>
  </connections>
  <connections type="routesTo" sourceAnchorX="1.0" sourceAnchorY="0.18085106382978725" targetAnchorX="0.5686274509803921" targetAnchorY="0.16981132075471697">
    <source href="assembly.xml#AsyncMediation0"/>
    <target href="assembly.xml#Aggregator2"/>
  </connections>
  <connections type="routesTo" sourceAnchorX="0.5324675324675324" sourceAnchorY="1.0" targetAnchorX="0.5555555555555556" targetAnchorY="0.3783783783783784">
    <source href="assembly.xml#StartHere_Multi_Thread_Report"/>
    <target href="assembly.xml#CallMultiThreadReport"/>
  </connections>
  <connections type="routesResponseTo" sourceAnchorX="0.6666666666666666" sourceAnchorY="1.0" targetAnchorX="0.6622516556291391" targetAnchorY="0.32432432432432434">
    <source href="assembly.xml#CallMultiThreadReport"/>
    <target href="assembly.xml#CallCloseAgg2"/>
  </connections>
  <swimlanes x="131" y="43" name="INT0095E Employee Job Effective Dated Data to IDP Outbound" elements="//@swimlanes.1 //@swimlanes.2"/>
  <swimlanes x="61" y="96" name="Main" orientation="VERTICAL">
    <elements href="assembly.xml#StartHere"/>
    <elements href="assembly.xml#Call_Initialize"/>
    <elements href="assembly.xml#CallFinalAggregate"/>
    <elements href="assembly.xml#CallFullFile"/>
    <elements href="assembly.xml#CallRegularMode"/>
    <elements href="assembly.xml#CallAggBatch"/>
    <elements href="assembly.xml#CallMultiThread"/>
    <elements href="assembly.xml#CallAggBatch1"/>
  </swimlanes>
  <swimlanes x="139" y="118" name="Sub Processes" orientation="VERTICAL" elements="//@swimlanes.3 //@swimlanes.5 //@swimlanes.9 //@swimlanes.10 //@swimlanes.21"/>
  <swimlanes x="248" y="131" name="Initialize">
    <elements href="assembly.xml#Initialize"/>
    <elements href="#//@swimlanes.7"/>
    <elements href="#//@swimlanes.6"/>
    <elements href="assembly.xml#DocIterator"/>
    <elements href="#//@swimlanes.17"/>
    <elements href="#//@swimlanes.18"/>
    <elements href="assembly.xml#CallAggregate"/>
  </swimlanes>
  <swimlanes x="-107" y="2301" name="Global Error Handler">
    <elements href="assembly.xml#//@beans/@mixed.1/@mixed.25"/>
    <elements href="assembly.xml#Note-Error"/>
  </swimlanes>
  <swimlanes name="Aggregate Files" alignment="MIDDLE">
    <elements href="assembly.xml#Aggregate"/>
    <elements href="assembly.xml#Aggregator0"/>
    <elements href="#//@swimlanes.8"/>
  </swimlanes>
  <swimlanes x="332" y="216" name="" orientation="VERTICAL">
    <elements href="assembly.xml#GetEventDocuments"/>
  </swimlanes>
  <swimlanes x="777" y="255" name="" orientation="VERTICAL">
    <elements href="assembly.xml#Inititialize"/>
    <elements href="assembly.xml#PutIntegrationMessage0"/>
  </swimlanes>
  <swimlanes x="607" y="485" name="" orientation="VERTICAL">
    <elements href="assembly.xml#SaveFile"/>
    <elements href="assembly.xml#PutIntegrationMessage00"/>
  </swimlanes>
  <swimlanes x="433" y="778" name="Full File Mode">
    <elements href="assembly.xml#FullFile"/>
    <elements href="#//@swimlanes.20"/>
    <elements href="assembly.xml#PutIntegrationMessage30"/>
  </swimlanes>
  <swimlanes x="490" y="969" name="Regular Mode">
    <elements href="assembly.xml#RegularMode"/>
    <elements href="#//@swimlanes.13"/>
    <elements href="assembly.xml#Route"/>
    <elements href="#//@swimlanes.12"/>
    <elements href="assembly.xml#Splitter"/>
    <elements href="#//@swimlanes.19"/>
    <elements href="assembly.xml#WorkdayOutRest"/>
    <elements href="#//@swimlanes.11"/>
    <elements href="#//@swimlanes.15"/>
    <elements href="assembly.xml#PutIntegrationMessage3"/>
  </swimlanes>
  <swimlanes x="1309" y="1035" orientation="VERTICAL">
    <elements href="assembly.xml#AggBatch"/>
    <elements href="#//@swimlanes.16"/>
    <elements href="assembly.xml#Aggregator"/>
  </swimlanes>
  <swimlanes x="755" y="1100" name="" orientation="VERTICAL">
    <elements href="assembly.xml#RptPrmpts"/>
    <elements href="assembly.xml#PutIntegrationMessage02"/>
  </swimlanes>
  <swimlanes x="551" y="1010" name="" orientation="VERTICAL">
    <elements href="assembly.xml#RegularMediation"/>
    <elements href="assembly.xml#PutIntegrationMessage01"/>
  </swimlanes>
  <swimlanes x="1344" y="1073" name="" orientation="VERTICAL">
    <elements href="assembly.xml#RptPrep"/>
    <elements href="assembly.xml#PutIntegrationMessage"/>
  </swimlanes>
  <swimlanes x="2114" y="1012" orientation="VERTICAL">
    <elements href="assembly.xml#RegStore"/>
    <elements href="assembly.xml#PutIntegrationMessage1"/>
  </swimlanes>
  <swimlanes x="1945" y="1105" name="" orientation="VERTICAL">
    <elements href="assembly.xml#CloseAgg"/>
    <elements href="assembly.xml#PutIntegrationMessage2"/>
  </swimlanes>
  <swimlanes x="1129" y="215" name="" orientation="VERTICAL">
    <elements href="assembly.xml#FileNames"/>
    <elements href="assembly.xml#PutIntegrationMessage03"/>
  </swimlanes>
  <swimlanes x="1390" y="183" orientation="VERTICAL">
    <elements href="assembly.xml#CopyToMessage"/>
    <elements href="assembly.xml#PutIntegrationMessage030"/>
  </swimlanes>
  <swimlanes x="1883" y="1115" name="" orientation="VERTICAL" elements="//@swimlanes.14"/>
  <swimlanes x="513" y="823" name="" orientation="VERTICAL">
    <elements href="assembly.xml#FullFileMediation"/>
    <elements href="assembly.xml#PutIntegrationMessage4"/>
  </swimlanes>
  <swimlanes x="419" y="1688" name="Multithread">
    <elements href="assembly.xml#Multithread"/>
    <elements href="#//@swimlanes.22"/>
    <elements href="assembly.xml#Route0"/>
    <elements href="#//@swimlanes.24"/>
  </swimlanes>
  <swimlanes x="32" y="1326" name="" orientation="VERTICAL">
    <elements href="assembly.xml#RegularMediation0"/>
    <elements href="assembly.xml#PutIntegrationMessage010"/>
  </swimlanes>
  <swimlanes x="427" y="1326" name="" orientation="VERTICAL">
    <elements href="assembly.xml#RptPrmptsMulti"/>
    <elements href="assembly.xml#PutIntegrationMessage020"/>
  </swimlanes>
  <swimlanes x="943" y="1823" name="" orientation="VERTICAL" elements="//@swimlanes.26 //@swimlanes.27"/>
  <swimlanes x="1000" y="1786" name="" orientation="VERTICAL">
    <elements href="assembly.xml#StoreMain"/>
    <elements href="assembly.xml#PutIntegrationMessage6"/>
  </swimlanes>
  <swimlanes x="948" y="1834" name="">
    <elements href="#//@swimlanes.25"/>
    <elements href="assembly.xml#PutIntegrationMessage5"/>
  </swimlanes>
  <swimlanes x="1061" y="2113" name="">
    <elements href="#//@swimlanes.23"/>
    <elements href="assembly.xml#Splitter0"/>
    <elements href="#//@swimlanes.38"/>
    <elements href="#//@swimlanes.44"/>
    <elements href="#//@swimlanes.28"/>
    <elements href="assembly.xml#PutIntegrationMessage7"/>
  </swimlanes>
  <swimlanes x="1680" y="2235" name="" orientation="VERTICAL">
    <elements href="assembly.xml#StoreMulti"/>
    <elements href="assembly.xml#PutIntegrationMessage8"/>
  </swimlanes>
  <swimlanes x="95" y="48" name="All Integration Systems" orientation="VERTICAL" elements="//@swimlanes.0 //@swimlanes.30 //@swimlanes.31 //@swimlanes.4"/>
  <swimlanes x="150" y="2536" name="INT0096E_Multi_Thread_Report_Employee_Organizations_Effective Dated_Data_to_IDP_Outbound" alignment="MIDDLE">
    <elements href="#//@swimlanes.45"/>
    <elements href="assembly.xml#MultiThreadReport"/>
    <elements href="#//@swimlanes.33"/>
    <elements href="assembly.xml#GetEventDocuments0"/>
    <elements href="assembly.xml#Route1"/>
    <elements href="#//@swimlanes.40"/>
    <elements href="assembly.xml#Splitter1"/>
    <elements href="#//@swimlanes.32"/>
    <elements href="assembly.xml#WorkdayOutRest0"/>
    <elements href="#//@swimlanes.46"/>
    <elements href="#//@swimlanes.34"/>
    <elements href="assembly.xml#PutIntegrationMessage12"/>
  </swimlanes>
  <swimlanes x="120" y="2654" name="INT0096E_Multi_Thread_Output_Employee_Organizations_Effective Dated_Data_to_IDP_Outbound">
    <elements href="#//@swimlanes.41"/>
    <elements href="assembly.xml#CombineOutput"/>
    <elements href="#//@swimlanes.36"/>
    <elements href="assembly.xml#WorkdayOutSoap"/>
    <elements href="#//@swimlanes.37"/>
    <elements href="assembly.xml#GetEventDocuments1"/>
    <elements href="assembly.xml#Route2"/>
    <elements href="#//@swimlanes.39"/>
    <elements href="#//@swimlanes.42"/>
    <elements href="#//@swimlanes.35"/>
    <elements href="assembly.xml#PutIntegrationMessage31"/>
  </swimlanes>
  <swimlanes name="" orientation="VERTICAL">
    <elements href="assembly.xml#RptPrep0"/>
    <elements href="assembly.xml#PutIntegrationMessage9"/>
  </swimlanes>
  <swimlanes x="333" y="2637" name="" orientation="VERTICAL">
    <elements href="assembly.xml#Params"/>
    <elements href="assembly.xml#PutIntegrationMessage10"/>
  </swimlanes>
  <swimlanes x="1678" y="2643" name="" orientation="VERTICAL">
    <elements href="assembly.xml#MultiStore"/>
    <elements href="assembly.xml#PutIntegrationMessage11"/>
  </swimlanes>
  <swimlanes x="47" y="3087" name="Swimlane" orientation="VERTICAL">
    <elements href="assembly.xml#MultiStore2"/>
    <elements href="assembly.xml#PutIntegrationMessage13"/>
  </swimlanes>
  <swimlanes x="14" y="3127" name="" orientation="VERTICAL">
    <elements href="assembly.xml#GetIntevent"/>
    <elements href="assembly.xml#Error-Init2"/>
  </swimlanes>
  <swimlanes x="367" y="3127" name="" orientation="VERTICAL">
    <elements href="assembly.xml#ParentLPs"/>
    <elements href="assembly.xml#Error-Init3"/>
  </swimlanes>
  <swimlanes x="1445" y="2240" name="" orientation="VERTICAL">
    <elements href="assembly.xml#BatchCount"/>
    <elements href="assembly.xml#PutIntegrationMessage14"/>
  </swimlanes>
  <swimlanes x="1222" y="2934" orientation="VERTICAL">
    <elements href="assembly.xml#CopyOVar"/>
    <elements href="assembly.xml#PutIntegrationMessage16"/>
  </swimlanes>
  <swimlanes x="1016" y="2683" name="" orientation="VERTICAL">
    <elements href="assembly.xml#CopyRVar"/>
    <elements href="assembly.xml#PutIntegrationMessage15"/>
  </swimlanes>
  <swimlanes x="166" y="2967" name="" orientation="VERTICAL">
    <elements href="assembly.xml#StartHere_Multi_Thread_Output"/>
    <elements href="assembly.xml#CallCombineOutput"/>
    <elements href="assembly.xml#CallCombineAgg"/>
  </swimlanes>
  <swimlanes x="1768" y="2980" orientation="VERTICAL">
    <elements href="assembly.xml#CombineAgg"/>
    <elements href="#//@swimlanes.43"/>
    <elements href="assembly.xml#Aggregator3"/>
  </swimlanes>
  <swimlanes x="1801" y="3031" name="">
    <elements href="assembly.xml#CommbineAgg"/>
    <elements href="assembly.xml#PutIntegrationMessage17"/>
  </swimlanes>
  <swimlanes x="1727" y="2277" orientation="VERTICAL">
    <elements href="assembly.xml#CloseAgg1"/>
    <elements href="assembly.xml#AsyncMediation"/>
    <elements href="assembly.xml#Aggregator1"/>
  </swimlanes>
  <swimlanes x="121" y="2806" name="" orientation="VERTICAL">
    <elements href="assembly.xml#StartHere_Multi_Thread_Report"/>
    <elements href="assembly.xml#CallMultiThreadReport"/>
    <elements href="assembly.xml#CallCloseAgg2"/>
  </swimlanes>
  <swimlanes x="2035" y="2794" name="" orientation="VERTICAL">
    <elements href="assembly.xml#CloseAgg2"/>
    <elements href="assembly.xml#AsyncMediation0"/>
    <elements href="assembly.xml#Aggregator2"/>
  </swimlanes>
</wdnm:Diagram>
