<?xml version="1.0" encoding="UTF-8"?>
<beans
     xmlns="http://www.springframework.org/schema/beans"
     xmlns:beans="http://www.springframework.org/schema/beans"
     xmlns:atom="http://www.w3.org/2005/Atom"
     xmlns:cc="http://www.capeclear.com/assembly/10"
     xmlns:cloud="urn:com.workday/esb/cloud/10.0"
     xmlns:env="http://schemas.xmlsoap.org/soap/envelope/"
     xmlns:pi="urn:com.workday/picof"
     xmlns:wd="urn:com.workday/bsvc"
     xmlns:xsi="http://www.w3.org/2001/XMLSchema-instance">
 
	<cc:assembly id="WorkdayAssembly" version="2024.11">
        <cc:workday-in id="StartHere" routes-to="LaunchParameters">
            <cc:integration-system name="INT5020 Empyrean Demographic Outbound">
        <cloud:param name="Effective_as_of_Date">
          <cloud:type>
            <cloud:simple-type>date</cloud:simple-type>
          </cloud:type>
        </cloud:param>
        <cloud:param name="Last_Run_Date">
          <cloud:type>
            <cloud:simple-type>date</cloud:simple-type>
          </cloud:type>
        </cloud:param>
        <cloud:sequence-generator-service name="INT5020SeqGen">
          <cloud:sequencer>INT5020SeqGen</cloud:sequencer>
        </cloud:sequence-generator-service>
        <cloud:report-service name="INT5020-ReportService">
          <cloud:report-alias description="INT5020 Employee Demographic Report" name="INT5020 Employee Demographic Report">
            <cloud:report-reference description="INT5020 Report" type="WID">2bfa0221404310015f58fe6d33740000</cloud:report-reference>
          </cloud:report-alias>
        </cloud:report-service>
      </cc:integration-system>
        </cc:workday-in>
        <cc:async-mediation id="LaunchParameters" routes-to="CallDemoReportCurrent">
            <cc:steps>
                <cc:eval id="StoreLPs">
                    <cc:expression>//props['From'] = lp.getSimpleData('Start_Date')//</cc:expression>
                    <cc:expression>props['EffDate'] = lp.getSimpleData('Effective_as_of_Date')</cc:expression>
                    <cc:expression>props['LastRunDate'] = lp.getSimpleData('Last_Run_Date')</cc:expression>
                    <cc:expression>props['OutputFileName'] = lp.getSequencedValue('INT5020SeqGen')</cc:expression>
                </cc:eval>
                <cc:eval id="Eval">
                    <cc:expression>props['p.batch'] = false</cc:expression>
                    <cc:expression>props['p.collate'] = false</cc:expression>
                </cc:eval>
            </cc:steps>
        </cc:async-mediation>
        <cc:local-out id="CallDemoReportCurrent" store-message="none" routes-response-to="CallDemoReportPast" endpoint="vm://INT5020EmpyreanDemographicOutbound/DemoReportCurrent"/>
        <cc:local-in id="DemoReportCurrent" routes-to="CurrentReport"/>
        <cc:workday-out-rest id="GetCurrentDemographicData" routes-response-to="AsyncMediation0" extra-path="@{intsys.reportService.getExtrapath('INT5020 Employee Demographic Report')}?End_Date=@{props['EffDate']}&amp;Effective_as_of_Date=@{props['EffDate']}&amp;Entry_Date=@{props['EffDate']}"/>
        <cc:async-mediation id="AsyncMediation0" routes-to="CallSubRoutine0">
            <cc:steps>
                <cc:copy id="Copy" output="variable" output-variable="vCurrentReportOutput" input="message"/>
            </cc:steps>
        </cc:async-mediation>
        <cc:workday-out-rest id="GetPriorDemographicData" routes-response-to="AsyncMediation00" extra-path="@{intsys.reportService.getExtrapath('INT5020 Employee Demographic Report')}?End_Date=@{props['LastRunDate']}&amp;Effective_as_of_Date=@{props['LastRunDate']}&amp;Entry_Date=@{props['LastRunDate']}"/>
        <cc:local-in id="DemoReportPast" routes-to="CurrentReport0"/>
        <cc:async-mediation id="AsyncMediation00" routes-to="CallSubRoutine00">
            <cc:steps>
                <cc:copy id="Copy" output="variable" output-variable="vPastReportOutput" input="message"/>
            </cc:steps>
        </cc:async-mediation>
        <cc:local-out id="Note-Error" endpoint="vm://wcc/PutIntegrationMessage">
            <cc:set name="is.message.severity" value="'CRITICAL'"/>
            <cc:set name="is.message.summary" value="context.errorMessage"/>
        </cc:local-out>
        <cc:send-error id="global-error-handler" rethrow-error="false" routes-to="Note-Error"/>
        <cc:local-out id="Call_XML_Processing" store-message="none" routes-response-to="Call_Build_Empyrean_file" endpoint="vm://INT5020EmpyreanDemographicOutbound/XMLProcessing">
            <cc:set name="collate" value="true"/>
            <cc:set name="batch" value="false"/>
        </cc:local-out>
        <cc:local-out id="CallDemoReportPast" store-message="none" routes-response-to="Call_XML_Processing" endpoint="vm://INT5020EmpyreanDemographicOutbound/DemoReportPast"/>
        <cc:local-in id="XMLProcessing" routes-to="AsyncMediation">
            <cc:parameter name="collate" type="boolean"/>
            <cc:parameter name="batch" type="boolean"/>
        </cc:local-in>
        <cc:async-mediation id="CurrentReport" routes-to="GetCurrentDemographicData" handle-downstream-errors="true">
            <cc:steps>
                <cc:log id="Log">
                    <cc:log-message>
                        <cc:text>***CurrentReportData***</cc:text>
                    </cc:log-message>
                </cc:log>
            </cc:steps>
            <cc:send-error id="SendError" routes-to="PutIntegrationMessage02"/>
        </cc:async-mediation>
        <cc:local-out id="PutIntegrationMessage02" endpoint="vm://wcc/PutIntegrationMessage">
            <cc:set name="is.message.severity" value="'ERROR'"/>
            <cc:set name="is.message.summary" value="'Error at Current report:' # context.errorComponentId # '. Error Msg:' # context.errorMessage"/>
        </cc:local-out>
        <cc:local-out id="PutIntegrationMessage020" endpoint="vm://wcc/PutIntegrationMessage">
            <cc:set name="is.message.severity" value="'ERROR'"/>
            <cc:set name="is.message.summary" value="'Error at Past report:' # context.errorComponentId # '. Error Msg:' # context.errorMessage"/>
        </cc:local-out>
        <cc:async-mediation id="CurrentReport0" routes-to="GetPriorDemographicData" handle-downstream-errors="true">
            <cc:steps>
                <cc:log id="Log">
                    <cc:log-message>
                        <cc:text>***PastReportData***</cc:text>
                    </cc:log-message>
                </cc:log>
            </cc:steps>
            <cc:send-error id="SendError" routes-to="PutIntegrationMessage020"/>
        </cc:async-mediation>
        <cc:async-mediation id="AsyncMediation" routes-to="AsyncMediation1">
            <cc:steps>
                <cc:xmldiff id="Xmldiff" first-input="variable" first-input-variable="vPastReportOutput" output="message" second-input="variable" second-input-variable="vCurrentReportOutput"/>
            </cc:steps>
            <cc:send-error id="SendError" routes-to="PutIntegrationMessage0200"/>
        </cc:async-mediation>
        <cc:local-out id="PutIntegrationMessage0200" endpoint="vm://wcc/PutIntegrationMessage">
            <cc:set name="is.message.severity" value="'ERROR'"/>
            <cc:set name="is.message.summary" value="'Error at XMLDIFF:' # context.errorComponentId # '. Error Msg:' # context.errorMessage"/>
        </cc:local-out>
        <cc:async-mediation id="AsyncMediation1" routes-to="PutMessageForDiffDelivery">
            <cc:steps>
                <cc:xslt-plus id="XsltPlus" output="message" url="XMLdiffOutput_foreach.xsl"/>
                <cc:log id="Log">
                    <cc:log-message>
                        <cc:text>***********************XSLT LOG*********************</cc:text>
                    </cc:log-message>
                </cc:log>
                <cc:store id="Store" output="variable" output-variable="vStored" input="message" expiresIn="P180D" title="@{props['OutputFileName']}"/></cc:steps>
            <cc:send-error id="SendError" routes-to="XSLT_Error"/>
        </cc:async-mediation>
        <cc:local-out id="XSLT_Error" endpoint="vm://wcc/PutIntegrationMessage">
            <cc:set name="is.message.severity" value="'ERROR'"/>
            <cc:set name="is.message.summary" value="'Error at XSLT on XML Diff:' # context.errorComponentId # '. Error Msg:' # context.errorMessage"/>
        </cc:local-out>
        <cc:local-out id="PutMessageForDiffDelivery" store-message="none" endpoint="vm://wcc/PutIntegrationMessage"><cc:set name="is.message.summary" value="'Setting document ' + props['OutputFileName'] + ' Deliverable'"/><cc:set name="is.document.variable.name" value="'vStored'"/><cc:set name="is.document.deliverable" value="'true'"/><cc:set name="is.document.labels" value="'INT5020_Audit'"/></cc:local-out>
        <cc:local-in id="BuildEmpyreanFile" routes-to="BuildVendorFile"/>
        <cc:async-mediation id="BuildVendorFile" routes-to="PutMessageForVendorFile">
            <cc:steps>
                <cc:xslt-plus id="XsltPlus" input="variable" input-variable="vCurrentReportOutput" url="INT5020_Current_Report.xsl"/>
                <cc:store id="Store" output="variable" output-variable="vLocalFile" expiresIn="P180D" title="EMPYREAN.csv.pgp"/>
            </cc:steps>
            <cc:send-error id="SendError" routes-to="PutIntegrationMessageBuildFile"/>
        </cc:async-mediation>
        <cc:local-out id="PutIntegrationMessageBuildFile" endpoint="vm://wcc/PutIntegrationMessage">
            <cc:set name="is.message.severity" value="'ERROR'"/>
            <cc:set name="is.message.summary" value="'Error at Build Vendor File:' # context.errorComponentId # '. Error Msg:' # context.errorMessage"/>
        </cc:local-out>
        <cc:local-out id="PutMessageForVendorFile" store-message="none" endpoint="vm://wcc/PutIntegrationMessage"><cc:set name="is.message.summary" value="'Setting document Empyrean.csv.pgp Deliverable'"/><cc:set name="is.document.variable.name" value="'vLocalFile'"/><cc:set name="is.document.deliverable" value="'true'"/><cc:set name="is.document.labels" value="'INT5020_Vendor_File'"/></cc:local-out>
        <cc:local-out id="Call_Build_Empyrean_file" store-message="none" endpoint="vm://INT5020EmpyreanDemographicOutbound/BuildEmpyreanFile"/>
        <cc:local-out id="CallSubRoutine0" store-message="none" endpoint="vm://wcc/PutIntegrationMessage"><cc:set name="is.message.severity" value="'INFO'"/><cc:set name="is.message.summary" value="'Current Employee Data Retrieved'"/></cc:local-out>
        <cc:local-out id="CallSubRoutine00" store-message="none" endpoint="vm://wcc/PutIntegrationMessage">
            <cc:set name="is.message.severity" value="'INFO'"/>
            <cc:set name="is.message.summary" value="'Prior Week Employee Data Retrieved'"/>
        </cc:local-out>
	</cc:assembly>

</beans>