<?xml version="1.0" encoding="UTF-8"?>
<beans
     xmlns="http://www.springframework.org/schema/beans"
     xmlns:beans="http://www.springframework.org/schema/beans"
     xmlns:atom="http://www.w3.org/2005/Atom"
     xmlns:cc="http://www.capeclear.com/assembly/10"
     xmlns:cloud="urn:com.workday/esb/cloud/10.0"
     xmlns:env="http://schemas.xmlsoap.org/soap/envelope/"
     xmlns:pi="urn:com.workday/picof"
     xmlns:wd="urn:com.workday/bsvc"
     xmlns:xsi="http://www.w3.org/2001/XMLSchema-instance">
 
	<cc:assembly id="WorkdayAssembly" version="2019.35">
        <cc:workday-in id="StartHere" routes-to="Init">
            <cc:integration-system name="INT0001 - Cost Center Hierarchy Inbound">
        <cloud:param name="Validation Mode">
          <cloud:type>
            <cloud:simple-type>boolean</cloud:simple-type>
          </cloud:type>
          <cloud:default>
            <cloud:boolean>true</cloud:boolean>
          </cloud:default>
        </cloud:param>
        <cloud:attribute-map-service name="INT0001-General-Attributes">
          <cloud:attribute name="Organization Type CCH">
            <cloud:type>
              <cloud:class-report-field description="Organization Type" type="WID" singular="true">9281fa55ec701000088d9b560f226a54</cloud:class-report-field>
            </cloud:type>
          </cloud:attribute>
          <cloud:attribute name="Organization Subtype">
            <cloud:type>
              <cloud:class-report-field description="Organization Subtypes - Current" type="WID" singular="false">af97d079924847b9a4e5b796698d744f</cloud:class-report-field>
            </cloud:type>
          </cloud:attribute>
          <cloud:attribute name="Organization Type Name">
            <cloud:type>
              <cloud:simple-type>text</cloud:simple-type>
            </cloud:type>
          </cloud:attribute>
          <cloud:attribute name="Top Org">
            <cloud:type>
              <cloud:simple-type>text</cloud:simple-type>
            </cloud:type>
          </cloud:attribute>
          <cloud:attribute name="WS Version">
            <cloud:type>
              <cloud:simple-type>text</cloud:simple-type>
            </cloud:type>
          </cloud:attribute>
          <cloud:map name="Org Type">
            <cloud:internal-type>
              <cloud:simple-type>text</cloud:simple-type>
            </cloud:internal-type>
            <cloud:external-type>
              <cloud:simple-type>text</cloud:simple-type>
            </cloud:external-type>
          </cloud:map>
          <cloud:map name="Sup Org Type">
            <cloud:internal-type>
              <cloud:simple-type>text</cloud:simple-type>
            </cloud:internal-type>
            <cloud:external-type>
              <cloud:simple-type>text</cloud:simple-type>
            </cloud:external-type>
          </cloud:map>
        </cloud:attribute-map-service>
        <cloud:retrieval-service name="INT0001_File_Retrieval"/>
      </cc:integration-system>
        </cc:workday-in>
        <cc:async-mediation id="Init" routes-to="CallFileRetrieval">
            <cc:steps>
                <cc:eval id="Init-Maps">
                    <cc:expression>props['WIDHashMap']=new java.util.HashMap()</cc:expression>
                    <cc:expression>props['CCHHashMap']=new java.util.HashMap()</cc:expression>
                    <cc:expression>props['org.type.cch.name']=intsys.getAttribute('Organization Type Name')</cc:expression>
                    <cc:expression>props['org.type.cch']=intsys.getAttributeReferenceData('Organization Type CCH','Organization_Type_ID')</cc:expression>
                    <cc:expression>props['org.sub.type']=intsys.getAttributeReferenceData('Organization Subtype', 'Organization_Subtype_ID')</cc:expression>
                    <cc:expression>props['row.exists']=false;props['close.audit.agg']=false</cc:expression>
                    <cc:expression>props['top.cc.org']=intsys.getAttribute('Top Org')</cc:expression>
                    <cc:expression>props['ws.version']=intsys.getAttribute('WS Version')</cc:expression>
                </cc:eval>
                <cc:eval id="LP">
                    <cc:expression>props['ValidateOnly'] = lp.getSimpleData('Validation Mode') == true?1:0</cc:expression>
                    <cc:expression>//props['lp.validation.mode']=lp.getSimpleData('Validation Mode')</cc:expression>
                </cc:eval>
            </cc:steps>
        </cc:async-mediation>
        <cc:local-out id="CallFileRetrieval" store-message="none" routes-response-to="CallProcessFile" endpoint="vm://INT0001_Cost_Center_Hierarchy_Inbound/FileRetreival"/>
        <cc:local-in id="FileRetreival" routes-to="FileValidation"/>
        <cc:async-mediation id="FileValidation">
            <cc:steps>
                <cc:validate-exp id="ValidateExp">
                    <cc:expression failure-message="No file was retrieved">da.size() > 0</cc:expression>
                </cc:validate-exp>
                <cc:eval id="Eval">
                    <cc:expression>da.size() > 0 ? da.toVar(0, 'file.inbound') </cc:expression>
                </cc:eval>
            </cc:steps>
            <cc:send-error id="SendError" rethrow-error="true" routes-to="PIMValidateFile"/>
        </cc:async-mediation>
        <cc:local-out id="PIMValidateFile" endpoint="vm://wcc/PutIntegrationMessage"><cc:set name="is.message.severity" value="'ERROR'"/><cc:set name="is.message.summary" value="'Input file not retrieved'"/><cc:set name="is.message.detail" value="'Input file not retrieved'"/></cc:local-out>
        <cc:async-mediation id="convertintoXML" routes-to="CheckDataExistsinInputFile" handle-downstream-errors="true">
            <cc:steps>
                <cc:csv-to-xml id="CsvToXml" input="variable" input-variable="file.inbound" format="rfc4180" separator="|" useFirstLineAsHeader="true"/>
                <cc:xslt-plus id="XsltPlus" output="variable" output-variable="formatted.input.file" url="FormatInputfile.xsl"/>
                <cc:eval id="Eval">
                    <cc:expression>props['row.exists'] = parts[0].xpath('exists(root/row)')</cc:expression>
                </cc:eval>
                <cc:validate-exp id="ValidateExp">
                    <cc:expression failure-message="No rows in the input file">props['row.exists']==true</cc:expression>
                </cc:validate-exp>
            </cc:steps>
            <cc:send-error id="SendError" rethrow-error="true" routes-to="PIMAtConversion"/>
        </cc:async-mediation>
        <cc:local-out id="CallProcessFile" store-message="none" routes-response-to="CallValidateFile" endpoint="vm://INT0001_Cost_Center_Hierarchy_Inbound/ProcessFile"/>
        <cc:local-in id="ProcessFile" routes-to="convertintoXML"/>
        <cc:local-out id="CallGetCCH" store-message="none" execute-when="props['no.of.data.rows'] > 0" endpoint="vm://INT0001_Cost_Center_Hierarchy_Inbound/GetCCH"/>
        <cc:local-in id="GetCCH" routes-to="AsyncMediation"/>
        <cc:async-mediation id="AsyncMediation" routes-to="PagedGet" handle-downstream-errors="true">
            <cc:steps>
                <cc:write id="Write">
                    <cc:message>
                        <cc:text>&lt;?xml version=&quot;1.0&quot; encoding=&quot;UTF-8&quot;?>&#xD;
&lt;env:Envelope&#xD;
    xmlns:env=&quot;http://schemas.xmlsoap.org/soap/envelope/&quot;&#xD;
    xmlns:xsd=&quot;http://www.w3.org/2001/XMLSchema&quot;>&#xD;
    &lt;env:Body>&#xD;
        &lt;wd:Get_Organizations_Request xmlns:wd=&quot;urn:com.workday/bsvc&quot; >&#xD;
                &lt;wd:Request_Criteria>&#xD;
                &lt;wd:Organization_Type_Reference>&#xD;
                    &lt;wd:ID wd:type=&quot;Organization_Type_ID&quot;>@{props['org.type.cch']}&lt;/wd:ID>&#xD;
                &lt;/wd:Organization_Type_Reference>&#xD;
                &lt;wd:Include_Inactive>true&lt;/wd:Include_Inactive>&#xD;
            &lt;/wd:Request_Criteria>&#xD;
                        &lt;wd:Response_Filter>&#xD;
                &lt;wd:Page>1&lt;/wd:Page>&#xD;
                &lt;wd:Count>100&lt;/wd:Count>&#xD;
            &lt;/wd:Response_Filter>&#xD;
            &lt;wd:Response_Group>&#xD;
                &lt;wd:Include_Roles_Data>false&lt;/wd:Include_Roles_Data>&#xD;
                &lt;wd:Include_Hierarchy_Data>true&lt;/wd:Include_Hierarchy_Data>&#xD;
                &lt;wd:Include_Supervisory_Data>true&lt;/wd:Include_Supervisory_Data>&#xD;
                &lt;wd:Include_Staffing_Restrictions_Data>false&lt;/wd:Include_Staffing_Restrictions_Data>&#xD;
            &lt;/wd:Response_Group>&#xD;
        &lt;/wd:Get_Organizations_Request>&#xD;
    &lt;/env:Body>&#xD;
&lt;/env:Envelope></cc:text>
                    </cc:message>
                </cc:write>
            </cc:steps>
            <cc:send-error id="SendError" rethrow-error="true" routes-to="PIMCCH"/>
        </cc:async-mediation>
        <cc:local-out id="PagedGet" endpoint="vm://wcc/PagedGet"><cc:set name="is.paged.get.request.current.page.xpath" value="'/env:Envelope/env:Body/*/wd:Response_Filter/wd:Page'"/><cc:set name="is.paged.get.response.current.page.xpath" value="'/env:Envelope/env:Body/*/wd:Response_Results/wd:Page'"/><cc:set name="is.paged.get.response.total.pages.xpath" value="'/env:Envelope/env:Body/*/wd:Response_Results/wd:Total_Pages'"/><cc:set name="is.paged.get.response.total.results.xpath" value="'/env:Envelope/env:Body/*/wd:Response_Results/wd:Total_Results'"/><cc:set name="is.paged.get.process.endpoint" value="'vm://INT0001_Cost_Center_Hierarchy_Inbound/PageIn'"/><cc:set name="is.paged.get.application" value="'Human_Resources'"/><cc:set name="is.paged.get.version" value="props['ws.version']"/><cc:set name="is.paged.get.page.zero" value="false"/><cc:set name="is.paged.get.store.requests" value="true"/></cc:local-out>
        <cc:local-in id="PageIn" routes-to="Splitter"/>
        <cc:splitter id="Splitter">
            <cc:sub-route name="SubRoute" routes-to="CCH_Hashmap"/>
            <cc:xml-stream-splitter xpath="/env:Envelope/env:Body/wd:Get_Organizations_Response/wd:Response_Data/wd:Organization"/>
        </cc:splitter>
        <cc:async-mediation id="CCH_Hashmap">
            <cc:steps>
                <cc:eval id="Eval">
                    <cc:expression>props['CCH_HashKey'] = parts[0].xpath('wd:Organization/wd:Organization_Reference/wd:ID[@wd:type=&quot;Organization_Reference_ID&quot;]')</cc:expression>
                    <cc:expression>props['CCHHashMap'].put(props['CCH_HashKey'],parts[0].text)</cc:expression>
                    <cc:expression>props['CCH_WID'] = parts[0].xpath('wd:Organization/wd:Organization_Reference/wd:ID[@wd:type=&quot;WID&quot;]')</cc:expression>
                    <cc:expression>props['WIDHashMap'].put(props['CCH_HashKey'],props['CCH_WID'])</cc:expression>
                </cc:eval>
            </cc:steps>
            <cc:send-error id="SendError" rethrow-error="true" routes-to="PIMHashCCH"/>
        </cc:async-mediation>
        <cc:local-out id="PIMHashCCH" endpoint="vm://wcc/PutIntegrationMessage"><cc:set name="is.message.severity" value="'ERROR'"/><cc:set name="is.message.summary" value="'Error occured during CCH Hashmap.' +  context.errorMessage"/><cc:set name="is.message.detail"/></cc:local-out>
        <cc:local-out id="PIMAtConversion" endpoint="vm://wcc/PutIntegrationMessage"><cc:set name="is.message.severity" value="'ERROR'"/><cc:set name="is.message.summary" value="'No rows in the input file'"/><cc:set name="is.message.detail" value="context.errorMessage"/></cc:local-out>
        <cc:local-out id="CallValidateFile" store-message="none" execute-when="props['no.of.data.rows'] > 0" routes-response-to="CallCloseAudit" endpoint="vm://INT0001_Cost_Center_Hierarchy_Inbound/ValidateFile"/>
        <cc:local-in id="ValidateFile" routes-to="AsyncMediation0"/>
        <cc:async-mediation id="AsyncMediation0" routes-to="SplitFile">
            <cc:steps>
                <cc:copy id="Copy" input="variable" input-variable="formatted.input.file"/>
            </cc:steps>
        </cc:async-mediation>
        <cc:splitter id="SplitFile">
            <cc:sub-route name="SubRoute" routes-to="ValidateFiledata"/>
            <cc:xml-stream-splitter xpath="/root/row"/>
        </cc:splitter>
        <cc:async-mediation id="ValidateFiledata" routes-to="CheckinWorkday">
            <cc:steps>
                <cc:eval id="Eval">
                    <cc:expression>props['no.change.indicator']=false;</cc:expression>
                    <cc:expression>props['File_Txnindicator'] = parts[0].xpath('row/Transaction-Indicator')</cc:expression>
                    <cc:expression>props['File_Code'] = parts[0].xpath('row/Code')</cc:expression>
                    <cc:expression>props['File_Name'] = parts[0].xpath('row/Name')</cc:expression>
                    <cc:expression>props['File_Date'] = parts[0].xpath('row/Change-Date')</cc:expression>
                    <cc:expression>props['File_OrgType'] = parts[0].xpath('row/Org-Type')</cc:expression>
                    <cc:expression>props['File_Active'] = parts[0].xpath('row/Active')</cc:expression>
                    <cc:expression>props['File_Visibility'] = parts[0].xpath('row/Visibility')</cc:expression>
                    <cc:expression>props['File_Suporgid'] = parts[0].xpath('row/Superior-Org-ID')</cc:expression>
                    <cc:expression>props['File_Inactive-Date'] = parts[0].xpath('normalize-space(row/Inactive-Date-----------------------)')</cc:expression>
                </cc:eval>
                <cc:validate-exp id="ValidateExp">
                    <cc:expression failure-message="Cost Center Code is blank">props['File_Code']  != empty</cc:expression>
                    <cc:expression failure-message="Superior Org ID is blank">props['File_Suporgid'] != empty</cc:expression>
                    <cc:expression failure-message="Org Type is blank">props['File_OrgType'] != empty</cc:expression>
                    <cc:expression failure-message="Change date is blank">props['File_Date'] !=empty</cc:expression>
                    <cc:expression failure-message="Active flag is blank">props['File_Active'] != empty</cc:expression>
                    <cc:expression failure-message="Visibility is blank">props['File_Visibility'] !=empty</cc:expression>
                </cc:validate-exp>
                <cc:eval id="Eval0">
                    <cc:expression>props['Org.Type']=empty;props['Org.Type'] = intsys.integrationMapReverseLookup('Org Type', props['File_OrgType']).get(0).toString()</cc:expression>
                    <cc:expression>props['cost.center.code']=empty;props['cost.center.code']=props['File_Code'] + '_' + props['Org.Type']</cc:expression>
                    <cc:expression>props['sup.org.type']=empty;props['sup.org.type']=intsys.integrationMapReverseLookup('Sup Org Type', props['File_OrgType']).get(0).toString()</cc:expression>
                    <cc:expression>props['sup.org.code']=empty;props['sup.org.code']=props['File_Suporgid'] == props['top.cc.org']  ? props['top.cc.org']   :props['File_Suporgid'] +'_' + props['sup.org.type'] </cc:expression>
                    <cc:expression>vars['existing.cch.data']=props['CCHHashMap'].get(props['cost.center.code'])</cc:expression>
                    <cc:expression>vars['existing.cch.sup.org']=props['CCHHashMap'].get(props['sup.org.code'])</cc:expression>
                </cc:eval>
            </cc:steps>
            <cc:send-error id="SendError" routes-to="CallErrorLogSupOrg"/>
        </cc:async-mediation>
        <cc:async-mediation id="CheckinWorkday" routes-to="Route">
            <cc:steps>
                <cc:eval id="Eval">
                    <cc:expression>//props['CCH_Name'] = vars['existing.cch.data'].xpath('wd:Organization/wd:Organization_Data/wd:Name')</cc:expression>
                    <cc:expression>//props['CCH_Suporg']=vars['existing.cch.data'].xpath('wd:Organization/wd:Organization_Data/wd:Hierarchy_Data/wd:Superior_Organization_Reference/wd:ID[@wd:type=&quot;Organization_Reference_ID&quot;]')</cc:expression>
                </cc:eval>
                <cc:validate-exp id="ValidateExp">
                    <cc:expression failure-message="Supervisory Org is not available in Workday /File">props['WIDHashMap'].containsKey(props['sup.org.code'])</cc:expression>
                </cc:validate-exp>
            </cc:steps>
            <cc:send-error id="SendError" routes-to="CallErrorlog"/>
        </cc:async-mediation>
        <cc:local-out id="CallErrorlog" store-message="none" endpoint="vm://INT0001_Cost_Center_Hierarchy_Inbound/ErrorLog"/>
        <cc:local-in id="ErrorLog" routes-to="PrepareAudit"/>
        <cc:async-mediation id="PrepareAudit" routes-to="Aggregator">
            <cc:steps>
                <cc:eval id="Eval">
                    <cc:expression>props['error.message']=empty;props['error.message']=context.errorMessage;</cc:expression>
                </cc:eval>
                <cc:xslt-plus id="XsltPlus" url="WriteErrorLog.xsl"/>
            </cc:steps>
            <cc:send-error id="SendError" routes-to="PutIntegrationMessage"/>
        </cc:async-mediation>
        <cc:route id="Route">
            <cc:mvel-strategy>
                <cc:choose-route expression="props['File_Txnindicator'] == 'A' || props['File_Txnindicator'] == 'U'" route="Update_Org"/>
                <cc:choose-route expression="props['File_Txnindicator']== 'T'" route="Inactivate_Org"/>
                <cc:choose-route expression="true" route="Alwaysture"/>
            </cc:mvel-strategy>
            <cc:sub-route name="Update_Org" routes-to="Call_Update_Org"/>
            <cc:sub-route name="Inactivate_Org" routes-to="Call_InactivateOrg"/>
            <cc:sub-route name="Alwaysture" routes-to="Donothing"/>
        </cc:route>
        <cc:local-out id="Call_Update_Org" store-message="none" endpoint="vm://INT0001_Cost_Center_Hierarchy_Inbound/Update_Org"/>
        <cc:local-out id="Call_InactivateOrg" store-message="none" endpoint="vm://INT0001_Cost_Center_Hierarchy_Inbound/InactivateOrg"><cc:set name="no.change.indicator" value="true"/></cc:local-out>
        <cc:local-in id="Update_Org" routes-to="PrepareWebServiceMsg"/>
        <cc:async-mediation id="PrepareWebServiceMsg" routes-to="WorkdayOutSoap" handle-downstream-errors="true">
            <cc:steps>
                <cc:xslt-plus id="XsltPlus" url="PrepareWebService.xsl"/>
                <cc:set-headers id="SetHeaders"><cc:remove-headers/><cc:add-headers>
    <cc:add-header name="X-Validate-Only" value="@{props['ValidateOnly']}"/>
</cc:add-headers></cc:set-headers>
            </cc:steps>
            <cc:send-error id="SendError" rethrow-error="true" routes-to="PIMSoap"/>
        </cc:async-mediation>
        <cc:aggregator id="Aggregator" routes-to="StoreAuditMessage" collate-when="!props['close.audit.agg']" force-batch-when="props['close.audit.agg']">
            <cc:size-batch-strategy batch-size="-1"/>
            <cc:xml-message-content-collater>
        <cc:header-text>&lt;AuditLog></cc:header-text>
        <cc:footer-text>&lt;/AuditLog></cc:footer-text>
      </cc:xml-message-content-collater>
        </cc:aggregator>
        <cc:local-out id="CallCloseAudit" store-message="none" execute-when="props['no.of.data.rows'] > 0" endpoint="vm://INT0001_Cost_Center_Hierarchy_Inbound/CloseAudit"><cc:set name="close.audit.agg" value="true"/></cc:local-out>
        <cc:local-in id="CloseAudit" routes-to="Aggregator"/>
        <cc:async-mediation id="StoreAuditMessage">
            <cc:steps>
                <cc:xml-to-csv id="XmlToCsv" writeHeaderLine="true"/>
                <cc:store id="Store" output="variable" output-variable="audit.final" expiresIn="P180D" title="INT0001_Audit.csv"/>
            </cc:steps>
            <cc:send-error id="SendError" routes-to="PIMAudit"/>
        </cc:async-mediation>
        <cc:local-out id="PIMAudit" endpoint="vm://wcc/PutIntegrationMessage"><cc:set name="is.message.severity" value="'ERROR'"/><cc:set name="is.message.summary" value="context.errorMessage"/><cc:set name="is.message.detail" value="'An error occured while storing the audit file'"/></cc:local-out>
        <cc:local-out id="PutIntegrationMessage" endpoint="vm://wcc/PutIntegrationMessage"><cc:set name="is.message.severity" value="'ERROR'"/><cc:set name="is.message.summary" value="context.errorMessage"/><cc:set name="is.message.detail" value="'Error occured while preparing error audit file'"/></cc:local-out>
        <cc:local-out id="PIMSoap" endpoint="vm://wcc/PutIntegrationMessage"><cc:set name="is.message.severity" value="'ERROR'"/><cc:set name="is.message.summary" value="context.errorMessage"/><cc:set name="is.message.detail" value="'Error during SOAP Call'"/></cc:local-out>
        <cc:local-out id="CallErrorLogSupOrg" store-message="none" endpoint="vm://INT0001_Cost_Center_Hierarchy_Inbound/ErrorLog"/>
        <cc:workday-out-soap id="WorkdayOutSoap" routes-response-to="RemoveHeader" application="Human_Resources" version="@{props['ws.version']}"/>
        <cc:async-mediation id="RemoveHeader" routes-to="AsyncMediation2">
            <cc:steps>
                <cc:set-headers id="SetHeaders"><cc:remove-headers>
    <cc:remove-header name="X-Validate-Only"/>
</cc:remove-headers><cc:add-headers/></cc:set-headers>
            </cc:steps>
        </cc:async-mediation>
        <cc:local-out id="CallSuccessLog" store-message="none" endpoint="vm://INT0001_Cost_Center_Hierarchy_Inbound/Successlog"/>
        <cc:local-out id="PutIntegrationMessage0" endpoint="vm://wcc/PutIntegrationMessage">
            <cc:set name="is.message.severity" value="'ERROR'"/>
            <cc:set name="is.message.summary" value="context.errorMessage"/>
            <cc:set name="is.message.detail" value="'Error occured while preparing success audit file'"/>
        </cc:local-out>
        <cc:async-mediation id="PrepareSuccessAudit" routes-to="Aggregator">
            <cc:steps>
                <cc:eval id="Eval">
                    <cc:expression>props['success.message']=empty;props['success.message']='Successfully updated'</cc:expression>
                </cc:eval>
                <cc:xslt-plus id="XsltPlus" url="WriteSuccessLog.xsl"/>
            </cc:steps>
            <cc:send-error id="SendError" routes-to="PutIntegrationMessage0"/>
        </cc:async-mediation>
        <cc:local-in id="Successlog" routes-to="PrepareSuccessAudit"/>
        <cc:local-out id="PIMCCH" endpoint="vm://wcc/PutIntegrationMessage"><cc:set name="is.message.severity" value="'INFO'"/><cc:set name="is.message.summary" value="context.errorMessage"/><cc:set name="is.message.detail" value="context.errorMessage"/></cc:local-out>
        <cc:local-out id="GlobalErrorhandler" store-message="none" endpoint="vm://wcc/PutIntegrationMessage">
            <cc:set name="is.message.severity" value="'CRITICAL'"/>
            <cc:set name="is.message.summary" value="&quot;Unexpected error occured:&quot; # context.errorMessage"/>
        </cc:local-out>
        <cc:send-error id="SendError" routes-to="GlobalErrorhandler"/>
        <cc:local-in id="InactivateOrg" routes-to="InactivateWWS"/>
        <cc:async-mediation id="Donothing">
            <cc:steps/>
        </cc:async-mediation>
        <cc:async-mediation id="InactivateWWS" routes-to="WorkdayOutSoap0" handle-downstream-errors="true">
            <cc:steps>
                <cc:validate-exp id="ValidateExp0">
                    <cc:expression failure-message="Cost Center is not available in Workday to Terminate">props['WIDHashMap'].containsKey(props['cost.center.code'])</cc:expression>
                </cc:validate-exp>
                <cc:eval id="Eval">
                    <cc:expression>props['existing.cc.wid'] = vars['existing.cch.data'].xpath('wd:Organization/wd:Organization_Reference/wd:ID[@wd:type=&quot;WID&quot;]')</cc:expression>
                </cc:eval>
                <cc:validate-exp id="ValidateExp">
                    <cc:expression failure-message="Cost Center Hierarchy is not avaiable to terminate">props['existing.cc.wid'] != empty</cc:expression>
                </cc:validate-exp>
                <cc:xslt-plus id="XsltPlus" url="InactivateWWS.xsl"/>
                <cc:set-headers id="SetHeaders"><cc:remove-headers/><cc:add-headers>
    <cc:add-header name="X-Validate-Only" value="@{props['ValidateOnly']}"/>
</cc:add-headers></cc:set-headers>
            </cc:steps>
            <cc:send-error id="SendError0" routes-to="CallErrorlog2"/>
        </cc:async-mediation>
        <cc:workday-out-soap id="WorkdayOutSoap0" routes-response-to="AsyncMediation1" application="Human_Resources" version="@{props['ws.version']}"/>
        <cc:async-mediation id="AsyncMediation1" routes-to="CallSuccesslogInactivate">
            <cc:steps>
                <cc:set-headers id="SetHeaders"><cc:remove-headers>
    <cc:remove-header name="X-Validate-Only"/>
</cc:remove-headers><cc:add-headers/></cc:set-headers>
            </cc:steps>
        </cc:async-mediation>
        <cc:local-out id="CallSuccesslogInactivate" store-message="none" endpoint="vm://INT0001_Cost_Center_Hierarchy_Inbound/Successlog"/>
        <cc:async-mediation id="AsyncMediation2" routes-to="WorkdayOutSoap1" execute-steps-when="props['ValidateOnly']==0" handle-downstream-errors="true">
            <cc:steps>
                <cc:write id="Write">
                    <cc:message>
                        <cc:text>&lt;?xml version=&quot;1.0&quot; encoding=&quot;UTF-8&quot;?>&#xD;
&lt;env:Envelope&#xD;
    xmlns:env=&quot;http://schemas.xmlsoap.org/soap/envelope/&quot;&#xD;
    xmlns:xsd=&quot;http://www.w3.org/2001/XMLSchema&quot;>&#xD;
    &lt;env:Body>&#xD;
        &lt;wd:Get_Organization_Reference_IDs_Request&#xD;
            xmlns:wd=&quot;urn:com.workday/bsvc&quot;&#xD;
            wd:version=&quot;v32.1&quot;>&#xD;
            &lt;wd:Request_References>&#xD;
                &lt;wd:Organization_Reference_ID_Reference>&#xD;
                    &lt;wd:ID wd:type=&quot;Organization_Reference_ID&quot;>@{props['cost.center.code']}&lt;/wd:ID>&#xD;
                &lt;/wd:Organization_Reference_ID_Reference>&#xD;
            &lt;/wd:Request_References>&#xD;
        &lt;/wd:Get_Organization_Reference_IDs_Request>&#xD;
    &lt;/env:Body>&#xD;
&lt;/env:Envelope></cc:text>
                    </cc:message>
                </cc:write>
            </cc:steps>
            <cc:send-error id="SendError0" routes-to="CallErrorlog20"/>
        </cc:async-mediation>
        <cc:workday-out-soap id="WorkdayOutSoap1" execute-when="props['ValidateOnly']==0" routes-response-to="AsyncMediation3" application="Human_Resources" version="@{props['ws.version']}"/>
        <cc:async-mediation id="AsyncMediation3" routes-to="CallSuccessLog" execute-steps-when="props['ValidateOnly']==0">
            <cc:steps>
                <cc:eval id="Eval">
                    <cc:expression>props['New_CCH_WID'] = parts[0].xpath('env:Envelope/env:Body/wd:Get_Organization_Reference_IDs_Response/wd:Request_References/wd:Organization_Reference_ID_Reference/wd:ID[@wd:type=&quot;WID&quot;]')</cc:expression>
                    <cc:expression>props['WIDHashMap'].put(props['cost.center.code'],props['New_CCH_WID'])</cc:expression>
                </cc:eval>
            </cc:steps>
        </cc:async-mediation>
        <cc:local-out id="CallErrorlog2" store-message="none" endpoint="vm://INT0001_Cost_Center_Hierarchy_Inbound/ErrorLog"/>
        <cc:local-out id="CallErrorlog20" store-message="none" endpoint="vm://INT0001_Cost_Center_Hierarchy_Inbound/ErrorLog"/>
        <cc:async-mediation id="CheckDataExistsinInputFile" routes-to="CallGetCCH" handle-downstream-errors="true">
            <cc:steps>
                <cc:eval id="Eval">
                    <cc:expression>props['no.of.data.rows'] = parts[0].xpath(&quot;count(/root/row[Record-Indicator = 'D'])&quot;)</cc:expression>
                </cc:eval>
                <cc:validate-exp id="ValidateExp">
                    <cc:expression failure-message="Input file has zero rows for processing">props['no.of.data.rows'] != 0</cc:expression>
                </cc:validate-exp>
            </cc:steps>
            <cc:send-error id="SendError" routes-to="PIM-DataValidationErrors"/>
        </cc:async-mediation>
        <cc:local-out id="PIM-DataValidationErrors" endpoint="vm://wcc/PutIntegrationMessage"><cc:set name="is.message.severity" value="'WARNING'"/><cc:set name="is.message.summary" value="context.errorMessage"/></cc:local-out>
	</cc:assembly>

</beans>