<?xml version="1.0" encoding="UTF-8"?>
<wdnm:Diagram xmlns:wdnm="http://workday.com/studio/editors/notation">
  <element href="assembly.xml#WorkdayAssembly"/>
  <visualProperties x="114" y="126">
    <element href="assembly.xml#StartHere"/>
  </visualProperties>
  <visualProperties x="227" y="156">
    <element href="assembly.xml#Init"/>
  </visualProperties>
  <visualProperties x="406" y="163">
    <element href="assembly.xml#CallFileRetrieval"/>
  </visualProperties>
  <visualProperties x="124" y="341">
    <element href="assembly.xml#FileRetreival"/>
  </visualProperties>
  <visualProperties x="249" y="355">
    <element href="assembly.xml#FileValidation"/>
  </visualProperties>
  <visualProperties x="413" y="427">
    <element href="assembly.xml#PIMValidateFile"/>
  </visualProperties>
  <visualProperties x="518" y="458">
    <element href="assembly.xml#convertintoXML"/>
  </visualProperties>
  <visualProperties x="598" y="190">
    <element href="assembly.xml#CallProcessFile"/>
  </visualProperties>
  <visualProperties x="128" y="718">
    <element href="assembly.xml#ProcessFile"/>
  </visualProperties>
  <visualProperties x="415" y="686">
    <element href="assembly.xml#CallGetCCH"/>
  </visualProperties>
  <visualProperties x="141" y="812">
    <element href="assembly.xml#GetCCH"/>
  </visualProperties>
  <visualProperties x="228" y="839">
    <element href="assembly.xml#AsyncMediation"/>
  </visualProperties>
  <visualProperties x="398" y="847">
    <element href="assembly.xml#PagedGet"/>
  </visualProperties>
  <visualProperties x="492" y="824">
    <element href="assembly.xml#PageIn"/>
  </visualProperties>
  <visualProperties x="679" y="889">
    <element href="assembly.xml#Splitter"/>
  </visualProperties>
  <visualProperties x="874" y="901">
    <element href="assembly.xml#CCH_Hashmap"/>
  </visualProperties>
  <visualProperties x="1014" y="941">
    <element href="assembly.xml#PIMHashCCH"/>
  </visualProperties>
  <visualProperties x="573" y="729">
    <element href="assembly.xml#PIMAtConversion"/>
  </visualProperties>
  <visualProperties x="767" y="208">
    <element href="assembly.xml#CallValidateFile"/>
  </visualProperties>
  <visualProperties x="869" y="901">
    <element href="assembly.xml#ValidateFile"/>
  </visualProperties>
  <visualProperties x="252" y="1344">
    <element href="assembly.xml#AsyncMediation0"/>
  </visualProperties>
  <visualProperties x="431" y="1371">
    <element href="assembly.xml#SplitFile"/>
  </visualProperties>
  <visualProperties x="583" y="1416">
    <element href="assembly.xml#ValidateFiledata"/>
  </visualProperties>
  <visualProperties x="643" y="1017">
    <element href="assembly.xml#CheckinWorkday"/>
  </visualProperties>
  <visualProperties x="862" y="1180">
    <element href="assembly.xml#CallErrorlog"/>
  </visualProperties>
  <visualProperties x="142" y="1340">
    <element href="assembly.xml#ErrorLog"/>
  </visualProperties>
  <visualProperties x="228" y="1350">
    <element href="assembly.xml#PrepareAudit"/>
  </visualProperties>
  <visualProperties x="955" y="1110">
    <element href="assembly.xml#Route"/>
  </visualProperties>
  <visualProperties x="1198" y="1125">
    <element href="assembly.xml#Call_Update_Org"/>
  </visualProperties>
  <visualProperties x="1240" y="1163">
    <element href="assembly.xml#Call_InactivateOrg"/>
  </visualProperties>
  <visualProperties x="141" y="1442">
    <element href="assembly.xml#Update_Org"/>
  </visualProperties>
  <visualProperties x="275" y="1469">
    <element href="assembly.xml#PrepareWebServiceMsg"/>
  </visualProperties>
  <visualProperties x="406" y="1624">
    <element href="assembly.xml#Aggregator"/>
  </visualProperties>
  <visualProperties x="978" y="176">
    <element href="assembly.xml#CallCloseAudit"/>
  </visualProperties>
  <visualProperties x="498" y="1595">
    <element href="assembly.xml#CloseAudit"/>
  </visualProperties>
  <visualProperties x="616" y="1581">
    <element href="assembly.xml#StoreAuditMessage"/>
  </visualProperties>
  <visualProperties x="728" y="1754">
    <element href="assembly.xml#PIMAudit"/>
  </visualProperties>
  <visualProperties x="392" y="1688">
    <element href="assembly.xml#PutIntegrationMessage"/>
  </visualProperties>
  <visualProperties x="299" y="1515">
    <element href="assembly.xml#PIMSoap"/>
  </visualProperties>
  <visualProperties x="754" y="1184">
    <element href="assembly.xml#CallErrorLogSupOrg"/>
  </visualProperties>
  <visualProperties x="504" y="1462">
    <element href="assembly.xml#WorkdayOutSoap"/>
  </visualProperties>
  <visualProperties x="641" y="1410">
    <element href="assembly.xml#RemoveHeader"/>
  </visualProperties>
  <visualProperties x="883" y="1499">
    <element href="assembly.xml#CallSuccessLog"/>
  </visualProperties>
  <visualProperties>
    <element href="assembly.xml#Successlog"/>
  </visualProperties>
  <visualProperties>
    <element href="assembly.xml#PrepareSuccessAudit"/>
  </visualProperties>
  <visualProperties>
    <element href="assembly.xml#PutIntegrationMessage0"/>
  </visualProperties>
  <visualProperties x="267" y="860">
    <element href="assembly.xml#PIMCCH"/>
  </visualProperties>
  <visualProperties>
    <element href="assembly.xml#//@beans/@mixed.1/@mixed.97"/>
  </visualProperties>
  <visualProperties>
    <element href="assembly.xml#GlobalErrorhandler"/>
  </visualProperties>
  <visualProperties x="53" y="1674">
    <element href="assembly.xml#InactivateOrg"/>
  </visualProperties>
  <visualProperties x="1269" y="1239">
    <element href="assembly.xml#Donothing"/>
  </visualProperties>
  <visualProperties x="245" y="1802">
    <element href="assembly.xml#InactivateWWS"/>
  </visualProperties>
  <visualProperties x="418" y="1849">
    <element href="assembly.xml#WorkdayOutSoap0"/>
  </visualProperties>
  <visualProperties x="683" y="1845">
    <element href="assembly.xml#AsyncMediation1"/>
  </visualProperties>
  <visualProperties x="836" y="1823">
    <element href="assembly.xml#CallSuccesslogInactivate"/>
  </visualProperties>
  <visualProperties x="839" y="1568">
    <element href="assembly.xml#AsyncMediation2"/>
  </visualProperties>
  <visualProperties x="1019" y="1549">
    <element href="assembly.xml#WorkdayOutSoap1"/>
  </visualProperties>
  <visualProperties x="1270" y="1567">
    <element href="assembly.xml#AsyncMediation3"/>
  </visualProperties>
  <visualProperties x="343" y="1931">
    <element href="assembly.xml#CallErrorlog2"/>
  </visualProperties>
  <visualProperties x="41" y="2006">
    <element href="assembly.xml#CallErrorlog20"/>
  </visualProperties>
  <visualProperties x="954" y="424">
    <element href="assembly.xml#CheckDataExistsinInputFile"/>
  </visualProperties>
  <visualProperties x="994" y="495">
    <element href="assembly.xml#PIM-DataValidationErrors"/>
  </visualProperties>
  <connections type="routesTo" sourceAnchorX="0.9663865546218487" sourceAnchorY="0.5135135135135135" targetAnchorX="0.020689655172413793" targetAnchorY="0.5208333333333334">
    <source href="assembly.xml#StartHere"/>
    <target href="assembly.xml#Init"/>
  </connections>
  <connections type="routesTo" sourceAnchorX="0.9448275862068966" sourceAnchorY="0.4895833333333333" targetAnchorX="0.08860759493670886" targetAnchorY="0.3783783783783784">
    <source href="assembly.xml#Init"/>
    <target href="assembly.xml#CallFileRetrieval"/>
  </connections>
  <connections type="routesTo" sourceAnchorX="0.9562043795620438" sourceAnchorY="0.4864864864864865" targetAnchorX="0.0" targetAnchorY="0.6377952755905512">
    <source href="assembly.xml#FileRetreival"/>
    <target href="assembly.xml#FileValidation"/>
  </connections>
  <connections type="routesTo" sourceAnchorX="0.3277310924369748" sourceAnchorY="1.0" targetAnchorX="0.36097560975609755" targetAnchorY="0.5675675675675675">
    <source href="assembly.xml#//@beans/@mixed.1/@mixed.9/@mixed.3"/>
    <target href="assembly.xml#PIMValidateFile"/>
  </connections>
  <connections type="routesResponseTo" sourceAnchorX="0.9814814814814815" sourceAnchorY="0.3783783783783784" targetAnchorX="0.05063291139240506" targetAnchorY="0.21621621621621623">
    <source href="assembly.xml#CallFileRetrieval"/>
    <target href="assembly.xml#CallProcessFile"/>
  </connections>
  <connections type="routesTo" sourceAnchorX="0.8962962962962963" sourceAnchorY="1.0" targetAnchorX="0.03169014084507042" targetAnchorY="0.6141732283464567">
    <source href="assembly.xml#ProcessFile"/>
    <target href="assembly.xml#convertintoXML"/>
  </connections>
  <connections type="routesTo" sourceAnchorX="1.0" sourceAnchorY="0.6216216216216216" targetAnchorX="0.2517482517482518" targetAnchorY="0.5108695652173914">
    <source href="assembly.xml#GetCCH"/>
    <target href="assembly.xml#AsyncMediation"/>
  </connections>
  <connections type="routesTo" sourceAnchorX="0.9790209790209791" sourceAnchorY="0.4895833333333333" targetAnchorX="0.13934426229508196" targetAnchorY="0.5405405405405406">
    <source href="assembly.xml#AsyncMediation"/>
    <target href="assembly.xml#PagedGet"/>
  </connections>
  <connections type="routesTo" sourceAnchorX="0.7692307692307693" sourceAnchorY="1.0" targetAnchorX="0.1390728476821192" targetAnchorY="0.5208333333333334">
    <source href="assembly.xml#//@beans/@mixed.1/@splitter.0/@subRoute.0"/>
    <target href="assembly.xml#CCH_Hashmap"/>
  </connections>
  <connections type="routesTo" sourceAnchorX="0.6764705882352942" sourceAnchorY="1.0" targetAnchorX="0.3418803418803419" targetAnchorY="0.47560975609756095">
    <source href="assembly.xml#PageIn"/>
    <target href="assembly.xml#Splitter"/>
  </connections>
  <connections type="routesTo" sourceAnchorX="0.4927536231884058" sourceAnchorY="1.0" targetAnchorX="0.46258503401360546" targetAnchorY="0.24324324324324326">
    <source href="assembly.xml#//@beans/@mixed.1/@mixed.31/@mixed.3"/>
    <target href="assembly.xml#PIMHashCCH"/>
  </connections>
  <connections type="routesTo" sourceAnchorX="0.5234657039711191" sourceAnchorY="1.0" targetAnchorX="0.5258215962441315" targetAnchorY="0.7837837837837838">
    <source href="assembly.xml#//@beans/@mixed.1/@mixed.13/@mixed.3"/>
    <target href="assembly.xml#PIMAtConversion"/>
  </connections>
  <connections type="routesResponseTo" sourceAnchorX="0.50625" sourceAnchorY="1.0" targetAnchorX="0.1935483870967742" targetAnchorY="0.35135135135135137">
    <source href="assembly.xml#CallProcessFile"/>
    <target href="assembly.xml#CallValidateFile"/>
  </connections>
  <connections type="routesTo" sourceAnchorX="1.0" sourceAnchorY="0.6216216216216216" targetAnchorX="0.2119205298013245" targetAnchorY="0.6458333333333334">
    <source href="assembly.xml#ValidateFile"/>
    <target href="assembly.xml#AsyncMediation0"/>
  </connections>
  <connections type="routesTo" sourceAnchorX="1.0" sourceAnchorY="0.23958333333333334" targetAnchorX="0.2222222222222222" targetAnchorY="0.3923076923076923">
    <source href="assembly.xml#AsyncMediation0"/>
    <target href="assembly.xml#SplitFile"/>
  </connections>
  <connections type="routesTo" sourceAnchorX="0.7307692307692307" sourceAnchorY="1.0" targetAnchorX="0.04195804195804196">
    <source href="assembly.xml#//@beans/@mixed.1/@splitter.1/@subRoute.0"/>
    <target href="assembly.xml#ValidateFiledata"/>
  </connections>
  <connections type="routesTo" sourceAnchorX="1.0" sourceAnchorY="0.53125" targetAnchorX="0.0" targetAnchorY="0.5433070866141733">
    <source href="assembly.xml#ValidateFiledata"/>
    <target href="assembly.xml#CheckinWorkday"/>
  </connections>
  <connections type="routesTo" sourceAnchorX="0.6232876712328768" sourceAnchorY="1.0" targetAnchorX="0.6075949367088608" targetAnchorY="0.2972972972972973">
    <source href="assembly.xml#//@beans/@mixed.1/@mixed.47/@mixed.3"/>
    <target href="assembly.xml#CallErrorlog"/>
  </connections>
  <connections type="routesTo" sourceAnchorX="0.8157894736842105" sourceAnchorY="1.0" targetAnchorX="0.08609271523178808" targetAnchorY="0.4791666666666667">
    <source href="assembly.xml#ErrorLog"/>
    <target href="assembly.xml#PrepareAudit"/>
    <bendpoints sourceX="77" sourceY="-2" targetX="-38" targetY="40"/>
  </connections>
  <connections type="routesTo" sourceAnchorX="0.6176470588235294" sourceAnchorY="1.0" targetAnchorX="0.16556291390728478" targetAnchorY="0.46875">
    <source href="assembly.xml#Update_Org"/>
    <target href="assembly.xml#PrepareWebServiceMsg"/>
    <bendpoints sourceX="78" sourceY="-11" targetX="-52" targetY="32"/>
  </connections>
  <connections type="routesResponseTo" sourceAnchorX="0.6258064516129033" sourceAnchorY="1.0" targetAnchorX="0.05921052631578947" targetAnchorY="0.32432432432432434">
    <source href="assembly.xml#CallValidateFile"/>
    <target href="assembly.xml#CallCloseAudit"/>
  </connections>
  <connections type="routesTo" sourceAnchorX="0.6220472440944882" sourceAnchorY="1.0" targetAnchorX="0.45977011494252873" targetAnchorY="0.11320754716981132">
    <source href="assembly.xml#CloseAudit"/>
    <target href="assembly.xml#Aggregator"/>
  </connections>
  <connections type="routesTo" sourceAnchorX="0.9933774834437086" sourceAnchorY="0.7291666666666666" targetAnchorX="0.04597701149425287" targetAnchorY="0.25471698113207547">
    <source href="assembly.xml#PrepareAudit"/>
    <target href="assembly.xml#Aggregator"/>
    <bendpoints sourceX="159" targetX="-106" targetY="-22"/>
  </connections>
  <connections type="routesTo" sourceAnchorX="1.0" sourceAnchorY="0.1792452830188679" targetAnchorX="0.10596026490066225" targetAnchorY="0.4375">
    <source href="assembly.xml#Aggregator"/>
    <target href="assembly.xml#StoreAuditMessage"/>
    <bendpoints sourceX="40" sourceY="2" targetX="-36" targetY="43"/>
  </connections>
  <connections type="routesTo" sourceAnchorX="0.5277777777777778" sourceAnchorY="1.0" targetAnchorX="0.5073170731707317" targetAnchorY="0.21621621621621623">
    <source href="assembly.xml#//@beans/@mixed.1/@mixed.71/@mixed.3"/>
    <target href="assembly.xml#PIMAudit"/>
  </connections>
  <connections type="routesTo" sourceAnchorX="0.37815126050420167" sourceAnchorY="1.0" targetAnchorX="0.4195121951219512" targetAnchorY="0.05405405405405406">
    <source href="assembly.xml#//@beans/@mixed.1/@mixed.53/@mixed.3"/>
    <target href="assembly.xml#PutIntegrationMessage"/>
  </connections>
  <connections type="routesTo" sourceAnchorX="0.4845360824742268" sourceAnchorY="1.0" targetAnchorX="0.45217391304347826" targetAnchorY="0.3783783783783784">
    <source href="assembly.xml#//@beans/@mixed.1/@mixed.63/@mixed.3"/>
    <target href="assembly.xml#PIMSoap"/>
  </connections>
  <connections type="routesTo" sourceAnchorX="0.5294117647058824" sourceAnchorY="1.0" targetAnchorY="0.2702702702702703">
    <source href="assembly.xml#//@beans/@mixed.1/@mixed.45/@mixed.3"/>
    <target href="assembly.xml#CallErrorLogSupOrg"/>
  </connections>
  <connections type="routesTo" sourceAnchorX="0.9760765550239234" sourceAnchorY="0.5984251968503937" targetAnchorX="0.03468208092485549" targetAnchorY="0.5945945945945946">
    <source href="assembly.xml#PrepareWebServiceMsg"/>
    <target href="assembly.xml#WorkdayOutSoap"/>
    <bendpoints sourceX="27" sourceY="-2" targetX="-29" targetY="-13"/>
  </connections>
  <connections type="routesResponseTo" sourceAnchorX="0.9826589595375722" sourceAnchorY="0.4864864864864865" targetAnchorX="0.041666666666666664" targetAnchorY="0.4479166666666667">
    <source href="assembly.xml#WorkdayOutSoap"/>
    <target href="assembly.xml#RemoveHeader"/>
  </connections>
  <connections type="routesTo" sourceAnchorX="0.8157894736842105" sourceAnchorY="1.0" targetAnchorX="0.08609271523178808" targetAnchorY="0.4791666666666667">
    <source href="assembly.xml#Successlog"/>
    <target href="assembly.xml#PrepareSuccessAudit"/>
    <bendpoints sourceX="77" sourceY="-2" targetX="-38" targetY="40"/>
  </connections>
  <connections type="routesTo" sourceAnchorX="0.37815126050420167" sourceAnchorY="1.0" targetAnchorX="0.4195121951219512" targetAnchorY="0.05405405405405406">
    <source href="assembly.xml#//@beans/@mixed.1/@mixed.89/@mixed.3"/>
    <target href="assembly.xml#PutIntegrationMessage0"/>
  </connections>
  <connections type="routesTo" sourceAnchorX="1.0" sourceAnchorY="0.2204724409448819" targetAnchorX="0.028735632183908046" targetAnchorY="0.4716981132075472">
    <source href="assembly.xml#PrepareSuccessAudit"/>
    <target href="assembly.xml#Aggregator"/>
    <bendpoints sourceX="136" sourceY="-87" targetX="-72" targetY="124"/>
  </connections>
  <connections type="routesTo" sourceAnchorX="1.0" sourceAnchorY="0.34375" targetAnchorX="0.2251655629139073" targetAnchorY="0.532608695652174">
    <source href="assembly.xml#RemoveHeader"/>
    <target href="assembly.xml#AsyncMediation2"/>
  </connections>
  <connections type="routesTo" sourceAnchorX="0.5367647058823529" sourceAnchorY="1.0" targetAnchorX="0.5117370892018779" targetAnchorY="0.8648648648648649">
    <source href="assembly.xml#//@beans/@mixed.1/@mixed.23/@mixed.3"/>
    <target href="assembly.xml#PIMCCH"/>
  </connections>
  <connections type="routesTo" sourceAnchorX="0.8899082568807339" sourceAnchorY="1.0" targetAnchorX="0.05027932960893855" targetAnchorY="0.4594594594594595">
    <source href="assembly.xml#//@beans/@mixed.1/@mixed.97"/>
    <target href="assembly.xml#GlobalErrorhandler"/>
  </connections>
  <connections type="routesTo" sourceAnchorX="1.0" sourceAnchorY="0.14173228346456693" targetAnchorX="0.0958904109589041" targetAnchorY="0.3148148148148148">
    <source href="assembly.xml#CheckinWorkday"/>
    <target href="assembly.xml#Route"/>
  </connections>
  <connections type="routesTo" sourceAnchorX="0.7894736842105263" sourceAnchorY="1.0" targetAnchorX="0.01775147928994083" targetAnchorY="0.5135135135135135">
    <source href="assembly.xml#//@beans/@mixed.1/@route.0/@subRoute.0"/>
    <target href="assembly.xml#Call_Update_Org"/>
  </connections>
  <connections type="routesTo" sourceAnchorX="0.7591240875912408" sourceAnchorY="1.0" targetAnchorX="0.022727272727272728" targetAnchorY="0.5405405405405406">
    <source href="assembly.xml#//@beans/@mixed.1/@route.0/@subRoute.1"/>
    <target href="assembly.xml#Call_InactivateOrg"/>
  </connections>
  <connections type="routesTo" sourceAnchorX="0.5255474452554745" sourceAnchorY="1.0" targetAnchorX="0.19444444444444445" targetAnchorY="0.6195652173913043">
    <source href="assembly.xml#//@beans/@mixed.1/@route.0/@subRoute.2"/>
    <target href="assembly.xml#Donothing"/>
  </connections>
  <connections type="routesTo" sourceAnchorX="0.8251748251748252" sourceAnchorY="1.0" targetAnchorX="0.1048951048951049" targetAnchorY="0.3958333333333333">
    <source href="assembly.xml#InactivateOrg"/>
    <target href="assembly.xml#InactivateWWS"/>
  </connections>
  <connections type="routesTo" sourceAnchorX="1.0" sourceAnchorY="0.2708333333333333" targetAnchorX="0.39779005524861877" targetAnchorY="0.2702702702702703">
    <source href="assembly.xml#InactivateWWS"/>
    <target href="assembly.xml#WorkdayOutSoap0"/>
  </connections>
  <connections type="routesResponseTo" sourceAnchorX="0.861878453038674" sourceAnchorY="0.5405405405405406" targetAnchorX="0.5827814569536424" targetAnchorY="0.6195652173913043">
    <source href="assembly.xml#WorkdayOutSoap0"/>
    <target href="assembly.xml#AsyncMediation1"/>
  </connections>
  <connections type="routesTo" sourceAnchorX="1.0" sourceAnchorY="0.20833333333333334" targetAnchorX="0.11818181818181818" targetAnchorY="0.5135135135135135">
    <source href="assembly.xml#AsyncMediation1"/>
    <target href="assembly.xml#CallSuccesslogInactivate"/>
  </connections>
  <connections type="routesTo" sourceAnchorX="1.0" sourceAnchorY="0.2604166666666667" targetAnchorX="0.1270718232044199" targetAnchorY="0.6486486486486487">
    <source href="assembly.xml#AsyncMediation2"/>
    <target href="assembly.xml#WorkdayOutSoap1"/>
  </connections>
  <connections type="routesResponseTo" sourceAnchorX="0.7790055248618785" sourceAnchorY="1.0" targetAnchorX="0.08609271523178808" targetAnchorY="0.375">
    <source href="assembly.xml#WorkdayOutSoap1"/>
    <target href="assembly.xml#AsyncMediation3"/>
  </connections>
  <connections type="routesTo" sourceAnchorX="1.0" sourceAnchorY="0.23958333333333334" targetAnchorX="0.25" targetAnchorY="0.5405405405405406">
    <source href="assembly.xml#AsyncMediation3"/>
    <target href="assembly.xml#CallSuccessLog"/>
  </connections>
  <connections type="routesTo" sourceAnchorX="0.4206896551724138" sourceAnchorY="1.0" targetAnchorX="0.35443037974683544" targetAnchorY="0.40540540540540543">
    <source href="assembly.xml#//@beans/@mixed.1/@mixed.103/@mixed.3"/>
    <target href="assembly.xml#CallErrorlog2"/>
  </connections>
  <connections type="routesTo" sourceAnchorX="0.7637795275590551" sourceAnchorY="1.0" targetAnchorX="0.48905109489051096" targetAnchorY="0.5135135135135135">
    <source href="assembly.xml#//@beans/@mixed.1/@mixed.111/@mixed.3"/>
    <target href="assembly.xml#CallErrorlog20"/>
  </connections>
  <connections type="routesTo" sourceAnchorX="0.34408602150537637" sourceAnchorY="1.0" targetAnchorX="0.33505154639175255" targetAnchorY="0.8108108108108109">
    <source href="assembly.xml#//@beans/@mixed.1/@mixed.121/@mixed.3"/>
    <target href="assembly.xml#PIM-DataValidationErrors"/>
  </connections>
  <connections type="routesTo" sourceAnchorX="1.0" sourceAnchorY="0.416" targetAnchorX="0.2849740932642487" targetAnchorY="0.408">
    <source href="assembly.xml#convertintoXML"/>
    <target href="assembly.xml#CheckDataExistsinInputFile"/>
  </connections>
  <connections type="routesTo" sourceAnchorX="1.0" sourceAnchorY="0.512" targetAnchorX="0.624" targetAnchorY="0.43243243243243246">
    <source href="assembly.xml#CheckDataExistsinInputFile"/>
    <target href="assembly.xml#CallGetCCH"/>
  </connections>
  <swimlanes x="90" y="78" font="Arial|9|3" fontColor="1" name="Main Section" alignment="MIDDLE">
    <elements href="assembly.xml#StartHere"/>
    <elements href="assembly.xml#Init"/>
    <elements href="assembly.xml#CallFileRetrieval"/>
    <elements href="assembly.xml#CallProcessFile"/>
    <elements href="assembly.xml#CallValidateFile"/>
    <elements href="assembly.xml#CallCloseAudit"/>
  </swimlanes>
  <swimlanes x="82" y="260" font="Arial|9|3" fontColor="1" name="Check for File" alignment="MIDDLE">
    <elements href="assembly.xml#FileRetreival"/>
    <elements href="#//@swimlanes.2"/>
  </swimlanes>
  <swimlanes x="268" y="427" name="Swimlane" orientation="VERTICAL" alignment="MIDDLE">
    <elements href="assembly.xml#FileValidation"/>
    <elements href="assembly.xml#PIMValidateFile"/>
  </swimlanes>
  <swimlanes x="589" y="272" font="Arial|9|3" fontColor="1" name="Format Input File" alignment="MIDDLE">
    <elements href="assembly.xml#ProcessFile"/>
    <elements href="#//@swimlanes.6"/>
    <elements href="#//@swimlanes.30"/>
    <elements href="assembly.xml#CallGetCCH"/>
  </swimlanes>
  <swimlanes x="82" y="613" font="Arial|9|3" fontColor="1" name="Get Existing CCH and Load in Hashmap" alignment="MIDDLE">
    <elements href="assembly.xml#GetCCH"/>
    <elements href="#//@swimlanes.19"/>
    <elements href="assembly.xml#PagedGet"/>
    <elements href="assembly.xml#PageIn"/>
    <elements href="assembly.xml#Splitter"/>
    <elements href="#//@swimlanes.5"/>
  </swimlanes>
  <swimlanes x="832" y="876" name="Swimlane" orientation="VERTICAL">
    <elements href="assembly.xml#CCH_Hashmap"/>
    <elements href="assembly.xml#PIMHashCCH"/>
  </swimlanes>
  <swimlanes x="254" y="747" name="Swimlane" orientation="VERTICAL" alignment="MIDDLE">
    <elements href="assembly.xml#convertintoXML"/>
    <elements href="assembly.xml#PIMAtConversion"/>
  </swimlanes>
  <swimlanes x="82" y="961" font="Arial|9|3" fontColor="1" name="Check Existing Cost Center Hierarchy" alignment="MIDDLE">
    <elements href="assembly.xml#ValidateFile"/>
    <elements href="assembly.xml#AsyncMediation0"/>
    <elements href="assembly.xml#SplitFile"/>
    <elements href="#//@swimlanes.15"/>
    <elements href="#//@swimlanes.8"/>
    <elements href="assembly.xml#Route"/>
    <elements href="#//@swimlanes.18"/>
  </swimlanes>
  <swimlanes x="750" y="1100" name="Swimlane" orientation="VERTICAL" alignment="MIDDLE">
    <elements href="assembly.xml#CheckinWorkday"/>
    <elements href="assembly.xml#CallErrorlog"/>
  </swimlanes>
  <swimlanes x="75" y="1656" font="Arial|9|3" fontColor="1" name="Generate Error Log" alignment="MIDDLE">
    <elements href="assembly.xml#ErrorLog"/>
    <elements href="#//@swimlanes.13"/>
  </swimlanes>
  <swimlanes x="75" y="1308" font="Arial|9|3" fontColor="1" name="Update Cost Center Hierarchy" alignment="MIDDLE">
    <elements href="assembly.xml#Update_Org"/>
    <elements href="#//@swimlanes.14"/>
    <elements href="assembly.xml#WorkdayOutSoap"/>
    <elements href="assembly.xml#RemoveHeader"/>
    <elements href="#//@swimlanes.29"/>
    <elements href="assembly.xml#WorkdayOutSoap1"/>
    <elements href="#//@swimlanes.28"/>
    <elements href="assembly.xml#CallSuccessLog"/>
  </swimlanes>
  <swimlanes x="1643" y="2235" font="Arial Narrow|9|3" fontColor="1" name="CloseAuditLog" orientation="VERTICAL">
    <elements href="assembly.xml#CloseAudit"/>
    <elements href="assembly.xml#Aggregator"/>
  </swimlanes>
  <swimlanes x="630" y="1647" font="Arial Narrow|9|3" fontColor="1" name="Store" orientation="VERTICAL" alignment="MIDDLE">
    <elements href="assembly.xml#StoreAuditMessage"/>
    <elements href="assembly.xml#PIMAudit"/>
  </swimlanes>
  <swimlanes x="237" y="1682" name="Swimlane" orientation="VERTICAL" alignment="MIDDLE">
    <elements href="assembly.xml#PrepareAudit"/>
    <elements href="assembly.xml#PutIntegrationMessage"/>
  </swimlanes>
  <swimlanes x="260" y="1421" name="Swimlane" orientation="VERTICAL" alignment="MIDDLE">
    <elements href="assembly.xml#PrepareWebServiceMsg"/>
    <elements href="assembly.xml#PIMSoap"/>
  </swimlanes>
  <swimlanes x="571" y="1102" name="Swimlane" orientation="VERTICAL" alignment="MIDDLE">
    <elements href="assembly.xml#ValidateFiledata"/>
    <elements href="assembly.xml#CallErrorLogSupOrg"/>
  </swimlanes>
  <swimlanes name="Swimlane" orientation="VERTICAL" alignment="MIDDLE">
    <elements href="assembly.xml#PrepareSuccessAudit"/>
    <elements href="assembly.xml#PutIntegrationMessage0"/>
  </swimlanes>
  <swimlanes x="75" y="1976" font="Arial|9|3" fontColor="1" name="Generate Success Log" alignment="MIDDLE">
    <elements href="assembly.xml#Successlog"/>
    <elements href="#//@swimlanes.16"/>
  </swimlanes>
  <swimlanes x="1307" y="991" font="Arial Narrow|9|3" fontColor="1" name="RouteDecider" orientation="VERTICAL">
    <elements href="assembly.xml#Call_Update_Org"/>
    <elements href="assembly.xml#Call_InactivateOrg"/>
    <elements href="assembly.xml#Donothing"/>
  </swimlanes>
  <swimlanes x="218" y="763" name="Swimlane" orientation="VERTICAL" alignment="MIDDLE">
    <elements href="assembly.xml#AsyncMediation"/>
    <elements href="assembly.xml#PIMCCH"/>
  </swimlanes>
  <swimlanes x="825" y="2403" font="Arial|9|3" fontColor="1" name="GlobalErrorHandler">
    <elements href="assembly.xml#//@beans/@mixed.1/@mixed.97"/>
    <elements href="assembly.xml#GlobalErrorhandler"/>
  </swimlanes>
  <swimlanes x="15" y="-10" name="Full Block" orientation="VERTICAL" elements="//@swimlanes.0 //@swimlanes.22 //@swimlanes.4 //@swimlanes.7 //@swimlanes.10 //@swimlanes.25 //@swimlanes.23 //@swimlanes.20"/>
  <swimlanes x="229" y="249" name="Swimlane" elements="//@swimlanes.1 //@swimlanes.3"/>
  <swimlanes x="841" y="1657" name="Swimlane" elements="//@swimlanes.24 //@swimlanes.11 //@swimlanes.12" alignment="MIDDLE"/>
  <swimlanes x="1122" y="1944" font="Arial Narrow|9|3" fontColor="1" name="LogAccumulator" orientation="VERTICAL" elements="//@swimlanes.17 //@swimlanes.9" alignment="MIDDLE"/>
  <swimlanes x="89" y="1641" font="Arial Narrow|9|3" fontColor="1" name="Inactivate Org" alignment="MIDDLE">
    <elements href="assembly.xml#InactivateOrg"/>
    <elements href="#//@swimlanes.26"/>
    <elements href="assembly.xml#WorkdayOutSoap0"/>
    <elements href="#//@swimlanes.27"/>
    <elements href="assembly.xml#CallSuccesslogInactivate"/>
  </swimlanes>
  <swimlanes x="192" y="1786" name="Swimlane" orientation="VERTICAL" alignment="MIDDLE">
    <elements href="assembly.xml#InactivateWWS"/>
    <elements href="assembly.xml#CallErrorlog2"/>
  </swimlanes>
  <swimlanes x="633" y="1811" name="Swimlane">
    <elements href="assembly.xml#AsyncMediation1"/>
  </swimlanes>
  <swimlanes x="1232" y="1569" name="Swimlane">
    <elements href="assembly.xml#AsyncMediation3"/>
  </swimlanes>
  <swimlanes x="40" y="1384" name="Swimlane" orientation="VERTICAL">
    <elements href="assembly.xml#AsyncMediation2"/>
    <elements href="assembly.xml#CallErrorlog20"/>
  </swimlanes>
  <swimlanes x="927" y="398" name="CheckDataExists" orientation="VERTICAL" alignment="MIDDLE">
    <elements href="assembly.xml#CheckDataExistsinInputFile"/>
    <elements href="assembly.xml#PIM-DataValidationErrors"/>
  </swimlanes>
</wdnm:Diagram>
