<?xml version="1.0" encoding="UTF-8"?>
<beans
     xmlns="http://www.springframework.org/schema/beans"
     xmlns:beans="http://www.springframework.org/schema/beans"
     xmlns:atom="http://www.w3.org/2005/Atom"
     xmlns:cc="http://www.capeclear.com/assembly/10"
     xmlns:cloud="urn:com.workday/esb/cloud/10.0"
     xmlns:env="http://schemas.xmlsoap.org/soap/envelope/"
     xmlns:pi="urn:com.workday/picof"
     xmlns:wd="urn:com.workday/bsvc"
     xmlns:xsi="http://www.w3.org/2001/XMLSchema-instance">
 
	<cc:assembly id="WorkdayAssembly" version="2017.17">
        <cc:local-in id="CheckforCCWFile" routes-to="CountWorker"/>
        <cc:async-mediation id="GetEmployeeDetail" routes-to="GetTaxDetailsWebService" handle-downstream-errors="true">
            <cc:steps>
                <cc:xslt id="Xslt" url="getEmployeeTaxElections.xsl"/>
                <cc:wrap-soap id="WrapSoap"/>
            </cc:steps>
            <cc:send-error id="SendError" routes-to="Error_fetching_Employee"/>
        </cc:async-mediation>
        <cc:route id="To_Inactivate">
            <cc:all-strategy/>
            <cc:sub-route name="ToCountry" routes-to="InactivateCountry"/>
            <cc:sub-route name="ToCity" routes-to="InactivateCity"/>
            <cc:sub-route name="ToSchool" routes-to="InactivateSchool"/>
            <cc:sub-route name="ToOther" routes-to="InactivateOther"/>
        </cc:route>
        <cc:async-mediation id="WriteAddressData" routes-to="Splitter" handle-downstream-errors="true">
            <cc:steps>
                <cc:copy id="Copy" input="variable" input-variable="wd.retrieve.variable"/>
                <cc:eval id="Init">
                    <cc:expression>props['Nexus.Indicator'] = empty</cc:expression>
                    <cc:expression>props['home.same.as.business.site'] = empty</cc:expression>
                </cc:eval>
            </cc:steps>
            <cc:send-error id="SendError" routes-to="Error_Writing_XSLT"/>
        </cc:async-mediation>
        <cc:async-mediation id="InactivateCountry" routes-to="ValidationOnCounty" handle-downstream-errors="true">
            <cc:steps>
                <cc:xslt id="Xslt" url="CountryInactivate.xsl"/>
                <cc:wrap-soap id="WrapSoap"/>
                <cc:log id="Log">
                    <cc:log-message>
                        <cc:line-separator/>
                        <cc:text>Put Web service call -Inactivate Country</cc:text>
                        <cc:message-content/>
                    </cc:log-message>
                </cc:log>
            </cc:steps>
            <cc:send-error id="SendError" routes-to="Error_Inactivating_Country"/>
        </cc:async-mediation>
        <cc:local-out id="PutIntegrationMessage" endpoint="vm://wcc/PutIntegrationMessage"><cc:set name="is.message.severity" value="'INFO'"/><cc:set name="is.document.variable.name" value="'Address_Change.csv'"/><cc:set name="is.document.deliverable" value="'true'"/><cc:set name="is.message.summary" value="props['FileSummary']"/></cc:local-out>
        <cc:send-error id="global-error-handler" rethrow-error="false" routes-to="Call_Critical_Message"/>
        <cc:local-out id="WriteNoDocMessage0" endpoint="vm://wcc/PutIntegrationEvent">
            <cc:set name="is.event.completed" value="'current'"/>
            
            
        </cc:local-out>
        <cc:route id="Route">
            <cc:mvel-strategy>
                <cc:choose-route expression="props['count'] == 0" route="Alternate"/>
                <cc:choose-route expression="props['count'] != 0" route="SubRoute"/>
            </cc:mvel-strategy>
            <cc:sub-route name="SubRoute" routes-to="AsyncMediation1"/>
            <cc:sub-route name="Alternate" routes-to="PutIntegrationMessage1"/>
        </cc:route>
        <cc:async-mediation id="CountWorker" routes-to="Route">
            <cc:steps>
                <cc:eval id="Eval">
                    <cc:expression>props['count']= parts[0].xpath('ws:Worker_Sync/ws:Header/ws:Worker_Count ' , 'ws urn:com.workday/workersync')</cc:expression>
                </cc:eval>
            </cc:steps>
            <cc:send-error id="SendError" routes-to="Error_Count_Worker"/>
        </cc:async-mediation>
        <cc:local-in id="Putwebservice" routes-to="SplitTaxDetail"/>
        <cc:async-mediation id="GetTaxDetails" routes-to="CountData">
            <cc:steps>
                <cc:xslt id="Xslt" url="GetTaxDetails.xsl"/>
                <cc:log id="Log0">
                    <cc:log-message>
                        <cc:line-separator/>
                        <cc:text>Get Tax Elections Response - Transformed.</cc:text>
                        <cc:line-separator/>
                        <cc:message-content/>
                        <cc:line-separator/>
                    </cc:log-message>
                </cc:log>
                <cc:eval id="Eval">
                    <cc:expression>props['count']= parts[0].xpath('count(TaxData/Tax)')</cc:expression>
                </cc:eval>
            </cc:steps>
            <cc:send-error id="SendError" routes-to="Error_fetching_Tax"/>
        </cc:async-mediation>
        <cc:async-mediation id="CopyFileToMsg">
            <cc:steps>
                <cc:eval id="Eval0"><cc:expression>da.toVar('output.xml', &quot;wd.retrieve.variable&quot;)</cc:expression></cc:eval>
                <cc:copy id="Copy" input="variable" input-variable="wd.retrieve.variable"/>
            </cc:steps>
        </cc:async-mediation>
        <cc:local-out id="WriteNoDocMessage" endpoint="vm://wcc/PutIntegrationMessage">
            <cc:set name="is.message.severity" value="'WARNING'"/>
            <cc:set name="is.message.summary" value="'No files were retrieved from the integration event to process.'"/>
            <cc:set name="is.message.detail" value="'No files were retrieved from the integration event to process.'"/>
        </cc:local-out>
        <cc:async-mediation id="NoFileWarning" routes-to="WriteNoDocMessage">
            <cc:steps>
                <cc:log id="Log">
                    <cc:log-message>
                        <cc:line-separator/>
                        <cc:text>###########################&#xD;
No Files</cc:text>
                    </cc:log-message>
                </cc:log>
            </cc:steps>
        </cc:async-mediation>
        <cc:route id="CheckForRetrievedDocs">
            <cc:mvel-strategy>
                <cc:choose-route expression="props['retrieved_doc_count'] > 0" route="DocumentsRetrieved"/>
                <cc:choose-route expression="true" route="NoDocumentsRetrieved"/>
            </cc:mvel-strategy>
            <cc:sub-route name="DocumentsRetrieved" routes-to="CopyFileToMsg"/>
            <cc:sub-route name="NoDocumentsRetrieved" routes-to="NoFileWarning"/>
        </cc:route>
        <cc:async-mediation id="CheckFileSize" routes-to="CheckForRetrievedDocs">
            <cc:steps>
                <cc:eval id="Eval"><cc:expression>props['retrieved_doc_count'] = da.size()</cc:expression></cc:eval>
            </cc:steps>
        </cc:async-mediation>
        <cc:local-out id="GetEventDocuments" routes-response-to="CheckFileSize" endpoint="vm://wcc/GetEventDocuments">
            <cc:set name="ie.event.wid" value="props['EventID']"/>
        </cc:local-out>
        <cc:local-in id="GetFile" routes-to="GetEventDocuments"/>
        <cc:local-out id="CallCheckforCCWFile" store-message="none" routes-response-to="CallProcessFile" endpoint="vm://INT8903-Symmetry_Local_Tax_Automation_Outbound-Studio/CheckforCCWFile"/>
        <cc:local-out id="CallGetFile" store-message="none" routes-response-to="CallCheckforCCWFile" endpoint="vm://INT8903-Symmetry_Local_Tax_Automation_Outbound-Studio/GetFile"/>
        <cc:workday-in id="StartHere" routes-to="AsyncMediation">
            <cc:integration-system name="INT8903 - Symmetry Local Tax Automation Outbound-Studio">
        <cloud:param name="Validation Mode">
          <cloud:type>
            <cloud:simple-type>boolean</cloud:simple-type>
          </cloud:type>
          <cloud:default>
            <cloud:boolean>true</cloud:boolean>
          </cloud:default>
        </cloud:param>
        <cloud:attribute-map-service name="A0001-Attributes">
          <cloud:attribute name="Symmetry Endpoint">
            <cloud:type>
              <cloud:simple-type>text</cloud:simple-type>
            </cloud:type>
            <cloud:display-option>required-for-launch</cloud:display-option>
          </cloud:attribute>
          <cloud:attribute name="Symmetry UserName">
            <cloud:type>
              <cloud:simple-type>text</cloud:simple-type>
            </cloud:type>
            <cloud:display-option>required-for-launch</cloud:display-option>
          </cloud:attribute>
          <cloud:attribute name="Symmetry Pasword">
            <cloud:type>
              <cloud:simple-type>text</cloud:simple-type>
            </cloud:type>
            <cloud:display-option>required-for-launch</cloud:display-option>
            <cloud:display-option>display-as-password</cloud:display-option>
          </cloud:attribute>
          <cloud:attribute name="API Version">
            <cloud:type>
              <cloud:class-report-field description="Web Service API Version" type="WID" singular="false">0a45e155f9f440d5b4d404808d0bbcbe</cloud:class-report-field>
            </cloud:type>
          </cloud:attribute>
        </cloud:attribute-map-service>
        <cloud:sequence-generator-service name="A0001LocalTaxOutbound">
          <cloud:sequencer>FileNameToSymmetry</cloud:sequencer>
        </cloud:sequence-generator-service>
        <cloud:report-service name="A0001 Local Tax Automation Outbound Studio_RS">
          <cloud:report-alias description="INT8903 All Work Location" name="AllBusinessSites">
            <cloud:report-reference description="INT8903 All Work Location" type="WID">90d0764050d401aa16111bb3d4030e0c</cloud:report-reference>
          </cloud:report-alias>
          <cloud:report-alias description="INT8903 Worker with PO BOX in Address Line Data" name="PoBoxReport">
            <cloud:report-reference description="INT8903 Worker with PO BOX in Address Line Data" type="WID">90d0764050d4018f21a3bbe7d403160c</cloud:report-reference>
          </cloud:report-alias>
          <cloud:report-alias description="INT8903/INT8904 All Payroll Tax Authorities" name="INPayrollAuthority">
            <cloud:report-reference description="INT8903/INT8904 All Payroll Tax Authorities" type="WID">90d0764050d40121cc8eec8e1304030e</cloud:report-reference>
          </cloud:report-alias>
        </cloud:report-service>
      </cc:integration-system>
        </cc:workday-in>
        <cc:local-out id="CallPutIntegrationEvent" endpoint="vm://wcc/PutIntegrationEvent">
            <cc:set name="is.event.completed" value="&quot;current&quot;"/>
        </cc:local-out>
        <cc:local-out id="Call_Critical_Event" endpoint="vm://wcc/PutIntegrationEvent">
            <cc:set name="is.event.completed" value="&quot;current&quot;"/>
        </cc:local-out>
        <cc:local-out id="Call_Critical_Message" routes-response-to="Call_Critical_Event" endpoint="vm://wcc/PutIntegrationMessage">
            <cc:set name="is.message.severity" value="'CRITICAL'"/>
            <cc:set name="is.message.summary" value="'An unexpected error has occured please see details.'"/>
            <cc:set name="is.message.detail" value="context.getErrorMessage()"/>
        </cc:local-out>
        <cc:local-out id="Processwebservice" store-message="none" routes-response-to="AsyncMediation2" endpoint="vm://INT8903-Symmetry_Local_Tax_Automation_Outbound-Studio/Putwebservice"/>
        <cc:async-mediation id="AsyncMediation1">
            <cc:steps>
                <cc:copy id="Copy" output="variable" output-variable="final.value"/>
                <cc:log id="Log">
                    <cc:log-message>
                        <cc:line-separator/>
                        <cc:text>=== Data to Pocess for Final Output ===</cc:text>
                        <cc:line-separator/>
                        <cc:message-content/>
                        <cc:line-separator/>
                    </cc:log-message>
                </cc:log>
            </cc:steps>
        </cc:async-mediation>
        <cc:workday-out-soap id="GetTaxDetailsWebService" routes-response-to="GetTaxDetails" application="Payroll" failure-message="message" version="v26.0"/>
        <cc:local-out id="Error_fetching_Employee" store-message="both" endpoint="ErrorHandler">
            <cc:set name="step.id" value="'Get Employee Details'"/>
            <cc:set name="initial.retrieval" value="true"/>
        </cc:local-out>
        <cc:local-out id="Error_fetching_Tax" store-message="both" endpoint="ErrorHandler">
            <cc:set name="step.id" value="'Fetching Tax details'"/>
            <cc:set name="initial.retrieval" value="true"/>
        </cc:local-out>
        <cc:local-out id="Error_Inactivating_Country" store-message="both" routes-response-to="CallAudit-Inactive" endpoint="ErrorHandler">
            <cc:set name="step.id" value="'Integration Inactivating Country'"/>
            <cc:set name="initial.retrieval" value="true"/>
        </cc:local-out>
        <cc:local-out id="Error_Inactivating_City" store-message="both" routes-response-to="CallAudit-Inactive" endpoint="ErrorHandler">
            <cc:set name="step.id" value="'Integration Inactivating City'"/>
            <cc:set name="initial.retrieval" value="true"/>
        </cc:local-out>
        <cc:local-out id="Error_Writing_XSLT" store-message="both" endpoint="ErrorHandler">
            <cc:set name="step.id" value="'Integration Initialization'"/>
            <cc:set name="initial.retrieval" value="true"/>
        </cc:local-out>
        <cc:local-out id="Error_Count_Worker" store-message="both" endpoint="ErrorHandler">
            <cc:set name="step.id" value="'Get Employee Count'"/>
            <cc:set name="initial.retrieval" value="true"/>
        </cc:local-out>
        <cc:local-out id="Call_Error_Message" endpoint="vm://wcc/PutIntegrationMessage">
            <cc:set name="is.message.severity" value="'ERROR'"/>
            <cc:set name="is.message.summary" value="props['init.error.message']"/>
            <cc:set name="is.message.detail" value="context.getErrorMessage()"/>
        </cc:local-out>
        <cc:async-mediation id="Error_Message" routes-to="Call_Error_Message">
            <cc:steps>
                <cc:set-headers id="ValidationOff">
                    <cc:remove-headers>
                        <cc:remove-header name="X-Validate-Only"/>
                    </cc:remove-headers>
                    <cc:add-headers/>
                </cc:set-headers>
                <cc:eval id="IntegrationMessage"><cc:expression>props['init.error.message'] = 'Impacted Employee - ' # props['EmployeeId'] '. The following error has occured at ' # props['step.id'] # ': '# context.getErrorMessage()</cc:expression></cc:eval>
            </cc:steps>
        </cc:async-mediation>
        <cc:local-in id="ErrorHandler" routes-to="Error_Message">
            <cc:parameter documentation="The point of entry" name="step.id"/>
            <cc:parameter default="false" name="initial.retrieval"/>
        </cc:local-in>
        <cc:async-mediation id="InactivateCity" routes-to="ValidationOnCity" handle-downstream-errors="true">
            <cc:steps>
                <cc:xslt id="Xslt" url="CityInactivate.xsl"/>
                <cc:wrap-soap id="WrapSoap"/>
                <cc:log id="Log">
                    <cc:log-message>
                        <cc:line-separator/>
                        <cc:text>Put Web service call -Inactivate City</cc:text>
                        <cc:message-content/>
                    </cc:log-message>
                </cc:log>
            </cc:steps>
            <cc:send-error id="SendError" routes-to="Error_Inactivating_City"/>
        </cc:async-mediation>
        <cc:async-mediation id="InactivateSchool" routes-to="ValidationOnSchool" handle-downstream-errors="true">
            <cc:steps>
                <cc:xslt id="Xslt" url="school.xsl"/>
                <cc:wrap-soap id="WrapSoap"/>
                <cc:log id="Log">
                    <cc:log-message>
                        <cc:line-separator/>
                        <cc:text>Put Web service call -Inactivate School</cc:text>
                        <cc:message-content/>
                    </cc:log-message>
                </cc:log>
            </cc:steps>
            <cc:send-error id="SendError" routes-to="Error_Inactivating_School"/>
        </cc:async-mediation>
        <cc:workday-out-soap id="PutCountry" store-message="none" application="Payroll" failure-message="message" version="v26.0"/>
        <cc:workday-out-soap id="PutCity" application="Payroll" failure-message="message" version="v26.0"/>
        <cc:workday-out-soap id="PutSchool" application="Payroll" failure-message="message" version="v26.0"/>
        <cc:splitter id="SplitTaxDetail">
            <cc:sub-route name="SubRoute" routes-to="InactivateEffectiveDate"/>
            <cc:xml-stream-splitter xpath="Tax/taxdetail"/>
        </cc:splitter>
        <cc:local-out id="Error_Inactivating_School" store-message="both" routes-response-to="CallAudit-Inactive" endpoint="ErrorHandler">
            <cc:set name="step.id" value="'Integration Inactivating School'"/>
            <cc:set name="initial.retrieval" value="true"/>
        </cc:local-out>
        <cc:route id="CountData">
            <cc:mvel-strategy>
                <cc:choose-route expression="props['count'] &lt;= 0" route="CountLessThan1"/>
                <cc:choose-route expression="props['count'] > 0" route="CountGreaterThan1"/>
            </cc:mvel-strategy>
            <cc:sub-route name="CountGreaterThan1" routes-to="Processwebservice"/>
            <cc:sub-route name="CountLessThan1" routes-to="AsyncMediation2"/>
        </cc:route>
        <cc:async-mediation id="InactivateEffectiveDate" routes-to="Route3">
            <cc:steps>
                <cc:eval id="Eval">
                    <cc:expression>props['First.Day.of.Current.Year_MMDD'] = props['First.Day.of.Current.Year'].toString().substring(5, 10)</cc:expression>
                    <cc:expression>props['First.Day.of.Next.Year_MMDD'] = props['First.Day.of.Next.Year'].toString().substring(5, 10)</cc:expression>
                    <cc:expression>props['EffectiveDate_YY'] = props['EffectiveDate'].toString().substring(0, 4)</cc:expression>
                    <cc:expression>props['EffectiveDate_MMDD'] = props['EffectiveDate'].toString().substring(5, 10)</cc:expression>
                    <cc:expression>props['state.code'] = parts[0].xpath('taxdetail/Statecode')</cc:expression>
                    <cc:expression>props['inactivate.effective.date'] = (props['EffectiveDate_MMDD'] == '12-31') ?  props['EffectiveDate'] : props['EffectiveDate_YY'] # '-' # '12-31'</cc:expression>
                    <cc:expression>props['Company'] = parts[0].xpath('taxdetail/Companyid')</cc:expression>
                    <cc:expression>props['CountyTaxCode'] = parts[0].xpath('taxdetail/country/countrycode')</cc:expression>
                    <cc:expression>props['CountyTaxCode-IN'] = props['TaxAuthority.HM'].containsKey(props['CountyTaxCode']) ? 'Y' : 'N'</cc:expression>
                    <cc:expression>props['CityTaxCode'] = parts[0].xpath('taxdetail/city/cityCode');</cc:expression>
                    <cc:expression>props['CityTaxCode-IN'] = props['TaxAuthority.HM'].containsKey(props['CityTaxCode']) ? 'Y' : 'N'</cc:expression>
                    <cc:expression>props['SchoolDistTaxCode'] = parts[0].xpath('taxdetail/school/schoolcode');</cc:expression>
                    <cc:expression>props['SchoolDistTaxCode-IN'] = props['TaxAuthority.HM'].containsKey(props['SchoolDistTaxCode']) ? 'Y' : 'N'</cc:expression>
                    <cc:expression>props['OtherTaxCode'] = parts[0].xpath('taxdetail/otherTax/othercode');</cc:expression>
                    <cc:expression>props['OtherTaxCode-IN'] = props['TaxAuthority.HM'].containsKey(props['OtherTaxCode']) ? 'Y' : 'N'</cc:expression>
                    <cc:expression>props['TaxToInActivate']='Y'</cc:expression>
                </cc:eval>
                <cc:log id="Log">
                    <cc:log-message>
                        <cc:line-separator/>
                        <cc:text>Tax Data</cc:text>
                        <cc:message-content/>
                        <cc:line-separator/>
                        <cc:text> props['EmployeeId'] - @{props['EmployeeId']}&#xD;
props['inactivate.effective.date'] -  @{props['inactivate.effective.date']}&#xD;
props['EffectiveDate_MMDD']   - @{props['EffectiveDate_MMDD']}&#xD;
props['state.code'] - @{props['state.code']}&#xD;
props['EffectiveDate'] - @{props['EffectiveDate']}&#xD;
&#xD;
props['CountyTaxCode'] -@{props['CountyTaxCode']}&#xD;
props['CityTaxCode'] - @{props['CityTaxCode']}&#xD;
props['SchoolDistTaxCode'] - @{props['SchoolDistTaxCode']}&#xD;
props['OtherTaxCode'] - @{props['OtherTaxCode']}&#xD;
&#xD;
props['company.prior'] - @{props['company.prior']}&#xD;
props['Company'] - @{props['Company']}&#xD;
</cc:text>
                        <cc:line-separator/>
                    </cc:log-message>
                </cc:log>
                <cc:eval id="Eval0">
                    <cc:expression>props['CountyTaxCodeEmpty']=props['CountyTaxCode'].isEmpty()</cc:expression>
                    <cc:expression>props['CityTaxCodeEmpty']=props['CityTaxCode'].isEmpty()</cc:expression>
                    <cc:expression>props['SchoolDistTaxCodeEmpty']=props['SchoolDistTaxCode'].isEmpty()</cc:expression>
                    <cc:expression>props['OtherTaxCodeEmpty']=props['OtherTaxCode'].isEmpty()</cc:expression>
                    <cc:expression>if(props['CountyTaxCodeEmpty']=='true' &amp;&amp; props['CityTaxCodeEmpty']=='true' &amp;&amp; props['SchoolDistTaxCodeEmpty']=='true' &amp;&amp;props['OtherTaxCodeEmpty']=='true'){props['TaxToInActivate']='N'}</cc:expression>
                    <cc:expression>props['companypriorempty']=props['company.prior']==''</cc:expression>
                    <cc:expression>//if(props['companypriorempty']=='false'){props['Company']=props['company.prior']}</cc:expression>
                    <cc:expression>if(props['companypriorempty']=='false' &amp;&amp; props['company.yesterday']!='Y' ){props['TaxToInActivate']='N'}</cc:expression>
                    <cc:expression>props['res'] = props['companypriorempty']=='false' &amp;&amp; props['company.yesterday']!='Y';</cc:expression>
                </cc:eval>
                <cc:log id="Log0">
                    <cc:log-message>
                        <cc:line-separator/>
                        <cc:text>props['CountyTaxCodeEmpty'] - @{props['CountyTaxCodeEmpty']}&#xD;
props['CityTaxCodeEmpty'] - @{props['CityTaxCodeEmpty']}&#xD;
props['SchoolDistTaxCodeEmpty'] - @{props['SchoolDistTaxCodeEmpty']}&#xD;
props['OtherTaxCodeEmpty'] - @{props['OtherTaxCodeEmpty']}&#xD;
&#xD;
props['company.prior'] - @{props['company.prior']}&#xD;
props['companypriorempty'] - @{props['companypriorempty']}&#xD;
props['Company'] - @{props['Company']}&#xD;
&#xD;
props['company.yesterday']= @{props['company.yesterday']}&#xD;
&#xD;
props['TaxToInActivate'] - @{props['TaxToInActivate']}&#xD;
&#xD;
props['res'] - @{props['res']}&#xD;
&#xD;
props['employee.status'] - @{props['employee.status']}&#xD;
&#xD;
props['res1'] - @{props['res1']}</cc:text>
                        <cc:line-separator/>
                    </cc:log-message>
                </cc:log>
            </cc:steps>
            <cc:send-error id="SendError" routes-to="Error_Inactivate"/>
        </cc:async-mediation>
        <cc:local-out id="Error_Inactivate" store-message="none" routes-response-to="Call-Process-Error-Record" endpoint="vm://INT8903-Symmetry_Local_Tax_Automation_Outbound-Studio/AuditLog"><cc:set name="EmployeeId" value="props['EmployeeId']"/><cc:set name="Worker.Status" value="context.errorMessage"/></cc:local-out>
        <cc:local-in id="GetAllBusinessSites" routes-to="AllBusinessSite"/>
        <cc:workday-out-rest id="BusinessSiteReport" store-message="both" routes-response-to="SplitLocation" extra-path="@{intsys.reportService.getExtrapath('AllBusinessSites')}"/>
        <cc:splitter id="SplitLocation">
            <cc:sub-route name="SubRoute" routes-to="BusinessSiteLoad"/>
            <cc:xml-stream-splitter xpath="wd:Report_Data/wd:Report_Entry"/>
        </cc:splitter>
        <cc:async-mediation id="BusinessSiteLoad">
            <cc:steps>
                <cc:eval id="Eval">
                    <cc:expression>props['business.site.address'] = parts[0].xpath('wd:Report_Entry/wd:ActiveWorkLocation')</cc:expression>
                    <cc:expression>props['business.site.HM'].add(props['business.site.address'].toString().toUpperCase())</cc:expression>
                    <cc:expression>props['index.of.last.hyphen'] = props['business.site.address'].toString().lastIndexOf('-')</cc:expression>
                </cc:eval>
                <cc:eval id="HashMap">
                    <cc:expression>props['business.site.address'] = parts[0].xpath('wd:Report_Entry/wd:ActiveWorkLocation')</cc:expression>
                    <cc:expression>//props['business.site.HM'].add(props['business.site.address'].toString().toUpperCase())</cc:expression>
                    <cc:expression>props['index.of.last.hyphen'] = props['business.site.address'].toString().lastIndexOf('-')</cc:expression>
                    <cc:expression>props['business.site.state'] = props['business.site.address'].toString().substring(0, props['index.of.last.hyphen'])</cc:expression>
                    <cc:expression>props['business.site.state.HM'].add(props['business.site.state'].toString().toUpperCase())</cc:expression>
                </cc:eval>
            </cc:steps>
            <cc:send-error id="SendError" routes-to="ErrorStoringBusinessSite"/>
        </cc:async-mediation>
        <cc:async-mediation id="AllBusinessSite" routes-to="BusinessSiteReport" handle-downstream-errors="true">
            <cc:steps/>
            <cc:send-error id="SendError" routes-to="ErrorRetrievingReport"/>
        </cc:async-mediation>
        <cc:local-out id="ErrorRetrievingReport" routes-response-to="ErrorRetWorkReport" endpoint="vm://wcc/PutIntegrationMessage"><cc:set name="is.message.severity" value="'ERROR'"/><cc:set name="is.message.summary" value="'Error Retrieving All Work Location Report'"/><cc:set name="is.message.detail" value="context.errorMessage"/></cc:local-out>
        <cc:local-out id="ErrorStoringBusinessSite" endpoint="vm://wcc/PutIntegrationMessage"><cc:set name="is.message.severity" value="'ERROR'"/><cc:set name="is.message.summary" value="'Error Storing Business Site Details in HaspMap'"/><cc:set name="is.message.detail" value="context.errorMessage"/></cc:local-out>
        <cc:async-mediation id="AsyncMediation" routes-to="ValidatiomMode">
            <cc:steps>
                <cc:eval id="Initialize">
                    <cc:expression>props['business.site.state.HM'] =  new java.util.HashSet()</cc:expression>
                    <cc:expression>props['Po.Box.Worker'] =  new java.util.ArrayList()</cc:expression>
                    <cc:expression>props['business.site.HM'] =  new java.util.HashSet()</cc:expression>
                    <cc:expression>props['home.address'] = empty</cc:expression>
                    <cc:expression>props['is.location.virtual'] = empty</cc:expression>
                    <cc:expression>props['validation.mode'] = lp.getSimpleData('Validation Mode')</cc:expression>
                    <cc:expression>props['processed.count'] = 0; props['error.count'] = 0</cc:expression>
                    <cc:expression>props['API.Version'] = intsys.getAttribute('API Version')</cc:expression>
                    <cc:expression>props['Current_Date'] = parts[0].xpath(&quot;current-date()&quot;); props['Current_Date'] = props['Current_Date'].toString().substring(0, 10)</cc:expression>
                    <cc:expression>props['parsed.date'] = new java.text.SimpleDateFormat(&quot;yyyy-MM-dd&quot;).parse(props['Current_Date'])</cc:expression>
                    <cc:expression>props['Current.date.formatted'] = new java.text.SimpleDateFormat(&quot;MM_dd_yyyy&quot;).format(props['parsed.date'])</cc:expression>
                    <cc:expression>props['po.box.report.fileName'] = lp.getSequencedValue('FileNameToSymmetry').toString().substring(0, lp.getSequencedValue('FileNameToSymmetry').toString().indexOf('_')) # ' - Employees with PO Box as their Resident Address_' # props['Current.date.formatted'] # '.xls'</cc:expression>
                    <cc:expression>props['TaxAuthority.HM'] =  new java.util.HashMap()</cc:expression>
                    <cc:expression>props['final.aggregator1']=false;</cc:expression>
                </cc:eval>
            </cc:steps>
            <cc:send-error id="SendError" routes-to="ErrorInitializing"/>
        </cc:async-mediation>
        <cc:local-out id="ErrorInitializing" endpoint="vm://wcc/PutIntegrationMessage"><cc:set name="is.message.severity" value="'INFO'"/><cc:set name="is.message.summary"/><cc:set name="is.message.detail"/></cc:local-out>
        <cc:local-out id="CallBusinessSite" store-message="none" routes-response-to="CallGetFile" endpoint="vm://INT8903-Symmetry_Local_Tax_Automation_Outbound-Studio/GetAllBusinessSites"/>
        <cc:local-out id="ValidatiomMode" execute-when="props['validation.mode'] == '1' || props['validation.mode'] == true" routes-response-to="CalTaxAuthority" endpoint="vm://wcc/PutIntegrationMessage"><cc:set name="is.message.severity" value="'WARNING'"/><cc:set name="is.message.summary" value="'Validation Mode is enabled. Workday records will not be updated.'"/></cc:local-out>
        <cc:async-mediation id="ValidationOnCity" routes-to="PutCity" execute-steps-when="props['validation.mode'] == '1' || props['validation.mode'] == true">
            <cc:steps>
                <cc:set-headers id="ValidationOn"><cc:remove-headers/><cc:add-headers>
    <cc:add-header name="X-Validate-Only" value="1"/>
</cc:add-headers></cc:set-headers></cc:steps>
        </cc:async-mediation>
        <cc:async-mediation id="ValidationOnSchool" routes-to="PutSchool" execute-steps-when="props['validation.mode'] == '1' || props['validation.mode'] == true">
            <cc:steps>
                <cc:set-headers id="ValidationOn">
                    <cc:remove-headers/>
                    <cc:add-headers>
                        <cc:add-header name="X-Validate-Only" value="1"/>
                    </cc:add-headers>
                </cc:set-headers></cc:steps>
        </cc:async-mediation>
        <cc:async-mediation id="ValidationOnCounty" routes-to="PutCountry" execute-steps-when="props['validation.mode'] == '1' || props['validation.mode'] == true">
            <cc:steps>
                <cc:set-headers id="ValidationOn">
                    <cc:remove-headers/>
                    <cc:add-headers>
                        <cc:add-header name="X-Validate-Only" value="1"/>
                    </cc:add-headers>
                </cc:set-headers></cc:steps>
        </cc:async-mediation>
        <cc:local-out id="CallFinalAggregator" store-message="none" routes-response-to="CallFinalAggregator1" endpoint="vm://INT8903-Symmetry_Local_Tax_Automation_Outbound-Studio/FinalAggregator"><cc:set name="final.aggregator" value="true"/></cc:local-out>
        <cc:splitter id="Splitter">
            <cc:sub-route name="SubRoute" routes-to="AsyncMediation4"/>
            <cc:xml-stream-splitter namespaces="ws urn:com.workday/workersync" xpath="ws:Worker_Sync/ws:Worker"/>
        </cc:splitter>
        <cc:async-mediation id="AsyncMediation3">
            <cc:steps>
                <cc:eval id="Eval">
                    <cc:expression>props['FileSummary'] = 'GY to Symmetry File Posted to Symmetry'</cc:expression>
                </cc:eval>
            </cc:steps>
        </cc:async-mediation>
        <cc:async-mediation id="AsyncMediation4" routes-to="CheckforLocationChange0">
            <cc:steps>
                <cc:eval id="Eval"><cc:expression>props['EmployeeId']= parts[0].xpath('ws:Worker/ws:Summary/ws:Employee_ID' , 'ws urn:com.workday/workersync')</cc:expression>
                    <cc:expression>props['EffectiveDate']= parts[0].xpath('ws:Worker/ws:Additional_Information/ws:Date' , 'ws urn:com.workday/workersync')</cc:expression>
                    <cc:expression>props['Company']= parts[0].xpath('ws:Worker/ws:Additional_Information/ws:Company' , 'ws urn:com.workday/workersync')</cc:expression>
                    <cc:expression>props['CompanyId']=util.cleanString(props['Company']) </cc:expression>
                    <cc:expression>props['First.Day.of.Current.Year'] = parts[0].xpath('ws:Worker/ws:Additional_Information/ws:firstDayofCurrentYear' , 'ws urn:com.workday/workersync')</cc:expression>
                    <cc:expression>props['First.Day.of.Next.Year'] = parts[0].xpath('ws:Worker/ws:Additional_Information/ws:firstDayofNextYear' , 'ws urn:com.workday/workersync')</cc:expression>
                    <cc:expression>props['work.state'] = parts[0].xpath('ws:Worker/ws:Personal/ws:Address_Data[ws:Address_Type = &quot;WORK&quot;]/ws:Region' , 'ws urn:com.workday/workersync')</cc:expression>
                    <cc:expression>props['resident.state'] = parts[0].xpath('ws:Worker/ws:Personal/ws:Address_Data[ws:Address_Type = &quot;HOME&quot;]/ws:Region' , 'ws urn:com.workday/workersync')</cc:expression>
                    <cc:expression>props['home.address'] = parts[0].xpath('ws:Worker/ws:Additional_Information/ws:HomeAddress' , 'ws urn:com.workday/workersync')</cc:expression>
                    <cc:expression>props['is.location.virtual'] = parts[0].xpath('ws:Worker/ws:Additional_Information/ws:Virtual' , 'ws urn:com.workday/workersync')</cc:expression>
                    <cc:expression>props['work.state.prior'] = parts[0].xpath('ws:Worker/ws:Personal/ws:Address_Data[ws:Address_Type = &quot;WORK&quot;]/ws:Region' , 'ws urn:com.workday/workersync')</cc:expression>
                    <cc:expression>props['resident.state.prior'] = parts[0].xpath('ws:Worker/ws:Personal/ws:Address_Data[ws:Address_Type = &quot;HOME&quot;]/ws:Region' , 'ws urn:com.workday/workersync')</cc:expression>
                    <cc:expression>props['flag'] = parts[0].xpath('ws:Worker/ws:Additional_Information/ws:Flag' , 'ws urn:com.workday/workersync'); props['flag.Boolean'] = empty; props['flag.Boolean'] = parts[0].xpathB('ws:Worker/ws:Additional_Information/ws:Flag' , 'ws urn:com.workday/workersync')</cc:expression>
                    <cc:expression>props['is.work.address.changed'] = parts[0].xpathB('ws:Worker/ws:Additional_Information/ws:WorkAddressChanged/@ws:PriorValue' , 'ws urn:com.workday/workersync')</cc:expression><cc:expression>props['is.home.address.changed'] = parts[0].xpathB('ws:Worker/ws:Additional_Information/ws:HomeAddressChanged/@ws:PriorValue' , 'ws urn:com.workday/workersync')</cc:expression>
                    
                    
                    <cc:expression>props['home.same.as.business.site'] = props['business.site.HM'].contains(props['home.address'].toString().toUpperCase())</cc:expression>
                    <cc:expression>props['r.state.same.as.w.state'] = props['business.site.state.HM'].contains(props['home.address'].toString().toUpperCase().substring(0, props['home.address'].toString().lastIndexOf('-')))</cc:expression>
                    <cc:expression>props['Worker.Status'] = 'No Change in Work Address or Resident Address for Employee'</cc:expression>
                    <cc:expression>props['is.last.message'] = 'FALSE'</cc:expression>
                    <cc:expression>props['Rehire']= parts[0].xpath('ws:Worker/ws:Additional_Information/ws:isRehire' , 'ws urn:com.workday/workersync')</cc:expression>
                    <cc:expression>props['IS.Rehire']=props['Rehire']=='Y'</cc:expression>
                    <cc:expression>props['company.prior']=''</cc:expression>
                    <cc:expression>props['company.prior'] = parts[0].xpath('ws:Worker/ws:Additional_Information/ws:Company/@ws:PriorValue' , 'ws urn:com.workday/workersync')</cc:expression>
                    <cc:expression>props['company.yesterday']=parts[0].xpath('ws:Worker/ws:Additional_Information/ws:Company_Prior' , 'ws urn:com.workday/workersync')</cc:expression>
                    <cc:expression>props['employee.status']=parts[0].xpath('ws:Worker/ws:Status/ws:Employee_Status', 'ws urn:com.workday/workersync')</cc:expression>
                    <cc:expression>props['Employee.Status'] = 'Employee status is Invalid.'</cc:expression>
                    <cc:expression>props['company.status']= 'Company reference is Invalid'.</cc:expression>
                    <cc:expression>props['company.res']=props['Company'] !='';</cc:expression>
                    <cc:expression>props['emp.eligible'] = parts[0].xpath('ws:Worker/ws:Eligibility' , 'ws urn:com.workday/workersync')</cc:expression>
                    <cc:expression>props['emp.eligible.Status'] = 'Employee is not Eligible';</cc:expression>
                    <cc:expression>props['alternateWorkAddress'] = parts[0].xpath('ws:Worker/ws:Additional_Information/ws:alternatePrimaryWorkAddress' , 'ws urn:com.workday/workersync')</cc:expression>
                </cc:eval>
                <cc:log id="Log">
                    <cc:log-message>
                        <cc:text>Employee ID - @{props['EmployeeId']}&#xD;
Work Address Changed - @{props['is.work.address.changed']}&#xD;
Home Address Changed - @{props['is.home.address.changed']}&#xD;
&#xD;
props['home.same.as.business.site'] - @{props['home.same.as.business.site']}&#xD;
&#xD;
props['work.state'] - @{props['work.state']}&#xD;
props['resident.state'] - @{props['resident.state']}&#xD;
props['home.address'] - @{props['home.address']}&#xD;
props['is.location.virtual'] - @{props['is.location.virtual']}&#xD;
props['resident.state.prior'] - @{props['resident.state.prior']}&#xD;
props['home.address'] - @{props['home.address']}&#xD;
props['r.state.same.as.w.state'] - @{props['r.state.same.as.w.state']}&#xD;
&#xD;
props['IS.Rehire'] = @{props['IS.Rehire']} &#xD;
&#xD;
props['company.yesterday'] = @{props['company.yesterday']}&#xD;
&#xD;
props['employee.status'] = @{props['employee.status']}&#xD;
&#xD;
props['emp.eligible'] = @{props['emp.eligible']}</cc:text>
                    </cc:log-message>
                </cc:log>
            </cc:steps>
        </cc:async-mediation>
        <cc:aggregator id="Aggregator0" routes-to="AsyncMediation5" collate-when="props['final.aggregator'] != true" force-batch-when="props['final.aggregator'] == true">
            <cc:size-batch-strategy/>
            <cc:message-content-collater/>
        </cc:aggregator>
        <cc:local-in id="FinalAggregator" routes-to="Aggregator0"><cc:parameter name="final.aggregator" type="boolean"/></cc:local-in>
        <cc:async-mediation id="CheckforLocationChange0" routes-to="CallInactivateTaxElections" handle-downstream-errors="true">
            <cc:steps>
                <cc:validate-exp id="ValidateExp">
                    <cc:expression failure-message="@{props['Worker.Status']}">props['IS.Rehire']==true || props['is.work.address.changed'] == true || props['is.home.address.changed'] == true</cc:expression>
                    <cc:expression failure-message="@{props['company.status']}">props['Company'] !=''</cc:expression>
                    <cc:expression failure-message="@{props['Employee.Status']}">props['employee.status']!='NotYetHired'</cc:expression>
                    <cc:expression failure-message="@{props['emp.eligible.Status']}">props['emp.eligible'] =='true'</cc:expression>
                </cc:validate-exp>
                <cc:copy id="Copy" output="variable" output-mimetype="text/xml" output-variable="worker.record.for.output.file"/>
            </cc:steps>
            <cc:send-error id="SendError" routes-to="NoChange-In-Address"/>
        </cc:async-mediation>
        <cc:local-in id="WriteFinalOutputFile" routes-to="WriteAddressData"/>
        <cc:async-mediation id="AsyncMediation2" routes-to="Route0" handle-downstream-errors="true">
            <cc:steps>
                <cc:copy id="Copy" output="message" output-mimetype="text/xml" input="variable" input-variable="worker.record.for.output.file"/>
                <cc:eval id="Eval">
                    <cc:expression>props['flag.Boolean'] = empty</cc:expression>
                    <cc:expression>props['flag.Boolean'] = parts[0].xpathB('ws:Worker/ws:Additional_Information/ws:Flag' , 'ws urn:com.workday/workersync')</cc:expression>
                    <cc:expression>props['Worker.Status'] = props['flag'] == 'Y' ? 'Employee Included in the Output File. Resident State - '#props['resident.state']#'  Work State - '#props['work.state'] : 'Employee not included in Output File - No Local Tax for Resident State - '#props['resident.state']#' or Work State - '#props['work.state'] </cc:expression>
                </cc:eval>
                <cc:log id="Log0">
                    <cc:log-message>
                        <cc:text>Data before adding into WDToSymmetry file</cc:text>
                        <cc:message-content/>
                    </cc:log-message>
                </cc:log>
                <cc:xslt id="Xslt" output="message" input="message" url="NewStylesheet.xsl"/>
                <cc:eval id="Eval0">
                    <cc:expression>props['Po.Box.Worker'].add(props['EmployeeId'])</cc:expression>
                </cc:eval>
                <cc:log id="Log">
                    <cc:log-message>
                        <cc:text>Data added into WDToSymmetry file</cc:text>
                        <cc:message-content/>
                    </cc:log-message>
                </cc:log>
            </cc:steps>
            <cc:send-error id="SendError" routes-to="Call-Audit"/>
        </cc:async-mediation>
        <cc:local-in id="InactivateTaxElections" routes-to="GetEmployeeDetail"/>
        <cc:local-out id="CallInactivateTaxElections" store-message="none" endpoint="vm://INT8903-Symmetry_Local_Tax_Automation_Outbound-Studio/InactivateTaxElections"/>
        <cc:local-out id="CallProcessFile" store-message="none" execute-when="props['count'] != 0" routes-response-to="CallFinalAggregator" endpoint="vm://INT8903-Symmetry_Local_Tax_Automation_Outbound-Studio/WriteFinalOutputFile"/>
        <cc:route id="Route0">
            <cc:all-strategy/>
            <cc:sub-route name="Aggregate" routes-to="Aggregator0"/>
            <cc:sub-route name="Do-Nothing" routes-to="DoNothing"/>
        </cc:route>
        <cc:local-in id="AuditLog" routes-to="AsyncMediation0"><cc:parameter name="EmployeeId"/><cc:parameter name="Worker.Status"/></cc:local-in>
        <cc:async-mediation id="AsyncMediation0" routes-to="Aggregator">
            <cc:steps>
                <cc:eval id="Eval">
                    <cc:expression>props['error.count'] = props['error.count'] + 1</cc:expression>
                </cc:eval>
                <cc:write id="Write">
                    <cc:message>
                        <cc:text>&lt;Worker>&#xD;
&lt;EmployeeID>@{props['EmployeeId']}&lt;/EmployeeID>&#xD;
&lt;Status>FAIL&lt;/Status>&#xD;
&lt;Comments>@{props['Worker.Status']}&lt;/Comments>&#xD;
&lt;Flag>@{props['flag']}&lt;/Flag>&#xD;
&lt;/Worker>&#xD;
</cc:text>
                    </cc:message>
                </cc:write>
            </cc:steps>
        </cc:async-mediation>
        <cc:aggregator id="Aggregator" routes-to="AsyncMediation30" collate-when="props['final.aggregator.audit'] != true" force-batch-when="props['final.aggregator.audit'] == true">
            <cc:size-batch-strategy/>
            <cc:xml-message-content-collater>
        <cc:header-text>&lt;Root></cc:header-text>
        <cc:footer-text>&lt;/Root></cc:footer-text>
      </cc:xml-message-content-collater>
        </cc:aggregator>
        <cc:async-mediation id="AsyncMediation30">
            <cc:steps>
                <cc:xslt id="Xslt" output-mimetype="text/html" url="AuditLog.xsl"/>
                <cc:store id="Store" output="variable" output-mimetype="text/html" output-variable="AuditLog.html" createDocumentReference="true" expiresIn="P180D" title="WDtoSymmetry_AuditLog.html"/>
            </cc:steps>
        </cc:async-mediation>
        <cc:local-out id="CallFinalAggregatorAudit" store-message="none" routes-response-to="CallCheckEEActive" endpoint="vm://INT8903-Symmetry_Local_Tax_Automation_Outbound-Studio/FinalAggregatorAudit"><cc:set name="final.aggregator.audit" value="true"/></cc:local-out>
        <cc:local-in id="FinalAggregatorAudit" routes-to="Aggregator"><cc:parameter name="final.aggregator.audit"/></cc:local-in>
        <cc:route id="Route1">
            <cc:all-strategy/>
            <cc:sub-route name="DeliverToMoveIT" routes-to="AsyncMediation3"/>
            <cc:sub-route name="DeliveryToSymmetry" routes-to="AsyncMediation31"/>
        </cc:route>
        <cc:async-mediation id="AsyncMediation31" routes-to="SftpOut" handle-downstream-errors="true">
            <cc:steps>
                <cc:eval id="Eval">
                    <cc:expression>props['FileSummary'] = 'WD to Symmetry File Posted to Symmetry'</cc:expression>
                </cc:eval>
            </cc:steps>
            <cc:send-error id="SendError" routes-to="DeliveryFailure"/>
        </cc:async-mediation>
        <cc:sftp-out id="SftpOut" store-message="response" routes-response-to="PutIntegrationMessage" endpoint="@{intsys.getAttribute('Symmetry Endpoint')}" close-connection="true" pool-size="-1" method="put" output-file-pattern="@{lp.getSequencedValue('FileNameToSymmetry')}" password="@{intsys.getAttribute('Symmetry Pasword')}" username="@{intsys.getAttribute('Symmetry UserName')}">
        </cc:sftp-out>
        <cc:async-mediation id="AsyncMediation5" routes-to="Route1">
            <cc:steps>
                <cc:store id="Store" output="variable" output-mimetype="text/csv" output-variable="Address_Change.csv" createDocumentReference="true" expiresIn="P180D" title="@{lp.getSequencedValue('FileNameToSymmetry')}"/></cc:steps>
        </cc:async-mediation>
        <cc:local-out id="DeliveryFailure" endpoint="vm://wcc/PutIntegrationMessage"><cc:set name="is.message.severity" value="'ERROR'"/><cc:set name="is.message.summary" value="'Not able to Delivery File to Symmetry ' # context.errorMessage"/></cc:local-out>
        <cc:async-mediation id="InactivateOther" routes-to="ValidationOnOther" handle-downstream-errors="true">
            <cc:steps>
                <cc:eval id="Eval">
                    <cc:expression>props['is.last.message'] = 'TRUE'</cc:expression>
                </cc:eval>
                <cc:log id="Log">
                    <cc:log-message>
                        <cc:line-separator/>
                        <cc:text>InactivateOthertax WS call Start&#xD;
</cc:text>
                    </cc:log-message>
                </cc:log>
                <cc:xslt id="Xslt" url="InactivateOtherTax.xsl"/>
                <cc:wrap-soap id="WrapSoap"/>
                <cc:log id="Log0">
                    <cc:log-message>
                        <cc:line-separator/>
                        <cc:text>Put Web service call -Inactivate Other</cc:text>
                        <cc:message-content/>
                        <cc:text>&#xD;
InactivateOthertax WS call Done&#xD;
</cc:text>
                    </cc:log-message>
                </cc:log>
            </cc:steps>
            <cc:send-error id="SendError" routes-to="Error_Inactivating_School0"/>
        </cc:async-mediation>
        <cc:async-mediation id="ValidationOnOther" routes-to="PutOther" execute-steps-when="props['validation.mode'] == '1' || props['validation.mode'] == true">
            <cc:steps>
                <cc:set-headers id="ValidationOn">
                    <cc:remove-headers/>
                    <cc:add-headers>
                        <cc:add-header name="X-Validate-Only" value="1"/>
                    </cc:add-headers>
                </cc:set-headers>
            </cc:steps>
        </cc:async-mediation>
        <cc:local-out id="Error_Inactivating_School0" store-message="both" routes-response-to="CallAudit-Inactive" endpoint="ErrorHandler">
            <cc:set name="step.id" value="'Integration Inactivating Other Tax'"/>
            <cc:set name="initial.retrieval" value="true"/>
        </cc:local-out>
        <cc:workday-out-soap id="PutOther" application="Payroll" failure-message="message" version="v26.0"/>
        <cc:local-out id="CallCheckEEActive" store-message="none" execute-when="props['Po.Box.Worker'].size() > 0" routes-response-to="CallPOBoxReport" endpoint="vm://INT8903-Symmetry_Local_Tax_Automation_Outbound-Studio/CheckEEActive"/>
        <cc:local-in id="CheckEEActive" routes-to="Route2"/>
        <cc:route id="Route2">
            <cc:loop-strategy condition="props['Po.Box.Worker.count'] &lt; props['Po.Box.Worker'].size()" increment="props['Po.Box.Worker.count'] = props['Po.Box.Worker.count'] + 1" init="props['Po.Box.Worker.count'] = 0"/>
            <cc:sub-route name="SubRoute" routes-to="AsyncMediation7"/>
        </cc:route>
        <cc:workday-out-rest id="WorkdayOutRest0" routes-response-to="AsyncMediation6" extra-path="@{intsys.reportService.getExtrapath('PoBoxReport')}?Worker!Employee_ID=@{props['report.prmpt']}"/>
        <cc:async-mediation id="AsyncMediation7" routes-to="GetWorkers" handle-downstream-errors="true">
            <cc:steps>
                <cc:eval id="Eval">
                    <cc:expression>props['hashset.Get.Emplid'] = props['Po.Box.Worker'].get(props['Po.Box.Worker.count'])</cc:expression>
                </cc:eval>
                <cc:write id="Write">
                    <cc:message>
                        <cc:text>&lt;?xml version=&quot;1.0&quot; encoding=&quot;UTF-8&quot;?>&#xD;
&lt;env:Envelope&#xD;
    xmlns:env=&quot;http://schemas.xmlsoap.org/soap/envelope/&quot;&#xD;
    xmlns:xsd=&quot;http://www.w3.org/2001/XMLSchema&quot;>&#xD;
    &lt;env:Body>&#xD;
        &lt;wd:Get_Workers_Request xmlns:wd=&quot;urn:com.workday/bsvc&quot; wd:version=&quot;v29.2&quot;>&#xD;
            &lt;wd:Request_References wd:Skip_Non_Existing_Instances=&quot;true&quot;>&#xD;
                &lt;wd:Worker_Reference>&#xD;
                    &lt;wd:ID wd:type=&quot;Employee_ID&quot;>@{props['hashset.Get.Emplid']}&lt;/wd:ID>&#xD;
                &lt;/wd:Worker_Reference>&#xD;
            &lt;/wd:Request_References>&#xD;
            &lt;wd:Request_Criteria>&#xD;
                &lt;wd:Exclude_Inactive_Workers>false&lt;/wd:Exclude_Inactive_Workers>&#xD;
                &lt;wd:Exclude_Employees>false&lt;/wd:Exclude_Employees>&#xD;
                &lt;wd:Exclude_Contingent_Workers>false&lt;/wd:Exclude_Contingent_Workers>&#xD;
            &lt;/wd:Request_Criteria>&#xD;
            &lt;wd:Response_Group>&#xD;
                &lt;wd:Include_Reference>true&lt;/wd:Include_Reference>&#xD;
            &lt;/wd:Response_Group>&#xD;
        &lt;/wd:Get_Workers_Request>&#xD;
    &lt;/env:Body>&#xD;
&lt;/env:Envelope></cc:text>
                    </cc:message>
                </cc:write>
                <cc:wrap-soap id="WrapSoap"/>
            </cc:steps>
            <cc:send-error id="SendError" routes-to="PutIntegrationMessage0"/>
        </cc:async-mediation>
        <cc:local-out id="PutIntegrationMessage0" endpoint="vm://wcc/PutIntegrationMessage"><cc:set name="is.message.severity" value="'ERROR'"/><cc:set name="is.message.summary" value="'Employee Impacted - ' # props['hashset.Get.Emplid'] # ' ' # context.errorMessage"/></cc:local-out>
        <cc:async-mediation id="AsyncMediation6" routes-to="AsyncMediation8" handle-downstream-errors="true">
            <cc:steps>
                <cc:xslt id="Xslt" url="PoBoxEmployeeList.xsl"/>
            </cc:steps>
            <cc:send-error id="SendError" routes-to="PutIntegrationMessage00"/>
        </cc:async-mediation>
        <cc:async-mediation id="AsyncMediation8" routes-to="PoBoxReportSuccess">
            <cc:steps>
                <cc:xml-to-csv id="XmlToCsv" format="rfc4180" line-separator="LF"/>
                <cc:text-excel id="TextExcel" style="text2excel"/>
                <cc:store id="Store" output="variable" output-variable="PoBoxReport" expiresIn="P180D" title="@{props['po.box.report.fileName']}"/>
            </cc:steps>
            <cc:send-error id="SendError" routes-to="PutIntegrationMessage00"/>
        </cc:async-mediation>
        <cc:workday-out-soap id="GetWorkers" routes-response-to="AsyncMediation9" application="Human_Resources" version="@{props['API.Version']}"/>
        <cc:async-mediation id="AsyncMediation9">
            <cc:steps>
                <cc:eval id="Eval">
                    <cc:expression>props['is.worker.active'] = parts[0].xpathB('/env:Envelope/env:Body/wd:Get_Workers_Response/wd:Response_Data/wd:Worker')</cc:expression>
                </cc:eval>
                <cc:validate-exp id="ValidateExp">
                    <cc:expression failure-message="not active in WD">props['is.worker.active'] == true</cc:expression>
                </cc:validate-exp>
                <cc:eval id="Eval0">
                    <cc:expression>props['report.prmpt'] = props['report.prmpt'] == null ? props['hashset.Get.Emplid'] # '!' : props['report.prmpt'] # props['hashset.Get.Emplid'] # '!'</cc:expression>
                </cc:eval>
            </cc:steps>
            <cc:send-error id="SendError" routes-to="PutIntegrationMessage0"/>
        </cc:async-mediation>
        <cc:local-out id="CallPOBoxReport" store-message="none" execute-when="props['Po.Box.Worker'].size() > 0" routes-response-to="CallPutIntegrationEvent" endpoint="vm://INT8903-Symmetry_Local_Tax_Automation_Outbound-Studio/POBoxReport"/>
        <cc:local-in id="POBoxReport" routes-to="AsyncMediation10"/>
        <cc:async-mediation id="AsyncMediation10" routes-to="WorkdayOutRest0" handle-downstream-errors="true">
            <cc:steps>
                <cc:eval id="Eval">
                    <cc:expression>props['report.prmpt'] = props['report.prmpt'].toString().substring(0, props['report.prmpt'].toString().lastIndexOf('!'))</cc:expression>
                </cc:eval>
                <cc:log id="Log">
                    <cc:log-message>
                        <cc:line-separator/>
                        <cc:text>Report Prompt - @{props['report.prmpt']}</cc:text>
                        <cc:line-separator/>
                    </cc:log-message>
                </cc:log>
            </cc:steps>
            <cc:send-error id="SendError" routes-to="PutIntegrationMessage00"/>
        </cc:async-mediation>
        <cc:local-out id="PutIntegrationMessage00" endpoint="vm://wcc/PutIntegrationMessage">
            <cc:set name="is.message.severity" value="'ERROR'"/>
            <cc:set name="is.message.summary" value="context.errorMessage"/>
        </cc:local-out>
        <cc:local-out id="PoBoxReportSuccess" endpoint="vm://wcc/PutIntegrationMessage">
            <cc:set name="is.message.severity" value="'INFO'"/>
            <cc:set name="is.document.variable.name" value="'PoBoxReport'"/>
            <cc:set name="is.document.deliverable" value="'true'"/>
            <cc:set name="is.message.summary" value="props['po.box.report.fileName']"/>
        </cc:local-out>
        <cc:local-out id="CalTaxAuthority" store-message="none" routes-response-to="CallBusinessSite" endpoint="vm://INT8903-Symmetry_Local_Tax_Automation_Outbound-Studio/GetTaxAuthorityReport"/>
        <cc:local-out id="ErrorStoringTaxAuthorities" endpoint="vm://wcc/PutIntegrationMessage">
            <cc:set name="is.message.severity" value="'ERROR'"/>
            <cc:set name="is.message.summary" value="'Error Storing Business Site Details in HaspMap'"/>
            <cc:set name="is.message.detail" value="context.errorMessage"/>
        </cc:local-out>
        <cc:async-mediation id="TaxAuthority" routes-to="TaxAuthorityReport" handle-downstream-errors="true">
            <cc:steps/>
            <cc:send-error id="SendError" routes-to="ErrorRetrievingTaxAuthReport"/>
        </cc:async-mediation>
        <cc:local-in id="GetTaxAuthorityReport" routes-to="TaxAuthority"/>
        <cc:local-out id="ErrorRetrievingTaxAuthReport" routes-response-to="ErrorRetTaxReport" endpoint="vm://wcc/PutIntegrationMessage">
            <cc:set name="is.message.severity" value="'ERROR'"/>
            <cc:set name="is.message.summary" value="'Error Retrieving Payroll Tax Authority Report'"/>
            <cc:set name="is.message.detail" value="context.errorMessage"/>
        </cc:local-out>
        <cc:async-mediation id="TaxAuthorityLoad">
            <cc:steps>
                <cc:eval id="HashMap">
                    <cc:expression>props['TaxAuthorityCode'] = parts[0].xpath('wd:Report_Entry/wd:PayrollAuthorityTaxCode')</cc:expression>
                    <cc:expression>props['TaxState'] = parts[0].xpath('wd:Report_Entry/wd:TaxState/@wd:Descriptor')</cc:expression>
                    <cc:expression>props['TaxAuthority.HM'].put(props['TaxAuthorityCode'], props['TaxState'])</cc:expression>
                </cc:eval>
            </cc:steps>
            <cc:send-error id="SendError" routes-to="ErrorStoringTaxAuthorities"/>
        </cc:async-mediation>
        <cc:workday-out-rest id="TaxAuthorityReport" store-message="both" routes-response-to="SplitTaxAuthority" extra-path="@{intsys.reportService.getExtrapath('INPayrollAuthority')}"/>
        <cc:splitter id="SplitTaxAuthority">
            <cc:sub-route name="SubRoute" routes-to="TaxAuthorityLoad"/>
            <cc:xml-stream-splitter xpath="wd:Report_Data/wd:Report_Entry"/>
        </cc:splitter>
        <cc:local-out id="ErrorRetWorkReport" endpoint="vm://wcc/PutIntegrationEvent">
            <cc:set name="is.event.completed" value="'current'"/>
        </cc:local-out>
        <cc:local-out id="ErrorRetTaxReport" endpoint="vm://wcc/PutIntegrationEvent">
            <cc:set name="is.event.completed" value="'current'"/>
        </cc:local-out>
        <cc:local-out id="PutIntegrationMessage1" routes-response-to="WriteNoDocMessage0" endpoint="vm://wcc/PutIntegrationMessage"><cc:set name="is.message.severity" value="'WARNING'"/><cc:set name="is.message.summary" value="'No Records to Process'"/></cc:local-out>
        <cc:local-out id="CallAudit-Inactive" store-message="none" endpoint="vm://INT8903-Symmetry_Local_Tax_Automation_Outbound-Studio/AuditLog"><cc:set name="EmployeeId" value="props['EmployeeId']"/><cc:set name="Worker.Status" value="context.errorMessage"/></cc:local-out>
        <cc:local-out id="Call-Process-Errorred-Records" store-message="none" execute-when="props['is.last.message'] == 'TRUE'" endpoint="vm://INT8903-Symmetry_Local_Tax_Automation_Outbound-Studio/Process-Errorred-Records"/>
        <cc:local-in id="Process-Errorred-Records" routes-to="AsyncMediation2"/>
        <cc:async-mediation id="DoNothing" routes-to="Aggregator00">
            <cc:steps>
                <cc:copy id="Copy" output="message" output-mimetype="text/xml" input="variable" input-variable="worker.record.for.output.file"/>
                <cc:xslt id="Xslt" url="NewStylesheet_alternateWorkLocation.xsl"/>
            </cc:steps>
        </cc:async-mediation>
        <cc:local-out id="NoChange-In-Address" endpoint="vm://wcc/PutIntegrationMessage"><cc:set name="is.message.severity" value="'INFO'"/><cc:set name="is.message.summary" value="props['EmployeeId'] # '-' # context.errorMessage"/></cc:local-out>
        <cc:local-out id="Call-Audit" store-message="none" endpoint="vm://INT8903-Symmetry_Local_Tax_Automation_Outbound-Studio/AuditLog"><cc:set name="EmployeeId" value="props['EmployeeId']"/><cc:set name="Worker.Status" value="'Error During Transformation - Employee NOT Included in the Symmetry File - ' # context.errorMessage"/></cc:local-out>
        <cc:local-out id="Call-Process-Error-Record" store-message="none" endpoint="vm://INT8903-Symmetry_Local_Tax_Automation_Outbound-Studio/Process-Errorred-Records"/>
        <cc:route id="Route3">
            <cc:mvel-strategy>
                <cc:choose-route expression="props['TaxToInActivate']=='Y'" route="ContinueInactivate"/>
                <cc:choose-route expression="props['TaxToInActivate']=='N'" route="skipInactivate"/>
            </cc:mvel-strategy>
            <cc:sub-route name="ContinueInactivate" routes-to="To_Inactivate"/>
            <cc:sub-route name="skipInactivate" routes-to="AsyncMediation11"/>
        </cc:route>
        <cc:async-mediation id="AsyncMediation11">
            <cc:steps>
                <cc:log id="Log">
                    <cc:log-message>
                        <cc:line-separator/>
                        <cc:text>Skipping inactivating tax as no tax set up for EE</cc:text>
                        <cc:line-separator/>
                    </cc:log-message>
                </cc:log>
            </cc:steps>
        </cc:async-mediation>
        <cc:aggregator id="Aggregator00" routes-to="AsyncMediation50" collate-when="props['final.aggregator1'] != true" force-batch-when="props['final.aggregator1'] == true">
            <cc:size-batch-strategy/>
            <cc:message-content-collater/>
        </cc:aggregator>
        <cc:local-in id="FinalAggregator0" routes-to="Aggregator00">
            <cc:parameter name="final.aggregator1" type="boolean"/>
        </cc:local-in>
        <cc:async-mediation id="AsyncMediation50">
            <cc:steps>
                <cc:store id="Store" output="variable" output-mimetype="text/csv" output-variable="Address_Change1.csv" createDocumentReference="true" expiresIn="P180D" title="EmployeeDetails.csv"/>
            </cc:steps>
        </cc:async-mediation>
        <cc:local-out id="CallFinalAggregator1" store-message="none" routes-response-to="CallFinalAggregatorAudit" endpoint="vm://INT8903-Symmetry_Local_Tax_Automation_Outbound-Studio/FinalAggregator0">
            <cc:set name="final.aggregator1" value="true"/>
        </cc:local-out>
    </cc:assembly>

</beans>