<?xml version="1.0" encoding="UTF-8"?>
<beans
     xmlns="http://www.springframework.org/schema/beans"
     xmlns:beans="http://www.springframework.org/schema/beans"
     xmlns:atom="http://www.w3.org/2005/Atom"
     xmlns:cc="http://www.capeclear.com/assembly/10"
     xmlns:cloud="urn:com.workday/esb/cloud/10.0"
     xmlns:env="http://schemas.xmlsoap.org/soap/envelope/"
     xmlns:pi="urn:com.workday/picof"
     xmlns:wd="urn:com.workday/bsvc"
     xmlns:xsi="http://www.w3.org/2001/XMLSchema-instance">
 
	<cc:assembly id="WorkdayAssembly" version="2019.35">
        <cc:workday-in id="StartHere" routes-to="Initialize">
            <cc:integration-system name="INT0073 NRSIT Tax Adjustment Ondemand Inbound ">
        <cloud:param name="Validation Mode">
          <cloud:type>
            <cloud:simple-type>boolean</cloud:simple-type>
          </cloud:type>
          <cloud:default>
            <cloud:boolean>true</cloud:boolean>
          </cloud:default>
        </cloud:param>
        <cloud:param name="As of Entry">
          <cloud:type>
            <cloud:simple-type>date</cloud:simple-type>
          </cloud:type>
          <cloud:default>
            <cloud:class-report-field description="Current Entry Date" type="WID">92d098b09a194628bcef8ec425336515</cloud:class-report-field>
          </cloud:default>
        </cloud:param>
        <cloud:attribute-map-service name="INT0073 Attribute Service">
          <cloud:attribute name="batch_id_Prefix">
            <cloud:type>
              <cloud:simple-type>text</cloud:simple-type>
            </cloud:type>
          </cloud:attribute>
          <cloud:attribute name="payment_id_Prefix">
            <cloud:type>
              <cloud:simple-type>text</cloud:simple-type>
            </cloud:type>
          </cloud:attribute>
          <cloud:attribute name="Off Cycle Payment - Reason">
            <cloud:type>
              <cloud:class-report-field description="Payroll Action Reason" type="WID" singular="true">28b08fe55b2049178dfda7bce4232f27</cloud:class-report-field>
            </cloud:type>
          </cloud:attribute>
          <cloud:attribute name="Workday Deduction Code">
            <cloud:type>
              <cloud:class-report-field description="Deduction" type="WID" singular="true">2868a5d7a8b14b88aa103f7ffa642f0b</cloud:class-report-field>
            </cloud:type>
          </cloud:attribute>
          <cloud:attribute name="Related Calculation reference">
            <cloud:type>
              <cloud:class-report-field description="Related Calculation" type="WID" singular="true">749190de985a4b46bf74ab1bbfbfc6b1</cloud:class-report-field>
            </cloud:type>
          </cloud:attribute>
          <cloud:attribute name="Bank Account">
            <cloud:type>
              <cloud:class-report-field description="Bank Account for Financial Account" type="WID" singular="true">f718d814c0931000043663f84e350014</cloud:class-report-field>
            </cloud:type>
          </cloud:attribute>
        </cloud:attribute-map-service>
        <cloud:retrieval-service name="INT0073 Retrive Service"/>
        <cloud:report-service name="INT0073-Report">
          <cloud:report-alias description="INT0073 Payment Date" name="Report">
            <cloud:report-reference description="INT0073 Payment Date" type="WID">c80f1125dddc01a7a14c421e25147988</cloud:report-reference>
          </cloud:report-alias>
        </cloud:report-service>
      </cc:integration-system>
        </cc:workday-in>
        <cc:async-mediation id="AsyncMediation" routes-to="DebugSection" handle-downstream-errors="true">
            <cc:steps>
                <cc:eval id="RetriveDoc">
                    <cc:expression>if (da.size() > 0 ) {da.toVar(0, &quot;wd.retrieve.variable&quot;)}</cc:expression>
                </cc:eval>
                <cc:validate-exp id="FileEmpty?">
                    <cc:expression failure-message="Input file has not been retrieved">vars['wd.retrieve.variable'] != empty</cc:expression>
                </cc:validate-exp>
                <cc:copy id="Copy" input="variable" input-variable="wd.retrieve.variable"/>
                <cc:csv-to-xml id="CsvToXml" colNames="Record_ID|Employee_ID|Employee_First_Name|Employee_Last_Name|SIT_Code|SIT_Taxable_Wages|SIT_Withheld" format="rfc4180" rootName="Root&#x9;" rowName="Row" separator="|"/>
                <cc:copy id="Copy0" output="variable" output-variable="Inputfile.xml"/>
                <cc:store id="Store" input="variable" input-variable="Inputfile.xml" createDocumentReference="true" expiresIn="P180D" title="Input_File_In_XML_Format.xml"/>
                <cc:copy id="Copy1" input="variable" input-variable="Inputfile.xml"/>
            </cc:steps>
            <cc:send-error id="SendError" routes-to="CallSubRoutine"/>
        </cc:async-mediation>
        <cc:local-in id="Retrive_File" routes-to="AsyncMediation"/>
        <cc:local-out id="Call_Retrive_File" store-message="none" routes-response-to="Call_Close_inbound_file_agg" endpoint="vm://INT0073-NRSIT-TaxAdjustmentOn-demandPaymentInbound/Retrive_File"/>
        <cc:splitter id="Splitter" no-split-message-error="true">
            <cc:sub-route name="SubRoute" routes-to="AsyncMediation11"/>
            <cc:xml-stream-splitter xpath="Root/Row"/>
        </cc:splitter>
        <cc:async-mediation id="AsyncMediation0" routes-to="Aggregator">
            <cc:steps>
                <cc:eval id="GetProps">
                    <cc:expression>props['employee.id'] =parts[0].xstream(&quot;Row/Employee_ID&quot;)</cc:expression>
                    <cc:expression>props['employee.id'] != empty ? props['ee.ids.hashset'].add(props['employee.id'])</cc:expression>
                    <cc:expression>props['row.count']=props['row.count'] + 1</cc:expression>
                </cc:eval>
            </cc:steps>
        </cc:async-mediation>
        <cc:async-mediation id="Initialize" routes-to="Call_Retrive_File">
            <cc:steps>
                <cc:eval id="Eval">
                    <cc:expression>props['ee.ids.hashset']=new java.util.HashSet();</cc:expression>
                    <cc:expression>props['payroll.priority.hashmap'] = new java.util.HashMap();</cc:expression>
                    <cc:expression>//props['payroll.end.date.hashmap'] = new java.util.HashMap();</cc:expression>
                    <cc:expression>props['employee.id'] =  empty;</cc:expression>
                    <cc:expression>props['row.count']=  0;</cc:expression>
                    <cc:expression>props['close.inbound.file.agg'] = false;</cc:expression>
                    <cc:expression>props['lp.validation.mode'] = (boolean) lp.getSimpleData('Validation Mode');</cc:expression>
                    <cc:expression>props['ws.version'] = intsys.getAttribute('WD Web Services  Version');</cc:expression>
                    <cc:expression>props['process.batch']=false;</cc:expression>
                    <cc:expression>props['fail.count'] = 0; props['success.count'] = 0;props['rec.count'] = 0;</cc:expression>
                    <cc:expression>props['date.entry.lp']=lp.getDate('As of Entry')</cc:expression>
                    <cc:expression>props['batch.id.Prefix']=intsys.getAttribute('batch_id_Prefix')</cc:expression>
                    <cc:expression>props['payment.id.Prefix']=intsys.getAttribute('payment_id_Prefix')</cc:expression>
                    <cc:expression>props['Related.Calculation.reference']=intsys.getAttributeReferenceData('Related Calculation reference','Workday_Related_Calculation_ID')</cc:expression>
                    <cc:expression>props['Workday.Deduction.Code']=intsys.getAttributeReferenceData('Workday Deduction Code', 'Workday_Deduction_Code')</cc:expression>
                    <cc:expression>props['Off.Cycle.Payment.Reason']=intsys.getAttributeReferenceData('Off Cycle Payment - Reason', 'Action_Reason_ID')</cc:expression>
                    <cc:expression>//props['date.entry.lp']=intsys.getAttribute('As of Entry')</cc:expression>
                    <cc:expression>props['Bank.Account']=intsys.getAttributeReferenceData('Bank Account', 'Bank_Account_ID')</cc:expression>
                    <cc:expression>props['Employee.Audit.Status'] = new java.util.HashMap();</cc:expression>
                </cc:eval>
            </cc:steps>
        </cc:async-mediation>
        <cc:aggregator id="Aggregator" collate-when="!props['close.inbound.file.agg']" force-batch-when="props['close.inbound.file.agg']">
            <cc:size-batch-strategy batch-size="-1"/>
            <cc:xml-message-content-collater output="variable" output-variable="input.xml">
        <cc:header-text>&lt;Root></cc:header-text>
        <cc:footer-text>&lt;/Root></cc:footer-text>
      </cc:xml-message-content-collater>
        </cc:aggregator>
        <cc:local-out id="Call_Close_inbound_file_agg" store-message="none" routes-response-to="Call-RunReport" endpoint="vm://INT0073-NRSIT-TaxAdjustmentOn-demandPaymentInbound/Close_inbound_file_agg"><cc:set name="close.inbound.file.agg" value="true"/></cc:local-out>
        <cc:local-in id="Close_inbound_file_agg" routes-to="Aggregator"/>
        <cc:local-out id="Call_WriteGetWorker" store-message="none" execute-when="props['report.run']" routes-response-to="Call_ProcessInbound" endpoint="vm://INT0073-NRSIT-TaxAdjustmentOn-demandPaymentInbound/GetWorker"/>
        <cc:local-in id="GetWorker" routes-to="GetWorkerRe"/>
        <cc:async-mediation id="GetWorkerRe" routes-to="CatchError">
            <cc:steps>
                <cc:write id="Write">
                    <cc:message>
                        <cc:text>&lt;wd:Get_Workers_Request xmlns:wd=&quot;urn:com.workday/bsvc&quot; wd:version=&quot;v32.2&quot;>&#xD;
        &lt;wd:Request_References>&#xD;
	 			@foreach{props['ee.ids.hashset'] as id}&lt;wd:Worker_Reference>&#xD;
                    &lt;wd:ID wd:type=&quot;Employee_ID&quot;>@{id}&lt;/wd:ID>&#xD;
                &lt;/wd:Worker_Reference>@end{}&#xD;
            &lt;/wd:Request_References>&#xD;
            &lt;wd:Request_Criteria>&#xD;
              &lt;wd:Field_And_Parameter_Criteria_Data>&#xD;
                    &lt;wd:Provider_Reference>&#xD;
                        &lt;wd:ID wd:type=&quot;Integration_System_ID&quot;>INT0073-NRSIT-TaxAdjustmentOn-demandPaymentInbound/INT0073-NRSIT-TaxAdjustmentOn-demandPaymentInbound/StartHere&lt;/wd:ID>&#xD;
                    &lt;/wd:Provider_Reference>&#xD;
                &lt;/wd:Field_And_Parameter_Criteria_Data>&#xD;
            &lt;/wd:Request_Criteria>     &#xD;
            &lt;wd:Response_Filter>&#xD;
                &lt;wd:Page>1&lt;/wd:Page>&#xD;
                &lt;wd:Count>100&lt;/wd:Count>&#xD;
            &lt;/wd:Response_Filter>&#xD;
            &lt;wd:Response_Group>&#xD;
                &lt;wd:Include_Organizations>true&lt;/wd:Include_Organizations>&#xD;
                &lt;wd:Exclude_Organization_Support_Role_Data>true&lt;/wd:Exclude_Organization_Support_Role_Data>&#xD;
                &lt;wd:Exclude_Location_Hierarchies>true&lt;/wd:Exclude_Location_Hierarchies>&#xD;
                &lt;wd:Exclude_Cost_Centers>true&lt;/wd:Exclude_Cost_Centers>&#xD;
                &lt;wd:Exclude_Cost_Center_Hierarchies>true&lt;/wd:Exclude_Cost_Center_Hierarchies>&#xD;
                &lt;wd:Exclude_Companies>true&lt;/wd:Exclude_Companies>&#xD;
                &lt;wd:Exclude_Company_Hierarchies>true&lt;/wd:Exclude_Company_Hierarchies>&#xD;
                &lt;wd:Exclude_Matrix_Organizations>true&lt;/wd:Exclude_Matrix_Organizations>&#xD;
                &lt;wd:Exclude_Pay_Groups>false&lt;/wd:Exclude_Pay_Groups>&#xD;
                &lt;wd:Exclude_Regions>true&lt;/wd:Exclude_Regions>&#xD;
                &lt;wd:Exclude_Region_Hierarchies>true&lt;/wd:Exclude_Region_Hierarchies>&#xD;
                &lt;wd:Exclude_Supervisory_Organizations>true&lt;/wd:Exclude_Supervisory_Organizations>&#xD;
                &lt;wd:Exclude_Teams>true&lt;/wd:Exclude_Teams>&#xD;
                &lt;wd:Exclude_Custom_Organizations>true&lt;/wd:Exclude_Custom_Organizations>&#xD;
                &lt;wd:Include_Roles>false&lt;/wd:Include_Roles>&#xD;
                &lt;wd:Include_Management_Chain_Data>false&lt;/wd:Include_Management_Chain_Data>&#xD;
                &lt;wd:Include_Multiple_Managers_in_Management_Chain_Data>false&lt;/wd:Include_Multiple_Managers_in_Management_Chain_Data>&#xD;
                &lt;wd:Include_Benefit_Enrollments>false&lt;/wd:Include_Benefit_Enrollments>&#xD;
                &lt;wd:Include_Benefit_Eligibility>false&lt;/wd:Include_Benefit_Eligibility>&#xD;
                &lt;wd:Include_Related_Persons>false&lt;/wd:Include_Related_Persons>&#xD;
                &lt;wd:Include_Qualifications>false&lt;/wd:Include_Qualifications>&#xD;
                &lt;wd:Include_Employee_Review>false&lt;/wd:Include_Employee_Review>&#xD;
                &lt;wd:Include_Goals>false&lt;/wd:Include_Goals>&#xD;
                &lt;wd:Include_Development_Items>false&lt;/wd:Include_Development_Items>&#xD;
                &lt;wd:Include_Skills>false&lt;/wd:Include_Skills>&#xD;
                &lt;wd:Include_Photo>false&lt;/wd:Include_Photo>&#xD;
                &lt;wd:Include_Worker_Documents>false&lt;/wd:Include_Worker_Documents>&#xD;
                &lt;wd:Include_Transaction_Log_Data>false&lt;/wd:Include_Transaction_Log_Data>&#xD;
                &lt;wd:Include_Subevents_for_Corrected_Transaction>false&lt;/wd:Include_Subevents_for_Corrected_Transaction>&#xD;
                &lt;wd:Include_Subevents_for_Rescinded_Transaction>false&lt;/wd:Include_Subevents_for_Rescinded_Transaction>&#xD;
                &lt;wd:Include_Succession_Profile>false&lt;/wd:Include_Succession_Profile>&#xD;
                &lt;wd:Include_Talent_Assessment>false&lt;/wd:Include_Talent_Assessment>&#xD;
                &lt;wd:Include_Employee_Contract_Data>false&lt;/wd:Include_Employee_Contract_Data>&#xD;
                &lt;wd:Include_Collective_Agreement_Data>false&lt;/wd:Include_Collective_Agreement_Data>&#xD;
                &lt;wd:Include_Probation_Period_Data>false&lt;/wd:Include_Probation_Period_Data>&#xD;
                &lt;wd:Include_Feedback_Received>false&lt;/wd:Include_Feedback_Received>&#xD;
                &lt;wd:Include_User_Account>false&lt;/wd:Include_User_Account>&#xD;
                &lt;wd:Include_Career>false&lt;/wd:Include_Career>&#xD;
                &lt;wd:Include_Account_Provisioning>false&lt;/wd:Include_Account_Provisioning>&#xD;
                &lt;wd:Include_Background_Check_Data>false&lt;/wd:Include_Background_Check_Data>&#xD;
                &lt;wd:Include_Contingent_Worker_Tax_Authority_Form_Information>false&lt;/wd:Include_Contingent_Worker_Tax_Authority_Form_Information>&#xD;
                &lt;wd:Exclude_Funds>false&lt;/wd:Exclude_Funds>&#xD;
                &lt;wd:Exclude_Fund_Hierarchies>false&lt;/wd:Exclude_Fund_Hierarchies>&#xD;
                &lt;wd:Exclude_Grants>false&lt;/wd:Exclude_Grants>&#xD;
                &lt;wd:Exclude_Grant_Hierarchies>false&lt;/wd:Exclude_Grant_Hierarchies>&#xD;
                &lt;wd:Exclude_Business_Units>false&lt;/wd:Exclude_Business_Units>&#xD;
                &lt;wd:Exclude_Business_Unit_Hierarchies>false&lt;/wd:Exclude_Business_Unit_Hierarchies>&#xD;
                &lt;wd:Exclude_Programs>false&lt;/wd:Exclude_Programs>&#xD;
                &lt;wd:Exclude_Program_Hierarchies>false&lt;/wd:Exclude_Program_Hierarchies>&#xD;
                &lt;wd:Exclude_Gifts>false&lt;/wd:Exclude_Gifts>&#xD;
                &lt;wd:Exclude_Gift_Hierarchies>false&lt;/wd:Exclude_Gift_Hierarchies>&#xD;
            &lt;/wd:Response_Group>&#xD;
&lt;/wd:Get_Workers_Request></cc:text>
                    </cc:message>
                </cc:write>
                <cc:copy id="Copy" output="variable" output-variable="getWorkersMessage"/>
                <cc:wrap-soap id="WrapSoap"/>
            </cc:steps>
        </cc:async-mediation>
        <cc:local-out id="PagedGet" endpoint="vm://wcc/PagedGet"><cc:set name="is.paged.get.request.current.page.xpath" value="'/env:Envelope/env:Body/*/wd:Response_Filter/wd:Page'"/><cc:set name="is.paged.get.response.current.page.xpath" value="'/env:Envelope/env:Body/*/wd:Response_Results/wd:Page'"/><cc:set name="is.paged.get.response.total.pages.xpath" value="'/env:Envelope/env:Body/*/wd:Response_Results/wd:Total_Pages'"/><cc:set name="is.paged.get.response.total.results.xpath" value="'/env:Envelope/env:Body/*/wd:Response_Results/wd:Total_Results'"/><cc:set name="is.paged.get.application" value="'Human_Resources'"/><cc:set name="is.paged.get.version" value="'v32.2'"/><cc:set name="is.paged.get.page.zero" value="false"/><cc:set name="is.paged.get.store.requests" value="true"/><cc:set name="is.paged.get.aggregate.header" value="'&lt;MasterRoot>'"/><cc:set name="is.paged.get.aggregate.footer" value="'&lt;/MasterRoot>'"/><cc:set name="is.paged.get.aggregate.xpath" value="'/*'"/></cc:local-out>
        <cc:async-mediation id="AsyncMediation2" handle-downstream-errors="true">
            <cc:steps>
                <cc:eval id="Eval0">
                    <cc:expression>props['Period.End.Date']=empty</cc:expression>
                </cc:eval>
                <cc:eval id="Eval">
                    <cc:expression>props['Period.End.Date']=parts[0].xpath('wd:Worker/wd:Worker_Data/wd:Integration_Field_Override_Data/wd:Value')</cc:expression>
                    <cc:expression>props['ee.id']=parts[0].xpath('wd:Worker/wd:Worker_Data/wd:Worker_ID')</cc:expression>
                    <cc:expression>props['payroll.end.date.hashmap'].put(props['ee.id'],props['Period.End.Date']);</cc:expression>
                </cc:eval>
            </cc:steps>
            <cc:send-error id="SendError" routes-to="Call_ErrorHandler"/>
        </cc:async-mediation>
        <cc:async-mediation id="CatchError" routes-to="PagedGet" handle-downstream-errors="true">
            <cc:steps>
                <cc:eval id="Eval">
                    <cc:expression>props['is.error']=false</cc:expression>
                </cc:eval>
            </cc:steps>
            <cc:send-error id="SendError" routes-to="Call_InvalidEmployeeIDS"/>
        </cc:async-mediation>
        <cc:local-in id="InvalidEmployeeIDS" routes-to="SyncMediation"/>
        <cc:local-out id="Call_InvalidEmployeeIDS" store-message="none" execute-when="context.errorMessage.contains('not a valid ID value for type')" routes-response-to="PagedGet" endpoint="vm://INT0073-NRSIT-TaxAdjustmentOn-demandPaymentInbound/InvalidEmployeeIDS"/>
        <cc:sync-mediation id="SyncMediation" routes-to="Splitter0">
            <cc:request-steps>
                <cc:eval id="Eval">
                    <cc:expression>props['is.error']=true</cc:expression>
                </cc:eval>
            </cc:request-steps>
            <cc:response-steps>
                <cc:eval id="Eval0">
                    <cc:expression>props['is.error']=false</cc:expression>
                </cc:eval>
                <cc:wrap-soap id="WrapSoap"/>
                <cc:write id="Write">
                    <cc:message>
                        <cc:text>&lt;wd:Get_Workers_Request xmlns:wd=&quot;urn:com.workday/bsvc&quot; wd:version=&quot;v32.2&quot;>&#xD;
        &lt;wd:Request_References>&#xD;
	 			@foreach{props['ee.ids.hashset'] as id}&lt;wd:Worker_Reference>&#xD;
                    &lt;wd:ID wd:type=&quot;Employee_ID&quot;>@{id}&lt;/wd:ID>&#xD;
                &lt;/wd:Worker_Reference>@end{}&#xD;
            &lt;/wd:Request_References>&#xD;
             &lt;wd:Request_Criteria>&#xD;
              &lt;wd:Field_And_Parameter_Criteria_Data>&#xD;
                    &lt;wd:Provider_Reference>&#xD;
                        &lt;wd:ID wd:type=&quot;Integration_System_ID&quot;>INT0073-NRSIT-TaxAdjustmentOn-demandPaymentInbound/INT0073-NRSIT-TaxAdjustmentOn-demandPaymentInbound/StartHere&lt;/wd:ID>&#xD;
                    &lt;/wd:Provider_Reference>&#xD;
                &lt;/wd:Field_And_Parameter_Criteria_Data>&#xD;
            &lt;/wd:Request_Criteria >&#xD;
            &lt;wd:Response_Filter>&#xD;
                &lt;wd:Page>1&lt;/wd:Page>&#xD;
                &lt;wd:Count>100&lt;/wd:Count>&#xD;
            &lt;/wd:Response_Filter>&#xD;
            &lt;wd:Response_Group>&#xD;
                &lt;wd:Include_Organizations>true&lt;/wd:Include_Organizations>&#xD;
                &lt;wd:Exclude_Organization_Support_Role_Data>true&lt;/wd:Exclude_Organization_Support_Role_Data>&#xD;
                &lt;wd:Exclude_Location_Hierarchies>true&lt;/wd:Exclude_Location_Hierarchies>&#xD;
                &lt;wd:Exclude_Cost_Centers>true&lt;/wd:Exclude_Cost_Centers>&#xD;
                &lt;wd:Exclude_Cost_Center_Hierarchies>true&lt;/wd:Exclude_Cost_Center_Hierarchies>&#xD;
                &lt;wd:Exclude_Companies>true&lt;/wd:Exclude_Companies>&#xD;
                &lt;wd:Exclude_Company_Hierarchies>true&lt;/wd:Exclude_Company_Hierarchies>&#xD;
                &lt;wd:Exclude_Matrix_Organizations>true&lt;/wd:Exclude_Matrix_Organizations>&#xD;
                &lt;wd:Exclude_Pay_Groups>false&lt;/wd:Exclude_Pay_Groups>&#xD;
                &lt;wd:Exclude_Regions>true&lt;/wd:Exclude_Regions>&#xD;
                &lt;wd:Exclude_Region_Hierarchies>true&lt;/wd:Exclude_Region_Hierarchies>&#xD;
                &lt;wd:Exclude_Supervisory_Organizations>true&lt;/wd:Exclude_Supervisory_Organizations>&#xD;
                &lt;wd:Exclude_Teams>true&lt;/wd:Exclude_Teams>&#xD;
                &lt;wd:Exclude_Custom_Organizations>true&lt;/wd:Exclude_Custom_Organizations>&#xD;
                &lt;wd:Include_Roles>false&lt;/wd:Include_Roles>&#xD;
                &lt;wd:Include_Management_Chain_Data>false&lt;/wd:Include_Management_Chain_Data>&#xD;
                &lt;wd:Include_Multiple_Managers_in_Management_Chain_Data>false&lt;/wd:Include_Multiple_Managers_in_Management_Chain_Data>&#xD;
                &lt;wd:Include_Benefit_Enrollments>false&lt;/wd:Include_Benefit_Enrollments>&#xD;
                &lt;wd:Include_Benefit_Eligibility>false&lt;/wd:Include_Benefit_Eligibility>&#xD;
                &lt;wd:Include_Related_Persons>false&lt;/wd:Include_Related_Persons>&#xD;
                &lt;wd:Include_Qualifications>false&lt;/wd:Include_Qualifications>&#xD;
                &lt;wd:Include_Employee_Review>false&lt;/wd:Include_Employee_Review>&#xD;
                &lt;wd:Include_Goals>false&lt;/wd:Include_Goals>&#xD;
                &lt;wd:Include_Development_Items>false&lt;/wd:Include_Development_Items>&#xD;
                &lt;wd:Include_Skills>false&lt;/wd:Include_Skills>&#xD;
                &lt;wd:Include_Photo>false&lt;/wd:Include_Photo>&#xD;
                &lt;wd:Include_Worker_Documents>false&lt;/wd:Include_Worker_Documents>&#xD;
                &lt;wd:Include_Transaction_Log_Data>false&lt;/wd:Include_Transaction_Log_Data>&#xD;
                &lt;wd:Include_Subevents_for_Corrected_Transaction>false&lt;/wd:Include_Subevents_for_Corrected_Transaction>&#xD;
                &lt;wd:Include_Subevents_for_Rescinded_Transaction>false&lt;/wd:Include_Subevents_for_Rescinded_Transaction>&#xD;
                &lt;wd:Include_Succession_Profile>false&lt;/wd:Include_Succession_Profile>&#xD;
                &lt;wd:Include_Talent_Assessment>false&lt;/wd:Include_Talent_Assessment>&#xD;
                &lt;wd:Include_Employee_Contract_Data>false&lt;/wd:Include_Employee_Contract_Data>&#xD;
                &lt;wd:Include_Collective_Agreement_Data>false&lt;/wd:Include_Collective_Agreement_Data>&#xD;
                &lt;wd:Include_Probation_Period_Data>false&lt;/wd:Include_Probation_Period_Data>&#xD;
                &lt;wd:Include_Feedback_Received>false&lt;/wd:Include_Feedback_Received>&#xD;
                &lt;wd:Include_User_Account>false&lt;/wd:Include_User_Account>&#xD;
                &lt;wd:Include_Career>false&lt;/wd:Include_Career>&#xD;
                &lt;wd:Include_Account_Provisioning>false&lt;/wd:Include_Account_Provisioning>&#xD;
                &lt;wd:Include_Background_Check_Data>false&lt;/wd:Include_Background_Check_Data>&#xD;
                &lt;wd:Include_Contingent_Worker_Tax_Authority_Form_Information>false&lt;/wd:Include_Contingent_Worker_Tax_Authority_Form_Information>&#xD;
                &lt;wd:Exclude_Funds>false&lt;/wd:Exclude_Funds>&#xD;
                &lt;wd:Exclude_Fund_Hierarchies>false&lt;/wd:Exclude_Fund_Hierarchies>&#xD;
                &lt;wd:Exclude_Grants>false&lt;/wd:Exclude_Grants>&#xD;
                &lt;wd:Exclude_Grant_Hierarchies>false&lt;/wd:Exclude_Grant_Hierarchies>&#xD;
                &lt;wd:Exclude_Business_Units>false&lt;/wd:Exclude_Business_Units>&#xD;
                &lt;wd:Exclude_Business_Unit_Hierarchies>false&lt;/wd:Exclude_Business_Unit_Hierarchies>&#xD;
                &lt;wd:Exclude_Programs>false&lt;/wd:Exclude_Programs>&#xD;
                &lt;wd:Exclude_Program_Hierarchies>false&lt;/wd:Exclude_Program_Hierarchies>&#xD;
                &lt;wd:Exclude_Gifts>false&lt;/wd:Exclude_Gifts>&#xD;
                &lt;wd:Exclude_Gift_Hierarchies>false&lt;/wd:Exclude_Gift_Hierarchies>&#xD;
            &lt;/wd:Response_Group>&#xD;
&lt;/wd:Get_Workers_Request></cc:text>
                    </cc:message>
                </cc:write>
            </cc:response-steps>
        </cc:sync-mediation>
        <cc:splitter id="Splitter0">
            <cc:sub-route name="SubRoute" routes-to="AsyncMediation3"/>
            <cc:xml-stream-splitter namespaces="wd urn:com.workday/bsvc SOAP-ENV http://schemas.xmlsoap.org/soap/envelope/" xpath="/Envelope/Body/Fault/detail/wd:Validation_Fault/wd:Validation_Error"/>
        </cc:splitter>
        <cc:async-mediation id="AsyncMediation3">
            <cc:steps>
                <cc:eval id="DeleteInvalidIDs"><cc:expression>props['error.xpath']=parts[0].xpath('wd:Validation_Error/wd:Xpath')+'/wd:ID'</cc:expression><cc:expression>props['invalid.id']=vars['getWorkersMessage'].xpath(props['error.xpath'])</cc:expression><cc:expression>props['ee.ids.hashset'].remove(props['invalid.id'])</cc:expression></cc:eval>
            </cc:steps>
        </cc:async-mediation>
        <cc:local-out id="Call_ProcessInbound" store-message="none" execute-when="props['report.run']" routes-response-to="Call_AuditLogAgg" endpoint="vm://INT0073-NRSIT-TaxAdjustmentOn-demandPaymentInbound/ProcessInbound"/>
        <cc:local-in id="ProcessInbound" routes-to="AsyncMediation4"/>
        <cc:async-mediation id="AsyncMediation4" routes-to="Splitter1" handle-downstream-errors="true">
            <cc:steps>
                <cc:xslt id="Xslt" input="variable" input-variable="input.xml" url="INT0073_convert_input_data.xsl"/>
            </cc:steps>
            <cc:send-error id="SendError" routes-to="PutIntegrationMessage"/>
        </cc:async-mediation>
        <cc:splitter id="Splitter1" no-split-message-error="true">
            <cc:sub-route name="SubRoute" routes-to="AsyncMediation9"/>
            <cc:xml-stream-splitter xpath="File/Employee"/>
        </cc:splitter>
        <cc:async-mediation id="AsyncMediation5" routes-to="SetValidationMode" continue-after-error="rewind" handle-downstream-errors="true">
            <cc:steps>
                <cc:eval id="Eval0">
                    <cc:expression>props['payroll.priority.hashmap'].containsKey(props['employee.id'])? props['payroll.priority.hashmap'].put(props['employee.id'],props['payroll.priority.hashmap'].get(props['employee.id'])+1):props['payroll.priority.hashmap'].put(props['employee.id'],props['p.priority'])</cc:expression>
                    <cc:expression>props['payroll.priority.value']=props['payroll.priority.hashmap'].get(props['employee.id'])</cc:expression>
                    <cc:expression>props['batch.id']=props['batch.id.Prefix']+ props['date.entry.lp'];</cc:expression>
                    <cc:expression>//props['Period.End.Date']=props['payroll.end.date.hashmap'].get(props['employee.id']);</cc:expression>
                    <cc:expression>//props['Transaction.Date']=java.time.LocalDate.parse(props['Transaction.Date'], java.time.format.DateTimeFormatter.ofPattern(&quot;M/d/yyyy&quot;)).plusDays(props['add.payment.date']).toString();</cc:expression>
                    <cc:expression>props['payment.id']=props['payment.id.Prefix']+ props['employee.id']+props['date.entry.lp'];</cc:expression>
                </cc:eval>
            </cc:steps>
            <cc:send-error id="SendError" routes-to="Call_ErrorHandlerOffCycleRequest"/>
        </cc:async-mediation>
        <cc:async-mediation id="AsyncMediation6" routes-to="WorkdayOutSoap" handle-downstream-errors="true">
            <cc:steps>
                <cc:copy id="Copy" input="variable" input-variable="employeevariable"/>
                <cc:xslt-plus id="OffCycle_Input_Request" input="message" url="INT0073_Ondemand_Offcycle_Request.xsl"/>
                <cc:wrap-soap id="WrapSoap"/>
                <cc:log id="Log">
                    <cc:log-message>
                        <cc:line-separator/>
                        <cc:line-separator/>
                        <cc:text>&#xD;
------------------OffCycle Payment Request for the below employee ------------------&#xD;
&#xD;
Employee ID : @{props['employee.id']}</cc:text>
                        <cc:line-separator/>
                        <cc:line-separator/>
                        <cc:message-content/>
                        <cc:line-separator/>
                    </cc:log-message>
                </cc:log>
            </cc:steps>
            <cc:send-error id="SendError" rethrow-error="false" routes-to="Call_ErrorHandlerOffCycleRequest"/>
        </cc:async-mediation>
        <cc:workday-out-soap id="WorkdayOutSoap" routes-response-to="Call_AuditFileforSuccess" application="Payroll" version="v32.2"/>
        <cc:async-mediation id="ResetProps">
            <cc:steps>
                <cc:eval id="Eval">
                    <cc:expression>props['employee.id']=empty</cc:expression>
                    <cc:expression>props['Employee.First.Name']=empty</cc:expression>
                    <cc:expression>props['Employee.Last.Name']=empty</cc:expression>
                    <cc:expression>//props['SIT.Code']=empty</cc:expression>
                    <cc:expression>//props['SIT.Taxable.Wages']=empty</cc:expression>
                    <cc:expression>//props['SIT.Withheld']=empty</cc:expression>
                    <cc:expression>props['success.count'] = props['success.count'] +1</cc:expression>
                    <cc:expression>props['process.error.message']=empty</cc:expression>
                </cc:eval>
            </cc:steps>
        </cc:async-mediation>
        <cc:splitter id="Splitter_Validate_PayEndDate">
            <cc:sub-route name="SubRoute" routes-to="AsyncMediation2"/>
            <cc:xml-stream-splitter xpath="/MasterRoot/env:Envelope/env:Body/wd:Get_Workers_Response/wd:Response_Data/wd:Worker"/>
        </cc:splitter>
        <cc:local-in id="ErrorHandler" routes-to="AsyncMediation8"/>
        <cc:async-mediation id="AsyncMediation8" routes-to="Call_AuditFile">
            <cc:steps>
                <cc:eval id="Eval">
                    <cc:expression>props['process.error.message'] = 'The following error has occurred for employee: ' # props['employee.id'] # ' during ' # props['step.id'] #  ': ' # context.getErrorMessage() </cc:expression>
                    <cc:expression>props['fail.count']=props['fail.count'] + 1</cc:expression>
                </cc:eval>
            </cc:steps>
        </cc:async-mediation>
        <cc:local-out id="Call_ErrorHandler" store-message="none" endpoint="vm://INT0073-NRSIT-TaxAdjustmentOn-demandPaymentInbound/ErrorHandler"><cc:set name="step.id" value="'PayEndDate'"/><cc:set name="ErrorMessage" value="context.errorMessage"/></cc:local-out>
        <cc:async-mediation id="SetValidationMode" routes-to="AsyncMediation6" execute-steps-when="props['lp.validation.mode']">
            <cc:steps>
                <cc:set-headers id="SetHeaders">
                    <cc:remove-headers/>
                    <cc:add-headers>
                        <cc:add-header name="X-Validate-Only" value="1"/>
                    </cc:add-headers>
                </cc:set-headers>
            </cc:steps>
        </cc:async-mediation>
        <cc:local-out id="Call_ErrorHandlerOffCycleRequest" store-message="none" endpoint="vm://INT0073-NRSIT-TaxAdjustmentOn-demandPaymentInbound/ErrorHandler"><cc:set name="step.id" value="'OffCyclePaymentRequest'"/><cc:set name="ErrorMessage" value="context.errorMessage"/></cc:local-out>
        <cc:local-in id="AuditFile" routes-to="AsyncMediation1"/>
        <cc:async-mediation id="AsyncMediation1" routes-to="Aggregator1">
            <cc:steps>
                <cc:eval id="Eval">
                    <cc:expression>props['Employee.Audit.Status'].put(props['employee.id'],props['status']+props['process.error.message']);</cc:expression>
                </cc:eval>
            </cc:steps>
        </cc:async-mediation>
        <cc:aggregator id="Aggregator1" routes-to="AsyncMediation12" collate-when="!props['process.batch']" force-batch-on-last-message="true" force-batch-when="props['process.batch']">
            <cc:size-batch-strategy batch-size="-1"/>
            <cc:xml-message-content-collater>
        <cc:header-text>&lt;Audit></cc:header-text>
        <cc:footer-text>&lt;/Audit></cc:footer-text>
      </cc:xml-message-content-collater>
        </cc:aggregator>
        <cc:local-out id="Call_AuditLogAgg" store-message="none" execute-when="props['report.run']" routes-response-to="IntegrationRecordsProcessed" endpoint="vm://INT0073-NRSIT-TaxAdjustmentOn-demandPaymentInbound/AuditLogAgg"><cc:set name="process.batch" value="true"/></cc:local-out>
        <cc:local-out id="Call_AuditFile" store-message="none" endpoint="vm://INT0073-NRSIT-TaxAdjustmentOn-demandPaymentInbound/AuditFile"><cc:set name="integration.message" value="props['process.error.message']"/><cc:set name="status" value="'Failed'"/></cc:local-out>
        <cc:local-in id="AuditLogAgg" routes-to="Aggregator1"/>
        <cc:send-error id="global-error-handler" rethrow-error="false" routes-to="Note-Error"/>
        <cc:local-out id="Note-Error" endpoint="vm://wcc/PutIntegrationMessage">
            <cc:set name="is.message.severity" value="'CRITICAL'"/>
            <cc:set name="is.message.summary" value="context.errorMessage"/>
        </cc:local-out>
        <cc:local-out id="Call_AuditFileforSuccess" store-message="none" routes-response-to="ResetProps" endpoint="vm://INT0073-NRSIT-TaxAdjustmentOn-demandPaymentInbound/AuditFile"><cc:set name="is.error" value="'false'"/><cc:set name="status" value="'Payment loaded successfully'"/></cc:local-out>
        <cc:local-out id="IntegrationRecordsProcessed" execute-when="props['report.run']" routes-response-to="IntegrationRecordsSuccessed" endpoint="vm://wcc/PutIntegrationMessage"><cc:set name="is.message.severity" value="'INFO'"/><cc:set name="is.message.summary" value="props['rec.count']  + ' records received for processing.'"/></cc:local-out>
        <cc:local-out id="IntegrationRecordsSuccessed" execute-when="props['report.run']" routes-response-to="IntegrationRecordsFailed" endpoint="vm://wcc/PutIntegrationMessage"><cc:set name="is.message.severity" value="'INFO'"/><cc:set name="is.message.summary" value="props['success.count'] + ' records processed successfully.'"/></cc:local-out>
        <cc:local-out id="IntegrationRecordsFailed" execute-when="props['report.run']" endpoint="vm://wcc/PutIntegrationMessage"><cc:set name="is.message.severity" value="if(props['fail.count'] > 0) {'ERROR'} else ('INFO')"/><cc:set name="is.message.summary" value="props['fail.count'] + ' records failed to process'"/></cc:local-out>
        <cc:async-mediation id="DebugSection" routes-to="Splitter" execute-steps-when="false" handle-downstream-errors="true">
            <cc:steps>
                <cc:write id="Write">
                    <cc:message>
                        <cc:text>H|INT0073|01/20/2020&#xD;
D|118181|Robert J.|LaFleur|CT|-9575.10|-668.00&#xD;
D|118181|Robert J.|LaFleur|MA|0.00|668.00&#xD;
D|119532|Joan McCarthy|Gentile|CT|0.00|-1435.00&#xD;
D|119532|Joan McCarthy|Gentile|NY|14919.00|1435.00&#xD;
T|56|373245.03|0.00</cc:text>
                    </cc:message>
                </cc:write>
                <cc:csv-to-xml id="CsvToXml" colNames="Record_ID|Employee_ID|Employee_First_Name|Employee_Last_Name|SIT_Code|SIT_Taxable_Wages|SIT_Withheld" format="rfc4180" rootName="Root&#x9;" rowName="Row" separator="|"/>
                <cc:copy id="Copy0" output="variable" output-variable="Inputfile.xml"/>
            </cc:steps>
            <cc:send-error id="SendError" routes-to="PutIntegrationMessage0"/>
        </cc:async-mediation>
        <cc:async-mediation id="OffcyclePayrollPriority" routes-to="PagedGetPriority" handle-downstream-errors="true">
            <cc:steps>
                <cc:eval id="Eval">
                    <cc:expression>//props['Record.ID']=parts[0].xpath('Row/Record_ID')</cc:expression>
                    <cc:expression>props['employee.id']=parts[0].xpath('Employee/Employee_ID')</cc:expression>
                    <cc:expression>props['Employee.First.Name']=parts[0].xpath('Employee/Employee_First_Name')</cc:expression>
                    <cc:expression>props['Employee.Last.Name']=parts[0].xpath('Employee/Employee_Last_Name')</cc:expression>
                    <cc:expression>//props['SIT.Code']=parts[0].xpath('Row/SIT_Code')</cc:expression>
                    <cc:expression>//props['SIT.Taxable.Wages']=parts[0].xpath('Row/SIT_Taxable_Wages')</cc:expression>
                    <cc:expression>//props['SIT.Withheld']=parts[0].xpath('Row/SIT_Withheld')</cc:expression>
                    <cc:expression>props['rec.count'] = props['rec.count'] + 1</cc:expression>
                    <cc:expression>props['process.error.message'] = empty</cc:expression>
                    <cc:expression>//props['Period.End.Date']=props['payroll.end.date.hashmap'].get(props['employee.id']);</cc:expression>
                </cc:eval>
                <cc:validate-exp id="ValidateExp">
                    <cc:expression failure-message="'Employee ID does not exist in Workday'">props['ee.ids.hashset'].contains(props['employee.id'])</cc:expression>
                </cc:validate-exp>
                <cc:write id="Write">
                    <cc:message>
                        <cc:text>&lt;wd:Get_Payroll_Off-cycle_Payments_Request xmlns:wd=&quot;urn:com.workday/bsvc&quot;>&#xD;
    &lt;wd:Request_Criteria>&#xD;
        &lt;wd:Employee_Reference>&#xD;
            &lt;wd:ID wd:type=&quot;Employee_ID&quot;>@{props['employee.id']}&lt;/wd:ID>&#xD;
        &lt;/wd:Employee_Reference>&#xD;
    &lt;/wd:Request_Criteria>&#xD;
    &lt;wd:Response_Filter>&#xD;
           &lt;wd:Page>1&lt;/wd:Page>&#xD;
        &lt;wd:Count>100&lt;/wd:Count>&#xD;
    &lt;/wd:Response_Filter>&#xD;
&lt;/wd:Get_Payroll_Off-cycle_Payments_Request></cc:text>
                    </cc:message>
                </cc:write>
                <cc:wrap-soap id="WrapSoap"/>
            </cc:steps>
            <cc:send-error id="SendError" routes-to="CallErrorHandler2"/>
        </cc:async-mediation>
        <cc:local-out id="PagedGetPriority" routes-response-to="AsyncMediation10" endpoint="vm://wcc/PagedGet"><cc:set name="is.paged.get.request.current.page.xpath" value="'/env:Envelope/env:Body/*/wd:Response_Filter/wd:Page'"/><cc:set name="is.paged.get.response.current.page.xpath" value="'/env:Envelope/env:Body/*/wd:Response_Results/wd:Page'"/><cc:set name="is.paged.get.response.total.pages.xpath" value="'/env:Envelope/env:Body/*/wd:Response_Results/wd:Total_Pages'"/><cc:set name="is.paged.get.response.total.results.xpath" value="'/env:Envelope/env:Body/*/wd:Response_Results/wd:Total_Results'"/><cc:set name="is.paged.get.aggregate.xpath" value="'env:Envelope/env:Body/wd:Get_Payroll_Off-cycle_Payments_Response/wd:Response_Data/'"/><cc:set name="is.paged.get.aggregate.header" value="'&lt;GetPayResultsResponse>'"/><cc:set name="is.paged.get.aggregate.footer" value="'&lt;/GetPayResultsResponse>'"/><cc:set name="is.paged.get.application" value="'Payroll'"/><cc:set name="is.paged.get.version" value="props['ws.version']"/><cc:set name="is.paged.get.page.zero" value="false"/><cc:set name="is.paged.get.store.requests" value="true"/></cc:local-out>
        <cc:async-mediation id="AsyncMediation9" routes-to="OffcyclePayrollPriority" execute-steps-when="true">
            <cc:steps>
                <cc:copy id="Copy" output="variable" output-variable="employeevariable"/>
            </cc:steps>
        </cc:async-mediation>
        <cc:async-mediation id="AsyncMediation10" routes-to="AsyncMediation5">
            <cc:steps>
                <cc:xslt-plus id="XsltPlus" url="INT0073_StreamGetOffCycleResultsResponse.xsl"/>
                <cc:eval id="Eval">
                    <cc:expression>props['p.priority'] = parts[0].xpathB('Root/value') ? parts[0].xpath('Root/value') : 90</cc:expression>
                    <cc:expression>props['p.priority'] = props['p.priority'] + 1</cc:expression>
                </cc:eval>
            </cc:steps>
        </cc:async-mediation>
        <cc:async-mediation id="AsyncMediation11" routes-to="AsyncMediation0">
            <cc:steps>
                <cc:validate-exp id="ValidateExp" filter="true">
                    <cc:expression failure-message="Skip Record">parts[0].xpath('Row/Record_ID') == 'D'</cc:expression>
                </cc:validate-exp>
            </cc:steps>
        </cc:async-mediation>
        <cc:local-out id="CallErrorHandler2" store-message="none" endpoint="vm://INT0073-NRSIT-TaxAdjustmentOn-demandPaymentInbound/ErrorHandler"><cc:set name="ErrorMessage" value="context.errorMessage"/><cc:set name="step.id" value="'OffcycleEmployeevalidation'"/></cc:local-out>
        <cc:local-out id="CallSubRoutine" store-message="none" endpoint="vm://INT0073-NRSIT-TaxAdjustmentOn-demandPaymentInbound/ErrorHandler"><cc:set name="ErrorMessage" value="context.errorMessage"/><cc:set name="step.id" value="'GetRetrival'"/></cc:local-out>
        <cc:async-mediation id="AsyncMediation12">
            <cc:steps>
                <cc:copy id="Copy" input="variable" input-variable="Inputfile.xml"/>
                <cc:xslt-plus id="XsltPlus" url="INT0073_Audit_File_transformation_v1.xsl"/>
                <cc:xml-to-csv id="XmlToCsv"/>
                <cc:write id="Write">
                    <cc:message>
                        <cc:header name="Header" not-set-value="Employee ID,First Name,Last Name,SIT Code,SIT Taxable Wages,SIT Withheld,Payment Date,Status/Error Message"/>
                        <cc:line-separator/>
                        <cc:message-content/>
                    </cc:message>
                </cc:write>
                <cc:text-excel id="TextExcel" output-mimetype="application/vnd.ms-excel" style="text2excel"/>
                <cc:store id="Store" output="variable" output-mimetype="application/vnd.ms-excel" output-variable="INT0073_audit.log" expiresIn="P180D" title="INT0073 Audit Log.xls"/>
            </cc:steps>
        </cc:async-mediation>
        <cc:local-out id="PutIntegrationMessage" endpoint="vm://wcc/PutIntegrationMessage"><cc:set name="is.message.severity" value="'ERROR'"/><cc:set name="is.message.summary" value="context.errorMessage"/></cc:local-out>
        <cc:local-out id="PutIntegrationMessage0" endpoint="vm://wcc/PutIntegrationMessage"><cc:set name="is.message.severity" value="'ERROR'"/><cc:set name="is.message.summary" value="context.errorMessage"/></cc:local-out>
        <cc:local-in id="RunReport" routes-to="ReportError"/>
        <cc:async-mediation id="ReportError" routes-to="WorkdayOutRest" handle-downstream-errors="true">
            <cc:steps>
                <cc:write id="Write" output-mimetype="text/xml">
                    <cc:message>
                        <cc:text>&lt;root/></cc:text>
                    </cc:message>
                </cc:write>
                <cc:eval id="Eval">
                    <cc:expression>props['report.run'] = false</cc:expression>
                    <cc:expression>props['report.run.date'] = parts[0].xpath('xs:date(&quot;' # props['date.entry.lp'] # '&quot;) + xs:dayTimeDuration(&quot;P3D&quot;)')</cc:expression>
                </cc:eval>
            </cc:steps>
            <cc:send-error id="SendError" routes-to="WriteReportError"/>
        </cc:async-mediation>
        <cc:workday-out-rest id="WorkdayOutRest" routes-response-to="SetPayDate" extra-path="@{intsys.reportService.getExtrapath('Report')}?Effective_as_of_Date=@{props['report.run.date']}"/>
        <cc:local-out id="WriteReportError" endpoint="vm://wcc/PutIntegrationMessage"><cc:set name="is.message.severity" value="'CRITICAL'"/><cc:set name="is.message.summary" value="'Report for payment dates has failed, please see details.'"/><cc:set name="is.message.detail" value="context.errorMessage"/></cc:local-out>
        <cc:async-mediation id="SetPayDate">
            <cc:steps>
                <cc:eval id="Eval">
                    <cc:expression>props['payment.date'] = parts[0].xpath('wd:Report_Data/wd:Report_Entry/wd:paymentDate')</cc:expression>
                    <cc:expression>props['report.run'] = true</cc:expression>
                </cc:eval>
            </cc:steps>
        </cc:async-mediation>
        <cc:local-out id="Call-RunReport" routes-response-to="Call_WriteGetWorker" endpoint="vm://INT0073-NRSIT-TaxAdjustmentOn-demandPaymentInbound/RunReport"/>
	</cc:assembly>

</beans>