<?xml version="1.0" encoding="UTF-8"?>
<wdnm:Diagram xmlns:wdnm="http://workday.com/studio/editors/notation">
  <element href="assembly.xml#WorkdayAssembly"/>
  <visualProperties x="137" y="199">
    <element href="assembly.xml#StartHere"/>
  </visualProperties>
  <visualProperties>
    <element href="assembly.xml#Initialize"/>
  </visualProperties>
  <visualProperties>
    <element href="assembly.xml#PIM-Init"/>
  </visualProperties>
  <visualProperties x="611" y="221">
    <element href="assembly.xml#GetIntegrationSystems"/>
  </visualProperties>
  <visualProperties>
    <element href="assembly.xml#GetMapData"/>
  </visualProperties>
  <visualProperties>
    <element href="assembly.xml#PIM-Map-Err"/>
  </visualProperties>
  <visualProperties x="1403" y="227">
    <element href="assembly.xml#Call-Process-Recs"/>
  </visualProperties>
  <visualProperties x="159" y="653">
    <element href="assembly.xml#Process-Recs"/>
  </visualProperties>
  <visualProperties x="292" y="659">
    <element href="assembly.xml#Err-Handler"/>
  </visualProperties>
  <visualProperties x="454" y="745">
    <element href="assembly.xml#PIM-Agg-Err"/>
  </visualProperties>
  <visualProperties x="488" y="764">
    <element href="assembly.xml#Stack-Data"/>
  </visualProperties>
  <visualProperties x="680" y="691">
    <element href="assembly.xml#Cpy-MapData"/>
  </visualProperties>
  <visualProperties x="809" y="731">
    <element href="assembly.xml#Cpy-FileData"/>
  </visualProperties>
  <visualProperties x="852" y="780">
    <element href="assembly.xml#Aggregator"/>
  </visualProperties>
  <visualProperties x="1229" y="780">
    <element href="assembly.xml#Split-WS"/>
  </visualProperties>
  <visualProperties x="1203" y="780">
    <element href="assembly.xml#ErrHndler-WS"/>
  </visualProperties>
  <visualProperties x="1257" y="797">
    <element href="assembly.xml#Err-WS"/>
  </visualProperties>
  <visualProperties x="1397" y="793">
    <element href="assembly.xml#Submit-Customer-Invoice"/>
  </visualProperties>
  <visualProperties x="1639" y="689">
    <element href="assembly.xml#Success"/>
  </visualProperties>
  <visualProperties x="1055" y="684">
    <element href="assembly.xml#Build-WS-Reqs"/>
  </visualProperties>
  <visualProperties>
    <element href="assembly.xml#//@beans/@mixed.1/@mixed.43"/>
  </visualProperties>
  <visualProperties>
    <element href="assembly.xml#Note-Error"/>
  </visualProperties>
  <visualProperties>
    <element href="assembly.xml#Store-CloudLog"/>
  </visualProperties>
  <visualProperties>
    <element href="assembly.xml#Store"/>
  </visualProperties>
  <visualProperties x="406" y="1423">
    <element href="assembly.xml#PIM-Complete"/>
  </visualProperties>
  <visualProperties x="66" y="691">
    <element href="assembly.xml#Get-Each-File"/>
  </visualProperties>
  <visualProperties x="228" y="691">
    <element href="assembly.xml#Conver-To-XML"/>
  </visualProperties>
  <visualProperties x="74" y="721">
    <element href="assembly.xml#GetEventDocuments"/>
  </visualProperties>
  <visualProperties x="1271" y="232">
    <element href="assembly.xml#Call-Store-Log"/>
  </visualProperties>
  <visualProperties>
    <element href="assembly.xml#ChkFrFile"/>
  </visualProperties>
  <visualProperties>
    <element href="assembly.xml#PIM-Abort"/>
  </visualProperties>
  <visualProperties>
    <element href="assembly.xml#Abort"/>
  </visualProperties>
  <connections type="routesTo" sourceAnchorX="1.0" sourceAnchorY="0.07874015748031496" targetAnchorX="0.1951219512195122" targetAnchorY="0.02702702702702703">
    <source href="assembly.xml#Initialize"/>
    <target href="assembly.xml#GetIntegrationSystems"/>
  </connections>
  <connections type="routesTo" sourceAnchorX="0.36134453781512604" sourceAnchorY="1.0" targetAnchorX="0.3942307692307692" targetAnchorY="0.5405405405405406">
    <source href="assembly.xml#//@beans/@mixed.1/@mixed.11/@mixed.3"/>
    <target href="assembly.xml#PIM-Init"/>
  </connections>
  <connections type="routesResponseTo" sourceAnchorX="1.0" sourceAnchorY="0.40540540540540543" targetAnchorX="0.032719836400818" targetAnchorY="0.3645833333333333">
    <source href="assembly.xml#GetIntegrationSystems"/>
    <target href="assembly.xml#GetMapData"/>
  </connections>
  <connections type="routesTo" sourceAnchorX="0.2795031055900621" sourceAnchorY="0.6666666666666666" targetAnchorX="0.3333333333333333" targetAnchorY="0.5405405405405406">
    <source href="assembly.xml#//@beans/@mixed.1/@mixed.5/@mixed.3"/>
    <target href="assembly.xml#PIM-Map-Err"/>
  </connections>
  <connections type="routesTo" sourceAnchorX="1.0" sourceAnchorY="0.4864864864864865" targetAnchorX="0.23333333333333334" targetAnchorY="0.2283464566929134">
    <source href="assembly.xml#StartHere"/>
    <target href="assembly.xml#Initialize"/>
  </connections>
  <connections type="routesTo" sourceAnchorX="0.44545454545454544" sourceAnchorY="1.0" targetAnchorX="0.36764705882352944" targetAnchorY="0.7837837837837838">
    <source href="assembly.xml#//@beans/@mixed.1/@mixed.17/@mixed.3"/>
    <target href="assembly.xml#PIM-Agg-Err"/>
  </connections>
  <connections type="routesTo" sourceAnchorX="1.0" sourceAnchorY="0.08130081300813008" targetAnchorX="0.0782608695652174" targetAnchorY="0.25870646766169153">
    <source href="assembly.xml#Err-Handler"/>
    <target href="assembly.xml#Stack-Data"/>
  </connections>
  <connections type="routesTo" sourceAnchorX="1.0" sourceAnchorY="0.29411764705882354" targetAnchorX="0.19083969465648856" targetAnchorY="0.15625">
    <source href="assembly.xml#//@beans/@mixed.1/@route.0/@subRoute.0"/>
    <target href="assembly.xml#Cpy-MapData"/>
  </connections>
  <connections type="routesTo" sourceAnchorX="1.0" sourceAnchorY="0.47058823529411764" targetAnchorX="0.1320754716981132" targetAnchorY="0.0625">
    <source href="assembly.xml#//@beans/@mixed.1/@route.0/@subRoute.1"/>
    <target href="assembly.xml#Cpy-FileData"/>
  </connections>
  <connections type="routesTo" sourceAnchorX="1.0" sourceAnchorY="0.08333333333333333" targetAnchorX="0.08045977011494253" targetAnchorY="0.4716981132075472">
    <source href="assembly.xml#Cpy-MapData"/>
    <target href="assembly.xml#Aggregator"/>
  </connections>
  <connections type="routesTo" sourceAnchorX="1.0" sourceAnchorY="0.15625" targetAnchorX="0.47701149425287354" targetAnchorY="0.7264150943396226">
    <source href="assembly.xml#Cpy-FileData"/>
    <target href="assembly.xml#Aggregator"/>
    <bendpoints sourceX="131" sourceY="-1" targetX="3" targetY="105"/>
  </connections>
  <connections type="routesTo" sourceAnchorX="0.4409448818897638" sourceAnchorY="0.8333333333333334" targetAnchorX="0.4329896907216495" targetAnchorY="0.14583333333333334">
    <source href="assembly.xml#//@beans/@mixed.1/@mixed.31/@mixed.3"/>
    <target href="assembly.xml#Err-WS"/>
  </connections>
  <connections type="routesTo" sourceAnchorX="1.0" sourceAnchorY="0.6470588235294118" targetAnchorX="0.19402985074626866" targetAnchorY="0.016260162601626018">
    <source href="assembly.xml#//@beans/@mixed.1/@mixed.29/@subRoute.0"/>
    <target href="assembly.xml#ErrHndler-WS"/>
  </connections>
  <connections type="routesTo" sourceAnchorX="1.0" sourceAnchorY="0.12195121951219512" targetAnchorX="0.11210762331838565" targetAnchorY="0.16216216216216217">
    <source href="assembly.xml#ErrHndler-WS"/>
    <target href="assembly.xml#Submit-Customer-Invoice"/>
  </connections>
  <connections type="routesResponseTo" sourceAnchorX="1.0" sourceAnchorY="0.4594594594594595" targetAnchorX="0.32" targetAnchorY="0.17708333333333334">
    <source href="assembly.xml#Submit-Customer-Invoice"/>
    <target href="assembly.xml#Success"/>
  </connections>
  <connections type="routesTo" sourceAnchorX="1.0" sourceAnchorY="0.12264150943396226" targetAnchorX="0.14583333333333334" targetAnchorY="0.14130434782608695">
    <source href="assembly.xml#Aggregator"/>
    <target href="assembly.xml#Build-WS-Reqs"/>
  </connections>
  <connections type="routesTo" sourceAnchorX="0.9669421487603306" sourceAnchorY="0.43243243243243246" targetAnchorX="0.06060606060606061" targetAnchorY="0.3783783783783784">
    <source href="assembly.xml#//@beans/@mixed.1/@mixed.43"/>
    <target href="assembly.xml#Note-Error"/>
  </connections>
  <connections type="routesTo" sourceAnchorX="1.0" sourceAnchorY="0.43243243243243246" targetAnchorX="0.38961038961038963" targetAnchorY="0.15217391304347827">
    <source href="assembly.xml#Store-CloudLog"/>
    <target href="assembly.xml#Store"/>
  </connections>
  <connections type="routesTo" sourceAnchorX="1.0" sourceAnchorY="0.14583333333333334" targetAnchorX="0.053691275167785234" targetAnchorY="0.35135135135135137">
    <source href="assembly.xml#Store"/>
    <target href="assembly.xml#PIM-Complete"/>
  </connections>
  <connections type="routesTo" sourceAnchorX="1.0" sourceAnchorY="0.14583333333333334" targetAnchorX="0.23931623931623933" targetAnchorY="0.09146341463414634">
    <source href="assembly.xml#Build-WS-Reqs"/>
    <target href="assembly.xml#Split-WS"/>
  </connections>
  <connections type="routesTo" sourceAnchorX="1.0" sourceAnchorY="0.4411764705882353" targetAnchorX="0.1258741258741259" targetAnchorY="0.30434782608695654">
    <source href="assembly.xml#//@beans/@mixed.1/@mixed.53/@subRoute.0"/>
    <target href="assembly.xml#Conver-To-XML"/>
  </connections>
  <connections type="routesTo" sourceAnchorX="1.0" sourceAnchorY="0.1875" targetAnchorX="0.09401709401709402" targetAnchorY="0.16260162601626016">
    <source href="assembly.xml#Conver-To-XML"/>
    <target href="assembly.xml#Err-Handler"/>
  </connections>
  <connections type="routesTo" sourceAnchorX="1.0" sourceAnchorY="0.40540540540540543" targetAnchorX="0.03626943005181347" targetAnchorY="0.40540540540540543">
    <source href="assembly.xml#Process-Recs"/>
    <target href="assembly.xml#GetEventDocuments"/>
  </connections>
  <connections type="routesResponseTo" sourceAnchorX="1.0" sourceAnchorY="0.32432432432432434" targetAnchorX="0.07947019867549669" targetAnchorY="0.35135135135135137">
    <source href="assembly.xml#Call-Process-Recs"/>
    <target href="assembly.xml#Call-Store-Log"/>
  </connections>
  <connections type="routesTo" sourceAnchorX="0.37142857142857144" sourceAnchorY="1.0" targetAnchorX="0.3416666666666667" targetAnchorY="0.24324324324324326">
    <source href="assembly.xml#//@beans/@mixed.1/@mixed.63/@mixed.3"/>
    <target href="assembly.xml#PIM-Abort"/>
  </connections>
  <connections type="routesResponseTo" sourceAnchorX="0.19166666666666668" sourceAnchorY="0.7837837837837838" targetAnchorX="0.3356643356643357" targetAnchorY="0.375">
    <source href="assembly.xml#PIM-Abort"/>
    <target href="assembly.xml#Abort"/>
  </connections>
  <connections type="routesResponseTo" sourceAnchorX="1.0" sourceAnchorY="0.35135135135135137" targetAnchorX="0.16071428571428573" targetAnchorY="0.25984251968503935">
    <source href="assembly.xml#GetEventDocuments"/>
    <target href="assembly.xml#ChkFrFile"/>
  </connections>
  <connections type="routesTo" sourceAnchorX="1.0" sourceAnchorY="0.14173228346456693" targetAnchorX="0.21212121212121213" targetAnchorY="0.0975609756097561">
    <source href="assembly.xml#ChkFrFile"/>
    <target href="assembly.xml#Get-Each-File"/>
  </connections>
  <connections type="routesTo" sourceAnchorX="1.0" sourceAnchorY="0.08661417322834646" targetAnchorX="0.07142857142857142" targetAnchorY="0.10810810810810811">
    <source href="assembly.xml#GetMapData"/>
    <target href="assembly.xml#Call-Process-Recs"/>
  </connections>
  <swimlanes x="95" y="88" font="Arial|16|1" bgColor="5658198" fontColor="1" name="INT IntMap File Lookup" orientation="VERTICAL" elements="//@swimlanes.1 //@swimlanes.4 //@swimlanes.9 //@swimlanes.8" labelAlignment="LEFT"/>
  <swimlanes x="160" y="146" font="Arial|10|1" bgColor="14930585" fontColor="16777215" name="Main" labelAlignment="LEFT">
    <elements href="assembly.xml#StartHere"/>
    <elements href="#//@swimlanes.2"/>
    <elements href="assembly.xml#GetIntegrationSystems"/>
    <elements href="#//@swimlanes.3"/>
    <elements href="assembly.xml#Call-Process-Recs"/>
    <elements href="assembly.xml#Call-Store-Log"/>
  </swimlanes>
  <swimlanes x="431" y="221" bgColor="13611854" name="Swimlane" orientation="VERTICAL">
    <elements href="assembly.xml#Initialize"/>
    <elements href="assembly.xml#PIM-Init"/>
  </swimlanes>
  <swimlanes x="846" y="221" bgColor="13611854" name="Swimlane" orientation="VERTICAL">
    <elements href="assembly.xml#GetMapData"/>
    <elements href="assembly.xml#PIM-Map-Err"/>
  </swimlanes>
  <swimlanes x="132" y="592" font="Arial|10|1" bgColor="14930585" fontColor="16777215" name="Process Records" labelAlignment="LEFT">
    <elements href="assembly.xml#Process-Recs"/>
    <elements href="assembly.xml#GetEventDocuments"/>
    <elements href="#//@swimlanes.10"/>
    <elements href="assembly.xml#Get-Each-File"/>
    <elements href="assembly.xml#Conver-To-XML"/>
    <elements href="#//@swimlanes.5"/>
    <elements href="assembly.xml#Stack-Data"/>
    <elements href="#//@swimlanes.6"/>
    <elements href="assembly.xml#Aggregator"/>
    <elements href="assembly.xml#Build-WS-Reqs"/>
    <elements href="assembly.xml#Split-WS"/>
    <elements href="#//@swimlanes.7"/>
    <elements href="assembly.xml#Submit-Customer-Invoice"/>
    <elements href="assembly.xml#Success"/>
  </swimlanes>
  <swimlanes x="278" y="695" bgColor="13611854" name="Swimlane" orientation="VERTICAL">
    <elements href="assembly.xml#Err-Handler"/>
    <elements href="assembly.xml#PIM-Agg-Err"/>
  </swimlanes>
  <swimlanes x="627" y="681" bgColor="13611854" name="Swimlane" orientation="VERTICAL">
    <elements href="assembly.xml#Cpy-MapData"/>
    <elements href="assembly.xml#Cpy-FileData"/>
  </swimlanes>
  <swimlanes x="1205" y="704" bgColor="13611854" name="Swimlane" orientation="VERTICAL">
    <elements href="assembly.xml#ErrHndler-WS"/>
    <elements href="assembly.xml#Err-WS"/>
  </swimlanes>
  <swimlanes x="37" y="1245" font="Arial|10|1" bgColor="6579455" fontColor="16777215" name="Global Error Handler" labelAlignment="LEFT">
    <elements href="assembly.xml#//@beans/@mixed.1/@mixed.43"/>
    <elements href="assembly.xml#Note-Error"/>
  </swimlanes>
  <swimlanes x="22" y="1241" font="Arial|10|1" bgColor="14930585" fontColor="16777215" name="Store Cloud Log" labelAlignment="LEFT">
    <elements href="assembly.xml#Store-CloudLog"/>
    <elements href="assembly.xml#Store"/>
    <elements href="assembly.xml#PIM-Complete"/>
  </swimlanes>
  <swimlanes x="39" y="631" bgColor="13611854" name="Swimlane" orientation="VERTICAL">
    <elements href="assembly.xml#ChkFrFile"/>
    <elements href="assembly.xml#PIM-Abort"/>
    <elements href="assembly.xml#Abort"/>
  </swimlanes>
</wdnm:Diagram>
