<?xml version="1.0" encoding="UTF-8"?>
<beans
     xmlns="http://www.springframework.org/schema/beans"
     xmlns:beans="http://www.springframework.org/schema/beans"
     xmlns:atom="http://www.w3.org/2005/Atom"
     xmlns:cc="http://www.capeclear.com/assembly/10"
     xmlns:cloud="urn:com.workday/esb/cloud/10.0"
     xmlns:env="http://schemas.xmlsoap.org/soap/envelope/"
     xmlns:pi="urn:com.workday/picof"
     xmlns:wd="urn:com.workday/bsvc"
     xmlns:xsi="http://www.w3.org/2001/XMLSchema-instance">
 
	<cc:assembly id="WorkdayAssembly" version="2019.35">
        <cc:workday-in id="StartHere" routes-to="Call-InIt">
            <cc:integration-system name="INT0101 Studio - Concur Travel &amp; Expense Demographic Outbound">
        <cloud:param name="Event WID for Debug">
          <cloud:type>
            <cloud:simple-type>text</cloud:simple-type>
          </cloud:type>
        </cloud:param>
        <cloud:attribute-map-service name="INT0101-Attribute-Service">
          <cloud:attribute name="Document Retention Period">
            <cloud:type>
              <cloud:enumeration-type name="EnumTypeName">
                <cloud:enumeration>30</cloud:enumeration>
                <cloud:enumeration>60</cloud:enumeration>
                <cloud:enumeration>90</cloud:enumeration>
                <cloud:enumeration>180</cloud:enumeration>
              </cloud:enumeration-type>
            </cloud:type>
            <cloud:display-option>required-for-launch</cloud:display-option>
          </cloud:attribute>
        </cloud:attribute-map-service>
        <cloud:sequence-generator-service name="INT0101_SI_SeqGen">
          <cloud:sequencer>INT0101_SI_SeqGen</cloud:sequencer>
        </cloud:sequence-generator-service>
      </cc:integration-system>
        </cc:workday-in>
        <cc:local-out id="Call-ErrorHandler-Init" store-message="none" endpoint="vm://INT0101-Concur-TravelAndExpenseDemographic-Outbound/ErrorHandler">
            
            
            
        </cc:local-out>
        <cc:async-mediation id="Init-Parms">
            <cc:steps>
                <cc:eval id="LP">
                    <cc:expression>props['lp.event.wid'] = empty</cc:expression>
                    <cc:expression>props['lp.event.wid'] = lp.getSimpleData('Event WID for Debug')</cc:expression>
                    <cc:expression>props['event.wid'] = (props['lp.event.wid'] == empty ? (lp.isSet() ? lp.getIntegrationEventWID() : null) : props['lp.event.wid'])</cc:expression>
                    <cc:expression>props['attr.days'] = intsys.getAttribute('Document Retention Period')</cc:expression>
                </cc:eval>
            </cc:steps>
            <cc:send-error id="SendError" rethrow-error="true" routes-to="Call-ErrorHandler-Init"/>
        </cc:async-mediation>
        <cc:local-in id="Init" routes-to="Init-Parms"/>
        <cc:local-out id="Call-InIt" store-message="none" routes-response-to="Call-GetFile" endpoint="vm://INT0101-Concur-TravelAndExpenseDemographic-Outbound/Init"/>
        <cc:local-out id="Call-GetFile" store-message="none" endpoint="vm://INT0101-Concur-TravelAndExpenseDemographic-Outbound/GetFile"/>
        <cc:local-out id="Call-ProcessFile" store-message="none" endpoint="vm://INT0101-Concur-TravelAndExpenseDemographic-Outbound/ProcessFile"/>
        <cc:local-out id="RetrieveFileError" store-message="none" endpoint="vm://wcc/PutIntegrationMessage">
            <cc:set name="is.message.severity" value="'CRITICAL'"/>
            <cc:set name="is.message.summary" value="context.errorMessage"/>
            <cc:set name="is.message.detail" value="'Error at:' + context.errorComponentId + '. Error-Msg=' + context.errorMessage"/>
        </cc:local-out>
        <cc:async-mediation id="RetrieveDoc" routes-to="Call-ProcessFile" handle-downstream-errors="true">
            <cc:steps>
                <cc:validate-exp id="ValidateExp">
                    <cc:expression error-number="901" failure-message="No input document was retrieved!">da.size() != 0</cc:expression>
                </cc:validate-exp>
            </cc:steps>
            <cc:send-error id="SendError" rethrow-error="true" routes-to="RetrieveFileError"/>
        </cc:async-mediation>
        <cc:route id="DocIterator">
            <cc:doc-iterator labels="INT0101_CCW_Output" variable-name="wd.retrieve.variable"/>
            <cc:sub-route name="SubRoute" routes-to="RetrieveDoc"/>
        </cc:route>
        <cc:local-out id="GetEventDocuments0" store-message="none" routes-response-to="DocIterator" endpoint="vm://wcc/GetEventDocuments">
            <cc:set name="ie.event.wid" value="props['event.wid']"/>
        </cc:local-out>
        <cc:local-in id="GetFile" routes-to="GetEventDocuments0"/>
        <cc:async-mediation id="ErrorText">
            <cc:steps>
                <cc:cloud-log id="CloudLog" header="INT0101 Error File" level="props['msg.severity']" message="@{context.errorMessage}" message-details="Error at: @{context.errorComponentId} . Error-Msg=  @{context.errorMessage}" reference-id="context.errorCode"/>
            </cc:steps>
        </cc:async-mediation>
        <cc:local-in id="ErrorHandler" routes-to="ErrorText"/>
        <cc:async-mediation id="ReadRow" routes-to="AsyncMediation">
            <cc:steps>
                <cc:xslt-plus id="XsltPlus" url="INT0101-Generate-Output-File-v2.xsl"/>
                <cc:xslt-plus id="SortData" url="INT0101-Sort-v1.xsl"/>
                <cc:xtt id="Xtt" message-property="xtt-err"/>
            </cc:steps>
            <cc:send-error id="SendError" routes-to="Call-ErrorHandler-xtt"/>
        </cc:async-mediation>
        <cc:async-mediation id="ReadFile" routes-to="ReadRow">
            <cc:steps>
                <cc:copy id="Copy" output-mimetype="text/xml" input="variable" input-variable="wd.retrieve.variable"/>
            </cc:steps>
            <cc:send-error id="SendError" routes-to="Call-ErrorHandler-xtt"/>
        </cc:async-mediation>
        <cc:local-in id="ProcessFile" routes-to="ReadFile"/>
        <cc:local-out id="Call-ErrorHandler-xtt" store-message="none" endpoint="vm://INT0101-Concur-TravelAndExpenseDemographic-Outbound/ErrorHandler">
            <cc:set name="msg.severity" value="'ERROR'"/>
            <cc:set name="msg.summary" value="context.errorMessage"/>
            <cc:set name="msg.detail" value="'Error at:' + context.errorComponentId + '. Error-Msg=' + context.errorMessage"/>
        </cc:local-out>
        <cc:async-mediation id="AsyncMediation" routes-to="PutIntegrationMessage">
            <cc:steps>
                <cc:store id="Store" output="variable" output-variable="xtt-out" createDocumentReference="false" expiresIn="P@{props['attr.days']}D" title="@{lp.getSequencedValue('INT0101_SI_SeqGen')}"/>
            </cc:steps>
        </cc:async-mediation>
        <cc:local-out id="PutIntegrationMessage" endpoint="vm://wcc/PutIntegrationMessage"><cc:set name="is.message.severity" value="'INFO'"/><cc:set name="is.message.summary" value="'Output File is Generated'"/><cc:set name="is.document.variable.name" value="'xtt-out'"/><cc:set name="is.document.file.name" value="lp.getSequencedValue('INT0101_SI_SeqGen')"/><cc:set name="is.document.labels" value="'INT0101_SI_Output'"/><cc:set name="is.document.deliverable" value="'true'"/></cc:local-out>
        <cc:local-out id="Global-Err-PIM" store-message="none" endpoint="vm://wcc/PutIntegrationMessage">
            <cc:set name="is.message.severity" value="'CRITICAL'"/>
            <cc:set name="is.message.summary" value="'Global Error at:' + context.errorComponentId + '. Error Code=' + context.errorCode"/>
            <cc:set name="is.message.detail" value="'Error-at:' + context.errorComponentId + '. Err-Msg:' + context.errorMessage"/>
        </cc:local-out>
        <cc:send-error id="SendError-Global" rethrow-error="true" routes-to="Global-Err-PIM"/>
	</cc:assembly>

</beans>