<?xml version="1.0" encoding="UTF-8"?>
<beans
     xmlns="http://www.springframework.org/schema/beans"
     xmlns:beans="http://www.springframework.org/schema/beans"
     xmlns:atom="http://www.w3.org/2005/Atom"
     xmlns:cc="http://www.capeclear.com/assembly/10"
     xmlns:cloud="urn:com.workday/esb/cloud/10.0"
     xmlns:env="http://schemas.xmlsoap.org/soap/envelope/"
     xmlns:pi="urn:com.workday/picof"
     xmlns:wd="urn:com.workday/bsvc"
     xmlns:xsi="http://www.w3.org/2001/XMLSchema-instance">
 
	<cc:assembly id="WorkdayAssembly" version="2021.34">
        <cc:local-out id="NoteError" endpoint="vm://wcc/PutIntegrationMessage">
            <cc:set name="is.message.severity" value="'CRITICAL'"/>
            <cc:set name="is.message.summary"/>
        </cc:local-out>
        <cc:send-error id="GlobalErrorHandler" routes-to="NoteError"/>
        <cc:local-out id="PutIntegrationMessage" endpoint="vm://wcc/PutIntegrationMessage">
            <cc:set name="is.message.severity" value="'INFO'"/>
            <cc:set name="is.message.summary" value="'Report has been successfully loaded into Prism Table'"/>
        </cc:local-out>
        <cc:local-out id="PrismAnalytics" routes-response-to="PutIntegrationMessage" endpoint="vm://wcc/PrismAnalytics">
            <cc:set name="wd.prism.component.schema.varname" value="'prism.table.schema'"/>
            <cc:set name="wd.prism.component.table.name" value="props['table.name']"/>
            <cc:set name="wd.prism.component.client.id" value="props['ia.client.id']"/>
            <cc:set name="wd.prism.component.client.secret" value="props['ia.client.secret']"/>
            <cc:set name="wd.prism.component.refresh.token" value="props['ia.refresh.token'] "/>
            <cc:set name="wd.prism.component.operation" value="props['ia.prism.operation']"/>
            <cc:set name="wd.prism.component.csv.input.varname" value="'prism.csv.input'"/>
            <cc:set name="wd.prism.component.api.hostname" value="props['ia.host.api.address']"/>
        </cc:local-out>
        <cc:local-out id="PutIntegrationMessage1" endpoint="vm://wcc/PutIntegrationMessage">
            <cc:set name="is.message.severity" value="'ERROR'"/>
            <cc:set name="is.message.summary" value="context.errorMessage"/>
        </cc:local-out>
        <cc:async-mediation id="CleanSchemaFile" routes-to="PrismAnalytics">
            <cc:steps>
                <cc:xslt-plus id="ReformatXML" input="variable" input-variable="vSchemaXML" url="TransformSchema.xsl"/>
                <cc:write id="WriteXSD" output="variable" output-variable="vPrismTableLoadSchema">
                    <cc:message>
                        <cc:text>&lt;xsd:schema xmlns:xsd=&quot;http://www.w3.org/2001/XMLSchema&quot; xmlns:wd=&quot;urn:com.workday/bsvc&quot; elementFormDefault=&quot;qualified&quot; attributeFormDefault=&quot;qualified&quot;>&#xD;
    &lt;xsd:element name=&quot;schema&quot; type=&quot;schemaType&quot;/>&#xD;
    &lt;xsd:complexType name=&quot;schemaType&quot;>&#xD;
        &lt;xsd:sequence>&#xD;
            &lt;xsd:element name=&quot;fields&quot; type=&quot;fieldsType&quot; minOccurs=&quot;0&quot; maxOccurs=&quot;unbounded&quot;/>&#xD;
            &lt;xsd:element name=&quot;schemaVersion&quot; type=&quot;schemaVersionType&quot; minOccurs=&quot;0&quot;/>&#xD;
            &lt;xsd:element name=&quot;parseOptions&quot; type=&quot;parseOptionsType&quot; minOccurs=&quot;0&quot;/>&#xD;
        &lt;/xsd:sequence>&#xD;
    &lt;/xsd:complexType>&#xD;
    &lt;xsd:complexType name=&quot;fieldsType&quot;>&#xD;
        &lt;xsd:sequence>&#xD;
            &lt;xsd:element name=&quot;ordinal&quot; type=&quot;xsd:byte&quot; minOccurs=&quot;0&quot;/>&#xD;
            &lt;xsd:element name=&quot;name&quot; type=&quot;xsd:string&quot; minOccurs=&quot;0&quot;/>&#xD;
            &lt;xsd:element name=&quot;type&quot; type=&quot;fieldType&quot; minOccurs=&quot;0&quot;/>&#xD;
            &lt;xsd:element name=&quot;businessObject&quot; type=&quot;fieldBusinessObject&quot; minOccurs=&quot;0&quot;/>&#xD;
            &lt;xsd:element name=&quot;precision&quot; type=&quot;xsd:byte&quot; minOccurs=&quot;0&quot;/>&#xD;
            &lt;xsd:element name=&quot;scale&quot; type=&quot;xsd:byte&quot; minOccurs=&quot;0&quot;/>&#xD;
            &lt;xsd:element name=&quot;parseFormat&quot; type=&quot;xsd:string&quot; minOccurs=&quot;0&quot;/>&#xD;
            &lt;xsd:element name=&quot;useAsOperationKey&quot; type=&quot;xsd:boolean&quot; minOccurs=&quot;0&quot;/>&#xD;
        &lt;/xsd:sequence>        &#xD;
    &lt;/xsd:complexType>&#xD;
    &lt;xsd:complexType name=&quot;fieldType&quot;>&#xD;
        &lt;xsd:sequence>&#xD;
            &lt;xsd:element name=&quot;id&quot; type=&quot;xsd:string&quot; minOccurs=&quot;0&quot;/>&#xD;
        &lt;/xsd:sequence>&#xD;
    &lt;/xsd:complexType>&#xD;
    &lt;xsd:complexType name=&quot;fieldBusinessObject&quot;>&#xD;
        &lt;xsd:sequence>&#xD;
            &lt;xsd:element name=&quot;descriptor&quot; type=&quot;xsd:string&quot; minOccurs=&quot;0&quot;/>&#xD;
            &lt;xsd:element name=&quot;id&quot; type=&quot;xsd:string&quot; minOccurs=&quot;0&quot;/>&#xD;
        &lt;/xsd:sequence>&#xD;
    &lt;/xsd:complexType>&#xD;
    &lt;xsd:complexType name=&quot;schemaVersionType&quot;>&#xD;
        &lt;xsd:sequence>&#xD;
            &lt;xsd:element name=&quot;id&quot; type=&quot;xsd:string&quot; minOccurs=&quot;0&quot;/>&#xD;
        &lt;/xsd:sequence>&#xD;
    &lt;/xsd:complexType>&#xD;
    &lt;xsd:complexType name=&quot;parseOptionsType&quot;>&#xD;
        &lt;xsd:sequence>&#xD;
            &lt;xsd:element name=&quot;headerLinesToIgnore&quot; type=&quot;xsd:byte&quot; minOccurs=&quot;0&quot;/>&#xD;
            &lt;xsd:element name=&quot;charset&quot; type=&quot;charsetType&quot; minOccurs=&quot;0&quot;/>&#xD;
            &lt;xsd:element name=&quot;type&quot; type=&quot;fileType&quot; minOccurs=&quot;0&quot;/>&#xD;
            &lt;xsd:element name=&quot;fieldsEnclosedBy&quot; type=&quot;xsd:string&quot; minOccurs=&quot;0&quot;/>&#xD;
            &lt;xsd:element name=&quot;fieldsDelimitedBy&quot; type=&quot;xsd:string&quot; minOccurs=&quot;0&quot;/>   &#xD;
            &lt;xsd:element name=&quot;ignoreLeadingWhitespaces&quot; type=&quot;xsd:boolean&quot; minOccurs=&quot;0&quot;/>&#xD;
            &lt;xsd:element name=&quot;ignoreTrailingExtraFields&quot; type=&quot;xsd:boolean&quot; minOccurs=&quot;0&quot;/>&#xD;
            &lt;xsd:element name=&quot;ignoreTrailingMissingFields&quot; type=&quot;xsd:boolean&quot; minOccurs=&quot;0&quot;/>&#xD;
            &lt;xsd:element name=&quot;ignoreTrailingWhitespaces&quot; type=&quot;xsd:boolean&quot; minOccurs=&quot;0&quot;/>&#xD;
        &lt;/xsd:sequence>&#xD;
    &lt;/xsd:complexType>&#xD;
    &lt;xsd:complexType name=&quot;charsetType&quot;>&#xD;
        &lt;xsd:sequence>&#xD;
            &lt;xsd:element name=&quot;id&quot; type=&quot;xsd:string&quot; minOccurs=&quot;0&quot;/>&#xD;
        &lt;/xsd:sequence>&#xD;
    &lt;/xsd:complexType>&#xD;
    &lt;xsd:complexType name=&quot;fileType&quot;>&#xD;
        &lt;xsd:sequence>&#xD;
            &lt;xsd:element name=&quot;id&quot; type=&quot;xsd:string&quot; minOccurs=&quot;0&quot;/>&#xD;
        &lt;/xsd:sequence>&#xD;
    &lt;/xsd:complexType>&#xD;
&lt;/xsd:schema></cc:text>
                    </cc:message>
                </cc:write>
                <cc:xml-to-json id="XMLToJSON" schema="variable" schema-variable="vPrismTableLoadSchema"/>
                <cc:copy id="JsonToVar" output="variable" output-variable="prism.table.schema" input="rootpart"/>
            </cc:steps>
            <cc:send-error id="SendError" routes-to="PutIntegrationMessage1"/>
        </cc:async-mediation>
        <cc:async-mediation id="ConvertSchemaFromJSON" routes-to="CleanSchemaFile">
            <cc:steps>
                <cc:copy id="CopyFromVar" output-mimetype="application/json" input="variable" input-variable="prism.table.json"/>
                <cc:json-to-xml id="JSONToXML" output="variable" output-variable="vSchemaXML" input="message"/>
            </cc:steps>
        </cc:async-mediation>
        <cc:async-mediation id="TableSchema" routes-to="ConvertSchemaFromJSON">
            <cc:steps>
                <cc:write id="Write" output="variable" output-variable="prism.table.json">
                    <cc:message>
                        <cc:text>{&#xD;
    &quot;id&quot;: &quot;9df747067bd90128fe57f74832dc0000&quot;,&#xD;
    &quot;parseOptions&quot;: {&#xD;
        &quot;id&quot;: &quot;9df747067bd90128fe57f7e255510010&quot;,&#xD;
        &quot;fieldsDelimitedBy&quot;: &quot;,&quot;,&#xD;
        &quot;type&quot;: {&#xD;
            &quot;descriptor&quot;: &quot;Delimited&quot;,&#xD;
            &quot;id&quot;: &quot;fdd7dd261566100066331afdbc060074&quot;&#xD;
        },&#xD;
        &quot;ignoreTrailingWhitespaces&quot;: true,&#xD;
        &quot;ignoreTrailingWhitespacesInQuotes&quot;: false,&#xD;
        &quot;ignoreTrailingMissingFields&quot;: false,&#xD;
        &quot;ignoreTrailingExtraFields&quot;: false,&#xD;
        &quot;ignoreLeadingWhitespacesInQuotes&quot;: false,&#xD;
        &quot;ignoreLeadingWhitespaces&quot;: true,&#xD;
        &quot;fieldsEnclosingCharacterEscapedBy&quot;: &quot;\&quot;&quot;,&#xD;
        &quot;charset&quot;: {&#xD;
            &quot;descriptor&quot;: &quot;UTF-8&quot;,&#xD;
            &quot;id&quot;: &quot;fdd7dd26156610006705272af5200093&quot;&#xD;
        },&#xD;
        &quot;commentCharacter&quot;: &quot;\\0&quot;,&#xD;
        &quot;fieldsEnclosedBy&quot;: &quot;\&quot;&quot;,&#xD;
        &quot;headerLinesToIgnore&quot;: 1&#xD;
    },&#xD;
    &quot;schemaVersion&quot;: {&#xD;
        &quot;descriptor&quot;: &quot;1.0&quot;,&#xD;
        &quot;id&quot;: &quot;fdd7dd26156610001d386a53b1430035&quot;&#xD;
    },&#xD;
    &quot;fields&quot;: [&#xD;
        {&#xD;
            &quot;id&quot;: &quot;9df747067bd90128fe57f7e255510000&quot;,&#xD;
            &quot;ordinal&quot;: 1,&#xD;
            &quot;type&quot;: {&#xD;
                &quot;descriptor&quot;: &quot;Text&quot;,&#xD;
                &quot;id&quot;: &quot;fdd7dd26156610006a12d4fd1ea300ce&quot;&#xD;
            },&#xD;
            &quot;name&quot;: &quot;Project_by_ID&quot;,&#xD;
            &quot;useAsOperationKey&quot;: false&#xD;
        },&#xD;
        {&#xD;
            &quot;id&quot;: &quot;9df747067bd90128fe57f74832dc0002&quot;,&#xD;
            &quot;name&quot;: &quot;Project_by_Name&quot;,&#xD;
            &quot;type&quot;: {&#xD;
                &quot;descriptor&quot;: &quot;Text&quot;,&#xD;
                &quot;id&quot;: &quot;fdd7dd26156610006a12d4fd1ea300ce&quot;&#xD;
            },&#xD;
            &quot;ordinal&quot;: 2,&#xD;
            &quot;useAsOperationKey&quot;: false&#xD;
        },&#xD;
        {&#xD;
            &quot;id&quot;: &quot;9df747067bd90128fe57f7e25551000f&quot;,&#xD;
            &quot;name&quot;: &quot;Project_Company&quot;,&#xD;
            &quot;type&quot;: {&#xD;
                &quot;descriptor&quot;: &quot;Text&quot;,&#xD;
                &quot;id&quot;: &quot;fdd7dd26156610006a12d4fd1ea300ce&quot;&#xD;
            },&#xD;
            &quot;ordinal&quot;: 3,&#xD;
            &quot;useAsOperationKey&quot;: false&#xD;
        },&#xD;
        {&#xD;
            &quot;id&quot;: &quot;9df747067bd90128fe57f7e25551000e&quot;,&#xD;
            &quot;ordinal&quot;: 4,&#xD;
            &quot;type&quot;: {&#xD;
                &quot;descriptor&quot;: &quot;Text&quot;,&#xD;
                &quot;id&quot;: &quot;fdd7dd26156610006a12d4fd1ea300ce&quot;&#xD;
            },&#xD;
            &quot;name&quot;: &quot;Primary_Project_Hierarchy&quot;,&#xD;
            &quot;useAsOperationKey&quot;: false&#xD;
        },&#xD;
        {&#xD;
            &quot;id&quot;: &quot;9df747067bd90128fe57f7e25551000d&quot;,&#xD;
            &quot;ordinal&quot;: 5,&#xD;
            &quot;type&quot;: {&#xD;
                &quot;descriptor&quot;: &quot;Text&quot;,&#xD;
                &quot;id&quot;: &quot;fdd7dd26156610006a12d4fd1ea300ce&quot;&#xD;
            },&#xD;
            &quot;name&quot;: &quot;Customer_ID&quot;,&#xD;
            &quot;useAsOperationKey&quot;: false&#xD;
        },&#xD;
        {&#xD;
            &quot;id&quot;: &quot;9df747067bd90128fe57f7e25551000c&quot;,&#xD;
            &quot;ordinal&quot;: 6,&#xD;
            &quot;type&quot;: {&#xD;
                &quot;descriptor&quot;: &quot;Text&quot;,&#xD;
                &quot;id&quot;: &quot;fdd7dd26156610006a12d4fd1ea300ce&quot;&#xD;
            },&#xD;
            &quot;name&quot;: &quot;Customer&quot;,&#xD;
            &quot;useAsOperationKey&quot;: false&#xD;
        },&#xD;
        {&#xD;
            &quot;id&quot;: &quot;9df747067bd90128fe57f7e25551000b&quot;,&#xD;
            &quot;type&quot;: {&#xD;
                &quot;descriptor&quot;: &quot;Date&quot;,&#xD;
                &quot;id&quot;: &quot;fdd7dd26156610006a71e070b08200d6&quot;&#xD;
            },&#xD;
            &quot;ordinal&quot;: 7,&#xD;
            &quot;useAsOperationKey&quot;: false,&#xD;
            &quot;name&quot;: &quot;Project_Start_Date&quot;,&#xD;
            &quot;parseFormat&quot;: &quot;MM/dd/yy&quot;&#xD;
        },&#xD;
        {&#xD;
            &quot;id&quot;: &quot;9df747067bd90128fe57f7e25551000a&quot;,&#xD;
            &quot;useAsOperationKey&quot;: false,&#xD;
            &quot;name&quot;: &quot;Project_End_Date&quot;,&#xD;
            &quot;parseFormat&quot;: &quot;MM/dd/yy&quot;,&#xD;
            &quot;type&quot;: {&#xD;
                &quot;descriptor&quot;: &quot;Date&quot;,&#xD;
                &quot;id&quot;: &quot;fdd7dd26156610006a71e070b08200d6&quot;&#xD;
            },&#xD;
            &quot;ordinal&quot;: 8&#xD;
        },&#xD;
        {&#xD;
            &quot;id&quot;: &quot;9df747067bd90128fe57f7e255510009&quot;,&#xD;
            &quot;useAsOperationKey&quot;: false,&#xD;
            &quot;name&quot;: &quot;Project_Status&quot;,&#xD;
            &quot;type&quot;: {&#xD;
                &quot;descriptor&quot;: &quot;Text&quot;,&#xD;
                &quot;id&quot;: &quot;fdd7dd26156610006a12d4fd1ea300ce&quot;&#xD;
            },&#xD;
            &quot;ordinal&quot;: 9&#xD;
        },&#xD;
        {&#xD;
            &quot;id&quot;: &quot;9df747067bd90128fe57f7e255510008&quot;,&#xD;
            &quot;type&quot;: {&#xD;
                &quot;descriptor&quot;: &quot;Text&quot;,&#xD;
                &quot;id&quot;: &quot;fdd7dd26156610006a12d4fd1ea300ce&quot;&#xD;
            },&#xD;
            &quot;ordinal&quot;: 10,&#xD;
            &quot;useAsOperationKey&quot;: false,&#xD;
            &quot;name&quot;: &quot;Resource_Plan_Project_Role&quot;&#xD;
        },&#xD;
        {&#xD;
            &quot;id&quot;: &quot;9df747067bd90128fe57f7e255510007&quot;,&#xD;
            &quot;type&quot;: {&#xD;
                &quot;descriptor&quot;: &quot;Text&quot;,&#xD;
                &quot;id&quot;: &quot;fdd7dd26156610006a12d4fd1ea300ce&quot;&#xD;
            },&#xD;
            &quot;ordinal&quot;: 11,&#xD;
            &quot;useAsOperationKey&quot;: false,&#xD;
            &quot;name&quot;: &quot;Worker_Group_DRP&quot;&#xD;
        },&#xD;
        {&#xD;
            &quot;id&quot;: &quot;9df747067bd90128fe57f7e255510006&quot;,&#xD;
            &quot;name&quot;: &quot;Worker_ID&quot;,&#xD;
            &quot;type&quot;: {&#xD;
                &quot;descriptor&quot;: &quot;Text&quot;,&#xD;
                &quot;id&quot;: &quot;fdd7dd26156610006a12d4fd1ea300ce&quot;&#xD;
            },&#xD;
            &quot;ordinal&quot;: 12,&#xD;
            &quot;useAsOperationKey&quot;: false&#xD;
        },&#xD;
        {&#xD;
            &quot;id&quot;: &quot;9df747067bd90128fe57f7e255510005&quot;,&#xD;
            &quot;type&quot;: {&#xD;
                &quot;descriptor&quot;: &quot;Text&quot;,&#xD;
                &quot;id&quot;: &quot;fdd7dd26156610006a12d4fd1ea300ce&quot;&#xD;
            },&#xD;
            &quot;ordinal&quot;: 13,&#xD;
            &quot;useAsOperationKey&quot;: false,&#xD;
            &quot;name&quot;: &quot;Worker_Name_and_ID&quot;&#xD;
        },&#xD;
        {&#xD;
            &quot;id&quot;: &quot;9df747067bd90128fe57f7e255510004&quot;,&#xD;
            &quot;parseFormat&quot;: &quot;MM/dd/yy&quot;,&#xD;
            &quot;ordinal&quot;: 14,&#xD;
            &quot;type&quot;: {&#xD;
                &quot;descriptor&quot;: &quot;Date&quot;,&#xD;
                &quot;id&quot;: &quot;fdd7dd26156610006a71e070b08200d6&quot;&#xD;
            },&#xD;
            &quot;name&quot;: &quot;Resource_Start_Date&quot;,&#xD;
            &quot;useAsOperationKey&quot;: false&#xD;
        },&#xD;
        {&#xD;
            &quot;id&quot;: &quot;9df747067bd90128fe57f7e255510003&quot;,&#xD;
            &quot;type&quot;: {&#xD;
                &quot;descriptor&quot;: &quot;Date&quot;,&#xD;
                &quot;id&quot;: &quot;fdd7dd26156610006a71e070b08200d6&quot;&#xD;
            },&#xD;
            &quot;name&quot;: &quot;Resource_End_Date&quot;,&#xD;
            &quot;useAsOperationKey&quot;: false,&#xD;
            &quot;parseFormat&quot;: &quot;MM/dd/yy&quot;,&#xD;
            &quot;ordinal&quot;: 15&#xD;
        },&#xD;
        {&#xD;
            &quot;id&quot;: &quot;9df747067bd90128fe57f7e255510002&quot;,&#xD;
            &quot;ordinal&quot;: 16,&#xD;
            &quot;type&quot;: {&#xD;
                &quot;descriptor&quot;: &quot;Text&quot;,&#xD;
                &quot;id&quot;: &quot;fdd7dd26156610006a12d4fd1ea300ce&quot;&#xD;
            },&#xD;
            &quot;name&quot;: &quot;Is_Capital_Project&quot;,&#xD;
            &quot;useAsOperationKey&quot;: false&#xD;
        },&#xD;
        {&#xD;
            &quot;id&quot;: &quot;9df747067bd90128fe57f7e255510001&quot;,&#xD;
            &quot;useAsOperationKey&quot;: false,&#xD;
            &quot;name&quot;: &quot;Project_Cost_Center&quot;,&#xD;
            &quot;type&quot;: {&#xD;
                &quot;descriptor&quot;: &quot;Text&quot;,&#xD;
                &quot;id&quot;: &quot;fdd7dd26156610006a12d4fd1ea300ce&quot;&#xD;
            },&#xD;
            &quot;ordinal&quot;: 17&#xD;
        },&#xD;
        {&#xD;
            &quot;id&quot;: &quot;9df747067bd90128fe57f74832dc0001&quot;,&#xD;
            &quot;name&quot;: &quot;Project_Resource_Plan&quot;,&#xD;
            &quot;type&quot;: {&#xD;
                &quot;descriptor&quot;: &quot;Text&quot;,&#xD;
                &quot;id&quot;: &quot;fdd7dd26156610006a12d4fd1ea300ce&quot;&#xD;
            },&#xD;
            &quot;ordinal&quot;: 18,&#xD;
            &quot;useAsOperationKey&quot;: false&#xD;
        }&#xD;
    ]&#xD;
}</cc:text>
                    </cc:message>
                </cc:write>
            </cc:steps>
        </cc:async-mediation>
        <cc:local-in id="PrismIngest" routes-to="TableSchema"/>
        <cc:local-out id="PutIntegrationMessage0" endpoint="vm://wcc/PutIntegrationMessage">
            <cc:set name="is.message.severity" value="'ERROR'"/>
            <cc:set name="is.message.summary" value="context.errorMessage"/>
        </cc:local-out>
        <cc:async-mediation id="SaveReport" handle-downstream-errors="false">
            <cc:steps>
                <cc:xslt id="Xslt" url="Transform.xsl"/>
                <cc:copy id="CopyReportToVar" output="variable" output-variable="prism.csv.input" input="message"/>
                <cc:store id="StoreReport" output="variable" output-variable="report.output" input="variable" input-variable="prism.csv.input" expiresIn="P@{props['ia.doc.retention.days']}D" title="Report Output.csv"/>
            </cc:steps>
            <cc:send-error id="SendError" routes-to="PutIntegrationMessage0"/>
        </cc:async-mediation>
        <cc:workday-out-rest id="WorkdayOutRest" routes-response-to="SaveReport" extra-path="@{intsys.reportService.getExtrapath('Fin_Project_Resource')}"/>
        <cc:local-in id="RetrieveReport" routes-to="WorkdayOutRest"/>
        <cc:local-out id="CallPrismIngest" store-message="none" endpoint="vm://FIN_Project_Resource_Prism_Ingest/PrismIngest"/>
        <cc:local-out id="CallRetrieveReport" store-message="none" routes-response-to="CallPrismIngest" endpoint="vm://FIN_Project_Resource_Prism_Ingest/RetrieveReport"/>
        <cc:async-mediation id="Initialize" routes-to="CallRetrieveReport">
            <cc:steps>
                <cc:eval id="Eval">
                    <cc:expression>props['ia.client.id'] = intsys.getAttribute('Prism Client ID')</cc:expression>
                    <cc:expression>props['ia.client.secret'] = intsys.getAttribute('Prism Client Secret')</cc:expression>
                    <cc:expression>props['ia.refresh.token'] = intsys.getAttribute('Prism Refresh Token')</cc:expression>
                    <cc:expression>props['ia.host.api.address'] = intsys.getAttribute('Prism API Host Address')</cc:expression>
                    <cc:expression>props['ia.doc.retention.days'] = intsys.getAttribute('Document Retention Days')</cc:expression>
                    <cc:expression>props['ia.prism.operation'] = intsys.getAttribute('Prism Operation')</cc:expression>
                    <cc:expression>props['table.name'] = lp.getSimpleData('Table Name')</cc:expression>
                </cc:eval>
            </cc:steps>
        </cc:async-mediation>
        <cc:workday-in id="StartHere" routes-to="Initialize">
            <cc:integration-system name="FIN Project Resource Prism Ingest">
        <cloud:param name="Table Name">
          <cloud:type>
            <cloud:simple-type>text</cloud:simple-type>
          </cloud:type>
          <cloud:default>
            <cloud:text>FIN_BDS_RPT_Project_Resource_Table</cloud:text>
          </cloud:default>
        </cloud:param>
        <cloud:attribute-map-service name="Prism_Resource_Ingest_Attribute">
          <cloud:attribute name="Prism Client ID">
            <cloud:type>
              <cloud:simple-type>text</cloud:simple-type>
            </cloud:type>
          </cloud:attribute>
          <cloud:attribute name="Prism Client Secret">
            <cloud:type>
              <cloud:simple-type>text</cloud:simple-type>
            </cloud:type>
          </cloud:attribute>
          <cloud:attribute name="Prism Refresh Token">
            <cloud:type>
              <cloud:simple-type>text</cloud:simple-type>
            </cloud:type>
          </cloud:attribute>
          <cloud:attribute name="Prism API Host Address">
            <cloud:type>
              <cloud:simple-type>text</cloud:simple-type>
            </cloud:type>
          </cloud:attribute>
          <cloud:attribute name="Document Retention Days">
            <cloud:type>
              <cloud:simple-type>number</cloud:simple-type>
            </cloud:type>
          </cloud:attribute>
          <cloud:attribute name="Prism Operation">
            <cloud:type>
              <cloud:simple-type>text</cloud:simple-type>
            </cloud:type>
          </cloud:attribute>
        </cloud:attribute-map-service>
        <cloud:report-service name="Prism_Resource_Ingest_Report">
          <cloud:report-alias description="RPT - FIN - Project Resources Ingest for Prism" name="Fin_Project_Resource">
            <cloud:report-reference description="RPT - FIN - Project Resources Ingest for Prism" type="WID">412b27cb06d6010b8910a0df8ba00000</cloud:report-reference>
          </cloud:report-alias>
        </cloud:report-service>
      </cc:integration-system>
        </cc:workday-in>
	</cc:assembly>

</beans>