<?xml version="1.0" encoding="UTF-8"?>
<wdnm:Diagram xmlns:wdnm="http://workday.com/studio/editors/notation">
  <element href="assembly.xml#WorkdayAssembly"/>
  <visualProperties>
    <element href="assembly.xml#StartHere"/>
  </visualProperties>
  <visualProperties>
    <element href="assembly.xml#AsyncMediation"/>
  </visualProperties>
  <visualProperties>
    <element href="assembly.xml#HttpOut"/>
  </visualProperties>
  <visualProperties x="900" y="188">
    <element href="assembly.xml#AsyncMediation1"/>
  </visualProperties>
  <visualProperties x="1019" y="188">
    <element href="assembly.xml#AsyncMediation0"/>
  </visualProperties>
  <visualProperties x="1198" y="188">
    <element href="assembly.xml#HttpOut0"/>
  </visualProperties>
  <visualProperties x="1333" y="188">
    <element href="assembly.xml#AsyncMediation2"/>
  </visualProperties>
  <connections type="routesTo" sourceAnchorX="0.8348623853211009" sourceAnchorY="1.0" targetAnchorX="0.2047244094488189" targetAnchorY="0.5217391304347826">
    <source href="assembly.xml#StartHere"/>
    <target href="assembly.xml#AsyncMediation"/>
  </connections>
  <connections type="routesTo" sourceAnchorX="1.0" sourceAnchorY="0.4148936170212766" targetAnchorX="0.3673469387755102" targetAnchorY="0.05405405405405406">
    <source href="assembly.xml#AsyncMediation"/>
    <target href="assembly.xml#HttpOut"/>
  </connections>
  <connections type="routesResponseTo" sourceAnchorX="1.0" sourceAnchorY="0.3380281690140845" targetAnchorX="0.23880597014925373" targetAnchorY="0.7021276595744681">
    <source href="assembly.xml#HttpOut"/>
    <target href="assembly.xml#AsyncMediation1"/>
  </connections>
  <connections type="routesTo" sourceAnchorX="0.7551724137931034" sourceAnchorY="1.0" targetAnchorX="0.27611940298507465" targetAnchorY="0.6086956521739131">
    <source href="assembly.xml#AsyncMediation1"/>
    <target href="assembly.xml#AsyncMediation0"/>
  </connections>
  <connections type="routesTo" sourceAnchorX="1.0" sourceAnchorY="0.30851063829787234" targetAnchorX="0.20952380952380953" targetAnchorY="0.21621621621621623">
    <source href="assembly.xml#AsyncMediation0"/>
    <target href="assembly.xml#HttpOut0"/>
  </connections>
  <connections type="routesResponseTo" sourceAnchorX="0.6095238095238096" sourceAnchorY="1.0" targetAnchorX="0.15671641791044777" targetAnchorY="0.5760869565217391">
    <source href="assembly.xml#HttpOut0"/>
    <target href="assembly.xml#AsyncMediation2"/>
  </connections>
  <swimlanes x="186" y="114" name="Swimlane">
    <elements href="assembly.xml#StartHere"/>
    <elements href="assembly.xml#AsyncMediation"/>
    <elements href="assembly.xml#HttpOut"/>
    <elements href="assembly.xml#AsyncMediation1"/>
    <elements href="assembly.xml#AsyncMediation0"/>
    <elements href="assembly.xml#HttpOut0"/>
    <elements href="assembly.xml#AsyncMediation2"/>
  </swimlanes>
</wdnm:Diagram>
