<?xml version="1.0" encoding="UTF-8"?>
<beans
     xmlns="http://www.springframework.org/schema/beans"
     xmlns:beans="http://www.springframework.org/schema/beans"
     xmlns:atom="http://www.w3.org/2005/Atom"
     xmlns:cc="http://www.capeclear.com/assembly/10"
     xmlns:cloud="urn:com.workday/esb/cloud/10.0"
     xmlns:env="http://schemas.xmlsoap.org/soap/envelope/"
     xmlns:pi="urn:com.workday/picof"
     xmlns:wd="urn:com.workday/bsvc"
     xmlns:xsi="http://www.w3.org/2001/XMLSchema-instance">
 
	<cc:assembly id="WorkdayAssembly" version="2024.37">
        <cc:http-out id="HttpOut" routes-response-to="AsyncMediation1" endpoint="https://wd2-impl-services1.workday.com/ccx/oauth2/alight_pt8/token" http-method="POST">
            <cc:http-basic-auth password="@{props['client.secret']}" username="@{props['client.id']}"/>
        </cc:http-out>
        <cc:async-mediation id="AsyncMediation" routes-to="HttpOut">
            <cc:steps>
                <cc:write id="Write" output-mimetype="text/plain">
                    <cc:message>
                        <cc:text>grant_type=refresh_token&amp;refresh_token=4mpsur3d114p9hagnof6ar2dif2n2mgpwhfoiubjcf5yvn7j0sn2jwgzmigfsp2k0pzwbhhnksi1gd06p74s1kkse8splkxbwxv</cc:text>
                    </cc:message>
                </cc:write>
                <cc:log id="Log">
                    <cc:log-message>
                        
                        <cc:text>*********************************************************************************************************************8</cc:text>
                        <cc:message-content/><cc:text>*********************************************************************************************************************8</cc:text>
                    </cc:log-message>
                </cc:log>
                <cc:eval id="Eval">
                    <cc:expression>props['client.secret'] = 'mbz4muezz2dcuzsaem2u5jyx1sgbtzv25e4cvvqeo22ldqlwgaali6hdln6m3r78316oczn3qfyiqdj0qlil4tqvgz7re2np1jx'</cc:expression>
                    <cc:expression>props['client.id'] = 'OWZmM2NhNTEtMDY5NS00Y2YzLWE2Y2MtZGU3YWRiMWJmZGQ3'</cc:expression>
                    <cc:expression>props['End_Point'] = 'https://jsonplaceholder.typicode.com/posts'</cc:expression>
                </cc:eval>
            </cc:steps>
        </cc:async-mediation>
        <cc:workday-in id="StartHere" routes-to="AsyncMediation">
            <cc:integration-system name="VSR_Workday_To_Studio_Then_Outside_System_Dynamically"/>
        </cc:workday-in>
        <cc:async-mediation id="AsyncMediation1" routes-to="AsyncMediation0">
            <cc:steps>
                <cc:log id="Log">
                    <cc:log-message>
                        <cc:text>******************************JSON Data ***********************************</cc:text>
                        <cc:message-content/>
                        <cc:text>******************************JSON Data ***********************************</cc:text>
                    </cc:log-message>
                </cc:log>
                <cc:json-to-xml id="JsonToXml"/>
                <cc:log id="Log0">
                    <cc:log-message>
                        <cc:text>******************************JSON to XML  ***********************************</cc:text>
                        <cc:message-content/>
                        <cc:text>******************************JSON to XML  ***********************************</cc:text>
                    </cc:log-message>
                </cc:log>
                <cc:eval id="Eval">
                    <cc:expression>props['Access_Token'] = parts[0].xpath(&quot;root/data/access_token&quot;)</cc:expression>
                </cc:eval>
                <cc:log id="Log1">
                    <cc:log-message>
                        <cc:text>*******************Access Token**************************&#xD;
props['Access_Token'] : @{props['Access_Token']}</cc:text>
                        <cc:text>*******************Access Token**************************</cc:text>
                    </cc:log-message>
                </cc:log>
            </cc:steps>
        </cc:async-mediation>
        <cc:async-mediation id="AsyncMediation0" routes-to="HttpOut0">
            <cc:steps>
                <cc:set-headers id="SetHeaders"><cc:remove-headers/><cc:add-headers>
    <cc:add-header name="Authorization" value="Bearer @{props['Access_Token']}"/>
    <cc:add-header name="Content-Type" value="application/json"/>
</cc:add-headers></cc:set-headers>
                <cc:write id="Write">
                    <cc:message>
                        <cc:text>{&#xD;
    &quot;title&quot;: &quot;Vitthal&quot;,&#xD;
    &quot;body&quot;: &quot;Rawool&quot;,&#xD;
    &quot;userId&quot;: 120701&#xD;
}&#xD;
</cc:text>
                    </cc:message>
                </cc:write>
            </cc:steps>
        </cc:async-mediation>
        <cc:http-out id="HttpOut0" routes-response-to="AsyncMediation2" endpoint="@{props['End_Point']}" http-method="POST"/>
        <cc:async-mediation id="AsyncMediation2">
            <cc:steps>
                <cc:log id="Log0">
                    <cc:log-message>
                        <cc:text>************************Response from External System JSON**************************8</cc:text>
                        <cc:message-content/>
                        <cc:text>************************Response from External System JSON**************************8</cc:text>
                    </cc:log-message>
                </cc:log>
                <cc:json-to-xml id="JsonToXml"/>
                <cc:log id="Log">
                    <cc:log-message>
                        <cc:text>************************Response from External System XML**************************8</cc:text>
                        <cc:message-content/>
                        <cc:text>************************Response from External System XML**************************8</cc:text>
                    </cc:log-message>
                </cc:log>
            </cc:steps>
        </cc:async-mediation>
	</cc:assembly>

</beans>