<?xml version="1.0" encoding="UTF-8"?>
<wdnm:Diagram xmlns:wdnm="http://workday.com/studio/editors/notation">
  <element href="assembly.xml#WorkdayAssembly"/>
  <visualProperties x="59" y="72">
    <element href="assembly.xml#StartHere"/>
  </visualProperties>
  <visualProperties x="269" y="148">
    <element href="assembly.xml#WorkdayOutRest"/>
  </visualProperties>
  <visualProperties x="471" y="108">
    <element href="assembly.xml#StoreReport"/>
  </visualProperties>
  <visualProperties x="791" y="98">
    <element href="assembly.xml#CreateXML"/>
  </visualProperties>
  <visualProperties x="1051" y="108">
    <element href="assembly.xml#BuildDahboard"/>
  </visualProperties>
  <visualProperties x="75" y="262">
    <element href="assembly.xml#BuildDashboard"/>
  </visualProperties>
  <visualProperties x="278" y="305">
    <element href="assembly.xml#Route"/>
  </visualProperties>
  <visualProperties x="732" y="255">
    <element href="assembly.xml#CreateSectionData"/>
  </visualProperties>
  <visualProperties x="562" y="240">
    <element href="assembly.xml#HeaderAndDeclarations"/>
  </visualProperties>
  <visualProperties x="595" y="465">
    <element href="assembly.xml#ChartJSDesc"/>
  </visualProperties>
  <visualProperties x="586" y="577">
    <element href="assembly.xml#CreateChartData"/>
  </visualProperties>
  <visualProperties x="852" y="349">
    <element href="assembly.xml#Aggregator"/>
  </visualProperties>
  <visualProperties x="1042" y="360">
    <element href="assembly.xml#AsyncMediation"/>
  </visualProperties>
  <visualProperties x="631" y="626">
    <element href="assembly.xml#AsyncMediation0"/>
  </visualProperties>
  <visualProperties x="686" y="878">
    <element href="assembly.xml#CloseMain"/>
  </visualProperties>
  <visualProperties x="177" y="167">
    <element href="assembly.xml#InitLaunch"/>
  </visualProperties>
  <visualProperties x="823" y="144">
    <element href="assembly.xml#CallRetriveInputFile"/>
  </visualProperties>
  <visualProperties x="292" y="1097">
    <element href="assembly.xml#RetrieveInputFile"/>
  </visualProperties>
  <visualProperties x="434" y="1105">
    <element href="assembly.xml#GetEventDocuments"/>
  </visualProperties>
  <visualProperties x="656" y="1116">
    <element href="assembly.xml#InputFileCheck"/>
  </visualProperties>
  <visualProperties x="818" y="1136">
    <element href="assembly.xml#GetDetailsfromFile"/>
  </visualProperties>
  <visualProperties x="1098" y="1152">
    <element href="assembly.xml#Aggregator0"/>
  </visualProperties>
  <visualProperties x="1160" y="1139">
    <element href="assembly.xml#Aggregate"/>
  </visualProperties>
  <visualProperties x="824" y="118">
    <element href="assembly.xml#ConvertToCSV"/>
  </visualProperties>
  <visualProperties x="707" y="154">
    <element href="assembly.xml#CallAggregator"/>
  </visualProperties>
  <visualProperties x="836" y="1148">
    <element href="assembly.xml#CallAggregate"/>
  </visualProperties>
  <visualProperties x="1307" y="99">
    <element href="assembly.xml#StopAggregator"/>
  </visualProperties>
  <visualProperties x="1373" y="470">
    <element href="assembly.xml#CallStopAggregator"/>
  </visualProperties>
  <visualProperties x="1894" y="135">
    <element href="assembly.xml#CallExclusion"/>
  </visualProperties>
  <visualProperties x="112" y="1255">
    <element href="assembly.xml#Exclusion"/>
  </visualProperties>
  <visualProperties x="198" y="1280">
    <element href="assembly.xml#RemoveExcludedReports"/>
  </visualProperties>
  <visualProperties x="430" y="1287">
    <element href="assembly.xml#NoExcludedReports"/>
  </visualProperties>
  <visualProperties x="92" y="231">
    <element href="assembly.xml#ErrorLaunch"/>
  </visualProperties>
  <visualProperties x="399" y="114">
    <element href="assembly.xml#CheckErrorRaaS"/>
  </visualProperties>
  <visualProperties x="365" y="231">
    <element href="assembly.xml#RaasReportError"/>
  </visualProperties>
  <visualProperties x="1389" y="284">
    <element href="assembly.xml#ErrorXSLT"/>
  </visualProperties>
  <visualProperties x="1160" y="1191">
    <element href="assembly.xml#CheckError"/>
  </visualProperties>
  <visualProperties x="866" y="1341">
    <element href="assembly.xml#ErrorAggregate"/>
  </visualProperties>
  <visualProperties x="2358" y="117">
    <element href="assembly.xml#AsyncMediation1"/>
  </visualProperties>
  <visualProperties x="2387" y="248">
    <element href="assembly.xml#ErrorBuildDashboard"/>
  </visualProperties>
  <connections type="routesResponseTo">
    <source href="assembly.xml#WorkdayOutRest"/>
    <target href="assembly.xml#StoreReport"/>
  </connections>
  <connections type="routesTo">
    <source href="assembly.xml#//@beans/@mixed.1/@route.0/@subRoute.1"/>
    <target href="assembly.xml#CreateSectionData"/>
  </connections>
  <connections type="routesTo">
    <source href="assembly.xml#//@beans/@mixed.1/@route.0/@subRoute.0"/>
    <target href="assembly.xml#HeaderAndDeclarations"/>
  </connections>
  <connections type="routesTo">
    <source href="assembly.xml#//@beans/@mixed.1/@route.0/@subRoute.2"/>
    <target href="assembly.xml#ChartJSDesc"/>
  </connections>
  <connections type="routesTo">
    <source href="assembly.xml#//@beans/@mixed.1/@route.0/@subRoute.3"/>
    <target href="assembly.xml#CreateChartData"/>
  </connections>
  <connections type="routesTo">
    <source href="assembly.xml#HeaderAndDeclarations"/>
    <target href="assembly.xml#Aggregator"/>
  </connections>
  <connections type="routesTo">
    <source href="assembly.xml#CreateSectionData"/>
    <target href="assembly.xml#Aggregator"/>
  </connections>
  <connections type="routesTo">
    <source href="assembly.xml#ChartJSDesc"/>
    <target href="assembly.xml#Aggregator"/>
  </connections>
  <connections type="routesTo">
    <source href="assembly.xml#CreateChartData"/>
    <target href="assembly.xml#Aggregator"/>
  </connections>
  <connections type="routesTo">
    <source href="assembly.xml#Aggregator"/>
    <target href="assembly.xml#AsyncMediation"/>
  </connections>
  <connections type="routesTo">
    <source href="assembly.xml#//@beans/@mixed.1/@route.0/@subRoute.4"/>
    <target href="assembly.xml#AsyncMediation0"/>
  </connections>
  <connections type="routesTo">
    <source href="assembly.xml#CloseMain"/>
    <target href="assembly.xml#Aggregator"/>
  </connections>
  <connections type="routesTo">
    <source href="assembly.xml#//@beans/@mixed.1/@route.0/@subRoute.5"/>
    <target href="assembly.xml#CloseMain"/>
  </connections>
  <connections type="routesTo">
    <source href="assembly.xml#StartHere"/>
    <target href="assembly.xml#InitLaunch"/>
  </connections>
  <connections type="routesTo">
    <source href="assembly.xml#BuildDashboard"/>
    <target href="assembly.xml#Route"/>
  </connections>
  <connections type="routesTo">
    <source href="assembly.xml#RetrieveInputFile"/>
    <target href="assembly.xml#GetEventDocuments"/>
  </connections>
  <connections type="routesResponseTo">
    <source href="assembly.xml#GetEventDocuments"/>
    <target href="assembly.xml#InputFileCheck"/>
  </connections>
  <connections type="routesTo">
    <source href="assembly.xml#InputFileCheck"/>
    <target href="assembly.xml#GetDetailsfromFile"/>
  </connections>
  <connections type="routesTo">
    <source href="assembly.xml#StoreReport"/>
    <target href="assembly.xml#CallAggregator"/>
  </connections>
  <connections type="routesResponseTo">
    <source href="assembly.xml#CallAggregator"/>
    <target href="assembly.xml#ConvertToCSV"/>
  </connections>
  <connections type="routesTo">
    <source href="assembly.xml#ConvertToCSV"/>
    <target href="assembly.xml#CallRetriveInputFile"/>
  </connections>
  <connections type="routesTo">
    <source href="assembly.xml#GetDetailsfromFile"/>
    <target href="assembly.xml#CallAggregate"/>
  </connections>
  <connections type="routesResponseTo">
    <source href="assembly.xml#CallRetriveInputFile"/>
    <target href="assembly.xml#StopAggregator"/>
  </connections>
  <connections type="routesTo">
    <source href="assembly.xml#StopAggregator"/>
    <target href="assembly.xml#CallStopAggregator"/>
  </connections>
  <connections type="routesTo">
    <source href="assembly.xml#Exclusion"/>
    <target href="assembly.xml#RemoveExcludedReports"/>
  </connections>
  <connections type="routesResponseTo">
    <source href="assembly.xml#CallStopAggregator"/>
    <target href="assembly.xml#CallExclusion"/>
  </connections>
  <connections type="routesResponseTo">
    <source href="assembly.xml#CallExclusion"/>
    <target href="assembly.xml#CreateXML"/>
  </connections>
  <connections type="routesTo">
    <source href="assembly.xml#RemoveExcludedReports"/>
    <target href="assembly.xml#NoExcludedReports"/>
  </connections>
  <connections type="routesTo">
    <source href="assembly.xml#//@beans/@mixed.1/@mixed.31/@mixed.3"/>
    <target href="assembly.xml#ErrorLaunch"/>
  </connections>
  <connections type="routesTo">
    <source href="assembly.xml#InitLaunch"/>
    <target href="assembly.xml#CheckErrorRaaS"/>
  </connections>
  <connections type="routesTo">
    <source href="assembly.xml#CheckErrorRaaS"/>
    <target href="assembly.xml#WorkdayOutRest"/>
  </connections>
  <connections type="routesTo">
    <source href="assembly.xml#//@beans/@mixed.1/@mixed.67/@mixed.3"/>
    <target href="assembly.xml#RaasReportError"/>
  </connections>
  <connections type="routesTo">
    <source href="assembly.xml#//@beans/@mixed.1/@mixed.5/@mixed.3"/>
    <target href="assembly.xml#ErrorXSLT"/>
  </connections>
  <connections type="routesTo">
    <source href="assembly.xml#//@beans/@mixed.1/@mixed.47/@mixed.3"/>
    <target href="assembly.xml#ErrorXSLT"/>
  </connections>
  <connections type="routesTo">
    <source href="assembly.xml#//@beans/@mixed.1/@mixed.7/@mixed.3"/>
    <target href="assembly.xml#ErrorXSLT"/>
  </connections>
  <connections type="routesTo">
    <source href="assembly.xml#Aggregate"/>
    <target href="assembly.xml#CheckError"/>
  </connections>
  <connections type="routesTo">
    <source href="assembly.xml#CheckError"/>
    <target href="assembly.xml#Aggregator0"/>
  </connections>
  <connections type="routesTo">
    <source href="assembly.xml#//@beans/@mixed.1/@mixed.73/@mixed.3"/>
    <target href="assembly.xml#ErrorAggregate"/>
  </connections>
  <connections type="routesTo">
    <source href="assembly.xml#CreateXML"/>
    <target href="assembly.xml#AsyncMediation1"/>
  </connections>
  <connections type="routesTo">
    <source href="assembly.xml#AsyncMediation1"/>
    <target href="assembly.xml#BuildDahboard"/>
  </connections>
  <connections type="routesTo">
    <source href="assembly.xml#//@beans/@mixed.1/@mixed.77/@mixed.3"/>
    <target href="assembly.xml#ErrorBuildDashboard"/>
  </connections>
  <swimlanes x="566" y="226" name="Swimlane" orientation="VERTICAL">
    <elements href="assembly.xml#HeaderAndDeclarations"/>
    <elements href="assembly.xml#CreateSectionData"/>
    <elements href="assembly.xml#ChartJSDesc"/>
    <elements href="assembly.xml#CreateChartData"/>
    <elements href="assembly.xml#AsyncMediation0"/>
    <elements href="assembly.xml#CloseMain"/>
  </swimlanes>
  <swimlanes x="53" y="37" name="Main processing">
    <elements href="assembly.xml#StartHere"/>
    <elements href="assembly.xml#InitLaunch"/>
    <elements href="assembly.xml#CheckErrorRaaS"/>
    <elements href="assembly.xml#WorkdayOutRest"/>
    <elements href="assembly.xml#StoreReport"/>
    <elements href="assembly.xml#CallAggregator"/>
    <elements href="assembly.xml#ConvertToCSV"/>
    <elements href="assembly.xml#CallRetriveInputFile"/>
    <elements href="assembly.xml#StopAggregator"/>
    <elements href="assembly.xml#CallStopAggregator"/>
    <elements href="assembly.xml#CallExclusion"/>
    <elements href="assembly.xml#CreateXML"/>
    <elements href="assembly.xml#AsyncMediation1"/>
    <elements href="assembly.xml#BuildDahboard"/>
  </swimlanes>
  <swimlanes x="64" y="259" name="Build Dashboard">
    <elements href="assembly.xml#BuildDashboard"/>
    <elements href="assembly.xml#Route"/>
    <elements href="#//@swimlanes.0"/>
    <elements href="assembly.xml#Aggregator"/>
    <elements href="assembly.xml#AsyncMediation"/>
  </swimlanes>
  <swimlanes x="77" y="1098" name="Retrieve Input File">
    <elements href="assembly.xml#RetrieveInputFile"/>
    <elements href="assembly.xml#GetEventDocuments"/>
    <elements href="assembly.xml#InputFileCheck"/>
    <elements href="assembly.xml#GetDetailsfromFile"/>
    <elements href="assembly.xml#CallAggregate"/>
  </swimlanes>
  <swimlanes x="77" y="1250" name="Exclusion List">
    <elements href="assembly.xml#Exclusion"/>
    <elements href="assembly.xml#RemoveExcludedReports"/>
    <elements href="assembly.xml#NoExcludedReports"/>
  </swimlanes>
  <swimlanes x="1085" y="1089" name="Aggregator" orientation="VERTICAL">
    <elements href="assembly.xml#Aggregate"/>
    <elements href="assembly.xml#CheckError"/>
    <elements href="assembly.xml#Aggregator0"/>
  </swimlanes>
</wdnm:Diagram>
