<?xml version="1.0" encoding="UTF-8"?>
<beans
     xmlns="http://www.springframework.org/schema/beans"
     xmlns:beans="http://www.springframework.org/schema/beans"
     xmlns:atom="http://www.w3.org/2005/Atom"
     xmlns:cc="http://www.capeclear.com/assembly/10"
     xmlns:cloud="urn:com.workday/esb/cloud/10.0"
     xmlns:env="http://schemas.xmlsoap.org/soap/envelope/"
     xmlns:pi="urn:com.workday/picof"
     xmlns:wd="urn:com.workday/bsvc"
     xmlns:xsi="http://www.w3.org/2001/XMLSchema-instance">
 
	<cc:assembly id="WorkdayAssembly" version="2017.35">
        <cc:async-mediation id="StorePayrollResultWID" routes-to="CallGetCheckID">
            <cc:steps>
                <cc:eval id="Eval">
                    <cc:expression>props['PayrollResultWID'] = parts[0].xpath('wd:Report_Data/wd:Report_Entry/wd:Payroll_Payments__All__group/wd:Payroll_Result/wd:ID[@wd:type=&quot;WID&quot;]')</cc:expression>
                </cc:eval>
                <cc:log id="Log">
                    <cc:log-message>
                        <cc:message-content/>
                    </cc:log-message>
                </cc:log>
            </cc:steps>
            <cc:send-error id="SendError" routes-to="PayrollResultErrors"/>
        </cc:async-mediation>
        <cc:workday-out-rest id="PayrollResultWIDReport" routes-response-to="StorePayrollResultWID" extra-path="@{intsys.reportService.getExtrapath('PayrollResultWID')}?Employee_ID=@{props['Employee_ID']}&amp;workdayID=@{props['PaymentWID']}"/>
        <cc:async-mediation id="StorePaymentWID" routes-to="PayrollResultWIDReport">
            <cc:steps>
                <cc:eval id="Eval">
                    <cc:expression>props['PaymentWID'] = parts[0].xpath('wd:Report_Data/wd:Report_Entry[wd:Payment_Type/@wd:Descriptor = &quot;eCheck&quot;]/wd:workdayID')</cc:expression>
                </cc:eval>
                <cc:log id="Log">
                    <cc:log-message>
                        <cc:message-content/>
                    </cc:log-message>
                </cc:log>
            </cc:steps>
            <cc:send-error id="SendError" routes-to="PaymentWIDError"/>
        </cc:async-mediation>
        <cc:workday-out-rest id="PaymentWIDReport" routes-response-to="StorePaymentWID" extra-path="@{intsys.reportService.getExtrapath('PaymentWID')}?Is_Intercompany=0&amp;Is_Direct_Intercompany=0&amp;Transaction_Reference=@{props['checknumber']}&amp;Payment_Amount_Less_Than=0&amp;Payment_Amount_Greater_Than=0&amp;Payment_Amount_Equal_To=0"/>
        <cc:workday-in id="StartHere" routes-to="StoreLPs">
            <cc:integration-system name="INT9002 Alight eChecks Payslip Outbound">
        <cloud:param name="Outsourced Payment Group">
          <cloud:type>
            <cloud:simple-type>text</cloud:simple-type>
          </cloud:type>
        </cloud:param>
        <cloud:param name="No Email">
          <cloud:type>
            <cloud:simple-type>boolean</cloud:simple-type>
          </cloud:type>
        </cloud:param>
        <cloud:param name="Attachment Only">
          <cloud:type>
            <cloud:simple-type>boolean</cloud:simple-type>
          </cloud:type>
        </cloud:param>
        <cloud:param name="DebugWID">
          <cloud:type>
            <cloud:simple-type>text</cloud:simple-type>
          </cloud:type>
        </cloud:param>
        <cloud:param name="EmployeeIDs-CommaSeparated">
          <cloud:type>
            <cloud:simple-type>text</cloud:simple-type>
          </cloud:type>
        </cloud:param>
        <cloud:attribute-map-service name="INT9040-eChecks">
          <cloud:attribute name="Payor Name">
            <cloud:type>
              <cloud:simple-type>text</cloud:simple-type>
            </cloud:type>
          </cloud:attribute>
          <cloud:attribute name="Payor Company Name">
            <cloud:type>
              <cloud:simple-type>text</cloud:simple-type>
            </cloud:type>
          </cloud:attribute>
          <cloud:attribute name="Company Address Line 1">
            <cloud:type>
              <cloud:simple-type>text</cloud:simple-type>
            </cloud:type>
          </cloud:attribute>
          <cloud:attribute name="Company Address Line 2">
            <cloud:type>
              <cloud:simple-type>text</cloud:simple-type>
            </cloud:type>
          </cloud:attribute>
          <cloud:attribute name="Company City">
            <cloud:type>
              <cloud:simple-type>text</cloud:simple-type>
            </cloud:type>
          </cloud:attribute>
          <cloud:attribute name="Company State">
            <cloud:type>
              <cloud:simple-type>text</cloud:simple-type>
            </cloud:type>
          </cloud:attribute>
          <cloud:attribute name="Company Zip">
            <cloud:type>
              <cloud:simple-type>text</cloud:simple-type>
            </cloud:type>
          </cloud:attribute>
          <cloud:attribute name="Skip Net Zero">
            <cloud:type>
              <cloud:simple-type>boolean</cloud:simple-type>
            </cloud:type>
          </cloud:attribute>
          <cloud:attribute name="Bank Account ID">
            <cloud:type>
              <cloud:simple-type>text</cloud:simple-type>
            </cloud:type>
          </cloud:attribute>
          <cloud:attribute name="Access Token">
            <cloud:type>
              <cloud:simple-type>text</cloud:simple-type>
            </cloud:type>
          </cloud:attribute>
          <cloud:attribute name="Client Secret">
            <cloud:type>
              <cloud:simple-type>text</cloud:simple-type>
            </cloud:type>
          </cloud:attribute>
          <cloud:attribute name="Memo">
            <cloud:type>
              <cloud:simple-type>text</cloud:simple-type>
            </cloud:type>
          </cloud:attribute>
          <cloud:attribute name="Client ID">
            <cloud:type>
              <cloud:simple-type>text</cloud:simple-type>
            </cloud:type>
          </cloud:attribute>
          <cloud:attribute name="API Endpoint">
            <cloud:type>
              <cloud:simple-type>text</cloud:simple-type>
            </cloud:type>
          </cloud:attribute>
          <cloud:attribute name="Personal Message">
            <cloud:type>
              <cloud:simple-type>text</cloud:simple-type>
            </cloud:type>
          </cloud:attribute>
        </cloud:attribute-map-service>
        <cloud:retrieval-service name="INT9040-eChecks-Retrieval"/>
        <cloud:report-service name="INT9040-eChecks-ReportService">
          <cloud:report-alias description="INT9040 eChecks US Outbound - Retrieve Payment WID by Transaction Reference" name="PaymentWID">
            <cloud:report-reference description="INT9040 eChecks - Retrieve Payment WID by Transaction Reference" type="WID">b704898eb03e0167a9970d2a480ae70f</cloud:report-reference>
          </cloud:report-alias>
          <cloud:report-alias description="INT9040 US eChecks Outbound - Retrieve Payroll Result WID from Payroll Payment WID" name="PayrollResultWID">
            <cloud:report-reference description="INT9040 eChecks - Retrieve Payroll Result WID from Payroll Payment WID" type="WID">be043639dc980166e7a14ef20d01c307</cloud:report-reference>
          </cloud:report-alias>
          <cloud:report-alias description="Payslip to Print - Report Design - eCheck" name="PayslipReport">
            <cloud:report-reference description="INT9040 eChecks - Payslip to Print - Report Design" type="WID">844458e92e480117e28fb470de036b11</cloud:report-reference>
          </cloud:report-alias>
        </cloud:report-service>
      </cc:integration-system>
        </cc:workday-in>
        <cc:async-mediation id="CopyBIRTResponse" routes-to="PdfPrintStep">
            <cc:steps>
                <cc:copy id="Copy" output="variable" output-variable="var.Report_Data"/>
            </cc:steps>
            <cc:send-error id="SendError" routes-to="BIRTResponseError"/>
        </cc:async-mediation>
        <cc:workday-out-rest id="BIRTReport" routes-response-to="CopyBIRTResponse" extra-path="@{intsys.reportService.getExtrapath('PayslipReport')}?Payroll_Results_Viewable_by_Worker!WID=@{props['PayrollResultWID']}"/>
        <cc:local-in id="RetrievePayslipPDF" routes-to="BIRTReport"/>
        <cc:async-mediation id="StorePDF" routes-to="SetAttachmentHeaders">
            <cc:steps>
                <cc:copy id="Copy" output="variable" output-mimetype="application/pdf" output-variable="payslippdf"/>
                <cc:copy id="Copy0" output="attachment" output-attachment-index="0"/>
                <cc:eval id="Eval00">
                    <cc:expression>parts[1].setHeader('Content-Disposition','form-data; name=&quot;file&quot;; filename=&quot;Payslip.pdf&quot;')</cc:expression>
                </cc:eval>
            </cc:steps>
            <cc:send-error id="SendError" routes-to="StorePDFError"/>
        </cc:async-mediation>
        <cc:local-out id="APISendError" endpoint="vm://wcc/PutIntegrationMessage">
            <cc:set name="is.message.severity" value="'ERROR'"/>
            <cc:set name="is.message.summary" value="'retrievestepfail.'"/>
            <cc:set name="is.message.detail" value="context.errorMessage"/>
            <cc:set name="is.message.storage.enabled" value="false"/>
        </cc:local-out>
        <cc:async-mediation id="RetrieveSessionToken" routes-to="AttachOnly">
            <cc:steps>
                <cc:log id="Log">
                    <cc:log-message>
                        <cc:message-content/>
                    </cc:log-message>
                </cc:log>
                <cc:json-to-xml id="JsonToXml" output-mimetype="text/xml"/>
                <cc:log id="Log0">
                    <cc:log-message>
                        <cc:message-content/>
                    </cc:log-message>
                </cc:log>
                <cc:store id="Store" output="variable" output-mimetype="text/plain" output-variable="resolveresponse" title="resolveresponse.txt"/>
                <cc:eval id="Eval">
                    <cc:expression>props['sessiontoken'] = parts[0].xpath('root/data/member/session_token')</cc:expression>
                </cc:eval>
            </cc:steps>
            <cc:send-error id="SendError" routes-to="APISendError"/>
        </cc:async-mediation>
        <cc:http-out id="LoginHttpOut" store-message="both" routes-response-to="RetrieveSessionToken" endpoint="https://@{props['APIEndpoint']}/v1/auth/login.json?client_id=@{props['client.id']}&amp;client_secret=@{props['client.secret']}&amp;token=@{props['Access.Token']}" http-method="POST"/>
        <cc:async-mediation id="TokenHeader" routes-to="LoginHttpOut">
            <cc:steps>
                <cc:write id="Write">
                    <cc:message>
                        <cc:text></cc:text>
                    </cc:message>
                </cc:write>
                <cc:set-headers id="SetHeaders">
                    <cc:remove-headers/>
                    <cc:add-headers>
                        <cc:add-header name="Content-Type" value="application/json"/>
                        <cc:add-header name="Accept" value="application/json"/>
                    </cc:add-headers>
                </cc:set-headers>
            </cc:steps>
        </cc:async-mediation>
        <cc:local-in id="RetrieveToken" routes-to="TokenHeader"/>
        <cc:local-in id="RetrieveReportDesign" routes-to="GetEventDocuments"/>
        <cc:route id="DocIterator">
            <cc:doc-iterator/>
            <cc:sub-route name="SubRoute" routes-to="CopytoReportDesign"/>
        </cc:route>
        <cc:async-mediation id="CopytoReportDesign">
            <cc:steps>
                <cc:copy id="Copy" output="variable" output-mimetype="text/plain" output-variable="var.Report_Design" input="variable" input-variable="wd.retrieve.variable"/>
            </cc:steps>
            <cc:send-error id="SendError" routes-to="RetrievalError"/>
        </cc:async-mediation>
        <cc:local-out id="CallRetrieveReportDesign" store-message="none" routes-response-to="CallEEIDs" endpoint="vm://INT9002-Alight-eChecks-Payslip-Outbound/RetrieveReportDesign"/>
        <cc:local-out id="CallRetrieveCheckData" store-message="none" endpoint="vm://INT9002-Alight-eChecks-Payslip-Outbound/RetrieveCheckData"/>
        <cc:local-in id="RetrievePayrollResult" routes-to="PaymentWIDReport"/>
        <cc:async-mediation id="SetAttachmentHeaders" routes-to="HttpOut">
            <cc:steps>
                <cc:write id="Write" output-mimetype="text/plain">
                    <cc:message>
                        <cc:text></cc:text>
                    </cc:message>
                </cc:write>
                <cc:copy id="Copy" output="attachment" output-attachment-index="0" output-mimetype="application/pdf" input="variable" input-variable="payslippdf"/>
                <cc:eval id="Eval00">
                    <cc:expression>parts[1].setHeader('Content-Disposition','form-data; name=&quot;file&quot;; filename=&quot;Payslip.pdf&quot;')</cc:expression>
                </cc:eval>
                <cc:set-headers id="SetHeaders" output="message" clear-all="false">
                    <cc:remove-headers/>
                    <cc:add-headers>
                        <cc:add-header name="Content-Type" value="multipart/form-data"/>
                    </cc:add-headers>
                </cc:set-headers>
            </cc:steps>
            <cc:send-error id="SendError" routes-to="AttachmentError"/>
        </cc:async-mediation>
        <cc:http-out id="HttpOut" routes-response-to="AsyncMediation00" endpoint="https://@{props['APIEndpoint']}/v1/checking_accounts/@{props['bank.account.id']}/checks/@{props['eCheckID']}/attachments.json?session_token=@{props['sessiontoken']}">
            <cc:rest-binding/>
        </cc:http-out>
        <cc:async-mediation id="AsyncMediation00">
            <cc:steps>
                <cc:log id="Log">
                    <cc:log-message>
                        <cc:message-content/>
                    </cc:log-message>
                </cc:log>
            </cc:steps>
        </cc:async-mediation>
        <cc:local-out id="NoteCheckMessage" endpoint="vm://wcc/PutIntegrationMessage">
            <cc:set name="is.message.severity" value="'INFO'"/>
            <cc:set name="is.message.summary" value="props['checknumber'] # ' is skipped.'"/>
        </cc:local-out>
        <cc:async-mediation id="LogNoteCheck" routes-to="NoteCheckMessage">
            <cc:steps>
                <cc:log id="Log">
                    <cc:log-message>
                        <cc:text>---------------------------&#xD;
@{props['checknumber']} skipped&#xD;
---------------------------</cc:text>
                    </cc:log-message>
                </cc:log>
            </cc:steps>
        </cc:async-mediation>
        <cc:async-mediation id="StorePayslipProps2s" routes-to="CallRetrieveToken">
            <cc:steps>
                <cc:eval id="Eval">
                    <cc:expression>props['checknumber'] = parts[0].xpath('wd:Payslip/wd:Payslip_Data/wd:Payment_Data/wd:Check_Number')</cc:expression>
                    <cc:expression>props['payeename'] = parts[0].xpath('wd:Payslip/wd:Payslip_Data/wd:Payroll_Remittance_Data/wd:Worker_Data/wd:Employee_Name')</cc:expression>
                    <cc:expression>props['payeeemail'] = parts[0].xpath('wd:Payslip/wd:Payslip_Data/wd:Payment_Data/wd:Receiving_Party_Contact_Data/wd:Email_Address_Data[wd:Usage_Data/wd:Type_Reference = &quot;Home&quot;]/wd:Email_Address')</cc:expression>
                </cc:eval>
            </cc:steps>
            <cc:send-error id="SendError" routes-to="StorePayslipsError2"/>
        </cc:async-mediation>
        <cc:route id="Val-eCheckType">
            <cc:mvel-strategy>
                <cc:choose-route expression="props['paymenttype'] == 'eCheck' &amp;&amp; props['amount'] != 0" route="SubRoute"/>
                <cc:choose-route expression="props['skip.net.zero'] == false &amp;&amp; props['paymenttype'] == 'eCheck' &amp;&amp; props['amount'] == 0" route="SubRoute0"/>
                <cc:choose-route expression="props['paymenttype'] != 'eCheck' || props['amount'] == 0" route="Alternate"/>
            </cc:mvel-strategy>
            <cc:sub-route name="SubRoute" routes-to="StorePayslipProps2s"/>
            <cc:sub-route name="SubRoute0" routes-to="StorePayslipProps2s"/>
            <cc:sub-route name="Alternate" routes-to="LogNoteCheck"/>
        </cc:route>
        <cc:async-mediation id="StorePayslipProps1" routes-to="Val-eCheckType">
            <cc:steps>
                <cc:eval id="Eval">
                    <cc:expression>props['paymenttype'] = parts[0].xpath('wd:Payslip/wd:Payslip_Data/wd:Payment_Data/wd:Payment_Type_Reference/@wd:Descriptor')</cc:expression>
                    <cc:expression>props['checknumber'] = parts[0].xpath('wd:Payslip/wd:Payslip_Data/wd:Payment_Data/wd:Check_Number')</cc:expression>
                    <cc:expression>props['amount'] = parts[0].xpath('wd:Payslip/wd:Payslip_Data/wd:Payment_Data/wd:Payment_Amount')</cc:expression>
                    <cc:expression>props['Employee_ID'] = parts[0].xpath('wd:Payslip/wd:Payslip_Data/wd:Payroll_Remittance_Data/wd:Worker_Data/wd:Employee_ID')</cc:expression>
                    <cc:expression>if (props['Payor.Name'] == '' || props['Payor.Name'] == null) {props['Payor.Name'] = parts[0].xpath('wd:Payslip/wd:Payslip_Data/wd:Payment_Data[1]/wd:Company_Reference/@wd:Descriptor')}</cc:expression>
                    <cc:expression>if (props['Company.Address.Line.1'] == '' || props['Company.Address.Line.1'] == null) {props['Company.Address.Line.1'] = parts[0].xpath('wd:Payslip/wd:Payslip_Data/wd:Payment_Data[1]/wd:Originating_Contact_Data/wd:Address_Information_Data/wd:Address_Line_Data[@wd:Type=&quot;ADDRESS_LINE_1&quot;]')}</cc:expression>
                    <cc:expression>if (props['Company.Address.Line.2'] == '' || props['Company.Address.Line.2'] == null) {props['Company.Address.Line.2'] = parts[0].xpath('wd:Payslip/wd:Payslip_Data/wd:Payment_Data[1]/wd:Originating_Contact_Data/wd:Address_Information_Data/wd:Address_Line_Data[@wd:Type=&quot;ADDRESS_LINE_2&quot;]')}</cc:expression>
                    <cc:expression>if (props['Company.City'] == '' || props['Company.City'] == null) {props['Company.City'] = parts[0].xpath('wd:Payslip/wd:Payslip_Data/wd:Payment_Data[1]/wd:Originating_Contact_Data/wd:Address_Information_Data/wd:Municipality')}</cc:expression>
                    <cc:expression>if (props['Company.State'] == '' || props['Company.State'] == null) {props['Company.State'] = parts[0].xpath('wd:Payslip/wd:Payslip_Data/wd:Payslip_Data/wd:Payment_Data[1]/wd:Originating_Contact_Data/wd:Address_Information_Data/wd:Country_Region_Reference/wd:ID[@wd:type=&quot;ISO_3166-2_Code&quot;]')}</cc:expression>
                    <cc:expression>if (props['Company.Zip'] == '' || props['Company.Zip'] == null) {props['Company.Zip'] = parts[0].xpath('wd:Payslip/wd:Payslip_Data/wd:Payment_Data[1]/wd:Originating_Contact_Data/wd:Address_Information_Data/wd:Postal_Code')}</cc:expression>
                    <cc:expression>if (props['Payor.Company.Name'] == '' || props['Payor.Company.Name'] == null) {props['Payor.Company.Name'] = parts[0].xpath('wd:Payslip/wd:Payslip_Data/wd:Payment_Data[1]/wd:Company_Reference/@wd:Descriptor')}</cc:expression>
                </cc:eval>
            </cc:steps>
            <cc:send-error id="SendError" routes-to="StorePayslipsError1"/>
        </cc:async-mediation>
        <cc:splitter id="SplitonPayslip">
            <cc:sub-route name="SubRoute" routes-to="StorePayslipProps1"/>
            <cc:xml-stream-splitter xpath="env:Envelope/env:Body/wd:Get_Payroll_Payslips_Response/wd:Response_Data/wd:Payslip"/>
        </cc:splitter>
        <cc:workday-out-soap id="GetPayslipsRequest" routes-response-to="SplitonPayslip" application="Payroll" version="v32.0"/>
        <cc:async-mediation id="WriteGetPayslips" routes-to="GetPayslipsRequest">
            <cc:steps>
                <cc:copy id="Copy" input="variable" input-variable="EE-references"/>
                <cc:write id="Write" input="message">
                    <cc:message>
                        <cc:text>&lt;env:Envelope xmlns:env=&quot;http://schemas.xmlsoap.org/soap/envelope/&quot;>&#xD;
&lt;env:Header xmlns:wd=&quot;urn:com.workday/bsvc&quot;>&#xD;
		&lt;wd:Workday_Common_Header>&#xD;
            &lt;!--Optional:-->&#xD;
            &lt;wd:Include_Reference_Descriptors_In_Response>1&lt;/wd:Include_Reference_Descriptors_In_Response>&#xD;
        &lt;/wd:Workday_Common_Header>&#xD;
&lt;/env:Header>&#xD;
			&lt;env:Body>&#xD;
				&lt;wd:Get_Payroll_Payslips_Request&#xD;
					xmlns:wd=&quot;urn:com.workday/bsvc&quot;&#xD;
					wd:version=&quot;v32.0&quot;>&#xD;
					&lt;wd:Request_Criteria>&#xD;
					&#xD;
				 &#xD;
						&#xD;
						&#xD;
						</cc:text>
                        <cc:message-content/>
                        <cc:text>&lt;wd:Outsourced_Payment_Group_Reference>&#xD;
							&lt;wd:ID wd:type=&quot;Outsourced_Payment_Group_ID&quot;>@{props['outsourced.payment.group.id']}&lt;/wd:ID>&#xD;
						&lt;/wd:Outsourced_Payment_Group_Reference>&#xD;
						&lt;wd:Payslip_Printing_Option_Reference>&#xD;
                    			&lt;wd:ID wd:type=&quot;Payslip_Printing_Option&quot;>Checks and Advices&lt;/wd:ID>&#xD;
               		     &lt;/wd:Payslip_Printing_Option_Reference>                       &#xD;
					&lt;/wd:Request_Criteria>&#xD;
					&lt;wd:Response_Filter>&#xD;
						&lt;wd:Page>1&lt;/wd:Page>&#xD;
						&lt;wd:Count>500&lt;/wd:Count>&#xD;
					&lt;/wd:Response_Filter>&#xD;
					&lt;wd:Response_Group>&#xD;
						&lt;wd:Include_Originating_Contact_Data>true&lt;/wd:Include_Originating_Contact_Data>&#xD;
						&lt;wd:Include_Originating_Bank_Data>true&lt;/wd:Include_Originating_Bank_Data>&#xD;
						&lt;wd:Include_Receiving_Party_Contact_Data>true&lt;/wd:Include_Receiving_Party_Contact_Data>&#xD;
						&lt;wd:Include_Receiving_Party_Bank_Data>true&lt;/wd:Include_Receiving_Party_Bank_Data>&#xD;
					&lt;/wd:Response_Group>&#xD;
				&lt;/wd:Get_Payroll_Payslips_Request>&#xD;
			&lt;/env:Body>&#xD;
		&lt;/env:Envelope></cc:text>
                    </cc:message>
                </cc:write>
                <cc:log id="Log">
                    <cc:log-message>
                        <cc:message-content/>
                    </cc:log-message>
                </cc:log>
            </cc:steps>
            <cc:send-error id="SendError" routes-to="GetPayslipsError"/>
        </cc:async-mediation>
        <cc:local-in id="RetrieveCheckData" routes-to="WriteGetPayslips"/>
        <cc:local-out id="CallCreateCheck" store-message="none" endpoint="vm://INT9002-Alight-eChecks-Payslip-Outbound/CreateCheck"/>
        <cc:async-mediation id="LogResponse" routes-to="CallRetrievePayrollResult">
            <cc:steps>
                <cc:log id="Log">
                    <cc:log-message>
                        <cc:message-content/>
                    </cc:log-message>
                </cc:log>
            </cc:steps>
            <cc:send-error id="SendError" routes-to="CreateCheckResponseError"/>
        </cc:async-mediation>
        <cc:http-out id="CreateCheckRequest" store-message="none" routes-response-to="LogResponse" endpoint="https://@{props['APIEndpoint']}/v1/checking_accounts/@{props['bank.account.id']}/checks.json?session_token=@{props['sessiontoken']}">
            <cc:rest-binding/>
        </cc:http-out>
        <cc:async-mediation id="process_check" routes-to="CreateCheckRequest">
            <cc:steps>
                <cc:write id="Write" output-mimetype="text/plain">
                    <cc:message>
                        <cc:text>check%5Bcheck_number%5D=@{props['checknumber']}&amp;check%5Bpayee_name%5D=@{props['payeename']}&amp;check%5Bamount%5D=@{props['amount']}&amp;check%5Bpayee_email%5D=@{props['payeeemail']}&amp;check%5Bmemo%5D=@{props['Memo']}&amp;check%5Btransaction_id%5D=@{props['checknumber']}&amp;check%5Bpersonal_message%5D=@{props['Personal.Message']}&amp;check%5Bremittance_1%5D=&amp;check%5Bremittance_2%5D=&amp;check%5Bremittance_3%5D=&amp;check%5Bremittance_4%5D=&amp;check%5Bremittance_5%5D=&amp;check%5Bremittance_6%5D=&amp;check%5Bremittance_7%5D=&amp;check%5Bremittance_8%5D=&amp;check%5Bpayor_name%5D=@{props['Payor.Name']}&amp;check%5Bpayor_company_name%5D=@{props['Payor.Company.Name']}&amp;check%5Bpayor_street%5D=@{props['Company.Address.Line.1']}&amp;check%5Bpayor_street_2%5D=@{props['Company.Address.Line.2']}&amp;check%5Bpayor_city%5D=@{props['Company.City']}&amp;check%5Bpayor_state%5D=@{props['Company.State']}&amp;check%5Bpayor_zip%5D=@{props['Company.Zip']}</cc:text>
                    </cc:message>
                </cc:write>
                <cc:set-headers id="SetHeaders" output="rootpart" clear-all="true">
                    <cc:remove-headers/>
                    <cc:add-headers>
                        <cc:add-header name="Content-Type" value="application/x-www-form-urlencoded"/>
                    </cc:add-headers>
                </cc:set-headers>
                <cc:log id="Log">
                    <cc:log-message>
                        <cc:message-content/>
                    </cc:log-message>
                </cc:log>
            </cc:steps>
            <cc:send-error id="SendError" routes-to="CreateCheckError"/>
        </cc:async-mediation>
        <cc:local-in id="CreateCheck" routes-to="IncludeEmail"/>
        <cc:local-out id="CallRetrievePayrollResult" store-message="none" endpoint="vm://INT9002-Alight-eChecks-Payslip-Outbound/RetrievePayrollResult"/>
        <cc:local-out id="CallRetrievePDF" store-message="none" endpoint="vm://INT9002-Alight-eChecks-Payslip-Outbound/RetrievePayslipPDF"/>
        <cc:local-out id="CallRetrieveToken" store-message="none" endpoint="vm://INT9002-Alight-eChecks-Payslip-Outbound/RetrieveToken"/>
        <cc:local-out id="CallGetCheckID" store-message="none" endpoint="vm://INT9002-Alight-eChecks-Payslip-Outbound/GetCheckID"/>
        <cc:local-in id="GetCheckID" routes-to="SetUpGetCheck"/>
        <cc:http-out id="GetChecksRequest" routes-response-to="StoreCheckID" endpoint="https://api.sandbox.echecks.com/v1/checking_accounts/@{props['bank.account.id']}/checks/T:@{props['checknumber']}?session_token=@{props['sessiontoken']}" http-method="GET">
            <cc:rest-binding/>
        </cc:http-out>
        <cc:async-mediation id="StoreCheckID">
            <cc:steps>
                <cc:log id="Log">
                    <cc:log-message>
                        <cc:message-content/>
                    </cc:log-message>
                </cc:log>
                <cc:json-to-xml id="JsonToXml"/>
                <cc:eval id="Eval">
                    <cc:expression>props['checkID'] = parts[0].xpath('root/data/id')</cc:expression>
                </cc:eval>
            </cc:steps>
            <cc:send-error id="SendError" routes-to="CheckIDError"/>
        </cc:async-mediation>
        <cc:local-out id="RetrievalError" endpoint="vm://wcc/PutIntegrationMessage">
            <cc:set name="is.message.severity" value="'ERROR'"/>
            <cc:set name="is.message.summary" value="'Error at retrieval step'"/>
            <cc:set name="is.message.detail" value="context.getErrorMessage()"/>
        </cc:local-out>
        <cc:local-out id="GetPayslipsError" endpoint="vm://wcc/PutIntegrationMessage">
            <cc:set name="is.message.severity" value="'ERROR'"/>
            <cc:set name="is.message.summary" value="'Error at get payroll payslips request'"/>
            <cc:set name="is.message.detail" value="context.getErrorMessage()"/>
        </cc:local-out>
        <cc:local-out id="StorePayslipsError1" endpoint="vm://wcc/PutIntegrationMessage">
            <cc:set name="is.message.severity" value="'ERROR'"/>
            <cc:set name="is.message.summary" value="'Error declaring payslip properties'"/>
            <cc:set name="is.message.detail" value="context.getErrorMessage()"/>
        </cc:local-out>
        <cc:local-out id="StorePayslipsError2" endpoint="vm://wcc/PutIntegrationMessage">
            <cc:set name="is.message.severity" value="'ERROR'"/>
            <cc:set name="is.message.summary" value="'Error at payee name and payee email step'"/>
            <cc:set name="is.message.detail" value="context.getErrorMessage()"/>
        </cc:local-out>
        <cc:local-out id="CreateCheckResponseError" endpoint="vm://wcc/PutIntegrationMessage">
            <cc:set name="is.message.severity" value="'ERROR'"/>
            <cc:set name="is.message.summary" value="'Error at create checks HTTP response'"/>
            <cc:set name="is.message.detail" value="context.getErrorMessage()"/>
        </cc:local-out>
        <cc:local-out id="CreateCheckError" endpoint="vm://wcc/PutIntegrationMessage">
            <cc:set name="is.message.severity" value="'ERROR'"/>
            <cc:set name="is.message.summary" value="'Error at Create Check HTTP Request'"/>
            <cc:set name="is.message.detail" value="context.getErrorMessage()"/>
        </cc:local-out>
        <cc:local-out id="PayrollResultErrors" endpoint="vm://wcc/PutIntegrationMessage">
            <cc:set name="is.message.severity" value="'ERROR'"/>
            <cc:set name="is.message.summary" value="'Error at Payroll Result Report'"/>
            <cc:set name="is.message.detail" value="context.getErrorMessage()"/>
        </cc:local-out>
        <cc:local-out id="PaymentWIDError" endpoint="vm://wcc/PutIntegrationMessage">
            <cc:set name="is.message.severity" value="'ERROR'"/>
            <cc:set name="is.message.summary" value="'Error at Payment WID report'"/>
            <cc:set name="is.message.detail" value="context.getErrorMessage()"/>
        </cc:local-out>
        <cc:local-out id="BIRTResponseError" endpoint="vm://wcc/PutIntegrationMessage">
            <cc:set name="is.message.severity" value="'ERROR'"/>
            <cc:set name="is.message.summary" value="'Error at Payslip BIRT Report'"/>
            <cc:set name="is.message.detail" value="context.getErrorMessage()"/>
        </cc:local-out>
        <cc:local-out id="StorePDFError" endpoint="vm://wcc/PutIntegrationMessage">
            <cc:set name="is.message.severity" value="'ERROR'"/>
            <cc:set name="is.message.summary" value="'Error at Store Payslip PDF'"/>
            <cc:set name="is.message.detail" value="context.getErrorMessage()"/>
        </cc:local-out>
        <cc:local-out id="CheckIDError" endpoint="vm://wcc/PutIntegrationMessage">
            <cc:set name="is.message.severity" value="'ERROR'"/>
            <cc:set name="is.message.summary" value="'Error at get check ID'"/>
            <cc:set name="is.message.detail" value="context.getErrorMessage()"/>
        </cc:local-out>
        <cc:local-out id="AttachmentError" endpoint="vm://wcc/PutIntegrationMessage">
            <cc:set name="is.message.severity" value="'ERROR'"/>
            <cc:set name="is.message.summary" value="'Error at Send Payslip Attachment Step'"/>
            <cc:set name="is.message.detail" value="context.getErrorMessage()"/>
        </cc:local-out>
        <cc:local-out id="Getchecksresponserror" endpoint="vm://wcc/PutIntegrationMessage">
            <cc:set name="is.message.severity" value="'ERROR'"/>
            <cc:set name="is.message.summary" value="'Error at Retrieve Check ID Step'"/>
            <cc:set name="is.message.detail" value="context.getErrorMessage()"/>
        </cc:local-out>
        <cc:async-mediation id="RetrieveCheckID" routes-to="CallRetrievePDF">
            <cc:steps>
                <cc:eval id="Eval">
                    <cc:expression>props['checksresponse'] = message.rootPartAsText</cc:expression>
                    <cc:expression>props['checksresponseencoded'] = java.net.URLEncoder.encode(props['checksresponse'].toString() , &quot;UTF-8&quot;)</cc:expression>
                    <cc:expression>props['checksresponsefinal'] = props['checksresponse'].toString().replaceAll('&amp;','-')</cc:expression>
                    <cc:expression>props['checksresponsefinal'] = props['checksresponsefinal'].toString().replaceAll('>','-')</cc:expression>
                    <cc:expression>props['checksresponsefinal'] = props['checksresponsefinal'].toString().replaceAll('&lt;','-')</cc:expression>
                    <cc:expression>props['checksresponsefinal'] = props['checksresponsefinal'].toString().replaceAll('Order Number','Order_Number')</cc:expression>
                    <cc:expression>props['checksresponsefinal'] = props['checksresponsefinal'].toString().replaceAll('Order Date','Order_Date')</cc:expression>
                    <cc:expression>props['checksresponsefinal'] = props['checksresponsefinal'].toString().replaceAll('Plan Name','Plan_Name')</cc:expression>
                    <cc:expression>props['checksresponsefinal'] = props['checksresponsefinal'].toString().replaceAll('Plan Detail','Plan_Detail')</cc:expression>
                    <cc:expression>props['checksresponsefinal'] = props['checksresponsefinal'].toString().replaceAll('Number of Checks','Number_of_Checks')</cc:expression>
                    <cc:expression>props['checksresponsefinal'] = props['checksresponsefinal'].toString().replaceAll('Product Total','Product_Total')</cc:expression>
                </cc:eval>
                <cc:write id="Write" output="message" output-mimetype="text/plain">
                    <cc:message>
                        <cc:text>@{props['checksresponsefinal']}</cc:text>
                    </cc:message>
                </cc:write>
                <cc:log id="Log">
                    <cc:log-message>
                        <cc:message-content/>
                    </cc:log-message>
                </cc:log>
                <cc:copy id="Copy" output="variable" output-mimetype="application/json" output-variable="json"/>
                <cc:json-to-xml id="JsonToXml" output-mimetype="text/xml" input="variable" input-variable="json"/>
                <cc:log id="Log0">
                    <cc:log-message>
                        <cc:message-content/>
                    </cc:log-message>
                </cc:log>
                <cc:eval id="Eval0">
                    <cc:expression>props['eCheckID'] = parts[0].xpath('root/entry[data/check_number = '+props['checknumber']+' ]/data/id')</cc:expression>
                </cc:eval>
                <cc:log id="Log1">
                    <cc:log-message>
                        <cc:message-content/>
                    </cc:log-message>
                </cc:log>
            </cc:steps>
            <cc:send-error id="SendError" routes-to="Getchecksresponserror"/>
        </cc:async-mediation>
        <cc:http-out id="GetCheckRequest" store-message="none" routes-response-to="RetrieveCheckID" endpoint="https://@{props['APIEndpoint']}/v1/checking_accounts/@{props['bank.account.id']}/checks.json?session_token=@{props['sessiontoken']}" http-method="GET">
            <cc:rest-binding/>
        </cc:http-out>
        <cc:local-out id="Getcheckssetuperror" endpoint="vm://wcc/PutIntegrationMessage">
            <cc:set name="is.message.severity" value="'ERROR'"/>
            <cc:set name="is.message.summary" value="'Error at Setup Get Checks'"/>
            <cc:set name="is.message.detail" value="context.getErrorMessage()"/>
        </cc:local-out>
        <cc:async-mediation id="SetUpGetCheck" routes-to="GetCheckRequest">
            <cc:steps>
                <cc:write id="Write" output-mimetype="text/plain">
                    <cc:message>
                        <cc:text></cc:text>
                    </cc:message>
                </cc:write>
                <cc:write id="Write0" output="rootpart" output-mimetype="text/plain">
                    <cc:message>
                        <cc:text></cc:text>
                    </cc:message>
                </cc:write>
                <cc:set-headers id="SetHeaders" output="rootpart" clear-all="true">
                    <cc:remove-headers/>
                    <cc:add-headers>
                        <cc:add-header name="Content-Type" value="multipart/form-data"/>
                        <cc:add-header name="Accept" value="application/json"/>
                    </cc:add-headers>
                </cc:set-headers>
            </cc:steps>
            <cc:send-error id="SendError" routes-to="Getcheckssetuperror"/>
        </cc:async-mediation>
        <cc:route id="IncludeEmail">
            <cc:mvel-strategy>
                <cc:choose-route expression="props['NoEmail'] == false" route="SubRoute"/>
                <cc:choose-route expression="props['NoEmail'] == true" route="Alternate"/>
            </cc:mvel-strategy>
            <cc:sub-route name="SubRoute" routes-to="process_check"/>
            <cc:sub-route name="Alternate" routes-to="process_check_noemail"/>
        </cc:route>
        <cc:async-mediation id="process_check_noemail" routes-to="CreateCheckRequest">
            <cc:steps>
                <cc:write id="Write" output-mimetype="text/plain">
                    <cc:message>
                        <cc:text>check%5Bcheck_number%5D=@{props['checknumber']}&amp;check%5Bpayee_name%5D=@{props['payeename']}&amp;check%5Bamount%5D=@{props['amount']}&amp;check%5Bpayee_email%5D=&amp;check%5Bmemo%5D=@{props['Memo']}&amp;check%5Btransaction_id%5D=@{props['checknumber']}&amp;check%5Bpersonal_message%5D=@{props['Personal.Message']}&amp;check%5Bremittance_1%5D=&amp;check%5Bremittance_2%5D=&amp;check%5Bremittance_3%5D=&amp;check%5Bremittance_4%5D=&amp;check%5Bremittance_5%5D=&amp;check%5Bremittance_6%5D=&amp;check%5Bremittance_7%5D=&amp;check%5Bremittance_8%5D=&amp;check%5Bpayor_name%5D=@{props['Payor.Name']}&amp;check%5Bpayor_company_name%5D=@{props['Payor.Company.Name']}&amp;check%5Bpayor_street%5D=@{props['Company.Address.Line.1']}&amp;check%5Bpayor_street_2%5D=@{props['Company.Address.Line.2']}&amp;check%5Bpayor_city%5D=@{props['Company.City']}&amp;check%5Bpayor_state%5D=@{props['Company.State']}&amp;check%5Bpayor_zip%5D=@{props['Company.Zip']}</cc:text>
                    </cc:message>
                </cc:write>
                <cc:set-headers id="SetHeaders" output="rootpart" clear-all="true">
                    <cc:remove-headers/>
                    <cc:add-headers>
                        <cc:add-header name="Content-Type" value="application/x-www-form-urlencoded"/>
                    </cc:add-headers>
                </cc:set-headers>
            </cc:steps>
            <cc:send-error id="SendError" routes-to="CreateCheckError0"/>
        </cc:async-mediation>
        <cc:local-out id="CreateCheckError0" endpoint="vm://wcc/PutIntegrationMessage">
            <cc:set name="is.message.severity" value="'ERROR'"/>
            <cc:set name="is.message.summary" value="'Error at Create Check HTTP Request'"/>
            <cc:set name="is.message.detail" value="context.getErrorMessage()"/>
        </cc:local-out>
        <cc:route id="AttachOnly">
            <cc:mvel-strategy>
                <cc:choose-route expression="props['AttachmentOnly'] == false" route="SubRoute"/>
                <cc:choose-route expression="props['AttachmentOnly'] == true" route="Alternate"/>
            </cc:mvel-strategy>
            <cc:sub-route name="SubRoute" routes-to="CallCreateCheck"/>
            <cc:sub-route name="Alternate" routes-to="CallRetrievePayrollResult2"/>
        </cc:route>
        <cc:local-out id="CallRetrievePayrollResult2" store-message="none" endpoint="vm://INT9002-Alight-eChecks-Payslip-Outbound/RetrievePayrollResult"/>
        <cc:async-mediation id="StoreLPs" routes-to="CallRetrieveReportDesign">
            <cc:steps>
                <cc:eval id="Eval">
                    <cc:expression>props['outsourced.payment.group.id'] = lp.getSimpleData('Outsourced Payment Group')</cc:expression>
                    <cc:expression>props['NoEmail'] = lp.getSimpleData('No Email')</cc:expression>
                    <cc:expression>props['AttachmentOnly'] = lp.getSimpleData('Attachment Only')</cc:expression>
                    <cc:expression>props['bank.account.id'] = intsys.getAttribute('Bank Account ID')</cc:expression>
                    <cc:expression>props['Access.Token'] = intsys.getAttribute('Access Token')</cc:expression>
                    <cc:expression>props['client.secret'] = intsys.getAttribute('Client Secret')</cc:expression>
                    <cc:expression>props['client.id'] = intsys.getAttribute('Client ID')</cc:expression>
                    <cc:expression>props['Memo'] = intsys.getAttribute('Memo')</cc:expression>
                    <cc:expression>props['Payor.Name'] = intsys.getAttribute('Payor Name')</cc:expression>
                    <cc:expression>props['Payor.Company.Name'] = intsys.getAttribute('Payor Company Name')</cc:expression>
                    <cc:expression>props['Company.Address.Line.1'] = intsys.getAttribute('Company Address Line 1')</cc:expression>
                    <cc:expression>props['Company.Address.Line.2'] = intsys.getAttribute('Company Address Line 2')</cc:expression>
                    <cc:expression>props['Company.City'] = intsys.getAttribute('Company City')</cc:expression>
                    <cc:expression>props['Company.State'] = intsys.getAttribute('Company State')</cc:expression>
                    <cc:expression>props['Company.Zip'] = intsys.getAttribute('Company Zip')</cc:expression>
                    <cc:expression>props['skip.net.zero'] = intsys.getAttribute('Skip Net Zero')</cc:expression>
                    <cc:expression>props['Payor.Company.Name'] = ''</cc:expression>
                    <cc:expression>props['Company.Address.Line.2'] = ''</cc:expression>
                    <cc:expression>props['APIEndpoint'] = intsys.getAttribute('API Endpoint')</cc:expression>
                    <cc:expression>props['Personal.Message'] = intsys.getAttribute('Personal Message')</cc:expression>
                    <cc:expression>props['EEIDs-debug'] = lp.getSimpleData('EmployeeIDs-CommaSeparated')</cc:expression>
                    <cc:expression>vars['EE-references'] = '         '</cc:expression>
                </cc:eval>
                <cc:log id="Log">
                    <cc:log-message>
                        <cc:text>___________&#xD;
&#xD;
EEIDs for debug is&#xD;
@{props['EEIDs-debug']}&#xD;
___________&#xD;
</cc:text>
                    </cc:log-message>
                </cc:log>
            </cc:steps>
        </cc:async-mediation>
        <cc:local-out id="GetEventDocuments" routes-response-to="DocIterator" endpoint="vm://wcc/GetEventDocuments">
            <cc:set name="ie.event.wid" value="lp.exists('DebugWID')?lp.getSimpleData('DebugWID'):lp.getIntegrationEventWID()"/>
        </cc:local-out>
        <cc:async-mediation id="AsyncMediation">
            <cc:steps>
                <cc:write id="Write" output-mimetype="text/plain">
                    <cc:message>
                        <cc:header include-name="true" name="Content-Type" not-set-value="multipart/form-data"/>
                        <cc:header include-name="true" name="Content-Disposition" not-set-value="form-data; name=&quot;file&quot;; filename=&quot;sample-pdf-file.pdf&quot;"/>
                        <cc:static-file input-file="@{parts[1]}"/>
                    </cc:message>
                </cc:write>
                <cc:eval id="Eval0">
                    <cc:expression>parts[1].setHeader('Content-Disposition','filename=&quot;Payslip.pdf&quot;')</cc:expression>
                </cc:eval>
                <cc:copy id="Copy0" output="attachment" output-attachment-index="0" output-mimetype="application/pdf" input="variable" input-variable="payslippdf"/>
                <cc:store id="Store" output="attachment" output-attachment-index="0" title="Payslip.pdf"/>
            </cc:steps>
        </cc:async-mediation>
        <cc:local-out id="PdfPrintStep" routes-response-to="StorePDF" endpoint="vm://wcc/PdfPrintStep"><cc:set name="pdf.report.design.variable" value="'var.Report_Design'"/><cc:set name="pdf.workday.report.variable" value="'var.Report_Data'"/></cc:local-out>
        <cc:local-out id="CallEEIDs" store-message="none" execute-when="props['EEIDs-debug'] != '' &amp;&amp; props['EEIDs-debug'] != null" routes-response-to="CallRetrieveCheckData" endpoint="vm://INT9002-Alight-eChecks-Payslip-Outbound/EEIDs"/>
        <cc:local-in id="EEIDs" routes-to="AsyncMediation0"/>
        <cc:async-mediation id="AsyncMediation0" routes-to="Splitter">
            <cc:steps>
                <cc:write id="Write">
                    <cc:message>
                        <cc:text>@{props['EEIDs-debug']}</cc:text>
                    </cc:message>
                </cc:write>
                <cc:log id="Log">
                    <cc:log-message>
                        <cc:message-content/>
                    </cc:log-message>
                </cc:log>
                <cc:csv-to-xml id="CsvToXml"/>
                <cc:log id="Log0">
                    <cc:log-message>
                        <cc:message-content/>
                    </cc:log-message>
                </cc:log>
                <cc:eval id="Eval">
                    <cc:expression>props['count-eeIDs'] = parts[0].xpath(&quot;count(root/row)&quot;)</cc:expression>
                </cc:eval>
                <cc:log id="Log1">
                    <cc:log-message>
                        <cc:text>&#xD;
&#xD;
count of ee IDs is @{props['count-eeIDs']}&#xD;
&#xD;
&#xD;
&#xD;
</cc:text>
                    </cc:log-message>
                </cc:log>
            </cc:steps>
        </cc:async-mediation>
        <cc:splitter id="Splitter">
            <cc:sub-route name="SubRoute" routes-to="AsyncMediation1"/>
            <cc:xpath-splitter xpath="root/row"/>
        </cc:splitter>
        <cc:async-mediation id="AsyncMediation1" routes-to="Aggregator">
            <cc:steps>
                <cc:eval id="Eval">
                    <cc:expression>props['employeeID-reference'] = parts[0].xpath('row/col1')</cc:expression>
                </cc:eval>
                <cc:write id="Write">
                    <cc:message>
                        <cc:text>&lt;wd:Employee_Reference>&#xD;
	&lt;wd:ID wd:type=&quot;Employee_ID&quot;>@{props['employeeID-reference']}&lt;/wd:ID>&#xD;
&lt;/wd:Employee_Reference></cc:text>
                    </cc:message>
                </cc:write>
                <cc:log id="Log">
                    <cc:log-message>
                        <cc:message-content/>
                    </cc:log-message>
                </cc:log>
            </cc:steps>
        </cc:async-mediation>
        <cc:aggregator id="Aggregator" routes-to="AsyncMediation2">
            <cc:size-batch-strategy batch-size="-1"/>
            <cc:message-content-collater/>
        </cc:aggregator>
        <cc:async-mediation id="AsyncMediation2">
            <cc:steps>
                <cc:copy id="Copy" output="variable" output-variable="EE-references"/>
            </cc:steps>
        </cc:async-mediation>
        <cc:route id="Route">
            <cc:mvel-strategy>
                <cc:choose-route expression="props['count-eeIDs'] > 0" route="SubRoute"/>
                <cc:choose-route expression="true" route="Alternate"/>
            </cc:mvel-strategy>
            <cc:sub-route name="SubRoute" routes-to="Splitter"/>
            <cc:sub-route name="Alternate" routes-to="AsyncMediation3"/>
        </cc:route>
        <cc:async-mediation id="AsyncMediation3">
            <cc:steps>
                <cc:log id="Log">
                    <cc:log-message>
                        <cc:message-content/>
                    </cc:log-message>
                </cc:log>
            </cc:steps>
        </cc:async-mediation>
	</cc:assembly>

</beans>