<?xml version="1.0" encoding="UTF-8"?>
<wdnm:Diagram xmlns:wdnm="http://workday.com/studio/editors/notation">
  <element href="assembly.xml#WorkdayAssembly"/>
  <visualProperties x="145" y="81">
    <element href="assembly.xml#StartHere"/>
  </visualProperties>
  <visualProperties x="163" y="140">
    <element href="assembly.xml#Initialization"/>
  </visualProperties>
  <visualProperties x="660" y="280">
    <element href="assembly.xml#Local-ErrorHandler"/>
  </visualProperties>
  <visualProperties x="914" y="291">
    <element href="assembly.xml#//@beans/@mixed.1/@mixed.7"/>
  </visualProperties>
  <visualProperties x="1219" y="291">
    <element href="assembly.xml#Note-Error"/>
  </visualProperties>
  <visualProperties x="255" y="275">
    <element href="assembly.xml#Call-Init-LocalError"/>
  </visualProperties>
  <visualProperties x="231" y="456">
    <element href="assembly.xml#AsyncMediation0"/>
  </visualProperties>
  <visualProperties x="393" y="195">
    <element href="assembly.xml#Route"/>
  </visualProperties>
  <visualProperties x="526" y="200">
    <element href="assembly.xml#AsyncMediation"/>
  </visualProperties>
  <visualProperties x="889" y="416">
    <element href="assembly.xml#ProcessInboundFile"/>
  </visualProperties>
  <visualProperties x="747" y="282">
    <element href="assembly.xml#Call-ProcessInboundFile"/>
  </visualProperties>
  <visualProperties x="224" y="433">
    <element href="assembly.xml#TransformInbound"/>
  </visualProperties>
  <visualProperties x="1127" y="438">
    <element href="assembly.xml#Call-InboundFile-LocalError"/>
  </visualProperties>
  <visualProperties x="500" y="437">
    <element href="assembly.xml#Route0"/>
  </visualProperties>
  <visualProperties x="632" y="504">
    <element href="assembly.xml#AsyncMediation2"/>
  </visualProperties>
  <visualProperties x="1068" y="748">
    <element href="assembly.xml#AggregateInput"/>
  </visualProperties>
  <visualProperties x="203" y="764">
    <element href="assembly.xml#AsyncMediation3"/>
  </visualProperties>
  <visualProperties x="263" y="821">
    <element href="assembly.xml#AsyncMediation4"/>
  </visualProperties>
  <visualProperties x="201" y="880">
    <element href="assembly.xml#Route1"/>
  </visualProperties>
  <visualProperties x="538" y="849">
    <element href="assembly.xml#Splitter"/>
  </visualProperties>
  <visualProperties x="673" y="867">
    <element href="assembly.xml#Aggregator"/>
  </visualProperties>
  <visualProperties x="847" y="885">
    <element href="assembly.xml#AsyncMediation5"/>
  </visualProperties>
  <visualProperties x="218" y="936">
    <element href="assembly.xml#AsyncMediation6"/>
  </visualProperties>
  <visualProperties x="1180" y="1100">
    <element href="assembly.xml#Call-Agg-LocalError"/>
  </visualProperties>
  <visualProperties x="2173" y="954">
    <element href="assembly.xml#Call-AggregateInput"/>
  </visualProperties>
  <visualProperties x="2341" y="1188">
    <element href="assembly.xml#AggregateInput-Batch"/>
  </visualProperties>
  <visualProperties x="2384" y="926">
    <element href="assembly.xml#Call-AggregateInput-Batch"/>
  </visualProperties>
  <visualProperties x="1452" y="1040">
    <element href="assembly.xml#WriteFiles"/>
  </visualProperties>
  <visualProperties x="1281" y="893">
    <element href="assembly.xml#Call-WriteFiles"/>
  </visualProperties>
  <visualProperties>
    <element href="assembly.xml#AsyncMediation60"/>
  </visualProperties>
  <visualProperties>
    <element href="assembly.xml#Call-WriteFile-LocalError"/>
  </visualProperties>
  <visualProperties x="416" y="1200">
    <element href="assembly.xml#Route2"/>
  </visualProperties>
  <visualProperties x="637" y="1214">
    <element href="assembly.xml#AsyncMediation7"/>
  </visualProperties>
  <visualProperties x="882" y="252">
    <element href="assembly.xml#AsyncMediation9"/>
  </visualProperties>
  <visualProperties x="62" y="1589">
    <element href="assembly.xml#NoChange"/>
  </visualProperties>
  <visualProperties x="904" y="240">
    <element href="assembly.xml#Call-NoChange"/>
  </visualProperties>
  <visualProperties>
    <element href="assembly.xml#AsyncMediation600"/>
  </visualProperties>
  <visualProperties>
    <element href="assembly.xml#Call-WriteFile-LocalError0"/>
  </visualProperties>
  <visualProperties x="1229" y="245">
    <element href="assembly.xml#PutIntegrationMessage"/>
  </visualProperties>
  <visualProperties x="834" y="1224">
    <element href="assembly.xml#OutputFile"/>
  </visualProperties>
  <visualProperties x="399" y="192">
    <element href="assembly.xml#GetEventDocuments"/>
  </visualProperties>
  <visualProperties x="7" y="1908">
    <element href="assembly.xml#AsyncMediation80"/>
  </visualProperties>
  <connections type="routesTo" sourceAnchorX="0.7889908256880734" sourceAnchorY="1.0" targetAnchorX="0.25882352941176473" targetAnchorY="0.7027027027027027">
    <source href="assembly.xml#StartHere"/>
    <target href="assembly.xml#GetEventDocuments"/>
  </connections>
  <connections type="routesTo" sourceAnchorX="0.9669421487603306" sourceAnchorY="0.43243243243243246" targetAnchorX="0.06060606060606061" targetAnchorY="0.3783783783783784">
    <source href="assembly.xml#//@beans/@mixed.1/@mixed.7"/>
    <target href="assembly.xml#Note-Error"/>
  </connections>
  <connections type="routesTo" sourceAnchorY="1.0" targetAnchorX="0.6449704142011834" targetAnchorY="0.5945945945945946">
    <source href="assembly.xml#//@beans/@mixed.1/@mixed.3/@mixed.3"/>
    <target href="assembly.xml#Call-Init-LocalError"/>
  </connections>
  <connections type="routesTo" sourceAnchorX="0.6234567901234568" sourceAnchorY="1.0" targetAnchorX="0.17164179104477612" targetAnchorY="0.6630434782608695">
    <source href="assembly.xml#Local-ErrorHandler"/>
    <target href="assembly.xml#AsyncMediation0"/>
  </connections>
  <connections type="routesTo" sourceAnchorX="0.8275862068965517" sourceAnchorY="1.0" targetAnchorX="0.3700787401574803" targetAnchorY="0.532608695652174">
    <source href="assembly.xml#//@beans/@mixed.1/@route.0/@subRoute.0"/>
    <target href="assembly.xml#AsyncMediation"/>
  </connections>
  <connections type="routesTo" sourceAnchorX="1.0" sourceAnchorY="0.2127659574468085" targetAnchorX="0.25142857142857145" targetAnchorY="0.7297297297297297">
    <source href="assembly.xml#AsyncMediation"/>
    <target href="assembly.xml#Call-ProcessInboundFile"/>
  </connections>
  <connections type="routesTo" sourceAnchorX="0.7619047619047619" sourceAnchorY="1.0" targetAnchorX="0.5522388059701493" targetAnchorY="0.45652173913043476">
    <source href="assembly.xml#ProcessInboundFile"/>
    <target href="assembly.xml#TransformInbound"/>
  </connections>
  <connections type="routesTo" sourceAnchorX="0.5039370078740157" sourceAnchorY="1.0" targetAnchorX="0.6467065868263473" targetAnchorY="0.2702702702702703">
    <source href="assembly.xml#//@beans/@mixed.1/@mixed.23/@mixed.3"/>
    <target href="assembly.xml#Call-InboundFile-LocalError"/>
  </connections>
  <connections type="routesTo" sourceAnchorX="0.7011494252873564" sourceAnchorY="1.0" targetAnchorX="0.6940298507462687" targetAnchorY="0.29347826086956524">
    <source href="assembly.xml#//@beans/@mixed.1/@route.1/@subRoute.0"/>
    <target href="assembly.xml#AsyncMediation2"/>
  </connections>
  <connections type="routesTo" sourceAnchorX="0.7142857142857143" sourceAnchorY="1.0" targetAnchorX="0.22388059701492538" targetAnchorY="0.3804347826086957">
    <source href="assembly.xml#AggregateInput"/>
    <target href="assembly.xml#AsyncMediation6"/>
  </connections>
  <connections type="routesTo" sourceAnchorX="0.3404255319148936" sourceAnchorY="1.0" targetAnchorX="0.373134328358209" targetAnchorY="0.4782608695652174">
    <source href="assembly.xml#//@beans/@mixed.1/@route.2/@subRoute.0"/>
    <target href="assembly.xml#AsyncMediation3"/>
  </connections>
  <connections type="routesTo" sourceAnchorX="0.5425531914893617" sourceAnchorY="1.0" targetAnchorX="0.2835820895522388">
    <source href="assembly.xml#//@beans/@mixed.1/@route.2/@subRoute.1"/>
    <target href="assembly.xml#AsyncMediation4"/>
  </connections>
  <connections type="routesTo" sourceAnchorX="1.0" sourceAnchorY="0.35106382978723405" targetAnchorX="0.5420560747663551" targetAnchorY="0.475">
    <source href="assembly.xml#AsyncMediation3"/>
    <target href="assembly.xml#Splitter"/>
  </connections>
  <connections type="routesTo" sourceAnchorX="1.0" sourceAnchorY="0.1595744680851064" targetAnchorX="0.1308411214953271" targetAnchorY="0.2916666666666667">
    <source href="assembly.xml#AsyncMediation4"/>
    <target href="assembly.xml#Splitter"/>
  </connections>
  <connections type="routesTo" sourceAnchorX="0.6382978723404256" sourceAnchorY="1.0" targetAnchorX="0.5098039215686274" targetAnchorY="0.4594594594594595">
    <source href="assembly.xml#//@beans/@mixed.1/@splitter.0/@subRoute.0"/>
    <target href="assembly.xml#Aggregator"/>
  </connections>
  <connections type="routesTo" sourceAnchorX="1.0" sourceAnchorY="0.2641509433962264" targetAnchorX="0.22388059701492538" targetAnchorY="0.40217391304347827">
    <source href="assembly.xml#Aggregator"/>
    <target href="assembly.xml#AsyncMediation5"/>
  </connections>
  <connections type="routesTo" sourceAnchorX="0.0" sourceAnchorY="0.2826086956521739" targetAnchorX="0.9252336448598131" targetAnchorY="0.31413612565445026">
    <source href="assembly.xml#AsyncMediation6"/>
    <target href="assembly.xml#Route1"/>
  </connections>
  <connections type="routesTo" sourceAnchorX="0.14173228346456693" sourceAnchorY="1.0" targetAnchorX="0.4074074074074074" targetAnchorY="0.24324324324324326">
    <source href="assembly.xml#//@beans/@mixed.1/@mixed.45/@mixed.3"/>
    <target href="assembly.xml#Call-Agg-LocalError"/>
  </connections>
  <connections type="routesTo" sourceAnchorX="1.0" sourceAnchorY="0.20212765957446807" targetAnchorX="0.20481927710843373" targetAnchorY="0.40540540540540543">
    <source href="assembly.xml#AsyncMediation2"/>
    <target href="assembly.xml#Call-AggregateInput"/>
  </connections>
  <connections type="routesTo" sourceAnchorX="0.5491803278688525" sourceAnchorY="1.0" targetAnchorX="0.5882352941176471" targetAnchorY="0.1792452830188679">
    <source href="assembly.xml#AggregateInput-Batch"/>
    <target href="assembly.xml#Aggregator"/>
  </connections>
  <connections type="routesResponseTo" sourceAnchorX="0.41566265060240964" sourceAnchorY="1.0" targetAnchorX="0.4065934065934066" targetAnchorY="0.32432432432432434">
    <source href="assembly.xml#Call-AggregateInput"/>
    <target href="assembly.xml#Call-AggregateInput-Batch"/>
  </connections>
  <connections type="routesTo" sourceAnchorX="0.0" sourceAnchorY="0.14893617021276595" targetAnchorX="0.5210084033613446" targetAnchorY="0.4594594594594595">
    <source href="assembly.xml#AsyncMediation5"/>
    <target href="assembly.xml#Call-WriteFiles"/>
  </connections>
  <connections type="routesTo" sourceAnchorX="0.14173228346456693" sourceAnchorY="1.0" targetAnchorX="0.4074074074074074" targetAnchorY="0.24324324324324326">
    <source href="assembly.xml#//@beans/@mixed.1/@mixed.61/@mixed.3"/>
    <target href="assembly.xml#Call-WriteFile-LocalError"/>
  </connections>
  <connections type="routesTo" sourceAnchorX="0.5892857142857143" sourceAnchorY="1.0" targetAnchorX="0.2553191489361702" targetAnchorY="0.5609756097560976">
    <source href="assembly.xml#WriteFiles"/>
    <target href="assembly.xml#AsyncMediation60"/>
  </connections>
  <connections type="routesTo" sourceAnchorX="1.0" sourceAnchorY="0.2601626016260163" targetAnchorX="0.4672897196261682" targetAnchorY="0.2929936305732484">
    <source href="assembly.xml#AsyncMediation60"/>
    <target href="assembly.xml#Route2"/>
  </connections>
  <connections type="routesTo" sourceAnchorX="0.5106382978723404" sourceAnchorY="1.0" targetAnchorX="0.4552238805970149" targetAnchorY="0.41304347826086957">
    <source href="assembly.xml#//@beans/@mixed.1/@route.3/@subRoute.0"/>
    <target href="assembly.xml#AsyncMediation7"/>
  </connections>
  <connections type="routesResponseTo" sourceAnchorX="0.7577319587628866" sourceAnchorY="1.0" targetAnchorX="0.3706293706293706" targetAnchorY="0.5675675675675675">
    <source href="assembly.xml#Call-ProcessInboundFile"/>
    <target href="assembly.xml#Call-NoChange"/>
  </connections>
  <connections type="routesResponseTo" sourceAnchorX="0.5594405594405595" sourceAnchorY="1.0" targetAnchorX="0.41044776119402987" targetAnchorY="0.35106382978723405">
    <source href="assembly.xml#Call-NoChange"/>
    <target href="assembly.xml#AsyncMediation9"/>
  </connections>
  <connections type="routesTo" sourceAnchorX="0.14173228346456693" sourceAnchorY="1.0" targetAnchorX="0.4074074074074074" targetAnchorY="0.24324324324324326">
    <source href="assembly.xml#//@beans/@mixed.1/@mixed.75/@mixed.3"/>
    <target href="assembly.xml#Call-WriteFile-LocalError0"/>
  </connections>
  <connections type="routesTo" sourceAnchorX="0.6324786324786325" sourceAnchorY="1.0" targetAnchorX="0.42567567567567566" targetAnchorY="0.34146341463414637">
    <source href="assembly.xml#NoChange"/>
    <target href="assembly.xml#AsyncMediation600"/>
  </connections>
  <connections type="routesTo" sourceAnchorX="1.0" sourceAnchorY="0.3829787234042553" targetAnchorX="0.2554347826086957" targetAnchorY="0.24324324324324326">
    <source href="assembly.xml#AsyncMediation9"/>
    <target href="assembly.xml#PutIntegrationMessage"/>
  </connections>
  <connections type="routesTo" sourceAnchorX="1.0" sourceAnchorY="0.2553191489361702" targetAnchorX="0.18848167539267016" targetAnchorY="0.35135135135135137">
    <source href="assembly.xml#AsyncMediation7"/>
    <target href="assembly.xml#OutputFile"/>
  </connections>
  <connections type="routesResponseTo" sourceAnchorX="0.45294117647058824" sourceAnchorY="1.0" targetAnchorX="0.39864864864864863" targetAnchorY="0.52">
    <source href="assembly.xml#GetEventDocuments"/>
    <target href="assembly.xml#Initialization"/>
  </connections>
  <connections type="routesTo" sourceAnchorX="1.0" sourceAnchorY="0.112" targetAnchorX="0.25" targetAnchorY="0.44805194805194803">
    <source href="assembly.xml#Initialization"/>
    <target href="assembly.xml#Route"/>
  </connections>
  <connections type="routesTo" sourceAnchorX="1.0" sourceAnchorY="0.17886178861788618" targetAnchorX="0.55" targetAnchorY="0.5844155844155844">
    <source href="assembly.xml#TransformInbound"/>
    <target href="assembly.xml#Route0"/>
  </connections>
  <connections type="routesTo" sourceAnchorX="1.0" sourceAnchorY="0.1968503937007874" targetAnchorX="0.03816793893129771" targetAnchorY="0.375">
    <source href="assembly.xml#AsyncMediation600"/>
    <target href="assembly.xml#AsyncMediation80"/>
  </connections>
  <swimlanes x="1527" y="205" name="Horizontal" alignment="MIDDLE"/>
  <swimlanes x="1535" y="130" name="Vertical" orientation="VERTICAL"/>
  <swimlanes x="14" y="16" name="Vertical" orientation="VERTICAL" elements="//@swimlanes.3 //@swimlanes.7 //@swimlanes.9 //@swimlanes.13 //@swimlanes.18 //@swimlanes.5 //@swimlanes.6"/>
  <swimlanes x="776" y="225" name="Horizontal" alignment="MIDDLE">
    <elements href="assembly.xml#StartHere"/>
    <elements href="assembly.xml#GetEventDocuments"/>
    <elements href="#//@swimlanes.4"/>
    <elements href="assembly.xml#Route"/>
    <elements href="assembly.xml#AsyncMediation"/>
    <elements href="assembly.xml#Call-ProcessInboundFile"/>
    <elements href="assembly.xml#Call-NoChange"/>
    <elements href="assembly.xml#AsyncMediation9"/>
    <elements href="assembly.xml#PutIntegrationMessage"/>
  </swimlanes>
  <swimlanes x="834" y="254" name="Vertical" orientation="VERTICAL">
    <elements href="assembly.xml#Initialization"/>
    <elements href="assembly.xml#Call-Init-LocalError"/>
  </swimlanes>
  <swimlanes x="630" y="233" name="Horizontal" alignment="MIDDLE">
    <elements href="assembly.xml#Local-ErrorHandler"/>
    <elements href="assembly.xml#AsyncMediation0"/>
  </swimlanes>
  <swimlanes x="673" y="311" name="Horizontal" alignment="MIDDLE" topBorderColor="255">
    <elements href="assembly.xml#//@beans/@mixed.1/@mixed.7"/>
    <elements href="assembly.xml#Note-Error"/>
  </swimlanes>
  <swimlanes x="866" y="384" name="Horizontal" alignment="MIDDLE">
    <elements href="assembly.xml#ProcessInboundFile"/>
    <elements href="#//@swimlanes.8"/>
    <elements href="assembly.xml#Route0"/>
    <elements href="assembly.xml#AsyncMediation2"/>
    <elements href="assembly.xml#Call-AggregateInput"/>
    <elements href="assembly.xml#Call-AggregateInput-Batch"/>
  </swimlanes>
  <swimlanes x="1075" y="298" name="Vertical" orientation="VERTICAL">
    <elements href="assembly.xml#TransformInbound"/>
    <elements href="assembly.xml#Call-InboundFile-LocalError"/>
  </swimlanes>
  <swimlanes x="1082" y="658" name="Horizontal" alignment="MIDDLE">
    <elements href="assembly.xml#AggregateInput"/>
    <elements href="#//@swimlanes.11"/>
    <elements href="assembly.xml#Route1"/>
    <elements href="#//@swimlanes.10"/>
    <elements href="assembly.xml#Splitter"/>
    <elements href="#//@swimlanes.12"/>
    <elements href="assembly.xml#AsyncMediation5"/>
    <elements href="assembly.xml#Call-WriteFiles"/>
  </swimlanes>
  <swimlanes x="1013" y="428" name="Vertical" orientation="VERTICAL">
    <elements href="assembly.xml#AsyncMediation3"/>
    <elements href="assembly.xml#AsyncMediation4"/>
  </swimlanes>
  <swimlanes x="1235" y="1044" name="Vertical" orientation="VERTICAL">
    <elements href="assembly.xml#AsyncMediation6"/>
    <elements href="assembly.xml#Call-Agg-LocalError"/>
  </swimlanes>
  <swimlanes x="1186" y="1278" name="Vertical" orientation="VERTICAL">
    <elements href="assembly.xml#AggregateInput-Batch"/>
    <elements href="assembly.xml#Aggregator"/>
  </swimlanes>
  <swimlanes x="1409" y="1009" name="Horizontal" alignment="MIDDLE">
    <elements href="assembly.xml#WriteFiles"/>
    <elements href="#//@swimlanes.14"/>
    <elements href="assembly.xml#Route2"/>
    <elements href="#//@swimlanes.15"/>
  </swimlanes>
  <swimlanes x="3076" y="884" name="Vertical" orientation="VERTICAL">
    <elements href="assembly.xml#AsyncMediation60"/>
    <elements href="assembly.xml#Call-WriteFile-LocalError"/>
  </swimlanes>
  <swimlanes x="1535" y="972" name="Vertical" orientation="VERTICAL" elements="//@swimlanes.17 //@swimlanes.16"/>
  <swimlanes x="1541" y="1512" name="Horizontal" alignment="MIDDLE"/>
  <swimlanes x="1535" y="1409" name="Horizontal" alignment="MIDDLE">
    <elements href="assembly.xml#AsyncMediation7"/>
    <elements href="assembly.xml#OutputFile"/>
  </swimlanes>
  <swimlanes x="1512" y="1425" name="Horizontal" alignment="MIDDLE">
    <elements href="assembly.xml#NoChange"/>
    <elements href="#//@swimlanes.19"/>
  </swimlanes>
  <swimlanes x="2648" y="1564" name="Vertical" orientation="VERTICAL">
    <elements href="#//@swimlanes.20"/>
    <elements href="assembly.xml#Call-WriteFile-LocalError0"/>
  </swimlanes>
  <swimlanes x="206" y="1735" name="Swimlane">
    <elements href="assembly.xml#AsyncMediation600"/>
    <elements href="assembly.xml#AsyncMediation80"/>
  </swimlanes>
</wdnm:Diagram>
