<?xml version="1.0" encoding="UTF-8"?>
<beans
     xmlns="http://www.springframework.org/schema/beans"
     xmlns:beans="http://www.springframework.org/schema/beans"
     xmlns:atom="http://www.w3.org/2005/Atom"
     xmlns:cc="http://www.capeclear.com/assembly/10"
     xmlns:cloud="urn:com.workday/esb/cloud/10.0"
     xmlns:env="http://schemas.xmlsoap.org/soap/envelope/"
     xmlns:pi="urn:com.workday/picof"
     xmlns:wd="urn:com.workday/bsvc"
     xmlns:xsi="http://www.w3.org/2001/XMLSchema-instance">
 
	<cc:assembly id="WorkdayAssembly" version="2019.6">
        <cc:async-mediation id="GetDetails" routes-to="WorkdayOutSoapGet" handle-downstream-errors="true">
            <cc:steps>
                <cc:write id="Write">
                    <cc:message>
                        <cc:text>&lt;?xml version=&quot;1.0&quot; ?>&#xD;
&lt;env:Envelope xmlns:env=&quot;http://schemas.xmlsoap.org/soap/envelope/&quot;>&#xD;
    &lt;env:Body>&#xD;
        &lt;wd:Get_Integration_Events_Request&#xD;
            xmlns:wd=&quot;urn:com.workday/bsvc&quot;&#xD;
            wd:version=&quot;v32.2&quot;>&#xD;
            &lt;wd:Request_References>&#xD;
                &lt;wd:Integration_Event_Reference>&#xD;
                    &lt;wd:ID wd:type=&quot;WID&quot;>@{props['p.WID'] }&lt;/wd:ID>&#xD;
                &lt;/wd:Integration_Event_Reference>&#xD;
            &lt;/wd:Request_References>&#xD;
            &lt;wd:Response_Filter>&#xD;
                &lt;wd:Page>1&lt;/wd:Page>&#xD;
                &lt;wd:Count>1&lt;/wd:Count>&#xD;
            &lt;/wd:Response_Filter>&#xD;
        &lt;/wd:Get_Integration_Events_Request>&#xD;
    &lt;/env:Body>&#xD;
&lt;/env:Envelope></cc:text>
                    </cc:message>
                </cc:write>
                <cc:log id="Log">
                    <cc:log-message>
                        <cc:text>&#xD;
&#xD;
********Values****************&#xD;
SYSTEMID: @{props['systemid']}&#xD;
PageNo: @{props['p.page.no'] }&#xD;
Type: @{props['p.IntType']}</cc:text>
                    </cc:log-message>
                </cc:log>
            </cc:steps>
            <cc:send-error id="SendError" routes-to="SecondPIM"/>
        </cc:async-mediation>
        <cc:workday-out-soap id="WorkdayOutSoapGet" routes-response-to="Transformation" application="Integrations" version="v32.0"/>
        <cc:async-mediation id="Transformation" routes-to="WorkdayOutSoapPut" handle-downstream-errors="true">
            <cc:steps>
                <cc:xslt-plus id="1" url="First_XSLTv6.xsl"/>
                <cc:xslt-plus id="2" url="Second_XSLTv6.xsl"/>
                <cc:xslt-plus id="3" url="Third_XSLTv6.xsl"/>
                <cc:xslt-plus id="4" url="Forth_XSLTv6.xsl"/>
                <cc:wrap-soap id="WrapSoap"/>
            </cc:steps>
            <cc:send-error id="SendError" routes-to="FinalPIM"/>
        </cc:async-mediation>
        <cc:workday-out-soap id="WorkdayOutSoapPut" routes-response-to="CallAudit2" application="Integrations" version="v32.0"/>
        <cc:workday-out-rest id="WorkdayOutRest" routes-response-to="GetReportData" extra-path="@{intsys.reportService.getExtrapath('IntegrationNames')}@{props['x.path']}"/>
        <cc:splitter id="Splitter0">
            <cc:sub-route name="SubRoute" routes-to="IntegrationName"/>
            <cc:xpath-splitter xpath="/root/data"/>
        </cc:splitter>
        <cc:local-out id="NoInputFilePIM" endpoint="vm://wcc/PutIntegrationMessage">
            <cc:set name="is.message.severity" value="'CRITICAL'"/>
            <cc:set name="is.message.summary" value="'The integration has failed because there is no input to process.'"/>
            <cc:set name="is.message.storage.enabled" value="false"/>
        </cc:local-out>
        <cc:async-mediation id="GetFile" routes-to="Route" handle-downstream-errors="true">
            <cc:steps>
                <cc:validate-exp id="ValidateExp">
                    <cc:expression error-number="001" failure-message="Input File is Missing. Hence, cannot process further.">da.size() > 0</cc:expression>
                </cc:validate-exp>
            </cc:steps>
            <cc:send-error id="SendError" routes-to="NoInputFilePIM"/>
        </cc:async-mediation>
        <cc:route id="Route">
            <cc:doc-iterator variable-name="vInputFile"/>
            <cc:sub-route name="ProcessFile" routes-to="GetIntegrations"/>
        </cc:route>
        <cc:async-mediation id="IntegrationName" routes-to="WorkdayOutRest">
            <cc:steps>
                <cc:eval id="INT">
                    <cc:expression>props['pIntegrationName'] = parts[0].xpath('/data')</cc:expression>
                    <cc:expression>props['pIntegrationName'] = props['pIntegrationName'].replaceAll(' ','%20')</cc:expression>
                    <cc:expression>props['x.path'] = '?CF_POV_Integration_Name_LRV='+props['pIntegrationName']</cc:expression>
                    <cc:expression>props['p.IntName.File'] = parts[0].xpath('/data')</cc:expression>
                    <cc:expression>props['a.IntName'] = parts[0].xpath('/data')</cc:expression>
                </cc:eval>
            </cc:steps>
        </cc:async-mediation>
        <cc:workday-in id="StartHere" routes-to="GetFile">
            <cc:integration-system name="POV Re-Launch_Integration">
        <cloud:param name="Validate Only">
          <cloud:type>
            <cloud:simple-type>boolean</cloud:simple-type>
          </cloud:type>
        </cloud:param>
        <cloud:retrieval-service name="POVDR_FRS_Relaunch"/>
        <cloud:report-service name="POVDR_RS__Relaunch">
          <cloud:report-alias description="RPT POV Re-Launch Integration Event" name="IntegrationNames">
            <cloud:report-reference description="RPT POV Re-Launch Integration Event" type="WID">02e69360494101ebdb85ee76cd25fc39</cloud:report-reference>
          </cloud:report-alias>
        </cloud:report-service>
      </cc:integration-system>
        </cc:workday-in>
        <cc:local-out id="FirstPIM" endpoint="vm://wcc/PutIntegrationMessage">
            <cc:set name="is.message.severity" value="'CRITICAL'"/>
            <cc:set name="is.message.summary" value="'Error calling the Report' + context.errorMessage"/>
            <cc:set name="is.message.storage.enabled" value="false"/>
        </cc:local-out>
        <cc:async-mediation id="GetIntegrations" routes-to="Splitter0" handle-downstream-errors="true">
            <cc:steps>
                <cc:csv-to-xml id="CsvToXmlFile" input="variable" input-variable="vInputFile" colNames="Integration_Name" format="simple" rootName="root" rowName="data" useFirstLineAsHeader="true"/>
            </cc:steps>
            <cc:send-error id="SendError" routes-to="FirstPIM"/>
        </cc:async-mediation>
        <cc:async-mediation id="GetReportData" routes-to="CallProcessData">
            <cc:steps>
                <cc:eval id="Eval">
                    <cc:expression>//Make sure to change namespace below in props['p.IntType'] and props['IntName'] when you create new report</cc:expression>
                    <cc:expression>props['p.IntType'] = parts[0].xpath('wd:Report_Data/wd:Report_Entry/wd:CF_POV_Integration_Template/@wd:Descriptor', 'wd urn:com.workday.report/RPT_POV_Re-Launch_Integration_Event')</cc:expression>
                    <cc:expression>props['IntName'] = parts[0].xpath('wd:Report_Data/wd:Report_Entry/wd:CF_POV_Integration_System_ID', 'wd urn:com.workday.report/RPT_POV_Re-Launch_Integration_Event')</cc:expression>
                    <cc:expression>props['IsPresent'] = parts[0].xpathB('wd:Report_Data/wd:Report_Entry/wd:CF_POV_Integration_System_ID', 'wd urn:com.workday.report/RPT_POV_Re-Launch_Integration_Event')</cc:expression>
                    <cc:expression>props['p.WID'] = parts[0].xpath('wd:Report_Data/wd:Report_Entry/wd:WID', 'wd urn:com.workday.report/RPT_POV_Re-Launch_Integration_Event')</cc:expression>
                    <cc:expression>props['systemid'] = parts[0].xpath('wd:Report_Data/wd:Report_Entry/wd:CF_POV_Integration_System_ID', 'wd urn:com.workday.report/RPT_POV_Re-Launch_Integration_Event')</cc:expression>
                </cc:eval>
                <cc:log id="Log">
                    <cc:log-message>
                        <cc:text>&#xD;
&#xD;
****************MAHESH****************&#xD;
Template Type: @{props['p.IntType']}&#xD;
Integration Name: @{props['IntName']}&#xD;
IsPresent: @{props['IsPresent']}&#xD;
WID: @{props['p.WID'] }&#xD;
</cc:text>
                    </cc:log-message>
                </cc:log>
                <cc:validate-exp id="ValidateExp">
                    <cc:expression failure-message="Invalid integration: @{props['pIntegrationName']} is present in the inbound file">props['IsPresent']!= false</cc:expression>
                </cc:validate-exp>
            </cc:steps>
            <cc:send-error id="SendError" routes-to="PutIntegrationMessage"/>
        </cc:async-mediation>
        <cc:local-in id="ProcessData" routes-to="GetDetails" icon="local-in-ProcessData3.png"/>
        <cc:local-out id="CallProcessData" execute-when="props['IsPresent'] == true" endpoint="vm://POV_ReLaunch_Integration/ProcessData"/>
        <cc:local-out id="SecondPIM" endpoint="vm://wcc/PutIntegrationMessage"><cc:set name="is.message.severity" value="'ERROR'"/><cc:set name="is.message.summary" value="'Error while fetching previous launch parameters for integration ' + props['IntName']"/><cc:set name="is.message.storage.enabled" value="false"/></cc:local-out>
        <cc:local-out id="FinalPIM" routes-response-to="CallAudit1" endpoint="vm://wcc/PutIntegrationMessage"><cc:set name="is.message.severity" value="'ERROR'"/><cc:set name="is.message.summary" value="'Error while re-launching integration ' + props['IntName']"/><cc:set name="is.message.storage.enabled" value="false"/></cc:local-out>
        <cc:send-error id="global-error-handler" rethrow-error="false" routes-to="Note-Error"/>
        <cc:local-out id="Note-Error" endpoint="vm://wcc/PutIntegrationMessage">
            <cc:set name="is.message.severity" value="'CRITICAL'"/>
            <cc:set name="is.message.summary" value="context.errorMessage"/>
        </cc:local-out>
        <cc:async-mediation id="Store">
            <cc:steps>
                <cc:store id="file" expiresIn="P180D" title="Audit.txt"/>
            </cc:steps>
        </cc:async-mediation>
        <cc:aggregator id="Aggregator" routes-to="Store">
            <cc:size-batch-strategy batch-size="-1"/>
            <cc:message-content-collater>
        <cc:header-text>IntegrationName,Document Retention Policy,Status@{'\n'}</cc:header-text>
        <cc:separator>\n</cc:separator>
      </cc:message-content-collater>
        </cc:aggregator>
        <cc:async-mediation id="Write" routes-to="Aggregator">
            <cc:steps>
                <cc:write id="Write">
                    <cc:message>
                        <cc:text>@{props['a.IntName']},@{props['pStatus']}</cc:text>
                    </cc:message>
                </cc:write>
            </cc:steps>
        </cc:async-mediation>
        <cc:local-in id="aAudit" routes-to="Write" icon="local-in-Audit0.png"/>
        <cc:local-out id="CallAudit1" endpoint="vm://POV_ReLaunch_Integration/aAudit"><cc:set name="pStatus" value="'ERROR'"/></cc:local-out>
        <cc:local-out id="CallAudit2" endpoint="vm://POV_ReLaunch_Integration/aAudit"><cc:set name="pStatus" value="'Success'"/></cc:local-out>
        <cc:local-out id="PutIntegrationMessage" endpoint="vm://wcc/PutIntegrationMessage"><cc:set name="is.message.severity" value="'ERROR'"/><cc:set name="is.message.summary" value="context.errorMessage"/></cc:local-out>
	</cc:assembly>

</beans>