<?xml version="1.0" encoding="UTF-8"?>
<beans
     xmlns="http://www.springframework.org/schema/beans"
     xmlns:beans="http://www.springframework.org/schema/beans"
     xmlns:atom="http://www.w3.org/2005/Atom"
     xmlns:cc="http://www.capeclear.com/assembly/10"
     xmlns:cloud="urn:com.workday/esb/cloud/10.0"
     xmlns:env="http://schemas.xmlsoap.org/soap/envelope/"
     xmlns:pi="urn:com.workday/picof"
     xmlns:wd="urn:com.workday/bsvc"
     xmlns:xsi="http://www.w3.org/2001/XMLSchema-instance">
 
	<cc:assembly id="WorkdayAssembly" version="2020.36">
        <cc:workday-in id="BP-IN-Customer-Invoice" routes-to="AM-CustomerProcess">
            <cc:integration-system name="VTX-CustomerInvoiceBP">
        <cloud:param name="CustomerInvoiceWID">
          <cloud:type>
            <cloud:class-report-field description="Customer Invoice" type="WID" singular="true">25874a03880c4f0796be680517572e8d</cloud:class-report-field>
          </cloud:type>
          <cloud:launch-option>required</cloud:launch-option>
        </cloud:param>
        <cloud:param name="PostOption">
          <cloud:type>
            <cloud:enumeration-type name="VtxPostOptionEnum">
              <cloud:enumeration>POST</cloud:enumeration>
              <cloud:enumeration>DISTRIBUTE</cloud:enumeration>
              <cloud:enumeration>QUOTE</cloud:enumeration>
            </cloud:enumeration-type>
          </cloud:type>
          <cloud:default>
            <cloud:enumeration name="VtxPostOptionEnum">
              <cloud:enumeration>QUOTE</cloud:enumeration>
            </cloud:enumeration>
          </cloud:default>
        </cloud:param>
        <cloud:param name="AdjustmentFlag">
          <cloud:type>
            <cloud:simple-type>boolean</cloud:simple-type>
          </cloud:type>
          <cloud:default>
            <cloud:boolean>false</cloud:boolean>
          </cloud:default>
        </cloud:param>
        <cloud:param name="Version">
          <cloud:type>
            <cloud:simple-type>text</cloud:simple-type>
          </cloud:type>
          <cloud:default>
            <cloud:text>v1.5.0</cloud:text>
          </cloud:default>
          <cloud:launch-option>do-not-show</cloud:launch-option>
        </cloud:param>
        <cloud:attribute-map-service name="VtxCustomerInvoiceBPAttributeMapService">
          <cloud:attribute name="TrustedId">
            <cloud:type>
              <cloud:simple-type>text</cloud:simple-type>
            </cloud:type>
            <cloud:display-option>required-for-launch</cloud:display-option>
            <cloud:display-option>display-as-password</cloud:display-option>
          </cloud:attribute>
          <cloud:attribute name="VertexWSTaxCalcURL">
            <cloud:type>
              <cloud:simple-type>text</cloud:simple-type>
            </cloud:type>
            <cloud:display-option>required-for-launch</cloud:display-option>
          </cloud:attribute>
          <cloud:attribute name="DebugFlag">
            <cloud:type>
              <cloud:simple-type>boolean</cloud:simple-type>
            </cloud:type>
            <cloud:display-option>required-for-launch</cloud:display-option>
          </cloud:attribute>
          <cloud:attribute name="WWSVersion">
            <cloud:type>
              <cloud:simple-type>text</cloud:simple-type>
            </cloud:type>
            <cloud:display-option>required-for-launch</cloud:display-option>
          </cloud:attribute>
        </cloud:attribute-map-service>
        <cloud:report-service name="VtxCustomerInvoiceReportService">
          <cloud:report-alias description="Vertex Customer Invoice Raas" name="VtxCustomerInvoiceRaas">
            <cloud:report-reference description="VtxCustomerInvoiceRpt" type="WID">b32c05ebed00102451c81625b2b40000</cloud:report-reference>
          </cloud:report-alias>
        </cloud:report-service>
        <cloud:service-reference name="VtxUpdateCustomObjectService"/>
      </cc:integration-system>
        </cc:workday-in>
        <cc:send-error id="global-error-handler" rethrow-error="false" routes-to="Local-IN-GlobalErrorHandler"/>
        <cc:workday-in id="BP-IN-Supplier-Invoice" routes-to="AM-SupplierProcess">
            <cc:integration-system name="VTX-SupplierInvoiceBP">
        <cloud:param name="SupplierInvoiceWID">
          <cloud:type>
            <cloud:class-report-field description="Supplier Invoice" type="WID" singular="true">61f14350ba2648168ad9cde789454dfc</cloud:class-report-field>
          </cloud:type>
        </cloud:param>
        <cloud:param name="PostOption">
          <cloud:type>
            <cloud:enumeration-type-reference name="VtxPostOptionEnum"/>
          </cloud:type>
          <cloud:default>
            <cloud:enumeration name="VtxPostOptionEnum">
              <cloud:enumeration>POST</cloud:enumeration>
            </cloud:enumeration>
          </cloud:default>
          <cloud:launch-option>required</cloud:launch-option>
        </cloud:param>
        <cloud:param name="AdjustmentFlag">
          <cloud:type>
            <cloud:simple-type>boolean</cloud:simple-type>
          </cloud:type>
          <cloud:default>
            <cloud:boolean>false</cloud:boolean>
          </cloud:default>
        </cloud:param>
        <cloud:param name="Version">
          <cloud:type>
            <cloud:simple-type>text</cloud:simple-type>
          </cloud:type>
          <cloud:default>
            <cloud:text>v1.5.0</cloud:text>
          </cloud:default>
          <cloud:launch-option>do-not-show</cloud:launch-option>
        </cloud:param>
        <cloud:param name="VtxCalcDelay">
          <cloud:type>
            <cloud:simple-type>number</cloud:simple-type>
          </cloud:type>
          <cloud:default>
            <cloud:numeric>100</cloud:numeric>
          </cloud:default>
        </cloud:param>
        <cloud:attribute-map-service name="VtxSupplierInvoiceBPAttributeMapService">
          <cloud:attribute name="TrustedId">
            <cloud:type>
              <cloud:simple-type>text</cloud:simple-type>
            </cloud:type>
            <cloud:display-option>required-for-launch</cloud:display-option>
            <cloud:display-option>display-as-password</cloud:display-option>
          </cloud:attribute>
          <cloud:attribute name="VertexWSTaxCalcURL">
            <cloud:type>
              <cloud:simple-type>text</cloud:simple-type>
            </cloud:type>
            <cloud:display-option>required-for-launch</cloud:display-option>
          </cloud:attribute>
          <cloud:attribute name="DebugFlag">
            <cloud:type>
              <cloud:simple-type>boolean</cloud:simple-type>
            </cloud:type>
            <cloud:display-option>required-for-launch</cloud:display-option>
          </cloud:attribute>
          <cloud:attribute name="WWSVersion">
            <cloud:type>
              <cloud:simple-type>text</cloud:simple-type>
            </cloud:type>
            <cloud:display-option>required-for-launch</cloud:display-option>
          </cloud:attribute>
          <cloud:attribute name="PartialAccrualFlag">
            <cloud:type>
              <cloud:simple-type>boolean</cloud:simple-type>
            </cloud:type>
            <cloud:display-option>required-for-launch</cloud:display-option>
          </cloud:attribute>
          <cloud:attribute name="UpperThresholdAmount">
            <cloud:type>
              <cloud:simple-type>number</cloud:simple-type>
            </cloud:type>
          </cloud:attribute>
          <cloud:attribute name="LowerThresholdAmount">
            <cloud:type>
              <cloud:simple-type>number</cloud:simple-type>
            </cloud:type>
          </cloud:attribute>
          <cloud:attribute name="CanadianPartialAccrualFlag">
            <cloud:type>
              <cloud:simple-type>boolean</cloud:simple-type>
            </cloud:type>
            <cloud:display-option>required-for-launch</cloud:display-option>
          </cloud:attribute>
        </cloud:attribute-map-service>
        <cloud:report-service name="VtxSupplierInvoiceReportService">
          <cloud:report-alias description="Vertex Supplier Invoice Raas" name="VtxSupplierInvoiceRaas"/>
        </cloud:report-service>
        <cloud:custom-object-service name="VtxSupplierCustomObjectService">
          <cloud:custom-object-alias description="Vertex Custom Object Supplier Invoice" name="VtxCustObj_SuppInv"/>
          <cloud:custom-object-alias description="Vertex Custom Object Supplier Invoice Line" name="VtxCustObj_SuppInvLine"/>
          <cloud:custom-object-alias description="Vertex Custom Object Supplier Invoice Adjustment" name="VtxCustObj_SuppInvAdj"/>
        </cloud:custom-object-service>
      </cc:integration-system>
        </cc:workday-in>
        <cc:local-out id="LoadCustomerProperties" routes-response-to="Local-IN-Customer-Invoice" endpoint="vm://VTX-LoadProperties/LoadPropertiesIN"><cc:set name="load.props.Mode" value="props['pMode']"/><cc:set name="load.props.Source" value="props['pSource']"/></cc:local-out>
        <cc:async-mediation id="AM-CustomerProcess" routes-to="LoadCustomerProperties" handle-downstream-errors="true">
            <cc:steps>
                <cc:eval id="Eval">
                    <cc:expression>props['pSource'] = 'CUSTOMER'</cc:expression>
                    <cc:expression>props['pMode'] = 'SINGLE'</cc:expression>
                    <cc:expression>Thread.currentThread().sleep(20000);</cc:expression>
                </cc:eval>
            </cc:steps>
            <cc:send-error id="SendError" rethrow-error="true" routes-to="PutIntegrationMessage"/>
        </cc:async-mediation>
        <cc:async-mediation id="AM-SupplierProcess" routes-to="LoadSupplierProperties" handle-downstream-errors="true">
            <cc:steps>
                <cc:eval id="Eval">
                    <cc:expression>props['pSource'] = 'SUPPLIER'</cc:expression>
                    <cc:expression>props['pMode'] = 'SINGLE'</cc:expression>
                </cc:eval>
            </cc:steps>
            <cc:send-error id="SendError" rethrow-error="true" routes-to="PutIntegrationMessage0"/>
        </cc:async-mediation>
        <cc:local-out id="LoadSupplierProperties" routes-response-to="Local-IN-Supplier-Invoice" endpoint="vm://VTX-LoadProperties/LoadPropertiesIN"><cc:set name="load.props.Source" value="props['pSource']"/><cc:set name="load.props.Mode" value="props['pMode']"/></cc:local-out>
        <cc:local-out id="Local-IN-Customer-Invoice" routes-response-to="GetCustomerImportStatus" endpoint="vm://VTX-CustomerInvoiceBP/Local-IN-Customer-Invoice"><cc:set name="customer.invoice.BP.WID" value="props['pWID']"/></cc:local-out>
        <cc:local-out id="Local-IN-Supplier-Invoice" routes-response-to="GetSupplierImportStatus" endpoint="vm://VTX-SupplierInvoiceBP/Local-IN-Supplier-Invoice"><cc:set name="supplier.invoice.BP.WID" value="props['pWID']"/></cc:local-out>
        <cc:local-out id="Local-IN-GlobalErrorHandler" endpoint="vm://VTX-GlobalErrorHandler/Local-IN-GlobalErrorHandler"/>
        <cc:workday-in id="BP-IN-Batch-Customer-Invoice-QUOTE" routes-to="AM-SetQuoteProperties">
            <cc:integration-system name="VTX-BatchQuoteCustomerInvoiceBP">
        <cloud:param name="Company">
          <cloud:type>
            <cloud:class-report-field description="Company for Tax Integration" type="WID" singular="true">1a933f57282c10001950c29f15d913df</cloud:class-report-field>
          </cloud:type>
        </cloud:param>
        <cloud:param name="Version">
          <cloud:type>
            <cloud:simple-type>text</cloud:simple-type>
          </cloud:type>
          <cloud:default>
            <cloud:text>v1.5.0</cloud:text>
          </cloud:default>
          <cloud:launch-option>do-not-show</cloud:launch-option>
        </cloud:param>
        <cloud:report-service name="VtxBatchCustomerReportService">
          <cloud:report-alias description="Vertex Customer Invoice Raas" name="VtxCustomerInvoiceRaas"/>
          <cloud:report-alias description="Vertex Batch Quote Customer Invoice Raas" name="VtxBatchQuoteCustomerInvoiceRaas"/>
          <cloud:report-alias description="Vertex Batch Post Customer Invoice Raas" name="VtxBatchPostCustomerInvoiceRaas"/>
          <cloud:report-alias description="Vertex Batch Quote Customer Invoice Cleanup Raas" name="VtxBatchQuoteCustInvCleanupRaas"/>
        </cloud:report-service>
        <cloud:custom-object-service name="VtxUpdateCustomObjectService">
          <cloud:custom-object-alias description="VertexCustomerInvoice" name="VtxCustObj_CustInv">
            <cloud:custom-object-reference description="VTXCustomerInvoice" type="WID">b32c05ebed00102451c821927d590000</cloud:custom-object-reference>
          </cloud:custom-object-alias>
          <cloud:custom-object-alias description="VertexCustomerInvoiceAdjustment" name="VtxCustObj_CustInvAdj">
            <cloud:custom-object-reference description="VTXCustomerInvoiceAdj" type="WID">b32c05ebed00102451c81d5c419e0000</cloud:custom-object-reference>
          </cloud:custom-object-alias>
          <cloud:custom-object-alias description="VertexCustomerInvoiceLine" name="VtxCustObj_CustInvLine">
            <cloud:custom-object-reference description="VTXCustomerInvoiceLine" type="WID">b32c05ebed00102451c825c664810000</cloud:custom-object-reference>
          </cloud:custom-object-alias>
        </cloud:custom-object-service>
        <cloud:service-reference name="VtxCustomerInvoiceBPAttributeMapService"/>
      </cc:integration-system>
        </cc:workday-in>
        <cc:local-out id="LoadBatchQuoteProperties" routes-response-to="LOCAL-IN-BatchCustomerInvoice" endpoint="vm://VTX-LoadProperties/LoadPropertiesIN"><cc:set name="load.props.Source" value="props['pSource']"/><cc:set name="load.props.Mode" value="props['pMode']"/></cc:local-out>
        <cc:local-out id="LOCAL-IN-BatchCustomerInvoice" routes-response-to="GetBatchCustomerStatus" endpoint="vm://VTX-BatchCustomerInvoice/LOCAL-IN-BatchCustomerInvoice"><cc:set name="batch.customer.invoice.company.WID" value="props['pCompanyWID']"/></cc:local-out>
        <cc:local-out id="GetCustomerImportStatus" execute-when="props['process.calc.response.BgProcessWIDList'].size() > 0" routes-response-to="CallCustInvCustmObjUpdate" endpoint="vm://VTX-GetImportStatus/GetTaxImportStatus"><cc:set name="get.tax.import.status.WIDList" value="props['process.calc.response.BgProcessWIDList']"/><cc:set name="get.tax.import.status.BgProcessWIDToInvoiceWIDMap" value="props['process.calc.response.BgProcessWIDToInvoiceWIDMap']"/></cc:local-out>
        <cc:local-out id="GetSupplierImportStatus" execute-when="(props['get.supplier.invoice.TaxOption'] == 'CALC_USE_TAX' || props['get.supplier.invoice.TaxOption'] == 'CALC_TAX_DUE') &amp;&amp; props['process.calc.response.BgProcessWIDList'].size() > 0" routes-response-to="SupplierInvListCustObjectStatusUpdate" endpoint="vm://VTX-GetImportStatus/GetTaxImportStatus"><cc:set name="get.tax.import.status.WIDList" value="props['process.calc.response.BgProcessWIDList']"/><cc:set name="get.tax.import.status.BgProcessWIDToInvoiceWIDMap" value="props['process.calc.response.BgProcessWIDToInvoiceWIDMap']"/></cc:local-out>
        <cc:local-out id="GetBatchCustomerStatus" execute-when="props['process.calc.response.BgProcessWIDList'].size() > 0" routes-response-to="CallBatchCustInvCustObjUpdate" endpoint="vm://VTX-GetImportStatus/GetTaxImportStatus"><cc:set name="get.tax.import.status.WIDList" value="props['process.calc.response.BgProcessWIDList']"/><cc:set name="get.tax.import.status.BgProcessWIDToInvoiceWIDMap" value="props['process.calc.response.BgProcessWIDToInvoiceWIDMap']"/></cc:local-out>
        <cc:workday-in id="BP-IN-Batch-Customer-Invoice-POST" routes-to="AM-SetPostProperties">
            <cc:integration-system name="VTX-BatchPostCustomerInvoiceBP">
        <cloud:param name="Company">
          <cloud:type>
            <cloud:class-report-field description="Company for Tax Integration" type="WID" singular="true">1a933f57282c10001950c29f15d913df</cloud:class-report-field>
          </cloud:type>
          <cloud:launch-option>required</cloud:launch-option>
        </cloud:param>
        <cloud:param name="Invoice Date On or After">
          <cloud:type>
            <cloud:simple-type>date</cloud:simple-type>
          </cloud:type>
          <cloud:default>
            <cloud:class-report-field description="First Day of This Month" type="WID">481f745187ed430fb43701e05978680b</cloud:class-report-field>
          </cloud:default>
          <cloud:launch-option>required</cloud:launch-option>
        </cloud:param>
        <cloud:param name="Invoice Date On or Before">
          <cloud:type>
            <cloud:simple-type>date</cloud:simple-type>
          </cloud:type>
          <cloud:default>
            <cloud:class-report-field description="Today (End of Day)" type="WID">46a36a7e1b8210001238dea7f6746a08</cloud:class-report-field>
          </cloud:default>
          <cloud:launch-option>required</cloud:launch-option>
        </cloud:param>
        <cloud:param name="Version">
          <cloud:type>
            <cloud:simple-type>text</cloud:simple-type>
          </cloud:type>
          <cloud:default>
            <cloud:text>v1.5.0</cloud:text>
          </cloud:default>
          <cloud:launch-option>do-not-show</cloud:launch-option>
        </cloud:param>
        <cloud:service-reference name="VtxCustomerInvoiceBPAttributeMapService"/>
        <cloud:service-reference name="VtxUpdateCustomObjectService"/>
        <cloud:service-reference name="VtxBatchCustomerReportService"/>
      </cc:integration-system>
        </cc:workday-in>
        <cc:async-mediation id="AM-SetQuoteProperties" routes-to="LoadBatchQuoteProperties">
            <cc:steps>
                <cc:eval id="Eval">
                    <cc:expression>props['pPostOption'] = &quot;QUOTE&quot;</cc:expression>
                    <cc:expression>props['pSource'] = 'CUSTOMER'</cc:expression>
                    <cc:expression>props['pMode'] = 'BATCH'</cc:expression>
                </cc:eval>
            </cc:steps>
        </cc:async-mediation>
        <cc:async-mediation id="AM-SetPostProperties" routes-to="LoadBatchPostProperties">
            <cc:steps>
                <cc:eval id="Eval">
                    <cc:expression>props['pPostOption'] = 'DISTRIBUTE'</cc:expression>
                    <cc:expression>props['pSource'] = 'CUSTOMER'</cc:expression>
                    <cc:expression>props['pMode'] = 'BATCH'</cc:expression>
                    <cc:expression>props['pInvoice_StartDate'] = lp.getSimpleData('Invoice Date On or After')</cc:expression>
                    <cc:expression>props['pInvoice_EndDate'] = lp.getSimpleData('Invoice Date On or Before')</cc:expression>
                    <cc:expression>props['Invoice_StartDate'] = props['pInvoice_StartDate'].toString().substring(0, 10);</cc:expression>
                    <cc:expression>props['Invoice_EndDate'] = props['pInvoice_EndDate'].toString().substring(0, 10);</cc:expression>
                </cc:eval>
            </cc:steps>
        </cc:async-mediation>
        <cc:local-out id="CallBatchCustInvCustObjUpdate" execute-when="props['pAdjustmentFlag'] == 0 and (props['get.tax.import.status.success.InvoiceWIDList'].size() > 0 or props['get.tax.import.status.failed.InvoiceWIDList'].size() > 0)" endpoint="vm://VTX-CustomerInvoiceCustomObjectHandler/BatchCustomerInvoiceCustmObjUpdate-IN"><cc:set name="customer.invoice.success.list" value="props['get.tax.import.status.success.InvoiceWIDList'] "/><cc:set name="customer.invoice.failed.list" value="props['get.tax.import.status.failed.InvoiceWIDList']"/></cc:local-out>
        <cc:local-out id="CallCustInvCustmObjUpdate" execute-when="props['get.tax.import.status.success.InvoiceWIDList'].size() > 0 or props['get.tax.import.status.failed.InvoiceWIDList'].size() > 0" endpoint="vm://VTX-CustomerInvoiceCustomObjectHandler/BatchCustomerInvoiceCustmObjUpdate-IN"><cc:set name="customer.invoice.success.list" value="props['get.tax.import.status.success.InvoiceWIDList'] "/><cc:set name="customer.invoice.failed.list" value="props['get.tax.import.status.failed.InvoiceWIDList']"/></cc:local-out>
        <cc:local-out id="PutIntegrationMessage" routes-response-to="CallCustInvCustmObjUpdate" endpoint="vm://wcc/PutIntegrationMessage"><cc:set name="is.message.severity" value="'INFO'"/><cc:set name="is.message.summary" value="'Customer Invoice Failed: '+props['pWID']"/></cc:local-out>
        <cc:local-out id="PutIntegrationMessage0" endpoint="vm://wcc/PutIntegrationMessage"><cc:set name="is.message.severity" value="'INFO'"/><cc:set name="is.message.summary" value="'Supplier Invoice Failed: '+props['pWID']"/></cc:local-out>
        <cc:local-out id="LoadBatchPostProperties" routes-response-to="BatchQuote-Cleanup-IN" endpoint="vm://VTX-LoadProperties/LoadPropertiesIN"><cc:set name="load.props.Source" value="props['pSource']"/><cc:set name="load.props.Mode" value="props['pMode']"/></cc:local-out>
        <cc:local-out id="BatchQuote-Cleanup-IN" routes-response-to="LOCAL-IN-BatchCustomerInvoice0" endpoint="vm://VTX-ProcessQuoteCleanup/BatchQuote-Cleanup-IN"/>
        <cc:local-out id="LOCAL-IN-BatchCustomerInvoice0" endpoint="vm://VTX-BatchCustomerInvoice/LOCAL-IN-BatchCustomerInvoice"><cc:set name="batch.customer.invoice.company.WID" value="props['pCompanyWID']"/></cc:local-out>
        <cc:workday-in id="BP-IN-Supplier-Invoice-PreProcess" routes-to="AsyncMediation">
            <cc:integration-system name="VTX-SupplierInvoicePreProcessBP">
        <cloud:param name="SupplierInvoiceWID">
          <cloud:type>
            <cloud:class-report-field description="Supplier Invoice" type="WID" singular="true">f2e34b8ee97810001df160238f660149</cloud:class-report-field>
          </cloud:type>
          <cloud:launch-option>required</cloud:launch-option>
        </cloud:param>
        <cloud:param name="Version">
          <cloud:type>
            <cloud:simple-type>text</cloud:simple-type>
          </cloud:type>
          <cloud:default>
            <cloud:text>v1.5.0</cloud:text>
          </cloud:default>
          <cloud:launch-option>do-not-show</cloud:launch-option>
        </cloud:param>
        <cloud:param name="AdjustmentFlag">
          <cloud:type>
            <cloud:simple-type>boolean</cloud:simple-type>
          </cloud:type>
          <cloud:default>
            <cloud:boolean>false</cloud:boolean>
          </cloud:default>
        </cloud:param>
        <cloud:attribute-map-service name="VtxSupplierInvoicePreProcessBPAttributeMapService">
          <cloud:attribute name="DebugFlag">
            <cloud:type>
              <cloud:simple-type>boolean</cloud:simple-type>
            </cloud:type>
            <cloud:display-option>required-for-launch</cloud:display-option>
          </cloud:attribute>
          <cloud:attribute name="WWSVersion">
            <cloud:type>
              <cloud:simple-type>text</cloud:simple-type>
            </cloud:type>
            <cloud:display-option>required-for-launch</cloud:display-option>
          </cloud:attribute>
        </cloud:attribute-map-service>
        <cloud:service-reference name="VtxSupplierCustomObjectService"/>
      </cc:integration-system>
        </cc:workday-in>
        <cc:async-mediation id="AsyncMediation" routes-to="LoadPropertiesIN" handle-downstream-errors="true">
            <cc:steps>
                <cc:eval id="Eval">
                    <cc:expression>props['pSource'] = 'SUPPLIER'</cc:expression>
                    <cc:expression>props['pMode'] = 'PREPROCESS'</cc:expression>
                </cc:eval>
                <cc:log id="Log">
                    <cc:log-message>
                        <cc:text>Supplier Invoice WID: @{props['pSupplierInvoiceWID']}</cc:text>
                    </cc:log-message>
                </cc:log>
            </cc:steps>
            <cc:send-error id="SuppInvPreProcError" routes-to="PutIntegrationMessage1"/>
        </cc:async-mediation>
        <cc:local-out id="PutIntegrationMessage1" endpoint="vm://wcc/PutIntegrationMessage"><cc:set name="is.message.severity" value="'INFO'"/><cc:set name="is.message.summary" value="'Supplier Invoice pre process failed: '+props['pWID']"/></cc:local-out>
        <cc:local-out id="PreProcessSupplierInvoice-IN" execute-when="props['pAdjustmentFlag'] == false" endpoint="vm://VTX-PreProcessSupplierInvoice/PreProcessSupplierInvoice-IN"><cc:set name="supplier.invoice.BP.WID" value="props['pSupplierInvoiceWID']"/></cc:local-out>
        <cc:local-out id="LoadPropertiesIN" routes-response-to="PreProcessSupplierInvoice-IN" endpoint="vm://VTX-LoadProperties/LoadPropertiesIN"><cc:set name="load.props.Source" value="props['pSource']"/><cc:set name="load.props.Mode" value="props['pMode']"/></cc:local-out>
        <cc:local-out id="SupplierInvListCustObjectStatusUpdate" execute-when="(props['get.supplier.invoice.TaxOption'] == 'CALC_USE_TAX' || props['get.supplier.invoice.TaxOption'] == 'CALC_TAX_DUE') &amp;&amp; props['process.calc.response.BgProcessWIDList'].size() > 0" endpoint="vm://VTX-SupplierInvoiceCustomObjectHandler/SupplierInvListCustObjectStatusUpdate-IN"><cc:set name="supplier.invoice.success.list" value="props['get.tax.import.status.success.InvoiceWIDList'] "/><cc:set name="supplier.invoice.failed.list" value="props['get.tax.import.status.failed.InvoiceWIDList']"/></cc:local-out>
        <cc:workday-in id="WD-IN-Batch-Customer-Reversal" routes-to="Batch-Customer-Reversal-OUT">
            <cc:integration-system name="VTX-BatchCustomerInvoiceReverseCancelled">
        <cloud:param name="VertexCompanies">
          <cloud:type>
            <cloud:class-report-field description="Active Companies" type="WID" singular="false">d8a27d00eedb464f9fb27875b580a871</cloud:class-report-field>
          </cloud:type>
        </cloud:param>
        <cloud:param name="CustomerInvCancelAccountingFromDate">
          <cloud:type>
            <cloud:simple-type>date</cloud:simple-type>
          </cloud:type>
          <cloud:default>
            <cloud:class-report-field description="First Day of Last Month" type="WID">fcd78b606c124635b444b19c6dea15b7</cloud:class-report-field>
          </cloud:default>
        </cloud:param>
        <cloud:param name="CustomerInvCancelAccountingToDate">
          <cloud:type>
            <cloud:simple-type>date</cloud:simple-type>
          </cloud:type>
          <cloud:default>
            <cloud:class-report-field description="Last Day of Last Month" type="WID">3d829c55e778432193d42eee29f72f18</cloud:class-report-field>
          </cloud:default>
        </cloud:param>
        <cloud:attribute-map-service name="VtxAttrMap">
          <cloud:attribute name="TrustedId">
            <cloud:type>
              <cloud:simple-type>text</cloud:simple-type>
            </cloud:type>
            <cloud:display-option>required-for-launch</cloud:display-option>
            <cloud:display-option>display-as-password</cloud:display-option>
          </cloud:attribute>
          <cloud:attribute name="VertexWSTaxCalcURL">
            <cloud:type>
              <cloud:simple-type>text</cloud:simple-type>
            </cloud:type>
            <cloud:display-option>required-for-launch</cloud:display-option>
          </cloud:attribute>
          <cloud:attribute name="DebugFlag">
            <cloud:type>
              <cloud:simple-type>boolean</cloud:simple-type>
            </cloud:type>
            <cloud:display-option>required-for-launch</cloud:display-option>
          </cloud:attribute>
          <cloud:attribute name="WWSVersion">
            <cloud:type>
              <cloud:simple-type>text</cloud:simple-type>
            </cloud:type>
            <cloud:display-option>required-for-launch</cloud:display-option>
          </cloud:attribute>
        </cloud:attribute-map-service>
        <cloud:report-service name="VtxBatchReversalRptSvc">
          <cloud:report-alias description="Cancelled Customer Invoices" name="VertexCancelledInvoicesRpt">
            <cloud:report-reference description="VtxBatchReverseCustInvCancelled" type="WID">b32c05ebed00102451c81625b2b50000</cloud:report-reference>
          </cloud:report-alias>
        </cloud:report-service>
        <cloud:custom-object-service name="VtxBatchReversalCustObjSvc">
          <cloud:custom-object-alias description="Vertex Customer Invoice custom obj" name="VtxCustInvCustObj">
            <cloud:custom-object-reference description="VTXCustomerInvoice" type="WID">b32c05ebed00102451c821927d590000</cloud:custom-object-reference>
          </cloud:custom-object-alias>
          <cloud:custom-object-alias description="Vertex Customer Invoice Adjustment custom obj" name="VtxCustInvCustObjAdj">
            <cloud:custom-object-reference description="VTXCustomerInvoiceAdj" type="WID">b32c05ebed00102451c81d5c419e0000</cloud:custom-object-reference>
          </cloud:custom-object-alias>
        </cloud:custom-object-service>
      </cc:integration-system>
        </cc:workday-in>
        <cc:local-out id="Batch-Customer-Reversal-OUT" store-message="none" endpoint="vm://VTX-BatchCustomerInvoiceReverseCancelled/Batch-Customer-Reversal-IN"/>
        <cc:local-out id="Batch-Supplier-Reversal-OUT" store-message="none" endpoint="vm://VTX-BatchSupplierInvoiceReverseCancelled/Batch-Supplier-Reversal-IN"/>
        <cc:workday-in id="WD-IN-Batch-Supplier-Reversal" routes-to="Batch-Supplier-Reversal-OUT">
            <cc:integration-system name="VTX-BatchSupplierInvoiceReverseCancelled">
        <cloud:param name="VertexCompanies">
          <cloud:type>
            <cloud:class-report-field description="Active Companies" type="WID" singular="false">d8a27d00eedb464f9fb27875b580a871</cloud:class-report-field>
          </cloud:type>
        </cloud:param>
        <cloud:param name="SupplierInvoiceCancelFromDate">
          <cloud:type>
            <cloud:simple-type>date</cloud:simple-type>
          </cloud:type>
          <cloud:default>
            <cloud:class-report-field description="First Day of Last Month" type="WID">fcd78b606c124635b444b19c6dea15b7</cloud:class-report-field>
          </cloud:default>
        </cloud:param>
        <cloud:param name="SupplierInvoiceCancelToDate">
          <cloud:type>
            <cloud:simple-type>date</cloud:simple-type>
          </cloud:type>
          <cloud:default>
            <cloud:class-report-field description="Last Day of Last Month" type="WID">3d829c55e778432193d42eee29f72f18</cloud:class-report-field>
          </cloud:default>
        </cloud:param>
        <cloud:attribute-map-service name="VtxSupplierAttrMap">
          <cloud:attribute name="TrustedId">
            <cloud:type>
              <cloud:simple-type>text</cloud:simple-type>
            </cloud:type>
            <cloud:display-option>required-for-launch</cloud:display-option>
            <cloud:display-option>display-as-password</cloud:display-option>
          </cloud:attribute>
          <cloud:attribute name="VertexWSTaxCalcURL">
            <cloud:type>
              <cloud:simple-type>text</cloud:simple-type>
            </cloud:type>
            <cloud:display-option>required-for-launch</cloud:display-option>
          </cloud:attribute>
          <cloud:attribute name="DebugFlag">
            <cloud:type>
              <cloud:simple-type>boolean</cloud:simple-type>
            </cloud:type>
            <cloud:display-option>required-for-launch</cloud:display-option>
          </cloud:attribute>
          <cloud:attribute name="WWSVersion">
            <cloud:type>
              <cloud:simple-type>text</cloud:simple-type>
            </cloud:type>
            <cloud:display-option>required-for-launch</cloud:display-option>
          </cloud:attribute>
        </cloud:attribute-map-service>
        <cloud:report-service name="VtxSupplierBatchReversalRptSvc">
          <cloud:report-alias description="Cancelled Supplier Invoices" name="VertexCancelledInvoicesRpt"/>
        </cloud:report-service>
        <cloud:custom-object-service name="VtxSupplierBatchReversalCustObjSvc">
          <cloud:custom-object-alias description="Vertex Supplier Invoice Custom Object" name="VtxSuppInvCustObj"/>
          <cloud:custom-object-alias description="Vertex Supplier Invoice Adj Custom Object" name="VtxSuppInvAdjCustObj"/>
        </cloud:custom-object-service>
      </cc:integration-system>
        </cc:workday-in>
        <cc:local-out id="Batch-Customer-Accrual-Sync-OUT" store-message="none" endpoint="vm://VTX-BatchCustomerAccrualSync/Batch-Customer-Accrual-Sync-IN"/>
        <cc:workday-in id="WD-INBatchCustomerAccrualSync" routes-to="Batch-Customer-Accrual-Sync-OUT">
            <cc:integration-system name="VTX-BatchCustomerAccrualSync">
        <cloud:param name="VertexCompanies">
          <cloud:type>
            <cloud:class-report-field description="Active Companies" type="WID" singular="false">d8a27d00eedb464f9fb27875b580a871</cloud:class-report-field>
          </cloud:type>
        </cloud:param>
        <cloud:param name="InvoiceAccountingDateFrom">
          <cloud:type>
            <cloud:simple-type>date</cloud:simple-type>
          </cloud:type>
          <cloud:default>
            <cloud:class-report-field description="First Day of Last Month" type="WID">fcd78b606c124635b444b19c6dea15b7</cloud:class-report-field>
          </cloud:default>
        </cloud:param>
        <cloud:param name="InvoiceAccountingDateTo">
          <cloud:type>
            <cloud:simple-type>date</cloud:simple-type>
          </cloud:type>
          <cloud:default>
            <cloud:class-report-field description="Last Day of Last Month" type="WID">3d829c55e778432193d42eee29f72f18</cloud:class-report-field>
          </cloud:default>
        </cloud:param>
        <cloud:attribute-map-service name="VtxCustomerAccrualSyncAttrMap">
          <cloud:attribute name="TrustedId">
            <cloud:type>
              <cloud:simple-type>text</cloud:simple-type>
            </cloud:type>
            <cloud:display-option>required-for-launch</cloud:display-option>
            <cloud:display-option>display-as-password</cloud:display-option>
          </cloud:attribute>
          <cloud:attribute name="VertexWSTaxCalcURL">
            <cloud:type>
              <cloud:simple-type>text</cloud:simple-type>
            </cloud:type>
            <cloud:display-option>required-for-launch</cloud:display-option>
          </cloud:attribute>
          <cloud:attribute name="DebugFlag">
            <cloud:type>
              <cloud:simple-type>boolean</cloud:simple-type>
            </cloud:type>
            <cloud:display-option>required-for-launch</cloud:display-option>
          </cloud:attribute>
          <cloud:attribute name="WWSVersion">
            <cloud:type>
              <cloud:simple-type>text</cloud:simple-type>
            </cloud:type>
            <cloud:display-option>required-for-launch</cloud:display-option>
          </cloud:attribute>
        </cloud:attribute-map-service>
        <cloud:report-service name="VtxCustomerBatchAccrualSyncRptSvc">
          <cloud:report-alias description="Customer Invoice Accrual Syncs" name="VtxBatchCustomerAccrualSync">
            <cloud:report-reference description="VtxBatchCustomerAccrualSync" type="WID">b32c05ebed00102451c81625b2b60000</cloud:report-reference>
          </cloud:report-alias>
        </cloud:report-service>
        <cloud:custom-object-service name="VtxCustomerBatchAccrualSyncCustObjSvc">
          <cloud:custom-object-alias description="Vertex Customer Invoice Custom Object" name="VtxCustInvCustObj">
            <cloud:custom-object-reference description="VTXCustomerInvoice" type="WID">b32c05ebed00102451c821927d590000</cloud:custom-object-reference>
          </cloud:custom-object-alias>
          <cloud:custom-object-alias description="Vertex Customer Invoice Adj Custom Object" name="VtxCustInvAdjCustObj">
            <cloud:custom-object-reference description="VTXCustomerInvoiceAdj" type="WID">b32c05ebed00102451c81d5c419e0000</cloud:custom-object-reference>
          </cloud:custom-object-alias>
        </cloud:custom-object-service>
      </cc:integration-system>
        </cc:workday-in>
        <cc:local-out id="Batch-Supplier-Accrual-Sync-OUT" store-message="none" endpoint="vm://VTX-BatchSupplierAccrualSync/Batch-Supplier-Accrual-Sync-IN"/>
        <cc:workday-in id="WD-INBatchSupplierAccrualSync" routes-to="Batch-Supplier-Accrual-Sync-OUT">
            <cc:integration-system name="VTX-BatchSupplierAccrualSync">
        <cloud:param name="VertexCompanies">
          <cloud:type>
            <cloud:class-report-field description="Active Companies" type="WID" singular="false">d8a27d00eedb464f9fb27875b580a871</cloud:class-report-field>
          </cloud:type>
        </cloud:param>
        <cloud:param name="InvoiceAccountingDateFrom">
          <cloud:type>
            <cloud:simple-type>date</cloud:simple-type>
          </cloud:type>
          <cloud:default>
            <cloud:class-report-field description="First Day of Last Month" type="WID">fcd78b606c124635b444b19c6dea15b7</cloud:class-report-field>
          </cloud:default>
        </cloud:param>
        <cloud:param name="InvoiceAccountingDateTo">
          <cloud:type>
            <cloud:simple-type>date</cloud:simple-type>
          </cloud:type>
          <cloud:default>
            <cloud:class-report-field description="Last Day of Last Month" type="WID">3d829c55e778432193d42eee29f72f18</cloud:class-report-field>
          </cloud:default>
        </cloud:param>
        <cloud:attribute-map-service name="VtxSupplierAccrualSyncAttrMap">
          <cloud:attribute name="TrustedId">
            <cloud:type>
              <cloud:simple-type>text</cloud:simple-type>
            </cloud:type>
            <cloud:display-option>required-for-launch</cloud:display-option>
            <cloud:display-option>display-as-password</cloud:display-option>
          </cloud:attribute>
          <cloud:attribute name="VertexWSTaxCalcURL">
            <cloud:type>
              <cloud:simple-type>text</cloud:simple-type>
            </cloud:type>
            <cloud:display-option>required-for-launch</cloud:display-option>
          </cloud:attribute>
          <cloud:attribute name="DebugFlag">
            <cloud:type>
              <cloud:simple-type>boolean</cloud:simple-type>
            </cloud:type>
            <cloud:display-option>required-for-launch</cloud:display-option>
          </cloud:attribute>
          <cloud:attribute name="WWSVersion">
            <cloud:type>
              <cloud:simple-type>text</cloud:simple-type>
            </cloud:type>
            <cloud:display-option>required-for-launch</cloud:display-option>
          </cloud:attribute>
        </cloud:attribute-map-service>
        <cloud:report-service name="VtxSupplierBatchAccrualSyncRptSvc">
          <cloud:report-alias description="Supplier Invoice Accrual Syncs" name="VtxBatchSupplierAccrualSync"/>
        </cloud:report-service>
        <cloud:custom-object-service name="VtxSupplierBatchAccrualSyncCustObjSvc">
          <cloud:custom-object-alias description="Vertex Supplier Invoice Custom Object" name="VtxSuppInvCustObj"/>
          <cloud:custom-object-alias description="Vertex Supplier Invoice Adj Custom Object" name="VtxSuppInvAdjCustObj"/>
        </cloud:custom-object-service>
      </cc:integration-system>
        </cc:workday-in>
	</cc:assembly>

</beans>