<?xml version="1.0" encoding="UTF-8"?>
<wdnm:Diagram xmlns:wdnm="http://workday.com/studio/editors/notation">
  <element href="assembly.xml#WorkdayAssembly"/>
  <visualProperties x="128" y="187">
    <element href="assembly.xml#BP-IN-Customer-Invoice"/>
  </visualProperties>
  <visualProperties>
    <element href="assembly.xml#//@beans/@mixed.1/@mixed.3"/>
  </visualProperties>
  <visualProperties>
    <element href="assembly.xml#BP-IN-Supplier-Invoice"/>
  </visualProperties>
  <visualProperties x="242" y="97">
    <element href="assembly.xml#LoadCustomerProperties"/>
  </visualProperties>
  <visualProperties x="241" y="104">
    <element href="assembly.xml#AM-CustomerProcess"/>
  </visualProperties>
  <visualProperties x="271" y="251">
    <element href="assembly.xml#AM-SupplierProcess"/>
  </visualProperties>
  <visualProperties x="479" y="274">
    <element href="assembly.xml#LoadSupplierProperties"/>
  </visualProperties>
  <visualProperties x="702" y="121">
    <element href="assembly.xml#Local-IN-Customer-Invoice"/>
  </visualProperties>
  <visualProperties x="671" y="275">
    <element href="assembly.xml#Local-IN-Supplier-Invoice"/>
  </visualProperties>
  <visualProperties x="162" y="520">
    <element href="assembly.xml#Local-IN-GlobalErrorHandler"/>
  </visualProperties>
  <visualProperties x="130" y="519">
    <element href="assembly.xml#BP-IN-Batch-Customer-Invoice-QUOTE"/>
  </visualProperties>
  <visualProperties x="566" y="563">
    <element href="assembly.xml#LoadBatchQuoteProperties"/>
  </visualProperties>
  <visualProperties x="810" y="550">
    <element href="assembly.xml#LOCAL-IN-BatchCustomerInvoice"/>
  </visualProperties>
  <visualProperties x="1207" y="213">
    <element href="assembly.xml#GetCustomerImportStatus"/>
  </visualProperties>
  <visualProperties x="1108" y="386">
    <element href="assembly.xml#GetSupplierImportStatus"/>
  </visualProperties>
  <visualProperties x="1355" y="578">
    <element href="assembly.xml#GetBatchCustomerStatus"/>
  </visualProperties>
  <visualProperties x="164" y="665">
    <element href="assembly.xml#BP-IN-Batch-Customer-Invoice-POST"/>
  </visualProperties>
  <visualProperties x="369" y="629">
    <element href="assembly.xml#AM-SetQuoteProperties"/>
  </visualProperties>
  <visualProperties x="293" y="1372">
    <element href="assembly.xml#AM-SetPostProperties"/>
  </visualProperties>
  <visualProperties x="1551" y="703">
    <element href="assembly.xml#CallBatchCustInvCustObjUpdate"/>
  </visualProperties>
  <visualProperties x="1133" y="227">
    <element href="assembly.xml#CallCustInvCustmObjUpdate"/>
  </visualProperties>
  <visualProperties x="339" y="346">
    <element href="assembly.xml#PutIntegrationMessage"/>
  </visualProperties>
  <visualProperties x="346" y="637">
    <element href="assembly.xml#PutIntegrationMessage0"/>
  </visualProperties>
  <visualProperties x="545" y="1089">
    <element href="assembly.xml#LoadBatchPostProperties"/>
  </visualProperties>
  <visualProperties x="767" y="1085">
    <element href="assembly.xml#BatchQuote-Cleanup-IN"/>
  </visualProperties>
  <visualProperties x="979" y="1105">
    <element href="assembly.xml#LOCAL-IN-BatchCustomerInvoice0"/>
  </visualProperties>
  <visualProperties x="84" y="900">
    <element href="assembly.xml#BP-IN-Supplier-Invoice-PreProcess"/>
  </visualProperties>
  <visualProperties x="435" y="925">
    <element href="assembly.xml#AsyncMediation"/>
  </visualProperties>
  <visualProperties x="459" y="1065">
    <element href="assembly.xml#PutIntegrationMessage1"/>
  </visualProperties>
  <visualProperties x="597" y="960">
    <element href="assembly.xml#PreProcessSupplierInvoice-IN"/>
  </visualProperties>
  <visualProperties x="598" y="908">
    <element href="assembly.xml#LoadPropertiesIN"/>
  </visualProperties>
  <visualProperties x="1189" y="534">
    <element href="assembly.xml#SupplierInvListCustObjectStatusUpdate"/>
  </visualProperties>
  <visualProperties x="90" y="1567">
    <element href="assembly.xml#WD-IN-Batch-Customer-Reversal"/>
  </visualProperties>
  <visualProperties x="215" y="1558">
    <element href="assembly.xml#Batch-Customer-Reversal-OUT"/>
  </visualProperties>
  <visualProperties>
    <element href="assembly.xml#WD-IN-Batch-Supplier-Reversal"/>
  </visualProperties>
  <visualProperties>
    <element href="assembly.xml#Batch-Supplier-Reversal-OUT"/>
  </visualProperties>
  <visualProperties>
    <element href="assembly.xml#WD-INBatchCustomerAccrualSync"/>
  </visualProperties>
  <visualProperties>
    <element href="assembly.xml#Batch-Customer-Accrual-Sync-OUT"/>
  </visualProperties>
  <visualProperties>
    <element href="assembly.xml#WD-INBatchSupplierAccrualSync"/>
  </visualProperties>
  <visualProperties>
    <element href="assembly.xml#Batch-Supplier-Accrual-Sync-OUT"/>
  </visualProperties>
  <decorations x="68" y="19" width="528" height="116" bgColor="65535" text="Main assembly - All the available Vertex Workday integration systems in the CLAR file is defined here. All the Workday-ins should be defined in this assembly."/>
  <connections type="routesTo" sourceAnchorX="0.6894736842105263" sourceAnchorY="1.0" targetAnchorX="0.051094890510948905" targetAnchorY="0.3617021276595745">
    <source href="assembly.xml#BP-IN-Customer-Invoice"/>
    <target href="assembly.xml#AM-CustomerProcess"/>
  </connections>
  <connections type="routesTo" sourceAnchorX="1.0" sourceAnchorY="0.2765957446808511" targetAnchorX="0.39436619718309857" targetAnchorY="0.5945945945945946">
    <source href="assembly.xml#AM-CustomerProcess"/>
    <target href="assembly.xml#LoadCustomerProperties"/>
  </connections>
  <connections type="routesTo" sourceAnchorX="0.9060773480662984" sourceAnchorY="1.0" targetAnchorX="0.06557377049180328" targetAnchorY="0.26595744680851063">
    <source href="assembly.xml#BP-IN-Supplier-Invoice"/>
    <target href="assembly.xml#AM-SupplierProcess"/>
  </connections>
  <connections type="routesTo" sourceAnchorX="1.0" sourceAnchorY="0.2978723404255319" targetAnchorX="0.31382978723404253" targetAnchorY="0.7027027027027027">
    <source href="assembly.xml#AM-SupplierProcess"/>
    <target href="assembly.xml#LoadSupplierProperties"/>
  </connections>
  <connections type="routesResponseTo" sourceAnchorX="0.5851063829787234" sourceAnchorY="1.0" targetAnchorX="0.046153846153846156" targetAnchorY="0.40540540540540543">
    <source href="assembly.xml#LoadSupplierProperties"/>
    <target href="assembly.xml#Local-IN-Supplier-Invoice"/>
  </connections>
  <connections type="routesTo" sourceAnchorX="0.9473684210526315" sourceAnchorY="1.0" targetAnchorX="0.056074766355140186" targetAnchorY="0.5135135135135135">
    <source href="assembly.xml#//@beans/@mixed.1/@mixed.3"/>
    <target href="assembly.xml#Local-IN-GlobalErrorHandler"/>
  </connections>
  <connections type="routesResponseTo" sourceAnchorX="0.817258883248731" sourceAnchorY="1.0" targetAnchorX="0.38235294117647056" targetAnchorY="0.6216216216216216">
    <source href="assembly.xml#LoadCustomerProperties"/>
    <target href="assembly.xml#Local-IN-Customer-Invoice"/>
  </connections>
  <connections type="routesResponseTo" sourceAnchorX="1.0" sourceAnchorY="1.0" targetAnchorX="0.21495327102803738" targetAnchorY="0.02702702702702703">
    <source href="assembly.xml#Local-IN-Customer-Invoice"/>
    <target href="assembly.xml#GetCustomerImportStatus"/>
  </connections>
  <connections type="routesResponseTo" sourceAnchorX="0.754863813229572" sourceAnchorY="1.0" targetAnchorX="0.33035714285714285" targetAnchorY="0.6756756756756757">
    <source href="assembly.xml#Local-IN-Supplier-Invoice"/>
    <target href="assembly.xml#GetSupplierImportStatus"/>
  </connections>
  <connections type="routesResponseTo" sourceAnchorX="0.8235294117647058" sourceAnchorY="1.0" targetAnchorX="0.1" targetAnchorY="0.6216216216216216">
    <source href="assembly.xml#LOCAL-IN-BatchCustomerInvoice"/>
    <target href="assembly.xml#GetBatchCustomerStatus"/>
  </connections>
  <connections type="routesTo" sourceAnchorX="1.0" sourceAnchorY="0.5135135135135135" targetAnchorX="0.14960629921259844" targetAnchorY="0.40425531914893614">
    <source href="assembly.xml#BP-IN-Batch-Customer-Invoice-QUOTE"/>
    <target href="assembly.xml#AM-SetQuoteProperties"/>
  </connections>
  <connections type="routesTo" sourceAnchorX="0.9616858237547893" sourceAnchorY="1.0" targetAnchorX="0.208955223880597" targetAnchorY="0.6595744680851063">
    <source href="assembly.xml#BP-IN-Batch-Customer-Invoice-POST"/>
    <target href="assembly.xml#AM-SetPostProperties"/>
  </connections>
  <connections type="routesResponseTo" sourceAnchorX="0.6954314720812182" sourceAnchorY="1.0" targetAnchorX="0.3118811881188119" targetAnchorY="0.2702702702702703">
    <source href="assembly.xml#GetBatchCustomerStatus"/>
    <target href="assembly.xml#CallBatchCustInvCustObjUpdate"/>
  </connections>
  <connections type="routesResponseTo" sourceAnchorX="0.7860696517412935" sourceAnchorY="1.0" targetAnchorX="0.359375" targetAnchorY="0.16216216216216217">
    <source href="assembly.xml#GetCustomerImportStatus"/>
    <target href="assembly.xml#CallCustInvCustmObjUpdate"/>
  </connections>
  <connections type="routesTo" sourceAnchorX="0.6153846153846154" sourceAnchorY="1.0" targetAnchorX="0.6630434782608695" targetAnchorY="0.5135135135135135">
    <source href="assembly.xml#//@beans/@mixed.1/@mixed.9/@mixed.3"/>
    <target href="assembly.xml#PutIntegrationMessage"/>
  </connections>
  <connections type="routesTo" sourceAnchorX="0.4421768707482993" sourceAnchorY="1.0" targetAnchorX="0.4397905759162304" targetAnchorY="0.3783783783783784">
    <source href="assembly.xml#//@beans/@mixed.1/@mixed.11/@mixed.3"/>
    <target href="assembly.xml#PutIntegrationMessage0"/>
  </connections>
  <connections type="routesResponseTo" sourceAnchorX="0.3532608695652174" sourceAnchorY="1.0" targetAnchorX="0.5252525252525253" targetAnchorY="0.6486486486486487">
    <source href="assembly.xml#PutIntegrationMessage"/>
    <target href="assembly.xml#CallCustInvCustmObjUpdate"/>
  </connections>
  <connections type="routesTo" sourceAnchorX="1.0" sourceAnchorY="0.2553191489361702" targetAnchorX="0.6666666666666666" targetAnchorY="0.35135135135135137">
    <source href="assembly.xml#AM-SetQuoteProperties"/>
    <target href="assembly.xml#LoadBatchQuoteProperties"/>
  </connections>
  <connections type="routesTo" sourceAnchorX="1.0" sourceAnchorY="0.18085106382978725" targetAnchorX="0.19696969696969696" targetAnchorY="0.5405405405405406">
    <source href="assembly.xml#AM-SetPostProperties"/>
    <target href="assembly.xml#LoadBatchPostProperties"/>
  </connections>
  <connections type="routesResponseTo" sourceAnchorX="0.7777777777777778" sourceAnchorY="1.0" targetAnchorX="0.22564102564102564" targetAnchorY="0.40540540540540543">
    <source href="assembly.xml#LoadBatchPostProperties"/>
    <target href="assembly.xml#BatchQuote-Cleanup-IN"/>
  </connections>
  <connections type="routesResponseTo" sourceAnchorX="0.7135922330097088" sourceAnchorY="1.0" targetAnchorX="0.0" targetAnchorY="0.40540540540540543">
    <source href="assembly.xml#LoadBatchQuoteProperties"/>
    <target href="assembly.xml#LOCAL-IN-BatchCustomerInvoice"/>
  </connections>
  <connections type="routesResponseTo" sourceAnchorX="0.6276595744680851" sourceAnchorY="1.0" targetAnchorX="0.145748987854251" targetAnchorY="0.2702702702702703">
    <source href="assembly.xml#BatchQuote-Cleanup-IN"/>
    <target href="assembly.xml#LOCAL-IN-BatchCustomerInvoice0"/>
  </connections>
  <connections type="routesTo" sourceAnchorX="0.876" sourceAnchorY="1.0" targetAnchorX="0.14960629921259844" targetAnchorY="0.5531914893617021">
    <source href="assembly.xml#BP-IN-Supplier-Invoice-PreProcess"/>
    <target href="assembly.xml#AsyncMediation"/>
  </connections>
  <connections type="routesTo" sourceAnchorX="0.88" sourceAnchorY="1.0" targetAnchorX="0.7853403141361257" targetAnchorY="0.13513513513513514">
    <source href="assembly.xml#//@beans/@mixed.1/@mixed.55/@mixed.3"/>
    <target href="assembly.xml#PutIntegrationMessage1"/>
  </connections>
  <connections type="routesTo" sourceAnchorX="1.0" sourceAnchorY="0.112" targetAnchorX="0.05194805194805195" targetAnchorY="0.16216216216216217">
    <source href="assembly.xml#AsyncMediation"/>
    <target href="assembly.xml#LoadPropertiesIN"/>
  </connections>
  <connections type="routesResponseTo" sourceAnchorX="0.8831168831168831" sourceAnchorY="1.0" targetAnchorX="0.44594594594594594" targetAnchorY="0.2702702702702703">
    <source href="assembly.xml#LoadPropertiesIN"/>
    <target href="assembly.xml#PreProcessSupplierInvoice-IN"/>
  </connections>
  <connections type="routesResponseTo" sourceAnchorX="0.78125" sourceAnchorY="1.0" targetAnchorX="0.10583941605839416" targetAnchorY="0.13513513513513514">
    <source href="assembly.xml#GetSupplierImportStatus"/>
    <target href="assembly.xml#SupplierInvListCustObjectStatusUpdate"/>
  </connections>
  <connections type="routesTo" sourceAnchorX="1.0" sourceAnchorY="0.7567567567567568" targetAnchorX="0.1875" targetAnchorY="0.4864864864864865">
    <source href="assembly.xml#WD-IN-Batch-Customer-Reversal"/>
    <target href="assembly.xml#Batch-Customer-Reversal-OUT"/>
  </connections>
  <connections type="routesTo" sourceAnchorX="1.0" sourceAnchorY="0.7567567567567568" targetAnchorX="0.1875" targetAnchorY="0.4864864864864865">
    <source href="assembly.xml#WD-IN-Batch-Supplier-Reversal"/>
    <target href="assembly.xml#Batch-Supplier-Reversal-OUT"/>
  </connections>
  <connections type="routesTo" sourceAnchorX="1.0" sourceAnchorY="0.7567567567567568" targetAnchorX="0.1875" targetAnchorY="0.4864864864864865">
    <source href="assembly.xml#WD-INBatchCustomerAccrualSync"/>
    <target href="assembly.xml#Batch-Customer-Accrual-Sync-OUT"/>
  </connections>
  <connections type="routesTo" sourceAnchorX="1.0" sourceAnchorY="0.7567567567567568" targetAnchorX="0.1875" targetAnchorY="0.4864864864864865">
    <source href="assembly.xml#WD-INBatchSupplierAccrualSync"/>
    <target href="assembly.xml#Batch-Supplier-Accrual-Sync-OUT"/>
  </connections>
  <swimlanes x="68" y="134" name="VTX Customer Invoice BP">
    <elements href="assembly.xml#BP-IN-Customer-Invoice"/>
    <elements href="#//@swimlanes.4"/>
    <elements href="assembly.xml#LoadCustomerProperties"/>
    <elements href="assembly.xml#Local-IN-Customer-Invoice"/>
    <elements href="assembly.xml#GetCustomerImportStatus"/>
    <elements href="assembly.xml#CallCustInvCustmObjUpdate"/>
    <elements href="#//@swimlanes.1"/>
  </swimlanes>
  <swimlanes x="1564" y="162" bgColor="255" name="GlobalErrorHandler" orientation="VERTICAL" topBorderColor="255">
    <elements href="assembly.xml#//@beans/@mixed.1/@mixed.3"/>
    <elements href="assembly.xml#Local-IN-GlobalErrorHandler"/>
  </swimlanes>
  <swimlanes x="68" y="495" name="VTX Supplier Invoice BP">
    <elements href="assembly.xml#BP-IN-Supplier-Invoice"/>
    <elements href="#//@swimlanes.5"/>
    <elements href="assembly.xml#LoadSupplierProperties"/>
    <elements href="assembly.xml#Local-IN-Supplier-Invoice"/>
    <elements href="assembly.xml#GetSupplierImportStatus"/>
    <elements href="assembly.xml#SupplierInvListCustObjectStatusUpdate"/>
  </swimlanes>
  <swimlanes x="59" y="1180" name="VTX Batch Quote Customer Invoice" alignment="MIDDLE">
    <elements href="assembly.xml#BP-IN-Batch-Customer-Invoice-QUOTE"/>
    <elements href="assembly.xml#AM-SetQuoteProperties"/>
    <elements href="assembly.xml#LoadBatchQuoteProperties"/>
    <elements href="assembly.xml#LOCAL-IN-BatchCustomerInvoice"/>
    <elements href="assembly.xml#GetBatchCustomerStatus"/>
    <elements href="assembly.xml#CallBatchCustInvCustObjUpdate"/>
  </swimlanes>
  <swimlanes x="217" y="267" name="Swimlane" orientation="VERTICAL">
    <elements href="assembly.xml#AM-CustomerProcess"/>
    <elements href="assembly.xml#PutIntegrationMessage"/>
  </swimlanes>
  <swimlanes x="229" y="542" name="Swimlane" orientation="VERTICAL" alignment="MIDDLE">
    <elements href="assembly.xml#AM-SupplierProcess"/>
    <elements href="assembly.xml#PutIntegrationMessage0"/>
  </swimlanes>
  <swimlanes x="59" y="1355" name="VTX Batch Post Customer Invoice">
    <elements href="assembly.xml#BP-IN-Batch-Customer-Invoice-POST"/>
    <elements href="assembly.xml#AM-SetPostProperties"/>
    <elements href="assembly.xml#LoadBatchPostProperties"/>
    <elements href="assembly.xml#BatchQuote-Cleanup-IN"/>
    <elements href="assembly.xml#LOCAL-IN-BatchCustomerInvoice0"/>
  </swimlanes>
  <swimlanes x="68" y="819" name="VTX Supplier Invoice PreProcess BP">
    <elements href="assembly.xml#BP-IN-Supplier-Invoice-PreProcess"/>
    <elements href="#//@swimlanes.8"/>
    <elements href="assembly.xml#LoadPropertiesIN"/>
    <elements href="assembly.xml#PreProcessSupplierInvoice-IN"/>
  </swimlanes>
  <swimlanes x="338" y="915" name="AM-SupplierInit" orientation="VERTICAL" alignment="MIDDLE">
    <elements href="assembly.xml#AsyncMediation"/>
    <elements href="assembly.xml#PutIntegrationMessage1"/>
  </swimlanes>
  <swimlanes x="59" y="1538" name="VTX Batch Customer Cancel">
    <elements href="assembly.xml#WD-IN-Batch-Customer-Reversal"/>
    <elements href="assembly.xml#Batch-Customer-Reversal-OUT"/>
  </swimlanes>
  <swimlanes x="645" y="1541" name="VTX Batch Supplier Cancel">
    <elements href="assembly.xml#WD-IN-Batch-Supplier-Reversal"/>
    <elements href="assembly.xml#Batch-Supplier-Reversal-OUT"/>
  </swimlanes>
  <swimlanes x="59" y="1674" name="VTX Batch Customer Accrual Sync">
    <elements href="assembly.xml#WD-INBatchCustomerAccrualSync"/>
    <elements href="assembly.xml#Batch-Customer-Accrual-Sync-OUT"/>
  </swimlanes>
  <swimlanes x="645" y="1674" name="VTX Batch Supplier Accrual Sync">
    <elements href="assembly.xml#WD-INBatchSupplierAccrualSync"/>
    <elements href="assembly.xml#Batch-Supplier-Accrual-Sync-OUT"/>
  </swimlanes>
</wdnm:Diagram>
