<?xml version="1.0" encoding="UTF-8"?>
<wdnm:Diagram xmlns:wdnm="http://workday.com/studio/editors/notation">
  <element href="assembly.xml#WorkdayAssembly"/>
  <visualProperties>
    <element href="assembly.xml#StartHere"/>
  </visualProperties>
  <visualProperties>
    <element href="assembly.xml#Call-Init"/>
  </visualProperties>
  <visualProperties>
    <element href="assembly.xml#Call-Wrkr-CO-Rpt"/>
  </visualProperties>
  <visualProperties>
    <element href="assembly.xml#Call-Load-EC-CO"/>
  </visualProperties>
  <visualProperties>
    <element href="assembly.xml#Store-Log-File"/>
  </visualProperties>
  <visualProperties>
    <element href="assembly.xml#Status-PIM"/>
  </visualProperties>
  <visualProperties>
    <element href="assembly.xml#Init"/>
  </visualProperties>
  <visualProperties>
    <element href="assembly.xml#init-props"/>
  </visualProperties>
  <visualProperties>
    <element href="assembly.xml#Log-Error"/>
  </visualProperties>
  <visualProperties>
    <element href="assembly.xml#Run-Wrkr-CO-Rpt"/>
  </visualProperties>
  <visualProperties>
    <element href="assembly.xml#Rpt-Params"/>
  </visualProperties>
  <visualProperties>
    <element href="assembly.xml#Log-Error1"/>
  </visualProperties>
  <visualProperties>
    <element href="assembly.xml#raasWrkrCO"/>
  </visualProperties>
  <visualProperties>
    <element href="assembly.xml#store-rpt-output"/>
  </visualProperties>
  <visualProperties>
    <element href="assembly.xml#//@beans/@mixed.1/@mixed.5"/>
  </visualProperties>
  <visualProperties>
    <element href="assembly.xml#Store-Log1"/>
  </visualProperties>
  <visualProperties>
    <element href="assembly.xml#PIM-Error"/>
  </visualProperties>
  <visualProperties x="158" y="894">
    <element href="assembly.xml#Load-EC-CO"/>
  </visualProperties>
  <visualProperties x="256" y="912">
    <element href="assembly.xml#EC-CO"/>
  </visualProperties>
  <visualProperties y="594">
    <element href="assembly.xml#Log-Error2"/>
  </visualProperties>
  <visualProperties x="498" y="1046">
    <element href="assembly.xml#AddUpd-EC-CO"/>
  </visualProperties>
  <visualProperties x="93" y="1243">
    <element href="assembly.xml#Log-Info1"/>
  </visualProperties>
  <visualProperties x="134" y="1270">
    <element href="assembly.xml#Del-Wrkr-CO"/>
  </visualProperties>
  <visualProperties x="785" y="1118">
    <element href="assembly.xml#Call-Del-Wrkr-CO"/>
  </visualProperties>
  <visualProperties x="306" y="1320">
    <element href="assembly.xml#Wrkr-CO"/>
  </visualProperties>
  <visualProperties y="1179">
    <element href="assembly.xml#Log-Error3"/>
  </visualProperties>
  <visualProperties x="453" y="1390">
    <element href="assembly.xml#Del-wrkr-CO"/>
  </visualProperties>
  <visualProperties x="96" y="1526">
    <element href="assembly.xml#Log-Info2"/>
  </visualProperties>
  <visualProperties x="98" y="1488">
    <element href="assembly.xml#Split-CO-WID"/>
  </visualProperties>
  <visualProperties x="243" y="1518">
    <element href="assembly.xml#AsyncMediation3"/>
  </visualProperties>
  <visualProperties x="636" y="607">
    <element href="assembly.xml#AsyncMediation"/>
  </visualProperties>
  <connections type="routesTo" sourceAnchorX="0.3302752293577982" sourceAnchorY="1.0" targetAnchorX="0.3434343434343434" targetAnchorY="0.32432432432432434">
    <source href="assembly.xml#StartHere"/>
    <target href="assembly.xml#Call-Init"/>
  </connections>
  <connections type="routesResponseTo" sourceAnchorX="0.9797979797979798" sourceAnchorY="0.43243243243243246" targetAnchorX="0.45" targetAnchorY="0.5405405405405406">
    <source href="assembly.xml#Call-Init"/>
    <target href="assembly.xml#Call-Wrkr-CO-Rpt"/>
  </connections>
  <connections type="routesTo" sourceAnchorX="0.9361702127659575" sourceAnchorY="0.5212765957446809" targetAnchorX="0.33620689655172414" targetAnchorY="0.4594594594594595">
    <source href="assembly.xml#Store-Log-File"/>
    <target href="assembly.xml#Status-PIM"/>
  </connections>
  <connections type="routesTo" sourceAnchorX="0.958904109589041" sourceAnchorY="0.5135135135135135" targetAnchorX="0.291044776119403" targetAnchorY="0.5212765957446809">
    <source href="assembly.xml#Init"/>
    <target href="assembly.xml#init-props"/>
  </connections>
  <connections type="routesTo" sourceAnchorX="0.6535433070866141" sourceAnchorY="1.0" targetAnchorX="0.06299212598425197" targetAnchorY="0.6595744680851063">
    <source href="assembly.xml#//@beans/@mixed.1/@mixed.19/@mixed.3"/>
    <target href="assembly.xml#Log-Error"/>
  </connections>
  <connections type="routesTo" sourceAnchorX="0.9752066115702479" sourceAnchorY="0.3783783783783784" targetAnchorX="0.208955223880597" targetAnchorY="0.5978260869565217">
    <source href="assembly.xml#Run-Wrkr-CO-Rpt"/>
    <target href="assembly.xml#Rpt-Params"/>
  </connections>
  <connections type="routesTo" sourceAnchorX="0.0" sourceAnchorY="0.2717391304347826" targetAnchorX="0.3959731543624161" targetAnchorY="0.3783783783783784">
    <source href="assembly.xml#Rpt-Params"/>
    <target href="assembly.xml#raasWrkrCO"/>
  </connections>
  <connections type="routesTo" sourceAnchorX="0.6535433070866141" sourceAnchorY="1.0" targetAnchorX="0.6194029850746269" targetAnchorY="0.02127659574468085">
    <source href="assembly.xml#//@beans/@mixed.1/@mixed.13/@mixed.3"/>
    <target href="assembly.xml#Log-Error1"/>
  </connections>
  <connections type="routesTo" sourceAnchorX="0.5983263598326359" sourceAnchorY="1.0" targetAnchorX="0.9197080291970803" targetAnchorY="0.6170212765957447">
    <source href="assembly.xml#//@beans/@mixed.1/@mixed.7/@mixed.3"/>
    <target href="assembly.xml#Log-Error1"/>
  </connections>
  <connections type="routesResponseTo" sourceAnchorX="0.9090909090909091" sourceAnchorY="0.4594594594594595" targetAnchorX="0.36220472440944884" targetAnchorY="0.43617021276595747">
    <source href="assembly.xml#raasWrkrCO"/>
    <target href="assembly.xml#AsyncMediation"/>
  </connections>
  <connections type="routesTo" sourceAnchorX="0.46938775510204084" sourceAnchorY="1.0" targetAnchorX="0.07051282051282051" targetAnchorY="0.5638297872340425">
    <source href="assembly.xml#//@beans/@mixed.1/@mixed.5"/>
    <target href="assembly.xml#Store-Log1"/>
  </connections>
  <connections type="routesTo" sourceAnchorX="1.0" sourceAnchorY="0.2127659574468085" targetAnchorX="0.5185185185185185" targetAnchorY="0.5405405405405406">
    <source href="assembly.xml#Store-Log1"/>
    <target href="assembly.xml#PIM-Error"/>
  </connections>
  <connections type="routesTo" sourceAnchorX="0.3442622950819672" sourceAnchorY="1.0" targetAnchorX="0.25196850393700787" targetAnchorY="0.3829787234042553">
    <source href="assembly.xml#Load-EC-CO"/>
    <target href="assembly.xml#EC-CO"/>
  </connections>
  <connections type="routesTo" sourceAnchorX="0.19166666666666668" sourceAnchorY="1.0" targetAnchorX="0.5255474452554745" targetAnchorY="0.11702127659574468">
    <source href="assembly.xml#//@beans/@mixed.1/@mixed.37/@mixed.3"/>
    <target href="assembly.xml#Log-Error2"/>
  </connections>
  <connections type="routesTo" sourceAnchorX="1.0" sourceAnchorY="0.08" targetAnchorX="0.18791946308724833" targetAnchorY="0.6216216216216216">
    <source href="assembly.xml#EC-CO"/>
    <target href="assembly.xml#AddUpd-EC-CO"/>
  </connections>
  <connections type="routesResponseTo" sourceAnchorX="0.9583333333333334" sourceAnchorY="0.4594594594594595" targetAnchorX="0.1386861313868613" targetAnchorY="0.5531914893617021">
    <source href="assembly.xml#AddUpd-EC-CO"/>
    <target href="assembly.xml#Log-Info1"/>
  </connections>
  <connections type="routesResponseTo" sourceAnchorX="0.0" sourceAnchorY="0.5675675675675675" targetAnchorX="0.2459016393442623" targetAnchorY="0.3617021276595745">
    <source href="assembly.xml#Call-Load-EC-CO"/>
    <target href="assembly.xml#Store-Log-File"/>
  </connections>
  <connections type="routesTo" sourceAnchorX="0.0" sourceAnchorY="0.2872340425531915" targetAnchorX="0.272" targetAnchorY="0.13513513513513514">
    <source href="assembly.xml#Log-Info1"/>
    <target href="assembly.xml#Del-wrkr-CO"/>
  </connections>
  <connections type="routesTo" sourceAnchorX="0.29133858267716534" sourceAnchorY="1.0" targetAnchorX="0.5280898876404494" targetAnchorY="0.30434782608695654">
    <source href="assembly.xml#Del-Wrkr-CO"/>
    <target href="assembly.xml#Wrkr-CO"/>
  </connections>
  <connections type="routesTo" sourceAnchorX="0.7252747252747253" sourceAnchorY="1.0" targetAnchorX="0.7664233576642335" targetAnchorY="0.1276595744680851">
    <source href="assembly.xml#//@beans/@mixed.1/@mixed.49/@mixed.3"/>
    <target href="assembly.xml#Log-Error3"/>
  </connections>
  <connections type="routesResponseTo" sourceAnchorX="0.928" sourceAnchorY="0.5135135135135135" targetAnchorX="0.44525547445255476" targetAnchorY="0.6276595744680851">
    <source href="assembly.xml#Del-wrkr-CO"/>
    <target href="assembly.xml#Log-Info2"/>
  </connections>
  <connections type="routesTo" sourceAnchorX="0.6808510638297872" sourceAnchorY="1.0" targetAnchorX="0.4253731343283582" targetAnchorY="0.358695652173913">
    <source href="assembly.xml#//@beans/@mixed.1/@splitter.0/@subRoute.0"/>
    <target href="assembly.xml#AsyncMediation3"/>
  </connections>
  <connections type="routesTo" sourceAnchorX="1.0" sourceAnchorY="0.176" targetAnchorX="0.1565217391304348" targetAnchorY="0.44155844155844154">
    <source href="assembly.xml#Wrkr-CO"/>
    <target href="assembly.xml#Split-CO-WID"/>
  </connections>
  <connections type="routesTo" sourceAnchorX="0.0" sourceAnchorY="0.23404255319148937" targetAnchorX="0.544" targetAnchorY="0.4864864864864865">
    <source href="assembly.xml#AsyncMediation3"/>
    <target href="assembly.xml#Del-wrkr-CO"/>
  </connections>
  <connections type="routesResponseTo" sourceAnchorX="1.0" sourceAnchorY="0.35135135135135137" targetAnchorX="0.2987012987012987" targetAnchorY="0.35135135135135137">
    <source href="assembly.xml#Call-Wrkr-CO-Rpt"/>
    <target href="assembly.xml#Call-Load-EC-CO"/>
  </connections>
  <swimlanes x="93" y="28" bgColor="12632256" name="Container" orientation="VERTICAL" elements="//@swimlanes.1 //@swimlanes.2 //@swimlanes.4 //@swimlanes.6 //@swimlanes.8 //@swimlanes.5"/>
  <swimlanes x="99" y="304" bgColor="8421631" name="Main" alignment="MIDDLE">
    <elements href="assembly.xml#StartHere"/>
    <elements href="assembly.xml#Call-Init"/>
    <elements href="assembly.xml#Call-Wrkr-CO-Rpt"/>
    <elements href="assembly.xml#Call-Load-EC-CO"/>
    <elements href="assembly.xml#Store-Log-File"/>
    <elements href="assembly.xml#Status-PIM"/>
  </swimlanes>
  <swimlanes x="99" y="483" bgColor="8454143" name="Init" alignment="MIDDLE">
    <elements href="assembly.xml#Init"/>
    <elements href="assembly.xml#init-props"/>
    <elements href="assembly.xml#Log-Error"/>
  </swimlanes>
  <swimlanes name="Swimlane" orientation="VERTICAL" alignment="MIDDLE">
    <elements href="assembly.xml#Rpt-Params"/>
    <elements href="assembly.xml#Log-Error1"/>
  </swimlanes>
  <swimlanes x="99" y="693" bgColor="8454016" name="Run-Report" alignment="MIDDLE">
    <elements href="assembly.xml#Run-Wrkr-CO-Rpt"/>
    <elements href="#//@swimlanes.3"/>
    <elements href="assembly.xml#raasWrkrCO"/>
    <elements href="assembly.xml#AsyncMediation"/>
    <elements href="assembly.xml#store-rpt-output"/>
  </swimlanes>
  <swimlanes x="45" y="980" bgColor="8421631" name="Global-Error-Handler">
    <elements href="assembly.xml#//@beans/@mixed.1/@mixed.5"/>
    <elements href="assembly.xml#Store-Log1"/>
    <elements href="assembly.xml#PIM-Error"/>
  </swimlanes>
  <swimlanes x="127" y="826" bgColor="8454143" name="add-CO" alignment="MIDDLE">
    <elements href="assembly.xml#Load-EC-CO"/>
    <elements href="#//@swimlanes.7"/>
    <elements href="assembly.xml#AddUpd-EC-CO"/>
    <elements href="assembly.xml#Log-Info1"/>
    <elements href="assembly.xml#Call-Del-Wrkr-CO"/>
  </swimlanes>
  <swimlanes x="271" y="929" name="Swimlane" orientation="VERTICAL" alignment="MIDDLE">
    <elements href="assembly.xml#EC-CO"/>
    <elements href="assembly.xml#Log-Error2"/>
  </swimlanes>
  <swimlanes x="126" y="1206" bgColor="8454016" name="del-CO" alignment="MIDDLE">
    <elements href="assembly.xml#Del-Wrkr-CO"/>
    <elements href="#//@swimlanes.9"/>
    <elements href="assembly.xml#Split-CO-WID"/>
    <elements href="assembly.xml#AsyncMediation3"/>
    <elements href="assembly.xml#Del-wrkr-CO"/>
    <elements href="assembly.xml#Log-Info2"/>
  </swimlanes>
  <swimlanes x="259" y="1266" name="Swimlane" orientation="VERTICAL" alignment="MIDDLE">
    <elements href="assembly.xml#Wrkr-CO"/>
    <elements href="assembly.xml#Log-Error3"/>
  </swimlanes>
</wdnm:Diagram>
