<?xml version="1.0" encoding="UTF-8"?>
<beans
     xmlns="http://www.springframework.org/schema/beans"
     xmlns:beans="http://www.springframework.org/schema/beans"
     xmlns:atom="http://www.w3.org/2005/Atom"
     xmlns:cc="http://www.capeclear.com/assembly/10"
     xmlns:cloud="urn:com.workday/esb/cloud/10.0"
     xmlns:env="http://schemas.xmlsoap.org/soap/envelope/"
     xmlns:pi="urn:com.workday/picof"
     xmlns:wd="urn:com.workday/bsvc"
     xmlns:xsi="http://www.w3.org/2001/XMLSchema-instance">
 
	<cc:assembly id="WorkdayAssembly" version="2024.11">
        <cc:workday-in id="StartHere" routes-to="AsyncMediation">
            <cc:integration-system name="VSR-Text_Excel"/>
        </cc:workday-in>
        <cc:async-mediation id="AsyncMediation">
            <cc:steps>
                <cc:write id="Write" output="message">
                    <cc:message>
                        <cc:static-file input-file="ohw18173bw.txt"/>
                    </cc:message>
                </cc:write>
                <cc:text-excel id="TextExcel" output="variable" output-mimetype="application/vnd.openxmlformats-officedocument.spreadsheetml.sheet" output-variable="audit.xls" style="text2excel"/>
                <cc:store id="Store" input="variable" input-variable="audit.xls" title="VSR.xls"/>
            </cc:steps>
        </cc:async-mediation>
	</cc:assembly>

</beans>