<?xml version="1.0" encoding="UTF-8"?>
<wdnm:Diagram xmlns:wdnm="http://workday.com/studio/editors/notation">
  <element href="assembly.xml#WorkdayAssembly"/>
  <visualProperties>
    <element href="assembly.xml#StartHere"/>
  </visualProperties>
  <visualProperties>
    <element href="assembly.xml#AsyncMediation01"/>
  </visualProperties>
  <visualProperties>
    <element href="assembly.xml#PutIntegrationMessage"/>
  </visualProperties>
  <visualProperties>
    <element href="assembly.xml#AsyncMediation0"/>
  </visualProperties>
  <visualProperties x="1488" y="496">
    <element href="assembly.xml#SFTPTransfer"/>
  </visualProperties>
  <visualProperties x="1288" y="370">
    <element href="assembly.xml#SFTPTransfer0"/>
  </visualProperties>
  <visualProperties y="13">
    <element href="assembly.xml#CallRetrieval"/>
  </visualProperties>
  <visualProperties x="1357" y="374">
    <element href="assembly.xml#Retrieval"/>
  </visualProperties>
  <visualProperties x="1606" y="354">
    <element href="assembly.xml#GetEventDocuments00"/>
  </visualProperties>
  <visualProperties x="1417" y="266">
    <element href="assembly.xml#RetrieveInputDocuments0"/>
  </visualProperties>
  <visualProperties x="1075" y="360">
    <element href="assembly.xml#Route"/>
  </visualProperties>
  <visualProperties x="1117" y="589">
    <element href="assembly.xml#AsyncMediation"/>
  </visualProperties>
  <connections type="routesTo" sourceAnchorX="1.0" sourceAnchorY="0.6666666666666666" targetAnchorX="0.4979253112033195" targetAnchorY="0.32432432432432434">
    <source href="assembly.xml#//@beans/@mixed.1/@mixed.5/@mixed.3"/>
    <target href="assembly.xml#PutIntegrationMessage"/>
  </connections>
  <connections type="routesTo" sourceAnchorX="1.0" sourceAnchorY="0.15503875968992248" targetAnchorX="0.08823529411764706" targetAnchorY="0.3357142857142857">
    <source href="assembly.xml#AsyncMediation01"/>
    <target href="assembly.xml#Route"/>
  </connections>
  <connections type="routesTo" sourceAnchorX="0.8656716417910447" sourceAnchorY="1.0" targetAnchorX="0.22641509433962265" targetAnchorY="0.5675675675675675">
    <source href="assembly.xml#StartHere"/>
    <target href="assembly.xml#CallRetrieval"/>
  </connections>
  <connections type="routesTo" sourceAnchorX="1.0" sourceAnchorY="0.15306122448979592" targetAnchorX="0.055248618784530384" targetAnchorY="0.13513513513513514">
    <source href="assembly.xml#AsyncMediation0"/>
    <target href="assembly.xml#SFTPTransfer0"/>
  </connections>
  <connections type="routesTo" sourceAnchorX="0.8515625" sourceAnchorY="1.0" targetAnchorX="0.2190082644628099" targetAnchorY="0.32432432432432434">
    <source href="assembly.xml#Retrieval"/>
    <target href="assembly.xml#GetEventDocuments00"/>
  </connections>
  <connections type="routesResponseTo" sourceAnchorX="0.5330578512396694" sourceAnchorY="1.0" targetAnchorX="0.35080645161290325" targetAnchorY="0.3620689655172414">
    <source href="assembly.xml#GetEventDocuments00"/>
    <target href="assembly.xml#RetrieveInputDocuments0"/>
  </connections>
  <connections type="routesTo" sourceAnchorX="0.4808510638297872" sourceAnchorY="1.0" targetAnchorX="0.0851063829787234" targetAnchorY="0.40310077519379844">
    <source href="assembly.xml#//@beans/@mixed.1/@route.0/@subRoute.0"/>
    <target href="assembly.xml#AsyncMediation01"/>
  </connections>
  <connections type="routesTo" sourceAnchorX="1.0" sourceAnchorY="0.5882352941176471" targetAnchorX="0.04962779156327544" targetAnchorY="0.5204081632653061">
    <source href="assembly.xml#//@beans/@mixed.1/@route.1/@subRoute.0"/>
    <target href="assembly.xml#AsyncMediation0"/>
  </connections>
  <connections type="routesTo" sourceAnchorX="1.0" sourceAnchorY="0.47058823529411764" targetAnchorX="0.5952380952380952" targetAnchorY="0.32608695652173914">
    <source href="assembly.xml#//@beans/@mixed.1/@route.1/@subRoute.1"/>
    <target href="assembly.xml#AsyncMediation"/>
  </connections>
  <connections type="routesResponseTo" sourceAnchorX="0.6629834254143646" sourceAnchorY="1.0" targetAnchorX="0.3391812865497076" targetAnchorY="0.08108108108108109">
    <source href="assembly.xml#SFTPTransfer0"/>
    <target href="assembly.xml#SFTPTransfer"/>
  </connections>
  <swimlanes name="Swimlane" alignment="MIDDLE">
    <elements href="assembly.xml#StartHere"/>
    <elements href="assembly.xml#CallRetrieval"/>
  </swimlanes>
  <swimlanes name="Swimlane" orientation="VERTICAL" alignment="MIDDLE">
    <elements href="assembly.xml#AsyncMediation01"/>
    <elements href="assembly.xml#PutIntegrationMessage"/>
  </swimlanes>
  <swimlanes name="Swimlane" alignment="MIDDLE">
    <elements href="assembly.xml#Retrieval"/>
    <elements href="assembly.xml#GetEventDocuments00"/>
    <elements href="assembly.xml#RetrieveInputDocuments0"/>
    <elements href="#//@swimlanes.1"/>
    <elements href="assembly.xml#Route"/>
    <elements href="assembly.xml#AsyncMediation0"/>
    <elements href="assembly.xml#SFTPTransfer0"/>
    <elements href="assembly.xml#SFTPTransfer"/>
  </swimlanes>
  <swimlanes x="51" y="36" name="Swimlane" orientation="VERTICAL" elements="//@swimlanes.0 //@swimlanes.2"/>
</wdnm:Diagram>
