<?xml version="1.0" encoding="UTF-8" standalone="yes"?>
<Validation_Messages>
	<node>
		<code>COMP-0001</code>
		<name>Compensation Component</name>
		<subcat>Compensation Bases</subcat>
		<severity>WARNING</severity>
		<message>Not defined for Compensation functional area</message>
		<details>All compensation basis are used by functional area = compensation</details>
	</node>
	<node>
		<code>COMP-0003</code>
		<name>Compensation Component</name>
		<subcat>Compensation Bases</subcat>
		<severity>ERROR</severity>
		<message>Missing compensation package assignment</message>
		<details>All configurable compensation bases with a functional area = compensation are included in a compensation package.</details>
	</node>
	<node>
		<code>COMP-0004</code>
		<name>Compensation Component</name>
		<subcat>Compensation Bases</subcat>
		<severity>ERROR</severity>
		<message>Use to View Compensation not checked</message>
		<details>All configurable compensation bases defined with a functional area equal to compensation and the manage basis total flag checked also have Use to View Compensation checked.</details>
	</node>
	<node>
		<code>COMP-0005</code>
		<name>Compensation Component</name>
		<subcat>Compensation Bases</subcat>
		<severity>ERROR</severity>
		<message>Missing Eligibility Rules</message>
		<details>All configurable compensation bases with functional area equal to compensation have an eligibility rule defined</details>
	</node>
	<node>
		<code>COMP-0006</code>
		<name>Compensation Component</name>
		<subcat>Compensation Bases</subcat>
		<severity>WARNING</severity>
		<message>Ranking &lt;&gt; 1</message>
		<details>All configurable compensation basis have a ranking of 1</details>
	</node>
	<node>
		<code>COMP-0007</code>
		<name>Compensation Component</name>
		<subcat>Compensation Bases</subcat>
		<severity>WARNING</severity>
		<message>Salary maximum &lt;&gt; 100</message>
		<details>All configurable compensation basis have a salary maximum = 100</details>
	</node>
	<node>
		<code>COMP-0008</code>
		<name>Compensation Component</name>
		<subcat>Compensation Bases</subcat>
		<severity>ERROR</severity>
		<message>Salary Maximum = 100 and retain basis total not checked</message>
		<details>All compensation bases using manage basis total with Salary Maximum = 100% also have the retain basis total selected.</details>
	</node>
	<node>
		<code>COMP-0010</code>
		<name>Compensation Component</name>
		<subcat>Compensation Packages</subcat>
		<severity>ERROR</severity>
		<message>Duplicate compensation packages</message>
		<details>All compensation packages have unique compensation analytic settings.</details>
	</node>
	<!--
	<node>
		<code>COMP-0011</code>
		<name>Compensation Component</name>
		<subcat>Compensation Packages</subcat>
		<severity>ERROR</severity>
		<message>Eligibility rule not valid for open positions</message>
		<details>No eligibility rules on compensation packages that refer to fields not available on position/hiring restrictions.</details>
	</node>
	-->
	<node>
		<code>COMP-0012</code>
		<name>Compensation Component</name>
		<subcat>Compensation Packages</subcat>
		<severity>ERROR</severity>
		<message>Primary basis range not being used in compensation package analytics</message>
		<details>All compensation packages with configurable compensation bases included display the primary compensation basis range.</details>
	</node>
	<node>
		<code>COMP-0013</code>
		<name>Compensation Component</name>
		<subcat>Compensation Packages</subcat>
		<severity>ERROR</severity>
		<message>Primary basis range not being used in compensation package analytics but defined on grade</message>
		<details>No compensation packages are configured to not display the primary compensation basis range but have grades tied to compensation package that use a configurable compensation basis.</details>
	</node>
	<node>
		<code>COMP-0014</code>
		<name>Compensation Component</name>
		<subcat>Compensation Packages</subcat>
		<severity>ERROR</severity>
		<message>Primary compensation basis range selected but none defined on grade</message>
		<details>All compensation packages with display primary compensation basis range checked contain grades with configurable compensation basis</details>
	</node>
	<node>
		<code>COMP-0016</code>
		<name>Compensation Component</name>
		<subcat>Compensation Packages</subcat>
		<severity>ERROR</severity>
		<message>Total base pay selected but warning on primary compensation basis</message>
	</node>
	<node>
		<code>COMP-0020</code>
		<name>Compensation Component</name>
		<subcat>Compensation Plans</subcat>
		<severity>WARNING</severity>
		<message>Missing employee assignments</message>
		<details>All compensation plans have employees assigned</details>
	</node>
	<node>
		<code>COMP-0021</code>
		<name>Compensation Component</name>
		<subcat>Compensation Plans</subcat>
		<severity>ERROR</severity>
		<message>Missing plan eligibility rules</message>
		<details>All compensation plans have eligibility rules.</details>
	</node>
	<node>
		<code>COMP-0022</code>
		<name>Compensation Component</name>
		<subcat>Compensation Plans</subcat>
		<severity>WARNING</severity>
		<message>Missing compensation package</message>
		<details>All compensation plans included in compensation package</details>
	</node>
	<node>
		<code>COMP-0024</code>
		<name>Compensation Component</name>
		<subcat>Salary Plans</subcat>
		<severity>ERROR</severity>
		<message>Part-time employees below pay range</message>
		<details>All salary plans with Apply FTE% checked do not have any part-time workers below minimum of range. (Validating annualized salary was loaded and not actual salary.)</details>
	</node>
	<node>
		<code>COMP-0025</code>
		<name>Compensation Component</name>
		<subcat>Salary Plans</subcat>
		<severity>WARNING</severity>
		<message>Apply FTE% checked on salary plan not on active allowance plans</message>
		<details>Apply FTE% configuration matches on salary and allowance plans.</details>
	</node>
	
<!--	<node>
		<code>COMP-0026</code>
		<name>Compensation Component</name>
		<subcat>Hourly Plans</subcat>
		<severity>ERROR</severity>
		<message>Missing employee assignments</message>
		<details>All hourly plans have employees assigned</details>
	</node>-->
	<!--<node>
		<code>COMP-0027</code>
		<name>Compensation Component</name>
		<subcat>Hourly Plans</subcat>
		<severity>ERROR</severity>
		<message>Missing plan eligibility rules</message>
		<details>All hourly plans have eligibility rules defined</details>
	</node>
	<node>
		<code>COMP-0028</code>
		<name>Compensation Component</name>
		<subcat>Hourly Plans</subcat>
		<severity>WARNING</severity>
		<message>Missing compensation package</message>
		<details>All hourly plans included in compensation packages</details>
	</node>
	-->
	<node>
		<code>COMP-0029</code>
		<name>Compensation Component</name>
		<subcat>Hourly Plans</subcat>
		<severity>ERROR</severity>
		<message>Frequency not defined as hourly</message>
		<details>All hourly plans have frequency = hourly</details>
	</node>
	<node>
		<code>COMP-0030</code>
		<name>Compensation Component</name>
		<subcat>Hourly Plans</subcat>
		<severity>WARNING</severity>
		<message>Default Amount Specified</message>
		<details>No hourly or exception hourly plan configured with default amount.</details>
	</node>
	<!--<node>
		<code>COMP-0031</code>
		<name>Compensation Component</name>
		<subcat>Unit Salary Plans</subcat>
		<severity>ERROR</severity>
		<message>Missing employee assignments</message>
		<details>All unit salary plans have employees assigned</details>
	</node>-->
	<!--<node>
		<code>COMP-0032</code>
		<name>Compensation Component</name>
		<subcat>Unit Salary Plans</subcat>
		<severity>ERROR</severity>
		<message>Missing plan eligibility rules</message>
		<details>All unit salary plans have eligibility rules</details>
	</node>-->
	<!--<node>
		<code>COMP-0033</code>
		<name>Compensation Component</name>
		<subcat>Unit Salary Plans</subcat>
		<severity>WARNING</severity>
		<message>Missing compensation package</message>
		<details>All unit salary plans tied to compensation package</details>
	</node>-->
	<!--<node>
		<code>COMP-0034</code>
		<name>Compensation Component</name>
		<subcat>Period Salary Plans</subcat>
		<severity>ERROR</severity>
		<message>Missing employee assignments</message>
		<details>All period salary plans are assigned to employees</details>
	</node>-->
	<!--<node>
		<code>COMP-0035</code>
		<name>Compensation Component</name>
		<subcat>Period Salary Plans</subcat>
		<severity>ERROR</severity>
		<message>Missing plan eligibility rules</message>
		<details>All period salary plans have eligibility rules</details>
	</node>-->
<!--	<node>
		<code>COMP-0036</code>
		<name>Compensation Component</name>
		<subcat>Period Salary Plans</subcat>
		<severity>WARNING</severity>
		<message>Missing compensation package</message>
		<details>All period salary plans tied to compensation package</details>
	</node>-->
	<node>
		<code>COMP-0037</code>
		<name>Compensation Component</name>
		<subcat>Period Salary Plans</subcat>
		<severity>WARNING</severity>
		<message>Element not Base Pay</message>
		<details>All Period Salary Plans tied to compensation element Base Pay and will be included in Total Base Pay compensation basis</details>
	</node>
	<node>
		<code>COMP-0038</code>
		<name>Compensation Component</name>
		<subcat>Period Salary Plans</subcat>
		<severity>ERROR</severity>
		<message>Not configurable compensation basis</message>
		<details>Period Salary Plans with a compensation element of base pay are all tied to a configurable compensation basis per WD best practice.</details>
	</node>
<!--	<node>
		<code>COMP-0039</code>
		<name>Compensation Component</name>
		<subcat>Allowance Plans</subcat>
		<severity>ERROR</severity>
		<message>Missing employee assignments</message>
		<details>All allowance plans have employees assigned</details>
	</node>-->
	<!--<node>
		<code>COMP-0040</code>
		<name>Compensation Component</name>
		<subcat>Allowance Plans</subcat>
		<severity>ERROR</severity>
		<message>Missing plan eligibility rules</message>
		<details>All allowance plans have eligibility rules</details>
	</node>-->
<!--	<node>
		<code>COMP-0041</code>
		<name>Compensation Component</name>
		<subcat>Allowance Plans</subcat>
		<severity>WARNING</severity>
		<message>Missing compensation package</message>
		<details>All allowance plans tied to compensation package</details>
	</node>-->
	<node>
		<code>COMP-0042</code>
		<name>Compensation Component</name>
		<subcat>Allowance Plans</subcat>
		<severity>WARNING</severity>
		<message>Multiple plans with same attributes</message>
		<details>No duplicate allowance plans detected</details>
	</node>
	<node>
		<code>COMP-0043</code>
		<name>Compensation Component</name>
		<subcat>Allowance Plans</subcat>
		<severity>INFORMATION</severity>
		<message>Verify ceiling amount</message>
		<details>No allowance plans with ceiling amounts detected.</details>
	</node>
	<node>
		<code>COMP-0044</code>
		<name>Compensation Component</name>
		<subcat>Allowance Plans</subcat>
		<severity>WARNING</severity>
		<message>Manage basis total not used</message>
		<details>No allowance plans tied to configurable compensation basis that are not marked as manage by compensation basis</details>
	</node>
	<!--<node>
		<code>COMP-0045</code>
		<name>Compensation Component</name>
		<subcat>Unit Allowance Plans</subcat>
		<severity>ERROR</severity>
		<message>Missing employee assignments</message>
		<details>All unit allowance plans have employees assigned.</details>
	</node>-->
	<!--<node>
		<code>COMP-0046</code>
		<name>Compensation Component</name>
		<subcat>Unit Allowance Plans</subcat>
		<severity>ERROR</severity>
		<message>Missing plan eligibility rules</message>
		<details>All unit allowance plans have eligibility rules on plan</details>
	</node>-->
	<!--<node>
		<code>COMP-0047</code>
		<name>Compensation Component</name>
		<subcat>Unit Allowance Plans</subcat>
		<severity>WARNING</severity>
		<message>Missing compensation package</message>
		<details>All unit allowance plans have eligibility rules tied to plan</details>
	</node>-->
	<!--<node>
		<code>COMP-0048</code>
		<name>Compensation Component</name>
		<subcat>Merit Plans</subcat>
		<severity>ERROR</severity>
		<message>Missing employee assignments</message>
		<details>All merit plans have employees assigned</details>
	</node>-->
	<!--<node>
		<code>COMP-0049</code>
		<name>Compensation Component</name>
		<subcat>Merit Plans</subcat>
		<severity>ERROR</severity>
		<message>Missing plan eligibility rules</message>
		<details>All merit plans have eligibility rule</details>
	</node>-->
	<!--<node>
		<code>COMP-0050</code>
		<name>Compensation Component</name>
		<subcat>Merit Plans</subcat>
		<severity>WARNING</severity>
		<message>Missing compensation package</message>
		<details>All merit plans have compensation package</details>
	</node>-->
	<node>
		<code>COMP-0051</code>
		<name>Compensation Component</name>
		<subcat>Merit Plans</subcat>
		<severity>WARNING</severity>
		<message>Number of merit plan profiles less than 100</message>
	</node>
	<node>
		<code>COMP-0053</code>
		<name>Compensation Component</name>
		<subcat>Merit Plans</subcat>
		<severity>WARNING</severity>
		<message>Targets not hidden</message>
		<details>All targets hidden on merit plans</details>
	</node>
	<node>
		<code>COMP-0054</code>
		<name>Compensation Component</name>
		<subcat>Merit Plans</subcat>
		<severity>INFORMATION</severity>
		<message>Compensation Matrix</message>
		<details>No merit plans tied to compensation matrix</details>
	</node>
	<node>
		<code>COMP-0055</code>
		<name>Compensation Component</name>
		<subcat>Merit Plans</subcat>
		<severity>WARNING</severity>
		<message>Merit Compensation Matrix not Percent Based</message>
		<details>No merit plans tied to weighted compensation matrix</details>
	</node>
	<node>
		<code>COMP-0057</code>
		<name>Compensation Component</name>
		<subcat>Merit Plans</subcat>
		<severity>ERROR</severity>
		<message>Rounding rules</message>
		<details>Merit plans assigned to both salaried and hourly employees and have rounding rules defined, have rounding rules with profiles to accommodate different pay rates or rounding rules not applicable to plans.</details>
	</node>
	<node>
		<code>COMP-0060</code>
		<name>Compensation Component</name>
		<subcat>Merit Plans</subcat>
		<severity>ERROR</severity>
		<message>Time in Plan Proration Rule</message>
		<details>All merit plans that have time in plan proration rule have Include Active Employees Assigned Plan During Process Period checked on plan configuration</details>
	</node>
	<node>
		<code>COMP-0061</code>
		<name>Compensation Component</name>
		<subcat>Merit Plans</subcat>
		<severity>ERROR</severity>
		<message>Multiple plans with same attributes</message>
		<details>No duplicate merit plans with same plan attributes</details>
	</node>
	<!--<node>
		<code>COMP-0062</code>
		<name>Compensation Component</name>
		<subcat>Bonus Plans</subcat>
		<severity>ERROR</severity>
		<message>Missing employee assignments</message>
		<details>All bonus plans have employees assgined</details>
	</node>-->
	<!--<node>
		<code>COMP-0063</code>
		<name>Compensation Component</name>
		<subcat>Bonus Plans</subcat>
		<severity>ERROR</severity>
		<message>Missing plan eligibility rules</message>
		<details>All bonus plans have eligibility rules</details>
	</node>-->
	<!--<node>
		<code>COMP-0064</code>
		<name>Compensation Component</name>
		<subcat>Bonus Plans</subcat>
		<severity>WARNING</severity>
		<message>Missing compensation package</message>
		<details>All bonus plans tied to compensation package</details>
	</node>-->
	<node>
		<code>COMP-0065</code>
		<name>Compensation Component</name>
		<subcat>Bonus Plans</subcat>
		<severity>WARNING</severity>
		<message>Number of bonus profiles less than 100</message>
	</node>
	<node>
		<code>COMP-0069</code>
		<name>Compensation Component</name>
		<subcat>Bonus Plans</subcat>
		<severity>INFORMATION</severity>
		<message>Plan Modifier Exists</message>
	</node>
	<node>
		<code>COMP-0070</code>
		<name>Compensation Component</name>
		<subcat>Bonus Plans</subcat>
		<severity>ERROR</severity>
		<message>Rounding rules</message>
		<details>Rounding rules that are tied to bonus plans assigned to hourly and salaried employees have rounding rule profiles configured.</details>
	</node>
	<node>
		<code>COMP-0072</code>
		<name>Compensation Component</name>
		<subcat>Bonus Plans</subcat>
		<severity>ERROR</severity>
		<message>Time in Plan Proration Rule</message>
		<details>No bonus plans with Time in Plan included in proration rule and Include Active Employees Assigned Plan During Process Period not checked.</details>
	</node>
	<node>
		<code>COMP-0078</code>
		<name>Compensation Component</name>
		<subcat>Bonus Plans</subcat>
		<severity>WARNING</severity>
		<message>Multiple plans with same attributes</message>
		<details>No duplicate bonus plan configuration</details>
	</node>
<!--	<node>
		<code>COMP-0079</code>
		<name>Compensation Component</name>
		<subcat>Stock Plans</subcat>
		<severity>ERROR</severity>
		<message>Missing employee assignments</message>
		<details>All stock plans  have employees assigned</details>
	</node>-->
	<!--<node>
		<code>COMP-0080</code>
		<name>Compensation Component</name>
		<subcat>Stock Plans</subcat>
		<severity>ERROR</severity>
		<message>Missing plan eligibility rules</message>
		<details>All stock plans have employees assigned</details>
	</node>-->
	<!--<node>
		<code>COMP-0081</code>
		<name>Compensation Component</name>
		<subcat>Stock Plans</subcat>
		<severity>WARNING</severity>
		<message>Missing compensation package</message>
		<details>All stock plans included in a compensation package.</details>
	</node>-->
	<node>
		<code>COMP-0082</code>
		<name>Compensation Component</name>
		<subcat>Stock Plans</subcat>
		<severity>WARNING</severity>
		<message>Number of stock plan profiles less than 100</message>
	</node>
	<node>
		<code>COMP-0087</code>
		<name>Compensation Component</name>
		<subcat>Stock Plans</subcat>
		<severity>INFORMATION</severity>
		<message>Use Target Currency for Grant</message>
	</node>
	<!--<node>
		<code>COMP-0088</code>
		<name>Compensation Component</name>
		<subcat>Commission Plans</subcat>
		<severity>ERROR</severity>
		<message>Missing employee assignments</message>
		<details>All commission plans have employees assigned</details>
	</node>-->
	<!--<node>
		<code>COMP-0089</code>
		<name>Compensation Component</name>
		<subcat>Commission Plans</subcat>
		<severity>ERROR</severity>
		<message>Missing plan eligibility rules</message>
		<details>All commission plans have eligibility rules</details>
	</node>-->
<!--	<node>
		<code>COMP-0090</code>
		<name>Compensation Component</name>
		<subcat>Commission Plans</subcat>
		<severity>WARNING</severity>
		<message>Missing compensation package</message>
		<details>All commission plans tied to compensation package</details>
	</node>-->
	<node>
		<code>COMP-0091</code>
		<name>Compensation Component</name>
		<subcat>Commission Plans</subcat>
		<severity>INFORMATION</severity>
		<message>Review commission functionality with customer</message>
		<details>No active commission plans detected in tenant</details>
	</node>
	<node>
		<code>COMP-0092</code>
		<name>Compensation Component</name>
		<subcat>Future Payment Plans</subcat>
		<severity>ERROR</severity>
		<message>Missing employee assignments</message>
	</node>
	<node>
		<code>COMP-0093</code>
		<name>Compensation Component</name>
		<subcat>Future Payment Plans</subcat>
		<severity>ERROR</severity>
		<message>Missing plan eligibility rules</message>
	</node>
	<node>
		<code>COMP-0094</code>
		<name>Compensation Component</name>
		<subcat>One-Time Payment Plans</subcat>
		<severity>WARNING</severity>
		<message>Missing plan eligibility rules</message>
		<details>All one-time payment plans have eligibility rules configured.</details>
	</node>
	<node>
		<code>COMP-0095</code>
		<name>Compensation Component</name>
		<subcat>One-Time Payment Plans</subcat>
		<severity>INFORMATION</severity>
		<message>Review Eligibility Rule Functionality</message>
		<details>Active one time payment plan in tenant</details>
	</node>
	<node>
		<code>COMP-0096</code>
		<name>Compensation Component</name>
		<subcat>Job Profiles</subcat>
		<severity>WARNING</severity>
		<message>No Grades</message>
		<details>Configuration to tie grades to job profiles is being used.</details>
	</node>
	<node>
		<code>COMP-0097</code>
		<name>Compensation Component</name>
		<subcat>Job Profiles</subcat>
		<severity>WARNING</severity>
		<message>Grade Profiles Assigned</message>
		<details>No grade profiles tied to job profiles.</details>
	</node>
	<node>
		<code>COMP-0098</code>
		<name>Compensation Component</name>
		<subcat>Compensation Grades</subcat>
		<severity>ERROR</severity>
		<message>Missing Compensation Package</message>
		<details>All grades assigned to compensation package</details>
	</node>
	<node>
		<code>COMP-0099</code>
		<name>Compensation Component</name>
		<subcat>Compensation Grades</subcat>
		<severity>WARNING</severity>
		<message>Missing Employee Assignments - Grade</message>
		<details>All grades have employees assigned</details>
	</node>
	<node>
		<code>COMP-0100</code>
		<name>Compensation Component</name>
		<subcat>Compensation Grades</subcat>
		<severity>WARNING</severity>
		<message>Missing Job Profile and Rule Assignments</message>
		<details>No grades without either eligibility rules defined or tied to job profiles</details>
	</node>
	<node>
		<code>COMP-0101</code>
		<name>Compensation Component</name>
		<subcat>Compensation Grades</subcat>
		<severity>ERROR</severity>
		<message>Job Profile and Grade Assignments</message>
		<details>No grades are tied to job profiles and have eligibility rule tied to grade.</details>
	</node>
	<node>
		<code>COMP-0102</code>
		<name>Compensation Component</name>
		<subcat>Compensation Grades</subcat>
		<severity>WARNING</severity>
		<message>Missing Pay Ranges - Grades</message>
		<details>All grades have ranges defined</details>
	</node>
	<node>
		<code>COMP-0103</code>
		<name>Compensation Component</name>
		<subcat>Compensation Grades</subcat>
		<severity>ERROR</severity>
		<message>Grade Hierarchy</message>
		<details>All grades tied to hierarchy if one is detected in tenant</details>
	</node>
	<node>
		<code>COMP-0104</code>
		<name>Compensation Component</name>
		<subcat>Compensation Grades</subcat>
		<severity>WARNING</severity>
		<message>Missing Step Progression Rules</message>
	</node>
	<node>
		<code>COMP-0105</code>
		<name>Compensation Component</name>
		<subcat>Compensation Grades</subcat>
		<severity>INFORMATION</severity>
		<message>Compensation Steps Detected</message>
	</node>
	<node>
		<code>COMP-0106</code>
		<name>Compensation Component</name>
		<subcat>Compensation Grades</subcat>
		<severity>WARNING</severity>
		<message>Default Pay Ranges not Zero</message>
		<details>No grades have default pay ranges defined when grade profiles exist.</details>
	</node>
	<!--
	<node>
		<code>COMP-0107</code>
		<name>Compensation Component</name>
		<subcat>Compensation Grades</subcat>
		<severity>WARNING</severity>
		<message>Missing grade profiles</message>
		<details>Grade profiles defined in tenant</details>
	</node>
	-->
	<node>
		<code>COMP-0109</code>
		<name>Compensation Component</name>
		<subcat>Compensation Grades</subcat>
		<severity>INFORMATION</severity>
		<message>Review rule definition</message>
		<details>If grade profiles defined eligibility rules only refer to location or country of location</details>
	</node>
	<!--
	<node>
		<code>COMP-0110</code>
		<name>Compensation Component</name>
		<subcat>Compensation Grades</subcat>
		<severity>ERROR</severity>
		<message>Missing Employee Assignments - Grade Profile</message>
		<details>All grade profiles have employees assigned</details>
	</node>
	-->
	<node>
		<code>COMP-0111</code>
		<name>Compensation Component</name>
		<subcat>Compensation Eligibility Rules</subcat>
		<severity>WARNING</severity>
		<message>Compensation eligibility rule not being used or includes either Position or Employee ID</message>
		<details>No compensation eligibility rules not in use, using employee or position within rule.</details>
	</node>
	<node>
		<code>COMP-0112</code>
		<name>Compensation Component</name>
		<subcat>Compensation Elements</subcat>
		<severity>WARNING</severity>
		<message>No earnings codes tied to compensation element.</message>
		<details>All compensation elements tied to payroll earnings</details>
	</node>
	<node>
		<code>COMP-0113</code>
		<name>Compensation Component</name>
		<subcat>Merit Plans</subcat>
		<severity>WARNING</severity>
		<message>Include Active Employees Assigned Plan During Process Period set to yes</message>
		<details>No merit plans configured with Include Active Employees Assigned Plan During Process Period with time proration rule that does not include Time in Plan</details>
	</node>
	<node>
		<code>COMP-0115</code>
		<name>Security</name>
		<subcat>Compensation Profile Group for Worker Profile - ESS</subcat>
		<severity>WARNING</severity>
		<message>Employees should be able to view their compensation - security conflict</message>
		<details>Security attribute - ESS Self-Service matches security configuration</details>
	</node>
	<node>
		<code>COMP-0116</code>
		<name>Security</name>
		<subcat>Compensation Profile Group for Worker Profile - ESS</subcat>
		<severity>WARNING</severity>
		<message>Employees should not be able to view their compensation - security conflict</message>
	</node>
	<node>
		<code>COMP-0118</code>
		<name>Security</name>
		<subcat>Compensation Profile Group for Worker Profile - ESS</subcat>
		<severity>WARNING</severity>
		<message>Employees should be able to view their compensation - merit statement security conflict</message>
		<details>Validation if attribute indicating employee should not be able to view their own compensation matches security configuration for merit statement has passed</details>
	</node>
	<node>
		<code>COMP-0122</code>
		<name>Security</name>
		<subcat>Compensation Profile Group for Worker Profile - MSS</subcat>
		<severity>WARNING</severity>
		<message>Managers should be able to view compensation for direct reports - merit statement security conflict</message>
		<details>Attribute indicating whether managers should be able to see compensation for their staff matches print merit statement security configuration</details>
	</node>
	<node>
		<code>COMP-0124</code>
		<name>Security</name>
		<subcat>Compensation Profile Group for Worker Profile - MSS</subcat>
		<severity>WARNING</severity>
		<message>Managers should be able to view compensation for direct reports - Request Stock Grant bp conflict</message>
		<details>User attribute indicates that managers can view compensation for their staff and the manager security group is included as an initiator for the Request Stock Grant or user attribute indicates managers should not view compensation for their staff and the manager security group is not included as an initiator on the Request Stock Grant business process.</details>
	</node>
	<node>
		<code>COMP-0128</code>
		<name>Security</name>
		<subcat>View Total Rewards - ESS</subcat>
		<severity>ERROR</severity>
		<message>Employees should be able to view their Total Rewards Statement - security conflict</message>
		<details>Security attribute - ESS Total Rewards matches security configuration</details>
	</node>
	<node>
		<code>COMP-0129</code>
		<name>Security</name>
		<subcat>View Total Rewards - ESS</subcat>
		<severity>ERROR</severity>
		<message>Employees should not be able to view their Total Rewards Statement - security conflict</message>
		<details>Security attribute - ESS Total Rewards matches security configuration</details>
	</node>
	<node>
		<code>COMP-0130</code>
		<name>Security</name>
		<subcat>View Total Rewards - MSS</subcat>
		<severity>WARNING</severity>
		<message>Managers should be able to view Total Rewards Statement for direct reports - security conflict</message>
		<details>Security attribute - MSS Total Rewards matches security configuration</details>
	</node>
	<node>
		<code>COMP-0131</code>
		<name>Security</name>
		<subcat>View Total Rewards - MSS</subcat>
		<severity>WARNING</severity>
		<message>Managers should not be able to view Total Rewards Statement for direct reports - security conflict</message>
		<details>Security attribute - MSS Total Rewards matches security configuration</details>
	</node>
	<!--
	<node>
		<code>COMP-0132</code>
		<name>Security</name>
		<subcat>View Reimbursable Allowance Plan Activity</subcat>
		<severity>WARNING</severity>
		<message>No reimburseable alowance plans detected in tenant and Workday Delivered View Reimbursable Allowance Plan Activity report is not hidden. Please review configuration</message>
		<details>Reimbursable allowance plans detected and View Reimbursable Allowance Plan Activity report not hidden or no reimbursable allowance plans in tenant and View Reimbursable Allowance Plan Activity is hidden.</details>
	</node>
	
	<node>
		<code>COMP-0133</code>
		<name>Security</name>
		<subcat>View Bonus &amp; One-Time Payment History - ESS</subcat>
		<severity>WARNING</severity>
		<message>You have indicatedemployees should not be able to view the Bonus &amp; One-Time Payment History report, however, this report is not hidden. Please review configuration.</message>
		<details>Attribute whether Bonus &amp; One-Time Payment History report should be visible matches configuration in tenant.</details>
	</node>
	-->
	<node>
		<code>COMP-0135</code>
		<name>Security</name>
		<subcat>View Compensation History - MSS</subcat>
		<severity>WARNING</severity>
		<message>Integration Attribute value does not meet security configured in tenant. Please review</message>
	</node>
	<node>
		<code>COMP-0137</code>
		<name>Security</name>
		<subcat>View Compensation Basis Details - MSS</subcat>
		<severity>WARNING</severity>
		<message>Managers should not be able to view compensation basis details for direct reports - security conflict</message>
		<details>Attribute indicating whether manager should see compensation basis for their staff matches configuration in tenant</details>
	</node>
	<!--
	<node>
		<code>COMP-0138</code>
		<name>Security</name>
		<subcat>View Estimated Compensation for a Period - MSS</subcat>
		<severity>WARNING</severity>
		<message>You have indicated managers should not be able to view the Estimated Compensation for a Period report, however, this report is not hidden. Please review configuration.</message>
		<details>View Estimated Compensation for a Period attribute matches configuration</details>
	</node>
	-->
	<node>
		<code>COMP-0192</code>
		<name>Core Compensation Considerations</name>
		<subcat>Position Compensation</subcat>
		<severity>WARNING</severity>
		<message>Default compensation is either not in scope or has been loaded for all positions.</message>
	</node>
	<!--
	<node>
		<code>COMP-0193</code>
		<name>Core Compensation Considerations</name>
		<subcat>Position Compensation</subcat>
		<severity>WARNING</severity>
	</node>
	-->
	<node>
		<code>COMP-0196</code>
		<name>Bonus Considerations</name>
		<subcat>Historical data conversion impact on proration rules</subcat>
		<severity>INFORMATION</severity>
		<message>Load compensation transactional data if using bonus proration rules</message>
		<details>No bonus plans with proration - no impact to data conversion</details>
	</node>
	<node>
		<code>COMP-0140</code>
		<name>Compensation Process</name>
		<subcat>Merit</subcat>
		<severity>WARNING</severity>
		<message>Merit Plans detected but bp not activated</message>
		<details>Active merit plans detected in tenant and initiators exist on initiate merit business process</details>
	</node>
	<node>
		<code>COMP-0141</code>
		<name>Compensation Process</name>
		<subcat>Merit</subcat>
		<severity>WARNING</severity>
		<message>No events detected. Confirm testing has begun</message>
		<details>Initiate Merit events detected in tenant - testing has begun, or no active Initiate Merit BP detected in tenant.</details>
	</node>
	<node>
		<code>COMP-0143</code>
		<name>Compensation Process</name>
		<subcat>Merit</subcat>
		<severity>WARNING</severity>
		<message>Merit process detected but no participation rules</message>
		<!--<details>Participation rules exist in tenant</details>-->
		<details>Participation rules aligned with status of merit plans and Initiate Merit BP.</details>
	</node>
	<node>
		<code>COMP-0150</code>
		<name>Compensation Process</name>
		<subcat>Merit</subcat>
		<severity>WARNING</severity>
		<message>Review Financials touchpoint</message>
		<details>No financial touchpoint detected</details>
	</node>
	<!--
	<node>
		<code>COMP-0157</code>
		<name>Compensation Process</name>
		<subcat>Merit</subcat>
		<severity>WARNING</severity>
		<message>Shared participation not configured</message>
		<details>Shared participation is being used by customer</details>
	</node>
	-->
	<node>
		<code>COMP-0158</code>
		<name>Compensation Process</name>
		<subcat>Merit</subcat>
		<severity>ERROR</severity>
		<message>Review Merit Pool step out of order</message>
		<details>Initiate Merit business process does not have the Review Merit Pool step before the Distribute Pools step.</details>
	</node>
	<node>
		<code>COMP-0159</code>
		<name>Compensation Process</name>
		<subcat>Merit</subcat>
		<severity>ERROR</severity>
		<message>Release merit statement step configured but customer has custom merit statement</message>
		<details>Custom merit statement will be used and no release merit statement step included in initiate merit business process</details>
	</node>
	<node>
		<code>COMP-0160</code>
		<name>Compensation Process</name>
		<subcat>Merit</subcat>
		<severity>WARNING</severity>
		<message>Merit Statement rule</message>
		<details>Either the customer will not be using custom merit statement -OR- Customer will be using custom merit statement and active merit statement rules detected in tenant.</details>
	</node>
	<node>
		<code>COMP-0163</code>
		<name>Compensation Process</name>
		<subcat>Bonus</subcat>
		<severity>WARNING</severity>
		<message>Bonus Plans detected but bp not activated</message>
		<details>Initiate merit and/or initiate bonus process has been activated and has initiators on business process policy</details>
	</node>
	<node>
		<code>COMP-0164</code>
		<name>Compensation Process</name>
		<subcat>Bonus</subcat>
		<severity>WARNING</severity>
		<message>No events detected. Confirm testing has begun</message>
		<details>Initiate Bonus or Initiate Merit events detected in tenant - testing has begun – OR – no active Initiate Bonus and Initiate Merit BPs detected in tenant.</details>
	</node>
	<!--
	<node>
		<code>COMP-0165</code>
		<name>Compensation Process</name>
		<subcat>Bonus</subcat>
		<severity>ERROR</severity>
		<message>Bonus Plans detected but no grid</message>
		<details>Shared participation model detected and grids configured</details>
	</node>
	-->
	<node>
		<code>COMP-0166</code>
		<name>Compensation Process</name>
		<subcat>Bonus</subcat>
		<severity>WARNING</severity>
		<message>Bonus process detected but no participation rules</message>
		<!--<details>Active bonus plans detected in tenant and bonus participation rules have been defined</details>-->
		<details>Participation rules aligned with status of bonus plans and Initiate Merit BP or Initiate Bonus BP.</details>
	</node>
	<node>
		<code>COMP-0171</code>
		<name>Compensation Process</name>
		<subcat>Bonus</subcat>
		<severity>WARNING</severity>
		<message>No termination participation rule configured</message>
		<details>User indicated bonuses are paid to terminated employees and termination participation rules are configured</details>
	</node>
	<node>
		<code>COMP-0172</code>
		<name>Compensation Process</name>
		<subcat>Bonus</subcat>
		<severity>WARNING</severity>
		<message>No eligible earnings override participation rule configured</message>
		<details>Bonus plans with eligible earnings override detected in tenant and eligible earnings override participation rule not configured. Consider configuring eligible earnings override participation rule in order to pull in changes to eligible earnings override during an open process.</details>
	</node>
	<node>
		<code>COMP-0173</code>
		<name>Compensation Process</name>
		<subcat>Bonus</subcat>
		<severity>WARNING</severity>
		<message>Please verify whether the Shared Participation functionality can be used</message>
		<details>Shared participation used in initiate bonus process or initiate bonus process not being used</details>
	</node>
	<node>
		<code>COMP-0174</code>
		<name>Compensation Process</name>
		<subcat>Bonus</subcat>
		<severity>ERROR</severity>
		<message>Review Bonus Pool step out of order</message>
		<details>Review bonus pool step after distribute pools step in initiate bonus  business process or review bonus pool step not being used</details>
	</node>
	<node>
		<code>COMP-0175</code>
		<name>Compensation Process</name>
		<subcat>Stock</subcat>
		<severity>WARNING</severity>
		<message>Stock Plans detected but bp not activated</message>
		<details>Active stock plans detected in tenant and initiators included on initiate stock process.</details>
	</node>
	<node>
		<code>COMP-0176</code>
		<name>Compensation Process</name>
		<subcat>Stock</subcat>
		<severity>WARNING</severity>
		<message>No events detected. Confirm testing has begun</message>
		<details>Initiate Stock or Initiate Merit events detected in tenant - testing has begun, or no active Initiate Stock and Initiate Merit BPs detected in tenant.</details>
	</node>
	<!--
	<node>
		<code>COMP-0177</code>
		<name>Compensation Process</name>
		<subcat>Stock</subcat>
		<severity>ERROR</severity>
		<message>Stock Plans detected but no grid</message>
		<details>Active stock plans detected in tenant with initiators on initiate merit or initiate stock business process and grid configured.</details>
	</node>
	-->
	<node>
		<code>COMP-0178</code>
		<name>Compensation Process</name>
		<subcat>Stock</subcat>
		<severity>WARNING</severity>
		<message>Please verify whether the Shared Participation functionality can be used</message>
		<details>Shared participation being used in Initiate Stock business process or initiate stock business process not being used</details>
	</node>
	<node>
		<code>COMP-0180</code>
		<name>Compensation Process</name>
		<subcat>Stock</subcat>
		<severity>ERROR</severity>
		<message>Review Stock Pool step out of order</message>
		<details>Review Stock Pool step either not used or is after Distribute Pools step in Initiate Stock process.</details>
	</node>
	<!--
	<node>
		<code>COMP-0197</code>
		<severity>ERROR</severity>
		<details>No employees assigned to merit, bonus or allowance plans with a default target due to employees passing multiple plan profile rules.</details>
	</node>
	
	<node>
		<code>COMP-0198</code>
		<severity>ERROR</severity>
		<details>No employees assigned to merit, bonus or allowance plans with a default target = 0 due to not passing any profile rules</details>
	</node>
	-->
	<node>
		<code>COMP-0199</code>
		<name>Compensation Grades</name>
		<subcat>Grade Profiles</subcat>
		<severity>WARNING</severity>
		<message>Grade Profile not assigned to Grade</message>
		<details>All grade profiles tied to grades</details>
	</node>
	<node>
		<code>COMP-0200</code>
		<name>Compensation Component</name>
		<subcat>Allowance Plans</subcat>
		<severity>INFORMATION</severity>
		<message>Allowance plans detected with ceiling amounts configured, and part-tine employees exist in tenant</message>
	</node>
	<node>
		<code>COMP-0201</code>
		<name>Compensation Component</name>
		<subcat>Allowance Plans</subcat>
		<severity>ERROR</severity>
		<message>Allowance plans detected with ceiling amounts configured, and no configurable compensation basis exist in tenant.</message>
	</node>
	<node>
		<code>COMP-0202</code>
		<name>Compensation Process</name>
		<subcat>Merit</subcat>
		<severity>WARNING</severity>
		<message>Merit statement rule configured</message>
		<details>Either the Customer will not be using custom merit statement -OR- the Customer will be using custom merit statement and active merit statement rules detected in tenant.</details>
	</node>
</Validation_Messages>
