<?xml version="1.0" encoding="UTF-8"?>
<wdnm:Diagram xmlns:wdnm="http://workday.com/studio/editors/notation">
  <element href="assembly.xml#WorkdayAssembly"/>
  <visualProperties x="50" y="207">
    <element href="assembly.xml#Start_Here"/>
  </visualProperties>
  <visualProperties x="398" y="130">
    <element href="assembly.xml#Integration-ValidationModeEnabled"/>
  </visualProperties>
  <visualProperties x="407" y="243">
    <element href="assembly.xml#Call_RetrievalMappingFile"/>
  </visualProperties>
  <visualProperties x="654" y="193">
    <element href="assembly.xml#Call_SplitProcess"/>
  </visualProperties>
  <visualProperties x="278" y="310">
    <element href="assembly.xml#Error_Initialization"/>
  </visualProperties>
  <visualProperties x="657" y="139">
    <element href="assembly.xml#Call_FinalizeLog"/>
  </visualProperties>
  <visualProperties x="852" y="385">
    <element href="assembly.xml#IntegrationRecordCounts"/>
  </visualProperties>
  <visualProperties x="1064" y="254">
    <element href="assembly.xml#IntegrationSuccessCounts"/>
  </visualProperties>
  <visualProperties x="1064" y="199">
    <element href="assembly.xml#IntegrationFailCounts"/>
  </visualProperties>
  <visualProperties x="1059" y="149">
    <element href="assembly.xml#CallPutIntegrationEvent"/>
  </visualProperties>
  <visualProperties x="41" y="471">
    <element href="assembly.xml#SubRetrieveInput"/>
  </visualProperties>
  <visualProperties x="284" y="387">
    <element href="assembly.xml#ProcessFiles"/>
  </visualProperties>
  <visualProperties x="430" y="455">
    <element href="assembly.xml#IterateThroughFiles"/>
  </visualProperties>
  <visualProperties x="170" y="666">
    <element href="assembly.xml#NoFileToProcess"/>
  </visualProperties>
  <visualProperties x="649" y="443">
    <element href="assembly.xml#RetrieveDoc"/>
  </visualProperties>
  <visualProperties x="68" y="833">
    <element href="assembly.xml#SubSplitProcess"/>
  </visualProperties>
  <visualProperties x="236" y="900">
    <element href="assembly.xml#SplitProcess"/>
  </visualProperties>
  <visualProperties x="2925" y="1026">
    <element href="assembly.xml#ValidationMode"/>
  </visualProperties>
  <visualProperties x="1626" y="945">
    <element href="assembly.xml#Error_SplitterSubProcess"/>
  </visualProperties>
  <visualProperties x="3096" y="1026">
    <element href="assembly.xml#Workday_Input"/>
  </visualProperties>
  <visualProperties x="3111" y="1133">
    <element href="assembly.xml#CountSuccess"/>
  </visualProperties>
  <visualProperties x="3274" y="1126">
    <element href="assembly.xml#Call_AuditRow"/>
  </visualProperties>
  <visualProperties x="1064" y="1451">
    <element href="assembly.xml#SubAuditAggregator"/>
  </visualProperties>
  <visualProperties x="1235" y="1630">
    <element href="assembly.xml#Error_Message"/>
  </visualProperties>
  <visualProperties x="835" y="1501">
    <element href="assembly.xml#SubFinalizeLog"/>
  </visualProperties>
  <visualProperties x="1586" y="1668">
    <element href="assembly.xml#Call_Error_Message"/>
  </visualProperties>
  <visualProperties x="1041" y="1346">
    <element href="assembly.xml#SubWriteAuditRowStep"/>
  </visualProperties>
  <visualProperties x="1250" y="1466">
    <element href="assembly.xml#SubAuditStore"/>
  </visualProperties>
  <visualProperties x="1506" y="1607">
    <element href="assembly.xml#Call_AuditError"/>
  </visualProperties>
  <visualProperties x="828" y="1670">
    <element href="assembly.xml#ErrorHandler"/>
  </visualProperties>
  <visualProperties x="812" y="1357">
    <element href="assembly.xml#SubWriteAuditRow"/>
  </visualProperties>
  <visualProperties x="1003" y="1630">
    <element href="assembly.xml#ErrorHandler_Step"/>
  </visualProperties>
  <visualProperties x="1603" y="1501">
    <element href="assembly.xml#SubAudit_Log"/>
  </visualProperties>
  <visualProperties x="848" y="1816">
    <element href="assembly.xml#//@beans/@mixed.1/@mixed.51"/>
  </visualProperties>
  <visualProperties x="984" y="1777">
    <element href="assembly.xml#CriticalErrorHandler"/>
  </visualProperties>
  <visualProperties x="1169" y="1805">
    <element href="assembly.xml#Call_Critical_Message"/>
  </visualProperties>
  <visualProperties x="1371" y="1805">
    <element href="assembly.xml#Call_Critical_Event"/>
  </visualProperties>
  <visualProperties x="2844" y="869">
    <element href="assembly.xml#CallGeneratePutRequest"/>
  </visualProperties>
  <visualProperties x="41" y="1346">
    <element href="assembly.xml#GeneratePutRequest"/>
  </visualProperties>
  <visualProperties x="650" y="1457">
    <element href="assembly.xml#AsyncMediation2"/>
  </visualProperties>
  <visualProperties x="524" y="310">
    <element href="assembly.xml#CallReadTaxCodes"/>
  </visualProperties>
  <visualProperties x="1849" y="407">
    <element href="assembly.xml#ReadTaxCodes"/>
  </visualProperties>
  <visualProperties x="2022" y="431">
    <element href="assembly.xml#AsyncMediation3"/>
  </visualProperties>
  <visualProperties x="2226" y="408">
    <element href="assembly.xml#Splitter"/>
  </visualProperties>
  <visualProperties x="2379" y="431">
    <element href="assembly.xml#PutHashMap"/>
  </visualProperties>
  <visualProperties x="2223" y="714">
    <element href="assembly.xml#ReadError"/>
  </visualProperties>
  <visualProperties x="2213" y="595">
    <element href="assembly.xml#AsyncMediation4"/>
  </visualProperties>
  <visualProperties x="2735" y="987">
    <element href="assembly.xml#AsyncMediation5"/>
  </visualProperties>
  <visualProperties x="417" y="1298">
    <element href="assembly.xml#City"/>
  </visualProperties>
  <visualProperties x="245" y="1279">
    <element href="assembly.xml#Route"/>
  </visualProperties>
  <visualProperties x="413" y="1405">
    <element href="assembly.xml#County"/>
  </visualProperties>
  <visualProperties x="413" y="1510">
    <element href="assembly.xml#SchDist"/>
  </visualProperties>
  <visualProperties x="413" y="1614">
    <element href="assembly.xml#Other"/>
  </visualProperties>
  <visualProperties x="413" y="1712">
    <element href="assembly.xml#Alternate"/>
  </visualProperties>
  <visualProperties x="337" y="724">
    <element href="assembly.xml#Error_Initialization0"/>
  </visualProperties>
  <visualProperties x="2411" y="714">
    <element href="assembly.xml#Error_Initialization00"/>
  </visualProperties>
  <visualProperties x="68" y="1062">
    <element href="assembly.xml#Error_Initialization01"/>
  </visualProperties>
  <visualProperties x="1822" y="1007">
    <element href="assembly.xml#WorkdayOutRest"/>
  </visualProperties>
  <visualProperties x="1562" y="1052">
    <element href="assembly.xml#AsyncMediation0"/>
  </visualProperties>
  <visualProperties x="180" y="175">
    <element href="assembly.xml#AsyncMediation1"/>
  </visualProperties>
  <visualProperties x="68" y="900">
    <element href="assembly.xml#CSV2XML"/>
  </visualProperties>
  <visualProperties x="762" y="833">
    <element href="assembly.xml#Split_Transform-Inbound-Request"/>
  </visualProperties>
  <visualProperties x="2213" y="987">
    <element href="assembly.xml#HomeDate"/>
  </visualProperties>
  <visualProperties x="2469" y="971">
    <element href="assembly.xml#WorkDate"/>
  </visualProperties>
  <visualProperties x="2808" y="1186">
    <element href="assembly.xml#Error_SplitterSubProcess0"/>
  </visualProperties>
  <visualProperties x="594" y="1800">
    <element href="assembly.xml#Error_SplitterSubProcess1"/>
  </visualProperties>
  <visualProperties x="578" y="833">
    <element href="assembly.xml#Route0"/>
  </visualProperties>
  <visualProperties x="422" y="987">
    <element href="assembly.xml#AsyncMediation"/>
  </visualProperties>
  <visualProperties x="596" y="1135">
    <element href="assembly.xml#IgnoreFirst2Lines"/>
  </visualProperties>
  <visualProperties x="1126" y="869">
    <element href="assembly.xml#AsyncMediation7"/>
  </visualProperties>
  <visualProperties x="1601" y="768">
    <element href="assembly.xml#AsyncMediation8"/>
  </visualProperties>
  <visualProperties x="722" y="971">
    <element href="assembly.xml#Error_SplitterSubProcess3"/>
  </visualProperties>
  <visualProperties x="1263" y="1253">
    <element href="assembly.xml#Call_AuditRow0"/>
  </visualProperties>
  <visualProperties x="1347" y="1097">
    <element href="assembly.xml#CountSkips"/>
  </visualProperties>
  <visualProperties x="2261" y="1162">
    <element href="assembly.xml#Error_SplitterSubProcess2"/>
  </visualProperties>
  <visualProperties x="2529" y="1126">
    <element href="assembly.xml#Error_SplitterSubProcess4"/>
  </visualProperties>
  <visualProperties x="1967" y="833">
    <element href="assembly.xml#AsyncMediation80"/>
  </visualProperties>
  <visualProperties x="2169" y="869">
    <element href="assembly.xml#Error_SplitterSubProcess5"/>
  </visualProperties>
  <visualProperties x="1813" y="750">
    <element href="assembly.xml#Route1"/>
  </visualProperties>
  <visualProperties x="1983" y="1133">
    <element href="assembly.xml#AsyncMediation00"/>
  </visualProperties>
  <visualProperties x="2561" y="840">
    <element href="assembly.xml#AsyncMediation000"/>
  </visualProperties>
  <visualProperties x="1867" y="590">
    <element href="assembly.xml#AsyncMediation30"/>
  </visualProperties>
  <visualProperties x="665" y="586">
    <element href="assembly.xml#AsyncMediation6"/>
  </visualProperties>
  <visualProperties x="871" y="508">
    <element href="assembly.xml#RetrieveSymmetryFile"/>
  </visualProperties>
  <visualProperties x="1262" y="431">
    <element href="assembly.xml#SymmetrySFTP"/>
  </visualProperties>
  <visualProperties x="1243" y="646">
    <element href="assembly.xml#ErrorRetrievingFile"/>
  </visualProperties>
  <visualProperties x="402" y="185">
    <element href="assembly.xml#Call_RetrieveSymmetryFile"/>
  </visualProperties>
  <visualProperties x="1126" y="491">
    <element href="assembly.xml#SymmetryLoginDetails"/>
  </visualProperties>
  <visualProperties x="1397" y="469">
    <element href="assembly.xml#CopySymmetryFile"/>
  </visualProperties>
  <visualProperties x="1581" y="570">
    <element href="assembly.xml#SymmetryFileError"/>
  </visualProperties>
  <visualProperties x="1590" y="484">
    <element href="assembly.xml#SymmetryFileSuccess"/>
  </visualProperties>
  <visualProperties x="871" y="139">
    <element href="assembly.xml#Call-ImpactForPA"/>
  </visualProperties>
  <visualProperties x="1540" y="130">
    <element href="assembly.xml#ImpactForPA"/>
  </visualProperties>
  <visualProperties x="1698" y="130">
    <element href="assembly.xml#PAImpactedEE"/>
  </visualProperties>
  <visualProperties x="1551" y="310">
    <element href="assembly.xml#ErrorProcessingPAImpactedEmployees"/>
  </visualProperties>
  <visualProperties x="1551" y="175">
    <element href="assembly.xml#AsyncMediation9"/>
  </visualProperties>
  <visualProperties x="1728" y="175">
    <element href="assembly.xml#ProcessImpactedPAEmployee"/>
  </visualProperties>
  <visualProperties x="1857" y="310">
    <element href="assembly.xml#SuccessLogPA"/>
  </visualProperties>
  <visualProperties x="871" y="193">
    <element href="assembly.xml#Call-OHImpactedEE"/>
  </visualProperties>
  <visualProperties x="2048" y="310">
    <element href="assembly.xml#ErrorProcessingOHImpactedEmployees"/>
  </visualProperties>
  <visualProperties x="2346" y="310">
    <element href="assembly.xml#SuccessLogOH"/>
  </visualProperties>
  <visualProperties x="2048" y="175">
    <element href="assembly.xml#AsyncMediation90"/>
  </visualProperties>
  <visualProperties x="2036" y="130">
    <element href="assembly.xml#ImpactforOH"/>
  </visualProperties>
  <visualProperties x="2213" y="175">
    <element href="assembly.xml#ProcessImpactedOHEmployee"/>
  </visualProperties>
  <visualProperties x="2207" y="130">
    <element href="assembly.xml#OHImpactedEE"/>
  </visualProperties>
  <visualProperties x="1235" y="824">
    <element href="assembly.xml#AsyncMediation10"/>
  </visualProperties>
  <visualProperties x="1540" y="1206">
    <element href="assembly.xml#CountSkips2"/>
  </visualProperties>
  <visualProperties x="1492" y="1327">
    <element href="assembly.xml#CallAuditRow1"/>
  </visualProperties>
  <visualProperties x="807" y="724">
    <element href="assembly.xml#DeleteSymmetryFile"/>
  </visualProperties>
  <visualProperties x="1020" y="646">
    <element href="assembly.xml#AsyncMediation11"/>
  </visualProperties>
  <visualProperties x="1109" y="772">
    <element href="assembly.xml#SftpOut"/>
  </visualProperties>
  <visualProperties x="1257" y="695">
    <element href="assembly.xml#AsyncMediation12"/>
  </visualProperties>
  <visualProperties x="1645" y="622">
    <element href="assembly.xml#PutIntegrationMessage"/>
  </visualProperties>
  <visualProperties x="642" y="254">
    <element href="assembly.xml#Call_DeleteSymmetryFile"/>
  </visualProperties>
  <visualProperties x="1448" y="695">
    <element href="assembly.xml#SftpOut0"/>
  </visualProperties>
  <visualProperties x="1581" y="666">
    <element href="assembly.xml#AsyncMediation13"/>
  </visualProperties>
  <visualProperties x="903" y="1016">
    <element href="assembly.xml#WorkdayOutRest0"/>
  </visualProperties>
  <visualProperties x="866" y="1072">
    <element href="assembly.xml#AsyncMediation14"/>
  </visualProperties>
  <visualProperties x="762" y="1228">
    <element href="assembly.xml#CountSkips20"/>
  </visualProperties>
  <visualProperties x="967" y="1253">
    <element href="assembly.xml#CallAuditRow10"/>
  </visualProperties>
  <visualProperties x="2629" y="139">
    <element href="assembly.xml#KYReport"/>
  </visualProperties>
  <visualProperties x="2702" y="243">
    <element href="assembly.xml#AsyncMediation100"/>
  </visualProperties>
  <visualProperties x="2900" y="175">
    <element href="assembly.xml#WorkdayOutRest00"/>
  </visualProperties>
  <visualProperties x="2975" y="254">
    <element href="assembly.xml#AsyncMediation60"/>
  </visualProperties>
  <visualProperties x="2758" y="419">
    <element href="assembly.xml#ErrorProcessingKYRecords"/>
  </visualProperties>
  <visualProperties x="3188" y="339">
    <element href="assembly.xml#AsyncMediation81"/>
  </visualProperties>
  <visualProperties x="3330" y="261">
    <element href="assembly.xml#KYReportSuccess"/>
  </visualProperties>
  <visualProperties x="866" y="289">
    <element href="assembly.xml#Call-KYReports"/>
  </visualProperties>
  <decorations x="25" y="4" width="691" height="55" font="Arial|22|1" fontColor="1" type="TEXT" text="Local Tax Automation Inbound"/>
  <decorations x="36" y="45" width="640" height="70" type="TEXT" text="Integration Description : loads data to workday by reading input file from symmetry."/>
  <decorations x="32" y="114" width="1460" height="248" font="Arial|9|1" bgColor="14155775" fgColor="1" fontColor="1" type="NOTE" text="Main Processes"/>
  <decorations x="31" y="369" width="829" height="404" font="Arial|9|1" bgColor="16765864" fgColor="1" fontColor="1" type="NOTE" text="Retrieval Subprocess"/>
  <decorations x="28" y="790" width="2832" height="439" font="Arial|9|1" bgColor="12910532" fgColor="1" fontColor="1" type="NOTE" text="Splitter SubProcess"/>
  <decorations x="823" y="1593" width="1811" height="162" font="Arial|9|1" bgColor="6470137" fgColor="1" fontColor="1" type="NOTE" text="Local Error Handler"/>
  <decorations x="824" y="1424" width="1810" height="160" font="Arial|9|1" bgColor="16747205" fgColor="1" fontColor="1" type="NOTE" text="Finalize Log"/>
  <decorations x="824" y="1252" width="1810" height="154" font="Arial|9|1" bgColor="16101328" fgColor="1" fontColor="1" type="NOTE" text="Logging Subprocess"/>
  <decorations x="823" y="1765" width="1811" height="118" font="Arial|9|1" bgColor="7961087" fgColor="1" fontColor="1" type="NOTE" text="Global Error Handler"/>
  <decorations x="28" y="1243" width="780" height="640" type="NOTE" text="GenerateRequests"/>
  <decorations x="1796" y="368" width="838" height="404" type="NOTE" text="Read Tax Codes"/>
  <decorations x="871" y="372" width="904" height="400" type="NOTE" text="Retrieve Inbound File from Symmetry and store in Variable - &quot;symmetry.inbound.file&quot; for processing"/>
  <decorations x="1506" y="91" width="484" height="268" type="NOTE" text="PA Employee without either Active Local Resident Tax Setup or Active Local Work Tax Setup"/>
  <decorations x="1998" y="91" width="494" height="269" type="NOTE" text="OH Employee without Active School District Tax Setup"/>
  <connections type="routesTo" targetAnchorX="0.19101123595505617" targetAnchorY="0.208">
    <source href="assembly.xml#Start_Here"/>
    <target href="assembly.xml#AsyncMediation1"/>
  </connections>
  <connections type="routesTo" sourceAnchorX="0.5263157894736842" sourceAnchorY="0.6333333333333333">
    <source href="assembly.xml#//@beans/@mixed.1/@mixed.119/@mixed.3"/>
    <target href="assembly.xml#Error_Initialization"/>
  </connections>
  <connections type="routesResponseTo">
    <source href="assembly.xml#Call_SplitProcess"/>
    <target href="assembly.xml#Call_FinalizeLog"/>
  </connections>
  <connections type="routesResponseTo">
    <source href="assembly.xml#IntegrationRecordCounts"/>
    <target href="assembly.xml#IntegrationSuccessCounts"/>
  </connections>
  <connections type="routesResponseTo">
    <source href="assembly.xml#IntegrationSuccessCounts"/>
    <target href="assembly.xml#IntegrationFailCounts"/>
  </connections>
  <connections type="routesResponseTo">
    <source href="assembly.xml#IntegrationFailCounts"/>
    <target href="assembly.xml#CallPutIntegrationEvent"/>
  </connections>
  <connections type="routesTo" sourceAnchorX="0.9006622516556292" sourceAnchorY="0.7027027027027027" targetAnchorX="0.2782608695652174" targetAnchorY="0.4230769230769231">
    <source href="assembly.xml#SubRetrieveInput"/>
    <target href="assembly.xml#ProcessFiles"/>
  </connections>
  <connections type="routesTo" sourceAnchorX="1.0" sourceAnchorY="0.5588235294117647" targetAnchorX="0.22818791946308725" targetAnchorY="0.09740259740259741">
    <source href="assembly.xml#//@beans/@mixed.1/@route.1/@subRoute.0"/>
    <target href="assembly.xml#IterateThroughFiles"/>
  </connections>
  <connections type="routesTo" sourceAnchorX="0.6568627450980392" sourceAnchorY="1.0" targetAnchorX="0.3815789473684211" targetAnchorY="0.7567567567567568">
    <source href="assembly.xml#//@beans/@mixed.1/@route.1/@subRoute.1"/>
    <target href="assembly.xml#NoFileToProcess"/>
  </connections>
  <connections type="routesTo" sourceAnchorX="0.9558823529411765" sourceAnchorY="1.0" targetAnchorX="0.10909090909090909" targetAnchorY="0.23404255319148937">
    <source href="assembly.xml#//@beans/@mixed.1/@route.0/@subRoute.0"/>
    <target href="assembly.xml#RetrieveDoc"/>
  </connections>
  <connections type="routesTo" sourceAnchorX="0.4966442953020134" sourceAnchorY="1.0" targetAnchorX="0.029850746268656716" targetAnchorY="0.6585365853658537">
    <source href="assembly.xml#SubSplitProcess"/>
    <target href="assembly.xml#CSV2XML"/>
  </connections>
  <connections type="routesTo" sourceAnchorX="0.935251798561151" sourceAnchorY="0.336" targetAnchorX="0.4726027397260274" targetAnchorY="0.12337662337662338">
    <source href="assembly.xml#CSV2XML"/>
    <target href="assembly.xml#SplitProcess"/>
  </connections>
  <connections type="routesTo" sourceAnchorX="0.5338345864661654" sourceAnchorY="1.0" targetAnchorX="0.3858267716535433" targetAnchorY="0.5425531914893617">
    <source href="assembly.xml#//@beans/@mixed.1/@splitter.0/@subRoute.0"/>
    <target href="assembly.xml#AsyncMediation"/>
  </connections>
  <connections type="routesTo" sourceAnchorX="0.3858267716535433" sourceAnchorY="0.6" targetAnchorX="0.25384615384615383" targetAnchorY="0.23404255319148937">
    <source href="assembly.xml#//@beans/@mixed.1/@mixed.139/@mixed.3"/>
    <target href="assembly.xml#CountSkips"/>
  </connections>
  <connections type="routesResponseTo" targetAnchorX="0.008130081300813009" targetAnchorY="0.6276595744680851">
    <source href="assembly.xml#Workday_Input"/>
    <target href="assembly.xml#CountSuccess"/>
  </connections>
  <connections type="routesTo">
    <source href="assembly.xml#SubAuditAggregator"/>
    <target href="assembly.xml#SubAuditStore"/>
  </connections>
  <connections type="routesTo">
    <source href="assembly.xml#SubWriteAuditRowStep"/>
    <target href="assembly.xml#SubAuditAggregator"/>
  </connections>
  <connections type="routesTo">
    <source href="assembly.xml#SubFinalizeLog"/>
    <target href="assembly.xml#SubAuditAggregator"/>
  </connections>
  <connections type="routesTo" targetAnchorX="0.17142857142857143" targetAnchorY="0.40540540540540543">
    <source href="assembly.xml#Error_Message"/>
    <target href="assembly.xml#Call_AuditError"/>
  </connections>
  <connections type="routesTo" targetAnchorX="0.08759124087591241" targetAnchorY="0.5212765957446809">
    <source href="assembly.xml#ErrorHandler_Step"/>
    <target href="assembly.xml#Error_Message"/>
  </connections>
  <connections type="routesResponseTo">
    <source href="assembly.xml#Call_AuditError"/>
    <target href="assembly.xml#Call_Error_Message"/>
  </connections>
  <connections type="routesTo">
    <source href="assembly.xml#SubWriteAuditRow"/>
    <target href="assembly.xml#SubWriteAuditRowStep"/>
  </connections>
  <connections type="routesTo">
    <source href="assembly.xml#SubAuditStore"/>
    <target href="assembly.xml#SubAudit_Log"/>
  </connections>
  <connections type="routesTo" targetAnchorX="0.15862068965517243" targetAnchorY="0.5957446808510638">
    <source href="assembly.xml#ErrorHandler"/>
    <target href="assembly.xml#ErrorHandler_Step"/>
  </connections>
  <connections type="routesTo" sourceAnchorX="0.8681318681318682" sourceAnchorY="0.6" targetAnchorX="0.05263157894736842" targetAnchorY="0.648936170212766">
    <source href="assembly.xml#//@beans/@mixed.1/@mixed.51"/>
    <target href="assembly.xml#CriticalErrorHandler"/>
  </connections>
  <connections type="routesTo" sourceAnchorX="1.0" sourceAnchorY="0.3829787234042553" targetAnchorX="0.09340659340659341" targetAnchorY="0.2972972972972973">
    <source href="assembly.xml#CriticalErrorHandler"/>
    <target href="assembly.xml#Call_Critical_Message"/>
  </connections>
  <connections type="routesResponseTo" sourceAnchorX="0.9425287356321839" sourceAnchorY="0.475" targetAnchorX="0.0625" targetAnchorY="0.275">
    <source href="assembly.xml#Call_Critical_Message"/>
    <target href="assembly.xml#Call_Critical_Event"/>
  </connections>
  <connections type="routesResponseTo" sourceAnchorX="0.756578947368421" sourceAnchorY="1.0" targetAnchorX="0.29012345679012347" targetAnchorY="0.4594594594594595">
    <source href="assembly.xml#NoFileToProcess"/>
    <target href="assembly.xml#Error_Initialization0"/>
  </connections>
  <connections type="routesTo" sourceAnchorX="0.7745664739884393" sourceAnchorY="1.0" targetAnchorX="0.40186915887850466" targetAnchorY="0.18324607329842932">
    <source href="assembly.xml#GeneratePutRequest"/>
    <target href="assembly.xml#Route"/>
  </connections>
  <connections type="routesTo" sourceAnchorX="0.9225352112676056" sourceAnchorY="1.0" targetAnchorX="0.6417910447761194" targetAnchorY="0.5217391304347826">
    <source href="assembly.xml#ReadTaxCodes"/>
    <target href="assembly.xml#AsyncMediation3"/>
  </connections>
  <connections type="routesTo" sourceAnchorX="0.6276595744680851" sourceAnchorY="1.0" targetAnchorX="0.09734513274336283" targetAnchorY="0.664">
    <source href="assembly.xml#//@beans/@mixed.1/@splitter.1/@subRoute.0"/>
    <target href="assembly.xml#PutHashMap"/>
  </connections>
  <connections type="routesTo" sourceAnchorX="0.3096446700507614" sourceAnchorY="1.0" targetAnchorX="0.39552238805970147" targetAnchorY="0.2391304347826087">
    <source href="assembly.xml#//@beans/@mixed.1/@mixed.85/@mixed.3"/>
    <target href="assembly.xml#AsyncMediation4"/>
  </connections>
  <connections type="routesTo" sourceAnchorX="1.0" sourceAnchorY="0.216" targetAnchorX="0.794392523364486" targetAnchorY="0.16883116883116883">
    <source href="assembly.xml#AsyncMediation3"/>
    <target href="assembly.xml#Splitter"/>
  </connections>
  <connections type="routesTo" sourceAnchorX="0.6037735849056604" sourceAnchorY="1.0" targetAnchorX="0.26865671641791045" targetAnchorY="0.18478260869565216">
    <source href="assembly.xml#//@beans/@mixed.1/@mixed.87/@mixed.3"/>
    <target href="assembly.xml#AsyncMediation4"/>
  </connections>
  <connections type="routesTo" sourceAnchorX="1.0" sourceAnchorY="0.32978723404255317" targetAnchorX="0.39473684210526316" targetAnchorY="0.35135135135135137">
    <source href="assembly.xml#AsyncMediation4"/>
    <target href="assembly.xml#ReadError"/>
  </connections>
  <connections type="routesTo" sourceAnchorX="1.0" sourceAnchorY="0.2978723404255319" targetAnchorX="0.432" targetAnchorY="0.16">
    <source href="assembly.xml#AsyncMediation5"/>
    <target href="assembly.xml#ValidationMode"/>
  </connections>
  <connections type="routesTo" sourceAnchorX="0.0" sourceAnchorY="0.152" targetAnchorX="0.18840579710144928" targetAnchorY="0.4594594594594595">
    <source href="assembly.xml#ValidationMode"/>
    <target href="assembly.xml#Workday_Input"/>
  </connections>
  <connections type="routesTo" sourceAnchorX="0.7340425531914894" sourceAnchorY="1.0" targetAnchorX="0.07462686567164178" targetAnchorY="0.2765957446808511">
    <source href="assembly.xml#//@beans/@mixed.1/@route.2/@subRoute.0"/>
    <target href="assembly.xml#City"/>
  </connections>
  <connections type="routesTo" sourceAnchorX="0.6373626373626373" sourceAnchorY="1.0" targetAnchorX="0.3333333333333333" targetAnchorY="0.6170212765957447">
    <source href="assembly.xml#//@beans/@mixed.1/@route.2/@subRoute.4"/>
    <target href="assembly.xml#Alternate"/>
  </connections>
  <connections type="routesTo" sourceAnchorX="0.7362637362637363" sourceAnchorY="1.0" targetAnchorX="0.5106382978723404" targetAnchorY="0.5957446808510638">
    <source href="assembly.xml#//@beans/@mixed.1/@route.2/@subRoute.3"/>
    <target href="assembly.xml#Other"/>
  </connections>
  <connections type="routesTo" sourceAnchorX="0.7692307692307693" sourceAnchorY="1.0" targetAnchorX="0.1773049645390071" targetAnchorY="0.32978723404255317">
    <source href="assembly.xml#//@beans/@mixed.1/@route.2/@subRoute.2"/>
    <target href="assembly.xml#SchDist"/>
  </connections>
  <connections type="routesTo" sourceAnchorX="0.7252747252747253" sourceAnchorY="1.0" targetAnchorX="0.16312056737588654" targetAnchorY="0.35106382978723405">
    <source href="assembly.xml#//@beans/@mixed.1/@route.2/@subRoute.1"/>
    <target href="assembly.xml#County"/>
  </connections>
  <connections type="routesTo" sourceAnchorX="1.0" sourceAnchorY="0.2127659574468085" targetAnchorX="0.011278195488721804" targetAnchorY="0.6595744680851063">
    <source href="assembly.xml#Other"/>
    <target href="assembly.xml#AsyncMediation2"/>
  </connections>
  <connections type="routesTo" sourceAnchorX="1.0" sourceAnchorY="0.2978723404255319" targetAnchorX="0.022556390977443608" targetAnchorY="0.43617021276595747">
    <source href="assembly.xml#SchDist"/>
    <target href="assembly.xml#AsyncMediation2"/>
  </connections>
  <connections type="routesTo" sourceAnchorX="1.0" sourceAnchorY="0.13829787234042554" targetAnchorX="0.12781954887218044" targetAnchorY="0.3829787234042553">
    <source href="assembly.xml#County"/>
    <target href="assembly.xml#AsyncMediation2"/>
  </connections>
  <connections type="routesTo" sourceAnchorX="1.0" sourceAnchorY="0.32978723404255317" targetAnchorX="0.14285714285714285" targetAnchorY="0.48936170212765956">
    <source href="assembly.xml#City"/>
    <target href="assembly.xml#AsyncMediation2"/>
  </connections>
  <connections type="routesResponseTo" sourceAnchorX="0.29743589743589743" sourceAnchorY="0.7567567567567568" targetAnchorX="0.43283582089552236" targetAnchorY="0.32978723404255317">
    <source href="assembly.xml#CallGeneratePutRequest"/>
    <target href="assembly.xml#AsyncMediation5"/>
  </connections>
  <connections type="routesTo" sourceAnchorX="1.0" sourceAnchorY="0.32978723404255317" targetAnchorX="0.37681159420289856" targetAnchorY="0.08108108108108109">
    <source href="assembly.xml#CountSuccess"/>
    <target href="assembly.xml#Call_AuditRow"/>
  </connections>
  <connections type="routesResponseTo" sourceAnchorX="0.6491228070175439" sourceAnchorY="1.0" targetAnchorX="0.1893491124260355" targetAnchorY="0.16216216216216217">
    <source href="assembly.xml#ReadError"/>
    <target href="assembly.xml#Error_Initialization00"/>
  </connections>
  <connections type="routesTo" sourceAnchorX="0.8661417322834646" sourceAnchorY="0.26666666666666666" targetAnchorX="0.2781065088757396" targetAnchorY="0.4594594594594595">
    <source href="assembly.xml#//@beans/@mixed.1/@mixed.121/@mixed.3"/>
    <target href="assembly.xml#Error_Initialization01"/>
  </connections>
  <connections type="routesResponseTo" sourceAnchorX="0.46308724832214765" sourceAnchorY="0.4864864864864865" targetAnchorY="0.13829787234042554">
    <source href="assembly.xml#WorkdayOutRest"/>
    <target href="assembly.xml#AsyncMediation0"/>
  </connections>
  <connections type="routesTo" sourceAnchorX="0.9290780141843972" sourceAnchorY="0.48936170212765956" targetAnchorX="0.02030456852791878" targetAnchorY="0.112">
    <source href="assembly.xml#AsyncMediation00"/>
    <target href="assembly.xml#HomeDate"/>
  </connections>
  <connections type="routesTo" sourceAnchorX="1.0" sourceAnchorY="0.21739130434782608" targetAnchorX="0.3020833333333333" targetAnchorY="0.29347826086956524">
    <source href="assembly.xml#HomeDate"/>
    <target href="assembly.xml#WorkDate"/>
  </connections>
  <connections type="routesTo" sourceAnchorX="0.0" sourceAnchorY="0.1956521739130435" targetAnchorX="0.10135135135135136" targetAnchorY="0.40425531914893614">
    <source href="assembly.xml#WorkDate"/>
    <target href="assembly.xml#AsyncMediation000"/>
  </connections>
  <connections type="routesTo" sourceAnchorX="0.2894736842105263" sourceAnchorY="1.0" targetAnchorX="0.18137254901960784" targetAnchorY="0.35135135135135137">
    <source href="assembly.xml#//@beans/@mixed.1/@mixed.125/@mixed.3"/>
    <target href="assembly.xml#Error_SplitterSubProcess2"/>
  </connections>
  <connections type="routesTo" sourceAnchorX="0.652542372881356" sourceAnchorY="1.0" targetAnchorX="0.4411764705882353" targetAnchorY="0.918918918918919">
    <source href="assembly.xml#//@beans/@mixed.1/@mixed.39/@mixed.3"/>
    <target href="assembly.xml#Error_SplitterSubProcess0"/>
  </connections>
  <connections type="routesTo" sourceAnchorX="0.23684210526315788" sourceAnchorY="1.0" targetAnchorX="0.25980392156862747" targetAnchorY="0.6486486486486487">
    <source href="assembly.xml#//@beans/@mixed.1/@mixed.127/@mixed.3"/>
    <target href="assembly.xml#Error_SplitterSubProcess4"/>
  </connections>
  <connections type="routesTo" sourceAnchorX="0.9432624113475178" sourceAnchorY="1.0" targetAnchorX="0.27941176470588236" targetAnchorY="0.2972972972972973">
    <source href="assembly.xml#//@beans/@mixed.1/@mixed.107/@mixed.3"/>
    <target href="assembly.xml#Error_SplitterSubProcess1"/>
  </connections>
  <connections type="routesTo" sourceAnchorX="1.0" sourceAnchorY="0.2978723404255319" targetAnchorX="0.07801418439716312" targetAnchorY="0.13846153846153847">
    <source href="assembly.xml#AsyncMediation"/>
    <target href="assembly.xml#Route0"/>
  </connections>
  <connections type="routesTo" sourceAnchorX="0.78125" sourceAnchorY="1.0" targetAnchorX="0.012077294685990338" targetAnchorY="0.36">
    <source href="assembly.xml#//@beans/@mixed.1/@route.3/@subRoute.0"/>
    <target href="assembly.xml#Split_Transform-Inbound-Request"/>
  </connections>
  <connections type="routesTo" sourceAnchorX="0.9375" sourceAnchorY="1.0" targetAnchorX="0.10071942446043165" targetAnchorY="0.5108695652173914">
    <source href="assembly.xml#//@beans/@mixed.1/@route.3/@subRoute.1"/>
    <target href="assembly.xml#IgnoreFirst2Lines"/>
  </connections>
  <connections type="routesTo" sourceAnchorX="0.6122448979591837" sourceAnchorY="1.0" targetAnchorX="0.3248730964467005" targetAnchorY="0.10810810810810811">
    <source href="assembly.xml#//@beans/@mixed.1/@mixed.141/@mixed.3"/>
    <target href="assembly.xml#Error_SplitterSubProcess"/>
  </connections>
  <connections type="routesTo" sourceAnchorX="0.5515695067264574" sourceAnchorY="0.3" targetAnchorX="0.5980392156862745" targetAnchorY="0.6216216216216216">
    <source href="assembly.xml#//@beans/@mixed.1/@mixed.123/@mixed.3"/>
    <target href="assembly.xml#Error_SplitterSubProcess3"/>
  </connections>
  <connections type="routesTo" sourceAnchorX="1.0" sourceAnchorY="0.32978723404255317" targetAnchorX="0.6137931034482759" targetAnchorY="0.3783783783783784">
    <source href="assembly.xml#CountSkips"/>
    <target href="assembly.xml#Call_AuditRow0"/>
  </connections>
  <connections type="routesTo" sourceAnchorX="0.4925373134328358" sourceAnchorY="0.7666666666666667" targetAnchorX="0.3248730964467005" targetAnchorY="0.10810810810810811">
    <source href="assembly.xml#//@beans/@mixed.1/@mixed.155/@mixed.3"/>
    <target href="assembly.xml#Error_SplitterSubProcess5"/>
  </connections>
  <connections type="routesTo" sourceAnchorX="1.0" sourceAnchorY="0.176" targetAnchorX="0.35514018691588783" targetAnchorY="0.23376623376623376">
    <source href="assembly.xml#AsyncMediation8"/>
    <target href="assembly.xml#Route1"/>
  </connections>
  <connections type="routesTo" sourceAnchorX="0.7127659574468085" sourceAnchorY="1.0" targetAnchorX="0.46808510638297873" targetAnchorY="0.08">
    <source href="assembly.xml#//@beans/@mixed.1/@route.4/@subRoute.0"/>
    <target href="assembly.xml#AsyncMediation80"/>
  </connections>
  <connections type="routesTo" sourceAnchorX="0.0" sourceAnchorY="0.2872340425531915" targetAnchorX="0.36879432624113473" targetAnchorY="0.010638297872340425">
    <source href="assembly.xml#AsyncMediation0"/>
    <target href="assembly.xml#AsyncMediation00"/>
  </connections>
  <connections type="routesTo" sourceAnchorX="1.0" sourceAnchorY="0.26595744680851063" targetAnchorX="0.1641025641025641" targetAnchorY="0.4864864864864865">
    <source href="assembly.xml#AsyncMediation000"/>
    <target href="assembly.xml#CallGeneratePutRequest"/>
  </connections>
  <connections type="routesTo" sourceAnchorX="0.8693181818181818" sourceAnchorY="1.0" targetAnchorX="0.5298507462686567" targetAnchorY="0.2127659574468085">
    <source href="assembly.xml#RetrieveSymmetryFile"/>
    <target href="assembly.xml#SymmetryLoginDetails"/>
  </connections>
  <connections type="routesTo" sourceAnchorX="0.7637795275590551" sourceAnchorY="1.0" targetAnchorX="0.2830188679245283" targetAnchorY="0.6486486486486487">
    <source href="assembly.xml#//@beans/@mixed.1/@mixed.175/@mixed.3"/>
    <target href="assembly.xml#ErrorRetrievingFile"/>
  </connections>
  <connections type="routesTo" sourceAnchorX="1.0" sourceAnchorY="0.248" targetAnchorX="0.422680412371134" targetAnchorY="0.4594594594594595">
    <source href="assembly.xml#SymmetryLoginDetails"/>
    <target href="assembly.xml#SymmetrySFTP"/>
  </connections>
  <connections type="routesResponseTo" sourceAnchorX="0.6082474226804123" sourceAnchorY="1.0" targetAnchorX="0.24113475177304963">
    <source href="assembly.xml#SymmetrySFTP"/>
    <target href="assembly.xml#CopySymmetryFile"/>
  </connections>
  <connections type="routesResponseTo" sourceAnchorX="0.657258064516129" sourceAnchorY="1.0" targetAnchorX="0.6" targetAnchorY="0.43243243243243246">
    <source href="assembly.xml#Integration-ValidationModeEnabled"/>
    <target href="assembly.xml#Call_RetrieveSymmetryFile"/>
  </connections>
  <connections type="routesTo" sourceAnchorX="0.43795620437956206" sourceAnchorY="1.0" targetAnchorX="0.20108695652173914" targetAnchorY="0.40540540540540543">
    <source href="assembly.xml#//@beans/@mixed.1/@mixed.177/@mixed.3"/>
    <target href="assembly.xml#SymmetryFileError"/>
  </connections>
  <connections type="routesTo" sourceAnchorX="1.0" sourceAnchorY="0.192" targetAnchorX="0.1702127659574468" targetAnchorY="0.4864864864864865">
    <source href="assembly.xml#CopySymmetryFile"/>
    <target href="assembly.xml#SymmetryFileSuccess"/>
  </connections>
  <connections type="routesTo" sourceAnchorX="1.0" sourceAnchorY="0.43243243243243246" targetAnchorX="0.48507462686567165" targetAnchorY="0.391304347826087">
    <source href="assembly.xml#ImpactForPA"/>
    <target href="assembly.xml#AsyncMediation9"/>
  </connections>
  <connections type="routesTo" sourceAnchorX="1.0" sourceAnchorY="0.1956521739130435" targetAnchorX="0.28205128205128205" targetAnchorY="0.6486486486486487">
    <source href="assembly.xml#AsyncMediation9"/>
    <target href="assembly.xml#PAImpactedEE"/>
  </connections>
  <connections type="routesTo" sourceAnchorX="0.6220472440944882" sourceAnchorY="1.0" targetAnchorX="0.4416058394160584" targetAnchorY="0.6756756756756757">
    <source href="assembly.xml#//@beans/@mixed.1/@mixed.191/@mixed.3"/>
    <target href="assembly.xml#ErrorProcessingPAImpactedEmployees"/>
  </connections>
  <connections type="routesResponseTo" sourceAnchorX="0.7564102564102564" sourceAnchorY="1.0" targetAnchorX="0.21568627450980393" targetAnchorY="0.4574468085106383">
    <source href="assembly.xml#PAImpactedEE"/>
    <target href="assembly.xml#ProcessImpactedPAEmployee"/>
  </connections>
  <connections type="routesTo" sourceAnchorX="0.8324873096446701" sourceAnchorY="1.0" targetAnchorX="0.6861313868613139" targetAnchorY="0.2972972972972973">
    <source href="assembly.xml#//@beans/@mixed.1/@mixed.193/@mixed.3"/>
    <target href="assembly.xml#ErrorProcessingPAImpactedEmployees"/>
  </connections>
  <connections type="routesTo" sourceAnchorX="1.0" sourceAnchorY="0.248" targetAnchorX="0.3829787234042553" targetAnchorY="0.6216216216216216">
    <source href="assembly.xml#ProcessImpactedPAEmployee"/>
    <target href="assembly.xml#SuccessLogPA"/>
  </connections>
  <connections type="routesTo" sourceAnchorX="1.0" sourceAnchorY="0.24" targetAnchorX="0.10080645161290322" targetAnchorY="0.5135135135135135">
    <source href="assembly.xml#AsyncMediation1"/>
    <target href="assembly.xml#Integration-ValidationModeEnabled"/>
  </connections>
  <connections type="routesResponseTo" sourceAnchorX="0.4605263157894737" sourceAnchorY="1.0" targetAnchorX="0.6527777777777778" targetAnchorY="0.6486486486486487">
    <source href="assembly.xml#Call-ImpactForPA"/>
    <target href="assembly.xml#Call-OHImpactedEE"/>
  </connections>
  <connections type="routesTo" sourceAnchorX="0.6220472440944882" sourceAnchorY="1.0" targetAnchorX="0.4416058394160584" targetAnchorY="0.6756756756756757">
    <source href="assembly.xml#//@beans/@mixed.1/@mixed.205/@mixed.3"/>
    <target href="assembly.xml#ErrorProcessingOHImpactedEmployees"/>
  </connections>
  <connections type="routesTo" sourceAnchorX="0.8324873096446701" sourceAnchorY="1.0" targetAnchorX="0.6861313868613139" targetAnchorY="0.2972972972972973">
    <source href="assembly.xml#//@beans/@mixed.1/@mixed.201/@mixed.3"/>
    <target href="assembly.xml#ErrorProcessingOHImpactedEmployees"/>
  </connections>
  <connections type="routesTo" sourceAnchorX="1.0" sourceAnchorY="0.248" targetAnchorX="0.3829787234042553" targetAnchorY="0.6216216216216216">
    <source href="assembly.xml#ProcessImpactedOHEmployee"/>
    <target href="assembly.xml#SuccessLogOH"/>
  </connections>
  <connections type="routesTo" sourceAnchorX="1.0" sourceAnchorY="0.1956521739130435" targetAnchorX="0.28205128205128205" targetAnchorY="0.6486486486486487">
    <source href="assembly.xml#AsyncMediation90"/>
    <target href="assembly.xml#OHImpactedEE"/>
  </connections>
  <connections type="routesTo" sourceAnchorX="1.0" sourceAnchorY="0.43243243243243246" targetAnchorX="0.48507462686567165" targetAnchorY="0.391304347826087">
    <source href="assembly.xml#ImpactforOH"/>
    <target href="assembly.xml#AsyncMediation90"/>
  </connections>
  <connections type="routesResponseTo" sourceAnchorX="0.7564102564102564" sourceAnchorY="1.0" targetAnchorX="0.21568627450980393" targetAnchorY="0.4574468085106383">
    <source href="assembly.xml#OHImpactedEE"/>
    <target href="assembly.xml#ProcessImpactedOHEmployee"/>
  </connections>
  <connections type="routesTo" sourceAnchorX="0.6716417910447762" sourceAnchorY="1.0" targetAnchorX="0.6226415094339622" targetAnchorY="0.07446808510638298">
    <source href="assembly.xml#//@beans/@mixed.1/@mixed.211/@mixed.3"/>
    <target href="assembly.xml#CountSkips"/>
  </connections>
  <connections type="routesTo" sourceAnchorX="1.0" sourceAnchorY="0.216" targetAnchorX="0.22695035460992907" targetAnchorY="0.3008130081300813">
    <source href="assembly.xml#AsyncMediation7"/>
    <target href="assembly.xml#AsyncMediation10"/>
  </connections>
  <connections type="routesTo" sourceAnchorX="1.0" sourceAnchorY="0.24390243902439024" targetAnchorX="0.6865671641791045" targetAnchorY="0.176">
    <source href="assembly.xml#AsyncMediation10"/>
    <target href="assembly.xml#AsyncMediation8"/>
  </connections>
  <connections type="routesTo">
    <source href="assembly.xml#CountSkips2"/>
    <target href="assembly.xml#CallAuditRow1"/>
  </connections>
  <connections type="routesTo">
    <source href="assembly.xml#//@beans/@mixed.1/@mixed.117/@mixed.3"/>
    <target href="assembly.xml#CountSkips2"/>
  </connections>
  <connections type="routesTo">
    <source href="assembly.xml#DeleteSymmetryFile"/>
    <target href="assembly.xml#AsyncMediation11"/>
  </connections>
  <connections type="routesTo">
    <source href="assembly.xml#AsyncMediation11"/>
    <target href="assembly.xml#SftpOut"/>
  </connections>
  <connections type="routesResponseTo">
    <source href="assembly.xml#SftpOut"/>
    <target href="assembly.xml#AsyncMediation12"/>
  </connections>
  <connections type="routesTo">
    <source href="assembly.xml#AsyncMediation12"/>
    <target href="assembly.xml#SftpOut0"/>
  </connections>
  <connections type="routesResponseTo">
    <source href="assembly.xml#SftpOut0"/>
    <target href="assembly.xml#AsyncMediation13"/>
  </connections>
  <connections type="routesTo">
    <source href="assembly.xml#AsyncMediation13"/>
    <target href="assembly.xml#PutIntegrationMessage"/>
  </connections>
  <connections type="routesResponseTo">
    <source href="assembly.xml#Call_RetrieveSymmetryFile"/>
    <target href="assembly.xml#Call_RetrievalMappingFile"/>
  </connections>
  <connections type="routesResponseTo">
    <source href="assembly.xml#Call_RetrievalMappingFile"/>
    <target href="assembly.xml#CallReadTaxCodes"/>
  </connections>
  <connections type="routesResponseTo">
    <source href="assembly.xml#Call_DeleteSymmetryFile"/>
    <target href="assembly.xml#Call_SplitProcess"/>
  </connections>
  <connections type="routesResponseTo">
    <source href="assembly.xml#Call_FinalizeLog"/>
    <target href="assembly.xml#Call-ImpactForPA"/>
  </connections>
  <connections type="routesTo">
    <source href="assembly.xml#Split_Transform-Inbound-Request"/>
    <target href="assembly.xml#WorkdayOutRest0"/>
  </connections>
  <connections type="routesResponseTo">
    <source href="assembly.xml#WorkdayOutRest0"/>
    <target href="assembly.xml#AsyncMediation14"/>
  </connections>
  <connections type="routesTo">
    <source href="assembly.xml#CountSkips20"/>
    <target href="assembly.xml#CallAuditRow10"/>
  </connections>
  <connections type="routesTo">
    <source href="assembly.xml#AsyncMediation14"/>
    <target href="assembly.xml#AsyncMediation7"/>
  </connections>
  <connections type="routesTo">
    <source href="assembly.xml#//@beans/@mixed.1/@mixed.235/@mixed.3"/>
    <target href="assembly.xml#CountSkips20"/>
  </connections>
  <connections type="routesTo">
    <source href="assembly.xml#AsyncMediation80"/>
    <target href="assembly.xml#AsyncMediation00"/>
  </connections>
  <connections type="routesResponseTo">
    <source href="assembly.xml#CallReadTaxCodes"/>
    <target href="assembly.xml#Call_DeleteSymmetryFile"/>
  </connections>
  <connections type="routesTo" sourceAnchorX="0.7037037037037037" sourceAnchorY="1.0" targetAnchorX="0.30808080808080807" targetAnchorY="0.007751937984496124">
    <source href="assembly.xml#KYReport"/>
    <target href="assembly.xml#AsyncMediation100"/>
  </connections>
  <connections type="routesTo" sourceAnchorX="1.0" sourceAnchorY="0.21705426356589147" targetAnchorX="0.2803738317757009" targetAnchorY="0.6756756756756757">
    <source href="assembly.xml#AsyncMediation100"/>
    <target href="assembly.xml#WorkdayOutRest00"/>
  </connections>
  <connections type="routesResponseTo" sourceAnchorX="0.32242990654205606" sourceAnchorY="1.0" targetAnchorX="0.21808510638297873" targetAnchorY="0.06201550387596899">
    <source href="assembly.xml#WorkdayOutRest00"/>
    <target href="assembly.xml#AsyncMediation60"/>
  </connections>
  <connections type="routesTo" sourceAnchorX="0.5287958115183246" sourceAnchorY="1.0" targetAnchorX="0.44404332129963897" targetAnchorY="0.21621621621621623">
    <source href="assembly.xml#//@beans/@mixed.1/@mixed.243/@mixed.3"/>
    <target href="assembly.xml#ErrorProcessingKYRecords"/>
  </connections>
  <connections type="routesTo" sourceAnchorX="0.292817679558011" sourceAnchorY="1.0" targetAnchorX="0.6570397111913358" targetAnchorY="0.16216216216216217">
    <source href="assembly.xml#//@beans/@mixed.1/@mixed.247/@mixed.3"/>
    <target href="assembly.xml#ErrorProcessingKYRecords"/>
  </connections>
  <connections type="routesTo" sourceAnchorX="1.0" sourceAnchorY="0.12403100775193798" targetAnchorX="0.1141732283464567" targetAnchorY="0.37209302325581395">
    <source href="assembly.xml#AsyncMediation60"/>
    <target href="assembly.xml#AsyncMediation81"/>
  </connections>
  <connections type="routesTo" sourceAnchorX="1.0" sourceAnchorY="0.2558139534883721" targetAnchorX="0.7093596059113301" targetAnchorY="0.6756756756756757">
    <source href="assembly.xml#AsyncMediation81"/>
    <target href="assembly.xml#KYReportSuccess"/>
  </connections>
  <connections type="routesResponseTo" sourceAnchorX="0.45161290322580644" sourceAnchorY="1.0" targetAnchorX="0.56353591160221" targetAnchorY="0.13513513513513514">
    <source href="assembly.xml#Call-OHImpactedEE"/>
    <target href="assembly.xml#Call-KYReports"/>
  </connections>
  <connections type="routesResponseTo" sourceAnchorX="0.6132596685082873" sourceAnchorY="1.0" targetAnchorX="0.4453125" targetAnchorY="0.05405405405405406">
    <source href="assembly.xml#Call-KYReports"/>
    <target href="assembly.xml#IntegrationRecordCounts"/>
  </connections>
  <connections type="routesTo" sourceAnchorX="0.3765182186234818" sourceAnchorY="1.0" targetAnchorX="0.7581227436823105" targetAnchorY="0.5675675675675675">
    <source href="assembly.xml#//@beans/@mixed.1/@mixed.251/@mixed.3"/>
    <target href="assembly.xml#ErrorProcessingKYRecords"/>
  </connections>
</wdnm:Diagram>
