<?xml version="1.0" encoding="UTF-8"?>
<wdnm:Diagram xmlns:wdnm="http://workday.com/studio/editors/notation">
  <element href="assembly.xml#WorkdayAssembly"/>
  <visualProperties x="58" y="57">
    <element href="assembly.xml#StartHere"/>
  </visualProperties>
  <visualProperties x="817" y="47">
    <element href="assembly.xml#Route0"/>
  </visualProperties>
  <visualProperties x="482" y="76">
    <element href="assembly.xml#Integration-ValidationModeEnabled"/>
  </visualProperties>
  <visualProperties x="1048" y="236">
    <element href="assembly.xml#IntegrationEnd0"/>
  </visualProperties>
  <visualProperties>
    <element href="assembly.xml#AsyncMediation"/>
  </visualProperties>
  <visualProperties>
    <element href="assembly.xml#Error_Initialization"/>
  </visualProperties>
  <visualProperties x="549" y="187">
    <element href="assembly.xml#Call-Retrieval"/>
  </visualProperties>
  <visualProperties>
    <element href="assembly.xml#Call_GetInput"/>
  </visualProperties>
  <visualProperties>
    <element href="assembly.xml#Call_ProcessWorker"/>
  </visualProperties>
  <visualProperties>
    <element href="assembly.xml#Call_FinalizeLog"/>
  </visualProperties>
  <visualProperties>
    <element href="assembly.xml#CallPutIntegrationEvent"/>
  </visualProperties>
  <visualProperties>
    <element href="assembly.xml#Call_PeriodsDate"/>
  </visualProperties>
  <visualProperties>
    <element href="assembly.xml#Call_GetFreq"/>
  </visualProperties>
  <visualProperties>
    <element href="assembly.xml#Retrievel"/>
  </visualProperties>
  <visualProperties>
    <element href="assembly.xml#DocRetrieval"/>
  </visualProperties>
  <visualProperties>
    <element href="assembly.xml#Splitter"/>
  </visualProperties>
  <visualProperties>
    <element href="assembly.xml#ProcessFile"/>
  </visualProperties>
  <visualProperties>
    <element href="assembly.xml#Aggregator"/>
  </visualProperties>
  <visualProperties>
    <element href="assembly.xml#InputFile"/>
  </visualProperties>
  <visualProperties>
    <element href="assembly.xml#MsgRetrieval"/>
  </visualProperties>
  <visualProperties x="245" y="707">
    <element href="assembly.xml#RetrievalError"/>
  </visualProperties>
  <visualProperties x="483" y="707">
    <element href="assembly.xml#IntegrationEnd"/>
  </visualProperties>
  <visualProperties x="1131" y="743">
    <element href="assembly.xml#Error_Doc_retrieval"/>
  </visualProperties>
  <visualProperties>
    <element href="assembly.xml#PeriodsDate"/>
  </visualProperties>
  <visualProperties>
    <element href="assembly.xml#CallPeriodDateReport"/>
  </visualProperties>
  <visualProperties>
    <element href="assembly.xml#SplitterDates"/>
  </visualProperties>
  <visualProperties>
    <element href="assembly.xml#HashMapDates"/>
  </visualProperties>
  <visualProperties>
    <element href="assembly.xml#Error_HashMap"/>
  </visualProperties>
  <visualProperties>
    <element href="assembly.xml#GetFreq"/>
  </visualProperties>
  <visualProperties>
    <element href="assembly.xml#GetWorkerData"/>
  </visualProperties>
  <visualProperties>
    <element href="assembly.xml#Splitbypayrgroup"/>
  </visualProperties>
  <visualProperties>
    <element href="assembly.xml#HashMapPayGroup"/>
  </visualProperties>
  <visualProperties>
    <element href="assembly.xml#Error_HashMapPayGroup"/>
  </visualProperties>
  <visualProperties>
    <element href="assembly.xml#GetInput"/>
  </visualProperties>
  <visualProperties>
    <element href="assembly.xml#GetInputs"/>
  </visualProperties>
  <visualProperties>
    <element href="assembly.xml#Error_GetRequest"/>
  </visualProperties>
  <visualProperties>
    <element href="assembly.xml#PagedGet"/>
  </visualProperties>
  <visualProperties>
    <element href="assembly.xml#AggInputs"/>
  </visualProperties>
  <visualProperties>
    <element href="assembly.xml#AggregatorInput"/>
  </visualProperties>
  <visualProperties>
    <element href="assembly.xml#SplittertoHash"/>
  </visualProperties>
  <visualProperties>
    <element href="assembly.xml#StoreInputHashMap"/>
  </visualProperties>
  <visualProperties>
    <element href="assembly.xml#Error_InputsHash"/>
  </visualProperties>
  <visualProperties x="38" y="1667">
    <element href="assembly.xml#ProcessWorker"/>
  </visualProperties>
  <visualProperties x="617" y="1821">
    <element href="assembly.xml#Call_ErrorProcessWorker"/>
  </visualProperties>
  <visualProperties x="970" y="1813">
    <element href="assembly.xml#CountSuccess"/>
  </visualProperties>
  <visualProperties x="957" y="1737">
    <element href="assembly.xml#CallPayrollInputs"/>
  </visualProperties>
  <visualProperties x="1045" y="1631">
    <element href="assembly.xml#CallCloseInputs"/>
  </visualProperties>
  <visualProperties x="1141" y="1857">
    <element href="assembly.xml#CallAuditRow"/>
  </visualProperties>
  <visualProperties x="603" y="1656">
    <element href="assembly.xml#ForFreq"/>
  </visualProperties>
  <visualProperties x="436" y="1745">
    <element href="assembly.xml#Splitter1"/>
  </visualProperties>
  <visualProperties x="310" y="1737">
    <element href="assembly.xml#Copy"/>
  </visualProperties>
  <visualProperties x="88" y="1766">
    <element href="assembly.xml#MsgInputsRetrieved"/>
  </visualProperties>
  <visualProperties x="1398" y="1850">
    <element href="assembly.xml#CallSkip_Invalidpaygroup"/>
  </visualProperties>
  <visualProperties>
    <element href="assembly.xml#ProcessEndInputs"/>
  </visualProperties>
  <visualProperties>
    <element href="assembly.xml#Route_US-PR-BW"/>
  </visualProperties>
  <visualProperties>
    <element href="assembly.xml#UpdateDeductionUSPR"/>
  </visualProperties>
  <visualProperties>
    <element href="assembly.xml#Error_CloseOpenInputSubProcess"/>
  </visualProperties>
  <visualProperties>
    <element href="assembly.xml#UpdateDeductionUSBW"/>
  </visualProperties>
  <visualProperties>
    <element href="assembly.xml#UpdateDeductionCABW"/>
  </visualProperties>
  <visualProperties>
    <element href="assembly.xml#Error_CloseOpenInputSubProcess0"/>
  </visualProperties>
  <visualProperties>
    <element href="assembly.xml#ValidationModeOn"/>
  </visualProperties>
  <visualProperties>
    <element href="assembly.xml#CloseInputRequest"/>
  </visualProperties>
  <visualProperties>
    <element href="assembly.xml#AsyncMediation0"/>
  </visualProperties>
  <visualProperties>
    <element href="assembly.xml#Error_CloseOpenInputSubProcessUSBW"/>
  </visualProperties>
  <visualProperties>
    <element href="assembly.xml#ProcessPayrollInputs"/>
  </visualProperties>
  <visualProperties>
    <element href="assembly.xml#Route"/>
  </visualProperties>
  <visualProperties>
    <element href="assembly.xml#PutPayrollInputUSPR"/>
  </visualProperties>
  <visualProperties>
    <element href="assembly.xml#CallSubRoutine"/>
  </visualProperties>
  <visualProperties>
    <element href="assembly.xml#PutPayrollInputUSBW"/>
  </visualProperties>
  <visualProperties>
    <element href="assembly.xml#PutPayrollInputCABW"/>
  </visualProperties>
  <visualProperties>
    <element href="assembly.xml#CallSubRoutine0"/>
  </visualProperties>
  <visualProperties>
    <element href="assembly.xml#PutPayrollInput"/>
  </visualProperties>
  <visualProperties>
    <element href="assembly.xml#Error_PayrollInputsSubProcess"/>
  </visualProperties>
  <visualProperties>
    <element href="assembly.xml#ValidationMode_On"/>
  </visualProperties>
  <visualProperties>
    <element href="assembly.xml#PayrollInputRequest"/>
  </visualProperties>
  <visualProperties>
    <element href="assembly.xml#WriteAuditRow"/>
  </visualProperties>
  <visualProperties>
    <element href="assembly.xml#WriteAuditRowStep"/>
  </visualProperties>
  <visualProperties>
    <element href="assembly.xml#FinalizeLog"/>
  </visualProperties>
  <visualProperties>
    <element href="assembly.xml#AuditAggregator"/>
  </visualProperties>
  <visualProperties>
    <element href="assembly.xml#SetAuditStore"/>
  </visualProperties>
  <visualProperties>
    <element href="assembly.xml#Audit_Log"/>
  </visualProperties>
  <visualProperties>
    <element href="assembly.xml#ErrorHandler"/>
  </visualProperties>
  <visualProperties>
    <element href="assembly.xml#Error_Handler"/>
  </visualProperties>
  <visualProperties>
    <element href="assembly.xml#AsyncMediation1"/>
  </visualProperties>
  <visualProperties>
    <element href="assembly.xml#Call_Audit_Row"/>
  </visualProperties>
  <visualProperties>
    <element href="assembly.xml#PutIntegrationMessage"/>
  </visualProperties>
  <visualProperties>
    <element href="assembly.xml#//@beans/@mixed.1/@mixed.157"/>
  </visualProperties>
  <visualProperties>
    <element href="assembly.xml#CrticalErrorHandler"/>
  </visualProperties>
  <visualProperties>
    <element href="assembly.xml#Call_Critical_Message"/>
  </visualProperties>
  <visualProperties>
    <element href="assembly.xml#Call_Critical_Event"/>
  </visualProperties>
  <connections type="routesResponseTo" sourceAnchorX="0.7291666666666666" sourceAnchorY="1.0" targetAnchorX="0.052980132450331126" targetAnchorY="0.29259259259259257">
    <source href="assembly.xml#Call-Retrieval"/>
    <target href="assembly.xml#Route0"/>
  </connections>
  <connections type="routesTo" sourceAnchorX="0.7898550724637681" sourceAnchorY="1.0" targetAnchorX="0.1111111111111111" targetAnchorY="0.35135135135135137">
    <source href="assembly.xml#//@beans/@mixed.1/@route.0/@subRoute.0"/>
    <target href="assembly.xml#Call_PeriodsDate"/>
  </connections>
  <connections type="routesTo" sourceAnchorX="0.7101449275362319" sourceAnchorY="1.0" targetAnchorX="0.23417721518987342" targetAnchorY="0.4594594594594595">
    <source href="assembly.xml#//@beans/@mixed.1/@route.0/@subRoute.1"/>
    <target href="assembly.xml#IntegrationEnd0"/>
  </connections>
  <connections type="routesResponseTo">
    <source href="assembly.xml#Integration-ValidationModeEnabled"/>
    <target href="assembly.xml#Call-Retrieval"/>
  </connections>
  <connections type="routesTo">
    <source href="assembly.xml#AsyncMediation"/>
    <target href="assembly.xml#Integration-ValidationModeEnabled"/>
  </connections>
  <connections type="routesTo" sourceAnchorX="0.7205882352941176" sourceAnchorY="1.0" targetAnchorX="0.20348837209302326" targetAnchorY="0.40540540540540543">
    <source href="assembly.xml#//@beans/@mixed.1/@mixed.19/@mixed.3"/>
    <target href="assembly.xml#Error_Initialization"/>
  </connections>
  <connections type="routesResponseTo" sourceAnchorX="0.5902777777777778" sourceAnchorY="1.0" targetAnchorX="0.21761658031088082" targetAnchorY="0.21621621621621623">
    <source href="assembly.xml#Call_GetInput"/>
    <target href="assembly.xml#Call_ProcessWorker"/>
  </connections>
  <connections type="routesResponseTo" sourceAnchorX="0.6643356643356644" sourceAnchorY="1.0" targetAnchorX="0.2848101265822785" targetAnchorY="0.4594594594594595">
    <source href="assembly.xml#Call_GetFreq"/>
    <target href="assembly.xml#Call_GetInput"/>
  </connections>
  <connections type="routesResponseTo" sourceAnchorX="0.5699481865284974" sourceAnchorY="1.0" targetAnchorX="0.4146341463414634" targetAnchorY="0.5135135135135135">
    <source href="assembly.xml#Call_ProcessWorker"/>
    <target href="assembly.xml#Call_FinalizeLog"/>
  </connections>
  <connections type="routesResponseTo" sourceAnchorX="0.8414634146341463" sourceAnchorY="1.0" targetAnchorX="0.2974683544303797" targetAnchorY="0.43243243243243246">
    <source href="assembly.xml#Call_FinalizeLog"/>
    <target href="assembly.xml#CallPutIntegrationEvent"/>
  </connections>
  <connections type="routesResponseTo" sourceAnchorX="0.7660818713450293" sourceAnchorY="1.0" targetAnchorX="0.12658227848101267" targetAnchorY="0.3783783783783784">
    <source href="assembly.xml#Call_PeriodsDate"/>
    <target href="assembly.xml#Call_GetFreq"/>
  </connections>
  <connections type="routesTo">
    <source href="assembly.xml#Retrievel"/>
    <target href="assembly.xml#DocRetrieval"/>
  </connections>
  <connections type="routesTo" sourceAnchorX="1.0" sourceAnchorY="0.1497326203208556" targetAnchorX="0.21367521367521367" targetAnchorY="0.23780487804878048">
    <source href="assembly.xml#DocRetrieval"/>
    <target href="assembly.xml#Splitter"/>
  </connections>
  <connections type="routesTo" sourceAnchorX="0.8173076923076923" sourceAnchorY="1.0" targetAnchorX="0.17218543046357615" targetAnchorY="0.22826086956521738">
    <source href="assembly.xml#//@beans/@mixed.1/@splitter.0/@subRoute.0"/>
    <target href="assembly.xml#ProcessFile"/>
  </connections>
  <connections type="routesTo">
    <source href="assembly.xml#ProcessFile"/>
    <target href="assembly.xml#Aggregator"/>
  </connections>
  <connections type="routesTo">
    <source href="assembly.xml#Aggregator"/>
    <target href="assembly.xml#InputFile"/>
  </connections>
  <connections type="routesTo">
    <source href="assembly.xml#InputFile"/>
    <target href="assembly.xml#MsgRetrieval"/>
  </connections>
  <connections type="routesResponseTo" sourceAnchorX="0.5782312925170068" sourceAnchorY="1.0" targetAnchorX="0.6866666666666666" targetAnchorY="0.5675675675675675">
    <source href="assembly.xml#RetrievalError"/>
    <target href="assembly.xml#IntegrationEnd"/>
  </connections>
  <connections type="routesTo" sourceAnchorX="0.6438356164383562" sourceAnchorY="1.0" targetAnchorX="0.30434782608695654" targetAnchorY="0.24324324324324326">
    <source href="assembly.xml#//@beans/@mixed.1/@mixed.33/@mixed.3"/>
    <target href="assembly.xml#Error_Doc_retrieval"/>
  </connections>
  <connections type="routesTo" sourceAnchorX="0.34911242603550297" sourceAnchorY="1.0" targetAnchorX="0.3423913043478261" targetAnchorY="0.4864864864864865">
    <source href="assembly.xml#//@beans/@mixed.1/@mixed.29/@mixed.3"/>
    <target href="assembly.xml#Error_Doc_retrieval"/>
  </connections>
  <connections type="routesTo" sourceAnchorX="0.1853448275862069" sourceAnchorY="1.0" targetAnchorX="0.19047619047619047" targetAnchorY="0.3783783783783784">
    <source href="assembly.xml#//@beans/@mixed.1/@mixed.37/@mixed.5"/>
    <target href="assembly.xml#RetrievalError"/>
  </connections>
  <connections type="routesTo" sourceAnchorX="0.7028985507246377" sourceAnchorY="1.0" targetAnchorX="0.3" targetAnchorY="0.35135135135135137">
    <source href="assembly.xml#PeriodsDate"/>
    <target href="assembly.xml#CallPeriodDateReport"/>
  </connections>
  <connections type="routesResponseTo" sourceAnchorX="0.7487437185929648" sourceAnchorY="1.0" targetAnchorX="0.1111111111111111" targetAnchorY="0.29878048780487804">
    <source href="assembly.xml#CallPeriodDateReport"/>
    <target href="assembly.xml#SplitterDates"/>
  </connections>
  <connections type="routesTo" sourceAnchorX="0.8230088495575221" sourceAnchorY="1.0" targetAnchorX="0.11258278145695365" targetAnchorY="0.2391304347826087">
    <source href="assembly.xml#//@beans/@mixed.1/@splitter.2/@subRoute.0"/>
    <target href="assembly.xml#HashMapDates"/>
  </connections>
  <connections type="routesTo" sourceAnchorX="0.5363128491620112" sourceAnchorY="1.0" targetAnchorX="0.610062893081761" targetAnchorY="0.1891891891891892">
    <source href="assembly.xml#//@beans/@mixed.1/@mixed.59/@mixed.3"/>
    <target href="assembly.xml#Error_HashMap"/>
  </connections>
  <connections type="routesTo">
    <source href="assembly.xml#GetFreq"/>
    <target href="assembly.xml#GetWorkerData"/>
  </connections>
  <connections type="routesResponseTo">
    <source href="assembly.xml#GetWorkerData"/>
    <target href="assembly.xml#Splitbypayrgroup"/>
  </connections>
  <connections type="routesTo" sourceAnchorX="0.7115384615384616" sourceAnchorY="1.0" targetAnchorX="0.044444444444444446" targetAnchorY="0.3937007874015748">
    <source href="assembly.xml#//@beans/@mixed.1/@splitter.1/@subRoute.0"/>
    <target href="assembly.xml#HashMapPayGroup"/>
  </connections>
  <connections type="routesTo" sourceAnchorX="0.963302752293578" sourceAnchorY="1.0" targetAnchorX="0.29910714285714285" targetAnchorY="0.08108108108108109">
    <source href="assembly.xml#//@beans/@mixed.1/@mixed.49/@mixed.3"/>
    <target href="assembly.xml#Error_HashMapPayGroup"/>
  </connections>
  <connections type="routesTo" sourceAnchorX="0.8738738738738738" sourceAnchorY="1.0" targetAnchorX="0.17218543046357615" targetAnchorY="0.14130434782608695">
    <source href="assembly.xml#GetInput"/>
    <target href="assembly.xml#GetInputs"/>
  </connections>
  <connections type="routesTo">
    <source href="assembly.xml#GetInputs"/>
    <target href="assembly.xml#PagedGet"/>
  </connections>
  <connections type="routesTo" sourceAnchorX="0.6721311475409836" sourceAnchorY="1.0" targetAnchorX="0.5113636363636364" targetAnchorY="0.32432432432432434">
    <source href="assembly.xml#//@beans/@mixed.1/@mixed.81/@mixed.3"/>
    <target href="assembly.xml#Error_GetRequest"/>
  </connections>
  <connections type="routesTo" sourceAnchorX="0.8181818181818182" sourceAnchorY="1.0" targetAnchorX="0.1839080459770115" targetAnchorY="0.44339622641509435">
    <source href="assembly.xml#AggInputs"/>
    <target href="assembly.xml#AggregatorInput"/>
  </connections>
  <connections type="routesTo" sourceAnchorX="1.0" sourceAnchorY="0.24528301886792453" targetAnchorX="0.6581196581196581" targetAnchorY="0.49230769230769234">
    <source href="assembly.xml#AggregatorInput"/>
    <target href="assembly.xml#SplittertoHash"/>
  </connections>
  <connections type="routesTo" sourceAnchorX="0.775" sourceAnchorY="1.0" targetAnchorX="0.10650887573964497" targetAnchorY="0.1956521739130435">
    <source href="assembly.xml#//@beans/@mixed.1/@splitter.3/@subRoute.0"/>
    <target href="assembly.xml#StoreInputHashMap"/>
  </connections>
  <connections type="routesTo" sourceAnchorX="0.8554216867469879" sourceAnchorY="1.0" targetAnchorX="0.5614035087719298" targetAnchorY="0.2972972972972973">
    <source href="assembly.xml#//@beans/@mixed.1/@mixed.69/@mixed.3"/>
    <target href="assembly.xml#Error_InputsHash"/>
  </connections>
  <connections type="routesTo" sourceAnchorX="0.80625" sourceAnchorY="1.0" targetAnchorX="0.22151898734177214" targetAnchorY="0.3783783783783784">
    <source href="assembly.xml#ProcessWorker"/>
    <target href="assembly.xml#MsgInputsRetrieved"/>
  </connections>
  <connections type="routesTo" sourceAnchorX="0.4452296819787986" sourceAnchorY="1.0" targetAnchorX="0.3230088495575221" targetAnchorY="0.35135135135135137">
    <source href="assembly.xml#//@beans/@mixed.1/@mixed.93/@mixed.3"/>
    <target href="assembly.xml#Call_ErrorProcessWorker"/>
  </connections>
  <connections type="routesTo">
    <source href="assembly.xml#CountSuccess"/>
    <target href="assembly.xml#CallAuditRow"/>
  </connections>
  <connections type="routesResponseTo" sourceAnchorX="0.6727272727272727" sourceAnchorY="1.0" targetAnchorX="0.28776978417266186" targetAnchorY="0.07608695652173914">
    <source href="assembly.xml#CallPayrollInputs"/>
    <target href="assembly.xml#CountSuccess"/>
  </connections>
  <connections type="routesResponseTo" sourceAnchorX="0.7924528301886793" sourceAnchorY="1.0" targetAnchorX="0.2848101265822785" targetAnchorY="0.35135135135135137">
    <source href="assembly.xml#CallCloseInputs"/>
    <target href="assembly.xml#CallPayrollInputs"/>
  </connections>
  <connections type="routesTo" sourceAnchorX="1.0" sourceAnchorY="0.11023622047244094" targetAnchorX="0.37735849056603776" targetAnchorY="0.2702702702702703">
    <source href="assembly.xml#ForFreq"/>
    <target href="assembly.xml#CallCloseInputs"/>
  </connections>
  <connections type="routesResponseTo" sourceAnchorX="0.6388888888888888" sourceAnchorY="1.0" targetAnchorX="0.1927710843373494" targetAnchorY="0.05405405405405406">
    <source href="assembly.xml#CallAuditRow"/>
    <target href="assembly.xml#CallSkip_Invalidpaygroup"/>
  </connections>
  <connections type="routesTo" sourceAnchorX="0.7403846153846154" sourceAnchorY="1.0" targetAnchorX="0.18543046357615894" targetAnchorY="0.29347826086956524">
    <source href="assembly.xml#//@beans/@mixed.1/@splitter.4/@subRoute.0"/>
    <target href="assembly.xml#ForFreq"/>
  </connections>
  <connections type="routesTo" sourceAnchorX="1.0" sourceAnchorY="0.3020833333333333" targetAnchorX="0.3333333333333333" targetAnchorY="0.15384615384615385">
    <source href="assembly.xml#Copy"/>
    <target href="assembly.xml#Splitter1"/>
  </connections>
  <connections type="routesResponseTo" sourceAnchorX="0.8054054054054054" sourceAnchorY="1.0" targetAnchorX="0.2894736842105263" targetAnchorY="0.75">
    <source href="assembly.xml#MsgInputsRetrieved"/>
    <target href="assembly.xml#Copy"/>
  </connections>
  <connections type="routesTo" sourceAnchorX="0.4011299435028249" sourceAnchorY="1.0" targetAnchorX="0.1111111111111111" targetAnchorY="0.19161676646706588">
    <source href="assembly.xml#ProcessEndInputs"/>
    <target href="assembly.xml#Route_US-PR-BW"/>
  </connections>
  <connections type="routesTo" sourceAnchorX="0.42134831460674155" sourceAnchorY="1.0" targetAnchorX="0.007042253521126761" targetAnchorY="0.3023255813953488">
    <source href="assembly.xml#//@beans/@mixed.1/@route.1/@subRoute.0"/>
    <target href="assembly.xml#UpdateDeductionCABW"/>
  </connections>
  <connections type="routesTo" sourceAnchorX="1.0" sourceAnchorY="0.1889763779527559" targetAnchorX="0.16993464052287582" targetAnchorY="0.12598425196850394">
    <source href="assembly.xml#UpdateDeductionUSPR"/>
    <target href="assembly.xml#AsyncMediation0"/>
  </connections>
  <connections type="routesTo" sourceAnchorX="0.6652173913043479" sourceAnchorY="1.0" targetAnchorX="0.3415492957746479" targetAnchorY="0.2972972972972973">
    <source href="assembly.xml#//@beans/@mixed.1/@mixed.123/@mixed.3"/>
    <target href="assembly.xml#Error_CloseOpenInputSubProcess"/>
  </connections>
  <connections type="routesTo" sourceAnchorX="1.0" sourceAnchorY="0.2125984251968504" targetAnchorX="0.13725490196078433" targetAnchorY="0.75">
    <source href="assembly.xml#UpdateDeductionUSBW"/>
    <target href="assembly.xml#AsyncMediation0"/>
  </connections>
  <connections type="routesTo" sourceAnchorX="0.4826086956521739" sourceAnchorY="1.0" targetAnchorX="0.4194528875379939" targetAnchorY="0.7567567567567568">
    <source href="assembly.xml#//@beans/@mixed.1/@mixed.119/@mixed.3"/>
    <target href="assembly.xml#Error_CloseOpenInputSubProcessUSBW"/>
  </connections>
  <connections type="routesTo" sourceAnchorX="1.0" sourceAnchorY="0.17054263565891473" targetAnchorX="0.05056179775280899" targetAnchorY="0.3333333333333333">
    <source href="assembly.xml#UpdateDeductionCABW"/>
    <target href="assembly.xml#AsyncMediation0"/>
  </connections>
  <connections type="routesTo" sourceAnchorX="0.5090252707581228" sourceAnchorY="1.0" targetAnchorX="0.4314868804664723" targetAnchorY="0.5945945945945946">
    <source href="assembly.xml#//@beans/@mixed.1/@mixed.117/@mixed.3"/>
    <target href="assembly.xml#Error_CloseOpenInputSubProcess0"/>
  </connections>
  <connections type="routesTo">
    <source href="assembly.xml#ValidationModeOn"/>
    <target href="assembly.xml#CloseInputRequest"/>
  </connections>
  <connections type="routesTo" sourceAnchorX="1.0" sourceAnchorY="0.16535433070866143" targetAnchorX="0.0335195530726257" targetAnchorY="0.4094488188976378">
    <source href="assembly.xml#AsyncMediation0"/>
    <target href="assembly.xml#ValidationModeOn"/>
  </connections>
  <connections type="routesTo" sourceAnchorX="0.8837209302325582" sourceAnchorY="1.0" targetAnchorX="0.9118541033434651" targetAnchorY="0.32432432432432434">
    <source href="assembly.xml#//@beans/@mixed.1/@mixed.113/@mixed.3"/>
    <target href="assembly.xml#Error_CloseOpenInputSubProcessUSBW"/>
  </connections>
  <connections type="routesTo" sourceAnchorX="0.8356164383561644" sourceAnchorY="1.0" targetAnchorX="0.8844984802431611" targetAnchorY="0.35135135135135137">
    <source href="assembly.xml#//@beans/@mixed.1/@mixed.109/@mixed.3"/>
    <target href="assembly.xml#Error_CloseOpenInputSubProcessUSBW"/>
  </connections>
  <connections type="routesTo" sourceAnchorX="0.4307692307692308" sourceAnchorY="1.0" targetAnchorX="0.1485148514851485" targetAnchorY="0.05555555555555555">
    <source href="assembly.xml#ProcessPayrollInputs"/>
    <target href="assembly.xml#Route"/>
  </connections>
  <connections type="routesTo" sourceAnchorX="0.7731958762886598" sourceAnchorY="1.0" targetAnchorX="0.14096916299559473" targetAnchorY="0.4108527131782946">
    <source href="assembly.xml#//@beans/@mixed.1/@route.2/@subRoute.0"/>
    <target href="assembly.xml#PutPayrollInputCABW"/>
  </connections>
  <connections type="routesTo" sourceAnchorX="1.0" sourceAnchorY="0.17708333333333334" targetAnchorX="0.1510791366906475" targetAnchorY="0.3422459893048128">
    <source href="assembly.xml#PutPayrollInputUSPR"/>
    <target href="assembly.xml#PutPayrollInput"/>
  </connections>
  <connections type="routesTo" sourceAnchorX="0.5375722543352601" sourceAnchorY="1.0" targetAnchorX="0.1518987341772152" targetAnchorY="0.35135135135135137">
    <source href="assembly.xml#//@beans/@mixed.1/@mixed.145/@mixed.3"/>
    <target href="assembly.xml#CallSubRoutine"/>
  </connections>
  <connections type="routesTo" sourceAnchorX="1.0" sourceAnchorY="0.3229166666666667" targetAnchorX="0.12949640287769784" targetAnchorY="0.41711229946524064">
    <source href="assembly.xml#PutPayrollInputUSBW"/>
    <target href="assembly.xml#PutPayrollInput"/>
  </connections>
  <connections type="routesTo" sourceAnchorX="0.9322033898305084" sourceAnchorY="1.0" targetAnchorX="0.16793893129770993" targetAnchorY="0.5135135135135135">
    <source href="assembly.xml#//@beans/@mixed.1/@mixed.141/@mixed.3"/>
    <target href="assembly.xml#Error_PayrollInputsSubProcess"/>
  </connections>
  <connections type="routesTo" sourceAnchorX="0.0" sourceAnchorY="0.11627906976744186" targetAnchorX="0.11042944785276074" targetAnchorY="0.680628272251309">
    <source href="assembly.xml#PutPayrollInputCABW"/>
    <target href="assembly.xml#PutPayrollInput"/>
  </connections>
  <connections type="routesTo" sourceAnchorX="0.4909090909090909" sourceAnchorY="1.0" targetAnchorX="0.6041666666666666" targetAnchorY="0.7027027027027027">
    <source href="assembly.xml#//@beans/@mixed.1/@mixed.139/@mixed.3"/>
    <target href="assembly.xml#CallSubRoutine0"/>
  </connections>
  <connections type="routesTo" sourceAnchorX="1.0" sourceAnchorY="0.09090909090909091" targetAnchorX="0.08878504672897196" targetAnchorY="0.4881889763779528">
    <source href="assembly.xml#PutPayrollInput"/>
    <target href="assembly.xml#ValidationMode_On"/>
  </connections>
  <connections type="routesTo" sourceAnchorX="0.7458563535911602" sourceAnchorY="1.0" targetAnchorX="0.5458015267175572" targetAnchorY="0.43243243243243246">
    <source href="assembly.xml#//@beans/@mixed.1/@mixed.135/@mixed.5"/>
    <target href="assembly.xml#Error_PayrollInputsSubProcess"/>
  </connections>
  <connections type="routesTo" sourceAnchorX="0.20253164556962025" sourceAnchorY="1.0" targetAnchorX="0.7824427480916031" targetAnchorY="0.40540540540540543">
    <source href="assembly.xml#//@beans/@mixed.1/@mixed.131/@mixed.3"/>
    <target href="assembly.xml#Error_PayrollInputsSubProcess"/>
  </connections>
  <connections type="routesTo" sourceAnchorX="1.0" sourceAnchorY="0.15748031496062992" targetAnchorX="0.12138728323699421" targetAnchorY="0.3783783783783784">
    <source href="assembly.xml#ValidationMode_On"/>
    <target href="assembly.xml#PayrollInputRequest"/>
  </connections>
  <connections type="routesTo" sourceAnchorX="0.5974025974025974" sourceAnchorY="1.0" targetAnchorX="0.6026490066225165" targetAnchorY="0.08695652173913043">
    <source href="assembly.xml#WriteAuditRow"/>
    <target href="assembly.xml#WriteAuditRowStep"/>
  </connections>
  <connections type="routesTo" sourceAnchorX="1.0" sourceAnchorY="0.3020833333333333" targetAnchorX="0.42528735632183906" targetAnchorY="0.42452830188679247">
    <source href="assembly.xml#WriteAuditRowStep"/>
    <target href="assembly.xml#AuditAggregator"/>
  </connections>
  <connections type="routesTo" sourceAnchorX="0.6793893129770993" sourceAnchorY="1.0" targetAnchorX="0.5517241379310345" targetAnchorY="0.1320754716981132">
    <source href="assembly.xml#FinalizeLog"/>
    <target href="assembly.xml#AuditAggregator"/>
  </connections>
  <connections type="routesTo" sourceAnchorX="1.0" sourceAnchorY="0.19811320754716982" targetAnchorY="0.14583333333333334">
    <source href="assembly.xml#AuditAggregator"/>
    <target href="assembly.xml#SetAuditStore"/>
  </connections>
  <connections type="routesTo" sourceAnchorX="1.0" sourceAnchorY="0.20833333333333334" targetAnchorX="0.1487603305785124" targetAnchorY="0.40540540540540543">
    <source href="assembly.xml#SetAuditStore"/>
    <target href="assembly.xml#Audit_Log"/>
  </connections>
  <connections type="routesTo" sourceAnchorX="0.8142857142857143" sourceAnchorY="1.0" targetAnchorX="0.23780487804878048" targetAnchorY="0.1875">
    <source href="assembly.xml#ErrorHandler"/>
    <target href="assembly.xml#Error_Handler"/>
  </connections>
  <connections type="routesTo" sourceAnchorX="1.0" sourceAnchorY="0.09375" targetAnchorX="0.25165562913907286" targetAnchorY="0.14130434782608695">
    <source href="assembly.xml#Error_Handler"/>
    <target href="assembly.xml#AsyncMediation1"/>
  </connections>
  <connections type="routesTo" sourceAnchorX="1.0" sourceAnchorY="0.14583333333333334" targetAnchorX="0.325" targetAnchorY="0.13513513513513514">
    <source href="assembly.xml#AsyncMediation1"/>
    <target href="assembly.xml#Call_Audit_Row"/>
  </connections>
  <connections type="routesResponseTo" sourceAnchorX="0.7625" sourceAnchorY="1.0" targetAnchorX="0.14146341463414633" targetAnchorY="0.32432432432432434">
    <source href="assembly.xml#Call_Audit_Row"/>
    <target href="assembly.xml#PutIntegrationMessage"/>
  </connections>
  <connections type="routesTo" sourceAnchorX="0.6863905325443787" sourceAnchorY="1.0" targetAnchorX="0.19760479041916168" targetAnchorY="0.2708333333333333">
    <source href="assembly.xml#//@beans/@mixed.1/@mixed.157"/>
    <target href="assembly.xml#CrticalErrorHandler"/>
  </connections>
  <connections type="routesTo" sourceAnchorX="1.0" sourceAnchorY="0.25" targetAnchorX="0.2079207920792079" targetAnchorY="0.2702702702702703">
    <source href="assembly.xml#CrticalErrorHandler"/>
    <target href="assembly.xml#Call_Critical_Message"/>
  </connections>
  <connections type="routesResponseTo" sourceAnchorX="0.7970297029702971" sourceAnchorY="1.0" targetAnchorX="0.26582278481012656" targetAnchorY="0.2702702702702703">
    <source href="assembly.xml#Call_Critical_Message"/>
    <target href="assembly.xml#Call_Critical_Event"/>
  </connections>
  <connections type="routesTo" sourceAnchorX="0.6050420168067226" sourceAnchorY="1.0" targetAnchorX="0.15384615384615385" targetAnchorY="0.3937007874015748">
    <source href="assembly.xml#StartHere"/>
    <target href="assembly.xml#AsyncMediation"/>
  </connections>
  <swimlanes x="236" y="37" name="Swimlane" orientation="VERTICAL">
    <elements href="assembly.xml#AsyncMediation"/>
    <elements href="assembly.xml#Error_Initialization"/>
  </swimlanes>
  <swimlanes x="1267" y="47" name="Swimlane" orientation="VERTICAL">
    <elements href="assembly.xml#Call_GetInput"/>
    <elements href="assembly.xml#Call_ProcessWorker"/>
    <elements href="assembly.xml#Call_FinalizeLog"/>
    <elements href="assembly.xml#CallPutIntegrationEvent"/>
  </swimlanes>
  <swimlanes x="1026" y="27" name="Swimlane" orientation="VERTICAL">
    <elements href="assembly.xml#Call_PeriodsDate"/>
    <elements href="assembly.xml#Call_GetFreq"/>
  </swimlanes>
  <swimlanes name="Swimlane" orientation="VERTICAL">
    <elements href="assembly.xml#InputFile"/>
    <elements href="assembly.xml#MsgRetrieval"/>
  </swimlanes>
  <swimlanes x="64" y="341" name="Retrieve Input file" alignment="MIDDLE">
    <elements href="assembly.xml#Retrievel"/>
    <elements href="assembly.xml#DocRetrieval"/>
    <elements href="assembly.xml#Splitter"/>
    <elements href="assembly.xml#ProcessFile"/>
    <elements href="assembly.xml#Aggregator"/>
    <elements href="#//@swimlanes.3"/>
  </swimlanes>
  <swimlanes name="Swimlane" orientation="VERTICAL">
    <elements href="assembly.xml#HashMapDates"/>
    <elements href="assembly.xml#Error_HashMap"/>
  </swimlanes>
  <swimlanes x="91" y="743" name="Get Period Dates">
    <elements href="assembly.xml#PeriodsDate"/>
    <elements href="assembly.xml#CallPeriodDateReport"/>
    <elements href="assembly.xml#SplitterDates"/>
    <elements href="#//@swimlanes.5"/>
  </swimlanes>
  <swimlanes x="92" y="1047" name="GetFreq">
    <elements href="assembly.xml#GetFreq"/>
    <elements href="assembly.xml#GetWorkerData"/>
    <elements href="assembly.xml#Splitbypayrgroup"/>
    <elements href="assembly.xml#HashMapPayGroup"/>
    <elements href="assembly.xml#Error_HashMapPayGroup"/>
  </swimlanes>
  <swimlanes name="Swimlane" orientation="VERTICAL">
    <elements href="assembly.xml#GetInputs"/>
    <elements href="assembly.xml#Error_GetRequest"/>
  </swimlanes>
  <swimlanes name="Swimlane" orientation="VERTICAL">
    <elements href="assembly.xml#StoreInputHashMap"/>
    <elements href="assembly.xml#Error_InputsHash"/>
  </swimlanes>
  <swimlanes x="77" y="1286" name="Get Exisiting Input">
    <elements href="assembly.xml#GetInput"/>
    <elements href="#//@swimlanes.8"/>
    <elements href="assembly.xml#PagedGet"/>
    <elements href="assembly.xml#AggInputs"/>
    <elements href="assembly.xml#AggregatorInput"/>
    <elements href="assembly.xml#SplittertoHash"/>
    <elements href="#//@swimlanes.9"/>
  </swimlanes>
  <swimlanes name="Swimlane" orientation="VERTICAL">
    <elements href="assembly.xml#ProcessEndInputs"/>
    <elements href="assembly.xml#Route_US-PR-BW"/>
  </swimlanes>
  <swimlanes name="Swimlane" orientation="VERTICAL">
    <elements href="assembly.xml#UpdateDeductionUSPR"/>
    <elements href="assembly.xml#Error_CloseOpenInputSubProcess"/>
    <elements href="assembly.xml#UpdateDeductionUSBW"/>
    <elements href="assembly.xml#UpdateDeductionCABW"/>
    <elements href="assembly.xml#Error_CloseOpenInputSubProcess0"/>
  </swimlanes>
  <swimlanes x="42" y="1952" name="Swimlane" elements="//@swimlanes.11 //@swimlanes.12"/>
  <swimlanes name="Swimlane">
    <elements href="assembly.xml#ValidationModeOn"/>
    <elements href="assembly.xml#CloseInputRequest"/>
  </swimlanes>
  <swimlanes name="Swimlane" orientation="VERTICAL">
    <elements href="assembly.xml#AsyncMediation0"/>
    <elements href="assembly.xml#Error_CloseOpenInputSubProcessUSBW"/>
  </swimlanes>
  <swimlanes x="667" y="1924" name="Swimlane" orientation="VERTICAL" elements="//@swimlanes.14 //@swimlanes.15"/>
  <swimlanes x="1197" y="1952" name="Swimlane" orientation="VERTICAL">
    <elements href="assembly.xml#ProcessPayrollInputs"/>
    <elements href="assembly.xml#Route"/>
  </swimlanes>
  <swimlanes x="1453" y="1945" name="Swimlane" orientation="VERTICAL">
    <elements href="assembly.xml#PutPayrollInputUSPR"/>
    <elements href="assembly.xml#CallSubRoutine"/>
    <elements href="assembly.xml#PutPayrollInputUSBW"/>
    <elements href="assembly.xml#PutPayrollInputCABW"/>
    <elements href="assembly.xml#CallSubRoutine0"/>
  </swimlanes>
  <swimlanes x="1690" y="1978" name="Swimlane" orientation="VERTICAL">
    <elements href="assembly.xml#PutPayrollInput"/>
    <elements href="assembly.xml#Error_PayrollInputsSubProcess"/>
  </swimlanes>
  <swimlanes x="2018" y="1925" name="Swimlane">
    <elements href="assembly.xml#ValidationMode_On"/>
    <elements href="assembly.xml#PayrollInputRequest"/>
  </swimlanes>
  <swimlanes name="Swimlane" orientation="VERTICAL">
    <elements href="assembly.xml#WriteAuditRow"/>
    <elements href="assembly.xml#WriteAuditRowStep"/>
  </swimlanes>
  <swimlanes name="Swimlane" orientation="VERTICAL">
    <elements href="assembly.xml#FinalizeLog"/>
    <elements href="assembly.xml#AuditAggregator"/>
  </swimlanes>
  <swimlanes x="39" y="2662" name="Logging Task">
    <elements href="#//@swimlanes.21"/>
    <elements href="#//@swimlanes.22"/>
    <elements href="assembly.xml#SetAuditStore"/>
    <elements href="assembly.xml#Audit_Log"/>
  </swimlanes>
  <swimlanes x="1048" y="2621" name="Local Error Handler">
    <elements href="assembly.xml#ErrorHandler"/>
    <elements href="assembly.xml#Error_Handler"/>
    <elements href="assembly.xml#AsyncMediation1"/>
    <elements href="assembly.xml#Call_Audit_Row"/>
    <elements href="assembly.xml#PutIntegrationMessage"/>
  </swimlanes>
  <swimlanes x="1062" y="2798" name="Global Error Handler">
    <elements href="assembly.xml#//@beans/@mixed.1/@mixed.157"/>
    <elements href="assembly.xml#CrticalErrorHandler"/>
    <elements href="assembly.xml#Call_Critical_Message"/>
    <elements href="assembly.xml#Call_Critical_Event"/>
  </swimlanes>
</wdnm:Diagram>
