<?xml version="1.0" encoding="UTF-8"?>
<beans
     xmlns="http://www.springframework.org/schema/beans"
     xmlns:beans="http://www.springframework.org/schema/beans"
     xmlns:atom="http://www.w3.org/2005/Atom"
     xmlns:cc="http://www.capeclear.com/assembly/10"
     xmlns:cloud="urn:com.workday/esb/cloud/10.0"
     xmlns:env="http://schemas.xmlsoap.org/soap/envelope/"
     xmlns:pi="urn:com.workday/picof"
     xmlns:wd="urn:com.workday/bsvc"
     xmlns:xsi="http://www.w3.org/2001/XMLSchema-instance">
 
	<cc:assembly id="WorkdayAssembly" version="20">
        <cc:workday-in id="StartHere" routes-to="ParametersAndVariables">
            <cc:integration-system name="INT9004 Aon Hewitt Garnishment Reconciliation Outbound">
        <cloud:param name="Period">
          <cloud:type>
            <cloud:class-report-field description="Period" type="WID" singular="true">3d547083b2a247c2bc2abe352726399d</cloud:class-report-field>
          </cloud:type>
          <cloud:default/>
        </cloud:param>
        <cloud:param name="Pay Group">
          <cloud:type>
            <cloud:class-report-field description="Pay Group Detail" type="WID" singular="true">50d9ff28dc2f447f94b63ee54f8aa677</cloud:class-report-field>
          </cloud:type>
        </cloud:param>
        <cloud:attribute-map-service name="INT9004-Attributes-Generic">
          <cloud:attribute name="ClientID">
            <cloud:type>
              <cloud:simple-type>text</cloud:simple-type>
            </cloud:type>
          </cloud:attribute>
          <cloud:map name="GarnType">
            <cloud:internal-type>
              <cloud:simple-type>text</cloud:simple-type>
            </cloud:internal-type>
            <cloud:external-type>
              <cloud:simple-type>text</cloud:simple-type>
            </cloud:external-type>
          </cloud:map>
        </cloud:attribute-map-service>
        <cloud:sequence-generator-service name="INT9004-File-Sequences">
          <cloud:sequencer>INT9004-File-Sequences</cloud:sequencer>
        </cloud:sequence-generator-service>
        <cloud:sequence-generator-service name="INT9004-File2-Sequences">
          <cloud:sequencer>INT9004-File2-Sequences</cloud:sequencer>
        </cloud:sequence-generator-service>
        <cloud:delivery-service name="INT9004-AonHewitt-Delivery"/>
        <cloud:report-service name="INT9004-Reports">
          <cloud:report-alias description="INT9004 Aon Hewitt Garnishment Reconciliation Detailed Outbound" name="INT9004Detailed">
            <cloud:report-reference description="INT9004 Aon Hewitt Garnishment Reconciliation Detailed Outbound" type="WID">919672ba7dff105111e5a5972b4d5207</cloud:report-reference>
          </cloud:report-alias>
          <cloud:report-alias description="INT9004 Aon Hewitt Garnishment Reconciliation Summary Outbound" name="INT9004Summary">
            <cloud:report-reference description="INT9004 Aon Hewitt Garnishment Reconciliation Summary Outbound" type="WID">919672ba7dff105111e64408056d521e</cloud:report-reference>
          </cloud:report-alias>
        </cloud:report-service>
      </cc:integration-system>
        </cc:workday-in>
        <cc:async-mediation id="ParametersAndVariables" routes-to="GetDetailedReport">
            <cc:steps>
            
                <cc:eval id="GetParams"><cc:expression>props['output.filename.sequencer'] = lp.getSequencedValue('INT9004-File-Sequences')</cc:expression><cc:expression>props['run.number'] = lp.getSequencedValue('INT9004-RunNumber-Sequences')</cc:expression><cc:expression>props['prior.run.number'] = props['run.number'] - '1' </cc:expression><cc:expression>props['period.WID'] = lp.getReferenceData('Period', 'WID')</cc:expression><cc:expression>props['paygroup.detail.WID'] = lp.getReferenceDataList('Pay Group', 'WID')</cc:expression><cc:expression>props['expire.duration'] = &quot;P180D&quot;</cc:expression><cc:expression>props['client.id'] = intsys.getAttribute('ClientID')</cc:expression><cc:expression>props['output.filename.sequencer2'] = lp.getSequencedValue('INT9004-File2-Sequences')</cc:expression></cc:eval>
                <cc:eval id="BuildURL"><cc:expression>props['report.url'] = &quot;?&quot;</cc:expression><cc:expression>props['report.url'] = props['report.url'] + &quot;Periods!WID=&quot; + props['period.WID'] + &quot;&amp;&quot;</cc:expression><cc:expression>props['report.url'] = props['report.url'] + &quot;Pay_Run_Groups_and_or_Pay_Group_Details!WID=&quot; + props['paygroup.detail.WID'].get(0)</cc:expression><cc:expression>int counter = props['paygroup.detail.WID'].size() - 1</cc:expression><cc:expression>foreach(i : counter) {props['report.url'] = props['report.url'] + &quot;!&quot; + props['paygroup.detail.WID'].get(i)}</cc:expression></cc:eval>
            </cc:steps>
        </cc:async-mediation>
        <cc:workday-out-rest id="GetDetailedReport" routes-response-to="CallProcessDetailed" extra-path="@{intsys.reportService.getExtrapath('INT9004Detailed')}@{props['report.url']}"/>
        <cc:local-out id="CallProcessDetailed" store-message="none" routes-response-to="CallProcessSummary" endpoint="vm://INT9004-Aon-Hewitt-Garnishment-Reconciliation-Outbound/ProcessDetailed"/>
        <cc:local-in id="ProcessDetailed" routes-to="CreateDetailedFile"/>
        <cc:async-mediation id="CreateDetailedFile" routes-to="SaveFile1">
            <cc:steps>
                <cc:xslt id="Xslt" url="INT9004-Detailed-Transformation.xsl"/>
                <cc:log id="Log">
                    <cc:log-message>
                        <cc:message-content/>
                    </cc:log-message>
                </cc:log>
                <cc:store id="Store" output="variable" output-variable="output.detailed" contentDisposition="attachment;filename=@{props['output.filename.sequencer']}" expiresIn="@{props['expire.duration']}" title="@{props['output.filename.sequencer']}"/>
            </cc:steps>
        </cc:async-mediation>
        <cc:local-out id="CallProcessSummary" store-message="none" endpoint="vm://INT9004-Aon-Hewitt-Garnishment-Reconciliation-Outbound/ProcessSummary"/>
        <cc:local-in id="ProcessSummary" routes-to="GetSummaryReport"/>
        <cc:async-mediation id="CreateSummaryFile" routes-to="SaveFile2">
            <cc:steps>
                <cc:xslt id="Xslt" url="INT9004-Summary-Transformation.xsl"/>
                <cc:log id="Log">
                    <cc:log-message>
                        <cc:message-content/>
                    </cc:log-message>
                </cc:log>
                <cc:store id="Store" output="variable" output-variable="output.summary" contentDisposition="attachment;filename=@{props['output.filename.sequencer2']}" expiresIn="@{props['expire.duration']}" title="@{props['output.filename.sequencer2']}"/>
            </cc:steps>
        </cc:async-mediation>
        <cc:send-error id="SendError" routes-to="PutIntegrationMessage"/>
        <cc:local-out id="PutIntegrationMessage" routes-response-to="PutIntegrationEvent" endpoint="vm://wcc/PutIntegrationMessage"><cc:set name="is.message.severity" value="'CRITICAL'"/><cc:set name="is.message.summary" value="'Critical Error Has Occured. Please See Detail!'"/><cc:set name="is.message.detail" value="context.getErrorMessage()"/></cc:local-out>
        <cc:local-out id="PutIntegrationEvent" endpoint="vm://wcc/PutIntegrationEvent"><cc:set name="is.event.completed" value="&quot;current&quot;"/></cc:local-out>
        <cc:workday-out-rest id="GetSummaryReport" routes-response-to="CreateSummaryFile" extra-path="@{intsys.reportService.getExtrapath('INT9004Summary')}@{props['report.url']}"/>
        <cc:local-out id="SaveFile1" endpoint="vm://wcc/PutIntegrationMessage"><cc:set name="is.message.severity" value="'INFO'"/><cc:set name="is.message.summary" value="'Garnishment Recon Detailed File'"/><cc:set name="is.document.variable.name" value="'output.detailed'"/><cc:set name="is.document.deliverable" value="'true'"/></cc:local-out>
        <cc:local-out id="SaveFile2" endpoint="vm://wcc/PutIntegrationMessage"><cc:set name="is.message.severity" value="'INFO'"/><cc:set name="is.message.summary" value="'Garnishment Recon Summary File'"/><cc:set name="is.document.variable.name" value="'output.summary'"/><cc:set name="is.document.deliverable" value="'true'"/></cc:local-out>
	</cc:assembly>

</beans>