<?xml version="1.0" encoding="UTF-8"?>
<wdnm:Diagram xmlns:wdnm="http://workday.com/studio/editors/notation">
  <element href="assembly.xml#WorkdayAssembly"/>
  <visualProperties y="200">
    <element href="assembly.xml#Request"/>
  </visualProperties>
  <visualProperties x="579" y="200">
    <element href="assembly.xml#HireRight"/>
  </visualProperties>
  <visualProperties x="164" y="200">
    <element href="assembly.xml#HireRightRequest"/>
  </visualProperties>
  <visualProperties x="787" y="200">
    <element href="assembly.xml#HireRightResponse"/>
  </visualProperties>
  <visualProperties y="436">
    <element href="assembly.xml#//@beans/@mixed.1/@mixed.9"/>
  </visualProperties>
  <visualProperties x="204" y="436">
    <element href="assembly.xml#Note-Error"/>
  </visualProperties>
  <visualProperties x="586" y="372">
    <element href="assembly.xml#HandleLocalError"/>
  </visualProperties>
  <decorations x="241" y="133" width="202" height="34" type="NOTE" text="Compose HireRight request"/>
  <decorations x="821" y="130" width="185" height="39" type="NOTE" text="Analyze HireRight response"/>
  <connections type="routesTo">
    <source href="assembly.xml#Request"/>
    <target href="assembly.xml#HireRightRequest"/>
  </connections>
  <connections type="routesResponseTo">
    <source href="assembly.xml#HireRight"/>
    <target href="assembly.xml#HireRightResponse"/>
  </connections>
  <connections type="routesTo">
    <source href="assembly.xml#HireRightRequest"/>
    <target href="assembly.xml#HireRight"/>
  </connections>
  <connections type="routesTo">
    <source href="assembly.xml#//@beans/@mixed.1/@mixed.9"/>
    <target href="assembly.xml#Note-Error"/>
  </connections>
  <connections type="routesTo">
    <source href="assembly.xml#//@beans/@mixed.1/@mixed.5/@mixed.3"/>
    <target href="assembly.xml#HandleLocalError"/>
  </connections>
  <connections source="//@decorations.0" type="Notation">
    <target href="assembly.xml#HireRightRequest"/>
  </connections>
  <connections target="//@decorations.1" type="Notation">
    <source href="assembly.xml#HireRightResponse"/>
  </connections>
  <connections type="routesTo" sourceAnchorX="0.30927835051546393" sourceAnchorY="1.0" targetAnchorX="0.8051948051948052" targetAnchorY="0.3783783783783784">
    <source href="assembly.xml#//@beans/@mixed.1/@mixed.7/@mixed.3"/>
    <target href="assembly.xml#HandleLocalError"/>
  </connections>
</wdnm:Diagram>
