<?xml version="1.0" encoding="UTF-8"?>
<wd:Payroll_Input_Processor_Request xmlns:wd="urn:com.workday/bsvc" xmlns:xsi="http://www.w3.org/2001/XMLSchema-instance" xsi:schemaLocation="urn:com.workday/bsvc Payroll_Input_Request_Schema.xsd ">
  <wd:Default_Batch_ID>Default_Batch_ID</wd:Default_Batch_ID>
  <wd:Payroll_Input_Data wd:Last_Period_End_Date="2001-01-01">
    <wd:Origin_Record_Nbr>Origin_Record_Nbr</wd:Origin_Record_Nbr>
    <wd:Payroll_Input_ID>Payroll_Input_ID</wd:Payroll_Input_ID>
    <wd:Batch_ID>Batch_ID</wd:Batch_ID>
    <wd:Source_Reference wd:Descriptor="">
      <wd:ID wd:type="">ID</wd:ID>
    </wd:Source_Reference>
    <wd:Ongoing_Input>true</wd:Ongoing_Input>
    <wd:Update_Existing>true</wd:Update_Existing>
    <wd:Start_Date>2001-01-01</wd:Start_Date>
    <wd:End_Date>2001-01-01</wd:End_Date>
    <wd:Run_Category_Reference wd:Descriptor="">
      <wd:ID wd:type="">ID</wd:ID>
    </wd:Run_Category_Reference>
    <wd:Worker_Reference wd:Descriptor="">
      <wd:ID wd:type="">ID</wd:ID>
    </wd:Worker_Reference>
    <wd:Position_Reference wd:Descriptor="">
      <wd:ID wd:type="">ID</wd:ID>
    </wd:Position_Reference>
    <wd:Earning_Reference wd:Descriptor="">
      <wd:ID wd:type="">ID</wd:ID>
    </wd:Earning_Reference>
    <wd:Amount>0.0</wd:Amount>
    <wd:Hours>0.0</wd:Hours>
    <wd:Rate>0.0</wd:Rate>
    <wd:Adjustment>true</wd:Adjustment>
    <wd:Worktag_Data>
      <wd:Location_Reference wd:Descriptor="" wd:Match_Existing="true">
        <wd:ID wd:type="">ID</wd:ID>
      </wd:Location_Reference>
      <wd:Region_Reference wd:Descriptor="" wd:Match_Existing="true">
        <wd:ID wd:type="">ID</wd:ID>
      </wd:Region_Reference>
      <wd:Job_Profile_Reference wd:Descriptor="" wd:Match_Existing="true">
        <wd:ID wd:type="">ID</wd:ID>
      </wd:Job_Profile_Reference>
      <wd:Cost_Center_Reference wd:Descriptor="" wd:Match_Existing="true">
        <wd:ID wd:type="">ID</wd:ID>
      </wd:Cost_Center_Reference>
      <wd:Project_Reference wd:Descriptor="" wd:Match_Existing="true">
        <wd:ID wd:type="">ID</wd:ID>
      </wd:Project_Reference>
      <wd:Withholding_Order_Case_Reference wd:Descriptor="" wd:Match_Existing="true">
        <wd:ID wd:type="">ID</wd:ID>
      </wd:Withholding_Order_Case_Reference>
      <wd:State_Authority_Reference wd:Descriptor="" wd:Match_Existing="true">
        <wd:ID wd:type="">ID</wd:ID>
      </wd:State_Authority_Reference>
      <wd:Workers_Compensation_Code_Reference wd:Descriptor="" wd:Match_Existing="true">
        <wd:ID wd:type="">ID</wd:ID>
      </wd:Workers_Compensation_Code_Reference>
      <wd:County_Authority_Reference wd:Descriptor="" wd:Match_Existing="true">
        <wd:ID wd:type="">ID</wd:ID>
      </wd:County_Authority_Reference>
      <wd:City_Authority_Reference wd:Descriptor="" wd:Match_Existing="true">
        <wd:ID wd:type="">ID</wd:ID>
      </wd:City_Authority_Reference>
      <wd:School_District_Authority_Reference wd:Descriptor="" wd:Match_Existing="true">
        <wd:ID wd:type="">ID</wd:ID>
      </wd:School_District_Authority_Reference>
      <wd:Custom_Worktag_01_Reference wd:Descriptor="" wd:Match_Existing="true">
        <wd:ID wd:type="">ID</wd:ID>
      </wd:Custom_Worktag_01_Reference>
      <wd:Custom_Worktag_02_Reference wd:Descriptor="" wd:Match_Existing="true">
        <wd:ID wd:type="">ID</wd:ID>
      </wd:Custom_Worktag_02_Reference>
      <wd:Custom_Worktag_03_Reference wd:Descriptor="" wd:Match_Existing="true">
        <wd:ID wd:type="">ID</wd:ID>
      </wd:Custom_Worktag_03_Reference>
      <wd:Custom_Worktag_04_Reference wd:Descriptor="" wd:Match_Existing="true">
        <wd:ID wd:type="">ID</wd:ID>
      </wd:Custom_Worktag_04_Reference>
      <wd:Custom_Worktag_05_Reference wd:Descriptor="" wd:Match_Existing="true">
        <wd:ID wd:type="">ID</wd:ID>
      </wd:Custom_Worktag_05_Reference>
      <wd:Fund_Reference wd:Descriptor="" wd:Match_Existing="true">
        <wd:ID wd:type="">ID</wd:ID>
      </wd:Fund_Reference>
      <wd:Grant_Reference wd:Descriptor="" wd:Match_Existing="true">
        <wd:ID wd:type="">ID</wd:ID>
      </wd:Grant_Reference>
      <wd:Gift_Reference wd:Descriptor="" wd:Match_Existing="true">
        <wd:ID wd:type="">ID</wd:ID>
      </wd:Gift_Reference>
      <wd:Program_Reference wd:Descriptor="" wd:Match_Existing="true">
        <wd:ID wd:type="">ID</wd:ID>
      </wd:Program_Reference>
      <wd:Business_Unit_Reference wd:Descriptor="" wd:Match_Existing="true">
        <wd:ID wd:type="">ID</wd:ID>
      </wd:Business_Unit_Reference>
      <wd:Object_Class_Reference wd:Descriptor="" wd:Match_Existing="true">
        <wd:ID wd:type="">ID</wd:ID>
      </wd:Object_Class_Reference>
      <wd:Custom_Organization_Reference wd:Descriptor="" wd:Match_Existing="true">
        <wd:ID wd:type="">ID</wd:ID>
      </wd:Custom_Organization_Reference>
      <wd:Custom_Worktag_06_Reference wd:Descriptor="" wd:Match_Existing="true">
        <wd:ID wd:type="">ID</wd:ID>
      </wd:Custom_Worktag_06_Reference>
      <wd:Custom_Worktag_07_Reference wd:Descriptor="" wd:Match_Existing="true">
        <wd:ID wd:type="">ID</wd:ID>
      </wd:Custom_Worktag_07_Reference>
      <wd:Custom_Worktag_08_Reference wd:Descriptor="" wd:Match_Existing="true">
        <wd:ID wd:type="">ID</wd:ID>
      </wd:Custom_Worktag_08_Reference>
      <wd:Custom_Worktag_09_Reference wd:Descriptor="" wd:Match_Existing="true">
        <wd:ID wd:type="">ID</wd:ID>
      </wd:Custom_Worktag_09_Reference>
      <wd:Custom_Worktag_10_Reference wd:Descriptor="" wd:Match_Existing="true">
        <wd:ID wd:type="">ID</wd:ID>
      </wd:Custom_Worktag_10_Reference>
      <wd:Custom_Worktag_11_Reference wd:Descriptor="" wd:Match_Existing="true">
        <wd:ID wd:type="">ID</wd:ID>
      </wd:Custom_Worktag_11_Reference>
      <wd:Custom_Worktag_12_Reference wd:Descriptor="" wd:Match_Existing="true">
        <wd:ID wd:type="">ID</wd:ID>
      </wd:Custom_Worktag_12_Reference>
      <wd:Custom_Worktag_13_Reference wd:Descriptor="" wd:Match_Existing="true">
        <wd:ID wd:type="">ID</wd:ID>
      </wd:Custom_Worktag_13_Reference>
      <wd:Custom_Worktag_14_Reference wd:Descriptor="" wd:Match_Existing="true">
        <wd:ID wd:type="">ID</wd:ID>
      </wd:Custom_Worktag_14_Reference>
      <wd:Custom_Worktag_15_Reference wd:Descriptor="" wd:Match_Existing="true">
        <wd:ID wd:type="">ID</wd:ID>
      </wd:Custom_Worktag_15_Reference>
      <wd:Local_Other_Tax_Authority_Reference wd:Descriptor="" wd:Match_Existing="true">
        <wd:ID wd:type="">ID</wd:ID>
      </wd:Local_Other_Tax_Authority_Reference>
      <wd:NI_Category_Reference wd:Descriptor="" wd:Match_Existing="true">
        <wd:ID wd:type="">ID</wd:ID>
      </wd:NI_Category_Reference>
      <wd:ARRCO-AGIRC_Category_Reference wd:Descriptor="" wd:Match_Existing="true">
        <wd:ID wd:type="">ID</wd:ID>
      </wd:ARRCO-AGIRC_Category_Reference>
    </wd:Worktag_Data>
    <wd:Additional_Input_Details_Data>
      <wd:Related_Calculation_Reference wd:Descriptor="">
        <wd:ID wd:type="">ID</wd:ID>
      </wd:Related_Calculation_Reference>
      <wd:Input_Value>0.0</wd:Input_Value>
    </wd:Additional_Input_Details_Data>
    <wd:Comment>Comment</wd:Comment>
    <wd:Currency_Reference wd:Descriptor="">
      <wd:ID wd:type="">ID</wd:ID>
    </wd:Currency_Reference>
    <wd:Company_Reference wd:Descriptor="" wd:Match_Existing="true">
      <wd:ID wd:type="">ID</wd:ID>
    </wd:Company_Reference>
    <wd:Coverage_Start_Date>2001-01-01</wd:Coverage_Start_Date>
    <wd:Coverage_End_Date>2001-01-01</wd:Coverage_End_Date>
  </wd:Payroll_Input_Data>
</wd:Payroll_Input_Processor_Request>
