<?xml version="1.0" encoding="UTF-8"?>
<wdnm:Diagram xmlns:wdnm="http://workday.com/studio/editors/notation">
  <element href="assembly.xml#WorkdayAssembly"/>
  <visualProperties>
    <element href="assembly.xml#//@beans/@mixed.1/@mixed.3"/>
  </visualProperties>
  <visualProperties>
    <element href="assembly.xml#Note-Error"/>
  </visualProperties>
  <visualProperties x="256" y="241">
    <element href="assembly.xml#StartHere"/>
  </visualProperties>
  <visualProperties x="327" y="262">
    <element href="assembly.xml#prepProps"/>
  </visualProperties>
  <visualProperties x="486" y="293">
    <element href="assembly.xml#GetMonthlyReportData"/>
  </visualProperties>
  <visualProperties x="502" y="296">
    <element href="assembly.xml#CallGetMonthlyReportData"/>
  </visualProperties>
  <visualProperties x="407" y="395">
    <element href="assembly.xml#callMonthlyReport"/>
  </visualProperties>
  <visualProperties x="167" y="507">
    <element href="assembly.xml#callAnnualReport"/>
  </visualProperties>
  <visualProperties x="577" y="272">
    <element href="assembly.xml#GetAnnualReportData"/>
  </visualProperties>
  <visualProperties x="515" y="276">
    <element href="assembly.xml#CallGetAnnualReportData"/>
  </visualProperties>
  <visualProperties x="360" y="407">
    <element href="assembly.xml#callRaasMonthly"/>
  </visualProperties>
  <visualProperties x="745" y="418">
    <element href="assembly.xml#transformMonthly"/>
  </visualProperties>
  <visualProperties x="290" y="646">
    <element href="assembly.xml#callRaasAnnual"/>
  </visualProperties>
  <visualProperties x="863" y="518">
    <element href="assembly.xml#pimMonthlyFile"/>
  </visualProperties>
  <visualProperties x="608" y="486">
    <element href="assembly.xml#monthlyAudit"/>
  </visualProperties>
  <visualProperties x="1201" y="907">
    <element href="assembly.xml#annualAudit"/>
  </visualProperties>
  <visualProperties x="503" y="225">
    <element href="assembly.xml#callProcessCombinedFile"/>
  </visualProperties>
  <visualProperties x="-152" y="1135">
    <element href="assembly.xml#processCombinedFile"/>
  </visualProperties>
  <visualProperties x="684" y="1175">
    <element href="assembly.xml#transformCombinedFile"/>
  </visualProperties>
  <visualProperties x="302" y="1282">
    <element href="assembly.xml#Stacker.Route"/>
  </visualProperties>
  <visualProperties x="125" y="1175">
    <element href="assembly.xml#writeMonthly"/>
  </visualProperties>
  <visualProperties x="186" y="1285">
    <element href="assembly.xml#writeAnnual"/>
  </visualProperties>
  <visualProperties x="619" y="1282">
    <element href="assembly.xml#FileInputsAggregator"/>
  </visualProperties>
  <visualProperties x="876" y="1477">
    <element href="assembly.xml#pimCombinedFile"/>
  </visualProperties>
  <visualProperties x="111" y="456">
    <element href="assembly.xml#pimMonthlyRaas"/>
  </visualProperties>
  <visualProperties x="950" y="457">
    <element href="assembly.xml#pimMonthlyTransform"/>
  </visualProperties>
  <visualProperties x="105" y="788">
    <element href="assembly.xml#pimAnnualRaas"/>
  </visualProperties>
  <visualProperties x="231" y="1161">
    <element href="assembly.xml#pimMonthlyWrap"/>
  </visualProperties>
  <visualProperties x="228" y="1438">
    <element href="assembly.xml#pimAnnualWrap"/>
  </visualProperties>
  <visualProperties x="699" y="1121">
    <element href="assembly.xml#pimCombinedTransform"/>
  </visualProperties>
  <visualProperties x="1028" y="478">
    <element href="assembly.xml#pimMonthlyAudit"/>
  </visualProperties>
  <visualProperties x="596" y="789">
    <element href="assembly.xml#pimAnnualAuditError"/>
  </visualProperties>
  <visualProperties x="701" y="222">
    <element href="assembly.xml#pimWarnNonAnnualInJan"/>
  </visualProperties>
  <visualProperties x="877" y="222">
    <element href="assembly.xml#pimWarnAnnualButNotJan"/>
  </visualProperties>
  <visualProperties x="608" y="457">
    <element href="assembly.xml#pimMonthlyAuditError"/>
  </visualProperties>
  <visualProperties x="620" y="810">
    <element href="assembly.xml#pimAnnualAuditFile"/>
  </visualProperties>
  <visualProperties x="568" y="220">
    <element href="assembly.xml#AsyncMediation"/>
  </visualProperties>
  <visualProperties x="541" y="311">
    <element href="assembly.xml#pimMissingFlagsError"/>
  </visualProperties>
  <visualProperties x="888" y="890">
    <element href="assembly.xml#transformAnnual"/>
  </visualProperties>
  <visualProperties x="991" y="941">
    <element href="assembly.xml#pimAnnualTransform"/>
  </visualProperties>
  <visualProperties x="1046" y="963">
    <element href="assembly.xml#pimAnnualFile"/>
  </visualProperties>
  <connections type="routesTo" sourceAnchorX="0.7431192660550459" sourceAnchorY="1.0" targetAnchorX="0.48031496062992124" targetAnchorY="0.26595744680851063">
    <source href="assembly.xml#StartHere"/>
    <target href="assembly.xml#prepProps"/>
  </connections>
  <connections type="routesResponseTo" sourceAnchorX="0.8514851485148515" sourceAnchorY="1.0" targetAnchorX="0.2708333333333333" targetAnchorY="0.43243243243243246">
    <source href="assembly.xml#CallGetMonthlyReportData"/>
    <target href="assembly.xml#CallGetAnnualReportData"/>
  </connections>
  <connections type="routesTo" sourceAnchorX="0.6666666666666666" sourceAnchorY="1.0" targetAnchorX="0.44029850746268656" targetAnchorY="0.2391304347826087">
    <source href="assembly.xml#GetMonthlyReportData"/>
    <target href="assembly.xml#callRaasMonthly"/>
  </connections>
  <connections type="routesTo" sourceAnchorX="0.7131147540983607" sourceAnchorY="1.0" targetAnchorX="0.5223880597014925" targetAnchorY="0.1956521739130435">
    <source href="assembly.xml#GetAnnualReportData"/>
    <target href="assembly.xml#callRaasAnnual"/>
  </connections>
  <connections type="routesTo" sourceAnchorX="1.0" sourceAnchorY="0.29347826086956524" targetAnchorX="0.33974358974358976" targetAnchorY="0.43243243243243246">
    <source href="assembly.xml#callRaasAnnual"/>
    <target href="assembly.xml#callAnnualReport"/>
  </connections>
  <connections type="routesTo" sourceAnchorX="1.0" sourceAnchorY="0.2978723404255319" targetAnchorX="0.6396396396396397" targetAnchorY="0.4594594594594595">
    <source href="assembly.xml#transformMonthly"/>
    <target href="assembly.xml#pimMonthlyFile"/>
  </connections>
  <connections type="routesTo" sourceAnchorX="0.0" sourceAnchorY="0.22764227642276422" targetAnchorX="0.5167785234899329" targetAnchorY="0.5135135135135135">
    <source href="assembly.xml#callRaasMonthly"/>
    <target href="assembly.xml#callMonthlyReport"/>
  </connections>
  <connections type="routesResponseTo" sourceAnchorX="0.6174496644295302" sourceAnchorY="1.0" targetAnchorX="0.21641791044776118" targetAnchorY="0.7021276595744681">
    <source href="assembly.xml#callMonthlyReport"/>
    <target href="assembly.xml#monthlyAudit"/>
  </connections>
  <connections type="routesResponseTo" sourceAnchorX="0.9230769230769231" sourceAnchorY="1.0" targetAnchorX="0.15602836879432624" targetAnchorY="0.32978723404255317">
    <source href="assembly.xml#callAnnualReport"/>
    <target href="assembly.xml#annualAudit"/>
  </connections>
  <connections type="routesTo" sourceAnchorX="0.5394736842105263" sourceAnchorY="1.0" targetAnchorX="0.03508771929824561" targetAnchorY="0.3783783783783784">
    <source href="assembly.xml#//@beans/@mixed.1/@mixed.3"/>
    <target href="assembly.xml#Note-Error"/>
  </connections>
  <connections type="routesResponseTo" sourceAnchorX="0.8844221105527639" sourceAnchorY="1.0" targetAnchorX="0.22330097087378642" targetAnchorY="0.43243243243243246">
    <source href="assembly.xml#CallGetAnnualReportData"/>
    <target href="assembly.xml#callProcessCombinedFile"/>
  </connections>
  <connections type="routesTo" sourceAnchorX="0.780952380952381" sourceAnchorY="1.0" targetAnchorX="0.3394495412844037" targetAnchorY="0.18085106382978725">
    <source href="assembly.xml#//@beans/@mixed.1/@route.0/@subRoute.0"/>
    <target href="assembly.xml#writeMonthly"/>
  </connections>
  <connections type="routesTo" sourceAnchorX="1.0" sourceAnchorY="0.2553191489361702" targetAnchorX="0.2692307692307692" targetAnchorY="0.2830188679245283">
    <source href="assembly.xml#writeMonthly"/>
    <target href="assembly.xml#FileInputsAggregator"/>
  </connections>
  <connections type="routesTo" sourceAnchorX="1.0" sourceAnchorY="0.192" targetAnchorX="0.09615384615384616" targetAnchorY="0.36792452830188677">
    <source href="assembly.xml#writeAnnual"/>
    <target href="assembly.xml#FileInputsAggregator"/>
  </connections>
  <connections type="routesTo" sourceAnchorX="0.4095238095238095" sourceAnchorY="1.0" targetAnchorX="0.009433962264150943" targetAnchorY="0.072">
    <source href="assembly.xml#//@beans/@mixed.1/@route.0/@subRoute.1"/>
    <target href="assembly.xml#writeAnnual"/>
  </connections>
  <connections type="routesTo" sourceAnchorX="1.0" sourceAnchorY="0.2358490566037736" targetAnchorX="0.10526315789473684" targetAnchorY="0.128">
    <source href="assembly.xml#FileInputsAggregator"/>
    <target href="assembly.xml#transformCombinedFile"/>
  </connections>
  <connections type="routesTo" sourceAnchorX="0.7625" sourceAnchorY="1.0" targetAnchorX="0.2033898305084746" targetAnchorY="0.14136125654450263">
    <source href="assembly.xml#processCombinedFile"/>
    <target href="assembly.xml#Stacker.Route"/>
  </connections>
  <connections type="routesTo" sourceAnchorX="1.0" sourceAnchorY="0.224" targetAnchorX="0.18382352941176472" targetAnchorY="0.6216216216216216">
    <source href="assembly.xml#transformCombinedFile"/>
    <target href="assembly.xml#pimCombinedFile"/>
  </connections>
  <connections type="routesTo" sourceAnchorX="0.464" sourceAnchorY="1.0" targetAnchorX="0.30201342281879195" targetAnchorY="0.40540540540540543">
    <source href="assembly.xml#//@beans/@mixed.1/@mixed.21/@mixed.3"/>
    <target href="assembly.xml#pimMonthlyRaas"/>
  </connections>
  <connections type="routesTo" sourceAnchorX="0.6124031007751938" sourceAnchorY="1.0" targetAnchorX="0.3974358974358974" targetAnchorY="0.1891891891891892">
    <source href="assembly.xml#//@beans/@mixed.1/@mixed.23/@mixed.3"/>
    <target href="assembly.xml#pimMonthlyTransform"/>
  </connections>
  <connections type="routesTo" sourceAnchorX="0.2786885245901639" sourceAnchorY="1.0" targetAnchorX="0.28846153846153844" targetAnchorY="0.13513513513513514">
    <source href="assembly.xml#//@beans/@mixed.1/@mixed.25/@mixed.3"/>
    <target href="assembly.xml#pimAnnualRaas"/>
  </connections>
  <connections type="routesTo" sourceAnchorX="0.8492063492063492" sourceAnchorY="1.0" targetAnchorX="0.5838150289017341" targetAnchorY="0.13513513513513514">
    <source href="assembly.xml#//@beans/@mixed.1/@mixed.37/@mixed.3"/>
    <target href="assembly.xml#pimCombinedTransform"/>
  </connections>
  <connections type="routesTo" sourceAnchorX="0.9215686274509803" sourceAnchorY="1.0" targetAnchorX="0.4262295081967213" targetAnchorY="0.35135135135135137">
    <source href="assembly.xml#//@beans/@mixed.1/@mixed.41/@mixed.3"/>
    <target href="assembly.xml#pimMonthlyWrap"/>
  </connections>
  <connections type="routesTo" sourceAnchorX="0.7777777777777778" sourceAnchorY="1.0" targetAnchorX="0.3551912568306011" targetAnchorY="0.21621621621621623">
    <source href="assembly.xml#//@beans/@mixed.1/@mixed.43/@mixed.3"/>
    <target href="assembly.xml#pimAnnualWrap"/>
  </connections>
  <connections type="routesTo" sourceAnchorX="1.0" sourceAnchorY="0.12" targetAnchorX="0.5753424657534246" targetAnchorY="0.4864864864864865">
    <source href="assembly.xml#monthlyAudit"/>
    <target href="assembly.xml#pimMonthlyAudit"/>
  </connections>
  <connections type="routesResponseTo" sourceAnchorX="0.726027397260274" sourceAnchorY="1.0" targetAnchorX="0.3161764705882353" targetAnchorY="0.152">
    <source href="assembly.xml#pimMonthlyAudit"/>
    <target href="assembly.xml#transformMonthly"/>
  </connections>
  <connections type="routesTo" sourceAnchorX="0.7699115044247787" sourceAnchorY="1.0" targetAnchorX="0.48333333333333334" targetAnchorY="0.35135135135135137">
    <source href="assembly.xml#//@beans/@mixed.1/@mixed.31/@mixed.3"/>
    <target href="assembly.xml#pimAnnualAuditError"/>
  </connections>
  <connections type="routesResponseTo" sourceAnchorX="0.8698630136986302" sourceAnchorY="1.0" targetAnchorX="0.4041095890410959" targetAnchorY="0.32432432432432434">
    <source href="assembly.xml#pimWarnNonAnnualInJan"/>
    <target href="assembly.xml#pimWarnAnnualButNotJan"/>
  </connections>
  <connections type="routesTo" sourceAnchorX="1.0" sourceAnchorY="0.23404255319148937" targetAnchorX="0.3383838383838384" targetAnchorY="0.5405405405405406">
    <source href="assembly.xml#prepProps"/>
    <target href="assembly.xml#pimWarnNonAnnualInJan"/>
  </connections>
  <connections type="routesTo" sourceAnchorX="0.43231441048034935" sourceAnchorY="1.0" targetAnchorX="0.4166666666666667" targetAnchorY="0.32432432432432434">
    <source href="assembly.xml#//@beans/@mixed.1/@mixed.29/@mixed.3"/>
    <target href="assembly.xml#pimMonthlyAuditError"/>
  </connections>
  <connections type="routesTo" sourceAnchorX="1.0" sourceAnchorY="0.232" targetAnchorX="0.5205479452054794" targetAnchorY="0.2702702702702703">
    <source href="assembly.xml#annualAudit"/>
    <target href="assembly.xml#pimAnnualAuditFile"/>
  </connections>
  <connections type="routesResponseTo" sourceAnchorX="0.801980198019802" sourceAnchorY="1.0" targetAnchorX="0.2283464566929134" targetAnchorY="0.128">
    <source href="assembly.xml#pimWarnAnnualButNotJan"/>
    <target href="assembly.xml#AsyncMediation"/>
  </connections>
  <connections type="routesTo" sourceAnchorX="1.0" sourceAnchorY="0.112" targetAnchorX="0.31683168316831684" targetAnchorY="0.4594594594594595">
    <source href="assembly.xml#AsyncMediation"/>
    <target href="assembly.xml#CallGetMonthlyReportData"/>
  </connections>
  <connections type="routesTo" sourceAnchorX="0.7166666666666667" sourceAnchorY="1.0" targetAnchorX="0.4777777777777778" targetAnchorY="0.21621621621621623">
    <source href="assembly.xml#//@beans/@mixed.1/@mixed.73/@mixed.3"/>
    <target href="assembly.xml#pimMissingFlagsError"/>
  </connections>
  <connections type="routesResponseTo" sourceAnchorX="0.7607361963190185" sourceAnchorY="1.0" targetAnchorY="0.11956521739130435">
    <source href="assembly.xml#pimAnnualAuditFile"/>
    <target href="assembly.xml#transformAnnual"/>
  </connections>
  <connections type="routesTo" sourceAnchorX="0.5873015873015873" sourceAnchorY="1.0" targetAnchorX="0.3989071038251366" targetAnchorY="0.35135135135135137">
    <source href="assembly.xml#//@beans/@mixed.1/@mixed.77/@mixed.3"/>
    <target href="assembly.xml#pimAnnualTransform"/>
  </connections>
  <connections type="routesTo" sourceAnchorX="1.0" sourceAnchorY="0.208" targetAnchorX="0.35294117647058826" targetAnchorY="0.43243243243243246">
    <source href="assembly.xml#transformAnnual"/>
    <target href="assembly.xml#pimAnnualFile"/>
  </connections>
  <swimlanes x="1129" y="1189" bgColor="255" name="Global Error Handler" orientation="VERTICAL" topBorderColor="255">
    <elements href="assembly.xml#//@beans/@mixed.1/@mixed.3"/>
    <elements href="assembly.xml#Note-Error"/>
  </swimlanes>
  <swimlanes x="199" y="202" name="Main">
    <elements href="assembly.xml#StartHere"/>
    <elements href="assembly.xml#prepProps"/>
    <elements href="#//@swimlanes.16"/>
    <elements href="#//@swimlanes.15"/>
    <elements href="assembly.xml#CallGetMonthlyReportData"/>
    <elements href="assembly.xml#CallGetAnnualReportData"/>
    <elements href="assembly.xml#callProcessCombinedFile"/>
  </swimlanes>
  <swimlanes x="-291" y="108" name="Swimlane" orientation="VERTICAL" elements="//@swimlanes.1 //@swimlanes.3 //@swimlanes.4 //@swimlanes.8 //@swimlanes.0"/>
  <swimlanes x="329" y="331" name="MonthlyProcess">
    <elements href="assembly.xml#GetMonthlyReportData"/>
    <elements href="#//@swimlanes.5"/>
    <elements href="assembly.xml#callMonthlyReport"/>
    <elements href="#//@swimlanes.13"/>
    <elements href="assembly.xml#pimMonthlyAudit"/>
    <elements href="#//@swimlanes.7"/>
    <elements href="assembly.xml#pimMonthlyFile"/>
  </swimlanes>
  <swimlanes x="331" y="434" name="AnnualProcess">
    <elements href="assembly.xml#GetAnnualReportData"/>
    <elements href="#//@swimlanes.6"/>
    <elements href="assembly.xml#callAnnualReport"/>
    <elements href="#//@swimlanes.14"/>
    <elements href="assembly.xml#pimAnnualAuditFile"/>
    <elements href="#//@swimlanes.17"/>
    <elements href="assembly.xml#pimAnnualFile"/>
  </swimlanes>
  <swimlanes x="288" y="401" name="Swimlane" orientation="VERTICAL">
    <elements href="assembly.xml#callRaasMonthly"/>
    <elements href="assembly.xml#pimMonthlyRaas"/>
  </swimlanes>
  <swimlanes x="215" y="595" name="Swimlane" orientation="VERTICAL">
    <elements href="assembly.xml#callRaasAnnual"/>
    <elements href="assembly.xml#pimAnnualRaas"/>
  </swimlanes>
  <swimlanes x="637" y="429" orientation="VERTICAL">
    <elements href="assembly.xml#transformMonthly"/>
    <elements href="assembly.xml#pimMonthlyTransform"/>
  </swimlanes>
  <swimlanes x="-154" y="1103" name="Process Annual">
    <elements href="assembly.xml#processCombinedFile"/>
    <elements href="assembly.xml#Stacker.Route"/>
    <elements href="#//@swimlanes.10"/>
    <elements href="assembly.xml#FileInputsAggregator"/>
    <elements href="#//@swimlanes.9"/>
    <elements href="assembly.xml#pimCombinedFile"/>
  </swimlanes>
  <swimlanes x="551" y="1137" orientation="VERTICAL">
    <elements href="assembly.xml#transformCombinedFile"/>
    <elements href="assembly.xml#pimCombinedTransform"/>
  </swimlanes>
  <swimlanes x="81" y="1211" orientation="VERTICAL" elements="//@swimlanes.12 //@swimlanes.11"/>
  <swimlanes x="168" y="1335" orientation="VERTICAL">
    <elements href="assembly.xml#writeAnnual"/>
    <elements href="assembly.xml#pimAnnualWrap"/>
  </swimlanes>
  <swimlanes x="84" y="1194" orientation="VERTICAL">
    <elements href="assembly.xml#writeMonthly"/>
    <elements href="assembly.xml#pimMonthlyWrap"/>
  </swimlanes>
  <swimlanes x="322" y="394" name="monthly audit" orientation="VERTICAL">
    <elements href="assembly.xml#monthlyAudit"/>
    <elements href="assembly.xml#pimMonthlyAuditError"/>
  </swimlanes>
  <swimlanes x="326" y="730" name="Audit" orientation="VERTICAL">
    <elements href="assembly.xml#annualAudit"/>
    <elements href="assembly.xml#pimAnnualAuditError"/>
  </swimlanes>
  <swimlanes x="484" y="235" name="Error if missing flags" orientation="VERTICAL">
    <elements href="assembly.xml#AsyncMediation"/>
    <elements href="assembly.xml#pimMissingFlagsError"/>
  </swimlanes>
  <swimlanes x="35" y="191" name="Check for warnings" orientation="VERTICAL">
    <elements href="assembly.xml#pimWarnNonAnnualInJan"/>
    <elements href="assembly.xml#pimWarnAnnualButNotJan"/>
  </swimlanes>
  <swimlanes x="808" y="883" name="process annual file" orientation="VERTICAL">
    <elements href="assembly.xml#transformAnnual"/>
    <elements href="assembly.xml#pimAnnualTransform"/>
  </swimlanes>
</wdnm:Diagram>
