<?xml version="1.0" encoding="UTF-8"?>
<beans
     xmlns="http://www.springframework.org/schema/beans"
     xmlns:beans="http://www.springframework.org/schema/beans"
     xmlns:atom="http://www.w3.org/2005/Atom"
     xmlns:cc="http://www.capeclear.com/assembly/10"
     xmlns:cloud="urn:com.workday/esb/cloud/10.0"
     xmlns:env="http://schemas.xmlsoap.org/soap/envelope/"
     xmlns:pi="urn:com.workday/picof"
     xmlns:wd="urn:com.workday/bsvc"
     xmlns:xsi="http://www.w3.org/2001/XMLSchema-instance">
 
	<cc:assembly id="WorkdayAssembly" version="2019.35">
        <cc:local-out id="PIM-VertexSoapError" endpoint="vm://wcc/PutIntegrationMessage">
            <cc:set name="is.message.severity" value="'INFO'"/>
            <cc:set name="is.message.summary" value="'LOCAL ERROR CALLING VERTEX'"/>
            <cc:set name="is.message.detail"/>
            <cc:set name="is.message.storage.enabled" value="false"/>
        </cc:local-out>
        <cc:async-mediation id="AM-LogVertexResp" execute-steps-when="props['pDebugFlag'] == true">
            <cc:steps>
                <cc:log id="Log" level="info">
                    <cc:log-message>
                        <cc:line-separator/>
                        <cc:line-separator/>
                        <cc:text>VERTEX RESPONSE:</cc:text>
                        <cc:line-separator/>
                        <cc:message-content/>
                        <cc:line-separator/>
                    </cc:log-message>
                </cc:log>
            </cc:steps>
        </cc:async-mediation>
        <cc:http-out id="CallVertexWS" routes-response-to="AM-LogVertexResp" endpoint="@{props['pVertexWSTaxCalcURL']}" http-method="POST"/>
        <cc:async-mediation id="AM-LogVertexReq" routes-to="CallVertexWS" execute-steps-when="props['pDebugFlag'] == true">
            <cc:steps>
                <cc:log id="Log" level="info">
                    <cc:log-message>
                        <cc:line-separator/>
                        <cc:text>pPostOption transformed: @{props['pPostOption']}</cc:text>
                        <cc:line-separator/>
                        <cc:text>VERTEX REQUEST:</cc:text>
                        <cc:line-separator/>
                        <cc:message-content/>
                        <cc:line-separator/>
                    </cc:log-message>
                </cc:log>
            </cc:steps>
        </cc:async-mediation>
        <cc:async-mediation id="AM-CreateVertexXML" routes-to="AM-LogVertexReq" continue-after-error="rewind" handle-downstream-errors="true">
            <cc:steps>
                <cc:eval id="UpdatePropsWithInvoiceData">
                    <cc:expression>props['pVertexTransactionId'] = props['pAdjustmentFlag'] == 0 ? props['pCustomerInvoiceWID'] + &quot;_&quot; + props['pNumOfPosts'] : 'ADJ_' + props['pCustomerInvoiceWID'] + &quot;_&quot; + props['pNumOfPosts']</cc:expression>
                    <cc:expression>//props['pPostOption'] = props['pAdjustmentFlag'] == 1 &amp;&amp; props['pFullCreditIndicator'] == true ? 'DISTRIBUTE' : props['pPostOption'];&#xD;
//props['pPostOption'] = props['pAdjustmentFlag'] == 1 &amp;&amp; props['pFullCreditIndicator'] == true ? 'POST' : props['pPostOption']&#xD;
props['pPostOption'] = props['pAdjustmentFlag'] == 1 ? 'POST' : props['pPostOption']</cc:expression>
                </cc:eval>
                <cc:xslt-plus id="XsltVertexRequest" url="XSLT/QuotationInvoiceDistributeRequest.xsl"/>
                <cc:wrap-soap id="WrapSoap"/>
            </cc:steps>
            <cc:send-error id="SendErrorOnVertexCall" rethrow-error="true" routes-to="PIM-VertexSoapError"/>
        </cc:async-mediation>
        <cc:local-in id="VertexTaxCalcIN" routes-to="AM-CreateVertexXML" access="public" use-global-error-handlers="false"/>
	</cc:assembly>

</beans>