<?xml version="1.0" encoding="UTF-8"?>
<wdnm:Diagram xmlns:wdnm="http://workday.com/studio/editors/notation">
  <element href="assembly.xml#WorkdayAssembly"/>
  <visualProperties>
    <element href="assembly.xml#VertexTaxCalcIN"/>
  </visualProperties>
  <visualProperties>
    <element href="assembly.xml#AM-CreateVertexXML"/>
  </visualProperties>
  <visualProperties>
    <element href="assembly.xml#AM-LogVertexReq"/>
  </visualProperties>
  <visualProperties>
    <element href="assembly.xml#CallVertexWS"/>
  </visualProperties>
  <visualProperties>
    <element href="assembly.xml#AM-LogVertexResp"/>
  </visualProperties>
  <visualProperties>
    <element href="assembly.xml#PIM-VertexSoapError"/>
  </visualProperties>
  <connections type="routesTo" sourceAnchorX="0.8472222222222222" sourceAnchorY="1.0" targetAnchorX="0.1111111111111111" targetAnchorY="0.184">
    <source href="assembly.xml#VertexTaxCalcIN"/>
    <target href="assembly.xml#AM-CreateVertexXML"/>
  </connections>
  <connections type="routesTo" sourceAnchorX="1.0" sourceAnchorY="0.256" targetAnchorX="0.39855072463768115" targetAnchorY="0.09574468085106383">
    <source href="assembly.xml#AM-CreateVertexXML"/>
    <target href="assembly.xml#AM-LogVertexReq"/>
  </connections>
  <connections type="routesTo" sourceAnchorX="1.0" sourceAnchorY="0.5333333333333333" targetAnchorX="0.2774869109947644" targetAnchorY="0.40540540540540543">
    <source href="assembly.xml#//@beans/@mixed.1/@mixed.9/@mixed.3"/>
    <target href="assembly.xml#PIM-VertexSoapError"/>
  </connections>
  <connections type="routesTo" sourceAnchorX="1.0" sourceAnchorY="0.2553191489361702" targetAnchorX="0.16153846153846155" targetAnchorY="0.5945945945945946">
    <source href="assembly.xml#AM-LogVertexReq"/>
    <target href="assembly.xml#CallVertexWS"/>
  </connections>
  <connections type="routesResponseTo" sourceAnchorX="0.9076923076923077" sourceAnchorY="1.0" targetAnchorX="0.38620689655172413" targetAnchorY="0.1702127659574468">
    <source href="assembly.xml#CallVertexWS"/>
    <target href="assembly.xml#AM-LogVertexResp"/>
  </connections>
  <swimlanes x="49" y="38" name="CallVertex">
    <elements href="assembly.xml#VertexTaxCalcIN"/>
    <elements href="assembly.xml#AM-CreateVertexXML"/>
    <elements href="assembly.xml#AM-LogVertexReq"/>
    <elements href="assembly.xml#CallVertexWS"/>
    <elements href="assembly.xml#AM-LogVertexResp"/>
    <elements href="assembly.xml#PIM-VertexSoapError"/>
  </swimlanes>
</wdnm:Diagram>
