<?xml version="1.0" encoding="UTF-8"?>
<beans
     xmlns="http://www.springframework.org/schema/beans"
     xmlns:beans="http://www.springframework.org/schema/beans"
     xmlns:atom="http://www.w3.org/2005/Atom"
     xmlns:cc="http://www.capeclear.com/assembly/10"
     xmlns:cloud="urn:com.workday/esb/cloud/10.0"
     xmlns:env="http://schemas.xmlsoap.org/soap/envelope/"
     xmlns:pi="urn:com.workday/picof"
     xmlns:wd="urn:com.workday/bsvc"
     xmlns:xsi="http://www.w3.org/2001/XMLSchema-instance">
 
	<cc:assembly id="WorkdayAssembly" version="2019.6">
        <cc:workday-in id="StartHere" routes-to="Initialize">
            <cc:integration-system name="INT0064 Oncidium Leave Inbound">
        <cloud:param name="Validation Mode">
          <cloud:type>
            <cloud:simple-type>boolean</cloud:simple-type>
          </cloud:type>
          <cloud:default>
            <cloud:boolean>true</cloud:boolean>
          </cloud:default>
        </cloud:param>
        <cloud:param name="As of Effective Date">
          <cloud:type>
            <cloud:simple-type>date</cloud:simple-type>
          </cloud:type>
          <cloud:default>
            <cloud:class-report-field description="Today" type="WID">3125a787147b4323a84cc5ed05751df9</cloud:class-report-field>
          </cloud:default>
        </cloud:param>
        <cloud:attribute-map-service name="INT0064-Map">
          <cloud:map name="Leave Type">
            <cloud:internal-type>
              <cloud:class-report-field description="Leave Type" type="WID">2be532541dce4b0f8a873f043d8b86c8</cloud:class-report-field>
            </cloud:internal-type>
            <cloud:external-type>
              <cloud:simple-type>text</cloud:simple-type>
            </cloud:external-type>
          </cloud:map>
        </cloud:attribute-map-service>
        <cloud:retrieval-service name="INT0064-Retrieval"/>
      </cc:integration-system>
        </cc:workday-in>
        <cc:async-mediation id="Initialize" routes-to="CallRetrieveInputFile">
            <cc:steps>
                <cc:eval id="Eval">
                    <cc:expression>props['lp.validation.mode'] = lp.getSimpleData('Validation Mode')</cc:expression>
                    <cc:expression>props['lp.effective.date'] = lp.getSimpleData('As of Effective Date').substring(0,10)</cc:expression>
                    <cc:expression>props['file.inputs.map'] = new java.util.HashMap()</cc:expression>
                    <cc:expression>props['force.batch'] = false</cc:expression>
                </cc:eval>
            </cc:steps>
        </cc:async-mediation>
        <cc:local-out id="CallRetrieveInputFile" store-message="none" routes-response-to="CallCloseAggregator" endpoint="vm://INT0064_Oncidium_Leave_Inbound/RetrieveInputFile"/>
        <cc:local-in id="RetrieveInputFile" routes-to="ValidateFileCount"/>
        <cc:route id="GetFile">
            <cc:doc-iterator/>
            <cc:sub-route name="SubRoute" routes-to="GetCopy"/>
        </cc:route>
        <cc:local-out id="NoFileMsg" endpoint="vm://wcc/PutIntegrationMessage">
            <cc:set name="is.message.severity" value="'CRITICAL'"/>
            <cc:set name="is.message.summary" value="'No file present on server, please contact vendor and feedhub team to have file placed.'"/>
        </cc:local-out>
        <cc:async-mediation id="ValidateFileCount" routes-to="GetFile">
            <cc:steps>
                <cc:validate-exp id="ValidateExp">
                    <cc:expression failure-message="No input document was retrieved">da.size() > 0</cc:expression>
                </cc:validate-exp>
            </cc:steps>
            <cc:send-error id="SendError" routes-to="NoFileMsg"/>
        </cc:async-mediation>
        <cc:async-mediation id="GetCopy" routes-to="SplitterFile" handle-downstream-errors="true">
            <cc:steps>
                <cc:copy id="Copy" input="variable" input-variable="wd.retrieve.variable"/>
            </cc:steps>
            <cc:send-error id="SendError" routes-to="NoContentMsg"/>
        </cc:async-mediation>
        <cc:async-mediation id="Transform_SaveData" routes-to="CallProcessRecord">
            <cc:steps>
                <cc:csv-to-xml id="CsvToXml" colNames="Employee_ID,LOA_Vendor_ID,Effective_Date,Leave_Type,Estimated_Last_Day_of_Leave" format="rfc4180" rootName="Root" rowName="Row" separator=","/>
            </cc:steps>
        </cc:async-mediation>
        <cc:workday-out-soap id="GetWorker" routes-response-to="GetData" application="Human_Resources" version="v32.0"/>
        <cc:local-out id="CallProcessRecord" store-message="none" endpoint="vm://INT0064_Oncidium_Leave_Inbound/ProcessRecord"/>
        <cc:local-in id="ProcessRecord" routes-to="SplitterFile0"/>
        <cc:async-mediation id="PrepGW" routes-to="GetWorker" handle-downstream-errors="true">
            <cc:steps>
                <cc:write id="Write">
                    <cc:message>
                        <cc:text>&lt;?xml version=&quot;1.0&quot; encoding=&quot;UTF-8&quot;?>&#xD;
&lt;env:Envelope&#xD;
    xmlns:env=&quot;http://schemas.xmlsoap.org/soap/envelope/&quot;&#xD;
    xmlns:xsd=&quot;http://www.w3.org/2001/XMLSchema&quot;>&#xD;
    &lt;env:Body>&#xD;
        &lt;wd:Get_Workers_Request xmlns:wd=&quot;urn:com.workday/bsvc&quot; wd:version=&quot;v32.0&quot;>&#xD;
            &lt;wd:Request_References&#xD;
                wd:Skip_Non_Existing_Instances=&quot;true&quot;&#xD;
                wd:Ignore_Invalid_References=&quot;true&quot;>&#xD;
                &lt;wd:Worker_Reference>&#xD;
                    &lt;wd:ID wd:type=&quot;Employee_ID&quot;>@{props['ee.id']}&lt;/wd:ID>&#xD;
                &lt;/wd:Worker_Reference>&#xD;
            &lt;/wd:Request_References>&#xD;
            &lt;wd:Response_Filter>&#xD;
            	&lt;wd:As_Of_Effective_Date>@{props['effective.date']}&lt;/wd:As_Of_Effective_Date>           	&#xD;
                &lt;wd:Page>1&lt;/wd:Page>&#xD;
                &lt;wd:Count>999&lt;/wd:Count>&#xD;
            &lt;/wd:Response_Filter>&#xD;
            &lt;wd:Response_Group>&#xD;
                 &lt;wd:Include_Reference>true&lt;/wd:Include_Reference>&#xD;
                 &lt;wd:Include_Personal_Information>false&lt;/wd:Include_Personal_Information>&#xD;
                 &lt;wd:Include_Employment_Information>true&lt;/wd:Include_Employment_Information>&#xD;
                 &lt;wd:Include_Qualifications>false&lt;/wd:Include_Qualifications>&#xD;
            &lt;/wd:Response_Group>&#xD;
        &lt;/wd:Get_Workers_Request>&#xD;
    &lt;/env:Body>&#xD;
&lt;/env:Envelope></cc:text>
                    </cc:message>
                </cc:write></cc:steps>
            <cc:send-error id="SendError" routes-to="CallProcessAudit"/>
        </cc:async-mediation>
        <cc:async-mediation id="GetData" routes-to="Route0">
            <cc:steps>
                <cc:copy id="Copy" output="variable" output-variable="leave.data.variable"/>
                <cc:xslt-plus id="XsltPlus" url="GetLeaveData.xsl"/>
                <cc:eval id="Eval"><cc:expression>props['on.leave'] = parts[0].xpath('Row/On_Leave')</cc:expression>
                    <cc:expression>props['leave.reference.id'] = (props['on.leave'] == true) ? parts[0].xpath('Row/Leave_Reference_ID') : ''</cc:expression>
                    <cc:expression>props['leave.wid'] = (props['on.leave'] == true) ? parts[0].xpath('Row/Leave_WID') : ''</cc:expression>
                </cc:eval>
            </cc:steps>
            <cc:send-error id="SendError" routes-to="PutIntegrationMessage0"/>
        </cc:async-mediation>
        <cc:route id="Route0">
            <cc:mvel-strategy>
                <cc:choose-route expression="props['on.leave'] == true" route="On Leave"/>
                <cc:choose-route expression="true" route="Not On Leave"/>
            </cc:mvel-strategy>
            <cc:sub-route name="On Leave" routes-to="OnLeaveValidate"/>
            <cc:sub-route name="Not On Leave" routes-to="NotOnLeaveValidate"/>
        </cc:route>
        <cc:async-mediation id="OnLeaveValidate" routes-to="Route">
            <cc:steps>
                <cc:validate-exp id="ValidateExp">
                    <cc:expression failure-message="Same leave type is received for employee on leave.">props['leave.reference.id'] != props['leave.type']</cc:expression>
                </cc:validate-exp>
            </cc:steps>
            <cc:send-error id="SendError" routes-to="CallProcessAudit2"/>
        </cc:async-mediation>
        <cc:async-mediation id="NotOnLeaveValidate" routes-to="CallInsertLeave2">
            <cc:steps>
                <cc:validate-exp id="ValidateExp">
                    <cc:expression failure-message="Return from leave is received for employee not on leave.">props['leave.type'] != 'RFL'</cc:expression>
                </cc:validate-exp>
            </cc:steps>
            <cc:send-error id="SendError" routes-to="CallProcessAudit1"/>
        </cc:async-mediation>
        <cc:local-out id="CallProcessAudit" store-message="none" endpoint="vm://INT0064_Oncidium_Leave_Inbound/ProcessAudit"><cc:set name="comments" value="props['comments'] = 'Employee ID is invalid.'"/><cc:set name="error" value="props['error'] = true"/></cc:local-out>
        <cc:local-in id="ProcessAudit" routes-to="ProcessAuditFile"/>
        <cc:local-out id="CallInsertLeave2" store-message="none" endpoint="vm://INT0064_Oncidium_Leave_Inbound/InsertLeave"/>
        <cc:local-in id="InsertLeave" routes-to="PrepLeaveRequest"/>
        <cc:route id="Route">
            <cc:mvel-strategy>
                <cc:choose-route expression="props['leave.type'] != 'RFL'" route="New Leave"/>
                <cc:choose-route expression="true" route="RFL"/>
            </cc:mvel-strategy>
            <cc:sub-route name="New Leave" routes-to="ImpliedRFL"/>
            <cc:sub-route name="RFL" routes-to="CallRFL"/>
        </cc:route>
        <cc:local-in id="InsertRFL" routes-to="PrepRFLRequest"/>
        <cc:local-out id="CallInsertLeave1" store-message="none" endpoint="vm://INT0064_Oncidium_Leave_Inbound/InsertLeave"/>
        <cc:local-out id="CallRFL" store-message="none" endpoint="vm://INT0064_Oncidium_Leave_Inbound/InsertRFL"/>
        <cc:local-out id="CallProcessAudit2" store-message="none" endpoint="vm://INT0064_Oncidium_Leave_Inbound/ProcessAudit">
            <cc:set name="comments" value="props['comments'] = 'Same leave type is received for employee on leave.'"/>
        <cc:set name="error" value="props['error'] = true"/></cc:local-out>
        <cc:local-out id="CallProcessAudit1" store-message="none" endpoint="vm://INT0064_Oncidium_Leave_Inbound/ProcessAudit">
            <cc:set name="comments" value="props['comments'] = 'Return from leave is received for employee not on leave.'"/>
        <cc:set name="error" value="props['error'] = true"/></cc:local-out>
        <cc:async-mediation id="LeaveTypeValidate" routes-to="PrepGW">
            <cc:steps>
                <cc:eval id="Eval">
                    <cc:expression>props['leave.type'] = props['leave.type.file'] == 'RFL' ? 'RFL' : intsys.integrationMapReverseLookup('Leave Type', props['leave.type.file']).get(0).getReferenceData('Leave_of_Absence_Type_ID')</cc:expression>
                </cc:eval>
                <cc:validate-exp id="ValidateExp">
                    <cc:expression failure-message="Received leave type is invalid.">props['leave.type'] != ''</cc:expression>
                </cc:validate-exp>
            </cc:steps>
            <cc:send-error id="SendError" routes-to="CallProcessAudit0"/>
        </cc:async-mediation>
        <cc:local-out id="CallProcessAudit0" store-message="none" endpoint="vm://INT0064_Oncidium_Leave_Inbound/ProcessAudit">
            <cc:set name="comments" value="props['comments'] = 'Received leave type is invalid.'"/>
            <cc:set name="error" value="props['error'] = true"/>
        </cc:local-out>
        <cc:local-out id="CallRFL0" store-message="none" routes-response-to="CallInsertLeave1" endpoint="vm://INT0064_Oncidium_Leave_Inbound/InsertRFL"/>
        <cc:async-mediation id="ImpliedRFL" routes-to="CallRFL0">
            <cc:steps>
                <cc:eval id="Eval">
                    <cc:expression>props['implied.rfl'] = true</cc:expression>
                </cc:eval>
            </cc:steps>
        </cc:async-mediation>
        <cc:async-mediation id="PrepRFLRequest" routes-to="ValidationMode">
            <cc:steps>
                <cc:xslt-plus id="XsltPlus" url="ReturnFromLeave.xsl"/>
            </cc:steps>
            <cc:send-error id="SendError" routes-to="PutIntegrationMessage1"/>
        </cc:async-mediation>
        <cc:sync-mediation id="ValidationMode" routes-to="PutRFL" execute-steps-when="props['lp.validation.mode'] == 1" handle-downstream-errors="true" routes-response-to="CallProcessAudit3">
            <cc:request-steps>
                <cc:set-headers id="SetValidation">
                    <cc:remove-headers/>
                    <cc:add-headers>
                        <cc:add-header name="X-Validate-Only" value="1"/>
                    </cc:add-headers>
                </cc:set-headers>
            </cc:request-steps>
            <cc:response-steps>
                <cc:set-headers id="RemoveValidation">
                    <cc:remove-headers>
                        <cc:remove-header name="X-Validate-Only"/>
                    </cc:remove-headers>
                    <cc:add-headers/>
                </cc:set-headers>
            </cc:response-steps>
            <cc:send-error id="SendError" routes-to="ErrorMsg"/>
        </cc:sync-mediation>
        <cc:workday-out-soap id="PutRFL" application="Absence_Management" version="v32.0"/>
        <cc:local-out id="CallProcessAudit3" store-message="none" execute-when="!props['implied.rfl'] &amp;&amp; !props['request.error']" endpoint="vm://INT0064_Oncidium_Leave_Inbound/ProcessAudit">
            <cc:set name="comments" value="props['comments'] = 'Data is loaded successfully'"/>
            <cc:set name="error" value="props['error'] = false"/>
        </cc:local-out>
        <cc:local-out id="CallProcessAudit4" store-message="none" endpoint="vm://INT0064_Oncidium_Leave_Inbound/ProcessAudit">
            <cc:set name="comments" value="props['comments'] = context.getErrorMessage() "/>
            <cc:set name="error" value="props['error'] = true"/>
        </cc:local-out>
        <cc:workday-out-soap id="PutLeave" application="Absence_Management" version="v32.0"/>
        <cc:local-out id="CallProcessAudit6" store-message="none" endpoint="vm://INT0064_Oncidium_Leave_Inbound/ProcessAudit">
            <cc:set name="comments" value="props['comments'] = context.getErrorMessage() "/>
            <cc:set name="error" value="props['error'] = true"/>
        </cc:local-out>
        <cc:async-mediation id="PrepLeaveRequest" routes-to="ValidationMode0">
            <cc:steps>
                <cc:xslt-plus id="XsltPlus" url="LeaveOfAbsence.xsl"/>
            </cc:steps>
            <cc:send-error id="SendError" routes-to="PutIntegrationMessage2"/>
        </cc:async-mediation>
        <cc:sync-mediation id="ValidationMode0" routes-to="PutLeave" execute-steps-when="props['lp.validation.mode'] == 1" handle-downstream-errors="true" routes-response-to="CallProcessAudit5">
            <cc:request-steps>
                <cc:set-headers id="SetValidation">
                    <cc:remove-headers/>
                    <cc:add-headers>
                        <cc:add-header name="X-Validate-Only" value="1"/>
                    </cc:add-headers>
                </cc:set-headers>
            </cc:request-steps>
            <cc:response-steps>
                <cc:set-headers id="RemoveValidation">
                    <cc:remove-headers>
                        <cc:remove-header name="X-Validate-Only"/>
                    </cc:remove-headers>
                    <cc:add-headers/>
                </cc:set-headers>
            </cc:response-steps>
            <cc:send-error id="SendError" routes-to="ErrorMsg0"/>
        </cc:sync-mediation>
        <cc:local-out id="CallProcessAudit5" store-message="none" execute-when="!props['request.error']" endpoint="vm://INT0064_Oncidium_Leave_Inbound/ProcessAudit">
            <cc:set name="comments" value="props['comments'] = 'Data is loaded successfully'"/>
            <cc:set name="error" value="props['error'] = false"/>
        </cc:local-out>
        <cc:aggregator id="Aggregator" collate-when="!props['force.batch']" force-batch-on-last-message="false" force-batch-when="props['force.batch']">
            <cc:size-batch-strategy batch-size="-1"/>
            <cc:xml-message-content-collater output="variable" output-mimetype="text/xml" output-variable="audit.file">
        <cc:header-text>&lt;Data></cc:header-text>
        <cc:footer-text>&lt;/Data></cc:footer-text>
      </cc:xml-message-content-collater>
        </cc:aggregator>
        <cc:local-in id="CloseAggregator" routes-to="Aggregator"/>
        <cc:async-mediation id="ProcessAuditFile" routes-to="Aggregator">
            <cc:steps>
                <cc:xslt-plus id="XsltPlus" url="ProcessAuditFile.xsl"/>
            </cc:steps>
            <cc:send-error id="SendError" routes-to="PutIntegrationMessage3"/>
        </cc:async-mediation>
        <cc:local-out id="CallCloseAggregator" store-message="none" routes-response-to="CallBuildFinalData" endpoint="vm://INT0064_Oncidium_Leave_Inbound/CloseAggregator"><cc:set name="close.aggregator" value="props['force.batch'] = true"/></cc:local-out>
        <cc:local-out id="PutIntegrationMessage" endpoint="vm://wcc/PutIntegrationMessage">
            <cc:set name="is.message.severity" value="'INFO'"/>
            <cc:set name="is.message.summary" value="'The integration complete successfully!'"/>
            <cc:set name="is.document.variable.name" value="'audit.file'"/>
            <cc:set name="is.message.storage.enabled" value="false"/>
        </cc:local-out>
        <cc:async-mediation id="GenerateFinalData" routes-to="PutIntegrationMessage">
            <cc:steps>
                <cc:copy id="Copy" output-mimetype="text/xml" input="variable" input-variable="audit.file"/>
                <cc:xslt-plus id="XsltPlus" url="BuildAuditFile.xsl"/>
                <cc:store id="Store" output="variable" output-variable="audit.file" expiresIn="P180D" title="INT0064 Oncidium Leave Inbound Audit File.txt"/>
            </cc:steps>
            <cc:send-error id="SendError" routes-to="PutIntegrationMessage4"/>
        </cc:async-mediation>
        <cc:local-in id="BuildFinalData" routes-to="GenerateFinalData"/>
        <cc:local-out id="CallBuildFinalData" store-message="none" endpoint="vm://INT0064_Oncidium_Leave_Inbound/BuildFinalData"/>
        <cc:async-mediation id="ErrorMsg" routes-to="CallProcessAudit4">
            <cc:steps>
                <cc:eval id="Eval">
                    <cc:expression>props['request.error'] = true</cc:expression>
                </cc:eval>
            </cc:steps>
        </cc:async-mediation>
        <cc:async-mediation id="ErrorMsg0" routes-to="CallProcessAudit6">
            <cc:steps>
                <cc:eval id="Eval">
                    <cc:expression>props['request.error'] = true</cc:expression>
                </cc:eval>
            </cc:steps>
        </cc:async-mediation>
        <cc:splitter id="SplitterFile">
            <cc:sub-route name="SubRoute" routes-to="Transform_SaveData"/>
            <cc:standard-splitter>
                <cc:content-fixed-lines/>
            </cc:standard-splitter>
        </cc:splitter>
        <cc:local-out id="Note-Error" endpoint="vm://wcc/PutIntegrationMessage">
            <cc:set name="is.message.severity" value="'CRITICAL'"/>
            <cc:set name="is.message.summary" value="context.errorMessage"/>
        </cc:local-out>
        <cc:send-error id="global-error-handler" rethrow-error="false" routes-to="Note-Error"/>
        <cc:local-out id="PutIntegrationMessage0" endpoint="vm://wcc/PutIntegrationMessage"><cc:set name="is.message.severity" value="'ERROR'"/><cc:set name="is.message.summary" value="'Error get leave status from get worker for ' + props['ee.id']"/></cc:local-out>
        <cc:local-out id="PutIntegrationMessage1" endpoint="vm://wcc/PutIntegrationMessage"><cc:set name="is.message.severity" value="'ERROR'"/><cc:set name="is.message.summary" value="'Error prepare RFL request for ' + props['ee.id']"/></cc:local-out>
        <cc:local-out id="PutIntegrationMessage2" endpoint="vm://wcc/PutIntegrationMessage"><cc:set name="is.message.severity" value="'ERROR'"/><cc:set name="is.message.summary" value="'Error prepare leave request for ' + props['ee.id']"/></cc:local-out>
        <cc:local-out id="PutIntegrationMessage3" endpoint="vm://wcc/PutIntegrationMessage">
            <cc:set name="is.message.severity" value="'ERROR'"/>
            <cc:set name="is.message.summary" value="'Error process audit file for ' + props['ee.id']"/>
        </cc:local-out>
        <cc:local-out id="PutIntegrationMessage4" endpoint="vm://wcc/PutIntegrationMessage">
            <cc:set name="is.message.severity" value="'ERROR'"/>
            <cc:set name="is.message.summary" value="'Error build final audit file.'"/>
        </cc:local-out>
        <cc:splitter id="SplitterFile0">
            <cc:sub-route name="SubRoute" routes-to="AsyncMediation"/>
            <cc:standard-splitter>
                <cc:content-fixed-lines/>
            </cc:standard-splitter>
        </cc:splitter>
        <cc:async-mediation id="AsyncMediation" routes-to="LeaveTypeValidate">
            <cc:steps>
                <cc:eval id="Eval">
                    <cc:expression>props['ee.id'] = parts[0].xpath(&quot;Root/Row/Employee_ID&quot;)</cc:expression>
                    <cc:expression>props['loa.vendor.id'] = parts[0].xpath(&quot;Root/Row/LOA_Vendor_ID&quot;)</cc:expression>
                    <cc:expression>props['effective.date.file'] = parts[0].xpath(&quot;Root/Row/Effective_Date&quot;)</cc:expression>
                    <cc:expression>props['effective.date'] = props['effective.date.file'].substring(6,10) # '-' # props['effective.date.file'].substring(0,2) # '-' # props['effective.date.file'].substring(3,5)</cc:expression>
                    <cc:expression>props['leave.type.file'] = parts[0].xpath(&quot;Root/Row/Leave_Type&quot;)</cc:expression>
                    <cc:expression>props['estimate.last.day.of.leave.file'] = parts[0].xpath(&quot;Root/Row/Estimated_Last_Day_of_Leave&quot;)</cc:expression>
                    <cc:expression>props['estimate.last.day.of.leave'] = (props['estimate.last.day.of.leave.file'] != '') ? (props['estimate.last.day.of.leave.file'] != ' ' ? props['estimate.last.day.of.leave.file'].substring(6,10) # '-' # props['estimate.last.day.of.leave.file'].substring(0,2) # '-' # props['estimate.last.day.of.leave.file'].substring(3,5) : '') : ''</cc:expression>
                    <cc:expression>props['implied.rfl'] = false</cc:expression>
                    <cc:expression>props['request.error'] = false</cc:expression>
                </cc:eval></cc:steps>
            <cc:send-error id="SendError" routes-to="CallProcessAudit00"/>
        </cc:async-mediation>
        <cc:local-out id="CallProcessAudit00" store-message="none" endpoint="vm://INT0064_Oncidium_Leave_Inbound/ProcessAudit">
            <cc:set name="comments" value="props['comments'] = context.getErrorMessage() "/>
            <cc:set name="error" value="props['error'] = true"/>
        </cc:local-out>
        <cc:local-out id="NoContentMsg" endpoint="vm://wcc/PutIntegrationMessage">
            <cc:set name="is.message.severity" value="'ERROR'"/>
            <cc:set name="is.message.summary" value="'The inbound file is blank. No data to be processed by the integration.'"/>
        </cc:local-out>
	</cc:assembly>

</beans>