<?xml version="1.0" encoding="UTF-8"?>
<wdnm:Diagram xmlns:wdnm="http://workday.com/studio/editors/notation">
  <element href="assembly.xml#WorkdayAssembly"/>
  <visualProperties x="92" y="63">
    <element href="assembly.xml#StartHere"/>
  </visualProperties>
  <visualProperties x="250" y="26">
    <element href="assembly.xml#Initialize"/>
  </visualProperties>
  <visualProperties x="408" y="54">
    <element href="assembly.xml#CallRetrieveInputFile"/>
  </visualProperties>
  <visualProperties x="64" y="248">
    <element href="assembly.xml#RetrieveInputFile"/>
  </visualProperties>
  <visualProperties x="245" y="203">
    <element href="assembly.xml#ValidateFileCount"/>
  </visualProperties>
  <visualProperties x="259" y="341">
    <element href="assembly.xml#NoFileMsg"/>
  </visualProperties>
  <visualProperties x="416" y="193">
    <element href="assembly.xml#GetFile"/>
  </visualProperties>
  <visualProperties x="842" y="193">
    <element href="assembly.xml#Transform_SaveData"/>
  </visualProperties>
  <visualProperties x="562" y="193">
    <element href="assembly.xml#GetCopy"/>
  </visualProperties>
  <visualProperties x="894" y="678">
    <element href="assembly.xml#GetWorker"/>
  </visualProperties>
  <visualProperties x="635" y="54">
    <element href="assembly.xml#CallProcessRecord"/>
  </visualProperties>
  <visualProperties x="41" y="558">
    <element href="assembly.xml#ProcessRecord"/>
  </visualProperties>
  <visualProperties x="751" y="597">
    <element href="assembly.xml#PrepGW"/>
  </visualProperties>
  <visualProperties x="927" y="529">
    <element href="assembly.xml#GetData"/>
  </visualProperties>
  <visualProperties x="1122" y="442">
    <element href="assembly.xml#Route0"/>
  </visualProperties>
  <visualProperties x="944" y="501">
    <element href="assembly.xml#OnLeaveValidate"/>
  </visualProperties>
  <visualProperties x="1286" y="687">
    <element href="assembly.xml#NotOnLeaveValidate"/>
  </visualProperties>
  <visualProperties x="785" y="763">
    <element href="assembly.xml#CallProcessAudit"/>
  </visualProperties>
  <visualProperties x="-85" y="1719">
    <element href="assembly.xml#ProcessAudit"/>
  </visualProperties>
  <visualProperties x="1685" y="924">
    <element href="assembly.xml#CallInsertLeave2"/>
  </visualProperties>
  <visualProperties x="848" y="1300">
    <element href="assembly.xml#InsertLeave"/>
  </visualProperties>
  <visualProperties x="1636" y="297">
    <element href="assembly.xml#Route"/>
  </visualProperties>
  <visualProperties x="49" y="989">
    <element href="assembly.xml#InsertRFL"/>
  </visualProperties>
  <visualProperties x="1880" y="746">
    <element href="assembly.xml#CallInsertLeave1"/>
  </visualProperties>
  <visualProperties x="1898" y="502">
    <element href="assembly.xml#CallRFL"/>
  </visualProperties>
  <visualProperties x="1286" y="622">
    <element href="assembly.xml#CallProcessAudit2"/>
  </visualProperties>
  <visualProperties x="1284" y="821">
    <element href="assembly.xml#CallProcessAudit1"/>
  </visualProperties>
  <visualProperties x="494" y="546">
    <element href="assembly.xml#LeaveTypeValidate"/>
  </visualProperties>
  <visualProperties x="479" y="678">
    <element href="assembly.xml#CallProcessAudit0"/>
  </visualProperties>
  <visualProperties x="1917" y="645">
    <element href="assembly.xml#CallRFL0"/>
  </visualProperties>
  <visualProperties x="1870" y="318">
    <element href="assembly.xml#ImpliedRFL"/>
  </visualProperties>
  <visualProperties x="200" y="953">
    <element href="assembly.xml#PrepRFLRequest"/>
  </visualProperties>
  <visualProperties x="209" y="1347">
    <element href="assembly.xml#ValidationMode"/>
  </visualProperties>
  <visualProperties x="570" y="945">
    <element href="assembly.xml#PutRFL"/>
  </visualProperties>
  <visualProperties x="564" y="1025">
    <element href="assembly.xml#CallProcessAudit3"/>
  </visualProperties>
  <visualProperties x="676" y="1129">
    <element href="assembly.xml#CallProcessAudit4"/>
  </visualProperties>
  <visualProperties x="1468" y="1477">
    <element href="assembly.xml#CallProcessAudit5"/>
  </visualProperties>
  <visualProperties x="1277" y="1372">
    <element href="assembly.xml#ValidationMode0"/>
  </visualProperties>
  <visualProperties x="1064" y="1326">
    <element href="assembly.xml#PrepLeaveRequest"/>
  </visualProperties>
  <visualProperties x="1422" y="1708">
    <element href="assembly.xml#CallProcessAudit6"/>
  </visualProperties>
  <visualProperties x="1363" y="1289">
    <element href="assembly.xml#PutLeave"/>
  </visualProperties>
  <visualProperties x="99" y="1679">
    <element href="assembly.xml#ProcessAuditFile"/>
  </visualProperties>
  <visualProperties x="314" y="1646">
    <element href="assembly.xml#CloseAggregator"/>
  </visualProperties>
  <visualProperties x="479" y="1761">
    <element href="assembly.xml#Aggregator"/>
  </visualProperties>
  <visualProperties x="854" y="54">
    <element href="assembly.xml#CallCloseAggregator"/>
  </visualProperties>
  <visualProperties x="764" y="1765">
    <element href="assembly.xml#BuildFinalData"/>
  </visualProperties>
  <visualProperties x="1005" y="1774">
    <element href="assembly.xml#GenerateFinalData"/>
  </visualProperties>
  <visualProperties x="1230" y="1787">
    <element href="assembly.xml#PutIntegrationMessage"/>
  </visualProperties>
  <visualProperties x="1077" y="54">
    <element href="assembly.xml#CallBuildFinalData"/>
  </visualProperties>
  <visualProperties x="564" y="1093">
    <element href="assembly.xml#ErrorMsg"/>
  </visualProperties>
  <visualProperties x="1248" y="1607">
    <element href="assembly.xml#ErrorMsg0"/>
  </visualProperties>
  <visualProperties x="697" y="186">
    <element href="assembly.xml#SplitterFile"/>
  </visualProperties>
  <visualProperties>
    <element href="assembly.xml#//@beans/@mixed.1/@mixed.107"/>
  </visualProperties>
  <visualProperties>
    <element href="assembly.xml#Note-Error"/>
  </visualProperties>
  <visualProperties x="1060" y="759">
    <element href="assembly.xml#PutIntegrationMessage0"/>
  </visualProperties>
  <visualProperties x="163" y="1367">
    <element href="assembly.xml#PutIntegrationMessage1"/>
  </visualProperties>
  <visualProperties x="1133" y="1362">
    <element href="assembly.xml#PutIntegrationMessage2"/>
  </visualProperties>
  <visualProperties x="633" y="1934">
    <element href="assembly.xml#PutIntegrationMessage3"/>
  </visualProperties>
  <visualProperties x="634" y="2170">
    <element href="assembly.xml#PutIntegrationMessage4"/>
  </visualProperties>
  <visualProperties x="53" y="543">
    <element href="assembly.xml#SplitterFile0"/>
  </visualProperties>
  <visualProperties x="235" y="699">
    <element href="assembly.xml#AsyncMediation"/>
  </visualProperties>
  <visualProperties x="353" y="561">
    <element href="assembly.xml#CallProcessAudit00"/>
  </visualProperties>
  <visualProperties x="303" y="563">
    <element href="assembly.xml#NoContentMsg"/>
  </visualProperties>
  <connections type="routesTo" sourceAnchorX="0.9495798319327731" sourceAnchorY="1.0" targetAnchorX="0.3119266055045872" targetAnchorY="0.4330708661417323">
    <source href="assembly.xml#StartHere"/>
    <target href="assembly.xml#Initialize"/>
  </connections>
  <connections type="routesTo" sourceAnchorX="1.0" sourceAnchorY="0.18110236220472442" targetAnchorX="0.14556962025316456" targetAnchorY="0.4594594594594595">
    <source href="assembly.xml#Initialize"/>
    <target href="assembly.xml#CallRetrieveInputFile"/>
  </connections>
  <connections type="routesTo" sourceAnchorX="1.0" sourceAnchorY="0.2283464566929134" targetAnchorX="0.03418803418803419" targetAnchorY="0.08536585365853659">
    <source href="assembly.xml#ValidateFileCount"/>
    <target href="assembly.xml#GetFile"/>
  </connections>
  <connections type="routesTo">
    <source href="assembly.xml#//@beans/@mixed.1/@mixed.13/@mixed.3"/>
    <target href="assembly.xml#NoFileMsg"/>
  </connections>
  <connections type="routesTo" sourceAnchorX="0.5818181818181818" sourceAnchorY="1.0" targetAnchorX="0.28695652173913044" targetAnchorY="0.5433070866141733">
    <source href="assembly.xml#RetrieveInputFile"/>
    <target href="assembly.xml#ValidateFileCount"/>
  </connections>
  <connections type="routesTo" sourceAnchorX="1.0" sourceAnchorY="0.7352941176470589" targetAnchorX="0.18181818181818182" targetAnchorY="0.5729166666666666">
    <source href="assembly.xml#//@beans/@mixed.1/@route.0/@subRoute.0"/>
    <target href="assembly.xml#GetCopy"/>
  </connections>
  <connections type="routesTo" sourceAnchorX="1.0" sourceAnchorY="0.25" targetAnchorX="0.15606936416184972" targetAnchorY="0.32432432432432434">
    <source href="assembly.xml#PrepGW"/>
    <target href="assembly.xml#GetWorker"/>
  </connections>
  <connections type="routesResponseTo" sourceAnchorX="0.6953125" sourceAnchorY="1.0" targetAnchorX="0.32167832167832167" targetAnchorY="0.532608695652174">
    <source href="assembly.xml#GetWorker"/>
    <target href="assembly.xml#GetData"/>
  </connections>
  <connections type="routesTo" sourceAnchorX="1.0" sourceAnchorY="0.20833333333333334" targetAnchorX="0.3162393162393162" targetAnchorY="0.29850746268656714">
    <source href="assembly.xml#GetData"/>
    <target href="assembly.xml#Route0"/>
  </connections>
  <connections type="routesTo" sourceAnchorX="0.75" sourceAnchorY="1.0" targetAnchorX="0.13986013986013987" targetAnchorY="0.34375">
    <source href="assembly.xml#//@beans/@mixed.1/@route.1/@subRoute.0"/>
    <target href="assembly.xml#OnLeaveValidate"/>
  </connections>
  <connections type="routesTo" sourceAnchorX="0.9318181818181818" sourceAnchorY="1.0" targetAnchorX="0.15723270440251572" targetAnchorY="0.19791666666666666">
    <source href="assembly.xml#//@beans/@mixed.1/@route.1/@subRoute.1"/>
    <target href="assembly.xml#NotOnLeaveValidate"/>
  </connections>
  <connections type="routesTo" sourceAnchorX="0.8175182481751825" sourceAnchorY="1.0" targetAnchorX="0.7455621301775148" targetAnchorY="0.4594594594594595">
    <source href="assembly.xml#//@beans/@mixed.1/@mixed.25/@mixed.3"/>
    <target href="assembly.xml#CallProcessAudit"/>
  </connections>
  <connections type="routesTo" sourceAnchorX="1.0" sourceAnchorY="0.21875" targetAnchorX="0.25316455696202533" targetAnchorY="0.4864864864864865">
    <source href="assembly.xml#NotOnLeaveValidate"/>
    <target href="assembly.xml#CallInsertLeave2"/>
  </connections>
  <connections type="routesTo" sourceAnchorX="1.0" sourceAnchorY="0.3125" targetAnchorX="0.2905982905982906" targetAnchorY="0.38323353293413176">
    <source href="assembly.xml#OnLeaveValidate"/>
    <target href="assembly.xml#Route"/>
  </connections>
  <connections type="routesTo" sourceAnchorX="0.6521739130434783" sourceAnchorY="1.0" targetAnchorX="0.32727272727272727" targetAnchorY="0.13513513513513514">
    <source href="assembly.xml#//@beans/@mixed.1/@route.2/@subRoute.1"/>
    <target href="assembly.xml#CallRFL"/>
  </connections>
  <connections type="routesTo" sourceAnchorX="0.6666666666666666" sourceAnchorY="1.0" targetAnchorX="0.7570621468926554" targetAnchorY="0.4864864864864865">
    <source href="assembly.xml#//@beans/@mixed.1/@mixed.31/@mixed.3"/>
    <target href="assembly.xml#CallProcessAudit2"/>
  </connections>
  <connections type="routesTo" sourceAnchorX="0.7349397590361446" sourceAnchorY="1.0" targetAnchorX="0.7853107344632768" targetAnchorY="0.4864864864864865">
    <source href="assembly.xml#//@beans/@mixed.1/@mixed.33/@mixed.3"/>
    <target href="assembly.xml#CallProcessAudit1"/>
  </connections>
  <connections type="routesTo" sourceAnchorX="1.0" sourceAnchorY="0.3125" targetAnchorX="0.1559633027522936" targetAnchorY="0.5196850393700787">
    <source href="assembly.xml#LeaveTypeValidate"/>
    <target href="assembly.xml#PrepGW"/>
  </connections>
  <connections type="routesTo" sourceAnchorX="0.7096774193548387" sourceAnchorY="1.0" targetAnchorX="0.7853107344632768" targetAnchorY="0.5135135135135135">
    <source href="assembly.xml#//@beans/@mixed.1/@mixed.55/@mixed.3"/>
    <target href="assembly.xml#CallProcessAudit0"/>
  </connections>
  <connections type="routesResponseTo" sourceAnchorX="0.7711864406779662" sourceAnchorY="1.0" targetAnchorX="0.26666666666666666" targetAnchorY="0.5675675675675675">
    <source href="assembly.xml#CallRFL0"/>
    <target href="assembly.xml#CallInsertLeave1"/>
  </connections>
  <connections type="routesTo" sourceAnchorX="0.8956521739130435" sourceAnchorY="1.0" targetAnchorX="0.23776223776223776" targetAnchorY="0.08695652173913043">
    <source href="assembly.xml#//@beans/@mixed.1/@route.2/@subRoute.0"/>
    <target href="assembly.xml#ImpliedRFL"/>
  </connections>
  <connections type="routesTo" sourceAnchorX="1.0" sourceAnchorY="0.15625" targetAnchorX="0.2033898305084746" targetAnchorY="0.6216216216216216">
    <source href="assembly.xml#ImpliedRFL"/>
    <target href="assembly.xml#CallRFL0"/>
  </connections>
  <connections type="routesTo" sourceAnchorX="0.8429752066115702" sourceAnchorY="1.0" targetAnchorX="0.5734265734265734" targetAnchorY="0.2708333333333333">
    <source href="assembly.xml#InsertRFL"/>
    <target href="assembly.xml#PrepRFLRequest"/>
  </connections>
  <connections type="routesTo" sourceAnchorX="1.0" sourceAnchorY="0.23958333333333334" targetAnchorX="0.30246913580246915" targetAnchorY="0.25668449197860965">
    <source href="assembly.xml#PrepRFLRequest"/>
    <target href="assembly.xml#ValidationMode"/>
  </connections>
  <connections type="routesTo" sourceAnchorX="1.0" sourceAnchorY="0.1497326203208556" targetAnchorX="0.3063583815028902" targetAnchorY="0.5945945945945946">
    <source href="assembly.xml#ValidationMode"/>
    <target href="assembly.xml#PutRFL"/>
  </connections>
  <connections type="routesResponseTo" sourceAnchorX="0.9197530864197531" sourceAnchorY="0.7058823529411765" targetAnchorX="0.288135593220339" targetAnchorY="0.40540540540540543">
    <source href="assembly.xml#ValidationMode"/>
    <target href="assembly.xml#CallProcessAudit3"/>
  </connections>
  <connections type="routesResponseTo" sourceAnchorX="0.9197530864197531" sourceAnchorY="0.7058823529411765" targetAnchorX="0.288135593220339" targetAnchorY="0.40540540540540543">
    <source href="assembly.xml#ValidationMode0"/>
    <target href="assembly.xml#CallProcessAudit5"/>
  </connections>
  <connections type="routesTo" sourceAnchorX="1.0" sourceAnchorY="0.1497326203208556" targetAnchorX="0.3063583815028902" targetAnchorY="0.5945945945945946">
    <source href="assembly.xml#ValidationMode0"/>
    <target href="assembly.xml#PutLeave"/>
  </connections>
  <connections type="routesTo" sourceAnchorX="1.0" sourceAnchorY="0.23958333333333334" targetAnchorX="0.30246913580246915" targetAnchorY="0.25668449197860965">
    <source href="assembly.xml#PrepLeaveRequest"/>
    <target href="assembly.xml#ValidationMode0"/>
  </connections>
  <connections type="routesTo" sourceAnchorX="1.0" sourceAnchorY="0.8918918918918919" targetAnchorX="0.45871559633027525" targetAnchorY="0.4166666666666667">
    <source href="assembly.xml#InsertLeave"/>
    <target href="assembly.xml#PrepLeaveRequest"/>
  </connections>
  <connections type="routesTo" sourceAnchorX="1.0" sourceAnchorY="0.3020833333333333" targetAnchorX="0.28735632183908044" targetAnchorY="0.2641509433962264">
    <source href="assembly.xml#ProcessAuditFile"/>
    <target href="assembly.xml#Aggregator"/>
  </connections>
  <connections type="routesTo" sourceAnchorX="0.7293233082706767" sourceAnchorY="1.0" targetAnchorX="0.6206896551724138" targetAnchorY="0.12264150943396226">
    <source href="assembly.xml#CloseAggregator"/>
    <target href="assembly.xml#Aggregator"/>
  </connections>
  <connections type="routesTo" sourceAnchorX="1.0" sourceAnchorY="0.6216216216216216" targetAnchorX="0.2391304347826087" targetAnchorY="0.5625">
    <source href="assembly.xml#ProcessAudit"/>
    <target href="assembly.xml#ProcessAuditFile"/>
  </connections>
  <connections type="routesTo" sourceAnchorX="0.8940397350993378" sourceAnchorY="1.0" targetAnchorX="0.2222222222222222" targetAnchorY="0.4791666666666667">
    <source href="assembly.xml#BuildFinalData"/>
    <target href="assembly.xml#GenerateFinalData"/>
  </connections>
  <connections type="routesTo" sourceAnchorX="1.0" sourceAnchorY="0.17708333333333334" targetAnchorX="0.24390243902439024" targetAnchorY="0.43243243243243246">
    <source href="assembly.xml#GenerateFinalData"/>
    <target href="assembly.xml#PutIntegrationMessage"/>
  </connections>
  <connections type="routesResponseTo" sourceAnchorX="0.743455497382199" sourceAnchorY="1.0" targetAnchorX="0.22784810126582278" targetAnchorY="0.5405405405405406">
    <source href="assembly.xml#CallCloseAggregator"/>
    <target href="assembly.xml#CallBuildFinalData"/>
  </connections>
  <connections type="routesTo" sourceAnchorX="0.7971014492753623" sourceAnchorY="1.0" targetAnchorX="0.19205298013245034" targetAnchorY="0.5625">
    <source href="assembly.xml#//@beans/@mixed.1/@mixed.65/@mixed.5"/>
    <target href="assembly.xml#ErrorMsg"/>
  </connections>
  <connections type="routesTo" sourceAnchorX="1.0" sourceAnchorY="0.2708333333333333" targetAnchorX="0.5649717514124294" targetAnchorY="0.3783783783783784">
    <source href="assembly.xml#ErrorMsg"/>
    <target href="assembly.xml#CallProcessAudit4"/>
  </connections>
  <connections type="routesTo" sourceAnchorX="0.5611510791366906" sourceAnchorY="1.0" targetAnchorX="0.12727272727272726" targetAnchorY="0.2708333333333333">
    <source href="assembly.xml#//@beans/@mixed.1/@mixed.79/@mixed.5"/>
    <target href="assembly.xml#ErrorMsg0"/>
  </connections>
  <connections type="routesTo" sourceAnchorX="1.0" sourceAnchorY="0.14583333333333334" targetAnchorX="0.22033898305084745" targetAnchorY="0.4864864864864865">
    <source href="assembly.xml#ErrorMsg0"/>
    <target href="assembly.xml#CallProcessAudit6"/>
  </connections>
  <connections type="routesTo" sourceAnchorX="1.0" sourceAnchorY="0.3541666666666667" targetAnchorX="0.42735042735042733" targetAnchorY="0.4292929292929293">
    <source href="assembly.xml#GetCopy"/>
    <target href="assembly.xml#SplitterFile"/>
  </connections>
  <connections type="routesTo" sourceAnchorX="0.875" sourceAnchorY="1.0" targetAnchorX="0.125" targetAnchorY="0.2604166666666667">
    <source href="assembly.xml#//@beans/@mixed.1/@splitter.0/@subRoute.0"/>
    <target href="assembly.xml#Transform_SaveData"/>
  </connections>
  <connections type="routesTo" sourceAnchorX="0.9669421487603306" sourceAnchorY="0.43243243243243246" targetAnchorX="0.06060606060606061" targetAnchorY="0.3783783783783784">
    <source href="assembly.xml#//@beans/@mixed.1/@mixed.107"/>
    <target href="assembly.xml#Note-Error"/>
  </connections>
  <connections type="routesTo" sourceAnchorX="0.6464088397790055" sourceAnchorY="1.0" targetAnchorX="0.8732394366197183" targetAnchorY="0.4594594594594595">
    <source href="assembly.xml#//@beans/@mixed.1/@mixed.27/@mixed.3"/>
    <target href="assembly.xml#PutIntegrationMessage0"/>
  </connections>
  <connections type="routesTo" sourceAnchorX="0.8993288590604027" sourceAnchorY="1.0" targetAnchorX="0.7699530516431925" targetAnchorY="0.32432432432432434">
    <source href="assembly.xml#//@beans/@mixed.1/@mixed.63/@mixed.3"/>
    <target href="assembly.xml#PutIntegrationMessage1"/>
  </connections>
  <connections type="routesTo" sourceAnchorX="0.51875" sourceAnchorY="1.0" targetAnchorX="0.5492957746478874" targetAnchorY="0.43243243243243246">
    <source href="assembly.xml#//@beans/@mixed.1/@mixed.77/@mixed.3"/>
    <target href="assembly.xml#PutIntegrationMessage2"/>
  </connections>
  <connections type="routesTo" sourceAnchorX="0.7379310344827587" sourceAnchorY="1.0" targetAnchorX="0.704225352112676" targetAnchorY="0.4594594594594595">
    <source href="assembly.xml#//@beans/@mixed.1/@mixed.87/@mixed.3"/>
    <target href="assembly.xml#PutIntegrationMessage3"/>
  </connections>
  <connections type="routesTo" sourceAnchorX="0.7747252747252747" sourceAnchorY="1.0" targetAnchorX="0.8450704225352113" targetAnchorY="0.4864864864864865">
    <source href="assembly.xml#//@beans/@mixed.1/@mixed.93/@mixed.3"/>
    <target href="assembly.xml#PutIntegrationMessage4"/>
  </connections>
  <connections type="routesTo" sourceAnchorX="0.85625" sourceAnchorY="1.0" targetAnchorX="0.5169491525423728" targetAnchorY="0.4494949494949495">
    <source href="assembly.xml#ProcessRecord"/>
    <target href="assembly.xml#SplitterFile0"/>
  </connections>
  <connections type="routesResponseTo" sourceAnchorX="0.6842105263157895" sourceAnchorY="1.0" targetAnchorX="0.2356020942408377" targetAnchorY="0.2702702702702703">
    <source href="assembly.xml#CallRetrieveInputFile"/>
    <target href="assembly.xml#CallCloseAggregator"/>
  </connections>
  <connections type="routesTo" sourceAnchorX="1.0" sourceAnchorY="0.21875" targetAnchorX="0.22162162162162163" targetAnchorY="0.40540540540540543">
    <source href="assembly.xml#Transform_SaveData"/>
    <target href="assembly.xml#CallProcessRecord"/>
  </connections>
  <connections type="routesTo" sourceAnchorX="0.8095238095238095" sourceAnchorY="1.0" targetAnchorX="0.42657342657342656" targetAnchorY="0.391304347826087">
    <source href="assembly.xml#//@beans/@mixed.1/@splitter.1/@subRoute.0"/>
    <target href="assembly.xml#AsyncMediation"/>
  </connections>
  <connections type="routesTo" sourceAnchorX="1.0" sourceAnchorY="0.1889763779527559" targetAnchorX="0.08641975308641975" targetAnchorY="0.47244094488188976">
    <source href="assembly.xml#AsyncMediation"/>
    <target href="assembly.xml#LeaveTypeValidate"/>
  </connections>
  <connections type="routesTo" sourceAnchorX="0.5367647058823529" sourceAnchorY="1.0" targetAnchorX="0.6864864864864865" targetAnchorY="0.4864864864864865">
    <source href="assembly.xml#//@beans/@mixed.1/@mixed.121/@mixed.3"/>
    <target href="assembly.xml#CallProcessAudit00"/>
  </connections>
  <connections type="routesTo" sourceAnchorX="0.5098039215686274" sourceAnchorY="1.0" targetAnchorX="0.6766917293233082" targetAnchorY="0.43243243243243246">
    <source href="assembly.xml#//@beans/@mixed.1/@mixed.15/@mixed.3"/>
    <target href="assembly.xml#NoContentMsg"/>
  </connections>
  <swimlanes x="-107" y="31" name="Main">
    <elements href="assembly.xml#StartHere"/>
    <elements href="assembly.xml#Initialize"/>
    <elements href="assembly.xml#CallRetrieveInputFile"/>
    <elements href="assembly.xml#CallCloseAggregator"/>
    <elements href="assembly.xml#CallBuildFinalData"/>
  </swimlanes>
  <swimlanes x="-107" y="221" name="Retrieve Input File">
    <elements href="assembly.xml#RetrieveInputFile"/>
    <elements href="#//@swimlanes.2"/>
    <elements href="assembly.xml#GetFile"/>
    <elements href="#//@swimlanes.23"/>
    <elements href="assembly.xml#SplitterFile"/>
    <elements href="assembly.xml#Transform_SaveData"/>
    <elements href="assembly.xml#CallProcessRecord"/>
  </swimlanes>
  <swimlanes x="231" y="431" name="Validate File Count" orientation="VERTICAL">
    <elements href="assembly.xml#ValidateFileCount"/>
    <elements href="assembly.xml#NoFileMsg"/>
  </swimlanes>
  <swimlanes x="-106" y="566" name="Process Record">
    <elements href="assembly.xml#ProcessRecord"/>
    <elements href="assembly.xml#SplitterFile0"/>
    <elements href="#//@swimlanes.22"/>
    <elements href="#//@swimlanes.4"/>
    <elements href="#//@swimlanes.5"/>
    <elements href="assembly.xml#GetWorker"/>
    <elements href="#//@swimlanes.17"/>
    <elements href="assembly.xml#Route0"/>
    <elements href="#//@swimlanes.6"/>
    <elements href="#//@swimlanes.7"/>
    <elements href="assembly.xml#CallRFL"/>
    <elements href="#//@swimlanes.8"/>
  </swimlanes>
  <swimlanes x="518" y="750" name="Validate Leave Type" orientation="VERTICAL">
    <elements href="assembly.xml#LeaveTypeValidate"/>
    <elements href="assembly.xml#CallProcessAudit0"/>
  </swimlanes>
  <swimlanes x="1041" y="737" name="Prepare Get Worker" orientation="VERTICAL">
    <elements href="assembly.xml#PrepGW"/>
    <elements href="assembly.xml#CallProcessAudit"/>
  </swimlanes>
  <swimlanes x="1060" y="502" name="Validate Leave" orientation="VERTICAL">
    <elements href="assembly.xml#OnLeaveValidate"/>
    <elements href="assembly.xml#CallProcessAudit2"/>
    <elements href="assembly.xml#NotOnLeaveValidate"/>
    <elements href="assembly.xml#CallProcessAudit1"/>
  </swimlanes>
  <swimlanes x="1715" y="646" name="New Leave vs RFL" orientation="VERTICAL">
    <elements href="assembly.xml#Route"/>
    <elements href="assembly.xml#CallInsertLeave2"/>
  </swimlanes>
  <swimlanes x="1530" y="371" name="Implied RFL">
    <elements href="assembly.xml#ImpliedRFL"/>
    <elements href="assembly.xml#CallRFL0"/>
    <elements href="assembly.xml#CallInsertLeave1"/>
  </swimlanes>
  <swimlanes x="-102" y="1148" name="Insert Return From Leave">
    <elements href="assembly.xml#InsertRFL"/>
    <elements href="#//@swimlanes.18"/>
    <elements href="#//@swimlanes.10"/>
    <elements href="assembly.xml#PutRFL"/>
    <elements href="assembly.xml#CallProcessAudit3"/>
  </swimlanes>
  <swimlanes x="9" y="1381" name="Validation" orientation="VERTICAL">
    <elements href="assembly.xml#ValidationMode"/>
    <elements href="assembly.xml#ErrorMsg"/>
    <elements href="assembly.xml#CallProcessAudit4"/>
  </swimlanes>
  <swimlanes x="892" y="1148" name="Insert Leave of Absence">
    <elements href="assembly.xml#InsertLeave"/>
    <elements href="#//@swimlanes.19"/>
    <elements href="#//@swimlanes.12"/>
    <elements href="assembly.xml#PutLeave"/>
    <elements href="assembly.xml#CallProcessAudit5"/>
  </swimlanes>
  <swimlanes x="1168" y="1490" name="Validation" orientation="VERTICAL">
    <elements href="assembly.xml#ValidationMode0"/>
    <elements href="assembly.xml#ErrorMsg0"/>
    <elements href="assembly.xml#CallProcessAudit6"/>
  </swimlanes>
  <swimlanes x="-102" y="1676" name="Process Audit File">
    <elements href="assembly.xml#ProcessAudit"/>
    <elements href="#//@swimlanes.20"/>
    <elements href="#//@swimlanes.14"/>
  </swimlanes>
  <swimlanes x="372" y="1737" name="Swimlane" orientation="VERTICAL">
    <elements href="assembly.xml#CloseAggregator"/>
    <elements href="assembly.xml#Aggregator"/>
  </swimlanes>
  <swimlanes x="-102" y="2005" name="Build Final Data">
    <elements href="assembly.xml#BuildFinalData"/>
    <elements href="#//@swimlanes.21"/>
    <elements href="assembly.xml#PutIntegrationMessage"/>
  </swimlanes>
  <swimlanes x="-102" y="2341" name="Global Error Handler">
    <elements href="assembly.xml#//@beans/@mixed.1/@mixed.107"/>
    <elements href="assembly.xml#Note-Error"/>
  </swimlanes>
  <swimlanes x="1020" y="762" name="Get Worker Data" orientation="VERTICAL">
    <elements href="assembly.xml#GetData"/>
    <elements href="assembly.xml#PutIntegrationMessage0"/>
  </swimlanes>
  <swimlanes x="17" y="1242" name="Prepare RFL Request" orientation="VERTICAL">
    <elements href="assembly.xml#PrepRFLRequest"/>
    <elements href="assembly.xml#PutIntegrationMessage1"/>
  </swimlanes>
  <swimlanes x="1042" y="1234" name="Prepare Leave Request" orientation="VERTICAL">
    <elements href="assembly.xml#PrepLeaveRequest"/>
    <elements href="assembly.xml#PutIntegrationMessage2"/>
  </swimlanes>
  <swimlanes x="40" y="1779" name="Process Audit File for Each Employee" orientation="VERTICAL">
    <elements href="assembly.xml#ProcessAuditFile"/>
    <elements href="assembly.xml#PutIntegrationMessage3"/>
  </swimlanes>
  <swimlanes x="77" y="2082" name="Generate Final Audit File" orientation="VERTICAL">
    <elements href="assembly.xml#GenerateFinalData"/>
    <elements href="assembly.xml#PutIntegrationMessage4"/>
  </swimlanes>
  <swimlanes x="241" y="694" name="Swimlane" orientation="VERTICAL">
    <elements href="assembly.xml#AsyncMediation"/>
    <elements href="assembly.xml#CallProcessAudit00"/>
  </swimlanes>
  <swimlanes x="446" y="388" name="Validate File Content" orientation="VERTICAL">
    <elements href="assembly.xml#GetCopy"/>
    <elements href="assembly.xml#NoContentMsg"/>
  </swimlanes>
</wdnm:Diagram>
