<?xml version="1.0" encoding="UTF-8"?>
<wdnm:Diagram xmlns:wdnm="http://workday.com/studio/editors/notation">
  <element href="assembly.xml#WorkdayAssembly"/>
  <visualProperties>
    <element href="assembly.xml#StartHere"/>
  </visualProperties>
  <visualProperties>
    <element href="assembly.xml#Init"/>
  </visualProperties>
  <visualProperties>
    <element href="assembly.xml#InitError"/>
  </visualProperties>
  <visualProperties>
    <element href="assembly.xml#Call_Retrieval"/>
  </visualProperties>
  <visualProperties>
    <element href="assembly.xml#AsyncMediation5"/>
  </visualProperties>
  <visualProperties>
    <element href="assembly.xml#PutIntegrationMessage"/>
  </visualProperties>
  <visualProperties>
    <element href="assembly.xml#Call_GetWorkers"/>
  </visualProperties>
  <visualProperties>
    <element href="assembly.xml#Call_UpdateFlag"/>
  </visualProperties>
  <visualProperties>
    <element href="assembly.xml#Call_CloseAuditLog"/>
  </visualProperties>
  <visualProperties>
    <element href="assembly.xml#Call_CloseErrorLog"/>
  </visualProperties>
  <visualProperties>
    <element href="assembly.xml#Retrieval"/>
  </visualProperties>
  <visualProperties>
    <element href="assembly.xml#validateFile"/>
  </visualProperties>
  <visualProperties>
    <element href="assembly.xml#noFileMsg"/>
  </visualProperties>
  <visualProperties>
    <element href="assembly.xml#retrieveFile"/>
  </visualProperties>
  <visualProperties>
    <element href="assembly.xml#fileErrorMsg"/>
  </visualProperties>
  <visualProperties>
    <element href="assembly.xml#Splitter1"/>
  </visualProperties>
  <visualProperties>
    <element href="assembly.xml#recordCount"/>
  </visualProperties>
  <visualProperties>
    <element href="assembly.xml#RecordCountErrorMsg"/>
  </visualProperties>
  <visualProperties>
    <element href="assembly.xml#GetWorkers"/>
  </visualProperties>
  <visualProperties>
    <element href="assembly.xml#FormSoapReq"/>
  </visualProperties>
  <visualProperties>
    <element href="assembly.xml#wsErrorMsg"/>
  </visualProperties>
  <visualProperties>
    <element href="assembly.xml#PagedGetWorkers"/>
  </visualProperties>
  <visualProperties>
    <element href="assembly.xml#Splitter"/>
  </visualProperties>
  <visualProperties>
    <element href="assembly.xml#AsyncMediation1"/>
  </visualProperties>
  <visualProperties>
    <element href="assembly.xml#PutIntegrationMessage0"/>
  </visualProperties>
  <visualProperties>
    <element href="assembly.xml#UpdateFlag"/>
  </visualProperties>
  <visualProperties>
    <element href="assembly.xml#AsyncMediation4"/>
  </visualProperties>
  <visualProperties>
    <element href="assembly.xml#processFileErrorMsg0"/>
  </visualProperties>
  <visualProperties>
    <element href="assembly.xml#splitRecord"/>
  </visualProperties>
  <visualProperties>
    <element href="assembly.xml#AsyncMediation"/>
  </visualProperties>
  <visualProperties>
    <element href="assembly.xml#CallErrorLogPenIndicatorNotValid"/>
  </visualProperties>
  <visualProperties>
    <element href="assembly.xml#AsyncMediation0"/>
  </visualProperties>
  <visualProperties>
    <element href="assembly.xml#CallErrorLogEmpNotInHashMap"/>
  </visualProperties>
  <visualProperties>
    <element href="assembly.xml#AsyncMediation6"/>
  </visualProperties>
  <visualProperties>
    <element href="assembly.xml#CallAuditLogNoUpdate"/>
  </visualProperties>
  <visualProperties>
    <element href="assembly.xml#CallPrepareWS"/>
  </visualProperties>
  <visualProperties>
    <element href="assembly.xml#auditLog"/>
  </visualProperties>
  <visualProperties>
    <element href="assembly.xml#writeAudit"/>
  </visualProperties>
  <visualProperties>
    <element href="assembly.xml#closeAuditAggregator"/>
  </visualProperties>
  <visualProperties>
    <element href="assembly.xml#aggregateAudit"/>
  </visualProperties>
  <visualProperties>
    <element href="assembly.xml#aggregatorErrorMsg"/>
  </visualProperties>
  <visualProperties>
    <element href="assembly.xml#finalizeAudit"/>
  </visualProperties>
  <visualProperties>
    <element href="assembly.xml#PutIntegrationMessage10"/>
  </visualProperties>
  <visualProperties>
    <element href="assembly.xml#ErrorLog"/>
  </visualProperties>
  <visualProperties>
    <element href="assembly.xml#AsyncMediation2"/>
  </visualProperties>
  <visualProperties>
    <element href="assembly.xml#closeErrorAggregator"/>
  </visualProperties>
  <visualProperties>
    <element href="assembly.xml#aggregateError"/>
  </visualProperties>
  <visualProperties>
    <element href="assembly.xml#aggregatorErrorMsg0"/>
  </visualProperties>
  <visualProperties>
    <element href="assembly.xml#finalizeErrorLog"/>
  </visualProperties>
  <visualProperties>
    <element href="assembly.xml#PutIntegrationMessage1"/>
  </visualProperties>
  <visualProperties>
    <element href="assembly.xml#//@beans/@mixed.1/@mixed.5"/>
  </visualProperties>
  <visualProperties>
    <element href="assembly.xml#Note-Error"/>
  </visualProperties>
  <visualProperties>
    <element href="assembly.xml#PutIntegrationEvent"/>
  </visualProperties>
  <visualProperties>
    <element href="assembly.xml#PrepareWS"/>
  </visualProperties>
  <visualProperties>
    <element href="assembly.xml#SoapWS"/>
  </visualProperties>
  <visualProperties>
    <element href="assembly.xml#CallErrorLogErrorSubmittingWS"/>
  </visualProperties>
  <visualProperties>
    <element href="assembly.xml#WorkdayOutSoap"/>
  </visualProperties>
  <visualProperties>
    <element href="assembly.xml#AsyncMediation50"/>
  </visualProperties>
  <visualProperties>
    <element href="assembly.xml#CallErrorLogErrorCallingAuditLine"/>
  </visualProperties>
  <visualProperties>
    <element href="assembly.xml#CallAuditWSSuccess"/>
  </visualProperties>
  <visualProperties x="1201" y="174">
    <element href="assembly.xml#closeBatch"/>
  </visualProperties>
  <visualProperties x="524" y="1566">
    <element href="assembly.xml#ValidationMode"/>
  </visualProperties>
  <visualProperties x="608" y="1626">
    <element href="assembly.xml#CallErrorLog"/>
  </visualProperties>
  <connections type="routesTo" sourceAnchorX="1.0" sourceAnchorY="0.6216216216216216" targetAnchorX="0.1917808219178082" targetAnchorY="0.25">
    <source href="assembly.xml#StartHere"/>
    <target href="assembly.xml#Init"/>
  </connections>
  <connections type="routesTo" sourceAnchorX="1.0" sourceAnchorY="0.22916666666666666" targetAnchorX="0.17687074829931973" targetAnchorY="0.5945945945945946">
    <source href="assembly.xml#Init"/>
    <target href="assembly.xml#Call_Retrieval"/>
  </connections>
  <connections type="routesTo" sourceAnchorX="0.7352941176470589" sourceAnchorY="1.0" targetAnchorX="0.5915492957746479" targetAnchorY="0.7027027027027027">
    <source href="assembly.xml#//@beans/@mixed.1/@mixed.103/@mixed.3"/>
    <target href="assembly.xml#InitError"/>
  </connections>
  <connections type="routesResponseTo" sourceAnchorX="1.0" sourceAnchorY="0.24324324324324326" targetAnchorX="0.24503311258278146" targetAnchorY="0.17391304347826086">
    <source href="assembly.xml#Call_Retrieval"/>
    <target href="assembly.xml#AsyncMediation5"/>
  </connections>
  <connections type="routesTo" sourceAnchorX="1.0" sourceAnchorY="0.17391304347826086" targetAnchorX="0.17751479289940827" targetAnchorY="0.32432432432432434">
    <source href="assembly.xml#AsyncMediation5"/>
    <target href="assembly.xml#Call_GetWorkers"/>
  </connections>
  <connections type="routesTo" sourceAnchorX="0.5763888888888888" sourceAnchorY="1.0" targetAnchorX="0.5170731707317073" targetAnchorY="0.6756756756756757">
    <source href="assembly.xml#//@beans/@mixed.1/@mixed.97/@mixed.3"/>
    <target href="assembly.xml#PutIntegrationMessage"/>
  </connections>
  <connections type="routesResponseTo" sourceAnchorX="1.0" sourceAnchorY="0.43243243243243246" targetAnchorX="0.12195121951219512" targetAnchorY="0.4594594594594595">
    <source href="assembly.xml#Call_GetWorkers"/>
    <target href="assembly.xml#Call_UpdateFlag"/>
  </connections>
  <connections type="routesResponseTo" sourceAnchorX="0.5914634146341463" sourceAnchorY="1.0" targetAnchorX="0.09565217391304348" targetAnchorY="0.14130434782608695">
    <source href="assembly.xml#Call_UpdateFlag"/>
    <target href="assembly.xml#closeBatch"/>
  </connections>
  <connections type="routesResponseTo" sourceAnchorY="1.0" targetAnchorX="0.18674698795180722" targetAnchorY="0.43243243243243246">
    <source href="assembly.xml#Call_CloseAuditLog"/>
    <target href="assembly.xml#Call_CloseErrorLog"/>
  </connections>
  <connections type="routesTo" sourceAnchorX="1.0" sourceAnchorY="0.4594594594594595" targetAnchorX="0.32167832167832167" targetAnchorY="0.17708333333333334">
    <source href="assembly.xml#Retrieval"/>
    <target href="assembly.xml#validateFile"/>
  </connections>
  <connections type="routesTo" sourceAnchorX="1.0" sourceAnchorY="0.11811023622047244" targetAnchorX="0.18548387096774194" targetAnchorY="0.09448818897637795">
    <source href="assembly.xml#validateFile"/>
    <target href="assembly.xml#retrieveFile"/>
  </connections>
  <connections type="routesTo" sourceAnchorX="0.6074766355140186" sourceAnchorY="1.0" targetAnchorX="0.5365853658536586" targetAnchorY="0.35135135135135137">
    <source href="assembly.xml#//@beans/@mixed.1/@mixed.83/@mixed.3"/>
    <target href="assembly.xml#noFileMsg"/>
  </connections>
  <connections type="routesTo" sourceAnchorX="1.0" sourceAnchorY="0.4645669291338583" targetAnchorX="0.08547008547008547" targetAnchorY="0.07926829268292683">
    <source href="assembly.xml#retrieveFile"/>
    <target href="assembly.xml#Splitter1"/>
  </connections>
  <connections type="routesTo" sourceAnchorX="0.39644970414201186" sourceAnchorY="1.0" targetAnchorX="0.46853146853146854" targetAnchorY="0.5135135135135135">
    <source href="assembly.xml#//@beans/@mixed.1/@mixed.79/@mixed.3"/>
    <target href="assembly.xml#fileErrorMsg"/>
  </connections>
  <connections type="routesTo" sourceAnchorX="1.0" sourceAnchorY="0.7058823529411765" targetAnchorX="0.11180124223602485" targetAnchorY="0.08661417322834646">
    <source href="assembly.xml#//@beans/@mixed.1/@splitter.2/@subRoute.0"/>
    <target href="assembly.xml#recordCount"/>
  </connections>
  <connections type="routesTo" sourceAnchorX="0.5333333333333333" sourceAnchorY="1.0" targetAnchorX="0.43703703703703706" targetAnchorY="0.5675675675675675">
    <source href="assembly.xml#//@beans/@mixed.1/@mixed.73/@mixed.3"/>
    <target href="assembly.xml#RecordCountErrorMsg"/>
  </connections>
  <connections type="routesTo" sourceAnchorX="1.0" sourceAnchorY="0.4594594594594595" targetAnchorX="0.1371841155234657" targetAnchorY="0.17708333333333334">
    <source href="assembly.xml#GetWorkers"/>
    <target href="assembly.xml#FormSoapReq"/>
  </connections>
  <connections type="routesTo" sourceAnchorX="0.45701357466063347" sourceAnchorY="1.0" targetAnchorX="0.3816793893129771" targetAnchorY="0.6216216216216216">
    <source href="assembly.xml#//@beans/@mixed.1/@mixed.67/@mixed.3"/>
    <target href="assembly.xml#wsErrorMsg"/>
  </connections>
  <connections type="routesTo" sourceAnchorX="1.0" sourceAnchorY="0.6470588235294118" targetAnchorX="0.10596026490066225" targetAnchorY="0.7395833333333334">
    <source href="assembly.xml#//@beans/@mixed.1/@splitter.1/@subRoute.0"/>
    <target href="assembly.xml#AsyncMediation1"/>
  </connections>
  <connections type="routesTo" sourceAnchorX="0.7938931297709924" sourceAnchorY="1.0" targetAnchorX="0.543046357615894" targetAnchorY="0.3854166666666667">
    <source href="assembly.xml#UpdateFlag"/>
    <target href="assembly.xml#AsyncMediation4"/>
  </connections>
  <connections type="routesTo" sourceAnchorX="1.0" sourceAnchorY="0.22916666666666666" targetAnchorX="0.48717948717948717" targetAnchorY="0.15853658536585366">
    <source href="assembly.xml#AsyncMediation4"/>
    <target href="assembly.xml#splitRecord"/>
  </connections>
  <connections type="routesTo" sourceAnchorX="0.5416666666666666" sourceAnchorY="1.0" targetAnchorX="0.527363184079602" targetAnchorY="0.5405405405405406">
    <source href="assembly.xml#//@beans/@mixed.1/@mixed.53/@mixed.3"/>
    <target href="assembly.xml#processFileErrorMsg0"/>
  </connections>
  <connections type="routesTo" sourceAnchorX="0.9807692307692307" sourceAnchorY="1.0" targetAnchorX="0.16783216783216784" targetAnchorY="0.7608695652173914">
    <source href="assembly.xml#//@beans/@mixed.1/@splitter.0/@subRoute.0"/>
    <target href="assembly.xml#AsyncMediation"/>
  </connections>
  <connections type="routesTo" sourceAnchorX="1.0" sourceAnchorY="0.2047244094488189" targetAnchorX="0.20118343195266272" targetAnchorY="0.11458333333333333">
    <source href="assembly.xml#AsyncMediation"/>
    <target href="assembly.xml#AsyncMediation0"/>
  </connections>
  <connections type="routesTo" sourceAnchorX="0.4632352941176471" sourceAnchorY="1.0" targetAnchorX="0.3316062176165803" targetAnchorY="0.4864864864864865">
    <source href="assembly.xml#//@beans/@mixed.1/@mixed.47/@mixed.3"/>
    <target href="assembly.xml#CallErrorLogPenIndicatorNotValid"/>
  </connections>
  <connections type="routesTo" sourceAnchorX="1.0" sourceAnchorY="0.10236220472440945" targetAnchorX="0.271523178807947" targetAnchorY="0.30434782608695654">
    <source href="assembly.xml#AsyncMediation0"/>
    <target href="assembly.xml#AsyncMediation6"/>
  </connections>
  <connections type="routesTo" sourceAnchorX="0.43209876543209874" sourceAnchorY="1.0" targetAnchorX="0.4430379746835443" targetAnchorY="0.5945945945945946">
    <source href="assembly.xml#//@beans/@mixed.1/@mixed.43/@mixed.3"/>
    <target href="assembly.xml#CallErrorLogEmpNotInHashMap"/>
  </connections>
  <connections type="routesTo" sourceAnchorX="1.0" sourceAnchorY="0.10236220472440945" targetAnchorX="0.42771084337349397" targetAnchorY="0.2972972972972973">
    <source href="assembly.xml#AsyncMediation6"/>
    <target href="assembly.xml#CallPrepareWS"/>
  </connections>
  <connections type="routesTo" sourceAnchorX="0.4722222222222222" sourceAnchorY="0.8" targetAnchorX="0.463855421686747" targetAnchorY="0.21621621621621623">
    <source href="assembly.xml#//@beans/@mixed.1/@mixed.39/@mixed.3"/>
    <target href="assembly.xml#CallAuditLogNoUpdate"/>
  </connections>
  <connections type="routesTo" sourceAnchorX="0.875" sourceAnchorY="0.4864864864864865" targetAnchorX="0.33774834437086093" targetAnchorY="0.4645669291338583">
    <source href="assembly.xml#auditLog"/>
    <target href="assembly.xml#writeAudit"/>
  </connections>
  <connections type="routesTo" sourceAnchorX="0.9512195121951219" sourceAnchorY="0.4566929133858268" targetAnchorX="0.11510791366906475" targetAnchorY="0.5188679245283019">
    <source href="assembly.xml#writeAudit"/>
    <target href="assembly.xml#aggregateAudit"/>
  </connections>
  <connections type="routesTo" sourceAnchorX="0.7931034482758621" sourceAnchorY="1.0" targetAnchorX="0.29411764705882354" targetAnchorY="0.4864864864864865">
    <source href="assembly.xml#//@beans/@mixed.1/@mixed.31/@mixed.3"/>
    <target href="assembly.xml#aggregatorErrorMsg"/>
  </connections>
  <connections type="routesTo" sourceAnchorX="0.4233128834355828" sourceAnchorY="1.0" targetAnchorX="0.4244604316546763" targetAnchorY="0.33962264150943394">
    <source href="assembly.xml#closeAuditAggregator"/>
    <target href="assembly.xml#aggregateAudit"/>
  </connections>
  <connections type="routesTo" sourceAnchorX="0.9568345323741008" sourceAnchorY="0.5283018867924528" targetAnchorX="0.11764705882352941" targetAnchorY="0.4645669291338583">
    <source href="assembly.xml#aggregateAudit"/>
    <target href="assembly.xml#finalizeAudit"/>
  </connections>
  <connections type="routesTo" sourceAnchorX="0.45535714285714285" sourceAnchorY="0.6666666666666666" targetAnchorX="0.7219251336898396" targetAnchorY="0.5945945945945946">
    <source href="assembly.xml#//@beans/@mixed.1/@mixed.23/@mixed.3"/>
    <target href="assembly.xml#aggregatorErrorMsg"/>
  </connections>
  <connections type="routesTo" sourceAnchorX="1.0" sourceAnchorY="0.1968503937007874" targetAnchorX="0.4343891402714932" targetAnchorY="0.4594594594594595">
    <source href="assembly.xml#finalizeAudit"/>
    <target href="assembly.xml#PutIntegrationMessage10"/>
  </connections>
  <connections type="routesTo" sourceAnchorX="0.8872180451127819" sourceAnchorY="1.0" targetAnchorX="0.2980132450331126" targetAnchorY="0.2826086956521739">
    <source href="assembly.xml#ErrorLog"/>
    <target href="assembly.xml#AsyncMediation2"/>
  </connections>
  <connections type="routesTo" sourceAnchorX="1.0" sourceAnchorY="0.3020833333333333" targetAnchorX="0.10884353741496598" targetAnchorY="0.2830188679245283">
    <source href="assembly.xml#AsyncMediation2"/>
    <target href="assembly.xml#aggregateError"/>
  </connections>
  <connections type="routesTo" sourceAnchorX="0.8125" sourceAnchorY="1.0" targetAnchorX="0.17435897435897435" targetAnchorY="0.4864864864864865">
    <source href="assembly.xml#//@beans/@mixed.1/@mixed.17/@mixed.3"/>
    <target href="assembly.xml#aggregatorErrorMsg0"/>
  </connections>
  <connections type="routesTo" sourceAnchorX="0.6632653061224489" sourceAnchorY="1.0" targetAnchorX="0.7006802721088435" targetAnchorY="0.2358490566037736">
    <source href="assembly.xml#closeErrorAggregator"/>
    <target href="assembly.xml#aggregateError"/>
  </connections>
  <connections type="routesTo" sourceAnchorX="1.0" sourceAnchorY="0.2830188679245283" targetAnchorX="0.11023622047244094" targetAnchorY="0.4566929133858268">
    <source href="assembly.xml#aggregateError"/>
    <target href="assembly.xml#finalizeErrorLog"/>
  </connections>
  <connections type="routesTo" sourceAnchorX="0.5333333333333333" sourceAnchorY="1.0" targetAnchorX="0.7743589743589744" targetAnchorY="0.16216216216216217">
    <source href="assembly.xml#//@beans/@mixed.1/@mixed.9/@mixed.3"/>
    <target href="assembly.xml#aggregatorErrorMsg0"/>
  </connections>
  <connections type="routesTo" sourceAnchorX="1.0" sourceAnchorY="0.2047244094488189" targetAnchorX="0.24882629107981222" targetAnchorY="0.3783783783783784">
    <source href="assembly.xml#finalizeErrorLog"/>
    <target href="assembly.xml#PutIntegrationMessage1"/>
  </connections>
  <connections type="routesTo" sourceAnchorX="0.9669421487603306" sourceAnchorY="0.43243243243243246" targetAnchorX="0.06060606060606061" targetAnchorY="0.3783783783783784">
    <source href="assembly.xml#//@beans/@mixed.1/@mixed.5"/>
    <target href="assembly.xml#Note-Error"/>
  </connections>
  <connections type="routesResponseTo" sourceAnchorX="0.84" sourceAnchorY="1.0" targetAnchorX="0.1092896174863388" targetAnchorY="0.5135135135135135">
    <source href="assembly.xml#Note-Error"/>
    <target href="assembly.xml#PutIntegrationEvent"/>
  </connections>
  <connections type="routesTo" sourceAnchorX="0.9022556390977443" sourceAnchorY="1.0" targetAnchorX="0.2857142857142857" targetAnchorY="0.07086614173228346">
    <source href="assembly.xml#PrepareWS"/>
    <target href="assembly.xml#SoapWS"/>
  </connections>
  <connections type="routesTo" sourceAnchorX="1.0" sourceAnchorY="0.2125984251968504" targetAnchorX="0.08609271523178808" targetAnchorY="0.23958333333333334">
    <source href="assembly.xml#SoapWS"/>
    <target href="assembly.xml#ValidationMode"/>
  </connections>
  <connections type="routesTo" sourceAnchorX="0.5517241379310345" sourceAnchorY="1.0" targetAnchorX="0.5126582278481012" targetAnchorY="0.6486486486486487">
    <source href="assembly.xml#//@beans/@mixed.1/@mixed.117/@mixed.3"/>
    <target href="assembly.xml#CallErrorLogErrorSubmittingWS"/>
  </connections>
  <connections type="routesResponseTo" sourceAnchorX="0.7341040462427746" sourceAnchorY="1.0" targetAnchorX="0.18543046357615894" targetAnchorY="0.14173228346456693">
    <source href="assembly.xml#WorkdayOutSoap"/>
    <target href="assembly.xml#AsyncMediation50"/>
  </connections>
  <connections type="routesTo" sourceAnchorX="1.0" sourceAnchorY="0.23622047244094488" targetAnchorX="0.18274111675126903" targetAnchorY="0.32432432432432434">
    <source href="assembly.xml#AsyncMediation50"/>
    <target href="assembly.xml#CallAuditWSSuccess"/>
  </connections>
  <connections type="routesTo" sourceAnchorX="0.4513888888888889" sourceAnchorY="1.0" targetAnchorX="0.4397590361445783" targetAnchorY="0.5945945945945946">
    <source href="assembly.xml#//@beans/@mixed.1/@mixed.111/@mixed.3"/>
    <target href="assembly.xml#CallErrorLogErrorCallingAuditLine"/>
  </connections>
  <connections type="routesTo" sourceAnchorX="1.0" sourceAnchorY="0.2717391304347826" targetAnchorX="0.3719512195121951" targetAnchorY="0.5135135135135135">
    <source href="assembly.xml#closeBatch"/>
    <target href="assembly.xml#Call_CloseAuditLog"/>
  </connections>
  <connections type="routesTo" sourceAnchorX="1.0" sourceAnchorY="0.1968503937007874" targetAnchorX="0.24719101123595505" targetAnchorY="0.5405405405405406">
    <source href="assembly.xml#FormSoapReq"/>
    <target href="assembly.xml#PagedGetWorkers"/>
  </connections>
  <connections type="routesResponseTo" sourceAnchorX="1.0" sourceAnchorY="0.40540540540540543" targetAnchorX="0.47863247863247865" targetAnchorY="0.10975609756097561">
    <source href="assembly.xml#PagedGetWorkers"/>
    <target href="assembly.xml#Splitter"/>
  </connections>
  <connections type="routesTo" sourceAnchorX="0.6944444444444444" sourceAnchorY="1.0" targetAnchorX="0.6244131455399061" targetAnchorY="0.7567567567567568">
    <source href="assembly.xml#//@beans/@mixed.1/@mixed.59/@mixed.3"/>
    <target href="assembly.xml#PutIntegrationMessage0"/>
  </connections>
  <connections type="routesTo" sourceAnchorX="1.0" sourceAnchorY="0.3020833333333333" targetAnchorX="0.2658959537572254" targetAnchorY="0.40540540540540543">
    <source href="assembly.xml#ValidationMode"/>
    <target href="assembly.xml#WorkdayOutSoap"/>
  </connections>
  <connections type="routesTo" sourceAnchorX="0.5877862595419847" sourceAnchorY="1.0" targetAnchorX="0.46835443037974683" targetAnchorY="0.43243243243243246">
    <source href="assembly.xml#//@beans/@mixed.1/@mixed.123/@mixed.3"/>
    <target href="assembly.xml#CallErrorLog"/>
  </connections>
  <swimlanes bgColor="8421440" name="Swimlane" orientation="VERTICAL" alignment="MIDDLE">
    <elements href="assembly.xml#Init"/>
    <elements href="assembly.xml#InitError"/>
  </swimlanes>
  <swimlanes bgColor="8421440" name="Swimlane" orientation="VERTICAL" alignment="MIDDLE">
    <elements href="assembly.xml#AsyncMediation5"/>
    <elements href="assembly.xml#PutIntegrationMessage"/>
  </swimlanes>
  <swimlanes bgColor="8421440" name="Main Assembly">
    <elements href="assembly.xml#StartHere"/>
    <elements href="#//@swimlanes.0"/>
    <elements href="assembly.xml#Call_Retrieval"/>
    <elements href="#//@swimlanes.1"/>
    <elements href="assembly.xml#Call_GetWorkers"/>
    <elements href="assembly.xml#Call_UpdateFlag"/>
    <elements href="assembly.xml#closeBatch"/>
    <elements href="assembly.xml#Call_CloseAuditLog"/>
    <elements href="assembly.xml#Call_CloseErrorLog"/>
  </swimlanes>
  <swimlanes bgColor="8421440" name="Swimlane" orientation="VERTICAL" alignment="MIDDLE">
    <elements href="assembly.xml#validateFile"/>
    <elements href="assembly.xml#noFileMsg"/>
  </swimlanes>
  <swimlanes bgColor="8421440" name="Swimlane" orientation="VERTICAL" alignment="MIDDLE">
    <elements href="assembly.xml#retrieveFile"/>
    <elements href="assembly.xml#fileErrorMsg"/>
  </swimlanes>
  <swimlanes bgColor="8421440" name="Swimlane" orientation="VERTICAL" alignment="MIDDLE">
    <elements href="assembly.xml#recordCount"/>
    <elements href="assembly.xml#RecordCountErrorMsg"/>
  </swimlanes>
  <swimlanes bgColor="8421440" name="Retrieval Subprocess">
    <elements href="assembly.xml#Retrieval"/>
    <elements href="#//@swimlanes.3"/>
    <elements href="#//@swimlanes.4"/>
    <elements href="assembly.xml#Splitter1"/>
    <elements href="#//@swimlanes.5"/>
  </swimlanes>
  <swimlanes bgColor="8421440" name="Write Get Workers" orientation="VERTICAL" alignment="MIDDLE">
    <elements href="assembly.xml#FormSoapReq"/>
    <elements href="assembly.xml#wsErrorMsg"/>
  </swimlanes>
  <swimlanes bgColor="8421440" name="Swimlane" orientation="VERTICAL" alignment="MIDDLE">
    <elements href="assembly.xml#AsyncMediation1"/>
    <elements href="assembly.xml#PutIntegrationMessage0"/>
  </swimlanes>
  <swimlanes bgColor="8421440" name="Get Workers Subprocess">
    <elements href="assembly.xml#GetWorkers"/>
    <elements href="#//@swimlanes.7"/>
    <elements href="assembly.xml#PagedGetWorkers"/>
    <elements href="assembly.xml#Splitter"/>
    <elements href="#//@swimlanes.8"/>
  </swimlanes>
  <swimlanes bgColor="8421440" name="Swimlane" orientation="VERTICAL" alignment="MIDDLE">
    <elements href="assembly.xml#AsyncMediation4"/>
    <elements href="assembly.xml#processFileErrorMsg0"/>
  </swimlanes>
  <swimlanes bgColor="8421440" name="Swimlane" orientation="VERTICAL" alignment="MIDDLE">
    <elements href="assembly.xml#AsyncMediation"/>
    <elements href="assembly.xml#CallErrorLogPenIndicatorNotValid"/>
  </swimlanes>
  <swimlanes bgColor="8421440" name="Swimlane" orientation="VERTICAL" alignment="MIDDLE">
    <elements href="assembly.xml#AsyncMediation0"/>
    <elements href="assembly.xml#CallErrorLogEmpNotInHashMap"/>
  </swimlanes>
  <swimlanes bgColor="8421440" name="Swimlane" orientation="VERTICAL" alignment="MIDDLE">
    <elements href="assembly.xml#AsyncMediation6"/>
    <elements href="assembly.xml#CallAuditLogNoUpdate"/>
  </swimlanes>
  <swimlanes bgColor="8421440" name="Update Pension Flag Subprocess">
    <elements href="assembly.xml#UpdateFlag"/>
    <elements href="#//@swimlanes.10"/>
    <elements href="assembly.xml#splitRecord"/>
    <elements href="#//@swimlanes.11"/>
    <elements href="#//@swimlanes.12"/>
    <elements href="#//@swimlanes.13"/>
    <elements href="assembly.xml#CallPrepareWS"/>
  </swimlanes>
  <swimlanes bgColor="8421440" name="Swimlane" orientation="VERTICAL" alignment="MIDDLE">
    <elements href="assembly.xml#closeAuditAggregator"/>
    <elements href="assembly.xml#aggregateAudit"/>
    <elements href="assembly.xml#aggregatorErrorMsg"/>
  </swimlanes>
  <swimlanes bgColor="8421440" name="Create audit log" labelAlignment="LEFT">
    <elements href="assembly.xml#auditLog"/>
    <elements href="assembly.xml#writeAudit"/>
    <elements href="#//@swimlanes.15"/>
    <elements href="assembly.xml#finalizeAudit"/>
    <elements href="assembly.xml#PutIntegrationMessage10"/>
  </swimlanes>
  <swimlanes bgColor="8421440" name="Swimlane" orientation="VERTICAL" alignment="MIDDLE">
    <elements href="assembly.xml#closeErrorAggregator"/>
    <elements href="assembly.xml#aggregateError"/>
    <elements href="assembly.xml#aggregatorErrorMsg0"/>
  </swimlanes>
  <swimlanes bgColor="8421440" name="Swimlane">
    <elements href="assembly.xml#ErrorLog"/>
    <elements href="assembly.xml#AsyncMediation2"/>
    <elements href="#//@swimlanes.17"/>
    <elements href="assembly.xml#finalizeErrorLog"/>
    <elements href="assembly.xml#PutIntegrationMessage1"/>
  </swimlanes>
  <swimlanes bgColor="8421440" fgColor="255" name="Global Error Handler" topBorderColor="255">
    <elements href="assembly.xml#//@beans/@mixed.1/@mixed.5"/>
    <elements href="assembly.xml#Note-Error"/>
    <elements href="assembly.xml#PutIntegrationEvent"/>
  </swimlanes>
  <swimlanes x="23" y="19" bgColor="12632256" name="Swimlane" orientation="VERTICAL" elements="//@swimlanes.2 //@swimlanes.6 //@swimlanes.9 //@swimlanes.14 //@swimlanes.23 //@swimlanes.16 //@swimlanes.18 //@swimlanes.19"/>
  <swimlanes bgColor="8421440" name="Swimlane" orientation="VERTICAL" alignment="MIDDLE">
    <elements href="assembly.xml#SoapWS"/>
    <elements href="assembly.xml#CallErrorLogErrorSubmittingWS"/>
  </swimlanes>
  <swimlanes bgColor="8421440" name="Swimlane" orientation="VERTICAL" alignment="MIDDLE">
    <elements href="assembly.xml#AsyncMediation50"/>
    <elements href="assembly.xml#CallErrorLogErrorCallingAuditLine"/>
  </swimlanes>
  <swimlanes x="2062" y="2600" bgColor="8421440" name="Prepare WS">
    <elements href="assembly.xml#PrepareWS"/>
    <elements href="#//@swimlanes.21"/>
    <elements href="#//@swimlanes.24"/>
    <elements href="assembly.xml#WorkdayOutSoap"/>
    <elements href="#//@swimlanes.22"/>
    <elements href="assembly.xml#CallAuditWSSuccess"/>
  </swimlanes>
  <swimlanes x="532" y="1552" bgColor="8421440" name="Swimlane" orientation="VERTICAL">
    <elements href="assembly.xml#ValidationMode"/>
    <elements href="assembly.xml#CallErrorLog"/>
  </swimlanes>
</wdnm:Diagram>
