<?xml version="1.0" encoding="UTF-8"?>
<beans
     xmlns="http://www.springframework.org/schema/beans"
     xmlns:beans="http://www.springframework.org/schema/beans"
     xmlns:atom="http://www.w3.org/2005/Atom"
     xmlns:cc="http://www.capeclear.com/assembly/10"
     xmlns:cloud="urn:com.workday/esb/cloud/10.0"
     xmlns:env="http://schemas.xmlsoap.org/soap/envelope/"
     xmlns:pi="urn:com.workday/picof"
     xmlns:wd="urn:com.workday/bsvc"
     xmlns:xsi="http://www.w3.org/2001/XMLSchema-instance">
 
	<cc:assembly id="WorkdayAssembly" version="2023.37">
        <cc:send-error id="global-error-handler" rethrow-error="false" routes-to="Note-Error"/>
        <cc:local-out id="Note-Error" endpoint="vm://wcc/PutIntegrationMessage">
            <cc:set name="is.message.severity" value="'CRITICAL'"/>
            <cc:set name="is.message.summary" value="context.errorMessage"/>
        </cc:local-out>
        <cc:workday-in id="StartHere" routes-to="Call-Init">
            <cc:integration-system name="INT5405 EY GMS and S2S US Payment File Inbound">
        <cloud:param name="Validation Mode">
          <cloud:type>
            <cloud:simple-type>boolean</cloud:simple-type>
          </cloud:type>
          <cloud:default>
            <cloud:boolean>true</cloud:boolean>
          </cloud:default>
        </cloud:param>
        <cloud:attribute-map-service name="INT5405-Generic">
          <cloud:attribute name="Document Retention">
            <cloud:type>
              <cloud:simple-type>number</cloud:simple-type>
            </cloud:type>
            <cloud:display-option>required-for-launch</cloud:display-option>
          </cloud:attribute>
          <cloud:attribute name="Debug Mode">
            <cloud:type>
              <cloud:simple-type>boolean</cloud:simple-type>
            </cloud:type>
            <cloud:display-option>required-for-launch</cloud:display-option>
          </cloud:attribute>
          <cloud:attribute name="Import Batch Size">
            <cloud:type>
              <cloud:simple-type>number</cloud:simple-type>
            </cloud:type>
            <cloud:display-option>required-for-launch</cloud:display-option>
          </cloud:attribute>
          <cloud:attribute name="Web Service Version">
            <cloud:type>
              <cloud:class-report-field description="Web Service API Version" type="WID" singular="true">f54cce640b3410001ae50f791f2000cd</cloud:class-report-field>
            </cloud:type>
            <cloud:display-option>required-for-launch</cloud:display-option>
          </cloud:attribute>
          <cloud:attribute name="Off Cycle Type">
            <cloud:type>
              <cloud:class-report-field description="Payroll Off-cycle Type" type="WID" singular="true">1905bc11d49e10000a5df1c6f3730215</cloud:class-report-field>
            </cloud:type>
            <cloud:display-option>required-for-launch</cloud:display-option>
          </cloud:attribute>
          <cloud:attribute name="Payroll Action Reason">
            <cloud:type>
              <cloud:class-report-field description="Payroll Action Reason" type="WID" singular="true">28b08fe55b2049178dfda7bce4232f27</cloud:class-report-field>
            </cloud:type>
            <cloud:display-option>required-for-launch</cloud:display-option>
          </cloud:attribute>
          <cloud:attribute name="Earnings">
            <cloud:type>
              <cloud:class-report-field description="Earnings (All)" type="WID" singular="false">b86f709c091342f1bfde93c787ccbf68</cloud:class-report-field>
            </cloud:type>
            <cloud:display-option>required-for-launch</cloud:display-option>
          </cloud:attribute>
          <cloud:attribute name="Run Category">
            <cloud:type>
              <cloud:class-report-field description="Run Category" type="WID" singular="true">59a4ef31411d41c48ca70a3c30c7bcaf</cloud:class-report-field>
            </cloud:type>
            <cloud:display-option>required-for-launch</cloud:display-option>
          </cloud:attribute>
          <cloud:attribute name="Default Priority Number">
            <cloud:type>
              <cloud:simple-type>number</cloud:simple-type>
            </cloud:type>
            <cloud:display-option>required-for-launch</cloud:display-option>
          </cloud:attribute>
          <cloud:attribute name="Offcycle Bank Account">
            <cloud:type>
              <cloud:class-report-field description="Bank Account" type="WID" singular="true">96d8feca8530455ab63c1e50abf3b33a</cloud:class-report-field>
            </cloud:type>
            <cloud:display-option>required-for-launch</cloud:display-option>
          </cloud:attribute>
          <cloud:map name="Payroll Tax Authority Code">
            <cloud:internal-type>
              <cloud:simple-type>text</cloud:simple-type>
            </cloud:internal-type>
            <cloud:external-type>
              <cloud:simple-type>text</cloud:simple-type>
            </cloud:external-type>
          </cloud:map>
        </cloud:attribute-map-service>
        <cloud:report-service name="INT5405-Reports">
          <cloud:report-alias description="INT5405 Extract Employee Job Details" name="INT5405_Emp_Report">
            <cloud:report-reference description="INT5405 Extract Employee Job Details" type="WID">196431a988621000c823d82f9c7a0000</cloud:report-reference>
          </cloud:report-alias>
        </cloud:report-service>
      </cc:integration-system>
        </cc:workday-in>
        <cc:local-out id="Call-Init" store-message="none" routes-response-to="Call-GetInputFile" endpoint="vm://INT5405_EY_GMS_and_S2S_US_Payment_File_Inbound/Init"/>
        <cc:local-in id="Init" routes-to="Init.Props"/>
        <cc:async-mediation id="Init.Props" routes-to="PIM-Validation" handle-downstream-errors="true">
            <cc:steps>
                <cc:eval id="Init">
                    <cc:expression>props['close.imp.responses.agg'] = false</cc:expression>
                    <cc:expression>props['batch.num'] = 0</cc:expression>
                    <cc:expression>props['pErrorsCount'] = 0;</cc:expression>
                    <cc:expression>props['current.dateTime'] = java.time.LocalDateTime.now();&#xD;
props['dateformat'] = java.time.format.DateTimeFormatter.ofPattern(&quot;yyyy-MM-dd.HH.mm.ss&quot;);&#xD;
props['pFormattedCurrentDate'] =  props['dateformat'].format(props['current.dateTime']);</cc:expression>
                    <cc:expression>props['pBatchID'] = 'INT5405_EY_' # props['pFormattedCurrentDate'];</cc:expression>
                </cc:eval>
                <cc:eval id="LP">
                    <cc:expression>props['lp.validation.mode'] = (boolean)lp.getSimpleData('Validation Mode');</cc:expression>
                    <cc:expression>props['source.name'] = intsys.getName();</cc:expression>
                </cc:eval>
                <cc:eval id="IA">
                    <cc:expression>props['ia.doc.ret'] = intsys.getAttribute('Document Retention');</cc:expression>
                    <cc:expression>props['ia.web.version'] = intsys.getAttribute('Web Service Version');</cc:expression>
                    <cc:expression>props['ia.debug.mode'] = (Boolean)intsys.getAttribute('Debug Mode');</cc:expression>
                    <cc:expression>props['ia.batch.size'] = intsys.getAttribute('Import Batch Size');</cc:expression>
                    <cc:expression>props['pRunCategory'] = intsys.getAttributeReferenceData('Run Category','Run_Category_ID');</cc:expression>
                    <cc:expression>props['pPayrollActionReason'] = intsys.getAttributeReferenceData('Payroll Action Reason','Action_Reason_ID');</cc:expression>
                    <cc:expression>props['pOffCycleType'] = intsys.getAttributeReferenceData('Off Cycle Type','Payroll_Off-cycle_Type_ID');</cc:expression>
                    <cc:expression>props['pDefaultPriorityNum'] = intsys.getAttribute('Default Priority Number');</cc:expression>
                    <cc:expression>props['pEarningCodes'] = intsys.getAttributeReferenceDataList('Earnings', 'Earning_Code');&#xD;
props['pEarningCodes'] = util.listToCommaDelimString(props['pEarningCodes']);</cc:expression>
                    <cc:expression>//props['pDeductionCodes'] = intsys.getAttributeReferenceDataList('Deductions', 'Deduction_Code');</cc:expression>
                    <cc:expression>//props['pDeductionCodes'] = util.listToCommaDelimString(props['pDeductionCodes']);</cc:expression>
                    <cc:expression>props['Bankaccount'] = intsys.getAttributeReferenceData('Offcycle Bank Account', 'Bank_Account_ID')</cc:expression>
                </cc:eval>
                <cc:xslt-plus id="XsltPlus" output="variable" output-variable="vAttMapsDataXML" url="INT5405_Extract_Attributes_Mappings_v1.xsl"/>
                <cc:log id="Log">
                    <cc:log-message>
                        <cc:line-separator/>
                        <cc:line-separator/>
                        <cc:text>-------------------- Integration Launch Parameters and Attributes -----------------&#xD;
props['lp.validation.mode']         = @{props['lp.validation.mode']}&#xD;
props['source.name']                = @{props['source.name']}&#xD;
props['ia.doc.ret']                 = @{props['ia.doc.ret']}&#xD;
props['ia.web.version']             = @{props['ia.web.version']}&#xD;
props['ia.debug.mode']              = @{props['ia.debug.mode']}&#xD;
props['ia.batch.size']              = @{props['ia.batch.size']}&#xD;
props['pRunCategory']               = @{props['pRunCategory']}&#xD;
props['pPayrollActionReason']       = @{props['pPayrollActionReason']}&#xD;
props['pOffCycleType']              = @{props['pOffCycleType']}&#xD;
props['pDefaultPriorityNum']        = @{props['pDefaultPriorityNum']}&#xD;
props['pEarningCodes']              = @{props['pEarningCodes']}&#xD;
props['pDeductionCodes']            = @{props['pDeductionCodes']}&#xD;
&#xD;
</cc:text>
                        <cc:line-separator/>
                    </cc:log-message>
                </cc:log>
            </cc:steps>
            <cc:send-error id="SendError" rethrow-error="true" routes-to="PIM-InitErrors"/>
        </cc:async-mediation>
        <cc:local-out id="PIM-Validation" execute-when="props['lp.validation.mode']" endpoint="vm://wcc/PutIntegrationMessage">
            <cc:set name="is.message.severity" value="'WARNING'"/>
            <cc:set name="is.message.summary" value="'Program launched in Validation mode, Payroll Inputs will not be loaded, only validated!'"/>
        </cc:local-out>
        <cc:local-out id="PIM-InitErrors" endpoint="vm://wcc/PutIntegrationMessage">
            <cc:set name="is.message.severity" value="'ERROR'"/>
            <cc:set name="is.message.summary" value="'Error occurred at - '#context.errorComponentId#'. Error Message : '#util.cleanString(context.errorMessage)"/>
            <cc:set name="is.message.detail" value="context.errorMessage"/>
        </cc:local-out>
        <cc:local-out id="Call-GetInputFile" routes-response-to="Call-CloseInputAggr" endpoint="vm://INT5405_EY_GMS_and_S2S_US_Payment_File_Inbound/GetInputFile"/>
        <cc:local-in id="GetInputFile" routes-to="HandleGetDocErrors"/>
        <cc:async-mediation id="HandleGetDocErrors" routes-to="GetEventDocuments">
            <cc:steps>
                <cc:eval id="Eval">
                    <cc:expression>vars['wd.retrieve.variable'] = null;</cc:expression>
                    <cc:expression>props['close.input.stacker'] = false;</cc:expression></cc:eval>
            </cc:steps>
            <cc:send-error id="SendError" routes-to="PIM-GetFileErrors"/>
        </cc:async-mediation>
        <cc:local-out id="PIM-GetFileErrors" endpoint="vm://wcc/PutIntegrationMessage">
            <cc:set name="is.message.severity" value="'ERROR'"/>
            <cc:set name="is.message.summary" value="'Error occurred at - '#context.errorComponentId#'. Error Message : '#util.cleanString(context.errorMessage)"/>
            <cc:set name="is.message.detail" value="context.errorMessage"/>
        </cc:local-out>
        <cc:local-out id="GetEventDocuments" routes-response-to="Check.Files.Count" endpoint="vm://wcc/GetEventDocuments">
            <cc:set name="ie.event.wid" value="lp.isSet() ? lp.getIntegrationEventWID() : null"/>
        </cc:local-out>
        <cc:async-mediation id="Check.Files.Count" routes-to="DocIterator">
            <cc:steps>
                <cc:eval id="Eval">
                    <cc:expression>props['pAbortInt'] = false;</cc:expression>
                    <cc:expression>props['pNumberOfFiles'] = da.size('INT5405_Input_File');</cc:expression>
                    <cc:expression>props['pFileNum'] = 0;</cc:expression></cc:eval>
                <cc:validate-exp id="ValidateExp">
                    <cc:expression failure-message="No files available for processing hence aborting.">props['pNumberOfFiles'] > 0</cc:expression>
                </cc:validate-exp>
            </cc:steps>
            <cc:send-error id="SendError" routes-to="PIM-Fail-formorefiles"/>
        </cc:async-mediation>
        <cc:local-out id="PIM-Fail-formorefiles" routes-response-to="Abort.Int" endpoint="vm://wcc/PutIntegrationMessage">
            <cc:set name="is.message.severity" value="'WARNING'"/>
            <cc:set name="is.message.summary" value="'Error occurred at - '#context.errorComponentId#'. Error Message : '#util.cleanString(context.errorMessage)"/>
            <cc:set name="is.message.detail" value="context.errorMessage"/>
        </cc:local-out>
        <cc:async-mediation id="Abort.Int">
            <cc:steps>
                <cc:eval id="Eval">
                    <cc:expression>context.setAbort(true);</cc:expression>
                </cc:eval>
            </cc:steps>
        </cc:async-mediation>
        <cc:route id="DocIterator">
            <cc:doc-iterator labels="INT5405_Input_File" variable-name="wd.retrieve.variable"/>
            <cc:sub-route name="SubRoute" routes-to="Validate.Input.File"/>
        </cc:route>
        <cc:async-mediation id="Validate.Input.File" routes-to="AggregateInputData" handle-downstream-errors="true">
            <cc:steps>
                <cc:validate-exp id="ValidateExp">
                    <cc:expression failure-message="No file was retrieved">vars['wd.retrieve.variable'] != null</cc:expression>
                </cc:validate-exp>
                <cc:copy id="Copy" output="message" output-mimetype="text/plain" input="variable" input-variable="wd.retrieve.variable" stream-xpath="true"/>
                <cc:eval id="Eval">
                    <cc:expression>props['pFileNum'] = props['pFileNum'] + 1;</cc:expression>
                    <cc:expression>props['pFileName'] = '';</cc:expression>
                    <cc:expression>props['pFileName'] = vars['wd.retrieve.variable'].fileName;</cc:expression>
                </cc:eval>
                <cc:csv-to-xml id="CsvToXml" format="rfc4180" rootName="Root" rowName="Row" separator="|" useFirstLineAsHeader="true"/>
                <cc:xslt-plus id="XsltPlus" url="INT5405_Transform_InputFile_Data_v1.xsl"/>
            </cc:steps>
            <cc:send-error id="SendError" routes-to="PIM-FileValidationErrors"/>
        </cc:async-mediation>
        <cc:local-out id="PIM-FileValidationErrors" endpoint="vm://wcc/PutIntegrationMessage">
            <cc:set name="is.message.severity" value="'ERROR'"/>
            <cc:set name="is.message.summary" value="'Error occurred at - '#context.errorComponentId#'. Error Message : '#util.cleanString(context.errorMessage)"/>
            <cc:set name="is.message.detail" value="context.errorMessage"/>
        </cc:local-out>
        <cc:local-in id="CloseInputAggr" routes-to="AggregateInputData"/>
        <cc:aggregator id="AggregateInputData" routes-to="Store.Input.Files.Data" collate-when="!props['close.input.stacker']" force-batch-on-last-message="false" force-batch-when="props['close.input.stacker']">
            <cc:size-batch-strategy batch-size="-1"/>
            <cc:xml-message-content-collater output="message">
        <cc:header-text>&lt;InputData></cc:header-text>
        <cc:footer-text>&lt;/InputData></cc:footer-text>
      </cc:xml-message-content-collater>
        </cc:aggregator>
        <cc:async-mediation id="Store.Input.Files.Data">
            <cc:steps>
                <cc:xslt-plus id="XsltPlus" url="INT5405_Combine_InputFiles_Data_v1.xsl"/>
                <cc:store execute-when="props['ia.debug.mode']" id="Store" output="variable" output-variable="vInputDataXMLStore" input="message" expiresIn="P@{props['ia.doc.ret']}D" title="INT5405_Input_Files_Data.xml"/>
                <cc:copy id="Copy" output="variable" output-variable="vInputDataXML" input="message"/>
                <cc:eval id="Eval">
                    <cc:expression>props['pTotalInputRowCount'] = 0;</cc:expression>
                    <cc:expression>props['pTotalInputRowCount'] = parts[0].xpath('count(/InputData/DataRow)');</cc:expression>
                </cc:eval>
                <cc:validate-exp id="ValidateExp">
                    <cc:expression failure-message="Input file(s) does not have data rows for processing hence aborting.">props['pTotalInputRowCount'] > 0</cc:expression>
                </cc:validate-exp>
            </cc:steps>
            <cc:send-error id="SendError" routes-to="PIM-InputFilesStoreError"/>
        </cc:async-mediation>
        <cc:local-out id="PIM-InputFilesStoreError" routes-response-to="Abort.Integration" endpoint="vm://wcc/PutIntegrationMessage">
            <cc:set name="is.message.severity" value="'INFO'"/>
            <cc:set name="is.message.summary" value="'Error occurred at - '#context.errorComponentId#'. Error Message : '#util.cleanString(context.errorMessage)"/>
            <cc:set name="is.message.detail" value="context.errorMessage"/>
        </cc:local-out>
        <cc:async-mediation id="Abort.Integration">
            <cc:steps>
                <cc:eval id="Eval">
                    <cc:expression>context.setAbort(true);</cc:expression>
                </cc:eval>
            </cc:steps>
        </cc:async-mediation>
        <cc:local-out id="Call-CloseInputAggr" routes-response-to="Call-GetEmpData" endpoint="vm://INT5405_EY_GMS_and_S2S_US_Payment_File_Inbound/CloseInputAggr">
            <cc:set name="SetStatus" value="props['close.input.stacker'] = true"/>
        </cc:local-out>
        <cc:local-in id="GetEmpData" routes-to="Prepare.GetWorker"/>
        <cc:async-mediation id="Get.Worker.Data" routes-to="EmpData" handle-downstream-errors="true">
            <cc:steps>
                <cc:xslt-plus id="WorkerData" output="message" url="INT5405_Transform_GetWorker_Data_v1.xsl"/>
                <cc:xslt-plus id="XsltPlus" url="INT5405_Extract_Employee_IDs_v2.xsl"/>
                <cc:eval id="Eval">
                    <cc:expression>props['pEmployeeIDs'] = parts[0].xpath('/Root/EmployeeIDs');</cc:expression>
                    <cc:expression>props['pExtraPath'] = intsys.reportService.getExtrapath('INT5405_Emp_Report');</cc:expression>
                    <cc:expression>props['pExtraPath'] = props['pExtraPath'] # props['pEmployeeIDs'];</cc:expression>
                </cc:eval>
            </cc:steps>
            <cc:send-error id="SendError" routes-to="PIM-RptExecErrors"/>
        </cc:async-mediation>
        <cc:local-out id="PIM-RptExecErrors" endpoint="vm://wcc/PutIntegrationMessage">
            <cc:set name="is.message.severity" value="'ERROR'"/>
            <cc:set name="is.message.summary" value="'Error occurred at - '#context.errorComponentId#'. Error Message : '#util.cleanString(context.errorMessage)"/>
            <cc:set name="is.message.detail" value="context.errorMessage"/>
        </cc:local-out>
        <cc:workday-out-rest id="EmpData" routes-response-to="CustomRpt.Output.Worker" extra-path="@{props['pExtraPath']}"/>
        <cc:async-mediation id="CustomRpt.Output.Worker">
            <cc:steps>
                <cc:xslt-plus id="XsltPlus" output="variable" output-variable="vEmployeeDataXML" url="INT5405_Transform_Employee_Data_v1.xsl"/>
                <cc:store execute-when="props['ia.debug.mode']" id="Store" output="variable" output-variable="vEmployeeDataXMLStore" input="variable" input-variable="vEmployeeDataXML" expiresIn="P@{props['ia.doc.ret']}D" title="INT5405_Workday_Employee_Data.xml"/>
            </cc:steps>
            <cc:send-error id="SendError" routes-to="PIM-RptTransformErrors"/>
        </cc:async-mediation>
        <cc:local-out id="PIM-RptTransformErrors" endpoint="vm://wcc/PutIntegrationMessage">
            <cc:set name="is.message.severity" value="'ERROR'"/>
            <cc:set name="is.message.summary" value="'Error occurred at - '#context.errorComponentId#'. Error Message : '#util.cleanString(context.errorMessage)"/>
            <cc:set name="is.message.detail" value="context.errorMessage"/>
        </cc:local-out>
        <cc:local-out id="Call-GetEmpData" routes-response-to="Call-GetPmntPriority" endpoint="vm://INT5405_EY_GMS_and_S2S_US_Payment_File_Inbound/GetEmpData"/>
        <cc:local-in id="GetPmntPriority" routes-to="Prepare.Pmnt.Priority.Req"/>
        <cc:async-mediation id="Prepare.Pmnt.Priority.Req" routes-to="PYPagedGet" continue-after-error="rewind" handle-downstream-errors="true">
            <cc:steps>
                <cc:xslt id="FormatPmntReq" input="variable" input-variable="vEmployeeDataXML" url="INT5405_Get_Payroll_OffCycle_Payments_v1.xsl"/>
                <cc:wrap-soap id="WrapSoap"/>
            </cc:steps>
            <cc:send-error id="SendError" rethrow-error="false" routes-to="PIM-PmntReqErrors1"/>
        </cc:async-mediation>
        <cc:local-out id="PIM-PmntReqErrors1" endpoint="vm://wcc/PutIntegrationMessage">
            <cc:set name="is.message.severity" value="'ERROR'"/>
            <cc:set name="is.message.summary" value="'Error occurred at - '#context.errorComponentId#'. Error Message : '#util.cleanString(context.errorMessage)"/>
            <cc:set name="is.message.detail" value="context.errorMessage"/>
        </cc:local-out>
        <cc:local-out id="PYPagedGet" routes-response-to="InitialPaymentPriority" endpoint="vm://wcc/PagedGet">
            <cc:set name="is.paged.get.request.current.page.xpath" value="'/env:Envelope/env:Body/*/wd:Response_Filter/wd:Page'"/>
            <cc:set name="is.paged.get.response.current.page.xpath" value="'/env:Envelope/env:Body/*/wd:Response_Results/wd:Page'"/>
            <cc:set name="is.paged.get.response.total.pages.xpath" value="'/env:Envelope/env:Body/*/wd:Response_Results/wd:Total_Pages'"/>
            <cc:set name="is.paged.get.response.total.results.xpath" value="'/env:Envelope/env:Body/*/wd:Response_Results/wd:Total_Results'"/>
            <cc:set name="is.paged.get.application" value="'Payroll'"/>
            <cc:set name="is.paged.get.version" value="props['ia.web.version']"/>
            <cc:set name="is.paged.get.page.zero" value="false"/>
            <cc:set name="is.paged.get.store.requests" value="true"/>
            <cc:set name="is.paged.get.aggregate.header" value="'&lt;wd:Response xmlns:wd=&quot;urn:com.workday/bsvc&quot;>'"/>
            <cc:set name="is.paged.get.aggregate.footer" value="'&lt;/wd:Response>'"/>
            <cc:set name="is.paged.get.aggregate.xpath" value="'/env:Envelope/env:Body/wd:Get_Payroll_Off-cycle_Payments_Response/wd:Response_Data/wd:Payroll_Off-cycle_Result_Override'"/>
        </cc:local-out>
        <cc:async-mediation id="InitialPaymentPriority">
            <cc:steps>
                <cc:xslt id="ExtractPmntPriority" output="variable" output-variable="vPymntPriorityDataXML" url="INT5405_Get_Existing_Priority_Number_v1.xsl"/>
                <cc:store execute-when="props['ia.debug.mode']" id="Store" output="variable" output-variable="vPymntPriorityDataXMLStore" input="variable" input-variable="vPymntPriorityDataXML" expiresIn="P@{props['ia.doc.ret']}D" title="INT5405_Off-Cycle_Payment_Priority_Data.xml"/>
            </cc:steps>
            <cc:send-error id="SendError" routes-to="PIM-PmntReqErrors2"/>
        </cc:async-mediation>
        <cc:local-out id="PIM-PmntReqErrors2" endpoint="vm://wcc/PutIntegrationMessage">
            <cc:set name="is.message.severity" value="'ERROR'"/>
            <cc:set name="is.message.summary" value="'Error occurred at - '#context.errorComponentId#'. Error Message : '#util.cleanString(context.errorMessage)"/>
            <cc:set name="is.message.detail" value="context.errorMessage"/>
        </cc:local-out>
        <cc:local-in id="AggData" routes-to="Agg.Data"/>
        <cc:async-mediation id="Agg.Data" routes-to="Stacker.Route" handle-downstream-errors="true">
            <cc:steps>
                <cc:eval id="Eval">
                    <cc:expression>props['close.stacker'] = false;</cc:expression>
                </cc:eval>
            </cc:steps>
            <cc:send-error id="SendError" routes-to="PIM-AggDataErrors"/>
        </cc:async-mediation>
        <cc:local-out id="PIM-AggDataErrors" endpoint="vm://wcc/PutIntegrationMessage">
            <cc:set name="is.message.severity" value="'ERROR'"/>
            <cc:set name="is.message.summary" value="'Error occurred at - '#context.errorComponentId#'. Error Message : '#util.cleanString(context.errorMessage)"/>
            <cc:set name="is.message.detail" value="context.errorMessage"/>
        </cc:local-out>
        <cc:route id="Stacker.Route">
            <cc:all-strategy/>
            <cc:sub-route name="InputData" routes-to="Input.Data"/>
            <cc:sub-route name="EmployeeData" routes-to="Employee.Data"/>
            <cc:sub-route name="PymntPriority" routes-to="Pymnt.Priority"/>
            <cc:sub-route name="MapsData" routes-to="Maps.Data"/>
        </cc:route>
        <cc:async-mediation id="Input.Data" routes-to="FileInputsAggregator">
            <cc:steps>
                <cc:copy id="VarToMsg" input="variable" input-variable="vInputDataXML"/>
            </cc:steps>
        </cc:async-mediation>
        <cc:async-mediation id="Employee.Data" routes-to="FileInputsAggregator">
            <cc:steps>
                <cc:copy id="VarToMsg" input="variable" input-variable="vEmployeeDataXML"/>
            </cc:steps>
        </cc:async-mediation>
        <cc:async-mediation id="Pymnt.Priority" routes-to="FileInputsAggregator">
            <cc:steps>
                <cc:copy id="VarToMsg" input="variable" input-variable="vPymntPriorityDataXML"/>
            </cc:steps>
        </cc:async-mediation>
        <cc:aggregator id="FileInputsAggregator" routes-to="Prepare.Master.Data" collate-when="true" force-batch-on-last-message="false" force-batch-when="props['close.stacker']">
            <cc:size-batch-strategy batch-size="-1"/>
            <cc:xml-message-content-collater output="variable" output-variable="vAggregatedDataXML">
        <cc:header-text>&lt;MasterRoot></cc:header-text>
        <cc:footer-text>&lt;/MasterRoot></cc:footer-text>
      </cc:xml-message-content-collater>
        </cc:aggregator>
        <cc:async-mediation id="Prepare.Master.Data" routes-to="PIM-StoreMasterData" handle-downstream-errors="true">
            <cc:steps>
                <cc:store id="Store1" output="variable" output-variable="vAggregatedDataXMLStore" input="variable" input-variable="vAggregatedDataXML" createDocumentReference="true" expiresIn="P@{props['ia.doc.ret']}D" title="INT5405_Aggreagated_Data.xml"/>
                <cc:copy id="Copy" input="variable" input-variable="vAggregatedDataXML"/>
                <cc:xslt-plus id="MasterPrep" output="variable" output-variable="vMasterDataXML" input="message" url="INT5405_Prepare_MasterData_v2.xsl"/>
                <cc:store id="Store2" output="variable" output-variable="vMasterDataXMLStore" input="variable" input-variable="vMasterDataXML" createDocumentReference="true" expiresIn="P@{props['ia.doc.ret']}D" title="INT5405_Master_Data.xml"/>
            </cc:steps>
            <cc:send-error id="SendError" rethrow-error="true" routes-to="PIM-PrepareMasterErrors"/>
        </cc:async-mediation>
        <cc:local-out id="PIM-PrepareMasterErrors" endpoint="vm://wcc/PutIntegrationMessage">
            <cc:set name="is.message.severity" value="'ERROR'"/>
            <cc:set name="is.message.summary" value="'Error occurred at - '#context.errorComponentId#'. Error Message : '#util.cleanString(context.errorMessage)"/>
            <cc:set name="is.message.detail" value="context.errorMessage"/>
        </cc:local-out>
        <cc:local-out id="PIM-StoreMasterData" endpoint="vm://wcc/PutIntegrationMessage">
            <cc:set name="is.message.severity" value="'INFO'"/>
            <cc:set name="is.message.summary" value="'Master Data File Stored Successfully.'"/>
            <cc:set name="is.document.variable.name" value="&quot;vMasterDataXMLStore&quot;"/>
            <cc:set name="is.document.file.name" value="&quot;INT5405_Master_Data.xml&quot;"/>
            <cc:set name="is.document.labels" value="&quot;INT5405_Master_Data&quot;"/>
        </cc:local-out>
        <cc:async-mediation id="Maps.Data" routes-to="FileInputsAggregator">
            <cc:steps>
                <cc:eval id="Eval">
                    <cc:expression>props['close.stacker'] = true;</cc:expression>
                </cc:eval>
                <cc:copy id="VarToMsg" input="variable" input-variable="vAttMapsDataXML"/>
            </cc:steps>
        </cc:async-mediation>
        <cc:local-out id="Call-GetPmntPriority" routes-response-to="Call-AggData" endpoint="vm://INT5405_EY_GMS_and_S2S_US_Payment_File_Inbound/GetPmntPriority"/>
        <cc:local-out id="Call-AggData" routes-response-to="Call-ProcessData" endpoint="vm://INT5405_EY_GMS_and_S2S_US_Payment_File_Inbound/AggData"/>
        <cc:local-in id="ProcessData" routes-to="Prepare.Import.Request.Data"/>
        <cc:async-mediation id="Prepare.Import.Request.Data" routes-to="ImportWS" handle-downstream-errors="true">
            <cc:steps>
                <cc:eval id="Eval">
                    <cc:expression>props['close.imp.responses.agg'] = false;</cc:expression>
                </cc:eval>
                <cc:xslt-plus id="XsltPlus" input="variable" input-variable="vMasterDataXML" url="INT5405_Separate_Valid_Data_Rows_v1.xsl"/>
                <cc:xslt-plus id="CreateImportWS" output="message" input="message" url="INT5405_Create_Import_WS_v2.xsl"/>
                <cc:copy id="Copy" output="variable" output-variable="current.batch.xml"/>
                <cc:store execute-when="props['ia.debug.mode']" id="Store" output="variable" output-variable="vBatchDataOriginalXML" input="variable" input-variable="current.batch.xml" expiresIn="P@{props['ia.doc.ret']}D" title="@{props['pBatchID']}.xml"/>
                <cc:wrap-soap id="WrapSoap" output="message" input="message"/>
                <cc:set-headers execute-when="props['lp.validation.mode']" id="ValidationOn">
                    <cc:remove-headers/>
                    <cc:add-headers>
                        <cc:add-header name="X-Validate-Only" value="1"/>
                    </cc:add-headers>
                </cc:set-headers>
            </cc:steps>
            <cc:send-error id="SendError" routes-to="PIM-WSRequestErrors"/>
        </cc:async-mediation>
        <cc:workday-out-soap id="ImportWS" routes-response-to="ImportProcDetails" application="Payroll" version="@{props['ia.web.version']}"/>
        <cc:async-mediation id="ImportProcDetails" routes-to="ImportAggregator" handle-downstream-errors="true">
            <cc:steps>
                <cc:set-headers id="ValidationOff">
                    <cc:remove-headers>
                        <cc:remove-header name="X-Validate-Only"/>
                    </cc:remove-headers>
                    <cc:add-headers>
                        
                    </cc:add-headers>
                </cc:set-headers>
                <cc:eval id="Eval">
                    <cc:expression>props['Response.WID'] = parts[0].xpath(&quot;/env:Envelope/env:Body/wd:Put_Import_Process_Response/wd:Import_Process_Reference/wd:ID&quot;)</cc:expression></cc:eval>
                <cc:xslt-plus id="XsltPlus" input="variable" input-variable="current.batch.xml" url="INT5405_WSRequest_Response_WID_v1.xsl"/>
            </cc:steps>
            <cc:send-error id="SendError" rethrow-error="false" routes-to="PIM-WSResponseErrors"/>
        </cc:async-mediation>
        <cc:local-out id="PIM-WSResponseErrors" endpoint="vm://wcc/PutIntegrationMessage">
            <cc:set name="is.message.severity" value="'ERROR'"/>
            <cc:set name="is.message.summary" value="'Error occurred at - '#context.errorComponentId#'. Error Message : '#util.cleanString(context.errorMessage)"/>
            <cc:set name="is.message.detail" value="context.errorMessage"/>
        </cc:local-out>
        <cc:local-in id="CloseImportAgg" routes-to="ImportAggregator"/>
        <cc:aggregator id="ImportAggregator" routes-to="StoreImportData" collate-when="!props['close.imp.responses.agg']" force-batch-on-last-message="false" force-batch-when="props['close.imp.responses.agg']">
            <cc:size-batch-strategy batch-size="-1"/>
            <cc:xml-message-content-collater>
        <cc:header-text>&lt;Root></cc:header-text>
        <cc:footer-text>&lt;/Root></cc:footer-text>
      </cc:xml-message-content-collater>
        </cc:aggregator>
        <cc:async-mediation id="StoreImportData" routes-to="ImportDetailsPosted">
            <cc:steps>
                <cc:zip id="Zip"/>
                <cc:store id="Store" output="variable" output-variable="vBatchDetails" expiresIn="P@{props['ia.doc.ret']}D" title="INT5405_Batch_Details.zip"/>
            </cc:steps>
            <cc:send-error id="SendError" rethrow-error="true" routes-to="PIM-BatchStoreErrors"/>
        </cc:async-mediation>
        <cc:local-out id="PIM-BatchStoreErrors" endpoint="vm://wcc/PutIntegrationMessage">
            <cc:set name="is.message.severity" value="'ERROR'"/>
            <cc:set name="is.message.summary" value="'Error occurred at - '#context.errorComponentId#'. Error Message : '#util.cleanString(context.errorMessage)"/>
            <cc:set name="is.message.detail" value="context.errorMessage"/>
        </cc:local-out>
        <cc:local-out id="PIM-WSRequestErrors" endpoint="vm://wcc/PutIntegrationMessage">
            <cc:set name="is.message.severity" value="'ERROR'"/>
            <cc:set name="is.message.summary" value="'Error occurred at - '#context.errorComponentId#'. Error Message : '#util.cleanString(context.errorMessage)"/>
            <cc:set name="is.message.detail" value="context.errorMessage"/>
        </cc:local-out>
        <cc:local-out id="ImportDetailsPosted" endpoint="vm://wcc/PutIntegrationMessage">
            <cc:set name="is.message.severity" value="'INFO'"/>
            <cc:set name="is.message.summary" value="'Import Processes information stored for further processing.'"/>
            <cc:set name="is.document.variable.name" value="&quot;vBatchDetails&quot;"/>
            <cc:set name="is.document.file.name" value="&quot;INT5405_Batch_Details.zip&quot;"/>
            <cc:set name="is.document.labels" value="&quot;INT5405_Batch_Details&quot;"/>
        </cc:local-out>
        <cc:local-out id="Call-ProcessData" routes-response-to="Call-CloseImportAgg" endpoint="vm://INT5405_EY_GMS_and_S2S_US_Payment_File_Inbound/ProcessData"/>
        <cc:local-out id="Call-CloseImportAgg" endpoint="vm://INT5405_EY_GMS_and_S2S_US_Payment_File_Inbound/CloseImportAgg"><cc:set name="SetStatus" value="props['close.imp.responses.agg'] = true"/></cc:local-out>
        <cc:async-mediation id="Prepare.GetWorker" routes-to="PagedGetWorkers" handle-downstream-errors="true">
            <cc:steps>
                <cc:copy id="Copy" input="variable" input-variable="vInputDataXML"/>
                <cc:xslt-plus id="GetWorkerWS" input="message" url="INT5405_Create_GetWorker_Request_v1.xsl"/>
                <cc:wrap-soap id="WrapSoap"/>
                <cc:log id="Log">
                    <cc:log-message>
                        <cc:line-separator/>
                        <cc:text>----- Get Worker Request -----</cc:text>
                        <cc:line-separator/>
                    </cc:log-message>
                </cc:log>
            </cc:steps>
            <cc:send-error id="SendError" routes-to="AsyncMediation"/>
        </cc:async-mediation>
        <cc:async-mediation id="AsyncMediation">
            <cc:steps>
                <cc:write id="Write" output="variable" output-variable="vEmployeeDataXML">
                    <cc:message>
                        <cc:text>&lt;EmployeesData>&lt;/EmployeesData></cc:text>
                    </cc:message>
                </cc:write>
                <cc:validate-exp id="ValidateExp">
                    <cc:expression failure-message="The input file workers not found in the tenant.">parts[0].xpathB('/Workers/Worker')</cc:expression>
                </cc:validate-exp>
            </cc:steps>
            <cc:send-error id="SendError" routes-to="PIM-GetWorkerErrors"/>
        </cc:async-mediation>
        <cc:local-out id="PIM-GetWorkerErrors" endpoint="vm://wcc/PutIntegrationMessage">
            <cc:set name="is.message.severity" value="'ERROR'"/>
            <cc:set name="is.message.summary" value="'Error occurred at - '#context.errorComponentId#'. Error Message : '#util.cleanString(context.errorMessage)"/>
            <cc:set name="is.message.detail" value="context.errorMessage"/>
        </cc:local-out>
        <cc:local-out id="PagedGetWorkers" routes-response-to="Get.Worker.Data" endpoint="vm://wcc/PagedGet">
            <cc:set name="is.paged.get.request.current.page.xpath" value="'/env:Envelope/env:Body/*/wd:Response_Filter/wd:Page'"/>
            <cc:set name="is.paged.get.response.current.page.xpath" value="'/env:Envelope/env:Body/*/wd:Response_Results/wd:Page'"/>
            <cc:set name="is.paged.get.response.total.pages.xpath" value="'/env:Envelope/env:Body/*/wd:Response_Results/wd:Total_Pages'"/>
            <cc:set name="is.paged.get.response.total.results.xpath" value="'/env:Envelope/env:Body/*/wd:Response_Results/wd:Total_Results'"/>
            <cc:set name="is.paged.get.aggregate.xpath" value="'/env:Envelope/env:Body/wd:Get_Workers_Response/wd:Response_Data/wd:Worker'"/>
            <cc:set name="is.paged.get.aggregate.header" value="'&lt;Workers>'"/>
            <cc:set name="is.paged.get.aggregate.footer" value="'&lt;/Workers>'"/>
            <cc:set name="is.paged.get.application" value="'Human_Resources'"/>
            <cc:set name="is.paged.get.version" value="props['ia.web.version']"/>
            <cc:set name="is.paged.get.page.zero" value="false"/>
            <cc:set name="is.paged.get.store.requests" value="true"/>
            <cc:set name="is.paged.get.parallel" value="true"/>
        </cc:local-out>
        <cc:workday-in id="INT5405-Audit" routes-to="Call-DocRetrivel">
            <cc:integration-system name="INT5405 EY GMS and S2S US Payment File Inbound - Audit">
        <cloud:param name="Parent Event WID">
          <cloud:type>
            <cloud:simple-type>text</cloud:simple-type>
          </cloud:type>
        </cloud:param>
        <cloud:attribute-map-service name="INT5405-Audit Generic">
          <cloud:attribute name="Document Retention">
            <cloud:type>
              <cloud:simple-type>number</cloud:simple-type>
            </cloud:type>
            <cloud:display-option>required-for-launch</cloud:display-option>
          </cloud:attribute>
          <cloud:attribute name="Web Service Version">
            <cloud:type>
              <cloud:class-report-field description="Web Service API Version" type="WID" singular="true">f54cce640b3410001ae50f791f2000cd</cloud:class-report-field>
            </cloud:type>
            <cloud:display-option>required-for-launch</cloud:display-option>
          </cloud:attribute>
          <cloud:attribute name="Debug Mode">
            <cloud:type>
              <cloud:simple-type>boolean</cloud:simple-type>
            </cloud:type>
          </cloud:attribute>
        </cloud:attribute-map-service>
      </cc:integration-system>
        </cc:workday-in>
        <cc:local-out id="Call-DocRetrivel" store-message="none" routes-response-to="Call-CloseAggAudit" endpoint="vm://INT5405_EY_GMS_and_S2S_US_Payment_File_Inbound/DocRetrivel"/>
        <cc:local-out id="Call-CloseAggAudit" endpoint="vm://INT5405_EY_GMS_and_S2S_US_Payment_File_Inbound/CloseAggAudit">
            <cc:set name="pAggAuditData" value="false"/>
        </cc:local-out>
        <cc:local-in id="DocRetrivel" routes-to="Init.Params"/>
        <cc:async-mediation id="Init.Params" routes-to="GetParentDocs" handle-downstream-errors="true">
            <cc:steps>
                <cc:eval id="Eval">
                    <cc:expression>props['ia.web.version'] = intsys.getAttribute('Web Service Version');</cc:expression>
                    <cc:expression>props['ia.doc.ret'] = intsys.getAttribute('Document Retention');</cc:expression>
                    <cc:expression>props['ia.debug.mode'] = (Boolean)intsys.getAttribute('Debug Mode');</cc:expression>
                    <cc:expression>props['current.dateTime'] = java.time.LocalDateTime.now();</cc:expression>
                    <cc:expression>props['dateformat'] = java.time.format.DateTimeFormatter.ofPattern(&quot;yyyyMMdd_HHmmss&quot;);</cc:expression>
                    <cc:expression>props['pCurrentDateTime'] =  props['dateformat'].format(props['current.dateTime']);</cc:expression>
                    <cc:expression>props['pAggAuditData'] = true;</cc:expression>
                </cc:eval>
            </cc:steps>
            <cc:send-error id="SendError" routes-to="PIM-Init"/>
        </cc:async-mediation>
        <cc:local-out id="PIM-Init" endpoint="vm://wcc/PutIntegrationMessage">
            <cc:set name="is.message.severity" value="'ERROR'"/>
            <cc:set name="is.message.summary" value="'Error occurred at - '#context.errorComponentId#'. Error Message : '#util.cleanString(context.errorMessage)"/>
            <cc:set name="is.message.detail" value="context.errorMessage"/>
        </cc:local-out>
        <cc:local-out id="GetParentDocs" routes-response-to="ProcessDocs" endpoint="vm://wcc/GetEventDocuments">
            <cc:set name="ie.event.wid" value="lp.exists('Parent Event WID') ? lp.getSimpleData('Parent Event WID') : lp.getIntegrationEventWID()"/>
        </cc:local-out>
        <cc:route id="ProcessDocs">
            <cc:all-strategy/>
            <cc:sub-route name="MasterData" routes-to="Extract.Custom.Errors.From.Master.Data"/>
            <cc:sub-route name="ImportDocs" routes-to="Extract.Import.Batch.Files"/>
        </cc:route>
        <cc:async-mediation id="Extract.Custom.Errors.From.Master.Data" routes-to="Call-AggAuditData3">
            <cc:steps>
                <cc:eval id="GetBatchFile">
                    <cc:expression>if (da.size() > 0 ) {da.toVar('INT5405_Master_Data.xml', 'wd.retrieve.variable')};</cc:expression>
                </cc:eval>
                <cc:copy id="Copy" input="variable" input-variable="wd.retrieve.variable"/>
                <cc:eval id="Eval">
                    <cc:expression>props['vMasterDataExists'] = parts[0].xpathB('/MasterRoot/InputFileData/OffCycleRequest');</cc:expression>
                </cc:eval>
                <cc:validate-exp id="ValidateExp">
                    <cc:expression failure-message="No valid data found in the input file.">props['vMasterDataExists']</cc:expression>
                </cc:validate-exp>
                <cc:xslt-plus id="XsltPlus" url="INT5405_Extract_Error_Records_v1.xsl"/>
                <cc:xslt-plus id="XsltPlus0" url="INT5405_Transform_Custom_Errors_For_Audit_v1.xsl"/>
            </cc:steps>
            <cc:send-error id="SendError" routes-to="PIM-Extract-Custom-Errors-From-Master-Data"/>
        </cc:async-mediation>
        <cc:local-out id="PIM-Extract-Custom-Errors-From-Master-Data" endpoint="vm://wcc/PutIntegrationMessage">
            <cc:set name="is.message.severity" value="'INFO'"/>
            <cc:set name="is.message.summary" value="'Error occurred at - '#context.errorComponentId#'. Error Message : '#util.cleanString(context.errorMessage)"/>
            <cc:set name="is.message.detail" value="context.errorMessage"/>
        </cc:local-out>
        <cc:async-mediation id="Extract.Import.Batch.Files" routes-to="Call-ProcessAudit">
            <cc:steps>
                <cc:eval id="GetBatchFile">
                    <cc:expression>if (da.size() > 0 ) {da.toVar('INT5405_Batch_Details.zip', 'wd.retrieve.variable')};</cc:expression>
                </cc:eval>
                <cc:unzip id="Unzip" input="variable" input-variable="wd.retrieve.variable"/>
                <cc:eval id="Eval">
                    <cc:expression>props['BatchExists'] = parts[0].xpathB('/Root/ImportPI/ImportBatch/Import_Process_Reference');</cc:expression>
                </cc:eval>
                <cc:validate-exp id="ValidateExp">
                    <cc:expression failure-message="No valid batch data found in the file.">props['BatchExists']</cc:expression>
                </cc:validate-exp>
            </cc:steps>
            <cc:send-error id="SendError" routes-to="PIM-Extract-Import-Batch-Files-Errors"/>
        </cc:async-mediation>
        <cc:local-out id="PIM-Extract-Import-Batch-Files-Errors" endpoint="vm://wcc/PutIntegrationMessage">
            <cc:set name="is.message.severity" value="'INFO'"/>
            <cc:set name="is.message.summary" value="'Error occurred at - '#context.errorComponentId#'. Error Message : '#util.cleanString(context.errorMessage)"/>
            <cc:set name="is.message.detail" value="context.errorMessage"/>
        </cc:local-out>
        <cc:local-out id="Call-AggAuditData3" endpoint="vm://INT5405_EY_GMS_and_S2S_US_Payment_File_Inbound/AggAuditData"/>
        <cc:local-out id="Call-ProcessAudit" endpoint="vm://INT5405_EY_GMS_and_S2S_US_Payment_File_Inbound/ProcessAudit"/>
        <cc:local-in id="ProcessAudit" routes-to="Validate.Import.WID"/>
        <cc:async-mediation id="Validate.Import.WID" routes-to="SplittBatach" handle-downstream-errors="true">
            <cc:steps>
                <cc:validate-exp id="ValidateExp">
                    <cc:expression failure-message="No Valid Batch details available to process ">parts[0].xpathB('/Root/ImportPI/ImportBatch')</cc:expression>
                </cc:validate-exp>
            </cc:steps>
            <cc:send-error id="SendError" routes-to="PIM-Val-Err"/>
        </cc:async-mediation>
        <cc:local-out id="PIM-Val-Err" endpoint="vm://wcc/PutIntegrationMessage">
            <cc:set name="is.message.severity" value="'ERROR'"/>
            <cc:set name="is.message.summary" value="'Error occurred at - '#context.errorComponentId#'. Error Message : '#util.cleanString(context.errorMessage)"/>
            <cc:set name="is.message.detail" value="context.errorMessage"/>
        </cc:local-out>
        <cc:splitter id="SplittBatach">
            <cc:sub-route name="SubRoute" routes-to="Build.Import.Process.Message"/>
            <cc:xml-stream-splitter xpath="/Root/ImportPI"/>
        </cc:splitter>
        <cc:async-mediation id="Build.Import.Process.Message" routes-to="GetImportProcess" handle-downstream-errors="true">
            <cc:steps>
                <cc:copy id="Copy" output="variable" output-variable="vCurrentBatchDetails"/>
                <cc:validate-exp id="ValidateExp">
                    <cc:expression failure-message="Not Valid input Record">parts[0].xpathB('/ImportPI/ImportBatch/Import_Process_Reference')</cc:expression>
                </cc:validate-exp>
                <cc:eval id="Eval">
                    <cc:expression>props['pBatchWID'] = parts[0].xpath('/ImportPI/ImportBatch/Import_Process_Reference');</cc:expression>
                </cc:eval>
                <cc:xslt-plus id="XsltPlus" url="INT5405_Get_Import_Process_Messages_Request_v1.xsl"/>
            </cc:steps>
            <cc:send-error id="SendError" routes-to="Audit.Errors"/>
        </cc:async-mediation>
        <cc:async-mediation id="Audit.Errors" routes-to="Call-AggAuditData2">
            <cc:steps>
                <cc:xslt-plus id="XsltPlus" url="INT5405_Import_Batch_Process_Errors_For_Audit_v1.xsl"/>
            </cc:steps>
            <cc:send-error id="SendError" routes-to="PIM-Build-Import-Error"/>
        </cc:async-mediation>
        <cc:local-out id="Call-AggAuditData2" endpoint="vm://INT5405_EY_GMS_and_S2S_US_Payment_File_Inbound/AggAuditData"/>
        <cc:local-out id="PIM-Build-Import-Error" endpoint="vm://wcc/PutIntegrationMessage">
            <cc:set name="is.message.severity" value="'ERROR'"/>
            <cc:set name="is.message.summary" value="'Error occurred at - '#context.errorComponentId#'. Error Message : '#util.cleanString(context.errorMessage)"/>
            <cc:set name="is.message.detail" value="context.errorMessage"/>
        </cc:local-out>
        <cc:local-out id="GetImportProcess" routes-response-to="Transform.Import.Message.Response" endpoint="vm://wcc/PagedGet">
            <cc:set name="is.paged.get.request.current.page.xpath" value="'/env:Envelope/env:Body/*/wd:Response_Filter/wd:Page'"/>
            <cc:set name="is.paged.get.response.current.page.xpath" value="'/env:Envelope/env:Body/*/wd:Response_Results/wd:Page'"/>
            <cc:set name="is.paged.get.response.total.pages.xpath" value="'/env:Envelope/env:Body/*/wd:Response_Results/wd:Total_Pages'"/>
            <cc:set name="is.paged.get.response.total.results.xpath" value="'/env:Envelope/env:Body/*/wd:Response_Results/wd:Total_Results'"/>
            <cc:set name="is.paged.get.aggregate.xpath" value="'/env:Envelope/env:Body/wd:Get_Import_Process_Messages_Response/wd:Response_Data/wd:Import_Process_Message'"/>
            <cc:set name="is.paged.get.aggregate.header" value="'&lt;MessageDetails>'"/>
            <cc:set name="is.paged.get.aggregate.footer" value="'&lt;/MessageDetails>'"/>
            <cc:set name="is.paged.get.application" value="'Integrations'"/>
            <cc:set name="is.paged.get.version" value="props['ia.web.version']"/>
            <cc:set name="is.paged.get.parallel" value="true"/>
        </cc:local-out>
        <cc:async-mediation id="Transform.Import.Message.Response" routes-to="Call-AggAuditData1">
            <cc:steps>
                <cc:copy id="Copy" output="message" input="variable" input-variable="vCurrentBatchDetails" append-to-output-element="true" output-xpath="/MessageDetails"/>
                <cc:copy id="Copy0" output="variable" output-variable="vMessagesAggData"/>
                <cc:store execute-when="props['ia.debug.mode']" id="Store" output="message" input="variable" input-variable="vMessagesAggData" expiresIn="P@{props['ia.doc.ret']}D" title="INT5405_Import_Process_Message_Response.xml"/>
                <cc:xslt-plus id="XsltPlus" input="variable" input-variable="vMessagesAggData" url="INT5405_Transform_Import_Process_Messages_Data_v2.xsl"/>
            </cc:steps>
            <cc:send-error id="SendError" routes-to="PIM-Import-Msg-Resp-Errors"/>
        </cc:async-mediation>
        <cc:local-out id="PIM-Import-Msg-Resp-Errors" endpoint="vm://wcc/PutIntegrationMessage">
            <cc:set name="is.message.severity" value="'ERROR'"/>
            <cc:set name="is.message.summary" value="'Error occurred at - '#context.errorComponentId#'. Error Message : '#util.cleanString(context.errorMessage)"/>
            <cc:set name="is.message.detail" value="context.errorMessage"/>
        </cc:local-out>
        <cc:local-out id="Call-AggAuditData1" endpoint="vm://INT5405_EY_GMS_and_S2S_US_Payment_File_Inbound/AggAuditData"/>
        <cc:local-in id="AggAuditData" routes-to="AggregateAuditData"/>
        <cc:local-in id="CloseAggAudit" routes-to="AggregateAuditData"/>
        <cc:aggregator id="AggregateAuditData" routes-to="Store.Final.Audit.Data" collate-when="props['pAggAuditData']" force-batch-when="!props['pAggAuditData']">
            <cc:size-batch-strategy batch-size="-1"/>
            <cc:xml-message-content-collater output="variable" output-variable="vFinalAuditDataXML">
        <cc:header-text>&lt;Root></cc:header-text>
        <cc:footer-text>&lt;/Root></cc:footer-text>
      </cc:xml-message-content-collater>
        </cc:aggregator>
        <cc:async-mediation id="Store.Final.Audit.Data" routes-to="PIM-Store-Audit">
            <cc:steps>
                <cc:store execute-when="props['ia.debug.mode']" id="Store0" output="variable" output-variable="vFinalAuditDataXMLStore" input="variable" input-variable="vFinalAuditDataXML" createDocumentReference="true" expiresIn="P@{props['ia.doc.ret']}D" title="INT5405_Audit_Data.xml"/>
                <cc:xslt-plus id="XsltPlus" input="variable" input-variable="vFinalAuditDataXML" url="INT5405_Prepare_Final_Audit_v1.xsl"/>
                <cc:xml-to-csv id="XmlToCsv" format="rfc4180"/>
                <cc:text-excel id="TextExcel" output-mimetype="application/vnd.openxmlformats-officedocument.spreadsheetml.sheet" excelstyle="sheet" style="text2excel"/>
                <cc:store id="Store" output="variable" output-variable="vAuditData" createDocumentReference="false" expiresIn="P@{props['ia.doc.ret']}D" title="INT5405_Off-Cycle_Payments_AuditLog_@{props['pCurrentDateTime']}.xlsx"/>
            </cc:steps>
            <cc:send-error id="SendError" routes-to="PIM-Store-Final-Audit-Data-Errors"/>
        </cc:async-mediation>
        <cc:local-out id="PIM-Store-Final-Audit-Data-Errors" endpoint="vm://wcc/PutIntegrationMessage">
            <cc:set name="is.message.severity" value="'ERROR'"/>
            <cc:set name="is.message.summary" value="'Error occurred at - '#context.errorComponentId#'. Error Message : '#util.cleanString(context.errorMessage)"/>
            <cc:set name="is.message.detail" value="context.errorMessage"/>
        </cc:local-out>
        <cc:local-out id="PIM-Store-Audit" endpoint="vm://wcc/PutIntegrationMessage">
            <cc:set name="is.message.severity" value="'INFO'"/>
            <cc:set name="is.message.summary" value="'Audit file stored successfully.'"/>
            <cc:set name="is.document.variable.name" value="'vAuditData'"/>
            <cc:set name="is.document.file.name" value="'INT5405_Off-Cycle_Payments_AuditLog_' + props['pCurrentDateTime'] + '.xlsx'"/>
            <cc:set name="is.document.deliverable" value="'true'"/>
            <cc:set name="is.document.labels" value="'INT5405_Auditlog_File'"/>
        </cc:local-out>
	</cc:assembly>

</beans>