<?xml version="1.0" encoding="UTF-8"?>
<beans
     xmlns="http://www.springframework.org/schema/beans"
     xmlns:beans="http://www.springframework.org/schema/beans"
     xmlns:atom="http://www.w3.org/2005/Atom"
     xmlns:cc="http://www.capeclear.com/assembly/10"
     xmlns:cloud="urn:com.workday/esb/cloud/10.0"
     xmlns:env="http://schemas.xmlsoap.org/soap/envelope/"
     xmlns:pi="urn:com.workday/picof"
     xmlns:wd="urn:com.workday/bsvc"
     xmlns:xsi="http://www.w3.org/2001/XMLSchema-instance">
 
	<cc:assembly id="WorkdayAssembly" version="2023.37">
        <cc:workday-in id="StartHere" routes-to="AsyncMediation">
            <cc:integration-system name="INT19106_Implementer_Access_control">
        <cloud:param name="Validation Mode">
          <cloud:type>
            <cloud:simple-type>boolean</cloud:simple-type>
          </cloud:type>
          <cloud:default>
            <cloud:boolean>false</cloud:boolean>
          </cloud:default>
        </cloud:param>
        <cloud:param name="Implementor Account Disable Date">
          <cloud:type>
            <cloud:simple-type>date</cloud:simple-type>
          </cloud:type>
          <cloud:default/>
        </cloud:param>
        <cloud:param name="Implementor Account Informing Mail">
          <cloud:type>
            <cloud:simple-type>date</cloud:simple-type>
          </cloud:type>
        </cloud:param>
        <cloud:attribute-map-service name="INT19106_Implementor_Access-Control_AS">
          <cloud:attribute name="Tenant_URL">
            <cloud:type>
              <cloud:simple-type>text</cloud:simple-type>
            </cloud:type>
          </cloud:attribute>
        </cloud:attribute-map-service>
        <cloud:report-service name="INT19106_Implementer_Access_control_RS">
          <cloud:report-alias description="INT19106_CR_Account _disable" name="INT19106_CR_Account _disable">
            <cloud:report-reference description="INT19106_CR_Account _disable" type="WID">f1ae3ef1f2dd1000f29197d9391b0000</cloud:report-reference>
          </cloud:report-alias>
          <cloud:report-alias description="INT19106_CR_Informing_mail" name="INT19106_CR_Informing_mail">
            <cloud:report-reference description="INT19106_CR_Informing_mail" type="WID">f1ae3ef1f2dd1000f30b9ebebc690000</cloud:report-reference>
          </cloud:report-alias>
        </cloud:report-service>
      </cc:integration-system>
        </cc:workday-in>
        <cc:async-mediation id="AsyncMediation" routes-to="Call_Informing_Mail">
            <cc:steps>
                <cc:eval id="LP">
                    <cc:expression>props['lp.Validate.Mode'] = (Boolean)lp.getSimpleData('Validation Mode')</cc:expression>
                    <cc:expression>props['Implementor.Account.Disable.Date'] = lp.getDate('Implementor Account Disable Date');</cc:expression>
                    <cc:expression>props['p.Implementor.Account.Disable.Date'] = props['Implementor.Account.Disable.Date'].toString().substring(0, 10);</cc:expression>
                    <cc:expression>props['Implementor.Account.Informing.Mail'] = lp.getDate('Implementor Account Informing Mail');</cc:expression>
                    <cc:expression>props['p.Implementor.Account.Informing.Mail'] = props['Implementor.Account.Informing.Mail'].toString().substring(0, 10);</cc:expression>
                    <cc:expression>props['p.close.aggregator.Disable'] = false;</cc:expression>
                    <cc:expression>props['p.close.aggregator.Inform'] = false;</cc:expression>
                </cc:eval>
                <cc:log id="Log">
                    <cc:log-message>
                        <cc:text>*********************************************Log After Eval**********************************************&#xD;
props['Implementor.Account.Disable.Date'] : @{props['Implementor.Account.Disable.Date']}&#xD;
props['p.Implementor.Account.Disable.Date'] : @{props['p.Implementor.Account.Disable.Date']}&#xD;
props['Implementor.Account.Informing.Mail'] : @{props['Implementor.Account.Informing.Mail']}&#xD;
props['p.Implementor.Account.Informing.Mail'] : @{props['p.Implementor.Account.Informing.Mail']}&#xD;
*********************************************Log After Eval**********************************************</cc:text>
                    </cc:log-message>
                </cc:log>
                <cc:eval id="Eval">
                    <cc:expression>props['p.subjet.email.Inform'] = 'Your POV Account Has Not Been Accessed in 30 Days'</cc:expression>
                    <cc:expression>props['p.subjet.email.disable'] = 'Your POV Account Has Been Disabled'</cc:expression>
                    <cc:expression>props['p.from.email'] = 'WD.Integration.Batch.Monitor@alight.com'</cc:expression>
                    <cc:expression>props['p.host.email'] = 'smtp.office365.com'</cc:expression>
                    <cc:expression>props['p.port.email'] = '587'</cc:expression>
                    <cc:expression>props['p.user.email'] = 'WD.Integration.Batch.Monitor@alight.com'</cc:expression>
                    <cc:expression>props['p.pass.email'] = &quot;JmKyWjU29ABXTUWN&quot;</cc:expression>
                    <cc:expression>//props['p.To.email'] = &quot;mailto:vitthalsuresh.rawool@alight.com&quot;</cc:expression>
                    <cc:expression>props['p.bcc.To.email'] = &quot;vitthalsuresh.rawool@alight.com&quot;</cc:expression>
                    <cc:expression>props['PT1_URL'] = 'https://impl.workday.com/wday/authgwy/alight_pt1/login.htmld'</cc:expression>
                    <cc:expression>props['PT2_URL'] = 'https://impl.workday.com/wday/authgwy/alight_pt2/login.htmld?redirect=n'</cc:expression>
                    <cc:expression>props['Tenant_URL'] = intsys.getAttribute('Tenant_URL')</cc:expression>
                </cc:eval>
                <cc:log id="Log0">
                    <cc:log-message>
                        <cc:line-separator/>
                        <cc:text>*****************************************************Log After Attributes Eval ************************************************&#xD;
props['p.subjet.email'] : @{props['p.subjet.email'] }&#xD;
props['p.from.email'] : @{props['p.from.email']}&#xD;
props['p.host.email'] : @{props['p.host.email']}&#xD;
props['p.port.email'] : @{props['p.port.email']}&#xD;
props['p.user.email'] : @{props['p.user.email']}&#xD;
props['p.To.email'] : @{props['p.To.email']}&#xD;
props['PT1_URL'] : @{props['PT1_URL']}&#xD;
props['PT2_URL'] : @{props['PT2_URL']}&#xD;
props['Tenant_URL'] : @{props['Tenant_URL']}</cc:text>
                        <cc:line-separator/>
                        <cc:text>*****************************************************Log End After Attributes Eval ************************************************</cc:text>
                    </cc:log-message>
                </cc:log>
            </cc:steps>
        </cc:async-mediation>
        <cc:workday-out-rest id="Disabling_The_Account_Rest_Call" routes-response-to="LogTocheckRecords" extra-path="@{intsys.reportService.getExtrapath('INT19106_CR_Account _disable')}?Time_of_Most_Recent_Sign_On=@{props['p.Implementor.Account.Disable.Date']}"/>
        <cc:async-mediation id="Catching_Implementor_Username" routes-to="Route1">
            <cc:steps>
                <cc:log id="Log0">
                    <cc:log-message>
                        <cc:text>********************************************************************************Log After Splitter********************************************************************************</cc:text>
                        <cc:line-separator/>
                        <cc:text>********************************************************************************Log Ending Splitter********************************************************************************</cc:text>
                        <cc:line-separator/>
                    </cc:log-message>
                </cc:log>
                <cc:eval id="Implementor_Username">
                    <cc:expression>props['Implementor_email'] = parts[0].xpath(&quot;wd:Report_Entry/wd:email&quot;)</cc:expression>
                    <cc:expression>props['p.Implementor_email'] = 'mailto:' # props['Implementor_email']</cc:expression>
                    <cc:expression>props['Implementor_Username'] = parts[0].xpath(&quot;wd:Report_Entry/wd:Event_Target_group/wd:Implementor_Username&quot;)</cc:expression>
                    <cc:expression>props['p.person'] = parts[0].xpath(&quot;wd:Report_Entry/wd:Workday_Account_group/wd:userName&quot;)</cc:expression>
                </cc:eval>
                <cc:log id="Log">
                    <cc:log-message>
                        <cc:text>********************************************************************************Log After Eval********************************************************************************</cc:text>
                        <cc:line-separator/>
                        <cc:text>props['Implementor_email'] : @{props['Implementor_email']}&#xD;
props['Implementor_Username'] : @{props['Implementor_Username']}&#xD;
props['p.pass.email'] : @{props['p.pass.email']}&#xD;
props['p.Implementor_email']  : @{props['p.Implementor_email']}&#xD;
props['p.person'] : @{props['p.person']}&#xD;
&#xD;
&#xD;
&#xD;
&#xD;
&#xD;
&#xD;
&#xD;
&#xD;
&#xD;
&#xD;
&#xD;
&#xD;
</cc:text>
                        <cc:line-separator/>
                        <cc:text>********************************************************************************End of Log After Eval********************************************************************************</cc:text>
                    </cc:log-message>
                </cc:log>
            </cc:steps>
            <cc:send-error id="SendError" routes-to="Email_Error_Message_Account_disable"/>
        </cc:async-mediation>
        <cc:async-mediation id="LogTocheckRecords" routes-to="Split_Account_disable_report">
            <cc:steps>
                <cc:log id="Log">
                    <cc:log-message>
                        <cc:text>Report ExtraPath: Time_of_Most_Recent_Sign_On=@{props['p.Implementor.Account.Disable.Date']}&#xD;
Report ExtraPath: @{intsys.reportService.getExtrapath('INT19106_CR_Account _disable')}?Time_of_Most_Recent_Sign_On=@{props['p.Implementor.Account.Disable.Date']}</cc:text>
                        <cc:line-separator/>
                        <cc:text>********************************************************************************Report XML Ouput : Start ********************************************************************************</cc:text>
                        <cc:message-content/>
                        <cc:text>********************************************************************************Report XML Ouput : End ********************************************************************************</cc:text>
                        <cc:line-separator/>
                    </cc:log-message>
                </cc:log>
            </cc:steps>
        </cc:async-mediation>
        <cc:splitter id="Split_Account_disable_report">
            <cc:sub-route name="SubRoute" routes-to="Catching_Implementor_Username"/>
            <cc:xml-stream-splitter xpath="wd:Report_Data/wd:Report_Entry"/>
        </cc:splitter>
        <cc:local-out id="Email_Error_Message_Account_disable" endpoint="vm://wcc/PutIntegrationMessage"><cc:set name="is.message.severity" value="'ERROR'"/><cc:set name="is.message.summary" value="'Emailout component is not performing as expected for account disabling' + context.errorMessage"/></cc:local-out>
        <cc:async-mediation id="Dsiabling_Workday_Accounts" routes-to="WorkdayOutSoap" handle-downstream-errors="true">
            <cc:steps>
                <cc:write id="Dsiabling_Workday_Accounts" output="message" input="message">
                    <cc:message>
                        <cc:text>&lt;?xml version=&quot;1.0&quot; encoding=&quot;UTF-8&quot;?>&#xD;
&lt;env:Envelope&#xD;
    xmlns:env=&quot;http://schemas.xmlsoap.org/soap/envelope/&quot;&#xD;
    xmlns:xsd=&quot;http://www.w3.org/2001/XMLSchema&quot;>&#xD;
    &lt;env:Body>&#xD;
        &lt;wd:Workday_Account_for_Worker_Update&#xD;
            xmlns:wd=&quot;urn:com.workday/bsvc&quot;&#xD;
            wd:version=&quot;v41.0&quot;>&#xD;
            &#xD;
            &lt;wd:Non_Worker_Reference>&#xD;
                &lt;wd:ID wd:type=&quot;WorkdayUserName&quot;>@{props['Implementor_Username']}&lt;/wd:ID>&#xD;
            &lt;/wd:Non_Worker_Reference>&#xD;
&#xD;
            &lt;wd:Workday_Account_for_Worker_Data>&#xD;
                &lt;wd:User_Name>@{props['Implementor_Username']}&lt;/wd:User_Name>&#xD;
&#xD;
                &lt;wd:Account_Disabled>true&lt;/wd:Account_Disabled>&#xD;
&#xD;
            &lt;/wd:Workday_Account_for_Worker_Data>&#xD;
        &lt;/wd:Workday_Account_for_Worker_Update>&#xD;
    &lt;/env:Body>&#xD;
&lt;/env:Envelope>&#xD;
</cc:text>
                    </cc:message>
                </cc:write>
                <cc:set-headers execute-when="props['lp.Validate.Mode']" id="SetHeaders"><cc:remove-headers/><cc:add-headers>
    <cc:add-header name="X-Validate-Only" value="1"/>
</cc:add-headers></cc:set-headers>
                <cc:log id="Log">
                    <cc:log-message>
                        <cc:text>*************************** Set Header  1******************************8</cc:text>
                        <cc:message-content/>
                        <cc:text>@{props['Implementor_Username']} has been Successfully disabled</cc:text>
                    </cc:log-message>
                </cc:log>
            </cc:steps>
            <cc:send-error id="SendError" routes-to="AsyncMediation12"/>
        </cc:async-mediation>
        <cc:local-out id="Call_Disabling_The_Account" store-message="none" routes-response-to="CallDisableAudit" endpoint="vm://INT19106_Implementer_Access_control/Disabling_The_Account"/>
        <cc:local-in id="Disabling_The_Account" routes-to="Disabling_The_Account_Rest_Call"/>
        <cc:workday-out-soap id="WorkdayOutSoap" routes-response-to="AsyncMediation0" application="Human_Resources" version="v41.0"/>
        <cc:local-out id="Call_Informing_Mail" store-message="none" routes-response-to="CallBatchAudit" endpoint="vm://INT19106_Implementer_Access_control/Informing_Mail"/>
        <cc:local-in id="Informing_Mail" routes-to="Informing_Mail_Rest_Call"/>
        <cc:splitter id="Informing_Mail_Splitter">
            <cc:sub-route name="SubRoute" routes-to="AsyncMediation10"/>
            <cc:xml-stream-splitter xpath="wd:Report_Data/wd:Report_Entry"/>
        </cc:splitter>
        <cc:async-mediation id="AsyncMediation00" routes-to="Informing_Mail_Splitter">
            <cc:steps>
                <cc:log id="Log">
                    <cc:log-message>
                        <cc:text>Report XPATH : @{intsys.reportService.getExtrapath('INT19106_Informing_mail')}?Time_of_Most_Recent_Sign_On=@{props['p.7_Days_Ago_date']}&#xD;
</cc:text>
                        <cc:line-separator/>
                        <cc:text>********************************************************************************Report XML Ouput : Start ********************************************************************************</cc:text>
                        <cc:message-content/>
                        <cc:text>********************************************************************************Report XML Ouput : End ********************************************************************************</cc:text>
                        <cc:line-separator/>
                    </cc:log-message>
                </cc:log>
            </cc:steps>
        </cc:async-mediation>
        <cc:local-out id="Email_Error_Message_for_Informing_mail" endpoint="vm://wcc/PutIntegrationMessage">
            <cc:set name="is.message.severity" value="'INFO'"/>
            <cc:set name="is.message.summary" value="'Emailout component is not performing as expected for Informing mail to Implementor' + context.errorMessage"/>
        </cc:local-out>
        <cc:async-mediation id="AsyncMediation10" routes-to="Route0">
            <cc:steps>
                <cc:log id="Log0">
                    <cc:log-message>
                        <cc:text>********************************************************************************Log After 2nd Splitter********************************************************************************</cc:text>
                        <cc:line-separator/>
                        <cc:text>********************************************************************************Log Ending Splitter********************************************************************************</cc:text>
                        <cc:line-separator/>
                    </cc:log-message>
                </cc:log>
                <cc:eval id="Eval">
                    <cc:expression>props['Implementor_email_1'] = parts[0].xpath(&quot;wd:Report_Entry/wd:email&quot;)</cc:expression>
                    <cc:expression>props['p.Implementor_email_1'] = 'mailto:' # props['Implementor_email_1']</cc:expression>
                    <cc:expression>props['Implementor_Username_1'] = parts[0].xpath(&quot;wd:Report_Entry/wd:Event_Target_group/wd:Implementor_Username&quot;)</cc:expression>
                    <cc:expression>props['p.Time_of_Most_Recent_Sign_On'] = parts[0].xpath(&quot;wd:Report_Entry/wd:Time_of_Most_Recent_Sign_On&quot;)</cc:expression>
                    <cc:expression>props['p.person1'] = parts[0].xpath(&quot;wd:Report_Entry/wd:Workday_Account_group/wd:userName&quot;)</cc:expression>
                </cc:eval>
                <cc:log id="Log">
                    <cc:log-message>
                        <cc:text>********************************************************************************Log After Eval********************************************************************************</cc:text>
                        <cc:line-separator/>
                        <cc:text>props['Implementor_email_1']  : @{props['Implementor_email_1'] }&#xD;
props['p.Implementor_email_1'] : @{props['p.Implementor_email_1']}&#xD;
props['Implementor_Username_1'] : @{props['Implementor_Username_1']}&#xD;
props['p.Time_of_Most_Recent_Sign_On'] : @{props['p.Time_of_Most_Recent_Sign_On']}&#xD;
props['p.person1'] : @{props['p.person1']}&#xD;
&#xD;
&#xD;
&#xD;
&#xD;
&#xD;
&#xD;
&#xD;
&#xD;
&#xD;
&#xD;
&#xD;
&#xD;
</cc:text>
                        <cc:line-separator/>
                        <cc:text>********************************************************************************End of Log After Eval********************************************************************************</cc:text>
                    </cc:log-message>
                </cc:log>
            </cc:steps>
            <cc:send-error id="SendError" routes-to="Email_Error_Message_for_Informing_mail"/>
        </cc:async-mediation>
        <cc:workday-out-rest id="Informing_Mail_Rest_Call" routes-response-to="AsyncMediation00" extra-path="@{intsys.reportService.getExtrapath('INT19106_CR_Informing_mail')}?Time_of_Most_Recent_Sign_On=@{props['p.Implementor.Account.Informing.Mail']}"/>
        <cc:email-out id="EmailOut0" routes-response-to="AsyncMediation8" endpoint="@{props['p.Implementor_email_1']}" bcc="@{props['p.bcc.To.email']}" cc="@{props['p.user.email']}" from="@{props['p.from.email']}" host="@{props['p.host.email']}" password="@{props['p.pass.email']}" port="@{props['p.port.email']}" starttls="'True'" subject="@{props['p.subjet.email.Inform']}" user="@{props['p.user.email']}"><cc:oauth-config/></cc:email-out>
        <cc:email-out id="EmailOut1" routes-response-to="AsyncMediation9" endpoint="@{props['p.Implementor_email']}" ignore-dynamic-endpoints="false" from="@{props['p.from.email']}" host="@{props['p.host.email']}" password="@{props['p.pass.email']}" port="@{props['p.port.email']}" starttls="'True'" subject="@{props['p.subjet.email.disable']}" timeout="30000" user="@{props['p.user.email']}">
            <cc:custom-headers>
                </cc:custom-headers>
            <cc:oauth-config/>
        </cc:email-out>
        <cc:async-mediation id="Account_disable_message" routes-to="EmailOut1">
            <cc:steps>
                <cc:log id="Log0">
                    <cc:log-message>
                        <cc:text>**************************************************Log After Soap/Copy / *************************** Set Header  2******************************8 **************************************************&#xD;
</cc:text>
                        <cc:line-separator/>
                        <cc:message-content/>
                        <cc:text>**************************************************Write Before End Text **************************************************</cc:text>
                        <cc:line-separator/>
                    </cc:log-message>
                </cc:log>
                <cc:log id="Log">
                    <cc:log-message>
                        <cc:text>**************************************************Log After Remove Header **************************************************</cc:text>
                        <cc:line-separator/>
                        <cc:message-content/>
                        <cc:text>**************************************************Log After reove Header end **************************************************</cc:text>
                        <cc:line-separator/>
                    </cc:log-message>
                </cc:log>
                <cc:write id="Account_disable_message" output-mimetype="text/Html">
                    <cc:message>
                        <cc:text>Hi @{props['Implementor_Username']},&#xD;
&#xD;
Your PT1 POV account has not been accessed for 90 days and has now been disabled to maintain tenant security. If you need to use your POV account in the future, please submit a tenant access form to have it re-enabled: &#xD;
POV Tenant Request Form: https://app.smartsheet.com/b/form/5b54641630a74df4b32367d1c23adff2&#xD;
&#xD;
Thank you for your understanding.&#xD;
&#xD;
&#xD;
&#xD;
&#xD;
 &#xD;
</cc:text>
                    </cc:message>
                </cc:write>
            </cc:steps>
        </cc:async-mediation>
        <cc:local-out id="Call_Aggregator_Audit" store-message="none" endpoint="vm://INT19106_Implementer_Access_control/Aggregator_Disable_Audit"/>
        <cc:local-out id="Call_Aggregator_Audit_For_Informing_Mail" store-message="none" endpoint="vm://INT19106_Implementer_Access_control/Aggregator_Inform_Audit"/>
        <cc:async-mediation id="Account_disable_message0" routes-to="EmailOut0">
            <cc:steps>
                <cc:write id="Account_disable_message" output-mimetype="text/Html">
                    <cc:message>
                        <cc:text>Hi @{props['Implementor_Username_1']},&#xD;
&#xD;
Your PT1 POV account has not been accessed for 30 days. To keep our tenant secure, we are disabling all accounts that have not been accessed for 90 days. &#xD;
If you plan on using your POV account in the future, please sign in within the next 60 days to keep your account active. If you do not, your account will be&#xD;
disabled, and you will need to submit a tenant access form to re-enable it.&#xD;
&#xD;
POV Tenant Request Form: https://app.smartsheet.com/b/form/5b54641630a74df4b32367d1c23adff2&#xD;
&#xD;
</cc:text>
                    </cc:message>
                </cc:write>
                <cc:log id="Log0">
                    <cc:log-message>
                        <cc:text>**************************************************Log After Soap/Copy **************************************************&#xD;
</cc:text>
                        <cc:line-separator/>
                        <cc:message-content/>
                        <cc:text>**************************************************Write Before End Text **************************************************</cc:text>
                        <cc:line-separator/>
                    </cc:log-message>
                </cc:log>
                <cc:log id="Log">
                    <cc:log-message>
                        <cc:text>**************************************************Write Start Text **************************************************</cc:text>
                        <cc:line-separator/>
                        <cc:message-content/>
                        <cc:text>**************************************************Write End Text **************************************************</cc:text>
                        <cc:line-separator/>
                    </cc:log-message>
                </cc:log>
            </cc:steps>
        </cc:async-mediation>
        <cc:async-mediation id="AsyncMediation0" routes-to="Route">
            <cc:steps>
                <cc:set-headers execute-when="props['lp.Validate.Mode']" id="RemoveHeaders">
                    <cc:remove-headers>
                        <cc:remove-header name="X-Validate-Only"/>
                    </cc:remove-headers>
                    <cc:add-headers/>
                </cc:set-headers>
                <cc:log id="Log">
                    <cc:log-message>
                        <cc:message-content/>
                    </cc:log-message>
                </cc:log>
            </cc:steps>
        </cc:async-mediation>
        <cc:async-mediation id="AsyncMediation1" routes-to="EmailOut10">
            <cc:steps>
                <cc:write id="Account_disable_message" output-mimetype="text/Html">
                    <cc:message>
                        <cc:text>Hi @{props['Implementor_Username']},&#xD;
&#xD;
Your PT2 POV account has not been accessed for 90 days and has now been disabled to maintain tenant security. If you need to use your POV account in the future, please submit a tenant access form to have it re-enabled: &#xD;
POV Tenant Request Form: https://app.smartsheet.com/b/form/5b54641630a74df4b32367d1c23adff2&#xD;
&#xD;
Thank you for your understanding.&#xD;
&#xD;
&#xD;
&#xD;
&#xD;
 &#xD;
</cc:text>
                    </cc:message>
                </cc:write>
            </cc:steps>
        </cc:async-mediation>
        <cc:async-mediation id="AsyncMediation2" routes-to="EmailOut00">
            <cc:steps>
                <cc:write id="Account_disable_message" output-mimetype="text/Html">
                    <cc:message>
                        <cc:text>Hi @{props['Implementor_Username_1']},&#xD;
&#xD;
Your PT2 POV account has not been accessed for 30 days. To keep our tenant secure, we are disabling all accounts that have not been accessed for 90 days. &#xD;
If you plan on using your POV account in the future, please sign in within the next 60 days to keep your account active. If you do not, your account will be&#xD;
disabled, and you will need to submit a tenant access form to re-enable it.&#xD;
&#xD;
POV Tenant Request Form: https://app.smartsheet.com/b/form/5b54641630a74df4b32367d1c23adff2</cc:text>
                    </cc:message>
                </cc:write>
            </cc:steps>
        </cc:async-mediation>
        <cc:route id="Route">
            <cc:mvel-strategy>
                <cc:choose-route expression="props['Tenant_URL'] == props['PT1_URL'] &amp;&amp; props['p.person'] == 'wd-tenantowner'" route="PT1_Default"/>
                <cc:choose-route expression="props['Tenant_URL'] ==  props['PT2_URL']  &amp;&amp; props['p.person'] == 'wd-tenantowner'" route="PT2_Default"/>
                <cc:choose-route expression="props['Tenant_URL'] == props['PT1_URL'] &amp;&amp; props['p.person'] != 'wd-tenantowner'" route="Tenant1"/>
                <cc:choose-route expression="props['Tenant_URL'] ==  props['PT2_URL']  &amp;&amp; props['p.person'] != 'wd-tenantowner'" route="Tenant2"/>
            </cc:mvel-strategy>
            <cc:sub-route name="Tenant1" routes-to="Account_disable_message"/>
            <cc:sub-route name="Tenant2" routes-to="AsyncMediation1"/>
            <cc:sub-route name="PT1_Default" routes-to="AsyncMediation5"/>
            <cc:sub-route name="PT2_Default" routes-to="AsyncMediation6"/>
        </cc:route>
        <cc:email-out id="EmailOut10" routes-response-to="AsyncMediation9" endpoint="@{props['p.Implementor_email']}" ignore-dynamic-endpoints="false" from="@{props['p.from.email']}" host="@{props['p.host.email']}" password="@{props['p.pass.email']}" port="@{props['p.port.email']}" starttls="'True'" subject="@{props['p.subjet.email.disable']}" timeout="30000" user="@{props['p.user.email']}">
            <cc:custom-headers>
                </cc:custom-headers>
            <cc:oauth-config/>
        </cc:email-out>
        <cc:route id="Route0">
            <cc:mvel-strategy>
                <cc:choose-route expression="props['Tenant_URL'] ==  props['PT2_URL'] &amp;&amp; props['p.person1'] == 'wd tenantowner'" route="PT2_Default"/>
                <cc:choose-route expression="props['Tenant_URL'] == props['PT1_URL'] &amp;&amp; props['p.person1'] == 'wd tenantowner'" route="PT1_Default"/>
                <cc:choose-route expression="props['Tenant_URL'] == props['PT1_URL'] &amp;&amp; props['p.person1'] != 'wd tenantowner'" route="PT1"/>
                <cc:choose-route expression="props['Tenant_URL'] ==  props['PT2_URL'] &amp;&amp; props['p.person1'] != 'wd tenantowner'" route="PT2"/>
            </cc:mvel-strategy>
            <cc:sub-route name="PT1" routes-to="Account_disable_message0"/>
            <cc:sub-route name="PT2" routes-to="AsyncMediation2"/>
            <cc:sub-route name="PT1_Default" routes-to="AsyncMediation3"/>
            <cc:sub-route name="PT2_Default" routes-to="AsyncMediation4"/>
        </cc:route>
        <cc:email-out id="EmailOut00" routes-response-to="AsyncMediation8" endpoint="@{props['p.Implementor_email_1']}" bcc="@{props['p.bcc.To.email']}" cc="@{props['p.user.email']}" from="@{props['p.from.email']}" host="@{props['p.host.email']}" password="@{props['p.pass.email']}" port="@{props['p.port.email']}" starttls="'True'" subject="@{props['p.subjet.email.Inform']}" user="@{props['p.user.email']}"/>
        <cc:async-mediation id="AsyncMediation3">
            <cc:steps>
                <cc:eval id="Eval"/>
            </cc:steps>
        </cc:async-mediation>
        <cc:async-mediation id="AsyncMediation4">
            <cc:steps>
                <cc:eval id="Eval"/>
            </cc:steps>
        </cc:async-mediation>
        <cc:async-mediation id="AsyncMediation5">
            <cc:steps>
                <cc:eval id="Eval"/>
            </cc:steps>
        </cc:async-mediation>
        <cc:async-mediation id="AsyncMediation6">
            <cc:steps>
                <cc:eval id="Eval"/>
            </cc:steps>
        </cc:async-mediation>
        <cc:route id="Route1">
            <cc:mvel-strategy>
                <cc:choose-route expression="props['Implementor_Username'] != ''" route="Username"/>
                <cc:choose-route expression="props['Implementor_Username'] == ''" route="BlankUsername"/>
            </cc:mvel-strategy>
            <cc:sub-route name="Username" routes-to="Dsiabling_Workday_Accounts"/>
            <cc:sub-route name="BlankUsername" routes-to="AsyncMediation7"/>
        </cc:route>
        <cc:async-mediation id="AsyncMediation7">
            <cc:steps>
                <cc:eval id="Eval"/>
            </cc:steps>
        </cc:async-mediation>
        <cc:local-in id="Aggregator_Disable_Audit" routes-to="Aggregator"/>
        <cc:aggregator id="Aggregator" routes-to="AsyncMediation11" collate-when="props['p.close.aggregator.Disable'] == false" force-batch-when="props['p.close.aggregator.Disable'] == true">
            <cc:size-batch-strategy batch-size="-1"/>
            <cc:xml-message-content-collater>
        <cc:header-text>&lt;AuditLog></cc:header-text>
        <cc:footer-text>&lt;/AuditLog></cc:footer-text>
      </cc:xml-message-content-collater>
        </cc:aggregator>
        <cc:async-mediation id="AsyncMediation8" routes-to="Call_Aggregator_Audit_For_Informing_Mail">
            <cc:steps>
                <cc:eval id="Eval">
                    <cc:expression>props['Message']= 'Account has been successfully Informed';</cc:expression>
                </cc:eval>
                <cc:write id="Write">
                    <cc:message>
                        <cc:text>&lt;Audit>&#xD;
	&lt;Employee_ID>@{props['Implementor_Username_1']}&lt;/Employee_ID>&#xD;
	&lt;Message>@{props['Message']}&lt;/Message>&#xD;
&lt;/Audit></cc:text>
                    </cc:message>
                </cc:write>
            </cc:steps>
        </cc:async-mediation>
        <cc:local-out id="CallBatchAudit" store-message="none" execute-when="props['p.close.aggregator.Inform']  = true" routes-response-to="Call_Disabling_The_Account" endpoint="vm://INT19106_Implementer_Access_control/InformBatchAudit"/>
        <cc:local-in id="DisableBatchAudit" routes-to="Aggregator"/>
        <cc:async-mediation id="AsyncMediation9" routes-to="Call_Aggregator_Audit">
            <cc:steps>
                <cc:eval id="Eval">
                    <cc:expression>props['Message']= 'Account has been successfully Disabled';</cc:expression>
                </cc:eval>
                <cc:write id="Write">
                    <cc:message>
                        <cc:text>&lt;Audit>&#xD;
	&lt;Employee_ID>@{props['Implementor_Username']}&lt;/Employee_ID>&#xD;
	&lt;Message>@{props['Message']}&lt;/Message>&#xD;
&lt;/Audit></cc:text>
                    </cc:message>
                </cc:write>
            </cc:steps>
        </cc:async-mediation>
        <cc:async-mediation id="AsyncMediation11" routes-to="PutIntegrationMessage0">
            <cc:steps>
                <cc:log id="Log">
                    <cc:log-message>
                        <cc:text>********************************Agg Data*************</cc:text>
                        <cc:message-content/>
                        <cc:text>********************************Agg Data*************</cc:text>
                    </cc:log-message>
                </cc:log>
                <cc:xml-to-csv id="XmlToCsv" format="rfc4180" line-separator="@{&quot;\r\n&quot;}" separator="," writeHeaderLine="'Implementor','Status'"/>
                <cc:store id="Store" expiresIn="P90D" title="INT19106_Implementer_Access_control_Disable_Account_Audit.csv"/>
            </cc:steps>
        </cc:async-mediation>
        <cc:async-mediation id="AsyncMediation12" routes-to="CallErrorAudit">
            <cc:steps>
                <cc:eval id="Eval">
                    <cc:expression>props['Message']= 'Failed to Disable the Account';</cc:expression>
                </cc:eval>
                <cc:write id="Write">
                    <cc:message>
                        <cc:text>&lt;Audit>&#xD;
	&lt;Employee_ID>@{props['Implementor_Username']}&lt;/Employee_ID>&#xD;
	&lt;Message>@{props['Message']}&lt;/Message>&#xD;
&lt;/Audit></cc:text>
                    </cc:message>
                </cc:write>
            </cc:steps>
        </cc:async-mediation>
        <cc:local-out id="CallErrorAudit" store-message="none" endpoint="vm://INT19106_Implementer_Access_control/Aggregator_Disable_Audit"/>
        <cc:send-error id="global-error-handler" rethrow-error="false" routes-to="Note-Error"/>
        <cc:local-out id="Note-Error" endpoint="vm://wcc/PutIntegrationMessage">
            <cc:set name="is.message.severity" value="'CRITICAL'"/>
            <cc:set name="is.message.summary" value="context.errorMessage"/>
        </cc:local-out>
        <cc:local-out id="CallDisableAudit" store-message="none" execute-when="props['p.close.aggregator.Disable'] = true" endpoint="vm://INT19106_Implementer_Access_control/DisableBatchAudit"/>
        <cc:local-out id="PutIntegrationMessage0" endpoint="vm://wcc/PutIntegrationMessage">
            <cc:set name="is.message.severity" value="'INFO'"/>
            <cc:set name="is.message.summary" value="'Integration Completed Successfully'"/>
        </cc:local-out>
        <cc:async-mediation id="AsyncMediation110">
            <cc:steps>
                <cc:log id="Log">
                    <cc:log-message>
                        
                        <cc:text>********************************Agg Data*************</cc:text>
                        <cc:message-content/><cc:text>********************************Agg Data*************</cc:text>
                    </cc:log-message>
                </cc:log>
                <cc:xml-to-csv id="XmlToCsv" format="rfc4180" line-separator="@{&quot;\r\n&quot;}" separator="," writeHeaderLine="'Implementor','Status'"/>
                <cc:store id="Store" expiresIn="P90D" title="INT19106_Implementer_Access_control_Inform_Mail_Audit.csv"/>
            </cc:steps>
        </cc:async-mediation>
        <cc:aggregator id="Aggregator0" routes-to="AsyncMediation110" collate-when="props['p.close.aggregator.Inform'] == false" force-batch-when="props['p.close.aggregator.Inform'] == true">
            <cc:size-batch-strategy batch-size="-1"/>
            <cc:xml-message-content-collater>
        <cc:header-text>&lt;AuditLog></cc:header-text>
        <cc:footer-text>&lt;/AuditLog></cc:footer-text>
      </cc:xml-message-content-collater>
        </cc:aggregator>
        <cc:local-in id="InformBatchAudit" routes-to="Aggregator0"/>
        <cc:local-in id="Aggregator_Inform_Audit" routes-to="Aggregator0"/>
	</cc:assembly>

</beans>