<?xml version="1.0" encoding="UTF-8"?>
<wdnm:Diagram xmlns:wdnm="http://workday.com/studio/editors/notation">
  <element href="assembly.xml#WorkdayAssembly"/>
  <visualProperties x="102" y="136">
    <element href="assembly.xml#StartHere"/>
  </visualProperties>
  <visualProperties x="584" y="67">
    <element href="assembly.xml#AsyncMediation"/>
  </visualProperties>
  <visualProperties x="564" y="160">
    <element href="assembly.xml#Disabling_The_Account_Rest_Call"/>
  </visualProperties>
  <visualProperties>
    <element href="assembly.xml#Catching_Implementor_Username"/>
  </visualProperties>
  <visualProperties x="746" y="189">
    <element href="assembly.xml#LogTocheckRecords"/>
  </visualProperties>
  <visualProperties x="904" y="193">
    <element href="assembly.xml#Split_Account_disable_report"/>
  </visualProperties>
  <visualProperties x="1048" y="297">
    <element href="assembly.xml#Email_Error_Message_Account_disable"/>
  </visualProperties>
  <visualProperties x="1450" y="198">
    <element href="assembly.xml#Dsiabling_Workday_Accounts"/>
  </visualProperties>
  <visualProperties x="534" y="169">
    <element href="assembly.xml#Call_Disabling_The_Account"/>
  </visualProperties>
  <visualProperties x="130" y="128">
    <element href="assembly.xml#Disabling_The_Account"/>
  </visualProperties>
  <visualProperties x="1428" y="194">
    <element href="assembly.xml#WorkdayOutSoap"/>
  </visualProperties>
  <visualProperties x="808" y="-10">
    <element href="assembly.xml#Call_Informing_Mail"/>
  </visualProperties>
  <visualProperties x="420" y="577">
    <element href="assembly.xml#Informing_Mail"/>
  </visualProperties>
  <visualProperties x="708" y="562">
    <element href="assembly.xml#Informing_Mail_Rest_Call"/>
  </visualProperties>
  <visualProperties>
    <element href="assembly.xml#AsyncMediation10"/>
  </visualProperties>
  <visualProperties>
    <element href="assembly.xml#Email_Error_Message_for_Informing_mail"/>
  </visualProperties>
  <visualProperties x="946" y="562">
    <element href="assembly.xml#AsyncMediation00"/>
  </visualProperties>
  <visualProperties x="1165" y="562">
    <element href="assembly.xml#Informing_Mail_Splitter"/>
  </visualProperties>
  <visualProperties x="1402" y="764">
    <element href="assembly.xml#EmailOut0"/>
  </visualProperties>
  <visualProperties x="1972" y="755">
    <element href="assembly.xml#EmailOut1"/>
  </visualProperties>
  <visualProperties x="2030" y="836">
    <element href="assembly.xml#Account_disable_message"/>
  </visualProperties>
  <visualProperties x="1960" y="282">
    <element href="assembly.xml#Call_Aggregator_Audit"/>
  </visualProperties>
  <visualProperties x="1234" y="712">
    <element href="assembly.xml#Call_Aggregator_Audit_For_Informing_Mail"/>
  </visualProperties>
  <visualProperties x="1911" y="519">
    <element href="assembly.xml#Account_disable_message0"/>
  </visualProperties>
  <visualProperties x="2242" y="206">
    <element href="assembly.xml#AsyncMediation0"/>
  </visualProperties>
  <visualProperties x="2508" y="274">
    <element href="assembly.xml#AsyncMediation1"/>
  </visualProperties>
  <visualProperties x="1720" y="606">
    <element href="assembly.xml#AsyncMediation2"/>
  </visualProperties>
  <visualProperties x="2428" y="186">
    <element href="assembly.xml#Route"/>
  </visualProperties>
  <visualProperties x="2796" y="364">
    <element href="assembly.xml#EmailOut10"/>
  </visualProperties>
  <visualProperties x="2296" y="781">
    <element href="assembly.xml#Route0"/>
  </visualProperties>
  <visualProperties x="1932" y="950">
    <element href="assembly.xml#EmailOut00"/>
  </visualProperties>
  <visualProperties x="1850" y="952">
    <element href="assembly.xml#AsyncMediation3"/>
  </visualProperties>
  <visualProperties x="1956" y="1024">
    <element href="assembly.xml#AsyncMediation4"/>
  </visualProperties>
  <visualProperties x="2652" y="450">
    <element href="assembly.xml#AsyncMediation5"/>
  </visualProperties>
  <visualProperties x="2658" y="574">
    <element href="assembly.xml#AsyncMediation6"/>
  </visualProperties>
  <visualProperties x="1744" y="110">
    <element href="assembly.xml#Route1"/>
  </visualProperties>
  <visualProperties x="2661" y="145">
    <element href="assembly.xml#AsyncMediation7"/>
  </visualProperties>
  <visualProperties x="2848" y="1172">
    <element href="assembly.xml#Aggregator_Disable_Audit"/>
  </visualProperties>
  <visualProperties x="3000" y="1130">
    <element href="assembly.xml#Aggregator"/>
  </visualProperties>
  <visualProperties x="2194" y="926">
    <element href="assembly.xml#AsyncMediation8"/>
  </visualProperties>
  <visualProperties x="144" y="640">
    <element href="assembly.xml#CallBatchAudit"/>
  </visualProperties>
  <visualProperties x="3094" y="1158">
    <element href="assembly.xml#DisableBatchAudit"/>
  </visualProperties>
  <visualProperties x="3711" y="374">
    <element href="assembly.xml#AsyncMediation9"/>
  </visualProperties>
  <visualProperties x="3242" y="1225">
    <element href="assembly.xml#AsyncMediation11"/>
  </visualProperties>
  <visualProperties x="2292" y="185">
    <element href="assembly.xml#AsyncMediation12"/>
  </visualProperties>
  <visualProperties x="2038" y="414">
    <element href="assembly.xml#CallErrorAudit"/>
  </visualProperties>
  <visualProperties x="952" y="1924">
    <element href="assembly.xml#//@beans/@mixed.1/@mixed.93"/>
  </visualProperties>
  <visualProperties x="1257" y="1924">
    <element href="assembly.xml#Note-Error"/>
  </visualProperties>
  <visualProperties x="774" y="158">
    <element href="assembly.xml#CallDisableAudit"/>
  </visualProperties>
  <visualProperties>
    <element href="assembly.xml#Aggregator_Inform_Audit"/>
  </visualProperties>
  <visualProperties>
    <element href="assembly.xml#InformBatchAudit"/>
  </visualProperties>
  <visualProperties>
    <element href="assembly.xml#Aggregator0"/>
  </visualProperties>
  <visualProperties>
    <element href="assembly.xml#AsyncMediation110"/>
  </visualProperties>
  <visualProperties>
    <element href="assembly.xml#PutIntegrationMessage0"/>
  </visualProperties>
  <connections type="routesTo" sourceAnchorX="0.8990825688073395" sourceAnchorY="1.0" targetAnchorX="0.11023622047244094" targetAnchorY="0.5531914893617021">
    <source href="assembly.xml#StartHere"/>
    <target href="assembly.xml#AsyncMediation"/>
  </connections>
  <connections type="routesTo" sourceAnchorX="0.7480314960629921" sourceAnchorY="1.0" targetAnchorX="0.6243093922651933" targetAnchorY="0.7567567567567568">
    <source href="assembly.xml#//@beans/@mixed.1/@mixed.7/@mixed.3"/>
    <target href="assembly.xml#Email_Error_Message_Account_disable"/>
  </connections>
  <connections type="routesTo" sourceAnchorX="1.0" sourceAnchorY="0.8529411764705882" targetAnchorX="0.21052631578947367" targetAnchorY="0.408">
    <source href="assembly.xml#//@beans/@mixed.1/@splitter.0/@subRoute.0"/>
    <target href="assembly.xml#Catching_Implementor_Username"/>
  </connections>
  <connections type="routesTo" sourceAnchorX="1.0" sourceAnchorY="0.39361702127659576" targetAnchorX="0.1513157894736842" targetAnchorY="0.6216216216216216">
    <source href="assembly.xml#Dsiabling_Workday_Accounts"/>
    <target href="assembly.xml#WorkdayOutSoap"/>
  </connections>
  <connections type="routesResponseTo" sourceAnchorX="0.6912751677852349" sourceAnchorY="1.0" targetAnchorX="0.05970149253731343" targetAnchorY="0.5652173913043478">
    <source href="assembly.xml#Informing_Mail_Rest_Call"/>
    <target href="assembly.xml#AsyncMediation00"/>
  </connections>
  <connections type="routesTo" sourceAnchorX="1.0" sourceAnchorY="0.8529411764705882" targetAnchorX="0.21052631578947367" targetAnchorY="0.408">
    <source href="assembly.xml#//@beans/@mixed.1/@splitter.1/@subRoute.0"/>
    <target href="assembly.xml#AsyncMediation10"/>
  </connections>
  <connections type="routesTo" sourceAnchorX="0.7480314960629921" sourceAnchorY="1.0" targetAnchorX="0.6243093922651933" targetAnchorY="0.7567567567567568">
    <source href="assembly.xml#//@beans/@mixed.1/@mixed.33/@mixed.3"/>
    <target href="assembly.xml#Email_Error_Message_for_Informing_mail"/>
  </connections>
  <connections type="routesTo" sourceAnchorX="1.0" sourceAnchorY="0.30851063829787234" targetAnchorX="0.2523364485981308" targetAnchorY="0.39166666666666666">
    <source href="assembly.xml#AsyncMediation00"/>
    <target href="assembly.xml#Informing_Mail_Splitter"/>
  </connections>
  <connections type="routesTo" sourceAnchorX="0.7724550898203593" sourceAnchorY="1.0" targetAnchorX="0.5833333333333334" targetAnchorY="0.7837837837837838">
    <source href="assembly.xml#Informing_Mail"/>
    <target href="assembly.xml#Informing_Mail_Rest_Call"/>
  </connections>
  <connections type="routesTo" sourceAnchorX="1.0" sourceAnchorY="0.43617021276595747" targetAnchorX="0.4672897196261682" targetAnchorY="0.18831168831168832">
    <source href="assembly.xml#LogTocheckRecords"/>
    <target href="assembly.xml#Split_Account_disable_report"/>
  </connections>
  <connections type="routesTo" sourceAnchorX="0.7446808510638298" sourceAnchorY="1.0" targetAnchorX="0.18120805369127516" targetAnchorY="0.5675675675675675">
    <source href="assembly.xml#Disabling_The_Account"/>
    <target href="assembly.xml#Disabling_The_Account_Rest_Call"/>
  </connections>
  <connections type="routesResponseTo" sourceAnchorX="0.8322147651006712" sourceAnchorY="1.0" targetAnchorX="0.23880597014925373" targetAnchorY="0.6063829787234043">
    <source href="assembly.xml#Disabling_The_Account_Rest_Call"/>
    <target href="assembly.xml#LogTocheckRecords"/>
  </connections>
  <connections type="routesResponseTo" sourceAnchorX="0.8092105263157895" sourceAnchorY="1.0" targetAnchorX="0.5298507462686567" targetAnchorY="0.6063829787234043">
    <source href="assembly.xml#WorkdayOutSoap"/>
    <target href="assembly.xml#AsyncMediation0"/>
  </connections>
  <connections type="routesTo" sourceAnchorX="1.0" sourceAnchorY="0.30851063829787234" targetAnchorX="0.38317757009345793" targetAnchorY="0.28662420382165604">
    <source href="assembly.xml#AsyncMediation0"/>
    <target href="assembly.xml#Route"/>
  </connections>
  <connections type="routesTo" sourceAnchorX="0.9310344827586207" sourceAnchorY="1.0" targetAnchorX="0.09926470588235294" targetAnchorY="0.24468085106382978">
    <source href="assembly.xml#//@beans/@mixed.1/@route.0/@subRoute.0"/>
    <target href="assembly.xml#Account_disable_message"/>
  </connections>
  <connections type="routesTo" sourceAnchorX="0.9080459770114943" sourceAnchorY="1.0" targetAnchorX="0.2413793103448276" targetAnchorY="0.43617021276595747">
    <source href="assembly.xml#//@beans/@mixed.1/@route.0/@subRoute.1"/>
    <target href="assembly.xml#AsyncMediation1"/>
  </connections>
  <connections type="routesTo" sourceAnchorX="1.0" sourceAnchorY="0.30851063829787234" targetAnchorX="0.25217391304347825" targetAnchorY="0.02702702702702703">
    <source href="assembly.xml#Account_disable_message"/>
    <target href="assembly.xml#EmailOut1"/>
  </connections>
  <connections type="routesTo" sourceAnchorX="1.0" sourceAnchorY="0.19148936170212766" targetAnchorX="0.5983606557377049" targetAnchorY="0.4864864864864865">
    <source href="assembly.xml#AsyncMediation1"/>
    <target href="assembly.xml#EmailOut10"/>
  </connections>
  <connections type="routesTo" sourceAnchorX="1.0" sourceAnchorY="0.264" targetAnchorX="0.33" targetAnchorY="0.17307692307692307">
    <source href="assembly.xml#AsyncMediation10"/>
    <target href="assembly.xml#Route0"/>
  </connections>
  <connections type="routesTo" sourceAnchorX="1.0" sourceAnchorY="0.6764705882352942" targetAnchorX="0.23161764705882354" targetAnchorY="0.43617021276595747">
    <source href="assembly.xml#//@beans/@mixed.1/@route.1/@subRoute.0"/>
    <target href="assembly.xml#Account_disable_message0"/>
  </connections>
  <connections type="routesTo" sourceAnchorX="1.0" sourceAnchorY="1.0" targetAnchorX="0.367816091954023" targetAnchorY="0.26595744680851063">
    <source href="assembly.xml#//@beans/@mixed.1/@route.1/@subRoute.1"/>
    <target href="assembly.xml#AsyncMediation2"/>
  </connections>
  <connections type="routesTo" sourceAnchorX="1.0" sourceAnchorY="0.39361702127659576" targetAnchorX="0.4260869565217391" targetAnchorY="0.35135135135135137">
    <source href="assembly.xml#Account_disable_message0"/>
    <target href="assembly.xml#EmailOut0"/>
  </connections>
  <connections type="routesTo" sourceAnchorX="1.0" sourceAnchorY="0.23404255319148937" targetAnchorX="0.4672131147540984" targetAnchorY="0.3783783783783784">
    <source href="assembly.xml#AsyncMediation2"/>
    <target href="assembly.xml#EmailOut00"/>
  </connections>
  <connections type="routesTo" sourceAnchorX="0.8108108108108109" sourceAnchorY="1.0" targetAnchorX="0.1865671641791045" targetAnchorY="0.5978260869565217">
    <source href="assembly.xml#//@beans/@mixed.1/@route.1/@subRoute.3"/>
    <target href="assembly.xml#AsyncMediation4"/>
  </connections>
  <connections type="routesTo" sourceAnchorX="0.7207207207207207" sourceAnchorY="1.0" targetAnchorX="0.6044776119402985" targetAnchorY="0.6630434782608695">
    <source href="assembly.xml#//@beans/@mixed.1/@route.1/@subRoute.2"/>
    <target href="assembly.xml#AsyncMediation3"/>
  </connections>
  <connections type="routesTo" sourceAnchorX="0.5675675675675675" sourceAnchorY="1.0" targetAnchorX="0.5074626865671642" targetAnchorY="0.7065217391304348">
    <source href="assembly.xml#//@beans/@mixed.1/@route.0/@subRoute.2"/>
    <target href="assembly.xml#AsyncMediation5"/>
  </connections>
  <connections type="routesTo" sourceAnchorX="0.27927927927927926" sourceAnchorY="1.0" targetAnchorX="0.373134328358209" targetAnchorY="0.5108695652173914">
    <source href="assembly.xml#//@beans/@mixed.1/@route.0/@subRoute.3"/>
    <target href="assembly.xml#AsyncMediation6"/>
  </connections>
  <connections type="routesTo" sourceAnchorX="0.7142857142857143" sourceAnchorY="1.0" targetAnchorX="0.18210862619808307" targetAnchorY="0.39361702127659576">
    <source href="assembly.xml#//@beans/@mixed.1/@route.2/@subRoute.0"/>
    <target href="assembly.xml#Dsiabling_Workday_Accounts"/>
  </connections>
  <connections type="routesTo" sourceAnchorX="1.0" sourceAnchorY="0.28" targetAnchorX="0.21232876712328766" targetAnchorY="0.3576923076923077">
    <source href="assembly.xml#Catching_Implementor_Username"/>
    <target href="assembly.xml#Route1"/>
  </connections>
  <connections type="routesTo" sourceAnchorX="0.9918032786885246" sourceAnchorY="1.0" targetAnchorX="0.24509803921568626" targetAnchorY="0.5405405405405406">
    <source href="assembly.xml#Aggregator_Disable_Audit"/>
    <target href="assembly.xml#Aggregator"/>
  </connections>
  <connections type="routesResponseTo" sourceAnchorX="0.5391304347826087" sourceAnchorY="1.0" targetAnchorX="0.21641791044776118" targetAnchorY="0.6413043478260869">
    <source href="assembly.xml#EmailOut0"/>
    <target href="assembly.xml#AsyncMediation8"/>
  </connections>
  <connections type="routesResponseTo" sourceAnchorX="0.7049180327868853" sourceAnchorY="1.0" targetAnchorX="0.1865671641791045" targetAnchorY="0.7717391304347826">
    <source href="assembly.xml#EmailOut00"/>
    <target href="assembly.xml#AsyncMediation8"/>
  </connections>
  <connections type="routesTo" sourceAnchorX="1.0" sourceAnchorY="0.32978723404255317" targetAnchorX="0.29692832764505117" targetAnchorY="0.35135135135135137">
    <source href="assembly.xml#AsyncMediation8"/>
    <target href="assembly.xml#Call_Aggregator_Audit_For_Informing_Mail"/>
  </connections>
  <connections type="routesTo" sourceAnchorX="0.0" sourceAnchorY="0.5945945945945946" targetAnchorX="0.42483660130718953" targetAnchorY="0.14150943396226415">
    <source href="assembly.xml#DisableBatchAudit"/>
    <target href="assembly.xml#Aggregator"/>
  </connections>
  <connections type="routesResponseTo" sourceAnchorX="0.8442622950819673" sourceAnchorY="1.0" targetAnchorX="0.1791044776119403" targetAnchorY="0.75">
    <source href="assembly.xml#EmailOut10"/>
    <target href="assembly.xml#AsyncMediation9"/>
  </connections>
  <connections type="routesResponseTo" sourceAnchorX="0.8956521739130435" sourceAnchorY="1.0" targetAnchorX="0.2835820895522388" targetAnchorY="0.6195652173913043">
    <source href="assembly.xml#EmailOut1"/>
    <target href="assembly.xml#AsyncMediation9"/>
  </connections>
  <connections type="routesTo" sourceAnchorX="1.0" sourceAnchorY="0.35106382978723405" targetAnchorX="0.4666666666666667" targetAnchorY="0.5135135135135135">
    <source href="assembly.xml#AsyncMediation9"/>
    <target href="assembly.xml#Call_Aggregator_Audit"/>
  </connections>
  <connections type="routesTo" sourceAnchorX="1.0" sourceAnchorY="0.2169811320754717" targetAnchorX="0.32142857142857145" targetAnchorY="0.4782608695652174">
    <source href="assembly.xml#Aggregator"/>
    <target href="assembly.xml#AsyncMediation11"/>
  </connections>
  <connections type="routesTo" sourceAnchorX="0.4019607843137255" sourceAnchorY="1.0" targetAnchorX="0.22695035460992907" targetAnchorY="0.2391304347826087">
    <source href="assembly.xml#//@beans/@mixed.1/@mixed.15/@mixed.3"/>
    <target href="assembly.xml#AsyncMediation12"/>
  </connections>
  <connections type="routesTo" sourceAnchorX="0.8045112781954887" sourceAnchorY="1.0" targetAnchorX="0.26865671641791045" targetAnchorY="0.5212765957446809">
    <source href="assembly.xml#//@beans/@mixed.1/@route.2/@subRoute.1"/>
    <target href="assembly.xml#AsyncMediation7"/>
    <bendpoints sourceX="-114" sourceY="300" targetX="-558" targetY="401"/>
  </connections>
  <connections type="routesTo" sourceAnchorX="1.0" sourceAnchorY="0.44680851063829785" targetAnchorX="0.4444444444444444" targetAnchorY="0.32432432432432434">
    <source href="assembly.xml#AsyncMediation12"/>
    <target href="assembly.xml#CallErrorAudit"/>
  </connections>
  <connections type="routesTo" sourceAnchorX="0.9669421487603306" sourceAnchorY="0.43243243243243246" targetAnchorX="0.06060606060606061" targetAnchorY="0.3783783783783784">
    <source href="assembly.xml#//@beans/@mixed.1/@mixed.93"/>
    <target href="assembly.xml#Note-Error"/>
  </connections>
  <connections type="routesTo" sourceAnchorX="0.9918032786885246" sourceAnchorY="1.0" targetAnchorX="0.24509803921568626" targetAnchorY="0.5405405405405406">
    <source href="assembly.xml#Aggregator_Inform_Audit"/>
    <target href="assembly.xml#Aggregator0"/>
  </connections>
  <connections type="routesTo" sourceAnchorX="0.0" sourceAnchorY="0.5945945945945946" targetAnchorX="0.42483660130718953" targetAnchorY="0.14150943396226415">
    <source href="assembly.xml#InformBatchAudit"/>
    <target href="assembly.xml#Aggregator0"/>
  </connections>
  <connections type="routesTo" sourceAnchorX="1.0" sourceAnchorY="0.2169811320754717" targetAnchorX="0.32142857142857145" targetAnchorY="0.4782608695652174">
    <source href="assembly.xml#Aggregator0"/>
    <target href="assembly.xml#AsyncMediation110"/>
  </connections>
  <connections type="routesTo" sourceAnchorX="1.0" sourceAnchorY="0.648936170212766" targetAnchorX="0.5026178010471204" targetAnchorY="0.4594594594594595">
    <source href="assembly.xml#AsyncMediation11"/>
    <target href="assembly.xml#PutIntegrationMessage0"/>
  </connections>
  <connections type="routesTo" sourceAnchorX="1.0" sourceAnchorY="0.3617021276595745" targetAnchorX="0.31137724550898205" targetAnchorY="0.32432432432432434">
    <source href="assembly.xml#AsyncMediation"/>
    <target href="assembly.xml#Call_Informing_Mail"/>
  </connections>
  <connections type="routesResponseTo" sourceAnchorX="0.7065868263473054" sourceAnchorY="1.0" targetAnchorX="0.1386861313868613" targetAnchorY="0.43243243243243246">
    <source href="assembly.xml#Call_Informing_Mail"/>
    <target href="assembly.xml#CallBatchAudit"/>
  </connections>
  <connections type="routesResponseTo" sourceAnchorX="0.9854014598540146" sourceAnchorY="1.0" targetAnchorX="0.16589861751152074" targetAnchorY="0.16216216216216217">
    <source href="assembly.xml#CallBatchAudit"/>
    <target href="assembly.xml#Call_Disabling_The_Account"/>
  </connections>
  <connections type="routesResponseTo" sourceAnchorX="0.8202764976958525" sourceAnchorY="1.0" targetAnchorX="0.2348993288590604" targetAnchorY="0.3783783783783784">
    <source href="assembly.xml#Call_Disabling_The_Account"/>
    <target href="assembly.xml#CallDisableAudit"/>
  </connections>
  <swimlanes x="1160" y="160" bgColor="12615935" name="Account Disable">
    <elements href="assembly.xml#Disabling_The_Account"/>
    <elements href="assembly.xml#Disabling_The_Account_Rest_Call"/>
    <elements href="assembly.xml#LogTocheckRecords"/>
    <elements href="assembly.xml#Split_Account_disable_report"/>
    <elements href="#//@swimlanes.1"/>
    <elements href="#//@swimlanes.12"/>
    <elements href="#//@swimlanes.2"/>
    <elements href="assembly.xml#Route"/>
    <elements href="#//@swimlanes.6"/>
    <elements href="assembly.xml#AsyncMediation9"/>
    <elements href="assembly.xml#Call_Aggregator_Audit"/>
  </swimlanes>
  <swimlanes x="934" y="199" name="Swimlane" orientation="VERTICAL">
    <elements href="assembly.xml#Catching_Implementor_Username"/>
    <elements href="assembly.xml#Email_Error_Message_Account_disable"/>
  </swimlanes>
  <swimlanes x="1438" y="180" name="Swimlane">
    <elements href="#//@swimlanes.15"/>
    <elements href="assembly.xml#WorkdayOutSoap"/>
    <elements href="assembly.xml#AsyncMediation0"/>
    <elements href="assembly.xml#AsyncMediation7"/>
  </swimlanes>
  <swimlanes x="48" y="294" bgColor="16777088" name="Swimlane">
    <elements href="assembly.xml#StartHere"/>
    <elements href="assembly.xml#AsyncMediation"/>
    <elements href="assembly.xml#Call_Informing_Mail"/>
    <elements href="assembly.xml#CallBatchAudit"/>
    <elements href="assembly.xml#Call_Disabling_The_Account"/>
    <elements href="assembly.xml#CallDisableAudit"/>
  </swimlanes>
  <swimlanes x="426" y="805" bgColor="16744703" name="Informing Mail">
    <elements href="assembly.xml#Informing_Mail"/>
    <elements href="assembly.xml#Informing_Mail_Rest_Call"/>
    <elements href="assembly.xml#AsyncMediation00"/>
    <elements href="assembly.xml#Informing_Mail_Splitter"/>
    <elements href="#//@swimlanes.5"/>
    <elements href="assembly.xml#Route0"/>
    <elements href="#//@swimlanes.7"/>
    <elements href="assembly.xml#AsyncMediation8"/>
    <elements href="assembly.xml#Call_Aggregator_Audit_For_Informing_Mail"/>
  </swimlanes>
  <swimlanes x="1348" y="562" name="Swimlane" orientation="VERTICAL">
    <elements href="assembly.xml#AsyncMediation10"/>
    <elements href="assembly.xml#Email_Error_Message_for_Informing_mail"/>
  </swimlanes>
  <swimlanes x="2738" y="174" name="Swimlane" orientation="VERTICAL">
    <elements href="#//@swimlanes.8"/>
    <elements href="#//@swimlanes.9"/>
    <elements href="assembly.xml#AsyncMediation5"/>
    <elements href="assembly.xml#AsyncMediation6"/>
  </swimlanes>
  <swimlanes x="1584" y="514" name="Swimlane" orientation="VERTICAL">
    <elements href="#//@swimlanes.10"/>
    <elements href="#//@swimlanes.11"/>
    <elements href="assembly.xml#AsyncMediation3"/>
    <elements href="assembly.xml#AsyncMediation4"/>
  </swimlanes>
  <swimlanes x="2604" y="194" name="Swimlane">
    <elements href="assembly.xml#Account_disable_message"/>
    <elements href="assembly.xml#EmailOut1"/>
  </swimlanes>
  <swimlanes x="2378" y="364" name="Swimlane">
    <elements href="assembly.xml#AsyncMediation1"/>
    <elements href="assembly.xml#EmailOut10"/>
  </swimlanes>
  <swimlanes x="1804" y="818" name="Swimlane">
    <elements href="assembly.xml#Account_disable_message0"/>
    <elements href="assembly.xml#EmailOut0"/>
  </swimlanes>
  <swimlanes x="1800" y="894" name="Swimlane">
    <elements href="assembly.xml#AsyncMediation2"/>
    <elements href="assembly.xml#EmailOut00"/>
  </swimlanes>
  <swimlanes x="1708" y="160" name="Swimlane">
    <elements href="assembly.xml#Route1"/>
  </swimlanes>
  <swimlanes x="3268" y="1917" bgColor="8453888" name="Audit">
    <elements href="assembly.xml#Aggregator_Disable_Audit"/>
    <elements href="#//@swimlanes.14"/>
    <elements href="assembly.xml#AsyncMediation11"/>
    <elements href="assembly.xml#PutIntegrationMessage0"/>
  </swimlanes>
  <swimlanes x="3018" y="1134" name="Batch Audit" orientation="VERTICAL">
    <elements href="assembly.xml#DisableBatchAudit"/>
    <elements href="assembly.xml#Aggregator"/>
  </swimlanes>
  <swimlanes x="2056" y="106" name="Swimlane" orientation="VERTICAL">
    <elements href="assembly.xml#Dsiabling_Workday_Accounts"/>
    <elements href="assembly.xml#AsyncMediation12"/>
    <elements href="assembly.xml#CallErrorAudit"/>
  </swimlanes>
  <swimlanes x="131" y="52" name="INT19106 Flow" orientation="VERTICAL" elements="//@swimlanes.3 //@swimlanes.0 //@swimlanes.4 //@swimlanes.13 //@swimlanes.19 //@swimlanes.17"/>
  <swimlanes x="77" y="2081" bgColor="255" name="Global Error Handler">
    <elements href="assembly.xml#Note-Error"/>
    <elements href="assembly.xml#//@beans/@mixed.1/@mixed.93"/>
  </swimlanes>
  <swimlanes name="Batch Audit" orientation="VERTICAL">
    <elements href="assembly.xml#InformBatchAudit"/>
    <elements href="assembly.xml#Aggregator0"/>
  </swimlanes>
  <swimlanes x="3804" y="1836" bgColor="16744576" name="Audit">
    <elements href="assembly.xml#Aggregator_Inform_Audit"/>
    <elements href="#//@swimlanes.18"/>
    <elements href="assembly.xml#AsyncMediation110"/>
  </swimlanes>
</wdnm:Diagram>
