<?xml version="1.0" encoding="UTF-8"?>
<beans
     xmlns="http://www.springframework.org/schema/beans"
     xmlns:beans="http://www.springframework.org/schema/beans"
     xmlns:atom="http://www.w3.org/2005/Atom"
     xmlns:cc="http://www.capeclear.com/assembly/10"
     xmlns:cloud="urn:com.workday/esb/cloud/10.0"
     xmlns:env="http://schemas.xmlsoap.org/soap/envelope/"
     xmlns:intsys="java:com.workday.esb.intsys.xpath.ParsedIntegrationSystemFunctions"
     xmlns:pi="urn:com.workday/picof"
     xmlns:wd="urn:com.workday/bsvc"
     xmlns:xsi="http://www.w3.org/2001/XMLSchema-instance">
 
	<cc:assembly id="WorkdayAssembly" version="15.0">
	<cc:workday-in id="StartHere" routes-to="SetupData">
<cc:integration-system name="INT9010 Alight Common Data Store Worker Outbound">
        <cloud:param name="Workers">
          <cloud:type>
            <cloud:class-report-field description="All Active and Terminated Workers" type="WID" singular="false">21f35a7672bc4fb19f3560983748d513</cloud:class-report-field>
          </cloud:type>
        </cloud:param>
        <cloud:param name="Date Format">
          <cloud:type>
            <cloud:simple-type>text</cloud:simple-type>
          </cloud:type>
          <cloud:default>
            <cloud:text>[Y0001]-[M01]-[D01]</cloud:text>
          </cloud:default>
        </cloud:param>
        <cloud:param name="Future As of Date">
          <cloud:type>
            <cloud:simple-type>datetime</cloud:simple-type>
          </cloud:type>
          <cloud:default>
            <cloud:class-report-field description="Current Moment (DateTime)" type="WID">df4effe76deb4222a79001d6737cf91c</cloud:class-report-field>
          </cloud:default>
        </cloud:param>
        <cloud:param name="Include Future Hires">
          <cloud:type>
            <cloud:simple-type>boolean</cloud:simple-type>
          </cloud:type>
          <cloud:default>
            <cloud:boolean>true</cloud:boolean>
          </cloud:default>
        </cloud:param>
        <cloud:param name="Include Terms">
          <cloud:type>
            <cloud:simple-type>boolean</cloud:simple-type>
          </cloud:type>
          <cloud:default>
            <cloud:boolean>true</cloud:boolean>
          </cloud:default>
        </cloud:param>
        <cloud:param name="Termination Limit Date">
          <cloud:type>
            <cloud:simple-type>date</cloud:simple-type>
          </cloud:type>
          <cloud:default/>
        </cloud:param>
        <cloud:param name="Include Contingent Workers">
          <cloud:type>
            <cloud:simple-type>boolean</cloud:simple-type>
          </cloud:type>
          <cloud:default>
            <cloud:boolean>true</cloud:boolean>
          </cloud:default>
        </cloud:param>
        <cloud:attribute-map-service name="INT9010R6.1-AttributesAndMaps">
          <cloud:attribute name="Suspended">
            <cloud:type>
              <cloud:class-report-field description="Leave Type" type="WID" singular="true">3ad467f9125a4401b965d1a9efec9a08</cloud:class-report-field>
            </cloud:type>
          </cloud:attribute>
          <cloud:attribute name="Short Work Break">
            <cloud:type>
              <cloud:class-report-field description="Leave Type" type="WID" singular="true">3ad467f9125a4401b965d1a9efec9a08</cloud:class-report-field>
            </cloud:type>
          </cloud:attribute>
          <cloud:attribute name="Retired Pension Admin">
            <cloud:type>
              <cloud:class-report-field description="Primary Termination Reason" type="WID" singular="true">8dca7672eeb1426f9118f7c7362adc28</cloud:class-report-field>
            </cloud:type>
          </cloud:attribute>
          <cloud:attribute name="Deceased">
            <cloud:type>
              <cloud:class-report-field description="Primary Termination Reason" type="WID" singular="true">8dca7672eeb1426f9118f7c7362adc28</cloud:class-report-field>
            </cloud:type>
          </cloud:attribute>
          <cloud:attribute name="Terminated Pension Pay Out">
            <cloud:type>
              <cloud:class-report-field description="Primary Termination Reason" type="WID" singular="true">8dca7672eeb1426f9118f7c7362adc28</cloud:class-report-field>
            </cloud:type>
          </cloud:attribute>
          <cloud:attribute name="Retired">
            <cloud:type>
              <cloud:class-report-field description="Primary Termination Reason" type="WID" singular="true">8dca7672eeb1426f9118f7c7362adc28</cloud:class-report-field>
            </cloud:type>
          </cloud:attribute>
          <cloud:attribute name="Cost Center Hierarchy">
            <cloud:type>
              <cloud:class-report-field description="Organization Type" type="WID" singular="true">dcc84b45ad744aaa997f272a553a7b21</cloud:class-report-field>
            </cloud:type>
          </cloud:attribute>
          <cloud:map name="Exempt">
            <cloud:internal-type>
              <cloud:simple-type>boolean</cloud:simple-type>
            </cloud:internal-type>
            <cloud:external-type>
              <cloud:simple-type>text</cloud:simple-type>
            </cloud:external-type>
          </cloud:map>
          <cloud:map name="Gender">
            <cloud:internal-type>
              <cloud:class-report-field description="Gender" type="WID">91df2bf789d846cfbe203c82f855a708</cloud:class-report-field>
            </cloud:internal-type>
            <cloud:external-type>
              <cloud:simple-type>text</cloud:simple-type>
            </cloud:external-type>
          </cloud:map>
          <cloud:map name="Employee Status">
            <cloud:internal-type>
              <cloud:simple-type>text</cloud:simple-type>
            </cloud:internal-type>
            <cloud:external-type>
              <cloud:simple-type>text</cloud:simple-type>
            </cloud:external-type>
          </cloud:map>
        </cloud:attribute-map-service>
        <cloud:sequence-generator-service name="INT9010R6.1-SequenceGenerator">
          <cloud:sequencer>INT9010R6.1-SequenceGenerator</cloud:sequencer>
        </cloud:sequence-generator-service>
        <cloud:delivery-service name="INT9010R6.1-DeliveryService"/>
        <cloud:service-reference name="INT9010-FieldOverrideService"/>
      </cc:integration-system>
</cc:workday-in>

<cc:local-out id="PutErrorMessage" endpoint="vm://wcc/PutIntegrationMessage">
<cc:set name="is.message.severity" value="'ERROR'"/>
<cc:set name="is.message.summary" value="'Error retrieving workers'"/>
<cc:set name="is.message.detail" value="context.errorMessage"/></cc:local-out>
<cc:async-mediation id="ProcessWorkers" routes-to="AggregatorOutput" continue-after-error="rewind" execute-steps-when="props['close.aggregator'] == false &amp;&amp; props['ok.to.process']" handle-downstream-errors="true">
<cc:steps>
                <cc:eval id="Eval"><cc:expression>props['cchid'] = parts[0].xpath(&quot;wd:Worker/wd:Worker_Data/wd:Organization_Data/wd:Worker_Organization_Data/wd:Organization_Data[wd:Organization_Type_Reference/wd:ID[@wd:type='Organization_Type_ID']='&quot;+props['cc.type'] +&quot;']/wd:Organization_Reference_ID&quot;)</cc:expression><cc:expression>props['term.date'] = parts[0].xpath('wd:Worker/wd:Worker_Data/wd:Employment_Data/wd:Worker_Status_Data/wd:Termination_Date') </cc:expression><cc:expression>props['error.exists'] = false</cc:expression><cc:expression>vars['worker.cch'] = props['org.hash.map'].get(props['cchid'])</cc:expression><cc:expression>props['employee.id'] = parts[0].xpath('wd:Worker/wd:Worker_Data/wd:Worker_ID')</cc:expression><cc:expression>props['most.recent.worker'] =  parts[0].xpathB('wd:Worker/wd:Worker_Data/wd:Integration_Field_Override_Data[wd:Field_Reference/wd:ID[@wd:type=&quot;Integration_Document_Field_Name&quot;] = &quot;Most Recent Worker Flag&quot;]/wd:Value')</cc:expression></cc:eval>
<cc:xslt id="PrepGetWorkerResponse" output-mimetype="text/xml" url="GetWorker-Prep-v2.xsl"/>
                <cc:eval id="Counter"><cc:expression>props['worker.count'] = props['error.exists'] ==  false ? props['worker.count'] + 1 : props['worker.count']</cc:expression></cc:eval>


</cc:steps>
<cc:send-error id="errorHandler" routes-to="Log_TransfromError"/>
</cc:async-mediation>


<cc:async-mediation id="PrepGetWorkers" routes-to="RetrieveMainPopulation" handle-downstream-errors="true">
<cc:steps>
<cc:write id="WriteGetWorkersRequest">
<cc:message><cc:text>&lt;?xml version=&quot;1.0&quot; encoding=&quot;UTF-8&quot;?>&#xD;
&lt;env:Envelope xmlns:env=&quot;http://schemas.xmlsoap.org/soap/envelope/&quot;>&#xD;
    &lt;env:Body>&#xD;
        &lt;wd:Get_Workers_Request&#xD;
            xmlns:wd=&quot;urn:com.workday/bsvc&quot;&#xD;
            wd:version=&quot;v22.0&quot;>&#xD;
&#xD;
			   @if{props['workers'].size() > 0}&#xD;
             &lt;wd:Request_References wd:Skip_Non_Existing_Instances=&quot;true&quot;>&#xD;
&#xD;
                    @foreach{props['workers']}&#xD;
                    &lt;wd:Worker_Reference>&#xD;
                    &lt;wd:ID wd:type=&quot;WID&quot;>@{item}&lt;/wd:ID>&#xD;
                    &lt;/wd:Worker_Reference>&#xD;
                    @end{}&#xD;
&#xD;
            &lt;/wd:Request_References>&#xD;
			   @end{}&#xD;
&#xD;
            &lt;!--&#xD;
             &lt;wd:Request_References wd:Skip_Non_Existing_Instances=&quot;true&quot;>&#xD;
                    &lt;wd:Worker_Reference>&#xD;
	                    &lt;wd:ID wd:type=&quot;WID&quot;>d7e26b0367731042522c9df58b1f4b80&lt;/wd:ID>&#xD;
                    &lt;/wd:Worker_Reference>&#xD;
            &lt;/wd:Request_References>&#xD;
            -->&#xD;
&#xD;
            &lt;wd:Request_Criteria>&#xD;
                &lt;wd:Field_And_Parameter_Criteria_Data>&#xD;
                  &lt;wd:Provider_Reference>&#xD;
                     &lt;wd:ID wd:type=&quot;Integration_System_ID&quot;>@{props['int.name']}&lt;/wd:ID>&#xD;
                  &lt;/wd:Provider_Reference>&#xD;
                &lt;/wd:Field_And_Parameter_Criteria_Data>&#xD;
&#xD;
                &lt;wd:Include_Subordinate_Organizations>false&lt;/wd:Include_Subordinate_Organizations>&#xD;
&#xD;
                @if{props['process.all.terms']== true}&#xD;
                     &lt;wd:Exclude_Inactive_Workers>false&lt;/wd:Exclude_Inactive_Workers>&#xD;
                @end{}&#xD;
                &#xD;
                @if{props['process.all.terms']== false}&#xD;
                     &lt;wd:Exclude_Inactive_Workers>true&lt;/wd:Exclude_Inactive_Workers>&#xD;
                @end{}&#xD;
&#xD;
                &lt;wd:Exclude_Employees>false&lt;/wd:Exclude_Employees>&#xD;
&#xD;
                @if{props['process.cw']  == true}&#xD;
                &lt;wd:Exclude_Contingent_Workers>false&lt;/wd:Exclude_Contingent_Workers>&#xD;
                @end{}&#xD;
&#xD;
                @if{props['process.cw']  == false}&#xD;
                &lt;wd:Exclude_Contingent_Workers>true&lt;/wd:Exclude_Contingent_Workers>&#xD;
                @end{}&#xD;
&#xD;
            &lt;/wd:Request_Criteria>&#xD;
&#xD;
            &lt;wd:Response_Filter>&#xD;
                &lt;wd:As_Of_Effective_Date>@{props['run.date']}&lt;/wd:As_Of_Effective_Date>&#xD;
                &lt;wd:As_Of_Entry_DateTime>@{props['run.datetime']}&lt;/wd:As_Of_Entry_DateTime>&#xD;
                &lt;wd:Page>1&lt;/wd:Page>&#xD;
                &lt;wd:Count>999&lt;/wd:Count>&#xD;
            &lt;/wd:Response_Filter>&#xD;
&#xD;
            &lt;wd:Response_Group>&#xD;
                &lt;wd:Include_Reference>true&lt;/wd:Include_Reference>&#xD;
                &lt;wd:Include_Personal_Information>true&lt;/wd:Include_Personal_Information>&#xD;
                &lt;wd:Include_Employment_Information>true&lt;/wd:Include_Employment_Information>&#xD;
                &lt;wd:Include_Compensation>true&lt;/wd:Include_Compensation>&#xD;
                &lt;wd:Include_Organizations>true&lt;/wd:Include_Organizations>&#xD;
                &lt;wd:Exclude_Organization_Support_Role_Data>true&lt;/wd:Exclude_Organization_Support_Role_Data>&#xD;
                &lt;wd:Exclude_Location_Hierarchies>false&lt;/wd:Exclude_Location_Hierarchies>&#xD;
                &lt;wd:Exclude_Cost_Centers>false&lt;/wd:Exclude_Cost_Centers>&#xD;
                &lt;wd:Exclude_Cost_Center_Hierarchies>false&lt;/wd:Exclude_Cost_Center_Hierarchies>&#xD;
                &lt;wd:Exclude_Companies>false&lt;/wd:Exclude_Companies>&#xD;
                &lt;wd:Exclude_Company_Hierarchies>false&lt;/wd:Exclude_Company_Hierarchies>&#xD;
                &lt;wd:Exclude_Matrix_Organizations>true&lt;/wd:Exclude_Matrix_Organizations>&#xD;
                &lt;wd:Exclude_Pay_Groups>false&lt;/wd:Exclude_Pay_Groups>&#xD;
                &lt;wd:Exclude_Regions>true&lt;/wd:Exclude_Regions>&#xD;
                &lt;wd:Exclude_Region_Hierarchies>true&lt;/wd:Exclude_Region_Hierarchies>&#xD;
                &lt;wd:Exclude_Supervisory_Organizations>false&lt;/wd:Exclude_Supervisory_Organizations>&#xD;
                &lt;wd:Exclude_Teams>true&lt;/wd:Exclude_Teams>&#xD;
                &lt;wd:Exclude_Custom_Organizations>false&lt;/wd:Exclude_Custom_Organizations>&#xD;
                &lt;wd:Include_Roles>false&lt;/wd:Include_Roles>&#xD;
                &lt;wd:Include_Management_Chain_Data>true&lt;/wd:Include_Management_Chain_Data>&#xD;
                &lt;wd:Include_Benefit_Enrollments>false&lt;/wd:Include_Benefit_Enrollments>&#xD;
                &lt;wd:Include_Benefit_Eligibility>false&lt;/wd:Include_Benefit_Eligibility>&#xD;
                &lt;wd:Include_Related_Persons>false&lt;/wd:Include_Related_Persons>&#xD;
                &lt;wd:Include_Qualifications>false&lt;/wd:Include_Qualifications>&#xD;
                &lt;wd:Include_Employee_Review>false&lt;/wd:Include_Employee_Review>&#xD;
                &lt;wd:Include_Goals>false&lt;/wd:Include_Goals>&#xD;
                &lt;wd:Include_Development_Items>false&lt;/wd:Include_Development_Items>&#xD;
                &lt;wd:Include_Photo>false&lt;/wd:Include_Photo>&#xD;
                &lt;wd:Include_Worker_Documents>false&lt;/wd:Include_Worker_Documents>&#xD;
                &lt;wd:Include_Transaction_Log_Data>false&lt;/wd:Include_Transaction_Log_Data>&#xD;
                &lt;wd:Include_Succession_Profile>false&lt;/wd:Include_Succession_Profile>&#xD;
                &lt;wd:Include_Talent_Assessment>false&lt;/wd:Include_Talent_Assessment>&#xD;
                &lt;wd:Include_Employee_Contract_Data>true&lt;/wd:Include_Employee_Contract_Data>&#xD;
                &lt;wd:Include_Feedback_Received>false&lt;/wd:Include_Feedback_Received>&#xD;
                &lt;wd:Include_User_Account>true&lt;/wd:Include_User_Account>&#xD;
                &lt;wd:Include_Career>false&lt;/wd:Include_Career>&#xD;
                &lt;wd:Include_Account_Provisioning>false&lt;/wd:Include_Account_Provisioning>&#xD;
            &lt;/wd:Response_Group>&#xD;
        &lt;/wd:Get_Workers_Request>&#xD;
    &lt;/env:Body>&#xD;
&lt;/env:Envelope></cc:text></cc:message>
</cc:write>
</cc:steps>
<cc:send-error id="GetWorkerErrorHandler" routes-to="PutErrorMessage"/>
</cc:async-mediation>
<cc:async-mediation id="ProcessOutputFile" routes-to="CallPutIntegrationMessage0" handle-downstream-errors="true">
<cc:steps>
                <cc:xslt id="CreatePipeDelimFile" url="INT9010-Final.xsl"/>
<cc:store id="StoreOutputDoc" output="variable" output-variable="output.document" expiresIn="P180D" schema="http://www.w3.org/2005/Atom" summary="@{props['output.filename.sequencer']}" title="@{props['output.filename.sequencer']}"/>
</cc:steps>
<cc:send-error id="errorHandler" routes-to="PutIntegrationMessage0"/>
</cc:async-mediation>
<cc:local-out id="CallPutIntegrationMessage0" endpoint="vm://wcc/PutIntegrationMessage">
<cc:set name="is.message.severity" value="'INFO'"/>
<cc:set name="is.message.summary" value="'Output document attached'"/>
<cc:set name="is.document.variable.name" value="'output.document'"/>
<cc:set name="is.document.deliverable" value="'true'"/>
</cc:local-out>
<cc:local-out id="Log_TransfromError" endpoint="vm://wcc/PutIntegrationMessage">
<cc:set name="is.message.severity" value="'ERROR'"/>
<cc:set name="is.message.summary" value="'Error transforming output for employee ' + props['employee.id'] "/>
<cc:set name="is.message.detail" value="context.errorMessage"/><cc:set name="is.set.error" value="props['error.exists'] = true"/></cc:local-out>
        <cc:local-in id="GetCostCenterHierarchy" routes-to="PrepareOrgRequest"/>
        <cc:local-out id="CallGetCostCenterHierarchy" store-message="none" routes-response-to="HandleFutureHires0" endpoint="vm://INT9010_Alight_Common_Data_Store_Worker_Outbound_R6_1/GetCostCenterHierarchy"/>
        <cc:local-out id="CallGetOrgs" endpoint="vm://wcc/PagedGet"><cc:set name="is.paged.get.request.current.page.xpath" value="'/env:Envelope/env:Body/*/wd:Response_Filter/wd:Page'"/><cc:set name="is.paged.get.response.current.page.xpath" value="'/env:Envelope/env:Body/*/wd:Response_Results/wd:Page'"/><cc:set name="is.paged.get.response.total.pages.xpath" value="'/env:Envelope/env:Body/*/wd:Response_Results/wd:Total_Pages'"/><cc:set name="is.paged.get.response.total.results.xpath" value="'/env:Envelope/env:Body/*/wd:Response_Results/wd:Total_Results'"/><cc:set name="is.paged.get.application" value="'Human_Resources'"/><cc:set name="is.paged.get.version" value="'v20'"/><cc:set name="is.paged.get.page.zero" value="false"/><cc:set name="is.paged.get.store.requests" value="true"/><cc:set name="is.paged.get.process.endpoint" value="'vm://INT9010_Alight_Common_Data_Store_Worker_Outbound_R6_1/ProcessOrgs'"/></cc:local-out>
        <cc:async-mediation id="ProcessOrgResponse" routes-to="AggregateOrgs" continue-after-error="rewind" handle-downstream-errors="false">
            <cc:steps>
                <cc:xslt id="PrepOrgs" url="INT9010_PrepOrgs.xsl"/>
            </cc:steps>
            <cc:send-error id="SendError" routes-to="Log_OrgFomatError"/>
        </cc:async-mediation>
        <cc:local-in id="ProcessOrgs" routes-to="ProcessOrgResponse"/>
        <cc:local-out id="Log_GetOrgError" endpoint="vm://wcc/PutIntegrationMessage"><cc:set name="is.message.severity" value="'INFO'"/><cc:set name="is.message.summary" value="context.errorMessage"/></cc:local-out>
        <cc:local-out id="RetrieveMainPopulation" routes-response-to="Splitter" endpoint="vm://wcc/PagedGet"><cc:set name="is.paged.get.request.current.page.xpath" value="'/env:Envelope/env:Body/*/wd:Response_Filter/wd:Page'"/><cc:set name="is.paged.get.response.current.page.xpath" value="'/env:Envelope/env:Body/*/wd:Response_Results/wd:Page'"/><cc:set name="is.paged.get.response.total.pages.xpath" value="'/env:Envelope/env:Body/*/wd:Response_Results/wd:Total_Pages'"/><cc:set name="is.paged.get.response.total.results.xpath" value="'/env:Envelope/env:Body/*/wd:Response_Results/wd:Total_Results'"/><cc:set name="is.paged.get.application" value="'Human_Resources'"/><cc:set name="is.paged.get.version" value="'v22.0'"/><cc:set name="is.paged.get.page.zero" value="false"/><cc:set name="is.paged.get.store.requests" value="true"/><cc:set name="is.paged.get.aggregate.xpath" value="'/env:Envelope/env:Body/wd:Get_Workers_Response/wd:Response_Data/wd:Worker'"/><cc:set name="is.paged.get.aggregate.header" value="'&lt;Workers>'"/><cc:set name="is.paged.get.aggregate.footer" value="'&lt;/Workers>'"/><cc:set name="is.paged.get.parallel" value="true"/></cc:local-out>
        <cc:send-error id="SendGlobalError" routes-to="GlobalError"/>
        <cc:local-out id="GlobalError" endpoint="vm://wcc/PutIntegrationMessage"><cc:set name="is.message.severity" value="'CRITICAL'"/><cc:set name="is.message.summary" value="'A Critical error has occurred: '"/><cc:set name="is.message.detail" value="context.getErrorMessage()"/></cc:local-out>
        <cc:local-out id="CallProcessWorkersSub" store-message="none" endpoint="vm://INT9010_Alight_Common_Data_Store_Worker_Outbound_R6_1/ProcessWorkersSub"/>
        <cc:splitter id="Splitter">
            <cc:sub-route name="SubRoute" routes-to="CallProcessWorkersSub"/>
            <cc:xml-stream-splitter xpath="Workers/wd:Worker"/>
        </cc:splitter>
        <cc:local-out id="PutIntegrationMessage0" endpoint="vm://wcc/PutIntegrationMessage"><cc:set name="is.message.severity" value="'ERROR'"/><cc:set name="is.message.summary" value="context.errorMessage"/></cc:local-out>
        <cc:local-in id="ProcessWorkersSub" routes-to="ValidateToProcess"/>
        <cc:local-in id="CreateHierarchies" routes-to="StreamOrg"/>
        <cc:splitter id="StreamOrg">
            <cc:sub-route name="RouteOrgForProcessing" routes-to="CreateHierarchy"/>
            <cc:xml-stream-splitter xpath="wd:Organizations/wd:Org"/>
        </cc:splitter>
        <cc:async-mediation id="CreateHierarchy" continue-after-error="rewind" handle-downstream-errors="false">
            <cc:steps>
                <cc:eval id="GetOrgID"><cc:expression>props['low.level.ord.id']= parts[0].xpath('wd:Org/@id')</cc:expression></cc:eval>
                <cc:xslt id="GenerateHierarchy" input="variable" input-variable="cost.center.hierarchy" url="GenerateHierarchy.xsl"/>
                <cc:eval id="AddToHierarchyMap"><cc:expression>props['org.hash.map'].put(props['low.level.ord.id'].toString(), message.getRootPartAsText())</cc:expression></cc:eval>
            </cc:steps>
            <cc:send-error id="SendError" routes-to="Write_ErrorMessage"/>
        </cc:async-mediation>
        <cc:local-out id="Write_ErrorMessage" endpoint="vm://wcc/PutIntegrationMessage"><cc:set name="is.message.severity" value="'ERROR'"/><cc:set name="is.message.summary" value="'Error Creating Hierarchy for org ' + props['low.level.ord.id']"/><cc:set name="is.message.detail" value="context.errorMessage"/></cc:local-out>
        <cc:local-out id="CallProcessOrgs" store-message="none" endpoint="vm://INT9010_Alight_Common_Data_Store_Worker_Outbound_R6_1/CreateHierarchies"/>
        <cc:local-in id="GetTerminatedWorkers" routes-to="PrepareTermRequest"/>
        <cc:async-mediation id="PrepareTermRequest" routes-to="GetTerms" continue-after-error="rewind" handle-downstream-errors="true">
            <cc:steps>
                <cc:write id="Write">
                    <cc:message>
                        <cc:text>&lt;?xml version='1.0' encoding='UTF-8'?>&#xD;
&lt;env:Envelope xmlns:env=&quot;http://schemas.xmlsoap.org/soap/envelope/&quot;>&#xD;
    &lt;env:Body>&#xD;
        &lt;wd:Get_Workers_Request xmlns:wd=&quot;urn:com.workday/bsvc&quot; wd:version=&quot;v16&quot;>&#xD;
&#xD;
  			@if{props['workers'].size() > 0}&#xD;
             &lt;wd:Request_References wd:Skip_Non_Existing_Instances=&quot;true&quot;>&#xD;
&#xD;
                    @foreach{props['workers']}&#xD;
                    &lt;wd:Worker_Reference>&#xD;
                    &lt;wd:ID wd:type=&quot;WID&quot;>@{item}&lt;/wd:ID>&#xD;
                    &lt;/wd:Worker_Reference>&#xD;
                    @end{}&#xD;
            &lt;/wd:Request_References>&#xD;
			@end{}&#xD;
&#xD;
			&lt;wd:Request_Criteria>&#xD;
            &lt;wd:Transaction_Log_Criteria_Data>&#xD;
               &lt;wd:Transaction_Date_Range_Data>&#xD;
                   &lt;wd:Updated_From>2000-01-01T00:00:00&lt;/wd:Updated_From>&#xD;
                   &lt;wd:Updated_Through>@{props['run.datetime']}&lt;/wd:Updated_Through>&#xD;
                   &lt;wd:Effective_From>@{props['lookback.date']}&lt;/wd:Effective_From>&#xD;
                   &lt;wd:Effective_Through>@{props['run.datetime']}&lt;/wd:Effective_Through>&#xD;
               &lt;/wd:Transaction_Date_Range_Data>&#xD;
               &lt;wd:Transaction_Type_References>&#xD;
                   &lt;wd:Transaction_Type_Reference>&#xD;
                       &lt;wd:ID wd:type=&quot;Business_Process_Type&quot;>Terminate Employee&lt;/wd:ID>&#xD;
                   &lt;/wd:Transaction_Type_Reference>&#xD;
                   &lt;wd:Transaction_Type_Reference>&#xD;
                        &lt;wd:ID wd:type=&quot;Business_Process_Type&quot;>End Contingent Worker Contract&lt;/wd:ID>&#xD;
                   &lt;/wd:Transaction_Type_Reference>&#xD;
               &lt;/wd:Transaction_Type_References>&#xD;
            &lt;/wd:Transaction_Log_Criteria_Data>&#xD;
&#xD;
            &lt;wd:Field_And_Parameter_Criteria_Data>&#xD;
               &lt;wd:Provider_Reference>&#xD;
                  &lt;wd:ID wd:type=&quot;Integration_System_ID&quot;>INT9010_Alight_Common_Data_Store_Worker_Outbound_R6_1/INT9010_Alight_Common_Data_Store_Worker_Outbound_R6_1/StartHere&lt;/wd:ID>&#xD;
               &lt;/wd:Provider_Reference>&#xD;
            &lt;/wd:Field_And_Parameter_Criteria_Data>&#xD;
            &lt;wd:Include_Subordinate_Organizations>true&lt;/wd:Include_Subordinate_Organizations>&#xD;
            &lt;wd:Exclude_Inactive_Workers>false&lt;/wd:Exclude_Inactive_Workers>&#xD;
            &lt;wd:Exclude_Employees>false&lt;/wd:Exclude_Employees>&#xD;
            @if{props['process.cw']  == true}&#xD;
            &lt;wd:Exclude_Contingent_Workers>false&lt;/wd:Exclude_Contingent_Workers>&#xD;
            @end{}&#xD;
            @if{props['process.cw']  == false}&#xD;
            &lt;wd:Exclude_Contingent_Workers>true&lt;/wd:Exclude_Contingent_Workers>&#xD;
            @end{}&#xD;
            &lt;/wd:Request_Criteria>&#xD;
            &lt;wd:Response_Filter>&#xD;
                &lt;wd:As_Of_Effective_Date>@{props['run.date']}&lt;/wd:As_Of_Effective_Date>&#xD;
                &lt;wd:As_Of_Entry_DateTime>@{props['run.datetime']}&lt;/wd:As_Of_Entry_DateTime>&#xD;
                &lt;wd:Page>1&lt;/wd:Page>&#xD;
                &lt;wd:Count>999&lt;/wd:Count>&#xD;
            &lt;/wd:Response_Filter>&#xD;
            &lt;wd:Response_Group>&#xD;
                &lt;wd:Include_Reference>true&lt;/wd:Include_Reference>&#xD;
                &lt;wd:Include_Personal_Information>true&lt;/wd:Include_Personal_Information>&#xD;
                &lt;wd:Include_Employment_Information>true&lt;/wd:Include_Employment_Information>&#xD;
                &lt;wd:Include_Compensation>true&lt;/wd:Include_Compensation>&#xD;
                &lt;wd:Include_Organizations>true&lt;/wd:Include_Organizations>&#xD;
                &lt;wd:Exclude_Organization_Support_Role_Data>true&lt;/wd:Exclude_Organization_Support_Role_Data>&#xD;
                &lt;wd:Exclude_Location_Hierarchies>false&lt;/wd:Exclude_Location_Hierarchies>&#xD;
                &lt;wd:Exclude_Cost_Centers>false&lt;/wd:Exclude_Cost_Centers>&#xD;
                &lt;wd:Exclude_Cost_Center_Hierarchies>false&lt;/wd:Exclude_Cost_Center_Hierarchies>&#xD;
                &lt;wd:Exclude_Companies>false&lt;/wd:Exclude_Companies>&#xD;
                &lt;wd:Exclude_Company_Hierarchies>false&lt;/wd:Exclude_Company_Hierarchies>&#xD;
                &lt;wd:Exclude_Matrix_Organizations>true&lt;/wd:Exclude_Matrix_Organizations>&#xD;
                &lt;wd:Exclude_Pay_Groups>false&lt;/wd:Exclude_Pay_Groups>&#xD;
                &lt;wd:Exclude_Regions>true&lt;/wd:Exclude_Regions>&#xD;
                &lt;wd:Exclude_Region_Hierarchies>true&lt;/wd:Exclude_Region_Hierarchies>&#xD;
                &lt;wd:Exclude_Supervisory_Organizations>false&lt;/wd:Exclude_Supervisory_Organizations>&#xD;
                &lt;wd:Exclude_Teams>true&lt;/wd:Exclude_Teams>&#xD;
                &lt;wd:Exclude_Custom_Organizations>false&lt;/wd:Exclude_Custom_Organizations>&#xD;
                &lt;wd:Include_Roles>false&lt;/wd:Include_Roles>&#xD;
                &lt;wd:Include_Management_Chain_Data>true&lt;/wd:Include_Management_Chain_Data>&#xD;
                &lt;wd:Include_Benefit_Enrollments>false&lt;/wd:Include_Benefit_Enrollments>&#xD;
                &lt;wd:Include_Benefit_Eligibility>false&lt;/wd:Include_Benefit_Eligibility>&#xD;
                &lt;wd:Include_Related_Persons>false&lt;/wd:Include_Related_Persons>&#xD;
                &lt;wd:Include_Qualifications>false&lt;/wd:Include_Qualifications>&#xD;
                &lt;wd:Include_Employee_Review>false&lt;/wd:Include_Employee_Review>&#xD;
                &lt;wd:Include_Goals>false&lt;/wd:Include_Goals>&#xD;
                &lt;wd:Include_Development_Items>false&lt;/wd:Include_Development_Items>&#xD;
                &lt;wd:Include_Photo>false&lt;/wd:Include_Photo>&#xD;
                &lt;wd:Include_Worker_Documents>false&lt;/wd:Include_Worker_Documents>&#xD;
                &lt;wd:Include_Transaction_Log_Data>false&lt;/wd:Include_Transaction_Log_Data>&#xD;
                &lt;wd:Include_Succession_Profile>false&lt;/wd:Include_Succession_Profile>&#xD;
                &lt;wd:Include_Talent_Assessment>false&lt;/wd:Include_Talent_Assessment>&#xD;
                &lt;wd:Include_Employee_Contract_Data>true&lt;/wd:Include_Employee_Contract_Data>&#xD;
                &lt;wd:Include_Feedback_Received>false&lt;/wd:Include_Feedback_Received>&#xD;
                &lt;wd:Include_User_Account>true&lt;/wd:Include_User_Account>&#xD;
                &lt;wd:Include_Career>false&lt;/wd:Include_Career>&#xD;
                &lt;wd:Include_Account_Provisioning>false&lt;/wd:Include_Account_Provisioning>&#xD;
            &lt;/wd:Response_Group>&#xD;
        &lt;/wd:Get_Workers_Request>&#xD;
    &lt;/env:Body>&#xD;
&lt;/env:Envelope>&#xD;
</cc:text>
                    </cc:message>
                </cc:write>
                <cc:log id="Log">
                    <cc:log-message>
                        <cc:line-separator/>
                        <cc:text>&#xD;
---------------- GetWorkers Webservice Request for pulling Terminated Employee Data ---------------------&#xD;
</cc:text>
                        <cc:line-separator/>
                    </cc:log-message>
                </cc:log>
            </cc:steps>
            <cc:send-error id="SendError" routes-to="Log_TermRequestError"/>
        </cc:async-mediation>
        <cc:local-out id="Log_TermRequestError" endpoint="vm://wcc/PutIntegrationMessage"><cc:set name="is.message.severity" value="'CRITICAL'"/><cc:set name="is.message.summary" value="'Error Preparing Term Request'"/><cc:set name="is.message.detail" value="context.errorMessage"/></cc:local-out>
        <cc:local-out id="GetTerms" routes-response-to="SplitTerms" endpoint="vm://wcc/PagedGet">
            <cc:set name="is.paged.get.request.current.page.xpath" value="'/env:Envelope/env:Body/*/wd:Response_Filter/wd:Page'"/>
            <cc:set name="is.paged.get.response.current.page.xpath" value="'/env:Envelope/env:Body/*/wd:Response_Results/wd:Page'"/>
            <cc:set name="is.paged.get.response.total.pages.xpath" value="'/env:Envelope/env:Body/*/wd:Response_Results/wd:Total_Pages'"/>
            <cc:set name="is.paged.get.response.total.results.xpath" value="'/env:Envelope/env:Body/*/wd:Response_Results/wd:Total_Results'"/>
            <cc:set name="is.paged.get.application" value="'Human_Resources'"/>
            <cc:set name="is.paged.get.version" value="'v22.0'"/>
            <cc:set name="is.paged.get.page.zero" value="false"/>
            <cc:set name="is.paged.get.store.requests" value="true"/>
            <cc:set name="is.paged.get.aggregate.xpath" value="'/env:Envelope/env:Body/wd:Get_Workers_Response/wd:Response_Data/wd:Worker'"/>
            <cc:set name="is.paged.get.aggregate.header" value="'&lt;Workers>'"/>
            <cc:set name="is.paged.get.aggregate.footer" value="'&lt;/Workers>'"/>
            <cc:set name="is.paged.get.parallel" value="true"/>
        </cc:local-out>
        <cc:splitter id="SplitTerms" no-split-message-error="false">
            <cc:sub-route name="RouteTerms" routes-to="EvaluateTermRecord"/>
            <cc:xml-stream-splitter xpath="Workers/wd:Worker"/>
        </cc:splitter>
        <cc:local-out id="ProcessTerm" store-message="none" execute-when="props['most.recent.worker'] &amp;&amp; props['termed'] == true" endpoint="vm://INT9010_Alight_Common_Data_Store_Worker_Outbound_R6_1/ProcessWorkersSub"/>
        <cc:local-in id="HandleMainPopulation" routes-to="PrepGetWorkers"/>
        <cc:local-out id="CallProcessMainPopulation" store-message="none" routes-response-to="ProcessLimitedTerms" endpoint="vm://INT9010_Alight_Common_Data_Store_Worker_Outbound_R6_1/HandleMainPopulation"/>
        <cc:local-out id="ProcessLimitedTerms" store-message="none" execute-when="props['process.limited.terms'] == true" routes-response-to="CloseAggregator" endpoint="vm://INT9010_Alight_Common_Data_Store_Worker_Outbound_R6_1/GetTerminatedWorkers"/>
        <cc:async-mediation id="CloseAggregator" routes-to="CallCreateFile">
            <cc:steps>
                <cc:eval id="CloseAgg"><cc:expression>props['close.aggregator'] = true</cc:expression></cc:eval>
            </cc:steps>
        </cc:async-mediation>
        <cc:local-out id="CallCreateFile" store-message="none" endpoint="vm://INT9010_Alight_Common_Data_Store_Worker_Outbound_R6_1/ProcessWorkersSub"/>
        <cc:async-mediation id="PrepareOrgRequest" routes-to="CallGetOrgs" continue-after-error="rewind" handle-downstream-errors="true">
            <cc:steps>
                <cc:eval id="Eval"><cc:expression>props['cc.type'] = intsys.getAttributeReferenceData('Cost Center Hierarchy', 'Organization_Type_ID')</cc:expression><cc:expression>props['org.hash.map'] = new java.util.HashMap()</cc:expression></cc:eval>
                <cc:write id="PrepareGetOrgRequest">
                    <cc:message>
                        <cc:text>&lt;?xml version=&quot;1.0&quot; encoding=&quot;UTF-8&quot;?>&#xD;
&lt;env:Envelope&#xD;
    xmlns:env=&quot;http://schemas.xmlsoap.org/soap/envelope/&quot;&#xD;
    xmlns:xsd=&quot;http://www.w3.org/2001/XMLSchema&quot;>&#xD;
    &lt;env:Body>&#xD;
        &lt;wd:Get_Organizations_Request&#xD;
            xmlns:wd=&quot;urn:com.workday/bsvc&quot;&#xD;
            wd:version=&quot;v16&quot;>   &#xD;
            &lt;wd:Request_Criteria>&#xD;
            &lt;!--&#xD;
                &lt;wd:Organization_Type_Reference>&#xD;
                    &lt;wd:ID wd:type=&quot;Organization_Type_ID&quot;>COST_CENTER&lt;/wd:ID>&#xD;
                &lt;/wd:Organization_Type_Reference>&#xD;
                -->&#xD;
               &lt;wd:Organization_Type_Reference>&#xD;
                    &lt;wd:ID wd:type=&quot;Organization_Type_ID&quot;>@{props['cc.type']}&lt;/wd:ID>&#xD;
                &lt;/wd:Organization_Type_Reference>&#xD;
                &lt;wd:Include_Inactive>true&lt;/wd:Include_Inactive>&#xD;
            &lt;/wd:Request_Criteria>&#xD;
            &lt;wd:Response_Filter>&#xD;
                &lt;wd:Count>999&lt;/wd:Count>&#xD;
            &lt;/wd:Response_Filter>&#xD;
        &lt;/wd:Get_Organizations_Request>&#xD;
    &lt;/env:Body>&#xD;
&lt;/env:Envelope></cc:text>
                    </cc:message>
                </cc:write>
                <cc:log id="Log">
                    <cc:log-message>
                        <cc:line-separator/>
                        <cc:text>&#xD;
----------Get Organizations Webservice Request ----------------&#xD;
&#xD;
</cc:text>
                        <cc:line-separator/>
                    </cc:log-message>
                </cc:log>
            </cc:steps>
            <cc:send-error id="SendError" routes-to="Log_GetOrgError"/>
        </cc:async-mediation>
        <cc:aggregator id="AggregateOrgs" routes-to="StoreOrgInfo" force-batch-when="props['is.paged.get.last.page']  == true">
            <cc:size-batch-strategy batch-size="-1"/>
            <cc:xml-message-content-collater xpath="/wd:Organizations/wd:Org">
        <cc:header-text>&lt;wd:Organizations xmlns:wd=&quot;urn:com.workday/bsvc&quot;></cc:header-text>
        <cc:footer-text>&lt;/wd:Organizations></cc:footer-text>
      </cc:xml-message-content-collater>
        </cc:aggregator>
        <cc:local-out id="Log_OrgFomatError" endpoint="vm://wcc/PutIntegrationMessage"><cc:set name="is.message.severity" value="'ERROR'"/><cc:set name="is.message.summary" value="'Error Transorming Organizations'"/><cc:set name="is.message.detail" value="context.errorMessage"/></cc:local-out>
        <cc:async-mediation id="SetupData" routes-to="CallGetCostCenterHierarchy">
            <cc:steps>
                <cc:eval id="InitializeProps"><cc:expression>//props['output.filename.sequencer'] = lp.getSequencedValue('INT0500B6.1-SequenceGenerator');&#xD;
props['output.filename.sequencer'] = lp.getSequencedValue('INT9010R6.1-SequenceGenerator')</cc:expression><cc:expression>props['run.date'] = util.currentDateAsString()</cc:expression><cc:expression>props['run.datetime'] = util.currentDateTimeAsString()</cc:expression>
                    <cc:expression>props['run.date.plus.one'] = parts[0].xpath(&quot;xs:date(\'&quot;+props['run.date']+&quot;\') + &quot; + 1 + &quot; *xs:dayTimeDuration('P1D')&quot;)</cc:expression><cc:expression>props['leave.type.short.work.break'] = intsys.getAttribute('Short Work Break')</cc:expression><cc:expression>props['suspended.leave.types'] = intsys.getAttributeReferenceDataList('Suspended Leave Types', 'Leave_of_Absence_Type_ID');  props['suspended.leave.types.string']  = util.listToCommaDelimString(props['suspended.leave.types'])</cc:expression><cc:expression>props['term.reason.pension.pay.out'] = intsys.getAttribute('Terminated Pension Pay Out')</cc:expression><cc:expression>props['term.reason.deceased'] = intsys.getAttributeReferenceData('Deceased', 'Termination_Subcategory_ID')</cc:expression><cc:expression>props['term.reason.retired.pension.admin'] = intsys.getAttributeReferenceData('Retired Pension Admin', 'Termination_Subcategory_ID')</cc:expression><cc:expression>props['term.reason.retired'] = intsys.getAttributeReferenceDataList('Retired', 'Termination_Subcategory_ID');  props['retired.term.types.string']  = util.listToCommaDelimString(props['term.reason.retired'])</cc:expression><cc:expression>props['workers'] =  lp.getReferenceDataList('Workers', 'WID')</cc:expression><cc:expression>props['date.format'] = lp.getSimpleData('Date Format') </cc:expression><cc:expression>props['as.of.datetime'] = lp.getSimpleData('Future As of Date')</cc:expression><cc:expression>props['as.of.date'] = props['as.of.datetime'].toString().substring(0, 10)</cc:expression>
                    <cc:expression>props['includefuturehire'] = (Boolean)lp.getSimpleData('Include Future Hires')</cc:expression><cc:expression>props['includeterms'] = (Boolean)lp.getSimpleData('Include Terms')</cc:expression><cc:expression>props['int.name'] = intsys.getName()</cc:expression><cc:expression>props['is.personal.data.changed'] = false</cc:expression><cc:expression>props['close.aggregator'] = false</cc:expression><cc:expression>props['include.limited.terms'] = (Boolean)lp.exists('Termination Limit Date')</cc:expression><cc:expression>props['lookback.date'] = lp.getSimpleData('Termination Limit Date')</cc:expression><cc:expression>props['process.all.terms'] = props['includeterms'] == true &amp;&amp; props['include.limited.terms'] == false</cc:expression><cc:expression>props['process.limited.terms'] =  props['includeterms'] == true &amp;&amp; props['include.limited.terms'] == true</cc:expression><cc:expression>props['process.cw']  =  (Boolean)lp.getSimpleData('Include Contingent Workers')</cc:expression>
                    <cc:expression>props['ee.ids.hashset'] = new java.util.HashSet();</cc:expression></cc:eval>
                <cc:log id="Log">
                    <cc:log-message>
                        <cc:line-separator/>
                        <cc:text>&#xD;
---------------- Lauch Parameter Values ------------------&#xD;
&#xD;
props['run.date'] : @{props['run.date']}&#xD;
props['run.datetime'] : @{props['run.datetime']}&#xD;
props['date.format'] : @{props['date.format']}&#xD;
props['as.of.datetime'] : @{props['as.of.datetime']}&#xD;
props['as.of.date'] : @{props['as.of.date']}&#xD;
props['includeterms'] : @{props['includeterms']}&#xD;
props['include.limited.terms'] : @{props['include.limited.terms']}&#xD;
props['lookback.date'] : @{props['lookback.date']}&#xD;
props['process.all.terms'] : @{props['process.all.terms']}&#xD;
props['process.limited.terms'] : @{props['process.limited.terms']}&#xD;
props['process.cw'] : @{props['process.cw']}&#xD;
&#xD;
</cc:text>
                        <cc:line-separator/>
                    </cc:log-message>
                </cc:log>
            </cc:steps>
        </cc:async-mediation>
        <cc:async-mediation id="StoreOrgInfo" routes-to="CallProcessOrgs">
            <cc:steps>
                <cc:copy id="Save" output="variable" output-variable="cost.center.hierarchy"/>
            </cc:steps>
        </cc:async-mediation>
        <cc:async-mediation id="EvaluateTermRecord" routes-to="ProcessTerm">
            <cc:steps>
                <cc:eval id="Eval"><cc:expression>props['active'] = parts[0].xpath('/wd:Worker/wd:Worker_Data/wd:Employment_Data/wd:Worker_Status_Data/wd:Active')</cc:expression><cc:expression>props['termed'] = parts[0].xpath('/wd:Worker/wd:Worker_Data/wd:Employment_Data/wd:Worker_Status_Data/wd:Terminated') == '1' ? true : false</cc:expression><cc:expression>props['most.recent.worker'] = parts[0].xpathB('/wd:Worker/wd:Worker_Data/wd:Integration_Field_Override_Data[wd:Field_Reference/wd:ID[@wd:type=&quot;Integration_Document_Field_Name&quot;] = &quot;Most Recent Worker Flag&quot;]/wd:Value')</cc:expression><cc:expression>props['termWID'] = parts[0].xpath('/wd:Worker/wd:Worker_Reference/wd:ID[@wd:type=&quot;WID&quot;]')</cc:expression><cc:expression>props['isEmployee'] = parts[0].xpathB('/wd:Worker/wd:Worker_Reference/wd:ID[@wd:type=&quot;Employee_ID&quot;]')</cc:expression></cc:eval>
            </cc:steps>
        </cc:async-mediation>
        <cc:aggregator id="AggregatorOutput" routes-to="ProcessOutputFile" collate-when="parts[0].xpathB('WORKER/EMPLID') == true &amp;&amp; props['close.aggregator'] == false" force-batch-on-last-message="false" force-batch-when="props['close.aggregator'] == true">
            <cc:size-batch-strategy batch-size="-1"/>
            <cc:xml-message-content-collater>
        <cc:header-text>&lt;wd:Workers xmlns:wd=&quot;urn:com.workday/bsvc&quot;></cc:header-text>
        <cc:footer-text>&lt;/wd:Workers></cc:footer-text>
      </cc:xml-message-content-collater>
        </cc:aggregator>
        <cc:local-in id="HandleFutureHires" routes-to="AsyncMediation"/>
        <cc:async-mediation id="AsyncMediation" routes-to="RetrieveMainPopulation" handle-downstream-errors="true">
            <cc:steps>
                <cc:write id="WriteGetFutureHireRquest">
                    <cc:message>
                        <cc:text>&lt;?xml version=&quot;1.0&quot; encoding=&quot;UTF-8&quot;?>&#xD;
&lt;env:Envelope xmlns:env=&quot;http://schemas.xmlsoap.org/soap/envelope/&quot;>&#xD;
    &lt;env:Body>&#xD;
        &lt;wd:Get_Workers_Request xmlns:wd=&quot;urn:com.workday/bsvc&quot; wd:version=&quot;v32.0&quot;>&#xD;
            @if{props['workers'].size() > 0}&#xD;
            &lt;wd:Request_References wd:Skip_Non_Existing_Instances=&quot;true&quot;>&#xD;
&#xD;
               @foreach{props['workers']}&#xD;
               &lt;wd:Worker_Reference>&#xD;
               &lt;wd:ID wd:type=&quot;WID&quot;>@{item}&lt;/wd:ID>&#xD;
               &lt;/wd:Worker_Reference>&#xD;
            @end{}&#xD;
&#xD;
            &lt;/wd:Request_References>&#xD;
            @end{}&#xD;
&#xD;
            &lt;!--&#xD;
             &lt;wd:Request_References wd:Skip_Non_Existing_Instances=&quot;true&quot;>&#xD;
                    &lt;wd:Worker_Reference>&#xD;
                       &lt;wd:ID wd:type=&quot;WID&quot;>d7e26b0367731042522c9df58b1f4b80&lt;/wd:ID>&#xD;
                    &lt;/wd:Worker_Reference>&#xD;
            &lt;/wd:Request_References>&#xD;
            -->&#xD;
&#xD;
            &lt;wd:Request_Criteria>&#xD;
&#xD;
                &lt;wd:Transaction_Log_Criteria_Data>&#xD;
                    &lt;wd:Transaction_Date_Range_Data>&#xD;
                        &lt;wd:Updated_From>1901-01-01&lt;/wd:Updated_From>&#xD;
                        &lt;wd:Updated_Through>@{props['run.datetime']}&lt;/wd:Updated_Through>&#xD;
                        &lt;wd:Effective_From>@{props['run.date.plus.one']}&lt;/wd:Effective_From>&#xD;
                        &lt;wd:Effective_Through>@{props['as.of.date']}&lt;/wd:Effective_Through>&#xD;
                    &lt;/wd:Transaction_Date_Range_Data>&#xD;
&#xD;
                    &lt;wd:Transaction_Type_References>&#xD;
                        &lt;wd:Transaction_Type_Reference>&#xD;
                            &lt;wd:ID wd:type=&quot;Business_Process_Type&quot;>Hire Employee&lt;/wd:ID>&#xD;
                        &lt;/wd:Transaction_Type_Reference>                        &#xD;
                    &lt;/wd:Transaction_Type_References>&#xD;
                &lt;/wd:Transaction_Log_Criteria_Data>&#xD;
&#xD;
                &lt;wd:Field_And_Parameter_Criteria_Data>&#xD;
                  &lt;wd:Provider_Reference>&#xD;
                     &lt;wd:ID wd:type=&quot;Integration_System_ID&quot;>@{props['int.name']}&lt;/wd:ID>&#xD;
                  &lt;/wd:Provider_Reference>&#xD;
                &lt;/wd:Field_And_Parameter_Criteria_Data>&#xD;
&#xD;
                &lt;wd:Include_Subordinate_Organizations>false&lt;/wd:Include_Subordinate_Organizations>&#xD;
&#xD;
                @if{props['process.all.terms']== true}&#xD;
                     &lt;wd:Exclude_Inactive_Workers>false&lt;/wd:Exclude_Inactive_Workers>&#xD;
                @end{}&#xD;
                &#xD;
                @if{props['process.all.terms']== false}&#xD;
                     &lt;wd:Exclude_Inactive_Workers>true&lt;/wd:Exclude_Inactive_Workers>&#xD;
                @end{}&#xD;
&#xD;
                &lt;wd:Exclude_Employees>false&lt;/wd:Exclude_Employees>&#xD;
&#xD;
                @if{props['process.cw']  == true}&#xD;
                &lt;wd:Exclude_Contingent_Workers>false&lt;/wd:Exclude_Contingent_Workers>&#xD;
                @end{}&#xD;
&#xD;
                @if{props['process.cw']  == false}&#xD;
                &lt;wd:Exclude_Contingent_Workers>true&lt;/wd:Exclude_Contingent_Workers>&#xD;
                @end{}&#xD;
&#xD;
            &lt;/wd:Request_Criteria>&#xD;
            &lt;wd:Response_Filter>&#xD;
                &lt;wd:As_Of_Effective_Date>@{props['as.of.date']}&lt;/wd:As_Of_Effective_Date>&#xD;
                &lt;wd:As_Of_Entry_DateTime>@{props['run.datetime']}&lt;/wd:As_Of_Entry_DateTime>&#xD;
                &lt;wd:Page>1&lt;/wd:Page>&#xD;
                &lt;wd:Count>999&lt;/wd:Count>&#xD;
            &lt;/wd:Response_Filter>&#xD;
&#xD;
            &lt;wd:Response_Group>&#xD;
                &lt;wd:Include_Reference>true&lt;/wd:Include_Reference>&#xD;
                &lt;wd:Include_Personal_Information>true&lt;/wd:Include_Personal_Information>&#xD;
                &lt;wd:Include_Employment_Information>true&lt;/wd:Include_Employment_Information>&#xD;
                &lt;wd:Include_Compensation>true&lt;/wd:Include_Compensation>&#xD;
                &lt;wd:Include_Organizations>true&lt;/wd:Include_Organizations>&#xD;
                &lt;wd:Exclude_Organization_Support_Role_Data>true&lt;/wd:Exclude_Organization_Support_Role_Data>&#xD;
                &lt;wd:Exclude_Location_Hierarchies>false&lt;/wd:Exclude_Location_Hierarchies>&#xD;
                &lt;wd:Exclude_Cost_Centers>false&lt;/wd:Exclude_Cost_Centers>&#xD;
                &lt;wd:Exclude_Cost_Center_Hierarchies>false&lt;/wd:Exclude_Cost_Center_Hierarchies>&#xD;
                &lt;wd:Exclude_Companies>false&lt;/wd:Exclude_Companies>&#xD;
                &lt;wd:Exclude_Company_Hierarchies>false&lt;/wd:Exclude_Company_Hierarchies>&#xD;
                &lt;wd:Exclude_Matrix_Organizations>true&lt;/wd:Exclude_Matrix_Organizations>&#xD;
                &lt;wd:Exclude_Pay_Groups>false&lt;/wd:Exclude_Pay_Groups>&#xD;
                &lt;wd:Exclude_Regions>true&lt;/wd:Exclude_Regions>&#xD;
                &lt;wd:Exclude_Region_Hierarchies>true&lt;/wd:Exclude_Region_Hierarchies>&#xD;
                &lt;wd:Exclude_Supervisory_Organizations>false&lt;/wd:Exclude_Supervisory_Organizations>&#xD;
                &lt;wd:Exclude_Teams>true&lt;/wd:Exclude_Teams>&#xD;
                &lt;wd:Exclude_Custom_Organizations>false&lt;/wd:Exclude_Custom_Organizations>&#xD;
                &lt;wd:Include_Roles>false&lt;/wd:Include_Roles>&#xD;
                &lt;wd:Include_Management_Chain_Data>true&lt;/wd:Include_Management_Chain_Data>&#xD;
                &lt;wd:Include_Benefit_Enrollments>false&lt;/wd:Include_Benefit_Enrollments>&#xD;
                &lt;wd:Include_Benefit_Eligibility>false&lt;/wd:Include_Benefit_Eligibility>&#xD;
                &lt;wd:Include_Related_Persons>false&lt;/wd:Include_Related_Persons>&#xD;
                &lt;wd:Include_Qualifications>false&lt;/wd:Include_Qualifications>&#xD;
                &lt;wd:Include_Employee_Review>false&lt;/wd:Include_Employee_Review>&#xD;
                &lt;wd:Include_Goals>false&lt;/wd:Include_Goals>&#xD;
                &lt;wd:Include_Development_Items>false&lt;/wd:Include_Development_Items>&#xD;
                &lt;wd:Include_Photo>false&lt;/wd:Include_Photo>&#xD;
                &lt;wd:Include_Worker_Documents>false&lt;/wd:Include_Worker_Documents>&#xD;
                &lt;wd:Include_Transaction_Log_Data>false&lt;/wd:Include_Transaction_Log_Data>&#xD;
                &lt;wd:Include_Succession_Profile>false&lt;/wd:Include_Succession_Profile>&#xD;
                &lt;wd:Include_Talent_Assessment>false&lt;/wd:Include_Talent_Assessment>&#xD;
                &lt;wd:Include_Employee_Contract_Data>true&lt;/wd:Include_Employee_Contract_Data>&#xD;
                &lt;wd:Include_Feedback_Received>false&lt;/wd:Include_Feedback_Received>&#xD;
                &lt;wd:Include_User_Account>true&lt;/wd:Include_User_Account>&#xD;
                &lt;wd:Include_Career>false&lt;/wd:Include_Career>&#xD;
                &lt;wd:Include_Account_Provisioning>false&lt;/wd:Include_Account_Provisioning>&#xD;
            &lt;/wd:Response_Group>&#xD;
        &lt;/wd:Get_Workers_Request>&#xD;
    &lt;/env:Body>&#xD;
&lt;/env:Envelope>&#xD;
</cc:text>
                    </cc:message>
                </cc:write>
            </cc:steps>
            <cc:send-error id="GetWorkerFutureErrorHandler" routes-to="PutFutureHireErrorMessages"/>
        </cc:async-mediation>
        <cc:local-out id="HandleFutureHires0" execute-when="props['includefuturehire'] == true" routes-response-to="CallProcessMainPopulation" endpoint="vm://INT9010_Alight_Common_Data_Store_Worker_Outbound_R6_1/HandleFutureHires"/>
        <cc:local-out id="PutFutureHireErrorMessages" endpoint="vm://wcc/PutIntegrationMessage"><cc:set name="is.message.severity" value="'WARNING'"/><cc:set name="is.message.summary" value="'Either no future dated hires for processing or issue processing future dated hire employees'"/></cc:local-out>
        <cc:async-mediation id="ValidateToProcess" routes-to="ProcessWorkers" handle-downstream-errors="true">
            <cc:steps>
                <cc:eval id="Eval">
                    <cc:expression>props['employee.id'] = parts[0].xpath('wd:Worker/wd:Worker_Data/wd:Worker_ID');</cc:expression>
                    <cc:expression>props['ok.to.process'] = props['ee.ids.hashset'].contains(props['employee.id']) ? false : true</cc:expression>
                    <cc:expression>props['ee.ids.hashset'].add(props['employee.id'])</cc:expression>
                </cc:eval>
            </cc:steps>
            <cc:send-error id="SendError" routes-to="Log_TransfromError"/>
        </cc:async-mediation>
</cc:assembly>

</beans>