<?xml version="1.0" encoding="UTF-8"?>
<wdnm:Diagram xmlns:wdnm="http://workday.com/studio/editors/notation">
  <element href="assembly.xml#WorkdayAssembly"/>
  <visualProperties x="83" y="-180">
    <element href="assembly.xml#StartHere"/>
  </visualProperties>
  <visualProperties x="507" y="239">
    <element href="assembly.xml#PutErrorMessage"/>
  </visualProperties>
  <visualProperties x="494" y="702">
    <element href="assembly.xml#ProcessWorkers"/>
  </visualProperties>
  <visualProperties x="257" y="151">
    <element href="assembly.xml#PrepGetWorkers"/>
  </visualProperties>
  <visualProperties x="1021" y="690">
    <element href="assembly.xml#ProcessOutputFile"/>
  </visualProperties>
  <visualProperties x="1298" y="710">
    <element href="assembly.xml#CallPutIntegrationMessage0"/>
  </visualProperties>
  <visualProperties x="443" y="879">
    <element href="assembly.xml#Log_TransfromError"/>
  </visualProperties>
  <visualProperties x="34" y="1077">
    <element href="assembly.xml#GetCostCenterHierarchy"/>
  </visualProperties>
  <visualProperties x="466" y="-171">
    <element href="assembly.xml#CallGetCostCenterHierarchy"/>
  </visualProperties>
  <visualProperties x="596" y="1087">
    <element href="assembly.xml#CallGetOrgs"/>
  </visualProperties>
  <visualProperties x="983" y="1066">
    <element href="assembly.xml#ProcessOrgResponse"/>
  </visualProperties>
  <visualProperties x="813" y="1101">
    <element href="assembly.xml#ProcessOrgs"/>
  </visualProperties>
  <visualProperties x="334" y="1182">
    <element href="assembly.xml#Log_GetOrgError"/>
  </visualProperties>
  <visualProperties x="596" y="181">
    <element href="assembly.xml#RetrieveMainPopulation"/>
  </visualProperties>
  <visualProperties x="58" y="2120">
    <element href="assembly.xml#//@beans/@mixed.1/@mixed.29"/>
  </visualProperties>
  <visualProperties x="261" y="2120">
    <element href="assembly.xml#GlobalError"/>
  </visualProperties>
  <visualProperties x="1021" y="217">
    <element href="assembly.xml#CallProcessWorkersSub"/>
  </visualProperties>
  <visualProperties x="831" y="181">
    <element href="assembly.xml#Splitter"/>
  </visualProperties>
  <visualProperties x="1041" y="843">
    <element href="assembly.xml#PutIntegrationMessage0"/>
  </visualProperties>
  <visualProperties x="80" y="746">
    <element href="assembly.xml#ProcessWorkersSub"/>
  </visualProperties>
  <visualProperties x="34" y="1520">
    <element href="assembly.xml#CreateHierarchies"/>
  </visualProperties>
  <visualProperties x="250" y="1457">
    <element href="assembly.xml#StreamOrg"/>
  </visualProperties>
  <visualProperties x="514" y="1529">
    <element href="assembly.xml#CreateHierarchy"/>
  </visualProperties>
  <visualProperties x="897" y="1611">
    <element href="assembly.xml#Write_ErrorMessage"/>
  </visualProperties>
  <visualProperties x="1562" y="1117">
    <element href="assembly.xml#CallProcessOrgs"/>
  </visualProperties>
  <visualProperties x="55" y="1858">
    <element href="assembly.xml#GetTerminatedWorkers"/>
  </visualProperties>
  <visualProperties x="300" y="1815">
    <element href="assembly.xml#PrepareTermRequest"/>
  </visualProperties>
  <visualProperties x="286" y="1963">
    <element href="assembly.xml#Log_TermRequestError"/>
  </visualProperties>
  <visualProperties x="528" y="1858">
    <element href="assembly.xml#GetTerms"/>
  </visualProperties>
  <visualProperties x="675" y="1797">
    <element href="assembly.xml#SplitTerms"/>
  </visualProperties>
  <visualProperties x="1042" y="1927">
    <element href="assembly.xml#ProcessTerm"/>
  </visualProperties>
  <visualProperties x="29" y="195">
    <element href="assembly.xml#HandleMainPopulation"/>
  </visualProperties>
  <visualProperties x="937" y="-180">
    <element href="assembly.xml#CallProcessMainPopulation"/>
  </visualProperties>
  <visualProperties x="1227" y="-209">
    <element href="assembly.xml#ProcessLimitedTerms"/>
  </visualProperties>
  <visualProperties x="1463" y="-273">
    <element href="assembly.xml#CloseAggregator"/>
  </visualProperties>
  <visualProperties x="1463" y="-89">
    <element href="assembly.xml#CallCreateFile"/>
  </visualProperties>
  <visualProperties x="305" y="1032">
    <element href="assembly.xml#PrepareOrgRequest"/>
  </visualProperties>
  <visualProperties x="1201" y="1077">
    <element href="assembly.xml#AggregateOrgs"/>
  </visualProperties>
  <visualProperties x="976" y="1208">
    <element href="assembly.xml#Log_OrgFomatError"/>
  </visualProperties>
  <visualProperties x="238" y="-208">
    <element href="assembly.xml#SetupData"/>
  </visualProperties>
  <visualProperties x="1414" y="1088">
    <element href="assembly.xml#StoreOrgInfo"/>
  </visualProperties>
  <visualProperties x="834" y="1886">
    <element href="assembly.xml#EvaluateTermRecord"/>
  </visualProperties>
  <visualProperties x="821" y="712">
    <element href="assembly.xml#AggregatorOutput"/>
  </visualProperties>
  <visualProperties x="44" y="380">
    <element href="assembly.xml#HandleFutureHires"/>
  </visualProperties>
  <visualProperties x="256" y="348">
    <element href="assembly.xml#AsyncMediation"/>
  </visualProperties>
  <visualProperties x="720" y="-171">
    <element href="assembly.xml#HandleFutureHires0"/>
  </visualProperties>
  <visualProperties x="534" y="436">
    <element href="assembly.xml#PutFutureHireErrorMessages"/>
  </visualProperties>
  <visualProperties x="308" y="718">
    <element href="assembly.xml#ValidateToProcess"/>
  </visualProperties>
  <decorations x="16" y="571" width="1630" height="365" font="Segoe UI|9|0" bgColor="16309997" fgColor="1" text="Process workers"/>
  <decorations x="19" y="-317" width="1624" height="413" font="Segoe UI|9|0" bgColor="13369343" fgColor="1" text="Home Assembly"/>
  <decorations x="115" y="-47" width="264" height="99" font="Segoe UI|9|0" bgColor="13369343" fgColor="6737151" type="NOTE" text="This is another entry point which does&#xD;&#xA; not have a delivery service so output files are not delivered.  Running this integration will also not impact scheduled runs"/>
  <decorations x="19" y="997" width="1758" height="325" bgColor="8963327" fgColor="1" text="Process organizations"/>
  <decorations x="503" y="-296" width="195" height="88" type="NOTE" text="Call to sub assembly that will get organizations of type Cost Center Hierarchy and store to a variable to be linked to Worker"/>
  <decorations x="19" y="2061" width="443" height="128" bgColor="7105791" fgColor="1" type="NOTE" text="Global Error Handler"/>
  <decorations x="16" y="1376" width="1114" height="297" type="NOTE" text="Create Org Hierarchy Map"/>
  <decorations x="16" y="1723" width="1195" height="308" type="NOTE" text="This assembly is responsible for restricting the duration that temrinated workers are included on the file. "/>
  <decorations x="16" y="133" width="1253" height="393" type="NOTE" text="Text"/>
  <connections type="routesTo" sourceAnchorX="1.0" sourceAnchorY="0.29896907216494845" targetAnchorX="0.13930348258706468" targetAnchorY="0.55">
    <source href="assembly.xml#ProcessOutputFile"/>
    <target href="assembly.xml#CallPutIntegrationMessage0"/>
  </connections>
  <connections type="routesTo">
    <source href="assembly.xml#//@beans/@mixed.1/@mixed.5/@mixed.3"/>
    <target href="assembly.xml#Log_TransfromError"/>
  </connections>
  <connections type="routesTo">
    <source href="assembly.xml#//@beans/@mixed.1/@mixed.7/@mixed.3"/>
    <target href="assembly.xml#PutErrorMessage"/>
  </connections>
  <connections source="//@decorations.4" type="Notation" sourceAnchorX="0.3333333333333333" sourceAnchorY="1.0" targetAnchorX="0.5444444444444444" targetAnchorY="0.3783783783783784">
    <target href="assembly.xml#CallGetCostCenterHierarchy"/>
  </connections>
  <connections type="routesTo">
    <source href="assembly.xml#//@beans/@mixed.1/@mixed.29"/>
    <target href="assembly.xml#GlobalError"/>
  </connections>
  <connections type="routesTo">
    <source href="assembly.xml#ProcessOrgs"/>
    <target href="assembly.xml#ProcessOrgResponse"/>
  </connections>
  <connections type="routesResponseTo" sourceAnchorX="0.7593582887700535" sourceAnchorY="0.918918918918919">
    <source href="assembly.xml#RetrieveMainPopulation"/>
    <target href="assembly.xml#Splitter"/>
  </connections>
  <connections type="routesTo">
    <source href="assembly.xml#//@beans/@mixed.1/@mixed.9/@mixed.3"/>
    <target href="assembly.xml#PutIntegrationMessage0"/>
  </connections>
  <connections type="routesTo" targetAnchorX="0.2986111111111111" targetAnchorY="0.5425531914893617">
    <source href="assembly.xml#ProcessWorkersSub"/>
    <target href="assembly.xml#ValidateToProcess"/>
  </connections>
  <connections type="routesTo">
    <source href="assembly.xml#CreateHierarchies"/>
    <target href="assembly.xml#StreamOrg"/>
  </connections>
  <connections type="routesTo">
    <source href="assembly.xml#//@beans/@mixed.1/@splitter.1/@subRoute.0"/>
    <target href="assembly.xml#CreateHierarchy"/>
  </connections>
  <connections type="routesTo">
    <source href="assembly.xml#//@beans/@mixed.1/@mixed.45/@mixed.3"/>
    <target href="assembly.xml#Write_ErrorMessage"/>
  </connections>
  <connections type="routesTo">
    <source href="assembly.xml#GetTerminatedWorkers"/>
    <target href="assembly.xml#PrepareTermRequest"/>
  </connections>
  <connections type="routesTo">
    <source href="assembly.xml#//@beans/@mixed.1/@mixed.53/@mixed.3"/>
    <target href="assembly.xml#Log_TermRequestError"/>
  </connections>
  <connections type="routesTo">
    <source href="assembly.xml#PrepareTermRequest"/>
    <target href="assembly.xml#GetTerms"/>
  </connections>
  <connections type="routesResponseTo">
    <source href="assembly.xml#GetTerms"/>
    <target href="assembly.xml#SplitTerms"/>
  </connections>
  <connections type="routesTo" targetAnchorX="0.0213903743315508" targetAnchorY="0.4594594594594595">
    <source href="assembly.xml#PrepGetWorkers"/>
    <target href="assembly.xml#RetrieveMainPopulation"/>
  </connections>
  <connections type="routesTo">
    <source href="assembly.xml#HandleMainPopulation"/>
    <target href="assembly.xml#PrepGetWorkers"/>
  </connections>
  <connections type="routesResponseTo">
    <source href="assembly.xml#ProcessLimitedTerms"/>
    <target href="assembly.xml#CloseAggregator"/>
  </connections>
  <connections type="routesTo">
    <source href="assembly.xml#CloseAggregator"/>
    <target href="assembly.xml#CallCreateFile"/>
  </connections>
  <connections type="routesTo">
    <source href="assembly.xml#//@beans/@mixed.1/@mixed.73/@mixed.3"/>
    <target href="assembly.xml#Log_GetOrgError"/>
  </connections>
  <connections type="routesTo">
    <source href="assembly.xml#GetCostCenterHierarchy"/>
    <target href="assembly.xml#PrepareOrgRequest"/>
  </connections>
  <connections type="routesTo">
    <source href="assembly.xml#PrepareOrgRequest"/>
    <target href="assembly.xml#CallGetOrgs"/>
  </connections>
  <connections type="routesTo">
    <source href="assembly.xml#ProcessOrgResponse"/>
    <target href="assembly.xml#AggregateOrgs"/>
  </connections>
  <connections type="routesTo">
    <source href="assembly.xml#//@beans/@mixed.1/@mixed.21/@mixed.3"/>
    <target href="assembly.xml#Log_OrgFomatError"/>
  </connections>
  <connections type="routesTo">
    <source href="assembly.xml#StartHere"/>
    <target href="assembly.xml#SetupData"/>
  </connections>
  <connections type="routesTo">
    <source href="assembly.xml#SetupData"/>
    <target href="assembly.xml#CallGetCostCenterHierarchy"/>
  </connections>
  <connections type="routesTo">
    <source href="assembly.xml#AggregateOrgs"/>
    <target href="assembly.xml#StoreOrgInfo"/>
  </connections>
  <connections type="routesTo">
    <source href="assembly.xml#StoreOrgInfo"/>
    <target href="assembly.xml#CallProcessOrgs"/>
  </connections>
  <connections type="routesTo">
    <source href="assembly.xml#//@beans/@mixed.1/@splitter.2/@subRoute.0"/>
    <target href="assembly.xml#EvaluateTermRecord"/>
  </connections>
  <connections type="routesTo">
    <source href="assembly.xml#EvaluateTermRecord"/>
    <target href="assembly.xml#ProcessTerm"/>
  </connections>
  <connections type="routesTo">
    <source href="assembly.xml#ProcessWorkers"/>
    <target href="assembly.xml#AggregatorOutput"/>
  </connections>
  <connections type="routesTo">
    <source href="assembly.xml#AggregatorOutput"/>
    <target href="assembly.xml#ProcessOutputFile"/>
  </connections>
  <connections type="routesTo" sourceAnchorX="0.9357798165137615" sourceAnchorY="0.352" targetAnchorX="0.48128342245989303" targetAnchorY="0.5675675675675675">
    <source href="assembly.xml#AsyncMediation"/>
    <target href="assembly.xml#RetrieveMainPopulation"/>
    <bendpoints sourceX="228" sourceY="-6" targetX="2" targetY="184"/>
  </connections>
  <connections type="routesTo" sourceAnchorX="0.5679012345679012" sourceAnchorY="1.0" targetAnchorX="0.49514563106796117" targetAnchorY="0.272">
    <source href="assembly.xml#HandleFutureHires"/>
    <target href="assembly.xml#AsyncMediation"/>
  </connections>
  <connections type="routesTo" sourceAnchorX="1.0" sourceAnchorY="0.4666666666666667" targetAnchorX="0.26605504587155965" targetAnchorY="0.40540540540540543">
    <source href="assembly.xml#//@beans/@mixed.1/@mixed.89/@mixed.3"/>
    <target href="assembly.xml#PutFutureHireErrorMessages"/>
  </connections>
  <connections type="routesResponseTo" sourceAnchorX="1.0" sourceAnchorY="0.4864864864864865" targetAnchorX="0.31843575418994413" targetAnchorY="0.4594594594594595">
    <source href="assembly.xml#CallProcessMainPopulation"/>
    <target href="assembly.xml#ProcessLimitedTerms"/>
  </connections>
  <connections type="routesResponseTo" sourceAnchorX="1.0" sourceAnchorY="0.4594594594594595" targetAnchorX="0.21301775147928995" targetAnchorY="0.5135135135135135">
    <source href="assembly.xml#CallGetCostCenterHierarchy"/>
    <target href="assembly.xml#HandleFutureHires0"/>
  </connections>
  <connections type="routesResponseTo" sourceAnchorX="1.0" sourceAnchorY="0.35135135135135137" targetAnchorX="0.7857142857142857" targetAnchorY="0.43243243243243246">
    <source href="assembly.xml#HandleFutureHires0"/>
    <target href="assembly.xml#CallProcessMainPopulation"/>
  </connections>
  <connections type="routesTo" sourceAnchorX="1.0" sourceAnchorY="0.6764705882352942" targetAnchorX="0.15025906735751296" targetAnchorY="0.24324324324324326">
    <source href="assembly.xml#//@beans/@mixed.1/@splitter.0/@subRoute.0"/>
    <target href="assembly.xml#CallProcessWorkersSub"/>
  </connections>
  <connections type="routesTo" sourceAnchorX="1.0" sourceAnchorY="0.2553191489361702" targetAnchorX="0.29044117647058826" targetAnchorY="0.464">
    <source href="assembly.xml#ValidateToProcess"/>
    <target href="assembly.xml#ProcessWorkers"/>
  </connections>
  <connections type="routesTo" sourceAnchorX="0.5912408759124088" sourceAnchorY="1.0" targetAnchorX="0.2958579881656805" targetAnchorY="0.5135135135135135">
    <source href="assembly.xml#//@beans/@mixed.1/@mixed.95/@mixed.3"/>
    <target href="assembly.xml#Log_TransfromError"/>
  </connections>
</wdnm:Diagram>
