<?xml version="1.0" encoding="UTF-8"?>
<wdnm:Diagram xmlns:wdnm="http://workday.com/studio/editors/notation">
  <element href="assembly.xml#WorkdayAssembly"/>
  <visualProperties>
    <element href="assembly.xml#Start-Report"/>
  </visualProperties>
  <visualProperties>
    <element href="assembly.xml#Init-Report"/>
  </visualProperties>
  <visualProperties>
    <element href="assembly.xml#GetEventDocuments-Report"/>
  </visualProperties>
  <visualProperties>
    <element href="assembly.xml#OUT-HashIWSMessages"/>
  </visualProperties>
  <visualProperties>
    <element href="assembly.xml#OUT-BuildLog"/>
  </visualProperties>
  <visualProperties>
    <element href="assembly.xml#IN-HashIWSMessages-GetImportProcesses"/>
  </visualProperties>
  <visualProperties>
    <element href="assembly.xml#Route-IWS"/>
  </visualProperties>
  <visualProperties>
    <element href="assembly.xml#CreateGetImportProcessesRequest"/>
  </visualProperties>
  <visualProperties>
    <element href="assembly.xml#OUT-GetImportProcess-WS"/>
  </visualProperties>
  <visualProperties>
    <element href="assembly.xml#OUT-HashIWSMessages-GetImportProcessMessages"/>
  </visualProperties>
  <visualProperties>
    <element href="assembly.xml#IN-BuildLog"/>
  </visualProperties>
  <visualProperties>
    <element href="assembly.xml#Route-LogReference"/>
  </visualProperties>
  <visualProperties>
    <element href="assembly.xml#CopyLogReference"/>
  </visualProperties>
  <visualProperties>
    <element href="assembly.xml#Splitter-LogReference"/>
  </visualProperties>
  <visualProperties>
    <element href="assembly.xml#Init-LogDetails"/>
  </visualProperties>
  <visualProperties>
    <element href="assembly.xml#Route-Log"/>
  </visualProperties>
  <visualProperties>
    <element href="assembly.xml#LOG-INFO"/>
  </visualProperties>
  <visualProperties>
    <element href="assembly.xml#LOG-ERROR"/>
  </visualProperties>
  <visualProperties>
    <element href="assembly.xml#LOG-WARNING"/>
  </visualProperties>
  <visualProperties>
    <element href="assembly.xml#OUT-OutputLog"/>
  </visualProperties>
  <visualProperties>
    <element href="assembly.xml#IN-HashIWSMessages-GetImportProcessMessages"/>
  </visualProperties>
  <visualProperties>
    <element href="assembly.xml#CreateGetImportProcessMessagesRequest"/>
  </visualProperties>
  <visualProperties>
    <element href="assembly.xml#OUT-GetImportProcessMessages-Iterate"/>
  </visualProperties>
  <visualProperties>
    <element href="assembly.xml#Splitter"/>
  </visualProperties>
  <visualProperties>
    <element href="assembly.xml#StoreInHash"/>
  </visualProperties>
  <visualProperties>
    <element href="assembly.xml#IN-OutputLog"/>
  </visualProperties>
  <visualProperties>
    <element href="assembly.xml#StoreLog"/>
  </visualProperties>
  <visualProperties>
    <element href="assembly.xml#PIM-StoreLog"/>
  </visualProperties>
  <visualProperties>
    <element href="assembly.xml#PIM-Info"/>
  </visualProperties>
  <visualProperties>
    <element href="assembly.xml#PIM-Warning"/>
  </visualProperties>
  <visualProperties>
    <element href="assembly.xml#PIM-Error"/>
  </visualProperties>
  <visualProperties>
    <element href="assembly.xml#//@beans/@mixed.1/@mixed.65"/>
  </visualProperties>
  <visualProperties>
    <element href="assembly.xml#Note-Error"/>
  </visualProperties>
  <visualProperties x="902" y="274">
    <element href="assembly.xml#IWS-Ref-File"/>
  </visualProperties>
  <visualProperties x="615" y="214">
    <element href="assembly.xml#PIM-GetResponseFile"/>
  </visualProperties>
  <visualProperties x="1122" y="87">
    <element href="assembly.xml#PIM-ReportComplete"/>
  </visualProperties>
  <visualProperties x="207" y="676">
    <element href="assembly.xml#Count-Log-File"/>
  </visualProperties>
  <visualProperties>
    <element href="assembly.xml#PIM-GetResponseFile0"/>
  </visualProperties>
  <connections type="routesTo" sourceAnchorX="0.7804878048780488" sourceAnchorY="1.0" targetAnchorX="0.022388059701492536" targetAnchorY="0.09782608695652174">
    <source href="assembly.xml#Start-Report"/>
    <target href="assembly.xml#Init-Report"/>
  </connections>
  <connections type="routesTo" sourceAnchorX="1.0" sourceAnchorY="0.24468085106382978" targetAnchorX="0.16113744075829384" targetAnchorY="0.10810810810810811">
    <source href="assembly.xml#Init-Report"/>
    <target href="assembly.xml#GetEventDocuments-Report"/>
  </connections>
  <connections type="routesResponseTo" sourceAnchorX="0.8805970149253731" sourceAnchorY="0.5135135135135135" targetAnchorX="0.1038961038961039" targetAnchorY="0.43243243243243246">
    <source href="assembly.xml#OUT-HashIWSMessages"/>
    <target href="assembly.xml#OUT-BuildLog"/>
  </connections>
  <connections type="routesTo" sourceAnchorX="0.7868852459016393" sourceAnchorY="1.0" targetAnchorX="0.031746031746031744" targetAnchorY="0.07874015748031496">
    <source href="assembly.xml#IN-HashIWSMessages-GetImportProcesses"/>
    <target href="assembly.xml#IWS-Ref-File"/>
  </connections>
  <connections type="routesTo" sourceAnchorX="0.6914893617021277" sourceAnchorY="1.0" targetAnchorX="0.05511811023622047" targetAnchorY="0.5760869565217391">
    <source href="assembly.xml#//@beans/@mixed.1/@route.2/@subRoute.0"/>
    <target href="assembly.xml#CreateGetImportProcessesRequest"/>
  </connections>
  <connections type="routesTo" sourceAnchorX="1.0" sourceAnchorY="0.2553191489361702" targetAnchorX="0.11057692307692307" targetAnchorY="0.32432432432432434">
    <source href="assembly.xml#CreateGetImportProcessesRequest"/>
    <target href="assembly.xml#OUT-GetImportProcess-WS"/>
  </connections>
  <connections type="routesResponseTo" sourceAnchorX="0.9423076923076923" sourceAnchorY="0.5405405405405406" targetAnchorX="0.06162464985994398" targetAnchorY="0.24324324324324326">
    <source href="assembly.xml#OUT-GetImportProcess-WS"/>
    <target href="assembly.xml#OUT-HashIWSMessages-GetImportProcessMessages"/>
  </connections>
  <connections type="routesTo" sourceAnchorX="0.8524590163934426" sourceAnchorY="0.43243243243243246" targetAnchorX="0.07971014492753623" targetAnchorY="0.12598425196850394">
    <source href="assembly.xml#IN-BuildLog"/>
    <target href="assembly.xml#Count-Log-File"/>
  </connections>
  <connections type="routesTo" sourceAnchorX="0.9722222222222222" sourceAnchorY="0.6470588235294118" targetAnchorX="0.02702702702702703">
    <source href="assembly.xml#//@beans/@mixed.1/@route.1/@subRoute.0"/>
    <target href="assembly.xml#CopyLogReference"/>
  </connections>
  <connections type="routesTo" sourceAnchorX="0.8513513513513513" sourceAnchorY="0.6702127659574468" targetAnchorX="0.06172839506172839" targetAnchorY="0.36363636363636365">
    <source href="assembly.xml#CopyLogReference"/>
    <target href="assembly.xml#Splitter-LogReference"/>
  </connections>
  <connections type="routesTo" sourceAnchorX="0.8389261744966443" sourceAnchorY="1.0" targetAnchorX="0.023622047244094488" targetAnchorY="0.6413043478260869">
    <source href="assembly.xml#//@beans/@mixed.1/@splitter.1/@subRoute.0"/>
    <target href="assembly.xml#Init-LogDetails"/>
  </connections>
  <connections type="routesTo" sourceAnchorX="1.0" sourceAnchorY="0.23404255319148937" targetAnchorX="0.3008849557522124" targetAnchorY="0.045180722891566265">
    <source href="assembly.xml#Init-LogDetails"/>
    <target href="assembly.xml#Route-Log"/>
  </connections>
  <connections type="routesTo" sourceAnchorX="0.68" sourceAnchorY="1.0" targetAnchorX="0.08080808080808081" targetAnchorY="0.5638297872340425">
    <source href="assembly.xml#//@beans/@mixed.1/@route.0/@subRoute.0"/>
    <target href="assembly.xml#LOG-INFO"/>
  </connections>
  <connections type="routesTo" sourceAnchorX="0.81" sourceAnchorY="1.0" targetAnchorX="0.06086956521739131" targetAnchorY="0.5957446808510638">
    <source href="assembly.xml#//@beans/@mixed.1/@route.0/@subRoute.1"/>
    <target href="assembly.xml#LOG-ERROR"/>
  </connections>
  <connections type="routesTo" sourceAnchorX="0.84" sourceAnchorY="0.17647058823529413" targetAnchorX="0.2265625" targetAnchorY="0.6702127659574468">
    <source href="assembly.xml#//@beans/@mixed.1/@route.0/@subRoute.2"/>
    <target href="assembly.xml#LOG-WARNING"/>
  </connections>
  <connections type="routesTo" sourceAnchorX="1.0" sourceAnchorY="0.2708333333333333" targetAnchorX="0.43125" targetAnchorY="0.2972972972972973">
    <source href="assembly.xml#LOG-INFO"/>
    <target href="assembly.xml#OUT-OutputLog"/>
  </connections>
  <connections type="routesTo" sourceAnchorX="1.0" sourceAnchorY="0.2916666666666667" targetAnchorX="0.58125" targetAnchorY="0.2972972972972973">
    <source href="assembly.xml#LOG-ERROR"/>
    <target href="assembly.xml#OUT-OutputLog"/>
  </connections>
  <connections type="routesTo" sourceAnchorX="1.0" sourceAnchorY="0.3333333333333333" targetAnchorX="0.63125" targetAnchorY="0.5945945945945946">
    <source href="assembly.xml#LOG-WARNING"/>
    <target href="assembly.xml#OUT-OutputLog"/>
  </connections>
  <connections type="routesTo" sourceAnchorX="0.9358974358974359" sourceAnchorY="0.4864864864864865" targetAnchorX="0.03731343283582089" targetAnchorY="0.20212765957446807">
    <source href="assembly.xml#IN-HashIWSMessages-GetImportProcessMessages"/>
    <target href="assembly.xml#CreateGetImportProcessMessagesRequest"/>
  </connections>
  <connections type="routesTo" sourceAnchorX="1.0" sourceAnchorY="0.1702127659574468" targetAnchorX="0.19572953736654805" targetAnchorY="0.43243243243243246">
    <source href="assembly.xml#CreateGetImportProcessMessagesRequest"/>
    <target href="assembly.xml#OUT-GetImportProcessMessages-Iterate"/>
  </connections>
  <connections type="routesResponseTo" sourceAnchorX="0.7686832740213523" sourceAnchorY="1.0" targetAnchorX="0.102803738317757" targetAnchorY="0.11038961038961038">
    <source href="assembly.xml#OUT-GetImportProcessMessages-Iterate"/>
    <target href="assembly.xml#Splitter"/>
  </connections>
  <connections type="routesTo" sourceAnchorX="0.9148936170212766" sourceAnchorY="1.0" targetAnchorX="0.06716417910447761" targetAnchorY="0.532608695652174">
    <source href="assembly.xml#//@beans/@mixed.1/@splitter.0/@subRoute.0"/>
    <target href="assembly.xml#StoreInHash"/>
  </connections>
  <connections type="routesTo" sourceAnchorX="0.8923076923076924" sourceAnchorY="1.0" targetAnchorX="0.04477611940298507" targetAnchorY="0.09574468085106383">
    <source href="assembly.xml#IN-OutputLog"/>
    <target href="assembly.xml#StoreLog"/>
  </connections>
  <connections type="routesTo" sourceAnchorX="1.0" sourceAnchorY="0.30851063829787234" targetAnchorX="0.0989010989010989" targetAnchorY="0.24324324324324326">
    <source href="assembly.xml#StoreLog"/>
    <target href="assembly.xml#PIM-StoreLog"/>
  </connections>
  <connections type="routesResponseTo" sourceAnchorX="0.8778625954198473" sourceAnchorY="0.4864864864864865" targetAnchorX="0.1782178217821782" targetAnchorY="0.43243243243243246">
    <source href="assembly.xml#PIM-StoreLog"/>
    <target href="assembly.xml#PIM-Info"/>
  </connections>
  <connections type="routesResponseTo" sourceAnchorX="0.8910891089108911" sourceAnchorY="0.4594594594594595" targetAnchorX="0.06299212598425197" targetAnchorY="0.43243243243243246">
    <source href="assembly.xml#PIM-Info"/>
    <target href="assembly.xml#PIM-Warning"/>
  </connections>
  <connections type="routesResponseTo" sourceAnchorX="0.8267716535433071" sourceAnchorY="0.5135135135135135" targetAnchorX="0.12037037037037036" targetAnchorY="0.3783783783783784">
    <source href="assembly.xml#PIM-Warning"/>
    <target href="assembly.xml#PIM-Error"/>
  </connections>
  <connections type="routesTo" sourceAnchorX="0.9669421487603306" sourceAnchorY="0.43243243243243246" targetAnchorX="0.06060606060606061" targetAnchorY="0.3783783783783784">
    <source href="assembly.xml#//@beans/@mixed.1/@mixed.65"/>
    <target href="assembly.xml#Note-Error"/>
  </connections>
  <connections type="routesResponseTo" sourceAnchorX="0.9380165289256198" sourceAnchorY="1.0" targetAnchorX="0.21266968325791855" targetAnchorY="0.21621621621621623">
    <source href="assembly.xml#GetEventDocuments-Report"/>
    <target href="assembly.xml#OUT-HashIWSMessages"/>
  </connections>
  <connections type="routesTo" sourceAnchorX="0.8151260504201681" sourceAnchorY="1.0" targetAnchorX="0.6532663316582915" targetAnchorY="0.4594594594594595">
    <source href="assembly.xml#//@beans/@mixed.1/@mixed.67/@mixed.3"/>
    <target href="assembly.xml#PIM-GetResponseFile"/>
  </connections>
  <connections type="routesTo" sourceAnchorX="1.0" sourceAnchorY="0.11023622047244094" targetAnchorX="0.2905982905982906" targetAnchorY="0.10126582278481013">
    <source href="assembly.xml#IWS-Ref-File"/>
    <target href="assembly.xml#Route-IWS"/>
  </connections>
  <connections type="routesResponseTo" sourceAnchorX="0.8716216216216216" sourceAnchorY="1.0" targetAnchorX="0.21243523316062177" targetAnchorY="0.6486486486486487">
    <source href="assembly.xml#OUT-BuildLog"/>
    <target href="assembly.xml#PIM-ReportComplete"/>
  </connections>
  <connections type="routesTo" sourceAnchorX="1.0" sourceAnchorY="0.2755905511811024" targetAnchorX="0.1853932584269663" targetAnchorY="0.08227848101265822">
    <source href="assembly.xml#Count-Log-File"/>
    <target href="assembly.xml#Route-LogReference"/>
  </connections>
  <connections type="routesTo" sourceAnchorX="0.9389312977099237" sourceAnchorY="1.0" targetAnchorX="0.6473429951690821" targetAnchorY="0.5675675675675675">
    <source href="assembly.xml#//@beans/@mixed.1/@mixed.73/@mixed.3"/>
    <target href="assembly.xml#PIM-GetResponseFile0"/>
  </connections>
  <swimlanes x="22" y="22" name="Report">
    <elements href="assembly.xml#Start-Report"/>
    <elements href="assembly.xml#Init-Report"/>
    <elements href="assembly.xml#GetEventDocuments-Report"/>
    <elements href="assembly.xml#OUT-HashIWSMessages"/>
    <elements href="assembly.xml#OUT-BuildLog"/>
    <elements href="assembly.xml#PIM-ReportComplete"/>
  </swimlanes>
  <swimlanes x="22" y="183" name="Hash IWS Message - Get Import Processes">
    <elements href="assembly.xml#IN-HashIWSMessages-GetImportProcesses"/>
    <elements href="#//@swimlanes.7"/>
    <elements href="assembly.xml#Route-IWS"/>
    <elements href="assembly.xml#CreateGetImportProcessesRequest"/>
    <elements href="assembly.xml#OUT-GetImportProcess-WS"/>
    <elements href="assembly.xml#OUT-HashIWSMessages-GetImportProcessMessages"/>
  </swimlanes>
  <swimlanes name="" orientation="VERTICAL">
    <elements href="assembly.xml#LOG-INFO"/>
    <elements href="assembly.xml#LOG-ERROR"/>
    <elements href="assembly.xml#LOG-WARNING"/>
  </swimlanes>
  <swimlanes x="22" y="513" name="Build Log File">
    <elements href="assembly.xml#IN-BuildLog"/>
    <elements href="#//@swimlanes.8"/>
    <elements href="assembly.xml#Route-LogReference"/>
    <elements href="assembly.xml#CopyLogReference"/>
    <elements href="assembly.xml#Splitter-LogReference"/>
    <elements href="assembly.xml#Init-LogDetails"/>
    <elements href="assembly.xml#Route-Log"/>
    <elements href="#//@swimlanes.2"/>
    <elements href="assembly.xml#OUT-OutputLog"/>
  </swimlanes>
  <swimlanes x="22" y="955" name="Hash IWS Message - Get Import Process Messages">
    <elements href="assembly.xml#IN-HashIWSMessages-GetImportProcessMessages"/>
    <elements href="assembly.xml#CreateGetImportProcessMessagesRequest"/>
    <elements href="assembly.xml#OUT-GetImportProcessMessages-Iterate"/>
    <elements href="assembly.xml#Splitter"/>
    <elements href="assembly.xml#StoreInHash"/>
  </swimlanes>
  <swimlanes x="22" y="1200">
    <elements href="assembly.xml#IN-OutputLog"/>
    <elements href="assembly.xml#StoreLog"/>
    <elements href="assembly.xml#PIM-StoreLog"/>
    <elements href="assembly.xml#PIM-Info"/>
    <elements href="assembly.xml#PIM-Warning"/>
    <elements href="assembly.xml#PIM-Error"/>
  </swimlanes>
  <swimlanes x="1076" y="1233" font="Arial|12|1" fontColor="1" name="      Global ErrorHandler" topBorderColor="5987327">
    <elements href="assembly.xml#//@beans/@mixed.1/@mixed.65"/>
    <elements href="assembly.xml#Note-Error"/>
  </swimlanes>
  <swimlanes x="381" y="282" orientation="VERTICAL">
    <elements href="assembly.xml#IWS-Ref-File"/>
    <elements href="assembly.xml#PIM-GetResponseFile"/>
  </swimlanes>
  <swimlanes x="169" y="668" orientation="VERTICAL" alignment="MIDDLE">
    <elements href="assembly.xml#Count-Log-File"/>
    <elements href="assembly.xml#PIM-GetResponseFile0"/>
  </swimlanes>
</wdnm:Diagram>
