<?xml version="1.0" encoding="UTF-8"?>
<beans
     xmlns="http://www.springframework.org/schema/beans"
     xmlns:beans="http://www.springframework.org/schema/beans"
     xmlns:atom="http://www.w3.org/2005/Atom"
     xmlns:cc="http://www.capeclear.com/assembly/10"
     xmlns:cloud="urn:com.workday/esb/cloud/10.0"
     xmlns:env="http://schemas.xmlsoap.org/soap/envelope/"
     xmlns:pi="urn:com.workday/picof"
     xmlns:wd="urn:com.workday/bsvc"
     xmlns:xsi="http://www.w3.org/2001/XMLSchema-instance">
 
	<cc:assembly id="WorkdayAssembly" version="2019.6">
        <cc:local-out id="PIM-Error" execute-when="props['p.error.count'] > 0" endpoint="vm://wcc/PutIntegrationMessage">
            <cc:set name="is.message.severity" value="'ERROR'"/>
            <cc:set name="is.message.summary" value="props['p.error.count'] + ' error(s) encountered! See attached file for details.'"/>
            <cc:set name="is.message.storage.enabled" value="false"/>
        </cc:local-out>
        <cc:local-out id="PIM-Warning" execute-when="props['p.warning.count'] > 0" routes-response-to="PIM-Error" endpoint="vm://wcc/PutIntegrationMessage">
            <cc:set name="is.message.severity" value="'WARNING'"/>
            <cc:set name="is.message.summary" value="props['p.warning.count'] + ' warning(s) encountered! See attached file for details.'"/>
            <cc:set name="is.message.storage.enabled" value="false"/>
        </cc:local-out>
        <cc:local-out id="PIM-Info" execute-when="props['p.info.count'] > 0" routes-response-to="PIM-Warning" endpoint="vm://wcc/PutIntegrationMessage">
            <cc:set name="is.message.severity" value="'INFO'"/>
            <cc:set name="is.message.summary" value="props['p.info.count'] + ' informational message(s) added! See attached log file for details.'"/>
            <cc:set name="is.message.storage.enabled" value="false"/>
        </cc:local-out>
        <cc:local-out id="PIM-StoreLog" routes-response-to="PIM-Info" endpoint="vm://wcc/PutIntegrationMessage">
            <cc:set name="is.message.severity" value="'INFO'"/>
            <cc:set name="is.message.summary" value="props['log.output.filename'] + ' file generated.'"/>
            <cc:set name="is.document.variable.name" value="'cloud-log'"/>
            <cc:set name="is.document.labels" value="'Log File'"/>
            <cc:set name="is.message.storage.enabled" value="false"/>
            <cc:set name="is.document.deliverable" value="'false'"/>
        </cc:local-out>
        <cc:async-mediation id="StoreLog" routes-to="PIM-StoreLog">
            <cc:steps>
                <cc:eval id="Eval0">
                    <cc:expression>props['get.input.filename'] = da.getFileName('Retrieved', 0)</cc:expression>
                    <cc:expression>props['index.of.dot'] = props['get.input.filename'].lastIndexOf('.') </cc:expression>
                    <cc:expression>props['filename'] = ((props['index.of.dot'] == -1)?  props['get.input.filename'] : props['get.input.filename'].substring(0,props['index.of.dot']))</cc:expression>
                    <cc:expression>props['parsed.datetime'] = new java.text.SimpleDateFormat(&quot;yyyy-MM-dd'T'HH:mm:ss&quot;).parse(util.currentDateTimeAsString('CST'))</cc:expression>
                    <cc:expression>props['p.date.formatted'] = new java.text.SimpleDateFormat(&quot;yyyy-MM-dd'T'HH:mm:ss&quot;).format(props['parsed.datetime'])</cc:expression>
                    <cc:expression>props['log.output.filename'] = props['filename'] + '_' + props['p.date.formatted'] + '_SummaryLog.csv'</cc:expression>
                </cc:eval>
                <cc:store id="Store" output="variable" output-variable="cloud-log" input="variable" input-variable="cloud-log-content" createDocumentReference="false" expiresIn="P30D" summary="Log file generated." title="@{props['log.output.filename']}"/>
                <cc:eval id="Eval">
                    <cc:expression>vars['cloud-log-content'] = null</cc:expression>
                </cc:eval>
            </cc:steps>
        </cc:async-mediation>
        <cc:local-in id="IN-OutputLog" routes-to="StoreLog"/>
        <cc:async-mediation id="StoreInHash">
            <cc:steps>
                <cc:eval id="StoreInHash">
                    <cc:expression>props['line.number'] = parts[0].xpath('wd:Import_Process_Message_Data/wd:Line_Number')</cc:expression>
                    <cc:expression>props['iws.ref.messages.hash.map'].put(props['line.number'], parts[0].text)</cc:expression>
                </cc:eval>
                <cc:log id="Log">
                    <cc:log-message>
                        <cc:line-separator/>
                        <cc:text>======&#xD;
@{props['line.number']}&#xD;
======</cc:text>
                        <cc:line-separator/>
                        <cc:message-content/>
                        <cc:line-separator/>
                    </cc:log-message>
                </cc:log>
            </cc:steps>
        </cc:async-mediation>
        <cc:splitter id="Splitter">
            <cc:sub-route name="SubRoute" routes-to="StoreInHash"/>
            <cc:xml-stream-splitter xpath="/*/*"/>
        </cc:splitter>
        <cc:local-out id="OUT-GetImportProcessMessages-Iterate" routes-response-to="Splitter" endpoint="vm://wcc/PagedGet">
            <cc:set name="is.paged.get.request.current.page.xpath" value="'/env:Envelope/env:Body/*/wd:Response_Filter/wd:Page'"/>
            <cc:set name="is.paged.get.response.current.page.xpath" value="'/env:Envelope/env:Body/*/wd:Response_Results/wd:Page'"/>
            <cc:set name="is.paged.get.response.total.pages.xpath" value="'/env:Envelope/env:Body/*/wd:Response_Results/wd:Total_Pages'"/>
            <cc:set name="is.paged.get.response.total.results.xpath" value="'/env:Envelope/env:Body/*/wd:Response_Results/wd:Total_Results'"/>
            <cc:set name="is.paged.get.aggregate.xpath" value="'/env:Envelope/env:Body/wd:Get_Import_Process_Messages_Response/wd:Response_Data/wd:Import_Process_Message/wd:Import_Process_Message_Data'"/>
            <cc:set name="is.paged.get.aggregate.header" value="'&lt;Errors>'"/>
            <cc:set name="is.paged.get.aggregate.footer" value="'&lt;/Errors>'"/>
            <cc:set name="is.paged.get.application" value="'Integrations'"/>
            <cc:set name="is.paged.get.version" value="props['ia.WWSVersion.Integration']"/>
            <cc:set name="is.paged.get.page.zero" value="false"/>
            <cc:set name="is.paged.get.store.requests" value="true"/>
        </cc:local-out>
        <cc:async-mediation id="CreateGetImportProcessMessagesRequest" routes-to="OUT-GetImportProcessMessages-Iterate">
            <cc:steps>
                <cc:write id="Write">
                    <cc:message>
                        <cc:text>&lt;wd:Get_Import_Process_Messages_Request&#xD;
            xmlns:wd=&quot;urn:com.workday/bsvc&quot;&#xD;
            wd:version=&quot;@{props['ia.WWSVersion.Integration']}&quot;>&#xD;
            &lt;wd:Request_Criteria>&#xD;
                &lt;wd:Import_Process_Reference>&#xD;
                    &lt;wd:ID wd:type=&quot;WID&quot;>@{props['p.iws.reference']}&lt;/wd:ID>&#xD;
                &lt;/wd:Import_Process_Reference>&#xD;
            &lt;/wd:Request_Criteria>&#xD;
        &lt;/wd:Get_Import_Process_Messages_Request></cc:text>
                    </cc:message>
                </cc:write>
                <cc:wrap-soap id="WrapSoap"/>
            </cc:steps>
        </cc:async-mediation>
        <cc:local-in id="IN-HashIWSMessages-GetImportProcessMessages" routes-to="CreateGetImportProcessMessagesRequest"/>
        <cc:local-out id="OUT-OutputLog" store-message="none" execute-when="(props['p.counter'] % props['ia.max.log.count'] == 0 || util.isLastMessageInBatch()) &amp;&amp; (props['p.info.count'] != 0 || props['p.warning.count'] != 0 || props['p.error.count'] != 0)" endpoint="vm://Report_Import_Integration/IN-OutputLog"/>
        <cc:async-mediation id="LOG-WARNING" routes-to="OUT-OutputLog">
            <cc:steps>
                <cc:cloud-log id="CloudLog" level="warn" message="@{props['log.pay.code']}" message-details="@{props['log.message']}" output-file-type="CSV" reference-id="props['log.employee.id']"/>
                <cc:eval id="IncrementCounter">
                    <cc:expression>props['p.warning.count'] = props['p.warning.count'] + 1</cc:expression>
                </cc:eval>
            </cc:steps>
        </cc:async-mediation>
        <cc:async-mediation id="LOG-ERROR" routes-to="OUT-OutputLog">
            <cc:steps>
                <cc:cloud-log id="CloudLog" level="error" message="@{props['log.pay.code']}" message-details="@{props['log.message']}" output-file-type="CSV" reference-id="props['log.employee.id']"/>
                <cc:eval id="IncrementCounter">
                    <cc:expression>props['p.error.count'] = props['p.error.count'] + 1</cc:expression>
                </cc:eval>
            </cc:steps>
        </cc:async-mediation>
        <cc:async-mediation id="LOG-INFO" routes-to="OUT-OutputLog">
            <cc:steps>
                <cc:cloud-log id="CloudLog" level="info" message="@{props['log.pay.code']}" message-details="@{props['log.message']}" output-file-type="CSV" reference-id="props['log.employee.id']"/>
                <cc:eval id="IncrementCounter">
                    <cc:expression>props['p.info.count'] = props['p.info.count'] + 1</cc:expression>
                </cc:eval>
            </cc:steps>
        </cc:async-mediation>
        <cc:route id="Route-Log">
            <cc:mvel-strategy filter="true">
                <cc:choose-route expression="props['log.severity'] == 'INFO'" route="INFO"/>
                <cc:choose-route expression="props['log.severity'] == 'ERROR'" route="ERROR"/>
                <cc:choose-route expression="true" route="WARNING"/>
            </cc:mvel-strategy>
            <cc:sub-route name="INFO" routes-to="LOG-INFO"/>
            <cc:sub-route name="ERROR" routes-to="LOG-ERROR"/>
            <cc:sub-route name="WARNING" routes-to="LOG-WARNING"/>
        </cc:route>
        <cc:async-mediation id="Init-LogDetails" routes-to="Route-Log">
            <cc:steps>
                <cc:eval id="Eval">
                    <cc:expression>props['log.line.number'] = parts[0].xpath('Log_Entry/Line_Number')</cc:expression>
                    <cc:expression>props['log.employee.id'] = parts[0].xpath('Log_Entry/Employee_ID')</cc:expression>
                    <cc:expression>props['log.severity'] = parts[0].xpath('Log_Entry/Severity') </cc:expression>
                    <cc:expression>props['log.pay.code'] = parts[0].xpath('Log_Entry/Pay_Code') </cc:expression>
                    <cc:expression>props['log.message'] = parts[0].xpath('Log_Entry/Message')</cc:expression>
                    <cc:expression>vars['log.node'] = props['iws.ref.messages.hash.map'].get(props['log.line.number'])</cc:expression>
                    <cc:expression>if (vars['log.node'] != null) { props['log.severity'] = vars['log.node'].xpath('wd:Import_Process_Message_Data/wd:Severity').toUpperCase() }</cc:expression>
                    <cc:expression>if (vars['log.node'] != null) { props['log.message'] = vars['log.node'].xpath('wd:Import_Process_Message_Data/wd:Message_Summary') }</cc:expression>
                    <cc:expression>props['p.counter'] = props['p.counter'] + 1</cc:expression>
                </cc:eval>
            </cc:steps>
        </cc:async-mediation>
        <cc:splitter id="Splitter-LogReference">
            <cc:sub-route name="SubRoute" routes-to="Init-LogDetails"/>
            <cc:xml-stream-splitter xpath="Log_Data/Log_Entry"/>
        </cc:splitter>
        <cc:async-mediation id="CopyLogReference" routes-to="Splitter-LogReference">
            <cc:steps>
                <cc:copy id="Copy" input="variable" input-variable="wd.retrieve.variable"/>
                <cc:csv-to-xml id="CsvToXml" format="rfc4180" rootName="Log_Data" rowName="Log_Entry" separator="|" useFirstLineAsHeader="true"/>
                <cc:eval id="Eval">
                    <cc:expression>props['p.counter'] = 0</cc:expression>
                </cc:eval>
            </cc:steps>
        </cc:async-mediation>
        <cc:route id="Route-LogReference">
            <cc:doc-iterator labels="Temporary Log File"/>
            <cc:sub-route name="SubRoute" routes-to="CopyLogReference"/>
        </cc:route>
        <cc:local-in id="IN-BuildLog" routes-to="Count-Log-File"/>
        <cc:local-out id="OUT-HashIWSMessages-GetImportProcessMessages" store-message="none" execute-when="parts[0].xpath('/env:Envelope/env:Body/wd:Get_Import_Processes_Response/wd:Response_Data/wd:Import_Process[1]/wd:Import_Process_Data[1]/wd:Has_Messages') == 1" endpoint="vm://Report_Import_Integration/IN-HashIWSMessages-GetImportProcessMessages"/>
        <cc:workday-out-soap id="OUT-GetImportProcess-WS" routes-response-to="OUT-HashIWSMessages-GetImportProcessMessages" application="Integrations" version="@{props['ia.WWSVersion.Integration']}"/>
        <cc:async-mediation id="CreateGetImportProcessesRequest" routes-to="OUT-GetImportProcess-WS">
            <cc:steps>
                <cc:copy id="Copy" input="variable" input-variable="wd.retrieve.variable"/>
                <cc:eval id="iws.reference">
                    <cc:expression>props['p.iws.reference'] = parts[0].xpath('/env:Envelope/env:Body/wd:Put_Import_Process_Response/wd:Import_Process_Reference[1]/wd:ID[@wd:type=&quot;WID&quot;]')</cc:expression>
                </cc:eval>
                <cc:write id="Write">
                    <cc:message>
                        <cc:text>&lt;wd:Get_Import_Processes_Request&#xD;
            xmlns:wd=&quot;urn:com.workday/bsvc&quot;&#xD;
            wd:version=&quot;@{props['ia.WWSVersion.Integration']}&quot;>&#xD;
            &lt;wd:Request_References>&#xD;
                &lt;wd:Import_Process_Reference>&#xD;
                    &lt;wd:ID wd:type=&quot;WID&quot;>@{props['p.iws.reference']}&lt;/wd:ID>&#xD;
                &lt;/wd:Import_Process_Reference>&#xD;
            &lt;/wd:Request_References>&#xD;
        &lt;/wd:Get_Import_Processes_Request></cc:text>
                    </cc:message>
                </cc:write>
                <cc:wrap-soap id="WrapSoap"/>
            </cc:steps>
        </cc:async-mediation>
        <cc:route id="Route-IWS">
            <cc:doc-iterator labels="Import Web Service Reference"/>
            <cc:sub-route name="SubRoute" routes-to="CreateGetImportProcessesRequest"/>
        </cc:route>
        <cc:local-in id="IN-HashIWSMessages-GetImportProcesses" routes-to="IWS-Ref-File"/>
        <cc:local-out id="OUT-BuildLog" store-message="none" routes-response-to="PIM-ReportComplete" endpoint="vm://Report_Import_Integration/IN-BuildLog"/>
        <cc:local-out id="OUT-HashIWSMessages" store-message="none" routes-response-to="OUT-BuildLog" endpoint="vm://Report_Import_Integration/IN-HashIWSMessages-GetImportProcesses"/>
        <cc:local-out id="GetEventDocuments-Report" routes-response-to="OUT-HashIWSMessages" endpoint="vm://wcc/GetEventDocuments">
            <cc:set name="ie.event.wid" value="lp.isSet() ? lp.getIntegrationEventWID() : null"/>
        </cc:local-out>
        <cc:async-mediation id="Init-Report" routes-to="GetEventDocuments-Report">
            <cc:steps>
                <cc:eval id="Init">
                    <cc:expression>props['p.error.count'] = 0</cc:expression>
                    <cc:expression>props['p.warning.count'] = 0</cc:expression>
                    <cc:expression>props['p.info.count'] = 0</cc:expression>
                    <cc:expression>props['ia.WWSVersion.Integration'] = intsys.getAttribute('WWS API Version Integrations')</cc:expression>
                    <cc:expression>props['ia.max.log.count'] = intsys.getAttribute('Max Log Count')</cc:expression>
                </cc:eval>
                <cc:eval id="Init-Hash">
                    <cc:expression>props['iws.ref.messages.hash.map'] = new java.util.HashMap()</cc:expression>
                </cc:eval>
            </cc:steps>
        </cc:async-mediation>
        <cc:workday-in id="Start-Report" routes-to="Init-Report">
            <cc:integration-system name="Report_Import_Integration">
        <cloud:attribute-map-service name="Report Integration Attributes">
          <cloud:attribute name="WWS API Version Integrations">
            <cloud:type>
              <cloud:simple-type>text</cloud:simple-type>
            </cloud:type>
            <cloud:display-option>required-for-launch</cloud:display-option>
          </cloud:attribute>
          <cloud:attribute name="Max Log Count">
            <cloud:type>
              <cloud:simple-type>text</cloud:simple-type>
            </cloud:type>
          </cloud:attribute>
        </cloud:attribute-map-service>
      </cc:integration-system>
        </cc:workday-in>
        <cc:local-out id="Note-Error" endpoint="vm://wcc/PutIntegrationMessage">
            <cc:set name="is.message.severity" value="'CRITICAL'"/>
            <cc:set name="is.message.summary" value="context.getErrorMessage()"/>
            <cc:set name="is.message.detail" value="context.getErrorMessage()"/>
        </cc:local-out>
        <cc:send-error id="global-error-handler" rethrow-error="false" routes-to="Note-Error"/>
        <cc:async-mediation id="IWS-Ref-File" routes-to="Route-IWS" handle-downstream-errors="true">
            <cc:steps>
                <cc:eval id="Eval">
                    <cc:expression>//'iws.refs' is the tag/label used when generating the temporary log file/xml in the main integration&#xD;
props['iws.refs.count'] = da.size('Import Web Service Reference')</cc:expression>
                </cc:eval>
            </cc:steps>
            <cc:send-error id="SendError" routes-to="PIM-GetResponseFile"/>
        </cc:async-mediation>
        <cc:local-out id="PIM-GetResponseFile" endpoint="vm://wcc/PutIntegrationMessage">
            <cc:set name="is.message.severity" value="'ERROR'"/>
            <cc:set name="is.message.summary" value="'Failed to retrieve Import Results for ' + vars['iws.refs.atom'].fileName + ': ' + context.errorMessage"/>
            <cc:set name="is.message.detail" value="context.errorMessage"/>
            <cc:set name="is.message.storage.enabled" value="false"/>
        </cc:local-out>
        <cc:local-out id="PIM-ReportComplete" endpoint="vm://wcc/PutIntegrationMessage">
            <cc:set name="is.message.severity" value="'INFO'"/>
            <cc:set name="is.message.summary" value="'Report Process completed'"/>
            <cc:set name="is.message.storage.enabled" value="false"/>
        </cc:local-out>
        <cc:async-mediation id="Count-Log-File" routes-to="Route-LogReference">
            <cc:steps>
                <cc:eval id="Eval">
                    <cc:expression>//'Temporary Log File' is the tag/label used when generating the temporary log file/xml in the main integration&#xD;
props['tmp.log.file.count'] = da.size('Temporary Log File')</cc:expression>
                </cc:eval>
            </cc:steps>
            <cc:send-error id="SendError" routes-to="PIM-GetResponseFile0"/>
        </cc:async-mediation>
        <cc:local-out id="PIM-GetResponseFile0" endpoint="vm://wcc/PutIntegrationMessage">
            <cc:set name="is.message.severity" value="'ERROR'"/>
            <cc:set name="is.message.summary" value="'Failed to retrieve Log file for ' + vars['tmplog.file'].fileName + ': ' + context.errorMessage"/>
            <cc:set name="is.message.detail" value="context.errorMessage"/>
            <cc:set name="is.message.storage.enabled" value="false"/>
        </cc:local-out>
	</cc:assembly>

</beans>