<wd:Report_Entry xmlns:wd="urn:com.workday/bsvc">
	<wd:Journal
		wd:Descriptor="Operational Journal: 1CA01 Alight Canada N.S. ULC - 05/13/2020">
		<wd:ID wd:type="WID">d8270f1cb96e8106244874079a019a4a</wd:ID>
	</wd:Journal>
	<wd:Journal_group>
		<wd:Trans_Type>PC</wd:Trans_Type>
		<wd:Created_Date>2020-05-14</wd:Created_Date>
		<wd:Document_Status wd:Descriptor="Posted">
			<wd:ID wd:type="WID">6f8e52d2376e4c899463020db034c87c</wd:ID>
			<wd:ID wd:type="Journal_Entry_Status_ID">POSTED</wd:ID>
		</wd:Document_Status>
		<wd:Date_Submitted>2020-05-14</wd:Date_Submitted>
		<wd:Date_Approved>2020-05-14</wd:Date_Approved>
	</wd:Journal_group>
	<wd:Company_group>
		<wd:Company_ID>1CA01</wd:Company_ID>
		<wd:Company_Name>Alight Canada N.S. ULC</wd:Company_Name>
	</wd:Company_group>
	<wd:Journal_Line_group>
		<wd:Invoice_Number wd:Descriptor="PCV-00005474">
			<wd:ID wd:type="WID">d8270f1cb96e01d3e049ed7b6c015a30</wd:ID>
			<wd:ID wd:type="Procurement_Card_Transaction_Verification_ID">PROCUREMENT_CARD_TRANSACTION_VERIFICATION-3-5513</wd:ID>
		</wd:Invoice_Number>
		<wd:Project_Id>P-02189106</wd:Project_Id>
		<wd:Project_Billable>1</wd:Project_Billable>
		<wd:Project_Plan_Task>P-02189106-010</wd:Project_Plan_Task>
		<wd:Cost_Center>101811N</wd:Cost_Center>
		<wd:Trans_Date>2020-05-13</wd:Trans_Date>
		<wd:Trans_Amount>370.6</wd:Trans_Amount>
		<wd:Currency_Code wd:Descriptor="CAD">
			<wd:ID wd:type="WID">37534b021f344c29852ee2161b5eb745</wd:ID>
			<wd:ID wd:type="Currency_ID">CAD</wd:ID>
			<wd:ID wd:type="Currency_Numeric_Code">124</wd:ID>
		</wd:Currency_Code>
		<wd:Line_Billable>1</wd:Line_Billable>
		<wd:Workday_Id>d8270f1cb96e8155629c74079a019b4a</wd:Workday_Id>
		<wd:isICSupplier>0</wd:isICSupplier>
		<wd:Accounting_Date>2020-05-13</wd:Accounting_Date>
		<wd:Ledger_Account>600000</wd:Ledger_Account>
		<wd:Spend_Category>OSS_CHARGES</wd:Spend_Category>
		<wd:TaskBillable>1</wd:TaskBillable>
		<wd:Period wd:Descriptor="May">
			<wd:ID wd:type="WID">139ea46b122001b6e0f8aa9b7224ff89</wd:ID>
			<wd:ID wd:type="Fiscal_Posting_Interval_ID">MAY</wd:ID>
		</wd:Period>
	</wd:Journal_Line_group>
</wd:Report_Entry>