<?xml version="1.0" encoding="UTF-8"?>
<wdnm:Diagram xmlns:wdnm="http://workday.com/studio/editors/notation">
  <element href="assembly.xml#WorkdayAssembly"/>
  <visualProperties>
    <element href="assembly.xml#StartHere"/>
  </visualProperties>
  <visualProperties>
    <element href="assembly.xml#Call-Init"/>
  </visualProperties>
  <visualProperties>
    <element href="assembly.xml#Call-GetInputFiles"/>
  </visualProperties>
  <visualProperties>
    <element href="assembly.xml#Call-CloseInputAggr"/>
  </visualProperties>
  <visualProperties>
    <element href="assembly.xml#Call-GetWorkersData"/>
  </visualProperties>
  <visualProperties>
    <element href="assembly.xml#Call-PayGroupData"/>
  </visualProperties>
  <visualProperties>
    <element href="assembly.xml#Call-AggData"/>
  </visualProperties>
  <visualProperties>
    <element href="assembly.xml#Call-ProcessInputData"/>
  </visualProperties>
  <visualProperties>
    <element href="assembly.xml#Call-CloseResAgg"/>
  </visualProperties>
  <visualProperties>
    <element href="assembly.xml#Set.Int.Status"/>
  </visualProperties>
  <visualProperties>
    <element href="assembly.xml#PIM-IntStatus"/>
  </visualProperties>
  <visualProperties>
    <element href="assembly.xml#Init"/>
  </visualProperties>
  <visualProperties>
    <element href="assembly.xml#Init.Props"/>
  </visualProperties>
  <visualProperties>
    <element href="assembly.xml#PIM-Validation"/>
  </visualProperties>
  <visualProperties>
    <element href="assembly.xml#PIM-InitErrors"/>
  </visualProperties>
  <visualProperties>
    <element href="assembly.xml#PIM-PayInputFlag"/>
  </visualProperties>
  <visualProperties>
    <element href="assembly.xml#PIM-StoreMaps"/>
  </visualProperties>
  <visualProperties>
    <element href="assembly.xml#GetInputFiles"/>
  </visualProperties>
  <visualProperties>
    <element href="assembly.xml#HandleGetDocErrors"/>
  </visualProperties>
  <visualProperties>
    <element href="assembly.xml#PIM-GetFileErrors"/>
  </visualProperties>
  <visualProperties>
    <element href="assembly.xml#GetEventDocuments0"/>
  </visualProperties>
  <visualProperties>
    <element href="assembly.xml#Check.Files.Count"/>
  </visualProperties>
  <visualProperties>
    <element href="assembly.xml#PIM-Fail-formorefiles"/>
  </visualProperties>
  <visualProperties>
    <element href="assembly.xml#Abort0"/>
  </visualProperties>
  <visualProperties>
    <element href="assembly.xml#DocIterator0"/>
  </visualProperties>
  <visualProperties>
    <element href="assembly.xml#Get.File.Name"/>
  </visualProperties>
  <visualProperties>
    <element href="assembly.xml#Route.Files"/>
  </visualProperties>
  <visualProperties>
    <element href="assembly.xml#Validate.Input.File"/>
  </visualProperties>
  <visualProperties>
    <element href="assembly.xml#PIM-FileValidationErrors"/>
  </visualProperties>
  <visualProperties>
    <element href="assembly.xml#Validate.OffCycle.Input.File"/>
  </visualProperties>
  <visualProperties>
    <element href="assembly.xml#No.MatchFile"/>
  </visualProperties>
  <visualProperties>
    <element href="assembly.xml#PIM-OffCycleFileValidationErrors"/>
  </visualProperties>
  <visualProperties>
    <element href="assembly.xml#CloseInputAggr"/>
  </visualProperties>
  <visualProperties>
    <element href="assembly.xml#AggregateInputData"/>
  </visualProperties>
  <visualProperties>
    <element href="assembly.xml#Store.Input.Files.Data"/>
  </visualProperties>
  <visualProperties>
    <element href="assembly.xml#PIM-InputFilesStoreError"/>
  </visualProperties>
  <visualProperties>
    <element href="assembly.xml#Abort.Integration"/>
  </visualProperties>
  <visualProperties>
    <element href="assembly.xml#GetWorkersData"/>
  </visualProperties>
  <visualProperties>
    <element href="assembly.xml#Prepare.GetWorker"/>
  </visualProperties>
  <visualProperties>
    <element href="assembly.xml#AsyncMediation"/>
  </visualProperties>
  <visualProperties>
    <element href="assembly.xml#PIM-GetWorkerErrors"/>
  </visualProperties>
  <visualProperties>
    <element href="assembly.xml#PagedGetWorkers"/>
  </visualProperties>
  <visualProperties>
    <element href="assembly.xml#PrepWorkerOverrideData"/>
  </visualProperties>
  <visualProperties>
    <element href="assembly.xml#PayGroupData"/>
  </visualProperties>
  <visualProperties>
    <element href="assembly.xml#Get.PayGroup.Data"/>
  </visualProperties>
  <visualProperties>
    <element href="assembly.xml#PIM-RptErrorsPayGroup"/>
  </visualProperties>
  <visualProperties>
    <element href="assembly.xml#PayGroup"/>
  </visualProperties>
  <visualProperties>
    <element href="assembly.xml#CustomRpt.Output.PayGroup"/>
  </visualProperties>
  <visualProperties>
    <element href="assembly.xml#PagedGetPeriods"/>
  </visualProperties>
  <visualProperties>
    <element href="assembly.xml#Copy.Paged.Data"/>
  </visualProperties>
  <visualProperties>
    <element href="assembly.xml#PIM-CopyErrors1"/>
  </visualProperties>
  <visualProperties>
    <element href="assembly.xml#Route0"/>
  </visualProperties>
  <visualProperties>
    <element href="assembly.xml#Copy.PayGroup"/>
  </visualProperties>
  <visualProperties>
    <element href="assembly.xml#Copy.Periods"/>
  </visualProperties>
  <visualProperties>
    <element href="assembly.xml#Aggregator"/>
  </visualProperties>
  <visualProperties>
    <element href="assembly.xml#Transform.Periods.Data"/>
  </visualProperties>
  <visualProperties>
    <element href="assembly.xml#PIM-TransformPeriodsErrors"/>
  </visualProperties>
  <visualProperties>
    <element href="assembly.xml#AggData"/>
  </visualProperties>
  <visualProperties>
    <element href="assembly.xml#Agg.Data"/>
  </visualProperties>
  <visualProperties>
    <element href="assembly.xml#PIM-AggDataErrors"/>
  </visualProperties>
  <visualProperties>
    <element href="assembly.xml#Stacker.Route"/>
  </visualProperties>
  <visualProperties>
    <element href="assembly.xml#Input.Data"/>
  </visualProperties>
  <visualProperties>
    <element href="assembly.xml#Worker.Data"/>
  </visualProperties>
  <visualProperties>
    <element href="assembly.xml#Attributes.Maps.Data"/>
  </visualProperties>
  <visualProperties>
    <element href="assembly.xml#Periods.Data"/>
  </visualProperties>
  <visualProperties>
    <element href="assembly.xml#FileInputsAggregator"/>
  </visualProperties>
  <visualProperties>
    <element href="assembly.xml#Prepare.Master.Data"/>
  </visualProperties>
  <visualProperties>
    <element href="assembly.xml#PIM-PrepareMasterErrors"/>
  </visualProperties>
  <visualProperties>
    <element href="assembly.xml#PIM-StoreMasterPI"/>
  </visualProperties>
  <visualProperties>
    <element href="assembly.xml#ProcessInputData"/>
  </visualProperties>
  <visualProperties>
    <element href="assembly.xml#Prepare.PayInput.Request"/>
  </visualProperties>
  <visualProperties>
    <element href="assembly.xml#PIM-PrepareWSErrors"/>
  </visualProperties>
  <visualProperties>
    <element href="assembly.xml#ImportWSSplitter"/>
  </visualProperties>
  <visualProperties>
    <element href="assembly.xml#Import.Payroll.Input.WrapWS"/>
  </visualProperties>
  <visualProperties>
    <element href="assembly.xml#ImportWS"/>
  </visualProperties>
  <visualProperties>
    <element href="assembly.xml#ImportProcDetails"/>
  </visualProperties>
  <visualProperties>
    <element href="assembly.xml#PIM-ImportDetailsError"/>
  </visualProperties>
  <visualProperties>
    <element href="assembly.xml#Store.errored.call"/>
  </visualProperties>
  <visualProperties>
    <element href="assembly.xml#CloseResAgg"/>
  </visualProperties>
  <visualProperties>
    <element href="assembly.xml#ImportResAggregator"/>
  </visualProperties>
  <visualProperties>
    <element href="assembly.xml#StoreImportProcDetails"/>
  </visualProperties>
  <visualProperties>
    <element href="assembly.xml#PIMStoreError"/>
  </visualProperties>
  <visualProperties>
    <element href="assembly.xml#ImportDetailsPosted"/>
  </visualProperties>
  <visualProperties>
    <element href="assembly.xml#Note-Error"/>
  </visualProperties>
  <visualProperties>
    <element href="assembly.xml#//@beans/@mixed.1/@mixed.65"/>
  </visualProperties>
  <visualProperties>
    <element href="assembly.xml#INT5362-Audit"/>
  </visualProperties>
  <visualProperties>
    <element href="assembly.xml#Call-DocRetrivel"/>
  </visualProperties>
  <visualProperties>
    <element href="assembly.xml#Call-CloseAggAudit"/>
  </visualProperties>
  <visualProperties>
    <element href="assembly.xml#DocRetrivel"/>
  </visualProperties>
  <visualProperties>
    <element href="assembly.xml#Init.Params"/>
  </visualProperties>
  <visualProperties>
    <element href="assembly.xml#PIM-Init"/>
  </visualProperties>
  <visualProperties>
    <element href="assembly.xml#GetParentDocs"/>
  </visualProperties>
  <visualProperties>
    <element href="assembly.xml#ProcessDocs"/>
  </visualProperties>
  <visualProperties>
    <element href="assembly.xml#Extract.Custom.Errors.From.Master.Data"/>
  </visualProperties>
  <visualProperties>
    <element href="assembly.xml#PIM-Extract-Custom-Errors-From-Master-Data"/>
  </visualProperties>
  <visualProperties>
    <element href="assembly.xml#Extract.Import.Batch.Files"/>
  </visualProperties>
  <visualProperties>
    <element href="assembly.xml#PIM-Extract-Import-Batch-Files-Errors"/>
  </visualProperties>
  <visualProperties>
    <element href="assembly.xml#Call-AggAuditData3"/>
  </visualProperties>
  <visualProperties>
    <element href="assembly.xml#Call-ProcessAudit"/>
  </visualProperties>
  <visualProperties>
    <element href="assembly.xml#ProcessAudit"/>
  </visualProperties>
  <visualProperties>
    <element href="assembly.xml#Validate.Import.WID"/>
  </visualProperties>
  <visualProperties>
    <element href="assembly.xml#PIM-Val-Err"/>
  </visualProperties>
  <visualProperties>
    <element href="assembly.xml#SplittBatach"/>
  </visualProperties>
  <visualProperties>
    <element href="assembly.xml#Build.Import.Process.Message"/>
  </visualProperties>
  <visualProperties>
    <element href="assembly.xml#Audit.Errors"/>
  </visualProperties>
  <visualProperties>
    <element href="assembly.xml#Call-AggAuditData2"/>
  </visualProperties>
  <visualProperties>
    <element href="assembly.xml#PIM-Build-Import-Error"/>
  </visualProperties>
  <visualProperties>
    <element href="assembly.xml#GetImportProcess"/>
  </visualProperties>
  <visualProperties>
    <element href="assembly.xml#Transform.Import.Message.Response"/>
  </visualProperties>
  <visualProperties>
    <element href="assembly.xml#PIM-Import-Msg-Resp-Errors"/>
  </visualProperties>
  <visualProperties>
    <element href="assembly.xml#Call-AggAuditData1"/>
  </visualProperties>
  <visualProperties>
    <element href="assembly.xml#AggAuditData"/>
  </visualProperties>
  <visualProperties>
    <element href="assembly.xml#CloseAggAudit"/>
  </visualProperties>
  <visualProperties>
    <element href="assembly.xml#AggregateAuditData"/>
  </visualProperties>
  <visualProperties>
    <element href="assembly.xml#Store.Final.Audit.Data"/>
  </visualProperties>
  <visualProperties>
    <element href="assembly.xml#PIM-Store-Final-Audit-Data-Errors"/>
  </visualProperties>
  <visualProperties>
    <element href="assembly.xml#PIM-Store-Audit"/>
  </visualProperties>
  <decorations width="827" height="81" font="|28|0" fontColor="1" type="NOTE" text="Integration Seprator between Main and Audit"/>
  <connections type="routesTo" sourceAnchorX="1.0" sourceAnchorY="0.5405405405405406" targetAnchorX="0.48484848484848486" targetAnchorY="0.5135135135135135">
    <source href="assembly.xml#StartHere"/>
    <target href="assembly.xml#Call-Init"/>
  </connections>
  <connections type="routesResponseTo" sourceAnchorX="1.0" sourceAnchorY="0.4594594594594595" targetAnchorX="0.10897435897435898" targetAnchorY="0.35135135135135137">
    <source href="assembly.xml#Call-Init"/>
    <target href="assembly.xml#Call-GetInputFiles"/>
  </connections>
  <connections type="routesResponseTo" sourceAnchorX="0.6025641025641025" sourceAnchorY="1.0" targetAnchorX="0.4107142857142857" targetAnchorY="0.2972972972972973">
    <source href="assembly.xml#Call-GetInputFiles"/>
    <target href="assembly.xml#Call-CloseInputAggr"/>
  </connections>
  <connections type="routesResponseTo" sourceAnchorX="0.5828220858895705" sourceAnchorY="0.5135135135135135" targetAnchorX="0.36923076923076925" targetAnchorY="0.10810810810810811">
    <source href="assembly.xml#Call-PayGroupData"/>
    <target href="assembly.xml#Call-AggData"/>
  </connections>
  <connections type="routesResponseTo" sourceAnchorX="1.0" sourceAnchorY="0.5405405405405406" targetAnchorX="0.2" targetAnchorY="0.2972972972972973">
    <source href="assembly.xml#Call-ProcessInputData"/>
    <target href="assembly.xml#Call-CloseResAgg"/>
  </connections>
  <connections type="routesResponseTo" sourceAnchorX="1.0" sourceAnchorY="0.4864864864864865" targetAnchorX="0.38596491228070173" targetAnchorY="0.43617021276595747">
    <source href="assembly.xml#Call-CloseResAgg"/>
    <target href="assembly.xml#Set.Int.Status"/>
  </connections>
  <connections type="routesTo" sourceAnchorX="1.0" sourceAnchorY="0.5957446808510638" targetAnchorX="0.2868217054263566" targetAnchorY="0.3783783783783784">
    <source href="assembly.xml#Set.Int.Status"/>
    <target href="assembly.xml#PIM-IntStatus"/>
  </connections>
  <connections type="routesTo" sourceAnchorX="1.0" sourceAnchorY="0.4864864864864865" targetAnchorX="0.1590909090909091" targetAnchorY="0.392">
    <source href="assembly.xml#Init"/>
    <target href="assembly.xml#Init.Props"/>
  </connections>
  <connections type="routesTo" sourceAnchorX="1.0" sourceAnchorY="0.448" targetAnchorX="0.1791044776119403" targetAnchorY="0.24324324324324326">
    <source href="assembly.xml#Init.Props"/>
    <target href="assembly.xml#PIM-Validation"/>
  </connections>
  <connections type="routesTo" sourceAnchorX="1.0" sourceAnchorY="0.4666666666666667" targetAnchorX="0.3816793893129771" targetAnchorY="0.35135135135135137">
    <source href="assembly.xml#//@beans/@mixed.1/@mixed.209/@mixed.3"/>
    <target href="assembly.xml#PIM-InitErrors"/>
  </connections>
  <connections type="routesResponseTo" sourceAnchorX="1.0" sourceAnchorY="0.4594594594594595" targetAnchorX="0.3357142857142857" targetAnchorY="0.3783783783783784">
    <source href="assembly.xml#PIM-PayInputFlag"/>
    <target href="assembly.xml#PIM-StoreMaps"/>
  </connections>
  <connections type="routesTo" sourceAnchorX="1.0" sourceAnchorY="0.5135135135135135" targetAnchorX="0.16560509554140126" targetAnchorY="0.352">
    <source href="assembly.xml#GetInputFiles"/>
    <target href="assembly.xml#HandleGetDocErrors"/>
  </connections>
  <connections type="routesTo" sourceAnchorX="1.0" sourceAnchorY="0.432" targetAnchorX="0.1977401129943503" targetAnchorY="0.6216216216216216">
    <source href="assembly.xml#HandleGetDocErrors"/>
    <target href="assembly.xml#GetEventDocuments0"/>
  </connections>
  <connections type="routesTo" sourceAnchorX="0.48" sourceAnchorY="1.0" targetAnchorX="0.33116883116883117" targetAnchorY="0.2972972972972973">
    <source href="assembly.xml#//@beans/@mixed.1/@mixed.197/@mixed.3"/>
    <target href="assembly.xml#PIM-GetFileErrors"/>
  </connections>
  <connections type="routesResponseTo" sourceAnchorX="1.0" sourceAnchorY="0.5405405405405406" targetAnchorX="0.08783783783783784" targetAnchorY="0.392">
    <source href="assembly.xml#GetEventDocuments0"/>
    <target href="assembly.xml#Check.Files.Count"/>
  </connections>
  <connections type="routesTo" sourceAnchorX="1.0" sourceAnchorY="0.448" targetAnchorX="0.21100917431192662" targetAnchorY="0.42857142857142855">
    <source href="assembly.xml#Check.Files.Count"/>
    <target href="assembly.xml#DocIterator0"/>
  </connections>
  <connections type="routesTo" sourceAnchorX="0.6382978723404256" sourceAnchorY="1.0" targetAnchorX="0.4853801169590643" targetAnchorY="0.10810810810810811">
    <source href="assembly.xml#//@beans/@mixed.1/@mixed.191/@mixed.3"/>
    <target href="assembly.xml#PIM-Fail-formorefiles"/>
  </connections>
  <connections type="routesResponseTo" sourceAnchorX="0.5263157894736842" sourceAnchorY="1.0" targetAnchorX="0.2857142857142857" targetAnchorY="0.13829787234042554">
    <source href="assembly.xml#PIM-Fail-formorefiles"/>
    <target href="assembly.xml#Abort0"/>
  </connections>
  <connections type="routesTo" sourceAnchorX="1.0" sourceAnchorY="0.7058823529411765" targetAnchorX="0.19008264462809918" targetAnchorY="0.3723404255319149">
    <source href="assembly.xml#//@beans/@mixed.1/@route.4/@subRoute.0"/>
    <target href="assembly.xml#Get.File.Name"/>
  </connections>
  <connections type="routesTo" sourceAnchorX="1.0" sourceAnchorY="0.6595744680851063" targetAnchorX="0.1875" targetAnchorY="0.13855421686746988">
    <source href="assembly.xml#Get.File.Name"/>
    <target href="assembly.xml#Route.Files"/>
  </connections>
  <connections type="routesTo" sourceAnchorX="1.0" sourceAnchorY="0.6470588235294118" targetAnchorX="0.040625" targetAnchorY="0.336">
    <source href="assembly.xml#//@beans/@mixed.1/@route.3/@subRoute.0"/>
    <target href="assembly.xml#Validate.Input.File"/>
  </connections>
  <connections type="routesTo" sourceAnchorX="1.0" sourceAnchorY="0.4411764705882353" targetAnchorX="0.10649350649350649" targetAnchorY="0.56">
    <source href="assembly.xml#//@beans/@mixed.1/@route.3/@subRoute.1"/>
    <target href="assembly.xml#Validate.OffCycle.Input.File"/>
  </connections>
  <connections type="routesTo" sourceAnchorX="1.0" sourceAnchorY="0.4411764705882353" targetAnchorX="0.07079646017699115" targetAnchorY="0.6914893617021277">
    <source href="assembly.xml#//@beans/@mixed.1/@route.3/@subRoute.2"/>
    <target href="assembly.xml#No.MatchFile"/>
  </connections>
  <connections type="routesTo" sourceAnchorX="1.0" sourceAnchorY="0.4" targetAnchorX="0.12418300653594772" targetAnchorY="0.46226415094339623">
    <source href="assembly.xml#Validate.Input.File"/>
    <target href="assembly.xml#AggregateInputData"/>
  </connections>
  <connections type="routesTo" sourceAnchorX="0.49473684210526314" sourceAnchorY="1.0" targetAnchorX="0.3351063829787234" targetAnchorY="0.5135135135135135">
    <source href="assembly.xml#//@beans/@mixed.1/@mixed.179/@mixed.3"/>
    <target href="assembly.xml#PIM-FileValidationErrors"/>
  </connections>
  <connections type="routesTo" sourceAnchorX="1.0" sourceAnchorY="0.496" targetAnchorX="0.3006535947712418" targetAnchorY="0.39622641509433965">
    <source href="assembly.xml#Validate.OffCycle.Input.File"/>
    <target href="assembly.xml#AggregateInputData"/>
  </connections>
  <connections type="routesTo" sourceAnchorX="0.5026455026455027" sourceAnchorY="1.0" targetAnchorX="0.45064377682403434" targetAnchorY="0.21621621621621623">
    <source href="assembly.xml#//@beans/@mixed.1/@mixed.175/@mixed.3"/>
    <target href="assembly.xml#PIM-OffCycleFileValidationErrors"/>
  </connections>
  <connections type="routesTo" sourceAnchorX="0.6344827586206897" sourceAnchorY="1.0" targetAnchorX="0.5228758169934641" targetAnchorY="0.07547169811320754">
    <source href="assembly.xml#CloseInputAggr"/>
    <target href="assembly.xml#AggregateInputData"/>
  </connections>
  <connections type="routesTo" sourceAnchorX="1.0" sourceAnchorY="0.6226415094339622" targetAnchorX="0.0975609756097561" targetAnchorY="0.16">
    <source href="assembly.xml#AggregateInputData"/>
    <target href="assembly.xml#Store.Input.Files.Data"/>
  </connections>
  <connections type="routesTo" sourceAnchorX="0.5815899581589958" sourceAnchorY="1.0" targetAnchorX="0.5026178010471204" targetAnchorY="0.16216216216216217">
    <source href="assembly.xml#//@beans/@mixed.1/@mixed.165/@mixed.3"/>
    <target href="assembly.xml#PIM-InputFilesStoreError"/>
  </connections>
  <connections type="routesResponseTo" sourceAnchorX="0.5340314136125655" sourceAnchorY="1.0" targetAnchorX="0.46564885496183206" targetAnchorY="0.13829787234042554">
    <source href="assembly.xml#PIM-InputFilesStoreError"/>
    <target href="assembly.xml#Abort.Integration"/>
  </connections>
  <connections type="routesTo" sourceAnchorX="1.0" sourceAnchorY="0.40540540540540543" targetAnchorX="0.34415584415584416" targetAnchorY="0.368">
    <source href="assembly.xml#GetWorkersData"/>
    <target href="assembly.xml#Prepare.GetWorker"/>
  </connections>
  <connections type="routesTo" sourceAnchorX="1.0" sourceAnchorY="0.424" targetAnchorX="0.19753086419753085" targetAnchorY="0.7027027027027027">
    <source href="assembly.xml#Prepare.GetWorker"/>
    <target href="assembly.xml#PagedGetWorkers"/>
  </connections>
  <connections type="routesTo" sourceAnchorX="0.6285714285714286" sourceAnchorY="1.0" targetAnchorX="0.44881889763779526" targetAnchorY="0.0851063829787234">
    <source href="assembly.xml#//@beans/@mixed.1/@mixed.157/@mixed.3"/>
    <target href="assembly.xml#AsyncMediation"/>
  </connections>
  <connections type="routesTo" sourceAnchorX="0.9797297297297297" sourceAnchorY="0.616" targetAnchorX="0.48554913294797686" targetAnchorY="0.4594594594594595">
    <source href="assembly.xml#AsyncMediation"/>
    <target href="assembly.xml#PIM-GetWorkerErrors"/>
    <bendpoints sourceX="33" sourceY="14" targetX="107" targetY="-81"/>
    <bendpoints sourceX="30" sourceY="99" targetX="107" targetY="-13"/>
  </connections>
  <connections type="routesTo" sourceAnchorX="0.4476744186046512" sourceAnchorY="0.6" targetAnchorX="0.9459459459459459" targetAnchorY="0.464">
    <source href="assembly.xml#//@beans/@mixed.1/@mixed.149/@mixed.3"/>
    <target href="assembly.xml#AsyncMediation"/>
  </connections>
  <connections type="routesTo" sourceAnchorX="0.3971631205673759" sourceAnchorY="1.0" targetAnchorX="0.19653179190751446" targetAnchorY="0.3783783783783784">
    <source href="assembly.xml#//@beans/@mixed.1/@mixed.155/@mixed.3"/>
    <target href="assembly.xml#PIM-GetWorkerErrors"/>
  </connections>
  <connections type="routesResponseTo" sourceAnchorX="1.0" sourceAnchorY="0.5405405405405406" targetAnchorX="0.1452513966480447" targetAnchorY="0.296">
    <source href="assembly.xml#PagedGetWorkers"/>
    <target href="assembly.xml#PrepWorkerOverrideData"/>
  </connections>
  <connections type="routesTo" sourceAnchorX="1.0" sourceAnchorY="0.6486486486486487" targetAnchorX="0.17006802721088435" targetAnchorY="0.416">
    <source href="assembly.xml#PayGroupData"/>
    <target href="assembly.xml#Get.PayGroup.Data"/>
  </connections>
  <connections type="routesTo" sourceAnchorX="1.0" sourceAnchorY="0.432" targetAnchorX="0.23728813559322035" targetAnchorY="0.5675675675675675">
    <source href="assembly.xml#Get.PayGroup.Data"/>
    <target href="assembly.xml#PayGroup"/>
  </connections>
  <connections type="routesTo" sourceAnchorX="0.5164835164835165" sourceAnchorY="1.0" targetAnchorX="0.4" targetAnchorY="0.2702702702702703">
    <source href="assembly.xml#//@beans/@mixed.1/@mixed.145/@mixed.3"/>
    <target href="assembly.xml#PIM-RptErrorsPayGroup"/>
  </connections>
  <connections type="routesTo" sourceAnchorX="0.29850746268656714" sourceAnchorY="1.0" targetAnchorX="0.8128342245989305" targetAnchorY="0.5405405405405406">
    <source href="assembly.xml#//@beans/@mixed.1/@mixed.139/@mixed.3"/>
    <target href="assembly.xml#PIM-RptErrorsPayGroup"/>
    <bendpoints sourceX="-33" sourceY="34" targetX="249" targetY="-1"/>
  </connections>
  <connections type="routesResponseTo" sourceAnchorX="1.0" sourceAnchorY="0.4864864864864865" targetAnchorX="0.15865384615384615" targetAnchorY="0.416">
    <source href="assembly.xml#PayGroup"/>
    <target href="assembly.xml#CustomRpt.Output.PayGroup"/>
  </connections>
  <connections type="routesTo" sourceAnchorX="1.0" sourceAnchorY="0.488" targetAnchorX="0.2767857142857143" targetAnchorY="0.5675675675675675">
    <source href="assembly.xml#CustomRpt.Output.PayGroup"/>
    <target href="assembly.xml#PagedGetPeriods"/>
  </connections>
  <connections type="routesResponseTo" sourceAnchorX="1.0" sourceAnchorY="0.5405405405405406" targetAnchorX="0.060897435897435896" targetAnchorY="0.496">
    <source href="assembly.xml#PagedGetPeriods"/>
    <target href="assembly.xml#Copy.Paged.Data"/>
  </connections>
  <connections type="routesTo" sourceAnchorX="1.0" sourceAnchorY="0.456" targetAnchorX="0.37383177570093457" targetAnchorY="0.27388535031847133">
    <source href="assembly.xml#Copy.Paged.Data"/>
    <target href="assembly.xml#Route0"/>
  </connections>
  <connections type="routesTo" sourceAnchorX="0.4786885245901639" sourceAnchorY="1.0" targetAnchorX="0.39408866995073893" targetAnchorY="0.0">
    <source href="assembly.xml#//@beans/@mixed.1/@mixed.135/@mixed.3"/>
    <target href="assembly.xml#PIM-CopyErrors1"/>
  </connections>
  <connections type="routesTo" sourceAnchorX="1.0" sourceAnchorY="0.4411764705882353" targetAnchorX="0.1984126984126984" targetAnchorY="0.5425531914893617">
    <source href="assembly.xml#//@beans/@mixed.1/@route.2/@subRoute.0"/>
    <target href="assembly.xml#Copy.PayGroup"/>
  </connections>
  <connections type="routesTo" sourceAnchorX="1.0" sourceAnchorY="0.5294117647058824" targetAnchorX="0.26956521739130435" targetAnchorY="0.7021276595744681">
    <source href="assembly.xml#//@beans/@mixed.1/@route.2/@subRoute.1"/>
    <target href="assembly.xml#Copy.Periods"/>
  </connections>
  <connections type="routesTo" sourceAnchorX="1.0" sourceAnchorY="0.44680851063829785" targetAnchorX="0.16993464052287582" targetAnchorY="0.5566037735849056">
    <source href="assembly.xml#Copy.PayGroup"/>
    <target href="assembly.xml#Aggregator"/>
  </connections>
  <connections type="routesTo" sourceAnchorX="1.0" sourceAnchorY="0.5212765957446809" targetAnchorX="0.11764705882352941" targetAnchorY="0.29245283018867924">
    <source href="assembly.xml#Copy.Periods"/>
    <target href="assembly.xml#Aggregator"/>
  </connections>
  <connections type="routesTo" sourceAnchorX="0.9150326797385621" sourceAnchorY="0.44339622641509435" targetAnchorX="0.11173184357541899" targetAnchorY="0.368">
    <source href="assembly.xml#Aggregator"/>
    <target href="assembly.xml#Transform.Periods.Data"/>
  </connections>
  <connections type="routesTo" sourceAnchorX="0.436046511627907" sourceAnchorY="1.0" targetAnchorX="0.33488372093023255" targetAnchorY="0.32432432432432434">
    <source href="assembly.xml#//@beans/@mixed.1/@mixed.123/@mixed.3"/>
    <target href="assembly.xml#PIM-TransformPeriodsErrors"/>
  </connections>
  <connections type="routesTo" sourceAnchorX="1.0" sourceAnchorY="0.5945945945945946" targetAnchorX="0.05844155844155844" targetAnchorY="0.512">
    <source href="assembly.xml#AggData"/>
    <target href="assembly.xml#Agg.Data"/>
  </connections>
  <connections type="routesTo" sourceAnchorX="1.0" sourceAnchorY="0.504" targetAnchorX="0.1566265060240964" targetAnchorY="0.21509433962264152">
    <source href="assembly.xml#Agg.Data"/>
    <target href="assembly.xml#Stacker.Route"/>
  </connections>
  <connections type="routesTo" sourceAnchorX="0.5034013605442177" sourceAnchorY="1.0" targetAnchorX="0.3950617283950617" targetAnchorY="0.43243243243243246">
    <source href="assembly.xml#//@beans/@mixed.1/@mixed.117/@mixed.3"/>
    <target href="assembly.xml#PIM-AggDataErrors"/>
  </connections>
  <connections type="routesTo" sourceAnchorX="1.0" targetAnchorX="0.25274725274725274" targetAnchorY="0.6063829787234043">
    <source href="assembly.xml#//@beans/@mixed.1/@route.1/@subRoute.0"/>
    <target href="assembly.xml#Input.Data"/>
  </connections>
  <connections type="routesTo" sourceAnchorX="1.0" sourceAnchorY="0.4117647058823529" targetAnchorX="0.09345794392523364" targetAnchorY="0.574468085106383">
    <source href="assembly.xml#//@beans/@mixed.1/@route.1/@subRoute.1"/>
    <target href="assembly.xml#Worker.Data"/>
  </connections>
  <connections type="routesTo" sourceAnchorX="1.0" sourceAnchorY="0.47058823529411764" targetAnchorX="0.17886178861788618" targetAnchorY="0.7446808510638298">
    <source href="assembly.xml#//@beans/@mixed.1/@route.1/@subRoute.2"/>
    <target href="assembly.xml#Attributes.Maps.Data"/>
  </connections>
  <connections type="routesTo" sourceAnchorX="1.0" sourceAnchorY="0.6470588235294118" targetAnchorX="0.1981981981981982" targetAnchorY="0.7021276595744681">
    <source href="assembly.xml#//@beans/@mixed.1/@route.1/@subRoute.3"/>
    <target href="assembly.xml#Periods.Data"/>
  </connections>
  <connections type="routesTo" sourceAnchorX="1.0" sourceAnchorY="0.6063829787234043" targetAnchorX="0.05128205128205128" targetAnchorY="0.5566037735849056">
    <source href="assembly.xml#Input.Data"/>
    <target href="assembly.xml#FileInputsAggregator"/>
  </connections>
  <connections type="routesTo" sourceAnchorX="1.0" sourceAnchorY="0.5425531914893617" targetAnchorX="0.02564102564102564" targetAnchorY="0.5188679245283019">
    <source href="assembly.xml#Worker.Data"/>
    <target href="assembly.xml#FileInputsAggregator"/>
  </connections>
  <connections type="routesTo" sourceAnchorX="1.0" sourceAnchorY="0.5425531914893617" targetAnchorX="0.00641025641025641" targetAnchorY="0.8207547169811321">
    <source href="assembly.xml#Attributes.Maps.Data"/>
    <target href="assembly.xml#FileInputsAggregator"/>
  </connections>
  <connections type="routesTo" sourceAnchorX="1.0" sourceAnchorY="0.5851063829787234" targetAnchorX="0.057692307692307696" targetAnchorY="0.5849056603773585">
    <source href="assembly.xml#Periods.Data"/>
    <target href="assembly.xml#FileInputsAggregator"/>
  </connections>
  <connections type="routesTo" sourceAnchorX="1.0" sourceAnchorY="0.7924528301886793" targetAnchorX="0.05719557195571956" targetAnchorY="0.256">
    <source href="assembly.xml#FileInputsAggregator"/>
    <target href="assembly.xml#Prepare.Master.Data"/>
  </connections>
  <connections type="routesTo" sourceAnchorX="1.0" sourceAnchorY="0.352" targetAnchorX="0.08860759493670886" targetAnchorY="0.5405405405405406">
    <source href="assembly.xml#Prepare.Master.Data"/>
    <target href="assembly.xml#PIM-StoreMasterPI"/>
  </connections>
  <connections type="routesTo" sourceAnchorX="0.491588785046729" sourceAnchorY="1.0" targetAnchorX="0.336734693877551" targetAnchorY="0.35135135135135137">
    <source href="assembly.xml#//@beans/@mixed.1/@mixed.101/@mixed.3"/>
    <target href="assembly.xml#PIM-PrepareMasterErrors"/>
  </connections>
  <connections type="routesTo" sourceAnchorX="1.0" sourceAnchorY="0.43243243243243246" targetAnchorX="0.08306709265175719" targetAnchorY="0.464">
    <source href="assembly.xml#ProcessInputData"/>
    <target href="assembly.xml#Prepare.PayInput.Request"/>
  </connections>
  <connections type="routesTo" sourceAnchorX="1.0" sourceAnchorY="0.496" targetAnchorX="0.21641791044776118" targetAnchorY="0.4935064935064935">
    <source href="assembly.xml#Prepare.PayInput.Request"/>
    <target href="assembly.xml#ImportWSSplitter"/>
  </connections>
  <connections type="routesTo" sourceAnchorY="1.0" targetAnchorX="0.3651685393258427" targetAnchorY="0.0">
    <source href="assembly.xml#//@beans/@mixed.1/@mixed.93/@mixed.3"/>
    <target href="assembly.xml#PIM-PrepareWSErrors"/>
  </connections>
  <connections type="routesTo" sourceAnchorX="1.0" sourceAnchorY="0.5882352941176471" targetAnchorX="0.06756756756756757" targetAnchorY="0.384">
    <source href="assembly.xml#//@beans/@mixed.1/@splitter.1/@subRoute.0"/>
    <target href="assembly.xml#Import.Payroll.Input.WrapWS"/>
  </connections>
  <connections type="routesTo" sourceAnchorX="1.0" sourceAnchorY="0.472" targetAnchorX="0.34234234234234234" targetAnchorY="0.5135135135135135">
    <source href="assembly.xml#Import.Payroll.Input.WrapWS"/>
    <target href="assembly.xml#ImportWS"/>
  </connections>
  <connections type="routesTo" sourceAnchorX="1.0" sourceAnchorY="0.43333333333333335" targetAnchorX="0.10126582278481013" targetAnchorY="0.5405405405405406">
    <source href="assembly.xml#//@beans/@mixed.1/@mixed.87/@mixed.3"/>
    <target href="assembly.xml#PIM-ImportDetailsError"/>
  </connections>
  <connections type="routesResponseTo" sourceAnchorX="1.0" sourceAnchorY="0.5405405405405406" targetAnchorX="0.04739336492890995" targetAnchorY="0.392">
    <source href="assembly.xml#ImportWS"/>
    <target href="assembly.xml#ImportProcDetails"/>
  </connections>
  <connections type="routesTo" sourceAnchorX="1.0" sourceAnchorY="0.512" targetAnchorX="0.2125" targetAnchorY="0.8584905660377359">
    <source href="assembly.xml#ImportProcDetails"/>
    <target href="assembly.xml#ImportResAggregator"/>
  </connections>
  <connections type="routesTo" sourceAnchorX="0.5588235294117647" sourceAnchorY="1.0" targetAnchorX="0.43670886075949367" targetAnchorY="0.02702702702702703">
    <source href="assembly.xml#//@beans/@mixed.1/@mixed.83/@mixed.3"/>
    <target href="assembly.xml#PIM-ImportDetailsError"/>
  </connections>
  <connections type="routesResponseTo" sourceAnchorX="0.5822784810126582" sourceAnchorY="1.0" targetAnchorX="0.45588235294117646" targetAnchorY="0.14893617021276595">
    <source href="assembly.xml#PIM-ImportDetailsError"/>
    <target href="assembly.xml#Store.errored.call"/>
  </connections>
  <connections type="routesTo" sourceAnchorX="0.6865671641791045" sourceAnchorY="1.0" targetAnchorX="0.50625" targetAnchorY="0.14150943396226415">
    <source href="assembly.xml#CloseResAgg"/>
    <target href="assembly.xml#ImportResAggregator"/>
  </connections>
  <connections type="routesTo" sourceAnchorX="1.0" sourceAnchorY="0.5943396226415094" targetAnchorX="0.12941176470588237" targetAnchorY="0.296">
    <source href="assembly.xml#ImportResAggregator"/>
    <target href="assembly.xml#StoreImportProcDetails"/>
  </connections>
  <connections type="routesTo" sourceAnchorX="1.0" sourceAnchorY="0.456" targetAnchorX="0.2411764705882353" targetAnchorY="0.7027027027027027">
    <source href="assembly.xml#StoreImportProcDetails"/>
    <target href="assembly.xml#ImportDetailsPosted"/>
  </connections>
  <connections type="routesTo" sourceAnchorX="0.5030674846625767" sourceAnchorY="1.0" targetAnchorX="0.3383458646616541" targetAnchorY="0.13513513513513514">
    <source href="assembly.xml#//@beans/@mixed.1/@mixed.73/@mixed.3"/>
    <target href="assembly.xml#PIMStoreError"/>
  </connections>
  <connections type="routesTo" sourceAnchorX="0.9669421487603306" sourceAnchorY="0.43243243243243246" targetAnchorX="0.06060606060606061" targetAnchorY="0.3783783783783784">
    <source href="assembly.xml#//@beans/@mixed.1/@mixed.65"/>
    <target href="assembly.xml#Note-Error"/>
  </connections>
  <connections type="routesTo" sourceAnchorX="1.0" sourceAnchorY="0.6486486486486487" targetAnchorX="0.23972602739726026" targetAnchorY="0.3783783783783784">
    <source href="assembly.xml#INT5362-Audit"/>
    <target href="assembly.xml#Call-DocRetrivel"/>
  </connections>
  <connections type="routesResponseTo" sourceAnchorX="1.0" sourceAnchorY="0.4594594594594595" targetAnchorX="0.4024390243902439" targetAnchorY="0.32432432432432434">
    <source href="assembly.xml#Call-DocRetrivel"/>
    <target href="assembly.xml#Call-CloseAggAudit"/>
  </connections>
  <connections type="routesTo" sourceAnchorX="1.0" sourceAnchorY="0.5405405405405406" targetAnchorX="0.10476190476190476" targetAnchorY="0.448">
    <source href="assembly.xml#DocRetrivel"/>
    <target href="assembly.xml#Init.Params"/>
  </connections>
  <connections type="routesTo" sourceAnchorX="1.0" sourceAnchorY="0.392" targetAnchorX="0.2765957446808511" targetAnchorY="0.7837837837837838">
    <source href="assembly.xml#Init.Params"/>
    <target href="assembly.xml#GetParentDocs"/>
  </connections>
  <connections type="routesTo" sourceAnchorX="0.5714285714285714" sourceAnchorY="1.0" targetAnchorX="0.3917525773195876" targetAnchorY="0.08108108108108109">
    <source href="assembly.xml#//@beans/@mixed.1/@mixed.55/@mixed.3"/>
    <target href="assembly.xml#PIM-Init"/>
  </connections>
  <connections type="routesResponseTo" sourceAnchorX="1.0" sourceAnchorY="0.5675675675675675" targetAnchorX="0.6153846153846154" targetAnchorY="0.42857142857142855">
    <source href="assembly.xml#GetParentDocs"/>
    <target href="assembly.xml#ProcessDocs"/>
  </connections>
  <connections type="routesTo" sourceAnchorX="1.0" sourceAnchorY="0.5882352941176471" targetAnchorX="0.020151133501259445" targetAnchorY="0.32">
    <source href="assembly.xml#//@beans/@mixed.1/@route.0/@subRoute.0"/>
    <target href="assembly.xml#Extract.Custom.Errors.From.Master.Data"/>
    <bendpoints sourceX="28" sourceY="-28" targetX="-34" targetY="134"/>
    <bendpoints sourceX="29" sourceY="-120" targetX="-33" targetY="42"/>
  </connections>
  <connections type="routesTo" sourceAnchorX="1.0" sourceAnchorY="0.5294117647058824" targetAnchorX="0.09747292418772563" targetAnchorY="0.36">
    <source href="assembly.xml#//@beans/@mixed.1/@route.0/@subRoute.1"/>
    <target href="assembly.xml#Extract.Import.Batch.Files"/>
  </connections>
  <connections type="routesTo" sourceAnchorX="1.0" sourceAnchorY="0.424" targetAnchorX="0.06097560975609756" targetAnchorY="0.8648648648648649">
    <source href="assembly.xml#Extract.Custom.Errors.From.Master.Data"/>
    <target href="assembly.xml#Call-AggAuditData3"/>
  </connections>
  <connections type="routesTo" sourceAnchorX="0.4846153846153846" sourceAnchorY="1.0" targetAnchorX="0.3583061889250814" targetAnchorY="0.40540540540540543">
    <source href="assembly.xml#//@beans/@mixed.1/@mixed.47/@mixed.3"/>
    <target href="assembly.xml#PIM-Extract-Custom-Errors-From-Master-Data"/>
  </connections>
  <connections type="routesTo" sourceAnchorX="1.0" sourceAnchorY="0.432" targetAnchorX="0.1346153846153846" targetAnchorY="0.4864864864864865">
    <source href="assembly.xml#Extract.Import.Batch.Files"/>
    <target href="assembly.xml#Call-ProcessAudit"/>
  </connections>
  <connections type="routesTo" sourceAnchorX="0.48518518518518516" sourceAnchorY="1.0" targetAnchorX="0.3576923076923077" targetAnchorY="0.21621621621621623">
    <source href="assembly.xml#//@beans/@mixed.1/@mixed.43/@mixed.3"/>
    <target href="assembly.xml#PIM-Extract-Import-Batch-Files-Errors"/>
  </connections>
  <connections type="routesTo" sourceAnchorX="1.0" sourceAnchorY="0.4594594594594595" targetAnchorX="0.47651006711409394" targetAnchorY="0.44">
    <source href="assembly.xml#ProcessAudit"/>
    <target href="assembly.xml#Validate.Import.WID"/>
  </connections>
  <connections type="routesTo" sourceAnchorX="1.0" sourceAnchorY="0.432" targetAnchorX="0.38317757009345793" targetAnchorY="0.4675324675324675">
    <source href="assembly.xml#Validate.Import.WID"/>
    <target href="assembly.xml#SplittBatach"/>
  </connections>
  <connections type="routesTo" sourceAnchorX="0.528169014084507" sourceAnchorY="1.0" targetAnchorX="0.23076923076923078" targetAnchorY="0.5135135135135135">
    <source href="assembly.xml#//@beans/@mixed.1/@mixed.33/@mixed.3"/>
    <target href="assembly.xml#PIM-Val-Err"/>
  </connections>
  <connections type="routesTo" sourceAnchorX="1.0" sourceAnchorY="0.5294117647058824" targetAnchorX="0.06299212598425197" targetAnchorY="0.416">
    <source href="assembly.xml#//@beans/@mixed.1/@splitter.0/@subRoute.0"/>
    <target href="assembly.xml#Build.Import.Process.Message"/>
    <bendpoints sourceX="44" sourceY="-138" targetX="-86" targetY="34"/>
  </connections>
  <connections type="routesTo" sourceAnchorX="1.0" sourceAnchorY="0.464" targetAnchorX="0.19745222929936307" targetAnchorY="0.5675675675675675">
    <source href="assembly.xml#Build.Import.Process.Message"/>
    <target href="assembly.xml#GetImportProcess"/>
  </connections>
  <connections type="routesTo" sourceAnchorX="0.25101214574898784" sourceAnchorY="0.5666666666666667" targetAnchorX="0.1509433962264151" targetAnchorY="0.392">
    <source href="assembly.xml#//@beans/@mixed.1/@mixed.27/@mixed.3"/>
    <target href="assembly.xml#Audit.Errors"/>
  </connections>
  <connections type="routesTo" sourceAnchorX="1.0" sourceAnchorY="0.448" targetAnchorX="0.45121951219512196" targetAnchorY="0.5675675675675675">
    <source href="assembly.xml#Audit.Errors"/>
    <target href="assembly.xml#Call-AggAuditData2"/>
  </connections>
  <connections type="routesTo" sourceAnchorX="1.0" sourceAnchorY="0.5666666666666667" targetAnchorX="0.15083798882681565" targetAnchorY="0.43243243243243246">
    <source href="assembly.xml#//@beans/@mixed.1/@mixed.25/@mixed.3"/>
    <target href="assembly.xml#PIM-Build-Import-Error"/>
  </connections>
  <connections type="routesResponseTo" sourceAnchorX="1.0" sourceAnchorY="0.4864864864864865" targetAnchorX="0.0992063492063492" targetAnchorY="0.352">
    <source href="assembly.xml#GetImportProcess"/>
    <target href="assembly.xml#Transform.Import.Message.Response"/>
  </connections>
  <connections type="routesTo" sourceAnchorX="1.0" sourceAnchorY="0.456" targetAnchorX="0.17682926829268292" targetAnchorY="0.6486486486486487">
    <source href="assembly.xml#Transform.Import.Message.Response"/>
    <target href="assembly.xml#Call-AggAuditData1"/>
  </connections>
  <connections type="routesTo" sourceAnchorX="0.5142857142857142" sourceAnchorY="1.0" targetAnchorX="0.3813953488372093" targetAnchorY="0.40540540540540543">
    <source href="assembly.xml#//@beans/@mixed.1/@mixed.17/@mixed.3"/>
    <target href="assembly.xml#PIM-Import-Msg-Resp-Errors"/>
  </connections>
  <connections type="routesTo" sourceAnchorX="1.0" sourceAnchorY="0.43243243243243246" targetAnchorX="0.33986928104575165" targetAnchorY="0.7452830188679245">
    <source href="assembly.xml#AggAuditData"/>
    <target href="assembly.xml#AggregateAuditData"/>
  </connections>
  <connections type="routesTo" sourceAnchorX="0.5217391304347826" sourceAnchorY="1.0" targetAnchorX="0.35294117647058826" targetAnchorY="0.1509433962264151">
    <source href="assembly.xml#CloseAggAudit"/>
    <target href="assembly.xml#AggregateAuditData"/>
  </connections>
  <connections type="routesTo" sourceAnchorX="1.0" sourceAnchorY="0.5471698113207547" targetAnchorX="0.11877394636015326" targetAnchorY="0.296">
    <source href="assembly.xml#AggregateAuditData"/>
    <target href="assembly.xml#Store.Final.Audit.Data"/>
  </connections>
  <connections type="routesTo" sourceAnchorX="1.0" sourceAnchorY="0.512" targetAnchorX="0.20567375886524822" targetAnchorY="0.6756756756756757">
    <source href="assembly.xml#Store.Final.Audit.Data"/>
    <target href="assembly.xml#PIM-Store-Audit"/>
  </connections>
  <connections type="routesTo" sourceAnchorX="0.468503937007874" sourceAnchorY="1.0" targetAnchorX="0.375" targetAnchorY="0.16216216216216217">
    <source href="assembly.xml#//@beans/@mixed.1/@mixed.5/@mixed.3"/>
    <target href="assembly.xml#PIM-Store-Final-Audit-Data-Errors"/>
  </connections>
  <connections type="routesResponseTo" sourceAnchorX="1.0" sourceAnchorY="0.43243243243243246" targetAnchorX="0.13157894736842105" targetAnchorY="0.5135135135135135">
    <source href="assembly.xml#PIM-Validation"/>
    <target href="assembly.xml#PIM-PayInputFlag"/>
  </connections>
  <connections type="routesResponseTo" sourceAnchorX="0.5689655172413793" sourceAnchorY="1.0" targetAnchorX="0.4539877300613497" targetAnchorY="0.2972972972972973">
    <source href="assembly.xml#Call-GetWorkersData"/>
    <target href="assembly.xml#Call-PayGroupData"/>
  </connections>
  <connections type="routesResponseTo" sourceAnchorX="1.0" sourceAnchorY="0.32432432432432434" targetAnchorX="0.05747126436781609" targetAnchorY="0.24324324324324326">
    <source href="assembly.xml#Call-CloseInputAggr"/>
    <target href="assembly.xml#Call-GetWorkersData"/>
  </connections>
  <connections type="routesResponseTo" sourceAnchorX="1.0" sourceAnchorY="0.43243243243243246" targetAnchorX="0.04945054945054945" targetAnchorY="0.2972972972972973">
    <source href="assembly.xml#Call-AggData"/>
    <target href="assembly.xml#Call-ProcessInputData"/>
  </connections>
  <swimlanes name="" orientation="VERTICAL" alignment="MIDDLE" labelAlignment="LEFT">
    <elements href="assembly.xml#Call-GetInputFiles"/>
    <elements href="assembly.xml#Call-CloseInputAggr"/>
  </swimlanes>
  <swimlanes name="" orientation="VERTICAL" alignment="MIDDLE">
    <elements href="assembly.xml#Call-GetWorkersData"/>
    <elements href="assembly.xml#Call-PayGroupData"/>
    <elements href="assembly.xml#Call-AggData"/>
  </swimlanes>
  <swimlanes font="Calibri|12|1" fontColor="1" name="Main" alignment="MIDDLE" labelAlignment="LEFT">
    <elements href="assembly.xml#StartHere"/>
    <elements href="assembly.xml#Call-Init"/>
    <elements href="#//@swimlanes.0"/>
    <elements href="#//@swimlanes.1"/>
    <elements href="assembly.xml#Call-ProcessInputData"/>
    <elements href="assembly.xml#Call-CloseResAgg"/>
    <elements href="assembly.xml#Set.Int.Status"/>
    <elements href="assembly.xml#PIM-IntStatus"/>
  </swimlanes>
  <swimlanes name="" orientation="VERTICAL" alignment="MIDDLE" labelAlignment="LEFT">
    <elements href="assembly.xml#PIM-Validation"/>
    <elements href="assembly.xml#PIM-InitErrors"/>
  </swimlanes>
  <swimlanes font="Calibri|12|1" fontColor="1" name="Initialization" alignment="MIDDLE" labelAlignment="LEFT">
    <elements href="assembly.xml#Init"/>
    <elements href="assembly.xml#Init.Props"/>
    <elements href="#//@swimlanes.3"/>
    <elements href="assembly.xml#PIM-PayInputFlag"/>
    <elements href="assembly.xml#PIM-StoreMaps"/>
  </swimlanes>
  <swimlanes name="" orientation="VERTICAL" alignment="MIDDLE">
    <elements href="assembly.xml#HandleGetDocErrors"/>
    <elements href="assembly.xml#PIM-GetFileErrors"/>
  </swimlanes>
  <swimlanes name="" orientation="VERTICAL" alignment="MIDDLE" labelAlignment="LEFT">
    <elements href="assembly.xml#Check.Files.Count"/>
    <elements href="assembly.xml#PIM-Fail-formorefiles"/>
    <elements href="assembly.xml#Abort0"/>
  </swimlanes>
  <swimlanes name="">
    <elements href="assembly.xml#No.MatchFile"/>
    <elements href="assembly.xml#PIM-OffCycleFileValidationErrors"/>
  </swimlanes>
  <swimlanes name="" orientation="VERTICAL" alignment="MIDDLE" labelAlignment="LEFT">
    <elements href="assembly.xml#Validate.Input.File"/>
    <elements href="assembly.xml#PIM-FileValidationErrors"/>
    <elements href="assembly.xml#Validate.OffCycle.Input.File"/>
    <elements href="#//@swimlanes.7"/>
  </swimlanes>
  <swimlanes name="" orientation="VERTICAL" alignment="MIDDLE">
    <elements href="assembly.xml#CloseInputAggr"/>
    <elements href="assembly.xml#AggregateInputData"/>
  </swimlanes>
  <swimlanes name="" orientation="VERTICAL" alignment="MIDDLE">
    <elements href="assembly.xml#Store.Input.Files.Data"/>
    <elements href="assembly.xml#PIM-InputFilesStoreError"/>
    <elements href="assembly.xml#Abort.Integration"/>
  </swimlanes>
  <swimlanes font="Calibri|12|1" fontColor="1" name="Retrieve Input File(s) and Transform" alignment="MIDDLE" labelAlignment="LEFT">
    <elements href="assembly.xml#GetInputFiles"/>
    <elements href="#//@swimlanes.5"/>
    <elements href="assembly.xml#GetEventDocuments0"/>
    <elements href="#//@swimlanes.6"/>
    <elements href="assembly.xml#DocIterator0"/>
    <elements href="assembly.xml#Get.File.Name"/>
    <elements href="assembly.xml#Route.Files"/>
    <elements href="#//@swimlanes.8"/>
    <elements href="#//@swimlanes.9"/>
    <elements href="#//@swimlanes.10"/>
  </swimlanes>
  <swimlanes name="" orientation="VERTICAL" alignment="MIDDLE" labelAlignment="LEFT">
    <elements href="assembly.xml#Prepare.GetWorker"/>
    <elements href="assembly.xml#AsyncMediation"/>
    <elements href="assembly.xml#PIM-GetWorkerErrors"/>
  </swimlanes>
  <swimlanes font="Calibri|12|1" fontColor="1" name="Get Worker Data" alignment="MIDDLE" labelAlignment="LEFT">
    <elements href="assembly.xml#GetWorkersData"/>
    <elements href="#//@swimlanes.12"/>
    <elements href="assembly.xml#PagedGetWorkers"/>
    <elements href="assembly.xml#PrepWorkerOverrideData"/>
  </swimlanes>
  <swimlanes name="" orientation="VERTICAL" alignment="MIDDLE">
    <elements href="assembly.xml#Get.PayGroup.Data"/>
    <elements href="assembly.xml#PIM-RptErrorsPayGroup"/>
  </swimlanes>
  <swimlanes name="" orientation="VERTICAL" alignment="MIDDLE" labelAlignment="LEFT">
    <elements href="assembly.xml#Copy.Paged.Data"/>
    <elements href="assembly.xml#PIM-CopyErrors1"/>
  </swimlanes>
  <swimlanes name="" orientation="VERTICAL" alignment="MIDDLE" labelAlignment="LEFT">
    <elements href="assembly.xml#Copy.PayGroup"/>
    <elements href="assembly.xml#Copy.Periods"/>
  </swimlanes>
  <swimlanes name="" orientation="VERTICAL" alignment="MIDDLE">
    <elements href="assembly.xml#Transform.Periods.Data"/>
    <elements href="assembly.xml#PIM-TransformPeriodsErrors"/>
  </swimlanes>
  <swimlanes font="Calibri|12|1" fontColor="1" name="Get Pay Group and Periods Details" alignment="MIDDLE" labelAlignment="LEFT">
    <elements href="assembly.xml#PayGroupData"/>
    <elements href="#//@swimlanes.14"/>
    <elements href="assembly.xml#PayGroup"/>
    <elements href="assembly.xml#CustomRpt.Output.PayGroup"/>
    <elements href="assembly.xml#PagedGetPeriods"/>
    <elements href="#//@swimlanes.15"/>
    <elements href="assembly.xml#Route0"/>
    <elements href="#//@swimlanes.16"/>
    <elements href="assembly.xml#Aggregator"/>
    <elements href="#//@swimlanes.17"/>
  </swimlanes>
  <swimlanes name="" orientation="VERTICAL" alignment="MIDDLE" labelAlignment="LEFT">
    <elements href="assembly.xml#Agg.Data"/>
    <elements href="assembly.xml#PIM-AggDataErrors"/>
  </swimlanes>
  <swimlanes name="" orientation="VERTICAL" alignment="MIDDLE" labelAlignment="LEFT">
    <elements href="assembly.xml#Input.Data"/>
    <elements href="assembly.xml#Worker.Data"/>
    <elements href="assembly.xml#Attributes.Maps.Data"/>
    <elements href="assembly.xml#Periods.Data"/>
  </swimlanes>
  <swimlanes name="" orientation="VERTICAL" alignment="MIDDLE" labelAlignment="LEFT">
    <elements href="assembly.xml#Prepare.Master.Data"/>
    <elements href="assembly.xml#PIM-PrepareMasterErrors"/>
  </swimlanes>
  <swimlanes font="Calibri|12|1" fontColor="1" name="Aggregate Data" alignment="MIDDLE" labelAlignment="LEFT">
    <elements href="assembly.xml#AggData"/>
    <elements href="#//@swimlanes.19"/>
    <elements href="assembly.xml#Stacker.Route"/>
    <elements href="#//@swimlanes.20"/>
    <elements href="assembly.xml#FileInputsAggregator"/>
    <elements href="#//@swimlanes.21"/>
    <elements href="assembly.xml#PIM-StoreMasterPI"/>
  </swimlanes>
  <swimlanes name="" orientation="VERTICAL" alignment="MIDDLE" labelAlignment="LEFT">
    <elements href="assembly.xml#Prepare.PayInput.Request"/>
    <elements href="assembly.xml#PIM-PrepareWSErrors"/>
  </swimlanes>
  <swimlanes name="" orientation="VERTICAL" alignment="MIDDLE" labelAlignment="LEFT">
    <elements href="assembly.xml#ImportProcDetails"/>
    <elements href="assembly.xml#PIM-ImportDetailsError"/>
    <elements href="assembly.xml#Store.errored.call"/>
  </swimlanes>
  <swimlanes name="" orientation="VERTICAL" alignment="MIDDLE" labelAlignment="LEFT">
    <elements href="assembly.xml#CloseResAgg"/>
    <elements href="assembly.xml#ImportResAggregator"/>
  </swimlanes>
  <swimlanes name="" orientation="VERTICAL" alignment="MIDDLE" labelAlignment="LEFT">
    <elements href="assembly.xml#StoreImportProcDetails"/>
    <elements href="assembly.xml#PIMStoreError"/>
  </swimlanes>
  <swimlanes font="Calibri|12|1" fontColor="1" name="Process Payroll Inputs Data" alignment="MIDDLE" labelAlignment="LEFT">
    <elements href="assembly.xml#ProcessInputData"/>
    <elements href="#//@swimlanes.23"/>
    <elements href="assembly.xml#ImportWSSplitter"/>
    <elements href="assembly.xml#Import.Payroll.Input.WrapWS"/>
    <elements href="assembly.xml#ImportWS"/>
    <elements href="#//@swimlanes.24"/>
    <elements href="#//@swimlanes.25"/>
    <elements href="#//@swimlanes.26"/>
    <elements href="assembly.xml#ImportDetailsPosted"/>
  </swimlanes>
  <swimlanes font="Calibri|12|1" fontColor="1" name="Global Error Handler" alignment="MIDDLE" labelAlignment="LEFT">
    <elements href="assembly.xml#Note-Error"/>
    <elements href="assembly.xml#//@beans/@mixed.1/@mixed.65"/>
  </swimlanes>
  <swimlanes font="Calibri|14|1" bgColor="8421504" fontColor="1" name="INT5362 Canada Time and Absence Payroll Input Current Period and Adjustments Inbound" orientation="VERTICAL" elements="//@swimlanes.2 //@swimlanes.4 //@swimlanes.11 //@swimlanes.13 //@swimlanes.18 //@swimlanes.22 //@swimlanes.27 //@swimlanes.28" labelAlignment="LEFT"/>
  <swimlanes font="Calibri|12|1" fontColor="1" name="Main" alignment="MIDDLE" labelAlignment="LEFT">
    <elements href="assembly.xml#INT5362-Audit"/>
    <elements href="assembly.xml#Call-DocRetrivel"/>
    <elements href="assembly.xml#Call-CloseAggAudit"/>
  </swimlanes>
  <swimlanes name="" orientation="VERTICAL" alignment="MIDDLE" labelAlignment="LEFT">
    <elements href="assembly.xml#Init.Params"/>
    <elements href="assembly.xml#PIM-Init"/>
  </swimlanes>
  <swimlanes name="" orientation="VERTICAL" labelAlignment="LEFT">
    <elements href="assembly.xml#Extract.Custom.Errors.From.Master.Data"/>
    <elements href="assembly.xml#PIM-Extract-Custom-Errors-From-Master-Data"/>
    <elements href="assembly.xml#Extract.Import.Batch.Files"/>
    <elements href="assembly.xml#PIM-Extract-Import-Batch-Files-Errors"/>
  </swimlanes>
  <swimlanes name="" orientation="VERTICAL" alignment="MIDDLE">
    <elements href="assembly.xml#Call-AggAuditData3"/>
    <elements href="assembly.xml#Call-ProcessAudit"/>
  </swimlanes>
  <swimlanes font="Calibri|12|1" fontColor="1" name="Document Retrieval" alignment="MIDDLE" labelAlignment="LEFT">
    <elements href="assembly.xml#DocRetrivel"/>
    <elements href="#//@swimlanes.31"/>
    <elements href="assembly.xml#GetParentDocs"/>
    <elements href="assembly.xml#ProcessDocs"/>
    <elements href="#//@swimlanes.32"/>
    <elements href="#//@swimlanes.33"/>
  </swimlanes>
  <swimlanes name="" orientation="VERTICAL" alignment="MIDDLE" labelAlignment="LEFT">
    <elements href="assembly.xml#Validate.Import.WID"/>
    <elements href="assembly.xml#PIM-Val-Err"/>
  </swimlanes>
  <swimlanes name="" orientation="VERTICAL" alignment="MIDDLE" labelAlignment="LEFT">
    <elements href="assembly.xml#Call-AggAuditData2"/>
    <elements href="assembly.xml#PIM-Build-Import-Error"/>
  </swimlanes>
  <swimlanes name="">
    <elements href="assembly.xml#Audit.Errors"/>
    <elements href="#//@swimlanes.36"/>
  </swimlanes>
  <swimlanes name="" orientation="VERTICAL" alignment="MIDDLE" labelAlignment="LEFT">
    <elements href="assembly.xml#Build.Import.Process.Message"/>
    <elements href="#//@swimlanes.37"/>
  </swimlanes>
  <swimlanes name="" orientation="VERTICAL" alignment="MIDDLE" labelAlignment="LEFT">
    <elements href="assembly.xml#Transform.Import.Message.Response"/>
    <elements href="assembly.xml#PIM-Import-Msg-Resp-Errors"/>
  </swimlanes>
  <swimlanes font="Calibri|12|1" fontColor="1" name="Process Import Batch Audit Data" alignment="MIDDLE" labelAlignment="LEFT">
    <elements href="assembly.xml#ProcessAudit"/>
    <elements href="#//@swimlanes.35"/>
    <elements href="assembly.xml#SplittBatach"/>
    <elements href="#//@swimlanes.38"/>
    <elements href="assembly.xml#GetImportProcess"/>
    <elements href="#//@swimlanes.39"/>
    <elements href="assembly.xml#Call-AggAuditData1"/>
  </swimlanes>
  <swimlanes name="" orientation="VERTICAL" alignment="MIDDLE" labelAlignment="LEFT">
    <elements href="assembly.xml#CloseAggAudit"/>
    <elements href="assembly.xml#AggregateAuditData"/>
  </swimlanes>
  <swimlanes name="" orientation="VERTICAL" alignment="MIDDLE" labelAlignment="LEFT">
    <elements href="assembly.xml#Store.Final.Audit.Data"/>
    <elements href="assembly.xml#PIM-Store-Final-Audit-Data-Errors"/>
  </swimlanes>
  <swimlanes font="Calibri|12|1" fontColor="1" name="Aggregate Audit Data" alignment="MIDDLE" labelAlignment="LEFT">
    <elements href="assembly.xml#AggAuditData"/>
    <elements href="#//@swimlanes.41"/>
    <elements href="#//@swimlanes.42"/>
    <elements href="assembly.xml#PIM-Store-Audit"/>
  </swimlanes>
  <swimlanes font="Calibri|14|1" bgColor="14133463" fontColor="1" name="INT5362 Canada Time and Absence Payroll Input Current Period and Adjustments Inbound - Audit" orientation="VERTICAL" elements="//@swimlanes.30 //@swimlanes.34 //@swimlanes.40 //@swimlanes.43" labelAlignment="LEFT"/>
  <swimlanes x="22" y="11" bgColor="8299399" name="" orientation="VERTICAL" elements="//@swimlanes.29 //@decorations.0 //@swimlanes.44" labelAlignment="LEFT"/>
</wdnm:Diagram>
