<?xml version="1.0" encoding="UTF-8"?>
<beans
     xmlns="http://www.springframework.org/schema/beans"
     xmlns:beans="http://www.springframework.org/schema/beans"
     xmlns:atom="http://www.w3.org/2005/Atom"
     xmlns:cc="http://www.capeclear.com/assembly/10"
     xmlns:cloud="urn:com.workday/esb/cloud/10.0"
     xmlns:env="http://schemas.xmlsoap.org/soap/envelope/"
     xmlns:pi="urn:com.workday/picof"
     xmlns:wd="urn:com.workday/bsvc"
     xmlns:xsi="http://www.w3.org/2001/XMLSchema-instance">

	<cc:assembly id="WorkdayAssembly" version="20">

		<cc:async-mediation id="GetReportParameters" routes-to="CallProcessActuals">
			<cc:steps>
				<cc:eval id="Eval">
					<cc:expression>props['Company'] = lp.getReferenceDataList('Company', 'WID')</cc:expression>
					<cc:expression>props['PayrollPayGroup'] = lp.getReferenceDataList('Pay Group', 'WID') </cc:expression>
					<cc:expression>props['PayrollPeriod'] = lp.getReferenceDataList('Periods', 'WID')</cc:expression>

					<cc:expression>props['CompanyWIDs'] = ''</cc:expression>
					<cc:expression>props['PayrollGroupsWIDs'] = ''</cc:expression>
					<cc:expression>props['PayrollPeriodWIDs'] = ''</cc:expression>

					<cc:expression>if (props['Company'].size() > 0) {foreach(x : props['Company'].size()) { props['CompanyWIDs'] = props['CompanyWIDs'] + props['Company'][x-1] + '!' }}</cc:expression>
					<cc:expression>foreach(x : props['PayrollPayGroup'].size()) { props['PayrollGroupsWIDs'] = props['PayrollGroupsWIDs'] + props['PayrollPayGroup'][x-1] +'!' ; }</cc:expression>
					<cc:expression>foreach(x : props['PayrollPeriod'].size()) { props['PayrollPeriodWIDs'] = props['PayrollPeriodWIDs'] + props['PayrollPeriod'][x-1] +'!'; }</cc:expression>

					<cc:expression>if (props['Company'].size() > 0) {props['CompanyWIDs'] = props['CompanyWIDs'].toString().substring(0,props['CompanyWIDs'].length() - 1)}</cc:expression>
					<cc:expression>props['PayrollGroupsWIDs'] = props['PayrollGroupsWIDs'].toString().substring(0,props['PayrollGroupsWIDs'].length() - 1)</cc:expression>
					<cc:expression>props['PayrollPeriodWIDs'] = props['PayrollPeriodWIDs'].toString().substring(0,props['PayrollPeriodWIDs'].length() - 1)</cc:expression>

					<cc:expression>props['promptCompany'] = ''</cc:expression>
					<cc:expression>if (props['Company'].size() > 0) {props['promptCompany'] = 'Company!WID=' + props['CompanyWIDs']}</cc:expression>
					<cc:expression>props['actuals.counter'] = 0</cc:expression>
					<cc:expression>props['accruals.counter'] = 0</cc:expression>
					<cc:expression>props['expire.duration'] = &quot;P180D&quot;</cc:expression>
        <cc:expression>props['actuals.file.name'] = lp.getSequencedValue('INT0046-ActualsFileName')</cc:expression>
        <cc:expression>props['accruals.file.name'] = lp.getSequencedValue('INT0046-AccrualsFileName')</cc:expression>
        <cc:expression>props['header.field1'] = lp.getSequencedValue('INT0046-HeaderField1')</cc:expression>
        <cc:expression>props['header.field2'] = lp.getSequencedValue('INT0046-HeaderField2')</cc:expression>
				</cc:eval>
				<cc:log id="Log">
					<cc:log-message>
						<cc:text>Report URL Periods!WID=@{props['PayrollPeriodWIDs']}&amp;Pay_Run_Groups_and_or_Pay_Group_Details!WID=@{props['PayrollGroupsWIDs']}&amp;@{props['promptCompany']}</cc:text>
					</cc:log-message>
				</cc:log>
			</cc:steps>
			<cc:send-error id="SendError" routes-to="ErrorGettingParameters"/>
		</cc:async-mediation>

		<cc:workday-in id="StartHere" routes-to="GetReportParameters">
			<cc:integration-system name="INT0046 CAN GL Interface File Generator Outbound">
        <cloud:param name="Company">
          <cloud:type>
            <cloud:class-report-field description="Active Companies" type="WID" singular="false">d8a27d00eedb464f9fb27875b580a871</cloud:class-report-field>
          </cloud:type>
        </cloud:param>
        <cloud:param name="Periods">
          <cloud:type>
            <cloud:class-report-field description="Period" type="WID" singular="false">f95a78c07d5c4ed1a4f43907a4f14f11</cloud:class-report-field>
          </cloud:type>
          <cloud:default/>
          <cloud:launch-option>required</cloud:launch-option>
        </cloud:param>
        <cloud:param name="Pay Group">
          <cloud:type>
            <cloud:class-report-field description="Pay Group Detail" type="WID" singular="false">373a852f2e98484e8f65aa40f10f2acc</cloud:class-report-field>
          </cloud:type>
          <cloud:default/>
          <cloud:launch-option>required</cloud:launch-option>
        </cloud:param>
        <cloud:sequence-generator-service name="INT0046-SequenceGenerator">
          <cloud:sequencer>INT0046-ActualsFileName</cloud:sequencer>
          <cloud:sequencer>INT0046-AccrualsFileName</cloud:sequencer>
          <cloud:sequencer>INT0046-HeaderField1</cloud:sequencer>
          <cloud:sequencer>INT0046-HeaderField2</cloud:sequencer>
        </cloud:sequence-generator-service>
        <cloud:delivery-service name="INT0046-Delivery"/>
        <cloud:report-service name="INT0046-ReportService">
          <cloud:report-alias description="INT0046 GL Interface File Generator Outbound" name="INT0046-Actuals">
            <cloud:report-reference description="INT0046 GL Interface File Generator Outbound" type="WID">a80605a1bc0e01bc9e990e692426a7db</cloud:report-reference>
          </cloud:report-alias>
          <cloud:report-alias description="INT0046 GL Interface File Generator Outbound Accruals" name="INT0046-Accruals">
            <cloud:report-reference description="INT0046 Accrual GL Interface File Generator Outbound" type="WID">a80605a1bc0e01d91274e2892426dbdb</cloud:report-reference>
          </cloud:report-alias>
        </cloud:report-service>
      </cc:integration-system>
		</cc:workday-in>

		<cc:local-out id="CallPutIntegrationMessageDone" routes-response-to="CallPutIntegrationEventComplete" endpoint="vm://wcc/PutIntegrationMessage">
			<cc:set name="is.message.severity" value="'INFO'"/>
			<cc:set name="is.message.summary" value="&quot;Integration completed successfully.&quot;"/>
		</cc:local-out>

		<cc:local-out id="CallProceessAccruals" store-message="none" routes-response-to="CallPutIntegrationMessageDone" endpoint="ProceessAccruals"/>

		<cc:local-out id="CallProcessActuals" store-message="none" routes-response-to="CallPutIntegrationMessageDone" endpoint="ProcessActuals"/>

		<cc:local-out id="CallPutIntegrationEventComplete" endpoint="vm://wcc/PutIntegrationEvent">
			<cc:set name="is.event.completed" value="'current'"/>
		</cc:local-out>

		<cc:local-in id="ProcessActuals" routes-to="CatchActualsReportError"/>

		<cc:local-in id="ProceessAccruals" routes-to="INT0046-Accruals"/>

		<cc:workday-out-rest id="INT0046-Actuals" routes-response-to="GroupBU" extra-path="@{intsys.reportService.getExtrapath('INT0046-Actuals')}?Periods!WID=@{props['PayrollPeriodWIDs']}&amp;Pay_Run_Groups_and_or_Pay_Group_Details!WID=@{props['PayrollGroupsWIDs']}&amp;@{props['promptCompany']}"/>

		<cc:local-out id="FileSuccessfullyCreated" endpoint="vm://wcc/PutIntegrationMessage">
			<cc:set name="is.message.severity" value="'INFO'"/>
			<cc:set name="is.message.summary" value="props['actuals.file.name'] + ' file has been successfully created.'"/>
			<cc:set name="is.document.variable.name" value="'actuals.file'"/>
			<cc:set name="is.document.deliverable" value="'true'"/>
		</cc:local-out>

		<cc:async-mediation id="CreateActualsFile" routes-to="FileSuccessfullyCreated">
			<cc:steps>
				<cc:write id="Write">
					<cc:message>
						<cc:text>&lt;root>&lt;/root></cc:text>
					</cc:message>
				</cc:write>
				<cc:xslt id="header" output="variable" output-mimetype="text/plain" output-variable="header.headcount" url="Header_GL.xsl"/>
				<cc:xslt id="Footer" output="variable" output-mimetype="text/plain" output-variable="actuals.footer" url="INT0046_Prepare_Footer.xsl"/>
				<cc:write id="Wrap_Message" output-mimetype="text/plain">
					<cc:message>
						<cc:text>@{vars['header.headcount'].getText()}</cc:text>
						<cc:line-separator/>
						<cc:text>@{vars['output.actuals'].getText()}</cc:text>
						<cc:text>@{vars['actuals.footer'].getText()}</cc:text>
					</cc:message>
				</cc:write>
				<cc:store id="Store" output="variable" output-mimetype="text/plain" output-variable="actuals.file" input="message" expiresIn="@{props['expire.duration']}" summary="OutputPayrollFile" title="@{props['actuals.file.name']}"/>
			</cc:steps>
			<cc:send-error id="SendError" routes-to="ErrorCreatingActualsFile"/>
		</cc:async-mediation>

		<cc:async-mediation id="TransformActualsRecord" routes-to="AggregateActualsRecords">
			<cc:steps>
				<cc:eval id="Eval">
					<cc:expression>props['actuals.counter'] = props['actuals.counter'] + parts[0].xpath(&quot;count(/wd:BusinessUnit/wd:Report_Entry)&quot;) + 2</cc:expression>
				</cc:eval>
				<cc:log id="Log">
					<cc:log-message>
						<cc:text>Before Transform:</cc:text>
						<cc:line-separator/>
						<cc:message-content/>
					</cc:log-message>
				</cc:log>
				<cc:xslt id="Xslt" output="message" input="message" url="INT0046_GL_Interface_File_Generator_Outbound.xsl"/>
			</cc:steps>
			<cc:send-error id="SendError" routes-to="ErrorTransformingActualsRecord"/>
		</cc:async-mediation>

		<cc:splitter id="SplitByRow">
			<cc:sub-route name="Process" routes-to="TransformActualsRecord"/>
			<cc:xml-stream-splitter xpath="/root/BusinessUnit"/>
		</cc:splitter>

		<cc:aggregator id="AggregateActualsRecords" routes-to="CreateActualsFile">
			<cc:size-batch-strategy batch-size="-1"/>
			<cc:message-content-collater output="variable" output-mimetype="text/plain" output-variable="output.actuals"/>
		</cc:aggregator>

		<cc:local-out id="ErrorTransformingActualsRecord" endpoint="vm://wcc/PutIntegrationMessage">
			<cc:set name="is.message.severity" value="'ERROR'"/>
			<cc:set name="is.message.summary" value="'Error transforming actuals record'+context.errorMessage"/>
			<cc:set name="is.message.detail" value="context.errorMessage"/>
		</cc:local-out>

		<cc:async-mediation id="CatchActualsReportError" routes-to="INT0046-Actuals" handle-downstream-errors="true">
			<cc:steps>
				<cc:log id="Log">
					<cc:log-message>
						<cc:message-content/>
					</cc:log-message>
				</cc:log>
			</cc:steps>
			<cc:send-error id="SendError" routes-to="ErrorRetrievingActualsReport"/>
		</cc:async-mediation>

		<cc:local-out id="CallPutIntegrationMessageGlobal" routes-response-to="CallPutIntegrationEventGlobal" endpoint="vm://wcc/PutIntegrationMessage">
			<cc:set name="is.message.severity" value="'CRITICAL'"/>
			<cc:set name="is.message.summary" value="'Critical error has occurred!'"/>
			<cc:set name="is.message.detail" value="context.errorMessage"/>
		</cc:local-out>

		<cc:local-out id="CallPutIntegrationEventGlobal" endpoint="vm://wcc/PutIntegrationEvent">
			<cc:set name="is.event.completed" value="'current'"/>
		</cc:local-out>

		<cc:send-error id="SendGlobalError" rethrow-error="false" routes-to="CallPutIntegrationMessageGlobal"/>

		<cc:local-out id="ErrorRetrievingActualsReport" endpoint="vm://wcc/PutIntegrationMessage">
			<cc:set name="is.message.severity" value="'WARNING'"/>
			<cc:set name="is.message.summary" value="'There was an issue running the Acutals report. Please check period dates and pay group selection for which integration has been run to insure correct parameters were chosen.'"/>
			<cc:set name="is.message.detail" value="context.errorMessage"/>
		</cc:local-out>

		<cc:async-mediation id="CreateAccrualsFile" routes-to="FileSuccessfullyCreated0">
			<cc:steps>
				<cc:write id="Write">
					<cc:message>
						<cc:text>&lt;root>&lt;/root></cc:text>
					</cc:message>
				</cc:write>
				<cc:xslt id="Header_Acc" output="variable" output-mimetype="text/plain" output-variable="header_acc.headcount" url="INT0046_Header_GL_Acc.xsl"/>
				<cc:xslt id="Footer_Acc" output="variable" output-mimetype="text/plain" output-variable="accruals.footer" url="INT0046_Prepare_Footer_Accruals.xsl"/>
				<cc:write id="Wrap_Msg" output-mimetype="text/plain">
					<cc:message>
						<cc:text>@{vars['header_acc.headcount'].getText()}</cc:text>
						<cc:line-separator/>
						<cc:text>@{vars['output.accruals'].getText()}</cc:text>
						<cc:text>@{vars['accruals.footer'].getText()}</cc:text>
					</cc:message>
				</cc:write>
				<cc:store id="Store" output="variable" output-mimetype="text/plain" output-variable="accruals.file" input="message" expiresIn="@{props['expire.duration']}" summary="OutputPayrollFile" title="@{props['accruals.file.name']}"/>
			</cc:steps>
			<cc:send-error id="SendError" routes-to="ErrorCreatingAccrualsFile"/>
		</cc:async-mediation>

		<cc:async-mediation id="CatchAccrualsReportError" routes-to="AsyncMediation" handle-downstream-errors="true">
			<cc:steps>
				<cc:eval id="Eval">
					<cc:expression>props['accrual.count'] = parts[0].xpath(&quot;count(/wd:Report_Data/wd:Report_Entry)&quot;)</cc:expression>
				</cc:eval>
				<cc:log id="Log">
					<cc:log-message>
						<cc:text>Accrual Count: @{props['accrual.count']}</cc:text>
						<cc:line-separator/>
						<cc:message-content/>
					</cc:log-message>
				</cc:log>
				<cc:validate-exp id="ValidateExp">
					<cc:expression replace-message="true">props['accrual.count'] != 0</cc:expression>
				</cc:validate-exp>
			</cc:steps>
			<cc:send-error id="SendError" routes-to="ErorRetrievingAccrualsReport"/>
		</cc:async-mediation>

		<cc:async-mediation id="TransformAccrualsRecord" routes-to="AggregatorAccrualsRecords">
			<cc:steps>
				<cc:eval id="Eval">
					<cc:expression>props['accruals.counter'] = props['accruals.counter'] + parts[0].xpath(&quot;count(/wd:BusinessUnit/wd:Report_Entry)&quot;) / 2 + 2</cc:expression>
				</cc:eval>
				<cc:xslt id="Xslt" output="message" input="message" url="INT0046_GL_Interface_File_Generator_Accrual.xsl"/>
			</cc:steps>
			<cc:send-error id="SendError" routes-to="ErrorTransformingAccrualsRecord"/>
		</cc:async-mediation>

		<cc:local-out id="FileSuccessfullyCreated0" endpoint="vm://wcc/PutIntegrationMessage">
			<cc:set name="is.message.severity" value="'INFO'"/>
			<cc:set name="is.message.summary" value="props['accruals.file.name'] + ' file has been successfully created.'"/>
			<cc:set name="is.document.variable.name" value="'accruals.file'"/>
			<cc:set name="is.document.deliverable" value="'true'"/>
		</cc:local-out>

		<cc:local-out id="ErrorTransformingAccrualsRecord" endpoint="vm://wcc/PutIntegrationMessage">
			<cc:set name="is.message.severity" value="'ERROR'"/>
			<cc:set name="is.message.summary" value="'Error transforming accruals record'+context.errorMessage"/>
			<cc:set name="is.message.detail" value="context.errorMessage"/>
		</cc:local-out>

		<cc:local-out id="ErorRetrievingAccrualsReport" endpoint="vm://wcc/PutIntegrationMessage">
			<cc:set name="is.message.severity" value="'INFO'"/>
			<cc:set name="is.message.summary" value="'There were no Accruals in this period. Please check period dates and pay group selection for which integration has been run to insure correct parameters were chosen.'"/>
			<cc:set name="is.message.detail" value="context.errorMessage"/>
		</cc:local-out>

		<cc:workday-out-rest id="INT0046-Accruals" routes-response-to="CatchAccrualsReportError" extra-path="@{intsys.reportService.getExtrapath('INT0046-Accruals')}?Periods!WID=@{props['PayrollPeriodWIDs']}&amp;Pay_Run_Groups_and_or_Pay_Group_Details!WID=@{props['PayrollGroupsWIDs']}&amp;@{props['promptCompany']}"/>
		<cc:local-out id="ErrorGettingParameters" endpoint="vm://wcc/PutIntegrationMessage">
			<cc:set name="is.message.severity" value="'WARNING'"/>
			<cc:set name="is.message.summary" value="'Error processing parameters.'+context.errorMessage"/>
			<cc:set name="is.message.detail" value="context.errorMessage"/>
		</cc:local-out>

		<cc:local-out id="ErrorCreatingActualsFile" endpoint="vm://wcc/PutIntegrationMessage">
			<cc:set name="is.message.severity" value="'ERROR'"/>
			<cc:set name="is.message.summary" value="'Error creating actuals file'+context.errorMessage"/>
			<cc:set name="is.message.detail" value="context.errorMessage"/>
		</cc:local-out>

		<cc:local-out id="ErrorCreatingAccrualsFile" endpoint="vm://wcc/PutIntegrationMessage">
			<cc:set name="is.message.severity" value="'ERROR'"/>
			<cc:set name="is.message.summary" value="'Error creating accrual file'+context.errorMessage"/>
			<cc:set name="is.message.detail" value="context.errorMessage"/>
		</cc:local-out>

		<cc:async-mediation id="GroupBU" routes-to="SplitByRow">
			<cc:steps>
				<cc:eval id="Eval">
					<cc:expression>props['payment.year'] = parts[0].xpath(&quot;substring(wd:Report_Data/wd:Report_Entry[wd:JournalDate != ''][1]/wd:JournalDate, 1, 4)&quot;)</cc:expression>
					<cc:expression>props['payment.month'] = parts[0].xpath(&quot;substring(wd:Report_Data/wd:Report_Entry[wd:JournalDate != ''][1]/wd:JournalDate, 6, 2)&quot;)</cc:expression>
					<cc:expression>props['payment.day'] = parts[0].xpath(&quot;substring(wd:Report_Data/wd:Report_Entry[wd:JournalDate != ''][1]/wd:JournalDate, 9, 2)&quot;)</cc:expression>
					<cc:expression>props['payment.date'] = props['payment.month'].toString() # props['payment.day'].toString() # props['payment.year'].toString()</cc:expression>
				</cc:eval>
				<cc:xslt id="Xslt" url="Group_by_BU.xsl"/>
			</cc:steps>
			<cc:send-error id="SendError" routes-to="ErrorRetrievingActualsReport"/>
		</cc:async-mediation>

		<cc:async-mediation id="AsyncMediation" routes-to="SplitByRow-Acc">
			<cc:steps>
				<cc:eval id="Eval">
					<cc:expression>props['accrual.year'] = parts[0].xpath(&quot;substring(wd:Report_Data/wd:Report_Entry[wd:JournalDate != ''][1]/wd:JournalDate, 1, 4)&quot;)</cc:expression>
					<cc:expression>props['accrual.month'] = parts[0].xpath(&quot;substring(wd:Report_Data/wd:Report_Entry[wd:JournalDate != ''][1]/wd:JournalDate, 6, 2)&quot;)</cc:expression>
					<cc:expression>props['accrual.day'] = parts[0].xpath(&quot;substring(wd:Report_Data/wd:Report_Entry[wd:JournalDate != ''][1]/wd:JournalDate, 9, 2)&quot;)</cc:expression>
					<cc:expression>props['accrual.date'] = props['accrual.month'].toString() # props['accrual.day'].toString() # props['accrual.year'].toString()</cc:expression>
				</cc:eval>
				<cc:xslt id="GroupByBU_Acc" url="Group_by_BU_Accrual.xsl"/>
			</cc:steps>
		</cc:async-mediation>

		<cc:splitter id="SplitByRow-Acc">
			<cc:sub-route name="Process" routes-to="TransformAccrualsRecord"/>
			<cc:xml-stream-splitter xpath="/root/BusinessUnit"/>
		</cc:splitter>

		<cc:aggregator id="AggregatorAccrualsRecords" routes-to="CreateAccrualsFile">
			<cc:size-batch-strategy batch-size="-1"/>
			<cc:message-content-collater output="variable" output-mimetype="text/plain" output-variable="output.accruals"/>
		</cc:aggregator>

	</cc:assembly>

</beans>