<?xml version="1.0" encoding="UTF-8"?>
<wdnm:Diagram xmlns:wdnm="http://workday.com/studio/editors/notation">
  <element href="assembly.xml#WorkdayAssembly"/>
  <visualProperties x="84" y="66">
    <element href="assembly.xml#StartHere"/>
  </visualProperties>
  <visualProperties x="357" y="47">
    <element href="assembly.xml#CallReportData"/>
  </visualProperties>
  <visualProperties x="192" y="216">
    <element href="assembly.xml#ReportData"/>
  </visualProperties>
  <visualProperties x="369" y="238">
    <element href="assembly.xml#WorkdayOutRest"/>
  </visualProperties>
  <visualProperties x="525" y="311">
    <element href="assembly.xml#AsyncMediation"/>
  </visualProperties>
  <visualProperties x="578" y="427">
    <element href="assembly.xml#PutIntegrationMessage"/>
  </visualProperties>
  <visualProperties x="869" y="311">
    <element href="assembly.xml#SplitteronReportData"/>
  </visualProperties>
  <visualProperties x="1115" y="319">
    <element href="assembly.xml#PopulateReportData"/>
  </visualProperties>
  <visualProperties x="751" y="691">
    <element href="assembly.xml#WorkdayOutSoap"/>
  </visualProperties>
  <visualProperties x="221" y="283">
    <element href="assembly.xml#AsyncMediation1"/>
  </visualProperties>
  <visualProperties x="1456" y="331">
    <element href="assembly.xml#AsyncMediation2"/>
  </visualProperties>
  <visualProperties x="1563" y="500">
    <element href="assembly.xml#CallAuditLog"/>
  </visualProperties>
  <visualProperties x="968" y="53">
    <element href="assembly.xml#AuditLog"/>
  </visualProperties>
  <visualProperties x="1040" y="103">
    <element href="assembly.xml#AsyncMediation3"/>
  </visualProperties>
  <visualProperties x="1224" y="85">
    <element href="assembly.xml#Aggregator"/>
  </visualProperties>
  <visualProperties x="411" y="95">
    <element href="assembly.xml#CallCloseAggrigator"/>
  </visualProperties>
  <visualProperties x="1391" y="125">
    <element href="assembly.xml#CloseAggrigator"/>
  </visualProperties>
  <visualProperties x="2049" y="136">
    <element href="assembly.xml#CallAuditLog0"/>
  </visualProperties>
  <visualProperties x="1573" y="16">
    <element href="assembly.xml#AsyncMediation4"/>
  </visualProperties>
  <visualProperties x="1916" y="16">
    <element href="assembly.xml#FinalOutputAuditMessage"/>
  </visualProperties>
  <visualProperties x="1695" y="663">
    <element href="assembly.xml#ValidationMode"/>
  </visualProperties>
  <visualProperties x="156" y="874">
    <element href="assembly.xml#Locationsync"/>
  </visualProperties>
  <visualProperties x="292" y="906">
    <element href="assembly.xml#AsyncMediation0"/>
  </visualProperties>
  <visualProperties x="463" y="934">
    <element href="assembly.xml#WorkdayOutSoap0"/>
  </visualProperties>
  <visualProperties x="1956" y="267">
    <element href="assembly.xml#CallLocationSync"/>
  </visualProperties>
  <visualProperties x="482" y="918">
    <element href="assembly.xml#AsyncMediation5"/>
  </visualProperties>
  <visualProperties x="323" y="1053">
    <element href="assembly.xml#CallAuditLog1"/>
  </visualProperties>
  <connections type="routesTo" sourceAnchorX="0.7014925373134329" sourceAnchorY="1.0" targetAnchorX="0.08888888888888889" targetAnchorY="0.5405405405405406">
    <source href="assembly.xml#StartHere"/>
    <target href="assembly.xml#CallReportData"/>
  </connections>
  <connections type="routesResponseTo" sourceAnchorX="0.8505154639175257" sourceAnchorY="1.0" targetAnchorX="0.11904761904761904" targetAnchorY="0.6122448979591837">
    <source href="assembly.xml#WorkdayOutRest"/>
    <target href="assembly.xml#AsyncMediation"/>
  </connections>
  <connections type="routesTo" sourceAnchorX="0.3487544483985765" sourceAnchorY="1.0" targetAnchorX="0.6763485477178424" targetAnchorY="0.24324324324324326">
    <source href="assembly.xml#//@beans/@mixed.1/@mixed.9/@mixed.3"/>
    <target href="assembly.xml#PutIntegrationMessage"/>
  </connections>
  <connections type="routesTo" sourceAnchorX="1.0" sourceAnchorY="0.16279069767441862" targetAnchorX="0.29545454545454547" targetAnchorY="0.08620689655172414">
    <source href="assembly.xml#AsyncMediation"/>
    <target href="assembly.xml#SplitteronReportData"/>
  </connections>
  <connections type="routesTo" sourceAnchorX="0.38578680203045684" sourceAnchorY="1.0" targetAnchorX="0.13170731707317074" targetAnchorY="0.5510204081632653">
    <source href="assembly.xml#//@beans/@mixed.1/@splitter.0/@subRoute.0"/>
    <target href="assembly.xml#PopulateReportData"/>
  </connections>
  <connections type="routesTo" sourceAnchorX="0.9328859060402684" sourceAnchorY="1.0" targetAnchorX="0.20224719101123595" targetAnchorY="0.08695652173913043">
    <source href="assembly.xml#ReportData"/>
    <target href="assembly.xml#AsyncMediation1"/>
  </connections>
  <connections type="routesTo" sourceAnchorX="1.0" sourceAnchorY="0.3695652173913043" targetAnchorX="0.2422680412371134" targetAnchorY="0.16216216216216217">
    <source href="assembly.xml#AsyncMediation1"/>
    <target href="assembly.xml#WorkdayOutRest"/>
  </connections>
  <connections type="routesTo" sourceAnchorX="1.0" sourceAnchorY="0.20408163265306123" targetAnchorX="0.1853932584269663" targetAnchorY="0.16304347826086957">
    <source href="assembly.xml#PopulateReportData"/>
    <target href="assembly.xml#AsyncMediation2"/>
  </connections>
  <connections type="routesTo" sourceAnchorX="0.4093567251461988" sourceAnchorY="1.0" targetAnchorX="0.6098901098901099" targetAnchorY="0.2972972972972973">
    <source href="assembly.xml#//@beans/@mixed.1/@mixed.21/@mixed.3"/>
    <target href="assembly.xml#CallAuditLog"/>
  </connections>
  <connections type="routesTo" sourceAnchorX="0.8013245033112583" sourceAnchorY="1.0" targetAnchorX="0.28651685393258425" targetAnchorY="0.6304347826086957">
    <source href="assembly.xml#AuditLog"/>
    <target href="assembly.xml#AsyncMediation3"/>
  </connections>
  <connections type="routesTo" sourceAnchorX="0.6123595505617978" sourceAnchorY="1.0" targetAnchorX="0.12935323383084577" targetAnchorY="0.23943661971830985">
    <source href="assembly.xml#AsyncMediation3"/>
    <target href="assembly.xml#Aggregator"/>
  </connections>
  <connections type="routesResponseTo" sourceAnchorX="0.7166666666666667" sourceAnchorY="1.0" targetAnchorX="0.16203703703703703" targetAnchorY="0.4594594594594595">
    <source href="assembly.xml#CallReportData"/>
    <target href="assembly.xml#CallCloseAggrigator"/>
  </connections>
  <connections type="routesTo" sourceAnchorX="0.543046357615894" sourceAnchorY="1.0" targetAnchorX="0.4427860696517413" targetAnchorY="0.8301886792452831">
    <source href="assembly.xml#CloseAggrigator"/>
    <target href="assembly.xml#Aggregator"/>
  </connections>
  <connections type="routesTo" sourceAnchorX="1.0" sourceAnchorY="0.2358490566037736" targetAnchorX="0.25280898876404495" targetAnchorY="0.5102040816326531">
    <source href="assembly.xml#Aggregator"/>
    <target href="assembly.xml#AsyncMediation4"/>
  </connections>
  <connections type="routesTo" sourceAnchorX="1.0" sourceAnchorY="0.1326530612244898" targetAnchorX="0.3216374269005848" targetAnchorY="0.40540540540540543">
    <source href="assembly.xml#AsyncMediation4"/>
    <target href="assembly.xml#FinalOutputAuditMessage"/>
  </connections>
  <connections type="routesTo" sourceAnchorX="1.0" sourceAnchorY="0.1951219512195122" targetAnchorX="0.23170731707317074" targetAnchorY="0.5816326530612245">
    <source href="assembly.xml#AsyncMediation2"/>
    <target href="assembly.xml#ValidationMode"/>
  </connections>
  <connections type="routesTo" sourceAnchorX="1.0" sourceAnchorY="0.30612244897959184" targetAnchorX="0.27638190954773867" targetAnchorY="0.2702702702702703">
    <source href="assembly.xml#ValidationMode"/>
    <target href="assembly.xml#WorkdayOutSoap"/>
  </connections>
  <connections type="routesTo" sourceAnchorX="0.7894736842105263" sourceAnchorY="1.0" targetAnchorX="0.15894039735099338" targetAnchorY="0.40625">
    <source href="assembly.xml#Locationsync"/>
    <target href="assembly.xml#AsyncMediation0"/>
  </connections>
  <connections type="routesTo" sourceAnchorX="0.0" sourceAnchorY="0.21875" targetAnchorX="0.2119205298013245" targetAnchorY="0.2608695652173913">
    <source href="assembly.xml#AsyncMediation0"/>
    <target href="assembly.xml#AsyncMediation5"/>
  </connections>
  <connections type="routesResponseTo" sourceAnchorX="0.38823529411764707" sourceAnchorY="1.0" targetAnchorX="0.19863013698630136" targetAnchorY="0.5135135135135135">
    <source href="assembly.xml#CallLocationSync"/>
    <target href="assembly.xml#CallAuditLog0"/>
  </connections>
  <connections type="routesTo" sourceAnchorX="1.0" sourceAnchorY="0.32608695652173914" targetAnchorX="0.13812154696132597" targetAnchorY="0.6486486486486487">
    <source href="assembly.xml#AsyncMediation5"/>
    <target href="assembly.xml#WorkdayOutSoap0"/>
  </connections>
  <connections type="routesTo" sourceAnchorX="0.4583333333333333" sourceAnchorY="1.0" targetAnchorX="0.5506329113924051" targetAnchorY="0.6216216216216216">
    <source href="assembly.xml#//@beans/@mixed.1/@mixed.45/@mixed.3"/>
    <target href="assembly.xml#CallAuditLog1"/>
  </connections>
  <connections type="routesResponseTo" sourceAnchorX="0.5722543352601156" sourceAnchorY="1.0" targetAnchorX="0.3" targetAnchorY="0.32432432432432434">
    <source href="assembly.xml#WorkdayOutSoap"/>
    <target href="assembly.xml#CallLocationSync"/>
  </connections>
  <swimlanes x="43" y="29" name="Main Swimline">
    <elements href="assembly.xml#StartHere"/>
    <elements href="assembly.xml#CallReportData"/>
    <elements href="assembly.xml#CallCloseAggrigator"/>
  </swimlanes>
  <swimlanes x="43" y="142" name="ReportDataSwimline">
    <elements href="assembly.xml#ReportData"/>
    <elements href="assembly.xml#AsyncMediation1"/>
    <elements href="assembly.xml#WorkdayOutRest"/>
    <elements href="#//@swimlanes.2"/>
    <elements href="assembly.xml#SplitteronReportData"/>
    <elements href="#//@swimlanes.3"/>
  </swimlanes>
  <swimlanes x="456" y="235" name="Swimlane" orientation="VERTICAL">
    <elements href="assembly.xml#AsyncMediation"/>
    <elements href="assembly.xml#PutIntegrationMessage"/>
  </swimlanes>
  <swimlanes x="1047" y="308" name="Swimlane">
    <elements href="assembly.xml#PopulateReportData"/>
    <elements href="#//@swimlanes.4"/>
    <elements href="assembly.xml#ValidationMode"/>
    <elements href="assembly.xml#WorkdayOutSoap"/>
    <elements href="assembly.xml#CallLocationSync"/>
    <elements href="assembly.xml#CallAuditLog0"/>
  </swimlanes>
  <swimlanes x="1459" y="301" name="Swimlane" orientation="VERTICAL">
    <elements href="assembly.xml#AsyncMediation2"/>
    <elements href="assembly.xml#CallAuditLog"/>
  </swimlanes>
  <swimlanes x="43" y="549" name="AuditLog">
    <elements href="assembly.xml#AuditLog"/>
    <elements href="assembly.xml#AsyncMediation3"/>
    <elements href="#//@swimlanes.6"/>
    <elements href="#//@swimlanes.7"/>
    <elements href="assembly.xml#FinalOutputAuditMessage"/>
  </swimlanes>
  <swimlanes x="1262" y="-32" name="Swimlane" orientation="VERTICAL">
    <elements href="assembly.xml#Aggregator"/>
    <elements href="assembly.xml#CloseAggrigator"/>
  </swimlanes>
  <swimlanes x="1511" y="1" name="Swimlane" orientation="VERTICAL">
    <elements href="assembly.xml#AsyncMediation4"/>
  </swimlanes>
  <swimlanes x="131" y="853" name="Swimlane">
    <elements href="assembly.xml#Locationsync"/>
    <elements href="assembly.xml#AsyncMediation0"/>
    <elements href="assembly.xml#AsyncMediation5"/>
    <elements href="assembly.xml#WorkdayOutSoap0"/>
  </swimlanes>
</wdnm:Diagram>
