<?xml version='1.0' encoding='UTF-8'?>
<env:Envelope xmlns:env="http://schemas.xmlsoap.org/soap/envelope/">
	<env:Body>
		<wd:Get_Organizations_Response xmlns:wd="urn:com.workday/bsvc"
			wd:version="v27.2">
			<wd:Request_Criteria>
				<wd:Organization_Type_Reference>
					<wd:ID wd:type="WID">724f68cc2547109ecf1a78721d9aa04e</wd:ID>
					<wd:ID wd:type="Organization_Type_ID">COMPANY</wd:ID>
				</wd:Organization_Type_Reference>
				<wd:Include_Inactive>1</wd:Include_Inactive>
			</wd:Request_Criteria>
			<wd:Response_Filter>
				<wd:Page>1</wd:Page>
				<wd:Count>100</wd:Count>
			</wd:Response_Filter>
			<wd:Response_Group>
				<wd:Include_Roles_Data>0</wd:Include_Roles_Data>
				<wd:Include_Hierarchy_Data>0</wd:Include_Hierarchy_Data>
				<wd:Include_Supervisory_Data>0</wd:Include_Supervisory_Data>
				<wd:Include_Staffing_Restrictions_Data>0
				</wd:Include_Staffing_Restrictions_Data>
			</wd:Response_Group>
			<wd:Response_Results>
				<wd:Total_Results>5</wd:Total_Results>
				<wd:Total_Pages>1</wd:Total_Pages>
				<wd:Page_Results>5</wd:Page_Results>
				<wd:Page>1</wd:Page>
			</wd:Response_Results>
			<wd:Response_Data>
				<wd:Organization>
					<wd:Organization_Reference>
						<wd:ID wd:type="WID">1d84606e48ec10a0488ab26d23246f62</wd:ID>
						<wd:ID wd:type="Organization_Reference_ID">CO_The Goodyear Tire &amp; Rubber Company
						</wd:ID>
						<wd:ID wd:type="Company_Reference_ID">CO_The Goodyear Tire &amp; Rubber Company
						</wd:ID>
					</wd:Organization_Reference>
					<wd:Organization_Data>
						<wd:Reference_ID>CO_The Goodyear Tire &amp; Rubber Company
						</wd:Reference_ID>
						<wd:Name>The Goodyear Tire &amp; Rubber Co.</wd:Name>
						<wd:Include_Manager_in_Name>0</wd:Include_Manager_in_Name>
						<wd:Include_Organization_Code_in_Name>0
						</wd:Include_Organization_Code_in_Name>
						<wd:Organization_Type_Reference>
							<wd:ID wd:type="WID">724f68cc2547109ecf1a78721d9aa04e</wd:ID>
							<wd:ID wd:type="Organization_Type_ID">COMPANY</wd:ID>
						</wd:Organization_Type_Reference>
						<wd:Organization_Subtype_Reference>
							<wd:ID wd:type="WID">1d84606e48ec109fdbfdb78c1b1881db</wd:ID>
							<wd:ID wd:type="Organization_Subtype_ID">Company</wd:ID>
						</wd:Organization_Subtype_Reference>
						<wd:Availibility_Date>1900-01-01T00:00:00.000-08:00
						</wd:Availibility_Date>
						<wd:Last_Updated_DateTime>2017-01-31T07:13:12.177-08:00
						</wd:Last_Updated_DateTime>
						<wd:Inactive>0</wd:Inactive>
						<wd:Organization_Visibility_Reference>
							<wd:ID wd:type="WID">9c875610c4fc496499e39741b6541dbc</wd:ID>
						</wd:Organization_Visibility_Reference>
						<wd:External_IDs_Data>
							<wd:ID wd:System_ID="INT9026PeriodicMasterTaxOutbound">GDY-GTR</wd:ID>
							<wd:ID wd:System_ID="INT9027QuarterlyMasterTaxOutbound">GDY-GTR</wd:ID>
							<wd:ID wd:System_ID="INT9028MonthlyMasterTaxOutbound">GDY-GTR</wd:ID>
							<wd:ID wd:System_ID="WD-I">2501$1</wd:ID>
							<wd:ID wd:System_ID="WD-WID">1d84606e48ec10a0488ab26d23246f62
							</wd:ID>
						</wd:External_IDs_Data>
					</wd:Organization_Data>
				</wd:Organization>
				<wd:Organization>
					<wd:Organization_Reference>
						<wd:ID wd:type="WID">1d84606e48ec10a0488ab7ece7986f6c</wd:ID>
						<wd:ID wd:type="Organization_Reference_ID">CO_Wingfoot Commercial Tire Systems, LLC
						</wd:ID>
						<wd:ID wd:type="Company_Reference_ID">CO_Wingfoot Commercial Tire Systems, LLC
						</wd:ID>
					</wd:Organization_Reference>
					<wd:Organization_Data>
						<wd:Reference_ID>CO_Wingfoot Commercial Tire Systems, LLC
						</wd:Reference_ID>
						<wd:Name>Wingfoot Commercial Tire Systems, LLC</wd:Name>
						<wd:Include_Manager_in_Name>0</wd:Include_Manager_in_Name>
						<wd:Include_Organization_Code_in_Name>0
						</wd:Include_Organization_Code_in_Name>
						<wd:Organization_Type_Reference>
							<wd:ID wd:type="WID">724f68cc2547109ecf1a78721d9aa04e</wd:ID>
							<wd:ID wd:type="Organization_Type_ID">COMPANY</wd:ID>
						</wd:Organization_Type_Reference>
						<wd:Organization_Subtype_Reference>
							<wd:ID wd:type="WID">1d84606e48ec109fdbfdb78c1b1881db</wd:ID>
							<wd:ID wd:type="Organization_Subtype_ID">Company</wd:ID>
						</wd:Organization_Subtype_Reference>
						<wd:Availibility_Date>1900-01-01T00:00:00.000-08:00
						</wd:Availibility_Date>
						<wd:Last_Updated_DateTime>2017-01-20T13:54:57.330-08:00
						</wd:Last_Updated_DateTime>
						<wd:Inactive>0</wd:Inactive>
						<wd:Organization_Visibility_Reference>
							<wd:ID wd:type="WID">9c875610c4fc496499e39741b6541dbc</wd:ID>
						</wd:Organization_Visibility_Reference>
						<wd:External_IDs_Data>
							<wd:ID wd:System_ID="INT9026PeriodicMasterTaxOutbound">GDY-WCT</wd:ID>
							<wd:ID wd:System_ID="INT9027QuarterlyMasterTaxOutbound">GDY-WCT</wd:ID>
							<wd:ID wd:System_ID="INT9028MonthlyMasterTaxOutbound">GDY-WCT</wd:ID>
							<wd:ID wd:System_ID="WD-I">2501$2</wd:ID>
							<wd:ID wd:System_ID="WD-WID">1d84606e48ec10a0488ab7ece7986f6c
							</wd:ID>
						</wd:External_IDs_Data>
					</wd:Organization_Data>
				</wd:Organization>
				<wd:Organization>
					<wd:Organization_Reference>
						<wd:ID wd:type="WID">1d84606e48ec10a0488abc1385a16f76</wd:ID>
						<wd:ID wd:type="Organization_Reference_ID">CO_Goodyear Canada, Inc</wd:ID>
						<wd:ID wd:type="Company_Reference_ID">CO_Goodyear Canada, Inc</wd:ID>
					</wd:Organization_Reference>
					<wd:Organization_Data>
						<wd:Reference_ID>CO_Goodyear Canada, Inc</wd:Reference_ID>
						<wd:Name>Goodyear Canada, Inc</wd:Name>
						<wd:Organization_Code>CO_Goodyear Can</wd:Organization_Code>
						<wd:Include_Manager_in_Name>0</wd:Include_Manager_in_Name>
						<wd:Include_Organization_Code_in_Name>0
						</wd:Include_Organization_Code_in_Name>
						<wd:Organization_Type_Reference>
							<wd:ID wd:type="WID">724f68cc2547109ecf1a78721d9aa04e</wd:ID>
							<wd:ID wd:type="Organization_Type_ID">COMPANY</wd:ID>
						</wd:Organization_Type_Reference>
						<wd:Organization_Subtype_Reference>
							<wd:ID wd:type="WID">1d84606e48ec109fdbfdb78c1b1881db</wd:ID>
							<wd:ID wd:type="Organization_Subtype_ID">Company</wd:ID>
						</wd:Organization_Subtype_Reference>
						<wd:Availibility_Date>1900-01-01T00:00:00.000-08:00
						</wd:Availibility_Date>
						<wd:Last_Updated_DateTime>2017-01-20T13:53:16.025-08:00
						</wd:Last_Updated_DateTime>
						<wd:Inactive>0</wd:Inactive>
						<wd:Organization_Visibility_Reference>
							<wd:ID wd:type="WID">9c875610c4fc496499e39741b6541dbc</wd:ID>
						</wd:Organization_Visibility_Reference>
						<wd:External_IDs_Data>
							<wd:ID wd:System_ID="WD-I">2501$3</wd:ID>
							<wd:ID wd:System_ID="WD-WID">1d84606e48ec10a0488abc1385a16f76
							</wd:ID>
						</wd:External_IDs_Data>
					</wd:Organization_Data>
				</wd:Organization>
				<wd:Organization>
					<wd:Organization_Reference>
						<wd:ID wd:type="WID">1d84606e48ec10a0488ac03219d76f80</wd:ID>
						<wd:ID wd:type="Organization_Reference_ID">CO_NATIONAL CITY BANK, N.E. (TRUST FUND)
						</wd:ID>
						<wd:ID wd:type="Company_Reference_ID">CO_NATIONAL CITY BANK, N.E. (TRUST FUND)
						</wd:ID>
					</wd:Organization_Reference>
					<wd:Organization_Data>
						<wd:Reference_ID>CO_NATIONAL CITY BANK, N.E. (TRUST FUND)
						</wd:Reference_ID>
						<wd:Name>Goodyear Tire &amp; Rubber Co. Superfund Trust</wd:Name>
						<wd:Include_Manager_in_Name>0</wd:Include_Manager_in_Name>
						<wd:Include_Organization_Code_in_Name>0
						</wd:Include_Organization_Code_in_Name>
						<wd:Organization_Type_Reference>
							<wd:ID wd:type="WID">724f68cc2547109ecf1a78721d9aa04e</wd:ID>
							<wd:ID wd:type="Organization_Type_ID">COMPANY</wd:ID>
						</wd:Organization_Type_Reference>
						<wd:Organization_Subtype_Reference>
							<wd:ID wd:type="WID">1d84606e48ec109fdbfdb78c1b1881db</wd:ID>
							<wd:ID wd:type="Organization_Subtype_ID">Company</wd:ID>
						</wd:Organization_Subtype_Reference>
						<wd:Availibility_Date>1900-01-01T00:00:00.000-08:00
						</wd:Availibility_Date>
						<wd:Last_Updated_DateTime>2017-01-16T11:58:04.506-08:00
						</wd:Last_Updated_DateTime>
						<wd:Inactive>0</wd:Inactive>
						<wd:Organization_Visibility_Reference>
							<wd:ID wd:type="WID">9c875610c4fc496499e39741b6541dbc</wd:ID>
						</wd:Organization_Visibility_Reference>
						<wd:External_IDs_Data>
							<wd:ID wd:System_ID="WD-I">2501$4</wd:ID>
							<wd:ID wd:System_ID="WD-WID">1d84606e48ec10a0488ac03219d76f80
							</wd:ID>
						</wd:External_IDs_Data>
					</wd:Organization_Data>
				</wd:Organization>
				<wd:Organization>
					<wd:Organization_Reference>
						<wd:ID wd:type="WID">1d84606e48ec10a0488ac43ebfae6f8a</wd:ID>
						<wd:ID wd:type="Organization_Reference_ID">CO_The Goodyear Tire &amp; Rubber Company -
							Foreign Affiliate</wd:ID>
						<wd:ID wd:type="Company_Reference_ID">CO_The Goodyear Tire &amp; Rubber Company -
							Foreign Affiliate</wd:ID>
					</wd:Organization_Reference>
					<wd:Organization_Data>
						<wd:Reference_ID>CO_The Goodyear Tire &amp; Rubber Company -
							Foreign Affiliate</wd:Reference_ID>
						<wd:Name>Goodyear Tire Foreign Subsidiary</wd:Name>
						<wd:Include_Manager_in_Name>0</wd:Include_Manager_in_Name>
						<wd:Include_Organization_Code_in_Name>0
						</wd:Include_Organization_Code_in_Name>
						<wd:Organization_Type_Reference>
							<wd:ID wd:type="WID">724f68cc2547109ecf1a78721d9aa04e</wd:ID>
							<wd:ID wd:type="Organization_Type_ID">COMPANY</wd:ID>
						</wd:Organization_Type_Reference>
						<wd:Organization_Subtype_Reference>
							<wd:ID wd:type="WID">1d84606e48ec109fdbfdb78c1b1881db</wd:ID>
							<wd:ID wd:type="Organization_Subtype_ID">Company</wd:ID>
						</wd:Organization_Subtype_Reference>
						<wd:Availibility_Date>1900-01-01T00:00:00.000-08:00
						</wd:Availibility_Date>
						<wd:Last_Updated_DateTime>2017-01-30T13:01:15.033-08:00
						</wd:Last_Updated_DateTime>
						<wd:Inactive>0</wd:Inactive>
						<wd:Organization_Visibility_Reference>
							<wd:ID wd:type="WID">9c875610c4fc496499e39741b6541dbc</wd:ID>
						</wd:Organization_Visibility_Reference>
						<wd:External_IDs_Data>
							<wd:ID wd:System_ID="INT9026PeriodicMasterTaxOutbound">GDY-GFI</wd:ID>
							<wd:ID wd:System_ID="INT9027QuarterlyMasterTaxOutbound">GDY-GFI</wd:ID>
							<wd:ID wd:System_ID="INT9028MonthlyMasterTaxOutbound">GDY-GFI</wd:ID>
							<wd:ID wd:System_ID="WD-I">2501$5</wd:ID>
							<wd:ID wd:System_ID="WD-WID">1d84606e48ec10a0488ac43ebfae6f8a
							</wd:ID>
						</wd:External_IDs_Data>
					</wd:Organization_Data>
				</wd:Organization>
			</wd:Response_Data>
		</wd:Get_Organizations_Response>
	</env:Body>
</env:Envelope>