<?xml version="1.0" encoding="UTF-8"?>
<wdnm:Diagram xmlns:wdnm="http://workday.com/studio/editors/notation">
  <element href="assembly.xml#WorkdayAssembly"/>
  <visualProperties x="259" y="87">
    <element href="assembly.xml#StartHere"/>
  </visualProperties>
  <visualProperties x="493" y="112">
    <element href="assembly.xml#PropertyDeclaration"/>
  </visualProperties>
  <visualProperties x="760" y="134">
    <element href="assembly.xml#CallFileRetrieval"/>
  </visualProperties>
  <visualProperties x="188" y="306">
    <element href="assembly.xml#FileRetrieval"/>
  </visualProperties>
  <visualProperties x="314" y="322">
    <element href="assembly.xml#CopyInputFile"/>
  </visualProperties>
  <visualProperties x="189" y="563">
    <element href="assembly.xml#//@beans/@mixed.1/@mixed.11"/>
  </visualProperties>
  <visualProperties x="310" y="584">
    <element href="assembly.xml#Note-Error"/>
  </visualProperties>
  <visualProperties x="599" y="438">
    <element href="assembly.xml#Route0"/>
  </visualProperties>
  <visualProperties x="847" y="437">
    <element href="assembly.xml#ValidateFileCount"/>
  </visualProperties>
  <visualProperties x="905" y="580">
    <element href="assembly.xml#NoFileMessage"/>
  </visualProperties>
  <visualProperties x="769" y="495">
    <element href="assembly.xml#NoContentMsg"/>
  </visualProperties>
  <visualProperties x="937" y="359">
    <element href="assembly.xml#Transform_SaveData"/>
  </visualProperties>
  <visualProperties x="1164" y="393">
    <element href="assembly.xml#CallValidationData"/>
  </visualProperties>
  <visualProperties x="140" y="644">
    <element href="assembly.xml#ValidationData"/>
  </visualProperties>
  <visualProperties x="310" y="660">
    <element href="assembly.xml#Splitter"/>
  </visualProperties>
  <visualProperties x="561" y="714">
    <element href="assembly.xml#AssignInputData"/>
  </visualProperties>
  <visualProperties x="717" y="746">
    <element href="assembly.xml#ValidationInput"/>
  </visualProperties>
  <visualProperties x="165" y="945">
    <element href="assembly.xml#ProcessAudit"/>
  </visualProperties>
  <visualProperties x="377" y="994">
    <element href="assembly.xml#AuditLogStore"/>
  </visualProperties>
  <visualProperties x="630" y="993">
    <element href="assembly.xml#Aggregator"/>
  </visualProperties>
  <visualProperties x="587" y="839">
    <element href="assembly.xml#CallProcessAudit01"/>
  </visualProperties>
  <visualProperties x="828" y="843">
    <element href="assembly.xml#CallProcessAudit02"/>
  </visualProperties>
  <visualProperties x="400" y="1168">
    <element href="assembly.xml#PutIntegrationMessage3"/>
  </visualProperties>
  <visualProperties x="497" y="1125">
    <element href="assembly.xml#WriteLog"/>
  </visualProperties>
  <visualProperties x="856" y="849">
    <element href="assembly.xml#PutIntegrationMessage"/>
  </visualProperties>
  <visualProperties x="1035" y="713">
    <element href="assembly.xml#TimeOffRecord"/>
  </visualProperties>
  <visualProperties x="1232" y="740">
    <element href="assembly.xml#CallEnterTime"/>
  </visualProperties>
  <visualProperties x="1309" y="746">
    <element href="assembly.xml#CallAdjustTime"/>
  </visualProperties>
  <visualProperties x="138" y="1078">
    <element href="assembly.xml#EnterTime"/>
  </visualProperties>
  <visualProperties x="314" y="1091">
    <element href="assembly.xml#EnterTimeOffSOAP"/>
  </visualProperties>
  <visualProperties x="349" y="1311">
    <element href="assembly.xml#CallProcessAudit04"/>
  </visualProperties>
  <visualProperties x="529" y="1104">
    <element href="assembly.xml#EnterTimeOFF"/>
  </visualProperties>
  <visualProperties x="755" y="1125">
    <element href="assembly.xml#CallProcessAudit1"/>
  </visualProperties>
  <visualProperties x="831" y="1053">
    <element href="assembly.xml#WebServiceResult1"/>
  </visualProperties>
  <visualProperties x="898" y="128">
    <element href="assembly.xml#CallCloseAggregator"/>
  </visualProperties>
  <visualProperties x="579" y="1647">
    <element href="assembly.xml#CloseAggregator"/>
  </visualProperties>
  <visualProperties x="146" y="1426">
    <element href="assembly.xml#AdjustTime"/>
  </visualProperties>
  <visualProperties x="381" y="1463">
    <element href="assembly.xml#AdjustTimeOffSOAP"/>
  </visualProperties>
  <visualProperties x="397" y="1599">
    <element href="assembly.xml#CallProcessAudit05"/>
  </visualProperties>
  <visualProperties x="522" y="1459">
    <element href="assembly.xml#AdjustTimeOff"/>
  </visualProperties>
  <visualProperties x="745" y="1487">
    <element href="assembly.xml#WebServiceResult2"/>
  </visualProperties>
  <visualProperties x="962" y="1438">
    <element href="assembly.xml#CallProcessAudit2"/>
  </visualProperties>
  <visualProperties x="1037" y="698">
    <element href="assembly.xml#HashMapIinitialization"/>
  </visualProperties>
  <visualProperties x="285" y="720">
    <element href="assembly.xml#CopyInputFIle1"/>
  </visualProperties>
  <visualProperties x="260" y="1460">
    <element href="assembly.xml#WorkdayOutRest"/>
  </visualProperties>
  <visualProperties x="288" y="1813">
    <element href="assembly.xml#CountError"/>
  </visualProperties>
  <visualProperties x="501" y="1873">
    <element href="assembly.xml#CountSuccess"/>
  </visualProperties>
  <visualProperties x="586" y="1588">
    <element href="assembly.xml#PutIntegrationMessage0"/>
  </visualProperties>
  <visualProperties x="356" y="1249">
    <element href="assembly.xml#PutIntegrationMessage1"/>
  </visualProperties>
  <visualProperties x="1314" y="840">
    <element href="assembly.xml#PutIntegrationMessage2"/>
  </visualProperties>
  <visualProperties x="1360" y="903">
    <element href="assembly.xml#CallProcessAudit06"/>
  </visualProperties>
  <connections type="routesTo" sourceAnchorX="0.8731343283582089" sourceAnchorY="0.35135135135135137" targetAnchorX="0.0" targetAnchorY="0.0">
    <source href="assembly.xml#StartHere"/>
    <target href="assembly.xml#PropertyDeclaration"/>
  </connections>
  <connections type="routesTo" sourceAnchorX="0.96" sourceAnchorY="0.40540540540540543" targetAnchorX="0.02127659574468085" targetAnchorY="0.4864864864864865">
    <source href="assembly.xml#//@beans/@mixed.1/@mixed.11"/>
    <target href="assembly.xml#Note-Error"/>
  </connections>
  <connections type="routesTo" sourceAnchorX="1.0" sourceAnchorY="0.5510204081632653" targetAnchorX="0.02127659574468085" targetAnchorY="0.3783783783783784">
    <source href="assembly.xml#PropertyDeclaration"/>
    <target href="assembly.xml#CallFileRetrieval"/>
  </connections>
  <connections type="routesTo" sourceAnchorX="0.47770700636942676" sourceAnchorY="1.0" targetAnchorX="0.011235955056179775" targetAnchorY="0.4418604651162791">
    <source href="assembly.xml#FileRetrieval"/>
    <target href="assembly.xml#ValidateFileCount"/>
  </connections>
  <connections type="routesTo" sourceAnchorX="0.30726256983240224" sourceAnchorY="1.0" targetAnchorX="0.3147410358565737" targetAnchorY="0.05405405405405406">
    <source href="assembly.xml#//@beans/@mixed.1/@mixed.17/@mixed.3"/>
    <target href="assembly.xml#NoFileMessage"/>
  </connections>
  <connections type="routesTo" sourceAnchorX="1.0" sourceAnchorY="0.6046511627906976" targetAnchorX="0.030303030303030304" targetAnchorY="0.35714285714285715">
    <source href="assembly.xml#ValidateFileCount"/>
    <target href="assembly.xml#Route0"/>
  </connections>
  <connections type="routesTo" sourceAnchorX="0.5819672131147541" sourceAnchorY="1.0" targetAnchorX="0.4066390041493776" targetAnchorY="0.02702702702702703">
    <source href="assembly.xml#//@beans/@mixed.1/@mixed.9/@mixed.3"/>
    <target href="assembly.xml#NoContentMsg"/>
  </connections>
  <connections type="routesTo" sourceAnchorX="1.0" sourceAnchorY="0.7352941176470589" targetAnchorX="0.015503875968992248" targetAnchorY="0.4573643410852713">
    <source href="assembly.xml#//@beans/@mixed.1/@route.0/@subRoute.0"/>
    <target href="assembly.xml#CopyInputFile"/>
  </connections>
  <connections type="routesTo" sourceAnchorX="1.0" sourceAnchorY="0.3333333333333333" targetAnchorX="0.0" targetAnchorY="0.5816326530612245">
    <source href="assembly.xml#CopyInputFile"/>
    <target href="assembly.xml#Transform_SaveData"/>
  </connections>
  <connections type="routesTo" sourceAnchorX="1.0" sourceAnchorY="0.5294117647058824" targetAnchorX="0.011235955056179775" targetAnchorY="0.4186046511627907">
    <source href="assembly.xml#//@beans/@mixed.1/@splitter.0/@subRoute.0"/>
    <target href="assembly.xml#AssignInputData"/>
  </connections>
  <connections type="routesTo" sourceAnchorX="1.0" sourceAnchorY="0.6326530612244898" targetAnchorX="0.0056179775280898875" targetAnchorY="0.5714285714285714">
    <source href="assembly.xml#AssignInputData"/>
    <target href="assembly.xml#ValidationInput"/>
  </connections>
  <connections type="routesTo" sourceAnchorX="0.2222222222222222" sourceAnchorY="1.0" targetAnchorX="0.18309859154929578" targetAnchorY="0.05405405405405406">
    <source href="assembly.xml#//@beans/@mixed.1/@mixed.31/@mixed.3"/>
    <target href="assembly.xml#CallProcessAudit01"/>
  </connections>
  <connections type="routesTo" sourceAnchorX="0.42105263157894735" sourceAnchorY="1.0" targetAnchorX="0.3112033195020747" targetAnchorY="0.1891891891891892">
    <source href="assembly.xml#//@beans/@mixed.1/@mixed.37/@mixed.3"/>
    <target href="assembly.xml#PutIntegrationMessage3"/>
  </connections>
  <connections type="routesTo" sourceAnchorX="1.0" sourceAnchorY="0.7653061224489796" targetAnchorX="0.0" targetAnchorY="0.46226415094339623">
    <source href="assembly.xml#WriteLog"/>
    <target href="assembly.xml#Aggregator"/>
  </connections>
  <connections type="routesTo" sourceAnchorX="0.7278911564625851" sourceAnchorY="1.0" targetAnchorX="0.0056179775280898875" targetAnchorY="0.4573643410852713">
    <source href="assembly.xml#Aggregator"/>
    <target href="assembly.xml#AuditLogStore"/>
  </connections>
  <connections type="routesTo" sourceAnchorX="0.43859649122807015" sourceAnchorY="0.9" targetAnchorX="0.1908713692946058" targetAnchorY="1.0">
    <source href="assembly.xml#//@beans/@mixed.1/@mixed.33/@mixed.3"/>
    <target href="assembly.xml#PutIntegrationMessage"/>
  </connections>
  <connections type="routesResponseTo" sourceAnchorX="0.44813278008298757" sourceAnchorY="0.7567567567567568" targetAnchorX="0.5352112676056338" targetAnchorY="1.0">
    <source href="assembly.xml#PutIntegrationMessage"/>
    <target href="assembly.xml#CallProcessAudit02"/>
  </connections>
  <connections type="routesTo">
    <source href="assembly.xml#//@beans/@mixed.1/@route.1/@subRoute.0"/>
    <target href="assembly.xml#CallEnterTime"/>
    <bendpoints sourceX="108" sourceY="-5" targetX="-112" targetY="148"/>
    <bendpoints sourceX="98" sourceY="-106" targetX="-122" targetY="47"/>
  </connections>
  <connections type="routesTo">
    <source href="assembly.xml#//@beans/@mixed.1/@route.1/@subRoute.1"/>
    <target href="assembly.xml#CallAdjustTime"/>
    <bendpoints sourceX="141" sourceY="-11" targetX="-84" targetY="112"/>
  </connections>
  <connections type="routesTo" sourceAnchorX="0.7338129496402878" sourceAnchorY="1.0" targetAnchorX="0.0056179775280898875" targetAnchorY="0.29457364341085274">
    <source href="assembly.xml#EnterTime"/>
    <target href="assembly.xml#EnterTimeOffSOAP"/>
  </connections>
  <connections type="routesTo" sourceAnchorX="1.0" sourceAnchorY="0.21705426356589147" targetAnchorX="0.0" targetAnchorY="0.43243243243243246">
    <source href="assembly.xml#EnterTimeOffSOAP"/>
    <target href="assembly.xml#EnterTimeOFF"/>
  </connections>
  <connections type="routesResponseTo">
    <source href="assembly.xml#EnterTimeOFF"/>
    <target href="assembly.xml#WebServiceResult1"/>
  </connections>
  <connections type="routesTo" sourceAnchorX="1.0" sourceAnchorY="0.2826086956521739" targetAnchorX="0.0" targetAnchorY="0.35135135135135137">
    <source href="assembly.xml#WebServiceResult1"/>
    <target href="assembly.xml#CallProcessAudit1"/>
  </connections>
  <connections type="routesResponseTo" sourceAnchorX="1.0" sourceAnchorY="0.5405405405405406" targetAnchorX="0.046875" targetAnchorY="0.4594594594594595">
    <source href="assembly.xml#CallValidationData"/>
    <target href="assembly.xml#CallCloseAggregator"/>
  </connections>
  <connections type="routesTo" sourceAnchorX="0.26490066225165565" sourceAnchorY="1.0" targetAnchorX="0.2653061224489796" targetAnchorY="0.9528301886792453">
    <source href="assembly.xml#CloseAggregator"/>
    <target href="assembly.xml#Aggregator"/>
  </connections>
  <connections type="routesTo" sourceAnchorX="0.9831460674157303" sourceAnchorY="0.17054263565891473" targetAnchorX="0.38190954773869346" targetAnchorY="1.0">
    <source href="assembly.xml#AdjustTimeOffSOAP"/>
    <target href="assembly.xml#AdjustTimeOff"/>
  </connections>
  <connections type="routesTo" sourceAnchorX="0.9269662921348315" sourceAnchorY="0.19387755102040816" targetAnchorX="0.09375" targetAnchorY="1.0">
    <source href="assembly.xml#WebServiceResult2"/>
    <target href="assembly.xml#CallProcessAudit2"/>
  </connections>
  <connections type="routesResponseTo" sourceAnchorX="0.8793969849246231" sourceAnchorY="0.35135135135135137" targetAnchorX="0.0" targetAnchorY="0.10204081632653061">
    <source href="assembly.xml#AdjustTimeOff"/>
    <target href="assembly.xml#WebServiceResult2"/>
  </connections>
  <connections type="routesTo" sourceAnchorX="1.0" sourceAnchorY="0.4573643410852713" targetAnchorX="0.011235955056179775" targetAnchorY="0.18478260869565216">
    <source href="assembly.xml#ValidationInput"/>
    <target href="assembly.xml#HashMapIinitialization"/>
  </connections>
  <connections type="routesTo" sourceAnchorX="1.0" sourceAnchorY="1.0" targetAnchorX="0.0" targetAnchorY="0.5204081632653061">
    <source href="assembly.xml#ValidationData"/>
    <target href="assembly.xml#CopyInputFIle1"/>
  </connections>
  <connections type="routesTo" sourceAnchorX="1.0" sourceAnchorY="0.37755102040816324" targetAnchorX="0.007575757575757576" targetAnchorY="0.3045977011494253">
    <source href="assembly.xml#CopyInputFIle1"/>
    <target href="assembly.xml#Splitter"/>
  </connections>
  <connections type="routesTo" sourceAnchorX="1.0" sourceAnchorY="0.20408163265306123" targetAnchorX="0.049079754601226995" targetAnchorY="0.060714285714285714">
    <source href="assembly.xml#HashMapIinitialization"/>
    <target href="assembly.xml#TimeOffRecord"/>
  </connections>
  <connections type="routesResponseTo" sourceAnchorX="0.8670212765957447" sourceAnchorY="0.35135135135135137" targetAnchorX="0.0" targetAnchorY="0.02702702702702703">
    <source href="assembly.xml#CallFileRetrieval"/>
    <target href="assembly.xml#CallValidationData"/>
  </connections>
  <connections type="routesTo" sourceAnchorX="0.9103448275862069" sourceAnchorY="1.0" targetAnchorX="0.010309278350515464" targetAnchorY="0.2972972972972973">
    <source href="assembly.xml#AdjustTime"/>
    <target href="assembly.xml#WorkdayOutRest"/>
  </connections>
  <connections type="routesTo" sourceAnchorX="0.5864197530864198" sourceAnchorY="1.0" targetAnchorX="0.0" targetAnchorY="0.5306122448979592">
    <source href="assembly.xml#ProcessAudit"/>
    <target href="assembly.xml#CountError"/>
  </connections>
  <connections type="routesTo" sourceAnchorX="0.9943820224719101" sourceAnchorY="0.5714285714285714" targetAnchorX="0.0" targetAnchorY="0.0">
    <source href="assembly.xml#CountError"/>
    <target href="assembly.xml#CountSuccess"/>
  </connections>
  <connections type="routesTo" sourceAnchorX="1.0" sourceAnchorY="0.2717391304347826" targetAnchorX="0.011235955056179775" targetAnchorY="0.20408163265306123">
    <source href="assembly.xml#CountSuccess"/>
    <target href="assembly.xml#WriteLog"/>
  </connections>
  <connections type="routesTo" sourceAnchorX="0.3567251461988304" sourceAnchorY="0.9666666666666667" targetAnchorX="0.26693227091633465" targetAnchorY="1.0">
    <source href="assembly.xml#//@beans/@mixed.1/@mixed.75/@mixed.3"/>
    <target href="assembly.xml#PutIntegrationMessage0"/>
  </connections>
  <connections type="routesResponseTo" sourceAnchorX="0.398406374501992" sourceAnchorY="0.7297297297297297" targetAnchorX="0.7089201877934272" targetAnchorY="1.0">
    <source href="assembly.xml#PutIntegrationMessage0"/>
    <target href="assembly.xml#CallProcessAudit05"/>
  </connections>
  <connections type="routesTo" sourceAnchorX="0.47368421052631576" sourceAnchorY="0.9666666666666667" targetAnchorX="0.35856573705179284" targetAnchorY="1.0">
    <source href="assembly.xml#//@beans/@mixed.1/@mixed.59/@mixed.3"/>
    <target href="assembly.xml#PutIntegrationMessage1"/>
  </connections>
  <connections type="routesResponseTo" sourceAnchorX="0.41832669322709165" sourceAnchorY="0.8378378378378378" targetAnchorX="0.539906103286385" targetAnchorY="1.0">
    <source href="assembly.xml#PutIntegrationMessage1"/>
    <target href="assembly.xml#CallProcessAudit04"/>
  </connections>
  <connections type="routesResponseTo" sourceAnchorX="0.9020618556701031" sourceAnchorY="0.35135135135135137" targetAnchorX="0.0" targetAnchorY="0.0">
    <source href="assembly.xml#WorkdayOutRest"/>
    <target href="assembly.xml#AdjustTimeOffSOAP"/>
  </connections>
  <connections type="routesTo" sourceAnchorX="0.3039647577092511" sourceAnchorY="0.9333333333333333" targetAnchorX="0.33067729083665337" targetAnchorY="1.0">
    <source href="assembly.xml#//@beans/@mixed.1/@mixed.85/@mixed.3"/>
    <target href="assembly.xml#PutIntegrationMessage2"/>
  </connections>
  <connections type="routesResponseTo" sourceAnchorX="0.2549800796812749" sourceAnchorY="0.6486486486486487" targetAnchorX="0.4340659340659341" targetAnchorY="1.0">
    <source href="assembly.xml#PutIntegrationMessage2"/>
    <target href="assembly.xml#CallProcessAudit06"/>
  </connections>
  <swimlanes x="107" y="39" font="Arial|9|1" bgColor="8454143" fontColor="1" name="INITIALIZEINTEGRATION">
    <elements href="assembly.xml#StartHere"/>
    <elements href="#//@swimlanes.2"/>
    <elements href="assembly.xml#CallFileRetrieval"/>
    <elements href="assembly.xml#CallValidationData"/>
    <elements href="assembly.xml#CallCloseAggregator"/>
  </swimlanes>
  <swimlanes x="107" y="270" font="Arial|9|1" bgColor="16777088" fontColor="1" name="FILE RETRIEVAL">
    <elements href="assembly.xml#FileRetrieval"/>
    <elements href="#//@swimlanes.4"/>
    <elements href="assembly.xml#Route0"/>
    <elements href="#//@swimlanes.5"/>
    <elements href="assembly.xml#Transform_SaveData"/>
  </swimlanes>
  <swimlanes x="295" y="119" name="Swimlane" orientation="VERTICAL">
    <elements href="assembly.xml#PropertyDeclaration"/>
  </swimlanes>
  <swimlanes x="107" y="2206" font="Arial|9|1" bgColor="255" fontColor="1" name="Global Error Handler">
    <elements href="assembly.xml#//@beans/@mixed.1/@mixed.11"/>
    <elements href="assembly.xml#Note-Error"/>
  </swimlanes>
  <swimlanes x="746" y="451" font="Arial|9|1" fontColor="1" name="Validate File count" orientation="VERTICAL">
    <elements href="assembly.xml#ValidateFileCount"/>
    <elements href="assembly.xml#NoFileMessage"/>
  </swimlanes>
  <swimlanes x="710" y="392" font="Arial|9|1" fontColor="1" name="Validate File Content" orientation="VERTICAL">
    <elements href="assembly.xml#CopyInputFile"/>
    <elements href="assembly.xml#NoContentMsg"/>
  </swimlanes>
  <swimlanes x="107" y="611" font="Arial|9|1" bgColor="4227327" fontColor="1" name="VALIDATION OF DATA">
    <elements href="assembly.xml#ValidationData"/>
    <elements href="assembly.xml#CopyInputFIle1"/>
    <elements href="assembly.xml#Splitter"/>
    <elements href="#//@swimlanes.7"/>
    <elements href="#//@swimlanes.11"/>
    <elements href="#//@swimlanes.17"/>
    <elements href="assembly.xml#TimeOffRecord"/>
    <elements href="#//@swimlanes.12"/>
  </swimlanes>
  <swimlanes x="468" y="657" name="Swimlane" orientation="VERTICAL">
    <elements href="assembly.xml#AssignInputData"/>
    <elements href="assembly.xml#CallProcessAudit01"/>
  </swimlanes>
  <swimlanes x="107" y="1850" font="Arial|9|1" bgColor="8421631" fontColor="1" name="PROCESS AUDIT FILE">
    <elements href="assembly.xml#ProcessAudit"/>
    <elements href="assembly.xml#CountError"/>
    <elements href="assembly.xml#CountSuccess"/>
    <elements href="assembly.xml#WriteLog"/>
    <elements href="#//@swimlanes.10"/>
    <elements href="#//@swimlanes.9"/>
  </swimlanes>
  <swimlanes x="288" y="960" name="Swimlane" orientation="VERTICAL">
    <elements href="assembly.xml#AuditLogStore"/>
    <elements href="assembly.xml#PutIntegrationMessage3"/>
  </swimlanes>
  <swimlanes x="578" y="1016" name="Swimlane" orientation="VERTICAL">
    <elements href="assembly.xml#Aggregator"/>
    <elements href="assembly.xml#CloseAggregator"/>
  </swimlanes>
  <swimlanes x="942" y="792" name="Swimlane" orientation="VERTICAL">
    <elements href="assembly.xml#ValidationInput"/>
    <elements href="assembly.xml#PutIntegrationMessage"/>
    <elements href="assembly.xml#CallProcessAudit02"/>
  </swimlanes>
  <swimlanes x="1244" y="708" name="ProcessClassiffier" orientation="VERTICAL">
    <elements href="assembly.xml#CallEnterTime"/>
    <elements href="assembly.xml#CallAdjustTime"/>
  </swimlanes>
  <swimlanes x="107" y="1011" font="Arial|9|1" bgColor="16744576" fontColor="1" name="ENTER TIME">
    <elements href="assembly.xml#EnterTime"/>
    <elements href="#//@swimlanes.14"/>
    <elements href="assembly.xml#EnterTimeOFF"/>
    <elements href="assembly.xml#WebServiceResult1"/>
    <elements href="assembly.xml#CallProcessAudit1"/>
  </swimlanes>
  <swimlanes x="266" y="1090" name="Swimlane" orientation="VERTICAL">
    <elements href="assembly.xml#EnterTimeOffSOAP"/>
    <elements href="assembly.xml#PutIntegrationMessage1"/>
    <elements href="assembly.xml#CallProcessAudit04"/>
  </swimlanes>
  <swimlanes x="107" y="1421" font="Arial Black|9|0" bgColor="16744576" fontColor="1" name="ADJUST TIME OFF">
    <elements href="assembly.xml#AdjustTime"/>
    <elements href="assembly.xml#WorkdayOutRest"/>
    <elements href="#//@swimlanes.16"/>
    <elements href="assembly.xml#AdjustTimeOff"/>
    <elements href="assembly.xml#WebServiceResult2"/>
    <elements href="assembly.xml#CallProcessAudit2"/>
  </swimlanes>
  <swimlanes x="285" y="1422" name="Swimlane" orientation="VERTICAL">
    <elements href="assembly.xml#AdjustTimeOffSOAP"/>
    <elements href="assembly.xml#PutIntegrationMessage0"/>
    <elements href="assembly.xml#CallProcessAudit05"/>
  </swimlanes>
  <swimlanes x="1241" y="678" name="Swimlane" orientation="VERTICAL">
    <elements href="assembly.xml#HashMapIinitialization"/>
    <elements href="assembly.xml#PutIntegrationMessage2"/>
    <elements href="assembly.xml#CallProcessAudit06"/>
  </swimlanes>
</wdnm:Diagram>
