<?xml version="1.0" encoding="UTF-8"?>
<beans
     xmlns="http://www.springframework.org/schema/beans"
     xmlns:beans="http://www.springframework.org/schema/beans"
     xmlns:atom="http://www.w3.org/2005/Atom"
     xmlns:cc="http://www.capeclear.com/assembly/10"
     xmlns:cloud="urn:com.workday/esb/cloud/10.0"
     xmlns:env="http://schemas.xmlsoap.org/soap/envelope/"
     xmlns:pi="urn:com.workday/picof"
     xmlns:wd="urn:com.workday/bsvc"
     xmlns:xsi="http://www.w3.org/2001/XMLSchema-instance">
 
	<cc:assembly id="WorkdayAssembly" version="2020.36">
        <cc:workday-in id="StartHere" routes-to="CallInit">
            <cc:integration-system name="INT0209 Workhuman Payroll And Feedback Inbound">
        <cloud:param name="Validation Mode">
          <cloud:type>
            <cloud:simple-type>boolean</cloud:simple-type>
          </cloud:type>
          <cloud:default>
            <cloud:boolean>true</cloud:boolean>
          </cloud:default>
        </cloud:param>
        <cloud:attribute-map-service name="INT0209-Generic">
          <cloud:attribute name="Document Retention">
            <cloud:type>
              <cloud:simple-type>text</cloud:simple-type>
            </cloud:type>
            <cloud:display-option>required-for-launch</cloud:display-option>
          </cloud:attribute>
          <cloud:attribute name="WWS API Version">
            <cloud:type>
              <cloud:class-report-field description="Web Service API Version" type="WID" singular="true">f54cce640b3410001ae50f791f2000cd</cloud:class-report-field>
            </cloud:type>
            <cloud:display-option>required-for-launch</cloud:display-option>
          </cloud:attribute>
          <cloud:attribute name="Earning Code For Non Cash">
            <cloud:type>
              <cloud:simple-type>text</cloud:simple-type>
            </cloud:type>
            <cloud:display-option>required-for-launch</cloud:display-option>
          </cloud:attribute>
          <cloud:attribute name="Earning Code For Cash">
            <cloud:type>
              <cloud:simple-type>text</cloud:simple-type>
            </cloud:type>
            <cloud:display-option>required-for-launch</cloud:display-option>
          </cloud:attribute>
          <cloud:attribute name="External Earning Code For Cash">
            <cloud:type>
              <cloud:simple-type>text</cloud:simple-type>
            </cloud:type>
            <cloud:display-option>required-for-launch</cloud:display-option>
          </cloud:attribute>
          <cloud:attribute name="External Earning Code For Non Cash">
            <cloud:type>
              <cloud:simple-type>text</cloud:simple-type>
            </cloud:type>
            <cloud:display-option>required-for-launch</cloud:display-option>
          </cloud:attribute>
          <cloud:attribute name="Companies for Payroll Inputs">
            <cloud:type>
              <cloud:class-report-field description="Companies" type="WID" singular="false">f33a28b4362a1000187e9d2dca480122</cloud:class-report-field>
            </cloud:type>
          </cloud:attribute>
          <cloud:attribute name="Companies for External Payroll Inputs">
            <cloud:type>
              <cloud:class-report-field description="Companies" type="WID" singular="false">f33a28b4362a1000187e9d2dca480122</cloud:class-report-field>
            </cloud:type>
          </cloud:attribute>
          <cloud:attribute name="Send Awards to Talent Profile Feedback Section">
            <cloud:type>
              <cloud:simple-type>boolean</cloud:simple-type>
            </cloud:type>
          </cloud:attribute>
          <cloud:attribute name="Send Awards to Payroll Input">
            <cloud:type>
              <cloud:simple-type>boolean</cloud:simple-type>
            </cloud:type>
          </cloud:attribute>
          <cloud:attribute name="Recognition Program Name">
            <cloud:type>
              <cloud:simple-type>text</cloud:simple-type>
            </cloud:type>
          </cloud:attribute>
          <cloud:attribute name="Feedback Badge">
            <cloud:type>
              <cloud:class-report-field description="Feedback  Badge" type="WID" singular="true">bcb2dc463dbd1000180bfead2f3100cf</cloud:class-report-field>
            </cloud:type>
          </cloud:attribute>
          <cloud:map name="Award Privacy">
            <cloud:internal-type>
              <cloud:simple-type>text</cloud:simple-type>
            </cloud:internal-type>
            <cloud:external-type>
              <cloud:simple-type>text</cloud:simple-type>
            </cloud:external-type>
          </cloud:map>
        </cloud:attribute-map-service>
        <cloud:retrieval-service name="INT0209-File-Retrieval"/>
        <cloud:service-reference name="INT0209-Override"/>
      </cc:integration-system>
        </cc:workday-in>
        <cc:local-in id="Init" routes-to="Init-Vars"/>
        <cc:local-out id="CallInit" routes-response-to="CallFileRetrieval" endpoint="vm://INT0209-Workhuman-Payroll-And-Feedback-Inbound/Init"/>
        <cc:async-mediation id="Init-Vars" routes-to="PIM-ValidationModeWarning" handle-downstream-errors="true">
            <cc:steps>
                <cc:eval id="Eval">
                    <cc:expression>props['validation.mode.lp'] = (Boolean)lp.getSimpleData('Validation Mode')</cc:expression>
                    <cc:expression>props['doc.retention'] = intsys.getAttribute('Document Retention')</cc:expression>
                    <cc:expression>props['wsdl.version'] = intsys.getAttribute('WWS API Version')</cc:expression>
                    <cc:expression>props['int.sys.name'] = intsys.getName()</cc:expression>
                    <cc:expression>props['current.dateTime'] = java.time.LocalDateTime.now();&#xD;
props['datetimeformat'] = java.time.format.DateTimeFormatter.ofPattern(&quot;yyyyMMdd-HHmmss&quot;);&#xD;
props['current.moment.date'] = props['datetimeformat'].format(props['current.dateTime']);</cc:expression>
                    <cc:expression>props['dateformat'] = java.time.format.DateTimeFormatter.ofPattern(&quot;dd/MM/yyyy&quot;);&#xD;
props['current.date'] = props['dateformat'].format(props['current.dateTime']);</cc:expression>
                </cc:eval>
                <cc:eval id="Eval0">
                    <cc:expression>props['pIsprocessingRequired'] = true;</cc:expression>
                    <cc:expression>props['Earning.Code.For.Non.Cash'] = intsys.getAttribute('Earning Code For Non Cash')</cc:expression>
                    <cc:expression>props['Earning.Code.For.Cash'] = intsys.getAttribute('Earning Code For Cash')</cc:expression>
                    <cc:expression>props['external.cash.code'] = intsys.getAttribute('External Earning Code For Cash');&#xD;
props['external.non.cash.code'] = intsys.getAttribute('External Earning Code For Non Cash');&#xD;
props['us.company'] = intsys.getAttribute('Companies for Payroll Inputs');&#xD;
props['ext.input.companies'] = intsys.getAttribute('Companies for External Payroll Inputs');</cc:expression>
                    <cc:expression>props['Send.Awards.To.Talent'] = (boolean) intsys.getAttribute('Send Awards to Talent Profile Feedback Section')</cc:expression>
                    <cc:expression>props['Send.Awards.To.Payroll'] = (boolean) intsys.getAttribute('Send Awards to Payroll Input')</cc:expression>
                    <cc:expression>props['Recognition.Program.Name'] = intsys.getAttribute('Recognition Program Name')</cc:expression>
                    <cc:expression>props['feedback.badge.reference'] =  intsys.getAttributeReferenceData('Feedback Badge','Feedback_Badge_ID')</cc:expression>
                    <cc:expression>props['ee.id.hashset'] = new java.util.HashSet()</cc:expression>
                    <cc:expression>props['empl.details.tenanted.data'] = new java.util.HashMap()</cc:expression>
                </cc:eval>
                <cc:eval id="Eval1">
                    <cc:expression>props['batch.id'] = 'INT0209-Workhuman-'+ props['current.moment.date'];&#xD;
props['ext.batch.id'] = 'INT0209-Workhuman-External-'+ props['current.moment.date'];</cc:expression>
                    <cc:expression>props['pErrorRecordCount'] = 0;</cc:expression>
                    <cc:expression>props['pPayinputLogFile'] = 'File Record No,Employee ID,Employee Name,WD Employee Status,Company,Pay Group,Period Start Date,Period End Date,Compensation Element,Currency,Amount,Award Type,Award Name,Status,Message' + '\n'</cc:expression>
                    <cc:expression>props['pFeedbackLogFile'] = 'File Record No,Employee ID,Employee Name,WD Employee Status,Pay Group,Award Nomination Date,WD Feedback Date,Amount,Award Type,Award Name,Award Privacy,Status,Message' + '\n'</cc:expression>
                </cc:eval>
                <cc:log id="Log">
                    <cc:log-message>
                        <cc:line-separator/>
                        <cc:text>------------------ Initialization -----------------------&#xD;
props['validation.mode.lp']         = @{props['validation.mode.lp']}&#xD;
props['current.dateTime']           = @{props['current.dateTime']}&#xD;
props['current.moment.date']        = @{props['current.moment.date']}&#xD;
props['current.date']               = @{props['current.date']}&#xD;
props['doc.retention']              = @{props['doc.retention']}&#xD;
props['wsdl.version']               = @{props['wsdl.version']}&#xD;
props['Earning.Code.For.Non.Cash']  = @{props['Earning.Code.For.Non.Cash']}&#xD;
props['Earning.Code.For.Cash']      = @{props['Earning.Code.For.Cash']}&#xD;
props['Send.Awards.To.Talent']      = @{props['Send.Awards.To.Talent']}&#xD;
props['Send.Awards.To.Payroll']     = @{props['Send.Awards.To.Payroll']}&#xD;
props['batch.id']                   = @{props['batch.id']}</cc:text>
                        <cc:line-separator/>
                    </cc:log-message>
                </cc:log>
            </cc:steps>
            <cc:send-error id="SendError" routes-to="PIM-Init-Errors"/>
        </cc:async-mediation>
        <cc:local-out id="PIM-Init-Errors" endpoint="vm://wcc/PutIntegrationMessage"><cc:set name="is.message.severity" value="'ERROR'"/><cc:set name="is.message.summary" value="'Error in Initializing Variables - ' + context.errorMessage"/></cc:local-out>
        <cc:local-in id="FileRetrieval" routes-to="RetrieveFile"/>
        <cc:async-mediation id="RetrieveFile" routes-to="RetrieveInputFiles" handle-downstream-errors="true">
            <cc:steps>
                <cc:validate-exp id="ValidateExp">
                    <cc:expression failure-message="No Files Present at Work Human sFTP site">da.size() > 0</cc:expression>
                    <cc:expression failure-message="Multiple Files Present at Work Human sFTP site. Integration Load Process Aborting">da.size() &lt; 2</cc:expression>
                </cc:validate-exp>
                <cc:eval id="Eval">
                    <cc:expression>props['pIsprocessingRequired'] = true;</cc:expression>
                    <cc:expression>if (da.size() > 0 ) {da.toVar(0, &quot;wd.retrieve.variable&quot;)};</cc:expression>
                </cc:eval>
            </cc:steps>
            <cc:send-error id="SendError" routes-to="CaptureError1"/>
        </cc:async-mediation>
        <cc:local-out id="PIM-NoFile" endpoint="vm://wcc/PutIntegrationMessage"><cc:set name="is.message.severity" value="'CRITICAL'"/><cc:set name="is.message.summary" value="context.errorMessage"/></cc:local-out>
        <cc:route id="RetrieveInputFiles">
            <cc:doc-iterator variable-name="wd.retrieve.variable"/>
            <cc:sub-route name="SubRoute" routes-to="CheckInputFileData"/>
        </cc:route>
        <cc:async-mediation id="CheckInputFileData" routes-to="ConvertInputFiletoXML" handle-downstream-errors="true">
            <cc:steps>
                <cc:eval id="Eval">
                    <cc:expression>props['p.input.filename'] = vars['wd.retrieve.variable'].fileName</cc:expression>
                    <cc:expression>props['pFileLength'] = vars['wd.retrieve.variable'].length</cc:expression>
                </cc:eval>
                <cc:log id="Log">
                    <cc:log-message>
                        <cc:line-separator/>
                        <cc:text>*********************************************************************&#xD;
props['pFileLength']            = @{props['pFileLength']}&#xD;
props['pIsprocessingRequired']  = @{props['pIsprocessingRequired']}&#xD;
*********************************************************************</cc:text>
                        <cc:line-separator/>
                    </cc:log-message>
                </cc:log>
                <cc:validate-exp id="ValidateExp">
                    <cc:expression failure-message="Input file doesn't have any data rows for processing.">vars['wd.retrieve.variable'].length > 0</cc:expression>
                </cc:validate-exp>
            </cc:steps>
            <cc:send-error id="SendError" routes-to="CaptureError"/>
        </cc:async-mediation>
        <cc:local-out id="PIM-NoInputFileData" endpoint="vm://wcc/PutIntegrationMessage"><cc:set name="is.message.severity" value="'WARNING'"/><cc:set name="is.message.summary" value="'Input file error : ' + context.errorMessage"/></cc:local-out>
        <cc:async-mediation id="ConvertInputFiletoXML" handle-downstream-errors="true">
            <cc:steps>
                <cc:copy id="Copy" input="variable" input-variable="wd.retrieve.variable"/>
                <cc:character-conversion id="Convert" replace-controls="true"/>
                <cc:csv-to-xml id="CsvToXml" output="variable" output-mimetype="text/plain" output-variable="vInputFileXML" format="rfc4180" rootName="File" rowName="Row" separator="|" useFirstLineAsHeader="true"/>
                <cc:store id="Store" output="message" input="variable" input-variable="vInputFileXML" createDocumentReference="true" expiresIn="P@{props['doc.retention']}D" title="InputFile_After_Conversion.xml"/>
                <cc:log id="Log">
                    <cc:log-message>
                        <cc:line-separator/>
                        <cc:text>*****************************************************************************&#xD;
props['p.input.filename']              = @{props['p.input.filename']}&#xD;
&#xD;
Input file got converted successfully...&#xD;
&#xD;
*****************************************************************************&#xD;
</cc:text>
                        <cc:line-separator/>
                    </cc:log-message>
                </cc:log>
            </cc:steps>
            <cc:send-error id="SendError" routes-to="PIM-ConversionErrors"/>
        </cc:async-mediation>
        <cc:local-out id="CallFileRetrieval" routes-response-to="CallReadFileData" endpoint="vm://INT0209-Workhuman-Payroll-And-Feedback-Inbound/FileRetrieval"/>
        <cc:local-out id="PIM-ConversionErrors" endpoint="vm://wcc/PutIntegrationMessage"><cc:set name="is.message.severity" value="'ERROR'"/><cc:set name="is.message.summary" value="'Error during input file conversion to XML : ' + context.errorMessage"/></cc:local-out>
        <cc:local-out id="PIM-Complete" execute-when="props['pErrorRecordCount'] == 0" routes-response-to="PIM-CompletedWithErrors" endpoint="vm://wcc/PutIntegrationMessage"><cc:set name="is.message.severity" value="'INFO'"/><cc:set name="is.message.summary" value="'Integration Processing is Completed'"/></cc:local-out>
        <cc:async-mediation id="CaptureError" routes-to="PIM-NoInputFileData">
            <cc:steps>
                <cc:eval id="Eval">
                    <cc:expression>props['pIsprocessingRequired'] = false</cc:expression>
                </cc:eval>
            </cc:steps>
        </cc:async-mediation>
        <cc:async-mediation id="CaptureError1" routes-to="PIM-NoFile">
            <cc:steps>
                <cc:eval id="Eval">
                    <cc:expression>props['pIsprocessingRequired'] = false</cc:expression>
                </cc:eval>
            </cc:steps>
        </cc:async-mediation>
        <cc:local-in id="ReadFileData" routes-to="CopyInputData"/>
        <cc:async-mediation id="CopyInputData" routes-to="Splitter" handle-downstream-errors="true">
            <cc:steps>
                <cc:copy id="Copy" output-mimetype="text/xml" input="variable" input-variable="vInputFileXML"/>
                <cc:eval id="Eval">
                    <cc:expression>props['pRowCount'] = 0</cc:expression>
                    <cc:expression>props['pRowCount'] = parts[0].xpath('count(File/Row/UNIQUE_ID)')</cc:expression>
                    <cc:expression>if (props['pRowCount'] == 0) {props['pIsprocessingRequired'] = false;}</cc:expression>
                </cc:eval>
                <cc:log id="Log">
                    <cc:log-message>
                        <cc:line-separator/>
                        <cc:text>&#xD;
props['pRowCount']          = @{props['pRowCount']}&#xD;
</cc:text>
                        <cc:line-separator/>
                    </cc:log-message>
                </cc:log>
                <cc:validate-exp id="ValidateExp">
                    <cc:expression failure-message="Input file does not have any employee records to process">props['pRowCount'] > 0</cc:expression>
                </cc:validate-exp>
            </cc:steps>
            <cc:send-error id="SendError" routes-to="PIM-CopyErrors"/>
        </cc:async-mediation>
        <cc:splitter id="Splitter">
            <cc:sub-route name="SubRoute" routes-to="SaveEmptoHashset"/>
            <cc:xml-stream-splitter xpath="File/Row"/>
        </cc:splitter>
        <cc:async-mediation id="SaveEmptoHashset" handle-downstream-errors="true">
            <cc:steps>
                <cc:eval id="Eval">
                    <cc:expression>props['ee.id'] = parts[0].xstream(&quot;/Row/RECIPIENT_USERID&quot;)</cc:expression>
                    <cc:expression>props['ee.id'] != empty ? props['ee.id.hashset'].add(props['ee.id'])</cc:expression>
                </cc:eval>
            </cc:steps>
            <cc:send-error id="SendError" routes-to="PIM-CopyErrors"/>
        </cc:async-mediation>
        <cc:local-out id="PIM-CopyErrors" endpoint="vm://wcc/PutIntegrationMessage"><cc:set name="is.message.severity" value="'WARNING'"/><cc:set name="is.message.summary" value="'Validation Error : ' + context.errorMessage"/></cc:local-out>
        <cc:send-error id="global-error-handler" rethrow-error="false" routes-to="Note-Error"/>
        <cc:local-out id="Note-Error" endpoint="vm://wcc/PutIntegrationMessage">
            <cc:set name="is.message.severity" value="'CRITICAL'"/>
            <cc:set name="is.message.summary" value="context.errorMessage"/>
        </cc:local-out>
        <cc:local-out id="CallReadFileData" routes-response-to="CallGetWorkers" endpoint="vm://INT0209-Workhuman-Payroll-And-Feedback-Inbound/ReadFileData"/>
        <cc:local-in id="ProcessFileData" routes-to="CopyFileData"/>
        <cc:async-mediation id="CopyFileData" routes-to="SplitData" handle-downstream-errors="true">
            <cc:steps>
                <cc:eval id="Eval">
                    <cc:expression>props['pRecordNum'] = 0;</cc:expression>
                </cc:eval>
                <cc:copy id="Copy" output-mimetype="text/xml" input="variable" input-variable="vInputFileXML"/>
            </cc:steps>
            <cc:send-error id="SendError" routes-to="PIM-ProcessError"/>
        </cc:async-mediation>
        <cc:splitter id="SplitData">
            <cc:sub-route name="SubRoute" routes-to="SetVariables"/>
            <cc:xml-stream-splitter xpath="File/Row"/>
        </cc:splitter>
        <cc:async-mediation id="SetVariables" routes-to="CallInsertPayInput" handle-downstream-errors="true">
            <cc:steps>
                <cc:eval id="Init">
                    <cc:expression>props['pRecordNum'] = props['pRecordNum'] + 1</cc:expression>
                    <cc:expression>props['pStatus'] = 'Success';</cc:expression>
                    <cc:expression>props['UniqueID'] = ''</cc:expression><cc:expression>props['EmpID'] = ''</cc:expression>
                    <cc:expression>props['EmpName'] = ''</cc:expression><cc:expression>props['Country'] = ''</cc:expression><cc:expression>props['NominatorUserID'] = ''</cc:expression>
    <cc:expression>props['NominatorName'] = ''</cc:expression>
                    <cc:expression>props['Department'] = ''</cc:expression><cc:expression>props['NominatorCostCenter'] = ''</cc:expression>
                    <cc:expression>props['AwardDate'] = ''</cc:expression>
                    <cc:expression>props['AwardType'] = ''</cc:expression>
                    <cc:expression>props['Value'] = ''</cc:expression>
                    <cc:expression>props['Currency'] = ''</cc:expression><cc:expression>props['AwardName'] = ''</cc:expression><cc:expression>props['NominationReason'] = ''</cc:expression><cc:expression>props['AwardValuePoints'] = ''</cc:expression><cc:expression>props['AwardCurrencyPoints'] = ''</cc:expression>
                    <cc:expression>props['AwardProgramName'] = ''</cc:expression>
                    <cc:expression>props['AwardMessage'] = ''</cc:expression>
                    <cc:expression>props['AwardPrivacy'] = ''</cc:expression>
                    <cc:expression>props['AwardPrivacyFinal'] = ''</cc:expression>
                    <cc:expression>props['pEarningCode'] = ''</cc:expression></cc:eval>
                <cc:eval id="Eval">
                    <cc:expression>props['UniqueID'] = parts[0].xpath('//UNIQUE_ID')</cc:expression><cc:expression>props['EmpID'] = parts[0].xpath('//RECIPIENT_USERID')</cc:expression>
                    <cc:expression>props['EmpName'] = parts[0].xpath('//RECIPIENT_NAME')</cc:expression><cc:expression>props['Country'] = parts[0].xpath('//RECIPIENT_COUNTRY')</cc:expression><cc:expression>props['NominatorUserID'] = parts[0].xpath('//NOMINATOR_USERID')</cc:expression>
    <cc:expression>props['NominatorName'] = parts[0].xpath('//NOMINATOR_NAME')</cc:expression>
                    <cc:expression>props['Department'] = parts[0].xpath('//NOMINATOR_DEPARTMENT')</cc:expression><cc:expression>props['NominatorCostCenter'] = parts[0].xpath('//NOMINATOR_COST_CENTRE')</cc:expression>
                    <cc:expression>props['AwardDate'] = parts[0].xpath('//NOMINATION_DATE')</cc:expression>
                    <cc:expression>props['p.parsed.date'] = new java.text.SimpleDateFormat(&quot;dd/MM/yyyy&quot;).parse(props['AwardDate']);&#xD;
props['p.parsed.AwardDate'] = new java.text.SimpleDateFormat(&quot;yyyy-MM-dd&quot;).format(props['p.parsed.date']);</cc:expression>
                    <cc:expression>props['AwardType'] = parts[0].xpath('//AWARD_TYPE')</cc:expression>
                    <cc:expression>props['Value'] = parts[0].xpath('//AWARD_VALUE')</cc:expression>
                    <cc:expression>props['Currency'] = parts[0].xpath('//AWARD_CURRENCY')</cc:expression><cc:expression>props['AwardName'] = parts[0].xpath('//AWARD_NAME')</cc:expression><cc:expression>props['NominationReason'] = parts[0].xpath('//REASON_FOR_NOMINATION')</cc:expression><cc:expression>props['AwardValuePoints'] = parts[0].xpath('//AWARD_VALUE_POINTS')</cc:expression><cc:expression>props['AwardCurrencyPoints'] = parts[0].xpath('//AWARD_CURRENCY_POINTS')</cc:expression>
                    <cc:expression>props['AwardProgramName'] = parts[0].xpath('//PROGRAM_NAME')</cc:expression>
                    <cc:expression>props['AwardMessage'] = parts[0].xpath('//AWARD_MESSAGE')</cc:expression>
                    <cc:expression>props['AwardPrivacy'] = parts[0].xpath('//AWARD_PRIVACY')</cc:expression>
                    <cc:expression>if (props['AwardPrivacy'] != '' &amp;&amp; props['AwardPrivacy'] != ' ' &amp;&amp; props['AwardPrivacy'] != 'null')&#xD;
{props['AwardPrivacyFinal'] = intsys.integrationMapReverseLookup('Award Privacy', props['AwardPrivacy']);}</cc:expression>
                    <cc:expression>if (props['AwardPrivacyFinal'] != '' &amp;&amp; props['AwardPrivacyFinal'] != ' ' &amp;&amp; props['AwardPrivacyFinal'] != 'null')&#xD;
{props['AwardPrivacyFinal'] = props['AwardPrivacyFinal'].toString().replaceAll('[^a-zA-Z]','');}&#xD;
else&#xD;
{props['AwardPrivacyFinal'] = 'Everyone';}</cc:expression></cc:eval>
                <cc:eval id="Eval0">
                    <cc:expression>vars['current.worker.data'] = '';</cc:expression>
                    <cc:expression>props['pWorkerExists'] = '';&#xD;
props['Worker.PayGroup'] = '';</cc:expression>
                    <cc:expression>props['Worker.Period.StartDate'] = '';&#xD;
props['Worker.Period.Endate'] = '';</cc:expression>
                    <cc:expression>props['Worker.CostCenter'] = '';&#xD;
props['Worker.Position'] = '';&#xD;
props['Worker.status'] = 'Active';&#xD;
props['worker.company'] = '';</cc:expression>
                    <cc:expression>vars['current.worker.data'] = props['empl.details.tenanted.data'].get(props['EmpID']);</cc:expression>
                </cc:eval>
                <cc:eval execute-when="vars['current.worker.data'] != null" id="Eval1">
                    <cc:expression>props['pWorkerExists'] = vars['current.worker.data'].xpath(&quot;/wd:Worker/wd:Employee_ID&quot;);&#xD;
props['worker.hire.rescinded'] = vars['current.worker.data'].xpath('/wd:Worker/wd:Hire_Rescinded');</cc:expression>
                    <cc:expression>props['worker.company'] = vars['current.worker.data'].xpath(&quot;/wd:Worker/wd:Worker_Data/wd:Integration_Field_Override_Data[wd:Field_Reference/wd:ID[@wd:parent_id='INT0209-Override'] = 'Company']/wd:Value&quot;);</cc:expression>
                    <cc:expression>props['Worker.PayGroup'] = vars['current.worker.data'].xpath(&quot;/wd:Worker/wd:Worker_Data/wd:Integration_Field_Override_Data[wd:Field_Reference/wd:ID[@wd:parent_id='INT0209-Override'] = 'Emp_Paygroup']/wd:Value&quot;);</cc:expression>
                    <cc:expression>props['Worker.Period.StartDate'] = vars['current.worker.data'].xpath(&quot;/wd:Worker/wd:Worker_Data/wd:Integration_Field_Override_Data[wd:Field_Reference/wd:ID[@wd:parent_id='INT0209-Override'] = 'Period_Begin_Date']/wd:Value&quot;);&#xD;
if (props['Worker.Period.StartDate'] != '' &amp;&amp; props['Worker.Period.StartDate'] != ' ')&#xD;
{props['p.parsed.date'] = new java.text.SimpleDateFormat(&quot;yyyy-MM-dd&quot;).parse(props['Worker.Period.StartDate']);&#xD;
props['Worker.Period.StartDate'] = new java.text.SimpleDateFormat(&quot;yyyy-MM-dd&quot;).format(props['p.parsed.date']);}</cc:expression>
                    <cc:expression>props['Worker.Period.Endate'] = vars['current.worker.data'].xpath(&quot;/wd:Worker/wd:Worker_Data/wd:Integration_Field_Override_Data[wd:Field_Reference/wd:ID[@wd:parent_id='INT0209-Override'] = 'Period_End_Date']/wd:Value&quot;);&#xD;
if (props['Worker.Period.Endate'] != '' &amp;&amp; props['Worker.Period.Endate'] != ' ')&#xD;
{props['p.parsed.date'] = new java.text.SimpleDateFormat(&quot;yyyy-MM-dd&quot;).parse(props['Worker.Period.Endate']);&#xD;
props['Worker.Period.Endate'] = new java.text.SimpleDateFormat(&quot;yyyy-MM-dd&quot;).format(props['p.parsed.date']);}</cc:expression>
                    <cc:expression>props['Worker.CostCenter'] = vars['current.worker.data'].xpath(&quot;/wd:Worker/wd:Worker_Data/wd:Integration_Field_Override_Data[wd:Field_Reference/wd:ID[@wd:parent_id='INT0209-Override'] = 'Cost_Center']/wd:Value&quot;);</cc:expression>
                    <cc:expression>props['Worker.Position'] = vars['current.worker.data'].xpath(&quot;/wd:Worker/wd:Worker_Data/wd:Integration_Field_Override_Data[wd:Field_Reference/wd:ID[@wd:parent_id='INT0209-Override'] = 'Position']/wd:Value&quot;);</cc:expression>
                    <cc:expression>props['Worker.status'] = vars['current.worker.data'].xpath(&quot;/wd:Worker/wd:Worker_Data/wd:Integration_Field_Override_Data[wd:Field_Reference/wd:ID[@wd:parent_id='INT0209-Override'] = 'Employee_Status']/wd:Value&quot;);</cc:expression>
                </cc:eval>
                <cc:log id="Log">
                    <cc:log-message>
                        <cc:line-separator/>
                        <cc:text>---------------- Tenanted Data ------------------&#xD;
props['EmpID']                   = @{props['EmpID']}&#xD;
props['Worker.Period.StartDate'] = @{props['Worker.Period.StartDate']}&#xD;
props['Worker.Period.Endate']    = @{props['Worker.Period.Endate']}&#xD;
props['Worker.CostCenter']       = @{props['Worker.CostCenter']}&#xD;
props['Worker.Position']         = @{props['Worker.Position']}&#xD;
props['Worker.status']           = @{props['Worker.status']}&#xD;
props['worker.company']     = @{props['worker.company']}&#xD;
props['UniqueID']             = @{props['UniqueID']}&#xD;
props['EmpID']                = @{props['EmpID']}&#xD;
props['EmpName']              = @{props['EmpName']}&#xD;
props['NominatorUserID']      = @{props['NominatorUserID']}&#xD;
props['NominatorName']        = @{props['NominatorName']}&#xD;
props['Department']           = @{props['Department']}&#xD;
props['NominatorCostCenter']  = @{props['NominatorCostCenter']}&#xD;
props['AwardDate']            = @{props['AwardDate']}&#xD;
props['AwardType']            = @{props['AwardType']}&#xD;
props['Value']                = @{props['Value']}&#xD;
props['Currency']             = @{props['Currency']}&#xD;
props['AwardName']            = @{props['AwardName']}&#xD;
props['NominationReason']     = @{props['NominationReason']}&#xD;
props['AwardValuePoints']     = @{props['AwardValuePoints']}&#xD;
props['AwardCurrencyPoints']  = @{props['AwardCurrencyPoints']}&#xD;
props['AwardProgramName']     = @{props['AwardProgramName']}&#xD;
props['AwardMessage']         = @{props['AwardMessage']}&#xD;
props['AwardPrivacy']         = @{props['AwardPrivacy']}&#xD;
props['AwardPrivacyFinal']    = @{props['AwardPrivacyFinal']}&#xD;
props['p.parsed.AwardDate']   = @{props['p.parsed.AwardDate']}&#xD;
</cc:text>
                        <cc:line-separator/>
                    </cc:log-message>
                </cc:log>
                <cc:validate-exp id="ValidateExp">
                    <cc:expression failure-message="Employee does not exists in Workday.">props['pWorkerExists'] != '' &amp;&amp; props['worker.hire.rescinded'] == 0</cc:expression>
                    <cc:expression failure-message="US Employee does not have open Pay Period.">(props['Worker.Period.StartDate'] != '' &amp;&amp; props['Worker.Period.StartDate'] != ' ' &amp;&amp; props['us.company'].contains(props['worker.company'])) || !props['us.company'].contains(props['worker.company'])</cc:expression>
                    <cc:expression failure-message="US Employee does not have open Pay Period.">(props['Worker.Period.Endate'] != '' &amp;&amp; props['Worker.Period.Endate'] != ' ' &amp;&amp; props['us.company'].contains(props['worker.company'])) || !props['us.company'].contains(props['worker.company'])</cc:expression>
                    <cc:expression failure-message="US Employee is not assigned to any Pay group.">(props['Worker.PayGroup'] != '' &amp;&amp; props['Worker.PayGroup'] != ' ' &amp;&amp; props['us.company'].contains(props['worker.company'])) || !props['us.company'].contains(props['worker.company'])</cc:expression>
                    <cc:expression failure-message="Award value is zero">props['Value'] != 0</cc:expression>
                </cc:validate-exp>
            </cc:steps>
            <cc:send-error id="SendError" routes-to="SetErrorMessage"/>
        </cc:async-mediation>
        <cc:local-in id="PayInputAudit" routes-to="PreparePayrollAuditData"/>
        <cc:local-in id="FeedbackAudit" routes-to="PrepareFeedbackAuditData"/>
        <cc:local-in id="InsertPayInput" routes-to="PreparePayInputData"/>
        <cc:local-out id="CallInsertPayInput" execute-when="props['Send.Awards.To.Payroll'] &amp;&amp; props['Value'] > 0 &amp;&amp; props['us.company'].contains(props['worker.company'])" routes-response-to="Call-InsertExternalPayInput" endpoint="vm://INT0209-Workhuman-Payroll-And-Feedback-Inbound/InsertPayInput"/>
        <cc:async-mediation id="PreparePayrollAuditData">
            <cc:steps>
                <cc:eval id="Eval">
                    <cc:expression>if (props['Value'] == 0)&#xD;
{props['pStatus'] = 'Data Row Skipped';&#xD;
props['pComments'] = 'Award value is zero';}</cc:expression>
                    <cc:expression>props['pPayinputLogFile'] = props['pPayinputLogFile'] + props['pRecordNum'] + ','+ props['EmpID'] + ',' + props['EmpName'] + ',' + props['Worker.status'] + ',' + props['worker.company'] + ',' + props['Worker.PayGroup'] + ',' + props['Worker.Period.StartDate'] + ',' + props['Worker.Period.Endate'] + ',' + props['pEarningCode'] + ',' + props['Currency'] + ',' + props['Value'] + ',' + props['AwardType'] + ',' + props['AwardName'] + ',' + props['pStatus'] + ',&quot;' + props['pComments'] +'&quot;\n'</cc:expression>
                </cc:eval>
                <cc:eval id="reset">
                    <cc:expression>props['pStatus'] = '';</cc:expression>
                    <cc:expression>props['pComments'] = '';</cc:expression>
                </cc:eval>
            </cc:steps>
        </cc:async-mediation>
        <cc:async-mediation id="PreparePayInputData" routes-to="PayrollInput" handle-downstream-errors="true">
            <cc:steps>
                <cc:eval id="Eval">
                    <cc:expression>if (props['AwardType'] == 'Physical' || props['AwardType'] == 'Digital')&#xD;
{props['pEarningCode'] = props['Earning.Code.For.Non.Cash'];}</cc:expression>
                    <cc:expression>if (props['AwardType'] == 'Cash')&#xD;
{props['pEarningCode'] = props['Earning.Code.For.Cash'];}</cc:expression>
                </cc:eval>
                <cc:xslt id="Xslt" url="INT0209_Submit_Payroll_Input.xsl"/>
                <cc:log id="Log">
                    <cc:log-message>
                        <cc:line-separator/>
                        <cc:text>---------------- Submit Payroll Input Webservice Request ---------------------</cc:text>
                        <cc:line-separator/>
                        <cc:message-content/>
                        <cc:line-separator/>
                    </cc:log-message>
                </cc:log>
                <cc:set-headers execute-when="props['validation.mode.lp']" id="SetHeaders">
                    <cc:remove-headers/>
                    <cc:add-headers>
                        <cc:add-header name="X-Validate-Only" value="1"/>
                    </cc:add-headers>
                </cc:set-headers>
            </cc:steps>
            <cc:send-error id="SendError" routes-to="CaptureInsertErrors"/>
        </cc:async-mediation>
        <cc:workday-out-soap id="PayrollInput" execute-when="props['Send.Awards.To.Payroll']" routes-response-to="Success" application="Payroll" version="@{props['wsdl.version']}"/>
        <cc:async-mediation id="Success" routes-to="PayInputAudit2" handle-downstream-errors="false">
            <cc:steps>
                <cc:set-headers id="SetHeaders">
                    <cc:remove-headers>
                        <cc:remove-header name="X-Validate-Only"/>
                    </cc:remove-headers>
                    <cc:add-headers/>
                </cc:set-headers>
                <cc:eval id="Eval">
                    <cc:expression>props['pStatus'] = 'Success';</cc:expression>
                    <cc:expression>props['pComments'] = 'Payroll Input Uploaded Successfully';</cc:expression>
                </cc:eval>
            </cc:steps>
            <cc:send-error id="SendError" routes-to="CaptureInsertErrors"/>
        </cc:async-mediation>
        <cc:local-out id="PayInputAudit2" endpoint="vm://INT0209-Workhuman-Payroll-And-Feedback-Inbound/PayInputAudit"/>
        <cc:async-mediation id="CaptureInsertErrors" routes-to="PayInputAudit1" handle-downstream-errors="false">
            <cc:steps>
                <cc:eval id="Eval">
                    <cc:expression>props['pErrorRecordCount'] = props['pErrorRecordCount'] + 1</cc:expression>
                    <cc:expression>props['pStatus'] = 'Error';</cc:expression>
                    <cc:expression>props['pComments'] = 'Validation Error : ' # context.errorMessage</cc:expression>
                </cc:eval>
            </cc:steps>
        </cc:async-mediation>
        <cc:local-out id="PayInputAudit1" endpoint="vm://INT0209-Workhuman-Payroll-And-Feedback-Inbound/PayInputAudit"/>
        <cc:local-out id="CallProcessFileData" execute-when="props['pIsprocessingRequired']" routes-response-to="SaveAudit" endpoint="vm://INT0209-Workhuman-Payroll-And-Feedback-Inbound/ProcessFileData"/>
        <cc:async-mediation id="SaveAudit" routes-to="PIM-Complete" execute-steps-when="props['pIsprocessingRequired']">
            <cc:steps>
                <cc:eval id="Eval">
                    <cc:expression>vars['pPayinputLogFile'] = props['pPayinputLogFile'];</cc:expression>
                    <cc:expression>vars['pFeedbackLogFile'] = props['pFeedbackLogFile'];</cc:expression>
                    <cc:expression>props['pPayInputAuditFIleName'] = 'INT0209_Payroll_Input_Audit_Log_' # props['current.moment.date'] # '.csv'</cc:expression>
                    <cc:expression>props['pFeedbackAuditFIleName'] = 'INT0209_Feedback_Input_Audit_Log_' # props['current.moment.date'] # '.csv'</cc:expression>
                </cc:eval>
                <cc:store execute-when="props['Send.Awards.To.Payroll']" id="Store" input="variable" input-variable="pPayinputLogFile" createDocumentReference="true" expiresIn="P@{props['doc.retention']}D" title="@{props['pPayInputAuditFIleName']}"/>
                <cc:store execute-when="props['Send.Awards.To.Talent']" id="Store0" input="variable" input-variable="pFeedbackLogFile" createDocumentReference="true" expiresIn="P@{props['doc.retention']}D" title="@{props['pFeedbackAuditFIleName']}"/>
            </cc:steps>
        </cc:async-mediation>
        <cc:local-out id="PayInputAudit0" execute-when="props['Send.Awards.To.Payroll']" routes-response-to="CallInsertFeedback" endpoint="vm://INT0209-Workhuman-Payroll-And-Feedback-Inbound/PayInputAudit"/>
        <cc:async-mediation id="PrepareFeedbackAuditData">
            <cc:steps>
                <cc:eval id="Eval">
                    <cc:expression>props['WDFeedbackDate'] = (props['Worker.status'] == 'Active') ? props['AwardDate'] : props['current.date'];</cc:expression>
                    <cc:expression>if (props['NominationReason'] == 'YOS')&#xD;
{props['pStatus'] = 'Data Row Skipped';&#xD;
props['pComments'] = 'Years of Service Award hence skipped.';}</cc:expression>
                    <cc:expression>props['pFeedbackLogFile'] = props['pFeedbackLogFile'] + props['pRecordNum'] + ',' + props['EmpID'] + ',' + props['EmpName'] + ',' + props['Worker.status'] + ',' + props['Worker.PayGroup'] + ',' + props['AwardDate'] + ',' + props['WDFeedbackDate'] + ',' + props['Value'] + ',' + props['AwardType'] + ',' + props['AwardName'] + ',' + props['AwardPrivacy'] + ',' + props['pStatus'] + ',' + props['pComments'] +'\n'</cc:expression>
                </cc:eval>
                <cc:eval id="reset">
                    <cc:expression>props['pStatus'] = '';</cc:expression>
                    <cc:expression>props['pComments'] = '';</cc:expression>
                    <cc:expression>props['WDFeedbackDate'] = '';</cc:expression>
                </cc:eval>
            </cc:steps>
        </cc:async-mediation>
        <cc:local-in id="GetWorkers" routes-to="PrepareGetWorker"/>
        <cc:async-mediation id="PrepareGetWorker" routes-to="GetWorker" handle-downstream-errors="true">
            <cc:steps>
                <cc:write id="Write">
                    <cc:message>
                        <cc:text>&lt;wd:Get_Workers_Request xmlns:wd=&quot;urn:com.workday/bsvc&quot;>&#xD;
   &lt;wd:Request_References&#xD;
      wd:Skip_Non_Existing_Instances=&quot;true&quot;&#xD;
      wd:Ignore_Invalid_References=&quot;true&quot;>&#xD;
      @foreach{props['ee.id.hashset'] as id}&#xD;
      &lt;wd:Worker_Reference>&#xD;
         &lt;wd:ID wd:type=&quot;Employee_ID&quot;>@{id}&lt;/wd:ID>&#xD;
      &lt;/wd:Worker_Reference>&#xD;
      @end{}&#xD;
   &lt;/wd:Request_References>&#xD;
   &#xD;
   &lt;wd:Request_Criteria>&#xD;
&#xD;
      &lt;wd:Field_And_Parameter_Criteria_Data>&#xD;
         &lt;wd:Provider_Reference>&#xD;
            &lt;wd:ID wd:type=&quot;Integration_System_ID&quot;>@{props['int.sys.name']}&lt;/wd:ID>&#xD;
         &lt;/wd:Provider_Reference>&#xD;
      &lt;/wd:Field_And_Parameter_Criteria_Data>&#xD;
      &lt;wd:Exclude_Inactive_Workers>false&lt;/wd:Exclude_Inactive_Workers>&#xD;
      &lt;wd:Exclude_Employees>false&lt;/wd:Exclude_Employees>&#xD;
      &lt;wd:Exclude_Contingent_Workers>false&lt;/wd:Exclude_Contingent_Workers>&#xD;
   &lt;/wd:Request_Criteria>&#xD;
   &#xD;
   &lt;wd:Response_Filter>&#xD;
      &lt;wd:As_Of_Effective_Date>@{props['current.dateTime']}&lt;/wd:As_Of_Effective_Date>&#xD;
      &lt;wd:As_Of_Entry_DateTime>@{props['current.dateTime']}&lt;/wd:As_Of_Entry_DateTime>&#xD;
      &lt;wd:Page>1&lt;/wd:Page>&#xD;
      &lt;wd:Count>999&lt;/wd:Count>&#xD;
   &lt;/wd:Response_Filter>&#xD;
   &lt;wd:Response_Group>&#xD;
      &lt;wd:Include_Reference>true&lt;/wd:Include_Reference>&#xD;
      &lt;wd:Include_Employment_Information>true&lt;/wd:Include_Employment_Information>&#xD;
   &lt;/wd:Response_Group>&#xD;
&lt;/wd:Get_Workers_Request></cc:text>
                    </cc:message>
                </cc:write>
                <cc:wrap-soap id="WrapSoap"/>
            </cc:steps>
            <cc:send-error id="SendError" routes-to="PIM-GetWorkerErrors"/>
        </cc:async-mediation>
        <cc:local-out id="GetWorker" routes-response-to="StoreResponse" endpoint="vm://wcc/PagedGet"><cc:set name="is.paged.get.request.current.page.xpath" value="'/env:Envelope/env:Body/*/wd:Response_Filter/wd:Page'"/><cc:set name="is.paged.get.response.current.page.xpath" value="'/env:Envelope/env:Body/*/wd:Response_Results/wd:Page'"/><cc:set name="is.paged.get.response.total.pages.xpath" value="'/env:Envelope/env:Body/*/wd:Response_Results/wd:Total_Pages'"/><cc:set name="is.paged.get.response.total.results.xpath" value="'/env:Envelope/env:Body/*/wd:Response_Results/wd:Total_Results'"/><cc:set name="is.paged.get.aggregate.header" value="'&lt;Workers>'"/><cc:set name="is.paged.get.aggregate.footer" value="'&lt;/Workers>'"/><cc:set name="is.paged.get.aggregate.xpath" value="'/env:Envelope/env:Body/wd:Get_Workers_Response/wd:Response_Data/wd:Worker'"/><cc:set name="is.paged.get.application" value="'Human_Resources'"/><cc:set name="is.paged.get.version" value="props['wsdl.version']"/><cc:set name="is.paged.get.page.zero" value="false"/><cc:set name="is.paged.get.store.requests" value="true"/></cc:local-out>
        <cc:async-mediation id="StoreResponse" routes-to="SplitResponse" handle-downstream-errors="true">
            <cc:steps>
                <cc:store id="Store" output="variable" output-variable="GetWorkerResponse.xml" createDocumentReference="true" expiresIn="P@{props['doc.retention']}D" title="GetWorkerResponse.xml"/>
            </cc:steps>
            <cc:send-error id="SendError" routes-to="PIM-GetWorkerErrors"/>
        </cc:async-mediation>
        <cc:splitter id="SplitResponse">
            <cc:sub-route name="SubRoute" routes-to="StoreInHashMap"/>
            <cc:xml-stream-splitter xpath="Workers/wd:Worker"/>
        </cc:splitter>
        <cc:async-mediation id="StoreInHashMap" handle-downstream-errors="true">
            <cc:steps>
                <cc:eval id="Eval">
                    <cc:expression>props['ee.id'] = parts[0].xpath(&quot;wd:Worker/wd:Worker_Reference/wd:ID[@wd:type='Employee_ID']&quot;)</cc:expression>
                </cc:eval>
                <cc:xslt-plus id="XsltPlus" url="INT0209-TransformGetWorkerResponse.xsl"/>
                <cc:eval id="Eval0">
                    <cc:expression>props['empl.details.tenanted.data'].put(parts[0].xpath('wd:Worker/wd:Employee_ID'), parts[0].text);</cc:expression>
                </cc:eval>
            </cc:steps>
            <cc:send-error id="SendError" routes-to="PIM-GetWorkerErrors"/>
        </cc:async-mediation>
        <cc:local-out id="PIM-GetWorkerErrors" endpoint="vm://wcc/PutIntegrationMessage"><cc:set name="is.message.severity" value="'ERROR'"/><cc:set name="is.message.summary" value="'Error in Get Worker Data : ' + context.errorMessage"/></cc:local-out>
        <cc:local-out id="CallGetWorkers" execute-when="props['pIsprocessingRequired']" routes-response-to="CallProcessFileData" endpoint="vm://INT0209-Workhuman-Payroll-And-Feedback-Inbound/GetWorkers"/>
        <cc:async-mediation id="SetErrorMessage" routes-to="PayInputAudit0" handle-downstream-errors="false">
            <cc:steps>
                <cc:eval id="Eval">
                    <cc:expression>if (props['Value'] != 0)&#xD;
{props['pErrorRecordCount'] = props['pErrorRecordCount'] + 1;}</cc:expression>
                    <cc:expression>props['pStatus'] = 'Error';</cc:expression>
                    <cc:expression>props['pComments'] = context.errorMessage;</cc:expression>
                </cc:eval>
            </cc:steps>
        </cc:async-mediation>
        <cc:local-in id="InsertFeedback" routes-to="PrepareFeedBackRequest"/>
        <cc:async-mediation id="PrepareFeedBackRequest" routes-to="FeedbackRequest" handle-downstream-errors="true">
            <cc:steps>
                <cc:eval id="Eval">
                    <cc:expression>if (props['Points.Based.Awards'] == 'Yes')&#xD;
{props['pOutputValue'] = props['AwardValuePoints'];}&#xD;
else&#xD;
{props['pOutputValue'] = props['Value'];}</cc:expression>
                    <cc:expression>props['pStatus'] = '';</cc:expression>
                    <cc:expression>props['pComments'] = '';</cc:expression>
                </cc:eval>
                <cc:xslt execute-when="props['Worker.status'] == 'Active'" id="Xslt" url="INT0209_FeedbackRequest.xsl"/>
                <cc:xslt execute-when="props['Worker.status'] == 'Terminated'" id="Term" url="INT0209_FeedbackRequest_Term.xsl"/>
                <cc:log id="Log">
                    <cc:log-message>
                        <cc:line-separator/>
                        <cc:text>---------------- Submit Feedback Request Webservice Request ---------------------</cc:text>
                        <cc:line-separator/>
                        <cc:message-content/>
                        <cc:line-separator/>
                    </cc:log-message>
                </cc:log>
                <cc:validate-exp id="ValidateExp">
                    <cc:expression failure-message="Employee does not exists in Workday.">props['pWorkerExists'] != '' &amp;&amp; props['pWorkerExists'] != ' '</cc:expression>
                </cc:validate-exp>
                <cc:set-headers execute-when="props['validation.mode.lp']" id="SetHeaders">
                    <cc:remove-headers/>
                    <cc:add-headers>
                        <cc:add-header name="X-Validate-Only" value="1"/>
                    </cc:add-headers>
                </cc:set-headers>
            </cc:steps>
            <cc:send-error id="SendError" routes-to="CaptureFeedBackInsertErros"/>
        </cc:async-mediation>
        <cc:async-mediation id="CaptureFeedBackInsertErros" routes-to="FeedbackAudit1" handle-downstream-errors="false">
            <cc:steps>
                <cc:eval id="Eval">
                    <cc:expression>props['pErrorRecordCount'] = props['pErrorRecordCount'] + 1</cc:expression>
                    <cc:expression>props['pStatus'] = 'Error';</cc:expression>
                    <cc:expression>props['pComments'] = context.errorMessage</cc:expression>
                </cc:eval>
            </cc:steps>
        </cc:async-mediation>
        <cc:local-out id="FeedbackAudit1" endpoint="vm://INT0209-Workhuman-Payroll-And-Feedback-Inbound/FeedbackAudit"/>
        <cc:workday-out-soap id="FeedbackRequest" execute-when="props['Send.Awards.To.Talent']" routes-response-to="FeedbackSuccess" application="Talent" version="@{props['wsdl.version']}"/>
        <cc:async-mediation id="FeedbackSuccess" routes-to="FeedbackAudit2" handle-downstream-errors="false">
            <cc:steps>
                <cc:set-headers id="SetHeaders">
                    <cc:remove-headers>
                        <cc:remove-header name="X-Validate-Only"/>
                    </cc:remove-headers>
                    <cc:add-headers/>
                </cc:set-headers>
                <cc:eval id="Eval">
                    <cc:expression>props['pStatus'] = 'Success';</cc:expression>
                    <cc:expression>props['pComments'] = 'Feedback Request Uploaded Successfully';</cc:expression>
                </cc:eval>
            </cc:steps>
            <cc:send-error id="SendError" routes-to="CaptureFeedBackInsertErros"/>
        </cc:async-mediation>
        <cc:local-out id="FeedbackAudit2" endpoint="vm://INT0209-Workhuman-Payroll-And-Feedback-Inbound/FeedbackAudit"/>
        <cc:local-out id="CallInsertFeedback" execute-when="props['Send.Awards.To.Talent'] &amp;&amp; props['NominationReason'] != 'YOS'" routes-response-to="FeedbackAudit0" endpoint="vm://INT0209-Workhuman-Payroll-And-Feedback-Inbound/InsertFeedback"/>
        <cc:local-out id="FeedbackAudit0" execute-when="props['Send.Awards.To.Talent'] &amp;&amp; props['NominationReason'] == 'YOS'" endpoint="vm://INT0209-Workhuman-Payroll-And-Feedback-Inbound/FeedbackAudit"/>
        <cc:local-out id="PIM-ProcessError" endpoint="vm://wcc/PutIntegrationMessage"><cc:set name="is.message.severity" value="'ERROR'"/><cc:set name="is.message.summary" value="'Error Copying the Data to Message Context - ' + context.errorMessage"/></cc:local-out>
        <cc:local-out id="PIM-CompletedWithErrors" execute-when="props['pErrorRecordCount'] > 0" endpoint="vm://wcc/PutIntegrationMessage"><cc:set name="is.message.severity" value="'WARNING'"/><cc:set name="is.message.summary" value="'Errors occured during processing input file data. Please validate the audit files available in the Output Files tab'"/></cc:local-out>
        <cc:local-out id="PIM-ValidationModeWarning" execute-when="props['validation.mode.lp']" routes-response-to="PIM-NoPayRollInputWarning" endpoint="vm://wcc/PutIntegrationMessage"><cc:set name="is.message.severity" value="'WARNING'"/><cc:set name="is.message.summary" value="'Integration ran in Validation Mode hence no updates made in Workday. Please run the integration by turning off the Validation Mode to update the data...'"/></cc:local-out>
        <cc:local-out id="PIM-NoFeedBackWarning" execute-when="!props['Send.Awards.To.Talent']" endpoint="vm://wcc/PutIntegrationMessage"><cc:set name="is.message.severity" value="'WARNING'"/><cc:set name="is.message.summary" value="'Send Awards to Talent Profile Feedback Section - Attribue is Switched-Off hence nothing inserted in Feedback Section.'"/></cc:local-out>
        <cc:local-out id="PIM-NoPayRollInputWarning" execute-when="!props['Send.Awards.To.Payroll']" routes-response-to="PIM-NoFeedBackWarning" endpoint="vm://wcc/PutIntegrationMessage"><cc:set name="is.message.severity" value="'WARNING'"/><cc:set name="is.message.summary" value="'Send Awards to Payroll Input - Attribue is Switched-Off hence nothing inserted in Payroll Input Section.'"/></cc:local-out>
        <cc:local-out id="PayInputAudit20" endpoint="vm://INT0209-Workhuman-Payroll-And-Feedback-Inbound/PayInputAudit"/>
        <cc:async-mediation id="Success0" routes-to="PayInputAudit20" handle-downstream-errors="false">
            <cc:steps>
                <cc:set-headers id="SetHeaders">
                    <cc:remove-headers>
                        <cc:remove-header name="X-Validate-Only"/>
                    </cc:remove-headers>
                    <cc:add-headers/>
                </cc:set-headers>
                <cc:eval execute-when="props['ext.input.companies'].contains(props['worker.company'])" id="Eval">
                    <cc:expression>props['pStatus'] = 'Success';</cc:expression>
                    <cc:expression>props['pComments'] = 'External Payroll Input Uploaded Successfully';</cc:expression>
                </cc:eval>
                <cc:eval execute-when="!props['ext.input.companies'].contains(props['worker.company'])" id="Eval0">
                    <cc:expression>props['pStatus'] = 'Data Row Skipped';</cc:expression>
                    <cc:expression>props['pComments'] = 'Employee is not in allowed companies for External Payroll Input';</cc:expression>
                </cc:eval>
            </cc:steps>
            <cc:send-error id="SendError" routes-to="CaptureInsertErrors0"/>
        </cc:async-mediation>
        <cc:workday-out-soap id="ExtPayrollInput" execute-when="props['Send.Awards.To.Payroll'] &amp;&amp; props['ext.input.companies'].contains(props['worker.company'])" routes-response-to="Success0" application="Payroll_Interface" version="@{props['wsdl.version']}"/>
        <cc:local-out id="PayInputAudit10" endpoint="vm://INT0209-Workhuman-Payroll-And-Feedback-Inbound/PayInputAudit"/>
        <cc:async-mediation id="CaptureInsertErrors0" routes-to="PayInputAudit10" handle-downstream-errors="false">
            <cc:steps>
                <cc:eval id="Eval">
                    <cc:expression>props['pErrorRecordCount'] = props['pErrorRecordCount'] + 1</cc:expression>
                    <cc:expression>props['pStatus'] = 'Error';</cc:expression>
                    <cc:expression>props['pComments'] = 'Validation Error : ' # context.errorMessage</cc:expression>
                </cc:eval>
            </cc:steps>
        </cc:async-mediation>
        <cc:async-mediation id="PreparePayInputData0" routes-to="ExtPayrollInput" execute-steps-when="props['ext.input.companies'].contains(props['worker.company'])" handle-downstream-errors="true">
            <cc:steps>
                <cc:eval id="Eval">
                    <cc:expression>if (props['AwardType'] == 'Physical' || props['AwardType'] == 'Digital')&#xD;
{props['pEarningCode'] = props['external.non.cash.code'];}</cc:expression>
                    <cc:expression>if (props['AwardType'] == 'Cash')&#xD;
{props['pEarningCode'] = props['external.cash.code'];}</cc:expression>
                    <cc:expression>props['Worker.Period.StartDate'] = lp.sentOn.substring(0,10);&#xD;
props['Worker.Period.Endate'] = lp.sentOn.substring(0,10);</cc:expression>
                </cc:eval>
                <cc:xslt id="Xslt" url="Submit_External_PI.xsl"/>
                <cc:log id="Log">
                    <cc:log-message>
                        <cc:line-separator/>
                        <cc:text>---------------- Submit Payroll Input Webservice Request ---------------------</cc:text>
                        <cc:line-separator/>
                        <cc:message-content/>
                        <cc:line-separator/>
                    </cc:log-message>
                </cc:log>
                <cc:set-headers execute-when="props['validation.mode.lp']" id="SetHeaders">
                    <cc:remove-headers/>
                    <cc:add-headers>
                        <cc:add-header name="X-Validate-Only" value="1"/>
                    </cc:add-headers>
                </cc:set-headers>
            </cc:steps>
            <cc:send-error id="SendError" routes-to="CaptureInsertErrors0"/>
        </cc:async-mediation>
        <cc:local-in id="InsertExternalPayInput" routes-to="PreparePayInputData0"/>
        <cc:local-out id="Call-InsertExternalPayInput" execute-when="props['Send.Awards.To.Payroll'] &amp;&amp; props['Value'] > 0 &amp;&amp; !props['us.company'].contains(props['worker.company'])" routes-response-to="CallInsertFeedback" endpoint="vm://INT0209-Workhuman-Payroll-And-Feedback-Inbound/InsertExternalPayInput"/>
	</cc:assembly>

</beans>