<?xml version="1.0" encoding="UTF-8"?>
<wdnm:Diagram xmlns:wdnm="http://workday.com/studio/editors/notation">
  <element href="assembly.xml#WorkdayAssembly"/>
  <visualProperties x="19" y="100">
    <element href="assembly.xml#StartHere"/>
  </visualProperties>
  <visualProperties x="1099" y="31">
    <element href="assembly.xml#AsyncMediation"/>
  </visualProperties>
  <visualProperties x="1115" y="271">
    <element href="assembly.xml#PutIntegrationMessage"/>
  </visualProperties>
  <visualProperties x="1334" y="31">
    <element href="assembly.xml#WorkdayOutRest"/>
  </visualProperties>
  <visualProperties x="1570" y="113">
    <element href="assembly.xml#AsyncMediation0"/>
  </visualProperties>
  <visualProperties x="1785" y="113">
    <element href="assembly.xml#PutIntegrationMessage0"/>
  </visualProperties>
  <visualProperties x="279" y="100">
    <element href="assembly.xml#CallCheckEventStatus"/>
  </visualProperties>
  <visualProperties x="543" y="100">
    <element href="assembly.xml#CallGetEventDocument"/>
  </visualProperties>
  <visualProperties>
    <element href="assembly.xml#CheckEventStatus"/>
  </visualProperties>
  <visualProperties>
    <element href="assembly.xml#DownErrorHandle"/>
  </visualProperties>
  <visualProperties>
    <element href="assembly.xml#CheckEventCompleteRout"/>
  </visualProperties>
  <visualProperties>
    <element href="assembly.xml#WriteAndReadGetEventRequest"/>
  </visualProperties>
  <visualProperties>
    <element href="assembly.xml#CallGetEventRequest"/>
  </visualProperties>
  <visualProperties>
    <element href="assembly.xml#GetEventDocument"/>
  </visualProperties>
  <visualProperties>
    <element href="assembly.xml#SetOPFileProps"/>
  </visualProperties>
  <visualProperties>
    <element href="assembly.xml#GetEventDocuments"/>
  </visualProperties>
  <visualProperties>
    <element href="assembly.xml#Route"/>
  </visualProperties>
  <visualProperties>
    <element href="assembly.xml#LogFile"/>
  </visualProperties>
  <visualProperties x="793" y="31">
    <element href="assembly.xml#Route0"/>
  </visualProperties>
  <visualProperties x="543" y="180">
    <element href="assembly.xml#DoNothing"/>
  </visualProperties>
  <visualProperties x="448" y="613">
    <element href="assembly.xml#PutError1"/>
  </visualProperties>
  <visualProperties x="1050" y="881">
    <element href="assembly.xml#PutError3"/>
  </visualProperties>
  <visualProperties x="266" y="889">
    <element href="assembly.xml#PutError2"/>
  </visualProperties>
  <visualProperties x="538" y="315">
    <element href="assembly.xml#PutIntegrationMessage1"/>
  </visualProperties>
  <connections type="routesTo" sourceAnchorX="0.4264705882352941" sourceAnchorY="1.0" targetAnchorX="0.2975609756097561" targetAnchorY="0.6486486486486487">
    <source href="assembly.xml#//@beans/@mixed.1/@mixed.3/@mixed.3"/>
    <target href="assembly.xml#PutIntegrationMessage"/>
  </connections>
  <connections type="routesTo" sourceAnchorX="1.0" sourceAnchorY="0.2047244094488189" targetAnchorX="0.27647058823529413" targetAnchorY="0.7297297297297297">
    <source href="assembly.xml#AsyncMediation"/>
    <target href="assembly.xml#WorkdayOutRest"/>
  </connections>
  <connections type="routesResponseTo" sourceAnchorX="0.6647058823529411" sourceAnchorY="1.0" targetAnchorX="0.18543046357615894" targetAnchorY="0.7065217391304348">
    <source href="assembly.xml#WorkdayOutRest"/>
    <target href="assembly.xml#AsyncMediation0"/>
  </connections>
  <connections type="routesTo" sourceAnchorX="1.0" sourceAnchorY="0.21875" targetAnchorX="0.24413145539906103" targetAnchorY="0.35135135135135137">
    <source href="assembly.xml#AsyncMediation0"/>
    <target href="assembly.xml#PutIntegrationMessage0"/>
  </connections>
  <connections type="routesTo" sourceAnchorX="0.3888888888888889" sourceAnchorY="1.0" targetAnchorX="0.8341463414634146" targetAnchorY="0.32432432432432434">
    <source href="assembly.xml#//@beans/@mixed.1/@mixed.9/@mixed.3"/>
    <target href="assembly.xml#PutIntegrationMessage"/>
  </connections>
  <connections type="routesResponseTo">
    <source href="assembly.xml#CallCheckEventStatus"/>
    <target href="assembly.xml#CallGetEventDocument"/>
  </connections>
  <connections type="routesTo" sourceAnchorX="0.9044943820224719" sourceAnchorY="1.0" targetAnchorX="0.18867924528301888" targetAnchorY="0.6086956521739131">
    <source href="assembly.xml#CheckEventStatus"/>
    <target href="assembly.xml#DownErrorHandle"/>
  </connections>
  <connections type="routesTo" sourceAnchorX="0.5220125786163522" sourceAnchorY="1.0" targetAnchorX="0.41025641025641024" targetAnchorY="0.6951219512195121">
    <source href="assembly.xml#DownErrorHandle"/>
    <target href="assembly.xml#CheckEventCompleteRout"/>
  </connections>
  <connections type="routesResponseTo" sourceAnchorX="0.0" sourceAnchorY="0.1282051282051282" targetAnchorX="0.8974358974358975" targetAnchorY="0.572139303482587">
    <source href="assembly.xml#WriteAndReadGetEventRequest"/>
    <target href="assembly.xml#CheckEventCompleteRout"/>
  </connections>
  <connections type="routesTo" sourceAnchorX="0.5865384615384616" sourceAnchorY="1.0">
    <source href="assembly.xml#//@beans/@mixed.1/@route.0/@subRoute.0"/>
    <target href="assembly.xml#WriteAndReadGetEventRequest"/>
  </connections>
  <connections type="routesTo">
    <source href="assembly.xml#WriteAndReadGetEventRequest"/>
    <target href="assembly.xml#CallGetEventRequest"/>
  </connections>
  <connections type="routesTo" sourceAnchorX="0.8864864864864865" sourceAnchorY="1.0" targetAnchorX="0.1456953642384106" targetAnchorY="0.532608695652174">
    <source href="assembly.xml#GetEventDocument"/>
    <target href="assembly.xml#SetOPFileProps"/>
  </connections>
  <connections type="routesTo" sourceAnchorX="1.0" sourceAnchorY="0.3695652173913043" targetAnchorX="0.12953367875647667" targetAnchorY="0.6216216216216216">
    <source href="assembly.xml#SetOPFileProps"/>
    <target href="assembly.xml#GetEventDocuments"/>
  </connections>
  <connections type="routesResponseTo" sourceAnchorX="0.8238341968911918" sourceAnchorY="1.0" targetAnchorX="0.13675213675213677" targetAnchorY="0.47560975609756095">
    <source href="assembly.xml#GetEventDocuments"/>
    <target href="assembly.xml#Route"/>
  </connections>
  <connections type="routesTo">
    <source href="assembly.xml#//@beans/@mixed.1/@route.1/@subRoute.0"/>
    <target href="assembly.xml#LogFile"/>
  </connections>
  <connections type="routesResponseTo">
    <source href="assembly.xml#CallGetEventDocument"/>
    <target href="assembly.xml#Route0"/>
  </connections>
  <connections type="routesTo">
    <source href="assembly.xml#//@beans/@mixed.1/@route.2/@subRoute.0"/>
    <target href="assembly.xml#AsyncMediation"/>
  </connections>
  <connections type="routesTo">
    <source href="assembly.xml#//@beans/@mixed.1/@route.2/@subRoute.1"/>
    <target href="assembly.xml#DoNothing"/>
  </connections>
  <connections type="routesTo">
    <source href="assembly.xml#//@beans/@mixed.1/@mixed.23/@mixed.3"/>
    <target href="assembly.xml#PutError1"/>
  </connections>
  <connections type="routesTo">
    <source href="assembly.xml#//@beans/@mixed.1/@mixed.19/@mixed.5"/>
    <target href="assembly.xml#PutError1"/>
  </connections>
  <connections type="routesTo">
    <source href="assembly.xml#//@beans/@mixed.1/@mixed.33/@mixed.3"/>
    <target href="assembly.xml#PutError2"/>
  </connections>
  <connections type="routesTo">
    <source href="assembly.xml#//@beans/@mixed.1/@mixed.27/@mixed.3"/>
    <target href="assembly.xml#PutError3"/>
  </connections>
  <connections type="routesTo">
    <source href="assembly.xml#StartHere"/>
    <target href="assembly.xml#CallCheckEventStatus"/>
  </connections>
  <connections type="routesTo">
    <source href="assembly.xml#DoNothing"/>
    <target href="assembly.xml#PutIntegrationMessage1"/>
  </connections>
  <swimlanes x="-11" y="362" bgColor="12615935" name="Get Parent Event Status" labelAlignment="LEFT">
    <elements href="assembly.xml#CheckEventStatus"/>
    <elements href="assembly.xml#DownErrorHandle"/>
    <elements href="assembly.xml#CheckEventCompleteRout"/>
    <elements href="assembly.xml#WriteAndReadGetEventRequest"/>
    <elements href="assembly.xml#CallGetEventRequest"/>
  </swimlanes>
  <swimlanes x="-17" y="644" bgColor="8454016" name="Fetch Parent Output Files" labelAlignment="LEFT">
    <elements href="assembly.xml#GetEventDocument"/>
    <elements href="assembly.xml#SetOPFileProps"/>
    <elements href="assembly.xml#GetEventDocuments"/>
    <elements href="assembly.xml#Route"/>
    <elements href="assembly.xml#LogFile"/>
  </swimlanes>
</wdnm:Diagram>
