<?xml version="1.0" encoding="UTF-8"?>
<wdnm:Diagram xmlns:wdnm="http://workday.com/studio/editors/notation">
  <element href="assembly.xml#WorkdayAssembly"/>
  <visualProperties x="89" y="39">
    <element href="assembly.xml#StartHere"/>
  </visualProperties>
  <visualProperties x="475" y="216">
    <element href="assembly.xml#Initialization"/>
  </visualProperties>
  <visualProperties x="475" y="371">
    <element href="assembly.xml#PutIntegrationMessage0"/>
  </visualProperties>
  <visualProperties>
    <element href="assembly.xml#CheckFile"/>
  </visualProperties>
  <visualProperties>
    <element href="assembly.xml#Route"/>
  </visualProperties>
  <visualProperties>
    <element href="assembly.xml#Terminate_Int"/>
  </visualProperties>
  <visualProperties>
    <element href="assembly.xml#FileHasData"/>
  </visualProperties>
  <visualProperties>
    <element href="assembly.xml#Terminate_Int1"/>
  </visualProperties>
  <visualProperties x="402" y="512">
    <element href="assembly.xml#Call_INT5100_RetrieveInputFile"/>
  </visualProperties>
  <visualProperties x="74" y="688">
    <element href="assembly.xml#INT5100_RetrieveInputFile"/>
  </visualProperties>
  <visualProperties x="907" y="757">
    <element href="assembly.xml#AsyncMediation"/>
  </visualProperties>
  <visualProperties>
    <element href="assembly.xml#AsyncMediation0"/>
  </visualProperties>
  <visualProperties>
    <element href="assembly.xml#PutIntegrationMessage1"/>
  </visualProperties>
  <visualProperties x="1196" y="835">
    <element href="assembly.xml#fetchDeductions"/>
  </visualProperties>
  <visualProperties x="50" y="1114">
    <element href="assembly.xml#INT5100_Agg_Data"/>
  </visualProperties>
  <visualProperties>
    <element href="assembly.xml#ErrorHandler"/>
  </visualProperties>
  <visualProperties>
    <element href="assembly.xml#PutIntegrationMessage30"/>
  </visualProperties>
  <visualProperties x="516" y="548">
    <element href="assembly.xml#AggData"/>
  </visualProperties>
  <visualProperties>
    <element href="assembly.xml#AggFileData"/>
  </visualProperties>
  <visualProperties>
    <element href="assembly.xml#AggEarningMappingData"/>
  </visualProperties>
  <visualProperties x="1218" y="548">
    <element href="assembly.xml#Aggregator"/>
  </visualProperties>
  <visualProperties x="1584" y="548">
    <element href="assembly.xml#MergedData"/>
  </visualProperties>
  <visualProperties x="789" y="1381">
    <element href="assembly.xml#AggDedMappingData"/>
  </visualProperties>
  <visualProperties>
    <element href="assembly.xml#//@beans/@mixed.1/@mixed.49"/>
  </visualProperties>
  <visualProperties>
    <element href="assembly.xml#Note-Error"/>
  </visualProperties>
  <visualProperties>
    <element href="assembly.xml#Create_Get_Worker_Request"/>
  </visualProperties>
  <visualProperties>
    <element href="assembly.xml#PutIntegrationMessage000"/>
  </visualProperties>
  <visualProperties>
    <element href="assembly.xml#GetWorker0"/>
  </visualProperties>
  <visualProperties>
    <element href="assembly.xml#ConvertToSimpleXML"/>
  </visualProperties>
  <visualProperties x="45" y="1166">
    <element href="assembly.xml#INT5100_GetWorkers"/>
  </visualProperties>
  <visualProperties x="609" y="158">
    <element href="assembly.xml#Call_INT5100_GetWorkers"/>
  </visualProperties>
  <visualProperties x="298" y="1283">
    <element href="assembly.xml#SetAbort"/>
  </visualProperties>
  <visualProperties x="66" y="1550">
    <element href="assembly.xml#INT5100_GetExistingInputs"/>
  </visualProperties>
  <visualProperties x="916" y="258">
    <element href="assembly.xml#Call_INT5100_GetExistingInputs"/>
  </visualProperties>
  <visualProperties x="769" y="1848">
    <element href="assembly.xml#GetWorkers"/>
  </visualProperties>
  <visualProperties x="266" y="1610">
    <element href="assembly.xml#AsyncMediation1"/>
  </visualProperties>
  <visualProperties x="421" y="2206">
    <element href="assembly.xml#GetPayrollInput"/>
  </visualProperties>
  <visualProperties x="336" y="2344">
    <element href="assembly.xml#PutIntegrationMessage"/>
  </visualProperties>
  <visualProperties x="562" y="2300">
    <element href="assembly.xml#AsyncMediation2"/>
  </visualProperties>
  <visualProperties x="66" y="2182">
    <element href="assembly.xml#INT5100_Format_Agg_Data"/>
  </visualProperties>
  <visualProperties x="264" y="2222">
    <element href="assembly.xml#AsyncMediation5"/>
  </visualProperties>
  <visualProperties x="444" y="2266">
    <element href="assembly.xml#PutIntegrationMessage2"/>
  </visualProperties>
  <visualProperties x="1110" y="144">
    <element href="assembly.xml#Call_INT5100_Format_Agg_Data"/>
  </visualProperties>
  <visualProperties x="1065" y="184">
    <element href="assembly.xml#Call_INT5100_Agg_Data"/>
  </visualProperties>
  <visualProperties x="52" y="2713">
    <element href="assembly.xml#INT5100_Agg_Existing_Inputs"/>
  </visualProperties>
  <visualProperties x="278" y="2730">
    <element href="assembly.xml#AsyncMediation6"/>
  </visualProperties>
  <visualProperties x="452" y="2752">
    <element href="assembly.xml#AggData0"/>
  </visualProperties>
  <visualProperties>
    <element href="assembly.xml#WorkerData"/>
  </visualProperties>
  <visualProperties>
    <element href="assembly.xml#ExistingInputs"/>
  </visualProperties>
  <visualProperties x="793" y="2842">
    <element href="assembly.xml#Aggregator1"/>
  </visualProperties>
  <visualProperties x="976" y="2842">
    <element href="assembly.xml#MergedData0"/>
  </visualProperties>
  <visualProperties x="1749" y="229">
    <element href="assembly.xml#Call_INT5100_Agg_Existing_Inputs"/>
  </visualProperties>
  <visualProperties x="2085" y="274">
    <element href="assembly.xml#Call_INT5100_Import_Payroll_Req"/>
  </visualProperties>
  <visualProperties x="49" y="3092">
    <element href="assembly.xml#INT5100_Import_Payroll_Req"/>
  </visualProperties>
  <visualProperties x="280" y="3089">
    <element href="assembly.xml#AsyncMediation7"/>
  </visualProperties>
  <visualProperties x="508" y="3110">
    <element href="assembly.xml#Process-Success-and-Errors0"/>
  </visualProperties>
  <visualProperties x="801" y="3246">
    <element href="assembly.xml#PutIntegrationMessage4"/>
  </visualProperties>
  <visualProperties x="999" y="3187">
    <element href="assembly.xml#Splitter-PI0"/>
  </visualProperties>
  <visualProperties x="1136" y="3187">
    <element href="assembly.xml#AsyncMediation60"/>
  </visualProperties>
  <visualProperties x="1345" y="3187">
    <element href="assembly.xml#Validation-ON1"/>
  </visualProperties>
  <visualProperties x="1499" y="3187">
    <element href="assembly.xml#WorkdayOutSoap01"/>
  </visualProperties>
  <visualProperties x="1695" y="3187">
    <element href="assembly.xml#Validation-OFF1"/>
  </visualProperties>
  <visualProperties x="1854" y="3187">
    <element href="assembly.xml#Store-Resp-WID1"/>
  </visualProperties>
  <visualProperties x="1218" y="3244">
    <element href="assembly.xml#PutIntegrationMessage7"/>
  </visualProperties>
  <visualProperties>
    <element href="assembly.xml#INT5100_GetImpProcessMessagesRequest"/>
  </visualProperties>
  <visualProperties>
    <element href="assembly.xml#Loop"/>
  </visualProperties>
  <visualProperties>
    <element href="assembly.xml#GetImpProRequest"/>
  </visualProperties>
  <visualProperties>
    <element href="assembly.xml#GetImportProcessesWS"/>
  </visualProperties>
  <visualProperties>
    <element href="assembly.xml#StoreProgressOfWS"/>
  </visualProperties>
  <visualProperties>
    <element href="assembly.xml#Call_INT5100_GetImportProcessMessage"/>
  </visualProperties>
  <visualProperties x="1918" y="3248">
    <element href="assembly.xml#Call_INT5100_GetImpProcessMessagesRequest"/>
  </visualProperties>
  <visualProperties>
    <element href="assembly.xml#INT5100_GetImportProcessMessage"/>
  </visualProperties>
  <visualProperties>
    <element href="assembly.xml#ProcessingStatus"/>
  </visualProperties>
  <visualProperties>
    <element href="assembly.xml#DoNothing"/>
  </visualProperties>
  <visualProperties>
    <element href="assembly.xml#GetErrorMessageRequest"/>
  </visualProperties>
  <visualProperties>
    <element href="assembly.xml#Call_INT5100_RecordResult"/>
  </visualProperties>
  <visualProperties>
    <element href="assembly.xml#GetErrorMessageRequestError"/>
  </visualProperties>
  <visualProperties>
    <element href="assembly.xml#INT5100_RecordResult"/>
  </visualProperties>
  <visualProperties>
    <element href="assembly.xml#logMessagesFound"/>
  </visualProperties>
  <visualProperties>
    <element href="assembly.xml#ErrorlogMessagesFound"/>
  </visualProperties>
  <visualProperties x="2905" y="3826">
    <element href="assembly.xml#Aggregator-Log00"/>
  </visualProperties>
  <visualProperties x="2905" y="3826">
    <element href="assembly.xml#Store-Audit-File0"/>
  </visualProperties>
  <visualProperties x="1917" y="3714">
    <element href="assembly.xml#INT5100_Close_Import_Agg"/>
  </visualProperties>
  <visualProperties x="1253" y="3899">
    <element href="assembly.xml#GetImportProcMsgs0"/>
  </visualProperties>
  <visualProperties>
    <element href="assembly.xml#Get-Errors-Exist0"/>
  </visualProperties>
  <visualProperties>
    <element href="assembly.xml#Log-Error0"/>
  </visualProperties>
  <visualProperties x="3582" y="546">
    <element href="assembly.xml#Call_INT5100_ErrorLog0"/>
  </visualProperties>
  <visualProperties x="992" y="3602">
    <element href="assembly.xml#PutIntegrationMessage8"/>
  </visualProperties>
  <visualProperties x="209" y="2254">
    <element href="assembly.xml#Route0"/>
  </visualProperties>
  <visualProperties>
    <element href="assembly.xml#Get-Errors-Exist00"/>
  </visualProperties>
  <visualProperties>
    <element href="assembly.xml#Log-Error00"/>
  </visualProperties>
  <visualProperties>
    <element href="assembly.xml#PutIntegrationMessage80"/>
  </visualProperties>
  <visualProperties>
    <element href="assembly.xml#INT5100_ErrorLog"/>
  </visualProperties>
  <visualProperties>
    <element href="assembly.xml#Handle-Logging-Errors"/>
  </visualProperties>
  <visualProperties>
    <element href="assembly.xml#Error-Log-Aggregator"/>
  </visualProperties>
  <visualProperties x="233" y="5216">
    <element href="assembly.xml#Route1"/>
  </visualProperties>
  <visualProperties x="458" y="5293">
    <element href="assembly.xml#AsyncMediation8"/>
  </visualProperties>
  <visualProperties x="1286" y="5244">
    <element href="assembly.xml#Store-Audit-File00"/>
  </visualProperties>
  <visualProperties>
    <element href="assembly.xml#INT5100_Audit_Summary"/>
  </visualProperties>
  <visualProperties>
    <element href="assembly.xml#Final_Audit_FIle_Generation0"/>
  </visualProperties>
  <visualProperties>
    <element href="assembly.xml#CallAuditLog00"/>
  </visualProperties>
  <visualProperties>
    <element href="assembly.xml#INT5100_Audit_Agg"/>
  </visualProperties>
  <visualProperties>
    <element href="assembly.xml#Route10"/>
  </visualProperties>
  <visualProperties>
    <element href="assembly.xml#RouteErrorHandler00"/>
  </visualProperties>
  <visualProperties>
    <element href="assembly.xml#AsyncMediation11"/>
  </visualProperties>
  <visualProperties>
    <element href="assembly.xml#AsyncMediation70"/>
  </visualProperties>
  <visualProperties>
    <element href="assembly.xml#AsyncMediation10"/>
  </visualProperties>
  <visualProperties>
    <element href="assembly.xml#Aggregator000"/>
  </visualProperties>
  <visualProperties>
    <element href="assembly.xml#Call_INT5100_Audit_Summary"/>
  </visualProperties>
  <visualProperties x="2943" y="201">
    <element href="assembly.xml#Call_INT5100_Audit_Agg"/>
  </visualProperties>
  <visualProperties x="968" y="3804">
    <element href="assembly.xml#SyncMediation"/>
  </visualProperties>
  <visualProperties x="1377" y="3689">
    <element href="assembly.xml#Call_INT5100_Close_Import_Agg"/>
  </visualProperties>
  <visualProperties x="694" y="6360">
    <element href="assembly.xml#PutIntegrationMessage60"/>
  </visualProperties>
  <visualProperties x="756" y="6360">
    <element href="assembly.xml#PutIntegrationMessage31"/>
  </visualProperties>
  <visualProperties x="3104" y="1164">
    <element href="assembly.xml#GetFileName0"/>
  </visualProperties>
  <visualProperties x="3712" y="1164">
    <element href="assembly.xml#Route0000"/>
  </visualProperties>
  <visualProperties x="1706" y="772">
    <element href="assembly.xml#Terminate_Int10"/>
  </visualProperties>
  <visualProperties x="502" y="3123">
    <element href="assembly.xml#Splitter"/>
  </visualProperties>
  <visualProperties x="633" y="3113">
    <element href="assembly.xml#WorkdayOutSoap"/>
  </visualProperties>
  <visualProperties x="817" y="3137">
    <element href="assembly.xml#Aggregator0"/>
  </visualProperties>
  <visualProperties x="300" y="3092">
    <element href="assembly.xml#Prepare.Get.Payroll.Inputs"/>
  </visualProperties>
  <visualProperties x="500" y="3155">
    <element href="assembly.xml#PIM-GetPayInputError"/>
  </visualProperties>
  <visualProperties x="1013" y="3188">
    <element href="assembly.xml#PIM-GetPayInputTransformErrors"/>
  </visualProperties>
  <visualProperties x="731" y="3100">
    <element href="assembly.xml#Process.Input.Response"/>
  </visualProperties>
  <visualProperties x="1232" y="3267">
    <element href="assembly.xml#Format.Input.Response"/>
  </visualProperties>
  <visualProperties x="1459" y="3277">
    <element href="assembly.xml#PIM-GetPayInputFormatErrors"/>
  </visualProperties>
  <visualProperties x="987" y="3162">
    <element href="assembly.xml#AggInputs"/>
  </visualProperties>
  <visualProperties x="1098" y="3145">
    <element href="assembly.xml#ClosePIAgg"/>
  </visualProperties>
  <visualProperties x="1654" y="128">
    <element href="assembly.xml#Call-ClosePIAgg"/>
  </visualProperties>
  <connections type="routesTo" sourceAnchorX="0.44502617801047123" sourceAnchorY="1.0" targetAnchorX="0.7370892018779343" targetAnchorY="0.4594594594594595">
    <source href="assembly.xml#//@beans/@mixed.1/@mixed.5/@mixed.3"/>
    <target href="assembly.xml#PutIntegrationMessage0"/>
  </connections>
  <connections type="routesTo" sourceAnchorX="0.7431192660550459" sourceAnchorY="1.0" targetAnchorX="0.20765027322404372" targetAnchorY="0.152">
    <source href="assembly.xml#StartHere"/>
    <target href="assembly.xml#Initialization"/>
  </connections>
  <connections type="routesTo" sourceAnchorX="0.8202247191011236" sourceAnchorY="1.0" targetAnchorX="0.13008130081300814" targetAnchorY="0.6428571428571429">
    <source href="assembly.xml#//@beans/@mixed.1/@route.2/@subRoute.0"/>
    <target href="assembly.xml#Route"/>
  </connections>
  <connections type="routesTo" sourceAnchorX="0.7752808988764045" sourceAnchorY="1.0" targetAnchorX="0.14393939393939395" targetAnchorY="0.6216216216216216">
    <source href="assembly.xml#//@beans/@mixed.1/@route.2/@subRoute.1"/>
    <target href="assembly.xml#Terminate_Int"/>
  </connections>
  <connections type="routesTo" sourceAnchorX="0.6938775510204082" sourceAnchorY="1.0" targetAnchorX="0.28776978417266186" targetAnchorY="0.08108108108108109">
    <source href="assembly.xml#//@beans/@mixed.1/@route.0/@subRoute.1"/>
    <target href="assembly.xml#Terminate_Int1"/>
  </connections>
  <connections type="routesTo" sourceAnchorX="1.0" sourceAnchorY="0.304" targetAnchorX="0.625" targetAnchorY="0.8648648648648649">
    <source href="assembly.xml#Initialization"/>
    <target href="assembly.xml#Call_INT5100_RetrieveInputFile"/>
  </connections>
  <connections type="routesTo" sourceAnchorX="0.6896551724137931" sourceAnchorY="1.0" targetAnchorX="0.3431372549019608" targetAnchorY="0.38461538461538464">
    <source href="assembly.xml#INT5100_RetrieveInputFile"/>
    <target href="assembly.xml#CheckFile"/>
  </connections>
  <connections type="routesTo" sourceAnchorX="0.7244897959183674" sourceAnchorY="1.0" targetAnchorX="0.11373390557939914" targetAnchorY="0.48">
    <source href="assembly.xml#//@beans/@mixed.1/@route.0/@subRoute.0"/>
    <target href="assembly.xml#AsyncMediation"/>
  </connections>
  <connections type="routesTo" sourceAnchorX="1.0" sourceAnchorY="0.248" targetAnchorX="0.10967741935483871" targetAnchorY="0.11702127659574468">
    <source href="assembly.xml#AsyncMediation0"/>
    <target href="assembly.xml#fetchDeductions"/>
  </connections>
  <connections type="routesTo" sourceAnchorX="0.09233791748526522" sourceAnchorY="1.0" targetAnchorX="0.4712041884816754" targetAnchorY="0.43243243243243246">
    <source href="assembly.xml#//@beans/@mixed.1/@mixed.25/@mixed.3"/>
    <target href="assembly.xml#PutIntegrationMessage1"/>
  </connections>
  <connections type="routesTo" sourceAnchorX="1.0" sourceAnchorY="0.264" targetAnchorX="0.028037383177570093" targetAnchorY="0.36942675159235666">
    <source href="assembly.xml#ErrorHandler"/>
    <target href="assembly.xml#AggData"/>
  </connections>
  <connections type="routesTo" sourceAnchorX="0.3867924528301887" sourceAnchorY="1.0" targetAnchorX="0.8010471204188482" targetAnchorY="0.6216216216216216">
    <source href="assembly.xml#//@beans/@mixed.1/@mixed.43/@mixed.3"/>
    <target href="assembly.xml#PutIntegrationMessage30"/>
  </connections>
  <connections type="routesTo" sourceAnchorX="0.7410714285714286" sourceAnchorY="1.0" targetAnchorX="0.30927835051546393" targetAnchorY="0.6521739130434783">
    <source href="assembly.xml#//@beans/@mixed.1/@route.3/@subRoute.0"/>
    <target href="assembly.xml#AggFileData"/>
  </connections>
  <connections type="routesTo" sourceAnchorX="0.4017857142857143" sourceAnchorY="1.0" targetAnchorX="0.12173913043478261" targetAnchorY="0.33695652173913043">
    <source href="assembly.xml#//@beans/@mixed.1/@route.3/@subRoute.2"/>
    <target href="assembly.xml#AggEarningMappingData"/>
  </connections>
  <connections type="routesTo" sourceAnchorX="1.0" sourceAnchorY="0.2765957446808511" targetAnchorX="0.45098039215686275" targetAnchorY="0.8648648648648649">
    <source href="assembly.xml#AggFileData"/>
    <target href="assembly.xml#Aggregator"/>
  </connections>
  <connections type="routesTo" sourceAnchorX="1.0" sourceAnchorY="0.3829787234042553" targetAnchorX="0.5392156862745098" targetAnchorY="0.6486486486486487">
    <source href="assembly.xml#AggEarningMappingData"/>
    <target href="assembly.xml#Aggregator"/>
  </connections>
  <connections type="routesTo" sourceAnchorX="1.0" sourceAnchorY="0.2641509433962264" targetAnchorX="0.5298507462686567" targetAnchorY="0.5434782608695652">
    <source href="assembly.xml#Aggregator"/>
    <target href="assembly.xml#MergedData"/>
  </connections>
  <connections type="routesTo" sourceAnchorX="0.6727272727272727" sourceAnchorY="1.0" targetAnchorX="0.4336283185840708" targetAnchorY="0.392">
    <source href="assembly.xml#INT5100_Agg_Data"/>
    <target href="assembly.xml#ErrorHandler"/>
  </connections>
  <connections type="routesTo" sourceAnchorX="0.5714285714285714" sourceAnchorY="1.0" targetAnchorX="0.208955223880597" targetAnchorY="0.2717391304347826">
    <source href="assembly.xml#//@beans/@mixed.1/@route.3/@subRoute.3"/>
    <target href="assembly.xml#AggDedMappingData"/>
  </connections>
  <connections type="routesTo" sourceAnchorX="1.0" sourceAnchorY="0.2553191489361702" targetAnchorX="0.6013071895424836" targetAnchorY="0.7830188679245284">
    <source href="assembly.xml#AggDedMappingData"/>
    <target href="assembly.xml#Aggregator"/>
  </connections>
  <connections type="routesTo" sourceAnchorX="0.9669421487603306" sourceAnchorY="0.43243243243243246" targetAnchorX="0.06060606060606061" targetAnchorY="0.3783783783783784">
    <source href="assembly.xml#//@beans/@mixed.1/@mixed.49"/>
    <target href="assembly.xml#Note-Error"/>
  </connections>
  <connections type="routesTo" sourceAnchorX="1.0" sourceAnchorY="0.3125" targetAnchorX="0.3770491803278688" targetAnchorY="0.4864864864864865">
    <source href="assembly.xml#Create_Get_Worker_Request"/>
    <target href="assembly.xml#GetWorker0"/>
  </connections>
  <connections type="routesResponseTo" sourceAnchorX="0.7109375" sourceAnchorY="1.0" targetAnchorX="0.14537444933920704" targetAnchorY="0.15748031496062992">
    <source href="assembly.xml#GetWorker0"/>
    <target href="assembly.xml#ConvertToSimpleXML"/>
  </connections>
  <connections type="routesTo" sourceAnchorX="0.6147540983606558" sourceAnchorY="1.0" targetAnchorX="0.28780487804878047" targetAnchorY="0.152">
    <source href="assembly.xml#INT5100_GetWorkers"/>
    <target href="assembly.xml#Create_Get_Worker_Request"/>
  </connections>
  <connections type="routesResponseTo" sourceAnchorX="0.9224137931034483" sourceAnchorY="1.0" targetAnchorX="0.4583333333333333" targetAnchorY="0.5675675675675675">
    <source href="assembly.xml#Call_INT5100_RetrieveInputFile"/>
    <target href="assembly.xml#Call_INT5100_GetWorkers"/>
  </connections>
  <connections type="routesTo" sourceAnchorX="0.25252525252525254" sourceAnchorY="1.0" targetAnchorX="0.5895522388059702" targetAnchorY="0.26595744680851063">
    <source href="assembly.xml#//@beans/@mixed.1/@mixed.57/@mixed.3"/>
    <target href="assembly.xml#SetAbort"/>
  </connections>
  <connections type="routesTo" sourceAnchorX="0.0" sourceAnchorY="0.2978723404255319" targetAnchorX="0.44390243902439025" targetAnchorY="0.32432432432432434">
    <source href="assembly.xml#SetAbort"/>
    <target href="assembly.xml#PutIntegrationMessage000"/>
  </connections>
  <connections type="routesTo" sourceAnchorX="0.9940476190476191" sourceAnchorY="1.0" targetAnchorX="0.29906542056074764" targetAnchorY="0.5108695652173914">
    <source href="assembly.xml#//@beans/@mixed.1/@route.3/@subRoute.1"/>
    <target href="assembly.xml#GetWorkers"/>
  </connections>
  <connections type="routesTo" sourceAnchorX="1.0" sourceAnchorY="0.3617021276595745" targetAnchorX="0.3202614379084967" targetAnchorY="0.9528301886792453">
    <source href="assembly.xml#GetWorkers"/>
    <target href="assembly.xml#Aggregator"/>
  </connections>
  <connections type="routesTo" sourceAnchorX="0.9227053140096618" sourceAnchorY="1.0" targetAnchorX="0.06" targetAnchorY="0.408">
    <source href="assembly.xml#INT5100_GetExistingInputs"/>
    <target href="assembly.xml#Prepare.Get.Payroll.Inputs"/>
  </connections>
  <connections type="routesTo" sourceAnchorX="0.0" sourceAnchorY="0.5333333333333333" targetAnchorX="0.391304347826087" targetAnchorY="0.6756756756756757">
    <source href="assembly.xml#//@beans/@mixed.1/@mixed.71/@mixed.3"/>
    <target href="assembly.xml#PutIntegrationMessage"/>
  </connections>
  <connections type="routesTo" sourceAnchorX="0.952755905511811" sourceAnchorY="1.0" targetAnchorX="0.39267015706806285" targetAnchorY="0.7567567567567568">
    <source href="assembly.xml#//@beans/@mixed.1/@mixed.81/@mixed.3"/>
    <target href="assembly.xml#PutIntegrationMessage2"/>
  </connections>
  <connections type="routesResponseTo" sourceAnchorX="0.6041666666666666" sourceAnchorY="1.0" targetAnchorX="0.09745762711864407" targetAnchorY="0.5405405405405406">
    <source href="assembly.xml#Call_INT5100_Format_Agg_Data"/>
    <target href="assembly.xml#Call_INT5100_GetExistingInputs"/>
  </connections>
  <connections type="routesResponseTo" sourceAnchorX="0.6030927835051546" sourceAnchorY="1.0" targetAnchorX="0.14166666666666666" targetAnchorY="0.5675675675675675">
    <source href="assembly.xml#Call_INT5100_Agg_Data"/>
    <target href="assembly.xml#Call_INT5100_Format_Agg_Data"/>
  </connections>
  <connections type="routesTo" sourceAnchorX="0.7354260089686099" sourceAnchorY="1.0" targetAnchorX="0.26119402985074625" targetAnchorY="0.15217391304347827">
    <source href="assembly.xml#INT5100_Agg_Existing_Inputs"/>
    <target href="assembly.xml#AsyncMediation6"/>
  </connections>
  <connections type="routesTo" sourceAnchorX="1.0" sourceAnchorY="0.2872340425531915" targetAnchorX="0.5193370165745856" targetAnchorY="0.3169811320754717">
    <source href="assembly.xml#AsyncMediation6"/>
    <target href="assembly.xml#AggData0"/>
  </connections>
  <connections type="routesTo" sourceAnchorX="1.0" sourceAnchorY="0.6764705882352942" targetAnchorX="0.30327868852459017" targetAnchorY="0.425531914893617">
    <source href="assembly.xml#//@beans/@mixed.1/@route.4/@subRoute.0"/>
    <target href="assembly.xml#WorkerData"/>
  </connections>
  <connections type="routesTo" sourceAnchorX="0.9051724137931034" sourceAnchorY="1.0" targetAnchorX="0.38596491228070173" targetAnchorY="0.1595744680851064">
    <source href="assembly.xml#//@beans/@mixed.1/@route.4/@subRoute.1"/>
    <target href="assembly.xml#ExistingInputs"/>
  </connections>
  <connections type="routesTo" sourceAnchorX="1.0" sourceAnchorY="0.24468085106382978" targetAnchorX="0.48366013071895425" targetAnchorY="0.36792452830188677">
    <source href="assembly.xml#WorkerData"/>
    <target href="assembly.xml#Aggregator1"/>
  </connections>
  <connections type="routesTo" sourceAnchorX="1.0" sourceAnchorY="0.24468085106382978" targetAnchorX="0.41830065359477125" targetAnchorY="0.6698113207547169">
    <source href="assembly.xml#ExistingInputs"/>
    <target href="assembly.xml#Aggregator1"/>
  </connections>
  <connections type="routesTo" sourceAnchorX="1.0" sourceAnchorY="0.2641509433962264" targetAnchorX="0.46551724137931033" targetAnchorY="0.1276595744680851">
    <source href="assembly.xml#Aggregator1"/>
    <target href="assembly.xml#MergedData0"/>
  </connections>
  <connections type="routesResponseTo" sourceAnchorX="0.9745762711864406" sourceAnchorY="0.4594594594594595" targetAnchorX="0.24324324324324326" targetAnchorY="0.40540540540540543">
    <source href="assembly.xml#Call_INT5100_GetExistingInputs"/>
    <target href="assembly.xml#Call-ClosePIAgg"/>
  </connections>
  <connections type="routesResponseTo" sourceAnchorX="0.6428571428571429" sourceAnchorY="1.0" targetAnchorX="0.5069444444444444" targetAnchorY="0.32432432432432434">
    <source href="assembly.xml#Call_INT5100_Agg_Existing_Inputs"/>
    <target href="assembly.xml#Call_INT5100_Import_Payroll_Req"/>
  </connections>
  <connections type="routesTo" sourceAnchorX="0.759090909090909" sourceAnchorY="1.0" targetAnchorX="0.029850746268656716" targetAnchorY="0.6956521739130435">
    <source href="assembly.xml#INT5100_Import_Payroll_Req"/>
    <target href="assembly.xml#AsyncMediation7"/>
  </connections>
  <connections type="routesTo" sourceAnchorX="1.0" sourceAnchorY="0.26595744680851063" targetAnchorX="0.5238095238095238" targetAnchorY="0.450261780104712">
    <source href="assembly.xml#AsyncMediation7"/>
    <target href="assembly.xml#Process-Success-and-Errors0"/>
  </connections>
  <connections type="routesTo" sourceAnchorX="0.9574468085106383" sourceAnchorY="0.38235294117647056" targetAnchorX="0.44545454545454544" targetAnchorY="0.424">
    <source href="assembly.xml#//@beans/@mixed.1/@splitter.0/@subRoute.0"/>
    <target href="assembly.xml#AsyncMediation60"/>
  </connections>
  <connections type="routesTo" sourceAnchorX="1.0" sourceAnchorY="0.272" targetAnchorX="0.7741935483870968" targetAnchorY="0.06382978723404255">
    <source href="assembly.xml#AsyncMediation60"/>
    <target href="assembly.xml#Validation-ON1"/>
  </connections>
  <connections type="routesTo" sourceAnchorX="1.0" sourceAnchorY="0.3617021276595745" targetAnchorX="0.5060240963855421" targetAnchorY="0.4864864864864865">
    <source href="assembly.xml#Validation-ON1"/>
    <target href="assembly.xml#WorkdayOutSoap01"/>
  </connections>
  <connections type="routesResponseTo" sourceAnchorX="0.963855421686747" sourceAnchorY="1.0" targetAnchorX="0.5116279069767442" targetAnchorY="0.3404255319148936">
    <source href="assembly.xml#WorkdayOutSoap01"/>
    <target href="assembly.xml#Validation-OFF1"/>
  </connections>
  <connections type="routesTo" sourceAnchorX="1.0" sourceAnchorY="0.3191489361702128" targetAnchorX="0.5107913669064749" targetAnchorY="0.14893617021276595">
    <source href="assembly.xml#Validation-OFF1"/>
    <target href="assembly.xml#Store-Resp-WID1"/>
  </connections>
  <connections type="routesTo" sourceAnchorX="0.21511627906976744" sourceAnchorY="1.0" targetAnchorX="0.5549738219895288" targetAnchorY="0.6216216216216216">
    <source href="assembly.xml#//@beans/@mixed.1/@mixed.117/@mixed.3"/>
    <target href="assembly.xml#PutIntegrationMessage7"/>
  </connections>
  <connections type="routesTo" sourceAnchorX="0.8141263940520446" sourceAnchorY="1.0" targetAnchorX="0.3644859813084112" targetAnchorY="0.03664921465968586">
    <source href="assembly.xml#INT5100_GetImpProcessMessagesRequest"/>
    <target href="assembly.xml#Loop"/>
  </connections>
  <connections type="routesTo" sourceAnchorX="0.7872340425531915" sourceAnchorY="1.0" targetAnchorX="0.04142011834319527" targetAnchorY="0.46808510638297873">
    <source href="assembly.xml#//@beans/@mixed.1/@route.6/@subRoute.0"/>
    <target href="assembly.xml#GetImpProRequest"/>
  </connections>
  <connections type="routesTo" sourceAnchorX="1.0" sourceAnchorY="0.3191489361702128" targetAnchorX="0.27044025157232704" targetAnchorY="0.2972972972972973">
    <source href="assembly.xml#GetImpProRequest"/>
    <target href="assembly.xml#GetImportProcessesWS"/>
  </connections>
  <connections type="routesResponseTo" sourceAnchorX="0.8427672955974843" sourceAnchorY="1.0" targetAnchorX="0.4015748031496063" targetAnchorY="0.15217391304347827">
    <source href="assembly.xml#GetImportProcessesWS"/>
    <target href="assembly.xml#StoreProgressOfWS"/>
  </connections>
  <connections type="routesTo" sourceAnchorX="1.0" sourceAnchorY="0.22340425531914893" targetAnchorX="0.21395348837209302" targetAnchorY="0.5135135135135135">
    <source href="assembly.xml#StoreProgressOfWS"/>
    <target href="assembly.xml#Call_INT5100_GetImportProcessMessage"/>
  </connections>
  <connections type="routesTo" sourceAnchorX="1.0" sourceAnchorY="0.48936170212765956" targetAnchorX="0.5694444444444444" targetAnchorY="0.5405405405405406">
    <source href="assembly.xml#Store-Resp-WID1"/>
    <target href="assembly.xml#Call_INT5100_GetImpProcessMessagesRequest"/>
  </connections>
  <connections type="routesTo" sourceAnchorX="0.8076923076923077" sourceAnchorY="1.0" targetAnchorX="0.5571428571428572" targetAnchorY="0.0391566265060241">
    <source href="assembly.xml#INT5100_GetImportProcessMessage"/>
    <target href="assembly.xml#ProcessingStatus"/>
  </connections>
  <connections type="routesTo" sourceAnchorX="0.7795275590551181" sourceAnchorY="1.0" targetAnchorX="0.49504950495049505" targetAnchorY="0.30434782608695654">
    <source href="assembly.xml#//@beans/@mixed.1/@route.7/@subRoute.0"/>
    <target href="assembly.xml#DoNothing"/>
  </connections>
  <connections type="routesTo" sourceAnchorX="0.44881889763779526" sourceAnchorY="1.0" targetAnchorX="0.1989247311827957" targetAnchorY="0.208">
    <source href="assembly.xml#//@beans/@mixed.1/@route.7/@subRoute.1"/>
    <target href="assembly.xml#GetErrorMessageRequest"/>
  </connections>
  <connections type="routesTo" sourceAnchorX="0.6871508379888268" sourceAnchorY="1.0" targetAnchorX="0.7763157894736842" targetAnchorY="0.40540540540540543">
    <source href="assembly.xml#//@beans/@mixed.1/@mixed.147/@mixed.3"/>
    <target href="assembly.xml#GetErrorMessageRequestError"/>
  </connections>
  <connections type="routesTo" sourceAnchorX="1.0" sourceAnchorY="1.0" targetAnchorX="0.043478260869565216" targetAnchorY="0.2755905511811024">
    <source href="assembly.xml#INT5100_RecordResult"/>
    <target href="assembly.xml#logMessagesFound"/>
  </connections>
  <connections type="routesTo" sourceAnchorX="0.5914634146341463" sourceAnchorY="1.0" targetAnchorX="0.5235294117647059" targetAnchorY="0.32432432432432434">
    <source href="assembly.xml#//@beans/@mixed.1/@mixed.157/@mixed.3"/>
    <target href="assembly.xml#ErrorlogMessagesFound"/>
  </connections>
  <connections type="routesTo" sourceAnchorX="1.0" sourceAnchorY="0.216" targetAnchorX="0.43137254901960786" targetAnchorY="0.2169811320754717">
    <source href="assembly.xml#logMessagesFound"/>
    <target href="assembly.xml#Aggregator-Log00"/>
  </connections>
  <connections type="routesTo" sourceAnchorX="1.0" sourceAnchorY="0.1792452830188679" targetAnchorX="0.518796992481203" targetAnchorY="0.19148936170212766">
    <source href="assembly.xml#Aggregator-Log00"/>
    <target href="assembly.xml#Store-Audit-File0"/>
  </connections>
  <connections type="routesTo" sourceAnchorX="0.4344262295081967" sourceAnchorY="1.0" targetAnchorX="0.8431372549019608" targetAnchorY="0.22641509433962265">
    <source href="assembly.xml#INT5100_Close_Import_Agg"/>
    <target href="assembly.xml#Aggregator-Log00"/>
  </connections>
  <connections type="routesTo" sourceAnchorX="1.0" sourceAnchorY="0.256" targetAnchorX="0.4624277456647399" targetAnchorY="0.24324324324324326">
    <source href="assembly.xml#GetErrorMessageRequest"/>
    <target href="assembly.xml#GetImportProcMsgs0"/>
  </connections>
  <connections type="routesResponseTo" sourceAnchorX="0.8092485549132948" sourceAnchorY="1.0" targetAnchorX="0.4583333333333333" targetAnchorY="0.4594594594594595">
    <source href="assembly.xml#GetImportProcMsgs0"/>
    <target href="assembly.xml#Call_INT5100_RecordResult"/>
  </connections>
  <connections type="routesTo" sourceAnchorX="0.40540540540540543" sourceAnchorY="0.9130434782608695" targetAnchorX="0.5769230769230769" targetAnchorY="0.15625">
    <source href="assembly.xml#Get-Errors-Exist0"/>
    <target href="assembly.xml#Log-Error0"/>
  </connections>
  <connections type="routesTo" sourceAnchorX="0.5939086294416244" targetAnchorX="0.5073529411764706" targetAnchorY="0.35106382978723405">
    <source href="assembly.xml#//@beans/@mixed.1/@route.5/@subRoute.1"/>
    <target href="assembly.xml#Get-Errors-Exist0"/>
    <bendpoints sourceX="69" sourceY="267" targetX="-149" targetY="-16"/>
  </connections>
  <connections type="routesTo" sourceAnchorX="0.3391304347826087" sourceAnchorY="1.0" targetAnchorX="0.5445026178010471" targetAnchorY="0.5945945945945946">
    <source href="assembly.xml#//@beans/@mixed.1/@mixed.171/@mixed.3"/>
    <target href="assembly.xml#PutIntegrationMessage8"/>
  </connections>
  <connections type="routesTo" sourceAnchorX="0.9620853080568721" sourceAnchorY="1.0" targetAnchorX="0.40186915887850466" targetAnchorY="0.28662420382165604">
    <source href="assembly.xml#INT5100_Format_Agg_Data"/>
    <target href="assembly.xml#Route0"/>
  </connections>
  <connections type="routesTo" sourceAnchorX="0.9807692307692307" sourceAnchorY="1.0" targetAnchorX="0.3582089552238806" targetAnchorY="0.448">
    <source href="assembly.xml#//@beans/@mixed.1/@route.8/@subRoute.0"/>
    <target href="assembly.xml#AsyncMediation5"/>
  </connections>
  <connections type="routesTo" sourceAnchorX="0.40540540540540543" sourceAnchorY="0.9130434782608695" targetAnchorX="0.5769230769230769" targetAnchorY="0.15625">
    <source href="assembly.xml#Get-Errors-Exist00"/>
    <target href="assembly.xml#Log-Error00"/>
  </connections>
  <connections type="routesTo" sourceAnchorX="0.3391304347826087" sourceAnchorY="1.0" targetAnchorX="0.5445026178010471" targetAnchorY="0.5945945945945946">
    <source href="assembly.xml#//@beans/@mixed.1/@mixed.181/@mixed.3"/>
    <target href="assembly.xml#PutIntegrationMessage80"/>
  </connections>
  <connections type="routesTo" sourceAnchorX="0.5256410256410257" sourceAnchorY="1.0" targetAnchorX="0.25874125874125875" targetAnchorY="0.6063829787234043">
    <source href="assembly.xml#//@beans/@mixed.1/@route.8/@subRoute.1"/>
    <target href="assembly.xml#Get-Errors-Exist00"/>
  </connections>
  <connections type="routesTo" sourceAnchorX="1.0" sourceAnchorY="0.25203252032520324" targetAnchorX="0.25125628140703515" targetAnchorY="0.22641509433962265">
    <source href="assembly.xml#Handle-Logging-Errors"/>
    <target href="assembly.xml#Error-Log-Aggregator"/>
  </connections>
  <connections type="routesTo" sourceAnchorX="0.7421383647798742" sourceAnchorY="1.0" targetAnchorX="0.514018691588785" targetAnchorY="0.3507853403141361">
    <source href="assembly.xml#INT5100_ErrorLog"/>
    <target href="assembly.xml#Route1"/>
  </connections>
  <connections type="routesTo" sourceAnchorX="0.8829787234042553" sourceAnchorY="1.0" targetAnchorX="0.35074626865671643" targetAnchorY="0.1956521739130435">
    <source href="assembly.xml#//@beans/@mixed.1/@route.9/@subRoute.1"/>
    <target href="assembly.xml#AsyncMediation8"/>
  </connections>
  <connections type="routesTo" sourceAnchorX="1.0" sourceAnchorY="0.47058823529411764" targetAnchorX="0.1952662721893491" targetAnchorY="0.2764227642276423">
    <source href="assembly.xml#//@beans/@mixed.1/@route.9/@subRoute.0"/>
    <target href="assembly.xml#Handle-Logging-Errors"/>
  </connections>
  <connections type="routesTo" sourceAnchorX="1.0" sourceAnchorY="0.4148936170212766" targetAnchorX="0.189873417721519" targetAnchorY="0.6886792452830188">
    <source href="assembly.xml#AsyncMediation8"/>
    <target href="assembly.xml#Error-Log-Aggregator"/>
  </connections>
  <connections type="routesTo" sourceAnchorX="1.0" sourceAnchorY="0.25471698113207547" targetAnchorX="0.2785714285714286" targetAnchorY="0.2978723404255319">
    <source href="assembly.xml#Error-Log-Aggregator"/>
    <target href="assembly.xml#Store-Audit-File00"/>
  </connections>
  <connections type="routesTo" sourceAnchorX="0.8092105263157895" sourceAnchorY="1.0" targetAnchorX="0.12582781456953643" targetAnchorY="0.09782608695652174">
    <source href="assembly.xml#INT5100_Audit_Summary"/>
    <target href="assembly.xml#Final_Audit_FIle_Generation0"/>
  </connections>
  <connections type="routesTo" sourceAnchorX="0.3464052287581699" sourceAnchorY="1.0" targetAnchorX="0.589041095890411" targetAnchorY="0.24324324324324326">
    <source href="assembly.xml#//@beans/@mixed.1/@mixed.215/@mixed.3"/>
    <target href="assembly.xml#CallAuditLog00"/>
  </connections>
  <connections type="routesTo" sourceAnchorX="0.8111888111888111" sourceAnchorY="1.0" targetAnchorX="0.13592233009708737" targetAnchorY="0.44502617801047123">
    <source href="assembly.xml#INT5100_Audit_Agg"/>
    <target href="assembly.xml#Route10"/>
  </connections>
  <connections type="routesTo" sourceAnchorX="0.8617021276595744" sourceAnchorY="1.0" targetAnchorX="0.03125" targetAnchorY="0.48">
    <source href="assembly.xml#//@beans/@mixed.1/@route.10/@subRoute.0"/>
    <target href="assembly.xml#RouteErrorHandler00"/>
  </connections>
  <connections type="routesTo" sourceAnchorX="0.8191489361702128" sourceAnchorY="1.0" targetAnchorX="0.05223880597014925" targetAnchorY="0.176">
    <source href="assembly.xml#//@beans/@mixed.1/@route.10/@subRoute.1"/>
    <target href="assembly.xml#AsyncMediation70"/>
  </connections>
  <connections type="routesTo" sourceAnchorX="1.0" sourceAnchorY="0.176" targetAnchorX="0.006535947712418301" targetAnchorY="0.46226415094339623">
    <source href="assembly.xml#RouteErrorHandler00"/>
    <target href="assembly.xml#Aggregator000"/>
  </connections>
  <connections type="routesTo" sourceAnchorX="0.22875816993464052" sourceAnchorY="1.0" targetAnchorX="0.5428571428571428" targetAnchorY="0.1276595744680851">
    <source href="assembly.xml#//@beans/@mixed.1/@mixed.207/@mixed.3"/>
    <target href="assembly.xml#AsyncMediation11"/>
  </connections>
  <connections type="routesTo" sourceAnchorX="1.0" sourceAnchorY="0.224" targetAnchorX="0.013071895424836602" targetAnchorY="0.4716981132075472">
    <source href="assembly.xml#AsyncMediation70"/>
    <target href="assembly.xml#Aggregator000"/>
  </connections>
  <connections type="routesTo" sourceAnchorX="0.3333333333333333" sourceAnchorY="1.0" targetAnchorX="0.5223880597014925" targetAnchorY="0.07608695652173914">
    <source href="assembly.xml#//@beans/@mixed.1/@mixed.203/@mixed.3"/>
    <target href="assembly.xml#AsyncMediation10"/>
  </connections>
  <connections type="routesTo" sourceAnchorX="1.0" sourceAnchorY="0.27358490566037735" targetAnchorX="0.0963855421686747" targetAnchorY="0.6486486486486487">
    <source href="assembly.xml#Aggregator000"/>
    <target href="assembly.xml#Call_INT5100_Audit_Summary"/>
  </connections>
  <connections type="routesResponseTo" sourceAnchorX="0.47692307692307695" sourceAnchorY="1.0" targetAnchorX="0.28205128205128205" targetAnchorY="0.4594594594594595">
    <source href="assembly.xml#Call_INT5100_ErrorLog0"/>
    <target href="assembly.xml#Call_INT5100_Audit_Agg"/>
  </connections>
  <connections type="routesTo" sourceAnchorX="0.9187817258883249" sourceAnchorY="1.0" targetAnchorX="0.24324324324324326" targetAnchorY="0.3933333333333333">
    <source href="assembly.xml#//@beans/@mixed.1/@route.5/@subRoute.0"/>
    <target href="assembly.xml#SyncMediation"/>
  </connections>
  <connections type="routesTo" sourceAnchorX="1.0" sourceAnchorY="0.26" targetAnchorX="0.45794392523364486" targetAnchorY="0.2857142857142857">
    <source href="assembly.xml#SyncMediation"/>
    <target href="assembly.xml#Splitter-PI0"/>
  </connections>
  <connections type="routesTo" sourceAnchorX="0.46808510638297873" sourceAnchorY="0.7" targetAnchorX="0.3717277486910995" targetAnchorY="0.13513513513513514">
    <source href="assembly.xml#//@beans/@mixed.1/@mixed.221/@mixed.5"/>
    <target href="assembly.xml#PutIntegrationMessage4"/>
  </connections>
  <connections type="routesResponseTo" sourceAnchorX="0.8473895582329317" sourceAnchorY="1.0" targetAnchorX="0.3487179487179487" targetAnchorY="0.7297297297297297">
    <source href="assembly.xml#Call_INT5100_Import_Payroll_Req"/>
    <target href="assembly.xml#Call_INT5100_ErrorLog0"/>
  </connections>
  <connections type="routesResponseTo" sourceAnchorX="0.7837837837837838" sourceAnchorY="0.6229508196721312" targetAnchorX="0.20987654320987653" targetAnchorY="0.7567567567567568">
    <source href="assembly.xml#SyncMediation"/>
    <target href="assembly.xml#Call_INT5100_Close_Import_Agg"/>
  </connections>
  <connections type="routesTo" sourceAnchorX="1.0" sourceAnchorY="0.256" targetAnchorX="0.5404040404040404" targetAnchorY="0.5675675675675675">
    <source href="assembly.xml#Final_Audit_FIle_Generation0"/>
    <target href="assembly.xml#PutIntegrationMessage60"/>
  </connections>
  <connections type="routesResponseTo" sourceAnchorX="0.7828282828282829" sourceAnchorY="1.0" targetAnchorX="0.25252525252525254" targetAnchorY="0.35135135135135137">
    <source href="assembly.xml#PutIntegrationMessage60"/>
    <target href="assembly.xml#PutIntegrationMessage31"/>
  </connections>
  <connections type="routesTo" sourceAnchorX="1.0" sourceAnchorY="0.2604166666666667" targetAnchorX="0.509090909090909" targetAnchorY="0.2921686746987952">
    <source href="assembly.xml#GetFileName0"/>
    <target href="assembly.xml#Route0000"/>
  </connections>
  <connections type="routesTo" sourceAnchorX="0.6991150442477876" sourceAnchorY="1.0" targetAnchorX="0.2702702702702703" targetAnchorY="0.4269230769230769">
    <source href="assembly.xml#//@beans/@mixed.1/@route.11/@subRoute.0"/>
    <target href="assembly.xml#FileHasData"/>
  </connections>
  <connections type="routesTo" sourceAnchorX="1.0" sourceAnchorY="1.0" targetAnchorX="0.09689922480620156" targetAnchorY="0.368">
    <source href="assembly.xml#//@beans/@mixed.1/@route.11/@subRoute.1"/>
    <target href="assembly.xml#AsyncMediation0"/>
  </connections>
  <connections type="routesTo" sourceAnchorX="0.6637168141592921" sourceAnchorY="1.0" targetAnchorX="0.0684931506849315" targetAnchorY="0.5945945945945946">
    <source href="assembly.xml#//@beans/@mixed.1/@route.11/@subRoute.2"/>
    <target href="assembly.xml#Terminate_Int10"/>
  </connections>
  <connections type="routesTo" sourceAnchorX="0.9090909090909091" sourceAnchorY="1.0" targetAnchorX="0.48360655737704916" targetAnchorY="0.6276595744680851">
    <source href="assembly.xml#//@beans/@mixed.1/@route.1/@subRoute.0"/>
    <target href="assembly.xml#GetFileName0"/>
  </connections>
  <connections type="routesResponseTo" sourceAnchorX="0.6780487804878049" sourceAnchorY="1.0" targetAnchorX="0.2268041237113402" targetAnchorY="0.7567567567567568">
    <source href="assembly.xml#Call_INT5100_GetWorkers"/>
    <target href="assembly.xml#Call_INT5100_Agg_Data"/>
  </connections>
  <connections type="routesTo" sourceAnchorX="1.0" sourceAnchorY="0.128" targetAnchorX="0.4392523364485981" targetAnchorY="0.16666666666666666">
    <source href="assembly.xml#AsyncMediation1"/>
    <target href="assembly.xml#Splitter"/>
  </connections>
  <connections type="routesTo" sourceAnchorX="0.6702127659574468" sourceAnchorY="1.0" targetAnchorX="0.25" targetAnchorY="0.21621621621621623">
    <source href="assembly.xml#//@beans/@mixed.1/@splitter.1/@subRoute.0"/>
    <target href="assembly.xml#WorkdayOutSoap"/>
  </connections>
  <connections type="routesResponseTo" sourceAnchorX="0.6644736842105263" sourceAnchorY="1.0" targetAnchorX="0.27522935779816515" targetAnchorY="0.2972972972972973">
    <source href="assembly.xml#WorkdayOutSoap"/>
    <target href="assembly.xml#Aggregator0"/>
  </connections>
  <connections type="routesTo" sourceAnchorX="1.0" sourceAnchorY="0.2169811320754717" targetAnchorX="0.12686567164179105" targetAnchorY="0.648936170212766">
    <source href="assembly.xml#Aggregator0"/>
    <target href="assembly.xml#AsyncMediation2"/>
  </connections>
  <connections type="routesTo" sourceAnchorX="0.5284974093264249" sourceAnchorY="1.0" targetAnchorX="0.3563218390804598" targetAnchorY="0.6486486486486487">
    <source href="assembly.xml#//@beans/@mixed.1/@mixed.241/@mixed.3"/>
    <target href="assembly.xml#PIM-GetPayInputError"/>
  </connections>
  <connections type="routesTo" sourceAnchorX="1.0" sourceAnchorY="0.424" targetAnchorX="0.07857142857142857" targetAnchorY="0.6216216216216216">
    <source href="assembly.xml#Prepare.Get.Payroll.Inputs"/>
    <target href="assembly.xml#GetPayrollInput"/>
  </connections>
  <connections type="routesTo" sourceAnchorX="0.5617977528089888" sourceAnchorY="1.0" targetAnchorX="0.4090909090909091" targetAnchorY="0.16216216216216217">
    <source href="assembly.xml#//@beans/@mixed.1/@mixed.249/@mixed.3"/>
    <target href="assembly.xml#PIM-GetPayInputFormatErrors"/>
  </connections>
  <connections type="routesTo" sourceAnchorX="0.5523255813953488" sourceAnchorY="1.0" targetAnchorX="0.38235294117647056" targetAnchorY="0.16216216216216217">
    <source href="assembly.xml#//@beans/@mixed.1/@mixed.247/@mixed.3"/>
    <target href="assembly.xml#PIM-GetPayInputTransformErrors"/>
  </connections>
  <connections type="routesResponseTo" sourceAnchorX="1.0" sourceAnchorY="0.4594594594594595" targetAnchorX="0.31843575418994413" targetAnchorY="0.28">
    <source href="assembly.xml#GetPayrollInput"/>
    <target href="assembly.xml#Process.Input.Response"/>
  </connections>
  <connections type="routesTo" sourceAnchorX="1.0" sourceAnchorY="0.44" targetAnchorX="0.09803921568627451" targetAnchorY="0.5566037735849056">
    <source href="assembly.xml#Process.Input.Response"/>
    <target href="assembly.xml#AggInputs"/>
  </connections>
  <connections type="routesTo" sourceAnchorX="1.0" sourceAnchorY="0.4528301886792453" targetAnchorX="0.24864864864864866" targetAnchorY="0.328">
    <source href="assembly.xml#AggInputs"/>
    <target href="assembly.xml#Format.Input.Response"/>
  </connections>
  <connections type="routesTo" sourceAnchorX="0.5737704918032787" sourceAnchorY="1.0" targetAnchorX="0.43790849673202614" targetAnchorY="0.1509433962264151">
    <source href="assembly.xml#ClosePIAgg"/>
    <target href="assembly.xml#AggInputs"/>
  </connections>
  <connections type="routesResponseTo" sourceAnchorX="1.0" sourceAnchorY="0.5135135135135135" targetAnchorX="0.13095238095238096" targetAnchorY="0.24324324324324326">
    <source href="assembly.xml#Call-ClosePIAgg"/>
    <target href="assembly.xml#Call_INT5100_Agg_Existing_Inputs"/>
  </connections>
  <swimlanes x="58" y="10" bgColor="8454143" name="Main">
    <elements href="assembly.xml#StartHere"/>
    <elements href="#//@swimlanes.1"/>
    <elements href="assembly.xml#Call_INT5100_RetrieveInputFile"/>
    <elements href="assembly.xml#Call_INT5100_GetWorkers"/>
    <elements href="assembly.xml#Call_INT5100_Agg_Data"/>
    <elements href="assembly.xml#Call_INT5100_Format_Agg_Data"/>
    <elements href="assembly.xml#Call_INT5100_GetExistingInputs"/>
    <elements href="assembly.xml#Call-ClosePIAgg"/>
    <elements href="assembly.xml#Call_INT5100_Agg_Existing_Inputs"/>
    <elements href="assembly.xml#Call_INT5100_Import_Payroll_Req"/>
    <elements href="assembly.xml#Call_INT5100_ErrorLog0"/>
    <elements href="assembly.xml#Call_INT5100_Audit_Agg"/>
  </swimlanes>
  <swimlanes x="122" y="156" bgColor="16744448" name="Initz" orientation="VERTICAL">
    <elements href="assembly.xml#Initialization"/>
    <elements href="assembly.xml#PutIntegrationMessage0"/>
  </swimlanes>
  <swimlanes bgColor="16744448" name="Process-or-Terminate" orientation="VERTICAL" alignment="MIDDLE">
    <elements href="assembly.xml#Route"/>
    <elements href="assembly.xml#Terminate_Int"/>
  </swimlanes>
  <swimlanes bgColor="16744448" name="CheckFileHasData" orientation="VERTICAL" alignment="MIDDLE">
    <elements href="assembly.xml#AsyncMediation"/>
    <elements href="assembly.xml#Terminate_Int1"/>
  </swimlanes>
  <swimlanes x="3" y="18" bgColor="16744576" name="Swimlane" orientation="VERTICAL" elements="//@swimlanes.0 //@swimlanes.5 //@swimlanes.12 //@swimlanes.8 //@swimlanes.16 //@swimlanes.14 //@swimlanes.17 //@swimlanes.19 //@swimlanes.22 //@swimlanes.24 //@swimlanes.40 //@swimlanes.47 //@swimlanes.42 //@swimlanes.11"/>
  <swimlanes x="74" y="620" bgColor="8454143" name="Swimlane">
    <elements href="assembly.xml#INT5100_RetrieveInputFile"/>
    <elements href="assembly.xml#CheckFile"/>
    <elements href="#//@swimlanes.2"/>
    <elements href="assembly.xml#GetFileName0"/>
    <elements href="assembly.xml#Route0000"/>
    <elements href="#//@swimlanes.49"/>
  </swimlanes>
  <swimlanes x="-66" y="872" bgColor="16777215" name="GetAttachment">
    <elements href="#//@swimlanes.7"/>
    <elements href="assembly.xml#fetchDeductions"/>
  </swimlanes>
  <swimlanes x="291" y="834" bgColor="16744448" name="Swimlane" orientation="VERTICAL">
    <elements href="assembly.xml#AsyncMediation0"/>
    <elements href="assembly.xml#PutIntegrationMessage1"/>
  </swimlanes>
  <swimlanes x="1312" y="599" bgColor="8454143" name="AggData">
    <elements href="assembly.xml#INT5100_Agg_Data"/>
    <elements href="#//@swimlanes.9"/>
    <elements href="assembly.xml#AggData"/>
    <elements href="#//@swimlanes.10"/>
    <elements href="assembly.xml#Aggregator"/>
    <elements href="assembly.xml#MergedData"/>
  </swimlanes>
  <swimlanes y="548" bgColor="16744448" name="Swimlane" orientation="VERTICAL" alignment="MIDDLE">
    <elements href="assembly.xml#ErrorHandler"/>
    <elements href="assembly.xml#PutIntegrationMessage30"/>
  </swimlanes>
  <swimlanes x="826" y="548" bgColor="16744448" name="Swimlane" orientation="VERTICAL" labelAlignment="LEFT">
    <elements href="assembly.xml#AggFileData"/>
    <elements href="assembly.xml#GetWorkers"/>
    <elements href="assembly.xml#AggEarningMappingData"/>
    <elements href="assembly.xml#AggDedMappingData"/>
  </swimlanes>
  <swimlanes x="1448" y="1521" font="Arial|9|1" bgColor="255" fontColor="1" name="Global Error Handler" labelAlignment="LEFT">
    <elements href="assembly.xml#//@beans/@mixed.1/@mixed.49"/>
    <elements href="assembly.xml#Note-Error"/>
  </swimlanes>
  <swimlanes x="2499" y="1996" bgColor="8454143" name="CallGetWorkers">
    <elements href="assembly.xml#INT5100_GetWorkers"/>
    <elements href="#//@swimlanes.13"/>
    <elements href="assembly.xml#GetWorker0"/>
    <elements href="assembly.xml#ConvertToSimpleXML"/>
  </swimlanes>
  <swimlanes bgColor="16744448" name="" orientation="VERTICAL">
    <elements href="assembly.xml#Create_Get_Worker_Request"/>
    <elements href="assembly.xml#SetAbort"/>
    <elements href="assembly.xml#PutIntegrationMessage000"/>
  </swimlanes>
  <swimlanes x="52" y="1497" bgColor="8454143" name="Get_ExistingPayrollInputs" alignment="MIDDLE" labelAlignment="LEFT">
    <elements href="assembly.xml#INT5100_GetExistingInputs"/>
    <elements href="#//@swimlanes.51"/>
    <elements href="assembly.xml#GetPayrollInput"/>
    <elements href="#//@swimlanes.52"/>
    <elements href="#//@swimlanes.54"/>
    <elements href="#//@swimlanes.53"/>
    <elements href="#//@swimlanes.15"/>
    <elements href="assembly.xml#Splitter"/>
    <elements href="assembly.xml#WorkdayOutSoap"/>
    <elements href="assembly.xml#Aggregator0"/>
    <elements href="assembly.xml#AsyncMediation2"/>
  </swimlanes>
  <swimlanes x="204" y="2262" name="Swimlane" orientation="VERTICAL" alignment="MIDDLE">
    <elements href="assembly.xml#AsyncMediation1"/>
    <elements href="assembly.xml#PutIntegrationMessage"/>
  </swimlanes>
  <swimlanes x="109" y="2144" bgColor="8454143" name="Swimlane">
    <elements href="assembly.xml#INT5100_Format_Agg_Data"/>
    <elements href="assembly.xml#Route0"/>
    <elements href="#//@swimlanes.35"/>
  </swimlanes>
  <swimlanes x="61" y="2649" bgColor="8454143" name="Agg_Existing_Input_Data">
    <elements href="assembly.xml#INT5100_Agg_Existing_Inputs"/>
    <elements href="assembly.xml#AsyncMediation6"/>
    <elements href="assembly.xml#AggData0"/>
    <elements href="#//@swimlanes.18"/>
    <elements href="assembly.xml#Aggregator1"/>
    <elements href="assembly.xml#MergedData0"/>
  </swimlanes>
  <swimlanes x="611" y="2801" bgColor="16744448" name="Swimlane" orientation="VERTICAL" alignment="MIDDLE">
    <elements href="assembly.xml#WorkerData"/>
    <elements href="assembly.xml#ExistingInputs"/>
  </swimlanes>
  <swimlanes x="96" y="3029" bgColor="8454143" name="ImportWWS">
    <elements href="assembly.xml#INT5100_Import_Payroll_Req"/>
    <elements href="assembly.xml#AsyncMediation7"/>
    <elements href="assembly.xml#Process-Success-and-Errors0"/>
    <elements href="#//@swimlanes.31"/>
    <elements href="#//@swimlanes.48"/>
    <elements href="#//@swimlanes.21"/>
    <elements href="assembly.xml#Validation-ON1"/>
    <elements href="assembly.xml#WorkdayOutSoap01"/>
    <elements href="assembly.xml#Validation-OFF1"/>
    <elements href="assembly.xml#Store-Resp-WID1"/>
    <elements href="assembly.xml#Call_INT5100_GetImpProcessMessagesRequest"/>
  </swimlanes>
  <swimlanes x="742" y="3221" name="Swimlane" orientation="VERTICAL" alignment="MIDDLE">
    <elements href="assembly.xml#SyncMediation"/>
    <elements href="assembly.xml#PutIntegrationMessage4"/>
  </swimlanes>
  <swimlanes x="1078" y="3260" name="Swimlane" orientation="VERTICAL">
    <elements href="assembly.xml#AsyncMediation60"/>
    <elements href="assembly.xml#PutIntegrationMessage7"/>
  </swimlanes>
  <swimlanes x="2836" y="3564" bgColor="8454143" name="Swimlane">
    <elements href="assembly.xml#INT5100_GetImpProcessMessagesRequest"/>
    <elements href="assembly.xml#Loop"/>
    <elements href="#//@swimlanes.23"/>
    <elements href="assembly.xml#GetImportProcessesWS"/>
    <elements href="assembly.xml#StoreProgressOfWS"/>
    <elements href="assembly.xml#Call_INT5100_GetImportProcessMessage"/>
  </swimlanes>
  <swimlanes x="504" y="3458" name="Swimlane">
    <elements href="assembly.xml#GetImpProRequest"/>
  </swimlanes>
  <swimlanes x="3068" y="3792" bgColor="8454143" name="Swimlane">
    <elements href="assembly.xml#INT5100_GetImportProcessMessage"/>
    <elements href="assembly.xml#ProcessingStatus"/>
    <elements href="#//@swimlanes.26"/>
    <elements href="#//@swimlanes.28"/>
  </swimlanes>
  <swimlanes name="Get Error Message" topBorderColor="12615680">
    <elements href="assembly.xml#GetErrorMessageRequest"/>
    <elements href="assembly.xml#GetImportProcMsgs0"/>
    <elements href="assembly.xml#Call_INT5100_RecordResult"/>
  </swimlanes>
  <swimlanes x="6016" y="3524" bgColor="16744448" name="ProcessError" orientation="VERTICAL">
    <elements href="assembly.xml#DoNothing"/>
    <elements href="#//@swimlanes.25"/>
    <elements href="assembly.xml#GetErrorMessageRequestError"/>
  </swimlanes>
  <swimlanes name="Retrieve Process Messages" orientation="VERTICAL">
    <elements href="assembly.xml#logMessagesFound"/>
    <elements href="assembly.xml#ErrorlogMessagesFound"/>
  </swimlanes>
  <swimlanes x="2879" y="4298" bgColor="16744448" name="Record Errors">
    <elements href="#//@swimlanes.29"/>
    <elements href="#//@swimlanes.30"/>
    <elements href="assembly.xml#Store-Audit-File0"/>
  </swimlanes>
  <swimlanes y="4148" font="Arial|11|0" bgColor="16777215" fontColor="1" name="4. Retrieve and Record Results">
    <elements href="assembly.xml#INT5100_RecordResult"/>
    <elements href="#//@swimlanes.27"/>
  </swimlanes>
  <swimlanes x="1821" y="3773" name="Swimlane" orientation="VERTICAL">
    <elements href="assembly.xml#INT5100_Close_Import_Agg"/>
    <elements href="assembly.xml#Aggregator-Log00"/>
  </swimlanes>
  <swimlanes x="744" y="3149" bgColor="16744448" name="Swimlane" orientation="VERTICAL" elements="//@swimlanes.20 //@swimlanes.33"/>
  <swimlanes name="Swimlane" orientation="VERTICAL">
    <elements href="assembly.xml#Log-Error0"/>
    <elements href="assembly.xml#PutIntegrationMessage8"/>
  </swimlanes>
  <swimlanes x="3316" y="3824" name="Error Records">
    <elements href="assembly.xml#Get-Errors-Exist0"/>
    <elements href="#//@swimlanes.32"/>
  </swimlanes>
  <swimlanes x="466" y="2318" name="Swimlane" orientation="VERTICAL">
    <elements href="assembly.xml#AsyncMediation5"/>
    <elements href="assembly.xml#PutIntegrationMessage2"/>
  </swimlanes>
  <swimlanes x="474" y="2264" bgColor="16744448" name="Swimlane" orientation="VERTICAL" elements="//@swimlanes.34 //@swimlanes.37"/>
  <swimlanes name="Swimlane" orientation="VERTICAL">
    <elements href="assembly.xml#Log-Error00"/>
    <elements href="assembly.xml#PutIntegrationMessage80"/>
  </swimlanes>
  <swimlanes y="1840" name="Error Records">
    <elements href="assembly.xml#Get-Errors-Exist00"/>
    <elements href="#//@swimlanes.36"/>
  </swimlanes>
  <swimlanes bgColor="16744448" name="Swimlane" orientation="VERTICAL">
    <elements href="assembly.xml#Handle-Logging-Errors"/>
    <elements href="assembly.xml#AsyncMediation8"/>
  </swimlanes>
  <swimlanes name="Swimlane" orientation="VERTICAL">
    <elements href="assembly.xml#Error-Log-Aggregator"/>
  </swimlanes>
  <swimlanes y="4288" font="Arial|11|1" bgColor="8454143" fontColor="1" name="Sub_Assembly_Store_Error_Log" labelAlignment="LEFT">
    <elements href="assembly.xml#INT5100_ErrorLog"/>
    <elements href="assembly.xml#Route1"/>
    <elements href="#//@swimlanes.38"/>
    <elements href="#//@swimlanes.39"/>
    <elements href="assembly.xml#Store-Audit-File00"/>
  </swimlanes>
  <swimlanes bgColor="16744448" name="" orientation="VERTICAL">
    <elements href="assembly.xml#Final_Audit_FIle_Generation0"/>
    <elements href="assembly.xml#CallAuditLog00"/>
  </swimlanes>
  <swimlanes x="3588" y="5100" bgColor="4390911" name="Generate Audit File">
    <elements href="assembly.xml#INT5100_Audit_Summary"/>
    <elements href="#//@swimlanes.41"/>
    <elements href="assembly.xml#PutIntegrationMessage60"/>
    <elements href="assembly.xml#PutIntegrationMessage31"/>
  </swimlanes>
  <swimlanes name="CheckForBatch" orientation="VERTICAL">
    <elements href="assembly.xml#RouteErrorHandler00"/>
    <elements href="assembly.xml#AsyncMediation11"/>
  </swimlanes>
  <swimlanes name="CheckForError" orientation="VERTICAL">
    <elements href="assembly.xml#AsyncMediation70"/>
    <elements href="assembly.xml#AsyncMediation10"/>
  </swimlanes>
  <swimlanes bgColor="16744448" name="Swimlane" orientation="VERTICAL" elements="//@swimlanes.43 //@swimlanes.44"/>
  <swimlanes name="Swimlane" orientation="VERTICAL">
    <elements href="assembly.xml#Aggregator000"/>
  </swimlanes>
  <swimlanes x="3588" y="1988" bgColor="4390911" name="Aggregate Batch Data | Error Data">
    <elements href="assembly.xml#INT5100_Audit_Agg"/>
    <elements href="assembly.xml#Route10"/>
    <elements href="#//@swimlanes.45"/>
    <elements href="#//@swimlanes.46"/>
    <elements href="assembly.xml#Call_INT5100_Audit_Summary"/>
  </swimlanes>
  <swimlanes x="1236" y="3764" bgColor="16744448" name="Swimlane" orientation="VERTICAL" alignment="MIDDLE">
    <elements href="assembly.xml#Splitter-PI0"/>
    <elements href="assembly.xml#Call_INT5100_Close_Import_Agg"/>
  </swimlanes>
  <swimlanes x="1136" y="630" name="Swimlane" orientation="VERTICAL">
    <elements href="#//@swimlanes.50"/>
    <elements href="#//@swimlanes.6"/>
    <elements href="assembly.xml#Terminate_Int10"/>
  </swimlanes>
  <swimlanes x="918" y="521" name="Swimlane">
    <elements href="assembly.xml#FileHasData"/>
    <elements href="#//@swimlanes.3"/>
  </swimlanes>
  <swimlanes x="194" y="3169" name="" orientation="VERTICAL" alignment="MIDDLE" labelAlignment="LEFT">
    <elements href="assembly.xml#Prepare.Get.Payroll.Inputs"/>
    <elements href="assembly.xml#PIM-GetPayInputError"/>
  </swimlanes>
  <swimlanes x="692" y="3225" name="" orientation="VERTICAL" alignment="MIDDLE" labelAlignment="LEFT">
    <elements href="assembly.xml#Process.Input.Response"/>
    <elements href="assembly.xml#PIM-GetPayInputTransformErrors"/>
  </swimlanes>
  <swimlanes x="1237" y="3317" name="" orientation="VERTICAL" alignment="MIDDLE" labelAlignment="LEFT">
    <elements href="assembly.xml#Format.Input.Response"/>
    <elements href="assembly.xml#PIM-GetPayInputFormatErrors"/>
  </swimlanes>
  <swimlanes x="971" y="3189" name="" orientation="VERTICAL" alignment="MIDDLE" labelAlignment="LEFT">
    <elements href="assembly.xml#ClosePIAgg"/>
    <elements href="assembly.xml#AggInputs"/>
  </swimlanes>
</wdnm:Diagram>
