<?xml version="1.0" encoding="UTF-8"?>
<beans
     xmlns="http://www.springframework.org/schema/beans"
     xmlns:beans="http://www.springframework.org/schema/beans"
     xmlns:atom="http://www.w3.org/2005/Atom"
     xmlns:cc="http://www.capeclear.com/assembly/10"
     xmlns:cloud="urn:com.workday/esb/cloud/10.0"
     xmlns:env="http://schemas.xmlsoap.org/soap/envelope/"
     xmlns:pi="urn:com.workday/picof"
     xmlns:wd="urn:com.workday/bsvc"
     xmlns:xsi="http://www.w3.org/2001/XMLSchema-instance">
 
	<cc:assembly id="WorkdayAssembly" version="2018.35">
        <cc:workday-in id="StartHere" routes-to="CallInit">
            <cc:integration-system name="INT0076 - Alight TBA Payroll Contributions Outbound">
        <cloud:param name="Supervisory Organization">
          <cloud:type>
            <cloud:class-report-field description="Supervisory Organization" type="WID" singular="true">792121fdb3d74a7d909e1b36571f863a</cloud:class-report-field>
          </cloud:type>
        </cloud:param>
        <cloud:param name="Payment Start Date">
          <cloud:type>
            <cloud:simple-type>date</cloud:simple-type>
          </cloud:type>
          <cloud:launch-option>required</cloud:launch-option>
        </cloud:param>
        <cloud:param name="Payment End Date">
          <cloud:type>
            <cloud:simple-type>date</cloud:simple-type>
          </cloud:type>
          <cloud:launch-option>required</cloud:launch-option>
        </cloud:param>
        <cloud:report-service name="INT0076_Report_Service">
          <cloud:report-alias description="INT0076 - Alight TBA Payroll Contributions Outbound" name="INT0076_Report">
            <cloud:report-reference description="INT0076 - Alight TBA Payroll Contributions Outbound" type="WID">f29c48b3a3cb01cbad2df97fa70528e8</cloud:report-reference>
          </cloud:report-alias>
        </cloud:report-service>
      </cc:integration-system>
        </cc:workday-in>
        <cc:async-mediation id="InitMediation" handle-downstream-errors="false">
            <cc:steps>
                <cc:eval id="lp">
                    <cc:expression>props['lp.Sup.Org.list'] = lp.getReferenceDataList('Supervisory Organization', 'WID')</cc:expression>
                    <cc:expression>props['lp.Sup.Org'] = props['lp.Sup.Org.list'] != empty ? util.listToCommaDelimString(props['lp.Sup.Org.list']).replace(',','!') : ''</cc:expression>
                    <cc:expression>props['Payment Start Date']= lp.getSimpleData('Payment Start Date');</cc:expression>
                    <cc:expression>props['Payment End Date']= lp.getSimpleData('Payment End Date');</cc:expression>
                </cc:eval>
                <cc:eval id="Init">
                    <cc:expression>props['critical.error.ocurred'] = false</cc:expression>
                    <cc:expression>props['deliver.output.file'] = 'true';</cc:expression>
                    <cc:expression>props['current.date'] = parts[0].xpath(&quot;format-dateTime(current-dateTime(),'[Y0001][M01][D01]')&quot;)</cc:expression>
                </cc:eval>
            </cc:steps>
            <cc:send-error id="SendError" routes-to="CallCriticalInitMediationError"/>
        </cc:async-mediation>
        <cc:local-out id="CallMainFile" store-message="none" execute-when="!props['critical.error.ocurred']" routes-response-to="CallSubProcess" endpoint="vm://INT0076_Alight_TBA_Payroll_Contributions_Outbound/MainFile"/>
        <cc:async-mediation id="CopyReportOutputXML" routes-to="StoreSubProcessOutput" handle-downstream-errors="false">
            <cc:steps>
                <cc:copy id="Copy" output-mimetype="text/xml" input="variable" input-variable="MainFileOutput"/>
                <cc:eval id="Eval">
                    <cc:expression>props['file.name']= 'hpyx060_cntrl_'#props['current.date']#'.dat'</cc:expression>
                </cc:eval>
            </cc:steps>
            <cc:send-error id="SendError" routes-to="CallCopyReportOutputXMLError"/>
        </cc:async-mediation>
        <cc:local-out id="CallSubProcess" store-message="none" execute-when="!props['critical.error.ocurred']" routes-response-to="CallSubRoutine" endpoint="vm://INT0076_Alight_TBA_Payroll_Contributions_Outbound/SubProcess"/>
        <cc:local-in id="SubProcess" routes-to="CopyReportOutputXML"/>
        <cc:async-mediation id="StoreSubProcessOutput" handle-downstream-errors="false">
            <cc:steps>
                <cc:xslt id="Xslt" url="File2.xsl"/>
                <cc:store id="Store" createDocumentReference="true" expiresIn="P180D" title="@{props['file.name']}"/>
            </cc:steps>
            <cc:send-error id="SendError" routes-to="StoreSubProcessOutputError"/>
        </cc:async-mediation>
        <cc:local-out id="CallInit" store-message="none" routes-response-to="CallMainFile" endpoint="vm://INT0076_Alight_TBA_Payroll_Contributions_Outbound/Init"/>
        <cc:local-in id="Init" routes-to="InitMediation"/>
        <cc:async-mediation id="StoreMainFileOutput" routes-to="SendFile" handle-downstream-errors="false">
            <cc:steps>
                <cc:copy id="Copy" output="variable" output-variable="MainFileOutput" input="message"/>
                <cc:xslt id="Xslt" url="MainFile.xsl"/>
                <cc:store id="Store" output="variable" output-variable="Output.file" createDocumentReference="true" expiresIn="P180D" title="@{props['file.name']}"/>
            </cc:steps>
            <cc:send-error id="SendError" routes-to="StoreMainFileOutputError"/>
        </cc:async-mediation>
        <cc:workday-out-rest id="Call-WorkerReport" routes-response-to="StoreMainFileOutput" extra-path="@{intsys.reportService.getExtrapath('INT0076_Report')}@{props['report.url']}"/>
        <cc:async-mediation id="Call-WorkerReportError" routes-to="Call-WorkerReport" handle-downstream-errors="true">
            <cc:steps>
                <cc:eval id="Eval">
                    <cc:expression>props['report.url']=''</cc:expression>
                    <cc:expression>props['report.url.with.Sup.org'] = '?Supervisory_Organization!WID='#props['lp.Sup.Org']#'&amp;Payment_Start_Date='#props['Payment Start Date']#'&amp;Payment_End_Date='#props['Payment End Date']</cc:expression>
                    <cc:expression>props['report.url.without.Sup.org'] = '?Payment_Start_Date='#props['Payment Start Date']#'&amp;Payment_End_Date='#props['Payment End Date']</cc:expression>
                    <cc:expression>if(props['lp.Sup.Org.list'] != empty){&#xD;
props['report.url']=props['report.url.with.Sup.org'];}&#xD;
else&#xD;
{&#xD;
props['report.url']=props['report.url.without.Sup.org'];&#xD;
}&#xD;
</cc:expression>
                    <cc:expression>props['file.name']= 'bmtbapay_out1.dat'</cc:expression>
                </cc:eval>
            </cc:steps>
            <cc:send-error id="SendError" routes-to="CallCriticalCall-WorkerReportError"/>
        </cc:async-mediation>
        <cc:local-in id="MainFile" routes-to="Call-WorkerReportError"/>
        <cc:local-out id="CallCriticalInitMediationError" store-message="none" endpoint="vm://INT0076_Alight_TBA_Payroll_Contributions_Outbound/CriticalError"><cc:set name="step.id" value="'InitMediation'"/></cc:local-out>
        <cc:send-error id="GlobalErrorHandler" routes-to="GlobalErrorHandler"/>
        <cc:async-mediation id="GlobalErrorHandler" routes-to="SendCriticalErrorMessage">
            <cc:steps>
                <cc:eval id="setFlag"><cc:expression>props['critical.error.ocurred'] = true</cc:expression></cc:eval>
            </cc:steps>
        </cc:async-mediation>
        <cc:local-out id="SendCriticalErrorMessage" routes-response-to="AbortProcess" endpoint="vm://wcc/PutIntegrationMessage">
            <cc:set name="is.message.severity" value="'CRITICAL'"/>
            <cc:set name="is.message.summary" value="'An unexpected error has occurred. Please see details.'"/>
            <cc:set name="is.message.detail" value="context.getErrorMessage()"/>
        </cc:local-out>
        <cc:local-out id="AbortProcess" endpoint="vm://wcc/PutIntegrationEvent">
            <cc:set name="is.event.completed" value="&quot;current&quot;"/>
        </cc:local-out>
        <cc:local-in id="CriticalError" routes-to="SetCriticalErrorFlag"/>
        <cc:local-out id="SendCriticalError" routes-response-to="AbortProcess" endpoint="vm://wcc/PutIntegrationMessage">
            <cc:set name="is.message.severity" value="'CRITICAL'"/>
            <cc:set name="is.message.summary" value="&quot;An unexpected error occurred at step &quot; # props['step.id'] # &quot;. Please see details:&quot;"/>
            <cc:set name="is.message.detail" value="context.errorMessage"/>
        </cc:local-out>
        <cc:async-mediation id="SetCriticalErrorFlag" routes-to="SendCriticalError">
            <cc:steps>
                <cc:eval id="setFlag"><cc:expression>props['critical.error.ocurred'] = true</cc:expression></cc:eval>
            </cc:steps>
        </cc:async-mediation>
        <cc:local-out id="CallCriticalCall-WorkerReportError" store-message="none" endpoint="vm://INT0076_Alight_TBA_Payroll_Contributions_Outbound/CriticalError">
            <cc:set name="step.id" value="'Call-WorkerReportError'"/>
        </cc:local-out>
        <cc:local-out id="StoreMainFileOutputError" endpoint="vm://INT0076_Alight_TBA_Payroll_Contributions_Outbound/SubProcess0">
            <cc:set name="is.message.severity" value="'CRITICAL'"/>
            <cc:set name="is.message.summary" value="'Error occurred at StoreMainFileOutput step. Please see details:'"/>
            <cc:set name="is.message.detail" value="context.getErrorMessage()"/>
        </cc:local-out>
        <cc:local-out id="CallCopyReportOutputXMLError" store-message="none" endpoint="WriteErrorLog">
            <cc:set name="step.id" value="'CopyReportOutputXML'"/>
            
        </cc:local-out>
        <cc:local-out id="StoreSubProcessOutputError" endpoint="vm://wcc/PutIntegrationMessage">
            <cc:set name="is.message.severity" value="'CRITICAL'"/>
            <cc:set name="is.message.summary" value="'Error occurred at StoreSubProcessOutput step. Please see details:'"/>
            <cc:set name="is.message.detail" value="context.getErrorMessage()"/>
        <cc:set name="is.document.deliverable" value="'false'"/></cc:local-out>
        <cc:local-out id="SendFile" endpoint="vm://wcc/PutIntegrationMessage">
            <cc:set name="is.message.severity" value="'INFO'"/>
            <cc:set name="is.message.summary" value="'Output File attached'"/>
            <cc:set name="is.document.variable.name" value="'Output.file'"/>
            <cc:set name="is.message.storage.enabled" value="false"/>
            <cc:set name="is.document.deliverable" value="props['deliver.output.file']"/>
        </cc:local-out>
        <cc:local-out id="StoreSubProcessOutputError0" endpoint="vm://wcc/PutIntegrationMessage">
            <cc:set name="is.message.severity" value="'CRITICAL'"/>
            <cc:set name="is.message.summary" value="'Error occurred at StoreSubProcessOutput step. Please see details:'"/>
            <cc:set name="is.message.detail" value="context.getErrorMessage()"/>
            <cc:set name="is.document.deliverable" value="'false'"/>
        </cc:local-out>
        <cc:async-mediation id="StoreSubProcessOutput0" routes-to="CallSubRoutine0" handle-downstream-errors="false">
            <cc:steps>
                <cc:xslt id="Xslt" url="File3.xsl"/>
                <cc:store id="Store" createDocumentReference="true" expiresIn="P180D" title="@{props['file.name']}"/>
            </cc:steps>
            <cc:send-error id="SendError" routes-to="StoreSubProcessOutputError0"/>
        </cc:async-mediation>
        <cc:async-mediation id="CopyReportOutputXML0" routes-to="StoreSubProcessOutput0" handle-downstream-errors="false">
            <cc:steps>
                <cc:copy id="Copy" output-mimetype="text/xml" input="variable" input-variable="MainFileOutput"/>
                <cc:eval id="Eval">
                    <cc:expression>props['Error.Message'] = context.getErrorMessage()</cc:expression>
                    <cc:expression>if(props['Error.Message']==''){&#xD;
props['Error.Message']='No Errors ! All records processed regularly';&#xD;
props['critical.error.ocurred'] = false;&#xD;
}else{&#xD;
props['critical.error.ocurred'] = true;&#xD;
}</cc:expression>
                    <cc:expression>props['file.name']= 'hpyx060_err_'#props['current.date']#'.dat'</cc:expression>
                </cc:eval>
            </cc:steps>
            <cc:send-error id="SendError" routes-to="StoreSubProcessOutputError00"/>
        </cc:async-mediation>
        <cc:local-in id="SubProcess0" routes-to="CopyReportOutputXML0"/>
        <cc:local-out id="CallSubRoutine" store-message="none" endpoint="vm://INT0076_Alight_TBA_Payroll_Contributions_Outbound/SubProcess0"/>
        <cc:local-out id="CallSubRoutine0" store-message="none" execute-when="props['critical.error.ocurred']" endpoint="vm://INT0076_Alight_TBA_Payroll_Contributions_Outbound/CriticalError"/>
        <cc:local-out id="StoreSubProcessOutputError00" endpoint="vm://wcc/PutIntegrationMessage">
            <cc:set name="is.message.severity" value="'CRITICAL'"/>
            <cc:set name="is.message.summary" value="'Error occurred at StoreSubProcessOutput step. Please see details:'"/>
            <cc:set name="is.message.detail" value="context.getErrorMessage()"/>
            <cc:set name="is.document.deliverable" value="'false'"/>
        </cc:local-out>
	</cc:assembly>

</beans>