<?xml version="1.0" encoding="UTF-8"?>
<wdnm:Diagram xmlns:wdnm="http://workday.com/studio/editors/notation">
  <element href="assembly.xml#WorkdayAssembly"/>
  <visualProperties x="55" y="57">
    <element href="assembly.xml#StartHere"/>
  </visualProperties>
  <visualProperties x="456" y="22">
    <element href="assembly.xml#InitMediation"/>
  </visualProperties>
  <visualProperties x="55" y="154">
    <element href="assembly.xml#CallMainFile"/>
  </visualProperties>
  <visualProperties x="517" y="543">
    <element href="assembly.xml#CopyReportOutputXML"/>
  </visualProperties>
  <visualProperties x="612" y="38">
    <element href="assembly.xml#CallSubProcess"/>
  </visualProperties>
  <visualProperties x="333" y="562">
    <element href="assembly.xml#SubProcess"/>
  </visualProperties>
  <visualProperties x="744" y="476">
    <element href="assembly.xml#StoreSubProcessOutput"/>
  </visualProperties>
  <visualProperties x="141" y="112">
    <element href="assembly.xml#CallInit"/>
  </visualProperties>
  <visualProperties x="277" y="49">
    <element href="assembly.xml#Init"/>
  </visualProperties>
  <visualProperties x="286" y="218">
    <element href="assembly.xml#MainFile"/>
  </visualProperties>
  <visualProperties x="437" y="211">
    <element href="assembly.xml#Call-WorkerReportError"/>
  </visualProperties>
  <visualProperties x="879" y="217">
    <element href="assembly.xml#Call-WorkerReport"/>
  </visualProperties>
  <visualProperties x="1027" y="385">
    <element href="assembly.xml#StoreMainFileOutput"/>
  </visualProperties>
  <visualProperties x="824" y="62">
    <element href="assembly.xml#CallCriticalInitMediationError"/>
  </visualProperties>
  <visualProperties x="482" y="1333">
    <element href="assembly.xml#SetCriticalErrorFlag"/>
  </visualProperties>
  <visualProperties x="683" y="1371">
    <element href="assembly.xml#SendCriticalError"/>
  </visualProperties>
  <visualProperties x="325" y="1371">
    <element href="assembly.xml#CriticalError"/>
  </visualProperties>
  <visualProperties x="783" y="1460">
    <element href="assembly.xml#AbortProcess"/>
  </visualProperties>
  <visualProperties x="701" y="1551">
    <element href="assembly.xml#SendCriticalErrorMessage"/>
  </visualProperties>
  <visualProperties x="512" y="1515">
    <element href="assembly.xml#GlobalErrorHandler"/>
  </visualProperties>
  <visualProperties x="318" y="1551">
    <element href="assembly.xml#//@beans/@mixed.1/@mixed.29"/>
  </visualProperties>
  <visualProperties x="627" y="435">
    <element href="assembly.xml#CallCriticalCall-WorkerReportError"/>
  </visualProperties>
  <visualProperties x="1055" y="314">
    <element href="assembly.xml#StoreMainFileOutputError"/>
  </visualProperties>
  <visualProperties x="447" y="897">
    <element href="assembly.xml#CallCopyReportOutputXMLError"/>
  </visualProperties>
  <visualProperties x="801" y="830">
    <element href="assembly.xml#StoreSubProcessOutputError"/>
  </visualProperties>
  <visualProperties x="302" y="341">
    <element href="assembly.xml#SendFile"/>
  </visualProperties>
  <visualProperties>
    <element href="assembly.xml#SubProcess0"/>
  </visualProperties>
  <visualProperties>
    <element href="assembly.xml#CopyReportOutputXML0"/>
  </visualProperties>
  <visualProperties>
    <element href="assembly.xml#StoreSubProcessOutput0"/>
  </visualProperties>
  <visualProperties>
    <element href="assembly.xml#StoreSubProcessOutputError0"/>
  </visualProperties>
  <visualProperties x="223" y="252">
    <element href="assembly.xml#CallSubRoutine"/>
  </visualProperties>
  <visualProperties x="1014" y="1158">
    <element href="assembly.xml#CallSubRoutine0"/>
  </visualProperties>
  <visualProperties x="254" y="1040">
    <element href="assembly.xml#StoreSubProcessOutputError00"/>
  </visualProperties>
  <connections type="routesTo" sourceAnchorX="1.0" sourceAnchorY="0.7027027027027027" targetAnchorX="0.2835820895522388" targetAnchorY="0.391304347826087">
    <source href="assembly.xml#SubProcess"/>
    <target href="assembly.xml#CopyReportOutputXML"/>
  </connections>
  <connections type="routesResponseTo" sourceAnchorX="0.552" sourceAnchorY="1.0" targetAnchorX="0.564625850340136" targetAnchorY="0.40540540540540543">
    <source href="assembly.xml#CallMainFile"/>
    <target href="assembly.xml#CallSubProcess"/>
  </connections>
  <connections type="routesTo" sourceAnchorX="0.6422018348623854" sourceAnchorY="1.0" targetAnchorX="0.6210526315789474" targetAnchorY="0.35135135135135137">
    <source href="assembly.xml#StartHere"/>
    <target href="assembly.xml#CallInit"/>
  </connections>
  <connections type="routesResponseTo" sourceAnchorX="0.6842105263157895" sourceAnchorY="1.0" targetAnchorX="0.656" targetAnchorY="0.43243243243243246">
    <source href="assembly.xml#CallInit"/>
    <target href="assembly.xml#CallMainFile"/>
  </connections>
  <connections type="routesTo" sourceAnchorX="1.0" sourceAnchorY="0.7297297297297297" targetAnchorX="0.08661417322834646" targetAnchorY="0.5108695652173914">
    <source href="assembly.xml#Init"/>
    <target href="assembly.xml#InitMediation"/>
  </connections>
  <connections type="routesTo" sourceAnchorX="1.0" sourceAnchorY="0.9459459459459459" targetAnchorX="0.5671641791044776" targetAnchorY="0.25">
    <source href="assembly.xml#MainFile"/>
    <target href="assembly.xml#Call-WorkerReportError"/>
  </connections>
  <connections type="routesTo" sourceAnchorX="1.0" sourceAnchorY="0.32978723404255317" targetAnchorX="0.23880597014925373" targetAnchorY="0.32978723404255317">
    <source href="assembly.xml#CopyReportOutputXML"/>
    <target href="assembly.xml#StoreSubProcessOutput"/>
  </connections>
  <connections type="routesResponseTo" sourceAnchorX="0.9328859060402684" sourceAnchorY="1.0" targetAnchorX="0.1286549707602339" targetAnchorY="0.5531914893617021">
    <source href="assembly.xml#Call-WorkerReport"/>
    <target href="assembly.xml#StoreMainFileOutput"/>
  </connections>
  <connections type="routesTo" sourceAnchorX="0.7470588235294118" sourceAnchorY="0.5729166666666666" targetAnchorX="0.40310077519379844" targetAnchorY="0.5135135135135135">
    <source href="assembly.xml#SetCriticalErrorFlag"/>
    <target href="assembly.xml#SendCriticalError"/>
  </connections>
  <connections type="routesTo" sourceAnchorX="0.6518518518518519" sourceAnchorY="0.4594594594594595" targetAnchorX="0.1" targetAnchorY="0.5729166666666666">
    <source href="assembly.xml#CriticalError"/>
    <target href="assembly.xml#SetCriticalErrorFlag"/>
  </connections>
  <connections type="routesResponseTo" sourceAnchorX="0.8106508875739645" sourceAnchorY="0.7297297297297297" targetAnchorX="0.2534246575342466" targetAnchorY="0.6486486486486487">
    <source href="assembly.xml#SendCriticalError"/>
    <target href="assembly.xml#AbortProcess"/>
  </connections>
  <connections type="routesResponseTo" sourceAnchorX="0.5087719298245614" sourceAnchorY="0.5675675675675675" targetAnchorX="0.2328767123287671" targetAnchorY="0.8108108108108109">
    <source href="assembly.xml#SendCriticalErrorMessage"/>
    <target href="assembly.xml#AbortProcess"/>
  </connections>
  <connections type="routesTo" sourceAnchorX="0.6927710843373494" sourceAnchorY="0.5520833333333334" targetAnchorX="0.06930693069306931" targetAnchorY="0.4594594594594595">
    <source href="assembly.xml#GlobalErrorHandler"/>
    <target href="assembly.xml#SendCriticalErrorMessage"/>
  </connections>
  <connections type="routesTo" sourceAnchorX="0.8389261744966443" sourceAnchorY="0.5405405405405406" targetAnchorX="0.13855421686746988" targetAnchorY="0.5833333333333334">
    <source href="assembly.xml#//@beans/@mixed.1/@mixed.29"/>
    <target href="assembly.xml#GlobalErrorHandler"/>
  </connections>
  <connections type="routesTo" sourceAnchorX="0.5853658536585366" sourceAnchorY="1.0" targetAnchorX="0.17613636363636365" targetAnchorY="0.6756756756756757">
    <source href="assembly.xml#//@beans/@mixed.1/@mixed.19/@mixed.3"/>
    <target href="assembly.xml#StoreMainFileOutputError"/>
  </connections>
  <connections type="routesTo" sourceAnchorX="1.0" sourceAnchorY="0.6" targetAnchorX="0.2079207920792079" targetAnchorY="0.1891891891891892">
    <source href="assembly.xml#//@beans/@mixed.1/@mixed.7/@mixed.3"/>
    <target href="assembly.xml#CallCopyReportOutputXMLError"/>
  </connections>
  <connections type="routesTo" sourceAnchorX="1.0" sourceAnchorY="0.26666666666666666" targetAnchorX="0.26229508196721313" targetAnchorY="0.4594594594594595">
    <source href="assembly.xml#//@beans/@mixed.1/@mixed.13/@mixed.3"/>
    <target href="assembly.xml#StoreSubProcessOutputError"/>
  </connections>
  <connections type="routesTo" sourceAnchorX="0.5304347826086957" sourceAnchorY="1.0" targetAnchorX="0.5727699530516432" targetAnchorY="0.32432432432432434">
    <source href="assembly.xml#//@beans/@mixed.1/@mixed.3/@mixed.3"/>
    <target href="assembly.xml#CallCriticalInitMediationError"/>
  </connections>
  <connections type="routesTo" sourceAnchorX="0.6646341463414634" sourceAnchorY="1.0" targetAnchorX="0.4634146341463415" targetAnchorY="0.13513513513513514">
    <source href="assembly.xml#//@beans/@mixed.1/@mixed.23/@mixed.3"/>
    <target href="assembly.xml#CallCriticalCall-WorkerReportError"/>
  </connections>
  <connections type="routesTo" sourceAnchorX="1.0" sourceAnchorY="0.176" targetAnchorX="0.20125786163522014" targetAnchorY="0.16216216216216217">
    <source href="assembly.xml#Call-WorkerReportError"/>
    <target href="assembly.xml#Call-WorkerReport"/>
  </connections>
  <connections type="routesTo" sourceAnchorX="1.0" sourceAnchorY="0.1968503937007874" targetAnchorX="0.24561403508771928" targetAnchorY="0.35135135135135137">
    <source href="assembly.xml#StoreMainFileOutput"/>
    <target href="assembly.xml#SendFile"/>
  </connections>
  <connections type="routesTo" sourceAnchorX="1.0" sourceAnchorY="0.7027027027027027" targetAnchorX="0.2835820895522388" targetAnchorY="0.391304347826087">
    <source href="assembly.xml#SubProcess0"/>
    <target href="assembly.xml#CopyReportOutputXML0"/>
  </connections>
  <connections type="routesTo" sourceAnchorX="1.0" sourceAnchorY="0.32978723404255317" targetAnchorX="0.23880597014925373" targetAnchorY="0.32978723404255317">
    <source href="assembly.xml#CopyReportOutputXML0"/>
    <target href="assembly.xml#StoreSubProcessOutput0"/>
  </connections>
  <connections type="routesTo" sourceAnchorX="1.0" sourceAnchorY="0.26666666666666666" targetAnchorX="0.26229508196721313" targetAnchorY="0.4594594594594595">
    <source href="assembly.xml#//@beans/@mixed.1/@mixed.55/@mixed.3"/>
    <target href="assembly.xml#StoreSubProcessOutputError0"/>
  </connections>
  <connections type="routesResponseTo" sourceAnchorX="0.5918367346938775" sourceAnchorY="1.0" targetAnchorX="0.5972222222222222" targetAnchorY="0.16216216216216217">
    <source href="assembly.xml#CallSubProcess"/>
    <target href="assembly.xml#CallSubRoutine"/>
  </connections>
  <connections type="routesTo" sourceAnchorX="1.0" sourceAnchorY="0.168" targetAnchorX="0.12582781456953643" targetAnchorY="0.6486486486486487">
    <source href="assembly.xml#StoreSubProcessOutput0"/>
    <target href="assembly.xml#CallSubRoutine0"/>
  </connections>
  <connections type="routesTo" sourceAnchorX="0.608433734939759" sourceAnchorY="1.0" targetAnchorX="0.4588744588744589" targetAnchorY="0.32432432432432434">
    <source href="assembly.xml#//@beans/@mixed.1/@mixed.57/@mixed.3"/>
    <target href="assembly.xml#StoreSubProcessOutputError00"/>
  </connections>
  <swimlanes x="57" y="22" bgColor="8453888" name="Swimlane" orientation="VERTICAL" alignment="MIDDLE">
    <elements href="assembly.xml#StartHere"/>
    <elements href="assembly.xml#CallInit"/>
    <elements href="assembly.xml#CallMainFile"/>
    <elements href="assembly.xml#CallSubProcess"/>
    <elements href="assembly.xml#CallSubRoutine"/>
  </swimlanes>
  <swimlanes x="308" y="19" bgColor="12632256" name="Initialization" alignment="MIDDLE">
    <elements href="assembly.xml#Init"/>
    <elements href="#//@swimlanes.4"/>
  </swimlanes>
  <swimlanes x="308" y="348" bgColor="12632256" name="Creating Main File" alignment="MIDDLE">
    <elements href="assembly.xml#MainFile"/>
    <elements href="#//@swimlanes.5"/>
    <elements href="assembly.xml#Call-WorkerReport"/>
    <elements href="#//@swimlanes.6"/>
    <elements href="assembly.xml#SendFile"/>
  </swimlanes>
  <swimlanes x="308" y="670" bgColor="12632256" name="Creating Sub Process Output File">
    <elements href="assembly.xml#SubProcess"/>
    <elements href="#//@swimlanes.7"/>
    <elements href="#//@swimlanes.8"/>
  </swimlanes>
  <swimlanes x="422" y="101" name="Swimlane" orientation="VERTICAL">
    <elements href="assembly.xml#InitMediation"/>
    <elements href="assembly.xml#CallCriticalInitMediationError"/>
  </swimlanes>
  <swimlanes x="412" y="398" name="Swimlane" orientation="VERTICAL">
    <elements href="assembly.xml#Call-WorkerReportError"/>
    <elements href="assembly.xml#CallCriticalCall-WorkerReportError"/>
  </swimlanes>
  <swimlanes x="908" y="466" name="Swimlane" orientation="VERTICAL">
    <elements href="assembly.xml#StoreMainFileOutput"/>
    <elements href="assembly.xml#StoreMainFileOutputError"/>
  </swimlanes>
  <swimlanes x="430" y="756" name="Swimlane" orientation="VERTICAL">
    <elements href="assembly.xml#CopyReportOutputXML"/>
    <elements href="assembly.xml#CallCopyReportOutputXMLError"/>
  </swimlanes>
  <swimlanes x="724" y="744" name="Swimlane" orientation="VERTICAL">
    <elements href="assembly.xml#StoreSubProcessOutput"/>
    <elements href="assembly.xml#StoreSubProcessOutputError"/>
  </swimlanes>
  <swimlanes name="Swimlane" orientation="VERTICAL">
    <elements href="assembly.xml#CopyReportOutputXML0"/>
    <elements href="assembly.xml#StoreSubProcessOutputError00"/>
  </swimlanes>
  <swimlanes name="Swimlane" orientation="VERTICAL">
    <elements href="assembly.xml#StoreSubProcessOutput0"/>
    <elements href="assembly.xml#StoreSubProcessOutputError0"/>
  </swimlanes>
  <swimlanes x="308" y="1018" bgColor="12632256" name="Creating Sub Process Output File">
    <elements href="assembly.xml#SubProcess0"/>
    <elements href="#//@swimlanes.9"/>
    <elements href="#//@swimlanes.10"/>
    <elements href="assembly.xml#CallSubRoutine0"/>
  </swimlanes>
</wdnm:Diagram>
