<?xml version="1.0" encoding="UTF-8"?>
<beans
     xmlns="http://www.springframework.org/schema/beans"
     xmlns:beans="http://www.springframework.org/schema/beans"
     xmlns:atom="http://www.w3.org/2005/Atom"
     xmlns:cc="http://www.capeclear.com/assembly/10"
     xmlns:cloud="urn:com.workday/esb/cloud/10.0"
     xmlns:env="http://schemas.xmlsoap.org/soap/envelope/"
     xmlns:pi="urn:com.workday/picof"
     xmlns:wd="urn:com.workday/bsvc"
     xmlns:xsi="http://www.w3.org/2001/XMLSchema-instance">
 
	<cc:assembly id="WorkdayAssembly" version="2019.35">
        <cc:workday-in id="StartHere" routes-to="AsyncMediation">
            <cc:integration-system name="INT01234"/>
        </cc:workday-in>
        <cc:async-mediation id="AsyncMediation" routes-to="HttpOut">
            <cc:steps>
                <cc:eval id="Eval">
                    <cc:expression>props['file'] = util.readFileToVar('Attach', 'sample-pdf-file.pdf', 'aaplication/pdf');</cc:expression>
                </cc:eval>
                <cc:copy id="Copy" output="attachment" output-attachment-index="0" output-mimetype="application/pdf" input="variable" input-variable="Attach"/>
                <cc:eval id="Eval0">
                    <cc:expression>parts[1].setHeader('Content-Disposition','form-data; name=&quot;file&quot;; filename=&quot;sample-pdf-file.pdf&quot;')</cc:expression>
                </cc:eval>
                <cc:set-headers id="SetHeaders" output="message" clear-all="false"><cc:remove-headers/><cc:add-headers>
    <cc:add-header name="Content-Type" value="multipart/form-data"/>
</cc:add-headers></cc:set-headers>
            </cc:steps>
        </cc:async-mediation>
        <cc:http-out id="HttpOut" routes-response-to="AsyncMediation0" endpoint="https://api.sandbox.echecks.com/v1/checking_accounts/1697/checks/302554/attachments.json?session_token=8xvMcS623fB0o5C2b7m2">
            <cc:rest-binding/>
        </cc:http-out>
        <cc:async-mediation id="AsyncMediation0">
            <cc:steps>
                <cc:log id="Log">
                    <cc:log-message>
                        <cc:message-content/>
                    </cc:log-message>
                </cc:log>
            </cc:steps>
        </cc:async-mediation>
	</cc:assembly>

</beans>