<?xml version="1.0" encoding="UTF-8"?>
<wdnm:Diagram xmlns:wdnm="http://workday.com/studio/editors/notation">
  <element href="assembly.xml#WorkdayAssembly"/>
  <visualProperties x="98" y="138">
    <element href="assembly.xml#StartHere"/>
  </visualProperties>
  <visualProperties x="259" y="111">
    <element href="assembly.xml#AsyncMediation"/>
  </visualProperties>
  <visualProperties x="562" y="85">
    <element href="assembly.xml#HttpOut"/>
  </visualProperties>
  <visualProperties x="689" y="137">
    <element href="assembly.xml#AsyncMediation0"/>
  </visualProperties>
  <connections type="routesTo" sourceAnchorX="0.5963302752293578" sourceAnchorY="1.0" targetAnchorX="0.33557046979865773" targetAnchorY="0.5638297872340425">
    <source href="assembly.xml#StartHere"/>
    <target href="assembly.xml#AsyncMediation"/>
  </connections>
  <connections type="routesTo" sourceAnchorX="1.0" sourceAnchorY="0.3617021276595745" targetAnchorX="0.22448979591836735" targetAnchorY="0.6216216216216216">
    <source href="assembly.xml#AsyncMediation"/>
    <target href="assembly.xml#HttpOut"/>
  </connections>
  <connections type="routesResponseTo" sourceAnchorX="0.5408163265306123" sourceAnchorY="1.0" targetAnchorX="0.20149253731343283" targetAnchorY="0.5978260869565217">
    <source href="assembly.xml#HttpOut"/>
    <target href="assembly.xml#AsyncMediation0"/>
  </connections>
</wdnm:Diagram>
