<?xml version="1.0" encoding="UTF-8"?>
<beans
     xmlns="http://www.springframework.org/schema/beans"
     xmlns:beans="http://www.springframework.org/schema/beans"
     xmlns:atom="http://www.w3.org/2005/Atom"
     xmlns:cc="http://www.capeclear.com/assembly/10"
     xmlns:cloud="urn:com.workday/esb/cloud/10.0"
     xmlns:env="http://schemas.xmlsoap.org/soap/envelope/"
     xmlns:pi="urn:com.workday/picof"
     xmlns:wd="urn:com.workday/bsvc"
     xmlns:xsi="http://www.w3.org/2001/XMLSchema-instance">
 
	<cc:assembly id="WorkdayAssembly" version="2021.10">
        <cc:workday-in id="StartHere" routes-to="InitVars0">
            <cc:integration-system name="INT9000TFD Extract Performance Fedback Received">
        <cloud:param name="Workers">
          <cloud:type>
            <cloud:class-report-field description="Workers" type="WID" singular="false">32461f91de7f48a2834c0411d40b518e</cloud:class-report-field>
          </cloud:type>
        </cloud:param>
        <cloud:param name="Award Date From">
          <cloud:type>
            <cloud:simple-type>date</cloud:simple-type>
          </cloud:type>
        </cloud:param>
        <cloud:param name="Award Date To">
          <cloud:type>
            <cloud:simple-type>date</cloud:simple-type>
          </cloud:type>
        </cloud:param>
        <cloud:attribute-map-service name="INT9000TFD_Integration Attributes">
          <cloud:attribute name="WWS Version">
            <cloud:type>
              <cloud:class-report-field description="Web Service API Version" type="WID" singular="false">0a45e155f9f440d5b4d404808d0bbcbe</cloud:class-report-field>
            </cloud:type>
            <cloud:display-option>required-for-launch</cloud:display-option>
          </cloud:attribute>
          <cloud:attribute name="Document Retention Days">
            <cloud:type>
              <cloud:simple-type>number</cloud:simple-type>
            </cloud:type>
            <cloud:display-option>required-for-launch</cloud:display-option>
          </cloud:attribute>
        </cloud:attribute-map-service>
        <cloud:report-service name="INT9000TFD_Report Service">
          <cloud:report-alias name="INT9000TFD_ReportService"/>
        </cloud:report-service>
      </cc:integration-system>
        </cc:workday-in>
        <cc:local-in id="InitVars" routes-to="Initi"/>
        <cc:async-mediation id="Initi" handle-downstream-errors="true">
            <cc:steps>
                <cc:eval id="Eval">
                    <cc:expression>props['integration.id'] = intsys.getName()</cc:expression>
                
                    <cc:expression>props['att.wws.version'] = intsys.getAttribute('WWS Version')</cc:expression>
                    <cc:expression>props['att.doc.retention'] = intsys.getAttribute('Document Retention Days')</cc:expression>
                    <cc:expression>props['pCloseAggregator'] = false;</cc:expression>
                    <cc:expression>props['pCollateData'] = true;</cc:expression></cc:eval>
                <cc:eval id="Worker">
                    <cc:expression>props['lpWorkers'] = ''; props['pWorkersWIDs'] = '';</cc:expression>
                    <cc:expression>props['lpWorkers'] = lp.getReferenceDataList('Workers', 'WID');</cc:expression>
                    <cc:expression>foreach(x : props['lpWorkers'].size()) {props['pWorkersWIDs'] = props['pWorkersWIDs'] + props['lpWorkers'][x-1] + '!';}</cc:expression>
                    <cc:expression>props['pWorkersWIDs'] != '' ? props['pWorkersWIDs'] = '&amp;Worker!WID=' + props['pWorkersWIDs'].toString().substring(0,props['pWorkersWIDs'].length() - 1) : ''</cc:expression>
                    <cc:expression>props['pAwardFromDate'] = lp.getSimpleData('Award Date From');</cc:expression>
                    <cc:expression>props['pAwardToDate'] = lp.getSimpleData('Award Date To');</cc:expression>
                </cc:eval>
                <cc:eval id="Eval0">
                    <cc:expression>props['AsOfEffectiveDate'] = ''; props['AsOfEffectiveDateTime'] = '';</cc:expression>
                    <cc:expression>props['current.dateTime'] = java.time.LocalDateTime.now();</cc:expression>
                    <cc:expression>props['dateformat'] = java.time.format.DateTimeFormatter.ofPattern(&quot;yyyy-MM-dd&quot;);</cc:expression>
                    <cc:expression>props['datetimeformat'] = java.time.format.DateTimeFormatter.ofPattern(&quot;yyyyMMdd_HHmmss&quot;);</cc:expression>
                    <cc:expression>props['AsOfEffectiveDate'] =  props['dateformat'].format(props['current.dateTime']);</cc:expression>
                    <cc:expression>props['AsOfEffectiveDateTime'] = props['datetimeformat'].format(props['current.dateTime']);</cc:expression>
                </cc:eval>
                <cc:log id="Log">
                    <cc:log-message>
                        <cc:line-separator/>
                        <cc:text>---------------- Variable Initialization -------------&#xD;
Integration Name                 : @{props['integration.id']}&#xD;
WWS Version                      : @{props['att.wws.version']}&#xD;
Document Retention               : @{props['att.doc.retention']}&#xD;
As of Effective Date             : @{props['AsOfEffectiveDate']}&#xD;
Workers WIDs                     : @{props['pWorkersWIDs']}&#xD;
Award From Date                  : @{props['pAwardFromDate']}&#xD;
Award To Date                    : @{props['pAwardToDate']}</cc:text>
                        <cc:line-separator/>
                    </cc:log-message>
                </cc:log>
            </cc:steps>
            <cc:send-error id="SendError" routes-to="PIM-InitErrors"/>
        </cc:async-mediation>
        <cc:local-out id="PIM-InitErrors" endpoint="vm://wcc/PutIntegrationMessage">
            <cc:set name="is.message.severity" value="'ERROR'"/>
            <cc:set name="is.message.summary" value="'Error Initializing variables : ' + context.errorMessage"/>
        </cc:local-out>
        <cc:local-in id="ProcessData" routes-to="CopyData"/>
        <cc:local-in id="GetWrokers" routes-to="PrepareGetWorker"/>
        <cc:async-mediation id="PrepareGetWorker" routes-to="GetWorker" handle-downstream-errors="true">
            <cc:steps>
                <cc:eval id="Eval"><cc:expression>props['pWorkersCount'] = 0; </cc:expression>
                    <cc:expression>props['pCollateData'] = true;</cc:expression>
                    <cc:expression>props['pCloseAggregator'] = false;</cc:expression>
                </cc:eval>
                <cc:write id="Write">
                    <cc:message>
                        <cc:text>&lt;?xml version=&quot;1.0&quot; ?>&#xD;
&lt;wd:Get_Workers_Request xmlns:wd=&quot;urn:com.workday/bsvc&quot; wd:version=&quot;@{props['att.wws.version']}&quot;>&#xD;
&#xD;
   @if{props['lpWorkers'].size() > 0}&#xD;
   &lt;wd:Request_References wd:Skip_Non_Existing_Instances=&quot;true&quot;>&#xD;
      @foreach{props['lpWorkers']}&#xD;
      &lt;wd:Worker_Reference>&#xD;
         &lt;wd:ID wd:type=&quot;WID&quot;>@{item}&lt;/wd:ID>&#xD;
      &lt;/wd:Worker_Reference>&#xD;
      @end{}&#xD;
   &lt;/wd:Request_References>&#xD;
   @end{}&#xD;
&#xD;
   &lt;wd:Response_Filter>&#xD;
      &lt;wd:Page>1&lt;/wd:Page>&#xD;
      &lt;wd:Count>999&lt;/wd:Count>&#xD;
   &lt;/wd:Response_Filter>   &#xD;
&#xD;
   &lt;wd:Response_Group>&#xD;
      &lt;wd:Include_Reference>true&lt;/wd:Include_Reference>&#xD;
   &lt;/wd:Response_Group>&#xD;
   &#xD;
&lt;/wd:Get_Workers_Request>&#xD;
</cc:text>
                    </cc:message>
                </cc:write>
                <cc:wrap-soap id="WrapSoap"/>
            </cc:steps>
            <cc:send-error id="SendError" routes-to="PIM-GetWorkerErrors"/>
        </cc:async-mediation>
        <cc:local-out id="PIM-GetWorkerErrors" endpoint="vm://wcc/PutIntegrationMessage">
            <cc:set name="is.message.severity" value="'ERROR'"/>
            <cc:set name="is.message.summary" value="'Error in Getting Worker Data : ' + context.errorMessage"/>
        </cc:local-out>
        <cc:local-out id="GetWorker" routes-response-to="StoreResponse" endpoint="vm://wcc/PagedGet">
            <cc:set name="is.paged.get.request.current.page.xpath" value="'/env:Envelope/env:Body/*/wd:Response_Filter/wd:Page'"/>
            <cc:set name="is.paged.get.response.current.page.xpath" value="'/env:Envelope/env:Body/*/wd:Response_Results/wd:Page'"/>
            <cc:set name="is.paged.get.response.total.pages.xpath" value="'/env:Envelope/env:Body/*/wd:Response_Results/wd:Total_Pages'"/>
            <cc:set name="is.paged.get.response.total.results.xpath" value="'/env:Envelope/env:Body/*/wd:Response_Results/wd:Total_Results'"/>
            <cc:set name="is.paged.get.aggregate.header" value="'&lt;Workers>'"/>
            <cc:set name="is.paged.get.aggregate.footer" value="'&lt;/Workers>'"/>
            <cc:set name="is.paged.get.aggregate.xpath" value="'/env:Envelope/env:Body/wd:Get_Workers_Response/wd:Response_Data/wd:Worker'"/>
            <cc:set name="is.paged.get.application" value="'Human_Resources'"/>
            <cc:set name="is.paged.get.version" value="props['att.wws.version']"/>
            <cc:set name="is.paged.get.page.zero" value="false"/>
            <cc:set name="is.paged.get.store.requests" value="true"/>
            
        <cc:set name="is.paged.get.parallel" value="false"/></cc:local-out>
        <cc:async-mediation id="StoreResponse" routes-to="Splitter0" handle-downstream-errors="true">
            <cc:steps>
                <cc:eval id="Eval">
                    <cc:expression>props['pWorkersCount'] = parts[0].xpath('count(Workers/wd:Worker)')</cc:expression>
                </cc:eval>
                <cc:validate-exp id="ValidateExp">
                    <cc:expression failure-message="Workers  NOT found in the tenant.">props['pWorkersCount'] > 0</cc:expression>
                </cc:validate-exp>
            </cc:steps>
            <cc:send-error id="SendError" routes-to="PIM-NoWorkesrData"/>
        </cc:async-mediation>
        <cc:local-out id="PIM-NoWorkesrData" endpoint="vm://wcc/PutIntegrationMessage">
            <cc:set name="is.message.severity" value="'WARNING'"/>
            <cc:set name="is.message.summary" value="'Warning : ' + context.errorMessage"/>
        </cc:local-out>
        <cc:async-mediation id="BeforeReportCall" routes-to="WorkdayOutRest" handle-downstream-errors="true">
            <cc:steps>
                <cc:eval id="Eval">
                    <cc:expression>props['pErrorOccured'] = false;</cc:expression>
                    <cc:expression>props['employee.id'] = ''; props['employee.wid'] = ''; props['pReportPath'] = '';</cc:expression>
                    <cc:expression>props['employee.id'] = parts[0].xpath(&quot;Worker/Employee_ID&quot;);</cc:expression>
                    <cc:expression>props['employee.wid'] = parts[0].xpath(&quot;Worker/Employee_WID&quot;);</cc:expression>
                    <cc:expression>if (props['pAwardFromDate'] != '' &amp;&amp; props['pAwardFromDate'] != null &amp;&amp; props['pAwardToDate'] != '' &amp;&amp; props['pAwardToDate'] != null)&#xD;
{props['pReportPath'] = '?Worker!WID=' + props['employee.wid'] + '&amp;Start_Date=' + props['pAwardFromDate'].toString().substring(0, 10) + '&amp;End_Date=' + props['pAwardToDate'].toString().substring(0, 10);}&#xD;
else if (props['pAwardFromDate'] != '' &amp;&amp; props['pAwardFromDate'] != null)&#xD;
{props['pReportPath'] = '?Worker!WID=' + props['employee.wid'] + '&amp;Start_Date=' + props['pAwardFromDate'].toString().substring(0, 10);}&#xD;
else&#xD;
{props['pReportPath'] = '?Worker!WID=' + props['employee.wid'];};</cc:expression>
                </cc:eval>
            </cc:steps>
            <cc:send-error id="SendError" routes-to="PIM-ReportErrors"/>
        </cc:async-mediation>
        <cc:local-out id="PIM-ReportErrors" endpoint="vm://wcc/PutIntegrationMessage">
            <cc:set name="is.message.severity" value="'WARNING'"/>
            <cc:set name="is.message.summary" value="'Before Report Execution Error : ' + props['employee.id'] + ' - ' + context.errorMessage"/>
        </cc:local-out>
        <cc:workday-out-rest id="WorkdayOutRest" routes-response-to="ReportResponse" extra-path="@{intsys.reportService.getExtrapath('INT9000TFD_ReportService')}@{props['pReportPath']}"/>
        <cc:async-mediation id="ReportResponse" routes-to="Aggregator2" handle-downstream-errors="true">
            <cc:steps>
                <cc:eval id="Eval">
                    <cc:expression>props['pRowCount'] = 0;</cc:expression>
                    <cc:expression>props['pRowCount'] = parts[0].xpath('count(/wd:Report_Data/wd:Report_Entry)', 'wd urn:com.workday.report/bsvc')</cc:expression>
                    <cc:expression>props['pRecordCount'] = props['pRecordCount'] + props['pRowCount']</cc:expression>
                </cc:eval>
                <cc:validate-exp id="ValidateExp">
                    <cc:expression failure-message="@{props['employee.id']} - Employee does not have any Feedback data.">props['pRowCount'] > 0</cc:expression>
                </cc:validate-exp>
                <cc:xslt-plus id="XsltPlus" output="message" input="message" url="INT9000TFD_Transform_FeedbackRequest.xsl"/>
            </cc:steps>
            <cc:send-error id="SendError" routes-to="AsyncMediation"/>
        </cc:async-mediation>
        <cc:local-out id="InitVars0" routes-response-to="GetWrokers0" endpoint="vm://INT9000TFD_Extract_Performance_Fedback_Received/InitVars"/>
        <cc:local-out id="GetWrokers0" routes-response-to="CallCloseAggregate1" endpoint="vm://INT9000TFD_Extract_Performance_Fedback_Received/GetWrokers"/>
        <cc:send-error id="global-error-handler" rethrow-error="false" routes-to="Note-Error"/>
        <cc:local-out id="Note-Error" endpoint="vm://wcc/PutIntegrationMessage">
            <cc:set name="is.message.severity" value="'CRITICAL'"/>
            <cc:set name="is.message.summary" value="context.errorMessage"/>
        </cc:local-out>
        <cc:aggregator id="Aggregator2" collate-when="props['pCollateData'] &amp;&amp; props['pRowCount'] > 0" force-batch-on-last-message="false" force-batch-when="props['pCloseAggregator']">
            <cc:size-batch-strategy batch-size="-1"/>
            <cc:message-content-collater output="variable" output-variable="vAggregatedData">
        <cc:header-text>Employee_ID,Received_From,Effective_Date,Recong_Prog_Name,Nomination_Reason,Award_Name,Award_Value,Award_Currency,Award_Date,Award_Message,Feedback_Comment_Raw@{'\n'}</cc:header-text>
      </cc:message-content-collater>
        </cc:aggregator>
        <cc:local-in id="Store" routes-to="StoreFile"/>
        <cc:async-mediation id="StoreFile" routes-to="Log" execute-steps-when="props['pRecordCount'] > 0" handle-downstream-errors="true">
            <cc:steps>
                <cc:store id="Store0" input="variable" input-variable="vAggregatedData" createDocumentReference="true" expiresIn="P@{props['att.doc.retention']}D" title="INT9000TFD_Final_Output_File.csv"/>
            </cc:steps>
            <cc:send-error id="SendError" routes-to="PutIntegrationMessage"/>
        </cc:async-mediation>
        <cc:local-out id="CallStore" endpoint="vm://INT9000TFD_Extract_Performance_Fedback_Received/Store"/>
        <cc:local-in id="CloseAggregate2" routes-to="Aggregator2"><cc:out-parameter documentation="true" name="pCloseAggregator"/><cc:out-parameter documentation="false" name="pCollateData"/></cc:local-in>
        <cc:local-out id="CallCloseAggregate1" routes-response-to="ProcessData0" endpoint="vm://INT9000TFD_Extract_Performance_Fedback_Received/CloseAggregate1"><cc:set name="pCloseAggregator" value="true"/><cc:set name="pCollateData" value="false"/></cc:local-out>
        <cc:aggregator id="Aggregator1" routes-to="StoreTransformation" collate-when="props['pCollateData']" force-batch-on-last-message="false" force-batch-when="props['pCloseAggregator']">
            <cc:size-batch-strategy batch-size="-1"/>
            <cc:xml-message-content-collater output="variable" output-variable="vWorkerAggregatedData">
        <cc:header-text>&lt;Workers></cc:header-text>
        <cc:footer-text>&lt;/Workers></cc:footer-text>
      </cc:xml-message-content-collater>
        </cc:aggregator>
        <cc:local-in id="CloseAggregate1" routes-to="Aggregator1">
            <cc:out-parameter documentation="true" name="pCloseAggregator"/>
            <cc:out-parameter documentation="false" name="pCollateData"/>
        </cc:local-in>
        <cc:async-mediation id="CopyData" routes-to="Splitter" handle-downstream-errors="true">
            <cc:steps>
                <cc:copy id="Copy" input="variable" input-variable="vWorkerAggregatedData"/>
                <cc:eval id="Eval">
                    <cc:expression>props['pCollateData'] = true;</cc:expression>
                    <cc:expression>props['pCloseAggregator'] = false;</cc:expression>
                    <cc:expression>props['pErrorMessage'] = '';</cc:expression>
                    <cc:expression>props['pOutputData'] = ''</cc:expression>
                    <cc:expression>props['pRecordCount'] = 0;</cc:expression>
                </cc:eval>
            </cc:steps>
            <cc:send-error id="SendError" routes-to="PIM-ProcessError"/>
        </cc:async-mediation>
        <cc:splitter id="Splitter">
            <cc:sub-route name="SubRoute" routes-to="BeforeReportCall"/>
            <cc:xml-stream-splitter xpath="Workers/Worker"/>
        </cc:splitter>
        <cc:local-out id="PIM-ProcessError" endpoint="vm://wcc/PutIntegrationMessage">
            <cc:set name="is.message.severity" value="'ERROR'"/>
            <cc:set name="is.message.summary" value="'Processing Errors : ' + context.errorMessage"/>
        </cc:local-out>
        <cc:local-out id="ProcessData0" routes-response-to="CallCloseAggregate2" endpoint="vm://INT9000TFD_Extract_Performance_Fedback_Received/ProcessData"/>
        <cc:splitter id="Splitter0">
            <cc:sub-route name="SubRoute" routes-to="TransformData"/>
            <cc:xml-stream-splitter xpath="Workers/wd:Worker"/>
        </cc:splitter>
        <cc:async-mediation id="TransformData" routes-to="Aggregator1">
            <cc:steps>
                <cc:xslt-plus id="XsltPlus" url="INT9000TFD-TransformGetWorkerResponse.xsl"/>
            </cc:steps>
            <cc:send-error id="SendError" routes-to="PIM-NoWorkesrData"/>
        </cc:async-mediation>
        <cc:async-mediation id="AsyncMediation">
            <cc:steps>
                <cc:eval id="Eval">
                    <cc:expression>props['pErrorMessage'] = props['pErrorMessage'] + context.errorMessage + '\n';</cc:expression>
                </cc:eval>
            </cc:steps>
        </cc:async-mediation>
        <cc:async-mediation id="Log">
            <cc:steps>
                <cc:eval id="Eval">
                    <cc:expression>vars['pErrorMessage'] = props['pErrorMessage']</cc:expression>
                </cc:eval>
                <cc:store id="Store" input="variable" input-variable="pErrorMessage" createDocumentReference="true" expiresIn="P@{props['att.doc.retention']}D" title="INT9000TFD_Employees_Without_Feedback.csv"/>
            </cc:steps>
        </cc:async-mediation>
        <cc:async-mediation id="StoreTransformation">
            <cc:steps>
                <cc:store id="Store" input="variable" input-variable="vWorkerAggregatedData" createDocumentReference="true" expiresIn="P@{props['att.doc.retention']}D" title="INT9000TFD_Transformed_Get_Worker_Response.xml"/>
            </cc:steps>
        </cc:async-mediation>
        <cc:local-out id="CallCloseAggregate2" routes-response-to="CallStore" endpoint="vm://INT9000TFD_Extract_Performance_Fedback_Received/CloseAggregate2"><cc:set name="pCloseAggregator" value="true"/><cc:set name="pCollateData" value="false"/></cc:local-out>
        <cc:local-out id="PutIntegrationMessage" endpoint="vm://wcc/PutIntegrationMessage"><cc:set name="is.message.severity" value="'ERROR'"/><cc:set name="is.message.summary" value="'Error occured during storing the output file : ' + context.errorMessage"/></cc:local-out>
	</cc:assembly>

</beans>