<?xml version="1.0" encoding="UTF-8"?>
<wdnm:Diagram xmlns:wdnm="http://workday.com/studio/editors/notation">
  <element href="assembly.xml#WorkdayAssembly"/>
  <visualProperties>
    <element href="assembly.xml#StartHere"/>
  </visualProperties>
  <visualProperties>
    <element href="assembly.xml#PutIntegrationMessage0"/>
  </visualProperties>
  <visualProperties>
    <element href="assembly.xml#ValidationMode"/>
  </visualProperties>
  <visualProperties>
    <element href="assembly.xml#Call-FileRetrieval"/>
  </visualProperties>
  <visualProperties>
    <element href="assembly.xml#Call-CloseInputfileAgg"/>
  </visualProperties>
  <visualProperties>
    <element href="assembly.xml#Validate-Input-File"/>
  </visualProperties>
  <visualProperties>
    <element href="assembly.xml#PutEmptyFileMessage"/>
  </visualProperties>
  <visualProperties x="1085" y="201">
    <element href="assembly.xml#Call-GetWorkerTenantedData"/>
  </visualProperties>
  <visualProperties>
    <element href="assembly.xml#GetWorkers1"/>
  </visualProperties>
  <visualProperties>
    <element href="assembly.xml#AsyncMediation4"/>
  </visualProperties>
  <visualProperties>
    <element href="assembly.xml#WorkerResponse"/>
  </visualProperties>
  <visualProperties>
    <element href="assembly.xml#GetWorker"/>
  </visualProperties>
  <visualProperties>
    <element href="assembly.xml#WorkerRequest"/>
  </visualProperties>
  <visualProperties>
    <element href="assembly.xml#Splitter2"/>
  </visualProperties>
  <visualProperties>
    <element href="assembly.xml#AsyncMediation3"/>
  </visualProperties>
  <visualProperties>
    <element href="assembly.xml#ErrorAggregate"/>
  </visualProperties>
  <visualProperties>
    <element href="assembly.xml#WriteError"/>
  </visualProperties>
  <visualProperties>
    <element href="assembly.xml#ErrorFinalCollator"/>
  </visualProperties>
  <visualProperties>
    <element href="assembly.xml#Aggregator0"/>
  </visualProperties>
  <visualProperties>
    <element href="assembly.xml#AsyncMediation6"/>
  </visualProperties>
  <visualProperties x="46" y="309">
    <element href="assembly.xml#Call-ProcessWorkers"/>
  </visualProperties>
  <visualProperties x="140" y="2042">
    <element href="assembly.xml#ProcessWorkers"/>
  </visualProperties>
  <visualProperties>
    <element href="assembly.xml#AsyncMediation70"/>
  </visualProperties>
  <visualProperties>
    <element href="assembly.xml#CallNoErrorRow"/>
  </visualProperties>
  <visualProperties x="590" y="1888">
    <element href="assembly.xml#Splitter3"/>
  </visualProperties>
  <visualProperties x="731" y="1894">
    <element href="assembly.xml#AsyncMediation9"/>
  </visualProperties>
  <visualProperties x="857" y="2007">
    <element href="assembly.xml#AsyncMediation10"/>
  </visualProperties>
  <visualProperties x="942" y="2068">
    <element href="assembly.xml#CallErrorLog1"/>
  </visualProperties>
  <visualProperties y="4397">
    <element href="assembly.xml#PutIntegrationMessage"/>
  </visualProperties>
  <visualProperties x="582" y="28">
    <element href="assembly.xml#Init-In"/>
  </visualProperties>
  <visualProperties x="428" y="25">
    <element href="assembly.xml#InitMediation"/>
  </visualProperties>
  <visualProperties x="253" y="129">
    <element href="assembly.xml#Call-InitProps"/>
  </visualProperties>
  <visualProperties x="206" y="398">
    <element href="assembly.xml#CallValidateInputFile"/>
  </visualProperties>
  <visualProperties x="726" y="358">
    <element href="assembly.xml#Validate-INput-File"/>
  </visualProperties>
  <visualProperties x="392" y="281">
    <element href="assembly.xml#FileRetrieval0"/>
  </visualProperties>
  <visualProperties x="393" y="304">
    <element href="assembly.xml#InitRetrieveParams"/>
  </visualProperties>
  <visualProperties x="383" y="377">
    <element href="assembly.xml#GetFile"/>
  </visualProperties>
  <visualProperties x="399" y="355">
    <element href="assembly.xml#RetrieveInputDocuments"/>
  </visualProperties>
  <visualProperties x="422" y="376">
    <element href="assembly.xml#VartoMsg"/>
  </visualProperties>
  <visualProperties x="349" y="346">
    <element href="assembly.xml#SendRetrievalError"/>
  </visualProperties>
  <visualProperties x="409" y="320">
    <element href="assembly.xml#StandardSplit"/>
  </visualProperties>
  <visualProperties x="411" y="374">
    <element href="assembly.xml#AsyncMediation5"/>
  </visualProperties>
  <visualProperties x="2106" y="340">
    <element href="assembly.xml#SplitContent"/>
  </visualProperties>
  <visualProperties x="2334" y="322">
    <element href="assembly.xml#AsyncMediation60"/>
  </visualProperties>
  <visualProperties x="2444" y="372">
    <element href="assembly.xml#EmployeeID"/>
  </visualProperties>
  <visualProperties x="2900" y="608">
    <element href="assembly.xml#InputFileAgg"/>
  </visualProperties>
  <visualProperties x="3108" y="444">
    <element href="assembly.xml#InvalidEmployeeError"/>
  </visualProperties>
  <visualProperties x="3704" y="640">
    <element href="assembly.xml#Store"/>
  </visualProperties>
  <visualProperties x="3292" y="588">
    <element href="assembly.xml#AsyncMediation40"/>
  </visualProperties>
  <visualProperties x="3564" y="516">
    <element href="assembly.xml#SchemaError0"/>
  </visualProperties>
  <visualProperties x="2141" y="951">
    <element href="assembly.xml#AsyncMediation"/>
  </visualProperties>
  <visualProperties x="3140" y="814">
    <element href="assembly.xml#CloseInputfileAgg0"/>
  </visualProperties>
  <visualProperties x="1234" y="2337">
    <element href="assembly.xml#PutIntegrationMessage1"/>
  </visualProperties>
  <visualProperties x="1619" y="2232">
    <element href="assembly.xml#CreatePayInput"/>
  </visualProperties>
  <visualProperties x="1624" y="2339">
    <element href="assembly.xml#PutIntegrationMessage2"/>
  </visualProperties>
  <visualProperties x="3392" y="2184">
    <element href="assembly.xml#AggAndAudit"/>
  </visualProperties>
  <visualProperties x="3616" y="2348">
    <element href="assembly.xml#SplitInputs"/>
  </visualProperties>
  <visualProperties x="3564" y="2180">
    <element href="assembly.xml#CountInputs"/>
  </visualProperties>
  <visualProperties x="3668" y="2268">
    <element href="assembly.xml#AggInputsInBatch"/>
  </visualProperties>
  <visualProperties x="3768" y="2548">
    <element href="assembly.xml#CallReleaseBatch"/>
  </visualProperties>
  <visualProperties x="497" y="2747">
    <element href="assembly.xml#BatchMessage"/>
  </visualProperties>
  <visualProperties x="214" y="2706">
    <element href="assembly.xml#WrapWS"/>
  </visualProperties>
  <visualProperties x="158" y="704">
    <element href="assembly.xml#CallCloseAggregInput"/>
  </visualProperties>
  <visualProperties x="185" y="2445">
    <element href="assembly.xml#CloseAggInputsInBatch"/>
  </visualProperties>
  <visualProperties x="271" y="2823">
    <element href="assembly.xml#WorkdayOutSoap"/>
  </visualProperties>
  <visualProperties x="149" y="3080">
    <element href="assembly.xml#AsyncMediation61"/>
  </visualProperties>
  <visualProperties x="130" y="660">
    <element href="assembly.xml#CallCloseAggBatch"/>
  </visualProperties>
  <visualProperties x="398" y="2820">
    <element href="assembly.xml#BatchAgg"/>
  </visualProperties>
  <visualProperties x="243" y="2858">
    <element href="assembly.xml#CloseAggBatch"/>
  </visualProperties>
  <visualProperties x="238" y="2902">
    <element href="assembly.xml#AsyncMediation90"/>
  </visualProperties>
  <visualProperties x="938" y="2858">
    <element href="assembly.xml#AsyncMediation1"/>
  </visualProperties>
  <visualProperties x="2056" y="2564">
    <element href="assembly.xml#CallAuditLine"/>
  </visualProperties>
  <visualProperties x="538" y="3097">
    <element href="assembly.xml#AuditRow"/>
  </visualProperties>
  <visualProperties x="626" y="3111">
    <element href="assembly.xml#AsyncMediation0"/>
  </visualProperties>
  <visualProperties x="201" y="3097">
    <element href="assembly.xml#AggAudit"/>
  </visualProperties>
  <visualProperties x="243" y="3076">
    <element href="assembly.xml#CloseAggAudit"/>
  </visualProperties>
  <visualProperties x="135" y="720">
    <element href="assembly.xml#CallCloseAuditLog"/>
  </visualProperties>
  <visualProperties x="163" y="3273">
    <element href="assembly.xml#ZipAndStoreFile"/>
  </visualProperties>
  <visualProperties x="166" y="3254">
    <element href="assembly.xml#PutAuditLogXML"/>
  </visualProperties>
  <visualProperties x="1193" y="3300">
    <element href="assembly.xml#PutIntegrationMessage3"/>
  </visualProperties>
  <visualProperties x="1189" y="5148">
    <element href="assembly.xml#UnexpectedAuditSplitterError"/>
  </visualProperties>
  <visualProperties x="1160" y="4390">
    <element href="assembly.xml#GetEventDocuments"/>
  </visualProperties>
  <visualProperties x="1213" y="4998">
    <element href="assembly.xml#CopyAuditXML2Msg"/>
  </visualProperties>
  <visualProperties x="1483" y="4707">
    <element href="assembly.xml#SaveErrorsToMap"/>
  </visualProperties>
  <visualProperties x="1025" y="4139">
    <element href="assembly.xml#CallAuditError"/>
  </visualProperties>
  <visualProperties x="1554" y="4364">
    <element href="assembly.xml#CopyImportDetailsMsg"/>
  </visualProperties>
  <visualProperties x="836" y="5064">
    <element href="assembly.xml#ProcessAuditFile"/>
  </visualProperties>
  <visualProperties x="1856" y="5019">
    <element href="assembly.xml#AggFinalAudit"/>
  </visualProperties>
  <visualProperties x="1621" y="5024">
    <element href="assembly.xml#PrepareFinalAuditLine"/>
  </visualProperties>
  <visualProperties x="350" y="4388">
    <element href="assembly.xml#CallRetrieveDocuments"/>
  </visualProperties>
  <visualProperties x="1509" y="4523">
    <element href="assembly.xml#CallAuditErrorCopyImportDetailsMsg"/>
  </visualProperties>
  <visualProperties x="1898" y="4532">
    <element href="assembly.xml#CallAuditErrorGetImportMsgs"/>
  </visualProperties>
  <visualProperties x="346" y="4018">
    <element href="assembly.xml#CallRetrieveBatchSize"/>
  </visualProperties>
  <visualProperties x="1382" y="4332">
    <element href="assembly.xml#GetImportWIDsDoc"/>
  </visualProperties>
  <visualProperties x="2131" y="4406">
    <element href="assembly.xml#GetImportProcMsgs"/>
  </visualProperties>
  <visualProperties x="355" y="5053">
    <element href="assembly.xml#CallProcAuditFile"/>
  </visualProperties>
  <visualProperties x="107" y="3877">
    <element href="assembly.xml#ImportReporting"/>
  </visualProperties>
  <visualProperties x="1399" y="3981">
    <element href="assembly.xml#ImportInit"/>
  </visualProperties>
  <visualProperties x="1240" y="4018">
    <element href="assembly.xml#GetIntSysWS"/>
  </visualProperties>
  <visualProperties x="1425" y="5006">
    <element href="assembly.xml#SplitByAuditRow"/>
  </visualProperties>
  <visualProperties x="1300" y="4669">
    <element href="assembly.xml#SplitByMessage"/>
  </visualProperties>
  <visualProperties x="1000" y="3981">
    <element href="assembly.xml#PrepareGetIntSysWS"/>
  </visualProperties>
  <visualProperties x="2061" y="5036">
    <element href="assembly.xml#StoreFinalAudit"/>
  </visualProperties>
  <visualProperties x="1758" y="4349">
    <element href="assembly.xml#SplitByBatch"/>
  </visualProperties>
  <visualProperties x="828" y="4390">
    <element href="assembly.xml#RetrieveDocuments"/>
  </visualProperties>
  <visualProperties x="1028" y="4352">
    <element href="assembly.xml#EventWID"/>
  </visualProperties>
  <visualProperties x="993" y="4502">
    <element href="assembly.xml#CallAuditErrorGetDocs"/>
  </visualProperties>
  <visualProperties x="1911" y="4378">
    <element href="assembly.xml#PrepareImportMsgWS"/>
  </visualProperties>
  <visualProperties x="1050" y="5006">
    <element href="assembly.xml#GetAuditXML"/>
  </visualProperties>
  <visualProperties x="833" y="4018">
    <element href="assembly.xml#RetrieveAttr"/>
  </visualProperties>
  <visualProperties x="835" y="4736">
    <element href="assembly.xml#ProcessImportMsgs"/>
  </visualProperties>
  <visualProperties x="1088" y="4700">
    <element href="assembly.xml#NoErrorsInBatchMsg"/>
  </visualProperties>
  <visualProperties x="2342" y="4407">
    <element href="assembly.xml#CallProcImportMsgs"/>
  </visualProperties>
  <visualProperties x="1082" y="4848">
    <element href="assembly.xml#UnexpectedSplitterError"/>
  </visualProperties>
  <visualProperties x="1300" y="5273">
    <element href="assembly.xml#AbortRetrieveAttr"/>
  </visualProperties>
  <visualProperties x="1300" y="5215">
    <element href="assembly.xml#RetrieveAttrError"/>
  </visualProperties>
  <visualProperties x="1145" y="5215">
    <element href="assembly.xml#AuditError"/>
  </visualProperties>
  <visualProperties x="770" y="1519">
    <element href="assembly.xml#PutIntegrationMessage4"/>
  </visualProperties>
  <visualProperties x="357" y="1779">
    <element href="assembly.xml#CreateCleanGetWorkersCall"/>
  </visualProperties>
  <visualProperties x="480" y="1874">
    <element href="assembly.xml#Clean"/>
  </visualProperties>
  <visualProperties x="284" y="1621">
    <element href="assembly.xml#SplitInvalidIDS"/>
  </visualProperties>
  <visualProperties x="382" y="1735">
    <element href="assembly.xml#DeleteInvalidIDs"/>
  </visualProperties>
  <visualProperties x="2436" y="789">
    <element href="assembly.xml#PutIntegrationMessage5"/>
  </visualProperties>
  <visualProperties x="1064" y="1264">
    <element href="assembly.xml#PutIntegrationMessage6"/>
  </visualProperties>
  <visualProperties x="774" y="1768">
    <element href="assembly.xml#PutIntegrationMessage7"/>
  </visualProperties>
  <visualProperties>
    <element href="assembly.xml#//@beans/@mixed.1/@mixed.253"/>
  </visualProperties>
  <visualProperties>
    <element href="assembly.xml#Note-Error"/>
  </visualProperties>
  <visualProperties>
    <element href="assembly.xml#CheckFileRetrieved"/>
  </visualProperties>
  <visualProperties>
    <element href="assembly.xml#CriticalRetrieveDocsError1"/>
  </visualProperties>
  <decorations x="754" y="4594" width="2012" height="51" bgColor="16685398" fgColor="16212994" type="NOTE" text="3. PROCESS IMPORT MESSAGES - calculate where error messages fit in the Audit Log (row numbers)"/>
  <decorations x="754" y="4938" width="2012" height="51" bgColor="16646052" fgColor="13488640" type="NOTE" text="4. BUILD FINAL  AUDIT LOG XML - Retrieve XML from main integration, merge with error messages, produce CSV file and post it to Integration Event"/>
  <decorations x="754" y="3913" width="2012" height="51" bgColor="13369343" fgColor="6737151" type="NOTE" text="1. RETRIEVE ATTRIBUTES FROM MAIN INTEGRATION - Using WID that is an attribute on Import Reporting &quot;Start Here&quot; component"/>
  <decorations x="833" y="4276" width="2012" height="51" bgColor="9814015" fgColor="25849" type="NOTE" text="2. FILE RETRIEVAL - Get Import Payroll Inputs request details. Split on each and send Get Import Process Messages Web Service"/>
  <decorations x="303" y="3837" width="272" height="1320" bgColor="16777215" fgColor="16767451" type="NOTE" text="Text"/>
  <connections type="routesResponseTo" sourceAnchorX="0.47058823529411764" sourceAnchorY="0.8378378378378378" targetAnchorX="0.48502994011976047" targetAnchorY="0.10810810810810811">
    <source href="assembly.xml#ValidationMode"/>
    <target href="assembly.xml#Call-FileRetrieval"/>
  </connections>
  <connections type="routesResponseTo" sourceAnchorX="0.41916167664670656" sourceAnchorY="0.918918918918919" targetAnchorX="0.4623115577889447" targetAnchorY="0.1891891891891892">
    <source href="assembly.xml#Call-FileRetrieval"/>
    <target href="assembly.xml#Call-CloseInputfileAgg"/>
  </connections>
  <connections type="routesTo" sourceAnchorX="1.0" sourceAnchorY="0.21621621621621623" targetAnchorX="0.30597014925373134" targetAnchorY="0.3695652173913043">
    <source href="assembly.xml#GetWorkers1"/>
    <target href="assembly.xml#AsyncMediation4"/>
  </connections>
  <connections type="routesTo" sourceAnchorX="1.0" sourceAnchorY="0.264" targetAnchorX="0.3310344827586207" targetAnchorY="0.09375">
    <source href="assembly.xml#AsyncMediation4"/>
    <target href="assembly.xml#WorkerRequest"/>
    <bendpoints sourceX="48" sourceY="28" targetX="-69" targetY="7"/>
  </connections>
  <connections type="routesTo" sourceAnchorX="0.0" sourceAnchorY="0.31521739130434784" targetAnchorX="0.3925233644859813" targetAnchorY="0.22727272727272727">
    <source href="assembly.xml#WorkerResponse"/>
    <target href="assembly.xml#Splitter2"/>
  </connections>
  <connections type="routesResponseTo" sourceAnchorX="0.41739130434782606" sourceAnchorY="1.0" targetAnchorX="0.19402985074626866" targetAnchorY="0.20652173913043478">
    <source href="assembly.xml#GetWorker"/>
    <target href="assembly.xml#WorkerResponse"/>
  </connections>
  <connections type="routesTo" sourceAnchorX="1.0" sourceAnchorY="0.38235294117647056" targetAnchorX="0.41044776119402987" targetAnchorY="0.05434782608695652">
    <source href="assembly.xml#//@beans/@mixed.1/@splitter.0/@subRoute.0"/>
    <target href="assembly.xml#AsyncMediation3"/>
  </connections>
  <connections type="routesTo" sourceAnchorX="0.6428571428571429" sourceAnchorY="1.0" targetAnchorX="0.4626865671641791" targetAnchorY="0.3804347826086957">
    <source href="assembly.xml#ErrorAggregate"/>
    <target href="assembly.xml#WriteError"/>
  </connections>
  <connections type="routesTo" sourceAnchorX="1.0" sourceAnchorY="0.2872340425531915" targetAnchorX="0.1830065359477124" targetAnchorY="0.32075471698113206">
    <source href="assembly.xml#WriteError"/>
    <target href="assembly.xml#Aggregator0"/>
  </connections>
  <connections type="routesTo" sourceAnchorX="0.538961038961039" sourceAnchorY="1.0" targetAnchorX="0.5490196078431373" targetAnchorY="0.24528301886792453">
    <source href="assembly.xml#ErrorFinalCollator"/>
    <target href="assembly.xml#Aggregator0"/>
  </connections>
  <connections type="routesTo" sourceAnchorX="1.0" sourceAnchorY="0.1792452830188679" targetAnchorX="0.2537313432835821" targetAnchorY="0.6304347826086957">
    <source href="assembly.xml#Aggregator0"/>
    <target href="assembly.xml#AsyncMediation6"/>
  </connections>
  <connections type="routesTo" sourceAnchorX="0.3888888888888889" sourceAnchorY="1.0" targetAnchorX="0.4601226993865031" targetAnchorY="0.02702702702702703">
    <source href="assembly.xml#//@beans/@mixed.1/@mixed.47/@mixed.3"/>
    <target href="assembly.xml#CallNoErrorRow"/>
  </connections>
  <connections type="routesTo" sourceAnchorX="0.8523489932885906" sourceAnchorY="1.0" targetAnchorX="0.4326241134751773" targetAnchorY="0.16">
    <source href="assembly.xml#ProcessWorkers"/>
    <target href="assembly.xml#AsyncMediation70"/>
  </connections>
  <connections type="routesTo" sourceAnchorX="1.0" sourceAnchorY="0.176" targetAnchorX="0.37383177570093457" targetAnchorY="0.175">
    <source href="assembly.xml#AsyncMediation70"/>
    <target href="assembly.xml#Splitter3"/>
  </connections>
  <connections type="routesTo" sourceAnchorX="0.6595744680851063" sourceAnchorY="1.0" targetAnchorX="0.5298507462686567" targetAnchorY="0.4891304347826087">
    <source href="assembly.xml#//@beans/@mixed.1/@splitter.1/@subRoute.0"/>
    <target href="assembly.xml#AsyncMediation9"/>
  </connections>
  <connections type="routesTo" sourceAnchorX="0.5220125786163522" sourceAnchorY="0.9791666666666666" targetAnchorY="0.35135135135135137">
    <source href="assembly.xml#AsyncMediation10"/>
    <target href="assembly.xml#CallErrorLog1"/>
  </connections>
  <connections type="routesTo" sourceAnchorX="1.0" sourceAnchorY="0.23404255319148937" targetAnchorX="0.1793478260869565" targetAnchorY="0.5945945945945946">
    <source href="assembly.xml#AsyncMediation6"/>
    <target href="assembly.xml#PutIntegrationMessage"/>
  </connections>
  <connections type="routesTo" sourceAnchorX="0.7802197802197802" sourceAnchorY="1.0" targetAnchorX="0.049019607843137254" targetAnchorY="0.29133858267716534">
    <source href="assembly.xml#Init-In"/>
    <target href="assembly.xml#InitMediation"/>
  </connections>
  <connections type="routesTo" sourceAnchorX="0.3411371237458194" sourceAnchorY="1.0" targetAnchorX="0.4788732394366197" targetAnchorY="0.2972972972972973">
    <source href="assembly.xml#//@beans/@mixed.1/@mixed.61/@mixed.3"/>
    <target href="assembly.xml#PutIntegrationMessage0"/>
    <bendpoints sourceX="334" sourceY="-18" targetX="-1" targetY="92"/>
  </connections>
  <connections type="routesTo" sourceAnchorX="0.5210084033613446" sourceAnchorY="1.0" targetAnchorX="0.4810126582278481" targetAnchorY="0.10810810810810811">
    <source href="assembly.xml#StartHere"/>
    <target href="assembly.xml#Call-InitProps"/>
  </connections>
  <connections type="routesResponseTo" sourceAnchorX="0.6962025316455697" sourceAnchorY="1.0" targetAnchorX="0.47058823529411764" targetAnchorY="0.21621621621621623">
    <source href="assembly.xml#Call-InitProps"/>
    <target href="assembly.xml#ValidationMode"/>
    <bendpoints sourceX="-24" sourceY="22" targetX="9" targetY="-16"/>
  </connections>
  <connections type="routesResponseTo" sourceAnchorX="0.510752688172043" sourceAnchorY="0.8918918918918919" targetAnchorX="0.49193548387096775" targetAnchorY="0.10810810810810811">
    <source href="assembly.xml#CallValidateInputFile"/>
    <target href="assembly.xml#Call-GetWorkerTenantedData"/>
  </connections>
  <connections type="routesTo" sourceAnchorX="0.8034682080924855" sourceAnchorY="1.0" targetAnchorX="0.062111801242236024" targetAnchorY="0.4330708661417323">
    <source href="assembly.xml#Validate-INput-File"/>
    <target href="assembly.xml#Validate-Input-File"/>
  </connections>
  <connections type="routesTo" sourceAnchorX="0.525974025974026" sourceAnchorY="1.0" targetAnchorX="0.11330049261083744" targetAnchorY="0.35135135135135137">
    <source href="assembly.xml#//@beans/@mixed.1/@mixed.3/@mixed.3"/>
    <target href="assembly.xml#PutEmptyFileMessage"/>
  </connections>
  <connections type="routesResponseTo" sourceAnchorX="0.5120967741935484" sourceAnchorY="0.972972972972973" targetAnchorX="0.494949494949495" targetAnchorY="0.10810810810810811">
    <source href="assembly.xml#Call-GetWorkerTenantedData"/>
    <target href="assembly.xml#Call-ProcessWorkers"/>
  </connections>
  <connections type="routesTo" sourceAnchorX="0.7172413793103448" sourceAnchorY="1.0" targetAnchorX="0.30120481927710846" targetAnchorY="0.33070866141732286">
    <source href="assembly.xml#FileRetrieval0"/>
    <target href="assembly.xml#InitRetrieveParams"/>
  </connections>
  <connections type="routesTo" sourceAnchorX="1.0" sourceAnchorY="0.22916666666666666" targetAnchorX="0.22330097087378642" targetAnchorY="0.3783783783783784">
    <source href="assembly.xml#InitRetrieveParams"/>
    <target href="assembly.xml#GetFile"/>
  </connections>
  <connections type="routesTo" sourceAnchorX="0.0" sourceAnchorY="0.2708333333333333" targetAnchorX="0.10077519379844961" targetAnchorY="0.08585858585858586">
    <source href="assembly.xml#VartoMsg"/>
    <target href="assembly.xml#StandardSplit"/>
  </connections>
  <connections type="routesTo" sourceAnchorX="0.6637931034482759" sourceAnchorY="1.0" targetAnchorX="0.052980132450331126" targetAnchorY="0.6458333333333334">
    <source href="assembly.xml#//@beans/@mixed.1/@splitter.2/@subRoute.0"/>
    <target href="assembly.xml#AsyncMediation5"/>
  </connections>
  <connections type="routesTo" sourceAnchorX="1.0" sourceAnchorY="0.3541666666666667" targetAnchorX="0.33884297520661155" targetAnchorY="0.30994152046783624">
    <source href="assembly.xml#AsyncMediation5"/>
    <target href="assembly.xml#SplitContent"/>
  </connections>
  <connections type="routesTo" sourceAnchorX="0.8425925925925926" sourceAnchorY="1.0" targetAnchorX="0.1095890410958904" targetAnchorY="0.4166666666666667">
    <source href="assembly.xml#//@beans/@mixed.1/@route.1/@subRoute.0"/>
    <target href="assembly.xml#AsyncMediation60"/>
  </connections>
  <connections type="routesTo" sourceAnchorX="0.5977011494252874" sourceAnchorY="1.0" targetAnchorX="0.5194805194805194" targetAnchorY="0.3958333333333333">
    <source href="assembly.xml#InputFileAgg"/>
    <target href="assembly.xml#Store"/>
  </connections>
  <connections type="routesTo" sourceAnchorX="1.0" sourceAnchorY="0.2708333333333333" targetAnchorX="0.37398373983739835" targetAnchorY="0.23622047244094488">
    <source href="assembly.xml#AsyncMediation60"/>
    <target href="assembly.xml#EmployeeID"/>
  </connections>
  <connections type="routesTo" sourceAnchorX="0.853448275862069" sourceAnchorY="1.0" targetAnchorX="0.6923076923076923" targetAnchorY="0.1891891891891892">
    <source href="assembly.xml#//@beans/@mixed.1/@mixed.89/@mixed.3"/>
    <target href="assembly.xml#InvalidEmployeeError"/>
  </connections>
  <connections type="routesTo" sourceAnchorX="1.0" sourceAnchorY="0.15748031496062992" targetAnchorX="0.1206896551724138" targetAnchorY="0.3113207547169811">
    <source href="assembly.xml#EmployeeID"/>
    <target href="assembly.xml#InputFileAgg"/>
  </connections>
  <connections type="routesTo" sourceAnchorX="0.6372549019607843" sourceAnchorY="1.0" targetAnchorX="0.19607843137254902" targetAnchorY="0.5135135135135135">
    <source href="assembly.xml#//@beans/@mixed.1/@mixed.97/@mixed.3"/>
    <target href="assembly.xml#SchemaError0"/>
  </connections>
  <connections type="routesTo" sourceAnchorX="0.8333333333333334" sourceAnchorY="1.0" targetAnchorX="0.17061611374407584" targetAnchorY="0.2440944881889764">
    <source href="assembly.xml#//@beans/@mixed.1/@route.1/@subRoute.1"/>
    <target href="assembly.xml#AsyncMediation40"/>
  </connections>
  <connections type="routesTo" sourceAnchorX="0.3425925925925926" sourceAnchorY="1.0" targetAnchorX="0.2937062937062937" targetAnchorY="0.25">
    <source href="assembly.xml#//@beans/@mixed.1/@route.1/@subRoute.2"/>
    <target href="assembly.xml#AsyncMediation"/>
  </connections>
  <connections type="routesTo" sourceAnchorX="0.6610169491525424" sourceAnchorY="1.0" targetAnchorY="0.19811320754716982">
    <source href="assembly.xml#CloseInputfileAgg0"/>
    <target href="assembly.xml#InputFileAgg"/>
  </connections>
  <connections type="routesResponseTo" sourceAnchorX="0.678391959798995" sourceAnchorY="1.0" targetAnchorX="0.3602150537634409" targetAnchorY="0.3783783783783784">
    <source href="assembly.xml#Call-CloseInputfileAgg"/>
    <target href="assembly.xml#CallValidateInputFile"/>
  </connections>
  <connections type="routesTo" sourceAnchorX="1.0" sourceAnchorY="0.12598425196850394" targetAnchorX="0.19718309859154928" targetAnchorY="0.391304347826087">
    <source href="assembly.xml#AsyncMediation9"/>
    <target href="assembly.xml#CreatePayInput"/>
  </connections>
  <connections type="routesTo" sourceAnchorX="0.837037037037037" sourceAnchorY="1.0" targetAnchorX="0.6854460093896714" targetAnchorY="0.3783783783783784">
    <source href="assembly.xml#//@beans/@mixed.1/@mixed.107/@mixed.3"/>
    <target href="assembly.xml#PutIntegrationMessage2"/>
  </connections>
  <connections type="routesTo" sourceAnchorX="1.0" sourceAnchorY="0.1732283464566929" targetAnchorX="0.20161290322580644" targetAnchorY="0.25870646766169153">
    <source href="assembly.xml#CreatePayInput"/>
    <target href="assembly.xml#AggAndAudit"/>
  </connections>
  <connections type="routesTo" sourceAnchorX="0.4144144144144144" sourceAnchorY="1.0" targetAnchorX="0.14678899082568808" targetAnchorY="0.4634146341463415">
    <source href="assembly.xml#//@beans/@mixed.1/@route.2/@subRoute.0"/>
    <target href="assembly.xml#SplitInputs"/>
  </connections>
  <connections type="routesTo" sourceAnchorX="0.0" sourceAnchorY="0.5882352941176471" targetAnchorX="0.26666666666666666" targetAnchorY="0.53125">
    <source href="assembly.xml#//@beans/@mixed.1/@splitter.3/@subRoute.0"/>
    <target href="assembly.xml#CountInputs"/>
  </connections>
  <connections type="routesTo" sourceAnchorX="0.0" sourceAnchorY="0.17708333333333334" targetAnchorX="0.40229885057471265" targetAnchorY="0.20754716981132076">
    <source href="assembly.xml#CountInputs"/>
    <target href="assembly.xml#AggInputsInBatch"/>
  </connections>
  <connections type="routesTo" sourceAnchorX="0.6883116883116883" sourceAnchorY="1.0" targetAnchorX="0.3119266055045872" targetAnchorY="0.3779527559055118">
    <source href="assembly.xml#BatchMessage"/>
    <target href="assembly.xml#WrapWS"/>
  </connections>
  <connections type="routesTo" sourceAnchorX="1.0" sourceAnchorY="0.21621621621621623" targetAnchorX="0.20114942528735633" targetAnchorY="0.02830188679245283">
    <source href="assembly.xml#CloseAggInputsInBatch"/>
    <target href="assembly.xml#AggInputsInBatch"/>
  </connections>
  <connections type="routesResponseTo" sourceAnchorX="0.5606060606060606" sourceAnchorY="1.0" targetAnchorX="0.6852791878172588" targetAnchorY="0.4864864864864865">
    <source href="assembly.xml#Call-ProcessWorkers"/>
    <target href="assembly.xml#CallCloseAggregInput"/>
  </connections>
  <connections type="routesTo" sourceAnchorX="1.0" sourceAnchorY="0.16981132075471697" targetAnchorX="0.1781609195402299" targetAnchorY="0.13513513513513514">
    <source href="assembly.xml#AggInputsInBatch"/>
    <target href="assembly.xml#CallReleaseBatch"/>
  </connections>
  <connections type="routesTo" sourceAnchorX="1.0" sourceAnchorY="0.3333333333333333" targetAnchorX="0.4966887417218543" targetAnchorY="0.34375">
    <source href="assembly.xml#WrapWS"/>
    <target href="assembly.xml#AsyncMediation1"/>
  </connections>
  <connections type="routesResponseTo" sourceAnchorX="0.5634517766497462" sourceAnchorY="1.0" targetAnchorX="0.4050632911392405" targetAnchorY="0.3783783783783784">
    <source href="assembly.xml#CallCloseAggregInput"/>
    <target href="assembly.xml#CallCloseAggBatch"/>
  </connections>
  <connections type="routesResponseTo" sourceAnchorX="0.6127167630057804" sourceAnchorY="1.0" targetAnchorX="0.05238095238095238" targetAnchorY="0.3854166666666667">
    <source href="assembly.xml#WorkdayOutSoap"/>
    <target href="assembly.xml#AsyncMediation61"/>
  </connections>
  <connections type="routesTo" sourceAnchorX="1.0" sourceAnchorY="0.2916666666666667" targetAnchorX="0.14942528735632185" targetAnchorY="0.2169811320754717">
    <source href="assembly.xml#AsyncMediation61"/>
    <target href="assembly.xml#BatchAgg"/>
  </connections>
  <connections type="routesTo" sourceAnchorX="0.6518987341772152" sourceAnchorY="1.0" targetAnchorY="0.16981132075471697">
    <source href="assembly.xml#CloseAggBatch"/>
    <target href="assembly.xml#BatchAgg"/>
  </connections>
  <connections type="routesTo" sourceAnchorX="1.0" sourceAnchorY="0.41509433962264153" targetAnchorX="0.3081761006289308" targetAnchorY="0.2604166666666667">
    <source href="assembly.xml#BatchAgg"/>
    <target href="assembly.xml#AsyncMediation90"/>
  </connections>
  <connections type="routesTo" sourceAnchorX="0.543046357615894" sourceAnchorY="1.0" targetAnchorX="0.06358381502890173" targetAnchorY="0.43243243243243246">
    <source href="assembly.xml#AsyncMediation1"/>
    <target href="assembly.xml#WorkdayOutSoap"/>
  </connections>
  <connections type="routesTo" sourceAnchorX="0.6036036036036037" sourceAnchorY="1.0" targetAnchorX="0.15602836879432624" targetAnchorY="0.24324324324324326">
    <source href="assembly.xml#//@beans/@mixed.1/@route.2/@subRoute.1"/>
    <target href="assembly.xml#CallAuditLine"/>
  </connections>
  <connections type="routesTo" sourceAnchorX="0.8270676691729323" sourceAnchorY="1.0" targetAnchorX="0.039735099337748346" targetAnchorY="0.31521739130434784">
    <source href="assembly.xml#AuditRow"/>
    <target href="assembly.xml#AsyncMediation0"/>
  </connections>
  <connections type="routesTo" sourceAnchorX="1.0" sourceAnchorY="0.3125" targetAnchorX="0.1206896551724138" targetAnchorY="0.19811320754716982">
    <source href="assembly.xml#AsyncMediation0"/>
    <target href="assembly.xml#AggAudit"/>
  </connections>
  <connections type="routesTo" sourceAnchorX="0.506578947368421" sourceAnchorY="1.0" targetAnchorX="0.5402298850574713" targetAnchorY="0.14150943396226415">
    <source href="assembly.xml#CloseAggAudit"/>
    <target href="assembly.xml#AggAudit"/>
  </connections>
  <connections type="routesResponseTo" sourceAnchorX="0.5136612021857924" sourceAnchorY="1.0" targetAnchorX="0.5852272727272727" targetAnchorY="0.2972972972972973">
    <source href="assembly.xml#CallCloseAggBatch"/>
    <target href="assembly.xml#CallCloseAuditLog"/>
  </connections>
  <connections type="routesTo" sourceAnchorX="1.0" sourceAnchorY="0.29245283018867924" targetAnchorX="0.1388888888888889" targetAnchorY="0.3543307086614173">
    <source href="assembly.xml#AggAudit"/>
    <target href="assembly.xml#ZipAndStoreFile"/>
  </connections>
  <connections type="routesTo" sourceAnchorX="0.0" sourceAnchorY="0.15748031496062992" targetAnchorX="0.15950920245398773" targetAnchorY="0.43243243243243246">
    <source href="assembly.xml#ZipAndStoreFile"/>
    <target href="assembly.xml#PutAuditLogXML"/>
  </connections>
  <connections type="routesTo" sourceAnchorX="0.7299270072992701" sourceAnchorY="1.0" targetAnchorX="0.1267605633802817" targetAnchorY="0.6216216216216216">
    <source href="assembly.xml#//@beans/@mixed.1/@mixed.155/@mixed.3"/>
    <target href="assembly.xml#PutIntegrationMessage3"/>
  </connections>
  <connections type="routesTo" sourceAnchorX="0.8321678321678322" sourceAnchorY="1.0" targetAnchorX="0.6288659793814433" targetAnchorY="0.24324324324324326">
    <source href="assembly.xml#//@beans/@mixed.1/@mixed.223/@mixed.3"/>
    <target href="assembly.xml#UnexpectedAuditSplitterError"/>
  </connections>
  <connections type="routesResponseTo" sourceAnchorX="0.8529411764705882" sourceAnchorY="0.4594594594594595" targetAnchorX="0.23648648648648649" targetAnchorY="0.4675324675324675">
    <source href="assembly.xml#GetEventDocuments"/>
    <target href="assembly.xml#GetImportWIDsDoc"/>
  </connections>
  <connections type="routesTo" sourceAnchorX="0.5612244897959183" sourceAnchorY="0.456" targetAnchorX="0.1411764705882353" targetAnchorY="0.5135135135135135">
    <source href="assembly.xml#EventWID"/>
    <target href="assembly.xml#GetEventDocuments"/>
  </connections>
  <connections type="routesTo" sourceAnchorX="0.7733333333333333" sourceAnchorY="0.6063829787234043" targetAnchorX="0.3969465648854962" targetAnchorY="0.44805194805194803">
    <source href="assembly.xml#CopyAuditXML2Msg"/>
    <target href="assembly.xml#SplitByAuditRow"/>
  </connections>
  <connections type="routesTo" sourceAnchorX="1.0" sourceAnchorY="0.7647058823529411" targetAnchorX="0.028368794326241134" targetAnchorY="0.5869565217391305">
    <source href="assembly.xml#//@beans/@mixed.1/@route.3/@subRoute.0"/>
    <target href="assembly.xml#CopyAuditXML2Msg"/>
  </connections>
  <connections type="routesTo" sourceAnchorX="1.0" sourceAnchorY="0.8235294117647058" targetAnchorX="0.1417910447761194" targetAnchorY="0.6063829787234043">
    <source href="assembly.xml#//@beans/@mixed.1/@splitter.5/@subRoute.0"/>
    <target href="assembly.xml#SaveErrorsToMap"/>
    <bendpoints sourceX="26" sourceY="-44" targetX="-55"/>
  </connections>
  <connections type="routesTo" sourceAnchorX="0.4083769633507853" sourceAnchorY="0.5333333333333333" targetAnchorX="0.41353383458646614" targetAnchorY="0.35135135135135137">
    <source href="assembly.xml#//@beans/@mixed.1/@mixed.185/@mixed.3"/>
    <target href="assembly.xml#CallAuditError"/>
    <bendpoints sourceX="208" sourceY="-3" targetX="-14" targetY="91"/>
  </connections>
  <connections type="routesTo" sourceAnchorX="1.0" sourceAnchorY="0.574468085106383" targetAnchorX="0.4090909090909091" targetAnchorY="0.44805194805194803">
    <source href="assembly.xml#CopyImportDetailsMsg"/>
    <target href="assembly.xml#SplitByBatch"/>
  </connections>
  <connections type="routesTo" sourceAnchorX="1.0" sourceAnchorY="0.7058823529411765" targetAnchorX="0.19760479041916168" targetAnchorY="0.0851063829787234">
    <source href="assembly.xml#//@beans/@mixed.1/@route.4/@subRoute.0"/>
    <target href="assembly.xml#CopyImportDetailsMsg"/>
  </connections>
  <connections type="routesTo" sourceAnchorX="0.625" sourceAnchorY="1.0" targetAnchorX="0.5736434108527132" targetAnchorY="0.40540540540540543">
    <source href="assembly.xml#//@beans/@mixed.1/@mixed.217/@mixed.3"/>
    <target href="assembly.xml#CallAuditErrorCopyImportDetailsMsg"/>
  </connections>
  <connections type="routesTo" sourceAnchorX="0.6466666666666666" sourceAnchorY="0.5135135135135135" targetAnchorX="0.07207207207207207">
    <source href="assembly.xml#ProcessAuditFile"/>
    <target href="assembly.xml#GetAuditXML"/>
  </connections>
  <connections type="routesTo" sourceAnchorX="0.4358974358974359" sourceAnchorY="0.5943396226415094" targetAnchorX="0.08" targetAnchorY="0.6063829787234043">
    <source href="assembly.xml#AggFinalAudit"/>
    <target href="assembly.xml#StoreFinalAudit"/>
  </connections>
  <connections type="routesTo" sourceAnchorX="0.8048780487804879" sourceAnchorY="0.6063829787234043" targetAnchorX="0.1452991452991453" targetAnchorY="0.6037735849056604">
    <source href="assembly.xml#PrepareFinalAuditLine"/>
    <target href="assembly.xml#AggFinalAudit"/>
  </connections>
  <connections type="routesTo" sourceAnchorX="1.0" sourceAnchorY="0.7352941176470589" targetAnchorX="0.10975609756097561" targetAnchorY="0.40425531914893614">
    <source href="assembly.xml#//@beans/@mixed.1/@splitter.6/@subRoute.0"/>
    <target href="assembly.xml#PrepareFinalAuditLine"/>
  </connections>
  <connections type="routesResponseTo" sourceAnchorX="0.425531914893617" sourceAnchorY="0.7027027027027027" targetAnchorX="0.41721854304635764" targetAnchorY="0.35135135135135137">
    <source href="assembly.xml#CallRetrieveDocuments"/>
    <target href="assembly.xml#CallProcAuditFile"/>
  </connections>
  <connections type="routesResponseTo" sourceAnchorX="0.47191011235955055" sourceAnchorY="0.2702702702702703" targetAnchorX="0.4095744680851064" targetAnchorY="0.4864864864864865">
    <source href="assembly.xml#CallRetrieveBatchSize"/>
    <target href="assembly.xml#CallRetrieveDocuments"/>
  </connections>
  <connections type="routesTo" sourceAnchorX="0.4864864864864865" sourceAnchorY="1.0" targetAnchorX="0.47465437788018433" targetAnchorY="0.4594594594594595">
    <source href="assembly.xml#//@beans/@mixed.1/@mixed.173/@mixed.3"/>
    <target href="assembly.xml#CallAuditErrorGetImportMsgs"/>
  </connections>
  <connections type="routesTo" sourceAnchorX="0.4589041095890411" sourceAnchorY="0.5405405405405406" targetAnchorX="0.46629213483146065" targetAnchorY="0.2702702702702703">
    <source href="assembly.xml#ImportReporting"/>
    <target href="assembly.xml#CallRetrieveBatchSize"/>
  </connections>
  <connections type="routesResponseTo" sourceAnchorX="1.0" sourceAnchorY="0.40540540540540543" targetAnchorX="0.14792899408284024" targetAnchorY="0.3783783783783784">
    <source href="assembly.xml#GetImportProcMsgs"/>
    <target href="assembly.xml#CallProcImportMsgs"/>
  </connections>
  <connections type="routesTo" sourceAnchorX="1.0" sourceAnchorY="0.392" targetAnchorX="0.1144578313253012" targetAnchorY="0.5675675675675675">
    <source href="assembly.xml#PrepareImportMsgWS"/>
    <target href="assembly.xml#GetImportProcMsgs"/>
  </connections>
  <connections type="routesResponseTo" sourceAnchorX="1.0" sourceAnchorY="0.43243243243243246" targetAnchorX="0.15053763440860216" targetAnchorY="0.5638297872340425">
    <source href="assembly.xml#GetIntSysWS"/>
    <target href="assembly.xml#ImportInit"/>
  </connections>
  <connections type="routesTo" sourceAnchorX="1.0" sourceAnchorY="0.44" targetAnchorX="0.1484375" targetAnchorY="0.4864864864864865">
    <source href="assembly.xml#PrepareGetIntSysWS"/>
    <target href="assembly.xml#GetIntSysWS"/>
  </connections>
  <connections type="routesTo" sourceAnchorX="1.0" sourceAnchorY="0.4959349593495935" targetAnchorX="0.12307692307692308" targetAnchorY="0.5974025974025974">
    <source href="assembly.xml#NoErrorsInBatchMsg"/>
    <target href="assembly.xml#SplitByMessage"/>
  </connections>
  <connections type="routesTo" sourceAnchorX="1.0" sourceAnchorY="0.5405405405405406" targetAnchorX="0.28662420382165604" targetAnchorY="0.456">
    <source href="assembly.xml#RetrieveAttr"/>
    <target href="assembly.xml#PrepareGetIntSysWS"/>
  </connections>
  <connections type="routesTo" sourceAnchorX="1.0" sourceAnchorY="0.6176470588235294" targetAnchorX="0.28125" targetAnchorY="0.07446808510638298">
    <source href="assembly.xml#//@beans/@mixed.1/@splitter.4/@subRoute.0"/>
    <target href="assembly.xml#PrepareImportMsgWS"/>
  </connections>
  <connections type="routesTo" sourceAnchorX="0.8975903614457831" sourceAnchorY="0.5135135135135135" targetAnchorX="0.11224489795918367" targetAnchorY="0.456">
    <source href="assembly.xml#RetrieveDocuments"/>
    <target href="assembly.xml#EventWID"/>
  </connections>
  <connections type="routesTo" sourceAnchorX="0.43956043956043955" sourceAnchorY="0.7333333333333333" targetAnchorX="0.425414364640884" targetAnchorY="0.2702702702702703">
    <source href="assembly.xml#//@beans/@mixed.1/@mixed.177/@mixed.3"/>
    <target href="assembly.xml#CallAuditErrorGetDocs"/>
  </connections>
  <connections type="routesTo" sourceAnchorX="1.0" sourceAnchorY="0.5675675675675675" targetAnchorX="0.41025641025641024" targetAnchorY="0.4634146341463415">
    <source href="assembly.xml#ProcessImportMsgs"/>
    <target href="assembly.xml#NoErrorsInBatchMsg"/>
  </connections>
  <connections type="routesTo" sourceAnchorX="0.5369127516778524" sourceAnchorY="1.0" targetAnchorX="0.46524064171123" targetAnchorY="0.2972972972972973">
    <source href="assembly.xml#//@beans/@mixed.1/@mixed.165/@mixed.3"/>
    <target href="assembly.xml#UnexpectedSplitterError"/>
  </connections>
  <connections type="routesResponseTo" sourceAnchorX="0.40875912408759124" sourceAnchorY="1.0" targetAnchorX="0.4057971014492754" targetAnchorY="0.7027027027027027">
    <source href="assembly.xml#RetrieveAttrError"/>
    <target href="assembly.xml#AbortRetrieveAttr"/>
  </connections>
  <connections type="routesTo" sourceAnchorX="1.0" sourceAnchorY="0.4864864864864865" targetAnchorX="0.19863013698630136" targetAnchorY="0.4864864864864865">
    <source href="assembly.xml#AuditError"/>
    <target href="assembly.xml#RetrieveAttrError"/>
  </connections>
  <connections type="routesTo" sourceAnchorX="0.4842105263157895" sourceAnchorY="1.0" targetAnchorX="0.17695473251028807" targetAnchorY="0.1443850267379679">
    <source href="assembly.xml#Clean"/>
    <target href="assembly.xml#CreateCleanGetWorkersCall"/>
  </connections>
  <connections type="routesTo" sourceAnchorX="1.0" sourceAnchorY="0.13903743315508021" targetAnchorX="0.2537313432835821" targetAnchorY="0.34146341463414637">
    <source href="assembly.xml#CreateCleanGetWorkersCall"/>
    <target href="assembly.xml#SplitInvalidIDS"/>
  </connections>
  <connections type="routesTo" sourceAnchorX="0.7355371900826446" sourceAnchorY="1.0" targetAnchorX="0.1095890410958904" targetAnchorY="0.5833333333333334">
    <source href="assembly.xml#//@beans/@mixed.1/@splitter.7/@subRoute.0"/>
    <target href="assembly.xml#DeleteInvalidIDs"/>
  </connections>
  <connections type="routesTo" sourceAnchorX="0.8389830508474576" sourceAnchorY="1.0" targetAnchorX="0.6525821596244131" targetAnchorY="0.5405405405405406">
    <source href="assembly.xml#//@beans/@mixed.1/@mixed.237/@mixed.5"/>
    <target href="assembly.xml#PutIntegrationMessage4"/>
  </connections>
  <connections type="routesTo" sourceAnchorX="1.0" sourceAnchorY="0.1889763779527559" targetAnchorX="0.18779342723004694" targetAnchorY="0.16216216216216217">
    <source href="assembly.xml#AsyncMediation40"/>
    <target href="assembly.xml#PutIntegrationMessage5"/>
  </connections>
  <connections type="routesTo" sourceAnchorX="1.0" sourceAnchorY="0.15748031496062992" targetAnchorX="0.056338028169014086" targetAnchorY="0.35135135135135137">
    <source href="assembly.xml#Validate-Input-File"/>
    <target href="assembly.xml#PutIntegrationMessage6"/>
  </connections>
  <connections type="routesTo" sourceAnchorX="0.40512820512820513" sourceAnchorY="1.0" targetAnchorX="0.6103286384976526" targetAnchorY="0.32432432432432434">
    <source href="assembly.xml#//@beans/@mixed.1/@mixed.27/@mixed.3"/>
    <target href="assembly.xml#PutIntegrationMessage7"/>
  </connections>
  <connections type="routesTo" sourceAnchorX="1.0" sourceAnchorY="0.17708333333333334" targetAnchorX="0.3203125" targetAnchorY="0.3783783783783784">
    <source href="assembly.xml#WorkerRequest"/>
    <target href="assembly.xml#GetWorker"/>
  </connections>
  <connections type="routesTo" sourceAnchorX="0.9669421487603306" sourceAnchorY="0.43243243243243246" targetAnchorX="0.06060606060606061" targetAnchorY="0.3783783783783784">
    <source href="assembly.xml#//@beans/@mixed.1/@mixed.253"/>
    <target href="assembly.xml#Note-Error"/>
  </connections>
  <connections type="routesTo" sourceAnchorX="0.23529411764705882" sourceAnchorY="1.0" targetAnchorX="0.6961325966850829" targetAnchorY="0.3783783783783784">
    <source href="assembly.xml#//@beans/@mixed.1/@mixed.77/@mixed.3"/>
    <target href="assembly.xml#SendRetrievalError"/>
  </connections>
  <connections type="routesTo" sourceAnchorX="0.7291666666666666" sourceAnchorY="1.0" targetAnchorX="0.8729281767955801" targetAnchorY="0.35135135135135137">
    <source href="assembly.xml#//@beans/@mixed.1/@mixed.83/@mixed.3"/>
    <target href="assembly.xml#SendRetrievalError"/>
  </connections>
  <connections type="routesTo" sourceAnchorX="0.5519125683060109" sourceAnchorY="1.0" targetAnchorX="0.7025862068965517" targetAnchorY="0.4864864864864865">
    <source href="assembly.xml#//@beans/@mixed.1/@mixed.257/@mixed.3"/>
    <target href="assembly.xml#CriticalRetrieveDocsError1"/>
  </connections>
  <connections type="routesResponseTo" sourceAnchorX="0.6407766990291263" sourceAnchorY="1.0" targetAnchorX="0.05789473684210526" targetAnchorY="0.5590551181102362">
    <source href="assembly.xml#GetFile"/>
    <target href="assembly.xml#CheckFileRetrieved"/>
  </connections>
  <connections type="routesTo" sourceAnchorX="1.0" sourceAnchorY="0.18110236220472442" targetAnchorX="0.2561576354679803" targetAnchorY="0.3902439024390244">
    <source href="assembly.xml#CheckFileRetrieved"/>
    <target href="assembly.xml#RetrieveInputDocuments"/>
  </connections>
  <connections type="routesTo" sourceAnchorX="0.7578947368421053" sourceAnchorY="1.0" targetAnchorX="0.11009174311926606" targetAnchorY="0.30708661417322836">
    <source href="assembly.xml#//@beans/@mixed.1/@route.0/@subRoute.0"/>
    <target href="assembly.xml#VartoMsg"/>
  </connections>
  <connections type="routesTo" sourceAnchorX="0.9330024813895782" sourceAnchorY="1.0" targetAnchorX="0.8301886792452831" targetAnchorY="0.03125">
    <source href="assembly.xml#//@beans/@mixed.1/@mixed.51/@mixed.3"/>
    <target href="assembly.xml#AsyncMediation10"/>
  </connections>
  <swimlanes x="393" y="207" bgColor="12632256" name="Main Process" orientation="VERTICAL">
    <elements href="#//@swimlanes.10"/>
    <elements href="#//@swimlanes.15"/>
    <elements href="#//@swimlanes.11"/>
    <elements href="#//@swimlanes.3"/>
    <elements href="#//@swimlanes.32"/>
    <elements href="assembly.xml#PutIntegrationMessage4"/>
    <elements href="#//@swimlanes.6"/>
    <elements href="#//@swimlanes.27"/>
    <elements href="#//@swimlanes.30"/>
    <elements href="#//@swimlanes.35"/>
    <elements href="#//@swimlanes.36"/>
    <elements href="#//@swimlanes.5"/>
  </swimlanes>
  <swimlanes x="132" y="208" font="Arial|12|1" bgColor="8649403" fontColor="1" name="Main Flow" orientation="VERTICAL" alignment="MIDDLE">
    <elements href="assembly.xml#StartHere"/>
    <elements href="assembly.xml#Call-InitProps"/>
    <elements href="assembly.xml#ValidationMode"/>
    <elements href="assembly.xml#Call-FileRetrieval"/>
    <elements href="assembly.xml#Call-CloseInputfileAgg"/>
    <elements href="assembly.xml#CallValidateInputFile"/>
    <elements href="assembly.xml#Call-GetWorkerTenantedData"/>
    <elements href="assembly.xml#Call-ProcessWorkers"/>
    <elements href="assembly.xml#CallCloseAggregInput"/>
    <elements href="assembly.xml#CallCloseAggBatch"/>
    <elements href="assembly.xml#CallCloseAuditLog"/>
  </swimlanes>
  <swimlanes bgColor="12448165" fgColor="12320699" name="" alignment="MIDDLE" topBorderColor="12320699">
    <elements href="assembly.xml#GetWorker"/>
    <elements href="assembly.xml#WorkerResponse"/>
    <elements href="assembly.xml#Splitter2"/>
    <elements href="assembly.xml#AsyncMediation3"/>
  </swimlanes>
  <swimlanes y="1048" font="Arial|12|1" bgColor="12448165" fontColor="1" name="Get  Workers Request" alignment="MIDDLE" topBorderColor="4194368">
    <elements href="assembly.xml#GetWorkers1"/>
    <elements href="#//@swimlanes.12"/>
    <elements href="#//@swimlanes.13"/>
    <elements href="#//@swimlanes.2"/>
  </swimlanes>
  <swimlanes name="Swimlane" orientation="VERTICAL" alignment="MIDDLE">
    <elements href="assembly.xml#ErrorFinalCollator"/>
    <elements href="assembly.xml#Aggregator0"/>
  </swimlanes>
  <swimlanes x="5" y="1986" font="Arial|12|1" bgColor="12320699" fontColor="1" name="Aggregate Error Message" alignment="MIDDLE" topBorderColor="4194368">
    <elements href="assembly.xml#ErrorAggregate"/>
    <elements href="assembly.xml#WriteError"/>
    <elements href="#//@swimlanes.4"/>
    <elements href="assembly.xml#AsyncMediation6"/>
    <elements href="assembly.xml#PutIntegrationMessage"/>
  </swimlanes>
  <swimlanes x="507" y="1929" bgColor="10465247" name="Swimlane">
    <elements href="assembly.xml#ProcessWorkers"/>
    <elements href="#//@swimlanes.7"/>
    <elements href="assembly.xml#Splitter3"/>
    <elements href="#//@swimlanes.8"/>
    <elements href="#//@swimlanes.14"/>
    <elements href="#//@swimlanes.23"/>
    <elements href="#//@swimlanes.24"/>
  </swimlanes>
  <swimlanes x="155" y="2005" bgColor="12035229" fgColor="12632256" name="" orientation="VERTICAL" topBorderColor="16744448">
    <elements href="assembly.xml#AsyncMediation70"/>
    <elements href="assembly.xml#CallNoErrorRow"/>
  </swimlanes>
  <swimlanes x="737" y="1897" font="Arial|10|1" bgColor="10465247" fontColor="1" name="Process Row and Set up Validation Conditions" orientation="VERTICAL" alignment="MIDDLE">
    <elements href="assembly.xml#AsyncMediation9"/>
    <elements href="assembly.xml#PutIntegrationMessage1"/>
    <elements href="assembly.xml#AsyncMediation10"/>
    <elements href="assembly.xml#CallErrorLog1"/>
  </swimlanes>
  <swimlanes x="51" y="-18" orientation="VERTICAL" elements="//@swimlanes.1"/>
  <swimlanes x="552" y="-22" bgColor="12615808" name="Init Props,Variables, Maps and Lists">
    <elements href="assembly.xml#Init-In"/>
    <elements href="assembly.xml#InitMediation"/>
    <elements href="assembly.xml#PutIntegrationMessage0"/>
  </swimlanes>
  <swimlanes x="679" y="309" font="Arial|9|1" bgColor="10465247" fontColor="1" name="Validate Input File" alignment="MIDDLE">
    <elements href="assembly.xml#Validate-INput-File"/>
    <elements href="#//@swimlanes.34"/>
    <elements href="assembly.xml#PutIntegrationMessage6"/>
  </swimlanes>
  <swimlanes x="651" y="978" bgColor="12448165" name="GetWorker Request and Error Log" orientation="VERTICAL" alignment="MIDDLE">
    <elements href="assembly.xml#AsyncMediation4"/>
    <elements href="assembly.xml#PutIntegrationMessage7"/>
  </swimlanes>
  <swimlanes x="921" y="1061" bgColor="12448165" name="Swimlane" orientation="VERTICAL">
    <elements href="assembly.xml#WorkerRequest"/>
  </swimlanes>
  <swimlanes x="1552" y="1801" name="Swimlane" orientation="VERTICAL">
    <elements href="assembly.xml#CreatePayInput"/>
    <elements href="assembly.xml#PutIntegrationMessage2"/>
  </swimlanes>
  <swimlanes x="921" y="218" name="File Retrieval">
    <elements href="assembly.xml#FileRetrieval0"/>
    <elements href="assembly.xml#InitRetrieveParams"/>
    <elements href="assembly.xml#GetFile"/>
    <elements href="#//@swimlanes.39"/>
    <elements href="assembly.xml#RetrieveInputDocuments"/>
    <elements href="#//@swimlanes.16"/>
    <elements href="assembly.xml#StandardSplit"/>
    <elements href="assembly.xml#AsyncMediation5"/>
    <elements href="assembly.xml#SplitContent"/>
    <elements href="#//@swimlanes.17"/>
  </swimlanes>
  <swimlanes x="1219" y="342" name="Swimlane" orientation="VERTICAL">
    <elements href="assembly.xml#VartoMsg"/>
    <elements href="assembly.xml#SendRetrievalError"/>
  </swimlanes>
  <swimlanes x="2090" y="418" name="Swimlane" orientation="VERTICAL" elements="//@swimlanes.18 //@swimlanes.19 //@swimlanes.20"/>
  <swimlanes x="2164" y="368" name="Swimlane">
    <elements href="assembly.xml#AsyncMediation60"/>
    <elements href="#//@swimlanes.21"/>
    <elements href="#//@swimlanes.22"/>
    <elements href="assembly.xml#Store"/>
  </swimlanes>
  <swimlanes x="2148" y="424" name="Swimlane">
    <elements href="#//@swimlanes.33"/>
    <elements href="assembly.xml#PutIntegrationMessage5"/>
  </swimlanes>
  <swimlanes x="2136" y="508" name="Swimlane">
    <elements href="assembly.xml#AsyncMediation"/>
  </swimlanes>
  <swimlanes x="2378" y="426" name="Swimlane" orientation="VERTICAL">
    <elements href="assembly.xml#EmployeeID"/>
    <elements href="assembly.xml#InvalidEmployeeError"/>
  </swimlanes>
  <swimlanes x="2636" y="699" name="Swimlane" orientation="VERTICAL">
    <elements href="assembly.xml#CloseInputfileAgg0"/>
    <elements href="assembly.xml#InputFileAgg"/>
  </swimlanes>
  <swimlanes x="1828" y="2244" name="Swimlane">
    <elements href="assembly.xml#AggAndAudit"/>
  </swimlanes>
  <swimlanes x="2022" y="2257" name="Swimlane" orientation="VERTICAL">
    <elements href="assembly.xml#CloseAggInputsInBatch"/>
    <elements href="#//@swimlanes.25"/>
    <elements href="#//@swimlanes.26"/>
  </swimlanes>
  <swimlanes x="2061" y="2200" name="Swimlane">
    <elements href="assembly.xml#SplitInputs"/>
    <elements href="assembly.xml#CountInputs"/>
    <elements href="assembly.xml#AggInputsInBatch"/>
    <elements href="assembly.xml#CallReleaseBatch"/>
  </swimlanes>
  <swimlanes x="2068" y="2273" name="Swimlane">
    <elements href="assembly.xml#CallAuditLine"/>
  </swimlanes>
  <swimlanes x="553" y="2659" name="Swimlane" elements="//@swimlanes.28"/>
  <swimlanes x="497" y="2710" name="Swimlane">
    <elements href="assembly.xml#BatchMessage"/>
    <elements href="assembly.xml#WrapWS"/>
    <elements href="assembly.xml#AsyncMediation1"/>
    <elements href="assembly.xml#WorkdayOutSoap"/>
    <elements href="assembly.xml#AsyncMediation61"/>
    <elements href="#//@swimlanes.29"/>
    <elements href="assembly.xml#AsyncMediation90"/>
  </swimlanes>
  <swimlanes x="1379" y="2847" name="Swimlane" orientation="VERTICAL">
    <elements href="assembly.xml#CloseAggBatch"/>
    <elements href="assembly.xml#BatchAgg"/>
  </swimlanes>
  <swimlanes x="533" y="3044" name="Audit Row">
    <elements href="assembly.xml#AuditRow"/>
    <elements href="assembly.xml#AsyncMediation0"/>
    <elements href="#//@swimlanes.31"/>
    <elements href="assembly.xml#ZipAndStoreFile"/>
    <elements href="assembly.xml#PutAuditLogXML"/>
    <elements href="assembly.xml#PutIntegrationMessage3"/>
  </swimlanes>
  <swimlanes x="885" y="3098" name="Swimlane" orientation="VERTICAL">
    <elements href="assembly.xml#CloseAggAudit"/>
    <elements href="assembly.xml#AggAudit"/>
  </swimlanes>
  <swimlanes x="756" y="1791" name="Swimlane">
    <elements href="assembly.xml#Clean"/>
    <elements href="assembly.xml#CreateCleanGetWorkersCall"/>
    <elements href="assembly.xml#SplitInvalidIDS"/>
    <elements href="assembly.xml#DeleteInvalidIDs"/>
  </swimlanes>
  <swimlanes x="2132" y="774" name="Swimlane" orientation="VERTICAL">
    <elements href="assembly.xml#AsyncMediation40"/>
    <elements href="assembly.xml#SchemaError0"/>
  </swimlanes>
  <swimlanes x="674" y="1226" name="Swimlane" orientation="VERTICAL">
    <elements href="assembly.xml#Validate-Input-File"/>
    <elements href="assembly.xml#PutEmptyFileMessage"/>
  </swimlanes>
  <swimlanes x="611" y="3947" name="Swimlane">
    <elements href="assembly.xml#RetrieveAttr"/>
    <elements href="assembly.xml#PrepareGetIntSysWS"/>
    <elements href="assembly.xml#CallAuditError"/>
    <elements href="assembly.xml#GetIntSysWS"/>
    <elements href="assembly.xml#ImportInit"/>
  </swimlanes>
  <swimlanes x="536" y="4172" name="Swimlane">
    <elements href="assembly.xml#RetrieveDocuments"/>
    <elements href="#//@swimlanes.37"/>
    <elements href="assembly.xml#GetEventDocuments"/>
    <elements href="assembly.xml#GetImportWIDsDoc"/>
    <elements href="assembly.xml#CopyImportDetailsMsg"/>
    <elements href="assembly.xml#SplitByBatch"/>
    <elements href="assembly.xml#PrepareImportMsgWS"/>
    <elements href="assembly.xml#GetImportProcMsgs"/>
    <elements href="assembly.xml#CallProcImportMsgs"/>
  </swimlanes>
  <swimlanes x="905" y="4229" name="Swimlane" orientation="VERTICAL">
    <elements href="assembly.xml#EventWID"/>
    <elements href="assembly.xml#CallAuditErrorGetDocs"/>
  </swimlanes>
  <swimlanes x="57" y="4162" name="Swimlane">
    <elements href="assembly.xml#//@beans/@mixed.1/@mixed.253"/>
    <elements href="assembly.xml#Note-Error"/>
  </swimlanes>
  <swimlanes x="475" y="513" name="Swimlane" orientation="VERTICAL">
    <elements href="assembly.xml#CheckFileRetrieved"/>
    <elements href="assembly.xml#CriticalRetrieveDocsError1"/>
  </swimlanes>
</wdnm:Diagram>
