<?xml version="1.0" encoding="UTF-8"?>
<beans
     xmlns="http://www.springframework.org/schema/beans"
     xmlns:beans="http://www.springframework.org/schema/beans"
     xmlns:atom="http://www.w3.org/2005/Atom"
     xmlns:cc="http://www.capeclear.com/assembly/10"
     xmlns:cloud="urn:com.workday/esb/cloud/10.0"
     xmlns:env="http://schemas.xmlsoap.org/soap/envelope/"
     xmlns:SOAP-ENV="http://schemas.xmlsoap.org/soap/envelope/"
     xmlns:pi="urn:com.workday/picof"
     xmlns:pptc="http://symmetry.com/pptc/"
     xmlns:wd="urn:com.workday/bsvc"
     xmlns:xsi="http://www.w3.org/2001/XMLSchema-instance">
 
	<cc:assembly id="WorkdayAssembly" version="2019.35">
        <cc:workday-in id="StartHere" routes-to="CallGetLocations">
            <cc:integration-system name="INT8913-MinWages">
        <cloud:attribute-map-service name="MinWages">
          <cloud:attribute name="UserName">
            <cloud:type>
              <cloud:simple-type>text</cloud:simple-type>
            </cloud:type>
          </cloud:attribute>
          <cloud:attribute name="Password">
            <cloud:type>
              <cloud:simple-type>text</cloud:simple-type>
            </cloud:type>
            <cloud:display-option>display-as-password</cloud:display-option>
          </cloud:attribute>
          <cloud:attribute name="EndPoint">
            <cloud:type>
              <cloud:simple-type>text</cloud:simple-type>
            </cloud:type>
          </cloud:attribute>
        </cloud:attribute-map-service>
        <cloud:delivery-service name="MinWages-Delivery"/>
        <cloud:report-service name="GetLocations">
          <cloud:report-alias description="INT8913 Location - Minwages" name="GetLocations">
            <cloud:report-reference description="INT8913 Location - Minwages" type="WID">c6690cb04b2201259859acebd90ee01f</cloud:report-reference>
          </cloud:report-alias>
        </cloud:report-service>
      </cc:integration-system>
        </cc:workday-in>
        <cc:local-out id="CallGetLocations" store-message="none" routes-response-to="CallStopAggregator" endpoint="vm://INT8913-MinWages/GetLocations"/>
        <cc:local-in id="GetLocations" routes-to="CallReport"/>
        <cc:workday-out-rest id="CallReport" routes-response-to="AsyncMediation0" extra-path="@{intsys.reportService.getExtrapath('GetLocations')}"/>
        <cc:async-mediation id="AssignValues" routes-to="HttpOut0">
            <cc:steps>
                <cc:eval id="AssignValues">
                    <cc:expression>props['Username']=intsys.getAttribute('UserName')</cc:expression>
                    <cc:expression>props['Password']=intsys.getAttribute('Password')</cc:expression>
                    <cc:expression>props['endpoint']=intsys.getAttribute('EndPoint')</cc:expression>
                    <cc:expression>props['streetAddress']=parts[0].xpath('wd:Report_Entry/wd:Addresses')</cc:expression>
                    <cc:expression>props['city']=parts[0].xpath('wd:Report_Entry/wd:City')</cc:expression>
                    <cc:expression>props['state']=parts[0].xpath('wd:Report_Entry/wd:State')</cc:expression>
                    <cc:expression>props['postalCode']=parts[0].xpath('wd:Report_Entry/wd:Postal_Code')</cc:expression>
                    <cc:expression>props['collate']=false</cc:expression>
                    <cc:expression>// props['my.nonce'] = org.apache.commons.lang.RandomStringUtils.randomAlphanumeric(50)</cc:expression>
                    <cc:expression>//props['Created'] = java.time.LocalDateTime.now().format(java.time.format.DateTimeFormatter.ofPattern(&quot;HH:mm:ssSSS&quot;)).toString()</cc:expression>
                    <cc:expression>//props['BeforePWDDigest']= props['my.nonce'] + props['Created'] + props['Password']</cc:expression>
                    <cc:expression>//props['BeforePWDDigest22']= props['my.nonce'] # props['Created'] # props['Password']</cc:expression>
                    <cc:expression>// props['SHA']= org.apache.commons.codec.digest.DigestUtils.sha1(props['BeforePWDDigest22'])</cc:expression>
                </cc:eval>
                <cc:eval id="AssignWSData">
                    <cc:expression>props['vNonce'] = com.alight.utils.PasswordDigest.CreateNonce()</cc:expression>
                    <cc:expression>props['vUidToken'] = com.alight.utils.PasswordDigest.CreateUsernameToken()</cc:expression>
                    <cc:expression>props['vCreated'] = java.time.LocalDateTime.now().toString() # 'Z'</cc:expression>
                    <cc:expression>props['vPasswordDigest'] = com.alight.utils.PasswordDigest.GenerateDigest(props['vNonce'],props['vCreated'],props['Password'])</cc:expression>
                </cc:eval>
                <cc:write id="Write">
                    <cc:message>
                        <cc:text>&lt;?xml version=&quot;1.0&quot; encoding=&quot;UTF-8&quot;?>&#xD;
&lt;soapenv:Envelope xmlns:pptc=&quot;http://symmetry.com/pptc/&quot; xmlns:soapenv=&quot;http://schemas.xmlsoap.org/soap/envelope/&quot;>&#xD;
    &lt;soapenv:Header>&#xD;
        &lt;wsse:Security soapenv:mustUnderstand=&quot;1&quot;&#xD;
            xmlns:wsse=&quot;http://docs.oasis-open.org/wss/2004/01/oasis-200401-wss-wssecurity-secext-1.0.xsd&quot;&#xD;
            xmlns:wsu=&quot;http://docs.oasis-open.org/wss/2004/01/oasis-200401-wss-wssecurity-utility-1.0.xsd&quot;>&#xD;
            &lt;wsse:UsernameToken wsu:Id=&quot;@{props['vUidToken']}&quot;>&#xD;
                &lt;wsse:Username>@{props['Username']}&lt;/wsse:Username>&#xD;
                &lt;wsse:Password&#xD;
                    Type=&quot;http://docs.oasis-open.org/wss/2004/01/oasis-200401-wss-username-token-profile-1.0#PasswordDigest&quot;&#xD;
                    >@{props['vPasswordDigest']}&lt;/wsse:Password>&#xD;
                &lt;wsse:Nonce&#xD;
                    EncodingType=&quot;http://docs.oasis-open.org/wss/2004/01/oasis-200401-wss-soap-message-security-1.0#Base64Binary&quot;&#xD;
                    >@{props['vNonce']}&lt;/wsse:Nonce>&#xD;
                &lt;wsu:Created>@{props['vCreated']}&lt;/wsu:Created>&#xD;
            &lt;/wsse:UsernameToken>&#xD;
        &lt;/wsse:Security>&#xD;
    &lt;/soapenv:Header>&#xD;
    &lt;soapenv:Body>&#xD;
        &lt;pptc:PayrollPointRequest>&#xD;
            &lt;!--Optional:-->&#xD;
            &lt;!--Optional:-->&#xD;
            &lt;HomeAddress>&#xD;
                &lt;StreetAddress>20 manor dr.&lt;/StreetAddress>&#xD;
                &lt;City>Oswego&lt;/City>&#xD;
                &lt;State>NY&lt;/State>&#xD;
                &lt;Zip>13126&lt;/Zip>&#xD;
            &lt;/HomeAddress>&#xD;
            &lt;WorkAddress>&#xD;
                &lt;StreetAddress>@{props['streetAddress']}&lt;/StreetAddress>&#xD;
                &lt;City>@{props['city']}&lt;/City>&#xD;
                &lt;State>@{props['state']}&lt;/State>&#xD;
                &lt;Zip>@{props['postalCode']}&lt;/Zip>&#xD;
            &lt;/WorkAddress>&#xD;
            &lt;!--Optional:-->&#xD;
        &lt;/pptc:PayrollPointRequest>&#xD;
    &lt;/soapenv:Body>&#xD;
&lt;/soapenv:Envelope></cc:text>
                    </cc:message>
                </cc:write>
            </cc:steps>
            <cc:send-error id="SendError" routes-to="PIM-AssignValues"/>
        </cc:async-mediation>
        <cc:splitter id="Splitter">
            <cc:sub-route name="SubRoute" routes-to="AssignValues"/>
            <cc:xml-stream-splitter xpath="/wd:Report_Data/wd:Report_Entry"/>
        </cc:splitter>
        <cc:http-out id="HttpOut" routes-response-to="RemoveHeaders" endpoint="https://www.payroll-point.com/payrollpointpro-ws/" http-method="POST">
            <cc:wsdl-soap-binding>
                <cc:ws-ut created="true" nonce="true" password="ktW54XWw" password-digest-algorithm="SHA1" username="Alight_LLC_PRPWS_MW"/>
            </cc:wsdl-soap-binding>
        </cc:http-out>
        <cc:local-in id="StopAggregator" routes-to="Aggregator"/>
        <cc:aggregator id="Aggregator" routes-to="CallInfoAudit" collate-when="!props['collate']" force-batch-when="props['collate']">
            <cc:size-batch-strategy batch-size="-1"/>
            <cc:xml-message-content-collater output="variable" output-variable="WS_Output">
        <cc:header-text>&lt;MinWages></cc:header-text>
        <cc:footer-text>&lt;/MinWages></cc:footer-text>
      </cc:xml-message-content-collater>
        </cc:aggregator>
        <cc:async-mediation id="CreateOutputFile" routes-to="PutIntegrationMessage">
            <cc:steps>
                <cc:log id="Log" input="variable" input-variable="WS_Output">
                    <cc:log-message>
                        <cc:text>***********************************************************Start************************************************************************************</cc:text>
                        <cc:message-content/>
                        <cc:text>***********************************************************Start************************************************************************************</cc:text>
                    </cc:log-message>
                </cc:log>
                <cc:xslt id="FormatMinWages" input="variable" input-variable="WS_Output" url="FormatWages.xsl"/>
                <cc:xslt id="FinalWageData" url="FinalWages.xsl"/>
                <cc:store id="Store" output="variable" output-variable="INT8913-MinimumWage" input="message" createDocumentReference="true" expiresIn="P90D" title="INT8913-MinimumWage.csv"/>
            </cc:steps>
            <cc:send-error id="SendError" routes-to="PIM-CreateOutputFile"/>
        </cc:async-mediation>
        <cc:local-out id="CallStopAggregator" store-message="none" routes-response-to="CallCreateFile" endpoint="vm://INT8913-MinWages/StopAggregator"><cc:set name="collate" value="true"/></cc:local-out>
        <cc:local-out id="CallCreateFile" store-message="none" routes-response-to="CallStoreLog" endpoint="vm://INT8913-MinWages/CreateFile"/>
        <cc:local-in id="CreateFile" routes-to="CreateOutputFile"/>
        <cc:async-mediation id="RemoveHeaders" routes-to="Aggregator">
            <cc:steps>
                <cc:eval id="Eval_WS_Response">
                    <cc:expression>props['Chk.response']=parts[0].xpath('SOAP-ENV:Envelope/SOAP-ENV:Body/pptc:PayrollPointResponse/WorkAddress/MinimumWage')</cc:expression>
                    <cc:expression>props['response']= (props['Chk.response'] == '' || props['Chk.response'] == empty) ? true : false</cc:expression>
                </cc:eval>
                <cc:validate-exp id="ValidateExp">
                    <cc:expression error-number="101" failure-message="Invalid Response. Check Address,City,State and Postal Code and correct it in Workday" replace-message="true">!props['response']</cc:expression>
                </cc:validate-exp>
                <cc:eval id="ProcessRecs">
                    <cc:expression>props['processed.Recs']= props['processed.Recs'] + 1;</cc:expression>
                </cc:eval>
                <cc:xslt id="RemoveSoapHeader" url="RemoveHeaders.xsl"/>
            </cc:steps>
            <cc:send-error id="SendError" routes-to="CallAudit"/>
        </cc:async-mediation>
        <cc:http-out id="HttpOut0" routes-response-to="RemoveHeaders" endpoint="@{props['endpoint']}" http-method="POST"/>
        <cc:local-out id="PIM-AssignValues" endpoint="vm://wcc/PutIntegrationMessage"><cc:set name="is.message.severity" value="'CRITICAL'"/><cc:set name="is.message.summary" value="'Error Occured at:' + context.errorComponentId"/><cc:set name="is.message.detail" value="context.errorMessage"/></cc:local-out>
        <cc:local-out id="PIM-CreateOutputFile" endpoint="vm://wcc/PutIntegrationMessage"><cc:set name="is.message.severity" value="'CRITICAL'"/><cc:set name="is.message.summary" value="'Error Occured at:' + context.errorComponentId"/><cc:set name="is.message.detail" value="context.errorMessage"/></cc:local-out>
        <cc:local-in id="Audit" routes-to="PrapareLog"/>
        <cc:async-mediation id="PrapareLog">
            <cc:steps>
                <cc:eval id="Eval_Err_Msg">
                    <cc:expression>props['err.msg']=props['Audit.msg'] == 'Failure' ? context.errorMessage : ''</cc:expression>
                </cc:eval>
                <cc:set-headers id="SetHeaders"><cc:remove-headers>
    <cc:remove-header name="X-Validate-Only"/>
</cc:remove-headers><cc:add-headers/></cc:set-headers>
                <cc:cloud-log id="CloudLog" level="props['audit.severity']" message="@{props['cl.msg']}" message-details="@{props['err.msg']}" variable-name="v.cloud.log"/>
            </cc:steps>
        </cc:async-mediation>
        <cc:local-out id="CallAudit" store-message="none" endpoint="vm://INT8913-MinWages/Audit"><cc:set name="Audit.msg" value="'Failure'"/><cc:set name="cl.msg" value="'Error Processing: Address-' # props['streetAddress'] # '; City-' # props['city'] # '; State-' # props['state'] # '; PostalCode-' # props['postalCode'] "/><cc:set name="audit.severity" value="'error'"/><cc:set name="seterror" value="props['p.critical.error'] = true"/></cc:local-out>
        <cc:local-out id="CallStoreLog" store-message="none" endpoint="vm://INT8913-MinWages/StoreLog"/>
        <cc:local-in id="StoreLog" routes-to="AsyncMediation"/>
        <cc:async-mediation id="AsyncMediation" routes-to="PutIntegrationMessage1">
            <cc:steps>
                <cc:store id="Store" input="variable" input-variable="v.cloud.log" title="ErrorLog.html"/>
            </cc:steps>
            <cc:send-error id="SendError" routes-to="PutIntegrationMessage0"/>
        </cc:async-mediation>
        <cc:local-out id="PutIntegrationMessage" endpoint="vm://wcc/PutIntegrationMessage"><cc:set name="is.message.severity" value="'INFO'"/><cc:set name="is.message.summary" value="'Minimum wages file created.'"/><cc:set name="is.document.deliverable" value="'true'"/><cc:set name="is.document.labels" value="'INT8913'"/><cc:set name="is.document.file.name" value="'INT8913-MinimumWage.csv'"/><cc:set name="is.document.variable.name" value="'INT8913-MinimumWage'"/></cc:local-out>
        <cc:local-out id="PutIntegrationMessage0" endpoint="vm://wcc/PutIntegrationMessage"><cc:set name="is.message.severity" value="'ERROR'"/><cc:set name="is.message.summary" value="'Error creating log files'"/></cc:local-out>
        <cc:local-out id="PutIntegrationMessage1" execute-when="props['p.critical.error'] == true" endpoint="vm://wcc/PutIntegrationMessage"><cc:set name="is.message.severity" value="'ERROR'"/><cc:set name="is.message.summary" value="'Error getting data from Symmetry.Check log for details.'"/></cc:local-out>
        <cc:async-mediation id="AsyncMediation0" routes-to="Splitter">
            <cc:steps>
                <cc:eval id="Eval">
                    <cc:expression>props['p.critical.error'] = false</cc:expression>
                    <cc:expression>props['counter'] = parts[0].xpath('count(wd:Report_Data/wd:Report_Entry)')</cc:expression>
                    <cc:expression>props['processed.Recs']=0;</cc:expression>
                </cc:eval>
            </cc:steps>
        </cc:async-mediation>
        <cc:local-out id="CallInfoAudit" store-message="none" endpoint="vm://INT8913-MinWages/Audit"><cc:set name="cl.msg" value="'Total Locations from report : '+props['counter']+ '; Total Locations Processed : '+ props['processed.Recs']+';'"/><cc:set name="audit.severity" value="'info'"/></cc:local-out>
	</cc:assembly>

</beans>