<?xml version='1.0' encoding='UTF-8'?>
<wd:Report_Entry xmlns:wd="urn:com.workday/bsvc">
    <wd:StatementLine wd:Descriptor="02/01/2021 $1,522.34  142 ACH Credit Received">
        <wd:ID wd:type="WID">dfb35f33177a81351affffe0d407663c</wd:ID>
    </wd:StatementLine>
    <wd:WorkdayID>dfb35f33177a81351affffe0d407663c</wd:WorkdayID>
    <wd:BankAccount wd:Descriptor="Hodges-Mace LLC Operating">
        <wd:ID wd:type="WID">b23c2233f4cf01ea668835c7030119b7</wd:ID>
        <wd:ID wd:type="Bank_Account_ID">HODGES_MACE_OPERATING_TRUIST</wd:ID>
    </wd:BankAccount>
    <wd:BankAccountGroup_group>
        <wd:BankAccountRefID>HODGES_MACE_OPERATING_TRUIST</wd:BankAccountRefID>
    </wd:BankAccountGroup_group>
    <wd:BankReference>ACHCBAY BRIDGE A</wd:BankReference>
    <wd:Company wd:Descriptor="1US14 Hodges Mace, LLC">
        <wd:ID wd:type="WID">16a3cb84718201635a14dd69fc323963</wd:ID>
        <wd:ID wd:type="Organization_Reference_ID">1US14</wd:ID>
        <wd:ID wd:type="Company_Reference_ID">1US14</wd:ID>
    </wd:Company>
    <wd:CompanyGroup_group>
        <wd:CompanyID>1US14</wd:CompanyID>
    </wd:CompanyGroup_group>
    <wd:LineReferenceNumber>CRD ID 631089</wd:LineReferenceNumber>
    <wd:Amount>1522.34</wd:Amount>
    <wd:StatementDate>2021-02-01-08:00</wd:StatementDate>
    <wd:Currency wd:Descriptor="USD">
        <wd:ID wd:type="WID">9e996ffdd3e14da0ba7275d5400bafd4</wd:ID>
        <wd:ID wd:type="Currency_ID">USD</wd:ID>
        <wd:ID wd:type="Currency_Numeric_Code">840</wd:ID>
    </wd:Currency>
    <wd:LineTypeCode wd:Descriptor="142 ACH Credit Received">
        <wd:ID wd:type="WID">db3e9e34446c11de98360015c5e6daf6</wd:ID>
        <wd:ID wd:type="Bank_Statement_Transaction_Type_Code">142</wd:ID>
    </wd:LineTypeCode>
    <wd:LineTypeGroup_group>
        <wd:LineTypeCodeRefID>142</wd:LineTypeCodeRefID>
    </wd:LineTypeGroup_group>
    <wd:Addenda>PAR#: 21032005121701/TYPE: CCD/SENDER: BAY BRIDGE ADMIN/SENDER ID:
        9000197899/PAYEE: HODGES-MACE LLC [BB10/DESCRIPTION: CORP PMT I/</wd:Addenda>
    <wd:SenderName>SENDER: BAY BRIDGE ADMIN</wd:SenderName>
</wd:Report_Entry>