<?xml version="1.0" encoding="UTF-8"?>
<wdnm:Diagram xmlns:wdnm="http://workday.com/studio/editors/notation">
  <element href="assembly.xml#WorkdayAssembly"/>
  <visualProperties>
    <element href="assembly.xml#GetEventDocuments"/>
  </visualProperties>
  <visualProperties>
    <element href="assembly.xml#convertGreenHouseInput2XML"/>
  </visualProperties>
  <visualProperties>
    <element href="assembly.xml#CallPositionRaas"/>
  </visualProperties>
  <visualProperties>
    <element href="assembly.xml#CallEndContract"/>
  </visualProperties>
  <visualProperties>
    <element href="assembly.xml#FindPreHireRecord"/>
  </visualProperties>
  <visualProperties>
    <element href="assembly.xml#Hire-Employee"/>
  </visualProperties>
  <visualProperties>
    <element href="assembly.xml#CallChangejob"/>
  </visualProperties>
  <visualProperties x="3593" y="91">
    <element href="assembly.xml#CallReferralOTP"/>
  </visualProperties>
  <visualProperties>
    <element href="assembly.xml#integrationCompleted-PIM"/>
  </visualProperties>
  <visualProperties x="37" y="117">
    <element href="assembly.xml#StartHere"/>
  </visualProperties>
  <visualProperties>
    <element href="assembly.xml#PositionDetails"/>
  </visualProperties>
  <visualProperties>
    <element href="assembly.xml#positionDetailsRESTError"/>
  </visualProperties>
  <visualProperties>
    <element href="assembly.xml#positionDetails-REST"/>
  </visualProperties>
  <visualProperties>
    <element href="assembly.xml#positionDetailsResponse"/>
  </visualProperties>
  <visualProperties>
    <element href="assembly.xml#ExistingPreHire"/>
  </visualProperties>
  <visualProperties>
    <element href="assembly.xml#Route"/>
  </visualProperties>
  <visualProperties>
    <element href="assembly.xml#rehireDetailsError"/>
  </visualProperties>
  <visualProperties>
    <element href="assembly.xml#rehireDetailsError-PIM"/>
  </visualProperties>
  <visualProperties>
    <element href="assembly.xml#rehireDetails-REST"/>
  </visualProperties>
  <visualProperties>
    <element href="assembly.xml#rehirePreHireUpdate"/>
  </visualProperties>
  <visualProperties>
    <element href="assembly.xml#rehirePreHireUpdateError-PIM"/>
  </visualProperties>
  <visualProperties>
    <element href="assembly.xml#putApplicant-Soap"/>
  </visualProperties>
  <visualProperties>
    <element href="assembly.xml#prehireLookupError"/>
  </visualProperties>
  <visualProperties>
    <element href="assembly.xml#prehireLookupError-PIM"/>
  </visualProperties>
  <visualProperties>
    <element href="assembly.xml#preHireLookup-REST"/>
  </visualProperties>
  <visualProperties>
    <element href="assembly.xml#preHireExistsCheck"/>
  </visualProperties>
  <visualProperties>
    <element href="assembly.xml#existingPreHireUpdate-PIM"/>
  </visualProperties>
  <visualProperties>
    <element href="assembly.xml#crePreHireWSRequest"/>
  </visualProperties>
  <visualProperties>
    <element href="assembly.xml#crePreHireError-PIM"/>
  </visualProperties>
  <visualProperties>
    <element href="assembly.xml#puTApplicant-SOAP"/>
  </visualProperties>
  <visualProperties>
    <element href="assembly.xml#preHireID"/>
  </visualProperties>
  <visualProperties>
    <element href="assembly.xml#workerDetailsError"/>
  </visualProperties>
  <visualProperties>
    <element href="assembly.xml#workerDetailsError-PIM"/>
  </visualProperties>
  <visualProperties>
    <element href="assembly.xml#activeWorkerDetails-REST"/>
  </visualProperties>
  <visualProperties>
    <element href="assembly.xml#preHireIDDetails"/>
  </visualProperties>
  <visualProperties>
    <element href="assembly.xml#Call-addPostionReference2PreHire"/>
  </visualProperties>
  <visualProperties>
    <element href="assembly.xml#workerDetailsErroR"/>
  </visualProperties>
  <visualProperties>
    <element href="assembly.xml#workerDetailsErroR-PIM"/>
  </visualProperties>
  <visualProperties>
    <element href="assembly.xml#activeWorkerDetailS-REST"/>
  </visualProperties>
  <visualProperties>
    <element href="assembly.xml#workerDetails"/>
  </visualProperties>
  <visualProperties>
    <element href="assembly.xml#existingWorkerError-PIM"/>
  </visualProperties>
  <visualProperties>
    <element href="assembly.xml#addPostionReference2PreHire"/>
  </visualProperties>
  <visualProperties>
    <element href="assembly.xml#UpdatePreHire"/>
  </visualProperties>
  <visualProperties>
    <element href="assembly.xml#putApplicant-SOAP"/>
  </visualProperties>
  <visualProperties>
    <element href="assembly.xml#doNothing"/>
  </visualProperties>
  <visualProperties>
    <element href="assembly.xml#HireEmployee"/>
  </visualProperties>
  <visualProperties>
    <element href="assembly.xml#hireWSRequest"/>
  </visualProperties>
  <visualProperties>
    <element href="assembly.xml#hireWSError-PIM"/>
  </visualProperties>
  <visualProperties>
    <element href="assembly.xml#hireEmployee-SOAP"/>
  </visualProperties>
  <visualProperties>
    <element href="assembly.xml#getEmployeeID"/>
  </visualProperties>
  <visualProperties>
    <element href="assembly.xml#hireEmployeeSuccess-PIM"/>
  </visualProperties>
  <visualProperties x="3249" y="492">
    <element href="assembly.xml#positionDetailsRESTErroR"/>
  </visualProperties>
  <visualProperties x="2813" y="1117">
    <element href="assembly.xml#putApplicantWSError-PIM"/>
  </visualProperties>
  <visualProperties>
    <element href="assembly.xml#ChangeJob"/>
  </visualProperties>
  <visualProperties>
    <element href="assembly.xml#changeJobWSRequest"/>
  </visualProperties>
  <visualProperties>
    <element href="assembly.xml#changeJobWSError-PIM"/>
  </visualProperties>
  <visualProperties>
    <element href="assembly.xml#changeJob-SOAP"/>
  </visualProperties>
  <visualProperties>
    <element href="assembly.xml#doNothinG"/>
  </visualProperties>
  <visualProperties>
    <element href="assembly.xml#EndContract"/>
  </visualProperties>
  <visualProperties>
    <element href="assembly.xml#getWorkersWSRequest"/>
  </visualProperties>
  <visualProperties>
    <element href="assembly.xml#getWorkersWSError-PIM"/>
  </visualProperties>
  <visualProperties>
    <element href="assembly.xml#getWorkers-SOAP"/>
  </visualProperties>
  <visualProperties>
    <element href="assembly.xml#endCWContractWSRequest"/>
  </visualProperties>
  <visualProperties>
    <element href="assembly.xml#CWActiveStatusError"/>
  </visualProperties>
  <visualProperties>
    <element href="assembly.xml#EndCWContractDownstreamError"/>
  </visualProperties>
  <visualProperties>
    <element href="assembly.xml#endContingentWorkerContract-SOAP"/>
  </visualProperties>
  <visualProperties>
    <element href="assembly.xml#ReferralBonus"/>
  </visualProperties>
  <visualProperties>
    <element href="assembly.xml#requestOTPWSRequest"/>
  </visualProperties>
  <visualProperties>
    <element href="assembly.xml#requestOneTimepayment-SOAP"/>
  </visualProperties>
  <visualProperties x="1010" y="3053">
    <element href="assembly.xml#EndCWContractWSError-PIM"/>
  </visualProperties>
  <visualProperties x="3098" y="2665">
    <element href="assembly.xml#requestOTPWSErroR-PIM"/>
  </visualProperties>
  <visualProperties x="1480" y="241">
    <element href="assembly.xml#CallTermIntern"/>
  </visualProperties>
  <visualProperties>
    <element href="assembly.xml#TermIntern"/>
  </visualProperties>
  <visualProperties>
    <element href="assembly.xml#getWorkersWSrequest"/>
  </visualProperties>
  <visualProperties>
    <element href="assembly.xml#geTWorkers-SOAP"/>
  </visualProperties>
  <visualProperties>
    <element href="assembly.xml#terminateEmployeeWSRequest"/>
  </visualProperties>
  <visualProperties>
    <element href="assembly.xml#terminateEmpDownstreamError"/>
  </visualProperties>
  <visualProperties>
    <element href="assembly.xml#terminateEmployee-SOAP"/>
  </visualProperties>
  <visualProperties>
    <element href="assembly.xml#AsyncMediation1520"/>
  </visualProperties>
  <visualProperties x="1306" y="2912">
    <element href="assembly.xml#terminateEmployeeWSError-PIM"/>
  </visualProperties>
  <visualProperties x="3740" y="467">
    <element href="assembly.xml#call-ProcessRecord"/>
  </visualProperties>
  <visualProperties x="2268" y="215">
    <element href="assembly.xml#processRecord"/>
  </visualProperties>
  <visualProperties>
    <element href="assembly.xml#getResume"/>
  </visualProperties>
  <visualProperties>
    <element href="assembly.xml#resumeProps"/>
  </visualProperties>
  <visualProperties>
    <element href="assembly.xml#HttpOutError"/>
  </visualProperties>
  <visualProperties>
    <element href="assembly.xml#HTTPOutError-PIM"/>
  </visualProperties>
  <visualProperties>
    <element href="assembly.xml#getResumeAttachment-HttpOut"/>
  </visualProperties>
  <visualProperties>
    <element href="assembly.xml#Base64Encode"/>
  </visualProperties>
  <visualProperties x="2485" y="104">
    <element href="assembly.xml#call-getResume"/>
  </visualProperties>
  <visualProperties x="3658" y="515">
    <element href="assembly.xml#positionDetailsResponseError"/>
  </visualProperties>
  <visualProperties>
    <element href="assembly.xml#updateCustomObject"/>
  </visualProperties>
  <visualProperties>
    <element href="assembly.xml#editWorkerAdditionalDataWSRequest"/>
  </visualProperties>
  <visualProperties>
    <element href="assembly.xml#editWorkerAdditionalData-SOAP"/>
  </visualProperties>
  <visualProperties>
    <element href="assembly.xml#EditWorkerAdditionalDataResponse"/>
  </visualProperties>
  <visualProperties x="4068" y="3107">
    <element href="assembly.xml#editWorkerAdditionalDataERROR-PIM"/>
  </visualProperties>
  <visualProperties>
    <element href="assembly.xml#SignOnBonus"/>
  </visualProperties>
  <visualProperties>
    <element href="assembly.xml#requestOTPWS"/>
  </visualProperties>
  <visualProperties>
    <element href="assembly.xml#requestOneTimePayment-SOAP"/>
  </visualProperties>
  <visualProperties x="3128" y="2299">
    <element href="assembly.xml#requestOTPWSError-PIM"/>
  </visualProperties>
  <visualProperties x="3799" y="1036">
    <element href="assembly.xml#call-signOnBonus"/>
  </visualProperties>
  <visualProperties x="4245" y="566">
    <element href="assembly.xml#editWorkerAdditionalDataSuccess-PIM"/>
  </visualProperties>
  <visualProperties x="2837" y="555">
    <element href="assembly.xml#getResumeAttachmentSuccess-PIM"/>
  </visualProperties>
  <visualProperties>
    <element href="assembly.xml#dataRetrievedValidation"/>
  </visualProperties>
  <visualProperties>
    <element href="assembly.xml#noDataRetrieved-PIM"/>
  </visualProperties>
  <visualProperties x="4157" y="323">
    <element href="assembly.xml#messageIterator"/>
  </visualProperties>
  <visualProperties x="1651" y="305">
    <element href="assembly.xml#jsontoXMLError-PIM"/>
  </visualProperties>
  <visualProperties x="2074" y="2779">
    <element href="assembly.xml#EndCWContractSuccess-PIM"/>
  </visualProperties>
  <visualProperties x="484" y="2795">
    <element href="assembly.xml#getWorkersWSerror-PIM"/>
  </visualProperties>
  <visualProperties x="1040" y="2795">
    <element href="assembly.xml#InternActiveStatusError"/>
  </visualProperties>
  <visualProperties x="3444" y="1795">
    <element href="assembly.xml#changeJobSuccess-PIM"/>
  </visualProperties>
  <visualProperties x="1630" y="1138">
    <element href="assembly.xml#rehirePreHireUpdateSuccess-PIM"/>
  </visualProperties>
  <visualProperties x="1962" y="1486">
    <element href="assembly.xml#crePreHireSuccess-PIM"/>
  </visualProperties>
  <visualProperties x="1001" y="1103">
    <element href="assembly.xml#existingPreHireID"/>
  </visualProperties>
  <visualProperties x="1158" y="1226">
    <element href="assembly.xml#call-UpdatePreHire"/>
  </visualProperties>
  <visualProperties x="1447" y="1090">
    <element href="assembly.xml#updatePreHireRecord"/>
  </visualProperties>
  <visualProperties x="1362" y="1619">
    <element href="assembly.xml#call-updatePREhireRecord"/>
  </visualProperties>
  <visualProperties>
    <element href="assembly.xml#//@beans/@mixed.1/@mixed.235"/>
  </visualProperties>
  <visualProperties>
    <element href="assembly.xml#Write-Error-to-Messages"/>
  </visualProperties>
  <visualProperties x="3596" y="2158">
    <element href="assembly.xml#requestOTPWSSuccess"/>
  </visualProperties>
  <visualProperties x="3642" y="2506">
    <element href="assembly.xml#requestOtpWSSuccess"/>
  </visualProperties>
  <visualProperties x="1697" y="219">
    <element href="assembly.xml#countryReverseMap"/>
  </visualProperties>
  <visualProperties x="1713" y="307">
    <element href="assembly.xml#countryMapError-PIM"/>
  </visualProperties>
  <visualProperties x="2135" y="2727">
    <element href="assembly.xml#terminateEmployeeSuccess-PIM"/>
  </visualProperties>
  <visualProperties x="4306" y="1462">
    <element href="assembly.xml#call-UpdateCustomObject"/>
  </visualProperties>
  <connections type="routesTo" sourceAnchorX="0.44886363636363635" sourceAnchorY="1.0" targetAnchorX="0.005952380952380952" targetAnchorY="0.6521739130434783">
    <source href="assembly.xml#PositionDetails"/>
    <target href="assembly.xml#positionDetailsRESTError"/>
  </connections>
  <connections type="routesTo" sourceAnchorX="1.0" sourceAnchorY="0.3252032520325203" targetAnchorX="0.16176470588235295" targetAnchorY="0.6486486486486487">
    <source href="assembly.xml#positionDetailsRESTError"/>
    <target href="assembly.xml#positionDetails-REST"/>
  </connections>
  <connections type="routesResponseTo" sourceAnchorX="0.946078431372549" sourceAnchorY="1.0" targetAnchorX="0.016853932584269662" targetAnchorY="0.47959183673469385">
    <source href="assembly.xml#positionDetails-REST"/>
    <target href="assembly.xml#positionDetailsResponse"/>
  </connections>
  <connections type="routesTo" sourceAnchorX="0.7391304347826086" sourceAnchorY="1.0" targetAnchorX="0.16292134831460675" targetAnchorY="0.09302325581395349">
    <source href="assembly.xml#//@beans/@mixed.1/@route.0/@subRoute.0"/>
    <target href="assembly.xml#prehireLookupError"/>
    <bendpoints sourceX="83" sourceY="-13" targetX="-84" targetY="323"/>
    <bendpoints sourceX="83" sourceY="-130" targetX="-84" targetY="2"/>
  </connections>
  <connections type="routesTo">
    <source href="assembly.xml#//@beans/@mixed.1/@route.0/@subRoute.1"/>
    <target href="assembly.xml#rehireDetailsError"/>
    <bendpoints sourceX="123" sourceY="-4" targetX="-155" targetY="644"/>
    <bendpoints sourceX="122" sourceY="-244" targetX="-156" targetY="404"/>
    <bendpoints sourceX="122" sourceY="-444" targetX="-156" targetY="204"/>
    <bendpoints sourceX="123" sourceY="-625" targetX="-155" targetY="23"/>
  </connections>
  <connections type="routesTo" sourceAnchorX="0.8840579710144928" sourceAnchorY="1.0" targetAnchorX="0.0851063829787234" targetAnchorY="0.10569105691056911">
    <source href="assembly.xml#//@beans/@mixed.1/@route.0/@subRoute.2"/>
    <target href="assembly.xml#workerDetailsError"/>
  </connections>
  <connections type="routesTo" sourceAnchorX="0.6280193236714976" sourceAnchorY="1.0" targetAnchorX="0.07865168539325842" targetAnchorY="0.4782608695652174">
    <source href="assembly.xml#//@beans/@mixed.1/@route.0/@subRoute.3"/>
    <target href="assembly.xml#workerDetailsErroR"/>
    <bendpoints sourceX="97" sourceY="-9" targetX="-78" targetY="-307"/>
    <bendpoints sourceX="98" sourceY="104" targetX="-77" targetY="-194"/>
    <bendpoints sourceX="104" sourceY="201" targetX="-71" targetY="-97"/>
    <bendpoints sourceX="104" sourceY="270" targetX="-71" targetY="-28"/>
    <bendpoints sourceX="101" sourceY="289" targetX="-74" targetY="-9"/>
    <bendpoints sourceX="100" sourceY="299" targetX="-75" targetY="1"/>
  </connections>
  <connections type="routesTo" sourceAnchorX="1.0" sourceAnchorY="0.25510204081632654" targetAnchorX="0.3088235294117647" targetAnchorY="0.5675675675675675">
    <source href="assembly.xml#rehireDetailsError"/>
    <target href="assembly.xml#rehireDetails-REST"/>
  </connections>
  <connections type="routesTo" sourceAnchorX="0.8362573099415205" sourceAnchorY="1.0" targetAnchorX="0.5816733067729084" targetAnchorY="0.40540540540540543">
    <source href="assembly.xml#//@beans/@mixed.1/@mixed.77/@mixed.3"/>
    <target href="assembly.xml#rehireDetailsError-PIM"/>
  </connections>
  <connections type="routesTo" sourceAnchorX="1.0" sourceAnchorY="0.2032520325203252" targetAnchorX="0.1708542713567839" targetAnchorY="0.40540540540540543">
    <source href="assembly.xml#rehirePreHireUpdate"/>
    <target href="assembly.xml#putApplicant-Soap"/>
  </connections>
  <connections type="routesTo" sourceAnchorX="0.7426900584795322" sourceAnchorY="1.0" targetAnchorX="0.5059760956175299" targetAnchorY="0.5675675675675675">
    <source href="assembly.xml#//@beans/@mixed.1/@mixed.71/@mixed.3"/>
    <target href="assembly.xml#rehirePreHireUpdateError-PIM"/>
  </connections>
  <connections type="routesTo" sourceAnchorX="1.0" sourceAnchorY="0.29347826086956524" targetAnchorX="0.18556701030927836" targetAnchorY="0.08108108108108109">
    <source href="assembly.xml#prehireLookupError"/>
    <target href="assembly.xml#preHireLookup-REST"/>
  </connections>
  <connections type="routesTo" sourceAnchorX="0.6081871345029239" sourceAnchorY="1.0" targetAnchorX="0.43824701195219123" targetAnchorY="0.43243243243243246">
    <source href="assembly.xml#//@beans/@mixed.1/@mixed.65/@mixed.3"/>
    <target href="assembly.xml#prehireLookupError-PIM"/>
  </connections>
  <connections type="routesResponseTo" sourceAnchorX="0.6958762886597938" sourceAnchorY="1.0" targetAnchorX="0.25280898876404495" targetAnchorY="0.17073170731707318">
    <source href="assembly.xml#preHireLookup-REST"/>
    <target href="assembly.xml#preHireExistsCheck"/>
  </connections>
  <connections type="routesTo">
    <source href="assembly.xml#preHireExistsCheck"/>
    <target href="assembly.xml#crePreHireWSRequest"/>
  </connections>
  <connections type="routesTo" sourceAnchorX="0.7017543859649122" sourceAnchorY="1.0" targetAnchorX="0.4820717131474104" targetAnchorY="0.4594594594594595">
    <source href="assembly.xml#//@beans/@mixed.1/@mixed.59/@mixed.3"/>
    <target href="assembly.xml#existingPreHireUpdate-PIM"/>
  </connections>
  <connections type="routesTo" sourceAnchorX="0.7426900584795322" sourceAnchorY="1.0" targetAnchorX="0.5059760956175299" targetAnchorY="0.5675675675675675">
    <source href="assembly.xml#//@beans/@mixed.1/@mixed.55/@mixed.3"/>
    <target href="assembly.xml#crePreHireError-PIM"/>
  </connections>
  <connections type="routesResponseTo" sourceAnchorX="0.8291457286432161" sourceAnchorY="1.0" targetAnchorX="0.25280898876404495" targetAnchorY="0.46938775510204084">
    <source href="assembly.xml#puTApplicant-SOAP"/>
    <target href="assembly.xml#preHireID"/>
  </connections>
  <connections type="routesTo" sourceAnchorX="1.0" sourceAnchorY="0.2391304347826087" targetAnchorX="0.24742268041237114" targetAnchorY="0.3783783783783784">
    <source href="assembly.xml#workerDetailsError"/>
    <target href="assembly.xml#activeWorkerDetails-REST"/>
  </connections>
  <connections type="routesTo" sourceAnchorX="0.8453038674033149" sourceAnchorY="1.0" targetAnchorX="0.6135458167330677" targetAnchorY="0.3783783783783784">
    <source href="assembly.xml#//@beans/@mixed.1/@mixed.47/@mixed.3"/>
    <target href="assembly.xml#workerDetailsError-PIM"/>
  </connections>
  <connections type="routesResponseTo" sourceAnchorX="0.6958762886597938" sourceAnchorY="1.0" targetAnchorX="0.0797872340425532">
    <source href="assembly.xml#activeWorkerDetails-REST"/>
    <target href="assembly.xml#preHireIDDetails"/>
  </connections>
  <connections type="routesTo" sourceAnchorX="1.0" sourceAnchorY="0.24489795918367346" targetAnchorX="0.14859437751004015" targetAnchorY="0.6486486486486487">
    <source href="assembly.xml#preHireIDDetails"/>
    <target href="assembly.xml#Call-addPostionReference2PreHire"/>
  </connections>
  <connections type="routesTo">
    <source href="assembly.xml#workerDetailsErroR"/>
    <target href="assembly.xml#activeWorkerDetailS-REST"/>
  </connections>
  <connections type="routesTo" sourceAnchorX="0.6081871345029239" sourceAnchorY="1.0" targetAnchorX="0.41832669322709165" targetAnchorY="0.24324324324324326">
    <source href="assembly.xml#//@beans/@mixed.1/@mixed.37/@mixed.3"/>
    <target href="assembly.xml#workerDetailsErroR-PIM"/>
  </connections>
  <connections type="routesResponseTo">
    <source href="assembly.xml#activeWorkerDetailS-REST"/>
    <target href="assembly.xml#workerDetails"/>
  </connections>
  <connections type="routesTo" sourceAnchorX="0.7513812154696132" sourceAnchorY="1.0" targetAnchorX="0.5325670498084292" targetAnchorY="0.32432432432432434">
    <source href="assembly.xml#//@beans/@mixed.1/@mixed.31/@mixed.3"/>
    <target href="assembly.xml#existingWorkerError-PIM"/>
  </connections>
  <connections type="routesTo">
    <source href="assembly.xml#addPostionReference2PreHire"/>
    <target href="assembly.xml#UpdatePreHire"/>
  </connections>
  <connections type="routesTo" sourceAnchorX="1.0" sourceAnchorY="0.35658914728682173" targetAnchorX="0.22872340425531915" targetAnchorY="0.2702702702702703">
    <source href="assembly.xml#UpdatePreHire"/>
    <target href="assembly.xml#putApplicant-SOAP"/>
  </connections>
  <connections type="routesResponseTo" sourceAnchorX="0.7287234042553191" sourceAnchorY="1.0" targetAnchorX="0.11170212765957446" targetAnchorY="0.5434782608695652">
    <source href="assembly.xml#putApplicant-SOAP"/>
    <target href="assembly.xml#doNothing"/>
  </connections>
  <connections type="routesTo" sourceAnchorX="0.5976331360946746" sourceAnchorY="1.0" targetAnchorX="0.12921348314606743" targetAnchorY="0.22764227642276422">
    <source href="assembly.xml#HireEmployee"/>
    <target href="assembly.xml#hireWSRequest"/>
  </connections>
  <connections type="routesTo" sourceAnchorX="1.0" sourceAnchorY="0.20930232558139536" targetAnchorX="0.27751196172248804" targetAnchorY="0.24324324324324326">
    <source href="assembly.xml#hireWSRequest"/>
    <target href="assembly.xml#hireEmployee-SOAP"/>
  </connections>
  <connections type="routesTo" sourceAnchorX="0.42105263157894735" sourceAnchorY="1.0" targetAnchorX="0.4866666666666667" targetAnchorY="0.21621621621621623">
    <source href="assembly.xml#//@beans/@mixed.1/@mixed.99/@mixed.3"/>
    <target href="assembly.xml#hireWSError-PIM"/>
  </connections>
  <connections type="routesResponseTo">
    <source href="assembly.xml#hireEmployee-SOAP"/>
    <target href="assembly.xml#getEmployeeID"/>
  </connections>
  <connections type="routesTo" sourceAnchorX="0.0" sourceAnchorY="0.30612244897959184" targetAnchorX="0.0796812749003984" targetAnchorY="0.7027027027027027">
    <source href="assembly.xml#getEmployeeID"/>
    <target href="assembly.xml#hireEmployeeSuccess-PIM"/>
  </connections>
  <connections type="routesTo" sourceAnchorX="0.577639751552795" sourceAnchorY="1.0" targetAnchorX="0.250996015936255" targetAnchorY="0.35135135135135137">
    <source href="assembly.xml#//@beans/@mixed.1/@mixed.25/@mixed.3"/>
    <target href="assembly.xml#positionDetailsRESTErroR"/>
  </connections>
  <connections type="routesTo" sourceAnchorX="0.38095238095238093" sourceAnchorY="1.0" targetAnchorX="0.06177606177606178" targetAnchorY="0.40540540540540543">
    <source href="assembly.xml#//@beans/@mixed.1/@mixed.87/@mixed.3"/>
    <target href="assembly.xml#putApplicantWSError-PIM"/>
  </connections>
  <connections type="routesTo" sourceAnchorX="0.8344370860927153" sourceAnchorY="1.0" targetAnchorX="0.4481132075471698" targetAnchorY="0.15503875968992248">
    <source href="assembly.xml#ChangeJob"/>
    <target href="assembly.xml#changeJobWSRequest"/>
  </connections>
  <connections type="routesTo" sourceAnchorX="1.0" sourceAnchorY="0.2391304347826087" targetAnchorX="0.1291866028708134" targetAnchorY="0.4594594594594595">
    <source href="assembly.xml#changeJobWSRequest"/>
    <target href="assembly.xml#changeJob-SOAP"/>
  </connections>
  <connections type="routesTo" sourceAnchorX="0.526829268292683" sourceAnchorY="1.0" targetAnchorX="0.5059760956175299" targetAnchorY="0.2972972972972973">
    <source href="assembly.xml#//@beans/@mixed.1/@mixed.113/@mixed.3"/>
    <target href="assembly.xml#changeJobWSError-PIM"/>
  </connections>
  <connections type="routesResponseTo" sourceAnchorX="0.8045977011494253" sourceAnchorY="1.0" targetAnchorX="0.05555555555555555" targetAnchorY="0.5816326530612245">
    <source href="assembly.xml#changeJob-SOAP"/>
    <target href="assembly.xml#doNothinG"/>
  </connections>
  <connections type="routesTo" sourceAnchorX="0.7643312101910829" sourceAnchorY="1.0" targetAnchorX="0.016" targetAnchorY="0.5426356589147286">
    <source href="assembly.xml#EndContract"/>
    <target href="assembly.xml#getWorkersWSRequest"/>
  </connections>
  <connections type="routesTo" sourceAnchorX="1.0" sourceAnchorY="0.2868217054263566" targetAnchorX="0.2994652406417112" targetAnchorY="0.35135135135135137">
    <source href="assembly.xml#getWorkersWSRequest"/>
    <target href="assembly.xml#getWorkers-SOAP"/>
  </connections>
  <connections type="routesTo" sourceAnchorX="0.7777777777777778" sourceAnchorY="1.0" targetAnchorX="0.5418326693227091" targetAnchorY="0.43243243243243246">
    <source href="assembly.xml#//@beans/@mixed.1/@mixed.129/@mixed.3"/>
    <target href="assembly.xml#getWorkersWSError-PIM"/>
  </connections>
  <connections type="routesResponseTo" sourceAnchorX="0.732620320855615" sourceAnchorY="1.0" targetAnchorX="0.06315789473684211" targetAnchorY="0.11627906976744186">
    <source href="assembly.xml#getWorkers-SOAP"/>
    <target href="assembly.xml#endCWContractWSRequest"/>
  </connections>
  <connections type="routesTo" sourceAnchorX="1.0" sourceAnchorY="0.13178294573643412" targetAnchorX="0.20689655172413793" targetAnchorY="0.1326530612244898">
    <source href="assembly.xml#endCWContractWSRequest"/>
    <target href="assembly.xml#EndCWContractDownstreamError"/>
  </connections>
  <connections type="routesTo" sourceAnchorX="0.8362573099415205" sourceAnchorY="1.0" targetAnchorX="0.5816733067729084" targetAnchorY="0.40540540540540543">
    <source href="assembly.xml#//@beans/@mixed.1/@mixed.123/@mixed.3"/>
    <target href="assembly.xml#CWActiveStatusError"/>
  </connections>
  <connections type="routesTo" sourceAnchorX="1.0" sourceAnchorY="0.2608695652173913" targetAnchorX="0.4019138755980861" targetAnchorY="0.5135135135135135">
    <source href="assembly.xml#EndCWContractDownstreamError"/>
    <target href="assembly.xml#endContingentWorkerContract-SOAP"/>
  </connections>
  <connections type="routesTo" sourceAnchorX="0.8662790697674418" sourceAnchorY="1.0" targetAnchorX="0.14893617021276595" targetAnchorY="0.5816326530612245">
    <source href="assembly.xml#ReferralBonus"/>
    <target href="assembly.xml#requestOTPWSRequest"/>
  </connections>
  <connections type="routesTo" sourceAnchorX="1.0" sourceAnchorY="0.16326530612244897" targetAnchorX="0.17703349282296652" targetAnchorY="0.43243243243243246">
    <source href="assembly.xml#requestOTPWSRequest"/>
    <target href="assembly.xml#requestOneTimepayment-SOAP"/>
  </connections>
  <connections type="routesTo" sourceAnchorX="0.5275590551181102" sourceAnchorY="1.0" targetAnchorX="0.10727969348659004" targetAnchorY="0.5675675675675675">
    <source href="assembly.xml#//@beans/@mixed.1/@mixed.119/@mixed.3"/>
    <target href="assembly.xml#EndCWContractWSError-PIM"/>
  </connections>
  <connections type="routesTo" sourceAnchorX="0.3350253807106599" sourceAnchorY="1.0" targetAnchorX="0.08045977011494253" targetAnchorY="0.35135135135135137">
    <source href="assembly.xml#//@beans/@mixed.1/@mixed.135/@mixed.3"/>
    <target href="assembly.xml#requestOTPWSErroR-PIM"/>
  </connections>
  <connections type="routesResponseTo" sourceAnchorX="0.8216216216216217" sourceAnchorY="1.0" targetAnchorX="0.2057142857142857" targetAnchorY="0.7297297297297297">
    <source href="assembly.xml#Hire-Employee"/>
    <target href="assembly.xml#CallChangejob"/>
  </connections>
  <connections type="routesResponseTo" sourceAnchorX="0.7712765957446809" sourceAnchorY="1.0" targetAnchorX="0.09248554913294797" targetAnchorY="0.35135135135135137">
    <source href="assembly.xml#CallEndContract"/>
    <target href="assembly.xml#CallTermIntern"/>
  </connections>
  <connections type="routesTo" sourceAnchorX="0.7643312101910829" sourceAnchorY="1.0" targetAnchorX="0.016" targetAnchorY="0.5426356589147286">
    <source href="assembly.xml#TermIntern"/>
    <target href="assembly.xml#getWorkersWSrequest"/>
  </connections>
  <connections type="routesTo" sourceAnchorX="1.0" sourceAnchorY="0.2868217054263566" targetAnchorX="0.2994652406417112" targetAnchorY="0.35135135135135137">
    <source href="assembly.xml#getWorkersWSrequest"/>
    <target href="assembly.xml#geTWorkers-SOAP"/>
  </connections>
  <connections type="routesResponseTo" sourceAnchorX="0.732620320855615" sourceAnchorY="1.0" targetAnchorX="0.06315789473684211" targetAnchorY="0.11627906976744186">
    <source href="assembly.xml#geTWorkers-SOAP"/>
    <target href="assembly.xml#terminateEmployeeWSRequest"/>
  </connections>
  <connections type="routesTo" sourceAnchorX="1.0" sourceAnchorY="0.13178294573643412" targetAnchorX="0.20689655172413793" targetAnchorY="0.1326530612244898">
    <source href="assembly.xml#terminateEmployeeWSRequest"/>
    <target href="assembly.xml#terminateEmpDownstreamError"/>
  </connections>
  <connections type="routesTo" sourceAnchorX="1.0" sourceAnchorY="0.2608695652173913" targetAnchorX="0.4019138755980861" targetAnchorY="0.5135135135135135">
    <source href="assembly.xml#terminateEmpDownstreamError"/>
    <target href="assembly.xml#terminateEmployee-SOAP"/>
  </connections>
  <connections type="routesResponseTo" sourceAnchorX="0.5204081632653061" sourceAnchorY="1.0" targetAnchorX="0.23232323232323232" targetAnchorY="0.3673469387755102">
    <source href="assembly.xml#terminateEmployee-SOAP"/>
    <target href="assembly.xml#AsyncMediation1520"/>
  </connections>
  <connections type="routesTo" sourceAnchorX="0.4645669291338583" sourceAnchorY="1.0" targetAnchorX="0.4132841328413284" targetAnchorY="0.08108108108108109">
    <source href="assembly.xml#//@beans/@mixed.1/@mixed.149/@mixed.3"/>
    <target href="assembly.xml#terminateEmployeeWSError-PIM"/>
  </connections>
  <connections type="routesTo" sourceAnchorX="0.7834394904458599" sourceAnchorY="1.0" targetAnchorX="0.3464566929133858" targetAnchorY="0.2391304347826087">
    <source href="assembly.xml#getResume"/>
    <target href="assembly.xml#resumeProps"/>
  </connections>
  <connections type="routesTo" sourceAnchorX="1.0" sourceAnchorY="0.15447154471544716" targetAnchorX="0.2857142857142857" targetAnchorY="0.5405405405405406">
    <source href="assembly.xml#HttpOutError"/>
    <target href="assembly.xml#getResumeAttachment-HttpOut"/>
  </connections>
  <connections type="routesTo" sourceAnchorX="0.4731182795698925" sourceAnchorY="1.0" targetAnchorX="0.46551724137931033" targetAnchorY="0.32432432432432434">
    <source href="assembly.xml#//@beans/@mixed.1/@mixed.171/@mixed.3"/>
    <target href="assembly.xml#HTTPOutError-PIM"/>
  </connections>
  <connections type="routesResponseTo" sourceAnchorX="0.673469387755102" sourceAnchorY="1.0" targetAnchorX="0.2358974358974359" targetAnchorY="0.056">
    <source href="assembly.xml#getResumeAttachment-HttpOut"/>
    <target href="assembly.xml#Base64Encode"/>
  </connections>
  <connections type="routesResponseTo" sourceAnchorX="0.4725274725274725" sourceAnchorY="1.0" targetAnchorX="0.24864864864864866" targetAnchorY="0.3783783783783784">
    <source href="assembly.xml#call-getResume"/>
    <target href="assembly.xml#Hire-Employee"/>
  </connections>
  <connections type="routesTo" sourceAnchorX="1.0" sourceAnchorY="0.2653061224489796" targetAnchorX="0.14222222222222222" targetAnchorY="0.13008130081300814">
    <source href="assembly.xml#resumeProps"/>
    <target href="assembly.xml#HttpOutError"/>
  </connections>
  <connections type="routesTo" sourceAnchorX="0.6227106227106227" sourceAnchorY="1.0" targetAnchorX="0.3784860557768924" targetAnchorY="0.16216216216216217">
    <source href="assembly.xml#//@beans/@mixed.1/@mixed.21/@mixed.3"/>
    <target href="assembly.xml#positionDetailsResponseError"/>
  </connections>
  <connections type="routesTo" sourceAnchorX="0.9325842696629213" sourceAnchorY="1.0" targetAnchorX="0.18617021276595744" targetAnchorY="0.5675675675675675">
    <source href="assembly.xml#processRecord"/>
    <target href="assembly.xml#CallEndContract"/>
  </connections>
  <connections type="routesTo" sourceAnchorX="0.8662790697674418" sourceAnchorY="1.0" targetAnchorX="0.14893617021276595" targetAnchorY="0.5816326530612245">
    <source href="assembly.xml#updateCustomObject"/>
    <target href="assembly.xml#editWorkerAdditionalDataWSRequest"/>
  </connections>
  <connections type="routesTo" sourceAnchorX="1.0" sourceAnchorY="0.16326530612244897" targetAnchorX="0.17703349282296652" targetAnchorY="0.43243243243243246">
    <source href="assembly.xml#editWorkerAdditionalDataWSRequest"/>
    <target href="assembly.xml#editWorkerAdditionalData-SOAP"/>
  </connections>
  <connections type="routesResponseTo" sourceAnchorX="0.7416267942583732" sourceAnchorY="1.0" targetAnchorX="0.20320855614973263" targetAnchorY="0.6086956521739131">
    <source href="assembly.xml#editWorkerAdditionalData-SOAP"/>
    <target href="assembly.xml#EditWorkerAdditionalDataResponse"/>
  </connections>
  <connections type="routesTo" sourceAnchorX="0.24083769633507854" sourceAnchorY="1.0" targetAnchorX="0.4575645756457565" targetAnchorY="0.5135135135135135">
    <source href="assembly.xml#//@beans/@mixed.1/@mixed.185/@mixed.3"/>
    <target href="assembly.xml#editWorkerAdditionalDataERROR-PIM"/>
  </connections>
  <connections type="routesTo" sourceAnchorX="0.8662790697674418" sourceAnchorY="1.0" targetAnchorX="0.14893617021276595" targetAnchorY="0.5816326530612245">
    <source href="assembly.xml#SignOnBonus"/>
    <target href="assembly.xml#requestOTPWS"/>
  </connections>
  <connections type="routesTo" sourceAnchorX="1.0" sourceAnchorY="0.16326530612244897" targetAnchorX="0.17703349282296652" targetAnchorY="0.43243243243243246">
    <source href="assembly.xml#requestOTPWS"/>
    <target href="assembly.xml#requestOneTimePayment-SOAP"/>
  </connections>
  <connections type="routesTo" sourceAnchorX="0.5759162303664922" sourceAnchorY="1.0" targetAnchorX="0.08118081180811808" targetAnchorY="0.2702702702702703">
    <source href="assembly.xml#//@beans/@mixed.1/@mixed.193/@mixed.3"/>
    <target href="assembly.xml#requestOTPWSError-PIM"/>
  </connections>
  <connections type="routesResponseTo" sourceAnchorX="0.7745664739884393" sourceAnchorY="1.0" targetAnchorX="0.052132701421800945" targetAnchorY="0.40540540540540543">
    <source href="assembly.xml#CallTermIntern"/>
    <target href="assembly.xml#FindPreHireRecord"/>
  </connections>
  <connections type="routesTo" sourceAnchorX="1.0" sourceAnchorY="0.32653061224489793" targetAnchorX="0.0967741935483871" targetAnchorY="0.4864864864864865">
    <source href="assembly.xml#EditWorkerAdditionalDataResponse"/>
    <target href="assembly.xml#editWorkerAdditionalDataSuccess-PIM"/>
  </connections>
  <connections type="routesTo" sourceAnchorX="1.0" sourceAnchorY="0.09183673469387756" targetAnchorX="0.168" targetAnchorY="0.32432432432432434">
    <source href="assembly.xml#Base64Encode"/>
    <target href="assembly.xml#getResumeAttachmentSuccess-PIM"/>
  </connections>
  <connections type="routesTo">
    <source href="assembly.xml#//@beans/@mixed.1/@mixed.207/@mixed.3"/>
    <target href="assembly.xml#noDataRetrieved-PIM"/>
  </connections>
  <connections type="routesResponseTo">
    <source href="assembly.xml#GetEventDocuments"/>
    <target href="assembly.xml#dataRetrievedValidation"/>
  </connections>
  <connections type="routesTo" sourceAnchorX="1.0" sourceAnchorY="0.14728682170542637" targetAnchorX="0.3050847457627119" targetAnchorY="0.06896551724137931">
    <source href="assembly.xml#dataRetrievedValidation"/>
    <target href="assembly.xml#messageIterator"/>
  </connections>
  <connections type="routesResponseTo" sourceAnchorX="0.8873239436619719" sourceAnchorY="1.0" targetAnchorX="0.13138686131386862" targetAnchorY="0.10810810810810811">
    <source href="assembly.xml#endContingentWorkerContract-SOAP"/>
    <target href="assembly.xml#EndCWContractSuccess-PIM"/>
  </connections>
  <connections type="routesTo" sourceAnchorX="0.47685185185185186" sourceAnchorY="1.0" targetAnchorX="0.5928853754940712" targetAnchorY="0.3783783783783784">
    <source href="assembly.xml#//@beans/@mixed.1/@mixed.155/@mixed.3"/>
    <target href="assembly.xml#getWorkersWSerror-PIM"/>
  </connections>
  <connections type="routesTo" sourceAnchorX="0.6009174311926605" sourceAnchorY="1.0" targetAnchorX="0.6978723404255319" targetAnchorY="0.6216216216216216">
    <source href="assembly.xml#//@beans/@mixed.1/@mixed.151/@mixed.3"/>
    <target href="assembly.xml#InternActiveStatusError"/>
  </connections>
  <connections type="routesTo" sourceAnchorX="1.0" sourceAnchorY="0.25" targetAnchorX="0.1494661921708185" targetAnchorY="0.2702702702702703">
    <source href="assembly.xml#doNothinG"/>
    <target href="assembly.xml#changeJobSuccess-PIM"/>
  </connections>
  <connections type="routesTo" sourceAnchorX="0.8944444444444445" sourceAnchorY="1.0" targetAnchorX="0.07272727272727272" targetAnchorY="0.3004032258064516">
    <source href="assembly.xml#ExistingPreHire"/>
    <target href="assembly.xml#Route"/>
  </connections>
  <connections type="routesResponseTo" sourceAnchorX="0.8916256157635468" sourceAnchorY="1.0" targetAnchorX="0.13592233009708737" targetAnchorY="0.4594594594594595">
    <source href="assembly.xml#putApplicant-Soap"/>
    <target href="assembly.xml#rehirePreHireUpdateSuccess-PIM"/>
  </connections>
  <connections type="routesTo" sourceAnchorX="1.0" sourceAnchorY="0.2755102040816326" targetAnchorX="0.2217741935483871" targetAnchorY="0.4594594594594595">
    <source href="assembly.xml#preHireID"/>
    <target href="assembly.xml#crePreHireSuccess-PIM"/>
  </connections>
  <connections type="routesResponseTo" sourceAnchorX="0.7887323943661971" sourceAnchorY="1.0" targetAnchorX="0.18888888888888888" targetAnchorY="0.1836734693877551">
    <source href="assembly.xml#rehireDetails-REST"/>
    <target href="assembly.xml#existingPreHireID"/>
  </connections>
  <connections type="routesTo" sourceAnchorX="1.0" sourceAnchorY="0.17346938775510204" targetAnchorX="0.15384615384615385" targetAnchorY="0.6756756756756757">
    <source href="assembly.xml#existingPreHireID"/>
    <target href="assembly.xml#call-UpdatePreHire"/>
  </connections>
  <connections type="routesTo" sourceAnchorX="0.5627705627705628" sourceAnchorY="1.0" targetAnchorX="0.21256038647342995" targetAnchorY="0.10852713178294573">
    <source href="assembly.xml#updatePreHireRecord"/>
    <target href="assembly.xml#rehirePreHireUpdate"/>
  </connections>
  <connections type="routesResponseTo" sourceAnchorX="0.8937728937728938" sourceAnchorY="1.0" targetAnchorX="0.6814814814814815" targetAnchorY="0.2972972972972973">
    <source href="assembly.xml#existingPreHireUpdate-PIM"/>
    <target href="assembly.xml#call-updatePREhireRecord"/>
  </connections>
  <connections type="routesTo" sourceAnchorX="0.9669421487603306" sourceAnchorY="0.43243243243243246" targetAnchorX="0.06060606060606061" targetAnchorY="0.3783783783783784">
    <source href="assembly.xml#//@beans/@mixed.1/@mixed.235"/>
    <target href="assembly.xml#Write-Error-to-Messages"/>
  </connections>
  <connections type="routesResponseTo" sourceAnchorX="0.8857142857142857" sourceAnchorY="1.0" targetAnchorX="0.16666666666666666" targetAnchorY="0.35135135135135137">
    <source href="assembly.xml#requestOneTimePayment-SOAP"/>
    <target href="assembly.xml#requestOTPWSSuccess"/>
  </connections>
  <connections type="routesResponseTo" sourceAnchorX="0.8594249201277955" sourceAnchorY="1.0" targetAnchorX="0.09923664122137404" targetAnchorY="0.43243243243243246">
    <source href="assembly.xml#requestOneTimepayment-SOAP"/>
    <target href="assembly.xml#requestOtpWSSuccess"/>
  </connections>
  <connections type="routesTo" sourceAnchorX="1.0" sourceAnchorY="0.8333333333333334" targetAnchorX="0.7925311203319502" targetAnchorY="0.0">
    <source href="assembly.xml#//@beans/@mixed.1/@mixed.241/@mixed.3"/>
    <target href="assembly.xml#countryMapError-PIM"/>
  </connections>
  <connections type="routesTo" sourceAnchorX="1.0" sourceAnchorY="0.18604651162790697" targetAnchorX="0.13402061855670103" targetAnchorY="0.2972972972972973">
    <source href="assembly.xml#countryReverseMap"/>
    <target href="assembly.xml#CallPositionRaas"/>
  </connections>
  <connections type="routesTo" sourceAnchorX="1.0" sourceAnchorY="0.16279069767441862" targetAnchorX="0.3051643192488263" targetAnchorY="0.2702702702702703">
    <source href="assembly.xml#positionDetailsResponse"/>
    <target href="assembly.xml#call-ProcessRecord"/>
  </connections>
  <connections type="routesTo" sourceAnchorX="1.0" sourceAnchorY="0.3469387755102041" targetAnchorX="0.147239263803681" targetAnchorY="0.5405405405405406">
    <source href="assembly.xml#AsyncMediation1520"/>
    <target href="assembly.xml#terminateEmployeeSuccess-PIM"/>
  </connections>
  <connections type="routesTo" sourceAnchorX="0.8208955223880597" sourceAnchorY="1.0" targetAnchorX="0.1036036036036036" targetAnchorY="0.5135135135135135">
    <source href="assembly.xml#StartHere"/>
    <target href="assembly.xml#GetEventDocuments"/>
  </connections>
  <connections type="routesResponseTo" sourceAnchorX="0.7535545023696683" sourceAnchorY="1.0" targetAnchorX="0.3314917127071823" targetAnchorY="0.13513513513513514">
    <source href="assembly.xml#FindPreHireRecord"/>
    <target href="assembly.xml#call-getResume"/>
  </connections>
  <connections type="routesTo" sourceAnchorX="1.0" sourceAnchorY="0.08527131782945736" targetAnchorX="0.14814814814814814" targetAnchorY="0.35135135135135137">
    <source href="assembly.xml#crePreHireWSRequest"/>
    <target href="assembly.xml#puTApplicant-SOAP"/>
  </connections>
  <connections type="routesResponseTo" sourceAnchorX="0.7785977859778598" sourceAnchorY="1.0" targetAnchorX="0.4090909090909091" targetAnchorY="0.32432432432432434">
    <source href="assembly.xml#hireEmployeeSuccess-PIM"/>
    <target href="assembly.xml#call-signOnBonus"/>
  </connections>
  <connections type="routesResponseTo" sourceAnchorX="0.7727272727272727" sourceAnchorY="1.0" targetAnchorX="0.16091954022988506" targetAnchorY="0.5405405405405406">
    <source href="assembly.xml#call-signOnBonus"/>
    <target href="assembly.xml#call-UpdateCustomObject"/>
  </connections>
  <connections type="routesResponseTo" sourceAnchorX="0.6857142857142857" sourceAnchorY="1.0" targetAnchorX="0.07954545454545454" targetAnchorY="0.32432432432432434">
    <source href="assembly.xml#CallChangejob"/>
    <target href="assembly.xml#integrationCompleted-PIM"/>
  </connections>
  <connections type="routesTo" sourceAnchorX="0.9083333333333333" sourceAnchorY="1.0" targetAnchorX="0.022189349112426034" targetAnchorY="0.6382978723404256">
    <source href="assembly.xml#//@beans/@mixed.1/@route.1/@subRoute.0"/>
    <target href="assembly.xml#convertGreenHouseInput2XML"/>
  </connections>
  <connections type="routesTo" sourceAnchorX="0.6771300448430493" sourceAnchorY="1.0" targetAnchorX="0.7393939393939394" targetAnchorY="0.7027027027027027">
    <source href="assembly.xml#//@beans/@mixed.1/@mixed.15/@mixed.3"/>
    <target href="assembly.xml#jsontoXMLError-PIM"/>
  </connections>
  <connections type="routesTo" sourceAnchorX="1.0" sourceAnchorY="0.232" targetAnchorX="0.4" targetAnchorY="0.12">
    <source href="assembly.xml#convertGreenHouseInput2XML"/>
    <target href="assembly.xml#countryReverseMap"/>
  </connections>
  <swimlanes x="30" y="76" bgColor="16777215">
    <elements href="assembly.xml#StartHere"/>
    <elements href="assembly.xml#GetEventDocuments"/>
    <elements href="#//@swimlanes.38"/>
    <elements href="assembly.xml#messageIterator"/>
    <elements href="#//@swimlanes.39"/>
    <elements href="#//@swimlanes.48"/>
    <elements href="assembly.xml#CallPositionRaas"/>
    <elements href="assembly.xml#processRecord"/>
    <elements href="assembly.xml#CallEndContract"/>
    <elements href="assembly.xml#CallTermIntern"/>
    <elements href="assembly.xml#FindPreHireRecord"/>
    <elements href="assembly.xml#call-getResume"/>
    <elements href="assembly.xml#Hire-Employee"/>
    <elements href="assembly.xml#CallChangejob"/>
    <elements href="assembly.xml#integrationCompleted-PIM"/>
  </swimlanes>
  <swimlanes x="2428" y="355" bgColor="16744576" name="Position Details Report to validate the Pay Rate Type against the Compensation Details Provided in Greenhouse." labelAlignment="LEFT">
    <elements href="assembly.xml#PositionDetails"/>
    <elements href="#//@swimlanes.33"/>
    <elements href="assembly.xml#positionDetails-REST"/>
    <elements href="#//@swimlanes.34"/>
    <elements href="assembly.xml#call-ProcessRecord"/>
  </swimlanes>
  <swimlanes orientation="VERTICAL">
    <elements href="assembly.xml#rehireDetailsError"/>
    <elements href="assembly.xml#rehireDetailsError-PIM"/>
  </swimlanes>
  <swimlanes name="" orientation="VERTICAL">
    <elements href="assembly.xml#rehirePreHireUpdate"/>
    <elements href="assembly.xml#rehirePreHireUpdateError-PIM"/>
  </swimlanes>
  <swimlanes bgColor="12615808" name="Rehire" alignment="MIDDLE" labelAlignment="LEFT">
    <elements href="#//@swimlanes.2"/>
    <elements href="assembly.xml#rehireDetails-REST"/>
    <elements href="assembly.xml#existingPreHireID"/>
    <elements href="assembly.xml#call-UpdatePreHire"/>
    <elements href="assembly.xml#updatePreHireRecord"/>
    <elements href="#//@swimlanes.3"/>
    <elements href="assembly.xml#putApplicant-Soap"/>
    <elements href="assembly.xml#rehirePreHireUpdateSuccess-PIM"/>
  </swimlanes>
  <swimlanes orientation="VERTICAL">
    <elements href="assembly.xml#prehireLookupError"/>
    <elements href="assembly.xml#prehireLookupError-PIM"/>
  </swimlanes>
  <swimlanes orientation="VERTICAL">
    <elements href="assembly.xml#preHireExistsCheck"/>
    <elements href="assembly.xml#existingPreHireUpdate-PIM"/>
    <elements href="assembly.xml#call-updatePREhireRecord"/>
  </swimlanes>
  <swimlanes orientation="VERTICAL">
    <elements href="assembly.xml#crePreHireWSRequest"/>
    <elements href="assembly.xml#crePreHireError-PIM"/>
  </swimlanes>
  <swimlanes bgColor="8421631" name="New Hire" alignment="MIDDLE" labelAlignment="LEFT">
    <elements href="#//@swimlanes.5"/>
    <elements href="assembly.xml#preHireLookup-REST"/>
    <elements href="#//@swimlanes.6"/>
    <elements href="#//@swimlanes.7"/>
    <elements href="#//@swimlanes.44"/>
    <elements href="assembly.xml#crePreHireSuccess-PIM"/>
  </swimlanes>
  <swimlanes orientation="VERTICAL">
    <elements href="assembly.xml#workerDetailsError"/>
    <elements href="assembly.xml#workerDetailsError-PIM"/>
  </swimlanes>
  <swimlanes bgColor="8566239" name="Contract Conversion" labelAlignment="LEFT">
    <elements href="#//@swimlanes.9"/>
    <elements href="assembly.xml#activeWorkerDetails-REST"/>
    <elements href="assembly.xml#preHireIDDetails"/>
    <elements href="assembly.xml#Call-addPostionReference2PreHire"/>
  </swimlanes>
  <swimlanes orientation="VERTICAL">
    <elements href="assembly.xml#workerDetailsErroR"/>
    <elements href="assembly.xml#workerDetailsErroR-PIM"/>
  </swimlanes>
  <swimlanes orientation="VERTICAL">
    <elements href="assembly.xml#workerDetails"/>
    <elements href="assembly.xml#existingWorkerError-PIM"/>
  </swimlanes>
  <swimlanes bgColor="5618374" name="Change Job" labelAlignment="LEFT">
    <elements href="#//@swimlanes.11"/>
    <elements href="assembly.xml#activeWorkerDetailS-REST"/>
    <elements href="#//@swimlanes.12"/>
  </swimlanes>
  <swimlanes orientation="VERTICAL" elements="//@swimlanes.4 //@swimlanes.8 //@swimlanes.10 //@swimlanes.13"/>
  <swimlanes x="10" y="882" bgColor="4227327" name="PRE-HIRE RECORD IDENTIFICATION: Find an existing pre-hire record for candidate based on personal e-mail match in Workday.If not found, create new pre-hire." alignment="MIDDLE" labelAlignment="LEFT">
    <elements href="assembly.xml#ExistingPreHire"/>
    <elements href="assembly.xml#Route"/>
    <elements href="#//@swimlanes.14"/>
  </swimlanes>
  <swimlanes x="2320" y="928" name="Adding Position reference to the Prehire record." labelAlignment="LEFT">
    <elements href="assembly.xml#addPostionReference2PreHire"/>
    <elements href="#//@swimlanes.43"/>
    <elements href="assembly.xml#putApplicant-SOAP"/>
    <elements href="assembly.xml#doNothing"/>
  </swimlanes>
  <swimlanes orientation="VERTICAL">
    <elements href="assembly.xml#hireWSRequest"/>
    <elements href="assembly.xml#hireWSError-PIM"/>
  </swimlanes>
  <swimlanes x="2590" y="1262" name="Hire Employee " labelAlignment="LEFT">
    <elements href="assembly.xml#HireEmployee"/>
    <elements href="#//@swimlanes.17"/>
    <elements href="assembly.xml#hireEmployee-SOAP"/>
    <elements href="#//@swimlanes.49"/>
    <elements href="assembly.xml#hireEmployeeSuccess-PIM"/>
    <elements href="assembly.xml#call-signOnBonus"/>
    <elements href="assembly.xml#call-UpdateCustomObject"/>
  </swimlanes>
  <swimlanes orientation="VERTICAL">
    <elements href="assembly.xml#changeJobWSRequest"/>
    <elements href="assembly.xml#changeJobWSError-PIM"/>
  </swimlanes>
  <swimlanes x="2668" y="1946" name="Change Job" labelAlignment="LEFT">
    <elements href="assembly.xml#ChangeJob"/>
    <elements href="#//@swimlanes.19"/>
    <elements href="assembly.xml#changeJob-SOAP"/>
    <elements href="assembly.xml#doNothinG"/>
    <elements href="assembly.xml#changeJobSuccess-PIM"/>
  </swimlanes>
  <swimlanes orientation="VERTICAL">
    <elements href="assembly.xml#getWorkersWSRequest"/>
    <elements href="assembly.xml#getWorkersWSError-PIM"/>
  </swimlanes>
  <swimlanes orientation="VERTICAL">
    <elements href="assembly.xml#endCWContractWSRequest"/>
    <elements href="assembly.xml#CWActiveStatusError"/>
  </swimlanes>
  <swimlanes x="42" y="2925" bgColor="12615808" name="Termination of Contract for existing Contingent Worker in Workday for the purpose of conversion from Contingent Worker to Employee." labelAlignment="LEFT">
    <elements href="assembly.xml#EndContract"/>
    <elements href="#//@swimlanes.21"/>
    <elements href="assembly.xml#getWorkers-SOAP"/>
    <elements href="#//@swimlanes.22"/>
    <elements href="#//@swimlanes.40"/>
    <elements href="assembly.xml#endContingentWorkerContract-SOAP"/>
    <elements href="assembly.xml#EndCWContractSuccess-PIM"/>
  </swimlanes>
  <swimlanes x="2896" y="2420" name="Referral Bonus in case of a Referral" labelAlignment="LEFT">
    <elements href="assembly.xml#ReferralBonus"/>
    <elements href="#//@swimlanes.47"/>
    <elements href="assembly.xml#requestOneTimepayment-SOAP"/>
    <elements href="assembly.xml#requestOtpWSSuccess"/>
  </swimlanes>
  <swimlanes orientation="VERTICAL">
    <elements href="assembly.xml#getWorkersWSrequest"/>
    <elements href="assembly.xml#getWorkersWSerror-PIM"/>
  </swimlanes>
  <swimlanes orientation="VERTICAL">
    <elements href="assembly.xml#terminateEmployeeWSRequest"/>
    <elements href="assembly.xml#InternActiveStatusError"/>
  </swimlanes>
  <swimlanes x="27" y="2568" bgColor="8421631" name="Termination of existing Intern record in Workday for the purpose of conversion from Intern to Employee." labelAlignment="LEFT">
    <elements href="assembly.xml#TermIntern"/>
    <elements href="#//@swimlanes.25"/>
    <elements href="assembly.xml#geTWorkers-SOAP"/>
    <elements href="#//@swimlanes.26"/>
    <elements href="#//@swimlanes.41"/>
    <elements href="assembly.xml#terminateEmployee-SOAP"/>
    <elements href="assembly.xml#AsyncMediation1520"/>
    <elements href="assembly.xml#terminateEmployeeSuccess-PIM"/>
  </swimlanes>
  <swimlanes fgColor="16776959" name="" orientation="VERTICAL" alignment="MIDDLE" topBorderColor="16776959">
    <elements href="assembly.xml#HttpOutError"/>
    <elements href="assembly.xml#HTTPOutError-PIM"/>
  </swimlanes>
  <swimlanes fgColor="16776958" name="" orientation="VERTICAL" topBorderColor="16776959">
    <elements href="assembly.xml#Base64Encode"/>
  </swimlanes>
  <swimlanes x="1983" y="839" font="Arial|9|0" bgColor="4227327" fontColor="1" name="Extract the Base 64 code for the Resume attachment from Greenhouse to import it as Business Process Attachment during the Hire Process." labelAlignment="LEFT">
    <elements href="assembly.xml#getResume"/>
    <elements href="assembly.xml#resumeProps"/>
    <elements href="#//@swimlanes.28"/>
    <elements href="assembly.xml#getResumeAttachment-HttpOut"/>
    <elements href="#//@swimlanes.29"/>
    <elements href="assembly.xml#getResumeAttachmentSuccess-PIM"/>
  </swimlanes>
  <swimlanes x="3336" y="831" bgColor="8454016" name="Update Custom Object in Workday for Candidate Address, Laptop Reference And Keyboard Preference fields from Greenhouse" labelAlignment="LEFT">
    <elements href="assembly.xml#updateCustomObject"/>
    <elements href="#//@swimlanes.37"/>
    <elements href="assembly.xml#editWorkerAdditionalData-SOAP"/>
    <elements href="assembly.xml#EditWorkerAdditionalDataResponse"/>
    <elements href="assembly.xml#editWorkerAdditionalDataSuccess-PIM"/>
  </swimlanes>
  <swimlanes x="2889" y="2070" name="Sign On Bonus" labelAlignment="LEFT">
    <elements href="assembly.xml#SignOnBonus"/>
    <elements href="#//@swimlanes.46"/>
    <elements href="assembly.xml#requestOneTimePayment-SOAP"/>
    <elements href="assembly.xml#requestOTPWSSuccess"/>
  </swimlanes>
  <swimlanes x="3057" y="410" name="" orientation="VERTICAL">
    <elements href="assembly.xml#positionDetailsRESTError"/>
    <elements href="assembly.xml#positionDetailsRESTErroR"/>
  </swimlanes>
  <swimlanes x="3131" y="476" name="" orientation="VERTICAL">
    <elements href="assembly.xml#positionDetailsResponse"/>
    <elements href="assembly.xml#positionDetailsResponseError"/>
  </swimlanes>
  <swimlanes x="10" y="113" name="" orientation="VERTICAL" elements="//@swimlanes.0 //@swimlanes.36"/>
  <swimlanes x="31" y="343" name="" elements="//@swimlanes.1 //@swimlanes.30 //@swimlanes.31"/>
  <swimlanes x="3088" y="518" name="" orientation="VERTICAL">
    <elements href="assembly.xml#editWorkerAdditionalDataWSRequest"/>
    <elements href="assembly.xml#editWorkerAdditionalDataERROR-PIM"/>
  </swimlanes>
  <swimlanes x="484" y="100" fgColor="16776959" name="" orientation="VERTICAL" alignment="MIDDLE" topBorderColor="16776959">
    <elements href="assembly.xml#dataRetrievedValidation"/>
    <elements href="assembly.xml#noDataRetrieved-PIM"/>
  </swimlanes>
  <swimlanes x="942" y="258" name="" orientation="VERTICAL">
    <elements href="assembly.xml#convertGreenHouseInput2XML"/>
    <elements href="assembly.xml#jsontoXMLError-PIM"/>
  </swimlanes>
  <swimlanes x="1260" y="2858" name="" orientation="VERTICAL">
    <elements href="assembly.xml#EndCWContractDownstreamError"/>
    <elements href="assembly.xml#EndCWContractWSError-PIM"/>
  </swimlanes>
  <swimlanes x="1241" y="2720" name="" orientation="VERTICAL">
    <elements href="assembly.xml#terminateEmpDownstreamError"/>
    <elements href="assembly.xml#terminateEmployeeWSError-PIM"/>
  </swimlanes>
  <swimlanes x="2840" y="1035" bgColor="8421631" name="" orientation="VERTICAL" elements="//@swimlanes.16 //@swimlanes.18 //@swimlanes.20 //@swimlanes.32 //@swimlanes.24"/>
  <swimlanes x="2540" y="1073" name="" orientation="VERTICAL">
    <elements href="assembly.xml#UpdatePreHire"/>
    <elements href="assembly.xml#putApplicantWSError-PIM"/>
  </swimlanes>
  <swimlanes x="1701" y="1436" name="" orientation="VERTICAL">
    <elements href="assembly.xml#puTApplicant-SOAP"/>
    <elements href="assembly.xml#preHireID"/>
  </swimlanes>
  <swimlanes x="27" y="-52" font="Arial|10|0" bgColor="9671679" fontColor="255" name="GLOBAL ERROR HANDLER" labelAlignment="LEFT">
    <elements href="assembly.xml#//@beans/@mixed.1/@mixed.235"/>
    <elements href="assembly.xml#Write-Error-to-Messages"/>
  </swimlanes>
  <swimlanes x="2942" y="2151" name="" orientation="VERTICAL">
    <elements href="assembly.xml#requestOTPWS"/>
    <elements href="assembly.xml#requestOTPWSError-PIM"/>
  </swimlanes>
  <swimlanes x="2941" y="2442" name="" orientation="VERTICAL">
    <elements href="assembly.xml#requestOTPWSRequest"/>
    <elements href="assembly.xml#requestOTPWSErroR-PIM"/>
  </swimlanes>
  <swimlanes x="1631" y="360" orientation="VERTICAL">
    <elements href="assembly.xml#countryReverseMap"/>
    <elements href="assembly.xml#countryMapError-PIM"/>
  </swimlanes>
  <swimlanes x="3409" y="1497" name="" orientation="VERTICAL">
    <elements href="assembly.xml#getEmployeeID"/>
  </swimlanes>
</wdnm:Diagram>
