<?xml version="1.0" encoding="UTF-8"?>
<wdnm:Diagram xmlns:wdnm="http://workday.com/studio/editors/notation">
  <element href="assembly.xml#WorkdayAssembly"/>
  <visualProperties x="29" y="76">
    <element href="assembly.xml#StartHere"/>
  </visualProperties>
  <visualProperties x="168" y="65">
    <element href="assembly.xml#InitializeProperties"/>
  </visualProperties>
  <visualProperties x="326" y="93">
    <element href="assembly.xml#PullCandidateAttachments"/>
  </visualProperties>
  <visualProperties x="528" y="35">
    <element href="assembly.xml#Split_Attachments"/>
  </visualProperties>
  <visualProperties x="1991" y="354">
    <element href="assembly.xml#Store_Data"/>
  </visualProperties>
  <visualProperties x="2146" y="354">
    <element href="assembly.xml#PutWorkerDocument"/>
  </visualProperties>
  <visualProperties x="1749" y="382">
    <element href="assembly.xml#PutIntegrationMessage"/>
  </visualProperties>
  <visualProperties x="873" y="19">
    <element href="assembly.xml#Route"/>
  </visualProperties>
  <visualProperties x="686" y="59">
    <element href="assembly.xml#Candidate_Attachments0"/>
  </visualProperties>
  <visualProperties x="1178" y="9">
    <element href="assembly.xml#Attach_1"/>
  </visualProperties>
  <visualProperties x="1348" y="9">
    <element href="assembly.xml#Attach_2"/>
  </visualProperties>
  <visualProperties x="1178" y="102">
    <element href="assembly.xml#Attach_3"/>
  </visualProperties>
  <visualProperties x="1348" y="102">
    <element href="assembly.xml#Attach_4"/>
  </visualProperties>
  <visualProperties x="1178" y="195">
    <element href="assembly.xml#Attach_5"/>
  </visualProperties>
  <visualProperties x="1178" y="288">
    <element href="assembly.xml#Attach_7"/>
  </visualProperties>
  <visualProperties x="1348" y="195">
    <element href="assembly.xml#Attach_6"/>
  </visualProperties>
  <visualProperties x="1348" y="281">
    <element href="assembly.xml#Attach_8"/>
  </visualProperties>
  <visualProperties x="1178" y="381">
    <element href="assembly.xml#Attach_9"/>
  </visualProperties>
  <visualProperties x="1348" y="368">
    <element href="assembly.xml#Attach_10"/>
  </visualProperties>
  <visualProperties x="1556" y="303">
    <element href="assembly.xml#GetCandidateAttachments"/>
  </visualProperties>
  <visualProperties x="2161" y="183">
    <element href="assembly.xml#AsyncMediation"/>
  </visualProperties>
  <visualProperties x="1798" y="222">
    <element href="assembly.xml#AsyncMediation1"/>
  </visualProperties>
  <visualProperties x="176" y="177">
    <element href="assembly.xml#PullCandidateID"/>
  </visualProperties>
  <visualProperties x="354" y="232">
    <element href="assembly.xml#AsyncMediation2"/>
  </visualProperties>
  <visualProperties x="166" y="232">
    <element href="assembly.xml#Split_Attachments0"/>
  </visualProperties>
  <decorations x="11" y="9" width="1146" height="224" font="Arial|10|1" fontColor="1" type="NOTE" text="Integration to export attachments from Candidate's record and put them into Worker's record via Hire BP"/>
  <connections type="routesTo">
    <source href="assembly.xml#StartHere"/>
    <target href="assembly.xml#InitializeProperties"/>
  </connections>
  <connections type="routesTo" targetAnchorX="0.025974025974025976" targetAnchorY="0.4594594594594595">
    <source href="assembly.xml#InitializeProperties"/>
    <target href="assembly.xml#PullCandidateID"/>
  </connections>
  <connections type="routesResponseTo">
    <source href="assembly.xml#PullCandidateAttachments"/>
    <target href="assembly.xml#Split_Attachments"/>
  </connections>
  <connections type="routesResponseTo">
    <source href="assembly.xml#PutWorkerDocument"/>
    <target href="assembly.xml#Store_Data"/>
  </connections>
  <connections type="routesTo">
    <source href="assembly.xml#Store_Data"/>
    <target href="assembly.xml#PutIntegrationMessage"/>
  </connections>
  <connections type="routesTo">
    <source href="assembly.xml#//@beans/@mixed.1/@splitter.0/@subRoute.0"/>
    <target href="assembly.xml#Candidate_Attachments0"/>
  </connections>
  <connections type="routesTo">
    <source href="assembly.xml#//@beans/@mixed.1/@route.0/@subRoute.0"/>
    <target href="assembly.xml#Attach_1"/>
  </connections>
  <connections type="routesTo">
    <source href="assembly.xml#//@beans/@mixed.1/@route.0/@subRoute.1"/>
    <target href="assembly.xml#Attach_2"/>
  </connections>
  <connections type="routesTo">
    <source href="assembly.xml#//@beans/@mixed.1/@route.0/@subRoute.2"/>
    <target href="assembly.xml#Attach_3"/>
  </connections>
  <connections type="routesTo">
    <source href="assembly.xml#//@beans/@mixed.1/@route.0/@subRoute.3"/>
    <target href="assembly.xml#Attach_4"/>
  </connections>
  <connections type="routesTo">
    <source href="assembly.xml#//@beans/@mixed.1/@route.0/@subRoute.4"/>
    <target href="assembly.xml#Attach_5"/>
  </connections>
  <connections type="routesTo">
    <source href="assembly.xml#//@beans/@mixed.1/@route.0/@subRoute.5"/>
    <target href="assembly.xml#Attach_6"/>
  </connections>
  <connections type="routesTo">
    <source href="assembly.xml#//@beans/@mixed.1/@route.0/@subRoute.6"/>
    <target href="assembly.xml#Attach_7"/>
  </connections>
  <connections type="routesTo">
    <source href="assembly.xml#//@beans/@mixed.1/@route.0/@subRoute.7"/>
    <target href="assembly.xml#Attach_8"/>
  </connections>
  <connections type="routesTo">
    <source href="assembly.xml#//@beans/@mixed.1/@route.0/@subRoute.8"/>
    <target href="assembly.xml#Attach_9"/>
  </connections>
  <connections type="routesTo">
    <source href="assembly.xml#//@beans/@mixed.1/@route.0/@subRoute.9"/>
    <target href="assembly.xml#Attach_10"/>
  </connections>
  <connections type="routesTo">
    <source href="assembly.xml#AsyncMediation"/>
    <target href="assembly.xml#PutWorkerDocument"/>
  </connections>
  <connections type="routesTo">
    <source href="assembly.xml#Attach_3"/>
    <target href="assembly.xml#GetCandidateAttachments"/>
  </connections>
  <connections type="routesTo">
    <source href="assembly.xml#Attach_1"/>
    <target href="assembly.xml#GetCandidateAttachments"/>
  </connections>
  <connections type="routesTo">
    <source href="assembly.xml#Attach_2"/>
    <target href="assembly.xml#GetCandidateAttachments"/>
  </connections>
  <connections type="routesResponseTo">
    <source href="assembly.xml#GetCandidateAttachments"/>
    <target href="assembly.xml#AsyncMediation1"/>
  </connections>
  <connections type="routesTo">
    <source href="assembly.xml#AsyncMediation1"/>
    <target href="assembly.xml#AsyncMediation"/>
  </connections>
  <connections type="routesTo">
    <source href="assembly.xml#Attach_4"/>
    <target href="assembly.xml#GetCandidateAttachments"/>
  </connections>
  <connections type="routesTo">
    <source href="assembly.xml#Attach_5"/>
    <target href="assembly.xml#GetCandidateAttachments"/>
  </connections>
  <connections type="routesTo">
    <source href="assembly.xml#Attach_6"/>
    <target href="assembly.xml#GetCandidateAttachments"/>
  </connections>
  <connections type="routesTo">
    <source href="assembly.xml#Attach_7"/>
    <target href="assembly.xml#GetCandidateAttachments"/>
  </connections>
  <connections type="routesTo">
    <source href="assembly.xml#Attach_8"/>
    <target href="assembly.xml#GetCandidateAttachments"/>
  </connections>
  <connections type="routesTo">
    <source href="assembly.xml#Attach_9"/>
    <target href="assembly.xml#GetCandidateAttachments"/>
  </connections>
  <connections type="routesTo">
    <source href="assembly.xml#Attach_10"/>
    <target href="assembly.xml#GetCandidateAttachments"/>
  </connections>
  <connections type="routesResponseTo">
    <source href="assembly.xml#PullCandidateID"/>
    <target href="assembly.xml#Split_Attachments0"/>
  </connections>
  <connections type="routesTo">
    <source href="assembly.xml#//@beans/@mixed.1/@splitter.1/@subRoute.0"/>
    <target href="assembly.xml#AsyncMediation2"/>
  </connections>
  <connections type="routesTo">
    <source href="assembly.xml#AsyncMediation2"/>
    <target href="assembly.xml#PullCandidateAttachments"/>
  </connections>
  <connections type="routesTo">
    <source href="assembly.xml#Candidate_Attachments0"/>
    <target href="assembly.xml#Route"/>
  </connections>
</wdnm:Diagram>
