<?xml version="1.0" encoding="UTF-8"?>
<beans
     xmlns="http://www.springframework.org/schema/beans"
     xmlns:beans="http://www.springframework.org/schema/beans"
     xmlns:atom="http://www.w3.org/2005/Atom"
     xmlns:cc="http://www.capeclear.com/assembly/10"
     xmlns:cloud="urn:com.workday/esb/cloud/10.0"
     xmlns:emc="urn:com.workday.report/RPT_INT0118_Termination_Correction"
     xmlns:env="http://schemas.xmlsoap.org/soap/envelope/"
     xmlns:hr="urn:com.workday.report/RPT_INT0118_Rescinded_Hire"
     xmlns:ma="urn:com.workday.report/RPT_INT0118_Hire_Rescind_Mailing_Addresses"
     xmlns:pi="urn:com.workday/picof"
     xmlns:rs="urn:com.workday.report/INT0118_Termination_Report_For_Rescinds"
     xmlns:rw="urn:com.workday.report/RPT_INT0118_Termination_Withdrawal"
     xmlns:wd="urn:com.workday/bsvc"
     xmlns:ws="urn:com.workday/workersync"
     xmlns:xsi="http://www.w3.org/2001/XMLSchema-instance">
 
	<cc:assembly id="WorkdayAssembly" version="20">
        <cc:workday-in id="Start_Integration" routes-to="Set_Parameters">
            <cc:integration-system name="INT0118_Aon_India_Payroll_Studio_Outbound">
        <cloud:param name="EventWID">
          <cloud:type>
            <cloud:simple-type>text</cloud:simple-type>
          </cloud:type>
        </cloud:param>
        <cloud:attribute-map-service name="India-Payroll-Generic-Service">
          <cloud:attribute name="Document Tag">
            <cloud:type>
              <cloud:simple-type>text</cloud:simple-type>
            </cloud:type>
          </cloud:attribute>
          <cloud:attribute name="Document Retention Policy">
            <cloud:type>
              <cloud:simple-type>number</cloud:simple-type>
            </cloud:type>
          </cloud:attribute>
          <cloud:map name="Gender">
            <cloud:internal-type>
              <cloud:simple-type>text</cloud:simple-type>
            </cloud:internal-type>
            <cloud:external-type>
              <cloud:simple-type>text</cloud:simple-type>
            </cloud:external-type>
          </cloud:map>
          <cloud:map name="Marital_Status">
            <cloud:internal-type>
              <cloud:simple-type>text</cloud:simple-type>
            </cloud:internal-type>
            <cloud:external-type>
              <cloud:simple-type>text</cloud:simple-type>
            </cloud:external-type>
          </cloud:map>
        </cloud:attribute-map-service>
        <cloud:sequence-generator-service name="INT0118_SequenceGenerator_Service">
          <cloud:sequencer>INT0118-PayrollPrefix-Filename</cloud:sequencer>
          <cloud:sequencer>INT0118-HRPrefix-Filename</cloud:sequencer>
        </cloud:sequence-generator-service>
        <cloud:delivery-service name="INT0118_Delivery_Service"/>
        <cloud:report-service name="INT0118_Aon_India_Payroll_Studio_Outbound_RS">
          <cloud:report-alias description="RPT_INT0118_Termination_Completion_EMC" name="RPT_INT0118_Termination_Completion_EMC">
            <cloud:report-reference description="RPT_INT0118_Termination_Completion_EMC" type="WID">a80605a1bc0e015541407ea5312617ef</cloud:report-reference>
          </cloud:report-alias>
          <cloud:report-alias description="RPT_INT0118_Termination_Withdrawal" name="RPT_INT0118_Termination_Withdrawal">
            <cloud:report-reference description="RPT_INT0118_Termination_Withdrawal" type="WID">a80605a1bc0e015ec5d3c6a1312605ef</cloud:report-reference>
          </cloud:report-alias>
          <cloud:report-alias description="RPT_INT0118_Termination_Correction" name="RPT_INT0118_Termination_Correction">
            <cloud:report-reference description="RPT_INT0118_Termination_Correction" type="WID">a80605a1bc0e015b683a0f9e3126eeee</cloud:report-reference>
          </cloud:report-alias>
          <cloud:report-alias description="RPT_INT0118_Rescinded_Hire" name="RPT_INT0118_Rescinded_Hire">
            <cloud:report-reference description="RPT_INT0118_Rescinded_Hire" type="WID">7aac8589ee87018e8db3c08358aa037d</cloud:report-reference>
          </cloud:report-alias>
          <cloud:report-alias description="RPT_INT0118_Hire_Rescind_Mailing_Addresses" name="RPT_INT0118_Hire_Rescind_Mailing_Addresses">
            <cloud:report-reference description="RPT_INT0118_Hire_Rescind_Mailing_Addresses" type="WID">7aac8589ee870154d265139058aa727d</cloud:report-reference>
          </cloud:report-alias>
        </cloud:report-service>
      </cc:integration-system>
        </cc:workday-in>
        <cc:local-out id="GetEventDocuments" routes-response-to="Iterate_Docs" endpoint="vm://wcc/GetEventDocuments"><cc:set name="ie.event.wid" value="lp.exists('EventWID') ? lp.getSimpleData('EventWID') : lp.getIntegrationEventWID()"/></cc:local-out>
        <cc:route id="Iterate_Docs">
            <cc:doc-iterator labels="@{props['documenttag']}"/>
            <cc:sub-route name="SubRoute" routes-to="Copy_Files_To_Msg"/>
        </cc:route>
        <cc:async-mediation id="Set_Parameters" routes-to="Call_HR_Processing">
            <cc:steps>
                <cc:eval id="Set_Parameters"><cc:expression>props['documenttag'] = intsys.getAttribute('Document Tag')</cc:expression><cc:expression>props['aggregate'] = false</cc:expression><cc:expression>props['SRaggregate'] = false</cc:expression><cc:expression>props['Process']=false</cc:expression><cc:expression>props['SRAgrregate']= false</cc:expression><cc:expression>props['CCProcess']= ''</cc:expression><cc:expression>props['CurrentYear']=parts[0].xpath(&quot;current-date()&quot;).substring('0','4').toString()</cc:expression><cc:expression>props['CurrentMonth']=parts[0].xpath(&quot;current-date()&quot;).substring('5','7').toString()</cc:expression><cc:expression>props['CurrentDay']=parts[0].xpath(&quot;current-date()&quot;).substring('8','10').toString()</cc:expression><cc:expression>props['DateFormat']=props['CurrentYear']+'_'+props['CurrentDay']+'_'+props['CurrentMonth']</cc:expression><cc:expression>props['FormattedDate']=props['DateFormat'].replace('_','')</cc:expression>
                    <cc:expression>props['HRFilePrefix']=lp.getSequencedValue('INT0118-HRPrefix-Filename')</cc:expression><cc:expression>props['HrFile']=props['HRFilePrefix']+props['FormattedDate']+'.csv'</cc:expression>
                    <cc:expression>props['PayrollFilePrefix']=lp.getSequencedValue('INT0118-PayrollPrefix-Filename')</cc:expression><cc:expression>props['PayrollFile']=props['PayrollFilePrefix']+props['FormattedDate']+'.csv'</cc:expression><cc:expression>props['Document_Retention']=intsys.getAttribute('Document Retention Policy')</cc:expression><cc:expression>props['Today']=parts[0].xpath(&quot;current-date()&quot;).substring('0','10').toString()</cc:expression></cc:eval>
            </cc:steps>
        </cc:async-mediation>
        <cc:async-mediation id="Copy_Files_To_Msg" routes-to="Splitter">
            <cc:steps>
                <cc:copy id="Copy_Files_To_Msg" input="variable" input-variable="wd.retrieve.variable"/>
                <cc:eval id="Get_Dates"><cc:expression>props['Last_Run_Date']=parts[0].xpath('//ws:Worker_Sync/ws:Header/ws:Prior_Entry_Time')</cc:expression><cc:expression>props['Current_Run_Date']=parts[0].xpath('//ws:Worker_Sync/ws:Header/ws:Current_Entry_Time')</cc:expression><cc:expression>props['Start_Date']= props['Last_Run_Date'].substring('0','10')</cc:expression><cc:expression>props['End_Date']= props['Current_Run_Date'].substring('0','10')</cc:expression></cc:eval>
            </cc:steps>
        </cc:async-mediation>
        <cc:local-out id="HR_File_Delivery" endpoint="vm://wcc/PutIntegrationMessage"><cc:set name="is.message.severity" value="'INFO'"/><cc:set name="is.message.summary" value="'Integration Completed successfully'"/><cc:set name="is.document.variable.name" value="'CCOutput'"/><cc:set name="is.document.deliverable" value="'true'"/><cc:set name="is.document.delivery.services" value="'INT0118_Delivery_Service'"/></cc:local-out>
        <cc:splitter id="Splitter" no-split-message-error="false">
            <cc:sub-route name="SubRoute" routes-to="AsyncMediation2"/>
            <cc:xml-stream-splitter xpath="/ws:Worker_Sync/ws:Worker"/>
        </cc:splitter>
        <cc:async-mediation id="AsyncMediation0" routes-to="Aggregate_HR_Data">
            <cc:steps>
                <cc:log id="Log">
                    <cc:log-message>
                        <cc:text>ENDDATE_1 &#xD;
@{props['End_Date22']  }&#xD;
</cc:text>
                    </cc:log-message>
                </cc:log>
                <cc:xslt id="EMC_Processing" output="message" input="message" url="EMC_Processing_v1.xsl"/>
            </cc:steps>
        </cc:async-mediation>
        <cc:local-in id="CoreConnector_Processing" routes-to="GetEventDocuments"/>
        <cc:local-out id="Call_HR_Processing" store-message="none" routes-response-to="Call_Hire_Rescinds" endpoint="vm://INT0118_Aon_India_Payroll_Studio_Outbound/CoreConnector_Processing"/>
        <cc:local-in id="HR_Aggregate" routes-to="Aggregate_HR_Data"/>
        <cc:local-out id="Call_HR_Aggregate" store-message="none" routes-response-to="Call_SR_Processing" endpoint="vm://INT0118_Aon_India_Payroll_Studio_Outbound/HR_Aggregate"><cc:set name="Aggregate_File" value="props['aggregate']=true"/></cc:local-out>
        <cc:aggregator id="Aggregate_HR_Data" routes-to="Store_HR_File" collate-when="!props['aggregate']" force-batch-on-last-message="false" force-batch-when="props['aggregate']">
            <cc:size-batch-strategy batch-size="-1"/>
            <cc:message-content-collater/>
        </cc:aggregator>
        <cc:async-mediation id="Store_HR_File" routes-to="HR_File_Delivery">
            <cc:steps>
                <cc:csv-to-xml id="CsvToXml" format="rfc4180" rootName="root" rowName="row" separator="|"/>
                <cc:xslt id="Sort_HRData" url="Sort_HR_Data.xsl"/>
                <cc:xslt id="FinalHRData" url="FinalCSV.xsl"/>
                <cc:write id="Write_HR">
                    <cc:message>
                        <cc:text>&quot;Category&quot;,&quot;USERID&quot;,&quot;Employee ID&quot;,&quot;Employee First Name&quot;,&quot;Employee Middle Name&quot;,&quot;Employee Last Name&quot;,&quot;IS MANAGER&quot;,&quot;Reporting Manager Emp ID&quot;,&quot;Work Email&quot;,&quot;Effective Date&quot;,&quot;Grade Code&quot;,&quot;GLBU&quot;,&quot;Cost Center Code&quot;,&quot;Cost Center Description&quot;,&quot;HL Region&quot;,&quot;Job Code&quot;,&quot;Job Title&quot;,&quot;Rpt Str Lvl1&quot;,&quot;Rpt Str Lvl2&quot;,&quot;Rpt Str Lvl3&quot;,&quot;Rpt Str Lvl4&quot;,&quot;Rpt Str Lvl5&quot;,&quot;Rpt Str Lvl6&quot;,&quot;Rpt Str Lvl7&quot;,&quot;Rpt Str Lvl1 Desc&quot;,&quot;Rpt Str Lvl2 Desc&quot;,&quot;Rpt Str Lvl3 Desc&quot;,&quot;Rpt Str Lvl4 Desc&quot;,&quot;Rpt Str Lvl5 Desc&quot;,&quot;Rpt Str Lvl6 Desc&quot;,&quot;Rpt Str Lvl7 Desc&quot;,&quot;Regional Structure Ind&quot;,&quot;DOB&quot;,&quot;DOJ&quot;,&quot;Title&quot;,&quot;Gender&quot;,&quot;Marital Status&quot;,&quot;Location&quot;,&quot;Office Location&quot;,&quot;Employee Type&quot;,&quot;Worker Type&quot;,&quot;Action&quot;,&quot;Reason for Action&quot;,&quot;Contract / Trng Start Date&quot;,&quot;Contract / Trng End Date&quot;,&quot;Probation Days&quot;,&quot;Home ADDRESS_1&quot;,&quot;Home ADDRESS_2&quot;,&quot;Home ADDRESS_3&quot;,&quot;Home  Country&quot;,&quot;Home State&quot;,&quot;Home  City/Town&quot;,&quot;Home  Postal Code&quot;,&quot;MAIL ADDRESS_1&quot;,&quot;MAIL ADDRESS_2&quot;,&quot;MAIL ADDRESS_3&quot;,&quot;Mail Country&quot;,&quot;Mail State&quot;,&quot;Mail City/Town&quot;,&quot;Mail Postal Code&quot;,&quot;PERSONAL_EMAIL&quot;,&quot;Home Contact Number&quot;,&quot;DATE OF RESIGNATION&quot;,&quot;LAST WORKING DATE&quot;,&quot;TYPE OF RESIGNATION&quot;,&quot;REASON FOR RESIGNATION&quot;,&quot;Termination Date&quot;&#xD;
</cc:text>
                        <cc:message-content/>
                    </cc:message>
                </cc:write>
                <cc:store id="Store_HR" output="variable" output-variable="CCOutput" expiresIn="P@{props['Document_Retention']}D" title="@{props['HrFile']}"/>
            </cc:steps>
        </cc:async-mediation>
        <cc:local-out id="Call_SR_Processing" store-message="none" routes-response-to="Call_SR_Aggregate" endpoint="vm://INT0118_Aon_India_Payroll_Studio_Outbound/SR_Processing"/>
        <cc:local-in id="SR_Processing" routes-to="Get_Payroll_Input"/>
        <cc:async-mediation id="Get_Payroll_Input" routes-to="Split_SR">
            <cc:steps>
                <cc:copy id="Copy_SrFiles_To_Msg" input="variable" input-variable="wd.retrieve.variable"/>
            </cc:steps>
        </cc:async-mediation>
        <cc:splitter id="Split_SR" no-split-message-error="false">
            <cc:sub-route name="SubRoute" routes-to="AsyncMediation4"/>
            <cc:xml-stream-splitter xpath="/ws:Worker_Sync/ws:Worker"/>
        </cc:splitter>
        <cc:async-mediation id="Process_SR_Data" routes-to="Aggregate_SR_Data">
            <cc:steps>
                <cc:xslt id="Tranform_Payroll" url="Transform_SR.xsl"/>
            </cc:steps>
        </cc:async-mediation>
        <cc:aggregator id="Aggregate_SR_Data" routes-to="Store_Sr_Data" collate-when="!props['SRAgrregate']" force-batch-on-last-message="false" force-batch-when="props['SRAgrregate']">
            <cc:size-batch-strategy batch-size="-1"/>
            <cc:message-content-collater/>
        </cc:aggregator>
        <cc:async-mediation id="Store_Sr_Data" routes-to="Deliver_SR_File">
            <cc:steps>
                <cc:csv-to-xml id="CsvToXml" format="rfc4180" rootName="root" rowName="row" separator="|"/>
                <cc:xslt id="Sort_SR" url="Sort_SR.xsl"/>
                <cc:xslt id="Final_SR" url="FinalSR.xsl"/>
                <cc:write id="Write_SR">
                    <cc:message>
                        <cc:text>&quot;Category&quot;,&quot;Employee ID&quot;,&quot;Effective Date&quot;,&quot;Basic&quot;,&quot;Flexible Salary&quot;,&quot;Statutory Bonus&quot;,&quot;Provident Fund&quot;,&quot;TCC&quot;,&quot;Stipend&quot;,&quot;Variable Compensation %&quot;,&quot;Salary Premium %&quot;&#xD;
</cc:text>
                        <cc:message-content/>
                    </cc:message>
                </cc:write>
                <cc:store id="Store_SR" output="variable" output-variable="SROutput" expiresIn="P@{props['Document_Retention']}D" title="@{props['PayrollFile']}"/>
            </cc:steps>
        </cc:async-mediation>
        <cc:local-out id="Deliver_SR_File" endpoint="vm://wcc/PutIntegrationMessage"><cc:set name="is.message.severity" value="'INFO'"/><cc:set name="is.message.summary" value="'SR Record has been attached successfully.'"/><cc:set name="is.document.variable.name" value="'SROutput'"/><cc:set name="is.document.deliverable" value="'true'"/><cc:set name="is.document.delivery.services" value="'INT0118_Delivery_Service'"/></cc:local-out>
        <cc:local-out id="Call_SR_Aggregate" store-message="none" endpoint="vm://INT0118_Aon_India_Payroll_Studio_Outbound/SR_Aggregate"><cc:set name="Aggregate_SR" value="props['SRAgrregate'] = true"/></cc:local-out>
        <cc:local-in id="SR_Aggregate" routes-to="Aggregate_SR_Data"/>
        <cc:local-in id="In_Termin_Completion_EMC" routes-to="Termin_Completion_EMC_Report"/>
        <cc:local-out id="Call_Termin_Completion_EMC" store-message="none" routes-response-to="Call_RW_Processing" endpoint="vm://INT0118_Aon_India_Payroll_Studio_Outbound/In_Termin_Completion_EMC"/>
        <cc:splitter id="Splitter0" no-split-message-error="false">
            <cc:sub-route name="SubRoute" routes-to="AsyncMediation5"/>
            <cc:xml-stream-splitter xpath="/rs:Report_Data/rs:Report_Entry"/>
        </cc:splitter>
        <cc:async-mediation id="AsyncMediation" routes-to="Aggregate_HR_Data">
            <cc:steps>
                <cc:eval id="Eval"><cc:expression>props['Correction_Flag']=''</cc:expression><cc:expression>props['Correction']=''</cc:expression><cc:expression>props['Transfer_Date_Prior']=''</cc:expression><cc:expression>props['Transfer_Date']=''</cc:expression></cc:eval>
                <cc:eval id="Correction_Logic"><cc:expression>props['Correction']=parts[0].xpath('//ws:Additional_Information/ws:Transfer_Corrected')</cc:expression><cc:expression>props['Transfer_Date_Prior']=parts[0].xpath('//ws:Additional_Information/ws:Transfer_Effective_Date/@ws:PriorValue')</cc:expression><cc:expression>props['Transfer_Date']=parts[0].xpath('//ws:Additional_Information/ws:Transfer_Effective_Date')</cc:expression><cc:expression>props['Correction_Flag']=(props['Correction'] == 'Corrected' &amp;&amp; props['Transfer_Date_Prior'] !='' &amp;&amp; props['Transfer_Date'] !='' &amp;&amp; props['Transfer_Date_Prior'] != props['Transfer_Date']) ? 'true' : 'false'</cc:expression></cc:eval>
                <cc:xslt id="Hire_Processing" url="Hire_Processing_v1.xsl"/>
            </cc:steps>
        </cc:async-mediation>
        <cc:async-mediation id="AsyncMediation5" routes-to="AggrgateTermin_EMC">
            <cc:steps>
                <cc:xslt id="Termination_Completion_EMC" url="Termination.xsl"/>
            </cc:steps>
        </cc:async-mediation>
        <cc:workday-out-rest id="Termin_Completion_EMC_Report" routes-response-to="Splitter0" extra-path="@{intsys.reportService.getExtrapath('RPT_INT0118_Termination_Completion_EMC')}?Effective_Date=@{props['End_Date']}&amp;format=simplexml&amp;Last_Successful_As_Of_Entry_Moment=@{ props['Last_Run_Date']}&amp;As_Of_Entry_Moment=@{props['Current_Run_Date']}"/>
        <cc:route id="HR_File">
            <cc:mvel-strategy>
                <cc:choose-route expression="props['Event'] =='' " route="EMC_Processing"/>
                <cc:choose-route expression="props['Event'] !='' " route="HR_Processing "/>
            </cc:mvel-strategy>
            <cc:sub-route name="HR_Processing " routes-to="AsyncMediation"/>
            <cc:sub-route name="EMC_Processing" routes-to="AsyncMediation0"/>
        </cc:route>
        <cc:workday-out-rest id="Termin_Withdrawal_Report" routes-response-to="Split_RW" extra-path="@{intsys.reportService.getExtrapath('RPT_INT0118_Termination_Withdrawal')}?format=simplexml&amp;Current_Run_Date=@{props['Current_Run_Date']}&amp;Last_Run_Date=@{props['Last_Run_Date']}"/>
        <cc:splitter id="Split_RW" no-split-message-error="false">
            <cc:sub-route name="SubRoute" routes-to="Process_RW_XSLT"/>
            <cc:xml-stream-splitter xpath="/rw:Report_Data/rw:Report_Entry"/>
        </cc:splitter>
        <cc:local-in id="In_Process_RW" routes-to="Termin_Withdrawal_Report"/>
        <cc:async-mediation id="Process_RW_XSLT" routes-to="Aggregate_RW">
            <cc:steps>
                <cc:xslt id="ProcessRW" url="Process_RW.xsl"/>
            </cc:steps>
        </cc:async-mediation>
        <cc:local-out id="Call_RW_Processing" store-message="none" routes-response-to="Call_Termin_Correction_EMC" endpoint="vm://INT0118_Aon_India_Payroll_Studio_Outbound/In_Process_RW"/>
        <cc:local-out id="AggrgateTermin_EMC" store-message="none" endpoint="vm://INT0118_Aon_India_Payroll_Studio_Outbound/Aggregate"/>
        <cc:local-out id="Aggregate_RW" store-message="none" endpoint="vm://INT0118_Aon_India_Payroll_Studio_Outbound/Aggregate"/>
        <cc:local-in id="Aggregate" routes-to="Aggregate_HR_Data"/>
        <cc:async-mediation id="AsyncMediation2" routes-to="HR_File">
            <cc:steps>
                <cc:eval id="Initiate_Data"><cc:expression>props['Event']=''</cc:expression><cc:expression>props['Event']=parts[0].xpath('//ws:Status/ws:Staffing_Event')</cc:expression><cc:expression>props['GenderMap']=''</cc:expression><cc:expression>props['MaritalStatusMap']=''</cc:expression><cc:expression>props['GenderMap']=intsys.integrationMapLookup('Gender', parts[0].xpath('//ws:Personal/ws:Gender'), false)</cc:expression><cc:expression>props['MaritalStatusMap']=intsys.integrationMapLookup('Marital_Status', parts[0].xpath('//ws:Personal/ws:Marital_Status'), false)</cc:expression></cc:eval>
            </cc:steps>
        </cc:async-mediation>
        <cc:local-out id="Call_Termin_Correction_EMC" store-message="none" routes-response-to="Call_HR_Aggregate" endpoint="vm://INT0118_Aon_India_Payroll_Studio_Outbound/In_Termin_Correction_EMC"/>
        <cc:local-in id="In_Termin_Correction_EMC" routes-to="Termin_Correction_Report"/>
        <cc:workday-out-rest id="Termin_Correction_Report" routes-response-to="Split_Termin_Corrections" extra-path="@{intsys.reportService.getExtrapath('RPT_INT0118_Termination_Correction')}?format=simplexml&amp;Current_Run_Date=@{props['Current_Run_Date']}&amp;Last_Run_Date=@{props['Last_Run_Date']}"/>
        <cc:splitter id="Split_Termin_Corrections" no-split-message-error="false">
            <cc:sub-route name="SubRoute" routes-to="Termin_Corrections"/>
            <cc:xml-stream-splitter xpath="/emc:Report_Data/emc:Report_Entry"/>
        </cc:splitter>
        <cc:async-mediation id="Termin_Corrections" routes-to="Aggregate_TC_EMC">
            <cc:steps>
                <cc:xslt id="Termination_Correction_EMC" url="Termination_Correction_EMC.xsl"/>
            </cc:steps>
        </cc:async-mediation>
        <cc:local-out id="Aggregate_TC_EMC" store-message="none" endpoint="vm://INT0118_Aon_India_Payroll_Studio_Outbound/Aggregate"/>
        <cc:route id="Route0">
            <cc:all-strategy/>
            <cc:sub-route name="Normal_SR" routes-to="Process_SR_Data"/>
            <cc:sub-route name="Rehire_Rescind_SR" routes-to="AsyncMediation1"/>
            <cc:sub-route name="XI_Rescind_SR" routes-to="AsyncMediation3"/>
        </cc:route>
        <cc:async-mediation id="AsyncMediation1" routes-to="Aggregate_SR_Data">
            <cc:steps>
                <cc:xslt id="Rehire_Rescind" url="Termination_Rescind.xsl"/>
            </cc:steps>
        </cc:async-mediation>
        <cc:async-mediation id="AsyncMediation3" routes-to="Aggregate_SR_Data">
            <cc:steps>
                <cc:xslt id="XI_Rescind" url="XI_Rescind_Payroll.xsl"/>
            </cc:steps>
        </cc:async-mediation>
        <cc:async-mediation id="AsyncMediation4" routes-to="Route0">
            <cc:steps>
                <cc:eval id="Eval0"><cc:expression>props['Correction_Flag']=''</cc:expression><cc:expression>props['Correction']=''</cc:expression><cc:expression>props['Transfer_Date_Prior']=''</cc:expression><cc:expression>props['Transfer_Date']=''</cc:expression><cc:expression>props['Correction']=parts[0].xpath('//ws:Additional_Information/ws:Transfer_Corrected')</cc:expression><cc:expression>props['Transfer_Date_Prior']=parts[0].xpath('//ws:Additional_Information/ws:Transfer_Effective_Date/@ws:PriorValue')</cc:expression><cc:expression>props['Transfer_Date']=parts[0].xpath('//ws:Additional_Information/ws:Transfer_Effective_Date')</cc:expression><cc:expression>props['Correction_Flag']=(props['Correction'] == 'Corrected' &amp;&amp; props['Transfer_Date_Prior'] !='' &amp;&amp; props['Transfer_Date'] !='' &amp;&amp; props['Transfer_Date_Prior'] != props['Transfer_Date']) ? 'true' : 'false'</cc:expression><cc:expression>props['Employee']=parts[0].xpath('//ws:Summary/ws:Employee_ID')</cc:expression></cc:eval>
                <cc:eval id="Eval"><cc:expression>props['Staffing_Event']=''</cc:expression><cc:expression>props['PayGroup_prior']=''</cc:expression><cc:expression>props['PayGroup_Current']=''</cc:expression><cc:expression>props['Staffing_Event']=parts[0].xpath('//ws:Status/ws:Staffing_Event')</cc:expression><cc:expression>props['PayGroup_prior']=parts[0].xpath('//ws:Additional_Information/ws:Pay_Group/@ws:PriorValue')</cc:expression><cc:expression>props['PayGroup_Current']=parts[0].xpath('//ws:Additional_Information/ws:Pay_Group')</cc:expression><cc:expression>props['XO_Flag']= (props['Staffing_Event'] == 'TFR' &amp;&amp; props['PayGroup_prior'] !=props['PayGroup_Current'] &amp;&amp; props['PayGroup_prior'] == 'India' &amp;&amp; props['PayGroup_Current'] !='India' &amp;&amp; props['Correction_Flag'] != 'true')? 'true' : 'false'</cc:expression></cc:eval>
            </cc:steps>
        </cc:async-mediation>
        <cc:local-out id="CallPutIntegrationEventGlobal" endpoint="vm://wcc/PutIntegrationEvent">
            <cc:set name="is.event.completed" value="'current'"/>
        </cc:local-out>
        <cc:local-out id="CallPutIntegrationMessageGlobal" routes-response-to="CallPutIntegrationEventGlobal" endpoint="vm://wcc/PutIntegrationMessage">
            <cc:set name="is.message.severity" value="'CRITICAL'"/>
            <cc:set name="is.message.summary" value="'Critical error has occurred!'"/>
            <cc:set name="is.message.detail" value="context.errorMessage"/>
        </cc:local-out>
        <cc:send-error id="SendGlobalError" rethrow-error="false" routes-to="CallPutIntegrationMessageGlobal"/>
        <cc:local-out id="Call_Hire_Rescinds" store-message="none" routes-response-to="Call_Termin_Completion_EMC" endpoint="vm://INT0118_Aon_India_Payroll_Studio_Outbound/In_Hire_Rescinds"/>
        <cc:local-in id="In_Hire_Rescinds" routes-to="Call_Hire_Rescind_Report"/>
        <cc:workday-out-rest id="Call_Hire_Rescind_Report" routes-response-to="Split_Hire_Rescinds" extra-path="@{intsys.reportService.getExtrapath('RPT_INT0118_Rescinded_Hire')}?&amp;format=simplexml&amp;End_Date=@{props['Current_Run_Date']}&amp;Start_Date=@{ props['Last_Run_Date']}"/>
        <cc:splitter id="Split_Hire_Rescinds" no-split-message-error="false">
            <cc:sub-route name="SubRoute" routes-to="AsyncMediation7"/>
            <cc:xml-stream-splitter xpath="/hr:Report_Data/hr:Report_Entry"/>
        </cc:splitter>
        <cc:async-mediation id="AsyncMediation6" routes-to="Aggregate_NHR">
            <cc:steps>
                <cc:eval id="Eval">
                    <cc:expression>props['mail_addr_line1'] = parts[0].xpath('/ma:Report_Data/ma:Report_Entry/ma:CF_Mailing_Address_Line1')</cc:expression>
                    <cc:expression>props['mail_addr_line2'] = parts[0].xpath('/ma:Report_Data/ma:Report_Entry/ma:CF_Mailing_Address_Line2')</cc:expression>
                    <cc:expression>props['mail_addr_line3'] = parts[0].xpath('/ma:Report_Data/ma:Report_Entry/ma:CF_Mailing_Address_Line3')</cc:expression>
                    <cc:expression>props['mail_addr_country'] = parts[0].xpath('/ma:Report_Data/ma:Report_Entry/ma:CF_Mailing_Address_Country')</cc:expression>
                    <cc:expression>props['mail_addr_state'] = parts[0].xpath('/ma:Report_Data/ma:Report_Entry/ma:CF_Mailing_Address_State')</cc:expression>
                    <cc:expression>props['mail_addr_city'] = parts[0].xpath('/ma:Report_Data/ma:Report_Entry/ma:CF_Mailing_Address_City')</cc:expression>
                    <cc:expression>props['mail_addr_postal'] = parts[0].xpath('/ma:Report_Data/ma:Report_Entry/ma:CF_Mailing_Address_PostalCode')</cc:expression>
                </cc:eval>
                <cc:copy id="Copy" input="variable" input-variable="wd.hire.rescinds"/>
                <cc:xslt id="HireRescindNHR" input="message" url="Hire_Rescind.xsl"/>
            </cc:steps>
        </cc:async-mediation>
        <cc:local-out id="Aggregate_NHR" store-message="none" execute-when="props['dateRescinded'] > props['rescindEffectiveDate']" endpoint="vm://INT0118_Aon_India_Payroll_Studio_Outbound/Aggregate"/>
        <cc:async-mediation id="AsyncMediation7" routes-to="Call_mail_addr_report">
            <cc:steps>
                <cc:copy id="CopyNHR" output="variable" output-variable="wd.hire.rescinds"/>
                <cc:eval id="Eval">
                    <cc:expression>props['empid'] = parts[0].xpath('//hr:Employee_ID')</cc:expression>
                    <cc:expression>props['dateRescinded'] = parts[0].xpath('//hr:Date_Rescinded')</cc:expression>
                    <cc:expression>props['rescindEffectiveDate'] = parts[0].xpath('//hr:Effective_Date')</cc:expression>
                </cc:eval>
            </cc:steps>
        </cc:async-mediation>
        <cc:workday-out-rest id="Call_mail_addr_report" routes-response-to="AsyncMediation6" extra-path="@{intsys.reportService.getExtrapath('RPT_INT0118_Hire_Rescind_Mailing_Addresses')}?Employee_ID=@{props['empid']}&amp;format=simplexml"/>
	</cc:assembly>

</beans>