<?xml version="1.0" encoding="UTF-8"?>
<beans
     xmlns="http://www.springframework.org/schema/beans"
     xmlns:beans="http://www.springframework.org/schema/beans"
     xmlns:atom="http://www.w3.org/2005/Atom"
     xmlns:cc="http://www.capeclear.com/assembly/10"
     xmlns:cloud="urn:com.workday/esb/cloud/10.0"
     xmlns:env="http://schemas.xmlsoap.org/soap/envelope/"
     xmlns:pi="urn:com.workday/picof"
     xmlns:wd="urn:com.workday/bsvc"
     xmlns:xsi="http://www.w3.org/2001/XMLSchema-instance">
 
	<cc:assembly id="WorkdayAssembly" version="2021.10">
        <cc:workday-in id="StartHere" routes-to="CallEmployeeReportRoutine">
            <cc:integration-system name="INT0095-QCIPUtilizationBonusLoad">
        <cloud:param name="Quarter to run">
          <cloud:type>
            <cloud:simple-type>text</cloud:simple-type>
          </cloud:type>
          <cloud:default>
            <cloud:text>2021-Q3</cloud:text>
          </cloud:default>
          <cloud:launch-option>required</cloud:launch-option>
        </cloud:param>
        <cloud:report-service name="INT0095-ReportService">
          <cloud:report-alias description="PCIP Colleague Utilization Results" name="Colleague_Utilization_Results">
            <cloud:report-reference description="INT0095 PCIP Colleague Utilization Results" type="WID">f072d8d41570012404c2b2df89f50000</cloud:report-reference>
          </cloud:report-alias>
          <cloud:report-alias description="INT PCIP Leadership Rollup" name="Leadership_Rollup_Utilization">
            <cloud:report-reference description="INT0095 - PCIP Leadership Rollup" type="WID">f072d8d4157001240537aa2ec8160000</cloud:report-reference>
          </cloud:report-alias>
        </cloud:report-service>
        <cloud:custom-object-service name="INT0095-Bonus_Productivity">
          <cloud:custom-object-alias description="Bonus Process - External Data - History" name="Bonus_Productivity">
            <cloud:custom-object-reference description="Bonus Process - External Data - History" type="WID">9ef5440398d9011506f6d69839125e76</cloud:custom-object-reference>
          </cloud:custom-object-alias>
        </cloud:custom-object-service>
      </cc:integration-system>
        </cc:workday-in>
        <cc:async-mediation id="ValidateInputFile" routes-to="LoopFiles">
            <cc:steps>
                <cc:eval id="Eval">
                    <cc:expression>props['file.count'] = da.size()</cc:expression>
                </cc:eval>
                <cc:validate-exp id="ValidateExp">
                    <cc:expression failure-message="No file was retrieved">props['file.count'] != 0</cc:expression>
                </cc:validate-exp>
            </cc:steps>
            <cc:send-error id="SendError" routes-to="ErrorRetriveFile"/>
        </cc:async-mediation>
        <cc:local-in id="RetriveFile" routes-to="GetFiles"/>
        <cc:route id="LoopFiles">
            <cc:doc-iterator/>
            <cc:sub-route name="SubRoute" routes-to="RetrieveDoc"/>
        </cc:route>
        <cc:async-mediation id="RetrieveDoc" continue-after-error="recover" handle-downstream-errors="true">
            <cc:steps>
                <cc:csv-to-xml id="CSVToXml" output-mimetype="text/xml" input="variable" input-variable="wd.retrieve.variable" colNames="EmployeeID,Quarter,Productivity" format="rfc4180" rootName="Workers" rowName="Worker" useFirstLineAsHeader="true"/>
                <cc:copy id="Copy" output="variable" output-mimetype="text/xml" output-variable="InputFileXML"/>
                <cc:store id="Store" output="message" output-mimetype="text/xml" input="variable" input-variable="InputFileXML" createDocumentReference="true" expiresIn="P180D" title="InputFile.xml"/>
            </cc:steps>
            <cc:send-error id="SendError" routes-to="ErrorConvertingtoXML"/>
        </cc:async-mediation>
        <cc:local-in id="ProcessWorker" routes-to="AsyncMediation0"/>
        <cc:splitter id="Splitter">
            <cc:sub-route name="SubRoute" routes-to="StoreDatafromFile"/>
            <cc:xml-stream-splitter xpath="/wd:Report_Data/wd:Report_Entry"/>
        </cc:splitter>
        <cc:async-mediation id="StoreDatafromFile" routes-to="CallBuildRequest">
            <cc:steps>
                <cc:eval id="Eval">
                    <cc:expression>props['EmployeeID']='';props['quarter']='';props['productivityPassOrFail']='';props['EmployeeName'] ='';props['EmployeeNameLeader']=''</cc:expression>
                    <cc:expression>props['EmployeeID'] = parts[0].xpath('wd:Report_Entry/wd:Employee_ID')</cc:expression>
                    <cc:expression>props['quarter'] = parts[0].xpath('wd:Report_Entry/wd:Quarter')</cc:expression>
                    <cc:expression>props['productivityPassOrFail'] =  parts[0].xpath('wd:Report_Entry/wd:Pass_Fail')</cc:expression>
                    <cc:expression>props['productivity'] =  props['productivityPassOrFail'].substring(0,1)</cc:expression>
                    <cc:expression>props['EmployeeName']= parts[0].xpath('wd:Report_Entry/wd:Worker/@wd:Descriptor')</cc:expression>
                    <cc:expression>props['EmployeeNameLeader']= parts[0].xpath('wd:Report_Entry/wd:Worker')</cc:expression>
                </cc:eval>
            </cc:steps>
        </cc:async-mediation>
        <cc:local-out id="CallBuildRequest" store-message="none" endpoint="vm://INT0095-QCIPUtilizationBonusLoad/BuildRequest"/>
        <cc:local-in id="BuildRequest" routes-to="CreateRequest"/>
        <cc:async-mediation id="CreateRequest" routes-to="WorkdayOutRest" handle-downstream-errors="true">
            <cc:steps>
                <cc:write id="Write" output-mimetype="text/JSON">
                    <cc:message>
                        <cc:text>{&#xD;
&quot;worker&quot;:{&quot;id&quot;:&quot;Employee_ID=@{props['EmployeeID']}&quot;},&#xD;
&quot;quarter&quot;:&quot;@{props['quarter']}&quot;,&#xD;
&quot;productivityPassOrFail&quot;: &quot;@{props['productivity']}&quot;&#xD;
}</cc:text>
                    </cc:message>
                </cc:write>
                <cc:log id="Log">
                    <cc:log-message>
                        <cc:message-content/>
                    </cc:log-message>
                </cc:log>
            </cc:steps>
            <cc:send-error id="SendError" routes-to="ErrorProcessing"/>
        </cc:async-mediation>
        <cc:async-mediation id="AsyncMediation">
            <cc:steps>
                <cc:cloud-log id="CloudLog" header="Productivity Successfully Updated." level="info" message="Productivity successfully update for Employee @{props['EmployeeName']}@{props['EmployeeNameLeader']} to : &quot;@{props['productivityPassOrFail']}&quot; for Quarter @{props['quarter']}" variable-name="cloud-log-content">
                    <cc:log-column key="EmployeeID" label="Employee ID">@{props['EmployeeID']}</cc:log-column>
                    <cc:log-column key="Quarter" label="Quarter">@{props['quarter']}</cc:log-column>
                    <cc:log-column key="ProductiveUtilization" label="Productive Utilization">@{props['productivity']}</cc:log-column>
                </cc:cloud-log>
            </cc:steps>
        </cc:async-mediation>
        <cc:async-mediation id="ErrorProcessing" routes-to="WorkdayOutRest0" handle-downstream-errors="true">
            <cc:steps>
                <cc:write id="Write" output-mimetype="text/JSON">
                    <cc:message>
                        <cc:text>{&#xD;
&quot;worker&quot;:{&quot;id&quot;:&quot;Contingent_Worker_ID=@{props['EmployeeID']}&quot;},&#xD;
&quot;quarter&quot;:&quot;@{props['quarter']}&quot;,&#xD;
&quot;productivityPassOrFail&quot;: &quot;@{props['productivity']}&quot;&#xD;
}</cc:text>
                    </cc:message>
                </cc:write>
                <cc:log id="Log">
                    <cc:log-message>
                        <cc:message-content/>
                    </cc:log-message>
                </cc:log>
            </cc:steps>
            <cc:send-error id="SendError" routes-to="AsyncMediation1"/>
        </cc:async-mediation>
        <cc:local-out id="CallStoreAuditLog" store-message="none" routes-response-to="PutIntegrationMessage" endpoint="vm://INT0095-QCIPUtilizationBonusLoad/StoreAuditLog"/>
        <cc:local-in id="StoreAuditLog" routes-to="StoreLog"/>
        <cc:async-mediation id="StoreLog" routes-to="PutIntegrationMessage0">
            <cc:steps>
                <cc:store id="StoreCloudLog" output="variable" output-variable="Audit_Log.file" input="variable" input-variable="cloud-log-content" createDocumentReference="true" expiresIn="P180D" summary="Audit Cloud Log" title="Audit_Cloud_Log.html"/>
            </cc:steps>
        </cc:async-mediation>
        <cc:local-out id="PutIntegrationMessage" endpoint="vm://wcc/PutIntegrationMessage"><cc:set name="is.message.severity" value="'INFO'"/><cc:set name="is.message.summary" value="'Integration processing completed.'"/></cc:local-out>
        <cc:local-out id="GetFiles" routes-response-to="ValidateInputFile" endpoint="vm://wcc/GetEventDocuments">
            <cc:set name="ie.event.wid" value="props['debug.WID'] == '' ? props['processing.WID'] : props['debug.WID']"/>
        </cc:local-out>
        <cc:local-out id="ErrorRetriveFile" endpoint="vm://wcc/PutIntegrationMessage"><cc:set name="is.message.severity" value="'ERROR'"/><cc:set name="is.message.summary" value="'Error : ' + context.getErrorMessage()"/></cc:local-out>
        <cc:local-out id="ErrorConvertingtoXML" endpoint="vm://wcc/PutIntegrationMessage"><cc:set name="is.message.severity" value="'ERROR'"/><cc:set name="is.message.summary" value="'Error converting file to XML : ' + context.getErrorMessage()"/></cc:local-out>
        <cc:local-out id="PutIntegrationMessage0" endpoint="vm://wcc/PutIntegrationMessage"><cc:set name="is.message.severity" value="'INFO'"/><cc:set name="is.message.summary" value="'Audit Log created Successfully'"/><cc:set name="is.document.variable.name" value="'Audit_Log.file'"/><cc:set name="is.document.labels" value="'Cloud Audit Log'"/><cc:set name="is.document.deliverable" value="'true'"/></cc:local-out>
        <cc:local-in id="SubEmployeeReport" routes-to="LaunchProps"/>
        <cc:local-out id="CallEmployeeReportRoutine" store-message="none" routes-response-to="CallStoreAuditLog" endpoint="vm://INT0095-QCIPUtilizationBonusLoad/SubEmployeeReport"/>
        <cc:async-mediation id="LaunchProps" routes-to="CallCIPEmpReport" handle-downstream-errors="true">
            <cc:steps>
                <cc:eval id="Eval">
                    <cc:expression>props['quarter.process'] = lp.getSimpleData('Quarter to run')</cc:expression>
                </cc:eval>
            </cc:steps>
            <cc:send-error id="SendError" routes-to="ErrorCallReport"/>
        </cc:async-mediation>
        <cc:workday-out-rest id="CallCIPEmpReport" routes-response-to="CallProcessWorkerEmployee" extra-path="@{intsys.reportService.getExtrapath('Colleague_Utilization_Results')}?Quarter=@{props['quarter.process']}"/>
        <cc:local-out id="CallProcessWorkerEmployee" store-message="none" routes-response-to="CallSubLeaderReport" endpoint="vm://INT0095-QCIPUtilizationBonusLoad/ProcessWorker"/>
        <cc:local-in id="SubLeadershipReport" routes-to="OutLeadershipReport"/>
        <cc:workday-out-rest id="OutLeadershipReport" routes-response-to="CallProcessWorkerLeadership" extra-path="@{intsys.reportService.getExtrapath('Leadership_Rollup_Utilization')}?Quarter=@{props['quarter.process']}"/>
        <cc:local-out id="CallProcessWorkerLeadership" store-message="none" endpoint="vm://INT0095-QCIPUtilizationBonusLoad/ProcessWorker"/>
        <cc:local-out id="CallSubLeaderReport" store-message="none" endpoint="vm://INT0095-QCIPUtilizationBonusLoad/SubLeadershipReport"/>
        <cc:local-out id="ErrorCallReport" endpoint="vm://wcc/PutIntegrationMessage">
            <cc:set name="is.message.severity" value="'ERROR'"/>
            <cc:set name="is.message.summary" value="'Error in calling employee report : ' + context.getErrorMessage()"/>
        </cc:local-out>
        <cc:async-mediation id="AsyncMediation0" routes-to="Splitter" handle-downstream-errors="true">
            <cc:steps>
                <cc:log id="Log">
                    <cc:log-message>
                        <cc:message-content/>
                    </cc:log-message>
                </cc:log>
            </cc:steps>
            <cc:send-error id="SendError" routes-to="ErrorCallReport0"/>
        </cc:async-mediation>
        <cc:local-out id="ErrorCallReport0" endpoint="vm://wcc/PutIntegrationMessage">
            <cc:set name="is.message.severity" value="'WARNING'"/>
            <cc:set name="is.message.summary" value="'Error in Report Split : ' + context.getErrorMessage()"/>
        </cc:local-out>
        <cc:workday-out-rest id="WorkdayOutRest" routes-response-to="AsyncMediation" extra-path="@{intsys.customObjectService.getExtrapath('Bonus_Productivity')}?updateIfExists=true" method="POST"/>
        <cc:async-mediation id="AsyncMediation1">
            <cc:steps>
                <cc:cloud-log id="CloudLog" level="error" message="Error updating productivity for employee @{props['EmployeeName']}@{props['EmployeeNameLeader']}  to : &quot; @{props['productivityPassOrFail']} &quot;  for Quarter @{props['quarter']}" message-details="Error message : @{context.getErrorMessage()} " variable-name="cloud-log-content">
                    <cc:log-column key="EmployeeID" label="Employee ID">@{props['EmployeeID']}</cc:log-column>
                    <cc:log-column key="Quarter" label="Quarter">@{props['quarter']}</cc:log-column>
                    <cc:log-column key="ProductiveUtilization" label="Productive Utilization">@{props['productivity']}</cc:log-column>
                </cc:cloud-log></cc:steps>
        </cc:async-mediation>
        <cc:workday-out-rest id="WorkdayOutRest0" routes-response-to="AsyncMediation" extra-path="@{intsys.customObjectService.getExtrapath('Bonus_Productivity')}?updateIfExists=true" method="POST"/>
	</cc:assembly>

</beans>