<?xml version="1.0" encoding="UTF-8"?><wm:manifest xmlns:wm="http://www.workday.com/solution/catalog/manifest/10" xmlns:xsi="http://www.w3.org/2001/XMLSchema-instance" xsi:schemaLocation="http://www.workday.com/solution/catalog/manifest/10 http://www.workday.com/solution/catalog/manifest/10">
   <wm:clar version="3.0"/>
   <wm:descriptive>
      <wm:title>ImportWSTravel Sample</wm:title>
      <wm:description>The ImportWSTravel assembly sample demonstrates how to implement the Import Web Service pattern in a Workday Studio assembly that imports travel booking records and produces a report with details of the status of each IWS request.</wm:description>
      <wm:author>christine.doyle</wm:author>
      <wm:timestamp>2014-09-10T17:05:05.715+01:00</wm:timestamp>
   </wm:descriptive>
</wm:manifest>
