<?xml version="1.0" encoding="UTF-8"?>
<beans
     xmlns="http://www.springframework.org/schema/beans"
     xmlns:beans="http://www.springframework.org/schema/beans"
     xmlns:atom="http://www.w3.org/2005/Atom"
     xmlns:cc="http://www.capeclear.com/assembly/10"
     xmlns:cloud="urn:com.workday/esb/cloud/10.0"
     xmlns:env="http://schemas.xmlsoap.org/soap/envelope/"
     xmlns:pi="urn:com.workday/picof"
     xmlns:wd="urn:com.workday/bsvc"
     xmlns:xsi="http://www.w3.org/2001/XMLSchema-instance">
 
	<cc:assembly id="WorkdayAssembly" version="2019.35">
        <cc:workday-in id="StartHere" routes-to="CallInitialization">
            <cc:integration-system name="INT0288_MLT_Scope_Of_Authority">
        <cloud:param name="Company">
          <cloud:type>
            <cloud:class-report-field description="Company" type="WID" singular="true">ce1312d8043c4bf78999f66d9c292071</cloud:class-report-field>
          </cloud:type>
          <cloud:default/>
        </cloud:param>
        <cloud:param name="Organization Type">
          <cloud:type>
            <cloud:class-report-field description="Organization Type" type="WID" singular="false">8890d5d41bdf4ceabecaab6bb8f66c88</cloud:class-report-field>
          </cloud:type>
        </cloud:param>
        <cloud:param name="Support Roles">
          <cloud:type>
            <cloud:class-report-field description="Supporting Roles on Worker Profile" type="WID" singular="false">ceb7f26fda3410001dc3fcbc51380107</cloud:class-report-field>
          </cloud:type>
        </cloud:param>
        <cloud:param name="Full File?">
          <cloud:type>
            <cloud:simple-type>boolean</cloud:simple-type>
          </cloud:type>
          <cloud:default>
            <cloud:boolean>false</cloud:boolean>
          </cloud:default>
        </cloud:param>
        <cloud:param name="Include Contingent Workers?">
          <cloud:type>
            <cloud:simple-type>boolean</cloud:simple-type>
          </cloud:type>
          <cloud:default>
            <cloud:boolean>false</cloud:boolean>
          </cloud:default>
        </cloud:param>
        <cloud:param name="As Of Effective Date">
          <cloud:type>
            <cloud:simple-type>datetime</cloud:simple-type>
          </cloud:type>
          <cloud:default>
            <cloud:class-report-field description="Current Moment (DateTime)" type="WID">df4effe76deb4222a79001d6737cf91c</cloud:class-report-field>
          </cloud:default>
        </cloud:param>
        <cloud:param name="As Of Entry Moment">
          <cloud:type>
            <cloud:simple-type>datetime</cloud:simple-type>
          </cloud:type>
          <cloud:default>
            <cloud:class-report-field description="Current Moment (DateTime)" type="WID">df4effe76deb4222a79001d6737cf91c</cloud:class-report-field>
          </cloud:default>
        </cloud:param>
        <cloud:param name="Include Terminated Employees?">
          <cloud:type>
            <cloud:simple-type>boolean</cloud:simple-type>
          </cloud:type>
          <cloud:default>
            <cloud:boolean>false</cloud:boolean>
          </cloud:default>
        </cloud:param>
        <cloud:param name="Worker">
          <cloud:type>
            <cloud:class-report-field description="Worker" type="WID" singular="false">dba16edbf5e8100006491ef629726c3d</cloud:class-report-field>
          </cloud:type>
        </cloud:param>
        <cloud:param name="Last Successful As Of Entry Moment">
          <cloud:type>
            <cloud:simple-type>datetime</cloud:simple-type>
          </cloud:type>
          <cloud:default>
            <cloud:class-report-field description="Current Moment (DateTime)" type="WID">df4effe76deb4222a79001d6737cf91c</cloud:class-report-field>
          </cloud:default>
        </cloud:param>
        <cloud:param name="Last Successful Effective Date">
          <cloud:type>
            <cloud:simple-type>datetime</cloud:simple-type>
          </cloud:type>
          <cloud:default>
            <cloud:class-report-field description="Current Moment (DateTime)" type="WID">df4effe76deb4222a79001d6737cf91c</cloud:class-report-field>
          </cloud:default>
        </cloud:param>
        <cloud:param name="MassLoad SSO Security Group?">
          <cloud:type>
            <cloud:simple-type>boolean</cloud:simple-type>
          </cloud:type>
          <cloud:default>
            <cloud:boolean>false</cloud:boolean>
          </cloud:default>
        </cloud:param>
        <cloud:report-service name="INT0288_MLT_Scope_Of_Authority_RS">
          <cloud:report-alias description="INT0288 - MassLoad SSO Security Group" name="INT0288MassLoadSSOSecurityGroup">
            <cloud:report-reference description="INT0288 - MassLoad SSO Security Group" type="WID">77eda6fce0b0010c6163b8c20619760d</cloud:report-reference>
          </cloud:report-alias>
        </cloud:report-service>
      </cc:integration-system>
        </cc:workday-in>
        <cc:async-mediation id="Init">
            <cc:steps>
                <cc:eval id="LPs"><cc:expression>props['lp.company'] = lp.getReferenceDataList('Company', 'Company_Reference_ID')</cc:expression>
                    <cc:expression>props['lp.orgType'] = lp.getReferenceDataList('Organization Type', 'Organization_Type_ID')</cc:expression>
                    <cc:expression>if( props['lp.orgType'].isEmpty() ) {&#xD;
	props['lp.orgType'].add( '1' );&#xD;
}</cc:expression>
                    <cc:expression>props['lp.roles'] = lp.getReferenceDataList('Support Roles', 'Organization_Role_ID')</cc:expression>
                    
                    
                    <cc:expression>props['lp.mode'] = lp.getSimpleData('Full File?')</cc:expression>
                    <cc:expression>props['lp.contingent'] = lp.getSimpleData('Include Contingent Workers?')</cc:expression>
                    <cc:expression>if( props['lp.contingent'] == 'false' ) {&#xD;
	props['lp.contingent'] = false&#xD;
} else {&#xD;
	props['lp.contingent'] = true&#xD;
}</cc:expression>
                    <cc:expression>props['lp.effectiveDate'] = lp.getSimpleData('As Of Effective Date')</cc:expression>
                    <cc:expression>props['lp.entryMoment'] = lp.getSimpleData('As Of Entry Moment')</cc:expression>
                    <cc:expression>props['lp.terminated'] = lp.getSimpleData('Include Terminated Employees?')</cc:expression>
                    <cc:expression>if( props['lp.terminated'] == 'false' ) {&#xD;
	props['lp.terminated'] = false&#xD;
} else {&#xD;
	props['lp.terminated'] = true&#xD;
}</cc:expression><cc:expression>props['lp.workers'] = lp.getReferenceDataList('Worker', 'Employee_ID') </cc:expression>
                    <cc:expression>props['lp.lastEffectiveDate'] = lp.getSimpleData('Last Successful Effective Date')</cc:expression>
                    <cc:expression>props['lp.lastEntryMoment'] = lp.getSimpleData('Last Successful As Of Entry Moment')</cc:expression>
                    <cc:expression>props['lp.MassLoad'] = lp.getSimpleData('MassLoad SSO Security Group?')</cc:expression>
                </cc:eval>
                <cc:eval id="Attrs">
                    <cc:expression>props['roles.to.include'] = util.listToCommaDelimString(props['lp.roles'])</cc:expression>
                    <cc:expression>props['current.dateTime'] = java.time.LocalDateTime.now().toString();&#xD;
props['formatted.dateTime'] = props['current.dateTime'].substring(0,4).concat( props['current.dateTime'].substring(5, 7) ).concat( props['current.dateTime'].substring(8, 10) );&#xD;
props['formatted.dateTime'] = props['formatted.dateTime'].concat( props['current.dateTime'].substring(11, 13) ).concat( props['current.dateTime'].substring(14, 16) ).concat( props['current.dateTime'].substring(17, 19) );</cc:expression>
                    <cc:expression>vars['output'] = null</cc:expression>
                </cc:eval>
            </cc:steps>
            <cc:send-error id="SendError" routes-to="PutIntegrationMessage0"/>
        </cc:async-mediation>
        <cc:send-error id="globalErrorHandler" routes-to="noteError"/>
        <cc:local-out id="noteError" endpoint="vm://wcc/PutIntegrationMessage"><cc:set name="is.message.severity" value="'CRITICAL'"/><cc:set name="is.message.summary" value="'Encountered an unhandled or unexpected system error: ' # context.errorMessage"/><cc:set name="is.message.storage.enabled" value="false"/></cc:local-out>
        <cc:local-out id="PutIntegrationMessage0" endpoint="vm://wcc/PutIntegrationMessage"><cc:set name="is.message.severity" value="'INFO'"/><cc:set name="is.message.summary" value="'Error initializing variables and launch parameters: ' # context.errorMessage"/><cc:set name="is.message.storage.enabled" value="false"/></cc:local-out>
        <cc:local-out id="CallInitialization" store-message="none" routes-response-to="SecurityGroup" endpoint="vm://INT0288_MLT_Scope_Of_Authority/Initialization"/>
        <cc:local-in id="Initialization" routes-to="Init"/>
        <cc:local-out id="CallWebServiceFullFile" store-message="none" endpoint="vm://INT0288_MLT_Scope_Of_Authority/WebServiceFullFile"/>
        <cc:local-in id="WebServiceFullFile" routes-to="AsyncMediation0"/>
        <cc:route id="RunMode">
            <cc:mvel-strategy>
                <cc:choose-route expression="props['lp.mode'] == true" route="SubRoute"/>
                <cc:choose-route expression="props['lp.mode'] == false" route="Alternate"/>
            </cc:mvel-strategy>
            <cc:sub-route name="SubRoute" routes-to="CallWebServiceFullFile"/>
            <cc:sub-route name="Alternate" routes-to="CallWebServiceDeltaFile"/>
        </cc:route>
        <cc:local-in id="WebServiceDeltaFile" routes-to="AsyncMediation"/>
        <cc:local-out id="CallWebServiceDeltaFile" store-message="none" endpoint="vm://INT0288_MLT_Scope_Of_Authority/WebServiceDeltaFile"/>
        <cc:async-mediation id="AsyncMediation" routes-to="PagedGet0">
            <cc:steps>
                <cc:write id="Write">
                    <cc:message>
                        <cc:text>&lt;wd:Get_Workers_Request xmlns:wd=&quot;urn:com.workday/bsvc&quot; wd:version=&quot;v32.2&quot;>&#xD;
	@if{!(props['lp.workers'].isEmpty())}&#xD;
	&lt;wd:Request_References wd:Skip_Non_Existing_Instances = &quot;true&quot;>&#xD;
		@foreach{props['lp.workers'] as id}&#xD;
		&lt;wd:Worker_Reference>&#xD;
			&lt;wd:ID wd:type = &quot;Employee_ID&quot;>@{id}&lt;/wd:ID>&#xD;
		&lt;/wd:Worker_Reference>&#xD;
		@end{}&#xD;
	&lt;/wd:Request_References>&#xD;
	@end{}&#xD;
	&lt;wd:Request_Criteria>&#xD;
		&lt;wd:Transaction_Log_Criteria_Data>&#xD;
			&lt;wd:Transaction_Date_Range_Data>&#xD;
				&lt;wd:Updated_From>1970-01-01T00:00:00&lt;/wd:Updated_From>&#xD;
				&lt;wd:Updated_Through>@{props['lp.entryMoment']}&lt;/wd:Updated_Through>&#xD;
				&lt;wd:Effective_From>@{props['lp.lastEffectiveDate']}&lt;/wd:Effective_From>&#xD;
				&lt;wd:Effective_Through>@{props['lp.effectiveDate']}&lt;/wd:Effective_Through>&#xD;
			&lt;/wd:Transaction_Date_Range_Data>&#xD;
			&lt;wd:Transaction_Type_References>&#xD;
				&lt;wd:Transaction_Type_Reference>&#xD;
					&lt;wd:ID wd:type=&quot;Business_Process_Type&quot;>Assign Matrix Organization&lt;/wd:ID>&#xD;
				&lt;/wd:Transaction_Type_Reference>&#xD;
				&lt;wd:Transaction_Type_Reference>&#xD;
					&lt;wd:ID wd:type=&quot;Business_Process_Type&quot;>Assign Matrix Organizations&lt;/wd:ID>&#xD;
				&lt;/wd:Transaction_Type_Reference>&#xD;
				&lt;wd:Transaction_Type_Reference>&#xD;
					&lt;wd:ID wd:type=&quot;Business_Process_Type&quot;>Assign Pay Group&lt;/wd:ID>&#xD;
				&lt;/wd:Transaction_Type_Reference>&#xD;
				&lt;wd:Transaction_Type_Reference>&#xD;
					&lt;wd:ID wd:type=&quot;Business_Process_Type&quot;>Assign Pay Group for Position Restrictions Event&lt;/wd:ID>&#xD;
				&lt;/wd:Transaction_Type_Reference>&#xD;
				&lt;wd:Transaction_Type_Reference>&#xD;
					&lt;wd:ID wd:type=&quot;Business_Process_Type&quot;>Assign Superior&lt;/wd:ID>&#xD;
				&lt;/wd:Transaction_Type_Reference>&#xD;
				&lt;wd:Transaction_Type_Reference>&#xD;
					&lt;wd:ID wd:type=&quot;Business_Process_Type&quot;>Change Organization Assignments for Worker&lt;/wd:ID>&#xD;
				&lt;/wd:Transaction_Type_Reference>&#xD;
				&lt;wd:Transaction_Type_Reference>&#xD;
					&lt;wd:ID wd:type=&quot;Business_Process_Type&quot;>Change Organization Assignments for Workers by Organization&lt;/wd:ID>&#xD;
				&lt;/wd:Transaction_Type_Reference>&#xD;
				&lt;wd:Transaction_Type_Reference>&#xD;
					&lt;wd:ID wd:type=&quot;Business_Process_Type&quot;>Assign Worker&lt;/wd:ID>&#xD;
				&lt;/wd:Transaction_Type_Reference>&#xD;
				&lt;wd:Transaction_Type_Reference>&#xD;
					&lt;wd:ID wd:type=&quot;Business_Process_Type&quot;>Hire Employee&lt;/wd:ID>&#xD;
				&lt;/wd:Transaction_Type_Reference>&#xD;
				&lt;wd:Transaction_Type_Reference>&#xD;
					&lt;wd:ID wd:type=&quot;Business_Process_Type&quot;>Move Worker Staffing&lt;/wd:ID>&#xD;
				&lt;/wd:Transaction_Type_Reference>&#xD;
				&lt;wd:Transaction_Type_Reference>&#xD;
					&lt;wd:ID wd:type=&quot;Business_Process_Type&quot;>Assign Workers&lt;/wd:ID>&#xD;
				&lt;/wd:Transaction_Type_Reference>&#xD;
				&lt;wd:Transaction_Type_Reference>&#xD;
					&lt;wd:ID wd:type=&quot;Business_Process_Type&quot;>Move Workers Staffing&lt;/wd:ID>&#xD;
				&lt;/wd:Transaction_Type_Reference>&#xD;
				&lt;wd:Transaction_Type_Reference>&#xD;
					&lt;wd:ID wd:type=&quot;Event_Lite_Type_ID&quot;>Organization Freeze/Unfreeze&lt;/wd:ID>&#xD;
				&lt;/wd:Transaction_Type_Reference>&#xD;
				&lt;wd:Transaction_Type_Reference>&#xD;
					&lt;wd:ID wd:type=&quot;Event_Lite_Type_ID&quot;>Organization_Type_Change&lt;/wd:ID>&#xD;
				&lt;/wd:Transaction_Type_Reference>&#xD;
				&lt;wd:Transaction_Type_Reference>&#xD;
					&lt;wd:ID wd:type=&quot;Business_Process_Type&quot;>Terminate Employee&lt;/wd:ID>&#xD;
				&lt;/wd:Transaction_Type_Reference>&#xD;
				&lt;wd:Transaction_Type_Reference>&#xD;
					&lt;wd:ID wd:type=&quot;Business_Process_Type&quot;>Transfer Employee Inbound&lt;/wd:ID>&#xD;
				&lt;/wd:Transaction_Type_Reference>&#xD;
				&lt;wd:Transaction_Type_Reference>&#xD;
					&lt;wd:ID wd:type=&quot;Business_Process_Type&quot;>Transfer Employee&lt;/wd:ID>&#xD;
				&lt;/wd:Transaction_Type_Reference>&#xD;
				&lt;wd:Transaction_Type_Reference>&#xD;
					&lt;wd:ID wd:type=&quot;Business_Process_Type&quot;>Work Contact Information Event&lt;/wd:ID>&#xD;
				&lt;/wd:Transaction_Type_Reference>&#xD;
				&lt;wd:Transaction_Type_Reference>&#xD;
					&lt;wd:ID wd:type=&quot;Event_Lite_Type_ID&quot;>Work County Data&lt;/wd:ID>&#xD;
				&lt;/wd:Transaction_Type_Reference>&#xD;
			&lt;/wd:Transaction_Type_References>&#xD;
		&lt;/wd:Transaction_Log_Criteria_Data>&#xD;
		&lt;wd:Transaction_Log_Criteria_Data>&#xD;
			&lt;wd:Transaction_Date_Range_Data>&#xD;
				&lt;wd:Updated_From>@{props['lp.lastEntryMoment']}&lt;/wd:Updated_From>&#xD;
				&lt;wd:Updated_Through>@{props['lp.entryMoment']}&lt;/wd:Updated_Through>&#xD;
				&lt;wd:Effective_From>1970-01-01T00:00:00&lt;/wd:Effective_From>&#xD;
				&lt;wd:Effective_Through>@{props['lp.effectiveDate']}&lt;/wd:Effective_Through>&#xD;
			&lt;/wd:Transaction_Date_Range_Data>&#xD;
			&lt;wd:Transaction_Type_References>&#xD;
				&lt;wd:Transaction_Type_Reference>&#xD;
					&lt;wd:ID wd:type=&quot;Business_Process_Type&quot;>Assign Matrix Organization&lt;/wd:ID>&#xD;
				&lt;/wd:Transaction_Type_Reference>&#xD;
				&lt;wd:Transaction_Type_Reference>&#xD;
					&lt;wd:ID wd:type=&quot;Business_Process_Type&quot;>Assign Matrix Organizations&lt;/wd:ID>&#xD;
				&lt;/wd:Transaction_Type_Reference>&#xD;
				&lt;wd:Transaction_Type_Reference>&#xD;
					&lt;wd:ID wd:type=&quot;Business_Process_Type&quot;>Assign Pay Group&lt;/wd:ID>&#xD;
				&lt;/wd:Transaction_Type_Reference>&#xD;
				&lt;wd:Transaction_Type_Reference>&#xD;
					&lt;wd:ID wd:type=&quot;Business_Process_Type&quot;>Assign Pay Group for Position Restrictions Event&lt;/wd:ID>&#xD;
				&lt;/wd:Transaction_Type_Reference>&#xD;
				&lt;wd:Transaction_Type_Reference>&#xD;
					&lt;wd:ID wd:type=&quot;Business_Process_Type&quot;>Assign Superior&lt;/wd:ID>&#xD;
				&lt;/wd:Transaction_Type_Reference>&#xD;
				&lt;wd:Transaction_Type_Reference>&#xD;
					&lt;wd:ID wd:type=&quot;Business_Process_Type&quot;>Change Organization Assignments for Worker&lt;/wd:ID>&#xD;
				&lt;/wd:Transaction_Type_Reference>&#xD;
				&lt;wd:Transaction_Type_Reference>&#xD;
					&lt;wd:ID wd:type=&quot;Business_Process_Type&quot;>Change Organization Assignments for Workers by Organization&lt;/wd:ID>&#xD;
				&lt;/wd:Transaction_Type_Reference>&#xD;
				&lt;wd:Transaction_Type_Reference>&#xD;
					&lt;wd:ID wd:type=&quot;Business_Process_Type&quot;>Assign Worker&lt;/wd:ID>&#xD;
				&lt;/wd:Transaction_Type_Reference>&#xD;
				&lt;wd:Transaction_Type_Reference>&#xD;
					&lt;wd:ID wd:type=&quot;Business_Process_Type&quot;>Hire Employee&lt;/wd:ID>&#xD;
				&lt;/wd:Transaction_Type_Reference>&#xD;
				&lt;wd:Transaction_Type_Reference>&#xD;
					&lt;wd:ID wd:type=&quot;Business_Process_Type&quot;>Move Worker Staffing&lt;/wd:ID>&#xD;
				&lt;/wd:Transaction_Type_Reference>&#xD;
				&lt;wd:Transaction_Type_Reference>&#xD;
					&lt;wd:ID wd:type=&quot;Business_Process_Type&quot;>Assign Workers&lt;/wd:ID>&#xD;
				&lt;/wd:Transaction_Type_Reference>&#xD;
				&lt;wd:Transaction_Type_Reference>&#xD;
					&lt;wd:ID wd:type=&quot;Business_Process_Type&quot;>Move Workers Staffing&lt;/wd:ID>&#xD;
				&lt;/wd:Transaction_Type_Reference>&#xD;
				&lt;wd:Transaction_Type_Reference>&#xD;
					&lt;wd:ID wd:type=&quot;Event_Lite_Type_ID&quot;>Organization Freeze/Unfreeze&lt;/wd:ID>&#xD;
				&lt;/wd:Transaction_Type_Reference>&#xD;
				&lt;wd:Transaction_Type_Reference>&#xD;
					&lt;wd:ID wd:type=&quot;Event_Lite_Type_ID&quot;>Organization_Type_Change&lt;/wd:ID>&#xD;
				&lt;/wd:Transaction_Type_Reference>&#xD;
				&lt;wd:Transaction_Type_Reference>&#xD;
					&lt;wd:ID wd:type=&quot;Business_Process_Type&quot;>Terminate Employee&lt;/wd:ID>&#xD;
				&lt;/wd:Transaction_Type_Reference>&#xD;
				&lt;wd:Transaction_Type_Reference>&#xD;
					&lt;wd:ID wd:type=&quot;Business_Process_Type&quot;>Transfer Employee Inbound&lt;/wd:ID>&#xD;
				&lt;/wd:Transaction_Type_Reference>&#xD;
				&lt;wd:Transaction_Type_Reference>&#xD;
					&lt;wd:ID wd:type=&quot;Business_Process_Type&quot;>Transfer Employee&lt;/wd:ID>&#xD;
				&lt;/wd:Transaction_Type_Reference>&#xD;
				&lt;wd:Transaction_Type_Reference>&#xD;
					&lt;wd:ID wd:type=&quot;Business_Process_Type&quot;>Work Contact Information Event&lt;/wd:ID>&#xD;
				&lt;/wd:Transaction_Type_Reference>&#xD;
				&lt;wd:Transaction_Type_Reference>&#xD;
					&lt;wd:ID wd:type=&quot;Event_Lite_Type_ID&quot;>Work County Data&lt;/wd:ID>&#xD;
				&lt;/wd:Transaction_Type_Reference>&#xD;
			&lt;/wd:Transaction_Type_References>&#xD;
		&lt;/wd:Transaction_Log_Criteria_Data>&#xD;
		@if{!(props['lp.company'].isEmpty())}&#xD;
			@foreach{props['lp.company'] as company}&#xD;
			&lt;wd:Organization_Reference>&#xD;
				&lt;wd:ID wd:type=&quot;Company_Reference_ID&quot;>@{company}&lt;/wd:ID>&#xD;
			&lt;/wd:Organization_Reference>&#xD;
			@end{}&#xD;
		@end{}&#xD;
		&lt;wd:Exclude_Inactive_Workers>@{!props['lp.terminated']}&lt;/wd:Exclude_Inactive_Workers>&#xD;
		&lt;wd:Exclude_Employees>false&lt;/wd:Exclude_Employees>&#xD;
		&lt;wd:Exclude_Contingent_Workers>@{!props['lp.contingent']}&lt;/wd:Exclude_Contingent_Workers>&#xD;
	&lt;/wd:Request_Criteria>&#xD;
	&lt;wd:Response_Filter>&#xD;
		&lt;wd:As_Of_Effective_Date>@{props['lp.effectiveDate']}&lt;/wd:As_Of_Effective_Date>&#xD;
		&lt;wd:As_Of_Entry_DateTime>@{props['lp.entryMoment']}&lt;/wd:As_Of_Entry_DateTime>&#xD;
		&lt;wd:Page>1&lt;/wd:Page>&#xD;
		&lt;wd:Count>999&lt;/wd:Count>&#xD;
	&lt;/wd:Response_Filter>&#xD;
	&lt;wd:Response_Group>&#xD;
		&lt;wd:Include_Reference>true&lt;/wd:Include_Reference>&#xD;
		&lt;wd:Include_Personal_Information>false&lt;/wd:Include_Personal_Information>&#xD;
		&lt;wd:Include_Additional_Jobs>false&lt;/wd:Include_Additional_Jobs>&#xD;
		&lt;wd:Include_Employment_Information>false&lt;/wd:Include_Employment_Information>&#xD;
		&lt;wd:Include_Compensation>false&lt;/wd:Include_Compensation>&#xD;
		&lt;wd:Include_Organizations>true&lt;/wd:Include_Organizations>&#xD;
		&lt;wd:Exclude_Organization_Support_Role_Data>false&lt;/wd:Exclude_Organization_Support_Role_Data>&#xD;
		&lt;wd:Exclude_Location_Hierarchies>@{!( props['lp.orgType'].contains( 'Location_Hierarchy' ) || props['lp.orgType'].contains( '1' ) )}&lt;/wd:Exclude_Location_Hierarchies>&#xD;
		&lt;wd:Exclude_Cost_Centers>@{!( props['lp.orgType'].contains( 'Cost_Center' ) || props['lp.orgType'].contains( '1' ))}&lt;/wd:Exclude_Cost_Centers>&#xD;
		&lt;wd:Exclude_Cost_Center_Hierarchies>@{!( props['lp.orgType'].contains( 'Cost_Center_Hierarchy' ) || props['lp.orgType'].contains( '1' ))}&lt;/wd:Exclude_Cost_Center_Hierarchies>&#xD;
		&lt;wd:Exclude_Companies>false&lt;/wd:Exclude_Companies>&#xD;
		&lt;wd:Exclude_Company_Hierarchies>@{!( props['lp.orgType'].contains( 'Company_Hierarchy' ) || props['lp.orgType'].contains( '1' ))}&lt;/wd:Exclude_Company_Hierarchies>&#xD;
		&lt;wd:Exclude_Matrix_Organizations>@{!( props['lp.orgType'].contains( 'Matrix' ) || props['lp.orgType'].contains( '1' ))}&lt;/wd:Exclude_Matrix_Organizations>&#xD;
		&lt;wd:Exclude_Pay_Groups>@{!( props['lp.orgType'].contains( 'Pay Group' ) || props['lp.orgType'].contains( '1' ))}&lt;/wd:Exclude_Pay_Groups>&#xD;
		&lt;wd:Exclude_Regions>@{!( props['lp.orgType'].contains( 'Region' ) || props['lp.orgType'].contains( '1' ))}&lt;/wd:Exclude_Regions>&#xD;
		&lt;wd:Exclude_Region_Hierarchies>@{!( props['lp.orgType'].contains( 'Region_Hierarchy' ) || props['lp.orgType'].contains( '1' ))}&lt;/wd:Exclude_Region_Hierarchies>&#xD;
		&lt;wd:Exclude_Supervisory_Organizations>@{!( props['lp.orgType'].contains( 'Supervisory' ) || props['lp.orgType'].contains( '1' ))}&lt;/wd:Exclude_Supervisory_Organizations>&#xD;
		&lt;wd:Exclude_Teams>@{!( props['lp.orgType'].contains( 'Team' ) || props['lp.orgType'].contains( '1' ))}&lt;/wd:Exclude_Teams>&#xD;
		&lt;wd:Exclude_Custom_Organizations>false&lt;/wd:Exclude_Custom_Organizations>&#xD;
		&lt;wd:Include_Roles>true&lt;/wd:Include_Roles>&#xD;
		&lt;wd:Include_Management_Chain_Data>true&lt;/wd:Include_Management_Chain_Data>&#xD;
		&lt;wd:Include_Multiple_Managers_in_Management_Chain_Data>true&lt;/wd:Include_Multiple_Managers_in_Management_Chain_Data>&#xD;
		&lt;wd:Include_Benefit_Enrollments>false&lt;/wd:Include_Benefit_Enrollments>&#xD;
		&lt;wd:Include_Benefit_Eligibility>false&lt;/wd:Include_Benefit_Eligibility>&#xD;
		&lt;wd:Include_Related_Persons>false&lt;/wd:Include_Related_Persons>&#xD;
		&lt;wd:Include_Qualifications>false&lt;/wd:Include_Qualifications>&#xD;
		&lt;wd:Include_Employee_Review>false&lt;/wd:Include_Employee_Review>&#xD;
		&lt;wd:Include_Goals>false&lt;/wd:Include_Goals>&#xD;
		&lt;wd:Include_Development_Items>false&lt;/wd:Include_Development_Items>&#xD;
		&lt;wd:Include_Skills>false&lt;/wd:Include_Skills>&#xD;
		&lt;wd:Include_Photo>false&lt;/wd:Include_Photo>&#xD;
		&lt;wd:Include_Worker_Documents>false&lt;/wd:Include_Worker_Documents>&#xD;
		&lt;wd:Include_Transaction_Log_Data>false&lt;/wd:Include_Transaction_Log_Data>&#xD;
		&lt;wd:Include_Subevents_for_Corrected_Transaction>false&lt;/wd:Include_Subevents_for_Corrected_Transaction>&#xD;
		&lt;wd:Include_Subevents_for_Rescinded_Transaction>false&lt;/wd:Include_Subevents_for_Rescinded_Transaction>&#xD;
		&lt;wd:Include_Succession_Profile>false&lt;/wd:Include_Succession_Profile>&#xD;
		&lt;wd:Include_Talent_Assessment>false&lt;/wd:Include_Talent_Assessment>&#xD;
		&lt;wd:Include_Employee_Contract_Data>false&lt;/wd:Include_Employee_Contract_Data>&#xD;
		&lt;wd:Include_Contracts_for_Terminated_Workers>false&lt;/wd:Include_Contracts_for_Terminated_Workers>&#xD;
		&lt;wd:Include_Collective_Agreement_Data>false&lt;/wd:Include_Collective_Agreement_Data>&#xD;
		&lt;wd:Include_Probation_Period_Data>false&lt;/wd:Include_Probation_Period_Data>&#xD;
		&lt;wd:Include_Extended_Employee_Contract_Details>false&lt;/wd:Include_Extended_Employee_Contract_Details>&#xD;
		&lt;wd:Include_Feedback_Received>false&lt;/wd:Include_Feedback_Received>&#xD;
		&lt;wd:Include_User_Account>false&lt;/wd:Include_User_Account>&#xD;
		&lt;wd:Include_Career>false&lt;/wd:Include_Career>&#xD;
		&lt;wd:Include_Account_Provisioning>false&lt;/wd:Include_Account_Provisioning>&#xD;
		&lt;wd:Include_Background_Check_Data>false&lt;/wd:Include_Background_Check_Data>&#xD;
		&lt;wd:Include_Contingent_Worker_Tax_Authority_Form_Information>false&lt;/wd:Include_Contingent_Worker_Tax_Authority_Form_Information>&#xD;
		&lt;wd:Exclude_Funds>@{!( props['lp.orgType'].contains( 'Fund' ) || props['lp.orgType'].contains( '1' ))}&lt;/wd:Exclude_Funds>&#xD;
		&lt;wd:Exclude_Fund_Hierarchies>@{!( props['lp.orgType'].contains( 'Fund_Hierarchy' ) || props['lp.orgType'].contains( '1' ))}&lt;/wd:Exclude_Fund_Hierarchies>&#xD;
		&lt;wd:Exclude_Grants>@{!( props['lp.orgType'].contains( 'Grant' ) || props['lp.orgType'].contains( '1' ))}&lt;/wd:Exclude_Grants>&#xD;
		&lt;wd:Exclude_Grant_Hierarchies>@{!( props['lp.orgType'].contains( 'Grant_Hierarchy' ) || props['lp.orgType'].contains( '1' ))}&lt;/wd:Exclude_Grant_Hierarchies>&#xD;
		&lt;wd:Exclude_Business_Units>@{!( props['lp.orgType'].contains( 'Business_Unit' ) || props['lp.orgType'].contains( '1' ))}&lt;/wd:Exclude_Business_Units>&#xD;
		&lt;wd:Exclude_Business_Unit_Hierarchies>@{!( props['lp.orgType'].contains( 'Business_Unit_Hierarchy' ) || props['lp.orgType'].contains( '1' ))}&lt;/wd:Exclude_Business_Unit_Hierarchies>&#xD;
		&lt;wd:Exclude_Programs>@{!( props['lp.orgType'].contains( 'Program' ) || props['lp.orgType'].contains( '1' ))}&lt;/wd:Exclude_Programs>&#xD;
		&lt;wd:Exclude_Program_Hierarchies>@{!( props['lp.orgType'].contains( 'Program_Hierarchy' ) || props['lp.orgType'].contains( '1' ))}&lt;/wd:Exclude_Program_Hierarchies>&#xD;
		&lt;wd:Exclude_Gifts>@{!( props['lp.orgType'].contains( 'Gift' ) || props['lp.orgType'].contains( '1' ))}&lt;/wd:Exclude_Gifts>&#xD;
		&lt;wd:Exclude_Gift_Hierarchies>@{!( props['lp.orgType'].contains( 'Gift_Hierarchy' ) || props['lp.orgType'].contains( '1' ))}&lt;/wd:Exclude_Gift_Hierarchies>&#xD;
	&lt;/wd:Response_Group>&#xD;
&lt;/wd:Get_Workers_Request>&#xD;
&#xD;
</cc:text>
                    </cc:message>
                </cc:write>
                <cc:copy id="Copy" output="variable" output-mimetype="text/xml" output-variable="getWorkersMessage"/>
                <cc:wrap-soap id="WrapSoap"/>
            </cc:steps>
            <cc:send-error id="SendError" routes-to="PutIntegrationMessage3"/>
        </cc:async-mediation>
        <cc:async-mediation id="processWebServiceResponse">
            <cc:steps>
                <cc:copy id="Copy" output="variable" output-mimetype="text/xml" output-variable="getworkers_response_XML"/>
                <cc:xslt-plus id="XsltPlus" output="variable" output-mimetype="text/xml" output-variable="transformedData" input="variable" input-variable="getworkers_response_XML" url="INT0288_transformation.xsl"/>
                <cc:store id="Store" output="variable" output-mimetype="text/xml" output-variable="storedData" input="variable" input-variable="transformedData" expiresIn="P30D" summary="The ouput text is attached." title="INT0288_ScopeOfAuthority.txt "/>
            </cc:steps>
        </cc:async-mediation>
        <cc:local-out id="PagedGet" routes-response-to="AsyncMediation1" endpoint="vm://wcc/PagedGet"><cc:set name="is.paged.get.request.current.page.xpath" value="'/env:Envelope/env:Body/*/wd:Response_Filter/wd:Page'"/><cc:set name="is.paged.get.response.current.page.xpath" value="'/env:Envelope/env:Body/*/wd:Response_Results/wd:Page'"/><cc:set name="is.paged.get.response.total.pages.xpath" value="'/env:Envelope/env:Body/*/wd:Response_Results/wd:Total_Pages'"/><cc:set name="is.paged.get.response.total.results.xpath" value="'/env:Envelope/env:Body/*/wd:Response_Results/wd:Total_Results'"/><cc:set name="is.paged.get.application" value="'Staffing'"/><cc:set name="is.paged.get.version" value="'32.2'"/><cc:set name="is.paged.get.page.zero" value="false"/><cc:set name="is.paged.get.store.requests" value="true"/><cc:set name="is.paged.get.process.endpoint" value="'vm://INT0288_MLT_Scope_Of_Authority/processOnePage'"/><cc:set name="is.paged.get.parallel" value="true"/><cc:set name="is.paged.get.parallel.aggregation.endpoint" value="'vm://INT0288_MLT_Scope_Of_Authority/combinePages'"/></cc:local-out>
        <cc:local-out id="PagedGet0" routes-response-to="Route" endpoint="vm://wcc/PagedGet">
            <cc:set name="is.paged.get.request.current.page.xpath" value="'/env:Envelope/env:Body/*/wd:Response_Filter/wd:Page'"/>
            <cc:set name="is.paged.get.response.current.page.xpath" value="'/env:Envelope/env:Body/*/wd:Response_Results/wd:Page'"/>
            <cc:set name="is.paged.get.response.total.pages.xpath" value="'/env:Envelope/env:Body/*/wd:Response_Results/wd:Total_Pages'"/>
            <cc:set name="is.paged.get.response.total.results.xpath" value="'/env:Envelope/env:Body/*/wd:Response_Results/wd:Total_Results'"/>
            <cc:set name="is.paged.get.application" value="'Staffing'"/>
            <cc:set name="is.paged.get.version" value="'32.2'"/>
            <cc:set name="is.paged.get.page.zero" value="false"/>
            <cc:set name="is.paged.get.store.requests" value="true"/>
        <cc:set name="is.paged.get.process.endpoint" value="'vm://INT0288_MLT_Scope_Of_Authority/processOnePage'"/><cc:set name="is.paged.get.parallel" value="true"/><cc:set name="is.paged.get.parallel.aggregation.endpoint" value="'vm://INT0288_MLT_Scope_Of_Authority/combinePages'"/></cc:local-out>
        <cc:async-mediation id="TransformationWithSecurityGroup">
            <cc:steps>
                <cc:xslt-plus id="XsltPlus" output="variable" output-variable="c2p.transformedData" url="INT0288_MLTScopeOfAuthority(w_roles_and_massloadSSO).xsl"/>
            </cc:steps>
            <cc:send-error id="SendError" routes-to="PutIntegrationMessage"/>
        </cc:async-mediation>
        <cc:local-in id="processOnePage" routes-to="SecurityGroup1"/>
        <cc:async-mediation id="AsyncMediation0" routes-to="PagedGet">
            <cc:steps>
                <cc:write id="Write">
                    <cc:message>
                        <cc:text>&lt;wd:Get_Workers_Request xmlns:wd=&quot;urn:com.workday/bsvc&quot; wd:version=&quot;v32.2&quot;>&#xD;
	@if{!(props['lp.workers'].isEmpty())}&#xD;
	&lt;wd:Request_References wd:Skip_Non_Existing_Instances = &quot;true&quot;>&#xD;
		@foreach{props['lp.workers'] as id}&#xD;
		&lt;wd:Worker_Reference>&#xD;
			&lt;wd:ID wd:type = &quot;Employee_ID&quot;>@{id}&lt;/wd:ID>&#xD;
		&lt;/wd:Worker_Reference>&#xD;
		@end{}&#xD;
	&lt;/wd:Request_References>&#xD;
	@end{}&#xD;
	&lt;wd:Request_Criteria>&#xD;
		@if{!(props['lp.company'].isEmpty())}&#xD;
			@foreach{props['lp.company'] as company}&#xD;
			&lt;wd:Organization_Reference>&#xD;
				&lt;wd:ID wd:type=&quot;Company_Reference_ID&quot;>@{company}&lt;/wd:ID>&#xD;
			&lt;/wd:Organization_Reference>&#xD;
			@end{}&#xD;
		@end{}&#xD;
		&lt;wd:Exclude_Inactive_Workers>@{!props['lp.terminated']}&lt;/wd:Exclude_Inactive_Workers>&#xD;
		&lt;wd:Exclude_Employees>false&lt;/wd:Exclude_Employees>&#xD;
		&lt;wd:Exclude_Contingent_Workers>@{!props['lp.contingent']}&lt;/wd:Exclude_Contingent_Workers>&#xD;
	&lt;/wd:Request_Criteria>&#xD;
	&lt;wd:Response_Filter>&#xD;
		&lt;wd:As_Of_Effective_Date>@{props['lp.effectiveDate']}&lt;/wd:As_Of_Effective_Date>&#xD;
		&lt;wd:As_Of_Entry_DateTime>@{props['lp.entryMoment']}&lt;/wd:As_Of_Entry_DateTime>&#xD;
		&lt;wd:Page>1&lt;/wd:Page>&#xD;
		&lt;wd:Count>999&lt;/wd:Count>&#xD;
	&lt;/wd:Response_Filter>&#xD;
	&lt;wd:Response_Group>&#xD;
		&lt;wd:Include_Reference>true&lt;/wd:Include_Reference>&#xD;
		&lt;wd:Include_Personal_Information>false&lt;/wd:Include_Personal_Information>&#xD;
		&lt;wd:Include_Additional_Jobs>false&lt;/wd:Include_Additional_Jobs>&#xD;
		&lt;wd:Include_Employment_Information>false&lt;/wd:Include_Employment_Information>&#xD;
		&lt;wd:Include_Compensation>false&lt;/wd:Include_Compensation>&#xD;
		&lt;wd:Include_Organizations>true&lt;/wd:Include_Organizations>&#xD;
		&lt;wd:Exclude_Organization_Support_Role_Data>false&lt;/wd:Exclude_Organization_Support_Role_Data>&#xD;
		&lt;wd:Exclude_Location_Hierarchies>@{!( props['lp.orgType'].contains( 'Location_Hierarchy' ) || props['lp.orgType'].contains( '1' ) )}&lt;/wd:Exclude_Location_Hierarchies>&#xD;
		&lt;wd:Exclude_Cost_Centers>@{!( props['lp.orgType'].contains( 'Cost_Center' ) || props['lp.orgType'].contains( '1' ))}&lt;/wd:Exclude_Cost_Centers>&#xD;
		&lt;wd:Exclude_Cost_Center_Hierarchies>@{!( props['lp.orgType'].contains( 'Cost_Center_Hierarchy' ) || props['lp.orgType'].contains( '1' ))}&lt;/wd:Exclude_Cost_Center_Hierarchies>&#xD;
		&lt;wd:Exclude_Companies>false&lt;/wd:Exclude_Companies>&#xD;
		&lt;wd:Exclude_Company_Hierarchies>@{!( props['lp.orgType'].contains( 'Company_Hierarchy' ) || props['lp.orgType'].contains( '1' ))}&lt;/wd:Exclude_Company_Hierarchies>&#xD;
		&lt;wd:Exclude_Matrix_Organizations>@{!( props['lp.orgType'].contains( 'Matrix' ) || props['lp.orgType'].contains( '1' ))}&lt;/wd:Exclude_Matrix_Organizations>&#xD;
		&lt;wd:Exclude_Pay_Groups>@{!( props['lp.orgType'].contains( 'Pay Group' ) || props['lp.orgType'].contains( '1' ))}&lt;/wd:Exclude_Pay_Groups>&#xD;
		&lt;wd:Exclude_Regions>@{!( props['lp.orgType'].contains( 'Region' ) || props['lp.orgType'].contains( '1' ))}&lt;/wd:Exclude_Regions>&#xD;
		&lt;wd:Exclude_Region_Hierarchies>@{!( props['lp.orgType'].contains( 'Region_Hierarchy' ) || props['lp.orgType'].contains( '1' ))}&lt;/wd:Exclude_Region_Hierarchies>&#xD;
		&lt;wd:Exclude_Supervisory_Organizations>@{!( props['lp.orgType'].contains( 'Supervisory' ) || props['lp.orgType'].contains( '1' ))}&lt;/wd:Exclude_Supervisory_Organizations>&#xD;
		&lt;wd:Exclude_Teams>@{!( props['lp.orgType'].contains( 'Team' ) || props['lp.orgType'].contains( '1' ))}&lt;/wd:Exclude_Teams>&#xD;
		&lt;wd:Exclude_Custom_Organizations>false&lt;/wd:Exclude_Custom_Organizations>&#xD;
		&lt;wd:Include_Roles>true&lt;/wd:Include_Roles>&#xD;
		&lt;wd:Include_Management_Chain_Data>true&lt;/wd:Include_Management_Chain_Data>&#xD;
		&lt;wd:Include_Multiple_Managers_in_Management_Chain_Data>true&lt;/wd:Include_Multiple_Managers_in_Management_Chain_Data>&#xD;
		&lt;wd:Include_Benefit_Enrollments>false&lt;/wd:Include_Benefit_Enrollments>&#xD;
		&lt;wd:Include_Benefit_Eligibility>false&lt;/wd:Include_Benefit_Eligibility>&#xD;
		&lt;wd:Include_Related_Persons>false&lt;/wd:Include_Related_Persons>&#xD;
		&lt;wd:Include_Qualifications>false&lt;/wd:Include_Qualifications>&#xD;
		&lt;wd:Include_Employee_Review>false&lt;/wd:Include_Employee_Review>&#xD;
		&lt;wd:Include_Goals>false&lt;/wd:Include_Goals>&#xD;
		&lt;wd:Include_Development_Items>false&lt;/wd:Include_Development_Items>&#xD;
		&lt;wd:Include_Skills>false&lt;/wd:Include_Skills>&#xD;
		&lt;wd:Include_Photo>false&lt;/wd:Include_Photo>&#xD;
		&lt;wd:Include_Worker_Documents>false&lt;/wd:Include_Worker_Documents>&#xD;
		&lt;wd:Include_Transaction_Log_Data>false&lt;/wd:Include_Transaction_Log_Data>&#xD;
		&lt;wd:Include_Subevents_for_Corrected_Transaction>false&lt;/wd:Include_Subevents_for_Corrected_Transaction>&#xD;
		&lt;wd:Include_Subevents_for_Rescinded_Transaction>false&lt;/wd:Include_Subevents_for_Rescinded_Transaction>&#xD;
		&lt;wd:Include_Succession_Profile>false&lt;/wd:Include_Succession_Profile>&#xD;
		&lt;wd:Include_Talent_Assessment>false&lt;/wd:Include_Talent_Assessment>&#xD;
		&lt;wd:Include_Employee_Contract_Data>false&lt;/wd:Include_Employee_Contract_Data>&#xD;
		&lt;wd:Include_Contracts_for_Terminated_Workers>false&lt;/wd:Include_Contracts_for_Terminated_Workers>&#xD;
		&lt;wd:Include_Collective_Agreement_Data>false&lt;/wd:Include_Collective_Agreement_Data>&#xD;
		&lt;wd:Include_Probation_Period_Data>false&lt;/wd:Include_Probation_Period_Data>&#xD;
		&lt;wd:Include_Extended_Employee_Contract_Details>false&lt;/wd:Include_Extended_Employee_Contract_Details>&#xD;
		&lt;wd:Include_Feedback_Received>false&lt;/wd:Include_Feedback_Received>&#xD;
		&lt;wd:Include_User_Account>false&lt;/wd:Include_User_Account>&#xD;
		&lt;wd:Include_Career>false&lt;/wd:Include_Career>&#xD;
		&lt;wd:Include_Account_Provisioning>false&lt;/wd:Include_Account_Provisioning>&#xD;
		&lt;wd:Include_Background_Check_Data>false&lt;/wd:Include_Background_Check_Data>&#xD;
		&lt;wd:Include_Contingent_Worker_Tax_Authority_Form_Information>false&lt;/wd:Include_Contingent_Worker_Tax_Authority_Form_Information>&#xD;
		&lt;wd:Exclude_Funds>@{!( props['lp.orgType'].contains( 'Fund' ) || props['lp.orgType'].contains( '1' ))}&lt;/wd:Exclude_Funds>&#xD;
		&lt;wd:Exclude_Fund_Hierarchies>@{!( props['lp.orgType'].contains( 'Fund_Hierarchy' ) || props['lp.orgType'].contains( '1' ))}&lt;/wd:Exclude_Fund_Hierarchies>&#xD;
		&lt;wd:Exclude_Grants>@{!( props['lp.orgType'].contains( 'Grant' ) || props['lp.orgType'].contains( '1' ))}&lt;/wd:Exclude_Grants>&#xD;
		&lt;wd:Exclude_Grant_Hierarchies>@{!( props['lp.orgType'].contains( 'Grant_Hierarchy' ) || props['lp.orgType'].contains( '1' ))}&lt;/wd:Exclude_Grant_Hierarchies>&#xD;
		&lt;wd:Exclude_Business_Units>@{!( props['lp.orgType'].contains( 'Business_Unit' ) || props['lp.orgType'].contains( '1' ))}&lt;/wd:Exclude_Business_Units>&#xD;
		&lt;wd:Exclude_Business_Unit_Hierarchies>@{!( props['lp.orgType'].contains( 'Business_Unit_Hierarchy' ) || props['lp.orgType'].contains( '1' ))}&lt;/wd:Exclude_Business_Unit_Hierarchies>&#xD;
		&lt;wd:Exclude_Programs>@{!( props['lp.orgType'].contains( 'Program' ) || props['lp.orgType'].contains( '1' ))}&lt;/wd:Exclude_Programs>&#xD;
		&lt;wd:Exclude_Program_Hierarchies>@{!( props['lp.orgType'].contains( 'Program_Hierarchy' ) || props['lp.orgType'].contains( '1' ))}&lt;/wd:Exclude_Program_Hierarchies>&#xD;
		&lt;wd:Exclude_Gifts>@{!( props['lp.orgType'].contains( 'Gift' ) || props['lp.orgType'].contains( '1' ))}&lt;/wd:Exclude_Gifts>&#xD;
		&lt;wd:Exclude_Gift_Hierarchies>@{!( props['lp.orgType'].contains( 'Gift_Hierarchy' ) || props['lp.orgType'].contains( '1' ))}&lt;/wd:Exclude_Gift_Hierarchies>&#xD;
	&lt;/wd:Response_Group>&#xD;
&lt;/wd:Get_Workers_Request>&#xD;
&#xD;
&#xD;
&#xD;
</cc:text>
                    </cc:message>
                </cc:write>
                <cc:copy id="Copy" output="variable" output-variable="getWorkersMessage"/>
                <cc:wrap-soap id="WrapSoap"/></cc:steps>
            <cc:send-error id="SendError" routes-to="PutIntegrationMessage2"/>
        </cc:async-mediation>
        <cc:async-mediation id="AsyncMediation1" routes-to="PutIntegrationMessage5">
            <cc:steps>
                <cc:store id="Store" output="variable" output-mimetype="text/xml" output-variable="test.file" input="variable" input-variable="output" expiresIn="P30D" summary="The ouput text is attached." title="01881_CDS_OrgRoleLoad_@{props['formatted.dateTime']}.zip"/>
            </cc:steps>
        </cc:async-mediation>
        <cc:local-out id="PutIntegrationMessage" endpoint="vm://wcc/PutIntegrationMessage"><cc:set name="is.message.severity" value="'CRITICAL'"/><cc:set name="is.message.summary" value="'An error ocurred processing transformation : ' # context.errorMessage"/></cc:local-out>
        <cc:local-in id="combinePages" routes-to="AsyncMediation2"/>
        <cc:async-mediation id="AsyncMediation2" routes-to="Aggregator">
            <cc:steps>
                <cc:copy id="Copy" input="variable" input-variable="c2p.transformedData"/>
            </cc:steps>
            <cc:send-error id="SendError" routes-to="PutIntegrationMessage1"/>
        </cc:async-mediation>
        <cc:aggregator id="Aggregator" collate-when="props['aggregator.destination.force.collate']" force-batch-on-last-message="false" force-batch-when="props['aggregator.destination.force.batch']">
            <cc:size-batch-strategy batch-size="-1"/>
            <cc:zip-file-collater output="variable" output-variable="output"/>
        </cc:aggregator>
        <cc:local-out id="PutIntegrationMessage1" endpoint="vm://wcc/PutIntegrationMessage"><cc:set name="is.message.severity" value="'INFO'"/><cc:set name="is.message.summary" value="'An error ocurred aggregating data : ' # context.errorMessage"/></cc:local-out>
        <cc:local-out id="PutIntegrationMessage2" endpoint="vm://wcc/PutIntegrationMessage"><cc:set name="is.message.severity" value="'CRITICAL'"/><cc:set name="is.message.summary" value="'Error in creating web service call (full file): ' # context.errorMessage"/></cc:local-out>
        <cc:local-out id="PutIntegrationMessage3" endpoint="vm://wcc/PutIntegrationMessage"><cc:set name="is.message.severity" value="'CRITICAL'"/><cc:set name="is.message.summary" value="'Error in creating web service call (change detection): ' # context.errorMessage"/></cc:local-out>
        <cc:async-mediation id="AsyncMediation3" routes-to="PutIntegrationMessage6">
            <cc:steps>
                <cc:store id="Store" output="variable" output-variable="test.file" input="variable" input-variable="output" expiresIn="P30D" summary="The ouput text is attached." title="01881_CDS_OrgRoleLoad_@{props['formatted.dateTime']}.zip"/>
            </cc:steps>
        </cc:async-mediation>
        <cc:route id="Route">
            <cc:mvel-strategy>
                <cc:choose-route expression="vars['output'] != null" route="SubRoute"/>
                <cc:choose-route expression="vars['output'] == null" route="Alternate"/>
            </cc:mvel-strategy>
            <cc:sub-route name="SubRoute" routes-to="AsyncMediation3"/>
            <cc:sub-route name="Alternate" routes-to="PutIntegrationMessage4"/>
        </cc:route>
        <cc:local-out id="PutIntegrationMessage4" endpoint="vm://wcc/PutIntegrationMessage"><cc:set name="is.message.severity" value="'INFO'"/><cc:set name="is.message.summary" value="'No changes detected, integration completed successfully'"/></cc:local-out>
        <cc:local-out id="PutIntegrationMessage5" endpoint="vm://wcc/PutIntegrationMessage"><cc:set name="is.message.severity" value="'INFO'"/><cc:set name="is.message.summary" value="'Document saved'"/><cc:set name="is.document.deliverable" value="'true'"/><cc:set name="is.document.variable.name" value="'test.file'"/><cc:set name="is.document.labels" value="'Deliverable'"/></cc:local-out>
        <cc:local-out id="PutIntegrationMessage6" endpoint="vm://wcc/PutIntegrationMessage"><cc:set name="is.message.severity" value="'INFO'"/><cc:set name="is.message.summary" value="'Document saved'"/><cc:set name="is.document.deliverable" value="'true'"/><cc:set name="is.document.labels" value="'Deliverable'"/><cc:set name="is.document.variable.name" value="'test.file'"/></cc:local-out>
        <cc:workday-out-rest id="CallMassLoadReport" routes-response-to="AsyncMediation4" extra-path="@{intsys.reportService.getExtrapath('INT0288MassLoadSSOSecurityGroup')}"/>
        <cc:async-mediation id="AsyncMediation4" routes-to="CallProcessReport">
            <cc:steps>
                <cc:copy id="Copy" output="variable" output-mimetype="text/xml" output-variable="reportXML"/>
            </cc:steps>
        </cc:async-mediation>
        <cc:splitter id="Splitter">
            <cc:sub-route name="SubRoute" routes-to="ProcessReportData"/>
            <cc:xml-stream-splitter xpath="wd:Report_Data/wd:Report_Entry"/>
        </cc:splitter>
        <cc:async-mediation id="ProcessReportData">
            <cc:steps>
                <cc:eval id="Report">
                    <cc:expression>props['worker'] = parts[0].xpath('wd:Report_Entry/wd:Employee_ID')</cc:expression>
                    <cc:expression>props['employeeIDs'].add( props['worker'] )</cc:expression>
                </cc:eval></cc:steps>
            <cc:send-error id="SendError" routes-to="PutIntegrationMessage7"/>
        </cc:async-mediation>
        <cc:local-out id="PutIntegrationMessage7" endpoint="vm://wcc/PutIntegrationMessage"><cc:set name="is.message.severity" value="'INFO'"/><cc:set name="is.message.summary"/></cc:local-out>
        <cc:async-mediation id="AsyncMediation5" routes-to="Splitter">
            <cc:steps>
                <cc:eval id="Eval">
                    <cc:expression>props['employeeIDs'] = new java.util.ArrayList();</cc:expression>
                </cc:eval>
            </cc:steps>
        </cc:async-mediation>
        <cc:local-in id="ProcessReport" routes-to="AsyncMediation5"/>
        <cc:local-out id="CallProcessReport" store-message="none" routes-response-to="AsyncMediation6" endpoint="vm://INT0288_MLT_Scope_Of_Authority/ProcessReport"/>
        <cc:route id="SecurityGroup">
            <cc:mvel-strategy>
                <cc:choose-route expression="props['lp.MassLoad'] == true" route="SubRoute"/>
                <cc:choose-route expression="props['lp.MassLoad'] == false" route="Alternate"/>
            </cc:mvel-strategy>
            <cc:sub-route name="SubRoute" routes-to="CallReport"/>
            <cc:sub-route name="Alternate" routes-to="RunMode"/>
        </cc:route>
        <cc:local-in id="Report" routes-to="CallMassLoadReport"/>
        <cc:local-out id="CallReport" store-message="none" routes-response-to="RunMode" endpoint="vm://INT0288_MLT_Scope_Of_Authority/Report"/>
        <cc:async-mediation id="AsyncMediation6">
            <cc:steps>
                <cc:eval id="Eval">
                    <cc:expression>props['workers'] = util.listToCommaDelimString( props['employeeIDs'] )</cc:expression>
                </cc:eval>
            </cc:steps>
        </cc:async-mediation>
        <cc:route id="SecurityGroup1">
            <cc:mvel-strategy>
                <cc:choose-route expression="props['lp.MassLoad'] == true" route="SubRoute"/>
                <cc:choose-route expression="props['lp.MassLoad'] == false" route="Alternate"/>
            </cc:mvel-strategy>
            <cc:sub-route name="SubRoute" routes-to="TransformationWithSecurityGroup"/>
            <cc:sub-route name="Alternate" routes-to="TransformationWithoutSecurityGroup"/>
        </cc:route>
        <cc:async-mediation id="TransformationWithoutSecurityGroup">
            <cc:steps>
                <cc:xslt-plus id="XsltPlus" output="variable" output-variable="c2p.transformedData" url="INT0288_MLTScopeOfAuthority(w_roles).xsl"/>
            </cc:steps>
            <cc:send-error id="SendError" routes-to="PutIntegrationMessage8"/>
        </cc:async-mediation>
        <cc:local-out id="PutIntegrationMessage8" endpoint="vm://wcc/PutIntegrationMessage"><cc:set name="is.message.severity" value="'CRITICAL'"/><cc:set name="is.message.summary" value="'An error ocurred processing transformation : ' # context.errorMessage"/></cc:local-out>
	</cc:assembly>

</beans>