<?xml version="1.0" encoding="UTF-8"?>
<wdnm:Diagram xmlns:wdnm="http://workday.com/studio/editors/notation">
  <element href="assembly.xml#WorkdayAssembly"/>
  <visualProperties x="314" y="182">
    <element href="assembly.xml#StartHere"/>
  </visualProperties>
  <visualProperties x="438" y="205">
    <element href="assembly.xml#CallProcessRetrievedFile"/>
  </visualProperties>
  <visualProperties x="384" y="342">
    <element href="assembly.xml#ProcessRetrievedFile"/>
  </visualProperties>
  <visualProperties x="295" y="332">
    <element href="assembly.xml#AsyncMediation"/>
  </visualProperties>
  <visualProperties x="560" y="379">
    <element href="assembly.xml#Splitter"/>
  </visualProperties>
  <visualProperties x="715" y="422">
    <element href="assembly.xml#AsyncMediation0"/>
  </visualProperties>
  <visualProperties x="917" y="406">
    <element href="assembly.xml#CallUpdateOrganization"/>
  </visualProperties>
  <visualProperties x="165" y="621">
    <element href="assembly.xml#UpdateOrganization"/>
  </visualProperties>
  <visualProperties x="339" y="652">
    <element href="assembly.xml#AsyncMediation1"/>
  </visualProperties>
  <visualProperties x="466" y="756">
    <element href="assembly.xml#PutIntegrationMessage"/>
  </visualProperties>
  <visualProperties x="645" y="763">
    <element href="assembly.xml#WorkdayOutSoap"/>
  </visualProperties>
  <visualProperties x="294" y="423">
    <element href="assembly.xml#Route"/>
  </visualProperties>
  <visualProperties x="843" y="672">
    <element href="assembly.xml#AsyncMediation2"/>
  </visualProperties>
  <visualProperties x="1086" y="673">
    <element href="assembly.xml#Aggregator"/>
  </visualProperties>
  <visualProperties x="1314" y="681">
    <element href="assembly.xml#AsyncMediation3"/>
  </visualProperties>
  <visualProperties x="1408" y="746">
    <element href="assembly.xml#FinalMessage"/>
  </visualProperties>
  <connections type="routesTo">
    <source href="assembly.xml#StartHere"/>
    <target href="assembly.xml#CallProcessRetrievedFile"/>
  </connections>
  <connections type="routesTo">
    <source href="assembly.xml#AsyncMediation"/>
    <target href="assembly.xml#Splitter"/>
  </connections>
  <connections type="routesTo">
    <source href="assembly.xml#//@beans/@mixed.1/@splitter.0/@subRoute.0"/>
    <target href="assembly.xml#AsyncMediation0"/>
  </connections>
  <connections type="routesTo">
    <source href="assembly.xml#AsyncMediation0"/>
    <target href="assembly.xml#CallUpdateOrganization"/>
  </connections>
  <connections type="routesTo">
    <source href="assembly.xml#UpdateOrganization"/>
    <target href="assembly.xml#AsyncMediation1"/>
  </connections>
  <connections type="routesTo">
    <source href="assembly.xml#//@beans/@mixed.1/@mixed.17/@mixed.3"/>
    <target href="assembly.xml#PutIntegrationMessage"/>
  </connections>
  <connections type="routesTo">
    <source href="assembly.xml#AsyncMediation1"/>
    <target href="assembly.xml#WorkdayOutSoap"/>
  </connections>
  <connections type="routesTo">
    <source href="assembly.xml#ProcessRetrievedFile"/>
    <target href="assembly.xml#Route"/>
  </connections>
  <connections type="routesTo">
    <source href="assembly.xml#//@beans/@mixed.1/@route.0/@subRoute.0"/>
    <target href="assembly.xml#AsyncMediation"/>
  </connections>
  <connections type="routesResponseTo">
    <source href="assembly.xml#WorkdayOutSoap"/>
    <target href="assembly.xml#AsyncMediation2"/>
  </connections>
  <connections type="routesTo">
    <source href="assembly.xml#AsyncMediation2"/>
    <target href="assembly.xml#Aggregator"/>
  </connections>
  <connections type="routesTo">
    <source href="assembly.xml#Aggregator"/>
    <target href="assembly.xml#AsyncMediation3"/>
  </connections>
  <connections type="routesTo">
    <source href="assembly.xml#AsyncMediation3"/>
    <target href="assembly.xml#FinalMessage"/>
  </connections>
  <swimlanes x="113" y="131" name="Swimlane">
    <elements href="assembly.xml#StartHere"/>
    <elements href="assembly.xml#CallProcessRetrievedFile"/>
  </swimlanes>
  <swimlanes x="105" y="304" name="Swimlane">
    <elements href="assembly.xml#ProcessRetrievedFile"/>
    <elements href="assembly.xml#Route"/>
    <elements href="assembly.xml#AsyncMediation"/>
    <elements href="assembly.xml#Splitter"/>
    <elements href="assembly.xml#AsyncMediation0"/>
    <elements href="assembly.xml#CallUpdateOrganization"/>
  </swimlanes>
  <swimlanes x="293" y="577" name="Swimlane">
    <elements href="assembly.xml#UpdateOrganization"/>
    <elements href="#//@swimlanes.3"/>
    <elements href="assembly.xml#WorkdayOutSoap"/>
    <elements href="assembly.xml#AsyncMediation2"/>
    <elements href="assembly.xml#Aggregator"/>
    <elements href="assembly.xml#AsyncMediation3"/>
    <elements href="assembly.xml#FinalMessage"/>
  </swimlanes>
  <swimlanes x="573" y="689" name="Swimlane" orientation="VERTICAL">
    <elements href="assembly.xml#AsyncMediation1"/>
    <elements href="assembly.xml#PutIntegrationMessage"/>
  </swimlanes>
</wdnm:Diagram>
