<?xml version="1.0" encoding="UTF-8"?>
<beans
     xmlns="http://www.springframework.org/schema/beans"
     xmlns:beans="http://www.springframework.org/schema/beans"
     xmlns:atom="http://www.w3.org/2005/Atom"
     xmlns:cc="http://www.capeclear.com/assembly/10"
     xmlns:cloud="urn:com.workday/esb/cloud/10.0"
     xmlns:env="http://schemas.xmlsoap.org/soap/envelope/"
     xmlns:pi="urn:com.workday/picof"
     xmlns:wd="urn:com.workday/bsvc"
     xmlns:xsi="http://www.w3.org/2001/XMLSchema-instance">
 
	<cc:assembly id="WorkdayAssembly" version="2020.9">
        <cc:workday-in id="StartHere" routes-to="CallProcessRetrievedFile">
            <cc:integration-system name="BPGOrganizationInbound">
        <cloud:retrieval-service name="BPGOrganizationInbound-Retrieval"/>
      </cc:integration-system>
        </cc:workday-in>
        <cc:local-out id="CallProcessRetrievedFile" store-message="none" endpoint="vm://BPGOrganizationInbound/ProcessRetrievedFile"/>
        <cc:local-in id="ProcessRetrievedFile" routes-to="Route"/>
        <cc:async-mediation id="AsyncMediation" routes-to="Splitter">
            <cc:steps>
                <cc:copy id="Copy" input="variable" input-variable="wd.retrieve.variable"/>
                <cc:csv-to-xml id="CsvToXml" output-mimetype="text/xml" colNames="Organization_Reference_ID,Organization_Name,Organization_Code,Organization_Type_Name" format="rfc4180" rootName="InputFile" rowName="OraganizationInfo"/>
            </cc:steps>
        </cc:async-mediation>
        <cc:splitter id="Splitter">
            <cc:sub-route name="SubRoute" routes-to="AsyncMediation0"/>
            <cc:xml-stream-splitter xpath="/InputFile/OraganizationInfo"/>
        </cc:splitter>
        <cc:async-mediation id="AsyncMediation0" routes-to="CallUpdateOrganization">
            <cc:steps>
                <cc:eval id="Eval">
                    <cc:expression>props['OrganizationReferenceID']=parts[0].xpath(&quot;OraganizationInfo/Organization_Reference_ID&quot;)</cc:expression>
                    <cc:expression>props['OrganizationName']=parts[0].xpath(&quot;OraganizationInfo/Organization_Name&quot;)</cc:expression>
                    <cc:expression>props['OrganizationTypeName']=parts[0].xpath(&quot;OraganizationInfo/Organization_Type_Name&quot;)</cc:expression>
                    <cc:expression>props['OrganizationCode']=parts[0].xpath(&quot;OraganizationInfo/Organization_Code&quot;)</cc:expression>
                </cc:eval>
            </cc:steps>
        </cc:async-mediation>
        <cc:local-out id="CallUpdateOrganization" store-message="none" endpoint="vm://BPGOrganizationInbound/UpdateOrganization"/>
        <cc:local-in id="UpdateOrganization" routes-to="AsyncMediation1"/>
        <cc:async-mediation id="AsyncMediation1" routes-to="WorkdayOutSoap">
            <cc:steps>
                <cc:write id="Write">
                    <cc:message>
                        <cc:text>&lt;?xml version=&quot;1.0&quot; encoding=&quot;UTF-8&quot;?>&#xD;
&lt;env:Envelope&#xD;
    xmlns:env=&quot;http://schemas.xmlsoap.org/soap/envelope/&quot;&#xD;
    xmlns:xsd=&quot;http://www.w3.org/2001/XMLSchema&quot;>&#xD;
    &lt;env:Body>&#xD;
        &lt;wd:Organization_Add_Update xmlns:wd=&quot;urn:com.workday/bsvc&quot; wd:version=&quot;v33.2&quot;>&#xD;
            &lt;wd:Organization_Data>&#xD;
                &lt;wd:Organization_Reference_ID>@{props['OrganizationReferenceID']}&lt;/wd:Organization_Reference_ID>&#xD;
                &lt;wd:Include_Organization_ID_in_Name>1&lt;/wd:Include_Organization_ID_in_Name>&#xD;
                &lt;wd:Integration_ID_Data>&#xD;
                    &lt;wd:ID wd:System_ID=&quot;WD-I&quot;>2500$1212&lt;/wd:ID>&#xD;
                    &lt;wd:ID wd:System_ID=&quot;WD-WID&quot;>65d5081ed5b101732c8b48f65109151e&lt;/wd:ID>&#xD;
                &lt;/wd:Integration_ID_Data>&#xD;
                &lt;wd:Organization_Name>@{props['OrganizationName']}&lt;/wd:Organization_Name>&#xD;
                &lt;wd:Availability_Date>2020-06-30&lt;/wd:Availability_Date>&#xD;
                &lt;wd:Include_Organization_Code_In_Name>1&lt;/wd:Include_Organization_Code_In_Name>&#xD;
                &lt;wd:Organization_Code>@{props['OrganizationCode']}&lt;/wd:Organization_Code>&#xD;
                &lt;wd:Include_Leader_In_Name>1&lt;/wd:Include_Leader_In_Name>&#xD;
                &lt;wd:Frozen_Status>1&lt;/wd:Frozen_Status>&#xD;
                &lt;wd:Job_Management_Enabled>1&lt;/wd:Job_Management_Enabled>&#xD;
                &lt;wd:Position_Management_Enabled>0&lt;/wd:Position_Management_Enabled>&#xD;
                &lt;wd:Organization_Type_Reference>&#xD;
                    &lt;wd:Organization_Type_Name>@{props['OrganizationTypeName']}&lt;/wd:Organization_Type_Name>&#xD;
                &lt;/wd:Organization_Type_Reference>&#xD;
                &lt;wd:Organization_Subtype_Reference>&#xD;
                    &lt;wd:Organization_Subtype_Name>Group&lt;/wd:Organization_Subtype_Name>&#xD;
                &lt;/wd:Organization_Subtype_Reference>&#xD;
                &lt;wd:Organization_Visibility_Reference>&#xD;
                    &lt;wd:Organization_Visibility_Name>Everyone&lt;/wd:Organization_Visibility_Name>&#xD;
                &lt;/wd:Organization_Visibility_Reference>&#xD;
                &lt;wd:Primary_Business_Site_Reference>&#xD;
                    &lt;wd:ID wd:type=&quot;WID&quot;>31530e2fcada4eccb903c8b97f7eb3e8&lt;/wd:ID>&#xD;
                    &lt;wd:ID wd:type=&quot;Location_ID&quot;>LOCATION-4-173&lt;/wd:ID>&#xD;
                &lt;/wd:Primary_Business_Site_Reference>&#xD;
            &lt;/wd:Organization_Data>&#xD;
        &lt;/wd:Organization_Add_Update>&#xD;
    &lt;/env:Body>&#xD;
&lt;/env:Envelope></cc:text>
                    </cc:message>
                </cc:write>
            </cc:steps>
            <cc:send-error id="SendError" routes-to="PutIntegrationMessage"/>
        </cc:async-mediation>
        <cc:local-out id="PutIntegrationMessage" endpoint="vm://wcc/PutIntegrationMessage"><cc:set name="is.message.severity" value="'Error'"/><cc:set name="is.message.summary" value="context.message"/></cc:local-out>
        <cc:workday-out-soap id="WorkdayOutSoap" routes-response-to="AsyncMediation2" application="Human_Resources" version="v33.2"/>
        <cc:route id="Route">
            <cc:doc-iterator labels="Deliverable"/>
            <cc:sub-route name="SubRoute" routes-to="AsyncMediation"/>
        </cc:route>
        <cc:async-mediation id="AsyncMediation2" routes-to="Aggregator">
            <cc:steps>
                <cc:write id="Write">
                    <cc:message>
                        <cc:text>&lt;?xml version=&quot;1.0&quot; encoding=&quot;UTF-8&quot;?>&#xD;
&lt;Organization>&#xD;
&lt;Organization_Reference_ID>@{props['OrganizationReferenceID']}&lt;/Organization_Reference_ID>&#xD;
&lt;Organization_Name>@{props['OrganizationName']}&lt;/Organization_Name>&#xD;
&lt;Organization_Code>@{props['OrganizationCode']}&lt;/Organization_Code>>&#xD;
&lt;Organization_Type_Name>@{props['OrganizationTypeName']}&lt;/Organization_Type_Name>&#xD;
&lt;/Organization>&#xD;
</cc:text>
                    </cc:message>
                </cc:write>
            </cc:steps>
        </cc:async-mediation>
        <cc:aggregator id="Aggregator" routes-to="AsyncMediation3">
            <cc:size-batch-strategy batch-size="-1"/>
            <cc:xml-message-content-collater>
        <cc:header-text>&lt;Audit></cc:header-text>
        <cc:footer-text>&lt;/Audit></cc:footer-text>
      </cc:xml-message-content-collater>
        </cc:aggregator>
        <cc:async-mediation id="AsyncMediation3" routes-to="FinalMessage">
            <cc:steps>
                <cc:xslt-plus id="XsltPlus" url="Transformation.xsl"/>
                <cc:store id="Store" output="variable" output-variable="FinalOutput" expiresIn="P30D" title="Output.txt"/>
            </cc:steps>
        </cc:async-mediation>
        <cc:local-out id="FinalMessage" endpoint="vm://wcc/PutIntegrationMessage"><cc:set name="is.message.severity" value="'INFO'"/><cc:set name="is.message.summary" value="'Final Output File is Generated Successfully'"/><cc:set name="is.document.variable.name" value="'FinalOutput'"/><cc:set name="is.document.deliverable" value="'true'"/></cc:local-out>
	</cc:assembly>

</beans>