<?xml version="1.0" encoding="UTF-8"?>
<beans
     xmlns="http://www.springframework.org/schema/beans"
     xmlns:beans="http://www.springframework.org/schema/beans"
     xmlns:atom="http://www.w3.org/2005/Atom"
     xmlns:cc="http://www.capeclear.com/assembly/10"
     xmlns:cloud="urn:com.workday/esb/cloud/10.0"
     xmlns:env="http://schemas.xmlsoap.org/soap/envelope/"
     xmlns:pi="urn:com.workday/picof"
     xmlns:wd="urn:com.workday.report/Gross_Earnings_Cus_Report"
     xmlns:wds="urn:com.workday.report/INT8990AllActiveOrg"
     xmlns:xsi="http://www.w3.org/2001/XMLSchema-instance">
 
	<cc:assembly id="WorkdayAssembly" version="2020.9">
        <cc:workday-in id="StartHere" routes-to="AsyncMediation">
            <cc:integration-system name="INT8990 Gross Earnings - Studio">
        <cloud:sequence-generator-service name="INT8990-Seq">
          <cloud:sequencer>INT8990-Seq</cloud:sequencer>
        </cloud:sequence-generator-service>
        <cloud:report-service name="INT8990_RS">
          <cloud:report-alias description="Gross Earnings file – DailyPay" name="GrossEarningReport">
            <cloud:report-reference description="Gross Earnings file – DailyPay" type="WID">58796bedfe2601af6ea8dba257242d25</cloud:report-reference>
          </cloud:report-alias>
          <cloud:report-alias description="INT8990 DailyPay - All Active Organizations" name="AllActiveOrganizations">
            <cloud:report-reference description="INT8990 DailyPay - All Active Organizations" type="WID">58796bedfe26016db53efbd757248225</cloud:report-reference>
          </cloud:report-alias>
        </cloud:report-service>
      </cc:integration-system>
        </cc:workday-in>
        <cc:async-mediation id="AsyncMediation" routes-to="WorkdayOutRest0" handle-downstream-errors="true">
            <cc:steps>
                <cc:eval id="Eval">
                    <cc:expression>props['pErrorFlag'] = 'N'</cc:expression>
                    <cc:expression>props['pSupOrg'] = ''</cc:expression>
                    <cc:expression>props['pFileName'] = lp.getSequencedValue('INT8990-Seq')</cc:expression>
                </cc:eval>
            </cc:steps>
            <cc:send-error id="SendError" routes-to="AsyncMediation0"/>
        </cc:async-mediation>
        <cc:workday-out-rest id="WorkdayOutRest" execute-when="props['pErrorFlag'] == 'N'" routes-response-to="AsyncMediation8" extra-path="@{intsys.reportService.getExtrapath('GrossEarningReport')}?Supervisory_Organization!WID=@{props['pSupOrg']}&amp;End_Date=2020-07-18-07:00&amp;Start_Date=2020-06-18-07:00&amp;Include_Subordinate_Organizations=0"/>
        <cc:async-mediation id="AsyncMediation1" routes-to="AsyncMediation2" continue-after-error="recover" execute-steps-when="props['pErrorFlag'] == 'N'" handle-downstream-errors="true">
            <cc:steps>
                <cc:copy id="Copy" output="variable" output-variable="vGrossEarningsReportOutput"/>
                <cc:xslt-plus id="XsltPlus" output="message" input="variable" input-variable="vGrossEarningsReportOutput" url="Gross Earnings - DailyPay Transformation.xsl"/>
            </cc:steps>
            <cc:send-error id="SendError" routes-to="AsyncMediation5"/>
        </cc:async-mediation>
        <cc:async-mediation id="AsyncMediation2" routes-to="PutIntegrationMessage3" execute-steps-when="props['pErrorFlag'] == 'N'">
            <cc:steps>
                <cc:store id="Store0" output="variable" output-variable="vOutputFile" expiresIn="P180D" title="@{props['pFileName']}"/>
            </cc:steps>
            <cc:send-error id="SendError" routes-to="PutIntegrationMessage2"/>
        </cc:async-mediation>
        <cc:local-out id="PutIntegrationMessage" endpoint="vm://wcc/PutIntegrationMessage"><cc:set name="is.message.severity" value="'ERROR'"/><cc:set name="is.message.summary" value="'Error in calling Supervisory Organizations report: ' + context.errorMessage"/></cc:local-out>
        <cc:local-out id="PutIntegrationMessage1" endpoint="vm://wcc/PutIntegrationMessage"><cc:set name="is.message.severity" value="'ERROR'"/><cc:set name="is.message.summary" value="'Error in XSLT Transformation: ' + context.errorMessage"/></cc:local-out>
        <cc:local-out id="PutIntegrationMessage2" endpoint="vm://wcc/PutIntegrationMessage"><cc:set name="is.message.severity" value="'INFO'"/><cc:set name="is.message.summary"/></cc:local-out>
        <cc:local-out id="PutIntegrationMessage3" execute-when="props['pErrorFlag'] == 'N'" endpoint="vm://wcc/PutIntegrationMessage"><cc:set name="is.message.severity" value="'INFO'"/><cc:set name="is.message.summary" value="'Integration completed successfully.'"/><cc:set name="is.document.variable.name" value="'vOutputFile'"/></cc:local-out>
        <cc:local-in id="GrossEarningReport" routes-to="WorkdayOutRest"/>
        <cc:async-mediation id="AsyncMediation3" continue-after-error="recover" execute-steps-when="props['pErrorFlag'] == 'N'" handle-downstream-errors="true">
            <cc:steps>
                <cc:copy id="Copy" output="variable" output-variable="allActiveOrganizations"/>
                <cc:xslt-plus id="XsltPlus" output="message" output-mimetype="text/plain" url="Supervisory_Org_Input.xsl"/>
                <cc:eval id="Eval">
                    <cc:expression>props['pSupOrg'] = parts[0].text</cc:expression>
                </cc:eval>
            </cc:steps>
            <cc:send-error id="SendError" routes-to="AsyncMediation4"/>
        </cc:async-mediation>
        <cc:aggregator id="Aggregator" routes-to="AsyncMediation1" collate-when="props['pErrorFlag'] == 'N'" force-batch-when="util.isLastMessageInBatch()">
            <cc:size-batch-strategy batch-size="-1"/>
            <cc:xml-message-content-collater xpath="/wd:Report_Data/wd:Report_Entry">
        <cc:header-text>&lt;ReportData></cc:header-text>
        <cc:footer-text>&lt;/ReportData></cc:footer-text>
      </cc:xml-message-content-collater>
        </cc:aggregator>
        <cc:async-mediation id="AsyncMediation0" routes-to="PutIntegrationMessage">
            <cc:steps>
                <cc:eval id="Eval">
                    <cc:expression>props['pErrorFlag'] = 'Y'</cc:expression>
                </cc:eval>
            </cc:steps>
        </cc:async-mediation>
        <cc:async-mediation id="AsyncMediation4" routes-to="PutIntegrationMessage0">
            <cc:steps>
                <cc:eval id="Eval">
                    <cc:expression>props['pErrorFlag'] = 'Y'</cc:expression>
                </cc:eval>
            </cc:steps>
        </cc:async-mediation>
        <cc:local-out id="PutIntegrationMessage0" endpoint="vm://wcc/PutIntegrationMessage"><cc:set name="is.message.severity" value="'ERROR'"/><cc:set name="is.message.summary" value="'Error in calling custom report: ' + context.errorMessage"/></cc:local-out>
        <cc:async-mediation id="AsyncMediation5" routes-to="PutIntegrationMessage1">
            <cc:steps>
                <cc:eval id="Eval">
                    <cc:expression>props['pErrorFlag'] = 'Y'</cc:expression>
                </cc:eval>
            </cc:steps>
        </cc:async-mediation>
        <cc:send-error id="global-error-handler" rethrow-error="false" routes-to="Note-Error"/>
        <cc:local-out id="Note-Error" endpoint="vm://wcc/PutIntegrationMessage">
            <cc:set name="is.message.severity" value="'CRITICAL'"/>
            <cc:set name="is.message.summary" value="context.errorMessage"/>
        </cc:local-out>
        <cc:workday-out-rest id="WorkdayOutRest0" routes-response-to="Splitter" extra-path="@{intsys.reportService.getExtrapath('AllActiveOrganizations')}"/>
        <cc:local-out id="Call-GrossEarningReport" execute-when="props['pErrorFlag'] == 'N'" endpoint="vm://INT8990_Gross_Earnings/GrossEarningReport"/>
        <cc:splitter id="Splitter">
            <cc:sub-route name="ProcessOrg" routes-to="AsyncMediation6"/>
            <cc:xpath-splitter xpath="/wds:Report_Data/wds:Report_Entry"/>
        </cc:splitter>
        <cc:async-mediation id="AsyncMediation6" routes-to="Call-GrossEarningReport" continue-after-error="rewind" execute-steps-when="props['pErrorFlag'] == 'N'" handle-downstream-errors="true">
            <cc:steps>
                <cc:eval id="Eval">
                    <cc:expression>props['pSupOrg'] = parts[0].xpath('wds:Report_Entry/wds:supervisoryOrganization/wds:ID[@wds:type = &quot;WID&quot;]')</cc:expression>
                </cc:eval>
            </cc:steps>
            <cc:send-error id="SendError" routes-to="AsyncMediation7"/>
        </cc:async-mediation>
        <cc:local-out id="PutIntegrationMessage4" endpoint="vm://wcc/PutIntegrationMessage"><cc:set name="is.message.severity" value="'ERROR'"/><cc:set name="is.message.summary" value="'Error in calling Gross Earnings Report: ' + context.errorMessage"/></cc:local-out>
        <cc:async-mediation id="AsyncMediation7" routes-to="PutIntegrationMessage4">
            <cc:steps>
                <cc:eval id="Eval">
                    <cc:expression>props['pErrorFlag'] = 'Y'</cc:expression>
                </cc:eval>
            </cc:steps>
        </cc:async-mediation>
        <cc:async-mediation id="AsyncMediation8" routes-to="Aggregator" execute-steps-when="props['pErrorFlag'] == 'N'" handle-downstream-errors="true">
            <cc:steps/>
            <cc:send-error id="SendError" routes-to="AsyncMediation9"/>
        </cc:async-mediation>
        <cc:local-out id="PutIntegrationMessage5" endpoint="vm://wcc/PutIntegrationMessage"><cc:set name="is.message.severity" value="'ERROR'"/><cc:set name="is.message.summary" value="'Error aggregating report output: ' + context.errorMessage"/></cc:local-out>
        <cc:async-mediation id="AsyncMediation9" routes-to="PutIntegrationMessage5">
            <cc:steps>
                <cc:eval id="Eval">
                    <cc:expression>props['pErrorFlag'] = 'Y'</cc:expression>
                </cc:eval>
            </cc:steps>
        </cc:async-mediation>
	</cc:assembly>

</beans>