<?xml version="1.0" encoding="UTF-8"?>
<wdnm:Diagram xmlns:wdnm="http://workday.com/studio/editors/notation">
  <element href="assembly.xml#WorkdayAssembly"/>
  <visualProperties x="91" y="82">
    <element href="assembly.xml#StartHere"/>
  </visualProperties>
  <visualProperties x="99" y="281">
    <element href="assembly.xml#call-initialize"/>
  </visualProperties>
  <visualProperties x="481" y="281">
    <element href="assembly.xml#initialize"/>
  </visualProperties>
  <visualProperties x="743" y="317">
    <element href="assembly.xml#initializeProps"/>
  </visualProperties>
  <visualProperties x="63" y="184">
    <element href="assembly.xml#call-getEventDocumentAndValidate"/>
  </visualProperties>
  <visualProperties x="481" y="184">
    <element href="assembly.xml#getEventDocumentAndValidate"/>
  </visualProperties>
  <visualProperties x="1123" y="184">
    <element href="assembly.xml#validateFile"/>
  </visualProperties>
  <visualProperties x="55" y="479">
    <element href="assembly.xml#call-CCWOutputToMap"/>
  </visualProperties>
  <visualProperties x="420" y="479">
    <element href="assembly.xml#CCWOutputToMap"/>
  </visualProperties>
  <visualProperties x="703" y="487">
    <element href="assembly.xml#copyOutputToMessage"/>
  </visualProperties>
  <visualProperties x="690" y="587">
    <element href="assembly.xml#Splitter"/>
  </visualProperties>
  <visualProperties x="1081" y="578">
    <element href="assembly.xml#prepareCCWMap"/>
  </visualProperties>
  <visualProperties x="80" y="700">
    <element href="assembly.xml#call-getReportData"/>
  </visualProperties>
  <visualProperties x="301" y="797">
    <element href="assembly.xml#getReportData"/>
  </visualProperties>
  <visualProperties x="628" y="811">
    <element href="assembly.xml#prepareReportURL"/>
  </visualProperties>
  <visualProperties x="886" y="797">
    <element href="assembly.xml#getINT0028Report"/>
  </visualProperties>
  <visualProperties x="1334" y="714">
    <element href="assembly.xml#transformReportData"/>
  </visualProperties>
  <visualProperties x="49" y="1522">
    <element href="assembly.xml#//@beans/@mixed.1/@mixed.35"/>
  </visualProperties>
  <visualProperties x="396" y="1654">
    <element href="assembly.xml#Note-Error"/>
  </visualProperties>
  <visualProperties x="619" y="1683">
    <element href="assembly.xml#errorMessage"/>
  </visualProperties>
  <visualProperties x="775" y="1733">
    <element href="assembly.xml#addErrorMessageToBuffer"/>
  </visualProperties>
  <visualProperties x="1226" y="1501">
    <element href="assembly.xml#errorMessageWrite"/>
  </visualProperties>
  <visualProperties x="1384" y="1493">
    <element href="assembly.xml#storeLog"/>
  </visualProperties>
  <visualProperties x="440" y="770">
    <element href="assembly.xml#call-errorMessageProps"/>
  </visualProperties>
  <visualProperties x="469" y="1123">
    <element href="assembly.xml#call-errorMessage"/>
  </visualProperties>
  <visualProperties x="943" y="1129">
    <element href="assembly.xml#call-errorMessageMap"/>
  </visualProperties>
  <visualProperties x="446" y="1469">
    <element href="assembly.xml#call-errorMessageReportURL"/>
  </visualProperties>
  <visualProperties x="968" y="1471">
    <element href="assembly.xml#call-errorMessageTransform"/>
  </visualProperties>
  <visualProperties x="1360" y="135">
    <element href="assembly.xml#call-errorMessageWrite"/>
  </visualProperties>
  <visualProperties x="596" y="780">
    <element href="assembly.xml#call-validationCloudLog"/>
  </visualProperties>
  <visualProperties x="473" y="628">
    <element href="assembly.xml#GetEventDocuments"/>
  </visualProperties>
  <connections type="routesTo">
    <source href="assembly.xml#initialize"/>
    <target href="assembly.xml#initializeProps"/>
  </connections>
  <connections type="routesTo">
    <source href="assembly.xml#CCWOutputToMap"/>
    <target href="assembly.xml#copyOutputToMessage"/>
  </connections>
  <connections type="routesTo" sourceAnchorX="1.0" sourceAnchorY="0.22448979591836735" targetAnchorX="0.3181818181818182" targetAnchorY="0.10344827586206896">
    <source href="assembly.xml#copyOutputToMessage"/>
    <target href="assembly.xml#Splitter"/>
  </connections>
  <connections type="routesTo">
    <source href="assembly.xml#//@beans/@mixed.1/@splitter.0/@subRoute.0"/>
    <target href="assembly.xml#prepareCCWMap"/>
  </connections>
  <connections type="routesResponseTo">
    <source href="assembly.xml#call-CCWOutputToMap"/>
    <target href="assembly.xml#call-getReportData"/>
  </connections>
  <connections type="routesTo">
    <source href="assembly.xml#getReportData"/>
    <target href="assembly.xml#prepareReportURL"/>
  </connections>
  <connections type="routesTo" sourceAnchorX="1.0" sourceAnchorY="0.3469387755102041" targetAnchorX="0.02926829268292683" targetAnchorY="0.5135135135135135">
    <source href="assembly.xml#prepareReportURL"/>
    <target href="assembly.xml#getINT0028Report"/>
  </connections>
  <connections type="routesResponseTo" sourceAnchorX="0.8536585365853658" sourceAnchorY="1.0" targetAnchorX="0.16267942583732056" targetAnchorY="0.1836734693877551">
    <source href="assembly.xml#getINT0028Report"/>
    <target href="assembly.xml#transformReportData"/>
  </connections>
  <connections type="routesTo" sourceAnchorX="0.9669421487603306" sourceAnchorY="0.43243243243243246" targetAnchorX="0.06060606060606061" targetAnchorY="0.3783783783783784">
    <source href="assembly.xml#//@beans/@mixed.1/@mixed.35"/>
    <target href="assembly.xml#Note-Error"/>
  </connections>
  <connections type="routesTo" sourceAnchorX="0.8869047619047619" sourceAnchorY="1.0" targetAnchorX="0.16205533596837945" targetAnchorY="0.10869565217391304">
    <source href="assembly.xml#errorMessage"/>
    <target href="assembly.xml#addErrorMessageToBuffer"/>
  </connections>
  <connections type="routesTo" sourceAnchorX="0.861904761904762" sourceAnchorY="1.0" targetAnchorX="0.13095238095238096" targetAnchorY="0.17391304347826086">
    <source href="assembly.xml#errorMessageWrite"/>
    <target href="assembly.xml#storeLog"/>
  </connections>
  <connections type="routesTo" sourceAnchorX="0.7545454545454545" sourceAnchorY="1.0" targetAnchorX="0.7512437810945274" targetAnchorY="0.5405405405405406">
    <source href="assembly.xml#//@beans/@mixed.1/@mixed.19/@mixed.3"/>
    <target href="assembly.xml#call-errorMessage"/>
  </connections>
  <connections type="routesTo" sourceAnchorX="0.7027027027027027" sourceAnchorY="1.0" targetAnchorX="0.7542372881355932" targetAnchorY="0.2972972972972973">
    <source href="assembly.xml#//@beans/@mixed.1/@mixed.23/@mixed.3"/>
    <target href="assembly.xml#call-errorMessageMap"/>
  </connections>
  <connections type="routesTo" sourceAnchorX="0.7165775401069518" sourceAnchorY="1.0" targetAnchorX="0.7903780068728522" targetAnchorY="0.4594594594594595">
    <source href="assembly.xml#//@beans/@mixed.1/@mixed.29/@mixed.3"/>
    <target href="assembly.xml#call-errorMessageReportURL"/>
  </connections>
  <connections type="routesTo" sourceAnchorX="0.6287128712871287" sourceAnchorY="1.0" targetAnchorX="0.74822695035461" targetAnchorY="0.4594594594594595">
    <source href="assembly.xml#//@beans/@mixed.1/@mixed.33/@mixed.3"/>
    <target href="assembly.xml#call-errorMessageTransform"/>
  </connections>
  <connections type="routesTo" sourceAnchorX="0.5303867403314917" sourceAnchorY="1.0" targetAnchorX="0.6451612903225806" targetAnchorY="0.4594594594594595">
    <source href="assembly.xml#//@beans/@mixed.1/@mixed.7/@mixed.3"/>
    <target href="assembly.xml#call-errorMessageProps"/>
  </connections>
  <connections type="routesResponseTo" sourceAnchorX="0.8019323671497585" sourceAnchorY="1.0" targetAnchorX="0.1978021978021978" targetAnchorY="0.4864864864864865">
    <source href="assembly.xml#call-getReportData"/>
    <target href="assembly.xml#call-errorMessageWrite"/>
  </connections>
  <connections type="routesTo">
    <source href="assembly.xml#StartHere"/>
    <target href="assembly.xml#call-initialize"/>
  </connections>
  <connections type="routesResponseTo">
    <source href="assembly.xml#call-initialize"/>
    <target href="assembly.xml#call-getEventDocumentAndValidate"/>
  </connections>
  <connections type="routesResponseTo">
    <source href="assembly.xml#call-getEventDocumentAndValidate"/>
    <target href="assembly.xml#call-CCWOutputToMap"/>
  </connections>
  <connections type="routesTo" sourceAnchorX="0.41379310344827586" sourceAnchorY="1.0" targetAnchorX="0.42857142857142855" targetAnchorY="0.6216216216216216">
    <source href="assembly.xml#//@beans/@mixed.1/@mixed.13/@mixed.3"/>
    <target href="assembly.xml#call-validationCloudLog"/>
  </connections>
  <connections type="routesTo" sourceAnchorX="0.858085808580858" sourceAnchorY="1.0" targetAnchorX="0.12162162162162163" targetAnchorY="0.2972972972972973">
    <source href="assembly.xml#getEventDocumentAndValidate"/>
    <target href="assembly.xml#GetEventDocuments"/>
  </connections>
  <connections type="routesResponseTo" sourceAnchorX="0.7297297297297297" sourceAnchorY="1.0" targetAnchorX="0.20441988950276244" targetAnchorY="0.06976744186046512">
    <source href="assembly.xml#GetEventDocuments"/>
    <target href="assembly.xml#validateFile"/>
  </connections>
  <swimlanes x="211" y="5" bgColor="8454143" name="Main Assembly">
    <elements href="assembly.xml#StartHere"/>
    <elements href="assembly.xml#call-initialize"/>
    <elements href="assembly.xml#call-getEventDocumentAndValidate"/>
    <elements href="assembly.xml#call-CCWOutputToMap"/>
    <elements href="assembly.xml#call-getReportData"/>
    <elements href="assembly.xml#call-errorMessageWrite"/>
  </swimlanes>
  <swimlanes x="179" y="121" bgColor="8454143" name="Get input file">
    <elements href="assembly.xml#getEventDocumentAndValidate"/>
    <elements href="assembly.xml#GetEventDocuments"/>
    <elements href="#//@swimlanes.5"/>
  </swimlanes>
  <swimlanes x="206" y="479" bgColor="8454143" name="Initialize Integration Properties">
    <elements href="assembly.xml#initialize"/>
    <elements href="#//@swimlanes.7"/>
  </swimlanes>
  <swimlanes x="206" y="656" bgColor="8454143" name="Prepare List and String">
    <elements href="assembly.xml#CCWOutputToMap"/>
    <elements href="#//@swimlanes.8"/>
    <elements href="assembly.xml#Splitter"/>
    <elements href="#//@swimlanes.9"/>
  </swimlanes>
  <swimlanes x="199" y="925" bgColor="8454143" name="Call report and prepare CSV file">
    <elements href="assembly.xml#getReportData"/>
    <elements href="#//@swimlanes.10"/>
    <elements href="assembly.xml#getINT0028Report"/>
    <elements href="#//@swimlanes.11"/>
  </swimlanes>
  <swimlanes x="781" y="268" orientation="VERTICAL" alignment="END" labelAlignment="LEFT">
    <elements href="assembly.xml#validateFile"/>
    <elements href="assembly.xml#call-validationCloudLog"/>
  </swimlanes>
  <swimlanes x="132" y="26" bgColor="12632256" name="" orientation="VERTICAL" elements="//@swimlanes.0 //@swimlanes.2 //@swimlanes.1 //@swimlanes.3 //@swimlanes.4 //@swimlanes.13"/>
  <swimlanes x="293" y="578" orientation="VERTICAL" alignment="END" labelAlignment="RIGHT">
    <elements href="assembly.xml#initializeProps"/>
    <elements href="assembly.xml#call-errorMessageProps"/>
  </swimlanes>
  <swimlanes x="326" y="931" orientation="VERTICAL" alignment="END">
    <elements href="assembly.xml#copyOutputToMessage"/>
    <elements href="assembly.xml#call-errorMessage"/>
  </swimlanes>
  <swimlanes x="941" y="1017" orientation="VERTICAL" alignment="END">
    <elements href="assembly.xml#prepareCCWMap"/>
    <elements href="assembly.xml#call-errorMessageMap"/>
  </swimlanes>
  <swimlanes x="346" y="1218" orientation="VERTICAL" alignment="END">
    <elements href="assembly.xml#prepareReportURL"/>
    <elements href="assembly.xml#call-errorMessageReportURL"/>
  </swimlanes>
  <swimlanes x="944" y="1230" orientation="VERTICAL" alignment="END">
    <elements href="assembly.xml#transformReportData"/>
    <elements href="assembly.xml#call-errorMessageTransform"/>
  </swimlanes>
  <swimlanes x="132" y="1596" bgColor="8388863" name="Global Error Handler">
    <elements href="assembly.xml#//@beans/@mixed.1/@mixed.35"/>
    <elements href="assembly.xml#Note-Error"/>
  </swimlanes>
  <swimlanes x="132" y="1620" bgColor="8454143" name="Error Handler" elements="//@swimlanes.14 //@swimlanes.15 //@swimlanes.12"/>
  <swimlanes x="557" y="1701" name="Local Error Handler">
    <elements href="assembly.xml#errorMessage"/>
    <elements href="assembly.xml#addErrorMessageToBuffer"/>
  </swimlanes>
  <swimlanes x="1072" y="1539" name="Create Error Message and Add to event">
    <elements href="assembly.xml#errorMessageWrite"/>
    <elements href="assembly.xml#storeLog"/>
  </swimlanes>
</wdnm:Diagram>
