<?xml version="1.0" encoding="UTF-8"?>
<wdnm:Diagram xmlns:wdnm="http://workday.com/studio/editors/notation">
  <element href="assembly.xml#WorkdayAssembly"/>
  <visualProperties x="71" y="112">
    <element href="assembly.xml#BatchQuote-Cleanup-IN"/>
  </visualProperties>
  <visualProperties x="94" y="296">
    <element href="assembly.xml#GetBatchCustInvCleanupRAAS-IN"/>
  </visualProperties>
  <visualProperties x="318" y="301">
    <element href="assembly.xml#AM-ReportPath"/>
  </visualProperties>
  <visualProperties x="606" y="338">
    <element href="assembly.xml#WO-GetCustInvCleanupRaas"/>
  </visualProperties>
  <visualProperties x="860" y="340">
    <element href="assembly.xml#AM-LogResponse"/>
  </visualProperties>
  <visualProperties x="243" y="164">
    <element href="assembly.xml#GetBatchCustInvCleanupRAAS"/>
  </visualProperties>
  <visualProperties x="89" y="385">
    <element href="assembly.xml#ProcessRAASResult"/>
  </visualProperties>
  <visualProperties x="502" y="95">
    <element href="assembly.xml#ProcessRAASResult-IN"/>
  </visualProperties>
  <visualProperties x="232" y="411">
    <element href="assembly.xml#SplitCleanupList"/>
  </visualProperties>
  <visualProperties x="350" y="401">
    <element href="assembly.xml#ProcessWID"/>
  </visualProperties>
  <visualProperties x="705" y="445">
    <element href="assembly.xml#WorkdayOutRest"/>
  </visualProperties>
  <visualProperties x="883" y="436">
    <element href="assembly.xml#AM-LogRestResponse"/>
  </visualProperties>
  <visualProperties x="334" y="346">
    <element href="assembly.xml#PutRestMessage"/>
  </visualProperties>
  <visualProperties x="438" y="656">
    <element href="assembly.xml#PutIntegrationMessage"/>
  </visualProperties>
  <visualProperties x="859" y="605">
    <element href="assembly.xml#AsyncMediation"/>
  </visualProperties>
  <visualProperties x="322" y="582">
    <element href="assembly.xml#PIM"/>
  </visualProperties>
  <connections type="routesTo" sourceAnchorX="0.9338842975206612" sourceAnchorY="1.0" targetAnchorX="0.0967741935483871" targetAnchorY="0.8085106382978723">
    <source href="assembly.xml#GetBatchCustInvCleanupRAAS-IN"/>
    <target href="assembly.xml#AM-ReportPath"/>
  </connections>
  <connections type="routesResponseTo" sourceAnchorX="0.7339449541284404" sourceAnchorY="1.0" targetAnchorX="0.0070921985815602835" targetAnchorY="0.6702127659574468">
    <source href="assembly.xml#WO-GetCustInvCleanupRaas"/>
    <target href="assembly.xml#AM-LogResponse"/>
  </connections>
  <connections type="routesTo" sourceAnchorX="0.8351063829787234" sourceAnchorY="1.0" targetAnchorX="0.07079646017699115" targetAnchorY="0.32432432432432434">
    <source href="assembly.xml#BatchQuote-Cleanup-IN"/>
    <target href="assembly.xml#GetBatchCustInvCleanupRAAS"/>
  </connections>
  <connections type="routesResponseTo" sourceAnchorX="0.7433628318584071" sourceAnchorY="1.0" targetAnchorX="0.17204301075268819" targetAnchorY="0.43243243243243246">
    <source href="assembly.xml#GetBatchCustInvCleanupRAAS"/>
    <target href="assembly.xml#ProcessRAASResult-IN"/>
  </connections>
  <connections type="routesTo" sourceAnchorX="0.75" sourceAnchorY="1.0" targetAnchorX="0.11711711711711711" targetAnchorY="0.17391304347826086">
    <source href="assembly.xml#//@beans/@mixed.1/@splitter.0/@subRoute.0"/>
    <target href="assembly.xml#ProcessWID"/>
  </connections>
  <connections type="routesResponseTo" sourceAnchorX="0.785234899328859" sourceAnchorY="1.0" targetAnchorX="0.1276595744680851" targetAnchorY="0.6956521739130435">
    <source href="assembly.xml#WorkdayOutRest"/>
    <target href="assembly.xml#AM-LogRestResponse"/>
  </connections>
  <connections type="routesTo" sourceAnchorX="1.0" sourceAnchorY="0.20652173913043478" targetAnchorX="0.125" targetAnchorY="0.35135135135135137">
    <source href="assembly.xml#AM-ReportPath"/>
    <target href="assembly.xml#WO-GetCustInvCleanupRaas"/>
  </connections>
  <connections type="routesTo" sourceAnchorX="0.591304347826087" sourceAnchorY="1.0" targetAnchorX="0.6031746031746031" targetAnchorY="0.43243243243243246">
    <source href="assembly.xml#//@beans/@mixed.1/@mixed.5/@mixed.3"/>
    <target href="assembly.xml#PutRestMessage"/>
  </connections>
  <connections type="routesTo" sourceAnchorX="1.0" sourceAnchorY="0.30434782608695654" targetAnchorX="0.31746031746031744" targetAnchorY="0.4864864864864865">
    <source href="assembly.xml#ProcessWID"/>
    <target href="assembly.xml#WorkdayOutRest"/>
  </connections>
  <connections type="routesTo" sourceAnchorX="0.7317073170731707" sourceAnchorY="1.0" targetAnchorX="0.76" targetAnchorY="0.5135135135135135">
    <source href="assembly.xml#//@beans/@mixed.1/@mixed.19/@mixed.3"/>
    <target href="assembly.xml#PutIntegrationMessage"/>
  </connections>
  <connections type="routesTo" sourceAnchorX="1.0" sourceAnchorY="0.32432432432432434" targetAnchorX="0.2830188679245283" targetAnchorY="0.024390243902439025">
    <source href="assembly.xml#ProcessRAASResult"/>
    <target href="assembly.xml#AsyncMediation"/>
  </connections>
  <connections type="routesTo" sourceAnchorX="1.0" sourceAnchorY="0.22764227642276422" targetAnchorX="0.49074074074074076" targetAnchorY="0.16666666666666666">
    <source href="assembly.xml#AsyncMediation"/>
    <target href="assembly.xml#SplitCleanupList"/>
  </connections>
  <connections type="routesTo" sourceAnchorX="0.9191919191919192" sourceAnchorY="1.0" targetAnchorX="0.22972972972972974" targetAnchorY="0.3783783783783784">
    <source href="assembly.xml#//@beans/@mixed.1/@mixed.29/@mixed.3"/>
    <target href="assembly.xml#PIM"/>
  </connections>
  <swimlanes x="37" y="30" name="Quote Clean up">
    <elements href="assembly.xml#BatchQuote-Cleanup-IN"/>
    <elements href="assembly.xml#GetBatchCustInvCleanupRAAS"/>
    <elements href="assembly.xml#ProcessRAASResult-IN"/>
  </swimlanes>
  <swimlanes x="37" y="149" name="Customer Invoice Cleanup RAAS">
    <elements href="assembly.xml#GetBatchCustInvCleanupRAAS-IN"/>
    <elements href="#//@swimlanes.3"/>
    <elements href="assembly.xml#WO-GetCustInvCleanupRaas"/>
    <elements href="assembly.xml#AM-LogResponse"/>
  </swimlanes>
  <swimlanes x="1" y="459" name="Process RAAS Result">
    <elements href="assembly.xml#ProcessRAASResult"/>
    <elements href="#//@swimlanes.5"/>
    <elements href="assembly.xml#SplitCleanupList"/>
    <elements href="#//@swimlanes.4"/>
    <elements href="assembly.xml#WorkdayOutRest"/>
    <elements href="assembly.xml#AM-LogRestResponse"/>
  </swimlanes>
  <swimlanes x="265" y="250" name="Swimlane" orientation="VERTICAL">
    <elements href="assembly.xml#AM-ReportPath"/>
    <elements href="assembly.xml#PutRestMessage"/>
  </swimlanes>
  <swimlanes x="344" y="508" name="Swimlane" orientation="VERTICAL">
    <elements href="assembly.xml#ProcessWID"/>
    <elements href="assembly.xml#PutIntegrationMessage"/>
  </swimlanes>
  <swimlanes x="177" y="514" name="Swimlane" orientation="VERTICAL">
    <elements href="assembly.xml#AsyncMediation"/>
    <elements href="assembly.xml#PIM"/>
  </swimlanes>
</wdnm:Diagram>
