<?xml version="1.0" encoding="UTF-8"?>
<beans
     xmlns="http://www.springframework.org/schema/beans"
     xmlns:beans="http://www.springframework.org/schema/beans"
     xmlns:atom="http://www.w3.org/2005/Atom"
     xmlns:cc="http://www.capeclear.com/assembly/10"
     xmlns:cloud="urn:com.workday/esb/cloud/10.0"
     xmlns:env="http://schemas.xmlsoap.org/soap/envelope/"
     xmlns:pi="urn:com.workday/picof"
     xmlns:wd="urn:com.workday/bsvc"
     xmlns:xsi="http://www.w3.org/2001/XMLSchema-instance">
 
	<cc:assembly id="WorkdayAssembly" version="2020.36">
        <cc:local-in id="BatchQuote-Cleanup-IN" routes-to="GetBatchCustInvCleanupRAAS" access="public" use-global-error-handlers="true"/>
        <cc:local-in id="GetBatchCustInvCleanupRAAS-IN" routes-to="AM-ReportPath"/>
        <cc:async-mediation id="AM-ReportPath" routes-to="WO-GetCustInvCleanupRaas" handle-downstream-errors="true">
            <cc:steps>
                <cc:eval id="Eval">
                    <cc:expression>props['get.batch.customer.invoice.cleanup.raas.ReportFullPath'] = intsys.reportService.getExtrapath('VtxBatchQuoteCustInvCleanupRaas') + &quot;?Company!WID=&quot; + props['pCompanyWID']+&quot;&amp;Invoice_Date_On_or_After=&quot;+props['Invoice_StartDate']+&quot;&amp;Invoice_Date_On_or_Before=&quot;+props['Invoice_EndDate']</cc:expression>
                </cc:eval>
                <cc:log execute-when="props['pDebugFlag']==true" id="Log">
                    <cc:log-message>
                        <cc:text>BATCH Customer Invoice Cleanup RAAS&#xD;
get.batch.customer.invoice.cleanup.raas.ReportFullPath: @{props['get.batch.customer.invoice.cleanup.raas.ReportFullPath']}&#xD;
Invoice start date : @{props['Invoice_StartDate'] }&#xD;
Invoice end date : @{props['Invoice_EndDate'] }&#xD;
</cc:text>
                    </cc:log-message>
                </cc:log>
            </cc:steps>
            <cc:send-error id="SendRestError" routes-to="PutRestMessage"/>
        </cc:async-mediation>
        <cc:workday-out-rest id="WO-GetCustInvCleanupRaas" routes-response-to="AM-LogResponse" extra-path="@{props['get.batch.customer.invoice.cleanup.raas.ReportFullPath']}"/>
        <cc:async-mediation id="AM-LogResponse" execute-steps-when="props['pDebugFlag']==true">
            <cc:steps>
                <cc:log id="Log">
                    <cc:log-message>
                        <cc:text>BATCH Customer Cleanup RAAS Response:</cc:text>
                        <cc:line-separator/>
                        <cc:message-content/>
                    </cc:log-message>
                </cc:log>
            </cc:steps>
        </cc:async-mediation>
        <cc:local-out id="GetBatchCustInvCleanupRAAS" routes-response-to="ProcessRAASResult-IN" endpoint="vm://VTX-ProcessQuoteCleanup/GetBatchCustInvCleanupRAAS-IN"/>
        <cc:local-in id="ProcessRAASResult" routes-to="AsyncMediation"/>
        <cc:local-out id="ProcessRAASResult-IN" endpoint="vm://VTX-ProcessQuoteCleanup/ProcessRAASResult"/>
        <cc:splitter id="SplitCleanupList" no-split-message-error="false">
            <cc:sub-route name="SubRoute" routes-to="ProcessWID"/>
            <cc:xml-stream-splitter namespaces="wd urn:com.workday.report/bsvc" xpath="/wd:Report_Data/wd:Report_Entry"/>
        </cc:splitter>
        <cc:async-mediation id="ProcessWID" routes-to="WorkdayOutRest" handle-downstream-errors="true">
            <cc:steps>
                <cc:eval id="Eval">
                    <cc:expression>props['quote.cleanup.customer.invoice.WID'] = parts[0].xpath('/wd:Report_Entry/wd:VtxCustomerInvoiceWID', 'wd urn:com.workday.report/bsvc')</cc:expression>
                </cc:eval>
                <cc:write id="Write">
                    <cc:message>
                        <cc:text>{&#xD;
&quot;customerInvoice&quot; : {&quot;id&quot; : &quot;@{props['quote.cleanup.customer.invoice.WID']}&quot;},&#xD;
&quot;VertexCallType&quot; : &quot;QUOTE&quot;,&#xD;
&quot;VertexCallStatus&quot; : &quot;SUCCESS&quot;,&#xD;
&quot;VertexTransactionId&quot; : &quot;&quot;,&#xD;
&quot;vertexpostedflg&quot; : false&#xD;
}</cc:text>
                    </cc:message>
                </cc:write>
                <cc:log execute-when="props['pDebugFlag']==true" id="Log">
                    <cc:log-message>
                        <cc:message-content/>
                    </cc:log-message>
                </cc:log>
            </cc:steps>
            <cc:send-error id="SendRestError" routes-to="PutIntegrationMessage"/>
        </cc:async-mediation>
        <cc:workday-out-rest id="WorkdayOutRest" routes-response-to="AM-LogRestResponse" extra-path="@{intsys.customObjectService.getExtrapath('VtxCustObj_CustInv')}?updateIfExists=true" method="POST"/>
        <cc:async-mediation id="AM-LogRestResponse">
            <cc:steps>
                <cc:log id="Log">
                    <cc:log-message>
                        <cc:text>Quote clean up Response</cc:text>
                        <cc:message-content/>
                    </cc:log-message>
                </cc:log>
            </cc:steps>
        </cc:async-mediation>
        <cc:local-out id="PutRestMessage" endpoint="vm://wcc/PutIntegrationMessage"><cc:set name="is.message.severity" value="'ERROR'"/><cc:set name="is.message.summary" value="'An error occurred calling the Customer Invoice Cleanup Report via RaaS. Please see the message for more details.'"/><cc:set name="is.message.detail" value="context.errorMessage"/></cc:local-out>
        <cc:local-out id="PutIntegrationMessage" endpoint="vm://wcc/PutIntegrationMessage"><cc:set name="is.message.severity" value="'ERROR'"/><cc:set name="is.message.summary" value="'An error occurred updating the Customer Invoice Custom Object via REST. Please see the message for more details.'"/><cc:set name="is.message.detail" value="context.errorMessage"/></cc:local-out>
        <cc:async-mediation id="AsyncMediation" routes-to="SplitCleanupList" handle-downstream-errors="true">
            <cc:steps>
            </cc:steps>
            <cc:send-error id="SendError" routes-to="PIM"/>
        </cc:async-mediation>
        <cc:local-out id="PIM" store-message="none" endpoint="vm://wcc/PutIntegrationMessage">
            <cc:set name="is.message.severity" value="'ERROR'"/>
            <cc:set name="is.message.summary" value="'An error occurred splitting the workday report records. Please see the message for more details'"/>
            <cc:set name="is.message.datail" value="context.errorMessage"/>
        </cc:local-out>
	</cc:assembly>

</beans>