<?xml version="1.0" encoding="UTF-8"?>
<wdnm:Diagram xmlns:wdnm="http://workday.com/studio/editors/notation">
  <element href="assembly.xml#WorkdayAssembly"/>
  <visualProperties x="75" y="139">
    <element href="assembly.xml#StartHere"/>
  </visualProperties>
  <visualProperties x="149" y="170">
    <element href="assembly.xml#Get.Attributes.Maps"/>
  </visualProperties>
  <visualProperties x="434" y="118">
    <element href="assembly.xml#Get.Attributes.Maps.IN"/>
  </visualProperties>
  <visualProperties x="654" y="138">
    <element href="assembly.xml#Attri_Maps_Global"/>
  </visualProperties>
  <visualProperties x="436" y="378">
    <element href="assembly.xml#Get.Input.File.IN"/>
  </visualProperties>
  <visualProperties x="147" y="227">
    <element href="assembly.xml#Get.Input.File"/>
  </visualProperties>
  <visualProperties x="610" y="324">
    <element href="assembly.xml#Convert_Input_File"/>
  </visualProperties>
  <visualProperties x="619" y="330">
    <element href="assembly.xml#Route"/>
  </visualProperties>
  <visualProperties x="1107" y="340">
    <element href="assembly.xml#Aggregator"/>
  </visualProperties>
  <visualProperties x="1041" y="320">
    <element href="assembly.xml#Restructure_XML"/>
  </visualProperties>
  <visualProperties x="112" y="293">
    <element href="assembly.xml#Process.Journal"/>
  </visualProperties>
  <visualProperties x="428" y="756">
    <element href="assembly.xml#Process.Journal.IN"/>
  </visualProperties>
  <visualProperties x="631" y="750">
    <element href="assembly.xml#Catch.Split.Error"/>
  </visualProperties>
  <visualProperties x="839" y="766">
    <element href="assembly.xml#Splitter"/>
  </visualProperties>
  <visualProperties x="1002" y="766">
    <element href="assembly.xml#AsyncMediation2"/>
  </visualProperties>
  <visualProperties x="1221" y="752">
    <element href="assembly.xml#WorkdayOutSoap"/>
  </visualProperties>
  <visualProperties x="1442" y="749">
    <element href="assembly.xml#Response"/>
  </visualProperties>
  <visualProperties x="1630" y="760">
    <element href="assembly.xml#Route0"/>
  </visualProperties>
  <visualProperties x="1786" y="743">
    <element href="assembly.xml#Process_Request_WS"/>
  </visualProperties>
  <visualProperties x="1991" y="762">
    <element href="assembly.xml#WorkdayOutSoap0"/>
  </visualProperties>
  <visualProperties x="2236" y="760">
    <element href="assembly.xml#Run_Status"/>
  </visualProperties>
  <visualProperties x="2439" y="756">
    <element href="assembly.xml#Loop.End"/>
  </visualProperties>
  <visualProperties x="420" y="1057">
    <element href="assembly.xml#Loop.End.IN"/>
  </visualProperties>
  <visualProperties x="783" y="1103">
    <element href="assembly.xml#Route1"/>
  </visualProperties>
  <visualProperties x="865" y="1116">
    <element href="assembly.xml#Get_Message_WS"/>
  </visualProperties>
  <visualProperties x="1042" y="1126">
    <element href="assembly.xml#WorkdayOutSoap1"/>
  </visualProperties>
  <visualProperties x="1603" y="1262">
    <element href="assembly.xml#Write_Blank_Data"/>
  </visualProperties>
  <visualProperties x="861" y="1365">
    <element href="assembly.xml#Write_Journal_ID"/>
  </visualProperties>
  <visualProperties x="1807" y="1305">
    <element href="assembly.xml#Aggregator1"/>
  </visualProperties>
  <visualProperties x="2071" y="1297">
    <element href="assembly.xml#Convert_XML_to_CSV"/>
  </visualProperties>
  <visualProperties x="121" y="356">
    <element href="assembly.xml#Store.File"/>
  </visualProperties>
  <visualProperties x="420" y="1567">
    <element href="assembly.xml#Store.File.IN"/>
  </visualProperties>
  <visualProperties x="579" y="1580">
    <element href="assembly.xml#Store_Reconciled"/>
  </visualProperties>
  <visualProperties x="1733" y="778">
    <element href="assembly.xml#Import.Process"/>
  </visualProperties>
  <visualProperties x="1962" y="759">
    <element href="assembly.xml#Import.Process.IN"/>
  </visualProperties>
  <visualProperties x="869" y="112">
    <element href="assembly.xml#Splitter1"/>
  </visualProperties>
  <visualProperties x="1048" y="86">
    <element href="assembly.xml#Worktag_WS"/>
  </visualProperties>
  <visualProperties x="1474" y="-78">
    <element href="assembly.xml#Workgtag_Values"/>
  </visualProperties>
  <visualProperties x="1687" y="12">
    <element href="assembly.xml#Aggregator2"/>
  </visualProperties>
  <visualProperties x="1926" y="21">
    <element href="assembly.xml#Copy_To_Process_Later"/>
  </visualProperties>
  <visualProperties x="844" y="367">
    <element href="assembly.xml#Attr_Map"/>
  </visualProperties>
  <visualProperties x="890" y="480">
    <element href="assembly.xml#Worktag_Map"/>
  </visualProperties>
  <visualProperties x="1276" y="36">
    <element href="assembly.xml#PagedGet"/>
  </visualProperties>
  <visualProperties x="1649" y="38">
    <element href="assembly.xml#Response.Data"/>
  </visualProperties>
  <visualProperties x="1843" y="49">
    <element href="assembly.xml#Aggregator3"/>
  </visualProperties>
  <visualProperties x="1438" y="32">
    <element href="assembly.xml#PagedGet.IN"/>
  </visualProperties>
  <visualProperties x="617" y="343">
    <element href="assembly.xml#GetEventDocuments"/>
  </visualProperties>
  <visualProperties x="868" y="321">
    <element href="assembly.xml#Process_Each_File"/>
  </visualProperties>
  <visualProperties x="1855" y="1338">
    <element href="assembly.xml#Aggregator4"/>
  </visualProperties>
  <visualProperties x="2033" y="1324">
    <element href="assembly.xml#Copy_Reconciled_File"/>
  </visualProperties>
  <visualProperties x="1628" y="905">
    <element href="assembly.xml#Write_Import_WS"/>
  </visualProperties>
  <visualProperties x="2115" y="1369">
    <element href="assembly.xml#Write_Missing_Data"/>
  </visualProperties>
  <visualProperties x="1291" y="1259">
    <element href="assembly.xml#Route3"/>
  </visualProperties>
  <visualProperties x="1515" y="1275">
    <element href="assembly.xml#AsyncMediation18"/>
  </visualProperties>
  <visualProperties x="1534" y="1368">
    <element href="assembly.xml#AsyncMediation19"/>
  </visualProperties>
  <visualProperties x="1708" y="1246">
    <element href="assembly.xml#Aggregator5"/>
  </visualProperties>
  <visualProperties x="1289" y="1229">
    <element href="assembly.xml#TransformErrorXSLT"/>
  </visualProperties>
  <visualProperties x="1248" y="1952">
    <element href="assembly.xml#PutIntegrationMessage"/>
  </visualProperties>
  <visualProperties x="1286" y="2062">
    <element href="assembly.xml#StoreError"/>
  </visualProperties>
  <visualProperties x="933" y="1398">
    <element href="assembly.xml#GetWSError"/>
  </visualProperties>
  <visualProperties x="914" y="1789">
    <element href="assembly.xml#WriteJournalError"/>
  </visualProperties>
  <visualProperties x="842" y="832">
    <element href="assembly.xml#SplitError"/>
  </visualProperties>
  <visualProperties x="1661" y="948">
    <element href="assembly.xml#ImportWSError"/>
  </visualProperties>
  <visualProperties x="2064" y="353">
    <element href="assembly.xml#RestructureXMLError"/>
  </visualProperties>
  <visualProperties x="1293" y="776">
    <element href="assembly.xml#InputfileError"/>
  </visualProperties>
  <visualProperties x="909" y="73">
    <element href="assembly.xml#AttribError"/>
  </visualProperties>
  <visualProperties x="2218" y="110">
    <element href="assembly.xml#RespWorktagError"/>
  </visualProperties>
  <visualProperties x="1203" y="112">
    <element href="assembly.xml#WorktagError"/>
  </visualProperties>
  <visualProperties x="2016" y="-12">
    <element href="assembly.xml#PagedGetRespErr"/>
  </visualProperties>
  <visualProperties x="3481" y="1186">
    <element href="assembly.xml#PutIntegrationMessage11"/>
  </visualProperties>
  <visualProperties x="2989" y="1192">
    <element href="assembly.xml#PutIntegrationMessage12"/>
  </visualProperties>
  <visualProperties x="2157" y="1192">
    <element href="assembly.xml#ResponseError"/>
  </visualProperties>
  <visualProperties x="1464" y="1607">
    <element href="assembly.xml#TransformError"/>
  </visualProperties>
  <visualProperties x="2460" y="1656">
    <element href="assembly.xml#WriteBlankError"/>
  </visualProperties>
  <visualProperties x="2812" y="1653">
    <element href="assembly.xml#MissingDataError"/>
  </visualProperties>
  <visualProperties x="1749" y="2067">
    <element href="assembly.xml#ConvertXml2CSVError"/>
  </visualProperties>
  <visualProperties x="2829" y="1762">
    <element href="assembly.xml#Aggregate.IN"/>
  </visualProperties>
  <visualProperties x="1691" y="2106">
    <element href="assembly.xml#Aggregate4"/>
  </visualProperties>
  <visualProperties x="2580" y="1651">
    <element href="assembly.xml#Aggregate3"/>
  </visualProperties>
  <visualProperties x="2263" y="1667">
    <element href="assembly.xml#Aggregate2"/>
  </visualProperties>
  <visualProperties x="1266" y="3244">
    <element href="assembly.xml#//@beans/@mixed.1/@mixed.161"/>
  </visualProperties>
  <visualProperties x="1649" y="3236">
    <element href="assembly.xml#Note-Error"/>
  </visualProperties>
  <visualProperties x="141" y="66">
    <element href="assembly.xml#ValidationMode"/>
  </visualProperties>
  <visualProperties x="2752" y="112">
    <element href="assembly.xml#MapsCopyError"/>
  </visualProperties>
  <connections type="routesTo" sourceAnchorX="1.0" sourceAnchorY="0.5588235294117647" targetAnchorX="0.11797752808988764" targetAnchorY="0.11224489795918367">
    <source href="assembly.xml#//@beans/@mixed.1/@route.0/@subRoute.2"/>
    <target href="assembly.xml#Convert_Input_File"/>
  </connections>
  <connections type="routesTo" sourceAnchorX="1.0" sourceAnchorY="0.32432432432432434" targetAnchorX="0.1348314606741573" targetAnchorY="0.14130434782608695">
    <source href="assembly.xml#Process.Journal.IN"/>
    <target href="assembly.xml#Catch.Split.Error"/>
  </connections>
  <connections type="routesTo" sourceAnchorX="1.0" sourceAnchorY="0.38235294117647056" targetAnchorX="0.03932584269662921" targetAnchorY="0.08695652173913043">
    <source href="assembly.xml#//@beans/@mixed.1/@splitter.0/@subRoute.0"/>
    <target href="assembly.xml#AsyncMediation2"/>
  </connections>
  <connections type="routesTo" sourceAnchorX="1.0" sourceAnchorY="0.4411764705882353" targetAnchorX="0.028089887640449437" targetAnchorY="0.10869565217391304">
    <source href="assembly.xml#//@beans/@mixed.1/@route.1/@subRoute.0"/>
    <target href="assembly.xml#Process_Request_WS"/>
  </connections>
  <connections type="routesTo" sourceAnchorX="1.0" sourceAnchorY="0.11224489795918367" targetAnchorX="0.10526315789473684" targetAnchorY="0.2972972972972973">
    <source href="assembly.xml#Process_Request_WS"/>
    <target href="assembly.xml#WorkdayOutSoap0"/>
  </connections>
  <connections type="routesResponseTo" sourceAnchorX="1.0" sourceAnchorY="0.24324324324324326" targetAnchorX="0.1348314606741573" targetAnchorY="0.10204081632653061">
    <source href="assembly.xml#WorkdayOutSoap0"/>
    <target href="assembly.xml#Run_Status"/>
  </connections>
  <connections type="routesTo" sourceAnchorX="1.0" sourceAnchorY="0.09183673469387756" targetAnchorX="0.2537313432835821" targetAnchorY="0.2972972972972973">
    <source href="assembly.xml#Run_Status"/>
    <target href="assembly.xml#Loop.End"/>
  </connections>
  <connections type="routesTo" sourceAnchorX="1.0" sourceAnchorY="0.2702702702702703" targetAnchorX="0.21212121212121213" targetAnchorY="0.03571428571428571">
    <source href="assembly.xml#Loop.End.IN"/>
    <target href="assembly.xml#Route1"/>
  </connections>
  <connections type="routesTo" sourceAnchorX="1.0" sourceAnchorY="0.5294117647058824" targetAnchorX="0.07303370786516854" targetAnchorY="0.09782608695652174">
    <source href="assembly.xml#//@beans/@mixed.1/@route.2/@subRoute.0"/>
    <target href="assembly.xml#Get_Message_WS"/>
  </connections>
  <connections type="routesTo" sourceAnchorX="1.0" sourceAnchorY="0.15306122448979592" targetAnchorX="0.11961722488038277" targetAnchorY="0.35135135135135137">
    <source href="assembly.xml#Get_Message_WS"/>
    <target href="assembly.xml#WorkdayOutSoap1"/>
  </connections>
  <connections type="routesTo" sourceAnchorX="1.0" sourceAnchorY="0.5588235294117647" targetAnchorX="0.14606741573033707" targetAnchorY="0.14130434782608695">
    <source href="assembly.xml#//@beans/@mixed.1/@route.2/@subRoute.1"/>
    <target href="assembly.xml#Write_Journal_ID"/>
  </connections>
  <connections type="routesTo" sourceAnchorX="1.0" sourceAnchorY="0.11320754716981132" targetAnchorX="0.10112359550561797" targetAnchorY="0.12244897959183673">
    <source href="assembly.xml#Aggregator1"/>
    <target href="assembly.xml#Convert_XML_to_CSV"/>
  </connections>
  <connections type="routesTo" sourceAnchorX="1.0" sourceAnchorY="0.1891891891891892" targetAnchorX="0.1595744680851064" targetAnchorY="0.09183673469387756">
    <source href="assembly.xml#Store.File.IN"/>
    <target href="assembly.xml#Store_Reconciled"/>
  </connections>
  <connections type="routesTo" sourceAnchorX="1.0" sourceAnchorY="0.10204081632653061" targetAnchorX="0.10227272727272728" targetAnchorY="0.2972972972972973">
    <source href="assembly.xml#Response"/>
    <target href="assembly.xml#Import.Process"/>
  </connections>
  <connections type="routesTo" sourceAnchorX="1.0" sourceAnchorY="0.32432432432432434" targetAnchorX="0.19696969696969696" targetAnchorY="0.06896551724137931">
    <source href="assembly.xml#Import.Process.IN"/>
    <target href="assembly.xml#Route0"/>
  </connections>
  <connections type="routesTo" sourceAnchorX="1.0" sourceAnchorY="0.16326530612244897" targetAnchorX="0.2727272727272727" targetAnchorY="0.08620689655172414">
    <source href="assembly.xml#Catch.Split.Error"/>
    <target href="assembly.xml#Splitter"/>
  </connections>
  <connections type="routesResponseTo" sourceAnchorX="1.0" sourceAnchorY="0.32432432432432434" targetAnchorX="0.1554054054054054" targetAnchorY="0.12244897959183673">
    <source href="assembly.xml#WorkdayOutSoap"/>
    <target href="assembly.xml#Response"/>
  </connections>
  <connections type="routesTo" sourceAnchorX="1.0" sourceAnchorY="0.2702702702702703" targetAnchorX="0.10152284263959391" targetAnchorY="0.10204081632653061">
    <source href="assembly.xml#Get.Attributes.Maps.IN"/>
    <target href="assembly.xml#Attri_Maps_Global"/>
  </connections>
  <connections type="routesTo" sourceAnchorX="1.0" sourceAnchorY="0.15306122448979592" targetAnchorX="0.15151515151515152" targetAnchorY="0.08620689655172414">
    <source href="assembly.xml#Attri_Maps_Global"/>
    <target href="assembly.xml#Splitter1"/>
  </connections>
  <connections type="routesTo" sourceAnchorX="1.0" sourceAnchorY="0.7352941176470589" targetAnchorX="0.03208556149732621" targetAnchorY="0.1956521739130435">
    <source href="assembly.xml#//@beans/@mixed.1/@splitter.1/@subRoute.0"/>
    <target href="assembly.xml#Worktag_WS"/>
  </connections>
  <connections type="routesTo" sourceAnchorX="1.0" sourceAnchorY="0.12244897959183673" targetAnchorX="0.14427860696517414" targetAnchorY="0.09433962264150944">
    <source href="assembly.xml#Workgtag_Values"/>
    <target href="assembly.xml#Aggregator2"/>
  </connections>
  <connections type="routesTo" sourceAnchorX="1.0" sourceAnchorY="0.09433962264150944" targetAnchorX="0.09042553191489362" targetAnchorY="0.10204081632653061">
    <source href="assembly.xml#Aggregator2"/>
    <target href="assembly.xml#Copy_To_Process_Later"/>
  </connections>
  <connections type="routesTo" sourceAnchorX="1.0" sourceAnchorY="0.5588235294117647" targetAnchorX="0.026595744680851064" targetAnchorY="0.10869565217391304">
    <source href="assembly.xml#//@beans/@mixed.1/@route.0/@subRoute.0"/>
    <target href="assembly.xml#Attr_Map"/>
  </connections>
  <connections type="routesTo" sourceAnchorX="1.0" sourceAnchorY="0.5588235294117647" targetAnchorX="0.0797872340425532" targetAnchorY="0.21739130434782608">
    <source href="assembly.xml#//@beans/@mixed.1/@route.0/@subRoute.1"/>
    <target href="assembly.xml#Worktag_Map"/>
  </connections>
  <connections type="routesTo" sourceAnchorX="1.0" sourceAnchorY="0.1836734693877551" targetAnchorX="0.05970149253731343" targetAnchorY="0.16037735849056603">
    <source href="assembly.xml#Attr_Map"/>
    <target href="assembly.xml#Aggregator"/>
  </connections>
  <connections type="routesTo" sourceAnchorX="1.0" sourceAnchorY="0.17346938775510204" targetAnchorX="0.04477611940298507" targetAnchorY="0.16981132075471697">
    <source href="assembly.xml#Worktag_Map"/>
    <target href="assembly.xml#Aggregator"/>
  </connections>
  <connections type="routesTo" sourceAnchorX="1.0" sourceAnchorY="0.23469387755102042" targetAnchorX="0.01990049751243781" targetAnchorY="0.39622641509433965">
    <source href="assembly.xml#Convert_Input_File"/>
    <target href="assembly.xml#Aggregator"/>
  </connections>
  <connections type="routesTo" sourceAnchorX="1.0" sourceAnchorY="0.10377358490566038" targetAnchorX="0.09550561797752809" targetAnchorY="0.12244897959183673">
    <source href="assembly.xml#Aggregator"/>
    <target href="assembly.xml#Restructure_XML"/>
  </connections>
  <connections type="routesTo" sourceAnchorX="1.0" sourceAnchorY="0.11224489795918367" targetAnchorX="0.12318840579710146" targetAnchorY="0.2972972972972973">
    <source href="assembly.xml#Worktag_WS"/>
    <target href="assembly.xml#PagedGet"/>
  </connections>
  <connections type="routesTo" sourceAnchorX="1.0" sourceAnchorY="0.12244897959183673" targetAnchorX="0.13930348258706468" targetAnchorY="0.11320754716981132">
    <source href="assembly.xml#Response.Data"/>
    <target href="assembly.xml#Aggregator3"/>
  </connections>
  <connections type="routesTo" sourceAnchorX="1.0" sourceAnchorY="0.21621621621621623" targetAnchorX="0.15060240963855423" targetAnchorY="0.09183673469387756">
    <source href="assembly.xml#PagedGet.IN"/>
    <target href="assembly.xml#Response.Data"/>
  </connections>
  <connections type="routesTo" sourceAnchorX="1.0" sourceAnchorY="0.11320754716981132" targetAnchorX="0.10106382978723404" targetAnchorY="0.14285714285714285">
    <source href="assembly.xml#Aggregator3"/>
    <target href="assembly.xml#Workgtag_Values"/>
  </connections>
  <connections type="routesResponseTo" sourceAnchorX="1.0" sourceAnchorY="0.2972972972972973" targetAnchorX="0.16666666666666666" targetAnchorY="0.06321839080459771">
    <source href="assembly.xml#GetEventDocuments"/>
    <target href="assembly.xml#Process_Each_File"/>
  </connections>
  <connections type="routesTo" sourceAnchorX="1.0" sourceAnchorY="0.47058823529411764" targetAnchorX="0.09154929577464789" targetAnchorY="0.04435483870967742">
    <source href="assembly.xml#//@beans/@mixed.1/@route.3/@subRoute.0"/>
    <target href="assembly.xml#Route"/>
  </connections>
  <connections type="routesTo" sourceAnchorX="1.0" sourceAnchorY="0.14285714285714285" targetAnchorX="0.0913978494623656" targetAnchorY="0.3783783783783784">
    <source href="assembly.xml#Restructure_XML"/>
    <target href="assembly.xml#Process.Journal"/>
  </connections>
  <connections type="routesResponseTo" sourceAnchorX="0.6463414634146342" sourceAnchorY="1.0" targetAnchorX="0.8059701492537313" targetAnchorY="0.2702702702702703">
    <source href="assembly.xml#Get.Input.File"/>
    <target href="assembly.xml#Store.File"/>
  </connections>
  <connections type="routesTo" sourceAnchorX="1.0" sourceAnchorY="0.08490566037735849" targetAnchorX="0.09042553191489362" targetAnchorY="0.10204081632653061">
    <source href="assembly.xml#Aggregator4"/>
    <target href="assembly.xml#Copy_Reconciled_File"/>
  </connections>
  <connections type="routesTo" sourceAnchorX="1.0" sourceAnchorY="0.6176470588235294" targetAnchorX="0.047872340425531915" targetAnchorY="0.1956521739130435">
    <source href="assembly.xml#//@beans/@mixed.1/@route.4/@subRoute.0"/>
    <target href="assembly.xml#AsyncMediation18"/>
  </connections>
  <connections type="routesTo" sourceAnchorX="1.0" sourceAnchorY="0.6176470588235294" targetAnchorX="0.02127659574468085" targetAnchorY="0.22826086956521738">
    <source href="assembly.xml#//@beans/@mixed.1/@route.4/@subRoute.1"/>
    <target href="assembly.xml#AsyncMediation19"/>
  </connections>
  <connections type="routesTo" sourceAnchorX="1.0" sourceAnchorY="0.1836734693877551" targetAnchorX="0.029850746268656716" targetAnchorY="0.16037735849056603">
    <source href="assembly.xml#AsyncMediation18"/>
    <target href="assembly.xml#Aggregator5"/>
  </connections>
  <connections type="routesTo" sourceAnchorX="1.0" sourceAnchorY="0.14285714285714285" targetAnchorX="0.0" targetAnchorY="0.24528301886792453">
    <source href="assembly.xml#AsyncMediation19"/>
    <target href="assembly.xml#Aggregator5"/>
  </connections>
  <connections type="routesTo" sourceAnchorX="1.0" sourceAnchorY="0.1320754716981132" targetAnchorX="0.09803921568627451" targetAnchorY="0.19387755102040816">
    <source href="assembly.xml#Aggregator5"/>
    <target href="assembly.xml#Write_Blank_Data"/>
  </connections>
  <connections type="routesResponseTo" sourceAnchorX="1.0" sourceAnchorY="0.13513513513513514" targetAnchorX="0.1276595744680851" targetAnchorY="0.05434782608695652">
    <source href="assembly.xml#WorkdayOutSoap1"/>
    <target href="assembly.xml#TransformErrorXSLT"/>
  </connections>
  <connections type="routesTo" sourceAnchorX="1.0" sourceAnchorY="0.14130434782608695" targetAnchorX="0.2196969696969697" targetAnchorY="0.037914691943127965">
    <source href="assembly.xml#TransformErrorXSLT"/>
    <target href="assembly.xml#Route3"/>
  </connections>
  <connections type="routesTo" sourceAnchorX="1.0" sourceAnchorY="0.1326530612244898" targetAnchorX="0.24489795918367346" targetAnchorY="0.12264150943396226">
    <source href="assembly.xml#Convert_XML_to_CSV"/>
    <target href="assembly.xml#Aggregator4"/>
  </connections>
  <connections type="routesTo" sourceAnchorX="1.0" sourceAnchorY="0.32432432432432434" targetAnchorX="0.1891891891891892" targetAnchorY="0.2972972972972973">
    <source href="assembly.xml#Get.Input.File.IN"/>
    <target href="assembly.xml#GetEventDocuments"/>
  </connections>
  <connections type="routesTo" sourceAnchorX="1.0" sourceAnchorY="0.15306122448979592" targetAnchorX="0.12060301507537688" targetAnchorY="0.40540540540540543">
    <source href="assembly.xml#Write_Import_WS"/>
    <target href="assembly.xml#WorkdayOutSoap"/>
  </connections>
  <connections type="routesTo" sourceAnchorX="1.0" sourceAnchorY="0.17829457364341086" targetAnchorX="0.07053941908713693" targetAnchorY="0.32432432432432434">
    <source href="assembly.xml#Store_Reconciled"/>
    <target href="assembly.xml#PutIntegrationMessage"/>
  </connections>
  <connections type="routesTo" sourceAnchorX="0.47513812154696133" sourceAnchorY="1.0" targetAnchorX="0.3466135458167331" targetAnchorY="0.7027027027027027">
    <source href="assembly.xml#//@beans/@mixed.1/@mixed.65/@mixed.3"/>
    <target href="assembly.xml#StoreError"/>
  </connections>
  <connections type="routesTo" sourceAnchorX="0.43859649122807015" sourceAnchorY="1.0" targetAnchorX="0.32270916334661354" targetAnchorY="0.6486486486486487">
    <source href="assembly.xml#//@beans/@mixed.1/@mixed.49/@mixed.3"/>
    <target href="assembly.xml#GetWSError"/>
  </connections>
  <connections type="routesTo" sourceAnchorX="0.38011695906432746" sourceAnchorY="1.0" targetAnchorX="0.26294820717131473" targetAnchorY="0.4594594594594595">
    <source href="assembly.xml#//@beans/@mixed.1/@mixed.55/@mixed.3"/>
    <target href="assembly.xml#WriteJournalError"/>
  </connections>
  <connections type="routesTo" sourceAnchorX="0.25748502994011974" sourceAnchorY="1.0" targetAnchorX="0.16733067729083664" targetAnchorY="0.5945945945945946">
    <source href="assembly.xml#//@beans/@mixed.1/@mixed.25/@mixed.3"/>
    <target href="assembly.xml#SplitError"/>
  </connections>
  <connections type="routesTo" sourceAnchorX="0.23529411764705882" sourceAnchorY="1.0" targetAnchorX="0.17928286852589642" targetAnchorY="0.3783783783783784">
    <source href="assembly.xml#//@beans/@mixed.1/@mixed.101/@mixed.3"/>
    <target href="assembly.xml#ImportWSError"/>
  </connections>
  <connections type="routesTo" sourceAnchorX="0.23976608187134502" sourceAnchorY="1.0" targetAnchorX="0.16733067729083664" targetAnchorY="0.5135135135135135">
    <source href="assembly.xml#//@beans/@mixed.1/@mixed.19/@mixed.3"/>
    <target href="assembly.xml#RestructureXMLError"/>
  </connections>
  <connections type="routesTo" sourceAnchorX="0.25787965616045844" sourceAnchorY="1.0" targetAnchorX="0.36254980079681276" targetAnchorY="0.6486486486486487">
    <source href="assembly.xml#//@beans/@mixed.1/@mixed.13/@mixed.3"/>
    <target href="assembly.xml#InputfileError"/>
  </connections>
  <connections type="routesTo" sourceAnchorX="0.37055837563451777" sourceAnchorY="1.0" targetAnchorX="0.30278884462151395" targetAnchorY="0.5405405405405406">
    <source href="assembly.xml#//@beans/@mixed.1/@mixed.7/@mixed.3"/>
    <target href="assembly.xml#AttribError"/>
  </connections>
  <connections type="routesTo" sourceAnchorX="0.36464088397790057" sourceAnchorY="1.0" targetAnchorX="0.2589641434262948" targetAnchorY="0.5945945945945946">
    <source href="assembly.xml#//@beans/@mixed.1/@mixed.75/@mixed.3"/>
    <target href="assembly.xml#RespWorktagError"/>
  </connections>
  <connections type="routesTo" sourceAnchorX="0.3900709219858156" sourceAnchorY="1.0" targetAnchorX="0.23107569721115537" targetAnchorY="0.05405405405405406">
    <source href="assembly.xml#//@beans/@mixed.1/@mixed.73/@mixed.3"/>
    <target href="assembly.xml#WorktagError"/>
  </connections>
  <connections type="routesTo" sourceAnchorX="0.2893081761006289" sourceAnchorY="1.0" targetAnchorX="0.18007662835249041" targetAnchorY="0.2972972972972973">
    <source href="assembly.xml#//@beans/@mixed.1/@mixed.87/@mixed.3"/>
    <target href="assembly.xml#PagedGetRespErr"/>
  </connections>
  <connections type="routesTo" sourceAnchorX="0.4397163120567376" sourceAnchorY="1.0" targetAnchorX="0.2413793103448276" targetAnchorY="0.13513513513513514">
    <source href="assembly.xml#//@beans/@mixed.1/@mixed.33/@mixed.3"/>
    <target href="assembly.xml#ResponseError"/>
  </connections>
  <connections type="routesTo" sourceAnchorX="0.3055555555555556" sourceAnchorY="1.0" targetAnchorX="0.2720306513409962" targetAnchorY="0.2972972972972973">
    <source href="assembly.xml#//@beans/@mixed.1/@mixed.37/@mixed.3"/>
    <target href="assembly.xml#PutIntegrationMessage12"/>
  </connections>
  <connections type="routesTo" sourceAnchorX="0.4573643410852713" sourceAnchorY="1.0" targetAnchorX="0.23076923076923078" targetAnchorY="0.35135135135135137">
    <source href="assembly.xml#//@beans/@mixed.1/@mixed.41/@mixed.3"/>
    <target href="assembly.xml#PutIntegrationMessage11"/>
  </connections>
  <connections type="routesTo" sourceAnchorX="0.32044198895027626" sourceAnchorY="1.0" targetAnchorX="0.22988505747126436" targetAnchorY="0.16216216216216217">
    <source href="assembly.xml#//@beans/@mixed.1/@mixed.113/@mixed.3"/>
    <target href="assembly.xml#TransformError"/>
  </connections>
  <connections type="routesTo" sourceAnchorX="0.5722222222222222" sourceAnchorY="1.0" targetAnchorX="0.3946360153256705" targetAnchorY="0.21621621621621623">
    <source href="assembly.xml#//@beans/@mixed.1/@mixed.53/@mixed.3"/>
    <target href="assembly.xml#WriteBlankError"/>
  </connections>
  <connections type="routesTo" sourceAnchorX="0.5408163265306123" sourceAnchorY="1.0" targetAnchorX="0.4099616858237548" targetAnchorY="0.6756756756756757">
    <source href="assembly.xml#//@beans/@mixed.1/@mixed.103/@mixed.3"/>
    <target href="assembly.xml#MissingDataError"/>
  </connections>
  <connections type="routesTo" sourceAnchorX="0.3488372093023256" sourceAnchorY="1.0" targetAnchorX="0.2988505747126437" targetAnchorY="0.2972972972972973">
    <source href="assembly.xml#//@beans/@mixed.1/@mixed.59/@mixed.3"/>
    <target href="assembly.xml#ConvertXml2CSVError"/>
  </connections>
  <connections type="routesTo" sourceAnchorX="1.0" sourceAnchorY="0.16279069767441862" targetAnchorX="0.09395973154362416" targetAnchorY="0.35135135135135137">
    <source href="assembly.xml#Write_Journal_ID"/>
    <target href="assembly.xml#Aggregate4"/>
  </connections>
  <connections type="routesTo" sourceAnchorX="1.0" sourceAnchorY="0.14728682170542637" targetAnchorX="0.053691275167785234" targetAnchorY="0.43243243243243246">
    <source href="assembly.xml#Write_Missing_Data"/>
    <target href="assembly.xml#Aggregate3"/>
  </connections>
  <connections type="routesTo" sourceAnchorX="1.0" sourceAnchorY="0.13953488372093023" targetAnchorX="0.10738255033557047" targetAnchorY="0.32432432432432434">
    <source href="assembly.xml#Write_Blank_Data"/>
    <target href="assembly.xml#Aggregate2"/>
  </connections>
  <connections type="routesTo" sourceAnchorX="1.0" sourceAnchorY="0.2702702702702703" targetAnchorX="0.07462686567164178" targetAnchorY="0.09433962264150944">
    <source href="assembly.xml#Aggregate.IN"/>
    <target href="assembly.xml#Aggregator1"/>
  </connections>
  <connections type="routesTo" sourceAnchorX="0.28610354223433243" sourceAnchorY="1.0" targetAnchorX="0.4433497536945813" targetAnchorY="0.10077519379844961">
    <source href="assembly.xml#//@beans/@mixed.1/@mixed.29/@mixed.3"/>
    <target href="assembly.xml#Write_Missing_Data"/>
  </connections>
  <connections type="routesTo" sourceAnchorX="0.9669421487603306" sourceAnchorY="0.43243243243243246" targetAnchorX="0.06060606060606061" targetAnchorY="0.3783783783783784">
    <source href="assembly.xml#//@beans/@mixed.1/@mixed.161"/>
    <target href="assembly.xml#Note-Error"/>
  </connections>
  <connections type="routesTo" sourceAnchorX="0.6567164179104478" sourceAnchorY="1.0" targetAnchorX="0.4930232558139535" targetAnchorY="0.43243243243243246">
    <source href="assembly.xml#StartHere"/>
    <target href="assembly.xml#Get.Attributes.Maps"/>
  </connections>
  <connections type="routesResponseTo" sourceAnchorX="0.14418604651162792" sourceAnchorY="1.0" targetAnchorX="0.2260536398467433" targetAnchorY="0.35135135135135137">
    <source href="assembly.xml#Get.Attributes.Maps"/>
    <target href="assembly.xml#ValidationMode"/>
  </connections>
  <connections type="routesResponseTo" sourceAnchorX="0.2988505747126437" sourceAnchorY="1.0" targetAnchorX="0.6097560975609756" targetAnchorY="0.2972972972972973">
    <source href="assembly.xml#ValidationMode"/>
    <target href="assembly.xml#Get.Input.File"/>
  </connections>
  <connections type="routesTo" sourceAnchorX="0.2532188841201717" sourceAnchorY="1.0" targetAnchorX="0.41434262948207173" targetAnchorY="0.21621621621621623">
    <source href="assembly.xml#//@beans/@mixed.1/@mixed.79/@mixed.3"/>
    <target href="assembly.xml#MapsCopyError"/>
  </connections>
  <connections type="routesTo" sourceAnchorX="1.0" sourceAnchorY="0.11627906976744186" targetAnchorX="0.06060606060606061" targetAnchorY="0.24806201550387597">
    <source href="assembly.xml#AsyncMediation2"/>
    <target href="assembly.xml#Write_Import_WS"/>
  </connections>
  <swimlanes x="67" y="-36" name="Main Assembly" orientation="VERTICAL">
    <elements href="assembly.xml#StartHere"/>
    <elements href="assembly.xml#Get.Attributes.Maps"/>
    <elements href="assembly.xml#ValidationMode"/>
    <elements href="assembly.xml#Get.Input.File"/>
    <elements href="assembly.xml#Store.File"/>
  </swimlanes>
  <swimlanes x="400" y="243" name="Aggregate Maps and File">
    <elements href="assembly.xml#Get.Input.File.IN"/>
    <elements href="assembly.xml#GetEventDocuments"/>
    <elements href="assembly.xml#Process_Each_File"/>
    <elements href="assembly.xml#Route"/>
    <elements href="#//@swimlanes.3"/>
    <elements href="assembly.xml#Aggregator"/>
    <elements href="#//@swimlanes.16"/>
    <elements href="assembly.xml#Process.Journal"/>
  </swimlanes>
  <swimlanes x="405" y="-117" name="Global Values">
    <elements href="assembly.xml#Get.Attributes.Maps.IN"/>
    <elements href="#//@swimlanes.18"/>
    <elements href="assembly.xml#Splitter1"/>
    <elements href="#//@swimlanes.20"/>
    <elements href="assembly.xml#PagedGet"/>
    <elements href="assembly.xml#PagedGet.IN"/>
    <elements href="#//@swimlanes.21"/>
    <elements href="assembly.xml#Aggregator3"/>
    <elements href="#//@swimlanes.19"/>
    <elements href="assembly.xml#Aggregator2"/>
    <elements href="#//@swimlanes.22"/>
  </swimlanes>
  <swimlanes x="786" y="449" name="Aggregate Maps and Input File" orientation="VERTICAL">
    <elements href="assembly.xml#Attr_Map"/>
    <elements href="assembly.xml#Worktag_Map"/>
    <elements href="#//@swimlanes.17"/>
  </swimlanes>
  <swimlanes x="400" y="931" name="Process Input FIle">
    <elements href="assembly.xml#Process.Journal.IN"/>
    <elements href="#//@swimlanes.14"/>
    <elements href="assembly.xml#Splitter"/>
    <elements href="#//@swimlanes.10"/>
    <elements href="#//@swimlanes.15"/>
    <elements href="assembly.xml#WorkdayOutSoap"/>
    <elements href="#//@swimlanes.23"/>
    <elements href="assembly.xml#Import.Process"/>
    <elements href="assembly.xml#Import.Process.IN"/>
    <elements href="assembly.xml#Route0"/>
    <elements href="#//@swimlanes.24"/>
    <elements href="assembly.xml#WorkdayOutSoap0"/>
    <elements href="#//@swimlanes.25"/>
    <elements href="assembly.xml#Loop.End"/>
  </swimlanes>
  <swimlanes x="400" y="1538">
    <elements href="assembly.xml#Loop.End.IN"/>
    <elements href="assembly.xml#Route1"/>
    <elements href="#//@swimlanes.31"/>
  </swimlanes>
  <swimlanes x="886" y="1546" name="Get Error Messages from Failed Import">
    <elements href="#//@swimlanes.13"/>
    <elements href="assembly.xml#WorkdayOutSoap1"/>
    <elements href="#//@swimlanes.26"/>
    <elements href="assembly.xml#Route3"/>
    <elements href="#//@swimlanes.11"/>
    <elements href="assembly.xml#Aggregator5"/>
    <elements href="#//@swimlanes.27"/>
    <elements href="assembly.xml#Aggregate2"/>
  </swimlanes>
  <swimlanes x="1334" y="2045" name="Write Journal ID in Reconciled FIle" orientation="VERTICAL">
    <elements href="assembly.xml#Write_Journal_ID"/>
    <elements href="assembly.xml#WriteJournalError"/>
  </swimlanes>
  <swimlanes x="405" y="2486" name="Aggregate Reconciled File and convert to CSV">
    <elements href="assembly.xml#Aggregate.IN"/>
    <elements href="assembly.xml#Aggregator1"/>
    <elements href="#//@swimlanes.29"/>
    <elements href="assembly.xml#Aggregator4"/>
    <elements href="assembly.xml#Copy_Reconciled_File"/>
  </swimlanes>
  <swimlanes x="405" y="2913" name="Store Reconciled File at the Event">
    <elements href="assembly.xml#Store.File.IN"/>
    <elements href="#//@swimlanes.12"/>
    <elements href="assembly.xml#PutIntegrationMessage"/>
  </swimlanes>
  <swimlanes x="1011" y="841" name="Copy Input file to process Reconciled File" orientation="VERTICAL">
    <elements href="assembly.xml#AsyncMediation2"/>
    <elements href="#//@swimlanes.33"/>
  </swimlanes>
  <swimlanes x="1462" y="1250" name="Aggregate Errors" orientation="VERTICAL">
    <elements href="assembly.xml#AsyncMediation18"/>
    <elements href="assembly.xml#AsyncMediation19"/>
  </swimlanes>
  <swimlanes x="1046" y="1993" orientation="VERTICAL">
    <elements href="assembly.xml#Store_Reconciled"/>
    <elements href="assembly.xml#StoreError"/>
  </swimlanes>
  <swimlanes x="856" y="1276" orientation="VERTICAL">
    <elements href="assembly.xml#Get_Message_WS"/>
    <elements href="assembly.xml#GetWSError"/>
  </swimlanes>
  <swimlanes x="648" y="864" orientation="VERTICAL">
    <elements href="assembly.xml#Catch.Split.Error"/>
    <elements href="assembly.xml#SplitError"/>
  </swimlanes>
  <swimlanes x="1550" y="840" orientation="VERTICAL">
    <elements href="assembly.xml#Write_Import_WS"/>
    <elements href="assembly.xml#ImportWSError"/>
  </swimlanes>
  <swimlanes x="1846" y="352" orientation="VERTICAL">
    <elements href="assembly.xml#Restructure_XML"/>
    <elements href="assembly.xml#RestructureXMLError"/>
  </swimlanes>
  <swimlanes x="1324" y="714" orientation="VERTICAL">
    <elements href="assembly.xml#Convert_Input_File"/>
    <elements href="assembly.xml#InputfileError"/>
  </swimlanes>
  <swimlanes x="664" y="30" name="Swimlane" orientation="VERTICAL">
    <elements href="assembly.xml#Attri_Maps_Global"/>
    <elements href="assembly.xml#AttribError"/>
  </swimlanes>
  <swimlanes x="2145" y="-52" orientation="VERTICAL">
    <elements href="assembly.xml#Workgtag_Values"/>
    <elements href="assembly.xml#RespWorktagError"/>
  </swimlanes>
  <swimlanes x="1144" y="-32" orientation="VERTICAL">
    <elements href="assembly.xml#Worktag_WS"/>
    <elements href="assembly.xml#WorktagError"/>
  </swimlanes>
  <swimlanes x="1820" y="-29" orientation="VERTICAL">
    <elements href="assembly.xml#Response.Data"/>
    <elements href="assembly.xml#PagedGetRespErr"/>
  </swimlanes>
  <swimlanes x="3210" y="-27" name="" orientation="VERTICAL">
    <elements href="assembly.xml#Copy_To_Process_Later"/>
    <elements href="assembly.xml#MapsCopyError"/>
  </swimlanes>
  <swimlanes x="2074" y="1051" name="" orientation="VERTICAL">
    <elements href="assembly.xml#Response"/>
    <elements href="assembly.xml#ResponseError"/>
  </swimlanes>
  <swimlanes x="2887" y="1042" orientation="VERTICAL">
    <elements href="assembly.xml#Process_Request_WS"/>
    <elements href="assembly.xml#PutIntegrationMessage12"/>
  </swimlanes>
  <swimlanes x="3413" y="1033" orientation="VERTICAL">
    <elements href="assembly.xml#Run_Status"/>
    <elements href="assembly.xml#PutIntegrationMessage11"/>
  </swimlanes>
  <swimlanes x="1411" y="1458" orientation="VERTICAL">
    <elements href="assembly.xml#TransformErrorXSLT"/>
    <elements href="assembly.xml#TransformError"/>
  </swimlanes>
  <swimlanes x="2312" y="1523" orientation="VERTICAL">
    <elements href="assembly.xml#Write_Blank_Data"/>
    <elements href="assembly.xml#WriteBlankError"/>
  </swimlanes>
  <swimlanes x="1591" y="1398" orientation="VERTICAL">
    <elements href="assembly.xml#Write_Missing_Data"/>
    <elements href="assembly.xml#MissingDataError"/>
  </swimlanes>
  <swimlanes x="1698" y="1930" orientation="VERTICAL">
    <elements href="assembly.xml#Convert_XML_to_CSV"/>
    <elements href="assembly.xml#ConvertXml2CSVError"/>
  </swimlanes>
  <swimlanes x="1240" y="2072">
    <elements href="#//@swimlanes.7"/>
    <elements href="assembly.xml#Aggregate4"/>
  </swimlanes>
  <swimlanes x="405" y="1543" orientation="VERTICAL" elements="//@swimlanes.6 //@swimlanes.30"/>
  <swimlanes x="413" y="3340" name="Global Error Handler">
    <elements href="assembly.xml#//@beans/@mixed.1/@mixed.161"/>
    <elements href="assembly.xml#Note-Error"/>
  </swimlanes>
  <swimlanes x="1132" y="1360" name="Swimlane">
    <elements href="#//@swimlanes.28"/>
    <elements href="assembly.xml#Aggregate3"/>
  </swimlanes>
</wdnm:Diagram>
