<?xml version="1.0" encoding="UTF-8"?>
<wdnm:Diagram xmlns:wdnm="http://workday.com/studio/editors/notation">
  <element href="assembly.xml#WorkdayAssembly"/>
  <visualProperties x="327" y="148">
    <element href="assembly.xml#StartHere"/>
  </visualProperties>
  <visualProperties>
    <element href="assembly.xml#Initialize-Props"/>
  </visualProperties>
  <visualProperties>
    <element href="assembly.xml#//@beans/@mixed.1/@mixed.9"/>
  </visualProperties>
  <visualProperties>
    <element href="assembly.xml#LogError"/>
  </visualProperties>
  <visualProperties>
    <element href="assembly.xml#PutIntegrationEvent"/>
  </visualProperties>
  <visualProperties>
    <element href="assembly.xml#RetrieveFile"/>
  </visualProperties>
  <visualProperties>
    <element href="assembly.xml#AsyncMediation5"/>
  </visualProperties>
  <visualProperties x="535" y="192">
    <element href="assembly.xml#CallRetrieveFile"/>
  </visualProperties>
  <visualProperties>
    <element href="assembly.xml#ProcessInputFile"/>
  </visualProperties>
  <visualProperties>
    <element href="assembly.xml#CatchErrors"/>
  </visualProperties>
  <visualProperties>
    <element href="assembly.xml#SplittinInputFile"/>
  </visualProperties>
  <visualProperties>
    <element href="assembly.xml#RecordEval"/>
  </visualProperties>
  <visualProperties>
    <element href="assembly.xml#TypeOfRecord"/>
  </visualProperties>
  <visualProperties>
    <element href="assembly.xml#TransformInputFile"/>
  </visualProperties>
  <visualProperties>
    <element href="assembly.xml#CloseAggregator"/>
  </visualProperties>
  <visualProperties>
    <element href="assembly.xml#Aggregator"/>
  </visualProperties>
  <visualProperties x="732" y="204">
    <element href="assembly.xml#CallProcessInputFile"/>
  </visualProperties>
  <visualProperties x="881" y="298">
    <element href="assembly.xml#PutIntegrationMessage"/>
  </visualProperties>
  <visualProperties x="972" y="622">
    <element href="assembly.xml#ProcessTrailerRecord"/>
  </visualProperties>
  <visualProperties x="1646" y="573">
    <element href="assembly.xml#TransformInputFile0"/>
  </visualProperties>
  <visualProperties x="1173" y="1385">
    <element href="assembly.xml#CallProcessTrailerRecord"/>
  </visualProperties>
  <visualProperties x="251" y="570">
    <element href="assembly.xml#AsyncMediation"/>
  </visualProperties>
  <visualProperties x="1021" y="921">
    <element href="assembly.xml#EvalFile"/>
  </visualProperties>
  <visualProperties x="727" y="568">
    <element href="assembly.xml#Route"/>
  </visualProperties>
  <visualProperties>
    <element href="assembly.xml#GetWorkers"/>
  </visualProperties>
  <visualProperties>
    <element href="assembly.xml#WriteGetWorker"/>
  </visualProperties>
  <visualProperties>
    <element href="assembly.xml#EvalErrorFlag"/>
  </visualProperties>
  <visualProperties>
    <element href="assembly.xml#CallCleanInvalidEEIds"/>
  </visualProperties>
  <visualProperties>
    <element href="assembly.xml#SplitonWorker"/>
  </visualProperties>
  <visualProperties>
    <element href="assembly.xml#FileProps"/>
  </visualProperties>
  <visualProperties x="746" y="276">
    <element href="assembly.xml#CallCloseAggregator"/>
  </visualProperties>
  <visualProperties x="673" y="287">
    <element href="assembly.xml#CallGetWorkers"/>
  </visualProperties>
  <visualProperties>
    <element href="assembly.xml#ValidateInputFileCounters"/>
  </visualProperties>
  <visualProperties>
    <element href="assembly.xml#ValidateContents"/>
  </visualProperties>
  <visualProperties x="712" y="350">
    <element href="assembly.xml#CallValidateFileContents"/>
  </visualProperties>
  <visualProperties>
    <element href="assembly.xml#CleanInvalidEEids"/>
  </visualProperties>
  <visualProperties>
    <element href="assembly.xml#CreateCleanGetWorkersCall"/>
  </visualProperties>
  <visualProperties>
    <element href="assembly.xml#SplitInvalidIDS"/>
  </visualProperties>
  <visualProperties>
    <element href="assembly.xml#DeleteInvalidIDs"/>
  </visualProperties>
  <visualProperties x="1224" y="280">
    <element href="assembly.xml#WriteError"/>
  </visualProperties>
  <visualProperties x="1481" y="286">
    <element href="assembly.xml#AbortProcess211"/>
  </visualProperties>
  <visualProperties x="1663" y="322">
    <element href="assembly.xml#WriteErrorToEvent"/>
  </visualProperties>
  <visualProperties x="1289" y="688">
    <element href="assembly.xml#CallWriteError"/>
  </visualProperties>
  <visualProperties x="1636" y="1338">
    <element href="assembly.xml#CallWriteError0"/>
  </visualProperties>
  <visualProperties x="1071" y="480">
    <element href="assembly.xml#CallWriteError1"/>
  </visualProperties>
  <visualProperties x="1088" y="822">
    <element href="assembly.xml#CallWriteError10"/>
  </visualProperties>
  <visualProperties x="1051" y="1038">
    <element href="assembly.xml#CallWriteError100"/>
  </visualProperties>
  <visualProperties x="259" y="1246">
    <element href="assembly.xml#CallWriteError1000"/>
  </visualProperties>
  <visualProperties x="197" y="1242">
    <element href="assembly.xml#CallWriteError1001"/>
  </visualProperties>
  <visualProperties x="572" y="1215">
    <element href="assembly.xml#CallWriteError1002"/>
  </visualProperties>
  <visualProperties x="317" y="1690">
    <element href="assembly.xml#CallWriteError10010"/>
  </visualProperties>
  <visualProperties x="1069" y="2260">
    <element href="assembly.xml#CallWriteError100100"/>
  </visualProperties>
  <visualProperties x="835" y="2190">
    <element href="assembly.xml#PagedGet"/>
  </visualProperties>
  <visualProperties x="773" y="1738">
    <element href="assembly.xml#CallWriteError10000"/>
  </visualProperties>
  <visualProperties>
    <element href="assembly.xml#CatchErrors0"/>
  </visualProperties>
  <visualProperties>
    <element href="assembly.xml#CallWriteError2"/>
  </visualProperties>
  <visualProperties>
    <element href="assembly.xml#ImportPayrollInput"/>
  </visualProperties>
  <visualProperties>
    <element href="assembly.xml#InputFile"/>
  </visualProperties>
  <visualProperties>
    <element href="assembly.xml#Split"/>
  </visualProperties>
  <visualProperties>
    <element href="assembly.xml#ValidateInputFile0"/>
  </visualProperties>
  <visualProperties>
    <element href="assembly.xml#AuditRecords"/>
  </visualProperties>
  <visualProperties>
    <element href="assembly.xml#AsyncMediation20"/>
  </visualProperties>
  <visualProperties>
    <element href="assembly.xml#Aggregator0"/>
  </visualProperties>
  <visualProperties>
    <element href="assembly.xml#BatchErrorFile"/>
  </visualProperties>
  <visualProperties>
    <element href="assembly.xml#AsyncMediation3"/>
  </visualProperties>
  <visualProperties>
    <element href="assembly.xml#PutErrorFile"/>
  </visualProperties>
  <visualProperties x="603" y="470">
    <element href="assembly.xml#CallBatchErrorFile"/>
  </visualProperties>
  <visualProperties x="881" y="3246">
    <element href="assembly.xml#CallWriteError3"/>
  </visualProperties>
  <visualProperties x="873" y="3241">
    <element href="assembly.xml#CallWriteError30"/>
  </visualProperties>
  <visualProperties x="1297" y="1607">
    <element href="assembly.xml#CallAuditRecords"/>
  </visualProperties>
  <visualProperties x="572" y="3558">
    <element href="assembly.xml#AsyncMediation2"/>
  </visualProperties>
  <visualProperties x="1757" y="1489">
    <element href="assembly.xml#AsyncMediation4"/>
  </visualProperties>
  <visualProperties>
    <element href="assembly.xml#CallWriteError20"/>
  </visualProperties>
  <visualProperties x="1710" y="2018">
    <element href="assembly.xml#SplitonLeaveStatus"/>
  </visualProperties>
  <visualProperties x="1828" y="1952">
    <element href="assembly.xml#AsyncMediation6"/>
  </visualProperties>
  <visualProperties x="871" y="228">
    <element href="assembly.xml#CallImportPayrollInput"/>
  </visualProperties>
  <visualProperties x="422" y="2925">
    <element href="assembly.xml#CallWriteError11"/>
  </visualProperties>
  <visualProperties x="1565" y="2329">
    <element href="assembly.xml#AsyncMediation7"/>
  </visualProperties>
  <visualProperties x="357" y="3400">
    <element href="assembly.xml#CallWriteError110"/>
  </visualProperties>
  <visualProperties x="873" y="3372">
    <element href="assembly.xml#AggInputsInBatch"/>
  </visualProperties>
  <visualProperties x="1015" y="3122">
    <element href="assembly.xml#BatchPayrollInput"/>
  </visualProperties>
  <visualProperties x="968" y="3121">
    <element href="assembly.xml#AsyncMediation0"/>
  </visualProperties>
  <visualProperties x="925" y="291">
    <element href="assembly.xml#CallBatchPayrollInput"/>
  </visualProperties>
  <visualProperties>
    <element href="assembly.xml#ReleaseBatch"/>
  </visualProperties>
  <visualProperties>
    <element href="assembly.xml#CallWriteError111"/>
  </visualProperties>
  <visualProperties x="1088" y="3166">
    <element href="assembly.xml#CallReleaseBatch"/>
  </visualProperties>
  <visualProperties x="414" y="3841">
    <element href="assembly.xml#WrapWS"/>
  </visualProperties>
  <visualProperties x="749" y="3714">
    <element href="assembly.xml#ValidationMode1"/>
  </visualProperties>
  <visualProperties x="734" y="3916">
    <element href="assembly.xml#ImportWS"/>
  </visualProperties>
  <visualProperties x="889" y="3901">
    <element href="assembly.xml#ImportProcDetails"/>
  </visualProperties>
  <visualProperties x="1288" y="3847">
    <element href="assembly.xml#AggImportResponses"/>
  </visualProperties>
  <visualProperties x="1205" y="3745">
    <element href="assembly.xml#AsyncMediation1"/>
  </visualProperties>
  <visualProperties x="1211" y="3952">
    <element href="assembly.xml#BatchImportResponse"/>
  </visualProperties>
  <visualProperties x="1518" y="3929">
    <element href="assembly.xml#StoreImportProcDetails"/>
  </visualProperties>
  <visualProperties x="935" y="4090">
    <element href="assembly.xml#CallWriteError1110"/>
  </visualProperties>
  <visualProperties x="1045" y="4055">
    <element href="assembly.xml#CallWriteError11100"/>
  </visualProperties>
  <visualProperties x="906" y="281">
    <element href="assembly.xml#CallBatchImportResponse"/>
  </visualProperties>
  <visualProperties x="148" y="4828">
    <element href="assembly.xml#INT0091-AuditIntegration"/>
  </visualProperties>
  <visualProperties x="334" y="5207">
    <element href="assembly.xml#CallWriteError4"/>
  </visualProperties>
  <visualProperties x="1564" y="4148">
    <element href="assembly.xml#PutBatchFile"/>
  </visualProperties>
  <visualProperties x="483" y="4887">
    <element href="assembly.xml#CallCreateAuditFile"/>
  </visualProperties>
  <visualProperties x="2308" y="4675">
    <element href="assembly.xml#ImportDetailsPosted"/>
  </visualProperties>
  <visualProperties x="883" y="5015">
    <element href="assembly.xml#AsyncMediation12"/>
  </visualProperties>
  <visualProperties x="961" y="5162">
    <element href="assembly.xml#GetEventDocuments0"/>
  </visualProperties>
  <visualProperties>
    <element href="assembly.xml#CreateAuditFile"/>
  </visualProperties>
  <visualProperties>
    <element href="assembly.xml#AsyncMediation8"/>
  </visualProperties>
  <visualProperties>
    <element href="assembly.xml#StoreImportProcDetails0"/>
  </visualProperties>
  <visualProperties>
    <element href="assembly.xml#CallWriteError111000"/>
  </visualProperties>
  <visualProperties x="713" y="5277">
    <element href="assembly.xml#Splitter1"/>
  </visualProperties>
  <visualProperties x="342" y="5429">
    <element href="assembly.xml#CallWriteError40"/>
  </visualProperties>
  <visualProperties x="1056" y="5300">
    <element href="assembly.xml#AsyncMediation9"/>
  </visualProperties>
  <visualProperties x="1237" y="5300">
    <element href="assembly.xml#Route0"/>
  </visualProperties>
  <visualProperties>
    <element href="assembly.xml#AsyncMediation30"/>
  </visualProperties>
  <visualProperties>
    <element href="assembly.xml#goAggregateSuccessAuditLog"/>
  </visualProperties>
  <visualProperties>
    <element href="assembly.xml#AsyncMediation40"/>
  </visualProperties>
  <visualProperties>
    <element href="assembly.xml#goAggregateAuditLog"/>
  </visualProperties>
  <visualProperties x="165" y="5293">
    <element href="assembly.xml#GetResponseData"/>
  </visualProperties>
  <visualProperties>
    <element href="assembly.xml#AsyncMediation80"/>
  </visualProperties>
  <visualProperties x="641" y="5000">
    <element href="assembly.xml#AsyncMediation10"/>
  </visualProperties>
  <visualProperties x="750" y="5525">
    <element href="assembly.xml#SplitByInputBatch"/>
  </visualProperties>
  <visualProperties x="943" y="5422">
    <element href="assembly.xml#PrepareImportMsgWS"/>
  </visualProperties>
  <visualProperties x="1024" y="5321">
    <element href="assembly.xml#GetImportProcMsgs"/>
  </visualProperties>
  <visualProperties x="1052" y="5175">
    <element href="assembly.xml#CallWriteError41"/>
  </visualProperties>
  <visualProperties>
    <element href="assembly.xml#ProcessBatchResponses"/>
  </visualProperties>
  <visualProperties>
    <element href="assembly.xml#NoErrorCheck"/>
  </visualProperties>
  <visualProperties>
    <element href="assembly.xml#SplitResponseMessage"/>
  </visualProperties>
  <visualProperties>
    <element href="assembly.xml#SaveToResponseHash"/>
  </visualProperties>
  <visualProperties x="1001" y="5726">
    <element href="assembly.xml#CallWriteError5"/>
  </visualProperties>
  <visualProperties x="1082" y="5790">
    <element href="assembly.xml#CallWriteError50"/>
  </visualProperties>
  <visualProperties x="981" y="5349">
    <element href="assembly.xml#CallProcessBatchResponses"/>
  </visualProperties>
  <visualProperties>
    <element href="assembly.xml#processIterator"/>
  </visualProperties>
  <visualProperties>
    <element href="assembly.xml#procStatus"/>
  </visualProperties>
  <visualProperties>
    <element href="assembly.xml#router"/>
  </visualProperties>
  <visualProperties>
    <element href="assembly.xml#importStatusCall"/>
  </visualProperties>
  <visualProperties>
    <element href="assembly.xml#getImportProcessStatus"/>
  </visualProperties>
  <visualProperties>
    <element href="assembly.xml#PrepGetResponse"/>
  </visualProperties>
  <visualProperties x="1593" y="5610">
    <element href="assembly.xml#Call_GetImportStatus"/>
  </visualProperties>
  <visualProperties x="965" y="5610">
    <element href="assembly.xml#CallWriteError410"/>
  </visualProperties>
  <visualProperties x="420" y="5609">
    <element href="assembly.xml#CallWriteError51"/>
  </visualProperties>
  <visualProperties x="832" y="5604">
    <element href="assembly.xml#CallWriteError510"/>
  </visualProperties>
  <visualProperties x="1587" y="6843">
    <element href="assembly.xml#CallWriteError400"/>
  </visualProperties>
  <visualProperties>
    <element href="assembly.xml#aggregateAuditLog"/>
  </visualProperties>
  <visualProperties>
    <element href="assembly.xml#Aggregator1"/>
  </visualProperties>
  <visualProperties>
    <element href="assembly.xml#AsyncMediation11"/>
  </visualProperties>
  <visualProperties>
    <element href="assembly.xml#PutIntegrationMessage11"/>
  </visualProperties>
  <visualProperties x="958" y="4973">
    <element href="assembly.xml#CallGetResponseData"/>
  </visualProperties>
  <visualProperties x="120" y="7446">
    <element href="assembly.xml#MergeAuditErrors"/>
  </visualProperties>
  <visualProperties x="860" y="7382">
    <element href="assembly.xml#Splitter10"/>
  </visualProperties>
  <visualProperties>
    <element href="assembly.xml#AsyncMediation90"/>
  </visualProperties>
  <visualProperties>
    <element href="assembly.xml#CallWriteError401"/>
  </visualProperties>
  <visualProperties x="1080" y="7426">
    <element href="assembly.xml#goAggregateAuditErrorLog"/>
  </visualProperties>
  <visualProperties x="807" y="4940">
    <element href="assembly.xml#CallMergeAuditErrors"/>
  </visualProperties>
  <visualProperties x="911" y="5117">
    <element href="assembly.xml#CallAggregateAuditRecords"/>
  </visualProperties>
  <visualProperties x="265" y="7401">
    <element href="assembly.xml#AsyncMediation13"/>
  </visualProperties>
  <visualProperties x="1295" y="3498">
    <element href="assembly.xml#CallAuditRecords1"/>
  </visualProperties>
  <visualProperties x="973" y="7695">
    <element href="assembly.xml#CallWriteError4010"/>
  </visualProperties>
  <visualProperties x="20" y="2392">
    <element href="assembly.xml#CallWriteWarning1"/>
  </visualProperties>
  <visualProperties x="1036" y="5826">
    <element href="assembly.xml#CallWriteInfo"/>
  </visualProperties>
  <decorations x="58" y="12" width="970" height="168" type="NOTE" text="INT0091 - This integration loads the commuter benefit deductions, file is received from YSA. Following validations are done on the input file. Record Count and Total Amount from Trailer record is matched with the file actuals, any mismatch is reported as a error.  In addition, Effective Date and deduction amount are required. Deduction amount has to be numeric positive value, and effective date must be with current month/year of the run date. Effective date >= Hire date. Deduction Codes are validated against the integration map and only valid values are allowed. Integration checks for EE not to be on LTD and EE must be working > 20 scheduled and standard Hours. After all validation checks, Import Payroll Input is called. Integration creates 2 audit files: Control file ==> showing the counters and Error File ==> reporting all the errors in the input file."/>
  <decorations x="45" y="4691" width="1099" height="64" font="Arial|10|1" bgColor="65535" fgColor="1" fontColor="1" type="NOTE" text="Audit Log Integration ==> This sub integration will read the Audit File and Payroll Import response from the previous integration and would create 2 output files in .dat format. Control File => will display totals and Error File will list all the errors reported in the inbound file"/>
  <connections type="routesTo" sourceAnchorX="0.8235294117647058" sourceAnchorY="1.0" targetAnchorX="0.13131313131313133" targetAnchorY="0.18110236220472442">
    <source href="assembly.xml#StartHere"/>
    <target href="assembly.xml#Initialize-Props"/>
  </connections>
  <connections type="routesTo" sourceAnchorX="0.6632653061224489" sourceAnchorY="1.0" targetAnchorX="0.18848167539267016" targetAnchorY="0.7837837837837838">
    <source href="assembly.xml#//@beans/@mixed.1/@mixed.9"/>
    <target href="assembly.xml#LogError"/>
  </connections>
  <connections type="routesResponseTo" sourceAnchorX="1.0" sourceAnchorY="0.7837837837837838" targetAnchorX="0.37423312883435583" targetAnchorY="0.2972972972972973">
    <source href="assembly.xml#LogError"/>
    <target href="assembly.xml#PutIntegrationEvent"/>
  </connections>
  <connections type="routesTo" sourceAnchorX="1.0" sourceAnchorY="0.23622047244094488" targetAnchorX="0.4591194968553459" targetAnchorY="0.4864864864864865">
    <source href="assembly.xml#Initialize-Props"/>
    <target href="assembly.xml#CallRetrieveFile"/>
  </connections>
  <connections type="routesTo" sourceAnchorX="0.7409638554216867" sourceAnchorY="1.0" targetAnchorX="0.0945945945945946">
    <source href="assembly.xml#ProcessInputFile"/>
    <target href="assembly.xml#CatchErrors"/>
    <bendpoints sourceX="31" sourceY="17" targetX="-94" targetY="-3"/>
  </connections>
  <connections type="routesTo" sourceAnchorX="1.0" sourceAnchorY="0.25" targetAnchorX="0.31654676258992803" targetAnchorY="0.4696969696969697">
    <source href="assembly.xml#CatchErrors"/>
    <target href="assembly.xml#SplittinInputFile"/>
    <bendpoints sourceX="10" sourceY="33" targetX="-64" targetY="-36"/>
  </connections>
  <connections type="routesTo" sourceAnchorX="0.8253968253968254" sourceAnchorY="1.0" targetAnchorX="0.046357615894039736" targetAnchorY="0.41304347826086957">
    <source href="assembly.xml#//@beans/@mixed.1/@splitter.0/@subRoute.0"/>
    <target href="assembly.xml#RecordEval"/>
    <bendpoints sourceX="48" sourceY="-66" targetX="-23" targetY="79"/>
  </connections>
  <connections type="routesTo" sourceAnchorX="1.0" sourceAnchorY="0.15625" targetAnchorX="0.34306569343065696" targetAnchorY="0.44074074074074077">
    <source href="assembly.xml#RecordEval"/>
    <target href="assembly.xml#TypeOfRecord"/>
    <bendpoints sourceX="8" sourceY="27" targetX="-69" targetY="-77"/>
  </connections>
  <connections type="routesTo" sourceAnchorX="0.6854838709677419" sourceAnchorY="1.0" targetAnchorX="0.08050847457627118" targetAnchorY="0.25984251968503935">
    <source href="assembly.xml#//@beans/@mixed.1/@route.0/@subRoute.0"/>
    <target href="assembly.xml#TransformInputFile"/>
    <bendpoints sourceX="65" sourceY="-51" targetX="-59" targetY="98"/>
  </connections>
  <connections type="routesTo" sourceAnchorX="1.0" sourceAnchorY="0.1968503937007874" targetAnchorX="0.040229885057471264" targetAnchorY="0.5471698113207547">
    <source href="assembly.xml#TransformInputFile"/>
    <target href="assembly.xml#Aggregator"/>
    <bendpoints sourceX="-3" sourceY="227" targetX="-70" targetY="1"/>
  </connections>
  <connections type="routesResponseTo" sourceAnchorX="0.6037735849056604" sourceAnchorY="1.0" targetAnchorX="0.5968586387434555" targetAnchorY="0.4864864864864865">
    <source href="assembly.xml#CallRetrieveFile"/>
    <target href="assembly.xml#CallProcessInputFile"/>
  </connections>
  <connections type="routesTo" sourceAnchorX="0.7867647058823529" sourceAnchorY="1.0" targetAnchorX="0.2311111111111111" targetAnchorY="0.3783783783783784">
    <source href="assembly.xml#//@beans/@mixed.1/@route.0/@subRoute.1"/>
    <target href="assembly.xml#CallProcessTrailerRecord"/>
    <bendpoints sourceX="2" sourceY="135" targetX="-131" targetY="5"/>
  </connections>
  <connections type="routesTo" sourceAnchorX="0.664179104477612" sourceAnchorY="1.0" targetAnchorX="0.14685314685314685" targetAnchorY="0.23958333333333334">
    <source href="assembly.xml#RetrieveFile"/>
    <target href="assembly.xml#AsyncMediation"/>
  </connections>
  <connections type="routesTo" sourceAnchorX="0.0" sourceAnchorY="0.17708333333333334" targetAnchorX="0.375" targetAnchorY="0.03333333333333333">
    <source href="assembly.xml#AsyncMediation"/>
    <target href="assembly.xml#EvalFile"/>
  </connections>
  <connections type="routesTo" sourceAnchorX="0.6923076923076923" sourceAnchorY="1.0" targetAnchorX="0.6754966887417219" targetAnchorY="0.11023622047244094">
    <source href="assembly.xml#//@beans/@mixed.1/@route.2/@subRoute.0"/>
    <target href="assembly.xml#AsyncMediation5"/>
  </connections>
  <connections type="routesTo" sourceAnchorX="0.9532710280373832" sourceAnchorY="1.0" targetAnchorX="0.10256410256410256" targetAnchorY="0.10365853658536585">
    <source href="assembly.xml#//@beans/@mixed.1/@route.1/@subRoute.0"/>
    <target href="assembly.xml#Route"/>
  </connections>
  <connections type="routesTo" sourceAnchorX="0.835" sourceAnchorY="1.0" targetAnchorX="0.1657754010695187" targetAnchorY="0.14960629921259844">
    <source href="assembly.xml#ProcessTrailerRecord"/>
    <target href="assembly.xml#TransformInputFile0"/>
  </connections>
  <connections type="routesTo" sourceAnchorX="0.75" sourceAnchorY="1.0" targetAnchorX="0.18719211822660098" targetAnchorY="0.2440944881889764">
    <source href="assembly.xml#GetWorkers"/>
    <target href="assembly.xml#WriteGetWorker"/>
    <bendpoints sourceX="34" sourceY="34" targetX="-83" targetY="-2"/>
  </connections>
  <connections type="routesTo" sourceAnchorX="1.0" sourceAnchorY="0.08661417322834646" targetAnchorX="0.31788079470198677" targetAnchorY="0.08661417322834646">
    <source href="assembly.xml#WriteGetWorker"/>
    <target href="assembly.xml#EvalErrorFlag"/>
  </connections>
  <connections type="routesTo" sourceAnchorX="0.5621621621621622" sourceAnchorY="1.0" targetAnchorX="0.47549019607843135" targetAnchorY="0.32432432432432434">
    <source href="assembly.xml#//@beans/@mixed.1/@mixed.55/@mixed.3"/>
    <target href="assembly.xml#CallCleanInvalidEEIds"/>
  </connections>
  <connections type="routesTo" sourceAnchorX="0.7980769230769231" sourceAnchorY="1.0" targetAnchorX="0.10426540284360189">
    <source href="assembly.xml#//@beans/@mixed.1/@splitter.1/@subRoute.0"/>
    <target href="assembly.xml#FileProps"/>
    <bendpoints sourceX="44" sourceY="-6" targetX="-57" targetY="44"/>
  </connections>
  <connections type="routesResponseTo" sourceAnchorX="0.5287958115183246" sourceAnchorY="1.0" targetAnchorX="0.7958115183246073" targetAnchorY="0.7027027027027027">
    <source href="assembly.xml#CallProcessInputFile"/>
    <target href="assembly.xml#CallCloseAggregator"/>
  </connections>
  <connections type="routesTo" sourceAnchorX="0.835" sourceAnchorY="1.0" targetAnchorX="0.1657754010695187" targetAnchorY="0.14960629921259844">
    <source href="assembly.xml#ValidateInputFileCounters"/>
    <target href="assembly.xml#ValidateContents"/>
  </connections>
  <connections type="routesResponseTo" sourceAnchorX="0.6596858638743456" sourceAnchorY="1.0" targetAnchorX="0.34810126582278483" targetAnchorY="0.4864864864864865">
    <source href="assembly.xml#CallCloseAggregator"/>
    <target href="assembly.xml#CallValidateFileContents"/>
  </connections>
  <connections type="routesTo" sourceAnchorX="1.0" sourceAnchorY="0.3783783783783784" targetAnchorX="0.08181818181818182" targetAnchorY="0.12568306010928962">
    <source href="assembly.xml#CleanInvalidEEids"/>
    <target href="assembly.xml#CreateCleanGetWorkersCall"/>
    <bendpoints sourceX="18" sourceY="28" targetX="-46" targetY="-23"/>
  </connections>
  <connections type="routesTo" sourceAnchorX="1.0" sourceAnchorY="0.1366120218579235" targetAnchorX="0.10743801652892562" targetAnchorY="0.16883116883116883">
    <source href="assembly.xml#CreateCleanGetWorkersCall"/>
    <target href="assembly.xml#SplitInvalidIDS"/>
    <bendpoints sourceX="23" targetX="-77" targetY="40"/>
  </connections>
  <connections type="routesTo" sourceAnchorX="0.9361702127659575" sourceAnchorY="1.0" targetAnchorX="0.11643835616438356" targetAnchorY="0.16666666666666666">
    <source href="assembly.xml#//@beans/@mixed.1/@splitter.2/@subRoute.0"/>
    <target href="assembly.xml#DeleteInvalidIDs"/>
    <bendpoints sourceX="35" targetX="-44" targetY="97"/>
  </connections>
  <connections type="routesTo" sourceAnchorX="0.824" sourceAnchorY="1.0" targetAnchorX="0.24025974025974026" targetAnchorY="0.052083333333333336">
    <source href="assembly.xml#WriteError"/>
    <target href="assembly.xml#AbortProcess211"/>
  </connections>
  <connections type="routesTo" sourceAnchorX="1.0" sourceAnchorY="0.34375" targetAnchorX="0.19402985074626866" targetAnchorY="0.3783783783783784">
    <source href="assembly.xml#AbortProcess211"/>
    <target href="assembly.xml#WriteErrorToEvent"/>
  </connections>
  <connections type="routesTo" sourceAnchorX="0.5166666666666667" sourceAnchorY="1.0" targetAnchorX="0.8066666666666666" targetAnchorY="0.32432432432432434">
    <source href="assembly.xml#//@beans/@mixed.1/@mixed.39/@mixed.3"/>
    <target href="assembly.xml#CallWriteError"/>
  </connections>
  <connections type="routesTo" sourceAnchorX="0.5277777777777778" sourceAnchorY="1.0" targetAnchorX="0.6455696202531646" targetAnchorY="0.5135135135135135">
    <source href="assembly.xml#//@beans/@mixed.1/@mixed.65/@mixed.3"/>
    <target href="assembly.xml#CallWriteError0"/>
  </connections>
  <connections type="routesTo" sourceAnchorX="0.3275862068965517" sourceAnchorY="1.0" targetAnchorX="0.6708860759493671" targetAnchorY="0.5135135135135135">
    <source href="assembly.xml#//@beans/@mixed.1/@mixed.3/@mixed.3"/>
    <target href="assembly.xml#CallWriteError1"/>
  </connections>
  <connections type="routesTo" sourceAnchorX="0.6527777777777778" sourceAnchorY="1.0" targetAnchorX="0.6746987951807228" targetAnchorY="0.7837837837837838">
    <source href="assembly.xml#//@beans/@mixed.1/@mixed.11/@mixed.3"/>
    <target href="assembly.xml#CallWriteError10"/>
  </connections>
  <connections type="routesTo" sourceAnchorX="0.5420560747663551" sourceAnchorY="1.0" targetAnchorX="0.4367816091954023" targetAnchorY="0.08108108108108109">
    <source href="assembly.xml#//@beans/@mixed.1/@route.1/@subRoute.1"/>
    <target href="assembly.xml#CallWriteError100"/>
    <bendpoints sourceX="-27" sourceY="50" targetX="-56" targetY="-34"/>
  </connections>
  <connections type="routesTo" sourceAnchorX="0.7478260869565218" sourceAnchorY="1.0" targetAnchorX="0.4010989010989011" targetAnchorY="0.5945945945945946">
    <source href="assembly.xml#//@beans/@mixed.1/@mixed.29/@mixed.3"/>
    <target href="assembly.xml#CallWriteError1001"/>
  </connections>
  <connections type="routesTo" sourceAnchorX="0.6193548387096774" sourceAnchorY="1.0" targetAnchorX="0.6153846153846154" targetAnchorY="0.5675675675675675">
    <source href="assembly.xml#//@beans/@mixed.1/@mixed.25/@mixed.3"/>
    <target href="assembly.xml#CallWriteError1000"/>
  </connections>
  <connections type="routesTo" sourceAnchorX="0.29333333333333333" sourceAnchorY="1.0" targetAnchorX="0.6153846153846154" targetAnchorY="0.7567567567567568">
    <source href="assembly.xml#//@beans/@mixed.1/@mixed.21/@mixed.3"/>
    <target href="assembly.xml#CallWriteError1002"/>
  </connections>
  <connections type="routesTo" sourceAnchorX="0.5204081632653061" sourceAnchorY="1.0" targetAnchorX="0.6684210526315789" targetAnchorY="0.4594594594594595">
    <source href="assembly.xml#//@beans/@mixed.1/@mixed.57/@mixed.3"/>
    <target href="assembly.xml#CallWriteError10010"/>
  </connections>
  <connections type="routesTo" sourceAnchorX="0.5211864406779662" sourceAnchorY="1.0" targetAnchorX="0.7272727272727273" targetAnchorY="0.2702702702702703">
    <source href="assembly.xml#//@beans/@mixed.1/@mixed.75/@mixed.5"/>
    <target href="assembly.xml#CallWriteError100100"/>
  </connections>
  <connections type="routesTo" sourceAnchorX="1.0" sourceAnchorY="0.1889763779527559" targetAnchorX="0.19672131147540983" targetAnchorY="0.3783783783783784">
    <source href="assembly.xml#EvalErrorFlag"/>
    <target href="assembly.xml#PagedGet"/>
  </connections>
  <connections type="routesResponseTo" sourceAnchorX="0.46733668341708545" sourceAnchorY="1.0" targetAnchorX="0.6157894736842106" targetAnchorY="0.5405405405405406">
    <source href="assembly.xml#CallCleanInvalidEEIds"/>
    <target href="assembly.xml#CallWriteError10000"/>
  </connections>
  <connections type="routesResponseTo" sourceAnchorX="0.8210526315789474" sourceAnchorY="1.0" targetAnchorX="0.5409836065573771" targetAnchorY="0.6216216216216216">
    <source href="assembly.xml#CallWriteError10000"/>
    <target href="assembly.xml#PagedGet"/>
    <bendpoints sourceX="149" sourceY="-70" targetX="-5" targetY="237"/>
  </connections>
  <connections type="routesTo" sourceAnchorX="0.7478260869565218" sourceAnchorY="1.0" targetAnchorX="0.4010989010989011" targetAnchorY="0.5945945945945946">
    <source href="assembly.xml#//@beans/@mixed.1/@mixed.111/@mixed.3"/>
    <target href="assembly.xml#CallWriteError2"/>
  </connections>
  <connections type="routesResponseTo" sourceAnchorX="0.6147540983606558" sourceAnchorY="1.0" targetAnchorX="0.06153846153846154" targetAnchorY="0.35772357723577236">
    <source href="assembly.xml#PagedGet"/>
    <target href="assembly.xml#CatchErrors0"/>
  </connections>
  <connections type="routesTo" sourceAnchorX="1.0" sourceAnchorY="0.17886178861788618" targetAnchorX="0.14925373134328357" targetAnchorY="0.2926829268292683">
    <source href="assembly.xml#CatchErrors0"/>
    <target href="assembly.xml#SplitonWorker"/>
  </connections>
  <connections type="routesTo" sourceAnchorX="0.5909090909090909" sourceAnchorY="1.0" targetAnchorX="0.04895104895104895" targetAnchorY="0.6979166666666666">
    <source href="assembly.xml#ImportPayrollInput"/>
    <target href="assembly.xml#InputFile"/>
  </connections>
  <connections type="routesTo" sourceAnchorX="1.0" sourceAnchorY="0.2916666666666667" targetAnchorX="0.26976744186046514" targetAnchorY="0.1524390243902439">
    <source href="assembly.xml#InputFile"/>
    <target href="assembly.xml#Split"/>
  </connections>
  <connections type="routesTo" sourceAnchorX="1.0" sourceAnchorY="0.8823529411764706" targetAnchorX="0.035555555555555556" targetAnchorY="0.44881889763779526">
    <source href="assembly.xml#//@beans/@mixed.1/@splitter.3/@subRoute.0"/>
    <target href="assembly.xml#ValidateInputFile0"/>
  </connections>
  <connections type="routesTo" sourceAnchorX="0.8435754189944135" sourceAnchorY="1.0" targetAnchorX="0.1456953642384106" targetAnchorY="0.4645669291338583">
    <source href="assembly.xml#AuditRecords"/>
    <target href="assembly.xml#AsyncMediation20"/>
  </connections>
  <connections type="routesTo" sourceAnchorX="1.0" sourceAnchorY="0.5118110236220472" targetAnchorX="0.34615384615384615" targetAnchorY="0.3490566037735849">
    <source href="assembly.xml#AsyncMediation20"/>
    <target href="assembly.xml#Aggregator0"/>
  </connections>
  <connections type="routesTo" sourceAnchorX="1.0" sourceAnchorY="0.24528301886792453" targetAnchorX="0.4900662251655629" targetAnchorY="0.5978260869565217">
    <source href="assembly.xml#Aggregator0"/>
    <target href="assembly.xml#AsyncMediation3"/>
  </connections>
  <connections type="routesTo" sourceAnchorX="1.0" sourceAnchorY="0.3700787401574803" targetAnchorX="0.3898305084745763" targetAnchorY="0.35135135135135137">
    <source href="assembly.xml#AsyncMediation3"/>
    <target href="assembly.xml#PutErrorFile"/>
  </connections>
  <connections type="routesResponseTo" sourceAnchorX="0.5879396984924623" sourceAnchorY="1.0" targetAnchorX="0.6390243902439025" targetAnchorY="0.5675675675675675">
    <source href="assembly.xml#CallBatchErrorFile"/>
    <target href="assembly.xml#PutIntegrationMessage"/>
  </connections>
  <connections type="routesTo" sourceAnchorX="0.7013888888888888" sourceAnchorY="1.0" targetAnchorX="0.6747572815533981" targetAnchorY="0.7567567567567568">
    <source href="assembly.xml#//@beans/@mixed.1/@mixed.123/@mixed.3"/>
    <target href="assembly.xml#CallWriteError3"/>
  </connections>
  <connections type="routesTo" sourceAnchorX="0.46710526315789475" sourceAnchorY="1.0" targetAnchorX="0.6325301204819277" targetAnchorY="0.5675675675675675">
    <source href="assembly.xml#//@beans/@mixed.1/@mixed.129/@mixed.3"/>
    <target href="assembly.xml#CallWriteError30"/>
  </connections>
  <connections type="routesResponseTo" sourceAnchorX="0.8736263736263736" sourceAnchorY="1.0" targetAnchorX="0.10588235294117647" targetAnchorY="0.5135135135135135">
    <source href="assembly.xml#CallWriteError1002"/>
    <target href="assembly.xml#CallAuditRecords"/>
  </connections>
  <connections type="routesTo" sourceAnchorX="0.46357615894039733" sourceAnchorY="1.0" targetAnchorX="0.4768211920529801" targetAnchorY="0.8854166666666666">
    <source href="assembly.xml#BatchErrorFile"/>
    <target href="assembly.xml#AsyncMediation2"/>
  </connections>
  <connections type="routesTo" sourceAnchorX="0.0" sourceAnchorY="0.17708333333333334" targetAnchorX="0.45384615384615384" targetAnchorY="0.7264150943396226">
    <source href="assembly.xml#AsyncMediation2"/>
    <target href="assembly.xml#Aggregator0"/>
  </connections>
  <connections type="routesTo" sourceAnchorX="0.6024096385542169" sourceAnchorY="1.0" targetAnchorX="0.5231788079470199" targetAnchorY="0.2604166666666667">
    <source href="assembly.xml#CloseAggregator"/>
    <target href="assembly.xml#AsyncMediation4"/>
  </connections>
  <connections type="routesTo" sourceAnchorX="0.0" sourceAnchorY="0.25" targetAnchorX="0.5344827586206896" targetAnchorY="0.009433962264150943">
    <source href="assembly.xml#AsyncMediation4"/>
    <target href="assembly.xml#Aggregator"/>
  </connections>
  <connections type="routesTo" sourceAnchorX="1.0" sourceAnchorY="0.2755905511811024" targetAnchorX="0.12574850299401197" targetAnchorY="0.15853658536585366">
    <source href="assembly.xml#FileProps"/>
    <target href="assembly.xml#SplitonLeaveStatus"/>
  </connections>
  <connections type="routesTo" sourceAnchorX="0.5974025974025974" sourceAnchorY="1.0" targetAnchorX="0.18012422360248448" targetAnchorY="0.375">
    <source href="assembly.xml#//@beans/@mixed.1/@splitter.4/@subRoute.0"/>
    <target href="assembly.xml#AsyncMediation6"/>
  </connections>
  <connections type="routesTo" sourceAnchorX="0.6421568627450981" sourceAnchorY="1.0" targetAnchorX="0.10843373493975904" targetAnchorY="0.0">
    <source href="assembly.xml#//@beans/@mixed.1/@mixed.49/@mixed.3"/>
    <target href="assembly.xml#CallWriteError20"/>
  </connections>
  <connections type="routesTo" sourceAnchorX="0.45454545454545453" sourceAnchorY="1.0" targetAnchorX="0.4578313253012048" targetAnchorY="0.13513513513513514">
    <source href="assembly.xml#//@beans/@mixed.1/@mixed.149/@mixed.3"/>
    <target href="assembly.xml#CallWriteError20"/>
  </connections>
  <connections type="routesResponseTo" sourceAnchorX="0.7888198757763976" sourceAnchorY="0.6756756756756757" targetAnchorX="0.5189873417721519" targetAnchorY="0.6486486486486487">
    <source href="assembly.xml#CallGetWorkers"/>
    <target href="assembly.xml#CallImportPayrollInput"/>
    <bendpoints sourceX="117" sourceY="-14" targetX="-132" targetY="255"/>
    <bendpoints sourceX="137" sourceY="-281" targetX="-140"/>
  </connections>
  <connections type="routesTo" sourceAnchorX="0.5196078431372549" sourceAnchorY="1.0" targetAnchorX="0.43636363636363634" targetAnchorY="0.35135135135135137">
    <source href="assembly.xml#//@beans/@mixed.1/@mixed.117/@mixed.3"/>
    <target href="assembly.xml#CallWriteError11"/>
  </connections>
  <connections type="routesResponseTo" sourceAnchorX="0.8253012048192772" sourceAnchorY="1.0" targetAnchorX="0.24503311258278146" targetAnchorY="0.21739130434782608">
    <source href="assembly.xml#CallWriteError20"/>
    <target href="assembly.xml#AsyncMediation7"/>
  </connections>
  <connections type="routesTo" sourceAnchorX="0.6258503401360545" sourceAnchorY="1.0" targetAnchorX="0.6820809248554913" targetAnchorY="0.40540540540540543">
    <source href="assembly.xml#//@beans/@mixed.1/@mixed.113/@mixed.3"/>
    <target href="assembly.xml#CallWriteError110"/>
  </connections>
  <connections type="routesTo" sourceAnchorX="1.0" sourceAnchorY="0.1732283464566929" targetAnchorX="0.1896551724137931" targetAnchorY="0.20754716981132076">
    <source href="assembly.xml#ValidateInputFile0"/>
    <target href="assembly.xml#AggInputsInBatch"/>
  </connections>
  <connections type="routesTo" sourceAnchorX="0.49411764705882355" sourceAnchorY="1.0" targetAnchorX="0.6225165562913907" targetAnchorY="0.15625">
    <source href="assembly.xml#BatchPayrollInput"/>
    <target href="assembly.xml#AsyncMediation0"/>
  </connections>
  <connections type="routesTo" sourceAnchorX="0.0" sourceAnchorY="0.34375" targetAnchorX="0.5057471264367817" targetAnchorY="0.2641509433962264">
    <source href="assembly.xml#AsyncMediation0"/>
    <target href="assembly.xml#AggInputsInBatch"/>
  </connections>
  <connections type="routesResponseTo" sourceAnchorX="0.5757575757575758" sourceAnchorY="1.0" targetAnchorX="0.5384615384615384" targetAnchorY="0.4864864864864865">
    <source href="assembly.xml#CallImportPayrollInput"/>
    <target href="assembly.xml#CallBatchPayrollInput"/>
  </connections>
  <connections type="routesResponseTo" sourceAnchorX="0.397196261682243" sourceAnchorY="1.0" targetAnchorX="0.6335403726708074" targetAnchorY="0.5135135135135135">
    <source href="assembly.xml#CallValidateFileContents"/>
    <target href="assembly.xml#CallGetWorkers"/>
  </connections>
  <connections type="routesTo" sourceAnchorX="1.0" sourceAnchorY="0.3783783783783784" targetAnchorX="0.08496732026143791" targetAnchorY="0.47244094488188976">
    <source href="assembly.xml#ReleaseBatch"/>
    <target href="assembly.xml#WrapWS"/>
  </connections>
  <connections type="routesTo" sourceAnchorX="0.547945205479452" sourceAnchorY="1.0" targetAnchorX="0.5755813953488372" targetAnchorY="0.5405405405405406">
    <source href="assembly.xml#//@beans/@mixed.1/@mixed.173/@mixed.3"/>
    <target href="assembly.xml#CallWriteError111"/>
  </connections>
  <connections type="routesTo" sourceAnchorX="1.0" sourceAnchorY="0.16535433070866143" targetAnchorX="0.363013698630137" targetAnchorY="0.1732283464566929">
    <source href="assembly.xml#WrapWS"/>
    <target href="assembly.xml#ValidationMode1"/>
  </connections>
  <connections type="routesTo" sourceAnchorX="0.5323741007194245" sourceAnchorY="1.0" targetAnchorX="0.563953488372093" targetAnchorY="0.1891891891891892">
    <source href="assembly.xml#//@beans/@mixed.1/@mixed.175/@mixed.3"/>
    <target href="assembly.xml#CallWriteError111"/>
  </connections>
  <connections type="routesTo" sourceAnchorX="1.0" sourceAnchorY="0.2204724409448819" targetAnchorX="0.14634146341463414" targetAnchorY="0.6486486486486487">
    <source href="assembly.xml#ValidationMode1"/>
    <target href="assembly.xml#ImportWS"/>
  </connections>
  <connections type="routesResponseTo" sourceAnchorX="0.7967479674796748" sourceAnchorY="1.0" targetAnchorX="0.13141025641025642" targetAnchorY="0.14960629921259844">
    <source href="assembly.xml#ImportWS"/>
    <target href="assembly.xml#ImportProcDetails"/>
  </connections>
  <connections type="routesTo" sourceAnchorX="1.0" sourceAnchorY="0.2204724409448819" targetAnchorX="0.3333333333333333" targetAnchorY="0.29245283018867924">
    <source href="assembly.xml#ImportProcDetails"/>
    <target href="assembly.xml#AggImportResponses"/>
  </connections>
  <connections type="routesTo" sourceAnchorX="0.6748768472906403" sourceAnchorY="1.0" targetAnchorX="0.6490066225165563" targetAnchorY="0.9270833333333334">
    <source href="assembly.xml#BatchImportResponse"/>
    <target href="assembly.xml#AsyncMediation1"/>
  </connections>
  <connections type="routesTo" sourceAnchorX="0.0" sourceAnchorY="0.16666666666666666" targetAnchorX="0.4644808743169399" targetAnchorY="0.8490566037735849">
    <source href="assembly.xml#AsyncMediation1"/>
    <target href="assembly.xml#AggImportResponses"/>
  </connections>
  <connections type="routesTo" sourceAnchorX="1.0" sourceAnchorY="0.33962264150943394" targetAnchorX="0.20618556701030927" targetAnchorY="0.15748031496062992">
    <source href="assembly.xml#AggImportResponses"/>
    <target href="assembly.xml#StoreImportProcDetails"/>
  </connections>
  <connections type="routesTo" sourceAnchorX="0.4721311475409836" sourceAnchorY="1.0" targetAnchorX="0.43333333333333335" targetAnchorY="0.5675675675675675">
    <source href="assembly.xml#//@beans/@mixed.1/@mixed.179/@mixed.3"/>
    <target href="assembly.xml#CallWriteError1110"/>
  </connections>
  <connections type="routesTo" sourceAnchorX="0.33689839572192515" sourceAnchorY="1.0" targetAnchorX="0.46808510638297873" targetAnchorY="0.2972972972972973">
    <source href="assembly.xml#//@beans/@mixed.1/@mixed.187/@mixed.3"/>
    <target href="assembly.xml#CallWriteError11100"/>
  </connections>
  <connections type="routesResponseTo" sourceAnchorX="0.46153846153846156" sourceAnchorY="1.0" targetAnchorX="0.5350877192982456" targetAnchorY="0.2702702702702703">
    <source href="assembly.xml#CallBatchPayrollInput"/>
    <target href="assembly.xml#CallBatchImportResponse"/>
  </connections>
  <connections type="routesResponseTo" sourceAnchorX="0.6008771929824561" sourceAnchorY="1.0" targetAnchorX="0.42613636363636365" targetAnchorY="0.3783783783783784">
    <source href="assembly.xml#CallBatchImportResponse"/>
    <target href="assembly.xml#CallBatchErrorFile"/>
  </connections>
  <connections type="routesTo" sourceAnchorX="1.0" sourceAnchorY="0.2125984251968504" targetAnchorX="0.2727272727272727" targetAnchorY="0.43243243243243246">
    <source href="assembly.xml#StoreImportProcDetails"/>
    <target href="assembly.xml#PutBatchFile"/>
  </connections>
  <connections type="routesTo" sourceAnchorX="0.5953488372093023" sourceAnchorY="1.0" targetAnchorX="0.09433962264150944" targetAnchorY="0.13541666666666666">
    <source href="assembly.xml#INT0091-AuditIntegration"/>
    <target href="assembly.xml#AsyncMediation12"/>
  </connections>
  <connections type="routesTo" sourceAnchorX="0.15789473684210525" sourceAnchorY="1.0" targetAnchorX="0.43037974683544306" targetAnchorY="0.5675675675675675">
    <source href="assembly.xml#//@beans/@mixed.1/@mixed.205/@mixed.3"/>
    <target href="assembly.xml#CallWriteError4"/>
  </connections>
  <connections type="routesTo" sourceAnchorX="1.0" sourceAnchorY="0.14960629921259844" targetAnchorX="0.16417910447761194" targetAnchorY="0.43243243243243246">
    <source href="assembly.xml#AsyncMediation12"/>
    <target href="assembly.xml#GetEventDocuments0"/>
  </connections>
  <connections type="routesTo" sourceAnchorX="1.0" sourceAnchorY="0.7567567567567568" targetAnchorX="0.21641791044776118" targetAnchorY="0.2978723404255319">
    <source href="assembly.xml#CreateAuditFile"/>
    <target href="assembly.xml#AsyncMediation8"/>
  </connections>
  <connections type="routesTo" sourceAnchorX="0.33689839572192515" sourceAnchorY="1.0" targetAnchorX="0.46808510638297873" targetAnchorY="0.2972972972972973">
    <source href="assembly.xml#//@beans/@mixed.1/@mixed.215/@mixed.3"/>
    <target href="assembly.xml#CallWriteError111000"/>
  </connections>
  <connections type="routesTo" sourceAnchorX="1.0" sourceAnchorY="0.29245283018867924" targetAnchorX="0.3118811881188119" targetAnchorY="0.18110236220472442">
    <source href="assembly.xml#AggInputsInBatch"/>
    <target href="assembly.xml#StoreImportProcDetails0"/>
  </connections>
  <connections type="routesTo" sourceAnchorX="1.0" sourceAnchorY="0.23622047244094488" targetAnchorX="0.25862068965517243" targetAnchorY="0.4594594594594595">
    <source href="assembly.xml#StoreImportProcDetails0"/>
    <target href="assembly.xml#CallReleaseBatch"/>
  </connections>
  <connections type="routesTo" sourceAnchorX="1.0" sourceAnchorY="0.2125984251968504" targetAnchorX="0.3333333333333333" targetAnchorY="0.12804878048780488">
    <source href="assembly.xml#AsyncMediation8"/>
    <target href="assembly.xml#Splitter1"/>
  </connections>
  <connections type="routesTo" sourceAnchorX="0.5347222222222222" sourceAnchorY="1.0" targetAnchorX="0.6204819277108434" targetAnchorY="0.6756756756756757">
    <source href="assembly.xml#//@beans/@mixed.1/@mixed.209/@mixed.3"/>
    <target href="assembly.xml#CallWriteError40"/>
  </connections>
  <connections type="routesTo" sourceAnchorX="1.0" sourceAnchorY="0.18085106382978725" targetAnchorX="0.38738738738738737" targetAnchorY="0.05384615384615385">
    <source href="assembly.xml#AsyncMediation9"/>
    <target href="assembly.xml#Route0"/>
  </connections>
  <connections type="routesTo" sourceAnchorX="0.7019230769230769" sourceAnchorY="1.0" targetAnchorX="0.4768211920529801" targetAnchorY="0.16666666666666666">
    <source href="assembly.xml#//@beans/@mixed.1/@splitter.5/@subRoute.0"/>
    <target href="assembly.xml#AsyncMediation9"/>
  </connections>
  <connections type="routesTo" sourceAnchorX="0.6180555555555556" sourceAnchorY="1.0" targetAnchorX="0.5843373493975904" targetAnchorY="0.21621621621621623">
    <source href="assembly.xml#//@beans/@mixed.1/@mixed.223/@mixed.3"/>
    <target href="assembly.xml#CallWriteError40"/>
  </connections>
  <connections type="routesTo" sourceAnchorX="1.0" sourceAnchorY="0.11702127659574468" targetAnchorX="0.1031390134529148" targetAnchorY="0.43243243243243246">
    <source href="assembly.xml#AsyncMediation30"/>
    <target href="assembly.xml#goAggregateSuccessAuditLog"/>
  </connections>
  <connections type="routesTo" sourceAnchorX="0.48148148148148145" sourceAnchorY="1.0" targetAnchorX="0.12578616352201258" targetAnchorY="0.1875">
    <source href="assembly.xml#//@beans/@mixed.1/@route.3/@subRoute.1"/>
    <target href="assembly.xml#AsyncMediation30"/>
  </connections>
  <connections type="routesTo" sourceAnchorX="1.0" sourceAnchorY="0.2127659574468085" targetAnchorX="0.2777777777777778" targetAnchorY="0.5405405405405406">
    <source href="assembly.xml#AsyncMediation40"/>
    <target href="assembly.xml#goAggregateAuditLog"/>
  </connections>
  <connections type="routesTo" sourceAnchorX="0.8258426966292135" sourceAnchorY="1.0" targetAnchorX="0.11949685534591195" targetAnchorY="0.1968503937007874">
    <source href="assembly.xml#GetResponseData"/>
    <target href="assembly.xml#AsyncMediation80"/>
  </connections>
  <connections type="routesResponseTo" sourceAnchorX="0.7213930348258707" sourceAnchorY="1.0" targetAnchorX="0.3710691823899371" targetAnchorY="0.11458333333333333">
    <source href="assembly.xml#GetEventDocuments0"/>
    <target href="assembly.xml#AsyncMediation10"/>
  </connections>
  <connections type="routesTo" sourceAnchorX="1.0" sourceAnchorY="0.2440944881889764" targetAnchorX="0.23717948717948717" targetAnchorY="0.07926829268292683">
    <source href="assembly.xml#AsyncMediation80"/>
    <target href="assembly.xml#SplitByInputBatch"/>
  </connections>
  <connections type="routesTo" sourceAnchorX="1.0" sourceAnchorY="0.1889763779527559" targetAnchorX="0.3315508021390374" targetAnchorY="0.2972972972972973">
    <source href="assembly.xml#PrepareImportMsgWS"/>
    <target href="assembly.xml#GetImportProcMsgs"/>
  </connections>
  <connections type="routesTo" sourceAnchorX="0.5357142857142857" sourceAnchorY="1.0" targetAnchorX="0.7108433734939759" targetAnchorY="0.4864864864864865">
    <source href="assembly.xml#//@beans/@mixed.1/@mixed.241/@mixed.3"/>
    <target href="assembly.xml#CallWriteError41"/>
  </connections>
  <connections type="routesTo" sourceAnchorX="0.9254385964912281" sourceAnchorY="1.0" targetAnchorX="0.4" targetAnchorY="0.25">
    <source href="assembly.xml#ProcessBatchResponses"/>
    <target href="assembly.xml#NoErrorCheck"/>
  </connections>
  <connections type="routesTo" sourceAnchorX="1.0" sourceAnchorY="0.40217391304347827" targetAnchorX="0.10857142857142857" targetAnchorY="0.13333333333333333">
    <source href="assembly.xml#NoErrorCheck"/>
    <target href="assembly.xml#SplitResponseMessage"/>
  </connections>
  <connections type="routesTo" sourceAnchorX="0.9135802469135802" sourceAnchorY="1.0" targetAnchorX="0.15294117647058825" targetAnchorY="0.25">
    <source href="assembly.xml#//@beans/@mixed.1/@splitter.7/@subRoute.0"/>
    <target href="assembly.xml#SaveToResponseHash"/>
  </connections>
  <connections type="routesTo" sourceAnchorX="0.5234375" sourceAnchorY="1.0" targetAnchorX="0.6379310344827587" targetAnchorY="0.43243243243243246">
    <source href="assembly.xml#//@beans/@mixed.1/@mixed.251/@mixed.3"/>
    <target href="assembly.xml#CallWriteError5"/>
  </connections>
  <connections type="routesTo" sourceAnchorX="0.4891304347826087" sourceAnchorY="1.0" targetAnchorX="0.5060240963855421" targetAnchorY="0.21621621621621623">
    <source href="assembly.xml#//@beans/@mixed.1/@mixed.247/@mixed.3"/>
    <target href="assembly.xml#CallWriteError50"/>
  </connections>
  <connections type="routesResponseTo" sourceAnchorX="0.6363636363636364" sourceAnchorY="1.0" targetAnchorX="0.124" targetAnchorY="0.3783783783783784">
    <source href="assembly.xml#GetImportProcMsgs"/>
    <target href="assembly.xml#CallProcessBatchResponses"/>
  </connections>
  <connections type="routesTo">
    <source href="assembly.xml#processIterator"/>
    <target href="assembly.xml#procStatus"/>
  </connections>
  <connections type="routesTo">
    <source href="assembly.xml#//@beans/@mixed.1/@route.4/@subRoute.0"/>
    <target href="assembly.xml#importStatusCall"/>
  </connections>
  <connections type="routesTo">
    <source href="assembly.xml#importStatusCall"/>
    <target href="assembly.xml#getImportProcessStatus"/>
  </connections>
  <connections type="routesTo" sourceAnchorX="0.15789473684210525" sourceAnchorY="1.0" targetAnchorX="0.6582278481012658" targetAnchorY="0.05405405405405406">
    <source href="assembly.xml#//@beans/@mixed.1/@mixed.237/@mixed.3"/>
    <target href="assembly.xml#CallWriteError4"/>
  </connections>
  <connections type="routesTo" sourceAnchorX="1.0" sourceAnchorY="0.192" targetAnchorX="0.18055555555555555" targetAnchorY="0.1891891891891892">
    <source href="assembly.xml#PrepGetResponse"/>
    <target href="assembly.xml#Call_GetImportStatus"/>
  </connections>
  <connections type="routesTo" sourceAnchorX="0.6853146853146853" sourceAnchorY="1.0" targetAnchorX="0.2331288343558282" targetAnchorY="0.10236220472440945">
    <source href="assembly.xml#//@beans/@mixed.1/@splitter.6/@subRoute.0"/>
    <target href="assembly.xml#PrepGetResponse"/>
  </connections>
  <connections type="routesTo" sourceAnchorX="0.532051282051282" sourceAnchorY="1.0" targetAnchorX="0.27710843373493976" targetAnchorY="0.4864864864864865">
    <source href="assembly.xml#//@beans/@mixed.1/@mixed.273/@mixed.3"/>
    <target href="assembly.xml#CallWriteError41"/>
  </connections>
  <connections type="routesResponseTo" sourceAnchorX="0.8418367346938775" sourceAnchorY="1.0" targetAnchorX="0.18719211822660098" targetAnchorY="0.1732283464566929">
    <source href="assembly.xml#Call_GetImportStatus"/>
    <target href="assembly.xml#PrepareImportMsgWS"/>
  </connections>
  <connections type="routesTo" sourceAnchorX="0.46226415094339623" sourceAnchorY="1.0" targetAnchorX="0.18681318681318682" targetAnchorY="0.2702702702702703">
    <source href="assembly.xml#//@beans/@mixed.1/@mixed.267/@mixed.3"/>
    <target href="assembly.xml#CallWriteError51"/>
  </connections>
  <connections type="routesTo" sourceAnchorX="0.6363636363636364" sourceAnchorY="1.0" targetAnchorX="0.6609195402298851" targetAnchorY="0.7297297297297297">
    <source href="assembly.xml#//@beans/@mixed.1/@mixed.263/@mixed.5"/>
    <target href="assembly.xml#CallWriteError510"/>
  </connections>
  <connections type="routesTo" sourceAnchorX="0.7524752475247525" sourceAnchorY="1.0" targetAnchorX="0.06289308176100629" targetAnchorY="0.3645833333333333">
    <source href="assembly.xml#//@beans/@mixed.1/@route.3/@subRoute.0"/>
    <target href="assembly.xml#AsyncMediation40"/>
  </connections>
  <connections type="routesTo" sourceAnchorX="0.0" sourceAnchorY="0.6" targetAnchorX="0.3333333333333333" targetAnchorY="0.08108108108108109">
    <source href="assembly.xml#//@beans/@mixed.1/@mixed.231/@mixed.3"/>
    <target href="assembly.xml#CallWriteError400"/>
  </connections>
  <connections type="routesTo" sourceAnchorX="0.0" sourceAnchorY="0.6666666666666666" targetAnchorX="0.27011494252873564" targetAnchorY="0.7567567567567568">
    <source href="assembly.xml#//@beans/@mixed.1/@mixed.227/@mixed.3"/>
    <target href="assembly.xml#CallWriteError400"/>
    <bendpoints sourceX="206" sourceY="5" targetX="175" targetY="224"/>
    <bendpoints sourceX="159" sourceY="-174" targetX="128" targetY="45"/>
  </connections>
  <connections type="routesTo" sourceAnchorX="1.0" sourceAnchorY="0.4864864864864865" targetAnchorX="0.40869565217391307" targetAnchorY="0.16981132075471697">
    <source href="assembly.xml#aggregateAuditLog"/>
    <target href="assembly.xml#Aggregator1"/>
  </connections>
  <connections type="routesTo" sourceAnchorX="1.0" sourceAnchorY="0.19811320754716982" targetAnchorX="0.37142857142857144" targetAnchorY="0.20212765957446807">
    <source href="assembly.xml#Aggregator1"/>
    <target href="assembly.xml#AsyncMediation11"/>
  </connections>
  <connections type="routesResponseTo" sourceAnchorX="0.5024630541871922" sourceAnchorY="1.0" targetAnchorX="0.16022099447513813" targetAnchorY="0.4594594594594595">
    <source href="assembly.xml#CallGetResponseData"/>
    <target href="assembly.xml#CallCreateAuditFile"/>
  </connections>
  <connections type="routesTo" sourceAnchorX="1.0" sourceAnchorY="0.3541666666666667" targetAnchorX="0.39436619718309857" targetAnchorY="0.5135135135135135">
    <source href="assembly.xml#AsyncMediation11"/>
    <target href="assembly.xml#PutIntegrationMessage11"/>
  </connections>
  <connections type="routesTo" sourceAnchorX="0.6180555555555556" sourceAnchorY="1.0" targetAnchorX="0.5843373493975904" targetAnchorY="0.21621621621621623">
    <source href="assembly.xml#//@beans/@mixed.1/@mixed.299/@mixed.3"/>
    <target href="assembly.xml#CallWriteError401"/>
  </connections>
  <connections type="routesTo" sourceAnchorX="0.8557692307692307" sourceAnchorY="1.0" targetAnchorX="0.27044025157232704" targetAnchorY="0.11811023622047244">
    <source href="assembly.xml#//@beans/@mixed.1/@splitter.8/@subRoute.0"/>
    <target href="assembly.xml#AsyncMediation90"/>
  </connections>
  <connections type="routesTo" sourceAnchorX="1.0" sourceAnchorY="0.1732283464566929" targetAnchorX="0.2807017543859649" targetAnchorY="0.10810810810810811">
    <source href="assembly.xml#AsyncMediation90"/>
    <target href="assembly.xml#goAggregateAuditErrorLog"/>
  </connections>
  <connections type="routesTo" sourceAnchorX="1.0" sourceAnchorY="0.2125984251968504" targetAnchorX="0.12307692307692308" targetAnchorY="0.10810810810810811">
    <source href="assembly.xml#AsyncMediation10"/>
    <target href="assembly.xml#CallMergeAuditErrors"/>
  </connections>
  <connections type="routesResponseTo" sourceAnchorX="0.4153846153846154" sourceAnchorY="1.0" targetAnchorX="0.6009852216748769" targetAnchorY="0.2702702702702703">
    <source href="assembly.xml#CallMergeAuditErrors"/>
    <target href="assembly.xml#CallGetResponseData"/>
  </connections>
  <connections type="routesResponseTo" sourceAnchorX="0.425414364640884" sourceAnchorY="1.0" targetAnchorX="0.6139240506329114" targetAnchorY="0.3783783783783784">
    <source href="assembly.xml#CallCreateAuditFile"/>
    <target href="assembly.xml#CallAggregateAuditRecords"/>
  </connections>
  <connections type="routesTo" sourceAnchorX="0.6352941176470588" sourceAnchorY="1.0" targetAnchorX="0.0440251572327044" targetAnchorY="0.21138211382113822">
    <source href="assembly.xml#MergeAuditErrors"/>
    <target href="assembly.xml#AsyncMediation13"/>
  </connections>
  <connections type="routesTo" sourceAnchorX="1.0" sourceAnchorY="0.18110236220472442" targetAnchorX="0.4017094017094017" targetAnchorY="0.14634146341463414">
    <source href="assembly.xml#AsyncMediation13"/>
    <target href="assembly.xml#Splitter10"/>
  </connections>
  <connections type="routesTo" sourceAnchorX="0.6710526315789473" sourceAnchorY="1.0" targetAnchorX="0.29310344827586204" targetAnchorY="0.24324324324324326">
    <source href="assembly.xml#//@beans/@mixed.1/@mixed.307/@mixed.3"/>
    <target href="assembly.xml#CallWriteError401"/>
  </connections>
  <connections type="routesTo" sourceAnchorX="1.0" sourceAnchorY="0.23622047244094488" targetAnchorX="0.5470085470085471" targetAnchorY="0.13414634146341464">
    <source href="assembly.xml#procStatus"/>
    <target href="assembly.xml#router"/>
  </connections>
  <connections type="routesResponseTo" sourceAnchorX="0.5260115606936416" sourceAnchorY="1.0" targetAnchorX="0.6123595505617978" targetAnchorY="0.4594594594594595">
    <source href="assembly.xml#CallWriteError110"/>
    <target href="assembly.xml#CallAuditRecords1"/>
  </connections>
  <connections type="routesTo" sourceAnchorX="0.7413793103448276" sourceAnchorY="1.0" targetAnchorX="0.7417582417582418" targetAnchorY="0.5945945945945946">
    <source href="assembly.xml#//@beans/@mixed.1/@mixed.285/@mixed.3"/>
    <target href="assembly.xml#CallWriteError4010"/>
  </connections>
  <connections type="routesResponseTo" sourceAnchorX="0.7315789473684211" sourceAnchorY="1.0" targetAnchorX="0.7676767676767676" targetAnchorY="0.6486486486486487">
    <source href="assembly.xml#CallWriteError10010"/>
    <target href="assembly.xml#CallWriteWarning1"/>
  </connections>
  <connections type="routesResponseTo" sourceAnchorX="0.6714285714285714" sourceAnchorY="1.0" targetAnchorX="0.3045977011494253" targetAnchorY="0.5135135135135135">
    <source href="assembly.xml#CallWriteInfo"/>
    <target href="assembly.xml#CallWriteError410"/>
  </connections>
  <connections type="routesTo" sourceAnchorX="0.5592105263157895" sourceAnchorY="1.0" targetAnchorX="0.5714285714285714" targetAnchorY="0.5675675675675675">
    <source href="assembly.xml#//@beans/@mixed.1/@mixed.235/@mixed.3"/>
    <target href="assembly.xml#CallWriteInfo"/>
  </connections>
  <swimlanes x="34" y="179" font="Arial|11|1" fontColor="1" name="Main Assembly">
    <elements href="assembly.xml#StartHere"/>
    <elements href="#//@swimlanes.1"/>
    <elements href="#//@swimlanes.5"/>
    <elements href="#//@swimlanes.21"/>
  </swimlanes>
  <swimlanes x="732" y="178" name="Initialize" orientation="VERTICAL">
    <elements href="assembly.xml#Initialize-Props"/>
    <elements href="assembly.xml#CallWriteError1"/>
  </swimlanes>
  <swimlanes x="1154" y="71" font="Arial|9|1" bgColor="14671839" fgColor="255" fontColor="1" name="Global Error Handler" topBorderColor="255">
    <elements href="assembly.xml#//@beans/@mixed.1/@mixed.9"/>
    <elements href="assembly.xml#LogError"/>
    <elements href="assembly.xml#PutIntegrationEvent"/>
  </swimlanes>
  <swimlanes name="File Retrieval" orientation="VERTICAL" alignment="MIDDLE">
    <elements href="assembly.xml#AsyncMediation5"/>
    <elements href="assembly.xml#CallWriteError10"/>
  </swimlanes>
  <swimlanes x="52" y="712" font="Arial|9|1" fgColor="16711680" fontColor="1" name="RETRIEVE INPUT FILE">
    <elements href="assembly.xml#RetrieveFile"/>
    <elements href="assembly.xml#AsyncMediation"/>
    <elements href="#//@swimlanes.14"/>
    <elements href="#//@swimlanes.33"/>
    <elements href="#//@swimlanes.3"/>
  </swimlanes>
  <swimlanes x="550" y="160" name="Call Subroutines" orientation="VERTICAL">
    <elements href="assembly.xml#CallRetrieveFile"/>
    <elements href="assembly.xml#CallProcessInputFile"/>
    <elements href="assembly.xml#CallCloseAggregator"/>
    <elements href="assembly.xml#CallValidateFileContents"/>
    <elements href="assembly.xml#CallGetWorkers"/>
  </swimlanes>
  <swimlanes name="Swimlane" orientation="VERTICAL">
    <elements href="assembly.xml#CatchErrors"/>
    <elements href="assembly.xml#CallWriteError1001"/>
  </swimlanes>
  <swimlanes name="Swimlane" orientation="VERTICAL">
    <elements href="assembly.xml#RecordEval"/>
    <elements href="assembly.xml#CallWriteError1000"/>
  </swimlanes>
  <swimlanes name="Swimlane" orientation="VERTICAL">
    <elements href="assembly.xml#TransformInputFile"/>
    <elements href="#//@swimlanes.34"/>
    <elements href="assembly.xml#CallProcessTrailerRecord"/>
  </swimlanes>
  <swimlanes name="Swimlane" orientation="VERTICAL">
    <elements href="assembly.xml#CloseAggregator"/>
    <elements href="assembly.xml#AsyncMediation4"/>
    <elements href="assembly.xml#Aggregator"/>
  </swimlanes>
  <swimlanes x="36" y="1289" font="Arial|9|1" bgColor="13613223" fontColor="1" name="PROCESS INPUT FILE">
    <elements href="assembly.xml#ProcessInputFile"/>
    <elements href="#//@swimlanes.6"/>
    <elements href="assembly.xml#SplittinInputFile"/>
    <elements href="#//@swimlanes.7"/>
    <elements href="assembly.xml#TypeOfRecord"/>
    <elements href="#//@swimlanes.8"/>
    <elements href="#//@swimlanes.9"/>
  </swimlanes>
  <swimlanes x="1154" y="481" font="Arial|9|1" bgColor="13613223" fontColor="1" name="Process Trailer Record from Input file">
    <elements href="assembly.xml#ProcessTrailerRecord"/>
    <elements href="#//@swimlanes.12"/>
  </swimlanes>
  <swimlanes x="1474" y="605" name="Swimlane" orientation="VERTICAL">
    <elements href="assembly.xml#TransformInputFile0"/>
    <elements href="assembly.xml#CallWriteError"/>
  </swimlanes>
  <swimlanes x="441" y="860" font="Arial|9|3" bgColor="8421631" fontColor="1" name="NoFileFound" orientation="VERTICAL">
    <elements href="assembly.xml#CallWriteError100"/>
  </swimlanes>
  <swimlanes x="391" y="548" name="Swimlane" orientation="VERTICAL">
    <elements href="assembly.xml#EvalFile"/>
  </swimlanes>
  <swimlanes name="Swimlane" orientation="VERTICAL">
    <elements href="assembly.xml#WriteGetWorker"/>
    <elements href="assembly.xml#CallWriteError10010"/>
    <elements href="assembly.xml#CallWriteWarning1"/>
  </swimlanes>
  <swimlanes name="Swimlane" orientation="VERTICAL">
    <elements href="assembly.xml#EvalErrorFlag"/>
    <elements href="assembly.xml#CallCleanInvalidEEIds"/>
    <elements href="assembly.xml#CallWriteError10000"/>
  </swimlanes>
  <swimlanes name="Swimlane" orientation="VERTICAL">
    <elements href="assembly.xml#FileProps"/>
  </swimlanes>
  <swimlanes x="36" y="1872" font="Arial|10|1" bgColor="13088969" fontColor="1" name="Submit GetWorkers">
    <elements href="assembly.xml#GetWorkers"/>
    <elements href="#//@swimlanes.15"/>
    <elements href="#//@swimlanes.16"/>
    <elements href="assembly.xml#PagedGet"/>
    <elements href="#//@swimlanes.26"/>
    <elements href="assembly.xml#SplitonWorker"/>
    <elements href="#//@swimlanes.17"/>
    <elements href="#//@swimlanes.36"/>
  </swimlanes>
  <swimlanes name="Swimlane" orientation="VERTICAL">
    <elements href="assembly.xml#ValidateContents"/>
    <elements href="assembly.xml#CallWriteError0"/>
  </swimlanes>
  <swimlanes x="1158" y="868" font="Arial|9|1" bgColor="13613223" fontColor="1" name="Validate Trailer totals with Actual File Contents">
    <elements href="assembly.xml#ValidateInputFileCounters"/>
    <elements href="#//@swimlanes.19"/>
  </swimlanes>
  <swimlanes x="824" y="147" name="Continue Processing" orientation="VERTICAL">
    <elements href="assembly.xml#CallImportPayrollInput"/>
    <elements href="assembly.xml#CallBatchPayrollInput"/>
    <elements href="assembly.xml#CallBatchImportResponse"/>
    <elements href="assembly.xml#CallBatchErrorFile"/>
    <elements href="assembly.xml#PutIntegrationMessage"/>
  </swimlanes>
  <swimlanes name="CleanRequest" orientation="VERTICAL">
    <elements href="assembly.xml#CreateCleanGetWorkersCall"/>
    <elements href="assembly.xml#CallWriteError100100"/>
  </swimlanes>
  <swimlanes name="RemoveWorker" orientation="VERTICAL">
    <elements href="assembly.xml#DeleteInvalidIDs"/>
  </swimlanes>
  <swimlanes x="44" y="2531" font="Arial|9|1" bgColor="13088969" fontColor="1" name="Clean Invalid EE IDs">
    <elements href="assembly.xml#CleanInvalidEEids"/>
    <elements href="#//@swimlanes.22"/>
    <elements href="assembly.xml#SplitInvalidIDS"/>
    <elements href="#//@swimlanes.23"/>
  </swimlanes>
  <swimlanes x="1158" y="237" font="Arial|9|1" fontColor="1" name="LogError And Stop Processing" topBorderColor="255">
    <elements href="assembly.xml#WriteError"/>
    <elements href="assembly.xml#AbortProcess211"/>
    <elements href="assembly.xml#WriteErrorToEvent"/>
  </swimlanes>
  <swimlanes x="975" y="1762" name="Swimlane" orientation="VERTICAL">
    <elements href="assembly.xml#CatchErrors0"/>
    <elements href="assembly.xml#CallWriteError2"/>
  </swimlanes>
  <swimlanes name="Swimlane" orientation="VERTICAL">
    <elements href="assembly.xml#ValidateInputFile0"/>
    <elements href="assembly.xml#CallWriteError110"/>
    <elements href="assembly.xml#CallAuditRecords1"/>
  </swimlanes>
  <swimlanes x="52" y="2984" font="Arial|11|1" bgColor="12044992" fontColor="1" name="Import Payroll Input">
    <elements href="assembly.xml#ImportPayrollInput"/>
    <elements href="#//@swimlanes.38"/>
    <elements href="assembly.xml#Split"/>
    <elements href="#//@swimlanes.27"/>
    <elements href="#//@swimlanes.39"/>
    <elements href="#//@swimlanes.51"/>
    <elements href="assembly.xml#CallReleaseBatch"/>
  </swimlanes>
  <swimlanes name="Swimlane" orientation="VERTICAL">
    <elements href="assembly.xml#AsyncMediation20"/>
    <elements href="assembly.xml#CallWriteError30"/>
  </swimlanes>
  <swimlanes name="Swimlane" orientation="VERTICAL">
    <elements href="assembly.xml#Aggregator0"/>
    <elements href="assembly.xml#AsyncMediation2"/>
    <elements href="assembly.xml#BatchErrorFile"/>
  </swimlanes>
  <swimlanes name="Swimlane" orientation="VERTICAL">
    <elements href="assembly.xml#AsyncMediation3"/>
    <elements href="assembly.xml#CallWriteError3"/>
  </swimlanes>
  <swimlanes x="45" y="4165" font="Arial|12|1" bgColor="11905241" fontColor="1" name="Error  Audit Records">
    <elements href="assembly.xml#AuditRecords"/>
    <elements href="#//@swimlanes.29"/>
    <elements href="#//@swimlanes.30"/>
    <elements href="#//@swimlanes.31"/>
    <elements href="assembly.xml#PutErrorFile"/>
  </swimlanes>
  <swimlanes x="664" y="675" name="Router" orientation="VERTICAL">
    <elements href="assembly.xml#Route"/>
    <elements href="#//@swimlanes.13"/>
  </swimlanes>
  <swimlanes x="1146" y="1528" name="Swimlane">
    <elements href="assembly.xml#CallWriteError1002"/>
    <elements href="assembly.xml#CallAuditRecords"/>
  </swimlanes>
  <swimlanes x="1499" y="2332" name="Swimlane">
    <elements href="assembly.xml#CallWriteError20"/>
    <elements href="assembly.xml#AsyncMediation7"/>
  </swimlanes>
  <swimlanes x="1720" y="1986" name="validate EEs on LTD " orientation="VERTICAL" elements="//@swimlanes.37 //@swimlanes.35"/>
  <swimlanes x="1557" y="1957" name="Swimlane">
    <elements href="assembly.xml#SplitonLeaveStatus"/>
    <elements href="assembly.xml#AsyncMediation6"/>
  </swimlanes>
  <swimlanes x="267" y="3133" name="Swimlane" orientation="VERTICAL">
    <elements href="assembly.xml#InputFile"/>
    <elements href="assembly.xml#CallWriteError11"/>
  </swimlanes>
  <swimlanes x="869" y="3072" name="Swimlane" orientation="VERTICAL">
    <elements href="assembly.xml#AggInputsInBatch"/>
    <elements href="assembly.xml#AsyncMediation0"/>
    <elements href="assembly.xml#BatchPayrollInput"/>
  </swimlanes>
  <swimlanes name="Swimlane" orientation="VERTICAL">
    <elements href="#//@swimlanes.42"/>
    <elements href="assembly.xml#CallWriteError111"/>
  </swimlanes>
  <swimlanes x="52" y="3503" font="Arial|11|1" bgColor="12044992" fontColor="1" name="Release Batch (Call Webservice to Import Payroll Input)">
    <elements href="assembly.xml#ReleaseBatch"/>
    <elements href="#//@swimlanes.40"/>
    <elements href="assembly.xml#ImportWS"/>
    <elements href="#//@swimlanes.43"/>
  </swimlanes>
  <swimlanes x="503" y="3700" name="Swimlane">
    <elements href="assembly.xml#WrapWS"/>
    <elements href="assembly.xml#ValidationMode1"/>
  </swimlanes>
  <swimlanes x="750" y="3667" name="Swimlane">
    <elements href="#//@swimlanes.45"/>
    <elements href="#//@swimlanes.44"/>
    <elements href="#//@swimlanes.46"/>
    <elements href="assembly.xml#PutBatchFile"/>
  </swimlanes>
  <swimlanes x="1173" y="3696" name="Swimlane" orientation="VERTICAL">
    <elements href="assembly.xml#AggImportResponses"/>
    <elements href="assembly.xml#AsyncMediation1"/>
    <elements href="assembly.xml#BatchImportResponse"/>
  </swimlanes>
  <swimlanes x="819" y="3841" name="Swimlane" orientation="VERTICAL">
    <elements href="assembly.xml#ImportProcDetails"/>
    <elements href="assembly.xml#CallWriteError1110"/>
  </swimlanes>
  <swimlanes x="1460" y="3750" name="Swimlane" orientation="VERTICAL">
    <elements href="assembly.xml#StoreImportProcDetails"/>
    <elements href="assembly.xml#CallWriteError11100"/>
  </swimlanes>
  <swimlanes x="52" y="4799" font="Arial|10|1" fontColor="1" name="Initialize Audit Integration" topBorderColor="65535">
    <elements href="assembly.xml#INT0091-AuditIntegration"/>
    <elements href="#//@swimlanes.48"/>
    <elements href="#//@swimlanes.49"/>
    <elements href="#//@swimlanes.68"/>
  </swimlanes>
  <swimlanes x="292" y="4865" name="Swimlane" orientation="VERTICAL">
    <elements href="assembly.xml#AsyncMediation12"/>
    <elements href="assembly.xml#CallWriteError4"/>
  </swimlanes>
  <swimlanes x="517" y="4915" name="Swimlane" orientation="VERTICAL">
    <elements href="assembly.xml#GetEventDocuments0"/>
    <elements href="assembly.xml#AsyncMediation10"/>
  </swimlanes>
  <swimlanes x="34" y="6672" font="Arial|10|1" fontColor="1" name="Create Audit File" topBorderColor="65535">
    <elements href="assembly.xml#CreateAuditFile"/>
    <elements href="#//@swimlanes.52"/>
    <elements href="assembly.xml#Splitter1"/>
    <elements href="#//@swimlanes.53"/>
    <elements href="assembly.xml#Route0"/>
    <elements href="#//@swimlanes.54"/>
  </swimlanes>
  <swimlanes x="1872" y="3231" name="Swimlane" orientation="VERTICAL">
    <elements href="assembly.xml#StoreImportProcDetails0"/>
    <elements href="assembly.xml#CallWriteError111000"/>
  </swimlanes>
  <swimlanes x="286" y="5335" name="Swimlane" orientation="VERTICAL">
    <elements href="assembly.xml#AsyncMediation8"/>
  </swimlanes>
  <swimlanes x="653" y="5322" name="Swimlane" orientation="VERTICAL">
    <elements href="assembly.xml#AsyncMediation9"/>
    <elements href="assembly.xml#CallWriteError40"/>
  </swimlanes>
  <swimlanes x="1004" y="5350" name="Swimlane" orientation="VERTICAL">
    <elements href="#//@swimlanes.56"/>
    <elements href="assembly.xml#CallWriteError400"/>
    <elements href="#//@swimlanes.55"/>
  </swimlanes>
  <swimlanes x="1172" y="5229" name="Success">
    <elements href="assembly.xml#AsyncMediation30"/>
    <elements href="assembly.xml#goAggregateSuccessAuditLog"/>
  </swimlanes>
  <swimlanes x="1679" y="5445" name="Error">
    <elements href="assembly.xml#AsyncMediation40"/>
    <elements href="assembly.xml#goAggregateAuditLog"/>
  </swimlanes>
  <swimlanes x="36" y="5225" name="Get Import Response Data" topBorderColor="65535">
    <elements href="assembly.xml#GetResponseData"/>
    <elements href="#//@swimlanes.58"/>
    <elements href="assembly.xml#SplitByInputBatch"/>
    <elements href="#//@swimlanes.66"/>
    <elements href="assembly.xml#Call_GetImportStatus"/>
    <elements href="#//@swimlanes.59"/>
    <elements href="assembly.xml#GetImportProcMsgs"/>
    <elements href="assembly.xml#CallProcessBatchResponses"/>
  </swimlanes>
  <swimlanes x="831" y="5582" name="Swimlane" orientation="VERTICAL">
    <elements href="assembly.xml#AsyncMediation80"/>
    <elements href="#//@swimlanes.73"/>
  </swimlanes>
  <swimlanes x="754" y="5307" name="Swimlane" orientation="VERTICAL">
    <elements href="assembly.xml#PrepareImportMsgWS"/>
    <elements href="assembly.xml#CallWriteError41"/>
  </swimlanes>
  <swimlanes bgColor="14671839" fgColor="12632256" name="Swimlane" orientation="VERTICAL" alignment="MIDDLE" topBorderColor="12632256">
    <elements href="assembly.xml#NoErrorCheck"/>
    <elements href="assembly.xml#CallWriteError5"/>
  </swimlanes>
  <swimlanes bgColor="14671839" fgColor="12632256" name="Swimlane" orientation="VERTICAL" alignment="MIDDLE" topBorderColor="12632256">
    <elements href="assembly.xml#SaveToResponseHash"/>
    <elements href="assembly.xml#CallWriteError50"/>
  </swimlanes>
  <swimlanes x="34" y="6285" bgColor="16777215" fgColor="8454143" name="Process Responses" topBorderColor="8454143">
    <elements href="assembly.xml#ProcessBatchResponses"/>
    <elements href="#//@swimlanes.60"/>
    <elements href="assembly.xml#SplitResponseMessage"/>
    <elements href="#//@swimlanes.61"/>
  </swimlanes>
  <swimlanes bgColor="14671839" fgColor="12632256" name="Swimlane" orientation="VERTICAL" alignment="MIDDLE" topBorderColor="12632256">
    <elements href="assembly.xml#procStatus"/>
    <elements href="assembly.xml#CallWriteError51"/>
  </swimlanes>
  <swimlanes bgColor="14671839" fgColor="12632256" name="Swimlane" orientation="VERTICAL" alignment="MIDDLE" topBorderColor="12632256">
    <elements href="assembly.xml#importStatusCall"/>
    <elements href="assembly.xml#CallWriteError510"/>
  </swimlanes>
  <swimlanes x="44" y="5853" bgColor="16777215" fgColor="8454143" name="Get Import Completion Status" topBorderColor="8454143">
    <elements href="assembly.xml#processIterator"/>
    <elements href="#//@swimlanes.63"/>
    <elements href="assembly.xml#router"/>
    <elements href="#//@swimlanes.64"/>
    <elements href="assembly.xml#getImportProcessStatus"/>
  </swimlanes>
  <swimlanes x="1370" y="5610" bgColor="14671839" fgColor="12632256" name="Swimlane" orientation="VERTICAL" alignment="MIDDLE" topBorderColor="12632256">
    <elements href="assembly.xml#PrepGetResponse"/>
  </swimlanes>
  <swimlanes x="79" y="7890" name="Aggregate Audit Messages" topBorderColor="65535">
    <elements href="assembly.xml#aggregateAuditLog"/>
    <elements href="assembly.xml#Aggregator1"/>
    <elements href="#//@swimlanes.72"/>
    <elements href="assembly.xml#PutIntegrationMessage11"/>
  </swimlanes>
  <swimlanes x="770" y="4932" name="Swimlane" orientation="VERTICAL">
    <elements href="assembly.xml#CallMergeAuditErrors"/>
    <elements href="assembly.xml#CallGetResponseData"/>
    <elements href="assembly.xml#CallCreateAuditFile"/>
    <elements href="assembly.xml#CallAggregateAuditRecords"/>
  </swimlanes>
  <swimlanes x="52" y="7423" name="Swimlane">
    <elements href="assembly.xml#MergeAuditErrors"/>
    <elements href="#//@swimlanes.70"/>
    <elements href="assembly.xml#Splitter10"/>
    <elements href="#//@swimlanes.71"/>
    <elements href="assembly.xml#goAggregateAuditErrorLog"/>
  </swimlanes>
  <swimlanes x="276" y="7503" name="Swimlane">
    <elements href="assembly.xml#AsyncMediation13"/>
  </swimlanes>
  <swimlanes x="878" y="7594" name="Swimlane" orientation="VERTICAL">
    <elements href="assembly.xml#AsyncMediation90"/>
    <elements href="assembly.xml#CallWriteError401"/>
  </swimlanes>
  <swimlanes x="432" y="7806" name="Swimlane" orientation="VERTICAL">
    <elements href="assembly.xml#AsyncMediation11"/>
    <elements href="assembly.xml#CallWriteError4010"/>
  </swimlanes>
  <swimlanes x="306" y="5621" name="Swimlane">
    <elements href="assembly.xml#CallWriteInfo"/>
    <elements href="assembly.xml#CallWriteError410"/>
  </swimlanes>
</wdnm:Diagram>
