<?xml version="1.0" encoding="UTF-8"?>
<wdnm:Diagram xmlns:wdnm="http://workday.com/studio/editors/notation">
  <element href="assembly.xml#WorkdayAssembly"/>
  <visualProperties x="26" y="109">
    <element href="assembly.xml#StartHere"/>
  </visualProperties>
  <visualProperties x="452" y="134">
    <element href="assembly.xml#HttpOut"/>
  </visualProperties>
  <visualProperties x="236" y="123">
    <element href="assembly.xml#AsyncMediation"/>
  </visualProperties>
  <visualProperties x="854" y="155">
    <element href="assembly.xml#PutIntegrationMessage"/>
  </visualProperties>
  <visualProperties x="611" y="155">
    <element href="assembly.xml#AsyncMediation0"/>
  </visualProperties>
  <connections type="routesTo">
    <source href="assembly.xml#AsyncMediation"/>
    <target href="assembly.xml#HttpOut"/>
  </connections>
  <connections type="routesTo">
    <source href="assembly.xml#StartHere"/>
    <target href="assembly.xml#AsyncMediation"/>
  </connections>
  <connections type="routesResponseTo">
    <source href="assembly.xml#HttpOut"/>
    <target href="assembly.xml#AsyncMediation0"/>
  </connections>
  <connections type="routesTo" sourceAnchorX="1.0" sourceAnchorY="0.30434782608695654" targetAnchorX="0.04891304347826087" targetAnchorY="0.6486486486486487">
    <source href="assembly.xml#AsyncMediation0"/>
    <target href="assembly.xml#PutIntegrationMessage"/>
  </connections>
</wdnm:Diagram>
