<?xml version="1.0" encoding="UTF-8"?>
<beans
     xmlns="http://www.springframework.org/schema/beans"
     xmlns:beans="http://www.springframework.org/schema/beans"
     xmlns:atom="http://www.w3.org/2005/Atom"
     xmlns:cc="http://www.capeclear.com/assembly/10"
     xmlns:cloud="urn:com.workday/esb/cloud/10.0"
     xmlns:env="http://schemas.xmlsoap.org/soap/envelope/"
     xmlns:pi="urn:com.workday/picof"
     xmlns:wd="urn:com.workday/bsvc"
     xmlns:xsi="http://www.w3.org/2001/XMLSchema-instance">
 
	<cc:assembly id="WorkdayAssembly" version="2020.36">
        <cc:local-in id="GetSingleAdjustmentIN" routes-to="AM-WriteAdjustmentRequest" access="public" use-global-error-handlers="true"><cc:parameter name="get.adjustment.WID" required="true" validation="props['get.adjustment.WID'] != null"/><cc:out-parameter name="get.adjustment.OriginalInvoiceWID"/></cc:local-in>
        <cc:async-mediation id="AM-WriteAdjustmentRequest" routes-to="WO-GetCustAdjustment" handle-downstream-errors="true">
            <cc:steps>
                <cc:write id="Write">
                    <cc:message>
                        <cc:text>&lt;?xml version=&quot;1.0&quot; encoding=&quot;UTF-8&quot;?>&#xD;
&lt;env:Envelope&#xD;
    xmlns:env=&quot;http://schemas.xmlsoap.org/soap/envelope/&quot;&#xD;
    xmlns:xsd=&quot;http://www.w3.org/2001/XMLSchema&quot;>&#xD;
    &lt;env:Body>&#xD;
        &lt;wd:Get_Customer_Invoice_Adjustments_Request&#xD;
            xmlns:wd=&quot;urn:com.workday/bsvc&quot;&#xD;
            wd:version=&quot;v34.0&quot;>&#xD;
            &lt;wd:Request_References>&#xD;
                &lt;wd:Customer_Invoice_Adjustment_Reference>&#xD;
                    &lt;wd:ID wd:type=&quot;WID&quot;>@{props['get.adjustment.WID']}&lt;/wd:ID>&#xD;
                &lt;/wd:Customer_Invoice_Adjustment_Reference>&#xD;
            &lt;/wd:Request_References>          &#xD;
            &lt;wd:Response_Group>&#xD;
                &lt;wd:Include_Reference>true&lt;/wd:Include_Reference>&#xD;
            &lt;/wd:Response_Group>&#xD;
        &lt;/wd:Get_Customer_Invoice_Adjustments_Request>&#xD;
    &lt;/env:Body>&#xD;
&lt;/env:Envelope></cc:text>
                    </cc:message>
                </cc:write>
                <cc:log execute-when="props['pDebugFlag'] == true" id="Log">
                    <cc:log-message>
                        <cc:line-separator/>
                        <cc:text>GET INVOICE ADUSTMENT REQUEST:</cc:text>
                        <cc:line-separator/>
                        <cc:message-content/>
                        <cc:line-separator/>
                    </cc:log-message>
                </cc:log>
            </cc:steps>
            <cc:send-error id="SendWWSError" routes-to="PutWWSMessage"/>
        </cc:async-mediation>
        <cc:workday-out-soap id="WO-GetCustAdjustment" routes-response-to="AM-LogResponse" application="Revenue_Management" version="@{props['pWWSVersion']}"/>
        <cc:async-mediation id="AM-LogResponse" routes-to="AM-GetOriginalInvoice" execute-steps-when="props['pDebugFlag'] == true">
            <cc:steps>
                <cc:log id="Log">
                    <cc:log-message>
                        <cc:line-separator/>
                        <cc:line-separator/>
                        <cc:text>CUSTOMER INVOICE ADJUSTMENT RESPONSE:</cc:text>
                        <cc:line-separator/>
                        <cc:message-content/>
                        <cc:line-separator/>
                    </cc:log-message>
                </cc:log>
            </cc:steps>
        </cc:async-mediation>
        <cc:async-mediation id="AM-GetOriginalInvoice" routes-to="AM-LogOriginalInvoice">
            <cc:steps>
                <cc:eval id="Eval">
                    <cc:expression>props['get.adjustment.OriginalInvoiceWID'] = parts[0].xpath('/*:Envelope/*:Body/*:Get_Customer_Invoice_Adjustments_Response/*:Response_Data/*:Customer_Invoice_Adjustment/*:Customer_Invoice_Adjustment_Data/*:Original_Customer_Invoice_Reference/*:ID[@*:type=&quot;WID&quot;]')</cc:expression>
                </cc:eval>
            </cc:steps>
        </cc:async-mediation>
        <cc:async-mediation id="AM-LogOriginalInvoice" execute-steps-when="props['pDebugFlag'] == true">
            <cc:steps>
                <cc:log id="Log">
                    <cc:log-message>
                        <cc:line-separator/>
                        <cc:text>get.adjustment.OriginalInvoiceWID: @{props['get.adjustment.OriginalInvoiceWID']}&#xD;
</cc:text>
                        <cc:line-separator/>
                    </cc:log-message>
                </cc:log>
            </cc:steps>
        </cc:async-mediation>
        <cc:local-out id="PutWWSMessage" endpoint="vm://wcc/PutIntegrationMessage">
            <cc:set name="is.message.severity" value="'ERROR'"/>
            <cc:set name="is.message.summary" value="'An error occurred getting the Customer Invoice Adjustment via SOAP. Please see the message for more details.'"/>
            <cc:set name="is.message.detail" value="context.errorMessage"/>
        </cc:local-out>
	</cc:assembly>

</beans>