<?xml version="1.0" encoding="UTF-8"?>
<wdnm:Diagram xmlns:wdnm="http://workday.com/studio/editors/notation">
  <element href="assembly.xml#WorkdayAssembly"/>
  <visualProperties x="12" y="11">
    <element href="assembly.xml#GetSingleAdjustmentIN"/>
  </visualProperties>
  <visualProperties x="237" y="11">
    <element href="assembly.xml#AM-WriteAdjustmentRequest"/>
  </visualProperties>
  <visualProperties x="578" y="22">
    <element href="assembly.xml#WO-GetCustAdjustment"/>
  </visualProperties>
  <visualProperties x="807" y="22">
    <element href="assembly.xml#AM-LogResponse"/>
  </visualProperties>
  <visualProperties x="986" y="23">
    <element href="assembly.xml#AM-GetOriginalInvoice"/>
  </visualProperties>
  <visualProperties x="1169" y="24">
    <element href="assembly.xml#AM-LogOriginalInvoice"/>
  </visualProperties>
  <visualProperties x="425" y="223">
    <element href="assembly.xml#PutWWSMessage"/>
  </visualProperties>
  <decorations x="41" y="16" width="431" height="60" text="Sub assembly to retrieve original customer invoice id from Customer Invoice Adjustment request."/>
  <connections type="routesResponseTo" sourceAnchorX="0.7659574468085106" sourceAnchorY="1.0" targetAnchorX="0.2553191489361702" targetAnchorY="0.22826086956521738">
    <source href="assembly.xml#WO-GetCustAdjustment"/>
    <target href="assembly.xml#AM-LogResponse"/>
  </connections>
  <connections type="routesTo" sourceAnchorX="1.0" sourceAnchorY="0.23404255319148937" targetAnchorX="0.2887323943661972" targetAnchorY="0.14130434782608695">
    <source href="assembly.xml#AM-LogResponse"/>
    <target href="assembly.xml#AM-GetOriginalInvoice"/>
  </connections>
  <connections type="routesTo" sourceAnchorX="1.0" sourceAnchorY="0.2872340425531915" targetAnchorX="0.30578512396694213" targetAnchorY="0.1956521739130435">
    <source href="assembly.xml#AM-GetOriginalInvoice"/>
    <target href="assembly.xml#AM-LogOriginalInvoice"/>
  </connections>
  <connections type="routesTo" sourceAnchorX="0.8540540540540541" sourceAnchorY="1.0" targetAnchorX="0.2597402597402597" targetAnchorY="0.13829787234042554">
    <source href="assembly.xml#GetSingleAdjustmentIN"/>
    <target href="assembly.xml#AM-WriteAdjustmentRequest"/>
  </connections>
  <connections type="routesTo" sourceAnchorX="1.0" sourceAnchorY="0.20652173913043478" targetAnchorX="0.38311688311688313" targetAnchorY="0.5135135135135135">
    <source href="assembly.xml#AM-WriteAdjustmentRequest"/>
    <target href="assembly.xml#WO-GetCustAdjustment"/>
  </connections>
  <connections type="routesTo" sourceAnchorX="0.5827814569536424" sourceAnchorY="1.0" targetAnchorX="0.6825396825396826" targetAnchorY="0.6486486486486487">
    <source href="assembly.xml#//@beans/@mixed.1/@mixed.3/@mixed.3"/>
    <target href="assembly.xml#PutWWSMessage"/>
  </connections>
  <swimlanes x="41" y="100" name="Get Adjustment ">
    <elements href="assembly.xml#GetSingleAdjustmentIN"/>
    <elements href="#//@swimlanes.1"/>
    <elements href="assembly.xml#WO-GetCustAdjustment"/>
    <elements href="assembly.xml#AM-LogResponse"/>
    <elements href="assembly.xml#AM-GetOriginalInvoice"/>
    <elements href="assembly.xml#AM-LogOriginalInvoice"/>
  </swimlanes>
  <swimlanes x="226" y="195" name="Swimlane" orientation="VERTICAL">
    <elements href="assembly.xml#AM-WriteAdjustmentRequest"/>
    <elements href="assembly.xml#PutWWSMessage"/>
  </swimlanes>
</wdnm:Diagram>
