<?xml version="1.0" encoding="UTF-8"?>
<wdnm:Diagram xmlns:wdnm="http://workday.com/studio/editors/notation">
  <element href="assembly.xml#WorkdayAssembly"/>
  <visualProperties>
    <element href="assembly.xml#StartHere"/>
  </visualProperties>
  <visualProperties>
    <element href="assembly.xml#CallInitialize"/>
  </visualProperties>
  <visualProperties>
    <element href="assembly.xml#CallRetrieval"/>
  </visualProperties>
  <visualProperties>
    <element href="assembly.xml#CallProcessFile"/>
  </visualProperties>
  <visualProperties>
    <element href="assembly.xml#CallStoreCloudLog"/>
  </visualProperties>
  <visualProperties>
    <element href="assembly.xml#IntegrationComplete"/>
  </visualProperties>
  <visualProperties>
    <element href="assembly.xml#Initialize"/>
  </visualProperties>
  <visualProperties>
    <element href="assembly.xml#InitializeProperties"/>
  </visualProperties>
  <visualProperties>
    <element href="assembly.xml#InitializationError"/>
  </visualProperties>
  <visualProperties>
    <element href="assembly.xml#Retrieval"/>
  </visualProperties>
  <visualProperties>
    <element href="assembly.xml#FileExistError"/>
  </visualProperties>
  <visualProperties>
    <element href="assembly.xml#DocIterator"/>
  </visualProperties>
  <visualProperties>
    <element href="assembly.xml#ValidateInputFile"/>
  </visualProperties>
  <visualProperties>
    <element href="assembly.xml#EmptyFileError"/>
  </visualProperties>
  <visualProperties>
    <element href="assembly.xml#CopyInput"/>
  </visualProperties>
  <visualProperties>
    <element href="assembly.xml#Error-Copy"/>
  </visualProperties>
  <visualProperties>
    <element href="assembly.xml#//@beans/@mixed.1/@mixed.37"/>
  </visualProperties>
  <visualProperties>
    <element href="assembly.xml#GlobalErrorMsg"/>
  </visualProperties>
  <visualProperties>
    <element href="assembly.xml#PutCriticalEvent"/>
  </visualProperties>
  <visualProperties>
    <element href="assembly.xml#StoreCloudLog"/>
  </visualProperties>
  <visualProperties>
    <element href="assembly.xml#AsyncMediation"/>
  </visualProperties>
  <visualProperties>
    <element href="assembly.xml#Store_Document"/>
  </visualProperties>
  <visualProperties>
    <element href="assembly.xml#ProcessFile"/>
  </visualProperties>
  <visualProperties>
    <element href="assembly.xml#TransformInput"/>
  </visualProperties>
  <visualProperties>
    <element href="assembly.xml#ErrorTransform"/>
  </visualProperties>
  <visualProperties>
    <element href="assembly.xml#Splitter"/>
  </visualProperties>
  <visualProperties>
    <element href="assembly.xml#SaveHeaderData"/>
  </visualProperties>
  <visualProperties>
    <element href="assembly.xml#InvoiceNumError"/>
  </visualProperties>
  <visualProperties>
    <element href="assembly.xml#ErrorInvoiceNum"/>
  </visualProperties>
  <visualProperties x="462" y="625">
    <element href="assembly.xml#AsyncMediation0"/>
  </visualProperties>
  <visualProperties>
    <element href="assembly.xml#BuildWebService"/>
  </visualProperties>
  <visualProperties>
    <element href="assembly.xml#BuildWebSerError"/>
  </visualProperties>
  <visualProperties>
    <element href="assembly.xml#PutIntegrationMessage"/>
  </visualProperties>
  <visualProperties>
    <element href="assembly.xml#CatchWSErrors"/>
  </visualProperties>
  <visualProperties>
    <element href="assembly.xml#LogWSError"/>
  </visualProperties>
  <visualProperties>
    <element href="assembly.xml#StoreResponse"/>
  </visualProperties>
  <visualProperties>
    <element href="assembly.xml#ErrorWithSubmitWebservice"/>
  </visualProperties>
  <visualProperties x="1543" y="956">
    <element href="assembly.xml#WorkdayOutSoap"/>
  </visualProperties>
  <visualProperties x="700" y="896">
    <element href="assembly.xml#SuccessRecord"/>
  </visualProperties>
  <visualProperties x="954" y="941">
    <element href="assembly.xml#SubmitWebserviceHandler"/>
  </visualProperties>
  <decorations x="3" y="159" width="1353" height="5" bgColor="1" fgColor="1" text="Text"/>
  <decorations x="3" y="8" width="1353" height="144" bgColor="14079702" type="NOTE" text="This Integration would take care of loading Sinex purchase orders (PO) into Workday Procurement to enable the accounting department to match PO lines to invoices to be paid in Workday."/>
  <decorations x="251" y="159" width="8" height="1686" bgColor="1" text="Text"/>
  <decorations x="251" y="517" width="1122" height="5" bgColor="4194368" text="Text"/>
  <decorations x="258" y="875" width="1122" height="5" bgColor="4194368" text="Text"/>
  <decorations x="258" y="1378" width="1122" height="5" bgColor="4194368" text="Text"/>
  <connections type="routesTo" sourceAnchorX="0.21008403361344538" sourceAnchorY="0.6216216216216216" targetAnchorX="0.18796992481203006" targetAnchorY="0.13513513513513514">
    <source href="assembly.xml#StartHere"/>
    <target href="assembly.xml#CallInitialize"/>
  </connections>
  <connections type="routesResponseTo" sourceAnchorX="0.14285714285714285" sourceAnchorY="0.3783783783783784">
    <source href="assembly.xml#CallInitialize"/>
    <target href="assembly.xml#CallRetrieval"/>
  </connections>
  <connections type="routesResponseTo">
    <source href="assembly.xml#CallProcessFile"/>
    <target href="assembly.xml#CallStoreCloudLog"/>
  </connections>
  <connections type="routesResponseTo">
    <source href="assembly.xml#CallStoreCloudLog"/>
    <target href="assembly.xml#IntegrationComplete"/>
  </connections>
  <connections type="routesTo">
    <source href="assembly.xml#Initialize"/>
    <target href="assembly.xml#InitializeProperties"/>
  </connections>
  <connections type="routesTo">
    <source href="assembly.xml#//@beans/@mixed.1/@mixed.29/@mixed.3"/>
    <target href="assembly.xml#InitializationError"/>
  </connections>
  <connections type="routesTo">
    <source href="assembly.xml#//@beans/@mixed.1/@route.0/@subRoute.0"/>
    <target href="assembly.xml#ValidateInputFile"/>
  </connections>
  <connections type="routesTo">
    <source href="assembly.xml#ValidateInputFile"/>
    <target href="assembly.xml#CopyInput"/>
  </connections>
  <connections type="routesTo">
    <source href="assembly.xml#//@beans/@mixed.1/@mixed.19/@mixed.3"/>
    <target href="assembly.xml#EmptyFileError"/>
  </connections>
  <connections type="routesTo">
    <source href="assembly.xml#//@beans/@mixed.1/@mixed.15/@mixed.3"/>
    <target href="assembly.xml#Error-Copy"/>
  </connections>
  <connections type="routesTo" sourceAnchorX="0.14655172413793102" sourceAnchorY="0.3783783783783784" targetAnchorX="0.07368421052631578" targetAnchorY="0.13513513513513514">
    <source href="assembly.xml#//@beans/@mixed.1/@mixed.37"/>
    <target href="assembly.xml#GlobalErrorMsg"/>
  </connections>
  <connections type="routesResponseTo" sourceAnchorX="0.06315789473684211" sourceAnchorY="0.918918918918919" targetAnchorX="0.06832298136645963" targetAnchorY="0.13513513513513514">
    <source href="assembly.xml#GlobalErrorMsg"/>
    <target href="assembly.xml#PutCriticalEvent"/>
  </connections>
  <connections type="routesTo">
    <source href="assembly.xml#StoreCloudLog"/>
    <target href="assembly.xml#AsyncMediation"/>
  </connections>
  <connections type="routesTo">
    <source href="assembly.xml#AsyncMediation"/>
    <target href="assembly.xml#Store_Document"/>
  </connections>
  <connections type="routesTo">
    <source href="assembly.xml#ProcessFile"/>
    <target href="assembly.xml#TransformInput"/>
  </connections>
  <connections type="routesTo">
    <source href="assembly.xml#//@beans/@mixed.1/@mixed.55/@mixed.3"/>
    <target href="assembly.xml#ErrorTransform"/>
  </connections>
  <connections type="routesTo">
    <source href="assembly.xml#//@beans/@mixed.1/@splitter.0/@subRoute.0"/>
    <target href="assembly.xml#SaveHeaderData"/>
  </connections>
  <connections type="routesTo">
    <source href="assembly.xml#//@beans/@mixed.1/@mixed.49/@mixed.3"/>
    <target href="assembly.xml#InvoiceNumError"/>
  </connections>
  <connections type="routesTo">
    <source href="assembly.xml#InvoiceNumError"/>
    <target href="assembly.xml#ErrorInvoiceNum"/>
  </connections>
  <connections type="routesResponseTo">
    <source href="assembly.xml#CallRetrieval"/>
    <target href="assembly.xml#CallProcessFile"/>
  </connections>
  <connections type="routesTo">
    <source href="assembly.xml#Retrieval"/>
    <target href="assembly.xml#AsyncMediation0"/>
  </connections>
  <connections type="routesTo">
    <source href="assembly.xml#//@beans/@mixed.1/@mixed.59/@mixed.3"/>
    <target href="assembly.xml#FileExistError"/>
  </connections>
  <connections type="routesTo">
    <source href="assembly.xml#AsyncMediation0"/>
    <target href="assembly.xml#DocIterator"/>
  </connections>
  <connections type="routesTo">
    <source href="assembly.xml#//@beans/@mixed.1/@mixed.65/@mixed.3"/>
    <target href="assembly.xml#BuildWebSerError"/>
  </connections>
  <connections type="routesTo">
    <source href="assembly.xml#BuildWebSerError"/>
    <target href="assembly.xml#PutIntegrationMessage"/>
  </connections>
  <connections type="routesTo">
    <source href="assembly.xml#//@beans/@mixed.1/@mixed.69/@mixed.3"/>
    <target href="assembly.xml#LogWSError"/>
  </connections>
  <connections type="routesTo" sourceAnchorX="0.9415584415584416" sourceAnchorY="0.4566929133858268" targetAnchorX="0.034013605442176874" targetAnchorY="0.4409448818897638">
    <source href="assembly.xml#BuildWebService"/>
    <target href="assembly.xml#CatchWSErrors"/>
  </connections>
  <connections type="routesTo">
    <source href="assembly.xml#//@beans/@mixed.1/@mixed.73/@mixed.3"/>
    <target href="assembly.xml#ErrorWithSubmitWebservice"/>
  </connections>
  <connections type="routesTo">
    <source href="assembly.xml#CatchWSErrors"/>
    <target href="assembly.xml#WorkdayOutSoap"/>
    <bendpoints sourceX="153" sourceY="-87" targetX="-142"/>
  </connections>
  <connections type="routesResponseTo" targetAnchorX="0.006993006993006993" targetAnchorY="0.44881889763779526">
    <source href="assembly.xml#WorkdayOutSoap"/>
    <target href="assembly.xml#StoreResponse"/>
    <bendpoints sourceY="83" targetX="-134" targetY="2"/>
  </connections>
  <connections type="routesTo" sourceAnchorX="1.0" sourceAnchorY="0.2440944881889764" targetAnchorX="0.4358974358974359" targetAnchorY="0.0975609756097561">
    <source href="assembly.xml#TransformInput"/>
    <target href="assembly.xml#Splitter"/>
  </connections>
  <connections type="routesTo" sourceAnchorX="1.0" sourceAnchorY="0.14960629921259844" targetAnchorX="0.2597402597402597" targetAnchorY="0.11811023622047244">
    <source href="assembly.xml#SaveHeaderData"/>
    <target href="assembly.xml#BuildWebService"/>
  </connections>
  <connections type="routesTo" sourceAnchorX="1.0" sourceAnchorY="0.15748031496062992" targetAnchorX="0.32432432432432434" targetAnchorY="0.03125">
    <source href="assembly.xml#StoreResponse"/>
    <target href="assembly.xml#SuccessRecord"/>
  </connections>
  <connections type="routesTo" sourceAnchorX="0.45147679324894513" sourceAnchorY="1.0" targetAnchorX="0.4805194805194805" targetAnchorY="0.5945945945945946">
    <source href="assembly.xml#LogWSError"/>
    <target href="assembly.xml#SubmitWebserviceHandler"/>
  </connections>
  <swimlanes x="10" y="174" bgColor="13882323" fgColor="1" name="Core Flow" orientation="VERTICAL">
    <elements href="assembly.xml#StartHere"/>
    <elements href="assembly.xml#CallInitialize"/>
    <elements href="assembly.xml#CallRetrieval"/>
    <elements href="assembly.xml#CallProcessFile"/>
    <elements href="assembly.xml#CallStoreCloudLog"/>
    <elements href="assembly.xml#IntegrationComplete"/>
  </swimlanes>
  <swimlanes name="Swimlane" orientation="VERTICAL">
    <elements href="assembly.xml#InitializeProperties"/>
    <elements href="assembly.xml#InitializationError"/>
  </swimlanes>
  <swimlanes x="272" y="182" bgColor="13882323" fgColor="64" name="Initialization">
    <elements href="assembly.xml#Initialize"/>
    <elements href="#//@swimlanes.1"/>
  </swimlanes>
  <swimlanes name="Swimlane" orientation="VERTICAL">
    <elements href="assembly.xml#ValidateInputFile"/>
    <elements href="assembly.xml#EmptyFileError"/>
  </swimlanes>
  <swimlanes name="Swimlane" orientation="VERTICAL">
    <elements href="assembly.xml#CopyInput"/>
    <elements href="assembly.xml#Error-Copy"/>
  </swimlanes>
  <swimlanes x="272" y="542" bgColor="13882323" fgColor="1" name="File Retrieval">
    <elements href="assembly.xml#Retrieval"/>
    <elements href="#//@swimlanes.11"/>
    <elements href="assembly.xml#DocIterator"/>
    <elements href="#//@swimlanes.3"/>
    <elements href="#//@swimlanes.4"/>
  </swimlanes>
  <swimlanes x="32" y="924" bgColor="8421631" name="Global Error Handler" orientation="VERTICAL" topBorderColor="10485760">
    <elements href="assembly.xml#//@beans/@mixed.1/@mixed.37"/>
    <elements href="assembly.xml#GlobalErrorMsg"/>
    <elements href="assembly.xml#PutCriticalEvent"/>
  </swimlanes>
  <swimlanes x="29" y="618" bgColor="13882323" fgColor="1" name="Cloud Log" orientation="VERTICAL">
    <elements href="assembly.xml#StoreCloudLog"/>
    <elements href="assembly.xml#AsyncMediation"/>
    <elements href="assembly.xml#Store_Document"/>
  </swimlanes>
  <swimlanes name="Swimlane" orientation="VERTICAL">
    <elements href="assembly.xml#TransformInput"/>
    <elements href="assembly.xml#ErrorTransform"/>
  </swimlanes>
  <swimlanes name="Swimlane" orientation="VERTICAL">
    <elements href="assembly.xml#SaveHeaderData"/>
    <elements href="assembly.xml#InvoiceNumError"/>
    <elements href="assembly.xml#ErrorInvoiceNum"/>
  </swimlanes>
  <swimlanes x="272" y="904" bgColor="13882323" fgColor="1" name="File Processing">
    <elements href="assembly.xml#ProcessFile"/>
    <elements href="#//@swimlanes.8"/>
    <elements href="assembly.xml#Splitter"/>
    <elements href="#//@swimlanes.9"/>
    <elements href="#//@swimlanes.12"/>
    <elements href="#//@swimlanes.13"/>
    <elements href="assembly.xml#WorkdayOutSoap"/>
    <elements href="#//@swimlanes.14"/>
    <elements href="assembly.xml#SuccessRecord"/>
  </swimlanes>
  <swimlanes x="409" y="636" name="Swimlane" orientation="VERTICAL">
    <elements href="assembly.xml#AsyncMediation0"/>
    <elements href="assembly.xml#FileExistError"/>
  </swimlanes>
  <swimlanes x="968" y="885" name="Swimlane" orientation="VERTICAL">
    <elements href="assembly.xml#BuildWebService"/>
    <elements href="assembly.xml#BuildWebSerError"/>
    <elements href="assembly.xml#PutIntegrationMessage"/>
  </swimlanes>
  <swimlanes x="1324" y="1161" name="Swimlane" orientation="VERTICAL">
    <elements href="assembly.xml#CatchWSErrors"/>
    <elements href="assembly.xml#LogWSError"/>
    <elements href="assembly.xml#SubmitWebserviceHandler"/>
  </swimlanes>
  <swimlanes x="1372" y="1427" name="Swimlane" orientation="VERTICAL">
    <elements href="assembly.xml#StoreResponse"/>
    <elements href="assembly.xml#ErrorWithSubmitWebservice"/>
  </swimlanes>
</wdnm:Diagram>
