<?xml version="1.0" encoding="UTF-8"?>
<wdnm:Diagram xmlns:wdnm="http://workday.com/studio/editors/notation">
  <element href="assembly.xml#WorkdayAssembly"/>
  <visualProperties>
    <element href="assembly.xml#StartHere"/>
  </visualProperties>
  <visualProperties>
    <element href="assembly.xml#CallRetrieval"/>
  </visualProperties>
  <visualProperties>
    <element href="assembly.xml#CallCloseAgg"/>
  </visualProperties>
  <visualProperties>
    <element href="assembly.xml#Retrieval"/>
  </visualProperties>
  <visualProperties>
    <element href="assembly.xml#CheckFile"/>
  </visualProperties>
  <visualProperties>
    <element href="assembly.xml#RetrievalError"/>
  </visualProperties>
  <visualProperties>
    <element href="assembly.xml#IntegrationEnd"/>
  </visualProperties>
  <visualProperties>
    <element href="assembly.xml#DocIterator"/>
  </visualProperties>
  <visualProperties>
    <element href="assembly.xml#CallFileProcessor"/>
  </visualProperties>
  <visualProperties x="394" y="486">
    <element href="assembly.xml#FileProcessor"/>
  </visualProperties>
  <visualProperties x="571" y="529">
    <element href="assembly.xml#AsyncMediation"/>
  </visualProperties>
  <visualProperties x="854" y="499">
    <element href="assembly.xml#ValidationOn"/>
  </visualProperties>
  <visualProperties x="1159" y="499">
    <element href="assembly.xml#ValidationOff"/>
  </visualProperties>
  <visualProperties x="856" y="559">
    <element href="assembly.xml#WorkdayOutSoap"/>
  </visualProperties>
  <visualProperties x="307" y="490">
    <element href="assembly.xml#SubmissionError"/>
  </visualProperties>
  <visualProperties x="1191" y="645">
    <element href="assembly.xml#AsyncMediation0"/>
  </visualProperties>
  <visualProperties x="1345" y="681">
    <element href="assembly.xml#Aggregator"/>
  </visualProperties>
  <visualProperties x="1444" y="563">
    <element href="assembly.xml#CloseAgg"/>
  </visualProperties>
  <visualProperties>
    <element href="assembly.xml#StoreImportProcDetails"/>
  </visualProperties>
  <visualProperties>
    <element href="assembly.xml#PutIntegrationMessage9"/>
  </visualProperties>
  <visualProperties x="423" y="599">
    <element href="assembly.xml#ImportDetailsPosted"/>
  </visualProperties>
  <visualProperties x="880" y="317">
    <element href="assembly.xml#AsyncMediation1"/>
  </visualProperties>
  <visualProperties x="1368" y="243">
    <element href="assembly.xml#ImportDetailsPosted0"/>
  </visualProperties>
  <visualProperties x="1532" y="431">
    <element href="assembly.xml#SubmissionError0"/>
  </visualProperties>
  <visualProperties x="1003" y="22">
    <element href="assembly.xml#RetrievalError0"/>
  </visualProperties>
  <visualProperties>
    <element href="assembly.xml#Sub_RetrieveDocuments"/>
  </visualProperties>
  <visualProperties>
    <element href="assembly.xml#EventWID"/>
  </visualProperties>
  <visualProperties>
    <element href="assembly.xml#Call_AuditErrorGetDocs"/>
  </visualProperties>
  <visualProperties>
    <element href="assembly.xml#GetEventDocuments0"/>
  </visualProperties>
  <visualProperties>
    <element href="assembly.xml#GetImportWIDsDoc"/>
  </visualProperties>
  <visualProperties>
    <element href="assembly.xml#CopyImportDetailsMsg"/>
  </visualProperties>
  <visualProperties>
    <element href="assembly.xml#Call_AuditErrorCopyImportDetailsMsg"/>
  </visualProperties>
  <visualProperties>
    <element href="assembly.xml#SplitByBatch"/>
  </visualProperties>
  <visualProperties>
    <element href="assembly.xml#PrepareImportMsgWS"/>
  </visualProperties>
  <visualProperties>
    <element href="assembly.xml#Call_AuditErrorGetImportMsgs"/>
  </visualProperties>
  <visualProperties>
    <element href="assembly.xml#GetImportProcMsgs"/>
  </visualProperties>
  <visualProperties>
    <element href="assembly.xml#PagedGetResponse"/>
  </visualProperties>
  <visualProperties>
    <element href="assembly.xml#Call_ProcImportMsgs"/>
  </visualProperties>
  <visualProperties x="186" y="1246">
    <element href="assembly.xml#ImportReporting"/>
  </visualProperties>
  <visualProperties x="201" y="1655">
    <element href="assembly.xml#Call_RetrieveDocuments"/>
  </visualProperties>
  <visualProperties>
    <element href="assembly.xml#Sub_ProcessImportMsgs"/>
  </visualProperties>
  <visualProperties>
    <element href="assembly.xml#NoErrorsInBatchMsg"/>
  </visualProperties>
  <visualProperties>
    <element href="assembly.xml#UnexpectedSplitterError"/>
  </visualProperties>
  <visualProperties>
    <element href="assembly.xml#SplitByMessage"/>
  </visualProperties>
  <visualProperties>
    <element href="assembly.xml#SaveErrorsToMap"/>
  </visualProperties>
  <visualProperties>
    <element href="assembly.xml#Sub_ProcessAuditFile"/>
  </visualProperties>
  <visualProperties>
    <element href="assembly.xml#GetAuditXML"/>
  </visualProperties>
  <visualProperties>
    <element href="assembly.xml#CopyAuditXML2Msg"/>
  </visualProperties>
  <visualProperties>
    <element href="assembly.xml#UnexpectedAuditSplitterError"/>
  </visualProperties>
  <visualProperties>
    <element href="assembly.xml#SplitByAuditRow"/>
  </visualProperties>
  <visualProperties>
    <element href="assembly.xml#PrepareFinalAuditLine"/>
  </visualProperties>
  <visualProperties>
    <element href="assembly.xml#Call_AuditErrorMsg"/>
  </visualProperties>
  <visualProperties>
    <element href="assembly.xml#AggFinalAudit"/>
  </visualProperties>
  <visualProperties>
    <element href="assembly.xml#StoreFinalAudit"/>
  </visualProperties>
  <visualProperties>
    <element href="assembly.xml#UnexpectedAuditSplitterError0"/>
  </visualProperties>
  <visualProperties>
    <element href="assembly.xml#PutFinalAudit"/>
  </visualProperties>
  <visualProperties>
    <element href="assembly.xml#Sub_AuditError"/>
  </visualProperties>
  <visualProperties>
    <element href="assembly.xml#RetrieveAttrError"/>
  </visualProperties>
  <visualProperties>
    <element href="assembly.xml#AbortRetrieveAttr"/>
  </visualProperties>
  <visualProperties>
    <element href="assembly.xml#//@beans/@mixed.1/@mixed.115"/>
  </visualProperties>
  <visualProperties>
    <element href="assembly.xml#Note-Error"/>
  </visualProperties>
  <visualProperties x="77" y="1207">
    <element href="assembly.xml#CallProcAuditFile"/>
  </visualProperties>
  <visualProperties x="161" y="1240">
    <element href="assembly.xml#PutIntegrationEvent1"/>
  </visualProperties>
  <visualProperties x="1102" y="2059">
    <element href="assembly.xml#Header"/>
  </visualProperties>
  <visualProperties x="1204" y="2100">
    <element href="assembly.xml#AsyncMediation2"/>
  </visualProperties>
  <visualProperties x="1365" y="2100">
    <element href="assembly.xml#CallAgg"/>
  </visualProperties>
  <visualProperties x="1514" y="1743">
    <element href="assembly.xml#CloseAggregator"/>
  </visualProperties>
  <visualProperties x="110" y="1205">
    <element href="assembly.xml#CallCloseAggregator"/>
  </visualProperties>
  <visualProperties x="136" y="1068">
    <element href="assembly.xml#CallHeader"/>
  </visualProperties>
  <connections type="routesResponseTo" sourceAnchorX="0.5748031496062992" sourceAnchorY="1.0" targetAnchorX="0.5486111111111112" targetAnchorY="0.5405405405405406">
    <source href="assembly.xml#CallRetrieval"/>
    <target href="assembly.xml#CallCloseAgg"/>
  </connections>
  <connections type="routesTo" sourceAnchorX="0.6330275229357798" sourceAnchorY="1.0" targetAnchorX="0.6141732283464567" targetAnchorY="0.5675675675675675">
    <source href="assembly.xml#StartHere"/>
    <target href="assembly.xml#CallRetrieval"/>
  </connections>
  <connections type="routesTo" sourceAnchorX="0.7619047619047619" sourceAnchorY="1.0" targetAnchorX="0.08783783783783784" targetAnchorY="0.4">
    <source href="assembly.xml#Retrieval"/>
    <target href="assembly.xml#CheckFile"/>
  </connections>
  <connections type="routesTo" sourceAnchorX="1.0" sourceAnchorY="0.264" targetAnchorX="0.27102803738317754" targetAnchorY="0.5584415584415584">
    <source href="assembly.xml#CheckFile"/>
    <target href="assembly.xml#DocIterator"/>
  </connections>
  <connections type="routesTo" sourceAnchorX="0.5976331360946746" sourceAnchorY="1.0" targetAnchorX="0.5435684647302904" targetAnchorY="0.5135135135135135">
    <source href="assembly.xml#//@beans/@mixed.1/@mixed.15/@mixed.3"/>
    <target href="assembly.xml#RetrievalError"/>
  </connections>
  <connections type="routesResponseTo" sourceAnchorX="0.5394190871369294" sourceAnchorY="1.0" targetAnchorX="0.5280373831775701" targetAnchorY="0.6486486486486487">
    <source href="assembly.xml#RetrievalError"/>
    <target href="assembly.xml#IntegrationEnd"/>
  </connections>
  <connections type="routesTo" sourceAnchorX="0.6595744680851063" sourceAnchorY="1.0" targetAnchorX="0.5074626865671642" targetAnchorY="0.13043478260869565">
    <source href="assembly.xml#//@beans/@mixed.1/@route.0/@subRoute.0"/>
    <target href="assembly.xml#AsyncMediation1"/>
  </connections>
  <connections type="routesTo" sourceAnchorX="0.7164179104477612" sourceAnchorY="1.0" targetAnchorX="0.41732283464566927" targetAnchorY="0.5869565217391305">
    <source href="assembly.xml#FileProcessor"/>
    <target href="assembly.xml#AsyncMediation"/>
  </connections>
  <connections type="routesTo" sourceAnchorX="1.0" sourceAnchorY="0.264" targetAnchorX="0.3153153153153153" targetAnchorY="0.7659574468085106">
    <source href="assembly.xml#AsyncMediation"/>
    <target href="assembly.xml#ValidationOn"/>
  </connections>
  <connections type="routesTo" sourceAnchorX="1.0" sourceAnchorY="0.24468085106382978" targetAnchorX="0.14473684210526316" targetAnchorY="0.6216216216216216">
    <source href="assembly.xml#ValidationOn"/>
    <target href="assembly.xml#WorkdayOutSoap"/>
  </connections>
  <connections type="routesResponseTo" sourceAnchorX="0.9276315789473685" sourceAnchorY="0.4864864864864865" targetAnchorX="0.2818181818181818" targetAnchorY="0.5851063829787234">
    <source href="assembly.xml#WorkdayOutSoap"/>
    <target href="assembly.xml#ValidationOff"/>
  </connections>
  <connections type="routesTo" sourceAnchorX="0.5583333333333333" sourceAnchorY="1.0" targetAnchorX="0.539568345323741" targetAnchorY="0.5135135135135135">
    <source href="assembly.xml#//@beans/@mixed.1/@mixed.21/@mixed.3"/>
    <target href="assembly.xml#SubmissionError"/>
  </connections>
  <connections type="routesTo" sourceAnchorX="0.9" sourceAnchorY="0.5957446808510638" targetAnchorX="0.029850746268656716" targetAnchorY="0.6304347826086957">
    <source href="assembly.xml#ValidationOff"/>
    <target href="assembly.xml#AsyncMediation0"/>
  </connections>
  <connections type="routesTo" sourceAnchorX="1.0" sourceAnchorY="0.152" targetAnchorX="0.13725490196078433" targetAnchorY="0.7075471698113207">
    <source href="assembly.xml#AsyncMediation0"/>
    <target href="assembly.xml#Aggregator"/>
  </connections>
  <connections type="routesTo" sourceAnchorX="0.5135135135135135" sourceAnchorY="1.0" targetAnchorX="0.5032679738562091" targetAnchorY="0.5754716981132075">
    <source href="assembly.xml#CloseAgg"/>
    <target href="assembly.xml#Aggregator"/>
  </connections>
  <connections type="routesTo" sourceAnchorX="0.8176470588235294" sourceAnchorY="0.456" targetAnchorX="0.2" targetAnchorY="0.40540540540540543">
    <source href="assembly.xml#StoreImportProcDetails"/>
    <target href="assembly.xml#ImportDetailsPosted"/>
  </connections>
  <connections type="routesTo" sourceAnchorX="0.27607361963190186" sourceAnchorY="1.0" targetAnchorX="0.4607329842931937" targetAnchorY="0.35135135135135137">
    <source href="assembly.xml#//@beans/@mixed.1/@mixed.41/@mixed.3"/>
    <target href="assembly.xml#PutIntegrationMessage9"/>
  </connections>
  <connections type="routesTo" sourceAnchorX="1.0" sourceAnchorY="0.20754716981132076" targetAnchorX="0.13529411764705881" targetAnchorY="0.408">
    <source href="assembly.xml#Aggregator"/>
    <target href="assembly.xml#StoreImportProcDetails"/>
  </connections>
  <connections type="routesTo" sourceAnchorX="0.9473684210526315" sourceAnchorY="0.432" targetAnchorX="0.7344632768361582" targetAnchorY="0.5675675675675675">
    <source href="assembly.xml#AsyncMediation1"/>
    <target href="assembly.xml#ImportDetailsPosted0"/>
  </connections>
  <connections type="routesResponseTo" sourceAnchorX="0.6892655367231638" sourceAnchorY="1.0" targetAnchorX="0.14102564102564102" targetAnchorY="0.40540540540540543">
    <source href="assembly.xml#ImportDetailsPosted0"/>
    <target href="assembly.xml#CallFileProcessor"/>
  </connections>
  <connections type="routesTo" sourceAnchorX="0.5511811023622047" sourceAnchorY="1.0" targetAnchorX="0.5253164556962026" targetAnchorY="0.40540540540540543">
    <source href="assembly.xml#//@beans/@mixed.1/@mixed.31/@mixed.3"/>
    <target href="assembly.xml#SubmissionError0"/>
  </connections>
  <connections type="routesTo" sourceAnchorX="0.5426829268292683" sourceAnchorY="1.0" targetAnchorX="0.5323741007194245" targetAnchorY="0.43243243243243246">
    <source href="assembly.xml#//@beans/@mixed.1/@mixed.43/@mixed.3"/>
    <target href="assembly.xml#RetrievalError0"/>
  </connections>
  <connections type="routesTo" sourceAnchorX="0.8975903614457831" sourceAnchorY="0.5135135135135135" targetAnchorX="0.11224489795918367" targetAnchorY="0.456">
    <source href="assembly.xml#Sub_RetrieveDocuments"/>
    <target href="assembly.xml#EventWID"/>
  </connections>
  <connections type="routesTo" sourceAnchorX="0.5612244897959183" sourceAnchorY="0.456" targetAnchorX="0.1411764705882353" targetAnchorY="0.5135135135135135">
    <source href="assembly.xml#EventWID"/>
    <target href="assembly.xml#GetEventDocuments0"/>
  </connections>
  <connections type="routesTo" sourceAnchorX="0.43956043956043955" sourceAnchorY="0.7333333333333333" targetAnchorX="0.425414364640884" targetAnchorY="0.2702702702702703">
    <source href="assembly.xml#//@beans/@mixed.1/@mixed.73/@mixed.3"/>
    <target href="assembly.xml#Call_AuditErrorGetDocs"/>
  </connections>
  <connections type="routesResponseTo" sourceAnchorX="0.8529411764705882" sourceAnchorY="0.4594594594594595" targetAnchorX="0.23648648648648649" targetAnchorY="0.4675324675324675">
    <source href="assembly.xml#GetEventDocuments0"/>
    <target href="assembly.xml#GetImportWIDsDoc"/>
  </connections>
  <connections type="routesTo" sourceAnchorX="1.0" sourceAnchorY="0.7058823529411765" targetAnchorX="0.19760479041916168" targetAnchorY="0.0851063829787234">
    <source href="assembly.xml#//@beans/@mixed.1/@mixed.67/@subRoute.0"/>
    <target href="assembly.xml#CopyImportDetailsMsg"/>
  </connections>
  <connections type="routesTo" sourceAnchorX="1.0" sourceAnchorY="0.574468085106383" targetAnchorX="0.4090909090909091" targetAnchorY="0.44805194805194803">
    <source href="assembly.xml#CopyImportDetailsMsg"/>
    <target href="assembly.xml#SplitByBatch"/>
  </connections>
  <connections type="routesTo" sourceAnchorX="0.625" sourceAnchorY="1.0" targetAnchorX="0.5736434108527132" targetAnchorY="0.40540540540540543">
    <source href="assembly.xml#//@beans/@mixed.1/@mixed.65/@mixed.3"/>
    <target href="assembly.xml#Call_AuditErrorCopyImportDetailsMsg"/>
  </connections>
  <connections type="routesTo" sourceAnchorX="1.0" sourceAnchorY="0.6176470588235294" targetAnchorX="0.28125" targetAnchorY="0.07446808510638298">
    <source href="assembly.xml#//@beans/@mixed.1/@mixed.61/@subRoute.0"/>
    <target href="assembly.xml#PrepareImportMsgWS"/>
  </connections>
  <connections type="routesTo" sourceAnchorX="0.9015544041450777" sourceAnchorY="0.368" targetAnchorX="0.1686746987951807" targetAnchorY="0.32432432432432434">
    <source href="assembly.xml#PrepareImportMsgWS"/>
    <target href="assembly.xml#GetImportProcMsgs"/>
  </connections>
  <connections type="routesTo" sourceAnchorX="0.4864864864864865" sourceAnchorY="1.0" targetAnchorX="0.47465437788018433" targetAnchorY="0.4594594594594595">
    <source href="assembly.xml#//@beans/@mixed.1/@mixed.59/@mixed.3"/>
    <target href="assembly.xml#Call_AuditErrorGetImportMsgs"/>
  </connections>
  <connections type="routesTo" sourceAnchorX="1.0" sourceAnchorY="0.4864864864864865" targetAnchorX="0.3905325443786982" targetAnchorY="0.5135135135135135">
    <source href="assembly.xml#PagedGetResponse"/>
    <target href="assembly.xml#Call_ProcImportMsgs"/>
  </connections>
  <connections type="routesTo" sourceAnchorX="0.5753424657534246" sourceAnchorY="1.0" targetAnchorX="0.5487179487179488" targetAnchorY="0.8378378378378378">
    <source href="assembly.xml#ImportReporting"/>
    <target href="assembly.xml#Call_RetrieveDocuments"/>
  </connections>
  <connections type="routesTo" sourceAnchorX="1.0" sourceAnchorY="0.5675675675675675" targetAnchorX="0.41025641025641024" targetAnchorY="0.4634146341463415">
    <source href="assembly.xml#Sub_ProcessImportMsgs"/>
    <target href="assembly.xml#NoErrorsInBatchMsg"/>
  </connections>
  <connections type="routesTo" sourceAnchorX="1.0" sourceAnchorY="0.4959349593495935" targetAnchorX="0.12307692307692308" targetAnchorY="0.5974025974025974">
    <source href="assembly.xml#NoErrorsInBatchMsg"/>
    <target href="assembly.xml#SplitByMessage"/>
  </connections>
  <connections type="routesTo" sourceAnchorX="0.5369127516778524" sourceAnchorY="1.0" targetAnchorX="0.46524064171123" targetAnchorY="0.2972972972972973">
    <source href="assembly.xml#//@beans/@mixed.1/@mixed.87/@mixed.3"/>
    <target href="assembly.xml#UnexpectedSplitterError"/>
  </connections>
  <connections type="routesTo" sourceAnchorX="1.0" sourceAnchorY="0.8235294117647058" targetAnchorX="0.1417910447761194" targetAnchorY="0.6063829787234043">
    <source href="assembly.xml#//@beans/@mixed.1/@mixed.83/@subRoute.0"/>
    <target href="assembly.xml#SaveErrorsToMap"/>
    <bendpoints sourceX="26" sourceY="-44" targetX="-55"/>
  </connections>
  <connections type="routesTo" sourceAnchorX="0.6466666666666666" sourceAnchorY="0.5135135135135135" targetAnchorX="0.07207207207207207">
    <source href="assembly.xml#Sub_ProcessAuditFile"/>
    <target href="assembly.xml#GetAuditXML"/>
  </connections>
  <connections type="routesTo" sourceAnchorX="1.0" sourceAnchorY="0.7647058823529411" targetAnchorX="0.028368794326241134" targetAnchorY="0.5869565217391305">
    <source href="assembly.xml#//@beans/@mixed.1/@mixed.109/@subRoute.0"/>
    <target href="assembly.xml#CopyAuditXML2Msg"/>
  </connections>
  <connections type="routesTo" sourceAnchorX="0.7733333333333333" sourceAnchorY="0.6063829787234043" targetAnchorX="0.3969465648854962" targetAnchorY="0.44805194805194803">
    <source href="assembly.xml#CopyAuditXML2Msg"/>
    <target href="assembly.xml#SplitByAuditRow"/>
  </connections>
  <connections type="routesTo" sourceAnchorX="0.8321678321678322" sourceAnchorY="1.0" targetAnchorX="0.6288659793814433" targetAnchorY="0.24324324324324326">
    <source href="assembly.xml#//@beans/@mixed.1/@mixed.107/@mixed.3"/>
    <target href="assembly.xml#UnexpectedAuditSplitterError"/>
  </connections>
  <connections type="routesTo" sourceAnchorX="1.0" sourceAnchorY="0.7352941176470589" targetAnchorX="0.10975609756097561" targetAnchorY="0.40425531914893614">
    <source href="assembly.xml#//@beans/@mixed.1/@mixed.103/@subRoute.0"/>
    <target href="assembly.xml#PrepareFinalAuditLine"/>
  </connections>
  <connections type="routesTo" sourceAnchorX="0.8048780487804879" sourceAnchorY="0.6063829787234043" targetAnchorX="0.1452991452991453" targetAnchorY="0.6037735849056604">
    <source href="assembly.xml#PrepareFinalAuditLine"/>
    <target href="assembly.xml#AggFinalAudit"/>
  </connections>
  <connections type="routesTo" sourceAnchorX="0.3391304347826087" sourceAnchorY="1.0" targetAnchorX="0.4930555555555556" targetAnchorY="0.2972972972972973">
    <source href="assembly.xml#//@beans/@mixed.1/@mixed.101/@mixed.3"/>
    <target href="assembly.xml#Call_AuditErrorMsg"/>
  </connections>
  <connections type="routesTo" sourceAnchorX="0.4358974358974359" sourceAnchorY="0.5943396226415094" targetAnchorX="0.08" targetAnchorY="0.6063829787234043">
    <source href="assembly.xml#AggFinalAudit"/>
    <target href="assembly.xml#StoreFinalAudit"/>
  </connections>
  <connections type="routesTo" sourceAnchorX="0.552" sourceAnchorY="0.6382978723404256" targetAnchorX="0.24031007751937986" targetAnchorY="0.4594594594594595">
    <source href="assembly.xml#StoreFinalAudit"/>
    <target href="assembly.xml#PutFinalAudit"/>
  </connections>
  <connections type="routesTo" sourceAnchorX="0.4732824427480916" sourceAnchorY="1.0" targetAnchorX="0.34841628959276016" targetAnchorY="0.35135135135135137">
    <source href="assembly.xml#//@beans/@mixed.1/@mixed.95/@mixed.3"/>
    <target href="assembly.xml#UnexpectedAuditSplitterError0"/>
  </connections>
  <connections type="routesTo" sourceAnchorX="1.0" sourceAnchorY="0.4864864864864865" targetAnchorX="0.19863013698630136" targetAnchorY="0.4864864864864865">
    <source href="assembly.xml#Sub_AuditError"/>
    <target href="assembly.xml#RetrieveAttrError"/>
  </connections>
  <connections type="routesResponseTo" sourceAnchorX="0.40875912408759124" sourceAnchorY="1.0" targetAnchorX="0.4057971014492754" targetAnchorY="0.7027027027027027">
    <source href="assembly.xml#RetrieveAttrError"/>
    <target href="assembly.xml#AbortRetrieveAttr"/>
  </connections>
  <connections type="routesTo" sourceAnchorX="0.9669421487603306" sourceAnchorY="0.43243243243243246" targetAnchorX="0.13157894736842105" targetAnchorY="0.43243243243243246">
    <source href="assembly.xml#//@beans/@mixed.1/@mixed.115"/>
    <target href="assembly.xml#Note-Error"/>
  </connections>
  <connections type="routesResponseTo" sourceAnchorX="0.5282051282051282" sourceAnchorY="1.0" targetAnchorX="0.5416666666666666" targetAnchorY="0.5135135135135135">
    <source href="assembly.xml#Call_RetrieveDocuments"/>
    <target href="assembly.xml#CallHeader"/>
  </connections>
  <connections type="routesTo" sourceAnchorX="0.7950819672131147" sourceAnchorY="1.0" targetAnchorX="0.23880597014925373" targetAnchorY="0.6847826086956522">
    <source href="assembly.xml#Header"/>
    <target href="assembly.xml#AsyncMediation2"/>
  </connections>
  <connections type="routesTo" sourceAnchorX="1.0" sourceAnchorY="0.2553191489361702" targetAnchorX="0.2986111111111111" targetAnchorY="0.2972972972972973">
    <source href="assembly.xml#AsyncMediation2"/>
    <target href="assembly.xml#CallAgg"/>
  </connections>
  <connections type="routesTo" sourceAnchorX="0.4728682170542636" sourceAnchorY="1.0" targetAnchorX="0.46153846153846156" targetAnchorY="0.4811320754716981">
    <source href="assembly.xml#CloseAggregator"/>
    <target href="assembly.xml#AggFinalAudit"/>
  </connections>
  <connections type="routesResponseTo" sourceAnchorX="0.4305555555555556" sourceAnchorY="1.0" targetAnchorX="0.4470588235294118" targetAnchorY="0.8108108108108109">
    <source href="assembly.xml#CallCloseAggregator"/>
    <target href="assembly.xml#PutIntegrationEvent1"/>
  </connections>
  <connections type="routesResponseTo" sourceAnchorX="0.4105960264900662" sourceAnchorY="1.0" targetAnchorX="0.4375" targetAnchorY="0.7027027027027027">
    <source href="assembly.xml#CallProcAuditFile"/>
    <target href="assembly.xml#CallCloseAggregator"/>
  </connections>
  <connections type="routesResponseTo" sourceAnchorX="0.5902777777777778" sourceAnchorY="1.0" targetAnchorX="0.5960264900662252" targetAnchorY="0.6216216216216216">
    <source href="assembly.xml#CallHeader"/>
    <target href="assembly.xml#CallProcAuditFile"/>
  </connections>
  <swimlanes x="86" y="57" name="Overall Process" orientation="VERTICAL" alignment="MIDDLE">
    <elements href="assembly.xml#StartHere"/>
    <elements href="assembly.xml#CallRetrieval"/>
    <elements href="assembly.xml#CallCloseAgg"/>
  </swimlanes>
  <swimlanes name="Validate Retrieval" orientation="VERTICAL" alignment="MIDDLE">
    <elements href="assembly.xml#CheckFile"/>
    <elements href="assembly.xml#RetrievalError"/>
    <elements href="assembly.xml#IntegrationEnd"/>
  </swimlanes>
  <swimlanes x="361" y="57" name="File Retrieval" alignment="MIDDLE">
    <elements href="assembly.xml#Retrieval"/>
    <elements href="#//@swimlanes.1"/>
    <elements href="assembly.xml#DocIterator"/>
    <elements href="#//@swimlanes.8"/>
    <elements href="assembly.xml#ImportDetailsPosted0"/>
    <elements href="assembly.xml#CallFileProcessor"/>
  </swimlanes>
  <swimlanes x="361" y="446" name="Swimlane" alignment="MIDDLE">
    <elements href="assembly.xml#FileProcessor"/>
    <elements href="#//@swimlanes.4"/>
    <elements href="assembly.xml#ValidationOn"/>
    <elements href="assembly.xml#WorkdayOutSoap"/>
    <elements href="assembly.xml#ValidationOff"/>
    <elements href="#//@swimlanes.7"/>
    <elements href="#//@swimlanes.5"/>
    <elements href="#//@swimlanes.6"/>
    <elements href="assembly.xml#ImportDetailsPosted"/>
  </swimlanes>
  <swimlanes x="520" y="510" name="Swimlane" orientation="VERTICAL" alignment="MIDDLE">
    <elements href="assembly.xml#AsyncMediation"/>
    <elements href="assembly.xml#SubmissionError"/>
  </swimlanes>
  <swimlanes x="1368" y="632" name="Swimlane" orientation="VERTICAL" alignment="MIDDLE">
    <elements href="assembly.xml#CloseAgg"/>
    <elements href="assembly.xml#Aggregator"/>
  </swimlanes>
  <swimlanes x="172" y="599" name="Swimlane" orientation="VERTICAL" alignment="MIDDLE">
    <elements href="assembly.xml#StoreImportProcDetails"/>
    <elements href="assembly.xml#PutIntegrationMessage9"/>
  </swimlanes>
  <swimlanes x="1116" y="516" name="Swimlane" orientation="VERTICAL" alignment="MIDDLE">
    <elements href="assembly.xml#AsyncMediation0"/>
    <elements href="assembly.xml#SubmissionError0"/>
  </swimlanes>
  <swimlanes x="869" y="329" name="Swimlane" orientation="VERTICAL" alignment="MIDDLE">
    <elements href="assembly.xml#AsyncMediation1"/>
    <elements href="assembly.xml#RetrievalError0"/>
  </swimlanes>
  <swimlanes name="" orientation="VERTICAL" alignment="MIDDLE">
    <elements href="assembly.xml#EventWID"/>
    <elements href="assembly.xml#Call_AuditErrorGetDocs"/>
  </swimlanes>
  <swimlanes name="" orientation="VERTICAL" alignment="MIDDLE">
    <elements href="assembly.xml#CopyImportDetailsMsg"/>
    <elements href="assembly.xml#Call_AuditErrorCopyImportDetailsMsg"/>
  </swimlanes>
  <swimlanes name="" orientation="VERTICAL" alignment="MIDDLE">
    <elements href="assembly.xml#PrepareImportMsgWS"/>
    <elements href="assembly.xml#Call_AuditErrorGetImportMsgs"/>
  </swimlanes>
  <swimlanes x="406" y="992" name="" description="2. FILE RETRIEVAL - Get Import Payroll Inputs request details. Split on each and send Get Import Process Messages Web Service" alignment="MIDDLE">
    <elements href="assembly.xml#Sub_RetrieveDocuments"/>
    <elements href="#//@swimlanes.9"/>
    <elements href="assembly.xml#GetEventDocuments0"/>
    <elements href="assembly.xml#GetImportWIDsDoc"/>
    <elements href="#//@swimlanes.10"/>
    <elements href="assembly.xml#SplitByBatch"/>
    <elements href="#//@swimlanes.11"/>
    <elements href="assembly.xml#GetImportProcMsgs"/>
    <elements href="assembly.xml#PagedGetResponse"/>
    <elements href="assembly.xml#Call_ProcImportMsgs"/>
  </swimlanes>
  <swimlanes x="24" y="973" name="Swimlane" orientation="VERTICAL" alignment="MIDDLE">
    <elements href="assembly.xml#ImportReporting"/>
    <elements href="assembly.xml#Call_RetrieveDocuments"/>
    <elements href="assembly.xml#CallHeader"/>
    <elements href="assembly.xml#CallProcAuditFile"/>
    <elements href="assembly.xml#CallCloseAggregator"/>
    <elements href="assembly.xml#PutIntegrationEvent1"/>
  </swimlanes>
  <swimlanes name="Swimlane" orientation="VERTICAL" alignment="MIDDLE">
    <elements href="assembly.xml#NoErrorsInBatchMsg"/>
    <elements href="assembly.xml#UnexpectedSplitterError"/>
  </swimlanes>
  <swimlanes x="406" y="1325" name="Process Imported Messages" description="3. PROCESS IMPORT MESSAGES - calculate where error messages fit in the Audit Log (row numbers)" alignment="MIDDLE">
    <elements href="assembly.xml#Sub_ProcessImportMsgs"/>
    <elements href="#//@swimlanes.14"/>
    <elements href="assembly.xml#SplitByMessage"/>
    <elements href="assembly.xml#SaveErrorsToMap"/>
  </swimlanes>
  <swimlanes name="Swimlane" orientation="VERTICAL" alignment="MIDDLE">
    <elements href="assembly.xml#CopyAuditXML2Msg"/>
    <elements href="assembly.xml#UnexpectedAuditSplitterError"/>
  </swimlanes>
  <swimlanes name="Swimlane" orientation="VERTICAL" alignment="MIDDLE">
    <elements href="assembly.xml#PrepareFinalAuditLine"/>
    <elements href="assembly.xml#Call_AuditErrorMsg"/>
  </swimlanes>
  <swimlanes name="Swimlane" orientation="VERTICAL" alignment="MIDDLE">
    <elements href="assembly.xml#StoreFinalAudit"/>
    <elements href="assembly.xml#UnexpectedAuditSplitterError0"/>
  </swimlanes>
  <swimlanes x="406" y="1671" name="Build Final Audit Log" alignment="MIDDLE">
    <elements href="assembly.xml#Sub_ProcessAuditFile"/>
    <elements href="assembly.xml#GetAuditXML"/>
    <elements href="#//@swimlanes.16"/>
    <elements href="assembly.xml#SplitByAuditRow"/>
    <elements href="#//@swimlanes.17"/>
    <elements href="#//@swimlanes.24"/>
    <elements href="#//@swimlanes.18"/>
    <elements href="assembly.xml#PutFinalAudit"/>
  </swimlanes>
  <swimlanes fgColor="255" name="Local Errors" topBorderColor="255">
    <elements href="assembly.xml#Sub_AuditError"/>
    <elements href="assembly.xml#RetrieveAttrError"/>
    <elements href="assembly.xml#AbortRetrieveAttr"/>
  </swimlanes>
  <swimlanes fgColor="255" name="Global Errors" topBorderColor="255">
    <elements href="assembly.xml#//@beans/@mixed.1/@mixed.115"/>
    <elements href="assembly.xml#Note-Error"/>
  </swimlanes>
  <swimlanes x="406" y="2003" fgColor="255" name="Error Handlers" orientation="VERTICAL" elements="//@swimlanes.20 //@swimlanes.21" topBorderColor="255"/>
  <swimlanes x="1061" y="2023" name="Swimlane" alignment="MIDDLE">
    <elements href="assembly.xml#Header"/>
    <elements href="assembly.xml#AsyncMediation2"/>
    <elements href="assembly.xml#CallAgg"/>
  </swimlanes>
  <swimlanes x="1422" y="1881" name="Swimlane" orientation="VERTICAL" alignment="MIDDLE">
    <elements href="assembly.xml#CloseAggregator"/>
    <elements href="assembly.xml#AggFinalAudit"/>
  </swimlanes>
</wdnm:Diagram>
