<?xml version="1.0" encoding="UTF-8"?>
<beans
     xmlns="http://www.springframework.org/schema/beans"
     xmlns:beans="http://www.springframework.org/schema/beans"
     xmlns:atom="http://www.w3.org/2005/Atom"
     xmlns:cc="http://www.capeclear.com/assembly/10"
     xmlns:cloud="urn:com.workday/esb/cloud/10.0"
     xmlns:env="http://schemas.xmlsoap.org/soap/envelope/"
     xmlns:pi="urn:com.workday/picof"
     xmlns:wd="urn:com.workday/bsvc"
     xmlns:xsi="http://www.w3.org/2001/XMLSchema-instance">
 
	<cc:assembly id="WorkdayAssembly" version="20">
        <cc:workday-in id="StartHere" routes-to="Call-Initialization">
            <cc:integration-system name="INT0034 Populate RACFID From HRO Inbound">
        <cloud:param name="Validation Mode">
          <cloud:type>
            <cloud:simple-type>boolean</cloud:simple-type>
          </cloud:type>
          <cloud:default>
            <cloud:boolean>true</cloud:boolean>
          </cloud:default>
        </cloud:param>
        <cloud:param name="Update RACFID">
          <cloud:type>
            <cloud:simple-type>boolean</cloud:simple-type>
          </cloud:type>
          <cloud:default>
            <cloud:boolean>false</cloud:boolean>
          </cloud:default>
        </cloud:param>
        <cloud:param name="Update Background Check Status">
          <cloud:type>
            <cloud:simple-type>boolean</cloud:simple-type>
          </cloud:type>
          <cloud:default>
            <cloud:boolean>false</cloud:boolean>
          </cloud:default>
        </cloud:param>
        <cloud:attribute-map-service name="INT0034-Generic">
          <cloud:attribute name="RACFID Custom ID Type">
            <cloud:type>
              <cloud:class-report-field description="Custom ID Type" type="WID" singular="true">30477c4518364b2fa88be7f520a6aeaf</cloud:class-report-field>
            </cloud:type>
          </cloud:attribute>
          <cloud:attribute name="Background Check Status">
            <cloud:type>
              <cloud:simple-type>text</cloud:simple-type>
            </cloud:type>
          </cloud:attribute>
        </cloud:attribute-map-service>
        <cloud:report-service name="INT0034-RaaS">
          <cloud:report-alias description="CR INT0034 Contingent Workers" name="INT0034RAAS">
            <cloud:report-reference description="CR INT0034 Contingent Workers v2" type="WID">f480e8ca89e5108396de7df9aed922d7</cloud:report-reference>
          </cloud:report-alias>
        </cloud:report-service>
        <cloud:custom-object-service name="INT0034-CustomObject">
          <cloud:custom-object-alias description="Background Check" name="backgroundCheck">
            <cloud:custom-object-reference description="Background Check Status" type="WID">001793df81f21030c56eb00be4036093</cloud:custom-object-reference>
          </cloud:custom-object-alias>
        </cloud:custom-object-service>
        <cloud:service-reference name="INT0034-Worker-FieldOverride"/>
      </cc:integration-system>
        </cc:workday-in>
        <cc:local-out id="Call-Initialization" store-message="none" routes-response-to="Call-Retrieval" endpoint="vm://INT0034-Populate-RACFID-From-HRO-Inbound/Initialization"/>
        <cc:local-in id="Initialization" routes-to="InitializeParameters"/>
        <cc:async-mediation id="InitializeParameters" routes-to="CallContingentHash">
            <cc:steps>
                <cc:eval id="Init-Integration"><cc:expression>props['lp.validation.mode'] = lp.getSimpleData('Validation Mode')</cc:expression><cc:expression>props['source.name'] = intsys.getName().substring('0',intsys.getName().lastIndexOf('/') )</cc:expression><cc:expression>props['collection.name'] =  props['source.name'].substring('0',props['source.name'].lastIndexOf('/') )</cc:expression><cc:expression>props['source.name'] = props['source.name'].substring(props['source.name'].lastIndexOf('/')+1 )</cc:expression><cc:expression>props['ia.bg.check.status'] = intsys.getAttribute('Background Check Status')</cc:expression><cc:expression>props['ia.custom.id.type'] = intsys.getAttributeReferenceData('RACFID Custom ID Type', 'Custom_ID_Type_ID')</cc:expression><cc:expression>props['lp.update.racfid'] = lp.getSimpleData('Update RACFID')</cc:expression><cc:expression>props['lp.update.bg.check.status'] = lp.getSimpleData('Update Background Check Status')</cc:expression><cc:expression>props['lp.update.racfid'] = props['lp.update.racfid'] == '1' || props['lp.update.racfid'] == true</cc:expression><cc:expression>props['lp.update.bg.check.status'] = props['lp.update.bg.check.status'] == '1' || props['lp.update.bg.check.status'] == true</cc:expression><cc:expression>props['lp.validation.mode'] = props['lp.validation.mode'] == '1' || props['lp.validation.mode'] == true</cc:expression><cc:expression>props['bg.changes.left'] = false</cc:expression></cc:eval>
            
                <cc:eval id="Properties"><cc:expression>props['fail.count'] = 0; props['success.count'] = 0; props['error.free'] = true; props['split.counter'] = 0; props['record.count'] = 0</cc:expression><cc:expression>vars['audit.log'] = empty </cc:expression><cc:expression>props['process.batch'] = false</cc:expression><cc:expression>props['ws.version'] = 'v21.1'</cc:expression><cc:expression>props['batch.count'] = 999</cc:expression><cc:expression>props['bg.change.count'] = 0</cc:expression><cc:expression>props['skip.count'] = 0</cc:expression><cc:expression>props['p.ee.hash.map'] = new java.util.HashMap()</cc:expression><cc:expression>vars['p.ee.node']=empty</cc:expression><cc:expression>props['p.collate'] = true</cc:expression><cc:expression>props['p.batch'] = false</cc:expression></cc:eval>
            </cc:steps>
            <cc:send-error id="SendError" routes-to="Error_Initialization"/>
        </cc:async-mediation>
        <cc:local-out id="Integration-ValidationModeEnabled" execute-when="props['lp.validation.mode'] == '1' || props['lp.validation.mode'] == true" endpoint="vm://wcc/PutIntegrationMessage">
            <cc:set name="is.message.severity" value="'INFO'"/>
            <cc:set name="is.message.summary" value="'Validation Mode is enabled. Workday records will not be updated.'"/>
        </cc:local-out>
        <cc:local-out id="Error_Initialization" store-message="both" endpoint="vm://INT0034-Populate-RACFID-From-HRO-Inbound/ErrorHandler">
            <cc:set name="step.id" value="'Integration Initialization'"/>
            <cc:set name="initial.retrieval" value="true"/>
        </cc:local-out>
        <cc:async-mediation id="SubAuditStore" routes-to="SubAudit_Log">
            <cc:steps>
                <cc:xml-to-csv id="XmlToCsv" output="variable" output-mimetype="text/csv" output-variable="audit.csv" writeHeaderLine="true"/>
                <cc:text-excel id="TextExcel" output="variable" output-variable="audit.xls" input="variable" input-variable="audit.csv" style="text2excel"/>
                <cc:store id="Audit_Store" output="variable" output-variable="audit.xls.output" input="variable" input-variable="audit.xls" collection="@{props['source.name']}" createDocumentReference="false" expiresIn="P180D" title="Inbound_Audit_Log"/>
            </cc:steps>
            <cc:send-error id="SendError" routes-to="PutIntegrationMessage4"/>
        </cc:async-mediation>
        <cc:async-mediation id="ErrorHandler_Step" routes-to="Error_Message">
            <cc:steps>
                <cc:set-headers id="ValidationOff">
                    <cc:remove-headers>
                        <cc:remove-header name="X-Validate-Only"/>
                    </cc:remove-headers>
                    <cc:add-headers/>
                </cc:set-headers>
                <cc:eval id="Handle_Error"><cc:expression>props['error.free'] = false</cc:expression><cc:expression>props['fail.count'] = props['initial.retrieval'] == true ? props['fail.count'] : props['fail.count'] + 1</cc:expression></cc:eval>
            </cc:steps>
        </cc:async-mediation>
        <cc:async-mediation id="SubWriteAuditRowStep" routes-to="SubAuditAggregator">
            <cc:steps>
                <cc:write id="Write" output-mimetype="text/xml">
                    <cc:message>
                        <cc:text>&lt;Entry>&#xD;
&lt;Entry_Number>@{props['split.counter']}&lt;/Entry_Number>&#xD;
&lt;Object_Key>@{props['worker.id']}&lt;/Object_Key>&#xD;
&lt;Status>@{props['status']}&lt;/Status>&#xD;
&lt;File_Name>@{props['file.name']}&lt;/File_Name>&#xD;
&lt;Integration_Message>@{util.cleanString(props['integration.message'])}&lt;/Integration_Message>&#xD;
&lt;/Entry></cc:text>
                    </cc:message>
                </cc:write>
            </cc:steps>
        </cc:async-mediation>
        <cc:local-in id="WriteAuditRow" routes-to="SubWriteAuditRowStep">
            <cc:parameter documentation="Pass the integration message to display in audit log" name="integration.message"/>
            <cc:parameter name="status"/>
        </cc:local-in>
        <cc:aggregator id="SubAuditAggregator" routes-to="SubAuditStore" collate-when="props['process.batch'] == false" force-batch-on-last-message="false" force-batch-when="props['process.batch'] == true">
            <cc:size-batch-strategy batch-size="-1"/>
            <cc:xml-message-content-collater>
        <cc:header-text>&lt;Audit></cc:header-text>
        <cc:footer-text>&lt;/Audit></cc:footer-text>
      </cc:xml-message-content-collater>
        </cc:aggregator>
        <cc:local-out id="SubAudit_Log" endpoint="vm://wcc/PutIntegrationMessage">
            <cc:set name="is.message.severity" value="'INFO'"/>
            <cc:set name="is.message.summary" value="'Audit Log is attached.'"/>
            <cc:set name="is.document.variable.name" value="'audit.xls.output'"/>
            <cc:set name="is.document.file.name" value="props['source.name'] + ' Audit Report.xls'"/>
        </cc:local-out>
        <cc:async-mediation id="Error_Message" routes-to="Call_AuditError">
            <cc:steps>
                <cc:eval id="IntegrationMessage"><cc:expression>props['init.error.message'] = 'The following error has occured at ' # props['step.id'] # ': '# context.getErrorMessage() </cc:expression><cc:expression>props['process.error.message'] = 'The following error has occured for ' # props['worker.id'] # ' during ' # props['step.id'] #  ': ' # context.getErrorMessage() </cc:expression><cc:expression>props['error.integration.message']  =props['initial.retrieval'] == true ? props['init.error.message'] : props['process.error.message']</cc:expression></cc:eval>
            </cc:steps>
        </cc:async-mediation>
        <cc:local-in id="FinalizeLog" routes-to="SubAuditAggregator">
            <cc:parameter default="true" name="process.batch"/>
        </cc:local-in>
        <cc:local-out id="Call_AuditError" store-message="both" endpoint="vm://INT0034-Populate-RACFID-From-HRO-Inbound/WriteAuditRow">
            <cc:set name="integration.message" value="props['error.integration.message']"/>
            <cc:set name="status" value="'fail'"/>
        </cc:local-out>
        <cc:local-in id="ErrorHandler" routes-to="ErrorHandler_Step">
            <cc:parameter documentation="The point of entry" name="step.id"/>
            <cc:parameter default="false" name="initial.retrieval"/>
        </cc:local-in>
        <cc:send-error id="Critical_Error" routes-to="CriticalErrorHandler"/>
        <cc:async-mediation id="CriticalErrorHandler" routes-to="Call_TryFinalizeLog" handle-downstream-errors="true">
            <cc:steps>
                <cc:set-headers id="ValidationOff">
                    <cc:remove-headers>
                        <cc:remove-header name="X-Validate-Only"/>
                    </cc:remove-headers>
                    <cc:add-headers/>
                </cc:set-headers>
            </cc:steps>
            <cc:send-error id="SendError" routes-to="Call_Critical_Message"/>
        </cc:async-mediation>
        <cc:local-out id="Call_Critical_Message" routes-response-to="Call_Critical_Event" endpoint="vm://wcc/PutIntegrationMessage">
            <cc:set name="is.message.severity" value="'CRITICAL'"/>
            <cc:set name="is.message.summary" value="'An unexpected error has occured please see details.'"/>
            <cc:set name="is.message.detail" value="context.getErrorMessage()"/>
        </cc:local-out>
        <cc:local-out id="Call_Critical_Event" endpoint="vm://wcc/PutIntegrationEvent">
            <cc:set name="is.event.completed" value="&quot;current&quot;"/>
        </cc:local-out>
        <cc:local-out id="Call-Retrieval" store-message="none" routes-response-to="Call-GetWorkers" endpoint="vm://INT0034-Populate-RACFID-From-HRO-Inbound/Retrieval"/>
        <cc:sync-mediation id="RowCount" routes-to="AsyncMediation0">
            <cc:request-steps>
                <cc:eval id="CountRows"><cc:expression>props['record.count'] = props['record.count'] + 1</cc:expression></cc:eval>
            </cc:request-steps>
            <cc:response-steps/>
            <cc:send-error id="ErrorHandlerPreProcess" routes-to="Error_DocRetrieval"/>
        </cc:sync-mediation>
        <cc:local-out id="Error_DocRetrieval" store-message="both" endpoint="vm://INT0034-Populate-RACFID-From-HRO-Inbound/ErrorHandler">
            <cc:set name="step.id" value="'Document Retrieval'"/>
            <cc:set name="initial.retrieval" value="true"/>
        </cc:local-out>
        <cc:local-in id="Retrieval" routes-to="RetrieveDocument"/>
        <cc:splitter id="SplitOnRow">
            <cc:sub-route name="ForEachRow" routes-to="RowCount"/>
            <cc:xml-stream-splitter xpath="root/row"/>
        </cc:splitter>
        <cc:sync-mediation id="RetrieveDocument" routes-to="SplitOnRow" handle-downstream-errors="true">
            <cc:request-steps>
                <cc:eval id="RetrieveDoc"><cc:expression>if (da.size() > 0 ) {da.toVar('int415i.dat', &quot;wd.retrieve.variable&quot;)}</cc:expression><cc:expression>props['file.name'] = da.getFileName(0)</cc:expression><cc:expression>vars['wd.retrieve.variable'] = vars['wd.retrieve.variable'].text.replace(Character.toString((char) 26),'')</cc:expression></cc:eval>
                <cc:copy id="CopyDocToMsg" input="variable" input-variable="wd.retrieve.variable"/>
                <cc:csv-to-xml id="CsvToXml" output="message" colNames="'EmployeeID','RACFID'"/>
                <cc:copy id="CopyDocToVar" output="variable" output-mimetype="text/xml" output-variable="original.message"/>
                <cc:log id="RH-Log0">
                    <cc:log-message>
                        <cc:text>~~~~~~~~~~~~~~~~~~~~~~~~~~~~~~&#xD;
RH XML OUTPUT:&#xD;
~~~~~~~~~~~~~~~~~~~~~~~~~~~~~~</cc:text>
                        <cc:message-content/>
                    </cc:log-message>
                </cc:log>
            </cc:request-steps>
            <cc:response-steps>
                <cc:eval id="Remove.LogVar"><cc:expression>props['audit.step']= empty</cc:expression><cc:expression>props['error.free'] = da.size() > 0 &amp;&amp; vars['wd.retrieve.variable'].text != empty</cc:expression></cc:eval>
                <cc:log id="LogRows" input="message">
                    <cc:log-message>
                        <cc:text>&#xD;
---------------------------&#xD;
Number of Records: @{props['record.count']}&#xD;
---------------------------&#xD;
</cc:text>
                    </cc:log-message>
                </cc:log>
                <cc:copy id="CopyOriginalDocToMsg" input="variable" input-variable="original.message"/>
                <cc:copy id="Copy" output="variable" output-variable="contingent.workers"/>
            </cc:response-steps>
            <cc:send-error id="ErrorHandlerDocumentRetrieval" routes-to="Error_DocRetrieval"/>
        </cc:sync-mediation>
        <cc:local-in id="GetWorkers" routes-to="Route1"/>
        <cc:local-out id="Call-GetWorkers" store-message="none" routes-response-to="CallAggregrateWorkerFinal" endpoint="vm://INT0034-Populate-RACFID-From-HRO-Inbound/GetWorkers"/>
        <cc:sync-mediation id="GetWorkersRequest" routes-to="Call-BatchGetWorkers" handle-downstream-errors="true">
            <cc:request-steps>
                <cc:xslt id="Xslt" url="Get_Workers_Request.xsl"/>
            </cc:request-steps>
            <cc:response-steps/>
            <cc:send-error id="SendError" routes-to="PutIntegrationMessage"/>
        </cc:sync-mediation>
        <cc:local-in id="BatchGetWorkers" routes-to="CheckGetWorkersRequest"><cc:parameter default="500" name="batch.count" type="integer"/><cc:parameter default="false" name="try.cw.on.error" type="boolean"/><cc:parameter default="empty" name="preprocessing.subassembly" type="string"/><cc:parameter default="'/env:Envelope/env:Body/wd:Get_Workers_Response/wd:Response_Data/wd:Worker'" name="aggregator.xpath" type="string"/></cc:local-in>
        <cc:async-mediation id="CheckGetWorkersRequest" routes-to="LoopOnBatches" handle-downstream-errors="true">
            <cc:steps>
                <cc:copy id="CopyToVar" output="variable" output-variable="get.workers.request"/>
                <cc:xslt id="Xslt" url="Clean_Get_Workers_Request.xsl"/>
                <cc:eval id="Eval"><cc:expression>props['reference.count'] = parts[0].xpath(&quot;count(/wd:Get_Workers_Request/wd:Request_References/wd:Worker_Reference)&quot;)</cc:expression></cc:eval>
            </cc:steps>
            <cc:send-error id="SendError" routes-to="PutIntegrationMessage0"/>
        </cc:async-mediation>
        <cc:route id="LoopOnBatches">
            <cc:loop-strategy condition="props['start.reference'] &lt;= props['reference.count']" increment="props['start.reference'] = props['start.reference'] + props['batch.count']" init="props['start.reference'] = 1"/>
            <cc:sub-route name="ForEachBatch" routes-to="BatchRequest"/>
        </cc:route>
        <cc:async-mediation id="BatchRequest" routes-to="GetWorkersCall" handle-downstream-errors="true">
            <cc:steps>
                <cc:copy id="CopyReqToMsg" input="variable" input-variable="get.workers.request"/>
                <cc:xslt id="Xslt" url="Batch_Get_Workers_Request.xsl"/>
                <cc:copy id="CopyBatchToVar" output="variable" output-variable="batch.get.workers.request"/>
                <cc:wrap-soap id="WrapSoap"/>
            </cc:steps>
            <cc:send-error id="SendError" routes-to="Route"/>
        </cc:async-mediation>
        <cc:workday-out-soap id="GetWorkersCall" routes-response-to="Call-PreprocessSubroutine" application="Human_Resources" version="@{props['ws.version']}"/>
        <cc:async-mediation id="TryCW" routes-to="TryCWGetWorkersCall" handle-downstream-errors="true">
            <cc:steps>
                <cc:copy id="CopyMsgToErrors" output="variable" output-variable="errors"/>
                <cc:copy id="CopyBatchToMsg" input="variable" input-variable="batch.get.workers.request"/>
                <cc:xslt id="Xslt" url="Try_CW_Get_Workers_Request.xsl"/>
                <cc:copy id="CopyBatchToVar" output="variable" output-variable="batch.get.workers.request"/>
                <cc:wrap-soap id="WrapSoap"/>
            </cc:steps>
            <cc:send-error id="SendError" routes-to="Call-LogUnmatchedEmployeeIDs"/>
        </cc:async-mediation>
        <cc:route id="Route">
            <cc:mvel-strategy>
                <cc:choose-route expression="props['try.cw.on.error']" route="TryContingentWorkerID"/>
                <cc:choose-route expression="!props['try.cw.on.error']" route="FilterOutErrors"/>
            </cc:mvel-strategy>
            <cc:sub-route name="TryContingentWorkerID" routes-to="TryCW"/>
            <cc:sub-route name="FilterOutErrors" routes-to="Call-LogUnmatchedEmployeeIDs"/>
        </cc:route>
        <cc:aggregator id="AggregateBatchResults" force-batch-on-last-message="false" force-batch-when="props['start.reference'] + props['batch.count'] > props['reference.count']">
            <cc:size-batch-strategy batch-size="-1"/>
            <cc:xml-message-content-collater xpath="@{props['aggregator.xpath']}">
        <cc:header-text>&lt;root></cc:header-text>
        <cc:footer-text>&lt;/root></cc:footer-text>
      </cc:xml-message-content-collater>
        </cc:aggregator>
        <cc:workday-out-soap id="TryCWGetWorkersCall" routes-response-to="Call-PreprocessSubroutine" application="Human_Resources" version="@{props['ws.version']}"/>
        <cc:async-mediation id="FilterOutErrors" routes-to="FilterErrorsGetWorkersCall" handle-downstream-errors="true">
            <cc:steps>
                <cc:copy id="CopyBatchToMsg" input="variable" input-variable="batch.get.workers.request"/>
                <cc:xslt id="Xslt" url="Filter_Errors_Get_Workers_Request.xsl"/>
            
                <cc:copy id="CopyBatchToVar" output="variable" output-variable="batch.get.workers.request"/>
                <cc:wrap-soap id="WrapSoap"/>
            </cc:steps>
            <cc:send-error id="SendError" routes-to="Error-GetWorkersBatch"/>
        </cc:async-mediation>
        <cc:workday-out-soap id="FilterErrorsGetWorkersCall" routes-response-to="Call-PreprocessSubroutine" application="Human_Resources" version="@{props['ws.version']}"/>
        <cc:local-out id="Error-GetWorkersBatch" endpoint="vm://wcc/PutIntegrationMessage"><cc:set name="is.message.severity" value="'ERROR'"/><cc:set name="is.message.summary" value="'Error with Get Workers Batch.'"/><cc:set name="is.message.detail" value="context.getErrorMessage"/></cc:local-out>
        <cc:local-out id="Call-BatchGetWorkers" store-message="none" routes-response-to="AsyncMediation1" endpoint="vm://INT0034-Populate-RACFID-From-HRO-Inbound/BatchGetWorkers"><cc:set name="batch.count" value="props['batch.count']"/><cc:set name="try.cw.on.error" value="true"/><cc:set name="preprocessing.subassembly" value="'vm://INT0034-Populate-RACFID-From-HRO-Inbound/PreprocessGetWorkersBatch'"/><cc:set name="aggregator.xpath" value="'root/Worker'"/></cc:local-out>
        <cc:sync-mediation id="GetWorkersResponse" routes-to="Info-CompletedGetWorkersBatch" handle-downstream-errors="true">
            <cc:request-steps>
                <cc:copy id="CopyToVar" output="variable" output-variable="get.workers.response"/>
                <cc:eval id="Eval"><cc:expression>props['good.record.count'] = parts[0].xpath('count(root/Worker)')</cc:expression><cc:expression>props['duplicate.count'] = props['record.count'] - props['good.record.count'] - props['skip.count']</cc:expression></cc:eval>
            </cc:request-steps>
            <cc:response-steps>
            </cc:response-steps>
        </cc:sync-mediation>
        <cc:local-out id="Call-ProcessWorkers" store-message="none" execute-when="props['good.record.count'] > 0" routes-response-to="Call_FinalizeLog" endpoint="vm://INT0034-Populate-RACFID-From-HRO-Inbound/ProcessWorkers"/>
        <cc:local-in id="ProcessWorkers" routes-to="SetContext"/>
        <cc:splitter id="SplitOnWorker">
            <cc:sub-route name="ForEachWorker" routes-to="CheckWorker"/>
            <cc:xml-stream-splitter xpath="/root/Worker"/>
        </cc:splitter>
        <cc:async-mediation id="CheckWorker" routes-to="Call-UpdateRACFID">
            <cc:steps>
                <cc:log id="Log">
                    <cc:log-message>
                        <cc:text>~~~~~~~~~~~~~~GET WORKER OUTPUT~~~~~~~~~~~~~</cc:text>
                        <cc:message-content/>
                    </cc:log-message>
                </cc:log>
                <cc:copy id="CopyRecordToVar" output="variable" output-variable="worker"/>
                <cc:eval id="InputProps"><cc:expression>props['worker.id'] = parts[0].xpath(&quot;Worker/WorkerID&quot;)</cc:expression><cc:expression>props['applicant.wid'] = parts[0].xpath(&quot;Worker/ApplicantWID&quot;)</cc:expression><cc:expression>props['worker.racfid.changed'] = parts[0].xpath(&quot;Worker/RACFIDChanged&quot;) == 'true'</cc:expression><cc:expression>props['worker.bg.check.status.changed'] = parts[0].xpath(&quot;Worker/BGCheckStatusChanged&quot;) == 'true'</cc:expression><cc:expression>props['error.free'] = true</cc:expression><cc:expression>props['split.counter'] = props['split.counter'] + 1</cc:expression><cc:expression>props['worker.active.for.bg.check.status'] = parts[0].xpath(&quot;Worker/ActiveForBGCheck&quot;) == 'true'</cc:expression></cc:eval>
            </cc:steps>
            <cc:send-error id="SendError" routes-to="PutIntegrationMessage3"/>
        </cc:async-mediation>
        <cc:local-out id="Call-UpdateRACFID" store-message="none" execute-when="props['error.free'] &amp;&amp; props['lp.update.racfid'] &amp;&amp; props['worker.racfid.changed']" routes-response-to="Call-UpdateBGStatus" endpoint="vm://INT0034-Populate-RACFID-From-HRO-Inbound/UpdateRACFID"/>
        <cc:local-out id="Call-UpdateBGStatus" store-message="none" execute-when="props['error.free'] &amp;&amp; props['lp.update.bg.check.status'] &amp;&amp; props['worker.active.for.bg.check.status']  &amp;&amp; props['worker.bg.check.status.changed']" routes-response-to="CountSuccess" endpoint="vm://INT0034-Populate-RACFID-From-HRO-Inbound/UpdateBGStatus"/>
        <cc:local-in id="UpdateRACFID" routes-to="ChangeOtherIDsRequest"/>
        <cc:local-in id="DNU-UpdateBGStatus" routes-to="ChangeBGStatusRequest"/>
        <cc:async-mediation id="ChangeOtherIDsRequest" routes-to="ChangeOtherIDs-ValidationMode" handle-downstream-errors="true">
            <cc:steps>
                <cc:eval id="InputProps"><cc:expression>props['success.integration.message'] = 'RACFID successfully updated: ' + props['worker.id']</cc:expression></cc:eval>
                <cc:xslt id="Xslt" input="variable" input-variable="worker" url="Change_Other_IDs_Request.xsl"/>
                <cc:wrap-soap id="WrapSoap"/>
            </cc:steps>
            <cc:send-error id="SendError" routes-to="Error-ChangeOtherIDs"/>
        </cc:async-mediation>
        <cc:workday-out-soap id="ChangeOtherIDsCall" routes-response-to="Call-AuditRow-ChangeOtherIDs" application="Human_Resources" version="@{props['ws.version']}"/>
        <cc:local-out id="Error-ChangeOtherIDs" store-message="both" endpoint="vm://INT0034-Populate-RACFID-From-HRO-Inbound/ErrorHandler">
            <cc:set name="step.id" value="'Update RACFID'"/>
        <cc:set name="initial.retrieval" value="false"/></cc:local-out>
        <cc:async-mediation id="ChangeOtherIDs-ValidationMode" routes-to="ChangeOtherIDsCall" execute-steps-when="props['lp.validation.mode']" handle-downstream-errors="true">
            <cc:steps>
                <cc:set-headers id="ValidationOn">
                    <cc:remove-headers/>
                    <cc:add-headers>
                        <cc:add-header name="X-Validate-Only" value="1"/>
                    </cc:add-headers>
                </cc:set-headers>
                <cc:log id="LogReq">
                    <cc:log-message>
                        <cc:text>&#xD;
----Web Service Request---&#xD;
</cc:text>
                        <cc:message-content/>
                        <cc:line-separator/>
                    </cc:log-message>
                </cc:log>
            </cc:steps>
        </cc:async-mediation>
        <cc:local-out id="Error-ChangeBGStatus" store-message="both" endpoint="vm://INT0034-Populate-RACFID-From-HRO-Inbound/ErrorHandler">
            <cc:set name="step.id" value="'Update RACFID'"/>
            <cc:set name="initial.retrieval" value="false"/>
        </cc:local-out>
        <cc:async-mediation id="ChangeBGStatusRequest" routes-to="ChangeBGStatus-ValidationMode" handle-downstream-errors="true">
            <cc:steps>
                <cc:eval id="InputProps"><cc:expression>props['success.integration.message'] = 'Background Check Status successfully updated: ' + props['worker.id']</cc:expression></cc:eval>
                <cc:xslt id="Xslt" input="variable" input-variable="worker" url="Change_Background_Check_Status_Request.xsl"/>
                <cc:wrap-soap id="WrapSoap"/>
            </cc:steps>
            <cc:send-error id="SendError" routes-to="Error-ChangeBGStatus"/>
        </cc:async-mediation>
        <cc:workday-out-soap id="ChangeBGStatusCall" routes-response-to="Call-AuditRow-ChangeBGStatus" application="Human_Resources" version="@{props['ws.version']}"/>
        <cc:async-mediation id="ChangeBGStatus-ValidationMode" routes-to="ChangeBGStatusCall" execute-steps-when="props['lp.validation.mode'] == '1' || props['lp.validation.mode'] == true" handle-downstream-errors="false">
            <cc:steps>
                <cc:set-headers id="ValidationOn">
                    <cc:remove-headers/>
                    <cc:add-headers>
                        <cc:add-header name="X-Validate-Only" value="1"/>
                    </cc:add-headers>
                </cc:set-headers>
                <cc:log id="LogReq">
                    <cc:log-message>
                        <cc:text>&#xD;
----Web Service Request---&#xD;
</cc:text>
                        <cc:message-content/>
                        <cc:line-separator/>
                    </cc:log-message>
                </cc:log>
            </cc:steps>
        </cc:async-mediation>
        <cc:local-out id="CallPutIntegrationEvent" endpoint="vm://wcc/PutIntegrationEvent">
            <cc:set name="is.event.completed" value="&quot;current&quot;"/>
        </cc:local-out>
        <cc:local-out id="IntegrationFailCounts" routes-response-to="CallPutIntegrationEvent" endpoint="vm://wcc/PutIntegrationMessage">
            <cc:set name="is.message.severity" value="'INFO'"/>
            <cc:set name="is.message.summary" value="props['fail.count'] + ' records failed to process.'"/>
        </cc:local-out>
        <cc:local-out id="IntegrationRecordCounts" routes-response-to="IntegrationSkipRecordCounts" endpoint="vm://wcc/PutIntegrationMessage">
            <cc:set name="is.message.severity" value="'INFO'"/>
            <cc:set name="is.message.summary" value="props['record.count']  + ' records received for processing.'"/>
        </cc:local-out>
        <cc:local-out id="IntegrationSuccessCounts" routes-response-to="IntegrationFailCounts" endpoint="vm://wcc/PutIntegrationMessage">
            <cc:set name="is.message.severity" value="'INFO'"/>
            <cc:set name="is.message.summary" value="props['success.count'] + ' records processed successfully.'"/>
        </cc:local-out>
        <cc:local-out id="Call_FinalizeLog" store-message="both" routes-response-to="Call-ReportCounts" endpoint="vm://INT0034-Populate-RACFID-From-HRO-Inbound/FinalizeLog">
            <cc:set name="process.batch" value="props['process.batch']  = true"/>
        </cc:local-out>
        <cc:local-out id="Call-ReportCounts" store-message="none" endpoint="vm://INT0034-Populate-RACFID-From-HRO-Inbound/ReportCounts"/>
        <cc:local-in id="ReportCounts" routes-to="IntegrationRecordCounts"/>
        <cc:local-out id="IntegrationGoodRecordCounts" routes-response-to="IntegrationSuccessCounts" endpoint="vm://wcc/PutIntegrationMessage">
            <cc:set name="is.message.severity" value="'INFO'"/>
            <cc:set name="is.message.summary" value="props['good.record.count']  + ' records matched with workers in Workday.'"/>
        </cc:local-out>
        <cc:async-mediation id="CountSuccess" routes-to="Call-AuditRow" execute-steps-when="props['error.free']">
            <cc:steps>
                <cc:eval id="CountSuccess"><cc:expression>props['success.count'] = props['success.count']  + 1 </cc:expression><cc:expression>props['audit.step']= ''</cc:expression><cc:expression>props['integration.message'] = ''</cc:expression><cc:expression>props['success.integration.message']  = props['error.free'] &amp;&amp; ((props['lp.update.racfid'] &amp;&amp; props['worker.racfid.changed']) || (props['lp.update.bg.check.status'] &amp;&amp; props['worker.bg.check.status.changed'])) ? 'Record processed successfully: ' # props['worker.id'] : 'No changes needed: ' # props['worker.id']</cc:expression></cc:eval>
            </cc:steps>
        </cc:async-mediation>
        <cc:local-out id="Call-AuditRow" store-message="both" execute-when="props['error.free']" endpoint="vm://INT0034-Populate-RACFID-From-HRO-Inbound/WriteAuditRow">
            <cc:set name="integration.message" value="props['success.integration.message'] "/>
            <cc:set name="status" value="'success'"/>
        </cc:local-out>
        <cc:local-out id="Call-AuditRow-ChangeOtherIDs" store-message="both" execute-when="props['error.free']" endpoint="vm://INT0034-Populate-RACFID-From-HRO-Inbound/WriteAuditRow">
            <cc:set name="integration.message" value="props['success.integration.message'] "/>
            <cc:set name="status" value="'success'"/>
        </cc:local-out>
        <cc:local-out id="Call-AuditRow-ChangeBGStatus" store-message="both" execute-when="props['error.free']" endpoint="vm://INT0034-Populate-RACFID-From-HRO-Inbound/WriteAuditRow">
            <cc:set name="integration.message" value="props['success.integration.message'] "/>
            <cc:set name="status" value="'success'"/>
        </cc:local-out>
        <cc:local-in id="UpdateBGStatus" routes-to="PrepareBGCheckStatus"/>
        <cc:async-mediation id="PrepareBGCheckStatus" routes-to="Log-Error-MissingApplicant">
            <cc:steps>
                <cc:eval id="InputProps"><cc:expression>props['success.integration.message'] = 'Background Check Status Change queued: ' + props['worker.id']</cc:expression><cc:expression>props['error.free'] = (props['applicant.wid'] != empty)</cc:expression><cc:expression>if (!props['error.free']) {props['fail.count'] = props['fail.count'] + 1}</cc:expression></cc:eval>
            </cc:steps>
        </cc:async-mediation>
        <cc:workday-out-rest id="UpdateBulkBGCustomObjectCall" routes-response-to="Call-AuditRow-UpdateBulkBGCustomObject" extra-path="@{intsys.customObjectService.getExtrapath('backgroundCheck')}?updateIfExists=true" method="POST"/>
        <cc:async-mediation id="CheckBGJSON" routes-to="UpdateBulkBGCustomObjectCall" handle-downstream-errors="true">
            <cc:steps>
                <cc:eval id="InputProps"><cc:expression>props['success.integration.message'] = 'BG Custom Object update successfully updated.'</cc:expression><cc:expression>props['process.batch'] = false</cc:expression><cc:expression>props['bg.changes.left'] = false</cc:expression></cc:eval>
            </cc:steps>
            <cc:send-error id="SendError" routes-to="Error-UpdateBulkBGCustomObject"/>
        </cc:async-mediation>
        <cc:local-out id="Error-UpdateBulkBGCustomObject" store-message="both" endpoint="vm://INT0034-Populate-RACFID-From-HRO-Inbound/ErrorHandler">
            <cc:set name="step.id" value="'BG Custom Object Update'"/>
            <cc:set name="initial.retrieval" value="false"/>
        </cc:local-out>
        <cc:local-out id="Call-AuditRow-UpdateBulkBGCustomObject" store-message="both" execute-when="props['error.free']" endpoint="vm://INT0034-Populate-RACFID-From-HRO-Inbound/WriteAuditRow">
            <cc:set name="integration.message" value="props['success.integration.message'] "/>
            <cc:set name="status" value="'success'"/>
        </cc:local-out>
        <cc:local-out id="Call-AuditRow-QueueBGStatusChange" store-message="both" execute-when="props['error.free']" routes-response-to="QueueBGCheckStatus" endpoint="vm://INT0034-Populate-RACFID-From-HRO-Inbound/WriteAuditRow">
            <cc:set name="integration.message" value="props['success.integration.message'] "/>
            <cc:set name="status" value="'success'"/>
        </cc:local-out>
        <cc:async-mediation id="QueueBGCheckStatus" routes-to="CheckBGJSON" execute-steps-when="props['error.free']">
            <cc:steps>
                <cc:eval id="Eval"><cc:expression>props['bg.changes.left'] = true</cc:expression><cc:expression>props['bg.change.count'] = props['bg.change.count'] + 1</cc:expression></cc:eval>
                <cc:write id="Write" output-mimetype="text/plain">
                    <cc:message>
                        <cc:text>{&#xD;
	&quot;applicant&quot;: {&quot;id&quot;: &quot;@{props['applicant.wid']}&quot;},&#xD;
	 &quot;status&quot; : {&quot;id&quot; : &quot;@{props['ia.bg.check.status'].toString().toLowerCase()}&quot;}&#xD;
}&#xD;
</cc:text>
                    </cc:message>
                </cc:write>
            </cc:steps>
        </cc:async-mediation>
        <cc:local-in id="LogUnmatchedEmployeeIDs" routes-to="UnmatchedEmployeeIDs"/>
        <cc:async-mediation id="UnmatchedEmployeeIDs" routes-to="SplitOnUnmatchedEmployeeID" handle-downstream-errors="true">
            <cc:steps>
                <cc:copy id="CopyMsgToErrors" output="variable" output-variable="errors"/>
            
                <cc:copy id="CopyBatchToMsg" input="variable" input-variable="batch.get.workers.request"/>
            
                <cc:xslt id="Xslt" url="Unmatched_Employee_IDs.xsl"/>
            </cc:steps>
            <cc:send-error id="SendError" routes-to="PutIntegrationMessage1"/>
        </cc:async-mediation>
        <cc:splitter id="SplitOnUnmatchedEmployeeID">
            <cc:sub-route name="ForEachUnmatchedEmployeeID" routes-to="UnmatchedEmployeeIDProps"/>
            <cc:xml-stream-splitter xpath="/Unmatched/EmployeeID"/>
        </cc:splitter>
        <cc:async-mediation id="UnmatchedEmployeeIDProps" routes-to="Call-PreHireProcess">
            <cc:steps>
                <cc:eval id="Eval"><cc:expression>props['split.counter'] = props['split.counter'] + 1</cc:expression><cc:expression>props['worker.id'] = parts[0].xpath(&quot;/EmployeeID&quot;)</cc:expression><cc:expression>props['unmatched.integration.message'] = 'Unmatched Employee ID not found in Workday: ' # props['worker.id']</cc:expression><cc:expression>props['skip.count'] = props['skip.count'] + 1</cc:expression></cc:eval>
            </cc:steps>
        </cc:async-mediation>
        <cc:local-out id="Call-LogUnmatchedEmployeeIDs" store-message="none" routes-response-to="FilterOutErrors" endpoint="vm://INT0034-Populate-RACFID-From-HRO-Inbound/LogUnmatchedEmployeeIDs"/>
        <cc:local-out id="IntegrationSkipRecordCounts" routes-response-to="IntegrationDuplicateRecordCounts" endpoint="vm://wcc/PutIntegrationMessage">
            <cc:set name="is.message.severity" value="'INFO'"/>
            <cc:set name="is.message.summary" value="props['skip.count']  + ' records skipped due to unmatched employee ID in Workday.'"/>
        </cc:local-out>
        <cc:local-out id="Call-PreprocessSubroutine" store-message="none" execute-when="props['preprocessing.subassembly'] != empty" routes-response-to="AggregateBatchResults" endpoint="@{props['preprocessing.subassembly']}"/>
        <cc:local-in id="PreprocessGetWorkersBatch" routes-to="CheckForChanges"/>
        <cc:async-mediation id="CheckForChanges" handle-downstream-errors="true">
            <cc:steps>
                <cc:xslt id="Xslt" url="Check_For_Changes.xsl"/>
            </cc:steps>
            <cc:send-error id="SendError" routes-to="Error-GetWorkersBatchPreprocess"/>
        </cc:async-mediation>
        <cc:local-out id="Error-GetWorkersBatchPreprocess" endpoint="vm://wcc/PutIntegrationMessage">
            <cc:set name="is.message.severity" value="'ERROR'"/>
            <cc:set name="is.message.summary" value="'Error with Get Workers Batch Preprocess.'"/>
            <cc:set name="is.message.detail" value="context.getErrorMessage"/>
        </cc:local-out>
        <cc:local-out id="Info-CompletedGetWorkersBatch" endpoint="vm://wcc/PutIntegrationMessage">
            <cc:set name="is.message.severity" value="'INFO'"/>
            <cc:set name="is.message.summary" value="'Completed Get Workers Batching.'"/>
            
        </cc:local-out>
        <cc:async-mediation id="SetContext" routes-to="SplitOnWorker">
            <cc:steps>
                <cc:copy id="CopyResponseToMsg" input="variable" input-variable="get.workers.response"/>
            </cc:steps>
            <cc:send-error id="SendError" routes-to="PutIntegrationMessage2"/>
        </cc:async-mediation>
        <cc:local-out id="IntegrationDuplicateRecordCounts" routes-response-to="IntegrationGoodRecordCounts" endpoint="vm://wcc/PutIntegrationMessage">
            <cc:set name="is.message.severity" value="'INFO'"/>
            <cc:set name="is.message.summary" value="props['duplicate.count']  + ' records skipped due to duplicates in the input file.'"/>
        </cc:local-out>
        <cc:local-out id="Call_TryFinalizeLog" store-message="both" routes-response-to="Call_Critical_Message" endpoint="vm://INT0034-Populate-RACFID-From-HRO-Inbound/FinalizeLog">
            <cc:set name="process.batch" value="props['process.batch']  = true"/>
        </cc:local-out>
        <cc:local-out id="Log-Error-MissingApplicant" store-message="none" execute-when="!props['error.free']" routes-response-to="Call-AuditRow-QueueBGStatusChange" endpoint="vm://INT0034-Populate-RACFID-From-HRO-Inbound/WriteAuditRow"><cc:set name="integration.message" value="'This worker has no associated applicant so background check status could not be updated.'"/><cc:set name="status" value="'fail'"/></cc:local-out>
        <cc:local-in id="ContingentHash" routes-to="WorkdayOutRest"/>
        <cc:workday-out-rest id="WorkdayOutRest" routes-response-to="Splitter0" extra-path="@{intsys.reportService.getExtrapath('INT0034RAAS')}"/>
        <cc:async-mediation id="AsyncMediation">
            <cc:steps>
                <cc:eval id="Eval"><cc:expression>props['p.hash.key.value']=parts[0].xpath(&quot;wd:Report_Entry/wd:Employee_ID&quot;)</cc:expression><cc:expression>props['p.ee.hash.map'].put(props['p.hash.key.value'], parts[0].text)</cc:expression></cc:eval>
            </cc:steps>
        </cc:async-mediation>
        <cc:local-out id="CallContingentHash" store-message="none" routes-response-to="Integration-ValidationModeEnabled" endpoint="vm://INT0034-Populate-RACFID-From-HRO-Inbound/ContingentHash"/>
        <cc:async-mediation id="AsyncMediation0" routes-to="Aggregator">
            <cc:steps>
                <cc:eval id="Eval"><cc:expression>vars['p.ee.node']=empty</cc:expression><cc:expression>props['p.employee.id']=parts[0].xpath(&quot;row/EmployeeID&quot;)</cc:expression><cc:expression>vars['p.ee.node']=props['p.ee.hash.map'].get(props['p.employee.id'])</cc:expression>
                    <cc:expression>props['racfid'] = parts[0].xpath('row/RACFID')</cc:expression></cc:eval>
                <cc:write id="Write">
                    <cc:message>
                        <cc:text>&lt;emplid>@{props['p.employee.id']}&lt;/emplid></cc:text>
                    </cc:message>
                </cc:write>
            </cc:steps>
        </cc:async-mediation>
        <cc:aggregator id="Aggregator" collate-when="vars['p.ee.node']!=empty">
            <cc:size-batch-strategy batch-size="-1"/>
            <cc:xml-message-content-collater>
        <cc:header-text>&lt;root></cc:header-text>
        <cc:footer-text>&lt;/root></cc:footer-text>
      </cc:xml-message-content-collater>
        </cc:aggregator>
        <cc:local-in id="ContingentGetWorkers" routes-to="AsyncMediation4"/>
        <cc:sync-mediation id="SyncMediation" routes-to="Call-BatchContingentWorkers" handle-downstream-errors="true">
            <cc:request-steps>
                <cc:copy id="Copy" input="variable" input-variable="contingent.workers"/>
                <cc:xslt id="Xslt" url="ContingentUpdate.xsl"/>
            </cc:request-steps>
            <cc:response-steps/>
            <cc:send-error id="SendError" routes-to="PutIntegrationMessage6"/>
        </cc:sync-mediation>
        <cc:route id="Route0">
            <cc:loop-strategy condition="props['start.reference'] &lt;= props['reference.count']" increment="props['start.reference'] = props['start.reference'] + props['batch.count']" init="props['start.reference'] = 1"/>
            <cc:sub-route name="SubRoute" routes-to="AsyncMediation2"/>
        </cc:route>
        <cc:async-mediation id="AsyncMediation2" routes-to="WorkdayOutSoap" handle-downstream-errors="true">
            <cc:steps>
                <cc:copy id="Copy" input="variable" input-variable="get.contingent.workers"/>
                <cc:xslt id="Xslt" url="Batch_Get_Workers_Request.xsl"/>
                <cc:copy id="CopyBatchToVar" output="variable" output-variable="batch.get.workers.request"/>
                <cc:wrap-soap id="WrapSoap"/>
            </cc:steps>
            <cc:send-error id="SendError" routes-to="CallunmatchedloginID"/>
        </cc:async-mediation>
        <cc:workday-out-soap id="WorkdayOutSoap" routes-response-to="CallSubRoutine" application="Human_Resources" version="@{props['ws.version']}"/>
        <cc:aggregator id="Aggregator0" force-batch-on-last-message="false" force-batch-when="props['start.reference'] + props['batch.count'] > props['reference.count']">
            <cc:size-batch-strategy batch-size="-1"/>
            <cc:xml-message-content-collater xpath="@{props['aggregator.xpath']}">
        <cc:header-text>&lt;root></cc:header-text>
        <cc:footer-text>&lt;/root></cc:footer-text>
      </cc:xml-message-content-collater>
        </cc:aggregator>
        <cc:async-mediation id="AsyncMediation4" routes-to="Route0" handle-downstream-errors="true">
            <cc:steps>
                <cc:copy id="Copy" output="variable" output-variable="get.contingent.workers" input="message"/>
                <cc:xslt id="Xslt0" url="Clean_Get_Workers_Request.xsl"/>
                <cc:eval id="Eval"><cc:expression>props['reference.count'] = parts[0].xpath(&quot;count(/wd:Get_Workers_Request/wd:Request_References/wd:Worker_Reference)&quot;)</cc:expression></cc:eval>
            </cc:steps>
            <cc:send-error id="SendError" routes-to="PutIntegrationMessage5"/>
        </cc:async-mediation>
        <cc:local-out id="Call-BatchContingentWorkers" store-message="none" routes-response-to="AsyncMediation1" endpoint="vm://INT0034-Populate-RACFID-From-HRO-Inbound/ContingentGetWorkers"><cc:set name="batch.count" value="props['batch.count']"/><cc:set name="preprocessing.subassembly" value="'vm://INT0034-Populate-RACFID-From-HRO-Inbound/PreprocessGetWorkersBatch'"/><cc:set name="aggregator.xpath" value="'root/Worker'"/></cc:local-out>
        <cc:splitter id="Splitter">
            <cc:sub-route name="SubRoute" routes-to="CallAggregrateWorker"/>
            <cc:xpath-splitter xpath="root/Worker"/>
        </cc:splitter>
        <cc:aggregator id="Aggregator1" collate-when="props['p.collate']==true" force-batch-on-last-message="false" force-batch-when="props['p.batch']==true">
            <cc:size-batch-strategy batch-size="-1"/>
            <cc:xml-message-content-collater>
        <cc:header-text>&lt;root></cc:header-text>
        <cc:footer-text>&lt;/root></cc:footer-text>
      </cc:xml-message-content-collater>
        </cc:aggregator>
        <cc:splitter id="Splitter0">
            <cc:sub-route name="SubRoute" routes-to="AsyncMediation"/>
            <cc:xpath-splitter xpath="wd:Report_Data/wd:Report_Entry"/>
        </cc:splitter>
        <cc:route id="Route1">
            <cc:all-strategy/>
            <cc:sub-route name="GetWorkers" routes-to="GetWorkersRequest"/>
            <cc:sub-route name="GetContingentWorkers" routes-to="SyncMediation"/>
        </cc:route>
        <cc:local-in id="AggregrateWorker" routes-to="Aggregator1"/>
        <cc:local-out id="CallAggregrateWorker" store-message="none" endpoint="vm://INT0034-Populate-RACFID-From-HRO-Inbound/AggregrateWorker"/>
        <cc:local-out id="CallAggregrateWorkerFinal" store-message="none" routes-response-to="CallSetCount" endpoint="vm://INT0034-Populate-RACFID-From-HRO-Inbound/AggregrateWorker"><cc:set name="p.batch" value="true"/><cc:set name="p.collate" value="false"/></cc:local-out>
        <cc:local-out id="CallSetCount" store-message="none" routes-response-to="Call-ProcessWorkers" endpoint="vm://INT0034-Populate-RACFID-From-HRO-Inbound/SetCount"/>
        <cc:local-in id="SetCount" routes-to="GetWorkersResponse"/>
        <cc:local-out id="CallSubRoutine" store-message="none" execute-when="props['preprocessing.subassembly'] != empty" routes-response-to="Aggregator0" endpoint="@{props['preprocessing.subassembly']}"/>
        <cc:local-out id="CallunmatchedloginID" store-message="none" endpoint="vm://INT0034-Populate-RACFID-From-HRO-Inbound/LogUnmatchedEmployeeIDs"/>
        <cc:local-out id="PutIntegrationMessage" endpoint="vm://wcc/PutIntegrationMessage"><cc:set name="is.message.severity" value="'ERROR'"/><cc:set name="is.message.summary" value="'Cannot retrieve worker information for WS request.'"/></cc:local-out>
        <cc:local-out id="PutIntegrationMessage0" endpoint="vm://wcc/PutIntegrationMessage"><cc:set name="is.message.severity" value="'ERROR'"/><cc:set name="is.message.summary" value="'Error with cleaning Get Workers Request'"/><cc:set name="is.message.detail" value="context.getErrorMessage"/></cc:local-out>
        <cc:local-in id="ProcessPreHires" routes-to="Get-Applicants"/>
        <cc:local-out id="Call-PreHireProcess" store-message="none" execute-when="props['worker.id'] != null" endpoint="vm://INT0034-Populate-RACFID-From-HRO-Inbound/ProcessPreHires"/>
        <cc:async-mediation id="Get-Applicants" routes-to="GetApplicants-SOAP" handle-downstream-errors="true">
            <cc:steps>
                <cc:eval id="Eval">
                    <cc:expression>props['applicant.id'] = props['worker.id']</cc:expression>
                </cc:eval>
                <cc:write id="Write">
                    <cc:message>
                        <cc:text>&lt;?xml version=&quot;1.0&quot; encoding=&quot;UTF-8&quot;?>&#xD;
&lt;env:Envelope&#xD;
    xmlns:env=&quot;http://schemas.xmlsoap.org/soap/envelope/&quot;>&#xD;
    &lt;env:Body>&#xD;
        &lt;wd:Get_Applicants_Request xmlns:wd=&quot;urn:com.workday/bsvc&quot; wd:version=&quot;v37.2&quot;>&#xD;
            &lt;wd:Request_References>&#xD;
                &lt;wd:Applicant_Reference>&#xD;
                    &lt;wd:ID wd:type=&quot;Applicant_ID&quot;>@{props['applicant.id']}&lt;/wd:ID>&#xD;
                &lt;/wd:Applicant_Reference>&#xD;
            &lt;/wd:Request_References>&#xD;
            &lt;wd:Response_Filter>&#xD;
                &lt;wd:Page>1&lt;/wd:Page>&#xD;
                &lt;wd:Count>1&lt;/wd:Count>&#xD;
            &lt;/wd:Response_Filter>&#xD;
            &lt;wd:Response_Group>&#xD;
                &lt;wd:Include_Personal_Information>true&lt;/wd:Include_Personal_Information>&#xD;
                &lt;wd:Include_Recruiting_Information>true&lt;/wd:Include_Recruiting_Information>&#xD;
                &lt;wd:Include_External_Integration_ID_Data>true&lt;/wd:Include_External_Integration_ID_Data>&#xD;
            &lt;/wd:Response_Group>&#xD;
        &lt;/wd:Get_Applicants_Request>&#xD;
    &lt;/env:Body>&#xD;
&lt;/env:Envelope></cc:text>
                    </cc:message>
                </cc:write>
            </cc:steps>
            <cc:send-error id="WWS-Error" routes-to="Call-Unsuccessful-Prehire-Audit"/>
        </cc:async-mediation>
        <cc:workday-out-soap id="GetApplicants-SOAP" routes-response-to="GetApplicants-Split" application="Recruiting" version="v37.2"/>
        <cc:local-out id="Call-Unsuccessful-Prehire-Audit" store-message="none" endpoint="vm://INT0034-Populate-RACFID-From-HRO-Inbound/WriteAuditRow"><cc:set name="integration.message" value="props['unmatched.integration.message'] "/><cc:set name="status" value="'warning'"/><cc:set name="step.id"/><cc:set name="initial.retrieval" value="false"/></cc:local-out>
        <cc:async-mediation id="Put-Applicants" routes-to="EditAppl-OtherIDs-ValidationMode" handle-downstream-errors="true">
            <cc:steps>
                <cc:eval id="Eval">
                    <cc:expression>props['get.applicant.racfid'] = parts[0].xpath('wd:Applicant_Data/wd:Personal_Data/wd:Identification_Data/wd:Custom_ID/wd:Custom_ID_Data/wd:ID_Type_Reference/wd:ID[@wd:type=&quot;Custom_ID_Type_ID&quot;]') == 'RACF ID'</cc:expression>
                    <cc:expression>props['success.prehire.int.message'] = props['get.applicant.racfid']? 'No changes needed to applicant RACFID: ' + props['applicant.id']:'RACFID successfully updated: ' + props['applicant.id']</cc:expression>
                </cc:eval>
                <cc:xslt execute-when="!props['get.applicant.racfid']" id="PutApplicants-WWS" url="Add_IDs_For_Applicants.xsl"/>
                <cc:wrap-soap execute-when="!props['get.applicant.racfid']" id="WrapSoap"/>
            </cc:steps>
            <cc:send-error id="PutApplicantWWS-Error" routes-to="PutApplicants-PIM"/>
        </cc:async-mediation>
        <cc:local-out id="Call-Successful-Prehire-Audit" store-message="none" endpoint="vm://INT0034-Populate-RACFID-From-HRO-Inbound/WriteAuditRow"><cc:set name="integration.message" value="props['success.prehire.int.message']"/><cc:set name="status" value="'success'"/></cc:local-out>
        <cc:local-out id="PutApplicants-PIM" endpoint="vm://wcc/PutIntegrationMessage"><cc:set name="is.message.severity" value="'ERROR'"/><cc:set name="is.message.summary" value="context.errorMessage"/><cc:set name="is.message.detail" value="'Error occurred on Put Applicants step.'"/></cc:local-out>
        <cc:local-out id="PutIntegrationMessage1" endpoint="vm://wcc/PutIntegrationMessage"><cc:set name="is.message.severity" value="'ERROR'"/><cc:set name="is.message.summary" value="'Error occured at step Unmatched Employee IDs:' "/><cc:set name="is.message.detail" value="context.errorMessage"/></cc:local-out>
        <cc:local-out id="PutIntegrationMessage2" endpoint="vm://wcc/PutIntegrationMessage"><cc:set name="is.message.severity" value="'ERROR'"/><cc:set name="is.message.summary" value="'Error occurred at step SetContext for the Process Workers subprocess:'"/><cc:set name="is.message.detail" value="context.errorMessage"/></cc:local-out>
        <cc:local-out id="PutIntegrationMessage3" endpoint="vm://wcc/PutIntegrationMessage"><cc:set name="is.message.severity" value="'ERROR'"/><cc:set name="is.message.summary" value="'Error occured on step CheckWorker for the Process Workers subprocess:' "/><cc:set name="is.message.detail" value="context.errorMessage"/></cc:local-out>
        <cc:local-out id="PutIntegrationMessage4" endpoint="vm://wcc/PutIntegrationMessage"><cc:set name="is.message.severity" value="'ERROR'"/><cc:set name="is.message.summary" value="'Error occurred at step SubAuditStore:' "/><cc:set name="is.message.detail" value="context.errorMessage()"/></cc:local-out>
        <cc:async-mediation id="EditAppl-OtherIDs-ValidationMode" routes-to="PutApplicants-SOAP" execute-steps-when="props['lp.validation.mode']" handle-downstream-errors="true">
            <cc:steps>
                <cc:set-headers id="ValidationOn">
                    <cc:remove-headers/>
                    <cc:add-headers>
                        <cc:add-header name="X-Validate-Only" value="1"/>
                    </cc:add-headers>
                </cc:set-headers>
                <cc:log id="LogReq">
                    <cc:log-message>
                        <cc:text>---- Put Applicants Wrapped SOAP---&#xD;
</cc:text>
                        <cc:message-content/>
                        <cc:line-separator/>
                    </cc:log-message>
                </cc:log>
            </cc:steps>
            <cc:send-error id="ValidationMode-Error" routes-to="ValidationMode-PIM"/>
        </cc:async-mediation>
        <cc:local-out id="ValidationMode-PIM" endpoint="vm://wcc/PutIntegrationMessage"><cc:set name="is.message.severity" value="'ERROR'"/><cc:set name="is.message.summary" value="context.errorMessage"/></cc:local-out><cc:workday-out-soap id="PutApplicants-SOAP" execute-when="!props['get.applicant.racfid']" routes-response-to="Call-Successful-Prehire-Audit" application="Recruiting" version="v37.2"/>
        <cc:splitter id="GetApplicants-Split">
            <cc:sub-route name="ForEachApplicant" routes-to="Put-Applicants"/>
            <cc:xml-stream-splitter xpath="env:Envelope/env:Body/wd:Get_Applicants_Response/wd:Response_Data/wd:Applicant/wd:Applicant_Data"/>
        </cc:splitter>
        <cc:local-out id="PutIntegrationMessage5" endpoint="vm://wcc/PutIntegrationMessage"><cc:set name="is.message.severity" value="'ERROR'"/><cc:set name="is.message.summary" value="context.errorMessage"/></cc:local-out>
        <cc:async-mediation id="AsyncMediation1" routes-to="Splitter">
            <cc:steps>
                <cc:log id="BatchResponse">
                    <cc:log-message>
                        <cc:text>~~~~~~~~~~ BATCH RESPONSE ~~~~~~~~~~~~~~~</cc:text>
                        <cc:message-content/>
                    </cc:log-message>
                </cc:log>
            </cc:steps>
        </cc:async-mediation>
        <cc:local-out id="PutIntegrationMessage6" endpoint="vm://wcc/PutIntegrationMessage"><cc:set name="is.message.severity" value="'ERROR'"/><cc:set name="is.message.summary" value="'Cannot retrieve contingent worker information for WS request.'"/></cc:local-out>
    </cc:assembly>

</beans>