<?xml version="1.0" encoding="UTF-8"?>
<wdnm:Diagram xmlns:wdnm="http://workday.com/studio/editors/notation">
  <element href="assembly.xml#WorkdayAssembly"/>
  <visualProperties x="60" y="75">
    <element href="assembly.xml#StartHere"/>
  </visualProperties>
  <visualProperties x="41" y="202">
    <element href="assembly.xml#Call-Initialization"/>
  </visualProperties>
  <visualProperties x="266" y="202">
    <element href="assembly.xml#Initialization"/>
  </visualProperties>
  <visualProperties x="424" y="198">
    <element href="assembly.xml#InitializeParameters"/>
  </visualProperties>
  <visualProperties x="848" y="242">
    <element href="assembly.xml#Integration-ValidationModeEnabled"/>
  </visualProperties>
  <visualProperties x="699" y="327">
    <element href="assembly.xml#Error_Initialization"/>
  </visualProperties>
  <visualProperties x="249" y="3290">
    <element href="assembly.xml#FinalizeLog"/>
  </visualProperties>
  <visualProperties x="618" y="3451">
    <element href="assembly.xml#Error_Message"/>
  </visualProperties>
  <visualProperties x="882" y="3290">
    <element href="assembly.xml#SubAudit_Log"/>
  </visualProperties>
  <visualProperties x="438" y="3256">
    <element href="assembly.xml#SubAuditAggregator"/>
  </visualProperties>
  <visualProperties x="250" y="3132">
    <element href="assembly.xml#WriteAuditRow"/>
  </visualProperties>
  <visualProperties x="431" y="3094">
    <element href="assembly.xml#SubWriteAuditRowStep"/>
  </visualProperties>
  <visualProperties x="404" y="3451">
    <element href="assembly.xml#ErrorHandler_Step"/>
  </visualProperties>
  <visualProperties x="618" y="3262">
    <element href="assembly.xml#SubAuditStore"/>
  </visualProperties>
  <visualProperties x="244" y="3469">
    <element href="assembly.xml#ErrorHandler"/>
  </visualProperties>
  <visualProperties x="789" y="3490">
    <element href="assembly.xml#Call_AuditError"/>
  </visualProperties>
  <visualProperties x="1083" y="3685">
    <element href="assembly.xml#Call_Critical_Event"/>
  </visualProperties>
  <visualProperties x="833" y="3685">
    <element href="assembly.xml#Call_Critical_Message"/>
  </visualProperties>
  <visualProperties x="400" y="3597">
    <element href="assembly.xml#CriticalErrorHandler"/>
  </visualProperties>
  <visualProperties x="252" y="3631">
    <element href="assembly.xml#//@beans/@mixed.1/@mixed.33"/>
  </visualProperties>
  <visualProperties x="49" y="461">
    <element href="assembly.xml#Call-Retrieval"/>
  </visualProperties>
  <visualProperties x="513" y="388">
    <element href="assembly.xml#RetrieveDocument"/>
  </visualProperties>
  <visualProperties x="910" y="389">
    <element href="assembly.xml#SplitOnRow"/>
  </visualProperties>
  <visualProperties x="274" y="461">
    <element href="assembly.xml#Retrieval"/>
  </visualProperties>
  <visualProperties x="898" y="559">
    <element href="assembly.xml#Error_DocRetrieval"/>
  </visualProperties>
  <visualProperties x="1125" y="389">
    <element href="assembly.xml#RowCount"/>
  </visualProperties>
  <visualProperties x="237" y="701">
    <element href="assembly.xml#GetWorkers"/>
  </visualProperties>
  <visualProperties x="43" y="720">
    <element href="assembly.xml#Call-GetWorkers"/>
  </visualProperties>
  <visualProperties x="546" y="595">
    <element href="assembly.xml#GetWorkersRequest"/>
  </visualProperties>
  <visualProperties x="250" y="918">
    <element href="assembly.xml#BatchGetWorkers"/>
  </visualProperties>
  <visualProperties x="449" y="918">
    <element href="assembly.xml#CheckGetWorkersRequest"/>
  </visualProperties>
  <visualProperties x="688" y="918">
    <element href="assembly.xml#LoopOnBatches"/>
  </visualProperties>
  <visualProperties x="853" y="880">
    <element href="assembly.xml#BatchRequest"/>
  </visualProperties>
  <visualProperties x="1359" y="904">
    <element href="assembly.xml#GetWorkersCall"/>
  </visualProperties>
  <visualProperties x="1201" y="1011">
    <element href="assembly.xml#TryCW"/>
  </visualProperties>
  <visualProperties x="945" y="1049">
    <element href="assembly.xml#Route"/>
  </visualProperties>
  <visualProperties x="2242" y="912">
    <element href="assembly.xml#AggregateBatchResults"/>
  </visualProperties>
  <visualProperties x="1712" y="1038">
    <element href="assembly.xml#TryCWGetWorkersCall"/>
  </visualProperties>
  <visualProperties x="1474" y="1200">
    <element href="assembly.xml#FilterOutErrors"/>
  </visualProperties>
  <visualProperties x="1872" y="1142">
    <element href="assembly.xml#FilterErrorsGetWorkersCall"/>
  </visualProperties>
  <visualProperties x="1872" y="1277">
    <element href="assembly.xml#Error-GetWorkersBatch"/>
  </visualProperties>
  <visualProperties x="758" y="651">
    <element href="assembly.xml#Call-BatchGetWorkers"/>
  </visualProperties>
  <visualProperties x="1420" y="651">
    <element href="assembly.xml#GetWorkersResponse"/>
  </visualProperties>
  <visualProperties x="24" y="1966">
    <element href="assembly.xml#Call-ProcessWorkers"/>
  </visualProperties>
  <visualProperties x="259" y="1966">
    <element href="assembly.xml#ProcessWorkers"/>
  </visualProperties>
  <visualProperties x="658" y="1903">
    <element href="assembly.xml#SplitOnWorker"/>
  </visualProperties>
  <visualProperties x="889" y="1919">
    <element href="assembly.xml#CheckWorker"/>
  </visualProperties>
  <visualProperties x="1152" y="1961">
    <element href="assembly.xml#Call-UpdateRACFID"/>
  </visualProperties>
  <visualProperties x="1360" y="1961">
    <element href="assembly.xml#Call-UpdateBGStatus"/>
  </visualProperties>
  <visualProperties x="253" y="2187">
    <element href="assembly.xml#UpdateRACFID"/>
  </visualProperties>
  <visualProperties x="243" y="2871">
    <element href="assembly.xml#DNU-UpdateBGStatus"/>
  </visualProperties>
  <visualProperties x="446" y="2152">
    <element href="assembly.xml#ChangeOtherIDsRequest"/>
  </visualProperties>
  <visualProperties x="1029" y="2187">
    <element href="assembly.xml#ChangeOtherIDsCall"/>
  </visualProperties>
  <visualProperties x="708" y="2168">
    <element href="assembly.xml#ChangeOtherIDs-ValidationMode"/>
  </visualProperties>
  <visualProperties x="739" y="2302">
    <element href="assembly.xml#Error-ChangeOtherIDs"/>
  </visualProperties>
  <visualProperties x="735" y="2858">
    <element href="assembly.xml#ChangeBGStatus-ValidationMode"/>
  </visualProperties>
  <visualProperties x="1069" y="2871">
    <element href="assembly.xml#ChangeBGStatusCall"/>
  </visualProperties>
  <visualProperties x="463" y="2864">
    <element href="assembly.xml#ChangeBGStatusRequest"/>
  </visualProperties>
  <visualProperties x="734" y="2982">
    <element href="assembly.xml#Error-ChangeBGStatus"/>
  </visualProperties>
  <visualProperties x="39" y="3290">
    <element href="assembly.xml#Call_FinalizeLog"/>
  </visualProperties>
  <visualProperties x="1559" y="3843">
    <element href="assembly.xml#IntegrationSuccessCounts"/>
  </visualProperties>
  <visualProperties x="442" y="3843">
    <element href="assembly.xml#IntegrationRecordCounts"/>
  </visualProperties>
  <visualProperties x="1821" y="3843">
    <element href="assembly.xml#IntegrationFailCounts"/>
  </visualProperties>
  <visualProperties x="2049" y="3843">
    <element href="assembly.xml#CallPutIntegrationEvent"/>
  </visualProperties>
  <visualProperties x="31" y="3843">
    <element href="assembly.xml#Call-ReportCounts"/>
  </visualProperties>
  <visualProperties x="241" y="3843">
    <element href="assembly.xml#ReportCounts"/>
  </visualProperties>
  <visualProperties x="1277" y="3843">
    <element href="assembly.xml#IntegrationGoodRecordCounts"/>
  </visualProperties>
  <visualProperties x="1783" y="1955">
    <element href="assembly.xml#Call-AuditRow"/>
  </visualProperties>
  <visualProperties x="1590" y="1927">
    <element href="assembly.xml#CountSuccess"/>
  </visualProperties>
  <visualProperties x="1271" y="2187">
    <element href="assembly.xml#Call-AuditRow-ChangeOtherIDs"/>
  </visualProperties>
  <visualProperties x="1304" y="2871">
    <element href="assembly.xml#Call-AuditRow-ChangeBGStatus"/>
  </visualProperties>
  <visualProperties x="245" y="2440">
    <element href="assembly.xml#UpdateBGStatus"/>
  </visualProperties>
  <visualProperties x="536" y="2412">
    <element href="assembly.xml#PrepareBGCheckStatus"/>
  </visualProperties>
  <visualProperties x="1588" y="2625">
    <element href="assembly.xml#UpdateBulkBGCustomObjectCall"/>
  </visualProperties>
  <visualProperties x="1359" y="2625">
    <element href="assembly.xml#CheckBGJSON"/>
  </visualProperties>
  <visualProperties x="1584" y="2735">
    <element href="assembly.xml#Error-UpdateBulkBGCustomObject"/>
  </visualProperties>
  <visualProperties x="1903" y="2625">
    <element href="assembly.xml#Call-AuditRow-UpdateBulkBGCustomObject"/>
  </visualProperties>
  <visualProperties x="800" y="2505">
    <element href="assembly.xml#Call-AuditRow-QueueBGStatusChange"/>
  </visualProperties>
  <visualProperties x="1091" y="2412">
    <element href="assembly.xml#QueueBGCheckStatus"/>
  </visualProperties>
  <visualProperties x="244" y="1720">
    <element href="assembly.xml#LogUnmatchedEmployeeIDs"/>
  </visualProperties>
  <visualProperties x="536" y="1693">
    <element href="assembly.xml#UnmatchedEmployeeIDs"/>
  </visualProperties>
  <visualProperties x="889" y="1663">
    <element href="assembly.xml#SplitOnUnmatchedEmployeeID"/>
  </visualProperties>
  <visualProperties x="1222" y="1705">
    <element href="assembly.xml#UnmatchedEmployeeIDProps"/>
  </visualProperties>
  <visualProperties x="1189" y="1244">
    <element href="assembly.xml#Call-LogUnmatchedEmployeeIDs"/>
  </visualProperties>
  <visualProperties x="690" y="3843">
    <element href="assembly.xml#IntegrationSkipRecordCounts"/>
  </visualProperties>
  <visualProperties x="1948" y="941">
    <element href="assembly.xml#Call-PreprocessSubroutine"/>
  </visualProperties>
  <visualProperties x="252" y="1449">
    <element href="assembly.xml#PreprocessGetWorkersBatch"/>
  </visualProperties>
  <visualProperties x="559" y="1404">
    <element href="assembly.xml#CheckForChanges"/>
  </visualProperties>
  <visualProperties x="812" y="1507">
    <element href="assembly.xml#Error-GetWorkersBatchPreprocess"/>
  </visualProperties>
  <visualProperties x="1635" y="707">
    <element href="assembly.xml#Info-CompletedGetWorkersBatch"/>
  </visualProperties>
  <visualProperties x="459" y="1933">
    <element href="assembly.xml#SetContext"/>
  </visualProperties>
  <visualProperties x="968" y="3843">
    <element href="assembly.xml#IntegrationDuplicateRecordCounts"/>
  </visualProperties>
  <visualProperties x="630" y="3625">
    <element href="assembly.xml#Call_TryFinalizeLog"/>
  </visualProperties>
  <visualProperties x="782" y="2425">
    <element href="assembly.xml#Log-Error-MissingApplicant"/>
  </visualProperties>
  <visualProperties x="148" y="3992">
    <element href="assembly.xml#ContingentHash"/>
  </visualProperties>
  <visualProperties x="386" y="3992">
    <element href="assembly.xml#WorkdayOutRest"/>
  </visualProperties>
  <visualProperties x="743" y="3948">
    <element href="assembly.xml#AsyncMediation"/>
  </visualProperties>
  <visualProperties x="642" y="238">
    <element href="assembly.xml#CallContingentHash"/>
  </visualProperties>
  <visualProperties x="1360" y="398">
    <element href="assembly.xml#AsyncMediation0"/>
  </visualProperties>
  <visualProperties x="1551" y="392">
    <element href="assembly.xml#Aggregator"/>
  </visualProperties>
  <visualProperties x="148" y="4110">
    <element href="assembly.xml#ContingentGetWorkers"/>
  </visualProperties>
  <visualProperties x="562" y="756">
    <element href="assembly.xml#SyncMediation"/>
  </visualProperties>
  <visualProperties x="599" y="4104">
    <element href="assembly.xml#Route0"/>
  </visualProperties>
  <visualProperties x="747" y="4110">
    <element href="assembly.xml#AsyncMediation2"/>
  </visualProperties>
  <visualProperties x="1069" y="4215">
    <element href="assembly.xml#WorkdayOutSoap"/>
  </visualProperties>
  <visualProperties x="1345" y="4083">
    <element href="assembly.xml#Aggregator0"/>
  </visualProperties>
  <visualProperties x="351" y="4104">
    <element href="assembly.xml#AsyncMediation4"/>
  </visualProperties>
  <visualProperties x="758" y="777">
    <element href="assembly.xml#Call-BatchContingentWorkers"/>
  </visualProperties>
  <visualProperties x="1029" y="630">
    <element href="assembly.xml#Splitter"/>
  </visualProperties>
  <visualProperties x="456" y="4038">
    <element href="assembly.xml#Aggregator1"/>
  </visualProperties>
  <visualProperties x="589" y="3934">
    <element href="assembly.xml#Splitter0"/>
  </visualProperties>
  <visualProperties x="386" y="650">
    <element href="assembly.xml#Route1"/>
  </visualProperties>
  <visualProperties x="224" y="4072">
    <element href="assembly.xml#AggregrateWorker"/>
  </visualProperties>
  <visualProperties x="1189" y="672">
    <element href="assembly.xml#CallAggregrateWorker"/>
  </visualProperties>
  <visualProperties x="24" y="812">
    <element href="assembly.xml#CallAggregrateWorkerFinal"/>
  </visualProperties>
  <visualProperties x="41" y="893">
    <element href="assembly.xml#CallSetCount"/>
  </visualProperties>
  <visualProperties x="1262" y="768">
    <element href="assembly.xml#SetCount"/>
  </visualProperties>
  <visualProperties x="1166" y="4110">
    <element href="assembly.xml#CallSubRoutine"/>
  </visualProperties>
  <visualProperties x="848" y="4267">
    <element href="assembly.xml#CallunmatchedloginID"/>
  </visualProperties>
  <visualProperties x="523" y="1160">
    <element href="assembly.xml#PutIntegrationMessage"/>
  </visualProperties>
  <visualProperties x="329" y="1889">
    <element href="assembly.xml#PutIntegrationMessage0"/>
  </visualProperties>
  <visualProperties x="107" y="3023">
    <element href="assembly.xml#ProcessPreHires"/>
  </visualProperties>
  <visualProperties x="1121" y="2814">
    <element href="assembly.xml#Call-PreHireProcess"/>
  </visualProperties>
  <visualProperties x="253" y="3043">
    <element href="assembly.xml#Get-Applicants"/>
  </visualProperties>
  <visualProperties x="389" y="3035">
    <element href="assembly.xml#GetApplicants-SOAP"/>
  </visualProperties>
  <visualProperties x="1198" y="3237">
    <element href="assembly.xml#Call-Unsuccessful-Prehire-Audit"/>
  </visualProperties>
  <visualProperties x="1347" y="3089">
    <element href="assembly.xml#Put-Applicants"/>
  </visualProperties>
  <visualProperties x="1448" y="3093">
    <element href="assembly.xml#Call-Successful-Prehire-Audit"/>
  </visualProperties>
  <visualProperties x="1410" y="3200">
    <element href="assembly.xml#PutApplicants-PIM"/>
  </visualProperties>
  <visualProperties x="329" y="2914">
    <element href="assembly.xml#PutIntegrationMessage1"/>
  </visualProperties>
  <visualProperties x="266" y="3524">
    <element href="assembly.xml#PutIntegrationMessage2"/>
  </visualProperties>
  <visualProperties x="818" y="3505">
    <element href="assembly.xml#PutIntegrationMessage3"/>
  </visualProperties>
  <visualProperties x="510" y="4626">
    <element href="assembly.xml#PutIntegrationMessage4"/>
  </visualProperties>
  <visualProperties x="1257" y="3137">
    <element href="assembly.xml#EditAppl-OtherIDs-ValidationMode"/>
  </visualProperties>
  <visualProperties x="1004" y="3166">
    <element href="assembly.xml#ValidationMode-PIM"/>
  </visualProperties>
  <visualProperties x="379" y="259">
    <element href="assembly.xml#PutApplicants-SOAP"/>
  </visualProperties>
  <visualProperties x="227" y="3108">
    <element href="assembly.xml#GetApplicants-Split"/>
  </visualProperties>
  <visualProperties x="-147" y="5611">
    <element href="assembly.xml#PutIntegrationMessage5"/>
  </visualProperties>
  <visualProperties x="440" y="1027">
    <element href="assembly.xml#AsyncMediation1"/>
  </visualProperties>
  <visualProperties x="40" y="1455">
    <element href="assembly.xml#PutIntegrationMessage6"/>
  </visualProperties>
  <connections type="routesTo">
    <source href="assembly.xml#Initialization"/>
    <target href="assembly.xml#InitializeParameters"/>
  </connections>
  <connections type="routesTo">
    <source href="assembly.xml#//@beans/@mixed.1/@mixed.7/@mixed.3"/>
    <target href="assembly.xml#Error_Initialization"/>
  </connections>
  <connections type="routesTo">
    <source href="assembly.xml#FinalizeLog"/>
    <target href="assembly.xml#SubAuditAggregator"/>
  </connections>
  <connections type="routesTo" targetAnchorX="0.08759124087591241" targetAnchorY="0.5212765957446809">
    <source href="assembly.xml#ErrorHandler_Step"/>
    <target href="assembly.xml#Error_Message"/>
  </connections>
  <connections type="routesTo">
    <source href="assembly.xml#SubAuditStore"/>
    <target href="assembly.xml#SubAudit_Log"/>
  </connections>
  <connections type="routesTo">
    <source href="assembly.xml#SubAuditAggregator"/>
    <target href="assembly.xml#SubAuditStore"/>
  </connections>
  <connections type="routesTo" targetAnchorX="0.6724137931034483" targetAnchorY="0.018867924528301886">
    <source href="assembly.xml#SubWriteAuditRowStep"/>
    <target href="assembly.xml#SubAuditAggregator"/>
  </connections>
  <connections type="routesTo">
    <source href="assembly.xml#WriteAuditRow"/>
    <target href="assembly.xml#SubWriteAuditRowStep"/>
  </connections>
  <connections type="routesTo">
    <source href="assembly.xml#ErrorHandler"/>
    <target href="assembly.xml#ErrorHandler_Step"/>
  </connections>
  <connections type="routesTo">
    <source href="assembly.xml#Error_Message"/>
    <target href="assembly.xml#Call_AuditError"/>
  </connections>
  <connections type="routesResponseTo" sourceAnchorX="0.9425287356321839" sourceAnchorY="0.475" targetAnchorX="0.0625" targetAnchorY="0.275">
    <source href="assembly.xml#Call_Critical_Message"/>
    <target href="assembly.xml#Call_Critical_Event"/>
  </connections>
  <connections type="routesTo" sourceAnchorX="1.0" sourceAnchorY="0.3829787234042553" targetAnchorX="0.6121212121212121" targetAnchorY="0.43243243243243246">
    <source href="assembly.xml#CriticalErrorHandler"/>
    <target href="assembly.xml#Call_TryFinalizeLog"/>
  </connections>
  <connections type="routesTo" sourceAnchorX="0.8681318681318682" sourceAnchorY="0.6" targetAnchorX="0.05263157894736842" targetAnchorY="0.648936170212766">
    <source href="assembly.xml#//@beans/@mixed.1/@mixed.33"/>
    <target href="assembly.xml#CriticalErrorHandler"/>
  </connections>
  <connections type="routesTo">
    <source href="assembly.xml#StartHere"/>
    <target href="assembly.xml#Call-Initialization"/>
  </connections>
  <connections type="routesTo" targetAnchorX="0.16822429906542055" targetAnchorY="0.5064935064935064">
    <source href="assembly.xml#RetrieveDocument"/>
    <target href="assembly.xml#SplitOnRow"/>
  </connections>
  <connections type="routesTo">
    <source href="assembly.xml#Retrieval"/>
    <target href="assembly.xml#RetrieveDocument"/>
  </connections>
  <connections type="routesTo">
    <source href="assembly.xml#//@beans/@mixed.1/@mixed.51/@mixed.5"/>
    <target href="assembly.xml#Error_DocRetrieval"/>
  </connections>
  <connections type="routesTo" sourceAnchorX="0.816" sourceAnchorY="0.17647058823529413" targetAnchorX="0.06896551724137931" targetAnchorY="0.1366120218579235">
    <source href="assembly.xml#//@beans/@mixed.1/@splitter.0/@subRoute.0"/>
    <target href="assembly.xml#RowCount"/>
  </connections>
  <connections type="routesTo" targetAnchorX="0.9010989010989011" targetAnchorY="0.5945945945945946">
    <source href="assembly.xml#//@beans/@mixed.1/@mixed.43/@mixed.5"/>
    <target href="assembly.xml#Error_DocRetrieval"/>
  </connections>
  <connections type="routesResponseTo">
    <source href="assembly.xml#Call-Initialization"/>
    <target href="assembly.xml#Call-Retrieval"/>
  </connections>
  <connections type="routesResponseTo" targetAnchorX="0.16891891891891891" targetAnchorY="0.5405405405405406">
    <source href="assembly.xml#Call-Retrieval"/>
    <target href="assembly.xml#Call-GetWorkers"/>
  </connections>
  <connections type="routesTo">
    <source href="assembly.xml#BatchGetWorkers"/>
    <target href="assembly.xml#CheckGetWorkersRequest"/>
  </connections>
  <connections type="routesTo" sourceAnchorX="1.0" sourceAnchorY="0.3191489361702128" targetAnchorX="0.5420560747663551" targetAnchorY="0.2774869109947644">
    <source href="assembly.xml#CheckGetWorkersRequest"/>
    <target href="assembly.xml#LoopOnBatches"/>
  </connections>
  <connections type="routesTo" targetAnchorX="0.06084656084656084" targetAnchorY="0.1968503937007874">
    <source href="assembly.xml#//@beans/@mixed.1/@route.0/@subRoute.0"/>
    <target href="assembly.xml#BatchRequest"/>
  </connections>
  <connections type="routesTo">
    <source href="assembly.xml#BatchRequest"/>
    <target href="assembly.xml#GetWorkersCall"/>
  </connections>
  <connections type="routesTo" sourceAnchorX="0.1778975741239892" sourceAnchorY="0.9" targetAnchorX="0.3081395348837209" targetAnchorY="0.21153846153846154">
    <source href="assembly.xml#//@beans/@mixed.1/@mixed.65/@mixed.3"/>
    <target href="assembly.xml#Route"/>
  </connections>
  <connections type="routesResponseTo" sourceAnchorX="0.7763975155279503" sourceAnchorY="0.8378378378378378" targetAnchorX="0.008583690987124463" targetAnchorY="0.8918918918918919">
    <source href="assembly.xml#GetWorkersCall"/>
    <target href="assembly.xml#Call-PreprocessSubroutine"/>
    <bendpoints sourceX="466" sourceY="-4" targetX="-449" targetY="42"/>
  </connections>
  <connections type="routesTo" sourceAnchorX="1.0" sourceAnchorY="0.192" targetAnchorX="0.28888888888888886" targetAnchorY="0.6216216216216216">
    <source href="assembly.xml#TryCW"/>
    <target href="assembly.xml#TryCWGetWorkersCall"/>
  </connections>
  <connections type="routesTo" sourceAnchorX="0.25396825396825395" sourceAnchorY="0.8" targetAnchorX="0.3305785123966942" targetAnchorY="0.02702702702702703">
    <source href="assembly.xml#//@beans/@mixed.1/@mixed.69/@mixed.3"/>
    <target href="assembly.xml#Call-LogUnmatchedEmployeeIDs"/>
  </connections>
  <connections type="routesTo" sourceAnchorX="1.0" sourceAnchorY="0.3723404255319149" targetAnchorX="0.13170731707317074" targetAnchorY="0.35135135135135137">
    <source href="assembly.xml#FilterOutErrors"/>
    <target href="assembly.xml#FilterErrorsGetWorkersCall"/>
  </connections>
  <connections type="routesResponseTo" sourceAnchorX="0.4585365853658537" sourceAnchorY="1.0" targetAnchorX="0.055793991416309016" targetAnchorY="0.7567567567567568">
    <source href="assembly.xml#FilterErrorsGetWorkersCall"/>
    <target href="assembly.xml#Call-PreprocessSubroutine"/>
  </connections>
  <connections type="routesTo" sourceAnchorX="0.1099476439790576" sourceAnchorY="0.7" targetAnchorX="0.1956521739130435" targetAnchorY="0.5945945945945946">
    <source href="assembly.xml#//@beans/@mixed.1/@mixed.77/@mixed.3"/>
    <target href="assembly.xml#Error-GetWorkersBatch"/>
  </connections>
  <connections type="routesTo" sourceAnchorX="0.9743589743589743" sourceAnchorY="0.35294117647058826" targetAnchorX="0.12396694214876033" targetAnchorY="0.8108108108108109">
    <source href="assembly.xml#//@beans/@mixed.1/@route.1/@subRoute.1"/>
    <target href="assembly.xml#Call-LogUnmatchedEmployeeIDs"/>
  </connections>
  <connections type="routesTo" sourceAnchorX="0.8666666666666667" sourceAnchorY="0.4117647058823529" targetAnchorX="0.05283757338551859" targetAnchorY="0.25984251968503935">
    <source href="assembly.xml#//@beans/@mixed.1/@route.1/@subRoute.0"/>
    <target href="assembly.xml#TryCW"/>
  </connections>
  <connections type="routesTo" sourceAnchorX="1.0" sourceAnchorY="0.23333333333333334" targetAnchorX="0.20670391061452514" targetAnchorY="0.6486486486486487">
    <source href="assembly.xml#GetWorkersRequest"/>
    <target href="assembly.xml#Call-BatchGetWorkers"/>
  </connections>
  <connections type="routesTo">
    <source href="assembly.xml#//@beans/@mixed.1/@splitter.1/@subRoute.0"/>
    <target href="assembly.xml#CheckWorker"/>
  </connections>
  <connections type="routesTo">
    <source href="assembly.xml#CheckWorker"/>
    <target href="assembly.xml#Call-UpdateRACFID"/>
  </connections>
  <connections type="routesResponseTo">
    <source href="assembly.xml#Call-UpdateRACFID"/>
    <target href="assembly.xml#Call-UpdateBGStatus"/>
  </connections>
  <connections type="routesTo">
    <source href="assembly.xml#UpdateRACFID"/>
    <target href="assembly.xml#ChangeOtherIDsRequest"/>
  </connections>
  <connections type="routesTo">
    <source href="assembly.xml#ChangeOtherIDsRequest"/>
    <target href="assembly.xml#ChangeOtherIDs-ValidationMode"/>
  </connections>
  <connections type="routesTo">
    <source href="assembly.xml#ChangeOtherIDs-ValidationMode"/>
    <target href="assembly.xml#ChangeOtherIDsCall"/>
  </connections>
  <connections type="routesTo">
    <source href="assembly.xml#//@beans/@mixed.1/@mixed.103/@mixed.3"/>
    <target href="assembly.xml#Error-ChangeOtherIDs"/>
  </connections>
  <connections type="routesTo">
    <source href="assembly.xml#ChangeBGStatus-ValidationMode"/>
    <target href="assembly.xml#ChangeBGStatusCall"/>
  </connections>
  <connections type="routesTo">
    <source href="assembly.xml#ChangeBGStatusRequest"/>
    <target href="assembly.xml#ChangeBGStatus-ValidationMode"/>
  </connections>
  <connections type="routesTo">
    <source href="assembly.xml#//@beans/@mixed.1/@mixed.113/@mixed.3"/>
    <target href="assembly.xml#Error-ChangeBGStatus"/>
  </connections>
  <connections type="routesTo">
    <source href="assembly.xml#DNU-UpdateBGStatus"/>
    <target href="assembly.xml#ChangeBGStatusRequest"/>
  </connections>
  <connections type="routesResponseTo">
    <source href="assembly.xml#IntegrationSuccessCounts"/>
    <target href="assembly.xml#IntegrationFailCounts"/>
  </connections>
  <connections type="routesResponseTo" targetAnchorX="0.54337899543379" targetAnchorY="0.3783783783783784">
    <source href="assembly.xml#IntegrationRecordCounts"/>
    <target href="assembly.xml#IntegrationSkipRecordCounts"/>
  </connections>
  <connections type="routesResponseTo">
    <source href="assembly.xml#IntegrationFailCounts"/>
    <target href="assembly.xml#CallPutIntegrationEvent"/>
  </connections>
  <connections type="routesResponseTo">
    <source href="assembly.xml#Call_FinalizeLog"/>
    <target href="assembly.xml#Call-ReportCounts"/>
  </connections>
  <connections type="routesTo">
    <source href="assembly.xml#ReportCounts"/>
    <target href="assembly.xml#IntegrationRecordCounts"/>
  </connections>
  <connections type="routesResponseTo">
    <source href="assembly.xml#IntegrationGoodRecordCounts"/>
    <target href="assembly.xml#IntegrationSuccessCounts"/>
  </connections>
  <connections type="routesTo">
    <source href="assembly.xml#CountSuccess"/>
    <target href="assembly.xml#Call-AuditRow"/>
  </connections>
  <connections type="routesResponseTo">
    <source href="assembly.xml#Call-UpdateBGStatus"/>
    <target href="assembly.xml#CountSuccess"/>
  </connections>
  <connections type="routesResponseTo" sourceAnchorX="1.0" sourceAnchorY="1.0" targetAnchorX="0.5633802816901409" targetAnchorY="0.5405405405405406">
    <source href="assembly.xml#ChangeOtherIDsCall"/>
    <target href="assembly.xml#Call-AuditRow-ChangeOtherIDs"/>
  </connections>
  <connections type="routesResponseTo">
    <source href="assembly.xml#ChangeBGStatusCall"/>
    <target href="assembly.xml#Call-AuditRow-ChangeBGStatus"/>
  </connections>
  <connections type="routesTo">
    <source href="assembly.xml#UpdateBGStatus"/>
    <target href="assembly.xml#PrepareBGCheckStatus"/>
  </connections>
  <connections type="routesTo">
    <source href="assembly.xml#CheckBGJSON"/>
    <target href="assembly.xml#UpdateBulkBGCustomObjectCall"/>
  </connections>
  <connections type="routesTo" targetAnchorX="0.24561403508771928" targetAnchorY="0.0">
    <source href="assembly.xml#//@beans/@mixed.1/@mixed.149/@mixed.3"/>
    <target href="assembly.xml#Error-UpdateBulkBGCustomObject"/>
  </connections>
  <connections type="routesResponseTo">
    <source href="assembly.xml#UpdateBulkBGCustomObjectCall"/>
    <target href="assembly.xml#Call-AuditRow-UpdateBulkBGCustomObject"/>
  </connections>
  <connections type="routesTo" targetAnchorX="0.3446601941747573" targetAnchorY="0.6216216216216216">
    <source href="assembly.xml#PrepareBGCheckStatus"/>
    <target href="assembly.xml#Log-Error-MissingApplicant"/>
  </connections>
  <connections type="routesResponseTo">
    <source href="assembly.xml#Call-AuditRow-QueueBGStatusChange"/>
    <target href="assembly.xml#QueueBGCheckStatus"/>
  </connections>
  <connections type="routesTo" targetAnchorX="0.3402777777777778" targetAnchorY="0.13385826771653545">
    <source href="assembly.xml#QueueBGCheckStatus"/>
    <target href="assembly.xml#CheckBGJSON"/>
  </connections>
  <connections type="routesTo">
    <source href="assembly.xml#LogUnmatchedEmployeeIDs"/>
    <target href="assembly.xml#UnmatchedEmployeeIDs"/>
  </connections>
  <connections type="routesTo">
    <source href="assembly.xml#UnmatchedEmployeeIDs"/>
    <target href="assembly.xml#SplitOnUnmatchedEmployeeID"/>
  </connections>
  <connections type="routesResponseTo">
    <source href="assembly.xml#Call-LogUnmatchedEmployeeIDs"/>
    <target href="assembly.xml#FilterOutErrors"/>
  </connections>
  <connections type="routesResponseTo" targetAnchorX="0.672566371681416" targetAnchorY="0.5405405405405406">
    <source href="assembly.xml#IntegrationSkipRecordCounts"/>
    <target href="assembly.xml#IntegrationDuplicateRecordCounts"/>
  </connections>
  <connections type="routesResponseTo">
    <source href="assembly.xml#Call-PreprocessSubroutine"/>
    <target href="assembly.xml#AggregateBatchResults"/>
  </connections>
  <connections type="routesTo">
    <source href="assembly.xml#PreprocessGetWorkersBatch"/>
    <target href="assembly.xml#CheckForChanges"/>
  </connections>
  <connections type="routesTo">
    <source href="assembly.xml#GetWorkersResponse"/>
    <target href="assembly.xml#Info-CompletedGetWorkersBatch"/>
  </connections>
  <connections type="routesTo">
    <source href="assembly.xml#ProcessWorkers"/>
    <target href="assembly.xml#SetContext"/>
  </connections>
  <connections type="routesTo">
    <source href="assembly.xml#SetContext"/>
    <target href="assembly.xml#SplitOnWorker"/>
  </connections>
  <connections type="routesResponseTo">
    <source href="assembly.xml#IntegrationDuplicateRecordCounts"/>
    <target href="assembly.xml#IntegrationGoodRecordCounts"/>
  </connections>
  <connections type="routesResponseTo">
    <source href="assembly.xml#Call_TryFinalizeLog"/>
    <target href="assembly.xml#Call_Critical_Message"/>
  </connections>
  <connections type="routesTo">
    <source href="assembly.xml#//@beans/@mixed.1/@mixed.35/@mixed.3"/>
    <target href="assembly.xml#Call_Critical_Message"/>
  </connections>
  <connections type="routesResponseTo" sourceAnchorX="0.6893203883495146" sourceAnchorY="1.0" targetAnchorX="0.4375" targetAnchorY="0.43243243243243246">
    <source href="assembly.xml#Log-Error-MissingApplicant"/>
    <target href="assembly.xml#Call-AuditRow-QueueBGStatusChange"/>
  </connections>
  <connections type="routesTo" sourceAnchorX="1.0" sourceAnchorY="0.5945945945945946" targetAnchorX="0.19463087248322147" targetAnchorY="0.5945945945945946">
    <source href="assembly.xml#ContingentHash"/>
    <target href="assembly.xml#WorkdayOutRest"/>
  </connections>
  <connections type="routesTo" sourceAnchorX="1.0" sourceAnchorY="0.1702127659574468" targetAnchorX="0.30434782608695654" targetAnchorY="0.4056603773584906">
    <source href="assembly.xml#AsyncMediation0"/>
    <target href="assembly.xml#Aggregator"/>
  </connections>
  <connections type="routesTo">
    <source href="assembly.xml#RowCount"/>
    <target href="assembly.xml#AsyncMediation0"/>
  </connections>
  <connections type="routesTo" sourceAnchorX="1.0" sourceAnchorY="1.0" targetAnchorX="0.08955223880597014" targetAnchorY="0.45652173913043476">
    <source href="assembly.xml#//@beans/@mixed.1/@route.2/@subRoute.0"/>
    <target href="assembly.xml#AsyncMediation2"/>
  </connections>
  <connections type="routesTo" sourceAnchorX="1.0" sourceAnchorY="0.2765957446808511" targetAnchorX="0.15789473684210525" targetAnchorY="0.40540540540540543">
    <source href="assembly.xml#AsyncMediation2"/>
    <target href="assembly.xml#WorkdayOutSoap"/>
  </connections>
  <connections type="routesTo" sourceAnchorX="1.0" sourceAnchorY="0.6756756756756757" targetAnchorX="0.23134328358208955" targetAnchorY="0.40425531914893614">
    <source href="assembly.xml#ContingentGetWorkers"/>
    <target href="assembly.xml#AsyncMediation4"/>
  </connections>
  <connections type="routesTo" sourceAnchorX="1.0" sourceAnchorY="0.3617021276595745" targetAnchorX="0.12149532710280374" targetAnchorY="0.35714285714285715">
    <source href="assembly.xml#AsyncMediation4"/>
    <target href="assembly.xml#Route0"/>
  </connections>
  <connections type="routesTo">
    <source href="assembly.xml#SyncMediation"/>
    <target href="assembly.xml#Call-BatchContingentWorkers"/>
  </connections>
  <connections type="routesResponseTo" sourceAnchorX="0.5586592178770949" sourceAnchorY="1.0" targetAnchorX="0.1865671641791045" targetAnchorY="0.6304347826086957">
    <source href="assembly.xml#Call-BatchGetWorkers"/>
    <target href="assembly.xml#AsyncMediation1"/>
  </connections>
  <connections type="routesTo" sourceAnchorX="1.0" sourceAnchorY="0.2" targetAnchorX="0.1242603550295858" targetAnchorY="0.32432432432432434">
    <source href="assembly.xml#InitializeParameters"/>
    <target href="assembly.xml#CallContingentHash"/>
  </connections>
  <connections type="routesResponseTo" sourceAnchorX="0.7869822485207101" sourceAnchorY="1.0" targetAnchorX="0.07258064516129033" targetAnchorY="0.4864864864864865">
    <source href="assembly.xml#CallContingentHash"/>
    <target href="assembly.xml#Integration-ValidationModeEnabled"/>
  </connections>
  <connections type="routesResponseTo" sourceAnchorX="0.6577181208053692" sourceAnchorY="1.0" targetAnchorX="0.18691588785046728" targetAnchorY="0.4935064935064935">
    <source href="assembly.xml#WorkdayOutRest"/>
    <target href="assembly.xml#Splitter0"/>
  </connections>
  <connections type="routesTo" sourceAnchorX="0.7553191489361702" sourceAnchorY="1.0" targetAnchorX="0.047244094488188976" targetAnchorY="0.4787234042553192">
    <source href="assembly.xml#//@beans/@mixed.1/@splitter.4/@subRoute.0"/>
    <target href="assembly.xml#AsyncMediation"/>
  </connections>
  <connections type="routesResponseTo" sourceAnchorX="0.46357615894039733" sourceAnchorY="1.0" targetAnchorX="0.2537313432835821" targetAnchorY="0.9347826086956522">
    <source href="assembly.xml#Call-BatchContingentWorkers"/>
    <target href="assembly.xml#AsyncMediation1"/>
  </connections>
  <connections type="routesTo" sourceAnchorX="0.7213114754098361" sourceAnchorY="1.0" targetAnchorX="0.21495327102803738" targetAnchorY="0.5078534031413613">
    <source href="assembly.xml#GetWorkers"/>
    <target href="assembly.xml#Route1"/>
  </connections>
  <connections type="routesResponseTo">
    <source href="assembly.xml#CallSetCount"/>
    <target href="assembly.xml#Call-ProcessWorkers"/>
  </connections>
  <connections type="routesTo" sourceAnchorX="1.0" sourceAnchorY="0.8918918918918919" targetAnchorX="0.10457516339869281" targetAnchorY="0.5094339622641509">
    <source href="assembly.xml#AggregrateWorker"/>
    <target href="assembly.xml#Aggregator1"/>
  </connections>
  <connections type="routesTo" sourceAnchorX="0.8062015503875969" sourceAnchorY="1.0" targetAnchorX="0.05670103092783505" targetAnchorY="0.38">
    <source href="assembly.xml#SetCount"/>
    <target href="assembly.xml#GetWorkersResponse"/>
  </connections>
  <connections type="routesResponseTo" sourceAnchorX="0.35609756097560974" sourceAnchorY="1.0" targetAnchorX="0.4076923076923077" targetAnchorY="0.4594594594594595">
    <source href="assembly.xml#CallAggregrateWorkerFinal"/>
    <target href="assembly.xml#CallSetCount"/>
  </connections>
  <connections type="routesResponseTo" sourceAnchorX="0.6513157894736842" sourceAnchorY="1.0" targetAnchorX="0.3611111111111111" targetAnchorY="0.5135135135135135">
    <source href="assembly.xml#WorkdayOutSoap"/>
    <target href="assembly.xml#CallSubRoutine"/>
  </connections>
  <connections type="routesResponseTo" sourceAnchorX="0.6180555555555556" sourceAnchorY="1.0" targetAnchorX="0.20261437908496732" targetAnchorY="0.4339622641509434">
    <source href="assembly.xml#CallSubRoutine"/>
    <target href="assembly.xml#Aggregator0"/>
  </connections>
  <connections type="routesTo" sourceAnchorX="0.43564356435643564" sourceAnchorY="1.0" targetAnchorX="0.09740259740259741" targetAnchorY="0.44666666666666666">
    <source href="assembly.xml#//@beans/@mixed.1/@route.3/@subRoute.0"/>
    <target href="assembly.xml#GetWorkersRequest"/>
  </connections>
  <connections type="routesTo" sourceAnchorX="0.7326732673267327" sourceAnchorY="1.0" targetAnchorX="0.14619883040935672" targetAnchorY="0.5733333333333334">
    <source href="assembly.xml#//@beans/@mixed.1/@route.3/@subRoute.1"/>
    <target href="assembly.xml#SyncMediation"/>
  </connections>
  <connections type="routesTo" sourceAnchorX="0.7553191489361702" sourceAnchorY="1.0" targetAnchorX="0.16853932584269662" targetAnchorY="0.35135135135135137">
    <source href="assembly.xml#//@beans/@mixed.1/@splitter.3/@subRoute.0"/>
    <target href="assembly.xml#CallAggregrateWorker"/>
  </connections>
  <connections type="routesResponseTo" sourceAnchorX="0.6888888888888889" sourceAnchorY="1.0" targetAnchorX="0.12446351931330472" targetAnchorY="0.7297297297297297">
    <source href="assembly.xml#TryCWGetWorkersCall"/>
    <target href="assembly.xml#Call-PreprocessSubroutine"/>
  </connections>
  <connections type="routesTo" targetAnchorX="0.7688442211055276" targetAnchorY="0.16216216216216217">
    <source href="assembly.xml#//@beans/@mixed.1/@mixed.207/@mixed.3"/>
    <target href="assembly.xml#CallunmatchedloginID"/>
  </connections>
  <connections type="routesResponseTo" sourceAnchorX="0.6464646464646465" sourceAnchorY="1.0" targetAnchorX="0.5182926829268293" targetAnchorY="0.7027027027027027">
    <source href="assembly.xml#Call-ProcessWorkers"/>
    <target href="assembly.xml#Call_FinalizeLog"/>
  </connections>
  <connections type="routesTo" sourceAnchorX="0.5949367088607594" sourceAnchorY="1.0" targetAnchorX="0.3125" targetAnchorY="0.6486486486486487">
    <source href="assembly.xml#//@beans/@mixed.1/@mixed.175/@mixed.3"/>
    <target href="assembly.xml#Error-GetWorkersBatchPreprocess"/>
  </connections>
  <connections type="routesTo" sourceAnchorX="0.9183673469387755" sourceAnchorY="1.0" targetAnchorX="0.6793478260869565" targetAnchorY="0.2702702702702703">
    <source href="assembly.xml#//@beans/@mixed.1/@mixed.57/@mixed.5"/>
    <target href="assembly.xml#PutIntegrationMessage"/>
  </connections>
  <connections type="routesResponseTo" sourceAnchorX="0.75" sourceAnchorY="1.0" targetAnchorX="0.2097560975609756" targetAnchorY="0.6756756756756757">
    <source href="assembly.xml#Call-GetWorkers"/>
    <target href="assembly.xml#CallAggregrateWorkerFinal"/>
  </connections>
  <connections type="routesTo" sourceAnchorX="0.5401069518716578" sourceAnchorY="1.0" targetAnchorX="0.24083769633507854" targetAnchorY="0.4864864864864865">
    <source href="assembly.xml#//@beans/@mixed.1/@mixed.61/@mixed.3"/>
    <target href="assembly.xml#PutIntegrationMessage0"/>
  </connections>
  <connections type="routesTo" sourceAnchorX="0.7368421052631579" sourceAnchorY="1.0" targetAnchorX="0.1417910447761194" targetAnchorY="0.5652173913043478">
    <source href="assembly.xml#ProcessPreHires"/>
    <target href="assembly.xml#Get-Applicants"/>
  </connections>
  <connections type="routesTo" sourceAnchorX="1.0" sourceAnchorY="0.18085106382978725" targetAnchorX="0.14465408805031446" targetAnchorY="0.24324324324324326">
    <source href="assembly.xml#Get-Applicants"/>
    <target href="assembly.xml#GetApplicants-SOAP"/>
  </connections>
  <connections type="routesTo" sourceAnchorX="0.823170731707317" sourceAnchorY="1.0" targetAnchorX="0.29842931937172773" targetAnchorY="0.6216216216216216">
    <source href="assembly.xml#//@beans/@mixed.1/@mixed.253/@mixed.3"/>
    <target href="assembly.xml#PutApplicants-PIM"/>
  </connections>
  <connections type="routesTo" sourceAnchorX="1.0" sourceAnchorY="0.23404255319148937" targetAnchorX="0.14619883040935672" targetAnchorY="0.7297297297297297">
    <source href="assembly.xml#UnmatchedEmployeeIDProps"/>
    <target href="assembly.xml#Call-PreHireProcess"/>
  </connections>
  <connections type="routesTo" sourceAnchorX="0.6620370370370371" sourceAnchorY="1.0" targetAnchorX="0.25728155339805825" targetAnchorY="0.3829787234042553">
    <source href="assembly.xml#//@beans/@mixed.1/@splitter.2/@subRoute.0"/>
    <target href="assembly.xml#UnmatchedEmployeeIDProps"/>
  </connections>
  <connections type="routesTo" sourceAnchorX="0.791970802919708" sourceAnchorY="1.0" targetAnchorX="0.09947643979057591" targetAnchorY="0.5675675675675675">
    <source href="assembly.xml#//@beans/@mixed.1/@mixed.161/@mixed.3"/>
    <target href="assembly.xml#PutIntegrationMessage1"/>
  </connections>
  <connections type="routesTo" sourceAnchorX="0.7801418439716312" sourceAnchorY="1.0" targetAnchorX="0.09947643979057591" targetAnchorY="0.16216216216216217">
    <source href="assembly.xml#//@beans/@mixed.1/@mixed.181/@mixed.3"/>
    <target href="assembly.xml#PutIntegrationMessage2"/>
  </connections>
  <connections type="routesTo" sourceAnchorX="0.7628865979381443" sourceAnchorY="1.0" targetAnchorX="0.5549738219895288" targetAnchorY="0.6216216216216216">
    <source href="assembly.xml#//@beans/@mixed.1/@mixed.93/@mixed.3"/>
    <target href="assembly.xml#PutIntegrationMessage3"/>
  </connections>
  <connections type="routesTo" sourceAnchorX="0.6741071428571429" sourceAnchorY="1.0" targetAnchorX="0.09947643979057591" targetAnchorY="0.4594594594594595">
    <source href="assembly.xml#//@beans/@mixed.1/@mixed.13/@mixed.3"/>
    <target href="assembly.xml#PutIntegrationMessage4"/>
  </connections>
  <connections type="routesTo" sourceAnchorX="0.8347826086956521" sourceAnchorY="1.0" targetAnchorX="0.6495726495726496" targetAnchorY="0.7837837837837838">
    <source href="assembly.xml#//@beans/@mixed.1/@mixed.247/@mixed.3"/>
    <target href="assembly.xml#Call-Unsuccessful-Prehire-Audit"/>
  </connections>
  <connections type="routesTo" sourceAnchorX="0.4409090909090909" sourceAnchorY="1.0" targetAnchorX="0.5497382198952879" targetAnchorY="0.3783783783783784">
    <source href="assembly.xml#//@beans/@mixed.1/@mixed.267/@mixed.3"/>
    <target href="assembly.xml#ValidationMode-PIM"/>
  </connections>
  <connections type="routesResponseTo" sourceAnchorX="0.7090909090909091" sourceAnchorY="1.0" targetAnchorX="0.056074766355140186" targetAnchorY="0.538961038961039">
    <source href="assembly.xml#GetApplicants-SOAP"/>
    <target href="assembly.xml#GetApplicants-Split"/>
  </connections>
  <connections type="routesTo" sourceAnchorX="1.0" sourceAnchorY="0.152" targetAnchorX="0.7421383647798742" targetAnchorY="0.6216216216216216">
    <source href="assembly.xml#EditAppl-OtherIDs-ValidationMode"/>
    <target href="assembly.xml#PutApplicants-SOAP"/>
  </connections>
  <connections type="routesTo" sourceAnchorX="1.0" sourceAnchorY="0.184" targetAnchorX="0.0881057268722467" targetAnchorY="0.44">
    <source href="assembly.xml#Put-Applicants"/>
    <target href="assembly.xml#EditAppl-OtherIDs-ValidationMode"/>
  </connections>
  <connections type="routesResponseTo" sourceAnchorX="0.8238993710691824" sourceAnchorY="1.0" targetAnchorX="0.0867579908675799" targetAnchorY="0.5945945945945946">
    <source href="assembly.xml#PutApplicants-SOAP"/>
    <target href="assembly.xml#Call-Successful-Prehire-Audit"/>
  </connections>
  <connections type="routesTo" sourceAnchorX="0.7127659574468085" sourceAnchorY="1.0" targetAnchorX="0.07396449704142012" targetAnchorY="0.592">
    <source href="assembly.xml#//@beans/@mixed.1/@splitter.5/@subRoute.0"/>
    <target href="assembly.xml#Put-Applicants"/>
  </connections>
  <connections type="routesTo" sourceAnchorX="0.8780487804878049" sourceAnchorY="1.0" targetAnchorX="0.5078534031413613" targetAnchorY="0.5135135135135135">
    <source href="assembly.xml#//@beans/@mixed.1/@mixed.213/@mixed.3"/>
    <target href="assembly.xml#PutIntegrationMessage5"/>
  </connections>
  <connections type="routesTo" sourceAnchorX="1.0" sourceAnchorY="0.30851063829787234" targetAnchorX="0.102803738317757" targetAnchorY="0.551948051948052">
    <source href="assembly.xml#AsyncMediation1"/>
    <target href="assembly.xml#Splitter"/>
  </connections>
  <connections type="routesTo" sourceAnchorX="0.808695652173913" sourceAnchorY="1.0" targetAnchorX="0.4869109947643979" targetAnchorY="0.16216216216216217">
    <source href="assembly.xml#//@beans/@mixed.1/@mixed.203/@mixed.5"/>
    <target href="assembly.xml#PutIntegrationMessage6"/>
  </connections>
  <swimlanes x="-782" y="65" bgColor="12632256" name="INT0034 Populate RACFID from HRO Inbound" description="This integration takes an inbound CSV full file with all workers Reference IDs and current RACF IDs and updates RACF ID as necessary.  &#xD;&#xA;It will also update the custom field for Background Checks as all workers returned in this file have passed background checks." orientation="VERTICAL" elements="//@swimlanes.35 //@swimlanes.1 //@swimlanes.3 //@swimlanes.5 //@swimlanes.8 //@swimlanes.9 //@swimlanes.15 //@swimlanes.16 //@swimlanes.38 //@swimlanes.17 //@swimlanes.18 //@swimlanes.20 //@swimlanes.24 //@swimlanes.27 //@swimlanes.28 //@swimlanes.30 //@swimlanes.32 //@swimlanes.31 //@swimlanes.34 //@swimlanes.22" labelAlignment="LEFT"/>
  <swimlanes x="1926" y="157" name="Initialization Subprocess" labelAlignment="LEFT">
    <elements href="assembly.xml#Initialization"/>
    <elements href="#//@swimlanes.2"/>
    <elements href="assembly.xml#CallContingentHash"/>
    <elements href="assembly.xml#Integration-ValidationModeEnabled"/>
  </swimlanes>
  <swimlanes x="2089" y="236" orientation="VERTICAL">
    <elements href="assembly.xml#InitializeParameters"/>
    <elements href="assembly.xml#Error_Initialization"/>
  </swimlanes>
  <swimlanes x="1977" y="459" name="Retrieval Subprocess" labelAlignment="LEFT">
    <elements href="assembly.xml#Retrieval"/>
    <elements href="assembly.xml#RetrieveDocument"/>
    <elements href="#//@swimlanes.4"/>
    <elements href="assembly.xml#RowCount"/>
    <elements href="assembly.xml#AsyncMediation0"/>
    <elements href="assembly.xml#Aggregator"/>
  </swimlanes>
  <swimlanes x="2073" y="588" orientation="VERTICAL">
    <elements href="assembly.xml#SplitOnRow"/>
    <elements href="assembly.xml#Error_DocRetrieval"/>
  </swimlanes>
  <swimlanes x="577" y="263" name="Get Workers Subprocess" labelAlignment="LEFT">
    <elements href="assembly.xml#GetWorkers"/>
    <elements href="assembly.xml#Route1"/>
    <elements href="#//@swimlanes.6"/>
    <elements href="#//@swimlanes.7"/>
    <elements href="assembly.xml#AsyncMediation1"/>
    <elements href="assembly.xml#Splitter"/>
    <elements href="assembly.xml#CallAggregrateWorker"/>
  </swimlanes>
  <swimlanes x="895" y="377" orientation="VERTICAL">
    <elements href="assembly.xml#GetWorkersRequest"/>
    <elements href="assembly.xml#PutIntegrationMessage"/>
    <elements href="assembly.xml#SyncMediation"/>
    <elements href="assembly.xml#PutIntegrationMessage6"/>
  </swimlanes>
  <swimlanes x="1135" y="389" orientation="VERTICAL">
    <elements href="assembly.xml#Call-BatchGetWorkers"/>
    <elements href="assembly.xml#Call-BatchContingentWorkers"/>
  </swimlanes>
  <swimlanes x="1783" y="726" name="Set Count" labelAlignment="LEFT">
    <elements href="assembly.xml#SetCount"/>
    <elements href="assembly.xml#GetWorkersResponse"/>
    <elements href="assembly.xml#Info-CompletedGetWorkersBatch"/>
  </swimlanes>
  <swimlanes x="936" y="668" name="Batch Get Workers Subprocess" labelAlignment="LEFT">
    <elements href="assembly.xml#BatchGetWorkers"/>
    <elements href="#//@swimlanes.37"/>
    <elements href="assembly.xml#LoopOnBatches"/>
    <elements href="#//@swimlanes.10"/>
    <elements href="#//@swimlanes.11"/>
    <elements href="assembly.xml#Call-PreprocessSubroutine"/>
    <elements href="assembly.xml#AggregateBatchResults"/>
  </swimlanes>
  <swimlanes x="1100" y="525" name="Swimlane" orientation="VERTICAL">
    <elements href="assembly.xml#BatchRequest"/>
    <elements href="assembly.xml#Route"/>
  </swimlanes>
  <swimlanes x="1536" y="634" orientation="VERTICAL">
    <elements href="assembly.xml#GetWorkersCall"/>
    <elements href="#//@swimlanes.14"/>
    <elements href="#//@swimlanes.12"/>
  </swimlanes>
  <swimlanes x="1317" y="607">
    <elements href="assembly.xml#Call-LogUnmatchedEmployeeIDs"/>
    <elements href="#//@swimlanes.13"/>
    <elements href="assembly.xml#FilterErrorsGetWorkersCall"/>
  </swimlanes>
  <swimlanes x="1594" y="697" orientation="VERTICAL">
    <elements href="assembly.xml#FilterOutErrors"/>
    <elements href="assembly.xml#Error-GetWorkersBatch"/>
  </swimlanes>
  <swimlanes x="1360" y="612">
    <elements href="assembly.xml#TryCW"/>
    <elements href="assembly.xml#TryCWGetWorkersCall"/>
  </swimlanes>
  <swimlanes x="2869" y="2060" name="Preprocess GetWorkers Batch Subprocess" labelAlignment="LEFT">
    <elements href="assembly.xml#PreprocessGetWorkersBatch"/>
    <elements href="#//@swimlanes.36"/>
  </swimlanes>
  <swimlanes x="2177" y="2263" name="Log Unmatched Employee IDs Subprocess" labelAlignment="LEFT">
    <elements href="assembly.xml#LogUnmatchedEmployeeIDs"/>
    <elements href="#//@swimlanes.42"/>
    <elements href="assembly.xml#SplitOnUnmatchedEmployeeID"/>
    <elements href="assembly.xml#UnmatchedEmployeeIDProps"/>
    <elements href="assembly.xml#Call-PreHireProcess"/>
  </swimlanes>
  <swimlanes x="2004" y="2507" name="Process Workers Subprocess" labelAlignment="LEFT">
    <elements href="assembly.xml#ProcessWorkers"/>
    <elements href="#//@swimlanes.43"/>
    <elements href="assembly.xml#SplitOnWorker"/>
    <elements href="#//@swimlanes.44"/>
    <elements href="assembly.xml#Call-UpdateRACFID"/>
    <elements href="assembly.xml#Call-UpdateBGStatus"/>
    <elements href="assembly.xml#CountSuccess"/>
    <elements href="assembly.xml#Call-AuditRow"/>
  </swimlanes>
  <swimlanes x="2407" y="2398" name="Update RACFID Subprocess" labelAlignment="LEFT">
    <elements href="assembly.xml#UpdateRACFID"/>
    <elements href="#//@swimlanes.19"/>
    <elements href="assembly.xml#ChangeOtherIDs-ValidationMode"/>
    <elements href="assembly.xml#ChangeOtherIDsCall"/>
    <elements href="assembly.xml#Call-AuditRow-ChangeOtherIDs"/>
  </swimlanes>
  <swimlanes x="488" y="1906" orientation="VERTICAL">
    <elements href="assembly.xml#ChangeOtherIDsRequest"/>
    <elements href="assembly.xml#Error-ChangeOtherIDs"/>
  </swimlanes>
  <swimlanes x="1377" y="2955" name="Update Background Check Status Subprocess" labelAlignment="LEFT">
    <elements href="assembly.xml#UpdateBGStatus"/>
    <elements href="assembly.xml#PrepareBGCheckStatus"/>
    <elements href="assembly.xml#Log-Error-MissingApplicant"/>
    <elements href="assembly.xml#Call-AuditRow-QueueBGStatusChange"/>
    <elements href="assembly.xml#QueueBGCheckStatus"/>
    <elements href="#//@swimlanes.21"/>
    <elements href="assembly.xml#UpdateBulkBGCustomObjectCall"/>
    <elements href="assembly.xml#Call-AuditRow-UpdateBulkBGCustomObject"/>
  </swimlanes>
  <swimlanes x="1651" y="2252" orientation="VERTICAL">
    <elements href="assembly.xml#CheckBGJSON"/>
    <elements href="assembly.xml#Error-UpdateBulkBGCustomObject"/>
  </swimlanes>
  <swimlanes x="2386" y="4981" name="DNU - Update Background Check Status Subprocess - Built in WD functionality does not work for CWs" labelAlignment="LEFT">
    <elements href="assembly.xml#DNU-UpdateBGStatus"/>
    <elements href="assembly.xml#ChangeBGStatusRequest"/>
    <elements href="#//@swimlanes.23"/>
    <elements href="assembly.xml#ChangeBGStatusCall"/>
    <elements href="assembly.xml#Call-AuditRow-ChangeBGStatus"/>
  </swimlanes>
  <swimlanes x="818" y="2718" name="Swimlane" orientation="VERTICAL">
    <elements href="assembly.xml#ChangeBGStatus-ValidationMode"/>
    <elements href="assembly.xml#Error-ChangeBGStatus"/>
  </swimlanes>
  <swimlanes x="2843" y="3597" name="Logging Subprocess" orientation="VERTICAL" elements="//@swimlanes.25 //@swimlanes.26" labelAlignment="LEFT"/>
  <swimlanes x="308" y="2853">
    <elements href="assembly.xml#WriteAuditRow"/>
    <elements href="assembly.xml#SubWriteAuditRowStep"/>
  </swimlanes>
  <swimlanes x="331" y="2891">
    <elements href="assembly.xml#FinalizeLog"/>
    <elements href="assembly.xml#SubAuditAggregator"/>
    <elements href="assembly.xml#SubAuditStore"/>
    <elements href="assembly.xml#PutIntegrationMessage4"/>
    <elements href="assembly.xml#SubAudit_Log"/>
  </swimlanes>
  <swimlanes x="2865" y="4075" name="Local Error Handler" labelAlignment="LEFT">
    <elements href="assembly.xml#ErrorHandler"/>
    <elements href="assembly.xml#ErrorHandler_Step"/>
    <elements href="assembly.xml#Error_Message"/>
    <elements href="assembly.xml#Call_AuditError"/>
  </swimlanes>
  <swimlanes x="2864" y="4139" name="Global Error Handler" labelAlignment="LEFT">
    <elements href="assembly.xml#//@beans/@mixed.1/@mixed.33"/>
    <elements href="assembly.xml#CriticalErrorHandler"/>
    <elements href="#//@swimlanes.29"/>
    <elements href="assembly.xml#Call_Critical_Event"/>
  </swimlanes>
  <swimlanes x="536" y="3310" orientation="VERTICAL">
    <elements href="assembly.xml#Call_TryFinalizeLog"/>
    <elements href="assembly.xml#Call_Critical_Message"/>
  </swimlanes>
  <swimlanes x="1706" y="4519" name="Integration Counts Subprocess" labelAlignment="LEFT">
    <elements href="assembly.xml#ReportCounts"/>
    <elements href="assembly.xml#IntegrationRecordCounts"/>
    <elements href="assembly.xml#IntegrationSkipRecordCounts"/>
    <elements href="assembly.xml#IntegrationDuplicateRecordCounts"/>
    <elements href="assembly.xml#IntegrationGoodRecordCounts"/>
    <elements href="assembly.xml#IntegrationSuccessCounts"/>
    <elements href="assembly.xml#IntegrationFailCounts"/>
    <elements href="assembly.xml#CallPutIntegrationEvent"/>
  </swimlanes>
  <swimlanes x="1883" y="4128" name="Contingent Worker Hash" labelAlignment="LEFT">
    <elements href="assembly.xml#ContingentHash"/>
    <elements href="assembly.xml#WorkdayOutRest"/>
    <elements href="assembly.xml#Splitter0"/>
    <elements href="assembly.xml#AsyncMediation"/>
  </swimlanes>
  <swimlanes x="1827" y="4405" name="Contingent Get Workers" labelAlignment="LEFT">
    <elements href="assembly.xml#ContingentGetWorkers"/>
    <elements href="#//@swimlanes.45"/>
    <elements href="assembly.xml#Route0"/>
    <elements href="#//@swimlanes.33"/>
    <elements href="assembly.xml#WorkdayOutSoap"/>
    <elements href="assembly.xml#CallSubRoutine"/>
    <elements href="assembly.xml#Aggregator0"/>
  </swimlanes>
  <swimlanes x="920" y="4013" orientation="VERTICAL">
    <elements href="assembly.xml#AsyncMediation2"/>
    <elements href="assembly.xml#CallunmatchedloginID"/>
  </swimlanes>
  <swimlanes x="3259" y="5005" name="Aggregrate Worker">
    <elements href="assembly.xml#AggregrateWorker"/>
    <elements href="assembly.xml#Aggregator1"/>
  </swimlanes>
  <swimlanes x="1885" y="221" name="Main" labelAlignment="LEFT">
    <elements href="assembly.xml#StartHere"/>
    <elements href="assembly.xml#Call-Initialization"/>
    <elements href="assembly.xml#Call-Retrieval"/>
    <elements href="assembly.xml#Call-GetWorkers"/>
    <elements href="assembly.xml#CallAggregrateWorkerFinal"/>
    <elements href="assembly.xml#CallSetCount"/>
    <elements href="assembly.xml#Call-ProcessWorkers"/>
    <elements href="assembly.xml#Call_FinalizeLog"/>
    <elements href="assembly.xml#Call-ReportCounts"/>
  </swimlanes>
  <swimlanes x="349" y="2441" orientation="VERTICAL">
    <elements href="assembly.xml#CheckForChanges"/>
    <elements href="assembly.xml#Error-GetWorkersBatchPreprocess"/>
  </swimlanes>
  <swimlanes x="245" y="1731" name="Swimlane" orientation="VERTICAL">
    <elements href="assembly.xml#CheckGetWorkersRequest"/>
    <elements href="assembly.xml#PutIntegrationMessage0"/>
  </swimlanes>
  <swimlanes x="842" y="2974" name="Get Pre-Hires and Update RACFID" labelAlignment="LEFT">
    <elements href="assembly.xml#ProcessPreHires"/>
    <elements href="#//@swimlanes.39"/>
    <elements href="assembly.xml#GetApplicants-SOAP"/>
    <elements href="assembly.xml#GetApplicants-Split"/>
    <elements href="#//@swimlanes.40"/>
    <elements href="#//@swimlanes.41"/>
    <elements href="assembly.xml#PutApplicants-SOAP"/>
    <elements href="assembly.xml#Call-Successful-Prehire-Audit"/>
  </swimlanes>
  <swimlanes x="243" y="3113" name="Get Applicants Web Service Request" orientation="VERTICAL" alignment="MIDDLE">
    <elements href="assembly.xml#Get-Applicants"/>
    <elements href="assembly.xml#Call-Unsuccessful-Prehire-Audit"/>
  </swimlanes>
  <swimlanes x="841" y="3108" orientation="VERTICAL">
    <elements href="assembly.xml#Put-Applicants"/>
    <elements href="assembly.xml#PutApplicants-PIM"/>
  </swimlanes>
  <swimlanes x="764" y="3048" name="Swimlane" orientation="VERTICAL">
    <elements href="assembly.xml#EditAppl-OtherIDs-ValidationMode"/>
    <elements href="assembly.xml#ValidationMode-PIM"/>
  </swimlanes>
  <swimlanes x="-191" y="2902" name="Swimlane" orientation="VERTICAL">
    <elements href="assembly.xml#UnmatchedEmployeeIDs"/>
    <elements href="assembly.xml#PutIntegrationMessage1"/>
  </swimlanes>
  <swimlanes x="-274" y="3500" name="Swimlane" orientation="VERTICAL">
    <elements href="assembly.xml#SetContext"/>
    <elements href="assembly.xml#PutIntegrationMessage2"/>
  </swimlanes>
  <swimlanes x="156" y="3461" name="Swimlane" orientation="VERTICAL">
    <elements href="assembly.xml#CheckWorker"/>
    <elements href="assembly.xml#PutIntegrationMessage3"/>
  </swimlanes>
  <swimlanes x="-230" y="5463" name="Swimlane" orientation="VERTICAL">
    <elements href="assembly.xml#AsyncMediation4"/>
    <elements href="assembly.xml#PutIntegrationMessage5"/>
  </swimlanes>
</wdnm:Diagram>
