<?xml version="1.0" encoding="UTF-8"?>
<wdnm:Diagram xmlns:wdnm="http://workday.com/studio/editors/notation">
  <element href="assembly.xml#WorkdayAssembly"/>
  <visualProperties x="46" y="325">
    <element href="assembly.xml#StartHere"/>
  </visualProperties>
  <visualProperties x="203" y="290">
    <element href="assembly.xml#InitializeAttributeMap"/>
  </visualProperties>
  <visualProperties x="311" y="500">
    <element href="assembly.xml#CallInitMediationError"/>
  </visualProperties>
  <visualProperties x="652" y="306">
    <element href="assembly.xml#ValidationModeEnabled"/>
  </visualProperties>
  <visualProperties x="897" y="299">
    <element href="assembly.xml#CallFileRetrieval"/>
  </visualProperties>
  <visualProperties x="673" y="620">
    <element href="assembly.xml#CopyInputFile"/>
  </visualProperties>
  <visualProperties x="218" y="805">
    <element href="assembly.xml#CallRetrieveDocError"/>
  </visualProperties>
  <visualProperties x="28" y="725">
    <element href="assembly.xml#FileRetrieval"/>
  </visualProperties>
  <visualProperties x="663" y="759">
    <element href="assembly.xml#CallInputFileHandleError"/>
  </visualProperties>
  <visualProperties x="219" y="669">
    <element href="assembly.xml#RetrieveDocument"/>
  </visualProperties>
  <visualProperties x="419" y="632">
    <element href="assembly.xml#RetrieveInputDocument"/>
  </visualProperties>
  <visualProperties x="78" y="2682">
    <element href="assembly.xml#//@beans/@mixed.1/@mixed.33"/>
  </visualProperties>
  <visualProperties x="211" y="2503">
    <element href="assembly.xml#SetErrorFlag"/>
  </visualProperties>
  <visualProperties x="382" y="2506">
    <element href="assembly.xml#PutIntegrationMessage1"/>
  </visualProperties>
  <visualProperties x="345" y="2682">
    <element href="assembly.xml#Note-Error"/>
  </visualProperties>
  <visualProperties x="5" y="2506">
    <element href="assembly.xml#CriticalError"/>
  </visualProperties>
  <visualProperties x="383" y="2586">
    <element href="assembly.xml#PutIntegrationEvent"/>
  </visualProperties>
  <visualProperties x="897" y="2514">
    <element href="assembly.xml#SaveUnexpectedErrorData"/>
  </visualProperties>
  <visualProperties x="1338" y="2682">
    <element href="assembly.xml#CallCriticalStoreErrors"/>
  </visualProperties>
  <visualProperties x="865" y="2682">
    <element href="assembly.xml#CallCriticalSaveUnexpectedErrorData"/>
  </visualProperties>
  <visualProperties x="641" y="2514">
    <element href="assembly.xml#UnexpectedErrorsHandler"/>
  </visualProperties>
  <visualProperties x="1519" y="2514">
    <element href="assembly.xml#StoreErrorsAudit"/>
  </visualProperties>
  <visualProperties x="1176" y="2568">
    <element href="assembly.xml#AggregateErrors"/>
  </visualProperties>
  <visualProperties x="1365" y="2514">
    <element href="assembly.xml#StoreErrors"/>
  </visualProperties>
  <visualProperties x="1151" y="2506">
    <element href="assembly.xml#CloseErrorAggregator"/>
  </visualProperties>
  <visualProperties x="-146" y="1256">
    <element href="assembly.xml#EnrollRetirementSavingWebservice"/>
  </visualProperties>
  <visualProperties x="673" y="1163">
    <element href="assembly.xml#ProcessingProps"/>
  </visualProperties>
  <visualProperties x="1117" y="1314">
    <element href="assembly.xml#WorkSpaceValidationOn"/>
  </visualProperties>
  <visualProperties x="1405" y="1209">
    <element href="assembly.xml#CallEnrollRetirementSavings"/>
  </visualProperties>
  <visualProperties x="1401" y="1314">
    <element href="assembly.xml#EnrollRetirementSavingResponse"/>
  </visualProperties>
  <visualProperties x="1324" y="1613">
    <element href="assembly.xml#CallEnrollRetirementSavingError"/>
  </visualProperties>
  <visualProperties x="1823" y="1360">
    <element href="assembly.xml#CallEnrollRetirementAudit"/>
  </visualProperties>
  <visualProperties x="795" y="1462">
    <element href="assembly.xml#ErrorEnrollRetirement"/>
  </visualProperties>
  <visualProperties x="1519" y="316">
    <element href="assembly.xml#CallCloseWSAuditAggr"/>
  </visualProperties>
  <visualProperties x="1503" y="380">
    <element href="assembly.xml#CallControlReport"/>
  </visualProperties>
  <visualProperties x="877" y="1622">
    <element href="assembly.xml#WorkspaceValHandler"/>
  </visualProperties>
  <visualProperties x="943" y="608">
    <element href="assembly.xml#Splitter"/>
  </visualProperties>
  <visualProperties x="1111" y="608">
    <element href="assembly.xml#Route"/>
  </visualProperties>
  <visualProperties x="1275" y="600">
    <element href="assembly.xml#TrailerValidation"/>
  </visualProperties>
  <visualProperties x="1285" y="912">
    <element href="assembly.xml#DoNothingNow"/>
  </visualProperties>
  <visualProperties x="1555" y="584">
    <element href="assembly.xml#DoesTrailerMatchWithDetails"/>
  </visualProperties>
  <visualProperties x="1854" y="629">
    <element href="assembly.xml#CallCriticalErrorTrailerValidation"/>
  </visualProperties>
  <visualProperties x="1275" y="725">
    <element href="assembly.xml#SaveEEIDsToHashSet"/>
  </visualProperties>
  <visualProperties x="1707" y="748">
    <element href="assembly.xml#InputfileAgg"/>
  </visualProperties>
  <visualProperties x="1270" y="863">
    <element href="assembly.xml#CallUnExpectedErrorSaveEEIDsToHashSet"/>
  </visualProperties>
  <visualProperties x="1812" y="891">
    <element href="assembly.xml#CloseInputFileAgg"/>
  </visualProperties>
  <visualProperties x="1065" y="299">
    <element href="assembly.xml#CallCloseInputfileAgg"/>
  </visualProperties>
  <visualProperties x="1275" y="306">
    <element href="assembly.xml#Call_Benefits_Webservice"/>
  </visualProperties>
  <visualProperties x="1939" y="736">
    <element href="assembly.xml#CallEnrollRetirementService"/>
  </visualProperties>
  <visualProperties x="76" y="1327">
    <element href="assembly.xml#SplittByExistingInput"/>
  </visualProperties>
  <visualProperties>
    <element href="assembly.xml#EnrollRetirementAudit"/>
  </visualProperties>
  <visualProperties>
    <element href="assembly.xml#processErrorFile"/>
  </visualProperties>
  <visualProperties>
    <element href="assembly.xml#Call-UnexpectedErrors"/>
  </visualProperties>
  <visualProperties>
    <element href="assembly.xml#aggregateErrorFile"/>
  </visualProperties>
  <visualProperties>
    <element href="assembly.xml#closeFile3Aggre"/>
  </visualProperties>
  <visualProperties>
    <element href="assembly.xml#writeErrorFiletoCsv"/>
  </visualProperties>
  <visualProperties>
    <element href="assembly.xml#call-UnexpectedError"/>
  </visualProperties>
  <visualProperties x="1177" y="2146">
    <element href="assembly.xml#printErrorFile3"/>
  </visualProperties>
  <visualProperties x="369" y="1873">
    <element href="assembly.xml#AsyncMediation"/>
  </visualProperties>
  <visualProperties x="114" y="1886">
    <element href="assembly.xml#ControlReport"/>
  </visualProperties>
  <visualProperties x="594" y="1886">
    <element href="assembly.xml#CallSubRoutine"/>
  </visualProperties>
  <visualProperties x="2081" y="1426">
    <element href="assembly.xml#CallCustomObjectUpdate"/>
  </visualProperties>
  <visualProperties x="121" y="1694">
    <element href="assembly.xml#UpdatePensionAdditionalDa"/>
  </visualProperties>
  <visualProperties x="413" y="1667">
    <element href="assembly.xml#CreatecustomobjectUpdateRequest"/>
  </visualProperties>
  <visualProperties x="1410" y="1680">
    <element href="assembly.xml#AsyncMediation0"/>
  </visualProperties>
  <visualProperties x="498" y="1807">
    <element href="assembly.xml#CallSubRoutine0"/>
  </visualProperties>
  <visualProperties x="1130" y="1718">
    <element href="assembly.xml#WorkdayOutSoap"/>
  </visualProperties>
  <visualProperties x="902" y="1680">
    <element href="assembly.xml#AsyncMediation2"/>
  </visualProperties>
  <visualProperties x="877" y="1828">
    <element href="assembly.xml#Call-EnrollRetirementAudit"/>
  </visualProperties>
  <visualProperties x="-122" y="1349">
    <element href="assembly.xml#AsyncMediation1"/>
  </visualProperties>
  <visualProperties x="-154" y="1535">
    <element href="assembly.xml#PutIntegrationMessage"/>
  </visualProperties>
  <visualProperties x="1602" y="1606">
    <element href="assembly.xml#PutIntegrationMessage0"/>
  </visualProperties>
  <visualProperties x="1104" y="1613">
    <element href="assembly.xml#PutIntegrationMessage00"/>
  </visualProperties>
  <visualProperties x="318" y="1426">
    <element href="assembly.xml#SplitParams"/>
  </visualProperties>
  <visualProperties x="311" y="1372">
    <element href="assembly.xml#CheckTBAPlan"/>
  </visualProperties>
  <visualProperties x="318" y="1252">
    <element href="assembly.xml#Check"/>
  </visualProperties>
  <visualProperties x="478" y="1091">
    <element href="assembly.xml#Route0"/>
  </visualProperties>
  <visualProperties x="1646" y="1798">
    <element href="assembly.xml#AsyncMediation3"/>
  </visualProperties>
  <visualProperties x="1451" y="1462">
    <element href="assembly.xml#ErrorEnrollRetirement0"/>
  </visualProperties>
  <visualProperties x="721" y="1018">
    <element href="assembly.xml#ProcessWaveOff"/>
  </visualProperties>
  <visualProperties x="213" y="1562">
    <element href="assembly.xml#InValidEMPLID"/>
  </visualProperties>
  <decorations x="-23" y="1" width="1373" height="69" font="Arial|20|1" fontColor="1" type="TEXT" text="INT0078 OPTIONAL PENSION"/>
  <decorations x="9" y="56" width="1373" height="161" type="TEXT" text="BMO has licensed Workday HCM which will serve as the system of record for HR and Payroll data. Workday is a SaaS (Software as a Service) application which is hosted and maintained by Workday. The application is accessed through a URL using a web browser.&#xD;&#xA;&#xD;&#xA;An inbound integration from Solium (Source system) to Workday (Target System) will need to be established in order to transfer data required by the target system. The purpose of this integration is to receive Payroll Contributions from Solium. The inbound file will carry the transactional investment data such as percentage contribution and distribution percentages required to establish and deduct the appropriate payroll deduction in Workday. The inbound file will be automatically loaded to Workday and payroll deductions automatically triggered based on the content of the file. The contribution percentages will be loaded to Retirement Savings Shell Benefits plans &quot;CAN WGRRSP List of ees eligible always 3%&quot; or &quot;CAN Solium Comm ees Eligible Earnings Value&quot;. The file will be scheduled to run at 6:30 AM EST daily and will retrieve the file from CIBC's Feedhub (SFTP Endpoint)."/>
  <decorations x="18" y="237" width="1837" height="348" font="Arial|12|0" fontColor="1" type="NOTE" text="INITIALIZE INTEGRATION"/>
  <decorations x="19" y="592" width="2325" height="580" font="Arial|12|0" fontColor="1" type="NOTE" text="FILE RETRIEVAL"/>
  <decorations x="18" y="2427" width="596" height="343" font="Arial|12|1" bgColor="11316479" fgColor="128" fontColor="1" type="NOTE" text="CRITICAL AND GLOBAL ERROR HANDLER"/>
  <decorations x="628" y="2427" width="1067" height="343" font="Arial|12|1" bgColor="11316479" fgColor="128" fontColor="1" type="NOTE" text="LOCAL ERROR HANDLER"/>
  <decorations x="-30" y="1184" width="2509" height="414" font="Arial|12|0" fontColor="1" type="NOTE" text="ENROLL RETIREMENT SAVING WEB SERVICE CALL"/>
  <decorations x="-146" y="1602" width="2410" height="387" font="Arial|12|0" fontColor="1" type="NOTE" text="CUSTOM OBJECT AND CONTROL REPORT"/>
  <decorations x="9" y="2023" width="1348" height="388" font="Arial|12|0" fontColor="1" type="NOTE" text="TBA Optional Pension Elections Inbound Error Report"/>
  <connections type="routesTo" sourceAnchorX="0.9888888888888889" sourceAnchorY="0.2125984251968504">
    <source href="assembly.xml#InitializeAttributeMap"/>
    <target href="assembly.xml#ValidationModeEnabled"/>
  </connections>
  <connections type="routesTo">
    <source href="assembly.xml#//@beans/@mixed.1/@mixed.9/@mixed.3"/>
    <target href="assembly.xml#CallInitMediationError"/>
  </connections>
  <connections type="routesTo" targetAnchorX="0.005555555555555556" targetAnchorY="0.41732283464566927">
    <source href="assembly.xml#StartHere"/>
    <target href="assembly.xml#InitializeAttributeMap"/>
  </connections>
  <connections type="routesTo" sourceAnchorX="0.9945054945054945" sourceAnchorY="0.08823529411764706" targetAnchorX="0.015384615384615385" targetAnchorY="0.15748031496062992">
    <source href="assembly.xml#//@beans/@mixed.1/@route.0/@subRoute.0"/>
    <target href="assembly.xml#CopyInputFile"/>
  </connections>
  <connections type="routesTo" targetAnchorX="0.43457943925233644" targetAnchorY="0.05405405405405406">
    <source href="assembly.xml#//@beans/@mixed.1/@mixed.21/@mixed.3"/>
    <target href="assembly.xml#CallInputFileHandleError"/>
  </connections>
  <connections type="routesTo">
    <source href="assembly.xml#//@beans/@mixed.1/@mixed.13/@mixed.3"/>
    <target href="assembly.xml#CallRetrieveDocError"/>
  </connections>
  <connections type="routesTo" targetAnchorX="0.006097560975609756" targetAnchorY="0.25196850393700787">
    <source href="assembly.xml#FileRetrieval"/>
    <target href="assembly.xml#RetrieveDocument"/>
  </connections>
  <connections type="routesTo" sourceAnchorX="0.9669421487603306" sourceAnchorY="0.43243243243243246" targetAnchorX="0.13157894736842105" targetAnchorY="0.43243243243243246">
    <source href="assembly.xml#//@beans/@mixed.1/@mixed.33"/>
    <target href="assembly.xml#Note-Error"/>
  </connections>
  <connections type="routesTo" sourceAnchorX="1.0" sourceAnchorY="0.2127659574468085" targetAnchorX="0.0" targetAnchorY="0.4594594594594595">
    <source href="assembly.xml#SetErrorFlag"/>
    <target href="assembly.xml#PutIntegrationMessage1"/>
  </connections>
  <connections type="routesResponseTo" sourceAnchorX="0.41847826086956524" sourceAnchorY="1.0" targetAnchorX="0.48633879781420764" targetAnchorY="0.02702702702702703">
    <source href="assembly.xml#PutIntegrationMessage1"/>
    <target href="assembly.xml#PutIntegrationEvent"/>
  </connections>
  <connections type="routesTo" sourceAnchorX="0.890295358649789" sourceAnchorY="0.6456692913385826" targetAnchorX="0.087248322147651" targetAnchorY="0.2641509433962264">
    <source href="assembly.xml#SaveUnexpectedErrorData"/>
    <target href="assembly.xml#AggregateErrors"/>
  </connections>
  <connections type="routesTo" sourceAnchorX="0.6645569620253164" sourceAnchorY="0.4864864864864865" targetAnchorX="0.08438818565400844" targetAnchorY="0.15748031496062992">
    <source href="assembly.xml#UnexpectedErrorsHandler"/>
    <target href="assembly.xml#SaveUnexpectedErrorData"/>
  </connections>
  <connections type="routesTo" sourceAnchorX="0.49444444444444446" sourceAnchorY="0.4666666666666667" targetAnchorX="0.4950166112956811" targetAnchorY="0.40540540540540543">
    <source href="assembly.xml#//@beans/@mixed.1/@mixed.49/@mixed.3"/>
    <target href="assembly.xml#CallCriticalSaveUnexpectedErrorData"/>
  </connections>
  <connections type="routesTo" sourceAnchorX="0.5294117647058824" sourceAnchorY="0.6333333333333333" targetAnchorX="0.4433497536945813" targetAnchorY="0.3783783783783784">
    <source href="assembly.xml#//@beans/@mixed.1/@mixed.37/@mixed.3"/>
    <target href="assembly.xml#CallCriticalStoreErrors"/>
  </connections>
  <connections type="routesTo" sourceAnchorX="0.8211382113821138" sourceAnchorY="0.15748031496062992" targetAnchorX="0.11515151515151516" targetAnchorY="0.5675675675675675">
    <source href="assembly.xml#StoreErrors"/>
    <target href="assembly.xml#StoreErrorsAudit"/>
  </connections>
  <connections type="routesTo" sourceAnchorX="0.8389261744966443" sourceAnchorY="0.2830188679245283" targetAnchorX="0.14634146341463414" targetAnchorY="0.6535433070866141">
    <source href="assembly.xml#AggregateErrors"/>
    <target href="assembly.xml#StoreErrors"/>
  </connections>
  <connections type="routesTo" sourceAnchorX="0.46733668341708545" sourceAnchorY="0.6216216216216216" targetAnchorX="0.436241610738255" targetAnchorY="0.10377358490566038">
    <source href="assembly.xml#CloseErrorAggregator"/>
    <target href="assembly.xml#AggregateErrors"/>
  </connections>
  <connections type="routesTo" sourceAnchorX="1.0" sourceAnchorY="0.25196850393700787" targetAnchorX="0.035" targetAnchorY="0.16666666666666666">
    <source href="assembly.xml#ProcessingProps"/>
    <target href="assembly.xml#WorkSpaceValidationOn"/>
  </connections>
  <connections type="routesResponseTo">
    <source href="assembly.xml#CallEnrollRetirementSavings"/>
    <target href="assembly.xml#EnrollRetirementSavingResponse"/>
  </connections>
  <connections type="routesTo" sourceAnchorX="0.9863945578231292" sourceAnchorY="0.3228346456692913">
    <source href="assembly.xml#EnrollRetirementSavingResponse"/>
    <target href="assembly.xml#CallEnrollRetirementAudit"/>
  </connections>
  <connections type="routesTo" sourceAnchorX="0.4662045060658579" sourceAnchorY="0.8666666666666667">
    <source href="assembly.xml#//@beans/@mixed.1/@mixed.53/@mixed.3"/>
    <target href="assembly.xml#ErrorEnrollRetirement"/>
  </connections>
  <connections type="routesTo" sourceAnchorX="0.9456521739130435" sourceAnchorY="0.5729166666666666" targetAnchorX="0.2645739910313901" targetAnchorY="0.7297297297297297">
    <source href="assembly.xml#ErrorEnrollRetirement"/>
    <target href="assembly.xml#CallEnrollRetirementAudit"/>
    <bendpoints sourceX="1012" sourceY="-6" targetX="6" targetY="136"/>
  </connections>
  <connections type="routesResponseTo">
    <source href="assembly.xml#ValidationModeEnabled"/>
    <target href="assembly.xml#CallFileRetrieval"/>
  </connections>
  <connections type="routesTo" sourceAnchorX="1.0" sourceAnchorY="0.2125984251968504" targetAnchorX="0.07692307692307693" targetAnchorY="0.13414634146341464">
    <source href="assembly.xml#RetrieveDocument"/>
    <target href="assembly.xml#RetrieveInputDocument"/>
  </connections>
  <connections type="routesTo">
    <source href="assembly.xml#//@beans/@mixed.1/@splitter.0/@subRoute.0"/>
    <target href="assembly.xml#Route"/>
  </connections>
  <connections type="routesTo" sourceAnchorX="1.0" sourceAnchorY="0.6176470588235294" targetAnchorX="0.1377551020408163" targetAnchorY="0.20833333333333334">
    <source href="assembly.xml#//@beans/@mixed.1/@route.1/@subRoute.0"/>
    <target href="assembly.xml#TrailerValidation"/>
  </connections>
  <connections type="routesTo" sourceAnchorX="1.0" sourceAnchorY="0.09448818897637795" targetAnchorX="0.05982905982905983" targetAnchorY="0.07317073170731707">
    <source href="assembly.xml#CopyInputFile"/>
    <target href="assembly.xml#Splitter"/>
  </connections>
  <connections type="routesTo" sourceAnchorX="0.49074074074074076" sourceAnchorY="1.0" targetAnchorX="0.647887323943662" targetAnchorY="0.532608695652174">
    <source href="assembly.xml#//@beans/@mixed.1/@route.1/@subRoute.2"/>
    <target href="assembly.xml#DoNothingNow"/>
  </connections>
  <connections type="routesTo" sourceAnchorX="0.9111111111111111" sourceAnchorY="1.0" targetAnchorX="0.12" targetAnchorY="0.3020833333333333">
    <source href="assembly.xml#CriticalError"/>
    <target href="assembly.xml#SetErrorFlag"/>
  </connections>
  <connections type="routesTo" sourceAnchorX="0.5178571428571429" sourceAnchorY="1.0" targetAnchorX="0.4482758620689655" targetAnchorY="0.5405405405405406">
    <source href="assembly.xml#//@beans/@mixed.1/@mixed.81/@mixed.3"/>
    <target href="assembly.xml#CallCriticalErrorTrailerValidation"/>
  </connections>
  <connections type="routesTo" sourceAnchorX="0.7407407407407407" sourceAnchorY="1.0" targetAnchorX="0.036585365853658534" targetAnchorY="0.4330708661417323">
    <source href="assembly.xml#//@beans/@mixed.1/@route.1/@subRoute.1"/>
    <target href="assembly.xml#SaveEEIDsToHashSet"/>
  </connections>
  <connections type="routesTo" sourceAnchorX="0.6724137931034483" sourceAnchorY="1.0" targetAnchorX="0.867816091954023" targetAnchorY="0.8867924528301887">
    <source href="assembly.xml#CloseInputFileAgg"/>
    <target href="assembly.xml#InputfileAgg"/>
  </connections>
  <connections type="routesTo" sourceAnchorX="0.4560669456066946" sourceAnchorY="1.0" targetAnchorX="0.42058823529411765" targetAnchorY="0.7567567567567568">
    <source href="assembly.xml#//@beans/@mixed.1/@mixed.85/@mixed.3"/>
    <target href="assembly.xml#CallUnExpectedErrorSaveEEIDsToHashSet"/>
  </connections>
  <connections type="routesTo" sourceAnchorX="1.0" sourceAnchorY="0.5104166666666666" targetAnchorX="0.08658008658008658" targetAnchorY="0.5826771653543307">
    <source href="assembly.xml#TrailerValidation"/>
    <target href="assembly.xml#DoesTrailerMatchWithDetails"/>
  </connections>
  <connections type="routesTo" sourceAnchorX="1.0" sourceAnchorY="0.5905511811023622" targetAnchorX="0.017241379310344827" targetAnchorY="0.2830188679245283">
    <source href="assembly.xml#SaveEEIDsToHashSet"/>
    <target href="assembly.xml#InputfileAgg"/>
  </connections>
  <connections type="routesTo" sourceAnchorX="1.0" sourceAnchorY="0.06299212598425197" targetAnchorX="0.2757201646090535" targetAnchorY="0.6486486486486487">
    <source href="assembly.xml#WorkSpaceValidationOn"/>
    <target href="assembly.xml#CallEnrollRetirementSavings"/>
  </connections>
  <connections type="routesTo" sourceAnchorX="0.6148648648648649" sourceAnchorY="1.0" targetAnchorX="0.271523178807947" targetAnchorY="0.13385826771653545">
    <source href="assembly.xml#EnrollRetirementAudit"/>
    <target href="assembly.xml#processErrorFile"/>
  </connections>
  <connections type="routesTo" sourceAnchorX="0.0" sourceAnchorY="0.14960629921259844" targetAnchorX="0.26436781609195403" targetAnchorY="0.14150943396226415">
    <source href="assembly.xml#processErrorFile"/>
    <target href="assembly.xml#aggregateErrorFile"/>
  </connections>
  <connections type="routesTo" sourceAnchorX="0.3333333333333333" sourceAnchorY="0.9666666666666667" targetAnchorX="0.24050632911392406" targetAnchorY="0.13513513513513514">
    <source href="assembly.xml#//@beans/@mixed.1/@mixed.113/@mixed.3"/>
    <target href="assembly.xml#Call-UnexpectedErrors"/>
  </connections>
  <connections type="routesTo" sourceAnchorX="0.0" sourceAnchorY="0.2169811320754717" targetAnchorX="0.23841059602649006" targetAnchorY="0.19791666666666666">
    <source href="assembly.xml#aggregateErrorFile"/>
    <target href="assembly.xml#writeErrorFiletoCsv"/>
  </connections>
  <connections type="routesTo" sourceAnchorX="0.2919254658385093" sourceAnchorY="1.0" targetAnchorX="0.5517241379310345" targetAnchorY="0.37735849056603776">
    <source href="assembly.xml#closeFile3Aggre"/>
    <target href="assembly.xml#aggregateErrorFile"/>
  </connections>
  <connections type="routesTo" sourceAnchorX="0.5130890052356021" sourceAnchorY="0.7" targetAnchorX="0.5412371134020618" targetAnchorY="0.1891891891891892">
    <source href="assembly.xml#//@beans/@mixed.1/@mixed.105/@mixed.3"/>
    <target href="assembly.xml#call-UnexpectedError"/>
  </connections>
  <connections type="routesResponseTo" sourceAnchorX="0.5987654320987654" sourceAnchorY="1.0" targetAnchorX="0.6030927835051546" targetAnchorY="0.6486486486486487">
    <source href="assembly.xml#CallFileRetrieval"/>
    <target href="assembly.xml#CallCloseInputfileAgg"/>
  </connections>
  <connections type="routesResponseTo" sourceAnchorX="0.7680412371134021" sourceAnchorY="1.0" targetAnchorX="0.3537117903930131" targetAnchorY="0.7297297297297297">
    <source href="assembly.xml#CallCloseInputfileAgg"/>
    <target href="assembly.xml#Call_Benefits_Webservice"/>
  </connections>
  <connections type="routesTo" sourceAnchorX="0.7972972972972973" sourceAnchorY="0.6062992125984252" targetAnchorX="0.2684563758389262" targetAnchorY="1.0">
    <source href="assembly.xml#writeErrorFiletoCsv"/>
    <target href="assembly.xml#printErrorFile3"/>
  </connections>
  <connections type="routesTo" sourceAnchorX="0.6541353383458647" sourceAnchorY="1.0" targetAnchorX="0.08391608391608392" targetAnchorY="0.53125">
    <source href="assembly.xml#ControlReport"/>
    <target href="assembly.xml#AsyncMediation"/>
  </connections>
  <connections type="routesTo" sourceAnchorX="1.0" sourceAnchorY="0.3333333333333333" targetAnchorX="0.08860759493670886" targetAnchorY="0.6216216216216216">
    <source href="assembly.xml#AsyncMediation"/>
    <target href="assembly.xml#CallSubRoutine"/>
  </connections>
  <connections type="routesResponseTo" sourceAnchorX="0.3140096618357488" sourceAnchorY="1.0" targetAnchorX="0.4913294797687861" targetAnchorY="0.7027027027027027">
    <source href="assembly.xml#CallCloseWSAuditAggr"/>
    <target href="assembly.xml#CallControlReport"/>
  </connections>
  <connections type="routesResponseTo" sourceAnchorX="1.0" sourceAnchorY="0.6486486486486487" targetAnchorX="0.2560386473429952" targetAnchorY="0.6486486486486487">
    <source href="assembly.xml#Call_Benefits_Webservice"/>
    <target href="assembly.xml#CallCloseWSAuditAggr"/>
  </connections>
  <connections type="routesResponseTo" sourceAnchorX="1.0" sourceAnchorY="0.5405405405405406" targetAnchorX="0.16591928251121077" targetAnchorY="0.7567567567567568">
    <source href="assembly.xml#CallEnrollRetirementAudit"/>
    <target href="assembly.xml#CallCustomObjectUpdate"/>
  </connections>
  <connections type="routesTo" sourceAnchorX="0.6082089552238806" sourceAnchorY="1.0" targetAnchorX="0.45180722891566266" targetAnchorY="0.8648648648648649">
    <source href="assembly.xml#//@beans/@mixed.1/@mixed.127/@mixed.3"/>
    <target href="assembly.xml#CallSubRoutine0"/>
  </connections>
  <connections type="routesTo">
    <source href="assembly.xml#CreatecustomobjectUpdateRequest"/>
    <target href="assembly.xml#AsyncMediation2"/>
  </connections>
  <connections type="routesTo">
    <source href="assembly.xml#AsyncMediation2"/>
    <target href="assembly.xml#WorkdayOutSoap"/>
  </connections>
  <connections type="routesResponseTo">
    <source href="assembly.xml#WorkdayOutSoap"/>
    <target href="assembly.xml#AsyncMediation0"/>
  </connections>
  <connections type="routesTo" sourceAnchorX="0.7569444444444444" sourceAnchorY="1.0" targetAnchorX="0.23943661971830985" targetAnchorY="0.5675675675675675">
    <source href="assembly.xml#//@beans/@mixed.1/@mixed.135/@mixed.3"/>
    <target href="assembly.xml#Call-EnrollRetirementAudit"/>
  </connections>
  <connections type="routesTo" sourceAnchorX="0.7046413502109705" sourceAnchorY="1.0" targetAnchorX="0.14909090909090908" targetAnchorY="0.5905511811023622">
    <source href="assembly.xml#UpdatePensionAdditionalDa"/>
    <target href="assembly.xml#CreatecustomobjectUpdateRequest"/>
  </connections>
  <connections type="routesTo" sourceAnchorX="1.0" sourceAnchorY="0.27358490566037735" targetAnchorX="0.22083333333333333" targetAnchorY="0.43243243243243246">
    <source href="assembly.xml#InputfileAgg"/>
    <target href="assembly.xml#CallEnrollRetirementService"/>
  </connections>
  <connections type="routesTo" sourceAnchorX="1.0" sourceAnchorY="0.15217391304347827" targetAnchorX="0.05202312138728324" targetAnchorY="0.11585365853658537">
    <source href="assembly.xml#AsyncMediation1"/>
    <target href="assembly.xml#SplittByExistingInput"/>
  </connections>
  <connections type="routesTo">
    <source href="assembly.xml#//@beans/@mixed.1/@mixed.139/@mixed.3"/>
    <target href="assembly.xml#PutIntegrationMessage"/>
  </connections>
  <connections type="routesTo" sourceAnchorX="0.41568627450980394" sourceAnchorY="1.0" targetAnchorX="0.3333333333333333" targetAnchorY="0.3541666666666667">
    <source href="assembly.xml#//@beans/@mixed.1/@mixed.61/@mixed.3"/>
    <target href="assembly.xml#ErrorEnrollRetirement0"/>
  </connections>
  <connections type="routesTo" sourceAnchorX="0.5929203539823009" sourceAnchorY="1.0" targetAnchorX="0.42134831460674155" targetAnchorY="0.07751937984496124">
    <source href="assembly.xml#EnrollRetirementSavingWebservice"/>
    <target href="assembly.xml#AsyncMediation1"/>
  </connections>
  <connections type="routesTo" sourceAnchorX="0.8638743455497382" sourceAnchorY="1.0" targetAnchorX="0.6096256684491979" targetAnchorY="0.4387755102040816">
    <source href="assembly.xml#//@beans/@mixed.1/@splitter.1/@subRoute.0"/>
    <target href="assembly.xml#SplitParams"/>
  </connections>
  <connections type="routesTo" sourceAnchorX="1.0" sourceAnchorY="0.35714285714285715" targetAnchorX="0.2569832402234637" targetAnchorY="0.5675675675675675">
    <source href="assembly.xml#SplitParams"/>
    <target href="assembly.xml#CheckTBAPlan"/>
  </connections>
  <connections type="routesResponseTo" sourceAnchorX="0.3575418994413408" sourceAnchorY="1.0" targetAnchorX="0.44651162790697674" targetAnchorY="0.22826086956521738">
    <source href="assembly.xml#CheckTBAPlan"/>
    <target href="assembly.xml#Check"/>
  </connections>
  <connections type="routesTo" sourceAnchorX="0.0" sourceAnchorY="0.1836734693877551" targetAnchorX="0.5955882352941176" targetAnchorY="0.04642857142857143">
    <source href="assembly.xml#Check"/>
    <target href="assembly.xml#Route0"/>
  </connections>
  <connections type="routesTo" sourceAnchorX="1.0" sourceAnchorY="0.6470588235294118" targetAnchorX="0.2191780821917808" targetAnchorY="0.24031007751937986">
    <source href="assembly.xml#//@beans/@mixed.1/@route.2/@subRoute.0"/>
    <target href="assembly.xml#ProcessingProps"/>
  </connections>
  <connections type="routesTo" sourceAnchorX="0.6585365853658537" sourceAnchorY="1.0" targetAnchorX="0.33488372093023255" targetAnchorY="0.21428571428571427">
    <source href="assembly.xml#//@beans/@mixed.1/@route.2/@subRoute.1"/>
    <target href="assembly.xml#ErrorEnrollRetirement"/>
  </connections>
  <connections type="routesTo" sourceAnchorX="0.8455284552845529" sourceAnchorY="1.0" targetAnchorX="0.017045454545454544" targetAnchorY="0.5869565217391305">
    <source href="assembly.xml#//@beans/@mixed.1/@route.2/@subRoute.2"/>
    <target href="assembly.xml#ProcessWaveOff"/>
    <bendpoints sourceX="91" sourceY="-113" targetX="-14" targetY="410"/>
    <bendpoints sourceX="56" sourceY="-258" targetX="-49" targetY="265"/>
    <bendpoints sourceX="4" sourceY="-483" targetX="-101" targetY="40"/>
  </connections>
  <connections type="routesTo" sourceAnchorX="0.34196891191709844" sourceAnchorY="1.0" targetAnchorX="0.16145833333333334" targetAnchorY="0.22916666666666666">
    <source href="assembly.xml#//@beans/@mixed.1/@mixed.55/@mixed.3"/>
    <target href="assembly.xml#ErrorEnrollRetirement0"/>
  </connections>
  <connections type="routesTo" sourceAnchorX="1.0" sourceAnchorY="0.15625" targetAnchorX="0.17040358744394618" targetAnchorY="0.8378378378378378">
    <source href="assembly.xml#ErrorEnrollRetirement0"/>
    <target href="assembly.xml#CallEnrollRetirementAudit"/>
  </connections>
  <connections type="routesTo" sourceAnchorX="0.8698224852071006" sourceAnchorY="1.0" targetAnchorX="0.7395348837209302" targetAnchorY="0.15306122448979592">
    <source href="assembly.xml#//@beans/@mixed.1/@mixed.159/@mixed.3"/>
    <target href="assembly.xml#ErrorEnrollRetirement"/>
    <bendpoints sourceX="262" sourceY="3" targetX="177" targetY="-339"/>
    <bendpoints sourceX="203" sourceY="281" targetX="118" targetY="-61"/>
  </connections>
  <connections type="routesTo" sourceAnchorX="1.0" sourceAnchorY="0.14634146341463414" targetAnchorX="0.6313559322033898" targetAnchorY="0.05426356589147287">
    <source href="assembly.xml#ProcessWaveOff"/>
    <target href="assembly.xml#WorkSpaceValidationOn"/>
    <bendpoints sourceX="371" sourceY="6" targetX="2" targetY="-279"/>
  </connections>
  <connections type="routesTo" sourceAnchorX="0.6747967479674797" sourceAnchorY="1.0" targetAnchorX="0.16744186046511628" targetAnchorY="0.6326530612244898">
    <source href="assembly.xml#//@beans/@mixed.1/@route.2/@subRoute.3"/>
    <target href="assembly.xml#ErrorEnrollRetirement"/>
  </connections>
  <connections type="routesTo" sourceAnchorX="0.6666666666666666" sourceAnchorY="1.0" targetAnchorX="0.80625" targetAnchorY="0.2653061224489796">
    <source href="assembly.xml#//@beans/@mixed.1/@route.2/@subRoute.4"/>
    <target href="assembly.xml#InValidEMPLID"/>
  </connections>
  <connections type="routesTo" sourceAnchorX="0.925" sourceAnchorY="0.8469387755102041" targetAnchorX="0.2796934865900383" targetAnchorY="0.3783783783783784">
    <source href="assembly.xml#InValidEMPLID"/>
    <target href="assembly.xml#CallEnrollRetirementAudit"/>
    <bendpoints sourceX="286" sourceY="-54" targetX="-1249" targetY="217"/>
    <bendpoints sourceX="1568" sourceY="-70" targetX="33" targetY="201"/>
    <bendpoints sourceX="1646" sourceY="-201" targetX="111" targetY="70"/>
  </connections>
  <swimlanes x="433" y="2102" name="Swimlane" orientation="VERTICAL">
    <elements href="assembly.xml#processErrorFile"/>
    <elements href="assembly.xml#Call-UnexpectedErrors"/>
  </swimlanes>
  <swimlanes x="915" y="2114" name="Swimlane" orientation="VERTICAL">
    <elements href="assembly.xml#aggregateErrorFile"/>
    <elements href="assembly.xml#closeFile3Aggre"/>
  </swimlanes>
  <swimlanes name="Swimlane" orientation="VERTICAL">
    <elements href="assembly.xml#writeErrorFiletoCsv"/>
    <elements href="assembly.xml#call-UnexpectedError"/>
  </swimlanes>
  <swimlanes x="19" y="2056" name="File3Generation">
    <elements href="assembly.xml#EnrollRetirementAudit"/>
    <elements href="#//@swimlanes.0"/>
    <elements href="#//@swimlanes.1"/>
    <elements href="#//@swimlanes.2"/>
  </swimlanes>
  <swimlanes x="2054" y="1631" name="NoUse" orientation="VERTICAL">
    <elements href="assembly.xml#PutIntegrationMessage0"/>
    <elements href="assembly.xml#WorkspaceValHandler"/>
    <elements href="assembly.xml#CallEnrollRetirementSavingError"/>
    <elements href="assembly.xml#PutIntegrationMessage00"/>
    <elements href="assembly.xml#AsyncMediation3"/>
  </swimlanes>
</wdnm:Diagram>
