<?xml version="1.0" encoding="UTF-8"?>
<beans
     xmlns="http://www.springframework.org/schema/beans"
     xmlns:beans="http://www.springframework.org/schema/beans"
     xmlns:atom="http://www.w3.org/2005/Atom"
     xmlns:cc="http://www.capeclear.com/assembly/10"
     xmlns:cloud="urn:com.workday/esb/cloud/10.0"
     xmlns:env="http://schemas.xmlsoap.org/soap/envelope/"
     xmlns:pi="urn:com.workday/picof"
     xmlns:wd="urn:com.workday/bsvc"
     xmlns:xsi="http://www.w3.org/2001/XMLSchema-instance">
 
	<cc:assembly id="WorkdayAssembly" version="2018.35">
        <cc:workday-in id="StartHere" routes-to="InitializeAttributeMap">
            <cc:integration-system name="INT0078-TBA-Optional-Pension-Election-Inbound">
        <cloud:param name="Validation Mode">
          <cloud:type>
            <cloud:simple-type>boolean</cloud:simple-type>
          </cloud:type>
          <cloud:default>
            <cloud:boolean>true</cloud:boolean>
          </cloud:default>
        </cloud:param>
        <cloud:param name="As of Entry Moment">
          <cloud:type>
            <cloud:simple-type>datetime</cloud:simple-type>
          </cloud:type>
          <cloud:default>
            <cloud:class-report-field description="Current Moment (DateTime)" type="WID">df4effe76deb4222a79001d6737cf91c</cloud:class-report-field>
          </cloud:default>
        </cloud:param>
        <cloud:attribute-map-service name="INT0078-Generic">
          <cloud:attribute name="Web Service Version">
            <cloud:type>
              <cloud:simple-type>number</cloud:simple-type>
            </cloud:type>
          </cloud:attribute>
          <cloud:attribute name="Benefit Coverage Contribution">
            <cloud:type>
              <cloud:simple-type>text</cloud:simple-type>
            </cloud:type>
          </cloud:attribute>
        </cloud:attribute-map-service>
        <cloud:retrieval-service name="INT0078-Retrieval"/>
        <cloud:report-service name="INT0078-TBA-Optional-Pension-Election-Inbound_RS">
          <cloud:report-alias description="RPT - INT0078 Check if employee enrolled in TBA Pension Plan" name="CheckPlan"/>
        </cloud:report-service>
        <cloud:custom-object-service name="INT0078 custom object service">
          <cloud:custom-object-alias description="Pension - Additional Data" name="pensionAdditionalData">
            <cloud:custom-object-reference description="Pension - Additional Data" type="WID">5266299599d201d60df04663c40c169e</cloud:custom-object-reference>
          </cloud:custom-object-alias>
        </cloud:custom-object-service>
      </cc:integration-system>
        </cc:workday-in>
        <cc:local-out id="CallFileRetrieval" store-message="none" execute-when="!props['critical.error.occurred']" routes-response-to="CallCloseInputfileAgg" endpoint="vm://INT0078-TBA-Optional-Pension-Election-Inbound/FileRetrieval"/>
        <cc:local-out id="ValidationModeEnabled" execute-when="props['lp.validation.mode']" routes-response-to="CallFileRetrieval" endpoint="vm://wcc/PutIntegrationMessage">
            <cc:set name="is.message.severity" value="'INFO'"/>
            <cc:set name="is.message.summary" value="'Validation Mode enabled. Workday records will not be updated.'"/>
        </cc:local-out>
        <cc:local-out id="CallInitMediationError" store-message="none" endpoint="vm://INT0078-TBA-Optional-Pension-Election-Inbound/CriticalError">
            <cc:set name="step.id" value="'InitMediation'"/>
        </cc:local-out>
        <cc:async-mediation id="InitializeAttributeMap" routes-to="ValidationModeEnabled">
            <cc:steps>
                <cc:eval id="InitLP">
                    <cc:expression>props['eemployee.ids.set'] = new java.util.HashSet()</cc:expression>
                    <cc:expression>props['critical.error.ocurred'] = false; </cc:expression>
                    <cc:expression>props['lp.validation.mode'] = (Boolean)lp.getSimpleData('Validation Mode')</cc:expression>
                    <cc:expression>props['entry.datetime.lp'] = lp.getSimpleData('As of Entry Moment')</cc:expression>
                    <cc:expression>props['existing.inputs.data'] = new java.util.HashMap</cc:expression>
                    <cc:expression>props['worker.data']= new java.util.HashMap</cc:expression>
                    <cc:expression>props['processed.ids.set'] = new java.util.ArrayList();</cc:expression>
                    <cc:expression>props['unexpected.error.occurred'] = false</cc:expression>
                    <cc:expression>props['force.closeFile3.agg']=false</cc:expression>
                </cc:eval>
                <cc:xslt id="Xslt" url="CurrentDateTime.xsl"/>
                <cc:eval id="Props and Vars">
                    <cc:expression>props['unexpected.errors.occurred'] = false ; props['critical.error.occurred'] = false; props['force.close.agg'] = false;</cc:expression>
                    <cc:expression>props['inputs.counter'] = 0 ; props['batch.audit.log'] = false; props['employee.count'] = 0;</cc:expression>
                    <cc:expression>props['int.sys.name'] = intsys.getName()</cc:expression>
                    <cc:expression>props['error.msg'] = empty; props['file.row.number'] = 0; props['success.count'] = 0; props['error.count'] = 0</cc:expression>
                    <cc:expression>props['date.formatter'] = new java.text.SimpleDateFormat(&quot;yyyy-MM-dd&quot;);props['simple.date.formatter'] = new java.text.SimpleDateFormat(&quot;dd-MMM-yyyy&quot;);</cc:expression>
                    <cc:expression>props['p.CurrentDate'] =  util.currentDateAsString();</cc:expression>
                    <cc:expression>props['p.CurrentMonth'] = props['p.CurrentDate'].substring(5, 7);</cc:expression>
                    <cc:expression>props['p.CurrentYear'] = props['p.CurrentDate'].substring(0, 4);</cc:expression>
                    <cc:expression>props['p.Currentday'] = props['p.CurrentDate'].substring(8, 10);</cc:expression>
                    <cc:expression>props['p.entry.CurrentMonth'] = props['entry.datetime.lp'].substring(5, 7);</cc:expression>
                    <cc:expression>props['p.entry.CurrentYear'] = props['entry.datetime.lp'].substring(0, 4);</cc:expression>
                    <cc:expression>props['p.entry.Currentday'] = props['entry.datetime.lp'].substring(8, 10);</cc:expression>
                    <cc:expression>props['control.rep.name']= &quot;hpyx063c_cntrl_&quot;+props['p.CurrentYear']+props['p.CurrentMonth']+props['p.Currentday']+&quot;.csv&quot; ;</cc:expression>
                    <cc:expression>props['error.rep.name']= &quot;hpyx063c_audit_&quot;+props['p.CurrentYear']+props['p.CurrentMonth']+props['p.Currentday']+&quot;.csv&quot; ;</cc:expression>
                    <cc:expression>props['current.Time'] = parts[0].xpath(&quot;DateTime/CurrentTime&quot;);</cc:expression>
                </cc:eval>
                <cc:eval id="Maps and Lists">
                    <cc:expression>props['emp.data.map'] = new java.util.HashMap()</cc:expression>
                    <cc:expression>props['ee.id.hashset'] = new java.util.HashSet()</cc:expression>
                    <cc:expression>props['worker.data.list'] = new java.util.ArrayList()</cc:expression>
                </cc:eval>
                <cc:eval id="Attribute"><cc:expression>props['att.ws.version'] = intsys.getAttribute('Web Service Version')</cc:expression>
                    <cc:expression>props['elect.contri'] = intsys.getAttribute('Benefit Coverage Contribution')</cc:expression>
                    <cc:expression>//props['att.document.retention.policy'] = intsys.getAttribute('Document Retention Policy')</cc:expression>
                    <cc:expression>//props['att.batch.size'] = intsys.getAttribute('Batch Size')</cc:expression>
                    <cc:expression>//props['att.input.doc.tag'] = intsys.getAttribute('Input Document Tag')</cc:expression>
                    <cc:expression>//props['att.batch.id'] = intsys.getAttribute('Batch Id Prefix')</cc:expression>
                </cc:eval>
            </cc:steps>
            <cc:send-error id="SendError" routes-to="CallInitMediationError"/>
        </cc:async-mediation>
        <cc:route id="RetrieveInputDocument">
            <cc:doc-iterator variable-name="file.var"/>
            <cc:sub-route name="SubRoute" routes-to="CopyInputFile"/>
        </cc:route>
        <cc:async-mediation id="RetrieveDocument" routes-to="RetrieveInputDocument" execute-steps-when="!props['critical.error.occurred']" handle-downstream-errors="true">
            <cc:steps>
                <cc:validate-exp id="ValidateExp">
                    <cc:expression failure-message="File is empty">da.size() > 0</cc:expression>
                </cc:validate-exp>
            </cc:steps>
            <cc:send-error id="SendError" routes-to="CallRetrieveDocError"/>
        </cc:async-mediation>
        <cc:local-out id="CallInputFileHandleError" store-message="none" endpoint="vm://INT0078-TBA-Optional-Pension-Election-Inbound/CriticalError">
            <cc:set name="step.id" value="'SplitInputFileErrorHandler'"/>
        </cc:local-out>
        <cc:local-in id="FileRetrieval" routes-to="RetrieveDocument"/>
        <cc:local-out id="CallRetrieveDocError" store-message="none" endpoint="vm://INT0078-TBA-Optional-Pension-Election-Inbound/CriticalError">
            <cc:set name="step.id" value="'FileRetrieval'"/>
        </cc:local-out>
        <cc:async-mediation id="CopyInputFile" routes-to="Splitter" execute-steps-when="!props['critical.error.occurred']" handle-downstream-errors="true">
            <cc:steps>
                <cc:copy id="Copy" output-mimetype="text/plain" input="variable" input-variable="file.var"/>
                <cc:log id="Log">
                    <cc:log-message>
                        <cc:line-separator/>
                        <cc:line-separator/>
                        <cc:message-content/>
                    </cc:log-message>
                </cc:log>
                <cc:eval id="Eval">
                    <cc:expression>props['close.input.file.agg'] = false</cc:expression>
                    <cc:expression>props['close.error.aggregator'] = false</cc:expression>
                </cc:eval>
            </cc:steps>
            <cc:send-error id="SendError" routes-to="CallInputFileHandleError"/>
        </cc:async-mediation>
        <cc:local-out id="PutIntegrationEvent" endpoint="vm://wcc/PutIntegrationEvent">
            <cc:set name="is.event.completed" value="&quot;current&quot;"/>
        </cc:local-out>
        <cc:local-in id="CriticalError" routes-to="SetErrorFlag"/>
        <cc:local-out id="Note-Error" endpoint="vm://wcc/PutIntegrationMessage">
            <cc:set name="is.message.severity" value="'CRITICAL'"/>
            <cc:set name="is.message.summary" value="&quot;Unexpected error occured:&quot; # context.errorMessage"/>
        </cc:local-out>
        <cc:local-out id="PutIntegrationMessage1" routes-response-to="PutIntegrationEvent" endpoint="vm://wcc/PutIntegrationMessage">
            <cc:set name="is.message.severity" value="'CRITICAL'"/>
            <cc:set name="is.message.summary" value="&quot;An unexpected error occurred at step &quot; # props['step.id'] # &quot;. Error details: &quot; # context.errorMessage"/>
            <cc:set name="is.message.detail" value="props['error.msg'] != empty ? props['error.msg'] : ''"/>
        </cc:local-out>
        <cc:async-mediation id="SetErrorFlag" routes-to="PutIntegrationMessage1">
            <cc:steps>
                <cc:eval id="SetErrorFlag">
                    <cc:expression>props['critical.error.occurred'] = true</cc:expression>
                </cc:eval>
            </cc:steps>
        </cc:async-mediation>
        <cc:send-error id="global-error-handler" rethrow-error="false" routes-to="Note-Error"/>
        <cc:local-in id="CloseErrorAggregator" routes-to="AggregateErrors"/>
        <cc:async-mediation id="StoreErrors" routes-to="StoreErrorsAudit" execute-steps-when="!props['critical.error.occurred']">
            <cc:steps>
                <cc:store id="StoreErrorFile" output="variable" output-mimetype="text/csv" output-variable="error.audit" expiresIn="P180D" title="INT0078-UnexpectedErrorsLog.csv"/>
            </cc:steps>
            <cc:send-error id="SendError" routes-to="CallCriticalStoreErrors"/>
        </cc:async-mediation>
        <cc:aggregator id="AggregateErrors" routes-to="StoreErrors" collate-when="props['collate.errors']" force-batch-on-last-message="false" force-batch-when="props['close.error.aggregator']">
            <cc:size-batch-strategy/>
            <cc:message-content-collater>
        <cc:header-text>Step ID where error occurred,Error Message,Employee ID (if applicable)@{&quot;\n&quot;}</cc:header-text>
        <cc:separator>@{&quot;\n&quot;}</cc:separator>
      </cc:message-content-collater>
        </cc:aggregator>
        <cc:local-out id="StoreErrorsAudit" endpoint="vm://wcc/PutIntegrationMessage">
            <cc:set name="is.message.severity" value="'ERROR'"/>
            <cc:set name="is.message.summary" value="'Unexpected errors occurred. Please check the &quot;INT0078 Unexpected Errors Log.csv&quot; for more details.'"/>
            <cc:set name="is.document.variable.name" value="'error.audit'"/>
            <cc:set name="is.document.file.name" value="'INT0078-UnexpectedErrorsLog.csv'"/>
        </cc:local-out>
        <cc:local-in id="UnexpectedErrorsHandler" routes-to="SaveUnexpectedErrorData"/>
        <cc:local-out id="CallCriticalSaveUnexpectedErrorData" store-message="none" endpoint="vm://INT0078-TBA-Optional-Pension-Election-Inbound/CriticalError">
            <cc:set name="step.id" value="'SaveUnexpectedErrorData'"/>
        </cc:local-out>
        <cc:local-out id="CallCriticalStoreErrors" store-message="none" endpoint="vm://INT0078-TBA-Optional-Pension-Election-Inbound/CriticalError">
            <cc:set name="step.id" value="'StoreErrors'"/>
        </cc:local-out>
        <cc:async-mediation id="SaveUnexpectedErrorData" routes-to="AggregateErrors" execute-steps-when="!props['critical.error.occurred']">
            <cc:steps>
                <cc:set-headers id="ValidationOff">
                    <cc:remove-headers>
                        <cc:remove-header name="X-Validate-Only"/>
                    </cc:remove-headers>
                    <cc:add-headers>
                        
                    </cc:add-headers>
                </cc:set-headers>
                <cc:eval id="ErrorFlag"><cc:expression>props['unexpected.errors.occurred'] = true</cc:expression><cc:expression>props['collate.errors'] = true</cc:expression></cc:eval>
                <cc:write id="Write" output-mimetype="text/plain">
                    <cc:message>
                        <cc:header name="BMOFG  "/>
                        <cc:text>&#xD;
&#xD;
@{props['step.id']},@{props['error.msg']},@{props['ee.id']}</cc:text>
                    </cc:message>
                </cc:write>
            </cc:steps>
            <cc:send-error id="SendError" routes-to="CallCriticalSaveUnexpectedErrorData"/>
        </cc:async-mediation>
        <cc:local-in id="EnrollRetirementSavingWebservice" routes-to="AsyncMediation1" use-global-error-handlers="true"/>
        <cc:async-mediation id="ProcessingProps" routes-to="WorkSpaceValidationOn" handle-downstream-errors="true">
            <cc:steps>
                <cc:log id="Log">
                    <cc:log-message>
                        <cc:text>&#xD;
****************&#xD;
In sub route&#xD;
Coverage Percent: @{props['elect.contri']}&#xD;
What is my Coverage Elect: @{props['Coverage.Election']}&#xD;
&#xD;
********************MYCoverageBenefit*****************</cc:text>
                        <cc:message-content/>
                        <cc:line-separator/>
                    </cc:log-message>
                </cc:log>
                <cc:xslt-plus id="XsltPlus" url="INT0078_Request.xsl"/>
                <cc:wrap-soap id="WrapSoap" soap-version="1.1"/>
                <cc:log id="Log0">
                    <cc:log-message>
                        <cc:text>&#xD;
&#xD;
&#xD;
*******************IAMAFTERREPORT********************</cc:text>
                        <cc:line-separator/>
                        <cc:message-content/>
                    </cc:log-message>
                </cc:log>
                <cc:eval id="Eval">
                    <cc:expression>props['coverage.begin.date'] = empty;</cc:expression>
                    <cc:expression>props['coverage.begin.date'] = (props['formatted.participation.date'] != '') ? props['formatted.participation.date'] : props['cont.service.date']</cc:expression>
                </cc:eval>
                <cc:copy id="Copy"/>
            </cc:steps>
            <cc:send-error id="SendError" routes-to="ErrorEnrollRetirement"/>
        </cc:async-mediation>
        <cc:async-mediation id="WorkSpaceValidationOn" routes-to="CallEnrollRetirementSavings" execute-steps-when="props['lp.validation.mode'] || props['critical.error.occurred']" handle-downstream-errors="true">
            <cc:steps>
                <cc:set-headers id="ValidationModeOn">
                    <cc:remove-headers/>
                    <cc:add-headers>
                        <cc:add-header name="X-Validate-Only" value="1"/>
                    </cc:add-headers>
                </cc:set-headers>
            </cc:steps>
            <cc:send-error id="SendError" routes-to="ErrorEnrollRetirement0"/>
        </cc:async-mediation>
        <cc:local-out id="CallEnrollRetirementAudit" store-message="none" routes-response-to="CallCustomObjectUpdate" endpoint="vm://INT0078-TBA-Optional-Pension-Election-Inbound/EnrollRetirementAudit">
            <cc:set name="integration.message" value="props['ws.response.msg']"/>
            <cc:set name="audit.status" value="props['status']"/>
        </cc:local-out>
        <cc:local-out id="CallEnrollRetirementSavingError" store-message="none" endpoint="vm://INT0078-TBA-Optional-Pension-Election-Inbound/CriticalError">
            <cc:set name="step.id" value="'EnrollRetirementSavingResponse'"/>
        </cc:local-out>
        <cc:async-mediation id="EnrollRetirementSavingResponse" routes-to="CallEnrollRetirementAudit">
            <cc:steps>
                <cc:set-headers id="ValidationModeOff">
                    <cc:remove-headers>
                        <cc:remove-header name="X-Validate-Only"/>
                    </cc:remove-headers>
                    <cc:add-headers/>
                </cc:set-headers>
                <cc:copy id="Copy"/>
                <cc:eval id="Eval">
                    <cc:expression>props['ws.response.msg'] =  (props['Coverage.Election'] == &quot;E&quot; ? 'Enrolled in Retirement Savings'  )</cc:expression>
                    <cc:expression>props['ws.response.msg'] =  ((props['Coverage.Election'] == &quot;T&quot; || props['Coverage.Election'] == &quot;W&quot;) ? 'Enrollment Waived' :  'Enrolled in Retirement Savings' )&#xD;
</cc:expression>
                    <cc:expression>//props['ws.response.msg'] = 'Enrolled in Retirement Savings Successfully'</cc:expression>
                    <cc:expression>props['ws.success.count'] = props['ws.success.count'] + 1</cc:expression>
                    <cc:expression>props['status'] = 'Success'</cc:expression>
                </cc:eval>
                <cc:log id="Log">
                    <cc:log-message>
                        <cc:line-separator/>
                        <cc:text>In customobject check&#xD;
&#xD;
props['ee.id'] = @{props['ee.id']}&#xD;
&#xD;
props['param.low.or.high']=  @{props['param.low.or.high']}&#xD;
props['prev.optional.pension.plan.can']  =@{props['prev.optional.pension.plan.can']}</cc:text>
                        <cc:line-separator/>
                    </cc:log-message>
                </cc:log>
            </cc:steps>
            <cc:send-error id="SendError" routes-to="ErrorEnrollRetirement0"/>
        </cc:async-mediation>
        <cc:workday-out-soap id="CallEnrollRetirementSavings" routes-response-to="EnrollRetirementSavingResponse" application="Benefits_Administration" version="v33.2"/>
        <cc:async-mediation id="ErrorEnrollRetirement" routes-to="CallEnrollRetirementAudit">
            <cc:steps>
                <cc:log id="Log">
                    <cc:log-message>
                        <cc:line-separator/>
                        <cc:text>&#xD;
&#xD;
Employee skipped</cc:text>
                        <cc:line-separator/>
                        <cc:message-content/>
                        <cc:line-separator/>
                    </cc:log-message>
                </cc:log>
                <cc:eval id="Eval">
                    <cc:expression>props['ws.response.msg'] = 'Employee Skipped, No change in Option Pension From Existing'</cc:expression>
                    <cc:expression>props['ws.error.count'] = props['ws.error.count'] + 1</cc:expression>
                    <cc:expression>props['status'] = 'Fail'</cc:expression>
                </cc:eval>
            </cc:steps>
        </cc:async-mediation>
        <cc:local-out id="CallControlReport" store-message="none" endpoint="vm://INT0078-TBA-Optional-Pension-Election-Inbound/ControlReport">
            <cc:set name="close.error.aggregator" value="true"/>
            <cc:set name="collate.errors" value="false"/>
        </cc:local-out>
        <cc:local-out id="CallCloseWSAuditAggr" store-message="none" execute-when="!props['critical.error.occurred']" routes-response-to="CallControlReport" endpoint="vm://INT0078-TBA-Optional-Pension-Election-Inbound/closeFile3Aggre">
            <cc:set name="force.closeFile3.agg" value="true"/>
        </cc:local-out>
        <cc:local-out id="WorkspaceValHandler" store-message="none" endpoint="vm://INT0078-TBA-Optional-Pension-Election-Inbound/CriticalError">
            <cc:set name="step.id" value="'EnrollRetirementSavingResponse'"/>
        </cc:local-out>
        <cc:splitter id="Splitter" no-split-message-error="true">
            <cc:sub-route name="SubRoute" routes-to="Route"/>
            <cc:standard-splitter>
                <cc:content-fixed-lines/>
            </cc:standard-splitter>
        </cc:splitter>
        <cc:route id="Route">
            <cc:mvel-strategy>
                <cc:choose-route expression="parts[0].text.startsWith('T')" route="Trailer"/>
                <cc:choose-route expression="parts[0].text.startsWith('D')" route="Details"/>
                <cc:choose-route expression="!parts[0].text.startsWith('T') &amp;&amp; !parts[0].text.startsWith('D')" route="SubRoute"/>
            </cc:mvel-strategy>
            <cc:sub-route name="Trailer" routes-to="TrailerValidation"/>
            <cc:sub-route name="Details" routes-to="SaveEEIDsToHashSet"/>
            <cc:sub-route name="SubRoute" routes-to="DoNothingNow"/>
        </cc:route>
        <cc:async-mediation id="TrailerValidation" routes-to="DoesTrailerMatchWithDetails">
            <cc:steps>
                <cc:csv-to-xml id="CsvToXml" input="message" format="rfc4180" rootName="root" rowName="row" separator="|"/>
                <cc:eval id="Eval">
                    <cc:expression>props['trailer.record.count'] = parts[0].xpath('root/row/col2')</cc:expression>
                    <cc:expression>props['trailer.record.count'] = props['trailer.record.count'] *1;</cc:expression>
                    <cc:expression>props['footer.valid'] = false</cc:expression>
                </cc:eval>
            </cc:steps>
        </cc:async-mediation>
        <cc:async-mediation id="DoNothingNow">
            <cc:steps>
            </cc:steps>
        </cc:async-mediation>
        <cc:async-mediation id="DoesTrailerMatchWithDetails">
            <cc:steps>
                <cc:validate-exp id="ValidateExp">
                    <cc:expression failure-message="Reject: Detail record counts does not match with trailer record count">props['trailer.record.count'] == props['employee.count']</cc:expression>
                </cc:validate-exp>
            </cc:steps>
            <cc:send-error id="SendError" routes-to="CallCriticalErrorTrailerValidation"/>
        </cc:async-mediation>
        <cc:local-out id="CallCriticalErrorTrailerValidation" store-message="none" endpoint="vm://INT0078-TBA-Optional-Pension-Election-Inbound/CriticalError">
            <cc:set name="step.id" value="'Trailer Validation'"/>
        </cc:local-out>
        <cc:async-mediation id="SaveEEIDsToHashSet" routes-to="InputfileAgg">
            <cc:steps>
                <cc:csv-to-xml id="CsvToXml" output-mimetype="text/plain" format="rfc4180" rootName="EMPLOYEE" rowName="RECORD" separator="|"/>
                <cc:log id="Log0">
                    <cc:log-message>
                        <cc:line-separator/>
                        <cc:line-separator/>
                        <cc:text>****After csvtoxml*******</cc:text>
                        <cc:message-content/>
                    </cc:log-message>
                </cc:log>
                <cc:eval id="Eval">
                    <cc:expression>props['employee.id'] = parts[0].xstream(&quot;EMPLOYEE/RECORD/col2&quot;)</cc:expression>
                    <cc:expression>props['deduction.begin.date'] = parts[0].xstream(&quot;EMPLOYEE/RECORD/col3&quot;)</cc:expression>
                    <cc:expression>props['coverage.elect'] = parts[0].xstream(&quot;EMPLOYEE/RECORD/col4&quot;)</cc:expression>
                    <cc:expression>props['exec.indicator'] = parts[0].xstream(&quot;EMPLOYEE/RECORD/col5&quot;)</cc:expression>
                    <cc:expression>props['employee.count'] = props['employee.count'] + 1</cc:expression>
                    <cc:expression>props['employee.id'] !=empty ? props['eemployee.ids.set'].add(props['employee.id'])</cc:expression>
                </cc:eval>
                <cc:write id="Write">
                    <cc:message>
                        <cc:text>&#xD;
	&lt;RECORD>&#xD;
		&lt;EMPLID>@{props['employee.id']}&lt;/EMPLID>	&#xD;
		&lt;DEDBEGNDT>@{props['deduction.begin.date']}&lt;/DEDBEGNDT>&#xD;
		&lt;COVERAGELECT>@{props['coverage.elect']}&lt;/COVERAGELECT>&#xD;
		&lt;EXECIND>@{props['exec.indicator']}&lt;/EXECIND>		&#xD;
	&lt;/RECORD>&#xD;
</cc:text>
                    </cc:message>
                </cc:write>
                <cc:log id="Log">
                    <cc:log-message>
                        <cc:text>*********Test Data*******&#xD;
props['employee.id']=@{props['employee.id']}&#xD;
props['deduction.begin.date']=@{props['deduction.begin.date']}&#xD;
props['coverage.elect']=@{props['coverage.elect']}&#xD;
props['exec.indicator']=@{props['exec.indicator']}&#xD;
*********Test Data End*******&#xD;
</cc:text>
                        <cc:message-content/>
                    </cc:log-message>
                </cc:log>
            </cc:steps>
            <cc:send-error id="SendError" routes-to="CallUnExpectedErrorSaveEEIDsToHashSet"/>
        </cc:async-mediation>
        <cc:aggregator id="InputfileAgg" routes-to="CallEnrollRetirementService" collate-when="!props['close.input.file.agg']" force-batch-when="props['close.input.file.agg']">
            <cc:size-batch-strategy/>
            <cc:xml-message-content-collater output="message">
        <cc:header-text>&lt;EMPLOYEES></cc:header-text>
        <cc:footer-text>&lt;/EMPLOYEES></cc:footer-text>
      </cc:xml-message-content-collater>
        </cc:aggregator>
        <cc:local-out id="CallUnExpectedErrorSaveEEIDsToHashSet" store-message="none" endpoint="WriteUnexpectedError">
            <cc:set name="error.summary" value="'An unexpected error occurred at step SaveEEIDsToHashSet while processing '# props['file.row.number'] #' row from the input file'"/>
            <cc:set name="error.detail" value="context.getErrorMessage()"/>
        </cc:local-out>
        <cc:local-in id="CloseInputFileAgg" routes-to="InputfileAgg"/>
        <cc:local-out id="CallCloseInputfileAgg" store-message="none" execute-when="!props['critical.error.ocurred']" routes-response-to="Call_Benefits_Webservice" endpoint="vm://INT0078-TBA-Optional-Pension-Election-Inbound/CloseInputFileAgg">
            <cc:set name="close.input.file.agg" value="true"/>
        </cc:local-out>
        <cc:local-out id="Call_Benefits_Webservice" store-message="none" execute-when="!props['critical.error.ocurred']" routes-response-to="CallCloseWSAuditAggr" endpoint="vm://INT0078-TBA-Optional-Pension-Election-Inbound/EnrollRetirementSavingWebservice"/>
        <cc:local-out id="CallEnrollRetirementService" store-message="none" endpoint="vm://INT0078-TBA-Optional-Pension-Election-Inbound/EnrollRetirementSavingWebservice"/>
        <cc:splitter id="SplittByExistingInput" no-split-message-error="true">
            <cc:sub-route name="SubRoute" routes-to="SplitParams"/>
            <cc:xml-stream-splitter xpath="EMPLOYEES/RECORD"/>
        </cc:splitter>
        <cc:local-out id="printErrorFile3" endpoint="vm://wcc/PutIntegrationMessage">
            <cc:set name="is.message.severity" value="'INFO'"/>
            <cc:set name="is.message.summary" value="'The Audit file is attatched as an integration output document.'"/>
            <cc:set name="is.document.variable.name" value="'error.log'"/>
            <cc:set name="is.document.file.name" value="props['error.rep.name']"/>
            <cc:set name="is.message.storage.enabled" value="false"/>
        </cc:local-out>
        <cc:local-out id="call-UnexpectedError" store-message="none" endpoint="vm://INT0078-TBA-Optional-Pension-Election-Inbound/UnexpectedErrorsHandler">
            <cc:set name="step.id" value="'StoreInputDetails'"/>
            <cc:set name="error.msg" value="context.errorMessage"/>
        </cc:local-out>
        <cc:async-mediation id="writeErrorFiletoCsv" routes-to="printErrorFile3" handle-downstream-errors="true">
            <cc:steps>
                <cc:xml-to-csv id="XmlToCsv" output-mimetype="text/plain"/>
                <cc:write id="Write" output-mimetype="text/plain">
                    <cc:message>
                        <cc:text>                                                               BMOFG                                          Page No.  1        &#xD;
Interface Id : HPYX063C                      Load Optional Pension Plan Election                              Run Date @{props['p.Currentday']}/@{props['p.CurrentMonth']}/@{props['p.CurrentYear']}&#xD;
As of Date   : @{props['p.entry.Currentday']}/@{props['p.entry.CurrentMonth']}/@{props['p.entry.CurrentYear']}                                 Error Report                                      Run Time @{props['current.Time']} &#xD;
 &#xD;
 </cc:text>
                        <cc:line-separator/>
                        <cc:message-content/>
                    </cc:message>
                </cc:write>
                <cc:store id="Store" output="variable" output-mimetype="text/csv" output-variable="error.log" expiresIn="P180D" title="hpyx063c_audit_YYYYMMDD.csv"/>
            </cc:steps>
            <cc:send-error id="call-UnexpectedError" routes-to="call-UnexpectedError"/>
        </cc:async-mediation>
        <cc:local-in id="closeFile3Aggre" routes-to="aggregateErrorFile"/>
        <cc:aggregator id="aggregateErrorFile" routes-to="writeErrorFiletoCsv" collate-when="!props['force.closeFile3.agg']" force-batch-on-last-message="false" force-batch-when="props['force.closeFile3.agg']">
            <cc:size-batch-strategy batch-size="-1"/>
            <cc:xml-message-content-collater output="message">
        <cc:header-text>&lt;errorRow1></cc:header-text>
        <cc:footer-text>&lt;/errorRow1></cc:footer-text>
      </cc:xml-message-content-collater>
        </cc:aggregator>
        <cc:local-out id="Call-UnexpectedErrors" store-message="none" endpoint="vm://INT0078-TBA-Optional-Pension-Election-Inbound/UnexpectedErrorsHandler"/>
        <cc:async-mediation id="processErrorFile" routes-to="aggregateErrorFile" handle-downstream-errors="true">
            <cc:steps>
                <cc:eval id="Eval">
                    <cc:expression>// As the workers have some validation errors they must be recorded in File 3 and also to be Summarized into Audit File</cc:expression>
                    <cc:expression>props['message'] = props['integration.message']</cc:expression>
                </cc:eval>
                <cc:write id="Write">
                    <cc:message>
                        <cc:text>&lt;root>&lt;/root></cc:text>
                    </cc:message>
                </cc:write>
                <cc:xslt-plus id="XsltPlus" url="INT0078_Audit.xsl"/>
            </cc:steps>
            <cc:send-error id="SendError" routes-to="Call-UnexpectedErrors"/>
        </cc:async-mediation>
        <cc:local-in id="EnrollRetirementAudit" routes-to="processErrorFile"/>
        <cc:async-mediation id="AsyncMediation" routes-to="CallSubRoutine">
            <cc:steps>
                <cc:write id="Write" output-mimetype="text/plain">
                    <cc:message>
                        <cc:text>                                                               BMOFG                                          Page No.  1        &#xD;
Interface Id : HPYX063C                      Load Optional Pension Plan Election                              Run Date @{props['p.Currentday']}/@{props['p.CurrentMonth']}/@{props['p.CurrentYear']}&#xD;
As of Date   : @{props['p.entry.Currentday']}/@{props['p.entry.CurrentMonth']}/@{props['p.entry.CurrentYear']}                                   Control Report                                    Run Time @{props['current.Time']}  &#xD;
 &#xD;
 &#xD;
 &#xD;
          Total Number of  Employees Processed:   @{props['employee.count']}            &#xD;
</cc:text>
                    </cc:message>
                </cc:write>
                <cc:store id="Store" output="variable" output-mimetype="text/csv" output-variable="ctrl.log" expiresIn="P180D" title="hpyx063c_cntrl_YYYYMMDD.csv"/>
            </cc:steps>
        </cc:async-mediation>
        <cc:local-in id="ControlReport" routes-to="AsyncMediation"/>
        <cc:local-out id="CallSubRoutine" store-message="none" endpoint="vm://wcc/PutIntegrationMessage"><cc:set name="is.message.severity" value="'INFO'"/><cc:set name="is.message.summary" value="'The Control file is attatched as an integration output document.'"/><cc:set name="is.document.variable.name" value="'ctrl.log'"/><cc:set name="is.document.file.name" value="props['control.rep.name']"/><cc:set name="is.message.storage.enabled" value="false"/></cc:local-out>
        <cc:local-out id="CallCustomObjectUpdate" store-message="none" execute-when="props['param.low.or.high']=='l' and props['prev.optional.pension.plan.can'] != 'l'" endpoint="vm://INT0078-TBA-Optional-Pension-Election-Inbound/UpdatePensionAdditionalDa"/>
        <cc:local-in id="UpdatePensionAdditionalDa" routes-to="CreatecustomobjectUpdateRequest"/>
        <cc:async-mediation id="CreatecustomobjectUpdateRequest" routes-to="AsyncMediation2" handle-downstream-errors="true">
            <cc:steps>
                <cc:eval id="Eval">
                    <cc:expression>props['pension.eff.date'] = props['param.year'] + '-' + props['param.month'] + '-' + props['param.day']</cc:expression>
                </cc:eval>
                <cc:write id="Write">
                    <cc:message>
                        <cc:text>&lt;?xml version=&quot;1.0&quot; encoding=&quot;UTF-8&quot;?>&#xD;
&lt;env:Envelope xmlns:env=&quot;http://schemas.xmlsoap.org/soap/envelope/&quot;&#xD;
    xmlns:xsd=&quot;http://www.w3.org/2001/XMLSchema&quot;&#xD;
    xmlns:cus=&quot;urn:com.workday/tenants/super/data/custom&quot;>&#xD;
    &lt;env:Body>&#xD;
        &lt;wd:Edit_Worker_Additional_Data_Request xmlns:wd=&quot;urn:com.workday/bsvc&quot;&#xD;
            wd:version=&quot;v32.2&quot;>&#xD;
            &lt;wd:Business_Process_Parameters>&#xD;
                &lt;wd:Auto_Complete>true&lt;/wd:Auto_Complete>&#xD;
                &lt;wd:Run_Now>true&lt;/wd:Run_Now>&#xD;
                &lt;wd:Comment_Data>&#xD;
                    &lt;wd:Comment>INT0078_Update_Pension_CAN_Flag&lt;/wd:Comment>&#xD;
                    &lt;wd:Worker_Reference>&#xD;
                        &lt;wd:ID wd:type=&quot;Employee_ID&quot;>@{props['ee.id']}&lt;/wd:ID>&#xD;
                    &lt;/wd:Worker_Reference>&#xD;
                &lt;/wd:Comment_Data>&#xD;
            &lt;/wd:Business_Process_Parameters>&#xD;
            &lt;wd:Worker_Custom_Object_Data>&#xD;
                &lt;wd:Effective_Date>@{props['pension.eff.date']}&lt;/wd:Effective_Date>&#xD;
                &lt;wd:Worker_Reference>&#xD;
                    &lt;wd:ID wd:type=&quot;Employee_ID&quot;>@{props['ee.id']}&lt;/wd:ID>&#xD;
                &lt;/wd:Worker_Reference>&#xD;
                &lt;wd:Business_Object_Additional_Data>&#xD;
                    &lt;cus:pensionAdditionalData2>&#xD;
                        @if{props['int0078.pension.class'] != ''}                        &#xD;
                            &lt;cus:pensionClass>@{props['int0078.pension.class']}&lt;/cus:pensionClass>                        &#xD;
                        @end{}&#xD;
                        &#xD;
                        @if{props['pension.eligible.us'] != ''}    &#xD;
                        &lt;cus:pensionEligibleUs>&#xD;
                            &lt;cus:ID cus:type=&quot;ExtendedAlias&quot;>@{props['pension.eligible.us']}&lt;/cus:ID>&#xD;
                        &lt;/cus:pensionEligibleUs>    &#xD;
                           @end{}                    &#xD;
                        @if{props['pension.eligible.can'] != ''} &#xD;
                        &lt;cus:pensionEligibleCan>&#xD;
                            &lt;cus:ID cus:type=&quot;ExtendedAlias&quot;>@{props['pension.eligible.can']}&lt;/cus:ID>&#xD;
                        &lt;/cus:pensionEligibleCan>                        &#xD;
                         @end{}  &#xD;
                        @if{props['pension.effective.date'] != ''}                        &#xD;
                            &lt;cus:pensionEffectiveDate>@{props['pension.effective.date']}&lt;/cus:pensionEffectiveDate>                        &#xD;
                        @end{}&#xD;
                        &#xD;
                        @if{props['yrs.of.service'] != ''}                                                &#xD;
                            &lt;cus:pensionableYrsOfService>@{props['yrs.of.service']}&lt;/cus:pensionableYrsOfService>                        &#xD;
                        @end{}&#xD;
                        &#xD;
                        @if{props['param.low.or.high'] != ''}                        &#xD;
                            &lt;cus:optionalPensionPlanCan>&#xD;
                                &lt;cus:ID cus:type=&quot;ExtendedAlias&quot;>@{props['param.low.or.high']}&lt;/cus:ID>&#xD;
                            &lt;/cus:optionalPensionPlanCan>                        &#xD;
                        @end{}&#xD;
                        &#xD;
                        @if{props['pension.registration.dt'] != ''}                        &#xD;
                            &lt;cus:executivePensionRegistrationDate>@{props['pension.registration.dt']}&lt;/cus:executivePensionRegistrationDate>                        &#xD;
                        @end{}&#xD;
                        &#xD;
                        @if{props['earliest.retirement.dt'] != ''}                        &#xD;
                            &lt;cus:earliestRetirementDate>@{props['earliest.retirement.dt']}&lt;/cus:earliestRetirementDate>                        &#xD;
                        @end{}&#xD;
                        &#xD;
                    &lt;/cus:pensionAdditionalData2>&#xD;
                &lt;/wd:Business_Object_Additional_Data>&#xD;
            &lt;/wd:Worker_Custom_Object_Data>&#xD;
        &lt;/wd:Edit_Worker_Additional_Data_Request>&#xD;
    &lt;/env:Body>&#xD;
&lt;/env:Envelope>&#xD;
&#xD;
&#xD;
</cc:text>
                    </cc:message>
                </cc:write>
                <cc:wrap-soap id="WrapSoap" soap-version="1.1"/>
                <cc:log id="Log">
                    <cc:log-message>
                        <cc:line-separator/>
                        <cc:text>Update custom object message</cc:text>
                        <cc:message-content/>
                        <cc:line-separator/>
                    </cc:log-message>
                </cc:log>
            </cc:steps>
            <cc:send-error id="SendError" routes-to="CallSubRoutine0"/>
        </cc:async-mediation>
        <cc:async-mediation id="AsyncMediation0">
            <cc:steps>
                <cc:set-headers id="ValidationModeOff">
                    <cc:remove-headers>
                        <cc:remove-header name="X-Validate-Only"/>
                    </cc:remove-headers>
                    <cc:add-headers/>
                </cc:set-headers>
            </cc:steps>
        </cc:async-mediation>
        <cc:local-out id="CallSubRoutine0" store-message="none" endpoint="vm://INT0078-TBA-Optional-Pension-Election-Inbound/EnrollRetirementAudit"/>
        <cc:workday-out-soap id="WorkdayOutSoap" execute-when="props['Is.exists'] != false" routes-response-to="AsyncMediation0" application="Staffing" version="v32.2"/>
        <cc:async-mediation id="AsyncMediation2" routes-to="WorkdayOutSoap" execute-steps-when="props['lp.validation.mode'] || props['critical.error.occurred']" handle-downstream-errors="true">
            <cc:steps>
                <cc:set-headers id="ValidationModeOn">
                    <cc:remove-headers/>
                    <cc:add-headers>
                        <cc:add-header name="X-Validate-Only" value="1"/>
                    </cc:add-headers>
                </cc:set-headers>
            </cc:steps>
            <cc:send-error id="SendError" routes-to="Call-EnrollRetirementAudit"/>
        </cc:async-mediation>
        <cc:local-out id="Call-EnrollRetirementAudit" store-message="none" endpoint="vm://INT0078-TBA-Optional-Pension-Election-Inbound/EnrollRetirementAudit"/>
        <cc:async-mediation id="AsyncMediation1" routes-to="SplittByExistingInput" handle-downstream-errors="true">
            <cc:steps>
                <cc:log id="Log">
                    <cc:log-message>
                        <cc:text>Printing data for splitter </cc:text>
                        <cc:message-content/>
                    </cc:log-message>
                </cc:log>
            </cc:steps>
            <cc:send-error id="SendError" routes-to="PutIntegrationMessage"/>
        </cc:async-mediation>
        <cc:local-out id="PutIntegrationMessage" endpoint="vm://wcc/PutIntegrationMessage"><cc:set name="is.message.severity" value="'INFO'"/><cc:set name="is.message.summary" value="&quot;Data in file is not supported by integrations&quot;"/></cc:local-out>
        <cc:local-out id="PutIntegrationMessage0" endpoint="vm://wcc/PutIntegrationMessage"><cc:set name="is.message.severity" value="'ERROR'"/><cc:set name="is.message.summary" value="props['ee.id'] # &quot;Emplid not processed&quot;"/></cc:local-out>
        <cc:local-out id="PutIntegrationMessage00" endpoint="vm://wcc/PutIntegrationMessage">
            <cc:set name="is.message.severity" value="'ERROR'"/>
            <cc:set name="is.message.summary" value="props['ee.id'] # &quot;Emplid not processed&quot;"/>
        </cc:local-out>
        <cc:async-mediation id="SplitParams" routes-to="CheckTBAPlan">
            <cc:steps>
                <cc:eval id="Reset">
                    <cc:expression>props['ee.id'] = empty; props['Deduct.Begn.Dt'] = empty;</cc:expression>
                    <cc:expression>props['Exec.Indicator'] = empty; props['Coverage.Election'] = empty; </cc:expression>
                </cc:eval>
                <cc:eval id="SetFileData">
                    <cc:expression>props['ee.id'] = parts[0].xstream(&quot;RECORD/EMPLID&quot;)</cc:expression>
                    <cc:expression>props['Coverage.Election'] = parts[0].xstream(&quot;RECORD/COVERAGELECT&quot;)</cc:expression>
                    <cc:expression>props['Exec.Indicator'] = parts[0].xstream(&quot;RECORD/EXECIND&quot;)</cc:expression>
                    <cc:expression>props['Deduct.Begn.Dt'] = (props['Deduct.Begn.Dt'] != '') ? parts[0].xstream(&quot;RECORD/DEDBEGNDT&quot;) : ''</cc:expression>
                    <cc:expression>props['plan.participation.date'] = (props['plan.participation.date'] != '') ? parts[0].xstream(&quot;RECORD/DEDBEGNDT&quot;) : ''</cc:expression>
                    <cc:expression>props['param.year'] = props['plan.participation.date'].toString().substring(0, 4)</cc:expression>
                    <cc:expression>props['param.month'] = props['plan.participation.date'].toString().substring(4, 6)</cc:expression>
                    <cc:expression>props['param.day'] = props['plan.participation.date'].toString().substring(6, 8)</cc:expression>
                    <cc:expression>props['param.low.or.high'] = (props['Exec.Indicator'] == 'Y') ? 'l' : ''</cc:expression>
                    <cc:expression>props['p.eve.date'] = props['param.year'] # '-' # props['param.month']  # '-' # props['param.day']</cc:expression>
                </cc:eval></cc:steps>
        </cc:async-mediation>
        <cc:workday-out-rest id="CheckTBAPlan" routes-response-to="Check" extra-path="@{intsys.reportService.getExtrapath('CheckPlan')}?Employee_ID=@{props['ee.id']}"/>
        <cc:async-mediation id="Check" routes-to="Route0" handle-downstream-errors="false">
            <cc:steps>
                <cc:eval id="Eval">
                    <cc:expression>props['Is.plan.true'] = parts[0].xpath('/wd:Report_Data/wd:Report_Entry/wd:CF_INT0078_Is_Current_Benefit_Plan_Pension_Optional_-_TBA', 'wd urn:com.workday.report/RPT_-_INT0078_Check_if_employee_enrolled_in_TBA_Pension_Plan')</cc:expression>
                    <cc:expression>props['current.pension.coverage'] = parts[0].xpath('/wd:Report_Data/wd:Report_Entry/wd:INT0078_Optional_Benefit_Election_Coverage', 'wd urn:com.workday.report/RPT_-_INT0078_Check_if_employee_enrolled_in_TBA_Pension_Plan')</cc:expression>
                    <cc:expression>props['current.pension.coverage'] = props['current.pension.coverage'].replaceAll( '%', '');</cc:expression>
                    <cc:expression>props['int0078.pension.class'] = parts[0].xpath('/wd:Report_Data/wd:Report_Entry/wd:INT0078_Pension_Class', 'wd urn:com.workday.report/RPT_-_INT0078_Check_if_employee_enrolled_in_TBA_Pension_Plan')</cc:expression>
                    <cc:expression>props['pension.effective.date'] = parts[0].xpath('/wd:Report_Data/wd:Report_Entry/wd:INT0078_Pension_Effective_Date', 'wd urn:com.workday.report/RPT_-_INT0078_Check_if_employee_enrolled_in_TBA_Pension_Plan')</cc:expression>
                    <cc:expression>props['yrs.of.service'] = parts[0].xpath('/wd:Report_Data/wd:Report_Entry/wd:INT0078_Pensionable_Yrs_of_Service', 'wd urn:com.workday.report/RPT_-_INT0078_Check_if_employee_enrolled_in_TBA_Pension_Plan')</cc:expression>
                    <cc:expression>props['pension.eligible.can'] = parts[0].xpath('wd:Report_Data/wd:Report_Entry/wd:INT0078_Pension_Eligible_CAN/wd:ID[@wd:parent_id =&quot;booleanValue&quot;]', 'wd urn:com.workday.report/RPT_-_INT0078_Check_if_employee_enrolled_in_TBA_Pension_Plan')</cc:expression>
                    <cc:expression>props['earliest.retirement.dt'] = parts[0].xpath('/wd:Report_Data/wd:Report_Entry/wd:INT0078_Earliest_Retirement_Date', 'wd urn:com.workday.report/RPT_-_INT0078_Check_if_employee_enrolled_in_TBA_Pension_Plan')</cc:expression>
                    <cc:expression>props['pension.registration.dt'] = parts[0].xpath('/wd:Report_Data/wd:Report_Entry/wd:INT0078_Executive_Pension_Registration_Date', 'wd urn:com.workday.report/RPT_-_INT0078_Check_if_employee_enrolled_in_TBA_Pension_Plan')</cc:expression>
                    <cc:expression>props['pension.eligible.us'] = parts[0].xpath('wd:Report_Data/wd:Report_Entry/wd:INT0078_Pension_Eligible_US/wd:ID[@wd:parent_id =&quot;booleanValue&quot;]', 'wd urn:com.workday.report/RPT_-_INT0078_Check_if_employee_enrolled_in_TBA_Pension_Plan')</cc:expression>
                    <cc:expression>//props['pension.eligible.us'] = props['pension.eligible.us'] == empty ? &quot;no&quot; : props['pension.eligible.us']</cc:expression>
                    <cc:expression>//props['pension.eligible.can'] = props['pension.eligible.can'] == empty ? &quot;no&quot; : props['pension.eligible.can']</cc:expression>
                    <cc:expression>props['lp.Sup.Org'] = props['lp.Sup.Org.list'] != empty ? util.listToCommaDelimString(props['lp.Sup.Org.list']).replace(',','!') : ''</cc:expression>
                    <cc:expression>props['current.pension.coverage.number']  = props['current.pension.coverage']  == empty ? 0 : props['current.pension.coverage']</cc:expression>
                    <cc:expression>props['prev.optional.pension.plan.can'] = parts[0].xpath('/wd:Report_Data/wd:Report_Entry/wd:INT0078_Optional_Pension_Plan_CAN/wd:ID[@wd:parent_id = &quot;OptionalPensionPlanCAN&quot;]', 'wd urn:com.workday.report/RPT_-_INT0078_Check_if_employee_enrolled_in_TBA_Pension_Plan')</cc:expression>
                    <cc:expression>props['Is.exists'] = parts[0].xpathB('/wd:Report_Data/wd:Report_Entry', 'wd urn:com.workday.report/RPT_-_INT0078_Check_if_employee_enrolled_in_TBA_Pension_Plan')</cc:expression>
                </cc:eval>
                <cc:log id="Log">
                    <cc:log-message>
                        <cc:line-separator/>
                        <cc:text>&#xD;
&#xD;
props['int0078.pension.class'] = @{props['int0078.pension.class']}&#xD;
props['pension.effective.date'] = @{props['pension.effective.date']}&#xD;
props['yrs.of.service'] = @{props['yrs.of.service']}&#xD;
props['pension.eligible.can'] = @{props['pension.eligible.can']}&#xD;
props['earliest.retirement.dt'] = @{props['earliest.retirement.dt'] }&#xD;
props['pension.registration.dt']  = @{props['pension.registration.dt'] }&#xD;
&#xD;
&#xD;
=====================&#xD;
props['ee.id'] = @{props['ee.id']}&#xD;
props['Is.plan.true'] = @{props['Is.plan.true'] }&#xD;
props['Coverage.Election'] = @{ props['Coverage.Election']}&#xD;
props['current.pension.coverage'] = @{props['current.pension.coverage']}&#xD;
 props['current.pension.coverage.number']  = @{ props['current.pension.coverage.number'] }&#xD;
&#xD;
</cc:text>
                        <cc:line-separator/>
                    </cc:log-message>
                </cc:log>
            </cc:steps>
        </cc:async-mediation>
        <cc:route id="Route0">
            <cc:mvel-strategy>
                <cc:choose-route expression="props['Is.exists'] != true" route="Invalid"/>
                <cc:choose-route expression="props['Is.plan.true'] == 0 &amp;&amp; (props['Coverage.Election'] == 'W' || props['Coverage.Election'] == 'T')" route="Skip"/>
                <cc:choose-route expression="props['Is.plan.true'] == 1 &amp;&amp; props['Coverage.Election'] != 'E'" route="TandW"/>
                <cc:choose-route expression="props['Is.plan.true'] == 1 &amp;&amp; props['Coverage.Election'] == 'E' &amp;&amp; props['current.pension.coverage.number'] > 0" route="Alternate"/>
                <cc:choose-route expression="(props['Is.plan.true'] != 1 || (props['Is.plan.true'] == 1 &amp;&amp; props['current.pension.coverage.number'] == 0)) &amp;&amp; props['Coverage.Election'] == 'E'" route="SubRoute"/>
            </cc:mvel-strategy>
            <cc:sub-route name="SubRoute" routes-to="ProcessingProps"/>
            <cc:sub-route name="Alternate" routes-to="ErrorEnrollRetirement"/>
            <cc:sub-route name="TandW" routes-to="ProcessWaveOff"/>
            <cc:sub-route name="Skip" routes-to="ErrorEnrollRetirement"/>
            <cc:sub-route name="Invalid" routes-to="InValidEMPLID"/>
        </cc:route>
        <cc:async-mediation id="AsyncMediation3">
            <cc:steps>
                <cc:write id="Write">
                    <cc:message>
                        <cc:text>&lt;?xml version='1.0' encoding='utf-8'?>&#xD;
&lt;env:Envelope&#xD;
    xmlns:env=&quot;http://schemas.xmlsoap.org/soap/envelope/&quot;&#xD;
    xmlns:xsd=&quot;http://www.w3.org/2001/XMLSchema&quot;&#xD;
    xmlns:cus=&quot;urn:com.workday/tenants/super/data/custom&quot;>&#xD;
    &lt;env:Body>&#xD;
        &lt;wd:Edit_Worker_Additional_Data_Request&#xD;
            xmlns:wd=&quot;urn:com.workday/bsvc&quot;&#xD;
            wd:version=&quot;v32.2&quot;>&#xD;
            &lt;wd:Business_Process_Parameters>&#xD;
                &lt;wd:Auto_Complete>true&lt;/wd:Auto_Complete>&#xD;
                &lt;wd:Run_Now>true&lt;/wd:Run_Now>&#xD;
                &lt;wd:Comment_Data>&#xD;
                    &lt;wd:Comment>INT0078_Update_Pension_CAN_Flag&lt;/wd:Comment>&#xD;
                    &lt;wd:Worker_Reference>&#xD;
                        &lt;wd:ID wd:type=&quot;Employee_ID&quot;>@{props['ee.id']}&lt;/wd:ID>&#xD;
                    &lt;/wd:Worker_Reference>&#xD;
                &lt;/wd:Comment_Data>&#xD;
            &lt;/wd:Business_Process_Parameters>&#xD;
            &lt;wd:Worker_Custom_Object_Data>&#xD;
                &lt;wd:Effective_Date>@{props['pension.eff.date']}&lt;/wd:Effective_Date>&#xD;
                &lt;wd:Worker_Reference>&#xD;
                    &lt;wd:ID wd:type=&quot;Employee_ID&quot;>@{props['ee.id']}&lt;/wd:ID>&#xD;
                &lt;/wd:Worker_Reference>&#xD;
                &lt;wd:Business_Object_Additional_Data>&#xD;
                    &lt;cus:pensionAdditionalData2>&#xD;
                   &lt;cus:pensionClass>@{props['int0078.pension.class']}&lt;/cus:pensionClass>&#xD;
                  &#xD;
                   &lt;cus:pensionableYrsOfService>@{props['yrs.of.service']}&lt;/cus:pensionableYrsOfService>&#xD;
                   &lt;cus:executivePensionRegistrationDate>@{props['pension.registration.dt']}&lt;/cus:executivePensionRegistrationDate>&#xD;
                   &lt;cus:earliestRetirementDate>@{props['earliest.retirement.dt'] }&lt;/cus:earliestRetirementDate>&#xD;
                        &lt;cus:pensionEffectiveDate>@{props['pension.eff.date']}&lt;/cus:pensionEffectiveDate>&#xD;
                        &lt;cus:optionalPensionPlanCan>&#xD;
                            &lt;cus:ID cus:type=&quot;ExtendedAlias&quot;>@{props['param.low.or.high']}&lt;/cus:ID>&#xD;
                        &lt;/cus:optionalPensionPlanCan>&#xD;
                        &#xD;
                            &lt;cus:pensionEligibleCan>&#xD;
                            &lt;cus:ID cus:type=&quot;ExtendedAlias&quot;>@{props['pension.eligible.can']}&lt;/cus:ID>&#xD;
                        &lt;/cus:pensionEligibleCan>&#xD;
                        &#xD;
                                 &lt;cus:pensionEligibleUs>&#xD;
                            &lt;cus:ID cus:type=&quot;ExtendedAlias&quot;>@{props['pension.eligible.us']}&lt;/cus:ID>&#xD;
                        &lt;/cus:pensionEligibleUs>&#xD;
                        &#xD;
                        &#xD;
                    &#xD;
                    &lt;/cus:pensionAdditionalData2>&#xD;
                &lt;/wd:Business_Object_Additional_Data>&#xD;
            &lt;/wd:Worker_Custom_Object_Data>&#xD;
        &lt;/wd:Edit_Worker_Additional_Data_Request>&#xD;
    &lt;/env:Body>&#xD;
&lt;/env:Envelope>&#xD;
</cc:text>
                    </cc:message>
                </cc:write>
                <cc:xslt-plus id="XsltPlus" url="INT0078_Cusobj_Write.xsl"/>
            </cc:steps>
        </cc:async-mediation>
        <cc:async-mediation id="ErrorEnrollRetirement0" routes-to="CallEnrollRetirementAudit">
            <cc:steps>
                <cc:log id="Log">
                    <cc:log-message>
                        <cc:line-separator/>
                        <cc:text>&#xD;
&#xD;
Webservice response</cc:text>
                        <cc:line-separator/>
                        <cc:message-content/>
                        <cc:line-separator/>
                    </cc:log-message>
                </cc:log>
                <cc:eval id="Eval">
                    <cc:expression>props['ws.response.msg'] = 'Enrolled in Retirement Savings Failed,Employee not active/eligible'</cc:expression>
                    <cc:expression>props['ws.error.count'] = props['ws.error.count'] + 1</cc:expression>
                    <cc:expression>props['status'] = 'Fail'</cc:expression>
                </cc:eval>
            </cc:steps>
        </cc:async-mediation>
        <cc:async-mediation id="ProcessWaveOff" routes-to="WorkSpaceValidationOn">
            <cc:steps>
                <cc:log id="Log">
                    <cc:log-message>
                        <cc:text>&#xD;
&#xD;
&#xD;
*********I am IN******************&#xD;
=====================&#xD;
props['ee.id'] = @{props['ee.id']}&#xD;
props['Is.plan.true'] = @{props['Is.plan.true'] }&#xD;
props['Coverage.Election'] = @{ props['Coverage.Election']}&#xD;
props['current.pension.coverage'] = @{props['current.pension.coverage']}&#xD;
 props['current.pension.coverage.number']  = @{ props['current.pension.coverage.number'] }</cc:text>
                        <cc:line-separator/>
                    </cc:log-message>
                </cc:log>
                <cc:write id="Write">
                    <cc:message>
                        <cc:text>&lt;?xml version=&quot;1.0&quot; encoding=&quot;UTF-8&quot;?>&#xD;
&lt;env:Envelope&#xD;
    xmlns:env=&quot;http://schemas.xmlsoap.org/soap/envelope/&quot;&#xD;
    xmlns:xsd=&quot;http://www.w3.org/2001/XMLSchema&quot;>&#xD;
    &lt;env:Body>&#xD;
        &lt;wd:Change_Benefits_Request&#xD;
            xmlns:wd=&quot;urn:com.workday/bsvc&quot;&#xD;
            wd:Add_Only=&quot;true&quot;&#xD;
            wd:version=&quot;v33.2&quot;>&#xD;
            &lt;wd:Business_Process_Parameters>&#xD;
                &lt;wd:Auto_Complete>true&lt;/wd:Auto_Complete>&#xD;
                &lt;wd:Run_Now>true&lt;/wd:Run_Now>&#xD;
                &lt;wd:Comment_Data>&#xD;
                    &lt;wd:Comment>Updated by INT0078&lt;/wd:Comment>&#xD;
                &lt;/wd:Comment_Data>&#xD;
            &lt;/wd:Business_Process_Parameters>&#xD;
            &lt;wd:Change_Benefits_Data>&#xD;
                &lt;wd:Employee_Reference>&#xD;
                    &lt;wd:ID wd:type=&quot;Employee_ID&quot;>@{props['ee.id']}&lt;/wd:ID>&#xD;
                &lt;/wd:Employee_Reference>&#xD;
                &lt;wd:Benefit_Event_Type_Reference>&#xD;
                    &lt;wd:ID wd:type=&quot;Benefit_Event_Type_ID&quot;>CAN BMO DB Pension Optional Event&lt;/wd:ID>&#xD;
                &lt;/wd:Benefit_Event_Type_Reference>&#xD;
                &lt;wd:Event_Date>@{props['p.eve.date']}&lt;/wd:Event_Date>&#xD;
            &lt;/wd:Change_Benefits_Data>&#xD;
        &lt;/wd:Change_Benefits_Request>&#xD;
    &lt;/env:Body>&#xD;
&lt;/env:Envelope></cc:text>
                    </cc:message>
                </cc:write>
                <cc:eval id="Eval">
                    <cc:expression>props['coverage.begin.date'] = empty;</cc:expression>
                    <cc:expression>props['coverage.begin.date'] = (props['formatted.participation.date'] != '') ? props['formatted.participation.date'] : props['cont.service.date']</cc:expression>
                </cc:eval>
                <cc:copy id="Copy"/>
            </cc:steps>
            <cc:send-error id="SendError" routes-to="ErrorEnrollRetirement"/>
        </cc:async-mediation>
        <cc:async-mediation id="InValidEMPLID" routes-to="CallEnrollRetirementAudit">
            <cc:steps>
                <cc:eval id="Eval">
                    <cc:expression>props['ws.response.msg'] = 'Employee Skipped, Invalid Employee ID'</cc:expression>
                    <cc:expression>props['ws.error.count'] = props['ws.error.count'] + 1</cc:expression>
                    <cc:expression>props['status'] = 'Fail'</cc:expression>
                </cc:eval>
            </cc:steps>
        </cc:async-mediation>
	</cc:assembly>

</beans>