<?xml version="1.0" encoding="UTF-8"?>
<beans
     xmlns="http://www.springframework.org/schema/beans"
     xmlns:beans="http://www.springframework.org/schema/beans"
     xmlns:atom="http://www.w3.org/2005/Atom"
     xmlns:cc="http://www.capeclear.com/assembly/10"
     xmlns:cloud="urn:com.workday/esb/cloud/10.0"
     xmlns:env="http://schemas.xmlsoap.org/soap/envelope/"
     xmlns:pi="urn:com.workday/picof"
     xmlns:wd="urn:com.workday/bsvc"
     xmlns:ws="urn:com.workday/workersync"
     xmlns:xsi="http://www.w3.org/2001/XMLSchema-instance">
 
	<cc:assembly id="WorkdayAssembly" version="20">
        <cc:workday-in id="StartHere" routes-to="Call_Retrieval">
            <cc:integration-system name="INT9068 W4 Tax Election Reset Inbound">
        <cloud:param name="Current Date">
          <cloud:type>
            <cloud:simple-type>date</cloud:simple-type>
          </cloud:type>
          <cloud:default>
            <cloud:class-report-field description="Today (System)" type="WID">bb4838a81d394ea0afe59c62c6e4dd65</cloud:class-report-field>
          </cloud:default>
          <cloud:launch-option>do-not-show</cloud:launch-option>
        </cloud:param>
        <cloud:param name="Validation Mode">
          <cloud:type>
            <cloud:simple-type>boolean</cloud:simple-type>
          </cloud:type>
          <cloud:default>
            <cloud:boolean>true</cloud:boolean>
          </cloud:default>
        </cloud:param>
        <cloud:attribute-map-service name="INT9068_Attributes">
          <cloud:attribute name="Document Retention Policy">
            <cloud:type>
              <cloud:simple-type>number</cloud:simple-type>
            </cloud:type>
            <cloud:display-option>required-for-launch</cloud:display-option>
          </cloud:attribute>
        </cloud:attribute-map-service>
        <cloud:attribute-map-service name="INT9068_Generic">
          <cloud:map name="Company">
            <cloud:internal-type>
              <cloud:class-report-field description="Company" type="WID">343e9a7f6cc5100017cc9dea9eff0197</cloud:class-report-field>
            </cloud:internal-type>
            <cloud:external-type>
              <cloud:simple-type>text</cloud:simple-type>
            </cloud:external-type>
          </cloud:map>
        </cloud:attribute-map-service>
        <cloud:retrieval-service name="INT9068_Retrieval"/>
      </cc:integration-system>
        </cc:workday-in>
        <cc:local-out id="Call_Retrieval" store-message="both" routes-response-to="Integration-ValidationModeEnabled" endpoint="SubRetrieveInput"/>
        <cc:sync-mediation id="Record_Count">
            <cc:request-steps>
                <cc:eval id="RecordCount"><cc:expression>props['record.count'] = props['record.count'] + 1</cc:expression></cc:eval>
            </cc:request-steps>
            <cc:response-steps/>
            <cc:send-error id="ErrorHandlerPreProcess" routes-to="PutIntegrationMessage"/>
        </cc:sync-mediation>
        <cc:splitter id="Splitter">
            <cc:sub-route name="SubRoute" routes-to="Record_Count"/>
            <cc:xml-stream-splitter xpath="root/row"/>
        </cc:splitter>
        <cc:sync-mediation id="Retrieve_GenerateDocument" routes-to="Splitter" handle-downstream-errors="true">
            <cc:request-steps>
                <cc:eval id="RetrieveDoc"><cc:expression>if (da.getFileNames('Retrieved').size() > 0 ) {da.toVar(da.getFileNames('Retrieved')[0], &quot;wd.retrieve.variable&quot;)}</cc:expression><cc:expression>props['file.name'] = da.getFileNames('Retrieved')[0]</cc:expression><cc:expression>props['employee.count'] = 0; props['success.count'] = 0; props['fail.count'] = 0; props['process.batch']  = false; props['skip.count'] = 0; props['record.count'] = 0</cc:expression><cc:expression>props['current.date'] = lp.getSimpleData('Current Date')</cc:expression><cc:expression>props['lp.validation.mode'] = lp.getSimpleData('Validation Mode')</cc:expression>
                    <cc:expression>props['doc.retention'] = intsys.getAttribute('Document Retention Policy')</cc:expression>
                    <cc:expression>props['doc.retention.policy'] = &quot;P&quot; # props['doc.retention'] # &quot;D&quot;</cc:expression></cc:eval>
                <cc:copy id="CopyDoc" input="variable" input-variable="wd.retrieve.variable"/>
                <cc:csv-to-xml id="CsvToXml" output="message" format="rfc4180" useFirstLineAsHeader="true"/>
                <cc:copy id="CopyO" output="variable" output-mimetype="text/xml" output-variable="original.message"/>
            </cc:request-steps>
            <cc:response-steps>
                <cc:eval id="Remove.LogVar"><cc:expression>props['audit.step']= empty</cc:expression></cc:eval>
                <cc:log id="LogRows" input="message">
                    <cc:log-message>
                        <cc:text>&#xD;
---------------------------&#xD;
Number of Records: @{props['record.count']}&#xD;
---------------------------&#xD;
</cc:text>
                    </cc:log-message>
                </cc:log>
                <cc:copy id="Copy0" input="variable" input-variable="original.message"/>
            </cc:response-steps>
            <cc:send-error id="ErrorHandlerDocumentRetrieval" routes-to="PutIntegrationMessage"/>
        </cc:sync-mediation>
        <cc:local-in id="SubRetrieveInput" routes-to="GetEventDocuments"/>
        <cc:local-out id="CallProcessWorkers" store-message="none" execute-when="props['file.name']!=empty" routes-response-to="Call_FinalizeLog" endpoint="ProcessWorkers"/>
        <cc:local-in id="ProcessWorkers" routes-to="Splitter0"/>
        <cc:splitter id="Splitter0" no-split-message-error="false">
            <cc:sub-route name="SubRoute" routes-to="PrepareGetWorker"/>
            <cc:xml-stream-splitter xpath="root/row"/>
        </cc:splitter>
        <cc:async-mediation id="PrepareGetElections" routes-to="GetElections" handle-downstream-errors="true">
            <cc:steps>
                <cc:eval id="Eval0">
                    <cc:expression>props['company'] = parts[0].xpath('env:Envelope/env:Body/wd:Get_Workers_Response/wd:Response_Data/wd:Worker/wd:Worker_Data/wd:Organization_Data/wd:Worker_Organization_Data[wd:Organization_Data/wd:Organization_Type_Reference/wd:ID[@wd:type=&quot;Organization_Type_ID&quot;]=&quot;COMPANY&quot;]/wd:Organization_Reference/wd:ID[@wd:type=&quot;Organization_Reference_ID&quot;]')</cc:expression>
                    <cc:expression>props['marital.status'] = empty</cc:expression>
                    <cc:expression>props['marital.status.state'] = empty</cc:expression>
                    <cc:expression>props['marital.status.put'] = empty</cc:expression>
                    <cc:expression>props['reciprocity.flag'] = empty</cc:expression>
                    <cc:expression>props['reciprocity.state'] = empty</cc:expression>
                    <cc:expression>props['reciprocity.put'] = empty</cc:expression></cc:eval>
                <cc:write id="Write">
                    <cc:message>
                        <cc:text>&lt;?xml version=&quot;1.0&quot; encoding=&quot;UTF-8&quot;?>&#xD;
&lt;env:Envelope&#xD;
    xmlns:env=&quot;http://schemas.xmlsoap.org/soap/envelope/&quot;&#xD;
    xmlns:xsd=&quot;http://www.w3.org/2001/XMLSchema&quot;>&#xD;
    &lt;env:Body>&#xD;
        &lt;wd:Get_Payroll_USA_State_and_Local_Tax_Elections_Request&#xD;
            xmlns:wd=&quot;urn:com.workday/bsvc&quot;&#xD;
            wd:version=&quot;v27.2&quot;>&#xD;
            &lt;wd:Request_Criteria>&#xD;
                &lt;wd:Worker_Reference>&#xD;
                    &lt;wd:ID wd:type=&quot;Employee_ID&quot;>@{props['employee.id']}&lt;/wd:ID>&#xD;
                &lt;/wd:Worker_Reference>&#xD;
            &lt;/wd:Request_Criteria>&#xD;
            &lt;wd:Response_Filter>&#xD;
                &lt;wd:Page>1&lt;/wd:Page>&#xD;
                &lt;wd:Count>100&lt;/wd:Count>&#xD;
            &lt;/wd:Response_Filter>&#xD;
        &lt;/wd:Get_Payroll_USA_State_and_Local_Tax_Elections_Request>&#xD;
    &lt;/env:Body>&#xD;
&lt;/env:Envelope></cc:text>
                    </cc:message>
                </cc:write>
            </cc:steps>
            <cc:send-error id="errorHandler" rethrow-error="false" routes-to="Error_SplitterSubProcess"/>
        </cc:async-mediation>
        <cc:workday-out-soap id="PutElections" execute-when="props['process.employee'] &amp;&amp; props['skip.record'] == false" routes-response-to="SetAuditProps" application="Payroll" version="v25.0"/>
        <cc:local-out id="CallPutIntegrationEvent" endpoint="vm://wcc/PutIntegrationEvent">
            <cc:set name="is.event.completed" value="&quot;current&quot;"/>
        </cc:local-out>
        <cc:local-out id="IntegrationFailCounts" routes-response-to="CallPutIntegrationEvent" endpoint="vm://wcc/PutIntegrationMessage">
            <cc:set name="is.message.severity" value="'INFO'"/>
            <cc:set name="is.message.summary" value="props['fail.count'] + ' records failed to process.'"/>
        </cc:local-out>
        <cc:local-out id="IntegrationSuccessCounts" routes-response-to="IntegrationFailCounts" endpoint="vm://wcc/PutIntegrationMessage">
            <cc:set name="is.message.severity" value="'INFO'"/>
            <cc:set name="is.message.summary" value="props['success.count'] + ' records processed successfully.'"/>
        </cc:local-out>
        <cc:local-out id="IntegrationRecordCounts" routes-response-to="IntegrationSuccessCounts" endpoint="vm://wcc/PutIntegrationMessage">
            <cc:set name="is.message.severity" value="'INFO'"/>
            <cc:set name="is.message.summary" value="props['record.count']  + ' records received for processing.'"/>
        </cc:local-out>
        <cc:local-out id="PutIntegrationMessage" endpoint="vm://wcc/PutIntegrationMessage"><cc:set name="is.message.severity" value="'ERROR'"/><cc:set name="is.message.summary" value="'Erorr has occured in Retrieval Subprocess; see details!'"/><cc:set name="is.message.detail" value="context.getErrorMessage()"/></cc:local-out>
        <cc:local-out id="Call_Critical_Event" endpoint="vm://wcc/PutIntegrationEvent">
            <cc:set name="is.event.completed" value="&quot;current&quot;"/>
        </cc:local-out>
        <cc:local-out id="Call_Critical_Message" routes-response-to="Call_Critical_Event" endpoint="vm://wcc/PutIntegrationMessage">
            <cc:set name="is.message.severity" value="'CRITICAL'"/>
            <cc:set name="is.message.summary" value="'An unexpected error has occured please see details.'"/>
            <cc:set name="is.message.detail" value="context.getErrorMessage()"/>
        </cc:local-out>
        <cc:send-error id="Critical_Error" routes-to="Call_Critical_Message"/>
        <cc:async-mediation id="SetAuditProps" routes-to="Call_AuditRow" execute-steps-when="props['process.employee'] || props['skip.record']">
            <cc:steps>
                <cc:eval id="Eval"><cc:expression>(props['skip.record'] == false) ? (props['success.count'] = props['success.count'] + 1; props['success.integration.message'] = 'Record successfully updated')</cc:expression>
                    <cc:expression>(props['reciprocity.put'] == true) ? (props['success.integration.message'] = props['success.integration.message'] + ' with reciprocity maintained')</cc:expression>
                    <cc:expression>(props['marital.status.put'] == false) ? (props['marital.status'] =empty)</cc:expression><cc:expression>(props['skip.record'] == true) ? (props['skip.count'] = props['skip.count']  + 1; props['success.integration.message'] = 'Record Skipped due to multiple Payroll Tax Code for the same Zip Code and Tax')</cc:expression></cc:eval>
            </cc:steps>
            <cc:send-error id="errorHandler" rethrow-error="false" routes-to="Error_SplitterSubProcess"/>
        </cc:async-mediation>
        <cc:aggregator id="SubAuditAggregator" routes-to="SubAuditStore" collate-when="props['process.batch'] == false" force-batch-on-last-message="false" force-batch-when="props['process.batch'] == true">
            <cc:size-batch-strategy batch-size="-1"/>
            <cc:xml-message-content-collater>
        <cc:header-text>&lt;Audit></cc:header-text>
        <cc:footer-text>&lt;/Audit></cc:footer-text>
      </cc:xml-message-content-collater>
        </cc:aggregator>
        <cc:local-in id="SubFinalizeLog" routes-to="SubAuditAggregator">
            <cc:parameter default="true" name="process.batch"/>
        </cc:local-in>
        <cc:async-mediation id="SubWriteAuditRowStep" routes-to="SubAuditAggregator">
            <cc:steps>
                <cc:xslt id="WriteAudit" input="variable" input-variable="worker.message" url="WriteAuditLog.xsl"/>
            </cc:steps>
            <cc:send-error id="SendError" routes-to="Call_Error_Message"/>
        </cc:async-mediation>
        <cc:local-in id="SubWriteAuditRow" routes-to="SubWriteAuditRowStep">
            <cc:parameter documentation="Pass the integration message to display in audit log" name="integration.message" required="'false'"/>
            <cc:parameter name="status" required="'false'"/>
        </cc:local-in>
        <cc:async-mediation id="SubAuditStore" routes-to="SubAudit_Log">
            <cc:steps>
                <cc:xslt id="FinalizeLog" output="variable" output-mimetype="text/plain" output-variable="audit.csv" url="FinalizeLog.xsl"/>
                <cc:text-excel id="TextExcel" output="variable" output-variable="audit.xls" input="variable" input-variable="audit.csv" excelstyle="workbook" style="text2excel"/>
                <cc:store id="Audit_Store" output="variable" output-variable="audit.xls.output" input="variable" input-variable="audit.xls" createDocumentReference="false" expiresIn="@{props['doc.retention.policy']}" title="Audit_Log.xls"/>
            </cc:steps>
            <cc:send-error id="SendError" routes-to="Call_Error_Message"/>
        </cc:async-mediation>
        <cc:local-out id="SubAudit_Log" endpoint="vm://wcc/PutIntegrationMessage">
            <cc:set name="is.message.severity" value="'INFO'"/>
            <cc:set name="is.message.summary" value="'Audit Log is attached.'"/>
            <cc:set name="is.document.variable.name" value="'audit.xls.output'"/>
            <cc:set name="is.document.file.name" value="'Audit_Log.xls'"/>
        </cc:local-out>
        <cc:local-out id="Call_FinalizeLog" store-message="both" routes-response-to="IntegrationRecordCounts" endpoint="SubFinalizeLog">
            <cc:set name="process.batch" value="props['process.batch']  = true"/>
        </cc:local-out>
        <cc:local-out id="Call_AuditError" store-message="both" routes-response-to="Call_Error_Message" endpoint="SubWriteAuditRow">
            <cc:set name="integration.message" value="props['error.integration.message']"/>
            <cc:set name="status" value="'fail'"/>
            <cc:set name="record.error.free" value="false"/>
        </cc:local-out>
        <cc:local-out id="Call_Error_Message" endpoint="vm://wcc/PutIntegrationMessage">
            <cc:set name="is.message.severity" value="'ERROR'"/>
            <cc:set name="is.message.summary" value="props['error.integration.message']"/>
            <cc:set name="is.message.detail" value="context.getErrorMessage()"/>
        </cc:local-out>
        <cc:local-in id="ErrorHandler" routes-to="ErrorHandler_Step">
            <cc:parameter documentation="The point of entry" name="step.id"/>
            <cc:parameter default="false" name="initial.retrieval"/>
        </cc:local-in>
        <cc:async-mediation id="Error_Message" routes-to="Call_AuditError">
            <cc:steps>
                <cc:eval id="IntegrationMessage"><cc:expression>props['init.error.message'] = 'The following error has occurred at ' # props['step.id'] # ': '# context.getErrorMessage()</cc:expression><cc:expression>props['process.error.message'] = 'The following error has occurred for ' # props['employee.id'] # ' during ' # props['step.id'] # ': ' # context.getErrorMessage()</cc:expression><cc:expression>props['error.integration.message']  = props['initial.retrieval'] == true ? props['init.error.message'] : props['process.error.message']</cc:expression><cc:expression>props['error.integration.message'] = props['record.error.free'] == false ? props['integration.message'] : props['error.integration.message']</cc:expression></cc:eval>
            </cc:steps>
        </cc:async-mediation>
        <cc:async-mediation id="ErrorHandler_Step" routes-to="Error_Message">
            <cc:steps>
                <cc:set-headers id="ValidationOff">
                    <cc:remove-headers>
                        <cc:remove-header name="X-Validate-Only"/>
                    </cc:remove-headers>
                    <cc:add-headers/>
                </cc:set-headers>
                <cc:eval id="Handle_Error"><cc:expression>props['error.free'] = false</cc:expression><cc:expression>props['fail.count'] = (props['initial.retrieval'] == true) ? (props['fail.count']) : (props['fail.count'] + 1)</cc:expression></cc:eval>
            </cc:steps>
        </cc:async-mediation>
        <cc:local-out id="Error_SplitterSubProcess" store-message="both" endpoint="ErrorHandler">
            <cc:set name="step.id" value="'Splitter Subprocess'"/>
        </cc:local-out>
        <cc:local-out id="Call_AuditRow" store-message="both" execute-when="props['error.free'] &amp;&amp; props['process.employee']" endpoint="SubWriteAuditRow">
            <cc:set name="integration.message" value="props['success.integration.message'] "/>
            <cc:set name="status" value="'success'"/>
        </cc:local-out>
        <cc:async-mediation id="ValidationMode" routes-to="PutElections" execute-steps-when="props['lp.validation.mode'] == '1' || props['lp.validation.mode'] == true" handle-downstream-errors="true">
            <cc:steps>
                <cc:set-headers id="ValidationOn">
                    <cc:remove-headers/>
                    <cc:add-headers>
                        <cc:add-header name="X-Validate-Only" value="1"/>
                    </cc:add-headers>
                </cc:set-headers>
            </cc:steps>
            <cc:send-error id="SendError" routes-to="Error_SplitterSubProcess"/>
        </cc:async-mediation>
        <cc:local-out id="Integration-ValidationModeEnabled" execute-when="props['lp.validation.mode'] == '1' || props['lp.validation.mode'] == true" routes-response-to="CallProcessWorkers" endpoint="vm://wcc/PutIntegrationMessage" clone-request="true">
            <cc:set name="is.message.severity" value="'INFO'"/>
            <cc:set name="is.message.summary" value="'Validation Mode is enabled. Workday records will not be updated.'"/>
        </cc:local-out>
        <cc:workday-out-soap id="GetWorker" routes-response-to="PrepareGetElections" application="Human_Resources" version="v27.2"/>
        <cc:async-mediation id="PrepareGetWorker" routes-to="GetWorker" handle-downstream-errors="true">
            <cc:steps>
                <cc:copy id="Copy0" output="variable" output-variable="worker.message"/>
                <cc:eval id="Eval">
                    <cc:expression>props['employee.id'] = parts[0].xpath(&quot;row/EmployeeID&quot;)</cc:expression>
                    <cc:expression>props['form.name'] = parts[0].xpath(&quot;row/FormName&quot;)</cc:expression>
                    <cc:expression>props['state'] = parts[0].xpath(&quot;row/FormState&quot;)</cc:expression>
                </cc:eval>
                <cc:write id="Write">
                    <cc:message>
                        <cc:text>&lt;?xml version='1.0' encoding='UTF-8'?>&#xD;
&lt;env:Envelope xmlns:env=&quot;http://schemas.xmlsoap.org/soap/envelope/&quot;>&#xD;
    &lt;env:Body>&#xD;
        &lt;wd:Get_Workers_Request xmlns:wd=&quot;urn:com.workday/bsvc&quot; wd:version=&quot;v27.2&quot;>&#xD;
            &lt;wd:Request_References>&#xD;
                &lt;wd:Worker_Reference>&#xD;
                    &lt;wd:ID wd:type=&quot;Employee_ID&quot;>@{props['employee.id']}&lt;/wd:ID>&#xD;
                &lt;/wd:Worker_Reference>&#xD;
            &lt;/wd:Request_References>&#xD;
            &lt;wd:Response_Filter>&#xD;
                &lt;wd:Page>1&lt;/wd:Page>&#xD;
                &lt;wd:Count>1&lt;/wd:Count>&#xD;
            &lt;/wd:Response_Filter>&#xD;
            &lt;wd:Response_Group>&#xD;
                &lt;wd:Include_Organizations>true&lt;/wd:Include_Organizations>&#xD;
                &lt;wd:Exclude_Organization_Support_Role_Data>true&lt;/wd:Exclude_Organization_Support_Role_Data>&#xD;
                &lt;wd:Exclude_Location_Hierarchies>true&lt;/wd:Exclude_Location_Hierarchies>&#xD;
                &lt;wd:Exclude_Cost_Centers>true&lt;/wd:Exclude_Cost_Centers>&#xD;
                &lt;wd:Exclude_Cost_Center_Hierarchies>true&lt;/wd:Exclude_Cost_Center_Hierarchies>&#xD;
                &lt;wd:Exclude_Company_Hierarchies>true&lt;/wd:Exclude_Company_Hierarchies>&#xD;
                &lt;wd:Exclude_Matrix_Organizations>true&lt;/wd:Exclude_Matrix_Organizations>&#xD;
                &lt;wd:Exclude_Pay_Groups>true&lt;/wd:Exclude_Pay_Groups>&#xD;
                &lt;wd:Exclude_Regions>true&lt;/wd:Exclude_Regions>&#xD;
                &lt;wd:Exclude_Region_Hierarchies>true&lt;/wd:Exclude_Region_Hierarchies>&#xD;
                &lt;wd:Exclude_Supervisory_Organizations>true&lt;/wd:Exclude_Supervisory_Organizations>&#xD;
                &lt;wd:Exclude_Teams>true&lt;/wd:Exclude_Teams>&#xD;
                &lt;wd:Exclude_Custom_Organizations>true&lt;/wd:Exclude_Custom_Organizations>&#xD;
                &lt;wd:Exclude_Funds>true&lt;/wd:Exclude_Funds>&#xD;
                &lt;wd:Exclude_Fund_Hierarchies>true&lt;/wd:Exclude_Fund_Hierarchies>&#xD;
                &lt;wd:Exclude_Grants>true&lt;/wd:Exclude_Grants>&#xD;
                &lt;wd:Exclude_Grant_Hierarchies>true&lt;/wd:Exclude_Grant_Hierarchies>&#xD;
                &lt;wd:Exclude_Business_Units>true&lt;/wd:Exclude_Business_Units>&#xD;
                &lt;wd:Exclude_Business_Unit_Hierarchies>true&lt;/wd:Exclude_Business_Unit_Hierarchies>&#xD;
                &lt;wd:Exclude_Programs>true&lt;/wd:Exclude_Programs>&#xD;
                &lt;wd:Exclude_Program_Hierarchies>true&lt;/wd:Exclude_Program_Hierarchies>&#xD;
                &lt;wd:Exclude_Gifts>true&lt;/wd:Exclude_Gifts>&#xD;
                &lt;wd:Exclude_Gift_Hierarchies>true&lt;/wd:Exclude_Gift_Hierarchies>&#xD;
            &lt;/wd:Response_Group>&#xD;
        &lt;/wd:Get_Workers_Request>&#xD;
    &lt;/env:Body>&#xD;
&lt;/env:Envelope></cc:text>
                    </cc:message>
                </cc:write>
            </cc:steps>
            <cc:send-error id="SendError" routes-to="Error_SplitterSubProcess"/>
        </cc:async-mediation>
        <cc:async-mediation id="PreparePutElection" routes-to="ValidationMode">
            <cc:steps>
                <cc:log id="Log">
                    <cc:log-message>
                        <cc:line-separator/>
                        <cc:text>&#xD;
Employee ID : @{props['employee.id']}&#xD;
Company Name: @{props['company']}&#xD;
&#xD;
</cc:text>
                        <cc:line-separator/>
                    </cc:log-message>
                </cc:log>
                <cc:eval id="Eval0">
                    <cc:expression>props['error.free'] = true</cc:expression>
                    <cc:expression>props['skip.record'] = false</cc:expression>
                    <cc:expression>props['marital.status'] = parts[0].xpath('env:Envelope/env:Body/wd:Get_Payroll_USA_State_and_Local_Tax_Elections_Response/wd:Response_Data/wd:Payroll_State_and_Local_Tax_Election/wd:Payroll_State_Authority_Data/wd:State_Income_Tax_Data/wd:Payroll_Withholding_Status_Reference/wd:ID[@wd:type=&quot;Payroll_Marital_Status_ID&quot;]')</cc:expression>
                    <cc:expression>props['marital.status.state'] = parts[0].xpath('env:Envelope/env:Body/wd:Get_Payroll_USA_State_and_Local_Tax_Elections_Response/wd:Response_Data/wd:Payroll_State_and_Local_Tax_Election/wd:Payroll_State_Authority_Data[wd:State_Income_Tax_Data/wd:Payroll_Withholding_Status_Reference/wd:ID[@wd:type=&quot;Payroll_Marital_Status_ID&quot;] != &quot;&quot;]/wd:Payroll_State_Authority_Reference/wd:ID[@wd:type = &quot;Payroll_State_Authority_Tax_Code&quot;]')</cc:expression>
                    <cc:expression>props['reciprocity.flag'] = parts[0].xpath('env:Envelope/env:Body/wd:Get_Payroll_USA_State_and_Local_Tax_Elections_Response/wd:Response_Data/wd:Payroll_State_and_Local_Tax_Election/wd:Payroll_State_Authority_Data/wd:State_Income_Tax_Data/wd:Certificate_of_Non-Residence')</cc:expression>
                    <cc:expression>props['reciprocity.state'] = parts[0].xpath('env:Envelope/env:Body/wd:Get_Payroll_USA_State_and_Local_Tax_Elections_Response/wd:Response_Data/wd:Payroll_State_and_Local_Tax_Election/wd:Payroll_State_Authority_Data[wd:State_Income_Tax_Data/wd:Certificate_of_Non-Residence = &quot;1&quot;]/wd:Payroll_State_Authority_Reference/wd:ID[@wd:type = &quot;Payroll_State_Authority_Tax_Code&quot;]')</cc:expression>
                </cc:eval>
                <cc:xslt id="Xslt" url="PrepareWebServiceCall_v2.xsl"/>
                <cc:eval id="Eval"><cc:expression>props['process.employee'] = true</cc:expression>
                    <cc:expression>props['reciprocity.put'] = parts[0].xpath('env:Envelope/env:Body/wd:Put_Payroll_USA_State_and_Local_Tax_Election_Request/wd:Payroll_USA_State_and_Local_Tax_Election_Data/wd:State_Income_Tax_Data/wd:Certificate_of_Non-Residence') == '1' ? true : false</cc:expression>
                    <cc:expression>props['marital.status.put'] = parts[0].xpath('env:Envelope/env:Body/wd:Put_Payroll_USA_State_and_Local_Tax_Election_Request/wd:Payroll_USA_State_and_Local_Tax_Election_Data/wd:State_Income_Tax_Data/wd:Payroll_Withholding_Status_Reference/wd:ID[@wd:type=&quot;Payroll_Marital_Status_ID&quot;]') != '' ? true : false</cc:expression></cc:eval>
            </cc:steps>
            <cc:send-error id="SendError" routes-to="Error_SplitterSubProcess"/>
        </cc:async-mediation>
        <cc:workday-out-soap id="GetElections" routes-response-to="PreparePutElection" application="Payroll" version="27.2"/>
        <cc:local-out id="GetEventDocuments" routes-response-to="Retrieve_GenerateDocument" endpoint="vm://wcc/GetEventDocuments"><cc:set name="ie.event.wid" value="lp.isSet() ? lp.getIntegrationEventWID() : null"/></cc:local-out>
	</cc:assembly>

</beans>