<?xml version="1.0" encoding="UTF-8"?>
<wdnm:Diagram xmlns:wdnm="http://workday.com/studio/editors/notation">
  <element href="assembly.xml#WorkdayAssembly"/>
  <visualProperties x="119" y="170">
    <element href="assembly.xml#ParentIntegrationStarts"/>
  </visualProperties>
  <visualProperties x="292" y="130">
    <element href="assembly.xml#AS1"/>
  </visualProperties>
  <visualProperties x="526" y="133">
    <element href="assembly.xml#GetEventDocuments"/>
  </visualProperties>
  <visualProperties x="802" y="115">
    <element href="assembly.xml#Call-TransformFile"/>
  </visualProperties>
  <visualProperties x="137" y="331">
    <element href="assembly.xml#TransformFile"/>
  </visualProperties>
  <visualProperties x="344" y="307">
    <element href="assembly.xml#AS2"/>
  </visualProperties>
  <visualProperties x="1013" y="115">
    <element href="assembly.xml#Call-GetWorkers"/>
  </visualProperties>
  <visualProperties x="122" y="522">
    <element href="assembly.xml#GetWorkers"/>
  </visualProperties>
  <visualProperties x="349" y="527">
    <element href="assembly.xml#AS4"/>
  </visualProperties>
  <visualProperties x="556" y="504">
    <element href="assembly.xml#PagedGet"/>
  </visualProperties>
  <visualProperties x="79" y="685">
    <element href="assembly.xml#HandleGWPages"/>
  </visualProperties>
  <visualProperties x="349" y="738">
    <element href="assembly.xml#AS5"/>
  </visualProperties>
  <visualProperties x="556" y="307">
    <element href="assembly.xml#Call-Aggregate"/>
  </visualProperties>
  <visualProperties x="768" y="502">
    <element href="assembly.xml#Call-AggregateGWR"/>
  </visualProperties>
  <visualProperties x="97" y="1033">
    <element href="assembly.xml#Aggregate"/>
  </visualProperties>
  <visualProperties x="299" y="1006">
    <element href="assembly.xml#AS8"/>
  </visualProperties>
  <visualProperties x="521" y="998">
    <element href="assembly.xml#AGG3"/>
  </visualProperties>
  <visualProperties x="920" y="904">
    <element href="assembly.xml#CatchErrors"/>
  </visualProperties>
  <visualProperties x="235" y="850">
    <element href="assembly.xml#EH5"/>
  </visualProperties>
  <visualProperties x="594" y="573">
    <element href="assembly.xml#AS3"/>
  </visualProperties>
  <visualProperties x="488" y="1233">
    <element href="assembly.xml#Route"/>
  </visualProperties>
  <visualProperties x="633" y="1228">
    <element href="assembly.xml#AS6"/>
  </visualProperties>
  <visualProperties x="854" y="1296">
    <element href="assembly.xml#AGG1"/>
  </visualProperties>
  <visualProperties x="114" y="1142">
    <element href="assembly.xml#CombineGWPages"/>
  </visualProperties>
  <visualProperties x="450" y="1172">
    <element href="assembly.xml#AGG2"/>
  </visualProperties>
  <visualProperties x="985" y="312">
    <element href="assembly.xml#Call-ImportPI"/>
  </visualProperties>
  <visualProperties x="110" y="2033">
    <element href="assembly.xml#ImportPI"/>
  </visualProperties>
  <visualProperties x="211" y="2048">
    <element href="assembly.xml#AS14"/>
  </visualProperties>
  <visualProperties x="134" y="2123">
    <element href="assembly.xml#RouteIA"/>
  </visualProperties>
  <visualProperties x="135" y="2098">
    <element href="assembly.xml#AS9"/>
  </visualProperties>
  <visualProperties x="930" y="2194">
    <element href="assembly.xml#EH9"/>
  </visualProperties>
  <visualProperties x="533" y="2114">
    <element href="assembly.xml#AS10"/>
  </visualProperties>
  <visualProperties x="829" y="2165">
    <element href="assembly.xml#SplitBatches"/>
  </visualProperties>
  <visualProperties x="1025" y="2199">
    <element href="assembly.xml#AS11"/>
  </visualProperties>
  <visualProperties x="1272" y="2206">
    <element href="assembly.xml#ImportPayrollInputs"/>
  </visualProperties>
  <visualProperties x="1558" y="2204">
    <element href="assembly.xml#AS12"/>
  </visualProperties>
  <visualProperties x="1811" y="2234">
    <element href="assembly.xml#AGG4"/>
  </visualProperties>
  <visualProperties x="1016" y="338">
    <element href="assembly.xml#Call-StopImportResAgg"/>
  </visualProperties>
  <visualProperties x="1505" y="2151">
    <element href="assembly.xml#StopImportResAgg"/>
  </visualProperties>
  <visualProperties x="1413" y="2339">
    <element href="assembly.xml#CE11"/>
  </visualProperties>
  <visualProperties x="1447" y="2395">
    <element href="assembly.xml#AS13"/>
  </visualProperties>
  <visualProperties x="1453" y="2359">
    <element href="assembly.xml#Completed"/>
  </visualProperties>
  <visualProperties x="-42" y="2645">
    <element href="assembly.xml#ChildIntegrationStarts"/>
  </visualProperties>
  <visualProperties x="175" y="2692">
    <element href="assembly.xml#Call-GetImportMessages"/>
  </visualProperties>
  <visualProperties x="-142" y="2776">
    <element href="assembly.xml#GetImportMessages"/>
  </visualProperties>
  <visualProperties x="12" y="2860">
    <element href="assembly.xml#AS15"/>
  </visualProperties>
  <visualProperties x="201" y="2905">
    <element href="assembly.xml#GetFiles"/>
  </visualProperties>
  <visualProperties x="432" y="2905">
    <element href="assembly.xml#AS16"/>
  </visualProperties>
  <visualProperties x="621" y="2905">
    <element href="assembly.xml#AS17"/>
  </visualProperties>
  <visualProperties x="802" y="2905">
    <element href="assembly.xml#SplitBatch"/>
  </visualProperties>
  <visualProperties x="949" y="2923">
    <element href="assembly.xml#AS19"/>
  </visualProperties>
  <visualProperties x="1182" y="2923">
    <element href="assembly.xml#PagedGet0"/>
  </visualProperties>
  <visualProperties x="1759" y="3405">
    <element href="assembly.xml#EH19"/>
  </visualProperties>
  <visualProperties x="591" y="3487">
    <element href="assembly.xml#AsyncMediation7"/>
  </visualProperties>
  <visualProperties x="1084" y="3199">
    <element href="assembly.xml#Call-BatchData"/>
  </visualProperties>
  <visualProperties x="-198" y="3500">
    <element href="assembly.xml#BatchData"/>
  </visualProperties>
  <visualProperties x="-42" y="3476">
    <element href="assembly.xml#AS18"/>
  </visualProperties>
  <visualProperties x="788" y="3554">
    <element href="assembly.xml#AS21"/>
  </visualProperties>
  <visualProperties x="1220" y="3224">
    <element href="assembly.xml#Call-AuditData"/>
  </visualProperties>
  <visualProperties x="-146" y="3769">
    <element href="assembly.xml#AuditData"/>
  </visualProperties>
  <visualProperties x="-61" y="3777">
    <element href="assembly.xml#AS25"/>
  </visualProperties>
  <visualProperties x="840" y="3882">
    <element href="assembly.xml#Route1"/>
  </visualProperties>
  <visualProperties x="1089" y="3895">
    <element href="assembly.xml#AS22"/>
  </visualProperties>
  <visualProperties x="1198" y="3798">
    <element href="assembly.xml#AGG5"/>
  </visualProperties>
  <visualProperties x="1398" y="3868">
    <element href="assembly.xml#AS23"/>
  </visualProperties>
  <visualProperties x="1600" y="3822">
    <element href="assembly.xml#AGG6"/>
  </visualProperties>
  <visualProperties x="434" y="2881">
    <element href="assembly.xml#Call-StopMergeAgg"/>
  </visualProperties>
  <visualProperties x="1597" y="3840">
    <element href="assembly.xml#StopAggData"/>
  </visualProperties>
  <visualProperties x="-85" y="4022">
    <element href="assembly.xml#BatchDataSub"/>
  </visualProperties>
  <visualProperties x="830" y="3871">
    <element href="assembly.xml#Call-BatchDataSub"/>
  </visualProperties>
  <visualProperties x="-6" y="4030">
    <element href="assembly.xml#AS20"/>
  </visualProperties>
  <visualProperties x="165" y="4104">
    <element href="assembly.xml#EH20"/>
  </visualProperties>
  <visualProperties x="427" y="2099">
    <element href="assembly.xml#Call-AggAudit"/>
  </visualProperties>
  <visualProperties x="1096" y="3377">
    <element href="assembly.xml#MergeAudit"/>
  </visualProperties>
  <visualProperties x="1303" y="3417">
    <element href="assembly.xml#AS24"/>
  </visualProperties>
  <visualProperties x="875" y="589">
    <element href="assembly.xml#EH23"/>
  </visualProperties>
  <visualProperties x="279" y="884">
    <element href="assembly.xml#EH25"/>
  </visualProperties>
  <visualProperties>
    <element href="assembly.xml#AS28"/>
  </visualProperties>
  <visualProperties x="499" y="67">
    <element href="assembly.xml#AS27"/>
  </visualProperties>
  <visualProperties x="194" y="908">
    <element href="assembly.xml#AS41"/>
  </visualProperties>
  <visualProperties x="338" y="372">
    <element href="assembly.xml#PIM1"/>
  </visualProperties>
  <visualProperties x="413" y="415">
    <element href="assembly.xml#AS31"/>
  </visualProperties>
  <visualProperties x="367" y="459">
    <element href="assembly.xml#PIM2"/>
  </visualProperties>
  <visualProperties x="373" y="490">
    <element href="assembly.xml#AS32"/>
  </visualProperties>
  <visualProperties x="798" y="519">
    <element href="assembly.xml#AS33"/>
  </visualProperties>
  <visualProperties x="786" y="540">
    <element href="assembly.xml#PIM3"/>
  </visualProperties>
  <visualProperties x="362" y="579">
    <element href="assembly.xml#PIM4"/>
  </visualProperties>
  <visualProperties x="346" y="649">
    <element href="assembly.xml#AS34"/>
  </visualProperties>
  <visualProperties x="332" y="945">
    <element href="assembly.xml#AS35"/>
  </visualProperties>
  <visualProperties x="307" y="1002">
    <element href="assembly.xml#PIM5"/>
  </visualProperties>
  <visualProperties x="654" y="1536">
    <element href="assembly.xml#AS36"/>
  </visualProperties>
  <visualProperties x="601" y="1580">
    <element href="assembly.xml#PIM6"/>
  </visualProperties>
  <visualProperties x="695" y="1948">
    <element href="assembly.xml#PIM7"/>
  </visualProperties>
  <visualProperties x="630" y="2003">
    <element href="assembly.xml#AsyncMediation0"/>
  </visualProperties>
  <visualProperties x="400" y="875">
    <element href="assembly.xml#PIM9"/>
  </visualProperties>
  <visualProperties x="454" y="870">
    <element href="assembly.xml#AS37"/>
  </visualProperties>
  <visualProperties x="1132" y="948">
    <element href="assembly.xml#PIM10"/>
  </visualProperties>
  <visualProperties x="1169" y="948">
    <element href="assembly.xml#AS38"/>
  </visualProperties>
  <visualProperties x="554" y="1252">
    <element href="assembly.xml#PIM11"/>
  </visualProperties>
  <visualProperties x="554" y="1286">
    <element href="assembly.xml#AS39"/>
  </visualProperties>
  <visualProperties x="1155" y="3193">
    <element href="assembly.xml#AS40"/>
  </visualProperties>
  <visualProperties x="1662" y="396">
    <element href="assembly.xml#AsyncMediation"/>
  </visualProperties>
  <connections type="routesTo" sourceAnchorX="0.7142857142857143" sourceAnchorY="1.0" targetAnchorX="0.04195804195804196" targetAnchorY="0.6956521739130435">
    <source href="assembly.xml#ParentIntegrationStarts"/>
    <target href="assembly.xml#AS1"/>
  </connections>
  <connections type="routesResponseTo" sourceAnchorX="0.694300518134715" sourceAnchorY="1.0" targetAnchorX="0.31645569620253167" targetAnchorY="0.4594594594594595">
    <source href="assembly.xml#GetEventDocuments"/>
    <target href="assembly.xml#Call-TransformFile"/>
  </connections>
  <connections type="routesTo" sourceAnchorX="0.7551020408163265" sourceAnchorY="1.0" targetAnchorX="0.2847682119205298" targetAnchorY="0.32608695652173914">
    <source href="assembly.xml#TransformFile"/>
    <target href="assembly.xml#AS2"/>
  </connections>
  <connections type="routesTo" sourceAnchorX="0.7593984962406015" sourceAnchorY="1.0" targetAnchorX="0.2185430463576159" targetAnchorY="0.391304347826087">
    <source href="assembly.xml#GetWorkers"/>
    <target href="assembly.xml#AS4"/>
  </connections>
  <connections type="routesTo" sourceAnchorX="1.0" sourceAnchorY="0.21739130434782608" targetAnchorX="0.2459016393442623" targetAnchorY="0.6216216216216216">
    <source href="assembly.xml#AS4"/>
    <target href="assembly.xml#PagedGet"/>
  </connections>
  <connections type="routesTo" sourceAnchorX="0.8823529411764706" sourceAnchorY="1.0" targetAnchorX="0.46357615894039733" targetAnchorY="0.21739130434782608">
    <source href="assembly.xml#HandleGWPages"/>
    <target href="assembly.xml#AS5"/>
  </connections>
  <connections type="routesTo" sourceAnchorX="0.8270676691729323" sourceAnchorY="1.0" targetAnchorX="0.25165562913907286" targetAnchorY="0.3695652173913043">
    <source href="assembly.xml#Aggregate"/>
    <target href="assembly.xml#AS8"/>
  </connections>
  <connections type="routesTo" sourceAnchorX="1.0" sourceAnchorY="0.08695652173913043" targetAnchorX="0.3390804597701149" targetAnchorY="0.19811320754716982">
    <source href="assembly.xml#AS8"/>
    <target href="assembly.xml#AGG3"/>
  </connections>
  <connections type="routesResponseTo" sourceAnchorX="0.5028248587570622" sourceAnchorY="1.0" targetAnchorX="0.4036144578313253" targetAnchorY="0.5405405405405406">
    <source href="assembly.xml#Call-TransformFile"/>
    <target href="assembly.xml#Call-GetWorkers"/>
  </connections>
  <connections type="routesTo" sourceAnchorX="1.0" sourceAnchorY="0.25" targetAnchorX="0.13471502590673576" targetAnchorY="0.5405405405405406">
    <source href="assembly.xml#AS1"/>
    <target href="assembly.xml#GetEventDocuments"/>
  </connections>
  <connections type="routesTo" sourceAnchorX="0.2638888888888889" sourceAnchorY="1.0" targetAnchorX="0.24096385542168675" targetAnchorY="0.43243243243243246">
    <source href="assembly.xml#//@beans/@mixed.1/@mixed.23/@mixed.3"/>
    <target href="assembly.xml#EH5"/>
  </connections>
  <connections type="routesTo" sourceAnchorX="1.0" sourceAnchorY="0.1889763779527559" targetAnchorX="0.1888111888111888" targetAnchorY="0.20833333333333334">
    <source href="assembly.xml#AS2"/>
    <target href="assembly.xml#AS3"/>
  </connections>
  <connections type="routesTo" sourceAnchorX="1.0" sourceAnchorY="0.25984251968503935" targetAnchorX="0.24183006535947713" targetAnchorY="0.3783783783783784">
    <source href="assembly.xml#AS3"/>
    <target href="assembly.xml#Call-Aggregate"/>
  </connections>
  <connections type="routesTo" sourceAnchorX="1.0" sourceAnchorY="0.08130081300813008" targetAnchorX="0.28205128205128205" targetAnchorY="0.40119760479041916">
    <source href="assembly.xml#AS5"/>
    <target href="assembly.xml#Route"/>
  </connections>
  <connections type="routesTo" sourceAnchorX="0.7307692307692307" sourceAnchorY="1.0" targetAnchorX="0.027972027972027972" targetAnchorY="0.53125">
    <source href="assembly.xml#//@beans/@mixed.1/@route.0/@subRoute.0"/>
    <target href="assembly.xml#AS6"/>
  </connections>
  <connections type="routesTo" sourceAnchorX="1.0" sourceAnchorY="0.16666666666666666" targetAnchorX="0.256198347107438" targetAnchorY="0.21621621621621623">
    <source href="assembly.xml#AS6"/>
    <target href="assembly.xml#AGG1"/>
  </connections>
  <connections type="routesTo" sourceAnchorX="1.0" sourceAnchorY="0.14150943396226415" targetAnchorX="0.15789473684210525" targetAnchorY="0.2972972972972973">
    <source href="assembly.xml#AGG2"/>
    <target href="assembly.xml#Call-AggregateGWR"/>
  </connections>
  <connections type="routesResponseTo" sourceAnchorX="0.46987951807228917" sourceAnchorY="1.0" targetAnchorX="0.265625" targetAnchorY="0.8648648648648649">
    <source href="assembly.xml#Call-GetWorkers"/>
    <target href="assembly.xml#Call-ImportPI"/>
  </connections>
  <connections type="routesTo" sourceAnchorX="0.8288288288288288" sourceAnchorY="1.0" targetAnchorX="0.32450331125827814" targetAnchorY="0.42391304347826086">
    <source href="assembly.xml#ImportPI"/>
    <target href="assembly.xml#AS9"/>
  </connections>
  <connections type="routesTo" sourceAnchorX="0.4027777777777778" sourceAnchorY="1.0" targetAnchorX="0.3850574712643678" targetAnchorY="0.10810810810810811">
    <source href="assembly.xml#//@beans/@mixed.1/@mixed.63/@mixed.3"/>
    <target href="assembly.xml#EH9"/>
  </connections>
  <connections type="routesTo" sourceAnchorX="1.0" sourceAnchorY="0.2032520325203252" targetAnchorX="0.3504273504273504" targetAnchorY="0.25870646766169153">
    <source href="assembly.xml#AS9"/>
    <target href="assembly.xml#RouteIA"/>
  </connections>
  <connections type="routesTo" sourceAnchorX="0.7625" sourceAnchorY="1.0" targetAnchorX="0.024475524475524476" targetAnchorY="0.6458333333333334">
    <source href="assembly.xml#//@beans/@mixed.1/@route.1/@subRoute.0"/>
    <target href="assembly.xml#AS10"/>
  </connections>
  <connections type="routesTo" sourceAnchorX="0.825" sourceAnchorY="1.0" targetAnchorX="0.1564625850340136" targetAnchorY="0.3228346456692913">
    <source href="assembly.xml#//@beans/@mixed.1/@route.1/@subRoute.1"/>
    <target href="assembly.xml#AS14"/>
  </connections>
  <connections type="routesTo" sourceAnchorX="1.0" sourceAnchorY="0.28125" targetAnchorX="0.29914529914529914" targetAnchorY="0.4">
    <source href="assembly.xml#AS10"/>
    <target href="assembly.xml#SplitBatches"/>
  </connections>
  <connections type="routesTo" sourceAnchorX="0.7692307692307693" sourceAnchorY="1.0" targetAnchorX="0.16556291390728478" targetAnchorY="0.7717391304347826">
    <source href="assembly.xml#//@beans/@mixed.1/@splitter.0/@subRoute.0"/>
    <target href="assembly.xml#AS11"/>
  </connections>
  <connections type="routesResponseTo" sourceAnchorX="0.7572254335260116" sourceAnchorY="1.0" targetAnchorX="0.3708609271523179" targetAnchorY="0.5652173913043478">
    <source href="assembly.xml#ImportPayrollInputs"/>
    <target href="assembly.xml#AS12"/>
  </connections>
  <connections type="routesTo" sourceAnchorX="1.0" sourceAnchorY="0.20833333333333334" targetAnchorX="0.16666666666666666" targetAnchorY="0.4811320754716981">
    <source href="assembly.xml#AS12"/>
    <target href="assembly.xml#AGG4"/>
  </connections>
  <connections type="routesResponseTo" sourceAnchorX="0.524822695035461" sourceAnchorY="1.0" targetAnchorX="0.060240963855421686" targetAnchorY="0.7297297297297297">
    <source href="assembly.xml#Call-ImportPI"/>
    <target href="assembly.xml#Call-StopImportResAgg"/>
  </connections>
  <connections type="routesTo" sourceAnchorX="0.7593984962406015" sourceAnchorY="1.0" targetAnchorX="0.5977011494252874" targetAnchorY="0.1792452830188679">
    <source href="assembly.xml#StopImportResAgg"/>
    <target href="assembly.xml#AGG4"/>
  </connections>
  <connections type="routesTo" sourceAnchorX="0.3612040133779264" sourceAnchorY="1.0" targetAnchorX="0.5473684210526316" targetAnchorY="0.5405405405405406">
    <source href="assembly.xml#//@beans/@mixed.1/@mixed.71/@mixed.3"/>
    <target href="assembly.xml#CE11"/>
  </connections>
  <connections type="routesTo" sourceAnchorX="1.0" sourceAnchorY="0.2830188679245283" targetAnchorX="0.6887417218543046" targetAnchorY="0.09782608695652174">
    <source href="assembly.xml#AGG4"/>
    <target href="assembly.xml#AS13"/>
  </connections>
  <connections type="routesTo" sourceAnchorX="1.0" sourceAnchorY="0.2708333333333333" targetAnchorX="0.6640625" targetAnchorY="0.5135135135135135">
    <source href="assembly.xml#AS13"/>
    <target href="assembly.xml#Completed"/>
  </connections>
  <connections type="routesTo" sourceAnchorX="0.8829787234042553" sourceAnchorY="1.0" targetAnchorX="0.1761006289308176" targetAnchorY="0.2992125984251969">
    <source href="assembly.xml#GetImportMessages"/>
    <target href="assembly.xml#AS15"/>
  </connections>
  <connections type="routesTo" sourceAnchorX="1.0" sourceAnchorY="0.15748031496062992" targetAnchorX="0.15920398009950248" targetAnchorY="0.9459459459459459">
    <source href="assembly.xml#AS15"/>
    <target href="assembly.xml#GetFiles"/>
  </connections>
  <connections type="routesResponseTo" sourceAnchorX="0.8208955223880597" sourceAnchorY="1.0" targetAnchorX="0.16981132075471697" targetAnchorY="0.1732283464566929">
    <source href="assembly.xml#GetFiles"/>
    <target href="assembly.xml#AS16"/>
  </connections>
  <connections type="routesTo" sourceAnchorX="0.875" sourceAnchorY="1.0" targetAnchorX="0.09852216748768473" targetAnchorY="0.5196850393700787">
    <source href="assembly.xml#//@beans/@mixed.1/@splitter.1/@subRoute.0"/>
    <target href="assembly.xml#AS19"/>
  </connections>
  <connections type="routesTo" sourceAnchorX="0.3622448979591837" sourceAnchorY="1.0" targetAnchorX="0.3592233009708738" targetAnchorY="0.7297297297297297">
    <source href="assembly.xml#//@beans/@mixed.1/@mixed.105/@mixed.3"/>
    <target href="assembly.xml#EH19"/>
  </connections>
  <connections type="routesTo" sourceAnchorX="0.8157894736842105" sourceAnchorY="1.0" targetAnchorX="0.6225165562913907" targetAnchorY="0.2608695652173913">
    <source href="assembly.xml#//@beans/@mixed.1/@mixed.99/@mixed.3"/>
    <target href="assembly.xml#AsyncMediation7"/>
  </connections>
  <connections type="routesTo" sourceAnchorX="1.0" sourceAnchorY="0.1889763779527559" targetAnchorX="0.23846153846153847" targetAnchorY="0.2972972972972973">
    <source href="assembly.xml#AS19"/>
    <target href="assembly.xml#PagedGet0"/>
  </connections>
  <connections type="routesTo" sourceAnchorX="1.0" sourceAnchorY="0.07086614173228346" targetAnchorX="0.06622516556291391" targetAnchorY="0.08661417322834646">
    <source href="assembly.xml#AS16"/>
    <target href="assembly.xml#AS17"/>
  </connections>
  <connections type="routesTo" sourceAnchorX="0.8492063492063492" sourceAnchorY="1.0" targetAnchorX="0.5298013245033113" targetAnchorY="0.44565217391304346">
    <source href="assembly.xml#BatchData"/>
    <target href="assembly.xml#AS18"/>
  </connections>
  <connections type="routesTo" sourceAnchorX="1.0" sourceAnchorY="0.18699186991869918" targetAnchorX="0.17094017094017094" targetAnchorY="0.3597560975609756">
    <source href="assembly.xml#AS18"/>
    <target href="assembly.xml#SplitBatch"/>
  </connections>
  <connections type="routesTo" sourceAnchorX="1.0" sourceAnchorY="0.5945945945945946" targetAnchorX="0.3522012578616352" targetAnchorY="0.21739130434782608">
    <source href="assembly.xml#AuditData"/>
    <target href="assembly.xml#AS25"/>
  </connections>
  <connections type="routesTo" sourceAnchorX="1.0" sourceAnchorY="0.3235294117647059" targetAnchorX="0.34177215189873417" targetAnchorY="0.3125">
    <source href="assembly.xml#//@beans/@mixed.1/@route.2/@subRoute.0"/>
    <target href="assembly.xml#AS21"/>
  </connections>
  <connections type="routesTo" sourceAnchorX="0.7211538461538461" sourceAnchorY="1.0" targetAnchorX="0.14465408805031446" targetAnchorY="0.5434782608695652">
    <source href="assembly.xml#//@beans/@mixed.1/@route.2/@subRoute.1"/>
    <target href="assembly.xml#AS22"/>
  </connections>
  <connections type="routesTo" sourceAnchorX="1.0" sourceAnchorY="0.20833333333333334" targetAnchorX="0.23140495867768596" targetAnchorY="0.08108108108108109">
    <source href="assembly.xml#AS21"/>
    <target href="assembly.xml#AGG5"/>
  </connections>
  <connections type="routesTo" sourceAnchorX="1.0" sourceAnchorY="0.25" targetAnchorX="0.4049586776859504" targetAnchorY="0.35135135135135137">
    <source href="assembly.xml#AS22"/>
    <target href="assembly.xml#AGG5"/>
  </connections>
  <connections type="routesTo" sourceAnchorX="1.0" sourceAnchorY="0.25471698113207547" targetAnchorX="0.3836477987421384" targetAnchorY="0.358695652173913">
    <source href="assembly.xml#AGG5"/>
    <target href="assembly.xml#AS23"/>
  </connections>
  <connections type="routesTo" sourceAnchorX="1.0" sourceAnchorY="0.2916666666666667" targetAnchorX="0.4827586206896552" targetAnchorY="0.3113207547169811">
    <source href="assembly.xml#AS23"/>
    <target href="assembly.xml#AGG6"/>
  </connections>
  <connections type="routesTo" sourceAnchorX="0.506578947368421" sourceAnchorY="1.0" targetAnchorX="0.5689655172413793" targetAnchorY="0.2169811320754717">
    <source href="assembly.xml#StopAggData"/>
    <target href="assembly.xml#AGG6"/>
    <bendpoints sourceX="-86" sourceY="154" targetX="280" targetY="-26"/>
  </connections>
  <connections type="routesTo" sourceAnchorX="0.9144736842105263" sourceAnchorY="1.0" targetAnchorX="0.27044025157232704" targetAnchorY="0.358695652173913">
    <source href="assembly.xml#BatchDataSub"/>
    <target href="assembly.xml#AS20"/>
  </connections>
  <connections type="routesTo" sourceAnchorX="0.15789473684210525" sourceAnchorY="1.0" targetAnchorX="0.3031674208144796" targetAnchorY="0.1891891891891892">
    <source href="assembly.xml#//@beans/@mixed.1/@mixed.145/@mixed.3"/>
    <target href="assembly.xml#EH20"/>
  </connections>
  <connections type="routesResponseTo" sourceAnchorX="0.6538461538461539" sourceAnchorY="1.0" targetAnchorX="0.19230769230769232" targetAnchorY="0.6756756756756757">
    <source href="assembly.xml#PagedGet0"/>
    <target href="assembly.xml#Call-BatchDataSub"/>
  </connections>
  <connections type="routesTo" sourceAnchorX="1.0" sourceAnchorY="0.08943089430894309" targetAnchorX="0.02564102564102564" targetAnchorY="0.5074626865671642">
    <source href="assembly.xml#AS20"/>
    <target href="assembly.xml#Route1"/>
  </connections>
  <connections type="routesTo" sourceAnchorX="1.0" sourceAnchorY="0.2283464566929134" targetAnchorX="0.21153846153846154" targetAnchorY="0.40540540540540543">
    <source href="assembly.xml#AS17"/>
    <target href="assembly.xml#Call-BatchData"/>
  </connections>
  <connections type="routesResponseTo" sourceAnchorX="0.7660550458715596" sourceAnchorY="1.0" targetAnchorX="0.2638888888888889" targetAnchorY="0.5675675675675675">
    <source href="assembly.xml#Call-GetImportMessages"/>
    <target href="assembly.xml#Call-AggAudit"/>
  </connections>
  <connections type="routesResponseTo" sourceAnchorX="0.8333333333333334" sourceAnchorY="1.0" targetAnchorX="0.34065934065934067" targetAnchorY="0.6216216216216216">
    <source href="assembly.xml#Call-AggAudit"/>
    <target href="assembly.xml#Call-StopMergeAgg"/>
  </connections>
  <connections type="routesResponseTo" sourceAnchorX="0.8021978021978022" sourceAnchorY="1.0" targetAnchorX="0.24666666666666667" targetAnchorY="0.5675675675675675">
    <source href="assembly.xml#Call-StopMergeAgg"/>
    <target href="assembly.xml#Call-AuditData"/>
  </connections>
  <connections type="routesTo" sourceAnchorX="0.7209302325581395" sourceAnchorY="1.0" targetAnchorX="0.1761006289308176" targetAnchorY="0.41304347826086957">
    <source href="assembly.xml#MergeAudit"/>
    <target href="assembly.xml#AS24"/>
  </connections>
  <connections type="routesTo" sourceAnchorX="1.0" sourceAnchorY="0.1956521739130435" targetAnchorX="0.9080459770114943" targetAnchorY="0.03773584905660377">
    <source href="assembly.xml#AS24"/>
    <target href="assembly.xml#AGG6"/>
  </connections>
  <connections type="routesTo" sourceAnchorX="0.7559055118110236" sourceAnchorY="1.0" targetAnchorX="0.24311926605504589" targetAnchorY="0.5405405405405406">
    <source href="assembly.xml#ChildIntegrationStarts"/>
    <target href="assembly.xml#Call-GetImportMessages"/>
  </connections>
  <connections type="routesTo" sourceAnchorX="0.35609756097560974" sourceAnchorY="1.0" targetAnchorX="0.6039603960396039" targetAnchorY="0.4594594594594595">
    <source href="assembly.xml#//@beans/@mixed.1/@mixed.133/@mixed.3"/>
    <target href="assembly.xml#EH23"/>
  </connections>
  <connections type="routesTo" sourceAnchorX="0.5371024734982333" sourceAnchorY="1.0" targetAnchorX="0.5841584158415841" targetAnchorY="0.7837837837837838">
    <source href="assembly.xml#//@beans/@mixed.1/@mixed.125/@mixed.3"/>
    <target href="assembly.xml#EH25"/>
  </connections>
  <connections type="routesTo">
    <source href="assembly.xml#AS28"/>
    <target href="assembly.xml#AGG1"/>
  </connections>
  <connections type="routesTo">
    <source href="assembly.xml#AS27"/>
    <target href="assembly.xml#AGG2"/>
  </connections>
  <connections type="routesTo" sourceAnchorX="0.75" sourceAnchorY="1.0" targetAnchorX="0.22302158273381295" targetAnchorY="0.7395833333333334">
    <source href="assembly.xml#//@beans/@mixed.1/@route.0/@subRoute.1"/>
    <target href="assembly.xml#AS28"/>
  </connections>
  <connections type="routesTo" sourceAnchorX="0.9456521739130435" sourceAnchorY="1.0" targetAnchorX="0.20491803278688525" targetAnchorY="0.49606299212598426">
    <source href="assembly.xml#CombineGWPages"/>
    <target href="assembly.xml#AS27"/>
  </connections>
  <connections type="routesTo" sourceAnchorX="0.8175182481751825" sourceAnchorY="1.0" targetAnchorX="0.07692307692307693" targetAnchorY="0.6875">
    <source href="assembly.xml#CatchErrors"/>
    <target href="assembly.xml#AS41"/>
  </connections>
  <connections type="routesTo" sourceAnchorX="0.4411764705882353" sourceAnchorY="1.0" targetAnchorX="0.40487804878048783" targetAnchorY="0.4594594594594595">
    <source href="assembly.xml#//@beans/@mixed.1/@mixed.3/@mixed.3"/>
    <target href="assembly.xml#PIM1"/>
  </connections>
  <connections type="routesResponseTo" sourceAnchorX="0.7078651685393258" sourceAnchorY="1.0" targetAnchorX="0.09933774834437085" targetAnchorY="0.3854166666666667">
    <source href="assembly.xml#PIM1"/>
    <target href="assembly.xml#AS31"/>
  </connections>
  <connections type="routesResponseTo" sourceAnchorX="0.6853932584269663" sourceAnchorY="1.0" targetAnchorX="0.3509933774834437" targetAnchorY="0.4479166666666667">
    <source href="assembly.xml#PIM2"/>
    <target href="assembly.xml#AS32"/>
  </connections>
  <connections type="routesTo" sourceAnchorX="0.2544987146529563" sourceAnchorY="1.0" targetAnchorX="0.5842696629213483" targetAnchorY="0.6216216216216216">
    <source href="assembly.xml#//@beans/@mixed.1/@mixed.11/@mixed.3"/>
    <target href="assembly.xml#PIM2"/>
  </connections>
  <connections type="routesResponseTo" sourceAnchorX="0.5730337078651685" sourceAnchorY="1.0" targetAnchorX="0.09933774834437085" targetAnchorY="0.6195652173913043">
    <source href="assembly.xml#PIM3"/>
    <target href="assembly.xml#AS33"/>
  </connections>
  <connections type="routesTo" sourceAnchorX="0.6190476190476191" sourceAnchorY="1.0" targetAnchorX="0.5280898876404494" targetAnchorY="0.05405405405405406">
    <source href="assembly.xml#//@beans/@mixed.1/@mixed.39/@mixed.3"/>
    <target href="assembly.xml#PIM3"/>
  </connections>
  <connections type="routesResponseTo" sourceAnchorX="0.7191011235955056" sourceAnchorY="1.0" targetAnchorX="0.16556291390728478" targetAnchorY="0.3541666666666667">
    <source href="assembly.xml#PIM4"/>
    <target href="assembly.xml#AS34"/>
  </connections>
  <connections type="routesTo" sourceAnchorX="0.7108433734939759" sourceAnchorY="1.0" targetAnchorX="0.5168539325842697" targetAnchorY="0.43243243243243246">
    <source href="assembly.xml#//@beans/@mixed.1/@mixed.17/@mixed.3"/>
    <target href="assembly.xml#PIM4"/>
  </connections>
  <connections type="routesResponseTo" sourceAnchorX="0.5393258426966292" sourceAnchorY="1.0" targetAnchorX="0.3443708609271523" targetAnchorY="0.3333333333333333">
    <source href="assembly.xml#PIM5"/>
    <target href="assembly.xml#AS35"/>
  </connections>
  <connections type="routesTo" sourceAnchorX="0.796875" sourceAnchorY="1.0" targetAnchorX="0.3707865168539326" targetAnchorY="0.2702702702702703">
    <source href="assembly.xml#//@beans/@mixed.1/@mixed.31/@mixed.3"/>
    <target href="assembly.xml#PIM5"/>
  </connections>
  <connections type="routesResponseTo" sourceAnchorX="0.35121951219512193" sourceAnchorY="1.0" targetAnchorX="0.17880794701986755" targetAnchorY="0.34375">
    <source href="assembly.xml#PIM6"/>
    <target href="assembly.xml#AS36"/>
  </connections>
  <connections type="routesTo" sourceAnchorX="0.14634146341463414" sourceAnchorY="1.0" targetAnchorX="0.4044943820224719" targetAnchorY="0.3783783783783784">
    <source href="assembly.xml#//@beans/@mixed.1/@mixed.67/@mixed.3"/>
    <target href="assembly.xml#PIM6"/>
  </connections>
  <connections type="routesTo" sourceAnchorX="1.0" sourceAnchorY="0.2204724409448819" targetAnchorX="0.10404624277456648" targetAnchorY="0.5675675675675675">
    <source href="assembly.xml#AS11"/>
    <target href="assembly.xml#ImportPayrollInputs"/>
  </connections>
  <connections type="routesResponseTo" sourceAnchorX="0.8314606741573034" sourceAnchorY="1.0" targetAnchorX="0.33112582781456956" targetAnchorY="0.34375">
    <source href="assembly.xml#PIM7"/>
    <target href="assembly.xml#AsyncMediation0"/>
  </connections>
  <connections type="routesTo" sourceAnchorX="0.0" sourceAnchorY="0.7333333333333333" targetAnchorX="0.2247191011235955" targetAnchorY="0.1891891891891892">
    <source href="assembly.xml#//@beans/@mixed.1/@mixed.59/@mixed.3"/>
    <target href="assembly.xml#PIM7"/>
    <bendpoints sourceX="206" sourceY="39" targetX="-55" targetY="74"/>
  </connections>
  <connections type="routesResponseTo" sourceAnchorX="0.8390243902439024" sourceAnchorY="1.0" targetAnchorX="0.23178807947019867" targetAnchorY="0.59375">
    <source href="assembly.xml#PIM9"/>
    <target href="assembly.xml#AS37"/>
  </connections>
  <connections type="routesTo" sourceAnchorX="0.9722222222222222" sourceAnchorY="1.0" targetAnchorX="0.5730337078651685" targetAnchorY="0.10810810810810811">
    <source href="assembly.xml#//@beans/@mixed.1/@mixed.95/@mixed.3"/>
    <target href="assembly.xml#PIM9"/>
  </connections>
  <connections type="routesResponseTo" sourceAnchorX="0.8762886597938144" sourceAnchorY="1.0" targetAnchorX="0.6233766233766234" targetAnchorY="0.5104166666666666">
    <source href="assembly.xml#PIM10"/>
    <target href="assembly.xml#AS38"/>
  </connections>
  <connections type="routesTo" sourceAnchorX="1.0" sourceAnchorY="0.7333333333333333" targetAnchorX="0.5670103092783505" targetAnchorY="0.08108108108108109">
    <source href="assembly.xml#//@beans/@mixed.1/@mixed.101/@mixed.3"/>
    <target href="assembly.xml#PIM10"/>
  </connections>
  <connections type="routesResponseTo" sourceAnchorX="0.38144329896907214" sourceAnchorY="1.0" targetAnchorX="0.03529411764705882" targetAnchorY="0.40625">
    <source href="assembly.xml#PIM11"/>
    <target href="assembly.xml#AS39"/>
  </connections>
  <connections type="routesTo" sourceAnchorX="0.7777777777777778" sourceAnchorY="1.0" targetAnchorX="0.4583333333333333" targetAnchorY="0.16216216216216217">
    <source href="assembly.xml#//@beans/@mixed.1/@mixed.117/@mixed.3"/>
    <target href="assembly.xml#PIM11"/>
  </connections>
  <connections type="routesResponseTo" sourceAnchorX="0.5666666666666667" sourceAnchorY="1.0" targetAnchorX="0.2781456953642384" targetAnchorY="0.42391304347826086">
    <source href="assembly.xml#Call-AuditData"/>
    <target href="assembly.xml#AS40"/>
  </connections>
  <connections type="routesResponseTo" sourceAnchorX="0.8380952380952381" sourceAnchorY="1.0" targetAnchorX="0.4195804195804196" targetAnchorY="0.5760869565217391">
    <source href="assembly.xml#Call-StopImportResAgg"/>
    <target href="assembly.xml#AsyncMediation"/>
  </connections>
  <swimlanes x="137" y="28" name="Transform Inbound File, Get Worker's Current Period Data, Generate Import Payroll Input Request and Load Data" alignment="MIDDLE">
    <elements href="assembly.xml#ParentIntegrationStarts"/>
    <elements href="#//@swimlanes.1"/>
    <elements href="assembly.xml#GetEventDocuments"/>
    <elements href="assembly.xml#Call-TransformFile"/>
    <elements href="assembly.xml#Call-GetWorkers"/>
    <elements href="assembly.xml#Call-ImportPI"/>
    <elements href="assembly.xml#Call-StopImportResAgg"/>
    <elements href="assembly.xml#AsyncMediation"/>
  </swimlanes>
  <swimlanes x="314" y="164" name="Catch Errors" orientation="VERTICAL">
    <elements href="assembly.xml#AS1"/>
    <elements href="#//@swimlanes.44"/>
  </swimlanes>
  <swimlanes x="137" y="352" name="Transform File" alignment="MIDDLE">
    <elements href="assembly.xml#TransformFile"/>
    <elements href="#//@swimlanes.8"/>
    <elements href="#//@swimlanes.12"/>
    <elements href="assembly.xml#Call-Aggregate"/>
  </swimlanes>
  <swimlanes x="15" y="299" name="Get Workers" alignment="MIDDLE">
    <elements href="assembly.xml#GetWorkers"/>
    <elements href="#//@swimlanes.9"/>
    <elements href="assembly.xml#PagedGet"/>
  </swimlanes>
  <swimlanes x="137" y="723" name="Handle Pages" alignment="MIDDLE">
    <elements href="assembly.xml#HandleGWPages"/>
    <elements href="#//@swimlanes.10"/>
    <elements href="assembly.xml#Route"/>
    <elements href="#//@swimlanes.43"/>
    <elements href="assembly.xml#AGG1"/>
  </swimlanes>
  <swimlanes x="37" y="562" name="Aggregate File and Get Workers" alignment="MIDDLE">
    <elements href="assembly.xml#Aggregate"/>
    <elements href="#//@swimlanes.11"/>
    <elements href="assembly.xml#AGG3"/>
  </swimlanes>
  <swimlanes x="65" y="657" name="Handle Errors" alignment="MIDDLE" closed="true">
    <elements href="assembly.xml#CatchErrors"/>
    <elements href="assembly.xml#AS41"/>
  </swimlanes>
  <swimlanes x="98" y="66" name="Integation Process" orientation="VERTICAL" elements="//@swimlanes.39 //@swimlanes.38 //@swimlanes.6"/>
  <swimlanes x="250" y="478" name="Perform File Validations" orientation="VERTICAL">
    <elements href="assembly.xml#AS2"/>
    <elements href="#//@swimlanes.45"/>
  </swimlanes>
  <swimlanes x="225" y="862" name="Generate Get Workers Request" orientation="VERTICAL" alignment="MIDDLE">
    <elements href="assembly.xml#AS4"/>
    <elements href="#//@swimlanes.47"/>
  </swimlanes>
  <swimlanes x="281" y="1191" name="Capture Errors" orientation="VERTICAL">
    <elements href="assembly.xml#AS5"/>
    <elements href="assembly.xml#EH5"/>
  </swimlanes>
  <swimlanes x="226" y="1539" name="Aggregate File and Get Workers" orientation="VERTICAL">
    <elements href="assembly.xml#AS8"/>
    <elements href="#//@swimlanes.48"/>
  </swimlanes>
  <swimlanes x="510" y="559" name="Validate File's Detail Records" orientation="VERTICAL">
    <elements href="assembly.xml#AS3"/>
    <elements href="#//@swimlanes.46"/>
  </swimlanes>
  <swimlanes x="124" y="1104" name="Combine Pages of Get Workers Response" alignment="MIDDLE">
    <elements href="assembly.xml#CombineGWPages"/>
    <elements href="#//@swimlanes.40"/>
    <elements href="assembly.xml#AGG2"/>
    <elements href="assembly.xml#Call-AggregateGWR"/>
  </swimlanes>
  <swimlanes x="122" y="1978" name="Generate Import Payroll Input Requests and Audit Data">
    <elements href="assembly.xml#ImportPI"/>
    <elements href="#//@swimlanes.16"/>
    <elements href="assembly.xml#RouteIA"/>
    <elements href="#//@swimlanes.15"/>
  </swimlanes>
  <swimlanes x="222" y="2060" name="Swimlane" orientation="VERTICAL" elements="//@swimlanes.17 //@swimlanes.21"/>
  <swimlanes x="126" y="2162" name="Catch Errors" orientation="VERTICAL">
    <elements href="assembly.xml#AS9"/>
    <elements href="assembly.xml#EH9"/>
  </swimlanes>
  <swimlanes x="511" y="2167" name="Transform Merged File and Get Worker's Data, Spilt Into Different Batches and Generate Import Payroll Requests">
    <elements href="#//@swimlanes.20"/>
    <elements href="assembly.xml#SplitBatches"/>
    <elements href="#//@swimlanes.19"/>
    <elements href="#//@swimlanes.50"/>
    <elements href="#//@swimlanes.18"/>
  </swimlanes>
  <swimlanes x="1646" y="2303" name="Aggregate Import Response" orientation="VERTICAL">
    <elements href="assembly.xml#StopImportResAgg"/>
    <elements href="assembly.xml#AGG4"/>
    <elements href="assembly.xml#AS13"/>
    <elements href="assembly.xml#Completed"/>
  </swimlanes>
  <swimlanes x="1040" y="2215" name="Generate Import Payroll Input Requests" orientation="VERTICAL">
    <elements href="assembly.xml#AS11"/>
    <elements href="assembly.xml#CE11"/>
  </swimlanes>
  <swimlanes x="529" y="2177" name="Transform File Data and Generate Batches" orientation="VERTICAL">
    <elements href="assembly.xml#AS10"/>
    <elements href="#//@swimlanes.49"/>
  </swimlanes>
  <swimlanes x="553" y="2639" name="Generate Parent Audit">
    <elements href="assembly.xml#AS14"/>
    <elements href="#//@swimlanes.51"/>
  </swimlanes>
  <swimlanes x="-156" y="814" name="Generate Get Workers Request and Process Each Page" elements="//@swimlanes.3 //@swimlanes.23"/>
  <swimlanes x="-90" y="939" name="Handle Each Page of GW and Combine into a single output" orientation="VERTICAL" elements="//@swimlanes.4 //@swimlanes.13"/>
  <swimlanes x="-44" y="2736" name="Child Integration to Retrieve Imported Messages and to Generate Audit">
    <elements href="assembly.xml#ChildIntegrationStarts"/>
    <elements href="assembly.xml#Call-GetImportMessages"/>
    <elements href="assembly.xml#Call-AggAudit"/>
    <elements href="assembly.xml#Call-StopMergeAgg"/>
    <elements href="assembly.xml#Call-AuditData"/>
    <elements href="assembly.xml#AS40"/>
  </swimlanes>
  <swimlanes x="-120" y="2796" name="Get Imported Payroll Inputs Messages" alignment="MIDDLE">
    <elements href="assembly.xml#GetImportMessages"/>
    <elements href="#//@swimlanes.26"/>
    <elements href="assembly.xml#GetFiles"/>
    <elements href="#//@swimlanes.27"/>
    <elements href="#//@swimlanes.28"/>
    <elements href="assembly.xml#Call-BatchData"/>
  </swimlanes>
  <swimlanes x="2" y="3387" name="Determine Debug or Parent WID" orientation="VERTICAL">
    <elements href="assembly.xml#AS15"/>
    <elements href="#//@swimlanes.52"/>
  </swimlanes>
  <swimlanes x="523" y="3398" name="Check For File Availability" orientation="VERTICAL">
    <elements href="assembly.xml#AS16"/>
    <elements href="assembly.xml#AsyncMediation7"/>
  </swimlanes>
  <swimlanes x="861" y="3400" name="Copy File Data to Vars" orientation="VERTICAL">
    <elements href="assembly.xml#AS17"/>
    <elements href="#//@swimlanes.53"/>
  </swimlanes>
  <swimlanes x="1313" y="3408" name="Generate Get Import Messages For Each Batch" orientation="VERTICAL" alignment="MIDDLE">
    <elements href="assembly.xml#AS19"/>
    <elements href="assembly.xml#EH19"/>
  </swimlanes>
  <swimlanes x="-146" y="3372" name="Get Details For Each Batches Imported" alignment="MIDDLE" closed="true">
    <elements href="assembly.xml#BatchData"/>
    <elements href="#//@swimlanes.31"/>
    <elements href="assembly.xml#SplitBatch"/>
    <elements href="#//@swimlanes.29"/>
    <elements href="assembly.xml#PagedGet0"/>
    <elements href="assembly.xml#Call-BatchDataSub"/>
  </swimlanes>
  <swimlanes x="-51" y="3592" name="Pass Import Response to Message" orientation="VERTICAL">
    <elements href="assembly.xml#AS18"/>
    <elements href="#//@swimlanes.54"/>
  </swimlanes>
  <swimlanes x="-119" y="3700" name="Generate Final Audit" alignment="MIDDLE">
    <elements href="assembly.xml#AuditData"/>
    <elements href="#//@swimlanes.42"/>
  </swimlanes>
  <swimlanes x="991" y="3895" name="Merge Import Audit and Response" orientation="VERTICAL">
    <elements href="assembly.xml#AS21"/>
    <elements href="assembly.xml#AS22"/>
  </swimlanes>
  <swimlanes x="1604" y="3799" name="Swimlane" orientation="VERTICAL">
    <elements href="#//@swimlanes.37"/>
    <elements href="assembly.xml#AGG6"/>
  </swimlanes>
  <swimlanes x="-160" y="4020" name="Transform and Merge Batch Data to Generate Audit" alignment="MIDDLE">
    <elements href="assembly.xml#BatchDataSub"/>
    <elements href="#//@swimlanes.36"/>
    <elements href="assembly.xml#Route1"/>
    <elements href="#//@swimlanes.33"/>
    <elements href="assembly.xml#AGG5"/>
    <elements href="#//@swimlanes.41"/>
    <elements href="#//@swimlanes.34"/>
  </swimlanes>
  <swimlanes x="-11" y="4143" name="Catch Errors" orientation="VERTICAL">
    <elements href="assembly.xml#AS20"/>
    <elements href="assembly.xml#EH20"/>
  </swimlanes>
  <swimlanes x="1196" y="3418" name="Merge Parent Audit with Imported Inputs Audit" alignment="MIDDLE">
    <elements href="assembly.xml#MergeAudit"/>
    <elements href="assembly.xml#AS24"/>
    <elements href="assembly.xml#StopAggData"/>
  </swimlanes>
  <swimlanes x="-120" y="707" name="Child Integration Main Processing" orientation="VERTICAL" elements="//@swimlanes.24 //@swimlanes.25 //@swimlanes.30 //@swimlanes.35 //@swimlanes.32"/>
  <swimlanes x="-130" y="88" name="Parent Integration Main Processing" orientation="VERTICAL" elements="//@swimlanes.0 //@swimlanes.2 //@swimlanes.22 //@swimlanes.5 //@swimlanes.14"/>
  <swimlanes x="185" y="816" name="Get Transformed Page Data" orientation="VERTICAL">
    <elements href="assembly.xml#AS27"/>
  </swimlanes>
  <swimlanes x="782" y="606" name="Swimlane" orientation="VERTICAL" alignment="MIDDLE">
    <elements href="assembly.xml#AS23"/>
    <elements href="assembly.xml#EH23"/>
  </swimlanes>
  <swimlanes x="-38" y="906" name="Swimlane" orientation="VERTICAL" alignment="MIDDLE">
    <elements href="assembly.xml#AS25"/>
    <elements href="assembly.xml#EH25"/>
  </swimlanes>
  <swimlanes x="1197" y="533" name="Capture Valid and Invalid Errors" orientation="VERTICAL">
    <elements href="assembly.xml#AS6"/>
    <elements href="assembly.xml#AS28"/>
  </swimlanes>
  <swimlanes x="310" y="444" name="Catch Initial Errors" alignment="MIDDLE">
    <elements href="assembly.xml#PIM1"/>
    <elements href="assembly.xml#AS31"/>
  </swimlanes>
  <swimlanes x="327" y="431" name="Catch File Error " alignment="MIDDLE">
    <elements href="assembly.xml#PIM2"/>
    <elements href="assembly.xml#AS32"/>
  </swimlanes>
  <swimlanes x="790" y="510" name="Catch File Detail Error" alignment="MIDDLE">
    <elements href="assembly.xml#PIM3"/>
    <elements href="assembly.xml#AS33"/>
  </swimlanes>
  <swimlanes x="366" y="673" name="Catch Get Workers Error" alignment="MIDDLE">
    <elements href="assembly.xml#PIM4"/>
    <elements href="assembly.xml#AS34"/>
  </swimlanes>
  <swimlanes x="307" y="980" name="Catch Aggregation Errors" alignment="MIDDLE">
    <elements href="assembly.xml#PIM5"/>
    <elements href="assembly.xml#AS35"/>
  </swimlanes>
  <swimlanes x="606" y="1493" name="Catch File Data and Generate Batches Error" alignment="MIDDLE">
    <elements href="assembly.xml#PIM6"/>
    <elements href="assembly.xml#AS36"/>
  </swimlanes>
  <swimlanes x="1579" y="1414" name="Import Payroll Inputs" orientation="VERTICAL">
    <elements href="assembly.xml#ImportPayrollInputs"/>
    <elements href="assembly.xml#AS12"/>
  </swimlanes>
  <swimlanes x="617" y="1948" name="Catch Parent Audit Error" alignment="MIDDLE">
    <elements href="assembly.xml#PIM7"/>
    <elements href="assembly.xml#AsyncMediation0"/>
  </swimlanes>
  <swimlanes x="374" y="956" name="Catch Get Files from Parent Error" alignment="MIDDLE">
    <elements href="assembly.xml#PIM9"/>
    <elements href="assembly.xml#AS37"/>
  </swimlanes>
  <swimlanes x="1080" y="943" name="Catch Copy File Data to Vars Error" alignment="MIDDLE">
    <elements href="assembly.xml#PIM10"/>
    <elements href="assembly.xml#AS38"/>
  </swimlanes>
  <swimlanes x="304" y="1396" name="Catch Import Response to Message Error" alignment="MIDDLE">
    <elements href="assembly.xml#PIM11"/>
    <elements href="assembly.xml#AS39"/>
  </swimlanes>
</wdnm:Diagram>
