<?xml version="1.0" encoding="UTF-8"?>
<wdnm:Diagram xmlns:wdnm="http://workday.com/studio/editors/notation">
  <element href="assembly.xml#WorkdayAssembly"/>
  <visualProperties x="50" y="-181">
    <element href="assembly.xml#StartHere"/>
  </visualProperties>
  <visualProperties x="233" y="663">
    <element href="assembly.xml#CreateGarnWWSReq"/>
  </visualProperties>
  <visualProperties x="832" y="645">
    <element href="assembly.xml#SplitAdditionalGarnInfo"/>
  </visualProperties>
  <visualProperties x="294" y="977">
    <element href="assembly.xml#TransformAndMapResponse"/>
  </visualProperties>
  <visualProperties x="219" y="-224">
    <element href="assembly.xml#SetupData"/>
  </visualProperties>
  <visualProperties x="433" y="87">
    <element href="assembly.xml#GetAddDataGarnRpt"/>
  </visualProperties>
  <visualProperties x="599" y="-179">
    <element href="assembly.xml#CallProcessRptResponse"/>
  </visualProperties>
  <visualProperties x="19" y="398">
    <element href="assembly.xml#ProcessRptResponse"/>
  </visualProperties>
  <visualProperties x="248" y="335">
    <element href="assembly.xml#SplitGarns"/>
  </visualProperties>
  <visualProperties x="454" y="398">
    <element href="assembly.xml#LoadMapAndList"/>
  </visualProperties>
  <visualProperties x="646" y="443">
    <element href="assembly.xml#CallGetAdditionalDetails"/>
  </visualProperties>
  <visualProperties x="19" y="708">
    <element href="assembly.xml#GetAdditionalDetails"/>
  </visualProperties>
  <visualProperties x="624" y="708">
    <element href="assembly.xml#WorkdayOutSoap"/>
  </visualProperties>
  <visualProperties x="916" y="758">
    <element href="assembly.xml#TransformAndMapResponse"/>
  </visualProperties>
  <visualProperties x="1063" y="761">
    <element href="assembly.xml#CallTransformBatchResponse"/>
  </visualProperties>
  <visualProperties x="329" y="808">
    <element href="assembly.xml#Log_GarnError"/>
  </visualProperties>
  <visualProperties x="20" y="1013">
    <element href="assembly.xml#TransformBatchResponse"/>
  </visualProperties>
  <visualProperties x="581" y="989">
    <element href="assembly.xml#AggregateRecords"/>
  </visualProperties>
  <visualProperties x="796" y="978">
    <element href="assembly.xml#CreateOutputFile"/>
  </visualProperties>
  <visualProperties x="150" y="-86">
    <element href="assembly.xml#Log_RetrieveAddGarnDataError"/>
  </visualProperties>
  <visualProperties x="645" y="488">
    <element href="assembly.xml#Log_LoadGarnMapError"/>
  </visualProperties>
  <visualProperties x="316" y="1119">
    <element href="assembly.xml#Log_TransformError"/>
  </visualProperties>
  <visualProperties x="994" y="-179">
    <element href="assembly.xml#CallGenerateOutputFile"/>
  </visualProperties>
  <visualProperties x="856" y="-206">
    <element href="assembly.xml#CloseAggr"/>
  </visualProperties>
  <visualProperties x="1496" y="-177">
    <element href="assembly.xml#SignalCompletion"/>
  </visualProperties>
  <visualProperties x="778" y="1127">
    <element href="assembly.xml#Log_OutputFileError"/>
  </visualProperties>
  <visualProperties x="38" y="1266">
    <element href="assembly.xml#//@beans/@mixed.1/@mixed.55"/>
  </visualProperties>
  <visualProperties x="270" y="1266">
    <element href="assembly.xml#PutIntegrationMessageGlobal"/>
  </visualProperties>
  <visualProperties x="556" y="1266">
    <element href="assembly.xml#PutIntegrationEventGlobal"/>
  </visualProperties>
  <visualProperties x="984" y="1023">
    <element href="assembly.xml#SendDocument"/>
  </visualProperties>
  <visualProperties x="1249" y="-177">
    <element href="assembly.xml#SendCompletedMessage"/>
  </visualProperties>
  <visualProperties x="50" y="94">
    <element href="assembly.xml#GetReportData"/>
  </visualProperties>
  <visualProperties x="233" y="51">
    <element href="assembly.xml#HandleReportError"/>
  </visualProperties>
  <visualProperties x="384" y="-177">
    <element href="assembly.xml#CallGetReportData"/>
  </visualProperties>
  <visualProperties x="435" y="130">
    <element href="assembly.xml#Log_ReportError"/>
  </visualProperties>
  <decorations x="96" y="920" width="1269" height="274" font="Arial|12|1" bgColor="3682359" fontColor="16776960" type="NOTE" text="Data Processor: This assembly is responsible for converting the source input xml into a quote wrapped comma delimitted file. There is an intermediary step to reformat the input xml before file text processing."/>
  <decorations x="19" y="586" width="1317" height="303" font="Arial|12|1" bgColor="4194304" fontColor="16776960" type="NOTE" text="Data Retrieval: This assembly is responsible for retrieving the core details for each garnishment via the Get Payroll Involuntary Withholding Order operation in the Payroll API."/>
  <decorations x="20" y="239" width="1095" height="322" font="Arial|11|1" bgColor="8421504" fontColor="1" type="NOTE" text="Data Tracker: This assembly is responsible for loading all the entries from the report response into a hashmap for use later in the program. It also controls how the point at which the program will route data to Get Additional Detail Assembly by batching the counter at 999."/>
  <decorations x="20" y="-290" width="1651" height="256" font="Arial|12|1" bgColor="8421440" fontColor="1" type="NOTE" text="MAIN: This assembly initiates the program and initializes all global parameters. Additionally, this assembly controls the overall flow of the program."/>
  <decorations x="19" y="1212" width="839" height="111" font="Arial|12|1" bgColor="255" fontColor="16777215" type="NOTE" text="GLOBAL ERROR HANDLER"/>
  <decorations x="20" y="-18" width="870" height="232" font="Arial|11|1" bgColor="12632256" fontColor="1" type="NOTE" text="Report Retreival : This subassembly is responsible for retrieving a custom report that contains all garnishments in the system"/>
  <connections type="routesTo">
    <source href="assembly.xml#StartHere"/>
    <target href="assembly.xml#SetupData"/>
  </connections>
  <connections type="routesTo">
    <source href="assembly.xml#ProcessRptResponse"/>
    <target href="assembly.xml#SplitGarns"/>
  </connections>
  <connections type="routesTo">
    <source href="assembly.xml#//@beans/@mixed.1/@splitter.1/@subRoute.0"/>
    <target href="assembly.xml#LoadMapAndList"/>
  </connections>
  <connections type="routesTo">
    <source href="assembly.xml#LoadMapAndList"/>
    <target href="assembly.xml#CallGetAdditionalDetails"/>
  </connections>
  <connections type="routesTo">
    <source href="assembly.xml#GetAdditionalDetails"/>
    <target href="assembly.xml#CreateGarnWWSReq"/>
  </connections>
  <connections type="routesTo">
    <source href="assembly.xml#CreateGarnWWSReq"/>
    <target href="assembly.xml#WorkdayOutSoap"/>
  </connections>
  <connections type="routesResponseTo">
    <source href="assembly.xml#WorkdayOutSoap"/>
    <target href="assembly.xml#SplitAdditionalGarnInfo"/>
  </connections>
  <connections type="routesTo">
    <source href="assembly.xml#//@beans/@mixed.1/@splitter.0/@subRoute.0"/>
    <target href="assembly.xml#CallTransformBatchResponse"/>
  </connections>
  <connections type="routesTo">
    <source href="assembly.xml#//@beans/@mixed.1/@mixed.3/@mixed.3"/>
    <target href="assembly.xml#Log_GarnError"/>
  </connections>
  <connections type="routesTo">
    <source href="assembly.xml#TransformBatchResponse"/>
    <target href="assembly.xml#TransformAndMapResponse"/>
  </connections>
  <connections type="routesTo">
    <source href="assembly.xml#TransformAndMapResponse"/>
    <target href="assembly.xml#AggregateRecords"/>
  </connections>
  <connections type="routesTo">
    <source href="assembly.xml#AggregateRecords"/>
    <target href="assembly.xml#CreateOutputFile"/>
  </connections>
  <connections type="routesTo">
    <source href="assembly.xml#//@beans/@mixed.1/@mixed.9/@mixed.3"/>
    <target href="assembly.xml#Log_RetrieveAddGarnDataError"/>
  </connections>
  <connections type="routesTo">
    <source href="assembly.xml#//@beans/@mixed.1/@mixed.19/@mixed.3"/>
    <target href="assembly.xml#Log_LoadGarnMapError"/>
  </connections>
  <connections type="routesTo">
    <source href="assembly.xml#//@beans/@mixed.1/@mixed.7/@mixed.3"/>
    <target href="assembly.xml#Log_TransformError"/>
  </connections>
  <connections type="routesResponseTo">
    <source href="assembly.xml#CallProcessRptResponse"/>
    <target href="assembly.xml#CloseAggr"/>
  </connections>
  <connections type="routesTo">
    <source href="assembly.xml#CloseAggr"/>
    <target href="assembly.xml#CallGenerateOutputFile"/>
  </connections>
  <connections type="routesTo">
    <source href="assembly.xml#//@beans/@mixed.1/@mixed.35/@mixed.3"/>
    <target href="assembly.xml#Log_OutputFileError"/>
  </connections>
  <connections type="routesTo">
    <source href="assembly.xml#//@beans/@mixed.1/@mixed.55"/>
    <target href="assembly.xml#PutIntegrationMessageGlobal"/>
  </connections>
  <connections type="routesResponseTo">
    <source href="assembly.xml#PutIntegrationMessageGlobal"/>
    <target href="assembly.xml#PutIntegrationEventGlobal"/>
  </connections>
  <connections type="routesTo">
    <source href="assembly.xml#CreateOutputFile"/>
    <target href="assembly.xml#SendDocument"/>
  </connections>
  <connections type="routesResponseTo">
    <source href="assembly.xml#CallGenerateOutputFile"/>
    <target href="assembly.xml#SendCompletedMessage"/>
  </connections>
  <connections type="routesResponseTo">
    <source href="assembly.xml#SendCompletedMessage"/>
    <target href="assembly.xml#SignalCompletion"/>
  </connections>
  <connections type="routesTo">
    <source href="assembly.xml#GetReportData"/>
    <target href="assembly.xml#HandleReportError"/>
  </connections>
  <connections type="routesTo">
    <source href="assembly.xml#SetupData"/>
    <target href="assembly.xml#CallGetReportData"/>
  </connections>
  <connections type="routesResponseTo">
    <source href="assembly.xml#CallGetReportData"/>
    <target href="assembly.xml#CallProcessRptResponse"/>
  </connections>
  <connections type="routesTo">
    <source href="assembly.xml#HandleReportError"/>
    <target href="assembly.xml#GetAddDataGarnRpt"/>
  </connections>
  <connections type="routesTo">
    <source href="assembly.xml#//@beans/@mixed.1/@mixed.63/@mixed.3"/>
    <target href="assembly.xml#Log_ReportError"/>
  </connections>
</wdnm:Diagram>
