<?xml version="1.0" encoding="UTF-8"?>
<beans
     xmlns="http://www.springframework.org/schema/beans"
     xmlns:beans="http://www.springframework.org/schema/beans"
     xmlns:atom="http://www.w3.org/2005/Atom"
     xmlns:cc="http://www.capeclear.com/assembly/10"
     xmlns:cloud="urn:com.workday/esb/cloud/10.0"
     xmlns:env="http://schemas.xmlsoap.org/soap/envelope/"
     xmlns:SOAP-ENV="http://schemas.xmlsoap.org/soap/envelope/"
     xmlns:pi="urn:com.workday/picof"
     xmlns:wd="urn:com.workday/bsvc"
     xmlns:xsi="http://www.w3.org/2001/XMLSchema-instance">
 
	<cc:assembly id="WorkdayAssembly" version="2024.37">
        <cc:workday-in id="StartHere" routes-to="AsyncMediation">
            <cc:integration-system name="INT6034 - Providers-Group On-Cycle Payroll Inbound">
        <cloud:param name="Validation Mode">
          <cloud:type>
            <cloud:simple-type>boolean</cloud:simple-type>
          </cloud:type>
          <cloud:default>
            <cloud:boolean>false</cloud:boolean>
          </cloud:default>
        </cloud:param>
        <cloud:retrieval-service name="INT6034_Retrieval"/>
      </cc:integration-system>
        </cc:workday-in>
        <cc:async-mediation id="AsyncMediation" routes-to="CallFileData">
            <cc:steps>
                <cc:eval id="Eval">
                    <cc:expression>props['lp.Validate.Mode'] = (Boolean)lp.getSimpleData('Validation Mode')</cc:expression>
                    <cc:expression>props['CurrentDate'] = util.currentDateTimeAsString().substring(0, 16)</cc:expression>
                    <cc:expression>props['Batch.ID'] = 'Earning_Pay_Input_' # props['CurrentDate']</cc:expression>
                    <cc:expression>props['p.close.aggregator'] = false;</cc:expression>
                    <cc:expression>props['p.close.aggregator.file'] = false;</cc:expression>
                </cc:eval>
                <cc:log execute-when="false" id="Log">
                    <cc:log-message>
                        <cc:text>***************************Attribute Data*********************************&#xD;
props['CurrentDate'] : @{props['CurrentDate']}&#xD;
props['Batch.ID'] : @{props['Batch.ID']}&#xD;
***************************Attribute Data*********************************</cc:text>
                    </cc:log-message>
                </cc:log>
            </cc:steps>
        </cc:async-mediation>
        <cc:local-out id="CallFileData" store-message="none" routes-response-to="CallBatchFile" endpoint="vm://INT6034_Providers_Group_On_Cycle_Payroll_Inbound/FileData"/>
        <cc:local-in id="FileData" routes-to="GetEventDocuments"/>
        <cc:local-out id="GetEventDocuments" routes-response-to="Route0" endpoint="vm://wcc/GetEventDocuments"><cc:set name="ie.event.wid" value="lp.isSet() ? lp.getIntegrationEventWID() : null"/></cc:local-out>
        <cc:local-out id="CallDataValidation" store-message="none" routes-response-to="CallPutData" endpoint="vm://INT6034_Providers_Group_On_Cycle_Payroll_Inbound/DataValidation"/>
        <cc:local-in id="DataValidation" routes-to="AsyncMediation6"/>
        <cc:async-mediation id="AsyncMediation6" routes-to="Splitter0">
            <cc:steps>
                <cc:copy id="Copy" input="variable" input-variable="MainData"/>
            </cc:steps>
        </cc:async-mediation>
        <cc:local-out id="CallPutData" store-message="none" routes-response-to="CallBatchAudit" endpoint="vm://INT6034_Providers_Group_On_Cycle_Payroll_Inbound/PutData"/>
        <cc:local-in id="PutData" routes-to="AsyncMediation7"/>
        <cc:local-out id="CallBatchAudit" store-message="none" execute-when="props['p.close.aggregator']  = true" endpoint="vm://INT6034_Providers_Group_On_Cycle_Payroll_Inbound/BatchAudit"/>
        <cc:local-in id="BatchAudit" routes-to="Aggregator0"/>
        <cc:aggregator id="Aggregator0" routes-to="AsyncMediation9" collate-when="props['p.close.aggregator'] == false" force-batch-when="props['p.close.aggregator'] == true">
            <cc:size-batch-strategy batch-size="-1"/>
            <cc:xml-message-content-collater>
        <cc:header-text>&lt;AuditLog></cc:header-text>
        <cc:footer-text>&lt;/AuditLog></cc:footer-text>
      </cc:xml-message-content-collater>
        </cc:aggregator>
        <cc:local-in id="MainAudit" routes-to="Aggregator0"/>
        <cc:async-mediation id="AsyncMediation7" routes-to="Splitter1">
            <cc:steps>
                <cc:copy id="Copy" input="variable" input-variable="MainData"/>
            </cc:steps>
        </cc:async-mediation>
        <cc:async-mediation id="AsyncMediation9" routes-to="PutIntegrationMessage1">
            <cc:steps>
                <cc:log execute-when="false" id="Log0">
                    <cc:log-message>
                        <cc:text>***************************Aggregator****************************</cc:text>
                        <cc:message-content/>
                        <cc:text>***************************Aggregator****************************</cc:text>
                    </cc:log-message>
                </cc:log>
                <cc:xslt-plus id="XsltPlus" url="AddingtailerRecord.xsl"/>
                <cc:log execute-when="false" id="Log">
                    <cc:log-message>
                        <cc:text>****************Final XSLT********************</cc:text>
                        <cc:message-content/>
                        <cc:text>****************Final XSLT********************</cc:text>
                    </cc:log-message>
                </cc:log>
                <cc:xml-to-csv id="XmlToCsv"/>
                <cc:store id="Store" expiresIn="P180D" title="INT6034_Providers-Group-On-Cycle Payroll_InboundAudit.csv"/>
            </cc:steps>
        </cc:async-mediation>
        <cc:splitter id="Splitter0">
            <cc:sub-route name="SubRoute" routes-to="AsyncMediation20"/>
            <cc:xml-stream-splitter xpath="Header/row"/>
        </cc:splitter>
        <cc:async-mediation id="AsyncMediation20" routes-to="AsyncMediation10">
            <cc:steps>
                <cc:eval id="Eval">
                    <cc:expression>props['B.Employee-Id'] = parts[0].xpath('row/Employee-Id');</cc:expression>
                    <cc:expression>props['B.Earning-Code'] = parts[0].xpath('row/Earning-Code');</cc:expression>
                    <cc:expression>props['B.Start-Date'] = parts[0].xpath('row/Start-Date');</cc:expression>
                    <cc:expression>props['B.End-Date'] = parts[0].xpath('row/End-Date');</cc:expression>
                    <cc:expression>props['B.Coverage-Start-Date'] = parts[0].xpath('row/Coverage-Start-Date');</cc:expression>
                    <cc:expression>props['B.Coverage-End-Date'] = parts[0].xpath('row/Coverage-End-Date');</cc:expression>
                    <cc:expression>props['B.Amount'] = parts[0].xpath('row/Amount');</cc:expression>
                    <cc:expression>props['B.Count'] = parts[0].xpath('row/Count');</cc:expression>
                </cc:eval>
                <cc:log execute-when="false" id="Log">
                    <cc:log-message>
                        <cc:text>***********************File Data Validation*******************************&#xD;
props['B.Employee-Id'] : @{props['B.Employee-Id']}&#xD;
props['B.Earning-Code'] : @{props['B.Earning-Code']}&#xD;
props['B.Start-Date'] : @{props['B.Start-Date']}&#xD;
props['B.End-Date'] : @{props['B.End-Date']}&#xD;
props['B.Coverage-Start-Date'] : @{props['B.Coverage-Start-Date']}&#xD;
props['B.Coverage-End-Date'] : @{props['B.Coverage-End-Date']}&#xD;
props['B.Amount'] : @{props['B.Amount']}&#xD;
props['B.Count'] : @{props['B.Count']}&#xD;
***********************File Data Validation*******************************</cc:text>
                    </cc:log-message>
                </cc:log>
            </cc:steps>
        </cc:async-mediation>
        <cc:async-mediation id="AsyncMediation10" routes-to="Aggregator1" handle-downstream-errors="true">
            <cc:steps>
                <cc:validate-exp id="ValidateExp">
                    <cc:expression failure-message="Blank Employee ID">props['B.Employee-Id'] != ''</cc:expression>
                    <cc:expression failure-message="Blank Earning Code">props['B.Earning-Code'] != ''</cc:expression>
                    <cc:expression failure-message="Blank Start Date">props['B.Start-Date'] != ''</cc:expression>
                    <cc:expression failure-message="Blank End Date">props['B.End-Date'] != ''</cc:expression>
                    <cc:expression failure-message="Blank Coverage Start Date">props['B.Coverage-Start-Date'] != ''</cc:expression>
                    <cc:expression failure-message="Blank Coverage End Date">props['B.Coverage-End-Date'] != ''</cc:expression>
                    <cc:expression failure-message="Blank Amount">props['B.Amount'] != ''</cc:expression>
                    <cc:expression failure-message="Blank Count">props['B.Count'] != ''</cc:expression>
                </cc:validate-exp>
            </cc:steps>
            <cc:send-error id="SendError" routes-to="AsyncMediation11"/>
        </cc:async-mediation>
        <cc:async-mediation id="AsyncMediation11" routes-to="CallValidationAudit">
            <cc:steps>
                <cc:eval id="Eval">
                    <cc:expression>props['Status']='Error';</cc:expression>
                    <cc:expression>props['Message']=context.getErrorMessage();</cc:expression>
                </cc:eval>
                <cc:write id="Write">
                    <cc:message>
                        <cc:text>&lt;Audit>&#xD;
	&lt;Employee_ID>@{props['B.Employee-Id']}&lt;/Employee_ID>&#xD;
	&lt;Batch_ID>@{props['Batch.ID']}&lt;/Batch_ID>&#xD;
	&lt;Earning_Code>@{props['B.Earning-Code']}&lt;/Earning_Code>&#xD;
	&lt;Start_Date>@{props['B.Start-Date']}&lt;/Start_Date>&#xD;
	&lt;End_Date>@{props['B.End-Date']}&lt;/End_Date>&#xD;
    &lt;Coverage_Start_Date>@{props['B.Coverage-Start-Date']}&lt;/Coverage_Start_Date>&#xD;
	&lt;Coverage_End_Date>@{props['B.Coverage-End-Date']}&lt;/Coverage_End_Date>&#xD;
	&lt;Amount>@{props['B.Amount']}&lt;/Amount>&#xD;
	&lt;Count>@{props['B.Count']}&lt;/Count>&#xD;
	&lt;Status>@{props['Status']}&lt;/Status>&#xD;
	&lt;Message>@{props['Message']}&lt;/Message>&#xD;
&lt;/Audit></cc:text>
                    </cc:message>
                </cc:write>
            </cc:steps>
        </cc:async-mediation>
        <cc:local-out id="CallValidationAudit" store-message="none" routes-response-to="PutIntegrationMessage" endpoint="vm://INT6034_Providers_Group_On_Cycle_Payroll_Inbound/MainAudit"/>
        <cc:aggregator id="Aggregator1">
            <cc:size-batch-strategy batch-size="-1"/>
            <cc:xml-message-content-collater>
        <cc:header-text>&lt;Root></cc:header-text>
        <cc:footer-text>&lt;/Root></cc:footer-text>
      </cc:xml-message-content-collater>
        </cc:aggregator>
        <cc:splitter id="Splitter1">
            <cc:sub-route name="SubRoute" routes-to="AsyncMediation21"/>
            <cc:xml-stream-splitter xpath="Header/row"/>
        </cc:splitter>
        <cc:async-mediation id="AsyncMediation21" routes-to="AsyncMediation12">
            <cc:steps>
                <cc:eval id="Eval">
                    <cc:expression>props['C.Employee-Id'] = parts[0].xpath('row/Employee-Id');</cc:expression>
                    <cc:expression>props['C.Earning-Code'] = parts[0].xpath('row/Earning-Code');</cc:expression>
                    <cc:expression>props['C.Start-Date'] = parts[0].xpath('row/Start-Date');</cc:expression>
                    <cc:expression>props['C.End-Date'] = parts[0].xpath('row/End-Date');</cc:expression>
                    <cc:expression>props['C.Coverage-Start-Date'] = parts[0].xpath('row/Coverage-Start-Date');</cc:expression>
                    <cc:expression>props['C.Coverage-End-Date'] = parts[0].xpath('row/Coverage-End-Date');</cc:expression>
                    <cc:expression>props['C.Amount'] = parts[0].xpath('row/Amount');</cc:expression>
                    <cc:expression>props['C.Count'] = parts[0].xpath('row/Count');</cc:expression>
                </cc:eval>
                <cc:log execute-when="false" id="Log">
                    <cc:log-message>
                        <cc:text>***********************Put Data*******************************&#xD;
props['C.Employee-Id'] : @{props['C.Employee-Id']}&#xD;
props['C.Earning-Code'] : @{props['C.Earning-Code']}&#xD;
props['C.Start-Date'] : @{props['C.Start-Date']}&#xD;
props['C.End-Date'] : @{props['C.End-Date']}&#xD;
props['C.Coverage-Start-Date'] : @{props['C.Coverage-Start-Date']}&#xD;
props['C.Coverage-End-Date'] : @{props['C.Coverage-End-Date']}&#xD;
props['C.Amount'] : @{props['C.Amount']}&#xD;
props['C.Count'] : @{props['C.Count']}&#xD;
***********************Put Data*******************************</cc:text>
                    </cc:log-message>
                </cc:log>
            </cc:steps>
        </cc:async-mediation>
        <cc:async-mediation id="AsyncMediation12" routes-to="AsyncMediation13">
            <cc:steps>
                <cc:set-headers execute-when="props['lp.Validate.Mode']" id="SetHeaders"><cc:remove-headers/><cc:add-headers>
    <cc:add-header name="X-Validate-Only" value="1"/>
</cc:add-headers></cc:set-headers>
            </cc:steps>
        </cc:async-mediation>
        <cc:async-mediation id="AsyncMediation13" routes-to="WorkdayOutSoap0" handle-downstream-errors="true">
            <cc:steps>
                <cc:write id="Write">
                    <cc:message>
                        <cc:text>&lt;?xml version=&quot;1.0&quot; encoding=&quot;UTF-8&quot;?>&#xD;
&lt;env:Envelope&#xD;
    xmlns:env=&quot;http://schemas.xmlsoap.org/soap/envelope/&quot;&#xD;
    xmlns:xsd=&quot;http://www.w3.org/2001/XMLSchema&quot;>&#xD;
    &lt;env:Body>&#xD;
        &lt;wd:Submit_Payroll_Input_Request&#xD;
            xmlns:wd=&quot;urn:com.workday/bsvc&quot;&#xD;
            wd:version=&quot;v43.0&quot;>&#xD;
            &lt;wd:Payroll_Input_Data >&#xD;
               &lt;!--  &lt;wd:Payroll_Input_ID>@{props['Batch.ID']}&lt;/wd:Payroll_Input_ID>-->&#xD;
                &lt;wd:Batch_ID>@{props['Batch.ID']}&lt;/wd:Batch_ID>&#xD;
&#xD;
                &lt;wd:Start_Date>@{props['C.Start-Date']}&lt;/wd:Start_Date>&#xD;
                &lt;wd:End_Date>@{props['C.End-Date']}&lt;/wd:End_Date>&#xD;
                &lt;wd:Worker_Reference>&#xD;
                    &lt;wd:ID wd:type=&quot;Employee_ID&quot;>@{props['C.Employee-Id']}&lt;/wd:ID>&#xD;
                &lt;/wd:Worker_Reference>&#xD;
                &lt;wd:Earning_Reference>&#xD;
                    &lt;wd:ID wd:type=&quot;Earning_Code&quot;>@{props['C.Earning-Code']}&lt;/wd:ID>&#xD;
                &lt;/wd:Earning_Reference>&#xD;
                &lt;wd:Amount>@{props['C.Amount']}&lt;/wd:Amount>&#xD;
                &#xD;
                &lt;wd:Coverage_Start_Date>@{props['C.Coverage-Start-Date']}&lt;/wd:Coverage_Start_Date>&#xD;
                &lt;wd:Coverage_End_Date>@{props['C.Coverage-End-Date']}&lt;/wd:Coverage_End_Date> -->&#xD;
            &lt;/wd:Payroll_Input_Data>&#xD;
        &lt;/wd:Submit_Payroll_Input_Request>&#xD;
    &lt;/env:Body>&#xD;
&lt;/env:Envelope></cc:text>
                    </cc:message>
                </cc:write>
                <cc:log execute-when="false" id="Log">
                    <cc:log-message>
                        <cc:text>******************Log After Servive Process**********************</cc:text>
                        <cc:message-content/>
                        <cc:text>******************Log After Servive Process**********************</cc:text>
                    </cc:log-message>
                </cc:log>
            </cc:steps>
            <cc:send-error id="SendError" routes-to="AsyncMediation15"/>
        </cc:async-mediation>
        <cc:async-mediation id="AsyncMediation14" routes-to="AsyncMediation16">
            <cc:steps>
                <cc:set-headers execute-when="props['lp.Validate.Mode']" id="SetHeaders"><cc:remove-headers>
    <cc:remove-header name="X-Validate-Only"/>
</cc:remove-headers><cc:add-headers/></cc:set-headers>
                <cc:log execute-when="false" id="Log">
                    <cc:log-message>
                        <cc:text>*********************************Log After Service processed****************************</cc:text>
                        <cc:message-content/>
                        <cc:text>*********************************Log After Service processed****************************</cc:text>
                    </cc:log-message>
                </cc:log>
            </cc:steps>
        </cc:async-mediation>
        <cc:async-mediation id="AsyncMediation15" routes-to="CallPutDataAudit">
            <cc:steps>
                <cc:eval id="Eval">
                    <cc:expression>props['Message'] = parts[0].xpath('SOAP-ENV:Envelope/SOAP-ENV:Body/SOAP-ENV:Fault/faultstring')</cc:expression>
                    <cc:expression>props['Status']='Failed';</cc:expression>
                </cc:eval>
                <cc:write id="Write">
                    <cc:message>
                        <cc:text>&lt;Audit>&#xD;
	&lt;Employee_ID>@{props['C.Employee-Id']}&lt;/Employee_ID>&#xD;
	&lt;Batch_ID>@{props['Batch.ID']}&lt;/Batch_ID>&#xD;
	&lt;Earning_Code>@{props['C.Earning-Code']}&lt;/Earning_Code>&#xD;
	&lt;Start_Date>@{props['C.Start-Date']}&lt;/Start_Date>&#xD;
	&lt;End_Date>@{props['C.End-Date']}&lt;/End_Date>&#xD;
    &lt;Coverage_Start_Date>@{props['C.Coverage-Start-Date']}&lt;/Coverage_Start_Date>&#xD;
	&lt;Coverage_End_Date>@{props['C.Coverage-End-Date']}&lt;/Coverage_End_Date>&#xD;
	&lt;Amount>@{props['C.Amount']}&lt;/Amount>&#xD;
	&lt;Count>@{props['C.Count']}&lt;/Count>&#xD;
	&lt;Status>@{props['Status']}&lt;/Status>&#xD;
	&lt;Message>@{props['Message']}&lt;/Message>&#xD;
&lt;/Audit></cc:text>
                    </cc:message>
                </cc:write>
            </cc:steps>
        </cc:async-mediation>
        <cc:local-out id="CallPutDataAudit" store-message="none" routes-response-to="PutIntegrationMessage0" endpoint="vm://INT6034_Providers_Group_On_Cycle_Payroll_Inbound/MainAudit"/>
        <cc:async-mediation id="AsyncMediation16" routes-to="CallSuccessAudit">
            <cc:steps>
                <cc:eval id="Eval">
                    <cc:expression>props['Status']='Success';</cc:expression>
                    <cc:expression>props['Message'] = 'Successfully Completed'</cc:expression>
                </cc:eval>
                <cc:write id="Write">
                    <cc:message>
                        <cc:text>&lt;Audit>&#xD;
	&lt;Employee_ID>@{props['C.Employee-Id']}&lt;/Employee_ID>&#xD;
	&lt;Batch_ID>@{props['Batch.ID']}&lt;/Batch_ID>&#xD;
	&lt;Earning_Code>@{props['C.Earning-Code']}&lt;/Earning_Code>&#xD;
	&lt;Start_Date>@{props['C.Start-Date']}&lt;/Start_Date>&#xD;
	&lt;End_Date>@{props['C.End-Date']}&lt;/End_Date>&#xD;
    &lt;Coverage_Start_Date>@{props['C.Coverage-Start-Date']}&lt;/Coverage_Start_Date>&#xD;
	&lt;Coverage_End_Date>@{props['C.Coverage-End-Date']}&lt;/Coverage_End_Date>&#xD;
	&lt;Amount>@{props['C.Amount']}&lt;/Amount>&#xD;
	&lt;Count>@{props['C.Count']}&lt;/Count>&#xD;
	&lt;Status>@{props['Status']}&lt;/Status>&#xD;
	&lt;Message>@{props['Message']}&lt;/Message>&#xD;
&lt;/Audit></cc:text>
                    </cc:message>
                </cc:write>
            </cc:steps>
        </cc:async-mediation>
        <cc:local-out id="CallSuccessAudit" store-message="none" endpoint="vm://INT6034_Providers_Group_On_Cycle_Payroll_Inbound/MainAudit"/>
        <cc:workday-out-soap id="WorkdayOutSoap0" routes-response-to="AsyncMediation14" application="Payroll" version="v43.0"/>
        <cc:local-out id="PutIntegrationMessage" endpoint="vm://wcc/PutIntegrationMessage"><cc:set name="is.message.severity" value="'WARNING'"/><cc:set name="is.message.summary" value="context.errorMessage"/></cc:local-out>
        <cc:local-out id="PutIntegrationMessage0" endpoint="vm://wcc/PutIntegrationMessage"><cc:set name="is.message.severity" value="'ERROR'"/><cc:set name="is.message.summary" value="context.errorMessage"/></cc:local-out>
        <cc:local-out id="PutIntegrationMessage1" endpoint="vm://wcc/PutIntegrationMessage"><cc:set name="is.message.severity" value="'INFO'"/><cc:set name="is.message.summary" value="'Integration Completed Successfully'"/></cc:local-out>
        <cc:send-error id="global-error-handler" rethrow-error="false" routes-to="Note-Error"/>
        <cc:local-out id="Note-Error" endpoint="vm://wcc/PutIntegrationMessage">
            <cc:set name="is.message.severity" value="'CRITICAL'"/>
            <cc:set name="is.message.summary" value="context.errorMessage"/>
        </cc:local-out>
        <cc:async-mediation id="AsyncMediation1" routes-to="Splitter">
            <cc:steps>
                <cc:copy id="Copy00" input="variable" input-variable="wd.retrieve.variable"/>
                <cc:log execute-when="false" id="Log1">
                    <cc:log-message>
                        <cc:text>***********************wd.retrieve.variable Data **********************</cc:text>
                        <cc:message-content/>
                        <cc:text>***********************wd.retrieve.variable Data **********************</cc:text>
                    </cc:log-message>
                </cc:log>
                <cc:eval id="Eval">
                    <cc:expression>props['Input_Filename']=vars['wd.retrieve.variable'].fileName </cc:expression>
                </cc:eval>
            
                <cc:csv-to-xml id="CsvToXml" colNames="Employee Id|Earning Code|Start Date|End Date|Coverage Start Date|Coverage End Date|Amount|Count" format="rfc4180" separator="|" useFirstLineAsHeader="true"/>
            
                <cc:log execute-when="false" id="Log">
                    <cc:log-message>
                        <cc:text>*********************XML Data*********************</cc:text>
                        <cc:message-content/>
                        <cc:text>*********************XML Data*********************</cc:text>
                    </cc:log-message>
                </cc:log>
                <cc:log execute-when="false" id="Log0">
                    <cc:log-message>
                        <cc:text>***********************************************************&#xD;
props['Input_Filename'] : @{props['Input_Filename']}&#xD;
***********************************************************</cc:text>
                    </cc:log-message>
                </cc:log>
            </cc:steps>
        </cc:async-mediation>
        <cc:async-mediation id="AsyncMediation0" routes-to="CallDataValidation">
            <cc:steps>
            
                <cc:copy id="Copy0" output="variable" output-variable="MainData"/>
                <cc:log execute-when="false" id="Log">
                    <cc:log-message>
                        <cc:text>*********************** Full Main Data *****************************</cc:text>
                        <cc:message-content/>
                        <cc:text>*********************** Full Main Data *****************************</cc:text>
                    </cc:log-message>
                </cc:log>
            </cc:steps>
        </cc:async-mediation>
        <cc:route id="Route0">
            <cc:doc-iterator variable-name="wd.retrieve.variable"/>
            <cc:sub-route name="SubRoute" routes-to="AsyncMediation1"/>
        </cc:route>
        <cc:splitter id="Splitter">
            <cc:sub-route name="SubRoute" routes-to="AsyncMediation2"/>
            <cc:xml-stream-splitter xpath="root/row"/>
        </cc:splitter>
        <cc:async-mediation id="AsyncMediation2" routes-to="Aggregator">
            <cc:steps>
                <cc:log execute-when="false" id="Log">
                    <cc:log-message>
                        <cc:text>******************************Splitter Message***********************************</cc:text>
                        <cc:message-content/>
                        <cc:text>******************************Splitter Message***********************************</cc:text>
                    </cc:log-message>
                </cc:log>
            </cc:steps>
        </cc:async-mediation>
        <cc:aggregator id="Aggregator" collate-when="props['p.close.aggregator.file'] == false" force-batch-when="props['p.close.aggregator.file'] == true">
            <cc:size-batch-strategy batch-size="-1"/>
            <cc:xml-message-content-collater>
        <cc:header-text>&lt;Header></cc:header-text>
        <cc:footer-text>&lt;/Header></cc:footer-text>
      </cc:xml-message-content-collater>
        </cc:aggregator>
        <cc:local-out id="CallBatchFile" store-message="none" execute-when="props['p.close.aggregator.file']  = true" routes-response-to="AsyncMediation0" endpoint="vm://INT6034_Providers_Group_On_Cycle_Payroll_Inbound/BatchFile"/>
        <cc:local-in id="BatchFile" routes-to="Aggregator"/>
	</cc:assembly>

</beans>