<?xml version="1.0" encoding="UTF-8"?>
<wdnm:Diagram xmlns:wdnm="http://workday.com/studio/editors/notation">
  <element href="assembly.xml#WorkdayAssembly"/>
  <visualProperties x="190" y="224">
    <element href="assembly.xml#call-initializingParams"/>
  </visualProperties>
  <visualProperties x="1231" y="364">
    <element href="assembly.xml#error-initialization"/>
  </visualProperties>
  <visualProperties x="1225" y="210">
    <element href="assembly.xml#setInitialProperties"/>
  </visualProperties>
  <visualProperties x="1211" y="146">
    <element href="assembly.xml#initializingParams"/>
  </visualProperties>
  <visualProperties x="456" y="218">
    <element href="assembly.xml#ValidateInputFile"/>
  </visualProperties>
  <visualProperties x="427" y="436">
    <element href="assembly.xml#callCriticalEmptyFileError"/>
  </visualProperties>
  <visualProperties x="605" y="3369">
    <element href="assembly.xml#StoreInputDetails"/>
  </visualProperties>
  <visualProperties x="71" y="3733">
    <element href="assembly.xml#//@beans/@mixed.1/@mixed.141"/>
  </visualProperties>
  <visualProperties x="260" y="3612">
    <element href="assembly.xml#SetCriticalErrorFlag"/>
  </visualProperties>
  <visualProperties x="824" y="3369">
    <element href="assembly.xml#PutAuditLogXML"/>
  </visualProperties>
  <visualProperties x="183" y="3369">
    <element href="assembly.xml#writeAuditRowStep"/>
  </visualProperties>
  <visualProperties x="56" y="3380">
    <element href="assembly.xml#AuditLine"/>
  </visualProperties>
  <visualProperties x="59" y="3866">
    <element href="assembly.xml#UnexpectedErrorsHandler"/>
  </visualProperties>
  <visualProperties x="638" y="3649">
    <element href="assembly.xml#AbortImportPayInputs"/>
  </visualProperties>
  <visualProperties x="396" y="3313">
    <element href="assembly.xml#CloseAggAudit"/>
  </visualProperties>
  <visualProperties x="829" y="3866">
    <element href="assembly.xml#StoreErrors"/>
  </visualProperties>
  <visualProperties x="403" y="3369">
    <element href="assembly.xml#AggAudit"/>
  </visualProperties>
  <visualProperties x="188" y="3512">
    <element href="assembly.xml#CallWriteInputDetailsError"/>
  </visualProperties>
  <visualProperties x="319" y="4017">
    <element href="assembly.xml#CallCritSaveUnexErrData"/>
  </visualProperties>
  <visualProperties x="609" y="3512">
    <element href="assembly.xml#CallStoreInputDetailsError"/>
  </visualProperties>
  <visualProperties x="629" y="3866">
    <element href="assembly.xml#AggregateErrors"/>
  </visualProperties>
  <visualProperties x="319" y="3863">
    <element href="assembly.xml#SaveUnexpectedErrorData"/>
  </visualProperties>
  <visualProperties x="467" y="3649">
    <element href="assembly.xml#SendInitError"/>
  </visualProperties>
  <visualProperties x="400" y="3733">
    <element href="assembly.xml#Note-Error"/>
  </visualProperties>
  <visualProperties x="977" y="3869">
    <element href="assembly.xml#StoreErrorsAudit"/>
  </visualProperties>
  <visualProperties x="604" y="4009">
    <element href="assembly.xml#CloseErrorAggregator"/>
  </visualProperties>
  <visualProperties x="829" y="4012">
    <element href="assembly.xml#CallCriticalStoreErrors"/>
  </visualProperties>
  <visualProperties x="71" y="3649">
    <element href="assembly.xml#CriticalError"/>
  </visualProperties>
  <visualProperties x="248" y="2303">
    <element href="assembly.xml#SetupForSubmitAmountCall"/>
  </visualProperties>
  <visualProperties x="517" y="2303">
    <element href="assembly.xml#ValidationMode"/>
  </visualProperties>
  <visualProperties x="520" y="2416">
    <element href="assembly.xml#UpdateFailure"/>
  </visualProperties>
  <visualProperties x="671" y="2313">
    <element href="assembly.xml#SubmitPayrollInput"/>
  </visualProperties>
  <visualProperties x="895" y="2296">
    <element href="assembly.xml#UpdateSucess"/>
  </visualProperties>
  <visualProperties x="900" y="2445">
    <element href="assembly.xml#postErrortoIntegrationLog"/>
  </visualProperties>
  <visualProperties x="1103" y="2341">
    <element href="assembly.xml#CallAuditLine"/>
  </visualProperties>
  <visualProperties x="679" y="1192">
    <element href="assembly.xml#PagedGet"/>
  </visualProperties>
  <visualProperties x="520" y="1376">
    <element href="assembly.xml#Call-CleanInvalidEEids"/>
  </visualProperties>
  <visualProperties x="391" y="2226">
    <element href="assembly.xml#call-AuditLine"/>
  </visualProperties>
  <visualProperties x="1960" y="1337">
    <element href="assembly.xml#DeleteInvalidIDs"/>
  </visualProperties>
  <visualProperties x="45" y="224">
    <element href="assembly.xml#INT0032"/>
  </visualProperties>
  <visualProperties x="1311" y="1207">
    <element href="assembly.xml#removeInvalidEEids"/>
  </visualProperties>
  <visualProperties x="1056" y="1376">
    <element href="assembly.xml#error-WorkerMap"/>
  </visualProperties>
  <visualProperties x="190" y="287">
    <element href="assembly.xml#validationModeEnabled"/>
  </visualProperties>
  <visualProperties x="258" y="1682">
    <element href="assembly.xml#SplitterErrorHandler"/>
  </visualProperties>
  <visualProperties x="525" y="1190">
    <element href="assembly.xml#Catch_Error"/>
  </visualProperties>
  <visualProperties x="204" y="760">
    <element href="assembly.xml#call-RetriDocErro"/>
  </visualProperties>
  <visualProperties x="256" y="1845">
    <element href="assembly.xml#error-CriticalNoRowsError"/>
  </visualProperties>
  <visualProperties x="254" y="1376">
    <element href="assembly.xml#error-criticalGetWorkersError"/>
  </visualProperties>
  <visualProperties x="39" y="1190">
    <element href="assembly.xml#retrieveWorkerData"/>
  </visualProperties>
  <visualProperties x="42" y="1682">
    <element href="assembly.xml#ProcessInput"/>
  </visualProperties>
  <visualProperties x="254" y="2073">
    <element href="assembly.xml#ProcessingProps"/>
  </visualProperties>
  <visualProperties x="675" y="445">
    <element href="assembly.xml#call-CloseAggAudit"/>
  </visualProperties>
  <visualProperties x="1517" y="1409">
    <element href="assembly.xml#error-CleanGetWorkers"/>
  </visualProperties>
  <visualProperties x="206" y="587">
    <element href="assembly.xml#InitRetrieveDocs"/>
  </visualProperties>
  <visualProperties x="654" y="243">
    <element href="assembly.xml#call-retrieveWorkerData"/>
  </visualProperties>
  <visualProperties x="830" y="1192">
    <element href="assembly.xml#SplitWorkResponse"/>
  </visualProperties>
  <visualProperties x="1053" y="1226">
    <element href="assembly.xml#workerDataMap"/>
  </visualProperties>
  <visualProperties x="875" y="445">
    <element href="assembly.xml#Call-CloseErrorAggregator"/>
  </visualProperties>
  <visualProperties x="190" y="354">
    <element href="assembly.xml#call-retrieval-File"/>
  </visualProperties>
  <visualProperties x="1517" y="1207">
    <element href="assembly.xml#cleanGetWorkersCall"/>
  </visualProperties>
  <visualProperties x="32" y="587">
    <element href="assembly.xml#retrieveDoc"/>
  </visualProperties>
  <visualProperties x="254" y="1190">
    <element href="assembly.xml#initiateGetWorker"/>
  </visualProperties>
  <visualProperties x="1782" y="1207">
    <element href="assembly.xml#SplitInvalidIDS"/>
  </visualProperties>
  <visualProperties x="676" y="373">
    <element href="assembly.xml#call-ProcessPayrollInput"/>
  </visualProperties>
  <visualProperties x="456" y="1682">
    <element href="assembly.xml#SplitOnFileRows"/>
  </visualProperties>
  <visualProperties x="1091" y="556">
    <element href="assembly.xml#RouterErrorHandler"/>
  </visualProperties>
  <visualProperties x="871" y="587">
    <element href="assembly.xml#SplitterFileContent"/>
  </visualProperties>
  <visualProperties x="662" y="587">
    <element href="assembly.xml#SplitFileErrorHandler"/>
  </visualProperties>
  <visualProperties x="1092" y="748">
    <element href="assembly.xml#callRouterError"/>
  </visualProperties>
  <visualProperties x="663" y="760">
    <element href="assembly.xml#callCriticalError"/>
  </visualProperties>
  <visualProperties x="191" y="426">
    <element href="assembly.xml#callCloseInputfileAgg"/>
  </visualProperties>
  <visualProperties x="1539" y="556">
    <element href="assembly.xml#InputfileAgg"/>
  </visualProperties>
  <visualProperties x="1539" y="724">
    <element href="assembly.xml#CloseInputFileAgg"/>
  </visualProperties>
  <visualProperties x="1753" y="561">
    <element href="assembly.xml#copyFileXmltoVariable"/>
  </visualProperties>
  <visualProperties x="400" y="642">
    <element href="assembly.xml#RetrieveInputDocuments"/>
  </visualProperties>
  <visualProperties x="400" y="587">
    <element href="assembly.xml#GetFile"/>
  </visualProperties>
  <visualProperties x="1361" y="556">
    <element href="assembly.xml#checkFileErrors"/>
  </visualProperties>
  <visualProperties x="1361" y="724">
    <element href="assembly.xml#callErrFile3Gen"/>
  </visualProperties>
  <visualProperties x="671" y="306">
    <element href="assembly.xml#call-401kLoanData"/>
  </visualProperties>
  <visualProperties x="37" y="920">
    <element href="assembly.xml#retrieve401kLoanData"/>
  </visualProperties>
  <visualProperties x="272" y="920">
    <element href="assembly.xml#initiate401kLoanData"/>
  </visualProperties>
  <visualProperties x="538" y="920">
    <element href="assembly.xml#catch401k_Err"/>
  </visualProperties>
  <visualProperties x="272" y="1081">
    <element href="assembly.xml#error-critic401kErr"/>
  </visualProperties>
  <visualProperties x="538" y="1081">
    <element href="assembly.xml#error-critic401kError"/>
  </visualProperties>
  <visualProperties x="695" y="920">
    <element href="assembly.xml#PagedGet0"/>
  </visualProperties>
  <visualProperties x="855" y="918">
    <element href="assembly.xml#Split401kResponse"/>
  </visualProperties>
  <visualProperties x="1087" y="920">
    <element href="assembly.xml#A401kDataMap"/>
  </visualProperties>
  <visualProperties x="1090" y="1074">
    <element href="assembly.xml#error-401kLoanMap"/>
  </visualProperties>
  <visualProperties x="745" y="2073">
    <element href="assembly.xml#singleDoubleCall"/>
  </visualProperties>
  <visualProperties x="932" y="2177">
    <element href="assembly.xml#call-Stop-Close"/>
  </visualProperties>
  <visualProperties x="40" y="2303">
    <element href="assembly.xml#call-LoopOnlyOnce"/>
  </visualProperties>
  <visualProperties x="933" y="2237">
    <element href="assembly.xml#call-Start-Change"/>
  </visualProperties>
  <visualProperties x="625" y="1750">
    <element href="assembly.xml#EvalChange"/>
  </visualProperties>
  <visualProperties x="860" y="1515">
    <element href="assembly.xml#Route"/>
  </visualProperties>
  <visualProperties x="1072" y="1630">
    <element href="assembly.xml#CallPreTax"/>
  </visualProperties>
  <visualProperties x="1079" y="1924">
    <element href="assembly.xml#CallRoth"/>
  </visualProperties>
  <visualProperties x="1075" y="1969">
    <element href="assembly.xml#CallRothCatchUp"/>
  </visualProperties>
  <visualProperties x="1073" y="1738">
    <element href="assembly.xml#CallCatchUp"/>
  </visualProperties>
  <visualProperties x="1073" y="2012">
    <element href="assembly.xml#CallNonQual"/>
  </visualProperties>
  <visualProperties x="1070" y="1666">
    <element href="assembly.xml#CallLoan1"/>
  </visualProperties>
  <visualProperties x="1075" y="1774">
    <element href="assembly.xml#CallLoan3"/>
  </visualProperties>
  <visualProperties x="1070" y="1702">
    <element href="assembly.xml#CallLoan2"/>
  </visualProperties>
  <visualProperties x="1075" y="1810">
    <element href="assembly.xml#CallLoan4"/>
  </visualProperties>
  <visualProperties x="1075" y="1852">
    <element href="assembly.xml#CallLoan5"/>
  </visualProperties>
  <visualProperties x="1075" y="1884">
    <element href="assembly.xml#CallLoan6"/>
  </visualProperties>
  <visualProperties x="66" y="2118">
    <element href="assembly.xml#Payroll-Input"/>
  </visualProperties>
  <visualProperties x="65" y="2692">
    <element href="assembly.xml#RetBen-Election"/>
  </visualProperties>
  <visualProperties x="526" y="3045">
    <element href="assembly.xml#ProcessOtherBen"/>
  </visualProperties>
  <visualProperties x="1001" y="2994">
    <element href="assembly.xml#AsyncMediation2"/>
  </visualProperties>
  <visualProperties x="970" y="3145">
    <element href="assembly.xml#SubmitBenefitEnrollment"/>
  </visualProperties>
  <visualProperties x="1275" y="3039">
    <element href="assembly.xml#Response"/>
  </visualProperties>
  <visualProperties x="1669" y="3156">
    <element href="assembly.xml#UpdateError"/>
  </visualProperties>
  <visualProperties x="624" y="3202">
    <element href="assembly.xml#call-Audit"/>
  </visualProperties>
  <visualProperties x="268" y="2576">
    <element href="assembly.xml#NonQualorOther"/>
  </visualProperties>
  <visualProperties x="713" y="2601">
    <element href="assembly.xml#ProcessNonQualProps"/>
  </visualProperties>
  <visualProperties x="1633" y="3085">
    <element href="assembly.xml#CallAuditLineFromBen"/>
  </visualProperties>
  <visualProperties x="785" y="2755">
    <element href="assembly.xml#call-DC4NQAudit"/>
  </visualProperties>
  <visualProperties x="1268" y="2652">
    <element href="assembly.xml#SubmitDCNQBenEnroll"/>
  </visualProperties>
  <visualProperties x="1052" y="2617">
    <element href="assembly.xml#DC4NQValidationMode"/>
  </visualProperties>
  <visualProperties x="1495" y="2601">
    <element href="assembly.xml#DCNQResponse"/>
  </visualProperties>
  <visualProperties x="1397" y="2819">
    <element href="assembly.xml#DC4NQPResp"/>
  </visualProperties>
  <visualProperties x="727" y="2973">
    <element href="assembly.xml#call-DC4NQPAudit"/>
  </visualProperties>
  <visualProperties x="934" y="2835">
    <element href="assembly.xml#DC4NQP-Validation"/>
  </visualProperties>
  <visualProperties x="731" y="2825">
    <element href="assembly.xml#ProcessDC4NQP"/>
  </visualProperties>
  <visualProperties x="1132" y="2864">
    <element href="assembly.xml#SubmitDC4NQPBenEnroll"/>
  </visualProperties>
  <visualProperties x="1709" y="2944">
    <element href="assembly.xml#Update4NQPError"/>
  </visualProperties>
  <visualProperties x="1663" y="2855">
    <element href="assembly.xml#CallAuditLineFrom4NQPBen"/>
  </visualProperties>
  <visualProperties x="487" y="2681">
    <element href="assembly.xml#RoutetoDC4NQ"/>
  </visualProperties>
  <visualProperties x="1754" y="2652">
    <element href="assembly.xml#CallAuditLineFrom4NQBen"/>
  </visualProperties>
  <visualProperties x="1794" y="2712">
    <element href="assembly.xml#Update4NQError"/>
  </visualProperties>
  <visualProperties x="624" y="1899">
    <element href="assembly.xml#InvalidSSNError"/>
  </visualProperties>
  <visualProperties x="1651" y="192">
    <element href="assembly.xml#SplitEventType"/>
  </visualProperties>
  <visualProperties x="1816" y="287">
    <element href="assembly.xml#BenPlanMap"/>
  </visualProperties>
  <decorations x="18" y="1154" width="1227" height="293" font="|10|1" bgColor="11075583" fgColor="1" type="NOTE" text="GET_WORKERS REQUEST"/>
  <decorations x="11" y="13" width="1003" height="145" font="Arial|11|1" bgColor="16777215" fgColor="1" type="NOTE" text="BMO INT0032 - Conduent 401k Elections Inbound&#xD;&#xA;&#xD;&#xA;This Inbound interface is designed to load employee elections that are made in Conduent system and passed to Workday for 401K, Age 50 Catch-up, Roth 401K, Roth Catchup and NQSP (409a) plans. The inbound file also contains 401K Loan Repayment amounts.&#xD;&#xA;&#xD;&#xA;All plans enrollment/changes received on the file should start from next pay period start date except the non-qual plan which will start from start of the next benefit year."/>
  <decorations x="1255" y="1147" width="824" height="307" font="|10|1" bgColor="11075583" fgColor="1" type="NOTE" text="CLEAN INVALID EMPLOYEE ID"/>
  <decorations x="19" y="1472" width="1607" height="1061" font="Arial|10|1" bgColor="11075583" fgColor="1" type="NOTE" text="PROCESS FILE INPUT WORKERS PAYROLL  - AND - CREATE AND AGGREGATE INPUTS - Write Payroll Input Data Segment for Import Payroll Input Web Service."/>
  <decorations x="10" y="167" width="1152" height="336" font="Arial|10|1" bgColor="11075583" fgColor="1" type="NOTE" text="MAIN INTERGRTION PROCESS FLOW"/>
  <decorations x="10" y="507" width="2081" height="317" font="|10|1" bgColor="11075583" fgColor="1" type="NOTE" text="FILE RETRIEVAL"/>
  <decorations x="28" y="3796" width="1134" height="296" font="Arial|11|1" bgColor="11075583" fgColor="1" type="NOTE" text="LOCAL ERROR HANDLER - capture any unexpected errors that ocurred"/>
  <decorations x="28" y="3302" width="1002" height="261" font="Arial|11|1" bgColor="11075583" fgColor="1" type="NOTE" text="AUDIT LINE - Prepare Audit Log"/>
  <decorations x="28" y="3574" width="878" height="206" font="Arial|11|1" bgColor="11075583" fgColor="1" type="NOTE" text="CRITICAL ERRORS HANDLER"/>
  <decorations x="1169" y="84" width="1365" height="417" font="Arial|10|1" bgColor="11075583" fgColor="1" type="NOTE" text="INITIALIZING INTEGRATION PARAMS"/>
  <decorations x="18" y="842" width="1348" height="294" font="Arial|11|1" bgColor="7602175" fgColor="1" fontColor="1" type="NOTE" text="GET 401[k] LOAN DETAILS FROM TENANT"/>
  <decorations x="26" y="2543" width="1941" height="740" font="Arial|10|1" bgColor="11075583" fgColor="1" type="NOTE" text="PROCESS FILE INPUT WORKERS ENROLLMENT IN RETIREMENT SAVING PLAN Write Benefit PLan Input Data Segment for Enroll in Retirement Saving Plan Web Service."/>
  <connections type="routesTo" sourceAnchorX="0.11705685618729098" sourceAnchorY="0.5666666666666667" targetAnchorX="0.2155688622754491" targetAnchorY="0.16216216216216217">
    <source href="assembly.xml#//@beans/@mixed.1/@mixed.151/@mixed.3"/>
    <target href="assembly.xml#error-initialization"/>
  </connections>
  <connections type="routesTo" sourceAnchorX="0.34502923976608185" sourceAnchorY="0.2972972972972973" targetAnchorX="0.12745098039215685" targetAnchorY="0.05511811023622047">
    <source href="assembly.xml#initializingParams"/>
    <target href="assembly.xml#setInitialProperties"/>
  </connections>
  <connections type="routesTo" sourceAnchorX="0.8838383838383839" sourceAnchorY="0.07874015748031496" targetAnchorX="0.03680981595092025" targetAnchorY="0.2972972972972973">
    <source href="assembly.xml#StoreInputDetails"/>
    <target href="assembly.xml#PutAuditLogXML"/>
  </connections>
  <connections type="routesTo" sourceAnchorX="0.9597701149425287" sourceAnchorY="0.1509433962264151" targetAnchorX="0.030303030303030304" targetAnchorY="0.13385826771653545">
    <source href="assembly.xml#AggAudit"/>
    <target href="assembly.xml#StoreInputDetails"/>
  </connections>
  <connections type="routesTo" sourceAnchorX="0.11518324607329843" sourceAnchorY="0.7" targetAnchorX="0.08849557522123894" targetAnchorY="0.4594594594594595">
    <source href="assembly.xml#//@beans/@mixed.1/@mixed.143/@mixed.3"/>
    <target href="assembly.xml#CallStoreInputDetailsError"/>
  </connections>
  <connections type="routesTo" sourceAnchorX="0.9669421487603306" sourceAnchorY="0.43243243243243246" targetAnchorX="0.13157894736842105" targetAnchorY="0.43243243243243246">
    <source href="assembly.xml#//@beans/@mixed.1/@mixed.141"/>
    <target href="assembly.xml#Note-Error"/>
  </connections>
  <connections type="routesTo" sourceAnchorX="0.8764705882352941" sourceAnchorY="0.625" targetAnchorX="0.40310077519379844" targetAnchorY="0.5135135135135135">
    <source href="assembly.xml#SetCriticalErrorFlag"/>
    <target href="assembly.xml#SendInitError"/>
  </connections>
  <connections type="routesTo" sourceAnchorX="0.8814814814814815" sourceAnchorY="0.5675675675675675" targetAnchorX="0.041176470588235294" targetAnchorY="0.6041666666666666">
    <source href="assembly.xml#CriticalError"/>
    <target href="assembly.xml#SetCriticalErrorFlag"/>
  </connections>
  <connections type="routesTo" sourceAnchorX="0.8888888888888888" sourceAnchorY="0.11023622047244094" targetAnchorX="0.022988505747126436" targetAnchorY="0.12264150943396226">
    <source href="assembly.xml#writeAuditRowStep"/>
    <target href="assembly.xml#AggAudit"/>
  </connections>
  <connections type="routesTo" sourceAnchorX="0.9310344827586207" sourceAnchorY="0.43243243243243246" targetAnchorX="0.0582010582010582" targetAnchorY="0.12598425196850394">
    <source href="assembly.xml#AuditLine"/>
    <target href="assembly.xml#writeAuditRowStep"/>
  </connections>
  <connections type="routesTo" sourceAnchorX="0.13186813186813187" sourceAnchorY="0.6666666666666666" targetAnchorX="0.10619469026548672" targetAnchorY="0.21621621621621623">
    <source href="assembly.xml#//@beans/@mixed.1/@mixed.135/@mixed.3"/>
    <target href="assembly.xml#CallWriteInputDetailsError"/>
  </connections>
  <connections type="routesTo" sourceAnchorX="0.6645569620253164" sourceAnchorY="0.4864864864864865" targetAnchorX="0.04219409282700422" targetAnchorY="0.12598425196850394">
    <source href="assembly.xml#UnexpectedErrorsHandler"/>
    <target href="assembly.xml#SaveUnexpectedErrorData"/>
  </connections>
  <connections type="routesResponseTo" sourceAnchorX="0.6666666666666666" sourceAnchorY="0.32432432432432434" targetAnchorX="0.0663265306122449" targetAnchorY="0.35135135135135137">
    <source href="assembly.xml#SendInitError"/>
    <target href="assembly.xml#AbortImportPayInputs"/>
  </connections>
  <connections type="routesTo" sourceAnchorX="0.5362318840579711" sourceAnchorY="0.5945945945945946" targetAnchorX="0.4540229885057471" targetAnchorY="0.08490566037735849">
    <source href="assembly.xml#CloseAggAudit"/>
    <target href="assembly.xml#AggAudit"/>
  </connections>
  <connections type="routesTo" sourceAnchorX="0.926829268292683" sourceAnchorY="0.12598425196850394" targetAnchorX="0.048484848484848485" targetAnchorY="0.4594594594594595">
    <source href="assembly.xml#StoreErrors"/>
    <target href="assembly.xml#StoreErrorsAudit"/>
  </connections>
  <connections type="routesTo" sourceAnchorX="0.9798657718120806" sourceAnchorY="0.14150943396226415" targetAnchorX="0.04878048780487805" targetAnchorY="0.11811023622047244">
    <source href="assembly.xml#AggregateErrors"/>
    <target href="assembly.xml#StoreErrors"/>
  </connections>
  <connections type="routesTo" sourceAnchorX="0.07758620689655173" sourceAnchorY="0.3333333333333333" targetAnchorX="0.06403940886699508" targetAnchorY="0.05405405405405406">
    <source href="assembly.xml#//@beans/@mixed.1/@mixed.125/@mixed.3"/>
    <target href="assembly.xml#CallCriticalStoreErrors"/>
  </connections>
  <connections type="routesTo" sourceAnchorX="0.06086956521739131" sourceAnchorY="0.7666666666666667" targetAnchorX="0.07308970099667775" targetAnchorY="0.24324324324324326">
    <source href="assembly.xml#//@beans/@mixed.1/@mixed.113/@mixed.3"/>
    <target href="assembly.xml#CallCritSaveUnexErrData"/>
  </connections>
  <connections type="routesTo" sourceAnchorX="0.32160804020100503" sourceAnchorY="0.02702702702702703" targetAnchorX="0.26174496644295303" targetAnchorY="0.9339622641509434">
    <source href="assembly.xml#CloseErrorAggregator"/>
    <target href="assembly.xml#AggregateErrors"/>
  </connections>
  <connections type="routesTo" sourceAnchorX="0.9240506329113924" sourceAnchorY="0.09448818897637795" targetAnchorX="0.040268456375838924" targetAnchorY="0.11320754716981132">
    <source href="assembly.xml#SaveUnexpectedErrorData"/>
    <target href="assembly.xml#AggregateErrors"/>
  </connections>
  <connections type="routesTo" sourceAnchorX="0.9041095890410958" sourceAnchorY="0.3048128342245989" targetAnchorX="0.050724637681159424" targetAnchorY="0.5833333333333334">
    <source href="assembly.xml#SetupForSubmitAmountCall"/>
    <target href="assembly.xml#ValidationMode"/>
  </connections>
  <connections type="routesTo" sourceAnchorX="0.9476584022038568" sourceAnchorY="0.12598425196850394" targetAnchorX="0.06521739130434782" targetAnchorY="0.07960199004975124">
    <source href="assembly.xml#ProcessingProps"/>
    <target href="assembly.xml#singleDoubleCall"/>
  </connections>
  <connections type="routesTo" sourceAnchorX="0.8679245283018868" targetAnchorX="0.030303030303030304" targetAnchorY="0.5833333333333334">
    <source href="assembly.xml#//@beans/@mixed.1/@mixed.99/@mixed.5"/>
    <target href="assembly.xml#UpdateFailure"/>
  </connections>
  <connections type="routesTo" sourceAnchorX="0.7463768115942029" sourceAnchorY="0.4166666666666667" targetAnchorX="0.0056179775280898875" targetAnchorY="0.4864864864864865">
    <source href="assembly.xml#ValidationMode"/>
    <target href="assembly.xml#SubmitPayrollInput"/>
  </connections>
  <connections type="routesResponseTo" sourceAnchorX="0.8169014084507042" sourceAnchorY="0.40540540540540543" targetAnchorX="0.014492753623188406" targetAnchorY="0.2755905511811024">
    <source href="assembly.xml#SubmitPayrollInput"/>
    <target href="assembly.xml#UpdateSucess"/>
  </connections>
  <connections type="routesTo" sourceAnchorX="0.5343511450381679" sourceAnchorY="0.8333333333333334" targetAnchorX="0.3212669683257919" targetAnchorY="0.05405405405405406">
    <source href="assembly.xml#//@beans/@mixed.1/@mixed.91/@mixed.3"/>
    <target href="assembly.xml#postErrortoIntegrationLog"/>
  </connections>
  <connections type="routesResponseTo" sourceAnchorX="0.9672131147540983" sourceAnchorY="0.43243243243243246" targetAnchorX="0.005813953488372093" targetAnchorY="0.10365853658536585">
    <source href="assembly.xml#PagedGet"/>
    <target href="assembly.xml#SplitWorkResponse"/>
  </connections>
  <connections type="routesTo" sourceAnchorX="0.9016393442622951" sourceAnchorY="0.14173228346456693" targetAnchorX="0.22950819672131148" targetAnchorY="0.4594594594594595">
    <source href="assembly.xml#Catch_Error"/>
    <target href="assembly.xml#PagedGet"/>
  </connections>
  <connections type="routesResponseTo" sourceAnchorX="0.946078431372549" sourceAnchorY="0.40540540540540543" targetAnchorX="0.28688524590163933" targetAnchorY="0.8108108108108109">
    <source href="assembly.xml#Call-CleanInvalidEEids"/>
    <target href="assembly.xml#PagedGet"/>
    <bendpoints sourceX="14" targetY="118"/>
  </connections>
  <connections type="routesTo" sourceAnchorX="0.20869565217391303" sourceAnchorY="0.9" targetAnchorX="0.14215686274509803" targetAnchorY="0.10810810810810811">
    <source href="assembly.xml#//@beans/@mixed.1/@mixed.67/@mixed.3"/>
    <target href="assembly.xml#Call-CleanInvalidEEids"/>
  </connections>
  <connections type="routesTo" sourceAnchorX="0.8512396694214877" sourceAnchorY="0.7058823529411765" targetAnchorX="0.1643835616438356" targetAnchorY="0.15625">
    <source href="assembly.xml#//@beans/@mixed.1/@splitter.2/@subRoute.0"/>
    <target href="assembly.xml#DeleteInvalidIDs"/>
  </connections>
  <connections type="routesTo" sourceAnchorX="0.9783783783783784" sourceAnchorY="0.43243243243243246" targetAnchorX="0.02880658436213992" targetAnchorY="0.0855614973262032">
    <source href="assembly.xml#removeInvalidEEids"/>
    <target href="assembly.xml#cleanGetWorkersCall"/>
  </connections>
  <connections type="routesTo" sourceAnchorX="0.12048192771084337" sourceAnchorY="0.9" targetAnchorX="0.10714285714285714" targetAnchorY="0.16216216216216217">
    <source href="assembly.xml#//@beans/@mixed.1/@mixed.43/@mixed.3"/>
    <target href="assembly.xml#error-WorkerMap"/>
  </connections>
  <connections type="routesTo" sourceAnchorX="0.9764705882352941" sourceAnchorY="0.4566929133858268" targetAnchorX="0.152317880794702" targetAnchorY="0.35365853658536583">
    <source href="assembly.xml#SplitterErrorHandler"/>
    <target href="assembly.xml#SplitOnFileRows"/>
  </connections>
  <connections type="routesTo" sourceAnchorX="0.9297297297297298" sourceAnchorY="0.5135135135135135" targetAnchorX="0.03529411764705882" targetAnchorY="0.15748031496062992">
    <source href="assembly.xml#ProcessInput"/>
    <target href="assembly.xml#SplitterErrorHandler"/>
  </connections>
  <connections type="routesTo" sourceAnchorX="0.12883435582822086" sourceAnchorY="0.7333333333333333" targetAnchorX="0.10572687224669604" targetAnchorY="0.16216216216216217">
    <source href="assembly.xml#//@beans/@mixed.1/@mixed.69/@mixed.3"/>
    <target href="assembly.xml#error-CriticalNoRowsError"/>
  </connections>
  <connections type="routesTo" sourceAnchorX="0.922077922077922" sourceAnchorY="0.44881889763779526" targetAnchorX="0.09836065573770492" targetAnchorY="0.44881889763779526">
    <source href="assembly.xml#initiateGetWorker"/>
    <target href="assembly.xml#Catch_Error"/>
  </connections>
  <connections type="routesTo" sourceAnchorX="0.4295774647887324" sourceAnchorY="0.9" targetAnchorX="0.3764705882352941" targetAnchorY="0.16216216216216217">
    <source href="assembly.xml#//@beans/@mixed.1/@mixed.49/@mixed.3"/>
    <target href="assembly.xml#call-RetriDocErro"/>
  </connections>
  <connections type="routesTo" sourceAnchorX="0.18877551020408162" sourceAnchorY="0.8666666666666667" targetAnchorX="0.15384615384615385" targetAnchorY="0.13513513513513514">
    <source href="assembly.xml#//@beans/@mixed.1/@mixed.33/@mixed.3"/>
    <target href="assembly.xml#error-criticalGetWorkersError"/>
  </connections>
  <connections type="routesTo" sourceAnchorX="0.9782608695652174" sourceAnchorY="0.5135135135135135" targetAnchorX="0.059113300492610835" targetAnchorY="0.14960629921259844">
    <source href="assembly.xml#retrieveWorkerData"/>
    <target href="assembly.xml#initiateGetWorker"/>
  </connections>
  <connections type="routesResponseTo" sourceAnchorX="0.0794392523364486" sourceAnchorY="0.8648648648648649" targetAnchorX="0.1005586592178771" targetAnchorY="0.21621621621621623">
    <source href="assembly.xml#call-ProcessPayrollInput"/>
    <target href="assembly.xml#call-CloseAggAudit"/>
  </connections>
  <connections type="routesTo" sourceAnchorX="0.07627118644067797" sourceAnchorY="0.7" targetAnchorX="0.09523809523809523" targetAnchorY="0.16216216216216217">
    <source href="assembly.xml#//@beans/@mixed.1/@mixed.37/@mixed.5"/>
    <target href="assembly.xml#error-CleanGetWorkers"/>
  </connections>
  <connections type="routesTo" sourceAnchorX="0.9798657718120806" sourceAnchorY="0.08661417322834646" targetAnchorX="0.6116504854368932" targetAnchorY="0.32432432432432434">
    <source href="assembly.xml#InitRetrieveDocs"/>
    <target href="assembly.xml#GetFile"/>
  </connections>
  <connections type="routesTo" sourceAnchorX="0.8939393939393939" sourceAnchorY="0.2702702702702703" targetAnchorX="0.053691275167785234" targetAnchorY="0.07874015748031496">
    <source href="assembly.xml#retrieveDoc"/>
    <target href="assembly.xml#InitRetrieveDocs"/>
  </connections>
  <connections type="routesTo" sourceAnchorX="1.0" sourceAnchorY="0.5882352941176471" targetAnchorX="0.08670520231213873" targetAnchorY="0.13385826771653545">
    <source href="assembly.xml#//@beans/@mixed.1/@splitter.3/@subRoute.0"/>
    <target href="assembly.xml#workerDataMap"/>
    <bendpoints sourceX="26" targetX="-35" targetY="66"/>
    <bendpoints sourceX="26" sourceY="-119" targetX="-47" targetY="-2"/>
  </connections>
  <connections type="routesResponseTo" sourceAnchorX="0.1165644171779141" sourceAnchorY="0.6486486486486487" targetAnchorX="0.08900523560209424" targetAnchorY="0.1891891891891892">
    <source href="assembly.xml#call-retrieval-File"/>
    <target href="assembly.xml#callCloseInputfileAgg"/>
  </connections>
  <connections type="routesTo" sourceAnchorX="0.9794238683127572" sourceAnchorY="0.0962566844919786" targetAnchorX="0.11194029850746269" targetAnchorY="0.10975609756097561">
    <source href="assembly.xml#cleanGetWorkersCall"/>
    <target href="assembly.xml#SplitInvalidIDS"/>
  </connections>
  <connections type="routesTo" sourceAnchorX="1.0" sourceAnchorY="0.29411764705882354" targetAnchorX="0.03550295857988166" targetAnchorY="0.07874015748031496">
    <source href="assembly.xml#//@beans/@mixed.1/@splitter.0/@subRoute.0"/>
    <target href="assembly.xml#RouterErrorHandler"/>
    <bendpoints sourceX="38" targetX="-28" targetY="116"/>
    <bendpoints sourceX="38" sourceY="-154" targetX="-46"/>
  </connections>
  <connections type="routesTo" sourceAnchorX="0.06878306878306878" sourceAnchorY="0.7" targetAnchorX="0.08974358974358974" targetAnchorY="0.05405405405405406">
    <source href="assembly.xml#//@beans/@mixed.1/@mixed.25/@mixed.3"/>
    <target href="assembly.xml#callRouterError"/>
  </connections>
  <connections type="routesTo" sourceAnchorX="1.0" sourceAnchorY="0.8235294117647058" targetAnchorX="0.07386363636363637" targetAnchorY="0.14173228346456693">
    <source href="assembly.xml#//@beans/@mixed.1/@route.0/@subRoute.0"/>
    <target href="assembly.xml#SplitFileErrorHandler"/>
    <bendpoints sourceX="36" targetX="-45" targetY="186"/>
    <bendpoints sourceX="33" sourceY="-190" targetX="-48" targetY="-4"/>
  </connections>
  <connections type="routesTo" sourceAnchorX="0.1301775147928994" sourceAnchorY="0.8333333333333334" targetAnchorX="0.14012738853503184" targetAnchorY="0.13513513513513514">
    <source href="assembly.xml#//@beans/@mixed.1/@mixed.21/@mixed.3"/>
    <target href="assembly.xml#callCriticalError"/>
  </connections>
  <connections type="routesTo" sourceAnchorX="0.0" sourceAnchorY="0.22641509433962265" targetAnchorX="0.42934782608695654" targetAnchorY="0.23958333333333334">
    <source href="assembly.xml#InputfileAgg"/>
    <target href="assembly.xml#copyFileXmltoVariable"/>
  </connections>
  <connections type="routesTo" sourceAnchorX="0.9793103448275862" sourceAnchorY="0.18110236220472442" targetAnchorX="0.022988505747126436" targetAnchorY="0.20754716981132076">
    <source href="assembly.xml#checkFileErrors"/>
    <target href="assembly.xml#InputfileAgg"/>
  </connections>
  <connections type="routesTo" sourceAnchorX="0.15517241379310345" sourceAnchorY="0.24324324324324326" targetAnchorX="0.14367816091954022" targetAnchorY="1.0">
    <source href="assembly.xml#CloseInputFileAgg"/>
    <target href="assembly.xml#InputfileAgg"/>
  </connections>
  <connections type="routesResponseTo" sourceAnchorX="0.21359223300970873" sourceAnchorY="0.5675675675675675" targetAnchorX="0.10837438423645321" targetAnchorY="0.054878048780487805">
    <source href="assembly.xml#GetFile"/>
    <target href="assembly.xml#RetrieveInputDocuments"/>
  </connections>
  <connections type="routesTo" sourceAnchorX="0.07246376811594203" sourceAnchorY="0.7333333333333333" targetAnchorX="0.07006369426751592" targetAnchorY="0.0">
    <source href="assembly.xml#//@beans/@mixed.1/@mixed.3/@mixed.3"/>
    <target href="assembly.xml#callErrFile3Gen"/>
  </connections>
  <connections type="routesTo">
    <source href="assembly.xml#INT0032"/>
    <target href="assembly.xml#call-initializingParams"/>
  </connections>
  <connections type="routesTo" sourceAnchorX="0.9346733668341709" sourceAnchorY="0.3783783783783784" targetAnchorX="0.03940886699507389" targetAnchorY="0.11023622047244094">
    <source href="assembly.xml#retrieve401kLoanData"/>
    <target href="assembly.xml#initiate401kLoanData"/>
  </connections>
  <connections type="routesTo" sourceAnchorX="0.9556650246305419" sourceAnchorY="0.12598425196850394" targetAnchorX="0.16153846153846155" targetAnchorY="0.12598425196850394">
    <source href="assembly.xml#initiate401kLoanData"/>
    <target href="assembly.xml#catch401k_Err"/>
  </connections>
  <connections type="routesTo" sourceAnchorX="0.1377551020408163" sourceAnchorY="0.1" targetAnchorX="0.17142857142857143" targetAnchorY="0.10810810810810811">
    <source href="assembly.xml#//@beans/@mixed.1/@mixed.161/@mixed.3"/>
    <target href="assembly.xml#error-critic401kErr"/>
  </connections>
  <connections type="routesTo" sourceAnchorX="0.23846153846153847" sourceAnchorY="1.0" targetAnchorX="0.1702127659574468" targetAnchorY="0.7567567567567568">
    <source href="assembly.xml#//@beans/@mixed.1/@mixed.163/@mixed.3"/>
    <target href="assembly.xml#error-critic401kError"/>
  </connections>
  <connections type="routesTo" sourceAnchorX="0.9635036496350365" sourceAnchorY="0.11811023622047244" targetAnchorX="0.7692307692307693" targetAnchorY="0.3783783783783784">
    <source href="assembly.xml#catch401k_Err"/>
    <target href="assembly.xml#PagedGet0"/>
  </connections>
  <connections type="routesResponseTo" sourceAnchorX="0.8923076923076924" sourceAnchorY="0.3783783783783784" targetAnchorX="0.05952380952380952" targetAnchorY="0.0975609756097561">
    <source href="assembly.xml#PagedGet0"/>
    <target href="assembly.xml#Split401kResponse"/>
  </connections>
  <connections type="routesTo" sourceAnchorX="0.09482758620689655" sourceAnchorY="0.5666666666666667" targetAnchorX="0.09836065573770492" targetAnchorY="0.08108108108108109">
    <source href="assembly.xml#//@beans/@mixed.1/@mixed.173/@mixed.3"/>
    <target href="assembly.xml#error-401kLoanMap"/>
  </connections>
  <connections type="routesTo" sourceAnchorX="0.0" sourceAnchorY="0.7352941176470589" targetAnchorX="0.2217573221757322" targetAnchorY="0.2283464566929134">
    <source href="assembly.xml#//@beans/@mixed.1/@splitter.4/@subRoute.0"/>
    <target href="assembly.xml#A401kDataMap"/>
    <bendpoints sourceX="182" sourceY="-2" targetX="-100" targetY="140"/>
    <bendpoints sourceX="182" sourceY="-92" targetX="-100" targetY="-1"/>
  </connections>
  <connections type="routesTo" sourceAnchorX="0.3670886075949367" sourceAnchorY="1.0" targetAnchorX="0.004901960784313725" targetAnchorY="0.5675675675675675">
    <source href="assembly.xml#//@beans/@mixed.1/@route.1/@subRoute.0"/>
    <target href="assembly.xml#call-Stop-Close"/>
  </connections>
  <connections type="routesTo" sourceAnchorX="0.9505494505494505" sourceAnchorY="0.4864864864864865" targetAnchorX="0.017937219730941704" targetAnchorY="0.10160427807486631">
    <source href="assembly.xml#call-LoopOnlyOnce"/>
    <target href="assembly.xml#SetupForSubmitAmountCall"/>
  </connections>
  <connections type="routesTo" sourceAnchorX="1.0" sourceAnchorY="0.6176470588235294" targetAnchorX="0.025510204081632654" targetAnchorY="0.2702702702702703">
    <source href="assembly.xml#//@beans/@mixed.1/@route.1/@subRoute.1"/>
    <target href="assembly.xml#call-Start-Change"/>
  </connections>
  <connections type="routesTo" sourceAnchorX="0.38636363636363635" sourceAnchorY="0.052083333333333336" targetAnchorX="0.475177304964539" targetAnchorY="0.40540540540540543">
    <source href="assembly.xml#UpdateFailure"/>
    <target href="assembly.xml#CallAuditLine"/>
    <bendpoints sourceX="6" sourceY="104" targetX="-593" targetY="169"/>
    <bendpoints sourceX="598" sourceY="98" targetX="-1" targetY="163"/>
  </connections>
  <connections type="routesResponseTo" sourceAnchorX="0.17560975609756097" sourceAnchorY="1.0" targetAnchorX="0.2147239263803681" targetAnchorY="0.7297297297297297">
    <source href="assembly.xml#validationModeEnabled"/>
    <target href="assembly.xml#call-retrieval-File"/>
  </connections>
  <connections type="routesTo" sourceAnchorX="1.0" sourceAnchorY="0.5590551181102362" targetAnchorX="0.006211180124223602" targetAnchorY="0.35858585858585856">
    <source href="assembly.xml#SplitFileErrorHandler"/>
    <target href="assembly.xml#SplitterFileContent"/>
  </connections>
  <connections type="routesResponseTo" sourceAnchorX="0.9790575916230366" sourceAnchorY="0.4594594594594595" targetAnchorX="0.0" targetAnchorY="0.4015748031496063">
    <source href="assembly.xml#callCloseInputfileAgg"/>
    <target href="assembly.xml#ValidateInputFile"/>
    <bendpoints sourceX="43" sourceY="-1" targetX="-35" targetY="173"/>
    <bendpoints sourceX="37" sourceY="-186" targetX="-37" targetY="1"/>
  </connections>
  <connections type="routesTo" sourceAnchorX="1.0" sourceAnchorY="0.29133858267716534" targetAnchorX="0.018957345971563982" targetAnchorY="0.24324324324324326">
    <source href="assembly.xml#ValidateInputFile"/>
    <target href="assembly.xml#call-retrieveWorkerData"/>
  </connections>
  <connections type="routesResponseTo" sourceAnchorX="0.38764044943820225" sourceAnchorY="1.0" targetAnchorX="0.308411214953271" targetAnchorY="0.10810810810810811">
    <source href="assembly.xml#call-401kLoanData"/>
    <target href="assembly.xml#call-ProcessPayrollInput"/>
  </connections>
  <connections type="routesTo">
    <source href="assembly.xml#//@beans/@mixed.1/@mixed.55/@mixed.3"/>
    <target href="assembly.xml#call-AuditLine"/>
  </connections>
  <connections type="routesTo">
    <source href="assembly.xml#//@beans/@mixed.1/@splitter.1/@subRoute.0"/>
    <target href="assembly.xml#EvalChange"/>
  </connections>
  <connections type="routesTo">
    <source href="assembly.xml#EvalChange"/>
    <target href="assembly.xml#Route"/>
  </connections>
  <connections type="routesTo">
    <source href="assembly.xml#//@beans/@mixed.1/@route.2/@subRoute.0"/>
    <target href="assembly.xml#CallPreTax"/>
  </connections>
  <connections type="routesTo">
    <source href="assembly.xml#//@beans/@mixed.1/@route.2/@subRoute.8"/>
    <target href="assembly.xml#CallRoth"/>
  </connections>
  <connections type="routesTo">
    <source href="assembly.xml#//@beans/@mixed.1/@route.2/@subRoute.3"/>
    <target href="assembly.xml#CallCatchUp"/>
  </connections>
  <connections type="routesTo">
    <source href="assembly.xml#//@beans/@mixed.1/@route.2/@subRoute.9"/>
    <target href="assembly.xml#CallRothCatchUp"/>
  </connections>
  <connections type="routesTo">
    <source href="assembly.xml#//@beans/@mixed.1/@route.2/@subRoute.10"/>
    <target href="assembly.xml#CallNonQual"/>
  </connections>
  <connections type="routesTo">
    <source href="assembly.xml#//@beans/@mixed.1/@route.2/@subRoute.1"/>
    <target href="assembly.xml#CallLoan1"/>
  </connections>
  <connections type="routesTo">
    <source href="assembly.xml#//@beans/@mixed.1/@route.2/@subRoute.2"/>
    <target href="assembly.xml#CallLoan2"/>
  </connections>
  <connections type="routesTo">
    <source href="assembly.xml#//@beans/@mixed.1/@route.2/@subRoute.4"/>
    <target href="assembly.xml#CallLoan3"/>
  </connections>
  <connections type="routesTo">
    <source href="assembly.xml#//@beans/@mixed.1/@route.2/@subRoute.5"/>
    <target href="assembly.xml#CallLoan4"/>
  </connections>
  <connections type="routesTo">
    <source href="assembly.xml#//@beans/@mixed.1/@route.2/@subRoute.6"/>
    <target href="assembly.xml#CallLoan5"/>
  </connections>
  <connections type="routesTo">
    <source href="assembly.xml#//@beans/@mixed.1/@route.2/@subRoute.7"/>
    <target href="assembly.xml#CallLoan6"/>
  </connections>
  <connections type="routesTo">
    <source href="assembly.xml#Payroll-Input"/>
    <target href="assembly.xml#ProcessingProps"/>
  </connections>
  <connections type="routesTo">
    <source href="assembly.xml#ProcessOtherBen"/>
    <target href="assembly.xml#AsyncMediation2"/>
  </connections>
  <connections type="routesTo">
    <source href="assembly.xml#AsyncMediation2"/>
    <target href="assembly.xml#SubmitBenefitEnrollment"/>
  </connections>
  <connections type="routesResponseTo">
    <source href="assembly.xml#SubmitBenefitEnrollment"/>
    <target href="assembly.xml#Response"/>
  </connections>
  <connections type="routesTo">
    <source href="assembly.xml#//@beans/@mixed.1/@mixed.221/@mixed.3"/>
    <target href="assembly.xml#UpdateError"/>
    <bendpoints sourceX="-1" sourceY="59" targetX="-308" targetY="-1"/>
  </connections>
  <connections type="routesTo">
    <source href="assembly.xml#RetBen-Election"/>
    <target href="assembly.xml#NonQualorOther"/>
  </connections>
  <connections type="routesTo">
    <source href="assembly.xml#Response"/>
    <target href="assembly.xml#CallAuditLineFromBen"/>
  </connections>
  <connections type="routesTo">
    <source href="assembly.xml#UpdateError"/>
    <target href="assembly.xml#CallAuditLineFromBen"/>
  </connections>
  <connections type="routesTo">
    <source href="assembly.xml#//@beans/@mixed.1/@mixed.215/@mixed.3"/>
    <target href="assembly.xml#call-Audit"/>
  </connections>
  <connections type="routesTo">
    <source href="assembly.xml#//@beans/@mixed.1/@mixed.229/@mixed.3"/>
    <target href="assembly.xml#call-DC4NQAudit"/>
  </connections>
  <connections type="routesTo">
    <source href="assembly.xml#RouterErrorHandler"/>
    <target href="assembly.xml#checkFileErrors"/>
  </connections>
  <connections type="routesTo">
    <source href="assembly.xml#UpdateSucess"/>
    <target href="assembly.xml#CallAuditLine"/>
  </connections>
  <connections type="routesTo">
    <source href="assembly.xml#//@beans/@mixed.1/@route.3/@subRoute.1"/>
    <target href="assembly.xml#ProcessOtherBen"/>
    <bendpoints sourceX="111" targetX="-197" targetY="-62"/>
    <bendpoints sourceX="110" sourceY="283" targetX="-232" targetY="-5"/>
  </connections>
  <connections type="routesResponseTo">
    <source href="assembly.xml#call-retrieveWorkerData"/>
    <target href="assembly.xml#call-401kLoanData"/>
  </connections>
  <connections type="routesResponseTo">
    <source href="assembly.xml#call-CloseAggAudit"/>
    <target href="assembly.xml#Call-CloseErrorAggregator"/>
  </connections>
  <connections type="routesTo">
    <source href="assembly.xml#//@beans/@mixed.1/@mixed.147/@mixed.3"/>
    <target href="assembly.xml#callCriticalEmptyFileError"/>
  </connections>
  <connections type="routesTo">
    <source href="assembly.xml#DC4NQValidationMode"/>
    <target href="assembly.xml#SubmitDCNQBenEnroll"/>
  </connections>
  <connections type="routesTo">
    <source href="assembly.xml#ProcessNonQualProps"/>
    <target href="assembly.xml#DC4NQValidationMode"/>
  </connections>
  <connections type="routesResponseTo">
    <source href="assembly.xml#SubmitDCNQBenEnroll"/>
    <target href="assembly.xml#DCNQResponse"/>
  </connections>
  <connections type="routesResponseTo">
    <source href="assembly.xml#SubmitDC4NQPBenEnroll"/>
    <target href="assembly.xml#DC4NQPResp"/>
  </connections>
  <connections type="routesTo">
    <source href="assembly.xml#//@beans/@mixed.1/@mixed.243/@mixed.3"/>
    <target href="assembly.xml#call-DC4NQPAudit"/>
  </connections>
  <connections type="routesTo">
    <source href="assembly.xml#DC4NQP-Validation"/>
    <target href="assembly.xml#SubmitDC4NQPBenEnroll"/>
  </connections>
  <connections type="routesTo">
    <source href="assembly.xml#ProcessDC4NQP"/>
    <target href="assembly.xml#DC4NQP-Validation"/>
  </connections>
  <connections type="routesTo">
    <source href="assembly.xml#Update4NQPError"/>
    <target href="assembly.xml#CallAuditLineFrom4NQPBen"/>
  </connections>
  <connections type="routesTo">
    <source href="assembly.xml#//@beans/@mixed.1/@mixed.249/@mixed.3"/>
    <target href="assembly.xml#Update4NQPError"/>
    <bendpoints sourceY="68" targetX="-269" targetY="1"/>
  </connections>
  <connections type="routesTo">
    <source href="assembly.xml#DC4NQPResp"/>
    <target href="assembly.xml#CallAuditLineFrom4NQPBen"/>
  </connections>
  <connections type="routesTo">
    <source href="assembly.xml#//@beans/@mixed.1/@route.3/@subRoute.0"/>
    <target href="assembly.xml#RoutetoDC4NQ"/>
  </connections>
  <connections type="routesTo">
    <source href="assembly.xml#//@beans/@mixed.1/@route.4/@subRoute.0"/>
    <target href="assembly.xml#ProcessNonQualProps"/>
    <bendpoints sourceX="107" sourceY="-3" targetX="-163" targetY="146"/>
    <bendpoints sourceX="102" sourceY="-158" targetX="-209" targetY="-3"/>
  </connections>
  <connections type="routesTo">
    <source href="assembly.xml#//@beans/@mixed.1/@route.4/@subRoute.1"/>
    <target href="assembly.xml#ProcessDC4NQP"/>
  </connections>
  <connections type="routesTo">
    <source href="assembly.xml#Update4NQError"/>
    <target href="assembly.xml#CallAuditLineFrom4NQBen"/>
  </connections>
  <connections type="routesTo">
    <source href="assembly.xml#DCNQResponse"/>
    <target href="assembly.xml#CallAuditLineFrom4NQBen"/>
  </connections>
  <connections type="routesTo">
    <source href="assembly.xml#//@beans/@mixed.1/@mixed.239/@mixed.3"/>
    <target href="assembly.xml#Update4NQError"/>
    <bendpoints sourceX="-2" sourceY="55" targetX="-258" targetY="2"/>
  </connections>
  <connections type="routesTo">
    <source href="assembly.xml#//@beans/@mixed.1/@mixed.185/@mixed.3"/>
    <target href="assembly.xml#InvalidSSNError"/>
  </connections>
  <connections type="routesTo">
    <source href="assembly.xml#//@beans/@mixed.1/@splitter.5/@subRoute.0"/>
    <target href="assembly.xml#BenPlanMap"/>
  </connections>
  <connections type="routesResponseTo">
    <source href="assembly.xml#call-initializingParams"/>
    <target href="assembly.xml#validationModeEnabled"/>
  </connections>
  <connections type="routesTo">
    <source href="assembly.xml#setInitialProperties"/>
    <target href="assembly.xml#SplitEventType"/>
  </connections>
</wdnm:Diagram>
