<?xml version="1.0" encoding="UTF-8"?>
<wdnm:Diagram xmlns:wdnm="http://workday.com/studio/editors/notation">
  <element href="assembly.xml#WorkdayAssembly"/>
  <visualProperties x="224" y="130">
    <element href="assembly.xml#StartHere"/>
  </visualProperties>
  <visualProperties x="366" y="92">
    <element href="assembly.xml#SetProperties"/>
  </visualProperties>
  <visualProperties x="559" y="131">
    <element href="assembly.xml#CallRetrieveFile"/>
  </visualProperties>
  <visualProperties x="763" y="134">
    <element href="assembly.xml#CallProcessFile"/>
  </visualProperties>
  <visualProperties x="975" y="136">
    <element href="assembly.xml#CallCreateLogs"/>
  </visualProperties>
  <visualProperties x="780" y="387">
    <element href="assembly.xml#IntegrationComplete"/>
  </visualProperties>
  <visualProperties x="339" y="378">
    <element href="assembly.xml#RetrieveFile"/>
  </visualProperties>
  <visualProperties x="495" y="394">
    <element href="assembly.xml#CheckFile"/>
  </visualProperties>
  <visualProperties x="640" y="487">
    <element href="assembly.xml#PrepFile"/>
  </visualProperties>
  <visualProperties x="767" y="146">
    <element href="assembly.xml#MessageNoFile"/>
  </visualProperties>
  <visualProperties x="338" y="581">
    <element href="assembly.xml#ProcessFile"/>
  </visualProperties>
  <visualProperties x="418" y="913">
    <element href="assembly.xml#CreateAndSubmitTrainingWS"/>
  </visualProperties>
  <visualProperties x="749" y="1432">
    <element href="assembly.xml#//@beans/@mixed.1/@mixed.39"/>
  </visualProperties>
  <visualProperties x="959" y="1432">
    <element href="assembly.xml#MessageGlobalError"/>
  </visualProperties>
  <visualProperties x="1211" y="1432">
    <element href="assembly.xml#PutIntegrationEventGlobal"/>
  </visualProperties>
  <visualProperties x="743" y="1216">
    <element href="assembly.xml#CreateRunLogs"/>
  </visualProperties>
  <visualProperties x="940" y="1189">
    <element href="assembly.xml#WriteAndStoreErrors"/>
  </visualProperties>
  <visualProperties x="1158" y="1189">
    <element href="assembly.xml#WriteAndStoreWSLogs"/>
  </visualProperties>
  <visualProperties x="734" y="1039">
    <element href="assembly.xml#ProcessErrors"/>
  </visualProperties>
  <visualProperties x="940" y="1011">
    <element href="assembly.xml#AddErrorToMap"/>
  </visualProperties>
  <visualProperties x="445" y="603">
    <element href="assembly.xml#CatchSplitErrors"/>
  </visualProperties>
  <visualProperties x="604" y="595">
    <element href="assembly.xml#Splitter"/>
  </visualProperties>
  <visualProperties x="646" y="762">
    <element href="assembly.xml#MessageSplitterError"/>
  </visualProperties>
  <visualProperties x="788" y="706">
    <element href="assembly.xml#ProcessRecord"/>
  </visualProperties>
  <visualProperties x="550" y="943">
    <element href="assembly.xml#PrepManageTrainingReq"/>
  </visualProperties>
  <visualProperties x="947" y="634">
    <element href="assembly.xml#CallPrepAndSendWSReq"/>
  </visualProperties>
  <visualProperties x="1116" y="840">
    <element href="assembly.xml#ErrorProcessRecord"/>
  </visualProperties>
  <visualProperties x="760" y="977">
    <element href="assembly.xml#ValidateOnlyMode"/>
  </visualProperties>
  <visualProperties x="932" y="988">
    <element href="assembly.xml#ManageTrainingRequest"/>
  </visualProperties>
  <connections type="routesTo" targetAnchorX="0.2459016393442623" targetAnchorY="0.10526315789473684">
    <source href="assembly.xml#StartHere"/>
    <target href="assembly.xml#SetProperties"/>
  </connections>
  <connections type="routesTo" sourceAnchorX="0.7213114754098361" sourceAnchorY="0.09868421052631579">
    <source href="assembly.xml#SetProperties"/>
    <target href="assembly.xml#CallRetrieveFile"/>
  </connections>
  <connections type="routesResponseTo">
    <source href="assembly.xml#CallProcessFile"/>
    <target href="assembly.xml#CallCreateLogs"/>
  </connections>
  <connections type="routesResponseTo">
    <source href="assembly.xml#CallCreateLogs"/>
    <target href="assembly.xml#IntegrationComplete"/>
  </connections>
  <connections type="routesTo" sourceAnchorX="1.0" sourceAnchorY="0.3783783783783784" targetAnchorX="0.30612244897959184" targetAnchorY="0.112">
    <source href="assembly.xml#RetrieveFile"/>
    <target href="assembly.xml#CheckFile"/>
  </connections>
  <connections type="routesTo" sourceAnchorX="0.8144329896907216" sourceAnchorY="0.11702127659574468" targetAnchorX="0.23863636363636365" targetAnchorY="0.17391304347826086">
    <source href="assembly.xml#CheckFile"/>
    <target href="assembly.xml#PrepFile"/>
  </connections>
  <connections type="routesTo">
    <source href="assembly.xml#//@beans/@mixed.1/@mixed.39"/>
    <target href="assembly.xml#MessageGlobalError"/>
  </connections>
  <connections type="routesResponseTo">
    <source href="assembly.xml#MessageGlobalError"/>
    <target href="assembly.xml#PutIntegrationEventGlobal"/>
  </connections>
  <connections type="routesTo">
    <source href="assembly.xml#CreateRunLogs"/>
    <target href="assembly.xml#WriteAndStoreErrors"/>
  </connections>
  <connections type="routesTo">
    <source href="assembly.xml#WriteAndStoreErrors"/>
    <target href="assembly.xml#WriteAndStoreWSLogs"/>
  </connections>
  <connections type="routesTo" targetAnchorX="0.31746031746031744" targetAnchorY="0.1702127659574468">
    <source href="assembly.xml#ProcessErrors"/>
    <target href="assembly.xml#AddErrorToMap"/>
  </connections>
  <connections type="routesResponseTo">
    <source href="assembly.xml#CallRetrieveFile"/>
    <target href="assembly.xml#MessageNoFile"/>
  </connections>
  <connections type="routesResponseTo">
    <source href="assembly.xml#MessageNoFile"/>
    <target href="assembly.xml#CallProcessFile"/>
  </connections>
  <connections type="routesTo" targetAnchorX="0.21621621621621623" targetAnchorY="0.64">
    <source href="assembly.xml#ProcessFile"/>
    <target href="assembly.xml#CatchSplitErrors"/>
  </connections>
  <connections type="routesTo" sourceAnchorX="0.784" sourceAnchorY="0.29411764705882354" targetAnchorX="0.046875" targetAnchorY="0.416">
    <source href="assembly.xml#//@beans/@mixed.1/@splitter.0/@subRoute.0"/>
    <target href="assembly.xml#ProcessRecord"/>
  </connections>
  <connections type="routesTo" targetAnchorX="0.11666666666666667" targetAnchorY="0.11702127659574468">
    <source href="assembly.xml#CreateAndSubmitTrainingWS"/>
    <target href="assembly.xml#PrepManageTrainingReq"/>
  </connections>
  <connections type="routesTo" targetAnchorX="0.43352601156069365" targetAnchorY="0.21621621621621623">
    <source href="assembly.xml#//@beans/@mixed.1/@mixed.41/@mixed.3"/>
    <target href="assembly.xml#MessageSplitterError"/>
  </connections>
  <connections type="routesTo" sourceAnchorX="0.8716216216216216" sourceAnchorY="0.472" targetAnchorX="0.2753623188405797" targetAnchorY="0.33766233766233766">
    <source href="assembly.xml#CatchSplitErrors"/>
    <target href="assembly.xml#Splitter"/>
  </connections>
  <connections type="routesTo" targetAnchorY="0.5135135135135135">
    <source href="assembly.xml#//@beans/@mixed.1/@mixed.47/@mixed.3"/>
    <target href="assembly.xml#ErrorProcessRecord"/>
  </connections>
  <connections type="routesTo" sourceAnchorX="0.484375" sourceAnchorY="0.36" targetAnchorX="0.005076142131979695" targetAnchorY="0.4864864864864865">
    <source href="assembly.xml#ProcessRecord"/>
    <target href="assembly.xml#CallPrepAndSendWSReq"/>
  </connections>
  <connections type="routesTo" sourceAnchorX="0.8111111111111111" sourceAnchorY="0.19148936170212766" targetAnchorX="0.2733812949640288" targetAnchorY="0.11702127659574468">
    <source href="assembly.xml#PrepManageTrainingReq"/>
    <target href="assembly.xml#ValidateOnlyMode"/>
  </connections>
  <connections type="routesTo" sourceAnchorX="0.8201438848920863" sourceAnchorY="0.19148936170212766">
    <source href="assembly.xml#ValidateOnlyMode"/>
    <target href="assembly.xml#ManageTrainingRequest"/>
  </connections>
  <swimlanes x="297" y="62" name="Main Process">
    <elements href="assembly.xml#StartHere"/>
    <elements href="assembly.xml#SetProperties"/>
    <elements href="assembly.xml#CallRetrieveFile"/>
    <elements href="assembly.xml#MessageNoFile"/>
    <elements href="assembly.xml#CallProcessFile"/>
    <elements href="assembly.xml#CallCreateLogs"/>
    <elements href="assembly.xml#IntegrationComplete"/>
  </swimlanes>
  <swimlanes x="297" y="341" name="File Retrieval">
    <elements href="assembly.xml#RetrieveFile"/>
    <elements href="assembly.xml#CheckFile"/>
    <elements href="assembly.xml#PrepFile"/>
  </swimlanes>
  <swimlanes x="297" y="489" name="Process File" alignment="MIDDLE">
    <elements href="assembly.xml#ProcessFile"/>
    <elements href="#//@swimlanes.7"/>
    <elements href="assembly.xml#Splitter"/>
    <elements href="#//@swimlanes.8"/>
    <elements href="assembly.xml#CallPrepAndSendWSReq"/>
  </swimlanes>
  <swimlanes x="310" y="885" name="Submit Manage Training Request">
    <elements href="assembly.xml#CreateAndSubmitTrainingWS"/>
    <elements href="assembly.xml#PrepManageTrainingReq"/>
    <elements href="assembly.xml#ValidateOnlyMode"/>
    <elements href="assembly.xml#ManageTrainingRequest"/>
  </swimlanes>
  <swimlanes x="307" y="1297" name="Create and Store Log Files">
    <elements href="assembly.xml#CreateRunLogs"/>
    <elements href="assembly.xml#WriteAndStoreErrors"/>
    <elements href="assembly.xml#WriteAndStoreWSLogs"/>
  </swimlanes>
  <swimlanes x="307" y="1119" name="Log Local Errors">
    <elements href="assembly.xml#ProcessErrors"/>
    <elements href="assembly.xml#AddErrorToMap"/>
  </swimlanes>
  <swimlanes x="307" y="1609" name="Global Error Handler">
    <elements href="assembly.xml#//@beans/@mixed.1/@mixed.39"/>
    <elements href="assembly.xml#MessageGlobalError"/>
    <elements href="assembly.xml#PutIntegrationEventGlobal"/>
  </swimlanes>
  <swimlanes x="528" y="728" name="Catches Splitter Errors" orientation="VERTICAL">
    <elements href="assembly.xml#CatchSplitErrors"/>
    <elements href="assembly.xml#MessageSplitterError"/>
  </swimlanes>
  <swimlanes x="1011" y="600" name="Processes individual training records" orientation="VERTICAL" alignment="MIDDLE">
    <elements href="assembly.xml#ProcessRecord"/>
    <elements href="assembly.xml#ErrorProcessRecord"/>
  </swimlanes>
</wdnm:Diagram>
