<?xml version="1.0" encoding="UTF-8"?>
<beans
     xmlns="http://www.springframework.org/schema/beans"
     xmlns:beans="http://www.springframework.org/schema/beans"
     xmlns:atom="http://www.w3.org/2005/Atom"
     xmlns:cc="http://www.capeclear.com/assembly/10"
     xmlns:cloud="urn:com.workday/esb/cloud/10.0"
     xmlns:env="http://schemas.xmlsoap.org/soap/envelope/"
     xmlns:pi="urn:com.workday/picof"
     xmlns:tns="urn:workday.com/integrations/cornerstonelms/certificationsandcoures"
     xmlns:wd="urn:com.workday/bsvc"
     xmlns:xsi="http://www.w3.org/2001/XMLSchema-instance">
 
	<cc:assembly id="WorkdayAssembly" version="2017.35">
        <cc:workday-in id="StartHere" routes-to="SetProperties">
            <cc:integration-system name="INT8915 CSOD Training Inbound">
        <cloud:attribute-map-service name="INT8915-CSOD-Training-Inbound-Attributes">
          <cloud:attribute name="Validation Mode">
            <cloud:type>
              <cloud:simple-type>boolean</cloud:simple-type>
            </cloud:type>
          </cloud:attribute>
          <cloud:attribute name="Document Retention">
            <cloud:type>
              <cloud:simple-type>number</cloud:simple-type>
            </cloud:type>
          </cloud:attribute>
          <cloud:map name="Training Type Map">
            <cloud:internal-type>
              <cloud:class-report-field description="Training Type" type="WID">2164b4785855436d808d597aff30aa16</cloud:class-report-field>
            </cloud:internal-type>
            <cloud:external-type>
              <cloud:simple-type>text</cloud:simple-type>
            </cloud:external-type>
          </cloud:map>
        </cloud:attribute-map-service>
        <cloud:retrieval-service name="INT8915-CSOD-Training-Inbound-Retrieval"/>
      </cc:integration-system>
        </cc:workday-in>
        <cc:sync-mediation id="SetProperties" routes-to="CallRetrieveFile">
            <cc:request-steps>
                <cc:eval id="Eval">
                    <cc:expression>props['integration.name'] = intsys.getName()</cc:expression>
                    <cc:expression>retention = intsys.getAttribute('Document Retention') ; props['ia.document.retention.policy'] = (retention == empty) ? '0' : retention</cc:expression>
                    <cc:expression>props['force.batch'] = false</cc:expression>
                    <cc:expression>props['p.num.records'] = 0; props['p.num.success'] = 0; props['p.num.errors'] = 0; </cc:expression>
                    <cc:expression>props['p.errors'] = new java.util.HashMap()</cc:expression>
                    <cc:expression>props['ws.version'] = &quot;v29.0&quot;</cc:expression>
                    <cc:expression>props['validation.mode'] = intsys.getAttribute('Validation Mode')</cc:expression>
                </cc:eval>
            </cc:request-steps>
            <cc:response-steps>
                <cc:write id="Empty">
                    <cc:message>
                        <cc:text></cc:text>
                    </cc:message>
                </cc:write>
            </cc:response-steps>
        </cc:sync-mediation>
        <cc:local-out id="CallRetrieveFile" store-message="none" routes-response-to="MessageNoFile" endpoint="vm://INT8915-CSOD-Training-Inbound/RetrieveFile"/>
        <cc:local-out id="CallProcessFile" store-message="none" execute-when="props['file.exists']" routes-response-to="CallCreateLogs" endpoint="vm://INT8915-CSOD-Training-Inbound/ProcessFile"/>
        <cc:local-out id="CallCreateLogs" store-message="none" execute-when="false" routes-response-to="IntegrationComplete" endpoint="vm://INT8915-CSOD-Training-Inbound/CreateRunLogs"/>
        <cc:local-out id="IntegrationComplete" endpoint="vm://wcc/PutIntegrationEvent">
            <cc:set name="is.event.completed" value="&quot;current&quot;"/>
        </cc:local-out>
        <cc:local-in id="RetrieveFile" routes-to="CheckFile"/>
	<cc:async-mediation id="CheckFile" routes-to="PrepFile"><cc:steps>
                <cc:eval id="Eval">
                    <cc:expression>props['file.exists'] = da.size() > 0</cc:expression>
                    <cc:expression>if (props['file.exists']) {da.toVar(0, &quot;wd.retrieve.variable&quot;)}</cc:expression>
                </cc:eval>
            </cc:steps>
        </cc:async-mediation>
        <cc:async-mediation id="PrepFile" execute-steps-when="props['file.exists']">
            <cc:steps>
                <cc:unzip id="Unzip" output-mimetype="text/xml" input="variable" input-variable="wd.retrieve.variable" format="zip"/>
            </cc:steps>
        </cc:async-mediation>
        <cc:local-out id="MessageNoFile" execute-when="props['file.exists'] != true" routes-response-to="CallProcessFile" endpoint="vm://wcc/PutIntegrationMessage"><cc:set name="is.message.severity" value="'INFO'"/><cc:set name="is.message.summary" value="&quot;No file matching the specified pattern found at the endpoint. No records processed.&quot;"/><cc:set name="is.message.storage.enabled" value="false"/></cc:local-out>
        <cc:local-in id="ProcessFile" routes-to="CatchSplitErrors"/>
        <cc:local-in id="CreateAndSubmitTrainingWS" routes-to="PrepManageTrainingReq"/>
        <cc:async-mediation id="AddErrorToMap">
            <cc:steps>
                <cc:eval id="Eval"><cc:expression>props['p.num.errors'] = props['p.num.errors'] + 1</cc:expression><cc:expression>props['p.errors'].put(props['p.num.errors'], props['error.id'] + &quot; &quot; + context.getErrorMessage())</cc:expression></cc:eval>
            </cc:steps>
        </cc:async-mediation>
        <cc:local-in id="ProcessErrors" routes-to="AddErrorToMap"/>
        <cc:async-mediation id="WriteAndStoreWSLogs" execute-steps-when="false">
            <cc:steps>
                <cc:write id="WriteReqLog" output="variable" output-variable="ws.req.log">
                    <cc:message>
                        <cc:text>&lt;WebServiceRequests>@foreach{props['ou.req.list'] as id}&#xD;
	@{id}@end{}&#xD;
&lt;/WebServiceRequests></cc:text>
                    </cc:message>
                </cc:write>
                <cc:store id="StoreReq" output="variable" output-mimetype="text/xml" output-variable="ws.req.file" input="variable" input-variable="ws.req.log" createDocumentReference="true" expiresIn="P@{props['ia.document.retention.policy']}D" summary="Web service request log file is attached" title="WSReqAuditLog.xml"/>
                <cc:write id="WriteRespLog" output="variable" output-variable="ws.resp.log">
                    <cc:message>
                        <cc:text>&lt;WebServiceRequests>@foreach{props['ou.resp.list'] as id}&#xD;
	@{id}@end{}&#xD;
&lt;/WebServiceRequests></cc:text>
                    </cc:message>
                </cc:write>
                <cc:store id="StoreResp" output="variable" output-mimetype="text/xml" output-variable="ws.resp.file" input="variable" input-variable="ws.resp.log" createDocumentReference="true" expiresIn="P@{props['ia.document.retention.policy']}D" summary="Web service response log file is attached" title="WSRespAuditLog.xml"/>
            </cc:steps>
        </cc:async-mediation>
        <cc:async-mediation id="WriteAndStoreErrors" routes-to="WriteAndStoreWSLogs" execute-steps-when="props['p.num.errors'] > 0">
            <cc:steps>
                <cc:eval id="Eval"><cc:expression>props['p.errors_keys'] = props['p.errors'].keySet()</cc:expression></cc:eval>
                <cc:write id="Write" output="variable" output-mimetype="text/plain" output-variable="v.log">
                    <cc:message>
                        <cc:text>Error Log&#xD;
-----&#xD;
@foreach{props['p.errors_keys'] as id} @{props['p.errors'].get(id)} &#xD;
@end{}&#xD;
-----&#xD;
</cc:text>
                    </cc:message>
                </cc:write>
                <cc:store id="Store" output="variable" output-variable="error.file" input="variable" input-variable="v.log" createDocumentReference="true" expiresIn="P@{props['ia.document.retention.policy']}D" summary="Error file is attached." title="ErrorLog.txt"/>
            </cc:steps>
        </cc:async-mediation>
        <cc:local-in id="CreateRunLogs" routes-to="WriteAndStoreErrors"/>
        <cc:local-out id="PutIntegrationEventGlobal" endpoint="vm://wcc/PutIntegrationEvent">
            <cc:set name="is.event.completed" value="&quot;current&quot;"/>
        </cc:local-out>
        <cc:local-out id="MessageGlobalError" routes-response-to="PutIntegrationEventGlobal" endpoint="vm://wcc/PutIntegrationMessage">
            <cc:set name="is.message.severity" value="'CRITICAL'"/>
            <cc:set name="is.message.summary" value="'Critical Error Please See Details!'"/>
            <cc:set name="is.message.detail" value="context.getErrorMessage()"/>
        </cc:local-out>
        <cc:send-error id="SendGlobalError" routes-to="MessageGlobalError"/>
        <cc:async-mediation id="CatchSplitErrors" routes-to="Splitter" handle-downstream-errors="true">
            <cc:steps>
                <cc:eval id="Eval">
                    <cc:expression>props['includes.training'] = parts[0].xstreamB(&quot;/tns:TrainingRecords/tns:TrainingRecord&quot;)</cc:expression>
                </cc:eval>
                <cc:validate-exp id="ValidateExp">
                    <cc:expression failure-message="File is not in the expected format. Please review file contents and resolve. ">props['includes.training']</cc:expression>
                </cc:validate-exp>
            </cc:steps>
            <cc:send-error id="SendError" routes-to="MessageSplitterError"/>
        </cc:async-mediation>
        <cc:splitter id="Splitter">
            <cc:sub-route name="ProcessRecord" routes-to="ProcessRecord"/>
            <cc:xml-stream-splitter xpath="/tns:TrainingRecords/tns:TrainingRecord"/>
        </cc:splitter>
        <cc:local-out id="MessageSplitterError" endpoint="vm://wcc/PutIntegrationMessage"><cc:set name="is.message.severity" value="'INFO'"/><cc:set name="is.message.summary"/><cc:set name="is.message.storage.enabled" value="false"/></cc:local-out>
        <cc:async-mediation id="ProcessRecord" routes-to="CallPrepAndSendWSReq" handle-downstream-errors="true">
            <cc:steps>
                <cc:eval id="Eval">
                    <cc:expression>props['user.id'] = parts[0].xstream(&quot;/tns:TrainingRecord/tns:CommonData/tns:UserID&quot;)</cc:expression>
                    <cc:expression>props['worker.type'] = parts[0].xstream(&quot;/tns:TrainingRecord/tns:CommonData/tns:WorkerType&quot;)</cc:expression>
                    <cc:expression>props['is.employee'] = props['worker.type'] == &quot;Employee&quot;</cc:expression>
                    <cc:expression>props['csod.loid'] = parts[0].xstream(&quot;/tns:TrainingRecord/tns:CommonData/tns:LOID&quot;)</cc:expression>
                    <cc:expression>props['wd.training.id'] = props['user.id'] + &quot;:&quot; + props['csod.loid']</cc:expression>
                    <cc:expression>props['item.title'] = parts[0].xstream(&quot;/tns:TrainingRecord/tns:CommonData/tns:ItemTitle&quot;)</cc:expression>
                    <cc:expression>props['item.descr'] = parts[0].xstream(&quot;/tns:TrainingRecord/tns:CommonData/tns:ItemDescription&quot;)</cc:expression>
                    <cc:expression>props['completion.status'] = parts[0].xstream(&quot;/tns:TrainingRecord/tns:CommonData/tns:CompletionStatus&quot;)</cc:expression>
                    <cc:expression>props['completion.date'] = parts[0].xstream(&quot;/tns:TrainingRecord/tns:CommonData/tns:CompletionDate&quot;)</cc:expression>
                    <cc:expression>props['course.duration'] = parts[0].xstream(&quot;/tns:TrainingRecord/tns:CommonData/tns:CourseDuration&quot;)</cc:expression>
                    <cc:expression>props['credit.hours'] = parts[0].xstream(&quot;/tns:TrainingRecord/tns:CommonData/tns:CreditHours&quot;)</cc:expression>
                    <cc:expression>props['training.mode'] = parts[0].xstream(&quot;/tns:TrainingRecord/tns:TrainingMode&quot;) </cc:expression>
                    <cc:expression>props['training.type'] = intsys.integrationMapReverseLookup('Training Type Map',props['training.mode']).get(0).getReferenceData('Training_Type_ID')</cc:expression>
                </cc:eval>
            </cc:steps>
            <cc:send-error id="SendError" routes-to="ErrorProcessRecord"/>
        </cc:async-mediation>
        <cc:async-mediation id="PrepManageTrainingReq" routes-to="ValidateOnlyMode">
            <cc:steps>
                <cc:write id="Write">
                    <cc:message>
                        <cc:text>&lt;?xml version=&quot;1.0&quot; encoding=&quot;UTF-8&quot;?>&#xD;
&lt;env:Envelope&#xD;
    xmlns:env=&quot;http://schemas.xmlsoap.org/soap/envelope/&quot;&#xD;
    xmlns:xsd=&quot;http://www.w3.org/2001/XMLSchema&quot;>&#xD;
    &lt;env:Body>&#xD;
        &lt;wd:Manage_Training_Request xmlns:wd=&quot;urn:com.workday/bsvc&quot; wd:version=&quot;@{props['ws.version']}&quot;>&#xD;
            &lt;wd:Business_Process_Parameters>&#xD;
                &lt;wd:Auto_Complete>true&lt;/wd:Auto_Complete>&#xD;
                &lt;wd:Run_Now>true&lt;/wd:Run_Now>&#xD;
            &lt;/wd:Business_Process_Parameters>&#xD;
            &lt;wd:Manage_Training_Data>&#xD;
                &lt;wd:Worker_Reference>&#xD;
                	@if{props['is.employee']}&lt;wd:ID wd:type=&quot;Employee_ID&quot;>@{props['user.id']}&lt;/wd:ID>&#xD;
                	@else{}&lt;wd:ID wd:type=&quot;Contingent_Worker_ID&quot;>@{props['user.id']}&lt;/wd:ID>&#xD;
                	@end{}&#xD;
                &lt;/wd:Worker_Reference>&#xD;
                &lt;wd:Source_Reference>&#xD;
                    &lt;wd:ID wd:type=&quot;Skill_Source_Category_ID&quot;>LMS&lt;/wd:ID>&#xD;
                &lt;/wd:Source_Reference>&#xD;
                &lt;wd:Training>&#xD;
                    &lt;wd:Training_Data>&#xD;
                        &lt;wd:Training_ID>@{props['wd.training.id']}&lt;/wd:Training_ID>&#xD;
                        &lt;wd:Training>@{props['item.title']}&lt;/wd:Training>&#xD;
                        &lt;wd:Description>@{props['item.descr']}&lt;/wd:Description>&#xD;
                        &lt;wd:Training_Type_Reference>&#xD;
                            &lt;wd:ID wd:type=&quot;Training_Type_ID&quot;>@{props['training.type']}&lt;/wd:ID>&#xD;
                        &lt;/wd:Training_Type_Reference>&#xD;
                        &lt;wd:Completion_Date>@{props['completion.date']}&lt;/wd:Completion_Date>&#xD;
                        &lt;wd:Training_Duration>@{props['course.duration']}&lt;/wd:Training_Duration>&#xD;
                    &lt;/wd:Training_Data>&#xD;
                &lt;/wd:Training>&#xD;
            &lt;/wd:Manage_Training_Data>&#xD;
        &lt;/wd:Manage_Training_Request>&#xD;
    &lt;/env:Body>&#xD;
&lt;/env:Envelope></cc:text>
                    </cc:message>
                </cc:write>
            </cc:steps>
        </cc:async-mediation>
        <cc:local-out id="CallPrepAndSendWSReq" store-message="none" endpoint="vm://INT8915-CSOD-Training-Inbound/CreateAndSubmitTrainingWS"/>
        <cc:local-out id="ErrorProcessRecord" store-message="none" endpoint="vm://INT8915-CSOD-Training-Inbound/ProcessErrors"><cc:set name="ErrorID" value="props['error.id'] = props['wd.training.id']"/></cc:local-out>
        <cc:async-mediation id="ValidateOnlyMode" routes-to="ManageTrainingRequest" execute-steps-when="props['validation.mode'] == &quot;1&quot;">
            <cc:steps>
                <cc:set-headers id="SetHeaders"><cc:remove-headers/><cc:add-headers>
    <cc:add-header name="X-Validate-Only" value="1"/>
</cc:add-headers></cc:set-headers>
            </cc:steps>
        </cc:async-mediation>
        <cc:workday-out-soap id="ManageTrainingRequest" application="Talent" version="props['ws.version']"/>
    </cc:assembly>

</beans>