<?xml version="1.0" encoding="UTF-8"?>
<wdnm:Diagram xmlns:wdnm="http://workday.com/studio/editors/notation">
  <element href="assembly.xml#WorkdayAssembly"/>
  <visualProperties x="74" y="20">
    <element href="assembly.xml#WorkdayIn"/>
  </visualProperties>
  <visualProperties x="248" y="-8">
    <element href="assembly.xml#GetProperties"/>
  </visualProperties>
  <visualProperties x="637" y="20">
    <element href="assembly.xml#Call-GetActiveEmployees"/>
  </visualProperties>
  <visualProperties x="65" y="792">
    <element href="assembly.xml#GetActiveEmployees"/>
  </visualProperties>
  <visualProperties x="288" y="748">
    <element href="assembly.xml#BuildGetActiveEmployees"/>
  </visualProperties>
  <visualProperties x="263" y="889">
    <element href="assembly.xml#GetActiveWorkersErrorMessage"/>
  </visualProperties>
  <visualProperties x="66" y="1399">
    <element href="assembly.xml#ProcessWorkers"/>
  </visualProperties>
  <visualProperties x="508" y="792">
    <element href="assembly.xml#Call-ProcessActiveEmployees"/>
  </visualProperties>
  <visualProperties x="278" y="1341">
    <element href="assembly.xml#SplitByWorker"/>
  </visualProperties>
  <visualProperties x="658" y="1403">
    <element href="assembly.xml#ExtractFields"/>
  </visualProperties>
  <visualProperties x="894" y="1489">
    <element href="assembly.xml#ExtractFieldsErrorMessage"/>
  </visualProperties>
  <visualProperties x="321" y="1009">
    <element href="assembly.xml#BuildGetTerminatedEmployees"/>
  </visualProperties>
  <visualProperties x="303" y="1167">
    <element href="assembly.xml#GetTerminatedEmployeesErrorMsg"/>
  </visualProperties>
  <visualProperties x="566" y="1062">
    <element href="assembly.xml#Call-ProcessTerminatedEmployees"/>
  </visualProperties>
  <visualProperties x="874" y="20">
    <element href="assembly.xml#Call-GetTerminatedEmployees"/>
  </visualProperties>
  <visualProperties x="74" y="1053">
    <element href="assembly.xml#GetTerminatedEmployees"/>
  </visualProperties>
  <visualProperties x="293" y="1712">
    <element href="assembly.xml#Aggregator"/>
  </visualProperties>
  <visualProperties x="484" y="1702">
    <element href="assembly.xml#CombineRowsWithHeaderTrailer"/>
  </visualProperties>
  <visualProperties x="893" y="1782">
    <element href="assembly.xml#CombineRowsWithHeaderErrorMsg"/>
  </visualProperties>
  <visualProperties x="915" y="1427">
    <element href="assembly.xml#Call-AggregateRows"/>
  </visualProperties>
  <visualProperties x="69" y="1746">
    <element href="assembly.xml#AggregateRows"/>
  </visualProperties>
  <visualProperties x="249" y="1916">
    <element href="assembly.xml#SetForceBatch"/>
  </visualProperties>
  <visualProperties x="667" y="1900">
    <element href="assembly.xml#DeliverOutputFile"/>
  </visualProperties>
  <visualProperties x="869" y="1937">
    <element href="assembly.xml#OutputFileMessage"/>
  </visualProperties>
  <visualProperties x="869" y="1988">
    <element href="assembly.xml#OutputFileErrorMessage"/>
  </visualProperties>
  <visualProperties x="73" y="1947">
    <element href="assembly.xml#OutputFile"/>
  </visualProperties>
  <visualProperties x="424" y="1947">
    <element href="assembly.xml#Call-CloseAggregator"/>
  </visualProperties>
  <visualProperties x="1132" y="20">
    <element href="assembly.xml#Call-OutputFile"/>
  </visualProperties>
  <visualProperties x="126" y="2163">
    <element href="assembly.xml#//@beans/@mixed.1/@mixed.59"/>
  </visualProperties>
  <visualProperties x="424" y="2169">
    <element href="assembly.xml#CallPutIntegrationMessageGlobal"/>
  </visualProperties>
  <visualProperties x="445" y="20">
    <element href="assembly.xml#Call-GetFile"/>
  </visualProperties>
  <visualProperties x="83" y="288">
    <element href="assembly.xml#GetFile"/>
  </visualProperties>
  <visualProperties x="1138" y="227">
    <element href="assembly.xml#CatchSftpOutError"/>
  </visualProperties>
  <visualProperties x="1336" y="253">
    <element href="assembly.xml#SftpOut-RetrieveFile"/>
  </visualProperties>
  <visualProperties x="461" y="232">
    <element href="assembly.xml#CsvToXml"/>
  </visualProperties>
  <visualProperties x="744" y="253">
    <element href="assembly.xml#Call-ProcessFile"/>
  </visualProperties>
  <visualProperties x="79" y="569">
    <element href="assembly.xml#ProcessFile"/>
  </visualProperties>
  <visualProperties x="1135" y="418">
    <element href="assembly.xml#AsyncMediation1"/>
  </visualProperties>
  <visualProperties x="1336" y="313">
    <element href="assembly.xml#SftpErrorMessage"/>
  </visualProperties>
  <visualProperties x="744" y="313">
    <element href="assembly.xml#CsvToXmlErrorMessage"/>
  </visualProperties>
  <visualProperties x="283" y="511">
    <element href="assembly.xml#Splitter"/>
  </visualProperties>
  <visualProperties x="481" y="569">
    <element href="assembly.xml#LoadHoursToHashmap"/>
  </visualProperties>
  <visualProperties x="265" y="173">
    <element href="assembly.xml#IsThereADoc"/>
  </visualProperties>
  <visualProperties x="465" y="388">
    <element href="assembly.xml#NoDocumentToRetrieve"/>
  </visualProperties>
  <visualProperties x="1285" y="418">
    <element href="assembly.xml#GetProperties0"/>
  </visualProperties>
  <visualProperties x="446" y="1419">
    <element href="assembly.xml#ValidateEEPayGroup"/>
  </visualProperties>
  <decorations x="32" y="-43" width="1274" height="187" fgColor="1" type="NOTE" text="Main"/>
  <decorations x="35" y="712" width="695" height="220" bgColor="10342143" fgColor="1" type="NOTE" text="Call Get_Workers to get all active employees using a paging"/>
  <decorations x="32" y="945" width="794" height="271" bgColor="15000777" fgColor="1" type="NOTE" text="Call Get_Workers to get terminated employees who were terminated since the last time the integration ran"/>
  <decorations x="29" y="1232" width="1154" height="405" bgColor="15456255" fgColor="1" type="NOTE" text="Split by worker and extract fields"/>
  <decorations x="32" y="1653" width="1147" height="197" bgColor="14869189" fgColor="1" type="NOTE" text="Aggregate rows and combine them with header and trailer"/>
  <decorations x="32" y="1861" width="1136" height="227" bgColor="12177407" fgColor="1" type="NOTE" text="Deliver output file"/>
  <decorations x="32" y="2115" width="717" height="122" font="Segoe UI|9|0" bgColor="6974207" fgColor="1" type="NOTE" text="Global Error Handler"/>
  <decorations x="32" y="160" width="1053" height="285" bgColor="13031935" fgColor="1" type="NOTE" text="Retrieve history file"/>
  <decorations x="35" y="457" width="655" height="238" bgColor="14542793" fgColor="1" type="NOTE" text="Create hashmap with hours using employee id as key"/>
  <decorations x="1144" y="382" width="240" height="63" type="TEXT" text="To be used if retrieval endpoint changes"/>
  <connections type="routesTo">
    <source href="assembly.xml#WorkdayIn"/>
    <target href="assembly.xml#GetProperties"/>
  </connections>
  <connections type="routesTo">
    <source href="assembly.xml#//@beans/@mixed.1/@mixed.11/@mixed.3"/>
    <target href="assembly.xml#GetActiveWorkersErrorMessage"/>
  </connections>
  <connections type="routesTo">
    <source href="assembly.xml#GetActiveEmployees"/>
    <target href="assembly.xml#BuildGetActiveEmployees"/>
  </connections>
  <connections type="routesTo">
    <source href="assembly.xml#//@beans/@mixed.1/@mixed.19/@mixed.3"/>
    <target href="assembly.xml#ExtractFieldsErrorMessage"/>
  </connections>
  <connections type="routesTo">
    <source href="assembly.xml#//@beans/@mixed.1/@mixed.25/@mixed.3"/>
    <target href="assembly.xml#GetTerminatedEmployeesErrorMsg"/>
  </connections>
  <connections type="routesResponseTo">
    <source href="assembly.xml#Call-GetActiveEmployees"/>
    <target href="assembly.xml#Call-GetTerminatedEmployees"/>
  </connections>
  <connections type="routesTo">
    <source href="assembly.xml#ProcessWorkers"/>
    <target href="assembly.xml#SplitByWorker"/>
  </connections>
  <connections type="routesTo">
    <source href="assembly.xml#GetTerminatedEmployees"/>
    <target href="assembly.xml#BuildGetTerminatedEmployees"/>
  </connections>
  <connections type="routesTo">
    <source href="assembly.xml#Aggregator"/>
    <target href="assembly.xml#CombineRowsWithHeaderTrailer"/>
  </connections>
  <connections type="routesTo">
    <source href="assembly.xml#//@beans/@mixed.1/@mixed.35/@mixed.3"/>
    <target href="assembly.xml#CombineRowsWithHeaderErrorMsg"/>
  </connections>
  <connections type="routesTo" sourceAnchorX="0.9912023460410557" sourceAnchorY="0.328">
    <source href="assembly.xml#ExtractFields"/>
    <target href="assembly.xml#Call-AggregateRows"/>
  </connections>
  <connections type="routesTo">
    <source href="assembly.xml#AggregateRows"/>
    <target href="assembly.xml#Aggregator"/>
  </connections>
  <connections type="routesTo">
    <source href="assembly.xml#DeliverOutputFile"/>
    <target href="assembly.xml#OutputFileMessage"/>
  </connections>
  <connections type="routesTo">
    <source href="assembly.xml#//@beans/@mixed.1/@mixed.47/@mixed.3"/>
    <target href="assembly.xml#OutputFileErrorMessage"/>
  </connections>
  <connections type="routesResponseTo">
    <source href="assembly.xml#Call-GetTerminatedEmployees"/>
    <target href="assembly.xml#Call-OutputFile"/>
  </connections>
  <connections type="routesTo">
    <source href="assembly.xml#OutputFile"/>
    <target href="assembly.xml#SetForceBatch"/>
  </connections>
  <connections type="routesTo">
    <source href="assembly.xml#SetForceBatch"/>
    <target href="assembly.xml#Call-CloseAggregator"/>
  </connections>
  <connections type="routesResponseTo">
    <source href="assembly.xml#Call-CloseAggregator"/>
    <target href="assembly.xml#DeliverOutputFile"/>
  </connections>
  <connections type="routesTo">
    <source href="assembly.xml#//@beans/@mixed.1/@mixed.59"/>
    <target href="assembly.xml#CallPutIntegrationMessageGlobal"/>
  </connections>
  <connections type="routesTo" sourceAnchorX="0.9693877551020408" sourceAnchorY="0.352">
    <source href="assembly.xml#CatchSftpOutError"/>
    <target href="assembly.xml#SftpOut-RetrieveFile"/>
  </connections>
  <connections type="routesTo">
    <source href="assembly.xml#GetProperties"/>
    <target href="assembly.xml#Call-GetFile"/>
  </connections>
  <connections type="routesTo">
    <source href="assembly.xml#//@beans/@mixed.1/@mixed.65/@mixed.3"/>
    <target href="assembly.xml#SftpErrorMessage"/>
  </connections>
  <connections type="routesTo">
    <source href="assembly.xml#//@beans/@mixed.1/@mixed.69/@mixed.3"/>
    <target href="assembly.xml#CsvToXmlErrorMessage"/>
  </connections>
  <connections type="routesTo" sourceAnchorX="0.9821428571428571" sourceAnchorY="0.296">
    <source href="assembly.xml#CsvToXml"/>
    <target href="assembly.xml#Call-ProcessFile"/>
  </connections>
  <connections type="routesTo">
    <source href="assembly.xml#ProcessFile"/>
    <target href="assembly.xml#Splitter"/>
  </connections>
  <connections type="routesTo" sourceAnchorX="0.925531914893617" sourceAnchorY="0.0" targetAnchorX="0.0" targetAnchorY="0.574468085106383">
    <source href="assembly.xml#//@beans/@mixed.1/@splitter.1/@subRoute.0"/>
    <target href="assembly.xml#LoadHoursToHashmap"/>
  </connections>
  <connections type="routesResponseTo">
    <source href="assembly.xml#Call-GetFile"/>
    <target href="assembly.xml#Call-GetActiveEmployees"/>
  </connections>
  <connections type="routesTo">
    <source href="assembly.xml#//@beans/@mixed.1/@route.0/@subRoute.1"/>
    <target href="assembly.xml#NoDocumentToRetrieve"/>
  </connections>
  <connections type="routesTo">
    <source href="assembly.xml#GetFile"/>
    <target href="assembly.xml#IsThereADoc"/>
  </connections>
  <connections type="routesTo">
    <source href="assembly.xml#//@beans/@mixed.1/@route.0/@subRoute.0"/>
    <target href="assembly.xml#CsvToXml"/>
  </connections>
  <connections type="routesTo">
    <source href="assembly.xml#BuildGetActiveEmployees"/>
    <target href="assembly.xml#Call-ProcessActiveEmployees"/>
  </connections>
  <connections type="routesTo">
    <source href="assembly.xml#BuildGetTerminatedEmployees"/>
    <target href="assembly.xml#Call-ProcessTerminatedEmployees"/>
  </connections>
  <connections type="routesTo">
    <source href="assembly.xml#//@beans/@mixed.1/@splitter.0/@subRoute.0"/>
    <target href="assembly.xml#ValidateEEPayGroup"/>
  </connections>
  <connections type="routesTo">
    <source href="assembly.xml#ValidateEEPayGroup"/>
    <target href="assembly.xml#ExtractFields"/>
  </connections>
</wdnm:Diagram>
