<?xml version="1.0" encoding="UTF-8"?>
<wdnm:Diagram xmlns:wdnm="http://workday.com/studio/editors/notation">
  <element href="assembly.xml#WorkdayAssembly"/>
  <visualProperties x="211" y="181">
    <element href="assembly.xml#LaunchParamters"/>
  </visualProperties>
  <visualProperties x="419" y="210">
    <element href="assembly.xml#Call_SubRoutine_INT398"/>
  </visualProperties>
  <visualProperties x="34" y="217">
    <element href="assembly.xml#StartHere"/>
  </visualProperties>
  <visualProperties x="691" y="210">
    <element href="assembly.xml#Call_SubRoutine_Aggregator_1"/>
  </visualProperties>
  <visualProperties x="998" y="210">
    <element href="assembly.xml#CallSubRoutine_INT586"/>
  </visualProperties>
  <visualProperties x="1252" y="210">
    <element href="assembly.xml#Call_SubRoutine_Aggregator_2"/>
  </visualProperties>
  <visualProperties>
    <element href="assembly.xml#INT398"/>
  </visualProperties>
  <visualProperties>
    <element href="assembly.xml#WorkdayOutRest_INT398"/>
  </visualProperties>
  <visualProperties>
    <element href="assembly.xml#GetAttributes_INT398"/>
  </visualProperties>
  <visualProperties>
    <element href="assembly.xml#GetEventDocuments_INT398"/>
  </visualProperties>
  <visualProperties>
    <element href="assembly.xml#CopyFileData_INT398"/>
  </visualProperties>
  <visualProperties>
    <element href="assembly.xml#INT586"/>
  </visualProperties>
  <visualProperties>
    <element href="assembly.xml#WorkdayOutRest_INT586"/>
  </visualProperties>
  <visualProperties>
    <element href="assembly.xml#GetAttributes_INT586"/>
  </visualProperties>
  <visualProperties>
    <element href="assembly.xml#GetEventDocuments_INT586"/>
  </visualProperties>
  <visualProperties>
    <element href="assembly.xml#CopyFileData_INT586"/>
  </visualProperties>
  <visualProperties>
    <element href="assembly.xml#AggregateAndProcess"/>
  </visualProperties>
  <visualProperties>
    <element href="assembly.xml#Aggregator"/>
  </visualProperties>
  <visualProperties>
    <element href="assembly.xml#MergeData_File1_File2"/>
  </visualProperties>
  <visualProperties x="710" y="1000">
    <element href="assembly.xml#Aggregation_Error"/>
  </visualProperties>
  <visualProperties x="1561" y="210">
    <element href="assembly.xml#OutputFile_Delivery"/>
  </visualProperties>
  <visualProperties>
    <element href="assembly.xml#//@beans/@mixed.1/@mixed.45"/>
  </visualProperties>
  <visualProperties>
    <element href="assembly.xml#GlobalErrorMessage"/>
  </visualProperties>
  <visualProperties x="1245" y="674">
    <element href="assembly.xml#Check_WID_and_Status_INT586"/>
  </visualProperties>
  <visualProperties>
    <element href="assembly.xml#Check_WID_and_Status_INT398"/>
  </visualProperties>
  <visualProperties x="1304" y="850">
    <element href="assembly.xml#Message_Info"/>
  </visualProperties>
  <decorations x="34" y="21" width="811" height="94" font="Arial Narrow|9|1" bgColor="15921906" fgColor="1" fontColor="1" text="Integration Name: INT398_INT586_HR3_Worker_Address_Merge_SI_Outbound&#xD;&#xA;Integration purpose: Integration will read the output files of INT398 and INT586 then merge and generate single consolidated output file &#xD;&#xA;Developer: Ravi Kumar(212593571)" pinned="true"/>
  <connections type="routesTo">
    <source href="assembly.xml#StartHere"/>
    <target href="assembly.xml#LaunchParamters"/>
  </connections>
  <connections type="routesTo">
    <source href="assembly.xml#LaunchParamters"/>
    <target href="assembly.xml#Call_SubRoutine_INT398"/>
  </connections>
  <connections type="routesResponseTo">
    <source href="assembly.xml#Call_SubRoutine_INT398"/>
    <target href="assembly.xml#Call_SubRoutine_Aggregator_1"/>
  </connections>
  <connections type="routesResponseTo">
    <source href="assembly.xml#Call_SubRoutine_Aggregator_1"/>
    <target href="assembly.xml#CallSubRoutine_INT586"/>
  </connections>
  <connections type="routesResponseTo">
    <source href="assembly.xml#CallSubRoutine_INT586"/>
    <target href="assembly.xml#Call_SubRoutine_Aggregator_2"/>
  </connections>
  <connections type="routesTo" sourceAnchorX="0.8014705882352942" sourceAnchorY="1.0" targetAnchorX="0.06550218340611354" targetAnchorY="0.6486486486486487">
    <source href="assembly.xml#INT398"/>
    <target href="assembly.xml#WorkdayOutRest_INT398"/>
  </connections>
  <connections type="routesResponseTo" sourceAnchorX="0.868995633187773" sourceAnchorY="1.0" targetAnchorX="0.05853658536585366" targetAnchorY="0.25">
    <source href="assembly.xml#WorkdayOutRest_INT398"/>
    <target href="assembly.xml#GetAttributes_INT398"/>
  </connections>
  <connections type="routesResponseTo" sourceAnchorX="0.8505154639175257" sourceAnchorY="1.0" targetAnchorX="0.017341040462427744" targetAnchorY="0.5416666666666666">
    <source href="assembly.xml#GetEventDocuments_INT398"/>
    <target href="assembly.xml#CopyFileData_INT398"/>
  </connections>
  <connections type="routesTo" sourceAnchorX="0.9652173913043478" sourceAnchorY="1.0" targetAnchorX="0.06550218340611354" targetAnchorY="0.7027027027027027">
    <source href="assembly.xml#INT586"/>
    <target href="assembly.xml#WorkdayOutRest_INT586"/>
  </connections>
  <connections type="routesResponseTo" sourceAnchorX="0.8820960698689956" sourceAnchorY="1.0" targetAnchorX="0.04390243902439024" targetAnchorY="0.19791666666666666">
    <source href="assembly.xml#WorkdayOutRest_INT586"/>
    <target href="assembly.xml#GetAttributes_INT586"/>
  </connections>
  <connections type="routesResponseTo" sourceAnchorX="0.9113300492610837" sourceAnchorY="1.0" targetAnchorX="0.023121387283236993" targetAnchorY="0.4479166666666667">
    <source href="assembly.xml#GetEventDocuments_INT586"/>
    <target href="assembly.xml#CopyFileData_INT586"/>
  </connections>
  <connections type="routesTo">
    <source href="assembly.xml#AggregateAndProcess"/>
    <target href="assembly.xml#Aggregator"/>
  </connections>
  <connections type="routesTo">
    <source href="assembly.xml#Aggregator"/>
    <target href="assembly.xml#MergeData_File1_File2"/>
  </connections>
  <connections type="routesTo">
    <source href="assembly.xml#//@beans/@mixed.1/@mixed.35/@mixed.3"/>
    <target href="assembly.xml#Aggregation_Error"/>
  </connections>
  <connections type="routesResponseTo">
    <source href="assembly.xml#Call_SubRoutine_Aggregator_2"/>
    <target href="assembly.xml#OutputFile_Delivery"/>
  </connections>
  <connections type="routesTo" sourceAnchorX="0.9669421487603306" sourceAnchorY="0.43243243243243246" targetAnchorX="0.06060606060606061" targetAnchorY="0.3783783783783784">
    <source href="assembly.xml#//@beans/@mixed.1/@mixed.45"/>
    <target href="assembly.xml#GlobalErrorMessage"/>
  </connections>
  <connections type="routesTo">
    <source href="assembly.xml#GetAttributes_INT586"/>
    <target href="assembly.xml#Check_WID_and_Status_INT586"/>
  </connections>
  <connections type="routesTo">
    <source href="assembly.xml#Check_WID_and_Status_INT586"/>
    <target href="assembly.xml#GetEventDocuments_INT586"/>
  </connections>
  <connections type="routesTo">
    <source href="assembly.xml#GetAttributes_INT398"/>
    <target href="assembly.xml#Check_WID_and_Status_INT398"/>
  </connections>
  <connections type="routesTo" sourceAnchorX="1.0" sourceAnchorY="0.2204724409448819" targetAnchorX="0.18253968253968253" targetAnchorY="0.4594594594594595">
    <source href="assembly.xml#Check_WID_and_Status_INT398"/>
    <target href="assembly.xml#GetEventDocuments_INT398"/>
  </connections>
  <connections type="routesTo" sourceAnchorX="0.2926829268292683" sourceAnchorY="1.0" targetAnchorX="0.34444444444444444" targetAnchorY="0.4594594594594595">
    <source href="assembly.xml#//@beans/@mixed.1/@mixed.23/@mixed.3"/>
    <target href="assembly.xml#Message_Info"/>
  </connections>
  <swimlanes x="34" y="346" bgColor="15138815" fgColor="1" name="SubRoutine_INT398">
    <elements href="assembly.xml#INT398"/>
    <elements href="assembly.xml#WorkdayOutRest_INT398"/>
    <elements href="assembly.xml#GetAttributes_INT398"/>
    <elements href="#//@swimlanes.5"/>
    <elements href="assembly.xml#GetEventDocuments_INT398"/>
    <elements href="assembly.xml#CopyFileData_INT398"/>
  </swimlanes>
  <swimlanes x="34" y="604" bgColor="15138815" name="SubRoutine_INT586">
    <elements href="assembly.xml#INT586"/>
    <elements href="assembly.xml#WorkdayOutRest_INT586"/>
    <elements href="assembly.xml#GetAttributes_INT586"/>
    <elements href="#//@swimlanes.4"/>
    <elements href="assembly.xml#GetEventDocuments_INT586"/>
    <elements href="assembly.xml#CopyFileData_INT586"/>
  </swimlanes>
  <swimlanes x="34" y="865" bgColor="16646115" name="SubRoutine_Aggregator">
    <elements href="assembly.xml#AggregateAndProcess"/>
    <elements href="assembly.xml#Aggregator"/>
    <elements href="assembly.xml#MergeData_File1_File2"/>
  </swimlanes>
  <swimlanes x="34" y="1104" bgColor="15132415" fgColor="1" name="Global Error Handler">
    <elements href="assembly.xml#//@beans/@mixed.1/@mixed.45"/>
    <elements href="assembly.xml#GlobalErrorMessage"/>
  </swimlanes>
  <swimlanes x="639" y="716" name="Swimlane" orientation="VERTICAL">
    <elements href="assembly.xml#Check_WID_and_Status_INT586"/>
  </swimlanes>
  <swimlanes x="871" y="360" name="Swimlane" orientation="VERTICAL">
    <elements href="assembly.xml#Check_WID_and_Status_INT398"/>
  </swimlanes>
</wdnm:Diagram>
