<?xml version="1.0" encoding="UTF-8"?>
<wdnm:Diagram xmlns:wdnm="http://workday.com/studio/editors/notation">
  <element href="assembly.xml#WorkdayAssembly"/>
  <visualProperties x="36" y="77">
    <element href="assembly.xml#StartHere"/>
  </visualProperties>
  <visualProperties x="263" y="400">
    <element href="assembly.xml#createIntegrationSystemSOAPRequest"/>
  </visualProperties>
  <visualProperties x="557" y="428">
    <element href="assembly.xml#generateSIntegrationSystemSOAPResponse"/>
  </visualProperties>
  <visualProperties x="256" y="77">
    <element href="assembly.xml#CallReportAndExecuteWebService"/>
  </visualProperties>
  <visualProperties x="591" y="87">
    <element href="assembly.xml#callSOAPRequestRoutine"/>
  </visualProperties>
  <visualProperties x="592" y="172">
    <element href="assembly.xml#callReportServiceRoutine"/>
  </visualProperties>
  <visualProperties x="22" y="428">
    <element href="assembly.xml#SOAPWebServiceRequest"/>
  </visualProperties>
  <visualProperties x="38" y="2063">
    <element href="assembly.xml#ReportServiceSubRoutine"/>
  </visualProperties>
  <visualProperties x="22" y="627">
    <element href="assembly.xml#splitSOAPResponseSubRoutine"/>
  </visualProperties>
  <visualProperties x="41" y="695">
    <element href="assembly.xml#SplitSOAPResponseXML"/>
  </visualProperties>
  <visualProperties x="289" y="755">
    <element href="assembly.xml#TransformSplitXMLIntoRefinedXMLFromSOAPResponse"/>
  </visualProperties>
  <visualProperties x="36" y="159">
    <element href="assembly.xml#InitializeProp"/>
  </visualProperties>
  <visualProperties x="352" y="627">
    <element href="assembly.xml#storePropertiesValues"/>
  </visualProperties>
  <visualProperties x="672" y="720">
    <element href="assembly.xml#sendPropsForValidation"/>
  </visualProperties>
  <visualProperties x="32" y="961">
    <element href="assembly.xml#getPropertyDataForValidation"/>
  </visualProperties>
  <visualProperties x="51" y="1022">
    <element href="assembly.xml#LoopTheLaunchParameteList"/>
  </visualProperties>
  <visualProperties x="439" y="1103">
    <element href="assembly.xml#ValidateAndRouteToAggreegateData"/>
  </visualProperties>
  <visualProperties x="773" y="1244">
    <element href="assembly.xml#SetPropOfIntLPStatus"/>
  </visualProperties>
  <visualProperties x="773" y="1361">
    <element href="assembly.xml#SetPropOfIntFieldAttrStatus"/>
  </visualProperties>
  <visualProperties x="188" y="1244">
    <element href="assembly.xml#SetPropOfIntAttrStatus"/>
  </visualProperties>
  <visualProperties x="188" y="1348">
    <element href="assembly.xml#SetPropOfIntFieldOvrdStatus"/>
  </visualProperties>
  <visualProperties x="185" y="1463">
    <element href="assembly.xml#SetPropOfIntMapStatus"/>
  </visualProperties>
  <visualProperties x="443" y="1497">
    <element href="assembly.xml#SendIntegrationDataForAggregation"/>
  </visualProperties>
  <visualProperties x="36" y="1704">
    <element href="assembly.xml#GetIntegrationDataForAggregation"/>
  </visualProperties>
  <visualProperties x="362" y="1787">
    <element href="assembly.xml#AggregateIntegrationData"/>
  </visualProperties>
  <visualProperties x="59" y="1793">
    <element href="assembly.xml#createOutputDataForAggregation"/>
  </visualProperties>
  <visualProperties x="579" y="1705">
    <element href="assembly.xml#StoreTheCSVOutputFileInWDrive"/>
  </visualProperties>
  <visualProperties x="579" y="1850">
    <element href="assembly.xml#DisplayIntegrationStepCompleted"/>
  </visualProperties>
  <visualProperties x="568" y="488">
    <element href="assembly.xml#WebServiceCallError"/>
  </visualProperties>
  <visualProperties x="659" y="837">
    <element href="assembly.xml#ErrDuringXMLTransformation"/>
  </visualProperties>
  <visualProperties x="285" y="2060">
    <element href="assembly.xml#CallReportAndConverItIntoXML"/>
  </visualProperties>
  <visualProperties x="269" y="1103">
    <element href="assembly.xml#ConverWIDIntoName"/>
  </visualProperties>
  <visualProperties x="289" y="2158">
    <element href="assembly.xml#sendTheReportDataForSplitting"/>
  </visualProperties>
  <visualProperties x="38" y="2261">
    <element href="assembly.xml#GetXMLDataAndSendItToSplitter"/>
  </visualProperties>
  <visualProperties x="332" y="2340">
    <element href="assembly.xml#SplitRaaSXMLData"/>
  </visualProperties>
  <visualProperties x="635" y="2384">
    <element href="assembly.xml#TransformRawXMLIntoRefinedXML"/>
  </visualProperties>
  <visualProperties x="643" y="2280">
    <element href="assembly.xml#setPropertiesOfRaaSXMLOutput"/>
  </visualProperties>
  <visualProperties x="640" y="2235">
    <element href="assembly.xml#goToTheFinalAggregationStep"/>
  </visualProperties>
  <visualProperties x="40" y="2646">
    <element href="assembly.xml#AggregareRaaSDataIntoCSVFile"/>
  </visualProperties>
  <visualProperties x="49" y="2700">
    <element href="assembly.xml#LoopTheLaunchParameteListForRaaS"/>
  </visualProperties>
  <visualProperties x="84" y="2879">
    <element href="assembly.xml#ConvertLPIntoNames"/>
  </visualProperties>
  <visualProperties x="385" y="2634">
    <element href="assembly.xml#ValidateAndAddFields"/>
  </visualProperties>
  <visualProperties x="639" y="2772">
    <element href="assembly.xml#sendRaaSDataForAggregation"/>
  </visualProperties>
  <visualProperties x="29" y="3071">
    <element href="assembly.xml#getRaaSDataForAggregation"/>
  </visualProperties>
  <visualProperties x="306" y="3071">
    <element href="assembly.xml#AggregateRaaSData"/>
  </visualProperties>
  <visualProperties x="49" y="3148">
    <element href="assembly.xml#WriteRaaSDataFromProp"/>
  </visualProperties>
  <visualProperties x="519" y="3076">
    <element href="assembly.xml#generatRaasCSV"/>
  </visualProperties>
  <visualProperties x="425" y="3214">
    <element href="assembly.xml#RassOutputGenerated"/>
  </visualProperties>
  <visualProperties x="648" y="2843">
    <element href="assembly.xml#PutIntegrationMessage"/>
  </visualProperties>
  <visualProperties x="592" y="252">
    <element href="assembly.xml#callCalcFieldRoutine"/>
  </visualProperties>
  <visualProperties x="44" y="3334">
    <element href="assembly.xml#CalcualtedFieldRoutine"/>
  </visualProperties>
  <visualProperties x="46" y="3438">
    <element href="assembly.xml#GetCalcFieldReportXML"/>
  </visualProperties>
  <visualProperties x="273" y="3569">
    <element href="assembly.xml#Splitter"/>
  </visualProperties>
  <visualProperties x="460" y="3438">
    <element href="assembly.xml#TransformIntoRefinedXML"/>
  </visualProperties>
  <visualProperties x="485" y="3570">
    <element href="assembly.xml#Aggregator"/>
  </visualProperties>
  <visualProperties x="659" y="3569">
    <element href="assembly.xml#StoreTheOutput"/>
  </visualProperties>
  <visualProperties x="327" y="961">
    <element href="assembly.xml#setTheConditionForAggregation"/>
  </visualProperties>
  <visualProperties x="614" y="2048">
    <element href="assembly.xml#AsyncMediation"/>
  </visualProperties>
  <visualProperties x="56" y="3570">
    <element href="assembly.xml#Route"/>
  </visualProperties>
  <visualProperties x="209" y="3786">
    <element href="assembly.xml#WarningMessage"/>
  </visualProperties>
  <visualProperties x="63" y="2314">
    <element href="assembly.xml#Route0"/>
  </visualProperties>
  <visualProperties x="253" y="2527">
    <element href="assembly.xml#setWarningMsgForCustomReportGeneration"/>
  </visualProperties>
  <visualProperties x="642" y="2493">
    <element href="assembly.xml#GenerateBlankRaaSCSVFile"/>
  </visualProperties>
  <visualProperties x="457" y="3772">
    <element href="assembly.xml#GenerateBlankCalcCSVFile"/>
  </visualProperties>
  <decorations x="16" y="16" width="862" height="313" type="NOTE" text="Route the two sub routines one after the other"/>
  <decorations x="16" y="340" width="862" height="231" type="NOTE" text="Create the SOAP Web Service request and send it to Spiltter Sub routine"/>
  <decorations x="16" y="579" width="862" height="306" type="NOTE" text="Split the SOAP Response and create the Properties which will be used"/>
  <decorations x="22" y="2012" width="862" height="197" bgColor="4259584" type="NOTE" text="Call Report Service Sub Routine and send the Data to Splitter"/>
  <decorations x="16" y="893" width="961" height="728" type="NOTE" text="Validate the Properties of Integration and send the data for final aggregation"/>
  <decorations x="19" y="1634" width="958" height="362" type="NOTE" text="Aggregate the Integration Data and generate the final Output"/>
  <decorations x="22" y="2228" width="862" height="364" bgColor="9107366" type="NOTE" text="Split RasS XML Data and transform the XML into Refined XML"/>
  <decorations x="22" y="2600" width="862" height="381" bgColor="14475159" type="NOTE" text="Validate RaaS Data into and send it for aggregation"/>
  <decorations x="22" y="2997" width="862" height="280" bgColor="16744576" type="NOTE" text="Aggregate RaaS Data"/>
  <decorations x="22" y="3304" width="862" height="602" type="NOTE" text="Calculated Field Analyzer Report will be called in this Step using Workday Out Rest component"/>
  <connections type="routesTo" sourceAnchorX="0.968503937007874" sourceAnchorY="0.4574468085106383" targetAnchorX="0.0165016501650165" targetAnchorY="0.40540540540540543">
    <source href="assembly.xml#createIntegrationSystemSOAPRequest"/>
    <target href="assembly.xml#generateSIntegrationSystemSOAPResponse"/>
  </connections>
  <connections type="routesTo" sourceAnchorX="0.7880184331797235" sourceAnchorY="1.0" targetAnchorX="0.12626262626262627" targetAnchorY="0.2702702702702703">
    <source href="assembly.xml#//@beans/@mixed.1/@route.0/@subRoute.0"/>
    <target href="assembly.xml#callSOAPRequestRoutine"/>
  </connections>
  <connections type="routesTo" sourceAnchorX="0.7860696517412935" sourceAnchorY="1.0" targetAnchorX="0.0984251968503937" targetAnchorY="0.13829787234042554">
    <source href="assembly.xml#SOAPWebServiceRequest"/>
    <target href="assembly.xml#createIntegrationSystemSOAPRequest"/>
  </connections>
  <connections type="routesTo" sourceAnchorX="0.2425531914893617" sourceAnchorY="0.05405405405405406" targetAnchorX="0.18994413407821228" targetAnchorY="0.07792207792207792">
    <source href="assembly.xml#splitSOAPResponseSubRoutine"/>
    <target href="assembly.xml#SplitSOAPResponseXML"/>
  </connections>
  <connections type="routesTo" sourceAnchorX="0.9675675675675676" targetAnchorX="0.01524390243902439" targetAnchorY="0.14893617021276595">
    <source href="assembly.xml#//@beans/@mixed.1/@splitter.0/@subRoute.0"/>
    <target href="assembly.xml#TransformSplitXMLIntoRefinedXMLFromSOAPResponse"/>
  </connections>
  <connections type="routesTo" sourceAnchorX="0.5596330275229358" sourceAnchorY="0.6756756756756757" targetAnchorX="0.36470588235294116" targetAnchorY="0.05319148936170213">
    <source href="assembly.xml#StartHere"/>
    <target href="assembly.xml#InitializeProp"/>
  </connections>
  <connections type="routesTo" sourceAnchorX="1.0" sourceAnchorY="0.23404255319148937" targetAnchorX="0.22608695652173913" targetAnchorY="0.09947643979057591">
    <source href="assembly.xml#InitializeProp"/>
    <target href="assembly.xml#CallReportAndExecuteWebService"/>
  </connections>
  <connections type="routesTo" sourceAnchorX="0.6068376068376068" sourceAnchorY="0.06382978723404255" targetAnchorX="0.9878048780487805" targetAnchorY="0.13829787234042554">
    <source href="assembly.xml#TransformSplitXMLIntoRefinedXMLFromSOAPResponse"/>
    <target href="assembly.xml#storePropertiesValues"/>
    <bendpoints sourceX="-232" sourceY="6" targetX="-181" targetY="108"/>
    <bendpoints sourceX="-233" sourceY="-120" targetX="-305" targetY="1"/>
  </connections>
  <connections type="routesTo" sourceAnchorX="1.0" sourceAnchorY="0.19148936170212766" targetAnchorX="0.48677248677248675" targetAnchorY="0.21621621621621623">
    <source href="assembly.xml#storePropertiesValues"/>
    <target href="assembly.xml#sendPropsForValidation"/>
    <bendpoints sourceX="187" targetY="-83"/>
  </connections>
  <connections type="routesTo" sourceAnchorX="0.9798387096774194" sourceAnchorY="0.5882352941176471" targetAnchorX="0.19875776397515527" targetAnchorY="0.1702127659574468">
    <source href="assembly.xml#//@beans/@mixed.1/@route.2/@subRoute.0"/>
    <target href="assembly.xml#SetPropOfIntLPStatus"/>
  </connections>
  <connections type="routesTo" sourceAnchorX="0.0" sourceAnchorY="0.5294117647058824" targetAnchorX="0.9704142011834319" targetAnchorY="0.1595744680851064">
    <source href="assembly.xml#//@beans/@mixed.1/@route.2/@subRoute.4"/>
    <target href="assembly.xml#SetPropOfIntMapStatus"/>
    <bendpoints sourceX="-33" targetX="56" targetY="-119"/>
    <bendpoints sourceX="-34" sourceY="119" targetX="55"/>
  </connections>
  <connections type="routesTo" sourceAnchorX="0.016129032258064516" sourceAnchorY="0.5294117647058824" targetAnchorX="0.9797979797979798" targetAnchorY="0.1702127659574468">
    <source href="assembly.xml#//@beans/@mixed.1/@route.2/@subRoute.3"/>
    <target href="assembly.xml#SetPropOfIntFieldOvrdStatus"/>
  </connections>
  <connections type="routesTo" sourceAnchorX="0.988" sourceAnchorY="0.5588235294117647" targetAnchorX="0.22388059701492538" targetAnchorY="0.18478260869565216">
    <source href="assembly.xml#//@beans/@mixed.1/@route.2/@subRoute.2"/>
    <target href="assembly.xml#SetPropOfIntFieldAttrStatus"/>
  </connections>
  <connections type="routesTo" sourceAnchorX="0.496" sourceAnchorY="1.0" targetAnchorX="0.664179104477612" targetAnchorY="0.13043478260869565">
    <source href="assembly.xml#//@beans/@mixed.1/@route.2/@subRoute.1"/>
    <target href="assembly.xml#SetPropOfIntAttrStatus"/>
  </connections>
  <connections type="routesTo" sourceAnchorX="0.46311475409836067" sourceAnchorY="0.7567567567567568" targetAnchorX="0.4009009009009009" targetAnchorY="0.2553191489361702">
    <source href="assembly.xml#GetIntegrationDataForAggregation"/>
    <target href="assembly.xml#createOutputDataForAggregation"/>
  </connections>
  <connections type="routesTo" sourceAnchorX="0.972972972972973" sourceAnchorY="0.1276595744680851" targetAnchorX="0.01098901098901099" targetAnchorY="0.16981132075471697">
    <source href="assembly.xml#createOutputDataForAggregation"/>
    <target href="assembly.xml#AggregateIntegrationData"/>
  </connections>
  <connections type="routesTo" sourceAnchorX="1.0" sourceAnchorY="0.18867924528301888" targetAnchorX="0.07239819004524888" targetAnchorY="0.11956521739130435">
    <source href="assembly.xml#AggregateIntegrationData"/>
    <target href="assembly.xml#StoreTheCSVOutputFileInWDrive"/>
  </connections>
  <connections type="routesTo" sourceAnchorX="0.4796380090497738" sourceAnchorY="0.8297872340425532" targetAnchorX="0.4462809917355372" targetAnchorY="0.7027027027027027">
    <source href="assembly.xml#StoreTheCSVOutputFileInWDrive"/>
    <target href="assembly.xml#DisplayIntegrationStepCompleted"/>
  </connections>
  <connections type="routesTo" sourceAnchorX="0.9392712550607287" sourceAnchorY="0.4666666666666667" targetAnchorX="0.14619883040935672" targetAnchorY="0.35135135135135137">
    <source href="assembly.xml#//@beans/@mixed.1/@mixed.3/@mixed.3"/>
    <target href="assembly.xml#WebServiceCallError"/>
  </connections>
  <connections type="routesTo" sourceAnchorX="1.0" sourceAnchorY="0.5333333333333333" targetAnchorX="0.19907407407407407" targetAnchorY="0.32432432432432434">
    <source href="assembly.xml#//@beans/@mixed.1/@mixed.21/@mixed.3"/>
    <target href="assembly.xml#ErrDuringXMLTransformation"/>
  </connections>
  <connections type="routesTo" sourceAnchorX="0.49193548387096775" sourceAnchorY="0.7058823529411765" targetAnchorX="0.48031496062992124" targetAnchorY="0.1891891891891892">
    <source href="assembly.xml#//@beans/@mixed.1/@route.2/@subRoute.5"/>
    <target href="assembly.xml#SendIntegrationDataForAggregation"/>
  </connections>
  <connections type="routesTo" sourceAnchorX="0.3316582914572864" sourceAnchorY="0.24324324324324326" targetAnchorX="0.2088888888888889" targetAnchorY="0.2972972972972973">
    <source href="assembly.xml#ReportServiceSubRoutine"/>
    <target href="assembly.xml#CallReportAndConverItIntoXML"/>
  </connections>
  <connections type="routesTo" sourceAnchorX="0.6528497409326425" sourceAnchorY="1.0" targetAnchorX="0.08860759493670886" targetAnchorY="0.13829787234042554">
    <source href="assembly.xml#//@beans/@mixed.1/@route.1/@subRoute.0"/>
    <target href="assembly.xml#ConverWIDIntoName"/>
  </connections>
  <connections type="routesTo" sourceAnchorX="1.0" sourceAnchorY="0.24468085106382978" targetAnchorX="0.2720306513409962" targetAnchorY="0.035398230088495575">
    <source href="assembly.xml#ConverWIDIntoName"/>
    <target href="assembly.xml#ValidateAndRouteToAggreegateData"/>
  </connections>
  <connections type="routesTo" sourceAnchorX="0.9541284403669725" sourceAnchorY="0.6382978723404256" targetAnchorX="0.02242152466367713" targetAnchorY="0.4594594594594595">
    <source href="assembly.xml#setPropertiesOfRaaSXMLOutput"/>
    <target href="assembly.xml#goToTheFinalAggregationStep"/>
  </connections>
  <connections type="routesTo" sourceAnchorX="0.44214876033057854" sourceAnchorY="0.8235294117647058" targetAnchorX="0.46875" targetAnchorY="0.18085106382978725">
    <source href="assembly.xml#//@beans/@mixed.1/@route.3/@subRoute.0"/>
    <target href="assembly.xml#ConvertLPIntoNames"/>
  </connections>
  <connections type="routesTo" sourceAnchorX="0.4765957446808511" sourceAnchorY="1.0" targetAnchorX="0.39215686274509803" targetAnchorY="0.07792207792207792">
    <source href="assembly.xml#AggregareRaaSDataIntoCSVFile"/>
    <target href="assembly.xml#LoopTheLaunchParameteListForRaaS"/>
  </connections>
  <connections type="routesTo" sourceAnchorX="0.89375" sourceAnchorY="0.5638297872340425" targetAnchorX="0.0" targetAnchorY="0.06153846153846154">
    <source href="assembly.xml#ConvertLPIntoNames"/>
    <target href="assembly.xml#ValidateAndAddFields"/>
    <bendpoints sourceX="103" targetX="-55" targetY="282"/>
    <bendpoints sourceX="101" sourceY="-281" targetX="-57" targetY="1"/>
  </connections>
  <connections type="routesTo" sourceAnchorX="0.6604651162790698" sourceAnchorY="1.0" targetAnchorX="0.6648351648351648" targetAnchorY="0.2826086956521739">
    <source href="assembly.xml#getRaaSDataForAggregation"/>
    <target href="assembly.xml#WriteRaaSDataFromProp"/>
  </connections>
  <connections type="routesTo" sourceAnchorX="1.0" sourceAnchorY="0.24468085106382978" targetAnchorX="0.06451612903225806" targetAnchorY="0.04716981132075472">
    <source href="assembly.xml#WriteRaaSDataFromProp"/>
    <target href="assembly.xml#AggregateRaaSData"/>
  </connections>
  <connections type="routesTo" sourceAnchorX="0.9153439153439153" sourceAnchorY="1.0" targetAnchorX="0.168141592920354" targetAnchorY="0.35135135135135137">
    <source href="assembly.xml#//@beans/@mixed.1/@route.4/@subRoute.0"/>
    <target href="assembly.xml#sendRaaSDataForAggregation"/>
  </connections>
  <connections type="routesTo" sourceAnchorX="1.0" sourceAnchorY="0.16981132075471697" targetAnchorX="0.2536231884057971" targetAnchorY="0.18085106382978725">
    <source href="assembly.xml#AggregateRaaSData"/>
    <target href="assembly.xml#generatRaasCSV"/>
  </connections>
  <connections type="routesTo" sourceAnchorX="0.4782608695652174" sourceAnchorY="0.8617021276595744" targetAnchorX="0.48066298342541436" targetAnchorY="1.0">
    <source href="assembly.xml#generatRaasCSV"/>
    <target href="assembly.xml#RassOutputGenerated"/>
  </connections>
  <connections type="routesTo" sourceAnchorX="0.7936507936507936" sourceAnchorY="1.0" targetAnchorX="0.2717391304347826" targetAnchorY="0.21621621621621623">
    <source href="assembly.xml#//@beans/@mixed.1/@route.4/@subRoute.1"/>
    <target href="assembly.xml#PutIntegrationMessage"/>
  </connections>
  <connections type="routesTo" sourceAnchorX="0.7373271889400922" sourceAnchorY="1.0" targetAnchorX="0.19883040935672514" targetAnchorY="0.2702702702702703">
    <source href="assembly.xml#//@beans/@mixed.1/@route.0/@subRoute.2"/>
    <target href="assembly.xml#callCalcFieldRoutine"/>
  </connections>
  <connections type="routesTo" sourceAnchorX="0.6820276497695853" sourceAnchorY="1.0" targetAnchorX="0.25" targetAnchorY="0.1891891891891892">
    <source href="assembly.xml#//@beans/@mixed.1/@route.0/@subRoute.1"/>
    <target href="assembly.xml#callReportServiceRoutine"/>
  </connections>
  <connections type="routesTo" sourceAnchorX="0.9148936170212766" sourceAnchorY="0.2647058823529412" targetAnchorX="0.3891891891891892" targetAnchorY="0.11702127659574468">
    <source href="assembly.xml#//@beans/@mixed.1/@splitter.2/@subRoute.0"/>
    <target href="assembly.xml#TransformIntoRefinedXML"/>
    <bendpoints sourceX="51" targetX="-109" targetY="202"/>
    <bendpoints sourceX="51" sourceY="-197" targetX="-109" targetY="5"/>
  </connections>
  <connections type="routesTo" sourceAnchorX="0.8" sourceAnchorY="0.18867924528301888" targetAnchorX="0.015625" targetAnchorY="0.22340425531914893">
    <source href="assembly.xml#Aggregator"/>
    <target href="assembly.xml#StoreTheOutput"/>
  </connections>
  <connections type="routesTo" sourceAnchorX="0.9074074074074074" sourceAnchorY="0.2702702702702703" targetAnchorX="0.018433179723502304" targetAnchorY="0.09782608695652174">
    <source href="assembly.xml#getPropertyDataForValidation"/>
    <target href="assembly.xml#setTheConditionForAggregation"/>
  </connections>
  <connections type="routesTo" sourceAnchorX="0.0" sourceAnchorY="0.22826086956521738" targetAnchorX="0.48058252427184467" targetAnchorY="0.13636363636363635">
    <source href="assembly.xml#setTheConditionForAggregation"/>
    <target href="assembly.xml#LoopTheLaunchParameteList"/>
    <bendpoints sourceX="-27" sourceY="1" targetX="150" targetY="-60"/>
    <bendpoints sourceX="-27" sourceY="60" targetX="150" targetY="-1"/>
    <bendpoints sourceX="-63" sourceY="60" targetX="114" targetY="-1"/>
  </connections>
  <connections type="routesResponseTo" sourceAnchorX="0.7111111111111111" sourceAnchorY="1.0" targetAnchorX="0.31496062992125984" targetAnchorY="0.1702127659574468">
    <source href="assembly.xml#CallReportAndConverItIntoXML"/>
    <target href="assembly.xml#AsyncMediation"/>
  </connections>
  <connections type="routesTo" sourceAnchorX="1.0" sourceAnchorY="0.35106382978723405" targetAnchorX="0.5411255411255411" targetAnchorY="0.4864864864864865">
    <source href="assembly.xml#AsyncMediation"/>
    <target href="assembly.xml#sendTheReportDataForSplitting"/>
  </connections>
  <connections type="routesTo" sourceAnchorX="0.45161290322580644" sourceAnchorY="0.5675675675675675" targetAnchorX="0.43617021276595747" targetAnchorY="0.21621621621621623">
    <source href="assembly.xml#CalcualtedFieldRoutine"/>
    <target href="assembly.xml#GetCalcFieldReportXML"/>
  </connections>
  <connections type="routesTo" sourceAnchorX="0.31891891891891894" sourceAnchorY="0.7127659574468085" targetAnchorX="0.2782608695652174" targetAnchorY="0.1792452830188679">
    <source href="assembly.xml#TransformIntoRefinedXML"/>
    <target href="assembly.xml#Aggregator"/>
  </connections>
  <connections type="routesTo" sourceAnchorX="0.4721030042918455" sourceAnchorY="1.0" targetAnchorX="0.463302752293578" targetAnchorY="0.7446808510638298">
    <source href="assembly.xml#TransformRawXMLIntoRefinedXML"/>
    <target href="assembly.xml#setPropertiesOfRaaSXMLOutput"/>
  </connections>
  <connections type="routesTo" sourceAnchorX="0.7969924812030075" sourceAnchorY="1.0" targetAnchorX="0.15450643776824036" targetAnchorY="0.1702127659574468">
    <source href="assembly.xml#//@beans/@mixed.1/@splitter.1/@subRoute.0"/>
    <target href="assembly.xml#TransformRawXMLIntoRefinedXML"/>
  </connections>
  <connections type="routesResponseTo" sourceAnchorX="0.35106382978723405" sourceAnchorY="0.4594594594594595" targetAnchorX="0.5046728971962616" targetAnchorY="0.057777777777777775">
    <source href="assembly.xml#GetCalcFieldReportXML"/>
    <target href="assembly.xml#Route"/>
  </connections>
  <connections type="routesTo" sourceAnchorX="1.0" targetAnchorX="0.22429906542056074" targetAnchorY="0.11038961038961038">
    <source href="assembly.xml#//@beans/@mixed.1/@route.5/@subRoute.0"/>
    <target href="assembly.xml#Splitter"/>
  </connections>
  <connections type="routesTo" sourceAnchorX="1.0" targetAnchorX="0.24607329842931938" targetAnchorY="0.43243243243243246">
    <source href="assembly.xml#//@beans/@mixed.1/@route.5/@subRoute.1"/>
    <target href="assembly.xml#WarningMessage"/>
  </connections>
  <connections type="routesTo" sourceAnchorX="0.28879310344827586" sourceAnchorY="1.0" targetAnchorX="0.38317757009345793" targetAnchorY="0.1464968152866242">
    <source href="assembly.xml#GetXMLDataAndSendItToSplitter"/>
    <target href="assembly.xml#Route0"/>
  </connections>
  <connections type="routesTo" sourceAnchorX="0.7755102040816326" sourceAnchorY="1.0" targetAnchorX="0.14383561643835616" targetAnchorY="0.07142857142857142">
    <source href="assembly.xml#//@beans/@mixed.1/@route.6/@subRoute.0"/>
    <target href="assembly.xml#SplitRaaSXMLData"/>
  </connections>
  <connections type="routesTo" sourceAnchorX="1.0" sourceAnchorY="0.35294117647058826" targetAnchorX="0.3507853403141361" targetAnchorY="0.4594594594594595">
    <source href="assembly.xml#//@beans/@mixed.1/@route.6/@subRoute.1"/>
    <target href="assembly.xml#setWarningMsgForCustomReportGeneration"/>
  </connections>
  <connections type="routesResponseTo" sourceAnchorX="0.7986798679867987" sourceAnchorY="1.0" targetAnchorX="0.2462686567164179" targetAnchorY="0.14130434782608695">
    <source href="assembly.xml#setWarningMsgForCustomReportGeneration"/>
    <target href="assembly.xml#GenerateBlankRaaSCSVFile"/>
  </connections>
  <connections type="routesResponseTo" sourceAnchorX="0.41361256544502617" sourceAnchorY="1.0" targetAnchorX="0.13989637305699482" targetAnchorY="0.11956521739130435">
    <source href="assembly.xml#WarningMessage"/>
    <target href="assembly.xml#GenerateBlankCalcCSVFile"/>
  </connections>
</wdnm:Diagram>
