<?xml version="1.0" encoding="UTF-8"?>
<beans
     xmlns="http://www.springframework.org/schema/beans"
     xmlns:beans="http://www.springframework.org/schema/beans"
     xmlns:atom="http://www.w3.org/2005/Atom"
     xmlns:cc="http://www.capeclear.com/assembly/10"
     xmlns:cloud="urn:com.workday/esb/cloud/10.0"
     xmlns:env="http://schemas.xmlsoap.org/soap/envelope/"
     xmlns:pi="urn:com.workday/picof"
     xmlns:wd="urn:com.workday/bsvc"
     xmlns:xsi="http://www.w3.org/2001/XMLSchema-instance">
 
	<cc:assembly id="WorkdayAssembly" version="2023.15">
        <cc:workday-in id="StartHere" routes-to="Call-Init">
            <cc:integration-system name="INT5346 Worker NSTAE Comp to Benefits Module Update Boomerang">
        <cloud:param name="Validation Mode">
          <cloud:type>
            <cloud:simple-type>boolean</cloud:simple-type>
          </cloud:type>
          <cloud:default>
            <cloud:boolean>true</cloud:boolean>
          </cloud:default>
        </cloud:param>
        <cloud:param name="As Of Effective Date">
          <cloud:type>
            <cloud:simple-type>date</cloud:simple-type>
          </cloud:type>
          <cloud:default>
            <cloud:class-report-field description="Current Effective Date" type="WID">52f526bab1d84191ac96f44a6c37c484</cloud:class-report-field>
          </cloud:default>
          <cloud:launch-option>as-of-effective-date</cloud:launch-option>
        </cloud:param>
        <cloud:param name="Pay Results Completed Start Date Time">
          <cloud:type>
            <cloud:simple-type>datetime</cloud:simple-type>
          </cloud:type>
          <cloud:default>
            <cloud:class-report-field description="As Of Entry DateTime of Last Completed Integration Event" type="WID">505b87f367e4447680293f806a11b15b</cloud:class-report-field>
          </cloud:default>
          <cloud:launch-option>required</cloud:launch-option>
        </cloud:param>
        <cloud:param name="Pay Results Completed End Date Time">
          <cloud:type>
            <cloud:simple-type>datetime</cloud:simple-type>
          </cloud:type>
          <cloud:default>
            <cloud:class-report-field description="Current Moment (DateTime)" type="WID">df4effe76deb4222a79001d6737cf91c</cloud:class-report-field>
          </cloud:default>
          <cloud:launch-option>required</cloud:launch-option>
        </cloud:param>
        <cloud:attribute-map-service name="INT5346-Generic">
          <cloud:attribute name="Document Retention">
            <cloud:type>
              <cloud:simple-type>number</cloud:simple-type>
            </cloud:type>
            <cloud:display-option>required-for-launch</cloud:display-option>
          </cloud:attribute>
          <cloud:attribute name="Debug Mode">
            <cloud:type>
              <cloud:simple-type>boolean</cloud:simple-type>
            </cloud:type>
            <cloud:display-option>required-for-launch</cloud:display-option>
          </cloud:attribute>
          <cloud:attribute name="Web Service Version">
            <cloud:type>
              <cloud:class-report-field description="Web Service API Version" type="WID" singular="true">f54cce640b3410001ae50f791f2000cd</cloud:class-report-field>
            </cloud:type>
            <cloud:display-option>required-for-launch</cloud:display-option>
          </cloud:attribute>
          <cloud:attribute name="Memo Earning Codes">
            <cloud:type>
              <cloud:class-report-field description="Earnings" type="WID" singular="false">d828c451edf048319a4c106677f7e404</cloud:class-report-field>
            </cloud:type>
            <cloud:display-option>required-for-launch</cloud:display-option>
          </cloud:attribute>
          <cloud:map name="BAR Type">
            <cloud:internal-type>
              <cloud:class-report-field description="Benefits Annual Rate Type" type="WID">ad06732910df4dc6828adb92bd570419</cloud:class-report-field>
            </cloud:internal-type>
            <cloud:external-type>
              <cloud:simple-type>text</cloud:simple-type>
            </cloud:external-type>
          </cloud:map>
        </cloud:attribute-map-service>
        <cloud:report-service name="INT5346-Reports">
          <cloud:report-alias description="INT5346 Extract Payroll Result Data" name="INT5346_Pay_Report">
            <cloud:report-reference description="INT5346 Extract Payroll Result Data" type="WID">724f01d379001001fb9932b166c80000</cloud:report-reference>
          </cloud:report-alias>
          <cloud:report-alias description="INT5346 Extract NSTAE Employees" name="INT5346_Emp_Report">
            <cloud:report-reference description="INT5346 Extract NSTAE Employees" type="WID">d80af00db1c21001fb06376035280000</cloud:report-reference>
          </cloud:report-alias>
          <cloud:report-alias description="INT5346 Extract Benefit Annual Rate Types Data" name="INT5346_BAR_Report">
            <cloud:report-reference description="INT5346 Extract Benefit Annual Rate Types Data" type="WID">382c311d38201001fb119bdee47a0000</cloud:report-reference>
          </cloud:report-alias>
          <cloud:report-alias description="INT5346 Extract Last 5 Years Payroll Result Data" name="INT5346_5Years_PayData">
            <cloud:report-reference description="INT5346 Extract Last 5 Years Payroll Result Data" type="WID">3e0365a5785110015cd778627e5e0000</cloud:report-reference>
          </cloud:report-alias>
        </cloud:report-service>
      </cc:integration-system>
        </cc:workday-in>
        <cc:local-in id="Init" routes-to="Init.Props"/>
        <cc:async-mediation id="Init.Props" routes-to="PIM-Validation" handle-downstream-errors="true">
            <cc:steps>
                <cc:eval id="Init">
                    <cc:expression>props['current.dateTime'] = java.time.LocalDateTime.now();&#xD;
props['dateformat'] = java.time.format.DateTimeFormatter.ofPattern(&quot;yyyyMMdd_HHmmss&quot;);&#xD;
props['pFormattedCurrentDateTime'] =  props['dateformat'].format(props['current.dateTime']);</cc:expression>
                    <cc:expression>props['pBatchID'] = 'INT5346_ABBR_Update_' # props['pFormattedCurrentDateTime'];</cc:expression>
                </cc:eval>
                <cc:eval id="IA">
                    <cc:expression>props['source.name'] = intsys.getName();</cc:expression>
                    <cc:expression>props['lp.validation.mode'] = (boolean)lp.getSimpleData('Validation Mode');</cc:expression>
                    <cc:expression>props['lp.As.of.EffDate'] = lp.getDate('As Of Effective Date');</cc:expression>
                    <cc:expression>props['lp.PayResult.StartDate'] = lp.getSimpleData('Pay Results Completed Start Date Time');</cc:expression>
                    <cc:expression>props['lp.PayResult.EndDate'] = lp.getSimpleData('Pay Results Completed End Date Time');</cc:expression>
                    <cc:expression>props['ia.doc.ret'] = intsys.getAttribute('Document Retention');</cc:expression>
                    <cc:expression>props['ia.web.version'] = intsys.getAttribute('Web Service Version');</cc:expression>
                    <cc:expression>props['ia.debug.mode'] = (Boolean)intsys.getAttribute('Debug Mode');</cc:expression>
                    <cc:expression>props['ia.batch.size'] = intsys.getAttribute('Import Batch Size');</cc:expression>
                    <cc:expression>props['iaMemoEarnCodes'] = intsys.getAttributeReferenceDataList('Memo Earning Codes', 'Earning_Code')</cc:expression>
                    <cc:expression>props['iaMemoEarnCodesFinal'] = util.listToCommaDelimString(props['iaMemoEarnCodes']);</cc:expression>
                </cc:eval>
                <cc:log id="Log">
                    <cc:log-message>
                        <cc:line-separator/>
                        <cc:line-separator/>
                        <cc:text>-------------------- Integration Launch Parameters and Attributes -----------------&#xD;
props['lp.validation.mode']         = @{props['lp.validation.mode']}&#xD;
props['lp.As.of.EffDate']           = @{props['lp.As.of.EffDate']}&#xD;
props['lp.PayResult.StartDate']     = @{props['lp.PayResult.StartDate']}&#xD;
props['lp.PayResult.EndDate']       = @{props['lp.PayResult.EndDate']}&#xD;
props['source.name']                = @{props['source.name']}&#xD;
props['ia.doc.ret']                 = @{props['ia.doc.ret']}&#xD;
props['ia.web.version']             = @{props['ia.web.version']}&#xD;
props['ia.debug.mode']              = @{props['ia.debug.mode']}&#xD;
props['ia.batch.size']              = @{props['ia.batch.size']}&#xD;
props['iaMemoEarnCodesFinal']       = @{props['iaMemoEarnCodesFinal']}&#xD;
&#xD;
&#xD;
</cc:text>
                        <cc:line-separator/>
                    </cc:log-message>
                </cc:log>
                <cc:xslt-plus id="XsltPlus" output="message" url="INT5346_Extract_Attributes_Mappings_v1.xsl"/>
                <cc:copy id="Copy" output="variable" output-variable="vMapsDataXML"/>
            </cc:steps>
            <cc:send-error id="SendError" rethrow-error="true" routes-to="PIM-InitErrors"/>
        </cc:async-mediation>
        <cc:local-out id="PIM-Validation" execute-when="props['lp.validation.mode']" endpoint="vm://wcc/PutIntegrationMessage">
            <cc:set name="is.message.severity" value="'WARNING'"/>
            <cc:set name="is.message.summary" value="'Program launched in Validation mode, Annual Benefit Rates will not be loaded, only validated!'"/>
        </cc:local-out>
        <cc:local-out id="PIM-InitErrors" endpoint="vm://wcc/PutIntegrationMessage">
            <cc:set name="is.message.severity" value="'ERROR'"/>
            <cc:set name="is.message.summary" value="'Error occurred at - '#context.errorComponentId#'. Error Message : '#util.cleanString(context.errorMessage)"/>
            <cc:set name="is.message.detail" value="context.errorMessage"/>
        </cc:local-out>
        <cc:local-out id="Call-Init" store-message="none" routes-response-to="Call-GetEmpData" endpoint="vm://INT5346_Worker_NASTE_Comp_to_Benefits_Module_Update_Boomerang/Init"/>
        <cc:send-error id="global-error-handler" rethrow-error="false" routes-to="Note-Error"/>
        <cc:local-out id="Note-Error" endpoint="vm://wcc/PutIntegrationMessage">
            <cc:set name="is.message.severity" value="'CRITICAL'"/>
            <cc:set name="is.message.summary" value="context.errorMessage"/>
        </cc:local-out>
        <cc:local-in id="ExtractBAR" routes-to="ExtractNSTAEEmpData"/>
        <cc:async-mediation id="Prepare.Get.BAR.Request" routes-to="PagedGetBAR" handle-downstream-errors="true">
            <cc:steps>
                <cc:xslt-plus id="BARWS" input="message" url="INT5346_Get_Benefit_Annual_Rates_Request_v1.xsl"/>
                <cc:wrap-soap id="WrapSoap"/>
            </cc:steps>
            <cc:send-error id="SendError" routes-to="PIM-SOAPRequestErrors"/>
        </cc:async-mediation>
        <cc:local-out id="PIM-SOAPRequestErrors" endpoint="vm://wcc/PutIntegrationMessage">
            <cc:set name="is.message.severity" value="'ERROR'"/>
            <cc:set name="is.message.summary" value="'Error occurred at - '#context.errorComponentId#'. Error Message : '#util.cleanString(context.errorMessage)"/>
            <cc:set name="is.message.detail" value="context.errorMessage"/>
        </cc:local-out>
        <cc:local-out id="PagedGetBAR" routes-response-to="Transform.Get.BAR.Response" endpoint="vm://wcc/PagedGet">
            <cc:set name="is.paged.get.request.current.page.xpath" value="'/env:Envelope/env:Body/*/wd:Response_Filter/wd:Page'"/>
            <cc:set name="is.paged.get.response.current.page.xpath" value="'/env:Envelope/env:Body/*/wd:Response_Results/wd:Page'"/>
            <cc:set name="is.paged.get.response.total.pages.xpath" value="'/env:Envelope/env:Body/*/wd:Response_Results/wd:Total_Pages'"/>
            <cc:set name="is.paged.get.response.total.results.xpath" value="'/env:Envelope/env:Body/*/wd:Response_Results/wd:Total_Results'"/>
            <cc:set name="is.paged.get.aggregate.xpath" value="'/env:Envelope/env:Body/wd:Get_Benefit_Annual_Rates_Response/wd:Response_Data/wd:Benefit_Annual_Rate'"/>
            <cc:set name="is.paged.get.aggregate.header" value="'&lt;wd:Response_Data xmlns:wd=&quot;urn:com.workday/bsvc&quot;>'"/>
            <cc:set name="is.paged.get.aggregate.footer" value="'&lt;/wd:Response_Data>'"/>
            <cc:set name="is.paged.get.application" value="'Benefits_Administration'"/>
            <cc:set name="is.paged.get.version" value="props['ia.web.version']"/>
            <cc:set name="is.paged.get.page.zero" value="false"/>
            <cc:set name="is.paged.get.store.requests" value="true"/>
            <cc:set name="is.paged.get.parallel" value="true"/>
        </cc:local-out>
        <cc:async-mediation id="Transform.Get.BAR.Response">
            <cc:steps>
                <cc:xslt-plus id="WorkeBARData" output="variable" output-variable="vBARDataXML" url="INT5346_Transform_Get_Benefit_Annual_Rates_Response_v1.xsl"/>
                <cc:store execute-when="props['ia.debug.mode']" id="Store" output="variable" output-variable="vBARDataXMLStore" input="variable" input-variable="vBARDataXML" expiresIn="P@{props['ia.doc.ret']}D" title="INT5346_WD_BAR_Data.xml"/>
            </cc:steps>
            <cc:send-error id="SendError" routes-to="PIM-SOAPRequestErrors"/>
        </cc:async-mediation>
        <cc:local-in id="AggData" routes-to="Agg.Data"/>
        <cc:async-mediation id="Agg.Data" routes-to="Stacker.Route" handle-downstream-errors="true">
            <cc:steps>
                <cc:eval id="Eval">
                    <cc:expression>props['close.stacker'] = false;</cc:expression>
                </cc:eval>
            </cc:steps>
            <cc:send-error id="SendError" routes-to="PIM-AggDataErrors"/>
        </cc:async-mediation>
        <cc:local-out id="PIM-AggDataErrors" endpoint="vm://wcc/PutIntegrationMessage">
            <cc:set name="is.message.severity" value="'ERROR'"/>
            <cc:set name="is.message.summary" value="'Error occurred at - '#context.errorComponentId#'. Error Message : '#util.cleanString(context.errorMessage)"/>
            <cc:set name="is.message.detail" value="context.errorMessage"/>
        </cc:local-out>
        <cc:route id="Stacker.Route">
            <cc:all-strategy/>
            <cc:sub-route name="EmployeeData" routes-to="Employee.Data"/>
            <cc:sub-route name="WDBARData" routes-to="WDBarData"/>
            <cc:sub-route name="MapsData" routes-to="Maps.Data"/>
        </cc:route>
        <cc:async-mediation id="Employee.Data" routes-to="FileInputsAggregator">
            <cc:steps>
                <cc:copy id="VarToMsg" input="variable" input-variable="vEmployeeDataXML"/>
            </cc:steps>
        </cc:async-mediation>
        <cc:async-mediation id="WDBarData" routes-to="FileInputsAggregator">
            <cc:steps>
                <cc:copy id="VarToMsg" input="variable" input-variable="vBARDataXML"/>
            </cc:steps>
        </cc:async-mediation>
        <cc:aggregator id="FileInputsAggregator" routes-to="Prepare.Master.Data" collate-when="true" force-batch-on-last-message="false" force-batch-when="props['close.stacker']">
            <cc:size-batch-strategy batch-size="5"/>
            <cc:xml-message-content-collater output="variable" output-variable="vAggregatedDataXML">
        <cc:header-text>&lt;MasterRoot></cc:header-text>
        <cc:footer-text>&lt;/MasterRoot></cc:footer-text>
      </cc:xml-message-content-collater>
        </cc:aggregator>
        <cc:async-mediation id="Prepare.Master.Data" handle-downstream-errors="true">
            <cc:steps>
                <cc:store execute-when="props['ia.debug.mode']" id="Store1" output="variable" output-variable="vAggregatedDataXMLStore" input="variable" input-variable="vAggregatedDataXML" expiresIn="P@{props['ia.doc.ret']}D" title="INT5346_Aggreagated_Data.xml"/>
                <cc:xslt-plus id="MasterPrep" output="message" input="variable" input-variable="vAggregatedDataXML" url="INT5346_Prepare_MasterData_v4.xsl"/>
                <cc:xslt-plus id="XsltPlus" output="variable" output-variable="vMasterDataXML" url="INT5346_Custom_Validations_v1.xsl"/>
                <cc:store id="Store2" output="variable" output-variable="vMasterDataXMLStore" input="variable" input-variable="vMasterDataXML" expiresIn="P@{props['ia.doc.ret']}D" title="INT5346_Master_Data.xml"/>
            </cc:steps>
            <cc:send-error id="SendError" rethrow-error="true" routes-to="PIM-PrepareMasterErrors"/>
        </cc:async-mediation>
        <cc:local-out id="PIM-PrepareMasterErrors" endpoint="vm://wcc/PutIntegrationMessage">
            <cc:set name="is.message.severity" value="'ERROR'"/>
            <cc:set name="is.message.summary" value="'Error occurred at - '#context.errorComponentId#'. Error Message : '#util.cleanString(context.errorMessage)"/>
            <cc:set name="is.message.detail" value="context.errorMessage"/>
        </cc:local-out>
        <cc:local-out id="Call-ExtractBAR" routes-response-to="Call-AggData" endpoint="vm://INT5346_Worker_NASTE_Comp_to_Benefits_Module_Update_Boomerang/ExtractBAR"/>
        <cc:local-out id="Call-AggData" routes-response-to="Call-ProcessData" endpoint="vm://INT5346_Worker_NASTE_Comp_to_Benefits_Module_Update_Boomerang/AggData"/>
        <cc:local-in id="ExtractPayResults" routes-to="NSTAEEmpData"/>
        <cc:async-mediation id="Prepare.PayResults.Request" routes-to="PagedGetPay" handle-downstream-errors="true">
            <cc:steps>
                <cc:xslt-plus id="PayRS" input="message" url="INT5346_Get_Payroll_Results_Request_v2.xsl"/>
                <cc:wrap-soap id="WrapSoap"/>
            </cc:steps>
            <cc:send-error id="SendError" routes-to="PIM-SOAPRequestErrors1"/>
        </cc:async-mediation>
        <cc:local-out id="PIM-SOAPRequestErrors1" endpoint="vm://wcc/PutIntegrationMessage">
            <cc:set name="is.message.severity" value="'ERROR'"/>
            <cc:set name="is.message.summary" value="'Error occurred at - '#context.errorComponentId#'. Error Message : '#util.cleanString(context.errorMessage)"/>
            <cc:set name="is.message.detail" value="context.errorMessage"/>
        </cc:local-out>
        <cc:local-out id="PagedGetPay" routes-response-to="Transform.PayResults.Response" endpoint="vm://wcc/PagedGet">
            <cc:set name="is.paged.get.request.current.page.xpath" value="'/env:Envelope/env:Body/*/wd:Response_Filter/wd:Page'"/>
            <cc:set name="is.paged.get.response.current.page.xpath" value="'/env:Envelope/env:Body/*/wd:Response_Results/wd:Page'"/>
            <cc:set name="is.paged.get.response.total.pages.xpath" value="'/env:Envelope/env:Body/*/wd:Response_Results/wd:Total_Pages'"/>
            <cc:set name="is.paged.get.response.total.results.xpath" value="'/env:Envelope/env:Body/*/wd:Response_Results/wd:Total_Results'"/>
            <cc:set name="is.paged.get.aggregate.xpath" value="'/env:Envelope/env:Body/wd:Get_Payroll_Results_Response/wd:Response_Data/wd:Payroll_Result'"/>
            <cc:set name="is.paged.get.aggregate.header" value="'&lt;wd:Response_Data xmlns:wd=&quot;urn:com.workday/bsvc&quot;>'"/>
            <cc:set name="is.paged.get.aggregate.footer" value="'&lt;/wd:Response_Data>'"/>
            <cc:set name="is.paged.get.application" value="'Payroll'"/>
            <cc:set name="is.paged.get.version" value="props['ia.web.version']"/>
            <cc:set name="is.paged.get.page.zero" value="false"/>
            <cc:set name="is.paged.get.store.requests" value="true"/>
            <cc:set name="is.paged.get.parallel" value="true"/>
        </cc:local-out>
        <cc:async-mediation id="Transform.PayResults.Response">
            <cc:steps>
                <cc:store execute-when="props['ia.debug.mode']" id="Store0" output="variable" output-variable="vPayResultsResDataXMLStore" input="message" expiresIn="P@{props['ia.doc.ret']}D" title="INT5346_Payroll_Results_Response_Data.xml"/>
                <cc:xslt-plus id="PayData" output="message" url="INT5346_Transform_Get_Payroll_Results_Response_v2.xsl"/>
                <cc:xslt-plus id="XsltPlus" output="variable" output-variable="vPayResultsDataXML" url="INT5346_Find_Maximum_Regular_NSTAE_v1.xsl"/>
                <cc:store execute-when="props['ia.debug.mode']" id="Store" output="variable" output-variable="vPayResultsDataXMLStore" input="variable" input-variable="vPayResultsDataXML" expiresIn="P@{props['ia.doc.ret']}D" title="INT5346_Payroll_Results_Data.xml"/>
            </cc:steps>
            <cc:send-error id="SendError" routes-to="PIM-SOAPRequestErrors1"/>
        </cc:async-mediation>
        <cc:async-mediation id="Maps.Data" routes-to="FileInputsAggregator">
            <cc:steps>
                <cc:eval id="Eval">
                    <cc:expression>props['close.stacker'] = true;</cc:expression>
                </cc:eval>
                <cc:copy id="VarToMsg" input="variable" input-variable="vMapsDataXML"/>
            </cc:steps>
        </cc:async-mediation>
        <cc:local-in id="ProcessData" routes-to="Copy.Data"/>
        <cc:async-mediation id="Copy.Data" routes-to="Splitter" handle-downstream-errors="true">
            <cc:steps>
                <cc:copy id="Copy" input="variable" input-variable="vMasterDataXML"/>
                <cc:eval id="Eval">
                    <cc:expression>props['close.BAR.agg'] = false;</cc:expression>
                </cc:eval>
                <cc:validate-exp id="ValidateExp">
                    <cc:expression failure-message="There are no confimed Payroll Results after the last run.">parts[0].xpathB('/MasterData/PayResult')</cc:expression>
                </cc:validate-exp>
            </cc:steps>
            <cc:send-error id="SendError" routes-to="PIM-CopyErrors"/>
        </cc:async-mediation>
        <cc:local-out id="PIM-CopyErrors" endpoint="vm://wcc/PutIntegrationMessage">
            <cc:set name="is.message.severity" value="'WARNING'"/>
            <cc:set name="is.message.summary" value="'Warning occurred at - '#context.errorComponentId#'. Warning Message : '#util.cleanString(context.errorMessage)"/>
            <cc:set name="is.message.detail" value="context.errorMessage"/>
        </cc:local-out>
        <cc:splitter id="Splitter" no-split-message-error="false">
            <cc:sub-route name="SubRoute" routes-to="Prepare.Put.Benefit.Annual.Rate.Request"/>
            <cc:xml-stream-splitter xpath="/MasterData/PayResult"/>
        </cc:splitter>
        <cc:async-mediation id="Prepare.Put.Benefit.Annual.Rate.Request" routes-to="LoadBARData" handle-downstream-errors="true">
            <cc:steps>
                <cc:copy id="Copy" output="variable" output-variable="current.payresult.xml"/>
                <cc:eval id="Eval">
                    <cc:expression>props['CustomErrorsExists'] = parts[0].xpathB(&quot;PayResult[exists(Status) and not(Status = '')]&quot;);</cc:expression>
                    <cc:expression>props['pFinalBARAmount'] = 0; props['pFinalEffDate'] = '';</cc:expression>
                    <cc:expression>props['pFinalBARAmount'] = parts[0].xpath('/PayResult/FinalBARAmount');</cc:expression>
                    <cc:expression>props['pFinalEffDate'] = parts[0].xpath('/PayResult/FinalEffectiveDate')</cc:expression>
                </cc:eval>
                <cc:validate-exp id="ValidateExp">
                    <cc:expression failure-message="Validation Error Occured. @{context.errorMessage}">!props['CustomErrorsExists']</cc:expression>
                </cc:validate-exp>
                <cc:xslt-plus id="CreateWS" input="variable" input-variable="current.payresult.xml" url="INT5346_Create_BAR_Request_v3.xsl"/>
                <cc:wrap-soap id="WrapSoap" output="message" input="message"/>
                <cc:set-headers execute-when="props['lp.validation.mode']" id="ValidationOn">
                    <cc:remove-headers/>
                    <cc:add-headers>
                        <cc:add-header name="X-Validate-Only" value="1"/>
                    </cc:add-headers>
                </cc:set-headers>
            </cc:steps>
            <cc:send-error id="SendError" routes-to="BAR.Audit.Errors"/>
        </cc:async-mediation>
        <cc:async-mediation id="BAR.Audit.Errors" routes-to="BARAggregator">
            <cc:steps>
                <cc:eval id="Eval">
                    <cc:expression>props['pValidationError'] = context.errorMessage;</cc:expression>
                </cc:eval>
                <cc:xslt-plus id="XsltPlus" input="variable" input-variable="current.payresult.xml" url="INT5346_BAR_Process_Errors_For_Audit_v1.xsl"/>
            </cc:steps>
            <cc:send-error id="SendError" routes-to="PIM-BARWSErrors"/>
        </cc:async-mediation>
        <cc:local-out id="PIM-BARWSErrors" endpoint="vm://wcc/PutIntegrationMessage">
            <cc:set name="is.message.severity" value="'ERROR'"/>
            <cc:set name="is.message.summary" value="'Error occurred at - '#context.errorComponentId#'. Error Message : '#util.cleanString(context.errorMessage)"/>
            <cc:set name="is.message.detail" value="context.errorMessage"/>
        </cc:local-out>
        <cc:workday-out-soap id="LoadBARData" routes-response-to="BAR.Response" application="Benefits_Administration" version="@{props['ia.web.version']}"/>
        <cc:async-mediation id="BAR.Response" routes-to="BARAggregator" handle-downstream-errors="true">
            <cc:steps>
                <cc:set-headers id="ValidationOff">
                    <cc:remove-headers>
                        <cc:remove-header name="X-Validate-Only"/>
                    </cc:remove-headers>
                    <cc:add-headers>
                        
                    </cc:add-headers>
                </cc:set-headers>
                <cc:xslt-plus id="XsltPlus" input="variable" input-variable="current.payresult.xml" url="INT5346_BAR_WSRequest_Response_WID_v1.xsl"/>
            </cc:steps>
            <cc:send-error id="SendError" rethrow-error="false" routes-to="PIM-BARErrors"/>
        </cc:async-mediation>
        <cc:local-out id="PIM-BARErrors" endpoint="vm://wcc/PutIntegrationMessage">
            <cc:set name="is.message.severity" value="'ERROR'"/>
            <cc:set name="is.message.summary" value="'Error occurred at - '#context.errorComponentId#'. Error Message : '#util.cleanString(context.errorMessage)"/>
            <cc:set name="is.message.detail" value="context.errorMessage"/>
        </cc:local-out>
        <cc:local-in id="CloseBARAgg" routes-to="BARAggregator"/>
        <cc:aggregator id="BARAggregator" routes-to="Store.BAR.Audit.Data" collate-when="!props['close.BAR.agg']" force-batch-on-last-message="false" force-batch-when="props['close.BAR.agg']">
            <cc:size-batch-strategy batch-size="-1"/>
            <cc:xml-message-content-collater>
        <cc:header-text>&lt;Root></cc:header-text>
        <cc:footer-text>&lt;/Root></cc:footer-text>
      </cc:xml-message-content-collater>
        </cc:aggregator>
        <cc:async-mediation id="Store.BAR.Audit.Data" routes-to="PIM-StoreBARAudit">
            <cc:steps>
                <cc:xslt-plus id="XsltPlus" url="INT5346_Prepare_Final_BAR_Audit_v1.xsl"/>
                <cc:xml-to-csv id="XmlToCsv" format="rfc4180"/>
                <cc:text-excel id="TextExcel" output-mimetype="application/vnd.openxmlformats-officedocument.spreadsheetml.sheet" excelstyle="sheet" style="text2excel"/>
                <cc:store id="Store" output="variable" output-variable="vBARAuditData" createDocumentReference="false" expiresIn="P@{props['ia.doc.ret']}D" title="INT5346_BAR_AuditLog_@{props['pFormattedCurrentDateTime']}.xlsx"/>
            </cc:steps>
            <cc:send-error id="SendError" routes-to="PIM-Store-BAR-Audit-Data-Errors"/>
        </cc:async-mediation>
        <cc:local-out id="PIM-Store-BAR-Audit-Data-Errors" endpoint="vm://wcc/PutIntegrationMessage">
            <cc:set name="is.message.severity" value="'ERROR'"/>
            <cc:set name="is.message.summary" value="'Error occurred at - '#context.errorComponentId#'. Error Message : '#util.cleanString(context.errorMessage)"/>
            <cc:set name="is.message.detail" value="context.errorMessage"/>
        </cc:local-out>
        <cc:local-out id="PIM-StoreBARAudit" endpoint="vm://wcc/PutIntegrationMessage">
            <cc:set name="is.message.severity" value="'INFO'"/>
            <cc:set name="is.message.summary" value="'Benefit Annual Rate Audit file stored successfully.'"/>
            <cc:set name="is.document.variable.name" value="'vBARAuditData'"/>
            <cc:set name="is.document.file.name" value="'INT5346_BAR_AuditLog_' + props['pFormattedCurrentDateTime'] + '.xlsx'"/>
            <cc:set name="is.document.deliverable" value="'true'"/>
            <cc:set name="is.document.labels" value="'INT5346_BAR_Log'"/>
        </cc:local-out>
        <cc:local-out id="Call-ProcessData" routes-response-to="Call-ExtractPayResultsData" endpoint="vm://INT5346_Worker_NASTE_Comp_to_Benefits_Module_Update_Boomerang/ProcessData"/>
        <cc:local-out id="Call-CloseBARAgg" endpoint="vm://INT5346_Worker_NASTE_Comp_to_Benefits_Module_Update_Boomerang/CloseBARAgg"><cc:set name="close.BAR.agg" value="true"/></cc:local-out>
        <cc:local-in id="GetEmpData" routes-to="Get.Worker.Data"/>
        <cc:async-mediation id="Get.Worker.Data" routes-to="EmpData" handle-downstream-errors="true">
            <cc:steps>
                <cc:eval id="Eval">
                    <cc:expression>props['pExtraPath'] = intsys.reportService.getExtrapath('INT5346_Pay_Report');</cc:expression>
                    <cc:expression>props['pExtraPath'] = props['pExtraPath'] # '?Start_DateTime=' # props['lp.PayResult.StartDate'];</cc:expression>
                    <cc:expression>props['pExtraPath'] = props['pExtraPath'] # '&amp;End_DateTime=' # props['lp.PayResult.EndDate'];</cc:expression>
                </cc:eval>
            </cc:steps>
            <cc:send-error id="SendError" routes-to="PIM-RptExecErrors"/>
        </cc:async-mediation>
        <cc:local-out id="PIM-RptExecErrors" endpoint="vm://wcc/PutIntegrationMessage">
            <cc:set name="is.message.severity" value="'ERROR'"/>
            <cc:set name="is.message.summary" value="'Error occurred at - '#context.errorComponentId#'. Error Message : '#util.cleanString(context.errorMessage)"/>
            <cc:set name="is.message.detail" value="context.errorMessage"/>
        </cc:local-out>
        <cc:workday-out-rest id="EmpData" routes-response-to="CustomRpt.Output.Worker" extra-path="@{props['pExtraPath']}"/>
        <cc:async-mediation id="CustomRpt.Output.Worker">
            <cc:steps>
                <cc:xslt-plus id="XsltPlus" output="variable" output-variable="vEmployeeDataXML" url="INT5346_Transform_Employee_Data_v2.xsl"/>
                <cc:store execute-when="props['ia.debug.mode']" id="Store" output="variable" output-variable="vEmployeeDataXMLStore" input="variable" input-variable="vEmployeeDataXML" expiresIn="P@{props['ia.doc.ret']}D" title="INT5346_Workday_Employee_Data.xml"/>
            </cc:steps>
            <cc:send-error id="SendError" routes-to="PIM-RptTransformErrors"/>
        </cc:async-mediation>
        <cc:local-out id="PIM-RptTransformErrors" endpoint="vm://wcc/PutIntegrationMessage">
            <cc:set name="is.message.severity" value="'ERROR'"/>
            <cc:set name="is.message.summary" value="'Error occurred at - '#context.errorComponentId#'. Error Message : '#util.cleanString(context.errorMessage)"/>
            <cc:set name="is.message.detail" value="context.errorMessage"/>
        </cc:local-out>
        <cc:local-out id="Call-GetEmpData" routes-response-to="Call-ExtractAnnualRates" endpoint="vm://INT5346_Worker_NASTE_Comp_to_Benefits_Module_Update_Boomerang/GetEmpData"/>
        <cc:local-out id="Call-ExtractPayResults" routes-response-to="Call-ExtractAnnualRatesHigh5" endpoint="vm://INT5346_Worker_NASTE_Comp_to_Benefits_Module_Update_Boomerang/ExtractPayResults"/>
        <cc:local-in id="AggregatePayData" routes-to="Agg.Pay.Data"/>
        <cc:async-mediation id="Agg.Pay.Data" routes-to="Stacker.Route1" handle-downstream-errors="true">
            <cc:steps>
                <cc:eval id="Eval">
                    <cc:expression>props['close.stacker'] = false;</cc:expression>
                </cc:eval>
            </cc:steps>
            <cc:send-error id="SendError" routes-to="PIM-AggPayDataErrors"/>
        </cc:async-mediation>
        <cc:local-out id="PIM-AggPayDataErrors" endpoint="vm://wcc/PutIntegrationMessage">
            <cc:set name="is.message.severity" value="'ERROR'"/>
            <cc:set name="is.message.summary" value="'Error occurred at - '#context.errorComponentId#'. Error Message : '#util.cleanString(context.errorMessage)"/>
            <cc:set name="is.message.detail" value="context.errorMessage"/>
        </cc:local-out>
        <cc:route id="Stacker.Route1">
            <cc:all-strategy/>
            <cc:sub-route name="PayresultData" routes-to="PayResult.Data"/>
            <cc:sub-route name="WDBARData" routes-to="WD.BAR.Data"/>
            <cc:sub-route name="MapsData" routes-to="Mappings.Data"/>
        </cc:route>
        <cc:async-mediation id="PayResult.Data" routes-to="DataAggregator">
            <cc:steps>
                <cc:copy id="VarToMsg" input="variable" input-variable="vPayResultsDataXML"/>
            </cc:steps>
        </cc:async-mediation>
        <cc:async-mediation id="WD.BAR.Data" routes-to="DataAggregator">
            <cc:steps>
                <cc:copy id="VarToMsg" input="variable" input-variable="vBARDataXML"/>
            </cc:steps>
        </cc:async-mediation>
        <cc:async-mediation id="Mappings.Data" routes-to="DataAggregator">
            <cc:steps>
                <cc:eval id="Eval">
                    <cc:expression>props['close.stacker'] = true;</cc:expression>
                </cc:eval>
                <cc:copy id="VarToMsg" input="variable" input-variable="vMapsDataXML"/>
            </cc:steps>
        </cc:async-mediation>
        <cc:aggregator id="DataAggregator" routes-to="Prepare.Master.Data.For.High5" collate-when="true" force-batch-on-last-message="false" force-batch-when="props['close.stacker']">
            <cc:size-batch-strategy batch-size="5"/>
            <cc:xml-message-content-collater output="variable" output-variable="vAggregatedPayDataXML">
        <cc:header-text>&lt;MasterRoot></cc:header-text>
        <cc:footer-text>&lt;/MasterRoot></cc:footer-text>
      </cc:xml-message-content-collater>
        </cc:aggregator>
        <cc:async-mediation id="Prepare.Master.Data.For.High5" handle-downstream-errors="true">
            <cc:steps>
                <cc:store execute-when="props['ia.debug.mode']" id="Store1" output="variable" output-variable="vAggregatedPayDataXMLStore" input="variable" input-variable="vAggregatedPayDataXML" expiresIn="P@{props['ia.doc.ret']}D" title="INT5346_PayResult_Aggreagated_Data.xml"/>
                <cc:xslt-plus id="MasterPrep" output="message" input="variable" input-variable="vAggregatedPayDataXML" url="INT5346_Prepare_MasterData_for_High5_v2.xsl"/>
                <cc:xslt-plus id="XsltPlus" output="variable" output-variable="vMasterDataForHigh5XML" url="INT5346_Custom_Validations_High5_v2.xsl"/>
                <cc:store id="Store2" output="variable" output-variable="vMasterDataForHigh5XMLStore" input="variable" input-variable="vMasterDataForHigh5XML" expiresIn="P@{props['ia.doc.ret']}D" title="INT5346_Master_Data_for_High5.xml"/>
                <cc:copy id="Copy" output="variable" output-variable="vMasterDataXML" input="variable" input-variable="vMasterDataForHigh5XML"/>
            </cc:steps>
            <cc:send-error id="SendError" rethrow-error="true" routes-to="PIM-PrepareMasterforHigh5Errors"/>
        </cc:async-mediation>
        <cc:local-out id="PIM-PrepareMasterforHigh5Errors" endpoint="vm://wcc/PutIntegrationMessage">
            <cc:set name="is.message.severity" value="'ERROR'"/>
            <cc:set name="is.message.summary" value="'Error occurred at - '#context.errorComponentId#'. Error Message : '#util.cleanString(context.errorMessage)"/>
            <cc:set name="is.message.detail" value="context.errorMessage"/>
        </cc:local-out>
        <cc:local-out id="Call-AggregatePayData" routes-response-to="Call-ProcessHigh5Data" endpoint="vm://INT5346_Worker_NASTE_Comp_to_Benefits_Module_Update_Boomerang/AggregatePayData"/>
        <cc:workday-out-rest id="NSTAEEmpData" routes-response-to="Prepare.PayResults.Request" extra-path="@{intsys.reportService.getExtrapath('INT5346_Emp_Report')}"/>
        <cc:local-out id="Call-ProcessHigh5Data" routes-response-to="Call-CloseBARAgg" endpoint="vm://INT5346_Worker_NASTE_Comp_to_Benefits_Module_Update_Boomerang/ProcessData"/>
        <cc:workday-out-rest id="ExtractNSTAEEmpData" routes-response-to="Prepare.Get.BAR.Request" extra-path="@{intsys.reportService.getExtrapath('INT5346_Emp_Report')}"/>
        <cc:local-in id="ExtractAnnualRates" routes-to="Get.Worker.BAR.Data"/>
        <cc:async-mediation id="Get.Worker.BAR.Data" routes-to="BARData" handle-downstream-errors="true">
            <cc:steps>
                <cc:eval id="Eval">
                    <cc:expression>props['pExtraPath'] = intsys.reportService.getExtrapath('INT5346_BAR_Report');</cc:expression>
                    <cc:expression>props['pExtraPath'] = props['pExtraPath'] # '?EffectiveAsOfDate=' # props['lp.As.of.EffDate'];</cc:expression>
                </cc:eval>
            </cc:steps>
            <cc:send-error id="SendError" routes-to="PIM-BARRptExecErrors"/>
        </cc:async-mediation>
        <cc:local-out id="PIM-BARRptExecErrors" endpoint="vm://wcc/PutIntegrationMessage">
            <cc:set name="is.message.severity" value="'ERROR'"/>
            <cc:set name="is.message.summary" value="'Error occurred at - '#context.errorComponentId#'. Error Message : '#util.cleanString(context.errorMessage)"/>
            <cc:set name="is.message.detail" value="context.errorMessage"/>
        </cc:local-out>
        <cc:workday-out-rest id="BARData" routes-response-to="CustomRpt.Output.BAR.Report.Data" extra-path="@{props['pExtraPath']}"/>
        <cc:async-mediation id="CustomRpt.Output.BAR.Report.Data">
            <cc:steps>
                <cc:xslt-plus id="XsltPlus" output="variable" output-variable="vBARDataXML" url="INT5346_Transform_BAR_Data_v1.xsl"/>
                <cc:store execute-when="props['ia.debug.mode']" id="Store" output="variable" output-variable="vBARDataXMLStore" input="variable" input-variable="vBARDataXML" expiresIn="P@{props['ia.doc.ret']}D" title="INT5346_WD_BAR_Data.xml"/>
            </cc:steps>
            <cc:send-error id="SendError" routes-to="PIM-BARRptTransformErrors"/>
        </cc:async-mediation>
        <cc:local-out id="PIM-BARRptTransformErrors" endpoint="vm://wcc/PutIntegrationMessage">
            <cc:set name="is.message.severity" value="'ERROR'"/>
            <cc:set name="is.message.summary" value="'Error occurred at - '#context.errorComponentId#'. Error Message : '#util.cleanString(context.errorMessage)"/>
            <cc:set name="is.message.detail" value="context.errorMessage"/>
        </cc:local-out>
        <cc:local-out id="Call-ExtractAnnualRates" routes-response-to="Call-AggData" endpoint="vm://INT5346_Worker_NASTE_Comp_to_Benefits_Module_Update_Boomerang/ExtractAnnualRates"/>
        <cc:local-out id="Call-ExtractAnnualRatesHigh5" routes-response-to="Call-AggregatePayData" endpoint="vm://INT5346_Worker_NASTE_Comp_to_Benefits_Module_Update_Boomerang/ExtractAnnualRates"/>
        <cc:local-in id="ExtractPayResultsData" routes-to="Get.Last.5years.Pay.Data"/>
        <cc:async-mediation id="Get.Last.5years.Pay.Data" routes-to="PayData" handle-downstream-errors="true">
            <cc:steps>
                <cc:write id="Write">
                    <cc:message>
                        <cc:text></cc:text>
                    </cc:message>
                </cc:write>
                <cc:eval id="Eval">
                    <cc:expression>message.removeAllHeaders();</cc:expression>
                    <cc:expression>props['pExtraPath'] = intsys.reportService.getExtrapath('INT5346_5Years_PayData');</cc:expression>
                    <cc:expression>//props['pExtraPath'] = props['pExtraPath'] + '?Result_Lines_Period_Date_Indicator!WID=e3e3e13f80904ee185eab1fbf331aced&amp;Result_Lines_Start_Date=2019-01-18&amp;Result_Lines_End_Date=2024-01-18'</cc:expression>
                </cc:eval>
            </cc:steps>
            <cc:send-error id="SendError" routes-to="PIM-PayDataExtractErrors"/>
        </cc:async-mediation>
        <cc:local-out id="PIM-PayDataExtractErrors" endpoint="vm://wcc/PutIntegrationMessage">
            <cc:set name="is.message.severity" value="'ERROR'"/>
            <cc:set name="is.message.summary" value="'Error occurred at - '#context.errorComponentId#'. Error Message : '#util.cleanString(context.errorMessage)"/>
            <cc:set name="is.message.detail" value="context.errorMessage"/>
        </cc:local-out>
        <cc:workday-out-rest id="PayData" routes-response-to="Transform.5Years.PayResults.Data" extra-path="@{props['pExtraPath']}"/>
        <cc:async-mediation id="Transform.5Years.PayResults.Data">
            <cc:steps>
                <cc:xslt-plus id="PayData" output="variable" output-variable="vPayResultsDataXML" url="INT5346_Transform_5Years_Payroll_Results_v1.xsl"/>
                <cc:store execute-when="props['ia.debug.mode']" id="Store" output="variable" output-variable="vPayResultsDataXMLStore" input="variable" input-variable="vPayResultsDataXML" expiresIn="P@{props['ia.doc.ret']}D" title="INT5346_5Years_Payroll_Results_Data.xml"/>
            </cc:steps>
            <cc:send-error id="SendError" routes-to="PIM-5YearsPayrollResultsDataErrors"/>
        </cc:async-mediation>
        <cc:local-out id="PIM-5YearsPayrollResultsDataErrors" endpoint="vm://wcc/PutIntegrationMessage">
            <cc:set name="is.message.severity" value="'ERROR'"/>
            <cc:set name="is.message.summary" value="'Error occurred at - '#context.errorComponentId#'. Error Message : '#util.cleanString(context.errorMessage)"/>
            <cc:set name="is.message.detail" value="context.errorMessage"/>
        </cc:local-out>
        <cc:local-out id="Call-ExtractPayResultsData" routes-response-to="Call-ExtractAnnualRatesHigh5" endpoint="vm://INT5346_Worker_NASTE_Comp_to_Benefits_Module_Update_Boomerang/ExtractPayResultsData"/>
	</cc:assembly>

</beans>