<?xml version="1.0" encoding="UTF-8"?>
<wdnm:Diagram xmlns:wdnm="http://workday.com/studio/editors/notation">
  <element href="assembly.xml#WorkdayAssembly"/>
  <visualProperties x="50" y="106">
    <element href="assembly.xml#StartHere"/>
  </visualProperties>
  <visualProperties x="113" y="213">
    <element href="assembly.xml#Init"/>
  </visualProperties>
  <visualProperties x="141" y="234">
    <element href="assembly.xml#Init.Props"/>
  </visualProperties>
  <visualProperties x="442" y="278">
    <element href="assembly.xml#PIM-Validation"/>
  </visualProperties>
  <visualProperties x="606" y="278">
    <element href="assembly.xml#PIM-InitErrors"/>
  </visualProperties>
  <visualProperties x="171" y="108">
    <element href="assembly.xml#Call-Init"/>
  </visualProperties>
  <visualProperties x="69" y="473">
    <element href="assembly.xml#//@beans/@mixed.1/@mixed.13"/>
  </visualProperties>
  <visualProperties x="374" y="473">
    <element href="assembly.xml#Note-Error"/>
  </visualProperties>
  <visualProperties x="38" y="409">
    <element href="assembly.xml#ExtractBAR"/>
  </visualProperties>
  <visualProperties x="324" y="482">
    <element href="assembly.xml#Prepare.Get.BAR.Request"/>
  </visualProperties>
  <visualProperties x="504" y="568">
    <element href="assembly.xml#PIM-SOAPRequestErrors"/>
  </visualProperties>
  <visualProperties x="433" y="587">
    <element href="assembly.xml#PagedGetBAR"/>
  </visualProperties>
  <visualProperties x="621" y="587">
    <element href="assembly.xml#Transform.Get.BAR.Response"/>
  </visualProperties>
  <visualProperties x="164" y="799">
    <element href="assembly.xml#AggData"/>
  </visualProperties>
  <visualProperties x="166" y="818">
    <element href="assembly.xml#Agg.Data"/>
  </visualProperties>
  <visualProperties x="309" y="904">
    <element href="assembly.xml#PIM-AggDataErrors"/>
  </visualProperties>
  <visualProperties x="388" y="923">
    <element href="assembly.xml#Stacker.Route"/>
  </visualProperties>
  <visualProperties x="581" y="937">
    <element href="assembly.xml#Employee.Data"/>
  </visualProperties>
  <visualProperties x="686" y="937">
    <element href="assembly.xml#WDBarData"/>
  </visualProperties>
  <visualProperties x="740" y="936">
    <element href="assembly.xml#FileInputsAggregator"/>
  </visualProperties>
  <visualProperties x="926" y="936">
    <element href="assembly.xml#Prepare.Master.Data"/>
  </visualProperties>
  <visualProperties x="1375" y="950">
    <element href="assembly.xml#PIM-PrepareMasterErrors"/>
  </visualProperties>
  <visualProperties x="294" y="118">
    <element href="assembly.xml#Call-ExtractBAR"/>
  </visualProperties>
  <visualProperties x="464" y="119">
    <element href="assembly.xml#Call-AggData"/>
  </visualProperties>
  <visualProperties x="217" y="799">
    <element href="assembly.xml#ExtractPayResults"/>
  </visualProperties>
  <visualProperties x="263" y="841">
    <element href="assembly.xml#Prepare.PayResults.Request"/>
  </visualProperties>
  <visualProperties x="455" y="904">
    <element href="assembly.xml#PIM-SOAPRequestErrors1"/>
  </visualProperties>
  <visualProperties x="480" y="923">
    <element href="assembly.xml#PagedGetPay"/>
  </visualProperties>
  <visualProperties x="653" y="923">
    <element href="assembly.xml#Transform.PayResults.Response"/>
  </visualProperties>
  <visualProperties x="745" y="1318">
    <element href="assembly.xml#Maps.Data"/>
  </visualProperties>
  <visualProperties x="151" y="1653">
    <element href="assembly.xml#ProcessData"/>
  </visualProperties>
  <visualProperties x="197" y="1672">
    <element href="assembly.xml#Copy.Data"/>
  </visualProperties>
  <visualProperties x="540" y="1716">
    <element href="assembly.xml#PIM-CopyErrors"/>
  </visualProperties>
  <visualProperties x="425" y="1777">
    <element href="assembly.xml#Splitter"/>
  </visualProperties>
  <visualProperties x="607" y="1791">
    <element href="assembly.xml#Prepare.Put.Benefit.Annual.Rate.Request"/>
  </visualProperties>
  <visualProperties x="1070" y="1791">
    <element href="assembly.xml#BAR.Audit.Errors"/>
  </visualProperties>
  <visualProperties x="1070" y="1835">
    <element href="assembly.xml#PIM-BARWSErrors"/>
  </visualProperties>
  <visualProperties x="1085" y="1854">
    <element href="assembly.xml#LoadBARData"/>
  </visualProperties>
  <visualProperties x="1244" y="1854">
    <element href="assembly.xml#BAR.Response"/>
  </visualProperties>
  <visualProperties x="1451" y="1854">
    <element href="assembly.xml#PIM-BARErrors"/>
  </visualProperties>
  <visualProperties x="1536" y="1868">
    <element href="assembly.xml#CloseBARAgg"/>
  </visualProperties>
  <visualProperties x="1719" y="1869">
    <element href="assembly.xml#BARAggregator"/>
  </visualProperties>
  <visualProperties x="1779" y="1868">
    <element href="assembly.xml#Store.BAR.Audit.Data"/>
  </visualProperties>
  <visualProperties x="2040" y="1869">
    <element href="assembly.xml#PIM-Store-BAR-Audit-Data-Errors"/>
  </visualProperties>
  <visualProperties x="2055" y="1854">
    <element href="assembly.xml#PIM-StoreBARAudit"/>
  </visualProperties>
  <visualProperties x="850" y="133">
    <element href="assembly.xml#Call-ProcessData"/>
  </visualProperties>
  <visualProperties x="1033" y="150">
    <element href="assembly.xml#Call-CloseBARAgg"/>
  </visualProperties>
  <visualProperties x="92" y="495">
    <element href="assembly.xml#GetEmpData"/>
  </visualProperties>
  <visualProperties x="96" y="537">
    <element href="assembly.xml#Get.Worker.Data"/>
  </visualProperties>
  <visualProperties x="232" y="600">
    <element href="assembly.xml#PIM-RptExecErrors"/>
  </visualProperties>
  <visualProperties x="288" y="619">
    <element href="assembly.xml#EmpData"/>
  </visualProperties>
  <visualProperties x="386" y="619">
    <element href="assembly.xml#CustomRpt.Output.Worker"/>
  </visualProperties>
  <visualProperties x="621" y="633">
    <element href="assembly.xml#PIM-RptTransformErrors"/>
  </visualProperties>
  <visualProperties x="151" y="152">
    <element href="assembly.xml#Call-GetEmpData"/>
  </visualProperties>
  <visualProperties x="1051" y="157">
    <element href="assembly.xml#Call-ExtractPayResults"/>
  </visualProperties>
  <visualProperties x="-47" y="2003">
    <element href="assembly.xml#AggregatePayData"/>
  </visualProperties>
  <visualProperties x="158" y="2031">
    <element href="assembly.xml#Agg.Pay.Data"/>
  </visualProperties>
  <visualProperties x="502" y="2079">
    <element href="assembly.xml#PIM-AggPayDataErrors"/>
  </visualProperties>
  <visualProperties x="502" y="2113">
    <element href="assembly.xml#Stacker.Route1"/>
  </visualProperties>
  <visualProperties x="504" y="2127">
    <element href="assembly.xml#PayResult.Data"/>
  </visualProperties>
  <visualProperties x="637" y="2127">
    <element href="assembly.xml#WD.BAR.Data"/>
  </visualProperties>
  <visualProperties x="637" y="2140">
    <element href="assembly.xml#Mappings.Data"/>
  </visualProperties>
  <visualProperties x="704" y="2202">
    <element href="assembly.xml#DataAggregator"/>
  </visualProperties>
  <visualProperties x="876" y="2188">
    <element href="assembly.xml#Prepare.Master.Data.For.High5"/>
  </visualProperties>
  <visualProperties x="1227" y="2202">
    <element href="assembly.xml#PIM-PrepareMasterforHigh5Errors"/>
  </visualProperties>
  <visualProperties x="1254" y="164">
    <element href="assembly.xml#Call-AggregatePayData"/>
  </visualProperties>
  <visualProperties x="124" y="1305">
    <element href="assembly.xml#NSTAEEmpData"/>
  </visualProperties>
  <visualProperties x="1481" y="140">
    <element href="assembly.xml#Call-ProcessHigh5Data"/>
  </visualProperties>
  <visualProperties x="699" y="955">
    <element href="assembly.xml#ExtractNSTAEEmpData"/>
  </visualProperties>
  <visualProperties x="501" y="1153">
    <element href="assembly.xml#ExtractAnnualRates"/>
  </visualProperties>
  <visualProperties x="501" y="1172">
    <element href="assembly.xml#Get.Worker.BAR.Data"/>
  </visualProperties>
  <visualProperties x="501" y="1216">
    <element href="assembly.xml#PIM-BARRptExecErrors"/>
  </visualProperties>
  <visualProperties x="655" y="1216">
    <element href="assembly.xml#BARData"/>
  </visualProperties>
  <visualProperties x="792" y="1216">
    <element href="assembly.xml#CustomRpt.Output.BAR.Report.Data"/>
  </visualProperties>
  <visualProperties x="1062" y="1216">
    <element href="assembly.xml#PIM-BARRptTransformErrors"/>
  </visualProperties>
  <visualProperties x="569" y="208">
    <element href="assembly.xml#Call-ExtractAnnualRates"/>
  </visualProperties>
  <visualProperties x="1942" y="187">
    <element href="assembly.xml#Call-ExtractAnnualRatesHigh5"/>
  </visualProperties>
  <visualProperties x="303" y="1947">
    <element href="assembly.xml#ExtractPayResultsData"/>
  </visualProperties>
  <visualProperties x="303" y="1966">
    <element href="assembly.xml#Get.Last.5years.Pay.Data"/>
  </visualProperties>
  <visualProperties x="480" y="2010">
    <element href="assembly.xml#PIM-PayDataExtractErrors"/>
  </visualProperties>
  <visualProperties x="707" y="2010">
    <element href="assembly.xml#PayData"/>
  </visualProperties>
  <visualProperties x="840" y="2010">
    <element href="assembly.xml#Transform.5Years.PayResults.Data"/>
  </visualProperties>
  <visualProperties x="1105" y="2010">
    <element href="assembly.xml#PIM-5YearsPayrollResultsDataErrors"/>
  </visualProperties>
  <visualProperties x="1183" y="243">
    <element href="assembly.xml#Call-ExtractPayResultsData"/>
  </visualProperties>
  <connections type="routesTo" sourceAnchorX="1.0" sourceAnchorY="0.5666666666666667" targetAnchorX="0.2748091603053435" targetAnchorY="0.35135135135135137">
    <source href="assembly.xml#//@beans/@mixed.1/@mixed.5/@mixed.3"/>
    <target href="assembly.xml#PIM-InitErrors"/>
  </connections>
  <connections type="routesTo" sourceAnchorX="1.0" sourceAnchorY="0.48" targetAnchorX="0.23880597014925373" targetAnchorY="0.08108108108108109">
    <source href="assembly.xml#Init.Props"/>
    <target href="assembly.xml#PIM-Validation"/>
  </connections>
  <connections type="routesTo" sourceAnchorX="1.0" sourceAnchorY="0.43243243243243246" targetAnchorX="0.42424242424242425" targetAnchorY="0.35135135135135137">
    <source href="assembly.xml#StartHere"/>
    <target href="assembly.xml#Call-Init"/>
  </connections>
  <connections type="routesTo" sourceAnchorX="0.9669421487603306" sourceAnchorY="0.43243243243243246" targetAnchorX="0.06060606060606061" targetAnchorY="0.3783783783783784">
    <source href="assembly.xml#//@beans/@mixed.1/@mixed.13"/>
    <target href="assembly.xml#Note-Error"/>
  </connections>
  <connections type="routesTo" sourceAnchorX="1.0" sourceAnchorY="0.5675675675675675" targetAnchorX="0.09740259740259741" targetAnchorY="0.2972972972972973">
    <source href="assembly.xml#ExtractBAR"/>
    <target href="assembly.xml#ExtractNSTAEEmpData"/>
  </connections>
  <connections type="routesTo" sourceAnchorX="0.5091575091575091" sourceAnchorY="1.0" targetAnchorX="0.4175257731958763" targetAnchorY="0.3783783783783784">
    <source href="assembly.xml#//@beans/@mixed.1/@mixed.19/@mixed.3"/>
    <target href="assembly.xml#PIM-SOAPRequestErrors"/>
  </connections>
  <connections type="routesTo" sourceAnchorX="1.0" sourceAnchorY="0.448" targetAnchorX="0.08227848101265822" targetAnchorY="0.5135135135135135">
    <source href="assembly.xml#Prepare.Get.BAR.Request"/>
    <target href="assembly.xml#PagedGetBAR"/>
  </connections>
  <connections type="routesTo" sourceAnchorX="0.29207920792079206" sourceAnchorY="1.0" targetAnchorX="0.6391752577319587" targetAnchorY="0.5945945945945946">
    <source href="assembly.xml#//@beans/@mixed.1/@mixed.25/@mixed.3"/>
    <target href="assembly.xml#PIM-SOAPRequestErrors"/>
    <bendpoints sourceX="-29" sourceY="38" targetX="312" targetY="1"/>
  </connections>
  <connections type="routesResponseTo" sourceAnchorX="1.0" sourceAnchorY="0.6486486486486487" targetAnchorX="0.15789473684210525" targetAnchorY="0.432">
    <source href="assembly.xml#PagedGetBAR"/>
    <target href="assembly.xml#Transform.Get.BAR.Response"/>
  </connections>
  <connections type="routesTo" sourceAnchorX="1.0" sourceAnchorY="0.5945945945945946" targetAnchorX="0.3684210526315789" targetAnchorY="0.232">
    <source href="assembly.xml#Init"/>
    <target href="assembly.xml#Init.Props"/>
  </connections>
  <connections type="routesTo" sourceAnchorX="0.5824175824175825" sourceAnchorY="1.0" targetAnchorX="0.4506172839506173" targetAnchorY="0.2702702702702703">
    <source href="assembly.xml#//@beans/@mixed.1/@mixed.29/@mixed.3"/>
    <target href="assembly.xml#PIM-AggDataErrors"/>
  </connections>
  <connections type="routesTo" sourceAnchorX="1.0" sourceAnchorY="0.6216216216216216" targetAnchorX="0.5408163265306123" targetAnchorY="0.504">
    <source href="assembly.xml#AggData"/>
    <target href="assembly.xml#Agg.Data"/>
  </connections>
  <connections type="routesTo" sourceAnchorX="1.0" sourceAnchorY="0.416" targetAnchorX="0.3559322033898305" targetAnchorY="0.33507853403141363">
    <source href="assembly.xml#Agg.Data"/>
    <target href="assembly.xml#Stacker.Route"/>
  </connections>
  <connections type="routesTo" sourceAnchorX="1.0" sourceAnchorY="0.4411764705882353" targetAnchorX="0.17757009345794392">
    <source href="assembly.xml#//@beans/@mixed.1/@route.0/@subRoute.1"/>
    <target href="assembly.xml#WDBarData"/>
  </connections>
  <connections type="routesTo" sourceAnchorX="1.0" sourceAnchorY="0.47058823529411764" targetAnchorX="0.3" targetAnchorY="0.6595744680851063">
    <source href="assembly.xml#//@beans/@mixed.1/@route.0/@subRoute.0"/>
    <target href="assembly.xml#Employee.Data"/>
  </connections>
  <connections type="routesTo" sourceAnchorX="1.0" sourceAnchorY="0.5425531914893617" targetAnchorX="0.14102564102564102" targetAnchorY="0.5660377358490566">
    <source href="assembly.xml#WDBarData"/>
    <target href="assembly.xml#FileInputsAggregator"/>
  </connections>
  <connections type="routesTo" sourceAnchorX="1.0" sourceAnchorY="0.5638297872340425" targetAnchorX="0.08333333333333333" targetAnchorY="0.5471698113207547">
    <source href="assembly.xml#Employee.Data"/>
    <target href="assembly.xml#FileInputsAggregator"/>
  </connections>
  <connections type="routesTo" sourceAnchorX="0.473551637279597" sourceAnchorY="1.0" targetAnchorX="0.3520408163265306" targetAnchorY="0.32432432432432434">
    <source href="assembly.xml#//@beans/@mixed.1/@mixed.41/@mixed.3"/>
    <target href="assembly.xml#PIM-PrepareMasterErrors"/>
  </connections>
  <connections type="routesTo" sourceAnchorX="1.0" sourceAnchorY="0.8113207547169812" targetAnchorX="0.0297029702970297" targetAnchorY="0.336">
    <source href="assembly.xml#FileInputsAggregator"/>
    <target href="assembly.xml#Prepare.Master.Data"/>
  </connections>
  <connections type="routesResponseTo" sourceAnchorX="1.0" sourceAnchorY="0.4594594594594595" targetAnchorX="0.33116883116883117" targetAnchorY="0.35135135135135137">
    <source href="assembly.xml#Call-Init"/>
    <target href="assembly.xml#Call-GetEmpData"/>
  </connections>
  <connections type="routesTo" sourceAnchorX="0.5743589743589743" sourceAnchorY="1.0" targetAnchorX="0.39303482587064675" targetAnchorY="0.2972972972972973">
    <source href="assembly.xml#//@beans/@mixed.1/@mixed.51/@mixed.3"/>
    <target href="assembly.xml#PIM-SOAPRequestErrors1"/>
  </connections>
  <connections type="routesTo" sourceAnchorX="1.0" sourceAnchorY="0.6486486486486487" targetAnchorX="0.31896551724137934" targetAnchorY="0.3783783783783784">
    <source href="assembly.xml#ExtractPayResults"/>
    <target href="assembly.xml#NSTAEEmpData"/>
  </connections>
  <connections type="routesTo" sourceAnchorX="0.26066350710900477" sourceAnchorY="1.0" targetAnchorX="0.7562189054726368" targetAnchorY="0.40540540540540543">
    <source href="assembly.xml#//@beans/@mixed.1/@mixed.57/@mixed.3"/>
    <target href="assembly.xml#PIM-SOAPRequestErrors1"/>
    <bendpoints sourceX="-30" sourceY="29" targetX="294" targetY="-1"/>
  </connections>
  <connections type="routesTo" sourceAnchorX="1.0" sourceAnchorY="0.44" targetAnchorX="0.08333333333333333" targetAnchorY="0.40540540540540543">
    <source href="assembly.xml#Prepare.PayResults.Request"/>
    <target href="assembly.xml#PagedGetPay"/>
  </connections>
  <connections type="routesResponseTo" sourceAnchorX="1.0" sourceAnchorY="0.4594594594594595" targetAnchorX="0.1651376146788991" targetAnchorY="0.392">
    <source href="assembly.xml#PagedGetPay"/>
    <target href="assembly.xml#Transform.PayResults.Response"/>
  </connections>
  <connections type="routesTo" sourceAnchorX="1.0" sourceAnchorY="0.6764705882352942" targetAnchorX="0.5742574257425742" targetAnchorY="0.40425531914893614">
    <source href="assembly.xml#//@beans/@mixed.1/@route.0/@subRoute.2"/>
    <target href="assembly.xml#Maps.Data"/>
  </connections>
  <connections type="routesTo" sourceAnchorX="1.0" sourceAnchorY="0.6276595744680851" targetAnchorX="0.25">
    <source href="assembly.xml#Maps.Data"/>
    <target href="assembly.xml#FileInputsAggregator"/>
  </connections>
  <connections type="routesTo" sourceAnchorX="1.0" sourceAnchorY="0.5405405405405406" targetAnchorX="0.17891373801916932" targetAnchorY="0.376">
    <source href="assembly.xml#ProcessData"/>
    <target href="assembly.xml#Copy.Data"/>
  </connections>
  <connections type="routesTo" sourceAnchorX="0.5294117647058824" sourceAnchorY="1.0" targetAnchorX="0.42134831460674155" targetAnchorY="0.32432432432432434">
    <source href="assembly.xml#//@beans/@mixed.1/@mixed.63/@mixed.3"/>
    <target href="assembly.xml#PIM-CopyErrors"/>
  </connections>
  <connections type="routesTo" sourceAnchorX="1.0" sourceAnchorY="0.376" targetAnchorX="0.1588785046728972" targetAnchorY="0.44805194805194803">
    <source href="assembly.xml#Copy.Data"/>
    <target href="assembly.xml#Splitter"/>
  </connections>
  <connections type="routesTo" sourceAnchorX="1.0" sourceAnchorY="0.6176470588235294" targetAnchorX="0.02591792656587473" targetAnchorY="0.24">
    <source href="assembly.xml#//@beans/@mixed.1/@splitter.0/@subRoute.0"/>
    <target href="assembly.xml#Prepare.Put.Benefit.Annual.Rate.Request"/>
  </connections>
  <connections type="routesTo" sourceAnchorX="1.0" sourceAnchorY="0.432" targetAnchorX="0.023255813953488372" targetAnchorY="0.5405405405405406">
    <source href="assembly.xml#Prepare.Put.Benefit.Annual.Rate.Request"/>
    <target href="assembly.xml#LoadBARData"/>
  </connections>
  <connections type="routesTo" sourceAnchorX="0.5701754385964912" sourceAnchorY="1.0" targetAnchorX="0.47540983606557374" targetAnchorY="0.096">
    <source href="assembly.xml#//@beans/@mixed.1/@mixed.69/@mixed.3"/>
    <target href="assembly.xml#BAR.Audit.Errors"/>
  </connections>
  <connections type="routesTo" sourceAnchorX="0.6193181818181818" sourceAnchorY="1.0" targetAnchorX="0.46153846153846156" targetAnchorY="0.3783783783783784">
    <source href="assembly.xml#//@beans/@mixed.1/@mixed.71/@mixed.3"/>
    <target href="assembly.xml#PIM-BARWSErrors"/>
  </connections>
  <connections type="routesTo" sourceAnchorX="0.5117647058823529" sourceAnchorY="1.0" targetAnchorX="0.3850267379679144" targetAnchorY="0.5945945945945946">
    <source href="assembly.xml#//@beans/@mixed.1/@mixed.77/@mixed.3"/>
    <target href="assembly.xml#PIM-BARErrors"/>
  </connections>
  <connections type="routesResponseTo" sourceAnchorX="1.0" sourceAnchorY="0.5405405405405406" targetAnchorX="0.06779661016949153" targetAnchorY="0.32">
    <source href="assembly.xml#LoadBARData"/>
    <target href="assembly.xml#BAR.Response"/>
  </connections>
  <connections type="routesTo" sourceAnchorX="0.5683060109289617" sourceAnchorY="1.0" targetAnchorX="0.39869281045751637" targetAnchorY="0.2830188679245283">
    <source href="assembly.xml#CloseBARAgg"/>
    <target href="assembly.xml#BARAggregator"/>
  </connections>
  <connections type="routesTo" sourceAnchorX="1.0" sourceAnchorY="0.416" targetAnchorX="0.16993464052287582" targetAnchorY="0.7169811320754716">
    <source href="assembly.xml#BAR.Response"/>
    <target href="assembly.xml#BARAggregator"/>
  </connections>
  <connections type="routesTo" sourceAnchorX="1.0" sourceAnchorY="0.4528301886792453" targetAnchorX="0.07279693486590039" targetAnchorY="0.336">
    <source href="assembly.xml#BARAggregator"/>
    <target href="assembly.xml#Store.BAR.Audit.Data"/>
  </connections>
  <connections type="routesTo" sourceAnchorX="1.0" sourceAnchorY="0.376" targetAnchorX="0.15527950310559005" targetAnchorY="0.35135135135135137">
    <source href="assembly.xml#Store.BAR.Audit.Data"/>
    <target href="assembly.xml#PIM-StoreBARAudit"/>
  </connections>
  <connections type="routesTo" sourceAnchorX="0.49606299212598426" sourceAnchorY="1.0" targetAnchorX="0.38396624472573837" targetAnchorY="0.7837837837837838">
    <source href="assembly.xml#//@beans/@mixed.1/@mixed.85/@mixed.3"/>
    <target href="assembly.xml#PIM-Store-BAR-Audit-Data-Errors"/>
  </connections>
  <connections type="routesResponseTo" sourceAnchorX="1.0" sourceAnchorY="0.40540540540540543" targetAnchorX="0.3096774193548387" targetAnchorY="0.16216216216216217">
    <source href="assembly.xml#Call-AggData"/>
    <target href="assembly.xml#Call-ProcessData"/>
  </connections>
  <connections type="routesTo" sourceAnchorX="1.0" sourceAnchorY="0.616" targetAnchorX="0.05228758169934641" targetAnchorY="0.7075471698113207">
    <source href="assembly.xml#BAR.Audit.Errors"/>
    <target href="assembly.xml#BARAggregator"/>
    <bendpoints sourceX="85" sourceY="106" targetX="-560" targetY="109"/>
    <bendpoints sourceX="600" sourceY="105" targetX="-45" targetY="108"/>
  </connections>
  <connections type="routesTo" sourceAnchorX="1.0" sourceAnchorY="0.416" targetAnchorX="0.1651376146788991" targetAnchorY="0.4594594594594595">
    <source href="assembly.xml#Get.Worker.Data"/>
    <target href="assembly.xml#EmpData"/>
  </connections>
  <connections type="routesTo" sourceAnchorX="1.0" sourceAnchorY="0.43243243243243246" targetAnchorX="0.2867647058823529" targetAnchorY="0.368">
    <source href="assembly.xml#GetEmpData"/>
    <target href="assembly.xml#Get.Worker.Data"/>
  </connections>
  <connections type="routesTo" sourceAnchorX="0.5348837209302325" sourceAnchorY="1.0" targetAnchorX="0.3615819209039548" targetAnchorY="0.24324324324324326">
    <source href="assembly.xml#//@beans/@mixed.1/@mixed.97/@mixed.3"/>
    <target href="assembly.xml#PIM-RptExecErrors"/>
  </connections>
  <connections type="routesTo" sourceAnchorX="0.5027322404371585" sourceAnchorY="1.0" targetAnchorX="0.3546099290780142" targetAnchorY="0.2972972972972973">
    <source href="assembly.xml#//@beans/@mixed.1/@mixed.103/@mixed.3"/>
    <target href="assembly.xml#PIM-RptTransformErrors"/>
  </connections>
  <connections type="routesResponseTo" sourceAnchorX="1.0" sourceAnchorY="0.5405405405405406" targetAnchorX="0.3" targetAnchorY="0.44">
    <source href="assembly.xml#EmpData"/>
    <target href="assembly.xml#CustomRpt.Output.Worker"/>
  </connections>
  <connections type="routesResponseTo" sourceAnchorX="1.0" sourceAnchorY="0.4594594594594595" targetAnchorX="0.07368421052631578" targetAnchorY="0.7567567567567568">
    <source href="assembly.xml#Call-GetEmpData"/>
    <target href="assembly.xml#Call-ExtractAnnualRates"/>
  </connections>
  <connections type="routesResponseTo" sourceAnchorX="1.0" sourceAnchorY="0.5405405405405406" targetAnchorX="0.2076923076923077" targetAnchorY="0.3783783783783784">
    <source href="assembly.xml#Call-ExtractBAR"/>
    <target href="assembly.xml#Call-AggData"/>
  </connections>
  <connections type="routesTo" sourceAnchorX="0.5700934579439252" sourceAnchorY="1.0" targetAnchorX="0.41208791208791207" targetAnchorY="0.35135135135135137">
    <source href="assembly.xml#//@beans/@mixed.1/@mixed.113/@mixed.3"/>
    <target href="assembly.xml#PIM-AggPayDataErrors"/>
  </connections>
  <connections type="routesTo" sourceAnchorX="1.0" sourceAnchorY="0.43243243243243246" targetAnchorX="0.3684210526315789" targetAnchorY="0.368">
    <source href="assembly.xml#AggregatePayData"/>
    <target href="assembly.xml#Agg.Pay.Data"/>
  </connections>
  <connections type="routesTo" sourceAnchorX="1.0" sourceAnchorY="0.416" targetAnchorX="0.576" targetAnchorY="0.30701754385964913">
    <source href="assembly.xml#Agg.Pay.Data"/>
    <target href="assembly.xml#Stacker.Route1"/>
  </connections>
  <connections type="routesTo" sourceAnchorX="1.0" targetAnchorX="0.20714285714285716" targetAnchorY="0.7021276595744681">
    <source href="assembly.xml#//@beans/@mixed.1/@route.1/@subRoute.2"/>
    <target href="assembly.xml#Mappings.Data"/>
  </connections>
  <connections type="routesTo" sourceAnchorX="1.0" targetAnchorX="0.12781954887218044" targetAnchorY="0.32978723404255317">
    <source href="assembly.xml#//@beans/@mixed.1/@route.1/@subRoute.0"/>
    <target href="assembly.xml#PayResult.Data"/>
  </connections>
  <connections type="routesTo" sourceAnchorX="1.0" sourceAnchorY="0.47058823529411764" targetAnchorX="0.2631578947368421" targetAnchorY="0.48936170212765956">
    <source href="assembly.xml#//@beans/@mixed.1/@route.1/@subRoute.1"/>
    <target href="assembly.xml#WD.BAR.Data"/>
  </connections>
  <connections type="routesTo" sourceAnchorX="1.0" sourceAnchorY="0.6063829787234043" targetAnchorX="0.11764705882352941" targetAnchorY="0.5660377358490566">
    <source href="assembly.xml#PayResult.Data"/>
    <target href="assembly.xml#DataAggregator"/>
  </connections>
  <connections type="routesTo" sourceAnchorX="1.0" sourceAnchorY="0.5212765957446809" targetAnchorX="0.27450980392156865" targetAnchorY="0.49056603773584906">
    <source href="assembly.xml#WD.BAR.Data"/>
    <target href="assembly.xml#DataAggregator"/>
  </connections>
  <connections type="routesTo" sourceAnchorX="1.0" sourceAnchorY="0.6276595744680851" targetAnchorX="0.0915032679738562" targetAnchorY="0.4811320754716981">
    <source href="assembly.xml#Mappings.Data"/>
    <target href="assembly.xml#DataAggregator"/>
  </connections>
  <connections type="routesTo" sourceAnchorX="0.5418060200668896" sourceAnchorY="1.0" targetAnchorX="0.3793103448275862" targetAnchorY="0.40540540540540543">
    <source href="assembly.xml#//@beans/@mixed.1/@mixed.127/@mixed.3"/>
    <target href="assembly.xml#PIM-PrepareMasterforHigh5Errors"/>
  </connections>
  <connections type="routesTo" sourceAnchorX="1.0" sourceAnchorY="0.7452830188679245" targetAnchorX="0.10457516339869281" targetAnchorY="0.376">
    <source href="assembly.xml#DataAggregator"/>
    <target href="assembly.xml#Prepare.Master.Data.For.High5"/>
  </connections>
  <connections type="routesResponseTo" sourceAnchorX="1.0" sourceAnchorY="0.4864864864864865" targetAnchorX="0.26903553299492383" targetAnchorY="0.40540540540540543">
    <source href="assembly.xml#Call-ExtractPayResults"/>
    <target href="assembly.xml#Call-ExtractAnnualRatesHigh5"/>
  </connections>
  <connections type="routesResponseTo" sourceAnchorX="1.0" sourceAnchorY="0.43243243243243246" targetAnchorX="0.24257425742574257" targetAnchorY="0.328">
    <source href="assembly.xml#NSTAEEmpData"/>
    <target href="assembly.xml#Prepare.PayResults.Request"/>
  </connections>
  <connections type="routesResponseTo" sourceAnchorX="1.0" sourceAnchorY="0.5135135135135135" targetAnchorX="0.16666666666666666" targetAnchorY="0.32432432432432434">
    <source href="assembly.xml#Call-AggregatePayData"/>
    <target href="assembly.xml#Call-ProcessHigh5Data"/>
  </connections>
  <connections type="routesResponseTo" sourceAnchorX="1.0" sourceAnchorY="0.5405405405405406" targetAnchorX="0.16770186335403728" targetAnchorY="0.1891891891891892">
    <source href="assembly.xml#Call-ProcessHigh5Data"/>
    <target href="assembly.xml#Call-CloseBARAgg"/>
  </connections>
  <connections type="routesResponseTo" sourceAnchorX="1.0" sourceAnchorY="0.5945945945945946" targetAnchorX="0.0972972972972973" targetAnchorY="0.44">
    <source href="assembly.xml#ExtractNSTAEEmpData"/>
    <target href="assembly.xml#Prepare.Get.BAR.Request"/>
  </connections>
  <connections type="routesTo" sourceAnchorX="1.0" sourceAnchorY="0.424" targetAnchorX="0.12149532710280374" targetAnchorY="0.5135135135135135">
    <source href="assembly.xml#Get.Worker.BAR.Data"/>
    <target href="assembly.xml#BARData"/>
  </connections>
  <connections type="routesTo" sourceAnchorX="0.5021459227467812" sourceAnchorY="1.0" targetAnchorX="0.413953488372093" targetAnchorY="0.2972972972972973">
    <source href="assembly.xml#//@beans/@mixed.1/@mixed.147/@mixed.3"/>
    <target href="assembly.xml#PIM-BARRptTransformErrors"/>
  </connections>
  <connections type="routesTo" sourceAnchorX="0.4900662251655629" sourceAnchorY="1.0" targetAnchorX="0.3967391304347826" targetAnchorY="0.02702702702702703">
    <source href="assembly.xml#//@beans/@mixed.1/@mixed.141/@mixed.3"/>
    <target href="assembly.xml#PIM-BARRptExecErrors"/>
  </connections>
  <connections type="routesTo" sourceAnchorX="1.0" sourceAnchorY="0.5405405405405406" targetAnchorX="0.2088607594936709" targetAnchorY="0.384">
    <source href="assembly.xml#ExtractAnnualRates"/>
    <target href="assembly.xml#Get.Worker.BAR.Data"/>
  </connections>
  <connections type="routesResponseTo" sourceAnchorX="1.0" sourceAnchorY="0.5405405405405406" targetAnchorX="0.11666666666666667" targetAnchorY="0.496">
    <source href="assembly.xml#BARData"/>
    <target href="assembly.xml#CustomRpt.Output.BAR.Report.Data"/>
  </connections>
  <connections type="routesResponseTo" sourceAnchorX="1.0" sourceAnchorY="0.4594594594594595" targetAnchorX="0.05384615384615385" targetAnchorY="0.2702702702702703">
    <source href="assembly.xml#Call-ExtractAnnualRates"/>
    <target href="assembly.xml#Call-AggData"/>
  </connections>
  <connections type="routesResponseTo" sourceAnchorX="1.0" sourceAnchorY="0.5945945945945946" targetAnchorX="0.12432432432432433" targetAnchorY="0.43243243243243246">
    <source href="assembly.xml#Call-ExtractAnnualRatesHigh5"/>
    <target href="assembly.xml#Call-AggregatePayData"/>
  </connections>
  <connections type="routesTo" sourceAnchorX="0.5131578947368421" sourceAnchorY="1.0" targetAnchorX="0.3281853281853282" targetAnchorY="0.32432432432432434">
    <source href="assembly.xml#//@beans/@mixed.1/@mixed.163/@mixed.3"/>
    <target href="assembly.xml#PIM-5YearsPayrollResultsDataErrors"/>
  </connections>
  <connections type="routesResponseTo" sourceAnchorX="1.0" sourceAnchorY="0.6216216216216216" targetAnchorX="0.225531914893617" targetAnchorY="0.344">
    <source href="assembly.xml#PayData"/>
    <target href="assembly.xml#Transform.5Years.PayResults.Data"/>
  </connections>
  <connections type="routesTo" sourceAnchorX="1.0" sourceAnchorY="0.352" targetAnchorX="0.36893203883495146" targetAnchorY="0.7837837837837838">
    <source href="assembly.xml#Get.Last.5years.Pay.Data"/>
    <target href="assembly.xml#PayData"/>
  </connections>
  <connections type="routesTo" sourceAnchorX="1.0" sourceAnchorY="0.5675675675675675" targetAnchorX="0.44692737430167595" targetAnchorY="0.296">
    <source href="assembly.xml#ExtractPayResultsData"/>
    <target href="assembly.xml#Get.Last.5years.Pay.Data"/>
  </connections>
  <connections type="routesTo" sourceAnchorX="0.5174418604651163" sourceAnchorY="1.0" targetAnchorX="0.3756345177664975" targetAnchorY="0.5675675675675675">
    <source href="assembly.xml#//@beans/@mixed.1/@mixed.157/@mixed.3"/>
    <target href="assembly.xml#PIM-PayDataExtractErrors"/>
  </connections>
  <connections type="routesResponseTo" sourceAnchorX="1.0" sourceAnchorY="0.43243243243243246" targetAnchorX="0.08968609865470852" targetAnchorY="0.05405405405405406">
    <source href="assembly.xml#Call-ExtractPayResultsData"/>
    <target href="assembly.xml#Call-ExtractAnnualRatesHigh5"/>
  </connections>
  <connections type="routesResponseTo" sourceAnchorX="1.0" sourceAnchorY="0.32432432432432434" targetAnchorX="0.0673076923076923" targetAnchorY="0.7297297297297297">
    <source href="assembly.xml#Call-ProcessData"/>
    <target href="assembly.xml#Call-ExtractPayResultsData"/>
  </connections>
  <swimlanes x="44" y="30" font="Calibri|14|1" bgColor="8421440" fontColor="1" name="INT5346 Worker NSTAE Comp to Benefits Module Update Boomerang" orientation="VERTICAL" elements="//@swimlanes.1 //@swimlanes.2 //@swimlanes.19 //@swimlanes.5 //@swimlanes.27 //@swimlanes.11 //@swimlanes.31 //@swimlanes.7 //@swimlanes.22 //@swimlanes.13 //@swimlanes.4" labelAlignment="LEFT"/>
  <swimlanes x="28" y="61" font="Calibri|12|1" fontColor="1" name="Main" alignment="MIDDLE" labelAlignment="LEFT">
    <elements href="assembly.xml#StartHere"/>
    <elements href="assembly.xml#Call-Init"/>
    <elements href="assembly.xml#Call-GetEmpData"/>
    <elements href="#//@swimlanes.30"/>
    <elements href="assembly.xml#Call-AggData"/>
    <elements href="assembly.xml#Call-ProcessData"/>
    <elements href="#//@swimlanes.34"/>
    <elements href="assembly.xml#Call-ExtractAnnualRatesHigh5"/>
    <elements href="assembly.xml#Call-AggregatePayData"/>
    <elements href="assembly.xml#Call-ProcessHigh5Data"/>
    <elements href="assembly.xml#Call-CloseBARAgg"/>
  </swimlanes>
  <swimlanes x="77" y="162" font="Calibri|12|1" fontColor="1" name="Initialization" alignment="MIDDLE" labelAlignment="LEFT">
    <elements href="assembly.xml#Init"/>
    <elements href="assembly.xml#Init.Props"/>
    <elements href="#//@swimlanes.3"/>
  </swimlanes>
  <swimlanes x="444" y="312" name="" orientation="VERTICAL" alignment="MIDDLE">
    <elements href="assembly.xml#PIM-Validation"/>
    <elements href="assembly.xml#PIM-InitErrors"/>
  </swimlanes>
  <swimlanes x="76" y="405" font="Calibri|12|1" bgColor="255" fontColor="1" name="Global Error Handler" alignment="MIDDLE" labelAlignment="LEFT">
    <elements href="assembly.xml#Note-Error"/>
    <elements href="assembly.xml#//@beans/@mixed.1/@mixed.13"/>
  </swimlanes>
  <swimlanes x="48" y="418" font="Calibri|12|1" lineStyle="DASH" fontColor="1" name="Extract Employee Benefit Annual Rates using Web Service" alignment="MIDDLE" labelAlignment="LEFT">
    <elements href="assembly.xml#ExtractBAR"/>
    <elements href="assembly.xml#ExtractNSTAEEmpData"/>
    <elements href="#//@swimlanes.6"/>
    <elements href="assembly.xml#PagedGetBAR"/>
    <elements href="assembly.xml#Transform.Get.BAR.Response"/>
  </swimlanes>
  <swimlanes x="164" y="516" name="" orientation="VERTICAL" alignment="MIDDLE">
    <elements href="assembly.xml#Prepare.Get.BAR.Request"/>
    <elements href="assembly.xml#PIM-SOAPRequestErrors"/>
  </swimlanes>
  <swimlanes x="79" y="765" font="Calibri|12|1" fontColor="1" name="Aggregate Data" alignment="MIDDLE" labelAlignment="LEFT">
    <elements href="assembly.xml#AggData"/>
    <elements href="#//@swimlanes.8"/>
    <elements href="assembly.xml#Stacker.Route"/>
    <elements href="#//@swimlanes.9"/>
    <elements href="assembly.xml#FileInputsAggregator"/>
    <elements href="#//@swimlanes.10"/>
  </swimlanes>
  <swimlanes x="169" y="900" name="" orientation="VERTICAL" alignment="MIDDLE">
    <elements href="assembly.xml#Agg.Data"/>
    <elements href="assembly.xml#PIM-AggDataErrors"/>
  </swimlanes>
  <swimlanes x="531" y="927" name="" orientation="VERTICAL" alignment="MIDDLE">
    <elements href="assembly.xml#Employee.Data"/>
    <elements href="assembly.xml#WDBarData"/>
    <elements href="assembly.xml#Maps.Data"/>
  </swimlanes>
  <swimlanes x="940" y="969" name="" orientation="VERTICAL" alignment="MIDDLE">
    <elements href="assembly.xml#Prepare.Master.Data"/>
    <elements href="assembly.xml#PIM-PrepareMasterErrors"/>
  </swimlanes>
  <swimlanes x="61" y="760" font="Calibri|12|1" fontColor="1" name="Extract Pay Result Data" alignment="MIDDLE" labelAlignment="LEFT">
    <elements href="assembly.xml#ExtractPayResults"/>
    <elements href="assembly.xml#NSTAEEmpData"/>
    <elements href="#//@swimlanes.12"/>
    <elements href="assembly.xml#PagedGetPay"/>
    <elements href="assembly.xml#Transform.PayResults.Response"/>
  </swimlanes>
  <swimlanes x="210" y="829" name="" orientation="VERTICAL" alignment="MIDDLE">
    <elements href="assembly.xml#Prepare.PayResults.Request"/>
    <elements href="assembly.xml#PIM-SOAPRequestErrors1"/>
  </swimlanes>
  <swimlanes x="75" y="1612" font="Calibri|12|1" fontColor="1" name="Process Data" alignment="MIDDLE" labelAlignment="LEFT">
    <elements href="assembly.xml#ProcessData"/>
    <elements href="#//@swimlanes.14"/>
    <elements href="assembly.xml#Splitter"/>
    <elements href="#//@swimlanes.15"/>
    <elements href="assembly.xml#LoadBARData"/>
    <elements href="#//@swimlanes.16"/>
    <elements href="#//@swimlanes.17"/>
    <elements href="#//@swimlanes.18"/>
    <elements href="assembly.xml#PIM-StoreBARAudit"/>
  </swimlanes>
  <swimlanes x="204" y="1742" name="" orientation="VERTICAL" alignment="MIDDLE">
    <elements href="assembly.xml#Copy.Data"/>
    <elements href="assembly.xml#PIM-CopyErrors"/>
  </swimlanes>
  <swimlanes x="558" y="1756" name="" orientation="VERTICAL" alignment="MIDDLE">
    <elements href="assembly.xml#Prepare.Put.Benefit.Annual.Rate.Request"/>
    <elements href="assembly.xml#BAR.Audit.Errors"/>
    <elements href="assembly.xml#PIM-BARWSErrors"/>
  </swimlanes>
  <swimlanes x="1239" y="1899" name="" orientation="VERTICAL" alignment="MIDDLE">
    <elements href="assembly.xml#BAR.Response"/>
    <elements href="assembly.xml#PIM-BARErrors"/>
  </swimlanes>
  <swimlanes x="1489" y="1880" name="" orientation="VERTICAL" alignment="MIDDLE">
    <elements href="assembly.xml#CloseBARAgg"/>
    <elements href="assembly.xml#BARAggregator"/>
  </swimlanes>
  <swimlanes x="1728" y="1895" name="" orientation="VERTICAL" alignment="MIDDLE">
    <elements href="assembly.xml#Store.BAR.Audit.Data"/>
    <elements href="assembly.xml#PIM-Store-BAR-Audit-Data-Errors"/>
  </swimlanes>
  <swimlanes x="-77" y="459" font="Calibri|12|1" fontColor="1" name="Extract NSTAE Employees" alignment="MIDDLE" labelAlignment="LEFT">
    <elements href="assembly.xml#GetEmpData"/>
    <elements href="#//@swimlanes.20"/>
    <elements href="assembly.xml#EmpData"/>
    <elements href="#//@swimlanes.21"/>
  </swimlanes>
  <swimlanes x="69" y="533" name="" orientation="VERTICAL" alignment="MIDDLE">
    <elements href="assembly.xml#Get.Worker.Data"/>
    <elements href="assembly.xml#PIM-RptExecErrors"/>
  </swimlanes>
  <swimlanes x="391" y="652" name="" orientation="VERTICAL" alignment="MIDDLE">
    <elements href="assembly.xml#CustomRpt.Output.Worker"/>
    <elements href="assembly.xml#PIM-RptTransformErrors"/>
  </swimlanes>
  <swimlanes x="-56" y="1941" font="Calibri|12|1" fontColor="1" name="Aggregate Payroll Results Data and Existing BAR data to to derive High 5 NSTAE value" alignment="MIDDLE" labelAlignment="LEFT">
    <elements href="assembly.xml#AggregatePayData"/>
    <elements href="#//@swimlanes.23"/>
    <elements href="assembly.xml#Stacker.Route1"/>
    <elements href="#//@swimlanes.24"/>
    <elements href="#//@swimlanes.25"/>
    <elements href="#//@swimlanes.26"/>
  </swimlanes>
  <swimlanes x="70" y="2009" orientation="VERTICAL" alignment="MIDDLE" labelAlignment="LEFT">
    <elements href="assembly.xml#Agg.Pay.Data"/>
    <elements href="assembly.xml#PIM-AggPayDataErrors"/>
  </swimlanes>
  <swimlanes x="498" y="2072" name="" orientation="VERTICAL" alignment="MIDDLE">
    <elements href="assembly.xml#PayResult.Data"/>
    <elements href="assembly.xml#WD.BAR.Data"/>
    <elements href="assembly.xml#Mappings.Data"/>
  </swimlanes>
  <swimlanes x="648" y="2128" name="">
    <elements href="assembly.xml#DataAggregator"/>
  </swimlanes>
  <swimlanes x="872" y="2178" name="" orientation="VERTICAL" alignment="MIDDLE">
    <elements href="assembly.xml#Prepare.Master.Data.For.High5"/>
    <elements href="assembly.xml#PIM-PrepareMasterforHigh5Errors"/>
  </swimlanes>
  <swimlanes x="95" y="1116" font="Calibri|12|1" fontColor="1" name="Extract Employee Benefit Annual Rates using Custom Report" alignment="MIDDLE" labelAlignment="LEFT">
    <elements href="assembly.xml#ExtractAnnualRates"/>
    <elements href="#//@swimlanes.28"/>
    <elements href="assembly.xml#BARData"/>
    <elements href="#//@swimlanes.29"/>
  </swimlanes>
  <swimlanes x="264" y="1214" name="" orientation="VERTICAL" alignment="MIDDLE">
    <elements href="assembly.xml#Get.Worker.BAR.Data"/>
    <elements href="assembly.xml#PIM-BARRptExecErrors"/>
  </swimlanes>
  <swimlanes x="603" y="1312" name="" orientation="VERTICAL" alignment="MIDDLE">
    <elements href="assembly.xml#CustomRpt.Output.BAR.Report.Data"/>
    <elements href="assembly.xml#PIM-BARRptTransformErrors"/>
  </swimlanes>
  <swimlanes x="513" y="143" name="" orientation="VERTICAL" alignment="MIDDLE">
    <elements href="assembly.xml#Call-ExtractBAR"/>
    <elements href="assembly.xml#Call-ExtractAnnualRates"/>
  </swimlanes>
  <swimlanes x="94" y="1903" font="Calibri|12|1" fontColor="1" name="Extract Last 5 Years Payroll Data" alignment="MIDDLE" labelAlignment="LEFT">
    <elements href="assembly.xml#ExtractPayResultsData"/>
    <elements href="#//@swimlanes.32"/>
    <elements href="assembly.xml#PayData"/>
    <elements href="#//@swimlanes.33"/>
  </swimlanes>
  <swimlanes x="265" y="2044" name="" orientation="VERTICAL" alignment="MIDDLE" labelAlignment="LEFT">
    <elements href="assembly.xml#Get.Last.5years.Pay.Data"/>
    <elements href="assembly.xml#PIM-PayDataExtractErrors"/>
  </swimlanes>
  <swimlanes x="637" y="2151" name="" orientation="VERTICAL" alignment="MIDDLE" labelAlignment="LEFT">
    <elements href="assembly.xml#Transform.5Years.PayResults.Data"/>
    <elements href="assembly.xml#PIM-5YearsPayrollResultsDataErrors"/>
  </swimlanes>
  <swimlanes x="1096" y="239" name="" orientation="VERTICAL" alignment="MIDDLE">
    <elements href="assembly.xml#Call-ExtractPayResults"/>
    <elements href="assembly.xml#Call-ExtractPayResultsData"/>
  </swimlanes>
</wdnm:Diagram>
