<?xml version="1.0" encoding="UTF-8"?>
<beans
     xmlns="http://www.springframework.org/schema/beans"
     xmlns:beans="http://www.springframework.org/schema/beans"
     xmlns:atom="http://www.w3.org/2005/Atom"
     xmlns:cc="http://www.capeclear.com/assembly/10"
     xmlns:cloud="urn:com.workday/esb/cloud/10.0"
     xmlns:env="http://schemas.xmlsoap.org/soap/envelope/"
     xmlns:pi="urn:com.workday/picof"
     xmlns:wd="urn:com.workday/bsvc"
     xmlns:xsi="http://www.w3.org/2001/XMLSchema-instance">
 
	<cc:assembly id="WorkdayAssembly" version="2019.35">
        <cc:workday-in id="StartHere" routes-to="AsyncMediation">
            <cc:integration-system name="INT0035 Cartus Relocation - On Demand Payment Payroll - Inbound">
        <cloud:param name="As of Date and Time">
          <cloud:type>
            <cloud:simple-type>datetime</cloud:simple-type>
          </cloud:type>
          <cloud:default>
            <cloud:class-report-field description="Current Moment (DateTime)" type="WID">df4effe76deb4222a79001d6737cf91c</cloud:class-report-field>
          </cloud:default>
        </cloud:param>
        <cloud:param name="Validation Mode">
          <cloud:type>
            <cloud:simple-type>boolean</cloud:simple-type>
          </cloud:type>
          <cloud:default>
            <cloud:boolean>true</cloud:boolean>
          </cloud:default>
        </cloud:param>
        <cloud:attribute-map-service name="INT0035 - Attributes Service">
          <cloud:attribute name="Use Static File">
            <cloud:type>
              <cloud:simple-type>boolean</cloud:simple-type>
            </cloud:type>
          </cloud:attribute>
          <cloud:attribute name="Web Service Version">
            <cloud:type>
              <cloud:class-report-field description="Web Service API Version" type="WID" singular="true">f54cce640b3410001ae50f791f2000cd</cloud:class-report-field>
            </cloud:type>
          </cloud:attribute>
          <cloud:attribute name="Off Cycle Payment - Reason">
            <cloud:type>
              <cloud:class-report-field description="Payroll Action Reason" type="WID" singular="true">28b08fe55b2049178dfda7bce4232f27</cloud:class-report-field>
            </cloud:type>
          </cloud:attribute>
          <cloud:attribute name="Batch ID">
            <cloud:type>
              <cloud:simple-type>text</cloud:simple-type>
            </cloud:type>
          </cloud:attribute>
          <cloud:attribute name="Manual Bank Account Reference ID">
            <cloud:type>
              <cloud:simple-type>text</cloud:simple-type>
            </cloud:type>
          </cloud:attribute>
          <cloud:map name="Earnings">
            <cloud:internal-type>
              <cloud:class-report-field description="Earnings" type="WID">919e0fbeec93100016a86e35f70226e4</cloud:class-report-field>
            </cloud:internal-type>
            <cloud:external-type>
              <cloud:simple-type>text</cloud:simple-type>
            </cloud:external-type>
          </cloud:map>
          <cloud:map name="Deductions">
            <cloud:internal-type>
              <cloud:class-report-field description="Deductions" type="WID">d4a4b0e3f2334f999cd72662aa6f1b65</cloud:class-report-field>
            </cloud:internal-type>
            <cloud:external-type>
              <cloud:simple-type>text</cloud:simple-type>
            </cloud:external-type>
          </cloud:map>
          <cloud:map name="SDI Deductions">
            <cloud:internal-type>
              <cloud:class-report-field description="Deductions" type="WID">d4a4b0e3f2334f999cd72662aa6f1b65</cloud:class-report-field>
            </cloud:internal-type>
            <cloud:external-type>
              <cloud:simple-type>text</cloud:simple-type>
            </cloud:external-type>
          </cloud:map>
        </cloud:attribute-map-service>
        <cloud:service-reference name="INT0034 - FOS"/>
      </cc:integration-system>
        </cc:workday-in>
        <cc:async-mediation id="AsyncMediation" routes-to="Route0">
            <cc:steps>
                <cc:eval id="init">
                    <cc:expression>props['p.valid.employeee'] = new java.util.HashMap(); props['p.invalid.employeee'] = new java.util.HashMap()</cc:expression>
                    <cc:expression>props['p.localErroroccurred'] = false</cc:expression>
                    <cc:expression>props['p.intsys.name'] = intsys.name</cc:expression>
                    <cc:expression>props['p.pay.code.fed'] = intsys.integrationMapReverseLookup('Deductions', 'FED', false).get(0).getReferenceData('Workday_Deduction_Code')</cc:expression>
                    <cc:expression>props['p.pay.code.ssc'] = intsys.integrationMapReverseLookup('Deductions', 'SSC' , false).get(0).getReferenceData('Workday_Deduction_Code')</cc:expression>
                    <cc:expression>props['p.pay.code.med'] = intsys.integrationMapReverseLookup('Deductions', 'MED' , false).get(0).getReferenceData('Workday_Deduction_Code')</cc:expression>
                    <cc:expression>props['p.pay.code.amed'] = intsys.integrationMapReverseLookup('Deductions', 'AMED' , false).get(0).getReferenceData('Workday_Deduction_Code')</cc:expression>
                    <cc:expression>props['p.pay.code.SWT'] = intsys.integrationMapReverseLookup('Deductions', 'SWT' , false).get(0).getReferenceData('Workday_Deduction_Code')</cc:expression>
                    <cc:expression>props['p.pay.code.SRT'] = intsys.integrationMapReverseLookup('Deductions', 'SRT' , false).get(0).getReferenceData('Workday_Deduction_Code')</cc:expression>
                    <cc:expression>props['p.pay.code.LCW'] = intsys.integrationMapReverseLookup('Deductions', 'LCW', false).get(0).getReferenceData('Workday_Deduction_Code')</cc:expression>
                    <cc:expression>props['p.pay.code.LCR'] = intsys.integrationMapReverseLookup('Deductions', 'LCR', false).get(0).getReferenceData('Workday_Deduction_Code')</cc:expression>
                    <cc:expression>props['p.pay.code.LSR'] = intsys.integrationMapReverseLookup('Deductions', 'LSR', false).get(0).getReferenceData('Workday_Deduction_Code')</cc:expression>
                    <cc:expression>props['p.pay.code.offset'] = intsys.integrationMapReverseLookup('Deductions', 'OFF' , false).get(0).getReferenceData('Deduction_Code')</cc:expression>
                    <cc:expression>props['p.curr.row.emplid.bck'] = ''</cc:expression>
                    <cc:expression>props['p.count'] = 0</cc:expression>
                    <cc:expression>props['force.batch'] = false</cc:expression>
                    <cc:expression>props['count.errors'] = 0; props['success.errors'] = 0</cc:expression>
                </cc:eval>
                <cc:eval id="lp">
                    <cc:expression>props['p.AsOfDateTime'] = lp.getSimpleData('As of Date and Time')</cc:expression>
                    <cc:expression>props['p.AsOfDate'] = props['p.AsOfDateTime'].toString().substring(0, 10)</cc:expression>
                    <cc:expression>props['p.validation.mode'] = lp.getSimpleData('Validation Mode')</cc:expression>
                </cc:eval>
                <cc:eval id="Attr">
                    <cc:expression>props['p.wws.version'] = intsys.getAttribute('Web Service Version')</cc:expression>
                    <cc:expression>props['p.reason'] = intsys.getAttributeReferenceData('Off Cycle Payment - Reason', 'Action_Reason_ID')</cc:expression>
                    <cc:expression>props['p.batch.id'] = intsys.getAttribute('Batch ID')</cc:expression>
                    <cc:expression>props['p.bank.account'] = intsys.getAttribute('Manual Bank Account Reference ID')</cc:expression>
                    <cc:expression>props['p.batch.id'] = props['p.batch.id'] # &quot;_&quot; # props['p.AsOfDate']</cc:expression>
                    <cc:expression>props['p.payroll.id'] = props['p.batch.id']</cc:expression>
                </cc:eval>
            </cc:steps>
            <cc:send-error id="SendError" routes-to="NoFileError"/>
        </cc:async-mediation>
        <cc:route id="Iterator">
            <cc:doc-iterator labels="Cartus Inbound" variable-name="Cartus.Inbound"/>
            <cc:sub-route name="Doc" routes-to="AsyncMediation0"/>
        </cc:route>
        <cc:async-mediation id="AsyncMediation0" routes-to="Call-GetWorkers-DocRet">
            <cc:steps>
                <cc:validate-exp id="ValidateExp">
                    <cc:expression failure-message="Cartus File is missing">da.allLabels.toString().contains('Cartus Inbound')</cc:expression>
                </cc:validate-exp>
                <cc:copy id="Copy" output-mimetype="text/xml" input="variable" input-variable="Cartus.Inbound"/>
                <cc:csv-to-xml id="CsvToXml" output="variable" output-mimetype="text/xml" output-variable="Cartus.Inbound.XML" input="message" colNames="RecordType|Emplid|Fname|Lname|ernCode|grossAmount|fed|ssc|med|addMed|wrStateCode|wrStateTax|wrStateGross|resStateCode|resStateTax|locWrStateCode|locWrAuthCode|locWrPsdCode|locWrTax|locResStateCode|locResAuthCode|locResPsdCode|locResTax|offsetAmount|sdiCode|sdiTax|chargeCode" format="rfc4180" separator="|" useFirstLineAsHeader="false"/>
                <cc:store id="Store" input="variable" input-variable="Cartus.Inbound.XML" expiresIn="P180D" title="Input_File_Data_After_Conversion.xml"/>
            </cc:steps>
        </cc:async-mediation>
        <cc:route id="Route0">
            <cc:mvel-strategy>
                <cc:choose-route expression="intsys.getAttribute('Use Static File') == 0" route="DocRet"/>
                <cc:choose-route expression="true" route="StaticFile"/>
            </cc:mvel-strategy>
            <cc:sub-route name="DocRet" routes-to="Call-RetrieveFile"/>
            <cc:sub-route name="StaticFile" routes-to="Call-GetWorkers"/>
        </cc:route>
        <cc:local-out id="Call-RetrieveFile" routes-response-to="Call-BatchAudit" endpoint="vm://INT0035_Cartus_Relocation_On_Demand_Payment_Payroll_Inbound/RetrieveFile"/>
        <cc:local-out id="Call-GetWorkers" routes-response-to="Call-BatchAudit" endpoint="vm://INT0035_Cartus_Relocation_On_Demand_Payment_Payroll_Inbound/GetWorkers"/>
        <cc:local-in id="RetrieveFile" routes-to="GetEventDocuments"/>
        <cc:local-in id="GetWorkers" routes-to="Copy"/>
        <cc:local-out id="NoFileError" endpoint="vm://wcc/PutIntegrationMessage">
            <cc:set name="is.message.severity" value="'ERROR'"/>
            <cc:set name="is.message.summary" value="context.errorMessage"/>
        </cc:local-out>
        <cc:async-mediation id="Copy" routes-to="Get_Worker_Request" execute-steps-when="intsys.getAttribute('Use Static File') == 1" handle-downstream-errors="false">
            <cc:steps>
                <cc:write id="Write" output="message" output-mimetype="text/plain">
                    <cc:message>
                        <cc:text>H|INT0035|NOV-04-2019&#xD;
D|289206|Omar|Kitchlew|SUS|9168610.00|2017094.00|568454.00|132944.85|0.15|CT|550117.00|||0.00||||0.00||||0.00|5900000.00||0.00|&#xD;
T|1|9168610.00&#xD;
</cc:text>
                    </cc:message>
                </cc:write>
                <cc:csv-to-xml id="CsvToXml" output="variable" output-mimetype="text/xml" output-variable="Cartus.Inbound.XML" input="message" colNames="RecordType|Emplid|Fname|Lname|ernCode|grossAmount|fed|ssc|med|addMed|wrStateCode|wrStateTax|wrStateGross|resStateCode|resStateTax|locWrStateCode|locWrAuthCode|locWrPsdCode|locWrTax|locResStateCode|locResAuthCode|locResPsdCode|locResTax|offsetAmount|sdiCode|sdiTax|chargeCode" format="rfc4180" separator="|" useFirstLineAsHeader="false"/>
            </cc:steps>
        </cc:async-mediation>
        <cc:send-error id="global-error-handler" rethrow-error="false" routes-to="Note-Error"/>
        <cc:local-out id="Note-Error" endpoint="vm://wcc/PutIntegrationMessage">
            <cc:set name="is.message.severity" value="'CRITICAL'"/>
            <cc:set name="is.message.summary" value="context.errorMessage"/>
        </cc:local-out>
        <cc:local-out id="Workers" routes-response-to="AsyncMediation3" endpoint="vm://wcc/PagedGet"><cc:set name="is.paged.get.request.current.page.xpath" value="'/env:Envelope/env:Body/*/wd:Response_Filter/wd:Page'"/><cc:set name="is.paged.get.response.current.page.xpath" value="'/env:Envelope/env:Body/*/wd:Response_Results/wd:Page'"/><cc:set name="is.paged.get.response.total.pages.xpath" value="'/env:Envelope/env:Body/*/wd:Response_Results/wd:Total_Pages'"/><cc:set name="is.paged.get.response.total.results.xpath" value="'/env:Envelope/env:Body/*/wd:Response_Results/wd:Total_Results'"/><cc:set name="is.paged.get.aggregate.xpath" value="'/*'"/><cc:set name="is.paged.get.aggregate.header" value="'&lt;GetWorkerResponse>'"/><cc:set name="is.paged.get.aggregate.footer" value="'&lt;/GetWorkerResponse>'"/><cc:set name="is.paged.get.application" value="'Human_Resources'"/><cc:set name="is.paged.get.version" value="props['p.wws.version']"/><cc:set name="is.paged.get.page.zero" value="false"/><cc:set name="is.paged.get.store.requests" value="true"/></cc:local-out>
        <cc:local-in id="ProcessPayments" routes-to="AsyncMediation1"/>
        <cc:async-mediation id="AsyncMediation1" routes-to="Splitter">
            <cc:steps>
                <cc:copy id="Copy" input="variable" input-variable="Cartus.Inbound.XML"/>
            </cc:steps>
        </cc:async-mediation>
        <cc:async-mediation id="Get_Worker_Request" routes-to="Workers" handle-downstream-errors="true">
            <cc:steps>
                <cc:xslt-plus id="XsltPlus" input="variable" input-variable="Cartus.Inbound.XML" url="INT0035_StreamGetWorkerRequest.xsl"/></cc:steps>
            <cc:send-error id="SendError" routes-to="Call-LocalError"/>
        </cc:async-mediation>
        <cc:async-mediation id="AsyncMediation3" routes-to="Call-ProcessPayments">
            <cc:steps>
                <cc:copy id="Copy" output="variable" output-mimetype="text/xml" output-variable="paged.response"/>
                <cc:store id="Store" input="variable" input-variable="paged.response" expiresIn="P90D" title="Get-Worker-Response-Data.xml"/>
                <cc:xslt-plus id="ValidIDs" output="message" output-mimetype="text/xml" input="variable" input-variable="paged.response" url="INT0035_StreamGetWorkerResponse.xsl"/>
                <cc:xslt-plus id="InvalidIDs" output="message" output-mimetype="text/xml" input="variable" input-variable="paged.response" url="INT0035_StreamInvalid_ID.xsl"/>
            </cc:steps>
            <cc:send-error id="SendError" routes-to="Call-LocalError"/>
        </cc:async-mediation>
        <cc:local-out id="Call-GetWorkers-DocRet" endpoint="vm://INT0035_Cartus_Relocation_On_Demand_Payment_Payroll_Inbound/GetWorkers"/>
        <cc:local-in id="LocalErrorHandler" routes-to="PutIntegrationMessage"/>
        <cc:local-out id="PutIntegrationMessage" endpoint="vm://wcc/PutIntegrationMessage"><cc:set name="is.message.severity" value="'ERROR'"/><cc:set name="is.message.summary" value="context.errorMessage"/></cc:local-out>
        <cc:local-out id="Call-LocalError" endpoint="vm://INT0035_Cartus_Relocation_On_Demand_Payment_Payroll_Inbound/LocalErrorHandler"/>
        <cc:local-out id="Call-ProcessPayments" endpoint="vm://INT0035_Cartus_Relocation_On_Demand_Payment_Payroll_Inbound/ProcessPayments"/>
        <cc:local-in id="OffCyclePriority" routes-to="SyncMediation0"/>
        <cc:splitter id="Splitter">
            <cc:sub-route name="SubRoute" routes-to="AsyncMediation10"/>
            <cc:xml-stream-splitter xpath="root/row"/>
        </cc:splitter>
        <cc:sync-mediation id="SyncMediation" routes-to="Call-OffCyclePriority" execute-response-on-oneway="false" handle-downstream-errors="true">
            <cc:request-steps>
                <cc:eval id="Init0">
                    <cc:expression>props['p.curr.row.emplid'] = ''</cc:expression>
                    <cc:expression>props['period.end.date'] = ''</cc:expression>
                    <cc:expression>props['p.priority'] = ''</cc:expression>
                    <cc:expression>props['p.curr.row.emplid.bck'] = props['p.curr.row.emplid']</cc:expression>
                    <cc:expression>props['p.payroll.id'] = props['p.batch.id']</cc:expression>
                    <cc:expression>if (props['p.curr.row.emplid.bck'] != props['p.curr.row.emplid'] || props['p.curr.row.emplid.bck'] == '') {props['p.count'] = 0}</cc:expression>
                    <cc:expression>props['p.stateCodeW'] = ''</cc:expression>
                    <cc:expression>props['p.stateCodeR'] = ''</cc:expression>
                    <cc:expression>props['period.end.date'] = ''</cc:expression>
                    <cc:expression>props['payment.id'] = ''</cc:expression>
                </cc:eval>
                <cc:copy id="Copy" output="variable" output-mimetype="text/xml" output-variable="file.row.current.row"/>
                <cc:eval id="Eval">
                    <cc:expression>props['p.count'] = props['p.count'] + 1</cc:expression>
                    <cc:expression>props['p.curr.row.emplid'] = parts[0].xpath('row/Emplid')</cc:expression>
                    <cc:expression>props['p.pay.code.earning'] = ''</cc:expression>
                    <cc:expression>if (intsys.integrationMapReverseLookup('Earnings', parts[0].xpath('row/ernCode'), false) != null) &#xD;
{ props['p.pay.code.earning'] = intsys.integrationMapReverseLookup('Earnings', parts[0].xpath('row/ernCode'), false).get(0).getReferenceData('Earning_Code') }</cc:expression>
                    <cc:expression>props['p.payroll.id'] = props['p.payroll.id'] # props['p.curr.row.emplid'] # props['p.count']</cc:expression>
                    <cc:expression>props['p.stateCodeW'] = parts[0].xpath('row/wrStateCode')</cc:expression>
                    <cc:expression>props['p.stateCodeR'] = parts[0].xpath('row/resStateCode')</cc:expression>
                    <cc:expression>props['p.sdi.state.code'] = parts[0].xpath('row/sdiCode')</cc:expression>
                    <cc:expression>if (props['p.sdi.state.code'] != null &amp;&amp; props['p.sdi.state.code'] != '') { props['p.sdi.code'] = intsys.integrationMapReverseLookup('SDI Deductions', props['p.sdi.state.code'], false).get(0).getReferenceData('Workday_Deduction_Code') }</cc:expression>
                </cc:eval>
                <cc:xslt-plus id="XsltPlus" output="variable" output-variable="v.validateFile" url="INT0035_Validate.xsl"/>
                <cc:validate-exp id="ValidateExp">
                    <cc:expression failure-message="Employee NOT VALID in Workday">props['p.valid.employeee'].containsKey(props['p.curr.row.emplid'])</cc:expression>
                    <cc:expression failure-message="One or more fields are NOT numeric. Please refer the audit file for more detials">!vars['v.validateFile'].xpathB('row/Message')</cc:expression>
                    <cc:expression failure-message="The earning code can NOT be blank">parts[0].xpath('row/ernCode') != ''</cc:expression>
                </cc:validate-exp>
                <cc:eval id="date">
                    <cc:expression>props['period.end.date'] = props['p.valid.employeee'].get(props['p.curr.row.emplid'])</cc:expression>
                </cc:eval>
            </cc:request-steps>
            <cc:response-steps>
            </cc:response-steps>
            <cc:send-error id="SendError" routes-to="ValidationError"/>
        </cc:sync-mediation>
        <cc:local-out id="Call-OffCyclePriority" routes-response-to="Call-OffCyclePayment" endpoint="vm://INT0035_Cartus_Relocation_On_Demand_Payment_Payroll_Inbound/OffCyclePriority"/>
        <cc:async-mediation id="AsyncMediation4">
            <cc:steps>
                <cc:eval id="Eval"/>
                <cc:xslt-plus id="XsltPlus" url="INT0035_StreamGetOffCycleResultsResponse.xsl"/>
                <cc:eval id="Eval0">
                    <cc:expression>props['p.priority'] = parts[0].xpathB('Root/value') ? parts[0].xpath('Root/value') : 10</cc:expression>
                    <cc:expression>props['p.priority'] = props['p.priority'] + 1</cc:expression>
                </cc:eval>
            </cc:steps>
        </cc:async-mediation>
        <cc:local-out id="PagedGet" routes-response-to="AsyncMediation4" endpoint="vm://wcc/PagedGet"><cc:set name="is.paged.get.request.current.page.xpath" value="'/env:Envelope/env:Body/*/wd:Response_Filter/wd:Page'"/><cc:set name="is.paged.get.response.current.page.xpath" value="'/env:Envelope/env:Body/*/wd:Response_Results/wd:Page'"/><cc:set name="is.paged.get.response.total.pages.xpath" value="'/env:Envelope/env:Body/*/wd:Response_Results/wd:Total_Pages'"/><cc:set name="is.paged.get.response.total.results.xpath" value="'/env:Envelope/env:Body/*/wd:Response_Results/wd:Total_Results'"/><cc:set name="is.paged.get.aggregate.xpath" value="'env:Envelope/env:Body/wd:Get_Payroll_Off-cycle_Payments_Response/wd:Response_Data/'"/><cc:set name="is.paged.get.aggregate.header" value="'&lt;GetPayResultsResponse>'"/><cc:set name="is.paged.get.aggregate.footer" value="'&lt;/GetPayResultsResponse>'"/><cc:set name="is.paged.get.application" value="'Payroll'"/><cc:set name="is.paged.get.version" value="props['p.wws.version']"/><cc:set name="is.paged.get.page.zero" value="false"/><cc:set name="is.paged.get.store.requests" value="true"/></cc:local-out>
        <cc:local-in id="OffCyclePayment" routes-to="AsyncMediation5"/>
        <cc:async-mediation id="AsyncMediation5" routes-to="ValidatioOn" handle-downstream-errors="true">
            <cc:steps>
                <cc:xslt-plus id="XsltPlus" url="INT0035_OffCyclePaymentRequest.xsl"/>
                <cc:log id="Log">
                    <cc:log-message>
                        <cc:line-separator/>
                        <cc:line-separator/>
                        <cc:text>---OffCycle Payment Webservice Request---</cc:text>
                        <cc:line-separator/>
                        <cc:message-content/>
                        <cc:line-separator/>
                    </cc:log-message>
                </cc:log>
            </cc:steps>
            <cc:send-error id="SendError" routes-to="OffCyclePaymentError"/>
        </cc:async-mediation>
        <cc:local-out id="Call-OffCyclePayment" endpoint="vm://INT0035_Cartus_Relocation_On_Demand_Payment_Payroll_Inbound/OffCyclePayment"/>
        <cc:sync-mediation id="SyncMediation0" routes-to="PagedGet">
            <cc:request-steps>
                <cc:write id="Write">
                    <cc:message>
                        <cc:text>&lt;wd:Get_Payroll_Off-cycle_Payments_Request xmlns:wd=&quot;urn:com.workday/bsvc&quot;>&#xD;
    &lt;wd:Request_Criteria>&#xD;
        &lt;wd:Employee_Reference>&#xD;
            &lt;wd:ID wd:type=&quot;Employee_ID&quot;>@{props['p.curr.row.emplid']}&lt;/wd:ID>&#xD;
        &lt;/wd:Employee_Reference>&#xD;
    &lt;/wd:Request_Criteria>&#xD;
    &lt;wd:Response_Filter>&#xD;
        &lt;wd:As_Of_Effective_Date>@{props['p.AsOfDate']}&lt;/wd:As_Of_Effective_Date>&#xD;
        &lt;wd:As_Of_Entry_DateTime>@{props['p.AsOfDateTime']}&lt;/wd:As_Of_Entry_DateTime>&#xD;
        &lt;wd:Page>1&lt;/wd:Page>&#xD;
        &lt;wd:Count>100&lt;/wd:Count>&#xD;
    &lt;/wd:Response_Filter>&#xD;
&lt;/wd:Get_Payroll_Off-cycle_Payments_Request></cc:text>
                    </cc:message>
                </cc:write>
                <cc:wrap-soap id="WrapSoap"/>
            </cc:request-steps>
            <cc:response-steps>
                <cc:copy id="Copy" input="variable" input-variable="file.row.current.row"/>
            </cc:response-steps>
        </cc:sync-mediation>
        <cc:workday-out-soap id="WorkdayOutSoap" routes-response-to="ValidatioOff" application="Payroll" version="@{props['p.wws.version']}"/>
        <cc:async-mediation id="ValidatioOn" routes-to="WorkdayOutSoap" execute-steps-when="props['p.validation.mode'] == 1" handle-downstream-errors="true">
            <cc:steps>
                <cc:set-headers id="ValidationOn"><cc:remove-headers/><cc:add-headers>
    <cc:add-header name="X-Validate-Only" value="1"/>
</cc:add-headers></cc:set-headers>
            </cc:steps>
            <cc:send-error id="SendError" routes-to="OffCyclePaymentError"/>
        </cc:async-mediation>
        <cc:local-in id="WriteAuditLine" routes-to="ValidatioOff-1"><cc:parameter name="local.processing.status"/><cc:parameter name="local.error.message"/></cc:local-in>
        <cc:local-out id="Call-WriteAuditLine" endpoint="vm://INT0035_Cartus_Relocation_On_Demand_Payment_Payroll_Inbound/WriteAuditLine"><cc:set name="local.processing.status" value="'SUCCESS'"/><cc:set name="local.error.message" value="'Off Cycle Payment Loaded'"/></cc:local-out>
        <cc:async-mediation id="AsyncMediation6" routes-to="Aggregator">
            <cc:steps>
                <cc:xslt-plus id="XsltPlus" url="INT0035_AuditLine.xsl"/>
            </cc:steps>
        </cc:async-mediation>
        <cc:local-out id="OffCyclePaymentError" endpoint="vm://INT0035_Cartus_Relocation_On_Demand_Payment_Payroll_Inbound/WriteAuditLine"><cc:set name="local.processing.status" value="'ERROR'"/><cc:set name="local.error.message" value="context.errorMessage"/></cc:local-out>
        <cc:aggregator id="Aggregator" routes-to="AsyncMediation7" collate-when="props['force.batch'] == false" force-batch-when="props['force.batch'] == true">
            <cc:size-batch-strategy batch-size="-1"/>
            <cc:xml-message-content-collater>
        <cc:header-text>&lt;root></cc:header-text>
        <cc:footer-text>&lt;/root></cc:footer-text>
      </cc:xml-message-content-collater>
        </cc:aggregator>
        <cc:local-in id="BatchAudit" routes-to="Aggregator"><cc:parameter name="force.batch"/></cc:local-in>
        <cc:local-out id="Call-BatchAudit" routes-response-to="PutIntegrationMessage0" endpoint="vm://INT0035_Cartus_Relocation_On_Demand_Payment_Payroll_Inbound/BatchAudit"><cc:set name="force.batch" value="true"/></cc:local-out>
        <cc:async-mediation id="AsyncMediation7">
            <cc:steps>
                <cc:eval id="Eval">
                    <cc:expression>props['count.errors'] = parts[0].xpath('count(root/row[Status = &quot;ERROR&quot;])')</cc:expression>
                    <cc:expression>props['success.errors'] = parts[0].xpath('count(root/row[Status = &quot;SUCCESS&quot;])')</cc:expression>
                    <cc:expression>props['intsys.event.status'] = props['count.errors'] > 0 ? 'ERROR' : 'INFO'</cc:expression>
                    <cc:expression>props['intsys.event.summary'] = props['count.errors'] > 0 ? 'One or more error occurred, please refer the audit file for more details.' : 'Integration Completed successfully without any ERRORs'</cc:expression>
                </cc:eval>
                <cc:xml-to-csv id="XmlToCsv" format="rfc4180" line-separator="LF" separator="," writeHeaderLine="true"/>
                <cc:store id="Store" output="variable" output-variable="audit.line" expiresIn="P180D" title="INT0035-Log.csv"/>
            </cc:steps>
        </cc:async-mediation>
        <cc:local-out id="ValidationError" endpoint="vm://INT0035_Cartus_Relocation_On_Demand_Payment_Payroll_Inbound/WriteAuditLine"><cc:set name="local.processing.status" value="context.errorMessage.contains('Employee Terminated in Workday') ? 'SKIPPED' : 'ERROR'"/><cc:set name="local.error.message" value="context.errorMessage"/></cc:local-out>
        <cc:local-out id="PutIntegrationMessage0" endpoint="vm://wcc/PutIntegrationMessage"><cc:set name="is.message.severity" value="props['intsys.event.status']"/><cc:set name="is.message.summary" value="props['intsys.event.summary']"/><cc:set name="is.document.variable.name" value="'audit.line'"/><cc:set name="is.document.file.name" value="'INT0035-Log.csv'"/></cc:local-out>
        <cc:local-in id="GetPaymentID" routes-to="AsyncMediation9"/>
        <cc:local-out id="Call-GetPaymentID" execute-when="props['local.processing.status'] == 'SUCCESS'" routes-response-to="AsyncMediation8" endpoint="vm://INT0035_Cartus_Relocation_On_Demand_Payment_Payroll_Inbound/GetPaymentID"/>
        <cc:async-mediation id="AsyncMediation8" routes-to="AsyncMediation6">
            <cc:steps>
                <cc:copy id="Copy" input="variable" input-variable="file.row.current.row"/>
            </cc:steps>
        </cc:async-mediation>
        <cc:async-mediation id="AsyncMediation9">
            <cc:steps>
                <cc:copy id="Copy" input="soapbody"/>
                <cc:eval id="Eval">
                    <cc:expression>props['payment.id'] = parts[0].xpath('wd:Put_Payroll_Off-cycle_Payment_Response/wd:Payroll_Off-cycle_Payment_Reference/wd:ID[@wd:type=&quot;Payment_ID&quot;]')</cc:expression>
                </cc:eval></cc:steps>
        </cc:async-mediation>
        <cc:async-mediation id="AsyncMediation10" routes-to="SyncMediation">
            <cc:steps>
                <cc:validate-exp id="ValidateExp" filter="true">
                    <cc:expression failure-message="Skip record">parts[0].xpath('row/RecordType') == 'D'</cc:expression>
                </cc:validate-exp>
            </cc:steps>
        </cc:async-mediation>
        <cc:async-mediation id="ValidatioOff" routes-to="Call-WriteAuditLine" execute-steps-when="props['p.validation.mode'] == 1">
            <cc:steps>
                <cc:set-headers id="ValidationOn">
                    <cc:remove-headers>
                        <cc:remove-header name="X-Validate-Only"/>
                    </cc:remove-headers>
                    <cc:add-headers/>
                </cc:set-headers>
            </cc:steps>
        </cc:async-mediation>
        <cc:async-mediation id="ValidatioOff-1" routes-to="Call-GetPaymentID" execute-steps-when="props['p.validation.mode'] == 1">
            <cc:steps>
                <cc:set-headers id="ValidationOn">
                    <cc:remove-headers>
                        <cc:remove-header name="X-Validate-Only"/>
                    </cc:remove-headers>
                    <cc:add-headers/>
                </cc:set-headers>
            </cc:steps>
        </cc:async-mediation>
        <cc:local-out id="GetEventDocuments" routes-response-to="Iterator" endpoint="vm://wcc/GetEventDocuments"><cc:set name="ie.event.wid" value="lp.isSet() ? lp.getIntegrationEventWID() : null"/></cc:local-out>
	</cc:assembly>

</beans>