<?xml version="1.0" encoding="UTF-8"?>
<wdnm:Diagram xmlns:wdnm="http://workday.com/studio/editors/notation">
  <element href="assembly.xml#WorkdayAssembly"/>
  <visualProperties x="36" y="255">
    <element href="assembly.xml#StartHere"/>
  </visualProperties>
  <visualProperties x="165" y="217">
    <element href="assembly.xml#GetParameters"/>
  </visualProperties>
  <visualProperties x="560" y="322">
    <element href="assembly.xml#CallGetWorkersChangesOnly"/>
  </visualProperties>
  <visualProperties x="893" y="312">
    <element href="assembly.xml#Reset"/>
  </visualProperties>
  <visualProperties x="1277" y="405">
    <element href="assembly.xml#PutIntegrationMessageFinal"/>
  </visualProperties>
  <visualProperties x="1539" y="394">
    <element href="assembly.xml#PutIntegrationEventFinal"/>
  </visualProperties>
  <visualProperties x="276" y="543">
    <element href="assembly.xml#BuildGetWorkers"/>
  </visualProperties>
  <visualProperties x="44" y="587">
    <element href="assembly.xml#GetWorkersChangesOnly"/>
  </visualProperties>
  <visualProperties x="561" y="573">
    <element href="assembly.xml#PagedGetDelta"/>
  </visualProperties>
  <visualProperties x="560" y="623">
    <element href="assembly.xml#PagedMessage"/>
  </visualProperties>
  <visualProperties x="48" y="2662">
    <element href="assembly.xml#AggregateNames"/>
  </visualProperties>
  <visualProperties x="47" y="1479">
    <element href="assembly.xml#ProcessPages"/>
  </visualProperties>
  <visualProperties x="267" y="1451">
    <element href="assembly.xml#SetMaps"/>
  </visualProperties>
  <visualProperties x="418" y="1431">
    <element href="assembly.xml#SplitWorker"/>
  </visualProperties>
  <visualProperties x="77" y="3567">
    <element href="assembly.xml#//@beans/@mixed.1/@mixed.33"/>
  </visualProperties>
  <visualProperties x="262" y="3567">
    <element href="assembly.xml#PutIntegrationMessageGlobal"/>
  </visualProperties>
  <visualProperties x="558" y="3567">
    <element href="assembly.xml#PutIntegrationEventGlobal"/>
  </visualProperties>
  <visualProperties x="881" y="1402">
    <element href="assembly.xml#RouteWorkers"/>
  </visualProperties>
  <visualProperties x="1061" y="1501">
    <element href="assembly.xml#CallProcessNewHire"/>
  </visualProperties>
  <visualProperties x="46" y="1930">
    <element href="assembly.xml#ProcessWorker"/>
  </visualProperties>
  <visualProperties x="241" y="1886">
    <element href="assembly.xml#GetWids"/>
  </visualProperties>
  <visualProperties x="521" y="1966">
    <element href="assembly.xml#CurrentWorkerMessage"/>
  </visualProperties>
  <visualProperties x="56" y="1714">
    <element href="assembly.xml#ProcessNewHire"/>
  </visualProperties>
  <visualProperties x="241" y="1673">
    <element href="assembly.xml#GetNewHires"/>
  </visualProperties>
  <visualProperties x="448" y="1765">
    <element href="assembly.xml#CurrentWorkerMessage1"/>
  </visualProperties>
  <visualProperties x="560" y="1435">
    <element href="assembly.xml#EvaluateFile"/>
  </visualProperties>
  <visualProperties x="704" y="1516">
    <element href="assembly.xml#FillFileMessage"/>
  </visualProperties>
  <visualProperties x="524" y="1903">
    <element href="assembly.xml#CallGetWorkersCurrent1"/>
  </visualProperties>
  <visualProperties x="798" y="1880">
    <element href="assembly.xml#SplitCurrent"/>
  </visualProperties>
  <visualProperties x="508" y="2628">
    <element href="assembly.xml#CreateNameFile"/>
  </visualProperties>
  <visualProperties x="283" y="2628">
    <element href="assembly.xml#Aggregator1"/>
  </visualProperties>
  <visualProperties x="873" y="2646">
    <element href="assembly.xml#AttachNameFile"/>
  </visualProperties>
  <visualProperties x="872" y="2716">
    <element href="assembly.xml#PutFileMessage"/>
  </visualProperties>
  <visualProperties x="734" y="3456">
    <element href="assembly.xml#PutFileMessage01"/>
  </visualProperties>
  <visualProperties x="734" y="3412">
    <element href="assembly.xml#AttachPersonalFile"/>
  </visualProperties>
  <visualProperties x="494" y="3368">
    <element href="assembly.xml#CreatePersonalFile"/>
  </visualProperties>
  <visualProperties x="260" y="3378">
    <element href="assembly.xml#Aggregator2"/>
  </visualProperties>
  <visualProperties x="39" y="3412">
    <element href="assembly.xml#AggregatePersonal"/>
  </visualProperties>
  <visualProperties x="44" y="2869">
    <element href="assembly.xml#AggregateJob"/>
  </visualProperties>
  <visualProperties x="217" y="2835">
    <element href="assembly.xml#Aggregator03"/>
  </visualProperties>
  <visualProperties x="487" y="2825">
    <element href="assembly.xml#CreateJobFile"/>
  </visualProperties>
  <visualProperties x="733" y="2835">
    <element href="assembly.xml#AttachJobFile"/>
  </visualProperties>
  <visualProperties x="718" y="2913">
    <element href="assembly.xml#PutFileMessage03"/>
  </visualProperties>
  <visualProperties x="31" y="3238">
    <element href="assembly.xml#AggregateComp"/>
  </visualProperties>
  <visualProperties x="260" y="3204">
    <element href="assembly.xml#Aggregator4"/>
  </visualProperties>
  <visualProperties x="487" y="3194">
    <element href="assembly.xml#CreateCompFile"/>
  </visualProperties>
  <visualProperties x="726" y="3204">
    <element href="assembly.xml#AttachCompFile"/>
  </visualProperties>
  <visualProperties x="721" y="3274">
    <element href="assembly.xml#PutFileMessage4"/>
  </visualProperties>
  <visualProperties x="40" y="3056">
    <element href="assembly.xml#AggregateEmpl"/>
  </visualProperties>
  <visualProperties x="271" y="3014">
    <element href="assembly.xml#Aggregator5"/>
  </visualProperties>
  <visualProperties x="487" y="3004">
    <element href="assembly.xml#CreateEmplFile"/>
  </visualProperties>
  <visualProperties x="728" y="3014">
    <element href="assembly.xml#AttachEmplFile"/>
  </visualProperties>
  <visualProperties x="721" y="3092">
    <element href="assembly.xml#PutFileMessage5"/>
  </visualProperties>
  <visualProperties x="977" y="1900">
    <element href="assembly.xml#TransformWorkerData"/>
  </visualProperties>
  <visualProperties x="1624" y="302">
    <element href="assembly.xml#CallFinalAggregate5"/>
  </visualProperties>
  <visualProperties x="47" y="2405">
    <element href="assembly.xml#RouteWorkerData"/>
  </visualProperties>
  <visualProperties x="46" y="2168">
    <element href="assembly.xml#ProcessDelta"/>
  </visualProperties>
  <visualProperties x="218" y="2131">
    <element href="assembly.xml#EvaluateData"/>
  </visualProperties>
  <visualProperties x="1292" y="1552">
    <element href="assembly.xml#CallProcessDelta"/>
  </visualProperties>
  <visualProperties x="1063" y="1552">
    <element href="assembly.xml#CallProcessworkerA"/>
  </visualProperties>
  <visualProperties x="455" y="2168">
    <element href="assembly.xml#CallGetWorkersHistory"/>
  </visualProperties>
  <visualProperties x="453" y="2219">
    <element href="assembly.xml#HistoryWorkerMessage"/>
  </visualProperties>
  <visualProperties x="702" y="2119">
    <element href="assembly.xml#SplitHistory"/>
  </visualProperties>
  <visualProperties x="877" y="2141">
    <element href="assembly.xml#TransformHistoryData"/>
  </visualProperties>
  <visualProperties x="1191" y="1974">
    <element href="assembly.xml#PutTransformDataMessage"/>
  </visualProperties>
  <visualProperties x="1370" y="2213">
    <element href="assembly.xml#PutTransFormHistMessage"/>
  </visualProperties>
  <visualProperties x="524" y="811">
    <element href="assembly.xml#CurrentWorkerMessage0"/>
  </visualProperties>
  <visualProperties x="41" y="768">
    <element href="assembly.xml#ProcessFullFile"/>
  </visualProperties>
  <visualProperties x="838" y="717">
    <element href="assembly.xml#SplitFullFile"/>
  </visualProperties>
  <visualProperties x="541" y="1319">
    <element href="assembly.xml#PutTransformDataMessage0"/>
  </visualProperties>
  <visualProperties x="280" y="1214">
    <element href="assembly.xml#TransformFullFileWorkerData"/>
  </visualProperties>
  <visualProperties x="811" y="1250">
    <element href="assembly.xml#CallRouteWorkerData0"/>
  </visualProperties>
  <visualProperties x="237" y="731">
    <element href="assembly.xml#GetworkerData"/>
  </visualProperties>
  <visualProperties x="566" y="376">
    <element href="assembly.xml#CallProcessFullFile"/>
  </visualProperties>
  <visualProperties x="514" y="768">
    <element href="assembly.xml#PagedGetFullFile"/>
  </visualProperties>
  <visualProperties x="56" y="1214">
    <element href="assembly.xml#ProcessEachBatch"/>
  </visualProperties>
  <visualProperties x="377" y="182">
    <element href="assembly.xml#Route"/>
  </visualProperties>
  <visualProperties x="1303" y="235">
    <element href="assembly.xml#Route0"/>
  </visualProperties>
  <visualProperties x="1460" y="265">
    <element href="assembly.xml#AsyncMediation"/>
  </visualProperties>
  <visualProperties x="1094" y="240">
    <element href="assembly.xml#Route1"/>
  </visualProperties>
  <visualProperties x="1370" y="2147">
    <element href="assembly.xml#CallSubRoutine"/>
  </visualProperties>
  <visualProperties x="1277" y="775">
    <element href="assembly.xml#CallProcessAllWorkers"/>
  </visualProperties>
  <visualProperties x="708" y="760">
    <element href="assembly.xml#Actives"/>
  </visualProperties>
  <visualProperties x="555" y="1198">
    <element href="assembly.xml#FullfileAggregator"/>
  </visualProperties>
  <visualProperties x="283" y="2355">
    <element href="assembly.xml#Splitter0"/>
  </visualProperties>
  <visualProperties x="514" y="2472">
    <element href="assembly.xml#CallSubRoutine0"/>
  </visualProperties>
  <visualProperties x="758" y="2472">
    <element href="assembly.xml#CallSubRoutine1"/>
  </visualProperties>
  <visualProperties x="977" y="2476">
    <element href="assembly.xml#CallSubRoutine2"/>
  </visualProperties>
  <visualProperties x="1212" y="2476">
    <element href="assembly.xml#CallSubRoutine3"/>
  </visualProperties>
  <visualProperties x="1467" y="2479">
    <element href="assembly.xml#CallSubRoutine4"/>
  </visualProperties>
  <visualProperties x="521" y="2369">
    <element href="assembly.xml#SubRoutine"/>
  </visualProperties>
  <visualProperties x="452" y="1687">
    <element href="assembly.xml#CallGetNewWorkerData"/>
  </visualProperties>
  <visualProperties x="653" y="1659">
    <element href="assembly.xml#SplitNewHire"/>
  </visualProperties>
  <visualProperties x="958" y="1708">
    <element href="assembly.xml#CallProcessEachNewHire"/>
  </visualProperties>
  <visualProperties x="1509" y="747">
    <element href="assembly.xml#EvalLastMessageB"/>
  </visualProperties>
  <visualProperties x="1697" y="775">
    <element href="assembly.xml#CallAfterLastRow"/>
  </visualProperties>
  <visualProperties x="579" y="1129">
    <element href="assembly.xml#LastRow"/>
  </visualProperties>
  <visualProperties x="1178" y="1680">
    <element href="assembly.xml#EvalLastMessageE"/>
  </visualProperties>
  <visualProperties x="1355" y="1699">
    <element href="assembly.xml#CallLastRowB"/>
  </visualProperties>
  <visualProperties x="1065" y="741">
    <element href="assembly.xml#EvalLastMessageA"/>
  </visualProperties>
  <visualProperties x="778" y="1686">
    <element href="assembly.xml#EvalLastMessageD"/>
  </visualProperties>
  <decorations x="35" y="22" width="981" height="60" font="Arial|26|1" fontColor="1" type="TEXT" text="INT0120D-HRPRDINT-Worker-Outbound"/>
  <decorations x="27" y="72" width="1310" height="10" bgColor="1" type="NOTE" text="Text"/>
  <decorations x="14" y="2568" width="1178" height="217" font="Arial|9|3" bgColor="8421440" fontColor="16777215" type="NOTE" text="Worker Names Aggregator"/>
  <decorations x="31" y="1390" width="1469" height="235" font="Arial|9|3" bgColor="9171953" fgColor="12632256" fontColor="255" text="Identify and group the workers in batch"/>
  <decorations x="14" y="3534" width="786" height="104" bgColor="255" type="NOTE" text="Text"/>
  <decorations x="31" y="1648" width="1469" height="169" font="Arial|9|3" bgColor="10151118" fgColor="12632256" fontColor="255" text="Process New Worker transactions"/>
  <decorations x="31" y="1832" width="1415" height="233" font="Arial|9|3" bgColor="15390101" fgColor="12632256" fontColor="255" text="Process Worker Data"/>
  <decorations x="14" y="3346" width="902" height="170" font="Arial|9|3" bgColor="8421440" fontColor="16777215" type="NOTE" text="Personal Data Aggregator"/>
  <decorations x="14" y="2803" width="903" height="170" font="Arial|9|3" bgColor="8421440" fontColor="16777215" type="NOTE" text="Job Data Aggregator"/>
  <decorations x="14" y="3162" width="903" height="170" font="Arial|9|3" bgColor="8421440" fontColor="16777215" type="NOTE" text="Compensation Aggregator"/>
  <decorations x="14" y="2982" width="903" height="170" font="Arial|9|3" bgColor="8421440" fontColor="16777215" type="NOTE" text="Employment Data Aggregator"/>
  <decorations x="24" y="94" width="1288" height="77" font="Arial|12|0" fontColor="1" type="TEXT" text="Process Worker information and output Worker Names, Personal , Job, Compensation and Employee information in 5 saperate files. The Integration supports full file and indicative."/>
  <decorations x="30" y="2292" width="1724" height="245" font="Arial|9|3" bgColor="15390101" fgColor="12632256" fontColor="255" text="Route Worker Data to appropriate aggregator"/>
  <decorations x="31" y="2078" width="1722" height="203" font="Arial|9|3" bgColor="15390101" fgColor="12632256" fontColor="255" text="Process Delta"/>
  <decorations x="35" y="489" width="517" height="188" font="Arial|9|3" fgColor="12632256" fontColor="255" text="Get Workers Data  (All worker Changes for Processigng Delta)  - Only Transaction Log info"/>
  <decorations x="34" y="693" width="1864" height="188" font="Arial|9|3" fgColor="12632256" fontColor="255" text="Get Workers Data  (All workers in Full file ) "/>
  <decorations x="33" y="1119" width="1047" height="264" bgColor="33023" type="NOTE" text="Text"/>
  <connections type="routesTo" sourceAnchorX="0.9357798165137615" sourceAnchorY="0.40540540540540543" targetAnchorX="0.0" targetAnchorY="0.34210526315789475">
    <source href="assembly.xml#StartHere"/>
    <target href="assembly.xml#GetParameters"/>
  </connections>
  <connections type="routesTo">
    <source href="assembly.xml#GetWorkersChangesOnly"/>
    <target href="assembly.xml#BuildGetWorkers"/>
  </connections>
  <connections type="routesResponseTo">
    <source href="assembly.xml#PutIntegrationMessageFinal"/>
    <target href="assembly.xml#PutIntegrationEventFinal"/>
  </connections>
  <connections type="routesTo" sourceAnchorX="0.9583333333333334" sourceAnchorY="0.392">
    <source href="assembly.xml#BuildGetWorkers"/>
    <target href="assembly.xml#PagedGetDelta"/>
  </connections>
  <connections type="routesTo" sourceAnchorX="0.9854014598540146" sourceAnchorY="0.3">
    <source href="assembly.xml#//@beans/@mixed.1/@mixed.19/@mixed.3"/>
    <target href="assembly.xml#PagedMessage"/>
  </connections>
  <connections type="routesTo">
    <source href="assembly.xml#ProcessPages"/>
    <target href="assembly.xml#SetMaps"/>
  </connections>
  <connections type="routesTo">
    <source href="assembly.xml#SetMaps"/>
    <target href="assembly.xml#SplitWorker"/>
  </connections>
  <connections type="routesTo" targetAnchorX="0.07236842105263158" targetAnchorY="0.448">
    <source href="assembly.xml#//@beans/@mixed.1/@splitter.0/@subRoute.0"/>
    <target href="assembly.xml#EvaluateFile"/>
  </connections>
  <connections type="routesTo">
    <source href="assembly.xml#//@beans/@mixed.1/@mixed.33"/>
    <target href="assembly.xml#PutIntegrationMessageGlobal"/>
  </connections>
  <connections type="routesResponseTo">
    <source href="assembly.xml#PutIntegrationMessageGlobal"/>
    <target href="assembly.xml#PutIntegrationEventGlobal"/>
  </connections>
  <connections type="routesTo" sourceAnchorX="0.7407407407407407" sourceAnchorY="0.4411764705882353" targetAnchorX="0.03888888888888889" targetAnchorY="0.40540540540540543">
    <source href="assembly.xml#//@beans/@mixed.1/@route.0/@subRoute.0"/>
    <target href="assembly.xml#CallProcessNewHire"/>
  </connections>
  <connections type="routesTo" sourceAnchorX="0.9214285714285714" sourceAnchorY="0.4864864864864865" targetAnchorX="0.04929577464788732" targetAnchorY="0.448">
    <source href="assembly.xml#ProcessWorker"/>
    <target href="assembly.xml#GetWids"/>
  </connections>
  <connections type="routesTo" sourceAnchorX="0.3111111111111111" sourceAnchorY="0.36666666666666664" targetAnchorX="0.17435897435897435" targetAnchorY="0.24324324324324326">
    <source href="assembly.xml#//@beans/@mixed.1/@mixed.41/@mixed.3"/>
    <target href="assembly.xml#CurrentWorkerMessage"/>
  </connections>
  <connections type="routesTo" sourceAnchorX="0.5412844036697247" sourceAnchorY="0.5666666666666667" targetAnchorX="0.12307692307692308" targetAnchorY="0.35135135135135137">
    <source href="assembly.xml#//@beans/@mixed.1/@mixed.47/@mixed.3"/>
    <target href="assembly.xml#CurrentWorkerMessage1"/>
  </connections>
  <connections type="routesTo" sourceAnchorX="0.8410596026490066" sourceAnchorY="0.4594594594594595" targetAnchorX="0.1206896551724138" targetAnchorY="0.472">
    <source href="assembly.xml#ProcessNewHire"/>
    <target href="assembly.xml#GetNewHires"/>
  </connections>
  <connections type="routesTo" sourceAnchorX="0.5327868852459017" sourceAnchorY="0.3" targetAnchorX="0.05641025641025641" targetAnchorY="0.43243243243243246">
    <source href="assembly.xml#//@beans/@mixed.1/@mixed.51/@mixed.3"/>
    <target href="assembly.xml#FillFileMessage"/>
  </connections>
  <connections type="routesTo" sourceAnchorX="0.9581151832460733" sourceAnchorY="0.32" targetAnchorX="0.07567567567567568" targetAnchorY="0.43243243243243246">
    <source href="assembly.xml#GetWids"/>
    <target href="assembly.xml#CallGetWorkersCurrent1"/>
  </connections>
  <connections type="routesResponseTo">
    <source href="assembly.xml#CallGetWorkersCurrent1"/>
    <target href="assembly.xml#SplitCurrent"/>
  </connections>
  <connections type="routesTo">
    <source href="assembly.xml#//@beans/@mixed.1/@mixed.59/@mixed.3"/>
    <target href="assembly.xml#PutFileMessage"/>
  </connections>
  <connections type="routesTo" sourceAnchorX="0.9717741935483871" sourceAnchorY="0.304" targetAnchorX="0.24545454545454545" targetAnchorY="0.5675675675675675">
    <source href="assembly.xml#CreateNameFile"/>
    <target href="assembly.xml#AttachNameFile"/>
  </connections>
  <connections type="routesTo">
    <source href="assembly.xml#Aggregator1"/>
    <target href="assembly.xml#CreateNameFile"/>
  </connections>
  <connections type="routesTo" sourceAnchorX="0.9294605809128631" sourceAnchorY="0.36666666666666664" targetAnchorX="0.3202614379084967" targetAnchorY="0.40540540540540543">
    <source href="assembly.xml#//@beans/@mixed.1/@mixed.71/@mixed.3"/>
    <target href="assembly.xml#PutFileMessage01"/>
  </connections>
  <connections type="routesTo" sourceAnchorX="0.959731543624161" sourceAnchorY="0.488" targetAnchorX="0.3418803418803419" targetAnchorY="0.40540540540540543">
    <source href="assembly.xml#CreatePersonalFile"/>
    <target href="assembly.xml#AttachPersonalFile"/>
  </connections>
  <connections type="routesTo" sourceAnchorX="0.9215686274509803" sourceAnchorY="0.46226415094339623" targetAnchorX="0.04435483870967742" targetAnchorY="0.496">
    <source href="assembly.xml#Aggregator2"/>
    <target href="assembly.xml#CreatePersonalFile"/>
  </connections>
  <connections type="routesTo" sourceAnchorX="0.9215686274509803" sourceAnchorY="0.46226415094339623" targetAnchorX="0.04435483870967742" targetAnchorY="0.496">
    <source href="assembly.xml#Aggregator03"/>
    <target href="assembly.xml#CreateJobFile"/>
  </connections>
  <connections type="routesTo" sourceAnchorX="0.8387096774193549" sourceAnchorY="0.144" targetAnchorX="0.3418803418803419" targetAnchorY="0.40540540540540543">
    <source href="assembly.xml#CreateJobFile"/>
    <target href="assembly.xml#AttachJobFile"/>
  </connections>
  <connections type="routesTo" sourceAnchorX="0.9294605809128631" sourceAnchorY="0.36666666666666664" targetAnchorX="0.3202614379084967" targetAnchorY="0.40540540540540543">
    <source href="assembly.xml#//@beans/@mixed.1/@mixed.81/@mixed.3"/>
    <target href="assembly.xml#PutFileMessage03"/>
  </connections>
  <connections type="routesTo" sourceAnchorX="0.9215686274509803" sourceAnchorY="0.46226415094339623" targetAnchorX="0.04435483870967742" targetAnchorY="0.496">
    <source href="assembly.xml#Aggregator4"/>
    <target href="assembly.xml#CreateCompFile"/>
  </connections>
  <connections type="routesTo" sourceAnchorX="0.8387096774193549" sourceAnchorY="0.144" targetAnchorX="0.3418803418803419" targetAnchorY="0.40540540540540543">
    <source href="assembly.xml#CreateCompFile"/>
    <target href="assembly.xml#AttachCompFile"/>
  </connections>
  <connections type="routesTo" sourceAnchorX="0.9294605809128631" sourceAnchorY="0.36666666666666664" targetAnchorX="0.3202614379084967" targetAnchorY="0.40540540540540543">
    <source href="assembly.xml#//@beans/@mixed.1/@mixed.91/@mixed.3"/>
    <target href="assembly.xml#PutFileMessage4"/>
  </connections>
  <connections type="routesTo" sourceAnchorX="0.9215686274509803" sourceAnchorY="0.46226415094339623" targetAnchorX="0.04435483870967742" targetAnchorY="0.496">
    <source href="assembly.xml#Aggregator5"/>
    <target href="assembly.xml#CreateEmplFile"/>
  </connections>
  <connections type="routesTo" sourceAnchorX="0.8387096774193549" sourceAnchorY="0.144" targetAnchorX="0.3418803418803419" targetAnchorY="0.40540540540540543">
    <source href="assembly.xml#CreateEmplFile"/>
    <target href="assembly.xml#AttachEmplFile"/>
  </connections>
  <connections type="routesTo" sourceAnchorX="0.9294605809128631" sourceAnchorY="0.36666666666666664" targetAnchorX="0.3202614379084967" targetAnchorY="0.40540540540540543">
    <source href="assembly.xml#//@beans/@mixed.1/@mixed.101/@mixed.3"/>
    <target href="assembly.xml#PutFileMessage5"/>
  </connections>
  <connections type="routesTo">
    <source href="assembly.xml#//@beans/@mixed.1/@splitter.1/@subRoute.0"/>
    <target href="assembly.xml#TransformWorkerData"/>
  </connections>
  <connections type="routesTo">
    <source href="assembly.xml#ProcessDelta"/>
    <target href="assembly.xml#EvaluateData"/>
  </connections>
  <connections type="routesTo">
    <source href="assembly.xml#//@beans/@mixed.1/@route.0/@subRoute.1"/>
    <target href="assembly.xml#CallProcessworkerA"/>
  </connections>
  <connections type="routesResponseTo">
    <source href="assembly.xml#CallProcessworkerA"/>
    <target href="assembly.xml#CallProcessDelta"/>
  </connections>
  <connections type="routesTo">
    <source href="assembly.xml#EvaluateData"/>
    <target href="assembly.xml#CallGetWorkersHistory"/>
  </connections>
  <connections type="routesTo">
    <source href="assembly.xml#//@beans/@mixed.1/@mixed.115/@mixed.3"/>
    <target href="assembly.xml#HistoryWorkerMessage"/>
  </connections>
  <connections type="routesResponseTo">
    <source href="assembly.xml#CallGetWorkersHistory"/>
    <target href="assembly.xml#SplitHistory"/>
  </connections>
  <connections type="routesTo">
    <source href="assembly.xml#//@beans/@mixed.1/@splitter.2/@subRoute.0"/>
    <target href="assembly.xml#TransformHistoryData"/>
  </connections>
  <connections type="routesTo">
    <source href="assembly.xml#//@beans/@mixed.1/@mixed.127/@mixed.3"/>
    <target href="assembly.xml#PutTransFormHistMessage"/>
  </connections>
  <connections type="routesTo">
    <source href="assembly.xml#//@beans/@mixed.1/@mixed.107/@mixed.3"/>
    <target href="assembly.xml#PutTransformDataMessage"/>
  </connections>
  <connections type="routesTo">
    <source href="assembly.xml#EvaluateFile"/>
    <target href="assembly.xml#RouteWorkers"/>
  </connections>
  <connections type="routesTo" sourceAnchorX="0.3111111111111111" sourceAnchorY="0.36666666666666664" targetAnchorX="0.17435897435897435" targetAnchorY="0.24324324324324326">
    <source href="assembly.xml#//@beans/@mixed.1/@mixed.133/@mixed.3"/>
    <target href="assembly.xml#CurrentWorkerMessage0"/>
  </connections>
  <connections type="routesTo" sourceAnchorX="0.9214285714285714" sourceAnchorY="0.4864864864864865" targetAnchorX="0.04929577464788732" targetAnchorY="0.448">
    <source href="assembly.xml#ProcessFullFile"/>
    <target href="assembly.xml#GetworkerData"/>
  </connections>
  <connections type="routesTo">
    <source href="assembly.xml#//@beans/@mixed.1/@mixed.137/@mixed.3"/>
    <target href="assembly.xml#PutTransformDataMessage0"/>
  </connections>
  <connections type="routesTo">
    <source href="assembly.xml#GetworkerData"/>
    <target href="assembly.xml#PagedGetFullFile"/>
  </connections>
  <connections type="routesTo">
    <source href="assembly.xml#//@beans/@mixed.1/@route.1/@subRoute.1"/>
    <target href="assembly.xml#CallProcessFullFile"/>
  </connections>
  <connections type="routesTo">
    <source href="assembly.xml#//@beans/@mixed.1/@route.1/@subRoute.0"/>
    <target href="assembly.xml#CallGetWorkersChangesOnly"/>
  </connections>
  <connections type="routesTo">
    <source href="assembly.xml#//@beans/@mixed.1/@route.3/@subRoute.1"/>
    <target href="assembly.xml#PutIntegrationMessageFinal"/>
  </connections>
  <connections type="routesTo">
    <source href="assembly.xml#//@beans/@mixed.1/@route.2/@subRoute.0"/>
    <target href="assembly.xml#AsyncMediation"/>
  </connections>
  <connections type="routesTo">
    <source href="assembly.xml#Reset"/>
    <target href="assembly.xml#Route1"/>
  </connections>
  <connections type="routesTo">
    <source href="assembly.xml#AsyncMediation"/>
    <target href="assembly.xml#CallFinalAggregate5"/>
  </connections>
  <connections type="routesTo">
    <source href="assembly.xml#TransformHistoryData"/>
    <target href="assembly.xml#CallSubRoutine"/>
  </connections>
  <connections type="routesTo" targetAnchorX="0.032679738562091505" targetAnchorY="0.42452830188679247">
    <source href="assembly.xml#TransformFullFileWorkerData"/>
    <target href="assembly.xml#FullfileAggregator"/>
  </connections>
  <connections type="routesTo">
    <source href="assembly.xml#ProcessEachBatch"/>
    <target href="assembly.xml#TransformFullFileWorkerData"/>
  </connections>
  <connections type="routesResponseTo" targetAnchorX="0.06315789473684211" targetAnchorY="0.43243243243243246">
    <source href="assembly.xml#PagedGetFullFile"/>
    <target href="assembly.xml#Actives"/>
  </connections>
  <connections type="routesResponseTo">
    <source href="assembly.xml#Actives"/>
    <target href="assembly.xml#SplitFullFile"/>
  </connections>
  <connections type="routesTo">
    <source href="assembly.xml#//@beans/@mixed.1/@route.3/@subRoute.0"/>
    <target href="assembly.xml#Route0"/>
  </connections>
  <connections type="routesTo">
    <source href="assembly.xml#FullfileAggregator"/>
    <target href="assembly.xml#CallRouteWorkerData0"/>
  </connections>
  <connections type="routesTo" targetAnchorX="0.052980132450331126" targetAnchorY="0.35135135135135137">
    <source href="assembly.xml#//@beans/@mixed.1/@splitter.4/@subRoute.0"/>
    <target href="assembly.xml#CallSubRoutine0"/>
  </connections>
  <connections type="routesTo">
    <source href="assembly.xml#RouteWorkerData"/>
    <target href="assembly.xml#Splitter0"/>
  </connections>
  <connections type="routesResponseTo">
    <source href="assembly.xml#CallSubRoutine0"/>
    <target href="assembly.xml#CallSubRoutine1"/>
  </connections>
  <connections type="routesResponseTo">
    <source href="assembly.xml#CallSubRoutine1"/>
    <target href="assembly.xml#CallSubRoutine2"/>
  </connections>
  <connections type="routesResponseTo">
    <source href="assembly.xml#CallSubRoutine2"/>
    <target href="assembly.xml#CallSubRoutine3"/>
  </connections>
  <connections type="routesResponseTo">
    <source href="assembly.xml#CallSubRoutine3"/>
    <target href="assembly.xml#CallSubRoutine4"/>
  </connections>
  <connections type="routesTo" targetAnchorX="0.4503311258278146" targetAnchorY="0.0">
    <source href="assembly.xml#SubRoutine"/>
    <target href="assembly.xml#CallSubRoutine0"/>
  </connections>
  <connections type="routesTo">
    <source href="assembly.xml#AggregatePersonal"/>
    <target href="assembly.xml#Aggregator2"/>
  </connections>
  <connections type="routesTo">
    <source href="assembly.xml#AggregateNames"/>
    <target href="assembly.xml#Aggregator1"/>
  </connections>
  <connections type="routesTo">
    <source href="assembly.xml#AggregateEmpl"/>
    <target href="assembly.xml#Aggregator5"/>
  </connections>
  <connections type="routesTo">
    <source href="assembly.xml#AggregateJob"/>
    <target href="assembly.xml#Aggregator03"/>
  </connections>
  <connections type="routesTo">
    <source href="assembly.xml#AggregateComp"/>
    <target href="assembly.xml#Aggregator4"/>
  </connections>
  <connections type="routesTo" sourceAnchorX="0.9333333333333333" sourceAnchorY="0.456" targetAnchorX="0.07035175879396985" targetAnchorY="0.35135135135135137">
    <source href="assembly.xml#GetNewHires"/>
    <target href="assembly.xml#CallGetNewWorkerData"/>
  </connections>
  <connections type="routesResponseTo">
    <source href="assembly.xml#CallGetNewWorkerData"/>
    <target href="assembly.xml#SplitNewHire"/>
  </connections>
  <connections type="routesTo" sourceAnchorX="0.4752475247524752" sourceAnchorY="0.4411764705882353" targetAnchorX="0.12686567164179105" targetAnchorY="0.5652173913043478">
    <source href="assembly.xml#//@beans/@mixed.1/@splitter.5/@subRoute.0"/>
    <target href="assembly.xml#EvalLastMessageD"/>
  </connections>
  <connections type="routesTo" sourceAnchorX="0.8762886597938144" sourceAnchorY="0.5294117647058824" targetAnchorX="0.15671641791044777" targetAnchorY="0.5543478260869565">
    <source href="assembly.xml#//@beans/@mixed.1/@splitter.3/@subRoute.0"/>
    <target href="assembly.xml#EvalLastMessageA"/>
  </connections>
  <connections type="routesTo" sourceAnchorX="0.8656716417910447" sourceAnchorY="0.6195652173913043" targetAnchorX="0.2896551724137931" targetAnchorY="0.5405405405405406">
    <source href="assembly.xml#EvalLastMessageB"/>
    <target href="assembly.xml#CallAfterLastRow"/>
  </connections>
  <connections type="routesResponseTo" targetAnchorX="0.11940298507462686" targetAnchorY="0.5531914893617021">
    <source href="assembly.xml#CallProcessAllWorkers"/>
    <target href="assembly.xml#EvalLastMessageB"/>
  </connections>
  <connections type="routesTo" sourceAnchorX="0.5566037735849056" sourceAnchorY="0.6216216216216216" targetAnchorX="0.5098039215686274" targetAnchorY="0.05660377358490566">
    <source href="assembly.xml#LastRow"/>
    <target href="assembly.xml#FullfileAggregator"/>
  </connections>
  <connections type="routesResponseTo">
    <source href="assembly.xml#CallProcessEachNewHire"/>
    <target href="assembly.xml#EvalLastMessageE"/>
  </connections>
  <connections type="routesTo" sourceAnchorX="0.8880597014925373" sourceAnchorY="0.43478260869565216" targetAnchorX="0.09933774834437085" targetAnchorY="0.4864864864864865">
    <source href="assembly.xml#EvalLastMessageE"/>
    <target href="assembly.xml#CallLastRowB"/>
  </connections>
  <connections type="routesTo" sourceAnchorX="0.9477611940298507" sourceAnchorY="0.532608695652174" targetAnchorX="0.10326086956521739" targetAnchorY="0.40540540540540543">
    <source href="assembly.xml#EvalLastMessageA"/>
    <target href="assembly.xml#CallProcessAllWorkers"/>
  </connections>
  <connections type="routesTo" sourceAnchorX="0.9477611940298507" sourceAnchorY="0.4782608695652174" targetAnchorX="0.18407960199004975" targetAnchorY="0.40540540540540543">
    <source href="assembly.xml#EvalLastMessageD"/>
    <target href="assembly.xml#CallProcessEachNewHire"/>
  </connections>
  <connections type="routesResponseTo" sourceAnchorX="0.5694444444444444" sourceAnchorY="1.0" targetAnchorX="0.10666666666666667" targetAnchorY="0.40425531914893614">
    <source href="assembly.xml#CallGetWorkersChangesOnly"/>
    <target href="assembly.xml#Reset"/>
  </connections>
  <connections type="routesTo">
    <source href="assembly.xml#GetParameters"/>
    <target href="assembly.xml#Route"/>
  </connections>
  <connections type="routesResponseTo">
    <source href="assembly.xml#CallProcessFullFile"/>
    <target href="assembly.xml#Reset"/>
  </connections>
</wdnm:Diagram>
