<?xml version="1.0" encoding="UTF-8"?>
<wdnm:Diagram xmlns:wdnm="http://workday.com/studio/editors/notation">
  <element href="assembly.xml#WorkdayAssembly"/>
  <visualProperties x="67" y="157">
    <element href="assembly.xml#GetBatchCustomerInvoiceRaasIN"/>
  </visualProperties>
  <visualProperties x="302" y="189">
    <element href="assembly.xml#AM-QuotePath"/>
  </visualProperties>
  <visualProperties x="479" y="222">
    <element href="assembly.xml#AM-LogRequest"/>
  </visualProperties>
  <visualProperties x="639" y="207">
    <element href="assembly.xml#WO-GetBatchCustomerRaas"/>
  </visualProperties>
  <visualProperties x="847" y="215">
    <element href="assembly.xml#AM-LogResponse"/>
  </visualProperties>
  <visualProperties x="1046" y="231">
    <element href="assembly.xml#AM-ResponseCopy"/>
  </visualProperties>
  <visualProperties x="474" y="209">
    <element href="assembly.xml#AM-PostPath"/>
  </visualProperties>
  <visualProperties x="246" y="207">
    <element href="assembly.xml#AsyncMediation"/>
  </visualProperties>
  <visualProperties x="1310" y="187">
    <element href="assembly.xml#CatchRestError"/>
  </visualProperties>
  <visualProperties x="1445" y="203">
    <element href="assembly.xml#PutRestMessage"/>
  </visualProperties>
  <decorations x="39" y="21" width="371" height="65" text="Sub assembly that handles the call to Batch Customer Invoice Raas  and processresponse for downstream process." pinned="true"/>
  <connections type="routesResponseTo" sourceAnchorX="0.8796296296296297" sourceAnchorY="1.0" targetAnchorX="0.14184397163120568" targetAnchorY="0.6595744680851063">
    <source href="assembly.xml#WO-GetBatchCustomerRaas"/>
    <target href="assembly.xml#AM-LogResponse"/>
  </connections>
  <connections type="routesTo" sourceAnchorX="1.0" sourceAnchorY="0.2978723404255319" targetAnchorX="0.015748031496062992" targetAnchorY="0.6847826086956522">
    <source href="assembly.xml#AM-LogResponse"/>
    <target href="assembly.xml#AM-ResponseCopy"/>
  </connections>
  <connections type="routesTo" sourceAnchorX="1.0" sourceAnchorY="0.22340425531914893" targetAnchorX="0.19642857142857142" targetAnchorY="0.40425531914893614">
    <source href="assembly.xml#AM-QuotePath"/>
    <target href="assembly.xml#AM-PostPath"/>
  </connections>
  <connections type="routesTo" sourceAnchorX="1.0" sourceAnchorY="0.23404255319148937" targetAnchorY="0.7340425531914894">
    <source href="assembly.xml#AM-PostPath"/>
    <target href="assembly.xml#AM-LogRequest"/>
  </connections>
  <connections type="routesTo" sourceAnchorX="0.8016528925619835" sourceAnchorY="1.0" targetAnchorX="0.08661417322834646" targetAnchorY="0.75">
    <source href="assembly.xml#GetBatchCustomerInvoiceRaasIN"/>
    <target href="assembly.xml#AsyncMediation"/>
  </connections>
  <connections type="routesTo" sourceAnchorX="1.0" sourceAnchorY="0.30434782608695654" targetAnchorX="0.13333333333333333" targetAnchorY="0.7659574468085106">
    <source href="assembly.xml#AsyncMediation"/>
    <target href="assembly.xml#AM-QuotePath"/>
  </connections>
  <connections type="routesTo" sourceAnchorX="1.0" sourceAnchorY="0.2391304347826087" targetAnchorX="0.3142857142857143" targetAnchorY="0.08943089430894309">
    <source href="assembly.xml#AM-LogRequest"/>
    <target href="assembly.xml#CatchRestError"/>
  </connections>
  <connections type="routesTo" sourceAnchorX="1.0" sourceAnchorY="0.1951219512195122" targetAnchorX="0.2988505747126437" targetAnchorY="0.4594594594594595">
    <source href="assembly.xml#CatchRestError"/>
    <target href="assembly.xml#WO-GetBatchCustomerRaas"/>
  </connections>
  <connections type="routesTo" sourceAnchorX="0.673469387755102" sourceAnchorY="1.0" targetAnchorX="0.5873015873015873" targetAnchorY="0.5135135135135135">
    <source href="assembly.xml#//@beans/@mixed.1/@mixed.17/@mixed.3"/>
    <target href="assembly.xml#PutRestMessage"/>
  </connections>
  <swimlanes x="39" y="116" name="Get Batch Customer Invoice Raas">
    <elements href="assembly.xml#GetBatchCustomerInvoiceRaasIN"/>
    <elements href="assembly.xml#AsyncMediation"/>
    <elements href="assembly.xml#AM-QuotePath"/>
    <elements href="assembly.xml#AM-PostPath"/>
    <elements href="assembly.xml#AM-LogRequest"/>
    <elements href="#//@swimlanes.1"/>
    <elements href="assembly.xml#WO-GetBatchCustomerRaas"/>
    <elements href="assembly.xml#AM-LogResponse"/>
    <elements href="assembly.xml#AM-ResponseCopy"/>
  </swimlanes>
  <swimlanes x="950" y="202" name="Swimlane" orientation="VERTICAL">
    <elements href="assembly.xml#CatchRestError"/>
    <elements href="assembly.xml#PutRestMessage"/>
  </swimlanes>
</wdnm:Diagram>
