<?xml version="1.0" encoding="UTF-8"?>
<wdnm:Diagram xmlns:wdnm="http://workday.com/studio/editors/notation">
  <element href="assembly.xml#WorkdayAssembly"/>
  <visualProperties x="108" y="77">
    <element href="assembly.xml#StartHere"/>
  </visualProperties>
  <visualProperties x="190" y="84">
    <element href="assembly.xml#Call-CreateToProcessFile"/>
  </visualProperties>
  <visualProperties x="70" y="218">
    <element href="assembly.xml#CreateToProcessFile"/>
  </visualProperties>
  <visualProperties x="308" y="261">
    <element href="assembly.xml#GetFile"/>
  </visualProperties>
  <visualProperties x="336" y="405">
    <element href="assembly.xml#FileNotFoundError"/>
  </visualProperties>
  <visualProperties x="783" y="273">
    <element href="assembly.xml#FomatInputFile"/>
  </visualProperties>
  <visualProperties x="863" y="407">
    <element href="assembly.xml#PutIntegrationMessage0"/>
  </visualProperties>
  <visualProperties x="1039" y="223">
    <element href="assembly.xml#SplitEachINT"/>
  </visualProperties>
  <visualProperties x="41" y="877">
    <element href="assembly.xml#LauncIntegration"/>
  </visualProperties>
  <visualProperties x="232" y="900">
    <element href="assembly.xml#ErrorHandler"/>
  </visualProperties>
  <visualProperties x="439" y="909">
    <element href="assembly.xml#Route0"/>
  </visualProperties>
  <visualProperties x="550" y="182">
    <element href="assembly.xml#FetchReportData"/>
  </visualProperties>
  <visualProperties x="187" y="94">
    <element href="assembly.xml#CallFetchReportData"/>
  </visualProperties>
  <visualProperties x="712" y="221">
    <element href="assembly.xml#SetAgreegateProps"/>
  </visualProperties>
  <visualProperties x="573" y="376">
    <element href="assembly.xml#Error-FetchingReportData"/>
  </visualProperties>
  <visualProperties x="995" y="323">
    <element href="assembly.xml#PayGroupDetail"/>
  </visualProperties>
  <visualProperties x="187" y="96">
    <element href="assembly.xml#FetchLPs"/>
  </visualProperties>
  <visualProperties x="1127" y="24">
    <element href="assembly.xml#ErrorMessage"/>
  </visualProperties>
  <visualProperties x="1165" y="634">
    <element href="assembly.xml#GetINTDetail"/>
  </visualProperties>
  <visualProperties x="1336" y="839">
    <element href="assembly.xml#PutIntegrationMessage2"/>
  </visualProperties>
  <visualProperties x="711" y="1050">
    <element href="assembly.xml#LaunchStudioIntegrationReq"/>
  </visualProperties>
  <visualProperties>
    <element href="assembly.xml#LaunchEIBRequest"/>
  </visualProperties>
  <visualProperties x="1559" y="1009">
    <element href="assembly.xml#Launch_EIB"/>
  </visualProperties>
  <visualProperties x="1755" y="1009">
    <element href="assembly.xml#WSResponse"/>
  </visualProperties>
  <visualProperties x="1259" y="1053">
    <element href="assembly.xml#Error_Message"/>
  </visualProperties>
  <visualProperties x="1407" y="257">
    <element href="assembly.xml#Splitter"/>
  </visualProperties>
  <visualProperties x="1562" y="243">
    <element href="assembly.xml#FetchPromptValues"/>
  </visualProperties>
  <visualProperties x="1911" y="323">
    <element href="assembly.xml#Error-Message"/>
  </visualProperties>
  <visualProperties x="1786" y="284">
    <element href="assembly.xml#RunSettlementReport"/>
  </visualProperties>
  <visualProperties x="1975" y="273">
    <element href="assembly.xml#CreateFinalXML"/>
  </visualProperties>
  <visualProperties x="2036" y="473">
    <element href="assembly.xml#Error-Message0"/>
  </visualProperties>
  <visualProperties x="2235" y="438">
    <element href="assembly.xml#Aggregator"/>
  </visualProperties>
  <visualProperties x="1067" y="-86">
    <element href="assembly.xml#SetAgreegateProps0"/>
  </visualProperties>
  <visualProperties x="2393" y="439">
    <element href="assembly.xml#AgreegateReport"/>
  </visualProperties>
  <visualProperties x="1011" y="-57">
    <element href="assembly.xml#CallAgreegateReport"/>
  </visualProperties>
  <visualProperties x="1609" y="19">
    <element href="assembly.xml#ErrorMessage0"/>
  </visualProperties>
  <visualProperties x="2468" y="344">
    <element href="assembly.xml#SaveToVar"/>
  </visualProperties>
  <visualProperties x="2378" y="-32">
    <element href="assembly.xml#Error-Message00"/>
  </visualProperties>
  <visualProperties x="962" y="589">
    <element href="assembly.xml#combineData"/>
  </visualProperties>
  <visualProperties>
    <element href="assembly.xml#Aggregator0"/>
  </visualProperties>
  <visualProperties x="1173" y="691">
    <element href="assembly.xml#AggregateData"/>
  </visualProperties>
  <visualProperties>
    <element href="assembly.xml#SetAgreegateProps00"/>
  </visualProperties>
  <visualProperties>
    <element href="assembly.xml#ErrorMessage00"/>
  </visualProperties>
  <visualProperties x="1599" y="-70">
    <element href="assembly.xml#CallAgreegateData"/>
  </visualProperties>
  <visualProperties x="1287" y="842">
    <element href="assembly.xml#PutIntegrationMessage00"/>
  </visualProperties>
  <visualProperties x="1443" y="701">
    <element href="assembly.xml#SaveToVar_ToProcessData"/>
  </visualProperties>
  <visualProperties x="302" y="580">
    <element href="assembly.xml#ProcessEachIntSystem"/>
  </visualProperties>
  <visualProperties x="169" y="612">
    <element href="assembly.xml#CopyVar"/>
  </visualProperties>
  <visualProperties x="-200" y="1027">
    <element href="assembly.xml#CallProcessEachIntSystem"/>
  </visualProperties>
  <visualProperties x="358" y="585">
    <element href="assembly.xml#SplitInt"/>
  </visualProperties>
  <visualProperties x="296" y="729">
    <element href="assembly.xml#PutIntegrationMessage"/>
  </visualProperties>
  <visualProperties x="907" y="644">
    <element href="assembly.xml#CallLauncIntegration"/>
  </visualProperties>
  <visualProperties x="677" y="-2">
    <element href="assembly.xml#PGDataSaveToVar"/>
  </visualProperties>
  <visualProperties x="1248" y="-154">
    <element href="assembly.xml#Error-Message1"/>
  </visualProperties>
  <visualProperties x="921" y="662">
    <element href="assembly.xml#Splitter0"/>
  </visualProperties>
  <visualProperties>
    <element href="assembly.xml#GetINTDetail0"/>
  </visualProperties>
  <visualProperties>
    <element href="assembly.xml#PutIntegrationMessage20"/>
  </visualProperties>
  <visualProperties x="929" y="720">
    <element href="assembly.xml#Route"/>
  </visualProperties>
  <visualProperties x="1811" y="611">
    <element href="assembly.xml#CallLauncIntForMulPG"/>
  </visualProperties>
  <visualProperties x="-191" y="1388">
    <element href="assembly.xml#LaunchEIBRequest0"/>
  </visualProperties>
  <visualProperties x="-42" y="1541">
    <element href="assembly.xml#LaunchStudioIntegrationReq0"/>
  </visualProperties>
  <visualProperties x="1493" y="1432">
    <element href="assembly.xml#Launch_INT_Event"/>
  </visualProperties>
  <visualProperties x="1450" y="1454">
    <element href="assembly.xml#WSResponse0"/>
  </visualProperties>
  <visualProperties x="25" y="1784">
    <element href="assembly.xml#Log"/>
  </visualProperties>
  <visualProperties x="271" y="1822">
    <element href="assembly.xml#Log_Error"/>
  </visualProperties>
  <visualProperties x="540" y="1850">
    <element href="assembly.xml#Log_Success"/>
  </visualProperties>
  <visualProperties x="1458" y="1575">
    <element href="assembly.xml#CallLog"/>
  </visualProperties>
  <visualProperties x="667" y="1892">
    <element href="assembly.xml#Error_Creating_Log"/>
  </visualProperties>
  <visualProperties x="1692" y="1323">
    <element href="assembly.xml#CallLog0"/>
  </visualProperties>
  <visualProperties x="1648" y="1361">
    <element href="assembly.xml#CallLog00"/>
  </visualProperties>
  <visualProperties x="567" y="1458">
    <element href="assembly.xml#SetStatus"/>
  </visualProperties>
  <visualProperties>
    <element href="assembly.xml#SetStatus0"/>
  </visualProperties>
  <visualProperties>
    <element href="assembly.xml#CallLog000"/>
  </visualProperties>
  <visualProperties x="491" y="2038">
    <element href="assembly.xml#StoreLog"/>
  </visualProperties>
  <visualProperties x="622" y="2053">
    <element href="assembly.xml#Log_Store"/>
  </visualProperties>
  <visualProperties x="761" y="2098">
    <element href="assembly.xml#PutLog"/>
  </visualProperties>
  <visualProperties x="-228" y="1091">
    <element href="assembly.xml#CallStoreLog"/>
  </visualProperties>
  <visualProperties>
    <element href="assembly.xml#FetchIntegrationIDs"/>
  </visualProperties>
  <visualProperties>
    <element href="assembly.xml#writeexcelFile"/>
  </visualProperties>
  <visualProperties>
    <element href="assembly.xml#PutErrorMessage200010"/>
  </visualProperties>
  <visualProperties x="-208" y="196">
    <element href="assembly.xml#CallFetchIntegrationIDs"/>
  </visualProperties>
  <visualProperties>
    <element href="assembly.xml#LaunchOtherIntegration"/>
  </visualProperties>
  <visualProperties>
    <element href="assembly.xml#LaunchOtherIntegration1"/>
  </visualProperties>
  <visualProperties>
    <element href="assembly.xml#Launch_INT_Event0"/>
  </visualProperties>
  <visualProperties>
    <element href="assembly.xml#WSResponse00"/>
  </visualProperties>
  <visualProperties>
    <element href="assembly.xml#CallLog1"/>
  </visualProperties>
  <visualProperties>
    <element href="assembly.xml#SetStatus00"/>
  </visualProperties>
  <visualProperties>
    <element href="assembly.xml#CallLog0000"/>
  </visualProperties>
  <visualProperties x="569" y="2121">
    <element href="assembly.xml#AddIntegrationIDs"/>
  </visualProperties>
  <visualProperties>
    <element href="assembly.xml#FetchLastEvent"/>
  </visualProperties>
  <visualProperties>
    <element href="assembly.xml#PutErrorMessage11000"/>
  </visualProperties>
  <visualProperties x="2248" y="2073">
    <element href="assembly.xml#CallEventDetail"/>
  </visualProperties>
  <visualProperties>
    <element href="assembly.xml#GetParentIDs"/>
  </visualProperties>
  <visualProperties>
    <element href="assembly.xml#PutErrorMessage110000"/>
  </visualProperties>
  <visualProperties x="743" y="2120">
    <element href="assembly.xml#WorkdayOutRest"/>
  </visualProperties>
  <visualProperties>
    <element href="assembly.xml#SetStatus1"/>
  </visualProperties>
  <visualProperties>
    <element href="assembly.xml#CallLog001"/>
  </visualProperties>
  <visualProperties x="491" y="2815">
    <element href="assembly.xml#Log_Success0"/>
  </visualProperties>
  <connections type="routesTo">
    <source href="assembly.xml#//@beans/@mixed.1/@mixed.7/@mixed.3"/>
    <target href="assembly.xml#FileNotFoundError"/>
  </connections>
  <connections type="routesTo">
    <source href="assembly.xml#//@beans/@mixed.1/@mixed.11/@mixed.3"/>
    <target href="assembly.xml#PutIntegrationMessage0"/>
  </connections>
  <connections type="routesTo">
    <source href="assembly.xml#CreateToProcessFile"/>
    <target href="assembly.xml#GetFile"/>
  </connections>
  <connections type="routesTo" targetAnchorX="0.7286821705426356" targetAnchorY="0.5652173913043478">
    <source href="assembly.xml#//@beans/@mixed.1/@splitter.0/@subRoute.0"/>
    <target href="assembly.xml#combineData"/>
  </connections>
  <connections type="routesTo" targetAnchorX="0.26666666666666666" targetAnchorY="0.42391304347826086">
    <source href="assembly.xml#StartHere"/>
    <target href="assembly.xml#FetchLPs"/>
  </connections>
  <connections type="routesTo">
    <source href="assembly.xml#LauncIntegration"/>
    <target href="assembly.xml#ErrorHandler"/>
  </connections>
  <connections type="routesTo">
    <source href="assembly.xml#ErrorHandler"/>
    <target href="assembly.xml#Route0"/>
  </connections>
  <connections type="routesResponseTo" sourceAnchorX="0.7025316455696202" sourceAnchorY="1.0" targetAnchorX="0.672316384180791" targetAnchorY="0.4330708661417323">
    <source href="assembly.xml#CallFetchReportData"/>
    <target href="assembly.xml#SetAgreegateProps0"/>
  </connections>
  <connections type="routesTo" sourceAnchorX="0.7869822485207101" sourceAnchorY="1.0" targetAnchorX="0.271523178807947" targetAnchorY="0.6956521739130435">
    <source href="assembly.xml#FetchReportData"/>
    <target href="assembly.xml#SetAgreegateProps"/>
  </connections>
  <connections type="routesTo" sourceAnchorX="0.6779661016949152" sourceAnchorY="1.0" targetAnchorX="0.40271493212669685" targetAnchorY="0.7297297297297297">
    <source href="assembly.xml#//@beans/@mixed.1/@mixed.27/@mixed.3"/>
    <target href="assembly.xml#Error-FetchingReportData"/>
  </connections>
  <connections type="routesTo" sourceAnchorX="1.0" sourceAnchorY="0.11382113821138211" targetAnchorX="0.13529411764705881" targetAnchorY="0.21621621621621623">
    <source href="assembly.xml#SetAgreegateProps"/>
    <target href="assembly.xml#PayGroupDetail"/>
  </connections>
  <connections type="routesResponseTo" sourceAnchorX="0.8616352201257862" sourceAnchorY="1.0" targetAnchorX="0.7622377622377622" targetAnchorY="0.6630434782608695">
    <source href="assembly.xml#PayGroupDetail"/>
    <target href="assembly.xml#PGDataSaveToVar"/>
  </connections>
  <connections type="routesTo" sourceAnchorX="0.4803921568627451" sourceAnchorY="1.0" targetAnchorX="0.3167420814479638" targetAnchorY="0.7297297297297297">
    <source href="assembly.xml#//@beans/@mixed.1/@mixed.33/@mixed.3"/>
    <target href="assembly.xml#ErrorMessage"/>
  </connections>
  <connections type="routesTo" sourceAnchorX="1.0" sourceAnchorY="0.10236220472440945" targetAnchorX="0.24786324786324787" targetAnchorY="0.4634146341463415">
    <source href="assembly.xml#FomatInputFile"/>
    <target href="assembly.xml#SplitEachINT"/>
  </connections>
  <connections type="routesTo" sourceAnchorX="0.6909090909090909" sourceAnchorY="1.0" targetAnchorX="0.18309859154929578" targetAnchorY="0.16216216216216217">
    <source href="assembly.xml#//@beans/@mixed.1/@mixed.37/@mixed.3"/>
    <target href="assembly.xml#PutIntegrationMessage2"/>
  </connections>
  <connections type="routesTo" sourceAnchorX="0.7261904761904762" sourceAnchorY="1.0" targetAnchorX="0.13245033112582782" targetAnchorY="0.8043478260869565">
    <source href="assembly.xml#//@beans/@mixed.1/@route.0/@subRoute.1"/>
    <target href="assembly.xml#LaunchStudioIntegrationReq"/>
  </connections>
  <connections type="routesTo" targetAnchorX="0.4528301886792453" targetAnchorY="0.07291666666666667">
    <source href="assembly.xml#//@beans/@mixed.1/@mixed.47/@mixed.3"/>
    <target href="assembly.xml#SetStatus"/>
  </connections>
  <connections type="routesResponseTo">
    <source href="assembly.xml#Launch_EIB"/>
    <target href="assembly.xml#WSResponse"/>
  </connections>
  <connections type="routesTo" sourceAnchorX="0.5608108108108109" sourceAnchorY="1.0" targetAnchorX="0.626984126984127" targetAnchorY="0.40540540540540543">
    <source href="assembly.xml#//@beans/@mixed.1/@mixed.19/@mixed.3"/>
    <target href="assembly.xml#Error_Message"/>
  </connections>
  <connections type="routesTo" sourceAnchorX="0.6666666666666666" sourceAnchorY="1.0" targetAnchorX="0.11904761904761904" targetAnchorY="0.3700787401574803">
    <source href="assembly.xml#//@beans/@mixed.1/@route.0/@subRoute.0"/>
    <target href="assembly.xml#LaunchEIBRequest"/>
  </connections>
  <connections type="routesTo" sourceAnchorX="0.6730769230769231" sourceAnchorY="1.0" targetAnchorX="0.5734265734265734" targetAnchorY="0.4891304347826087">
    <source href="assembly.xml#//@beans/@mixed.1/@splitter.1/@subRoute.0"/>
    <target href="assembly.xml#FetchPromptValues"/>
  </connections>
  <connections type="routesTo" sourceAnchorX="0.6687116564417178" sourceAnchorY="1.0" targetAnchorX="0.650887573964497" targetAnchorY="0.5405405405405406">
    <source href="assembly.xml#//@beans/@mixed.1/@mixed.53/@mixed.3"/>
    <target href="assembly.xml#Error-Message"/>
  </connections>
  <connections type="routesTo" sourceAnchorX="1.0" sourceAnchorY="0.14173228346456693" targetAnchorX="0.22941176470588234" targetAnchorY="0.5675675675675675">
    <source href="assembly.xml#FetchPromptValues"/>
    <target href="assembly.xml#RunSettlementReport"/>
  </connections>
  <connections type="routesResponseTo" sourceAnchorX="0.7424242424242424" sourceAnchorY="1.0" targetAnchorX="0.2867132867132867" targetAnchorY="0.4891304347826087">
    <source href="assembly.xml#RunSettlementReport"/>
    <target href="assembly.xml#CreateFinalXML"/>
  </connections>
  <connections type="routesTo" sourceAnchorX="0.47101449275362317" sourceAnchorY="1.0" targetAnchorX="0.41358024691358025" targetAnchorY="0.4594594594594595">
    <source href="assembly.xml#//@beans/@mixed.1/@mixed.59/@mixed.3"/>
    <target href="assembly.xml#Error-Message0"/>
  </connections>
  <connections type="routesTo" sourceAnchorX="1.0" sourceAnchorY="0.2047244094488189" targetAnchorX="0.20114942528735633" targetAnchorY="0.46226415094339623">
    <source href="assembly.xml#CreateFinalXML"/>
    <target href="assembly.xml#Aggregator"/>
  </connections>
  <connections type="routesTo" sourceAnchorX="0.0" sourceAnchorY="0.8918918918918919" targetAnchorX="0.6494252873563219" targetAnchorY="0.5188679245283019">
    <source href="assembly.xml#AgreegateReport"/>
    <target href="assembly.xml#Aggregator"/>
  </connections>
  <connections type="routesTo" sourceAnchorX="1.0" sourceAnchorY="0.1889763779527559" targetAnchorX="0.2760416666666667" targetAnchorY="0.32432432432432434">
    <source href="assembly.xml#SetAgreegateProps0"/>
    <target href="assembly.xml#CallAgreegateReport"/>
  </connections>
  <connections type="routesResponseTo" sourceAnchorX="0.7447916666666666" sourceAnchorY="1.0" targetAnchorX="0.15757575757575756" targetAnchorY="0.05405405405405406">
    <source href="assembly.xml#CallAgreegateReport"/>
    <target href="assembly.xml#Call-CreateToProcessFile"/>
  </connections>
  <connections type="routesTo" sourceAnchorX="0.4470588235294118" sourceAnchorY="1.0" targetAnchorX="0.49044585987261147" targetAnchorY="0.13513513513513514">
    <source href="assembly.xml#//@beans/@mixed.1/@mixed.65/@mixed.3"/>
    <target href="assembly.xml#ErrorMessage0"/>
  </connections>
  <connections type="routesTo" sourceAnchorX="1.0" sourceAnchorY="0.2358490566037736" targetAnchorX="0.26573426573426573" targetAnchorY="0.6413043478260869">
    <source href="assembly.xml#Aggregator"/>
    <target href="assembly.xml#SaveToVar"/>
  </connections>
  <connections type="routesTo" sourceAnchorX="0.47794117647058826" sourceAnchorY="1.0" targetAnchorX="0.40588235294117647" targetAnchorY="0.5135135135135135">
    <source href="assembly.xml#//@beans/@mixed.1/@mixed.73/@mixed.3"/>
    <target href="assembly.xml#Error-Message00"/>
  </connections>
  <connections type="routesTo" sourceAnchorX="1.0" sourceAnchorY="0.18110236220472442" targetAnchorX="0.3227848101265823" targetAnchorY="0.5405405405405406">
    <source href="assembly.xml#FetchLPs"/>
    <target href="assembly.xml#CallFetchIntegrationIDs"/>
  </connections>
  <connections type="routesTo" sourceAnchorX="1.0" sourceAnchorY="0.14960629921259844" targetAnchorX="0.20761245674740483" targetAnchorY="0.5118110236220472">
    <source href="assembly.xml#GetFile"/>
    <target href="assembly.xml#FomatInputFile"/>
  </connections>
  <connections type="routesTo" sourceAnchorX="1.0" sourceAnchorY="0.3125" targetAnchorX="0.11494252873563218" targetAnchorY="0.32075471698113206">
    <source href="assembly.xml#combineData"/>
    <target href="assembly.xml#Aggregator0"/>
  </connections>
  <connections type="routesTo" sourceAnchorX="0.6623376623376623" sourceAnchorY="1.0" targetAnchorX="0.5747126436781609" targetAnchorY="0.8962264150943396">
    <source href="assembly.xml#AggregateData"/>
    <target href="assembly.xml#Aggregator0"/>
  </connections>
  <connections type="routesTo" sourceAnchorX="0.4470588235294118" sourceAnchorY="1.0" targetAnchorX="0.49044585987261147" targetAnchorY="0.13513513513513514">
    <source href="assembly.xml#//@beans/@mixed.1/@mixed.85/@mixed.3"/>
    <target href="assembly.xml#ErrorMessage00"/>
  </connections>
  <connections type="routesResponseTo" sourceAnchorX="0.8303030303030303" sourceAnchorY="1.0" targetAnchorX="0.11891891891891893" targetAnchorY="0.4566929133858268">
    <source href="assembly.xml#Call-CreateToProcessFile"/>
    <target href="assembly.xml#SetAgreegateProps00"/>
  </connections>
  <connections type="routesTo" sourceAnchorX="1.0" sourceAnchorY="0.16535433070866143" targetAnchorX="0.185" targetAnchorY="0.24324324324324326">
    <source href="assembly.xml#SetAgreegateProps00"/>
    <target href="assembly.xml#CallAgreegateData"/>
  </connections>
  <connections type="routesTo" sourceAnchorX="0.48360655737704916" sourceAnchorY="1.0" targetAnchorX="0.3076923076923077" targetAnchorY="0.6216216216216216">
    <source href="assembly.xml#//@beans/@mixed.1/@mixed.77/@mixed.3"/>
    <target href="assembly.xml#PutIntegrationMessage00"/>
  </connections>
  <connections type="routesTo" sourceAnchorX="1.0" sourceAnchorY="0.16037735849056603" targetAnchorX="0.46853146853146854" targetAnchorY="0.5217391304347826">
    <source href="assembly.xml#Aggregator0"/>
    <target href="assembly.xml#SaveToVar_ToProcessData"/>
  </connections>
  <connections type="routesTo" sourceAnchorX="1.0" sourceAnchorY="0.5675675675675675" targetAnchorX="0.3146853146853147" targetAnchorY="0.6086956521739131">
    <source href="assembly.xml#ProcessEachIntSystem"/>
    <target href="assembly.xml#CopyVar"/>
  </connections>
  <connections type="routesResponseTo" sourceAnchorX="0.6368715083798883" sourceAnchorY="1.0" targetAnchorX="0.4830508474576271" targetAnchorY="0.6486486486486487">
    <source href="assembly.xml#CallAgreegateData"/>
    <target href="assembly.xml#CallProcessEachIntSystem"/>
  </connections>
  <connections type="routesTo" sourceAnchorX="1.0" sourceAnchorY="0.2708333333333333" targetAnchorX="0.4017094017094017">
    <source href="assembly.xml#CopyVar"/>
    <target href="assembly.xml#SplitInt"/>
  </connections>
  <connections type="routesTo" sourceAnchorX="0.3173076923076923" sourceAnchorY="1.0" targetAnchorX="0.28225806451612906" targetAnchorY="0.44881889763779526">
    <source href="assembly.xml#//@beans/@mixed.1/@splitter.2/@subRoute.0"/>
    <target href="assembly.xml#GetINTDetail"/>
  </connections>
  <connections type="routesTo" sourceAnchorX="0.7941176470588235" sourceAnchorY="1.0" targetAnchorX="0.4" targetAnchorY="0.3783783783783784">
    <source href="assembly.xml#//@beans/@mixed.1/@mixed.95/@mixed.3"/>
    <target href="assembly.xml#PutIntegrationMessage"/>
  </connections>
  <connections type="routesTo" sourceAnchorX="1.0" sourceAnchorY="0.2047244094488189" targetAnchorX="0.36752136752136755" targetAnchorY="0.437125748502994">
    <source href="assembly.xml#GetINTDetail"/>
    <target href="assembly.xml#Route"/>
  </connections>
  <connections type="routesTo" sourceAnchorX="1.0" sourceAnchorY="0.20652173913043478" targetAnchorX="0.3247863247863248" targetAnchorY="0.5609756097560976">
    <source href="assembly.xml#PGDataSaveToVar"/>
    <target href="assembly.xml#Splitter"/>
  </connections>
  <connections type="routesTo" sourceAnchorX="0.46794871794871795" sourceAnchorY="1.0" targetAnchorX="0.4567901234567901" targetAnchorY="0.35135135135135137">
    <source href="assembly.xml#//@beans/@mixed.1/@mixed.105/@mixed.3"/>
    <target href="assembly.xml#Error-Message1"/>
  </connections>
  <connections type="routesTo" sourceAnchorX="0.6909090909090909" sourceAnchorY="1.0" targetAnchorX="0.18309859154929578" targetAnchorY="0.16216216216216217">
    <source href="assembly.xml#//@beans/@mixed.1/@mixed.113/@mixed.3"/>
    <target href="assembly.xml#PutIntegrationMessage20"/>
  </connections>
  <connections type="routesTo" sourceAnchorX="0.7115384615384616" sourceAnchorY="1.0" targetAnchorX="0.4090909090909091" targetAnchorY="0.49606299212598426">
    <source href="assembly.xml#//@beans/@mixed.1/@splitter.3/@subRoute.0"/>
    <target href="assembly.xml#GetINTDetail0"/>
  </connections>
  <connections type="routesTo" sourceAnchorX="1.0" sourceAnchorY="0.15748031496062992" targetAnchorX="0.3492063492063492" targetAnchorY="0.13513513513513514">
    <source href="assembly.xml#GetINTDetail0"/>
    <target href="assembly.xml#CallLauncIntegration"/>
  </connections>
  <connections type="routesTo" sourceAnchorX="0.22413793103448276" sourceAnchorY="1.0" targetAnchorX="0.6068376068376068" targetAnchorY="0.524390243902439">
    <source href="assembly.xml#//@beans/@mixed.1/@route.1/@subRoute.1"/>
    <target href="assembly.xml#Splitter0"/>
  </connections>
  <connections type="routesTo" sourceAnchorX="0.5258620689655172" sourceAnchorY="1.0" targetAnchorX="0.3756345177664975" targetAnchorY="0.24324324324324326">
    <source href="assembly.xml#//@beans/@mixed.1/@route.1/@subRoute.0"/>
    <target href="assembly.xml#CallLauncIntForMulPG"/>
  </connections>
  <connections type="routesTo" sourceAnchorX="0.3431952662721893" sourceAnchorY="1.0" targetAnchorX="0.37735849056603776" targetAnchorY="0.23958333333333334">
    <source href="assembly.xml#//@beans/@mixed.1/@mixed.119/@mixed.3"/>
    <target href="assembly.xml#SetStatus"/>
  </connections>
  <connections type="routesTo" sourceAnchorX="1.0" sourceAnchorY="0.09448818897637795" targetAnchorX="0.1534090909090909" targetAnchorY="0.1889763779527559">
    <source href="assembly.xml#LaunchEIBRequest"/>
    <target href="assembly.xml#LaunchEIBRequest0"/>
  </connections>
  <connections type="routesTo" sourceAnchorX="1.0" sourceAnchorY="0.1732283464566929" targetAnchorX="0.2317596566523605" targetAnchorY="0.29133858267716534">
    <source href="assembly.xml#LaunchStudioIntegrationReq"/>
    <target href="assembly.xml#LaunchStudioIntegrationReq0"/>
  </connections>
  <connections type="routesTo" sourceAnchorX="1.0" sourceAnchorY="0.2047244094488189" targetAnchorX="0.09444444444444444" targetAnchorY="0.43243243243243246">
    <source href="assembly.xml#LaunchEIBRequest0"/>
    <target href="assembly.xml#Launch_EIB"/>
  </connections>
  <connections type="routesTo" sourceAnchorX="1.0" sourceAnchorY="0.1968503937007874" targetAnchorX="0.19680851063829788" targetAnchorY="0.6216216216216216">
    <source href="assembly.xml#LaunchStudioIntegrationReq0"/>
    <target href="assembly.xml#Launch_INT_Event"/>
  </connections>
  <connections type="routesResponseTo" sourceAnchorX="0.7222222222222222" sourceAnchorY="1.0" targetAnchorX="0.2746478873239437" targetAnchorY="0.4479166666666667">
    <source href="assembly.xml#Launch_INT_Event"/>
    <target href="assembly.xml#WSResponse0"/>
  </connections>
  <connections type="routesTo" sourceAnchorX="1.0" sourceAnchorY="0.3020833333333333" targetAnchorX="0.6590909090909091" targetAnchorY="0.4895833333333333">
    <source href="assembly.xml#Log_Error"/>
    <target href="assembly.xml#Log_Success"/>
  </connections>
  <connections type="routesTo" sourceAnchorX="1.0" sourceAnchorY="0.3020833333333333" targetAnchorX="0.379746835443038" targetAnchorY="0.2972972972972973">
    <source href="assembly.xml#WSResponse0"/>
    <target href="assembly.xml#CallLog"/>
  </connections>
  <connections type="routesTo" sourceAnchorX="0.5490196078431373" sourceAnchorY="1.0" targetAnchorX="0.4187192118226601" targetAnchorY="0.8378378378378378">
    <source href="assembly.xml#//@beans/@mixed.1/@mixed.129/@mixed.3"/>
    <target href="assembly.xml#Error_Creating_Log"/>
  </connections>
  <connections type="routesTo" sourceAnchorX="0.768" sourceAnchorY="1.0" targetAnchorX="0.6699507389162561" targetAnchorY="0.6486486486486487">
    <source href="assembly.xml#//@beans/@mixed.1/@mixed.131/@mixed.3"/>
    <target href="assembly.xml#Error_Creating_Log"/>
  </connections>
  <connections type="routesTo" sourceAnchorX="0.8024691358024691" sourceAnchorY="1.0" targetAnchorX="0.29357798165137616" targetAnchorY="0.3700787401574803">
    <source href="assembly.xml#Log"/>
    <target href="assembly.xml#Log_Error"/>
  </connections>
  <connections type="routesTo" sourceAnchorX="1.0" sourceAnchorY="0.21875" targetAnchorX="0.3333333333333333" targetAnchorY="0.6486486486486487">
    <source href="assembly.xml#WSResponse"/>
    <target href="assembly.xml#CallLog0"/>
  </connections>
  <connections type="routesTo" sourceAnchorX="0.0" sourceAnchorY="0.3125" targetAnchorX="0.16393442622950818" targetAnchorY="0.35135135135135137">
    <source href="assembly.xml#SetStatus"/>
    <target href="assembly.xml#CallLog00"/>
  </connections>
  <connections type="routesTo" sourceAnchorX="0.0" sourceAnchorY="0.3125" targetAnchorX="0.16393442622950818" targetAnchorY="0.35135135135135137">
    <source href="assembly.xml#SetStatus0"/>
    <target href="assembly.xml#CallLog000"/>
  </connections>
  <connections type="routesTo" sourceAnchorX="0.3394495412844037" sourceAnchorY="1.0" targetAnchorX="0.41228070175438597" targetAnchorY="0.07291666666666667">
    <source href="assembly.xml#//@beans/@mixed.1/@mixed.41/@mixed.3"/>
    <target href="assembly.xml#SetStatus0"/>
  </connections>
  <connections type="routesTo" sourceAnchorX="0.46017699115044247" sourceAnchorY="1.0" targetAnchorX="0.3508771929824561" targetAnchorY="0.19791666666666666">
    <source href="assembly.xml#//@beans/@mixed.1/@mixed.121/@mixed.3"/>
    <target href="assembly.xml#SetStatus0"/>
  </connections>
  <connections type="routesTo" sourceAnchorX="0.5517241379310345" sourceAnchorY="1.0" targetAnchorX="0.24770642201834864" targetAnchorY="0.6979166666666666">
    <source href="assembly.xml#StoreLog"/>
    <target href="assembly.xml#Log_Store"/>
  </connections>
  <connections type="routesTo" sourceAnchorX="0.0" sourceAnchorY="0.17708333333333334" targetAnchorX="0.21359223300970873" targetAnchorY="0.35135135135135137">
    <source href="assembly.xml#Log_Store"/>
    <target href="assembly.xml#PutLog"/>
  </connections>
  <connections type="routesResponseTo" sourceAnchorX="0.5635593220338984" sourceAnchorY="1.0" targetAnchorX="0.5531914893617021" targetAnchorY="0.5405405405405406">
    <source href="assembly.xml#CallProcessEachIntSystem"/>
    <target href="assembly.xml#CallStoreLog"/>
  </connections>
  <connections type="routesTo" sourceAnchorX="0.40437158469945356" sourceAnchorY="1.0" targetAnchorX="0.7474747474747475" targetAnchorY="0.22916666666666666">
    <source href="assembly.xml#FetchIntegrationIDs"/>
    <target href="assembly.xml#writeexcelFile"/>
  </connections>
  <connections type="routesTo" sourceAnchorX="0.45622119815668205" sourceAnchorY="1.0" targetAnchorX="0.45662100456621" targetAnchorY="0.21621621621621623">
    <source href="assembly.xml#//@beans/@mixed.1/@mixed.157/@mixed.3"/>
    <target href="assembly.xml#PutErrorMessage200010"/>
  </connections>
  <connections type="routesResponseTo" sourceAnchorX="0.5063291139240507" sourceAnchorY="1.0" targetAnchorX="0.422680412371134" targetAnchorY="0.4864864864864865">
    <source href="assembly.xml#CallFetchIntegrationIDs"/>
    <target href="assembly.xml#CallFetchReportData"/>
  </connections>
  <connections type="routesTo" sourceAnchorX="1.0" sourceAnchorY="0.1732283464566929" targetAnchorX="0.2317596566523605" targetAnchorY="0.29133858267716534">
    <source href="assembly.xml#LaunchOtherIntegration"/>
    <target href="assembly.xml#LaunchOtherIntegration1"/>
  </connections>
  <connections type="routesTo" sourceAnchorX="0.3394495412844037" sourceAnchorY="1.0" targetAnchorX="0.41228070175438597" targetAnchorY="0.07291666666666667">
    <source href="assembly.xml#//@beans/@mixed.1/@mixed.175/@mixed.3"/>
    <target href="assembly.xml#SetStatus00"/>
  </connections>
  <connections type="routesTo" sourceAnchorX="1.0" sourceAnchorY="0.1968503937007874" targetAnchorX="0.19680851063829788" targetAnchorY="0.6216216216216216">
    <source href="assembly.xml#LaunchOtherIntegration1"/>
    <target href="assembly.xml#Launch_INT_Event0"/>
  </connections>
  <connections type="routesTo" sourceAnchorX="0.46017699115044247" sourceAnchorY="1.0" targetAnchorX="0.3508771929824561" targetAnchorY="0.19791666666666666">
    <source href="assembly.xml#//@beans/@mixed.1/@mixed.173/@mixed.3"/>
    <target href="assembly.xml#SetStatus00"/>
  </connections>
  <connections type="routesResponseTo" sourceAnchorX="0.7222222222222222" sourceAnchorY="1.0" targetAnchorX="0.2746478873239437" targetAnchorY="0.4479166666666667">
    <source href="assembly.xml#Launch_INT_Event0"/>
    <target href="assembly.xml#WSResponse00"/>
  </connections>
  <connections type="routesTo" sourceAnchorX="1.0" sourceAnchorY="0.3020833333333333" targetAnchorX="0.379746835443038" targetAnchorY="0.2972972972972973">
    <source href="assembly.xml#WSResponse00"/>
    <target href="assembly.xml#CallLog1"/>
  </connections>
  <connections type="routesTo" sourceAnchorX="0.0" sourceAnchorY="0.3125" targetAnchorX="0.16393442622950818" targetAnchorY="0.35135135135135137">
    <source href="assembly.xml#SetStatus00"/>
    <target href="assembly.xml#CallLog0000"/>
  </connections>
  <connections type="routesTo" sourceAnchorX="0.5681818181818182" sourceAnchorY="1.0" targetAnchorX="0.15384615384615385" targetAnchorY="0.4791666666666667">
    <source href="assembly.xml#//@beans/@mixed.1/@route.0/@subRoute.2"/>
    <target href="assembly.xml#AddIntegrationIDs"/>
  </connections>
  <connections type="routesTo" sourceAnchorX="1.0" sourceAnchorY="0.12598425196850394" targetAnchorX="0.292817679558011" targetAnchorY="0.43243243243243246">
    <source href="assembly.xml#FetchLastEvent"/>
    <target href="assembly.xml#CallEventDetail"/>
  </connections>
  <connections type="routesTo" sourceAnchorX="0.2018348623853211" sourceAnchorY="1.0" targetAnchorX="0.2011173184357542" targetAnchorY="0.4864864864864865">
    <source href="assembly.xml#//@beans/@mixed.1/@mixed.183/@mixed.3"/>
    <target href="assembly.xml#PutErrorMessage11000"/>
  </connections>
  <connections type="routesResponseTo" sourceAnchorX="0.3717948717948718" sourceAnchorY="1.0" targetAnchorX="0.4276315789473684" targetAnchorY="0.4330708661417323">
    <source href="assembly.xml#CallEventDetail"/>
    <target href="assembly.xml#GetParentIDs"/>
  </connections>
  <connections type="routesTo" sourceAnchorX="0.2018348623853211" sourceAnchorY="1.0" targetAnchorX="0.2011173184357542" targetAnchorY="0.4864864864864865">
    <source href="assembly.xml#//@beans/@mixed.1/@mixed.187/@mixed.3"/>
    <target href="assembly.xml#PutErrorMessage110000"/>
  </connections>
  <connections type="routesTo" sourceAnchorX="1.0" sourceAnchorY="0.20833333333333334" targetAnchorX="0.27647058823529413" targetAnchorY="0.40540540540540543">
    <source href="assembly.xml#AddIntegrationIDs"/>
    <target href="assembly.xml#WorkdayOutRest"/>
  </connections>
  <connections type="routesResponseTo" sourceAnchorX="0.5705882352941176" sourceAnchorY="1.0" targetAnchorX="0.375" targetAnchorY="0.5748031496062992">
    <source href="assembly.xml#WorkdayOutRest"/>
    <target href="assembly.xml#FetchLastEvent"/>
  </connections>
  <connections type="routesTo" sourceAnchorX="1.0" sourceAnchorY="0.18110236220472442" targetAnchorX="0.28865979381443296" targetAnchorY="0.5826771653543307">
    <source href="assembly.xml#GetParentIDs"/>
    <target href="assembly.xml#LaunchOtherIntegration"/>
  </connections>
  <connections type="routesTo" sourceAnchorX="0.0" sourceAnchorY="0.3125" targetAnchorX="0.16393442622950818" targetAnchorY="0.35135135135135137">
    <source href="assembly.xml#SetStatus1"/>
    <target href="assembly.xml#CallLog001"/>
  </connections>
  <connections type="routesResponseTo" sourceAnchorX="0.7407407407407407" sourceAnchorY="1.0" targetAnchorX="0.14912280701754385" targetAnchorY="0.4895833333333333">
    <source href="assembly.xml#CallLauncIntegration"/>
    <target href="assembly.xml#SetStatus1"/>
  </connections>
  <connections type="routesTo" sourceAnchorX="1.0" sourceAnchorY="0.12598425196850394" targetAnchorX="0.2" targetAnchorY="0.41732283464566927">
    <source href="assembly.xml#Log_Success"/>
    <target href="assembly.xml#Log_Success0"/>
  </connections>
  <connections type="routesTo" sourceAnchorX="0.3308270676691729" sourceAnchorY="1.0" targetAnchorX="0.8324324324324325" targetAnchorY="0.2972972972972973">
    <source href="assembly.xml#//@beans/@mixed.1/@mixed.195/@mixed.3"/>
    <target href="assembly.xml#Error_Creating_Log"/>
  </connections>
  <swimlanes x="-309" y="-175" name="Swimlane" orientation="VERTICAL">
    <elements href="assembly.xml#StartHere"/>
    <elements href="#//@swimlanes.7"/>
    <elements href="assembly.xml#CallFetchIntegrationIDs"/>
    <elements href="assembly.xml#CallFetchReportData"/>
    <elements href="#//@swimlanes.14"/>
    <elements href="assembly.xml#CallAgreegateReport"/>
    <elements href="assembly.xml#Call-CreateToProcessFile"/>
    <elements href="#//@swimlanes.17"/>
    <elements href="assembly.xml#CallAgreegateData"/>
    <elements href="assembly.xml#CallProcessEachIntSystem"/>
    <elements href="assembly.xml#CallStoreLog"/>
  </swimlanes>
  <swimlanes x="-8" y="182" bgColor="16777215" fgColor="8454143" name="Swimlane" topBorderColor="255">
    <elements href="assembly.xml#CreateToProcessFile"/>
    <elements href="#//@swimlanes.2"/>
    <elements href="#//@swimlanes.3"/>
    <elements href="assembly.xml#SplitEachINT"/>
    <elements href="#//@swimlanes.18"/>
    <elements href="#//@swimlanes.16"/>
    <elements href="assembly.xml#SaveToVar_ToProcessData"/>
  </swimlanes>
  <swimlanes x="270" y="236" name="Swimlane" orientation="VERTICAL">
    <elements href="assembly.xml#GetFile"/>
    <elements href="assembly.xml#FileNotFoundError"/>
  </swimlanes>
  <swimlanes x="731" y="262" name="Swimlane" orientation="VERTICAL">
    <elements href="assembly.xml#FomatInputFile"/>
    <elements href="assembly.xml#PutIntegrationMessage0"/>
  </swimlanes>
  <swimlanes x="-8" y="1096" name="Swimlane">
    <elements href="assembly.xml#LauncIntegration"/>
    <elements href="#//@swimlanes.10"/>
    <elements href="assembly.xml#Route0"/>
    <elements href="#//@swimlanes.9"/>
  </swimlanes>
  <swimlanes x="-8" y="-149" name="Swimlane">
    <elements href="assembly.xml#FetchReportData"/>
    <elements href="#//@swimlanes.6"/>
    <elements href="assembly.xml#PayGroupDetail"/>
    <elements href="#//@swimlanes.21"/>
    <elements href="assembly.xml#Splitter"/>
    <elements href="#//@swimlanes.11"/>
    <elements href="assembly.xml#RunSettlementReport"/>
    <elements href="#//@swimlanes.12"/>
    <elements href="#//@swimlanes.13"/>
    <elements href="#//@swimlanes.15"/>
  </swimlanes>
  <swimlanes x="725" y="260" name="Swimlane" orientation="VERTICAL">
    <elements href="assembly.xml#SetAgreegateProps"/>
    <elements href="assembly.xml#Error-FetchingReportData"/>
  </swimlanes>
  <swimlanes x="205" y="-6" name="Swimlane" orientation="VERTICAL">
    <elements href="assembly.xml#FetchLPs"/>
    <elements href="assembly.xml#ErrorMessage"/>
  </swimlanes>
  <swimlanes x="-44" y="499" name="Swimlane" orientation="VERTICAL">
    <elements href="assembly.xml#GetINTDetail"/>
    <elements href="assembly.xml#PutIntegrationMessage2"/>
  </swimlanes>
  <swimlanes x="1150" y="1009" name="Swimlane" orientation="VERTICAL" elements="//@swimlanes.25 //@swimlanes.30 //@swimlanes.26 //@swimlanes.31 //@swimlanes.34"/>
  <swimlanes x="210" y="928" name="Swimlane" orientation="VERTICAL">
    <elements href="assembly.xml#ErrorHandler"/>
    <elements href="assembly.xml#Error_Message"/>
  </swimlanes>
  <swimlanes x="1572" y="250" name="Swimlane" orientation="VERTICAL">
    <elements href="assembly.xml#FetchPromptValues"/>
    <elements href="assembly.xml#Error-Message"/>
  </swimlanes>
  <swimlanes x="2014" y="347" name="Swimlane" orientation="VERTICAL">
    <elements href="assembly.xml#CreateFinalXML"/>
    <elements href="assembly.xml#Error-Message0"/>
  </swimlanes>
  <swimlanes x="2241" y="291" name="Swimlane" orientation="VERTICAL">
    <elements href="assembly.xml#Aggregator"/>
    <elements href="assembly.xml#AgreegateReport"/>
  </swimlanes>
  <swimlanes x="785" y="1" name="Swimlane" orientation="VERTICAL">
    <elements href="assembly.xml#SetAgreegateProps0"/>
    <elements href="assembly.xml#ErrorMessage0"/>
  </swimlanes>
  <swimlanes x="2488" y="201" name="Swimlane" orientation="VERTICAL">
    <elements href="assembly.xml#SaveToVar"/>
    <elements href="assembly.xml#Error-Message00"/>
  </swimlanes>
  <swimlanes x="13" y="656" name="Swimlane" orientation="VERTICAL">
    <elements href="assembly.xml#Aggregator0"/>
    <elements href="assembly.xml#AggregateData"/>
  </swimlanes>
  <swimlanes x="1423" y="-35" name="Swimlane" orientation="VERTICAL">
    <elements href="assembly.xml#SetAgreegateProps00"/>
    <elements href="assembly.xml#ErrorMessage00"/>
  </swimlanes>
  <swimlanes x="930" y="607" name="Swimlane" orientation="VERTICAL">
    <elements href="assembly.xml#combineData"/>
    <elements href="assembly.xml#PutIntegrationMessage00"/>
  </swimlanes>
  <swimlanes x="-19" y="584" name="Swimlane">
    <elements href="assembly.xml#ProcessEachIntSystem"/>
    <elements href="#//@swimlanes.20"/>
    <elements href="assembly.xml#SplitInt"/>
    <elements href="#//@swimlanes.8"/>
    <elements href="assembly.xml#Route"/>
    <elements href="#//@swimlanes.24"/>
  </swimlanes>
  <swimlanes x="230" y="645" name="Swimlane" orientation="VERTICAL">
    <elements href="assembly.xml#CopyVar"/>
    <elements href="assembly.xml#PutIntegrationMessage"/>
  </swimlanes>
  <swimlanes x="668" y="43" name="Swimlane" orientation="VERTICAL">
    <elements href="assembly.xml#PGDataSaveToVar"/>
    <elements href="assembly.xml#Error-Message1"/>
  </swimlanes>
  <swimlanes x="1484" y="568" name="Swimlane" orientation="VERTICAL">
    <elements href="assembly.xml#GetINTDetail0"/>
    <elements href="assembly.xml#PutIntegrationMessage20"/>
  </swimlanes>
  <swimlanes x="1076" y="622" name="Swimlane">
    <elements href="assembly.xml#Splitter0"/>
    <elements href="#//@swimlanes.22"/>
    <elements href="assembly.xml#CallLauncIntegration"/>
    <elements href="#//@swimlanes.40"/>
  </swimlanes>
  <swimlanes x="1068" y="606" name="Swimlane" orientation="VERTICAL">
    <elements href="assembly.xml#CallLauncIntForMulPG"/>
    <elements href="#//@swimlanes.23"/>
  </swimlanes>
  <swimlanes x="549" y="1231" name="Swimlane">
    <elements href="assembly.xml#LaunchEIBRequest"/>
    <elements href="assembly.xml#LaunchEIBRequest0"/>
    <elements href="assembly.xml#Launch_EIB"/>
    <elements href="assembly.xml#WSResponse"/>
    <elements href="assembly.xml#CallLog0"/>
  </swimlanes>
  <swimlanes x="555" y="1421" name="Swimlane">
    <elements href="assembly.xml#LaunchStudioIntegrationReq"/>
    <elements href="assembly.xml#LaunchStudioIntegrationReq0"/>
    <elements href="assembly.xml#Launch_INT_Event"/>
    <elements href="assembly.xml#WSResponse0"/>
    <elements href="assembly.xml#CallLog"/>
  </swimlanes>
  <swimlanes x="-8" y="2552" name="Swimlane">
    <elements href="assembly.xml#Log"/>
    <elements href="#//@swimlanes.28"/>
  </swimlanes>
  <swimlanes x="284" y="1806" name="Swimlane" orientation="VERTICAL">
    <elements href="#//@swimlanes.29"/>
    <elements href="assembly.xml#Error_Creating_Log"/>
  </swimlanes>
  <swimlanes x="340" y="1846" name="Swimlane">
    <elements href="assembly.xml#Log_Error"/>
    <elements href="assembly.xml#Log_Success"/>
    <elements href="assembly.xml#Log_Success0"/>
  </swimlanes>
  <swimlanes x="611" y="1367" name="Swimlane">
    <elements href="assembly.xml#SetStatus"/>
    <elements href="assembly.xml#CallLog00"/>
  </swimlanes>
  <swimlanes x="830" y="1918" name="Swimlane">
    <elements href="assembly.xml#SetStatus0"/>
    <elements href="assembly.xml#CallLog000"/>
  </swimlanes>
  <swimlanes x="713" y="2552" name="Swimlane">
    <elements href="assembly.xml#StoreLog"/>
    <elements href="assembly.xml#Log_Store"/>
    <elements href="assembly.xml#PutLog"/>
  </swimlanes>
  <swimlanes x="1707" y="182" name="Swimlane" orientation="VERTICAL">
    <elements href="assembly.xml#FetchIntegrationIDs"/>
    <elements href="assembly.xml#writeexcelFile"/>
    <elements href="assembly.xml#PutErrorMessage200010"/>
  </swimlanes>
  <swimlanes x="862" y="2035" name="Swimlane">
    <elements href="assembly.xml#AddIntegrationIDs"/>
    <elements href="assembly.xml#WorkdayOutRest"/>
    <elements href="#//@swimlanes.36"/>
    <elements href="assembly.xml#CallEventDetail"/>
    <elements href="#//@swimlanes.39"/>
    <elements href="#//@swimlanes.37"/>
    <elements href="assembly.xml#Launch_INT_Event0"/>
    <elements href="assembly.xml#WSResponse00"/>
    <elements href="assembly.xml#CallLog1"/>
  </swimlanes>
  <swimlanes x="862" y="2249" name="Swimlane">
    <elements href="assembly.xml#SetStatus00"/>
    <elements href="assembly.xml#CallLog0000"/>
  </swimlanes>
  <swimlanes x="1978" y="2073" name="Swimlane" orientation="VERTICAL">
    <elements href="assembly.xml#FetchLastEvent"/>
    <elements href="assembly.xml#PutErrorMessage11000"/>
  </swimlanes>
  <swimlanes x="1366" y="2034" name="Swimlane" orientation="VERTICAL" elements="//@swimlanes.38 //@swimlanes.35"/>
  <swimlanes x="1387" y="2055" name="Swimlane">
    <elements href="assembly.xml#LaunchOtherIntegration"/>
    <elements href="assembly.xml#LaunchOtherIntegration1"/>
  </swimlanes>
  <swimlanes x="1669" y="2572" name="Swimlane" orientation="VERTICAL">
    <elements href="assembly.xml#GetParentIDs"/>
    <elements href="assembly.xml#PutErrorMessage110000"/>
  </swimlanes>
  <swimlanes x="1915" y="949" name="Swimlane">
    <elements href="assembly.xml#SetStatus1"/>
    <elements href="assembly.xml#CallLog001"/>
  </swimlanes>
</wdnm:Diagram>
