<?xml version="1.0" encoding="UTF-8"?>
<beans
     xmlns="http://www.springframework.org/schema/beans"
     xmlns:beans="http://www.springframework.org/schema/beans"
     xmlns:atom="http://www.w3.org/2005/Atom"
     xmlns:cc="http://www.capeclear.com/assembly/10"
     xmlns:cloud="urn:com.workday/esb/cloud/10.0"
     xmlns:env="http://schemas.xmlsoap.org/soap/envelope/"
     xmlns:pi="urn:com.workday/picof"
     xmlns:wd="urn:com.workday/bsvc"
     xmlns:xsi="http://www.w3.org/2001/XMLSchema-instance">
 
	<cc:assembly id="WorkdayAssembly" version="2019.35">
        <cc:workday-in id="StartHere" routes-to="Init">
            <cc:integration-system name="INT0032 NRSIT Tax Adjustment On-Cycle Pay Input Inbound">
        <cloud:param name="Validation Mode">
          <cloud:type>
            <cloud:simple-type>boolean</cloud:simple-type>
          </cloud:type>
          <cloud:default>
            <cloud:boolean>false</cloud:boolean>
          </cloud:default>
        </cloud:param>
        <cloud:param name="As of Date and Time">
          <cloud:type>
            <cloud:simple-type>datetime</cloud:simple-type>
          </cloud:type>
          <cloud:default>
            <cloud:class-report-field description="Current Moment (DateTime)" type="WID">df4effe76deb4222a79001d6737cf91c</cloud:class-report-field>
          </cloud:default>
        </cloud:param>
        <cloud:attribute-map-service name="INT0032 Attribute">
          <cloud:attribute name="Web Service Version">
            <cloud:type>
              <cloud:class-report-field description="Web Service API Version" type="WID" singular="true">f54cce640b3410001ae50f791f2000cd</cloud:class-report-field>
            </cloud:type>
          </cloud:attribute>
          <cloud:attribute name="Batch ID">
            <cloud:type>
              <cloud:simple-type>text</cloud:simple-type>
            </cloud:type>
          </cloud:attribute>
          <cloud:attribute name="Related Deduction Code - TXWG">
            <cloud:type>
              <cloud:simple-type>text</cloud:simple-type>
            </cloud:type>
          </cloud:attribute>
          <cloud:attribute name="Deduction Code">
            <cloud:type>
              <cloud:simple-type>text</cloud:simple-type>
            </cloud:type>
          </cloud:attribute>
          <cloud:attribute name="Default Batch ID">
            <cloud:type>
              <cloud:simple-type>text</cloud:simple-type>
            </cloud:type>
          </cloud:attribute>
          <cloud:attribute name="Related Deduction Code - TTWG">
            <cloud:type>
              <cloud:simple-type>text</cloud:simple-type>
            </cloud:type>
          </cloud:attribute>
        </cloud:attribute-map-service>
        <cloud:retrieval-service name="INT0032 Retrieval"/>
        <cloud:service-reference name="INT0032 FOS"/>
      </cc:integration-system>
        </cc:workday-in>
        <cc:async-mediation id="Init" routes-to="CallFileRetrieval">
            <cc:steps>
                <cc:eval id="Eval">
                    <cc:expression>props['ValidateOnly'] = lp.getSimpleData('Validation Mode') == true?1:0</cc:expression>
                    <cc:expression>props['p.intsys.name'] = intsys.name</cc:expression>
                    <cc:expression>props['p.AsOfDateTime'] = lp.getSimpleData('As of Date and Time')</cc:expression>
                    <cc:expression>props['p.AsOfDate'] = props['p.AsOfDateTime'].toString().substring(0, 10)</cc:expression>
                    <cc:expression>props['close.agg']=false;</cc:expression>
                    <cc:expression>props['audit.close.agg']= false;</cc:expression>
                    <cc:expression>props['force.close.agg.batch']=false;</cc:expression>
                    <cc:expression>props['audit.row']=0;</cc:expression>
                    <cc:expression>props['batch.number']=0;</cc:expression>
                </cc:eval>
                <cc:eval id="Attributes">
                    <cc:expression>props['p.wws.version'] = intsys.getAttribute('Web Service Version')</cc:expression>
                    <cc:expression>props['p.valid.employeee'] = new java.util.HashMap(); props['p.invalid.employeee'] = new java.util.HashMap();</cc:expression>
                    <cc:expression>props['p.batch.id.att'] = intsys.getAttribute('Batch ID')</cc:expression>
                    <cc:expression>props['related.ded.code.ttwg']=intsys.getAttribute('Related Deduction Code - TTWG')</cc:expression>
                    <cc:expression>props['related.ded.code']=intsys.getAttribute('Related Deduction Code - TXWG')</cc:expression>
                    <cc:expression>props['ded.code']=intsys.getAttribute('Deduction Code')</cc:expression>
                    <cc:expression>props['p.def.batch.id']=intsys.getAttribute('Default Batch ID')</cc:expression>
                    <cc:expression>props['get.submit.payroll']= new java.util.HashMap();</cc:expression>
                </cc:eval>
            </cc:steps>
            <cc:send-error id="SendError" rethrow-error="true" routes-to="PIMInit"/>
        </cc:async-mediation>
        <cc:local-out id="PIMInit" endpoint="vm://wcc/PutIntegrationMessage"><cc:set name="is.message.severity" value="'ERROR'"/><cc:set name="is.message.summary" value="context.errorMessage"/><cc:set name="is.message.detail" value="'Error during initialization'"/></cc:local-out>
        <cc:async-mediation id="AsyncMediation">
            <cc:steps>
                <cc:validate-exp id="ValidateExp">
                    <cc:expression failure-message="No file was retrieved">da.size() > 0</cc:expression>
                </cc:validate-exp>
                <cc:eval id="Eval">
                    <cc:expression>da.size() > 0 ? da.toVar(0, 'file.inbound') </cc:expression>
                </cc:eval>
                <cc:csv-to-xml id="CsvToXml" output="message" input="variable" input-variable="file.inbound" colNames="recordind|emplid|emplfname|empllname|sitcode|sittaxwages|sitwithheld" format="rfc4180" separator="|"/>
                <cc:xslt id="Xslt" url="Remove_Header.xsl"/>
                <cc:eval id="Eval0">
                    <cc:expression>props['count'] = parts[0].xpath('count(root/row)')</cc:expression>
                </cc:eval>
                <cc:validate-exp id="ValidateExp0">
                    <cc:expression failure-message="No records received to process">props['count'] > 0</cc:expression>
                </cc:validate-exp>
                <cc:copy id="Copy" output="variable" output-variable="processed.file"/>
            </cc:steps>
            <cc:send-error id="SendError" rethrow-error="true" routes-to="PIMFileRetrieval"/>
        </cc:async-mediation>
        <cc:local-out id="CallFileRetrieval" store-message="none" routes-response-to="CallGetWorker" endpoint="vm://INT0032_NRSIT_Tax_Adjustment_On-Cycle_Pay_Input_Inbound/FileRetrieval"/>
        <cc:local-in id="FileRetrieval" routes-to="AsyncMediation"/>
        <cc:local-out id="PIMFileRetrieval" endpoint="vm://wcc/PutIntegrationMessage"><cc:set name="is.message.severity" value="'ERROR'"/><cc:set name="is.message.summary" value="context.errorMessage"/><cc:set name="is.message.detail" value="'File is not retrieved'"/></cc:local-out>
        <cc:local-out id="CallGetWorker" store-message="none" routes-response-to="CallGetSubmitPayroll" endpoint="vm://INT0032_NRSIT_Tax_Adjustment_On-Cycle_Pay_Input_Inbound/GetWorker"/>
        <cc:local-in id="GetWorker" routes-to="PrepareWS"/>
        <cc:async-mediation id="PrepareWS" routes-to="PagedGet" handle-downstream-errors="true">
            <cc:steps>
                <cc:xslt-plus id="XsltPlus" input="variable" input-variable="processed.file" url="PrepareWSWorker.xsl"/>
            </cc:steps>
            <cc:send-error id="SendError" routes-to="PutIntegrationMessage"/>
        </cc:async-mediation>
        <cc:local-out id="PutIntegrationMessage" endpoint="vm://wcc/PutIntegrationMessage"><cc:set name="is.message.severity" value="'ERROR'"/><cc:set name="is.message.summary" value="context.errorMessage"/></cc:local-out>
        <cc:local-out id="PagedGet" routes-response-to="ValidandInvalidIds" endpoint="vm://wcc/PagedGet"><cc:set name="is.paged.get.request.current.page.xpath" value="'/env:Envelope/env:Body/*/wd:Response_Filter/wd:Page'"/><cc:set name="is.paged.get.response.current.page.xpath" value="'/env:Envelope/env:Body/*/wd:Response_Results/wd:Page'"/><cc:set name="is.paged.get.response.total.pages.xpath" value="'/env:Envelope/env:Body/*/wd:Response_Results/wd:Total_Pages'"/><cc:set name="is.paged.get.response.total.results.xpath" value="'/env:Envelope/env:Body/*/wd:Response_Results/wd:Total_Results'"/><cc:set name="is.paged.get.aggregate.xpath" value="'/*'"/><cc:set name="is.paged.get.aggregate.header" value="'&lt;GetWorkerResponse>'"/><cc:set name="is.paged.get.aggregate.footer" value="'&lt;/GetWorkerResponse>'"/><cc:set name="is.paged.get.application" value="'Human_Resources'"/><cc:set name="is.paged.get.version" value="props['p.wws.version']"/><cc:set name="is.paged.get.page.zero" value="false"/><cc:set name="is.paged.get.store.requests" value="true"/></cc:local-out>
        <cc:async-mediation id="ValidandInvalidIds">
            <cc:steps>
                <cc:copy id="Copy" output="variable" output-mimetype="text/xml" output-variable="paged.get"/>
                <cc:xslt-plus id="XsltPlus0" output-mimetype="text/xml" input="variable" input-variable="paged.get" url="INT0032_Valid_Emplid.xsl"/>
                <cc:xslt-plus id="XsltPlus" output-mimetype="text/xml" input="variable" input-variable="paged.get" url="INT0032_Invalid_ID.xsl"/>
            </cc:steps>
            <cc:send-error id="SendError" routes-to="PIMValidandInvalidIds"/>
        </cc:async-mediation>
        <cc:local-out id="PIMValidandInvalidIds" endpoint="vm://wcc/PutIntegrationMessage"><cc:set name="is.message.severity" value="'INFO'"/><cc:set name="is.message.summary" value="context.errorMessage"/><cc:set name="is.message.detail" value="'Error occured while converting GetWorker response'"/></cc:local-out>
        <cc:local-out id="CallValidateFile" store-message="none" routes-response-to="CallCloseAgg" endpoint="vm://INT0032_NRSIT_Tax_Adjustment_On-Cycle_Pay_Input_Inbound/ValidateFile"/>
        <cc:local-in id="ValidateFile" routes-to="AsyncMediation0"/>
        <cc:async-mediation id="AsyncMediation0" routes-to="Splitter">
            <cc:steps>
                <cc:copy id="Copy" input="variable" input-variable="processed.file"/>
                <cc:eval id="Eval">
                    <cc:expression>props['counter']=0;</cc:expression>
                </cc:eval>
            </cc:steps>
        </cc:async-mediation>
        <cc:splitter id="Splitter">
            <cc:sub-route name="SubRoute" routes-to="AsyncMediation1"/>
            <cc:xml-stream-splitter xpath="root/row"/>
        </cc:splitter>
        <cc:async-mediation id="AsyncMediation1" routes-to="CallPrepareImportPayroll">
            <cc:steps>
                <cc:eval id="Eval">
                    <cc:expression>props['curr.row.emplid'] = ''; props['curr.row.emplid']=parts[0].xpath('normalize-space(row/emplid)')</cc:expression>
                    <cc:expression>props['curr.sittaxwages']=0; props['curr.sittaxwages']= parts[0].xpath('normalize-space(row/sittaxwages)')</cc:expression>
                    <cc:expression>props['curr.sitwithheld']=0; props['curr.sitwithheld']=parts[0].xpath('normalize-space(row/sitwithheld)')</cc:expression>
                    <cc:expression>props['existing.value']= empty;</cc:expression>
                    <cc:expression>props['success.flag']=false;</cc:expression>
                    <cc:expression>props['p.state.desc']=empty; props['p.state.desc']=parts[0].xpath('normalize-space(row/sitcode)')</cc:expression>
                </cc:eval>
                <cc:validate-exp id="ValidateExp0">
                    <cc:expression failure-message="Invalid Employee ID">props['p.valid.employeee'].containsKey(props['curr.row.emplid'])</cc:expression>
                </cc:validate-exp>
                <cc:eval id="Eval0">
                    <cc:expression>vars['curr.emplid.data']=props['p.valid.employeee'].get(props['curr.row.emplid']);</cc:expression>
                    <cc:expression>props['existing.value']=props['get.submit.payroll'].get(props['curr.row.emplid']);</cc:expression>
                    <cc:expression>props['curr.start.date']=vars['curr.emplid.data'].xpath(&quot;wd:Worker/wd:Worker_Data/wd:Integration_Field_Override_Data[wd:Field_Reference/wd:ID[@wd:type='Integration_Document_Field_Name']='Period_Start_Date']/wd:Value,'wd urn:com.workday/bsvc'&quot;)</cc:expression>
                    <cc:expression>props['curr.end.date']=vars['curr.emplid.data'].xpath(&quot;wd:Worker/wd:Worker_Data/wd:Integration_Field_Override_Data[wd:Field_Reference/wd:ID[@wd:type='Integration_Document_Field_Name']='Period_End_Date']/wd:Value,'wd urn:com.workday/bsvc'&quot;)</cc:expression>
                    <cc:expression>props['counter']= props['counter']+1;</cc:expression>
                    <cc:expression>props['p.batch.id.payroll']=empty;props['p.batch.id.payroll']= props['p.batch.id.att'] # props['ded.code']#'_'# props['curr.row.emplid'] # '_' # props['p.AsOfDate']#'_'#props['counter']</cc:expression>
                    <cc:expression>props['p.batch.id']=empty;props['p.batch.id']= props['p.batch.id.att']#props['p.AsOfDate']</cc:expression>
                    <cc:expression>props['existing.payinput']=props['curr.row.emplid']#props['ded.code']#props['p.state.desc']#props['curr.start.date']#props['curr.end.date']</cc:expression>
                    <cc:expression>props['zero.wages']=empty; if  (props['curr.sittaxwages']==0 &amp;&amp; props['curr.sitwithheld']==0   ) {props['zero.wages']='Y';}else {props['zero.wages']= 'N';}</cc:expression>
                </cc:eval>
                <cc:validate-exp id="ValidateExp">
                    <cc:expression failure-message="State code is blank">props['p.state.desc'] != ''</cc:expression>
                    <cc:expression failure-message="SIT Taxable Wage is ZERO and SIT Withheld is ZERO">props['zero.wages'] =='N'</cc:expression>
                    <cc:expression failure-message="Existing Pay Input for the current pay period">!props['get.submit.payroll'].containsKey(props['existing.payinput'])</cc:expression>
                </cc:validate-exp>
            </cc:steps>
            <cc:send-error id="SendError" routes-to="CallErrorLog"/>
        </cc:async-mediation>
        <cc:local-out id="CallErrorLog" store-message="none" endpoint="vm://INT0032_NRSIT_Tax_Adjustment_On-Cycle_Pay_Input_Inbound/Auditlog"><cc:set name="audit.error.message" value="context.errorMessage"/></cc:local-out>
        <cc:local-in id="Auditlog" routes-to="AsyncMediation3"/>
        <cc:local-out id="CallPrepareImportPayroll" store-message="none" endpoint="vm://INT0032_NRSIT_Tax_Adjustment_On-Cycle_Pay_Input_Inbound/PrepareImportPayroll"/>
        <cc:local-in id="PrepareImportPayroll" routes-to="AsyncMediation2"/>
        <cc:async-mediation id="AsyncMediation2" routes-to="CallAggRequest" handle-downstream-errors="true">
            <cc:steps>
                <cc:xslt id="Xslt" output-mimetype="text/xml" url="ImportPayrollInput.xsl"/>
            </cc:steps>
            <cc:send-error id="SendError" routes-to="PIMXSLTTransform"/>
        </cc:async-mediation>
        <cc:async-mediation id="AsyncMediation3" routes-to="AuditAggregator">
            <cc:steps>
                <cc:eval id="Eval">
                    <cc:expression>if (props['success.flag']== false) {props['error.msg']= context.errorMessage;} else {props['error.msg']=empty;}</cc:expression>
                    <cc:expression>props['audit.row']= props['audit.row']+1;</cc:expression>
                </cc:eval>
                <cc:write id="Write">
                    <cc:message>
                        <cc:text>&lt;?xml version=&quot;1.0&quot; encoding=&quot;UTF-8&quot;?>&#xD;
&lt;AuditRow>&#xD;
&lt;RecordNum>@{props['audit.row']}&lt;/RecordNum>&#xD;
&lt;EmployeeID>@{props['curr.row.emplid']}&lt;/EmployeeID>&#xD;
&lt;SITCode>@{props['p.state.desc']}&lt;/SITCode>&#xD;
&lt;SITTaxableWage>@{props['curr.sittaxwages']}&lt;/SITTaxableWage>&#xD;
&lt;SITWithheld>@{props['curr.sitwithheld']}&lt;/SITWithheld>&#xD;
&lt;Status>@{props['status']}&lt;/Status>&#xD;
&lt;Summary>@{props['error.msg']}&lt;/Summary>&#xD;
&lt;/AuditRow></cc:text>
                    </cc:message>
                </cc:write>
            </cc:steps>
            <cc:send-error id="SendError" routes-to="PIMErrorLog"/>
        </cc:async-mediation>
        <cc:aggregator id="Aggregator" routes-to="CallReleaseBatch" collate-when="!props['close.agg']" force-batch-on-last-message="false" force-batch-when="props['close.agg']">
            <cc:size-batch-strategy batch-size="-1"/>
            <cc:xml-message-content-collater>
        <cc:header-text>&lt;wd:Import_Payroll_Input_Request  xmlns:wd=&quot;urn:com.workday/bsvc&quot; xmlns:xs=&quot;http://www.w3.org/2001/XMLSchema&quot; > &lt;wd:Default_Batch_ID>@{props['p.def.batch.id']}&lt;/wd:Default_Batch_ID></cc:header-text>
        <cc:footer-text>&lt;/wd:Import_Payroll_Input_Request></cc:footer-text>
      </cc:xml-message-content-collater>
        </cc:aggregator>
        <cc:local-out id="CallCloseAgg" store-message="none" routes-response-to="CallCloseBatchAgg" endpoint="vm://INT0032_NRSIT_Tax_Adjustment_On-Cycle_Pay_Input_Inbound/CloseAgg"><cc:set name="close.agg" value="true"/></cc:local-out>
        <cc:local-in id="CloseAgg" routes-to="Aggregator"/>
        <cc:local-out id="PIMXSLTTransform" endpoint="vm://wcc/PutIntegrationMessage"><cc:set name="is.message.severity" value="'ERROR'"/><cc:set name="is.message.summary" value="context.errorMessage"/><cc:set name="is.message.detail" value="'Error during transformation'"/></cc:local-out>
        <cc:local-in id="ReleaseBatch" routes-to="AsyncMediation5"/>
        <cc:local-out id="CallReleaseBatch" store-message="none" endpoint="vm://INT0032_NRSIT_Tax_Adjustment_On-Cycle_Pay_Input_Inbound/ReleaseBatch"/>
        <cc:async-mediation id="AsyncMediation5" routes-to="WorkdayOutSoap" handle-downstream-errors="true">
            <cc:steps>
                <cc:wrap-soap id="WrapSoap"/>
                <cc:set-headers id="SetHeaders"><cc:remove-headers/><cc:add-headers>
    <cc:add-header name="X-Validate-Only" value="@{props['ValidateOnly']}"/>
</cc:add-headers></cc:set-headers>
            </cc:steps>
            <cc:send-error id="SendError" routes-to="PIMBatchCall"/>
        </cc:async-mediation>
        <cc:local-out id="PIMBatchCall" endpoint="vm://wcc/PutIntegrationMessage"><cc:set name="is.message.severity" value="'INFO'"/><cc:set name="is.message.summary" value="'Error while initiating the SOAP call'"/><cc:set name="is.message.detail" value="context.errorMessage"/></cc:local-out>
        <cc:workday-out-soap id="WorkdayOutSoap" routes-response-to="AsyncMediation6" application="Payroll" version="@{props['p.wws.version']}"/>
        <cc:async-mediation id="AsyncMediation6" routes-to="BatchAgg">
            <cc:steps>
                <cc:set-headers id="SetHeaders"><cc:remove-headers>
    <cc:remove-header name="X-Validate-Only"/>
</cc:remove-headers><cc:add-headers/></cc:set-headers>
                <cc:eval id="Eval">
                    <cc:expression>props['batch.number'] = props['batch.number'] +1</cc:expression>
                </cc:eval>
                <cc:write id="Write">
                    <cc:message>
                        <cc:text>&lt;ImportBatch>&#xD;
	&lt;BatchNumber>@{props['batch.number']}&lt;/BatchNumber>&#xD;
	&lt;Import_Process_Reference>@{parts[0].xpath(&quot;/env:Envelope/env:Body/wd:Put_Import_Process_Response/wd:Import_Process_Reference/wd:ID&quot;)}&lt;/Import_Process_Reference>&#xD;
&lt;/ImportBatch></cc:text>
                    </cc:message>
                </cc:write>
            </cc:steps>
        </cc:async-mediation>
        <cc:local-out id="PIMErrorLog" endpoint="vm://wcc/PutIntegrationMessage"><cc:set name="is.message.severity" value="'ERROR'"/><cc:set name="is.message.summary" value="context.errorMessage"/><cc:set name="is.message.detail" value="'Error during audit preparation'"/></cc:local-out>
        <cc:aggregator id="AuditAggregator" routes-to="AsyncMediation7" collate-when="!props['audit.close.agg']" force-batch-when="props['audit.close.agg']">
            <cc:size-batch-strategy batch-size="-1"/>
            <cc:xml-message-content-collater>
        <cc:header-text>&lt;AuditEntry></cc:header-text>
        <cc:footer-text>&lt;/AuditEntry></cc:footer-text>
      </cc:xml-message-content-collater>
        </cc:aggregator>
        <cc:local-in id="CloseAuditAgg" routes-to="AuditAggregator"/>
        <cc:local-out id="CallCloseAggAudit" store-message="none" endpoint="vm://INT0032_NRSIT_Tax_Adjustment_On-Cycle_Pay_Input_Inbound/CloseAuditAgg"><cc:set name="audit.close.agg" value="true"/></cc:local-out>
        <cc:async-mediation id="AsyncMediation7" routes-to="PostAuditFile">
            <cc:steps>
                <cc:zip id="Zip"/>
                <cc:store id="Store" output="variable" output-variable="audit.details.file" expiresIn="P180D" title="INT0032_Audit.Zip"/>
            </cc:steps>
            <cc:send-error id="SendError" routes-to="PIMatStore"/>
        </cc:async-mediation>
        <cc:local-out id="PIMatStore" endpoint="vm://wcc/PutIntegrationMessage"><cc:set name="is.message.severity" value="'ERROR'"/><cc:set name="is.message.summary" value="context.errorMessage"/><cc:set name="is.message.detail" value="'Error during audit store'"/></cc:local-out>
        <cc:local-out id="CallGetSubmitPayroll" store-message="none" routes-response-to="CallValidateFile" endpoint="vm://INT0032_NRSIT_Tax_Adjustment_On-Cycle_Pay_Input_Inbound/GetSubmitInput"/>
        <cc:local-in id="GetSubmitInput" routes-to="AsyncMediation4"/>
        <cc:async-mediation id="AsyncMediation4" routes-to="PagedGetSubmitPayrol" handle-downstream-errors="true">
            <cc:steps>
                <cc:write id="Write">
                    <cc:message>
                        <cc:text>&lt;wd:Get_Submit_Payroll_Inputs_Request xmlns:wd=&quot;urn:com.workday/bsvc&quot;>&#xD;
    &lt;wd:Request_Criteria>&#xD;
        &lt;wd:Deduction_Reference>&#xD;
            &lt;wd:ID wd:type=&quot;Workday_Deduction_Code&quot;>@{props['ded.code']}&lt;/wd:ID>&#xD;
        &lt;/wd:Deduction_Reference>        &#xD;
    &lt;/wd:Request_Criteria>&#xD;
    &lt;wd:Response_Filter>&#xD;
           &lt;wd:Page>1&lt;/wd:Page>&#xD;
        &lt;wd:Count>999&lt;/wd:Count>&#xD;
    &lt;/wd:Response_Filter>&#xD;
    &lt;wd:Response_Group>&#xD;
        &lt;wd:Include_Reference>true&lt;/wd:Include_Reference>&#xD;
        &lt;wd:Include_Payroll_Input_Data>true&lt;/wd:Include_Payroll_Input_Data>        &#xD;
    &lt;/wd:Response_Group>&#xD;
&lt;/wd:Get_Submit_Payroll_Inputs_Request></cc:text>
                    </cc:message>
                </cc:write>
                <cc:wrap-soap id="WrapSoap"/>
            </cc:steps>
            <cc:send-error id="SendError" routes-to="PIMGetSubmit"/>
        </cc:async-mediation>
        <cc:local-out id="PIMGetSubmit" endpoint="vm://wcc/PutIntegrationMessage"><cc:set name="is.message.severity" value="'ERROR'"/><cc:set name="is.message.summary" value="context.errorMessage"/><cc:set name="is.message.detail" value="'Error during the Get submit payroll'"/></cc:local-out>
        <cc:async-mediation id="AsyncMediation8">
            <cc:steps>
                <cc:copy id="Copy" output="variable" output-mimetype="text/xml" output-variable="get.submit.payroll"/>
                <cc:xslt-plus id="XsltPlus" output-mimetype="text/xml" input="variable" input-variable="get.submit.payroll" url="INT0032_GetPayroll.xsl"/>
            </cc:steps>
            <cc:send-error id="SendError" routes-to="PIMGetSubmitInput"/>
        </cc:async-mediation>
        <cc:local-out id="PagedGetSubmitPayrol" routes-response-to="AsyncMediation8" endpoint="vm://wcc/PagedGet"><cc:set name="is.paged.get.request.current.page.xpath" value="'/env:Envelope/env:Body/*/wd:Response_Filter/wd:Page'"/><cc:set name="is.paged.get.response.current.page.xpath" value="'/env:Envelope/env:Body/*/wd:Response_Results/wd:Page'"/><cc:set name="is.paged.get.response.total.pages.xpath" value="'/env:Envelope/env:Body/*/wd:Response_Results/wd:Total_Pages'"/><cc:set name="is.paged.get.response.total.results.xpath" value="'/env:Envelope/env:Body/*/wd:Response_Results/wd:Total_Results'"/><cc:set name="is.paged.get.aggregate.xpath" value="'/env:Envelope/env:Body/wd:Get_Submit_Payroll_Inputs_Response/wd:Response_Data/wd:Payroll_Input'"/><cc:set name="is.paged.get.aggregate.header" value="'&lt;Payinputs>'"/><cc:set name="is.paged.get.aggregate.footer" value="'&lt;/Payinputs>'"/><cc:set name="is.paged.get.application" value="'Payroll'"/><cc:set name="is.paged.get.version" value="props['p.wws.version']"/><cc:set name="is.paged.get.page.zero" value="false"/><cc:set name="is.paged.get.store.requests" value="true"/><cc:set name="is.paged.get.parallel" value="false"/></cc:local-out>
        <cc:local-out id="CallAggRequest" store-message="none" routes-response-to="CallAuditLineSuccess" endpoint="vm://INT0032_NRSIT_Tax_Adjustment_On-Cycle_Pay_Input_Inbound/AggRequest"/>
        <cc:local-in id="AggRequest" routes-to="Aggregator"/>
        <cc:local-out id="CallAuditLineSuccess" store-message="none" endpoint="vm://INT0032_NRSIT_Tax_Adjustment_On-Cycle_Pay_Input_Inbound/Auditlog"><cc:set name="success.flag" value="true"/></cc:local-out>
        <cc:local-out id="PostAuditFile" endpoint="vm://wcc/PutIntegrationMessage"><cc:set name="is.message.severity" value="'INFO'"/><cc:set name="is.message.summary" value="'Audit File is stored for processing'"/><cc:set name="is.document.variable.name" value="'audit.details.file'"/><cc:set name="is.document.file.name" value="'INT0032 Audit File.Zip'"/><cc:set name="is.document.labels" value="'audit.xml'"/></cc:local-out>
        <cc:aggregator id="BatchAgg" routes-to="AsyncMediation9" collate-when="!props['force.close.agg.batch']" force-batch-when="props['force.close.agg.batch']">
            <cc:size-batch-strategy batch-size="-1"/>
            <cc:xml-message-content-collater>
        <cc:header-text>&lt;Root></cc:header-text>
        <cc:footer-text>&lt;/Root></cc:footer-text>
      </cc:xml-message-content-collater>
        </cc:aggregator>
        <cc:local-in id="CloseAggBatch" routes-to="BatchAgg"/>
        <cc:local-out id="PostBatchAuditFile" endpoint="vm://wcc/PutIntegrationMessage"><cc:set name="is.message.severity" value="'INFO'"/><cc:set name="is.message.summary" value="'Import Processes information stored for further processing'"/><cc:set name="is.document.variable.name" value="'batch.details.file'"/><cc:set name="is.document.file.name" value="'INT0032 Batch Details File.Zip'"/><cc:set name="is.document.labels" value="'batch.details'"/></cc:local-out>
        <cc:local-out id="CallCloseBatchAgg" store-message="none" routes-response-to="CallCloseAggAudit" endpoint="vm://INT0032_NRSIT_Tax_Adjustment_On-Cycle_Pay_Input_Inbound/CloseAggBatch"><cc:set name="force.close.agg.batch" value="true"/></cc:local-out>
        <cc:async-mediation id="AsyncMediation9" routes-to="PostBatchAuditFile">
            <cc:steps>
                <cc:zip id="Zip"/>
                <cc:store id="Store" output="variable" output-variable="batch.details.file" expiresIn="P180D" title="INT0032 Batch Details File.Zip"/>
            </cc:steps>
        </cc:async-mediation>
        <cc:send-error id="global-error-handler" rethrow-error="false" routes-to="Note-Error"/>
        <cc:local-out id="Note-Error" endpoint="vm://wcc/PutIntegrationMessage">
            <cc:set name="is.message.severity" value="'CRITICAL'"/>
            <cc:set name="is.message.summary" value="context.errorMessage"/>
        </cc:local-out>
        <cc:workday-in id="Start-Audit" routes-to="CallAuditInit">
            <cc:integration-system name="INT0032 NRSIT Tax Adjustment On-Cycle Pay Input Inbound Audit">
        <cloud:param name="Studio Debug WID">
          <cloud:type>
            <cloud:simple-type>text</cloud:simple-type>
          </cloud:type>
        </cloud:param>
        <cloud:param name="As of Entry">
          <cloud:type>
            <cloud:simple-type>datetime</cloud:simple-type>
          </cloud:type>
          <cloud:default>
            <cloud:class-report-field description="Current Moment (DateTime)" type="WID">df4effe76deb4222a79001d6737cf91c</cloud:class-report-field>
          </cloud:default>
        </cloud:param>
        <cloud:attribute-map-service name="INT0032 Audit Attribute">
          <cloud:attribute name="INT0032 NRSIT Tax Adjustment Inbound">
            <cloud:type>
              <cloud:class-report-field description="Integration System" type="WID" singular="true">5c883fbd46e4417f86e9596b8846b946</cloud:class-report-field>
            </cloud:type>
          </cloud:attribute>
          <cloud:attribute name="WS Versions">
            <cloud:type>
              <cloud:class-report-field description="Web Service API Version" type="WID" singular="true">f54cce640b3410001ae50f791f2000cd</cloud:class-report-field>
            </cloud:type>
          </cloud:attribute>
          <cloud:attribute name="Document Retention Policy">
            <cloud:type>
              <cloud:enumeration-type name="INT0032EnumType">
                <cloud:enumeration>30</cloud:enumeration>
                <cloud:enumeration>60</cloud:enumeration>
                <cloud:enumeration>90</cloud:enumeration>
                <cloud:enumeration>180</cloud:enumeration>
              </cloud:enumeration-type>
            </cloud:type>
          </cloud:attribute>
        </cloud:attribute-map-service>
      </cc:integration-system>
        </cc:workday-in>
        <cc:local-out id="CallAuditInit" store-message="none" routes-response-to="CallRetrieveDocs" endpoint="vm://INT0032_NRSIT_Tax_Adjustment_On-Cycle_Pay_Input_Inbound/AuditInit"/>
        <cc:local-in id="AuditInit" routes-to="GetintsysWWS"/>
        <cc:async-mediation id="GetintsysWWS" routes-to="Getintsys" handle-downstream-errors="true">
            <cc:steps>
                <cc:eval id="Eval">
                    <cc:expression>props['intsys.wid'] = intsys.getAttributeReferenceData('INT0032 NRSIT Tax Adjustment Inbound', 'WID')</cc:expression>
                    <cc:expression>props['lp.version'] = intsys.getAttribute('WS Versions')</cc:expression>
                    <cc:expression>props['doc.ret.policy'] = intsys.getAttribute('Document Retention Policy')</cc:expression>
                    <cc:expression>props['effective.date'] = lp.getSimpleData('As of Entry').substring(0,10)</cc:expression>
                </cc:eval>
                <cc:write id="Write">
                    <cc:message>
                        <cc:text>&lt;?xml version=&quot;1.0&quot; encoding=&quot;UTF-8&quot;?>&#xD;
&lt;wd:Get_Integration_Systems_Request xmlns:wd=&quot;urn:com.workday/bsvc&quot;>&#xD;
  &lt;wd:Request_References>&#xD;
    &lt;wd:Integration_System_Reference>&#xD;
      &lt;wd:ID wd:type=&quot;WID&quot;>@{props['intsys.wid']}&lt;/wd:ID>&#xD;
    &lt;/wd:Integration_System_Reference>&#xD;
  &lt;/wd:Request_References>&#xD;
&lt;/wd:Get_Integration_Systems_Request></cc:text>
                    </cc:message>
                </cc:write>
                <cc:wrap-soap id="WrapSoap"/>
            </cc:steps>
            <cc:send-error id="SendError" routes-to="CallAuditError"/>
        </cc:async-mediation>
        <cc:workday-out-soap id="Getintsys" routes-response-to="SaveHash" application="Integrations" version="@{props['lp.version']}"/>
        <cc:async-mediation id="SaveHash">
            <cc:steps>
                <cc:eval id="Eval">
                    <cc:expression>props['batch.size'] = parts[0].xpath(&quot;/env:Envelope/env:Body/wd:Get_Integration_Systems_Response/wd:Response_Data/wd:Integration_System/wd:Integration_System_Data/wd:Integration_Attributes_Data/wd:Integration_Attribute_Data[wd:Integration_Attribute_Name = 'Batch.Size']/wd:Integration_Attribute_Value_Data/wd:Numeric&quot;)</cc:expression>
                    <cc:expression>props['error.map'] = new java.util.HashMap()</cc:expression>
                </cc:eval>
            </cc:steps>
        </cc:async-mediation>
        <cc:local-out id="CallRetrieveDocs" store-message="none" routes-response-to="CallProcessAuditFile" endpoint="vm://INT0032_NRSIT_Tax_Adjustment_On-Cycle_Pay_Input_Inbound/RetrieveDocument"/>
        <cc:local-in id="RetrieveDocument" routes-to="DebugWID"/>
        <cc:async-mediation id="DebugWID" routes-to="GetEventDocuments">
            <cc:steps>
                <cc:eval id="Eval">
                    <cc:expression>props['debug.WID'] = ''; props['debug.WID'] = lp.getSimpleData('Studio Debug WID')</cc:expression>
                    <cc:expression>props['processing.WID'] =  lp.isSet() ? lp.getIntegrationEventWID() : null</cc:expression>
                </cc:eval>
            </cc:steps>
            <cc:send-error id="SendError" routes-to="CallAuditErrorRetrieve"/>
        </cc:async-mediation>
        <cc:local-out id="GetEventDocuments" routes-response-to="Route" endpoint="vm://wcc/GetEventDocuments"><cc:set name="ie.event.wid" value="props['debug.WID'] == '' ? props['processing.WID'] : props['debug.WID']"/></cc:local-out>
        <cc:local-out id="CallAuditError" store-message="none" endpoint="vm://INT0032_NRSIT_Tax_Adjustment_On-Cycle_Pay_Input_Inbound/AuditError"><cc:set name="step.id" value="&quot;Retrieve Integration Attributes&quot;"/></cc:local-out>
        <cc:local-in id="AuditError" routes-to="PutIntegrationMessage1"/>
        <cc:local-out id="CallAuditErrorRetrieve" store-message="none" endpoint="vm://INT0032_NRSIT_Tax_Adjustment_On-Cycle_Pay_Input_Inbound/AuditError"><cc:set name="step.id" value="&quot;Get Import Documents&quot;"/></cc:local-out>
        <cc:route id="Route">
            <cc:doc-iterator labels="batch.details" variable-name="import.details"/>
            <cc:sub-route name="SubRoute" routes-to="AsyncMediation14"/>
        </cc:route>
        <cc:async-mediation id="AsyncMediation10" routes-to="CallPagedGetResponse">
            <cc:steps>
                <cc:eval id="Eval">
                    <cc:expression>props['batch.number'] = parts[0].xpath(&quot;/ImportBatch/BatchNumber&quot;)</cc:expression>
                </cc:eval>
                <cc:write id="Write">
                    <cc:message>
                        <cc:text>&lt;?xml version=&quot;1.0&quot; encoding=&quot;UTF-8&quot;?>&#xD;
&lt;wd:Get_Import_Process_Messages_Request xmlns:wd=&quot;urn:com.workday/bsvc&quot;>&#xD;
  &lt;wd:Request_Criteria>&#xD;
    &lt;wd:Import_Process_Reference>&#xD;
      &lt;wd:ID wd:type=&quot;WID&quot;>@{parts[0].xpath(&quot;/ImportBatch/Import_Process_Reference&quot;)}&lt;/wd:ID>&#xD;
    &lt;/wd:Import_Process_Reference>&#xD;
  &lt;/wd:Request_Criteria>&#xD;
  &lt;wd:Response_Filter>&#xD;
  	&lt;wd:Page>1&lt;/wd:Page>&#xD;
  	&lt;wd:Count>999&lt;/wd:Count>&#xD;
  &lt;/wd:Response_Filter>&#xD;
&lt;/wd:Get_Import_Process_Messages_Request></cc:text>
                    </cc:message>
                </cc:write>
                <cc:wrap-soap id="WrapSoap"/>
            </cc:steps>
        </cc:async-mediation>
        <cc:local-out id="CallPagedGetResponse" endpoint="vm://wcc/PagedGet"><cc:set name="is.paged.get.request.current.page.xpath" value="'/env:Envelope/env:Body/*/wd:Response_Filter/wd:Page'"/><cc:set name="is.paged.get.response.current.page.xpath" value="'/env:Envelope/env:Body/*/wd:Response_Results/wd:Page'"/><cc:set name="is.paged.get.response.total.pages.xpath" value="'/env:Envelope/env:Body/*/wd:Response_Results/wd:Total_Pages'"/><cc:set name="is.paged.get.response.total.results.xpath" value="'/env:Envelope/env:Body/*/wd:Response_Results/wd:Total_Results'"/><cc:set name="is.paged.get.application" value="'Integrations'"/><cc:set name="is.paged.get.version" value="props['lp.version']"/><cc:set name="is.paged.get.page.zero" value="false"/><cc:set name="is.paged.get.store.requests" value="true"/><cc:set name="is.paged.get.process.endpoint" value="'vm://INT0032_NRSIT_Tax_Adjustment_On-Cycle_Pay_Input_Inbound/PagetGetResponse'"/></cc:local-out>
        <cc:local-in id="PagetGetResponse" routes-to="CallProcImportMsgs"/>
        <cc:local-out id="CallProcImportMsgs" store-message="none" execute-when="parts[0].xpath(&quot;/env:Envelope/env:Body/wd:Get_Import_Process_Messages_Response/wd:Response_Results/wd:Total_Results&quot;) != 0" endpoint="vm://INT0032_NRSIT_Tax_Adjustment_On-Cycle_Pay_Input_Inbound/ProcessImportMsgs"/>
        <cc:local-in id="ProcessImportMsgs" routes-to="NoMessageinSplit"/>
        <cc:async-mediation id="NoMessageinSplit" routes-to="Splitter0" handle-downstream-errors="true">
            <cc:steps/>
            <cc:send-error id="SendError" routes-to="PIMSplit"/>
        </cc:async-mediation>
        <cc:local-out id="PIMSplit" endpoint="vm://wcc/PutIntegrationMessage"><cc:set name="is.message.severity" value="'ERROR'"/><cc:set name="is.message.summary" value="'Error during the audit split'"/><cc:set name="is.message.detail" value="context.errorMessage"/></cc:local-out>
        <cc:splitter id="Splitter0">
            <cc:sub-route name="SubRoute" routes-to="Maps"/>
            <cc:xml-stream-splitter namespaces="env http://schemas.xmlsoap.org/soap/envelope/ wd urn:com.workday/bsvc" xpath="/env:Envelope/env:Body/wd:Get_Import_Process_Messages_Response/wd:Response_Data/wd:Import_Process_Message"/>
        </cc:splitter>
        <cc:async-mediation id="Maps">
            <cc:steps>
                <cc:eval id="ErrorsMap"><cc:expression>props['import.message'] = empty; props['import.message'] = parts[0].xpath(&quot;/wd:Import_Process_Message/wd:Import_Process_Message_Data/wd:Message_Summary&quot;, &quot;wd urn:com.workday/bsvc&quot;)</cc:expression><cc:expression>props['line.num'] = empty; props['line.num'] = parts[0].xpath(&quot;/wd:Import_Process_Message/wd:Import_Process_Message_Data/wd:Line_Number&quot;, &quot;wd urn:com.workday/bsvc&quot;)</cc:expression><cc:expression>props['msg.num'] = empty; props['msg.num'] = props['line.num'] + ((props['batch.number'] - 1) *  props['batch.size'])</cc:expression>
                    <cc:expression>(props['error.map'].containsKey(props['msg.num'])) ? (props['import.message'] = props['import.message']# props['error.map'].get(props['msg.num'])) : (props['error.map'].put( (int) props['msg.num'], '\&quot;'#props['import.message']#'\&quot;'))</cc:expression></cc:eval>
            </cc:steps>
            <cc:send-error id="SendError" routes-to="PIMImportMsg"/>
        </cc:async-mediation>
        <cc:local-out id="PIMImportMsg" endpoint="vm://wcc/PutIntegrationMessage"><cc:set name="is.message.severity" value="'ERROR'"/><cc:set name="is.message.summary" value="'Error during the saving audit hash'"/><cc:set name="is.message.detail" value="context.errorMessage"/></cc:local-out>
        <cc:local-out id="CallProcessAuditFile" store-message="none" endpoint="vm://INT0032_NRSIT_Tax_Adjustment_On-Cycle_Pay_Input_Inbound/ProcessAuditFile"/>
        <cc:local-in id="ProcessAuditFile" routes-to="GetAuditXML"/>
        <cc:route id="GetAuditXML">
            <cc:doc-iterator labels="audit.xml" variable-name="audit.xml"/>
            <cc:sub-route name="SubRoute" routes-to="AsyncMediation11"/>
        </cc:route>
        <cc:async-mediation id="AsyncMediation11" routes-to="Splitter1" handle-downstream-errors="true">
            <cc:steps>
                <cc:unzip id="Unzip" input="variable" input-variable="audit.xml"/>
            </cc:steps>
            <cc:send-error id="SendError" routes-to="PIMProcessAudit"/>
        </cc:async-mediation>
        <cc:local-out id="PIMProcessAudit" endpoint="vm://wcc/PutIntegrationMessage"><cc:set name="is.message.severity" value="'INFO'"/><cc:set name="is.message.summary" value="'Error while unzip'"/></cc:local-out>
        <cc:splitter id="Splitter1">
            <cc:sub-route name="SubRoute" routes-to="AsyncMediation12"/>
            <cc:xml-stream-splitter xpath="/AuditEntry/AuditRow"/>
        </cc:splitter>
        <cc:async-mediation id="AsyncMediation12" routes-to="AggFinalAudit">
            <cc:steps>
                <cc:eval id="Eval"><cc:expression>props['rec.num'] = empty; props['rec.num'] = (int) parts[0].xpath(&quot;/AuditRow/RecordNum&quot;)</cc:expression>
                    <cc:expression>props['amount'] = empty; props['amount'] =  parts[0].xpath(&quot;/AuditRow/Amount&quot;)</cc:expression><cc:expression>props['error.msg'] = empty;</cc:expression><cc:expression>props['error.map'].containsKey(props['rec.num'])  ? (props['error.msg'] =props['error.map'].get(props['rec.num'])) : (props['error.msg'] = parts[0].xpath(&quot;/AuditRow/Summary&quot;))</cc:expression>
                    <cc:expression>parts[0].xpath(&quot;/AuditRow/Status&quot;) == 'Critical' ? props['critical.error.count'] = props['critical.error.count'] + 1 : </cc:expression></cc:eval>
                <cc:write id="Write" output-mimetype="text/plain">
                    <cc:message>
                        <cc:text>@{// Transaction Status&#xD;
props['error.msg'] == empty ? &quot;SUCCESS&quot; : &quot;FAILURE&quot;&#xD;
},</cc:text>
                        <cc:text>@{ // Record Number&#xD;
parts[0].xpath(&quot;/AuditRow/RecordNum&quot;)&#xD;
},</cc:text>
                        <cc:text>@{ // Employee ID&#xD;
parts[0].xpath(&quot;/AuditRow/EmployeeID&quot;)&#xD;
},</cc:text>
                        <cc:text>@{ // SITCode&#xD;
parts[0].xpath(&quot;/AuditRow/SITCode&quot;)&#xD;
},</cc:text>
                        <cc:text>@{ // SITTaxableWage&#xD;
parts[0].xpath(&quot;/AuditRow/SITTaxableWage&quot;)&#xD;
},</cc:text>
                        <cc:text>@{ // SITWithheld&#xD;
parts[0].xpath(&quot;/AuditRow/SITWithheld&quot;)&#xD;
},</cc:text>
                        <cc:text>@{ // Error Message&#xD;
props['error.msg'] != empty ? props['error.msg'] : &quot;&quot;&#xD;
}</cc:text>
                    </cc:message>
                </cc:write>
            </cc:steps>
            <cc:send-error id="SendError" routes-to="PIMAuditWrite"/>
        </cc:async-mediation>
        <cc:aggregator id="AggFinalAudit" routes-to="AsyncMediation13" collate-when="true" force-batch-when="util.isLastMessageInBatch()">
            <cc:size-batch-strategy/>
            <cc:message-content-collater>
        <cc:header-text>Transaction Status,Record Count,Employee ID,SITCode,SITTaxableWage, SITWithheld,Error Message@{&quot;\n&quot;}</cc:header-text>
        <cc:footer-text>@{&quot;\n&quot;}</cc:footer-text>
        <cc:separator>@{&quot;\n&quot;}</cc:separator>
      </cc:message-content-collater>
        </cc:aggregator>
        <cc:async-mediation id="AsyncMediation13">
            <cc:steps>
                <cc:text-excel id="TextExcel" output="variable" output-mimetype="application/vnd.ms-excel" output-variable="auditFile" excelstyle="sheet" style="text2excel"/>
                <cc:store id="Store" output="variable" output-variable="audit.final" input="variable" input-variable="auditFile" expiresIn="P@{props['doc.ret.policy']}D" title="INT0032_AuditFile_@{props['effective.date']}.xls"/>
            </cc:steps>
            <cc:send-error id="SendError" routes-to="PIMAuditsave"/>
        </cc:async-mediation>
        <cc:local-out id="PutIntegrationMessage1" endpoint="vm://wcc/PutIntegrationMessage"><cc:set name="is.message.severity" value="'CRITICAL'"/><cc:set name="is.message.summary" value="&quot;Error building Audit Log at step &quot; # props['step.id'] # &quot;. Error details: &quot; # context.errorMessage #  &quot;.\n Please rerun Audit Log subprocess manually by specifying appropriate Launch Parameters or perform mass rescind of data changes and rerun entire process.&quot;"/></cc:local-out>
        <cc:local-out id="PIMAuditsave" endpoint="vm://wcc/PutIntegrationMessage"><cc:set name="is.message.severity" value="'ERROR'"/><cc:set name="is.message.summary" value="'Error saving audit file'"/><cc:set name="is.message.detail" value="context.errorMessage"/></cc:local-out>
        <cc:local-out id="PIMAuditWrite" endpoint="vm://wcc/PutIntegrationMessage"><cc:set name="is.message.severity" value="'ERROR'"/><cc:set name="is.message.summary" value="'Error during audit write'"/><cc:set name="is.message.detail" value="context.errorMessage"/></cc:local-out>
        <cc:async-mediation id="AsyncMediation14" routes-to="Splitter2">
            <cc:steps>
                <cc:unzip id="Unzip" output-mimetype="text/xml" input="variable" input-variable="import.details"/>
            </cc:steps>
        </cc:async-mediation>
        <cc:splitter id="Splitter2">
            <cc:sub-route name="SubRoute" routes-to="AsyncMediation10"/>
            <cc:xml-stream-splitter xpath="/Root/ImportBatch"/>
        </cc:splitter>
        <cc:local-out id="PIMGetSubmitInput" endpoint="vm://wcc/PutIntegrationMessage"><cc:set name="is.message.severity" value="'INFO'"/><cc:set name="is.message.summary"/><cc:set name="is.message.detail"/></cc:local-out>
	</cc:assembly>

</beans>