<?xml version="1.0" encoding="UTF-8"?>
<wdnm:Diagram xmlns:wdnm="http://workday.com/studio/editors/notation">
  <element href="assembly.xml#WorkdayAssembly"/>
  <visualProperties x="107" y="112">
    <element href="assembly.xml#StartHere"/>
  </visualProperties>
  <visualProperties x="238" y="206">
    <element href="assembly.xml#Init"/>
  </visualProperties>
  <visualProperties x="312" y="351">
    <element href="assembly.xml#PIMInit"/>
  </visualProperties>
  <visualProperties x="170" y="245">
    <element href="assembly.xml#AsyncMediation"/>
  </visualProperties>
  <visualProperties x="416" y="288">
    <element href="assembly.xml#CallFileRetrieval"/>
  </visualProperties>
  <visualProperties x="113" y="545">
    <element href="assembly.xml#FileRetrieval"/>
  </visualProperties>
  <visualProperties x="355" y="696">
    <element href="assembly.xml#PIMFileRetrieval"/>
  </visualProperties>
  <visualProperties x="588" y="327">
    <element href="assembly.xml#CallGetWorker"/>
  </visualProperties>
  <visualProperties x="145" y="859">
    <element href="assembly.xml#GetWorker"/>
  </visualProperties>
  <visualProperties x="255" y="871">
    <element href="assembly.xml#PrepareWS"/>
  </visualProperties>
  <visualProperties x="333" y="999">
    <element href="assembly.xml#PutIntegrationMessage"/>
  </visualProperties>
  <visualProperties x="518" y="959">
    <element href="assembly.xml#PagedGet"/>
  </visualProperties>
  <visualProperties x="665" y="1016">
    <element href="assembly.xml#ValidandInvalidIds"/>
  </visualProperties>
  <visualProperties x="835" y="1060">
    <element href="assembly.xml#PIMValidandInvalidIds"/>
  </visualProperties>
  <visualProperties x="820" y="321">
    <element href="assembly.xml#CallValidateFile"/>
  </visualProperties>
  <visualProperties x="196" y="1183">
    <element href="assembly.xml#ValidateFile"/>
  </visualProperties>
  <visualProperties x="252" y="1230">
    <element href="assembly.xml#AsyncMediation0"/>
  </visualProperties>
  <visualProperties x="434" y="1246">
    <element href="assembly.xml#Splitter"/>
  </visualProperties>
  <visualProperties x="583" y="1261">
    <element href="assembly.xml#AsyncMediation1"/>
  </visualProperties>
  <visualProperties x="692" y="1372">
    <element href="assembly.xml#CallErrorLog"/>
  </visualProperties>
  <visualProperties x="142" y="1524">
    <element href="assembly.xml#Auditlog"/>
  </visualProperties>
  <visualProperties x="856" y="1312">
    <element href="assembly.xml#CallPrepareImportPayroll"/>
  </visualProperties>
  <visualProperties x="147" y="1527">
    <element href="assembly.xml#PrepareImportPayroll"/>
  </visualProperties>
  <visualProperties x="318" y="1575">
    <element href="assembly.xml#AsyncMediation2"/>
  </visualProperties>
  <visualProperties x="243" y="1734">
    <element href="assembly.xml#AsyncMediation3"/>
  </visualProperties>
  <visualProperties x="502" y="1574">
    <element href="assembly.xml#Aggregator"/>
  </visualProperties>
  <visualProperties x="980" y="344">
    <element href="assembly.xml#CallCloseAgg"/>
  </visualProperties>
  <visualProperties x="574" y="1565">
    <element href="assembly.xml#CloseAgg"/>
  </visualProperties>
  <visualProperties x="415" y="1727">
    <element href="assembly.xml#PIMXSLTTransform"/>
  </visualProperties>
  <visualProperties x="156" y="1995">
    <element href="assembly.xml#ReleaseBatch"/>
  </visualProperties>
  <visualProperties x="798" y="1686">
    <element href="assembly.xml#CallReleaseBatch"/>
  </visualProperties>
  <visualProperties x="338" y="2015">
    <element href="assembly.xml#AsyncMediation5"/>
  </visualProperties>
  <visualProperties x="397" y="2174">
    <element href="assembly.xml#PIMBatchCall"/>
  </visualProperties>
  <visualProperties x="592" y="2097">
    <element href="assembly.xml#WorkdayOutSoap"/>
  </visualProperties>
  <visualProperties x="772" y="2192">
    <element href="assembly.xml#AsyncMediation6"/>
  </visualProperties>
  <visualProperties x="356" y="2513">
    <element href="assembly.xml#PIMErrorLog"/>
  </visualProperties>
  <visualProperties x="530" y="2476">
    <element href="assembly.xml#AuditAggregator"/>
  </visualProperties>
  <visualProperties x="647" y="2416">
    <element href="assembly.xml#CloseAuditAgg"/>
  </visualProperties>
  <visualProperties x="1261" y="307">
    <element href="assembly.xml#CallCloseAggAudit"/>
  </visualProperties>
  <visualProperties x="769" y="2488">
    <element href="assembly.xml#AsyncMediation7"/>
  </visualProperties>
  <visualProperties x="859" y="2539">
    <element href="assembly.xml#PIMatStore"/>
  </visualProperties>
  <visualProperties x="1088" y="323">
    <element href="assembly.xml#CallGetSubmitPayroll"/>
  </visualProperties>
  <visualProperties x="216" y="1535">
    <element href="assembly.xml#GetSubmitInput"/>
  </visualProperties>
  <visualProperties x="314" y="1574">
    <element href="assembly.xml#AsyncMediation4"/>
  </visualProperties>
  <visualProperties x="547" y="1693">
    <element href="assembly.xml#PIMGetSubmit"/>
  </visualProperties>
  <visualProperties x="827" y="1579">
    <element href="assembly.xml#AsyncMediation8"/>
  </visualProperties>
  <visualProperties x="576" y="1680">
    <element href="assembly.xml#PagedGetSubmitPayrol"/>
  </visualProperties>
  <visualProperties x="691" y="2014">
    <element href="assembly.xml#CallAggRequest"/>
  </visualProperties>
  <visualProperties x="885" y="2005">
    <element href="assembly.xml#AggRequest"/>
  </visualProperties>
  <visualProperties x="833" y="2037">
    <element href="assembly.xml#CallAuditLineSuccess"/>
  </visualProperties>
  <visualProperties x="952" y="2701">
    <element href="assembly.xml#PostAuditFile"/>
  </visualProperties>
  <visualProperties x="1032" y="2388">
    <element href="assembly.xml#BatchAgg"/>
  </visualProperties>
  <visualProperties x="1137" y="2327">
    <element href="assembly.xml#CloseAggBatch"/>
  </visualProperties>
  <visualProperties x="1263" y="2430">
    <element href="assembly.xml#PostBatchAuditFile"/>
  </visualProperties>
  <visualProperties x="1523" y="325">
    <element href="assembly.xml#CallCloseBatchAgg"/>
  </visualProperties>
  <visualProperties x="1070" y="2419">
    <element href="assembly.xml#AsyncMediation9"/>
  </visualProperties>
  <visualProperties x="17" y="2885">
    <element href="assembly.xml#//@beans/@mixed.1/@mixed.113"/>
  </visualProperties>
  <visualProperties x="322" y="2885">
    <element href="assembly.xml#Note-Error"/>
  </visualProperties>
  <visualProperties x="-9" y="2955">
    <element href="assembly.xml#Start-Audit"/>
  </visualProperties>
  <visualProperties x="114" y="3123">
    <element href="assembly.xml#CallAuditInit"/>
  </visualProperties>
  <visualProperties x="-7" y="3222">
    <element href="assembly.xml#AuditInit"/>
  </visualProperties>
  <visualProperties x="167" y="3277">
    <element href="assembly.xml#GetintsysWWS"/>
  </visualProperties>
  <visualProperties x="364" y="3340">
    <element href="assembly.xml#Getintsys"/>
  </visualProperties>
  <visualProperties x="475" y="3416">
    <element href="assembly.xml#SaveHash"/>
  </visualProperties>
  <visualProperties x="281" y="3128">
    <element href="assembly.xml#CallRetrieveDocs"/>
  </visualProperties>
  <visualProperties x="-9" y="3573">
    <element href="assembly.xml#RetrieveDocument"/>
  </visualProperties>
  <visualProperties x="147" y="3613">
    <element href="assembly.xml#DebugWID"/>
  </visualProperties>
  <visualProperties x="317" y="3620">
    <element href="assembly.xml#GetEventDocuments"/>
  </visualProperties>
  <visualProperties x="213" y="3401">
    <element href="assembly.xml#CallAuditError"/>
  </visualProperties>
  <visualProperties x="30" y="3761">
    <element href="assembly.xml#AuditError"/>
  </visualProperties>
  <visualProperties x="228" y="3668">
    <element href="assembly.xml#CallAuditErrorRetrieve"/>
  </visualProperties>
  <visualProperties x="648" y="3735">
    <element href="assembly.xml#Route"/>
  </visualProperties>
  <visualProperties x="805" y="3754">
    <element href="assembly.xml#AsyncMediation10"/>
  </visualProperties>
  <visualProperties x="956" y="3754">
    <element href="assembly.xml#CallPagedGetResponse"/>
  </visualProperties>
  <visualProperties x="-16" y="3898">
    <element href="assembly.xml#PagetGetResponse"/>
  </visualProperties>
  <visualProperties x="176" y="3930">
    <element href="assembly.xml#CallProcImportMsgs"/>
  </visualProperties>
  <visualProperties x="-10" y="3979">
    <element href="assembly.xml#ProcessImportMsgs"/>
  </visualProperties>
  <visualProperties x="234" y="4070">
    <element href="assembly.xml#NoMessageinSplit"/>
  </visualProperties>
  <visualProperties x="504" y="4155">
    <element href="assembly.xml#PIMSplit"/>
  </visualProperties>
  <visualProperties x="461" y="4145">
    <element href="assembly.xml#Splitter0"/>
  </visualProperties>
  <visualProperties x="377" y="4083">
    <element href="assembly.xml#Maps"/>
  </visualProperties>
  <visualProperties x="692" y="4241">
    <element href="assembly.xml#PIMImportMsg"/>
  </visualProperties>
  <visualProperties x="476" y="3138">
    <element href="assembly.xml#CallProcessAuditFile"/>
  </visualProperties>
  <visualProperties x="26" y="4374">
    <element href="assembly.xml#ProcessAuditFile"/>
  </visualProperties>
  <visualProperties x="149" y="4406">
    <element href="assembly.xml#GetAuditXML"/>
  </visualProperties>
  <visualProperties x="359" y="4457">
    <element href="assembly.xml#AsyncMediation11"/>
  </visualProperties>
  <visualProperties x="442" y="4542">
    <element href="assembly.xml#PIMProcessAudit"/>
  </visualProperties>
  <visualProperties x="598" y="4515">
    <element href="assembly.xml#Splitter1"/>
  </visualProperties>
  <visualProperties x="716" y="4528">
    <element href="assembly.xml#AsyncMediation12"/>
  </visualProperties>
  <visualProperties x="910" y="4527">
    <element href="assembly.xml#AggFinalAudit"/>
  </visualProperties>
  <visualProperties x="1114" y="4514">
    <element href="assembly.xml#AsyncMediation13"/>
  </visualProperties>
  <visualProperties x="112" y="4723">
    <element href="assembly.xml#PutIntegrationMessage1"/>
  </visualProperties>
  <visualProperties x="1137" y="4578">
    <element href="assembly.xml#PIMAuditsave"/>
  </visualProperties>
  <visualProperties x="789" y="4577">
    <element href="assembly.xml#PIMAuditWrite"/>
  </visualProperties>
  <visualProperties x="861" y="3709">
    <element href="assembly.xml#AsyncMediation14"/>
  </visualProperties>
  <visualProperties x="1032" y="3693">
    <element href="assembly.xml#Splitter2"/>
  </visualProperties>
  <visualProperties x="888" y="1757">
    <element href="assembly.xml#PIMGetSubmitInput"/>
  </visualProperties>
  <connections type="routesTo" sourceAnchorX="0.9159663865546218" sourceAnchorY="0.3783783783783784" targetAnchorX="0.27972027972027974" targetAnchorY="0.5543478260869565">
    <source href="assembly.xml#StartHere"/>
    <target href="assembly.xml#Init"/>
  </connections>
  <connections type="routesTo" sourceAnchorX="0.5955882352941176" sourceAnchorY="1.0" targetAnchorX="0.5560975609756098" targetAnchorY="0.7027027027027027">
    <source href="assembly.xml#//@beans/@mixed.1/@mixed.3/@mixed.3"/>
    <target href="assembly.xml#PIMInit"/>
  </connections>
  <connections type="routesTo" sourceAnchorX="0.8899082568807339" sourceAnchorY="0.6220472440944882" targetAnchorX="0.0949367088607595" targetAnchorY="0.3783783783783784">
    <source href="assembly.xml#Init"/>
    <target href="assembly.xml#CallFileRetrieval"/>
  </connections>
  <connections type="routesTo" sourceAnchorX="0.8321167883211679" sourceAnchorY="1.0" targetAnchorX="0.07692307692307693" targetAnchorY="0.46875">
    <source href="assembly.xml#FileRetrieval"/>
    <target href="assembly.xml#AsyncMediation"/>
  </connections>
  <connections type="routesTo">
    <source href="assembly.xml#//@beans/@mixed.1/@mixed.7/@mixed.3"/>
    <target href="assembly.xml#PIMFileRetrieval"/>
  </connections>
  <connections type="routesResponseTo" sourceAnchorX="0.9629629629629629" sourceAnchorY="0.4594594594594595" targetAnchorX="0.09803921568627451" targetAnchorY="0.32432432432432434">
    <source href="assembly.xml#CallFileRetrieval"/>
    <target href="assembly.xml#CallGetWorker"/>
  </connections>
  <connections type="routesTo" sourceAnchorX="0.734375" sourceAnchorY="1.0" targetAnchorX="0.12605042016806722" targetAnchorY="0.4891304347826087">
    <source href="assembly.xml#GetWorker"/>
    <target href="assembly.xml#PrepareWS"/>
  </connections>
  <connections type="routesTo" sourceAnchorX="0.22727272727272727" sourceAnchorY="1.0" targetAnchorX="0.3121951219512195" targetAnchorY="0.6216216216216216">
    <source href="assembly.xml#//@beans/@mixed.1/@mixed.19/@mixed.3"/>
    <target href="assembly.xml#PutIntegrationMessage"/>
  </connections>
  <connections type="routesTo" sourceAnchorX="0.935251798561151" sourceAnchorY="0.5905511811023622" targetAnchorX="0.10655737704918032" targetAnchorY="0.5405405405405406">
    <source href="assembly.xml#PrepareWS"/>
    <target href="assembly.xml#PagedGet"/>
  </connections>
  <connections type="routesTo" sourceAnchorX="0.5707317073170731" sourceAnchorY="1.0" targetAnchorX="0.5539906103286385" targetAnchorY="0.21621621621621623">
    <source href="assembly.xml#//@beans/@mixed.1/@mixed.25/@mixed.3"/>
    <target href="assembly.xml#PIMValidandInvalidIds"/>
  </connections>
  <connections type="routesResponseTo" sourceAnchorX="0.6339869281045751" sourceAnchorY="1.0" targetAnchorX="0.05128205128205128" targetAnchorY="0.5675675675675675">
    <source href="assembly.xml#CallGetWorker"/>
    <target href="assembly.xml#CallGetSubmitPayroll"/>
  </connections>
  <connections type="routesResponseTo" sourceAnchorX="0.7213114754098361" sourceAnchorY="1.0" targetAnchorX="0.08018867924528301" targetAnchorY="0.5433070866141733">
    <source href="assembly.xml#PagedGet"/>
    <target href="assembly.xml#ValidandInvalidIds"/>
  </connections>
  <connections type="routesTo" sourceAnchorX="0.9296875" sourceAnchorY="1.0" targetAnchorX="0.08609271523178808" targetAnchorY="0.4673913043478261">
    <source href="assembly.xml#ValidateFile"/>
    <target href="assembly.xml#AsyncMediation0"/>
  </connections>
  <connections type="routesTo" sourceAnchorX="0.9602649006622517" sourceAnchorY="0.6770833333333334" targetAnchorX="0.05982905982905983">
    <source href="assembly.xml#AsyncMediation0"/>
    <target href="assembly.xml#Splitter"/>
  </connections>
  <connections type="routesTo" sourceAnchorX="1.0" sourceAnchorY="1.0" targetAnchorX="0.046357615894039736">
    <source href="assembly.xml#//@beans/@mixed.1/@splitter.0/@subRoute.0"/>
    <target href="assembly.xml#AsyncMediation1"/>
  </connections>
  <connections type="routesTo" sourceAnchorX="0.577922077922078" sourceAnchorY="1.0" targetAnchorX="0.5683453237410072" targetAnchorY="0.24324324324324326">
    <source href="assembly.xml#//@beans/@mixed.1/@mixed.37/@mixed.3"/>
    <target href="assembly.xml#CallErrorLog"/>
  </connections>
  <connections type="routesTo" sourceAnchorX="0.9620853080568721" sourceAnchorY="0.6299212598425197" targetAnchorX="0.015463917525773196" targetAnchorY="0.6486486486486487">
    <source href="assembly.xml#AsyncMediation1"/>
    <target href="assembly.xml#CallPrepareImportPayroll"/>
  </connections>
  <connections type="routesTo" sourceAnchorX="0.6958762886597938" sourceAnchorY="1.0" targetAnchorX="0.09933774834437085" targetAnchorY="0.4782608695652174">
    <source href="assembly.xml#PrepareImportPayroll"/>
    <target href="assembly.xml#AsyncMediation2"/>
  </connections>
  <connections type="routesTo" sourceAnchorX="0.8715596330275229" sourceAnchorY="1.0" targetAnchorX="0.10596026490066225" targetAnchorY="0.10869565217391304">
    <source href="assembly.xml#Auditlog"/>
    <target href="assembly.xml#AsyncMediation3"/>
  </connections>
  <connections type="routesTo" sourceAnchorX="0.9403973509933775" sourceAnchorY="0.5354330708661418" targetAnchorX="0.043209876543209874" targetAnchorY="0.3783783783783784">
    <source href="assembly.xml#AsyncMediation2"/>
    <target href="assembly.xml#CallAggRequest"/>
  </connections>
  <connections type="routesTo" sourceAnchorX="0.6333333333333333" sourceAnchorY="1.0" targetAnchorX="0.4425287356321839" targetAnchorY="0.03773584905660377">
    <source href="assembly.xml#CloseAgg"/>
    <target href="assembly.xml#Aggregator"/>
  </connections>
  <connections type="routesTo" sourceAnchorX="0.6458333333333334" sourceAnchorY="1.0" targetAnchorX="0.4507042253521127" targetAnchorY="0.35135135135135137">
    <source href="assembly.xml#//@beans/@mixed.1/@mixed.47/@mixed.3"/>
    <target href="assembly.xml#PIMXSLTTransform"/>
  </connections>
  <connections type="routesTo" sourceAnchorX="0.959731543624161" sourceAnchorY="0.5945945945945946" targetAnchorX="0.1456953642384106" targetAnchorY="0.5652173913043478">
    <source href="assembly.xml#ReleaseBatch"/>
    <target href="assembly.xml#AsyncMediation5"/>
  </connections>
  <connections type="routesTo" sourceAnchorX="0.7554347826086957" sourceAnchorY="1.0" targetAnchorX="0.7276995305164319" targetAnchorY="0.35135135135135137">
    <source href="assembly.xml#//@beans/@mixed.1/@mixed.63/@mixed.3"/>
    <target href="assembly.xml#PIMBatchCall"/>
  </connections>
  <connections type="routesTo" sourceAnchorX="0.9633507853403142" sourceAnchorY="0.6614173228346457" targetAnchorX="0.08670520231213873" targetAnchorY="0.7297297297297297">
    <source href="assembly.xml#AsyncMediation5"/>
    <target href="assembly.xml#WorkdayOutSoap"/>
  </connections>
  <connections type="routesResponseTo" sourceAnchorX="0.5606936416184971" sourceAnchorY="1.0" targetAnchorX="0.2052980132450331" targetAnchorY="0.4782608695652174">
    <source href="assembly.xml#WorkdayOutSoap"/>
    <target href="assembly.xml#AsyncMediation6"/>
  </connections>
  <connections type="routesTo" sourceAnchorX="0.5843373493975904" sourceAnchorY="1.0" targetAnchorX="0.5942028985507246" targetAnchorY="0.7297297297297297">
    <source href="assembly.xml#//@beans/@mixed.1/@mixed.49/@mixed.3"/>
    <target href="assembly.xml#PIMErrorLog"/>
  </connections>
  <connections type="routesTo" sourceAnchorX="0.9421965317919075" sourceAnchorY="0.6535433070866141" targetAnchorX="0.29310344827586204" targetAnchorY="0.5377358490566038">
    <source href="assembly.xml#AsyncMediation3"/>
    <target href="assembly.xml#AuditAggregator"/>
  </connections>
  <connections type="routesTo" sourceAnchorX="0.5576923076923077" sourceAnchorY="1.0" targetAnchorX="0.5517241379310345" targetAnchorY="0.05660377358490566">
    <source href="assembly.xml#CloseAuditAgg"/>
    <target href="assembly.xml#AuditAggregator"/>
  </connections>
  <connections type="routesTo" sourceAnchorX="1.0" sourceAnchorY="0.2358490566037736" targetAnchorX="0.24503311258278146" targetAnchorY="0.5520833333333334">
    <source href="assembly.xml#AuditAggregator"/>
    <target href="assembly.xml#AsyncMediation7"/>
  </connections>
  <connections type="routesTo" sourceAnchorX="0.2847222222222222" sourceAnchorY="1.0" targetAnchorX="0.3427230046948357" targetAnchorY="0.16216216216216217">
    <source href="assembly.xml#//@beans/@mixed.1/@mixed.79/@mixed.3"/>
    <target href="assembly.xml#PIMatStore"/>
  </connections>
  <connections type="routesTo" sourceAnchorX="0.7515923566878981" sourceAnchorY="1.0" targetAnchorX="0.17218543046357615" targetAnchorY="0.375">
    <source href="assembly.xml#GetSubmitInput"/>
    <target href="assembly.xml#AsyncMediation4"/>
  </connections>
  <connections type="routesTo" sourceAnchorX="0.3401360544217687" sourceAnchorY="1.0" targetAnchorX="0.3333333333333333" targetAnchorY="0.24324324324324326">
    <source href="assembly.xml#//@beans/@mixed.1/@mixed.87/@mixed.3"/>
    <target href="assembly.xml#PIMGetSubmit"/>
  </connections>
  <connections type="routesTo" sourceAnchorX="0.0" sourceAnchorY="0.2125984251968504" targetAnchorX="0.12307692307692308" targetAnchorY="0.5945945945945946">
    <source href="assembly.xml#AsyncMediation4"/>
    <target href="assembly.xml#PagedGetSubmitPayrol"/>
  </connections>
  <connections type="routesResponseTo" sourceAnchorX="1.0" sourceAnchorY="0.5675675675675675" targetAnchorX="0.33112582781456956" targetAnchorY="0.6458333333333334">
    <source href="assembly.xml#PagedGetSubmitPayrol"/>
    <target href="assembly.xml#AsyncMediation8"/>
  </connections>
  <connections type="routesTo" sourceAnchorX="0.8613138686131386" sourceAnchorY="1.0" targetAnchorX="0.11494252873563218" targetAnchorY="0.32075471698113206">
    <source href="assembly.xml#AggRequest"/>
    <target href="assembly.xml#Aggregator"/>
  </connections>
  <connections type="routesTo" sourceAnchorX="1.0" sourceAnchorY="0.2358490566037736" targetAnchorX="0.07471264367816093" targetAnchorY="0.4594594594594595">
    <source href="assembly.xml#Aggregator"/>
    <target href="assembly.xml#CallReleaseBatch"/>
  </connections>
  <connections type="routesResponseTo" sourceAnchorX="0.7222222222222222" sourceAnchorY="1.0" targetAnchorX="0.07537688442211055" targetAnchorY="0.32432432432432434">
    <source href="assembly.xml#CallAggRequest"/>
    <target href="assembly.xml#CallAuditLineSuccess"/>
  </connections>
  <connections type="routesTo" sourceAnchorX="0.9536423841059603" sourceAnchorY="0.5748031496062992" targetAnchorX="0.06572769953051644" targetAnchorY="0.6756756756756757">
    <source href="assembly.xml#AsyncMediation7"/>
    <target href="assembly.xml#PostAuditFile"/>
  </connections>
  <connections type="routesTo" sourceAnchorX="1.0" sourceAnchorY="0.28125" targetAnchorX="0.25287356321839083" targetAnchorY="0.37735849056603776">
    <source href="assembly.xml#AsyncMediation6"/>
    <target href="assembly.xml#BatchAgg"/>
  </connections>
  <connections type="routesTo" sourceAnchorX="0.6075949367088608" sourceAnchorY="1.0" targetAnchorX="0.5977011494252874" targetAnchorY="0.3113207547169811">
    <source href="assembly.xml#CloseAggBatch"/>
    <target href="assembly.xml#BatchAgg"/>
  </connections>
  <connections type="routesTo" sourceAnchorX="1.0" sourceAnchorY="0.2641509433962264" targetAnchorX="0.0" targetAnchorY="0.5434782608695652">
    <source href="assembly.xml#BatchAgg"/>
    <target href="assembly.xml#AsyncMediation9"/>
  </connections>
  <connections type="routesTo" sourceAnchorX="1.0" sourceAnchorY="0.25" targetAnchorX="0.11666666666666667" targetAnchorY="0.7567567567567568">
    <source href="assembly.xml#AsyncMediation9"/>
    <target href="assembly.xml#PostBatchAuditFile"/>
  </connections>
  <connections type="routesResponseTo" sourceAnchorX="0.6827586206896552" sourceAnchorY="1.0" targetAnchorX="0.06557377049180328" targetAnchorY="0.40540540540540543">
    <source href="assembly.xml#CallCloseAgg"/>
    <target href="assembly.xml#CallCloseBatchAgg"/>
  </connections>
  <connections type="routesResponseTo" sourceAnchorX="0.2786885245901639" sourceAnchorY="1.0" targetAnchorX="0.05056179775280899" targetAnchorY="0.4594594594594595">
    <source href="assembly.xml#CallCloseBatchAgg"/>
    <target href="assembly.xml#CallCloseAggAudit"/>
  </connections>
  <connections type="routesTo" sourceAnchorX="0.9669421487603306" sourceAnchorY="0.43243243243243246" targetAnchorX="0.06060606060606061" targetAnchorY="0.3783783783783784">
    <source href="assembly.xml#//@beans/@mixed.1/@mixed.113"/>
    <target href="assembly.xml#Note-Error"/>
  </connections>
  <connections type="routesTo" sourceAnchorX="0.912" sourceAnchorY="1.0" targetAnchorX="0.06818181818181818" targetAnchorY="0.40540540540540543">
    <source href="assembly.xml#Start-Audit"/>
    <target href="assembly.xml#CallAuditInit"/>
  </connections>
  <connections type="routesTo" sourceAnchorX="1.0" sourceAnchorY="0.3229166666666667" targetAnchorX="0.16574585635359115" targetAnchorY="0.3783783783783784">
    <source href="assembly.xml#GetintsysWWS"/>
    <target href="assembly.xml#Getintsys"/>
  </connections>
  <connections type="routesResponseTo" sourceAnchorX="0.7288135593220338" sourceAnchorY="1.0" targetAnchorX="0.2468354430379747" targetAnchorY="0.5652173913043478">
    <source href="assembly.xml#Getintsys"/>
    <target href="assembly.xml#SaveHash"/>
  </connections>
  <connections type="routesTo" sourceAnchorX="0.7289719626168224" sourceAnchorY="1.0" targetAnchorX="0.12807881773399016" targetAnchorY="0.4881889763779528">
    <source href="assembly.xml#AuditInit"/>
    <target href="assembly.xml#GetintsysWWS"/>
  </connections>
  <connections type="routesResponseTo" sourceAnchorX="0.7121212121212122" sourceAnchorY="1.0" targetAnchorX="0.13450292397660818" targetAnchorY="0.24324324324324326">
    <source href="assembly.xml#CallAuditInit"/>
    <target href="assembly.xml#CallRetrieveDocs"/>
  </connections>
  <connections type="routesTo" sourceAnchorX="0.8659217877094972" sourceAnchorY="1.0" targetAnchorX="0.22012578616352202" targetAnchorY="0.4782608695652174">
    <source href="assembly.xml#RetrieveDocument"/>
    <target href="assembly.xml#DebugWID"/>
  </connections>
  <connections type="routesTo" sourceAnchorX="1.0" sourceAnchorY="0.21875" targetAnchorX="0.09326424870466321" targetAnchorY="0.5405405405405406">
    <source href="assembly.xml#DebugWID"/>
    <target href="assembly.xml#GetEventDocuments"/>
  </connections>
  <connections type="routesTo" sourceAnchorX="0.4846938775510204" sourceAnchorY="1.0" targetAnchorX="0.4810126582278481" targetAnchorY="0.32432432432432434">
    <source href="assembly.xml#//@beans/@mixed.1/@mixed.123/@mixed.3"/>
    <target href="assembly.xml#CallAuditError"/>
  </connections>
  <connections type="routesTo" sourceAnchorX="0.2803738317757009" sourceAnchorY="1.0" targetAnchorX="0.34810126582278483" targetAnchorY="0.5135135135135135">
    <source href="assembly.xml#//@beans/@mixed.1/@mixed.133/@mixed.3"/>
    <target href="assembly.xml#CallAuditErrorRetrieve"/>
  </connections>
  <connections type="routesResponseTo" sourceAnchorX="0.5854922279792746" sourceAnchorY="1.0" targetAnchorX="0.28440366972477066" targetAnchorY="0.39634146341463417">
    <source href="assembly.xml#GetEventDocuments"/>
    <target href="assembly.xml#Route"/>
  </connections>
  <connections type="routesTo" sourceAnchorX="0.9230769230769231" sourceAnchorY="1.0" targetAnchorX="0.018867924528301886" targetAnchorY="0.4166666666666667">
    <source href="assembly.xml#//@beans/@mixed.1/@route.0/@subRoute.0"/>
    <target href="assembly.xml#AsyncMediation14"/>
  </connections>
  <connections type="routesTo" sourceAnchorX="0.0" sourceAnchorY="0.22916666666666666" targetAnchorX="0.2923076923076923" targetAnchorY="0.4594594594594595">
    <source href="assembly.xml#AsyncMediation10"/>
    <target href="assembly.xml#CallPagedGetResponse"/>
  </connections>
  <connections type="routesTo" sourceAnchorX="0.6702702702702703" sourceAnchorY="1.0" targetAnchorX="0.10126582278481013" targetAnchorY="0.4864864864864865">
    <source href="assembly.xml#PagetGetResponse"/>
    <target href="assembly.xml#CallProcImportMsgs"/>
  </connections>
  <connections type="routesTo" sourceAnchorX="0.6423841059602649" sourceAnchorY="1.0" targetAnchorX="0.5868544600938967" targetAnchorY="0.5405405405405406">
    <source href="assembly.xml#//@beans/@mixed.1/@mixed.155/@mixed.3"/>
    <target href="assembly.xml#PIMSplit"/>
  </connections>
  <connections type="routesTo" sourceAnchorX="1.0" sourceAnchorY="0.25203252032520324" targetAnchorX="0.5555555555555556" targetAnchorY="0.4846153846153846">
    <source href="assembly.xml#NoMessageinSplit"/>
    <target href="assembly.xml#Splitter0"/>
  </connections>
  <connections type="routesTo" sourceAnchorX="0.9521276595744681" sourceAnchorY="1.0" targetAnchorX="0.3860759493670886" targetAnchorY="0.43902439024390244">
    <source href="assembly.xml#ProcessImportMsgs"/>
    <target href="assembly.xml#NoMessageinSplit"/>
  </connections>
  <connections type="routesTo" sourceAnchorX="0.8365384615384616" sourceAnchorY="1.0" targetAnchorX="0.3227848101265823" targetAnchorY="0.28125">
    <source href="assembly.xml#//@beans/@mixed.1/@splitter.1/@subRoute.0"/>
    <target href="assembly.xml#Maps"/>
  </connections>
  <connections type="routesTo" sourceAnchorX="0.5033112582781457" sourceAnchorY="1.0" targetAnchorX="0.48826291079812206" targetAnchorY="0.4594594594594595">
    <source href="assembly.xml#//@beans/@mixed.1/@mixed.161/@mixed.3"/>
    <target href="assembly.xml#PIMImportMsg"/>
  </connections>
  <connections type="routesResponseTo" sourceAnchorX="0.6842105263157895" sourceAnchorY="1.0" targetAnchorX="0.33544303797468356" targetAnchorY="0.4864864864864865">
    <source href="assembly.xml#CallRetrieveDocs"/>
    <target href="assembly.xml#CallProcessAuditFile"/>
  </connections>
  <connections type="routesTo" sourceAnchorX="0.7844311377245509" sourceAnchorY="1.0" targetAnchorX="0.3418803418803419" targetAnchorY="0.3475609756097561">
    <source href="assembly.xml#ProcessAuditFile"/>
    <target href="assembly.xml#GetAuditXML"/>
  </connections>
  <connections type="routesTo" sourceAnchorX="0.7884615384615384" sourceAnchorY="1.0" targetAnchorX="0.03164556962025317" targetAnchorY="0.3804347826086957">
    <source href="assembly.xml#//@beans/@mixed.1/@route.1/@subRoute.0"/>
    <target href="assembly.xml#AsyncMediation11"/>
  </connections>
  <connections type="routesTo" sourceAnchorX="0.5364238410596026" sourceAnchorY="1.0" targetAnchorX="0.5117370892018779" targetAnchorY="0.6216216216216216">
    <source href="assembly.xml#//@beans/@mixed.1/@mixed.171/@mixed.3"/>
    <target href="assembly.xml#PIMProcessAudit"/>
  </connections>
  <connections type="routesTo" sourceAnchorX="1.0" sourceAnchorY="0.12598425196850394" targetAnchorX="0.13675213675213677" targetAnchorY="0.4024390243902439">
    <source href="assembly.xml#AsyncMediation11"/>
    <target href="assembly.xml#Splitter1"/>
  </connections>
  <connections type="routesTo" sourceAnchorX="0.5288461538461539" sourceAnchorY="1.0" targetAnchorX="0.11949685534591195" targetAnchorY="0.4791666666666667">
    <source href="assembly.xml#//@beans/@mixed.1/@splitter.2/@subRoute.0"/>
    <target href="assembly.xml#AsyncMediation12"/>
  </connections>
  <connections type="routesTo" sourceAnchorX="1.0" sourceAnchorY="0.28125" targetAnchorX="0.3230769230769231" targetAnchorY="0.32075471698113206">
    <source href="assembly.xml#AsyncMediation12"/>
    <target href="assembly.xml#AggFinalAudit"/>
  </connections>
  <connections type="routesTo" sourceAnchorX="0.4426229508196721" sourceAnchorY="1.0" targetAnchorX="0.20187793427230047" targetAnchorY="0.2702702702702703">
    <source href="assembly.xml#AuditError"/>
    <target href="assembly.xml#PutIntegrationMessage1"/>
  </connections>
  <connections type="routesTo" sourceAnchorX="1.0" sourceAnchorY="0.20754716981132076" targetAnchorX="0.27672955974842767" targetAnchorY="0.6770833333333334">
    <source href="assembly.xml#AggFinalAudit"/>
    <target href="assembly.xml#AsyncMediation13"/>
  </connections>
  <connections type="routesTo" sourceAnchorX="0.618421052631579" sourceAnchorY="1.0" targetAnchorX="0.5868544600938967" targetAnchorY="0.2702702702702703">
    <source href="assembly.xml#//@beans/@mixed.1/@mixed.181/@mixed.3"/>
    <target href="assembly.xml#PIMAuditsave"/>
  </connections>
  <connections type="routesTo" sourceAnchorX="0.4868421052631579" sourceAnchorY="1.0" targetAnchorX="0.48826291079812206" targetAnchorY="0.7027027027027027">
    <source href="assembly.xml#//@beans/@mixed.1/@mixed.177/@mixed.3"/>
    <target href="assembly.xml#PIMAuditWrite"/>
  </connections>
  <connections type="routesTo" sourceAnchorX="0.8269230769230769" sourceAnchorY="1.0" targetAnchorX="0.054187192118226604" targetAnchorY="0.3854166666666667">
    <source href="assembly.xml#//@beans/@mixed.1/@splitter.3/@subRoute.0"/>
    <target href="assembly.xml#AsyncMediation10"/>
  </connections>
  <connections type="routesTo" sourceAnchorX="1.0" sourceAnchorY="0.16666666666666666" targetAnchorX="0.3504273504273504" targetAnchorY="0.4451219512195122">
    <source href="assembly.xml#AsyncMediation14"/>
    <target href="assembly.xml#Splitter2"/>
  </connections>
  <connections type="routesTo" sourceAnchorX="0.6111111111111112" sourceAnchorY="1.0" targetAnchorX="0.5633802816901409" targetAnchorY="0.4864864864864865">
    <source href="assembly.xml#//@beans/@mixed.1/@mixed.91/@mixed.3"/>
    <target href="assembly.xml#PIMGetSubmitInput"/>
  </connections>
  <connections type="routesResponseTo" sourceAnchorX="0.7435897435897436" sourceAnchorY="1.0" targetAnchorX="0.0967741935483871" targetAnchorY="0.32432432432432434">
    <source href="assembly.xml#CallGetSubmitPayroll"/>
    <target href="assembly.xml#CallValidateFile"/>
  </connections>
  <connections type="routesResponseTo" sourceAnchorX="0.5483870967741935" sourceAnchorY="1.0" targetAnchorX="0.13793103448275862" targetAnchorY="0.43243243243243246">
    <source href="assembly.xml#CallValidateFile"/>
    <target href="assembly.xml#CallCloseAgg"/>
  </connections>
  <swimlanes x="132" y="91" font="Arial|9|3" bgColor="8454143" fontColor="1" name="Main Section" alignment="MIDDLE">
    <elements href="assembly.xml#StartHere"/>
    <elements href="#//@swimlanes.3"/>
    <elements href="assembly.xml#CallFileRetrieval"/>
    <elements href="assembly.xml#CallGetWorker"/>
    <elements href="assembly.xml#CallGetSubmitPayroll"/>
    <elements href="assembly.xml#CallValidateFile"/>
    <elements href="assembly.xml#CallCloseAgg"/>
    <elements href="assembly.xml#CallCloseBatchAgg"/>
    <elements href="assembly.xml#CallCloseAggAudit"/>
  </swimlanes>
  <swimlanes x="133" y="117" font="Arial|9|3" bgColor="12632256" fontColor="1" name="Outline" orientation="VERTICAL" elements="//@swimlanes.0 //@swimlanes.2 //@swimlanes.5 //@swimlanes.8 //@swimlanes.19 //@swimlanes.11 //@swimlanes.14 //@swimlanes.10 //@swimlanes.24 //@swimlanes.26"/>
  <swimlanes x="231" y="239" font="Arial|9|3" bgColor="16744703" fontColor="1" name="File Retrieval" alignment="MIDDLE">
    <elements href="assembly.xml#FileRetrieval"/>
    <elements href="#//@swimlanes.4"/>
  </swimlanes>
  <swimlanes x="252" y="216" font="Arial|9|3" fontColor="1" name="Initialization" orientation="VERTICAL" alignment="MIDDLE">
    <elements href="assembly.xml#Init"/>
    <elements href="assembly.xml#PIMInit"/>
  </swimlanes>
  <swimlanes x="261" y="559" bgColor="33023" name="Swimlane" orientation="VERTICAL" alignment="MIDDLE">
    <elements href="assembly.xml#AsyncMediation"/>
    <elements href="assembly.xml#PIMFileRetrieval"/>
  </swimlanes>
  <swimlanes x="810" y="762" font="Arial|9|3" bgColor="8421631" fontColor="1" name="GetWorker" alignment="MIDDLE">
    <elements href="assembly.xml#GetWorker"/>
    <elements href="#//@swimlanes.6"/>
    <elements href="assembly.xml#PagedGet"/>
    <elements href="#//@swimlanes.7"/>
  </swimlanes>
  <swimlanes x="256" y="881" name="Swimlane" orientation="VERTICAL" alignment="MIDDLE">
    <elements href="assembly.xml#PrepareWS"/>
    <elements href="assembly.xml#PutIntegrationMessage"/>
  </swimlanes>
  <swimlanes x="672" y="985" name="Swimlane" orientation="VERTICAL" alignment="MIDDLE">
    <elements href="assembly.xml#ValidandInvalidIds"/>
    <elements href="assembly.xml#PIMValidandInvalidIds"/>
  </swimlanes>
  <swimlanes x="987" y="1049" font="Arial|9|3" bgColor="32896" fontColor="1" name="ValidateFile" alignment="MIDDLE">
    <elements href="assembly.xml#ValidateFile"/>
    <elements href="assembly.xml#AsyncMediation0"/>
    <elements href="assembly.xml#Splitter"/>
    <elements href="#//@swimlanes.9"/>
    <elements href="assembly.xml#CallPrepareImportPayroll"/>
  </swimlanes>
  <swimlanes x="587" y="1257" name="Swimlane" orientation="VERTICAL" alignment="MIDDLE">
    <elements href="assembly.xml#AsyncMediation1"/>
    <elements href="assembly.xml#CallErrorLog"/>
  </swimlanes>
  <swimlanes x="950" y="1420" font="Arial|9|3" bgColor="32896" fontColor="1" name="Generate Audit Log" alignment="MIDDLE">
    <elements href="assembly.xml#Auditlog"/>
    <elements href="#//@swimlanes.16"/>
    <elements href="#//@swimlanes.17"/>
    <elements href="#//@swimlanes.18"/>
    <elements href="assembly.xml#PostAuditFile"/>
  </swimlanes>
  <swimlanes x="115" y="1482" font="Arial|9|3" bgColor="12615808" fontColor="1" name="PrepareImportPayroll" alignment="MIDDLE">
    <elements href="assembly.xml#PrepareImportPayroll"/>
    <elements href="#//@swimlanes.13"/>
    <elements href="#//@swimlanes.21"/>
    <elements href="#//@swimlanes.22"/>
    <elements href="assembly.xml#CallReleaseBatch"/>
  </swimlanes>
  <swimlanes x="515" y="1595" name="Swimlane" orientation="VERTICAL">
    <elements href="assembly.xml#CloseAgg"/>
    <elements href="assembly.xml#Aggregator"/>
  </swimlanes>
  <swimlanes x="335" y="1657" name="Swimlane" orientation="VERTICAL">
    <elements href="assembly.xml#AsyncMediation2"/>
    <elements href="assembly.xml#PIMXSLTTransform"/>
  </swimlanes>
  <swimlanes x="330" y="1847" font="Arial|9|3" bgColor="65535" fontColor="1" name="Release Batch" alignment="MIDDLE">
    <elements href="assembly.xml#ReleaseBatch"/>
    <elements href="#//@swimlanes.15"/>
    <elements href="assembly.xml#WorkdayOutSoap"/>
    <elements href="assembly.xml#AsyncMediation6"/>
    <elements href="#//@swimlanes.23"/>
    <elements href="assembly.xml#AsyncMediation9"/>
    <elements href="assembly.xml#PostBatchAuditFile"/>
  </swimlanes>
  <swimlanes x="362" y="2046" name="Swimlane" orientation="VERTICAL" alignment="MIDDLE">
    <elements href="assembly.xml#AsyncMediation5"/>
    <elements href="assembly.xml#PIMBatchCall"/>
  </swimlanes>
  <swimlanes x="316" y="2402" name="Swimlane" orientation="VERTICAL" alignment="MIDDLE">
    <elements href="assembly.xml#AsyncMediation3"/>
    <elements href="assembly.xml#PIMErrorLog"/>
  </swimlanes>
  <swimlanes x="545" y="2448" name="Swimlane" orientation="VERTICAL" alignment="MIDDLE">
    <elements href="assembly.xml#CloseAuditAgg"/>
    <elements href="assembly.xml#AuditAggregator"/>
  </swimlanes>
  <swimlanes x="780" y="2425" name="Swimlane" orientation="VERTICAL" alignment="MIDDLE">
    <elements href="assembly.xml#AsyncMediation7"/>
    <elements href="assembly.xml#PIMatStore"/>
  </swimlanes>
  <swimlanes x="220" y="1484" font="Arial|9|3" bgColor="16776960" fontColor="1" name="GetSubmitInput" alignment="MIDDLE">
    <elements href="assembly.xml#GetSubmitInput"/>
    <elements href="#//@swimlanes.20"/>
    <elements href="assembly.xml#PagedGetSubmitPayrol"/>
    <elements href="#//@swimlanes.42"/>
  </swimlanes>
  <swimlanes x="367" y="1571" name="Swimlane" orientation="VERTICAL" alignment="MIDDLE">
    <elements href="assembly.xml#AsyncMediation4"/>
    <elements href="assembly.xml#PIMGetSubmit"/>
  </swimlanes>
  <swimlanes x="638" y="1965" name="Swimlane">
    <elements href="assembly.xml#CallAggRequest"/>
    <elements href="assembly.xml#CallAuditLineSuccess"/>
  </swimlanes>
  <swimlanes x="861" y="1978" name="Swimlane" alignment="MIDDLE">
    <elements href="assembly.xml#AggRequest"/>
    <elements href="#//@swimlanes.12"/>
  </swimlanes>
  <swimlanes x="1051" y="2346" name="Swimlane" orientation="VERTICAL" alignment="MIDDLE">
    <elements href="assembly.xml#CloseAggBatch"/>
    <elements href="assembly.xml#BatchAgg"/>
  </swimlanes>
  <swimlanes x="-41" y="3035" font="Arial|9|3" fontColor="1" name="Global Error Handler">
    <elements href="assembly.xml#//@beans/@mixed.1/@mixed.113"/>
    <elements href="assembly.xml#Note-Error"/>
  </swimlanes>
  <swimlanes x="102" y="3031" font="Arial|9|3" bgColor="8454143" fontColor="1" name="Audit Report" alignment="MIDDLE">
    <elements href="assembly.xml#Start-Audit"/>
    <elements href="assembly.xml#CallAuditInit"/>
    <elements href="assembly.xml#CallRetrieveDocs"/>
    <elements href="assembly.xml#CallProcessAuditFile"/>
  </swimlanes>
  <swimlanes x="-41" y="2909" font="Arial|9|3" bgColor="12632256" fontColor="1" name="Audit Outline" orientation="VERTICAL" elements="//@swimlanes.25 //@swimlanes.27 //@swimlanes.29 //@swimlanes.32 //@swimlanes.33 //@swimlanes.36 //@swimlanes.30"/>
  <swimlanes x="139" y="3148" font="Arial|9|3" bgColor="16744703" fontColor="1" name="Retrieve Attributes" alignment="MIDDLE">
    <elements href="assembly.xml#AuditInit"/>
    <elements href="#//@swimlanes.28"/>
    <elements href="assembly.xml#Getintsys"/>
    <elements href="assembly.xml#SaveHash"/>
  </swimlanes>
  <swimlanes x="124" y="3247" name="Swimlane" orientation="VERTICAL" alignment="MIDDLE">
    <elements href="assembly.xml#GetintsysWWS"/>
    <elements href="assembly.xml#CallAuditError"/>
  </swimlanes>
  <swimlanes x="67" y="3505" bgColor="16744576" name="Swimlane" alignment="MIDDLE">
    <elements href="assembly.xml#RetrieveDocument"/>
    <elements href="#//@swimlanes.31"/>
    <elements href="assembly.xml#GetEventDocuments"/>
    <elements href="assembly.xml#Route"/>
    <elements href="#//@swimlanes.41"/>
    <elements href="assembly.xml#Splitter2"/>
    <elements href="assembly.xml#AsyncMediation10"/>
    <elements href="assembly.xml#CallPagedGetResponse"/>
  </swimlanes>
  <swimlanes x="37" y="3690" bgColor="255" name="Audit Error">
    <elements href="assembly.xml#AuditError"/>
    <elements href="assembly.xml#PutIntegrationMessage1"/>
  </swimlanes>
  <swimlanes x="184" y="3616" name="Swimlane" orientation="VERTICAL" alignment="MIDDLE">
    <elements href="assembly.xml#DebugWID"/>
    <elements href="assembly.xml#CallAuditErrorRetrieve"/>
  </swimlanes>
  <swimlanes x="-18" y="3853" bgColor="8421631" name="Swimlane">
    <elements href="assembly.xml#PagetGetResponse"/>
    <elements href="assembly.xml#CallProcImportMsgs"/>
  </swimlanes>
  <swimlanes x="-40" y="3968" bgColor="16776960" name="Swimlane" alignment="MIDDLE">
    <elements href="assembly.xml#ProcessImportMsgs"/>
    <elements href="#//@swimlanes.34"/>
    <elements href="assembly.xml#Splitter0"/>
    <elements href="#//@swimlanes.35"/>
  </swimlanes>
  <swimlanes x="180" y="4061" name="Swimlane" orientation="VERTICAL" alignment="MIDDLE">
    <elements href="assembly.xml#NoMessageinSplit"/>
    <elements href="assembly.xml#PIMSplit"/>
  </swimlanes>
  <swimlanes x="621" y="4137" name="Swimlane" orientation="VERTICAL" alignment="MIDDLE">
    <elements href="assembly.xml#Maps"/>
    <elements href="assembly.xml#PIMImportMsg"/>
  </swimlanes>
  <swimlanes x="-4" y="4306" bgColor="65535" name="Swimlane" alignment="MIDDLE">
    <elements href="assembly.xml#ProcessAuditFile"/>
    <elements href="assembly.xml#GetAuditXML"/>
    <elements href="#//@swimlanes.37"/>
    <elements href="#//@swimlanes.38"/>
    <elements href="#//@swimlanes.40"/>
    <elements href="assembly.xml#AggFinalAudit"/>
    <elements href="#//@swimlanes.39"/>
  </swimlanes>
  <swimlanes x="311" y="4450" name="Swimlane" orientation="VERTICAL" alignment="MIDDLE">
    <elements href="assembly.xml#AsyncMediation11"/>
    <elements href="assembly.xml#PIMProcessAudit"/>
  </swimlanes>
  <swimlanes x="541" y="4527" name="Swimlane">
    <elements href="assembly.xml#Splitter1"/>
  </swimlanes>
  <swimlanes x="1074" y="4514" name="Swimlane" orientation="VERTICAL" alignment="MIDDLE">
    <elements href="assembly.xml#AsyncMediation13"/>
    <elements href="assembly.xml#PIMAuditsave"/>
  </swimlanes>
  <swimlanes x="742" y="4465" name="Swimlane" orientation="VERTICAL" alignment="MIDDLE">
    <elements href="assembly.xml#AsyncMediation12"/>
    <elements href="assembly.xml#PIMAuditWrite"/>
  </swimlanes>
  <swimlanes x="803" y="3723" name="Swimlane">
    <elements href="assembly.xml#AsyncMediation14"/>
  </swimlanes>
  <swimlanes x="779" y="1684" name="Swimlane" orientation="VERTICAL" alignment="MIDDLE">
    <elements href="assembly.xml#AsyncMediation8"/>
    <elements href="assembly.xml#PIMGetSubmitInput"/>
  </swimlanes>
</wdnm:Diagram>
