<?xml version="1.0" encoding="UTF-8"?>
<wdnm:Diagram xmlns:wdnm="http://workday.com/studio/editors/notation">
  <element href="assembly.xml#WorkdayAssembly"/>
  <visualProperties x="139" y="122">
    <element href="assembly.xml#StartHere"/>
  </visualProperties>
  <visualProperties x="243" y="117">
    <element href="assembly.xml#AS1"/>
  </visualProperties>
  <visualProperties x="283" y="140">
    <element href="assembly.xml#PIM1"/>
  </visualProperties>
  <visualProperties x="482" y="158">
    <element href="assembly.xml#AS2"/>
  </visualProperties>
  <visualProperties x="158" y="508">
    <element href="assembly.xml#//@beans/@mixed.1/@mixed.9"/>
  </visualProperties>
  <visualProperties x="463" y="508">
    <element href="assembly.xml#Note-Error"/>
  </visualProperties>
  <visualProperties x="635" y="164">
    <element href="assembly.xml#Call-RetrieveFile"/>
  </visualProperties>
  <visualProperties x="185" y="498">
    <element href="assembly.xml#RetrieveFile"/>
  </visualProperties>
  <visualProperties x="287" y="575">
    <element href="assembly.xml#GetEventDocuments"/>
  </visualProperties>
  <visualProperties x="509" y="595">
    <element href="assembly.xml#AS5"/>
  </visualProperties>
  <visualProperties x="562" y="593">
    <element href="assembly.xml#PIM3"/>
  </visualProperties>
  <visualProperties x="766" y="627">
    <element href="assembly.xml#AS6"/>
  </visualProperties>
  <visualProperties x="812" y="322">
    <element href="assembly.xml#Call-ProcessInvoices"/>
  </visualProperties>
  <visualProperties x="168" y="960">
    <element href="assembly.xml#ProcessInvoices"/>
  </visualProperties>
  <visualProperties x="324" y="1031">
    <element href="assembly.xml#AS7"/>
  </visualProperties>
  <visualProperties x="308" y="759">
    <element href="assembly.xml#AS3"/>
  </visualProperties>
  <visualProperties x="471" y="752">
    <element href="assembly.xml#AS4"/>
  </visualProperties>
  <visualProperties x="440" y="798">
    <element href="assembly.xml#PIM2"/>
  </visualProperties>
  <visualProperties x="480" y="1062">
    <element href="assembly.xml#PIM4"/>
  </visualProperties>
  <visualProperties x="699" y="1090">
    <element href="assembly.xml#AS8"/>
  </visualProperties>
  <visualProperties x="691" y="1127">
    <element href="assembly.xml#LoopInvoice"/>
  </visualProperties>
  <visualProperties x="829" y="1126">
    <element href="assembly.xml#AS9"/>
  </visualProperties>
  <visualProperties x="1024" y="1076">
    <element href="assembly.xml#Call-GetAttachments"/>
  </visualProperties>
  <visualProperties x="165" y="1466">
    <element href="assembly.xml#GetAttachments"/>
  </visualProperties>
  <visualProperties x="290" y="1458">
    <element href="assembly.xml#AS10"/>
  </visualProperties>
  <visualProperties x="472" y="1520">
    <element href="assembly.xml#LoopAttachment"/>
  </visualProperties>
  <visualProperties x="616" y="1514">
    <element href="assembly.xml#AS11"/>
  </visualProperties>
  <visualProperties x="945" y="1569">
    <element href="assembly.xml#Aggregator"/>
  </visualProperties>
  <visualProperties x="1238" y="1052">
    <element href="assembly.xml#Call-MergeInvAttachments"/>
  </visualProperties>
  <visualProperties x="211" y="1648">
    <element href="assembly.xml#MergeInvAttachments"/>
  </visualProperties>
  <visualProperties x="360" y="1731">
    <element href="assembly.xml#AS12"/>
  </visualProperties>
  <visualProperties x="548" y="1764">
    <element href="assembly.xml#Route"/>
  </visualProperties>
  <visualProperties x="847" y="1816">
    <element href="assembly.xml#Aggregator0"/>
  </visualProperties>
  <visualProperties x="791" y="1815">
    <element href="assembly.xml#AS13"/>
  </visualProperties>
  <visualProperties x="785" y="1971">
    <element href="assembly.xml#AS14"/>
  </visualProperties>
  <visualProperties x="1527" y="1233">
    <element href="assembly.xml#Call-ProcessInv"/>
  </visualProperties>
  <visualProperties x="164" y="2202">
    <element href="assembly.xml#ProcessInv"/>
  </visualProperties>
  <visualProperties x="293" y="2215">
    <element href="assembly.xml#AS15"/>
  </visualProperties>
  <visualProperties x="575" y="2263">
    <element href="assembly.xml#SubmitCustomerInvoice"/>
  </visualProperties>
  <visualProperties x="774" y="2234">
    <element href="assembly.xml#AS17"/>
  </visualProperties>
  <visualProperties x="904" y="1202">
    <element href="assembly.xml#Call-Audit1"/>
  </visualProperties>
  <visualProperties x="337" y="1533">
    <element href="assembly.xml#Call-Audit2"/>
  </visualProperties>
  <visualProperties x="851" y="1588">
    <element href="assembly.xml#Call-Audit3"/>
  </visualProperties>
  <visualProperties x="373" y="1932">
    <element href="assembly.xml#Call-Audit4"/>
  </visualProperties>
  <visualProperties x="309" y="2242">
    <element href="assembly.xml#Call-Audit5"/>
  </visualProperties>
  <visualProperties x="1162" y="2239">
    <element href="assembly.xml#Call-Audit6"/>
  </visualProperties>
  <visualProperties x="176" y="2629">
    <element href="assembly.xml#Audit"/>
  </visualProperties>
  <visualProperties x="247" y="2640">
    <element href="assembly.xml#AS18"/>
  </visualProperties>
  <visualProperties x="442" y="2703">
    <element href="assembly.xml#Aggregator1"/>
  </visualProperties>
  <visualProperties x="637" y="2669">
    <element href="assembly.xml#AS19"/>
  </visualProperties>
  <visualProperties x="408" y="2469">
    <element href="assembly.xml#AS16"/>
  </visualProperties>
  <visualProperties x="1034" y="268">
    <element href="assembly.xml#Call-StopAuditAgg"/>
  </visualProperties>
  <visualProperties x="442" y="2725">
    <element href="assembly.xml#StopAuditAgg"/>
  </visualProperties>
  <visualProperties x="1231" y="329">
    <element href="assembly.xml#ERROR"/>
  </visualProperties>
  <visualProperties x="1256" y="335">
    <element href="assembly.xml#SUCCESS"/>
  </visualProperties>
  <connections type="routesTo" sourceAnchorX="0.5126050420168067" sourceAnchorY="1.0" targetAnchorX="0.40559440559440557" targetAnchorY="0.31521739130434784">
    <source href="assembly.xml#StartHere"/>
    <target href="assembly.xml#AS1"/>
  </connections>
  <connections type="routesResponseTo" sourceAnchorX="0.36097560975609755" sourceAnchorY="1.0" targetAnchorX="0.7549668874172185" targetAnchorY="0.17391304347826086">
    <source href="assembly.xml#PIM1"/>
    <target href="assembly.xml#AS2"/>
  </connections>
  <connections type="routesTo" sourceAnchorX="0.17647058823529413" sourceAnchorY="1.0" targetAnchorX="0.25365853658536586" targetAnchorY="0.24324324324324326">
    <source href="assembly.xml#//@beans/@mixed.1/@mixed.3/@mixed.3"/>
    <target href="assembly.xml#PIM1"/>
  </connections>
  <connections type="routesTo" sourceAnchorX="0.9669421487603306" sourceAnchorY="0.43243243243243246" targetAnchorX="0.06060606060606061" targetAnchorY="0.3783783783783784">
    <source href="assembly.xml#//@beans/@mixed.1/@mixed.9"/>
    <target href="assembly.xml#Note-Error"/>
  </connections>
  <connections type="routesTo" sourceAnchorX="1.0" sourceAnchorY="0.18699186991869918" targetAnchorX="0.16455696202531644" targetAnchorY="0.4864864864864865">
    <source href="assembly.xml#AS1"/>
    <target href="assembly.xml#Call-RetrieveFile"/>
  </connections>
  <connections type="routesResponseTo" sourceAnchorX="0.8549222797927462" sourceAnchorY="1.0" targetAnchorX="0.2847682119205298" targetAnchorY="0.5108695652173914">
    <source href="assembly.xml#GetEventDocuments"/>
    <target href="assembly.xml#AS5"/>
  </connections>
  <connections type="routesResponseTo" sourceAnchorX="0.751219512195122" sourceAnchorY="1.0" targetAnchorX="0.2052980132450331" targetAnchorY="0.30434782608695654">
    <source href="assembly.xml#PIM3"/>
    <target href="assembly.xml#AS6"/>
  </connections>
  <connections type="routesTo" sourceAnchorX="0.22727272727272727" sourceAnchorY="1.0" targetAnchorX="0.33707865168539325" targetAnchorY="0.4864864864864865">
    <source href="assembly.xml#//@beans/@mixed.1/@mixed.19/@mixed.3"/>
    <target href="assembly.xml#PIM3"/>
  </connections>
  <connections type="routesResponseTo" sourceAnchorX="0.75" sourceAnchorY="1.0" targetAnchorX="0.18354430379746836" targetAnchorY="0.4594594594594595">
    <source href="assembly.xml#Call-RetrieveFile"/>
    <target href="assembly.xml#Call-ProcessInvoices"/>
  </connections>
  <connections type="routesTo" sourceAnchorX="0.8666666666666667" sourceAnchorY="1.0" targetAnchorX="0.33774834437086093" targetAnchorY="0.391304347826087">
    <source href="assembly.xml#ProcessInvoices"/>
    <target href="assembly.xml#AS7"/>
  </connections>
  <connections type="routesTo" sourceAnchorX="0.8582089552238806" sourceAnchorY="1.0" targetAnchorX="0.271523178807947" targetAnchorY="0.391304347826087">
    <source href="assembly.xml#RetrieveFile"/>
    <target href="assembly.xml#AS3"/>
  </connections>
  <connections type="routesResponseTo" sourceAnchorX="0.6682926829268293" sourceAnchorY="1.0" targetAnchorX="0.10596026490066225" targetAnchorY="0.25">
    <source href="assembly.xml#PIM2"/>
    <target href="assembly.xml#AS4"/>
  </connections>
  <connections type="routesResponseTo" sourceAnchorX="0.784037558685446" sourceAnchorY="1.0" targetAnchorX="0.2980132450331126" targetAnchorY="0.4782608695652174">
    <source href="assembly.xml#PIM4"/>
    <target href="assembly.xml#AS8"/>
  </connections>
  <connections type="routesTo" sourceAnchorX="0.22916666666666666" sourceAnchorY="1.0" targetAnchorX="0.18048780487804877" targetAnchorY="0.13513513513513514">
    <source href="assembly.xml#//@beans/@mixed.1/@mixed.31/@mixed.3"/>
    <target href="assembly.xml#PIM2"/>
  </connections>
  <connections type="routesTo" sourceAnchorX="1.0" sourceAnchorY="0.2682926829268293" targetAnchorX="0.31088082901554404" targetAnchorY="0.8378378378378378">
    <source href="assembly.xml#AS3"/>
    <target href="assembly.xml#GetEventDocuments"/>
  </connections>
  <connections type="routesTo" sourceAnchorX="0.5833333333333334" sourceAnchorY="1.0" targetAnchorX="0.38028169014084506" targetAnchorY="0.8648648648648649">
    <source href="assembly.xml#//@beans/@mixed.1/@mixed.29/@mixed.3"/>
    <target href="assembly.xml#PIM4"/>
  </connections>
  <connections type="routesTo" sourceAnchorX="1.0" sourceAnchorY="0.16260162601626016" targetAnchorX="0.36752136752136755" targetAnchorY="0.5230769230769231">
    <source href="assembly.xml#AS7"/>
    <target href="assembly.xml#LoopInvoice"/>
  </connections>
  <connections type="routesTo" sourceAnchorX="1.0" sourceAnchorY="0.5588235294117647" targetAnchorX="0.2582781456953642" targetAnchorY="0.75">
    <source href="assembly.xml#//@beans/@mixed.1/@mixed.41/@subRoute.0"/>
    <target href="assembly.xml#AS9"/>
  </connections>
  <connections type="routesTo" sourceAnchorX="1.0" sourceAnchorY="0.3958333333333333" targetAnchorX="0.3291139240506329" targetAnchorY="0.4864864864864865">
    <source href="assembly.xml#AS9"/>
    <target href="assembly.xml#Call-GetAttachments"/>
  </connections>
  <connections type="routesTo" sourceAnchorX="0.8270676691729323" sourceAnchorY="1.0" targetAnchorX="0.3841059602649007" targetAnchorY="0.3804347826086957">
    <source href="assembly.xml#GetAttachments"/>
    <target href="assembly.xml#AS10"/>
  </connections>
  <connections type="routesTo" sourceAnchorX="1.0" sourceAnchorY="0.2608695652173913" targetAnchorX="0.3162393162393162" targetAnchorY="0.29878048780487804">
    <source href="assembly.xml#AS10"/>
    <target href="assembly.xml#LoopAttachment"/>
  </connections>
  <connections type="routesTo" sourceAnchorX="1.0" sourceAnchorY="0.6764705882352942" targetAnchorX="0.304635761589404" targetAnchorY="0.5543478260869565">
    <source href="assembly.xml#//@beans/@mixed.1/@mixed.51/@subRoute.0"/>
    <target href="assembly.xml#AS11"/>
  </connections>
  <connections type="routesTo" sourceAnchorX="1.0" sourceAnchorY="0.2708333333333333" targetAnchorX="0.34513274336283184" targetAnchorY="0.3783783783783784">
    <source href="assembly.xml#AS11"/>
    <target href="assembly.xml#Aggregator"/>
  </connections>
  <connections type="routesResponseTo" sourceAnchorX="0.6770833333333334" sourceAnchorY="1.0" targetAnchorX="0.17088607594936708" targetAnchorY="0.4864864864864865">
    <source href="assembly.xml#Call-GetAttachments"/>
    <target href="assembly.xml#Call-MergeInvAttachments"/>
  </connections>
  <connections type="routesTo" sourceAnchorX="0.8578680203045685" sourceAnchorY="1.0" targetAnchorX="0.31446540880503143" targetAnchorY="0.32608695652173914">
    <source href="assembly.xml#MergeInvAttachments"/>
    <target href="assembly.xml#AS12"/>
  </connections>
  <connections type="routesTo" sourceAnchorX="1.0" sourceAnchorY="0.16304347826086957" targetAnchorX="0.2222222222222222" targetAnchorY="0.2994011976047904">
    <source href="assembly.xml#AS12"/>
    <target href="assembly.xml#Route"/>
  </connections>
  <connections type="routesTo" sourceAnchorX="0.6730769230769231" sourceAnchorY="1.0" targetAnchorX="0.18354430379746836" targetAnchorY="0.6086956521739131">
    <source href="assembly.xml#//@beans/@mixed.1/@mixed.63/@subRoute.0"/>
    <target href="assembly.xml#AS13"/>
  </connections>
  <connections type="routesTo" sourceAnchorX="0.9807692307692307" sourceAnchorY="1.0" targetAnchorX="0.31446540880503143" targetAnchorY="0.40217391304347827">
    <source href="assembly.xml#//@beans/@mixed.1/@mixed.63/@subRoute.1"/>
    <target href="assembly.xml#AS14"/>
  </connections>
  <connections type="routesTo" sourceAnchorX="1.0" sourceAnchorY="0.1875" targetAnchorX="0.2471264367816092" targetAnchorY="0.5660377358490566">
    <source href="assembly.xml#AS13"/>
    <target href="assembly.xml#Aggregator0"/>
  </connections>
  <connections type="routesTo" sourceAnchorX="1.0" sourceAnchorY="0.23958333333333334" targetAnchorX="0.1781609195402299" targetAnchorY="0.839622641509434">
    <source href="assembly.xml#AS14"/>
    <target href="assembly.xml#Aggregator0"/>
  </connections>
  <connections type="routesResponseTo" sourceAnchorX="0.6960352422907489" sourceAnchorY="1.0" targetAnchorX="0.03164556962025317" targetAnchorY="0.7567567567567568">
    <source href="assembly.xml#Call-MergeInvAttachments"/>
    <target href="assembly.xml#Call-ProcessInv"/>
  </connections>
  <connections type="routesTo" sourceAnchorX="0.8153846153846154" sourceAnchorY="1.0" targetAnchorX="0.2641509433962264" targetAnchorY="0.42391304347826086">
    <source href="assembly.xml#ProcessInv"/>
    <target href="assembly.xml#AS15"/>
  </connections>
  <connections type="routesTo" sourceAnchorX="1.0" sourceAnchorY="0.375" targetAnchorX="0.3063583815028902" targetAnchorY="0.6756756756756757">
    <source href="assembly.xml#AS15"/>
    <target href="assembly.xml#SubmitCustomerInvoice"/>
  </connections>
  <connections type="routesResponseTo" sourceAnchorX="0.5838150289017341" sourceAnchorY="1.0" targetAnchorX="0.1320754716981132" targetAnchorY="0.3695652173913043">
    <source href="assembly.xml#SubmitCustomerInvoice"/>
    <target href="assembly.xml#AS17"/>
  </connections>
  <connections type="routesTo" sourceAnchorX="0.18226600985221675" sourceAnchorY="1.0" targetAnchorX="0.41139240506329117" targetAnchorY="0.35135135135135137">
    <source href="assembly.xml#//@beans/@mixed.1/@mixed.43/@mixed.3"/>
    <target href="assembly.xml#Call-Audit1"/>
  </connections>
  <connections type="routesTo" sourceAnchorX="0.4375" sourceAnchorY="1.0" targetAnchorX="0.5421686746987951" targetAnchorY="0.08108108108108109">
    <source href="assembly.xml#//@beans/@mixed.1/@mixed.49/@mixed.3"/>
    <target href="assembly.xml#Call-Audit2"/>
  </connections>
  <connections type="routesTo" sourceAnchorX="0.0657439446366782" sourceAnchorY="1.0" targetAnchorX="0.3433734939759036" targetAnchorY="0.7297297297297297">
    <source href="assembly.xml#//@beans/@mixed.1/@mixed.53/@mixed.3"/>
    <target href="assembly.xml#Call-Audit3"/>
  </connections>
  <connections type="routesTo" sourceAnchorX="0.28289473684210525" sourceAnchorY="1.0" targetAnchorX="0.37349397590361444" targetAnchorY="0.4864864864864865">
    <source href="assembly.xml#//@beans/@mixed.1/@mixed.61/@mixed.3"/>
    <target href="assembly.xml#Call-Audit4"/>
  </connections>
  <connections type="routesTo" sourceAnchorX="1.0" sourceAnchorY="0.34782608695652173" targetAnchorX="0.29518072289156627" targetAnchorY="0.5945945945945946">
    <source href="assembly.xml#AS17"/>
    <target href="assembly.xml#Call-Audit6"/>
  </connections>
  <connections type="routesTo" sourceAnchorX="0.7078651685393258" sourceAnchorY="1.0" targetAnchorX="0.2641509433962264" targetAnchorY="0.42391304347826086">
    <source href="assembly.xml#Audit"/>
    <target href="assembly.xml#AS18"/>
  </connections>
  <connections type="routesTo" sourceAnchorX="1.0" sourceAnchorY="0.18478260869565216" targetAnchorX="0.12643678160919541" targetAnchorY="0.3018867924528302">
    <source href="assembly.xml#AS18"/>
    <target href="assembly.xml#Aggregator1"/>
  </connections>
  <connections type="routesTo" sourceAnchorX="1.0" sourceAnchorY="0.3490566037735849" targetAnchorX="0.23270440251572327" targetAnchorY="0.44565217391304346">
    <source href="assembly.xml#Aggregator1"/>
    <target href="assembly.xml#AS19"/>
  </connections>
  <connections type="routesTo" sourceAnchorX="0.188" sourceAnchorY="1.0" targetAnchorX="0.44025157232704404" targetAnchorY="0.15217391304347827">
    <source href="assembly.xml#//@beans/@mixed.1/@mixed.75/@mixed.3"/>
    <target href="assembly.xml#AS16"/>
  </connections>
  <connections type="routesTo" sourceAnchorX="0.0" sourceAnchorY="0.2391304347826087" targetAnchorX="0.3228346456692913" targetAnchorY="0.43243243243243246">
    <source href="assembly.xml#AS16"/>
    <target href="assembly.xml#Call-Audit5"/>
  </connections>
  <connections type="routesResponseTo" sourceAnchorX="0.5794871794871795" sourceAnchorY="1.0" targetAnchorX="0.3924050632911392" targetAnchorY="0.6756756756756757">
    <source href="assembly.xml#Call-ProcessInvoices"/>
    <target href="assembly.xml#Call-StopAuditAgg"/>
  </connections>
  <connections type="routesTo" sourceAnchorX="0.4652777777777778" sourceAnchorY="1.0" targetAnchorY="0.14150943396226415">
    <source href="assembly.xml#StopAuditAgg"/>
    <target href="assembly.xml#Aggregator1"/>
  </connections>
  <connections type="routesResponseTo" sourceAnchorX="0.8908045977011494" sourceAnchorY="1.0" targetAnchorX="0.40310077519379844" targetAnchorY="0.5675675675675675">
    <source href="assembly.xml#Call-StopAuditAgg"/>
    <target href="assembly.xml#SUCCESS"/>
  </connections>
  <connections type="routesResponseTo" sourceAnchorX="0.627906976744186" sourceAnchorY="1.0" targetAnchorX="0.36607142857142855" targetAnchorY="0.6486486486486487">
    <source href="assembly.xml#SUCCESS"/>
    <target href="assembly.xml#ERROR"/>
  </connections>
  <swimlanes x="95" y="44" name="Main process" alignment="MIDDLE">
    <elements href="assembly.xml#StartHere"/>
    <elements href="#//@swimlanes.2"/>
    <elements href="assembly.xml#Call-RetrieveFile"/>
    <elements href="assembly.xml#Call-ProcessInvoices"/>
    <elements href="assembly.xml#Call-StopAuditAgg"/>
    <elements href="assembly.xml#SUCCESS"/>
    <elements href="assembly.xml#ERROR"/>
  </swimlanes>
  <swimlanes x="233" y="185" name="Swimlane">
    <elements href="assembly.xml#PIM1"/>
    <elements href="assembly.xml#AS2"/>
  </swimlanes>
  <swimlanes x="256" y="202" name="Initial Props" orientation="VERTICAL">
    <elements href="assembly.xml#AS1"/>
    <elements href="#//@swimlanes.1"/>
  </swimlanes>
  <swimlanes x="93" y="496" name="Global error handler">
    <elements href="assembly.xml#//@beans/@mixed.1/@mixed.9"/>
    <elements href="assembly.xml#Note-Error"/>
  </swimlanes>
  <swimlanes x="121" y="29" name="INT0092 - Custom Invoice Inbound Studio - Loads Customer Invoices into Workday" orientation="VERTICAL" elements="//@swimlanes.0 //@swimlanes.5 //@swimlanes.8 //@swimlanes.13 //@swimlanes.14 //@swimlanes.18 //@swimlanes.24 //@swimlanes.3"/>
  <swimlanes x="934" y="93" name="Retrieve Inbound file and transform" alignment="MIDDLE">
    <elements href="assembly.xml#RetrieveFile"/>
    <elements href="#//@swimlanes.10"/>
    <elements href="assembly.xml#GetEventDocuments"/>
    <elements href="#//@swimlanes.6"/>
  </swimlanes>
  <swimlanes x="530" y="575" name="Transform Spreadsheet file and Validate" orientation="VERTICAL">
    <elements href="assembly.xml#AS5"/>
    <elements href="#//@swimlanes.7"/>
  </swimlanes>
  <swimlanes x="529" y="654" name="Catch Errors">
    <elements href="assembly.xml#PIM3"/>
    <elements href="assembly.xml#AS6"/>
  </swimlanes>
  <swimlanes x="217" y="949" name="Process Invoices" alignment="MIDDLE">
    <elements href="assembly.xml#ProcessInvoices"/>
    <elements href="#//@swimlanes.11"/>
    <elements href="assembly.xml#LoopInvoice"/>
    <elements href="#//@swimlanes.19"/>
    <elements href="assembly.xml#Call-GetAttachments"/>
    <elements href="assembly.xml#Call-MergeInvAttachments"/>
    <elements href="assembly.xml#Call-ProcessInv"/>
  </swimlanes>
  <swimlanes x="306" y="736" name="Catch Errors">
    <elements href="assembly.xml#PIM2"/>
    <elements href="assembly.xml#AS4"/>
  </swimlanes>
  <swimlanes x="291" y="769" name="Catch Subsection Errors" orientation="VERTICAL">
    <elements href="assembly.xml#AS3"/>
    <elements href="#//@swimlanes.9"/>
  </swimlanes>
  <swimlanes x="315" y="1054" name="Catch Subsection Errors" orientation="VERTICAL">
    <elements href="assembly.xml#AS7"/>
    <elements href="#//@swimlanes.12"/>
  </swimlanes>
  <swimlanes x="448" y="1059" name="Catch Errors">
    <elements href="assembly.xml#PIM4"/>
    <elements href="assembly.xml#AS8"/>
  </swimlanes>
  <swimlanes x="194" y="1414" name="Retrieve attachments mapped to each Invoice and base64 encode them" alignment="MIDDLE">
    <elements href="assembly.xml#GetAttachments"/>
    <elements href="#//@swimlanes.20"/>
    <elements href="assembly.xml#LoopAttachment"/>
    <elements href="#//@swimlanes.21"/>
    <elements href="assembly.xml#Aggregator"/>
  </swimlanes>
  <swimlanes x="179" y="1661" name="Merge encoded attachments and its corresponding customer invoice data" alignment="MIDDLE">
    <elements href="assembly.xml#MergeInvAttachments"/>
    <elements href="#//@swimlanes.22"/>
    <elements href="assembly.xml#Route"/>
    <elements href="#//@swimlanes.17"/>
    <elements href="assembly.xml#Aggregator0"/>
  </swimlanes>
  <swimlanes x="686" y="1802" name="Attachment Data">
    <elements href="assembly.xml#AS14"/>
  </swimlanes>
  <swimlanes x="691" y="1838" name="Customer Invoice Data">
    <elements href="assembly.xml#AS13"/>
  </swimlanes>
  <swimlanes x="632" y="1709" name="Merge Customer Invoice and Attachment Data" orientation="VERTICAL" elements="//@swimlanes.16 //@swimlanes.15"/>
  <swimlanes x="221" y="2132" name="Generate customer invoice SOAP request and load it in Workday" alignment="MIDDLE">
    <elements href="assembly.xml#ProcessInv"/>
    <elements href="#//@swimlanes.23"/>
    <elements href="assembly.xml#SubmitCustomerInvoice"/>
    <elements href="assembly.xml#AS17"/>
    <elements href="assembly.xml#Call-Audit6"/>
  </swimlanes>
  <swimlanes x="852" y="1236" name="Process Invoice" orientation="VERTICAL">
    <elements href="assembly.xml#AS9"/>
    <elements href="assembly.xml#Call-Audit1"/>
  </swimlanes>
  <swimlanes x="324" y="1553" name="Catch Subsection Errors" orientation="VERTICAL">
    <elements href="assembly.xml#AS10"/>
    <elements href="assembly.xml#Call-Audit2"/>
  </swimlanes>
  <swimlanes x="700" y="1566" name="Process Attachments" orientation="VERTICAL">
    <elements href="assembly.xml#AS11"/>
    <elements href="assembly.xml#Call-Audit3"/>
  </swimlanes>
  <swimlanes x="309" y="1955" name="Catch Subsection Errors" orientation="VERTICAL">
    <elements href="assembly.xml#AS12"/>
    <elements href="assembly.xml#Call-Audit4"/>
  </swimlanes>
  <swimlanes x="282" y="2315" name="Generate SOAP request to load customer invoices" orientation="VERTICAL" alignment="MIDDLE">
    <elements href="assembly.xml#AS15"/>
    <elements href="assembly.xml#AS16"/>
    <elements href="assembly.xml#Call-Audit5"/>
  </swimlanes>
  <swimlanes x="183" y="2570" name="Aggregate success and error audits" alignment="MIDDLE">
    <elements href="assembly.xml#Audit"/>
    <elements href="assembly.xml#AS18"/>
    <elements href="#//@swimlanes.25"/>
    <elements href="assembly.xml#AS19"/>
  </swimlanes>
  <swimlanes x="437" y="2786" name="Stop Audit Aggregation" orientation="VERTICAL">
    <elements href="assembly.xml#StopAuditAgg"/>
    <elements href="assembly.xml#Aggregator1"/>
  </swimlanes>
</wdnm:Diagram>
