<?xml version="1.0" encoding="UTF-8"?>
<beans
     xmlns="http://www.springframework.org/schema/beans"
     xmlns:beans="http://www.springframework.org/schema/beans"
     xmlns:atom="http://www.w3.org/2005/Atom"
     xmlns:cc="http://www.capeclear.com/assembly/10"
     xmlns:cloud="urn:com.workday/esb/cloud/10.0"
     xmlns:env="http://schemas.xmlsoap.org/soap/envelope/"
     xmlns:ns0="http://www.workday.com/integration/INT0068/"
     xmlns:pi="urn:com.workday/picof"
     xmlns:wd="urn:com.workday/bsvc"
     xmlns:xsi="http://www.w3.org/2001/XMLSchema-instance">

	<cc:assembly id="WorkdayAssembly" version="21">
		<cc:workday-in id="Start_Here" routes-to="Parameters">
			<cc:integration-system name="INT0068 Monthly TBA HW Payroll Instructions Inbound">
        <cloud:param name="Validation Mode">
          <cloud:type>
            <cloud:simple-type>boolean</cloud:simple-type>
          </cloud:type>
          <cloud:default>
            <cloud:boolean>true</cloud:boolean>
          </cloud:default>
        </cloud:param>
        <cloud:param name="As Of Entry DateTime">
          <cloud:type>
            <cloud:simple-type>datetime</cloud:simple-type>
          </cloud:type>
          <cloud:default>
            <cloud:class-report-field description="Current Moment (DateTime)" type="WID">df4effe76deb4222a79001d6737cf91c</cloud:class-report-field>
          </cloud:default>
        </cloud:param>
        <cloud:param name="Employee Frequency">
          <cloud:type>
            <cloud:enumeration-type name="Employee Frequency">
              <cloud:enumeration>BiWeekly</cloud:enumeration>
              <cloud:enumeration>Monthly</cloud:enumeration>
            </cloud:enumeration-type>
          </cloud:type>
          <cloud:launch-option>required</cloud:launch-option>
        </cloud:param>
        <cloud:attribute-map-service name="INT0068-Attributes-and-Maps-Generic">
          <cloud:attribute name="Benefit Event Type">
            <cloud:type>
              <cloud:class-report-field description="Enrollment Type" type="WID" singular="true">6434a008111f4657b874c954b4895a36</cloud:class-report-field>
            </cloud:type>
            <cloud:display-option>required-for-launch</cloud:display-option>
          </cloud:attribute>
          <cloud:attribute name="Change Benefit Event Comment">
            <cloud:type>
              <cloud:simple-type>text</cloud:simple-type>
            </cloud:type>
          </cloud:attribute>
          <cloud:attribute name="Payroll Input Batch ID">
            <cloud:type>
              <cloud:simple-type>text</cloud:simple-type>
            </cloud:type>
          </cloud:attribute>
          <cloud:attribute name="Close Benefit Event Comment">
            <cloud:type>
              <cloud:simple-type>text</cloud:simple-type>
            </cloud:type>
          </cloud:attribute>
          <cloud:attribute name="Payroll Input Benefit Event Comment">
            <cloud:type>
              <cloud:simple-type>text</cloud:simple-type>
            </cloud:type>
          </cloud:attribute>
          <cloud:map name="Employee Frequency">
            <cloud:internal-type>
              <cloud:enumeration-type name="Frequency">
                <cloud:enumeration>Monthly</cloud:enumeration>
                <cloud:enumeration>SemiMonthly</cloud:enumeration>
                <cloud:enumeration>BiWeekly</cloud:enumeration>
                <cloud:enumeration>Weekly</cloud:enumeration>
              </cloud:enumeration-type>
            </cloud:internal-type>
            <cloud:external-type>
              <cloud:simple-type>text</cloud:simple-type>
            </cloud:external-type>
          </cloud:map>
          <cloud:map name="Plan Map for Frequency">
            <cloud:internal-type>
              <cloud:enumeration-type-reference name="Frequency"/>
            </cloud:internal-type>
            <cloud:external-type>
              <cloud:enumeration-type name="PlanMapForFrequency">
                <cloud:enumeration>Monthly Benefit Plan ID</cloud:enumeration>
                <cloud:enumeration>Semi-Monthly Benefit Plan ID</cloud:enumeration>
                <cloud:enumeration>Bi-Weekly Benefit Plan ID</cloud:enumeration>
                <cloud:enumeration>Weekly Benefit Plan ID</cloud:enumeration>
              </cloud:enumeration-type>
            </cloud:external-type>
          </cloud:map>
          <cloud:map name="Monthly Benefit Plan ID">
            <cloud:internal-type>
              <cloud:class-report-field description="Benefit Plan" type="WID">d9700e2157774cc384d635b5cfb6cfda</cloud:class-report-field>
            </cloud:internal-type>
            <cloud:external-type>
              <cloud:enumeration-type name="FileFields">
                <cloud:enumeration>AMOUNT_001</cloud:enumeration>
                <cloud:enumeration>AMOUNT_002</cloud:enumeration>
                <cloud:enumeration>AMOUNT_003</cloud:enumeration>
                <cloud:enumeration>AMOUNT_004</cloud:enumeration>
                <cloud:enumeration>AMOUNT_005</cloud:enumeration>
                <cloud:enumeration>AMOUNT_006</cloud:enumeration>
                <cloud:enumeration>AMOUNT_007</cloud:enumeration>
                <cloud:enumeration>AMOUNT_008</cloud:enumeration>
                <cloud:enumeration>AMOUNT_009</cloud:enumeration>
                <cloud:enumeration>AMOUNT_010</cloud:enumeration>
                <cloud:enumeration>AMOUNT_011</cloud:enumeration>
                <cloud:enumeration>AMOUNT_012</cloud:enumeration>
                <cloud:enumeration>AMOUNT_013</cloud:enumeration>
                <cloud:enumeration>AMOUNT_014</cloud:enumeration>
                <cloud:enumeration>AMOUNT_015</cloud:enumeration>
                <cloud:enumeration>AMOUNT_016</cloud:enumeration>
                <cloud:enumeration>AMOUNT_017</cloud:enumeration>
                <cloud:enumeration>AMOUNT_018</cloud:enumeration>
                <cloud:enumeration>AMOUNT_019</cloud:enumeration>
                <cloud:enumeration>AMOUNT_020</cloud:enumeration>
                <cloud:enumeration>AMOUNT_021</cloud:enumeration>
                <cloud:enumeration>AMOUNT_022</cloud:enumeration>
                <cloud:enumeration>AMOUNT_023</cloud:enumeration>
                <cloud:enumeration>AMOUNT_024</cloud:enumeration>
                <cloud:enumeration>AMOUNT_025</cloud:enumeration>
                <cloud:enumeration>AMOUNT_026</cloud:enumeration>
                <cloud:enumeration>AMOUNT_027</cloud:enumeration>
                <cloud:enumeration>AMOUNT_028</cloud:enumeration>
                <cloud:enumeration>AMOUNT_029</cloud:enumeration>
                <cloud:enumeration>AMOUNT_030</cloud:enumeration>
                <cloud:enumeration>AMOUNT_031</cloud:enumeration>
                <cloud:enumeration>AMOUNT_032</cloud:enumeration>
                <cloud:enumeration>AMOUNT_033</cloud:enumeration>
                <cloud:enumeration>AMOUNT_034</cloud:enumeration>
                <cloud:enumeration>AMOUNT_035</cloud:enumeration>
                <cloud:enumeration>AMOUNT_036</cloud:enumeration>
                <cloud:enumeration>AMOUNT_037</cloud:enumeration>
                <cloud:enumeration>AMOUNT_038</cloud:enumeration>
                <cloud:enumeration>AMOUNT_039</cloud:enumeration>
                <cloud:enumeration>AMOUNT_040</cloud:enumeration>
                <cloud:enumeration>AMOUNT_041</cloud:enumeration>
                <cloud:enumeration>AMOUNT_042</cloud:enumeration>
                <cloud:enumeration>AMOUNT_043</cloud:enumeration>
                <cloud:enumeration>AMOUNT_044</cloud:enumeration>
                <cloud:enumeration>AMOUNT_045</cloud:enumeration>
                <cloud:enumeration>AMOUNT_046</cloud:enumeration>
                <cloud:enumeration>AMOUNT_047</cloud:enumeration>
                <cloud:enumeration>AMOUNT_048</cloud:enumeration>
                <cloud:enumeration>AMOUNT_049</cloud:enumeration>
                <cloud:enumeration>AMOUNT_050</cloud:enumeration>
                <cloud:enumeration>AMOUNT_051</cloud:enumeration>
                <cloud:enumeration>AMOUNT_052</cloud:enumeration>
                <cloud:enumeration>AMOUNT_053</cloud:enumeration>
                <cloud:enumeration>AMOUNT_054</cloud:enumeration>
                <cloud:enumeration>AMOUNT_055</cloud:enumeration>
                <cloud:enumeration>AMOUNT_056</cloud:enumeration>
                <cloud:enumeration>AMOUNT_057</cloud:enumeration>
                <cloud:enumeration>AMOUNT_058</cloud:enumeration>
                <cloud:enumeration>AMOUNT_059</cloud:enumeration>
                <cloud:enumeration>AMOUNT_060</cloud:enumeration>
                <cloud:enumeration>AMOUNT_061</cloud:enumeration>
                <cloud:enumeration>AMOUNT_062</cloud:enumeration>
                <cloud:enumeration>AMOUNT_063</cloud:enumeration>
                <cloud:enumeration>AMOUNT_064</cloud:enumeration>
                <cloud:enumeration>AMOUNT_065</cloud:enumeration>
                <cloud:enumeration>AMOUNT_066</cloud:enumeration>
                <cloud:enumeration>AMOUNT_067</cloud:enumeration>
                <cloud:enumeration>AMOUNT_068</cloud:enumeration>
                <cloud:enumeration>AMOUNT_069</cloud:enumeration>
                <cloud:enumeration>AMOUNT_070</cloud:enumeration>
                <cloud:enumeration>AMOUNT_071</cloud:enumeration>
                <cloud:enumeration>AMOUNT_072</cloud:enumeration>
                <cloud:enumeration>AMOUNT_073</cloud:enumeration>
                <cloud:enumeration>AMOUNT_074</cloud:enumeration>
                <cloud:enumeration>AMOUNT_075</cloud:enumeration>
                <cloud:enumeration>AMOUNT_076</cloud:enumeration>
                <cloud:enumeration>AMOUNT_077</cloud:enumeration>
                <cloud:enumeration>AMOUNT_078</cloud:enumeration>
                <cloud:enumeration>AMOUNT_079</cloud:enumeration>
                <cloud:enumeration>AMOUNT_080</cloud:enumeration>
                <cloud:enumeration>AMOUNT_081</cloud:enumeration>
                <cloud:enumeration>AMOUNT_082</cloud:enumeration>
                <cloud:enumeration>AMOUNT_083</cloud:enumeration>
                <cloud:enumeration>AMOUNT_084</cloud:enumeration>
                <cloud:enumeration>AMOUNT_085</cloud:enumeration>
                <cloud:enumeration>AMOUNT_086</cloud:enumeration>
                <cloud:enumeration>AMOUNT_087</cloud:enumeration>
                <cloud:enumeration>AMOUNT_088</cloud:enumeration>
                <cloud:enumeration>AMOUNT_089</cloud:enumeration>
                <cloud:enumeration>AMOUNT_090</cloud:enumeration>
                <cloud:enumeration>AMOUNT_091</cloud:enumeration>
                <cloud:enumeration>AMOUNT_092</cloud:enumeration>
                <cloud:enumeration>AMOUNT_093</cloud:enumeration>
                <cloud:enumeration>AMOUNT_094</cloud:enumeration>
                <cloud:enumeration>AMOUNT_095</cloud:enumeration>
                <cloud:enumeration>AMOUNT_096</cloud:enumeration>
                <cloud:enumeration>AMOUNT_097</cloud:enumeration>
                <cloud:enumeration>AMOUNT_098</cloud:enumeration>
                <cloud:enumeration>AMOUNT_099</cloud:enumeration>
                <cloud:enumeration>AMOUNT_100</cloud:enumeration>
                <cloud:enumeration>AMOUNT_101</cloud:enumeration>
                <cloud:enumeration>AMOUNT_102</cloud:enumeration>
                <cloud:enumeration>AMOUNT_103</cloud:enumeration>
                <cloud:enumeration>AMOUNT_104</cloud:enumeration>
                <cloud:enumeration>AMOUNT_105</cloud:enumeration>
                <cloud:enumeration>AMOUNT_106</cloud:enumeration>
                <cloud:enumeration>AMOUNT_107</cloud:enumeration>
                <cloud:enumeration>AMOUNT_108</cloud:enumeration>
                <cloud:enumeration>AMOUNT_109</cloud:enumeration>
                <cloud:enumeration>AMOUNT_110</cloud:enumeration>
                <cloud:enumeration>AMOUNT_111</cloud:enumeration>
                <cloud:enumeration>AMOUNT_112</cloud:enumeration>
                <cloud:enumeration>AMOUNT_113</cloud:enumeration>
                <cloud:enumeration>AMOUNT_114</cloud:enumeration>
                <cloud:enumeration>AMOUNT_115</cloud:enumeration>
                <cloud:enumeration>AMOUNT_116</cloud:enumeration>
                <cloud:enumeration>AMOUNT_117</cloud:enumeration>
                <cloud:enumeration>AMOUNT_118</cloud:enumeration>
                <cloud:enumeration>AMOUNT_119</cloud:enumeration>
                <cloud:enumeration>AMOUNT_120</cloud:enumeration>
                <cloud:enumeration>AMOUNT_121</cloud:enumeration>
                <cloud:enumeration>AMOUNT_122</cloud:enumeration>
                <cloud:enumeration>AMOUNT_123</cloud:enumeration>
                <cloud:enumeration>AMOUNT_124</cloud:enumeration>
                <cloud:enumeration>AMOUNT_125</cloud:enumeration>
                <cloud:enumeration>AMOUNT_126</cloud:enumeration>
                <cloud:enumeration>AMOUNT_127</cloud:enumeration>
                <cloud:enumeration>AMOUNT_128</cloud:enumeration>
                <cloud:enumeration>AMOUNT_129</cloud:enumeration>
                <cloud:enumeration>AMOUNT_130</cloud:enumeration>
                <cloud:enumeration>AMOUNT_131</cloud:enumeration>
                <cloud:enumeration>AMOUNT_132</cloud:enumeration>
                <cloud:enumeration>AMOUNT_133</cloud:enumeration>
                <cloud:enumeration>AMOUNT_134</cloud:enumeration>
                <cloud:enumeration>AMOUNT_135</cloud:enumeration>
                <cloud:enumeration>AMOUNT_136</cloud:enumeration>
                <cloud:enumeration>AMOUNT_137</cloud:enumeration>
                <cloud:enumeration>AMOUNT_138</cloud:enumeration>
                <cloud:enumeration>AMOUNT_139</cloud:enumeration>
                <cloud:enumeration>AMOUNT_140</cloud:enumeration>
                <cloud:enumeration>AMOUNT_141</cloud:enumeration>
                <cloud:enumeration>AMOUNT_142</cloud:enumeration>
                <cloud:enumeration>AMOUNT_143</cloud:enumeration>
                <cloud:enumeration>AMOUNT_144</cloud:enumeration>
                <cloud:enumeration>AMOUNT_145</cloud:enumeration>
                <cloud:enumeration>AMOUNT_146</cloud:enumeration>
                <cloud:enumeration>AMOUNT_147</cloud:enumeration>
                <cloud:enumeration>AMOUNT_148</cloud:enumeration>
                <cloud:enumeration>AMOUNT_149</cloud:enumeration>
                <cloud:enumeration>AMOUNT_150</cloud:enumeration>
                <cloud:enumeration>AMOUNT_151</cloud:enumeration>
                <cloud:enumeration>AMOUNT_152</cloud:enumeration>
                <cloud:enumeration>AMOUNT_153</cloud:enumeration>
                <cloud:enumeration>AMOUNT_154</cloud:enumeration>
                <cloud:enumeration>AMOUNT_155</cloud:enumeration>
                <cloud:enumeration>AMOUNT_156</cloud:enumeration>
                <cloud:enumeration>AMOUNT_157</cloud:enumeration>
                <cloud:enumeration>AMOUNT_158</cloud:enumeration>
                <cloud:enumeration>AMOUNT_159</cloud:enumeration>
                <cloud:enumeration>AMOUNT_160</cloud:enumeration>
                <cloud:enumeration>AMOUNT_161</cloud:enumeration>
                <cloud:enumeration>AMOUNT_162</cloud:enumeration>
                <cloud:enumeration>AMOUNT_163</cloud:enumeration>
                <cloud:enumeration>AMOUNT_164</cloud:enumeration>
                <cloud:enumeration>AMOUNT_165</cloud:enumeration>
                <cloud:enumeration>AMOUNT_166</cloud:enumeration>
                <cloud:enumeration>AMOUNT_167</cloud:enumeration>
                <cloud:enumeration>AMOUNT_168</cloud:enumeration>
                <cloud:enumeration>AMOUNT_169</cloud:enumeration>
                <cloud:enumeration>AMOUNT_170</cloud:enumeration>
                <cloud:enumeration>AMOUNT_171</cloud:enumeration>
                <cloud:enumeration>AMOUNT_172</cloud:enumeration>
                <cloud:enumeration>AMOUNT_173</cloud:enumeration>
                <cloud:enumeration>AMOUNT_174</cloud:enumeration>
                <cloud:enumeration>AMOUNT_175</cloud:enumeration>
                <cloud:enumeration>AMOUNT_176</cloud:enumeration>
                <cloud:enumeration>AMOUNT_177</cloud:enumeration>
                <cloud:enumeration>AMOUNT_178</cloud:enumeration>
                <cloud:enumeration>AMOUNT_179</cloud:enumeration>
                <cloud:enumeration>AMOUNT_180</cloud:enumeration>
                <cloud:enumeration>AMOUNT_181</cloud:enumeration>
                <cloud:enumeration>AMOUNT_182</cloud:enumeration>
                <cloud:enumeration>AMOUNT_183</cloud:enumeration>
                <cloud:enumeration>AMOUNT_184</cloud:enumeration>
                <cloud:enumeration>AMOUNT_185</cloud:enumeration>
                <cloud:enumeration>AMOUNT_186</cloud:enumeration>
                <cloud:enumeration>AMOUNT_187</cloud:enumeration>
                <cloud:enumeration>AMOUNT_188</cloud:enumeration>
                <cloud:enumeration>AMOUNT_189</cloud:enumeration>
                <cloud:enumeration>AMOUNT_190</cloud:enumeration>
                <cloud:enumeration>AMOUNT_191</cloud:enumeration>
                <cloud:enumeration>AMOUNT_192</cloud:enumeration>
                <cloud:enumeration>AMOUNT_193</cloud:enumeration>
                <cloud:enumeration>AMOUNT_194</cloud:enumeration>
                <cloud:enumeration>AMOUNT_195</cloud:enumeration>
                <cloud:enumeration>AMOUNT_196</cloud:enumeration>
                <cloud:enumeration>AMOUNT_197</cloud:enumeration>
                <cloud:enumeration>AMOUNT_198</cloud:enumeration>
                <cloud:enumeration>AMOUNT_199</cloud:enumeration>
                <cloud:enumeration>AMOUNT_200</cloud:enumeration>
                <cloud:enumeration>AMOUNT_201</cloud:enumeration>
                <cloud:enumeration>AMOUNT_202</cloud:enumeration>
                <cloud:enumeration>AMOUNT_203</cloud:enumeration>
                <cloud:enumeration>AMOUNT_204</cloud:enumeration>
                <cloud:enumeration>AMOUNT_205</cloud:enumeration>
                <cloud:enumeration>AMOUNT_206</cloud:enumeration>
                <cloud:enumeration>AMOUNT_207</cloud:enumeration>
                <cloud:enumeration>AMOUNT_208</cloud:enumeration>
                <cloud:enumeration>AMOUNT_209</cloud:enumeration>
                <cloud:enumeration>AMOUNT_210</cloud:enumeration>
                <cloud:enumeration>AMOUNT_211</cloud:enumeration>
                <cloud:enumeration>AMOUNT_212</cloud:enumeration>
                <cloud:enumeration>AMOUNT_213</cloud:enumeration>
                <cloud:enumeration>AMOUNT_214</cloud:enumeration>
                <cloud:enumeration>AMOUNT_215</cloud:enumeration>
                <cloud:enumeration>AMOUNT_216</cloud:enumeration>
                <cloud:enumeration>AMOUNT_217</cloud:enumeration>
              </cloud:enumeration-type>
            </cloud:external-type>
          </cloud:map>
          <cloud:map name="Semi-Monthly Benefit Plan ID">
            <cloud:internal-type>
              <cloud:class-report-field description="Benefit Plan" type="WID">d9700e2157774cc384d635b5cfb6cfda</cloud:class-report-field>
            </cloud:internal-type>
            <cloud:external-type>
              <cloud:enumeration-type-reference name="FileFields"/>
            </cloud:external-type>
          </cloud:map>
          <cloud:map name="Bi-Weekly Benefit Plan ID">
            <cloud:internal-type>
              <cloud:class-report-field description="Benefit Plan" type="WID">d9700e2157774cc384d635b5cfb6cfda</cloud:class-report-field>
            </cloud:internal-type>
            <cloud:external-type>
              <cloud:enumeration-type-reference name="FileFields"/>
            </cloud:external-type>
          </cloud:map>
          <cloud:map name="Benefit Cost Type">
            <cloud:internal-type>
              <cloud:enumeration-type-reference name="FileFields"/>
            </cloud:internal-type>
            <cloud:external-type>
              <cloud:enumeration-type name="CostTypes">
                <cloud:enumeration>EEPreTax</cloud:enumeration>
                <cloud:enumeration>EEPostTax</cloud:enumeration>
                <cloud:enumeration>ERTaxable</cloud:enumeration>
                <cloud:enumeration>ERNonTaxable</cloud:enumeration>
              </cloud:enumeration-type>
            </cloud:external-type>
          </cloud:map>
          <cloud:map name="Deduction Codes">
            <cloud:internal-type>
              <cloud:class-report-field description="Deduction" type="WID">2868a5d7a8b14b88aa103f7ffa642f0b</cloud:class-report-field>
            </cloud:internal-type>
            <cloud:external-type>
              <cloud:enumeration-type-reference name="FileFields"/>
            </cloud:external-type>
          </cloud:map>
          <cloud:map name="Earning Codes">
            <cloud:internal-type>
              <cloud:class-report-field description="Earning" type="WID">edca5605a5134b94be2021c04c885909</cloud:class-report-field>
            </cloud:internal-type>
            <cloud:external-type>
              <cloud:enumeration-type-reference name="FileFields"/>
            </cloud:external-type>
          </cloud:map>
          <cloud:map name="Arrears Calculations">
            <cloud:internal-type>
              <cloud:class-report-field description="Related Calculation (All)" type="WID">c31372e51784420a8722ab1516ce592c</cloud:class-report-field>
            </cloud:internal-type>
            <cloud:external-type>
              <cloud:enumeration-type-reference name="FileFields"/>
            </cloud:external-type>
          </cloud:map>
          <cloud:map name="Transaction Type">
            <cloud:internal-type>
              <cloud:enumeration-type name="Transaction">
                <cloud:enumeration>PayrollInput</cloud:enumeration>
                <cloud:enumeration>ChangeBenefits</cloud:enumeration>
              </cloud:enumeration-type>
            </cloud:internal-type>
            <cloud:external-type>
              <cloud:enumeration-type-reference name="FileFields"/>
            </cloud:external-type>
          </cloud:map>
          <cloud:map name="Negative Deduction Codes for PreTax">
            <cloud:internal-type>
              <cloud:class-report-field description="Deduction" type="WID">2868a5d7a8b14b88aa103f7ffa642f0b</cloud:class-report-field>
            </cloud:internal-type>
            <cloud:external-type>
              <cloud:enumeration-type-reference name="FileFields"/>
            </cloud:external-type>
          </cloud:map>
          <cloud:map name="Negative Pretax Deductions TF">
            <cloud:internal-type>
              <cloud:enumeration-type name="TF">
                <cloud:enumeration>True</cloud:enumeration>
                <cloud:enumeration>False</cloud:enumeration>
              </cloud:enumeration-type>
            </cloud:internal-type>
            <cloud:external-type>
              <cloud:enumeration-type-reference name="FileFields"/>
            </cloud:external-type>
          </cloud:map>
        </cloud:attribute-map-service>
        <cloud:retrieval-service name="INT0068-Retrieval"/>
      </cc:integration-system>
		</cc:workday-in>
		<cc:splitter id="SplitByWorker" no-split-message-error="false">			
			<cc:sub-route name="SubRouteWorker" routes-to="PrepWorkerRow"/>
			<cc:xml-stream-splitter xpath="/File/Detail"/>
		</cc:splitter>
		<cc:workday-out-soap id="ChangeBenefitsOut" execute-when="props['error.free.change.benefits']" application="Benefits_Administration" version="v22"/>
		<cc:local-out id="CallPutIntegrationEvent" endpoint="vm://wcc/PutIntegrationEvent">
			<cc:set name="is.event.completed" value="&quot;current&quot;"/>
		</cc:local-out>
		<cc:send-error id="Critical_Error" routes-to="CriticalErrorHandler"/>
		<cc:local-out id="Call_Critical_Message" routes-response-to="Call_Critical_Event" endpoint="vm://wcc/PutIntegrationMessage">
			<cc:set name="is.message.severity" value="'CRITICAL'"/>
			<cc:set name="is.message.summary" value="'An unexpected error has occured please see details.'"/>
			<cc:set name="is.message.detail" value="context.getErrorMessage()"/>
		</cc:local-out>
		<cc:local-out id="Call_Critical_Event" endpoint="vm://wcc/PutIntegrationEvent">
			<cc:set name="is.event.completed" value="&quot;current&quot;"/>
		</cc:local-out>
		<cc:sync-mediation id="RetrieveDoc" routes-to="Splitter" handle-downstream-errors="true">
			<cc:request-steps>
				<cc:eval id="Retrieve">
					<cc:expression>if (da.size() > 0 ) {da.toVar(0,&quot;wd.retrieve.variable&quot;)}</cc:expression>
					<cc:expression>if (da.size() > 0 ) {props['file.name'] = da.getFileName(0)}</cc:expression>
					<cc:expression>props['file.name'] = 'Sample File'</cc:expression>
				</cc:eval>
				<cc:copy id="CopyDoc" output="rootpart" output-mimetype="text/plain" input="variable" input-variable="wd.retrieve.variable"/>
			</cc:request-steps>
			<cc:response-steps>
				<cc:eval id="Remove.LogVar">
					<cc:expression>props['audit.step']= empty</cc:expression>
				</cc:eval>
			</cc:response-steps>
			<cc:send-error id="ErrorDocRetrieval" routes-to="Error_DocRetrieval"/>
		</cc:sync-mediation>
		<cc:local-out id="Call_Retrieval" store-message="both" execute-when="props['error.free'] " routes-response-to="Call_ProcessWorker" endpoint="vm://INT0068-Monthly-TBA-Payroll-Deduction-Inbound/SubRetrieveInput"/>
		<cc:local-out id="Error_DocRetrieval" store-message="both" endpoint="vm://INT0068-Monthly-TBA-Payroll-Deduction-Inbound/ErrorHandler">
			<cc:set name="step.id" value="'Document Retrieval'"/>
			<cc:set name="initial.retrieval" value="true"/>
		</cc:local-out>
		<cc:local-in id="ErrorHandler" routes-to="ErrorHandler_Step">
			<cc:parameter documentation="The point of entry" name="step.id"/>
			<cc:parameter default="false" name="initial.retrieval"/>
		</cc:local-in>
		<cc:local-in id="SubRetrieveInput" routes-to="RetrieveDoc"/>
		<cc:sync-mediation id="ChangeBenefits" routes-to="ValidationMode" handle-downstream-errors="false">
			<cc:request-steps>
                <cc:eval id="Flags">
                    
				    <cc:expression>props['error.free.change.benefits'] = true</cc:expression>
				    <cc:expression>props['transaction.type'] = 'Change Benefits'</cc:expression>
					
					
				    
				    
				    
				    
				    
				 </cc:eval>
				<cc:xslt id="Req" output="message" input="variable" input-variable="worker.row" url="INT0068-BuildChangeBenefitsRequest.xsl"/>
                <cc:xslt id="Audit" output="variable" output-variable="Audit.Change.Benefits" url="INT0068AuditChangeBen.xsl"/>
			</cc:request-steps>
			<cc:response-steps>
				<cc:set-headers id="ValidationOff">
					<cc:remove-headers>
						<cc:remove-header name="X-Validate-Only"/>
					</cc:remove-headers>
					<cc:add-headers/>
				</cc:set-headers>
			</cc:response-steps>
			<cc:send-error id="ErrorHandlerXSLT" routes-to="Error_ChangeBenefitsSubProcess"/>
		</cc:sync-mediation>
		<cc:async-mediation id="SubWriteAuditRowStep" routes-to="SubAuditAggregator">
			<cc:steps>
				<cc:write id="Write">
					<cc:message>
						<cc:text>&lt;Entry>&#xD;
    &lt;Entry_Number>@{props['split.counter']}&lt;/Entry_Number>&#xD;
    &lt;Object_Key>@{props['ee.id']}&lt;/Object_Key>&#xD;
    &lt;Secondary_Key>@{props['transaction.type']}&lt;/Secondary_Key> &#xD;
    &lt;Status>@{props['status']}&lt;/Status>&#xD;
    &lt;Date_Time>@{props['lp.current.run.date'] }&lt;/Date_Time>&#xD;
    &lt;File_Name>@{props['file.name']}&lt;/File_Name>&#xD;
    &lt;Integration_Message>@{props['integration.message'].toString().replace('&amp;', '&amp;amp;')}&lt;/Integration_Message>&#xD;
    @if{vars['Audit.Change.Benefits'].getText() != ''}&#xD;
    &lt;Audit_1>@{vars['Audit.Change.Benefits'].getText()}&lt;/Audit_1>&#xD;
    @end{}&#xD;
    @if{vars['Audit.Payroll.Input'].getText() != ''}&#xD;
    &lt;Audit_2>@{vars['Audit.Payroll.Input'].getText()}&lt;/Audit_2>&#xD;
    @end{}&#xD;
    &#xD;
&lt;/Entry></cc:text>
					</cc:message>
				</cc:write>
			</cc:steps>
		</cc:async-mediation>
		<cc:async-mediation id="Error_Message" routes-to="Call_AuditRow_2">
			<cc:steps>
				<cc:eval id="IntegrationMessage">
					<cc:expression>props['init.error.message'] = 'The following error has occured at ' # props['step.id'] # ': '# context.getErrorMessage() </cc:expression>
					<cc:expression>props['process.error.message'] = 'The following error has occured for ' # props['ee.id'] # ' during ' # props['step.id'] # ': ' # context.getErrorMessage() </cc:expression>
					<cc:expression>props['error.integration.message'] =props['initial.retrieval'] == true ? props['init.error.message'] :props['process.error.message']</cc:expression>
				</cc:eval>
			</cc:steps>
		</cc:async-mediation>
		<cc:local-out id="Call_FinalizeLog" store-message="both" routes-response-to="IntegrationRecordCounts" endpoint="vm://INT0068-Monthly-TBA-Payroll-Deduction-Inbound/SubFinalizeLog">
			<cc:set name="process.batch" value="props['process.batch']  = true"/>
		</cc:local-out>
		<cc:local-in id="SubFinalizeLog" routes-to="SubAuditAggregator">
			<cc:parameter default="true" name="process.batch"/>
		</cc:local-in>
		<cc:local-out id="SubAudit_Log" endpoint="vm://wcc/PutIntegrationMessage">
			<cc:set name="is.message.severity" value="'INFO'"/>
			<cc:set name="is.message.summary" value="'Audit Log is attached.'"/>
			<cc:set name="is.document.variable.name" value="'audit.xls.output'"/>
			<cc:set name="is.document.file.name" value="props['source.name'] + ' Audit Report.xls'"/>
		</cc:local-out>
		<cc:local-out id="IntegrationRecordCounts" routes-response-to="IntegrationSuccessCounts" endpoint="vm://wcc/PutIntegrationMessage">
			<cc:set name="is.message.severity" value="'INFO'"/>
			<cc:set name="is.message.summary" value="props['record.count']  + ' records received for processing.'"/>
		</cc:local-out>
		<cc:local-out id="IntegrationFailCounts" routes-response-to="CallPutIntegrationEvent" endpoint="vm://wcc/PutIntegrationMessage">
			<cc:set name="is.message.severity" value="'INFO'"/>
			<cc:set name="is.message.summary" value="props['fail.count'] + ' records failed to process.'"/>
		</cc:local-out>
		<cc:local-out id="IntegrationSuccessCounts" routes-response-to="IntegrationFailCounts" endpoint="vm://wcc/PutIntegrationMessage">
			<cc:set name="is.message.severity" value="'INFO'"/>
			<cc:set name="is.message.summary" value="props['success.count'] + ' records processed successfully.'"/>
		</cc:local-out>
		<cc:local-in id="SubWriteAuditRow" routes-to="SubWriteAuditRowStep">
			<cc:parameter documentation="Pass the integration message to display in audit log" name="integration.message"/>
			<cc:parameter name="status"/>
		</cc:local-in>
		<cc:local-out id="Error_ChangeBenefitsSubProcess" store-message="both" endpoint="vm://INT0068-Monthly-TBA-Payroll-Deduction-Inbound/ErrorHandler">
			<cc:set name="step.id" value="'Change Benefits'"/>
		<cc:set name="initial.retrieval" value="false"/></cc:local-out>
		<cc:local-out id="Call_AuditRow" store-message="both" execute-when="props['error.free.change.benefits'] != 'false' || props['error.free.close.benefits'] != 'false' || props['error.free.payroll.input'] != 'false'" endpoint="vm://INT0068-Monthly-TBA-Payroll-Deduction-Inbound/SubWriteAuditRow">
			<cc:set name="integration.message" value="props['success.integration.message'] "/>
			<cc:set name="status" value="'success'"/>
		</cc:local-out>
		<cc:async-mediation id="ValidationMode" routes-to="ChangeBenefitsOut" execute-steps-when="props['lp.validation.mode'] == '1' || props['lp.validation.mode'] == 'true' ||  props['lp.validation.mode'] == true" handle-downstream-errors="true">
			<cc:steps>
				<cc:set-headers id="ValidationOn">
					<cc:remove-headers/>
					<cc:add-headers>
						<cc:add-header name="X-Validate-Only" value="1"/>
					</cc:add-headers>
				</cc:set-headers>
				<cc:log id="LogReq">
					<cc:log-message>
						<cc:text>&#xD; ----Web Service Request---&#xD; </cc:text>
						<cc:message-content/>
						<cc:line-separator/>
					</cc:log-message>
				</cc:log>
			</cc:steps>
			<cc:send-error id="SendError" routes-to="Error_ChangeBenefitsSubProcess"/>
		</cc:async-mediation>
		<cc:local-out id="Integration-ValidationModeEnabled" execute-when="props['lp.validation.mode'] == '1' || props['lp.validation.mode'] == true" routes-response-to="Call_Retrieval" endpoint="vm://wcc/PutIntegrationMessage">
			<cc:set name="is.message.severity" value="'INFO'"/>
			<cc:set name="is.message.summary" value="'Validation Mode is enabled. Workday records will not be updated.'"/>
		</cc:local-out>
		<cc:sync-mediation id="Parameters" routes-to="Integration-ValidationModeEnabled" handle-downstream-errors="false">
			<cc:request-steps>
				<cc:eval id="Eval">
					<cc:expression>props['lp.validation.mode'] = lp.getSimpleData('Validation Mode')</cc:expression>
					<cc:expression>props['lp.current.run.datetime'] = lp.getSimpleData('As Of Entry DateTime')</cc:expression>
					<cc:expression>props['lp.current.run.date'] = props['lp.current.run.datetime'].substring(0,10)</cc:expression>
					<cc:expression>props['source.name'] = intsys.getName().substring('0',intsys.getName().lastIndexOf('/'))</cc:expression>
					<cc:expression>props['collection.name'] = props['source.name'].substring('0',props['source.name'].lastIndexOf('/'))</cc:expression>
					<cc:expression>props['source.name'] = props['source.name'].substring(props['source.name'].lastIndexOf('/')+1)</cc:expression>
					<cc:expression>props['change.benefit.event.comment'] = intsys.getAttribute('Change Benefit Event Comment')</cc:expression>
					<cc:expression>props['benefit.event.type.ID'] = intsys.getAttributeReferenceData('Benefit Event Type','Benefit_Event_Type_ID')</cc:expression>
				<cc:expression>props['payroll.input.batch.id'] = intsys.getAttribute('Payroll Input Batch ID')</cc:expression><cc:expression>props['lp.frequency'] = lp.getSimpleData('Employee Frequency')</cc:expression><cc:expression>props['close.benefit.event.comment'] = intsys.getAttribute('Close Benefit Event Comment')</cc:expression><cc:expression>props['close.benefit.date'] = intsys.getAttribute('Close Benefit Date')</cc:expression><cc:expression>props['payroll.input.benefit.event.comment'] = intsys.getAttribute('Payroll Input Benefit Event Comment')</cc:expression></cc:eval>
				<cc:eval id="Props">
					<cc:expression>props['fail.count'] = 0; props['success.count'] = 0; props['error.free'] = true; props['split.counter'] = 0; props['record.count'] = 0</cc:expression>
					<cc:expression>vars['audit.log'] = empty </cc:expression>
					<cc:expression>props['process.batch'] = false</cc:expression>
				</cc:eval>
			</cc:request-steps>
			<cc:response-steps>
				<cc:write id="ClearMessage" output-mimetype="text/plain">
					<cc:message>
					</cc:message>
				</cc:write>
			</cc:response-steps>
			<cc:send-error id="ErrorInitialization" routes-to="Error_Initialization"/>
		</cc:sync-mediation>
		<cc:local-out id="Error_Initialization" store-message="both" endpoint="vm://INT0068-Monthly-TBA-Payroll-Deduction-Inbound/ErrorHandler">
			<cc:set name="step.id" value="'Integration Initialization'"/>
			<cc:set name="initial.retrieval" value="true"/>
		</cc:local-out>
		<cc:async-mediation id="ErrorHandler_Step" routes-to="Error_Message">
			<cc:steps>
				<cc:set-headers id="ValidationOff">
					<cc:remove-headers>
						<cc:remove-header name="X-Validate-Only"/>
					</cc:remove-headers>
					<cc:add-headers/>
				</cc:set-headers>
				<cc:eval id="Handle_Error">
					<cc:expression>props['error.free'] = false</cc:expression>
					<cc:expression>props['fail.count'] = props['initial.retrieval'] == true ? props['fail.count'] : props['fail.count'] + 1</cc:expression>
				<cc:expression>if (props['transaction.type'] == 'Payroll Input') {props['error.free.payroll.input'] = false}</cc:expression><cc:expression>if (props['transaction.type'] == 'Change Benefits') {props['error.free.change.benefits'] = false}</cc:expression><cc:expression>if (props['transaction.type'] == 'Close Benefits') {props['error.free.close.benefits'] = false}</cc:expression></cc:eval>
			</cc:steps>
		</cc:async-mediation>
		<cc:local-out id="Call_AuditRow_2" store-message="both" endpoint="vm://INT0068-Monthly-TBA-Payroll-Deduction-Inbound/SubWriteAuditRow">
			<cc:set name="integration.message" value="props['error.integration.message']"/>
			<cc:set name="status" value="'fail'"/>
		</cc:local-out>
		<cc:async-mediation id="CriticalErrorHandler" routes-to="Call_Critical_Message">
			<cc:steps>
				<cc:set-headers id="ValidationOff">
					<cc:remove-headers>
						<cc:remove-header name="X-Validate-Only"/>
					</cc:remove-headers>
					<cc:add-headers/>
				</cc:set-headers>
			</cc:steps>
		</cc:async-mediation>
		<cc:async-mediation id="CountSuccess" routes-to="Call_AuditRow" execute-steps-when=" props['error.free.change.benefits'] == 'true' ||  props['error.free.change.benefits'] == 'false' || props['error.free.payroll.input'] == 'true' || props['error.free.payroll.input'] == 'false'">
			<cc:steps>
				<cc:eval id="CountSuccess">
					<cc:expression>props['success.count'] = props['success.count'] + 1 </cc:expression>
					<cc:expression>props['audit.step']= ''</cc:expression>
					<cc:expression>props['integration.message'] = ''</cc:expression>
				</cc:eval>
			</cc:steps>
		</cc:async-mediation>
		<cc:aggregator id="SubAuditAggregator" routes-to="SubAuditStore" allow-external-control="false" collate-when="props['process.batch'] == false" force-batch-on-last-message="false" force-batch-when="props['process.batch'] == true">
			<cc:size-batch-strategy batch-size="-1"/>
			<cc:xml-message-content-collater>
        <cc:header-text>&lt;Audit></cc:header-text>
        <cc:footer-text>&lt;/Audit></cc:footer-text>
      </cc:xml-message-content-collater>
		</cc:aggregator>
		<cc:async-mediation id="SubAuditStore" routes-to="SubAudit_Log">
			<cc:steps>
				<cc:xml-to-csv id="XmlToCsv" output="variable" output-mimetype="text/csv" output-variable="audit.csv" writeHeaderLine="true"/>
				<cc:text-excel id="TextExcel" output="variable" output-variable="audit.xls" input="variable" input-variable="audit.csv" style="text2excel"/>
				<cc:store id="Audit_Store" output="variable" output-variable="audit.xls.output" input="variable" input-variable="audit.xls" collection="@{props['source.name']}" createDocumentReference="false" title="Inbound_Audit_Log"/>
			</cc:steps>
		</cc:async-mediation>
		<cc:local-in id="InCloseBenefits" routes-to="CloseBenefits"/>
		<cc:local-out id="CallCloseBenefits" store-message="both" execute-when="props['Change.Benefits.Trans.TF'] == 'true'" routes-response-to="CallChangeBenefits" endpoint="vm://INT0068-Monthly-TBA-Payroll-Deduction-Inbound/InCloseBenefits"/>
		<cc:local-out id="CallPayrollInputs" store-message="both" execute-when="props['Payroll.Input.Trans.TF'] == 'true'" routes-response-to="CountSuccess" endpoint="vm://INT0068-Monthly-TBA-Payroll-Deduction-Inbound/ProcessPayrollInputs"/>
		<cc:local-in id="ProcessPayrollInputs" routes-to="PutPayrollInput"/>
		<cc:local-out id="Error_PayrollInputsSubProcess" store-message="both" endpoint="vm://INT0068-Monthly-TBA-Payroll-Deduction-Inbound/ErrorHandler">
			<cc:set name="step.id" value="'Payroll Input'"/>
		<cc:set name="initial.retrieval" value="false"/></cc:local-out>
		<cc:async-mediation id="ValidationMode-04" routes-to="PayrollInputRequest" execute-steps-when="props['lp.validation.mode'] == '1' || props['lp.validation.mode'] == 'true' ||  props['lp.validation.mode'] == true" handle-downstream-errors="true">
			<cc:steps>
				<cc:set-headers id="ValidationOn">
					<cc:remove-headers/>
					<cc:add-headers>
						<cc:add-header name="X-Validate-Only" value="1"/>
					</cc:add-headers>
				</cc:set-headers>
				<cc:log id="LogReq">
					<cc:log-message>
						<cc:text>&#xD; ----Web Service Request---&#xD; </cc:text>
						<cc:message-content/>
						<cc:line-separator/>
					</cc:log-message>
				</cc:log>
			</cc:steps>
			<cc:send-error id="SendError" routes-to="Error_PayrollInputsSubProcess"/>
		</cc:async-mediation>
		<cc:workday-out-soap id="PayrollInputRequest" execute-when="props['error.free.payroll.input'] &amp;&amp; parts[0].xpathB('env:Envelope/env:Body/wd:Submit_Payroll_Input_Request/wd:Payroll_Input_Data')" application="Payroll" version="v22"/>
        <cc:sync-mediation id="PutPayrollInput" routes-to="ValidationMode-04" handle-downstream-errors="false">
            <cc:request-steps>
                <cc:eval id="Flags">
					
					<cc:expression>props['error.free.payroll.input'] = true</cc:expression>
				<cc:expression>props['transaction.type'] = 'Payroll Input'</cc:expression></cc:eval>
                <cc:xslt id="Req" output="message" input="variable" input-variable="worker.row" url="INT0068-BuildPayrollInputsRequest.xsl"/>
                <cc:xslt id="Audit" output="variable" output-variable="Audit.Payroll.Input" url="INT0068AuditPI.xsl"/>
            </cc:request-steps>
            <cc:response-steps>
                <cc:set-headers id="ValidationOff">
                    <cc:remove-headers>
                        <cc:remove-header name="X-Validate-Only"/>
                    </cc:remove-headers>
                    <cc:add-headers/>
                </cc:set-headers>
            </cc:response-steps>
            <cc:send-error id="ErrorHandlerXSLT" routes-to="Error_PayrollInputsSubProcess"/>
        </cc:sync-mediation>
        <cc:local-in id="ProcessWorker" routes-to="SplitByWorker"/>
        <cc:local-out id="Call_ProcessWorker" store-message="both" execute-when="props['error.free']" routes-response-to="Call_FinalizeLog" endpoint="vm://INT0068-Monthly-TBA-Payroll-Deduction-Inbound/ProcessWorker"/>
       
        <cc:sync-mediation id="CloseBenefits" routes-to="CloseBenValidation" handle-downstream-errors="false">
            <cc:request-steps>
                <cc:eval id="Eval"><cc:expression>props['error.free.close.benefits'] = true</cc:expression><cc:expression>props['transaction.type'] = 'Close Benefits'</cc:expression></cc:eval>
                <cc:xslt id="CloseBen" input="variable" input-variable="worker.row" url="INT0068BuildCloseBen.xsl"/>
            </cc:request-steps>
            <cc:response-steps>
                <cc:set-headers id="ValidationOff"><cc:remove-headers><cc:remove-header name="X-Validate-Only"/></cc:remove-headers><cc:add-headers/></cc:set-headers>
            </cc:response-steps>
            <cc:send-error id="ErrorHandler" routes-to="Error_CloseBenefitsSubProcess"/>
        </cc:sync-mediation>
        <cc:async-mediation id="CloseBenValidation" routes-to="CloseBenefits2" execute-steps-when="props['lp.validation.mode'] == '1' || props['lp.validation.mode'] == 'true' ||  props['lp.validation.mode'] == true" handle-downstream-errors="true">
            <cc:steps>
                <cc:set-headers id="ValidationOn"><cc:remove-headers/><cc:add-headers><cc:add-header name="X-Validate-Only" value="1"/></cc:add-headers></cc:set-headers>
                <cc:log id="LogReq">
                    <cc:log-message>
                        <cc:text>&#xD; ----Web Service Request---&#xD; </cc:text>
                        <cc:message-content/>
                        <cc:line-separator/>
                    </cc:log-message>
                </cc:log>
            </cc:steps>
            <cc:send-error id="SendError" routes-to="Error_CloseBenefitsSubProcess"/>
        </cc:async-mediation>
        <cc:local-out id="CallChangeBenefits" store-message="none" execute-when="props['Change.Benefits.Trans.TF'] == 'true'" routes-response-to="CallPayrollInputs" endpoint="vm://INT0068-Monthly-TBA-Payroll-Deduction-Inbound/InChangeBenefits"/>
        <cc:local-in id="InChangeBenefits" routes-to="ChangeBenefits"/>
        <cc:local-out id="Error_CloseBenefitsSubProcess" store-message="both" endpoint="vm://INT0068-Monthly-TBA-Payroll-Deduction-Inbound/ErrorHandler">
            <cc:set name="step.id" value="'Close Benefits'"/>
            <cc:set name="initial.retrieval" value="false"/>
        </cc:local-out>
        <cc:workday-out-soap id="CloseBenefits2" execute-when="props['error.free.close.benefits']" application="Benefits_Administration" version="v22"/>
        <cc:splitter id="Splitter" no-split-message-error="true">
            <cc:sub-route name="SubRoute" routes-to="ProcessFile"/>
            <cc:standard-splitter>
                <cc:content-fixed-lines/>
            </cc:standard-splitter>
        </cc:splitter>
        <cc:async-mediation id="ProcessFile" routes-to="Aggregator">
            <cc:steps>
                <cc:write id="Node">
                    <cc:message>
                        <cc:text>&lt;Record></cc:text>
                        <cc:message-content/>
                        <cc:text>&lt;/Record></cc:text>
                    </cc:message>
                </cc:write>
                <cc:xslt id="Xslt" url="INT0068ProcessFile.xsl"/>
            </cc:steps>
        </cc:async-mediation>
        <cc:aggregator id="Aggregator" routes-to="WholeFile" allow-external-control="false" force-batch-on-last-message="true">
            <cc:size-batch-strategy batch-size="-1"/>
            <cc:xml-message-content-collater>
        <cc:header-text>&lt;File></cc:header-text>
        <cc:footer-text>&lt;/File></cc:footer-text>
      </cc:xml-message-content-collater>
        </cc:aggregator>
        <cc:async-mediation id="WholeFile">
            <cc:steps>
                <cc:eval id="Count"><cc:expression>props['record.count'] = parts[0].xpath('count(/File/Detail)')</cc:expression></cc:eval>
                <cc:store id="Store" output="variable" output-variable="processed.file.output" collection="INT0068File" expiresIn="P10D" summary="wholefile" title="WholeFile"/>
            </cc:steps>
            <cc:send-error id="ErrorWhFile" routes-to="Error_DocRetrieval"/>
        </cc:async-mediation>
        <cc:async-mediation id="PrepWorkerRow" routes-to="CallCloseBenefits" handle-downstream-errors="true">
            <cc:steps>
                <cc:eval id="InputProps">
                    <cc:expression>props['split.counter'] = props['split.counter'] + 1</cc:expression>
				    
				    
					<cc:expression>props['ee.id'] = parts[0].xpath(&quot;Detail/EmployeeID&quot;)</cc:expression>
					<cc:expression>props['success.integration.message'] = 'Record successfullyupdated: ' + props['ee.id']</cc:expression>
				    
				    
				    
				    
				    <cc:expression>props['ee.benefit.plan.map'] = intsys.integrationMapLookup('Plan Map for Frequency', props['lp.frequency'])</cc:expression>
				 <cc:expression>vars['Audit.Payroll.Input'] = ''</cc:expression><cc:expression>vars['Audit.Change.Benefits'] = ''</cc:expression></cc:eval>
                <cc:copy id="Copy" output="variable" output-variable="worker.row"/>
                <cc:xslt id="PlansSplit" url="INT0068PlansSplit.xsl"/>
                <cc:eval id="Eval"><cc:expression>props['Payroll.Input.Trans.TF'] = parts[0].xpath(&quot;wd:Transactions/wd:PI&quot;)</cc:expression><cc:expression>props['Change.Benefits.Trans.TF'] = parts[0].xpath(&quot;wd:Transactions/wd:CB&quot;)</cc:expression><cc:expression> props['error.free.change.benefits'] = ''</cc:expression><cc:expression>props['error.free.payroll.input'] = ''</cc:expression><cc:expression> props['error.free.close.benefits'] = ''</cc:expression><cc:expression>props['file.date'] = parts[0].xpath(&quot;wd:Transactions/wd:PPBeginDate&quot;)</cc:expression></cc:eval>
            </cc:steps>
            <cc:send-error id="SendError" routes-to="Error_ProcessWorker"/>
        </cc:async-mediation>
        <cc:local-out id="Error_ProcessWorker" store-message="both" endpoint="vm://INT0068-Monthly-TBA-Payroll-Deduction-Inbound/ErrorHandler">
            <cc:set name="step.id" value="'Process Worker'"/>
            <cc:set name="initial.retrieval" value="false"/>
        </cc:local-out>



	</cc:assembly>

</beans>
