<?xml version="1.0" encoding="UTF-8"?>
<wdnm:Diagram xmlns:wdnm="http://workday.com/studio/editors/notation">
  <element href="assembly.xml#WorkdayAssembly"/>
  <visualProperties x="171" y="157">
    <element href="assembly.xml#StartHere"/>
  </visualProperties>
  <visualProperties x="309" y="153">
    <element href="assembly.xml#AsyncMediation"/>
  </visualProperties>
  <visualProperties x="538" y="143">
    <element href="assembly.xml#PutIntegrationMessage"/>
  </visualProperties>
  <connections type="routesTo" sourceAnchorX="0.8165137614678899" sourceAnchorY="1.0" targetAnchorX="0.2125984251968504" targetAnchorY="0.5978260869565217">
    <source href="assembly.xml#StartHere"/>
    <target href="assembly.xml#AsyncMediation"/>
  </connections>
  <connections type="routesTo" sourceAnchorX="1.0" sourceAnchorY="0.1956521739130435" targetAnchorX="0.23369565217391305" targetAnchorY="0.6486486486486487">
    <source href="assembly.xml#AsyncMediation"/>
    <target href="assembly.xml#PutIntegrationMessage"/>
  </connections>
</wdnm:Diagram>
