<?xml version="1.0" encoding="UTF-8"?>
<wdnm:Diagram xmlns:wdnm="http://workday.com/studio/editors/notation">
  <element href="assembly.xml#WorkdayAssembly"/>
  <visualProperties x="79" y="88">
    <element href="assembly.xml#StartHere"/>
  </visualProperties>
  <visualProperties x="173" y="93">
    <element href="assembly.xml#Call-Init"/>
  </visualProperties>
  <visualProperties x="353" y="113">
    <element href="assembly.xml#Call-OANDA-Request"/>
  </visualProperties>
  <visualProperties x="65" y="211">
    <element href="assembly.xml#Init"/>
  </visualProperties>
  <visualProperties x="184" y="236">
    <element href="assembly.xml#Attributes-LP"/>
  </visualProperties>
  <visualProperties x="258" y="391">
    <element href="assembly.xml#Cloug-Log-Error0"/>
  </visualProperties>
  <visualProperties x="386" y="301">
    <element href="assembly.xml#CurrencyRateTypeRoute"/>
  </visualProperties>
  <visualProperties x="588" y="265">
    <element href="assembly.xml#Process-Current-Rate"/>
  </visualProperties>
  <visualProperties x="602" y="363">
    <element href="assembly.xml#Process-Avg-Rate"/>
  </visualProperties>
  <visualProperties x="632" y="481">
    <element href="assembly.xml#AsyncMediation2"/>
  </visualProperties>
  <visualProperties x="741" y="344">
    <element href="assembly.xml#QuoteCurrencyLoop"/>
  </visualProperties>
  <visualProperties x="76" y="714">
    <element href="assembly.xml#OANDA-Request"/>
  </visualProperties>
  <visualProperties x="201" y="708">
    <element href="assembly.xml#Debug-OANDA-Req"/>
  </visualProperties>
  <visualProperties x="866" y="339">
    <element href="assembly.xml#GetNextQuoteCurrency"/>
  </visualProperties>
  <visualProperties x="380" y="775">
    <element href="assembly.xml#Get-OANDA-Rates"/>
  </visualProperties>
  <visualProperties x="490" y="775">
    <element href="assembly.xml#Debug-OANDA-Resp"/>
  </visualProperties>
  <visualProperties x="67" y="904">
    <element href="assembly.xml#Prepare-Request"/>
  </visualProperties>
  <visualProperties x="175" y="915">
    <element href="assembly.xml#Add-Header-Footer"/>
  </visualProperties>
  <visualProperties x="448" y="971">
    <element href="assembly.xml#Call-Splitter"/>
  </visualProperties>
  <visualProperties x="56" y="1101">
    <element href="assembly.xml#Split-Rates"/>
  </visualProperties>
  <visualProperties x="187" y="1122">
    <element href="assembly.xml#Currency-Rates-Splitter"/>
  </visualProperties>
  <visualProperties x="319" y="1183">
    <element href="assembly.xml#ProcessCurrencyRate"/>
  </visualProperties>
  <visualProperties x="592" y="1209">
    <element href="assembly.xml#Rates-Aggregator"/>
  </visualProperties>
  <visualProperties x="536" y="102">
    <element href="assembly.xml#Call-Prepare-req"/>
  </visualProperties>
  <visualProperties x="76" y="1402">
    <element href="assembly.xml#Submit-Currency"/>
  </visualProperties>
  <visualProperties x="213" y="1431">
    <element href="assembly.xml#Debug-Request"/>
  </visualProperties>
  <visualProperties x="380" y="1456">
    <element href="assembly.xml#Submit-Currency-Rates"/>
  </visualProperties>
  <visualProperties x="538" y="1456">
    <element href="assembly.xml#Debug-Response"/>
  </visualProperties>
  <visualProperties x="705" y="113">
    <element href="assembly.xml#Call-Inverse-Rates"/>
  </visualProperties>
  <visualProperties x="74" y="1622">
    <element href="assembly.xml#Sub-Inverse-Rates"/>
  </visualProperties>
  <visualProperties x="224" y="1620">
    <element href="assembly.xml#Call-Prepare-API"/>
  </visualProperties>
  <visualProperties x="407" y="1643">
    <element href="assembly.xml#Call-Recall-API"/>
  </visualProperties>
  <visualProperties x="576" y="1638">
    <element href="assembly.xml#Call-Prepare-WWS"/>
  </visualProperties>
  <visualProperties x="86" y="1737">
    <element href="assembly.xml#Prepare-API"/>
  </visualProperties>
  <visualProperties x="191" y="1749">
    <element href="assembly.xml#Request-Init"/>
  </visualProperties>
  <visualProperties x="357" y="1786">
    <element href="assembly.xml#QuoteCurrencyLoop-1"/>
  </visualProperties>
  <visualProperties x="539" y="1827">
    <element href="assembly.xml#GetNextQuoteCurrency-1"/>
  </visualProperties>
  <visualProperties x="90" y="2067">
    <element href="assembly.xml#Recall-API"/>
  </visualProperties>
  <visualProperties x="183" y="2078">
    <element href="assembly.xml#Debug-OANDA-Request"/>
  </visualProperties>
  <visualProperties x="346" y="2067">
    <element href="assembly.xml#Get-OANDA-Rate"/>
  </visualProperties>
  <visualProperties x="486" y="2045">
    <element href="assembly.xml#Debug-OANDA-Response"/>
  </visualProperties>
  <visualProperties x="693" y="122">
    <element href="assembly.xml#Call-Submit-Rates"/>
  </visualProperties>
  <visualProperties x="1049" y="117">
    <element href="assembly.xml#Call-CloudLog"/>
  </visualProperties>
  <visualProperties x="56" y="2211">
    <element href="assembly.xml#Prepare-WWS"/>
  </visualProperties>
  <visualProperties x="198" y="2222">
    <element href="assembly.xml#Create-Header-And-Footer"/>
  </visualProperties>
  <visualProperties x="490" y="2325">
    <element href="assembly.xml#Call-Split-Currency"/>
  </visualProperties>
  <visualProperties x="79" y="2619">
    <element href="assembly.xml#Split-Currency"/>
  </visualProperties>
  <visualProperties x="191" y="2615">
    <element href="assembly.xml#Currency-Rate-Splitter0"/>
  </visualProperties>
  <visualProperties x="393" y="2712">
    <element href="assembly.xml#Process-Currency-Rates"/>
  </visualProperties>
  <visualProperties x="634" y="2722">
    <element href="assembly.xml#Currency-Rates-Aggregator0"/>
  </visualProperties>
  <visualProperties x="88" y="3021">
    <element href="assembly.xml#Recall-WWS"/>
  </visualProperties>
  <visualProperties x="168" y="3031">
    <element href="assembly.xml#AsyncMediation16"/>
  </visualProperties>
  <visualProperties x="367" y="3081">
    <element href="assembly.xml#Submit-Curr-Rates-Req"/>
  </visualProperties>
  <visualProperties x="540" y="3083">
    <element href="assembly.xml#AsyncMediation17"/>
  </visualProperties>
  <visualProperties x="90" y="3397">
    <element href="assembly.xml#CloudLogSubRoutine"/>
  </visualProperties>
  <visualProperties x="190" y="3409">
    <element href="assembly.xml#AsyncMediation18"/>
  </visualProperties>
  <visualProperties x="391" y="3473">
    <element href="assembly.xml#Route2"/>
  </visualProperties>
  <visualProperties x="507" y="3529">
    <element href="assembly.xml#PutIntegration-Success-Message"/>
  </visualProperties>
  <visualProperties x="636" y="3496">
    <element href="assembly.xml#PutIntegration-Error-Message"/>
  </visualProperties>
  <visualProperties x="85" y="3736">
    <element href="assembly.xml#//@beans/@mixed.1/@mixed.119"/>
  </visualProperties>
  <visualProperties x="203" y="3767">
    <element href="assembly.xml#PutIntegrationMessage"/>
  </visualProperties>
  <visualProperties x="767" y="875">
    <element href="assembly.xml#Cloug-Log-Error2"/>
  </visualProperties>
  <visualProperties x="523" y="1140">
    <element href="assembly.xml#Cloug-Log-Error3"/>
  </visualProperties>
  <visualProperties x="701" y="1529">
    <element href="assembly.xml#Cloug-Log-Error4"/>
  </visualProperties>
  <visualProperties x="415" y="1918">
    <element href="assembly.xml#Cloug-Log-Error5"/>
  </visualProperties>
  <visualProperties x="1044" y="1918">
    <element href="assembly.xml#Cloug-Log-Error6"/>
  </visualProperties>
  <visualProperties x="785" y="2246">
    <element href="assembly.xml#Call-Recall-WWS"/>
  </visualProperties>
  <visualProperties x="396" y="2429">
    <element href="assembly.xml#Cloug-Log-Error7"/>
  </visualProperties>
  <visualProperties x="825" y="2429">
    <element href="assembly.xml#Cloug-Log-Error8"/>
  </visualProperties>
  <visualProperties x="391" y="2818">
    <element href="assembly.xml#Cloug-Log-Error9"/>
  </visualProperties>
  <visualProperties x="730" y="2818">
    <element href="assembly.xml#Cloug-Log-Error10"/>
  </visualProperties>
  <visualProperties x="506" y="3269">
    <element href="assembly.xml#Cloug-Log-Error11"/>
  </visualProperties>
  <visualProperties x="690" y="3596">
    <element href="assembly.xml#Cloug-Log-Error12"/>
  </visualProperties>
  <visualProperties x="403" y="3985">
    <element href="assembly.xml#Cloug-Log-Error13"/>
  </visualProperties>
  <visualProperties x="1027" y="3985">
    <element href="assembly.xml#Cloug-Log-Error14"/>
  </visualProperties>
  <visualProperties x="468" y="4414">
    <element href="assembly.xml#Cloug-Log-Error15"/>
  </visualProperties>
  <visualProperties x="436" y="751">
    <element href="assembly.xml#Cloug-Log-Error1"/>
  </visualProperties>
  <visualProperties x="442" y="1894">
    <element href="assembly.xml#AsyncMediation"/>
  </visualProperties>
  <visualProperties x="740" y="1901">
    <element href="assembly.xml#AsyncMediation0"/>
  </visualProperties>
  <visualProperties x="610" y="1918">
    <element href="assembly.xml#Cloug-Log-Error50"/>
  </visualProperties>
  <visualProperties x="1195" y="1918">
    <element href="assembly.xml#Cloug-Log-Error51"/>
  </visualProperties>
  <visualProperties x="463" y="3928">
    <element href="assembly.xml#AsyncMediation1"/>
  </visualProperties>
  <visualProperties x="858" y="3926">
    <element href="assembly.xml#AsyncMediation3"/>
  </visualProperties>
  <visualProperties x="606" y="3985">
    <element href="assembly.xml#Cloug-Log-Error130"/>
  </visualProperties>
  <visualProperties x="1036" y="3985">
    <element href="assembly.xml#Cloug-Log-Error1300"/>
  </visualProperties>
  <connections type="routesTo">
    <source href="assembly.xml#StartHere"/>
    <target href="assembly.xml#Call-Init"/>
  </connections>
  <connections type="routesResponseTo">
    <source href="assembly.xml#Call-Init"/>
    <target href="assembly.xml#Call-OANDA-Request"/>
  </connections>
  <connections type="routesTo">
    <source href="assembly.xml#Init"/>
    <target href="assembly.xml#Attributes-LP"/>
  </connections>
  <connections type="routesTo">
    <source href="assembly.xml#//@beans/@mixed.1/@mixed.9/@mixed.3"/>
    <target href="assembly.xml#Cloug-Log-Error0"/>
  </connections>
  <connections type="routesTo">
    <source href="assembly.xml#Attributes-LP"/>
    <target href="assembly.xml#CurrencyRateTypeRoute"/>
  </connections>
  <connections type="routesTo">
    <source href="assembly.xml#//@beans/@mixed.1/@route.0/@subRoute.0"/>
    <target href="assembly.xml#Process-Current-Rate"/>
  </connections>
  <connections type="routesTo">
    <source href="assembly.xml#//@beans/@mixed.1/@route.0/@subRoute.1"/>
    <target href="assembly.xml#Process-Avg-Rate"/>
  </connections>
  <connections type="routesTo">
    <source href="assembly.xml#//@beans/@mixed.1/@route.0/@subRoute.2"/>
    <target href="assembly.xml#AsyncMediation2"/>
  </connections>
  <connections type="routesTo">
    <source href="assembly.xml#Process-Current-Rate"/>
    <target href="assembly.xml#QuoteCurrencyLoop"/>
  </connections>
  <connections type="routesTo">
    <source href="assembly.xml#Process-Avg-Rate"/>
    <target href="assembly.xml#QuoteCurrencyLoop"/>
  </connections>
  <connections type="routesTo">
    <source href="assembly.xml#//@beans/@mixed.1/@route.1/@subRoute.0"/>
    <target href="assembly.xml#GetNextQuoteCurrency"/>
  </connections>
  <connections type="routesTo">
    <source href="assembly.xml#OANDA-Request"/>
    <target href="assembly.xml#Debug-OANDA-Req"/>
  </connections>
  <connections type="routesTo">
    <source href="assembly.xml#Debug-OANDA-Req"/>
    <target href="assembly.xml#Get-OANDA-Rates"/>
  </connections>
  <connections type="routesResponseTo">
    <source href="assembly.xml#Get-OANDA-Rates"/>
    <target href="assembly.xml#Debug-OANDA-Resp"/>
  </connections>
  <connections type="routesTo">
    <source href="assembly.xml#Prepare-Request"/>
    <target href="assembly.xml#Add-Header-Footer"/>
  </connections>
  <connections type="routesTo">
    <source href="assembly.xml#Add-Header-Footer"/>
    <target href="assembly.xml#Call-Splitter"/>
  </connections>
  <connections type="routesTo">
    <source href="assembly.xml#//@beans/@mixed.1/@splitter.0/@subRoute.0"/>
    <target href="assembly.xml#ProcessCurrencyRate"/>
  </connections>
  <connections type="routesTo">
    <source href="assembly.xml#Split-Rates"/>
    <target href="assembly.xml#Currency-Rates-Splitter"/>
  </connections>
  <connections type="routesTo">
    <source href="assembly.xml#ProcessCurrencyRate"/>
    <target href="assembly.xml#Rates-Aggregator"/>
  </connections>
  <connections type="routesTo">
    <source href="assembly.xml#Submit-Currency"/>
    <target href="assembly.xml#Debug-Request"/>
  </connections>
  <connections type="routesResponseTo">
    <source href="assembly.xml#Call-OANDA-Request"/>
    <target href="assembly.xml#Call-Prepare-req"/>
  </connections>
  <connections type="routesTo">
    <source href="assembly.xml#Sub-Inverse-Rates"/>
    <target href="assembly.xml#Call-Prepare-API"/>
  </connections>
  <connections type="routesResponseTo">
    <source href="assembly.xml#Call-Prepare-API"/>
    <target href="assembly.xml#Call-Recall-API"/>
  </connections>
  <connections type="routesResponseTo">
    <source href="assembly.xml#Call-Recall-API"/>
    <target href="assembly.xml#Call-Prepare-WWS"/>
  </connections>
  <connections type="routesTo">
    <source href="assembly.xml#Prepare-API"/>
    <target href="assembly.xml#Request-Init"/>
  </connections>
  <connections type="routesTo">
    <source href="assembly.xml#Request-Init"/>
    <target href="assembly.xml#QuoteCurrencyLoop-1"/>
  </connections>
  <connections type="routesTo">
    <source href="assembly.xml#//@beans/@mixed.1/@route.2/@subRoute.0"/>
    <target href="assembly.xml#GetNextQuoteCurrency-1"/>
  </connections>
  <connections type="routesTo">
    <source href="assembly.xml#Recall-API"/>
    <target href="assembly.xml#Debug-OANDA-Request"/>
  </connections>
  <connections type="routesTo">
    <source href="assembly.xml#Debug-OANDA-Request"/>
    <target href="assembly.xml#Get-OANDA-Rate"/>
  </connections>
  <connections type="routesResponseTo">
    <source href="assembly.xml#Get-OANDA-Rate"/>
    <target href="assembly.xml#Debug-OANDA-Response"/>
  </connections>
  <connections type="routesResponseTo">
    <source href="assembly.xml#Call-Prepare-req"/>
    <target href="assembly.xml#Call-Submit-Rates"/>
  </connections>
  <connections type="routesResponseTo">
    <source href="assembly.xml#Call-Inverse-Rates"/>
    <target href="assembly.xml#Call-CloudLog"/>
  </connections>
  <connections type="routesTo">
    <source href="assembly.xml#Create-Header-And-Footer"/>
    <target href="assembly.xml#Call-Split-Currency"/>
  </connections>
  <connections type="routesTo">
    <source href="assembly.xml#Split-Currency"/>
    <target href="assembly.xml#Currency-Rate-Splitter0"/>
  </connections>
  <connections type="routesTo">
    <source href="assembly.xml#//@beans/@mixed.1/@splitter.1/@subRoute.0"/>
    <target href="assembly.xml#Process-Currency-Rates"/>
  </connections>
  <connections type="routesTo">
    <source href="assembly.xml#Process-Currency-Rates"/>
    <target href="assembly.xml#Currency-Rates-Aggregator0"/>
  </connections>
  <connections type="routesTo">
    <source href="assembly.xml#Recall-WWS"/>
    <target href="assembly.xml#AsyncMediation16"/>
  </connections>
  <connections type="routesTo">
    <source href="assembly.xml#//@beans/@mixed.1/@route.3/@subRoute.0"/>
    <target href="assembly.xml#PutIntegration-Success-Message"/>
  </connections>
  <connections type="routesTo">
    <source href="assembly.xml#//@beans/@mixed.1/@route.3/@subRoute.1"/>
    <target href="assembly.xml#PutIntegration-Error-Message"/>
  </connections>
  <connections type="routesTo">
    <source href="assembly.xml#AsyncMediation18"/>
    <target href="assembly.xml#Route2"/>
  </connections>
  <connections type="routesTo">
    <source href="assembly.xml#CloudLogSubRoutine"/>
    <target href="assembly.xml#AsyncMediation18"/>
  </connections>
  <connections type="routesTo">
    <source href="assembly.xml#//@beans/@mixed.1/@mixed.119"/>
    <target href="assembly.xml#PutIntegrationMessage"/>
  </connections>
  <connections type="routesTo">
    <source href="assembly.xml#//@beans/@mixed.1/@mixed.31/@mixed.3"/>
    <target href="assembly.xml#Cloug-Log-Error2"/>
  </connections>
  <connections type="routesTo">
    <source href="assembly.xml#//@beans/@mixed.1/@mixed.35/@mixed.3"/>
    <target href="assembly.xml#Cloug-Log-Error3"/>
  </connections>
  <connections type="routesTo">
    <source href="assembly.xml#//@beans/@mixed.1/@mixed.43/@mixed.3"/>
    <target href="assembly.xml#Cloug-Log-Error4"/>
  </connections>
  <connections type="routesTo" sourceAnchorX="0.5447154471544715" sourceAnchorY="1.0" targetAnchorX="0.5379310344827586" targetAnchorY="0.13829787234042554">
    <source href="assembly.xml#//@beans/@mixed.1/@mixed.51/@mixed.3"/>
    <target href="assembly.xml#Cloug-Log-Error5"/>
  </connections>
  <connections type="routesTo" sourceAnchorX="0.6257309941520468" sourceAnchorY="1.0" targetAnchorX="0.7310344827586207" targetAnchorY="0.14893617021276595">
    <source href="assembly.xml#//@beans/@mixed.1/@mixed.55/@mixed.3"/>
    <target href="assembly.xml#Cloug-Log-Error6"/>
  </connections>
  <connections type="routesResponseTo">
    <source href="assembly.xml#Call-Prepare-WWS"/>
    <target href="assembly.xml#Call-Recall-WWS"/>
  </connections>
  <connections type="routesTo">
    <source href="assembly.xml#//@beans/@mixed.1/@mixed.69/@mixed.3"/>
    <target href="assembly.xml#Cloug-Log-Error7"/>
  </connections>
  <connections type="routesTo">
    <source href="assembly.xml#//@beans/@mixed.1/@mixed.73/@mixed.3"/>
    <target href="assembly.xml#Cloug-Log-Error8"/>
  </connections>
  <connections type="routesTo">
    <source href="assembly.xml#//@beans/@mixed.1/@mixed.77/@mixed.3"/>
    <target href="assembly.xml#Cloug-Log-Error9"/>
  </connections>
  <connections type="routesTo">
    <source href="assembly.xml#//@beans/@mixed.1/@mixed.81/@mixed.3"/>
    <target href="assembly.xml#Cloug-Log-Error10"/>
  </connections>
  <connections type="routesTo">
    <source href="assembly.xml#Prepare-WWS"/>
    <target href="assembly.xml#Create-Header-And-Footer"/>
  </connections>
  <connections type="routesTo">
    <source href="assembly.xml#//@beans/@mixed.1/@mixed.89/@mixed.3"/>
    <target href="assembly.xml#Cloug-Log-Error11"/>
  </connections>
  <connections type="routesTo" sourceAnchorX="0.7761904761904762" sourceAnchorY="1.0" targetAnchorX="0.35172413793103446" targetAnchorY="0.13829787234042554">
    <source href="assembly.xml#//@beans/@mixed.1/@mixed.97/@mixed.3"/>
    <target href="assembly.xml#Cloug-Log-Error12"/>
  </connections>
  <connections type="routesTo" sourceAnchorX="0.5597014925373134" sourceAnchorY="1.0" targetAnchorX="0.543046357615894" targetAnchorY="0.2978723404255319">
    <source href="assembly.xml#//@beans/@mixed.1/@mixed.103/@mixed.3"/>
    <target href="assembly.xml#Cloug-Log-Error13"/>
  </connections>
  <connections type="routesTo" sourceAnchorX="0.5759493670886076" sourceAnchorY="1.0" targetAnchorX="0.6066666666666667" targetAnchorY="0.3191489361702128">
    <source href="assembly.xml#//@beans/@mixed.1/@mixed.107/@mixed.3"/>
    <target href="assembly.xml#Cloug-Log-Error14"/>
  </connections>
  <connections type="routesTo" sourceAnchorX="0.582089552238806" sourceAnchorY="1.0" targetAnchorX="0.5723684210526315" targetAnchorY="0.30851063829787234">
    <source href="assembly.xml#//@beans/@mixed.1/@mixed.111/@mixed.3"/>
    <target href="assembly.xml#Cloug-Log-Error15"/>
  </connections>
  <connections type="routesTo" sourceAnchorX="0.5208333333333334" sourceAnchorY="1.0" targetAnchorX="0.5362318840579711" targetAnchorY="0.2978723404255319">
    <source href="assembly.xml#//@beans/@mixed.1/@mixed.25/@mixed.3"/>
    <target href="assembly.xml#Cloug-Log-Error1"/>
  </connections>
  <connections type="routesTo">
    <source href="assembly.xml#Debug-Request"/>
    <target href="assembly.xml#AsyncMediation"/>
  </connections>
  <connections type="routesTo">
    <source href="assembly.xml#AsyncMediation"/>
    <target href="assembly.xml#Submit-Currency-Rates"/>
  </connections>
  <connections type="routesResponseTo">
    <source href="assembly.xml#Submit-Currency-Rates"/>
    <target href="assembly.xml#AsyncMediation0"/>
  </connections>
  <connections type="routesTo">
    <source href="assembly.xml#AsyncMediation0"/>
    <target href="assembly.xml#Debug-Response"/>
  </connections>
  <connections type="routesTo">
    <source href="assembly.xml#//@beans/@mixed.1/@mixed.155/@mixed.3"/>
    <target href="assembly.xml#Cloug-Log-Error50"/>
  </connections>
  <connections type="routesTo">
    <source href="assembly.xml#//@beans/@mixed.1/@mixed.157/@mixed.3"/>
    <target href="assembly.xml#Cloug-Log-Error51"/>
  </connections>
  <connections type="routesTo">
    <source href="assembly.xml#//@beans/@mixed.1/@mixed.163/@mixed.3"/>
    <target href="assembly.xml#Cloug-Log-Error130"/>
  </connections>
  <connections type="routesTo">
    <source href="assembly.xml#//@beans/@mixed.1/@mixed.165/@mixed.3"/>
    <target href="assembly.xml#Cloug-Log-Error1300"/>
  </connections>
  <connections type="routesTo">
    <source href="assembly.xml#AsyncMediation16"/>
    <target href="assembly.xml#AsyncMediation1"/>
  </connections>
  <connections type="routesTo">
    <source href="assembly.xml#AsyncMediation1"/>
    <target href="assembly.xml#Submit-Curr-Rates-Req"/>
  </connections>
  <connections type="routesResponseTo">
    <source href="assembly.xml#Submit-Curr-Rates-Req"/>
    <target href="assembly.xml#AsyncMediation3"/>
  </connections>
  <connections type="routesTo">
    <source href="assembly.xml#AsyncMediation3"/>
    <target href="assembly.xml#AsyncMediation17"/>
  </connections>
  <connections type="routesResponseTo" sourceAnchorX="0.7169811320754716" sourceAnchorY="1.0" targetAnchorX="0.30656934306569344" targetAnchorY="0.35135135135135137">
    <source href="assembly.xml#Call-Submit-Rates"/>
    <target href="assembly.xml#Call-CloudLog"/>
  </connections>
  <swimlanes x="44" y="47" name="Main Process">
    <elements href="assembly.xml#StartHere"/>
    <elements href="assembly.xml#Call-Init"/>
    <elements href="assembly.xml#Call-OANDA-Request"/>
    <elements href="assembly.xml#Call-Prepare-req"/>
    <elements href="assembly.xml#Call-Submit-Rates"/>
    <elements href="assembly.xml#Call-Inverse-Rates"/>
    <elements href="assembly.xml#Call-CloudLog"/>
  </swimlanes>
  <swimlanes x="38" y="178" name="Swimlane">
    <elements href="assembly.xml#Init"/>
    <elements href="#//@swimlanes.2"/>
    <elements href="assembly.xml#CurrencyRateTypeRoute"/>
    <elements href="#//@swimlanes.3"/>
    <elements href="assembly.xml#QuoteCurrencyLoop"/>
    <elements href="assembly.xml#GetNextQuoteCurrency"/>
  </swimlanes>
  <swimlanes x="193" y="308" name="Swimlane" orientation="VERTICAL">
    <elements href="assembly.xml#Attributes-LP"/>
    <elements href="assembly.xml#Cloug-Log-Error0"/>
  </swimlanes>
  <swimlanes x="541" y="319" name="Swimlane" orientation="VERTICAL">
    <elements href="assembly.xml#Process-Current-Rate"/>
    <elements href="assembly.xml#Process-Avg-Rate"/>
    <elements href="assembly.xml#AsyncMediation2"/>
  </swimlanes>
  <swimlanes x="46" y="684" name="Swimlane">
    <elements href="assembly.xml#OANDA-Request"/>
    <elements href="#//@swimlanes.22"/>
    <elements href="assembly.xml#Get-OANDA-Rates"/>
    <elements href="#//@swimlanes.23"/>
  </swimlanes>
  <swimlanes x="38" y="1119" name="Create Workday Submit Currency Conversion Rates Request">
    <elements href="assembly.xml#Prepare-Request"/>
    <elements href="#//@swimlanes.24"/>
    <elements href="assembly.xml#Call-Splitter"/>
  </swimlanes>
  <swimlanes x="38" y="1179" name="Split Currency Rates">
    <elements href="assembly.xml#Split-Rates"/>
    <elements href="#//@swimlanes.7"/>
    <elements href="#//@swimlanes.26"/>
    <elements href="assembly.xml#Rates-Aggregator"/>
  </swimlanes>
  <swimlanes x="155" y="1165" name="Swimlane" orientation="VERTICAL">
    <elements href="assembly.xml#Currency-Rates-Splitter"/>
  </swimlanes>
  <swimlanes x="44" y="1270" name="Swimlane">
    <elements href="assembly.xml#Submit-Currency"/>
    <elements href="#//@swimlanes.27"/>
    <elements href="#//@swimlanes.35"/>
    <elements href="assembly.xml#Submit-Currency-Rates"/>
    <elements href="#//@swimlanes.36"/>
    <elements href="#//@swimlanes.28"/>
  </swimlanes>
  <swimlanes x="44" y="1296" name="Swimlane">
    <elements href="assembly.xml#Sub-Inverse-Rates"/>
    <elements href="assembly.xml#Call-Prepare-API"/>
    <elements href="assembly.xml#Call-Recall-API"/>
    <elements href="assembly.xml#Call-Prepare-WWS"/>
    <elements href="assembly.xml#Call-Recall-WWS"/>
  </swimlanes>
  <swimlanes x="62" y="1371" name="Prepare Recall Oanda API to get the inverse average bid rates">
    <elements href="assembly.xml#Prepare-API"/>
    <elements href="#//@swimlanes.29"/>
    <elements href="assembly.xml#QuoteCurrencyLoop-1"/>
    <elements href="#//@swimlanes.30"/>
  </swimlanes>
  <swimlanes x="56" y="1449" name="Recall-API">
    <elements href="assembly.xml#Recall-API"/>
    <elements href="#//@swimlanes.31"/>
    <elements href="assembly.xml#Get-OANDA-Rate"/>
    <elements href="#//@swimlanes.32"/>
  </swimlanes>
  <swimlanes x="62" y="1380" name="Prepare-WWS">
    <elements href="assembly.xml#Prepare-WWS"/>
    <elements href="#//@swimlanes.13"/>
    <elements href="assembly.xml#Call-Split-Currency"/>
  </swimlanes>
  <swimlanes x="195" y="2293" name="Swimlane" orientation="VERTICAL">
    <elements href="assembly.xml#Create-Header-And-Footer"/>
    <elements href="assembly.xml#Cloug-Log-Error11"/>
  </swimlanes>
  <swimlanes x="32" y="1442" name="Swimlane">
    <elements href="assembly.xml#Split-Currency"/>
    <elements href="assembly.xml#Currency-Rate-Splitter0"/>
    <elements href="#//@swimlanes.15"/>
    <elements href="assembly.xml#Currency-Rates-Aggregator0"/>
  </swimlanes>
  <swimlanes x="404" y="2700" name="Swimlane" orientation="VERTICAL">
    <elements href="assembly.xml#Process-Currency-Rates"/>
    <elements href="assembly.xml#Cloug-Log-Error12"/>
  </swimlanes>
  <swimlanes x="62" y="1648" name="Resubmit API call">
    <elements href="assembly.xml#Recall-WWS"/>
    <elements href="#//@swimlanes.33"/>
    <elements href="#//@swimlanes.37"/>
    <elements href="assembly.xml#Submit-Curr-Rates-Req"/>
    <elements href="#//@swimlanes.38"/>
    <elements href="#//@swimlanes.34"/>
  </swimlanes>
  <swimlanes x="62" y="1706" name="Logging and Error Handling" orientation="VERTICAL" elements="//@swimlanes.18 //@swimlanes.21"/>
  <swimlanes x="59" y="3362" name="CloudLog Utilities">
    <elements href="assembly.xml#CloudLogSubRoutine"/>
    <elements href="#//@swimlanes.20"/>
    <elements href="assembly.xml#Route2"/>
    <elements href="#//@swimlanes.19"/>
  </swimlanes>
  <swimlanes x="510" y="3488" name="Integration Message" orientation="VERTICAL">
    <elements href="assembly.xml#PutIntegration-Success-Message"/>
    <elements href="assembly.xml#PutIntegration-Error-Message"/>
  </swimlanes>
  <swimlanes x="164" y="3498" name="Swimlane" orientation="VERTICAL">
    <elements href="assembly.xml#AsyncMediation18"/>
    <elements href="assembly.xml#Cloug-Log-Error15"/>
  </swimlanes>
  <swimlanes x="69" y="3749" name="Swimlane">
    <elements href="assembly.xml#//@beans/@mixed.1/@mixed.119"/>
    <elements href="assembly.xml#PutIntegrationMessage"/>
  </swimlanes>
  <swimlanes x="162" y="801" name="Swimlane" orientation="VERTICAL">
    <elements href="assembly.xml#Debug-OANDA-Req"/>
    <elements href="assembly.xml#Cloug-Log-Error1"/>
  </swimlanes>
  <swimlanes x="590" y="816" name="Swimlane" orientation="VERTICAL">
    <elements href="assembly.xml#Debug-OANDA-Resp"/>
    <elements href="assembly.xml#Cloug-Log-Error2"/>
  </swimlanes>
  <swimlanes x="192" y="973" name="Swimlane" orientation="VERTICAL">
    <elements href="assembly.xml#Add-Header-Footer"/>
    <elements href="assembly.xml#Cloug-Log-Error3"/>
  </swimlanes>
  <swimlanes x="46" y="-23" name="INTNF67 OANDA to Workday Currency Rates Inbound" orientation="VERTICAL" elements="//@swimlanes.0 //@swimlanes.1 //@swimlanes.4 //@swimlanes.5 //@swimlanes.6 //@swimlanes.8 //@swimlanes.9 //@swimlanes.10 //@swimlanes.11 //@swimlanes.12 //@swimlanes.14 //@swimlanes.16 //@swimlanes.17"/>
  <swimlanes x="446" y="1547" name="Swimlane" orientation="VERTICAL">
    <elements href="assembly.xml#ProcessCurrencyRate"/>
    <elements href="assembly.xml#Cloug-Log-Error4"/>
  </swimlanes>
  <swimlanes x="238" y="1899" name="Swimlane" orientation="VERTICAL">
    <elements href="assembly.xml#Debug-Request"/>
    <elements href="assembly.xml#Cloug-Log-Error5"/>
  </swimlanes>
  <swimlanes x="683" y="1921" name="Swimlane" orientation="VERTICAL">
    <elements href="assembly.xml#Debug-Response"/>
    <elements href="assembly.xml#Cloug-Log-Error6"/>
  </swimlanes>
  <swimlanes x="186" y="2404" name="Swimlane" orientation="VERTICAL">
    <elements href="assembly.xml#Request-Init"/>
    <elements href="assembly.xml#Cloug-Log-Error7"/>
  </swimlanes>
  <swimlanes x="674" y="2428" name="Swimlane" orientation="VERTICAL">
    <elements href="assembly.xml#GetNextQuoteCurrency-1"/>
    <elements href="assembly.xml#Cloug-Log-Error8"/>
  </swimlanes>
  <swimlanes x="196" y="2595" name="Swimlane" orientation="VERTICAL">
    <elements href="assembly.xml#Debug-OANDA-Request"/>
    <elements href="assembly.xml#Cloug-Log-Error9"/>
  </swimlanes>
  <swimlanes x="632" y="2587" name="Swimlane" orientation="VERTICAL">
    <elements href="assembly.xml#Debug-OANDA-Response"/>
    <elements href="assembly.xml#Cloug-Log-Error10"/>
  </swimlanes>
  <swimlanes x="206" y="3942" name="Swimlane" orientation="VERTICAL">
    <elements href="assembly.xml#AsyncMediation16"/>
    <elements href="assembly.xml#Cloug-Log-Error13"/>
  </swimlanes>
  <swimlanes x="710" y="3938" name="Swimlane" orientation="VERTICAL">
    <elements href="assembly.xml#AsyncMediation17"/>
    <elements href="assembly.xml#Cloug-Log-Error14"/>
  </swimlanes>
  <swimlanes x="450" y="1881" name="Swimlane" orientation="VERTICAL">
    <elements href="assembly.xml#AsyncMediation"/>
    <elements href="assembly.xml#Cloug-Log-Error50"/>
  </swimlanes>
  <swimlanes x="880" y="1904" name="Swimlane" orientation="VERTICAL">
    <elements href="assembly.xml#AsyncMediation0"/>
    <elements href="assembly.xml#Cloug-Log-Error51"/>
  </swimlanes>
  <swimlanes x="419" y="3973" name="Swimlane" orientation="VERTICAL">
    <elements href="assembly.xml#AsyncMediation1"/>
    <elements href="assembly.xml#Cloug-Log-Error130"/>
  </swimlanes>
  <swimlanes x="753" y="3971" name="Swimlane" orientation="VERTICAL">
    <elements href="assembly.xml#AsyncMediation3"/>
    <elements href="assembly.xml#Cloug-Log-Error1300"/>
  </swimlanes>
</wdnm:Diagram>
