<?xml version="1.0" encoding="UTF-8"?>
<beans
     xmlns="http://www.springframework.org/schema/beans"
     xmlns:beans="http://www.springframework.org/schema/beans"
     xmlns:atom="http://www.w3.org/2005/Atom"
     xmlns:cc="http://www.capeclear.com/assembly/10"
     xmlns:cloud="urn:com.workday/esb/cloud/10.0"
     xmlns:env="http://schemas.xmlsoap.org/soap/envelope/"
     xmlns:pi="urn:com.workday/picof"
     xmlns:wd="urn:com.workday/bsvc"
     xmlns:xsi="http://www.w3.org/2001/XMLSchema-instance">
 
	<cc:assembly id="WorkdayAssembly" version="2020.9">
        <cc:workday-in id="StartHere" routes-to="Call_Initialize">
            <cc:integration-system name="INT0100E Employee Bonuses Effective Dated Data to IDP Outbound">
        <cloud:param name="Full_File?">
          <cloud:type>
            <cloud:simple-type>boolean</cloud:simple-type>
          </cloud:type>
        </cloud:param>
        <cloud:param name="Data_Date">
          <cloud:type>
            <cloud:simple-type>datetime</cloud:simple-type>
          </cloud:type>
        </cloud:param>
        <cloud:delivery-service name="INT0100E-Delivery"/>
        <cloud:report-service name="INT0100E-Report">
          <cloud:report-alias description="INT0100E Employee Bonuses Effective Dated Data to IDP Outbound" name="INT0100E_Report">
            <cloud:report-reference description="INT0100E Employee Bonuses Effective Dated Data to IDP Outbound" type="WID">3fd5f36bea0b01e0286b4f0aed2348c9</cloud:report-reference>
          </cloud:report-alias>
        </cloud:report-service>
        <cloud:service-reference name="INT0100E Employee Bonuses Effective Dated Data to IDP Outbound"/>
      </cc:integration-system>
        </cc:workday-in>
        <cc:local-out id="Call_Initialize" store-message="none" routes-response-to="Call_BlankFile" endpoint="vm://INT0100E_Employee_Allowances_Effective_Dated_Data_to_IDP_Outbound/Initialize"/>
        <cc:local-in id="Initialize" routes-to="Inititialize"/>
        <cc:async-mediation id="Inititialize" routes-to="GetEventDocuments" handle-downstream-errors="true">
            <cc:steps>
                <cc:eval id="Lps">
                    <cc:expression>props['lp.Full_File'] = lp.getSimpleData('Full_File?')</cc:expression>
                    <cc:expression>props['lp.Data_Date'] = lp.getSimpleData('Data_Date')</cc:expression>
                    <cc:expression>props['Data_Date'] = new java.text.SimpleDateFormat(&quot;yyyy-MM-dd'T'HH:mm:ss.SSSXXX&quot;).parse(props['lp.Data_Date']) </cc:expression>
                    <cc:expression>props['Filename.Date'] = new java.text.SimpleDateFormat(&quot;yyyyMMddHHmmss&quot;).format(props['Data_Date'])</cc:expression>
                    <cc:expression>props['File.Data.Date'] = new java.text.SimpleDateFormat(&quot;yyyyMMdd&quot;).format(props['Data_Date'])</cc:expression>
                    <cc:expression>props['Report_Call'] = intsys.reportService.getExtrapath('INT0100E_Report')</cc:expression>
                    <cc:expression>props['close.agg'] = false</cc:expression>
                    <cc:expression>props['File.Name'] = 'workday.idp.dly_worker_comp_bonus.delta.' # props['Filename.Date']  # '.pgp'</cc:expression>
                </cc:eval>
            </cc:steps>
            <cc:send-error id="SendError" routes-to="PutIntegrationMessage0"/>
        </cc:async-mediation>
        <cc:local-out id="GetEventDocuments" routes-response-to="DocIterator" endpoint="vm://wcc/GetEventDocuments"><cc:set name="ie.event.wid" value="lp.isSet() ? lp.getIntegrationEventWID() : null"/></cc:local-out>
        <cc:route id="DocIterator">
            <cc:doc-iterator labels="Data - Partial"/>
            <cc:sub-route name="SubRoute" routes-to="FileNames"/>
        </cc:route>
        <cc:local-out id="CallAggregate" store-message="none" endpoint="vm://INT0100E_Employee_Allowances_Effective_Dated_Data_to_IDP_Outbound/Aggregate">
            <cc:set name="collate" value="true"/>
            <cc:set name="batch" value="false"/>
        </cc:local-out>
        <cc:async-mediation id="CopyToMessage" routes-to="CallAggregate">
            <cc:steps>
                <cc:copy id="Copy" input="variable" input-variable="wd.retrieve.variable"/>
            </cc:steps>
            <cc:send-error id="SendError" routes-to="PutIntegrationMessage030"/>
        </cc:async-mediation>
        <cc:async-mediation id="FileNames" routes-to="CopyToMessage" execute-steps-when="props['merged.file.name']==null">
            <cc:steps>
                <cc:eval id="Eval">
                    <cc:expression>props['temp.file.name'] = vars['wd.retrieve.variable'].fileName</cc:expression>
                    <cc:expression>props['temp.file.name'] = (props['temp.file.name'].lastIndexOf('-') ==-1) ? props['temp.file.name'] : props['temp.file.name'].substring(0,props['temp.file.name'].lastIndexOf('-')) </cc:expression>
                    <cc:expression>props['merged.file.name'] =  'Merged_' # props['temp.file.name'] # '.xml'</cc:expression>
                </cc:eval>
            </cc:steps>
            <cc:send-error id="SendError" routes-to="PutIntegrationMessage03"/>
        </cc:async-mediation>
        <cc:async-mediation id="SaveFile" handle-downstream-errors="true">
            <cc:steps>
                <cc:log id="Log">
                    <cc:log-message>
                        <cc:line-separator/>
                        <cc:text>Aggregate DIS</cc:text>
                        <cc:line-separator/>
                    </cc:log-message>
                </cc:log>
                <cc:store id="Store" output="variable" output-variable="stored.file" input="message" expiresIn="P180D" title="@{props['merged.file.name']}"/>
            </cc:steps>
            <cc:send-error id="SendError" routes-to="PutIntegrationMessage00"/>
        </cc:async-mediation>
        <cc:aggregator id="Aggregator0" routes-to="SaveFile" collate-when="props['collate']" force-batch-on-last-message="false" force-batch-when="props['batch']">
            <cc:size-batch-strategy/>
            <cc:xml-message-content-collater xpath="*/*">
        <cc:header-text>&lt;root></cc:header-text>
        <cc:footer-text>&lt;/root></cc:footer-text>
      </cc:xml-message-content-collater>
        </cc:aggregator>
        <cc:local-in id="Aggregate" routes-to="Aggregator0">
            <cc:parameter name="collate" type="boolean"/>
            <cc:parameter name="batch" type="boolean"/>
        </cc:local-in>
        <cc:send-error id="global-error-handler" rethrow-error="false" routes-to="Note-Error"/>
        <cc:local-out id="Note-Error" endpoint="vm://wcc/PutIntegrationMessage">
            <cc:set name="is.message.severity" value="'CRITICAL'"/>
            <cc:set name="is.message.summary" value="context.errorMessage"/>
        </cc:local-out>
        <cc:local-out id="CallFinalAggregate" store-message="none" routes-response-to="CallFullFile" endpoint="vm://INT0100E_Employee_Allowances_Effective_Dated_Data_to_IDP_Outbound/Aggregate">
            <cc:set name="collate" value="false"/>
            <cc:set name="batch" value="true"/>
        </cc:local-out>
        <cc:local-out id="PutIntegrationMessage0" endpoint="vm://wcc/PutIntegrationMessage">
            <cc:set name="is.message.severity" value="'ERROR'"/>
            <cc:set name="is.message.summary" value="'Initialize Error reading files : ' # context.errorMessage"/>
        </cc:local-out>
        <cc:local-out id="PutIntegrationMessage00" endpoint="vm://wcc/PutIntegrationMessage">
            <cc:set name="is.message.severity" value="'ERROR'"/>
            <cc:set name="is.message.summary" value="'SaveFile Error Saving file : ' # context.errorMessage"/>
        </cc:local-out>
        <cc:local-in id="FullFile" routes-to="FullFileMediation"/>
        <cc:async-mediation id="FullFileMediation" routes-to="PutIntegrationMessage30">
            <cc:steps>
                <cc:log id="Log">
                    <cc:log-message>
                        <cc:line-separator/>
                        <cc:text>FULL FILE MODE</cc:text>
                        <cc:line-separator/>
                    </cc:log-message>
                </cc:log>
                <cc:xslt-plus id="Sort" url="INT0100E_Sort_File_TDF.xsl"/>
                <cc:xslt-plus id="Copy" url="INT0100E_RemoveBlanks.xsl"/>
                <cc:xslt-plus id="File" url="INT0100E_Process_Full_File.xsl"/>
                <cc:csv-to-xml id="CsvToXml" separator="¶"/>
                <cc:log id="Log0">
                    <cc:log-message>
                        <cc:text>CSV TO XML OUTPUT</cc:text>
                        <cc:line-separator/>
                        <cc:message-content/>
                        <cc:line-separator/>
                    </cc:log-message>
                </cc:log>
                <cc:xslt-plus id="SortFile2" url="INT0100E_EmployeeSort.xsl"/>
                <cc:log id="Log00">
                    <cc:log-message>
                        <cc:text>POST SORT</cc:text>
                        <cc:line-separator/>
                        <cc:message-content/>
                        <cc:line-separator/>
                    </cc:log-message>
                </cc:log>
                <cc:xslt-plus id="XsltPlus" url="INT0100E_Process_Full_File_Seq.xsl"/>
                <cc:store id="Store" output="variable" output-variable="Output.File" expiresIn="P180D" title="@{props['File.Name']}"/>
            </cc:steps>
        </cc:async-mediation>
        <cc:local-out id="CallFullFile" store-message="none" execute-when="props['lp.Full_File'] == 1" routes-response-to="CallRegularMode" endpoint="vm://INT0100E_Employee_Allowances_Effective_Dated_Data_to_IDP_Outbound/FullFile"/>
        <cc:local-in id="RegularMode" routes-to="RegularMediation"/>
        <cc:async-mediation id="RegularMediation" routes-to="Route" handle-downstream-errors="true">
            <cc:steps>
                <cc:xslt-plus id="Sort" url="INT0100E_Sort_File_TDF.xsl"/>
                <cc:log id="Log">
                    <cc:log-message>
                        <cc:line-separator/>
                        <cc:text>Past SORT</cc:text>
                        <cc:line-separator/>
                        <cc:message-content/>
                    </cc:log-message>
                </cc:log>
            </cc:steps>
            <cc:send-error id="SendError" routes-to="PutIntegrationMessage01"/>
        </cc:async-mediation>
        <cc:splitter id="Splitter" no-split-message-error="false">
            <cc:sub-route name="SubRoute" routes-to="RptPrep"/>
            <cc:xml-stream-splitter xpath="Employees/Employee"/>
        </cc:splitter>
        <cc:async-mediation id="RptPrep" routes-to="WorkdayOutRest" handle-downstream-errors="true">
            <cc:steps>
                <cc:eval id="Eval">
                    <cc:expression>props['Worker_WID'] = ''; props['Worker_WID'] = parts[0].xpath(&quot;/Employee/Worker_WID&quot;)</cc:expression>
                    <cc:expression>props['Worker_Effective_Date1D'] = ''; props['Worker_Effective_Date1D'] = parts[0].xpath(&quot;/Employee/Effective_Date1D&quot;)</cc:expression>
                    <cc:expression>props['Worker_Effective_Date10Y'] = ''; props['Worker_Effective_Date10Y'] = parts[0].xpath(&quot;/Employee/Effective_Date10Y&quot;)</cc:expression>
                    <cc:expression>props['Report_Call2'] = props['Report_Call'] + '?Worker!WID=' + props['Worker_WID'] + '&amp;Effective_Date_From=' + props['Worker_Effective_Date1D'] + '&amp;Effective_Date_Thru=' + props['Worker_Effective_Date10Y'] + '&amp;Use_Current_Moment=1' </cc:expression>
                </cc:eval>
            </cc:steps>
            <cc:send-error id="SendError" routes-to="PutIntegrationMessage"/>
        </cc:async-mediation>
        <cc:aggregator id="Aggregator" routes-to="RegStore" force-batch-on-last-message="false" force-batch-when="props['close.agg'] == true">
            <cc:size-batch-strategy batch-size="-1"/>
            <cc:xml-message-content-collater xpath="/wd:Report_Data/*">
        <cc:header-text>&lt;wd:Report_Data xmlns:wd=&quot;urn:com.workday/bsvc&quot;></cc:header-text>
        <cc:footer-text>&lt;/wd:Report_Data></cc:footer-text>
      </cc:xml-message-content-collater>
        </cc:aggregator>
        <cc:async-mediation id="RegStore" routes-to="PutIntegrationMessage3">
            <cc:steps>
                <cc:log id="Log">
                    <cc:log-message>
                        <cc:line-separator/>
                        <cc:text>Start Reg Store</cc:text>
                        <cc:line-separator/>
                    </cc:log-message>
                </cc:log>
                <cc:xslt-plus id="Sort" url="INT0100E_Sort_File_WD.xsl"/>
                <cc:xslt-plus id="Copy" url="INT0100E_RemoveBlanks.xsl"/>
                <cc:log id="Log0">
                    <cc:log-message>
                        <cc:line-separator/>
                        <cc:text>Reg Store After Sort</cc:text>
                        <cc:line-separator/>
                    </cc:log-message>
                </cc:log>
                <cc:xslt-plus id="File" url="INT0100E_Process_Full_File.xsl"/>
                <cc:log id="Log1">
                    <cc:log-message>
                        <cc:line-separator/>
                        <cc:text>Reg Store After File</cc:text>
                        <cc:line-separator/>
                    </cc:log-message>
                </cc:log>
                <cc:csv-to-xml id="CsvToXml" separator="¶"/>
                <cc:xslt-plus id="SortFile2" url="INT0100E_EmployeeSort.xsl"/>
                <cc:xslt-plus id="XsltPlus" url="INT0100E_Process_Full_File_Seq.xsl"/>
                <cc:store id="Store" output="variable" output-variable="Output.File" expiresIn="P180D" title="@{props['File.Name']}"/>
            </cc:steps>
            <cc:send-error id="SendError" routes-to="PutIntegrationMessage1"/>
        </cc:async-mediation>
        <cc:local-out id="CallRegularMode" store-message="none" execute-when="props['lp.Full_File'] != 1" routes-response-to="CallAggBatch" endpoint="vm://INT0100E_Employee_Allowances_Effective_Dated_Data_to_IDP_Outbound/RegularMode"/>
        <cc:local-out id="CallAggBatch" store-message="none" execute-when="props['lp.Full_File'] != 1" endpoint="vm://INT0100E_Employee_Allowances_Effective_Dated_Data_to_IDP_Outbound/AggBatch"/>
        <cc:local-in id="AggBatch" routes-to="CloseAgg"/>
        <cc:async-mediation id="RptPrmpts" routes-to="Splitter" handle-downstream-errors="true">
            <cc:steps>
                <cc:xslt-plus id="Rpt_Prompts" url="INT0100E_Rpt_Prompts.xsl"/>
                <cc:log id="Log">
                    <cc:log-message>
                        <cc:line-separator/>
                        <cc:text>Rpt Prompts</cc:text>
                        <cc:line-separator/>
                    </cc:log-message>
                </cc:log>
                <cc:xslt-plus id="Rpt_Combine" url="INT0100E_Rpt_Combine.xsl"/>
                <cc:log id="Log0">
                    <cc:log-message>
                        <cc:line-separator/>
                        <cc:text>Rpt Combine</cc:text>
                        <cc:line-separator/>
                    </cc:log-message>
                </cc:log>
            </cc:steps>
            <cc:send-error id="SendError" routes-to="PutIntegrationMessage02"/>
        </cc:async-mediation>
        <cc:async-mediation id="CloseAgg" routes-to="Aggregator">
            <cc:steps>
                <cc:eval id="Eval">
                    <cc:expression>props['close.agg'] = true</cc:expression>
                </cc:eval>
            </cc:steps>
            <cc:send-error id="SendError" routes-to="PutIntegrationMessage2"/>
        </cc:async-mediation>
        <cc:local-out id="PutIntegrationMessage01" endpoint="vm://wcc/PutIntegrationMessage">
            <cc:set name="is.message.severity" value="'ERROR'"/>
            <cc:set name="is.message.summary" value="'RegularMediation Error : ' # context.errorMessage"/>
        </cc:local-out>
        <cc:local-out id="PutIntegrationMessage02" endpoint="vm://wcc/PutIntegrationMessage">
            <cc:set name="is.message.severity" value="'ERROR'"/>
            <cc:set name="is.message.summary" value="'RptPrmpts Error : ' # context.errorMessage"/>
        </cc:local-out>
        <cc:local-out id="PutIntegrationMessage" endpoint="vm://wcc/PutIntegrationMessage"><cc:set name="is.message.severity" value="'ERROR'"/><cc:set name="is.message.summary" value="'RptPrep Error : ' # context.errorMessage"/></cc:local-out>
        <cc:local-out id="PutIntegrationMessage1" endpoint="vm://wcc/PutIntegrationMessage"><cc:set name="is.message.severity" value="'ERROR'"/><cc:set name="is.message.summary" value="'RegStore Error : ' # context.errorMessage"/></cc:local-out>
        <cc:local-out id="PutIntegrationMessage2" endpoint="vm://wcc/PutIntegrationMessage"><cc:set name="is.message.severity" value="'ERROR'"/><cc:set name="is.message.summary" value="'CloseAgg  Error : ' # context.errorMessage"/></cc:local-out>
        <cc:local-out id="PutIntegrationMessage03" endpoint="vm://wcc/PutIntegrationMessage">
            <cc:set name="is.message.severity" value="'ERROR'"/>
            <cc:set name="is.message.summary" value="'Errror in FileNames : ' # context.errorMessage"/>
        </cc:local-out>
        <cc:local-out id="PutIntegrationMessage030" endpoint="vm://wcc/PutIntegrationMessage">
            <cc:set name="is.message.severity" value="'ERROR'"/>
            <cc:set name="is.message.summary" value="'Errror in CopytoMessage : ' # context.errorMessage"/>
        </cc:local-out>
        <cc:local-out id="PutIntegrationMessage3" endpoint="vm://wcc/PutIntegrationMessage"><cc:set name="is.message.severity" value="'INFO'"/><cc:set name="is.message.summary" value="'IDP Employee Compensation File Posted' # props['File.Name']"/><cc:set name="is.document.variable.name" value="'Output.File'"/><cc:set name="is.document.file.name" value="props['File.Name']"/><cc:set name="is.document.labels" value="'INT0099E_Output_File'"/><cc:set name="is.document.deliverable" value="'true'"/></cc:local-out>
        <cc:local-out id="PutIntegrationMessage30" endpoint="vm://wcc/PutIntegrationMessage">
            <cc:set name="is.message.severity" value="'INFO'"/>
            <cc:set name="is.message.summary" value="'IDP Employee Organizations File Posted' # props['File.Name']"/>
            <cc:set name="is.document.variable.name" value="'Output.File'"/>
            <cc:set name="is.document.file.name" value="props['File.Name']"/>
            <cc:set name="is.document.labels" value="'INT0096E_Output_File'"/>
            <cc:set name="is.document.deliverable" value="'true'"/>
        </cc:local-out>
        <cc:route id="Route">
            <cc:all-strategy/>
            <cc:sub-route name="SubRoute" routes-to="Aggregator"/>
            <cc:sub-route name="Alternate" routes-to="RptPrmpts"/>
        </cc:route>
        <cc:local-out id="CallSubRoutine" store-message="none" endpoint="vm://INT0100E_Employee_Allowances_Effective_Dated_Data_to_IDP_Outbound/Call_Report"/>
        <cc:workday-out-rest id="WorkdayOutRest" routes-response-to="Aggregator" extra-path="@{props['Report_Call2']}"/>
        <cc:local-out id="Call_BlankFile" store-message="none" execute-when="props['temp.file.name'] == null" routes-response-to="CallFinalAggregate" endpoint="vm://INT0100E_Employee_Allowances_Effective_Dated_Data_to_IDP_Outbound/BlankFile"/>
        <cc:local-in id="BlankFile" routes-to="PrintBlankFile"/>
        <cc:async-mediation id="PrintBlankFile" routes-to="PutIntegrationMessage5">
            <cc:steps>
                <cc:xslt-plus id="XsltPlus" url="INT0100E_BlankFile.xsl"/>
                <cc:store id="Store" output="variable" output-variable="vOutput.File" expiresIn="P18D" title="@{props['File.Name']}"/>
            </cc:steps>
            <cc:send-error id="SendError" routes-to="PutIntegrationMessage4"/>
        </cc:async-mediation>
        <cc:local-out id="PutIntegrationMessage4" endpoint="vm://wcc/PutIntegrationMessage"><cc:set name="is.message.severity" value="'ERROR'"/><cc:set name="is.message.summary" value="'SaveFile Error Saving Blank file : ' # context.errorMessage"/></cc:local-out>
        <cc:local-out id="PutIntegrationMessage5" routes-response-to="Abort" endpoint="vm://wcc/PutIntegrationMessage"><cc:set name="is.message.severity" value="'INFO'"/><cc:set name="is.message.summary" value="'No data to report.'"/><cc:set name="is.document.variable.name" value="'vOutput.File'"/><cc:set name="is.document.file.name" value="props['File.Name']"/><cc:set name="is.document.labels" value="'INT0100E_Output_File'"/><cc:set name="is.document.deliverable" value="'true'"/></cc:local-out>
        <cc:local-out id="PutIntegrationMessage6" endpoint="vm://wcc/PutIntegrationMessage"><cc:set name="is.message.severity" value="'INFO'"/><cc:set name="is.message.summary" value="'IDP Employee Compensation File Posted' # props['File.Name']"/></cc:local-out>
        <cc:async-mediation id="Abort" routes-to="PutIntegrationMessage6">
            <cc:steps>
                <cc:eval id="Eval">
                    <cc:expression>context.setAbort(true)</cc:expression>
                </cc:eval>
            </cc:steps>
        </cc:async-mediation>
	</cc:assembly>

</beans>