<?xml version="1.0" encoding="UTF-8"?>
<wdnm:Diagram xmlns:wdnm="http://workday.com/studio/editors/notation">
  <element href="assembly.xml#WorkdayAssembly"/>
  <visualProperties x="195" y="242">
    <element href="assembly.xml#Start"/>
  </visualProperties>
  <visualProperties x="182" y="114">
    <element href="assembly.xml#DocRetrieval"/>
  </visualProperties>
  <visualProperties x="95" y="313">
    <element href="assembly.xml#Sub_DocRetrival"/>
  </visualProperties>
  <visualProperties x="695" y="336">
    <element href="assembly.xml#AsyncMediation"/>
  </visualProperties>
  <visualProperties x="407" y="427">
    <element href="assembly.xml#PutIntegrationMessage"/>
  </visualProperties>
  <visualProperties x="686" y="321">
    <element href="assembly.xml#Splitter"/>
  </visualProperties>
  <visualProperties x="960" y="311">
    <element href="assembly.xml#AsyncMediation0"/>
  </visualProperties>
  <visualProperties x="475" y="588">
    <element href="assembly.xml#WorkdayOutSoap"/>
  </visualProperties>
  <visualProperties x="735" y="619">
    <element href="assembly.xml#AsyncMediation2"/>
  </visualProperties>
  <visualProperties x="947" y="606">
    <element href="assembly.xml#Splitter0"/>
  </visualProperties>
  <visualProperties x="512" y="112">
    <element href="assembly.xml#OutputDoc"/>
  </visualProperties>
  <visualProperties x="95" y="796">
    <element href="assembly.xml#SubRoutine0"/>
  </visualProperties>
  <visualProperties x="253" y="816">
    <element href="assembly.xml#AsyncMediation3"/>
  </visualProperties>
  <visualProperties x="213" y="829">
    <element href="assembly.xml#Aggregator"/>
  </visualProperties>
  <visualProperties x="268" y="593">
    <element href="assembly.xml#AsyncMediation1"/>
  </visualProperties>
  <visualProperties x="193" y="84">
    <element href="assembly.xml#AsyncMediation4"/>
  </visualProperties>
  <visualProperties x="468" y="104">
    <element href="assembly.xml#CallSubRoutine"/>
  </visualProperties>
  <visualProperties x="233" y="782">
    <element href="assembly.xml#SubRoutine"/>
  </visualProperties>
  <visualProperties x="948" y="709">
    <element href="assembly.xml#PutIntegrationMessage0"/>
  </visualProperties>
  <connections type="routesTo" sourceAnchorX="0.7052631578947368" sourceAnchorY="1.0" targetAnchorX="0.14606741573033707" targetAnchorY="0.18478260869565216">
    <source href="assembly.xml#Start"/>
    <target href="assembly.xml#AsyncMediation4"/>
  </connections>
  <connections type="routesTo" sourceAnchorX="0.9635416666666666" sourceAnchorY="1.0" targetAnchorX="0.06552706552706553" targetAnchorY="0.6020408163265306">
    <source href="assembly.xml#Sub_DocRetrival"/>
    <target href="assembly.xml#AsyncMediation"/>
  </connections>
  <connections type="routesTo" sourceAnchorX="0.9593023255813954" sourceAnchorY="1.0" targetAnchorX="0.14522821576763487" targetAnchorY="0.4864864864864865">
    <source href="assembly.xml#//@beans/@mixed.1/@mixed.7/@mixed.3"/>
    <target href="assembly.xml#PutIntegrationMessage"/>
  </connections>
  <connections type="routesTo" sourceAnchorX="1.0" sourceAnchorY="0.2558139534883721" targetAnchorX="0.045454545454545456" targetAnchorY="0.3735632183908046">
    <source href="assembly.xml#AsyncMediation"/>
    <target href="assembly.xml#Splitter"/>
  </connections>
  <connections type="routesTo" sourceAnchorX="1.0" sourceAnchorY="1.0" targetAnchorX="0.1853932584269663" targetAnchorY="0.17391304347826086">
    <source href="assembly.xml#//@beans/@mixed.1/@splitter.0/@subRoute.0"/>
    <target href="assembly.xml#AsyncMediation0"/>
  </connections>
  <connections type="routesResponseTo" sourceAnchorX="0.864321608040201" sourceAnchorY="1.0" targetAnchorX="0.007575757575757576" targetAnchorY="0.3620689655172414">
    <source href="assembly.xml#WorkdayOutSoap"/>
    <target href="assembly.xml#Splitter0"/>
  </connections>
  <connections type="routesTo" sourceAnchorX="1.0" sourceAnchorY="0.4117647058823529" targetAnchorX="0.09550561797752809" targetAnchorY="0.5408163265306123">
    <source href="assembly.xml#//@beans/@mixed.1/@splitter.1/@subRoute.0"/>
    <target href="assembly.xml#AsyncMediation2"/>
  </connections>
  <connections type="routesTo" sourceAnchorX="0.9937888198757764" sourceAnchorY="1.0" targetAnchorX="0.03932584269662921" targetAnchorY="0.13043478260869565">
    <source href="assembly.xml#SubRoutine0"/>
    <target href="assembly.xml#AsyncMediation1"/>
  </connections>
  <connections type="routesTo" sourceAnchorX="0.543859649122807" sourceAnchorY="1.0" targetAnchorX="0.7427385892116183" targetAnchorY="0.16216216216216217">
    <source href="assembly.xml#//@beans/@mixed.1/@mixed.13/@mixed.3"/>
    <target href="assembly.xml#PutIntegrationMessage"/>
  </connections>
  <connections type="routesTo" sourceAnchorX="0.8615384615384616" sourceAnchorY="1.0" targetAnchorX="0.033707865168539325" targetAnchorY="0.29591836734693877">
    <source href="assembly.xml#Aggregator"/>
    <target href="assembly.xml#AsyncMediation3"/>
  </connections>
  <connections type="routesTo" sourceAnchorX="1.0" sourceAnchorY="0.17829457364341086" targetAnchorX="0.18592964824120603" targetAnchorY="0.21621621621621623">
    <source href="assembly.xml#AsyncMediation0"/>
    <target href="assembly.xml#WorkdayOutSoap"/>
  </connections>
  <connections type="routesTo" sourceAnchorX="1.0" sourceAnchorY="0.21428571428571427" targetAnchorX="0.15384615384615385" targetAnchorY="0.13513513513513514">
    <source href="assembly.xml#AsyncMediation2"/>
    <target href="assembly.xml#OutputDoc"/>
  </connections>
  <connections type="routesTo" sourceAnchorX="1.0" sourceAnchorY="0.3695652173913043" targetAnchorX="0.09950248756218906" targetAnchorY="0.1320754716981132">
    <source href="assembly.xml#AsyncMediation1"/>
    <target href="assembly.xml#Aggregator"/>
  </connections>
  <connections type="routesTo" sourceAnchorX="1.0" sourceAnchorY="0.30434782608695654" targetAnchorX="0.1" targetAnchorY="0.35135135135135137">
    <source href="assembly.xml#AsyncMediation4"/>
    <target href="assembly.xml#DocRetrieval"/>
  </connections>
  <connections type="routesResponseTo" sourceAnchorX="0.9875" sourceAnchorY="1.0" targetAnchorX="0.12087912087912088" targetAnchorY="0.35135135135135137">
    <source href="assembly.xml#DocRetrieval"/>
    <target href="assembly.xml#CallSubRoutine"/>
  </connections>
  <connections type="routesTo" sourceAnchorX="0.7350993377483444" sourceAnchorY="1.0" targetAnchorX="0.11940298507462686" targetAnchorY="0.7735849056603774">
    <source href="assembly.xml#SubRoutine"/>
    <target href="assembly.xml#Aggregator"/>
  </connections>
  <connections type="routesTo" sourceAnchorX="1.0" sourceAnchorY="0.14285714285714285" targetAnchorX="0.09561752988047809" targetAnchorY="0.10810810810810811">
    <source href="assembly.xml#AsyncMediation3"/>
    <target href="assembly.xml#PutIntegrationMessage0"/>
  </connections>
  <swimlanes x="35" y="19" name="Index">
    <elements href="assembly.xml#Start"/>
    <elements href="assembly.xml#AsyncMediation4"/>
    <elements href="assembly.xml#DocRetrieval"/>
    <elements href="assembly.xml#CallSubRoutine"/>
  </swimlanes>
  <swimlanes x="35" y="200" name="Retrieval" alignment="MIDDLE">
    <elements href="assembly.xml#Sub_DocRetrival"/>
    <elements href="assembly.xml#AsyncMediation"/>
    <elements href="#//@swimlanes.2"/>
    <elements href="assembly.xml#AsyncMediation0"/>
    <elements href="assembly.xml#WorkdayOutSoap"/>
    <elements href="assembly.xml#Splitter0"/>
    <elements href="assembly.xml#AsyncMediation2"/>
    <elements href="assembly.xml#OutputDoc"/>
  </swimlanes>
  <swimlanes x="677" y="344" name="Swimlane" orientation="VERTICAL">
    <elements href="assembly.xml#Splitter"/>
    <elements href="assembly.xml#PutIntegrationMessage"/>
  </swimlanes>
  <swimlanes x="40" y="590" name="Swimlane">
    <elements href="assembly.xml#SubRoutine0"/>
    <elements href="assembly.xml#AsyncMediation1"/>
    <elements href="assembly.xml#Aggregator"/>
    <elements href="assembly.xml#AsyncMediation3"/>
    <elements href="assembly.xml#PutIntegrationMessage0"/>
  </swimlanes>
</wdnm:Diagram>
