<?xml version="1.0" encoding="UTF-8"?>
<beans
     xmlns="http://www.springframework.org/schema/beans"
     xmlns:beans="http://www.springframework.org/schema/beans"
     xmlns:AON="http://www.workday.com/integration/AON_TEXT_SCHEMA"
     xmlns:atom="http://www.w3.org/2005/Atom"
     xmlns:cc="http://www.capeclear.com/assembly/10"
     xmlns:cloud="urn:com.workday/esb/cloud/10.0"
     xmlns:env="http://schemas.xmlsoap.org/soap/envelope/"
     xmlns:pi="urn:com.workday/picof"
     xmlns:wd="urn:com.workday/bsvc"
     xmlns:xsi="http://www.w3.org/2001/XMLSchema-instance">
 
	<cc:assembly id="WorkdayAssembly" version="21.0">
        <cc:workday-in id="StartHere_US" routes-to="Sync-Initialize">
            <cc:integration-system name="INT9002 Alight US Check Printing Outbound">
        <cloud:param name="Pay Check Message 1">
          <cloud:type>
            <cloud:simple-type>text</cloud:simple-type>
          </cloud:type>
          <cloud:default/>
        </cloud:param>
        <cloud:param name="Outsourced Payment Group">
          <cloud:type>
            <cloud:simple-type>text</cloud:simple-type>
          </cloud:type>
          <cloud:default/>
          <cloud:launch-option>required</cloud:launch-option>
        </cloud:param>
        <cloud:param name="Settlement Run Number">
          <cloud:type>
            <cloud:simple-type>text</cloud:simple-type>
          </cloud:type>
          <cloud:launch-option>required</cloud:launch-option>
        </cloud:param>
        <cloud:param name="IAS Population">
          <cloud:type>
            <cloud:simple-type>boolean</cloud:simple-type>
          </cloud:type>
          <cloud:default>
            <cloud:boolean>false</cloud:boolean>
          </cloud:default>
        </cloud:param>
        <cloud:attribute-map-service name="INT9002-Generic">
          <cloud:attribute name="ClientIndicator">
            <cloud:type>
              <cloud:simple-type>text</cloud:simple-type>
            </cloud:type>
            <cloud:display-option>required-for-launch</cloud:display-option>
          </cloud:attribute>
          <cloud:attribute name="Skip zero Net amount">
            <cloud:type>
              <cloud:simple-type>boolean</cloud:simple-type>
            </cloud:type>
          </cloud:attribute>
          <cloud:attribute name="Include Audit Log">
            <cloud:type>
              <cloud:simple-type>boolean</cloud:simple-type>
            </cloud:type>
            <cloud:display-option>required-for-launch</cloud:display-option>
          </cloud:attribute>
          <cloud:attribute name="Document Retention Policy">
            <cloud:type>
              <cloud:enumeration-type name="INT9002-DocRetPolicyv99">
                <cloud:enumeration>1</cloud:enumeration>
                <cloud:enumeration>5</cloud:enumeration>
                <cloud:enumeration>10</cloud:enumeration>
                <cloud:enumeration>15</cloud:enumeration>
                <cloud:enumeration>30</cloud:enumeration>
                <cloud:enumeration>60</cloud:enumeration>
                <cloud:enumeration>90</cloud:enumeration>
                <cloud:enumeration>120</cloud:enumeration>
                <cloud:enumeration>180</cloud:enumeration>
              </cloud:enumeration-type>
            </cloud:type>
            <cloud:display-option>required-for-launch</cloud:display-option>
          </cloud:attribute>
          <cloud:attribute name="Location">
            <cloud:type>
              <cloud:class-report-field description="Location" type="WID" singular="false">4f9d11c0e28a4600812024f4c3c12d88</cloud:class-report-field>
            </cloud:type>
          </cloud:attribute>
          <cloud:attribute name="Pay Group">
            <cloud:type>
              <cloud:class-report-field description="Pay Group" type="WID" singular="false">1ce04655bc6543da93f713b3d1107f0a</cloud:class-report-field>
            </cloud:type>
          </cloud:attribute>
          <cloud:attribute name="WSDL Version">
            <cloud:type>
              <cloud:class-report-field description="Version" type="WID" singular="true">526a88b70875488183e1b80f52481ee8</cloud:class-report-field>
            </cloud:type>
          </cloud:attribute>
          <cloud:map name="DirectDepositAccountType">
            <cloud:internal-type>
              <cloud:simple-type>text</cloud:simple-type>
            </cloud:internal-type>
            <cloud:external-type>
              <cloud:simple-type>text</cloud:simple-type>
            </cloud:external-type>
          </cloud:map>
          <cloud:map name="SlipSheetIndicator">
            <cloud:internal-type>
              <cloud:simple-type>text</cloud:simple-type>
            </cloud:internal-type>
            <cloud:external-type>
              <cloud:simple-type>text</cloud:simple-type>
            </cloud:external-type>
          </cloud:map>
          <cloud:map name="EmployeesPayFrequency">
            <cloud:internal-type>
              <cloud:class-report-field description="Pay Frequency - Payroll" type="WID">61873cd2eb1c45b594d9803ff4715a2b</cloud:class-report-field>
            </cloud:internal-type>
            <cloud:external-type>
              <cloud:simple-type>text</cloud:simple-type>
            </cloud:external-type>
          </cloud:map>
          <cloud:map name="DocumentType">
            <cloud:internal-type>
              <cloud:class-report-field description="Payment Method" type="WID">b53b341db737417dbfcf93afb3b0b8dd</cloud:class-report-field>
            </cloud:internal-type>
            <cloud:external-type>
              <cloud:simple-type>text</cloud:simple-type>
            </cloud:external-type>
          </cloud:map>
          <cloud:map name="Location">
            <cloud:internal-type>
              <cloud:class-report-field description="Location" type="WID">4f9d11c0e28a4600812024f4c3c12d88</cloud:class-report-field>
            </cloud:internal-type>
            <cloud:external-type>
              <cloud:simple-type>text</cloud:simple-type>
            </cloud:external-type>
          </cloud:map>
          <cloud:map name="Pay Group">
            <cloud:internal-type>
              <cloud:class-report-field description="Pay Group" type="WID">1ce04655bc6543da93f713b3d1107f0a</cloud:class-report-field>
            </cloud:internal-type>
            <cloud:external-type>
              <cloud:simple-type>text</cloud:simple-type>
            </cloud:external-type>
          </cloud:map>
          <cloud:map name="SlipSheetIndicatorByLoc">
            <cloud:internal-type>
              <cloud:class-report-field description="Location" type="WID">4f9d11c0e28a4600812024f4c3c12d88</cloud:class-report-field>
            </cloud:internal-type>
            <cloud:external-type>
              <cloud:simple-type>text</cloud:simple-type>
            </cloud:external-type>
          </cloud:map>
          <cloud:map name="Bank Account">
            <cloud:internal-type>
              <cloud:class-report-field description="Bank Account" type="WID">c447d62e75a3499b9daab39d86bb6ca2</cloud:class-report-field>
            </cloud:internal-type>
            <cloud:external-type>
              <cloud:simple-type>text</cloud:simple-type>
            </cloud:external-type>
          </cloud:map>
        </cloud:attribute-map-service>
        <cloud:sequence-generator-service name="INT9002-Sequences">
          <cloud:sequencer>INT9002-OffCycle-Filename</cloud:sequencer>
          <cloud:sequencer>INT9002-OnCycle-Filename</cloud:sequencer>
        </cloud:sequence-generator-service>
        <cloud:delivery-service name="INT9002-Delivery"/>
        <cloud:service-reference name="INT9002-Worker-FieldOverrides"/>
      </cc:integration-system>
        </cc:workday-in>
        <cc:sync-mediation id="Sync-Initialize" routes-to="WorkdayOutSoap" handle-downstream-errors="true">
            <cc:request-steps>
                <cc:eval id="Properties"><cc:expression>props['outsourced.payment.group.id'] = lp.getSimpleData('Outsourced Payment Group')</cc:expression><cc:expression>props['count.detail.rows']= 0</cc:expression><cc:expression>props['lp.pay.check.message.1'] = lp.getSimpleData(&quot;Pay Check Message 1&quot;)</cc:expression><cc:expression>props['ia.client.indicator'] = intsys.getAttribute('ClientIndicator')</cc:expression><cc:expression>props['source.name'] = intsys.getName()</cc:expression><cc:expression>props['oncycle.filename'] = empty; props['offcycle.filename'] = empty</cc:expression><cc:expression>props['is.zero.net.amount']=false; props['close.aggregator']=false</cc:expression><cc:expression>props['skip.zero.net.amount'] = intsys.getAttribute('Skip zero Net amount')</cc:expression><cc:expression>props['include.audit'] = intsys.getAttribute('Include Audit Log')</cc:expression><cc:expression>props['source.id'] = props['source.name'].substring(props['source.name'].lastIndexOf('/')+1 )</cc:expression><cc:expression>props['aggregate_log']=false; props['aggregate.message']=false; props['settlement.run.number']=empty</cc:expression><cc:expression>props['settlement.run.number'] = lp.getSimpleData('Settlement Run Number')</cc:expression><cc:expression>props['oncycle.filename'] = lp.getSequencedValue('INT9002-OnCycle-Filename')</cc:expression><cc:expression>props['offcycle.filename'] = lp.getSequencedValue('INT9002-OffCycle-Filename')</cc:expression><cc:expression>props['ia.wsdl.version'] = intsys.getAttribute('WSDL Version')</cc:expression><cc:expression>props['log.retention'] = &quot;P&quot; # intsys.getAttribute('Document Retention Policy') # &quot;D&quot;</cc:expression><cc:expression>props['ia.combine.document'] = intsys.getAttribute('Combine Output Files')</cc:expression><cc:expression>props['p.count.french.payslips'] = 0</cc:expression><cc:expression>props['p.count.english.payslips'] = 0</cc:expression><cc:expression>props['error.free'] = true</cc:expression><cc:expression>props['p.error.log'] = new java.lang.StringBuffer();</cc:expression><cc:expression>props['p.senderror.log'] = false</cc:expression><cc:expression>props['integration.number'] = parts[0].xpath('substring-before(/env:Envelope/env:Body/wd:Get_Integration_Systems_Response/wd:Request_References/wd:Integration_System_Reference/@wd:Descriptor,&quot; &quot;)')</cc:expression><cc:expression>props['slip.location'] = intsys.getAttributeReferenceDataList('Location', 'Location_ID').toString()</cc:expression><cc:expression>props['zip.output'] = intsys.getAttribute('Zip Ouptut File')</cc:expression><cc:expression>props['pay.group'] = intsys.getAttributeReferenceDataList('Pay Group', 'Organization_Reference_ID').toString()</cc:expression><cc:expression>props['aggregate_log'] = false</cc:expression>
                    <cc:expression>props['lp.ias.population'] = lp.getSimpleData('IAS Population')</cc:expression></cc:eval>
                <cc:write id="Audit" output="variable" output-mimetype="text/xml" output-variable="audit.log">
                    <cc:message>
                        <cc:text>&lt;Log>&#xD;
&lt;/Log></cc:text>
                    </cc:message>
                </cc:write>
                <cc:write id="GetSinglePayslip">
                    <cc:message>
                        <cc:text>&lt;env:Envelope xmlns:env=&quot;http://schemas.xmlsoap.org/soap/envelope/&quot;>&#xD;
&lt;env:Header xmlns:wd=&quot;urn:com.workday/bsvc&quot;>&#xD;
		&lt;wd:Workday_Common_Header>&#xD;
            &lt;!--Optional:-->&#xD;
            &lt;wd:Include_Reference_Descriptors_In_Response>1&lt;/wd:Include_Reference_Descriptors_In_Response>&#xD;
        &lt;/wd:Workday_Common_Header>&#xD;
&lt;/env:Header>&#xD;
			&lt;env:Body>&#xD;
				&lt;wd:Get_Payroll_Payslips_Request&#xD;
					xmlns:wd=&quot;urn:com.workday/bsvc&quot;&#xD;
					wd:version=&quot;@{props['ia.wsdl.version']}&quot;>&#xD;
					&lt;wd:Request_Criteria>&#xD;
						&lt;wd:Outsourced_Payment_Group_Reference>&#xD;
							&lt;wd:ID wd:type=&quot;Outsourced_Payment_Group_ID&quot;>@{props['outsourced.payment.group.id']}&lt;/wd:ID>&#xD;
						&lt;/wd:Outsourced_Payment_Group_Reference>                     &#xD;
					&lt;/wd:Request_Criteria>&#xD;
					&lt;wd:Response_Filter>&#xD;
						&lt;wd:Page>1&lt;/wd:Page>&#xD;
						&lt;wd:Count>1&lt;/wd:Count>&#xD;
					&lt;/wd:Response_Filter>&#xD;
					&lt;wd:Response_Group>&#xD;
						&lt;wd:Include_Originating_Contact_Data>true&lt;/wd:Include_Originating_Contact_Data>&#xD;
						&lt;wd:Include_Originating_Bank_Data>true&lt;/wd:Include_Originating_Bank_Data>&#xD;
						&lt;wd:Include_Receiving_Party_Contact_Data>true&lt;/wd:Include_Receiving_Party_Contact_Data>&#xD;
						&lt;wd:Include_Receiving_Party_Bank_Data>true&lt;/wd:Include_Receiving_Party_Bank_Data>&#xD;
					&lt;/wd:Response_Group>&#xD;
				&lt;/wd:Get_Payroll_Payslips_Request>&#xD;
			&lt;/env:Body>&#xD;
		&lt;/env:Envelope></cc:text>
                    </cc:message>
                </cc:write>
            </cc:request-steps>
            <cc:response-steps>
            </cc:response-steps>
            <cc:send-error id="errorHandler" routes-to="PutIntegrationMessage"/>
        </cc:sync-mediation>
        <cc:local-out id="Call-Get_Data" store-message="none" routes-response-to="Call-Close_Aggregator" endpoint="vm://INT9002-Alight-Check-Printing-Outbound-WD32-United-States-Only/Get_Data"/>
        <cc:local-in id="Get_Data" routes-to="PrepareGetPayslips"/>
        <cc:local-out id="Call-Deliver_Document" store-message="none" execute-when="props['error.free'] == true" routes-response-to="Call-Aggregate_Audit" endpoint="vm://INT9002-Alight-Check-Printing-Outbound-WD32-United-States-Only/Deliver_Document"><cc:set name="combine_canadian_files" value="'false'"/></cc:local-out>
        <cc:local-in id="Deliver_Document" routes-to="TransformOutputFile"/>
        <cc:send-error id="Critical_Error" routes-to="Call_Critical_Message"/>
<cc:local-out id="Call_Critical_Message" routes-response-to="Call_Critical_Event" endpoint="vm://wcc/PutIntegrationMessage">
<cc:set name="is.message.severity" value="'CRITICAL'"/>
<cc:set name="is.message.summary" value="'An unexpected error has occured please see details.'"/>
<cc:set name="is.message.detail" value="context.getErrorMessage()"/>
</cc:local-out>
<cc:local-out id="Call_Critical_Event" endpoint="vm://wcc/PutIntegrationEvent">
<cc:set name="is.event.completed" value="&quot;current&quot;"/>
</cc:local-out>
        <cc:local-in id="Transform_Data" routes-to="Splitter"/>
        <cc:splitter id="Splitter">
            <cc:sub-route name="SubRoute" routes-to="Async-Skip0NetAmount"/>
            <cc:xml-stream-splitter xpath="Payslips/wd:Payslip" xpath-version="2.0"/>
        </cc:splitter>
        <cc:async-mediation id="Async-Transform_Response" routes-to="Call_Audit_Log" execute-steps-when="(int)props['is.eligible']==1" handle-downstream-errors="true">
            <cc:steps>
                <cc:xslt id="Prepare_Detail_Row" output="variable" output-mimetype="text/xml" output-variable="Detail_Row" input="message" url="Prepare_Detail_Row.xsl"/>
                <cc:eval id="Count_Rows"><cc:expression>(int)props['is.eligible']==1 ? props['count.detail.rows'] = props['count.detail.rows'] +1</cc:expression></cc:eval>
            </cc:steps>
            <cc:send-error id="errorHandler" routes-to="ErrorMessage"/>
        </cc:async-mediation>
        <cc:aggregator id="Aggregate_Response" routes-to="Aggregator" collate-when="(int)props['is.eligible']==1" force-batch-when="props['close.aggregator']==true">
            <cc:size-batch-strategy batch-size="-1"/>
            <cc:xml-message-content-collater output-mimetype="text/xml">
        <cc:header-text>&lt;AON:Row xmlns:AON='http://www.workday.com/integration/AON_TEXT_SCHEMA'></cc:header-text>
        <cc:footer-text>&lt;/AON:Row></cc:footer-text>
      </cc:xml-message-content-collater>
        </cc:aggregator>
        <cc:local-out id="PutIntegrationMessage" endpoint="vm://wcc/PutIntegrationMessage"><cc:set name="is.message.severity" value="'ERROR'"/><cc:set name="is.message.summary" value="'Error during Initialization'"/><cc:set name="is.message.detail" value="context.getErrorMessage()"/></cc:local-out>
        <cc:local-out id="ErrorTransformingDeliveringOutputFile" endpoint="vm://wcc/PutIntegrationMessage"><cc:set name="is.message.severity" value="'ERROR'"/><cc:set name="is.message.summary" value="'Error during final transformation and storing of Output File'"/><cc:set name="is.message.detail" value="context.getErrorMessage()"/></cc:local-out>
        <cc:local-out id="MsgStore_Output_File" endpoint="vm://wcc/PutIntegrationMessage" clone-request="true"><cc:set name="is.message.summary" value="'Aon Hewitt Check Printing output file attached'"/><cc:set name="is.document.file.name" value="props['filename']"/><cc:set name="is.document.deliverable" value="'true'"/><cc:set name="is.document.variable.name" value="'stored.txt'"/></cc:local-out>
        <cc:aggregator id="Aggregator">
            <cc:size-batch-strategy batch-size="1"/>
            <cc:xml-message-content-collater output-mimetype="text/xml">
        <cc:header-text>&lt;AON:File xmlns:AON='http://www.workday.com/integration/AON_TEXT_SCHEMA'></cc:header-text>
        <cc:footer-text>&lt;/AON:File></cc:footer-text>
      </cc:xml-message-content-collater>
        </cc:aggregator>
        <cc:local-out id="IntegrationComplete" endpoint="vm://wcc/PutIntegrationEvent">
            <cc:set name="is.event.completed" value="&quot;current&quot;"/>
        </cc:local-out>
        <cc:async-mediation id="Async-Skip0NetAmount" routes-to="SetProps" execute-steps-when="props['skip.zero.net.amount'] == 1">
            <cc:steps>
                <cc:eval id="Eval"><cc:expression>props['is.zero.net.amount'] = (parts[0].xpath('wd:Payslip/wd:Payslip_Data/wd:Payroll_Remittance_Data/wd:Gross_And_Net_Data[wd:Type_Reference/@wd:Descriptor=&quot;Net&quot;]/wd:Amount') != 0) ? false : true</cc:expression></cc:eval>
            </cc:steps>
            <cc:send-error id="errorHandler" routes-to="ErrorMessage"/>
        </cc:async-mediation>
        <cc:async-mediation id="SetProps" routes-to="Async-Transform_Response">
            <cc:steps>
                <cc:eval id="Properties"><cc:expression>props['recieve.paper.payslip'] = parts[0].xpath(&quot;/wd:Payslip/wd:Payslip_Data/wd:Payroll_Remittance_Data/wd:Print_Payslip&quot;)</cc:expression><cc:expression>props['payslip.field.override'] = parts[0].xpath(&quot;wd:Payslip/wd:Payslip_Data/wd:Integration_Field_Override_Data[wd:Field_Reference/wd:ID[@wd:parent_id='&quot; + props['integration.number'] + &quot;-Worker-FieldOverrides'] = 'Pay Slip Indicator']/wd:Value&quot;)</cc:expression><cc:expression>if ( parts[0].xpath('exists(wd:Payslip/wd:Payslip_Data/wd:Payment_Data/wd:Check_Number)').equalsIgnoreCase('true') ) {props['payment.method'] = parts[0].xpath('wd:Payslip/wd:Payslip_Data/wd:Payment_Data/wd:Payment_Method_Reference[@wd:Descriptor=&quot;Check&quot;]/wd:ID[@wd:type=&quot;Payment_Method_ID&quot;]')} else { props['payment.method'] = parts[0].xpath('wd:Payslip/wd:Payslip_Data/wd:Payment_Data/wd:Payment_Method_Reference/wd:ID[@wd:type=&quot;Payment_Method_ID&quot;]') }</cc:expression><cc:expression>props['is.eligible'] = ((props['recieve.paper.payslip']=='1' &amp;&amp; props['payment.method']=='3') || (props['payslip.field.override'] == 'Y' &amp;&amp;  props['payment.method']=='3') || (props['payment.method']=='1' &amp;&amp; props['is.zero.net.amount']==false))&amp;&amp; props['is.zero.net.amount']==false ? 1 : 0</cc:expression><cc:expression>props['location'] = intsys.integrationMapLookup('Location', parts[0].xpath(&quot;wd:Payslip/wd:Payslip_Data/wd:Payroll_Remittance_Data/wd:Worker_Data/wd:Location_Reference/@wd:Descriptor&quot;), false)</cc:expression><cc:expression>props['this.employee.id'] = parts[0].xpath(&quot;wd:Payslip/wd:Payslip_Data/wd:Payroll_Remittance_Data/wd:Worker_Data/wd:Employee_ID&quot;)</cc:expression><cc:expression>props['this.employee.name'] = parts[0].xpath(&quot;wd:Payslip/wd:Payslip_Data/wd:Payroll_Remittance_Data/wd:Worker_Data/wd:Legal_Name&quot;)</cc:expression><cc:expression>props['this.employee.net.amount'] = parts[0].xpath('wd:Payslip/wd:Payslip_Data/wd:Payroll_Remittance_Data/wd:Gross_And_Net_Data[wd:Type_Reference/@wd:Descriptor=&quot;Net&quot;]/wd:Amount')</cc:expression><cc:expression>props['error.msg'] = empty; props['error.message'] = empty</cc:expression><cc:expression>props['last.message'] = util.isLastMessageInBatch()</cc:expression><cc:expression>props['p.document.type'] = ''; props['p.recon.number'] = '' </cc:expression><cc:expression>if ( parts[0].xpath('exists(wd:Payslip/wd:Payslip_Data/wd:Payment_Data/wd:Check_Number)').equalsIgnoreCase('true') ) { props['p.document.type'] = intsys.integrationMapLookup('DocumentType', parts[0].xpath('wd:Payslip/wd:Payslip_Data/wd:Payment_Data[exists(wd:Check_Number)]/wd:Payment_Method_Reference/@wd:Descriptor')) } else { props['p.document.type'] = intsys.integrationMapLookup('DocumentType', parts[0].xpath('wd:Payslip/wd:Payslip_Data/wd:Payment_Data[1]/wd:Payment_Method_Reference/@wd:Descriptor')) }</cc:expression><cc:expression>if ( props['p.document.type'] == 'C' ) { props['p.recon.number'] = parts[0].xpath('wd:Payslip/wd:Payslip_Data/wd:Payment_Data[wd:Payment_Method_Reference[wd:ID[@wd:type=\'Payment_Method_ID\']=\'1\']]/wd:Check_Number')  }</cc:expression><cc:expression>if ( props['p.document.type'] == 'D' ) { props['p.recon.number'] = parts[0].xpath('wd:Payslip/wd:Payslip_Data/wd:Payment_Data[wd:Payment_Method_Reference[wd:ID[@wd:type=\'Payment_Method_ID\']=\'3\']][1]/wd:Payment_Reference_Number')  }</cc:expression><cc:expression>props['current.date'] = parts[0].xpath('wd:Payslip/wd:Payslip_Data/wd:Integration_Field_Override_Data[wd:Field_Reference/wd:ID[@wd:type=&quot;Integration_Document_Field_Name&quot;]=&quot;Today&quot;]/wd:Value')</cc:expression><cc:expression>props['yesterday'] = parts[0].xpath('wd:Payslip/wd:Payslip_Data/wd:Integration_Field_Override_Data[wd:Field_Reference/wd:ID[@wd:type=&quot;Integration_Document_Field_Name&quot;]=&quot;Yesterday&quot;]/wd:Value')</cc:expression><cc:expression>props['display.language'] = 'E'</cc:expression><cc:expression>props['bank.account'] = parts[0].xpath('wd:Payslip/wd:Payslip_Data/wd:Payment_Data/wd:Originating_Bank_Data/wd:Bank_Account_Reference/wd:ID[@wd:type = &quot;Bank_Account_ID&quot;]')</cc:expression><cc:expression>props['checkbook.id'] = intsys.integrationMapLookup('Bank Account', 'Bank_Account_ID', props['bank.account'])</cc:expression>
                    <cc:expression>props['oregon.field.override'] = parts[0].xpath(&quot;wd:Payslip/wd:Payslip_Data/wd:Integration_Field_Override_Data[wd:Field_Reference/wd:ID[@wd:parent_id='&quot; + props['integration.number'] + &quot;-Worker-FieldOverrides'] = 'Company EIN']/wd:Value&quot;)</cc:expression></cc:eval>
            </cc:steps>
            <cc:send-error id="errorHandler" routes-to="ErrorMessage"/>
        </cc:async-mediation>
        <cc:local-in id="Audit_Log" routes-to="Write_Log0"><cc:parameter name="error.msg"/></cc:local-in>
        <cc:local-out id="Call_Audit_Log" store-message="none" execute-when="props['include.audit'] == true" routes-response-to="Async-Copy" endpoint="vm://INT9002-Alight-Check-Printing-Outbound-WD32-United-States-Only/Audit_Log" clone-request="true"><cc:set name="error.msg" value="props['error.message']"/></cc:local-out>
        <cc:local-out id="Call-Deliver_Audit" store-message="none" execute-when="props['include.audit'] == true &amp;&amp; props['error.free'] == true" routes-response-to="StoreErrorLog" endpoint="vm://INT9002-Alight-Check-Printing-Outbound-WD32-United-States-Only/Deliver_Audit"><cc:set name="aggregate_log" value="true"/></cc:local-out>
        <cc:local-in id="Deliver_Audit" routes-to="AsyncMediation00"><cc:parameter name="aggregate_log"/></cc:local-in>
        <cc:local-out id="Store_Audit_Log" endpoint="vm://wcc/PutIntegrationMessage" clone-request="true">
            <cc:set name="is.message.summary" value="'Alight Check Printing Audit Log attached'"/>
            <cc:set name="is.document.file.name" value="'Data_Audit_Log.xls'"/>
            <cc:set name="is.document.deliverable" value="'false'"/>
            <cc:set name="is.document.variable.name" value="'stored.log'"/>
        </cc:local-out>
        <cc:local-out id="PutIntegrationMessage20" endpoint="vm://wcc/PutIntegrationMessage" unset-properties="false">
            <cc:set name="is.message.severity" value="'ERROR'"/>
            <cc:set name="is.message.summary" value="'Error during preparing audit log for Employee '+props['this.employee.id']"/>
            <cc:set name="is.message.detail" value="context.getErrorMessage()"/>
            
        </cc:local-out>
        <cc:local-out id="PutIntegrationMessage30" endpoint="vm://wcc/PutIntegrationMessage">
            <cc:set name="is.message.severity" value="'ERROR'"/>
            <cc:set name="is.message.summary" value="'Error during final audit log transofrmation and storing'"/>
            <cc:set name="is.message.detail" value="context.getErrorMessage()"/>
        </cc:local-out>
        <cc:async-mediation id="Write_Log0" routes-to="Aggregate_Log" handle-downstream-errors="true">
            <cc:steps>
                <cc:write id="Write_Log" output="message" output-mimetype="text/xml" input="variable" input-variable="Detail_Row">
                    <cc:message>
                        <cc:text>&lt;Audit>&#xD;
&lt;Employee_ID>@{props['this.employee.id']}&lt;/Employee_ID>&#xD;
&lt;Name>@{props['this.employee.name']}&lt;/Name>&#xD;
&lt;Net_Amount>@{props['this.employee.net.amount']}&lt;/Net_Amount>&#xD;
&lt;Error>@{props['error.msg']}&lt;/Error>&#xD;
&lt;Skipped>@{props['is.eligible']}&lt;/Skipped>&#xD;
&lt;/Audit></cc:text>
                    </cc:message>
                </cc:write>
            </cc:steps>
            <cc:send-error id="errorHandler" routes-to="PutIntegrationMessage20"/>
        </cc:async-mediation>
        <cc:async-mediation id="AsyncMediation00" routes-to="Store_Audit_Log">
            <cc:steps>
                <cc:xslt id="Xslt" input="variable" input-variable="audit.log" url="Transform_Audit_Log.xsl"/>
                <cc:text-excel id="TextExcel" style="text2excel"/>
                <cc:store id="Store" output="variable" output-variable="stored.log" expiresIn="@{props['log.retention']}" summary="Data_Audit_Log.xls" title="Data_Audit_Log.xls"/>
            </cc:steps>
            <cc:send-error id="errorHandler" routes-to="PutIntegrationMessage30"/>
        </cc:async-mediation>
        <cc:workday-out-soap id="WorkdayOutSoap" routes-response-to="GetPaymentDate" application="Payroll" version="@{props['ia.wsdl.version']}"/>
        <cc:async-mediation id="GetPaymentDate" routes-to="Validate_US">
            <cc:steps>
                <cc:log id="LogResponse" input="message">
                    <cc:log-message>
                        <cc:text>Response: </cc:text>
                        <cc:line-separator/>
                        <cc:message-content/>
                    </cc:log-message>
                </cc:log>
                <cc:copy id="Copy" input-xpath="/env:Envelope/env:Body/wd:Get_Payroll_Payslips_Response/wd:Response_Data/wd:Payslip"/>
                <cc:eval id="Eval"><cc:expression>props['payment.date'] = parts[0].xpath('wd:Payslip/wd:Payslip_Data/wd:Payment_Date')</cc:expression><cc:expression>props['bank.country'] = parts[0].xpath('wd:Payslip/wd:Payslip_Data/wd:Payment_Data[1]/wd:Originating_Bank_Data/wd:Country_Reference/@wd:Descriptor')</cc:expression><cc:expression>props['off_cycle'] = parts[0].xpath(&quot;wd:Payslip/wd:Payslip_Data/wd:Payment_Data[1]/wd:Payment_Category_Reference/wd:ID[@wd:type='Payment_Category_ID']&quot;)=='PAYROLL_OFF_CYCLE' ? (true) :  (false)</cc:expression><cc:expression>props['filename']= props['off_cycle'] == true ? (props['offcycle.filename']) : (props['oncycle.filename'])</cc:expression>
                    <cc:expression>props['lp.ias.population']==true ? (props['filename']= 'IAS'+props['filename']) :</cc:expression></cc:eval>
            </cc:steps>
            <cc:send-error id="SendError" routes-to="PutIntegrationMessage0"/>
        </cc:async-mediation>
        <cc:async-mediation id="Validate_US" routes-to="Call-Get_Data" execute-steps-when="props['source.name'].toString().contains('US')">
            <cc:steps>
                <cc:validate-exp id="ValidateExp"><cc:expression failure-message="The Settlement Run and Outsourced Payment Message ID entered is not valid for US Paycheck Printing.  Use INT9045 for Canadian check printing.">props['source.name'].toString().contains('US') and props['bank.country'] == 'United States of America'</cc:expression></cc:validate-exp></cc:steps>
            <cc:send-error id="SendError" routes-to="PutIntegrationMessage1"/>
        </cc:async-mediation>
        <cc:aggregator id="AggregateOutputFile" routes-to="ZipTheFile">
            <cc:size-batch-strategy batch-size="1"/>
            <cc:message-content-collater>
        <cc:header-text>@{vars['aon.output.header'].getText()}@{'\r\n'}</cc:header-text>
        <cc:footer-text>@{vars['aon.output.footer'].getText()}</cc:footer-text>
      </cc:message-content-collater>
        </cc:aggregator>
        <cc:async-mediation id="TransformOutputFile" routes-to="AggregateOutputFile">
            <cc:steps>
                <cc:xslt id="Prepare_Header" output="variable" output-mimetype="text/plain" output-variable="aon.output.header" url="HeaderRow.xsl"/>
            
                <cc:xslt id="Prepare_footer" output="variable" output-mimetype="text/plain" output-variable="aon.output.footer" url="Prepare_Footer.xsl"/>
            
                <cc:xslt id="SortMessage" output-mimetype="text/xml" url="Sort.xsl"/>
            
                <cc:textschema id="XMLtoFixedwidth" output-mimetype="text/plain" style="xml2text" url="XMLtoFixedwidth.xsd"/>
            </cc:steps>
            <cc:send-error id="SendError" routes-to="ErrorTransformingDeliveringOutputFile"/>
        </cc:async-mediation>
        <cc:async-mediation id="Deliver_Output_File" routes-to="MsgStore_Output_File">
            <cc:steps>
                <cc:store id="Store_Output_File" output="variable" output-mimetype="text/plain" output-variable="stored.txt" expiresIn="@{props['log.retention']}" title="@{props['filename']}"/>
            </cc:steps>
            <cc:send-error id="SendError" routes-to="ErrorTransformingDeliveringOutputFile"/>
        </cc:async-mediation>
        <cc:local-out id="Call-Close_Aggregator" store-message="none" execute-when="props['error.free'] == true" routes-response-to="Call-Deliver_Document" endpoint="vm://INT9002-Alight-Check-Printing-Outbound-WD32-United-States-Only/Close_Aggregator"><cc:set name="close.aggregator" value="true"/><cc:set name="is.eligible" value="0"/></cc:local-out>
        <cc:local-in id="Close_Aggregator" routes-to="Aggregate_Response"/>
        <cc:local-in id="Write_To_Aggregator" routes-to="Aggregate_Response"/>
        <cc:async-mediation id="ErrorMessage">
            <cc:steps>
                <cc:eval id="Eval"><cc:expression>props['p.error.log'].append('Error during preparing detail row for Employee ' + props['this.employee.id'] + ' - ' + context.getErrorMessage() + '.\n')</cc:expression><cc:expression>props['p.senderror.log'] = true</cc:expression></cc:eval>
            </cc:steps>
        </cc:async-mediation>
        <cc:async-mediation id="StoreErrorLog" routes-to="StoreError" execute-steps-when="props['p.senderror.log'] == true &amp;&amp; props['error.free'] == false">
            <cc:steps>
                <cc:write id="Write" output="message" output-mimetype="text/plain">
                    <cc:message>
                        <cc:text>@{props['p.error.log'].toString()}</cc:text>
                    </cc:message>
                </cc:write>
                <cc:store id="Store" output="variable" output-mimetype="text/plain" output-variable="output.error.reference" input="message" expiresIn="@{props['log.retention']}" summary="error.log" title="error.log"/>
            </cc:steps>
        </cc:async-mediation>
        <cc:local-out id="StoreError" execute-when="props['p.senderror.log'] == true &amp;&amp; props['error.free'] == false" routes-response-to="IntegrationComplete" endpoint="vm://wcc/PutIntegrationMessage">
            <cc:set name="is.message.summary" value="'Store Error Log'"/>
            <cc:set name="is.message.detail" value="'Store Error Log'"/>
            <cc:set name="is.document.variable.name" value="'output.error.reference'"/>
            <cc:set name="is.message.severity" value="'ERROR'"/>
            <cc:set name="is.document.deliverable" value="'true'"/>
        </cc:local-out>
        <cc:async-mediation id="PrepareGetPayslips" routes-to="Get_Payroll_Payslips_Request_Parallel" handle-downstream-errors="true">
            <cc:steps>
                <cc:write id="Write">
                    <cc:message>
                        <cc:text>&lt;env:Envelope xmlns:env=&quot;http://schemas.xmlsoap.org/soap/envelope/&quot;>&#xD;
&lt;env:Header xmlns:wd=&quot;urn:com.workday/bsvc&quot;>&#xD;
		&lt;wd:Workday_Common_Header>&#xD;
            &lt;!--Optional:-->&#xD;
            &lt;wd:Include_Reference_Descriptors_In_Response>1&lt;/wd:Include_Reference_Descriptors_In_Response>&#xD;
        &lt;/wd:Workday_Common_Header>&#xD;
&lt;/env:Header>&#xD;
			&lt;env:Body>&#xD;
				&lt;wd:Get_Payroll_Payslips_Request&#xD;
					xmlns:wd=&quot;urn:com.workday/bsvc&quot;&#xD;
					wd:version=&quot;@{props['ia.wsdl.version']}&quot;>&#xD;
					&lt;wd:Request_Criteria>&#xD;
					 	&lt;wd:Field_And_Parameter_Criteria_Data>&#xD;
                    	&lt;wd:Provider_Reference wd:Descriptor=&quot;Field Override Configuration&quot;>&#xD;
                        &lt;wd:ID wd:type=&quot;Integration_System_ID&quot;>@{props['source.name']}&lt;/wd:ID>&#xD;
                    	&lt;/wd:Provider_Reference>&#xD;
                		&lt;/wd:Field_And_Parameter_Criteria_Data>&#xD;
						&lt;wd:Outsourced_Payment_Group_Reference>&#xD;
							&lt;wd:ID wd:type=&quot;Outsourced_Payment_Group_ID&quot;>@{props['outsourced.payment.group.id']}&lt;/wd:ID>&#xD;
						&lt;/wd:Outsourced_Payment_Group_Reference>     &#xD;
						    &lt;wd:Payslip_Printing_Option_Reference>&#xD;
                    			&lt;wd:ID wd:type=&quot;Payslip_Printing_Option&quot;>Checks and Advices&lt;/wd:ID>&#xD;
               				 &lt;/wd:Payslip_Printing_Option_Reference>                &#xD;
					&lt;/wd:Request_Criteria>&#xD;
					&lt;wd:Response_Filter>&#xD;
						&#xD;
						&lt;wd:Count>500&lt;/wd:Count>&#xD;
					&lt;/wd:Response_Filter>&#xD;
					&lt;wd:Response_Group>&#xD;
						&lt;wd:Include_Originating_Contact_Data>true&lt;/wd:Include_Originating_Contact_Data>&#xD;
						&lt;wd:Include_Originating_Bank_Data>true&lt;/wd:Include_Originating_Bank_Data>&#xD;
						&lt;wd:Include_Receiving_Party_Contact_Data>true&lt;/wd:Include_Receiving_Party_Contact_Data>&#xD;
						&lt;wd:Include_Receiving_Party_Bank_Data>true&lt;/wd:Include_Receiving_Party_Bank_Data>&#xD;
					&lt;/wd:Response_Group>&#xD;
				&lt;/wd:Get_Payroll_Payslips_Request>&#xD;
			&lt;/env:Body>&#xD;
		&lt;/env:Envelope></cc:text>
                    </cc:message>
                </cc:write>
            </cc:steps>
            <cc:send-error id="SendError" routes-to="ErroGetPayslipsWWS"/>
        </cc:async-mediation>
        <cc:local-out id="ErroGetPayslipsWWS" routes-response-to="SetErrorGetPayslips" endpoint="vm://wcc/PutIntegrationMessage">
            <cc:set name="is.message.severity" value="'ERROR'"/>
            <cc:set name="is.message.summary" value="'Error during preparing webservice request'"/>
            <cc:set name="is.message.detail" value="context.getErrorMessage()"/>
        </cc:local-out>
        <cc:async-mediation id="SetErrorGetPayslips">
            <cc:steps>
                <cc:eval id="Eval"><cc:expression>props['error.free'] = false</cc:expression></cc:eval>
            </cc:steps>
        </cc:async-mediation>
        <cc:async-mediation id="ZipTheFile" routes-to="Deliver_Output_File" execute-steps-when="props['zip.output'] == 1">
            <cc:steps>
                <cc:zip id="Zip"/>
            </cc:steps>
            <cc:send-error id="SendError" routes-to="ErrorZippingOutputFile"/>
        </cc:async-mediation>
        <cc:local-out id="ErrorZippingOutputFile" endpoint="vm://wcc/PutIntegrationMessage">
            <cc:set name="is.message.severity" value="'ERROR'"/>
            <cc:set name="is.message.summary" value="'Error during zipping the file'"/>
            <cc:set name="is.message.detail" value="context.getErrorMessage()"/>
        </cc:local-out>
        <cc:aggregator id="Aggregate_Log" collate-when="props['aggregate_log'] == false" force-batch-on-last-message="false" force-batch-when="props['aggregate_log'] == true">
            <cc:size-batch-strategy batch-size="-1"/>
            <cc:xml-message-content-collater output="variable" output-mimetype="text/xml" output-variable="audit.log">
        <cc:header-text>&lt;Log></cc:header-text>
        <cc:footer-text>&lt;/Log></cc:footer-text>
      </cc:xml-message-content-collater>
        </cc:aggregator>
        <cc:local-in id="Aggregate_Audit" routes-to="Aggregate_Log">
            <cc:parameter name="aggregate_log"/>
        </cc:local-in>
        <cc:local-out id="Call-Aggregate_Audit" store-message="none" execute-when="props['include.audit'] == true &amp;&amp; props['error.free'] == true" routes-response-to="Call-Deliver_Audit" endpoint="vm://INT9002-Alight-Check-Printing-Outbound-WD32-United-States-Only/Aggregate_Audit">
            <cc:set name="aggregate_log" value="true"/>
        </cc:local-out>
        <cc:async-mediation id="Async-Copy" routes-to="Aggregate_Response" execute-steps-when="(int)props['is.eligible']==1" handle-downstream-errors="true">
            <cc:steps>
                <cc:copy id="Copy" input="variable" input-variable="Detail_Row"/>
            </cc:steps>
            <cc:send-error id="errorHandler" routes-to="ErrorMessage"/>
        </cc:async-mediation>
        <cc:local-out id="Get_Payroll_Payslips_Request_Parallel" routes-response-to="CountPayslips" endpoint="vm://wcc/PagedGet">
            <cc:set name="is.paged.get.request.current.page.xpath" value="'/env:Envelope/env:Body/*/wd:Response_Filter/wd:Page'"/>
            <cc:set name="is.paged.get.response.current.page.xpath" value="'/env:Envelope/env:Body/*/wd:Response_Results/wd:Page'"/>
            <cc:set name="is.paged.get.response.total.pages.xpath" value="'/env:Envelope/env:Body/*/wd:Response_Results/wd:Total_Pages'"/>
            <cc:set name="is.paged.get.response.total.results.xpath" value="'/env:Envelope/env:Body/*/wd:Response_Results/wd:Total_Results'"/>
            <cc:set name="is.paged.get.application" value="'Payroll'"/>
            <cc:set name="is.paged.get.version" value="props['ia.wsdl.version']"/>
            <cc:set name="is.paged.get.page.zero" value="false"/>
            <cc:set name="is.paged.get.store.requests" value="true"/>
            <cc:set name="is.paged.get.aggregate.xpath" value="'/env:Envelope/env:Body/wd:Get_Payroll_Payslips_Response/wd:Response_Data/wd:Payslip'"/>
            <cc:set name="is.paged.get.aggregate.header" value="'&lt;Payslips>'"/>
            <cc:set name="is.paged.get.aggregate.footer" value="'&lt;/Payslips>'"/>
            <cc:set name="is.paged.get.parallel" value="true"/>
        </cc:local-out>
        <cc:local-out id="Call-Transform_Data" store-message="none" endpoint="vm://INT9002-Alight-Check-Printing-Outbound-WD32-United-States-Only/Transform_Data"/>
        <cc:local-out id="PutIntegrationMessage0" endpoint="vm://wcc/PutIntegrationMessage"><cc:set name="is.message.severity" value="'ERROR'"/><cc:set name="is.message.summary" value="'Error during GetPaymentDate'"/><cc:set name="is.message.detail" value="context.getErrorMessage()"/></cc:local-out>
        <cc:local-out id="PutIntegrationMessage1" endpoint="vm://wcc/PutIntegrationMessage"><cc:set name="is.message.severity" value="'ERROR'"/><cc:set name="is.message.summary" value="'Error during ValidateUS'"/><cc:set name="is.message.detail" value="context.getErrorMessage()"/></cc:local-out>
        <cc:async-mediation id="CountPayslips" routes-to="Call-Transform_Data">
            <cc:steps>
                <cc:eval id="Eval">
                    <cc:expression>props['count'] = parts[0].xpath('count(Payslips/wd:Payslip)') </cc:expression>
                </cc:eval>
                <cc:validate-exp id="ValidateExp">
                    <cc:expression failure-message="No checks or advices are flagged for printing for this OPG.">props['count'] > 0</cc:expression>
                </cc:validate-exp>
            </cc:steps>
            <cc:send-error id="SendError" routes-to="ErrorNoPayslips"/>
        </cc:async-mediation>
        <cc:local-out id="ErrorNoPayslips" endpoint="vm://wcc/PutIntegrationMessage">
            <cc:set name="is.message.severity" value="'WARNING'"/>
            <cc:set name="is.message.summary" value="'No checks or print advices'"/>
            <cc:set name="is.message.detail" value="context.getErrorMessage()"/>
        </cc:local-out>
	</cc:assembly>

</beans>