<?xml version="1.0" encoding="utf-8"?>
<CDFTransmissionFile xmlns:xsi="http://www.w3.org/2001/XMLSchema-instance" xsi:noNamespaceSchemaLocation="CDFTransmissionFile.xsd">  
  <TransmissionHeader_1000 >
    <TransRecordHeader >
      <SequenceNum >00000001</SequenceNum>
    </TransRecordHeader >
    <ProcessingStartDate >2010-03-01</ProcessingStartDate>
    <ProcessingStartTime >03:00:00</ProcessingStartTime>
    <ProcessingEndDate >2010-03-01</ProcessingEndDate>
    <ProcessingEndTime >03:59:59</ProcessingEndTime>
    <FileReferenceNum >11112010032210123344</FileReferenceNum>
    <CDFVersionNum >3.00</CDFVersionNum>
    <RunModeIndicator >V</RunModeIndicator>
    <ProcessorNum >1234A</ProcessorNum>
    <ProcessorName >Processor Name</ProcessorName>
    <SchemaVersionNum>14.01.00.00</SchemaVersionNum>
  </TransmissionHeader_1000 >
  <IssuerEntity ICANumber = "00000001111" IssuerNumber = "00000001111" >  
    <IssuerInformation_3000 >
      <HierarchyRecordHeader >
        <SequenceNum >00000002</SequenceNum>
        <StatusCode >I</StatusCode>
      </HierarchyRecordHeader >
      <NameLocaleCode >ENU</NameLocaleCode>
      <NameLine1 >ISSUER 1</NameLine1>
      <NameLine2 >ISSUER Name 2</NameLine2>
      <AlternateNameLocaleCode >ENU</AlternateNameLocaleCode>
      <AlternateNameLine1 >ISSUER 1 ALTERNATE NAME LINE 1</AlternateNameLine1>
      <AlternateNameLine2 >ISSUER Name ALTERNATE NAME LINE 1</AlternateNameLine2>
      <PostedCurrencyCode >978</PostedCurrencyCode>
      <UseSmartDataNextGeneration >N</UseSmartDataNextGeneration>
    </IssuerInformation_3000 >
    <HierarchyAddress_4410 >
      <HierarchyRecordHeader >
        <SequenceNum >00000003</SequenceNum>
        <StatusCode >A</StatusCode>
      </HierarchyRecordHeader >
      <LocaleCode >ENU</LocaleCode>
      <PrimaryAddressIndicator >Y</PrimaryAddressIndicator>
      <AddressTypeCode >OTR</AddressTypeCode>
      <AddressNum >01</AddressNum>
      <AddressLine >GTTN CHUCK SMILEY</AddressLine>
      <AddressLine2 >10150 TORRENTO VALLEY RD</AddressLine2>
      <City >REDINGTON</City>
      <StateProvince >DEU</StateProvince>
      <CountryCode >DEU</CountryCode>
      <PostalCode >40878</PostalCode>
      <ContactName >SANTAA B MCLAUGHLIN</ContactName>
      <PhoneNum >00000001324803781</PhoneNum>
      <FaxNum >00000000000000000</FaxNum>
      <EMailAddress >abc@xyz.com</EMailAddress>
    </HierarchyAddress_4410 >
    <MCCGroupEntity >
    <MCCGroup_4600 >
      <HierarchyRecordHeader >
        <SequenceNum >00000500</SequenceNum>
        <StatusCode >A</StatusCode>
      </HierarchyRecordHeader >
      <MCCGroupName >TESTING1</MCCGroupName>
      <MCCGroupType >A</MCCGroupType>
    </MCCGroup_4600 >
    <MCCGroupRange_4610 >
      <HierarchyRecordHeader >
        <SequenceNum >00000501</SequenceNum>
        <StatusCode >A</StatusCode>
      </HierarchyRecordHeader >
      <MCCGroupName >TESTING1</MCCGroupName>
      <MCCGroupFromRange >5013</MCCGroupFromRange>
      <MCCGroupToRange >5017</MCCGroupToRange>
    </MCCGroupRange_4610 >
    <MCCGroupRange_4610 >
      <HierarchyRecordHeader >
        <SequenceNum >00000502</SequenceNum>
        <StatusCode >A</StatusCode>
      </HierarchyRecordHeader >
      <MCCGroupName >TESTING1</MCCGroupName>
      <MCCGroupFromRange >5511</MCCGroupFromRange>
      <MCCGroupToRange >5542</MCCGroupToRange>
    </MCCGroupRange_4610 >
    <MCCGroupRange_4610 >
      <HierarchyRecordHeader >
        <SequenceNum >00000503</SequenceNum>
        <StatusCode >A</StatusCode>
      </HierarchyRecordHeader >
      <MCCGroupName >TESTING1</MCCGroupName>
      <MCCGroupFromRange >5588</MCCGroupFromRange>
      <MCCGroupToRange >5588</MCCGroupToRange>
    </MCCGroupRange_4610 >
    <MCCGroupRange_4610 >
      <HierarchyRecordHeader >
        <SequenceNum >00000504</SequenceNum>
        <StatusCode >A</StatusCode>
      </HierarchyRecordHeader >
      <MCCGroupName >TESTING1</MCCGroupName>
      <MCCGroupFromRange >7511</MCCGroupFromRange>
      <MCCGroupToRange >8001</MCCGroupToRange>
    </MCCGroupRange_4610 >
    </MCCGroupEntity >           
    <CorporateEntity CorporationNumber = "98287741234" >  
      <CorporateInformation_4000 >
        <HierarchyRecordHeader >
          <SequenceNum >00000004</SequenceNum>
          <StatusCode >A</StatusCode>
        </HierarchyRecordHeader >
        <AllowMasterCardTaxEstimation >Y</AllowMasterCardTaxEstimation>
        <ProcessingCompanyNum >0584058</ProcessingCompanyNum>
        <BillingType >C</BillingType>
        <Cycle >W</Cycle>
        <CycleDateIndicator >FR</CycleDateIndicator>
        <NameLocaleCode >ENU</NameLocaleCode>
        <NameLine1 >SANITIZED CORP #1</NameLine1>
        <BillingCurrencyCode >978</BillingCurrencyCode>
        <AnnualFeeControlAccount >5555555505555555</AnnualFeeControlAccount>
        <CreditLimit Exponent = "0" >0000000000010000</CreditLimit>
        <UseSmartDataNextGeneration >Y</UseSmartDataNextGeneration>
      </CorporateInformation_4000 >
      <HierarchyAddress_4410 >
        <HierarchyRecordHeader >
          <SequenceNum >00000005</SequenceNum>
          <StatusCode >A</StatusCode>
        </HierarchyRecordHeader >
        <LocaleCode >ENU</LocaleCode>
        <PrimaryAddressIndicator >Y</PrimaryAddressIndicator>
        <AddressTypeCode >SHP</AddressTypeCode>
        <AddressNum >01</AddressNum>
        <AddressLine >1 MAIN ST</AddressLine>
        <City >KENSWORTH</City>
        <StateProvince >UNK</StateProvince>
        <CountryCode >GBR</CountryCode>
        <PostalCode >LU6 3RB</PostalCode>
        <ContactName >SANITIZED CORP #1</ContactName>
        <PhoneNum >(555) 555-0001</PhoneNum>
        <FaxNum >(555) 555-5555</FaxNum>
        <EMailAddress >ceo1@company.com</EMailAddress>
      </HierarchyAddress_4410 >
      <Portfolio_4420>
        <HierarchyRecordHeader>
          <SequenceNum>00000006</SequenceNum>
          <StatusCode>A</StatusCode>
        </HierarchyRecordHeader>
        <PortfolioStatementDate>2010-03-31</PortfolioStatementDate>
        <TotalNumOfAccounts>0000005000</TotalNumOfAccounts>
        <TotalNumTransactions>0001000000</TotalNumTransactions>
        <AccountsPastDue>0000020</AccountsPastDue>
        <AccountsWithDispute>0000000</AccountsWithDispute>
        <NumOfCards>0004000</NumOfCards>
        <NumOfDebits>0000114009</NumOfDebits>
        <NumOfCredits>0000050301</NumOfCredits>
        <NumAccountsOverLimit>0000000</NumAccountsOverLimit>
        <NumOfDaysPastDue>000</NumOfDaysPastDue>
        <CurrentBalance CurrencyCode="840" CurrencyExponent="2" CurrencySign="D">15235</CurrentBalance>
        <AvailableCredit CurrencyCode="840" CurrencyExponent="4" CurrencySign="C">000000011245000</AvailableCredit>
      </Portfolio_4420>
      <CustomData >
        <HierarchyRecordHeader >
          <SequenceNum >00000007</SequenceNum>
          <StatusCode >A</StatusCode>
        </HierarchyRecordHeader >
        <Label >ClientProductCode</Label>
        <Data >NOS</Data>
      </CustomData >
      <OrganizationPointEntity OrganizationPointNumber = "2001120011" >  
        <OrganizationPointInformation_4100 >
          <HierarchyRecordHeader >
            <SequenceNum >00000008</SequenceNum>
            <StatusCode >A</StatusCode>
          </HierarchyRecordHeader >
          <ReportsTo ></ReportsTo>
          <BillingType >O</BillingType>
          <Cycle >M</Cycle>
          <NameLocaleCode >ENG</NameLocaleCode>
          <NameLine1 >SANITIZED ORG #1</NameLine1>
          <BillingCurrencyCode >036</BillingCurrencyCode>
          <CreditLimit Exponent = "0" >0000000000000000</CreditLimit>
        </OrganizationPointInformation_4100 >
      </OrganizationPointEntity>
      <OrganizationPointEntity OrganizationPointNumber = "200113040030400" >  
        <OrganizationPointInformation_4100 >
          <HierarchyRecordHeader >
            <SequenceNum >00000010</SequenceNum>
            <StatusCode >A</StatusCode>
          </HierarchyRecordHeader >
          <ReportsTo >2001120011</ReportsTo>
          <BillingType >O</BillingType>
          <Cycle >M</Cycle>
          <NameLocaleCode >ENG</NameLocaleCode>
          <NameLine1 >SANITIZED ORG #3</NameLine1>
          <BillingCurrencyCode >036</BillingCurrencyCode>
          <CreditLimit Exponent = "0" >0000000000000000</CreditLimit>
        </OrganizationPointInformation_4100 >
        <HierarchyAddress_4410 >
          <HierarchyRecordHeader >
            <SequenceNum >00000012</SequenceNum>
            <StatusCode >A</StatusCode>
          </HierarchyRecordHeader >
          <LocaleCode >ENG</LocaleCode>
          <PrimaryAddressIndicator >Y</PrimaryAddressIndicator>
          <AddressNum >01</AddressNum>
          <AddressLine >1 MAIN ST</AddressLine>
          <City >WELSHPOOL</City>
          <StateProvince >WA</StateProvince>
          <CountryCode >AUS</CountryCode>
          <PostalCode >6106</PostalCode>
          <ContactName >SANITIZED ORG #3</ContactName>
          <PhoneNum >(555) 555-0003</PhoneNum>
          <FaxNum >(555) 555-5555</FaxNum>
          <EMailAddress >department3@company.com</EMailAddress>
        </HierarchyAddress_4410 >
        <Portfolio_4420>
          <HierarchyRecordHeader>
            <SequenceNum>00000013</SequenceNum>
            <StatusCode>A</StatusCode>
          </HierarchyRecordHeader>
          <PortfolioStatementDate>2010-03-31</PortfolioStatementDate>
          <TotalNumOfAccounts>0000000025</TotalNumOfAccounts>
          <TotalNumTransactions>0000000790</TotalNumTransactions>
          <AccountsPastDue>0000000</AccountsPastDue>
          <AccountsWithDispute>0000000</AccountsWithDispute>
          <NumOfCards>0000025</NumOfCards>
          <NumOfDebits>0000000509</NumOfDebits>
          <NumOfCredits>0000000281</NumOfCredits>
          <NumAccountsOverLimit>0000000</NumAccountsOverLimit>
          <NumOfDaysPastDue>000</NumOfDaysPastDue>
          <AvailableCredit CurrencyCode="840" CurrencyExponent="4" CurrencySign="C">000000015000000</AvailableCredit>
        </Portfolio_4420>
      </OrganizationPointEntity>
      <OrganizationPointEntity OrganizationPointNumber = "200113040130401" >  
        <OrganizationPointInformation_4100 >
          <HierarchyRecordHeader >
            <SequenceNum >00000018</SequenceNum>
            <StatusCode >A</StatusCode>
          </HierarchyRecordHeader >
          <ReportsTo >2001120011</ReportsTo>
          <BillingType >O</BillingType>
          <Cycle >M</Cycle>
          <NameLocaleCode >ENG</NameLocaleCode>
          <NameLine1 >SANITIZED ORG #4</NameLine1>
          <BillingCurrencyCode >036</BillingCurrencyCode>
          <CreditLimit Exponent = "0" >0000000000000000</CreditLimit>
        </OrganizationPointInformation_4100 >
        <HierarchyAddress_4410 >
          <HierarchyRecordHeader >
            <SequenceNum >00000020</SequenceNum>
            <StatusCode >A</StatusCode>
          </HierarchyRecordHeader >
          <LocaleCode >ENG</LocaleCode>
          <PrimaryAddressIndicator >Y</PrimaryAddressIndicator>
          <AddressNum >01</AddressNum>
          <AddressLine >1 MAIN ST</AddressLine>
          <City >WELSHPOOL</City>
          <StateProvince >WA</StateProvince>
          <CountryCode >AUS</CountryCode>
          <PostalCode >6106</PostalCode>
          <ContactName >SANITIZED ORG #4</ContactName>
          <PhoneNum >(555) 555-0004</PhoneNum>
          <FaxNum >(555) 555-5555</FaxNum>
          <EMailAddress >department4@company.com</EMailAddress>
        </HierarchyAddress_4410 >
        <Portfolio_4420>
          <HierarchyRecordHeader>
            <SequenceNum>00000021</SequenceNum>
            <StatusCode>A</StatusCode>
          </HierarchyRecordHeader>
          <PortfolioStatementDate>2010-03-31</PortfolioStatementDate>
          <TotalNumOfAccounts>0000001008</TotalNumOfAccounts>
          <TotalNumTransactions>0000001023</TotalNumTransactions>
          <AccountsPastDue>0000000</AccountsPastDue>
          <AccountsWithDispute>0000000</AccountsWithDispute>
          <NumOfCards>0001008</NumOfCards>
          <NumOfDebits>0000000753</NumOfDebits>
          <NumOfCredits>0000000270</NumOfCredits>
          <NumAccountsOverLimit>0000000</NumAccountsOverLimit>
          <NumOfDaysPastDue>000</NumOfDaysPastDue>
        </Portfolio_4420>
      </OrganizationPointEntity>
      <OrganizationPointEntity OrganizationPointNumber = "200113039930399" >  
        <OrganizationPointInformation_4100 >
          <HierarchyRecordHeader >
            <SequenceNum >00000014</SequenceNum>
            <StatusCode >A</StatusCode>
          </HierarchyRecordHeader >
          <ReportsTo >2001120011</ReportsTo>
          <BillingType >O</BillingType>
          <Cycle >M</Cycle>
          <NameLocaleCode >ENG</NameLocaleCode>
          <NameLine1 >SANITIZED ORG #2</NameLine1>
          <BillingCurrencyCode >036</BillingCurrencyCode>
          <CreditLimit Exponent = "0" >0000000000000000</CreditLimit>
        </OrganizationPointInformation_4100 >
        <HierarchyAddress_4410 >
          <HierarchyRecordHeader >
            <SequenceNum >00000016</SequenceNum>
            <StatusCode >A</StatusCode>
          </HierarchyRecordHeader >
          <LocaleCode >ENG</LocaleCode>
          <PrimaryAddressIndicator >Y</PrimaryAddressIndicator>
          <AddressNum >01</AddressNum>
          <AddressLine >1 MAIN ST</AddressLine>
          <City >WELSHPOOL</City>
          <StateProvince >WA</StateProvince>
          <CountryCode >AUS</CountryCode>
          <PostalCode >6106</PostalCode>
          <ContactName >SANITIZED ORG #2</ContactName>
          <PhoneNum >(555) 555-0002</PhoneNum>
          <FaxNum >(555) 555-5555</FaxNum>
          <EMailAddress >department2@company.com</EMailAddress>
        </HierarchyAddress_4410 >
        <Portfolio_4420>
          <HierarchyRecordHeader>
            <SequenceNum>00000017</SequenceNum>
            <StatusCode>A</StatusCode>
          </HierarchyRecordHeader>
          <PortfolioStatementDate>2010-03-30</PortfolioStatementDate>
          <TotalNumOfAccounts>0000001710</TotalNumOfAccounts>
          <TotalNumTransactions>0000010013</TotalNumTransactions>
          <AccountsPastDue>0000001</AccountsPastDue>
          <AccountsWithDispute>0000000</AccountsWithDispute>
          <NumOfCards>0001710</NumOfCards>
          <NumOfDebits>0000005013</NumOfDebits>
          <NumOfCredits>0000005000</NumOfCredits>
          <NumAccountsOverLimit>0000000</NumAccountsOverLimit>
          <NumOfDaysPastDue>005</NumOfDaysPastDue>
        </Portfolio_4420>
      </OrganizationPointEntity>
      <OrganizationPointEntity OrganizationPointNumber = "200113040230402" >  
        <OrganizationPointInformation_4100 >
          <HierarchyRecordHeader >
            <SequenceNum >00000022</SequenceNum>
            <StatusCode >A</StatusCode>
          </HierarchyRecordHeader >
          <ReportsTo >2001120011</ReportsTo>
          <BillingType >O</BillingType>
          <Cycle >M</Cycle>
          <NameLocaleCode >ENG</NameLocaleCode>
          <NameLine1 >SANITIZED ORG #5</NameLine1>
          <BillingCurrencyCode >036</BillingCurrencyCode>
          <CreditLimit Exponent = "0" >0000000000000000</CreditLimit>
        </OrganizationPointInformation_4100 >
        <HierarchyAddress_4410 >
          <HierarchyRecordHeader >
            <SequenceNum >00000024</SequenceNum>
            <StatusCode >A</StatusCode>
          </HierarchyRecordHeader >
          <LocaleCode >ENG</LocaleCode>
          <PrimaryAddressIndicator >Y</PrimaryAddressIndicator>
          <AddressNum >01</AddressNum>
          <AddressLine >1 MAIN ST</AddressLine>
          <City >WELSHPOOL</City>
          <StateProvince >WA</StateProvince>
          <CountryCode >AUS</CountryCode>
          <PostalCode >6106</PostalCode>
          <ContactName >SANITIZED ORG #5</ContactName>
          <PhoneNum >(555) 555-0005</PhoneNum>
          <FaxNum >(555) 555-5555</FaxNum>
          <EMailAddress >department5@company.com</EMailAddress>
        </HierarchyAddress_4410 >
        <Portfolio_4420>
          <HierarchyRecordHeader>
            <SequenceNum>00000025</SequenceNum>
            <StatusCode>A</StatusCode>
          </HierarchyRecordHeader>
          <PortfolioStatementDate>2010-03-31</PortfolioStatementDate>
          <TotalNumOfAccounts>0000000980</TotalNumOfAccounts>
          <TotalNumTransactions>0000010330</TotalNumTransactions>
          <AccountsPastDue>0000000</AccountsPastDue>
          <AccountsWithDispute>0000000</AccountsWithDispute>
          <NumOfCards>0000980</NumOfCards>
          <NumOfDebits>0000005330</NumOfDebits>
          <NumOfCredits>0000005000</NumOfCredits>
          <NumAccountsOverLimit>0000000</NumAccountsOverLimit>
          <NumOfDaysPastDue>000</NumOfDaysPastDue>
        </Portfolio_4420>
      </OrganizationPointEntity>
      <OrganizationPointEntity OrganizationPointNumber = "200113040330403" >  
        <OrganizationPointInformation_4100 >
          <HierarchyRecordHeader >
            <SequenceNum >00000026</SequenceNum>
            <StatusCode >A</StatusCode>
          </HierarchyRecordHeader >
          <ReportsTo >2001120011</ReportsTo>
          <BillingType >O</BillingType>
          <Cycle >M</Cycle>
          <NameLocaleCode >ENG</NameLocaleCode>
          <NameLine1 >SANITIZED ORG #6</NameLine1>
          <BillingCurrencyCode >036</BillingCurrencyCode>
          <CreditLimit Exponent = "0" >0000000000000000</CreditLimit>
        </OrganizationPointInformation_4100 >
        <HierarchyAddress_4410 >
          <HierarchyRecordHeader >
            <SequenceNum >00000028</SequenceNum>
            <StatusCode >A</StatusCode>
          </HierarchyRecordHeader >
          <LocaleCode >ENG</LocaleCode>
          <PrimaryAddressIndicator >Y</PrimaryAddressIndicator>
          <AddressNum >01</AddressNum>
          <AddressLine >1 MAIN ST</AddressLine>
          <City >WELSHPOOL</City>
          <StateProvince >WA</StateProvince>
          <CountryCode >AUS</CountryCode>
          <PostalCode >6106</PostalCode>
          <ContactName >SANITIZED ORG #6</ContactName>
          <PhoneNum >(555) 555-0006</PhoneNum>
          <FaxNum >(555) 555-5555</FaxNum>
          <EMailAddress >department6@company.com</EMailAddress>
        </HierarchyAddress_4410 >
        <Portfolio_4420>
          <HierarchyRecordHeader>
            <SequenceNum>00000029</SequenceNum>
            <StatusCode>A</StatusCode>
          </HierarchyRecordHeader>
          <PortfolioStatementDate>2010-03-31</PortfolioStatementDate>
          <TotalNumOfAccounts>0000000000</TotalNumOfAccounts>
          <TotalNumTransactions>0000000000</TotalNumTransactions>
          <AccountsPastDue>0000000</AccountsPastDue>
          <AccountsWithDispute>0000000</AccountsWithDispute>
          <NumOfCards>0000000</NumOfCards>
          <NumOfDebits>0000000000</NumOfDebits>
          <NumOfCredits>0000000000</NumOfCredits>
          <NumAccountsOverLimit>0000000</NumAccountsOverLimit>
          <NumOfDaysPastDue>000</NumOfDaysPastDue>
        </Portfolio_4420>
      </OrganizationPointEntity>
      <OrganizationPointEntity OrganizationPointNumber = "200113040430404" >  
        <OrganizationPointInformation_4100 >
          <HierarchyRecordHeader >
            <SequenceNum >00000030</SequenceNum>
            <StatusCode >A</StatusCode>
          </HierarchyRecordHeader >
          <ReportsTo >2001120011</ReportsTo>
          <BillingType >O</BillingType>
          <Cycle >M</Cycle>
          <NameLocaleCode >ENG</NameLocaleCode>
          <NameLine1 >SANITIZED ORG #7</NameLine1>
          <BillingCurrencyCode >036</BillingCurrencyCode>
          <CreditLimit Exponent = "0" >0000000000000000</CreditLimit>
        </OrganizationPointInformation_4100 >
        <HierarchyAddress_4410 >
          <HierarchyRecordHeader >
            <SequenceNum >00000032</SequenceNum>
            <StatusCode >A</StatusCode>
          </HierarchyRecordHeader >
          <LocaleCode >ENG</LocaleCode>
          <PrimaryAddressIndicator >Y</PrimaryAddressIndicator>
          <AddressNum >01</AddressNum>
          <AddressLine >1 MAIN ST</AddressLine>
          <City >WELSHPOOL</City>
          <StateProvince >WA</StateProvince>
          <CountryCode >AUS</CountryCode>
          <PostalCode >6106</PostalCode>
          <ContactName >SANITIZED ORG #7</ContactName>
          <PhoneNum >(555) 555-0007</PhoneNum>
          <FaxNum >(555) 555-5555</FaxNum>
          <EMailAddress >department7@company.com</EMailAddress>
        </HierarchyAddress_4410 >
        <Portfolio_4420>
          <HierarchyRecordHeader>
            <SequenceNum>00000033</SequenceNum>
            <StatusCode>A</StatusCode>
          </HierarchyRecordHeader>
          <PortfolioStatementDate>2010-03-31</PortfolioStatementDate>
          <TotalNumOfAccounts>0000000000</TotalNumOfAccounts>
          <TotalNumTransactions>0000000000</TotalNumTransactions>
          <AccountsPastDue>0000000</AccountsPastDue>
          <AccountsWithDispute>0000000</AccountsWithDispute>
          <NumOfCards>0000000</NumOfCards>
          <NumOfDebits>0000000000</NumOfDebits>
          <NumOfCredits>0000000000</NumOfCredits>
          <NumAccountsOverLimit>0000000</NumAccountsOverLimit>
          <NumOfDaysPastDue>000</NumOfDaysPastDue>
        </Portfolio_4420>
      </OrganizationPointEntity>
      <OrganizationPointEntity OrganizationPointNumber = "200113040530405" >  
        <OrganizationPointInformation_4100 >
          <HierarchyRecordHeader >
            <SequenceNum >00000034</SequenceNum>
            <StatusCode >A</StatusCode>
          </HierarchyRecordHeader >
          <ReportsTo >2001120011</ReportsTo>
          <BillingType >O</BillingType>
          <Cycle >M</Cycle>
          <NameLocaleCode >ENG</NameLocaleCode>
          <NameLine1 >SANITIZED ORG #8</NameLine1>
          <BillingCurrencyCode >036</BillingCurrencyCode>
          <CreditLimit Exponent = "0" >0000000000000000</CreditLimit>
        </OrganizationPointInformation_4100 >
        <HierarchyAddress_4410 >
          <HierarchyRecordHeader >
            <SequenceNum >00000036</SequenceNum>
            <StatusCode >A</StatusCode>
          </HierarchyRecordHeader >
          <LocaleCode >ENG</LocaleCode>
          <PrimaryAddressIndicator >Y</PrimaryAddressIndicator>
          <AddressNum >01</AddressNum>
          <AddressLine >1 MAIN ST</AddressLine>
          <City >WELSHPOOL</City>
          <StateProvince >WA</StateProvince>
          <CountryCode >AUS</CountryCode>
          <PostalCode >6106</PostalCode>
          <ContactName >SANITIZED ORG #8</ContactName>
          <PhoneNum >(555) 555-0008</PhoneNum>
          <FaxNum >(555) 555-5555</FaxNum>
          <EMailAddress >department8@company.com</EMailAddress>
        </HierarchyAddress_4410 >
        <Portfolio_4420>
          <HierarchyRecordHeader>
            <SequenceNum>00000037</SequenceNum>
            <StatusCode>A</StatusCode>
          </HierarchyRecordHeader>
          <PortfolioStatementDate>2010-03-31</PortfolioStatementDate>
          <TotalNumOfAccounts>0000000000</TotalNumOfAccounts>
          <TotalNumTransactions>0000000000</TotalNumTransactions>
          <AccountsPastDue>0000000</AccountsPastDue>
          <AccountsWithDispute>0000000</AccountsWithDispute>
          <NumOfCards>0000000</NumOfCards>
          <NumOfDebits>0000000000</NumOfDebits>
          <NumOfCredits>0000000000</NumOfCredits>
          <NumAccountsOverLimit>0000000</NumAccountsOverLimit>
          <NumOfDaysPastDue>000</NumOfDaysPastDue>
        </Portfolio_4420>
      </OrganizationPointEntity>
      <AccountEntity AccountNumber = "9856" >
        <AccountInformation_4300 >
          <HierarchyRecordHeader >
            <SequenceNum >00000038</SequenceNum>
            <StatusCode >A</StatusCode>
          </HierarchyRecordHeader >
          <ReportsTo ></ReportsTo>
          <PostedCurrencyCode >840</PostedCurrencyCode>
          <BillingType >C</BillingType>
          <AcceptanceBrandIdCode >MCC</AcceptanceBrandIdCode>
          <CorporateProduct >MCP</CorporateProduct>
          <AccountTypeCode >I</AccountTypeCode>
          <EffectiveDate >2015-07-09</EffectiveDate>
          <ExpirationDate >2018-08</ExpirationDate>
          <EmployeeId >21001</EmployeeId>
          <NameLocaleCode >UKE</NameLocaleCode>
          <NameLine1 >Logan McNeil</NameLine1>
          <TaxExemptIndicator >N</TaxExemptIndicator>
          <TransitRoutingNum >000000000</TransitRoutingNum>
          <TravelersChecksIndicator >N</TravelersChecksIndicator>
          <NumOfCards >0000001</NumOfCards>
          <PendingCompanyNum >0000000</PendingCompanyNum>
          <CustomerId >000427623</CustomerId>
          <AccountIdentifier >01652905524</AccountIdentifier>
          <NextBillingCycle >28</NextBillingCycle>
          <CreditLimit Exponent = "0" >0</CreditLimit>
        </AccountInformation_4300 >      
        <HierarchyAddress_4410 >
          <HierarchyRecordHeader >
            <SequenceNum >00000039</SequenceNum>
            <StatusCode >I</StatusCode>
          </HierarchyRecordHeader >
          <LocaleCode >ENU</LocaleCode>
          <PrimaryAddressIndicator >Y</PrimaryAddressIndicator>
          <AddressTypeCode >SHP</AddressTypeCode>
          <AddressNum >01</AddressNum>
          <AddressLine >1 MAIN ST</AddressLine>
          <City >KENSWORTH</City>
          <StateProvince >UNK</StateProvince>
          <CountryCode >GBR</CountryCode>
          <PostalCode >LU6 3RB</PostalCode>
          <ContactName >ACCOUNT #1</ContactName>
          <PhoneNum >(555) 555-0001</PhoneNum>
          <FaxNum >(555) 555-5555</FaxNum>
        </HierarchyAddress_4410 >
        <HierarchyAddress_4410 >
          <HierarchyRecordHeader >
            <SequenceNum >00000040</SequenceNum>
            <StatusCode >A</StatusCode>
          </HierarchyRecordHeader >
          <LocaleCode >ENU</LocaleCode>
          <PrimaryAddressIndicator >Y</PrimaryAddressIndicator>
          <AddressTypeCode >BIL</AddressTypeCode>
          <AddressNum >02</AddressNum>
          <AddressLine >1 MAIN ST</AddressLine>
          <City >KENSWORTH</City>
          <StateProvince >UNK</StateProvince>
          <CountryCode >GBR</CountryCode>
          <PostalCode >LU6 3RB</PostalCode>
          <ContactName >ACCOUNT #1</ContactName>
          <PhoneNum >(555) 555-0001</PhoneNum>
          <FaxNum >(555) 555-5555</FaxNum>
        </HierarchyAddress_4410 >
        <Portfolio_4420>
          <HierarchyRecordHeader>
            <SequenceNum>00000041</SequenceNum>
            <StatusCode>A</StatusCode>
          </HierarchyRecordHeader>
          <PortfolioStatementDate>2010-03-31</PortfolioStatementDate>
          <TotalNumOfAccounts>0000000000</TotalNumOfAccounts>
          <TotalNumTransactions>0000000000</TotalNumTransactions>
          <AccountsPastDue>0000000</AccountsPastDue>
          <AccountsWithDispute>0000000</AccountsWithDispute>
          <NumOfCards>0000000</NumOfCards>
          <CycleAmountLimit CurrencyCode="840" CurrencyExponent="0" CurrencySign="D">0000000000010000</CycleAmountLimit>
          <NumOfDebits>0000000000</NumOfDebits>
          <NumOfCredits>0000000000</NumOfCredits>
          <NumAccountsOverLimit>0000000</NumAccountsOverLimit>
          <NumOfDaysPastDue>000</NumOfDaysPastDue>
        </Portfolio_4420>
        <AuthorizationLimits_4430 >
          <HierarchyRecordHeader >
            <SequenceNum >00000042</SequenceNum>
            <StatusCode >A</StatusCode>
          </HierarchyRecordHeader >
          <DailyNumLimitOfTransactions >00000010</DailyNumLimitOfTransactions>
          <SingleTransactionAmountLimit CurrencyCode = "840" CurrencyExponent = "2" CurrencySign = "D" >0000000999999900</SingleTransactionAmountLimit>
          <CycleNumOfTransactionsLimit >00000025</CycleNumOfTransactionsLimit>
          <MonthlyNumLimitOfTransactions >00000025</MonthlyNumLimitOfTransactions>
          <OtherNumOfTransactionsLimit >00000000</OtherNumOfTransactionsLimit>
          <OtherNumOfDays >000</OtherNumOfDays>
          <QuarterlyNumTransactions >000000075</QuarterlyNumTransactions>
          <YearlyNumTransactions >000000300</YearlyNumTransactions>
          <ElectronicCommerceTransactions >Y</ElectronicCommerceTransactions>
          <CheckIndividualVelocities >N</CheckIndividualVelocities>
        </AuthorizationLimits_4430 >
        <DailyPortfolio_4450 >
          <HierarchyRecordHeader >
            <SequenceNum >00000043</SequenceNum>
            <StatusCode >A</StatusCode>
          </HierarchyRecordHeader >
          <ConsecutiveDaysArrears >00000000</ConsecutiveDaysArrears>
          <ActualDaysArrears >00000000</ActualDaysArrears>
          <NumberOfTimesPastDue>999</NumberOfTimesPastDue>
          <AvailableCredit CurrencyCode="840" CurrencyExponent="4" CurrencySign="C">000000016145000</AvailableCredit>
        </DailyPortfolio_4450 >
        <AcctUsage_4460 >
          <HierarchyRecordHeader >
            <SequenceNum >00000044</SequenceNum>
            <StatusCode >A</StatusCode>
          </HierarchyRecordHeader >
          <PurchasesYTD >00000000</PurchasesYTD>
          <PurchasesLTD >00000000</PurchasesLTD>
          <CashAdvancesYTD >00000000</CashAdvancesYTD>
          <CashAdvancesLTD >00000000</CashAdvancesLTD>
        </AcctUsage_4460 >
        <StatusElement>  
          <HierarchyRecordHeader >
            <SequenceNum >00000045</SequenceNum>
            <StatusCode >A</StatusCode>
          </HierarchyRecordHeader >
          <Status >
            <StatusCode >IC</StatusCode>
            <ReasonCode >NS</ReasonCode>
            <StatusDate >2003-10-24</StatusDate>
          </Status >
          <Status >
            <StatusCode >AV</StatusCode>
            <ReasonCode >Y</ReasonCode>
            <StatusDate >2003-10-24</StatusDate>
          </Status >
          <Status >
            <StatusCode >IC</StatusCode>
            <ReasonCode >Y</ReasonCode>
            <StatusDate >2010-08-01</StatusDate>
          </Status >
          <Status >
            <StatusCode >FP</StatusCode>
            <ReasonCode >PU</ReasonCode>
            <StatusDate >2003-10-31</StatusDate>
          </Status >
          <Status >
            <StatusCode >FO</StatusCode>
            <ReasonCode >Y</ReasonCode>
            <StatusDate >2010-07-25</StatusDate>
          </Status >
          <Status >
            <StatusCode >DC</StatusCode>
            <ReasonCode >Y</ReasonCode>
            <StatusDate >2010-07-25</StatusDate>
          </Status >
          <Status >
            <StatusCode >AS</StatusCode>
            <ReasonCode >Y</ReasonCode>
            <StatusDate >2010-07-18</StatusDate>
          </Status >
          <Status >
            <StatusCode >SK</StatusCode>
            <ReasonCode >B</ReasonCode>
            <StatusDate >2010-05-09</StatusDate>
          </Status >
          <Status >
            <StatusCode >RD</StatusCode>
            <ReasonCode >Y</ReasonCode>
            <StatusDate >2010-07-25</StatusDate>
          </Status >
        </StatusElement>
        <FleetAccountHeader_4310 >
          <HierarchyRecordHeader >
            <SequenceNum >00000046</SequenceNum>
            <StatusCode >A</StatusCode>
          </HierarchyRecordHeader >
          <VehicleDriverName >ACCOUNT #1</VehicleDriverName>
          <VehicleDriverNum >000018</VehicleDriverNum>
          <FuelRestriction >2</FuelRestriction>
          <PromptCode >3</PromptCode>
          <VehicleDriverFlag >V</VehicleDriverFlag>
          <Status >A</Status>
          <TaxCode >000</TaxCode>
        </FleetAccountHeader_4310 >
        <MCCGroupAuthLimits_4620 >
          <HierarchyRecordHeader >
            <SequenceNum >00001471</SequenceNum>
            <StatusCode >A</StatusCode>
          </HierarchyRecordHeader >
          <MCCGroupPriority >1</MCCGroupPriority>
          <MCCGroupName >TESTING</MCCGroupName>
          <MCCGroupAction >I</MCCGroupAction>
          <DailyNumLimitOfTransactions >00000020</DailyNumLimitOfTransactions>
          <CycleNumOfTransactionsLimit >00000050</CycleNumOfTransactionsLimit>
          <MonthlyNumLimitOfTransactions >00000050</MonthlyNumLimitOfTransactions>
          <OtherNumOfTransactionsLimit >00000099</OtherNumOfTransactionsLimit>
          <OtherNumOfDays >000</OtherNumOfDays>
          <QuarterlyNumTransactions >000000100</QuarterlyNumTransactions>
          <YearlyNumTransactions >000000100</YearlyNumTransactions>
        </MCCGroupAuthLimits_4620 >
        <FinancialTransactionEntity ProcessorTransactionId = "42970312006073119423331111" >  
          <FinancialTransaction_5000 >
            <FinancialRecordHeader >
              <SequenceNum >00000047</SequenceNum>
              <MaintenanceCode >A</MaintenanceCode>
            </FinancialRecordHeader >
            <ProcessorTransactionId >42970312006073119423331111</ProcessorTransactionId>
            <AlternateAccount >
              <AlternateAccountNumber >547609</AlternateAccountNumber>
              <AlternateAccountType >B</AlternateAccountType>
            </AlternateAccount >
            <AcquirerReferenceData >96209691072500980</AcquirerReferenceData>
            <CardHolderTransactionType >00</CardHolderTransactionType>
            <PostingDate >2015-08-09</PostingDate>
            <TransactionDate >2015-08-09</TransactionDate>
            <ProcessingDate >2015-08-09</ProcessingDate>
            <BillingDate >2015-08-09</BillingDate>
            <ApprovalCode >022891</ApprovalCode>
            <BanknetReferenceNum >MCBQ8HHX0</BanknetReferenceNum>
            <DebitOrCreditIndicator >D</DebitOrCreditIndicator>
            <AmountInOriginalCurrency CurrencyCode = "840" CurrencyExponent = "4" CurrencySign = "D" >0000000000399600</AmountInOriginalCurrency>
            <OriginalCurrencyCode >840</OriginalCurrencyCode>
            <AmountInPostedCurrency CurrencyCode = "840" CurrencyExponent = "4" CurrencySign = "D" >0000000000399600</AmountInPostedCurrency>
            <PostedCurrencyCode >840</PostedCurrencyCode>
            <PostedCurrencyConversionDate >06210</PostedCurrencyConversionDate>
            <PostedConversionRate >1.000000</PostedConversionRate>
            <AmountInBillingCurrency CurrencyCode = "840" CurrencyExponent = "4" CurrencySign = "D" >0000000000399600</AmountInBillingCurrency>
            <BillingCurrencyCode >840</BillingCurrencyCode>
            <BillingCurrencyConversionDate >06210</BillingCurrencyConversionDate>
            <BillingConversionRate >0.001000</BillingConversionRate>
            <TotalTaxAmount CurrencyCode = "840" CurrencyExponent = "4" CurrencySign = "D" >0000000000019400</TotalTaxAmount>
            <DestinationPostalCode >53177</DestinationPostalCode>
            <DestinationCountryCode >USA</DestinationCountryCode>
            <CommodityCode >air</CommodityCode>
            <AuthorizedContactName >ACCOUNT #1</AuthorizedContactName>
            <AuthorizedContactPhone >(555) 555-0001</AuthorizedContactPhone>
            <TaxExemptIndicator >1</TaxExemptIndicator>
            <DisputeTrackingNum >000000</DisputeTrackingNum>
            <IssuerTransactionCode >3001</IssuerTransactionCode>
            <TransactionCategory >0001</TransactionCategory>
            <TransactionCodeQualifier >0</TransactionCodeQualifier>
            <EmployeeId>21001</EmployeeId>
          </FinancialTransaction_5000 >
          <CardAcceptor_5001 >
            <FinancialRecordHeader >
              <SequenceNum >00000048</SequenceNum>
              <MaintenanceCode >A</MaintenanceCode>
            </FinancialRecordHeader >
            <AcquiringICA >00000001019</AcquiringICA>
            <CardAcceptorId >691000068660000</CardAcceptorId>
            <CardAcceptorName >KWIK TRIP  68600006Q99</CardAcceptorName>
            <CardAcceptorStreetAddress >943 SE FRONTAGE ROAD</CardAcceptorStreetAddress>
            <CardAcceptorCity >STURTEVANT</CardAcceptorCity>
            <CardAcceptorStateProvince >WI</CardAcceptorStateProvince>
            <CardAcceptorLocationPostalCode >53177</CardAcceptorLocationPostalCode>
            <CardAcceptorCountryCode >USA</CardAcceptorCountryCode>
            <CardAcceptorBusinessCode >5541</CardAcceptorBusinessCode>
            <CardAcceptorType >1000</CardAcceptorType>
            <CardAcceptorTaxId >391036365</CardAcceptorTaxId>
          </CardAcceptor_5001 >
          <TaxAddendum_5300 >
            <FinancialRecordHeader >
              <SequenceNum >00000049</SequenceNum>
              <MaintenanceCode >A</MaintenanceCode>
            </FinancialRecordHeader >
            <TaxAmountIndicator >Y</TaxAmountIndicator>
            <TaxRate Exponent = "5" >00000000000005100</TaxRate>
            <TaxTypeIdentifier >06</TaxTypeIdentifier>
          </TaxAddendum_5300 >
          <LineItemDetailEntity>  
            <CorporateCardLineItemDetail_5010 >
              <FinancialRecordHeader >
                <SequenceNum >00000050</SequenceNum>
                <MaintenanceCode >A</MaintenanceCode>
              </FinancialRecordHeader >
              <LineItemNum >0000</LineItemNum>
              <SubLineItemNum >0000</SubLineItemNum>
              <DateOfPurchase >2010-07-27</DateOfPurchase>
              <ProductCode >001</ProductCode>
              <ItemDescription >NOLEAD REGULAR</ItemDescription>
              <ItemQuantity Exponent = "4" >0000000000076800</ItemQuantity>
              <ItemUnitOfMeasurementType >GLL</ItemUnitOfMeasurementType>
              <UnitPrice CurrencyCode = "840" CurrencyExponent = "4" CurrencySign = "D" >0000000000000000</UnitPrice>
              <ExtendedItemAmount CurrencyCode = "840" CurrencyExponent = "4" CurrencySign = "D" >0000000000244000</ExtendedItemAmount>
              <DiscountIndicator >N</DiscountIndicator>
              <TypeOfSupply >00</TypeOfSupply>
              <TaxExemptIndicator >1</TaxExemptIndicator>
              <LineItemTotalAmount CurrencyCode = "840" CurrencyExponent = "4" CurrencySign = "D" >0000000000000000</LineItemTotalAmount>
              <POLineNum >0000</POLineNum>
            </CorporateCardLineItemDetail_5010 >
          </LineItemDetailEntity>
          <LineItemDetailEntity>  
            <CorporateCardLineItemDetail_5010 >
              <FinancialRecordHeader >
                <SequenceNum >00000051</SequenceNum>
                <MaintenanceCode >A</MaintenanceCode>
              </FinancialRecordHeader >
              <LineItemNum >0000</LineItemNum>
              <SubLineItemNum >0000</SubLineItemNum>
              <DateOfPurchase >2010-07-27</DateOfPurchase>
              <ProductCode >099</ProductCode>
              <ItemDescription >MISC</ItemDescription>
              <ItemQuantity Exponent = "4" >0000000000010000</ItemQuantity>
              <ItemUnitOfMeasurementType >EAC</ItemUnitOfMeasurementType>
              <UnitPrice CurrencyCode = "840" CurrencyExponent = "4" CurrencySign = "D" >0000000000000000</UnitPrice>
              <ExtendedItemAmount CurrencyCode = "840" CurrencyExponent = "4" CurrencySign = "D" >0000000000000800</ExtendedItemAmount>
              <DiscountIndicator >N</DiscountIndicator>
              <TypeOfSupply >00</TypeOfSupply>
              <TaxExemptIndicator >1</TaxExemptIndicator>
              <LineItemTotalAmount CurrencyCode = "840" CurrencyExponent = "4" CurrencySign = "D" >0000000000000000</LineItemTotalAmount>
              <POLineNum >0000</POLineNum>
            </CorporateCardLineItemDetail_5010 >
          </LineItemDetailEntity>
          <LineItemDetailEntity>  
            <CorporateCardLineItemDetail_5010 >
              <FinancialRecordHeader >
                <SequenceNum >00000052</SequenceNum>
                <MaintenanceCode >A</MaintenanceCode>
              </FinancialRecordHeader >
              <LineItemNum >0000</LineItemNum>
              <SubLineItemNum >0000</SubLineItemNum>
              <DateOfPurchase >2010-07-27</DateOfPurchase>
              <ProductCode >099</ProductCode>
              <ItemDescription >MISC</ItemDescription>
              <ItemQuantity Exponent = "4" >0000000000180000</ItemQuantity>
              <ItemUnitOfMeasurementType >EAC</ItemUnitOfMeasurementType>
              <UnitPrice CurrencyCode = "840" CurrencyExponent = "4" CurrencySign = "D" >0000000000000000</UnitPrice>
              <ExtendedItemAmount CurrencyCode = "840" CurrencyExponent = "4" CurrencySign = "D" >0000000000154800</ExtendedItemAmount>
              <DiscountIndicator >N</DiscountIndicator>
              <TypeOfSupply >00</TypeOfSupply>
              <TaxExemptIndicator >1</TaxExemptIndicator>
              <LineItemTotalAmount CurrencyCode = "840" CurrencyExponent = "4" CurrencySign = "D" >0000000000000000</LineItemTotalAmount>
              <POLineNum >0000</POLineNum>
            </CorporateCardLineItemDetail_5010 >
          </LineItemDetailEntity>
        </FinancialTransactionEntity>
        <FinancialTransactionEntity ProcessorTransactionId = "42951482006073119403491111" >  
          <FinancialTransaction_5000 >
            <FinancialRecordHeader >
              <SequenceNum >00000053</SequenceNum>
              <MaintenanceCode >A</MaintenanceCode>
            </FinancialRecordHeader >
            <ProcessorTransactionId >42951482006073119403491111</ProcessorTransactionId>
            <AlternateAccount >
              <AlternateAccountNumber >547609</AlternateAccountNumber>
              <AlternateAccountType >C</AlternateAccountType>
            </AlternateAccount >
            <AcquirerReferenceData >76210624365511205</AcquirerReferenceData>
            <CardHolderTransactionType >00</CardHolderTransactionType>
            <PostingDate >2015-08-08</PostingDate>
            <TransactionDate >2015-08-08</TransactionDate>
            <ProcessingDate >2015-08-08</ProcessingDate>
            <BillingDate >2015-08-08</BillingDate>
            <ApprovalCode >088521</ApprovalCode>
            <BanknetReferenceNum >MCBBSUALM</BanknetReferenceNum>
            <DebitOrCreditIndicator >D</DebitOrCreditIndicator>
            <AmountInOriginalCurrency CurrencyCode = "840" CurrencyExponent = "4" CurrencySign = "D" >0000000003066000</AmountInOriginalCurrency>
            <OriginalCurrencyCode >840</OriginalCurrencyCode>
            <AmountInPostedCurrency CurrencyCode = "840" CurrencyExponent = "4" CurrencySign = "D" >0000000003066000</AmountInPostedCurrency>
            <PostedCurrencyCode >840</PostedCurrencyCode>
            <PostedCurrencyConversionDate >06212</PostedCurrencyConversionDate>
            <PostedConversionRate >1.000000</PostedConversionRate>
            <AmountInBillingCurrency CurrencyCode = "840" CurrencyExponent = "4" CurrencySign = "D" >0000000003066000</AmountInBillingCurrency>
            <BillingCurrencyCode >840</BillingCurrencyCode>
            <BillingCurrencyConversionDate >06212</BillingCurrencyConversionDate>
            <BillingConversionRate >0.001000</BillingConversionRate>
            <TotalTaxAmount CurrencyCode = "840" CurrencyExponent = "4" CurrencySign = "D" >0000000000233700</TotalTaxAmount>
            <CommodityCode >air</CommodityCode>
            <AuthorizedContactName >ACCOUNT #1</AuthorizedContactName>
            <AuthorizedContactPhone >(555) 555-0001</AuthorizedContactPhone>
            <TaxExemptIndicator >1</TaxExemptIndicator>
            <DisputeTrackingNum >000000</DisputeTrackingNum>
            <IssuerTransactionCode >3001</IssuerTransactionCode>
            <TransactionCategory >0001</TransactionCategory>
            <TransactionCodeQualifier >0</TransactionCodeQualifier>
            <EmployeeId>21001</EmployeeId>
          </FinancialTransaction_5000 >
          <CardAcceptor_5001 >
            <FinancialRecordHeader >
              <SequenceNum >00000054</SequenceNum>
              <MaintenanceCode >A</MaintenanceCode>
            </FinancialRecordHeader >
            <AcquiringICA >00000006715</AcquiringICA>
            <CardAcceptorId >451039416990</CardAcceptorId>
            <CardAcceptorName >OUTBOUND EXAMPLE</CardAcceptorName>
            <CardAcceptorStreetAddress >2702 LOVE FIELD DR</CardAcceptorStreetAddress>
            <CardAcceptorCity >DALLAS</CardAcceptorCity>
            <CardAcceptorStateProvince >TX</CardAcceptorStateProvince>
            <CardAcceptorLocationPostalCode >75235</CardAcceptorLocationPostalCode>
            <CardAcceptorCountryCode >USA</CardAcceptorCountryCode>
            <CardAcceptorBusinessCode >3066</CardAcceptorBusinessCode>
            <CardAcceptorType >0000</CardAcceptorType>
            <CardAcceptorTaxId >741563240</CardAcceptorTaxId>
          </CardAcceptor_5001 >
          <TaxAddendum_5300 >
            <FinancialRecordHeader >
              <SequenceNum >00000055</SequenceNum>
              <MaintenanceCode >A</MaintenanceCode>
            </FinancialRecordHeader >
            <TaxAmountIndicator >Y</TaxAmountIndicator>
            <TaxRate Exponent = "5" >00000000000008250</TaxRate>
            <TaxTypeIdentifier >06</TaxTypeIdentifier>
          </TaxAddendum_5300 >
          <PassengerTransportEntity>  
            <PassengerTransportDetailGeneralTicketInformation_5020 >
              <FinancialRecordHeader >
                <SequenceNum >00000056</SequenceNum>
                <MaintenanceCode >A</MaintenanceCode>
              </FinancialRecordHeader >
              <PassengerName >ACCOUNT #1</PassengerName>
              <TicketNum >5262736237084</TicketNum>
              <IssuingCarrier >WN</IssuingCarrier>
              <IssueDate >2010-07-28</IssueDate>
              <TotalFare CurrencyCode = "840" CurrencyExponent = "4" CurrencySign = "D" >0000000000500000</TotalFare>
              <TotalFees CurrencyCode = "840" CurrencyExponent = "4" CurrencySign = "D" >0000000000000000</TotalFees>
              <TaxExemptIndicator >1</TaxExemptIndicator>
              <RestrictedTicketIndicator >0</RestrictedTicketIndicator>
              <NumOfLegs >02</NumOfLegs>
              <FinalDestinationCity>STL</FinalDestinationCity>
              <FareCalculationModeIndicator>20</FareCalculationModeIndicator>
              <FareBlockOne>NormallyOnlySeenOnOutboundFiles</FareBlockOne>
              <FareBlockTwo>NormallyOnlySeenOnOutboundFiles</FareBlockTwo>
              <FareBlockThree>NormallyOnlySeenOnOutboundFiles</FareBlockThree>
              <FareBlockFour>NormallyOnlySeenOnOutboundFiles</FareBlockFour>
              <TravelAgencyProductCode>010</TravelAgencyProductCode>
              <TMCIsMerchant>N</TMCIsMerchant>
              <OriginalIssueTicketNum>321654987123654</OriginalIssueTicketNum>
              <ExchangeTicketNum2>X65432198712365</ExchangeTicketNum2>
              <TMCClientAcctNum>ABC321654</TMCClientAcctNum>
            </PassengerTransportDetailGeneralTicketInformation_5020 >
            <PassengerTransportDetailTripLegDataEntity>  
              <PassengerTransportDetailTripLegData_5021 >
                <FinancialRecordHeader >
                  <SequenceNum >00000057</SequenceNum>
                  <MaintenanceCode >A</MaintenanceCode>
                </FinancialRecordHeader >
                <TripLegNum >001</TripLegNum>
                <TravelDate >2010-08-02</TravelDate>
                <CarrierCode >WN</CarrierCode>
                <ServiceClass >Y</ServiceClass>
                <CityOfOrigin >SMF</CityOfOrigin>
                <CityOfDestination >LAS</CityOfDestination>
                <StopOverIndicator >O</StopOverIndicator>
                <CouponNum >1</CouponNum>
                <FareBaseCode >YL      0000000</FareBaseCode>
                <FlightNum >01123</FlightNum>
                <DepartureTime >11:30:00</DepartureTime>
                <ArrivalTime >00:00:00</ArrivalTime>
              </PassengerTransportDetailTripLegData_5021 >
            </PassengerTransportDetailTripLegDataEntity>
            <PassengerTransportDetailTripLegDataEntity>  
              <PassengerTransportDetailTripLegData_5021 >
                <FinancialRecordHeader >
                  <SequenceNum >00000058</SequenceNum>
                  <MaintenanceCode >A</MaintenanceCode>
                </FinancialRecordHeader >
                <TripLegNum >002</TripLegNum>
                <TravelDate >2010-08-02</TravelDate>
                <CarrierCode >WN</CarrierCode>
                <ServiceClass >Y</ServiceClass>
                <CityOfOrigin >LAS</CityOfOrigin>
                <CityOfDestination >SMF</CityOfDestination>
                <StopOverIndicator >O</StopOverIndicator>
                <CouponNum >2</CouponNum>
                <FareBaseCode >YL      0000000</FareBaseCode>
                <FlightNum >00995</FlightNum>
                <DepartureTime >18:40:00</DepartureTime>
                <ArrivalTime >00:00:00</ArrivalTime>
              </PassengerTransportDetailTripLegData_5021 >
            </PassengerTransportDetailTripLegDataEntity>
          </PassengerTransportEntity>
        </FinancialTransactionEntity>
        <FinancialTransactionEntity ProcessorTransactionId = "42951692006073119403611111" >  
          <FinancialTransaction_5000 >
            <FinancialRecordHeader >
              <SequenceNum >00000059</SequenceNum>
              <MaintenanceCode >A</MaintenanceCode>
            </FinancialRecordHeader >
            <ProcessorTransactionId >42951692006073119403611111</ProcessorTransactionId>
            <AlternateAccount >
              <AlternateAccountNumber >547609</AlternateAccountNumber>
              <AlternateAccountType >O</AlternateAccountType>
            </AlternateAccount >
            <AcquirerReferenceData >46210582101438233</AcquirerReferenceData>
            <CardHolderTransactionType >00</CardHolderTransactionType>
            <PostingDate >2015-08-08</PostingDate>
            <TransactionDate >2015-08-08</TransactionDate>
            <ProcessingDate >2015-08-08</ProcessingDate>
            <BillingDate >2015-08-08</BillingDate>
            <ApprovalCode >061089</ApprovalCode>
            <BanknetReferenceNum >MCBA4RPLM</BanknetReferenceNum>
            <DebitOrCreditIndicator >D</DebitOrCreditIndicator>
            <AmountInOriginalCurrency CurrencyCode = "840" CurrencyExponent = "4" CurrencySign = "D" >0000000005089400</AmountInOriginalCurrency>
            <OriginalCurrencyCode >840</OriginalCurrencyCode>
            <AmountInPostedCurrency CurrencyCode = "840" CurrencyExponent = "4" CurrencySign = "D" >0000000005089400</AmountInPostedCurrency>
            <PostedCurrencyCode >840</PostedCurrencyCode>
            <PostedCurrencyConversionDate >06212</PostedCurrencyConversionDate>
            <PostedConversionRate >1.000000</PostedConversionRate>
            <AmountInBillingCurrency CurrencyCode = "840" CurrencyExponent = "4" CurrencySign = "D" >0000000005089400</AmountInBillingCurrency>
            <BillingCurrencyCode >840</BillingCurrencyCode>
            <BillingCurrencyConversionDate >06212</BillingCurrencyConversionDate>
            <BillingConversionRate >0.001000</BillingConversionRate>
            <TotalTaxAmount CurrencyCode = "840" CurrencyExponent = "4" CurrencySign = "D" >0000000000333000</TotalTaxAmount>
            <CommodityCode >air</CommodityCode>
            <AuthorizedContactName >ACCOUNT #1</AuthorizedContactName>
            <AuthorizedContactPhone >(555) 555-0001</AuthorizedContactPhone>
            <TaxExemptIndicator >1</TaxExemptIndicator>
            <DisputeTrackingNum >000000</DisputeTrackingNum>
            <IssuerTransactionCode >3001</IssuerTransactionCode>
            <TransactionCategory >0001</TransactionCategory>
            <TransactionCodeQualifier >0</TransactionCodeQualifier>
            <EmployeeId>21001</EmployeeId>
          </FinancialTransaction_5000 >
          <CardAcceptor_5001 >
            <FinancialRecordHeader >
              <SequenceNum >00000060</SequenceNum>
              <MaintenanceCode >A</MaintenanceCode>
            </FinancialRecordHeader >
            <AcquiringICA >00000001734</AcquiringICA>
            <CardAcceptorId >03-0004707014</CardAcceptorId>
            <CardAcceptorName >NWA AIR   01277739729195</CardAcceptorName>
            <CardAcceptorStreetAddress >MAIL STOP A4170</CardAcceptorStreetAddress>
            <CardAcceptorCity >MIAMI LAKES</CardAcceptorCity>
            <CardAcceptorStateProvince >FL</CardAcceptorStateProvince>
            <CardAcceptorLocationPostalCode >55111-3027</CardAcceptorLocationPostalCode>
            <CardAcceptorCountryCode >USA</CardAcceptorCountryCode>
            <SoleProprietorName >NWA AIR</SoleProprietorName>
            <CardAcceptorBusinessCode >3060</CardAcceptorBusinessCode>
            <CardAcceptorType >1000</CardAcceptorType>
            <CardAcceptorTaxId >411482126</CardAcceptorTaxId>
          </CardAcceptor_5001 >
          <TaxAddendum_5300 >
            <FinancialRecordHeader >
              <SequenceNum >00000061</SequenceNum>
              <MaintenanceCode >A</MaintenanceCode>
            </FinancialRecordHeader >
            <TaxAmountIndicator >Y</TaxAmountIndicator>
            <TaxRate Exponent = "5" >00000000000007000</TaxRate>
            <TaxTypeIdentifier >06</TaxTypeIdentifier>
          </TaxAddendum_5300 >
          <PassengerTransportEntity>  
            <PassengerTransportDetailGeneralTicketInformation_5020 >
              <FinancialRecordHeader >
                <SequenceNum >00000062</SequenceNum>
                <MaintenanceCode >A</MaintenanceCode>
              </FinancialRecordHeader >
              <PassengerName >ACCOUNT #1</PassengerName>
              <TicketNum >01277739729195</TicketNum>
              <IssuingCarrier >NW</IssuingCarrier>
              <TravelAgencyCode >10551413</TravelAgencyCode>
              <TravelAgencyName >AMERICAN EXPRES</TravelAgencyName>
              <TotalFare CurrencyCode = "840" CurrencyExponent = "4" CurrencySign = "D" >0000000005089400</TotalFare>
              <TotalFees CurrencyCode = "840" CurrencyExponent = "4" CurrencySign = "D" >0000000000000000</TotalFees>
              <TaxExemptIndicator >1</TaxExemptIndicator>
              <RestrictedTicketIndicator >0</RestrictedTicketIndicator>
              <NumOfLegs >00</NumOfLegs>
            </PassengerTransportDetailGeneralTicketInformation_5020 >
            <PassengerTransportDetailTripLegDataEntity>  
              <PassengerTransportDetailTripLegData_5021 >
                <FinancialRecordHeader >
                  <SequenceNum >00000063</SequenceNum>
                  <MaintenanceCode >A</MaintenanceCode>
                </FinancialRecordHeader >
                <TripLegNum >001</TripLegNum>
                <TravelDate >2010-07-31</TravelDate>
                <CarrierCode >NW</CarrierCode>
                <ServiceClass >V</ServiceClass>
                <CityOfOrigin >ABE</CityOfOrigin>
                <CityOfDestination >DTW</CityOfDestination>
                <StopOverIndicator >X</StopOverIndicator>
                <CouponNum >0</CouponNum>
                <FareBaseCode >VR3V8N</FareBaseCode>
                <FlightNum >2912</FlightNum>
                <DepartureTime >16:12:00</DepartureTime>
                <ArrivalTime >00:00:00</ArrivalTime>
              </PassengerTransportDetailTripLegData_5021 >
            </PassengerTransportDetailTripLegDataEntity>
            <PassengerTransportDetailTripLegDataEntity>  
              <PassengerTransportDetailTripLegData_5021 >
                <FinancialRecordHeader >
                  <SequenceNum >00000064</SequenceNum>
                  <MaintenanceCode >A</MaintenanceCode>
                </FinancialRecordHeader >
                <TripLegNum >002</TripLegNum>
                <TravelDate >2010-07-31</TravelDate>
                <CarrierCode >NW</CarrierCode>
                <ServiceClass >V</ServiceClass>
                <CityOfOrigin >DTW</CityOfOrigin>
                <CityOfDestination >MKE</CityOfDestination>
                <StopOverIndicator >O</StopOverIndicator>
                <CouponNum >0</CouponNum>
                <FareBaseCode >VR3V8N</FareBaseCode>
                <FlightNum >1719</FlightNum>
                <DepartureTime >19:01:00</DepartureTime>
                <ArrivalTime >00:00:00</ArrivalTime>
              </PassengerTransportDetailTripLegData_5021 >
            </PassengerTransportDetailTripLegDataEntity>
            <PassengerTransportDetailTripLegDataEntity>  
              <PassengerTransportDetailTripLegData_5021 >
                <FinancialRecordHeader >
                  <SequenceNum >00000065</SequenceNum>
                  <MaintenanceCode >A</MaintenanceCode>
                </FinancialRecordHeader >
                <TripLegNum >003</TripLegNum>
                <TravelDate >2010-07-31</TravelDate>
                <CarrierCode >NW</CarrierCode>
                <ServiceClass >V</ServiceClass>
                <CityOfOrigin >MKE</CityOfOrigin>
                <CityOfDestination >DTW</CityOfDestination>
                <StopOverIndicator >X</StopOverIndicator>
                <CouponNum >0</CouponNum>
                <FareBaseCode >VR3V8N</FareBaseCode>
                <FlightNum >1694</FlightNum>
                <DepartureTime >17:40:00</DepartureTime>
                <ArrivalTime >00:00:00</ArrivalTime>
              </PassengerTransportDetailTripLegData_5021 >
            </PassengerTransportDetailTripLegDataEntity>
            <PassengerTransportDetailTripLegDataEntity>  
              <PassengerTransportDetailTripLegData_5021 >
                <FinancialRecordHeader >
                  <SequenceNum >00000066</SequenceNum>
                  <MaintenanceCode >A</MaintenanceCode>
                </FinancialRecordHeader >
                <TripLegNum >004</TripLegNum>
                <TravelDate >2010-07-31</TravelDate>
                <CarrierCode >NW</CarrierCode>
                <ServiceClass >V</ServiceClass>
                <CityOfOrigin >DTW</CityOfOrigin>
                <CityOfDestination >ABE</CityOfDestination>
                <CouponNum >0</CouponNum>
                <FareBaseCode >VR3V8N</FareBaseCode>
                <FlightNum >4700</FlightNum>
                <DepartureTime >21:23:00</DepartureTime>
                <ArrivalTime >00:00:00</ArrivalTime>
              </PassengerTransportDetailTripLegData_5021 >
            </PassengerTransportDetailTripLegDataEntity>
          </PassengerTransportEntity>
        </FinancialTransactionEntity>
      </AccountEntity>
      <FleetDriver_4500 >
        <HierarchyRecordHeader >
          <SequenceNum >00000329</SequenceNum>
          <StatusCode >A</StatusCode>
        </HierarchyRecordHeader >
        <DriverNum >12345678</DriverNum>
        <DriverName >CHARLENE MOLINAS</DriverName>
        <DriverStatus >A</DriverStatus>
        <DeActivateDate >2007-12-31</DeActivateDate>
        <DriversLicenseIdNum >NY-MOLINAS1234567</DriversLicenseIdNum>
        <IssueState >NY</IssueState>
        <IssueCountry >DEU</IssueCountry>
        <DriversLicenseExpirationDate >2009-12-31</DriversLicenseExpirationDate>
        <DriverExceptionIndicator >Y</DriverExceptionIndicator>
        <ServiceType >N</ServiceType>
        <BeginningPurchaseTime >08:00:00</BeginningPurchaseTime>
        <EndingPurchaseTime >16:30:00</EndingPurchaseTime>
        <PurchaseDay >1</PurchaseDay>
        <ValidOilCompanies >0001-0026,0027</ValidOilCompanies>
        <AccountNumber >9999999999999999</AccountNumber>
      </FleetDriver_4500 >
      <FleetVehicle_4510 >
        <HierarchyRecordHeader >
          <SequenceNum >00000330</SequenceNum>
          <StatusCode >A</StatusCode>
        </HierarchyRecordHeader >
        <GenericId >Y</GenericId>
        <VehicleNum >12345678901234567</VehicleNum>
        <VehicleDescription >JEEP GRAND CHEROKEE, 4DR</VehicleDescription>
        <VehicleStatus >A</VehicleStatus>
        <VehiclePurgeDate >2005-04-30</VehiclePurgeDate>
        <VehicleIdNum >VIN3957A3K63L1366</VehicleIdNum>
        <VehicleTagNum >NY3987</VehicleTagNum>
        <IssueState >NY</IssueState>
        <IssueCountry >DEU</IssueCountry>
        <VehicleTagExpirationDate >2009-04-30</VehicleTagExpirationDate>
        <VehicleMake >JEEP</VehicleMake>
        <FuelUnitType >G</FuelUnitType>
        <VehicleExceptionIndicator >Y</VehicleExceptionIndicator>
        <FuelLow >10</FuelLow>
        <FuelHigh >25</FuelHigh>
        <VehicleMaxTankSize >025</VehicleMaxTankSize>
        <VehicleMPGLow >015</VehicleMPGLow>
        <VehicleMPGHigh >027</VehicleMPGHigh>
        <VehicleMaxFillups >06</VehicleMaxFillups>
        <ServiceType >N</ServiceType>
        <BeginningPurchaseTime >07:00:09</BeginningPurchaseTime>
        <EndingPurchaseTime >19:00:00</EndingPurchaseTime>
        <VehicleMaxUnitPrice CurrencyCode = "840" CurrencyExponent = "2" CurrencySign = "D" >0000000000000200</VehicleMaxUnitPrice>
        <VehicleMaxTransactionAmount CurrencyCode = "840" CurrencyExponent = "0" CurrencySign = "D" >0000000000000060</VehicleMaxTransactionAmount>
        <PurchaseDay >4</PurchaseDay>
        <ValidOilCompanies >0027</ValidOilCompanies>
        <AccountNumber >9999576310019251</AccountNumber>
      </FleetVehicle_4510 >
      <FleetDriverVehicleEntity >
      <FleetDriverVehicle_4520 >
        <HierarchyRecordHeader >
          <SequenceNum >00000600</SequenceNum>
          <StatusCode >A</StatusCode>
        </HierarchyRecordHeader >
        <FleetTableName >FLEETDRIV3</FleetTableName>
        <FleetTableType >D</FleetTableType>
        <FleetTableStatus >A</FleetTableStatus>
        <EffectiveDate >2011-03-28</EffectiveDate>
      </FleetDriverVehicle_4520 >
      <FleetDriverVehicleDetail_4521 >
        <HierarchyRecordHeader >
          <SequenceNum >00000601</SequenceNum>
          <StatusCode >A</StatusCode>
        </HierarchyRecordHeader >
        <FleetTableReferenceNumber >FLEETDRIV3002</FleetTableReferenceNumber>
        <VehicleDriverNumber >206400</VehicleDriverNumber>
        <VehicleDriverNumber >206500</VehicleDriverNumber>
        <VehicleDriverNumber >206600</VehicleDriverNumber>
        <VehicleDriverNumber >206700</VehicleDriverNumber>
        <VehicleDriverNumber >206800</VehicleDriverNumber>
        <VehicleDriverNumber >206900</VehicleDriverNumber>
        <VehicleDriverNumber >207000</VehicleDriverNumber>
        <VehicleDriverNumber >207300</VehicleDriverNumber>
        <VehicleDriverNumber >207700</VehicleDriverNumber>
        <VehicleDriverNumber >207800</VehicleDriverNumber>
        <VehicleDriverNumber >208000</VehicleDriverNumber>
        <VehicleDriverNumber >208200</VehicleDriverNumber>
        <VehicleDriverNumber >208400</VehicleDriverNumber>
        <VehicleDriverNumber >208600</VehicleDriverNumber>
        <VehicleDriverNumber >208700</VehicleDriverNumber>
        <VehicleDriverNumber >209000</VehicleDriverNumber>
        <VehicleDriverNumber >209100</VehicleDriverNumber>
        <VehicleDriverNumber >209200</VehicleDriverNumber>
        <VehicleDriverNumber >209300</VehicleDriverNumber>
        <VehicleDriverNumber >210000</VehicleDriverNumber>
        <VehicleDriverNumber >212100</VehicleDriverNumber>
        <VehicleDriverNumber >212200</VehicleDriverNumber>
        <VehicleDriverNumber >212300</VehicleDriverNumber>
        <VehicleDriverNumber >213400</VehicleDriverNumber>
        <VehicleDriverNumber >277500</VehicleDriverNumber>
        <VehicleDriverNumber >277600</VehicleDriverNumber>
        <VehicleDriverNumber >321000</VehicleDriverNumber>
        <VehicleDriverNumber >321100</VehicleDriverNumber>
        <VehicleDriverNumber >321200</VehicleDriverNumber>
        <VehicleDriverNumber >321300</VehicleDriverNumber>
        <VehicleDriverNumber >321400</VehicleDriverNumber>
        <VehicleDriverNumber >321500</VehicleDriverNumber>
      </FleetDriverVehicleDetail_4521 >
      <FleetDriverVehicleDetail_4521 >
        <HierarchyRecordHeader >
          <SequenceNum >00000602</SequenceNum>
          <StatusCode >A</StatusCode>
        </HierarchyRecordHeader >
        <FleetTableReferenceNumber >FLEETDRIV3003</FleetTableReferenceNumber>
        <VehicleDriverNumber >306400</VehicleDriverNumber>
        <VehicleDriverNumber >306500</VehicleDriverNumber>
        <VehicleDriverNumber >306600</VehicleDriverNumber>
        <VehicleDriverNumber >306700</VehicleDriverNumber>
        <VehicleDriverNumber >306800</VehicleDriverNumber>
        <VehicleDriverNumber >306900</VehicleDriverNumber>
        <VehicleDriverNumber >307000</VehicleDriverNumber>
        <VehicleDriverNumber >307300</VehicleDriverNumber>
        <VehicleDriverNumber >307700</VehicleDriverNumber>
        <VehicleDriverNumber >307800</VehicleDriverNumber>
        <VehicleDriverNumber >308000</VehicleDriverNumber>
        <VehicleDriverNumber >308200</VehicleDriverNumber>
        <VehicleDriverNumber >308400</VehicleDriverNumber>
        <VehicleDriverNumber >308600</VehicleDriverNumber>
        <VehicleDriverNumber >308700</VehicleDriverNumber>
        <VehicleDriverNumber >309000</VehicleDriverNumber>
        <VehicleDriverNumber >309100</VehicleDriverNumber>
        <VehicleDriverNumber >309200</VehicleDriverNumber>
        <VehicleDriverNumber >309300</VehicleDriverNumber>
        <VehicleDriverNumber >310000</VehicleDriverNumber>
        <VehicleDriverNumber >312100</VehicleDriverNumber>
        <VehicleDriverNumber >312200</VehicleDriverNumber>
        <VehicleDriverNumber >312300</VehicleDriverNumber>
        <VehicleDriverNumber >413400</VehicleDriverNumber>
        <VehicleDriverNumber >577500</VehicleDriverNumber>
        <VehicleDriverNumber >577600</VehicleDriverNumber>
        <VehicleDriverNumber >521000</VehicleDriverNumber>
        <VehicleDriverNumber >521100</VehicleDriverNumber>
        <VehicleDriverNumber >521200</VehicleDriverNumber>
        <VehicleDriverNumber >521300</VehicleDriverNumber>
        <VehicleDriverNumber >521400</VehicleDriverNumber>
        <VehicleDriverNumber >521500</VehicleDriverNumber>
      </FleetDriverVehicleDetail_4521 >
      </FleetDriverVehicleEntity >
  </CorporateEntity>
  </IssuerEntity>
  <TransmissionTrailer_9999 >
    <TransRecordHeader >
      <SequenceNum >00000438</SequenceNum>
    </TransRecordHeader >
    <NumberOfTxnDebits>1</NumberOfTxnDebits>
    <NumberOfTxnCredits>1</NumberOfTxnCredits>
    <NumberOfAdjDebits>0000000091365500</NumberOfAdjDebits>
    <NumberOfAdjCredits>0000000091365500</NumberOfAdjCredits>
    <RecordCount >00000438</RecordCount>
    <NumOfCredits >0000000001</NumOfCredits>
    <TotalAmountOfCredits>0000000000257100</TotalAmountOfCredits>
    <NumOfDebits >0000000052</NumOfDebits>
    <TotalAmountOfDebits>0000000091365500</TotalAmountOfDebits>
  </TransmissionTrailer_9999 >
</CDFTransmissionFile>
