<?xml version="1.0" encoding="UTF-8"?>
<beans
     xmlns="http://www.springframework.org/schema/beans"
     xmlns:beans="http://www.springframework.org/schema/beans"
     xmlns:atom="http://www.w3.org/2005/Atom"
     xmlns:cc="http://www.capeclear.com/assembly/10"
     xmlns:cloud="urn:com.workday/esb/cloud/10.0"
     xmlns:env="http://schemas.xmlsoap.org/soap/envelope/"
     xmlns:pi="urn:com.workday/picof"
     xmlns:wd="urn:com.workday/bsvc"
     xmlns:xsi="http://www.w3.org/2001/XMLSchema-instance">
 
	<cc:assembly id="WorkdayAssembly" version="2019.35">
        <cc:workday-in id="StartHere" routes-to="Init">
            <cc:integration-system name="INT0026 Fidelity ESPP Deductions Inbound">
        <cloud:param name="Validation Mode">
          <cloud:type>
            <cloud:simple-type>boolean</cloud:simple-type>
          </cloud:type>
          <cloud:default>
            <cloud:boolean>false</cloud:boolean>
          </cloud:default>
        </cloud:param>
        <cloud:param name="As of Date and Time">
          <cloud:type>
            <cloud:simple-type>datetime</cloud:simple-type>
          </cloud:type>
          <cloud:default>
            <cloud:class-report-field description="Current Moment (DateTime)" type="WID">df4effe76deb4222a79001d6737cf91c</cloud:class-report-field>
          </cloud:default>
        </cloud:param>
        <cloud:attribute-map-service name="INT0026 Attribute">
          <cloud:attribute name="Web Service Version">
            <cloud:type>
              <cloud:class-report-field description="Web Service API Version" type="WID" singular="true">f54cce640b3410001ae50f791f2000cd</cloud:class-report-field>
            </cloud:type>
          </cloud:attribute>
          <cloud:attribute name="Batch ID">
            <cloud:type>
              <cloud:simple-type>text</cloud:simple-type>
            </cloud:type>
          </cloud:attribute>
          <cloud:attribute name="Related Deduction Code">
            <cloud:type>
              <cloud:simple-type>text</cloud:simple-type>
            </cloud:type>
          </cloud:attribute>
          <cloud:attribute name="Deduction Code">
            <cloud:type>
              <cloud:simple-type>text</cloud:simple-type>
            </cloud:type>
          </cloud:attribute>
          <cloud:attribute name="Default Batch ID">
            <cloud:type>
              <cloud:simple-type>text</cloud:simple-type>
            </cloud:type>
          </cloud:attribute>
          <cloud:attribute name="BenefitPlan">
            <cloud:type>
              <cloud:simple-type>text</cloud:simple-type>
            </cloud:type>
          </cloud:attribute>
        </cloud:attribute-map-service>
        <cloud:retrieval-service name="INT0026 Retrieval"/>
      </cc:integration-system>
        </cc:workday-in>
        <cc:async-mediation id="Init" routes-to="CallFileRetrieval">
            <cc:steps>
                <cc:eval id="Eval">
                    <cc:expression>props['ValidateOnly'] = lp.getSimpleData('Validation Mode') == true?1:0</cc:expression>
                    <cc:expression>props['p.intsys.name'] = intsys.name</cc:expression>
                    <cc:expression>props['p.AsOfDateTime'] = lp.getSimpleData('As of Date and Time')</cc:expression>
                    <cc:expression>props['p.AsOfDate'] = props['p.AsOfDateTime'].toString().substring(0, 10)</cc:expression>
                    <cc:expression>props['close.agg']=false;</cc:expression>
                    <cc:expression>props['audit.close.agg']= false;</cc:expression>
                    <cc:expression>props['force.close.agg.batch']=false;</cc:expression>
                    <cc:expression>props['audit.row']=0;</cc:expression>
                    <cc:expression>props['batch.number']=0;</cc:expression>
                    <cc:expression>props['Audit.log'] = new java.lang.StringBuilder();</cc:expression>
                </cc:eval>
                <cc:eval id="Attributes">
                    <cc:expression>props['p.wws.version'] = intsys.getAttribute('Web Service Version')</cc:expression>
                    <cc:expression>props['p.valid.employeee'] = new java.util.HashMap(); props['p.invalid.employeee'] = new java.util.HashMap();</cc:expression>
                    <cc:expression>props['p.batch.id.att'] = intsys.getAttribute('Batch ID')</cc:expression>
                    <cc:expression>props['related.ded.code']=intsys.getAttribute('Related Deduction Code')</cc:expression>
                    <cc:expression>props['ded.code']=intsys.getAttribute('Deduction Code')</cc:expression>
                    <cc:expression>props['p.def.batch.id']=intsys.getAttribute('Default Batch ID')</cc:expression>
                    <cc:expression>props['get.submit.payroll']= new java.util.HashMap();</cc:expression>
                    <cc:expression>props['p.ben.plan']=intsys.getAttribute('BenefitPlan')</cc:expression>
                </cc:eval>
            </cc:steps>
            <cc:send-error id="SendError" rethrow-error="true" routes-to="PIMInit"/>
        </cc:async-mediation>
        <cc:local-out id="PIMInit" endpoint="vm://wcc/PutIntegrationMessage"><cc:set name="is.message.severity" value="'ERROR'"/><cc:set name="is.message.summary" value="context.errorMessage"/><cc:set name="is.message.detail" value="'Error during initialization'"/></cc:local-out>
        <cc:async-mediation id="AsyncMediation">
            <cc:steps>
                <cc:validate-exp id="ValidateExp">
                    <cc:expression failure-message="No file was retrieved">da.size() > 0</cc:expression>
                </cc:validate-exp>
                <cc:eval id="Eval">
                    <cc:expression>da.size() > 0 ? da.toVar(0, 'file.inbound') </cc:expression>
                </cc:eval>
                <cc:textschema id="Textschema" output-mimetype="text/xml" input="variable" input-variable="file.inbound" style="text2xml" url="INT0026.xsd"/>
                <cc:xslt-plus id="Remove Header" url="Remove_Header.xsl"/>
                <cc:eval id="Eval0">
                    <cc:expression>props['count'] = parts[0].xpath('count(root/Detailed)')</cc:expression>
                </cc:eval>
                <cc:validate-exp id="ValidateExp0">
                    <cc:expression failure-message="No records received to process">props['count'] > 0</cc:expression>
                </cc:validate-exp>
                <cc:copy id="Copy" output="variable" output-variable="processed.file"/>
            </cc:steps>
            <cc:send-error id="SendError" rethrow-error="true" routes-to="PIMFileRetrieval"/>
        </cc:async-mediation>
        <cc:local-out id="CallFileRetrieval" store-message="none" routes-response-to="CallGetWorker" endpoint="vm://INT0026-Fidelity-ESPP-Deductions-Inbound/FileRetrieval"/>
        <cc:local-in id="FileRetrieval" routes-to="AsyncMediation"/>
        <cc:local-out id="PIMFileRetrieval" endpoint="vm://wcc/PutIntegrationMessage"><cc:set name="is.message.severity" value="'ERROR'"/><cc:set name="is.message.summary" value="context.errorMessage"/><cc:set name="is.message.detail" value="'File is not retrieved'"/></cc:local-out>
        <cc:local-out id="CallGetWorker" store-message="none" routes-response-to="CallValidateFile" endpoint="vm://INT0026-Fidelity-ESPP-Deductions-Inbound/GetWorker"/>
        <cc:local-in id="GetWorker" routes-to="PrepareWS"/>
        <cc:async-mediation id="PrepareWS" routes-to="PagedGet" handle-downstream-errors="true">
            <cc:steps>
                <cc:xslt-plus id="XsltPlus" input="variable" input-variable="processed.file" url="PrepareWSWorker.xsl"/>
            </cc:steps>
            <cc:send-error id="SendError" routes-to="PutIntegrationMessage"/>
        </cc:async-mediation>
        <cc:local-out id="PutIntegrationMessage" endpoint="vm://wcc/PutIntegrationMessage"><cc:set name="is.message.severity" value="'ERROR'"/><cc:set name="is.message.summary" value="context.errorMessage"/></cc:local-out>
        <cc:local-out id="PagedGet" routes-response-to="ValidandInvalidIds" endpoint="vm://wcc/PagedGet"><cc:set name="is.paged.get.request.current.page.xpath" value="'/env:Envelope/env:Body/*/wd:Response_Filter/wd:Page'"/><cc:set name="is.paged.get.response.current.page.xpath" value="'/env:Envelope/env:Body/*/wd:Response_Results/wd:Page'"/><cc:set name="is.paged.get.response.total.pages.xpath" value="'/env:Envelope/env:Body/*/wd:Response_Results/wd:Total_Pages'"/><cc:set name="is.paged.get.response.total.results.xpath" value="'/env:Envelope/env:Body/*/wd:Response_Results/wd:Total_Results'"/><cc:set name="is.paged.get.aggregate.xpath" value="'/*'"/><cc:set name="is.paged.get.aggregate.header" value="'&lt;GetWorkerResponse>'"/><cc:set name="is.paged.get.aggregate.footer" value="'&lt;/GetWorkerResponse>'"/><cc:set name="is.paged.get.application" value="'Human_Resources'"/><cc:set name="is.paged.get.version" value="props['p.wws.version']"/><cc:set name="is.paged.get.page.zero" value="false"/><cc:set name="is.paged.get.store.requests" value="true"/></cc:local-out>
        <cc:async-mediation id="ValidandInvalidIds">
            <cc:steps>
                <cc:copy id="Copy" output="variable" output-mimetype="text/xml" output-variable="paged.get"/>
                <cc:xslt-plus id="XsltPlus0" output-mimetype="text/xml" input="variable" input-variable="paged.get" url="INT0032_Valid_Emplid.xsl"/>
                <cc:xslt-plus id="XsltPlus" output-mimetype="text/xml" input="variable" input-variable="paged.get" url="INT0032_Invalid_ID.xsl"/>
            </cc:steps>
            <cc:send-error id="SendError" routes-to="PIMValidandInvalidIds"/>
        </cc:async-mediation>
        <cc:local-out id="PIMValidandInvalidIds" endpoint="vm://wcc/PutIntegrationMessage"><cc:set name="is.message.severity" value="'ERROR'"/><cc:set name="is.message.summary" value="context.errorMessage"/><cc:set name="is.message.detail" value="'Error occured while converting GetWorker response'"/></cc:local-out>
        <cc:local-out id="CallValidateFile" store-message="none" routes-response-to="CallAuditLog" endpoint="vm://INT0026-Fidelity-ESPP-Deductions-Inbound/ValidateFile"/>
        <cc:local-in id="ValidateFile" routes-to="AsyncMediation0"/>
        <cc:async-mediation id="AsyncMediation0" routes-to="Splitter">
            <cc:steps>
                <cc:copy id="Copy" input="variable" input-variable="processed.file"/>
                <cc:eval id="Eval">
                    <cc:expression>props['counter']=0;</cc:expression>
                </cc:eval>
            </cc:steps>
        </cc:async-mediation>
        <cc:splitter id="Splitter">
            <cc:sub-route name="SubRoute" routes-to="AsyncMediation1"/>
            <cc:xml-stream-splitter xpath="root/Detailed"/>
        </cc:splitter>
        <cc:async-mediation id="AsyncMediation1" routes-to="WorkdayOutSoap0" handle-downstream-errors="true">
            <cc:steps>
                <cc:eval id="Eval">
                    <cc:expression>props['curr.row.emplid'] = ''; props['curr.row.emplid']=parts[0].xpath('normalize-space(Detailed/EmployeeID)')</cc:expression>
                    <cc:expression>//props['curr.sittaxwages']=0; props['curr.sittaxwages']= parts[0].xpath('normalize-space(row/sittaxwages)')</cc:expression>
                    <cc:expression>props['existing.value']= empty;</cc:expression>
                    <cc:expression>props['curr.sitwithheld']=0; props['curr.sitwithheld']=parts[0].xpath('normalize-space(Detailed/EmpContributionAmt)');  </cc:expression>
                    <cc:expression>props['success.flag']=false;</cc:expression>
                    <cc:expression>props['p.state.desc']=empty; props['p.state.desc']=parts[0].xpath('normalize-space(Detailed/CurrentTaxState)')</cc:expression>
                    <cc:expression>props['curr.start.date'] = ''; props['curr.start.date'] =parts[0].xpath('normalize-space(Detailed/Offeringstartdate)')</cc:expression>
                    <cc:expression>props['curr.end.date']=''; props['curr.end.date']=parts[0].xpath('normalize-space(Detailed/Offeringenddate)')</cc:expression>
                </cc:eval>
                <cc:validate-exp id="ValidateExp0">
                    <cc:expression failure-message="Invalid Employee ID">props['p.valid.employeee'].containsKey(props['curr.row.emplid'])</cc:expression>
                </cc:validate-exp>
                <cc:eval id="Eval0">
                    <cc:expression>vars['curr.emplid.data']=props['p.valid.employeee'].get(props['curr.row.emplid']);</cc:expression>
                    <cc:expression>props['existing.value']=props['get.submit.payroll'].get(props['curr.row.emplid']);</cc:expression>
                    <cc:expression>//props['curr.start.date']=vars['curr.emplid.data'].xpath(&quot;wd:Worker/wd:Worker_Data/wd:Integration_Field_Override_Data[wd:Field_Reference/wd:ID[@wd:type='Integration_Document_Field_Name']='Period_Start_Date']/wd:Value,'wd urn:com.workday/bsvc'&quot;)</cc:expression>
                    <cc:expression>//props['curr.end.date']=vars['curr.emplid.data'].xpath(&quot;wd:Worker/wd:Worker_Data/wd:Integration_Field_Override_Data[wd:Field_Reference/wd:ID[@wd:type='Integration_Document_Field_Name']='Period_End_Date']/wd:Value,'wd urn:com.workday/bsvc'&quot;)</cc:expression>
                    <cc:expression>props['counter']= props['counter']+1;</cc:expression>
                    <cc:expression>props['p.batch.id.payroll']=empty;props['p.batch.id.payroll']= props['p.batch.id.att'] # props['ded.code']#'_'# props['curr.row.emplid'] # '_' # props['p.AsOfDate']#'_'#props['counter']</cc:expression>
                    <cc:expression>props['p.batch.id']=empty;props['p.batch.id']= props['p.batch.id.att']#props['p.AsOfDate']</cc:expression>
                    <cc:expression>props['existing.payinput']=props['curr.row.emplid']#props['ded.code']#props['p.state.desc']#props['curr.start.date']#props['curr.end.date']</cc:expression>
                </cc:eval>
                <cc:validate-exp id="ValidateExp">
                    <cc:expression failure-message="Start Date is Blank">props['curr.start.date']  != ''</cc:expression>
                </cc:validate-exp>
                <cc:xslt-plus id="XsltPlus" url="NewStylesheet1.xsl"/>
                <cc:eval id="Eval1">
                    <cc:expression>props['withheld.percentage'] = parts[0].xpath('normalize-space(withheld/Percentage)')</cc:expression>
                    <cc:expression>props['coverage.begin.date'] = props['p.AsOfDate'];//parts[0].xpath('normalize-space(withheld/Start_Date)')</cc:expression>
                </cc:eval>
                <cc:write id="Write">
                    <cc:message>
                        <cc:text>&lt;?xml version=&quot;1.0&quot; encoding=&quot;UTF-8&quot;?>&#xD;
&lt;env:Envelope&#xD;
    xmlns:env=&quot;http://schemas.xmlsoap.org/soap/envelope/&quot;&#xD;
    xmlns:xsd=&quot;http://www.w3.org/2001/XMLSchema&quot;>&#xD;
    &lt;env:Body>&#xD;
        &lt;wd:Enroll_in_Retirement_Savings_Plans_Request&#xD;
            xmlns:wd=&quot;urn:com.workday/bsvc&quot;&#xD;
            wd:version=&quot;v32.2&quot;>&#xD;
 &#xD;
            &lt;wd:Enroll_in_Retirement_Savings_Plans_Data>&#xD;
                &lt;wd:Employee_Reference>&#xD;
                     &lt;wd:ID wd:type=&quot;Employee_ID&quot;>@{props['curr.row.emplid']}&lt;/wd:ID>&#xD;
                &lt;/wd:Employee_Reference>&#xD;
                &lt;wd:Event_Date>@{props['coverage.begin.date']}&lt;/wd:Event_Date>&#xD;
                &lt;wd:Retirement_Savings_Election_Data>&#xD;
                    &lt;wd:Coverage_Begin_Date>@{props['coverage.begin.date']}&lt;/wd:Coverage_Begin_Date>&#xD;
                &#xD;
                   @if{props['withheld.percentage']  == 0}&#xD;
                    &lt;wd:Elect>false&lt;/wd:Elect>&#xD;
                        @end{} &#xD;
                        @if{props['withheld.percentage']  != 0}&#xD;
                    &lt;wd:Elect>true&lt;/wd:Elect>&#xD;
                        @end{} &#xD;
                    &lt;wd:Retirement_Savings_Plan_Reference>&#xD;
                        &lt;wd:ID wd:type=&quot;Defined_Contribution_Plan_ID&quot;>@{props['p.ben.plan']}&lt;/wd:ID>&#xD;
                    &lt;/wd:Retirement_Savings_Plan_Reference>&#xD;
                    &#xD;
                    &lt;wd:Election_Percentage>@{props['withheld.percentage']}&lt;/wd:Election_Percentage>&#xD;
                    &#xD;
                &lt;/wd:Retirement_Savings_Election_Data>&#xD;
               &#xD;
            &lt;/wd:Enroll_in_Retirement_Savings_Plans_Data>&#xD;
        &lt;/wd:Enroll_in_Retirement_Savings_Plans_Request>&#xD;
    &lt;/env:Body>&#xD;
&lt;/env:Envelope></cc:text>
                    </cc:message>
                </cc:write>
                <cc:set-headers id="SetHeaders"><cc:remove-headers/><cc:add-headers>
    <cc:add-header name="X-Validate-Only" value="@{props['ValidateOnly']}"/>
</cc:add-headers></cc:set-headers>
            </cc:steps>
            <cc:send-error id="SendError" routes-to="AppendDownStreamErrorlog"/>
        </cc:async-mediation>
        <cc:send-error id="global-error-handler" rethrow-error="false" routes-to="Note-Error"/>
        <cc:local-out id="Note-Error" endpoint="vm://wcc/PutIntegrationMessage">
            <cc:set name="is.message.severity" value="'CRITICAL'"/>
            <cc:set name="is.message.summary" value="context.errorMessage"/>
        </cc:local-out>
        <cc:async-mediation id="AsyncMediation15">
            <cc:steps>
                <cc:set-headers id="SetHeaders"><cc:remove-headers>
    <cc:remove-header name="X-Validate-Only"/>
</cc:remove-headers><cc:add-headers/></cc:set-headers>
                <cc:copy id="Copy" input="soapbody"/>
                <cc:eval id="Eval">
                    <cc:expression>props['Audit.log'].append('Record Processed Successfully, &quot; '+props['curr.row.emplid'] +'&quot; , &quot;'+props['withheld.percentage']+'&quot; \r\n')</cc:expression>
                </cc:eval>
            </cc:steps>
        </cc:async-mediation>
        <cc:workday-out-soap id="WorkdayOutSoap0" routes-response-to="AsyncMediation15" application="Benefits_Administration" version="@{props['p.wws.version']}"/>
        <cc:async-mediation id="AppendDownStreamErrorlog">
            <cc:steps>
                <cc:eval id="putError">
					<cc:expression>props['Audit.log'].append('Record Failed, &quot; '+props['curr.row.emplid']  +'&quot; , &quot;'+props['withheld.percentage']+'&quot; \r\n')</cc:expression>
				</cc:eval>
            </cc:steps>
        </cc:async-mediation>
        <cc:local-out id="PutIntegrationMessage1" endpoint="vm://wcc/PutIntegrationMessage">
            <cc:set name="is.message.severity" value="'INFO'"/>
            
        <cc:set name="is.message.summary" value="'Audit File Generated'"/></cc:local-out>
        <cc:async-mediation id="AsyncMediation40" routes-to="PutIntegrationMessage1">
            <cc:steps>
                <cc:store id="Store" expiresIn="P180D" title="INT0026_Audit_Log.csv"/>
            </cc:steps>
        </cc:async-mediation>
        <cc:async-mediation id="AsyncMediation3" routes-to="AsyncMediation40">
            <cc:steps>
                <cc:write id="Write">
                    <cc:message>
                        <cc:text>Message,EmployeeID,Percentage&#xD;
@{props['Audit.log'].toString()}</cc:text>
                    </cc:message>
                </cc:write>
            </cc:steps>
        </cc:async-mediation>
        <cc:local-in id="AuditLog" routes-to="AsyncMediation3"/>
        <cc:local-out id="CallAuditLog" store-message="none" endpoint="vm://INT0026-Fidelity-ESPP-Deductions-Inbound/AuditLog"/>
	</cc:assembly>

</beans>