<?xml version="1.0" encoding="UTF-8"?>
<wdnm:Diagram xmlns:wdnm="http://workday.com/studio/editors/notation">
  <element href="assembly.xml#WorkdayAssembly"/>
  <visualProperties x="103" y="209">
    <element href="assembly.xml#StartHere"/>
  </visualProperties>
  <visualProperties x="296" y="292">
    <element href="assembly.xml#Call_Get_Oauth_Token"/>
  </visualProperties>
  <visualProperties x="204" y="380">
    <element href="assembly.xml#Get_Oath_Token"/>
  </visualProperties>
  <visualProperties x="729" y="407">
    <element href="assembly.xml#Get_Parameters"/>
  </visualProperties>
  <visualProperties x="696" y="248">
    <element href="assembly.xml#Get_Ticket_Count"/>
  </visualProperties>
  <visualProperties x="492" y="54">
    <element href="assembly.xml#Create_URL_for_Ticket_Count"/>
  </visualProperties>
  <visualProperties x="20" y="313">
    <element href="assembly.xml#Get_Oath_Token_from_zoho"/>
  </visualProperties>
  <visualProperties x="807" y="428">
    <element href="assembly.xml#PutIntegrationMessage"/>
  </visualProperties>
  <visualProperties x="90" y="242">
    <element href="assembly.xml#AsyncMediation1"/>
  </visualProperties>
  <visualProperties x="1207" y="349">
    <element href="assembly.xml#PutIntegrationMessage0"/>
  </visualProperties>
  <visualProperties x="196" y="267">
    <element href="assembly.xml#Ceate_URL_For_All_Tickets"/>
  </visualProperties>
  <visualProperties x="30" y="680">
    <element href="assembly.xml#PutIntegrationMessage00"/>
  </visualProperties>
  <visualProperties x="1994" y="788">
    <element href="assembly.xml#Get_All_Tickets_with_parameters"/>
  </visualProperties>
  <visualProperties x="3008" y="524">
    <element href="assembly.xml#AsyncMediation5"/>
  </visualProperties>
  <visualProperties x="1893" y="389">
    <element href="assembly.xml#PutIntegrationMessage1"/>
  </visualProperties>
  <visualProperties x="1586" y="794">
    <element href="assembly.xml#Aggregator"/>
  </visualProperties>
  <visualProperties x="1387" y="353">
    <element href="assembly.xml#Route"/>
  </visualProperties>
  <visualProperties x="1392" y="316">
    <element href="assembly.xml#Call_loop_for_All_Tickets"/>
  </visualProperties>
  <visualProperties x="178" y="714">
    <element href="assembly.xml#Get_Loop_for_All_tickets"/>
  </visualProperties>
  <visualProperties x="2140" y="304">
    <element href="assembly.xml#AsyncMediation4"/>
  </visualProperties>
  <visualProperties x="1646" y="430">
    <element href="assembly.xml#PutIntegrationMessage2"/>
  </visualProperties>
  <visualProperties x="1538" y="294">
    <element href="assembly.xml#Call_Get_Close_Agregator_For_All_Tickets"/>
  </visualProperties>
  <visualProperties x="1232" y="954">
    <element href="assembly.xml#Get_Close_Agregator_For_All_Tickets"/>
  </visualProperties>
  <visualProperties x="1405" y="334">
    <element href="assembly.xml#PutIntegrationMessage3"/>
  </visualProperties>
  <visualProperties x="690" y="320">
    <element href="assembly.xml#Call_Get_All_Tickets"/>
  </visualProperties>
  <visualProperties x="190" y="854">
    <element href="assembly.xml#Get_All_Tickets"/>
  </visualProperties>
  <visualProperties x="362" y="918">
    <element href="assembly.xml#Get_Count_Modified_Tickets"/>
  </visualProperties>
  <visualProperties x="188" y="1100">
    <element href="assembly.xml#Get_Count_For_Modified_Tickets"/>
  </visualProperties>
  <visualProperties x="917" y="318">
    <element href="assembly.xml#Call_Get_Time_Entry"/>
  </visualProperties>
  <visualProperties x="192" y="597">
    <element href="assembly.xml#Get_Time_Entry"/>
  </visualProperties>
  <visualProperties x="1808" y="1089">
    <element href="assembly.xml#AsyncMediation6"/>
  </visualProperties>
  <visualProperties x="482" y="1962">
    <element href="assembly.xml#PutIntegrationMessage4"/>
  </visualProperties>
  <visualProperties x="188" y="3411">
    <element href="assembly.xml#Splitter"/>
  </visualProperties>
  <visualProperties x="774" y="1858">
    <element href="assembly.xml#AsyncMediation7"/>
  </visualProperties>
  <visualProperties x="1048" y="770">
    <element href="assembly.xml#Get_Time_Entry_for_Ticket"/>
  </visualProperties>
  <visualProperties x="1182" y="1945">
    <element href="assembly.xml#Convert_from_JSON_to_XML"/>
  </visualProperties>
  <visualProperties x="540" y="522">
    <element href="assembly.xml#HttpOut2"/>
  </visualProperties>
  <visualProperties x="466" y="600">
    <element href="assembly.xml#PutIntegrationMessage7"/>
  </visualProperties>
  <visualProperties x="825" y="461">
    <element href="assembly.xml#Save_Token"/>
  </visualProperties>
  <visualProperties x="1828" y="784">
    <element href="assembly.xml#PutIntegrationMessage70"/>
  </visualProperties>
  <visualProperties x="1462" y="2211">
    <element href="assembly.xml#Splitter0"/>
  </visualProperties>
  <visualProperties x="1548" y="2123">
    <element href="assembly.xml#Capture_Tickets_with_no_Time_Entries"/>
  </visualProperties>
  <visualProperties x="1882" y="1658">
    <element href="assembly.xml#Call_Process_Time_Entry"/>
  </visualProperties>
  <visualProperties x="214" y="1828">
    <element href="assembly.xml#Get_Process_Time_Entry"/>
  </visualProperties>
  <visualProperties x="412" y="1916">
    <element href="assembly.xml#AsyncMediation11"/>
  </visualProperties>
  <visualProperties x="472" y="380">
    <element href="assembly.xml#PutIntegrationMessage10"/>
  </visualProperties>
  <visualProperties x="221" y="965">
    <element href="assembly.xml#Get_Agent"/>
  </visualProperties>
  <visualProperties x="346" y="988">
    <element href="assembly.xml#AsyncMediation12"/>
  </visualProperties>
  <visualProperties x="597" y="1170">
    <element href="assembly.xml#HttpOut3"/>
  </visualProperties>
  <visualProperties x="742" y="933">
    <element href="assembly.xml#AsyncMediation13"/>
  </visualProperties>
  <visualProperties x="693" y="1360">
    <element href="assembly.xml#Call_Get_Agent"/>
  </visualProperties>
  <visualProperties x="1018" y="1698">
    <element href="assembly.xml#WorkdayOutRest"/>
  </visualProperties>
  <visualProperties x="1205" y="1762">
    <element href="assembly.xml#AsyncMediation14"/>
  </visualProperties>
  <visualProperties x="874" y="2793">
    <element href="assembly.xml#AsyncMediation15"/>
  </visualProperties>
  <visualProperties x="1504" y="3282">
    <element href="assembly.xml#WorkdayOutSoap"/>
  </visualProperties>
  <visualProperties x="1218" y="374">
    <element href="assembly.xml#AsyncMediation16"/>
  </visualProperties>
  <visualProperties x="1253" y="2856">
    <element href="assembly.xml#AsyncMediation17"/>
  </visualProperties>
  <visualProperties x="209" y="3437">
    <element href="assembly.xml#Get_Account"/>
  </visualProperties>
  <visualProperties x="849" y="2745">
    <element href="assembly.xml#Call_Get_Account"/>
  </visualProperties>
  <visualProperties x="325" y="3512">
    <element href="assembly.xml#AsyncMediation18"/>
  </visualProperties>
  <visualProperties x="605" y="3316">
    <element href="assembly.xml#HttpOut4"/>
  </visualProperties>
  <visualProperties x="674" y="3301">
    <element href="assembly.xml#AsyncMediation19"/>
  </visualProperties>
  <visualProperties x="1036" y="3668">
    <element href="assembly.xml#AsyncMediation20"/>
  </visualProperties>
  <visualProperties x="1050" y="3628">
    <element href="assembly.xml#WorkdayOutRest0"/>
  </visualProperties>
  <visualProperties x="216" y="1576">
    <element href="assembly.xml#//@beans/@mixed.1/@mixed.129"/>
  </visualProperties>
  <visualProperties x="521" y="1576">
    <element href="assembly.xml#Note-Error"/>
  </visualProperties>
  <visualProperties x="208" y="1450">
    <element href="assembly.xml#AsyncMediation21"/>
  </visualProperties>
  <visualProperties x="281" y="1726">
    <element href="assembly.xml#PutIntegrationMessage20"/>
  </visualProperties>
  <visualProperties x="1349" y="464">
    <element href="assembly.xml#PutIntegrationMessage21"/>
  </visualProperties>
  <visualProperties x="1588" y="2462">
    <element href="assembly.xml#Call_add_to_Log"/>
  </visualProperties>
  <visualProperties x="178" y="4018">
    <element href="assembly.xml#Add_to_Log"/>
  </visualProperties>
  <visualProperties x="1861" y="2877">
    <element href="assembly.xml#Call_Add_to_log2"/>
  </visualProperties>
  <visualProperties x="1722" y="332">
    <element href="assembly.xml#AsyncMediation22"/>
  </visualProperties>
  <visualProperties x="1770" y="377">
    <element href="assembly.xml#PutIntegrationMessage8"/>
  </visualProperties>
  <visualProperties x="1940" y="373">
    <element href="assembly.xml#PutIntegrationMessage16"/>
  </visualProperties>
  <visualProperties x="182" y="4566">
    <element href="assembly.xml#Import_Audit_Log"/>
  </visualProperties>
  <visualProperties x="313" y="4325">
    <element href="assembly.xml#AsyncMediation"/>
  </visualProperties>
  <visualProperties x="528" y="4336">
    <element href="assembly.xml#Call_Get_WIDs_Time_Blocks_File"/>
  </visualProperties>
  <visualProperties x="1018" y="4354">
    <element href="assembly.xml#Get_WIDs_Time_Blocks_File"/>
  </visualProperties>
  <visualProperties x="382" y="4664">
    <element href="assembly.xml#GetEventDocuments"/>
  </visualProperties>
  <visualProperties x="616" y="4676">
    <element href="assembly.xml#Route0"/>
  </visualProperties>
  <visualProperties x="760" y="4738">
    <element href="assembly.xml#AsyncMediation2"/>
  </visualProperties>
  <visualProperties x="890" y="4758">
    <element href="assembly.xml#PutIntegrationMessage22"/>
  </visualProperties>
  <visualProperties x="880" y="4842">
    <element href="assembly.xml#PutIntegrationMessage23"/>
  </visualProperties>
  <visualProperties x="562" y="4541">
    <element href="assembly.xml#PutIntegrationMessage24"/>
  </visualProperties>
  <visualProperties x="968" y="4556">
    <element href="assembly.xml#Call_Get_Process_Import_Time_Block"/>
  </visualProperties>
  <visualProperties x="214" y="5170">
    <element href="assembly.xml#Get_Process_Import_Time_Block"/>
  </visualProperties>
  <visualProperties x="476" y="4934">
    <element href="assembly.xml#AsyncMediation9"/>
  </visualProperties>
  <visualProperties x="584" y="5086">
    <element href="assembly.xml#PutIntegrationMessage25"/>
  </visualProperties>
  <visualProperties x="1134" y="5662">
    <element href="assembly.xml#Call_Get_Check_Imported_Time_Block_Status"/>
  </visualProperties>
  <visualProperties x="580" y="5850">
    <element href="assembly.xml#Get_Check_Imported_Time_Block_Status"/>
  </visualProperties>
  <visualProperties x="930" y="5986">
    <element href="assembly.xml#AsyncMediation23"/>
  </visualProperties>
  <visualProperties x="1042" y="6052">
    <element href="assembly.xml#PutIntegrationMessage26"/>
  </visualProperties>
  <visualProperties x="705" y="6049">
    <element href="assembly.xml#Splitter1"/>
  </visualProperties>
  <visualProperties x="848" y="6010">
    <element href="assembly.xml#AsyncMediation24"/>
  </visualProperties>
  <visualProperties x="917" y="5974">
    <element href="assembly.xml#PutIntegrationMessage27"/>
  </visualProperties>
  <visualProperties x="1132" y="1641">
    <element href="assembly.xml#WorkdayOutSoap0"/>
  </visualProperties>
  <visualProperties x="1330" y="1572">
    <element href="assembly.xml#Call_Get_Add_Import_Reposponse_to_Log"/>
  </visualProperties>
  <visualProperties x="88" y="1793">
    <element href="assembly.xml#Get_Add_Import_Reposponse_to_Log"/>
  </visualProperties>
  <visualProperties x="398" y="1942">
    <element href="assembly.xml#AsyncMediation25"/>
  </visualProperties>
  <visualProperties x="502" y="2081">
    <element href="assembly.xml#PutIntegrationMessage28"/>
  </visualProperties>
  <visualProperties x="680" y="2069">
    <element href="assembly.xml#Route1"/>
  </visualProperties>
  <visualProperties x="989" y="1978">
    <element href="assembly.xml#AsyncMediation26"/>
  </visualProperties>
  <visualProperties x="1073" y="1972">
    <element href="assembly.xml#AsyncMediation27"/>
  </visualProperties>
  <visualProperties x="1038" y="2092">
    <element href="assembly.xml#AsyncMediation28"/>
  </visualProperties>
  <visualProperties x="1152" y="6392">
    <element href="assembly.xml#WorkdayOutSoap1"/>
  </visualProperties>
  <visualProperties x="1401" y="6238">
    <element href="assembly.xml#AsyncMediation29"/>
  </visualProperties>
  <visualProperties x="1512" y="6466">
    <element href="assembly.xml#PutIntegrationMessage29"/>
  </visualProperties>
  <visualProperties x="1638" y="6421">
    <element href="assembly.xml#CallSubRoutine"/>
  </visualProperties>
  <visualProperties x="108" y="6714">
    <element href="assembly.xml#Get_All_Messages"/>
  </visualProperties>
  <visualProperties x="272" y="6845">
    <element href="assembly.xml#AsyncMediation30"/>
  </visualProperties>
  <visualProperties x="425" y="6901">
    <element href="assembly.xml#PutIntegrationMessage30"/>
  </visualProperties>
  <visualProperties x="544" y="6980">
    <element href="assembly.xml#Splitter2"/>
  </visualProperties>
  <visualProperties x="704" y="6946">
    <element href="assembly.xml#AsyncMediation31"/>
  </visualProperties>
  <visualProperties x="786" y="6905">
    <element href="assembly.xml#PutIntegrationMessage31"/>
  </visualProperties>
  <visualProperties x="1805" y="6328">
    <element href="assembly.xml#AsyncMediation32"/>
  </visualProperties>
  <visualProperties x="1913" y="6466">
    <element href="assembly.xml#PutIntegrationMessage32"/>
  </visualProperties>
  <visualProperties x="1238" y="4662">
    <element href="assembly.xml#AsyncMediation33"/>
  </visualProperties>
  <visualProperties x="1297" y="4898">
    <element href="assembly.xml#PutIntegrationMessage33"/>
  </visualProperties>
  <visualProperties x="836" y="1478">
    <element href="assembly.xml#Call_add_to_log1"/>
  </visualProperties>
  <visualProperties x="1284" y="2556">
    <element href="assembly.xml#Call_add_to_log3"/>
  </visualProperties>
  <visualProperties x="1764" y="2513">
    <element href="assembly.xml#Capturing_Error_from_Splitter"/>
  </visualProperties>
  <visualProperties x="1901" y="2569">
    <element href="assembly.xml#Call_add_to_log2"/>
  </visualProperties>
  <visualProperties x="450" y="2828">
    <element href="assembly.xml#Call_add_to_log4"/>
  </visualProperties>
  <visualProperties x="1040" y="2832">
    <element href="assembly.xml#Call_add-to_log5"/>
  </visualProperties>
  <visualProperties x="1486" y="2836">
    <element href="assembly.xml#Call_add_to_log5"/>
  </visualProperties>
  <visualProperties x="376" y="3220">
    <element href="assembly.xml#Call_add_to_log6"/>
  </visualProperties>
  <visualProperties x="730" y="3228">
    <element href="assembly.xml#Call_add_to_log7"/>
  </visualProperties>
  <visualProperties x="1162" y="3216">
    <element href="assembly.xml#Call_add_to_log8"/>
  </visualProperties>
  <visualProperties x="364" y="3614">
    <element href="assembly.xml#Call_add_to_log9"/>
  </visualProperties>
  <visualProperties x="674" y="3608">
    <element href="assembly.xml#Call_add_to_log10"/>
  </visualProperties>
  <visualProperties x="1132" y="3618">
    <element href="assembly.xml#Call_add_to_log11"/>
  </visualProperties>
  <visualProperties x="580" y="2910">
    <element href="assembly.xml#Call_Get_Oath_for_expired_Token"/>
  </visualProperties>
  <visualProperties x="892" y="2610">
    <element href="assembly.xml#PutIntegrationMessage5"/>
  </visualProperties>
  <visualProperties x="2109" y="6314">
    <element href="assembly.xml#PutIntegrationMessage6"/>
  </visualProperties>
  <visualProperties x="756" y="242">
    <element href="assembly.xml#PutIntegrationMessage9"/>
  </visualProperties>
  <visualProperties x="1060" y="4242">
    <element href="assembly.xml#AsyncMediation0"/>
  </visualProperties>
  <visualProperties x="1152" y="4358">
    <element href="assembly.xml#PutIntegrationMessage11"/>
  </visualProperties>
  <visualProperties x="1118" y="4366">
    <element href="assembly.xml#AsyncMediation3"/>
  </visualProperties>
  <visualProperties x="721" y="2334">
    <element href="assembly.xml#AsyncMediation8"/>
  </visualProperties>
  <visualProperties x="730" y="2482">
    <element href="assembly.xml#Call_add_to_log12"/>
  </visualProperties>
  <visualProperties x="2890" y="236">
    <element href="assembly.xml#PutIntegrationMessage12"/>
  </visualProperties>
  <visualProperties x="1398" y="274">
    <element href="assembly.xml#Call_SendMail"/>
  </visualProperties>
  <visualProperties x="105" y="6070">
    <element href="assembly.xml#PrepareEmail"/>
  </visualProperties>
  <visualProperties x="78" y="6108">
    <element href="assembly.xml#SendMail"/>
  </visualProperties>
  <visualProperties x="406" y="6069">
    <element href="assembly.xml#EmailOut"/>
  </visualProperties>
  <visualProperties x="483" y="6127">
    <element href="assembly.xml#PutIntegrationMessage13"/>
  </visualProperties>
  <visualProperties x="326" y="6183">
    <element href="assembly.xml#PutIntegrationMessage14"/>
  </visualProperties>
  <visualProperties x="474" y="2840">
    <element href="assembly.xml#AsyncMediation10"/>
  </visualProperties>
  <visualProperties x="1162" y="2832">
    <element href="assembly.xml#AsyncMediation34"/>
  </visualProperties>
  <visualProperties x="1602" y="2838">
    <element href="assembly.xml#AsyncMediation35"/>
  </visualProperties>
  <visualProperties x="356" y="3276">
    <element href="assembly.xml#AsyncMediation36"/>
  </visualProperties>
  <visualProperties x="1081" y="3282">
    <element href="assembly.xml#AsyncMediation37"/>
  </visualProperties>
  <visualProperties x="1582" y="3304">
    <element href="assembly.xml#AsyncMediation38"/>
  </visualProperties>
  <visualProperties x="356" y="2477">
    <element href="assembly.xml#AsyncMediation39"/>
  </visualProperties>
  <visualProperties x="818" y="2160">
    <element href="assembly.xml#AsyncMediation40"/>
  </visualProperties>
  <visualProperties x="1444" y="2158">
    <element href="assembly.xml#AsyncMediation41"/>
  </visualProperties>
  <visualProperties x="2188" y="2158">
    <element href="assembly.xml#AsyncMediation42"/>
  </visualProperties>
  <visualProperties x="1549" y="2477">
    <element href="assembly.xml#Call_add-to_log5150"/>
  </visualProperties>
  <connections type="routesTo" sourceAnchorX="0.8739495798319328" sourceAnchorY="1.0" targetAnchorX="0.1888111888111888" targetAnchorY="0.2391304347826087">
    <source href="assembly.xml#StartHere"/>
    <target href="assembly.xml#Get_Parameters"/>
  </connections>
  <connections type="routesTo" sourceAnchorX="1.0" sourceAnchorY="0.25" targetAnchorX="0.514018691588785" targetAnchorY="0.4864864864864865">
    <source href="assembly.xml#Create_URL_for_Ticket_Count"/>
    <target href="assembly.xml#Get_Ticket_Count"/>
  </connections>
  <connections type="routesTo" sourceAnchorX="0.7469879518072289" sourceAnchorY="1.0" targetAnchorX="0.4900662251655629" targetAnchorY="0.14130434782608695">
    <source href="assembly.xml#Get_Oath_Token"/>
    <target href="assembly.xml#Get_Oath_Token_from_zoho"/>
  </connections>
  <connections type="routesTo" sourceAnchorX="0.5686274509803921" sourceAnchorY="1.0" targetAnchorX="0.5463414634146342" targetAnchorY="0.10810810810810811">
    <source href="assembly.xml#//@beans/@mixed.1/@mixed.11/@mixed.3"/>
    <target href="assembly.xml#PutIntegrationMessage"/>
  </connections>
  <connections type="routesTo" sourceAnchorX="0.6712328767123288" sourceAnchorY="1.0" targetAnchorX="0.6197183098591549" targetAnchorY="0.10810810810810811">
    <source href="assembly.xml#//@beans/@mixed.1/@mixed.17/@mixed.3"/>
    <target href="assembly.xml#PutIntegrationMessage0"/>
  </connections>
  <connections type="routesTo" sourceAnchorX="0.20833333333333334" sourceAnchorY="1.0" targetAnchorX="0.4434389140271493" targetAnchorY="0.5405405405405406">
    <source href="assembly.xml#//@beans/@mixed.1/@mixed.21/@mixed.3"/>
    <target href="assembly.xml#PutIntegrationMessage00"/>
  </connections>
  <connections type="routesTo" sourceAnchorX="1.0" sourceAnchorY="0.10236220472440945" targetAnchorX="0.09565217391304348" targetAnchorY="0.7567567567567568">
    <source href="assembly.xml#Ceate_URL_For_All_Tickets"/>
    <target href="assembly.xml#Get_All_Tickets_with_parameters"/>
  </connections>
  <connections type="routesResponseTo" sourceAnchorX="0.6956521739130435" sourceAnchorY="1.0" targetAnchorX="0.11920529801324503" targetAnchorY="0.14130434782608695">
    <source href="assembly.xml#Get_All_Tickets_with_parameters"/>
    <target href="assembly.xml#AsyncMediation5"/>
  </connections>
  <connections type="routesTo" sourceAnchorX="0.2777777777777778" sourceAnchorY="1.0" targetAnchorX="0.3380281690140845" targetAnchorY="0.2972972972972973">
    <source href="assembly.xml#//@beans/@mixed.1/@mixed.27/@mixed.3"/>
    <target href="assembly.xml#PutIntegrationMessage1"/>
  </connections>
  <connections type="routesTo" sourceAnchorX="0.0" sourceAnchorY="0.3464566929133858" targetAnchorX="0.3274336283185841" targetAnchorY="0.5945945945945946">
    <source href="assembly.xml#AsyncMediation5"/>
    <target href="assembly.xml#Aggregator"/>
  </connections>
  <connections type="routesTo" sourceAnchorX="0.9326923076923077" sourceAnchorY="1.0" targetAnchorX="0.09375" targetAnchorY="0.11023622047244094">
    <source href="assembly.xml#//@beans/@mixed.1/@route.0/@subRoute.0"/>
    <target href="assembly.xml#Ceate_URL_For_All_Tickets"/>
  </connections>
  <connections type="routesTo" sourceAnchorX="0.8426966292134831" sourceAnchorY="1.0" targetAnchorX="0.09401709401709402" targetAnchorY="0.036585365853658534">
    <source href="assembly.xml#Get_Loop_for_All_tickets"/>
    <target href="assembly.xml#Route"/>
  </connections>
  <connections type="routesTo" sourceAnchorX="0.6875" sourceAnchorY="1.0" targetAnchorX="0.6150234741784038" targetAnchorY="0.35135135135135137">
    <source href="assembly.xml#//@beans/@mixed.1/@mixed.39/@mixed.3"/>
    <target href="assembly.xml#PutIntegrationMessage2"/>
  </connections>
  <connections type="routesResponseTo" sourceAnchorX="0.5778894472361809" sourceAnchorY="1.0" targetAnchorX="0.33774834437086093" targetAnchorY="0.08661417322834646">
    <source href="assembly.xml#Call_Get_Close_Agregator_For_All_Tickets"/>
    <target href="assembly.xml#AsyncMediation4"/>
  </connections>
  <connections type="routesTo" sourceAnchorX="0.5632183908045977" sourceAnchorY="1.0" targetAnchorX="0.5172413793103449" targetAnchorY="0.46226415094339623">
    <source href="assembly.xml#Get_Close_Agregator_For_All_Tickets"/>
    <target href="assembly.xml#Aggregator"/>
  </connections>
  <connections type="routesTo" sourceAnchorX="1.0" sourceAnchorY="0.1968503937007874" targetAnchorX="0.28169014084507044" targetAnchorY="0.6486486486486487">
    <source href="assembly.xml#AsyncMediation1"/>
    <target href="assembly.xml#PutIntegrationMessage3"/>
  </connections>
  <connections type="routesResponseTo" sourceAnchorX="0.6355140186915887" sourceAnchorY="1.0" targetAnchorX="0.47058823529411764" targetAnchorY="0.16535433070866143">
    <source href="assembly.xml#Get_Ticket_Count"/>
    <target href="assembly.xml#AsyncMediation1"/>
  </connections>
  <connections type="routesTo" sourceAnchorX="0.6050955414012739" sourceAnchorY="1.0" targetAnchorX="0.30578512396694213" targetAnchorY="0.43243243243243246">
    <source href="assembly.xml#Get_All_Tickets"/>
    <target href="assembly.xml#Get_Count_Modified_Tickets"/>
  </connections>
  <connections type="routesResponseTo" sourceAnchorX="0.8429752066115702" sourceAnchorY="1.0" targetAnchorX="0.3378995433789954" targetAnchorY="0.35135135135135137">
    <source href="assembly.xml#Get_Count_Modified_Tickets"/>
    <target href="assembly.xml#Call_loop_for_All_Tickets"/>
  </connections>
  <connections type="routesResponseTo" sourceAnchorX="0.3013698630136986" sourceAnchorY="1.0" targetAnchorX="0.3768844221105528" targetAnchorY="0.35135135135135137">
    <source href="assembly.xml#Call_loop_for_All_Tickets"/>
    <target href="assembly.xml#Call_Get_Close_Agregator_For_All_Tickets"/>
  </connections>
  <connections type="routesTo" sourceAnchorX="0.5477941176470589" sourceAnchorY="1.0" targetAnchorX="0.5625" targetAnchorY="0.25196850393700787">
    <source href="assembly.xml#Get_Count_For_Modified_Tickets"/>
    <target href="assembly.xml#Create_URL_for_Ticket_Count"/>
  </connections>
  <connections type="routesResponseTo" sourceAnchorX="0.531578947368421" sourceAnchorY="1.0" targetAnchorX="0.3487179487179487" targetAnchorY="0.3783783783783784">
    <source href="assembly.xml#Call_Get_All_Tickets"/>
    <target href="assembly.xml#Call_Get_Time_Entry"/>
  </connections>
  <connections type="routesTo" sourceAnchorX="0.9074074074074074" sourceAnchorY="1.0" targetAnchorX="0.31125827814569534" targetAnchorY="0.13043478260869565">
    <source href="assembly.xml#Get_Time_Entry"/>
    <target href="assembly.xml#AsyncMediation6"/>
  </connections>
  <connections type="routesTo" sourceAnchorX="0.375" sourceAnchorY="1.0" targetAnchorX="0.4131455399061033" targetAnchorY="0.4864864864864865">
    <source href="assembly.xml#//@beans/@mixed.1/@mixed.61/@mixed.3"/>
    <target href="assembly.xml#PutIntegrationMessage4"/>
  </connections>
  <connections type="routesTo" sourceAnchorX="0.0" sourceAnchorY="0.1889763779527559" targetAnchorX="0.17094017094017094" targetAnchorY="0.12307692307692308">
    <source href="assembly.xml#AsyncMediation6"/>
    <target href="assembly.xml#Splitter"/>
  </connections>
  <connections type="routesTo" sourceAnchorX="0.3942307692307692" sourceAnchorY="1.0" targetAnchorX="0.12582781456953643" targetAnchorY="0.13821138211382114">
    <source href="assembly.xml#//@beans/@mixed.1/@splitter.0/@subRoute.0"/>
    <target href="assembly.xml#AsyncMediation7"/>
  </connections>
  <connections type="routesTo" sourceAnchorX="1.0" sourceAnchorY="0.2204724409448819" targetAnchorX="0.4782608695652174" targetAnchorY="0.3783783783783784">
    <source href="assembly.xml#AsyncMediation7"/>
    <target href="assembly.xml#Get_Time_Entry_for_Ticket"/>
  </connections>
  <connections type="routesResponseTo" sourceAnchorX="0.7130434782608696" sourceAnchorY="1.0" targetAnchorX="0.11258278145695365" targetAnchorY="0.20652173913043478">
    <source href="assembly.xml#Get_Time_Entry_for_Ticket"/>
    <target href="assembly.xml#Convert_from_JSON_to_XML"/>
  </connections>
  <connections type="routesTo" sourceAnchorX="1.0" sourceAnchorY="0.2708333333333333" targetAnchorX="0.23478260869565218" targetAnchorY="0.5675675675675675">
    <source href="assembly.xml#Get_Oath_Token_from_zoho"/>
    <target href="assembly.xml#HttpOut2"/>
  </connections>
  <connections type="routesTo" sourceAnchorX="0.0" sourceAnchorY="0.6333333333333333" targetAnchorX="0.3615023474178404" targetAnchorY="0.32432432432432434">
    <source href="assembly.xml#//@beans/@mixed.1/@mixed.13/@mixed.3"/>
    <target href="assembly.xml#PutIntegrationMessage7"/>
  </connections>
  <connections type="routesResponseTo" sourceAnchorX="0.5391304347826087" sourceAnchorY="1.0" targetAnchorX="0.24503311258278146" targetAnchorY="0.056910569105691054">
    <source href="assembly.xml#HttpOut2"/>
    <target href="assembly.xml#Save_Token"/>
  </connections>
  <connections type="routesTo" sourceAnchorX="0.6458333333333334" sourceAnchorY="1.0" targetAnchorX="0.49321266968325794" targetAnchorY="0.08108108108108109">
    <source href="assembly.xml#//@beans/@mixed.1/@mixed.77/@mixed.3"/>
    <target href="assembly.xml#PutIntegrationMessage70"/>
  </connections>
  <connections type="routesTo" sourceAnchorX="1.0" sourceAnchorY="0.2204724409448819" targetAnchorX="0.36477987421383645" targetAnchorY="0.08695652173913043">
    <source href="assembly.xml#Convert_from_JSON_to_XML"/>
    <target href="assembly.xml#Capture_Tickets_with_no_Time_Entries"/>
  </connections>
  <connections type="routesTo" sourceAnchorX="1.0" sourceAnchorY="1.0" targetAnchorX="0.15822784810126583" targetAnchorY="0.16216216216216217">
    <source href="assembly.xml#//@beans/@mixed.1/@splitter.1/@subRoute.0"/>
    <target href="assembly.xml#Call_Process_Time_Entry"/>
  </connections>
  <connections type="routesTo" sourceAnchorX="0.7555555555555555" sourceAnchorY="1.0" targetAnchorX="0.16455696202531644" targetAnchorY="0.032520325203252036">
    <source href="assembly.xml#Get_Process_Time_Entry"/>
    <target href="assembly.xml#AsyncMediation11"/>
  </connections>
  <connections type="routesTo" sourceAnchorX="0.875" sourceAnchorY="1.0" targetAnchorX="0.6334841628959276" targetAnchorY="0.2972972972972973">
    <source href="assembly.xml#//@beans/@mixed.1/@mixed.7/@mixed.3"/>
    <target href="assembly.xml#PutIntegrationMessage10"/>
  </connections>
  <connections type="routesTo" sourceAnchorX="0.7669172932330827" sourceAnchorY="1.0" targetAnchorX="0.24528301886792453" targetAnchorY="0.358695652173913">
    <source href="assembly.xml#Get_Agent"/>
    <target href="assembly.xml#AsyncMediation12"/>
  </connections>
  <connections type="routesTo" sourceAnchorX="1.0" sourceAnchorY="0.1889763779527559" targetAnchorX="0.3130434782608696" targetAnchorY="0.24324324324324326">
    <source href="assembly.xml#AsyncMediation12"/>
    <target href="assembly.xml#HttpOut3"/>
  </connections>
  <connections type="routesResponseTo" sourceAnchorX="0.7391304347826086" sourceAnchorY="1.0" targetAnchorX="0.389937106918239" targetAnchorY="0.11956521739130435">
    <source href="assembly.xml#HttpOut3"/>
    <target href="assembly.xml#AsyncMediation13"/>
  </connections>
  <connections type="routesResponseTo" sourceAnchorX="0.8599033816425121" sourceAnchorY="1.0" targetAnchorX="0.24736842105263157" targetAnchorY="0.7567567567567568">
    <source href="assembly.xml#Call_Get_Oauth_Token"/>
    <target href="assembly.xml#Call_Get_All_Tickets"/>
  </connections>
  <connections type="routesTo" sourceAnchorX="1.0" sourceAnchorY="0.2204724409448819" targetAnchorX="0.08235294117647059" targetAnchorY="0.5945945945945946">
    <source href="assembly.xml#AsyncMediation13"/>
    <target href="assembly.xml#WorkdayOutRest"/>
  </connections>
  <connections type="routesResponseTo" sourceAnchorX="0.6235294117647059" sourceAnchorY="1.0" targetAnchorX="0.0880503144654088" targetAnchorY="0.12195121951219512">
    <source href="assembly.xml#WorkdayOutRest"/>
    <target href="assembly.xml#AsyncMediation14"/>
  </connections>
  <connections type="routesTo" sourceAnchorX="1.0" sourceAnchorY="0.1732283464566929" targetAnchorX="0.19205298013245034" targetAnchorY="0.08108108108108109">
    <source href="assembly.xml#AsyncMediation15"/>
    <target href="assembly.xml#Call_add-to_log5150"/>
  </connections>
  <connections type="routesResponseTo" sourceAnchorX="0.7230769230769231" sourceAnchorY="1.0" targetAnchorX="0.2641509433962264" targetAnchorY="0.08695652173913043">
    <source href="assembly.xml#Call_Get_Time_Entry"/>
    <target href="assembly.xml#AsyncMediation16"/>
  </connections>
  <connections type="routesResponseTo" sourceAnchorX="0.6994219653179191" sourceAnchorY="1.0" targetAnchorX="0.39622641509433965" targetAnchorY="0.20652173913043478">
    <source href="assembly.xml#WorkdayOutSoap"/>
    <target href="assembly.xml#AsyncMediation17"/>
  </connections>
  <connections type="routesResponseTo" sourceAnchorX="0.6265822784810127" sourceAnchorY="1.0" targetAnchorX="0.3850574712643678" targetAnchorY="0.5675675675675675">
    <source href="assembly.xml#Call_Get_Agent"/>
    <target href="assembly.xml#Call_Get_Account"/>
  </connections>
  <connections type="routesResponseTo" sourceAnchorX="0.47126436781609193" sourceAnchorY="1.0" targetAnchorX="0.3522012578616352" targetAnchorY="0.06299212598425197">
    <source href="assembly.xml#Call_Get_Account"/>
    <target href="assembly.xml#AsyncMediation15"/>
  </connections>
  <connections type="routesTo" sourceAnchorX="0.8723404255319149" sourceAnchorY="1.0" targetAnchorX="0.06289308176100629" targetAnchorY="0.17073170731707318">
    <source href="assembly.xml#Get_Account"/>
    <target href="assembly.xml#AsyncMediation18"/>
  </connections>
  <connections type="routesTo" sourceAnchorX="0.0" sourceAnchorY="0.1968503937007874" targetAnchorX="0.3391304347826087" targetAnchorY="0.4594594594594595">
    <source href="assembly.xml#AsyncMediation18"/>
    <target href="assembly.xml#HttpOut4"/>
  </connections>
  <connections type="routesResponseTo" sourceAnchorX="0.7130434782608696" sourceAnchorY="1.0" targetAnchorX="0.22012578616352202" targetAnchorY="0.31521739130434784">
    <source href="assembly.xml#HttpOut4"/>
    <target href="assembly.xml#AsyncMediation19"/>
  </connections>
  <connections type="routesTo" sourceAnchorX="1.0" sourceAnchorY="0.3228346456692913" targetAnchorX="0.39325842696629215" targetAnchorY="0.7027027027027027">
    <source href="assembly.xml#AsyncMediation19"/>
    <target href="assembly.xml#WorkdayOutRest0"/>
  </connections>
  <connections type="routesResponseTo" sourceAnchorX="0.7752808988764045" sourceAnchorY="1.0" targetAnchorX="0.2578616352201258" targetAnchorY="0.2283464566929134">
    <source href="assembly.xml#WorkdayOutRest0"/>
    <target href="assembly.xml#AsyncMediation20"/>
  </connections>
  <connections type="routesTo" sourceAnchorX="0.9669421487603306" sourceAnchorY="0.43243243243243246" targetAnchorX="0.06060606060606061" targetAnchorY="0.3783783783783784">
    <source href="assembly.xml#//@beans/@mixed.1/@mixed.129"/>
    <target href="assembly.xml#Note-Error"/>
  </connections>
  <connections type="routesTo" sourceAnchorX="0.5131578947368421" sourceAnchorY="1.0" targetAnchorX="0.5113122171945701" targetAnchorY="0.1891891891891892">
    <source href="assembly.xml#//@beans/@mixed.1/@mixed.133/@mixed.3"/>
    <target href="assembly.xml#PutIntegrationMessage20"/>
  </connections>
  <connections type="routesTo" sourceAnchorX="0.4934210526315789" sourceAnchorY="1.0" targetAnchorX="0.48868778280542985" targetAnchorY="0.2702702702702703">
    <source href="assembly.xml#//@beans/@mixed.1/@mixed.111/@mixed.3"/>
    <target href="assembly.xml#PutIntegrationMessage21"/>
  </connections>
  <connections type="routesTo" sourceAnchorX="0.917910447761194" sourceAnchorY="1.0" targetAnchorX="0.22641509433962265" targetAnchorY="0.09448818897637795">
    <source href="assembly.xml#Add_to_Log"/>
    <target href="assembly.xml#AsyncMediation21"/>
  </connections>
  <connections type="routesTo" sourceAnchorX="0.0" sourceAnchorY="0.2204724409448819" targetAnchorX="0.25882352941176473" targetAnchorY="0.6756756756756757">
    <source href="assembly.xml#AsyncMediation17"/>
    <target href="assembly.xml#Call_Add_to_log2"/>
  </connections>
  <connections type="routesTo" sourceAnchorX="0.5394736842105263" sourceAnchorY="1.0" targetAnchorX="0.5586854460093896" targetAnchorY="0.32432432432432434">
    <source href="assembly.xml#//@beans/@mixed.1/@mixed.145/@mixed.3"/>
    <target href="assembly.xml#PutIntegrationMessage8"/>
  </connections>
  <connections type="routesTo" sourceAnchorX="1.0" sourceAnchorY="0.25984251968503935" targetAnchorX="0.89937106918239" targetAnchorY="0.0975609756097561">
    <source href="assembly.xml#AsyncMediation16"/>
    <target href="assembly.xml#AsyncMediation22"/>
  </connections>
  <connections type="routesTo" sourceAnchorX="1.0" sourceAnchorY="0.10236220472440945" targetAnchorX="0.497737556561086" targetAnchorY="0.8378378378378378">
    <source href="assembly.xml#AsyncMediation22"/>
    <target href="assembly.xml#PutIntegrationMessage16"/>
  </connections>
  <connections type="routesTo" sourceAnchorX="0.6377952755905512" sourceAnchorY="1.0" targetAnchorX="0.3076923076923077" targetAnchorY="0.21739130434782608">
    <source href="assembly.xml#Import_Audit_Log"/>
    <target href="assembly.xml#AsyncMediation"/>
  </connections>
  <connections type="routesTo" sourceAnchorX="0.6538461538461539" sourceAnchorY="1.0" targetAnchorX="0.09933774834437085" targetAnchorY="0.13043478260869565">
    <source href="assembly.xml#//@beans/@mixed.1/@route.1/@subRoute.0"/>
    <target href="assembly.xml#AsyncMediation2"/>
  </connections>
  <connections type="routesTo" sourceAnchorX="0.5486111111111112" sourceAnchorY="1.0" targetAnchorX="0.5339366515837104" targetAnchorY="0.43243243243243246">
    <source href="assembly.xml#//@beans/@mixed.1/@mixed.163/@mixed.3"/>
    <target href="assembly.xml#PutIntegrationMessage23"/>
  </connections>
  <connections type="routesTo" sourceAnchorX="1.0" sourceAnchorY="0.0" targetAnchorX="0.7058823529411765" targetAnchorY="0.5135135135135135">
    <source href="assembly.xml#//@beans/@mixed.1/@mixed.153/@mixed.3"/>
    <target href="assembly.xml#PutIntegrationMessage24"/>
  </connections>
  <connections type="routesTo" sourceAnchorX="1.0" sourceAnchorY="0.1951219512195122" targetAnchorX="0.5338078291814946" targetAnchorY="0.6486486486486487">
    <source href="assembly.xml#AsyncMediation"/>
    <target href="assembly.xml#Call_Get_WIDs_Time_Blocks_File"/>
  </connections>
  <connections type="routesResponseTo" sourceAnchorX="0.6476868327402135" sourceAnchorY="1.0" targetAnchorX="0.2168284789644013" targetAnchorY="0.2702702702702703">
    <source href="assembly.xml#Call_Get_WIDs_Time_Blocks_File"/>
    <target href="assembly.xml#Call_Get_Process_Import_Time_Block"/>
  </connections>
  <connections type="routesTo" sourceAnchorX="0.3541666666666667" sourceAnchorY="1.0" targetAnchorX="0.47058823529411764" targetAnchorY="0.3783783783783784">
    <source href="assembly.xml#//@beans/@mixed.1/@mixed.175/@mixed.3"/>
    <target href="assembly.xml#PutIntegrationMessage25"/>
  </connections>
  <connections type="routesTo" sourceAnchorX="0.9239130434782609" sourceAnchorY="1.0" targetAnchorX="0.4105960264900662" targetAnchorY="0.2032520325203252">
    <source href="assembly.xml#Get_Process_Import_Time_Block"/>
    <target href="assembly.xml#AsyncMediation9"/>
  </connections>
  <connections type="routesTo" sourceAnchorX="0.6907894736842105" sourceAnchorY="1.0" targetAnchorX="0.7873303167420814" targetAnchorY="0.5945945945945946">
    <source href="assembly.xml#//@beans/@mixed.1/@mixed.183/@mixed.3"/>
    <target href="assembly.xml#PutIntegrationMessage26"/>
  </connections>
  <connections type="routesTo" sourceAnchorX="0.9300911854103343" sourceAnchorY="1.0" targetAnchorX="0.1761006289308176" targetAnchorY="0.12195121951219512">
    <source href="assembly.xml#Get_Check_Imported_Time_Block_Status"/>
    <target href="assembly.xml#AsyncMediation23"/>
  </connections>
  <connections type="routesTo" sourceAnchorX="1.0" sourceAnchorY="0.25203252032520324" targetAnchorX="0.36752136752136755" targetAnchorY="0.2153846153846154">
    <source href="assembly.xml#AsyncMediation23"/>
    <target href="assembly.xml#Splitter1"/>
  </connections>
  <connections type="routesTo" sourceAnchorX="0.0" sourceAnchorY="1.0" targetAnchorX="0.46540880503144655" targetAnchorY="0.1956521739130435">
    <source href="assembly.xml#//@beans/@mixed.1/@splitter.2/@subRoute.0"/>
    <target href="assembly.xml#AsyncMediation24"/>
  </connections>
  <connections type="routesTo" sourceAnchorX="0.7171052631578947" sourceAnchorY="1.0" targetAnchorX="0.6380090497737556" targetAnchorY="0.21621621621621623">
    <source href="assembly.xml#//@beans/@mixed.1/@mixed.189/@mixed.3"/>
    <target href="assembly.xml#PutIntegrationMessage27"/>
  </connections>
  <connections type="routesTo" sourceAnchorX="1.0" sourceAnchorY="0.1889763779527559" targetAnchorX="0.27071823204419887" targetAnchorY="0.6486486486486487">
    <source href="assembly.xml#AsyncMediation24"/>
    <target href="assembly.xml#WorkdayOutSoap0"/>
  </connections>
  <connections type="routesResponseTo" sourceAnchorX="0.5911602209944752" sourceAnchorY="1.0" targetAnchorX="0.15822784810126583" targetAnchorY="0.35135135135135137">
    <source href="assembly.xml#WorkdayOutSoap0"/>
    <target href="assembly.xml#Call_Get_Add_Import_Reposponse_to_Log"/>
  </connections>
  <connections type="routesTo" sourceAnchorX="0.8295081967213115" sourceAnchorY="1.0" targetAnchorX="0.18238993710691823" targetAnchorY="0.2717391304347826">
    <source href="assembly.xml#Get_Add_Import_Reposponse_to_Log"/>
    <target href="assembly.xml#AsyncMediation25"/>
  </connections>
  <connections type="routesTo" sourceAnchorX="0.40131578947368424" sourceAnchorY="1.0" targetAnchorX="0.4479638009049774" targetAnchorY="0.2702702702702703">
    <source href="assembly.xml#//@beans/@mixed.1/@mixed.199/@mixed.3"/>
    <target href="assembly.xml#PutIntegrationMessage28"/>
  </connections>
  <connections type="routesTo" sourceAnchorX="1.0" sourceAnchorY="0.08661417322834646" targetAnchorX="0.205607476635514" targetAnchorY="0.05925925925925926">
    <source href="assembly.xml#AsyncMediation25"/>
    <target href="assembly.xml#Route1"/>
  </connections>
  <connections type="routesTo" sourceAnchorX="0.681592039800995" sourceAnchorY="1.0" targetAnchorX="0.1069182389937107" targetAnchorY="0.043478260869565216">
    <source href="assembly.xml#//@beans/@mixed.1/@route.2/@subRoute.0"/>
    <target href="assembly.xml#AsyncMediation26"/>
  </connections>
  <connections type="routesTo" sourceAnchorX="0.8756218905472637" sourceAnchorY="1.0" targetAnchorX="0.10062893081761007" targetAnchorY="0.15217391304347827">
    <source href="assembly.xml#//@beans/@mixed.1/@route.2/@subRoute.2"/>
    <target href="assembly.xml#AsyncMediation27"/>
  </connections>
  <connections type="routesTo" sourceAnchorX="0.9285714285714286" sourceAnchorY="1.0" targetAnchorX="0.08176100628930817" targetAnchorY="0.14130434782608695">
    <source href="assembly.xml#//@beans/@mixed.1/@route.2/@subRoute.1"/>
    <target href="assembly.xml#AsyncMediation28"/>
  </connections>
  <connections type="routesTo" sourceAnchorX="1.0" sourceAnchorY="0.21875" targetAnchorX="0.24861878453038674" targetAnchorY="0.43243243243243246">
    <source href="assembly.xml#AsyncMediation28"/>
    <target href="assembly.xml#WorkdayOutSoap1"/>
  </connections>
  <connections type="routesTo" sourceAnchorX="1.0" sourceAnchorY="0.3020833333333333" targetAnchorX="0.4861878453038674" targetAnchorY="0.43243243243243246">
    <source href="assembly.xml#AsyncMediation27"/>
    <target href="assembly.xml#WorkdayOutSoap1"/>
  </connections>
  <connections type="routesTo" sourceAnchorX="0.5131578947368421" sourceAnchorY="1.0" targetAnchorX="0.497737556561086" targetAnchorY="0.21621621621621623">
    <source href="assembly.xml#//@beans/@mixed.1/@mixed.213/@mixed.3"/>
    <target href="assembly.xml#PutIntegrationMessage29"/>
  </connections>
  <connections type="routesResponseTo" sourceAnchorX="0.6464088397790055" sourceAnchorY="1.0" targetAnchorX="0.44025157232704404" targetAnchorY="0.11382113821138211">
    <source href="assembly.xml#WorkdayOutSoap1"/>
    <target href="assembly.xml#AsyncMediation29"/>
  </connections>
  <connections type="routesTo" sourceAnchorX="1.0" sourceAnchorY="0.2047244094488189" targetAnchorX="0.3291139240506329" targetAnchorY="0.3783783783783784">
    <source href="assembly.xml#AsyncMediation29"/>
    <target href="assembly.xml#CallSubRoutine"/>
  </connections>
  <connections type="routesTo" sourceAnchorX="0.5263157894736842" sourceAnchorY="1.0" targetAnchorX="0.5158371040723982" targetAnchorY="0.3783783783783784">
    <source href="assembly.xml#//@beans/@mixed.1/@mixed.221/@mixed.3"/>
    <target href="assembly.xml#PutIntegrationMessage30"/>
  </connections>
  <connections type="routesTo" sourceAnchorX="0.7247191011235955" sourceAnchorY="1.0" targetAnchorX="0.13836477987421383" targetAnchorY="0.08943089430894309">
    <source href="assembly.xml#Get_All_Messages"/>
    <target href="assembly.xml#AsyncMediation30"/>
  </connections>
  <connections type="routesTo" sourceAnchorX="1.0" sourceAnchorY="0.15447154471544716" targetAnchorX="0.42735042735042733" targetAnchorY="0.09230769230769231">
    <source href="assembly.xml#AsyncMediation30"/>
    <target href="assembly.xml#Splitter2"/>
  </connections>
  <connections type="routesTo" sourceAnchorX="0.5384615384615384" sourceAnchorY="1.0" targetAnchorX="0.050314465408805034" targetAnchorY="0.18478260869565216">
    <source href="assembly.xml#//@beans/@mixed.1/@splitter.3/@subRoute.0"/>
    <target href="assembly.xml#AsyncMediation31"/>
  </connections>
  <connections type="routesTo" sourceAnchorX="0.4407894736842105" sourceAnchorY="1.0" targetAnchorX="0.4253393665158371" targetAnchorY="0.16216216216216217">
    <source href="assembly.xml#//@beans/@mixed.1/@mixed.227/@mixed.3"/>
    <target href="assembly.xml#PutIntegrationMessage31"/>
  </connections>
  <connections type="routesTo" sourceAnchorX="0.8618421052631579" sourceAnchorY="1.0" targetAnchorX="0.7647058823529411" targetAnchorY="0.32432432432432434">
    <source href="assembly.xml#//@beans/@mixed.1/@mixed.231/@mixed.3"/>
    <target href="assembly.xml#PutIntegrationMessage32"/>
  </connections>
  <connections type="routesResponseTo" sourceAnchorX="0.6329113924050633" sourceAnchorY="1.0" targetAnchorX="0.07547169811320754" targetAnchorY="0.12598425196850394">
    <source href="assembly.xml#CallSubRoutine"/>
    <target href="assembly.xml#AsyncMediation32"/>
  </connections>
  <connections type="routesTo" sourceAnchorX="0.6578947368421053" sourceAnchorY="1.0" targetAnchorX="0.5113122171945701" targetAnchorY="0.10810810810810811">
    <source href="assembly.xml#//@beans/@mixed.1/@mixed.235/@mixed.3"/>
    <target href="assembly.xml#PutIntegrationMessage33"/>
  </connections>
  <connections type="routesResponseTo" sourceAnchorX="0.919093851132686" sourceAnchorY="1.0" targetAnchorX="0.18238993710691823" targetAnchorY="0.0">
    <source href="assembly.xml#Call_Get_Process_Import_Time_Block"/>
    <target href="assembly.xml#AsyncMediation33"/>
  </connections>
  <connections type="routesTo" sourceAnchorX="0.5806451612903226" sourceAnchorY="1.0" targetAnchorX="0.6113989637305699" targetAnchorY="0.8108108108108109">
    <source href="assembly.xml#Get_WIDs_Time_Blocks_File"/>
    <target href="assembly.xml#GetEventDocuments"/>
  </connections>
  <connections type="routesResponseTo" sourceAnchorX="0.5958549222797928" sourceAnchorY="1.0" targetAnchorX="0.5299145299145299" targetAnchorY="0.11585365853658537">
    <source href="assembly.xml#GetEventDocuments"/>
    <target href="assembly.xml#Route0"/>
  </connections>
  <connections type="routesTo" sourceAnchorX="1.0" sourceAnchorY="0.2992125984251969" targetAnchorX="0.3018867924528302" targetAnchorY="0.1956521739130435">
    <source href="assembly.xml#Capture_Tickets_with_no_Time_Entries"/>
    <target href="assembly.xml#Capturing_Error_from_Splitter"/>
  </connections>
  <connections type="routesTo" sourceAnchorX="1.0" sourceAnchorY="0.2764227642276423" targetAnchorX="0.3076923076923077" targetAnchorY="0.036585365853658534">
    <source href="assembly.xml#Capturing_Error_from_Splitter"/>
    <target href="assembly.xml#Splitter0"/>
  </connections>
  <connections type="routesTo" sourceAnchorX="0.6791808873720137" sourceAnchorY="1.0" targetAnchorX="0.3493975903614458" targetAnchorY="0.32432432432432434">
    <source href="assembly.xml#//@beans/@mixed.1/@mixed.83/@mixed.3"/>
    <target href="assembly.xml#Call_add_to_Log"/>
  </connections>
  <connections type="routesTo" sourceAnchorX="0.6578947368421053" sourceAnchorY="1.0" targetAnchorX="0.5843373493975904" targetAnchorY="0.43243243243243246">
    <source href="assembly.xml#//@beans/@mixed.1/@mixed.107/@mixed.3"/>
    <target href="assembly.xml#Call_add-to_log5"/>
  </connections>
  <connections type="routesTo" sourceAnchorX="0.5723684210526315" sourceAnchorY="1.0" targetAnchorX="0.7869822485207101" targetAnchorY="0.43243243243243246">
    <source href="assembly.xml#//@beans/@mixed.1/@mixed.113/@mixed.3"/>
    <target href="assembly.xml#Call_add_to_log5"/>
  </connections>
  <connections type="routesTo" sourceAnchorX="1.0" sourceAnchorY="0.0" targetAnchorX="0.38967136150234744" targetAnchorY="0.40540540540540543">
    <source href="assembly.xml#AsyncMediation21"/>
    <target href="assembly.xml#PutIntegrationMessage5"/>
  </connections>
  <connections type="routesTo" sourceAnchorX="1.0" sourceAnchorY="0.1968503937007874" targetAnchorX="0.19718309859154928" targetAnchorY="0.6486486486486487">
    <source href="assembly.xml#AsyncMediation32"/>
    <target href="assembly.xml#PutIntegrationMessage6"/>
  </connections>
  <connections type="routesTo" sourceAnchorX="1.0" sourceAnchorY="0.11811023622047244" targetAnchorX="0.40375586854460094" targetAnchorY="0.6486486486486487">
    <source href="assembly.xml#Get_Parameters"/>
    <target href="assembly.xml#PutIntegrationMessage9"/>
  </connections>
  <connections type="routesResponseTo" sourceAnchorX="0.4413145539906103" sourceAnchorY="1.0" targetAnchorX="0.14492753623188406" targetAnchorY="0.4864864864864865">
    <source href="assembly.xml#PutIntegrationMessage9"/>
    <target href="assembly.xml#Call_Get_Oauth_Token"/>
  </connections>
  <connections type="routesTo" sourceAnchorX="0.5454545454545454" sourceAnchorY="1.0" targetAnchorX="0.7947019867549668" targetAnchorY="0.08695652173913043">
    <source href="assembly.xml#//@beans/@mixed.1/@mixed.273/@mixed.3"/>
    <target href="assembly.xml#AsyncMediation3"/>
  </connections>
  <connections type="routesTo" sourceAnchorX="1.0" sourceAnchorY="0.25" targetAnchorX="0.740909090909091" targetAnchorY="0.13513513513513514">
    <source href="assembly.xml#AsyncMediation3"/>
    <target href="assembly.xml#PutIntegrationMessage11"/>
  </connections>
  <connections type="routesTo" sourceAnchorX="1.0" sourceAnchorY="0.2047244094488189" targetAnchorX="0.4434389140271493" targetAnchorY="0.3783783783783784">
    <source href="assembly.xml#AsyncMediation2"/>
    <target href="assembly.xml#PutIntegrationMessage22"/>
  </connections>
  <connections type="routesTo" sourceAnchorX="1.0" sourceAnchorY="0.2677165354330709" targetAnchorX="0.4966887417218543" targetAnchorY="0.1889763779527559">
    <source href="assembly.xml#AsyncMediation9"/>
    <target href="assembly.xml#AsyncMediation0"/>
  </connections>
  <connections type="routesTo" sourceAnchorX="1.0" sourceAnchorY="0.15748031496062992" targetAnchorX="0.2596685082872928" targetAnchorY="0.7027027027027027">
    <source href="assembly.xml#AsyncMediation0"/>
    <target href="assembly.xml#Call_Get_Check_Imported_Time_Block_Status"/>
  </connections>
  <connections type="routesTo" sourceAnchorX="1.0" sourceAnchorY="0.12598425196850394" targetAnchorX="0.4105960264900662" targetAnchorY="0.12195121951219512">
    <source href="assembly.xml#AsyncMediation11"/>
    <target href="assembly.xml#AsyncMediation8"/>
  </connections>
  <connections type="routesTo" sourceAnchorX="1.0" sourceAnchorY="0.16260162601626016" targetAnchorX="0.17088607594936708" targetAnchorY="0.5405405405405406">
    <source href="assembly.xml#AsyncMediation8"/>
    <target href="assembly.xml#Call_Get_Agent"/>
  </connections>
  <connections type="routesTo" sourceAnchorX="0.9236111111111112" sourceAnchorY="1.0" targetAnchorX="0.21022727272727273" targetAnchorY="0.40540540540540543">
    <source href="assembly.xml#//@beans/@mixed.1/@mixed.279/@mixed.3"/>
    <target href="assembly.xml#Call_add_to_log12"/>
  </connections>
  <connections type="routesResponseTo" sourceAnchorX="0.4434389140271493" sourceAnchorY="1.0" targetAnchorX="0.4479638009049774" targetAnchorY="0.2702702702702703">
    <source href="assembly.xml#PutIntegrationMessage16"/>
    <target href="assembly.xml#PutIntegrationMessage12"/>
  </connections>
  <connections type="routesTo" sourceAnchorX="1.0" sourceAnchorY="0.192" targetAnchorX="0.029197080291970802" targetAnchorY="0.2702702702702703">
    <source href="assembly.xml#AsyncMediation33"/>
    <target href="assembly.xml#Call_SendMail"/>
  </connections>
  <connections type="routesResponseTo" sourceAnchorX="0.5462962962962963" sourceAnchorY="1.0" targetAnchorX="0.2878787878787879" targetAnchorY="0.1891891891891892">
    <source href="assembly.xml#EmailOut"/>
    <target href="assembly.xml#PutIntegrationMessage13"/>
  </connections>
  <connections type="routesTo" sourceAnchorX="0.5277777777777778" sourceAnchorY="1.0" targetAnchorX="0.19491525423728814" targetAnchorY="0.2391304347826087">
    <source href="assembly.xml#SendMail"/>
    <target href="assembly.xml#PrepareEmail"/>
  </connections>
  <connections type="routesTo">
    <source href="assembly.xml#//@beans/@mixed.1/@mixed.287/@mixed.3"/>
    <target href="assembly.xml#PutIntegrationMessage14"/>
  </connections>
  <connections type="routesTo" sourceAnchorX="1.0" sourceAnchorY="0.144" targetAnchorX="0.10185185185185185" targetAnchorY="0.4864864864864865">
    <source href="assembly.xml#PrepareEmail"/>
    <target href="assembly.xml#EmailOut"/>
  </connections>
  <connections type="routesTo" sourceAnchorX="0.5609137055837563" sourceAnchorY="1.0" targetAnchorX="0.6792452830188679" targetAnchorY="0.08333333333333333">
    <source href="assembly.xml#//@beans/@mixed.1/@mixed.95/@mixed.3"/>
    <target href="assembly.xml#AsyncMediation10"/>
  </connections>
  <connections type="routesTo" sourceAnchorX="1.0" sourceAnchorY="0.28125" targetAnchorX="0.4911242603550296" targetAnchorY="0.05405405405405406">
    <source href="assembly.xml#AsyncMediation10"/>
    <target href="assembly.xml#Call_add_to_log6"/>
  </connections>
  <connections type="routesTo" sourceAnchorX="0.6227390180878553" sourceAnchorY="1.0" targetAnchorX="0.6666666666666666" targetAnchorY="0.15625">
    <source href="assembly.xml#//@beans/@mixed.1/@mixed.99/@mixed.3"/>
    <target href="assembly.xml#AsyncMediation34"/>
  </connections>
  <connections type="routesTo" sourceAnchorX="1.0" sourceAnchorY="0.2916666666666667" targetAnchorX="0.6923076923076923" targetAnchorY="0.24324324324324326">
    <source href="assembly.xml#AsyncMediation34"/>
    <target href="assembly.xml#Call_add_to_log7"/>
  </connections>
  <connections type="routesTo" sourceAnchorX="0.5799086757990868" sourceAnchorY="1.0" targetAnchorX="0.34591194968553457" targetAnchorY="0.11458333333333333">
    <source href="assembly.xml#//@beans/@mixed.1/@mixed.105/@mixed.3"/>
    <target href="assembly.xml#AsyncMediation35"/>
  </connections>
  <connections type="routesTo" sourceAnchorX="0.0" sourceAnchorY="0.34375" targetAnchorX="0.3254437869822485" targetAnchorY="0.7297297297297297">
    <source href="assembly.xml#AsyncMediation35"/>
    <target href="assembly.xml#Call_add_to_log8"/>
  </connections>
  <connections type="routesTo" sourceAnchorX="0.6421319796954315" sourceAnchorY="1.0" targetAnchorX="0.6918238993710691" targetAnchorY="0.17391304347826086">
    <source href="assembly.xml#//@beans/@mixed.1/@mixed.119/@mixed.3"/>
    <target href="assembly.xml#AsyncMediation36"/>
  </connections>
  <connections type="routesTo" sourceAnchorX="1.0" sourceAnchorY="0.29347826086956524" targetAnchorX="0.6982248520710059" targetAnchorY="0.40540540540540543">
    <source href="assembly.xml#AsyncMediation36"/>
    <target href="assembly.xml#Call_add_to_log9"/>
  </connections>
  <connections type="routesTo" sourceAnchorX="0.8127090301003345" sourceAnchorY="1.0" targetAnchorX="0.5786163522012578" targetAnchorY="0.08695652173913043">
    <source href="assembly.xml#//@beans/@mixed.1/@mixed.123/@mixed.3"/>
    <target href="assembly.xml#AsyncMediation37"/>
  </connections>
  <connections type="routesTo" sourceAnchorX="1.0" sourceAnchorY="0.25" targetAnchorX="0.5932203389830508" targetAnchorY="0.4594594594594595">
    <source href="assembly.xml#AsyncMediation37"/>
    <target href="assembly.xml#Call_add_to_log10"/>
  </connections>
  <connections type="routesTo" sourceAnchorX="0.7579908675799086" sourceAnchorY="1.0" targetAnchorX="0.31446540880503143" targetAnchorY="0.11956521739130435">
    <source href="assembly.xml#//@beans/@mixed.1/@mixed.125/@mixed.3"/>
    <target href="assembly.xml#AsyncMediation38"/>
  </connections>
  <connections type="routesTo" sourceAnchorX="0.0" sourceAnchorY="0.2608695652173913" targetAnchorX="0.2897727272727273" targetAnchorY="0.3783783783783784">
    <source href="assembly.xml#AsyncMediation38"/>
    <target href="assembly.xml#Call_add_to_log11"/>
  </connections>
  <connections type="routesTo" sourceAnchorX="0.6524216524216524" sourceAnchorY="1.0" targetAnchorX="0.49056603773584906" targetAnchorY="0.13541666666666666">
    <source href="assembly.xml#//@beans/@mixed.1/@mixed.89/@mixed.3"/>
    <target href="assembly.xml#AsyncMediation39"/>
  </connections>
  <connections type="routesTo" sourceAnchorX="0.0" sourceAnchorY="0.13541666666666666" targetAnchorX="0.378698224852071" targetAnchorY="0.4594594594594595">
    <source href="assembly.xml#AsyncMediation39"/>
    <target href="assembly.xml#Call_add_to_log4"/>
  </connections>
  <connections type="routesTo" sourceAnchorX="0.8464052287581699" sourceAnchorY="1.0" targetAnchorX="0.44025157232704404" targetAnchorY="0.03260869565217391">
    <source href="assembly.xml#//@beans/@mixed.1/@mixed.67/@mixed.3"/>
    <target href="assembly.xml#AsyncMediation40"/>
  </connections>
  <connections type="routesTo" sourceAnchorX="0.0" sourceAnchorY="0.42391304347826086" targetAnchorX="0.591715976331361" targetAnchorY="0.1891891891891892">
    <source href="assembly.xml#AsyncMediation40"/>
    <target href="assembly.xml#Call_add_to_log1"/>
  </connections>
  <connections type="routesTo" sourceAnchorX="0.508" sourceAnchorY="1.0" targetAnchorX="0.3270440251572327" targetAnchorY="0.14130434782608695">
    <source href="assembly.xml#//@beans/@mixed.1/@mixed.71/@mixed.3"/>
    <target href="assembly.xml#AsyncMediation41"/>
  </connections>
  <connections type="routesTo" sourceAnchorX="0.0" sourceAnchorY="0.5543478260869565" targetAnchorX="0.5443786982248521" targetAnchorY="0.7837837837837838">
    <source href="assembly.xml#AsyncMediation41"/>
    <target href="assembly.xml#Call_add_to_log3"/>
  </connections>
  <connections type="routesTo" sourceAnchorX="0.40869565217391307" sourceAnchorY="1.0" targetAnchorX="0.8742138364779874" targetAnchorY="0.09375">
    <source href="assembly.xml#//@beans/@mixed.1/@mixed.243/@mixed.3"/>
    <target href="assembly.xml#AsyncMediation42"/>
  </connections>
  <connections type="routesTo" sourceAnchorX="0.0" sourceAnchorY="0.4895833333333333" targetAnchorX="0.3136094674556213" targetAnchorY="0.24324324324324326">
    <source href="assembly.xml#AsyncMediation42"/>
    <target href="assembly.xml#Call_add_to_log2"/>
  </connections>
  <connections type="routesResponseTo" sourceAnchorX="0.8344370860927153" sourceAnchorY="1.0" targetAnchorX="0.2565789473684211" targetAnchorY="0.5135135135135135">
    <source href="assembly.xml#Call_add-to_log5150"/>
    <target href="assembly.xml#WorkdayOutSoap"/>
  </connections>
  <swimlanes x="155" y="192" name="Main">
    <elements href="assembly.xml#StartHere"/>
    <elements href="#//@swimlanes.22"/>
    <elements href="assembly.xml#PutIntegrationMessage9"/>
    <elements href="assembly.xml#Call_Get_Oauth_Token"/>
    <elements href="assembly.xml#Call_Get_All_Tickets"/>
    <elements href="assembly.xml#Call_Get_Time_Entry"/>
    <elements href="#//@swimlanes.37"/>
    <elements href="#//@swimlanes.38"/>
    <elements href="assembly.xml#PutIntegrationMessage16"/>
    <elements href="assembly.xml#PutIntegrationMessage12"/>
  </swimlanes>
  <swimlanes x="163" y="352" name="Get_Oath_Token">
    <elements href="assembly.xml#Get_Oath_Token"/>
    <elements href="#//@swimlanes.17"/>
    <elements href="assembly.xml#HttpOut2"/>
    <elements href="#//@swimlanes.18"/>
  </swimlanes>
  <swimlanes x="152" y="126" lineStyle="DASH" name="Process_Time_Entry_from_Zoho" orientation="VERTICAL" elements="//@swimlanes.0 //@swimlanes.1 //@swimlanes.10 //@swimlanes.33 //@swimlanes.35 //@swimlanes.34"/>
  <swimlanes x="680" y="233" name="Swimlane" orientation="VERTICAL">
    <elements href="assembly.xml#Create_URL_for_Ticket_Count"/>
    <elements href="assembly.xml#PutIntegrationMessage"/>
  </swimlanes>
  <swimlanes x="1108" y="327" name="Swimlane" orientation="VERTICAL">
    <elements href="assembly.xml#AsyncMediation1"/>
    <elements href="assembly.xml#PutIntegrationMessage0"/>
  </swimlanes>
  <swimlanes x="1406" y="392" name="Swimlane" orientation="VERTICAL">
    <elements href="assembly.xml#Ceate_URL_For_All_Tickets"/>
    <elements href="assembly.xml#PutIntegrationMessage00"/>
  </swimlanes>
  <swimlanes x="1785" y="388" name="Swimlane" orientation="VERTICAL">
    <elements href="assembly.xml#AsyncMediation5"/>
    <elements href="assembly.xml#PutIntegrationMessage1"/>
  </swimlanes>
  <swimlanes x="562" y="614" name="Loop_For_Tickets">
    <elements href="assembly.xml#Get_Loop_for_All_tickets"/>
    <elements href="assembly.xml#Route"/>
    <elements href="#//@swimlanes.5"/>
    <elements href="assembly.xml#Get_All_Tickets_with_parameters"/>
    <elements href="#//@swimlanes.6"/>
    <elements href="#//@swimlanes.9"/>
  </swimlanes>
  <swimlanes x="1525" y="336" name="Save_Tickets" orientation="VERTICAL">
    <elements href="assembly.xml#AsyncMediation4"/>
    <elements href="assembly.xml#PutIntegrationMessage2"/>
  </swimlanes>
  <swimlanes x="1142" y="948" name="Swimlane" orientation="VERTICAL">
    <elements href="assembly.xml#Aggregator"/>
    <elements href="assembly.xml#Get_Close_Agregator_For_All_Tickets"/>
  </swimlanes>
  <swimlanes x="358" y="750" name="Get_All_Modified Tickets" orientation="VERTICAL" elements="//@swimlanes.12 //@swimlanes.11 //@swimlanes.7"/>
  <swimlanes x="596" y="1046" name="Get_Count_of_Tickets">
    <elements href="assembly.xml#Get_Count_For_Modified_Tickets"/>
    <elements href="#//@swimlanes.3"/>
    <elements href="assembly.xml#Get_Ticket_Count"/>
    <elements href="#//@swimlanes.4"/>
    <elements href="assembly.xml#PutIntegrationMessage3"/>
  </swimlanes>
  <swimlanes x="422" y="788" name="Get_All_Tickets_Main">
    <elements href="assembly.xml#Get_All_Tickets"/>
    <elements href="assembly.xml#Get_Count_Modified_Tickets"/>
    <elements href="assembly.xml#Call_loop_for_All_Tickets"/>
    <elements href="assembly.xml#Call_Get_Close_Agregator_For_All_Tickets"/>
    <elements href="#//@swimlanes.8"/>
  </swimlanes>
  <swimlanes x="266" y="1844" name="Get_Time_Entries">
    <elements href="assembly.xml#Get_Time_Entry"/>
    <elements href="#//@swimlanes.14"/>
    <elements href="assembly.xml#Splitter"/>
    <elements href="#//@swimlanes.15"/>
    <elements href="assembly.xml#Get_Time_Entry_for_Ticket"/>
    <elements href="#//@swimlanes.16"/>
    <elements href="#//@swimlanes.19"/>
    <elements href="#//@swimlanes.59"/>
    <elements href="assembly.xml#Splitter0"/>
    <elements href="assembly.xml#Call_Process_Time_Entry"/>
  </swimlanes>
  <swimlanes x="358" y="1904" name="Swimlane" orientation="VERTICAL">
    <elements href="assembly.xml#AsyncMediation6"/>
    <elements href="assembly.xml#PutIntegrationMessage4"/>
  </swimlanes>
  <swimlanes x="752" y="1963" name="Swimlane" orientation="VERTICAL">
    <elements href="assembly.xml#AsyncMediation7"/>
    <elements href="assembly.xml#AsyncMediation40"/>
    <elements href="assembly.xml#Call_add_to_log1"/>
  </swimlanes>
  <swimlanes x="1170" y="2025" name="Swimlane" orientation="VERTICAL">
    <elements href="assembly.xml#Convert_from_JSON_to_XML"/>
    <elements href="assembly.xml#AsyncMediation41"/>
    <elements href="assembly.xml#Call_add_to_log3"/>
  </swimlanes>
  <swimlanes x="341" y="540" name="Swimlane" orientation="VERTICAL">
    <elements href="assembly.xml#Get_Oath_Token_from_zoho"/>
    <elements href="assembly.xml#PutIntegrationMessage7"/>
  </swimlanes>
  <swimlanes x="732" y="648" name="Swimlane" orientation="VERTICAL">
    <elements href="assembly.xml#Save_Token"/>
    <elements href="assembly.xml#PutIntegrationMessage70"/>
  </swimlanes>
  <swimlanes x="1456" y="2270" name="Swimlane" orientation="VERTICAL">
    <elements href="assembly.xml#Capture_Tickets_with_no_Time_Entries"/>
    <elements href="assembly.xml#Call_add_to_Log"/>
  </swimlanes>
  <swimlanes x="296" y="1762" name="Get_Process_Time_Entry">
    <elements href="assembly.xml#Get_Process_Time_Entry"/>
    <elements href="#//@swimlanes.21"/>
    <elements href="#//@swimlanes.61"/>
    <elements href="assembly.xml#Call_Get_Oath_for_expired_Token"/>
    <elements href="assembly.xml#Call_Get_Agent"/>
    <elements href="assembly.xml#Call_Get_Account"/>
    <elements href="#//@swimlanes.27"/>
    <elements href="assembly.xml#Call_add-to_log5150"/>
    <elements href="assembly.xml#WorkdayOutSoap"/>
    <elements href="#//@swimlanes.28"/>
    <elements href="assembly.xml#Call_Add_to_log2"/>
  </swimlanes>
  <swimlanes x="428" y="1948" name="Swimlane" orientation="VERTICAL">
    <elements href="assembly.xml#AsyncMediation11"/>
    <elements href="assembly.xml#AsyncMediation39"/>
    <elements href="assembly.xml#Call_add_to_log4"/>
  </swimlanes>
  <swimlanes x="306" y="354" name="Get_Parameters" orientation="VERTICAL">
    <elements href="assembly.xml#Get_Parameters"/>
    <elements href="assembly.xml#PutIntegrationMessage10"/>
  </swimlanes>
  <swimlanes x="300" y="940" name="Get_Agents_From Zoho">
    <elements href="assembly.xml#Get_Agent"/>
    <elements href="#//@swimlanes.24"/>
    <elements href="assembly.xml#HttpOut3"/>
    <elements href="#//@swimlanes.25"/>
    <elements href="assembly.xml#WorkdayOutRest"/>
    <elements href="#//@swimlanes.26"/>
  </swimlanes>
  <swimlanes x="334" y="1032" name="Swimlane" orientation="VERTICAL">
    <elements href="assembly.xml#AsyncMediation12"/>
    <elements href="assembly.xml#AsyncMediation10"/>
    <elements href="assembly.xml#Call_add_to_log6"/>
  </swimlanes>
  <swimlanes x="761" y="880" name="Swimlane" orientation="VERTICAL">
    <elements href="assembly.xml#AsyncMediation13"/>
    <elements href="assembly.xml#AsyncMediation34"/>
    <elements href="assembly.xml#Call_add_to_log7"/>
  </swimlanes>
  <swimlanes x="1177" y="1796" name="Swimlane" orientation="VERTICAL">
    <elements href="assembly.xml#AsyncMediation14"/>
    <elements href="assembly.xml#AsyncMediation35"/>
    <elements href="assembly.xml#Call_add_to_log8"/>
  </swimlanes>
  <swimlanes x="860" y="2826" name="Swimlane" orientation="VERTICAL">
    <elements href="assembly.xml#AsyncMediation15"/>
    <elements href="assembly.xml#Call_add-to_log5"/>
  </swimlanes>
  <swimlanes x="1374" y="2878" name="Swimlane" orientation="VERTICAL">
    <elements href="assembly.xml#AsyncMediation17"/>
    <elements href="assembly.xml#Call_add_to_log5"/>
  </swimlanes>
  <swimlanes x="288" y="3388" name="Get_Account">
    <elements href="assembly.xml#Get_Account"/>
    <elements href="#//@swimlanes.30"/>
    <elements href="assembly.xml#HttpOut4"/>
    <elements href="#//@swimlanes.31"/>
    <elements href="assembly.xml#WorkdayOutRest0"/>
    <elements href="#//@swimlanes.32"/>
  </swimlanes>
  <swimlanes x="342" y="3521" name="Swimlane" orientation="VERTICAL">
    <elements href="assembly.xml#AsyncMediation18"/>
    <elements href="assembly.xml#AsyncMediation36"/>
    <elements href="assembly.xml#Call_add_to_log9"/>
  </swimlanes>
  <swimlanes x="738" y="3314" name="Swimlane" orientation="VERTICAL">
    <elements href="assembly.xml#AsyncMediation19"/>
    <elements href="assembly.xml#AsyncMediation37"/>
    <elements href="assembly.xml#Call_add_to_log10"/>
  </swimlanes>
  <swimlanes x="1154" y="3584" name="Swimlane" orientation="VERTICAL">
    <elements href="assembly.xml#AsyncMediation20"/>
    <elements href="assembly.xml#AsyncMediation38"/>
    <elements href="assembly.xml#Call_add_to_log11"/>
  </swimlanes>
  <swimlanes x="304" y="848" name="Get_all_time_entries" orientation="VERTICAL" elements="//@swimlanes.13 //@swimlanes.20 //@swimlanes.23 //@swimlanes.29"/>
  <swimlanes x="306" y="1428" name="Global_Error_Handler">
    <elements href="assembly.xml#//@beans/@mixed.1/@mixed.129"/>
    <elements href="assembly.xml#Note-Error"/>
  </swimlanes>
  <swimlanes x="272" y="1426" name="Create_Log">
    <elements href="assembly.xml#Add_to_Log"/>
    <elements href="#//@swimlanes.36"/>
    <elements href="assembly.xml#PutIntegrationMessage5"/>
  </swimlanes>
  <swimlanes x="349" y="1596" name="Add_To_Log" orientation="VERTICAL">
    <elements href="assembly.xml#AsyncMediation21"/>
    <elements href="assembly.xml#PutIntegrationMessage20"/>
  </swimlanes>
  <swimlanes x="1285" y="396" name="Create_Log" orientation="VERTICAL">
    <elements href="assembly.xml#AsyncMediation16"/>
    <elements href="assembly.xml#PutIntegrationMessage21"/>
  </swimlanes>
  <swimlanes x="1660" y="370" name="Create_CSV_with_WID" orientation="VERTICAL">
    <elements href="assembly.xml#AsyncMediation22"/>
    <elements href="assembly.xml#PutIntegrationMessage8"/>
  </swimlanes>
  <swimlanes x="162" y="4246" name="Swimlane">
    <elements href="assembly.xml#Import_Audit_Log"/>
    <elements href="#//@swimlanes.43"/>
    <elements href="assembly.xml#Call_Get_WIDs_Time_Blocks_File"/>
    <elements href="assembly.xml#Call_Get_Process_Import_Time_Block"/>
    <elements href="#//@swimlanes.58"/>
    <elements href="#//@swimlanes.62"/>
  </swimlanes>
  <swimlanes x="299" y="4609" name="Main_Import_Audit_log" orientation="VERTICAL" elements="//@swimlanes.39 //@swimlanes.41 //@swimlanes.44 //@swimlanes.47 //@swimlanes.50 //@swimlanes.54 //@swimlanes.63"/>
  <swimlanes x="823" y="4455" name="Swimlane">
    <elements href="assembly.xml#Get_WIDs_Time_Blocks_File"/>
    <elements href="assembly.xml#GetEventDocuments"/>
    <elements href="assembly.xml#Route0"/>
    <elements href="#//@swimlanes.42"/>
    <elements href="assembly.xml#PutIntegrationMessage22"/>
  </swimlanes>
  <swimlanes x="765" y="4682" name="Swimlane" orientation="VERTICAL">
    <elements href="assembly.xml#AsyncMediation2"/>
    <elements href="assembly.xml#PutIntegrationMessage23"/>
  </swimlanes>
  <swimlanes x="378" y="4468" name="Swimlane" orientation="VERTICAL">
    <elements href="assembly.xml#AsyncMediation"/>
    <elements href="assembly.xml#PutIntegrationMessage24"/>
  </swimlanes>
  <swimlanes x="338" y="5130" name="Swimlane">
    <elements href="assembly.xml#Get_Process_Import_Time_Block"/>
    <elements href="#//@swimlanes.45"/>
    <elements href="#//@swimlanes.60"/>
    <elements href="assembly.xml#Call_Get_Check_Imported_Time_Block_Status"/>
  </swimlanes>
  <swimlanes x="474" y="4928" name="Swimlane" orientation="VERTICAL">
    <elements href="assembly.xml#AsyncMediation9"/>
    <elements href="assembly.xml#PutIntegrationMessage25"/>
  </swimlanes>
  <swimlanes x="40" y="51" name="process" orientation="VERTICAL" elements="//@swimlanes.2 //@swimlanes.40"/>
  <swimlanes x="812" y="5796" name="Swimlane">
    <elements href="assembly.xml#Get_Check_Imported_Time_Block_Status"/>
    <elements href="#//@swimlanes.48"/>
    <elements href="assembly.xml#Splitter1"/>
    <elements href="#//@swimlanes.49"/>
    <elements href="assembly.xml#WorkdayOutSoap0"/>
    <elements href="assembly.xml#Call_Get_Add_Import_Reposponse_to_Log"/>
  </swimlanes>
  <swimlanes x="890" y="5972" name="Swimlane" orientation="VERTICAL">
    <elements href="assembly.xml#AsyncMediation23"/>
    <elements href="assembly.xml#PutIntegrationMessage26"/>
  </swimlanes>
  <swimlanes x="854" y="5912" name="Swimlane" orientation="VERTICAL">
    <elements href="assembly.xml#AsyncMediation24"/>
    <elements href="assembly.xml#PutIntegrationMessage27"/>
  </swimlanes>
  <swimlanes x="148" y="1818" name="Add_Import_To_Log">
    <elements href="assembly.xml#Get_Add_Import_Reposponse_to_Log"/>
    <elements href="#//@swimlanes.51"/>
    <elements href="assembly.xml#Route1"/>
    <elements href="#//@swimlanes.52"/>
    <elements href="assembly.xml#WorkdayOutSoap1"/>
    <elements href="#//@swimlanes.53"/>
    <elements href="assembly.xml#CallSubRoutine"/>
    <elements href="#//@swimlanes.57"/>
    <elements href="assembly.xml#PutIntegrationMessage6"/>
  </swimlanes>
  <swimlanes x="412" y="1996" name="Swimlane" orientation="VERTICAL">
    <elements href="assembly.xml#AsyncMediation25"/>
    <elements href="assembly.xml#PutIntegrationMessage28"/>
  </swimlanes>
  <swimlanes x="926" y="2057" name="Swimlane" orientation="VERTICAL">
    <elements href="assembly.xml#AsyncMediation26"/>
    <elements href="assembly.xml#AsyncMediation28"/>
    <elements href="assembly.xml#AsyncMediation27"/>
  </swimlanes>
  <swimlanes x="1361" y="6462" name="Swimlane" orientation="VERTICAL">
    <elements href="assembly.xml#AsyncMediation29"/>
    <elements href="assembly.xml#PutIntegrationMessage29"/>
  </swimlanes>
  <swimlanes x="234" y="6644" name="Swimlane">
    <elements href="assembly.xml#Get_All_Messages"/>
    <elements href="#//@swimlanes.55"/>
    <elements href="assembly.xml#Splitter2"/>
    <elements href="#//@swimlanes.56"/>
  </swimlanes>
  <swimlanes x="268" y="6784" name="Swimlane" orientation="VERTICAL">
    <elements href="assembly.xml#AsyncMediation30"/>
    <elements href="assembly.xml#PutIntegrationMessage30"/>
  </swimlanes>
  <swimlanes x="734" y="6934" name="Swimlane" orientation="VERTICAL">
    <elements href="assembly.xml#AsyncMediation31"/>
    <elements href="assembly.xml#PutIntegrationMessage31"/>
  </swimlanes>
  <swimlanes x="1712" y="6333" name="Swimlane" orientation="VERTICAL">
    <elements href="assembly.xml#AsyncMediation32"/>
    <elements href="assembly.xml#PutIntegrationMessage32"/>
  </swimlanes>
  <swimlanes x="1109" y="4770" name="Swimlane" orientation="VERTICAL">
    <elements href="assembly.xml#AsyncMediation33"/>
    <elements href="assembly.xml#PutIntegrationMessage33"/>
  </swimlanes>
  <swimlanes x="1782" y="2564" name="Swimlane" orientation="VERTICAL">
    <elements href="assembly.xml#Capturing_Error_from_Splitter"/>
    <elements href="assembly.xml#AsyncMediation42"/>
    <elements href="assembly.xml#Call_add_to_log2"/>
  </swimlanes>
  <swimlanes x="1016" y="4356" name="Swimlane" orientation="VERTICAL">
    <elements href="assembly.xml#AsyncMediation0"/>
    <elements href="assembly.xml#AsyncMediation3"/>
    <elements href="assembly.xml#PutIntegrationMessage11"/>
  </swimlanes>
  <swimlanes x="616" y="2429" name="Remove_do_not_Integrate" orientation="VERTICAL">
    <elements href="assembly.xml#AsyncMediation8"/>
    <elements href="assembly.xml#Call_add_to_log12"/>
  </swimlanes>
  <swimlanes x="1345" y="366" name="Swimlane">
    <elements href="assembly.xml#Call_SendMail"/>
  </swimlanes>
  <swimlanes x="1088" y="5780" name="SendEmail">
    <elements href="assembly.xml#SendMail"/>
    <elements href="#//@swimlanes.64"/>
    <elements href="#//@swimlanes.65"/>
  </swimlanes>
  <swimlanes x="153" y="6072" name="Swimlane" orientation="VERTICAL">
    <elements href="assembly.xml#PrepareEmail"/>
    <elements href="assembly.xml#PutIntegrationMessage14"/>
  </swimlanes>
  <swimlanes x="203" y="6074" name="Swimlane" orientation="VERTICAL">
    <elements href="assembly.xml#EmailOut"/>
    <elements href="assembly.xml#PutIntegrationMessage13"/>
  </swimlanes>
</wdnm:Diagram>
