<?xml version="1.0" encoding="UTF-8"?>
<beans
     xmlns="http://www.springframework.org/schema/beans"
     xmlns:beans="http://www.springframework.org/schema/beans"
     xmlns:atom="http://www.w3.org/2005/Atom"
     xmlns:cc="http://www.capeclear.com/assembly/10"
     xmlns:cloud="urn:com.workday/esb/cloud/10.0"
     xmlns:env="http://schemas.xmlsoap.org/soap/envelope/"
     xmlns:pi="urn:com.workday/picof"
     xmlns:wd="urn:com.workday/bsvc"
     xmlns:xsi="http://www.w3.org/2001/XMLSchema-instance">
 
	<cc:assembly id="WorkdayAssembly" version="2018.6">
        <cc:workday-in id="INT8985-RefIDUpdate" routes-to="CallContrReport">
            <cc:integration-system name="INT8985_ContrLine_RefId_Update">
        <cloud:param name="Customer Contract">
          <cloud:type>
            <cloud:class-report-field description="Customer Contract" type="WID" singular="true">28ab6d9defb810000f581f851a640030</cloud:class-report-field>
          </cloud:type>
          <cloud:default/>
          <cloud:launch-option>required</cloud:launch-option>
        </cloud:param>
        <cloud:attribute-map-service name="INT8985_Att_Maps">
          <cloud:attribute name="Document_Retention">
            <cloud:type>
              <cloud:simple-type>number</cloud:simple-type>
            </cloud:type>
          </cloud:attribute>
          <cloud:attribute name="Post_Audit_Files">
            <cloud:type>
              <cloud:simple-type>boolean</cloud:simple-type>
            </cloud:type>
          </cloud:attribute>
          <cloud:attribute name="Include_Target_Links">
            <cloud:type>
              <cloud:simple-type>boolean</cloud:simple-type>
            </cloud:type>
          </cloud:attribute>
          <cloud:attribute name="Folder_Path">
            <cloud:type>
              <cloud:simple-type>text</cloud:simple-type>
            </cloud:type>
          </cloud:attribute>
        </cloud:attribute-map-service>
        <cloud:delivery-service name="INT8985_Contract_Attach_DS"/>
        <cloud:report-service name="Contract_RS">
          <cloud:report-alias description="INT8985-getContractToUpdate" name="Contract_RS">
            <cloud:report-reference description="INT8985-getContractToUpdate" type="WID">c422a110f3b901ba54e3c7b7fe250d4b</cloud:report-reference>
          </cloud:report-alias>
          <cloud:report-alias description="INT8985-getContractLinesToUpdate" name="Contractline_RS">
            <cloud:report-reference description="INT8985-getContractLinesToUpdate" type="WID">c422a110f3b901f0ca6059a9fe25e14a</cloud:report-reference>
          </cloud:report-alias>
          <cloud:report-alias description="INT8985-RetrieveContractAttachments" name="ContractAttach_RS">
            <cloud:report-reference description="INT8985-RetrieveContractAttachments" type="WID">c422a110f3b9016e3f4243dafe25294b</cloud:report-reference>
          </cloud:report-alias>
        </cloud:report-service>
      </cc:integration-system>
        </cc:workday-in>
        <cc:local-out id="CallContrLineReport" store-message="none" routes-response-to="CallContrAttachmentReport" endpoint="vm://INT8985_ContrLine_RefId_Update/ContrLineReport"/>
        <cc:local-out id="IntEvent-Complete" endpoint="vm://wcc/PutIntegrationEvent">
            <cc:set name="is.event.completed" value="'current'"/>
        </cc:local-out>
        <cc:local-in id="ContrLineReport" routes-to="AsyncMediation"/>
        <cc:send-error id="global-error-handler" rethrow-error="false" routes-to="Note-Error"/>
        <cc:local-out id="Note-Error" endpoint="vm://wcc/PutIntegrationMessage">
            <cc:set name="is.message.severity" value="'CRITICAL'"/>
            <cc:set name="is.message.summary" value="context.errorMessage"/>
        </cc:local-out>
        <cc:async-mediation id="AsyncMediation" routes-to="AuditXMLFile" handle-downstream-errors="true">
            <cc:steps>
                <cc:eval id="Eval">
                    <cc:expression>props['line.attempted.count']=0</cc:expression>
                    <cc:expression>props['line.success.count']=0</cc:expression>
                    <cc:expression>props['line.error.count']=0</cc:expression>
                </cc:eval>
                <cc:eval id="LP">
                    <cc:expression>//Report SOAP URL</cc:expression>
                    <cc:expression>props['prop.contractLine.report.url'] = intsys.reportService.getExtrapath('Contractline_RS')</cc:expression>
                    <cc:expression>props['prop.contractLine.report.url.endpoint'] = parts[0].xpath(&quot;concat(\'&quot;+props['assembly.gateway.address']+&quot;/\',replace(\'&quot;+props['prop.contractLine.report.url']+&quot;\',\'customreport2\',\'Report2\'))&quot;)</cc:expression>
                </cc:eval>
                <cc:write id="Write">
                    <cc:message>
                        <cc:text>&lt;?xml version=&quot;1.0&quot; encoding=&quot;UTF-8&quot;?>&#xD;
&lt;env:Envelope&#xD;
    xmlns:env=&quot;http://schemas.xmlsoap.org/soap/envelope/&quot;&#xD;
    xmlns:xsd=&quot;http://www.w3.org/2001/XMLSchema&quot;&#xD;
    xmlns:wd=&quot;urn:com.workday/bsvc&quot;&#xD;
    xmlns:wsse=&quot;http://docs.oasis-open.org/wss/2004/01/oasis-200401-wss-wssecurity-secext-1.0.xsd&quot;>&#xD;
	&lt;env:Header>&#xD;
		&lt;wsse:Security env:mustUnderstand=&quot;1&quot;>&#xD;
			&lt;wsse:UsernameToken>&#xD;
				&lt;wsse:Username>@{props['wss.usernametoken.username']}&lt;/wsse:Username>&#xD;
				&lt;wsse:Password Type=&quot;http://docs.oasis-open.org/wss/2004/01/oasis-200401-wss-username-token-profile-1.0#PasswordText&quot;>@{props['wss.usernametoken.password']}&lt;/wsse:Password>&#xD;
			&lt;/wsse:UsernameToken>&#xD;
		&lt;/wsse:Security>&#xD;
	&lt;/env:Header>&#xD;
	&lt;env:Body>&#xD;
		&lt;wd:Execute_Report>&#xD;
			&lt;wd:Report_Parameters> &#xD;
				&lt;wd:Contract>&#xD;
					&lt;wd:ID wd:type=&quot;WID&quot;>@{props['prop.contractNumber']}&lt;/wd:ID>&#xD;
				&lt;/wd:Contract>&#xD;
			&lt;/wd:Report_Parameters>&#xD;
		&lt;/wd:Execute_Report>&#xD;
	&lt;/env:Body>&#xD;
&lt;/env:Envelope>&#xD;
</cc:text>
                    </cc:message>
                </cc:write>
                <cc:log id="Log">
                    <cc:log-message>
                        <cc:text>--------------- ContractLine_RS  ----------------------------------------&#xD;
props['prop.contract.list'] = @{props['prop.contract.list']}&#xD;
props['prop.document.retention']  = @{props['prop.document.retention']}&#xD;
props['prop.post.audit.messages'] = @{props['prop.post.audit.messages']}&#xD;
props['prop.post.target.links'] = @{props['prop.post.target.links']}&#xD;
props['prop.contractLine.report.url'] = @{props['prop.contractLine.report.url']}&#xD;
props['prop.contractLine.report.url.endpoint'] = @{props['prop.contractLine.report.url.endpoint']}&#xD;
&#xD;
&#xD;
</cc:text>
                        <cc:message-content/>
                    </cc:log-message>
                </cc:log>
            </cc:steps>
            <cc:send-error id="SendError" routes-to="PutErrGetContrLine"/>
        </cc:async-mediation>
        <cc:local-out id="PutNoLineMsg" endpoint="vm://wcc/PutIntegrationMessage">
            <cc:set name="is.message.severity" value="'INFO'"/>
            <cc:set name="is.message.summary" value="context.errorMessage"/>
            <cc:set name="is.message.detail" value="context.errorMessage"/>
        </cc:local-out>
        <cc:splitter id="Splitter" no-split-message-error="false">
            <cc:sub-route name="SubRoute" routes-to="AsyncMediation1"/>
            <cc:xml-stream-splitter xpath="/env:Envelope/env:Body/wd:Report_Data/wd:Report_Entry"/>
        </cc:splitter>
        <cc:async-mediation id="AsyncMediation1" routes-to="PutContrLineMsg">
            <cc:steps>
                <cc:copy id="Copy" output="variable" output-variable="var.incoming.request"/>
                <cc:log id="Log">
                    <cc:log-message>
                        <cc:text>&#xD;
&#xD;
&#xD;
--------------- After Split ----------------------------------------&#xD;
</cc:text>
                        <cc:message-content/>
                    </cc:log-message>
                </cc:log>
                <cc:eval id="Eval"><cc:expression>props['line.attempted.count']=props['line.attempted.count'] + 1</cc:expression>
                    <cc:expression>props['contract_num']=parts[0].xpath(&quot;/wd:Report_Entry/wd:Contract_group/wd:Contract_Number&quot;)</cc:expression>
                    <cc:expression>props['new.ref_Type'] = parts[0].xpath(&quot;/wd:Report_Entry/wd:Reference_ID_Type_XML_Name&quot;)</cc:expression>
                    <cc:expression>props['exist.line']=parts[0].xpath(&quot;/wd:Report_Entry/wd:Existing_Ref_ID&quot;)</cc:expression>
                    <cc:expression>props['new.line']=parts[0].xpath(&quot;/wd:Report_Entry/wd:New_Ref_id&quot;)</cc:expression></cc:eval>
                <cc:log id="Log0">
                    <cc:log-message>
                        <cc:text>&#xD;
Existing Line - @{props['exist.line']} &#xD;
New Line - @{props['new.line']} &#xD;
&#xD;
</cc:text>
                    </cc:log-message>
                </cc:log>
            </cc:steps>
        </cc:async-mediation>
        <cc:http-out id="HttpOut" routes-response-to="AuditXMLFile0" endpoint="@{props['prop.contractLine.report.url.endpoint']}" http-method="POST"/>
        <cc:local-out id="CallLineUpdate" store-message="none" routes-response-to="PutCountInfo" endpoint="vm://INT8985_ContrLine_RefId_Update/ContractLineUpdate"/>
        <cc:local-in id="ContractLineUpdate" routes-to="AsyncMediation0"/>
        <cc:async-mediation id="AsyncMediation0" routes-to="AuditReq" handle-downstream-errors="true">
            <cc:steps>
                <cc:write id="Write">
                    <cc:message>
                        <cc:text>&lt;?xml version=&quot;1.0&quot; encoding=&quot;UTF-8&quot;?>&#xD;
&lt;env:Envelope&#xD;
    xmlns:env=&quot;http://schemas.xmlsoap.org/soap/envelope/&quot;&#xD;
    xmlns:xsd=&quot;http://www.w3.org/2001/XMLSchema&quot;>&#xD;
    &lt;env:Body>&#xD;
        &lt;wd:Put_Reference_Request xmlns:wd=&quot;urn:com.workday/bsvc&quot; wd:version=&quot;v30.2&quot;>&#xD;
            &lt;wd:Reference_ID_Data>&#xD;
                &lt;wd:ID>@{props['exist.line']}&lt;/wd:ID>&#xD;
                &lt;wd:New_ID>@{props['new.line']}&lt;/wd:New_ID>&#xD;
                &lt;wd:Reference_ID_Type>@{props['new.ref_Type']}&lt;/wd:Reference_ID_Type>&#xD;
            &lt;/wd:Reference_ID_Data>&#xD;
        &lt;/wd:Put_Reference_Request>&#xD;
    &lt;/env:Body>&#xD;
&lt;/env:Envelope></cc:text>
                    </cc:message>
                </cc:write>
            </cc:steps>
        </cc:async-mediation>
        <cc:workday-out-soap id="WorkdayOutSoap" routes-response-to="AsyncMediation2" application="Integrations" version="v30.2"/>
        <cc:async-mediation id="AsyncMediation2" routes-to="PutSuccessMsgWithLink">
            <cc:steps>
                <cc:eval id="ResponseProps">
                    <cc:expression>props['line.success.count']=props['line.success.count'] +1</cc:expression>
                    <cc:expression>props['prop.total.success.count'] = props['prop.total.success.count']+1</cc:expression><cc:expression>props['prop.response.id'] = parts[0].xpath(&quot;/env:Envelope/env:Body/*/*/wd:ID[@wd:type != 'WID']/text()&quot;)</cc:expression><cc:expression>props['prop.response.status'] = (props['prop.response.id'].isEmpty() == false) ? 'Success' : 'Failed'</cc:expression><cc:expression>props['prop.submission.successfull']  =  (props['prop.response.id'].isEmpty() == false) ? true : false</cc:expression><cc:expression>props['prop.response.wid'] = parts[0].xpath(&quot;/env:Envelope/env:Body/*/*/wd:ID[@wd:type = 'WID']/text()&quot;)</cc:expression></cc:eval>
            </cc:steps>
        </cc:async-mediation>
        <cc:local-out id="PutContrLineMsg" routes-response-to="CallLineUpdate" endpoint="vm://wcc/PutIntegrationMessage" clone-request="true">
            <cc:set name="is.message.severity" value="'INFO'"/>
            <cc:set name="is.message.summary" value="'Processing Contract: ' + props['contract_num'] + ' Contract Line:' + props['exist.line']"/>
        </cc:local-out>
        <cc:local-in id="SuccessCSV" routes-to="AggSuccesses">
            <cc:parameter default="true" name="prop.collate.success" type="boolean"/>
            <cc:parameter default="false" name="prop.batch.success" type="boolean"/>
        </cc:local-in>
        <cc:local-in id="AddToMsgAudit" routes-to="MsgAuditZipAgg">
            <cc:parameter name="message.audit.file.name"/>
            <cc:parameter default="false" name="message.audit.perform.batch" type="boolean"/>
            <cc:parameter default="true" name="message.audit.perform.collate" type="boolean"/>
        </cc:local-in>
        <cc:aggregator id="MsgAuditZipAgg" routes-to="StoreMessagesAudit" collate-when="props['message.audit.perform.collate'] == true &amp;&amp; props['prop.post.audit.messages'] == true" force-batch-when="props['message.audit.perform.batch'] == true &amp;&amp; props['prop.post.audit.messages'] == true">
            <cc:size-batch-strategy batch-size="-1"/>
            <cc:zip-file-collater message-entity-name="@{props['message.audit.file.name']}"/>
        </cc:aggregator>
        <cc:async-mediation id="StoreSuccessFile" routes-to="AttachSuccessFile" execute-steps-when="props['prop.total.success.count'] > 0">
            <cc:steps>
                <cc:eval id="Filename"><cc:expression>props['prop.success.csv.filename'] = 'Success_Log.csv'</cc:expression></cc:eval>
                <cc:store id="StoreFile" output="variable" output-variable="var.success.csv" collection="INT602_Files" expiresIn="P@{props['prop.document.retention'].toString()}D" title="@{props['prop.success.csv.filename']}"/>
            </cc:steps>
        </cc:async-mediation>
        <cc:local-out id="AttachSuccessFile" execute-when="props['prop.total.success.count'] > 0" endpoint="vm://wcc/PutIntegrationMessage">
            <cc:set name="is.message.severity" value="'INFO'"/>
            <cc:set name="is.message.summary" value="'Saving Success CSV Log.'"/>
            <cc:set name="is.document.variable.name" value="'var.success.csv'"/>
            <cc:set name="is.document.file.name" value="props['prop.success.csv.filename']"/>
            <cc:set name="is.document.deliverable" value="'false'"/>
        </cc:local-out>
        <cc:local-out id="StoreAuditFiles" endpoint="vm://wcc/PutIntegrationMessage" clone-request="true">
            <cc:set name="is.message.severity" value="'INFO'"/>
            <cc:set name="is.message.summary" value="'Saving Audit Files'"/>
            <cc:set name="is.document.variable.name" value="'var.audit.messages'"/>
            <cc:set name="is.document.file.name" value="props['audit.messages.filename']"/>
            <cc:set name="is.document.deliverable" value="'false'"/>
        </cc:local-out>
        <cc:async-mediation id="StoreMessagesAudit" routes-to="StoreAuditFiles">
            <cc:steps>
                <cc:eval id="SetMsgsAuditFilename"><cc:expression>props['prop.audit.messages.count'] = props['prop.audit.messages.count'] + 1</cc:expression><cc:expression>props['audit.messages.filename'] = 'MessagesAudit_' + props['prop.file.count'] + '_' + props['prop.audit.messages.count'] + '.zip'</cc:expression></cc:eval>
                <cc:store id="StoreMsgsAudit" output="variable" output-variable="var.audit.messages" collection="INT8985_MessageAudits" expiresIn="P@{props['prop.document.retention'].toString()}D" summary="Messages Audit" title="@{props['audit.messages.filename']}"/>
            </cc:steps>
        </cc:async-mediation>
        <cc:aggregator id="AggSuccesses" routes-to="StoreSuccessFile" collate-when="props['prop.collate.success'] == true" force-batch-when="props['prop.batch.success'] == true">
            <cc:size-batch-strategy batch-size="-1"/>
            <cc:message-content-collater>
        <cc:header-text>Line_Order|Existing_Line|New_Line|WID</cc:header-text>
      </cc:message-content-collater>
        </cc:aggregator>
        <cc:local-in id="EndProcessing" routes-to="BlankMsg"/>
        <cc:local-out id="PostSuccessFile" store-message="none" endpoint="vm://INT8985_ContrLine_RefId_Update/SuccessCSV" clone-request="true">
            <cc:set name="prop.collate.success" value="false"/>
            <cc:set name="prop.batch.success" value="true"/>
        </cc:local-out>
        <cc:async-mediation id="BlankMsg" routes-to="PostAuditFiles">
            <cc:steps>
                <cc:write id="EmptyMsg">
                    <cc:message>
                        <cc:text>&#xD;
&#xD;
</cc:text>
                    </cc:message>
                </cc:write>
            </cc:steps>
        </cc:async-mediation>
        <cc:local-out id="PostAuditFiles" store-message="none" routes-response-to="PostSuccessFile" endpoint="vm://INT8985_ContrLine_RefId_Update/AddToMsgAudit" clone-request="true">
            <cc:set name="message.audit.file.name" value="'Complete.xml'"/>
            <cc:set name="message.audit.perform.batch" value="true"/>
            <cc:set name="message.audit.perform.collate" value="false"/>
        </cc:local-out>
        <cc:local-out id="AuditXMLFile" store-message="none" routes-response-to="HttpOut" endpoint="vm://INT8985_ContrLine_RefId_Update/AddToMsgAudit">
            <cc:set name="message.audit.file.name" value="props['contract.attempted.count'] + '_Report_Request_ContractLines.xml'"/>
            <cc:set name="message.audit.perform.batch" value="false"/>
            <cc:set name="message.audit.perform.collate" value="true"/>
        </cc:local-out>
        <cc:local-out id="AuditXMLFile0" store-message="none" routes-response-to="ValidationContractLineDataExists" endpoint="vm://INT8985_ContrLine_RefId_Update/AddToMsgAudit">
            <cc:set name="message.audit.file.name" value="props['contract.attempted.count'] + '_Report_Response_ContractLines.xml'"/>
            <cc:set name="message.audit.perform.batch" value="false"/>
            <cc:set name="message.audit.perform.collate" value="true"/>
        </cc:local-out>
        <cc:local-out id="AuditReq" store-message="none" routes-response-to="ErrorCatchLineRequest" endpoint="vm://INT8985_ContrLine_RefId_Update/AddToMsgAudit">
            <cc:set name="message.audit.file.name" value="'Update_Line_Reference_ID_' + props['line.attempted.count']  +'.xml'"/>
            <cc:set name="message.audit.perform.batch" value="false"/>
            <cc:set name="message.audit.perform.collate" value="true"/>
        </cc:local-out>
        <cc:async-mediation id="ErrorCatchLineRequest" routes-to="WorkdayOutSoap" handle-downstream-errors="true">
            <cc:steps/>
            <cc:send-error id="SendError" routes-to="PutErrContrLine"/>
        </cc:async-mediation>
        <cc:local-out id="PutErrContrLine" routes-response-to="LineErrorCount" endpoint="vm://wcc/PutIntegrationMessage" clone-request="true">
            <cc:set name="is.message.severity" value="'ERROR'"/>
            <cc:set name="is.message.summary" value="'Error occurred while updating Contract Line Ref Id for Contract Line = ' + props['exist.line'] + '.  See message details and audit/log files for more detail.'"/>
            <cc:set name="is.message.detail" value="context.errorMessage"/>
        </cc:local-out>
        <cc:local-out id="AddtoLineCSVSuccess" store-message="none" endpoint="vm://INT8985_ContrLine_RefId_Update/SuccessCSV"><cc:set name="prop.collate.success" value="true"/><cc:set name="prop.batch.success" value="false"/></cc:local-out>
        <cc:local-out id="PutCountInfo" endpoint="vm://wcc/PutIntegrationMessage" clone-request="true"><cc:set name="is.message.severity" value="'INFO'"/><cc:set name="is.message.summary" value="'Processing Info: \nLine.Attempted Count = ' + props['line.attempted.count'] + '\nline Success Count = ' + props['line.success.count'] + '\nline Failure Count = ' + props['line.error.count']"/></cc:local-out>
        <cc:local-out id="CallEndProcessing" store-message="none" routes-response-to="IntEvent-Complete" endpoint="vm://INT8985_ContrLine_RefId_Update/EndProcessing"/>
        <cc:async-mediation id="LineErrorCount">
            <cc:steps>
                <cc:eval id="Eval">
                    <cc:expression>props['line.error.count']=props['line.error.count']+1</cc:expression>
                </cc:eval>
            </cc:steps>
        </cc:async-mediation>
        <cc:local-out id="PutSuccessMsgWithLink" execute-when="props['prop.post.target.links'] == true" routes-response-to="WriteLineSuccessRec" endpoint="vm://wcc/PutIntegrationMessage">
            <cc:set name="is.message.severity" value="'INFO'"/>
            <cc:set name="is.message.summary" value="'Successfully submitted ' + props['exist.line'] + '. Please see Message Target for link to object.'"/>
            <cc:set name="is.message.targets" value="props['prop.response.wid']"/>
            <cc:set name="is.message.targets.type" value="'WID'"/>
        </cc:local-out>
        <cc:async-mediation id="WriteLineSuccessRec" routes-to="AddtoLineCSVSuccess">
            <cc:steps>
                <cc:write id="Write">
                    <cc:message>
                        <cc:text>&#xD;
@{props['line.attempted.count']}|@{props['exist.line']}|@{props['new.line']}|@{props['prop.response.wid']}&#xD;
</cc:text>
                    </cc:message>
                </cc:write></cc:steps>
        </cc:async-mediation>
        <cc:local-out id="CallContrReport" store-message="none" routes-response-to="CallContrLineReport" endpoint="vm://INT8985_ContrLine_RefId_Update/ContractReport"/>
        <cc:local-in id="ContractUpdate" routes-to="ContrSoapReq"/>
        <cc:local-in id="ContractReport" routes-to="CRAysncMediation"/>
        <cc:async-mediation id="CRAysncMediation" routes-to="AuditXMLFileCR1">
            <cc:steps>
                <cc:eval id="IA">
                    <cc:expression>props['prop.document.retention'] = intsys.getAttribute('Document_Retention')</cc:expression>
                    <cc:expression>props['prop.post.audit.messages'] = intsys.getAttributeAsBoolean('Post_Audit_Files', true)</cc:expression>
                    <cc:expression>props['prop.post.target.links'] = intsys.getAttributeAsBoolean('Include_Target_Links', true)</cc:expression>
                    <cc:expression>props['prop.total.success.count']=0</cc:expression>
                    <cc:expression>props['prop.file.error.count']=0</cc:expression>
                    <cc:expression>props['prop.audit.messages.count']=0</cc:expression>
                    <cc:expression>props['prop.file.count'] = 0</cc:expression>
                    <cc:expression>props['prop.folder.path'] = intsys.getAttribute('Folder_Path')</cc:expression>
                </cc:eval>
                <cc:eval id="LP">
                    <cc:expression>//Launch Parameters</cc:expression>
                    <cc:expression>props['prop.contractNumber'] = lp.getReferenceData('Customer Contract', 'WID')</cc:expression>
                    <cc:expression>//Report SOAP URL</cc:expression>
                    <cc:expression>props['prop.contract.report.url'] = intsys.reportService.getExtrapath('Contract_RS')</cc:expression>
                    <cc:expression>props['prop.contract.report.url.endpoint'] = parts[0].xpath(&quot;concat(\'&quot;+props['assembly.gateway.address']+&quot;/\',replace(\'&quot;+props['prop.contract.report.url']+&quot;\',\'customreport2\',\'Report2\'))&quot;)</cc:expression>
                    <cc:expression>props['contract.attachment.report.url'] = intsys.reportService.getExtrapath('ContractAttach_RS')</cc:expression>
                    <cc:expression>props['contract.attachment.report.url.endpoint'] = parts[0].xpath(&quot;concat(\'&quot;+props['assembly.gateway.address']+&quot;/\',replace(\'&quot;+props['contract.attachment.report.url']+&quot;\',\'customreport2\',\'Report2\'))&quot;)</cc:expression>
                </cc:eval>
                <cc:validate-exp id="ValidateExp">
                    <cc:expression error-number="101" failure-message="Contract Number is not valid">props['prop.contractNumber'] != ''</cc:expression>
                </cc:validate-exp>
                <cc:log id="Log0">
                    <cc:log-message>
                        <cc:text>--------------- Contract_RS  ----------------------------------------&#xD;
props['prop.contractNumber'] = @{props['prop.contractNumber']}&#xD;
props['prop.document.retention']  = @{props['prop.document.retention']}&#xD;
props['prop.post.audit.messages'] = @{props['prop.post.audit.messages']}&#xD;
props['prop.post.target.links'] = @{props['prop.post.target.links']}&#xD;
props['prop.contract.report.url'] = @{props['prop.contract.report.url']}&#xD;
props['prop.contract.report.url.endpoint'] = @{props['prop.contract.report.url.endpoint']}&#xD;
&#xD;
</cc:text>
                        <cc:message-content/>
                    </cc:log-message>
                </cc:log>
                <cc:eval id="ContractCounts">
                    <cc:expression>props['contract.attempted.count']=0</cc:expression>
                    <cc:expression>props['contract.success.count']=0</cc:expression>
                    <cc:expression>props['contract.error.count']=0</cc:expression>
                </cc:eval>
                <cc:write id="Write">
                    <cc:message>
                        <cc:text>&lt;?xml version=&quot;1.0&quot; encoding=&quot;UTF-8&quot;?>&#xD;
&lt;env:Envelope&#xD;
    xmlns:env=&quot;http://schemas.xmlsoap.org/soap/envelope/&quot;&#xD;
    xmlns:xsd=&quot;http://www.w3.org/2001/XMLSchema&quot;&#xD;
    xmlns:wd=&quot;urn:com.workday/bsvc&quot;&#xD;
    xmlns:wsse=&quot;http://docs.oasis-open.org/wss/2004/01/oasis-200401-wss-wssecurity-secext-1.0.xsd&quot;>&#xD;
	&lt;env:Header>&#xD;
		&lt;wsse:Security env:mustUnderstand=&quot;1&quot;>&#xD;
			&lt;wsse:UsernameToken>&#xD;
				&lt;wsse:Username>@{props['wss.usernametoken.username']}&lt;/wsse:Username>&#xD;
				&lt;wsse:Password Type=&quot;http://docs.oasis-open.org/wss/2004/01/oasis-200401-wss-username-token-profile-1.0#PasswordText&quot;>@{props['wss.usernametoken.password']}&lt;/wsse:Password>&#xD;
			&lt;/wsse:UsernameToken>&#xD;
		&lt;/wsse:Security>&#xD;
	&lt;/env:Header>&#xD;
	&lt;env:Body>&#xD;
		&lt;wd:Execute_Report>&#xD;
			&lt;wd:Report_Parameters>&#xD;
				&lt;wd:Customer_Contract>&#xD;
					&lt;wd:ID wd:type=&quot;WID&quot;>@{props['prop.contractNumber']}&lt;/wd:ID>&#xD;
				&lt;/wd:Customer_Contract>&#xD;
			&lt;/wd:Report_Parameters>&#xD;
		&lt;/wd:Execute_Report>&#xD;
	&lt;/env:Body>&#xD;
&lt;/env:Envelope>&#xD;
</cc:text>
                    </cc:message>
                </cc:write>
                <cc:log id="Log">
                    <cc:log-message>
                        <cc:text>--------------- Contract_RS  ----------------------------------------&#xD;
</cc:text>
                        <cc:message-content/>
                    </cc:log-message>
                </cc:log>
            </cc:steps>
        </cc:async-mediation>
        <cc:local-out id="AuditXMLFileCR1" store-message="none" routes-response-to="HttpOutCR" endpoint="vm://INT8985_ContrLine_RefId_Update/AddToMsgAudit"><cc:set name="message.audit.file.name" value="props['contract.attempted.count'] + '_Report_Request_Contracts.xml'"/><cc:set name="message.audit.perform.batch" value="false"/><cc:set name="message.audit.perform.collate" value="true"/></cc:local-out>
        <cc:http-out id="HttpOutCR" routes-response-to="AuditXMLCR2" endpoint="@{props['prop.contract.report.url.endpoint']}" http-method="POST"/>
        <cc:local-out id="AuditXMLCR2" store-message="none" routes-response-to="ValidationContractDataExists" endpoint="vm://INT8985_ContrLine_RefId_Update/AddToMsgAudit"><cc:set name="message.audit.perform.collate" value="true"/><cc:set name="message.audit.perform.batch " value="false"/><cc:set name="message.audit.file.name" value="props['contract.attempted.count'] + '_Report_Response_Contracts.xml'"/></cc:local-out>
        <cc:async-mediation id="ValidationContractDataExists" routes-to="ReadContract">
           <cc:steps>
                <cc:log id="Log">
                    <cc:log-message>
                        <cc:text>&#xD;
&#xD;
</cc:text>
                        <cc:message-content/>
                    </cc:log-message>
                </cc:log>
                <cc:eval id="Eval">
                    <cc:expression>props['prop.file.not.empty'] = parts[0].xstreamB('/env:Envelope/env:Body/wd:Report_Data/wd:Report_Entry')</cc:expression>
                    <cc:expression>props['prop.file.count'] = props['prop.file.count'] + 1</cc:expression>
                </cc:eval>
                <cc:validate-exp id="ValidateRepData">
                    <cc:expression failure-message="No Data Returned from the Contract Report">parts[0].xstreamB('/env:Envelope/env:Body/wd:Report_Data/wd:Report_Entry')</cc:expression>
                </cc:validate-exp>
            </cc:steps>
            <cc:send-error id="SendError" routes-to="PutNoContractMsg"/>
        </cc:async-mediation>
        <cc:async-mediation id="ValidationContractLineDataExists" routes-to="Splitter">
           <cc:steps>
                <cc:log id="Log">
                    <cc:log-message>
                        <cc:text>&#xD;
&#xD;
</cc:text>
                        <cc:message-content/>
                    </cc:log-message>
                </cc:log>
                <cc:eval id="Eval">
                    <cc:expression>props['prop.file.not.empty'] = parts[0].xstreamB('/env:Envelope/env:Body/wd:Report_Data/wd:Report_Entry')</cc:expression>
                    <cc:expression>props['prop.file.count'] = props['prop.file.count'] + 1</cc:expression>
                </cc:eval>
                <cc:validate-exp id="ValidateRepData">
                    <cc:expression failure-message="No data returned from the Contract Line Report">parts[0].xstreamB('/env:Envelope/env:Body/wd:Report_Data/wd:Report_Entry')</cc:expression>
                </cc:validate-exp>
            </cc:steps>
            <cc:send-error id="SendError" routes-to="PutNoLineMsg"/>
        </cc:async-mediation>
        <cc:splitter id="ReadContract">
            <cc:sub-route name="SubRoute" routes-to="AMProcessContract"/>
            <cc:xml-stream-splitter xpath="/env:Envelope/env:Body/wd:Report_Data/wd:Report_Entry"/>
        </cc:splitter>
        <cc:async-mediation id="AMProcessContract" routes-to="PutContractMsg">
            <cc:steps>
                <cc:copy id="Copy" output="variable" output-variable="var.incoming.request"/>
                <cc:log id="Log">
                    <cc:log-message>
                        <cc:text>&#xD;
&#xD;
&#xD;
--------------- After Split ----------------------------------------</cc:text>
                        <cc:message-content/>
                    </cc:log-message>
                </cc:log>
                <cc:eval id="Eval"><cc:expression>props['contract.attempted.count']=props['contract.attempted.count'] + 1</cc:expression>
                    <cc:expression>props['contract_num']=parts[0].xpath(&quot;/wd:Report_Entry/wd:Contract_Number&quot;)</cc:expression>
                    <cc:expression>props['new.ref_Type'] = parts[0].xpath(&quot;/wd:Report_Entry/wd:Reference_ID_Type_XML_Name&quot;)</cc:expression>
                    <cc:expression>props['exist.contract']=parts[0].xpath(&quot;/wd:Report_Entry/wd:Existing_Ref_ID&quot;)</cc:expression>
                    <cc:expression>props['new.contract']=parts[0].xpath(&quot;/wd:Report_Entry/wd:New_Ref_id&quot;)</cc:expression>
                    <cc:expression>props['date.completed']=parts[0].xpath(&quot;/wd:Report_Entry/wd:DateCompleted&quot;)</cc:expression>
                    <cc:expression>props['amendment.count']=parts[0].xpath(&quot;/wd:Report_Entry/wd:AmendmentCounts&quot;)</cc:expression>
                    <cc:expression>props['has.amendments'] = parts[0].xpath(&quot;/wd:Report_Entry/wd:HasAmendments&quot;)</cc:expression>
                    <cc:expression>props['amendment.version'] = parts[0].xpath(&quot;/wd:Report_Entry/wd:Version&quot;)</cc:expression>
                    <cc:expression>if(props['has.amendments'] == true) {	&#xD;
	if(props['amendment.count'] > 1 ) {&#xD;
		props['amendment.index'] = props['amendment.count'] - 1;&#xD;
		props['start.date'] = parts[0].xpath(&quot;/wd:Report_Entry/wd:AmendmentEventGroup[&quot; + props['amendment.index'].toString() + &quot;]/wd:AmendmentDateCompleted&quot;);&#xD;
		props['end.date'] = parts[0].xpath(&quot;/wd:Report_Entry/wd:AmendmentEventGroup[&quot; + props['amendment.count'] + &quot;]/wd:AmendmentDateCompleted&quot;);&#xD;
	} 	else {&#xD;
			props['start.date'] = props['date.completed'];&#xD;
			props['end.date'] = parts[0].xpath(&quot;/wd:Report_Entry/wd:AmendmentEventGroup[&quot; + props['amendment.count'] + &quot;]/wd:AmendmentDateCompleted&quot;);&#xD;
  	} &#xD;
} else {&#xD;
  	props['start.date'] = '2000-01-01T00:00:00';&#xD;
  	props['end.date'] = props['date.completed'];&#xD;
}</cc:expression>
                    <cc:expression>props['cust.id'] = parts[0].xpath(&quot;/wd:Report_Entry/wd:CustomerID&quot;)</cc:expression></cc:eval>
                <cc:log id="Log0">
                    <cc:log-message>
                        <cc:text>Existing Contract Ref - @{props['exist.contract']} &#xD;
New Contract Ref - @{props['new.contract']} &#xD;
Has Amendment - @{props['has.amendments']}&#xD;
Amendement Count - @{props['amendment.count']}&#xD;
Date Completed - @{props['date.completed']}&#xD;
Start Date - @{props['start.date']}&#xD;
End Date -@{props['end.date']}</cc:text>
                    </cc:log-message>
                </cc:log>
            </cc:steps>
        </cc:async-mediation>
        <cc:local-out id="CallContractUpdate" store-message="none" execute-when="props['exist.contract'] != props['new.contract']" routes-response-to="PutCountInfo2" endpoint="vm://INT8985_ContrLine_RefId_Update/ContractUpdate"/>
        <cc:local-out id="PutContractMsg" routes-response-to="CallContractUpdate" endpoint="vm://wcc/PutIntegrationMessage"><cc:set name="is.message.severity" value="'INFO'"/><cc:set name="is.message.summary" value="'Processing Contract: ' + props['contract_num'] + ' Updating Ref ID from:' + props['exist.contract'] + ' to:' + props['new.contract']"/></cc:local-out>
        <cc:local-out id="PutCountInfo2" endpoint="vm://wcc/PutIntegrationMessage"><cc:set name="is.message.severity" value="'INFO'"/><cc:set name="is.message.summary" value="'Processing Info: \nContract Attempted Count = ' + props['contract.attempted.count'] + '\nContract Success Count = ' + props['contract.success.count'] + '\nContract Failure Count = ' + props['contract.error.count'] "/></cc:local-out>
        <cc:local-out id="PutNoContractMsg" endpoint="vm://wcc/PutIntegrationMessage"><cc:set name="is.message.severity" value="'INFO'"/><cc:set name="is.message.summary" value="context.errorMessage"/><cc:set name="is.message.detail" value="context.errorMessage"/></cc:local-out>
        <cc:async-mediation id="ContrSoapReq" routes-to="AuditContrReq">
            <cc:steps>
                <cc:write id="Write">
                    <cc:message>
                        <cc:text>&lt;?xml version=&quot;1.0&quot; encoding=&quot;UTF-8&quot;?>&#xD;
&lt;env:Envelope&#xD;
    xmlns:env=&quot;http://schemas.xmlsoap.org/soap/envelope/&quot;&#xD;
    xmlns:xsd=&quot;http://www.w3.org/2001/XMLSchema&quot;>&#xD;
    &lt;env:Body>&#xD;
        &lt;wd:Put_Reference_Request xmlns:wd=&quot;urn:com.workday/bsvc&quot; wd:version=&quot;v30.2&quot;>&#xD;
            &lt;wd:Reference_ID_Data>&#xD;
                &lt;wd:ID>@{props['exist.contract']}&lt;/wd:ID>&#xD;
                &lt;wd:New_ID>@{props['new.contract']}&lt;/wd:New_ID>&#xD;
                &lt;wd:Reference_ID_Type>@{props['new.ref_Type']}&lt;/wd:Reference_ID_Type>&#xD;
            &lt;/wd:Reference_ID_Data>&#xD;
        &lt;/wd:Put_Reference_Request>&#xD;
    &lt;/env:Body>&#xD;
&lt;/env:Envelope></cc:text>
                    </cc:message>
                </cc:write></cc:steps>
        </cc:async-mediation>
        <cc:local-out id="AuditContrReq" store-message="none" routes-response-to="ErrorCatchContrRequest" endpoint="vm://INT8985_ContrLine_RefId_Update/AddToMsgAudit"><cc:set name="message.audit.file.name" value="props['contract.attempted.count'] + '_Update_Contract_Reference_ID_' + props['contract.attempted.count']  +'.xml'"/><cc:set name="message.audit.perform.batch" value="false"/><cc:set name="message.audit.perform.collate" value="true"/></cc:local-out>
        <cc:async-mediation id="ErrorCatchContrRequest" routes-to="ContrRefSoapRequest" handle-downstream-errors="true">
            <cc:steps/>
            <cc:send-error id="SendError" routes-to="PutErrContr"/>
        </cc:async-mediation>
        <cc:workday-out-soap id="ContrRefSoapRequest" routes-response-to="checkContrSoapResponse" application="Integrations" version="v30.2"/>
        <cc:async-mediation id="checkContrSoapResponse" routes-to="PutContrSuccessMsgWithLink">
            <cc:steps>
                <cc:eval id="ResponseProps">
                    <cc:expression>props['contract.success.count']=props['contract.success.count'] +1</cc:expression>
                    <cc:expression>props['prop.total.success.count'] = props['prop.total.success.count']+1</cc:expression><cc:expression>props['prop.response.id'] = parts[0].xpath(&quot;/env:Envelope/env:Body/*/*/wd:ID[@wd:type != 'WID']/text()&quot;)</cc:expression><cc:expression>props['prop.response.status'] = (props['prop.response.id'].isEmpty() == false) ? 'Success' : 'Failed'</cc:expression><cc:expression>props['prop.submission.successfull']  =  (props['prop.response.id'].isEmpty() == false) ? true : false</cc:expression><cc:expression>props['prop.response.wid'] = parts[0].xpath(&quot;/env:Envelope/env:Body/*/*/wd:ID[@wd:type = 'WID']/text()&quot;)</cc:expression></cc:eval>
            </cc:steps>
        </cc:async-mediation>
        <cc:local-out id="PutContrSuccessMsgWithLink" execute-when="props['prop.post.target.links'] == true" routes-response-to="WriteContrSuccessRec" endpoint="vm://wcc/PutIntegrationMessage"><cc:set name="is.message.severity" value="'INFO'"/><cc:set name="is.message.summary" value="'Successfully submitted ' + props['exist.contract'] + '.  Please see Message Target for link to object.'"/><cc:set name="is.message.targets" value="props['prop.response.wid']"/><cc:set name="is.message.targets.type" value="'WID'"/></cc:local-out>
        <cc:async-mediation id="WriteContrSuccessRec" routes-to="AddContCSVSuccess">
            <cc:steps>
                <cc:write id="Write">
                    <cc:message>
                        <cc:text>&#xD;
@{props['contract.attempted.count']}|@{props['exist.contract']}|@{props['new.contract']}|@{props['prop.response.wid']}&#xD;
</cc:text>
                    </cc:message>
                </cc:write>
            </cc:steps>
        </cc:async-mediation>
        <cc:local-out id="AddContCSVSuccess" store-message="none" endpoint="vm://INT8985_ContrLine_RefId_Update/SuccessCSV"/>
        <cc:local-out id="PutErrContr" routes-response-to="ContrErrorCount" endpoint="vm://wcc/PutIntegrationMessage"><cc:set name="is.message.severity" value="'ERROR'"/><cc:set name="is.message.summary" value="'Error occurred while updating Contract Ref Id for Contract = ' + props['contract_num'] + '.  See message details and audit/log files for more detail.'"/><cc:set name="is.message.detail" value="context.errorMessage"/></cc:local-out>
        <cc:async-mediation id="ContrErrorCount">
            <cc:steps>
                <cc:eval id="Eval">
                    <cc:expression>props['contract.error.count']=props['contract.error.count']+1</cc:expression>
                </cc:eval>
            </cc:steps>
        </cc:async-mediation>
        <cc:local-in id="RetrieveContractAttachments" routes-to="CallContractAttachmentsReport"/>
        <cc:async-mediation id="CallContractAttachmentsReport" routes-to="AuditRequest" handle-downstream-errors="true">
            <cc:steps>
                <cc:log id="Log">
                    <cc:log-message>
                        <cc:message-content/>
                        <cc:text>Contract Number: @{props['contract_num']}&#xD;
Start Date: @{props['start.date']}&#xD;
End Date: @{props['end.date']}&#xD;
Attachments URL: @{props['contract.attachment.report.url.endpoint']}</cc:text>
                    </cc:log-message>
                </cc:log>
                <cc:write id="Write">
                    <cc:message>
                        <cc:text>&lt;?xml version=&quot;1.0&quot; encoding=&quot;UTF-8&quot;?>&#xD;
&lt;env:Envelope&#xD;
    xmlns:env=&quot;http://schemas.xmlsoap.org/soap/envelope/&quot;&#xD;
    xmlns:xsd=&quot;http://www.w3.org/2001/XMLSchema&quot;&#xD;
    xmlns:wd=&quot;urn:com.workday/bsvc&quot;&#xD;
    xmlns:wsse=&quot;http://docs.oasis-open.org/wss/2004/01/oasis-200401-wss-wssecurity-secext-1.0.xsd&quot;>&#xD;
	&lt;env:Header>&#xD;
		&lt;wsse:Security env:mustUnderstand=&quot;1&quot;>&#xD;
			&lt;wsse:UsernameToken>&#xD;
				&lt;wsse:Username>@{props['wss.usernametoken.username']}&lt;/wsse:Username>&#xD;
				&lt;wsse:Password Type=&quot;http://docs.oasis-open.org/wss/2004/01/oasis-200401-wss-username-token-profile-1.0#PasswordText&quot;>@{props['wss.usernametoken.password']}&lt;/wsse:Password>&#xD;
			&lt;/wsse:UsernameToken>&#xD;
		&lt;/wsse:Security>&#xD;
	&lt;/env:Header>&#xD;
	&lt;env:Body>&#xD;
		&lt;wd:Execute_Report>&#xD;
			&lt;wd:Report_Parameters>&#xD;
					&lt;wd:ContractNumber>@{props['contract_num']}&lt;/wd:ContractNumber>&#xD;
					&lt;wd:CreatedOnOrAfter>@{props['start.date']}&lt;/wd:CreatedOnOrAfter>&#xD;
					&lt;wd:CreatedOnOrBefore>@{props['end.date']}&lt;/wd:CreatedOnOrBefore>&#xD;
			&lt;/wd:Report_Parameters>&#xD;
		&lt;/wd:Execute_Report>&#xD;
	&lt;/env:Body>&#xD;
&lt;/env:Envelope></cc:text>
                    </cc:message>
                </cc:write>
            </cc:steps>
            <cc:send-error id="SendError" routes-to="PutErrGetContrAtt"/>
        </cc:async-mediation>
        <cc:http-out id="RetrieveReport" routes-response-to="AuditXML" endpoint="@{props['contract.attachment.report.url.endpoint']}" http-method="POST"/>
        <cc:local-out id="AuditRequest" store-message="none" routes-response-to="RetrieveReport" endpoint="vm://INT8985_ContrLine_RefId_Update/AddToMsgAudit"><cc:set name="message.audit.file.name" value="props['contract.attempted.count'] + '_GetContractAttachmentReportRequest.xml'"/><cc:set name="message.audit.perform.batch" value="false"/><cc:set name="message.audit.perform.collate" value="true"/></cc:local-out>
        <cc:local-out id="AuditXML" store-message="none" routes-response-to="ValidationContractDataExists0" endpoint="vm://INT8985_ContrLine_RefId_Update/AddToMsgAudit"><cc:set name="message.audit.file.name" value="props['contract.attempted.count'] + '_GetContractAttachmentReportResponse.xml'"/><cc:set name="message.audit.perform.batch" value="false"/><cc:set name="message.audit.perform.collate" value="true"/></cc:local-out>
        <cc:async-mediation id="ValidationContractDataExists0" routes-to="ReadAttachmentData">
            <cc:steps>
                <cc:eval id="Eval">
                    <cc:expression>props['prop.file.not.empty'] = parts[0].xstreamB('/env:Envelope/env:Body/wd:Report_Data/wd:Report_Entry/wd:AttachmentsGroup')</cc:expression>
                    <cc:expression>props['prop.file.count'] = props['prop.file.not.empty'] == true ? props['prop.file.count'] + 1 : props['prop.file.count']</cc:expression>
                    <cc:expression>props['contract.attachment.count'] = 0</cc:expression>
                </cc:eval>
                <cc:log id="Log">
                    <cc:log-message>
                        <cc:text>**********Report Entry*************&#xD;
Attachments Exists?&#xD;
props['prop.file.not.empty'] = @{props['prop.file.not.empty']}</cc:text>
                        <cc:message-content/>
                    </cc:log-message>
                </cc:log>
                <cc:validate-exp id="ValidateRepData">
                    <cc:expression failure-message="Contract has no attachments to archive">parts[0].xstreamB('/env:Envelope/env:Body/wd:Report_Data/wd:Report_Entry/wd:AttachmentsGroup')</cc:expression>
                </cc:validate-exp>
            </cc:steps>
            <cc:send-error id="SendError" routes-to="PutNoContractMsg0"/>
        </cc:async-mediation>
        <cc:local-out id="PutNoContractMsg0" endpoint="vm://wcc/PutIntegrationMessage">
            <cc:set name="is.message.severity" value="'INFO'"/>
            <cc:set name="is.message.summary" value="context.errorMessage"/>
            <cc:set name="is.message.detail" value="context.errorMessage"/>
        </cc:local-out>
        <cc:splitter id="ReadAttachmentData">
            <cc:sub-route name="SubRoute" routes-to="ProcessContractAttachmentData"/>
            <cc:xml-stream-splitter xpath="/env:Envelope/env:Body/wd:Report_Data/wd:Report_Entry/wd:AttachmentsGroup"/>
        </cc:splitter>
        <cc:async-mediation id="ProcessContractAttachmentData" routes-to="AttachSuccessFile0">
            <cc:steps>
                <cc:eval id="Eval"><cc:expression>props['contract.attachment.count'] = props['contract.attachment.count'] + 1</cc:expression>
                    <cc:expression>props['attachment_content'] = parts[0].xpath(&quot;/wd:AttachmentsGroup/wd:AttachmentContent&quot;)</cc:expression>
                    <cc:expression>props['attachment_name'] = parts[0].xpath(&quot;/wd:AttachmentsGroup/wd:Attachment/@wd:Descriptor&quot;)</cc:expression></cc:eval>
                <cc:write id="Write" output="variable" output-variable="var.attachment_content">
                    <cc:message>
                        <cc:text>@{props['attachment_content']}</cc:text>
                    </cc:message>
                </cc:write>
                <cc:log id="Log0">
                    <cc:log-message>
                        <cc:text>Contract Number: @{props['contract_num']}&#xD;
Attachment Name: @{props['attachment_name']}&#xD;
Created Moment: @{props['created_moment']}&#xD;
&#xD;
</cc:text>
                    </cc:log-message>
                </cc:log>
                <cc:base64-decode id="Base64Decode" output="variable" output-variable="var.document" input="variable" input-variable="var.attachment_content"/>
                <cc:store id="StoreFile" output="variable" output-variable="var.contractattachment" input="variable" input-variable="var.document" collection="INT602_Files" expiresIn="P@{props['prop.document.retention'].toString()}D" title="@{props['attachment_name']}"/>
            </cc:steps>
        </cc:async-mediation>
        <cc:local-out id="AttachSuccessFile0" endpoint="vm://wcc/PutIntegrationMessage">
            <cc:set name="is.message.severity" value="'INFO'"/>
            <cc:set name="is.message.summary" value="'Saving File.'"/>
            <cc:set name="is.document.variable.name" value="'var.contractattachment'"/>
            <cc:set name="is.document.file.name" value="props['prop.folder.path'] + &quot;/&quot; + props['cust.id']+ &quot;_&quot; + props['contract_num'] +&quot;_&quot;+props['amendment.version']+&quot;_&quot; + props['contract.attachment.count']+&quot;_&quot; + props['attachment_name']"/>
            <cc:set name="is.document.deliverable" value="'true'"/>
        <cc:set name="is.document.delivery.services" value="'INT8985_Contract_Attach_DS'"/></cc:local-out>
        <cc:local-out id="CallContrAttachmentReport" store-message="none" routes-response-to="CallEndProcessing" endpoint="vm://INT8985_ContrLine_RefId_Update/RetrieveContractAttachments"/>
        <cc:local-out id="PutErrGetContrLine" endpoint="vm://wcc/PutIntegrationMessage">
            <cc:set name="is.message.severity" value="'ERROR'"/>
            <cc:set name="is.message.summary" value="'Error occurred while updating Contract Ref Id for Contract = ' + props['contract_num'] + '.  See message details and audit/log files for more detail.'"/>
            <cc:set name="is.message.detail" value="context.errorMessage"/>
        </cc:local-out>
        <cc:local-out id="PutErrGetContrAtt" endpoint="vm://wcc/PutIntegrationMessage" clone-request="true">
            <cc:set name="is.message.severity" value="'ERROR'"/>
            <cc:set name="is.message.summary" value="'Unable to retrieve contract attachments for contract number :' + props['contract_num']"/>
            <cc:set name="is.message.detail" value="context.errorMessage"/>
        </cc:local-out>
        <cc:workday-in id="INT8985-ArchiveAttachments" routes-to="AsyncMediation3">
            <cc:integration-system name="INT8985-ArchiveAttachments">
        <cloud:param name="FromDate">
          <cloud:type>
            <cloud:simple-type>date</cloud:simple-type>
          </cloud:type>
        </cloud:param>
        <cloud:param name="ToDate">
          <cloud:type>
            <cloud:simple-type>date</cloud:simple-type>
          </cloud:type>
        </cloud:param>
        <cloud:attribute-map-service name="Contract_List_AS">
          <cloud:attribute name="Document_Retention">
            <cloud:type>
              <cloud:simple-type>number</cloud:simple-type>
            </cloud:type>
          </cloud:attribute>
          <cloud:attribute name="Post_Audit_Files">
            <cloud:type>
              <cloud:simple-type>boolean</cloud:simple-type>
            </cloud:type>
          </cloud:attribute>
          <cloud:attribute name="Include_Target_Links">
            <cloud:type>
              <cloud:simple-type>boolean</cloud:simple-type>
            </cloud:type>
          </cloud:attribute>
          <cloud:attribute name="Folder_Path">
            <cloud:type>
              <cloud:simple-type>text</cloud:simple-type>
            </cloud:type>
          </cloud:attribute>
        </cloud:attribute-map-service>
        <cloud:delivery-service name="Contract_List_DS"/>
        <cloud:report-service name="Contract_List_RS">
          <cloud:report-alias description="A list of contracts that have changed with attachments being loaded." name="ContractWithNewAttachments">
            <cloud:report-reference description="INT8985-getAdditionalContractAttachments" type="WID">c422a110f3b901da85e40ce9fe254c4b</cloud:report-reference>
          </cloud:report-alias>
          <cloud:report-alias description="INT8985-RetrieveContractAttachments" name="ContractAttach_RS">
            <cloud:report-reference description="INT8985-RetrieveContractAttachments" type="WID">c422a110f3b9016e3f4243dafe25294b</cloud:report-reference>
          </cloud:report-alias>
        </cloud:report-service>
      </cc:integration-system>
        </cc:workday-in>
        <cc:local-out id="AuditContrList" store-message="none" routes-response-to="HTTPGetContList" endpoint="vm://INT8985_ContrLine_RefId_Update/AddToMsgAudit"><cc:set name="message.audit.file.name" value="'ContractList_Retrieve.xml'"/><cc:set name="message.audit.perform.batch" value="false"/><cc:set name="message.audit.perform.collate" value="true"/></cc:local-out>
        <cc:async-mediation id="AsyncMediation3" routes-to="AuditContrList">
            <cc:steps>
                <cc:eval id="IA">
                    <cc:expression>props['prop.document.retention'] = intsys.getAttribute('Document_Retention')</cc:expression>
                    <cc:expression>props['prop.post.audit.messages'] = intsys.getAttributeAsBoolean('Post_Audit_Files', true)</cc:expression>
                    <cc:expression>props['prop.post.target.links'] = intsys.getAttributeAsBoolean('Include_Target_Links', true)</cc:expression>
                    <cc:expression>props['prop.total.success.count']=0</cc:expression>
                    <cc:expression>props['prop.file.error.count']=0</cc:expression>
                    <cc:expression>props['prop.audit.messages.count']=0</cc:expression>
                    <cc:expression>props['prop.file.count'] = 0</cc:expression>
                    <cc:expression>props['prop.folder.path'] = intsys.getAttribute('Folder_Path')</cc:expression>
                </cc:eval>
                <cc:eval id="LP">
                    <cc:expression>//Report SOAP URL</cc:expression>
                    <cc:expression>props['prop.contractlist.report.url'] = intsys.reportService.getExtrapath('ContractWithNewAttachments')</cc:expression>
                    <cc:expression>props['contract.attachment.report.url'] = intsys.reportService.getExtrapath('ContractAttach_RS')</cc:expression>
                    <cc:expression>props['prop.contractlist.report.url.endpoint'] = parts[0].xpath(&quot;concat(\'&quot;+props['assembly.gateway.address']+&quot;/\',replace(\'&quot;+props['prop.contractlist.report.url']+&quot;\',\'customreport2\',\'Report2\'))&quot;)</cc:expression>
                    <cc:expression>props['contract.attachment.report.url.endpoint'] = parts[0].xpath(&quot;concat(\'&quot;+props['assembly.gateway.address']+&quot;/\',replace(\'&quot;+props['contract.attachment.report.url']+&quot;\',\'customreport2\',\'Report2\'))&quot;)</cc:expression>
                    <cc:expression>props['from.date'] = lp.getSimpleData('FromDate')</cc:expression>
                    <cc:expression>props['to.date'] = lp.getSimpleData('ToDate')</cc:expression>
                    <cc:expression>if(props['from.date'] == null) {&#xD;
	props['from.date'] = props['to.date'];&#xD;
}</cc:expression>
                    <cc:expression>props['start.date'] = props['from.date'].substring(0,11) + &quot;00:00:00&quot;</cc:expression>
                    <cc:expression>props['end.date'] = props['to.date'].substring(0,11) + &quot;23:59:00&quot;</cc:expression>
                </cc:eval>
                <cc:log id="Log0">
                    <cc:log-message>
                        <cc:text>--------------- Archive_Attachments_RS  ----------------------------------------&#xD;
props['prop.document.retention']  = @{props['prop.document.retention']}&#xD;
props['prop.post.audit.messages'] = @{props['prop.post.audit.messages']}&#xD;
props['prop.post.target.links'] = @{props['prop.post.target.links']}&#xD;
props['prop.contractlist.report.url'] = @{props['prop.contract.report.url']}&#xD;
props['contract.attachment.report.url'] = @{props['prop.contract.report.url.endpoint']}&#xD;
props['prop.contractlist.report.url.endpoint'] = @{props['prop.contractlist.report.url.endpoint']}&#xD;
props['contract.attachment.report.url.endpoint'] = @{props['contract.attachment.report.url.endpoint']}&#xD;
props['from.date'] = @{props['from.date']}&#xD;
props['to.date'] = @{props['to.date']}&#xD;
props['start.date'] = @{props['start.date']}&#xD;
props['end.date'] = @{props['end.date']}&#xD;
</cc:text>
                        <cc:message-content/>
                    </cc:log-message>
                </cc:log>
                <cc:eval id="ContractCounts">
                    <cc:expression>props['contract.attempted.count']=0</cc:expression>
                    <cc:expression>props['contract.success.count']=0</cc:expression>
                    <cc:expression>props['contract.error.count']=0</cc:expression>
                </cc:eval>
                <cc:write id="Write">
                    <cc:message>
                        <cc:text>&lt;?xml version=&quot;1.0&quot; encoding=&quot;UTF-8&quot;?>&#xD;
&lt;env:Envelope&#xD;
    xmlns:env=&quot;http://schemas.xmlsoap.org/soap/envelope/&quot;&#xD;
    xmlns:xsd=&quot;http://www.w3.org/2001/XMLSchema&quot;&#xD;
    xmlns:wd=&quot;urn:com.workday/bsvc&quot;&#xD;
    xmlns:wsse=&quot;http://docs.oasis-open.org/wss/2004/01/oasis-200401-wss-wssecurity-secext-1.0.xsd&quot;>&#xD;
	&lt;env:Header>&#xD;
		&lt;wsse:Security env:mustUnderstand=&quot;1&quot;>&#xD;
			&lt;wsse:UsernameToken>&#xD;
				&lt;wsse:Username>@{props['wss.usernametoken.username']}&lt;/wsse:Username>&#xD;
				&lt;wsse:Password Type=&quot;http://docs.oasis-open.org/wss/2004/01/oasis-200401-wss-username-token-profile-1.0#PasswordText&quot;>@{props['wss.usernametoken.password']}&lt;/wsse:Password>&#xD;
			&lt;/wsse:UsernameToken>&#xD;
		&lt;/wsse:Security>&#xD;
	&lt;/env:Header>&#xD;
	&lt;env:Body>&#xD;
		&lt;wd:Execute_Report>&#xD;
			&lt;wd:Report_Parameters>&#xD;
				&lt;StartDateTime>@{props['start.date']}&lt;/StartDateTime>&#xD;
				&lt;EndDateTime>@{props['end.date']}&lt;/EndDateTime>&#xD;
			&lt;/wd:Report_Parameters>&#xD;
		&lt;/wd:Execute_Report>&#xD;
	&lt;/env:Body>&#xD;
&lt;/env:Envelope>&#xD;
</cc:text>
                    </cc:message>
                </cc:write>
                <cc:log id="Log">
                    <cc:log-message>
                        <cc:text>---------Report Input------</cc:text>
                        <cc:message-content/>
                    </cc:log-message>
                </cc:log>
            </cc:steps>
        </cc:async-mediation>
        <cc:http-out id="HTTPGetContList" routes-response-to="AuditXMLCReq" endpoint="@{props['prop.contractlist.report.url.endpoint']}" http-method="POST"/>
        <cc:local-out id="AuditXMLCReq" store-message="none" routes-response-to="ValidationContractListDataExists" endpoint="vm://INT8985_ContrLine_RefId_Update/AddToMsgAudit"><cc:set name="message.audit.file.name" value="'ContractReq.xml'"/><cc:set name="message.audit.perform.batch" value="false"/><cc:set name="message.audit.perform.collate" value="true"/></cc:local-out>
        <cc:async-mediation id="ValidationContractListDataExists" routes-to="ReadContractList">
            <cc:steps>
                <cc:log id="Log">
                    <cc:log-message>
                        <cc:text>&#xD;
&#xD;
</cc:text>
                        <cc:message-content/>
                    </cc:log-message>
                </cc:log>
                <cc:eval id="Eval">
                    <cc:expression>props['prop.file.not.empty'] = parts[0].xstreamB('/env:Envelope/env:Body/wd:Report_Data/wd:Report_Entry')</cc:expression>
                    <cc:expression>props['prop.file.count'] = props['prop.file.count'] + 1</cc:expression>
                </cc:eval>
                <cc:validate-exp id="ValidateRepData">
                    <cc:expression failure-message="No Data Returned from the Contract List Report">parts[0].xstreamB('/env:Envelope/env:Body/wd:Report_Data/wd:Report_Entry')</cc:expression>
                </cc:validate-exp>
            </cc:steps>
            <cc:send-error id="SendError" routes-to="PutNoContractMsg1"/>
        </cc:async-mediation>
        <cc:splitter id="ReadContractList">
            <cc:sub-route name="SubRoute" routes-to="AMProcessContractList"/>
            <cc:xml-stream-splitter xpath="/env:Envelope/env:Body/wd:Report_Data/wd:Report_Entry"/>
        </cc:splitter>
        <cc:async-mediation id="AMProcessContractList" routes-to="CallRetrieveAttachments">
            <cc:steps>
                <cc:copy id="Copy" output="variable" output-variable="var.incoming.request"/>
                <cc:log id="Log">
                    <cc:log-message>
                        <cc:text>--------------- After Split ----------------------------------------</cc:text>
                        <cc:message-content/>
                    </cc:log-message>
                </cc:log>
                <cc:eval id="Eval">
                    <cc:expression>props['contract_num'] = parts[0].xpath(&quot;/wd:Report_Entry/wd:ContractNumber&quot;)</cc:expression>
                    <cc:expression>props['cust.id'] = parts[0].xpath(&quot;/wd:Report_Entry/wd:CustomerID&quot;)</cc:expression>
                    <cc:expression>props['amendment.version'] = parts[0].xpath(&quot;/wd:Report_Entry/wd:Version&quot;)</cc:expression>
                    <cc:expression>props['contract.attempted.count'] = props['contract.attempted.count'] + 1</cc:expression>
                </cc:eval>
                <cc:log id="Log0">
                    <cc:log-message>
                        <cc:message-content/>
                        <cc:text>Contract Number: {props['contract_num']}&#xD;
Start Date: {props['start.date']}&#xD;
End Date: {props['end.date']}</cc:text>
                    </cc:log-message>
                </cc:log>
            </cc:steps>
        </cc:async-mediation>
        <cc:local-out id="PutNoContractMsg1" endpoint="vm://wcc/PutIntegrationMessage">
            <cc:set name="is.message.severity" value="'INFO'"/>
            <cc:set name="is.message.summary" value="context.errorMessage"/>
            <cc:set name="is.message.detail" value="context.errorMessage"/>
        </cc:local-out>
        <cc:local-out id="CallRetrieveAttachments" store-message="none" endpoint="vm://INT8985_ContrLine_RefId_Update/RetrieveContractAttachments"/>
    </cc:assembly>

</beans>