<?xml version="1.0" encoding="UTF-8"?>
<wdnm:Diagram xmlns:wdnm="http://workday.com/studio/editors/notation">
  <element href="assembly.xml#WorkdayAssembly"/>
  <visualProperties x="46" y="129">
    <element href="assembly.xml#StartHere"/>
  </visualProperties>
  <visualProperties x="208" y="84">
    <element href="assembly.xml#SetupParams"/>
  </visualProperties>
  <visualProperties x="353" y="129">
    <element href="assembly.xml#CallProcessOrgUnits"/>
  </visualProperties>
  <visualProperties x="553" y="129">
    <element href="assembly.xml#CallCreateLogs"/>
  </visualProperties>
  <visualProperties x="1021" y="129">
    <element href="assembly.xml#IntegrationComplete"/>
  </visualProperties>
  <visualProperties x="39" y="406">
    <element href="assembly.xml#ProcessOrgUnits"/>
  </visualProperties>
  <visualProperties x="210" y="363">
    <element href="assembly.xml#RouteProcessOrgUnits"/>
  </visualProperties>
  <visualProperties x="425" y="473">
    <element href="assembly.xml#CallProcessDivisions"/>
  </visualProperties>
  <visualProperties x="680" y="473">
    <element href="assembly.xml#CallCloseDivAggr"/>
  </visualProperties>
  <visualProperties x="902" y="466">
    <element href="assembly.xml#UpdatePercent20"/>
  </visualProperties>
  <visualProperties x="427" y="515">
    <element href="assembly.xml#CallProcessCostCenters"/>
  </visualProperties>
  <visualProperties x="676" y="515">
    <element href="assembly.xml#CallCloseCostCenterAggr"/>
  </visualProperties>
  <visualProperties x="908" y="508">
    <element href="assembly.xml#UpdatePercent40"/>
  </visualProperties>
  <visualProperties x="414" y="594">
    <element href="assembly.xml#CallProcessLocations"/>
  </visualProperties>
  <visualProperties x="643" y="594">
    <element href="assembly.xml#CallCloseLocationAggr"/>
  </visualProperties>
  <visualProperties x="877" y="594">
    <element href="assembly.xml#UpdatePercent60"/>
  </visualProperties>
  <visualProperties x="414" y="630">
    <element href="assembly.xml#CallProcessJobFamilyGroups"/>
  </visualProperties>
  <visualProperties x="888" y="630">
    <element href="assembly.xml#CallClosePositionAggr"/>
  </visualProperties>
  <visualProperties x="1107" y="630">
    <element href="assembly.xml#UpdatePercent80"/>
  </visualProperties>
  <visualProperties x="413" y="674">
    <element href="assembly.xml#CallProcessManagementLevels"/>
  </visualProperties>
  <visualProperties x="675" y="674">
    <element href="assembly.xml#UpdatePercent95"/>
  </visualProperties>
  <visualProperties x="46" y="940">
    <element href="assembly.xml#ProcessDivisions"/>
  </visualProperties>
  <visualProperties x="246" y="881">
    <element href="assembly.xml#CatchDivReportErrors"/>
  </visualProperties>
  <visualProperties x="440" y="924">
    <element href="assembly.xml#DivisionsReport"/>
  </visualProperties>
  <visualProperties x="440" y="967">
    <element href="assembly.xml#CallLogDivReportErr"/>
  </visualProperties>
  <visualProperties x="624" y="874">
    <element href="assembly.xml#SplitDivisions"/>
  </visualProperties>
  <visualProperties x="779" y="940">
    <element href="assembly.xml#ProcessDivision"/>
  </visualProperties>
  <visualProperties x="982" y="980">
    <element href="assembly.xml#CallAggregateDivision"/>
  </visualProperties>
  <visualProperties x="982" y="1029">
    <element href="assembly.xml#CallLogProcessDivisionError"/>
  </visualProperties>
  <visualProperties x="58" y="1377">
    <element href="assembly.xml#AggregateDivisions"/>
  </visualProperties>
  <visualProperties x="257" y="1343">
    <element href="assembly.xml#CatchDivAggrErrors"/>
  </visualProperties>
  <visualProperties x="457" y="1330">
    <element href="assembly.xml#DivisionAggregator"/>
  </visualProperties>
  <visualProperties x="629" y="1364">
    <element href="assembly.xml#CallDivisionSOAPOut"/>
  </visualProperties>
  <visualProperties x="457" y="1444">
    <element href="assembly.xml#CallLogProcessDivisionAggrError"/>
  </visualProperties>
  <visualProperties x="73" y="1673">
    <element href="assembly.xml#ProcessCostCenters"/>
  </visualProperties>
  <visualProperties x="265" y="1630">
    <element href="assembly.xml#CatchCCReportErrors"/>
  </visualProperties>
  <visualProperties x="459" y="1673">
    <element href="assembly.xml#CostCenterReport"/>
  </visualProperties>
  <visualProperties x="459" y="1716">
    <element href="assembly.xml#CallLogCCHReportErr"/>
  </visualProperties>
  <visualProperties x="643" y="1623">
    <element href="assembly.xml#SplitCC"/>
  </visualProperties>
  <visualProperties x="975" y="1693">
    <element href="assembly.xml#ProcessCostCenter"/>
  </visualProperties>
  <visualProperties x="1182" y="1732">
    <element href="assembly.xml#CallAggregateCC"/>
  </visualProperties>
  <visualProperties x="1182" y="1776">
    <element href="assembly.xml#CallLogProcessCCError"/>
  </visualProperties>
  <visualProperties x="105" y="1895">
    <element href="assembly.xml#AggregateCostCenter"/>
  </visualProperties>
  <visualProperties x="304" y="1861">
    <element href="assembly.xml#CatchCCAggrErrors"/>
  </visualProperties>
  <visualProperties x="504" y="1848">
    <element href="assembly.xml#CCAggregator"/>
  </visualProperties>
  <visualProperties x="506" y="1961">
    <element href="assembly.xml#CallLogProcessCCAggrError"/>
  </visualProperties>
  <visualProperties x="676" y="1882">
    <element href="assembly.xml#CallCCSOAPOut"/>
  </visualProperties>
  <visualProperties x="77" y="2723">
    <element href="assembly.xml#ProcessLocationHierarchies"/>
  </visualProperties>
  <visualProperties x="68" y="3109">
    <element href="assembly.xml#AggregateLocations"/>
  </visualProperties>
  <visualProperties x="330" y="2679">
    <element href="assembly.xml#CatchLocReportErrors"/>
  </visualProperties>
  <visualProperties x="342" y="3074">
    <element href="assembly.xml#CatchLHAggrErrors"/>
  </visualProperties>
  <visualProperties x="524" y="2722">
    <element href="assembly.xml#LocationHierarchyReport"/>
  </visualProperties>
  <visualProperties x="524" y="2765">
    <element href="assembly.xml#CallLogLocReportErr"/>
  </visualProperties>
  <visualProperties x="736" y="2672">
    <element href="assembly.xml#SplitLH"/>
  </visualProperties>
  <visualProperties x="866" y="2737">
    <element href="assembly.xml#ProcessLocationHierarchy"/>
  </visualProperties>
  <visualProperties x="1091" y="2773">
    <element href="assembly.xml#CallAggregateLH"/>
  </visualProperties>
  <visualProperties x="1089" y="2825">
    <element href="assembly.xml#CallLogProcessLHError"/>
  </visualProperties>
  <visualProperties x="548" y="3074">
    <element href="assembly.xml#LHAggregator"/>
  </visualProperties>
  <visualProperties x="548" y="3183">
    <element href="assembly.xml#CallLogProcessLHAggrError"/>
  </visualProperties>
  <visualProperties x="695" y="3108">
    <element href="assembly.xml#CallLHSOAPOut"/>
  </visualProperties>
  <visualProperties x="83" y="2907">
    <element href="assembly.xml#ProcessLocations"/>
  </visualProperties>
  <visualProperties x="504" y="2849">
    <element href="assembly.xml#SplitLocations"/>
  </visualProperties>
  <visualProperties x="662" y="2917">
    <element href="assembly.xml#ProcessLocation"/>
  </visualProperties>
  <visualProperties x="864" y="2961">
    <element href="assembly.xml#CallAggregateLocations"/>
  </visualProperties>
  <visualProperties x="864" y="3007">
    <element href="assembly.xml#CallLogProcessLocationError"/>
  </visualProperties>
  <visualProperties x="70" y="3603">
    <element href="assembly.xml#ProcessJobFamilyGroups"/>
  </visualProperties>
  <visualProperties x="303" y="3559">
    <element href="assembly.xml#CreateGetJobFamilyGroupsRequest"/>
  </visualProperties>
  <visualProperties x="578" y="3647">
    <element href="assembly.xml#CallLogPositionReportErr"/>
  </visualProperties>
  <visualProperties x="785" y="3539">
    <element href="assembly.xml#SplitJobFamilyGroups"/>
  </visualProperties>
  <visualProperties x="975" y="3603">
    <element href="assembly.xml#ProcessJobFamilyGroup"/>
  </visualProperties>
  <visualProperties x="1225" y="3689">
    <element href="assembly.xml#CallLogProcessJobFamilyGroupError"/>
  </visualProperties>
  <visualProperties x="93" y="4233">
    <element href="assembly.xml#ProcessPositions"/>
  </visualProperties>
  <visualProperties x="336" y="4197">
    <element href="assembly.xml#CatchPositionReportErrors"/>
  </visualProperties>
  <visualProperties x="540" y="4387">
    <element href="assembly.xml#PositionAggregator"/>
  </visualProperties>
  <visualProperties x="729" y="4421">
    <element href="assembly.xml#CallPositionSOAPOut"/>
  </visualProperties>
  <visualProperties x="94" y="4745">
    <element href="assembly.xml#ProcessMgmtLevels"/>
  </visualProperties>
  <visualProperties x="298" y="4701">
    <element href="assembly.xml#WriteMgmtLvlWSReq"/>
  </visualProperties>
  <visualProperties x="469" y="4738">
    <element href="assembly.xml#CallMgmtLvlSOAPOut"/>
  </visualProperties>
  <visualProperties x="468" y="4789">
    <element href="assembly.xml#CallLogPrepMgmtLvlErr"/>
  </visualProperties>
  <visualProperties x="93" y="5055">
    <element href="assembly.xml#OUSOAPOutProcess"/>
  </visualProperties>
  <visualProperties x="308" y="4999">
    <element href="assembly.xml#SOAPstep"/>
  </visualProperties>
  <visualProperties x="648" y="5021">
    <element href="assembly.xml#HttpOut"/>
  </visualProperties>
  <visualProperties x="660" y="5145">
    <element href="assembly.xml#LogSOAPError"/>
  </visualProperties>
  <visualProperties x="102" y="5360">
    <element href="assembly.xml#ProcessErrors"/>
  </visualProperties>
  <visualProperties x="308" y="5332">
    <element href="assembly.xml#AddErrorToMap"/>
  </visualProperties>
  <visualProperties x="111" y="5537">
    <element href="assembly.xml#CreateRunLogs"/>
  </visualProperties>
  <visualProperties x="308" y="5510">
    <element href="assembly.xml#WriteAndStoreErrors"/>
  </visualProperties>
  <visualProperties x="117" y="5753">
    <element href="assembly.xml#//@beans/@mixed.1/@mixed.17"/>
  </visualProperties>
  <visualProperties x="327" y="5753">
    <element href="assembly.xml#MessageGlobalError"/>
  </visualProperties>
  <visualProperties x="769" y="5510">
    <element href="assembly.xml#WriteAndStoreWSLogs"/>
  </visualProperties>
  <visualProperties x="579" y="5753">
    <element href="assembly.xml#PutIntegrationEventGlobal"/>
  </visualProperties>
  <visualProperties x="1182" y="980">
    <element href="assembly.xml#CallProcessDivisionChildren"/>
  </visualProperties>
  <visualProperties x="57" y="1148">
    <element href="assembly.xml#ProcessDivisionChildren"/>
  </visualProperties>
  <visualProperties x="434" y="1103">
    <element href="assembly.xml#SplitDivisionChildren"/>
  </visualProperties>
  <visualProperties x="616" y="1173">
    <element href="assembly.xml#ProcessDivisionChild"/>
  </visualProperties>
  <visualProperties x="819" y="1264">
    <element href="assembly.xml#CallLogProcessChildError"/>
  </visualProperties>
  <visualProperties x="293" y="1120">
    <element href="assembly.xml#WriteToMsg"/>
  </visualProperties>
  <visualProperties x="819" y="1213">
    <element href="assembly.xml#CallAggregateDivisionChildren"/>
  </visualProperties>
  <visualProperties x="1268" y="2773">
    <element href="assembly.xml#CallProcessChildLocs"/>
  </visualProperties>
  <visualProperties x="322" y="2867">
    <element href="assembly.xml#CopyLocToMsg"/>
  </visualProperties>
  <visualProperties x="582" y="3597">
    <element href="assembly.xml#GetJobFamilyGroups"/>
  </visualProperties>
  <visualProperties x="1228" y="3639">
    <element href="assembly.xml#CallAggregateJobFamilyGroup"/>
  </visualProperties>
  <visualProperties x="89" y="4430">
    <element href="assembly.xml#AggregatePositions"/>
  </visualProperties>
  <visualProperties x="336" y="4387">
    <element href="assembly.xml#CatchPosAggrErrors"/>
  </visualProperties>
  <visualProperties x="544" y="4509">
    <element href="assembly.xml#CallLogProcessPosAggrErrors"/>
  </visualProperties>
  <visualProperties x="1487" y="3639">
    <element href="assembly.xml#CallProcessJobFamilies"/>
  </visualProperties>
  <visualProperties x="70" y="3767">
    <element href="assembly.xml#ProcessJobFamilies"/>
  </visualProperties>
  <visualProperties x="451" y="3703">
    <element href="assembly.xml#SplitJobFamilies"/>
  </visualProperties>
  <visualProperties x="658" y="3767">
    <element href="assembly.xml#ProcessJobFamily"/>
  </visualProperties>
  <visualProperties x="935" y="3803">
    <element href="assembly.xml#CallAggregateJobFamily"/>
  </visualProperties>
  <visualProperties x="943" y="3854">
    <element href="assembly.xml#CallLogProcessJobFamilyError"/>
  </visualProperties>
  <visualProperties x="289" y="3733">
    <element href="assembly.xml#CopyJFGtoMsg"/>
  </visualProperties>
  <visualProperties x="1159" y="3803">
    <element href="assembly.xml#CallProcessJobProfiles"/>
  </visualProperties>
  <visualProperties x="74" y="4018">
    <element href="assembly.xml#ProcessJobProfiles"/>
  </visualProperties>
  <visualProperties x="293" y="3968">
    <element href="assembly.xml#CopyJFtoMsg"/>
  </visualProperties>
  <visualProperties x="455" y="3954">
    <element href="assembly.xml#SplitJobProfiles"/>
  </visualProperties>
  <visualProperties x="636" y="4018">
    <element href="assembly.xml#ProcessJobProfile"/>
  </visualProperties>
  <visualProperties x="924" y="4054">
    <element href="assembly.xml#CallAggregateJobProfile"/>
  </visualProperties>
  <visualProperties x="925" y="4105">
    <element href="assembly.xml#CallLogProcessJobProfileError"/>
  </visualProperties>
  <visualProperties x="555" y="4283">
    <element href="assembly.xml#CallLogPositionReportError"/>
  </visualProperties>
  <visualProperties x="555" y="4240">
    <element href="assembly.xml#PositionReport"/>
  </visualProperties>
  <visualProperties x="770" y="4197">
    <element href="assembly.xml#SplitPositions"/>
  </visualProperties>
  <visualProperties x="914" y="4276">
    <element href="assembly.xml#ProcessPosition"/>
  </visualProperties>
  <visualProperties x="1125" y="4314">
    <element href="assembly.xml#CallAggregatePosition"/>
  </visualProperties>
  <visualProperties x="1126" y="4365">
    <element href="assembly.xml#CallLogProcessPositionError"/>
  </visualProperties>
  <visualProperties x="679" y="630">
    <element href="assembly.xml#CallProcessPositions"/>
  </visualProperties>
  <visualProperties x="743" y="129">
    <element href="assembly.xml#UpdateIntegrationEventStatusError"/>
  </visualProperties>
  <visualProperties x="539" y="5510">
    <element href="assembly.xml#WriteAndStoreWSErrors"/>
  </visualProperties>
  <visualProperties x="103" y="2171">
    <element href="assembly.xml#ProcessRegion"/>
  </visualProperties>
  <visualProperties x="356" y="2187">
    <element href="assembly.xml#CatchRegionReportErrors"/>
  </visualProperties>
  <visualProperties x="598" y="2189">
    <element href="assembly.xml#RegionReport"/>
  </visualProperties>
  <visualProperties x="601" y="2245">
    <element href="assembly.xml#CallLogRegionReportErr"/>
  </visualProperties>
  <visualProperties x="842" y="2191">
    <element href="assembly.xml#SplitRegion"/>
  </visualProperties>
  <visualProperties x="1015" y="2207">
    <element href="assembly.xml#ProcessRegion1"/>
  </visualProperties>
  <visualProperties x="1255" y="2209">
    <element href="assembly.xml#CallAggregateRegion"/>
  </visualProperties>
  <visualProperties x="1267" y="2285">
    <element href="assembly.xml#CallLogProcessRegionError"/>
  </visualProperties>
  <visualProperties x="103" y="2380">
    <element href="assembly.xml#AggregateRegion"/>
  </visualProperties>
  <visualProperties x="352" y="2380">
    <element href="assembly.xml#CatchRegionAggrErrors"/>
  </visualProperties>
  <visualProperties x="620" y="2402">
    <element href="assembly.xml#RegionAggregator"/>
  </visualProperties>
  <visualProperties x="624" y="2517">
    <element href="assembly.xml#CallLogProcessRegionAggrError"/>
  </visualProperties>
  <visualProperties x="857" y="2447">
    <element href="assembly.xml#CallRegionSOAPOut"/>
  </visualProperties>
  <visualProperties x="430" y="551">
    <element href="assembly.xml#CallProcessRegion"/>
  </visualProperties>
  <visualProperties x="679" y="558">
    <element href="assembly.xml#CallCloseRegionAggr"/>
  </visualProperties>
  <visualProperties x="908" y="551">
    <element href="assembly.xml#UpdatePercent50"/>
  </visualProperties>
  <visualProperties x="803" y="1608">
    <element href="assembly.xml#EvalCostCenter"/>
  </visualProperties>
  <visualProperties x="800" y="1732">
    <element href="assembly.xml#ProcessParentCC"/>
  </visualProperties>
  <decorations x="5" y="22" width="1668" height="242" font="FS Thrive Elliot|9|0" bgColor="62207" fgColor="1" fontColor="1" text="Integration to populate all OU types from Workday into CSOD"/>
  <decorations x="5" y="303" width="1669" height="472" font="FS Thrive Elliot|9|0" bgColor="1" fgColor="16777215" fontColor="16777215" type="NOTE" text="Subprocess that manages the different OU processes"/>
  <decorations x="7" y="789" width="1422" height="725" font="FS Thrive Elliot|9|0" bgColor="13357195" fgColor="1" fontColor="1" type="NOTE" text="Process to send division OUs to CSOD, this OU is mapped to the Organization cost center hierarchy within Workday. There is also functionality to duplicate the hierarchy with an &quot;EL&quot; prefix for levels 2 and 3. This additional processing and duplication drives external learner functionality"/>
  <decorations x="5" y="1547" width="1424" height="480" font="FS Thrive Elliot Light|9|0" bgColor="9523314" fgColor="1" fontColor="16777215" type="NOTE" text="Sends cost center to CSOD mapped to the Cost Center OU"/>
  <decorations x="48" y="2643" width="1676" height="653" font="FS Thrive Elliot|9|0" bgColor="5746432" fgColor="1" fontColor="1" type="NOTE" text="Sends location and location hierarchy information to CSOD mapped to the Location OU. Time zone is included for bottom level locations, but not for the hierarchies because this does not exist as a field in Workday"/>
  <decorations x="39" y="3487" width="1682" height="1115" bgColor="16744448" type="NOTE" text="Sends job profiles and job families to CSOD mapping to the position OU"/>
  <decorations x="7" y="4637" width="1789" height="270" type="NOTE" text="Creates XML request to update grades in CSOD using hash map of active management levels from the job profile processing"/>
  <decorations x="8" y="4942" width="1788" height="285" type="NOTE" text="Process to log web service requests and send to CSOD. This process is used for all OU types and a variable drives the soap action "/>
  <decorations x="12" y="5271" width="1793" height="581" bgColor="8421631" type="NOTE" text="Processes to log individual errors, global errors, and create log files"/>
  <connections type="routesTo" targetAnchorX="0.2033898305084746" targetAnchorY="0.39473684210526316">
    <source href="assembly.xml#StartHere"/>
    <target href="assembly.xml#SetupParams"/>
  </connections>
  <connections type="routesTo" sourceAnchorX="0.9152542372881356" sourceAnchorY="0.3815789473684211" targetAnchorX="0.17333333333333334" targetAnchorY="0.32432432432432434">
    <source href="assembly.xml#SetupParams"/>
    <target href="assembly.xml#CallProcessOrgUnits"/>
  </connections>
  <connections type="routesResponseTo" sourceAnchorX="0.9066666666666666" sourceAnchorY="0.40540540540540543">
    <source href="assembly.xml#CallProcessOrgUnits"/>
    <target href="assembly.xml#CallCreateLogs"/>
  </connections>
  <connections type="routesTo" targetAnchorX="0.1095890410958904" targetAnchorY="0.17404129793510326">
    <source href="assembly.xml#ProcessOrgUnits"/>
    <target href="assembly.xml#RouteProcessOrgUnits"/>
  </connections>
  <connections type="routesTo" targetAnchorX="0.022727272727272728" targetAnchorY="0.4864864864864865">
    <source href="assembly.xml#//@beans/@mixed.1/@route.0/@subRoute.0"/>
    <target href="assembly.xml#CallProcessDivisions"/>
  </connections>
  <connections type="routesTo">
    <source href="assembly.xml#//@beans/@mixed.1/@route.0/@subRoute.1"/>
    <target href="assembly.xml#CallProcessCostCenters"/>
  </connections>
  <connections type="routesTo">
    <source href="assembly.xml#//@beans/@mixed.1/@route.0/@subRoute.3"/>
    <target href="assembly.xml#CallProcessLocations"/>
  </connections>
  <connections type="routesTo">
    <source href="assembly.xml#//@beans/@mixed.1/@route.0/@subRoute.4"/>
    <target href="assembly.xml#CallProcessJobFamilyGroups"/>
  </connections>
  <connections type="routesTo" targetAnchorX="0.11158798283261803" targetAnchorY="0.16216216216216217">
    <source href="assembly.xml#//@beans/@mixed.1/@route.0/@subRoute.5"/>
    <target href="assembly.xml#CallProcessManagementLevels"/>
  </connections>
  <connections type="routesResponseTo" targetAnchorX="0.08441558441558442" targetAnchorY="0.4864864864864865">
    <source href="assembly.xml#CallProcessDivisions"/>
    <target href="assembly.xml#CallCloseDivAggr"/>
  </connections>
  <connections type="routesResponseTo" targetAnchorX="0.1111111111111111" targetAnchorY="0.6486486486486487">
    <source href="assembly.xml#CallCloseDivAggr"/>
    <target href="assembly.xml#UpdatePercent20"/>
  </connections>
  <connections type="routesResponseTo" targetAnchorX="0.065" targetAnchorY="0.35135135135135137">
    <source href="assembly.xml#CallProcessCostCenters"/>
    <target href="assembly.xml#CallCloseCostCenterAggr"/>
  </connections>
  <connections type="routesResponseTo" sourceAnchorX="0.9217877094972067" sourceAnchorY="0.5675675675675675" targetAnchorX="0.08695652173913043" targetAnchorY="0.3783783783783784">
    <source href="assembly.xml#CallProcessLocations"/>
    <target href="assembly.xml#CallCloseLocationAggr"/>
  </connections>
  <connections type="routesResponseTo" sourceAnchorX="0.7637362637362637" sourceAnchorY="0.4864864864864865" targetAnchorX="0.32679738562091504" targetAnchorY="0.40540540540540543">
    <source href="assembly.xml#CallClosePositionAggr"/>
    <target href="assembly.xml#UpdatePercent80"/>
  </connections>
  <connections type="routesResponseTo" sourceAnchorX="0.7771084337349398" sourceAnchorY="0.4864864864864865" targetAnchorX="0.0718954248366013" targetAnchorY="0.4864864864864865">
    <source href="assembly.xml#CallProcessManagementLevels"/>
    <target href="assembly.xml#UpdatePercent95"/>
  </connections>
  <connections type="routesTo" targetAnchorX="0.07586206896551724" targetAnchorY="0.43243243243243246">
    <source href="assembly.xml#CatchDivReportErrors"/>
    <target href="assembly.xml#DivisionsReport"/>
  </connections>
  <connections type="routesTo">
    <source href="assembly.xml#//@beans/@mixed.1/@mixed.147/@mixed.3"/>
    <target href="assembly.xml#CallLogDivReportErr"/>
  </connections>
  <connections type="routesResponseTo" sourceAnchorX="0.7379310344827587" sourceAnchorY="0.35135135135135137" targetAnchorX="0.17094017094017094" targetAnchorY="0.4090909090909091">
    <source href="assembly.xml#DivisionsReport"/>
    <target href="assembly.xml#SplitDivisions"/>
  </connections>
  <connections type="routesTo">
    <source href="assembly.xml#//@beans/@mixed.1/@splitter.4/@subRoute.0"/>
    <target href="assembly.xml#ProcessDivision"/>
  </connections>
  <connections type="routesTo">
    <source href="assembly.xml#ProcessDivision"/>
    <target href="assembly.xml#CallAggregateDivision"/>
  </connections>
  <connections type="routesTo">
    <source href="assembly.xml#//@beans/@mixed.1/@mixed.139/@mixed.3"/>
    <target href="assembly.xml#CallLogProcessDivisionError"/>
  </connections>
  <connections type="routesTo" sourceAnchorX="0.8902439024390244" sourceAnchorY="0.35135135135135137" targetAnchorX="0.12" targetAnchorY="0.3983739837398374">
    <source href="assembly.xml#AggregateDivisions"/>
    <target href="assembly.xml#CatchDivAggrErrors"/>
  </connections>
  <connections type="routesTo" sourceAnchorX="0.9" sourceAnchorY="0.5853658536585366" targetAnchorX="0.06164383561643835" targetAnchorY="0.5188679245283019">
    <source href="assembly.xml#CatchDivAggrErrors"/>
    <target href="assembly.xml#DivisionAggregator"/>
    <bendpoints sourceX="32" sourceY="-31" targetX="-38" targetY="3"/>
  </connections>
  <connections type="routesTo" sourceAnchorX="0.993006993006993" sourceAnchorY="0.4" targetAnchorX="0.008264462809917356" targetAnchorY="0.43243243243243246">
    <source href="assembly.xml#//@beans/@mixed.1/@mixed.131/@mixed.3"/>
    <target href="assembly.xml#CallLogProcessDivisionAggrError"/>
    <bendpoints sourceX="26" sourceY="18" targetX="-33"/>
  </connections>
  <connections type="routesTo">
    <source href="assembly.xml#DivisionAggregator"/>
    <target href="assembly.xml#CallDivisionSOAPOut"/>
  </connections>
  <connections type="routesTo">
    <source href="assembly.xml#ProcessCostCenters"/>
    <target href="assembly.xml#CatchCCReportErrors"/>
  </connections>
  <connections type="routesTo" targetAnchorX="0.07586206896551724" targetAnchorY="0.43243243243243246">
    <source href="assembly.xml#CatchCCReportErrors"/>
    <target href="assembly.xml#CostCenterReport"/>
  </connections>
  <connections type="routesTo">
    <source href="assembly.xml#//@beans/@mixed.1/@mixed.121/@mixed.3"/>
    <target href="assembly.xml#CallLogCCHReportErr"/>
  </connections>
  <connections type="routesResponseTo" sourceAnchorX="0.7379310344827587" sourceAnchorY="0.35135135135135137" targetAnchorX="0.17094017094017094" targetAnchorY="0.4090909090909091">
    <source href="assembly.xml#CostCenterReport"/>
    <target href="assembly.xml#SplitCC"/>
  </connections>
  <connections type="routesTo" sourceAnchorX="0.8829787234042553" sourceAnchorY="0.6176470588235294" targetAnchorX="0.03937007874015748" targetAnchorY="0.7127659574468085">
    <source href="assembly.xml#//@beans/@mixed.1/@splitter.3/@subRoute.0"/>
    <target href="assembly.xml#EvalCostCenter"/>
    <bendpoints sourceX="49" sourceY="-78" targetX="-29" targetY="2"/>
  </connections>
  <connections type="routesTo">
    <source href="assembly.xml#ProcessCostCenter"/>
    <target href="assembly.xml#CallAggregateCC"/>
  </connections>
  <connections type="routesTo">
    <source href="assembly.xml#//@beans/@mixed.1/@mixed.113/@mixed.3"/>
    <target href="assembly.xml#CallLogProcessCCError"/>
  </connections>
  <connections type="routesTo" sourceAnchorX="0.8902439024390244" sourceAnchorY="0.35135135135135137" targetAnchorX="0.12" targetAnchorY="0.3983739837398374">
    <source href="assembly.xml#AggregateCostCenter"/>
    <target href="assembly.xml#CatchCCAggrErrors"/>
  </connections>
  <connections type="routesTo" sourceAnchorX="0.9" sourceAnchorY="0.5853658536585366" targetAnchorX="0.12403100775193798" targetAnchorY="0.49056603773584906">
    <source href="assembly.xml#CatchCCAggrErrors"/>
    <target href="assembly.xml#CCAggregator"/>
    <bendpoints sourceX="32" sourceY="-31" targetX="-38" targetY="3"/>
  </connections>
  <connections type="routesTo" sourceAnchorX="0.934640522875817" targetAnchorX="0.022222222222222223" targetAnchorY="0.5135135135135135">
    <source href="assembly.xml#//@beans/@mixed.1/@mixed.105/@mixed.3"/>
    <target href="assembly.xml#CallLogProcessCCAggrError"/>
  </connections>
  <connections type="routesTo">
    <source href="assembly.xml#CCAggregator"/>
    <target href="assembly.xml#CallCCSOAPOut"/>
  </connections>
  <connections type="routesTo">
    <source href="assembly.xml#ProcessLocationHierarchies"/>
    <target href="assembly.xml#CatchLocReportErrors"/>
  </connections>
  <connections type="routesTo" sourceAnchorX="0.9642857142857143" sourceAnchorY="0.43243243243243246" targetAnchorX="0.12" targetAnchorY="0.3983739837398374">
    <source href="assembly.xml#AggregateLocations"/>
    <target href="assembly.xml#CatchLHAggrErrors"/>
  </connections>
  <connections type="routesTo" targetAnchorX="0.07586206896551724" targetAnchorY="0.43243243243243246">
    <source href="assembly.xml#CatchLocReportErrors"/>
    <target href="assembly.xml#LocationHierarchyReport"/>
  </connections>
  <connections type="routesTo">
    <source href="assembly.xml#//@beans/@mixed.1/@mixed.93/@mixed.3"/>
    <target href="assembly.xml#CallLogLocReportErr"/>
  </connections>
  <connections type="routesTo" sourceAnchorX="0.9" sourceAnchorY="0.5853658536585366" targetAnchorX="0.0410958904109589" targetAnchorY="0.4339622641509434">
    <source href="assembly.xml#CatchLHAggrErrors"/>
    <target href="assembly.xml#LHAggregator"/>
    <bendpoints sourceX="32" sourceY="-31" targetX="-38" targetY="3"/>
  </connections>
  <connections type="routesTo">
    <source href="assembly.xml#//@beans/@mixed.1/@mixed.91/@mixed.3"/>
    <target href="assembly.xml#CallLogProcessLHAggrError"/>
    <bendpoints sourceX="105" sourceY="22" targetX="-136" targetY="-3"/>
  </connections>
  <connections type="routesResponseTo" sourceAnchorX="0.7379310344827587" sourceAnchorY="0.35135135135135137" targetAnchorX="0.17094017094017094" targetAnchorY="0.4090909090909091">
    <source href="assembly.xml#LocationHierarchyReport"/>
    <target href="assembly.xml#SplitLH"/>
  </connections>
  <connections type="routesTo">
    <source href="assembly.xml#//@beans/@mixed.1/@splitter.2/@subRoute.0"/>
    <target href="assembly.xml#ProcessLocationHierarchy"/>
  </connections>
  <connections type="routesTo">
    <source href="assembly.xml#ProcessLocationHierarchy"/>
    <target href="assembly.xml#CallAggregateLH"/>
  </connections>
  <connections type="routesTo">
    <source href="assembly.xml#//@beans/@mixed.1/@mixed.83/@mixed.3"/>
    <target href="assembly.xml#CallLogProcessLHError"/>
  </connections>
  <connections type="routesTo">
    <source href="assembly.xml#LHAggregator"/>
    <target href="assembly.xml#CallLHSOAPOut"/>
  </connections>
  <connections type="routesTo" targetAnchorX="0.3253968253968254" targetAnchorY="0.6195652173913043">
    <source href="assembly.xml#ProcessLocations"/>
    <target href="assembly.xml#CopyLocToMsg"/>
  </connections>
  <connections type="routesTo">
    <source href="assembly.xml#//@beans/@mixed.1/@splitter.1/@subRoute.0"/>
    <target href="assembly.xml#ProcessLocation"/>
  </connections>
  <connections type="routesTo">
    <source href="assembly.xml#ProcessLocation"/>
    <target href="assembly.xml#CallAggregateLocations"/>
  </connections>
  <connections type="routesTo">
    <source href="assembly.xml#//@beans/@mixed.1/@mixed.67/@mixed.3"/>
    <target href="assembly.xml#CallLogProcessLocationError"/>
  </connections>
  <connections type="routesTo">
    <source href="assembly.xml#ProcessJobFamilyGroups"/>
    <target href="assembly.xml#CreateGetJobFamilyGroupsRequest"/>
  </connections>
  <connections type="routesTo">
    <source href="assembly.xml#//@beans/@mixed.1/@mixed.59/@mixed.3"/>
    <target href="assembly.xml#CallLogPositionReportErr"/>
  </connections>
  <connections type="routesTo">
    <source href="assembly.xml#//@beans/@mixed.1/@splitter.0/@subRoute.0"/>
    <target href="assembly.xml#ProcessJobFamilyGroup"/>
  </connections>
  <connections type="routesTo" targetAnchorX="0.09885931558935361" targetAnchorY="0.4864864864864865">
    <source href="assembly.xml#//@beans/@mixed.1/@mixed.53/@mixed.3"/>
    <target href="assembly.xml#CallLogProcessJobFamilyGroupError"/>
  </connections>
  <connections type="routesTo" sourceAnchorX="0.8902439024390244" sourceAnchorY="0.35135135135135137" targetAnchorX="0.12" targetAnchorY="0.3983739837398374">
    <source href="assembly.xml#ProcessPositions"/>
    <target href="assembly.xml#CatchPositionReportErrors"/>
  </connections>
  <connections type="routesTo">
    <source href="assembly.xml#PositionAggregator"/>
    <target href="assembly.xml#CallPositionSOAPOut"/>
  </connections>
  <connections type="routesTo">
    <source href="assembly.xml#ProcessMgmtLevels"/>
    <target href="assembly.xml#WriteMgmtLvlWSReq"/>
  </connections>
  <connections type="routesTo">
    <source href="assembly.xml#WriteMgmtLvlWSReq"/>
    <target href="assembly.xml#CallMgmtLvlSOAPOut"/>
  </connections>
  <connections type="routesTo">
    <source href="assembly.xml#//@beans/@mixed.1/@mixed.39/@mixed.3"/>
    <target href="assembly.xml#CallLogPrepMgmtLvlErr"/>
  </connections>
  <connections type="routesTo" targetAnchorX="0.1258741258741259" targetAnchorY="0.3989071038251366">
    <source href="assembly.xml#OUSOAPOutProcess"/>
    <target href="assembly.xml#SOAPstep"/>
  </connections>
  <connections type="routesTo" sourceAnchorX="0.8811188811188811" sourceAnchorY="0.34972677595628415" targetAnchorX="0.15306122448979592" targetAnchorY="0.38095238095238093">
    <source href="assembly.xml#SOAPstep"/>
    <target href="assembly.xml#HttpOut"/>
  </connections>
  <connections type="routesTo">
    <source href="assembly.xml#//@beans/@mixed.1/@mixed.31/@mixed.5"/>
    <target href="assembly.xml#LogSOAPError"/>
  </connections>
  <connections type="routesTo" targetAnchorX="0.24603174603174602" targetAnchorY="0.4787234042553192">
    <source href="assembly.xml#ProcessErrors"/>
    <target href="assembly.xml#AddErrorToMap"/>
  </connections>
  <connections type="routesTo">
    <source href="assembly.xml#CreateRunLogs"/>
    <target href="assembly.xml#WriteAndStoreErrors"/>
  </connections>
  <connections type="routesTo">
    <source href="assembly.xml#//@beans/@mixed.1/@mixed.17"/>
    <target href="assembly.xml#MessageGlobalError"/>
  </connections>
  <connections type="routesResponseTo">
    <source href="assembly.xml#MessageGlobalError"/>
    <target href="assembly.xml#PutIntegrationEventGlobal"/>
  </connections>
  <connections type="routesTo">
    <source href="assembly.xml#ProcessDivisions"/>
    <target href="assembly.xml#CatchDivReportErrors"/>
  </connections>
  <connections type="routesResponseTo" targetAnchorX="0.18981481481481483" targetAnchorY="0.40540540540540543">
    <source href="assembly.xml#CallAggregateDivision"/>
    <target href="assembly.xml#CallProcessDivisionChildren"/>
  </connections>
  <connections type="routesTo">
    <source href="assembly.xml#//@beans/@mixed.1/@splitter.5/@subRoute.0"/>
    <target href="assembly.xml#ProcessDivisionChild"/>
  </connections>
  <connections type="routesTo">
    <source href="assembly.xml#//@beans/@mixed.1/@mixed.189/@mixed.3"/>
    <target href="assembly.xml#CallLogProcessChildError"/>
  </connections>
  <connections type="routesTo">
    <source href="assembly.xml#ProcessDivisionChildren"/>
    <target href="assembly.xml#WriteToMsg"/>
  </connections>
  <connections type="routesTo">
    <source href="assembly.xml#WriteToMsg"/>
    <target href="assembly.xml#SplitDivisionChildren"/>
  </connections>
  <connections type="routesTo">
    <source href="assembly.xml#ProcessDivisionChild"/>
    <target href="assembly.xml#CallAggregateDivisionChildren"/>
  </connections>
  <connections type="routesResponseTo" sourceAnchorX="0.93" sourceAnchorY="0.4594594594594595" targetAnchorX="0.1895424836601307" targetAnchorY="0.5945945945945946">
    <source href="assembly.xml#CallCloseCostCenterAggr"/>
    <target href="assembly.xml#UpdatePercent40"/>
  </connections>
  <connections type="routesResponseTo">
    <source href="assembly.xml#CallCloseLocationAggr"/>
    <target href="assembly.xml#UpdatePercent60"/>
  </connections>
  <connections type="routesResponseTo">
    <source href="assembly.xml#CallAggregateLH"/>
    <target href="assembly.xml#CallProcessChildLocs"/>
  </connections>
  <connections type="routesTo" sourceAnchorX="0.6031746031746031" sourceAnchorY="0.5652173913043478" targetAnchorX="0.3333333333333333" targetAnchorY="0.37662337662337664">
    <source href="assembly.xml#CopyLocToMsg"/>
    <target href="assembly.xml#SplitLocations"/>
  </connections>
  <connections type="routesTo">
    <source href="assembly.xml#CreateGetJobFamilyGroupsRequest"/>
    <target href="assembly.xml#GetJobFamilyGroups"/>
  </connections>
  <connections type="routesResponseTo" targetAnchorX="0.08588957055214724" targetAnchorY="0.4805194805194805">
    <source href="assembly.xml#GetJobFamilyGroups"/>
    <target href="assembly.xml#SplitJobFamilyGroups"/>
  </connections>
  <connections type="routesTo">
    <source href="assembly.xml#ProcessJobFamilyGroup"/>
    <target href="assembly.xml#CallAggregateJobFamilyGroup"/>
  </connections>
  <connections type="routesTo" sourceAnchorX="0.8791946308724832" sourceAnchorY="0.26666666666666666">
    <source href="assembly.xml#//@beans/@mixed.1/@mixed.209/@mixed.3"/>
    <target href="assembly.xml#CallLogProcessPosAggrErrors"/>
    <bendpoints sourceX="25" sourceY="25" targetX="-118" targetY="1"/>
  </connections>
  <connections type="routesTo" targetAnchorX="0.1292517006802721" targetAnchorY="0.5754716981132075">
    <source href="assembly.xml#CatchPosAggrErrors"/>
    <target href="assembly.xml#PositionAggregator"/>
  </connections>
  <connections type="routesTo">
    <source href="assembly.xml#AggregatePositions"/>
    <target href="assembly.xml#CatchPosAggrErrors"/>
  </connections>
  <connections type="routesResponseTo">
    <source href="assembly.xml#CallAggregateJobFamilyGroup"/>
    <target href="assembly.xml#CallProcessJobFamilies"/>
  </connections>
  <connections type="routesTo">
    <source href="assembly.xml#ProcessJobFamily"/>
    <target href="assembly.xml#CallAggregateJobFamily"/>
  </connections>
  <connections type="routesTo" targetAnchorX="0.09885931558935361" targetAnchorY="0.4864864864864865">
    <source href="assembly.xml#//@beans/@mixed.1/@mixed.221/@mixed.3"/>
    <target href="assembly.xml#CallLogProcessJobFamilyError"/>
  </connections>
  <connections type="routesTo">
    <source href="assembly.xml#//@beans/@mixed.1/@splitter.6/@subRoute.0"/>
    <target href="assembly.xml#ProcessJobFamily"/>
  </connections>
  <connections type="routesTo" targetAnchorX="0.184" targetAnchorY="0.544">
    <source href="assembly.xml#ProcessJobFamilies"/>
    <target href="assembly.xml#CopyJFGtoMsg"/>
  </connections>
  <connections type="routesTo" targetAnchorX="0.3208955223880597" targetAnchorY="0.474025974025974">
    <source href="assembly.xml#CopyJFGtoMsg"/>
    <target href="assembly.xml#SplitJobFamilies"/>
  </connections>
  <connections type="routesTo" targetAnchorX="0.184" targetAnchorY="0.544">
    <source href="assembly.xml#ProcessJobProfiles"/>
    <target href="assembly.xml#CopyJFtoMsg"/>
  </connections>
  <connections type="routesTo" targetAnchorX="0.16417910447761194" targetAnchorY="0.4935064935064935">
    <source href="assembly.xml#CopyJFtoMsg"/>
    <target href="assembly.xml#SplitJobProfiles"/>
  </connections>
  <connections type="routesTo">
    <source href="assembly.xml#//@beans/@mixed.1/@splitter.7/@subRoute.0"/>
    <target href="assembly.xml#ProcessJobProfile"/>
  </connections>
  <connections type="routesTo">
    <source href="assembly.xml#ProcessJobProfile"/>
    <target href="assembly.xml#CallAggregateJobProfile"/>
  </connections>
  <connections type="routesTo" targetAnchorX="0.09885931558935361" targetAnchorY="0.4864864864864865">
    <source href="assembly.xml#//@beans/@mixed.1/@mixed.231/@mixed.3"/>
    <target href="assembly.xml#CallLogProcessJobProfileError"/>
  </connections>
  <connections type="routesResponseTo">
    <source href="assembly.xml#CallAggregateJobFamily"/>
    <target href="assembly.xml#CallProcessJobProfiles"/>
  </connections>
  <connections type="routesTo">
    <source href="assembly.xml#//@beans/@mixed.1/@mixed.47/@mixed.3"/>
    <target href="assembly.xml#CallLogPositionReportError"/>
  </connections>
  <connections type="routesTo">
    <source href="assembly.xml#CatchPositionReportErrors"/>
    <target href="assembly.xml#PositionReport"/>
  </connections>
  <connections type="routesResponseTo" sourceAnchorX="0.8920863309352518" sourceAnchorY="0.4594594594594595" targetAnchorX="0.16101694915254236" targetAnchorY="0.38961038961038963">
    <source href="assembly.xml#PositionReport"/>
    <target href="assembly.xml#SplitPositions"/>
  </connections>
  <connections type="routesTo">
    <source href="assembly.xml#ProcessPosition"/>
    <target href="assembly.xml#CallAggregatePosition"/>
  </connections>
  <connections type="routesTo" targetAnchorX="0.09885931558935361" targetAnchorY="0.4864864864864865">
    <source href="assembly.xml#//@beans/@mixed.1/@mixed.249/@mixed.3"/>
    <target href="assembly.xml#CallLogProcessPositionError"/>
  </connections>
  <connections type="routesTo" targetAnchorX="0.13450292397660818" targetAnchorY="0.4">
    <source href="assembly.xml#//@beans/@mixed.1/@splitter.8/@subRoute.0"/>
    <target href="assembly.xml#ProcessPosition"/>
  </connections>
  <connections type="routesResponseTo" targetAnchorX="0.11299435028248588" targetAnchorY="0.4864864864864865">
    <source href="assembly.xml#CallProcessJobFamilyGroups"/>
    <target href="assembly.xml#CallProcessPositions"/>
  </connections>
  <connections type="routesResponseTo" sourceAnchorX="0.7853107344632768" sourceAnchorY="0.43243243243243246" targetAnchorX="0.0989010989010989" targetAnchorY="0.5405405405405406">
    <source href="assembly.xml#CallProcessPositions"/>
    <target href="assembly.xml#CallClosePositionAggr"/>
  </connections>
  <connections type="routesResponseTo">
    <source href="assembly.xml#CallCreateLogs"/>
    <target href="assembly.xml#UpdateIntegrationEventStatusError"/>
  </connections>
  <connections type="routesResponseTo">
    <source href="assembly.xml#UpdateIntegrationEventStatusError"/>
    <target href="assembly.xml#IntegrationComplete"/>
  </connections>
  <connections type="routesTo">
    <source href="assembly.xml#WriteAndStoreErrors"/>
    <target href="assembly.xml#WriteAndStoreWSErrors"/>
  </connections>
  <connections type="routesTo">
    <source href="assembly.xml#WriteAndStoreWSErrors"/>
    <target href="assembly.xml#WriteAndStoreWSLogs"/>
  </connections>
  <connections type="routesTo" sourceAnchorX="1.0" sourceAnchorY="0.5945945945945946" targetAnchorX="0.3837837837837838" targetAnchorY="0.152">
    <source href="assembly.xml#ProcessRegion"/>
    <target href="assembly.xml#CatchRegionReportErrors"/>
  </connections>
  <connections type="routesTo" sourceAnchorX="1.0" sourceAnchorY="0.264" targetAnchorX="0.373134328358209" targetAnchorY="0.2972972972972973">
    <source href="assembly.xml#CatchRegionReportErrors"/>
    <target href="assembly.xml#RegionReport"/>
  </connections>
  <connections type="routesTo" sourceAnchorX="0.8595505617977528" sourceAnchorY="1.0" targetAnchorX="0.2849740932642487" targetAnchorY="0.3783783783783784">
    <source href="assembly.xml#//@beans/@mixed.1/@mixed.259/@mixed.3"/>
    <target href="assembly.xml#CallLogRegionReportErr"/>
  </connections>
  <connections type="routesResponseTo" sourceAnchorX="0.8208955223880597" sourceAnchorY="0.3783783783783784" targetAnchorX="0.40186915887850466" targetAnchorY="0.38961038961038963">
    <source href="assembly.xml#RegionReport"/>
    <target href="assembly.xml#SplitRegion"/>
  </connections>
  <connections type="routesTo" sourceAnchorX="0.8404255319148937" sourceAnchorY="1.0" targetAnchorX="0.12290502793296089" targetAnchorY="0.44">
    <source href="assembly.xml#//@beans/@mixed.1/@splitter.9/@subRoute.0"/>
    <target href="assembly.xml#ProcessRegion1"/>
  </connections>
  <connections type="routesTo" sourceAnchorX="1.0" sourceAnchorY="0.216" targetAnchorX="0.3657142857142857" targetAnchorY="0.4594594594594595">
    <source href="assembly.xml#ProcessRegion1"/>
    <target href="assembly.xml#CallAggregateRegion"/>
  </connections>
  <connections type="routesTo" sourceAnchorX="1.0" sourceAnchorY="0.8333333333333334" targetAnchorX="0.398989898989899" targetAnchorY="0.3783783783783784">
    <source href="assembly.xml#//@beans/@mixed.1/@mixed.267/@mixed.3"/>
    <target href="assembly.xml#CallLogProcessRegionError"/>
  </connections>
  <connections type="routesTo" sourceAnchorX="0.7254901960784313" sourceAnchorY="1.0" targetAnchorX="0.2774566473988439" targetAnchorY="0.18699186991869918">
    <source href="assembly.xml#AggregateRegion"/>
    <target href="assembly.xml#CatchRegionAggrErrors"/>
  </connections>
  <connections type="routesTo" sourceAnchorX="1.0" sourceAnchorY="0.24390243902439024" targetAnchorX="0.6126760563380281" targetAnchorY="0.4528301886792453">
    <source href="assembly.xml#CatchRegionAggrErrors"/>
    <target href="assembly.xml#RegionAggregator"/>
  </connections>
  <connections type="routesTo" sourceAnchorX="1.0" sourceAnchorY="0.2641509433962264" targetAnchorX="0.25161290322580643" targetAnchorY="0.2972972972972973">
    <source href="assembly.xml#RegionAggregator"/>
    <target href="assembly.xml#CallRegionSOAPOut"/>
  </connections>
  <connections type="routesTo" sourceAnchorX="0.1927710843373494" sourceAnchorY="0.6333333333333333" targetAnchorX="0.12605042016806722" targetAnchorY="0.4864864864864865">
    <source href="assembly.xml#//@beans/@mixed.1/@mixed.275/@mixed.3"/>
    <target href="assembly.xml#CallLogProcessRegionAggrError"/>
  </connections>
  <connections type="routesResponseTo" targetAnchorX="0.065" targetAnchorY="0.35135135135135137">
    <source href="assembly.xml#CallProcessRegion"/>
    <target href="assembly.xml#CallCloseRegionAggr"/>
  </connections>
  <connections type="routesResponseTo" sourceAnchorX="0.93" sourceAnchorY="0.4594594594594595" targetAnchorX="0.1895424836601307" targetAnchorY="0.5945945945945946">
    <source href="assembly.xml#CallCloseRegionAggr"/>
    <target href="assembly.xml#UpdatePercent50"/>
  </connections>
  <connections type="routesTo" sourceAnchorX="0.9808917197452229" sourceAnchorY="0.38235294117647056" targetAnchorX="0.0" targetAnchorY="0.2972972972972973">
    <source href="assembly.xml#//@beans/@mixed.1/@route.0/@subRoute.2"/>
    <target href="assembly.xml#CallProcessRegion"/>
  </connections>
  <connections type="routesTo" sourceAnchorX="0.1732283464566929" sourceAnchorY="0.9574468085106383" targetAnchorX="0.20149253731343283" targetAnchorY="0.5425531914893617">
    <source href="assembly.xml#EvalCostCenter"/>
    <target href="assembly.xml#ProcessParentCC"/>
  </connections>
  <connections type="routesTo" sourceAnchorX="0.9925373134328358" sourceAnchorY="0.19148936170212766" targetAnchorX="0.2185430463576159" targetAnchorY="0.472">
    <source href="assembly.xml#ProcessParentCC"/>
    <target href="assembly.xml#ProcessCostCenter"/>
  </connections>
  <swimlanes x="43" y="2134" bgColor="8454143" name="Swimlane">
    <elements href="assembly.xml#ProcessRegion"/>
    <elements href="assembly.xml#CatchRegionReportErrors"/>
    <elements href="#//@swimlanes.1"/>
    <elements href="assembly.xml#SplitRegion"/>
    <elements href="assembly.xml#ProcessRegion1"/>
    <elements href="#//@swimlanes.2"/>
  </swimlanes>
  <swimlanes x="452" y="2195" name="Swimlane" orientation="VERTICAL">
    <elements href="assembly.xml#RegionReport"/>
    <elements href="assembly.xml#CallLogRegionReportErr"/>
  </swimlanes>
  <swimlanes x="1047" y="2222" bgColor="8454143" name="Swimlane" orientation="VERTICAL">
    <elements href="assembly.xml#CallAggregateRegion"/>
    <elements href="assembly.xml#CallLogProcessRegionError"/>
  </swimlanes>
  <swimlanes x="115" y="2390" bgColor="8454143" name="Swimlane">
    <elements href="assembly.xml#AggregateRegion"/>
    <elements href="#//@swimlanes.4"/>
    <elements href="assembly.xml#RegionAggregator"/>
    <elements href="assembly.xml#CallRegionSOAPOut"/>
  </swimlanes>
  <swimlanes x="623" y="2488" bgColor="8454143" name="Swimlane" alignment="END">
    <elements href="assembly.xml#CatchRegionAggrErrors"/>
    <elements href="assembly.xml#CallLogProcessRegionAggrError"/>
  </swimlanes>
  <swimlanes x="7" y="2070" bgColor="8454143" name="Sends Organization Region to CSOD mapped to the Region OU" orientation="VERTICAL" elements="//@swimlanes.0 //@swimlanes.3"/>
</wdnm:Diagram>
