<?xml version="1.0" encoding="UTF-8"?>
<beans
     xmlns="http://www.springframework.org/schema/beans"
     xmlns:beans="http://www.springframework.org/schema/beans"
     xmlns:atom="http://www.w3.org/2005/Atom"
     xmlns:cc="http://www.capeclear.com/assembly/10"
     xmlns:cloud="urn:com.workday/esb/cloud/10.0"
     xmlns:env="http://schemas.xmlsoap.org/soap/envelope/"
     xmlns:pi="urn:com.workday/picof"
     xmlns:wd="urn:com.workday/bsvc"
     xmlns:ws="urn:com.workday/workersync"
     xmlns:xsi="http://www.w3.org/2001/XMLSchema-instance">
 
	<cc:assembly id="WorkdayAssembly" version="2023.15">
        <cc:workday-in id="INT5386" routes-to="Init-vars">
            <cc:integration-system name="INT5386 DC Restoration Plan Eligibility Boomerang">
        <cloud:param name="Validation Mode">
          <cloud:type>
            <cloud:simple-type>boolean</cloud:simple-type>
          </cloud:type>
          <cloud:default>
            <cloud:class-report-field></cloud:class-report-field>
          </cloud:default>
        </cloud:param>
        <cloud:param name="As of Entry DateTime">
          <cloud:type>
            <cloud:simple-type>datetime</cloud:simple-type>
          </cloud:type>
          <cloud:default>
            <cloud:class-report-field description="Current Moment (DateTime)" type="WID">df4effe76deb4222a79001d6737cf91c</cloud:class-report-field>
          </cloud:default>
        </cloud:param>
        <cloud:param name="Studio Debug WID">
          <cloud:type>
            <cloud:simple-type>text</cloud:simple-type>
          </cloud:type>
        </cloud:param>
        <cloud:report-service name="INT5386-Raas-Report">
          <cloud:report-alias description="Active-Employee-Data-Pay-period-date" name="W_ActiveEmployeeDataPaydate"/>
        </cloud:report-service>
      </cc:integration-system>
        </cc:workday-in>
        <cc:local-out id="Note-Error" endpoint="vm://wcc/PutIntegrationMessage">
            <cc:set name="is.message.severity" value="'CRITICAL'"/>
            <cc:set name="is.message.summary" value="context.errorMessage # ' {THROWN AT}: ' # context.errorComponentId"/>
        </cc:local-out>
        <cc:send-error id="global-error-handler" rethrow-error="false" routes-to="Note-Error"/>
        <cc:async-mediation id="Log" routes-to="Log-Posted">
            <cc:steps>
                <cc:xslt-plus id="Audit-Log" input="message" url="Log.xsl"/>
                <cc:store id="Store" output="variable" output-variable="vStore" input="message" expiresIn="P180D" title="INT5386EnrollmentsLog.csv"/>
                <cc:write id="Write">
                    <cc:message>
                        <cc:text>@{props['p.cur.worker']}&#xD;
@{props['p.curr.log']}&#xD;
@{props['p.effective.date']}&#xD;
&lt;Current_EffectiveDate>@{props['lp.effective.datetime']}&lt;/Current_EffectiveDate>&#xD;
&lt;Log>&#xD;
&lt;eID>@{props['p.cur.worker']}&lt;/eID>&#xD;
@{props['p.curr.log']}&#xD;
&lt;paygroup>@{props['p.vPaygroup']}&lt;/paygroup>&#xD;
&lt;Prior_Mangement_Budget_Level>@{props['p.Prior_Mang_Budget_Lev']}&lt;/Prior_Mangement_Budget_Level>&#xD;
&lt;Current_Mangement_Budget_Level>@{props['p.Mang_Budget_Lev']}&lt;/Current_Mangement_Budget_Level>&#xD;
&lt;EffectiveDate>@{props['p.effective.date']}&lt;/EffectiveDate>&#xD;
&lt;RetirementSavingsPlan>@{props['p.vRetirementSavingsPlan']}&lt;/RetirementSavingsPlan>&#xD;
&lt;Rehireflag>@{props['p.Rehireflag']}&lt;/Rehireflag>&#xD;
&lt;status>Error&lt;/status>&#xD;
&lt;Msg>@{context.errorMessage}&lt;/Msg></cc:text>
                    </cc:message>
                </cc:write>
                <cc:store id="Store-msg" output="variable" output-variable="vStore-msg" input="message" expiresIn="P180D" title="INT5386EnrollmentsLog.xml"/>
            </cc:steps>
            <cc:send-error id="SendError" routes-to="Audit-Error"/>
        </cc:async-mediation>
        <cc:local-in id="Audit-Enroll-Log" routes-to="Agg.Log"/>
        <cc:aggregator id="Agg.Log" routes-to="Log" collate-when="!props['p.close.enroll.log']" force-batch-on-last-message="false" force-batch-when="props['p.close.enroll.log']">
            <cc:size-batch-strategy batch-size="-1"/>
            <cc:xml-message-content-collater output="message">
        <cc:header-text>&lt;Log_02R effdt=&quot;@{props['lp.effective.datetime']}&quot;></cc:header-text>
        <cc:footer-text>&lt;/Log_02R></cc:footer-text>
      </cc:xml-message-content-collater>
        </cc:aggregator>
        <cc:async-mediation id="Log.Success" routes-to="Agg.Log" execute-steps-when="props['p.cur.worker'] != ''">
            <cc:steps>
                <cc:set-headers id="SetValidationOff">
                    <cc:remove-headers>
                        <cc:remove-header name="X-Validate-Only"/>
                    </cc:remove-headers>
                    <cc:add-headers/>
                </cc:set-headers>
                <cc:write id="Write">
                    <cc:message>
                        <cc:text>&lt;Log>&#xD;
&lt;eID>@{props['p.cur.worker']}&lt;/eID>&#xD;
&lt;Current_EffectiveDate>@{props['lp.effective.datetime']}&lt;/Current_EffectiveDate>&#xD;
&lt;paygroup>@{props['p.vPaygroup']}&lt;/paygroup>&#xD;
&lt;Prior_Mangement_Level>@{props['p.Prior_Mang_Lev']}&lt;/Prior_Mangement_Level>&#xD;
&lt;Current_Mangement_Level>@{props['p.Mang_Lev']}&lt;/Current_Mangement_Level>&#xD;
&lt;Prior_Budget_Level>@{props['p.Prior_Budget_Lev']}&lt;/Prior_Budget_Level>&#xD;
&lt;Current_Budget_Level>@{props['p.Budget_Lev']}&lt;/Current_Budget_Level>&#xD;
&lt;EffectiveDate>@{props['p.effective.date']}&lt;/EffectiveDate>&#xD;
&lt;RetirementSavingsPlan>@{props['p.vRetirementSavingsPlan']}&lt;/RetirementSavingsPlan>&#xD;
&lt;Action>@{props['p.vAction']}&lt;/Action>&#xD;
&lt;Rehireflag>@{props['p.Rehireflag']}&lt;/Rehireflag>&#xD;
&lt;status>Success&lt;/status>&#xD;
@{props['p.curr.log']}&#xD;
&lt;/Log></cc:text>
                    </cc:message>
                </cc:write>
                <cc:eval id="Eval">
                    <cc:expression>props['pECount'] = props['pECount'] + 1</cc:expression>
                </cc:eval>
                <cc:cloud-log id="CloudLog" header="Employee ID,Type,Pay Group,Benefit Plan,Coverage Begin Date,Result,Message" level="info" message="@{props['p.cur.worker']} UPDATED" message-details="GetExistingInputs done" variable-name="vAuditLog"/>
            </cc:steps>
        </cc:async-mediation>
        <cc:workday-out-soap id="Enroll_in_Retirement_Savings_Plans-Out" execute-when="props['p.cur.worker'] != ''" routes-response-to="Log.Success" application="Benefits_Administration" version="v39.2"/>
        <cc:async-mediation id="Log.Error" routes-to="Agg.Log">
            <cc:steps>
                <cc:set-headers id="SetValidationOff">
                    <cc:remove-headers>
                        <cc:remove-header name="X-Validate-Only"/>
                    </cc:remove-headers>
                    <cc:add-headers/>
                </cc:set-headers>
                <cc:eval id="Eval">
                    <cc:expression>props['ErrCounter'] = props['ErrCounter'] + 1;</cc:expression>
                    <cc:expression>props['err.msg'] = context.errorMessage</cc:expression>
                </cc:eval>
                <cc:write id="Write">
                    <cc:message>
                        <cc:text>&#xD;
&lt;Log>&#xD;
&lt;eID>@{props['p.cur.worker']}&lt;/eID>&#xD;
&lt;Current_EffectiveDate>@{props['lp.effective.datetime']}&lt;/Current_EffectiveDate>&#xD;
&lt;paygroup>@{props['p.vPaygroup']}&lt;/paygroup>&#xD;
&lt;Prior_Mangement_Level>@{props['p.Prior_Mang_Lev']}&lt;/Prior_Mangement_Level>&#xD;
&lt;Current_Mangement_Level>@{props['p.Mang_Lev']}&lt;/Current_Mangement_Level>&#xD;
&lt;Prior_Budget_Level>@{props['p.Prior_Budget_Lev']}&lt;/Prior_Budget_Level>&#xD;
&lt;Current_Budget_Level>@{props['p.Budget_Lev']}&lt;/Current_Budget_Level>&#xD;
&lt;EffectiveDate>@{props['p.effective.date']}&lt;/EffectiveDate>&#xD;
&lt;RetirementSavingsPlan>@{props['p.vRetirementSavingsPlan']}&lt;/RetirementSavingsPlan>&#xD;
&lt;Action>@{props['p.vAction']}&lt;/Action>&#xD;
&lt;Rehireflag>@{props['p.Rehireflag']}&lt;/Rehireflag>&#xD;
&lt;status>Error&lt;/status>&#xD;
&lt;Msg>@{context.errorMessage}&lt;/Msg>&#xD;
@{props['p.curr.log']}&#xD;
&lt;/Log></cc:text>
                    </cc:message>
                </cc:write>
                <cc:cloud-log id="CloudLog" header="Employee ID,Type,Pay Group,Benefit Plan,Coverage Begin Date,Result,Message" level="error" message="Error Details" message-details="@{props['err.msg']}" reference-id="props['p.cur.worker']" variable-name="vAuditLog"/>
            </cc:steps>
        </cc:async-mediation>
        <cc:async-mediation id="WS.Call" routes-to="Enroll_in_Retirement_Savings_Plans-Out" handle-downstream-errors="true">
            <cc:steps>
                <cc:validate-exp id="ValidateExp">
                    <cc:expression failure-message="@{parts[0].xpath('/InRow/errMsg')}">!parts[0].xpathB('/InRow/errMsg')</cc:expression>
                </cc:validate-exp>
                <cc:copy id="Copy" input-xpath="WS/wd:Enroll_in_Retirement_Savings_Plans_Request"/>
                <cc:wrap-soap id="WrapSoap"/>
                <cc:set-headers execute-when="props['lp.validation.mode']" id="SetValidationOn">
                    <cc:remove-headers/>
                    <cc:add-headers>
                        <cc:add-header name="X-Validate-Only" value="1"/>
                    </cc:add-headers>
                </cc:set-headers>
            </cc:steps>
            <cc:send-error id="SendError" rethrow-error="false" routes-to="Log.Error"/>
        </cc:async-mediation>
        <cc:splitter id="Splitter" no-split-message-error="true">
            <cc:sub-route name="SubRoute" routes-to="init-splitter-eval"/>
            <cc:xml-stream-splitter xpath="/AllWS/Worker/WS"/>
        </cc:splitter>
        <cc:async-mediation id="SplitterWS" routes-to="Splitter" handle-downstream-errors="true">
            <cc:steps>
                <cc:eval id="Eval">
                    <cc:expression>props['p.close.enroll.log'] = false</cc:expression>
                    <cc:expression>props['total.count'] = 0</cc:expression>
                </cc:eval>
            </cc:steps>
            <cc:send-error id="SendError" routes-to="Transform-Error"/>
        </cc:async-mediation>
        <cc:local-out id="ProcessHandler-Error" endpoint="vm://wcc/PutIntegrationMessage">
            <cc:set name="is.message.severity" value="'ERROR'"/>
            <cc:set name="is.message.summary" value="'Error on the Transform XSLT. See message for details. '+ context.errorMessage"/>
            <cc:set name="is.message.detail" value="context.errorMessage"/>
        </cc:local-out>
        <cc:local-in id="ProcessEnrollments" routes-to="Transform"/>
        <cc:local-out id="Call-ProcessEnrollments" store-message="none" routes-response-to="Call-Audit-Enroll-Log" endpoint="vm://INT5386-DC-Restoration-Plan-Eligibility-Boomerang/ProcessEnrollments"/>
        <cc:local-in id="ProcessChangesFiles" routes-to="GetEventDocuments-Files"/>
        <cc:local-out id="GetEventDocuments-Files" routes-response-to="FileRoute0" endpoint="vm://wcc/GetEventDocuments"><cc:set name="ie.event.wid" value="lp.getSimpleData('Studio Debug WID')==null ? (lp.isSet() ? lp.getIntegrationEventWID() : null) : lp.getSimpleData('Studio Debug WID')"/></cc:local-out>
        <cc:route id="FileRoute0">
            <cc:doc-iterator labels="INT5386-CCW-FILE" variable-name="v.WCCW.File.xml"/>
            <cc:sub-route name="SubRoute" routes-to="InputToMsgs"/>
        </cc:route>
        <cc:async-mediation id="InputToMsgs" routes-to="Aggregate-XML-Data">
            <cc:steps>
                <cc:copy id="Copy" output="message" input="variable" input-variable="v.WCCW.File.xml"/>
                <cc:eval id="Eval">
                    <cc:expression>props['p.current_effective.datetime'] = parts[0].xpath('ws:Worker_Sync/ws:Header/ws:Current_Effective_Time')</cc:expression>
                    <cc:expression>props['batch.id'] = 'INT5386_'</cc:expression>
                    <cc:expression>props['new.batch.id'] = props['batch.id'] # props['p.current_effective.datetime']</cc:expression>
                    <cc:expression>props['lp.validation.mode'] = lp.getSimpleData('Validation Mode')</cc:expression>
                </cc:eval>
            </cc:steps>
        </cc:async-mediation>
        <cc:local-out id="Call-ProcessChangesFiles" routes-response-to="Call-Init-Raas-Report" endpoint="vm://INT5386-DC-Restoration-Plan-Eligibility-Boomerang/ProcessChangesFiles"/>
        <cc:local-in id="Init-Raas-Report" routes-to="Get-Employee-Payperiod-Date"/>
        <cc:local-out id="Call-Init-Raas-Report" routes-response-to="Call-Aggregator-Files" endpoint="vm://INT5386-DC-Restoration-Plan-Eligibility-Boomerang/Init-Raas-Report"/>
        <cc:workday-out-rest id="Get-Employee-Payperiod-Date" routes-response-to="ReportData" extra-path="@{intsys.reportService.getExtrapath('W_ActiveEmployeeDataPaydate')}?Effective_as_of_Date=@{props['p.current_effective.datetime']}"/>
        <cc:async-mediation id="ReportData" routes-to="Aggregate-XML-Data">
            <cc:steps>
                <cc:xslt-plus id="XsltPlus" url="INT5386_ReportTransform.xsl"/>
            </cc:steps>
            <cc:send-error id="SendError" routes-to="PIM-PayrollStartDate"/>
        </cc:async-mediation>
        <cc:aggregator id="Aggregate-XML-Data" routes-to="AggreMsgs" collate-when="!props['collate']" force-batch-when="props['collate']">
            <cc:size-batch-strategy batch-size="-1"/>
            <cc:xml-message-content-collater output="variable" output-variable="v.Aggr.File.xml">
        <cc:header-text>&lt;Aggre-Root></cc:header-text>
        <cc:footer-text>&lt;/Aggre-Root></cc:footer-text>
      </cc:xml-message-content-collater>
        </cc:aggregator>
        <cc:async-mediation id="AggreMsgs" routes-to="Transform-Store-Aggre">
            <cc:steps>
                <cc:copy id="Aggre-Copy" output="message" input="variable" input-variable="v.Aggr.File.xml"/>
                <cc:store id="Store" output="variable" output-variable="vStoredAggreData" input="message" createDocumentReference="true" expiresIn="P180D" title="INT5386_AggreDataOutputFile.xml"/>
            </cc:steps>
        </cc:async-mediation>
        <cc:local-in id="Aggregator-Files" routes-to="Aggregate-XML-Data" icon="local-in-Aggregator-Files.png"/>
        <cc:async-mediation id="Init-vars" routes-to="Call-ProcessChangesFiles">
            <cc:steps>
                <cc:eval id="Eval">
                    <cc:expression>props['collate']=false</cc:expression>
                    <cc:expression>props['lp.effective.datetime'] = lp.getSimpleData('As of Entry DateTime')</cc:expression>
                    <cc:expression>props['pECount'] = 0</cc:expression>
                    <cc:expression>props['ErrCounter'] = 0</cc:expression>
                </cc:eval>
            </cc:steps>
        </cc:async-mediation>
        <cc:local-out id="Call-Aggregator-Files" routes-response-to="Call-ProcessEnrollments" endpoint="vm://INT5386-DC-Restoration-Plan-Eligibility-Boomerang/Aggregator-Files"><cc:set name="collate" value="true"/></cc:local-out>
        <cc:async-mediation id="Transform-Store-Aggre">
            <cc:steps>
                <cc:copy id="Agg-Before-transformCopy" output="message" input="variable" input-variable="v.Aggr.File.xml"/>
                <cc:xslt-plus id="XsltPlus" url="INT5386_AggrebyEmpl.xsl"/>
                <cc:copy id="Agg-aftertransformCopy" output="variable" output-variable="vStoredAggreEmp.xml" input="message"/>
                <cc:store id="Store" output="variable" output-variable="vStoredAggreDataEmp" input="variable" input-variable="vStoredAggreEmp.xml" createDocumentReference="true" expiresIn="P180D" title="INT5386_AggreDataEMPOutputFile.xml"/>
            </cc:steps>
            <cc:send-error id="SendError" routes-to="PIM-TransformAgree-Error"/>
        </cc:async-mediation>
        <cc:local-out id="PIM-PayrollStartDate" endpoint="vm://wcc/PutIntegrationMessage"><cc:set name="is.message.severity" value="'ERROR'"/><cc:set name="is.message.summary" value="'Error on the Payroll Start Date step. See message for details.'"/><cc:set name="is.message.detail" value="context.errorMessage # ' {at} ' # context.errorComponentId"/></cc:local-out>
        <cc:local-out id="PIM-TransformAgree-Error" endpoint="vm://wcc/PutIntegrationMessage"><cc:set name="is.message.severity" value="'ERROR'"/><cc:set name="is.message.summary" value="'Error on the Transform Aggre step. See message for details.'"/><cc:set name="is.message.detail" value="context.errorMessage # ' {at} ' # context.errorComponentId"/></cc:local-out>
        <cc:local-out id="Audit-Error" endpoint="vm://wcc/PutIntegrationMessage"><cc:set name="is.message.severity" value="'ERROR'"/><cc:set name="is.message.summary" value="'Error on the Audit Log step. See message for details.'"/><cc:set name="is.message.detail" value="context.errorMessage # ' {at} ' # context.errorComponentId"/></cc:local-out>
        <cc:async-mediation id="init-splitter-eval" routes-to="WS.Call" handle-downstream-errors="true">
            <cc:steps>
                <cc:eval id="Eval">
                    <cc:expression>props['p.curr.log'] = parts[0].xpathF('WS/wd:Enroll_in_Retirement_Savings_Plans_Request')</cc:expression>
                    <cc:expression>props['p.cur.worker'] = parts[0].xpath('WS/wd:Enroll_in_Retirement_Savings_Plans_Request/wd:Enroll_in_Retirement_Savings_Plans_Data/wd:Employee_Reference/wd:ID[@wd:type=&quot;Employee_ID&quot;]')</cc:expression>
                    <cc:expression>props['p.effective.date'] = parts[0].xpath('WS/wd:Enroll_in_Retirement_Savings_Plans_Request/wd:Enroll_in_Retirement_Savings_Plans_Data/wd:Event_Date')</cc:expression>
                    <cc:expression>props['p.Prior_Mang_Lev'] = parts[0].xpath(&quot;WS/Additional_info/wd:vPrior_Mang_Lev&quot;)</cc:expression>
                    <cc:expression>props['p.Mang_Lev'] = parts[0].xpath(&quot;WS/Additional_info/wd:vMang_Lev&quot;)</cc:expression>
                    <cc:expression>props['p.vPaygroup'] = parts[0].xpath(&quot;WS/Additional_info/wd:vPaygroup&quot;)</cc:expression>
                    <cc:expression>props['p.vRetirementSavingsPlan'] = parts[0].xpath(&quot;WS/Additional_info/wd:vRetirementSavingsPlan&quot;)</cc:expression>
                    <cc:expression>props['p.vAction'] = parts[0].xpath(&quot;WS/Additional_info/wd:Action&quot;)</cc:expression>
                    <cc:expression>props['p.Prior_Budget_Lev'] = parts[0].xpath(&quot;WS/Additional_info/wd:vPrior_Budget_Lev&quot;)</cc:expression>
                    <cc:expression>props['p.Budget_Lev'] = parts[0].xpath(&quot;WS/Additional_info/wd:vBudget_Lev&quot;)</cc:expression>
                    <cc:expression>props['total.count'] = props['total.count'] + 1</cc:expression>
                    <cc:expression>props['p.Rehireflag'] = parts[0].xpath(&quot;WS/Additional_info/wd:Rehire_Flag&quot;)</cc:expression>
                </cc:eval>
            </cc:steps>
        </cc:async-mediation>
        <cc:async-mediation id="Transform" routes-to="SplitterWS" handle-downstream-errors="true">
            <cc:steps>
                <cc:copy id="Copy" input="variable" input-variable="vStoredAggreEmp.xml"/>
                <cc:xslt-plus id="TransformWS" output="message" input="message" url="Transform.xsl"/></cc:steps>
            <cc:send-error id="SendError" routes-to="ProcessHandler-Error"/>
        </cc:async-mediation>
        <cc:local-out id="Transform-Error" endpoint="vm://wcc/PutIntegrationMessage"><cc:set name="is.message.severity" value="'INFO'"/><cc:set name="is.message.summary" value="'No Management/Budget Level movement ' +  context.errorMessage"/></cc:local-out>
        <cc:local-out id="Call-Audit-Enroll-Log" endpoint="vm://INT5386-DC-Restoration-Plan-Eligibility-Boomerang/Audit-Enroll-Log"><cc:set name="set" value="props['p.close.enroll.log']=true"/></cc:local-out>
        <cc:local-out id="Log-Posted" endpoint="vm://wcc/PutIntegrationMessage">
            <cc:set name="is.message.severity" value="'INFO'"/>
            <cc:set name="is.message.summary" value="props['pECount'] # ' employees have been updated in the tenant and Enrollment log attached.'"/>
            <cc:set name="is.document.variable.name" value="&quot;vStore&quot;"/>
            <cc:set name="is.document.file.name" value="&quot;INT5386nrollmentsLog.csv&quot;"/>
            <cc:set name="is.document.labels" value="&quot;Log02_02R&quot;"/>
        </cc:local-out>
	</cc:assembly>

</beans>