<?xml version="1.0" encoding="UTF-8"?>
<RaaSRecord xmlns:xs="http://www.w3.org/2001/XMLSchema"
	xmlns:xsd="http://www.w3.org/2001/XMLSchema" xmlns:wd="urn:com.workday.report/All_Calculated_Fields_Analyzer"
	xmlns:this="urn:my-scripts">
	<Calculated_Field_Name>CF RPT Last, First Name</Calculated_Field_Name>
	<Field_Source>Calculated</Field_Source>
	<Field>Legal Name - First Name</Field>
	<Area>Custom Report!Custom Report!Custom Report!Custom Report!Custom
		Report!Custom Report!Custom Report!Custom Report!Custom Report!Custom
		Report!Custom Report!Custom Report!Custom Report</Area>
	<Object_Details>INT0154 OC Tanner (EIBMasterUser /)
		!Payroll - Payroll
		Off-Cycle Payments - RPT1010 (Do
		Not Use) (Report Master User /)!Employee Data - Work from Home Audit
		Report -
		RPT871 (Report Master User /)!Payroll - Payroll Off-Cycle Payments - RPT1010
		(Report Master User /)!International Assignment - International
		Assignment
		US Payment Data - RPT833 (Report Master User /)!Payroll - I9 Validation
		Report for Blank
		Disposition - RPT891 (Report Master User /)!International Assignment -
		International Assignee
		Shadow Report - RPT652 (Report Master User /)!International Assignment -
		International Assignment
		and Shadow with Compensation - RPT821 (Report Master User /)
		!International Assignment - International Assignment
		Home Salary - RPT820 (Report Master User /)!International Assignment -
		International Assignment
		USA Immigration Report - RPT1008 (Report Master User /)
		!Payroll - I9
		Validation Report for Disposition of 7
		- RPT890 (Report Master User /)!Payroll - I9 Validation Report for
		Expired
		Documents - RPT893 (Report Master User /)!International Assignment -
		International Assignment
		Earnings and Deductions - RPT818 (Report Master User /)
	</Object_Details>
</RaaSRecord>