<?xml version="1.0" encoding="UTF-8"?>
<beans
     xmlns="http://www.springframework.org/schema/beans"
     xmlns:beans="http://www.springframework.org/schema/beans"
     xmlns:atom="http://www.w3.org/2005/Atom"
     xmlns:cc="http://www.capeclear.com/assembly/10"
     xmlns:cloud="urn:com.workday/esb/cloud/10.0"
     xmlns:env="http://schemas.xmlsoap.org/soap/envelope/"
     xmlns:pi="urn:com.workday/picof"
     xmlns:wd="urn:com.workday/bsvc"
     xmlns:xsi="http://www.w3.org/2001/XMLSchema-instance">
 
	<cc:assembly id="WorkdayAssembly" version="2019.6">
        <cc:local-out id="Call_Process_File" store-message="none" routes-response-to="Call_Store_File" endpoint="vm://INT0016_Enterprise_Data_Inbound_V2/Process_File"/>
        <cc:local-out id="PIMCopyError" endpoint="vm://wcc/PutIntegrationMessage">
            <cc:set name="is.message.severity" value="'WARNING'"/>
            <cc:set name="is.message.summary" value="'Empty file retrieved.' + context.errorMessage"/>
            <cc:set name="is.message.detail" value="context.errorMessage"/>
        </cc:local-out>
        <cc:async-mediation id="CopyFile" routes-to="Call_Process_File" handle-downstream-errors="true">
            <cc:steps>
                <cc:validate-exp id="CheckEmptyFile">
                    <cc:expression failure-message="The input file has no data to process.">vars['file.inbound'].length != 0</cc:expression>
                </cc:validate-exp>
            </cc:steps>
            <cc:send-error id="SendError" rethrow-error="false" routes-to="PIMCopyError"/>
        </cc:async-mediation>
        <cc:route id="FiletoVar">
            <cc:doc-iterator variable-name="file.inbound"/>
            <cc:sub-route name="EachFile" routes-to="CopyFile"/>
        </cc:route>
        <cc:local-out id="PIMFileError" endpoint="vm://wcc/PutIntegrationMessage">
            <cc:set name="is.message.severity" value="'CRITICAL'"/>
            <cc:set name="is.message.summary" value="'Error occured during file retrieval.' +  context.errorMessage"/>
            <cc:set name="is.message.detail" value="context.errorMessage"/>
        </cc:local-out>
        <cc:async-mediation id="File_Count" routes-to="FiletoVar" handle-downstream-errors="true">
            <cc:steps>
                <cc:validate-exp id="CheckFileCount">
                    <cc:expression failure-message="There were no files on the SFTP site that matches the file name pattern configured in the document retrieval step.   Please make sure the file is in the correct folder.">da.size() > 0</cc:expression>
                </cc:validate-exp>
            </cc:steps>
            <cc:send-error id="SendError" rethrow-error="false" routes-to="PIMFileError"/>
        </cc:async-mediation>
        <cc:local-out id="GetEventDocuments" routes-response-to="File_Count" endpoint="vm://wcc/GetEventDocuments">
            <cc:set name="ie.event.wid" value="lp.isSet() ? lp.getIntegrationEventWID() : null"/>
        </cc:local-out>
        <cc:workday-in id="StartHere" routes-to="GetEventDocuments">
            <cc:integration-system name="INT0016 - Enterprise Data Inbound V2">
        <cloud:param name="Validate Only Mode">
          <cloud:type>
            <cloud:simple-type>boolean</cloud:simple-type>
          </cloud:type>
        </cloud:param>
        <cloud:param name="Debug Mode">
          <cloud:type>
            <cloud:simple-type>boolean</cloud:simple-type>
          </cloud:type>
          <cloud:default>
            <cloud:boolean>false</cloud:boolean>
          </cloud:default>
        </cloud:param>
        <cloud:attribute-map-service name="INT0016_Attribute_Svc">
          <cloud:attribute name="Enterprise ID Type">
            <cloud:type>
              <cloud:class-report-field description="Custom ID Type" type="WID" singular="true">30477c4518364b2fa88be7f520a6aeaf</cloud:class-report-field>
            </cloud:type>
          </cloud:attribute>
          <cloud:attribute name="Mailstop and Floor Type">
            <cloud:type>
              <cloud:class-report-field description="Custom ID Type" type="WID" singular="true">30477c4518364b2fa88be7f520a6aeaf</cloud:class-report-field>
            </cloud:type>
          </cloud:attribute>
          <cloud:attribute name="Email Type">
            <cloud:type>
              <cloud:class-report-field description="Communication Usage Type" type="WID" singular="true">1ab7ccc0e9a710001dd11b119d7e3664</cloud:class-report-field>
            </cloud:type>
          </cloud:attribute>
        </cloud:attribute-map-service>
        <cloud:report-service name="INT0016 - Enterprise Data Inbound_RS">
          <cloud:report-alias description="INT0016 - Worker Data - V2" name="INT0016_Worker_Data">
            <cloud:report-reference description="INT0016 - Worker Data - V2" type="WID">a5c271346cdc100c6686bafae9940000</cloud:report-reference>
          </cloud:report-alias>
        </cloud:report-service>
        <cloud:service-reference name="INT0016_Field_Override_Service"/>
      </cc:integration-system>
        </cc:workday-in>
        <cc:local-in id="Process_File" routes-to="Initialize"/>
        <cc:async-mediation id="Initialize" routes-to="AsyncMediation" handle-downstream-errors="true">
            <cc:steps>
                <cc:eval id="Dates"><cc:expression>props['current.datetime'] = util.currentDateTimeAsString()</cc:expression>
                    <cc:expression>props['p.date.parse'] = new java.text.SimpleDateFormat(&quot;yyyy-MM-dd&quot;).parse(props['current.datetime'])</cc:expression>
                    <cc:expression>props['p.date.formatted'] = new java.text.SimpleDateFormat(&quot;yyyy-MM-dd&quot;).format(props['p.date.parse'])</cc:expression>
                    <cc:expression>props['p.dateTime.parse'] = new java.text.SimpleDateFormat(&quot;yyyy-MM-dd'T'HH:mm:ss&quot;).parse(props['current.datetime'])</cc:expression>
                    <cc:expression>props['p.dateTime.formatted'] = new java.text.SimpleDateFormat(&quot;yyyy-MM-dd'T'HH:mm:ss&quot;).format(props['p.dateTime.parse'])</cc:expression>
                    <cc:expression>//props['p.datetimeinfuture']=parts[0].xpath(&quot;current-date()+1*xs:dayTimeDuration(\'P15D\')&quot;)</cc:expression>
                    <cc:expression>//props['p_future_eff_date_parse'] = new java.text.SimpleDateFormat(&quot;yyyy-MM-dd&quot;).parse(props['p.dateTime.formatted'])</cc:expression>
                    <cc:expression>//props['future_eff_date'] = new java.text.SimpleDateFormat(&quot;yyyy-MM-dd&quot;).format(props['p_future_eff_date_parse'])</cc:expression></cc:eval>
                <cc:eval id="Init">
                    <cc:expression>props['WHashMap'] = new java.util.HashMap()</cc:expression>
                    <cc:expression>props['audit.log']= new java.lang.StringBuffer()</cc:expression>
                    <cc:expression>props['ValidateOnly'] = lp.getSimpleData('Validate Only Mode') == true?1:0</cc:expression>
                    <cc:expression>props['Att_Entid'] = intsys.getAttributeReferenceData('Enterprise ID Type', 'Custom_ID_Type_ID')</cc:expression>
                    <cc:expression>props['Att_MFid'] = intsys.getAttributeReferenceData('Mailstop and Floor Type', 'Custom_ID_Type_ID')</cc:expression>
                    <cc:expression>props['Att_Work'] = intsys.getAttributeReferenceData('Email Type', 'Communication_Usage_Type_ID')</cc:expression>
                    <cc:expression>props['Rec_Received'] = 0</cc:expression>
                    <cc:expression>props['Rec_Processed'] = 0</cc:expression>
                    <cc:expression>props['Rec_Error'] = 0</cc:expression>
                    <cc:expression>props['Rec_Skipped'] = 0</cc:expression>
                    <cc:expression>props['p.ee.hash.mvmap'] = new java.util.HashMap()</cc:expression>
                    <cc:expression>props['DebugOnly'] = lp.getSimpleData('Debug Mode') == true?1:0</cc:expression>
                </cc:eval>
            </cc:steps>
            <cc:send-error id="SendError" rethrow-error="false" routes-to="PIMInitError"/>
        </cc:async-mediation>
        <cc:local-out id="PIMInitError" endpoint="vm://wcc/PutIntegrationMessage">
            <cc:set name="is.message.severity" value="'CRITICAL'"/>
            <cc:set name="is.message.summary" value="'Error occured during initialization.' +  context.errorMessage"/>
            <cc:set name="is.message.detail" value="context.errorMessage"/>
        </cc:local-out>
        <cc:local-out id="Call_Get_Workers" store-message="none" routes-response-to="PutIntegrationMessage1" endpoint="vm://INT0016_Enterprise_Data_Inbound_V2/Get_Workers"/>
        <cc:local-out id="PIMHashError0" endpoint="vm://wcc/PutIntegrationMessage">
            <cc:set name="is.message.severity" value="'ERROR'"/>
            <cc:set name="is.message.summary" value="'Error occured while loading Worker hashmap.' +  context.errorMessage"/>
            <cc:set name="is.message.detail" value="context.errorMessage"/>
        </cc:local-out>
        <cc:async-mediation id="Fill_Hash" handle-downstream-errors="true">
            <cc:steps>
                <cc:eval id="Eval">
                    <cc:expression>props['W_HashKey'] = parts[0].xpath('/wd:Report_Entry/wd:Employee_ID')</cc:expression>
                    <cc:expression>props['WHashMap'].put(props['W_HashKey'],parts[0].text)</cc:expression>
                </cc:eval>
            </cc:steps>
            <cc:send-error id="SendError" rethrow-error="false" routes-to="PIMHashError0"/>
        </cc:async-mediation>
        <cc:splitter id="Split_Workers" no-split-message-error="false">
            <cc:sub-route name="SubRoute" routes-to="Fill_Hash"/>
            <cc:xml-stream-splitter xpath="/wd:Report_Data/wd:Report_Entry"/>
        </cc:splitter>
        <cc:local-in id="Get_Workers" routes-to="WorkdayOutRest"/>
        <cc:local-out id="Call_Process_Data" store-message="none" endpoint="vm://INT0016_Enterprise_Data_Inbound_V2/Process_Data"/>
        <cc:local-in id="Process_Data" routes-to="Get_Input_Var"/>
        <cc:local-out id="PIMVarError" endpoint="vm://wcc/PutIntegrationMessage">
            <cc:set name="is.message.severity" value="'ERROR'"/>
            <cc:set name="is.message.summary" value="'Error occured during processing records.' +  context.errorMessage"/>
            <cc:set name="is.message.detail" value="context.errorMessage"/>
        </cc:local-out>
        <cc:async-mediation id="Get_Input_Var" routes-to="Splitter" handle-downstream-errors="true">
            <cc:steps>
                <cc:write id="Write" input="variable" input-variable="file.inbound">
                    <cc:message>
                        <cc:message-content/>
                    </cc:message>
                </cc:write>
            </cc:steps>
            <cc:send-error id="SendError" rethrow-error="false" routes-to="PIMVarError"/>
        </cc:async-mediation>
        <cc:async-mediation id="Read_Validate" routes-to="AsyncMediation0" handle-downstream-errors="true">
            <cc:steps>
                <cc:textschema id="Textschema" style="text2xml" url="INT0016-Text2Xml.xsd"/>
                <cc:log id="Log0">
                    <cc:log-message>
                        <cc:text>After Text scheema</cc:text>
                        <cc:message-content/>
                    </cc:log-message>
                </cc:log>
                <cc:eval id="Eval">
                    <cc:expression>props['In_Emplid_D'] = parts[0].xpath('File/rec/ts_emplid').trim()</cc:expression>
                    <cc:expression>//props['In_Email'] = 'BMO.TEST.MAILBOX@ALIGHT.COM'</cc:expression>
                    <cc:expression>props['In_Email_D'] = parts[0].xpath('File/rec/ts_email').trim()</cc:expression>
                    <cc:expression>props['In_Mailstop_D'] = parts[0].xpath('File/rec/ts_mailstop').trim()</cc:expression>
                    <cc:expression>props['In_Flr_D'] = parts[0].xpath('File/rec/ts_floor').trim()</cc:expression>
                    <cc:expression>props['In_Floor_C_D']= props['In_Mailstop_D'] # ':' # parts[0].xpath('File/rec/ts_floor').trim().replaceAll(&quot;'&quot;, '') </cc:expression>
                    <cc:expression>props['In_Floor_D'] = props['In_Mailstop_D'] # ':' # parts[0].xpath('File/rec/ts_floor').trim()</cc:expression>
                    <cc:expression>props['In_EID_D'] = parts[0].xpath('File/rec/ts_entid').trim()</cc:expression>
                    <cc:expression>//props['EID_Upper'] = props['In_EID'].toUpperCase()</cc:expression>
                    <cc:expression>props['Skip_Rec'] = 'N'</cc:expression>
                    <cc:expression>props['Rec_Received'] = props['Rec_Received'] + 1</cc:expression>
                </cc:eval>
                <cc:log id="Log">
                    <cc:log-message>
                        <cc:text>After  Teext scheema eval&#xD;
props['In_Emplid_D']------------@{props['In_Emplid_D']}</cc:text>
                    </cc:log-message>
                </cc:log>
                <cc:validate-exp id="ValidateExp">
                    <cc:expression failure-message="Worker id passed in the file is blank.">props['In_Emplid_D'] != empty</cc:expression>
                    <cc:expression failure-message="Worker ID in EDS does not exist in Workday.">props['WHashMap'].containsKey(props['In_Emplid_D'])</cc:expression>
                </cc:validate-exp>
                <cc:eval id="Eval00">
                    <cc:expression>vars['Whash'] = props['WHashMap'].get(props['In_Emplid_D'])</cc:expression>
                    <cc:expression>props['WD_email'] = vars['Whash'] != empty? vars['Whash'].xpath('/wd:Report_Entry/wd:Email_Work/wd:Email')</cc:expression>
                    <cc:expression>if(props['WD_email']!=props['In_Email_D'])&#xD;
{&#xD;
props['Email_exists']='false'&#xD;
}&#xD;
else &#xD;
{&#xD;
props['Email_exists']='true'&#xD;
}</cc:expression>
                    <cc:expression>//props['Email_exists'] = vars['Whash'].xpathB(props['Email_path']);&#xD;
//props['Email_path']=&quot;wd:Worker/wd:Worker_Data/wd:Personal_Data/wd:Contact_Data/wd:Email_Address_Data[wd:Usage_Data/wd:Type_Data[@wd:Primary='1']/wd:Type_Reference/wd:ID[@wd:type='Communication_Usage_Type_ID']='&quot; # props['Att_Work'] # &quot;']/wd:Email_Address = '&quot; # props['In_Email'];&#xD;
</cc:expression>
                    <cc:expression>props['EID_path']= vars['Whash'] != empty? vars['Whash'].xpath('/wd:Report_Entry/wd:Enterprise_ID/@wd:Descriptor')</cc:expression>
                    <cc:expression>if(props['EID_path']!=props['In_EID_D'])&#xD;
{&#xD;
props['EID_exists']='false'&#xD;
}&#xD;
else &#xD;
{&#xD;
props['EID_exists']='true'&#xD;
}</cc:expression>
                    <cc:expression>props['CWorker_path']=vars['Whash'] != empty? vars['Whash'].xpath('/wd:Report_Entry/wd:Worker_Type/@wd:Descriptor')</cc:expression>
                    <cc:expression>if(props['CWorker_path']=='Contingent Worker')&#xD;
{&#xD;
props['Contingent_Worker']='Y'&#xD;
}&#xD;
else &#xD;
{&#xD;
props['Contingent_Worker']='N'&#xD;
}</cc:expression>
                    <cc:expression>props['StopFloor_path'] = vars['Whash'] != empty? vars['Whash'].xpath('/wd:Report_Entry/wd:Mailstop_Floor')</cc:expression>
                    <cc:expression>if(props['StopFloor_path']!=props['In_Floor_C_D'])&#xD;
{&#xD;
props['StopFloor_exists']='false'&#xD;
}&#xD;
else &#xD;
{&#xD;
props['StopFloor_exists']='true'&#xD;
}</cc:expression>
                    <cc:expression>props['Skip_Rec'] = props['Email_exists'] == false || props['EID_exists'] == false || props['StopFloor_exists'] == false?'N':'Y'</cc:expression>
                    <cc:expression>props['floor_sharerefid'] = vars['Whash'] != empty? vars['Whash'].xpath('/wd:Report_Entry/wd:Mailstop_Floor')</cc:expression>
                    <cc:expression>props['ent_sharerefid']= vars['Whash'] != empty? vars['Whash'].xpath('/wd:Report_Entry/wd:Enterprise_ID/@wd:Descriptor')</cc:expression>
                    <cc:expression>props['WD_Ref_Mail'] = vars['Whash'] != empty? vars['Whash'].xpath('/wd:Report_Entry/wd:Mailstop_Ref_ID')</cc:expression>
                    <cc:expression>props['WD_Ref_Ent'] = vars['Whash'] != empty? vars['Whash'].xpath('/wd:Report_Entry/wd:Ent_Ref_ID')</cc:expression>
                    <cc:expression>props['WD_Hire_Date'] = vars['Whash'] != empty? vars['Whash'].xpath('/wd:Report_Entry/wd:Hire_Date')</cc:expression>
                    <cc:expression>props['Previous_ID_Ref'] = vars['Whash'] != empty? vars['Whash'].xpath('/wd:Report_Entry/wd:Previous_ID_org/wd:ID[2]')</cc:expression>
                    <cc:expression>props['Email_flag'] = vars['Whash'] != empty? vars['Whash'].xpath('/wd:Report_Entry/wd:Email_Flag')</cc:expression>
                    <cc:expression>props['WD_Email_Ref_NP'] = vars['Whash'] != empty? vars['Whash'].xpath('/wd:Report_Entry/wd:Email_Address_NP')</cc:expression>
                </cc:eval>
                <cc:eval id="Eval1">
                    <cc:expression>vars['p.ee.mvnode']=props['WHashMap'].get(props['In_Emplid_D'])</cc:expression>
                    <cc:expression>props['r.remployeeID'] = vars['p.ee.mvnode'] != empty?vars['p.ee.mvnode'].xpath('wd:Report_Entry/wd:Employee_ID')</cc:expression>
                    <cc:expression>props['r.rreferenceID'] = vars['p.ee.mvnode'] != empty?vars['p.ee.mvnode'].xpath('wd:Report_Entry/wd:Email_Work/wd:Email_ID')</cc:expression>
                    <cc:expression>props['r.rremailID'] = vars['p.ee.mvnode'] != empty?vars['p.ee.mvnode'].xpath('wd:Report_Entry/wd:Email_Work/wd:Email')</cc:expression>
                </cc:eval>
                <cc:log id="Log1">
                    <cc:log-message>
                        <cc:text>contingent worker&#xD;
props['CWorker_path'] = @{props['CWorker_path']}&#xD;
props['Contingent_Worker'] = @{props['Contingent_Worker']}&#xD;
props['WD_email'] = @{props['WD_email']}&#xD;
props['Previous_ID_Ref'] = @{props['Previous_ID_Ref']}&#xD;
props['Email_flag'] = @{props['Email_flag']}&#xD;
</cc:text>
                    </cc:log-message>
                </cc:log>
            </cc:steps>
            <cc:send-error id="SendError" rethrow-error="false" routes-to="Call_Log1"/>
        </cc:async-mediation>
        <cc:local-out id="Call_Update_Process" store-message="none" endpoint="vm://INT0016_Enterprise_Data_Inbound_V2/Update_Process"/>
        <cc:local-out id="Call_Log1" store-message="none" endpoint="vm://INT0016_Enterprise_Data_Inbound_V2/Error_Log"/>
        <cc:local-in id="Update_Process" routes-to="Create_Email_Request_Out"/>
        <cc:workday-out-soap id="Create_Email_WS" execute-when="props['Email_exists'] == false" application="Human_Resources" version="v32.1"/>
        <cc:async-mediation id="Create_Email_Request" routes-to="Set_Hdr1" execute-steps-when="props['Email_exists'] == false" handle-downstream-errors="true">
            <cc:steps>
                <cc:xslt-plus id="XsltPlus" url="INT0016_Email_Update.xsl"/>
                <cc:log id="Log">
                    <cc:log-message>
                        <cc:text>###Create Email ID###</cc:text>
                        <cc:message-content/>
                    </cc:log-message>
                </cc:log>
                <cc:wrap-soap id="WrapSoap"/>
            </cc:steps>
            <cc:send-error id="SendError" routes-to="Call_Log2"/>
        </cc:async-mediation>
        <cc:local-out id="PIMGlobal" endpoint="vm://wcc/PutIntegrationMessage">
            <cc:set name="is.message.severity" value="'CRITICAL'"/>
            <cc:set name="is.message.summary" value="'Critical Error occurred, aborting.'"/>
            <cc:set name="is.message.detail" value="context.errorMessage"/>
        </cc:local-out>
        <cc:send-error id="SendGlobalError" routes-to="PIMGlobal"/>
        <cc:local-in id="Error_Log" routes-to="Error_Data"/>
        <cc:async-mediation id="Error_Data" handle-downstream-errors="true">
            <cc:steps>
                <cc:eval id="Eval">
                    <cc:expression>props['errorocc'] = 'Y'</cc:expression>
                    <cc:expression>props['Err_War'] = props['Skip_Rec'] == 'N'?'Error - ':'Warning - '</cc:expression>
                    <cc:expression>props['ContextErr'] = '&quot;' # context.errorMessage # '&quot;'</cc:expression>
                    <cc:expression>props['audit.log'].append(props['In_Emplid_D'] # ',' # props['In_Email_D'] # ',' # '&quot;' # props['In_Floor_D'] # '&quot;' # ',' # props['In_EID_D'] # ',' # props['Err_War'] # props['ContextErr'] + '\r\n')</cc:expression>
                    <cc:expression>props['Rec_Error'] = props['Skip_Rec'] == 'N'?props['Rec_Error'] + 1:props['Rec_Error']</cc:expression>
                    <cc:expression>props['Rec_Skipped'] = props['Skip_Rec'] == 'Y'?props['Rec_Skipped'] + 1:props['Rec_Skipped']</cc:expression>
                </cc:eval>
            </cc:steps>
            <cc:send-error id="SendError" rethrow-error="false" routes-to="PIMLogError"/>
        </cc:async-mediation>
        <cc:local-out id="PIMLogError" endpoint="vm://wcc/PutIntegrationMessage">
            <cc:set name="is.message.severity" value="'ERROR'"/>
            <cc:set name="is.message.summary" value="'Unexpected error occured while consolidating error records for audit log file.' +  context.errorMessage"/>
            <cc:set name="is.message.detail" value="context.errorMessage"/>
        </cc:local-out>
        <cc:local-out id="PIMLogError0" endpoint="vm://wcc/PutIntegrationMessage">
            <cc:set name="is.message.severity" value="'ERROR'"/>
            <cc:set name="is.message.summary" value="'Unexpected error occured while consolidating success records for audit log file.' +  context.errorMessage"/>
            <cc:set name="is.message.detail" value="context.errorMessage"/>
        </cc:local-out>
        <cc:async-mediation id="Success_Data" handle-downstream-errors="true">
            <cc:steps>
                <cc:eval id="Eval">
                    <cc:expression>//props['audit.log'].append(props['In_Emplid_D'] # ',' # props['In_Email_D'] # ',' # '&quot;' # props['In_Floor_D'] # '&quot;' # ',' # props['In_EID_D'] # ',' # 'Success' + '\r\n')</cc:expression>
                    <cc:expression>props['Rec_Processed'] = props['Rec_Processed'] + 1</cc:expression>
                </cc:eval>
            </cc:steps>
            <cc:send-error id="SendError" rethrow-error="false" routes-to="PIMLogError0"/>
        </cc:async-mediation>
        <cc:local-in id="Success_Log" routes-to="Success_Data"/>
        <cc:local-out id="Call_Store_File" store-message="none" endpoint="vm://INT0016_Enterprise_Data_Inbound_V2/Store_File"/>
        <cc:local-in id="Store_File" routes-to="Generate_Log"/>
        <cc:local-out id="PIMLogError1" endpoint="vm://wcc/PutIntegrationMessage">
            <cc:set name="is.message.severity" value="'ERROR'"/>
            <cc:set name="is.message.summary" value="'Error occured generating Audit log file.' +  context.errorMessage"/>
            <cc:set name="is.message.detail" value="context.errorMessage"/>
        </cc:local-out>
        <cc:async-mediation id="Generate_Log" routes-to="CallSubRoutine" handle-downstream-errors="true">
            <cc:steps>
                <cc:set-headers id="SetHeaders">
                    <cc:remove-headers/>
                    <cc:add-headers>
                        <cc:add-header name="X-Validate-Only" value="0"/>
                    </cc:add-headers>
                </cc:set-headers>
                <cc:write id="Write" output="message">
                    <cc:message>
                        <cc:text>Employee ID,Email,Mailstop:Floor,Enterprise ID,Error&#xD;
@{props['audit.log'].toString()}&#xD;
&#xD;
Total No of records Received   : @{props['Rec_Received']}&#xD;
Total No of records Processed  : @{props['Rec_Processed']}&#xD;
Total No of records Errored      : @{props['Rec_Error']}&#xD;
Total No of records Bypassed   : @{props['Rec_Skipped']}&#xD;
</cc:text>
                    </cc:message>
                </cc:write>
                <cc:store id="Store" output="message" input="message" createDocumentReference="true" isAttachment="false" title="Audit_LogINT0016.csv"/>
            </cc:steps>
            <cc:send-error id="SendError" rethrow-error="false" routes-to="PIMLogError1"/>
        </cc:async-mediation>
        <cc:local-out id="PIMLogError20" execute-when="props['errorocc'] == 'Y' " endpoint="vm://wcc/PutIntegrationMessage">
            <cc:set name="is.message.severity" value="'ERROR'"/>
            <cc:set name="is.message.summary" value="'Process Completed with Errors. Please check Audit log file for details.'"/>
            
        </cc:local-out>
        <cc:local-out id="CallSubRoutine" store-message="none" routes-response-to="PIMLogError20" endpoint="vm://wcc/PutIntegrationMessage"><cc:set name="is.message.summary" value="'Audit Log generated successfully.'"/><cc:set name="is.message.severity" value="'INFO'"/><cc:set name="is.message.storage.enabled" value="true"/></cc:local-out>
        <cc:async-mediation id="Set_Hdr1" routes-to="Create_Email_WS">
            <cc:steps>
                <cc:set-headers id="SetHeaders">
                    <cc:remove-headers/>
                    <cc:add-headers>
                        <cc:add-header name="X-Validate-Only" value="@{props['ValidateOnly']}"/>
                    </cc:add-headers>
                </cc:set-headers></cc:steps>
        </cc:async-mediation>
        <cc:async-mediation id="Set_Hdr2" routes-to="AsyncMediation1">
            <cc:steps>
                <cc:set-headers id="SetHeaders">
                    <cc:remove-headers/>
                    <cc:add-headers>
                        <cc:add-header name="X-Validate-Only" value="0"/>
                    </cc:add-headers>
                </cc:set-headers>
            </cc:steps>
        </cc:async-mediation>
        <cc:splitter id="Splitter">
            <cc:sub-route name="Detail" routes-to="Read_Validate"/>
            <cc:standard-splitter>
                <cc:header-fixed-lines lines-count="1"/>
                <cc:content-fixed-lines/>
                <cc:footer-fixed-lines lines-count="1"/>
            </cc:standard-splitter>
        </cc:splitter>
        <cc:async-mediation id="Set_Hdr4" routes-to="Call_Log4">
            <cc:steps>
                <cc:set-headers id="SetHeaders">
                    <cc:remove-headers/>
                    <cc:add-headers>
                        <cc:add-header name="X-Validate-Only" value="0"/>
                    </cc:add-headers>
                </cc:set-headers>
            </cc:steps>
        </cc:async-mediation>
        <cc:workday-out-soap id="Create_OtherID_WS" execute-when="props['EID_exists'] == false || props['StopFloor_exists'] == false" routes-response-to="Set_Hdr4" application="Human_Resources" version="v32.1"/>
        <cc:async-mediation id="Set_Hdr3" routes-to="Create_OtherID_WS">
            <cc:steps>
                <cc:set-headers id="SetHeaders">
                    <cc:remove-headers/>
                    <cc:add-headers>
                        <cc:add-header name="X-Validate-Only" value="@{props['ValidateOnly']}"/>
                    </cc:add-headers>
                </cc:set-headers>
            </cc:steps>
        </cc:async-mediation>
        <cc:async-mediation id="Create_OtherID_Request" routes-to="Set_Hdr3" execute-steps-when="props['EID_exists'] == false || props['StopFloor_exists'] == false" handle-downstream-errors="true">
            <cc:steps>
                <cc:xslt-plus id="XsltPlus" url="INT0016_OtherID_Update.xsl"/>
                <cc:log id="Log">
                    <cc:log-message>
                        <cc:text>Create Other ID</cc:text>
                        <cc:message-content/>
                    </cc:log-message>
                </cc:log>
                <cc:wrap-soap id="WrapSoap"/>
            </cc:steps>
            <cc:send-error id="SendError" routes-to="Call_Log3"/>
        </cc:async-mediation>
        <cc:local-out id="Call_Log2" store-message="none" endpoint="vm://INT0016_Enterprise_Data_Inbound_V2/Error_Log"/>
        <cc:local-out id="Call_Log3" store-message="none" endpoint="vm://INT0016_Enterprise_Data_Inbound_V2/Error_Log"/>
        <cc:local-out id="Call_Log4" store-message="none" endpoint="vm://INT0016_Enterprise_Data_Inbound_V2/Success_Log"/>
        <cc:local-out id="Create_Email_Request_Out" store-message="none" execute-when="props['Email_exists'] == false &amp;&amp; props['In_Email_D']!='' &amp;&amp; (props['WD_Hire_Date'] == props['p.dateTime.formatted'] ||props['WD_Hire_Date'] &lt; props['p.dateTime.formatted']) " routes-response-to="Delete_Email_Request_Out" endpoint="vm://INT0016_Enterprise_Data_Inbound_V2/Create_Email_Request_In"/>
        <cc:local-in id="Create_Email_Request_In" routes-to="Create_Email_Request"/>
        <cc:local-out id="Delete_Email_Request_Out" store-message="none" execute-when="props['In_Email_D']=='' &amp;&amp; props['r.rreferenceID']!=''&amp;&amp; props['r.rreferenceID']!= null" routes-response-to="Set_Hdr2" endpoint="vm://INT0016_Enterprise_Data_Inbound_V2/Delete_Email_Request_In"/>
        <cc:workday-out-soap id="Delete_Email_WS" execute-when="props['In_Email_D']=='' &amp;&amp; props['r.rreferenceID']!=''" application="Human_Resources" version="v32.1"/>
        <cc:async-mediation id="Set_Hdr10" routes-to="Delete_Email_WS">
            <cc:steps>
                <cc:set-headers id="SetHeaders">
                    <cc:remove-headers/>
                    <cc:add-headers>
                        <cc:add-header name="X-Validate-Only" value="@{props['ValidateOnly']}"/>
                    </cc:add-headers>
                </cc:set-headers>
            </cc:steps>
        </cc:async-mediation>
        <cc:local-out id="Call_Log20" store-message="none" endpoint="vm://INT0016_Enterprise_Data_Inbound_V2/Error_Log"/>
        <cc:async-mediation id="Delete_Email_Request" routes-to="Set_Hdr10" execute-steps-when="props['In_Email_D']==''" handle-downstream-errors="true">
            <cc:steps>
                <cc:xslt-plus id="XsltPlus" url="Delete_EmaiID.xsl"/>
                <cc:wrap-soap id="WrapSoap"/>
            </cc:steps>
            <cc:send-error id="SendError" routes-to="Call_Log20"/>
        </cc:async-mediation>
        <cc:local-in id="Delete_Email_Request_In" routes-to="Delete_Email_Request"/>
        <cc:async-mediation id="AsyncMediation" routes-to="PutIntegrationMessage10" execute-steps-when="props['DebugOnly'] == 1">
            <cc:steps>
                <cc:log id="Log">
                    <cc:log-message>
                        <cc:text>###Init###&#xD;
props['p.date.formatted']-------@{props['p.date.formatted']}&#xD;
props['future_eff_date']---------@{props['future_eff_date']}&#xD;
</cc:text>
                    </cc:log-message>
                </cc:log></cc:steps>
        </cc:async-mediation>
        <cc:async-mediation id="AsyncMediation0" routes-to="Call_Update_Process" execute-steps-when="props['DebugOnly'] == 1">
            <cc:steps>
                <cc:log id="Log">
                    <cc:log-message>
                        <cc:text>#############Log to Check Email Reference ID#############&#xD;
props['In_Emplid_D']-----------------@{props['In_Emplid_D']}&#xD;
props['In_Floor']-------------------@{props['In_Floor']}&#xD;
props['In_Email_D']-------------------@{props['In_Email_D']}&#xD;
props['Email_path']----------------@{props['Email_path']}&#xD;
props['WD_email']-----------------@{props['WD_email']}&#xD;
props['Email_exists']----------------@{props['Email_exists']}&#xD;
props['r.remployeeID']--------------@{props['r.remployeeID']}&#xD;
props['r.rreferenceID']---------------@{props['r.rreferenceID']}&#xD;
props['r.rremailID']-------------------@{props['r.rremailID']}&#xD;
props['Hire_Date']--------------------@{props['Hire_Date']}&#xD;
props['Previous_ID']-----------------@{props['Previous_ID']}&#xD;
props['WD_Email_Ref_NP']-----------@{props['WD_Email_Ref_NP']}&#xD;
props['Email_flag']props['Email_flag']-@{props['Email_flag']}</cc:text>
                    </cc:log-message>
                </cc:log>
            </cc:steps>
        </cc:async-mediation>
        <cc:async-mediation id="AsyncMediation1" routes-to="Create_OtherID_Request" execute-steps-when="props['DebugOnly'] == 1">
            <cc:steps>
                <cc:log id="Log">
                    <cc:log-message>
                        <cc:text>After Email Update&#xD;
props['In_Emplid']---------@{props['In_Emplid']}</cc:text>
                    </cc:log-message>
                </cc:log>
            </cc:steps>
        </cc:async-mediation>
        <cc:local-out id="PutIntegrationMessage1" routes-response-to="Call_Process_Data" endpoint="vm://wcc/PutIntegrationMessage">
            <cc:set name="is.message.severity" value="'INFO'"/>
            <cc:set name="is.message.summary" value="'End Get Workers'"/>
        </cc:local-out>
        <cc:local-out id="PutIntegrationMessage10" routes-response-to="Call_Get_Workers" endpoint="vm://wcc/PutIntegrationMessage">
            <cc:set name="is.message.severity" value="'INFO'"/>
            <cc:set name="is.message.summary" value="'Processing Get Workers'"/>
        </cc:local-out>
        <cc:workday-out-rest id="WorkdayOutRest" routes-response-to="Split_Workers" extra-path="@{intsys.reportService.getExtrapath('INT0016_Worker_Data')}"/>
	</cc:assembly>

</beans>