<?xml version="1.0" encoding="UTF-8"?>
<wdnm:Diagram xmlns:wdnm="http://workday.com/studio/editors/notation">
  <element href="assembly.xml#WorkdayAssembly"/>
  <visualProperties>
    <element href="assembly.xml#StartHere"/>
  </visualProperties>
  <visualProperties>
    <element href="assembly.xml#GetEventDocuments"/>
  </visualProperties>
  <visualProperties>
    <element href="assembly.xml#File_Count"/>
  </visualProperties>
  <visualProperties>
    <element href="assembly.xml#PIMFileError"/>
  </visualProperties>
  <visualProperties>
    <element href="assembly.xml#FiletoVar"/>
  </visualProperties>
  <visualProperties>
    <element href="assembly.xml#CopyFile"/>
  </visualProperties>
  <visualProperties>
    <element href="assembly.xml#PIMCopyError"/>
  </visualProperties>
  <visualProperties>
    <element href="assembly.xml#Call_Process_File"/>
  </visualProperties>
  <visualProperties x="11" y="376">
    <element href="assembly.xml#Process_File"/>
  </visualProperties>
  <visualProperties>
    <element href="assembly.xml#Initialize"/>
  </visualProperties>
  <visualProperties y="22">
    <element href="assembly.xml#PIMInitError"/>
  </visualProperties>
  <visualProperties x="1059" y="703">
    <element href="assembly.xml#Call_Get_Workers"/>
  </visualProperties>
  <visualProperties>
    <element href="assembly.xml#Get_Workers"/>
  </visualProperties>
  <visualProperties>
    <element href="assembly.xml#Split_Workers"/>
  </visualProperties>
  <visualProperties>
    <element href="assembly.xml#Fill_Hash"/>
  </visualProperties>
  <visualProperties>
    <element href="assembly.xml#PIMHashError0"/>
  </visualProperties>
  <visualProperties x="1027" y="446">
    <element href="assembly.xml#Call_Process_Data"/>
  </visualProperties>
  <visualProperties x="63" y="1451">
    <element href="assembly.xml#Process_Data"/>
  </visualProperties>
  <visualProperties>
    <element href="assembly.xml#Get_Input_Var"/>
  </visualProperties>
  <visualProperties>
    <element href="assembly.xml#PIMVarError"/>
  </visualProperties>
  <visualProperties>
    <element href="assembly.xml#Read_Validate"/>
  </visualProperties>
  <visualProperties x="917" y="1521">
    <element href="assembly.xml#Call_Update_Process"/>
  </visualProperties>
  <visualProperties x="710" y="1717">
    <element href="assembly.xml#Call_Log1"/>
  </visualProperties>
  <visualProperties x="65" y="1945">
    <element href="assembly.xml#Update_Process"/>
  </visualProperties>
  <visualProperties x="854" y="2160">
    <element href="assembly.xml#Create_Email_Request"/>
  </visualProperties>
  <visualProperties x="1110" y="2205">
    <element href="assembly.xml#Create_Email_WS"/>
  </visualProperties>
  <visualProperties>
    <element href="assembly.xml#//@beans/@mixed.1/@mixed.55"/>
  </visualProperties>
  <visualProperties>
    <element href="assembly.xml#PIMGlobal"/>
  </visualProperties>
  <visualProperties x="526" y="2775">
    <element href="assembly.xml#Error_Log"/>
  </visualProperties>
  <visualProperties x="633" y="2794">
    <element href="assembly.xml#Error_Data"/>
  </visualProperties>
  <visualProperties y="2481">
    <element href="assembly.xml#PIMLogError"/>
  </visualProperties>
  <visualProperties>
    <element href="assembly.xml#Success_Log"/>
  </visualProperties>
  <visualProperties>
    <element href="assembly.xml#Success_Data"/>
  </visualProperties>
  <visualProperties>
    <element href="assembly.xml#PIMLogError0"/>
  </visualProperties>
  <visualProperties x="1134" y="200">
    <element href="assembly.xml#Call_Store_File"/>
  </visualProperties>
  <visualProperties x="916" y="3160">
    <element href="assembly.xml#Store_File"/>
  </visualProperties>
  <visualProperties>
    <element href="assembly.xml#Generate_Log"/>
  </visualProperties>
  <visualProperties>
    <element href="assembly.xml#PIMLogError1"/>
  </visualProperties>
  <visualProperties x="1703" y="3477">
    <element href="assembly.xml#PIMLogError20"/>
  </visualProperties>
  <visualProperties x="1398" y="3282">
    <element href="assembly.xml#CallSubRoutine"/>
  </visualProperties>
  <visualProperties x="496" y="1793">
    <element href="assembly.xml#Set_Hdr1"/>
  </visualProperties>
  <visualProperties x="657" y="1700">
    <element href="assembly.xml#Set_Hdr2"/>
  </visualProperties>
  <visualProperties x="1224" y="1444">
    <element href="assembly.xml#Splitter"/>
  </visualProperties>
  <visualProperties>
    <element href="assembly.xml#Create_OtherID_Request"/>
  </visualProperties>
  <visualProperties>
    <element href="assembly.xml#Set_Hdr3"/>
  </visualProperties>
  <visualProperties>
    <element href="assembly.xml#Create_OtherID_WS"/>
  </visualProperties>
  <visualProperties>
    <element href="assembly.xml#Set_Hdr4"/>
  </visualProperties>
  <visualProperties x="517" y="1740">
    <element href="assembly.xml#Call_Log2"/>
  </visualProperties>
  <visualProperties x="895" y="1771">
    <element href="assembly.xml#Call_Log3"/>
  </visualProperties>
  <visualProperties x="1512" y="1395">
    <element href="assembly.xml#Call_Log4"/>
  </visualProperties>
  <visualProperties x="217" y="1675">
    <element href="assembly.xml#Create_Email_Request_Out"/>
  </visualProperties>
  <visualProperties x="74" y="2020">
    <element href="assembly.xml#Create_Email_Request_In"/>
  </visualProperties>
  <visualProperties x="528" y="1649">
    <element href="assembly.xml#Delete_Email_Request_Out"/>
  </visualProperties>
  <visualProperties>
    <element href="assembly.xml#Delete_Email_Request_In"/>
  </visualProperties>
  <visualProperties>
    <element href="assembly.xml#Delete_Email_Request"/>
  </visualProperties>
  <visualProperties>
    <element href="assembly.xml#Call_Log20"/>
  </visualProperties>
  <visualProperties>
    <element href="assembly.xml#Set_Hdr10"/>
  </visualProperties>
  <visualProperties>
    <element href="assembly.xml#Delete_Email_WS"/>
  </visualProperties>
  <visualProperties x="443" y="537">
    <element href="assembly.xml#AsyncMediation"/>
  </visualProperties>
  <visualProperties x="1032" y="1216">
    <element href="assembly.xml#AsyncMediation0"/>
  </visualProperties>
  <visualProperties x="1024" y="1615">
    <element href="assembly.xml#AsyncMediation1"/>
  </visualProperties>
  <visualProperties x="165" y="700">
    <element href="assembly.xml#PutIntegrationMessage1"/>
  </visualProperties>
  <visualProperties x="1461" y="588">
    <element href="assembly.xml#PutIntegrationMessage10"/>
  </visualProperties>
  <visualProperties x="220" y="893">
    <element href="assembly.xml#WorkdayOutRest"/>
  </visualProperties>
  <connections type="routesResponseTo">
    <source href="assembly.xml#GetEventDocuments"/>
    <target href="assembly.xml#File_Count"/>
  </connections>
  <connections type="routesTo">
    <source href="assembly.xml#File_Count"/>
    <target href="assembly.xml#FiletoVar"/>
  </connections>
  <connections type="routesTo">
    <source href="assembly.xml#//@beans/@mixed.1/@mixed.11/@mixed.3"/>
    <target href="assembly.xml#PIMFileError"/>
  </connections>
  <connections type="routesTo">
    <source href="assembly.xml#//@beans/@mixed.1/@route.0/@subRoute.0"/>
    <target href="assembly.xml#CopyFile"/>
  </connections>
  <connections type="routesTo">
    <source href="assembly.xml#//@beans/@mixed.1/@mixed.5/@mixed.3"/>
    <target href="assembly.xml#PIMCopyError"/>
  </connections>
  <connections type="routesTo">
    <source href="assembly.xml#Process_File"/>
    <target href="assembly.xml#Initialize"/>
  </connections>
  <connections type="routesTo">
    <source href="assembly.xml#//@beans/@mixed.1/@mixed.19/@mixed.3"/>
    <target href="assembly.xml#PIMInitError"/>
  </connections>
  <connections type="routesTo">
    <source href="assembly.xml#//@beans/@mixed.1/@splitter.0/@subRoute.0"/>
    <target href="assembly.xml#Fill_Hash"/>
  </connections>
  <connections type="routesTo">
    <source href="assembly.xml#//@beans/@mixed.1/@mixed.27/@mixed.3"/>
    <target href="assembly.xml#PIMHashError0"/>
  </connections>
  <connections type="routesTo">
    <source href="assembly.xml#//@beans/@mixed.1/@mixed.39/@mixed.3"/>
    <target href="assembly.xml#PIMVarError"/>
  </connections>
  <connections type="routesTo">
    <source href="assembly.xml#Process_Data"/>
    <target href="assembly.xml#Get_Input_Var"/>
  </connections>
  <connections type="routesTo">
    <source href="assembly.xml#//@beans/@mixed.1/@mixed.41/@mixed.3"/>
    <target href="assembly.xml#Call_Log1"/>
  </connections>
  <connections type="routesTo" sourceAnchorX="0.9285714285714286" sourceAnchorY="0.4864864864864865" targetAnchorX="0.07692307692307693" targetAnchorY="0.40540540540540543">
    <source href="assembly.xml#//@beans/@mixed.1/@mixed.55"/>
    <target href="assembly.xml#PIMGlobal"/>
  </connections>
  <connections type="routesTo">
    <source href="assembly.xml#Error_Log"/>
    <target href="assembly.xml#Error_Data"/>
  </connections>
  <connections type="routesTo">
    <source href="assembly.xml#//@beans/@mixed.1/@mixed.59/@mixed.3"/>
    <target href="assembly.xml#PIMLogError"/>
  </connections>
  <connections type="routesTo">
    <source href="assembly.xml#Success_Log"/>
    <target href="assembly.xml#Success_Data"/>
  </connections>
  <connections type="routesTo">
    <source href="assembly.xml#//@beans/@mixed.1/@mixed.65/@mixed.3"/>
    <target href="assembly.xml#PIMLogError0"/>
  </connections>
  <connections type="routesResponseTo">
    <source href="assembly.xml#Call_Process_File"/>
    <target href="assembly.xml#Call_Store_File"/>
  </connections>
  <connections type="routesTo">
    <source href="assembly.xml#//@beans/@mixed.1/@mixed.75/@mixed.3"/>
    <target href="assembly.xml#PIMLogError1"/>
  </connections>
  <connections type="routesTo">
    <source href="assembly.xml#Store_File"/>
    <target href="assembly.xml#Generate_Log"/>
  </connections>
  <connections type="routesTo" sourceAnchorX="1.0" sourceAnchorY="0.33858267716535434" targetAnchorX="0.11392405063291139" targetAnchorY="0.8918918918918919">
    <source href="assembly.xml#Generate_Log"/>
    <target href="assembly.xml#CallSubRoutine"/>
  </connections>
  <connections type="routesResponseTo">
    <source href="assembly.xml#CallSubRoutine"/>
    <target href="assembly.xml#PIMLogError20"/>
  </connections>
  <connections type="routesTo">
    <source href="assembly.xml#Create_Email_Request"/>
    <target href="assembly.xml#Set_Hdr1"/>
  </connections>
  <connections type="routesTo">
    <source href="assembly.xml#Set_Hdr1"/>
    <target href="assembly.xml#Create_Email_WS"/>
  </connections>
  <connections type="routesTo">
    <source href="assembly.xml#//@beans/@mixed.1/@splitter.1/@subRoute.0"/>
    <target href="assembly.xml#Read_Validate"/>
  </connections>
  <connections type="routesTo">
    <source href="assembly.xml#Get_Input_Var"/>
    <target href="assembly.xml#Splitter"/>
  </connections>
  <connections type="routesTo">
    <source href="assembly.xml#Set_Hdr3"/>
    <target href="assembly.xml#Create_OtherID_WS"/>
  </connections>
  <connections type="routesResponseTo">
    <source href="assembly.xml#Create_OtherID_WS"/>
    <target href="assembly.xml#Set_Hdr4"/>
  </connections>
  <connections type="routesTo">
    <source href="assembly.xml#//@beans/@mixed.1/@mixed.51/@mixed.3"/>
    <target href="assembly.xml#Call_Log2"/>
  </connections>
  <connections type="routesTo">
    <source href="assembly.xml#//@beans/@mixed.1/@mixed.93/@mixed.3"/>
    <target href="assembly.xml#Call_Log3"/>
  </connections>
  <connections type="routesTo">
    <source href="assembly.xml#Create_OtherID_Request"/>
    <target href="assembly.xml#Set_Hdr3"/>
  </connections>
  <connections type="routesTo">
    <source href="assembly.xml#Set_Hdr4"/>
    <target href="assembly.xml#Call_Log4"/>
  </connections>
  <connections type="routesTo">
    <source href="assembly.xml#StartHere"/>
    <target href="assembly.xml#GetEventDocuments"/>
  </connections>
  <connections type="routesTo" sourceAnchorX="1.0" sourceAnchorY="0.7209302325581395" targetAnchorX="0.0594059405940594" targetAnchorY="0.2702702702702703">
    <source href="assembly.xml#CopyFile"/>
    <target href="assembly.xml#Call_Process_File"/>
  </connections>
  <connections type="routesTo" sourceAnchorX="0.9789473684210527" sourceAnchorY="0.4864864864864865" targetAnchorX="0.08540925266903915" targetAnchorY="0.5135135135135135">
    <source href="assembly.xml#Update_Process"/>
    <target href="assembly.xml#Create_Email_Request_Out"/>
  </connections>
  <connections type="routesTo" sourceAnchorX="1.0" sourceAnchorY="0.8108108108108109" targetAnchorX="0.03292181069958848" targetAnchorY="0.06976744186046512">
    <source href="assembly.xml#Create_Email_Request_In"/>
    <target href="assembly.xml#Create_Email_Request"/>
  </connections>
  <connections type="routesResponseTo" sourceAnchorX="1.0" sourceAnchorY="0.972972972972973" targetAnchorX="0.11469534050179211" targetAnchorY="0.7297297297297297">
    <source href="assembly.xml#Create_Email_Request_Out"/>
    <target href="assembly.xml#Delete_Email_Request_Out"/>
  </connections>
  <connections type="routesResponseTo" sourceAnchorX="0.9247311827956989" sourceAnchorY="1.0" targetAnchorX="0.11931818181818182" targetAnchorY="0.09183673469387756">
    <source href="assembly.xml#Delete_Email_Request_Out"/>
    <target href="assembly.xml#Set_Hdr2"/>
  </connections>
  <connections type="routesTo" sourceAnchorX="1.0" sourceAnchorY="0.8108108108108109" targetAnchorX="0.03292181069958848" targetAnchorY="0.06976744186046512">
    <source href="assembly.xml#Delete_Email_Request_In"/>
    <target href="assembly.xml#Delete_Email_Request"/>
  </connections>
  <connections type="routesTo">
    <source href="assembly.xml#Delete_Email_Request"/>
    <target href="assembly.xml#Set_Hdr10"/>
  </connections>
  <connections type="routesTo">
    <source href="assembly.xml#//@beans/@mixed.1/@mixed.113/@mixed.3"/>
    <target href="assembly.xml#Call_Log20"/>
  </connections>
  <connections type="routesTo">
    <source href="assembly.xml#Set_Hdr10"/>
    <target href="assembly.xml#Delete_Email_WS"/>
  </connections>
  <connections type="routesTo" sourceAnchorX="1.0" sourceAnchorY="0.21705426356589147" targetAnchorX="0.1130952380952381" targetAnchorY="0.23469387755102042">
    <source href="assembly.xml#Initialize"/>
    <target href="assembly.xml#AsyncMediation"/>
  </connections>
  <connections type="routesTo" sourceAnchorX="1.0" sourceAnchorY="0.29457364341085274" targetAnchorX="0.06741573033707865" targetAnchorY="0.30612244897959184">
    <source href="assembly.xml#Read_Validate"/>
    <target href="assembly.xml#AsyncMediation0"/>
  </connections>
  <connections type="routesTo" sourceAnchorX="1.0" sourceAnchorY="0.2653061224489796" targetAnchorX="0.07865168539325842" targetAnchorY="0.22448979591836735">
    <source href="assembly.xml#Set_Hdr2"/>
    <target href="assembly.xml#AsyncMediation1"/>
  </connections>
  <connections type="routesTo" sourceAnchorX="1.0" sourceAnchorY="0.23469387755102042" targetAnchorX="0.04081632653061224" targetAnchorY="0.07751937984496124">
    <source href="assembly.xml#AsyncMediation1"/>
    <target href="assembly.xml#Create_OtherID_Request"/>
  </connections>
  <connections type="routesResponseTo" sourceAnchorX="0.8773946360153256" sourceAnchorY="1.0" targetAnchorX="0.17647058823529413" targetAnchorY="0.35135135135135137">
    <source href="assembly.xml#PutIntegrationMessage10"/>
    <target href="assembly.xml#Call_Get_Workers"/>
  </connections>
  <connections type="routesResponseTo" sourceAnchorX="0.803921568627451" sourceAnchorY="1.0" targetAnchorX="0.03187250996015936" targetAnchorY="0.5405405405405406">
    <source href="assembly.xml#Call_Get_Workers"/>
    <target href="assembly.xml#PutIntegrationMessage1"/>
  </connections>
  <connections type="routesResponseTo" sourceAnchorX="0.8764940239043825" sourceAnchorY="1.0" targetAnchorX="0.10900473933649289" targetAnchorY="0.16216216216216217">
    <source href="assembly.xml#PutIntegrationMessage1"/>
    <target href="assembly.xml#Call_Process_Data"/>
  </connections>
  <connections type="routesTo" sourceAnchorX="1.0" sourceAnchorY="0.22448979591836735" targetAnchorX="0.03896103896103896" targetAnchorY="0.43243243243243246">
    <source href="assembly.xml#AsyncMediation0"/>
    <target href="assembly.xml#Call_Update_Process"/>
  </connections>
  <connections type="routesTo" sourceAnchorX="1.0" sourceAnchorY="0.918918918918919" targetAnchorX="0.10824742268041238" targetAnchorY="0.5945945945945946">
    <source href="assembly.xml#Get_Workers"/>
    <target href="assembly.xml#WorkdayOutRest"/>
  </connections>
  <connections type="routesResponseTo" sourceAnchorX="0.4948453608247423" sourceAnchorY="1.0" targetAnchorX="0.24675324675324675" targetAnchorY="0.08620689655172414">
    <source href="assembly.xml#WorkdayOutRest"/>
    <target href="assembly.xml#Split_Workers"/>
  </connections>
  <connections type="routesTo" sourceAnchorX="1.0" sourceAnchorY="0.16666666666666666" targetAnchorX="0.08597285067873303" targetAnchorY="0.24324324324324326">
    <source href="assembly.xml#AsyncMediation"/>
    <target href="assembly.xml#PutIntegrationMessage10"/>
  </connections>
  <swimlanes bgColor="16777215" fgColor="12632256" orientation="VERTICAL" alignment="MIDDLE">
    <elements href="assembly.xml#File_Count"/>
    <elements href="assembly.xml#PIMFileError"/>
  </swimlanes>
  <swimlanes bgColor="16777215" fgColor="12632256" orientation="VERTICAL" alignment="MIDDLE">
    <elements href="assembly.xml#CopyFile"/>
    <elements href="assembly.xml#PIMCopyError"/>
  </swimlanes>
  <swimlanes x="20" y="25" bgColor="16777215" fgColor="12632256" name="Gets the input file from sftp folder and performs basic validations on file." alignment="MIDDLE">
    <elements href="assembly.xml#StartHere"/>
    <elements href="assembly.xml#GetEventDocuments"/>
    <elements href="#//@swimlanes.0"/>
    <elements href="assembly.xml#FiletoVar"/>
    <elements href="#//@swimlanes.1"/>
    <elements href="assembly.xml#Call_Process_File"/>
    <elements href="assembly.xml#Call_Store_File"/>
  </swimlanes>
  <swimlanes x="20" y="355" name="Converts fixed width text file to xml and store the data into variables" alignment="MIDDLE">
    <elements href="assembly.xml#Process_File"/>
    <elements href="#//@swimlanes.4"/>
    <elements href="assembly.xml#AsyncMediation"/>
    <elements href="assembly.xml#PutIntegrationMessage10"/>
    <elements href="assembly.xml#Call_Get_Workers"/>
    <elements href="assembly.xml#PutIntegrationMessage1"/>
    <elements href="assembly.xml#Call_Process_Data"/>
  </swimlanes>
  <swimlanes x="204" y="426" orientation="VERTICAL" alignment="MIDDLE">
    <elements href="assembly.xml#Initialize"/>
    <elements href="assembly.xml#PIMInitError"/>
  </swimlanes>
  <swimlanes bgColor="16777215" orientation="VERTICAL" alignment="MIDDLE">
    <elements href="assembly.xml#Fill_Hash"/>
    <elements href="assembly.xml#PIMHashError0"/>
  </swimlanes>
  <swimlanes x="25" y="710" name="Gets all Workers and store into hashmap" alignment="MIDDLE">
    <elements href="assembly.xml#Get_Workers"/>
    <elements href="assembly.xml#WorkdayOutRest"/>
    <elements href="assembly.xml#Split_Workers"/>
    <elements href="#//@swimlanes.5"/>
  </swimlanes>
  <swimlanes x="25" y="1063" name="Process records from file" alignment="MIDDLE">
    <elements href="assembly.xml#Process_Data"/>
    <elements href="#//@swimlanes.8"/>
    <elements href="assembly.xml#Splitter"/>
    <elements href="#//@swimlanes.9"/>
    <elements href="assembly.xml#AsyncMediation0"/>
    <elements href="assembly.xml#Call_Update_Process"/>
  </swimlanes>
  <swimlanes y="1001" orientation="VERTICAL" alignment="MIDDLE">
    <elements href="assembly.xml#Get_Input_Var"/>
    <elements href="assembly.xml#PIMVarError"/>
  </swimlanes>
  <swimlanes x="743" y="1696" orientation="VERTICAL" alignment="MIDDLE">
    <elements href="assembly.xml#Read_Validate"/>
    <elements href="assembly.xml#Call_Log1"/>
  </swimlanes>
  <swimlanes x="25" y="1448" name="Adds or Updates Workers Primary Work Email ID and Custom IDs" alignment="MIDDLE">
    <elements href="assembly.xml#Update_Process"/>
    <elements href="assembly.xml#Create_Email_Request_Out"/>
    <elements href="assembly.xml#Delete_Email_Request_Out"/>
    <elements href="assembly.xml#Set_Hdr2"/>
    <elements href="assembly.xml#AsyncMediation1"/>
    <elements href="#//@swimlanes.19"/>
    <elements href="assembly.xml#Set_Hdr3"/>
    <elements href="assembly.xml#Create_OtherID_WS"/>
    <elements href="assembly.xml#Set_Hdr4"/>
    <elements href="assembly.xml#Call_Log4"/>
  </swimlanes>
  <swimlanes x="50" y="2480" bgColor="16777215" name="Global Error Handler">
    <elements href="assembly.xml#//@beans/@mixed.1/@mixed.55"/>
    <elements href="assembly.xml#PIMGlobal"/>
  </swimlanes>
  <swimlanes x="11" y="2134" name="Consolidates all error records for audit log" alignment="MIDDLE">
    <elements href="assembly.xml#Error_Log"/>
    <elements href="#//@swimlanes.13"/>
  </swimlanes>
  <swimlanes x="633" y="2816" orientation="VERTICAL">
    <elements href="assembly.xml#Error_Data"/>
    <elements href="assembly.xml#PIMLogError"/>
  </swimlanes>
  <swimlanes x="865" y="2046" name="" orientation="VERTICAL" alignment="MIDDLE">
    <elements href="assembly.xml#Create_Email_Request"/>
    <elements href="assembly.xml#Call_Log2"/>
  </swimlanes>
  <swimlanes orientation="VERTICAL">
    <elements href="assembly.xml#Success_Data"/>
    <elements href="assembly.xml#PIMLogError0"/>
  </swimlanes>
  <swimlanes x="425" y="2134" name="Consolidates all success records for audit log" alignment="MIDDLE">
    <elements href="assembly.xml#Success_Log"/>
    <elements href="#//@swimlanes.15"/>
  </swimlanes>
  <swimlanes x="952" y="2134" name="Generates Audit Log File" alignment="MIDDLE">
    <elements href="assembly.xml#Store_File"/>
    <elements href="#//@swimlanes.18"/>
    <elements href="assembly.xml#CallSubRoutine"/>
    <elements href="assembly.xml#PIMLogError20"/>
  </swimlanes>
  <swimlanes x="1047" y="3401" bgColor="16777215" orientation="VERTICAL" alignment="MIDDLE">
    <elements href="assembly.xml#Generate_Log"/>
    <elements href="assembly.xml#PIMLogError1"/>
  </swimlanes>
  <swimlanes name="" orientation="VERTICAL" alignment="MIDDLE">
    <elements href="assembly.xml#Create_OtherID_Request"/>
    <elements href="assembly.xml#Call_Log3"/>
  </swimlanes>
  <swimlanes x="63" y="1789" name="Update Email Addresss">
    <elements href="assembly.xml#Create_Email_Request_In"/>
    <elements href="#//@swimlanes.14"/>
    <elements href="assembly.xml#Set_Hdr1"/>
    <elements href="assembly.xml#Create_Email_WS"/>
  </swimlanes>
  <swimlanes name="" orientation="VERTICAL" alignment="MIDDLE">
    <elements href="assembly.xml#Delete_Email_Request"/>
    <elements href="assembly.xml#Call_Log20"/>
  </swimlanes>
  <swimlanes x="1106" y="1817" name="Delete Email Address">
    <elements href="assembly.xml#Delete_Email_Request_In"/>
    <elements href="#//@swimlanes.21"/>
    <elements href="assembly.xml#Set_Hdr10"/>
    <elements href="assembly.xml#Delete_Email_WS"/>
  </swimlanes>
</wdnm:Diagram>
