<?xml version="1.0" encoding="ASCII"?>
<edst:Settings xmlns:edst="http://dublin.workday.com/studio/settings/editor">
  <editor uri="/INT0034-TBA_to_Payroll-401k_Elections_Inbound/INT0034_Input_File_Conversion.xml.xsd">
    <property name="transformation.text.to.xml" value="true"/>
  </editor>
  <editor uri="/INT0034-TBA_to_Payroll-401k_Elections_Inbound/ws/WSAR-INF/int0034.xsd">
    <property name="transformation.text.to.xml" value="true"/>
  </editor>
  <editor uri="/INT0034-TBA_to_Payroll-401k_Elections_Inbound/ws/WSAR-INF/Test.xsd">
    <property name="transformation.text.to.xml" value="false"/>
  </editor>
  <editor uri="/INT0034-TBA_to_Payroll-401k_Elections_Inbound/ws/WSAR-INF/INT0034_Text_to_XML.xsd">
    <property name="transformation.text.to.xml" value="true"/>
  </editor>
</edst:Settings>
