<?xml version="1.0" encoding="UTF-8"?>
<wdnm:Diagram xmlns:wdnm="http://workday.com/studio/editors/notation">
  <element href="assembly.xml#WorkdayAssembly"/>
  <visualProperties x="50" y="-103">
    <element href="assembly.xml#StartHere"/>
  </visualProperties>
  <visualProperties x="248" y="349">
    <element href="assembly.xml#Log_PrepareRequestError"/>
  </visualProperties>
  <visualProperties x="367" y="926">
    <element href="assembly.xml#ProcessWorkers"/>
  </visualProperties>
  <visualProperties x="265" y="203">
    <element href="assembly.xml#PrepGetWorkers"/>
  </visualProperties>
  <visualProperties x="905" y="933">
    <element href="assembly.xml#ProcessOutputFile"/>
  </visualProperties>
  <visualProperties x="1216" y="954">
    <element href="assembly.xml#OutputFile"/>
  </visualProperties>
  <visualProperties x="368" y="1068">
    <element href="assembly.xml#Log_TransformWorkerError"/>
  </visualProperties>
  <visualProperties x="495" y="256">
    <element href="assembly.xml#RetrieveFullPopulation"/>
  </visualProperties>
  <visualProperties x="66" y="1246">
    <element href="assembly.xml#//@beans/@mixed.1/@mixed.17"/>
  </visualProperties>
  <visualProperties x="263" y="1246">
    <element href="assembly.xml#GlobalError"/>
  </visualProperties>
  <visualProperties x="860" y="313">
    <element href="assembly.xml#CallProcessWorkersSub"/>
  </visualProperties>
  <visualProperties x="670" y="937">
    <element href="assembly.xml#AggregatorOutput"/>
  </visualProperties>
  <visualProperties x="727" y="193">
    <element href="assembly.xml#Splitter"/>
  </visualProperties>
  <visualProperties x="944" y="1068">
    <element href="assembly.xml#Output_FileError"/>
  </visualProperties>
  <visualProperties x="73" y="971">
    <element href="assembly.xml#ProcessWorkersSub"/>
  </visualProperties>
  <visualProperties x="27" y="256">
    <element href="assembly.xml#FetchAllWorkers"/>
  </visualProperties>
  <visualProperties x="629" y="-32">
    <element href="assembly.xml#CallCreateFullFile"/>
  </visualProperties>
  <visualProperties x="205" y="-148">
    <element href="assembly.xml#SetupData"/>
  </visualProperties>
  <visualProperties x="427" y="-219">
    <element href="assembly.xml#RoutebyFileType"/>
  </visualProperties>
  <visualProperties x="629" y="14">
    <element href="assembly.xml#CallCreateChangesFile"/>
  </visualProperties>
  <visualProperties x="1124" y="-4">
    <element href="assembly.xml#SignalCompletion"/>
  </visualProperties>
  <visualProperties x="895" y="-4">
    <element href="assembly.xml#SendCompeltedStatus"/>
  </visualProperties>
  <visualProperties x="38" y="627">
    <element href="assembly.xml#FetchWorkersWithTransactions"/>
  </visualProperties>
  <visualProperties x="337" y="589">
    <element href="assembly.xml#GenerateTransactionRequest"/>
  </visualProperties>
  <visualProperties x="336" y="739">
    <element href="assembly.xml#Log_GetEmpChangesError"/>
  </visualProperties>
  <visualProperties x="631" y="634">
    <element href="assembly.xml#RetrieveEmployeesWithTrans"/>
  </visualProperties>
  <visualProperties x="922" y="571">
    <element href="assembly.xml#SplitEmployeesWithTrans"/>
  </visualProperties>
  <visualProperties x="1160" y="690">
    <element href="assembly.xml#CallProcessEmployeeChange"/>
  </visualProperties>
  <visualProperties x="877" y="392">
    <element href="assembly.xml#ProcessWorkerDiffs"/>
  </visualProperties>
  <visualProperties x="180" y="-4">
    <element href="assembly.xml#Log_InitializeError"/>
  </visualProperties>
  <decorations x="27" y="831" width="1630" height="331" font="Segoe UI|12|1" bgColor="16309997" fgColor="1" fontColor="1" text="PROCESS WORKERS ASSEMBLY"/>
  <decorations x="30" y="-255" width="1624" height="385" font="Segoe UI|12|1" bgColor="13369343" fgColor="1" fontColor="1" text="MAIN ENTRY POINT"/>
  <decorations x="24" y="495" width="1517" height="315" font="Arial|12|1" bgColor="8963327" fgColor="1" fontColor="1" text="CHANGES ONLY ASSEMBLY"/>
  <decorations x="30" y="1177" width="603" height="128" font="Arial|12|1" bgColor="7105791" fgColor="1" fontColor="1" type="NOTE" text="Global Error Handler"/>
  <decorations x="27" y="174" width="1073" height="296" font="Arial|12|1" fontColor="1" type="NOTE" text="FULL FILE ASSEMBLY"/>
  <connections type="routesTo" sourceAnchorX="1.0" sourceAnchorY="0.29896907216494845" targetAnchorX="0.13930348258706468" targetAnchorY="0.55">
    <source href="assembly.xml#ProcessOutputFile"/>
    <target href="assembly.xml#OutputFile"/>
  </connections>
  <connections type="routesTo">
    <source href="assembly.xml#//@beans/@mixed.1/@mixed.5/@mixed.3"/>
    <target href="assembly.xml#Log_TransformWorkerError"/>
  </connections>
  <connections type="routesTo">
    <source href="assembly.xml#//@beans/@mixed.1/@mixed.7/@mixed.3"/>
    <target href="assembly.xml#Log_PrepareRequestError"/>
  </connections>
  <connections type="routesTo">
    <source href="assembly.xml#//@beans/@mixed.1/@mixed.17"/>
    <target href="assembly.xml#GlobalError"/>
  </connections>
  <connections type="routesTo">
    <source href="assembly.xml#ProcessWorkers"/>
    <target href="assembly.xml#AggregatorOutput"/>
  </connections>
  <connections type="routesResponseTo">
    <source href="assembly.xml#RetrieveFullPopulation"/>
    <target href="assembly.xml#Splitter"/>
  </connections>
  <connections type="routesTo">
    <source href="assembly.xml#AggregatorOutput"/>
    <target href="assembly.xml#ProcessOutputFile"/>
  </connections>
  <connections type="routesTo">
    <source href="assembly.xml#//@beans/@mixed.1/@mixed.9/@mixed.3"/>
    <target href="assembly.xml#Output_FileError"/>
  </connections>
  <connections type="routesTo">
    <source href="assembly.xml#//@beans/@mixed.1/@splitter.0/@subRoute.0"/>
    <target href="assembly.xml#CallProcessWorkersSub"/>
  </connections>
  <connections type="routesTo">
    <source href="assembly.xml#ProcessWorkersSub"/>
    <target href="assembly.xml#ProcessWorkers"/>
  </connections>
  <connections type="routesTo">
    <source href="assembly.xml#PrepGetWorkers"/>
    <target href="assembly.xml#RetrieveFullPopulation"/>
  </connections>
  <connections type="routesTo">
    <source href="assembly.xml#FetchAllWorkers"/>
    <target href="assembly.xml#PrepGetWorkers"/>
  </connections>
  <connections type="routesTo">
    <source href="assembly.xml#StartHere"/>
    <target href="assembly.xml#SetupData"/>
  </connections>
  <connections type="routesTo">
    <source href="assembly.xml#SetupData"/>
    <target href="assembly.xml#RoutebyFileType"/>
  </connections>
  <connections type="routesTo">
    <source href="assembly.xml#//@beans/@mixed.1/@route.0/@subRoute.0"/>
    <target href="assembly.xml#CallCreateFullFile"/>
  </connections>
  <connections type="routesTo">
    <source href="assembly.xml#//@beans/@mixed.1/@route.0/@subRoute.1"/>
    <target href="assembly.xml#CallCreateChangesFile"/>
  </connections>
  <connections type="routesResponseTo">
    <source href="assembly.xml#CallCreateFullFile"/>
    <target href="assembly.xml#SendCompeltedStatus"/>
    <bendpoints sourceX="2" sourceY="-35" targetX="-277" targetY="-66"/>
    <bendpoints sourceX="281" sourceY="-35" targetX="2" targetY="-66"/>
    <bendpoints sourceX="281" sourceY="-2" targetX="2" targetY="-33"/>
  </connections>
  <connections type="routesResponseTo" targetAnchorX="0.3024390243902439" targetAnchorY="0.8108108108108109">
    <source href="assembly.xml#CallCreateChangesFile"/>
    <target href="assembly.xml#SendCompeltedStatus"/>
    <bendpoints sourceY="37" targetX="-221" targetY="39"/>
    <bendpoints sourceX="116" sourceY="37" targetX="-105" targetY="39"/>
    <bendpoints sourceX="222" sourceY="38" targetX="1" targetY="40"/>
  </connections>
  <connections type="routesResponseTo">
    <source href="assembly.xml#SendCompeltedStatus"/>
    <target href="assembly.xml#SignalCompletion"/>
  </connections>
  <connections type="routesTo">
    <source href="assembly.xml#FetchWorkersWithTransactions"/>
    <target href="assembly.xml#GenerateTransactionRequest"/>
  </connections>
  <connections type="routesTo">
    <source href="assembly.xml#//@beans/@mixed.1/@mixed.47/@mixed.3"/>
    <target href="assembly.xml#Log_GetEmpChangesError"/>
  </connections>
  <connections type="routesTo">
    <source href="assembly.xml#GenerateTransactionRequest"/>
    <target href="assembly.xml#RetrieveEmployeesWithTrans"/>
  </connections>
  <connections type="routesTo">
    <source href="assembly.xml#//@beans/@mixed.1/@splitter.1/@subRoute.0"/>
    <target href="assembly.xml#CallProcessEmployeeChange"/>
  </connections>
  <connections type="routesResponseTo">
    <source href="assembly.xml#RetrieveEmployeesWithTrans"/>
    <target href="assembly.xml#SplitEmployeesWithTrans"/>
  </connections>
  <connections type="routesTo">
    <source href="assembly.xml#//@beans/@mixed.1/@mixed.35/@mixed.3"/>
    <target href="assembly.xml#Log_InitializeError"/>
  </connections>
</wdnm:Diagram>
