<?xml version="1.0" encoding="UTF-8"?>
<wdnm:Diagram xmlns:wdnm="http://workday.com/studio/editors/notation">
  <element href="assembly.xml#WorkdayAssembly"/>
  <visualProperties x="183" y="93">
    <element href="assembly.xml#StartHere"/>
  </visualProperties>
  <visualProperties x="280" y="102">
    <element href="assembly.xml#AsyncMediation"/>
  </visualProperties>
  <visualProperties x="154" y="259">
    <element href="assembly.xml#ProcessRecords"/>
  </visualProperties>
  <visualProperties x="450" y="159">
    <element href="assembly.xml#Call-ProcessOnCycle"/>
  </visualProperties>
  <visualProperties x="633" y="142">
    <element href="assembly.xml#Call-ProcessOffCycle"/>
  </visualProperties>
  <visualProperties x="452" y="295">
    <element href="assembly.xml#PayResults"/>
  </visualProperties>
  <visualProperties x="744" y="448">
    <element href="assembly.xml#ProceDetailsFile"/>
  </visualProperties>
  <visualProperties x="342" y="464">
    <element href="assembly.xml#AsyncMediation1"/>
  </visualProperties>
  <visualProperties x="1426" y="524">
    <element href="assembly.xml#Route1"/>
  </visualProperties>
  <visualProperties x="1225" y="575">
    <element href="assembly.xml#On-Cycle"/>
  </visualProperties>
  <visualProperties x="1316" y="1152">
    <element href="assembly.xml#Off-Cycle"/>
  </visualProperties>
  <visualProperties x="642" y="580">
    <element href="assembly.xml#Call-ProcessFile"/>
  </visualProperties>
  <visualProperties x="1260" y="601">
    <element href="assembly.xml#ProcessFile"/>
  </visualProperties>
  <visualProperties>
    <element href="assembly.xml#GenerateExcel"/>
  </visualProperties>
  <visualProperties>
    <element href="assembly.xml#AsyncMediation8"/>
  </visualProperties>
  <visualProperties>
    <element href="assembly.xml#AsyncMediation6"/>
  </visualProperties>
  <visualProperties x="1083" y="314">
    <element href="assembly.xml#Call-GenerateExcel"/>
  </visualProperties>
  <visualProperties x="616" y="626">
    <element href="assembly.xml#NoRecords"/>
  </visualProperties>
  <visualProperties x="953" y="300">
    <element href="assembly.xml#//@beans/@mixed.1/@mixed.37"/>
  </visualProperties>
  <visualProperties x="1258" y="300">
    <element href="assembly.xml#Note-Error"/>
  </visualProperties>
  <visualProperties x="620" y="1232">
    <element href="assembly.xml#DeliverSummaryFile"/>
  </visualProperties>
  <visualProperties x="973" y="1064">
    <element href="assembly.xml#DeliverOutputFile"/>
  </visualProperties>
  <visualProperties x="470" y="1650">
    <element href="assembly.xml#ErrorHandler"/>
  </visualProperties>
  <visualProperties x="954" y="1122">
    <element href="assembly.xml#AsyncMediation0"/>
  </visualProperties>
  <visualProperties x="1144" y="1116">
    <element href="assembly.xml#PIM-ReportError"/>
  </visualProperties>
  <visualProperties x="350" y="616">
    <element href="assembly.xml#Call-ErrorHandler"/>
  </visualProperties>
  <visualProperties x="1466" y="1330">
    <element href="assembly.xml#PIM-GenericError"/>
  </visualProperties>
  <visualProperties x="417" y="204">
    <element href="assembly.xml#Route0"/>
  </visualProperties>
  <visualProperties x="110" y="452">
    <element href="assembly.xml#GetPeriodID"/>
  </visualProperties>
  <visualProperties x="226" y="490">
    <element href="assembly.xml#SyncMediation"/>
  </visualProperties>
  <visualProperties x="434" y="264">
    <element href="assembly.xml#Call-GetPeriodID"/>
  </visualProperties>
  <visualProperties x="575" y="276">
    <element href="assembly.xml#Period"/>
  </visualProperties>
  <visualProperties x="489" y="247">
    <element href="assembly.xml#AsyncMediation2"/>
  </visualProperties>
  <visualProperties x="284" y="330">
    <element href="assembly.xml#IntegrationError"/>
  </visualProperties>
  <visualProperties x="425" y="625">
    <element href="assembly.xml#WorkdayOutRest"/>
  </visualProperties>
  <connections type="routesTo" sourceAnchorX="1.0" sourceAnchorY="0.4864864864864865" targetAnchorX="0.5905511811023622" targetAnchorY="0.4782608695652174">
    <source href="assembly.xml#StartHere"/>
    <target href="assembly.xml#AsyncMediation"/>
  </connections>
  <connections type="routesTo" sourceAnchorX="1.0" sourceAnchorY="0.35106382978723405" targetAnchorX="0.3511450381679389" targetAnchorY="0.7297297297297297">
    <source href="assembly.xml#AsyncMediation"/>
    <target href="assembly.xml#Call-GetPeriodID"/>
  </connections>
  <connections type="routesTo" sourceAnchorX="0.74" sourceAnchorY="1.0" targetAnchorY="0.43617021276595747">
    <source href="assembly.xml#ProcessRecords"/>
    <target href="assembly.xml#AsyncMediation1"/>
  </connections>
  <connections type="routesTo" sourceAnchorX="1.0" sourceAnchorY="0.168" targetAnchorX="0.3416666666666667" targetAnchorY="0.4864864864864865">
    <source href="assembly.xml#AsyncMediation1"/>
    <target href="assembly.xml#PayResults"/>
  </connections>
  <connections type="routesResponseTo" sourceAnchorX="0.35833333333333334" sourceAnchorY="0.7027027027027027" targetAnchorX="0.3959731543624161" targetAnchorY="0.1891891891891892">
    <source href="assembly.xml#PayResults"/>
    <target href="assembly.xml#Call-ProcessFile"/>
  </connections>
  <connections type="routesTo" sourceAnchorX="0.967391304347826" sourceAnchorY="0.5882352941176471" targetAnchorX="0.07272727272727272" targetAnchorY="0.425531914893617">
    <source href="assembly.xml#//@beans/@mixed.1/@route.0/@subRoute.0"/>
    <target href="assembly.xml#ProceDetailsFile"/>
    <bendpoints sourceX="41" sourceY="-135" targetX="-64" targetY="14"/>
  </connections>
  <connections type="routesTo" sourceAnchorX="0.6829268292682927" sourceAnchorY="1.0" targetAnchorX="0.06666666666666667" targetAnchorY="0.33507853403141363">
    <source href="assembly.xml#ProcessFile"/>
    <target href="assembly.xml#Route1"/>
  </connections>
  <connections type="routesTo" sourceAnchorX="1.0" sourceAnchorY="0.35106382978723405" targetAnchorX="0.35074626865671643" targetAnchorY="0.6170212765957447">
    <source href="assembly.xml#Off-Cycle"/>
    <target href="assembly.xml#On-Cycle"/>
  </connections>
  <connections type="routesTo" sourceAnchorX="0.5109489051094891" sourceAnchorY="0.918918918918919" targetAnchorX="0.5080213903743316" targetAnchorY="0.06382978723404255">
    <source href="assembly.xml#GenerateExcel"/>
    <target href="assembly.xml#AsyncMediation8"/>
  </connections>
  <connections type="routesTo" sourceAnchorX="0.5240641711229946" sourceAnchorY="0.9361702127659575" targetAnchorX="0.5522388059701493" targetAnchorY="0.35106382978723405">
    <source href="assembly.xml#AsyncMediation8"/>
    <target href="assembly.xml#AsyncMediation6"/>
  </connections>
  <connections type="routesResponseTo" sourceAnchorX="0.3825503355704698" sourceAnchorY="0.7027027027027027" targetAnchorX="0.375" targetAnchorY="0.24324324324324326">
    <source href="assembly.xml#Call-ProcessFile"/>
    <target href="assembly.xml#NoRecords"/>
  </connections>
  <connections type="routesTo" sourceAnchorX="0.967391304347826" targetAnchorX="0.21978021978021978" targetAnchorY="0.4574468085106383">
    <source href="assembly.xml#//@beans/@mixed.1/@route.0/@subRoute.1"/>
    <target href="assembly.xml#Off-Cycle"/>
  </connections>
  <connections type="routesTo" sourceAnchorX="0.9669421487603306" sourceAnchorY="0.43243243243243246" targetAnchorX="0.06060606060606061" targetAnchorY="0.3783783783783784">
    <source href="assembly.xml#//@beans/@mixed.1/@mixed.37"/>
    <target href="assembly.xml#Note-Error"/>
  </connections>
  <connections type="routesTo" sourceAnchorX="0.5149253731343284" sourceAnchorY="0.9468085106382979" targetAnchorX="0.5119047619047619" targetAnchorY="0.10810810810810811">
    <source href="assembly.xml#AsyncMediation6"/>
    <target href="assembly.xml#DeliverSummaryFile"/>
  </connections>
  <connections type="routesTo" sourceAnchorX="0.45454545454545453" sourceAnchorY="0.8936170212765957" targetAnchorX="0.4503311258278146" targetAnchorY="0.24324324324324326">
    <source href="assembly.xml#ProceDetailsFile"/>
    <target href="assembly.xml#DeliverOutputFile"/>
  </connections>
  <connections type="routesTo" sourceAnchorX="0.7890625" sourceAnchorY="1.0" targetAnchorX="0.41044776119402987" targetAnchorY="0.23404255319148937">
    <source href="assembly.xml#ErrorHandler"/>
    <target href="assembly.xml#AsyncMediation0"/>
  </connections>
  <connections type="routesTo" sourceAnchorX="0.0" sourceAnchorY="0.23404255319148937" targetAnchorX="0.3695652173913043" targetAnchorY="0.8648648648648649">
    <source href="assembly.xml#AsyncMediation0"/>
    <target href="assembly.xml#PIM-ReportError"/>
  </connections>
  <connections type="routesTo" sourceAnchorX="0.4015748031496063" sourceAnchorY="1.0" targetAnchorX="0.5902777777777778" targetAnchorY="0.32432432432432434">
    <source href="assembly.xml#//@beans/@mixed.1/@mixed.15/@mixed.3"/>
    <target href="assembly.xml#Call-ErrorHandler"/>
  </connections>
  <connections type="routesResponseTo" sourceAnchorX="0.4782608695652174" sourceAnchorY="1.0" targetAnchorX="0.5759162303664922" targetAnchorY="0.43243243243243246">
    <source href="assembly.xml#PIM-ReportError"/>
    <target href="assembly.xml#PIM-GenericError"/>
  </connections>
  <connections type="routesTo" sourceAnchorX="0.48314606741573035" sourceAnchorY="1.0" targetAnchorX="0.26857142857142857" targetAnchorY="0.35135135135135137">
    <source href="assembly.xml#//@beans/@mixed.1/@route.1/@subRoute.0"/>
    <target href="assembly.xml#Call-ProcessOnCycle"/>
  </connections>
  <connections type="routesTo" sourceAnchorX="0.9550561797752809" sourceAnchorY="1.0" targetAnchorX="0.20114942528735633" targetAnchorY="0.13513513513513514">
    <source href="assembly.xml#//@beans/@mixed.1/@route.1/@subRoute.1"/>
    <target href="assembly.xml#Call-ProcessOffCycle"/>
  </connections>
  <connections type="routesResponseTo" sourceAnchorX="0.5485714285714286" sourceAnchorY="1.0" targetAnchorX="0.3128834355828221" targetAnchorY="0.5135135135135135">
    <source href="assembly.xml#Call-ProcessOnCycle"/>
    <target href="assembly.xml#Call-GenerateExcel"/>
  </connections>
  <connections type="routesResponseTo" sourceAnchorX="0.6149425287356322" sourceAnchorY="1.0" targetAnchorX="0.17791411042944785" targetAnchorY="0.5135135135135135">
    <source href="assembly.xml#Call-ProcessOffCycle"/>
    <target href="assembly.xml#Call-GenerateExcel"/>
  </connections>
  <connections type="routesTo" sourceAnchorX="1.0" sourceAnchorY="0.14" targetAnchorX="0.2953020134228188" targetAnchorY="0.6216216216216216">
    <source href="assembly.xml#SyncMediation"/>
    <target href="assembly.xml#WorkdayOutRest"/>
  </connections>
  <connections type="routesTo" sourceAnchorX="0.6935483870967742" sourceAnchorY="1.0" targetAnchorX="0.34965034965034963" targetAnchorY="0.32666666666666666">
    <source href="assembly.xml#GetPeriodID"/>
    <target href="assembly.xml#SyncMediation"/>
  </connections>
  <connections type="routesResponseTo" sourceAnchorX="0.4266666666666667" sourceAnchorY="0.9459459459459459" targetAnchorX="0.41044776119402987" targetAnchorY="0.14130434782608695">
    <source href="assembly.xml#Call-GetPeriodID"/>
    <target href="assembly.xml#AsyncMediation2"/>
  </connections>
  <connections type="routesResponseTo" sourceAnchorX="0.6021505376344086" sourceAnchorY="1.0" targetAnchorX="0.5454545454545454" targetAnchorY="0.45">
    <source href="assembly.xml#Period"/>
    <target href="assembly.xml#Route0"/>
  </connections>
  <connections type="routesTo" sourceAnchorX="0.43283582089552236" sourceAnchorY="0.9565217391304348" targetAnchorX="0.43010752688172044" targetAnchorY="0.13513513513513514">
    <source href="assembly.xml#AsyncMediation2"/>
    <target href="assembly.xml#Period"/>
  </connections>
  <connections type="routesTo" sourceAnchorX="0.4024390243902439" sourceAnchorY="1.0" targetAnchorX="0.532608695652174" targetAnchorY="0.32432432432432434">
    <source href="assembly.xml#//@beans/@mixed.1/@mixed.3/@mixed.3"/>
    <target href="assembly.xml#IntegrationError"/>
  </connections>
  <swimlanes x="140" y="49" name="Swimlane" alignment="MIDDLE">
    <elements href="assembly.xml#StartHere"/>
    <elements href="#//@swimlanes.17"/>
    <elements href="#//@swimlanes.16"/>
    <elements href="assembly.xml#Route0"/>
    <elements href="#//@swimlanes.2"/>
    <elements href="assembly.xml#Call-GenerateExcel"/>
  </swimlanes>
  <swimlanes x="140" y="311" name="Call the Custom Report for the Integration Launch Parameters " alignment="MIDDLE">
    <elements href="assembly.xml#ProcessRecords"/>
    <elements href="#//@swimlanes.3"/>
    <elements href="#//@swimlanes.7"/>
  </swimlanes>
  <swimlanes x="572" y="176" name="Swimlane" orientation="VERTICAL" alignment="MIDDLE">
    <elements href="assembly.xml#Call-ProcessOnCycle"/>
    <elements href="assembly.xml#Call-ProcessOffCycle"/>
  </swimlanes>
  <swimlanes x="332" y="468" name="Swimlane" orientation="VERTICAL" alignment="MIDDLE">
    <elements href="assembly.xml#AsyncMediation1"/>
    <elements href="assembly.xml#Call-ErrorHandler"/>
  </swimlanes>
  <swimlanes x="1586" y="540" name="Output File" orientation="VERTICAL" elements="//@swimlanes.11 //@swimlanes.6" alignment="MIDDLE"/>
  <swimlanes x="72" y="32" font="Arial Black|12|0" fontColor="1" name="INT0048 Canada Life RRSP Contribution - ST - Outbound" orientation="VERTICAL" elements="//@swimlanes.0 //@swimlanes.18 //@swimlanes.19 //@swimlanes.13" labelAlignment="LEFT"/>
  <swimlanes x="1724" y="554" name="Summary File" alignment="MIDDLE">
    <elements href="assembly.xml#Off-Cycle"/>
    <elements href="assembly.xml#On-Cycle"/>
  </swimlanes>
  <swimlanes x="522" y="524" name="Swimlane" orientation="VERTICAL" alignment="MIDDLE">
    <elements href="assembly.xml#PayResults"/>
    <elements href="assembly.xml#Call-ProcessFile"/>
    <elements href="assembly.xml#NoRecords"/>
  </swimlanes>
  <swimlanes x="1276" y="458" name="Process Output and Summary File" alignment="MIDDLE">
    <elements href="assembly.xml#ProcessFile"/>
    <elements href="assembly.xml#Route1"/>
    <elements href="#//@swimlanes.4"/>
  </swimlanes>
  <swimlanes x="1106" y="792" name="Generate the Summary File - Excel" orientation="VERTICAL" alignment="MIDDLE">
    <elements href="assembly.xml#GenerateExcel"/>
    <elements href="assembly.xml#AsyncMediation8"/>
    <elements href="assembly.xml#AsyncMediation6"/>
    <elements href="assembly.xml#DeliverSummaryFile"/>
  </swimlanes>
  <swimlanes x="840" y="878" bgColor="8421631" name="Critical Error Handler">
    <elements href="assembly.xml#//@beans/@mixed.1/@mixed.37"/>
    <elements href="assembly.xml#Note-Error"/>
  </swimlanes>
  <swimlanes x="406" y="856" fgColor="16777215" name="" orientation="VERTICAL" alignment="MIDDLE" topBorderColor="16777215">
    <elements href="assembly.xml#ProceDetailsFile"/>
    <elements href="assembly.xml#DeliverOutputFile"/>
  </swimlanes>
  <swimlanes x="1306" y="886" bgColor="8421631" name="Generic Error Handler" alignment="MIDDLE">
    <elements href="assembly.xml#ErrorHandler"/>
    <elements href="assembly.xml#AsyncMediation0"/>
    <elements href="#//@swimlanes.14"/>
  </swimlanes>
  <swimlanes x="362" y="1550" name="Swimlane" elements="//@swimlanes.10 //@swimlanes.12"/>
  <swimlanes x="782" y="1588" name="Swimlane" orientation="VERTICAL">
    <elements href="assembly.xml#PIM-ReportError"/>
    <elements href="assembly.xml#PIM-GenericError"/>
  </swimlanes>
  <swimlanes x="1334" y="528" name="Submit Get_Period_Schedules_Request to find the period to process" alignment="MIDDLE">
    <elements href="assembly.xml#GetPeriodID"/>
    <elements href="assembly.xml#SyncMediation"/>
    <elements href="assembly.xml#WorkdayOutRest"/>
  </swimlanes>
  <swimlanes x="418" y="269" name="Get Period ID and Validate" orientation="VERTICAL" alignment="MIDDLE">
    <elements href="assembly.xml#Call-GetPeriodID"/>
    <elements href="assembly.xml#AsyncMediation2"/>
    <elements href="assembly.xml#Period"/>
  </swimlanes>
  <swimlanes x="235" y="279" name="Initialize the Integration Parameters" orientation="VERTICAL" alignment="MIDDLE">
    <elements href="assembly.xml#AsyncMediation"/>
    <elements href="assembly.xml#IntegrationError"/>
  </swimlanes>
  <swimlanes x="600" y="526" name="Swimlane" elements="//@swimlanes.15 //@swimlanes.1"/>
  <swimlanes x="410" y="1334" name="Swimlane" elements="//@swimlanes.8 //@swimlanes.9"/>
</wdnm:Diagram>
