<?xml version="1.0" encoding="UTF-8"?>
<beans
     xmlns="http://www.springframework.org/schema/beans"
     xmlns:beans="http://www.springframework.org/schema/beans"
     xmlns:atom="http://www.w3.org/2005/Atom"
     xmlns:cc="http://www.capeclear.com/assembly/10"
     xmlns:cloud="urn:com.workday/esb/cloud/10.0"
     xmlns:env="http://schemas.xmlsoap.org/soap/envelope/"
     xmlns:pi="urn:com.workday/picof"
     xmlns:wd="urn:com.workday/bsvc"
     xmlns:xsi="http://www.w3.org/2001/XMLSchema-instance">
 
	<cc:assembly id="WorkdayAssembly" version="2019.6">
        <cc:async-mediation id="Capture_Error" routes-to="Add-Error">
            <cc:steps>
                <cc:eval id="Eval">
                    <cc:expression>props['Error_Message']=&quot;Not able to process existing leave because it is not a Sedgwick leave type '&quot; + props['Existing_Leave_Name'] +&quot;'&quot;</cc:expression>
                    <cc:expression>props['Transaction_Type'] = 'LOA '</cc:expression>
                    <cc:expression>props['p.error.log'].append(props['Type'] + ',' + props['Emplid'] + ',' + props['Seq'] + ',' + props['First_Day_Leave'] + ',' + props['Last_day_Leave'] + ',' + props['Leave_Status'] + ' ' + props['Leave_Type_Desc'] + ',' +props['Absence_ID'] + ',' +  props['ClaimNo'] + ',' + props['Reason'] + ',' + props['Transaction_Type'] + '-'+ props['Error_Message'].replaceAll(',',';') + '\r\n')</cc:expression>
                </cc:eval>
            </cc:steps>
        </cc:async-mediation>
        <cc:async-mediation id="Reading_Input_File" execute-steps-when="props['pEmptyFile'] == false">
            <cc:steps>
                <cc:eval id="Eval">
                    <cc:expression>props['Ext_Map_Type'] = parts[0].xpath(&quot;/KeyVal/Map&quot;)</cc:expression>
                    <cc:expression>if (props['Ext_Map_Type'] == 'Leave Type')&#xD;
{&#xD;
	props['Ext_Leave_ID'] = parts[0].xpath(&quot;/KeyVal/Int&quot;);&#xD;
	props['Int_Leave_ID'] = parts[0].xpath(&quot;/KeyVal/Ext&quot;);&#xD;
	props['p.myHashMap'].put(props['Ext_Leave_ID'], props['Int_Leave_ID']);&#xD;
}</cc:expression>
                </cc:eval>
            </cc:steps>
            <cc:send-error id="SendError" routes-to="Empty-File"/>
        </cc:async-mediation>
        <cc:splitter id="Splitter" no-split-message-error="true">
            <cc:sub-route name="SubRoute" routes-to="Reading_Input_File"/>
            <cc:xml-stream-splitter xpath="/*/*"/>
        </cc:splitter>
        <cc:async-mediation id="Creating_Log_Files" routes-to="Delivered_Success_Log">
            <cc:steps>
                <cc:write id="Write0" output="variable" output-variable="Successlog" input="message">
                    <cc:message>
                        <cc:text>@{props['p.Success.log'].toString()}</cc:text>
                    </cc:message>
                </cc:write>
                <cc:text-excel id="TextExcel" output="variable" output-mimetype="application/vnd.openxmlformats-officedocument.spreadsheetml.sheet" output-variable="Successlog" input="variable" input-variable="Successlog" excelstyle="workbook" style="text2excel"/>
                <cc:write id="Write" output="variable" output-variable="Errorlog">
                    <cc:message>
                        <cc:text>@{props['p.error.log'].toString()}</cc:text>
                    </cc:message>
                </cc:write>
                <cc:text-excel id="TextExcel0" output="variable" output-mimetype="application/vnd.openxmlformats-officedocument.spreadsheetml.sheet" output-variable="Errorlog" input="variable" input-variable="Errorlog" excelstyle="workbook" style="text2excel"/>
                <cc:store id="Store" output="variable" output-variable="INT152_Successlog" input="variable" input-variable="Successlog" createDocumentReference="true" expiresIn="P180D" title="@{props['Success_LogTitle']}"/>
                <cc:store id="Store0" output="variable" output-variable="INT152_Errorlog" input="variable" input-variable="Errorlog" createDocumentReference="true" expiresIn="P180D" title="@{props['Error_LogTitle']}"/>
                <cc:store id="Store1" output="variable" output-variable="InputFile" input="variable" input-variable="wd.retrieve.variable" createDocumentReference="true" expiresIn="P180D" title="@{props['Input']}"/>
            </cc:steps>
            <cc:send-error id="SendError" routes-to="Log-Error"/>
        </cc:async-mediation>
        <cc:local-in id="SubRoutine" routes-to="Creating_Log_Files"/>
        <cc:async-mediation id="AsyncMediation4" routes-to="Calling-RFL">
            <cc:steps>
                <cc:eval id="Eval">
                    <cc:expression>props['Existing_AbsenceID'] = props['Absence_ID']</cc:expression>
                </cc:eval>
            </cc:steps>
            <cc:send-error id="SendError" routes-to="Split-Error"/>
        </cc:async-mediation>
        <cc:local-out id="Calling-RFL" store-message="none" endpoint="vm://INT152_Sedgwick_Job_Row_Health_Interface_Inbound/Processing-RFL"/>
        <cc:async-mediation id="Read-Response-RFL" handle-downstream-errors="true">
            <cc:steps>
                <cc:eval id="Eval">
                    <cc:expression>props['ReturnFromLeave'] = ((props['Existing_FDL1'] == null || props['Existing_FDL1'] == empty) ?  props['Last_day_Leave'] : props['ReturnFromLeave'])</cc:expression>
                    <cc:expression>props['Existing_FDL1'] = ((props['Existing_FDL1'] == null || props['Existing_FDL1'] == empty) ?  props['First_Day_Leave'] : props['Existing_FDL1'])</cc:expression>
                    <cc:expression>props['Existing_Leave_Name'] = ((props['Existing_Leave_Name'] == null || props['Existing_Leave_Name'] == empty) ? props['Leave_Status'] : props['Existing_Leave_Name'])</cc:expression>
                    <cc:expression>props['Existing_AbsenceID'] = ((props['Existing_AbsenceID'] == empty || props['Existing_AbsenceID']== null) ? props['Absence_ID'] : props['Existing_AbsenceID'])</cc:expression>
                    <cc:expression>//props['p.Success.log'].append(props['Type'] + ',' + props['Emplid'] + ',' + props['Seq'] + ',' + props['Existing_FDL1'] + ',' + props['ReturnFromLeave'] + ',' +  props['Existing_Leave_Name'] + props['Existing_AbsenceID']  + ',' +  props['ClaimNo'] + ',' + props['Reason'] + ',' + props['Transaction_Type'] + '-' +'Successfully Loaded' + '\r\n')//&#xD;
props['p.Success.log'].append(props['Type'] + ',' + props['Emplid'] + ',' + props['Seq'] + ',' + props['First_Day_Leave'] + ',' + props['Last_day_Leave'] + ',' + props['Leave_Status'] + ' ' + props['Leave_Type_Desc'] + ',' +props['Absence_ID'] + ',' +  props['ClaimNo'] + ',' + props['Reason'] + ',' + props['Transaction_Type'] + '-' +'Successfully Loaded' + '\r\n')</cc:expression>
                </cc:eval>
            </cc:steps>
            <cc:send-error id="SendError" routes-to="RFL-Error"/>
        </cc:async-mediation>
        <cc:local-in id="Processing-Rescind" routes-to="Write-Rescind"/>
        <cc:async-mediation id="Write-Rescind" routes-to="API-Rescind" handle-downstream-errors="true">
            <cc:steps>
                <cc:log id="Log0">
                    <cc:log-message>
                        <cc:text>--------------Rescind----------------</cc:text>
                    </cc:log-message>
                </cc:log>
                <cc:write id="Write">
                    <cc:message>
                        <cc:text>&lt;?xml version=&quot;1.0&quot; encoding=&quot;UTF-8&quot;?>&#xD;
&lt;env:Envelope&#xD;
    xmlns:env=&quot;http://schemas.xmlsoap.org/soap/envelope/&quot;&#xD;
    xmlns:xsd=&quot;http://www.w3.org/2001/XMLSchema&quot;&#xD;
    xmlns:wsse=&quot;http://docs.oasis-open.org/wss/2004/01/oasis-200401-wss-wssecurity-secext-1.0.xsd&quot;>&#xD;
     &#xD;
    &lt;env:Body>&#xD;
        &lt;wd:Rescind_Business_Process_Request&#xD;
            xmlns:wd=&quot;urn:com.workday/bsvc&quot;&#xD;
            wd:version=&quot;v31.2&quot;>&#xD;
            &lt;wd:Event_Reference>&#xD;
                &lt;wd:ID wd:type=&quot;Request_Leave_of_Absence_ID&quot;>@{props['Absence_ID']}&lt;/wd:ID>&#xD;
            &lt;/wd:Event_Reference>&#xD;
            &lt;wd:Rescind_Business_Process_Data>&#xD;
                &lt;wd:Comment>Rescind Transaction&lt;/wd:Comment>&#xD;
                &lt;wd:Suppress_Notifications>true&lt;/wd:Suppress_Notifications>&#xD;
            &lt;/wd:Rescind_Business_Process_Data>&#xD;
        &lt;/wd:Rescind_Business_Process_Request>&#xD;
    &lt;/env:Body>&#xD;
&#xD;
&lt;/env:Envelope></cc:text>
                    </cc:message>
                </cc:write>
                <cc:eval id="Eval">
                    <cc:expression>props['Transaction_Type']= 'Rescind'</cc:expression>
                </cc:eval>
                <cc:set-headers execute-when="props['lp.validation.mode']" id="SetHeaders">
                    <cc:remove-headers/>
                    <cc:add-headers>
                        <cc:add-header name="X-Validate-Only" value="1"/>
                    </cc:add-headers>
                </cc:set-headers>
            </cc:steps>
            <cc:send-error id="SendError" routes-to="Rescind-log"/>
        </cc:async-mediation>
        <cc:workday-out-soap id="API-Rescind" routes-response-to="Rescind-Status" application="Integrations" version="v31.2"/>
        <cc:async-mediation id="Rescind-Status" handle-downstream-errors="true">
            <cc:steps>
                <cc:eval id="Eval">
                    <cc:expression>props['p.Success.log'].append(props['Type'] + ',' + props['Emplid'] + ',' + props['Seq'] + ',' + props['First_Day_Leave'] + ',' + props['Last_day_Leave'] + ',' + props['Leave_Status'] + ' ' + props['Leave_Type_Desc'] + ',' +props['Absence_ID'] + ',' +  props['ClaimNo'] + ',' + props['Reason'] + ',' + props['Transaction_Type'] + '-' +'Successfully Loaded' + '\r\n')</cc:expression>
                </cc:eval>
            </cc:steps>
            <cc:send-error id="SendError" routes-to="Rescind-Error"/>
        </cc:async-mediation>
        <cc:async-mediation id="Rescind-log">
            <cc:steps>
                <cc:eval id="Eval">
                    <cc:expression>props['Error_Message']=parts[0].xpath('/SOAP-ENV:Envelope/SOAP-ENV:Body/SOAP-ENV:Fault/detail/wd:Validation_Fault/wd:Validation_Error/wd:Message','SOAP-ENV http://schemas.xmlsoap.org/soap/envelope/')+&quot; &quot;+ context.errorMessage</cc:expression>
                    <cc:expression>props['p.error.log'].append(props['Type'] + ',' + props['Emplid'] + ',' + props['Seq'] + ',' + props['First_Day_Leave'] + ',' + props['Last_day_Leave'] + ',' + props['Leave_Status'] + ' ' + props['Leave_Type_Desc'] + ',' +props['Absence_ID'] + ',' +  props['ClaimNo'] + ',' + props['Reason'] + ',' + props['Transaction_Type'] + '-' +props['Error_Message'].replaceAll(',',';')+ '\r\n')</cc:expression>
                </cc:eval>
            </cc:steps>
            <cc:send-error id="SendError" routes-to="Rescind-Error"/>
        </cc:async-mediation>
        <cc:local-in id="Processing-Correction" routes-to="Write-Correction"/>
        <cc:async-mediation id="Write-Correction" routes-to="API-Correction" handle-downstream-errors="true">
            <cc:steps>
                <cc:log id="Log0">
                    <cc:log-message>
                        <cc:text>--------------Correction----------------</cc:text>
                    </cc:log-message>
                </cc:log>
                <cc:write id="Write">
                    <cc:message>
                        <cc:text>&lt;?xml version=&quot;1.0&quot; encoding=&quot;UTF-8&quot;?>&#xD;
&lt;env:Envelope&#xD;
    xmlns:env=&quot;http://schemas.xmlsoap.org/soap/envelope/&quot;&#xD;
    xmlns:xsd=&quot;http://www.w3.org/2001/XMLSchema&quot;>&#xD;
 &#xD;
    &lt;env:Body>&#xD;
        &lt;wd:Request_Leave_of_Absence_Request&#xD;
            xmlns:wd=&quot;urn:com.workday/bsvc&quot;&#xD;
            wd:version=&quot;v31.2&quot;>&#xD;
            &lt;wd:Business_Process_Parameters>&#xD;
                &lt;wd:Auto_Complete>true&lt;/wd:Auto_Complete>&#xD;
                &lt;wd:Run_Now>true&lt;/wd:Run_Now>&#xD;
                &lt;wd:Comment_Data>&#xD;
                    &lt;wd:Comment>@{props['ClaimNo']}&lt;/wd:Comment>&#xD;
                &lt;/wd:Comment_Data>&#xD;
            &lt;/wd:Business_Process_Parameters>&#xD;
            &#xD;
            &lt;wd:Request_Leave_of_Absence_Data>&#xD;
                &lt;wd:Worker_Reference>&#xD;
                    &lt;wd:ID wd:type=&quot;Employee_ID&quot;>@{props['Emplid']}&lt;/wd:ID>&#xD;
                &lt;/wd:Worker_Reference>&#xD;
                &#xD;
                &lt;wd:Leave_Request_Data>&#xD;
                    &lt;wd:Request_Leave_of_Absence_ID>@{props['Absence_ID']}&lt;/wd:Request_Leave_of_Absence_ID>&#xD;
                    &lt;wd:Correction>true&lt;/wd:Correction>&#xD;
                    &#xD;
                    &lt;wd:Leave_of_Absence_Type_Reference>&#xD;
                        &lt;wd:ID wd:type=&quot;Leave_of_Absence_Type_ID&quot;>@{props['Leave_Type_Ref_ID']}&lt;/wd:ID>&#xD;
                    &lt;/wd:Leave_of_Absence_Type_Reference>&#xD;
&#xD;
                    &lt;wd:First_Day_of_Leave>@{props['First_Day_Leave']}&lt;/wd:First_Day_of_Leave>&#xD;
                    &lt;wd:Estimated_Last_Day_of_Leave>@{props['Last_day_Leave']}&lt;/wd:Estimated_Last_Day_of_Leave>&#xD;
                 &lt;/wd:Leave_Request_Data>&#xD;
&#xD;
         &lt;/wd:Request_Leave_of_Absence_Data>&#xD;
        &lt;/wd:Request_Leave_of_Absence_Request>&#xD;
    &lt;/env:Body>&#xD;
&lt;/env:Envelope></cc:text>
                    </cc:message>
                </cc:write>
                <cc:eval id="Eval">
                    <cc:expression>props['Transaction_Type']= 'Correction'</cc:expression>
                    <cc:expression>parts[0].xpath('current-date()')</cc:expression>
                </cc:eval>
                <cc:set-headers execute-when="props['lp.validation.mode']" id="SetHeaders">
                    <cc:remove-headers/>
                    <cc:add-headers>
                        <cc:add-header name="X-Validate-Only" value="1"/>
                    </cc:add-headers>
                </cc:set-headers>
            </cc:steps>
            <cc:send-error id="SendError" routes-to="Correction-log"/>
        </cc:async-mediation>
        <cc:workday-out-soap id="API-Correction" routes-response-to="Correction-Status" application="Absence_Management" version="v31.2"/>
        <cc:async-mediation id="Correction-Status" handle-downstream-errors="true">
            <cc:steps>
                <cc:eval id="Eval">
                    <cc:expression>props['p.Success.log'].append(props['Type'] + ',' + props['Emplid'] + ',' + props['Seq'] + ',' + props['First_Day_Leave'] + ',' + props['Last_day_Leave'] + ',' + props['Leave_Status'] + ' ' + props['Leave_Type_Desc'] + ',' +props['Absence_ID'] + ',' +  props['ClaimNo'] + ',' + props['Reason'] + ',' + props['Transaction_Type'] + '-' +'Successfully Loaded' + '\r\n')</cc:expression>
                </cc:eval>
            </cc:steps>
            <cc:send-error id="SendError" routes-to="Correction-Error"/>
        </cc:async-mediation>
        <cc:async-mediation id="Correction-log">
            <cc:steps>
                <cc:eval id="Eval">
                    <cc:expression>props['Error_Message']=parts[0].xpath('/SOAP-ENV:Envelope/SOAP-ENV:Body/SOAP-ENV:Fault/detail/wd:Validation_Fault/wd:Validation_Error/wd:Message','SOAP-ENV http://schemas.xmlsoap.org/soap/envelope/') +&quot; &quot;+ context.errorMessage</cc:expression>
                    <cc:expression>props['p.error.log'].append(props['Type'] + ',' + props['Emplid'] + ',' + props['Seq'] + ',' + props['First_Day_Leave'] + ',' + props['Last_day_Leave'] + ',' + props['Leave_Status'] + ' ' + props['Leave_Type_Desc'] + ',' +props['Absence_ID'] + ',' +  props['ClaimNo'] + ',' + props['Reason'] + ',' + props['Transaction_Type'] + '-'+ props['Error_Message'].replaceAll(',',';') + '\r\n')</cc:expression>
                </cc:eval>
            </cc:steps>
            <cc:send-error id="SendError" routes-to="Correction-Error"/>
        </cc:async-mediation>
        <cc:local-out id="Call-Store" store-message="none" execute-when="props['pEmptyFile'] == false" routes-response-to="pim_EmptyFile" endpoint="vm://INT152_Sedgwick_Job_Row_Health_Interface_Inbound/SubRoutine"/>
        <cc:async-mediation id="RFL-Error-Response">
            <cc:steps>
                <cc:eval id="Eval">
                    <cc:expression>props['Existing_FDL1'] = ((props['Existing_FDL1'] == null || props['Existing_FDL1'] == empty) ?  props['First_Day_Leave'] : props['Existing_FDL1'])</cc:expression>
                    <cc:expression>props['Existing_Leave_Name'] = ((props['Existing_Leave_Name'] == null || props['Existing_Leave_Name'] == empty) ? props['Leave_Status'] : props['Existing_Leave_Name'])</cc:expression>
                    <cc:expression>props['Existing_AbsenceID'] = ((props['Existing_AbsenceID'] == empty || props['Existing_AbsenceID']== null) ? props['Absence_ID'] : props['Existing_AbsenceID'])</cc:expression>
                    <cc:expression>props['Error_Message']=parts[0].xpath('/SOAP-ENV:Envelope/SOAP-ENV:Body/SOAP-ENV:Fault/detail/wd:Validation_Fault/wd:Validation_Error/wd:Message','SOAP-ENV http://schemas.xmlsoap.org/soap/envelope/') +&quot; &quot;+ context.errorMessage</cc:expression>
                    <cc:expression>props['p.error.log'].append( props['Type'] + ',' + props['Emplid'] + ',' + props['Seq'] + ',' + props['Existing_FDL1'] + ',' + props['ReturnFromLeave'] + ',' +  props['Existing_Leave_Name'] + ',' +props['Existing_AbsenceID'] + ',' +  props['ClaimNo'] + ',' + props['Reason'] + ',' + props['Transaction_Type'] + '-'+ props['Error_Message'].replaceAll(',',';') + '\r\n')</cc:expression>
                </cc:eval>
            </cc:steps>
            <cc:send-error id="SendError" routes-to="RFL-Error"/>
        </cc:async-mediation>
        <cc:async-mediation id="Read-Response-ROA" handle-downstream-errors="true">
            <cc:steps>
                <cc:eval id="Eval">
                    <cc:expression>props['p.Success.log'].append(props['Type'] + ',' + props['Emplid'] + ',' + props['Seq'] + ',' + props['First_Day_Leave'] + ',' + props['Last_day_Leave'] + ',' + props['Leave_Status'] + ' ' + props['Leave_Type_Desc'] + ',' +props['Absence_ID'] + ',' +  props['ClaimNo'] + ',' + props['Reason'] + ',' + props['Transaction_Type'] + '-' +'Successfully Loaded' + '\r\n') </cc:expression>
                </cc:eval>
            </cc:steps>
            <cc:send-error id="SendError" routes-to="ROA-Error"/>
        </cc:async-mediation>
        <cc:async-mediation id="RequestLOA" routes-to="WorkdayOutSoap" handle-downstream-errors="true">
            <cc:steps>
                <cc:log id="Log0">
                    <cc:log-message>
                        <cc:text>--------------ROA----------------</cc:text>
                    </cc:log-message>
                </cc:log>
                <cc:write id="Write">
                    <cc:message>
                        <cc:text>&lt;?xml version=&quot;1.0&quot; encoding=&quot;UTF-8&quot;?>&#xD;
&lt;env:Envelope&#xD;
    xmlns:env=&quot;http://schemas.xmlsoap.org/soap/envelope/&quot;&#xD;
    xmlns:xsd=&quot;http://www.w3.org/2001/XMLSchema&quot;>&#xD;
 &#xD;
    &lt;env:Body>&#xD;
        &lt;wd:Request_Leave_of_Absence_Request&#xD;
            xmlns:wd=&quot;urn:com.workday/bsvc&quot;&#xD;
            wd:version=&quot;v31.2&quot;>&#xD;
            &lt;wd:Business_Process_Parameters>&#xD;
                &lt;wd:Auto_Complete>true&lt;/wd:Auto_Complete>&#xD;
                &lt;wd:Run_Now>true&lt;/wd:Run_Now>&#xD;
                &lt;wd:Comment_Data>&#xD;
                    &lt;wd:Comment>@{props['ClaimNo']}&lt;/wd:Comment>&#xD;
                &lt;/wd:Comment_Data>&#xD;
            &lt;/wd:Business_Process_Parameters>&#xD;
            &#xD;
            &lt;wd:Request_Leave_of_Absence_Data>&#xD;
                &lt;wd:Worker_Reference>&#xD;
                    &lt;wd:ID wd:type=&quot;Employee_ID&quot;>@{props['Emplid']}&lt;/wd:ID>&#xD;
                &lt;/wd:Worker_Reference>&#xD;
                &#xD;
                &lt;wd:Leave_Request_Data>&#xD;
                    &lt;wd:Request_Leave_of_Absence_ID>@{props['Absence_ID']}&lt;/wd:Request_Leave_of_Absence_ID>&#xD;
                    &lt;wd:Correction>false&lt;/wd:Correction>&#xD;
                    &#xD;
                    &lt;wd:Leave_of_Absence_Type_Reference>&#xD;
                        &lt;wd:ID wd:type=&quot;Leave_of_Absence_Type_ID&quot;>@{props['Leave_Type_Ref_ID']}&lt;/wd:ID>&#xD;
                    &lt;/wd:Leave_of_Absence_Type_Reference>&#xD;
&#xD;
                    &lt;wd:First_Day_of_Leave>@{props['First_Day_Leave']}&lt;/wd:First_Day_of_Leave>&#xD;
                    &lt;wd:Estimated_Last_Day_of_Leave>@{props['Last_day_Leave']}&lt;/wd:Estimated_Last_Day_of_Leave>&#xD;
                 &lt;/wd:Leave_Request_Data>&#xD;
&#xD;
         &lt;/wd:Request_Leave_of_Absence_Data>&#xD;
        &lt;/wd:Request_Leave_of_Absence_Request>&#xD;
    &lt;/env:Body>&#xD;
&lt;/env:Envelope></cc:text>
                    </cc:message>
                </cc:write>
                <cc:eval id="Eval">
                    <cc:expression>props['Transaction_Type'] = 'ROA'</cc:expression>
                </cc:eval>
                <cc:set-headers execute-when="props['lp.validation.mode']" id="SetHeaders"><cc:remove-headers/><cc:add-headers>
    <cc:add-header name="X-Validate-Only" value="1"/>
</cc:add-headers></cc:set-headers>
            </cc:steps>
            <cc:send-error id="SendError" routes-to="ROA-Error-Response"/>
        </cc:async-mediation>
        <cc:async-mediation id="ROA-Error-Response">
            <cc:steps>
                <cc:eval id="Eval">
                    <cc:expression>props['Error_Message']=parts[0].xpath('/SOAP-ENV:Envelope/SOAP-ENV:Body/SOAP-ENV:Fault/detail/wd:Validation_Fault/wd:Validation_Error/wd:Message','SOAP-ENV http://schemas.xmlsoap.org/soap/envelope/') +&quot; &quot;+ context.errorMessage</cc:expression>
                    <cc:expression>props['p.error.log'].append(props['Type'] + ',' + props['Emplid'] + ',' + props['Seq'] + ',' + props['First_Day_Leave'] + ',' + props['Last_day_Leave'] + ',' + props['Leave_Status'] + ' ' + props['Leave_Type_Desc'] + ',' +props['Absence_ID'] + ',' +  props['ClaimNo'] + ',' + props['Reason'] + ',' + props['Transaction_Type'] + '-'+ props['Error_Message'].replaceAll(',',';') + '\r\n')</cc:expression>
                </cc:eval>
            </cc:steps>
            <cc:send-error id="SendError" routes-to="ROA-Error"/>
        </cc:async-mediation>
        <cc:local-out id="Call-ROA1" store-message="none" endpoint="vm://INT152_Sedgwick_Job_Row_Health_Interface_Inbound/Processing-ROA"/>
        <cc:local-out id="Call-RFL" store-message="none" routes-response-to="Call-ROA1" endpoint="vm://INT152_Sedgwick_Job_Row_Health_Interface_Inbound/Processing-RFL"/>
        <cc:local-out id="Call-ROA" store-message="none" endpoint="vm://INT152_Sedgwick_Job_Row_Health_Interface_Inbound/Processing-ROA"/>
        <cc:local-in id="Processing-RFL" routes-to="Return-from-Leave"/>
        <cc:workday-out-soap id="WorkdayOutSoap1" routes-response-to="Read-Response-RFL" application="Absence_Management" version="v31.2"/>
        <cc:local-in id="Processing-ROA" routes-to="RequestLOA"/>
        <cc:workday-out-soap id="WorkdayOutSoap" routes-response-to="Read-Response-ROA" application="Absence_Management" version="v31.2"/>
        <cc:async-mediation id="Return-from-Leave" routes-to="WorkdayOutSoap1" handle-downstream-errors="true">
            <cc:steps>
                <cc:log id="Log0">
                    <cc:log-message>
                        <cc:text>--------------RFL----------------&#xD;
@{props['ClaimNo']}</cc:text>
                    </cc:log-message>
                </cc:log>
                <cc:write id="Write">
                    <cc:message>
                        <cc:text>&lt;?xml version=&quot;1.0&quot; encoding=&quot;UTF-8&quot;?>&#xD;
&lt;env:Envelope&#xD;
    xmlns:env=&quot;http://schemas.xmlsoap.org/soap/envelope/&quot;&#xD;
    xmlns:xsd=&quot;http://www.w3.org/2001/XMLSchema&quot;&#xD;
    xmlns:wsse=&quot;http://docs.oasis-open.org/wss/2004/01/oasis-200401-wss-wssecurity-secext-1.0.xsd&quot;>&#xD;
     &#xD;
    &lt;env:Body>&#xD;
        &lt;wd:Request_Return_from_Leave_of_Absence_Request&#xD;
            xmlns:wd=&quot;urn:com.workday/bsvc&quot;&#xD;
            wd:version=&quot;v30.2&quot;>&#xD;
            &lt;wd:Business_Process_Parameters>&#xD;
                &lt;wd:Auto_Complete>true&lt;/wd:Auto_Complete>&#xD;
                &lt;wd:Run_Now>true&lt;/wd:Run_Now>&#xD;
                &lt;wd:Comment_Data>&#xD;
                    &lt;wd:Comment>Updated API&lt;/wd:Comment>&#xD;
                    &lt;wd:Worker_Reference>&#xD;
                        &lt;wd:ID wd:type=&quot;Employee_ID&quot;>@{props['Emplid']}&lt;/wd:ID>&#xD;
                    &lt;/wd:Worker_Reference>&#xD;
                &lt;/wd:Comment_Data>&#xD;
            &lt;/wd:Business_Process_Parameters>&#xD;
            &lt;wd:Request_Return_from_Leave_of_Absence_Data>&#xD;
                &lt;wd:Worker_Reference>&#xD;
                    &lt;wd:ID wd:type=&quot;Employee_ID&quot;>@{props['Emplid']}&lt;/wd:ID>&#xD;
                &lt;/wd:Worker_Reference>&#xD;
               &lt;wd:First_Day_Back_at_Work>@{props['First_Day_Leave']}&lt;/wd:First_Day_Back_at_Work>  &#xD;
                &lt;wd:Leaves_Returning_from_Data>&#xD;
                    &lt;wd:Request_Leave_of_Absence_Reference>&#xD;
                        &lt;wd:ID wd:type=&quot;Request_Leave_of_Absence_ID&quot;>@{props['Existing_AbsenceID']}&lt;/wd:ID>&#xD;
                    &lt;/wd:Request_Leave_of_Absence_Reference>&#xD;
                    &lt;wd:Correction>false&lt;/wd:Correction>&#xD;
                    &lt;wd:Actual_Last_Day_of_Leave>@{props['ReturnFromLeave']}&lt;/wd:Actual_Last_Day_of_Leave>&#xD;
                &lt;/wd:Leaves_Returning_from_Data>&#xD;
             &#xD;
            &lt;/wd:Request_Return_from_Leave_of_Absence_Data>&#xD;
        &lt;/wd:Request_Return_from_Leave_of_Absence_Request>&#xD;
    &lt;/env:Body>&#xD;
&lt;/env:Envelope></cc:text>
                    </cc:message>
                </cc:write>
                <cc:eval id="Eval">
                    <cc:expression>props['Transaction_Type']= 'RFL'</cc:expression>
                </cc:eval>
                <cc:set-headers execute-when="props['lp.validation.mode']" id="SetHeaders">
                    <cc:remove-headers/>
                    <cc:add-headers>
                        <cc:add-header name="X-Validate-Only" value="1"/>
                    </cc:add-headers>
                </cc:set-headers>
            </cc:steps>
            <cc:send-error id="SendError" routes-to="RFL-Error-Response"/>
        </cc:async-mediation>
        <cc:route id="Route0">
            <cc:mvel-strategy filter="true">
                <cc:choose-route expression="props['Existing_AbsenceID'] !=empty &amp;&amp; props['process']=='true'" route="RFL-ROA"/>
                <cc:choose-route expression="props['Existing_AbsenceID'] ==empty &amp;&amp; props['process']== 'false'" route="ROA"/>
                <cc:choose-route expression="true//props['Existing_AbsenceID'] !=empty &amp;&amp; props['process']=='false'" route="Error"/>
            </cc:mvel-strategy>
            <cc:sub-route name="ROA" routes-to="Call-ROA"/>
            <cc:sub-route name="RFL-ROA" routes-to="Call-RFL"/>
            <cc:sub-route name="Error" routes-to="Capture_Error"/>
        </cc:route>
        <cc:async-mediation id="Reading_Report_Data" routes-to="Route0" handle-downstream-errors="true">
            <cc:steps>
                <cc:eval id="Eval">
                    <cc:expression>props['process']=props['Existing_SSO']=props['Existing_LDW']=props['Existing_FDL']=props['Existing_ELD']=props['Existing_Type']=props['Existing_AbsenceID']=props['IsLeave']=null;&#xD;
props['p.parsed.date']=props['Existing_FDL1']=props['Existing_ELD1']=props['Existing_Leave_Name']=props['process']=null;</cc:expression>
                    <cc:expression>props['pNameSpace'] = 'wd urn:com.workday.report/INT152_GECR_Sedgwick_Inbound'</cc:expression>
                    <cc:expression>props['Existing_SSO']= parts[0].xpath('/wd:Report_Data/wd:Report_Entry/wd:Employee_ID',props['pNameSpace'])</cc:expression>
                    <cc:expression>props['Existing_SSO']= props['Existing_SSO'] != '' ? &quot;True&quot;  : &quot;False&quot;</cc:expression>
                    <cc:expression>props['Existing_LDW']=parts[0].xpath('/wd:Report_Data/wd:Report_Entry/wd:Leave_of_Absence_Requests_group/wd:Last_Day_of_Work',props['pNameSpace'])</cc:expression>
                    <cc:expression>props['Existing_FDL']=parts[0].xpath('/wd:Report_Data/wd:Report_Entry/wd:Leave_of_Absence_Requests_group/wd:First_Day_of_Leave',props['pNameSpace'])</cc:expression>
                    <cc:expression>props['Existing_ELD']=parts[0].xpath('/wd:Report_Data/wd:Report_Entry/wd:Leave_of_Absence_Requests_group/wd:Last_Day_of_Leave_-_Estimated',props['pNameSpace'])</cc:expression>
                    <cc:expression>props['Existing_Type']= parts[0].xpath(&quot;/wd:Report_Data/wd:Report_Entry/wd:Leave_of_Absence_Requests_group/wd:Leave_Type__Including_Family_/wd:ID[@wd:type='Leave_of_Absence_Type_ID']&quot;,props['pNameSpace'])</cc:expression>
                    <cc:expression>props['Existing_AbsenceID']=parts[0].xpath('/wd:Report_Data/wd:Report_Entry/wd:Leave_of_Absence_Requests_group/wd:Reference_ID',props['pNameSpace'])</cc:expression>
                    <cc:expression>props['IsLeave'] = parts[0].xpath(&quot;/wd:Report_Data/wd:Report_Entry/wd:On_Leave&quot;,props['pNameSpace'])</cc:expression>
                    <cc:expression>if (props['Existing_FDL'] != empty)&#xD;
{&#xD;
props['p.parsed.date'] = new java.text.SimpleDateFormat(&quot;yyyy-MM-dd&quot;).parse(props['Existing_FDL']);&#xD;
props['Existing_FDL1'] = new java.text.SimpleDateFormat(&quot;MM/dd/yyyy&quot;).format(props['p.parsed.date']);&#xD;
}</cc:expression>
                    <cc:expression>if (props['Existing_ELD'] != empty)&#xD;
{&#xD;
props['p.parsed.date'] = new java.text.SimpleDateFormat(&quot;yyyy-MM-dd&quot;).parse(props['Existing_ELD']);&#xD;
props['Existing_ELD1'] = new java.text.SimpleDateFormat(&quot;MM/dd/yyyy&quot;).format(props['p.parsed.date']);&#xD;
}&#xD;
</cc:expression>
                    <cc:expression>props['Existing_Leave_Name']=parts[0].xpath('/wd:Report_Data/wd:Report_Entry/wd:Leave_of_Absence_Requests_group/wd:Leave_Type__Including_Family_/@wd:Descriptor',props['pNameSpace']);</cc:expression>
                    <cc:expression>props['process'] = (props['p.myHashMap'].get(props['Existing_Type']) != null ? 'true' : 'false')</cc:expression>
                    <cc:expression>props['process1'] = (props['p.myHashMap'].get(props['Existing_Type']))</cc:expression>
                </cc:eval>
                <cc:log id="Log">
                    <cc:log-message>
                        <cc:text>-------------Processing------------&#xD;
Existing_AbsenceID = @{props['Existing_AbsenceID']}&#xD;
process = @{props['process']}&#xD;
process1 = @{props['process1']}&#xD;
Existing_Type = @{props['Existing_Type']}&#xD;
-------------Processing------------</cc:text>
                    </cc:log-message>
                </cc:log>
            </cc:steps>
            <cc:send-error id="SendError" routes-to="ROA-Error-Response00"/>
        </cc:async-mediation>
        <cc:workday-out-rest id="Sedgwick_Report" routes-response-to="Reading_Report_Data" extra-path="@{intsys.reportService.getExtrapath('INT152_Sedgwick')}?Worker!Employee_ID=@{props['Emplid']} "/>
        <cc:local-out id="Calling-Delete" store-message="none" endpoint="vm://INT152_Sedgwick_Job_Row_Health_Interface_Inbound/Processing-Rescind"/>
        <cc:local-out id="Calling-Correction" store-message="none" endpoint="vm://INT152_Sedgwick_Job_Row_Health_Interface_Inbound/Processing-Correction"/>
        <cc:local-out id="Calling-Add" store-message="none" endpoint="vm://INT152_Sedgwick_Job_Row_Health_Interface_Inbound/Call-Add"/>
        <cc:local-in id="Call-Add" routes-to="RequestLOA0"/>
        <cc:async-mediation id="Reading_Data" routes-to="Route1" continue-after-error="rewind" handle-downstream-errors="true">
            <cc:steps>
                <cc:set-headers id="SetHeaders"><cc:remove-headers>
    <cc:remove-header name="X-Validate-Only"/>
</cc:remove-headers><cc:add-headers/></cc:set-headers>
                <cc:eval id="Eval">
                    <cc:expression>props['Type']=parts[0].xpath('/DetailRow/Type')</cc:expression>
                    <cc:expression>props['Emplid']=parts[0].xpath('/DetailRow/SSO')</cc:expression>
                    <cc:expression>props['Seq']=parts[0].xpath('/DetailRow/Seq')</cc:expression>
                    <cc:expression>props['First_Day_Leave']=parts[0].xpath('/DetailRow/Start-Date')</cc:expression>
                    <cc:expression>props['Last_day_Leave']=parts[0].xpath('/DetailRow/End-Date')</cc:expression>
                    <cc:expression>props['Leave_Status']=parts[0].xpath('/DetailRow/Status')</cc:expression>
                    <cc:expression>props['Absence_ID']=parts[0].xpath('/DetailRow/Absence-ID')</cc:expression>
                    <cc:expression>props['ClaimNo']=parts[0].xpath('/DetailRow/ClaimNo')</cc:expression>
                    <cc:expression>props['Leave_Processing_Type'] = props['Leave_Status'].toString().substring(0,1)</cc:expression>
                    <cc:expression>props['Leave_Type_Ref_ID'] = intsys.integrationMapReverseLookup('Leave Type', props['Leave_Status']) != null&#xD;
? intsys.integrationMapReverseLookup('Leave Type', props['Leave_Status']).get(0).getReferenceData('Leave_of_Absence_Type_ID')&#xD;
: '';</cc:expression>
                    <cc:expression>props['Leave_Type_Desc'] = props['Leave_Type_Ref_ID'] != '' ? intsys.integrationMapReverseLookup('Leave Type', props['Leave_Status']).get(0).toString() : '';</cc:expression>
                    <cc:expression>props['Date_Format'] = new java.text.SimpleDateFormat(&quot;dd-MMM-yy&quot;);&#xD;
props['New_Date_Format'] = new java.text.SimpleDateFormat(&quot;yyyy-MM-dd&quot;);&#xD;
props['DDMMMYY'] = props['Date_Format'].parse(props['First_Day_Leave']);&#xD;
props['calendar'] = java.util.Calendar.getInstance();&#xD;
props['calendar'].setTime(props['DDMMMYY']);&#xD;
props['calendar'].add(java.util.Calendar.DAY_OF_MONTH, -1);&#xD;
props['ReturnFromLeave'] = props['New_Date_Format'].format(props['calendar'].getTime());&#xD;
&#xD;
props['calendar1'] = java.util.Calendar.getInstance();&#xD;
props['calendar1'].setTime(props['DDMMMYY']);&#xD;
props['calendar1'].add(java.util.Calendar.DAY_OF_MONTH, 1);&#xD;
props['FirstDayBack'] = props['New_Date_Format'].format(props['calendar1'].getTime());</cc:expression>
                    <cc:expression>props['DDMMMYY'] = props['Date_Format'].parse(props['Last_day_Leave']);&#xD;
props['calendar'].setTime(props['DDMMMYY']);&#xD;
props['Last_day_Leave'] = props['New_Date_Format'].format(props['calendar'].getTime());</cc:expression>
                    <cc:expression>props['DDMMMYY'] = props['Date_Format'].parse(props['First_Day_Leave']);&#xD;
props['calendar'].setTime(props['DDMMMYY']);&#xD;
props['First_Day_Leave'] = props['New_Date_Format'].format(props['calendar'].getTime());</cc:expression>
                    <cc:expression>props['Reason']=parts[0].xpath('/DetailRow/Reason')</cc:expression>
                </cc:eval>
                <cc:log id="Log0">
                    <cc:log-message>
                        <cc:text>---------------------------------------&#xD;
Leave status: @{props['Leave_Status']}&#xD;
Employee ID: @{props['Emplid']}&#xD;
First day of leave: @{props['First_Day_Leave']}&#xD;
Last day of leave: @{props['Last_day_Leave']}&#xD;
Mapped leave type: @{props['Leave_Type_Ref_ID'] }&#xD;
Absence ID: @{props['Absence_ID']}&#xD;
-------------------------------------------</cc:text>
                    </cc:log-message>
                </cc:log>
            </cc:steps>
            <cc:send-error id="SendError" routes-to="Split-Error"/>
        </cc:async-mediation>
        <cc:splitter id="SplitDetailRows" no-split-message-error="true">
            <cc:sub-route name="SubRoute" routes-to="Reading_Data"/>
            <cc:xml-stream-splitter xpath="/*/*"/>
        </cc:splitter>
        <cc:local-in id="Processing-file" routes-to="Copy_File"/>
        <cc:local-out id="Call-Processing-File" store-message="none" execute-when="props['pEmptyFile'] == false" routes-response-to="Call-Store" endpoint="vm://INT152_Sedgwick_Job_Row_Health_Interface_Inbound/Processing-file"/>
        <cc:local-out id="Call-Get-File" store-message="none" routes-response-to="Call-Processing-File" endpoint="vm://INT152_Sedgwick_Job_Row_Health_Interface_Inbound/Reading-the-file"/>
        <cc:local-in id="Reading-the-file" routes-to="Convert-to-XML-file"/>
        <cc:async-mediation id="Convert-to-XML-file" routes-to="Splitter" handle-downstream-errors="true">
            <cc:steps>
                <cc:eval id="Eval">
                    <cc:expression>props['p.Success.log'] = new java.lang.StringBuilder();</cc:expression>
                    <cc:expression>props['p.error.log'] = new java.lang.StringBuilder();</cc:expression>
                    <cc:expression>props['p.Success.log'].append('Type' + ',' + 'Emplid' + ',' + 'Seq' + ',' + 'Start Date' + ',' + 'End Date' + ',' + 'Leave_Status' + ',' +'AbsenceID' + ',' +  'Claim No' + ',' + 'Reason'  + ',' + 'Status'+'\r\n')</cc:expression>
                    <cc:expression>props['p.error.log'].append('Type' + ',' + 'Emplid' + ',' + 'Seq' + ',' + 'Start Date' + ',' + 'End Date' + ',' + 'Leave Type' + ',' +'AbsenceID' + ',' +  'Claim No' + ',' + 'Reason'  + ',' + 'Error Message'+'\r\n')</cc:expression>
                    <cc:expression>props['Transaction_Type']='';</cc:expression>
                    <cc:expression>props['doc1'] = da.toVar(0, 'wd.retrieve.variable')</cc:expression>
                    <cc:expression>props['p.myHashMap']= new java.util.HashMap()</cc:expression>
                    <cc:expression>props['Current_Date'] = java.time.LocalDate.now().toString()</cc:expression>
                    <cc:expression>props['Date_Format'] = new java.text.SimpleDateFormat(&quot;yyyy-MM-dd&quot;);&#xD;
props['DDMMMYY'] = props['Date_Format'].parse(props['Current_Date']);&#xD;
props['New_Date_Format'] = new java.text.SimpleDateFormat(&quot;MM-dd-yyyy&quot;)</cc:expression>
                    <cc:expression>props['FORMAT_DATE'] = props['New_Date_Format'].format(props['DDMMMYY'])</cc:expression>
                    <cc:expression>props['Success_LogTitle'] = 'INT152_Successlog_' + props['FORMAT_DATE'] + '.xlsx'</cc:expression>
                    <cc:expression>props['Error_LogTitle'] = 'INT152_Errorlog_' + props['FORMAT_DATE'] + '.xlsx'</cc:expression>
                    <cc:expression>props['Input'] = 'JURIS_DISABILITY_6063_' + props['FORMAT_DATE'] + '.csv'</cc:expression>
                    <cc:expression>props['lp.validation.mode'] = (boolean) lp.getSimpleData('Validation Mode');</cc:expression>
                    <cc:expression>if (vars['wd.retrieve.variable'].length != 0) { props['pEmptyFile'] = false; } else {props['pEmptyFile'] = true;};</cc:expression>
                </cc:eval>
                <cc:xslt execute-when="props['pEmptyFile'] == false" id="Xslt" output="variable" output-variable="GettingMap" url="GettingMap.xsl"/>
                <cc:csv-to-xml execute-when="props['pEmptyFile'] == false" id="CsvToXml" input="variable" input-variable="wd.retrieve.variable" useFirstLineAsHeader="true"/>
                <cc:xslt-plus execute-when="props['pEmptyFile'] == false" id="XsltPlus" output="variable" output-variable="input" url="INT152_Sedgwick_XML_Orderby.xsl"/>
                <cc:eval execute-when="props['pEmptyFile'] == false" id="emptyCheck">
                    <cc:expression>if (vars['input'].xpathB('/*/*')) { props['pEmptyFile'] = false; } else {props['pEmptyFile'] = true;};</cc:expression>
                </cc:eval>
                <cc:log execute-when="props['pEmptyFile'] == false" id="Log">
                    <cc:log-message>
                        <cc:text>+++++++ Start of Integration +++++++</cc:text>
                    </cc:log-message>
                </cc:log>
                <cc:copy execute-when="props['pEmptyFile'] == false" id="Copy" input="variable" input-variable="GettingMap"/>
            </cc:steps>
            <cc:send-error id="SendError" routes-to="Empty-File"/>
        </cc:async-mediation>
        <cc:workday-in id="StartHere" routes-to="ValidationModeMsg">
            <cc:integration-system name="INT0152 Sedgwick Job Row Health Interface Inbound">
        <cloud:param name="Validation Mode">
          <cloud:type>
            <cloud:simple-type>boolean</cloud:simple-type>
          </cloud:type>
          <cloud:default>
            <cloud:boolean>true</cloud:boolean>
          </cloud:default>
        </cloud:param>
        <cloud:attribute-map-service name="INT152_Sedgwick_Mapping">
          <cloud:map name="Leave Type">
            <cloud:internal-type>
              <cloud:class-report-field description="Leave Type" type="WID">e05195d939134836a59b190666220c85</cloud:class-report-field>
            </cloud:internal-type>
            <cloud:external-type>
              <cloud:simple-type>text</cloud:simple-type>
            </cloud:external-type>
          </cloud:map>
        </cloud:attribute-map-service>
        <cloud:retrieval-service name="INT152_Sedgwick_RS"/>
        <cloud:report-service name="INT152_Sedgwick_RPT">
          <cloud:report-alias description="GECR INT0152 Sedgwick Inbound Report" name="INT152_Sedgwick">
            <cloud:report-reference description="GECR INT0152 Sedgwick Inbound Report" type="WID">a009d7ee0efb101f13f7e04c83fa0000</cloud:report-reference>
          </cloud:report-alias>
        </cloud:report-service>
      </cc:integration-system>
        </cc:workday-in>
        <cc:async-mediation id="Copy_File" routes-to="SplitDetailRows" handle-downstream-errors="true">
            <cc:steps>
                <cc:copy id="Copy" input="variable" input-variable="input"/>
                <cc:log id="Log">
                    <cc:log-message>
                        <cc:text>----Start of copy</cc:text>
                    </cc:log-message>
                </cc:log>
            </cc:steps>
            <cc:send-error id="SendError" routes-to="Split-Error"/>
        </cc:async-mediation>
        <cc:local-in id="Common-error" routes-to="Capture_Error_2E500" access="public" use-global-error-handlers="true"/>
        <cc:send-error id="global-error-handler" rethrow-error="false" routes-to="Note-Error"/>
        <cc:local-out id="Note-Error" endpoint="vm://wcc/PutIntegrationMessage">
            <cc:set name="is.message.severity" value="'ERROR'"/>
            <cc:set name="is.message.summary" value="context.errorMessage"/>
        </cc:local-out>
        <cc:local-out id="PutIntegrationMessage" endpoint="vm://wcc/PutIntegrationMessage">
            <cc:set name="is.message.severity" value="'ERROR'"/>
            <cc:set name="is.message.summary" value="props['Error'] + ' An unhandled error occurred - Please contact system administrator ' + 'Error Details-' + context.errorMessage"/>
        </cc:local-out>
        <cc:local-out id="Empty-File" store-message="none" endpoint="vm://INT152_Sedgwick_Job_Row_Health_Interface_Inbound/Common-error">
            <cc:set name="Unnamed" value="props['Error'] = 'Error occurred while reading input parameters'"/>
        </cc:local-out>
        <cc:local-out id="Log-Error" store-message="none" endpoint="vm://INT152_Sedgwick_Job_Row_Health_Interface_Inbound/Common-error">
            <cc:set name="Unnamed" value="props['Error'] = 'Error occurred while reading input parameters'"/>
        </cc:local-out>
        <cc:local-out id="Split-Error" store-message="none" endpoint="vm://INT152_Sedgwick_Job_Row_Health_Interface_Inbound/Common-error">
            <cc:set name="Unnamed" value="props['Error'] = 'Error occurred while reading input parameters'"/>
        </cc:local-out>
        <cc:local-out id="Add-Error" store-message="none" endpoint="vm://INT152_Sedgwick_Job_Row_Health_Interface_Inbound/Common-error">
            <cc:set name="Unnamed" value="props['Error'] = 'Error occurred while reading input parameters'"/>
        </cc:local-out>
        <cc:local-out id="ROA-Error" store-message="none" endpoint="vm://INT152_Sedgwick_Job_Row_Health_Interface_Inbound/Common-error">
            <cc:set name="Unnamed" value="props['Error'] = 'Error occurred while reading input parameters'"/>
        </cc:local-out>
        <cc:local-out id="RFL-Error" store-message="none" endpoint="vm://INT152_Sedgwick_Job_Row_Health_Interface_Inbound/Common-error">
            <cc:set name="Unnamed" value="props['Error'] = 'Error occurred while reading input parameters'"/>
        </cc:local-out>
        <cc:local-out id="Correction-Error" store-message="none" endpoint="vm://INT152_Sedgwick_Job_Row_Health_Interface_Inbound/Common-error">
            <cc:set name="Unnamed" value="props['Error'] = 'Error occurred while reading input parameters'"/>
        </cc:local-out>
        <cc:local-out id="Rescind-Error" store-message="none" endpoint="vm://INT152_Sedgwick_Job_Row_Health_Interface_Inbound/Common-error">
            <cc:set name="Unnamed" value="props['Error'] = 'Error occurred while reading input parameters'"/>
        </cc:local-out>
        <cc:async-mediation id="RequestLOA0" routes-to="Sedgwick_Report" handle-downstream-errors="true">
            <cc:steps>
                <cc:log id="Log">
                    <cc:log-message>
                        <cc:text>----Processing LOA---------------</cc:text>
                    </cc:log-message>
                </cc:log>
            </cc:steps>
            <cc:send-error id="SendError" routes-to="ROA-Error-Response0"/>
        </cc:async-mediation>
        <cc:async-mediation id="ROA-Error-Response0" routes-to="Add-Error" handle-downstream-errors="true">
            <cc:steps>
                <cc:eval id="Eval">
                    <cc:expression>props['Error_Message']= context.errorMessage</cc:expression>
                    <cc:expression>props['p.error.log'].append(props['Type'] + ',' + props['Emplid'] + ',' + props['Seq'] + ',' + props['First_Day_Leave'] + ',' + props['Last_day_Leave'] + ',' + props['Leave_Status'] + ' ' + props['Leave_Type_Desc'] + ','  +props['Absence_ID'] + ',' +  props['ClaimNo'] + ',' + props['Reason'] + ',' + props['Transaction_Type'] + '-'+ props['Error_Message'].replaceAll(',',';') + '\r\n')</cc:expression>
                </cc:eval>
            </cc:steps>
        </cc:async-mediation>
        <cc:async-mediation id="ROA-Error-Response00" routes-to="Add-Error" handle-downstream-errors="true">
            <cc:steps>
                <cc:eval id="Eval">
                    <cc:expression>props['Error_Message']= &quot;Absence - ID is empty&quot;</cc:expression>
                    <cc:expression>props['p.error.log'].append(props['Type'] + ',' + props['Emplid'] + ',' + props['Seq'] + ',' + props['First_Day_Leave'] + ',' + props['Last_day_Leave'] + ',' + props['Leave_Status'] + ' ' + props['Leave_Type_Desc'] + ',' +props['Absence_ID'] + ',' +  props['ClaimNo'] + ',' + props['Reason'] + ',' + props['Transaction_Type'] + '-'+ props['Error_Message'].replaceAll(',',';') + '\r\n')</cc:expression>
                </cc:eval>
            </cc:steps>
        </cc:async-mediation>
        <cc:async-mediation id="Capture_Error_2E500" routes-to="PutIntegrationMessage">
            <cc:steps>
                <cc:eval id="Eval">
                    <cc:expression>props['Error_Message']=&quot;Not able to process this transaction for this employee - &quot; + props['Emplid']</cc:expression>
                    <cc:expression>props['Transaction_Type'] = '  '</cc:expression>
                    <cc:expression>props['p.error.log'].append(props['Type'] + ',' + props['Emplid'] + ',' + props['Seq'] + ',' + props['First_Day_Leave'] + ',' + props['Last_day_Leave'] + ',' + props['Leave_Status'] +  ',' + props['Absence_ID'] + ',' +  props['ClaimNo'] + ',' + props['Reason'] + ',' + props['Transaction_Type'] + '-'+ props['Error_Message'].replaceAll(',',';') + '\r\n')</cc:expression>
                </cc:eval>
            </cc:steps>
        </cc:async-mediation>
        <cc:local-out id="Delivered_Success_Log" routes-response-to="Delivered_Error_Log" endpoint="vm://wcc/PutIntegrationMessage">
            <cc:set name="is.message.severity" value="'INFO'"/>
            <cc:set name="is.message.summary" value="'Success log has been delivered'"/>
            <cc:set name="is.document.variable.name" value="'INT152_Successlog'"/>
            <cc:set name="is.document.labels" value="'Deliverable'"/>
            <cc:set name="is.document.deliverable" value="'true'"/>
        </cc:local-out>
        <cc:local-out id="Delivered_Error_Log" routes-response-to="Delivered_Error_Log0" endpoint="vm://wcc/PutIntegrationMessage">
            <cc:set name="is.message.severity" value="'INFO'"/>
            <cc:set name="is.message.summary" value="'Error log has been delivered'"/>
            <cc:set name="is.document.variable.name" value="'INT152_Errorlog'"/>
            <cc:set name="is.document.labels" value="'Deliverable'"/>
            <cc:set name="is.document.deliverable" value="'true'"/>
        </cc:local-out>
        <cc:local-out id="Delivered_Error_Log0" endpoint="vm://wcc/PutIntegrationMessage">
            <cc:set name="is.message.severity" value="'INFO'"/>
            <cc:set name="is.message.summary" value="'Retrieved'"/>
            <cc:set name="is.document.variable.name" value="'InputFile'"/>
            <cc:set name="is.document.labels" value="'Deliverable'"/>
            <cc:set name="is.document.deliverable" value="'true'"/>
        </cc:local-out>
        <cc:async-mediation id="CaptureOtherErrors">
            <cc:steps>
                <cc:eval id="Eval">
                    <cc:expression>props['Existing_AbsenceID'] = props['Absence_ID']</cc:expression>
                    <cc:expression>props['ReturnFromLeave'] = props['First_Day_Leave']</cc:expression>
                    <cc:expression>props['First_Day_Leave'] = props['FirstDayBack']</cc:expression>
                    <cc:expression>props['Error_Message'] = props['Leave_Type_Ref_ID'] == '' ? 'No mapping found for Leave Status ' + props['Leave_Status'] + '.' : 'Unable to process record. Please check if Leave Type and Status are valid Sedgwick leave types.'</cc:expression>
                    <cc:expression>props['Transaction_Type'] = 'LOA'</cc:expression>
                    <cc:expression>props['p.error.log'].append(props['Type'] + ',' + props['Emplid'] + ',' + props['Seq'] + ',' + props['First_Day_Leave'] + ',' + props['Last_day_Leave'] + ',' + props['Leave_Status'] +  ',' + props['Absence_ID'] + ',' +  props['ClaimNo'] + ',' + props['Reason'] + ',' + props['Transaction_Type'] + '-'+ props['Error_Message'].replaceAll(',',';') + '\r\n')</cc:expression>
                </cc:eval>
            </cc:steps>
        </cc:async-mediation>
        <cc:local-out id="ValidationModeMsg" execute-when="props['lp.validation.mode']" routes-response-to="Call-Get-File" endpoint="vm://wcc/PutIntegrationMessage"><cc:set name="is.message.severity" value="'INFO'"/><cc:set name="is.message.summary" value="'Integration is running in validation mode. No records will be updated.'"/></cc:local-out>
        <cc:route id="Route1">
            <cc:mvel-strategy>
                <cc:choose-route expression="props['Type']=='A' &amp;&amp; props['Leave_Processing_Type'] == '1'" route="RFL"/>
                <cc:choose-route expression="props['Leave_Type_Ref_ID'] != '' &amp;&amp; props['Type'] == 'A'" route="Add"/>
                <cc:choose-route expression="props['Leave_Type_Ref_ID'] != '' &amp;&amp; (props['Type'] == 'CC' || props['Type'] == 'CE')" route="Correction"/>
                <cc:choose-route expression="props['Leave_Type_Ref_ID'] != '' &amp;&amp; props['Type'] == 'D'" route="Delete"/>
                <cc:choose-route expression="true" route="Error"/>
            </cc:mvel-strategy>
            <cc:sub-route name="Add" routes-to="Calling-Add"/>
            <cc:sub-route name="Correction" routes-to="Calling-Correction"/>
            <cc:sub-route name="Delete" routes-to="Calling-Delete"/>
            <cc:sub-route name="RFL" routes-to="AsyncMediation4"/>
            <cc:sub-route name="Error" routes-to="CaptureOtherErrors"/>
        </cc:route>
        <cc:local-out id="pim_EmptyFile" execute-when="props['pEmptyFile']" endpoint="vm://wcc/PutIntegrationMessage">
            <cc:set name="is.message.severity" value="'WARNING'"/>
            <cc:set name="is.message.summary" value="'Empty file recieved'"/>
        </cc:local-out>
	</cc:assembly>

</beans>