<?xml version="1.0" encoding="UTF-8"?>
<beans
     xmlns="http://www.springframework.org/schema/beans"
     xmlns:beans="http://www.springframework.org/schema/beans"
     xmlns:atom="http://www.w3.org/2005/Atom"
     xmlns:cc="http://www.capeclear.com/assembly/10"
     xmlns:cloud="urn:com.workday/esb/cloud/10.0"
     xmlns:env="http://schemas.xmlsoap.org/soap/envelope/"
     xmlns:pi="urn:com.workday/picof"
     xmlns:wd="urn:com.workday/bsvc"
     xmlns:xsi="http://www.w3.org/2001/XMLSchema-instance">
 
	<cc:assembly id="ReportEmpSlitter" version="2018.35">
        <cc:local-out id="PutIntegrationEvent" endpoint="vm://wcc/PutIntegrationEvent">
            <cc:set name="is.event.completed" value="&quot;current&quot;"/>
        </cc:local-out>
        <cc:local-out id="LogError" routes-response-to="PutIntegrationEvent" endpoint="vm://wcc/PutIntegrationMessage">
            <cc:set name="is.message.severity" value="'CRITICAL'"/>
            <cc:set name="is.message.summary" value="'Critical Error. Please see details.'"/>
            <cc:set name="is.message.detail" value="'Global Error Handler '+context.errorMessage"/>
            <cc:set name="is.message.storage.enabled" value="false"/>
        </cc:local-out>
        <cc:send-error id="GlobalErrorHandler" routes-to="LogError"/>
        <cc:local-out id="WriteErrorToEvent" endpoint="vm://wcc/PutIntegrationMessage">
            <cc:set name="is.message.severity" value="props['severity']"/>
            <cc:set name="is.message.summary" value="'Error in '+props['step.id'] +', Message: ' + props['error.msg']"/>
            <cc:set name="is.message.storage.enabled" value="false"/>
        </cc:local-out>
        <cc:async-mediation id="CheckSeverity" routes-to="WriteErrorToEvent">
            <cc:steps>
                <cc:eval id="Eval">
                    <cc:expression>if(props['severity'] == 'ERROR')&#xD;
    props['critical.error'] = true;</cc:expression>
                </cc:eval>
            </cc:steps>
        </cc:async-mediation>
        <cc:local-in id="WriteError" routes-to="CheckSeverity">
            <cc:parameter name="error.msg" type="string"/>
            <cc:parameter name="step.id" type="string"/>
            <cc:parameter default="'ERROR'" name="severity" type="string"/>
        </cc:local-in>
        <cc:workday-in id="StartHere" routes-to="Initialization">
            <cc:integration-system name="INT0268 ADP Streamline Asia Payroll Employee Outbound">
        <cloud:param name="Current Month Cut-Off Date">
          <cloud:type>
            <cloud:simple-type>date</cloud:simple-type>
          </cloud:type>
          <cloud:launch-option>required</cloud:launch-option>
        </cloud:param>
        <cloud:param name="Previous Month Cut-Off Date">
          <cloud:type>
            <cloud:simple-type>date</cloud:simple-type>
          </cloud:type>
          <cloud:launch-option>required</cloud:launch-option>
        </cloud:param>
        <cloud:param name="Country">
          <cloud:type>
            <cloud:class-report-field description="Pay Group - Country" type="WID" singular="false">b35bb16fbd8644229009b71a08e0974f</cloud:class-report-field>
          </cloud:type>
          <cloud:default>
            <cloud:reference description="Hong Kong" type="WID">d4afdeb461d446e4babd204bd102dba8</cloud:reference>
            <cloud:reference description="China" type="WID">6cb77610a8a543aea2d6bc10457e35d4</cloud:reference>
            <cloud:reference description="Singapore" type="WID">80938777cac5440fab50d729f9634969</cloud:reference>
          </cloud:default>
          <cloud:launch-option>required</cloud:launch-option>
        </cloud:param>
        <cloud:attribute-map-service name="INT0268-Attributes">
          <cloud:attribute name="API Version">
            <cloud:type>
              <cloud:simple-type>text</cloud:simple-type>
            </cloud:type>
            <cloud:display-option>required-for-launch</cloud:display-option>
          </cloud:attribute>
          <cloud:attribute name="Document Retention Period">
            <cloud:type>
              <cloud:simple-type>number</cloud:simple-type>
            </cloud:type>
            <cloud:display-option>required-for-launch</cloud:display-option>
          </cloud:attribute>
          <cloud:attribute name="Company ">
            <cloud:type>
              <cloud:class-report-field description="Requirements - Company" type="WID" singular="false">13bb0656a53b10001c8ed6aa5d8d0039</cloud:class-report-field>
            </cloud:type>
            <cloud:display-option>required-for-launch</cloud:display-option>
          </cloud:attribute>
          <cloud:attribute name="Pay Group">
            <cloud:type>
              <cloud:class-report-field description="Pay Group" type="WID" singular="false">ac0ff35ab5a645f8aa5ab0ca64fd1d5a</cloud:class-report-field>
            </cloud:type>
            <cloud:display-option>required-for-launch</cloud:display-option>
          </cloud:attribute>
          <cloud:map name="EntityMap">
            <cloud:internal-type>
              <cloud:simple-type>text</cloud:simple-type>
            </cloud:internal-type>
            <cloud:external-type>
              <cloud:simple-type>text</cloud:simple-type>
            </cloud:external-type>
          </cloud:map>
        </cloud:attribute-map-service>
        <cloud:sequence-generator-service name="INT0268-Sequence">
          <cloud:sequencer>FileNameHK</cloud:sequencer>
          <cloud:sequencer>FileNameCN</cloud:sequencer>
          <cloud:sequencer>FileNameSG</cloud:sequencer>
        </cloud:sequence-generator-service>
        <cloud:transaction-log-service name="INT0268-TransactionLog"/>
        <cloud:report-service name="INT0268-Report">
          <cloud:report-alias description="INT0268 ADP Streamline UK Payroll Employee Outbound" name="INT0002-Report">
            <cloud:report-reference description="INT0268 ADP Streamline Asia Payroll Employee Outbound" type="WID">94e8c2f5253b01a6c6f3c1d17f26ce29</cloud:report-reference>
          </cloud:report-alias>
          <cloud:report-alias description="INT0268 ADP Streamline UK Payroll Employee Outbound By Worker" name="INT0002-ReportByWorker">
            <cloud:report-reference description="INT0268 ADP Streamline Asia Payroll Employee Outbound By Worker" type="WID">94e8c2f5253b0154078e17e67f26b82b</cloud:report-reference>
          </cloud:report-alias>
        </cloud:report-service>
        <cloud:service-reference name="INT0268FieldOverrides"/>
      </cc:integration-system>
        </cc:workday-in>
        <cc:async-mediation id="Initialization" routes-to="CallGetTransDataOfWorkerAsOfCurrMonthEnd">
            <cc:steps>
                <cc:eval id="initParams">
                    <cc:expression>props['critical.error']=false;&#xD;
props['lp.process.employee.exists']=false;&#xD;
props['agg.batch.workers'] =false;&#xD;
props['agg.batch.events'] = false;&#xD;
props['p.TransferFlag'] = &quot;&quot;;&#xD;
props['Severity'] = &quot;&quot;;</cc:expression>
                    <cc:expression>//launch Params&#xD;
props['lp.curr.cut.off.date'] = lp.getSimpleData('Current Month Cut-Off Date').substring(0,10);&#xD;
props['lp.prev.cut.off.date'] = lp.getSimpleData('Previous Month Cut-Off Date').substring(0,10);&#xD;
props['lp.country.list'] = lp.getReferenceDataList('Country', 'WID');&#xD;
props['lp.country.names.list'] = lp.getReferenceDataList('Country', 'ISO_3166-1_Alpha-2_Code');</cc:expression>
                    <cc:expression>props['is.invalid.lp'] = false;&#xD;
props['lp.country'] = props['lp.country.list'].toString().replaceAll('[\\[\\]]','').replaceAll(', ','!');&#xD;
props['lp.country.names'] = props['lp.country.names.list'].toString().replaceAll('[\\[\\]]','').replaceAll(', ','!');&#xD;
props['is.invalid.lp'] = props['lp.country'].toString().contains('!');</cc:expression>
                    <cc:expression>props['worker.event.list'] = new java.util.ArrayList();&#xD;
props['worker.event.map']=new java.util.HashMap();</cc:expression>
                    <cc:expression>props['integration.name'] = intsys.getName();</cc:expression>
                    <cc:expression>props['lp.current.run.datetime'] =  java.time.LocalDateTime.now().toString();&#xD;
props['current.run.datetime'] = util.currentDateTimeAsString('PST');&#xD;
props['lp.current.run.date'] = props['lp.current.run.datetime'].substring(0,10);</cc:expression>
                    <cc:expression>props['p.report.eff.date']=&quot;&quot;;</cc:expression>
                </cc:eval>
                <cc:validate-exp id="ValidateExp">
                    <cc:expression failure-message="'Multiple Country selected dring Launch'">props['is.invalid.lp'] == false</cc:expression>
                </cc:validate-exp>
                <cc:eval id="filenames">
                    <cc:expression>//props['p.FileName.HK'] = lp.getSequencedValue('FileNameHK');</cc:expression>
                    <cc:expression>//props['p.FileName.CN'] = lp.getSequencedValue('FileNameCN');</cc:expression>
                    <cc:expression>//props['p.FileName.SG'] = lp.getSequencedValue('FileNameSG');</cc:expression>
                    <cc:expression>props['is.singapore'] = props['lp.country.names'].toString().equalsIgnoreCase('SG') ? true : false</cc:expression>
                    <cc:expression>props['is.china'] = props['lp.country.names'].toString().equalsIgnoreCase('CN') ? true : false</cc:expression>
                    <cc:expression>props['is.hongkong'] = props['lp.country.names'].toString().equalsIgnoreCase('HK') ? true : false</cc:expression>
                </cc:eval>
                <cc:eval id="getAttributes">
                    <cc:expression>props['att.ws.version'] = intsys.getAttribute('API Version');&#xD;
props['att.doc.ret.pol'] = intsys.getAttribute('Document Retention Period');</cc:expression>
                    <cc:expression>//Read all the companies from attribute&#xD;
props['p.company.list'] = intsys.getAttributeReferenceDataList('Company', 'Company_Reference_ID'); &#xD;
props['att.company'] = util.listToCommaDelimString(props['p.company.list']);</cc:expression>
                    <cc:expression>//Read all the pay groups from attribute&#xD;
props['p.pay.group.List'] = intsys.getAttributeReferenceDataList('Pay Group', 'Organization_Reference_ID'); &#xD;
props['att.pay.groups'] = util.listToCommaDelimString(props['p.pay.group.List']);</cc:expression>
                </cc:eval>
            </cc:steps>
            <cc:send-error id="SendError" routes-to="InitError"/>
        </cc:async-mediation>
        <cc:local-out id="InitError" store-message="none" endpoint="vm://INT0268-ADP_Streamline_Asia_Payroll_Employee_Outbound/WriteError"><cc:set name="severity" value="'ERROR'"/><cc:set name="error.msg" value="context.errorMessage"/><cc:set name="step.id" value="'Initialization'"/></cc:local-out>
        <cc:local-out id="CallGetTransDataOfWorkerAsOfCurrMonthEnd" store-message="none" execute-when="!props['critical.error']" routes-response-to="CallAggTransEvents" endpoint="vm://INT0268-ADP_Streamline_Asia_Payroll_Employee_Outbound/GetTransDataOfWorkerAsOfCurrMonthEnd"/>
        <cc:local-out id="CallAggTransEvents" store-message="none" execute-when="!props['critical.error']" routes-response-to="CallWorkerDetailReport" endpoint="vm://INT0268-ADP_Streamline_Asia_Payroll_Employee_Outbound/AggTransEvents"><cc:set name="agg.batch.events" value="true"/></cc:local-out>
        <cc:local-out id="CallWorkerDetailReport" store-message="none" execute-when="!props['critical.error']" routes-response-to="CallProcessTransEventDetails" endpoint="vm://INT0268-ADP_Streamline_Asia_Payroll_Employee_Outbound/GetWorkerDetailReportData"/>
        <cc:local-out id="CallProcessTransEventDetails" store-message="none" execute-when="!props['critical.error']" routes-response-to="CallAggWorkers" endpoint="vm://INT0268-ADP_Streamline_Asia_Payroll_Employee_Outbound/ProcessTransEventDetails"/>
        <cc:local-out id="CallAggWorkers" store-message="none" execute-when="!props['critical.error']" routes-response-to="PutIntegrationMessage0" endpoint="vm://INT0268-ADP_Streamline_Asia_Payroll_Employee_Outbound/AggWorkerDetails"><cc:set name="agg.batch.workers" value="true"/></cc:local-out>
        <cc:local-out id="PutIntegrationMessage0" execute-when="!props['critical.error']" endpoint="vm://wcc/PutIntegrationMessage"><cc:set name="is.message.severity" value="'INFO'"/><cc:set name="is.message.summary" value="'Integration completed successfully.'"/><cc:set name="is.message.storage.enabled" value="false"/></cc:local-out>
        <cc:local-in id="GetTransDataOfWorkerAsOfCurrMonthEnd" routes-to="GetWorkerRequestAsOfMonthEndEffective"/>
        <cc:async-mediation id="GetWorkerRequestAsOfMonthEndEffective" routes-to="PagedGet" handle-downstream-errors="true">
            <cc:steps>
                <cc:xslt-plus id="GetCurrentMonthEndDate" url="GetCurrentMonthEndDate.xsl"/>
                <cc:eval id="Eval">
                    <cc:expression>props['CurrentMonthEndDate']=parts[0].text;</cc:expression>
                </cc:eval>
                <cc:write id="Request" output-mimetype="text/xml">
                    <cc:message>
                        <cc:text>&lt;wd:Get_Workers_Request  xmlns:wd=&quot;urn:com.workday/bsvc&quot; wd:version=&quot;v33.0&quot;>&#xD;
			&#xD;
					&lt;wd:Request_Criteria>&#xD;
						&lt;wd:Transaction_Log_Criteria_Data>&#xD;
							&lt;wd:Transaction_Date_Range_Data>&#xD;
								&lt;wd:Updated_From>@{props['lp.prev.cut.off.date']}T00:00:00&lt;/wd:Updated_From>&#xD;
								&lt;wd:Updated_Through>@{props['current.run.datetime']}&lt;/wd:Updated_Through>&#xD;
								&lt;wd:Effective_From>1970-01-01T00:00:00&lt;/wd:Effective_From>&#xD;
								&lt;wd:Effective_Through>@{props['CurrentMonthEndDate']}T23:59:59.999&lt;/wd:Effective_Through>&#xD;
							&lt;/wd:Transaction_Date_Range_Data>&#xD;
							&lt;wd:Subscriber_Reference>&#xD;
								&lt;wd:ID wd:type=&quot;Integration_System_ID&quot;>@{props['integration.name']}&lt;/wd:ID>&#xD;
							&lt;/wd:Subscriber_Reference>&#xD;
						&lt;/wd:Transaction_Log_Criteria_Data>&#xD;
						    &lt;wd:Field_And_Parameter_Criteria_Data>&#xD;
                    &lt;wd:Provider_Reference>                        &#xD;
                        &lt;wd:ID wd:type=&quot;Integration_System_ID&quot;>INT0268-ADP_Streamline_Asia_Payroll_Employee_Outbound/INT0268-ADP_Streamline_Asia_Payroll_Employee_Outbound/StartHere&lt;/wd:ID>&#xD;
                    &lt;/wd:Provider_Reference>&#xD;
                &lt;/wd:Field_And_Parameter_Criteria_Data>&#xD;
				  &lt;wd:Eligibility_Criteria_Data>&#xD;
                    &lt;wd:Field_Reference>&#xD;
                    @if{props['is.singapore']}&#xD;
                        &lt;wd:ID&#xD;
                            wd:type=&quot;Integration_Document_Field_Name&quot;&#xD;
                            wd:parent_type=&quot;Integration_Document_Name&quot;&#xD;
                            wd:parent_id=&quot;INT0268FieldOverrides&quot;>SGEligiblePopulation&lt;/wd:ID>&#xD;
                       @end{}&#xD;
                       @if{props['is.china']}&#xD;
                        &lt;wd:ID&#xD;
                            wd:type=&quot;Integration_Document_Field_Name&quot;&#xD;
                            wd:parent_type=&quot;Integration_Document_Name&quot;&#xD;
                            wd:parent_id=&quot;INT0268FieldOverrides&quot;>CNEligiblePopulation&lt;/wd:ID>&#xD;
                       @end{}&#xD;
                       @if{props['is.hongkong']}&#xD;
                        &lt;wd:ID&#xD;
                            wd:type=&quot;Integration_Document_Field_Name&quot;&#xD;
                            wd:parent_type=&quot;Integration_Document_Name&quot;&#xD;
                            wd:parent_id=&quot;INT0268FieldOverrides&quot;>HKEligiblePopulation&lt;/wd:ID>&#xD;
                       @end{}&#xD;
                    &lt;/wd:Field_Reference>&#xD;
                 &lt;/wd:Eligibility_Criteria_Data>&#xD;
					 &lt;wd:Exclude_Contingent_Workers>1&lt;/wd:Exclude_Contingent_Workers>&#xD;
					&lt;/wd:Request_Criteria>&#xD;
					&lt;wd:Response_Filter>&#xD;
						&lt;wd:As_Of_Entry_DateTime>@{props['lp.current.run.datetime']}&lt;/wd:As_Of_Entry_DateTime>&#xD;
						&lt;wd:Page>1&lt;/wd:Page>&#xD;
						&lt;wd:Count>999&lt;/wd:Count>&#xD;
					&lt;/wd:Response_Filter>&#xD;
					&lt;wd:Response_Group>&#xD;
					    &lt;wd:Include_Reference>1&lt;/wd:Include_Reference>&#xD;
						&lt;wd:Include_Transaction_Log_Data>1&lt;/wd:Include_Transaction_Log_Data>&#xD;
					&lt;/wd:Response_Group>&#xD;
				&lt;/wd:Get_Workers_Request>&#xD;
</cc:text>
                    </cc:message>
                </cc:write>
                <cc:wrap-soap id="WrapSoap"/>
                <cc:log id="Log">
                    <cc:log-message>
                        <cc:text>*********************************Get Worker Request**************************************&#xD;
</cc:text>
                        <cc:message-content/>
                    </cc:log-message>
                </cc:log>
            </cc:steps>
            <cc:send-error id="SendError" routes-to="CallGetWorkerRequestError"/>
        </cc:async-mediation>
        <cc:local-out id="CallGetWorkerRequestError" store-message="none" endpoint="vm://INT0268-ADP_Streamline_Asia_Payroll_Employee_Outbound/WriteError"><cc:set name="step.id" value="'GetWorkerRequestAsOfMonthEndEffective'"/><cc:set name="error.msg" value="context.errorMessage"/><cc:set name="severity" value="'ERROR'"/></cc:local-out>
        <cc:local-in id="GetWorkerData" routes-to="NoDataToSplit"/>
        <cc:splitter id="WorkerSplitter">
            <cc:sub-route name="SubRoute" routes-to="GetEmplIDandWID"/>
            <cc:xml-stream-splitter xpath="/env:Envelope/env:Body/wd:Get_Workers_Response/wd:Response_Data/wd:Worker"/>
        </cc:splitter>
        <cc:async-mediation id="NoDataToSplit" routes-to="WorkerSplitter">
            <cc:steps/>
            <cc:send-error id="SendError" routes-to="CallNoSplitterError"/>
        </cc:async-mediation>
        <cc:local-out id="CallNoSplitterError" store-message="none" endpoint="vm://INT0268-ADP_Streamline_Asia_Payroll_Employee_Outbound/WriteError"><cc:set name="step.id" value="'NoDataToSplit'"/><cc:set name="error.msg" value="context.errorMessage"/><cc:set name="severity" value="'ERROR'"/></cc:local-out>
        <cc:local-out id="PagedGetWorkerData" endpoint="vm://wcc/PagedGet"><cc:set name="is.paged.get.request.current.page.xpath" value="'/env:Envelope/env:Body/*/wd:Response_Filter/wd:Page'"/><cc:set name="is.paged.get.response.current.page.xpath" value="'/env:Envelope/env:Body/*/wd:Response_Results/wd:Page'"/><cc:set name="is.paged.get.response.total.pages.xpath" value="'/env:Envelope/env:Body/*/wd:Response_Results/wd:Total_Pages'"/><cc:set name="is.paged.get.response.total.results.xpath" value="'/env:Envelope/env:Body/*/wd:Response_Results/wd:Total_Results'"/><cc:set name="is.paged.get.application" value="'Human_Resources'"/><cc:set name="is.paged.get.version" value="'v33.0'"/><cc:set name="is.paged.get.page.zero" value="false"/><cc:set name="is.paged.get.store.requests" value="true"/></cc:local-out>
        <cc:async-mediation id="GetEmplIDandWID" routes-to="TrasnactionLogSplitter">
            <cc:steps>
                <cc:eval id="Eval">
                    <cc:expression>props['current.eeid'] = parts[0].xpath(&quot;wd:Worker/wd:Worker_Reference/wd:ID[@wd:type ='Employee_ID']&quot;);&#xD;
props['current.wid'] = parts[0].xpath(&quot;wd:Worker/wd:Worker_Reference/wd:ID[@wd:type='WID']&quot;)</cc:expression>
                </cc:eval>
            </cc:steps>
            <cc:send-error id="SendError" routes-to="CallWorkerDataError"/>
        </cc:async-mediation>
        <cc:splitter id="TrasnactionLogSplitter" no-split-message-error="false">
            <cc:sub-route name="SubRoute" routes-to="SetTransDetailData"/>
            <cc:xml-stream-splitter xpath="/wd:Worker/wd:Worker_Data/wd:Transaction_Log_Entry_Data/wd:Transaction_Log_Entry"/>
        </cc:splitter>
        <cc:async-mediation id="SetTransDetailData" routes-to="InclusionRoute">
            <cc:steps>
                <cc:eval id="Eval">
                    <cc:expression>props['current.trans.type'] = parts[0].xpath(&quot;wd:Transaction_Log_Entry/wd:Transaction_Log_Data/wd:Transaction_Log_Description&quot;);&#xD;
</cc:expression>
                    <cc:expression>props['is.rescinded'] = parts[0].xpath(&quot;wd:Transaction_Log_Entry/wd:Transaction_Log_Data/wd:Is_Rescind_Or_Rescinded&quot;);</cc:expression>
                    <cc:expression>props['is.corrected'] = parts[0].xpath(&quot;wd:Transaction_Log_Entry/wd:Transaction_Log_Data/wd:Is_Correction_Or_Corrected&quot;);</cc:expression>
                    <cc:expression>props['include'] = false;</cc:expression>
                    <cc:expression>if((props['current.trans.type'].toString().startsWith('Terminate')  || props['current.trans.type'].toString().startsWith('Hire')&#xD;
|| props['current.trans.type'].toString().startsWith('Transfer') )&#xD;
 &amp;&amp; props['is.rescinded'] == false )&#xD;
{&#xD;
     props['include'] = true;&#xD;
}</cc:expression>
                </cc:eval>
            </cc:steps>
            <cc:send-error id="SendError" routes-to="CallTransactionDataReadError"/>
        </cc:async-mediation>
        <cc:local-out id="CallTransactionDataReadError" store-message="none" endpoint="vm://INT0268-ADP_Streamline_Asia_Payroll_Employee_Outbound/WriteError"><cc:set name="severity" value="'ERROR'"/><cc:set name="error.msg" value="context.errorMessage"/><cc:set name="step.id" value="'SetTransDetailData'"/></cc:local-out>
        <cc:local-out id="CallWorkerDataError" store-message="none" endpoint="vm://INT0268-ADP_Streamline_Asia_Payroll_Employee_Outbound/WriteError"><cc:set name="severity" value="'ERROR'"/><cc:set name="error.msg" value="context.errorMessage"/><cc:set name="step.id" value="'GetEmplIDandWID'"/></cc:local-out>
        <cc:aggregator id="Aggregator" routes-to="StoreEvents0" collate-when="!props['agg.batch.events']" force-batch-when="props['agg.batch.events']">
            <cc:size-batch-strategy batch-size="-1"/>
            <cc:xml-message-content-collater>
        <cc:header-text>&lt;root></cc:header-text>
        <cc:footer-text>&lt;/root></cc:footer-text>
      </cc:xml-message-content-collater>
        </cc:aggregator>
        <cc:local-in id="AggTransEvents" routes-to="Aggregator"/>
        <cc:async-mediation id="StoreEvents0" execute-steps-when="!props['critical.error']">
            <cc:steps>
                <cc:copy id="Copy" output="variable" output-variable="var.worker.events"/>
                <cc:store id="Store" output="variable" output-variable="EventsFile" expiresIn="P@{props['att.doc.ret.pol']}D" title="TransactionEvents.xml"/>
            </cc:steps>
            <cc:send-error id="SendError" routes-to="CallStoreError"/>
        </cc:async-mediation>
        <cc:local-out id="CallStoreError" store-message="none" endpoint="vm://INT0268-ADP_Streamline_Asia_Payroll_Employee_Outbound/WriteError"><cc:set name="severity" value="'ERROR'"/><cc:set name="error.msg"/><cc:set name="step.id"/></cc:local-out>
        <cc:local-in id="GetWorkerDetailReportData" routes-to="WhereClause"/>
        <cc:async-mediation id="WhereClause" routes-to="EmployeeDetailReport">
            <cc:steps>
                <cc:eval id="Eval">
                    <cc:expression>props['p.where.clause']='Effective_Date='+ props['lp.current.run.date']+'&amp;Pay_Group_Country!WID='+props['lp.country'];</cc:expression>
                </cc:eval>
            </cc:steps>
            <cc:send-error id="SendError" routes-to="CallWhereClauseError"/>
        </cc:async-mediation>
        <cc:local-out id="CallWhereClauseError" store-message="none" endpoint="vm://INT0268-ADP_Streamline_Asia_Payroll_Employee_Outbound/WriteError"><cc:set name="severity" value="'ERROR'"/><cc:set name="error.msg" value="context.errorMessage"/><cc:set name="step.id" value="'WhereClause'"/></cc:local-out>
        <cc:workday-out-rest id="EmployeeDetailReport" routes-response-to="BlankReportValidation" extra-path="@{intsys.reportService.getExtrapath('INT0002-Report')}?@{props['p.where.clause']}"/>
        <cc:async-mediation id="BlankReportValidation" routes-to="Splitter0">
            <cc:steps>
                <cc:eval id="Eval">
                    <cc:expression>props['p.has.data'] = parts[0].xpathB('wd:Report_Data/wd:Report_Entry')</cc:expression>
                </cc:eval>
                <cc:validate-exp id="ValidateExp">
                    <cc:expression error-number="100" failure-message="No records returned by RAAS Report of Employee Detail .">props['p.has.data'] == true</cc:expression>
                </cc:validate-exp>
                <cc:copy id="Copy" output="variable" output-mimetype="text/xml" output-variable="var.employee.report.data"/>
            </cc:steps>
            <cc:send-error id="SendError" routes-to="CallBlankReportError"/>
        </cc:async-mediation>
        <cc:local-out id="CallBlankReportError" store-message="none" endpoint="vm://INT0268-ADP_Streamline_Asia_Payroll_Employee_Outbound/WriteError"><cc:set name="severity" value="'ERROR'"/><cc:set name="error.msg" value="context.errorMessage"/><cc:set name="step.id" value="'BlankReportValidation'"/></cc:local-out>
        <cc:splitter id="Splitter0">
            <cc:sub-route name="SubRoute" routes-to="IdentifyChangeDetectedEmployee"/>
            <cc:xml-stream-splitter xpath="/wd:Report_Data/wd:Report_Entry"/>
        </cc:splitter>
        <cc:async-mediation id="IdentifyChangeDetectedEmployee" routes-to="CallAggReportWorkerDetails">
            <cc:steps>
                <cc:eval id="GetWorkerID">
                    <cc:expression>props['p.emp.id'] = parts[0].xpath('wd:Report_Entry/wd:Employee_ID')</cc:expression>
                </cc:eval>
                <cc:validate-exp id="ValidateExp">
                    <cc:expression error-number="102" failure-message="Employee @{props['p.emp.id']} has a transaction in this period, ignoring it from the report output.">props['worker.event.map'].get(props['p.emp.id'])==null</cc:expression>
                </cc:validate-exp>
                <cc:log id="Log">
                    <cc:log-message>
                        <cc:text>***********From Worker Report Start******************&#xD;
</cc:text>
                        <cc:message-content/>
                        <cc:text>&#xD;
***********From Worker Report End******************&#xD;
</cc:text>
                    </cc:log-message>
                </cc:log>
                <cc:xslt-plus id="XsltPlus" url="INT0002_Transform_Worker.xsl"/>
            </cc:steps>
            <cc:send-error id="SendError" routes-to="CallErrorInEmployeeDetails"/>
        </cc:async-mediation>
        <cc:local-out id="CallErrorInEmployeeDetails" store-message="none" execute-when="context.errorCode != 102" routes-response-to="CallEmployeeNotPatofChangeDetectionWarning" endpoint="vm://INT0268-ADP_Streamline_Asia_Payroll_Employee_Outbound/WriteError"><cc:set name="severity" value="'ERROR'"/><cc:set name="error.msg" value="context.errorMessage"/><cc:set name="step.id" value="'IdentifyChangeDetectedEmployee1'"/></cc:local-out>
        <cc:local-out id="CallAggReportWorkerDetails" store-message="none" endpoint="vm://INT0268-ADP_Streamline_Asia_Payroll_Employee_Outbound/AggWorkerDetails"/>
        <cc:local-in id="AggWorkerDetails" routes-to="Aggregator1"/>
        <cc:local-in id="CloseWorkerDetailAgg" routes-to="Aggregator1"/>
        <cc:aggregator id="Aggregator1" routes-to="Route0" collate-when="!props['agg.batch.workers']" force-batch-when="props['agg.batch.workers']">
            <cc:size-batch-strategy batch-size="-1"/>
            <cc:message-content-collater>
        <cc:header-text>COUNTRY,ENTITY,PAY GROUP,REFERENCE NUMBER,PAYROLL EMPLOYEE CODE,ESTABLISHMENT,FIRST NAME,LAST NAME,MIDDLE NAME(S),INITIALS,ACADEMIC TITLE,KNOWN AS,NAME PREFIX,NAME SUFFIX,FULL NAME,LOCAL FIRST NAME,LOCAL LAST NAME,DATE OF BIRTH,PLACE OF BIRTH,COUNTRY OF BIRTH,BIRTH DISTRICT,BIRTH ZIP CODE,PROVINCE OF BIRTH,NATIONALITY,TITLE,NUMBER OF PERSONS AT CHARGE,EDUCATION LEVEL,STUDENT INDICATOR,DATE OF DEATH,HANDICAPPED PERSON INDICATOR,DISABILITY PERCENTAGE,MARITAL STATUS CHANGE DATE,GENDER,MARITAL STATUS,EFFECTIVE DATE,IDENTITY TYPE,IDENTITY NUMBER,EXPIRY DATE,ISSUING AUTHORITY,PLACE OF ISSUE,ISSUE DATE,NI CODE,NI NUMBER,ADDRESS TYPE,EFFECTIVE DATE,STREET TYPE,ADDRESS LINE 1,ADDRESS LINE 2,ADDRESS LINE 3,ADDRESS LINE 4,HOUSE NUMBER,HOUSE NUMBER BTQ,APARTMENT IND,TOWN / CITY,POST CODE,CITY POSTAL DISTRIBUTION,COUNTY / STATE,DISTRICT,REGION,COUNTRY,LOCAL ADDRESS LINE 1,LOCAL ADDRESS LINE 2,LOCAL CITY,LOCAL COUNTY,LOCAL DISTRICT,LOCAL REGION,SEQUENCE NUMBER,EFFECTIVE DATE,IBAN,BANK KEY,BANK CODE,BANK DESCRIPTION,PAYEE TEXT,BANK ACCOUNT NUMBER,BANK ACCOUNT TYPE,AGENCY CODE,BANK CITY,POSTAL CODE,BANK COUNTRY,BUILDING SOCIETY ROLL NUMBER,PAYROLL AMOUNT,PAYROLL PERCENTAGE,PAYMENT METHOD,BANK CODE EMPLOYER,PURPOSE OF TRANSFER,SWIFT BIC,BANK ACCOUNT CURRENCY,EFFECTIVE DATE,PAY SCALE AREA,PAY SCALE GROUP,PAY SCALE LEVEL,PAY SCALE TYPE,EFFECTIVE DATE,TYPE OF SALARY,SALARY WAGE TYPE,SALARY,PAYMENT FREQUENCY,CURRENCY,DATE OF JOIN,HIRE TYPE,ACTION TYPE,REASON FOR HIRE,THEORETICAL ENTRANCE DATE,HIRE DATE IN THE GROUP,SENIORITY DATE,EFFECTIVE DATE,CONTRACT START DATE,CONTRACT CODE,TYPE OF CONTRACT,QUALIFICATION CODE,CONTRACT END DATE,CONTRACT START REASON,PROBATION END DATE,CONTRACT END REASON,CONTRACT CHANGE REASON,PROBATION PERIOD,EMPLOYMENT RATE,PART TIME PERCENTAGE,DAILY WORKING HOURS,WEEKLY WORKING HOURS,MONTHLY WORKING HOURS,WEEKLY WORKING DAYS,MONTHLY WORKING DAYS,EFFECTIVE DATE,CATEGORY CODE,COEFFICIENT,EMPLOYMENT CATEGORY,GRADE CODE,JOB CODE,JOB TITLE,LEVEL CODE,EFFECTIVE DATE,SEQUENCE NUMBER,COST CENTRE,PERCENTAGE,EMPLOYMENT RELATIONSHIP,COMPANY,LOCATION,ORGANISATION UNIT,DEPARTMENT,ESTABLISHMENT,STREAMLINE STATUS,DIRECT / INDIRECT LABOUR CODE,ORDER NUMBER,TYPE OF RELATIONSHIP,FIRST NAME,LAST NAME,INITIALS,NAME PREFIX,IDENTITY TYPE,IDENTITY NUMBER,TITLE,NAME OF PUBLIC NOTARY,CERTIFICATE DATE OF DELIVERY,DATE OF BIRTH,BIRTH PLACE,GENDER,MARITAL STATUS,NATIONALITY,ELIGIBILITY FOR TAX DISCOUNT,HANDICAPPED PERSON,STUDENT DEPENDENT INDICATOR,DEPENDENT INDICATOR,NAME OF SPOUSE,DATE OF DEATH,LOCAL FIRST NAME,LOCAL LAST NAME,BUSINESS EMAIL,BUSINESS FAX,BUSINESS MOBILE,BUSINESS TELEPHONE,HOME EMAIL,HOME FAX,HOME MOBILE,HOME TELEPHONE,DATE OF LEAVING,TERMINATION TYPE,TERMINATION CODE,REASON FOR LEAVING,TERMINATION DATE NO PAYMENT,TERMINATION DATE WITH PAYMENT,SCHEME CODE,JOIN DATE,LEAVE DATE,STAKEHOLDER NUMBER,RACE,NOTIFICATION DATE@{'\r\n'}</cc:header-text>
      </cc:message-content-collater>
        </cc:aggregator>
        <cc:async-mediation id="StoreOutputData" routes-to="PutIntegrationMessage1">
            <cc:steps>
                <cc:store id="Store" output="variable" output-variable="INT0268-Output" expiresIn="P180D" title="@{lp.getSequencedValue('FileNameSG')}"/>
            </cc:steps>
            <cc:send-error id="SendError" routes-to="CallStoreFinalOutputError"/>
        </cc:async-mediation>
        <cc:local-out id="CallStoreFinalOutputError" store-message="none" endpoint="vm://INT0268-ADP_Streamline_Asia_Payroll_Employee_Outbound/WriteError"><cc:set name="severity" value="'ERROR'"/><cc:set name="error.msg" value="context.errorMessage"/><cc:set name="step.id" value="'StoreOutputData'"/></cc:local-out>
        <cc:local-in id="ProcessTransEventDetails" routes-to="PullTransDetailVariable"/>
        <cc:async-mediation id="PullTransDetailVariable" routes-to="EventSplitter" handle-downstream-errors="true">
            <cc:steps>
                <cc:copy id="Copy" input="variable" input-variable="var.worker.events"/>
            </cc:steps>
            <cc:send-error id="SendError" routes-to="CallCopyTransDetailError"/>
        </cc:async-mediation>
        <cc:local-out id="CallCopyTransDetailError" store-message="none" endpoint="vm://INT0268-ADP_Streamline_Asia_Payroll_Employee_Outbound/WriteError"><cc:set name="severity" value="'ERROR'"/><cc:set name="error.msg" value="context.errorMessage"/><cc:set name="step.id" value="'PullTransDetailVariable'"/></cc:local-out>
        <cc:splitter id="EventSplitter">
            <cc:sub-route name="SubRoute" routes-to="GetEventDetailsAndValidateEmplStatus"/>
            <cc:xpath-splitter xpath="root/EVENT"/>
        </cc:splitter>
        <cc:async-mediation id="GetEventDetailsAndValidateEmplStatus" routes-to="DetailsbyWorker" handle-downstream-errors="true">
            <cc:steps>
                <cc:eval id="Eval">
                    <cc:expression>props['worker.id']=parts[0].xpath('EVENT/ID');&#xD;
props['worker.wid']=parts[0].xpath('EVENT/WID');&#xD;
props['event.eff.date']=parts[0].xpath('EVENT/TRANS_EFF_TS');&#xD;
props['event.entry.date']=parts[0].xpath('EVENT/TRANS_ENTERED_TS');&#xD;
props['event.type']= parts[0].xpath('EVENT/TRANS_TYPE');</cc:expression>
                    <cc:expression>props['p.next.month.terminated'] = false;&#xD;
if(props['event.type'].toString().contains('Terminate') &amp;&amp; props['event.eff.date'] > props['CurrentMonthEndDate'])&#xD;
{props['p.next.month.terminated'] = true;}</cc:expression>
                    <cc:expression>props['p.out.of.range.hire.transfer'] = false;&#xD;
if((props['event.type'].toString().contains('Hire') || props['event.type'].toString().contains('Transfer')) &amp;&amp; &#xD;
props['event.eff.date'] > props['lp.curr.cut.off.date'])&#xD;
{props['p.out.of.range.hire.transfer'] = true;}</cc:expression>
                    <cc:expression>props['p.TransferFlag']=&quot;&quot;;</cc:expression>
                </cc:eval>
                <cc:validate-exp id="ValidateExp">
                    <cc:expression error-number="13" failure-message="@{props['worker.id']} terminate event with effective date @{props['event.eff.date']} is ignored">props['p.next.month.terminated'] == false</cc:expression>
                    <cc:expression error-number="14" failure-message="@{props['worker.id']}: @{props['event.type']} with effective date @{props['event.eff.date']} is ignored because it's past the cut-off date @{props['lp.curr.cut.off.date']}">props['p.out.of.range.hire.transfer'] == false</cc:expression>
                </cc:validate-exp>
                <cc:eval id="EvalWhereClause">
                    <cc:expression>props['p.report.eff.date'] = props['event.eff.date'].substring(0,10);&#xD;
props['p.report.eff.date.plus.one.day'] = parts[0].xpath(&quot;xs:date( \'&quot; + props['p.report.eff.date'] +&quot;\') + xs:dayTimeDuration('P1D')&quot;);&#xD;
props['p.report.eff.date.minus.one.day'] = parts[0].xpath(&quot;xs:date( \'&quot; + props['p.report.eff.date'] +&quot;\') - xs:dayTimeDuration('P1D')&quot;);</cc:expression>
                    <cc:expression>if(props['event.type'].toString().contains('Terminate')){&#xD;
props['p.where.clause']='Effective_Date='+props['p.report.eff.date.plus.one.day']+'&amp;Event_Date='+props['p.report.eff.date']+'&amp;Worker!WID='+props['worker.wid'];&#xD;
}&#xD;
else{&#xD;
props['p.where.clause']='Effective_Date='+props['p.report.eff.date']+'&amp;Event_Date='+props['p.report.eff.date']+'&amp;Worker!WID='+props['worker.wid'];&#xD;
&#xD;
}&#xD;
</cc:expression>
                </cc:eval>
            </cc:steps>
            <cc:send-error id="SendError" routes-to="CallOutOfRangeWarning"/>
        </cc:async-mediation>
        <cc:local-out id="CallOutOfRangeWarning" store-message="none" execute-when="context.errorCode ==13 || context.errorCode ==14" routes-response-to="CallEventDetailsWarning" endpoint="vm://INT0268-ADP_Streamline_Asia_Payroll_Employee_Outbound/WriteError"><cc:set name="severity" value="'WARNING'"/><cc:set name="error.msg" value="context.errorMessage"/><cc:set name="step.id" value="'ValidateEmplStatus'"/></cc:local-out>
        <cc:local-out id="CallEventDetailsWarning" store-message="none" execute-when="context.errorCode !=13 || context.errorCode !=14" endpoint="vm://INT0268-ADP_Streamline_Asia_Payroll_Employee_Outbound/WriteError"><cc:set name="severity" value="'WARNING'"/><cc:set name="error.msg" value="'Error reading data for '+ props['worker.id'] +' &amp; Event:'+props['event.type'] +': '+ context.errorMessage"/><cc:set name="step.id" value="'GetTransactionEventDetails'"/></cc:local-out>
        <cc:workday-out-rest id="DetailsbyWorker" execute-when="!props['critical.error']" routes-response-to="VallidateNoDatabyWorkerReport" extra-path="@{intsys.reportService.getExtrapath('INT0002-ReportByWorker')}?@{props['p.where.clause']}"/>
        <cc:async-mediation id="VallidateNoDatabyWorkerReport" routes-to="ByWorkerReportSplitter">
            <cc:steps>
                <cc:eval id="Eval">
                    <cc:expression>props['p.has.worker.data'] = parts[0].xpathB('wd:Report_Data/wd:Report_Entry')</cc:expression>
                </cc:eval>
                <cc:validate-exp id="ValidateExp">
                    <cc:expression failure-message="No records returned by RAAS Report by Worker.">props['p.has.worker.data'] == true</cc:expression>
                </cc:validate-exp>
            </cc:steps>
            <cc:send-error id="SendError" routes-to="CallNoEmployeeDataWarning"/>
        </cc:async-mediation>
        <cc:local-out id="CallNoEmployeeDataWarning" store-message="none" endpoint="vm://INT0268-ADP_Streamline_Asia_Payroll_Employee_Outbound/WriteError"><cc:set name="severity" value="'WARNING'"/><cc:set name="error.msg" value="'Error reading data for '+ props['worker.id'] +' &amp; Event:'+props['event.type'] +': '+ context.errorMessage"/><cc:set name="step.id" value="'VallidateNoDatabyWorkerReport'"/></cc:local-out>
        <cc:splitter id="ByWorkerReportSplitter" no-split-message-error="true">
            <cc:sub-route name="SubRoute" routes-to="GetDetailsFromByWorkerReport"/>
            <cc:xml-stream-splitter xpath="/wd:Report_Data/wd:Report_Entry"/>
        </cc:splitter>
        <cc:async-mediation id="GetDetailsFromByWorkerReport" routes-to="Route">
            <cc:steps>
                <cc:log id="Log">
                    <cc:log-message>
                        <cc:text>******************Worker Detail after 1st Splitter Start****************&#xD;
</cc:text>
                        <cc:message-content/>
                        <cc:text>&#xD;
******************Worker Detail after 1st Splitter End****************</cc:text>
                    </cc:log-message>
                </cc:log>
                <cc:copy id="Copy" output="variable" output-variable="var.by.worker.detail"/>
                <cc:eval id="Eval">
                    <cc:expression>props['p.old.company'] = parts[0].xpath('wd:Report_Entry/wd:Old_Company/wd:ID[@wd:type=&quot;Company_Reference_ID&quot;]');&#xD;
props['p.new.company'] = parts[0].xpath('wd:Report_Entry/wd:Company/wd:ID[@wd:type=&quot;Company_Reference_ID&quot;]');</cc:expression>
                    <cc:expression>props['p.old.pay.group'] = parts[0].xpath('wd:Report_Entry/wd:Old_PayGroup/wd:ID[@wd:type=&quot;Organization_Reference_ID&quot;]');&#xD;
props['p.new.pay.group'] = parts[0].xpath('wd:Report_Entry/wd:Pay_Group1/wd:ID[@wd:type=&quot;Organization_Reference_ID&quot;]');</cc:expression>
                    <cc:expression>props['p.error.terminated.other.pay.group.hire']= false;&#xD;
if((props['event.type'].toString().contains('Terminate') || props['event.type'].toString().contains('Hire')) &amp;&amp; &#xD;
    (!props['att.pay.groups'].toString().contains(props['p.new.pay.group']) || !props['att.company'].toString().contains(props['p.new.company'])))&#xD;
{props['p.error.terminated.other.pay.group.hire'] = true;}</cc:expression>
                    <cc:expression>props['p.transfer.type']=&quot;&quot;;</cc:expression>
                    <cc:expression>if(props['event.type'].toString().contains('Transfer') &amp;&amp; props['att.company'].toString().contains(props['p.new.company']) &#xD;
&amp;&amp; !props['att.company'].toString().contains(props['p.old.company']))&#xD;
{props['p.transfer.type'] = &quot;TransferIn&quot;;}</cc:expression>
                    <cc:expression>if(props['event.type'].toString().contains('Transfer') &amp;&amp; !props['att.company'].toString().contains(props['p.new.company']) &#xD;
&amp;&amp; props['att.company'].toString().contains(props['p.old.company']))&#xD;
{props['p.transfer.type'] = &quot;TransferOut&quot;;}</cc:expression>
                    <cc:expression>if(props['event.type'].toString().contains('Transfer') &amp;&amp; props['att.company'].toString().contains(props['p.new.company']) &#xD;
&amp;&amp; props['att.company'].toString().contains(props['p.old.company']))&#xD;
{props['p.transfer.type'] = &quot;Transfer&quot;;}</cc:expression>
                    <cc:expression>props['p.error.transfer.not.within.listed.company']= false;&#xD;
if(props['event.type'].toString().contains('Transfer') &amp;&amp; !props['att.company'].toString().contains(props['p.new.company']) &#xD;
&amp;&amp; !props['att.company'].toString().contains(props['p.old.company']))&#xD;
{props['p.error.transfer.not.within.listed.company']= true;}</cc:expression>
                    <cc:expression>props['p.error.transfer.out.of.listed.company']= false;&#xD;
if(props['event.type'].toString().contains('Transfer') &amp;&amp; !props['att.pay.groups'].toString().contains(props['p.new.pay.group']) &#xD;
&amp;&amp; !props['att.pay.groups'].toString().contains(props['p.old.pay.group']))&#xD;
{props['p.error.transfer.out.of.listed.company']= true ;}</cc:expression>
                    <cc:expression>props['p.error.transfer.out']=false;&#xD;
if(props['p.transfer.type'] == 'TransferOut')&#xD;
{props['p.error.transfer.out']=true;}</cc:expression>
                    <cc:expression>if(props['event.type'].toString().contains('Transfer') &amp;&amp; props['p.new.company']==props['p.old.company'])&#xD;
{props['p.transfer.type'] = &quot;NoChange&quot;;}</cc:expression>
                </cc:eval>
                <cc:validate-exp id="ValidateExp">
                    <cc:expression error-number="22" failure-message="@{props['workerID']} : @{props['workerTransType']}:  company is @{props['p.newCompany']} and pay group is @{props['p.newPayGroup']} - not selected for the ADP file.">props['p.error.terminated.other.pay.group.hire']==false;</cc:expression>
                    <cc:expression error-number="23" failure-message="@{props['workerID']} : @{props['workerTransType']}: Both old  Company @{props['p.oldCompany']} and new company  @{props['p.newCompany']}  are not part of ADP companies. Not included in ADP File.">props['p.error.transfer.not.within.listed.company']== false;</cc:expression>
                    <cc:expression error-number="24" failure-message="@{props['workerID']} : @{props['workerTransType']}: Both old Pay Group @{props['p.oldPayGroup']} and new PayGroup  @{props['p.newPayGroup']}  are not part of ADP Pay Groups. Not included in ADP File.">props['p.error.transfer.out.of.listed.company']== false;</cc:expression>
                </cc:validate-exp>
                <cc:eval id="Eval0">
                    <cc:expression>if(props['event.type'].toString().contains('Transfer'))&#xD;
    {props['p.transfer.flag']='TransferIn';}&#xD;
</cc:expression>
                    <cc:expression>if(props['event.type'].toString().contains('Terminate'))&#xD;
    {props['p.transfer.flag']='Termination';}</cc:expression>
                    <cc:expression>props['p.where.clause']='Effective_Date='+props['lp.current.run.date']+'&amp;Worker!WID='+props['worker.wid']+'&amp;Event_Date='+props['lp.current.run.date'];</cc:expression>
                </cc:eval>
            </cc:steps>
            <cc:send-error id="SendError" routes-to="CallWriteWarningMessage"/>
        </cc:async-mediation>
        <cc:workday-out-rest id="WorkerData" execute-when="!props['critical.error']" routes-response-to="TransformWorker" extra-path="@{intsys.reportService.getExtrapath('INT0002-ReportByWorker')}?@{props['p.where.clause']}"/>
        <cc:route id="Route">
            <cc:all-strategy/>
            <cc:sub-route name="collateWorker" routes-to="WorkerData"/>
            <cc:sub-route name="TransferInRow" routes-to="CallCreateTransferInRow"/>
        </cc:route>
        <cc:async-mediation id="TransformWorker" routes-to="CallAggWorker">
            <cc:steps>
                <cc:log id="Log">
                    <cc:log-message>
                        <cc:text>*******************Worker Details Process Events Start*************&#xD;
</cc:text>
                        <cc:message-content/>
                        <cc:text>&#xD;
*******************Worker Details Process Events End*************&#xD;
</cc:text>
                    </cc:log-message>
                </cc:log>
                <cc:xslt-plus id="XsltPlus" url="INT0002_Transform_Worker.xsl"/>
            </cc:steps>
            <cc:send-error id="SendError" routes-to="CallTransformError"/>
        </cc:async-mediation>
        <cc:local-out id="CallAggWorker" store-message="none" endpoint="vm://INT0268-ADP_Streamline_Asia_Payroll_Employee_Outbound/AggWorkerDetails"/>
        <cc:local-out id="CallTransformError" store-message="none" endpoint="vm://INT0268-ADP_Streamline_Asia_Payroll_Employee_Outbound/WriteError"><cc:set name="severity" value="'ERROR'"/><cc:set name="error.msg" value="context.errorMessage"/><cc:set name="step.id" value="'TransformWorker'"/></cc:local-out>
        <cc:local-out id="CallCreateTransferInRow" store-message="none" execute-when="props['p.transfer.type'] == 'Transfer' &amp;&amp; props['p.transfer.flag']=='TransferIn'" routes-response-to="CallCreateTransferOutRow" endpoint="vm://INT0268-ADP_Streamline_Asia_Payroll_Employee_Outbound/CreateTranferInOutRow"/>
        <cc:local-in id="CreateTranferInOutRow" routes-to="WhereClauseForTranserIn"/>
        <cc:async-mediation id="WhereClauseForTranserIn" routes-to="CallWorkerDataDetails">
            <cc:steps>
                <cc:eval id="Eval">
                    <cc:expression>//props['p.where.clause']='Effective_Date='+props['p.report.eff.date.minus.one.day'] +'&amp;Event_Date='+props['p.report.eff.date']+'&amp;Worker!WID='+props['worker.wid'];&#xD;
</cc:expression>
                    <cc:expression>props['p.where.clause']='Effective_Date='+props['p.report.eff.date'] +'&amp;Event_Date='+props['p.report.eff.date']+'&amp;Worker!WID='+props['worker.wid'];</cc:expression>
                </cc:eval>
            </cc:steps>
            <cc:send-error id="SendError" routes-to="CallDetailError"/>
        </cc:async-mediation>
        <cc:local-out id="CallDetailError" store-message="none" endpoint="vm://INT0268-ADP_Streamline_Asia_Payroll_Employee_Outbound/WriteError"><cc:set name="severity" value="'ERROR'"/><cc:set name="error.msg" value="context.errorMessage"/><cc:set name="step.id" value="'WhereClauseForTranserIn'"/></cc:local-out>
        <cc:workday-out-rest id="CallWorkerDataDetails" routes-response-to="NoDataValidation" extra-path="@{intsys.reportService.getExtrapath('INT0002-ReportByWorker')}?@{props['p.where.clause']}"/>
        <cc:async-mediation id="NoDataValidation" routes-to="SplitterWorker">
            <cc:steps>
                <cc:eval id="Eval">
                    <cc:expression>props['p.has.valid.data'] = parts[0].xpathB('wd:Report_Data/wd:Report_Entry')</cc:expression>
                </cc:eval>
                <cc:validate-exp id="ValidateExp">
                    <cc:expression failure-message="No records returned by RAAS Report by Worker.">props['p.has.valid.data'] == true</cc:expression>
                </cc:validate-exp>
                <cc:log id="Log">
                    <cc:log-message>
                        <cc:text>**************************Worker Details InOut Start****************&#xD;
</cc:text>
                        <cc:message-content/>
                        <cc:text>&#xD;
**************************Start Worker Details InOut End****************</cc:text>
                    </cc:log-message>
                </cc:log>
            </cc:steps>
            <cc:send-error id="SendError" routes-to="CallNoDatabyWorkerReportError"/>
        </cc:async-mediation>
        <cc:local-out id="CallNoDatabyWorkerReportError" store-message="none" endpoint="vm://INT0268-ADP_Streamline_Asia_Payroll_Employee_Outbound/WriteError"><cc:set name="severity" value="'ERROR'"/><cc:set name="error.msg" value="context.errorMessage"/><cc:set name="step.id" value="'NoDataValidation'"/></cc:local-out>
        <cc:splitter id="SplitterWorker">
            <cc:sub-route name="SubRoute" routes-to="TransferWorkerTransform"/>
            <cc:xml-stream-splitter xpath="/wd:Report_Data/wd:Report_Entry"/>
        </cc:splitter>
        <cc:async-mediation id="TransferWorkerTransform" routes-to="CallTransferAggWorker">
            <cc:steps>
                <cc:eval id="Eval">
                    <cc:expression>props['p.transfer.flag']='TransferOut'</cc:expression>
                </cc:eval>
                <cc:xslt-plus id="XsltPlus" url="INT0002_Transform_Worker.xsl"/>
            </cc:steps>
            <cc:send-error id="SendError" routes-to="CallTransformWorkerError"/>
        </cc:async-mediation>
        <cc:local-out id="CallTransferAggWorker" store-message="none" endpoint="vm://INT0268-ADP_Streamline_Asia_Payroll_Employee_Outbound/AggWorkerDetails"/>
        <cc:local-out id="CallTransformWorkerError" store-message="none" endpoint="vm://INT0268-ADP_Streamline_Asia_Payroll_Employee_Outbound/WriteError"><cc:set name="severity" value="'ERROR'"/><cc:set name="error.msg" value="context.errorMessage"/><cc:set name="step.id" value="'TransferWorkerTransform'"/></cc:local-out>
        <cc:local-out id="CallWriteWarningMessage" store-message="none" execute-when="context.errorCode ==22 || context.errorCode ==23 || context.errorCode ==24" routes-response-to="CallDetailWorkerReportError" endpoint="vm://INT0268-ADP_Streamline_Asia_Payroll_Employee_Outbound/WriteError"><cc:set name="severity" value="'WARNING'"/><cc:set name="error.msg" value="context.errorMessage"/><cc:set name="step.id" value="'GetDetailsFromByWorkerReport'"/></cc:local-out>
        <cc:local-out id="CallDetailWorkerReportError" store-message="none" execute-when="context.errorCode !=22 &amp;&amp; context.errorCode !=23 &amp;&amp; context.errorCode !=24 " endpoint="vm://INT0268-ADP_Streamline_Asia_Payroll_Employee_Outbound/WriteError"><cc:set name="severity" value="'ERROR'"/><cc:set name="error.msg" value="context.errorMessage"/><cc:set name="step.id" value="'GetDetailsFromByWorkerReport'"/></cc:local-out>
        <cc:local-out id="CallCreateTransferOutLine" store-message="none" execute-when="context.errorCode ==23" endpoint="vm://INT0268-ADP_Streamline_Asia_Payroll_Employee_Outbound/CreateTranferInOutRow"/>
        <cc:local-out id="PagedGet" endpoint="vm://wcc/PagedGet"><cc:set name="is.paged.get.request.current.page.xpath" value="'/env:Envelope/env:Body/*/wd:Response_Filter/wd:Page'"/><cc:set name="is.paged.get.response.current.page.xpath" value="'/env:Envelope/env:Body/*/wd:Response_Results/wd:Page'"/><cc:set name="is.paged.get.response.total.pages.xpath" value="'/env:Envelope/env:Body/*/wd:Response_Results/wd:Total_Pages'"/><cc:set name="is.paged.get.response.total.results.xpath" value="'/env:Envelope/env:Body/*/wd:Response_Results/wd:Total_Results'"/><cc:set name="is.paged.get.process.endpoint" value="'vm://INT0268-ADP_Streamline_Asia_Payroll_Employee_Outbound/GetWorkerData'"/><cc:set name="is.paged.get.application" value="'Human_Resources'"/><cc:set name="is.paged.get.version" value="'v33.0'"/><cc:set name="is.paged.get.page.zero" value="false"/><cc:set name="is.paged.get.store.requests" value="true"/></cc:local-out>
        <cc:route id="InclusionRoute">
            <cc:mvel-strategy>
                <cc:choose-route expression="props['include'] == true" route="include"/>
                <cc:choose-route expression="true" route="Skip"/>
            </cc:mvel-strategy>
            <cc:sub-route name="include" routes-to="CreateEventData"/>
            <cc:sub-route name="Skip" routes-to="Skip"/>
        </cc:route>
        <cc:async-mediation id="CreateEventData" routes-to="Aggregator">
            <cc:steps>
                <cc:eval id="Eval">
                    <cc:expression>props['worker.event.list'].add(props['current.eeid']+'|'+  props['current.trans.type'] + '|'+ parts[0].xpath(&quot;wd:Transaction_Log_Entry/wd:Transaction_Log_Data/wd:Transaction_Entry_Moment&quot;)+'|'+parts[0].xpath(&quot;wd:Transaction_Log_Entry/wd:Transaction_Log_Data/wd:Transaction_Effective_Moment&quot;));&#xD;
props['worker.event.map'].put(props['current.eeid'],props['current.eeid']);</cc:expression>
                </cc:eval>
                <cc:write id="Write">
                    <cc:message>
                        <cc:text>&lt;EVENT>&#xD;
&lt;ID>@{props['current.eeid']}&lt;/ID>&#xD;
&lt;WID>@{props['current.wid']}&lt;/WID>&#xD;
&lt;TRANS_TYPE>@{props['current.trans.type']}&lt;/TRANS_TYPE>&#xD;
&lt;TRANS_EFF_TS>@{parts[0].xpath(&quot;wd:Transaction_Log_Entry/wd:Transaction_Log_Data/wd:Transaction_Effective_Moment&quot;)}&lt;/TRANS_EFF_TS>&#xD;
&lt;TRANS_ENTERED_TS>@{parts[0].xpath(&quot;wd:Transaction_Log_Entry/wd:Transaction_Log_Data/wd:Transaction_Entry_Moment&quot;)}&lt;/TRANS_ENTERED_TS>&#xD;
&lt;/EVENT></cc:text>
                    </cc:message>
                </cc:write>
            </cc:steps>
            <cc:send-error id="SendError" routes-to="CallAggError"/>
        </cc:async-mediation>
        <cc:async-mediation id="Skip">
            <cc:steps/>
        </cc:async-mediation>
        <cc:local-out id="CallAggError" store-message="none" endpoint="vm://INT0268-ADP_Streamline_Asia_Payroll_Employee_Outbound/WriteError"><cc:set name="severity" value="'ERROR'"/><cc:set name="error.msg" value="context.errorMessage"/><cc:set name="step.id" value="'CreateEventData'"/></cc:local-out>
        <cc:local-out id="CallEmployeeNotPatofChangeDetectionWarning" store-message="none" execute-when="context.errorCode == 102" endpoint="vm://INT0268-ADP_Streamline_Asia_Payroll_Employee_Outbound/WriteError"><cc:set name="error.msg" value="context.errorMessage"/><cc:set name="step.id" value="'IdentifyChangeDetectedEmployee2'"/><cc:set name="severity" value="'INFO'"/></cc:local-out>
        <cc:local-out id="PutIntegrationMessage1" endpoint="vm://wcc/PutIntegrationMessage"><cc:set name="is.message.severity" value="'INFO'"/><cc:set name="is.message.summary" value="lp.getSequencedValue('FileNameSG') # 'file is generated'"/><cc:set name="is.document.variable.name" value="'INT0268-Output'"/><cc:set name="is.document.deliverable" value="'true'"/><cc:set name="is.document.file.name" value="lp.getSequencedValue('FileNameSG')"/><cc:set name="is.message.storage.enabled" value="false"/></cc:local-out>
        <cc:local-out id="CallCreateTransferOutRow" store-message="none" execute-when="props['p.error.transfer.out']" endpoint="vm://INT0268-ADP_Streamline_Asia_Payroll_Employee_Outbound/CreateTranferInOutRow"/>
        <cc:route id="Route0">
            <cc:mvel-strategy>
                <cc:choose-route expression="props['is.singapore']" route="Singapore"/>
                <cc:choose-route expression="props['is.china']" route="China"/>
                <cc:choose-route expression="props['is.hongkong']" route="Hongkong"/>
            </cc:mvel-strategy>
            <cc:sub-route name="Singapore" routes-to="StoreOutputData"/>
            <cc:sub-route name="China" routes-to="StoreOutputData0"/>
            <cc:sub-route name="Hongkong" routes-to="StoreOutputData00"/>
        </cc:route>
        <cc:async-mediation id="StoreOutputData0" routes-to="PutIntegrationMessage10">
            <cc:steps>
                <cc:store id="Store" output="variable" output-variable="INT0268-Output" expiresIn="P180D" title="@{lp.getSequencedValue('FileNameCN')}"/>
            </cc:steps>
            <cc:send-error id="SendError" routes-to="CallStoreFinalOutputError0"/>
        </cc:async-mediation>
        <cc:local-out id="CallStoreFinalOutputError0" store-message="none" endpoint="vm://INT0268-ADP_Streamline_Asia_Payroll_Employee_Outbound/WriteError">
            <cc:set name="severity" value="'ERROR'"/>
            <cc:set name="error.msg" value="context.errorMessage"/>
            <cc:set name="step.id" value="'StoreOutputData'"/>
        </cc:local-out>
        <cc:local-out id="PutIntegrationMessage10" endpoint="vm://wcc/PutIntegrationMessage">
            <cc:set name="is.message.severity" value="'INFO'"/>
            <cc:set name="is.message.summary" value="lp.getSequencedValue('FileNameCN') # 'file is generated'"/>
            <cc:set name="is.document.variable.name" value="'INT0268-Output'"/>
            <cc:set name="is.document.deliverable" value="'true'"/>
            <cc:set name="is.document.file.name" value="lp.getSequencedValue('FileNameCN')"/>
            <cc:set name="is.message.storage.enabled" value="false"/>
        </cc:local-out>
        <cc:local-out id="CallStoreFinalOutputError00" store-message="none" endpoint="vm://INT0268-ADP_Streamline_Asia_Payroll_Employee_Outbound/WriteError">
            <cc:set name="severity" value="'ERROR'"/>
            <cc:set name="error.msg" value="context.errorMessage"/>
            <cc:set name="step.id" value="'StoreOutputData'"/>
        </cc:local-out>
        <cc:async-mediation id="StoreOutputData00" routes-to="PutIntegrationMessage100">
            <cc:steps>
                <cc:store id="Store" output="variable" output-variable="INT0268-Output" expiresIn="P180D" title="@{lp.getSequencedValue('FileNameHK')}"/>
            </cc:steps>
            <cc:send-error id="SendError" routes-to="CallStoreFinalOutputError00"/>
        </cc:async-mediation>
        <cc:local-out id="PutIntegrationMessage100" endpoint="vm://wcc/PutIntegrationMessage">
            <cc:set name="is.message.severity" value="'INFO'"/>
            <cc:set name="is.message.summary" value="lp.getSequencedValue('FileNameHK') # 'file is generated'"/>
            <cc:set name="is.document.variable.name" value="'INT0268-Output'"/>
            <cc:set name="is.document.deliverable" value="'true'"/>
            <cc:set name="is.document.file.name" value="lp.getSequencedValue('FileNameHK')"/>
            <cc:set name="is.message.storage.enabled" value="false"/>
        </cc:local-out>
	</cc:assembly>

</beans>