<?xml version="1.0" encoding="UTF-8"?><wm:manifest xmlns:wm="http://www.workday.com/solution/catalog/manifest/10" xmlns:xsi="http://www.w3.org/2001/XMLSchema-instance" xsi:schemaLocation="http://www.workday.com/solution/catalog/manifest/10 http://www.workday.com/solution/catalog/manifest/10">
   <wm:clar version="3.0"/>
   <wm:descriptive>
      <wm:title>Workday Expense Report Receipts Extraction</wm:title>
      <wm:description>Sample Description</wm:description>
      <wm:author>cecilia.stewart</wm:author>
      <wm:timestamp>2015-04-01T13:11:01.848-07:00</wm:timestamp>
   </wm:descriptive>
</wm:manifest>
