<?xml version="1.0" encoding="UTF-8"?>
<beans
     xmlns="http://www.springframework.org/schema/beans"
     xmlns:beans="http://www.springframework.org/schema/beans"
     xmlns:atom="http://www.w3.org/2005/Atom"
     xmlns:cc="http://www.capeclear.com/assembly/10"
     xmlns:cloud="urn:com.workday/esb/cloud/10.0"
     xmlns:env="http://schemas.xmlsoap.org/soap/envelope/"
     xmlns:pi="urn:com.workday/picof"
     xmlns:wd="urn:com.workday/bsvc"
     xmlns:xsi="http://www.w3.org/2001/XMLSchema-instance">
 
	<cc:assembly id="WorkdayAssembly" version="2019.6">
        <cc:workday-in id="StartHere" routes-to="AsyncMediation1">
            <cc:integration-system name="RestCall">
        <cloud:report-service name="RestCall_RS">
          <cloud:report-alias description="CR_CV_Resume_Generation_Settings_Report" name="CR_CV">
            <cloud:report-reference description="CR_CV_Resume_Generation_Settings_Report" type="WID">4cf6723dc4eb0150157441efcc013c13</cloud:report-reference>
          </cloud:report-alias>
        </cloud:report-service>
      </cc:integration-system>
        </cc:workday-in>
        <cc:async-mediation id="AsyncMediation">
            <cc:steps>
                <cc:store id="Store" title="report.xml"/>
            </cc:steps>
        </cc:async-mediation>
        <cc:async-mediation id="AsyncMediation0" routes-to="HttpOut">
            <cc:steps>
                <cc:write id="Write">
                    <cc:message>
                        <cc:text>&lt;Root>&lt;/Root></cc:text>
                    </cc:message>
                </cc:write>
                <cc:xslt id="Xslt" url="RaaSRequest.xsl"/>
            </cc:steps>
        </cc:async-mediation>
        <cc:http-out id="HttpOut" routes-response-to="AsyncMediation" endpoint="@{intsys.reportService.getEndpoint('CR_CV')}">
            <cc:wsdl-soap-binding>
                <cc:ws-ut/>
            </cc:wsdl-soap-binding>
        </cc:http-out>
        <cc:send-error id="global-error-handler" rethrow-error="false" routes-to="Note-Error"/>
        <cc:local-out id="Note-Error" endpoint="vm://wcc/PutIntegrationMessage">
            <cc:set name="is.message.severity" value="'CRITICAL'"/>
            <cc:set name="is.message.summary" value="context.errorMessage"/>
        </cc:local-out>
        <cc:async-mediation id="AsyncMediation1">
            <cc:steps>
                <cc:write id="Write">
                    <cc:message>
                        <cc:text>&lt;env:Envelope xmlns:env=&quot;http://schemas.xmlsoap.org/soap/envelope/&quot;>&#xD;
   &lt;env:Body>&#xD;
      &lt;wd:Get_Workers_Response wd:version=&quot;v33.2&quot; xmlns:wd=&quot;urn:com.workday/bsvc&quot;>&#xD;
         &lt;wd:Request_References>&#xD;
            &lt;wd:Worker_Reference>&#xD;
               &lt;wd:ID wd:type=&quot;WID&quot;>5a723aaff4234f47bfa5dee22157b5fb&lt;/wd:ID>&#xD;
               &lt;wd:ID wd:type=&quot;Employee_ID&quot;>21009&lt;/wd:ID>&#xD;
            &lt;/wd:Worker_Reference>&#xD;
         &lt;/wd:Request_References>&#xD;
         &lt;wd:Response_Filter>&#xD;
            &lt;wd:Page>1&lt;/wd:Page>&#xD;
            &lt;wd:Count>1&lt;/wd:Count>&#xD;
         &lt;/wd:Response_Filter>&#xD;
         &lt;wd:Response_Group>&#xD;
            &lt;wd:Include_Reference>1&lt;/wd:Include_Reference>&#xD;
            &lt;wd:Include_Benefit_Enrollments>1&lt;/wd:Include_Benefit_Enrollments>&#xD;
            &lt;wd:Include_Benefit_Eligibility>1&lt;/wd:Include_Benefit_Eligibility>&#xD;
         &lt;/wd:Response_Group>&#xD;
         &lt;wd:Response_Results>&#xD;
            &lt;wd:Total_Results>1&lt;/wd:Total_Results>&#xD;
            &lt;wd:Total_Pages>1&lt;/wd:Total_Pages>&#xD;
            &lt;wd:Page_Results>1&lt;/wd:Page_Results>&#xD;
            &lt;wd:Page>1&lt;/wd:Page>&#xD;
         &lt;/wd:Response_Results>&#xD;
         &lt;wd:Response_Data>&#xD;
            &lt;wd:Worker>&#xD;
               &lt;wd:Worker_Reference>&#xD;
                  &lt;wd:ID wd:type=&quot;WID&quot;>5a723aaff4234f47bfa5dee22157b5fb&lt;/wd:ID>&#xD;
                  &lt;wd:ID wd:type=&quot;Employee_ID&quot;>21009&lt;/wd:ID>&#xD;
               &lt;/wd:Worker_Reference>&#xD;
               &lt;wd:Worker_Descriptor>Pedro Santiago&lt;/wd:Worker_Descriptor>&#xD;
               &lt;wd:Worker_Data>&#xD;
                  &lt;wd:Worker_ID>21009&lt;/wd:Worker_ID>&#xD;
                  &lt;wd:User_ID>psantiago&lt;/wd:User_ID>&#xD;
                  &lt;wd:Benefit_Enrollment_Data>&#xD;
                     &lt;wd:Insurance_Data>&#xD;
                        &lt;wd:Insurance_Period_Data>&#xD;
                           &lt;wd:Enrollment_Period_Data>&#xD;
                              &lt;wd:Benefit_Program_Name>U.S, 2020 Benefit Program&lt;/wd:Benefit_Program_Name>&#xD;
                              &lt;wd:Plan_Year>2020-01-01&lt;/wd:Plan_Year>&#xD;
                              &lt;wd:Begin_Date>2020-01-01&lt;/wd:Begin_Date>&#xD;
                              &lt;wd:End_Date>2020-12-31&lt;/wd:End_Date>&#xD;
                           &lt;/wd:Enrollment_Period_Data>&#xD;
                           &lt;wd:Insurance_Coverage_Data>&#xD;
                              &lt;wd:Insurance_Coverage_Level_Data>&#xD;
                                 &lt;wd:Coverage_Level_Value_Data>&#xD;
                                    &lt;wd:Coverage_Level_Value>6996.6&lt;/wd:Coverage_Level_Value>&#xD;
                                    &lt;wd:Buy_Up_Amount>0&lt;/wd:Buy_Up_Amount>&#xD;
                                    &lt;wd:Guarantee_Issue_Amount>6996.6&lt;/wd:Guarantee_Issue_Amount>&#xD;
                                    &lt;wd:Coverage_Level_Multiplier>0.6&lt;/wd:Coverage_Level_Multiplier>&#xD;
                                    &lt;wd:Coverage_Level_Type>Salary&lt;/wd:Coverage_Level_Type>&#xD;
                                    &lt;wd:Currency_Reference>&#xD;
                                       &lt;wd:ID wd:type=&quot;WID&quot;>9e996ffdd3e14da0ba7275d5400bafd4&lt;/wd:ID>&#xD;
                                       &lt;wd:ID wd:type=&quot;Currency_ID&quot;>USD&lt;/wd:ID>&#xD;
                                       &lt;wd:ID wd:type=&quot;Currency_Numeric_Code&quot;>840&lt;/wd:ID>&#xD;
                                    &lt;/wd:Currency_Reference>&#xD;
                                 &lt;/wd:Coverage_Level_Value_Data>&#xD;
                                 &lt;wd:Volume_Data>&#xD;
                                    &lt;wd:Volume>6996.6&lt;/wd:Volume>&#xD;
                                    &lt;wd:Currency_Reference>&#xD;
                                       &lt;wd:ID wd:type=&quot;WID&quot;>9e996ffdd3e14da0ba7275d5400bafd4&lt;/wd:ID>&#xD;
                                       &lt;wd:ID wd:type=&quot;Currency_ID&quot;>USD&lt;/wd:ID>&#xD;
                                       &lt;wd:ID wd:type=&quot;Currency_Numeric_Code&quot;>840&lt;/wd:ID>&#xD;
                                    &lt;/wd:Currency_Reference>&#xD;
                                 &lt;/wd:Volume_Data>&#xD;
                              &lt;/wd:Insurance_Coverage_Level_Data>&#xD;
                              &lt;wd:Benefit_Election_Data wd:Is_Corrected_or_Rescinded=&quot;0&quot;>&#xD;
                                 &lt;wd:Coverage_Begin_Date>2020-06-03&lt;/wd:Coverage_Begin_Date>&#xD;
                                 &lt;wd:Election_Coverage_Begin_Date>2020-06-03&lt;/wd:Election_Coverage_Begin_Date>&#xD;
                                 &lt;wd:Original_Coverage_Begin_Date>2020-06-03&lt;/wd:Original_Coverage_Begin_Date>&#xD;
                                 &lt;wd:Original_Coverage_Begin_Date_for_Benefit_Coverage_Type>2020-06-03&lt;/wd:Original_Coverage_Begin_Date_for_Benefit_Coverage_Type>&#xD;
                                 &lt;wd:Deduction_Begin_Date>2020-06-01&lt;/wd:Deduction_Begin_Date>&#xD;
                                 &lt;wd:Election_Status>Current&lt;/wd:Election_Status>&#xD;
                                 &lt;wd:Enrollment_Signature_Date>2020-06-05&lt;/wd:Enrollment_Signature_Date>&#xD;
                                 &lt;wd:Passive_Enrollment>0&lt;/wd:Passive_Enrollment>&#xD;
                                 &lt;wd:Benefit_Plan_Summary_Data>&#xD;
                                    &lt;wd:Benefit_Plan_Reference>&#xD;
                                       &lt;wd:ID wd:type=&quot;WID&quot;>f55ff1cbcdf7012207c554f71801920d&lt;/wd:ID>&#xD;
                                       &lt;wd:ID wd:type=&quot;Insurance_Coverage_Plan_ID&quot;>INSURANCE_COVERAGE_PLAN-6-14&lt;/wd:ID>&#xD;
                                    &lt;/wd:Benefit_Plan_Reference>&#xD;
                                    &lt;wd:Benefit_Coverage_Type_Reference>&#xD;
                                       &lt;wd:ID wd:type=&quot;WID&quot;>f55ff1cbcdf701bf9500157d1801840d&lt;/wd:ID>&#xD;
                                       &lt;wd:ID wd:type=&quot;Benefit_Coverage_Type_ID&quot;>INSURANCE_COVERAGE_TYPE-6-15&lt;/wd:ID>&#xD;
                                    &lt;/wd:Benefit_Coverage_Type_Reference>&#xD;
                                    &lt;wd:Currency_Reference>&#xD;
                                       &lt;wd:ID wd:type=&quot;WID&quot;>9e996ffdd3e14da0ba7275d5400bafd4&lt;/wd:ID>&#xD;
                                       &lt;wd:ID wd:type=&quot;Currency_ID&quot;>USD&lt;/wd:ID>&#xD;
                                       &lt;wd:ID wd:type=&quot;Currency_Numeric_Code&quot;>840&lt;/wd:ID>&#xD;
                                    &lt;/wd:Currency_Reference>&#xD;
                                    &lt;wd:Frequency_Reference>&#xD;
                                       &lt;wd:ID wd:type=&quot;WID&quot;>a4437a28b22749f298d9227910b7a61f&lt;/wd:ID>&#xD;
                                       &lt;wd:ID wd:type=&quot;Frequency_ID&quot;>Annual&lt;/wd:ID>&#xD;
                                    &lt;/wd:Frequency_Reference>&#xD;
                                    &lt;wd:Insurance_Coverage_Target_Reference>&#xD;
                                       &lt;wd:ID wd:type=&quot;WID&quot;>aaf4615c70f510179beaf4a7736c6243&lt;/wd:ID>&#xD;
                                       &lt;wd:ID wd:type=&quot;Insurance_Coverage_Target_ID&quot;>INSURANCE_COVERAGE_TARGET-6-3&lt;/wd:ID>&#xD;
                                    &lt;/wd:Insurance_Coverage_Target_Reference>&#xD;
                                    &lt;wd:Benefit_Provider_Summary_Data>&#xD;
                                       &lt;wd:Benefit_Provider_Reference>&#xD;
                                          &lt;wd:ID wd:type=&quot;WID&quot;>f55ff1cbcdf701d14bba33abca00d509&lt;/wd:ID>&#xD;
                                          &lt;wd:ID wd:type=&quot;Benefit_Provider_ID&quot;>LFG&lt;/wd:ID>&#xD;
                                       &lt;/wd:Benefit_Provider_Reference>&#xD;
                                       &lt;wd:Benefit_Provider_Name>Lincoln&lt;/wd:Benefit_Provider_Name>&#xD;
                                    &lt;/wd:Benefit_Provider_Summary_Data>&#xD;
                                    &lt;wd:External_Integration_ID_Data>&#xD;
                                       &lt;wd:ID wd:System_ID=&quot;WD-I&quot;>545$14&lt;/wd:ID>&#xD;
                                       &lt;wd:ID wd:System_ID=&quot;WD-WID&quot;>f55ff1cbcdf7012207c554f71801920d&lt;/wd:ID>&#xD;
                                    &lt;/wd:External_Integration_ID_Data>&#xD;
                                 &lt;/wd:Benefit_Plan_Summary_Data>&#xD;
                                 &lt;wd:Original_Plan_Enrollment_Date>2020-06-03&lt;/wd:Original_Plan_Enrollment_Date>&#xD;
                                 &lt;wd:Original_Benefit_Provider_Enrollment_Date>2020-06-03&lt;/wd:Original_Benefit_Provider_Enrollment_Date>&#xD;
                              &lt;/wd:Benefit_Election_Data>&#xD;
                           &lt;/wd:Insurance_Coverage_Data>&#xD;
                           &lt;wd:Insurance_Coverage_Data>&#xD;
                              &lt;wd:Insurance_Coverage_Level_Data>&#xD;
                                 &lt;wd:Coverage_Level_Value_Data>&#xD;
                                    &lt;wd:Coverage_Level_Value>6996.6&lt;/wd:Coverage_Level_Value>&#xD;
                                    &lt;wd:Buy_Up_Amount>0&lt;/wd:Buy_Up_Amount>&#xD;
                                    &lt;wd:Guarantee_Issue_Amount>6996.6&lt;/wd:Guarantee_Issue_Amount>&#xD;
                                    &lt;wd:Coverage_Level_Multiplier>0.6&lt;/wd:Coverage_Level_Multiplier>&#xD;
                                    &lt;wd:Coverage_Level_Type>Salary&lt;/wd:Coverage_Level_Type>&#xD;
                                    &lt;wd:Currency_Reference>&#xD;
                                       &lt;wd:ID wd:type=&quot;WID&quot;>9e996ffdd3e14da0ba7275d5400bafd4&lt;/wd:ID>&#xD;
                                       &lt;wd:ID wd:type=&quot;Currency_ID&quot;>USD&lt;/wd:ID>&#xD;
                                       &lt;wd:ID wd:type=&quot;Currency_Numeric_Code&quot;>840&lt;/wd:ID>&#xD;
                                    &lt;/wd:Currency_Reference>&#xD;
                                 &lt;/wd:Coverage_Level_Value_Data>&#xD;
                                 &lt;wd:Volume_Data>&#xD;
                                    &lt;wd:Volume>6996.6&lt;/wd:Volume>&#xD;
                                    &lt;wd:Currency_Reference>&#xD;
                                       &lt;wd:ID wd:type=&quot;WID&quot;>9e996ffdd3e14da0ba7275d5400bafd4&lt;/wd:ID>&#xD;
                                       &lt;wd:ID wd:type=&quot;Currency_ID&quot;>USD&lt;/wd:ID>&#xD;
                                       &lt;wd:ID wd:type=&quot;Currency_Numeric_Code&quot;>840&lt;/wd:ID>&#xD;
                                    &lt;/wd:Currency_Reference>&#xD;
                                 &lt;/wd:Volume_Data>&#xD;
                              &lt;/wd:Insurance_Coverage_Level_Data>&#xD;
                              &lt;wd:Benefit_Election_Data wd:Is_Corrected_or_Rescinded=&quot;0&quot;>&#xD;
                                 &lt;wd:Coverage_Begin_Date>2020-06-03&lt;/wd:Coverage_Begin_Date>&#xD;
                                 &lt;wd:Election_Coverage_Begin_Date>2020-06-03&lt;/wd:Election_Coverage_Begin_Date>&#xD;
                                 &lt;wd:Original_Coverage_Begin_Date>2020-06-03&lt;/wd:Original_Coverage_Begin_Date>&#xD;
                                 &lt;wd:Original_Coverage_Begin_Date_for_Benefit_Coverage_Type>2020-06-03&lt;/wd:Original_Coverage_Begin_Date_for_Benefit_Coverage_Type>&#xD;
                                 &lt;wd:Deduction_Begin_Date>2020-06-01&lt;/wd:Deduction_Begin_Date>&#xD;
                                 &lt;wd:Election_Status>Current&lt;/wd:Election_Status>&#xD;
                                 &lt;wd:Enrollment_Signature_Date>2020-06-05&lt;/wd:Enrollment_Signature_Date>&#xD;
                                 &lt;wd:Passive_Enrollment>0&lt;/wd:Passive_Enrollment>&#xD;
                                 &lt;wd:Benefit_Plan_Summary_Data>&#xD;
                                    &lt;wd:Benefit_Plan_Reference>&#xD;
                                       &lt;wd:ID wd:type=&quot;WID&quot;>f55ff1cbcdf701bf6657c6e718018d0d&lt;/wd:ID>&#xD;
                                       &lt;wd:ID wd:type=&quot;Insurance_Coverage_Plan_ID&quot;>INSURANCE_COVERAGE_PLAN-6-13&lt;/wd:ID>&#xD;
                                    &lt;/wd:Benefit_Plan_Reference>&#xD;
                                    &lt;wd:Benefit_Coverage_Type_Reference>&#xD;
                                       &lt;wd:ID wd:type=&quot;WID&quot;>f55ff1cbcdf701643aed147d1801830d&lt;/wd:ID>&#xD;
                                       &lt;wd:ID wd:type=&quot;Benefit_Coverage_Type_ID&quot;>INSURANCE_COVERAGE_TYPE-6-14&lt;/wd:ID>&#xD;
                                    &lt;/wd:Benefit_Coverage_Type_Reference>&#xD;
                                    &lt;wd:Currency_Reference>&#xD;
                                       &lt;wd:ID wd:type=&quot;WID&quot;>9e996ffdd3e14da0ba7275d5400bafd4&lt;/wd:ID>&#xD;
                                       &lt;wd:ID wd:type=&quot;Currency_ID&quot;>USD&lt;/wd:ID>&#xD;
                                       &lt;wd:ID wd:type=&quot;Currency_Numeric_Code&quot;>840&lt;/wd:ID>&#xD;
                                    &lt;/wd:Currency_Reference>&#xD;
                                    &lt;wd:Frequency_Reference>&#xD;
                                       &lt;wd:ID wd:type=&quot;WID&quot;>a4437a28b22749f298d9227910b7a61f&lt;/wd:ID>&#xD;
                                       &lt;wd:ID wd:type=&quot;Frequency_ID&quot;>Annual&lt;/wd:ID>&#xD;
                                    &lt;/wd:Frequency_Reference>&#xD;
                                    &lt;wd:Insurance_Coverage_Target_Reference>&#xD;
                                       &lt;wd:ID wd:type=&quot;WID&quot;>aaf4615c70f510179beaf4a7736c6243&lt;/wd:ID>&#xD;
                                       &lt;wd:ID wd:type=&quot;Insurance_Coverage_Target_ID&quot;>INSURANCE_COVERAGE_TARGET-6-3&lt;/wd:ID>&#xD;
                                    &lt;/wd:Insurance_Coverage_Target_Reference>&#xD;
                                    &lt;wd:Benefit_Provider_Summary_Data>&#xD;
                                       &lt;wd:Benefit_Provider_Reference>&#xD;
                                          &lt;wd:ID wd:type=&quot;WID&quot;>f55ff1cbcdf701d14bba33abca00d509&lt;/wd:ID>&#xD;
                                          &lt;wd:ID wd:type=&quot;Benefit_Provider_ID&quot;>LFG&lt;/wd:ID>&#xD;
                                       &lt;/wd:Benefit_Provider_Reference>&#xD;
                                       &lt;wd:Benefit_Provider_Name>Lincoln&lt;/wd:Benefit_Provider_Name>&#xD;
                                    &lt;/wd:Benefit_Provider_Summary_Data>&#xD;
                                    &lt;wd:External_Integration_ID_Data>&#xD;
                                       &lt;wd:ID wd:System_ID=&quot;WD-I&quot;>545$13&lt;/wd:ID>&#xD;
                                       &lt;wd:ID wd:System_ID=&quot;WD-WID&quot;>f55ff1cbcdf701bf6657c6e718018d0d&lt;/wd:ID>&#xD;
                                    &lt;/wd:External_Integration_ID_Data>&#xD;
                                 &lt;/wd:Benefit_Plan_Summary_Data>&#xD;
                                 &lt;wd:Original_Plan_Enrollment_Date>2020-06-03&lt;/wd:Original_Plan_Enrollment_Date>&#xD;
                                 &lt;wd:Original_Benefit_Provider_Enrollment_Date>2020-06-03&lt;/wd:Original_Benefit_Provider_Enrollment_Date>&#xD;
                              &lt;/wd:Benefit_Election_Data>&#xD;
                           &lt;/wd:Insurance_Coverage_Data>&#xD;
                           &lt;wd:Insurance_Coverage_Data>&#xD;
                              &lt;wd:Insurance_Coverage_Level_Data>&#xD;
                                 &lt;wd:Coverage_Level_Value_Data>&#xD;
                                    &lt;wd:Coverage_Level_Value>0&lt;/wd:Coverage_Level_Value>&#xD;
                                    &lt;wd:Buy_Up_Amount>55000&lt;/wd:Buy_Up_Amount>&#xD;
                                    &lt;wd:Guarantee_Issue_Amount>0&lt;/wd:Guarantee_Issue_Amount>&#xD;
                                    &lt;wd:Coverage_Level_Multiplier>1&lt;/wd:Coverage_Level_Multiplier>&#xD;
                                    &lt;wd:Coverage_Level_Type>Fixed&lt;/wd:Coverage_Level_Type>&#xD;
                                    &lt;wd:Currency_Reference>&#xD;
                                       &lt;wd:ID wd:type=&quot;WID&quot;>9e996ffdd3e14da0ba7275d5400bafd4&lt;/wd:ID>&#xD;
                                       &lt;wd:ID wd:type=&quot;Currency_ID&quot;>USD&lt;/wd:ID>&#xD;
                                       &lt;wd:ID wd:type=&quot;Currency_Numeric_Code&quot;>840&lt;/wd:ID>&#xD;
                                    &lt;/wd:Currency_Reference>&#xD;
                                 &lt;/wd:Coverage_Level_Value_Data>&#xD;
                                 &lt;wd:Volume_Data>&#xD;
                                    &lt;wd:Volume>0&lt;/wd:Volume>&#xD;
                                    &lt;wd:Currency_Reference>&#xD;
                                       &lt;wd:ID wd:type=&quot;WID&quot;>9e996ffdd3e14da0ba7275d5400bafd4&lt;/wd:ID>&#xD;
                                       &lt;wd:ID wd:type=&quot;Currency_ID&quot;>USD&lt;/wd:ID>&#xD;
                                       &lt;wd:ID wd:type=&quot;Currency_Numeric_Code&quot;>840&lt;/wd:ID>&#xD;
                                    &lt;/wd:Currency_Reference>&#xD;
                                 &lt;/wd:Volume_Data>&#xD;
                              &lt;/wd:Insurance_Coverage_Level_Data>&#xD;
                              &lt;wd:Benefit_Election_Data wd:Is_Corrected_or_Rescinded=&quot;0&quot;>&#xD;
                                 &lt;wd:Coverage_Begin_Date>2020-06-03&lt;/wd:Coverage_Begin_Date>&#xD;
                                 &lt;wd:Election_Coverage_Begin_Date>2020-06-03&lt;/wd:Election_Coverage_Begin_Date>&#xD;
                                 &lt;wd:Original_Coverage_Begin_Date>2020-06-03&lt;/wd:Original_Coverage_Begin_Date>&#xD;
                                 &lt;wd:Original_Coverage_Begin_Date_for_Benefit_Coverage_Type>2020-06-03&lt;/wd:Original_Coverage_Begin_Date_for_Benefit_Coverage_Type>&#xD;
                                 &lt;wd:Deduction_Begin_Date>2020-06-01&lt;/wd:Deduction_Begin_Date>&#xD;
                                 &lt;wd:Election_Status>Current&lt;/wd:Election_Status>&#xD;
                                 &lt;wd:Enrollment_Signature_Date>2020-06-05&lt;/wd:Enrollment_Signature_Date>&#xD;
                                 &lt;wd:Passive_Enrollment>0&lt;/wd:Passive_Enrollment>&#xD;
                                 &lt;wd:Benefit_Plan_Summary_Data>&#xD;
                                    &lt;wd:Benefit_Plan_Reference>&#xD;
                                       &lt;wd:ID wd:type=&quot;WID&quot;>f55ff1cbcdf701ac68f6ebc01801880d&lt;/wd:ID>&#xD;
                                       &lt;wd:ID wd:type=&quot;Insurance_Coverage_Plan_ID&quot;>INSURANCE_COVERAGE_PLAN-6-12&lt;/wd:ID>&#xD;
                                    &lt;/wd:Benefit_Plan_Reference>&#xD;
                                    &lt;wd:Benefit_Coverage_Type_Reference>&#xD;
                                       &lt;wd:ID wd:type=&quot;WID&quot;>f55ff1cbcdf7015d7cd8147d1801820d&lt;/wd:ID>&#xD;
                                       &lt;wd:ID wd:type=&quot;Benefit_Coverage_Type_ID&quot;>INSURANCE_COVERAGE_TYPE-6-13&lt;/wd:ID>&#xD;
                                    &lt;/wd:Benefit_Coverage_Type_Reference>&#xD;
                                    &lt;wd:Currency_Reference>&#xD;
                                       &lt;wd:ID wd:type=&quot;WID&quot;>9e996ffdd3e14da0ba7275d5400bafd4&lt;/wd:ID>&#xD;
                                       &lt;wd:ID wd:type=&quot;Currency_ID&quot;>USD&lt;/wd:ID>&#xD;
                                       &lt;wd:ID wd:type=&quot;Currency_Numeric_Code&quot;>840&lt;/wd:ID>&#xD;
                                    &lt;/wd:Currency_Reference>&#xD;
                                    &lt;wd:Frequency_Reference>&#xD;
                                       &lt;wd:ID wd:type=&quot;WID&quot;>a4437a28b22749f298d9227910b7a61f&lt;/wd:ID>&#xD;
                                       &lt;wd:ID wd:type=&quot;Frequency_ID&quot;>Annual&lt;/wd:ID>&#xD;
                                    &lt;/wd:Frequency_Reference>&#xD;
                                    &lt;wd:Insurance_Coverage_Target_Reference>&#xD;
                                       &lt;wd:ID wd:type=&quot;WID&quot;>3412ecfba54e101572f233239743aa81&lt;/wd:ID>&#xD;
                                       &lt;wd:ID wd:type=&quot;Insurance_Coverage_Target_ID&quot;>INSURANCE_COVERAGE_TARGET-6-1&lt;/wd:ID>&#xD;
                                    &lt;/wd:Insurance_Coverage_Target_Reference>&#xD;
                                    &lt;wd:Benefit_Provider_Summary_Data>&#xD;
                                       &lt;wd:Benefit_Provider_Reference>&#xD;
                                          &lt;wd:ID wd:type=&quot;WID&quot;>f55ff1cbcdf701d14bba33abca00d509&lt;/wd:ID>&#xD;
                                          &lt;wd:ID wd:type=&quot;Benefit_Provider_ID&quot;>LFG&lt;/wd:ID>&#xD;
                                       &lt;/wd:Benefit_Provider_Reference>&#xD;
                                       &lt;wd:Benefit_Provider_Name>Lincoln&lt;/wd:Benefit_Provider_Name>&#xD;
                                    &lt;/wd:Benefit_Provider_Summary_Data>&#xD;
                                    &lt;wd:External_Integration_ID_Data>&#xD;
                                       &lt;wd:ID wd:System_ID=&quot;WD-I&quot;>545$12&lt;/wd:ID>&#xD;
                                       &lt;wd:ID wd:System_ID=&quot;WD-WID&quot;>f55ff1cbcdf701ac68f6ebc01801880d&lt;/wd:ID>&#xD;
                                    &lt;/wd:External_Integration_ID_Data>&#xD;
                                 &lt;/wd:Benefit_Plan_Summary_Data>&#xD;
                                 &lt;wd:Original_Plan_Enrollment_Date>2020-06-03&lt;/wd:Original_Plan_Enrollment_Date>&#xD;
                                 &lt;wd:Original_Benefit_Provider_Enrollment_Date>2020-06-03&lt;/wd:Original_Benefit_Provider_Enrollment_Date>&#xD;
                              &lt;/wd:Benefit_Election_Data>&#xD;
                              &lt;wd:Dependent_Coverage_Data>&#xD;
                                 &lt;wd:Dependent_Reference>&#xD;
                                    &lt;wd:ID wd:type=&quot;WID&quot;>f55ff1cbcdf701c290833c4df601f453&lt;/wd:ID>&#xD;
                                    &lt;wd:ID wd:type=&quot;Dependent_ID&quot;>DEPENDENT-6-61&lt;/wd:ID>&#xD;
                                 &lt;/wd:Dependent_Reference>&#xD;
                                 &lt;wd:Original_Coverage_Begin_Date>2020-06-03&lt;/wd:Original_Coverage_Begin_Date>&#xD;
                                 &lt;wd:Original_Coverage_Begin_Date_for_Benefit_Coverage_Type>2020-06-03&lt;/wd:Original_Coverage_Begin_Date_for_Benefit_Coverage_Type>&#xD;
                              &lt;/wd:Dependent_Coverage_Data>&#xD;
                           &lt;/wd:Insurance_Coverage_Data>&#xD;
                           &lt;wd:Insurance_Coverage_Data>&#xD;
                              &lt;wd:Insurance_Coverage_Level_Data>&#xD;
                                 &lt;wd:Coverage_Level_Value_Data>&#xD;
                                    &lt;wd:Coverage_Level_Value>0&lt;/wd:Coverage_Level_Value>&#xD;
                                    &lt;wd:Buy_Up_Amount>979000&lt;/wd:Buy_Up_Amount>&#xD;
                                    &lt;wd:Guarantee_Issue_Amount>0&lt;/wd:Guarantee_Issue_Amount>&#xD;
                                    &lt;wd:Coverage_Level_Multiplier>0&lt;/wd:Coverage_Level_Multiplier>&#xD;
                                    &lt;wd:Coverage_Level_Type>Salary&lt;/wd:Coverage_Level_Type>&#xD;
                                    &lt;wd:Currency_Reference>&#xD;
                                       &lt;wd:ID wd:type=&quot;WID&quot;>9e996ffdd3e14da0ba7275d5400bafd4&lt;/wd:ID>&#xD;
                                       &lt;wd:ID wd:type=&quot;Currency_ID&quot;>USD&lt;/wd:ID>&#xD;
                                       &lt;wd:ID wd:type=&quot;Currency_Numeric_Code&quot;>840&lt;/wd:ID>&#xD;
                                    &lt;/wd:Currency_Reference>&#xD;
                                 &lt;/wd:Coverage_Level_Value_Data>&#xD;
                                 &lt;wd:Volume_Data>&#xD;
                                    &lt;wd:Volume>0&lt;/wd:Volume>&#xD;
                                    &lt;wd:Currency_Reference>&#xD;
                                       &lt;wd:ID wd:type=&quot;WID&quot;>9e996ffdd3e14da0ba7275d5400bafd4&lt;/wd:ID>&#xD;
                                       &lt;wd:ID wd:type=&quot;Currency_ID&quot;>USD&lt;/wd:ID>&#xD;
                                       &lt;wd:ID wd:type=&quot;Currency_Numeric_Code&quot;>840&lt;/wd:ID>&#xD;
                                    &lt;/wd:Currency_Reference>&#xD;
                                 &lt;/wd:Volume_Data>&#xD;
                              &lt;/wd:Insurance_Coverage_Level_Data>&#xD;
                              &lt;wd:Benefit_Election_Data wd:Is_Corrected_or_Rescinded=&quot;0&quot;>&#xD;
                                 &lt;wd:Coverage_Begin_Date>2020-06-03&lt;/wd:Coverage_Begin_Date>&#xD;
                                 &lt;wd:Election_Coverage_Begin_Date>2020-06-03&lt;/wd:Election_Coverage_Begin_Date>&#xD;
                                 &lt;wd:Original_Coverage_Begin_Date>2020-06-03&lt;/wd:Original_Coverage_Begin_Date>&#xD;
                                 &lt;wd:Original_Coverage_Begin_Date_for_Benefit_Coverage_Type>2020-06-03&lt;/wd:Original_Coverage_Begin_Date_for_Benefit_Coverage_Type>&#xD;
                                 &lt;wd:Deduction_Begin_Date>2020-06-01&lt;/wd:Deduction_Begin_Date>&#xD;
                                 &lt;wd:Election_Status>Current&lt;/wd:Election_Status>&#xD;
                                 &lt;wd:Enrollment_Signature_Date>2020-06-05&lt;/wd:Enrollment_Signature_Date>&#xD;
                                 &lt;wd:Passive_Enrollment>0&lt;/wd:Passive_Enrollment>&#xD;
                                 &lt;wd:Benefit_Plan_Summary_Data>&#xD;
                                    &lt;wd:Benefit_Plan_Reference>&#xD;
                                       &lt;wd:ID wd:type=&quot;WID&quot;>f55ff1cbcdf7014977e5e0a8cc00ec09&lt;/wd:ID>&#xD;
                                       &lt;wd:ID wd:type=&quot;Insurance_Coverage_Plan_ID&quot;>INSURANCE_COVERAGE_PLAN-6-11&lt;/wd:ID>&#xD;
                                    &lt;/wd:Benefit_Plan_Reference>&#xD;
                                    &lt;wd:Benefit_Coverage_Type_Reference>&#xD;
                                       &lt;wd:ID wd:type=&quot;WID&quot;>f55ff1cbcdf701d18301147d1801810d&lt;/wd:ID>&#xD;
                                       &lt;wd:ID wd:type=&quot;Benefit_Coverage_Type_ID&quot;>INSURANCE_COVERAGE_TYPE-6-12&lt;/wd:ID>&#xD;
                                    &lt;/wd:Benefit_Coverage_Type_Reference>&#xD;
                                    &lt;wd:Currency_Reference>&#xD;
                                       &lt;wd:ID wd:type=&quot;WID&quot;>9e996ffdd3e14da0ba7275d5400bafd4&lt;/wd:ID>&#xD;
                                       &lt;wd:ID wd:type=&quot;Currency_ID&quot;>USD&lt;/wd:ID>&#xD;
                                       &lt;wd:ID wd:type=&quot;Currency_Numeric_Code&quot;>840&lt;/wd:ID>&#xD;
                                    &lt;/wd:Currency_Reference>&#xD;
                                    &lt;wd:Frequency_Reference>&#xD;
                                       &lt;wd:ID wd:type=&quot;WID&quot;>a4437a28b22749f298d9227910b7a61f&lt;/wd:ID>&#xD;
                                       &lt;wd:ID wd:type=&quot;Frequency_ID&quot;>Annual&lt;/wd:ID>&#xD;
                                    &lt;/wd:Frequency_Reference>&#xD;
                                    &lt;wd:Insurance_Coverage_Target_Reference>&#xD;
                                       &lt;wd:ID wd:type=&quot;WID&quot;>aaf4615c70f510179beaf4a7736c6243&lt;/wd:ID>&#xD;
                                       &lt;wd:ID wd:type=&quot;Insurance_Coverage_Target_ID&quot;>INSURANCE_COVERAGE_TARGET-6-3&lt;/wd:ID>&#xD;
                                    &lt;/wd:Insurance_Coverage_Target_Reference>&#xD;
                                    &lt;wd:Benefit_Provider_Summary_Data>&#xD;
                                       &lt;wd:Benefit_Provider_Reference>&#xD;
                                          &lt;wd:ID wd:type=&quot;WID&quot;>f55ff1cbcdf701d14bba33abca00d509&lt;/wd:ID>&#xD;
                                          &lt;wd:ID wd:type=&quot;Benefit_Provider_ID&quot;>LFG&lt;/wd:ID>&#xD;
                                       &lt;/wd:Benefit_Provider_Reference>&#xD;
                                       &lt;wd:Benefit_Provider_Name>Lincoln&lt;/wd:Benefit_Provider_Name>&#xD;
                                    &lt;/wd:Benefit_Provider_Summary_Data>&#xD;
                                    &lt;wd:External_Integration_ID_Data>&#xD;
                                       &lt;wd:ID wd:System_ID=&quot;WD-I&quot;>545$11&lt;/wd:ID>&#xD;
                                       &lt;wd:ID wd:System_ID=&quot;WD-WID&quot;>f55ff1cbcdf7014977e5e0a8cc00ec09&lt;/wd:ID>&#xD;
                                    &lt;/wd:External_Integration_ID_Data>&#xD;
                                 &lt;/wd:Benefit_Plan_Summary_Data>&#xD;
                                 &lt;wd:Original_Plan_Enrollment_Date>2020-06-03&lt;/wd:Original_Plan_Enrollment_Date>&#xD;
                                 &lt;wd:Original_Benefit_Provider_Enrollment_Date>2020-06-03&lt;/wd:Original_Benefit_Provider_Enrollment_Date>&#xD;
                              &lt;/wd:Benefit_Election_Data>&#xD;
                           &lt;/wd:Insurance_Coverage_Data>&#xD;
                        &lt;/wd:Insurance_Period_Data>&#xD;
                     &lt;/wd:Insurance_Data>&#xD;
                  &lt;/wd:Benefit_Enrollment_Data>&#xD;
               &lt;/wd:Worker_Data>&#xD;
            &lt;/wd:Worker>&#xD;
         &lt;/wd:Response_Data>&#xD;
      &lt;/wd:Get_Workers_Response>&#xD;
   &lt;/env:Body>&#xD;
&lt;/env:Envelope></cc:text>
                    </cc:message>
                </cc:write>
                <cc:xslt-plus id="XsltPlus" url="Streaming.xsl"/>
            </cc:steps>
        </cc:async-mediation>
	</cc:assembly>

</beans>