<?xml version="1.0" encoding="UTF-8"?>
<beans
     xmlns="http://www.springframework.org/schema/beans"
     xmlns:beans="http://www.springframework.org/schema/beans"
     xmlns:atom="http://www.w3.org/2005/Atom"
     xmlns:cc="http://www.capeclear.com/assembly/10"
     xmlns:cloud="urn:com.workday/esb/cloud/10.0"
     xmlns:env="http://schemas.xmlsoap.org/soap/envelope/"
     xmlns:pi="urn:com.workday/picof"
     xmlns:wd="urn:com.workday/bsvc"
     xmlns:xsi="http://www.w3.org/2001/XMLSchema-instance">
 
	<cc:assembly id="WorkdayAssembly" version="2023.15">
        <cc:workday-in id="StartHere" routes-to="AsyncMediation0">
            <cc:integration-system name="BHA">
        <cloud:param name="Hire Date">
          <cloud:type>
            <cloud:simple-type>date</cloud:simple-type>
          </cloud:type>
          <cloud:default>
            <cloud:class-report-field description="First Day of This Calendar Year" type="WID">542b9eda20354794ad8f6d717fdd6cae</cloud:class-report-field>
          </cloud:default>
        </cloud:param>
        <cloud:param name="Check1">
          <cloud:type>
            <cloud:simple-type>boolean</cloud:simple-type>
          </cloud:type>
          <cloud:default>
            <cloud:boolean>true</cloud:boolean>
          </cloud:default>
        </cloud:param>
        <cloud:param name="Check2">
          <cloud:type>
            <cloud:simple-type>boolean</cloud:simple-type>
          </cloud:type>
          <cloud:default>
            <cloud:boolean>false</cloud:boolean>
          </cloud:default>
        </cloud:param>
        <cloud:param name="Check3">
          <cloud:type>
            <cloud:simple-type>boolean</cloud:simple-type>
          </cloud:type>
          <cloud:default>
            <cloud:boolean>false</cloud:boolean>
          </cloud:default>
        </cloud:param>
        <cloud:attribute-map-service name="BHA-Generic">
          <cloud:attribute name="Document Retention Policy">
            <cloud:type>
              <cloud:simple-type>number</cloud:simple-type>
            </cloud:type>
          </cloud:attribute>
        </cloud:attribute-map-service>
        <cloud:delivery-service name="BHA-Delivery"/>
        <cloud:report-service name="BHA-ReportService">
          <cloud:report-alias description="BBB_Report1" name="BBB_Report1">
            <cloud:report-reference description="BBB_Report1" type="WID">3e0bc9fe88fe1023ad69c0feaa780000</cloud:report-reference>
          </cloud:report-alias>
          <cloud:report-alias description="BBB_Report2" name="BBB_Report2">
            <cloud:report-reference description="BBB_Report2" type="WID">3e0bc9fe88fe1023ae008ae46b430000</cloud:report-reference>
          </cloud:report-alias>
        </cloud:report-service>
      </cc:integration-system>
        </cc:workday-in>
        <cc:local-out id="PutIntegrationMessage" endpoint="vm://wcc/PutIntegrationMessage">
            <cc:set name="is.message.severity" value="'Completed'"/>
            <cc:set name="is.message.summary" value="'The output file is attached.'"/>
            <cc:set name="is.document.variable.name" value="'output.file'"/>
            <cc:set name="is.message.storage.enabled" value="false"/>
        </cc:local-out>
        <cc:local-out id="PutIntegrationMessage3" endpoint="vm://wcc/PutIntegrationMessage">
            <cc:set name="is.message.severity" value="'ERROR'"/>
            <cc:set name="is.message.summary" value="'ERROR IN ASYNCMEDIATION'context.errorMessage"/>
        </cc:local-out>
        <cc:async-mediation id="AsyncMediation" routes-to="PutIntegrationMessage" handle-downstream-errors="true">
            <cc:steps>
                <cc:store id="Store" output="variable" output-variable="output.file" expiresIn="P10D" title="EmployeeDetail1_BBB.xml"/>
            </cc:steps>
            <cc:send-error id="SendError" routes-to="PutIntegrationMessage3"/>
        </cc:async-mediation>
        <cc:aggregator id="Aggregator" routes-to="AsyncMediation">
            <cc:size-batch-strategy batch-size="-1"/>
            <cc:xml-message-content-collater>
        <cc:header-text>&lt;worker_information></cc:header-text>
        <cc:footer-text>&lt;/worker_information></cc:footer-text>
      </cc:xml-message-content-collater>
        </cc:aggregator>
        <cc:local-out id="PutIntegrationMessage2" endpoint="vm://wcc/PutIntegrationMessage">
            <cc:set name="is.message.severity" value="'ERROR'"/>
            <cc:set name="is.message.summary" value="'ERROR IN ASYNCMEDIATION1'context.errorMessage"/>
        </cc:local-out>
        <cc:async-mediation id="AsyncMediation1" routes-to="Aggregator" handle-downstream-errors="true">
            <cc:steps>
                <cc:log id="Log">
                    <cc:log-message>
                        <cc:text>Report Extra Path: @{intsys.reportService.getExtrapath('Employee report')}?Hire_Date=@{props['hire.date']}</cc:text>
                        <cc:text>Report XML Output</cc:text>
                    </cc:log-message>
                </cc:log>
                <cc:xslt id="Xslt" output-mimetype="application/msword" url="WorkerSummary.xsl"/>
            </cc:steps>
            <cc:send-error id="SendError" routes-to="PutIntegrationMessage2"/>
        </cc:async-mediation>
        <cc:splitter id="Splitter">
            <cc:sub-route name="SubRoute" routes-to="AsyncMediation1"/>
            <cc:xml-stream-splitter xpath="wd:Report_Data/wd:Report_Entry"/>
        </cc:splitter>
        <cc:local-out id="Note-Error" endpoint="vm://wcc/PutIntegrationMessage">
            <cc:set name="is.message.severity" value="'CRITICAL'"/>
            <cc:set name="is.message.summary" value="context.errorMessage"/>
        </cc:local-out>
        <cc:send-error id="global-error-handler" rethrow-error="false" routes-to="Note-Error"/>
        <cc:local-out id="Report1" store-message="none" execute-when="props['checks1'] == 1" routes-response-to="Report2" endpoint="vm://BHA/Report1_call"/>
        <cc:workday-out-rest id="WorkdayOutRest1" routes-response-to="Splitter" extra-path="@{intsys.reportService.getExtrapath('BBB_Report1')}?&amp;Hire_Date=@{props['hire.date']}"/>
        <cc:local-in id="Report1_call" routes-to="WorkdayOutRest1"/>
        <cc:local-out id="Report2" store-message="none" execute-when="props['checks2'] == 1" routes-response-to="Report3" endpoint="vm://BHA/Report2_call"/>
        <cc:local-out id="PutIntegrationMessage0" endpoint="vm://wcc/PutIntegrationMessage">
            <cc:set name="is.message.severity" value="'Completed'"/>
            <cc:set name="is.message.summary" value="'The output file is attached.'"/>
            <cc:set name="is.document.variable.name" value="'output.file'"/>
            <cc:set name="is.message.storage.enabled" value="false"/>
        </cc:local-out>
        <cc:local-out id="PutIntegrationMessage30" endpoint="vm://wcc/PutIntegrationMessage">
            <cc:set name="is.message.severity" value="'ERROR'"/>
            <cc:set name="is.message.summary" value="'ERROR IN ASYNCMEDIATION'context.errorMessage"/>
        </cc:local-out>
        <cc:async-mediation id="AsyncMediation2" routes-to="PutIntegrationMessage0" handle-downstream-errors="true">
            <cc:steps>
                <cc:store id="Store" output="variable" output-variable="output.file" expiresIn="P10D" title="EmployeeDetail2_BBB.xml"/>
            </cc:steps>
            <cc:send-error id="SendError" routes-to="PutIntegrationMessage30"/>
        </cc:async-mediation>
        <cc:aggregator id="Aggregator0" routes-to="AsyncMediation2">
            <cc:size-batch-strategy batch-size="-1"/>
            <cc:xml-message-content-collater>
        <cc:header-text>&lt;worker_information></cc:header-text>
        <cc:footer-text>&lt;/worker_information></cc:footer-text>
      </cc:xml-message-content-collater>
        </cc:aggregator>
        <cc:local-out id="PutIntegrationMessage20" endpoint="vm://wcc/PutIntegrationMessage">
            <cc:set name="is.message.severity" value="'ERROR'"/>
            <cc:set name="is.message.summary" value="'ERROR IN ASYNCMEDIATION1'context.errorMessage"/>
        </cc:local-out>
        <cc:async-mediation id="AsyncMediation10" routes-to="Aggregator0" handle-downstream-errors="true">
            <cc:steps>
                <cc:log id="Log">
                    <cc:log-message>
                        <cc:text>Report Extra Path: @{intsys.reportService.getExtrapath('Employee report')}?Hire_Date=@{props['hire.date']}</cc:text>
                        <cc:text>Report XML Output</cc:text>
                    </cc:log-message>
                </cc:log>
                <cc:xslt id="Xslt" output-mimetype="application/msword" url="WorkerSummary.xsl"/>
            </cc:steps>
            <cc:send-error id="SendError" routes-to="PutIntegrationMessage20"/>
        </cc:async-mediation>
        <cc:splitter id="Splitter0">
            <cc:sub-route name="SubRoute" routes-to="AsyncMediation10"/>
            <cc:xml-stream-splitter xpath="wd:Report_Data/wd:Report_Entry"/>
        </cc:splitter>
        <cc:workday-out-rest id="WorkdayOutRest10" routes-response-to="Splitter0" extra-path="@{intsys.reportService.getExtrapath('BBB_Report2')}?&amp;Hire_Date=@{props['hire.date']}"/>
        <cc:local-in id="Report2_call" routes-to="WorkdayOutRest10"/>
        <cc:async-mediation id="AsyncMediation0" routes-to="Report1">
            <cc:steps>
                <cc:eval id="Eval">
                    <cc:expression>//launch parameter&#xD;
&#xD;
props['hire.date'] = lp.getDate('Hire Date') == null ? '' : lp.getDate('Hire Date');&#xD;
&#xD;
props['checks1'] = lp.getSimpleData('Check1');&#xD;
props['checks2'] = lp.getSimpleData('Check2');&#xD;
props['checks3'] = lp.getSimpleData('Check3');&#xD;
</cc:expression>
                    <cc:expression>//Integration attribute&#xD;
props['document.retention'] = intsys.getAttribute('Document Retention Policy')</cc:expression>
                    <cc:expression>props['Delivery'] = intsys.getAttribute('BHA-Delivery');</cc:expression>
                    <cc:expression>props['file.retrieved'] = 0</cc:expression>
                </cc:eval>
                <cc:log id="Log">
                    <cc:log-message>
                        <cc:message-content/>
                        <cc:text>props['hire.date']: @{props['hire.date']}&#xD;
props['checks1']: @{props['checks1']}&#xD;
props['checks2']: @{props['checks2']} &#xD;
props['checks3']: @{props['checks3']}&#xD;
props['checks4]: @{props['checks4']} </cc:text>
                    </cc:log-message>
                </cc:log>
            </cc:steps>
        </cc:async-mediation>
        <cc:async-mediation id="AsyncMediation5">
            <cc:steps>
                <cc:copy id="Copy" output="variable" output-variable="copy2" input="message"/>
            </cc:steps>
        </cc:async-mediation>
        <cc:workday-out-rest id="Call_Report_20" routes-response-to="AsyncMediation5" extra-path="@{intsys.reportService.getExtrapath('BBB_Report2')}?&amp;Hire_Date=@{props['hire.date']}"/>
        <cc:local-in id="call4" routes-to="Call_Report_20"/>
        <cc:async-mediation id="AsyncMediation4">
            <cc:steps>
                <cc:copy id="Copy" output="variable" output-variable="copy1" input="message"/>
            </cc:steps>
        </cc:async-mediation>
        <cc:workday-out-rest id="Call_Report_10" routes-response-to="AsyncMediation4" extra-path="@{intsys.reportService.getExtrapath('BBB_Report1')}?&amp;Hire_Date=@{props['hire.date']}"/>
        <cc:local-in id="Report3_call" routes-to="Call_Report_10"/>
        <cc:async-mediation id="AsyncMediation6">
            <cc:steps>
                <cc:copy id="Copy0" input="variable" input-variable="copy1"/>
                <cc:copy id="aCopy" output="message" input="variable" input-variable="copy2" append-to-output-element="true" input-xpath="wd:Report_Data/" output-xpath="wd:Report_Data" stream-xpath="true"/>
                <cc:store id="Store" input="message" expiresIn="P180D" title="Merged_Employee_Detail_BBB.xml"/>
            </cc:steps>
        </cc:async-mediation>
        <cc:local-out id="call" store-message="none" routes-response-to="AsyncMediation6" endpoint="vm://BHA/call4"/>
        <cc:local-out id="Report3" store-message="none" execute-when="props['checks3'] == 1" routes-response-to="call" endpoint="vm://BHA/Report3_call"/>
	</cc:assembly>

</beans>