<?xml version="1.0" encoding="UTF-8"?>
<wdnm:Diagram xmlns:wdnm="http://workday.com/studio/editors/notation">
  <element href="assembly.xml#WorkdayAssembly"/>
  <visualProperties x="16" y="98">
    <element href="assembly.xml#StartHere"/>
  </visualProperties>
  <visualProperties x="179" y="98">
    <element href="assembly.xml#WorkdayOutRest"/>
  </visualProperties>
  <visualProperties x="399" y="68">
    <element href="assembly.xml#AsyncMediation"/>
  </visualProperties>
  <visualProperties x="539" y="201">
    <element href="assembly.xml#EmailOut"/>
  </visualProperties>
  <visualProperties x="374" y="290">
    <element href="assembly.xml#AsyncMediation2"/>
  </visualProperties>
  <visualProperties x="374" y="442">
    <element href="assembly.xml#Way1_Using_Regex_Between_soap_and_Email"/>
  </visualProperties>
  <connections type="routesTo">
    <source href="assembly.xml#StartHere"/>
    <target href="assembly.xml#WorkdayOutRest"/>
  </connections>
  <connections type="routesResponseTo">
    <source href="assembly.xml#WorkdayOutRest"/>
    <target href="assembly.xml#AsyncMediation"/>
  </connections>
  <connections type="routesTo">
    <source href="assembly.xml#AsyncMediation"/>
    <target href="assembly.xml#EmailOut"/>
  </connections>
</wdnm:Diagram>
