<?xml version="1.0" encoding="UTF-8"?>
<beans
     xmlns="http://www.springframework.org/schema/beans"
     xmlns:beans="http://www.springframework.org/schema/beans"
     xmlns:atom="http://www.w3.org/2005/Atom"
     xmlns:cc="http://www.capeclear.com/assembly/10"
     xmlns:cloud="urn:com.workday/esb/cloud/10.0"
     xmlns:env="http://schemas.xmlsoap.org/soap/envelope/"
     xmlns:pi="urn:com.workday/picof"
     xmlns:wd="urn:com.workday.report/Chegg_-_All_Active_Employees_Report-admin"
     xmlns:xsi="http://www.w3.org/2001/XMLSchema-instance">
 
	<cc:assembly id="WorkdayAssembly" version="2020.36">
        <cc:workday-in id="StartHere" routes-to="WorkdayOutRest">
            <cc:integration-system name="Admin_Data_2020">
        <cloud:param name="Company_LP">
          <cloud:type>
            <cloud:class-report-field description="Company" type="WID" singular="true">6bcb084ec4b34a10a70603fe7a407564</cloud:class-report-field>
          </cloud:type>
          <cloud:default/>
        </cloud:param>
        <cloud:param name="Include_Subordinate_Organizations_LP">
          <cloud:type>
            <cloud:simple-type>boolean</cloud:simple-type>
          </cloud:type>
          <cloud:default>
            <cloud:boolean>true</cloud:boolean>
          </cloud:default>
        </cloud:param>
        <cloud:param name="Include_Managers_LP">
          <cloud:type>
            <cloud:simple-type>boolean</cloud:simple-type>
          </cloud:type>
          <cloud:default>
            <cloud:boolean>true</cloud:boolean>
          </cloud:default>
        </cloud:param>
        <cloud:param name="Effective_as_of_Date_LP">
          <cloud:type>
            <cloud:simple-type>date</cloud:simple-type>
          </cloud:type>
          <cloud:default>
            <cloud:class-report-field description="Today (End of Day)" type="WID">46a36a7e1b8210001238dea7f6746a08</cloud:class-report-field>
          </cloud:default>
        </cloud:param>
        <cloud:report-service name="Admin_Data_2020_RS">
          <cloud:report-alias description="Chegg - All Active Employees Report-admin" name="Chegg_india_Admin_Data">
            <cloud:report-reference description="Chegg - All Active Employees Report-admin" type="WID">a3a1e544261e01e74a513c14d01e5407</cloud:report-reference>
          </cloud:report-alias>
        </cloud:report-service>
      </cc:integration-system>
        </cc:workday-in>
        <cc:workday-out-rest id="WorkdayOutRest" routes-response-to="AsyncMediation" extra-path="@{intsys.reportService.getExtrapath('Chegg_india_Admin_Data')}?Include_Subordinate_Organizations=@{lp.getSimpleData('Include_Subordinate_Organizations_LP')}&amp;Organizations!WID=@{lp.getReferenceData('Company_LP', 'WID')}&amp;format=simplexml&amp;Include_Managers=@{lp.getSimpleData('Include_Managers_LP')}&amp;Effective_as_of_Date=@{lp.getSimpleData('Effective_as_of_Date_LP')}"/>
        <cc:async-mediation id="AsyncMediation" routes-to="EmailOut">
            <cc:steps>
                <cc:eval id="Eval">
                    <cc:expression>props['email.to']='XXXX@YYY.com'</cc:expression>
                    <cc:expression>props['pass']='Wellcome2!'</cc:expression>
                    <cc:expression>props['email.from']='XXXX@YYYY.com'</cc:expression>
                    <cc:expression>props['effectivedate']=lp.getDate('Effective_as_of_Date_LP').substring(0,10);</cc:expression>
                    <cc:expression>props['fileName']='Chegg India Employee List.xls'</cc:expression>
                </cc:eval>
                <cc:log id="Log">
                    <cc:log-message>
                        <cc:message-content/>
                    </cc:log-message>
                </cc:log>
                <cc:xml-to-csv id="XmlToCsv" format="rfc4180" line-separator="CRLF" writeHeaderLine="&quot;ID&quot;,&quot;Legal Full Name&quot;,&quot;Employee Type&quot;,&quot;Supervisory Organization&quot;,&quot;Department&quot;,&quot;Location&quot;"/>
                <cc:copy id="Copy" output="variable" output-mimetype="text/plain" output-variable="Output"/>
                <cc:write id="Write">
                    <cc:message>
                        <cc:text>Hi Admin Team,</cc:text>
                        <cc:line-separator/>
                        <cc:line-separator/>
                        <cc:text>PFA for this Week Active Employee Data</cc:text>
                        <cc:line-separator/>
                        <cc:line-separator/>
                        <cc:text>Thanks,</cc:text>
                        <cc:line-separator/>
                        <cc:text>Neha</cc:text>
                    </cc:message>
                </cc:write>
                <cc:text-excel id="TextExcel" output="attachment" output-attachment-index="0" output-mimetype="application/vnd.ms-excel" input="variable" input-variable="Output" excelstyle="sheet" style="text2excel"/>
                <cc:eval id="Eval0">
                    <cc:expression>parts[1].setHeader('Content-Disposition', 'attachment; filename='+props['fileName'])</cc:expression>
                </cc:eval>
            </cc:steps>
        </cc:async-mediation>
        <cc:email-out id="EmailOut" endpoint="mailto:@{props['email.to']}" from="@{props['email.from']}" host="smtp.office365.com" password="@{props['pass']}" port="587" starttls="true" subject="Chegg India Employee List_As-of_@{props['effectivedate']}" user="@{props['email.from']}">
            <cc:custom-headers/>
        </cc:email-out>
        <cc:async-mediation id="AsyncMediation2">
            <cc:steps>
                <cc:eval id="Eval">
                    <cc:expression>props['fileName']='Chegg India Employee List.xls'</cc:expression>
                </cc:eval>
                <cc:log id="Log">
                    <cc:log-message>
                        <cc:message-content/>
                    </cc:log-message>
                </cc:log>
                <cc:xml-to-csv id="XmlToCsv" format="rfc4180" line-separator="CRLF" writeHeaderLine="&quot;ID&quot;,&quot;Legal Full Name&quot;,&quot;Employee Type&quot;,&quot;Supervisory Organization&quot;,&quot;Department&quot;,&quot;Location&quot;"/>
                <cc:log id="Log0">
                    <cc:log-message>
                        <cc:message-content/>
                        <cc:text>*******************************Log After XML to CSV**********************************8</cc:text>
                    </cc:log-message>
                </cc:log>
                <cc:copy id="Copy" output="variable" output-mimetype="text/plain" output-variable="Output"/>
                <cc:write id="Write" output="message" output-mimetype="text/Html">
                    <cc:message>
                        <cc:text>Hi Admin Team,</cc:text>
                        <cc:line-separator/>
                        <cc:line-separator/>
                        <cc:text>PFA for this Week Active Employee Data</cc:text>
                        <cc:line-separator/>
                        <cc:line-separator/>
                        <cc:text>Thanks,</cc:text>
                        <cc:line-separator/>
                        <cc:text>Neha</cc:text>
                    </cc:message>
                </cc:write>
                <cc:text-excel id="TextExcel" output="attachment" output-attachment-index="0" output-mimetype="application/vnd.ms-excel" input="variable" input-variable="Output" excelstyle="sheet" style="text2excel"/>
                <cc:eval id="Eval0">
                    <cc:expression>parts[1].setHeader('Content-Disposition', 'attachment; filename='+props['fileName'])</cc:expression>
                </cc:eval>
            </cc:steps>
        </cc:async-mediation>
        <cc:async-mediation id="Way1_Using_Regex_Between_soap_and_Email">
            <cc:steps>
                <cc:write id="Write" output="message" output-mimetype="text/Html" input="message">
                    <cc:message>
                        <cc:regex-match limit="100" regex="REGEX([device],&quot;(iP[ao]d|iPhone)&quot;)"/>
                    </cc:message>
                </cc:write>
                <cc:log id="Log0">
                    <cc:log-message>
                        <cc:text>**************************************************Log After Soap  **************************************************&#xD;
props['envelope'] : @{props['envelope']}&#xD;
props['body'] : @{props['body']}</cc:text>
                        <cc:line-separator/>
                        <cc:message-content/>
                        <cc:text>**************************************************Write Before End Text **************************************************</cc:text>
                        <cc:line-separator/>
                    </cc:log-message>
                </cc:log>
                <cc:write id="Write0" output="message" output-mimetype="text/plain" input="message">
                    <cc:message>
                        <cc:text>This is the Body of the mail @{props['p.pass.email']}.</cc:text>
                    </cc:message>
                </cc:write>
                <cc:log id="Log">
                    <cc:log-message>
                        <cc:text>**************************************************Write Start Text **************************************************</cc:text>
                        <cc:line-separator/>
                        <cc:message-content/>
                        <cc:text>**************************************************Write End Text **************************************************</cc:text>
                        <cc:line-separator/>
                    </cc:log-message>
                </cc:log>
                <cc:eval id="Eval0">
                    <cc:expression>//parts[1].setMimeType('application/octet-stream')</cc:expression>
                    <cc:expression>//parts[1].setHeader('Content-Disposition', 'attachment;filename=payload.txt')</cc:expression>
                    <cc:expression>//message.removeAllAttachments()</cc:expression>
                    <cc:expression>//message.removeAllHeaders()</cc:expression>
                </cc:eval>
                <cc:wrap-soap id="WrapSoap"/>
            </cc:steps>
        </cc:async-mediation>
	</cc:assembly>

</beans>