<?xml version="1.0" encoding="UTF-8"?>
<wdnm:Diagram xmlns:wdnm="http://workday.com/studio/editors/notation">
  <element href="assembly.xml#WorkdayAssembly"/>
  <visualProperties>
    <element href="assembly.xml#BatchCustomerInvoiceCustmObjUpdate-IN"/>
  </visualProperties>
  <visualProperties>
    <element href="assembly.xml#LoopInvoiceWIDs"/>
  </visualProperties>
  <visualProperties>
    <element href="assembly.xml#AM-Evalu1"/>
  </visualProperties>
  <visualProperties>
    <element href="assembly.xml#AM-Evalu3"/>
  </visualProperties>
  <visualProperties>
    <element href="assembly.xml#WorkdayOutRest"/>
  </visualProperties>
  <visualProperties>
    <element href="assembly.xml#AM-RestLog"/>
  </visualProperties>
  <visualProperties x="104" y="356">
    <element href="assembly.xml#CustomObjectUpdateSuccess-IN"/>
  </visualProperties>
  <visualProperties x="70" y="468">
    <element href="assembly.xml#CustomObjectUpdateFail-IN"/>
  </visualProperties>
  <visualProperties x="224" y="296">
    <element href="assembly.xml#AM-SuccessStatus"/>
  </visualProperties>
  <visualProperties x="223" y="429">
    <element href="assembly.xml#AM-FailedStatus"/>
  </visualProperties>
  <visualProperties x="244" y="112">
    <element href="assembly.xml#CustomObjectUpdateSuccess"/>
  </visualProperties>
  <visualProperties x="470" y="135">
    <element href="assembly.xml#CustomObjectUpdateFail"/>
  </visualProperties>
  <visualProperties x="79" y="584">
    <element href="assembly.xml#CustomerInvCustmObjUpdate-IN"/>
  </visualProperties>
  <visualProperties x="286" y="589">
    <element href="assembly.xml#AM-Eval3"/>
  </visualProperties>
  <visualProperties x="820" y="712">
    <element href="assembly.xml#PutIntegrationMessage"/>
  </visualProperties>
  <visualProperties x="863" y="416">
    <element href="assembly.xml#AM-Evalu2"/>
  </visualProperties>
  <visualProperties x="1277" y="460">
    <element href="assembly.xml#WorkdayOutRest2"/>
  </visualProperties>
  <visualProperties x="80" y="621">
    <element href="assembly.xml#UpdateCustInvCustomObj-IN"/>
  </visualProperties>
  <visualProperties x="81" y="743">
    <element href="assembly.xml#UpdateCustInvAdjCustomObj-IN"/>
  </visualProperties>
  <visualProperties x="712" y="397">
    <element href="assembly.xml#UpdateCustInvCustomObj-IN0"/>
  </visualProperties>
  <visualProperties x="979" y="454">
    <element href="assembly.xml#UpdateCustInvAdjCustomObj-IN0"/>
  </visualProperties>
  <visualProperties x="728" y="470">
    <element href="assembly.xml#AM-AdjEval"/>
  </visualProperties>
  <visualProperties x="309" y="849">
    <element href="assembly.xml#AM-Evalu4"/>
  </visualProperties>
  <visualProperties x="463" y="880">
    <element href="assembly.xml#AM-Evalu5"/>
  </visualProperties>
  <visualProperties x="622" y="863">
    <element href="assembly.xml#AM-Evalu6"/>
  </visualProperties>
  <visualProperties x="529" y="1156">
    <element href="assembly.xml#UpdateCustInvCustomObj-IN1"/>
  </visualProperties>
  <visualProperties x="759" y="1116">
    <element href="assembly.xml#UpdateCustInvAdjCustomObj-IN1"/>
  </visualProperties>
  <visualProperties x="1000" y="1074">
    <element href="assembly.xml#AM-Eval4"/>
  </visualProperties>
  <visualProperties x="759" y="652">
    <element href="assembly.xml#CatchRestError"/>
  </visualProperties>
  <visualProperties x="820" y="740">
    <element href="assembly.xml#PutRestMessage"/>
  </visualProperties>
  <visualProperties x="770" y="879">
    <element href="assembly.xml#CatchRestError0"/>
  </visualProperties>
  <visualProperties x="910" y="895">
    <element href="assembly.xml#PutRestMessage0"/>
  </visualProperties>
  <visualProperties x="69" y="1485">
    <element href="assembly.xml#UpdateCustInvLineCustomObj-IN"/>
  </visualProperties>
  <visualProperties x="1370" y="339">
    <element href="assembly.xml#UpdateCustInvLineCustomObj-IN0"/>
  </visualProperties>
  <visualProperties x="297" y="1497">
    <element href="assembly.xml#AM-Copy"/>
  </visualProperties>
  <visualProperties x="445" y="1511">
    <element href="assembly.xml#CustLineSplitterUS"/>
  </visualProperties>
  <visualProperties x="446" y="1485">
    <element href="assembly.xml#USCANEURouting"/>
  </visualProperties>
  <visualProperties x="593" y="1503">
    <element href="assembly.xml#AsyncMediation0"/>
  </visualProperties>
  <visualProperties x="651" y="1773">
    <element href="assembly.xml#AsyncMediation1"/>
  </visualProperties>
  <visualProperties x="647" y="1942">
    <element href="assembly.xml#AsyncMediation2"/>
  </visualProperties>
  <visualProperties x="779" y="1811">
    <element href="assembly.xml#CustLineSplitterCAN"/>
  </visualProperties>
  <visualProperties x="775" y="2026">
    <element href="assembly.xml#CustLineSplitterEU"/>
  </visualProperties>
  <visualProperties x="915" y="1628">
    <element href="assembly.xml#AsyncMediation3"/>
  </visualProperties>
  <visualProperties x="910" y="1789">
    <element href="assembly.xml#AsyncMediation4"/>
  </visualProperties>
  <visualProperties x="914" y="2044">
    <element href="assembly.xml#AsyncMediation5"/>
  </visualProperties>
  <visualProperties x="1085" y="1632">
    <element href="assembly.xml#AM-LogUS"/>
  </visualProperties>
  <visualProperties x="1079" y="1797">
    <element href="assembly.xml#AM-LogCAN"/>
  </visualProperties>
  <visualProperties x="1073" y="2023">
    <element href="assembly.xml#AM-LogEU"/>
  </visualProperties>
  <visualProperties x="1240" y="1602">
    <element href="assembly.xml#AsyncMediation9"/>
  </visualProperties>
  <visualProperties x="1242" y="1795">
    <element href="assembly.xml#AsyncMediation10"/>
  </visualProperties>
  <visualProperties x="1243" y="1986">
    <element href="assembly.xml#AsyncMediation11"/>
  </visualProperties>
  <visualProperties x="725" y="2125">
    <element href="assembly.xml#PutIntegrationMessage0"/>
  </visualProperties>
  <visualProperties x="1441" y="1710">
    <element href="assembly.xml#AM-Log"/>
  </visualProperties>
  <visualProperties x="1616" y="1560">
    <element href="assembly.xml#CustInvLineCustObjWDOutRest"/>
  </visualProperties>
  <visualProperties x="1801" y="1535">
    <element href="assembly.xml#AM-Log0"/>
  </visualProperties>
  <visualProperties x="1092" y="2277">
    <element href="assembly.xml#PutIntegrationMessage1"/>
  </visualProperties>
  <visualProperties x="925" y="2081">
    <element href="assembly.xml#Splitter"/>
  </visualProperties>
  <visualProperties x="1039" y="2054">
    <element href="assembly.xml#AsyncMediation"/>
  </visualProperties>
  <visualProperties x="1190" y="2130">
    <element href="assembly.xml#Aggregator"/>
  </visualProperties>
  <visualProperties x="1110" y="1916">
    <element href="assembly.xml#Splitter0"/>
  </visualProperties>
  <visualProperties x="1281" y="1893">
    <element href="assembly.xml#AsyncMediation6"/>
  </visualProperties>
  <visualProperties x="1411" y="1926">
    <element href="assembly.xml#Aggregator0"/>
  </visualProperties>
  <visualProperties x="1076" y="1642">
    <element href="assembly.xml#Splitter1"/>
  </visualProperties>
  <visualProperties x="1223" y="1634">
    <element href="assembly.xml#AsyncMediation7"/>
  </visualProperties>
  <visualProperties x="1341" y="1662">
    <element href="assembly.xml#Aggregator1"/>
  </visualProperties>
  <connections type="routesTo" sourceAnchorX="0.9011627906976745" sourceAnchorY="1.0" targetAnchorX="0.12371134020618557" targetAnchorY="0.6702127659574468">
    <source href="assembly.xml#CustomObjectUpdateFail-IN"/>
    <target href="assembly.xml#AM-FailedStatus"/>
  </connections>
  <connections type="routesTo" sourceAnchorX="0.985" sourceAnchorY="1.0" targetAnchorX="0.061855670103092786" targetAnchorY="0.7978723404255319">
    <source href="assembly.xml#CustomObjectUpdateSuccess-IN"/>
    <target href="assembly.xml#AM-SuccessStatus"/>
  </connections>
  <connections type="routesTo" sourceAnchorX="1.0" sourceAnchorY="0.19148936170212766" targetAnchorX="0.028985507246376812" targetAnchorY="0.3051948051948052">
    <source href="assembly.xml#AM-SuccessStatus"/>
    <target href="assembly.xml#LoopInvoiceWIDs"/>
  </connections>
  <connections type="routesTo" sourceAnchorX="1.0" sourceAnchorY="0.19148936170212766" targetAnchorX="0.08695652173913043" targetAnchorY="0.6298701298701299">
    <source href="assembly.xml#AM-FailedStatus"/>
    <target href="assembly.xml#LoopInvoiceWIDs"/>
  </connections>
  <connections type="routesTo" sourceAnchorX="0.7864583333333334" sourceAnchorY="1.0" targetAnchorX="0.10714285714285714" targetAnchorY="0.40540540540540543">
    <source href="assembly.xml#BatchCustomerInvoiceCustmObjUpdate-IN"/>
    <target href="assembly.xml#CustomObjectUpdateSuccess"/>
  </connections>
  <connections type="routesResponseTo" sourceAnchorX="0.8794642857142857" sourceAnchorY="1.0" targetAnchorX="0.182648401826484" targetAnchorY="0.32432432432432434">
    <source href="assembly.xml#CustomObjectUpdateSuccess"/>
    <target href="assembly.xml#CustomObjectUpdateFail"/>
  </connections>
  <connections type="routesTo" sourceAnchorX="0.4175824175824176" sourceAnchorY="1.0" targetAnchorX="0.24456521739130435" targetAnchorY="0.43243243243243246">
    <source href="assembly.xml#//@beans/@mixed.1/@mixed.27/@mixed.3"/>
    <target href="assembly.xml#PutIntegrationMessage"/>
  </connections>
  <connections type="routesTo" sourceAnchorX="0.7142857142857143" sourceAnchorY="1.0" targetAnchorX="0.12295081967213115" targetAnchorY="0.5531914893617021">
    <source href="assembly.xml#UpdateCustInvCustomObj-IN"/>
    <target href="assembly.xml#AM-Evalu1"/>
  </connections>
  <connections type="routesTo" sourceAnchorX="1.0" sourceAnchorY="0.1595744680851064" targetAnchorX="0.08196721311475409" targetAnchorY="0.4787234042553192">
    <source href="assembly.xml#AM-Evalu1"/>
    <target href="assembly.xml#AM-Evalu2"/>
  </connections>
  <connections type="routesResponseTo" sourceAnchorX="0.8348214285714286" sourceAnchorY="1.0" targetAnchorX="0.03734439834024896" targetAnchorY="0.43243243243243246">
    <source href="assembly.xml#UpdateCustInvCustomObj-IN0"/>
    <target href="assembly.xml#UpdateCustInvAdjCustomObj-IN0"/>
  </connections>
  <connections type="routesTo" sourceAnchorX="0.592" sourceAnchorY="1.0" targetAnchorX="0.014925373134328358" targetAnchorY="0.8260869565217391">
    <source href="assembly.xml#//@beans/@mixed.1/@route.0/@subRoute.0"/>
    <target href="assembly.xml#AM-AdjEval"/>
  </connections>
  <connections type="routesTo" sourceAnchorX="1.0" sourceAnchorY="0.35106382978723405" targetAnchorX="0.07589285714285714" targetAnchorY="0.5675675675675675">
    <source href="assembly.xml#AM-AdjEval"/>
    <target href="assembly.xml#UpdateCustInvCustomObj-IN0"/>
  </connections>
  <connections type="routesTo" sourceAnchorX="0.9230769230769231" sourceAnchorY="1.0" targetAnchorX="0.05223880597014925" targetAnchorY="0.7391304347826086">
    <source href="assembly.xml#UpdateCustInvAdjCustomObj-IN"/>
    <target href="assembly.xml#AM-Evalu4"/>
  </connections>
  <connections type="routesTo" sourceAnchorX="1.0" sourceAnchorY="0.358695652173913" targetAnchorX="0.09701492537313433" targetAnchorY="0.6956521739130435">
    <source href="assembly.xml#AM-Evalu4"/>
    <target href="assembly.xml#AM-Evalu5"/>
  </connections>
  <connections type="routesTo" sourceAnchorX="1.0" sourceAnchorY="0.22340425531914893" targetAnchorX="0.11811023622047244" targetAnchorY="0.4148936170212766">
    <source href="assembly.xml#AM-Evalu2"/>
    <target href="assembly.xml#AM-Evalu3"/>
  </connections>
  <connections type="routesTo" sourceAnchorX="1.0" sourceAnchorY="0.3829787234042553" targetAnchorX="0.16417910447761194" targetAnchorY="0.6304347826086957">
    <source href="assembly.xml#AM-Evalu5"/>
    <target href="assembly.xml#AM-Evalu6"/>
  </connections>
  <connections type="routesTo" sourceAnchorX="1.0" sourceAnchorY="0.192" targetAnchorX="0.05357142857142857" targetAnchorY="0.5945945945945946">
    <source href="assembly.xml#AM-Eval3"/>
    <target href="assembly.xml#UpdateCustInvCustomObj-IN1"/>
  </connections>
  <connections type="routesResponseTo" sourceAnchorX="0.8616071428571429" sourceAnchorY="1.0" targetAnchorX="0.14522821576763487" targetAnchorY="0.6756756756756757">
    <source href="assembly.xml#UpdateCustInvCustomObj-IN1"/>
    <target href="assembly.xml#UpdateCustInvAdjCustomObj-IN1"/>
  </connections>
  <connections type="routesTo" sourceAnchorX="1.0" sourceAnchorY="0.4864864864864865" targetAnchorX="0.14201183431952663" targetAnchorY="0.08">
    <source href="assembly.xml#CustomerInvCustmObjUpdate-IN"/>
    <target href="assembly.xml#AM-Eval3"/>
  </connections>
  <connections type="routesResponseTo" sourceAnchorX="0.8381742738589212" sourceAnchorY="1.0" targetAnchorX="0.16535433070866143" targetAnchorY="0.5434782608695652">
    <source href="assembly.xml#UpdateCustInvAdjCustomObj-IN1"/>
    <target href="assembly.xml#AM-Eval4"/>
  </connections>
  <connections type="routesTo" sourceAnchorX="0.8333333333333334" sourceAnchorY="1.0" targetAnchorX="0.6846153846153846" targetAnchorY="0.4864864864864865">
    <source href="assembly.xml#//@beans/@mixed.1/@mixed.57/@mixed.3"/>
    <target href="assembly.xml#PutRestMessage"/>
  </connections>
  <connections type="routesTo" sourceAnchorX="1.0" sourceAnchorY="0.2608695652173913" targetAnchorX="0.2" targetAnchorY="0.10569105691056911">
    <source href="assembly.xml#AM-Evalu3"/>
    <target href="assembly.xml#CatchRestError"/>
  </connections>
  <connections type="routesTo" sourceAnchorX="1.0" sourceAnchorY="0.23577235772357724" targetAnchorX="0.23809523809523808" targetAnchorY="0.5405405405405406">
    <source href="assembly.xml#CatchRestError"/>
    <target href="assembly.xml#WorkdayOutRest"/>
  </connections>
  <connections type="routesTo" sourceAnchorX="0.7572815533980582" sourceAnchorY="1.0" targetAnchorX="0.6412213740458015" targetAnchorY="0.3783783783783784">
    <source href="assembly.xml#//@beans/@mixed.1/@mixed.61/@mixed.3"/>
    <target href="assembly.xml#PutRestMessage0"/>
  </connections>
  <connections type="routesTo" sourceAnchorX="1.0" sourceAnchorY="0.2826086956521739" targetAnchorX="0.2727272727272727" targetAnchorY="0.056910569105691054">
    <source href="assembly.xml#AM-Evalu6"/>
    <target href="assembly.xml#CatchRestError0"/>
  </connections>
  <connections type="routesTo" sourceAnchorX="1.0" sourceAnchorY="0.21138211382113822" targetAnchorX="0.26717557251908397" targetAnchorY="0.5675675675675675">
    <source href="assembly.xml#CatchRestError0"/>
    <target href="assembly.xml#WorkdayOutRest2"/>
  </connections>
  <connections type="routesResponseTo" sourceAnchorX="0.8755186721991701" sourceAnchorY="1.0" targetAnchorX="0.10080645161290322" targetAnchorY="0.4594594594594595">
    <source href="assembly.xml#UpdateCustInvAdjCustomObj-IN0"/>
    <target href="assembly.xml#UpdateCustInvLineCustomObj-IN0"/>
  </connections>
  <connections type="routesResponseTo" sourceAnchorX="0.8548387096774194" sourceAnchorY="1.0" targetAnchorX="0.07339449541284404" targetAnchorY="0.19148936170212766">
    <source href="assembly.xml#UpdateCustInvLineCustomObj-IN0"/>
    <target href="assembly.xml#AM-RestLog"/>
  </connections>
  <connections type="routesTo" sourceAnchorX="1.0" sourceAnchorY="0.9117647058823529" targetAnchorX="0.15671641791044777" targetAnchorY="0.2032520325203252">
    <source href="assembly.xml#//@beans/@mixed.1/@route.1/@subRoute.0"/>
    <target href="assembly.xml#AsyncMediation0"/>
  </connections>
  <connections type="routesTo" sourceAnchorX="0.84375" sourceAnchorY="1.0" targetAnchorX="0.5447761194029851" targetAnchorY="0.3170731707317073">
    <source href="assembly.xml#//@beans/@mixed.1/@route.1/@subRoute.1"/>
    <target href="assembly.xml#AsyncMediation1"/>
  </connections>
  <connections type="routesTo" sourceAnchorX="0.359375" sourceAnchorY="1.0" targetAnchorX="0.11194029850746269" targetAnchorY="0.23577235772357724">
    <source href="assembly.xml#//@beans/@mixed.1/@route.1/@subRoute.2"/>
    <target href="assembly.xml#AsyncMediation2"/>
  </connections>
  <connections type="routesTo" sourceAnchorX="0.5748031496062992" sourceAnchorY="1.0" targetAnchorX="0.44502617801047123" targetAnchorY="0.35135135135135137">
    <source href="assembly.xml#//@beans/@mixed.1/@mixed.75/@mixed.3"/>
    <target href="assembly.xml#PutIntegrationMessage0"/>
  </connections>
  <connections type="routesTo" sourceAnchorX="0.905511811023622" sourceAnchorY="1.0" targetAnchorX="0.6701570680628273" targetAnchorY="0.0">
    <source href="assembly.xml#//@beans/@mixed.1/@mixed.77/@mixed.3"/>
    <target href="assembly.xml#PutIntegrationMessage0"/>
  </connections>
  <connections type="routesTo" sourceAnchorX="1.0" sourceAnchorY="1.0" targetAnchorX="0.7539267015706806" targetAnchorY="0.16216216216216217">
    <source href="assembly.xml#//@beans/@mixed.1/@mixed.79/@mixed.3"/>
    <target href="assembly.xml#PutIntegrationMessage0"/>
  </connections>
  <connections type="routesTo" sourceAnchorX="1.0" sourceAnchorY="0.24390243902439024" targetAnchorX="0.3364485981308411" targetAnchorY="0.14166666666666666">
    <source href="assembly.xml#AsyncMediation0"/>
    <target href="assembly.xml#CustLineSplitterUS"/>
  </connections>
  <connections type="routesTo" sourceAnchorX="1.0" sourceAnchorY="0.17886178861788618" targetAnchorX="0.27102803738317754" targetAnchorY="0.18333333333333332">
    <source href="assembly.xml#AsyncMediation1"/>
    <target href="assembly.xml#CustLineSplitterCAN"/>
  </connections>
  <connections type="routesTo" sourceAnchorX="1.0" sourceAnchorY="0.21951219512195122" targetAnchorX="0.16822429906542055" targetAnchorY="0.14166666666666666">
    <source href="assembly.xml#AsyncMediation2"/>
    <target href="assembly.xml#CustLineSplitterEU"/>
  </connections>
  <connections type="routesTo" sourceAnchorX="1.0" sourceAnchorY="0.7352941176470589" targetAnchorX="0.07462686567164178" targetAnchorY="0.21739130434782608">
    <source href="assembly.xml#//@beans/@mixed.1/@splitter.1/@subRoute.0"/>
    <target href="assembly.xml#AsyncMediation4"/>
  </connections>
  <connections type="routesTo" sourceAnchorX="1.0" sourceAnchorY="1.0" targetAnchorX="0.029850746268656716" targetAnchorY="0.33695652173913043">
    <source href="assembly.xml#//@beans/@mixed.1/@splitter.2/@subRoute.0"/>
    <target href="assembly.xml#AsyncMediation5"/>
  </connections>
  <connections type="routesTo" sourceAnchorX="1.0" sourceAnchorY="0.3404255319148936" targetAnchorX="0.373134328358209" targetAnchorY="0.17073170731707318">
    <source href="assembly.xml#AM-LogUS"/>
    <target href="assembly.xml#AsyncMediation9"/>
  </connections>
  <connections type="routesTo" sourceAnchorX="1.0" sourceAnchorY="0.32978723404255317" targetAnchorX="0.2127659574468085" targetAnchorY="0.21951219512195122">
    <source href="assembly.xml#AM-LogCAN"/>
    <target href="assembly.xml#AsyncMediation10"/>
  </connections>
  <connections type="routesTo" sourceAnchorX="1.0" sourceAnchorY="0.3404255319148936" targetAnchorX="0.20714285714285716" targetAnchorY="0.24390243902439024">
    <source href="assembly.xml#AM-LogEU"/>
    <target href="assembly.xml#AsyncMediation11"/>
  </connections>
  <connections type="routesTo" sourceAnchorX="1.0" sourceAnchorY="0.232" targetAnchorX="0.3262411347517731" targetAnchorY="0.17391304347826086">
    <source href="assembly.xml#AsyncMediation9"/>
    <target href="assembly.xml#AM-Log"/>
  </connections>
  <connections type="routesTo" sourceAnchorX="1.0" sourceAnchorY="0.208" targetAnchorX="0.03546099290780142" targetAnchorY="0.391304347826087">
    <source href="assembly.xml#AsyncMediation10"/>
    <target href="assembly.xml#AM-Log"/>
  </connections>
  <connections type="routesTo" sourceAnchorX="1.0" sourceAnchorY="0.248" targetAnchorX="0.12056737588652482" targetAnchorY="0.6086956521739131">
    <source href="assembly.xml#AsyncMediation11"/>
    <target href="assembly.xml#AM-Log"/>
  </connections>
  <connections type="routesTo" sourceAnchorX="0.48031496062992124" sourceAnchorY="1.0" targetAnchorX="0.6492146596858639" targetAnchorY="0.2972972972972973">
    <source href="assembly.xml#//@beans/@mixed.1/@mixed.97/@mixed.3"/>
    <target href="assembly.xml#PutIntegrationMessage1"/>
  </connections>
  <connections type="routesTo" sourceAnchorX="0.6716417910447762" sourceAnchorY="1.0" targetAnchorX="0.7905759162303665" targetAnchorY="0.35135135135135137">
    <source href="assembly.xml#//@beans/@mixed.1/@mixed.99/@mixed.3"/>
    <target href="assembly.xml#PutIntegrationMessage1"/>
  </connections>
  <connections type="routesTo" sourceAnchorX="0.7518796992481203" sourceAnchorY="1.0" targetAnchorX="0.837696335078534" targetAnchorY="0.5675675675675675">
    <source href="assembly.xml#//@beans/@mixed.1/@mixed.101/@mixed.3"/>
    <target href="assembly.xml#PutIntegrationMessage1"/>
  </connections>
  <connections type="routesTo" sourceAnchorX="1.0" sourceAnchorY="0.30851063829787234" targetAnchorX="0.1987179487179487" targetAnchorY="0.4594594594594595">
    <source href="assembly.xml#AM-Log"/>
    <target href="assembly.xml#CustInvLineCustObjWDOutRest"/>
  </connections>
  <connections type="routesResponseTo" sourceAnchorX="0.8846153846153846" sourceAnchorY="1.0" targetAnchorX="0.2624113475177305" targetAnchorY="0.20652173913043478">
    <source href="assembly.xml#CustInvLineCustObjWDOutRest"/>
    <target href="assembly.xml#AM-Log0"/>
  </connections>
  <connections type="routesTo" sourceAnchorX="1.0" sourceAnchorY="0.5945945945945946" targetAnchorX="0.6222222222222222" targetAnchorY="0.22340425531914893">
    <source href="assembly.xml#UpdateCustInvLineCustomObj-IN"/>
    <target href="assembly.xml#AM-Copy"/>
  </connections>
  <connections type="routesTo" sourceAnchorX="1.0" sourceAnchorY="0.32978723404255317" targetAnchorX="0.2638888888888889" targetAnchorY="0.0572289156626506">
    <source href="assembly.xml#AM-Copy"/>
    <target href="assembly.xml#USCANEURouting"/>
  </connections>
  <connections type="routesTo" sourceAnchorX="1.0" sourceAnchorY="0.7647058823529411" targetAnchorX="0.23880597014925373" targetAnchorY="0.14893617021276595">
    <source href="assembly.xml#//@beans/@mixed.1/@splitter.0/@subRoute.0"/>
    <target href="assembly.xml#AsyncMediation3"/>
  </connections>
  <connections type="routesTo" sourceAnchorX="1.0" sourceAnchorY="0.3804347826086957" targetAnchorX="0.4731182795698925" targetAnchorY="0.17333333333333334">
    <source href="assembly.xml#AsyncMediation5"/>
    <target href="assembly.xml#Splitter"/>
  </connections>
  <connections type="routesTo" sourceAnchorX="1.0" sourceAnchorY="0.5882352941176471" targetAnchorX="0.3018867924528302" targetAnchorY="0.6630434782608695">
    <source href="assembly.xml#//@beans/@mixed.1/@splitter.3/@subRoute.0"/>
    <target href="assembly.xml#AsyncMediation"/>
  </connections>
  <connections type="routesTo" sourceAnchorX="1.0" sourceAnchorY="0.30434782608695654" targetAnchorX="0.28735632183908044" targetAnchorY="0.4864864864864865">
    <source href="assembly.xml#AsyncMediation"/>
    <target href="assembly.xml#Aggregator"/>
  </connections>
  <connections type="routesTo" sourceAnchorX="0.5402298850574713" sourceAnchorY="1.0" targetAnchorX="0.25287356321839083" targetAnchorY="0.18478260869565216">
    <source href="assembly.xml#Aggregator"/>
    <target href="assembly.xml#AM-LogEU"/>
  </connections>
  <connections type="routesTo" sourceAnchorX="1.0" sourceAnchorY="0.26595744680851063" targetAnchorX="0.32710280373831774" targetAnchorY="0.16666666666666666">
    <source href="assembly.xml#AsyncMediation4"/>
    <target href="assembly.xml#Splitter0"/>
  </connections>
  <connections type="routesTo" sourceAnchorX="1.0" sourceAnchorY="0.2872340425531915" targetAnchorX="0.3119266055045872" targetAnchorY="0.2972972972972973">
    <source href="assembly.xml#AsyncMediation6"/>
    <target href="assembly.xml#Aggregator0"/>
  </connections>
  <connections type="routesTo" sourceAnchorX="0.944954128440367" sourceAnchorY="1.0" targetAnchorX="0.1574074074074074" targetAnchorY="0.19148936170212766">
    <source href="assembly.xml#Aggregator0"/>
    <target href="assembly.xml#AM-LogCAN"/>
  </connections>
  <connections type="routesTo" sourceAnchorX="0.851063829787234" sourceAnchorY="1.0" targetAnchorX="0.1044776119402985" targetAnchorY="0.3723404255319149">
    <source href="assembly.xml#//@beans/@mixed.1/@splitter.4/@subRoute.0"/>
    <target href="assembly.xml#AsyncMediation6"/>
  </connections>
  <connections type="routesTo" sourceAnchorX="1.0" sourceAnchorY="0.3191489361702128" targetAnchorX="0.5046728971962616" targetAnchorY="0.16233766233766234">
    <source href="assembly.xml#AsyncMediation3"/>
    <target href="assembly.xml#Splitter1"/>
  </connections>
  <connections type="routesTo" sourceAnchorX="1.0" sourceAnchorY="0.7647058823529411" targetAnchorX="0.12686567164179105" targetAnchorY="0.21739130434782608">
    <source href="assembly.xml#//@beans/@mixed.1/@splitter.5/@subRoute.0"/>
    <target href="assembly.xml#AsyncMediation7"/>
  </connections>
  <connections type="routesTo" sourceAnchorX="1.0" sourceAnchorY="0.32608695652173914" targetAnchorX="0.45871559633027525" targetAnchorY="0.2972972972972973">
    <source href="assembly.xml#AsyncMediation7"/>
    <target href="assembly.xml#Aggregator1"/>
  </connections>
  <connections type="routesTo" sourceAnchorX="0.9724770642201835" sourceAnchorY="1.0" targetAnchorX="0.45" targetAnchorY="0.26595744680851063">
    <source href="assembly.xml#Aggregator1"/>
    <target href="assembly.xml#AM-LogUS"/>
  </connections>
  <swimlanes x="28" y="25" name="Batch update of Customer Invoice Custom Object">
    <elements href="assembly.xml#BatchCustomerInvoiceCustmObjUpdate-IN"/>
    <elements href="assembly.xml#CustomObjectUpdateSuccess"/>
    <elements href="assembly.xml#CustomObjectUpdateFail"/>
  </swimlanes>
  <swimlanes x="28" y="130" name="Update Success WIDs">
    <elements href="assembly.xml#CustomObjectUpdateSuccess-IN"/>
    <elements href="assembly.xml#AM-SuccessStatus"/>
  </swimlanes>
  <swimlanes x="41" y="319" name="Update Failed WIDs">
    <elements href="assembly.xml#CustomObjectUpdateFail-IN"/>
    <elements href="assembly.xml#AM-FailedStatus"/>
  </swimlanes>
  <swimlanes x="552" y="182" name="Swimlane" alignment="MIDDLE">
    <elements href="assembly.xml#LoopInvoiceWIDs"/>
    <elements href="assembly.xml#AM-AdjEval"/>
    <elements href="assembly.xml#UpdateCustInvCustomObj-IN0"/>
    <elements href="assembly.xml#UpdateCustInvAdjCustomObj-IN0"/>
    <elements href="assembly.xml#UpdateCustInvLineCustomObj-IN0"/>
    <elements href="assembly.xml#AM-RestLog"/>
  </swimlanes>
  <swimlanes x="28" y="1080" name="Update Single Customer Invoice Custom Object">
    <elements href="assembly.xml#CustomerInvCustmObjUpdate-IN"/>
    <elements href="#//@swimlanes.5"/>
  </swimlanes>
  <swimlanes x="213" y="655" name="Swimlane" orientation="VERTICAL">
    <elements href="#//@swimlanes.6"/>
    <elements href="assembly.xml#PutIntegrationMessage"/>
  </swimlanes>
  <swimlanes x="323" y="699" name="Swimlane">
    <elements href="assembly.xml#AM-Eval3"/>
    <elements href="assembly.xml#UpdateCustInvCustomObj-IN1"/>
    <elements href="assembly.xml#UpdateCustInvAdjCustomObj-IN1"/>
    <elements href="assembly.xml#AM-Eval4"/>
  </swimlanes>
  <swimlanes x="28" y="471" name="Update Customer Invoice custom object">
    <elements href="assembly.xml#UpdateCustInvCustomObj-IN"/>
    <elements href="assembly.xml#AM-Evalu1"/>
    <elements href="assembly.xml#AM-Evalu2"/>
    <elements href="assembly.xml#AM-Evalu3"/>
    <elements href="#//@swimlanes.9"/>
    <elements href="assembly.xml#WorkdayOutRest"/>
  </swimlanes>
  <swimlanes x="41" y="775" name="Update Customer Invoice Adjustment custom object">
    <elements href="assembly.xml#UpdateCustInvAdjCustomObj-IN"/>
    <elements href="assembly.xml#AM-Evalu4"/>
    <elements href="assembly.xml#AM-Evalu5"/>
    <elements href="assembly.xml#AM-Evalu6"/>
    <elements href="#//@swimlanes.10"/>
    <elements href="assembly.xml#WorkdayOutRest2"/>
  </swimlanes>
  <swimlanes x="890" y="723" name="Swimlane" orientation="VERTICAL">
    <elements href="assembly.xml#CatchRestError"/>
    <elements href="assembly.xml#PutRestMessage"/>
  </swimlanes>
  <swimlanes x="616" y="913" name="Swimlane" orientation="VERTICAL">
    <elements href="assembly.xml#CatchRestError0"/>
    <elements href="assembly.xml#PutRestMessage0"/>
  </swimlanes>
  <swimlanes x="-13" y="1448" name="Update Customer Invoice Line Custom Object">
    <elements href="assembly.xml#UpdateCustInvLineCustomObj-IN"/>
    <elements href="assembly.xml#AM-Copy"/>
    <elements href="assembly.xml#USCANEURouting"/>
    <elements href="#//@swimlanes.12"/>
    <elements href="assembly.xml#AM-Log"/>
    <elements href="assembly.xml#CustInvLineCustObjWDOutRest"/>
    <elements href="assembly.xml#AM-Log0"/>
  </swimlanes>
  <swimlanes x="605" y="1500" name="Split Line Items" orientation="VERTICAL" elements="//@swimlanes.13 //@swimlanes.14 //@swimlanes.15 //@swimlanes.16"/>
  <swimlanes x="643" y="1511" name="US">
    <elements href="assembly.xml#AsyncMediation0"/>
    <elements href="assembly.xml#CustLineSplitterUS"/>
    <elements href="assembly.xml#AsyncMediation3"/>
    <elements href="assembly.xml#Splitter1"/>
    <elements href="assembly.xml#AsyncMediation7"/>
    <elements href="assembly.xml#Aggregator1"/>
    <elements href="assembly.xml#AM-LogUS"/>
    <elements href="assembly.xml#AsyncMediation9"/>
  </swimlanes>
  <swimlanes x="711" y="1536" name="Canada">
    <elements href="assembly.xml#AsyncMediation1"/>
    <elements href="assembly.xml#CustLineSplitterCAN"/>
    <elements href="assembly.xml#AsyncMediation4"/>
    <elements href="assembly.xml#Splitter0"/>
    <elements href="assembly.xml#AsyncMediation6"/>
    <elements href="assembly.xml#Aggregator0"/>
    <elements href="assembly.xml#AM-LogCAN"/>
    <elements href="assembly.xml#AsyncMediation10"/>
  </swimlanes>
  <swimlanes x="655" y="1668" name="EU">
    <elements href="assembly.xml#AsyncMediation2"/>
    <elements href="assembly.xml#CustLineSplitterEU"/>
    <elements href="assembly.xml#AsyncMediation5"/>
    <elements href="assembly.xml#Splitter"/>
    <elements href="assembly.xml#AsyncMediation"/>
    <elements href="assembly.xml#Aggregator"/>
    <elements href="assembly.xml#AM-LogEU"/>
    <elements href="assembly.xml#AsyncMediation11"/>
  </swimlanes>
  <swimlanes x="854" y="2228" name="Swimlane">
    <elements href="assembly.xml#PutIntegrationMessage0"/>
    <elements href="assembly.xml#PutIntegrationMessage1"/>
  </swimlanes>
</wdnm:Diagram>
