<?xml version="1.0" encoding="UTF-8"?>
<beans
     xmlns="http://www.springframework.org/schema/beans"
     xmlns:beans="http://www.springframework.org/schema/beans"
     xmlns:atom="http://www.w3.org/2005/Atom"
     xmlns:cc="http://www.capeclear.com/assembly/10"
     xmlns:cloud="urn:com.workday/esb/cloud/10.0"
     xmlns:env="http://schemas.xmlsoap.org/soap/envelope/"
     xmlns:pi="urn:com.workday/picof"
     xmlns:wd="urn:com.workday/bsvc"
     xmlns:xsi="http://www.w3.org/2001/XMLSchema-instance">
 
	<cc:assembly id="WorkdayAssembly" version="2018.35">
        <cc:local-out id="PutIntegrationMessage" execute-when="!props['stopProcess']" endpoint="vm://wcc/PutIntegrationMessage">
            <cc:set name="is.message.severity" value="'INFO'"/>
            <cc:set name="is.message.summary" value="'Integration completed successfully!'"/>
            <cc:set name="is.message.storage.enabled" value="false"/>
        </cc:local-out>
        <cc:local-out id="CallPublishReportsToUsers" store-message="none" execute-when="!props['stopProcess']" routes-response-to="PutIntegrationMessage" endpoint="vm://INT0015_Cap_Mkts_CODA_Accrual_Outbound/PublishReportToUsers"/>
        <cc:local-out id="CallCreateAccrualExcel" store-message="none" execute-when="!props['stopProcess']" routes-response-to="CallPublishReportsToUsers" endpoint="vm://INT0015_Cap_Mkts_CODA_Accrual_Outbound/CreateAccrualExcelFile"/>
        <cc:local-out id="CallCreateAccrualRegister" store-message="none" execute-when="!props['stopProcess']" routes-response-to="CallCreateAccrualExcel" endpoint="vm://INT0015_Cap_Mkts_CODA_Accrual_Outbound/CreateAccrualFile"/>
        <cc:local-out id="CallReadReportData" store-message="none" execute-when="!props['stopProcess']" routes-response-to="CallCreateAccrualRegister" endpoint="vm://INT0015_Cap_Mkts_CODA_Accrual_Outbound/ReadReportData"/>
        <cc:async-mediation id="InitializeParams" routes-to="CallReadReportData">
            <cc:steps>
                <cc:eval id="initParams">
                    <cc:expression>props['stopProcess']=false;</cc:expression>
                    <cc:expression>//launch Params&#xD;
props['p.payPeriod'] = lp.getReferenceData('Pay Period','WID');&#xD;
props['p.payPeriodDates'] = lp.getReferenceData('Pay Period','Period_ID');&#xD;
props['p.series'] = lp.getSimpleData('Series');</cc:expression>
                    <cc:expression>props['p.payPeriodEndDate'] =  props['p.payPeriodDates'].toString().substring(13, 23);&#xD;
props['p.parsed.payPeriodEndDate'] = new java.text.SimpleDateFormat(&quot;MM/dd/yyyy&quot;).parse(props['p.payPeriodEndDate']);&#xD;
&#xD;
// Now we need to format the parsed date into the desired format&#xD;
props['p.formatted.payPeriodEndDate'] = new java.text.SimpleDateFormat(&quot;yyyyMMdd&quot;).format(props['p.parsed.payPeriodEndDate']);</cc:expression>
                </cc:eval>
                <cc:eval id="filenames">
                    <cc:expression>props['p.accrualFN'] = 'Accrual_'+props['p.formatted.payPeriodEndDate']+'_'+ props['p.series'] +'.dat.pgp';&#xD;
props['p.accrualExcelFN'] = 'CMC_CODA_Accrual_'+props['p.formatted.payPeriodEndDate']+'_'+ props['p.series'] +'.xlsx';</cc:expression>
                </cc:eval>
                <cc:eval id="getAttributes">
                    <cc:expression>props['p.reportNamespace'] = intsys.getAttribute('Report NameSpace');&#xD;
props['p.wsVersion'] = intsys.getAttribute('API Version');&#xD;
props['p.documentRetentionPeriod'] = intsys.getAttribute('Document Retention Period');&#xD;
props['p.userGroup'] = intsys.getAttribute('UserGroup for Companion Reports');&#xD;
props['p.companyName'] = intsys.getAttributeReferenceData('Company Name', 'WID');&#xD;
props['p.userGroup']=intsys.getAttribute('UserGroup for Companion Reports');</cc:expression>
                    <cc:expression>//Read all the pay groups from attribute&#xD;
props['p.payGroups'] = intsys.getAttributeReferenceDataList('Pay Groups', 'WID'); &#xD;
props['p.payGroups'] = props['p.payGroups'].toString().replaceAll('\\[','');&#xD;
props['p.payGroups'] = props['p.payGroups'].toString().replaceAll('\\]','');&#xD;
props['p.payGroups'] = props['p.payGroups'].toString().replaceAll(' ','');&#xD;
props['p.payGroups'] = props['p.payGroups'].toString().replaceAll(',','!');</cc:expression>
                </cc:eval>
            </cc:steps>
            <cc:send-error id="SendError" routes-to="CallWriteError1"/>
        </cc:async-mediation>
        <cc:workday-in id="StartHere" routes-to="InitializeParams">
            <cc:integration-system name="INT0015 Cap Mkts CODA Accrual Outbound">
        <cloud:param name="Series">
          <cloud:type>
            <cloud:simple-type>text</cloud:simple-type>
          </cloud:type>
          <cloud:default>
            <cloud:text>001</cloud:text>
          </cloud:default>
        </cloud:param>
        <cloud:param name="Pay Period">
          <cloud:type>
            <cloud:class-report-field description="Period" type="WID" singular="true">74f66bd8157d4de681ca789f149da641</cloud:class-report-field>
          </cloud:type>
          <cloud:default/>
          <cloud:launch-option>required</cloud:launch-option>
        </cloud:param>
        <cloud:attribute-map-service name="INT0015_Attributes">
          <cloud:attribute name="Document Retention Period">
            <cloud:type>
              <cloud:simple-type>number</cloud:simple-type>
            </cloud:type>
            <cloud:display-option>required-for-launch</cloud:display-option>
          </cloud:attribute>
          <cloud:attribute name="API Version">
            <cloud:type>
              <cloud:simple-type>text</cloud:simple-type>
            </cloud:type>
            <cloud:display-option>required-for-launch</cloud:display-option>
          </cloud:attribute>
          <cloud:attribute name="Report NameSpace">
            <cloud:type>
              <cloud:simple-type>text</cloud:simple-type>
            </cloud:type>
            <cloud:display-option>required-for-launch</cloud:display-option>
          </cloud:attribute>
          <cloud:attribute name="UserGroup for Companion Reports">
            <cloud:type>
              <cloud:simple-type>text</cloud:simple-type>
            </cloud:type>
            <cloud:display-option>required-for-launch</cloud:display-option>
          </cloud:attribute>
          <cloud:attribute name="Pay Groups">
            <cloud:type>
              <cloud:class-report-field description="Pay Group Detail" type="WID" singular="true">f2f9660f983f459181fdef2b8ba97a78</cloud:class-report-field>
            </cloud:type>
            <cloud:display-option>required-for-launch</cloud:display-option>
          </cloud:attribute>
          <cloud:attribute name="Company Name">
            <cloud:type>
              <cloud:class-report-field description="Company" type="WID" singular="true">cd3c13088608100016b95960853f0210</cloud:class-report-field>
            </cloud:type>
            <cloud:display-option>required-for-launch</cloud:display-option>
          </cloud:attribute>
        </cloud:attribute-map-service>
        <cloud:delivery-service name="INT0015_Delivery"/>
        <cloud:report-service name="INT0015_Report">
          <cloud:report-alias description="INT0015 Cap Mkts CODA Accrual Outbound" name="INT0015_Report">
            <cloud:report-reference description="INT0015 Cap Mkts CODA Accrual Outbound" type="WID">cf5dcb609fbd01320ada679a391294f5</cloud:report-reference>
          </cloud:report-alias>
        </cloud:report-service>
      </cc:integration-system>
        </cc:workday-in>
        <cc:async-mediation id="AsyncMediation2">
            <cc:steps>
                <cc:eval id="Eval">
                    <cc:expression>props['p.Data_Retrieved'] = parts[0].xpath('wd:Report_Data/wd:Report_Entry', 'wd ' + props['p.reportNamespace'])</cc:expression>
                </cc:eval>
                <cc:validate-exp id="ValidateExp">
                    <cc:expression error-number="100" failure-message="No records returned by RAAS Report .">props['p.Data_Retrieved'] != ''</cc:expression>
                </cc:validate-exp>
                <cc:copy id="Copy" output="variable" output-mimetype="text/xml" output-variable="ReportData"/>
            </cc:steps>
            <cc:send-error id="SendError" routes-to="CallCreateEmptyFile"/>
        </cc:async-mediation>
        <cc:workday-out-rest id="CallReport" execute-when="!props['stopProcess']" routes-response-to="AsyncMediation2" extra-path="@{intsys.reportService.getExtrapath('INT0015_Report')}@{props['report.url']}"/>
        <cc:async-mediation id="CatchError" routes-to="CallReport" handle-downstream-errors="true">
            <cc:steps>
                <cc:eval id="Eval">
                    <cc:expression>props['report.url'] = empty;</cc:expression>
                    <cc:expression>//get company WID from Integration Attributes&#xD;
props['report.url'] = '?Company!WID='+props['p.companyName']  </cc:expression>
                    <cc:expression>//get Pay Group Details from Integration Attributes&#xD;
props['report.url'] = props['report.url'] +  '&amp;Pay_Run_Groups_and_or_Pay_Group_Details!WID=' +props['p.payGroups']</cc:expression>
                    <cc:expression>//get Periods from Launch Params&#xD;
props['report.url'] = props['report.url'] +  '&amp;Periods!WID=' + props['p.payPeriod']</cc:expression>
                </cc:eval>
            </cc:steps>
            <cc:send-error id="SendError" routes-to="CallWriteError2"/>
        </cc:async-mediation>
        <cc:local-in id="ReadReportData" routes-to="CatchError"/>
        <cc:local-out id="PutIntegrationEvent" endpoint="vm://wcc/PutIntegrationEvent">
            <cc:set name="is.event.completed" value="&quot;current&quot;"/>
        </cc:local-out>
        <cc:local-out id="LogError" routes-response-to="PutIntegrationEvent" endpoint="vm://wcc/PutIntegrationMessage">
            <cc:set name="is.message.severity" value="'CRITICAL'"/>
            <cc:set name="is.message.summary" value="'Critical Error. Please see details.'"/>
            <cc:set name="is.message.detail" value="'Global Error Handler '+context.errorMessage"/>
            <cc:set name="is.message.storage.enabled" value="false"/>
        </cc:local-out>
        <cc:send-error id="GlobalErrorHandler" routes-to="LogError"/>
        <cc:local-out id="PutIntegrationMessage2" execute-when="!props['stopProcess']" endpoint="vm://wcc/PutIntegrationMessage">
            <cc:set name="is.message.severity" value="'INFO'"/>
            <cc:set name="is.message.summary" value="'Accrual Output File stored successfully!'"/>
            <cc:set name="is.document.variable.name" value="'PayrollAccrualFile'"/>
            <cc:set name="is.document.deliverable" value="'true'"/>
            <cc:set name="is.message.storage.enabled" value="false"/>
        </cc:local-out>
        <cc:async-mediation id="StoreFile1" routes-to="PutIntegrationMessage2" execute-steps-when="!props['stopProcess']">
            <cc:steps>
                <cc:store id="Store" output="variable" output-mimetype="text/plain" output-variable="PayrollAccrualFile" expiresIn="P@{props['p.documentRetentionPeriod']}D" title="@{props['p.accrualFN']}"/>
            </cc:steps>
            <cc:send-error id="SendError0" routes-to="CallWriteError30"/>
        </cc:async-mediation>
        <cc:async-mediation id="AsyncMediation3" routes-to="StoreFile1">
            <cc:steps>
                <cc:copy id="Copy" output="message" output-mimetype="text/xml" input="variable" input-variable="ReportData"/>
                <cc:xslt-plus id="XsltPlus" url="INT0015_Accrual.xsl"/>
            </cc:steps>
            <cc:send-error id="SendError" routes-to="CallWriteError3"/>
        </cc:async-mediation>
        <cc:local-in id="CreateAccrualFile" routes-to="AsyncMediation3"/>
        <cc:async-mediation id="AsyncMediation31">
            <cc:steps>
                <cc:copy id="Copy" output="message" output-mimetype="text/xml" input="variable" input-variable="ReportData"/>
                <cc:xslt-plus id="XsltPlus" url="INT0015_Accrual_Excel.xsl"/>
                <cc:text-excel id="TextExcel" output="variable" output-mimetype="application/vnd.openxmlformats-officedocument.spreadsheetml.sheet" output-variable="PayrollAccrualExcel" excelstyle="sheet" style="text2excel" usevalues="true"/>
            </cc:steps>
            <cc:send-error id="SendError" routes-to="CallWriteError4"/>
        </cc:async-mediation>
        <cc:local-in id="CreateAccrualExcelFile" routes-to="AsyncMediation31"/>
        <cc:local-out id="PutSummaryFile" execute-when="!props['stopProcess']" endpoint="vm://wcc/PutIntegrationMessage">
            <cc:set name="is.message.severity" value="'INFO'"/>
            <cc:set name="is.message.summary" value="'Accrual Companion (Excel) File Published for user '+ props['p.wdUserName']"/>
            <cc:set name="is.document.variable.name" value="'PayrollAccrualExcelFile'"/>
            <cc:set name="is.document.deliverable" value="'false'"/>
            <cc:set name="is.message.storage.enabled" value="false"/>
            <cc:set name="is.document.owner.wid" value="props['p.user']"/>
        </cc:local-out>
        <cc:async-mediation id="StoretheReports" routes-to="PutSummaryFile" execute-steps-when="!props['stopProcess']">
            <cc:steps>
                <cc:eval id="Eval">
                    <cc:expression>props['p.user'] = parts[0].xpath('wd:Workday_Account_Reference/wd:ID[@wd:type=&quot;WID&quot;]');&#xD;
props['p.wdUserName'] = parts[0].xpath('wd:Workday_Account_Reference/wd:ID[@wd:type=&quot;WorkdayUserName&quot;]');&#xD;
</cc:expression>
                </cc:eval>
                <cc:store id="Store" output="variable" output-mimetype="application/vnd.ms-excel" output-variable="PayrollAccrualExcelFile" input="variable" input-variable="PayrollAccrualExcel" expiresIn="P@{props['p.documentRetentionPeriod']}D" title="@{props['p.accrualExcelFN']}"/>
            </cc:steps>
            <cc:send-error id="SendError" routes-to="CallWriteError51"/>
        </cc:async-mediation>
        <cc:splitter id="Splitter" split-until="props['stopProcess']">
            <cc:sub-route name="SubRoute" routes-to="StoretheReports"/>
            <cc:xml-stream-splitter xpath="/env:Envelope/env:Body/wd:Get_Assign_User-Based_Security_Group_Response/wd:Response_Data/wd:Assign_User-Based_Security_Group/wd:Assign_User-Based_Security_Group_Data/wd:Workday_Account_Reference"/>
        </cc:splitter>
        <cc:local-out id="PagedGet" routes-response-to="Splitter" endpoint="vm://wcc/PagedGet">
            <cc:set name="is.paged.get.request.current.page.xpath" value="'/env:Envelope/env:Body/*/wd:Response_Filter/wd:Page'"/>
            <cc:set name="is.paged.get.response.current.page.xpath" value="'/env:Envelope/env:Body/*/wd:Response_Results/wd:Page'"/>
            <cc:set name="is.paged.get.response.total.pages.xpath" value="'/env:Envelope/env:Body/*/wd:Response_Results/wd:Total_Pages'"/>
            <cc:set name="is.paged.get.response.total.results.xpath" value="'/env:Envelope/env:Body/*/wd:Response_Results/wd:Total_Results'"/>
            <cc:set name="is.paged.get.application" value="'Human_Resources'"/>
            <cc:set name="is.paged.get.version" value="props['p.wsVersion']"/>
            <cc:set name="is.paged.get.page.zero" value="false"/>
            <cc:set name="is.paged.get.store.requests" value="true"/>
        </cc:local-out>
        <cc:async-mediation id="AsyncMediation" routes-to="PagedGet">
            <cc:steps>
                <cc:write id="Write">
                    <cc:message>
                        <cc:text>&lt;?xml version=&quot;1.0&quot; encoding=&quot;UTF-8&quot;?>&#xD;
&lt;env:Envelope&#xD;
    xmlns:env=&quot;http://schemas.xmlsoap.org/soap/envelope/&quot;&#xD;
    xmlns:xsd=&quot;http://www.w3.org/2001/XMLSchema&quot;>&#xD;
    &lt;env:Body>&#xD;
        &lt;wd:Get_Assign_User-Based_Security_Group_Request&#xD;
            xmlns:wd=&quot;urn:com.workday/bsvc&quot;&#xD;
            wd:version=&quot;v32.1&quot;>&#xD;
            &lt;wd:Request_Criteria>&#xD;
            &lt;!--Optional:-->&#xD;
            &lt;wd:Name>@{props['p.userGroup']}&lt;/wd:Name>&#xD;
         &lt;/wd:Request_Criteria>&#xD;
            &lt;wd:Response_Filter>&#xD;
                &lt;wd:Page>1&lt;/wd:Page>&#xD;
                &lt;wd:Count>100&lt;/wd:Count>&#xD;
            &lt;/wd:Response_Filter>&#xD;
            &lt;wd:Response_Group>&#xD;
                &lt;wd:Include_Reference>true&lt;/wd:Include_Reference>&#xD;
            &lt;/wd:Response_Group>&#xD;
        &lt;/wd:Get_Assign_User-Based_Security_Group_Request>&#xD;
    &lt;/env:Body>&#xD;
&lt;/env:Envelope></cc:text>
                    </cc:message>
                </cc:write>
            </cc:steps>
            <cc:send-error id="SendError" routes-to="CallWriteError5"/>
        </cc:async-mediation>
        <cc:local-in id="PublishReportToUsers" routes-to="AsyncMediation"/>
        <cc:local-out id="WriteErrorToEvent" endpoint="vm://wcc/PutIntegrationMessage">
            <cc:set name="is.message.severity" value="props['Severity']"/>
            <cc:set name="is.message.summary" value="'Error in '+props['SubRoutineName'] +', Message: ' + props['ErrorMessage']"/>
            <cc:set name="is.message.storage.enabled" value="false"/>
        </cc:local-out>
        <cc:async-mediation id="AbortProcess211" routes-to="WriteErrorToEvent">
            <cc:steps>
                <cc:eval id="Eval">
                    <cc:expression>props['stopProcess'] = true;</cc:expression>
                </cc:eval>
            </cc:steps>
        </cc:async-mediation>
        <cc:local-in id="WriteError" routes-to="AbortProcess211">
            <cc:parameter name="ErrorMessage" type="string"/>
            <cc:parameter name="SubRoutineName" type="string"/>
            <cc:parameter default="'ERROR'" name="Severity" type="string"/>
        </cc:local-in>
        <cc:local-out id="CallWriteError1" store-message="none" endpoint="vm://INT0015_Cap_Mkts_CODA_Accrual_Outbound/WriteError">
            <cc:set name="ErrorMessage" value="'Encountered an error intializing integration ' +context.errorMessage"/>
            <cc:set name="SubRoutineName" value="'StartHere'"/>
        <cc:set name="Severity" value="'ERROR'"/></cc:local-out>
        <cc:local-out id="CallWriteError2" store-message="none" routes-response-to="CallCreateEmptyFile0" endpoint="vm://INT0015_Cap_Mkts_CODA_Accrual_Outbound/WriteError">
            <cc:set name="ErrorMessage" value="'Error Calling the RAAS Report, check the logs.' +context.errorMessage"/>
            <cc:set name="SubRoutineName" value="'ReadReportData'"/>
            <cc:set name="Severity" value="'WARNING'"/>
        </cc:local-out>
        <cc:local-out id="CallWriteError20" store-message="none" execute-when="context.errorCode != 100" endpoint="vm://INT0015_Cap_Mkts_CODA_Accrual_Outbound/WriteError">
            <cc:set name="ErrorMessage" value="'Error Reading report data. Exiting the integration.' +context.errorMessage"/>
            <cc:set name="SubRoutineName" value="'ReadReportData'"/>
            <cc:set name="Severity" value="'ERROR'"/>
        </cc:local-out>
        <cc:local-out id="CallWriteError3" store-message="none" endpoint="vm://INT0015_Cap_Mkts_CODA_Accrual_Outbound/WriteError">
            <cc:set name="ErrorMessage" value="'There was an error transforming data for Accrual File. See details.' +context.errorMessage"/>
            <cc:set name="SubRoutineName" value="'CreateAccrualFile'"/>
            <cc:set name="Severity" value="'ERROR'"/>
        </cc:local-out>
        <cc:local-out id="CallWriteError30" store-message="none" endpoint="vm://INT0015_Cap_Mkts_CODA_Accrual_Outbound/WriteError">
            <cc:set name="ErrorMessage" value="'There was an error storing the Accrual File. See details.' +context.errorMessage"/>
            <cc:set name="SubRoutineName" value="'CreateAccrualFile'"/>
            <cc:set name="Severity" value="'ERROR'"/>
        </cc:local-out>
        <cc:local-out id="CallWriteError4" store-message="none" endpoint="vm://INT0015_Cap_Mkts_CODA_Accrual_Outbound/WriteError">
            <cc:set name="ErrorMessage" value="'There was an error transforming data for Accrual Companion (Excel) File. See details.' +context.errorMessage"/>
            <cc:set name="SubRoutineName" value="'CreateAccrualExcelFile'"/>
            <cc:set name="Severity" value="'ERROR'"/>
        </cc:local-out>
        <cc:local-out id="CallWriteError5" store-message="none" endpoint="vm://INT0015_Cap_Mkts_CODA_Accrual_Outbound/WriteError">
            <cc:set name="ErrorMessage" value="'Error Calling the webservice to get users to publish reports to W: Drive (My Reports). Please check the logs' +context.errorMessage"/>
            <cc:set name="SubRoutineName" value="'PublishReportToUsers'"/>
            <cc:set name="Severity" value="'ERROR'"/>
        </cc:local-out>
        <cc:local-out id="CallWriteError51" store-message="none" endpoint="vm://INT0015_Cap_Mkts_CODA_Accrual_Outbound/WriteError">
            <cc:set name="ErrorMessage" value="'Error was thrown when storing files to the MyReports for users.' +context.errorMessage"/>
            <cc:set name="SubRoutineName" value="'PublishReportToUsers'"/>
            <cc:set name="Severity" value="'WARNING'"/>
        </cc:local-out>
        <cc:local-in id="CreateEmptyFile" routes-to="AsyncMediation0"/>
        <cc:async-mediation id="AsyncMediation0" routes-to="StoreFile10">
            <cc:steps>
                <cc:eval id="Eval">
                    <cc:expression>props['p.today']= util.currentDateAsString().substring(0, 10);&#xD;
props['p.today'] = props['p.today'].toString().replace('-','');</cc:expression>
                    <cc:expression>props['stopProcess'] = true;</cc:expression>
                </cc:eval>
                <cc:write id="Write" output="message" output-mimetype="text/plain">
                    <cc:message>
                        <cc:text>H|FileType|Accrual&#xD;
H|FileDate|@{props['p.today']}&#xD;
H|PayEndDate|@{props['p.formatted.payPeriodEndDate']}&#xD;
H|Series|@{props['p.series']}&#xD;
H|FileStatus|Empty&#xD;
H|FileStatusReason|No Data to Report&#xD;
</cc:text>
                    </cc:message>
                </cc:write>
            </cc:steps>
            <cc:send-error id="SendError" routes-to="CallWriteError300"/>
        </cc:async-mediation>
        <cc:local-out id="CallWriteError300" store-message="none" endpoint="vm://INT0015_Cap_Mkts_CODA_Accrual_Outbound/WriteError">
            <cc:set name="ErrorMessage" value="'There was an error when creating Empty Accrual Files. See details.' +context.errorMessage"/>
            <cc:set name="SubRoutineName" value="'CreateEmptyFile'"/>
            <cc:set name="Severity" value="'ERROR'"/>
        </cc:local-out>
        <cc:async-mediation id="StoreFile10" routes-to="PutIntegrationMessage20">
            <cc:steps>
                <cc:store id="Store" output="variable" output-mimetype="text/plain" output-variable="PayrollAccrualFile" input="message" expiresIn="P@{props['p.documentRetentionPeriod']}D" title="@{props['p.accrualFN']}"/>
            </cc:steps>
            <cc:send-error id="SendError0" routes-to="CallWriteError300"/>
        </cc:async-mediation>
        <cc:local-out id="PutIntegrationMessage20" endpoint="vm://wcc/PutIntegrationMessage">
            <cc:set name="is.message.severity" value="'WARNING'"/>
            <cc:set name="is.message.summary" value="'No Accrual Data found, empty file generated!'"/>
            <cc:set name="is.document.variable.name" value="'PayrollAccrualFile'"/>
            <cc:set name="is.document.deliverable" value="'true'"/>
            <cc:set name="is.message.storage.enabled" value="false"/>
        </cc:local-out>
        <cc:local-out id="CallCreateEmptyFile" store-message="none" execute-when="context.errorCode == 100" routes-response-to="CallWriteError20" endpoint="vm://INT0015_Cap_Mkts_CODA_Accrual_Outbound/CreateEmptyFile"/>
        <cc:local-out id="CallCreateEmptyFile0" store-message="none" endpoint="vm://INT0015_Cap_Mkts_CODA_Accrual_Outbound/CreateEmptyFile"/>
	</cc:assembly>

</beans>