<?xml version="1.0" encoding="UTF-8"?>
<beans
     xmlns="http://www.springframework.org/schema/beans"
     xmlns:beans="http://www.springframework.org/schema/beans"
     xmlns:atom="http://www.w3.org/2005/Atom"
     xmlns:cc="http://www.capeclear.com/assembly/10"
     xmlns:cloud="urn:com.workday/esb/cloud/10.0"
     xmlns:env="http://schemas.xmlsoap.org/soap/envelope/"
     xmlns:pi="urn:com.workday/picof"
     xmlns:wd="urn:com.workday/bsvc"
     xmlns:xsi="http://www.w3.org/2001/XMLSchema-instance">
 
	<cc:assembly id="WorkdayAssembly" version="2019.35">
        <cc:workday-in id="StartHere" routes-to="Call-Init">
            <cc:integration-system name="INT0003 Locations Inbound">
        <cloud:param name="Validation Mode">
          <cloud:type>
            <cloud:simple-type>boolean</cloud:simple-type>
          </cloud:type>
          <cloud:default>
            <cloud:boolean>true</cloud:boolean>
          </cloud:default>
        </cloud:param>
        <cloud:param name="Current Date">
          <cloud:type>
            <cloud:simple-type>date</cloud:simple-type>
          </cloud:type>
          <cloud:default>
            <cloud:class-report-field description="Current Moment (DateTime)" type="WID">df4effe76deb4222a79001d6737cf91c</cloud:class-report-field>
          </cloud:default>
        </cloud:param>
        <cloud:attribute-map-service name="INT0003-Generic">
          <cloud:attribute name="Document Retention">
            <cloud:type>
              <cloud:simple-type>number</cloud:simple-type>
            </cloud:type>
          </cloud:attribute>
          <cloud:attribute name="WWS API Version">
            <cloud:type>
              <cloud:class-report-field description="Web Service API Version" type="WID" singular="true">643097491d2410000a9da38c99860026</cloud:class-report-field>
            </cloud:type>
          </cloud:attribute>
          <cloud:attribute name="Location Usage">
            <cloud:type>
              <cloud:class-report-field description="Location Usage" type="WID" singular="false">7009a294f0e14c49a3d081fd58aa626b</cloud:class-report-field>
            </cloud:type>
          </cloud:attribute>
          <cloud:attribute name="Location Type">
            <cloud:type>
              <cloud:class-report-field description="Location Type" type="WID" singular="false">c998fc2bcc831000127695c00a76002e</cloud:class-report-field>
            </cloud:type>
          </cloud:attribute>
          <cloud:attribute name="Public Flag">
            <cloud:type>
              <cloud:simple-type>text</cloud:simple-type>
            </cloud:type>
          </cloud:attribute>
          <cloud:attribute name="Primary">
            <cloud:type>
              <cloud:simple-type>boolean</cloud:simple-type>
            </cloud:type>
          </cloud:attribute>
          <cloud:attribute name="Communication Usage">
            <cloud:type>
              <cloud:simple-type>text</cloud:simple-type>
            </cloud:type>
          </cloud:attribute>
        </cloud:attribute-map-service>
        <cloud:retrieval-service name="INT0003-Retrieval"/>
        <cloud:report-service name="Location Details">
          <cloud:report-alias description="INT0003_Location_Data_Test" name="Location_Rpt">
            <cloud:report-reference description="INT0003_Locations_Inbound" type="WID">f0ac1c4cea9f0107a53598b9782a0973</cloud:report-reference>
          </cloud:report-alias>
        </cloud:report-service>
      </cc:integration-system>
        </cc:workday-in>
        <cc:local-out id="PutIntegrationMessage0" endpoint="vm://wcc/PutIntegrationMessage">
            <cc:set name="is.message.severity" value="'ERROR'"/>
            <cc:set name="is.message.summary" value="'Error initializing integration.'"/>
            <cc:set name="is.message.detail" value="context.errorMessage"/>
            <cc:set name="is.message.storage.enabled" value="false"/>
            <cc:set name="critical.error.occurred" value="true"/>
        </cc:local-out>
        <cc:async-mediation id="InitMediation">
            <cc:steps>
                <cc:eval id="LP"><cc:expression>props['validation.mode.lp'] = (Boolean)lp.getSimpleData('Validation Mode')</cc:expression>
                    <cc:expression>props['As.of.Datetime'] = lp.getDate('Current Date')</cc:expression>
                    <cc:expression>props['As.of.date'] = props['As.of.Datetime'].toString().substring(0, 10)</cc:expression></cc:eval>
                <cc:eval id="Props &amp; Vars"><cc:expression>props['unexpected.errors.occurred'] = false ; props['critical.error.occurred'] = false; props['force.close.agg'] = false;</cc:expression><cc:expression>props['int.sys.name'] = intsys.getName()</cc:expression>
                    <cc:expression>props['error.msg'] = empty;</cc:expression>
                    <cc:expression>props['error.final.collator'] = false; props['Error.Count.Agg'] = 0</cc:expression>
                    <cc:expression>props['success.count']=0;props['fail.count']=0;props['total.count']=0</cc:expression>
                    <cc:expression>props['call.add'] = false;props['call.update'] = false ; props['call.inactive'] = false</cc:expression></cc:eval>
                <cc:eval id="Maps&amp;Lists">
                    <cc:expression>props['existing.loc.id.hashmap'] = new java.util.HashMap()</cc:expression>
                    <cc:expression>props['input.loc.hashmap'] = new java.util.HashMap()</cc:expression>
                    <cc:expression>props['Report.loc.id.hashmap'] = new java.util.HashMap()</cc:expression></cc:eval>
                <cc:eval id="Attr">
                    <cc:expression>props['att.wws.version'] = intsys.getAttribute('WWS API Version')</cc:expression>
                    <cc:expression>props['commn.usage'] = intsys.getAttribute('Communication Usage')</cc:expression>
                    <cc:expression>props['public.flag'] = intsys.getAttribute('Public Flag') ; (Boolean) props['primary.flag'] = intsys.getAttribute('Primary')</cc:expression>
                    <cc:expression>//props['country.code'] = intsys.getAttribute('Country')</cc:expression>
                    <cc:expression>props['location.usage'] = intsys.getAttribute('Location Usage').toUpperCase()</cc:expression>
                    <cc:expression>//props['time.profile.id'] = intsys.getAttribute('Time Profile');props['time.profile.id'] = intsys.getAttributeReferenceData('Time Profile', 'Time_Profile_ID')</cc:expression>
                    <cc:expression>//props['locale.id'] = intsys.getAttribute(&quot;Locale&quot;);&#xD;
//props['substring.locale'] = 'en-US';</cc:expression>
                    <cc:expression>props['location.type'] = intsys.getAttribute('Location Type')</cc:expression>
                    <cc:expression>//props['currency.code'] = intsys.getAttribute('Currency')</cc:expression>
                </cc:eval>
            </cc:steps>
            <cc:send-error id="SendError" routes-to="PutIntegrationMessage0"/>
        </cc:async-mediation>
        <cc:local-in id="Init-In" routes-to="InitMediation"/>
        <cc:local-out id="Call-Init" store-message="none" routes-response-to="CallFileRetrieval" endpoint="vm://INT0003-Locations_Inbound/Init-In"/>
        <cc:local-out id="Call-Get-Locations" store-message="none" routes-response-to="Call-Get-Location-Attr" endpoint="vm://INT0003-Locations_Inbound/Get-Locations"/>
        <cc:local-in id="Get-Locations" routes-to="GetLocations"/>
        <cc:async-mediation id="GetLocations" routes-to="WorkdayOutSoap" handle-downstream-errors="true">
            <cc:steps>
                <cc:write id="Get-location-request">
                    <cc:message>
                        <cc:text>&lt;wd:Get_Locations_Request xmlns:wd=&quot;urn:com.workday/bsvc&quot; wd:version=&quot;@{props['att.wws.version']}&quot;>&#xD;
    &lt;wd:Request_Criteria>&#xD;
&#xD;
        &lt;wd:Location_Usage_Reference>&#xD;
            &lt;wd:ID wd:type=&quot;Location_Usage_ID&quot;>@{props['location.usage']}&lt;/wd:ID>&#xD;
        &lt;/wd:Location_Usage_Reference>&#xD;
        &lt;wd:Location_Type_Reference>&#xD;
            &lt;wd:ID wd:type=&quot;Location_Type_ID&quot;>@{props['location.type']}&lt;/wd:ID>&#xD;
        &lt;/wd:Location_Type_Reference>&#xD;
        &lt;wd:Exclude_Inactive_Locations>false&lt;/wd:Exclude_Inactive_Locations>&#xD;
        &#xD;
    &lt;/wd:Request_Criteria>&#xD;
    &lt;wd:Response_Filter>&#xD;
        &lt;wd:As_Of_Effective_Date>@{props['As.of.date']}&lt;/wd:As_Of_Effective_Date>&#xD;
        &lt;wd:As_Of_Entry_DateTime>@{props['As.of.Datetime']}&lt;/wd:As_Of_Entry_DateTime>&#xD;
        &lt;wd:Page>1&lt;/wd:Page>&#xD;
        &lt;wd:Count>999&lt;/wd:Count>&#xD;
    &lt;/wd:Response_Filter>&#xD;
    &lt;wd:Response_Group>&#xD;
        &lt;wd:Include_Reference>true&lt;/wd:Include_Reference>&#xD;
        &lt;wd:Include_Location_Data>true&lt;/wd:Include_Location_Data>&#xD;
    &lt;/wd:Response_Group>&#xD;
&lt;/wd:Get_Locations_Request></cc:text>
                    </cc:message>
                </cc:write>
                <cc:wrap-soap id="WrapSoap"/>
            </cc:steps>
            <cc:send-error id="SendError" routes-to="PutIntegrationMessage1"/>
        </cc:async-mediation>
        <cc:workday-out-soap id="WorkdayOutSoap" routes-response-to="Splitter" application="Human_Resources" version="@{props['att.wws.version']}"/>
        <cc:async-mediation id="PopulateHashMap">
            <cc:steps>
                <cc:eval id="Extractfromxml">
                    <cc:expression>props['location.id'] = parts[0].xstream(&quot;/wd:Location/wd:Location_Reference/wd:ID[@wd:type='Location_ID']&quot;)</cc:expression>
                    <cc:expression>props['location.wid'] = parts[0].xstream(&quot;/wd:Location/wd:Location_Reference/wd:ID[@wd:type='WID']&quot;)</cc:expression>
                    <cc:expression>props['location.name'] = parts[0].xstream(&quot;/wd:Location/wd:Location_Data/wd:Location_Name&quot;)</cc:expression>
                    <cc:expression>props['Inactive.flag'] = parts[0].xstream(&quot;/wd:Location/wd:Location_Data/wd:Inactive&quot;)</cc:expression>
                    <cc:expression>props['existing.key'] = props['location.id']</cc:expression>
                </cc:eval>
                <cc:write id="Write">
                    <cc:message>
                        <cc:text>&lt;Org>&#xD;
	&lt;Name>@{props['location.name']}&lt;/Name>&#xD;
	&lt;Code>@{props['location.id'] }&lt;/Code>&#xD;
	&lt;Wid>@{props['location.wid'] }&lt;/Wid>&#xD;
	&lt;Inactive>@{props['Inactive.flag'] }&lt;/Inactive>&#xD;
&lt;/Org></cc:text>
                    </cc:message>
                </cc:write>
                <cc:eval id="PutinMap">
                    <cc:expression>props['existing.loc.id.hashmap'].put(props['existing.key'],parts[0].text)</cc:expression>
                </cc:eval>
            </cc:steps>
        </cc:async-mediation>
        <cc:splitter id="Splitter">
            <cc:sub-route name="SubRoute" routes-to="PopulateHashMap"/>
            <cc:xml-stream-splitter xpath="env:Envelope/env:Body/wd:Get_Locations_Response/wd:Response_Data/wd:Location"/>
        </cc:splitter>
        <cc:local-in id="FileRetrieval" routes-to="HandleGetDocError"/>
        <cc:local-out id="CallFileRetrieval" store-message="none" routes-response-to="Call-Get-Locations" endpoint="vm://INT0003-Locations_Inbound/FileRetrieval"/>
        <cc:sync-mediation id="HandleGetDocError" routes-to="Writefile" handle-downstream-errors="true">
            <cc:request-steps>
            </cc:request-steps>
            <cc:response-steps>
                <cc:validate-exp id="ValidateExp">
                    <cc:expression failure-message="No file was retrieved">da.size() > 0</cc:expression>
                </cc:validate-exp>
                <cc:eval id="Eval">
                    <cc:expression>props['file.count'] = da.size()</cc:expression>
                </cc:eval>
            </cc:response-steps>
            <cc:send-error id="SendError" rethrow-error="true" routes-to="PutIntegrationMessage"/>
        </cc:sync-mediation>
        <cc:local-out id="Call-Process-inputfile" store-message="none" endpoint="vm://INT0003-Locations_Inbound/Process-Input-file"/>
        <cc:local-in id="Process-Input-file" routes-to="ReadInputfile"/>
        <cc:async-mediation id="Writefile">
            <cc:steps>
                <cc:eval id="Eval">
                    <cc:expression>da.size() > 0 ? da.toVar(0, 'input.file') :</cc:expression>
                </cc:eval>
            </cc:steps>
        </cc:async-mediation>
        <cc:async-mediation id="ReadInputfile" routes-to="CheckDataExistsinInputFile" handle-downstream-errors="true">
            <cc:steps>
                <cc:copy id="Copy" input="variable" input-variable="input.file"/>
                <cc:csv-to-xml id="CsvToXml" format="rfc4180" rootName="Inputfile" rowName="location" separator="|" useFirstLineAsHeader="true"/>
                <cc:xslt-plus id="XsltPlus" url="removetrailer.xsl"/>
            </cc:steps>
            <cc:send-error id="SendError" routes-to="PutIntegrationMessage7"/>
        </cc:async-mediation>
        <cc:splitter id="Split-Input-file">
            <cc:sub-route name="SubRoute" routes-to="Input-file-to-map"/>
            <cc:xml-stream-splitter xpath="/Inputfile/location"/>
        </cc:splitter>
        <cc:async-mediation id="Input-file-to-map" routes-to="Route">
            <cc:steps>
                <cc:eval id="Extractxpath">
                    <cc:expression>(Boolean)props['input.loc.inactive.flg']</cc:expression>
                    <cc:expression>props['total.count'] = props['total.count'] + 1</cc:expression>
                    <cc:expression>props['input.file.key'] = parts[0].xpath(&quot;/location/Location-Code&quot;);props['Record.Ind']=parts[0].xpath(&quot;/location/Record-Indicator&quot;);props['Trans.Ind']=parts[0].xpath(&quot;/location/Transaction-Indicator&quot;);</cc:expression>
                    <cc:expression>props['input.loc.id'] = parts[0].xpath(&quot;/location/Location-Code&quot;)</cc:expression>
                    <cc:expression>props['input.loc.active.flg'] = parts[0].xpath(&quot;/location/Active&quot;);if(props['input.loc.active.flg'] == 'Y') {props['input.loc.inactive.flg'] = false;} else {props['input.loc.inactive.flg'] = true;}</cc:expression>
                    <cc:expression>props['input.loc.name'] = parts[0].xpath(&quot;/location/Location-Name&quot;)</cc:expression>
                    <cc:expression>props['loc.effdt'] = parts[0].xpath(&quot;/location/ChangeDate&quot;);</cc:expression>
                    <cc:expression>props['loc.addr1'] = parts[0].xpath(&quot;/location/Address-Line1&quot;);props['loc.addr2'] = parts[0].xpath(&quot;/location/Address-Line2&quot;);props['loc.addr3'] = parts[0].xpath(&quot;/location/Address-Line3&quot;)</cc:expression>
                    <cc:expression>props['loc.city'] = parts[0].xpath(&quot;/location/City&quot;);props['loc.state'] = parts[0].xpath(&quot;/location/State&quot;);props['loc.postal'] = parts[0].xpath(&quot;/location/Postal&quot;)</cc:expression>
                    <cc:expression>props['Inactive.date'] = parts[0].xpath(&quot;/location/InactiveDate&quot;);props['Time.Zone'] =parts[0].xpath(&quot;/location/TimeZone&quot;)</cc:expression>
                    <cc:expression>props['Time.Zone'] = props['Time.Zone'];</cc:expression>
                    <cc:expression>props['sup.loc.code'] = parts[0].xpath(&quot;/location/Superior-Location-Code&quot;)</cc:expression>
                    <cc:expression>if(props['sup.loc.code'] != null) {props['sup.loc.code'] = props['sup.loc.code'] + '_REG'}</cc:expression>
                    <cc:expression>//props['region.code'] = props['country.code'] + '-' + props['loc.state']</cc:expression>
                    <cc:expression>props['time.profile.id'] = parts[0].xpath('/location/Time-Profile-ID');&#xD;
props['locale.id'] = parts[0].xpath('/location/Locale-ID');&#xD;
props['currency.code'] = parts[0].xpath('/location/Country-Currency-ID');&#xD;
props['country'] = parts[0].xpath('/location/Country');&#xD;
props['region.code'] = parts[0].xpath('/location/Country-Region-ID');</cc:expression>
                </cc:eval>
                <cc:write id="Write">
                    <cc:message>
                        <cc:text>&lt;location>&#xD;
	&lt;Code>@{props['input.loc.id']}&lt;/Code>&#xD;
	&lt;Name>@{props['input.loc.name']}&lt;/Name>&#xD;
	 &lt;Inactive>@{props['input.loc.active.flg']}&lt;/Inactive>&#xD;
&lt;/location></cc:text>
                    </cc:message>
                </cc:write>
                <cc:eval id="CheckinMap">
                    <cc:expression>props['call.add'] = false;props['call.update'] = false ; props['call.inactive'] = false</cc:expression>
                    <cc:expression>vars['existing.loc.data'] = empty;vars['existing.loc.data'] = props['existing.loc.id.hashmap'].get(props['input.loc.id'])</cc:expression>
                    <cc:expression>if(vars['existing.loc.data'] != null &amp;&amp; !props['input.loc.inactive.flg']){ props['call.update'] =  true ;} else if (vars['existing.loc.data'] == null &amp;&amp; !props['input.loc.inactive.flg']){ props['call.add'] =  true ;} else { props['call.inactive'] =  true ;}</cc:expression>
                </cc:eval>
            </cc:steps>
            <cc:send-error id="SendError" routes-to="PutIntegrationMessage3"/>
        </cc:async-mediation>
        <cc:local-out id="Call-Update-Location" store-message="none" endpoint="vm://INT0003-Locations_Inbound/UpdateLocation"/>
        <cc:local-out id="Call-Add-Location" store-message="none" endpoint="vm://INT0003-Locations_Inbound/AddLocation"/>
        <cc:local-in id="UpdateLocation" routes-to="Preparerequest"/>
        <cc:local-in id="AddLocation" routes-to="AsyncMediation"/>
        <cc:async-mediation id="Preparerequest" routes-to="ValidationOn" handle-downstream-errors="true">
            <cc:steps>
                <cc:eval id="Eval"><cc:expression>vars['plocationreportdata'] = props['Report.loc.id.hashmap'].get(props['input.loc.id'])</cc:expression>
                    <cc:expression>if(vars['plocationreportdata'] != null){&#xD;
	props['Worksite.id.new'] = vars['plocationreportdata'].xpath('wd:Report_Entry/wd:Worksite_ID_Code');&#xD;
	props['Trade_Name.new'] = vars['plocationreportdata'].xpath('wd:Report_Entry/wd:Trade_Name');&#xD;
	props['Attribute1'] = vars['plocationreportdata'].xpath('wd:Report_Entry/wd:Location_Attributes[1]/wd:ID[@wd:type=&quot;Location_Attribute_Name_ID&quot;]');&#xD;
	props['Attribute2'] = vars['plocationreportdata'].xpath('wd:Report_Entry/wd:Location_Attributes[2]/wd:ID[@wd:type=&quot;Location_Attribute_Name_ID&quot;]');&#xD;
	props['Attribute3'] = vars['plocationreportdata'].xpath('wd:Report_Entry/wd:Location_Attributes[3]/wd:ID[@wd:type=&quot;Location_Attribute_Name_ID&quot;]');&#xD;
	props['Attribute4'] = vars['plocationreportdata'].xpath('wd:Report_Entry/wd:Location_Attributes[4]/wd:ID[@wd:type=&quot;Location_Attribute_Name_ID&quot;]');&#xD;
}</cc:expression>
                    <cc:expression>//props['Locale'] = vars['plocationreportdata'].xpath('wd:Report_Entry/wd:Locale/wd:ID[@wd:type=&quot;Locale_ID&quot;]')</cc:expression>
                </cc:eval>
                <cc:validate-exp id="ValidateExp">
                    <cc:expression failure-message="Cannot find existing location with reference ID @{props['input.loc.id']}">vars['plocationreportdata'] != null</cc:expression>
                </cc:validate-exp>
                <cc:write id="Preparexml">
                    <cc:message>
                        <cc:text>&lt;wd:Put_Location_Request xmlns:wd=&quot;urn:com.workday/bsvc&quot; wd:Add_Only=&quot;false&quot; wd:version=&quot;@{props['att.wws.version']}&quot;>&#xD;
	&lt;wd:Location_Reference>&#xD;
		&lt;wd:ID wd:type=&quot;Location_ID&quot;>@{props['input.loc.id']}&lt;/wd:ID>&#xD;
	&lt;/wd:Location_Reference>&#xD;
	&lt;wd:Location_Data>&#xD;
		&lt;wd:Location_ID>@{props['input.loc.id']}&lt;/wd:Location_ID>&#xD;
		&lt;wd:Effective_Date>@{props['loc.effdt']}&lt;/wd:Effective_Date>&#xD;
		&lt;wd:Location_Name>@{props['input.loc.name']}&lt;/wd:Location_Name>&#xD;
		&lt;wd:Location_Usage_Reference>&#xD;
			&lt;wd:ID wd:type=&quot;Location_Usage_ID&quot;>@{props['location.usage']}&lt;/wd:ID>&#xD;
		&lt;/wd:Location_Usage_Reference>&#xD;
		&lt;wd:Location_Type_Reference>&#xD;
			&lt;wd:ID wd:type=&quot;Location_Type_ID&quot;>@{props['location.type']}&lt;/wd:ID>&#xD;
		&lt;/wd:Location_Type_Reference>&#xD;
		@if{props['Attribute1'] !=''}&lt;wd:Location_Attribute_Reference>&#xD;
			&lt;wd:ID wd:type=&quot;Location_Attribute_Name_ID&quot;>@{props['Attribute1']}&lt;/wd:ID>&#xD;
		&lt;/wd:Location_Attribute_Reference>@end{}&#xD;
		@if{props['Attribute2'] !=''}&lt;wd:Location_Attribute_Reference>&#xD;
			&lt;wd:ID wd:type=&quot;Location_Attribute_Name_ID&quot;>@{props['Attribute2']}&lt;/wd:ID>&#xD;
		&lt;/wd:Location_Attribute_Reference>@end{}&#xD;
		@if{props['Attribute3'] !=''}&lt;wd:Location_Attribute_Reference>&#xD;
			&lt;wd:ID wd:type=&quot;Location_Attribute_Name_ID&quot;>@{props['Attribute3']}&lt;/wd:ID>&#xD;
		&lt;/wd:Location_Attribute_Reference>@end{}&#xD;
		@if{props['Attribute4'] !=''}&lt;wd:Location_Attribute_Reference>&#xD;
			&lt;wd:ID wd:type=&quot;Location_Attribute_Name_ID&quot;>@{props['Attribute4']}&lt;/wd:ID>&#xD;
		&lt;/wd:Location_Attribute_Reference>@end{}&#xD;
		&lt;wd:Inactive>@{props['input.loc.inactive.flg']}&lt;/wd:Inactive>&#xD;
		&lt;wd:Time_Profile_Reference>&#xD;
			&lt;wd:ID wd:type=&quot;Time_Profile_ID&quot;>@{props['time.profile.id']}&lt;/wd:ID>&#xD;
		&lt;/wd:Time_Profile_Reference>&#xD;
		&lt;wd:Time_Zone_Reference>&#xD;
			&lt;wd:ID wd:type=&quot;Time_Zone_ID&quot;>@{props['Time.Zone']}&lt;/wd:ID>&#xD;
		&lt;/wd:Time_Zone_Reference>&#xD;
		&lt;wd:Default_Currency_Reference>&#xD;
			&lt;wd:ID wd:type=&quot;Currency_ID&quot;>@{props['currency.code']}&lt;/wd:ID>&#xD;
		&lt;/wd:Default_Currency_Reference>&#xD;
		&lt;wd:Trade_Name>@{props['Trade_Name.new']}&lt;/wd:Trade_Name>&#xD;
		&lt;wd:Worksite_ID_Code>@{props['Worksite.id.new']}&lt;/wd:Worksite_ID_Code>&#xD;
		&lt;wd:Locale_Reference>&#xD;
			&lt;wd:ID wd:type=&quot;Locale_ID&quot;>@{props['locale.id']}&lt;/wd:ID>&#xD;
		&lt;/wd:Locale_Reference>&#xD;
		&lt;wd:Contact_Data>&#xD;
			&lt;wd:Address_Data wd:Do_Not_Replace_All=&quot;true&quot; wd:Effective_Date=&quot;@{props['loc.effdt']}&quot;>&#xD;
				&lt;wd:Country_Reference>&#xD;
					&lt;wd:ID wd:type=&quot;ISO_3166-1_Alpha-3_Code&quot;>@{props['country']}&lt;/wd:ID>&#xD;
				&lt;/wd:Country_Reference>&#xD;
				&lt;wd:Address_Line_Data wd:Type=&quot;ADDRESS_LINE_1&quot;>@{props['loc.addr1']}&lt;/wd:Address_Line_Data>&#xD;
				&lt;wd:Address_Line_Data wd:Type=&quot;ADDRESS_LINE_2&quot;>@{props['loc.addr2']}&lt;/wd:Address_Line_Data>&#xD;
				&lt;wd:Municipality>@{props['loc.city']}&lt;/wd:Municipality>&#xD;
				&lt;wd:Country_Region_Reference>&#xD;
					&lt;wd:ID wd:type=&quot;Country_Region_ID&quot;>@{props['region.code']}&lt;/wd:ID>&#xD;
				&lt;/wd:Country_Region_Reference>&#xD;
				&lt;wd:Postal_Code>@{props['loc.postal']}&lt;/wd:Postal_Code>&#xD;
				&lt;wd:Usage_Data wd:Public=&quot;true&quot;>&#xD;
					&lt;wd:Type_Data wd:Primary=&quot;true&quot;>&#xD;
						&lt;wd:Type_Reference>&#xD;
							&lt;wd:ID wd:type=&quot;Communication_Usage_Type_ID&quot;>@{props['commn.usage']}&lt;/wd:ID>&#xD;
						&lt;/wd:Type_Reference>&#xD;
					&lt;/wd:Type_Data>&#xD;
				&lt;/wd:Usage_Data>&#xD;
			&lt;/wd:Address_Data>&#xD;
		&lt;/wd:Contact_Data>&#xD;
		&lt;wd:Location_Hierarchy_Reference>&#xD;
			&lt;wd:ID wd:type=&quot;Organization_Reference_ID&quot;>@{props['sup.loc.code']}&lt;/wd:ID>&#xD;
		&lt;/wd:Location_Hierarchy_Reference>&#xD;
	&lt;/wd:Location_Data>&#xD;
&lt;/wd:Put_Location_Request></cc:text>
                    </cc:message>
                </cc:write>
                <cc:wrap-soap id="WrapSoap"/>
            </cc:steps>
            <cc:send-error id="SendError" routes-to="Call-Update-Loc-Error"/>
        </cc:async-mediation>
        <cc:async-mediation id="AsyncMediation" routes-to="ValidationOnAdd" handle-downstream-errors="true">
            <cc:steps>
                <cc:write id="Preparexml">
                    <cc:message>
                        <cc:text>&lt;wd:Put_Location_Request xmlns:wd=&quot;urn:com.workday/bsvc&quot; wd:Add_Only=&quot;true&quot; wd:version=&quot;v32.2&quot;>&#xD;
	&lt;wd:Location_Data>&#xD;
		&lt;wd:Location_ID>@{props['input.loc.id']}&lt;/wd:Location_ID>&#xD;
		&lt;wd:Location_Name>@{props['input.loc.name']}&lt;/wd:Location_Name>&#xD;
		&lt;wd:Location_Usage_Reference>&#xD;
			&lt;wd:ID wd:type=&quot;Location_Usage_ID&quot;>@{props['location.usage']}&lt;/wd:ID>&#xD;
		&lt;/wd:Location_Usage_Reference>&#xD;
		&lt;wd:Location_Type_Reference>&#xD;
			&lt;wd:ID wd:type=&quot;Location_Type_ID&quot;>@{props['location.type']}&lt;/wd:ID>&#xD;
		&lt;/wd:Location_Type_Reference>&#xD;
		&lt;wd:Inactive>@{props['input.loc.inactive.flg']}&lt;/wd:Inactive>&#xD;
		&lt;wd:Time_Profile_Reference>&#xD;
			&lt;wd:ID wd:type=&quot;Time_Profile_ID&quot;>@{props['time.profile.id']}&lt;/wd:ID>&#xD;
		&lt;/wd:Time_Profile_Reference>&#xD;
		&lt;wd:Time_Zone_Reference>&#xD;
			&lt;wd:ID wd:type=&quot;Time_Zone_ID&quot;>@{props['Time.Zone']}&lt;/wd:ID>&#xD;
		&lt;/wd:Time_Zone_Reference>&#xD;
		&lt;wd:Default_Currency_Reference>&#xD;
			&lt;wd:ID wd:type=&quot;Currency_ID&quot;>@{props['currency.code']}&lt;/wd:ID>&#xD;
		&lt;/wd:Default_Currency_Reference>&#xD;
		&lt;wd:Locale_Reference>&#xD;
			&lt;wd:ID wd:type=&quot;Locale_ID&quot;>@{props['locale.id']}&lt;/wd:ID>&#xD;
		&lt;/wd:Locale_Reference>&#xD;
		&lt;wd:Contact_Data>&#xD;
			&lt;wd:Address_Data>&#xD;
				&lt;wd:Country_Reference>&#xD;
					&lt;wd:ID wd:type=&quot;ISO_3166-1_Alpha-3_Code&quot;>@{props['country']}&lt;/wd:ID>&#xD;
				&lt;/wd:Country_Reference>&#xD;
				&lt;wd:Last_Modified>@{props['As.of.Datetime']}&lt;/wd:Last_Modified>&#xD;
				&lt;wd:Address_Line_Data wd:Type=&quot;ADDRESS_LINE_1&quot;>@{props['loc.addr1']}&lt;/wd:Address_Line_Data>&#xD;
				&lt;wd:Address_Line_Data wd:Type=&quot;ADDRESS_LINE_2&quot;>@{props['loc.addr2']}&lt;/wd:Address_Line_Data>&#xD;
				&lt;wd:Municipality>@{props['loc.city']}&lt;/wd:Municipality>&#xD;
				&lt;wd:Country_Region_Reference>&#xD;
					&lt;wd:ID wd:type=&quot;Country_Region_ID&quot;>@{props['region.code']}&lt;/wd:ID>&#xD;
				&lt;/wd:Country_Region_Reference>&#xD;
				&lt;wd:Postal_Code>@{props['loc.postal']}&lt;/wd:Postal_Code>&#xD;
				&lt;wd:Usage_Data wd:Public=&quot;true&quot;>&#xD;
					&lt;wd:Type_Data wd:Primary=&quot;true&quot;>&#xD;
						&lt;wd:Type_Reference>&#xD;
							&lt;wd:ID wd:type=&quot;Communication_Usage_Type_ID&quot;>@{props['commn.usage']}&lt;/wd:ID>&#xD;
						&lt;/wd:Type_Reference>&#xD;
					&lt;/wd:Type_Data>&#xD;
				&lt;/wd:Usage_Data>&#xD;
			&lt;/wd:Address_Data>&#xD;
		&lt;/wd:Contact_Data>&#xD;
		&lt;wd:Location_Hierarchy_Reference>&#xD;
			&lt;wd:ID wd:type=&quot;Organization_Reference_ID&quot;>@{props['sup.loc.code']}&lt;/wd:ID>&#xD;
		&lt;/wd:Location_Hierarchy_Reference>&#xD;
	&lt;/wd:Location_Data>&#xD;
&lt;/wd:Put_Location_Request></cc:text>
                    </cc:message>
                </cc:write>
                <cc:wrap-soap id="WrapSoap"/>
            </cc:steps>
            <cc:send-error id="SendError" routes-to="Call-Add-Loc-Error"/>
        </cc:async-mediation>
        <cc:workday-out-soap id="UpdateLocationreq" routes-response-to="ValidationOff" application="Human_Resources" version="@{props['att.wws.version']}"/>
        <cc:async-mediation id="Logfromupdates" routes-to="Call-Update-Audit">
            <cc:steps>
                <cc:eval id="Eval">
                    <cc:expression>props['success.count']=props['success.count']+1</cc:expression>
                    <cc:expression>props['row.status'] = 'Success'</cc:expression>
                    <cc:expression>props['Message.detail'] = 'Location Updated Successfully'</cc:expression>
                </cc:eval>
            </cc:steps>
        </cc:async-mediation>
        <cc:workday-out-soap id="Addlocationreq" routes-response-to="ValidationOffAdd" application="Human_Resources" version="@{props['att.wws.version']}"/>
        <cc:async-mediation id="Logfromaddlocation" routes-to="Call-Audit-Log-Add">
            <cc:steps>
                <cc:eval id="Eval">
                    <cc:expression>props['success.count']=props['success.count']+1</cc:expression>
                    <cc:expression>props['row.status'] = 'Success'</cc:expression>
                    <cc:expression>props['Message.detail'] = 'Location Added Successfully'</cc:expression>
                </cc:eval>
            </cc:steps>
        </cc:async-mediation>
        <cc:local-in id="AuditLog" routes-to="Write-Log"/>
        <cc:async-mediation id="Write-Log" routes-to="Aggregator">
            <cc:steps>
                <cc:write id="Write">
                    <cc:message>
                        <cc:text>&lt;AuditEntry>&#xD;
	&lt;TransInd>@{props['Trans.Ind']}&lt;/TransInd>&#xD;
	&lt;Location-ID>@{props['input.loc.id']}&lt;/Location-ID>&#xD;
	&lt;Location-Name>@{props['input.loc.name']}&lt;/Location-Name>&#xD;
	&lt;Effdt>@{props['loc.effdt']}&lt;/Effdt>&#xD;
	&lt;Sup_loc_Code>@{props['sup.loc.code']}&lt;/Sup_loc_Code>&#xD;
	&lt;Activeflag>@{props['input.loc.active.flg']}&lt;/Activeflag>&#xD;
	&lt;addr1>@{props['loc.addr1']}&lt;/addr1>&#xD;
	&lt;addr2>@{props['loc.addr2']}&lt;/addr2>&#xD;
	&lt;city>@{props['loc.city']}&lt;/city>&#xD;
	&lt;state>@{props['loc.state']}&lt;/state>&#xD;
	&lt;postal>@{props['loc.postal']}&lt;/postal>&#xD;
	&lt;Inactive-Date>@{props['Inactive.date']}&lt;/Inactive-Date>&#xD;
	&lt;Time-Zone>@{props['Time.Zone']}&lt;/Time-Zone>&#xD;
	&lt;Time-Profile-ID>@{props['time.profile.id']}&lt;/Time-Profile-ID>&#xD;
	&lt;Locale-ID>@{props['locale.id']}&lt;/Locale-ID>&#xD;
	&lt;Currency>@{props['currency.code']}&lt;/Currency>&#xD;
	&lt;Country>@{props['country']}&lt;/Country>&#xD;
	&lt;Region-ID>@{props['region.code']}&lt;/Region-ID>&#xD;
	&lt;Status>@{props['row.status']}&lt;/Status>&#xD;
	&lt;Message>@{props['Message.detail']}&lt;/Message>&#xD;
&lt;/AuditEntry></cc:text>
                    </cc:message>
                </cc:write>
                <cc:eval id="Eval">
                    <cc:expression>context.setException(null); context.setErrorHandled(true)</cc:expression>
                    <cc:expression>props['Message.detail'] = null</cc:expression>
                </cc:eval>
            </cc:steps>
        </cc:async-mediation>
        <cc:local-out id="Call-Update-Loc-Error" store-message="none" endpoint="vm://INT0003-Locations_Inbound/ErrorHandler"><cc:set name="Updateerrorflag" value="props['row.status'] = 'Fail'"/></cc:local-out>
        <cc:local-out id="Call-Add-Loc-Error" store-message="none" endpoint="vm://INT0003-Locations_Inbound/ErrorHandler"/>
        <cc:aggregator id="Aggregator" routes-to="Write_Audit_File">
            <cc:size-batch-strategy batch-size="-1"/>
            <cc:xml-message-content-collater>
        <cc:header-text>&lt;Audit-File></cc:header-text>
        <cc:footer-text>&lt;/Audit-File></cc:footer-text>
      </cc:xml-message-content-collater>
        </cc:aggregator>
        <cc:async-mediation id="Write_Audit_File" routes-to="PutIntegrationMessage4">
            <cc:steps>
                <cc:xml-to-csv id="XmlToCsv" output="variable" output-variable="audit.csv" format="rfc4180" writeHeaderLine="true"/>
                <cc:text-excel id="TextExcel" output="variable" output-mimetype="application/vnd.openxmlformats-officedocument.spreadsheetml.sheet" output-variable="audit.xls" input="variable" input-variable="audit.csv" style="text2excel"/>
                <cc:store id="Store" output="variable" output-variable="audit.output" input="variable" input-variable="audit.xls" expiresIn="P180D" title="INT0003_Audit_File.xlsx"/>
            </cc:steps>
            <cc:send-error id="SendError" routes-to="PutIntegrationMessage2"/>
        </cc:async-mediation>
        <cc:local-in id="ErrorHandler" routes-to="Error_log"/>
        <cc:async-mediation id="Error_log" routes-to="Call-Audit-Log">
            <cc:steps>
                <cc:eval id="Eval">
                    <cc:expression>props['fail.count'] = props['fail.count'] + 1</cc:expression>
                    <cc:expression>props['row.status'] = 'Fail'</cc:expression>
                    <cc:expression>props['Message.detail'] = context.errorMessage</cc:expression>
                </cc:eval>
            </cc:steps>
        </cc:async-mediation>
        <cc:local-out id="Call-Audit-Log" store-message="none" endpoint="vm://INT0003-Locations_Inbound/AuditLog"/>
        <cc:local-out id="PutIntegrationMessage" endpoint="vm://wcc/PutIntegrationMessage"><cc:set name="is.message.severity" value="'CRITICAL'"/><cc:set name="is.message.summary" value="'Input File not Retrieved'"/><cc:set name="is.message.detail" value="'File Not Available in SFTP Please check SFTP for the valid file'+context.errorMessage"/></cc:local-out>
        <cc:local-out id="PutIntegrationMessage1" endpoint="vm://wcc/PutIntegrationMessage"><cc:set name="is.message.severity" value="'ERROR'"/><cc:set name="is.message.summary" value="'Error during Get Locations webservice call'+context.errorMessage"/></cc:local-out>
        <cc:local-out id="Call-Audit-Log-Add" store-message="none" endpoint="vm://INT0003-Locations_Inbound/AuditLog"/>
        <cc:local-out id="Call-Update-Audit" store-message="none" endpoint="vm://INT0003-Locations_Inbound/AuditLog"/>
        <cc:local-out id="PutIntegrationMessage2" endpoint="vm://wcc/PutIntegrationMessage"><cc:set name="is.message.severity" value="'ERROR'"/><cc:set name="is.message.summary" value="'Error Occured during Audit file Generation'+context.errorMessage"/></cc:local-out>
        <cc:local-out id="PutIntegrationMessage3" endpoint="vm://wcc/PutIntegrationMessage"><cc:set name="is.message.severity" value="'ERROR'"/><cc:set name="is.message.summary" value="'Error during processing input file'+context.errorMessage"/></cc:local-out>
        <cc:async-mediation id="ValidationOn" routes-to="UpdateLocationreq" execute-steps-when="props['validation.mode.lp']" handle-downstream-errors="true">
            <cc:steps>
                <cc:set-headers id="SetHeaders"><cc:remove-headers/><cc:add-headers>
    <cc:add-header name="X-Validate-Only" value="1"/>
</cc:add-headers></cc:set-headers>
            </cc:steps>
        </cc:async-mediation>
        <cc:async-mediation id="ValidationOff" routes-to="Logfromupdates" execute-steps-when="props['validation.mode.lp']">
            <cc:steps>
                <cc:set-headers id="SetHeaders"><cc:remove-headers>
    <cc:remove-header name="X-Validate-Only"/>
</cc:remove-headers><cc:add-headers/></cc:set-headers>
            </cc:steps>
        </cc:async-mediation>
        <cc:async-mediation id="ValidationOnAdd" routes-to="Addlocationreq" execute-steps-when="props['validation.mode.lp']" handle-downstream-errors="true">
            <cc:steps>
                <cc:set-headers id="SetHeaders">
                    <cc:remove-headers/>
                    <cc:add-headers>
                        <cc:add-header name="X-Validate-Only" value="1"/>
                    </cc:add-headers>
                </cc:set-headers>
            </cc:steps>
        </cc:async-mediation>
        <cc:async-mediation id="ValidationOffAdd" routes-to="Logfromaddlocation" execute-steps-when="props['validation.mode.lp']">
            <cc:steps>
                <cc:set-headers id="SetHeaders">
                    <cc:remove-headers>
                        <cc:remove-header name="X-Validate-Only"/>
                    </cc:remove-headers>
                    <cc:add-headers/>
                </cc:set-headers>
            </cc:steps>
        </cc:async-mediation>
        <cc:local-out id="PutIntegrationMessage4" routes-response-to="PutIntegrationMessage5" endpoint="vm://wcc/PutIntegrationMessage"><cc:set name="is.message.severity" value="'INFO'"/><cc:set name="is.message.summary" value="'Total Number of records:'+props['total.count']"/></cc:local-out>
        <cc:local-out id="PutIntegrationMessage5" routes-response-to="PutIntegrationMessage6" endpoint="vm://wcc/PutIntegrationMessage"><cc:set name="is.message.severity" value="'INFO'"/><cc:set name="is.message.summary" value="'Total Number of success records:'+props['success.count']"/></cc:local-out>
        <cc:local-out id="PutIntegrationMessage6" execute-when="props['fail.count'] > 0" endpoint="vm://wcc/PutIntegrationMessage"><cc:set name="is.message.severity" value="'ERROR'"/><cc:set name="is.message.summary" value="'Total Number of failed records:'+props['fail.count']+' Please review Audit File for details'"/></cc:local-out>
        <cc:local-out id="PutIntegrationMessage7" endpoint="vm://wcc/PutIntegrationMessage"><cc:set name="is.message.severity" value="'ERROR'"/><cc:set name="is.message.summary" value="'Error during reading input file'+context.errorMessage"/></cc:local-out>
        <cc:send-error id="global-error-handler" rethrow-error="false" routes-to="Note-Error"/>
        <cc:local-out id="Note-Error" endpoint="vm://wcc/PutIntegrationMessage">
            <cc:set name="is.message.severity" value="'CRITICAL'"/>
            <cc:set name="is.message.summary" value="context.errorMessage"/>
        </cc:local-out>
        <cc:local-out id="Call-Inactivate-Location" store-message="none" endpoint="vm://INT0003-Locations_Inbound/Inactivate-Location"/>
        <cc:async-mediation id="AsyncMediation0">
            <cc:steps/>
        </cc:async-mediation>
        <cc:local-in id="Inactivate-Location" routes-to="Preparerequest0"/>
        <cc:route id="Route">
            <cc:mvel-strategy>
                <cc:choose-route expression="props['Trans.Ind'] == 'U'" route="Update"/>
                <cc:choose-route expression="props['Trans.Ind'] == 'A'" route="Add"/>
                <cc:choose-route expression="props['Trans.Ind'] == 'T'" route="Inactivate"/>
                <cc:choose-route expression="true" route="Donothing"/>
            </cc:mvel-strategy>
            <cc:sub-route name="Update" routes-to="Call-Update-Location"/>
            <cc:sub-route name="Add" routes-to="Call-Add-Location"/>
            <cc:sub-route name="Inactivate" routes-to="Call-Inactivate-Location"/>
            <cc:sub-route name="Donothing" routes-to="AsyncMediation0"/>
        </cc:route>
        <cc:local-out id="Call-Update-Loc-Error0" store-message="none" endpoint="vm://INT0003-Locations_Inbound/ErrorHandler">
            <cc:set name="Updateerrorflag" value="props['row.status'] = 'Fail'"/>
        </cc:local-out>
        <cc:async-mediation id="Preparerequest0" routes-to="ValidationOnAdd0" handle-downstream-errors="true">
            <cc:steps>
                <cc:eval id="Eval">
                    <cc:expression>vars['plocationreportdata'] = props['Report.loc.id.hashmap'].get(props['input.loc.id'])</cc:expression>
                    <cc:expression>if(vars['plocationreportdata'] != null){&#xD;
	props['Worksite.id.new'] = vars['plocationreportdata'].xpath('wd:Report_Entry/wd:Worksite_ID_Code');&#xD;
	props['Trade_Name.new'] = vars['plocationreportdata'].xpath('wd:Report_Entry/wd:Trade_Name');&#xD;
	props['Attribute1'] = vars['plocationreportdata'].xpath('wd:Report_Entry/wd:Location_Attributes[1]/wd:ID[@wd:type=&quot;Location_Attribute_Name_ID&quot;]');&#xD;
	props['Attribute2'] = vars['plocationreportdata'].xpath('wd:Report_Entry/wd:Location_Attributes[2]/wd:ID[@wd:type=&quot;Location_Attribute_Name_ID&quot;]');&#xD;
	props['Attribute3'] = vars['plocationreportdata'].xpath('wd:Report_Entry/wd:Location_Attributes[3]/wd:ID[@wd:type=&quot;Location_Attribute_Name_ID&quot;]');&#xD;
	props['Attribute4'] = vars['plocationreportdata'].xpath('wd:Report_Entry/wd:Location_Attributes[4]/wd:ID[@wd:type=&quot;Location_Attribute_Name_ID&quot;]');&#xD;
}</cc:expression>
                    <cc:expression>//props['Locale'] = vars['plocationreportdata'].xpath('wd:Report_Entry/wd:Locale/wd:ID[@wd:type=&quot;Locale_ID&quot;]')</cc:expression>
                </cc:eval>
                <cc:validate-exp id="ValidateExp">
                    <cc:expression failure-message="Cannot find existing location with reference ID @{props['input.loc.id']}">vars['plocationreportdata'] != null</cc:expression>
                </cc:validate-exp>
                <cc:write id="Preparexml">
                    <cc:message>
                        <cc:text>&lt;wd:Put_Location_Request xmlns:wd=&quot;urn:com.workday/bsvc&quot; wd:Add_Only=&quot;false&quot; wd:version=&quot;@{props['att.wws.version']}&quot;>&#xD;
	&lt;wd:Location_Reference>&#xD;
		&lt;wd:ID wd:type=&quot;Location_ID&quot;>@{props['input.loc.id']}&lt;/wd:ID>&#xD;
	&lt;/wd:Location_Reference>&#xD;
	&lt;wd:Location_Data>&#xD;
		&lt;wd:Location_ID>@{props['input.loc.id']}&lt;/wd:Location_ID>&#xD;
		&lt;wd:Effective_Date>@{props['Inactive.date']}&lt;/wd:Effective_Date>&#xD;
		&lt;wd:Location_Name>@{props['input.loc.name']}&lt;/wd:Location_Name>&#xD;
		&lt;wd:Location_Usage_Reference>&#xD;
			&lt;wd:ID wd:type=&quot;Location_Usage_ID&quot;>@{props['location.usage']}&lt;/wd:ID>&#xD;
		&lt;/wd:Location_Usage_Reference>&#xD;
		&lt;wd:Location_Type_Reference>&#xD;
			&lt;wd:ID wd:type=&quot;Location_Type_ID&quot;>@{props['location.type']}&lt;/wd:ID>&#xD;
		&lt;/wd:Location_Type_Reference>&#xD;
		@if{props['Attribute1'] !=''}&lt;wd:Location_Attribute_Reference>&#xD;
			&lt;wd:ID wd:type=&quot;Location_Attribute_Name_ID&quot;>@{props['Attribute1']}&lt;/wd:ID>&#xD;
		&lt;/wd:Location_Attribute_Reference>@end{}&#xD;
		@if{props['Attribute2'] !=''}&lt;wd:Location_Attribute_Reference>&#xD;
			&lt;wd:ID wd:type=&quot;Location_Attribute_Name_ID&quot;>@{props['Attribute2']}&lt;/wd:ID>&#xD;
		&lt;/wd:Location_Attribute_Reference>@end{}&#xD;
		@if{props['Attribute3'] !=''}&lt;wd:Location_Attribute_Reference>&#xD;
			&lt;wd:ID wd:type=&quot;Location_Attribute_Name_ID&quot;>@{props['Attribute3']}&lt;/wd:ID>&#xD;
		&lt;/wd:Location_Attribute_Reference>@end{}&#xD;
		@if{props['Attribute4'] !=''}&lt;wd:Location_Attribute_Reference>&#xD;
			&lt;wd:ID wd:type=&quot;Location_Attribute_Name_ID&quot;>@{props['Attribute4']}&lt;/wd:ID>&#xD;
		&lt;/wd:Location_Attribute_Reference>@end{}&#xD;
		&lt;wd:Inactive>@{props['input.loc.inactive.flg']}&lt;/wd:Inactive>&#xD;
		&lt;wd:Time_Profile_Reference>&#xD;
			&lt;wd:ID wd:type=&quot;Time_Profile_ID&quot;>@{props['time.profile.id']}&lt;/wd:ID>&#xD;
		&lt;/wd:Time_Profile_Reference>&#xD;
		&lt;wd:Trade_Name>@{props['Trade_Name.new']}&lt;/wd:Trade_Name>&#xD;
		&lt;wd:Worksite_ID_Code>@{props['Worksite.id.new']}&lt;/wd:Worksite_ID_Code>&#xD;
		&lt;wd:Time_Zone_Reference>&#xD;
			&lt;wd:ID wd:type=&quot;Time_Zone_ID&quot;>@{props['Time.Zone']}&lt;/wd:ID>&#xD;
		&lt;/wd:Time_Zone_Reference>&#xD;
		&lt;wd:Default_Currency_Reference>&#xD;
			&lt;wd:ID wd:type=&quot;Currency_ID&quot;>@{props['currency.code']}&lt;/wd:ID>&#xD;
		&lt;/wd:Default_Currency_Reference>&#xD;
		&lt;wd:Locale_Reference>&#xD;
			&lt;wd:ID wd:type=&quot;Locale_ID&quot;>@{props['locale.id']}&lt;/wd:ID>&#xD;
		&lt;/wd:Locale_Reference>&#xD;
		&lt;wd:Contact_Data>&#xD;
			&lt;wd:Address_Data wd:Do_Not_Replace_All=&quot;true&quot; wd:Effective_Date=&quot;@{props['loc.effdt']}&quot;>&#xD;
				&lt;wd:Country_Reference>&#xD;
					&lt;wd:ID wd:type=&quot;ISO_3166-1_Alpha-2_Code&quot;>US&lt;/wd:ID>&#xD;
				&lt;/wd:Country_Reference>&#xD;
				&lt;wd:Address_Line_Data wd:Type=&quot;ADDRESS_LINE_1&quot;>@{props['loc.addr1']}&lt;/wd:Address_Line_Data>&#xD;
				&lt;wd:Address_Line_Data wd:Type=&quot;ADDRESS_LINE_2&quot;>@{props['loc.addr2']}&lt;/wd:Address_Line_Data>&#xD;
				&lt;wd:Municipality>@{props['loc.city']}&lt;/wd:Municipality>&#xD;
				&lt;wd:Country_Region_Reference>&#xD;
					&lt;wd:ID wd:type=&quot;Country_Region_ID&quot;>@{props['region.code']}&lt;/wd:ID>&#xD;
				&lt;/wd:Country_Region_Reference>&#xD;
				&lt;wd:Postal_Code>@{props['loc.postal']}&lt;/wd:Postal_Code>&#xD;
				&lt;wd:Usage_Data wd:Public=&quot;true&quot;>&#xD;
					&lt;wd:Type_Data wd:Primary=&quot;true&quot;>&#xD;
						&lt;wd:Type_Reference>&#xD;
							&lt;wd:ID wd:type=&quot;Communication_Usage_Type_ID&quot;>@{props['commn.usage']}&lt;/wd:ID>&#xD;
						&lt;/wd:Type_Reference>&#xD;
					&lt;/wd:Type_Data>&#xD;
				&lt;/wd:Usage_Data>&#xD;
			&lt;/wd:Address_Data>&#xD;
		&lt;/wd:Contact_Data>&#xD;
		&lt;wd:Location_Hierarchy_Reference>&#xD;
			&lt;wd:ID wd:type=&quot;Organization_Reference_ID&quot;>@{props['sup.loc.code']}&lt;/wd:ID>&#xD;
		&lt;/wd:Location_Hierarchy_Reference>&#xD;
	&lt;/wd:Location_Data>&#xD;
&lt;/wd:Put_Location_Request></cc:text>
                    </cc:message>
                </cc:write>
                <cc:wrap-soap id="WrapSoap"/>
            </cc:steps>
            <cc:send-error id="SendError" routes-to="Call-Update-Loc-Error0"/>
        </cc:async-mediation>
        <cc:async-mediation id="ValidationOnAdd0" routes-to="InactivateLocation" execute-steps-when="props['validation.mode.lp']" handle-downstream-errors="true">
            <cc:steps>
                <cc:set-headers id="SetHeaders">
                    <cc:remove-headers/>
                    <cc:add-headers>
                        <cc:add-header name="X-Validate-Only" value="1"/>
                    </cc:add-headers>
                </cc:set-headers>
            </cc:steps>
        </cc:async-mediation>
        <cc:async-mediation id="ValidationOffAdd0" routes-to="LogfromInactivate" execute-steps-when="props['validation.mode.lp']">
            <cc:steps>
                <cc:set-headers id="SetHeaders">
                    <cc:remove-headers>
                        <cc:remove-header name="X-Validate-Only"/>
                    </cc:remove-headers>
                    <cc:add-headers/>
                </cc:set-headers>
            </cc:steps>
        </cc:async-mediation>
        <cc:workday-out-soap id="InactivateLocation" routes-response-to="ValidationOffAdd0" application="Human_Resources" version="@{props['att.wws.version']}"/>
        <cc:async-mediation id="LogfromInactivate" routes-to="Call-Audit-Inactivate">
            <cc:steps>
                <cc:eval id="Eval">
                    <cc:expression>props['success.count']=props['success.count']+1</cc:expression>
                    <cc:expression>props['row.status'] = 'Success'</cc:expression>
                    <cc:expression>props['Message.detail'] = 'Location Inactivated Successfully'</cc:expression>
                </cc:eval>
            </cc:steps>
        </cc:async-mediation>
        <cc:local-out id="Call-Audit-Inactivate" store-message="none" endpoint="vm://INT0003-Locations_Inbound/AuditLog"/>
        <cc:async-mediation id="CheckDataExistsinInputFile" routes-to="Split-Input-file" handle-downstream-errors="true">
            <cc:steps>
                <cc:eval id="Eval">
                    <cc:expression>props['no.of.data.rows'] = parts[0].xpath(&quot;count(/Inputfile/location[Record-Indicator = 'D'])&quot;)</cc:expression>
                </cc:eval>
                <cc:validate-exp id="ValidateExp">
                    <cc:expression failure-message="Input file has zero rows for processing">props['no.of.data.rows'] != 0</cc:expression>
                </cc:validate-exp></cc:steps>
            <cc:send-error id="SendError" routes-to="PIM-DataValidationErrors"/>
        </cc:async-mediation>
        <cc:local-out id="PIM-DataValidationErrors" endpoint="vm://wcc/PutIntegrationMessage"><cc:set name="is.message.severity" value="'WARNING'"/><cc:set name="is.message.summary" value="context.errorMessage"/></cc:local-out>
        <cc:local-in id="GetLocationAttr" routes-to="AsyncMediation1"/>
        <cc:async-mediation id="AsyncMediation1" routes-to="WorkdayOutRest">
            <cc:steps>
                <cc:write id="Write">
                    <cc:message>
                        <cc:message-content/>
                    </cc:message>
                </cc:write>
            </cc:steps>
            <cc:send-error id="SendError" routes-to="PutIntegrationMessage8"/>
        </cc:async-mediation>
        <cc:local-out id="PutIntegrationMessage8" endpoint="vm://wcc/PutIntegrationMessage"><cc:set name="is.message.severity" value="'INFO'"/><cc:set name="is.message.summary"/></cc:local-out>
        <cc:workday-out-rest id="WorkdayOutRest" routes-response-to="Splitter0" extra-path="@{intsys.reportService.getExtrapath('Location_Rpt')}"/>
        <cc:async-mediation id="AsyncMediation2">
            <cc:steps>
                <cc:eval id="XmlExtract">
                    <cc:expression>props['Worksite.id'] = parts[0].xpath(&quot;wd:Report_Entry/wd:Worksite_ID_Code&quot;)</cc:expression>
                    <cc:expression>props['Trade_Name'] = parts[0].xpath(&quot;wd:Report_Entry/wd:Trade_Name&quot;)</cc:expression>
                    <cc:expression>props['location.ref.id'] = parts[0].xpath(&quot;wd:Report_Entry/wd:referenceID&quot;)</cc:expression>
                    <cc:expression>props['Report.loc.id.hashmap'].put(props['location.ref.id'],parts[0].text)</cc:expression>
                </cc:eval>
            </cc:steps>
            <cc:send-error id="SendError" routes-to="PutIntegrationMessage9"/>
        </cc:async-mediation>
        <cc:local-out id="PutIntegrationMessage9" endpoint="vm://wcc/PutIntegrationMessage"><cc:set name="is.message.severity" value="'INFO'"/><cc:set name="is.message.summary"/></cc:local-out>
        <cc:splitter id="Splitter0">
            <cc:sub-route name="SubRoute" routes-to="AsyncMediation2"/>
            <cc:xml-stream-splitter xpath="wd:Report_Data/wd:Report_Entry"/>
        </cc:splitter>
        <cc:local-out id="Call-Get-Location-Attr" store-message="none" routes-response-to="Call-Process-inputfile" endpoint="vm://INT0003-Locations_Inbound/GetLocationAttr"/>
	</cc:assembly>

</beans>