<?xml version="1.0" encoding="UTF-8"?>
<beans
     xmlns="http://www.springframework.org/schema/beans"
     xmlns:beans="http://www.springframework.org/schema/beans"
     xmlns:atom="http://www.w3.org/2005/Atom"
     xmlns:cc="http://www.capeclear.com/assembly/10"
     xmlns:cloud="urn:com.workday/esb/cloud/10.0"
     xmlns:env="http://schemas.xmlsoap.org/soap/envelope/"
     xmlns:pi="urn:com.workday/picof"
     xmlns:pr="urn:com.workday.report/Employee_Review_Printout"
     xmlns:que="http://www.workday.com/wd-queue/17"
     xmlns:wd="urn:com.workday/bsvc"
     xmlns:xsi="http://www.w3.org/2001/XMLSchema-instance">
 
	<cc:assembly id="WorkdayAssembly" version="2018.6">
        <cc:local-out id="completeOnCritical" endpoint="vm://wcc/PutIntegrationEvent">
            <cc:set name="is.event.completed" value="'current'"/>
        </cc:local-out>
        <cc:local-out id="putCriticalError" routes-response-to="completeOnCritical" endpoint="vm://wcc/PutIntegrationMessage">
            <cc:set name="is.message.severity" value="'CRITICAL'"/>
            <cc:set name="is.message.summary" value="'CRITICAL GLOBAL ERROR IN INTEGRATION'"/>
            <cc:set name="is.event.wid" value="lp.isSet() ? lp.getIntegrationEventWID() : null"/>
            <cc:set name="is.system.wid" value=" lp.isSet() ? lp.getIntegrationSystemRefWID() : null"/>
            <cc:set name="is.message.detail" value="context.getErrorMessage()"/>
        </cc:local-out>
        <cc:send-error id="globalErrorHandler" routes-to="putCriticalError"/>
        <cc:async-mediation id="PostRemittrancePDF">
            <cc:steps>
                <cc:store id="Store" output="variable" output-variable="varPostedPDF" createDocumentReference="true" expiresIn="P180D" title="@{props['file.PDFFileName']}"/>
            </cc:steps>
        </cc:async-mediation>
        <cc:local-in id="postPDFtoIntEvent" routes-to="PostRemittrancePDF"/>
        <cc:async-mediation id="HandleError" routes-to="PostErrMsg" handle-downstream-errors="true">
            <cc:steps>
                <cc:log id="Log">
                    <cc:log-message>
                        <cc:text>xxxxxxx===> Error Message = @{context.getErrorMessage()}&#xD;
</cc:text>
                    </cc:log-message>
                </cc:log>
            </cc:steps>
        </cc:async-mediation>
        <cc:local-in id="buildPDFforEmpReview" routes-to="ForEachEmployueeTemplate"/>
        <cc:async-mediation id="RetrievePaymentInfo" routes-to="RetrieveEmployeeDtl" continue-after-error="rewind" handle-downstream-errors="true">
            <cc:steps>
                <cc:eval id="GetInfo"><cc:expression>props['employeeReviewWID'] = parts[0].xpath(&quot;/wd:Employee_Review/wd:ID[@wd:type='WID']&quot;)</cc:expression>
                    <cc:expression>props['employeeReviewReviewID'] = parts[0].xpath(&quot;/wd:Employee_Review/wd:ID[@wd:type='Employee_Review_ID']&quot;)</cc:expression></cc:eval>
                <cc:eval id="Eval">
                    <cc:expression>props['report.URL'] = intsys.reportService.getExtrapath(&quot;Employee Review Detail&quot; )</cc:expression>
                    <cc:expression>props['report.URLWithParms'] = props['report.URL'] + '?Employee_Review_Secured_to_Domain!WID=' + props['employeeReviewWID']</cc:expression>
                </cc:eval>
            </cc:steps>
            <cc:send-error id="SendError" routes-to="HandleError"/>
        </cc:async-mediation>
        <cc:splitter id="ForEachEmployueeTemplate">
            <cc:sub-route name="ProcessPayment" routes-to="RetrievePaymentInfo"/>
            <cc:xml-stream-splitter xpath="/wd:Report_Entry/wd:Employee_Review"/>
        </cc:splitter>
        <cc:local-out id="PostErrMsg" endpoint="vm://wcc/PutIntegrationMessage">
            <cc:set name="is.message.severity" value="'ERROR'"/>
            <cc:set name="is.message.summary" value="'Encountered error processing PDF '   + '. Reason : ' + context.errorMessage"/>
        </cc:local-out>
        <cc:async-mediation id="BuildEmployeeReview" routes-to="BuildReviewsForAllEmps">
            <cc:steps>
                <cc:eval id="Eval0">
                    <cc:expression>props['employee.Last_Name'] = parts[0].xpath(&quot;translate(/wd:Report_Entry/wd:Last_Name,'@/\','')&quot;)</cc:expression>
                    <cc:expression>props['employee.First_Name'] = parts[0].xpath(&quot;translate(/wd:Report_Entry/wd:First_Name,'@/\','')&quot;)</cc:expression>
                    <cc:expression>props['employee.EmployeeID'] = parts[0].xpath('/wd:Report_Entry/wd:Employee_ID')</cc:expression>
                    <cc:expression>props['zipped.File_Name'] = parts[0].xpath(&quot;translate(/wd:Report_Entry/wd:File_Name,'@/\','')&quot;)</cc:expression>
                </cc:eval>
            </cc:steps>
        </cc:async-mediation>
        <cc:splitter id="ForEachEmp" no-split-message-error="true">
            <cc:sub-route name="ProcessEntries" routes-to="BuildEmployeeReview"/>
            <cc:xml-stream-splitter xpath="/wd:Report_Data/wd:Report_Entry"/>
        </cc:splitter>
        <cc:local-in id="setupEmployeeReivew" routes-to="ForEachEmp" access="public">
            
            
        </cc:local-in>
        <cc:local-out id="BuildReviewsForAllEmps" store-message="none" routes-response-to="FinalizeAggr" endpoint="vm://INT_Studio_Employee_Review_PDF_Extraction_Outbound/buildPDFforEmpReview">
            
            
        </cc:local-out>
        <cc:local-out id="RetrieveEmployeeListForEmployeeReview" store-message="none" routes-response-to="BuildReviewsForAllEmps0" endpoint="vm://INT_Studio_Employee_Review_PDF_Extraction_Outbound/getEmployeeList"/>
        <cc:local-in id="createEmployeeReview" routes-to="RetrieveEmployeeListForEmployeeReview" access="public"/>
        <cc:async-mediation id="IncrCounter0" execute-steps-when="props['isBypassMainAgg'] != null &amp;&amp; props['isBypassMainAgg'] == false">
            <cc:steps>
                <cc:eval id="Eval">
                    <cc:expression>props['agg.transactionCounter'] = props['agg.transactionCounter'] + 1</cc:expression>
                </cc:eval>
            </cc:steps>
        </cc:async-mediation>
        <cc:local-out id="BuildPDFForAllEmlooyees" store-message="none" routes-response-to="IncrCounter0" endpoint="vm://INT_Studio_Employee_Review_PDF_Extraction_Outbound/createEmployeeReview"/>
        <cc:splitter id="ForEachEntry" no-split-message-error="false">
            <cc:sub-route name="ProcessEntries" routes-to="BuildPDFForAllEmlooyees"/>
            <cc:xml-stream-splitter xpath="/wd:Report_Data/wd:Report_Entry"/>
        </cc:splitter>
        <cc:local-in id="processAllEntries" routes-to="SetupOrg"/>
        <cc:workday-out-rest id="RetrieveOrganization" routes-response-to="ForEachEntry" extra-path="@{props['report.URLWithParms']}"/>
        <cc:async-mediation id="SetupOrg" routes-to="RetrieveOrganization" handle-downstream-errors="true">
            <cc:steps>
                <cc:eval id="Eval">
                    <cc:expression>props['orgReport'] = &quot;Organization List&quot; </cc:expression>
                    <cc:expression>props['report.URL'] = intsys.reportService.getExtrapath(props['orgReport'])</cc:expression>
                    <cc:expression>props['is.includeSubordinate'] = (props['lp.includeSubordinate'] == '1') ? '1': '0'</cc:expression>
                    <cc:expression>props['report.URLWithParms'] = props['report.URL'] + '?Supervisory_Organization!Organization_Reference_ID=' +  props['lp.employeeSupervisoryOrgID'] +  '&amp;Include_Subordinate_Organizations=' + props['is.includeSubordinate'] </cc:expression>
                </cc:eval>
            </cc:steps>
        </cc:async-mediation>
        <cc:async-mediation id="SetupOrg0" handle-downstream-errors="true">
            <cc:steps>
                <cc:eval id="Eval">
                    <cc:expression>props['hire.employeeCount'] = parts[0].xpath('count(/wd:Report_Data/wd:Report_Entry)')</cc:expression>
                </cc:eval>
                <cc:log id="Log">
                    <cc:log-message>
                        <cc:text>props['hire.employeeCount'] = @{props['hire.employeeCount']}
props['report.URLWithParms'] = {props['report.URLWithParms']}

</cc:text>
                    </cc:log-message>
                </cc:log>
            </cc:steps>
        </cc:async-mediation>
        <cc:workday-out-rest id="RetrieveOrganization0" routes-response-to="SetupOrg0" extra-path="@{props['report.URL']}"/>
        <cc:async-mediation id="SetupOrgForEmp" routes-to="RetrieveOrganization0" handle-downstream-errors="true">
            <cc:steps>
                <cc:eval id="GetOrgInfo">
                    <cc:expression>props['hire.SupervisoryOrgID'] = parts[0].xpath('/wd:Report_Entry/wd:Key')</cc:expression>
                    <cc:expression>props['hire.staffingModel'] = parts[0].xpath('/wd:Report_Entry/wd:Staffing_Model')</cc:expression>
                    <cc:expression>props['hire.orgLevel'] = parts[0].xpath('/wd:Report_Entry/wd:Org_Level')</cc:expression>
                    <cc:expression>props['hire.employeeCount'] = parts[0].xpath('/wd:Report_Entry/wd:Employee_Count')</cc:expression>
                    <cc:expression>props['hire.contingentCount'] = parts[0].xpath('/wd:Report_Entry/wd:Contingent_Worker_Count')</cc:expression>
                    <cc:expression>props['hire.superiorSupervisoryOrgID'] = parts[0].xpath(&quot;/wd:Report_Entry/wd:Superior_Organization/wd:ID[@wd:type='Organization_Reference_ID']&quot;)</cc:expression>
                    <cc:expression>props['hire.orgName'] = parts[0].xpath('/wd:Report_Entry/wd:Name')</cc:expression>
                    <cc:expression>props['hire.SuperiorSupervisoryOrgID'] = parts[0].xpath('/wd:Report_Entry/wd:Superior_Reference_ID') </cc:expression>
                    <cc:expression>props['hire.SuperiorSupervisorystaffingModel'] = parts[0].xpath('/wd:Report_Entry/wd:Superior_Staffing_Model')</cc:expression>
                    <cc:expression>props['hire.LocationID'] = parts[0].xpath(&quot;/wd:Report_Entry/wd:Location/wd:ID[@wd:type='Location_ID']&quot;) </cc:expression>
                    <cc:expression>props['location.ZipCode'] = props['hire.LocationID'].lastIndexOf('-')</cc:expression>
                </cc:eval>
                <cc:eval id="Eval">
                    <cc:expression>props['empRptList'] = &quot;Employee List&quot; </cc:expression>
                    <cc:expression>props['report.URL'] = intsys.reportService.getExtrapath(props['empRptList'])</cc:expression>
                    <cc:expression>props['report.URLWithParms'] = props['report.URL'] + '?Supervisory_Organization!Organization_Reference_ID=' + props['hire.SupervisoryOrgID']</cc:expression>
                </cc:eval>
            </cc:steps>
        </cc:async-mediation>
        <cc:local-in id="getEmployeeList" routes-to="SetupOrgForEmp" access="public"/>
        <cc:workday-out-rest id="RetrieveEmployeeDtl" routes-response-to="CountAttachment" extra-path="@{props['report.URLWithParms']}"/>
        <cc:async-mediation id="CountAttachment" routes-to="PrintPDFReview">
            <cc:steps>
                <cc:eval id="GetAttachCnt">
                    <cc:expression>props['reviewAttachmentCount'] = 0</cc:expression>
                    <cc:expression>props['reviewEmployeeSuppDocCount']  = 0</cc:expression>
                    <cc:expression>props['reviewManagerSuppDocCount']= 0</cc:expression>
                    <cc:expression>props['reviewAttachmentCount'] = Integer.parseInt(parts[0].xpath(&quot;/wd:Report_Data/wd:Report_Entry/wd:Attachment_Count&quot;))</cc:expression>
                    <cc:expression>props['reviewEmployeeSuppDocCount'] = Integer.parseInt(parts[0].xpath(&quot;/wd:Report_Data/wd:Report_Entry/wd:Employee_Support_Doc_Count&quot;))</cc:expression>
                    <cc:expression>props['reviewManagerSuppDocCount'] = Integer.parseInt(parts[0].xpath(&quot;/wd:Report_Data/wd:Report_Entry/wd:Manager_Support_Doc_Count&quot;))</cc:expression>
                    <cc:expression>props['reviewTemplate'] = parts[0].xpath(&quot;/wd:Report_Data/wd:Report_Entry/wd:Template_Name&quot;)</cc:expression></cc:eval>
            </cc:steps>
        </cc:async-mediation>
        <cc:local-out id="BuildReviewsForAllEmps0" store-message="none" execute-when="props['hire.employeeCount'] > 0 " endpoint="vm://INT_Studio_Employee_Review_PDF_Extraction_Outbound/setupEmployeeReivew">
            
            
        </cc:local-out>
        <cc:local-out id="AttachPDFToEvent0" store-message="none" endpoint="vm://INT_Studio_HCM_Attachment_Extraction_Utility_Outbound/addToZip" clone-request="true">
            <cc:set name="report.attachment.filename" value="'dummy.pdf'"/>
            <cc:set name="attachment.filename" value="props['zipped.File_Name']"/>
        </cc:local-out>
        <cc:async-mediation id="FinalizeAggr" routes-to="AttachPDFToEvent0">
            <cc:steps>
                <cc:eval id="FinalizeAggr">
                    <cc:expression>props['curr.collate.complete'] = false</cc:expression>
                    <cc:expression>props['curr.batch.complete'] = true</cc:expression></cc:eval>
            </cc:steps>
        </cc:async-mediation>
        <cc:local-in id="processEmployeeReviewPDF" routes-to="BuildEmployeeReview" access="public"/>
        <cc:local-in id="initEmpoloyeeReviewPDF" routes-to="DefineBIRTReports0" access="public"/>
        <cc:async-mediation id="DefineBIRTReports0">
            <cc:steps>
                <cc:write id="StoreEmployeeReview" output="variable" output-variable="varEmployeeReviewReport">
                    <cc:message>
                        <cc:static-file input-file="BIRT_Reports/employee_review_printout_w31.rptdesign"/>
                    </cc:message>
                </cc:write>
            </cc:steps>
        </cc:async-mediation>
        <cc:local-in id="printPDFReview" routes-to="AsyncMediation"/>
        <cc:local-out id="AttachPDFToEvent1" store-message="none" endpoint="vm://INT_Studio_HCM_Attachment_Extraction_Utility_Outbound/addToZip" clone-request="true">
            <cc:set name="report.attachment.filename" value="props['file.PDFFileName']"/>
            <cc:set name="attachment.filename" value="props['zipped.File_Name']"/>
        </cc:local-out>
        <cc:local-out id="PDFEmployeeReview0" routes-response-to="AttachPDFToEvent1" endpoint="vm://wcc/PdfPrintStep">
            <cc:set name="pdf.report.design.variable" value="'varEmployeeReviewReport'"/>
            <cc:set name="pdf.workday.report.variable" value="'varEmployeeReview'"/>
            <cc:set name="pdf.locale" value="'en_EN'"/>
        <cc:set name="pdf.business.form.layout.wid" value="'90af49d7715510001209e19098080050'"/></cc:local-out>
        <cc:async-mediation id="StoreEmpData1" routes-to="PDFEmployeeReview0">
            <cc:steps>
                <cc:eval id="SetFileName"><cc:expression>props['file.PDFFileName'] = props['employee.EmployeeID'] + '_' + props['employee.Last_Name'] + '_' + props['employee.First_Name'] + '_' + props['reviewTemplate']  + '.pdf'</cc:expression>
                    <cc:expression>props['curr.collate.complete'] = true</cc:expression>
                    <cc:expression>props['curr.batch.complete'] = false</cc:expression></cc:eval>
                <cc:copy id="Copy" output="variable" output-variable="varEmployeeReview"/>
                <cc:log id="Log">
                    <cc:log-message>
                        <cc:text>------------Variable value-------------</cc:text>
                        <cc:message-content/>
                        <cc:text>---------------End of variable value---------</cc:text>
                    </cc:log-message>
                </cc:log>
            </cc:steps>
        </cc:async-mediation>
        <cc:local-out id="PrintPDFReview" store-message="none" routes-response-to="IncludeAttachments" endpoint="vm://INT_Studio_Employee_Review_PDF_Extraction_Outbound/printPDFReview" clone-request="true">
            
            
        </cc:local-out>
        <cc:local-out id="ExtractAttachments" store-message="none" execute-when="props['object.Attachment_Count'] > 0" endpoint="vm://INT_Studio_HCM_Attachment_Extraction_Utility_Outbound/processAllAttachments" clone-request="true">
            <cc:set name="fileNamePrefix" value="props['reviewTemplate']"/>
        </cc:local-out>
        <cc:async-mediation id="SaveResponse" routes-to="ExtractAttachments">
            <cc:steps>
                <cc:copy id="SaveResponse" output="variable" output-variable="var.ws.response"/>
            </cc:steps>
        </cc:async-mediation>
        <cc:workday-out-rest id="RetrieveAttachments" routes-response-to="SaveResponse" extra-path="@{props['report.URL']}?Employee_Review_Secured_to_Domain!WID=@{props['object.WID']}"/>
        <cc:local-in id="extractReviewAttachments" routes-to="SetupWSRequest0"><cc:parameter name="attachmentType" type="string"/><cc:parameter name="attachmentCount" type="integer"/></cc:local-in>
        <cc:async-mediation id="SetupWSRequest0" routes-to="RetrieveAttachments">
            <cc:steps>
                <cc:eval id="Eval">
                    <cc:expression>props['object.WID'] = props['employeeReviewWID'] </cc:expression>
                    <cc:expression>props['report.URL'] = intsys.reportService.getExtrapath(props['attachmentType'])</cc:expression>
                    <cc:expression>props['object.ZippedFileName'] = props['zipped.File_Name'] </cc:expression>
                    <cc:expression>props['object.Attachment_Count'] = 0</cc:expression>
                    <cc:expression>props['object.Attachment_Count'] = props['attachmentCount']</cc:expression></cc:eval>
            </cc:steps>
        </cc:async-mediation>
        <cc:local-out id="IncludeAttachments" store-message="none" execute-when="props['reviewAttachmentCount'] > 0" routes-response-to="IncludeEmployeeSupportDoc" endpoint="vm://INT_Studio_Employee_Review_PDF_Extraction_Outbound/extractReviewAttachments" clone-request="true">
            
            
        <cc:set name="attachmentType" value="'Employee Review Attachment Detail'"/><cc:set name="attachmentCount" value="props['reviewAttachmentCount']"/></cc:local-out>
        <cc:local-out id="IncludeEmployeeSupportDoc" store-message="none" execute-when="props['reviewEmployeeSuppDocCount']  > 0" routes-response-to="IncludeMgrSupportDoc" endpoint="vm://INT_Studio_Employee_Review_PDF_Extraction_Outbound/extractReviewAttachments" clone-request="true">
            <cc:set name="attachmentType" value="'Employee Review Employee Supporting Doc'"/>
            <cc:set name="attachmentCount" value="props['reviewEmployeeSuppDocCount'] "/>
        </cc:local-out>
        <cc:local-out id="IncludeMgrSupportDoc" store-message="none" execute-when="props['reviewManagerSuppDocCount'] > 0" endpoint="vm://INT_Studio_Employee_Review_PDF_Extraction_Outbound/extractReviewAttachments" clone-request="true">
            <cc:set name="attachmentType" value="'Employee Review Manager Supporting Doc'"/>
            <cc:set name="attachmentCount" value="props['reviewManagerSuppDocCount']"/>
        </cc:local-out>
        <cc:async-mediation id="AsyncMediation" routes-to="WorkdayOutRest">
            <cc:steps>
                <cc:eval id="Eval">
                    <cc:expression>props['report.URL1'] = intsys.reportService.getExtrapath(&quot;Employee Review Attachment Detail&quot;);</cc:expression>
                    <cc:expression>props['report.URL1WithParms'] = props['report.URL1'] + '?Employee_Review_Secured_to_Domain!WID=' + props['employeeReviewWID'] + '&amp;Employee_Review!WID=' + props['employeeReviewWID'];</cc:expression>
                </cc:eval>
            </cc:steps>
        </cc:async-mediation>
        <cc:workday-out-rest id="WorkdayOutRest" routes-response-to="StoreEmpData1" extra-path="@{props['report.URL1WithParms']}"/>
	</cc:assembly>

</beans>