<?xml version="1.0" encoding="UTF-8"?>
<beans
     xmlns="http://www.springframework.org/schema/beans"
     xmlns:beans="http://www.springframework.org/schema/beans"
     xmlns:atom="http://www.w3.org/2005/Atom"
     xmlns:cc="http://www.capeclear.com/assembly/10"
     xmlns:cloud="urn:com.workday/esb/cloud/10.0"
     xmlns:env="http://schemas.xmlsoap.org/soap/envelope/"
     xmlns:pi="urn:com.workday/picof"
     xmlns:wd="urn:com.workday/bsvc"
     xmlns:xsi="http://www.w3.org/2001/XMLSchema-instance">
 
	<cc:assembly id="WorkdayAssembly" version="20">
        <cc:workday-in id="StartHere" routes-to="InitializeProp">
            <cc:integration-system name="Alight Field Analyzer">
        <cloud:param name="CustomReportField">
          <cloud:type>
            <cloud:class-report-field description="Fields Referenced in Report" type="WID" singular="false">bc654df6e01341549200232a46c4b9c9</cloud:class-report-field>
          </cloud:type>
          <cloud:launch-option>required</cloud:launch-option>
        </cloud:param>
        <cloud:report-service name="AllCalculatedFields">
          <cloud:report-alias description="Calculated Field Analyzer" name="CalcFieldsAnalyzer">
            <cloud:report-reference description="All Calculated Fields Analyzer" type="WID">ca81ec7d82c9011863271cc34914e478</cloud:report-reference>
          </cloud:report-alias>
          <cloud:report-alias description="All_Custom_Reports_Analyzer" name="AllCustomReport">
            <cloud:report-reference description="All_Custom_Report_Analyzer" type="WID">ca81ec7d82c9010acc2cb2b64914d478</cloud:report-reference>
          </cloud:report-alias>
        </cloud:report-service>
      </cc:integration-system>
        </cc:workday-in>
        <cc:async-mediation id="createIntegrationSystemSOAPRequest" routes-to="generateSIntegrationSystemSOAPResponse">
            <cc:steps>
                <cc:write id="IntegrationSystemSOAPRequest">
                    <cc:message>
                        <cc:text>&lt;?xml version='1.0' encoding='UTF-8'?>&#xD;
&lt;env:Envelope xmlns:env=&quot;http://schemas.xmlsoap.org/soap/envelope/&quot;>&#xD;
    &lt;env:Body>&#xD;
        &lt;wd:Get_Integration_Systems_Request&#xD;
            xmlns:wd=&quot;urn:com.workday/bsvc&quot;&#xD;
            wd:version=&quot;v25.2&quot;>&#xD;
            &lt;wd:Response_Filter>&#xD;
                &lt;wd:Page>1&lt;/wd:Page>&#xD;
                &lt;wd:Count>10&lt;/wd:Count>&#xD;
            &lt;/wd:Response_Filter>&#xD;
            &lt;wd:Response_Group>&#xD;
                &lt;wd:Include_Reference>true&lt;/wd:Include_Reference>&#xD;
            &lt;/wd:Response_Group>&#xD;
        &lt;/wd:Get_Integration_Systems_Request>&#xD;
    &lt;/env:Body>&#xD;
&lt;/env:Envelope></cc:text>
                    </cc:message>
                </cc:write>
            </cc:steps>
            <cc:send-error id="ErrorAtWebServiceCall" routes-to="WebServiceCallError"/>
        </cc:async-mediation>
        <cc:local-out id="generateSIntegrationSystemSOAPResponse" endpoint="vm://wcc/PagedGet"><cc:set name="is.paged.get.request.current.page.xpath" value="'/env:Envelope/env:Body/*/wd:Response_Filter/wd:Page'"/><cc:set name="is.paged.get.response.current.page.xpath" value="'/env:Envelope/env:Body/*/wd:Response_Results/wd:Page'"/><cc:set name="is.paged.get.response.total.pages.xpath" value="'/env:Envelope/env:Body/*/wd:Response_Results/wd:Total_Pages'"/><cc:set name="is.paged.get.response.total.results.xpath" value="'/env:Envelope/env:Body/*/wd:Response_Results/wd:Total_Results'"/><cc:set name="is.paged.get.application" value="'Integrations'"/><cc:set name="is.paged.get.version" value="'v25.2'"/><cc:set name="is.paged.get.page.zero" value="false"/><cc:set name="is.paged.get.store.requests" value="true"/><cc:set name="is.paged.get.process.endpoint" value="'vm://Alight_Field_Analyzer/splitSOAPResponseSubRoutine'"/></cc:local-out>
        <cc:route id="CallReportAndExecuteWebService">
            <cc:all-strategy/>
            <cc:sub-route name="SOAP Route" routes-to="callSOAPRequestRoutine"/>
            <cc:sub-route name="ReportServiceCallRoute" routes-to="callReportServiceRoutine"/>
            <cc:sub-route name="CalculatedField" routes-to="callCalcFieldRoutine"/>
        </cc:route>
        <cc:local-out id="callSOAPRequestRoutine" store-message="none" endpoint="vm://Alight_Field_Analyzer/SOAPWebServiceRequest"/>
        <cc:local-out id="callReportServiceRoutine" store-message="none" endpoint="vm://Alight_Field_Analyzer/ReportServiceSubRoutine"/>
        <cc:local-in id="SOAPWebServiceRequest" routes-to="createIntegrationSystemSOAPRequest"/>
        <cc:local-in id="ReportServiceSubRoutine" routes-to="CallReportAndConverItIntoXML"/>
        <cc:local-in id="splitSOAPResponseSubRoutine" routes-to="SplitSOAPResponseXML"/>
        <cc:splitter id="SplitSOAPResponseXML">
            <cc:sub-route name="goToCreatePropertiesStep" routes-to="TransformSplitXMLIntoRefinedXMLFromSOAPResponse"/>
            <cc:xml-stream-splitter xpath="/env:Envelope/env:Body/wd:Get_Integration_Systems_Response/wd:Response_Data/wd:Integration_System" xpath-version="v25.2"/>
        </cc:splitter>
        <cc:async-mediation id="TransformSplitXMLIntoRefinedXMLFromSOAPResponse" routes-to="storePropertiesValues">
            <cc:steps>
                <cc:xslt id="TransformXMLToRefinedXML" url="SplitedXMLDataIntoRefinedXML.xsl"/>
            </cc:steps>
            <cc:send-error id="ErrorDuringXMLTransformation" routes-to="ErrDuringXMLTransformation"/>
        </cc:async-mediation>
        <cc:async-mediation id="InitializeProp" routes-to="CallReportAndExecuteWebService">
            <cc:steps>
                <cc:eval id="LaunchParames"><cc:expression>props['fieldName'] = lp.getReferenceDataList('CustomReportField', 'WID')</cc:expression><cc:expression>props['fieldNameFormatted'] = props['fieldName'].toString().trim().replace(',', '!')</cc:expression><cc:expression>props['fieldNameSemiFinal'] = props['fieldNameFormatted'].toString().replace('[', '')</cc:expression><cc:expression>props['fieldNameFinal'] = props['fieldNameSemiFinal'].toString().replace(']', '')</cc:expression><cc:expression>props['fieldNameFinalWithoutSpace'] = props['fieldNameFinal'].toString().replace(' ','')</cc:expression><cc:expression> props['FieldValuesList'] = new java.util.ArrayList(java.util.Arrays.asList(props['fieldNameFinalWithoutSpace'].split('!')))</cc:expression></cc:eval>
            </cc:steps>
        </cc:async-mediation>
        <cc:async-mediation id="storePropertiesValues" routes-to="sendPropsForValidation">
            <cc:steps>
                <cc:eval id="IntProps"><cc:expression>props['IntegrationName'] = parts[0].xpath('/IntegrationRecord/IntegrationSystemName')</cc:expression><cc:expression>props['LaunchParameters'] = parts[0].xpath('/IntegrationRecord/LaunchParameters')</cc:expression><cc:expression>props['IntegrationAttributes'] = parts[0].xpath('/IntegrationRecord/IntegrationAttributes')</cc:expression><cc:expression>props['IntegrationFieldAttributes'] = parts[0].xpath('/IntegrationRecord/IntegrationFieldAttributes')</cc:expression><cc:expression>props['IntegrationFieldOverride'] = parts[0].xpath('/IntegrationRecord/IntegrationFieldOverride')</cc:expression><cc:expression>props['IntegrationMaps'] = parts[0].xpath('/IntegrationRecord/IntegrationMaps')</cc:expression><cc:expression>props['integrationLaunchParameterStatus'] = 'No'</cc:expression><cc:expression>props['integrationAttributesStatus'] = 'No'</cc:expression><cc:expression>props['integrationFieldAttributeStatus'] = 'No'</cc:expression><cc:expression>props['integrationFieldOverrideStatus'] ='No'</cc:expression><cc:expression>props['integrationMapStatus'] = 'No'</cc:expression></cc:eval>
                <cc:eval id="converStringIntoArrayList"><cc:expression>props['IntegrationLaunchParametersList'] = new java.util.ArrayList(java.util.Arrays.asList(props['LaunchParameters'].split(',')))</cc:expression><cc:expression>props['IntegrationAttributesList'] = new java.util.ArrayList(java.util.Arrays.asList(props['IntegrationAttributes'].split(',')))</cc:expression><cc:expression>props['IntegrationFieldAttributesList'] = new java.util.ArrayList(java.util.Arrays.asList(props['IntegrationFieldAttributes'].split(',')))</cc:expression><cc:expression>props['IntegrationFieldOverridesList'] = new java.util.ArrayList(java.util.Arrays.asList(props['IntegrationFieldOverride'].split(',')))</cc:expression><cc:expression>props['IntegrationMapsList'] = new java.util.ArrayList(java.util.Arrays.asList(props['IntegrationMaps'].split(',')))</cc:expression></cc:eval>
            </cc:steps>
        </cc:async-mediation>
        <cc:local-out id="sendPropsForValidation" store-message="none" endpoint="vm://Alight_Field_Analyzer/getPropertyDataForValidation"/>
        <cc:local-in id="getPropertyDataForValidation" routes-to="setTheConditionForAggregation"/>
        <cc:route id="LoopTheLaunchParameteList">
            <cc:loop-strategy condition="props['counter'] &lt; props['FieldValuesList'].size()" increment="props['counter'] = props['counter'] +1" init="props['counter'] = 0"/>
            <cc:sub-route name="Perform" routes-to="ConverWIDIntoName"/>
        </cc:route>
        <cc:route id="ValidateAndRouteToAggreegateData">
            <cc:all-strategy/>
            <cc:sub-route name="LaunchParamterStatusRouting" routes-to="SetPropOfIntLPStatus"/>
            <cc:sub-route name="IntegrationAttributeStatusRouting" routes-to="SetPropOfIntAttrStatus"/>
            <cc:sub-route name="IntegrationFieldAttributeStatusRouting" routes-to="SetPropOfIntFieldAttrStatus"/>
            <cc:sub-route name="IntegrationFieldOverrideStatusRouting" routes-to="SetPropOfIntFieldOvrdStatus"/>
            <cc:sub-route name="IntegrationMapStatusRouting" routes-to="SetPropOfIntMapStatus"/>
            <cc:sub-route name="Default" routes-to="SendIntegrationDataForAggregation"/>
        </cc:route>
        <cc:async-mediation id="SetPropOfIntLPStatus" execute-steps-when="props['IntegrationLaunchParametersList'].contains(props['FieldName'])">
            <cc:steps>
                <cc:eval id="LPPropSet"><cc:expression>props['integrationLaunchParameterStatus'] = 'Yes'</cc:expression></cc:eval>
            </cc:steps>
        </cc:async-mediation>
        <cc:async-mediation id="SetPropOfIntFieldAttrStatus" execute-steps-when="props['IntegrationFieldAttributesList'].contains(props['FieldName'])">
            <cc:steps>
                <cc:eval id="IntFieldAttrPropSet"><cc:expression>props['integrationFieldAttributeStatus'] = 'Yes'</cc:expression></cc:eval>
            </cc:steps>
        </cc:async-mediation>
        <cc:async-mediation id="SetPropOfIntAttrStatus" execute-steps-when="props['IntegrationAttributesList'].contains(props['FieldName'])">
            <cc:steps>
                <cc:eval id="IntAttrPropSet"><cc:expression>props['integrationAttributesStatus'] = 'Yes'</cc:expression></cc:eval>
            </cc:steps>
        </cc:async-mediation>
        <cc:async-mediation id="SetPropOfIntFieldOvrdStatus" execute-steps-when="props['IntegrationFieldOverridesList'].contains(props['FieldName'])">
            <cc:steps>
                <cc:eval id="IntFieldOvrdPropSet"><cc:expression>props['integrationFieldOverrideStatus'] ='Yes'</cc:expression></cc:eval>
            </cc:steps>
        </cc:async-mediation>
        <cc:async-mediation id="SetPropOfIntMapStatus" execute-steps-when="props['IntegrationMapsList'].contains(props['FieldName'])">
            <cc:steps>
                <cc:eval id="IntMapPropSet"><cc:expression>props['integrationMapStatus'] = 'Yes'</cc:expression></cc:eval>
            </cc:steps>
        </cc:async-mediation>
        <cc:local-out id="SendIntegrationDataForAggregation" store-message="none" endpoint="vm://Alight_Field_Analyzer/GetIntegrationDataForAggregation"/>
        <cc:local-in id="GetIntegrationDataForAggregation" routes-to="createOutputDataForAggregation"/>
        <cc:aggregator id="AggregateIntegrationData" routes-to="StoreTheCSVOutputFileInWDrive" collate-when="props['integrationLaunchParameterStatus'] == 'Yes' || props['integrationAttributesStatus'] == 'Yes' || props['integrationFieldAttributeStatus'] == 'Yes' || props['integrationFieldOverrideStatus'] == 'Yes' || props['integrationMapStatus'] == 'Yes'" force-batch-on-last-message="false" force-batch-when="props['aggregatorBathEndCondition'] == 'Y'">
            <cc:size-batch-strategy batch-size="-1"/>
            <cc:message-content-collater>
        <cc:header-text>Integration Name,Field Name,Integration Launch Parameter,Integration Atribute,Integration Field Attribute,Integration Field Override,Integration Map@{'\n'}</cc:header-text>
        <cc:separator>@{'\n'}</cc:separator>
      </cc:message-content-collater>
        </cc:aggregator>
        <cc:async-mediation id="createOutputDataForAggregation" routes-to="AggregateIntegrationData">
            <cc:steps>
                <cc:write id="createIntegrationCSVData">
                    <cc:message>
                        <cc:text>@{props['IntegrationName']},@{props['FieldName']},@{props['integrationLaunchParameterStatus']},@{props['integrationAttributesStatus']},@{props['integrationFieldAttributeStatus']},@{props['integrationFieldOverrideStatus']},@{props['integrationMapStatus']}</cc:text>
                    </cc:message>
                </cc:write>
                <cc:eval id="setActAgC"><cc:expression>props['aggregatorBathEndCondition'] = props['magicCondtion'] ? (props['counter'] == props['FieldValuesList'].size()-1) ? 'Y' :'N' :'N'</cc:expression></cc:eval>
                <cc:log id="Log">
                    <cc:log-message>
                        <cc:text>The value of final contion is :- @{props['aggregatorBathEndCondition']}&#xD;
The value of magic Condition :- @{props['magicCondtion']}&#xD;
The value of counter condtion :- @{(props['counter'] == props['FieldValuesList'].size()-1)}</cc:text>
                    </cc:log-message>
                </cc:log>
            </cc:steps>
        </cc:async-mediation>
        <cc:async-mediation id="StoreTheCSVOutputFileInWDrive" routes-to="DisplayIntegrationStepCompleted">
            <cc:steps>
                <cc:log id="Log">
                    <cc:log-message>
                        <cc:line-separator/>
                        <cc:text>Final Output is :-----</cc:text>
                        <cc:line-separator/>
                        <cc:message-content/>
                    </cc:log-message>
                </cc:log>
                <cc:store id="CSVOutputFile" output="message" output-mimetype="application/vnd.ms-excel" title="IntegrationFieldAnalyzer.csv"/>
            </cc:steps>
        </cc:async-mediation>
        <cc:local-out id="DisplayIntegrationStepCompleted" endpoint="vm://wcc/PutIntegrationMessage"><cc:set name="is.message.severity" value="'INFO'"/><cc:set name="is.message.summary" value="'Inegration Field Analyzer file has been generated'"/></cc:local-out>
        <cc:local-out id="WebServiceCallError" endpoint="vm://wcc/PutIntegrationMessage"><cc:set name="is.message.severity" value="'ERROR'"/><cc:set name="is.message.summary" value="'Internal Error Occurred While Integration web service is executed'"/><cc:set name="is.message.detail" value="context.errorMessage"/></cc:local-out>
        <cc:local-out id="ErrDuringXMLTransformation" endpoint="vm://wcc/PutIntegrationMessage"><cc:set name="is.message.severity" value="'ERROR'"/><cc:set name="is.message.summary" value="'Error occurred while XML Transformation'"/><cc:set name="is.message.detail" value="context.errorMessage"/></cc:local-out>
        <cc:workday-out-rest id="CallReportAndConverItIntoXML" routes-response-to="AsyncMediation" extra-path="@{intsys.reportService.getExtrapath('AllCustomReport')}?Fields_Referenced_in_Report!WID=@{props['fieldNameFinalWithoutSpace']} "/>
        <cc:async-mediation id="ConverWIDIntoName" routes-to="ValidateAndRouteToAggreegateData">
            <cc:steps>
                <cc:eval id="Convert"><cc:expression>props['FieldName'] = lp.getDescriptor('CustomReportField',props['FieldValuesList'].get(props['counter']))</cc:expression></cc:eval>
                <cc:log id="Log">
                    <cc:log-message>
                        <cc:text>Integration Name :- @{props['IntegrationName']}</cc:text>
                    </cc:log-message>
                </cc:log>
            </cc:steps>
        </cc:async-mediation>
        <cc:local-out id="sendTheReportDataForSplitting" store-message="none" endpoint="vm://Alight_Field_Analyzer/GetXMLDataAndSendItToSplitter"/>
        <cc:local-in id="GetXMLDataAndSendItToSplitter" routes-to="Route0"/>
        <cc:splitter id="SplitRaaSXMLData" no-split-message-error="false">
            <cc:sub-route name="SubRoute" routes-to="TransformRawXMLIntoRefinedXML"/>
            <cc:xml-stream-splitter namespaces="wd urn:com.workday.report/All_Custom_Reports_Analyzer" xpath="/wd:Report_Data/wd:Report_Entry"/>
        </cc:splitter>
        <cc:async-mediation id="TransformRawXMLIntoRefinedXML" routes-to="setPropertiesOfRaaSXMLOutput">
            <cc:steps>
                <cc:xslt id="RaaSXMLToRefinedXML" url="SplitedRaaSXMLDataIntoRefinedRaaSXML.xsl"/>
            </cc:steps>
        </cc:async-mediation>
        <cc:async-mediation id="setPropertiesOfRaaSXMLOutput" routes-to="goToTheFinalAggregationStep">
            <cc:steps>
                <cc:eval id="RaaSProp"><cc:expression>props['CustomReportName'] = parts[0].xpath('/RaaSRecord/CustomReportName')</cc:expression><cc:expression>props['AreasWhereUsed'] = parts[0].xpath('/RaaSRecord/AreaWhereUsed').toString().replace(',','!')</cc:expression><cc:expression>props['FieldsDisplayedOnReport'] = parts[0].xpath('/RaaSRecord/FieldsDisplayedOnReport').toString().replace(',','!')</cc:expression><cc:expression>props['CalculatedFieldsForReport'] = parts[0].xpath('/RaaSRecord/CalculatedFieldsForReport').toString().replace(',','!')</cc:expression><cc:expression>props['FieldsReferencedInReport'] = parts[0].xpath('/RaaSRecord/FieldsReferencedInReport')</cc:expression><cc:expression>props['ReportOwner'] = parts[0].xpath('/RaaSRecord/ReportOwner').toString().replace(',','!')</cc:expression><cc:expression>props['CreatedOn'] = parts[0].xpath('/RaaSRecord/CreatedOn')</cc:expression><cc:expression>props['FieldsReferencedInReportList'] =new java.util.ArrayList(java.util.Arrays.asList(props['FieldsReferencedInReport'].split(',')))</cc:expression></cc:eval>
            </cc:steps>
        </cc:async-mediation>
        <cc:local-out id="goToTheFinalAggregationStep" store-message="none" endpoint="vm://Alight_Field_Analyzer/AggregareRaaSDataIntoCSVFile"/>
        <cc:local-in id="AggregareRaaSDataIntoCSVFile" routes-to="LoopTheLaunchParameteListForRaaS"/>
        <cc:route id="LoopTheLaunchParameteListForRaaS">
            <cc:loop-strategy condition="props['raasCounter'] &lt; props['FieldValuesList'].size()" increment="props['raasCounter'] = props['raasCounter']+1" init="props['raasCounter'] = 0"/>
            <cc:sub-route name="Perform" routes-to="ConvertLPIntoNames"/>
        </cc:route>
        <cc:async-mediation id="ConvertLPIntoNames" routes-to="ValidateAndAddFields">
            <cc:steps>
                <cc:eval id="convertLPIntoName"><cc:expression>props['FieldName'] = lp.getDescriptor('CustomReportField',props['FieldValuesList'].get(props['raasCounter']))</cc:expression></cc:eval>
            </cc:steps>
        </cc:async-mediation>
        <cc:route id="ValidateAndAddFields">
            <cc:mvel-strategy>
                <cc:choose-route expression="props['FieldsReferencedInReportList'].contains(props['FieldName'])" route="MergeTheReferencedField"/>
                <cc:choose-route expression="'true'" route="No Action"/>
            </cc:mvel-strategy>
            <cc:sub-route name="MergeTheReferencedField" routes-to="sendRaaSDataForAggregation"/>
            <cc:sub-route name="No Action" routes-to="PutIntegrationMessage"/>
        </cc:route>
        <cc:local-out id="sendRaaSDataForAggregation" store-message="none" endpoint="vm://Alight_Field_Analyzer/getRaaSDataForAggregation"/>
        <cc:local-in id="getRaaSDataForAggregation" routes-to="WriteRaaSDataFromProp"/>
        <cc:aggregator id="AggregateRaaSData" routes-to="generatRaasCSV" force-batch-on-last-message="true">
            <cc:size-batch-strategy batch-size="-1"/>
            <cc:message-content-collater>
        <cc:header-text>Custom Report Name,Areas Where Used,Fields Displayed On Report,Calculated Fields For Report,Fields Referenced In Report,Report Owner,Created On@{'\n'}</cc:header-text>
        <cc:separator>@{'\n'}</cc:separator>
      </cc:message-content-collater>
        </cc:aggregator>
        <cc:async-mediation id="WriteRaaSDataFromProp" routes-to="AggregateRaaSData">
            <cc:steps>
                <cc:write id="WriteRaaSData">
                    <cc:message>
                        <cc:text>@{props['CustomReportName']},@{props['AreasWhereUsed']},@{props['FieldsDisplayedOnReport']},@{props['CalculatedFieldsForReport']},@{props['FieldName']},@{props['ReportOwner']},@{props['CreatedOn']}</cc:text>
                    </cc:message>
                </cc:write>
            </cc:steps>
        </cc:async-mediation>
        <cc:async-mediation id="generatRaasCSV" routes-to="RassOutputGenerated">
            <cc:steps>
                <cc:store id="RaaSCSV" output-mimetype="application/vnd.ms-excel" title="RaaSAnalyzer.csv"/>
            </cc:steps>
        </cc:async-mediation>
        <cc:local-out id="RassOutputGenerated" endpoint="vm://wcc/PutIntegrationMessage"><cc:set name="is.message.severity" value="'INFO'"/><cc:set name="is.message.summary" value="'RaaS Output has been generated successfully'"/></cc:local-out>
        <cc:local-out id="PutIntegrationMessage" endpoint="vm://wcc/PutIntegrationMessage"><cc:set name="is.message.severity" value="'INFO'"/><cc:set name="is.message.summary" value="'No Action'"/></cc:local-out>
        <cc:local-out id="callCalcFieldRoutine" store-message="none" endpoint="vm://Alight_Field_Analyzer/CalcualtedFieldRoutine"/>
        <cc:local-in id="CalcualtedFieldRoutine" routes-to="GetCalcFieldReportXML"/>
        <cc:workday-out-rest id="GetCalcFieldReportXML" routes-response-to="Route" extra-path="@{intsys.reportService.getExtrapath('CalcFieldsAnalyzer')}?Field!WID=@{props['fieldNameFinalWithoutSpace']}"/>
        <cc:splitter id="Splitter" no-split-message-error="false">
            <cc:sub-route name="SubRoute" routes-to="TransformIntoRefinedXML"/>
            <cc:xml-stream-splitter namespaces="wd urn:com.workday.report/All_Calculated_Fields_Analyzer" xpath="/wd:Report_Data/wd:Report_Entry"/>
        </cc:splitter>
        <cc:async-mediation id="TransformIntoRefinedXML" routes-to="Aggregator">
            <cc:steps>
                <cc:xslt id="Xslt" url="SplitedCalcFieldData.xsl"/>
                <cc:eval id="Eval"><cc:expression>props['calcFieldName'] = parts[0].xpath('/RaaSRecord/Calculated_Field_Name')</cc:expression><cc:expression>props['calcFieldSource'] = parts[0].xpath('/RaaSRecord/Field_Source')</cc:expression><cc:expression>props['calcField'] = parts[0].xpath('/RaaSRecord/Field')</cc:expression><cc:expression>props['calcFieldArea'] = parts[0].xpath('/RaaSRecord/Area')</cc:expression><cc:expression>props['calcFieldObjectDetails'] = parts[0].xpath('/RaaSRecord/Object_Details')</cc:expression><cc:expression>props['calcFieldNameFormatted'] =  '&quot;'+ props['calcFieldName'] + '&quot;'</cc:expression><cc:expression>props['calcFieldSourceFormatted'] =  '&quot;'+ props['calcFieldSource'] + '&quot;'</cc:expression><cc:expression>props['calcFieldFormatted'] =  '&quot;'+ props['calcField'] + '&quot;'</cc:expression><cc:expression>props['calcFieldAreaFormatted'] =  '&quot;'+ props['calcFieldArea'] + '&quot;'</cc:expression><cc:expression>props['calcFieldObjectDetailsFormatted'] =  '&quot;'+ props['calcFieldObjectDetails'] + '&quot;'</cc:expression></cc:eval>
                <cc:write id="Write">
                    <cc:message>
                        <cc:text>@{props['calcFieldNameFormatted']},@{props['calcFieldSourceFormatted']},@{props['calcFieldFormatted']},@{props['calcFieldAreaFormatted']},@{props['calcFieldObjectDetailsFormatted']}</cc:text>
                    </cc:message>
                </cc:write>
            </cc:steps>
        </cc:async-mediation>
        <cc:aggregator id="Aggregator" routes-to="StoreTheOutput" force-batch-on-last-message="true">
            <cc:size-batch-strategy batch-size="-1"/>
            <cc:message-content-collater>
        <cc:header-text>Calculated Field Name,Field Source,Field,Area Of Use,Object Details@{'\n'}</cc:header-text>
        <cc:separator>@{'\n'}</cc:separator>
      </cc:message-content-collater>
        </cc:aggregator>
        <cc:async-mediation id="StoreTheOutput">
            <cc:steps>
                <cc:store id="Store" output-mimetype="application/vnd.ms-excel" title="CalculateFieldAnalyzer.csv"/>
            </cc:steps>
        </cc:async-mediation>
        <cc:async-mediation id="setTheConditionForAggregation" routes-to="LoopTheLaunchParameteList">
            <cc:steps>
                <cc:eval id="theMagicCondition"><cc:expression>props['magicCondtion'] = props['is.paged.get.last.page'] &amp;&amp; util.isLastMessageInBatch()</cc:expression></cc:eval>
            </cc:steps>
        </cc:async-mediation>
        <cc:async-mediation id="AsyncMediation" routes-to="sendTheReportDataForSplitting">
            <cc:steps>
                <cc:log id="Log">
                    <cc:log-message>
                        <cc:text>All custom Report Output :---->>>>></cc:text>
                        <cc:message-content/>
                    </cc:log-message>
                </cc:log>
            </cc:steps>
        </cc:async-mediation>
        <cc:route id="Route">
            <cc:mvel-strategy>
                <cc:choose-route expression="parts[0].xpathB('/wd:Report_Data/wd:Report_Entry','wd urn:com.workday.report/All_Calculated_Fields_Analyzer')" route="Split"/>
                <cc:choose-route expression="'true'" route="Warning"/>
            </cc:mvel-strategy>
            <cc:sub-route name="Split" routes-to="Splitter"/>
            <cc:sub-route name="Warning" routes-to="WarningMessage"/>
        </cc:route>
        <cc:local-out id="WarningMessage" routes-response-to="GenerateBlankCalcCSVFile" endpoint="vm://wcc/PutIntegrationMessage"><cc:set name="is.message.severity" value="'WARNING'"/><cc:set name="is.message.summary" value="'No calculated fields are found for the given Input field(s)'"/></cc:local-out>
        <cc:route id="Route0">
            <cc:mvel-strategy>
                <cc:choose-route expression="parts[0].xpathB('/wd:Report_Data/wd:Report_Entry','wd urn:com.workday.report/All_Custom_Reports_Analyzer')" route="Split"/>
                <cc:choose-route expression="'true'" route="Warning"/>
            </cc:mvel-strategy>
            <cc:sub-route name="Split" routes-to="SplitRaaSXMLData"/>
            <cc:sub-route name="Warning" routes-to="setWarningMsgForCustomReportGeneration"/>
        </cc:route>
        <cc:local-out id="setWarningMsgForCustomReportGeneration" routes-response-to="GenerateBlankRaaSCSVFile" endpoint="vm://wcc/PutIntegrationMessage"><cc:set name="is.message.severity" value="'WARNING'"/><cc:set name="is.message.summary" value="'No custom report found for the Input field(s)'"/></cc:local-out>
        <cc:async-mediation id="GenerateBlankRaaSCSVFile">
            <cc:steps>
                <cc:write id="Write" output-mimetype="text/plain">
                    <cc:message>
                        <cc:text>Custom Report Name,Areas Where Used,Fields Displayed On Report,Calculated Fields For Report,Fields Referenced In Report,Report Owner,Created On@{'\n'}</cc:text>
                    </cc:message>
                </cc:write>
                <cc:store id="RaaSCSV" output-mimetype="application/vnd.ms-excel" title="RaaSAnalyzer.csv"/>
            </cc:steps>
        </cc:async-mediation>
        <cc:async-mediation id="GenerateBlankCalcCSVFile">
            <cc:steps>
                <cc:write id="Write" output-mimetype="text/plain">
                    <cc:message>
                        <cc:text>Calculated Field Name,Field Source,Field,Area Of Use,Object Details@{'\n'}</cc:text>
                    </cc:message>
                </cc:write>
                <cc:store id="Store" output-mimetype="application/vnd.ms-excel" title="CalculateFieldAnalyzer.csv"/>
            </cc:steps>
        </cc:async-mediation>
	</cc:assembly>

</beans>