<?xml version="1.0" encoding="UTF-8"?>
<beans
     xmlns="http://www.springframework.org/schema/beans"
     xmlns:beans="http://www.springframework.org/schema/beans"
     xmlns:atom="http://www.w3.org/2005/Atom"
     xmlns:cc="http://www.capeclear.com/assembly/10"
     xmlns:cloud="urn:com.workday/esb/cloud/10.0"
     xmlns:env="http://schemas.xmlsoap.org/soap/envelope/"
     xmlns:pi="urn:com.workday/picof"
     xmlns:wd="urn:com.workday/bsvc"
     xmlns:xsi="http://www.w3.org/2001/XMLSchema-instance">
 
	<cc:assembly id="WorkdayAssembly" version="2018.35">
        <cc:local-out id="call-UnexpectedError" store-message="none" endpoint="vm://INT10106-Alight-YSA-Tuition-Adoption-Reimbursement-Inbound/UnexpectedErrorsHandler">
            <cc:set name="step.id" value="'StoreInputDetails'"/>
            <cc:set name="error.msg" value="context.errorMessage"/>
        </cc:local-out>
        <cc:local-in id="closeFile3Aggre" routes-to="aggregateErrorFile"/>
        <cc:local-out id="call-closeFile3Ag" store-message="none" execute-when="!props['critical.error.occurred']" routes-response-to="Call-CloseErrorAggregator" endpoint="vm://INT10106-Alight-YSA-Tuition-Adoption-Reimbursement-Inbound/closeFile3Aggre">
            <cc:set name="force.closeFile3.agg" value="true"/>
        </cc:local-out>
        <cc:local-out id="printErrorFile3" endpoint="vm://wcc/PutIntegrationMessage">
            <cc:set name="is.message.severity" value="'INFO'"/>
            <cc:set name="is.message.summary" value="'The Error file is attatched as an integration output document.'"/>
            <cc:set name="is.document.variable.name" value="'error.log'"/>
            <cc:set name="is.document.file.name" value="'INT10106-Alight_YSA_Tuition-Adoption_Reimbursement_Inbound_Errors.csv'"/>
            <cc:set name="is.message.storage.enabled" value="false"/>
        </cc:local-out>
        <cc:local-out id="callFile3Gen" store-message="none" endpoint="vm://INT10106-Alight-YSA-Tuition-Adoption-Reimbursement-Inbound/file3Generator">
            <cc:set name="integration.message" value="context.errorMessage"/>
        </cc:local-out>
        <cc:async-mediation id="checkFileErrors" routes-to="InputfileAgg" handle-downstream-errors="true">
            <cc:steps>
                <cc:validate-exp id="ValidateExp">
                    <cc:expression failure-message="Earning Code is Missing in the Input File">props['earEmpty'] == false</cc:expression>
                </cc:validate-exp>
            </cc:steps>
            <cc:send-error id="SendError" routes-to="callFile3Gen"/>
        </cc:async-mediation>
        <cc:async-mediation id="writeErrorFiletoCsv" routes-to="printErrorFile3" handle-downstream-errors="true">
            <cc:steps>
                <cc:xml-to-csv id="XmlToCsv" output-mimetype="text/plain"/>
                <cc:write id="Write" output-mimetype="text/plain">
                    <cc:message>
                        <cc:text>Employee Id,Deduction Code, Deduction Effective Date, Deduction Amount, Error Message</cc:text>
                        <cc:line-separator/>
                        <cc:message-content/>
                    </cc:message>
                </cc:write>
                <cc:store id="Store" output="variable" output-mimetype="text/plain" output-variable="error.log" expiresIn="P@{props['att.document.retention.policy']}D" title="INT10106-Alight_YSA_Tuition-Adoption_Reimbursement_Inbound_Errors.csv"/>
            </cc:steps>
            <cc:send-error id="call-UnexpectedError" routes-to="call-UnexpectedError"/>
        </cc:async-mediation>
        <cc:aggregator id="aggregateErrorFile" routes-to="writeErrorFiletoCsv" collate-when="!props['force.closeFile3.agg']" force-batch-on-last-message="false" force-batch-when="props['force.closeFile3.agg']">
            <cc:size-batch-strategy batch-size="-1"/>
            <cc:xml-message-content-collater>
        <cc:header-text>&lt;errorFile3></cc:header-text>
        <cc:footer-text>&lt;/errorFile3></cc:footer-text>
      </cc:xml-message-content-collater>
        </cc:aggregator>
        <cc:local-out id="Call-UnexpectedErrors" store-message="none" endpoint="vm://INT10106-Alight-YSA-Tuition-Adoption-Reimbursement-Inbound/UnexpectedErrorsHandler"/>
        <cc:async-mediation id="processErrorFile" routes-to="aggregateErrorFile" handle-downstream-errors="true">
            <cc:steps>
                <cc:eval id="Eval">
                    <cc:expression>// As the workers have some validation errors they must be recorded in File 3 and also to be Summarized into Audit File</cc:expression>
                    <cc:expression>props['message'] = props['integration.message'].toString()</cc:expression>
                    <cc:expression>props['errIdentity'] == true ? props['ee.id.hashset'].remove(props['emplid']) : ;</cc:expression>
                    <cc:expression>props['failed.record.count'] = props['failed.record.count'] + 1</cc:expression>
                    <cc:expression>props['failedAmount'] = props['failedAmount'] + props['amount']</cc:expression>
                </cc:eval>
                <cc:xslt-plus id="XsltPlus" url="INT10106ErrorFile3.xsl"/>
            </cc:steps>
            <cc:send-error id="SendError" routes-to="Call-UnexpectedErrors"/>
        </cc:async-mediation>
        <cc:local-in id="file3Generator" routes-to="processErrorFile"/>
        <cc:local-out id="GetFile" routes-response-to="RetrieveInputDocuments" endpoint="vm://wcc/GetEventDocuments">
            <cc:set name="ie.event.wid" value="lp.isSet() ? lp.getIntegrationEventWID() : null"/>
        </cc:local-out>
        <cc:route id="RetrieveInputDocuments">
            <cc:doc-iterator/>
            <cc:sub-route name="SubRoute" routes-to="SplitFileErrorHandler"/>
        </cc:route>
        <cc:async-mediation id="copyFileXmltoVariable" handle-downstream-errors="true">
            <cc:steps>
                <cc:copy id="Copy" output="variable" output-variable="xml.input.file"/>
            </cc:steps>
        </cc:async-mediation>
        <cc:local-in id="CloseInputFileAgg" routes-to="InputfileAgg"/>
        <cc:aggregator id="InputfileAgg" routes-to="copyFileXmltoVariable" collate-when="!props['force.close.agg']" force-batch-on-last-message="false" force-batch-when="props['force.close.agg']">
            <cc:size-batch-strategy/>
            <cc:xml-message-content-collater output="message">
        <cc:header-text>&lt;file></cc:header-text>
        <cc:footer-text>&lt;/file></cc:footer-text>
      </cc:xml-message-content-collater>
        </cc:aggregator>
        <cc:local-out id="callCloseInputfileAgg" store-message="none" execute-when="!props['critical.error.occurred']" routes-response-to="ValidateInputFile" endpoint="CloseInputFileAgg">
            <cc:set name="force.close.agg" value="true"/>
        </cc:local-out>
        <cc:local-out id="callCriticalSplitFileErrorHandler" store-message="none" endpoint="CriticalError">
            <cc:set name="step.id" value="'SplitFileErrorHandler'"/>
            <cc:set name="error.msg" value="'Error occured for Input file with error message '# context.errorMessage"/>
        </cc:local-out>
        <cc:local-out id="callRouterError" store-message="none" endpoint="UnexpectedErrorsHandler">
            <cc:set name="step.id" value="'AddInputToMap'"/>
            <cc:set name="error.msg" value="&quot;Error occured on file line for file &quot; # context.errorMessage"/>
            <cc:set name="inputs.counter" value="0"/>
        </cc:local-out>
        <cc:route id="routeHeadandTail">
            <cc:mvel-strategy filter="true">
                <cc:choose-route expression="parts[0].text.matches('T.*')" route="trailer"/>
                <cc:choose-route expression="parts[0].text.matches('R.*')" route="content"/>
            </cc:mvel-strategy>
            <cc:sub-route name="content" routes-to="CreateInputFileSchema"/>
            <cc:sub-route name="trailer" routes-to="fetchTrailerRecord"/>
        </cc:route>
        <cc:async-mediation id="SplitFileErrorHandler" routes-to="SplitterFileContent" execute-steps-when="!props['critical.error.occurred']" handle-downstream-errors="true">
            <cc:steps>
                <cc:copy id="Copy" output-mimetype="text/plain" input="variable" input-variable="wd.retrieve.variable" stream-xpath="true"/>
            </cc:steps>
            <cc:send-error id="SendError" routes-to="callCriticalSplitFileErrorHandler"/>
        </cc:async-mediation>
        <cc:splitter id="SplitterFileContent">
            <cc:sub-route name="SubRoute" routes-to="RouterErrorHandler"/>
            <cc:standard-splitter>
                <cc:content-fixed-lines/>
            </cc:standard-splitter>
        </cc:splitter>
        <cc:async-mediation id="RouterErrorHandler" routes-to="routeHeadandTail" handle-downstream-errors="true">
            <cc:steps>
                <cc:eval id="Eval">
                    <cc:expression>props['emplID'] = empty;</cc:expression>
                    <cc:expression>props['earEmpty'] = false;</cc:expression>
                    <cc:expression>props['effdt'] = null;</cc:expression>
                </cc:eval>
            </cc:steps>
            <cc:send-error id="SendError" routes-to="callRouterError"/>
        </cc:async-mediation>
        <cc:splitter id="SplitOnFileRows">
            <cc:sub-route name="SubRoute" routes-to="ProcessingProps"/>
            <cc:xml-stream-splitter xpath="file/detail"/>
        </cc:splitter>
        <cc:local-out id="call-ProcessPayrollInput" store-message="none" execute-when="props['error.free']" routes-response-to="call-closeFile3Ag" endpoint="processPayrollInput"/>
        <cc:splitter id="SplitInvalidIDS">
            <cc:sub-route name="SubRoute" routes-to="DeleteInvalidIDs"/>
            <cc:xml-stream-splitter namespaces="wd urn:com.workday/bsvc SOAP-ENV http://schemas.xmlsoap.org/soap/envelope/" xpath="/Envelope/Body/Fault/detail/wd:Validation_Fault/wd:Validation_Error"/>
        </cc:splitter>
        <cc:async-mediation id="initiateGetWorker" routes-to="Catch_Error" handle-downstream-errors="true">
            <cc:steps>
                <cc:write id="Write">
                    <cc:message>
                        <cc:text>&lt;wd:Get_Workers_Request xmlns:wd=&quot;urn:com.workday/bsvc&quot;>&#xD;
			&lt;wd:Request_References&#xD;
				wd:Skip_Non_Existing_Instances=&quot;true&quot;>&#xD;
				@foreach{props['ee.id.hashset'] as id}&#xD;
					&lt;wd:Worker_Reference>&#xD;
						&lt;wd:ID wd:type=&quot;Employee_ID&quot;>@{id}&lt;/wd:ID>&#xD;
					&lt;/wd:Worker_Reference>&#xD;
				@end{}&#xD;
			&lt;/wd:Request_References>&#xD;
&#xD;
		    &lt;wd:Request_Criteria>&#xD;
                &lt;wd:Field_And_Parameter_Criteria_Data>&#xD;
                    &lt;wd:Provider_Reference>&#xD;
                        &lt;wd:ID wd:type=&quot;Integration_System_ID&quot;>@{props['int.sys.name']}&lt;/wd:ID>&#xD;
                    &lt;/wd:Provider_Reference>&#xD;
                &lt;/wd:Field_And_Parameter_Criteria_Data>&#xD;
                 &lt;wd:Exclude_Inactive_Workers>false&lt;/wd:Exclude_Inactive_Workers>&#xD;
                &lt;wd:Exclude_Employees>false&lt;/wd:Exclude_Employees>&#xD;
                &lt;wd:Exclude_Contingent_Workers>true&lt;/wd:Exclude_Contingent_Workers>&#xD;
           &lt;/wd:Request_Criteria>&#xD;
            &#xD;
            &lt;wd:Response_Filter>&#xD;
                  &lt;wd:Page>1&lt;/wd:Page>&#xD;
                &lt;wd:Count>999&lt;/wd:Count>&#xD;
            &lt;/wd:Response_Filter>&#xD;
			&lt;wd:Response_Group>&#xD;
                &lt;wd:Include_Reference>false&lt;/wd:Include_Reference>&#xD;
                 &lt;wd:Include_Personal_Information>true&lt;/wd:Include_Personal_Information>&#xD;
                 &lt;wd:Include_Employment_Information>true&lt;/wd:Include_Employment_Information>&#xD;
            &lt;/wd:Response_Group>&#xD;
		&lt;/wd:Get_Workers_Request></cc:text>
                    </cc:message>
                </cc:write>
                <cc:copy id="Copy" output="variable" output-variable="getWorkersMessage"/>
                <cc:wrap-soap id="WrapSoap"/>
            </cc:steps>
            <cc:send-error id="SendError" routes-to="error-criticalGetWorkersError"/>
        </cc:async-mediation>
        <cc:local-in id="retrieveDoc" routes-to="InitRetrieveDocs"/>
        <cc:sync-mediation id="cleanGetWorkersCall" routes-to="SplitInvalidIDS" handle-downstream-errors="true">
            <cc:request-steps>
                <cc:eval id="isErrorTrue">
                    <cc:expression>props['is.error']=true</cc:expression>
                </cc:eval>
            </cc:request-steps>
            <cc:response-steps>
                <cc:eval id="isErrorFalse">
                    <cc:expression>props['is.error']=false</cc:expression>
                </cc:eval>
                <cc:wrap-soap id="WrapSoap"/>
                <cc:write id="Write">
                    <cc:message>
                        <cc:text>&lt;wd:Get_Workers_Request xmlns:wd=&quot;urn:com.workday/bsvc&quot;>&#xD;
			&lt;wd:Request_References&#xD;
				wd:Skip_Non_Existing_Instances=&quot;true&quot;>&#xD;
				@foreach{props['ee.id.hashset'] as id}&#xD;
					&lt;wd:Worker_Reference>&#xD;
						&lt;wd:ID wd:type=&quot;Employee_ID&quot;>@{id}&lt;/wd:ID>&#xD;
					&lt;/wd:Worker_Reference>&#xD;
				@end{}&#xD;
			&lt;/wd:Request_References>&#xD;
&#xD;
		    &lt;wd:Request_Criteria>&#xD;
                &lt;wd:Field_And_Parameter_Criteria_Data>&#xD;
                    &lt;wd:Provider_Reference>&#xD;
                        &lt;wd:ID wd:type=&quot;Integration_System_ID&quot;>@{props['int.sys.name']}&lt;/wd:ID>&#xD;
                    &lt;/wd:Provider_Reference>&#xD;
                &lt;/wd:Field_And_Parameter_Criteria_Data>&#xD;
                 &lt;wd:Exclude_Inactive_Workers>false&lt;/wd:Exclude_Inactive_Workers>&#xD;
                &lt;wd:Exclude_Employees>false&lt;/wd:Exclude_Employees>&#xD;
                &lt;wd:Exclude_Contingent_Workers>true&lt;/wd:Exclude_Contingent_Workers>&#xD;
           &lt;/wd:Request_Criteria>&#xD;
            &#xD;
            &lt;wd:Response_Filter>&#xD;
                  &lt;wd:Page>1&lt;/wd:Page>&#xD;
                &lt;wd:Count>999&lt;/wd:Count>&#xD;
            &lt;/wd:Response_Filter>&#xD;
			&lt;wd:Response_Group>&#xD;
                &lt;wd:Include_Reference>false&lt;/wd:Include_Reference>&#xD;
                 &lt;wd:Include_Personal_Information>true&lt;/wd:Include_Personal_Information>&#xD;
                 &lt;wd:Include_Employment_Information>true&lt;/wd:Include_Employment_Information>&#xD;
            &lt;/wd:Response_Group>&#xD;
		&lt;/wd:Get_Workers_Request></cc:text>
                    </cc:message>
                </cc:write>
            </cc:response-steps>
            <cc:send-error id="SendError" routes-to="error-CleanGetWorkers"/>
        </cc:sync-mediation>
        <cc:local-out id="call-retrieval-File" store-message="none" execute-when="props['error.free']" routes-response-to="callCloseInputfileAgg" endpoint="retrieveDoc"/>
        <cc:local-out id="Call-CloseErrorAggregator" store-message="none" execute-when="props['unexpected.errors.occurred'] &amp;&amp; !props['critical.error.occurred']" routes-response-to="Call-SummaryLog" endpoint="CloseErrorAggregator">
            <cc:set name="close.error.aggregator" value="true"/>
            <cc:set name="collate.errors" value="false"/>
        </cc:local-out>
        <cc:async-mediation id="workerDataMap" handle-downstream-errors="true">
            <cc:steps>
                <cc:eval id="Eval">
                    <cc:expression>props['ee.id'] = empty; props['curr.period.start.date'] =empty; props['curr.period.end.date'] = empty;</cc:expression>
                    <cc:expression>props['ee.id'] = parts[0].xpath('wd:Worker/wd:Worker_Data/wd:Worker_ID', 'wd urn:com.workday/bsvc')</cc:expression>
                    <cc:expression>props['curr.period.start.date'] = parts[0].xpath(&quot;wd:Worker/wd:Worker_Data/wd:Integration_Field_Override_Data[wd:Field_Reference/wd:ID[@wd:parent_id='INT10106-FieldOverride'] = 'Current Period Start Date']/wd:Value&quot;,'wd urn:com.workday/bsvc')</cc:expression>
                    <cc:expression>props['curr.period.end.date'] = parts[0].xpath(&quot;wd:Worker/wd:Worker_Data/wd:Integration_Field_Override_Data[wd:Field_Reference/wd:ID[@wd:parent_id='INT10106-FieldOverride'] = 'Current Period End Date']/wd:Value&quot;,'wd urn:com.workday/bsvc')</cc:expression>
                </cc:eval>
                <cc:write id="Write">
                    <cc:message>
                        <cc:text>&lt;I>&#xD;
 &lt;CurrentPeriodStartDate>@{props['curr.period.start.date']}&lt;/CurrentPeriodStartDate>&#xD;
 &lt;CurrentPeriodEndDate>@{props['curr.period.end.date']}&lt;/CurrentPeriodEndDate>&#xD;
 &lt;/I></cc:text>
                    </cc:message>
                </cc:write>
                <cc:eval id="Eval0">
                    <cc:expression>props['payperiod.data.map'].put(props['ee.id'],parts[0].text)</cc:expression>
                </cc:eval>
            </cc:steps>
            <cc:send-error id="SendError" routes-to="error-WorkerMap"/>
        </cc:async-mediation>
        <cc:async-mediation id="CreateInputFileSchema" routes-to="checkFileErrors" handle-downstream-errors="true">
            <cc:steps>
                <cc:eval id="incrementLine">
                    <cc:expression>props['file.row.number'] = props['file.row.number'] + 1</cc:expression>
                </cc:eval>
                <cc:textschema id="Textschema" input="message" style="text2xml" url="INT10106FileLine.xsd"/>
                <cc:eval id="Eval">
                    <cc:expression>props['emplid'] = parts[0].xstream(&quot;detail/empldID&quot;) ;</cc:expression>
                    <cc:expression>props['amount'] = parts[0].xstream(&quot;detail/amount&quot;);&#xD;
props['amount'] = java.lang.Integer.parseInt(props['amount']);</cc:expression>
                    <cc:expression>props['ear.code'] = parts[0].xstream(&quot;detail/earningCode&quot;); props['effdt'] = parts[0].xstream(&quot;detail/effdt&quot;);</cc:expression>
                    <cc:expression>props['emplid'] != empty ? props['ee.id.hashset'].add(props['emplid']) ;</cc:expression>
                    <cc:expression>props['lineAmount'] = props['amount'] + props['lineAmount']</cc:expression>
                    <cc:expression>// Check for existence of employee ID already in the Hash Map Who are Not in the Tenant</cc:expression>
                    <cc:expression>props['tempAmt'] = 0; props['newAmount'] = 0;</cc:expression>
                    <cc:expression>props['ee.amount'].containsKey(props['emplid']) ? props['tempAmt'] = props['ee.amount'].get(props['emplid']) : ;</cc:expression>
                    <cc:expression>props['newAmount'] = props['tempAmt'] + parts[0].xstream(&quot;detail/amount&quot;)</cc:expression>
                    <cc:expression>props['ee.amount'].put(props['emplid'],props['newAmount'])</cc:expression>
                    <cc:expression>// Capture Errors That are Specific to Error File # 3</cc:expression>
                    <cc:expression>props['earEmpty'] = props['ear.code'].toString().isEmpty() ? true : false</cc:expression>
                    <cc:expression>props['message'] = empty;</cc:expression>
                    <cc:expression>props['errIdentity'] = true;</cc:expression></cc:eval>
            </cc:steps>
            <cc:send-error id="SendError" routes-to="error-fileSchemaError"/>
        </cc:async-mediation>
        <cc:splitter id="SplitWorkResponse">
            <cc:sub-route name="SubRoute" routes-to="workerDataMap"/>
            <cc:xml-stream-splitter xpath="Workers/wd:Worker"/>
        </cc:splitter>
        <cc:local-out id="call-retrieveWorkerData" store-message="none" execute-when="props['error.free']" routes-response-to="call-ProcessPayrollInput" endpoint="retrieveWorkerData"/>
        <cc:async-mediation id="InitRetrieveDocs" routes-to="GetFile" execute-steps-when="!props['critical.error.occurred']" handle-downstream-errors="true">
            <cc:steps>
                <cc:eval id="Eval">
                    <cc:expression>vars['wd.retrieve.variable'] = empty</cc:expression>
                </cc:eval>
            </cc:steps>
            <cc:send-error id="SendError" routes-to="error-criticalRetrieveDocsError"/>
        </cc:async-mediation>
        <cc:local-out id="error-CleanGetWorkers" endpoint="vm://wcc/PutIntegrationMessage">
            <cc:set name="is.message.severity" value="'ERROR'"/>
            <cc:set name="is.message.summary" value="'Error in Clean Invalid Employee ID'"/>
        </cc:local-out>
        <cc:async-mediation id="ProcessingProps" routes-to="SetupForSubmitAmountCall" execute-steps-when="!props['critical.error.occurred']" handle-downstream-errors="true">
            <cc:steps>
                <cc:eval id="Reset">
                    <cc:expression>props['employee.id'] = empty; props['earning.code'] = empty; &#xD;
props['end.date'] = empty; &#xD;
props['amount'] = empty; props['message'] = empty; props['file.earning.code'] = empty;</cc:expression>
                    <cc:expression>props['emplid'] = parts[0].xstream(&quot;detail/empldID&quot;)</cc:expression>
                    <cc:expression>props['file.code'] = parts[0].xstream(&quot;detail/earningCode&quot;); props['ear.code'] = &quot;&quot;;</cc:expression>
                    <cc:expression>props['ear.code'] = props['earnings.map'].containsKey(props['file.code']) ? props['earnings.map'].get(props['file.code']) : &quot;&quot;;</cc:expression>
                    <cc:expression>props['effdt'] = parts[0].xstream(&quot;detail/effdt&quot;)</cc:expression>
                    <cc:expression>props['amount'] = parts[0].xstream(&quot;detail/amount&quot;);&#xD;
props['amount'] = java.lang.Integer.parseInt(props['amount']);&#xD;
props['new.amount'] = empty; props['new.amount'] = ( props['amount'] / 100 );</cc:expression>
                    <cc:expression>props['record.process.count'] = props['record.process.count'] + 1</cc:expression>
                    <cc:expression>props['counterInputID'] = props['counterInputID'] + 1;</cc:expression>
                </cc:eval>
                <cc:eval id="inputEmpData">
                    <cc:expression>vars['emp.payperiod.dates'] = props['payperiod.data.map'].get(props['emplid'])</cc:expression>
                    <cc:expression>props['start.date'] = (vars['emp.payperiod.dates'] == null ? empty : vars['emp.payperiod.dates'].xstream(&quot;I/CurrentPeriodStartDate&quot;))</cc:expression><cc:expression>props['end.date'] = (vars['emp.payperiod.dates'] == null ? empty : vars['emp.payperiod.dates'].xstream(&quot;I/CurrentPeriodEndDate&quot;))</cc:expression>
                </cc:eval>
                <cc:validate-exp id="ValidateExp">
                    <cc:expression failure-message="Could not find employee @{props['emplid']} in the tenant.">props['ee.id.hashset'].contains(props['emplid'])</cc:expression>
                    <cc:expression failure-message="Could not find the Earning Code @{props['file.code']} in the tenant.">!props['ear.code'].toString().isEmpty()</cc:expression>
                    <cc:expression failure-message="Could not determine Payroll Input Properties. Pay Period Start Date is Empty for the Employee  @{props['emplid']}">props['start.date'] != null &amp;&amp; !props['start.date'].toString().isEmpty()</cc:expression>
                </cc:validate-exp>
                <cc:eval id="AddtnalProps">
                    <cc:expression>props['batch.id'] = props['att.batch.id']#props['asof.date.formatted']</cc:expression>
                    <cc:expression>props['inputs.counter'] = props['inputs.counter'] + 1</cc:expression>
                    <cc:expression>props['ws.response.msg'] = empty</cc:expression>
                    <cc:expression>props['show.record.flag'] = true</cc:expression></cc:eval>
            </cc:steps>
            <cc:send-error id="SendError" routes-to="call-File3Generator"/>
        </cc:async-mediation>
        <cc:local-in id="processPayrollInput" routes-to="SplitterErrorHandler"/>
        <cc:local-in id="retrieveWorkerData" routes-to="initiateGetWorker"/>
        <cc:local-out id="error-criticalGetWorkersError" store-message="none" endpoint="CriticalError">
            <cc:set name="step.id" value="'WriteGetWorkers'"/>
            <cc:set name="error.msg" value="&quot;Error occurred when preparing Get Workers request &quot; #context.errorMessage"/>
        </cc:local-out>
        <cc:local-out id="error-CriticalNoRowsError" store-message="none" endpoint="CriticalError">
            <cc:set name="step.id" value="'SplitOnFileRows'"/>
            <cc:set name="error.msg" value="&quot;Error occurred when trying to split on file lines. Error message: &quot;#context.errorMessage"/>
        </cc:local-out>
        <cc:local-out id="error-criticalRetrieveDocsError" store-message="none" endpoint="CriticalError">
            <cc:set name="step.id" value="'InitRetrieveDocs'"/>
        </cc:local-out>
        <cc:async-mediation id="Catch_Error" routes-to="PagedGet" handle-downstream-errors="true">
            <cc:steps>
                <cc:eval id="Eval">
                    <cc:expression>props['is.error'] = false</cc:expression>
                </cc:eval>
            </cc:steps>
            <cc:send-error id="SendError" routes-to="Call-CleanInvalidEEids"/>
        </cc:async-mediation>
        <cc:async-mediation id="SplitterErrorHandler" routes-to="SplitOnFileRows" execute-steps-when="!props['critical.error.occurred']" handle-downstream-errors="true">
            <cc:steps>
                <cc:copy id="Copy" input="variable" input-variable="xml.input.file" stream-xpath="true"/>
                <cc:eval id="Eval">
                    <cc:expression>props['record.process.count'] = 0;</cc:expression>
                    <cc:expression>props['counterInputID'] = 0;</cc:expression>
                    <cc:expression>props['errIdentity'] = false;</cc:expression>
                </cc:eval>
            </cc:steps>
            <cc:send-error id="SendError" routes-to="error-CriticalNoRowsError"/>
        </cc:async-mediation>
        <cc:local-out id="validationModeEnabled" execute-when="props['lp.validation.mode']" routes-response-to="call-retrieval-File" endpoint="vm://wcc/PutIntegrationMessage">
            <cc:set name="is.message.severity" value="'INFO'"/>
            <cc:set name="is.message.summary" value="'Validation Mode enabled. Workday records will not be updated.'"/>
        </cc:local-out>
        <cc:local-out id="error-WorkerMap" endpoint="vm://wcc/PutIntegrationMessage">
            <cc:set name="is.message.severity" value="'ERROR'"/>
            <cc:set name="is.message.summary" value="'Error while creating Employee ID Map'"/>
            <cc:set name="is.message.storage.enabled" value="false"/>
        </cc:local-out>
        <cc:local-in id="removeInvalidEEids" routes-to="cleanGetWorkersCall"/>
        <cc:workday-in id="INT10106" routes-to="call-initializingParams">
            <cc:integration-system name="INT10106 Alight YSA Tuition Adoption Reimbursement Inbound">
        <cloud:param name="Validation Mode">
          <cloud:type>
            <cloud:simple-type>boolean</cloud:simple-type>
          </cloud:type>
          <cloud:default>
            <cloud:class-report-field description="Is False" type="WID">31c06fc0321f487db48d1e0b257f5bd7</cloud:class-report-field>
          </cloud:default>
        </cloud:param>
        <cloud:param name="As of Entry">
          <cloud:type>
            <cloud:simple-type>datetime</cloud:simple-type>
          </cloud:type>
          <cloud:default>
            <cloud:class-report-field description="Current Moment (DateTime)" type="WID">df4effe76deb4222a79001d6737cf91c</cloud:class-report-field>
          </cloud:default>
        </cloud:param>
        <cloud:param name="Studio Debug WID">
          <cloud:type>
            <cloud:simple-type>text</cloud:simple-type>
          </cloud:type>
        </cloud:param>
        <cloud:attribute-map-service name="INT10106-Generic">
          <cloud:attribute name="Document Retention Policy">
            <cloud:type>
              <cloud:simple-type>number</cloud:simple-type>
            </cloud:type>
          </cloud:attribute>
          <cloud:attribute name="Batch ID Prefix">
            <cloud:type>
              <cloud:simple-type>text</cloud:simple-type>
            </cloud:type>
          </cloud:attribute>
          <cloud:attribute name="WWS Version">
            <cloud:type>
              <cloud:simple-type>text</cloud:simple-type>
            </cloud:type>
          </cloud:attribute>
          <cloud:map name="Earnings">
            <cloud:internal-type>
              <cloud:class-report-field description="Earning" type="WID">c5453cef909149b5a409b1c9e41520a5</cloud:class-report-field>
            </cloud:internal-type>
            <cloud:external-type>
              <cloud:simple-type>text</cloud:simple-type>
            </cloud:external-type>
          </cloud:map>
        </cloud:attribute-map-service>
        <cloud:service-reference name="INT10106-FieldOverride"/>
      </cc:integration-system>
        </cc:workday-in>
        <cc:async-mediation id="DeleteInvalidIDs" handle-downstream-errors="true">
            <cc:steps>
                <cc:eval id="DeleteInvalidIDs">
                    <cc:expression>props['error.xpath']=parts[0].xpath('wd:Validation_Error/wd:Xpath')+'/wd:ID'</cc:expression>
                    <cc:expression>props['invalid.id']=vars['getWorkersMessage'].xpath(props['error.xpath'])</cc:expression>
                    <cc:expression>props['ee.id.hashset'].remove(props['invalid.id'])</cc:expression>
                </cc:eval>
            </cc:steps>
        </cc:async-mediation>
        <cc:local-out id="call-File3Generator" store-message="none" endpoint="file3Generator">
            <cc:set name="step.id" value="'ProcessingProps'"/>
            <cc:set name="status" value="'FAILURE'"/>
            <cc:set name="inputs.counter" value="0"/>
            <cc:set name="integration.message" value="context.errorMessage"/>
        <cc:set name="start.date" value="props['effdt']"/></cc:local-out>
        <cc:local-out id="Call-CleanInvalidEEids" store-message="none" execute-when="context.errorMessage.contains('not a valid ID value for type')" routes-response-to="PagedGet" endpoint="removeInvalidEEids"/>
        <cc:local-out id="error-fileSchemaError" store-message="none" endpoint="UnexpectedErrorsHandler">
            <cc:set name="step.id" value="'SaveEmplidToHashSet'"/>
            <cc:set name="error.msg" value="&quot;Error occured on file &quot; #context.errorMessage"/>
        </cc:local-out>
        <cc:local-out id="PagedGet" execute-when="!props['critical.error.occurred']" routes-response-to="SplitWorkResponse" endpoint="vm://wcc/PagedGet">
            <cc:set name="is.paged.get.request.current.page.xpath" value="'/env:Envelope/env:Body/*/wd:Response_Filter/wd:Page'"/>
            <cc:set name="is.paged.get.response.current.page.xpath" value="'/env:Envelope/env:Body/*/wd:Response_Results/wd:Page'"/>
            <cc:set name="is.paged.get.response.total.pages.xpath" value="'/env:Envelope/env:Body/*/wd:Response_Results/wd:Total_Pages'"/>
            <cc:set name="is.paged.get.response.total.results.xpath" value="'/env:Envelope/env:Body/*/wd:Response_Results/wd:Total_Results'"/>
            <cc:set name="is.paged.get.aggregate.xpath" value="'/env:Envelope/env:Body/wd:Get_Workers_Response/wd:Response_Data/wd:Worker'"/>
            <cc:set name="is.paged.get.aggregate.header" value="'&lt;Workers>'"/>
            <cc:set name="is.paged.get.aggregate.footer" value="'&lt;/Workers>'"/>
            <cc:set name="is.paged.get.application" value="'Human_Resources'"/>
            <cc:set name="is.paged.get.version" value="props['att.wws.version']"/>
            <cc:set name="is.paged.get.page.zero" value="false"/>
            <cc:set name="is.paged.get.store.requests" value="true"/>
            <cc:set name="is.paged.get.parallel" value="true"/>
        </cc:local-out>
        <cc:local-out id="postErrortoIntegrationLog" endpoint="vm://wcc/PutIntegrationMessage">
            <cc:set name="is.message.severity" value="'ERROR'"/>
            <cc:set name="is.message.summary" value="'Error while calling Auditline '#context.errorMessage"/>
        </cc:local-out>
        <cc:async-mediation id="UpdateSucess" handle-downstream-errors="true">
            <cc:steps>
                <cc:eval id="EvalSuccess">
                    <cc:expression>props['ws.response.msg'] = 'Success'</cc:expression>
                    <cc:expression>props['success.record.count'] = props['success.record.count'] + 1</cc:expression>
                    <cc:expression>props['successAmount'] = props['successAmount'] + props['amount'];</cc:expression></cc:eval>
            </cc:steps>
            <cc:send-error id="SendError" routes-to="postErrortoIntegrationLog"/>
        </cc:async-mediation>
        <cc:workday-out-soap id="SubmitPayrollInput" routes-response-to="UpdateSucess" application="Payroll" version="@{props['att.wws.version']}"/>
        <cc:async-mediation id="ValidationMode" routes-to="SubmitPayrollInput" execute-steps-when="props['lp.validation.mode'] == '1' || props['lp.validation.mode'] == true" handle-downstream-errors="true">
            <cc:steps>
                <cc:set-headers id="ValidationOn">
                    <cc:remove-headers/>
                    <cc:add-headers>
                        <cc:add-header name="X-Validate-Only" value="1"/>
                    </cc:add-headers>
                </cc:set-headers>
            </cc:steps>
        </cc:async-mediation>
        <cc:sync-mediation id="SetupForSubmitAmountCall" routes-to="ValidationMode" handle-downstream-errors="true">
            <cc:request-steps>
                <cc:xslt-plus id="XsltPlus" url="INT10106 PayInputData.xsl"/>
                <cc:wrap-soap id="WrapSoap"/>
            </cc:request-steps>
            <cc:response-steps>
                <cc:set-headers id="ValidationOff">
                    <cc:remove-headers>
                        <cc:remove-header name="X-Validate-Only"/>
                    </cc:remove-headers>
                    <cc:add-headers/>
                </cc:set-headers>
            </cc:response-steps>
            <cc:send-error id="SendError" routes-to="call-File3Generator0"/>
        </cc:sync-mediation>
        <cc:local-in id="CriticalError" routes-to="SetCriticalErrorFlag"/>
        <cc:local-out id="CallCriticalStoreErrors" store-message="none" endpoint="CriticalError">
            <cc:set name="step.id" value="'StoreErrors'"/>
        </cc:local-out>
        <cc:local-in id="CloseErrorAggregator" routes-to="AggregateErrors"/>
        <cc:local-out id="Note-Error" endpoint="vm://wcc/PutIntegrationMessage">
            <cc:set name="is.message.severity" value="'CRITICAL'"/>
            <cc:set name="is.message.summary" value="&quot;Unexpected error occured:&quot; # context.errorMessage"/>
        </cc:local-out>
        <cc:local-out id="SendInitError" routes-response-to="AbortImportPayInputs" endpoint="vm://wcc/PutIntegrationMessage">
            <cc:set name="is.message.severity" value="'CRITICAL'"/>
            <cc:set name="is.message.summary" value="&quot;An unexpected error occurred at step &quot; # props['step.id'] # &quot;. Error details: &quot; # context.errorMessage #  &quot;.\n Please review the input files that should be retrieved in the business process. You may even need to perform mass rescind of data changes and rerun entire process.&quot;"/>
            <cc:set name="is.message.detail" value="props['error.msg'] != empty ? props['error.msg'] : ''"/>
        </cc:local-out>
        <cc:async-mediation id="SaveUnexpectedErrorData" routes-to="AggregateErrors" execute-steps-when="!props['critical.error.occurred']" handle-downstream-errors="true">
            <cc:steps>
                <cc:set-headers id="ValidationOff">
                    <cc:remove-headers>
                        <cc:remove-header name="X-Validate-Only"/>
                    </cc:remove-headers>
                    <cc:add-headers>
                        
                    </cc:add-headers>
                </cc:set-headers>
                <cc:eval id="ErrorFlag"><cc:expression>props['unexpected.errors.occurred'] = true</cc:expression><cc:expression>props['collate.errors'] = true</cc:expression></cc:eval>
                <cc:write id="Write" output-mimetype="text/plain">
                    <cc:message>
                        <cc:text>@{props['step.id']},@{props['error.msg']},@{props['employee.id']}</cc:text>
                    </cc:message>
                </cc:write>
            </cc:steps>
            <cc:send-error id="SendError" routes-to="CallCriticalSaveUnexpectedErrorData"/>
        </cc:async-mediation>
        <cc:aggregator id="AggregateErrors" routes-to="StoreErrors" collate-when="props['collate.errors']" force-batch-on-last-message="false" force-batch-when="props['close.error.aggregator']">
            <cc:size-batch-strategy/>
            <cc:message-content-collater>
        <cc:header-text>Step ID where error occurred,Error Message,Employee ID (if applicable)@{&quot;\n&quot;}</cc:header-text>
        <cc:separator>@{&quot;\n&quot;}</cc:separator>
      </cc:message-content-collater>
        </cc:aggregator>
        <cc:local-out id="CallStoreInputDetailsError" store-message="none" endpoint="UnexpectedErrorsHandler">
            <cc:set name="step.id" value="'StoreInputDetails'"/>
            <cc:set name="error.msg" value="context.errorMessage"/>
        </cc:local-out>
        <cc:local-out id="CallCriticalSaveUnexpectedErrorData" store-message="none" endpoint="CriticalError">
            <cc:set name="step.id" value="'SaveUnexpectedErrorData'"/>
        </cc:local-out>
        <cc:async-mediation id="StoreErrors" execute-steps-when="!props['critical.error.occurred']" handle-downstream-errors="true">
            <cc:steps>
            </cc:steps>
            <cc:send-error id="SendError" routes-to="CallCriticalStoreErrors"/>
        </cc:async-mediation>
        <cc:local-out id="AbortImportPayInputs" endpoint="vm://wcc/PutIntegrationEvent">
            <cc:set name="is.event.completed" value="&quot;current&quot;"/>
        </cc:local-out>
        <cc:local-in id="UnexpectedErrorsHandler" routes-to="SaveUnexpectedErrorData"/>
        <cc:local-out id="PutAuditLogXML" execute-when="!props['critical.error.occurred']" endpoint="vm://wcc/PutIntegrationMessage">
            <cc:set name="is.message.severity" value="'INFO'"/>
            <cc:set name="is.message.summary" value="&quot;Summary File is stored.&quot;"/>
            <cc:set name="is.document.variable.name" value="&quot;audit.log&quot;"/>
            <cc:set name="is.document.file.name" value="'INT10106-Alight_YSA_Tuition-Adoption_Reimbursement_Inbound_Summary.txt'"/>
            <cc:set name="is.document.labels" value="&quot;audit.log&quot;"/>
            <cc:set name="is.document.deliverable" value="'true'"/>
        </cc:local-out>
        <cc:async-mediation id="SetCriticalErrorFlag" routes-to="SendInitError" handle-downstream-errors="true">
            <cc:steps>
                <cc:eval id="setFlag"><cc:expression>props['critical.error.occurred'] = true</cc:expression></cc:eval>
            </cc:steps>
        </cc:async-mediation>
        <cc:send-error id="global-error-handler" rethrow-error="false" routes-to="Note-Error"/>
        <cc:async-mediation id="StoreInputDetails" routes-to="PutAuditLogXML" execute-steps-when="!props['critical.error.occurred']" handle-downstream-errors="true">
            <cc:steps>
                <cc:write id="Write" output="message" output-mimetype="text/plain">
                    <cc:message>
                        <cc:text>INT10106 Alight YSA Tuition Adoption Reimbursement Inbound&#xD;
&#xD;
Run Date : @{props['current.Date']}&#xD;
Run Time : @{props['current.Time']}&#xD;
&#xD;
Trailer Record Count : @{props['trailer.record.count']}&#xD;
Trailer Record Total Amount : @{props['trailer.record.amt']}&#xD;
&#xD;
Actual Record Count : @{props['file.row.number']}&#xD;
Actual Record Total Amount : @{props['lineAmount']}&#xD;
&#xD;
Total Records Loaded : @{props['success.record.count']}&#xD;
Total Amount from Records Loaded : @{props['successAmount']}&#xD;
&#xD;
Total Records Errored : @{props['failed.record.count']}&#xD;
Total Amount from Records Errored : @{props['failedAmount']}&#xD;
</cc:text>
                    </cc:message>
                </cc:write>
                <cc:store id="Store" output="variable" output-mimetype="text/plain" output-variable="audit.log" input="message" expiresIn="P@{props['att.document.retention.policy']}D" title="INT10106-Alight_YSA_Tuition-Adoption_Reimbursement_Inbound_Summary.txt"/>
            </cc:steps>
            <cc:send-error id="SendError" routes-to="CallStoreInputDetailsError"/>
        </cc:async-mediation>
        <cc:local-out id="callCriticalEmptyFileError" store-message="none" endpoint="CriticalError">
            <cc:set name="step.id" value="'FileRecordCount'`"/>
            <cc:set name="error.msg" value="&quot;No Records in the file. Error message: &quot;#context.errorMessage"/>
        </cc:local-out>
        <cc:async-mediation id="ValidateInputFile" routes-to="call-retrieveWorkerData" handle-downstream-errors="true">
            <cc:steps>
                <cc:validate-exp id="ValidateExp">
                    <cc:expression failure-message="Either File is empty or File field mappings are not correct. No record to read.">props['file.row.number'] > 0</cc:expression>
                    <cc:expression failure-message="The Amount of Each employee does not match with the consolidated trailer total">props['totalerror'] == false</cc:expression>
                    <cc:expression failure-message="Total Count of records does not match with the Trailer count">props['countError'] == false</cc:expression>
                </cc:validate-exp>
            </cc:steps>
            <cc:send-error id="SendError" routes-to="callCriticalEmptyFileError"/>
        </cc:async-mediation>
        <cc:local-in id="initializingParams" routes-to="setInitialProperties"/>
        <cc:async-mediation id="setInitialProperties" routes-to="SplitByKeyValPair" handle-downstream-errors="true">
            <cc:steps>
                <cc:eval id="LP">
                    <cc:expression>props['integration.id'] = intsys.getName()</cc:expression>
                    <cc:expression>props['lp.validation.mode'] = (Boolean)lp.getSimpleData('Validation Mode')</cc:expression>
                    <cc:expression>props['lp.asof.datetime'] = lp.getSimpleData('As of Entry')</cc:expression>
                    <cc:expression>props['lp.asof.date'] = props['lp.asof.datetime'].substring(0,10)</cc:expression>
                    <cc:expression>props['lp.asof.datetime.formatted'] = props['lp.asof.datetime'].toString().replaceAll(&quot;-|:|[A-Z]&quot;,&quot;&quot;)</cc:expression>
                    <cc:expression>props['asof.datetime.formatted'] = props['lp.asof.datetime.formatted'].substring(4, 6)#props['lp.asof.datetime.formatted'].substring(6, 8)#props['lp.asof.datetime.formatted'].substring(0, 4)#props['lp.asof.datetime.formatted'].substring(10, 12)#props['lp.asof.datetime.formatted'].substring(12, 14)&#xD;
&#xD;
</cc:expression>
                    <cc:expression>props['asof.date.formatted'] = props['lp.asof.datetime.formatted'].substring(4, 6)#props['lp.asof.datetime.formatted'].substring(6, 8)#props['lp.asof.datetime.formatted'].substring(0, 4)#props['lp.asof.datetime.formatted'].substring(8, 10)#props['lp.asof.datetime.formatted'].substring(10, 12)</cc:expression>
                </cc:eval>
                <cc:eval id="Props &amp; Vars">
                    <cc:expression>props['record.count'] = 0; props['inputs.counter'] = 0; props['file.row.number'] = 0; props['lineAmount'] = 0;</cc:expression>
                    <cc:expression>props['totalerror'] = false; props['countError'] = false;</cc:expression>
                    <cc:expression>props['step.id'] = empty;</cc:expression>
                    <cc:expression>props['force.close.agg'] = false; props['show.record.flag'] = true; props['close.imp.responses.agg'] = false;</cc:expression>
                    <cc:expression>props['error.msg'] = empty; props['error.free'] = true; </cc:expression>
                    <cc:expression>props['critical.error.occurred'] = false; props['unexpected.errors.occurred'] = false</cc:expression>
                    <cc:expression>props['int.sys.name'] = intsys.getName()</cc:expression>
                    <cc:expression>props['successAmount'] = 0; props['failedAmount'] = 0; props['success.record.count'] = 0; props['failed.record.count'] = 0; </cc:expression>
                    <cc:expression>props['force.closeFile3.agg'] = false;</cc:expression>
                    <cc:expression>props['current.Date'] = java.time.LocalDate.now() ; props['current.Time'] = java.time.LocalTime.now() ;</cc:expression>
                </cc:eval>
                <cc:eval id="Maps&amp;Lists">
                    <cc:expression>props['ee.id.hashset'] = new java.util.HashSet()</cc:expression>
                    <cc:expression>props['payperiod.data.map'] = new java.util.HashMap</cc:expression>
                    <cc:expression>props['earnings.map'] =new java.util.HashMap()</cc:expression>
                    <cc:expression>props['earning.names.map'] = new java.util.HashMap()</cc:expression>
                    <cc:expression>props['ee.amount'] = new java.util.HashMap()</cc:expression>
                    <cc:expression>props['errList.file3'] = new java.util.ArrayList()</cc:expression>
                </cc:eval>
                <cc:eval id="Attr">
                    <cc:expression>props['att.wws.version'] = intsys.getAttribute('WWS Version')</cc:expression>
                    <cc:expression>props['att.document.retention.policy'] = intsys.getAttribute('Document Retention Policy')</cc:expression>
                    <cc:expression>props['att.batch.id'] = intsys.getAttribute('Batch Id Prefix')</cc:expression>
                </cc:eval>
                <cc:xslt-plus id="XsltPlus" url="INT10106PrepareMaps.xsl"/>
            </cc:steps>
            <cc:send-error id="SendError" routes-to="error-initialization"/>
        </cc:async-mediation>
        <cc:async-mediation id="StoreKeyValInHashMap" execute-steps-when="!props['critical.error.occurred']" handle-downstream-errors="true">
            <cc:steps>
                <cc:eval id="Eval"><cc:expression>props['map.name'] = empty; props['map.name'] = parts[0].xstream(&quot;KeyVal/Map&quot;) </cc:expression><cc:expression>props['internal.val'] = empty; props['internal.val'] = parts[0].xstream(&quot;KeyVal/Int&quot;)</cc:expression><cc:expression>props['external.val'] = empty; props['external.val'] = parts[0].xstream(&quot;KeyVal/Ext&quot;)</cc:expression><cc:expression>// Earning Code mapping </cc:expression><cc:expression>props['map.name'] == &quot;Earnings&quot; ? props['earnings.map'].put( props['external.val'], props['internal.val']) : ; </cc:expression>
                    <cc:expression>//props['earning.names.map'].put(props['external.val'], parts[0].xstream(&quot;KeyVal/Name&quot;))</cc:expression></cc:eval>
            </cc:steps>
        </cc:async-mediation>
        <cc:splitter id="SplitByKeyValPair">
            <cc:sub-route name="KeyVal" routes-to="StoreKeyValInHashMap"/>
            <cc:xml-stream-splitter xpath="/Maps/KeyVal"/>
        </cc:splitter>
        <cc:local-out id="error-initialization" endpoint="vm://wcc/PutIntegrationMessage">
            <cc:set name="is.message.severity" value="'ERROR'"/>
            <cc:set name="is.message.summary" value="'Error during initialization. Please see details!'"/>
            <cc:set name="is.message.detail" value="context.getErrorMessage()"/>
        </cc:local-out>
        <cc:local-out id="call-initializingParams" store-message="none" routes-response-to="validationModeEnabled" endpoint="vm://INT10106-Alight-YSA-Tuition-Adoption-Reimbursement-Inbound/initializingParams"/>
        <cc:async-mediation id="fetchTrailerRecord" handle-downstream-errors="true">
            <cc:steps>
                <cc:textschema id="Textschema" input="message" style="text2xml" url="INT10106TrailerLine.xsd"/>
                <cc:eval id="Eval">
                    <cc:expression>props['trailer.record.count'] = 0;&#xD;
props['trailer.record.count'] = parts[0].xstream(&quot;detail/count&quot;);</cc:expression>
                    <cc:expression>props['trailer.record.amt'] = parts[0].xstream(&quot;detail/totalAmt&quot;)</cc:expression>
                    <cc:expression>props['totalerror'] = java.lang.Double.parseDouble(props['trailer.record.amt']) == java.lang.Double.parseDouble(props['lineAmount']) ? false : true;</cc:expression>
                    <cc:expression>props['file.row.number1'] = props['file.row.number'] + 2;</cc:expression>
                    <cc:expression>props['countError'] = java.lang.Double.parseDouble(props['trailer.record.count']) == java.lang.Double.parseDouble(props['file.row.number']) ? false : true;</cc:expression>
                    <cc:expression>props['trailer.record.count'] = java.lang.Integer.parseInt(props['trailer.record.count'])</cc:expression>
                </cc:eval>
                <cc:eval id="Eval0">
                    <cc:expression>props['aid'] = true</cc:expression>
                </cc:eval>
            </cc:steps>
            <cc:send-error id="SendError" routes-to="error-trailerSchemaError"/>
        </cc:async-mediation>
        <cc:local-out id="error-trailerSchemaError" store-message="none" endpoint="UnexpectedErrorsHandler"><cc:set name="step.id" value="'Error Reading the Trailer Line'"/><cc:set name="error.msg" value="&quot;Error occured on file Trailer Line &quot; #context.errorMessage"/></cc:local-out>
        <cc:local-out id="call-File3Generator0" store-message="none" endpoint="file3Generator">
            <cc:set name="step.id" value="'ProcessingProps'"/>
            <cc:set name="status" value="'FAILURE'"/>
            <cc:set name="inputs.counter" value="0"/>
            <cc:set name="integration.message" value="context.errorMessage"/>
            <cc:set name="start.date" value="props['effdt']"/>
        </cc:local-out>
        <cc:local-out id="Call-SummaryLog" store-message="none" endpoint="vm://INT10106-Alight-YSA-Tuition-Adoption-Reimbursement-Inbound/SummaryLog"/>
        <cc:local-in id="SummaryLog" routes-to="StoreInputDetails"/>
	</cc:assembly>

</beans>