<?xml version="1.0" encoding="UTF-8"?>
<beans
     xmlns="http://www.springframework.org/schema/beans"
     xmlns:beans="http://www.springframework.org/schema/beans"
     xmlns:atom="http://www.w3.org/2005/Atom"
     xmlns:cc="http://www.capeclear.com/assembly/10"
     xmlns:cloud="urn:com.workday/esb/cloud/10.0"
     xmlns:env="http://schemas.xmlsoap.org/soap/envelope/"
     xmlns:pi="urn:com.workday/picof"
     xmlns:wd="urn:com.workday/bsvc"
     xmlns:xsi="http://www.w3.org/2001/XMLSchema-instance">
 
	<cc:assembly id="WorkdayAssembly" version="2022.10">
        <cc:local-out id="PutErrGetContrAtt" endpoint="vm://wcc/PutIntegrationMessage" clone-request="true">
            <cc:set name="is.message.severity" value="'ERROR'"/>
            <cc:set name="is.message.summary" value="'Unable to retrieve journal attachments for journal ID :' + props['sup.supID']"/>
            <cc:set name="is.message.detail" value="context.errorMessage"/>
        </cc:local-out>
        <cc:local-out id="PutNoContractMsg1" endpoint="vm://wcc/PutIntegrationMessage">
            <cc:set name="is.message.severity" value="'INFO'"/>
            <cc:set name="is.message.summary" value="context.errorMessage"/>
            <cc:set name="is.message.detail" value="context.errorMessage"/>
        </cc:local-out>
        <cc:local-out id="CallRetrieveAttachments" store-message="none" endpoint="vm://INT10074C2-Supplier_Invoice_Attachment/RetrieveJournalAttachments"/>
        <cc:async-mediation id="AMProcessJrnlList" routes-to="CallRetrieveAttachments">
            <cc:steps>
                <cc:copy id="Copy" output="variable" output-variable="var.incoming.request"/>
                <cc:eval id="Eval">
                    <cc:expression>props['sup.attempted.count']= props['sup.attempted.count'] + 1</cc:expression>
                    <cc:expression>props['sup.supNumber'] = parts[0].xpath(&quot;/wd:Report_Entry/wd:Invoice_Number&quot;)</cc:expression>
                </cc:eval>
            </cc:steps>
        </cc:async-mediation>
        <cc:splitter id="ReadJrnlList">
            <cc:sub-route name="SubRoute" routes-to="AMProcessJrnlList"/>
            <cc:xml-stream-splitter xpath="/wd:Report_Data/wd:Report_Entry"/>
        </cc:splitter>
        <cc:async-mediation id="ValidationJrnlListDataExists" routes-to="ReadJrnlList">
            <cc:steps>
                <cc:eval id="Eval">
                    <cc:expression>props['prop.file.not.empty'] = parts[0].xstreamB('/env:Envelope/env:Body/wd:Report_Data/wd:Report_Entry')</cc:expression>
                    <cc:expression>props['prop.file.count'] = props['prop.file.count'] + 1</cc:expression>
                </cc:eval>
                <cc:xslt id="Xslt" url="INT10074C2_Transformation.xsl"/>
                <cc:validate-exp id="ValidateRepData">
                    <cc:expression failure-message="No Attachments Returned from the Supplier Invoice Attachment Report">parts[0].xstreamB('/wd:Report_Data/wd:Report_Entry')</cc:expression>
                </cc:validate-exp>
            </cc:steps>
            <cc:send-error id="SendError" routes-to="PutNoContractMsg1"/>
        </cc:async-mediation>
        <cc:local-out id="AuditJrnlListRes" store-message="none" routes-response-to="ValidationJrnlListDataExists" endpoint="vm://INT10074C2-Supplier_Invoice_Attachment/AddToMsgAudit">
            <cc:set name="message.audit.file.name" value="'JrnlListForArchivingRes.xml'"/>
            <cc:set name="message.audit.perform.batch" value="false"/>
            <cc:set name="message.audit.perform.collate" value="true"/>
        </cc:local-out>
        <cc:http-out id="HTTPGetJrnlList" routes-response-to="AuditJrnlListRes" endpoint="@{props['prop.attachment.report.url.endpoint']}" http-method="POST"/>
        <cc:local-out id="AuditJrnlListReq" store-message="none" routes-response-to="HTTPGetJrnlList" endpoint="vm://INT10074C2-Supplier_Invoice_Attachment/AddToMsgAudit">
            <cc:set name="message.audit.file.name" value="'JrnlListForArchivingReq.xml'"/>
            <cc:set name="message.audit.perform.batch" value="false"/>
            <cc:set name="message.audit.perform.collate" value="true"/>
        </cc:local-out>
        <cc:async-mediation id="PrepareService" routes-to="AuditJrnlListReq">
            <cc:steps>
                <cc:eval id="IA">
                    <cc:expression>props['prop.document.retention'] = intsys.getAttribute('Document_Retention')</cc:expression>
                    <cc:expression>props['prop.post.audit.messages'] = intsys.getAttributeAsBoolean('Post_Audit_Files', true)</cc:expression>
                    <cc:expression>props['prop.post.target.links'] = intsys.getAttributeAsBoolean('Include_Target_Links', true)</cc:expression>
                    <cc:expression>props['prop.total.success.count']=0</cc:expression>
                    <cc:expression>props['prop.file.error.count']=0</cc:expression>
                    <cc:expression>props['prop.audit.messages.count']=0</cc:expression>
                    <cc:expression>props['prop.file.count'] = 0</cc:expression>
                    <cc:expression>props['prop.folder.path'] = intsys.getAttribute('Folder_Path')</cc:expression>
                </cc:eval>
                <cc:eval id="LP">
                    <cc:expression>//Report SOAP URL</cc:expression>
                    <cc:expression>props['prop.suplist.report.url'] = intsys.reportService.getExtrapath('Supplier_RS')</cc:expression>
                    <cc:expression>props['prop.attachment.report.url'] = intsys.reportService.getExtrapath('Supplier_Attachment_2_RS')</cc:expression>
                    <cc:expression>props['prop.suplist.report.url.endpoint'] = parts[0].xpath(&quot;concat(\'&quot;+props['assembly.gateway.address']+&quot;/\',replace(\'&quot;+props['prop.suplist.report.url']+&quot;\',\'customreport2\',\'Report2\'))&quot;)</cc:expression>
                    <cc:expression>props['prop.attachment.report.url.endpoint'] = parts[0].xpath(&quot;concat(\'&quot;+props['assembly.gateway.address']+&quot;/\',replace(\'&quot;+props['prop.attachment.report.url']+&quot;\',\'customreport2\',\'Report2\'))&quot;)</cc:expression>
                    <cc:expression>props['start.date'] = lp.getSimpleData('Start_Date')</cc:expression>
                    <cc:expression>props['end.date'] = lp.getSimpleData('End_Date')</cc:expression>
                </cc:eval>
                <cc:eval id="JnrlCounts">
                    <cc:expression>props['sup.attempted.count']=0</cc:expression>
                    <cc:expression>props['sup.success.count']=0</cc:expression>
                    <cc:expression>props['sup.error.count']=0</cc:expression>
                </cc:eval>
                <cc:write id="Write">
                    <cc:message>
                        <cc:text>&lt;?xml version=&quot;1.0&quot; encoding=&quot;UTF-8&quot;?>&#xD;
&lt;env:Envelope xmlns:env=&quot;http://schemas.xmlsoap.org/soap/envelope/&quot;&#xD;
	xmlns:xsd=&quot;http://www.w3.org/2001/XMLSchema&quot;&#xD;
	xmlns:wsse=&quot;http://docs.oasis-open.org/wss/2004/01/oasis-200401-wss-wssecurity-secext-1.0.xsd&quot;>&#xD;
	&lt;env:Header>&#xD;
		&lt;wsse:Security env:mustUnderstand=&quot;1&quot;>&#xD;
			&lt;wsse:UsernameToken>&#xD;
				&lt;wsse:Username>@{props['wss.usernametoken.username']}&lt;/wsse:Username>&#xD;
				&lt;wsse:Password&#xD;
					Type=&quot;http://docs.oasis-open.org/wss/2004/01/oasis-200401-wss-username-token-profile-1.0#PasswordText&quot;>@{props['wss.usernametoken.password']}&lt;/wsse:Password>&#xD;
			&lt;/wsse:UsernameToken>&#xD;
		&lt;/wsse:Security>&#xD;
	&lt;/env:Header>&#xD;
	&lt;env:Body>&#xD;
		&lt;wd:Execute_Report xmlns:wd=&quot;urn:com.workday/bsvc&quot;>&#xD;
			&lt;wd:Report_Parameters>&#xD;
				&lt;wd:Created_Moment_Start>@{props['start.date']}&lt;/wd:Created_Moment_Start>&#xD;
				&lt;wd:Created_Moment_End>@{props['end.date']}&lt;/wd:Created_Moment_End>&#xD;
			&lt;/wd:Report_Parameters>&#xD;
		&lt;/wd:Execute_Report>&#xD;
	&lt;/env:Body>&#xD;
&lt;/env:Envelope>&#xD;
</cc:text>
                    </cc:message>
                </cc:write>
                <cc:log id="Log">
                    <cc:log-message>
                        <cc:text>---------Report Input------</cc:text>
                        <cc:message-content/>
                    </cc:log-message>
                </cc:log>
            </cc:steps>
        </cc:async-mediation>
        <cc:workday-in id="SupplierAttachment-Start" routes-to="PrepareService">
            <cc:integration-system name="INT10074C2-Supplier_Invoice_Attachment">
        <cloud:param name="Start_Date">
          <cloud:type>
            <cloud:simple-type>datetime</cloud:simple-type>
          </cloud:type>
        </cloud:param>
        <cloud:param name="End_Date">
          <cloud:type>
            <cloud:simple-type>datetime</cloud:simple-type>
          </cloud:type>
        </cloud:param>
        <cloud:attribute-map-service name="SupplierAttachment2-Attributes">
          <cloud:attribute name="Document_Retention">
            <cloud:type>
              <cloud:simple-type>number</cloud:simple-type>
            </cloud:type>
          </cloud:attribute>
          <cloud:attribute name="Post_Audit_Files">
            <cloud:type>
              <cloud:simple-type>boolean</cloud:simple-type>
            </cloud:type>
          </cloud:attribute>
          <cloud:attribute name="Include_Target_Links">
            <cloud:type>
              <cloud:simple-type>boolean</cloud:simple-type>
            </cloud:type>
          </cloud:attribute>
          <cloud:attribute name="Folder_Path">
            <cloud:type>
              <cloud:simple-type>text</cloud:simple-type>
            </cloud:type>
          </cloud:attribute>
        </cloud:attribute-map-service>
        <cloud:delivery-service name="Supplier_Attach2_DS"/>
        <cloud:report-service name="SupplierAttachment2-Reports">
          <cloud:report-alias description="List of supplier attachments" name="Supplier_Attachment_2_RS">
            <cloud:report-reference description="INT10074C2 - Retrieve Supplier Invoice Attachments" type="WID">f072d8d415700124671a1a521c8e0000</cloud:report-reference>
          </cloud:report-alias>
        </cloud:report-service>
      </cc:integration-system>
        </cc:workday-in>
        <cc:local-out id="PutNoContractMsg0" endpoint="vm://wcc/PutIntegrationMessage">
            <cc:set name="is.message.severity" value="'INFO'"/>
            <cc:set name="is.message.summary" value="context.errorMessage"/>
            <cc:set name="is.message.detail" value="context.errorMessage"/>
        </cc:local-out>
        <cc:local-out id="AttachSuccessFile0" endpoint="vm://wcc/PutIntegrationMessage">
            <cc:set name="is.message.severity" value="'INFO'"/>
            <cc:set name="is.message.summary" value="'Saving File.'"/>
            <cc:set name="is.document.variable.name" value="'var.contractattachment'"/>
            <cc:set name="is.document.file.name" value="props['attachment_name']"/>
            <cc:set name="is.document.deliverable" value="'true'"/>
            <cc:set name="is.document.delivery.services" value="'Supplier_Attach2_DS'"/>
        </cc:local-out>
        <cc:async-mediation id="ProcessJrnlAttachmentData" routes-to="AttachSuccessFile0">
            <cc:steps>
                <cc:eval id="Eval"><cc:expression>props['sup.attachment.count'] = props['sup.attachment.count'] + 1</cc:expression>
                    <cc:expression>props['attachment_content'] = parts[0].xpath(&quot;/wd:AttachmentsGroup/wd:AttachmentContent&quot;)</cc:expression>
                    <cc:expression>props['attachment_name'] = props['prop.folder.path'] + &quot;/&quot; + props['sup.supNumber'] + &quot;_&quot; + props['sup.attachment.count'] + &quot;_&quot; + parts[0].xpath(&quot;/wd:AttachmentsGroup/wd:FileName&quot;)</cc:expression></cc:eval>
                <cc:write id="Write" output="variable" output-variable="var.attachment_content">
                    <cc:message>
                        <cc:text>@{props['attachment_content']}</cc:text>
                    </cc:message>
                </cc:write>
                <cc:base64-decode id="Base64Decode" output="variable" output-variable="var.document" input="variable" input-variable="var.attachment_content"/>
                <cc:store id="StoreFile" output="variable" output-variable="var.contractattachment" input="variable" input-variable="var.document" collection="Supplier_Invoice_Files" expiresIn="P@{props['prop.document.retention'].toString()}D" title="@{props['attachment_name']}"/>
            </cc:steps>
        </cc:async-mediation>
        <cc:splitter id="ReadAttachmentData">
            <cc:sub-route name="SubRoute" routes-to="ProcessJrnlAttachmentData"/>
            <cc:xml-stream-splitter xpath="/wd:Report_Entry/wd:AttachmentsGroup"/>
        </cc:splitter>
        <cc:async-mediation id="ValidationJrnlData" routes-to="ReadAttachmentData">
            <cc:steps>
                <cc:eval id="Eval">
                    <cc:expression>props['prop.file.not.empty'] = parts[0].xstreamB('/wd:Report_Entry/wd:AttachmentsGroup')</cc:expression>
                    <cc:expression>props['prop.file.count'] = props['prop.file.not.empty'] == true ? props['prop.file.count'] + 1 : props['prop.file.count']</cc:expression>
                    <cc:expression>props['sup.attachment.count'] = 0</cc:expression>
                    <cc:expression>props['sup.success.count']= props['sup.success.count'] + 1</cc:expression>
                </cc:eval>
                <cc:validate-exp id="ValidateRepData">
                    <cc:expression failure-message="Contract has no attachments to archive">parts[0].xstreamB('/wd:Report_Entry/wd:AttachmentsGroup')</cc:expression>
                </cc:validate-exp>
            </cc:steps>
            <cc:send-error id="SendError" routes-to="PutNoContractMsg0"/>
        </cc:async-mediation>
        <cc:local-in id="RetrieveJournalAttachments" routes-to="ValidationJrnlData"/>
        <cc:local-out id="AttachSuccessFile" execute-when="props['prop.total.success.count'] > 0" endpoint="vm://wcc/PutIntegrationMessage">
            <cc:set name="is.message.severity" value="'INFO'"/>
            <cc:set name="is.message.summary" value="'Saving Success CSV Log.'"/>
            <cc:set name="is.document.variable.name" value="'var.success.csv'"/>
            <cc:set name="is.document.file.name" value="props['prop.success.csv.filename']"/>
            <cc:set name="is.document.deliverable" value="'false'"/>
        </cc:local-out>
        <cc:async-mediation id="StoreSuccessFile" routes-to="AttachSuccessFile" execute-steps-when="props['prop.total.success.count'] > 0">
            <cc:steps>
                <cc:eval id="Filename"><cc:expression>props['prop.success.csv.filename'] = 'Success_Log.csv'</cc:expression></cc:eval>
                <cc:store id="StoreFile" output="variable" output-variable="var.success.csv" collection="Supplier_Invoice_Attachment_Files" expiresIn="P@{props['prop.document.retention'].toString()}D" title="@{props['prop.success.csv.filename']}"/>
            </cc:steps>
        </cc:async-mediation>
        <cc:aggregator id="AggSuccesses" routes-to="StoreSuccessFile" collate-when="props['prop.collate.success'] == true" force-batch-when="props['prop.batch.success'] == true">
            <cc:size-batch-strategy batch-size="-1"/>
            <cc:message-content-collater>
        <cc:header-text>Line_Order|Existing_Line|New_Line|WID</cc:header-text>
      </cc:message-content-collater>
        </cc:aggregator>
        <cc:local-in id="SuccessCSV" routes-to="AggSuccesses">
            <cc:parameter default="true" name="prop.collate.success" type="boolean"/>
            <cc:parameter default="false" name="prop.batch.success" type="boolean"/>
        </cc:local-in>
        <cc:local-out id="StoreAuditFiles" endpoint="vm://wcc/PutIntegrationMessage" clone-request="true">
            <cc:set name="is.message.severity" value="'INFO'"/>
            <cc:set name="is.message.summary" value="'Saving Audit Files'"/>
            <cc:set name="is.document.variable.name" value="'var.audit.messages'"/>
            <cc:set name="is.document.file.name" value="props['audit.messages.filename']"/>
            <cc:set name="is.document.deliverable" value="'false'"/>
        </cc:local-out>
        <cc:async-mediation id="StoreMessagesAudit" routes-to="StoreAuditFiles">
            <cc:steps>
                <cc:eval id="SetMsgsAuditFilename"><cc:expression>props['prop.audit.messages.count'] = props['prop.audit.messages.count'] + 1</cc:expression><cc:expression>props['audit.messages.filename'] = 'MessagesAudit_' + props['prop.file.count'] + '_' + props['prop.audit.messages.count'] + '.zip'</cc:expression></cc:eval>
                <cc:store id="StoreMsgsAudit" output="variable" output-variable="var.audit.messages" collection="Supplier_Invoice_Attachment_MessageAudits" expiresIn="P@{props['prop.document.retention'].toString()}D" summary="Messages Audit" title="@{props['audit.messages.filename']}"/>
            </cc:steps>
        </cc:async-mediation>
        <cc:aggregator id="MsgAuditZipAgg" routes-to="StoreMessagesAudit" collate-when="props['message.audit.perform.collate'] == true &amp;&amp; props['prop.post.audit.messages'] == true" force-batch-when="props['message.audit.perform.batch'] == true &amp;&amp; props['prop.post.audit.messages'] == true">
            <cc:size-batch-strategy batch-size="-1"/>
            <cc:zip-file-collater message-entity-name="@{props['message.audit.file.name']}"/>
        </cc:aggregator>
        <cc:local-in id="AddToMsgAudit" routes-to="MsgAuditZipAgg">
            <cc:parameter name="message.audit.file.name"/>
            <cc:parameter default="false" name="message.audit.perform.batch" type="boolean"/>
            <cc:parameter default="true" name="message.audit.perform.collate" type="boolean"/>
        </cc:local-in>
        <cc:local-out id="PostSuccessFile" store-message="none" endpoint="vm://INT10074C-Supplier_Invoice_Attachment/SuccessCSV" clone-request="true">
            <cc:set name="prop.collate.success" value="false"/>
            <cc:set name="prop.batch.success" value="true"/>
        </cc:local-out>
        <cc:local-out id="PostAuditFiles" store-message="none" routes-response-to="PostSuccessFile" endpoint="vm://INT10074C2-Supplier_Invoice_Attachment/AddToMsgAudit" clone-request="true">
            <cc:set name="message.audit.file.name" value="'Complete.xml'"/>
            <cc:set name="message.audit.perform.batch" value="true"/>
            <cc:set name="message.audit.perform.collate" value="false"/>
        </cc:local-out>
        <cc:async-mediation id="BlankMsg" routes-to="PostAuditFiles">
            <cc:steps>
                <cc:write id="EmptyMsg">
                    <cc:message>
                        <cc:text>&#xD;
&#xD;
</cc:text>
                    </cc:message>
                </cc:write>
            </cc:steps>
        </cc:async-mediation>
        <cc:local-in id="EndProcessing" routes-to="BlankMsg"/>
        <cc:local-out id="Note-Error" endpoint="vm://wcc/PutIntegrationMessage">
            <cc:set name="is.message.severity" value="'CRITICAL'"/>
            <cc:set name="is.message.summary" value="context.errorMessage"/>
        </cc:local-out>
        <cc:send-error id="global-error-handler" rethrow-error="false" routes-to="Note-Error"/>
	</cc:assembly>

</beans>