<?xml version="1.0" encoding="UTF-8"?>
<wdnm:Diagram xmlns:wdnm="http://workday.com/studio/editors/notation">
  <element href="assembly.xml#WorkdayAssembly"/>
  <visualProperties x="136" y="193">
    <element href="assembly.xml#StartHere"/>
  </visualProperties>
  <visualProperties x="251" y="152">
    <element href="assembly.xml#Setup"/>
  </visualProperties>
  <visualProperties x="333" y="194">
    <element href="assembly.xml#SetGlobalProperties"/>
  </visualProperties>
  <visualProperties x="293" y="480">
    <element href="assembly.xml#ERROR-SetGlobalProperties"/>
  </visualProperties>
  <visualProperties x="467" y="460">
    <element href="assembly.xml#INFO-SetupComplete"/>
  </visualProperties>
  <visualProperties x="433" y="527">
    <element href="assembly.xml#PERCENT-10"/>
  </visualProperties>
  <visualProperties x="80" y="94">
    <element href="assembly.xml#Call-Setup"/>
  </visualProperties>
  <visualProperties>
    <element href="assembly.xml#GetEvent"/>
  </visualProperties>
  <visualProperties>
    <element href="assembly.xml#SetupGetEvent"/>
  </visualProperties>
  <visualProperties>
    <element href="assembly.xml#ERROR-SetupGetEvent"/>
  </visualProperties>
  <visualProperties>
    <element href="assembly.xml#INFO-SetupGetEventComplete"/>
  </visualProperties>
  <visualProperties>
    <element href="assembly.xml#PERCENT-30"/>
  </visualProperties>
  <visualProperties x="131" y="1240">
    <element href="assembly.xml#Call-GetEvent"/>
  </visualProperties>
  <visualProperties>
    <element href="assembly.xml#CompleteWebServiceCalls"/>
  </visualProperties>
  <visualProperties>
    <element href="assembly.xml#SetupRequestOneTimePayment"/>
  </visualProperties>
  <visualProperties>
    <element href="assembly.xml#ERROR-SetupRequestOneTimePayment"/>
  </visualProperties>
  <visualProperties>
    <element href="assembly.xml#INFO-SetupGetTuitionReimbursementRequestComplete0"/>
  </visualProperties>
  <visualProperties>
    <element href="assembly.xml#PERCENT-99"/>
  </visualProperties>
  <visualProperties x="1354" y="2392">
    <element href="assembly.xml#SOAP-WebServiceCall"/>
  </visualProperties>
  <visualProperties x="126" y="2284">
    <element href="assembly.xml#Call-GetWorkerTimeOffDetails"/>
  </visualProperties>
  <visualProperties x="108" y="2614">
    <element href="assembly.xml#//@beans/@mixed.1/@mixed.45"/>
  </visualProperties>
  <visualProperties x="882" y="2673">
    <element href="assembly.xml#ERROR-Unexpected"/>
  </visualProperties>
  <visualProperties x="1157" y="2673">
    <element href="assembly.xml#Current-CriticalError"/>
  </visualProperties>
  <visualProperties x="1071" y="1271">
    <element href="assembly.xml#CustomObject-GET-events"/>
  </visualProperties>
  <visualProperties>
    <element href="assembly.xml#GetEventDetails"/>
  </visualProperties>
  <visualProperties>
    <element href="assembly.xml#SetupGetEvent0"/>
  </visualProperties>
  <visualProperties>
    <element href="assembly.xml#ERROR-SetupGetEvent0"/>
  </visualProperties>
  <visualProperties>
    <element href="assembly.xml#INFO-SetupGetEventComplete0"/>
  </visualProperties>
  <visualProperties>
    <element href="assembly.xml#PERCENT-300"/>
  </visualProperties>
  <visualProperties>
    <element href="assembly.xml#CustomObject-GET-eventDetails"/>
  </visualProperties>
  <visualProperties x="157" y="1105">
    <element href="assembly.xml#Call-GetEventDetails"/>
  </visualProperties>
  <visualProperties>
    <element href="assembly.xml#GetWorkerTimeOffDetails"/>
  </visualProperties>
  <visualProperties>
    <element href="assembly.xml#SetupGetEvent00"/>
  </visualProperties>
  <visualProperties>
    <element href="assembly.xml#ERROR-SetupGetEvent00"/>
  </visualProperties>
  <visualProperties>
    <element href="assembly.xml#INFO-SetupGetEventComplete00"/>
  </visualProperties>
  <visualProperties>
    <element href="assembly.xml#PERCENT-3000"/>
  </visualProperties>
  <visualProperties x="1196" y="1826">
    <element href="assembly.xml#RAAS-GetWorkerTimeOffDetails"/>
  </visualProperties>
  <visualProperties>
    <element href="assembly.xml#GetSellGroupings"/>
  </visualProperties>
  <visualProperties>
    <element href="assembly.xml#SetupGetEvent01"/>
  </visualProperties>
  <visualProperties>
    <element href="assembly.xml#ERROR-SetupGetEvent01"/>
  </visualProperties>
  <visualProperties>
    <element href="assembly.xml#INFO-SetupGetEventComplete01"/>
  </visualProperties>
  <visualProperties>
    <element href="assembly.xml#PERCENT-3001"/>
  </visualProperties>
  <visualProperties>
    <element href="assembly.xml#CustomObject-GET-ptoAppSellConfiguration"/>
  </visualProperties>
  <visualProperties x="64" y="2564">
    <element href="assembly.xml#Call-GetSellGroupings"/>
  </visualProperties>
  <visualProperties x="328" y="2430">
    <element href="assembly.xml#Call-CompleteWebServiceCalls"/>
  </visualProperties>
  <visualProperties x="1238" y="2862">
    <element href="assembly.xml#SplitOnRequest"/>
  </visualProperties>
  <visualProperties>
    <element href="assembly.xml#SetupRequestOneTimePayment0"/>
  </visualProperties>
  <visualProperties>
    <element href="assembly.xml#ERROR-SetupRequestOneTimePayment0"/>
  </visualProperties>
  <visualProperties>
    <element href="assembly.xml#INFO-SetupGetTuitionReimbursementRequestComplete00"/>
  </visualProperties>
  <decorations x="794" y="165" width="198" height="245" font="Calibri|12|0" bgColor="16777215" fgColor="1" fontColor="1" type="NOTE" text="Setup Subassembly sets properties from attributes and launch parameters as well as flags used for error tracking"/>
  <decorations x="815" y="46" width="150" height="60" font="Calibri|12|0" bgColor="16777215" fgColor="1" fontColor="1" type="NOTE" text="Setup"/>
  <decorations width="198" height="245" font="Calibri|12|0" bgColor="16777215" fgColor="1" fontColor="1" type="NOTE" text="Get Event Subassembly - Gets the event custom object"/>
  <decorations x="146" y="1022" width="163" height="430" font="Calibri|12|0" bgColor="16777215" fgColor="1" fontColor="1" type="NOTE" text="Get Event Details from the WCP Custom Business Process Event API"/>
  <decorations width="198" height="245" font="Calibri|12|0" bgColor="16777215" fgColor="1" fontColor="1" type="NOTE" text="Complete Web Service Calls Subassembly - Completes the SOAP API Calls using the data retrieved from the custom object"/>
  <decorations x="158" y="1968" width="163" height="430" font="Calibri|12|0" bgColor="16777215" fgColor="1" fontColor="1" type="NOTE" text="Get Event Details"/>
  <decorations x="389" y="33" width="819" height="101" font="Calibri|12|0" bgColor="16777215" fgColor="1" fontColor="1" type="NOTE" text="WCP0001-Alight-Time-Off-App-Bidirectional"/>
  <decorations width="198" height="245" font="Calibri|12|0" bgColor="16777215" fgColor="1" fontColor="1" type="NOTE" text="Get Event Deails Subassembly - Gets the event details custom object"/>
  <decorations width="198" height="245" font="Calibri|12|0" bgColor="16777215" fgColor="1" fontColor="1" type="NOTE" text="Get Worker Time Off Details Subassembly - Gets the worker's time off balances and accrual codes"/>
  <decorations x="176" y="1518" width="163" height="430" font="Calibri|12|0" bgColor="16777215" fgColor="1" fontColor="1" type="NOTE" text="Get Worker Time Off Details"/>
  <decorations width="198" height="245" font="Calibri|12|0" bgColor="16777215" fgColor="1" fontColor="1" type="NOTE" text="Get Sell Groupings"/>
  <decorations x="236" y="2064" width="163" height="430" font="Calibri|12|0" bgColor="16777215" fgColor="1" fontColor="1" type="NOTE" text="Get Sell Groupings"/>
  <decorations x="194" y="2402" width="163" height="430" font="Calibri|12|0" bgColor="16777215" fgColor="1" fontColor="1" type="NOTE" text="Get Sell Groupings"/>
  <connections type="routesTo" sourceAnchorX="1.0" sourceAnchorY="0.6756756756756757" targetAnchorX="0.046511627906976744" targetAnchorY="0.26256983240223464">
    <source href="assembly.xml#Setup"/>
    <target href="assembly.xml#SetGlobalProperties"/>
  </connections>
  <connections type="routesTo" sourceAnchorX="0.8909090909090909" sourceAnchorY="1.0" targetAnchorX="0.7392996108949417" targetAnchorY="0.35135135135135137">
    <source href="assembly.xml#//@beans/@mixed.1/@mixed.5/@mixed.5"/>
    <target href="assembly.xml#ERROR-SetGlobalProperties"/>
  </connections>
  <connections type="routesResponseTo" targetAnchorX="0.03553299492385787" targetAnchorY="0.5135135135135135">
    <source href="assembly.xml#SetGlobalProperties"/>
    <target href="assembly.xml#INFO-SetupComplete"/>
    <bendpoints sourceX="-216" sourceY="69" targetX="-216" targetY="-138"/>
    <bendpoints sourceX="-219" sourceY="177" targetX="-128" targetY="-31"/>
  </connections>
  <connections type="routesResponseTo" sourceAnchorX="0.5583756345177665" sourceAnchorY="1.0" targetAnchorX="0.5945945945945946" targetAnchorY="0.32432432432432434">
    <source href="assembly.xml#INFO-SetupComplete"/>
    <target href="assembly.xml#PERCENT-10"/>
  </connections>
  <connections type="routesTo">
    <source href="assembly.xml#StartHere"/>
    <target href="assembly.xml#Call-Setup"/>
  </connections>
  <connections type="routesTo" sourceAnchorX="0.7722222222222223" sourceAnchorY="1.0" targetAnchorX="0.03333333333333333" targetAnchorY="0.32786885245901637">
    <source href="assembly.xml#GetEvent"/>
    <target href="assembly.xml#SetupGetEvent"/>
  </connections>
  <connections type="routesResponseTo" targetAnchorX="0.03553299492385787" targetAnchorY="0.5135135135135135">
    <source href="assembly.xml#SetupGetEvent"/>
    <target href="assembly.xml#INFO-SetupGetEventComplete"/>
    <bendpoints sourceX="-216" sourceY="69" targetX="-216" targetY="-138"/>
    <bendpoints sourceX="-220" sourceY="177" targetX="-89" targetY="-29"/>
  </connections>
  <connections type="routesTo" sourceAnchorX="0.8909090909090909" sourceAnchorY="1.0" targetAnchorX="0.7392996108949417" targetAnchorY="0.35135135135135137">
    <source href="assembly.xml#//@beans/@mixed.1/@mixed.21/@mixed.5"/>
    <target href="assembly.xml#ERROR-SetupGetEvent"/>
  </connections>
  <connections type="routesResponseTo" sourceAnchorX="0.5583756345177665" sourceAnchorY="1.0" targetAnchorX="0.5945945945945946" targetAnchorY="0.32432432432432434">
    <source href="assembly.xml#INFO-SetupGetEventComplete"/>
    <target href="assembly.xml#PERCENT-30"/>
  </connections>
  <connections type="routesTo" sourceAnchorX="0.7722222222222223" sourceAnchorY="1.0" targetAnchorX="0.03333333333333333" targetAnchorY="0.32786885245901637">
    <source href="assembly.xml#CompleteWebServiceCalls"/>
    <target href="assembly.xml#SetupRequestOneTimePayment"/>
  </connections>
  <connections type="routesResponseTo" targetAnchorX="0.03553299492385787" targetAnchorY="0.5135135135135135">
    <source href="assembly.xml#SetupRequestOneTimePayment"/>
    <target href="assembly.xml#INFO-SetupGetTuitionReimbursementRequestComplete0"/>
    <bendpoints sourceX="-216" sourceY="69" targetX="-216" targetY="-138"/>
    <bendpoints sourceX="-220" sourceY="177" targetX="-89" targetY="-29"/>
  </connections>
  <connections type="routesTo" sourceAnchorX="0.8909090909090909" sourceAnchorY="1.0" targetAnchorX="0.7392996108949417" targetAnchorY="0.35135135135135137">
    <source href="assembly.xml#//@beans/@mixed.1/@mixed.33/@mixed.5"/>
    <target href="assembly.xml#ERROR-SetupRequestOneTimePayment"/>
  </connections>
  <connections type="routesResponseTo" sourceAnchorX="0.5583756345177665" sourceAnchorY="1.0" targetAnchorX="0.5945945945945946" targetAnchorY="0.32432432432432434">
    <source href="assembly.xml#INFO-SetupGetTuitionReimbursementRequestComplete0"/>
    <target href="assembly.xml#PERCENT-99"/>
  </connections>
  <connections type="routesTo" sourceAnchorX="1.0" sourceAnchorY="0.16042780748663102" targetAnchorX="0.35172413793103446" targetAnchorY="0.40853658536585363">
    <source href="assembly.xml#SetupRequestOneTimePayment"/>
    <target href="assembly.xml#SplitOnRequest"/>
  </connections>
  <connections type="routesTo">
    <source href="assembly.xml#//@beans/@mixed.1/@mixed.45"/>
    <target href="assembly.xml#ERROR-Unexpected"/>
  </connections>
  <connections type="routesResponseTo">
    <source href="assembly.xml#ERROR-Unexpected"/>
    <target href="assembly.xml#Current-CriticalError"/>
  </connections>
  <connections type="routesResponseTo">
    <source href="assembly.xml#Call-Setup"/>
    <target href="assembly.xml#Call-GetEvent"/>
  </connections>
  <connections type="routesTo">
    <source href="assembly.xml#SetupGetEvent"/>
    <target href="assembly.xml#CustomObject-GET-events"/>
  </connections>
  <connections type="routesTo" sourceAnchorX="0.7722222222222223" sourceAnchorY="1.0" targetAnchorX="0.03333333333333333" targetAnchorY="0.32786885245901637">
    <source href="assembly.xml#GetEventDetails"/>
    <target href="assembly.xml#SetupGetEvent0"/>
  </connections>
  <connections type="routesResponseTo" targetAnchorX="0.03553299492385787" targetAnchorY="0.5135135135135135">
    <source href="assembly.xml#SetupGetEvent0"/>
    <target href="assembly.xml#INFO-SetupGetEventComplete0"/>
    <bendpoints sourceX="-216" sourceY="69" targetX="-216" targetY="-138"/>
    <bendpoints sourceX="-220" sourceY="177" targetX="-89" targetY="-29"/>
  </connections>
  <connections type="routesTo">
    <source href="assembly.xml#SetupGetEvent0"/>
    <target href="assembly.xml#CustomObject-GET-eventDetails"/>
  </connections>
  <connections type="routesTo" sourceAnchorX="0.8909090909090909" sourceAnchorY="1.0" targetAnchorX="0.7392996108949417" targetAnchorY="0.35135135135135137">
    <source href="assembly.xml#//@beans/@mixed.1/@mixed.57/@mixed.5"/>
    <target href="assembly.xml#ERROR-SetupGetEvent0"/>
  </connections>
  <connections type="routesResponseTo" sourceAnchorX="0.5583756345177665" sourceAnchorY="1.0" targetAnchorX="0.5945945945945946" targetAnchorY="0.32432432432432434">
    <source href="assembly.xml#INFO-SetupGetEventComplete0"/>
    <target href="assembly.xml#PERCENT-300"/>
  </connections>
  <connections type="routesResponseTo">
    <source href="assembly.xml#Call-GetEvent"/>
    <target href="assembly.xml#Call-GetEventDetails"/>
  </connections>
  <connections type="routesTo" sourceAnchorX="0.7722222222222223" sourceAnchorY="1.0" targetAnchorX="0.03333333333333333" targetAnchorY="0.32786885245901637">
    <source href="assembly.xml#GetWorkerTimeOffDetails"/>
    <target href="assembly.xml#SetupGetEvent00"/>
  </connections>
  <connections type="routesResponseTo" targetAnchorX="0.03553299492385787" targetAnchorY="0.5135135135135135">
    <source href="assembly.xml#SetupGetEvent00"/>
    <target href="assembly.xml#INFO-SetupGetEventComplete00"/>
    <bendpoints sourceX="-216" sourceY="69" targetX="-216" targetY="-138"/>
    <bendpoints sourceX="-220" sourceY="177" targetX="-89" targetY="-29"/>
  </connections>
  <connections type="routesTo" sourceAnchorX="0.8909090909090909" sourceAnchorY="1.0" targetAnchorX="0.7392996108949417" targetAnchorY="0.35135135135135137">
    <source href="assembly.xml#//@beans/@mixed.1/@mixed.69/@mixed.5"/>
    <target href="assembly.xml#ERROR-SetupGetEvent00"/>
  </connections>
  <connections type="routesResponseTo" sourceAnchorX="0.5583756345177665" sourceAnchorY="1.0" targetAnchorX="0.5945945945945946" targetAnchorY="0.32432432432432434">
    <source href="assembly.xml#INFO-SetupGetEventComplete00"/>
    <target href="assembly.xml#PERCENT-3000"/>
  </connections>
  <connections type="routesTo" sourceAnchorX="1.0" sourceAnchorY="0.18716577540106952" targetAnchorX="0.2235294117647059" targetAnchorY="0.05405405405405406">
    <source href="assembly.xml#SetupGetEvent00"/>
    <target href="assembly.xml#RAAS-GetWorkerTimeOffDetails"/>
  </connections>
  <connections type="routesResponseTo">
    <source href="assembly.xml#Call-GetEventDetails"/>
    <target href="assembly.xml#Call-GetWorkerTimeOffDetails"/>
  </connections>
  <connections type="routesTo" sourceAnchorX="0.7722222222222223" sourceAnchorY="1.0" targetAnchorX="0.03333333333333333" targetAnchorY="0.32786885245901637">
    <source href="assembly.xml#GetSellGroupings"/>
    <target href="assembly.xml#SetupGetEvent01"/>
  </connections>
  <connections type="routesResponseTo" targetAnchorX="0.03553299492385787" targetAnchorY="0.5135135135135135">
    <source href="assembly.xml#SetupGetEvent01"/>
    <target href="assembly.xml#INFO-SetupGetEventComplete01"/>
    <bendpoints sourceX="-216" sourceY="69" targetX="-216" targetY="-138"/>
    <bendpoints sourceX="-220" sourceY="177" targetX="-89" targetY="-29"/>
  </connections>
  <connections type="routesTo">
    <source href="assembly.xml#SetupGetEvent01"/>
    <target href="assembly.xml#CustomObject-GET-ptoAppSellConfiguration"/>
  </connections>
  <connections type="routesTo" sourceAnchorX="0.8909090909090909" sourceAnchorY="1.0" targetAnchorX="0.7392996108949417" targetAnchorY="0.35135135135135137">
    <source href="assembly.xml#//@beans/@mixed.1/@mixed.83/@mixed.5"/>
    <target href="assembly.xml#ERROR-SetupGetEvent01"/>
  </connections>
  <connections type="routesResponseTo" sourceAnchorX="0.5583756345177665" sourceAnchorY="1.0" targetAnchorX="0.5945945945945946" targetAnchorY="0.32432432432432434">
    <source href="assembly.xml#INFO-SetupGetEventComplete01"/>
    <target href="assembly.xml#PERCENT-3001"/>
  </connections>
  <connections type="routesResponseTo">
    <source href="assembly.xml#Call-GetWorkerTimeOffDetails"/>
    <target href="assembly.xml#Call-GetSellGroupings"/>
  </connections>
  <connections type="routesResponseTo">
    <source href="assembly.xml#Call-GetSellGroupings"/>
    <target href="assembly.xml#Call-CompleteWebServiceCalls"/>
  </connections>
  <connections type="routesResponseTo" targetAnchorX="0.03553299492385787" targetAnchorY="0.5135135135135135">
    <source href="assembly.xml#SetupRequestOneTimePayment0"/>
    <target href="assembly.xml#INFO-SetupGetTuitionReimbursementRequestComplete00"/>
    <bendpoints sourceX="-216" sourceY="69" targetX="-216" targetY="-138"/>
    <bendpoints sourceX="-220" sourceY="177" targetX="-89" targetY="-29"/>
  </connections>
  <connections type="routesTo" sourceAnchorX="0.8909090909090909" sourceAnchorY="1.0" targetAnchorX="0.7392996108949417" targetAnchorY="0.35135135135135137">
    <source href="assembly.xml#//@beans/@mixed.1/@mixed.97/@mixed.5"/>
    <target href="assembly.xml#ERROR-SetupRequestOneTimePayment0"/>
  </connections>
  <connections type="routesTo" sourceAnchorX="1.0" sourceAnchorY="0.6470588235294118" targetAnchorX="0.038314176245210725" targetAnchorY="0.273224043715847">
    <source href="assembly.xml#//@beans/@mixed.1/@splitter.0/@subRoute.0"/>
    <target href="assembly.xml#SetupRequestOneTimePayment0"/>
  </connections>
  <connections type="routesTo" sourceAnchorX="1.0" sourceAnchorY="0.13114754098360656" targetAnchorX="0.043478260869565216" targetAnchorY="0.3783783783783784">
    <source href="assembly.xml#SetupRequestOneTimePayment0"/>
    <target href="assembly.xml#SOAP-WebServiceCall"/>
  </connections>
  <swimlanes x="9" y="10" bgColor="12632256" fgColor="1" name="Overall Outline" orientation="VERTICAL" alignment="MIDDLE" topBorderColor="1" labelAlignment="LEFT">
    <elements href="assembly.xml#StartHere"/>
    <elements href="#//@decorations.1"/>
    <elements href="assembly.xml#Call-Setup"/>
    <elements href="#//@decorations.3"/>
    <elements href="assembly.xml#Call-GetEvent"/>
    <elements href="#//@decorations.5"/>
    <elements href="assembly.xml#Call-GetEventDetails"/>
    <elements href="#//@decorations.9"/>
    <elements href="assembly.xml#Call-GetWorkerTimeOffDetails"/>
    <elements href="#//@decorations.11"/>
    <elements href="assembly.xml#Call-GetSellGroupings"/>
    <elements href="#//@decorations.12"/>
    <elements href="assembly.xml#Call-CompleteWebServiceCalls"/>
  </swimlanes>
  <swimlanes x="389" y="159" bgColor="12632256" fgColor="1" name="Setup" topBorderColor="1" labelAlignment="LEFT">
    <elements href="#//@decorations.0"/>
    <elements href="assembly.xml#Setup"/>
    <elements href="#//@swimlanes.2"/>
  </swimlanes>
  <swimlanes x="666" y="272" bgColor="16777215" fgColor="1" name="Error Handler" orientation="VERTICAL" alignment="MIDDLE" topBorderColor="1" labelAlignment="LEFT">
    <elements href="assembly.xml#SetGlobalProperties"/>
    <elements href="assembly.xml#ERROR-SetGlobalProperties"/>
    <elements href="assembly.xml#INFO-SetupComplete"/>
    <elements href="assembly.xml#PERCENT-10"/>
  </swimlanes>
  <swimlanes bgColor="16777215" fgColor="1" name="Error Handler" orientation="VERTICAL" alignment="MIDDLE" topBorderColor="1" labelAlignment="LEFT">
    <elements href="assembly.xml#SetupGetEvent"/>
    <elements href="assembly.xml#ERROR-SetupGetEvent"/>
    <elements href="assembly.xml#INFO-SetupGetEventComplete"/>
    <elements href="assembly.xml#PERCENT-30"/>
  </swimlanes>
  <swimlanes x="389" y="704" bgColor="12632256" fgColor="1" name="Get Event" topBorderColor="1" labelAlignment="LEFT">
    <elements href="#//@decorations.2"/>
    <elements href="assembly.xml#GetEvent"/>
    <elements href="#//@swimlanes.3"/>
    <elements href="assembly.xml#CustomObject-GET-events"/>
  </swimlanes>
  <swimlanes bgColor="16777215" fgColor="1" name="Error Handler" orientation="VERTICAL" alignment="MIDDLE" topBorderColor="1" labelAlignment="LEFT">
    <elements href="assembly.xml#SetupRequestOneTimePayment"/>
    <elements href="assembly.xml#ERROR-SetupRequestOneTimePayment"/>
    <elements href="assembly.xml#INFO-SetupGetTuitionReimbursementRequestComplete0"/>
    <elements href="assembly.xml#PERCENT-99"/>
  </swimlanes>
  <swimlanes x="389" y="2784" bgColor="12632256" fgColor="1" name="Complete Web Service Calls" topBorderColor="1" labelAlignment="LEFT">
    <elements href="#//@decorations.4"/>
    <elements href="assembly.xml#CompleteWebServiceCalls"/>
    <elements href="#//@swimlanes.5"/>
    <elements href="assembly.xml#SplitOnRequest"/>
    <elements href="#//@swimlanes.14"/>
    <elements href="assembly.xml#SOAP-WebServiceCall"/>
  </swimlanes>
  <swimlanes x="75" y="2945" fgColor="255" name="Global Error Handler" orientation="VERTICAL" alignment="MIDDLE" topBorderColor="255">
    <elements href="assembly.xml#//@beans/@mixed.1/@mixed.45"/>
    <elements href="assembly.xml#ERROR-Unexpected"/>
    <elements href="assembly.xml#Current-CriticalError"/>
  </swimlanes>
  <swimlanes bgColor="16777215" fgColor="1" name="Error Handler" orientation="VERTICAL" alignment="MIDDLE" topBorderColor="1" labelAlignment="LEFT">
    <elements href="assembly.xml#SetupGetEvent0"/>
    <elements href="assembly.xml#ERROR-SetupGetEvent0"/>
    <elements href="assembly.xml#INFO-SetupGetEventComplete0"/>
    <elements href="assembly.xml#PERCENT-300"/>
  </swimlanes>
  <swimlanes x="389" y="1224" bgColor="12632256" fgColor="1" name="Get Event Details" topBorderColor="1" labelAlignment="LEFT">
    <elements href="#//@decorations.7"/>
    <elements href="assembly.xml#GetEventDetails"/>
    <elements href="#//@swimlanes.8"/>
    <elements href="assembly.xml#CustomObject-GET-eventDetails"/>
  </swimlanes>
  <swimlanes bgColor="16777215" fgColor="1" name="Error Handler" orientation="VERTICAL" alignment="MIDDLE" topBorderColor="1" labelAlignment="LEFT">
    <elements href="assembly.xml#SetupGetEvent00"/>
    <elements href="assembly.xml#ERROR-SetupGetEvent00"/>
    <elements href="assembly.xml#INFO-SetupGetEventComplete00"/>
    <elements href="assembly.xml#PERCENT-3000"/>
  </swimlanes>
  <swimlanes x="389" y="1742" bgColor="12632256" fgColor="1" name="Get Worker Time Off Details" topBorderColor="1" labelAlignment="LEFT">
    <elements href="#//@decorations.8"/>
    <elements href="assembly.xml#GetWorkerTimeOffDetails"/>
    <elements href="#//@swimlanes.10"/>
    <elements href="assembly.xml#RAAS-GetWorkerTimeOffDetails"/>
  </swimlanes>
  <swimlanes bgColor="16777215" fgColor="1" name="Error Handler" orientation="VERTICAL" alignment="MIDDLE" topBorderColor="1" labelAlignment="LEFT">
    <elements href="assembly.xml#SetupGetEvent01"/>
    <elements href="assembly.xml#ERROR-SetupGetEvent01"/>
    <elements href="assembly.xml#INFO-SetupGetEventComplete01"/>
    <elements href="assembly.xml#PERCENT-3001"/>
  </swimlanes>
  <swimlanes x="389" y="2264" bgColor="12632256" fgColor="1" name="Get Sell Groupings" topBorderColor="1" labelAlignment="LEFT">
    <elements href="#//@decorations.10"/>
    <elements href="assembly.xml#GetSellGroupings"/>
    <elements href="#//@swimlanes.12"/>
    <elements href="assembly.xml#CustomObject-GET-ptoAppSellConfiguration"/>
  </swimlanes>
  <swimlanes x="1666" y="2733" bgColor="16777215" fgColor="1" name="Error Handler" orientation="VERTICAL" alignment="MIDDLE" topBorderColor="1" labelAlignment="LEFT">
    <elements href="assembly.xml#SetupRequestOneTimePayment0"/>
    <elements href="assembly.xml#ERROR-SetupRequestOneTimePayment0"/>
    <elements href="assembly.xml#INFO-SetupGetTuitionReimbursementRequestComplete00"/>
  </swimlanes>
</wdnm:Diagram>
