<?xml version="1.0" encoding="UTF-8"?>
<wdnm:Diagram xmlns:wdnm="http://workday.com/studio/editors/notation">
  <element href="assembly.xml#WorkdayAssembly"/>
  <visualProperties x="13" y="37">
    <element href="assembly.xml#StartHere"/>
  </visualProperties>
  <visualProperties x="5" y="106">
    <element href="assembly.xml#Call_Get_Report_Extract_Xml_Files"/>
  </visualProperties>
  <visualProperties x="13" y="167">
    <element href="assembly.xml#Call_Process_Sup_Org"/>
  </visualProperties>
  <visualProperties x="5" y="227">
    <element href="assembly.xml#Call_Process_Curent_Employees"/>
  </visualProperties>
  <visualProperties x="22" y="339">
    <element href="assembly.xml#Call_Store_Files"/>
  </visualProperties>
  <visualProperties x="29" y="73">
    <element href="assembly.xml#Initilaize"/>
  </visualProperties>
  <visualProperties x="447" y="89">
    <element href="assembly.xml#Init"/>
  </visualProperties>
  <visualProperties x="329" y="113">
    <element href="assembly.xml#Initialize"/>
  </visualProperties>
  <visualProperties x="671" y="86">
    <element href="assembly.xml#GetEventDocuments"/>
  </visualProperties>
  <visualProperties x="814" y="101">
    <element href="assembly.xml#Route"/>
  </visualProperties>
  <visualProperties x="947" y="139">
    <element href="assembly.xml#CopyFilesToVariable"/>
  </visualProperties>
  <visualProperties x="2201" y="180">
    <element href="assembly.xml#PutIntegrationMessage"/>
  </visualProperties>
  <visualProperties x="463" y="439">
    <element href="assembly.xml#Process_Curent_Employees"/>
  </visualProperties>
  <visualProperties x="444" y="549">
    <element href="assembly.xml#Process_Sup_Org"/>
  </visualProperties>
  <visualProperties x="449" y="665">
    <element href="assembly.xml#Store_Files"/>
  </visualProperties>
  <visualProperties x="640" y="146">
    <element href="assembly.xml#Get_Report_Extract_Xml_Files"/>
  </visualProperties>
  <visualProperties x="551" y="692">
    <element href="assembly.xml#AsyncMediation2"/>
  </visualProperties>
  <visualProperties x="610" y="386">
    <element href="assembly.xml#Split_By_Report_Entry"/>
  </visualProperties>
  <visualProperties x="617" y="398">
    <element href="assembly.xml#Copy_Variable"/>
  </visualProperties>
  <visualProperties x="907" y="414">
    <element href="assembly.xml#Process_ReportEntry"/>
  </visualProperties>
  <visualProperties x="585" y="597">
    <element href="assembly.xml#CopyVariableToMessage"/>
  </visualProperties>
  <visualProperties x="1369" y="130">
    <element href="assembly.xml#CopyingFilesByName"/>
  </visualProperties>
  <visualProperties x="1554" y="152">
    <element href="assembly.xml#Current_Employees_File"/>
  </visualProperties>
  <visualProperties x="1883" y="190">
    <element href="assembly.xml#Future_Hires"/>
  </visualProperties>
  <visualProperties x="2048" y="207">
    <element href="assembly.xml#Supervisory_org_File"/>
  </visualProperties>
  <visualProperties x="719" y="785">
    <element href="assembly.xml#SplittByReport_Entry"/>
  </visualProperties>
  <visualProperties x="817" y="759">
    <element href="assembly.xml#Process_Report_Entry"/>
  </visualProperties>
  <visualProperties x="1060" y="794">
    <element href="assembly.xml#Aggregator"/>
  </visualProperties>
  <visualProperties x="1205" y="789">
    <element href="assembly.xml#Store_Supervisory_Org_File"/>
  </visualProperties>
  <visualProperties x="1077" y="510">
    <element href="assembly.xml#Aggregator0"/>
  </visualProperties>
  <visualProperties x="1226" y="509">
    <element href="assembly.xml#CopyOutputToVariable"/>
  </visualProperties>
  <visualProperties x="444" y="693">
    <element href="assembly.xml#Process_Future_Employees"/>
  </visualProperties>
  <visualProperties x="1444" y="725">
    <element href="assembly.xml#CopyOutputToVariable1"/>
  </visualProperties>
  <visualProperties x="961" y="725">
    <element href="assembly.xml#Splitter1"/>
  </visualProperties>
  <visualProperties x="1098" y="725">
    <element href="assembly.xml#Process_Each_ReportEntry"/>
  </visualProperties>
  <visualProperties x="797" y="725">
    <element href="assembly.xml#Copy_Variable_Into_Message"/>
  </visualProperties>
  <visualProperties x="1299" y="725">
    <element href="assembly.xml#Aggregator00"/>
  </visualProperties>
  <visualProperties x="196" y="382">
    <element href="assembly.xml#Call_Process_Future_Employees"/>
  </visualProperties>
  <visualProperties x="674" y="1205">
    <element href="assembly.xml#PIM_Intergation_Completion"/>
  </visualProperties>
  <visualProperties x="1401" y="965">
    <element href="assembly.xml#PIM_Supervisory_Org_File_Store_Success"/>
  </visualProperties>
  <visualProperties x="248" y="197">
    <element href="assembly.xml#PIM_Init"/>
  </visualProperties>
  <visualProperties x="1141" y="1033">
    <element href="assembly.xml#PIM_Current_Employees"/>
  </visualProperties>
  <visualProperties x="1201" y="1252">
    <element href="assembly.xml#PIM_Future_Hires"/>
  </visualProperties>
  <visualProperties x="1358" y="1583">
    <element href="assembly.xml#PutIntegrationMessage0"/>
  </visualProperties>
  <visualProperties x="593" y="1876">
    <element href="assembly.xml#LocalErrorHandler"/>
  </visualProperties>
  <visualProperties x="646" y="1872">
    <element href="assembly.xml#ErrorMsgAysnc"/>
  </visualProperties>
  <visualProperties>
    <element href="assembly.xml#//@beans/@mixed.1/@mixed.95"/>
  </visualProperties>
  <visualProperties>
    <element href="assembly.xml#PutGlobalError"/>
  </visualProperties>
  <visualProperties x="276" y="1014">
    <element href="assembly.xml#ValidateReportFilesPresense"/>
  </visualProperties>
  <visualProperties x="238" y="1108">
    <element href="assembly.xml#CallFilesMissingError"/>
  </visualProperties>
  <visualProperties x="683" y="1399">
    <element href="assembly.xml#CallCurrentEmpXsltError"/>
  </visualProperties>
  <visualProperties x="861" y="1121">
    <element href="assembly.xml#CallSupOrgXsltError"/>
  </visualProperties>
  <visualProperties x="652" y="1713">
    <element href="assembly.xml#CallFutureEmpXsltError"/>
  </visualProperties>
  <visualProperties x="1191" y="615">
    <element href="assembly.xml#SomeOtherFile"/>
  </visualProperties>
  <visualProperties x="1411" y="329">
    <element href="assembly.xml#PutIntegrationMessage1"/>
  </visualProperties>
  <connections type="routesTo">
    <source href="assembly.xml#StartHere"/>
    <target href="assembly.xml#Initilaize"/>
  </connections>
  <connections type="routesResponseTo">
    <source href="assembly.xml#Initilaize"/>
    <target href="assembly.xml#Call_Get_Report_Extract_Xml_Files"/>
  </connections>
  <connections type="routesTo">
    <source href="assembly.xml#//@beans/@mixed.1/@route.0/@subRoute.0"/>
    <target href="assembly.xml#CopyFilesToVariable"/>
  </connections>
  <connections type="routesResponseTo">
    <source href="assembly.xml#GetEventDocuments"/>
    <target href="assembly.xml#Route"/>
  </connections>
  <connections type="routesTo">
    <source href="assembly.xml#Get_Report_Extract_Xml_Files"/>
    <target href="assembly.xml#GetEventDocuments"/>
  </connections>
  <connections type="routesTo">
    <source href="assembly.xml#Initialize"/>
    <target href="assembly.xml#Init"/>
  </connections>
  <connections type="routesTo">
    <source href="assembly.xml#Store_Files"/>
    <target href="assembly.xml#AsyncMediation2"/>
  </connections>
  <connections type="routesTo">
    <source href="assembly.xml#//@beans/@mixed.1/@splitter.0/@subRoute.0"/>
    <target href="assembly.xml#Process_ReportEntry"/>
  </connections>
  <connections type="routesTo">
    <source href="assembly.xml#Copy_Variable"/>
    <target href="assembly.xml#Split_By_Report_Entry"/>
  </connections>
  <connections type="routesTo" sourceAnchorX="0.5142857142857142" sourceAnchorY="1.0" targetAnchorX="0.022388059701492536" targetAnchorY="0.4787234042553192">
    <source href="assembly.xml#//@beans/@mixed.1/@route.1/@subRoute.0"/>
    <target href="assembly.xml#Current_Employees_File"/>
  </connections>
  <connections type="routesTo" sourceAnchorX="0.8095238095238095" sourceAnchorY="1.0" targetAnchorX="0.03731343283582089" targetAnchorY="0.4574468085106383">
    <source href="assembly.xml#//@beans/@mixed.1/@route.1/@subRoute.1"/>
    <target href="assembly.xml#Future_Hires"/>
  </connections>
  <connections type="routesTo" sourceAnchorX="0.5428571428571428" sourceAnchorY="1.0" targetAnchorX="0.03731343283582089" targetAnchorY="0.46808510638297873">
    <source href="assembly.xml#//@beans/@mixed.1/@route.1/@subRoute.2"/>
    <target href="assembly.xml#Supervisory_org_File"/>
  </connections>
  <connections type="routesTo">
    <source href="assembly.xml#CopyFilesToVariable"/>
    <target href="assembly.xml#CopyingFilesByName"/>
  </connections>
  <connections type="routesTo" sourceAnchorX="1.0" sourceAnchorY="0.2553191489361702" targetAnchorX="0.010869565217391304" targetAnchorY="0.40540540540540543">
    <source href="assembly.xml#Current_Employees_File"/>
    <target href="assembly.xml#PutIntegrationMessage"/>
  </connections>
  <connections type="routesTo" sourceAnchorX="1.0" sourceAnchorY="0.24468085106382978" targetAnchorX="0.06521739130434782" targetAnchorY="0.35135135135135137">
    <source href="assembly.xml#Future_Hires"/>
    <target href="assembly.xml#PutIntegrationMessage"/>
  </connections>
  <connections type="routesTo">
    <source href="assembly.xml#Supervisory_org_File"/>
    <target href="assembly.xml#PutIntegrationMessage"/>
  </connections>
  <connections type="routesTo">
    <source href="assembly.xml#//@beans/@mixed.1/@splitter.1/@subRoute.0"/>
    <target href="assembly.xml#Process_Report_Entry"/>
  </connections>
  <connections type="routesTo">
    <source href="assembly.xml#CopyVariableToMessage"/>
    <target href="assembly.xml#SplittByReport_Entry"/>
  </connections>
  <connections type="routesTo">
    <source href="assembly.xml#Process_Report_Entry"/>
    <target href="assembly.xml#Aggregator"/>
  </connections>
  <connections type="routesTo">
    <source href="assembly.xml#Aggregator"/>
    <target href="assembly.xml#Store_Supervisory_Org_File"/>
  </connections>
  <connections type="routesTo">
    <source href="assembly.xml#Process_ReportEntry"/>
    <target href="assembly.xml#Aggregator0"/>
  </connections>
  <connections type="routesTo">
    <source href="assembly.xml#Aggregator0"/>
    <target href="assembly.xml#CopyOutputToVariable"/>
  </connections>
  <connections type="routesTo">
    <source href="assembly.xml#Aggregator00"/>
    <target href="assembly.xml#CopyOutputToVariable1"/>
  </connections>
  <connections type="routesTo">
    <source href="assembly.xml#Copy_Variable_Into_Message"/>
    <target href="assembly.xml#Splitter1"/>
  </connections>
  <connections type="routesTo">
    <source href="assembly.xml#//@beans/@mixed.1/@splitter.2/@subRoute.0"/>
    <target href="assembly.xml#Process_Each_ReportEntry"/>
  </connections>
  <connections type="routesTo">
    <source href="assembly.xml#Process_Each_ReportEntry"/>
    <target href="assembly.xml#Aggregator00"/>
  </connections>
  <connections type="routesResponseTo">
    <source href="assembly.xml#Call_Get_Report_Extract_Xml_Files"/>
    <target href="assembly.xml#Call_Process_Sup_Org"/>
  </connections>
  <connections type="routesResponseTo">
    <source href="assembly.xml#Call_Process_Sup_Org"/>
    <target href="assembly.xml#Call_Process_Curent_Employees"/>
  </connections>
  <connections type="routesResponseTo">
    <source href="assembly.xml#Call_Process_Curent_Employees"/>
    <target href="assembly.xml#Call_Process_Future_Employees"/>
  </connections>
  <connections type="routesResponseTo">
    <source href="assembly.xml#Call_Process_Future_Employees"/>
    <target href="assembly.xml#Call_Store_Files"/>
  </connections>
  <connections type="routesTo">
    <source href="assembly.xml#AsyncMediation2"/>
    <target href="assembly.xml#PIM_Intergation_Completion"/>
  </connections>
  <connections type="routesTo">
    <source href="assembly.xml#Store_Supervisory_Org_File"/>
    <target href="assembly.xml#PIM_Supervisory_Org_File_Store_Success"/>
  </connections>
  <connections type="routesTo">
    <source href="assembly.xml#Init"/>
    <target href="assembly.xml#PIM_Init"/>
  </connections>
  <connections type="routesTo">
    <source href="assembly.xml#CopyOutputToVariable"/>
    <target href="assembly.xml#PIM_Current_Employees"/>
  </connections>
  <connections type="routesTo">
    <source href="assembly.xml#CopyOutputToVariable1"/>
    <target href="assembly.xml#PIM_Future_Hires"/>
  </connections>
  <connections type="routesTo">
    <source href="assembly.xml#ErrorMsgAysnc"/>
    <target href="assembly.xml#PutIntegrationMessage0"/>
  </connections>
  <connections type="routesTo">
    <source href="assembly.xml#LocalErrorHandler"/>
    <target href="assembly.xml#ErrorMsgAysnc"/>
  </connections>
  <connections type="routesTo">
    <source href="assembly.xml#//@beans/@mixed.1/@mixed.95"/>
    <target href="assembly.xml#PutGlobalError"/>
  </connections>
  <connections type="routesTo">
    <source href="assembly.xml#//@beans/@mixed.1/@mixed.97/@mixed.3"/>
    <target href="assembly.xml#CallFilesMissingError"/>
  </connections>
  <connections type="routesTo">
    <source href="assembly.xml#//@beans/@mixed.1/@mixed.39/@mixed.3"/>
    <target href="assembly.xml#CallCurrentEmpXsltError"/>
  </connections>
  <connections type="routesTo">
    <source href="assembly.xml#Process_Sup_Org"/>
    <target href="assembly.xml#ValidateReportFilesPresense"/>
  </connections>
  <connections type="routesTo">
    <source href="assembly.xml#ValidateReportFilesPresense"/>
    <target href="assembly.xml#CopyVariableToMessage"/>
  </connections>
  <connections type="routesTo">
    <source href="assembly.xml#//@beans/@mixed.1/@mixed.53/@mixed.3"/>
    <target href="assembly.xml#CallSupOrgXsltError"/>
  </connections>
  <connections type="routesTo">
    <source href="assembly.xml#//@beans/@mixed.1/@mixed.69/@mixed.3"/>
    <target href="assembly.xml#CallFutureEmpXsltError"/>
  </connections>
  <connections type="routesTo">
    <source href="assembly.xml#//@beans/@mixed.1/@route.1/@subRoute.3"/>
    <target href="assembly.xml#SomeOtherFile"/>
  </connections>
  <connections type="routesTo">
    <source href="assembly.xml#SomeOtherFile"/>
    <target href="assembly.xml#PutIntegrationMessage1"/>
  </connections>
  <connections type="routesTo">
    <source href="assembly.xml#Process_Curent_Employees"/>
    <target href="assembly.xml#Copy_Variable"/>
  </connections>
  <connections type="routesTo">
    <source href="assembly.xml#Process_Future_Employees"/>
    <target href="assembly.xml#Copy_Variable_Into_Message"/>
  </connections>
  <swimlanes x="20" y="26" bgColor="8454143" name="Main">
    <elements href="assembly.xml#StartHere"/>
    <elements href="assembly.xml#Initilaize"/>
    <elements href="assembly.xml#Call_Get_Report_Extract_Xml_Files"/>
    <elements href="assembly.xml#Call_Process_Sup_Org"/>
    <elements href="assembly.xml#Call_Process_Curent_Employees"/>
    <elements href="assembly.xml#Call_Process_Future_Employees"/>
    <elements href="assembly.xml#Call_Store_Files"/>
  </swimlanes>
  <swimlanes x="20" y="126" bgColor="32896" name="Initialize">
    <elements href="assembly.xml#Initialize"/>
    <elements href="assembly.xml#Init"/>
    <elements href="assembly.xml#PIM_Init"/>
  </swimlanes>
  <swimlanes x="20" y="289" bgColor="4227072" name="Get Report Extract XML Files">
    <elements href="assembly.xml#Get_Report_Extract_Xml_Files"/>
    <elements href="assembly.xml#GetEventDocuments"/>
    <elements href="assembly.xml#Route"/>
    <elements href="assembly.xml#CopyFilesToVariable"/>
    <elements href="assembly.xml#CopyingFilesByName"/>
    <elements href="#//@swimlanes.7"/>
    <elements href="assembly.xml#PutIntegrationMessage"/>
    <elements href="assembly.xml#PutIntegrationMessage1"/>
  </swimlanes>
  <swimlanes x="32" y="1157" bgColor="12632256" name="Process Current Employees File">
    <elements href="assembly.xml#Process_Curent_Employees"/>
    <elements href="assembly.xml#Copy_Variable"/>
    <elements href="assembly.xml#Split_By_Report_Entry"/>
    <elements href="assembly.xml#Process_ReportEntry"/>
    <elements href="assembly.xml#Aggregator0"/>
    <elements href="assembly.xml#CopyOutputToVariable"/>
    <elements href="assembly.xml#PIM_Current_Employees"/>
  </swimlanes>
  <swimlanes x="26" y="888" bgColor="8421631" name="Process Supervisory Org File">
    <elements href="assembly.xml#Process_Sup_Org"/>
    <elements href="assembly.xml#ValidateReportFilesPresense"/>
    <elements href="assembly.xml#CopyVariableToMessage"/>
    <elements href="assembly.xml#SplittByReport_Entry"/>
    <elements href="assembly.xml#Process_Report_Entry"/>
    <elements href="assembly.xml#Aggregator"/>
    <elements href="assembly.xml#Store_Supervisory_Org_File"/>
    <elements href="assembly.xml#PIM_Supervisory_Org_File_Store_Success"/>
  </swimlanes>
  <swimlanes x="47" y="1766" bgColor="12615680" name="Merge Current Employees and Future Hires and Store">
    <elements href="assembly.xml#Store_Files"/>
    <elements href="assembly.xml#AsyncMediation2"/>
    <elements href="assembly.xml#PIM_Intergation_Completion"/>
  </swimlanes>
  <swimlanes x="11" y="1471" bgColor="4227327" name="Process Future Hires">
    <elements href="assembly.xml#Process_Future_Employees"/>
    <elements href="assembly.xml#Copy_Variable_Into_Message"/>
    <elements href="assembly.xml#Splitter1"/>
    <elements href="assembly.xml#Process_Each_ReportEntry"/>
    <elements href="assembly.xml#Aggregator00"/>
    <elements href="assembly.xml#CopyOutputToVariable1"/>
    <elements href="assembly.xml#PIM_Future_Hires"/>
  </swimlanes>
  <swimlanes x="1736" y="208" name="CopyIntoVariables" orientation="VERTICAL">
    <elements href="assembly.xml#Current_Employees_File"/>
    <elements href="assembly.xml#Future_Hires"/>
    <elements href="assembly.xml#Supervisory_org_File"/>
    <elements href="assembly.xml#SomeOtherFile"/>
  </swimlanes>
  <swimlanes x="-15" y="1939" fgColor="255" name="Global Error Handler" orientation="VERTICAL" topBorderColor="255" labelAlignment="LEFT">
    <elements href="assembly.xml#//@beans/@mixed.1/@mixed.95"/>
    <elements href="assembly.xml#PutGlobalError"/>
  </swimlanes>
  <swimlanes x="352" y="1914" bgColor="255">
    <elements href="assembly.xml#LocalErrorHandler"/>
    <elements href="assembly.xml#ErrorMsgAysnc"/>
    <elements href="assembly.xml#PutIntegrationMessage0"/>
  </swimlanes>
</wdnm:Diagram>
