<?xml version="1.0" encoding="UTF-8"?>
<beans
     xmlns="http://www.springframework.org/schema/beans"
     xmlns:beans="http://www.springframework.org/schema/beans"
     xmlns:atom="http://www.w3.org/2005/Atom"
     xmlns:cc="http://www.capeclear.com/assembly/10"
     xmlns:cloud="urn:com.workday/esb/cloud/10.0"
     xmlns:env="http://schemas.xmlsoap.org/soap/envelope/"
     xmlns:pi="urn:com.workday/picof"
     xmlns:wd="urn:com.workday/bsvc"
     xmlns:xsi="http://www.w3.org/2001/XMLSchema-instance">
 
	<cc:assembly id="WorkdayAssembly" version="2024.11">
        <cc:workday-in id="StartHere" routes-to="CallInitialization">
            <cc:integration-system name="VBW_Employee Offcycle Payment Update Studio Multidirectional">
        <cloud:param name="Validation flag">
          <cloud:type>
            <cloud:simple-type>boolean</cloud:simple-type>
          </cloud:type>
          <cloud:default>
            <cloud:boolean>true</cloud:boolean>
          </cloud:default>
        </cloud:param>
        <cloud:attribute-map-service name="VBW - Attribute and Maps">
          <cloud:attribute name="Web service version ">
            <cloud:type>
              <cloud:class-report-field description="Web Service API Version" type="WID" singular="true">f54cce640b3410001ae50f791f2000cd</cloud:class-report-field>
            </cloud:type>
            <cloud:display-option>required-for-launch</cloud:display-option>
          </cloud:attribute>
          <cloud:attribute name="document retention policy ">
            <cloud:type>
              <cloud:simple-type>number</cloud:simple-type>
            </cloud:type>
            <cloud:display-option>required-for-launch</cloud:display-option>
          </cloud:attribute>
          <cloud:map name="VBW Deductions">
            <cloud:internal-type>
              <cloud:class-report-field description="Deductions (All)" type="WID">d576f976ed3f4a05aec3c44ce0847d26</cloud:class-report-field>
            </cloud:internal-type>
            <cloud:external-type>
              <cloud:simple-type>text</cloud:simple-type>
            </cloud:external-type>
          </cloud:map>
        </cloud:attribute-map-service>
        <cloud:service-reference name="VBW_Employee Offcycle Payment Update Studio Multidirectional"/>
      </cc:integration-system>
        </cc:workday-in>
        <cc:local-out id="CallFileRetrieval" store-message="none" routes-response-to="CallDIS" endpoint="vm://VBW_Employee_OffCylePayment_Update/FileRetrieval"/>
        <cc:local-in id="FileRetrieval" routes-to="GetEventDocuments"/>
        <cc:local-out id="PIM-NoFile" endpoint="vm://wcc/PutIntegrationMessage">
            <cc:set name="is.message.severity" value="'CRITICAL'"/>
            <cc:set name="is.message.summary" value="'Error occurred while retrieving input file'"/>
            <cc:set name="is.message.detail" value="context.errorMessage"/>
            <cc:set name="critical.error.occurred" value="true"/>
        </cc:local-out>
        <cc:async-mediation id="RetrieveFile" routes-to="Route" handle-downstream-errors="true">
            <cc:steps>
                <cc:eval id="Eval">
                    <cc:expression>props['da_size'] = da.size()</cc:expression>
                </cc:eval>
                <cc:log id="Log">
                    <cc:log-message>
                        <cc:text>props['da_size'] = @{props['da_size']}</cc:text>
                    </cc:log-message>
                </cc:log>
                <cc:validate-exp id="ValidateExp">
                    <cc:expression failure-message="No Files Present at sFTP site">da.size() > 0</cc:expression>
                </cc:validate-exp>
            </cc:steps>
            <cc:send-error id="SendError" routes-to="PIM-NoFile"/>
        </cc:async-mediation>
        <cc:local-out id="PIM-CopyRetrieveVariable" endpoint="vm://wcc/PutIntegrationMessage">
            <cc:set name="is.message.severity" value="'CRITICAL'"/>
            <cc:set name="is.message.summary" value="'Error while copying retrieve variable'"/>
            <cc:set name="is.message.detail" value="context.errorMessage"/>
            <cc:set name="critical.error.occurred" value="true"/>
        </cc:local-out>
        <cc:async-mediation id="CopyRetrieveVariable" routes-to="ConvertCSVtoXML" handle-downstream-errors="true">
            <cc:steps>
                <cc:copy id="Copy" output="message" output-mimetype="text/csv" input="variable" input-variable="InputFile"/>
            </cc:steps>
            <cc:send-error id="SendError" routes-to="PIM-CopyRetrieveVariable"/>
        </cc:async-mediation>
        <cc:local-out id="PIM-CSVtoXML" endpoint="vm://wcc/PutIntegrationMessage">
            <cc:set name="is.message.severity" value="'CRITICAL'"/>
            <cc:set name="is.message.summary" value="'Error while converting the file from CSV to XML'"/>
            <cc:set name="is.message.detail" value="context.errorMessage"/>
            <cc:set name="critical.error.occurred" value="true"/>
        </cc:local-out>
        <cc:async-mediation id="ConvertCSVtoXML" handle-downstream-errors="true">
            <cc:steps>
                <cc:csv-to-xml id="CsvToXml" format="rfc4180" rootName="Root" rowName="Row" useFirstLineAsHeader="true"/>
                <cc:copy id="Copy" output="variable" output-variable="xml.input.file"/>
                <cc:eval id="Eval">
                    <cc:expression>props['RecordCount'] = 0;props['RecordCount'] = (int) parts[0].xpath('count(Root/Row)')</cc:expression>
                </cc:eval>
                <cc:log id="Log">
                    <cc:log-message>
                        <cc:text>******File Retrieved Successfully******&#xD;
Record Count = @{props['RecordCount']}</cc:text>
                    </cc:log-message>
                </cc:log>
                <cc:store id="StoreInputFile" output="variable" output-variable="Input_File_Data" input="variable" input-variable="xml.input.file" expiresIn="P180D" title="Input_File_Data.xml"/>
            </cc:steps>
            <cc:send-error id="SendError" routes-to="PIM-CSVtoXML"/>
        </cc:async-mediation>
        <cc:local-out id="GetEventDocuments" routes-response-to="RetrieveFile" endpoint="vm://wcc/GetEventDocuments"><cc:set name="ie.event.wid" value="lp.isSet() ? lp.getIntegrationEventWID() : null"/></cc:local-out>
        <cc:route id="Route">
            <cc:doc-iterator labels="VBW - Tag" variable-name="InputFile"/>
            <cc:sub-route name="SubRoute" routes-to="CopyRetrieveVariable"/>
        </cc:route>
        <cc:local-in id="ProcessRow" routes-to="Splitter"/>
        <cc:local-out id="CallProcess" store-message="none" endpoint="vm://VBW_Employee_OffCylePayment_Update/ProcessRow"/>
        <cc:splitter id="Splitter">
            <cc:sub-route name="SubRoute" routes-to="SetProperty"/>
            <cc:xml-stream-splitter xpath="Root/Row"/>
        </cc:splitter>
        <cc:async-mediation id="AddToSkip">
            <cc:steps>
                <cc:eval id="Eval">
                    <cc:expression>props['skip'] = props['skip'] + 1</cc:expression>
                </cc:eval>
            </cc:steps>
        </cc:async-mediation>
        <cc:async-mediation id="SetProperty" handle-downstream-errors="true">
            <cc:steps>
                <cc:eval id="setProps">
                    <cc:expression>props['PayCode'] = empty</cc:expression>
                    <cc:expression>props['employee.id'] = empty</cc:expression>
                    <cc:expression>props['Amount'] = empty</cc:expression>
                    <cc:expression>props['PayCode'] = parts[0].xpath(&quot;Row/PayCode&quot;)</cc:expression>
                    <cc:expression>props['employee.id'] = parts[0].xpath(&quot;Row/EmployeeID&quot;)</cc:expression>
                    <cc:expression>props['Amount'] = parts[0].xpath(&quot;Row/Amount&quot;)</cc:expression>
                    <cc:expression>props['error.msg'] = empty</cc:expression>
                    <cc:expression>props['record.number'] = props['record.number'] + 1</cc:expression>
                </cc:eval>
                <cc:validate-exp id="ValidateExp1">
                    <cc:expression failure-message="Employee ID is blank for record @{props['record.number']}">props['employee.id'] != ''</cc:expression>
                </cc:validate-exp>
                <cc:log id="Log">
                    <cc:log-message>
                        <cc:line-separator/>
                        <cc:text>****Input Row***&#xD;
</cc:text>
                        <cc:line-separator/>
                        <cc:message-content/>
                    </cc:log-message>
                </cc:log>
            </cc:steps>
            <cc:send-error id="SendError" routes-to="AddToSkip"/>
        </cc:async-mediation>
        <cc:local-out id="CallDIS" store-message="none" routes-response-to="CallProcess" endpoint="vm://VBW_Employee_OffCylePayment_Update/DIS"/>
        <cc:local-in id="DIS" routes-to="Route0"/>
        <cc:route id="Route0">
            <cc:doc-iterator labels="Data - Full"/>
            <cc:sub-route name="SubRoute" routes-to="InitializingDIS"/>
        </cc:route>
        <cc:async-mediation id="InitializingDIS" handle-downstream-errors="true">
            <cc:steps>
                <cc:copy id="Copy" input="variable" input-variable="wd.retrieve.variable" stream-xpath="true"/>
                <cc:log id="Log" input="message">
                    <cc:log-message>
                        <cc:text>&#xD;
*************DIS OUT***************</cc:text>
                    </cc:log-message>
                </cc:log>
                <cc:store id="Store" output="variable" output-variable="DIS_data" expiresIn="P180D" title="DIS.xml"/>
            </cc:steps>
            <cc:send-error id="SendError" routes-to="DISError"/>
        </cc:async-mediation>
        <cc:local-out id="DISError" endpoint="vm://wcc/PutIntegrationMessage">
            <cc:set name="is.message.severity" value="'ERROR'"/>
            <cc:set name="is.message.summary" value="'Error initializing DIS'"/>
            <cc:set name="is.message.detail" value="context.errorMessage"/>
        </cc:local-out>
        <cc:local-out id="PIM-Initiation" endpoint="vm://wcc/PutIntegrationMessage">
            <cc:set name="is.message.severity" value="'CRITICAL'"/>
            <cc:set name="is.message.summary" value="'Error initializing integration.'"/>
            <cc:set name="is.message.detail" value="context.errorMessage"/>
            <cc:set name="is.message.storage.enabled" value="false"/>
            <cc:set name="critical.error.occurred" value="true"/>
        </cc:local-out>
        <cc:async-mediation id="Initiation" handle-downstream-errors="true">
            <cc:steps>
                <cc:eval id="Props"><cc:expression>props['critical.error.occurred'] = false;props['close.stacker'] = false</cc:expression>
                    <cc:expression>props['record.number'] = 0</cc:expression>
                    <cc:expression>props['line'] = 0</cc:expression>
                    <cc:expression>props['close.agg'] = false</cc:expression></cc:eval>
                <cc:eval id="LP &amp; IA">
                    <cc:expression>props['ia.doc_ret'] = intsys.getAttribute('document retention policy ');</cc:expression>
                    <cc:expression>props['ia.ws.ver'] = intsys.getAttribute('Web service version')</cc:expression>
                    <cc:expression>props['validation.mode.lp'] = (Boolean)lp.getSimpleData('Validation flag')</cc:expression>
                </cc:eval>
                <cc:log id="Log">
                    <cc:log-message>
                        <cc:text>&#xD;
props['pEarningCodes'] = @{props['pEarningCodes']}&#xD;
props['pDeductionCodes'] = @{props['pDeductionCodes']}</cc:text>
                    </cc:log-message>
                </cc:log>
            </cc:steps>
            <cc:send-error id="SendError" routes-to="PIM-Initiation"/>
        </cc:async-mediation>
        <cc:local-in id="Initialization" routes-to="Initiation"/>
        <cc:local-out id="CallInitialization" store-message="none" routes-response-to="CallFileRetrieval" endpoint="vm://VBW_Employee_OffCylePayment_Update/Initialization"/>
	</cc:assembly>

</beans>