<?xml version="1.0" encoding="UTF-8"?>
<wdnm:Diagram xmlns:wdnm="http://workday.com/studio/editors/notation">
  <element href="assembly.xml#WorkdayAssembly"/>
  <visualProperties x="-176" y="81">
    <element href="assembly.xml#StartHere"/>
  </visualProperties>
  <visualProperties x="52" y="30">
    <element href="assembly.xml#GetReportParameters"/>
  </visualProperties>
  <visualProperties x="347" y="74">
    <element href="assembly.xml#CallProcessSummary"/>
  </visualProperties>
  <visualProperties x="-226" y="315">
    <element href="assembly.xml#ProcessSummary"/>
  </visualProperties>
  <visualProperties x="629" y="81">
    <element href="assembly.xml#CallProceessDetailedReport"/>
  </visualProperties>
  <visualProperties x="-226" y="702">
    <element href="assembly.xml#ProceessDetailedReport"/>
  </visualProperties>
  <visualProperties x="935" y="81">
    <element href="assembly.xml#CallPutIntegrationMessageDone"/>
  </visualProperties>
  <visualProperties x="1262" y="81">
    <element href="assembly.xml#CallPutIntegrationEventComplete"/>
  </visualProperties>
  <visualProperties x="155" y="315">
    <element href="assembly.xml#GetHeadcountReport"/>
  </visualProperties>
  <visualProperties x="706" y="315">
    <element href="assembly.xml#TransformHeadCountRecord"/>
  </visualProperties>
  <visualProperties x="1390" y="315">
    <element href="assembly.xml#FileSuccessfullyCreated"/>
  </visualProperties>
  <visualProperties x="706" y="458">
    <element href="assembly.xml#ErrorTransformingHeadcountRecord"/>
  </visualProperties>
  <visualProperties x="546" y="315">
    <element href="assembly.xml#SplitByGroup"/>
  </visualProperties>
  <visualProperties x="949" y="315">
    <element href="assembly.xml#AggregateHeadCountRecords"/>
  </visualProperties>
  <visualProperties x="1188" y="315">
    <element href="assembly.xml#CreateHeadCountFile"/>
  </visualProperties>
  <visualProperties x="1589" y="709">
    <element href="assembly.xml#FileSuccessfullyCreated0"/>
  </visualProperties>
  <visualProperties x="1126" y="665">
    <element href="assembly.xml#CreateDetailedRecordsFile"/>
  </visualProperties>
  <visualProperties x="638" y="837">
    <element href="assembly.xml#ErrorProcessingDetailedRecord"/>
  </visualProperties>
  <visualProperties x="887" y="675">
    <element href="assembly.xml#AggregateDetailedRecords"/>
  </visualProperties>
  <visualProperties x="490" y="644">
    <element href="assembly.xml#SplitByRow0"/>
  </visualProperties>
  <visualProperties x="648" y="665">
    <element href="assembly.xml#TransformDetailedRecord"/>
  </visualProperties>
  <visualProperties x="257" y="687">
    <element href="assembly.xml#GetDetailedReport"/>
  </visualProperties>
  <visualProperties x="110" y="946">
    <element href="assembly.xml#CallPutIntegrationMessageGlobal"/>
  </visualProperties>
  <visualProperties x="428" y="946">
    <element href="assembly.xml#CallPutIntegrationEventGlobal"/>
  </visualProperties>
  <visualProperties x="-155" y="946">
    <element href="assembly.xml#//@beans/@mixed.1/@mixed.45"/>
  </visualProperties>
  <visualProperties x="-41" y="315">
    <element href="assembly.xml#ErrorHeadCountReport"/>
  </visualProperties>
  <visualProperties x="37" y="644">
    <element href="assembly.xml#ErrorDetailedReport"/>
  </visualProperties>
  <visualProperties x="-41" y="458">
    <element href="assembly.xml#ErrorGettingHeadcountReport"/>
  </visualProperties>
  <visualProperties x="19" y="827">
    <element href="assembly.xml#ErrorGettingDetailedReport"/>
  </visualProperties>
  <visualProperties x="1164" y="837">
    <element href="assembly.xml#ErrorCreatingDetailedRecordsFile"/>
  </visualProperties>
  <visualProperties x="43" y="185">
    <element href="assembly.xml#ErrorGettingParameters"/>
  </visualProperties>
  <visualProperties x="1197" y="468">
    <element href="assembly.xml#ErrorCreatingHeadcountFile"/>
  </visualProperties>
  <visualProperties x="347" y="315">
    <element href="assembly.xml#GroupHeadcountBUs"/>
  </visualProperties>
  <visualProperties x="347" y="478">
    <element href="assembly.xml#ErrorGroupingHeadcountBUs"/>
  </visualProperties>
  <decorations x="-236" y="918" width="922" height="93" font="Segoe UI|12|0" bgColor="10265827" fgColor="6737151" fontColor="1" type="NOTE" text="Error handler."/>
  <decorations x="-242" y="14" width="1769" height="250" font="Arial|12|0" fontColor="1" type="NOTE" text="Main Process"/>
  <decorations x="-242" y="276" width="1865" height="319" font="Arial|12|0" bgColor="16776960" fontColor="1" type="NOTE" text="Create Headcount File"/>
  <decorations x="-236" y="613" width="2100" height="290" font="Arial|12|0" bgColor="4259584" fontColor="1" type="NOTE" text="Create Detailed File"/>
  <decorations x="-242" y="-54" width="796" height="60" font="Arial Black|18|0" bgColor="16777215" fontColor="1" type="NOTE" text="INT0038B Global Head Count And FTE File To GL Outbound"/>
  <connections type="routesTo">
    <source href="assembly.xml#StartHere"/>
    <target href="assembly.xml#GetReportParameters"/>
  </connections>
  <connections type="routesTo" sourceAnchorX="0.6932515337423313" sourceAnchorY="0.44680851063829785" targetAnchorX="0.056179775280898875" targetAnchorY="0.40540540540540543">
    <source href="assembly.xml#GetReportParameters"/>
    <target href="assembly.xml#CallProcessSummary"/>
  </connections>
  <connections type="routesResponseTo" sourceAnchorX="0.9719101123595506" sourceAnchorY="0.35135135135135137" targetAnchorX="0.06976744186046512" targetAnchorY="0.2702702702702703">
    <source href="assembly.xml#CallProcessSummary"/>
    <target href="assembly.xml#CallProceessDetailedReport"/>
  </connections>
  <connections type="routesResponseTo">
    <source href="assembly.xml#CallPutIntegrationMessageDone"/>
    <target href="assembly.xml#CallPutIntegrationEventComplete"/>
  </connections>
  <connections type="routesResponseTo" sourceAnchorX="0.9674418604651163" sourceAnchorY="0.3783783783783784" targetAnchorX="0.046610169491525424" targetAnchorY="0.3783783783783784">
    <source href="assembly.xml#CallProceessDetailedReport"/>
    <target href="assembly.xml#CallPutIntegrationMessageDone"/>
  </connections>
  <connections type="routesTo" sourceAnchorX="0.8698630136986302" sourceAnchorY="0.488" targetAnchorX="0.0392156862745098" targetAnchorY="0.3783783783783784">
    <source href="assembly.xml#TransformHeadCountRecord"/>
    <target href="assembly.xml#AggregateHeadCountRecords"/>
  </connections>
  <connections type="routesTo">
    <source href="assembly.xml#//@beans/@mixed.1/@mixed.23/@mixed.3"/>
    <target href="assembly.xml#ErrorTransformingHeadcountRecord"/>
  </connections>
  <connections type="routesTo" sourceAnchorX="0.9871794871794872" sourceAnchorY="0.5675675675675675" targetAnchorX="0.44029850746268656" targetAnchorY="0.4673913043478261">
    <source href="assembly.xml#ProcessSummary"/>
    <target href="assembly.xml#ErrorHeadCountReport"/>
  </connections>
  <connections type="routesTo" sourceAnchorX="0.8869565217391304" sourceAnchorY="0.36792452830188677" targetAnchorX="0.047244094488188976" targetAnchorY="0.5543478260869565">
    <source href="assembly.xml#AggregateHeadCountRecords"/>
    <target href="assembly.xml#CreateHeadCountFile"/>
  </connections>
  <connections type="routesTo" sourceAnchorX="0.5083333333333333" sourceAnchorY="1.0" targetAnchorX="0.5773809523809523" targetAnchorY="0.1891891891891892">
    <source href="assembly.xml#//@beans/@mixed.1/@mixed.29/@mixed.3"/>
    <target href="assembly.xml#ErrorCreatingHeadcountFile"/>
  </connections>
  <connections type="routesTo" sourceAnchorX="0.875" sourceAnchorY="0.464" targetAnchorX="0.021052631578947368" targetAnchorY="0.2972972972972973">
    <source href="assembly.xml#CreateHeadCountFile"/>
    <target href="assembly.xml#FileSuccessfullyCreated"/>
  </connections>
  <connections type="routesTo" sourceAnchorX="0.8131868131868132" sourceAnchorY="1.0" targetAnchorX="0.07534246575342465" targetAnchorY="0.472">
    <source href="assembly.xml#//@beans/@mixed.1/@splitter.0/@subRoute.0"/>
    <target href="assembly.xml#TransformHeadCountRecord"/>
  </connections>
  <connections type="routesTo" sourceAnchorX="0.875" sourceAnchorY="0.464" targetAnchorX="0.021052631578947368" targetAnchorY="0.2972972972972973">
    <source href="assembly.xml#CreateDetailedRecordsFile"/>
    <target href="assembly.xml#FileSuccessfullyCreated0"/>
  </connections>
  <connections type="routesTo" sourceAnchorX="0.8869565217391304" sourceAnchorY="0.36792452830188677" targetAnchorX="0.047244094488188976" targetAnchorY="0.5543478260869565">
    <source href="assembly.xml#AggregateDetailedRecords"/>
    <target href="assembly.xml#CreateDetailedRecordsFile"/>
  </connections>
  <connections type="routesTo" sourceAnchorX="0.5083333333333333" sourceAnchorY="1.0" targetAnchorX="0.5297619047619048" targetAnchorY="0.10810810810810811">
    <source href="assembly.xml#//@beans/@mixed.1/@mixed.41/@mixed.3"/>
    <target href="assembly.xml#ErrorCreatingDetailedRecordsFile"/>
  </connections>
  <connections type="routesTo">
    <source href="assembly.xml#//@beans/@mixed.1/@mixed.33/@mixed.3"/>
    <target href="assembly.xml#ErrorProcessingDetailedRecord"/>
  </connections>
  <connections type="routesTo" sourceAnchorX="0.8698630136986302" sourceAnchorY="0.488" targetAnchorX="0.0392156862745098" targetAnchorY="0.3783783783783784">
    <source href="assembly.xml#TransformDetailedRecord"/>
    <target href="assembly.xml#AggregateDetailedRecords"/>
  </connections>
  <connections type="routesResponseTo" sourceAnchorX="0.9731543624161074" sourceAnchorY="0.3783783783783784" targetAnchorX="0.25961538461538464" targetAnchorY="0.35714285714285715">
    <source href="assembly.xml#GetDetailedReport"/>
    <target href="assembly.xml#SplitByRow0"/>
  </connections>
  <connections type="routesTo" sourceAnchorX="0.8131868131868132" sourceAnchorY="1.0" targetAnchorX="0.07534246575342465" targetAnchorY="0.472">
    <source href="assembly.xml#//@beans/@mixed.1/@splitter.1/@subRoute.0"/>
    <target href="assembly.xml#TransformDetailedRecord"/>
  </connections>
  <connections type="routesTo" sourceAnchorX="0.9844559585492227" sourceAnchorY="0.5135135135135135" targetAnchorX="0.23134328358208955" targetAnchorY="0.4782608695652174">
    <source href="assembly.xml#ProceessDetailedReport"/>
    <target href="assembly.xml#ErrorDetailedReport"/>
  </connections>
  <connections type="routesResponseTo">
    <source href="assembly.xml#CallPutIntegrationMessageGlobal"/>
    <target href="assembly.xml#CallPutIntegrationEventGlobal"/>
  </connections>
  <connections type="routesTo">
    <source href="assembly.xml#//@beans/@mixed.1/@mixed.45"/>
    <target href="assembly.xml#CallPutIntegrationMessageGlobal"/>
  </connections>
  <connections type="routesTo" sourceAnchorX="1.0" sourceAnchorY="0.32608695652173914" targetAnchorX="0.053691275167785234" targetAnchorY="0.5135135135135135">
    <source href="assembly.xml#ErrorHeadCountReport"/>
    <target href="assembly.xml#GetHeadcountReport"/>
  </connections>
  <connections type="routesTo" sourceAnchorX="0.8507462686567164" sourceAnchorY="0.464" targetAnchorX="0.01282051282051282" targetAnchorY="0.4594594594594595">
    <source href="assembly.xml#ErrorDetailedReport"/>
    <target href="assembly.xml#GetDetailedReport"/>
  </connections>
  <connections type="routesTo" sourceAnchorX="0.4827586206896552" sourceAnchorY="0.8333333333333334" targetAnchorX="0.441747572815534" targetAnchorY="0.08108108108108109">
    <source href="assembly.xml#//@beans/@mixed.1/@mixed.53/@mixed.3"/>
    <target href="assembly.xml#ErrorGettingDetailedReport"/>
  </connections>
  <connections type="routesTo" sourceAnchorX="0.47244094488188976" sourceAnchorY="1.0" targetAnchorX="0.5238095238095238" targetAnchorY="0.43243243243243246">
    <source href="assembly.xml#//@beans/@mixed.1/@mixed.51/@mixed.3"/>
    <target href="assembly.xml#ErrorGettingHeadcountReport"/>
  </connections>
  <connections type="routesTo" sourceAnchorX="0.46153846153846156" sourceAnchorY="0.9" targetAnchorX="0.45054945054945056" targetAnchorY="0.21621621621621623">
    <source href="assembly.xml#//@beans/@mixed.1/@mixed.1/@mixed.3"/>
    <target href="assembly.xml#ErrorGettingParameters"/>
  </connections>
  <connections type="routesResponseTo">
    <source href="assembly.xml#GetHeadcountReport"/>
    <target href="assembly.xml#GroupHeadcountBUs"/>
  </connections>
  <connections type="routesTo">
    <source href="assembly.xml#GroupHeadcountBUs"/>
    <target href="assembly.xml#SplitByGroup"/>
  </connections>
  <connections type="routesTo">
    <source href="assembly.xml#//@beans/@mixed.1/@mixed.65/@mixed.3"/>
    <target href="assembly.xml#ErrorGroupingHeadcountBUs"/>
  </connections>
</wdnm:Diagram>
