<?xml version="1.0" encoding="UTF-8"?>
<beans
     xmlns="http://www.springframework.org/schema/beans"
     xmlns:beans="http://www.springframework.org/schema/beans"
     xmlns:atom="http://www.w3.org/2005/Atom"
     xmlns:cc="http://www.capeclear.com/assembly/10"
     xmlns:cloud="urn:com.workday/esb/cloud/10.0"
     xmlns:env="http://schemas.xmlsoap.org/soap/envelope/"
     xmlns:pi="urn:com.workday/picof"
     xmlns:wd="urn:com.workday/bsvc"
     xmlns:xsi="http://www.w3.org/2001/XMLSchema-instance">
 
	<cc:assembly id="WorkdayAssembly" version="2023.37">
        <cc:workday-in id="StartHere0" routes-to="AsyncMediation0">
            <cc:integration-system name="XSLT3_MergeTwoXML0">
        <cloud:param name="Hire Date">
          <cloud:type>
            <cloud:simple-type>date</cloud:simple-type>
          </cloud:type>
          <cloud:default>
            <cloud:class-report-field description="First Day of This Calendar Year" type="WID">542b9eda20354794ad8f6d717fdd6cae</cloud:class-report-field>
          </cloud:default>
        </cloud:param>
        <cloud:attribute-map-service name="RRR--Generic">
          <cloud:attribute name="Document Retention Policy">
            <cloud:type>
              <cloud:simple-type>number</cloud:simple-type>
            </cloud:type>
          </cloud:attribute>
        </cloud:attribute-map-service>
        <cloud:delivery-service name="RRR--Delivery"/>
        <cloud:report-service name="RRR--ReportService">
          <cloud:report-alias description="KOK_Report_4" name="KOK_Report_4">
            <cloud:report-reference description="KOK_Report_4" type="WID">aebf1abe5b491038e28b5cc986b10000</cloud:report-reference>
          </cloud:report-alias>
          <cloud:report-alias description="KOK_Report_5" name="KOK_Report_5">
            <cloud:report-reference description="KOK_Report_5" type="WID">aebf1abe5b491038e29f2ec116ef0000</cloud:report-reference>
          </cloud:report-alias>
        </cloud:report-service>
      </cc:integration-system>
        </cc:workday-in>
        <cc:local-out id="CallFirstReport" store-message="none" routes-response-to="CallSecondReport" endpoint="vm://XSLT3_MergeTwoXML/FirstReport"/>
        <cc:async-mediation id="AsyncMediation0" routes-to="CallFirstReport">
            <cc:steps>
                <cc:eval id="Eval">
                    <cc:expression>//Integration attribute&#xD;
props['document.retention'] = intsys.getAttribute('Document Retention Policy')</cc:expression>
                    <cc:expression>props['Delivery'] = intsys.getAttribute('RRR--Delivery');</cc:expression>
                    <cc:expression>props['file.retrieved'] = 0</cc:expression>
                    <cc:expression>props['hire.date'] = lp.getDate('Hire Date') == null ? '' : lp.getDate('Hire Date');</cc:expression>
                </cc:eval>
                <cc:log id="Log">
                    <cc:log-message>
                        <cc:message-content/>
                        <cc:text>props['hire.date']: @{props['hire.date']}&#xD;
props['checks1']: @{props['checks1']}&#xD;
props['checks2']: @{props['checks2']} &#xD;
props['checks3']: @{props['checks3']}&#xD;
props['checks4]: @{props['checks4']} </cc:text>
                    </cc:log-message>
                </cc:log>
            </cc:steps>
        </cc:async-mediation>
        <cc:local-in id="FirstReport" routes-to="WorkdayOutRest"/>
        <cc:workday-out-rest id="WorkdayOutRest" routes-response-to="AsyncMediation4" extra-path="@{intsys.reportService.getExtrapath('KOK_Report_4')}"/>
        <cc:async-mediation id="AsyncMediation4">
            <cc:steps>
                <cc:log id="Log">
                    <cc:log-message>
                        <cc:message-content/>
                        <cc:line-separator/>
                        <cc:text>***************************************************************************&#xD;
LOG 2 Start &#xD;
@{intsys.reportService.getExtrapath('KOK_Report_4')}</cc:text>
                        <cc:line-separator/>
                        <cc:text>LOG2 Ends&#xD;
***********************************************************</cc:text>
                    </cc:log-message>
                </cc:log>
                <cc:copy id="Copy" output="variable" output-variable="copy1" input="message"/>
            </cc:steps>
        </cc:async-mediation>
        <cc:local-out id="CallSecondReport" store-message="none" routes-response-to="CallFinalReport" endpoint="vm://XSLT3_MergeTwoXML/SecondReport"/>
        <cc:async-mediation id="AsyncMediation40">
            <cc:steps>
                <cc:log id="Log">
                    <cc:log-message>
                        <cc:message-content/>
                        <cc:line-separator/>
                        <cc:text>********************************************************&#xD;
LOG3 Start&#xD;
@{intsys.reportService.getExtrapath('KOK_Report_5')}&#xD;
</cc:text>
                        <cc:line-separator/>
                        <cc:text>LOG 3 Ends&#xD;
*****************************************************************</cc:text>
                    </cc:log-message>
                </cc:log>
                <cc:copy id="Copy" output="variable" output-variable="copy2" input="message"/>
            </cc:steps>
        </cc:async-mediation>
        <cc:workday-out-rest id="WorkdayOutRest0" routes-response-to="AsyncMediation40" extra-path="@{intsys.reportService.getExtrapath('KOK_Report_5')}"/>
        <cc:local-in id="SecondReport" routes-to="WorkdayOutRest0"/>
        <cc:local-out id="CallFinalReport" store-message="none" endpoint="vm://XSLT3_MergeTwoXML/FinalReport"/>
        <cc:async-mediation id="AsyncMediation6">
            <cc:steps>
                <cc:copy id="Copy0" input="variable" input-variable="copy1"/>
                <cc:store id="Store" input="message" expiresIn="P180D" title="Test_Merged_Data.xml"/>
            </cc:steps>
        </cc:async-mediation>
        <cc:local-in id="FinalReport" routes-to="AsyncMediation6"/>
	</cc:assembly>

</beans>