<?xml version="1.0" encoding="UTF-8"?>
<beans
     xmlns="http://www.springframework.org/schema/beans"
     xmlns:beans="http://www.springframework.org/schema/beans"
     xmlns:atom="http://www.w3.org/2005/Atom"
     xmlns:cc="http://www.capeclear.com/assembly/10"
     xmlns:cloud="urn:com.workday/esb/cloud/10.0"
     xmlns:env="http://schemas.xmlsoap.org/soap/envelope/"
     xmlns:pi="urn:com.workday/picof"
     xmlns:wd="urn:com.workday/bsvc"
     xmlns:xsi="http://www.w3.org/2001/XMLSchema-instance">
 
	<cc:assembly id="WorkdayAssembly" version="2019.35">
        <cc:workday-in id="StartHere" routes-to="CallInitialize">
            <cc:integration-system name="INT0030 POV11 Fidelity RSU SOP Payout Inbound">
        <cloud:param name="As of Entry DateTime">
          <cloud:type>
            <cloud:simple-type>datetime</cloud:simple-type>
          </cloud:type>
          <cloud:default>
            <cloud:class-report-field description="Current Moment (DateTime)" type="WID">df4effe76deb4222a79001d6737cf91c</cloud:class-report-field>
          </cloud:default>
        </cloud:param>
        <cloud:param name="Validation Mode">
          <cloud:type>
            <cloud:simple-type>boolean</cloud:simple-type>
          </cloud:type>
          <cloud:default>
            <cloud:boolean>true</cloud:boolean>
          </cloud:default>
        </cloud:param>
        <cloud:attribute-map-service name="INT0030_Attributes">
          <cloud:attribute name="Web Service Version">
            <cloud:type>
              <cloud:simple-type>text</cloud:simple-type>
            </cloud:type>
          </cloud:attribute>
          <cloud:attribute name="Document Retention Policy">
            <cloud:type>
              <cloud:enumeration-type name="EnumTypeName">
                <cloud:enumeration>30</cloud:enumeration>
                <cloud:enumeration>60</cloud:enumeration>
                <cloud:enumeration>90</cloud:enumeration>
                <cloud:enumeration>120</cloud:enumeration>
                <cloud:enumeration>180</cloud:enumeration>
              </cloud:enumeration-type>
            </cloud:type>
          </cloud:attribute>
          <cloud:attribute name="Batch ID">
            <cloud:type>
              <cloud:simple-type>text</cloud:simple-type>
            </cloud:type>
          </cloud:attribute>
          <cloud:attribute name="Off Cycle Type">
            <cloud:type>
              <cloud:class-report-field description="Payroll Off-cycle Type" type="WID" singular="true">1905bc11d49e10000a5df1c6f3730215</cloud:class-report-field>
            </cloud:type>
          </cloud:attribute>
          <cloud:attribute name="Payroll Action Reason">
            <cloud:type>
              <cloud:class-report-field description="Payroll Action Reason" type="WID" singular="true">28b08fe55b2049178dfda7bce4232f27</cloud:class-report-field>
            </cloud:type>
          </cloud:attribute>
          <cloud:attribute name="Federal">
            <cloud:type>
              <cloud:class-report-field description="Deduction" type="WID" singular="true">2868a5d7a8b14b88aa103f7ffa642f0b</cloud:class-report-field>
            </cloud:type>
          </cloud:attribute>
          <cloud:attribute name="SSN">
            <cloud:type>
              <cloud:class-report-field description="Deduction" type="WID" singular="true">2868a5d7a8b14b88aa103f7ffa642f0b</cloud:class-report-field>
            </cloud:type>
          </cloud:attribute>
          <cloud:attribute name="Medicare Base">
            <cloud:type>
              <cloud:class-report-field description="Deduction" type="WID" singular="true">2868a5d7a8b14b88aa103f7ffa642f0b</cloud:class-report-field>
            </cloud:type>
          </cloud:attribute>
          <cloud:attribute name="Supplemental MED">
            <cloud:type>
              <cloud:class-report-field description="Deduction" type="WID" singular="true">2868a5d7a8b14b88aa103f7ffa642f0b</cloud:class-report-field>
            </cloud:type>
          </cloud:attribute>
          <cloud:attribute name="Bank Account">
            <cloud:type>
              <cloud:class-report-field description="Bank Account" type="WID" singular="true">96d8feca8530455ab63c1e50abf3b33a</cloud:class-report-field>
            </cloud:type>
          </cloud:attribute>
          <cloud:attribute name="State Tax">
            <cloud:type>
              <cloud:class-report-field description="Deduction" type="WID" singular="true">2868a5d7a8b14b88aa103f7ffa642f0b</cloud:class-report-field>
            </cloud:type>
          </cloud:attribute>
          <cloud:attribute name="Local Work Tax">
            <cloud:type>
              <cloud:class-report-field description="Deduction" type="WID" singular="true">2868a5d7a8b14b88aa103f7ffa642f0b</cloud:class-report-field>
            </cloud:type>
          </cloud:attribute>
          <cloud:attribute name="Other Tax">
            <cloud:type>
              <cloud:class-report-field description="Deduction" type="WID" singular="true">2868a5d7a8b14b88aa103f7ffa642f0b</cloud:class-report-field>
            </cloud:type>
          </cloud:attribute>
          <cloud:attribute name="Local Res Tax">
            <cloud:type>
              <cloud:class-report-field description="Deduction" type="WID" singular="true">2868a5d7a8b14b88aa103f7ffa642f0b</cloud:class-report-field>
            </cloud:type>
          </cloud:attribute>
          <cloud:attribute name="County Work Tax">
            <cloud:type>
              <cloud:class-report-field description="Deduction" type="WID" singular="true">2868a5d7a8b14b88aa103f7ffa642f0b</cloud:class-report-field>
            </cloud:type>
          </cloud:attribute>
          <cloud:attribute name="County Res Tax">
            <cloud:type>
              <cloud:class-report-field description="Deduction" type="WID" singular="true">2868a5d7a8b14b88aa103f7ffa642f0b</cloud:class-report-field>
            </cloud:type>
          </cloud:attribute>
          <cloud:attribute name="School Res Tax">
            <cloud:type>
              <cloud:class-report-field description="Deduction" type="WID" singular="true">2868a5d7a8b14b88aa103f7ffa642f0b</cloud:class-report-field>
            </cloud:type>
          </cloud:attribute>
          <cloud:map name="Earning Code">
            <cloud:internal-type>
              <cloud:class-report-field description="Earning" type="WID">c5453cef909149b5a409b1c9e41520a5</cloud:class-report-field>
            </cloud:internal-type>
            <cloud:external-type>
              <cloud:simple-type>text</cloud:simple-type>
            </cloud:external-type>
          </cloud:map>
          <cloud:map name="Net Offset">
            <cloud:internal-type>
              <cloud:class-report-field description="Deduction" type="WID">2868a5d7a8b14b88aa103f7ffa642f0b</cloud:class-report-field>
            </cloud:internal-type>
            <cloud:external-type>
              <cloud:simple-type>text</cloud:simple-type>
            </cloud:external-type>
          </cloud:map>
        </cloud:attribute-map-service>
        <cloud:sequence-generator-service name="INT0030-SeqGen">
          <cloud:sequencer>SeqGen</cloud:sequencer>
        </cloud:sequence-generator-service>
        <cloud:retrieval-service name="INT0030_Retrieval"/>
        <cloud:service-reference name="INT0030_FOS"/>
      </cc:integration-system>
        </cc:workday-in>
        <cc:local-out id="CallInitialize" store-message="none" routes-response-to="CallFormatFile" endpoint="vm://INT0030_Fidelity_RSU_SOP_Payout_Inbound/Initialize"/>
        <cc:local-in id="Initialize" routes-to="Init"/>
        <cc:async-mediation id="Init" routes-to="Validationmessage">
            <cc:steps>
                <cc:eval id="Eval">
                    <cc:expression>props['ia.wsdl'] = intsys.getAttribute('Web Service Version');</cc:expression>
                    <cc:expression>props['ia.document.retention.pol'] = intsys.getAttribute('Document Retention Policy')</cc:expression>
                    <cc:expression>props['p.batch.id.att']= intsys.getAttribute('Batch ID')</cc:expression>
                    <cc:expression>props['off.cycle.type'] = intsys.getAttributeReferenceData('Off Cycle Type', 'Payroll_Off-cycle_Type_ID')</cc:expression>
                    <cc:expression>props['payroll.action.reason'] = intsys.getAttributeReferenceData('Payroll Action Reason', 'Action_Reason_ID')</cc:expression>
                    <cc:expression>props['ia.federal'] = intsys.getAttributeReferenceData('Federal','Workday_Deduction_Code');</cc:expression>
                    <cc:expression>props['ia.SSN'] = intsys.getAttributeReferenceData('SSN','Workday_Deduction_Code');</cc:expression>
                    <cc:expression>props['ia.medicare.base'] = intsys.getAttributeReferenceData('Medicare Base','Workday_Deduction_Code');</cc:expression>
                    <cc:expression>props['ia.supplemental.MED'] = intsys.getAttributeReferenceData('Supplemental MED','Workday_Deduction_Code');</cc:expression>
                    <cc:expression>props['p.bank.account'] = intsys.getAttributeReferenceData('Bank Account','Bank_Account_ID');</cc:expression>
                    <cc:expression>props['ia.state.tax']=intsys.getAttributeReferenceData('State Tax','Workday_Deduction_Code');</cc:expression>
                    <cc:expression>props['ia.localres.tax']=intsys.getAttributeReferenceData('Local Res Tax','Workday_Deduction_Code');</cc:expression>
                    <cc:expression>props['ia.localwork.tax']=intsys.getAttributeReferenceData('Local Work Tax','Workday_Deduction_Code');</cc:expression>
                    <cc:expression>props['ia.countywork.tax']=intsys.getAttributeReferenceData('County Work Tax','Workday_Deduction_Code');</cc:expression>
                    <cc:expression>props['ia.countyres.tax']=intsys.getAttributeReferenceData('County Res Tax','Workday_Deduction_Code');</cc:expression>
                    <cc:expression>props['ia.schoolres.tax']=intsys.getAttributeReferenceData('School Res Tax','Workday_Deduction_Code');</cc:expression>
                    <cc:expression>props['ia.other.tax']= intsys.getAttributeReferenceData('Other Tax','Workday_Deduction_Code');</cc:expression>
                </cc:eval>
                <cc:eval id="LP">
                    <cc:expression>props['lp.run.date'] = lp.getSimpleData('As of Entry DateTime');&#xD;
props['int.sys.id'] = intsys.getName();&#xD;
props['ValidateOnly'] = lp.getSimpleData('Validation Mode') == true?1:0;&#xD;
props['lp.audit.name'] = lp.getSequencedValue('SeqGen')</cc:expression>
                </cc:eval>
                <cc:eval id="Eval0">
                    <cc:expression>props['p.first.record'] = true;&#xD;
props['p.last.record'] = false;</cc:expression>
                    <cc:expression>props['p.close.aggregator']=false;&#xD;
props['rec.count']=0;</cc:expression>
                    <cc:expression>props['empl.id.set'] = new java.util.HashSet();&#xD;
props['empl.fos.map'] = new java.util.HashMap();</cc:expression>
                    <cc:expression>props['close.audit.agg']=false;</cc:expression>
                </cc:eval>
            </cc:steps>
            <cc:send-error id="SendError" rethrow-error="true" routes-to="PIMInit"/>
        </cc:async-mediation>
        <cc:local-out id="PIMInit" endpoint="vm://wcc/PutIntegrationMessage"><cc:set name="is.message.severity" value="'INFO'"/><cc:set name="is.message.summary" value="'Error initializing integration system. See details.'"/><cc:set name="is.message.detail" value="context.errorMessage"/></cc:local-out>
        <cc:local-out id="Validationmessage" execute-when="props['lp.validaiton.mode']" endpoint="vm://wcc/PutIntegrationMessage"><cc:set name="is.message.severity" value="'INFO'"/><cc:set name="is.message.summary" value="'Validation Mode is ON. Data will NOT be updated in Workday.'"/></cc:local-out>
        <cc:local-out id="CallFormatFile" store-message="none" routes-response-to="CallCloseAgg" endpoint="vm://INT0030_Fidelity_RSU_SOP_Payout_Inbound/Fileformat"/>
        <cc:local-in id="Fileformat" routes-to="AsyncMediation"/>
        <cc:async-mediation id="AsyncMediation" routes-to="Splitter" handle-downstream-errors="true">
            <cc:steps>
                <cc:eval id="Eval">
                    <cc:expression>if (da.size() > 0 ) {da.toVar(0, &quot;wd.retrieve.variable&quot;)} </cc:expression>
                </cc:eval>
                <cc:validate-exp id="ValidateExp">
                    <cc:expression failure-message="No file retrieved.">da.size() != 0</cc:expression>
                </cc:validate-exp>
                <cc:copy id="Copy" output="message" output-mimetype="text/plain" input="variable" input-variable="wd.retrieve.variable"/>
            </cc:steps>
            <cc:send-error id="SendError" rethrow-error="false" routes-to="PutFileError"/>
        </cc:async-mediation>
        <cc:splitter id="Splitter">
            <cc:sub-route name="SubRoute" routes-to="CountLine"/>
            <cc:standard-splitter>
                <cc:content-fixed-lines/>
            </cc:standard-splitter>
        </cc:splitter>
        <cc:async-mediation id="CountLine" routes-to="Route">
            <cc:steps>
                <cc:eval id="Eval">
                    <cc:expression>props['file.row.number'] = props['file.row.number'] + 1</cc:expression>
                </cc:eval>
            </cc:steps>
        </cc:async-mediation>
        <cc:route id="Route">
            <cc:mvel-strategy>
                <cc:choose-route expression="parts[0].text.matches('00.*')" route="Header"/>
                <cc:choose-route expression="parts[0].text.matches('01.*')" route="Content"/>
                <cc:choose-route expression="parts[0].text.matches('99.*')" route="Trailer"/>
                <cc:choose-route expression="true" route="Anyistrue"/>
            </cc:mvel-strategy>
            <cc:sub-route name="Header" routes-to="Ignore"/>
            <cc:sub-route name="Content" routes-to="AsyncMediation0"/>
            <cc:sub-route name="Trailer" routes-to="TrailerValidation"/>
            <cc:sub-route name="Anyistrue" routes-to="CallWriteAudit"/>
        </cc:route>
        <cc:async-mediation id="Ignore">
            <cc:steps>
            </cc:steps>
        </cc:async-mediation>
        <cc:async-mediation id="AsyncMediation0" routes-to="Aggregator">
            <cc:steps>
                <cc:textschema id="Textschema" style="text2xml" url="Text2xml.xsd"/>
                <cc:eval id="Eval">
                    <cc:expression>//empl id to hashset&#xD;
props['p.empl.id'] = parts[0].xpath('File/Details/EmployeeID');&#xD;
props['empl.id.set'].add(props['p.empl.id'])</cc:expression>
                    <cc:expression>props['rec.count'] = props['rec.count'] + 1</cc:expression>
                </cc:eval>
            </cc:steps>
            <cc:send-error id="SendError" routes-to="PutIntegrationMessage"/>
        </cc:async-mediation>
        <cc:aggregator id="Aggregator" routes-to="AsyncMediation3" collate-when="!props['p.close.aggregator']" force-batch-when="props['p.close.aggregator']">
            <cc:size-batch-strategy/>
            <cc:xml-message-content-collater output="message">
        <cc:header-text>&lt;File></cc:header-text>
        <cc:footer-text>&lt;/File></cc:footer-text>
      </cc:xml-message-content-collater>
        </cc:aggregator>
        <cc:local-in id="CloseAgg" routes-to="Aggregator"/>
        <cc:local-out id="CallCloseAgg" store-message="none" routes-response-to="Emptyfile" endpoint="vm://INT0030_Fidelity_RSU_SOP_Payout_Inbound/CloseAgg"><cc:set name="p.close.aggregator" value="true"/></cc:local-out>
        <cc:local-out id="PutIntegrationMessage" endpoint="vm://wcc/PutIntegrationMessage"><cc:set name="is.message.severity" value="'ERROR'"/><cc:set name="is.message.summary" value="'Error during XML conversion'"/><cc:set name="is.message.detail" value="context.errorMessage"/></cc:local-out>
        <cc:async-mediation id="Emptyfile" routes-to="ValidateTrailer" execute-steps-when="da.size() > 0">
            <cc:steps>
                <cc:validate-exp id="ValidateExp">
                    <cc:expression failure-message="No records on inbound file. ">props['rec.count'] > 0</cc:expression>
                </cc:validate-exp>
            </cc:steps>
            <cc:send-error id="SendError" routes-to="PIMEmptyFile"/>
        </cc:async-mediation>
        <cc:local-out id="PIMEmptyFile" endpoint="vm://wcc/PutIntegrationMessage"><cc:set name="is.message.severity" value="'WARNING'"/><cc:set name="is.message.summary" value="'No rows in the input file'"/><cc:set name="is.message.detail" value="context.errorMessage"/></cc:local-out>
        <cc:local-out id="CallGetWorker" store-message="none" execute-when="props['rec.count'] > 0" routes-response-to="CallProcessFile" endpoint="vm://INT0030_Fidelity_RSU_SOP_Payout_Inbound/GetWorker"/>
        <cc:local-in id="GetWorker" routes-to="WorkerWWS"/>
        <cc:async-mediation id="WorkerWWS" routes-to="AsyncMediation2">
            <cc:steps>
                <cc:write id="Write">
                    <cc:message>
                        <cc:text>&lt;wd:Get_Workers_Request xmlns:wd=&quot;urn:com.workday/bsvc&quot; wd:version=&quot;v32.2&quot;>&#xD;
            &lt;wd:Request_References wd:Skip_Non_Existing_Instances=&quot;true&quot;>&#xD;
                @foreach{props['empl.id.set'] as id}&#xD;
            	&lt;wd:Worker_Reference>&#xD;
                    &lt;wd:ID wd:type=&quot;Employee_ID&quot;>@{id}&lt;/wd:ID>&#xD;
            	&lt;/wd:Worker_Reference>&#xD;
        		@end{}&#xD;
            &lt;/wd:Request_References>&#xD;
            &#xD;
            &lt;wd:Request_Criteria>&#xD;
             &lt;wd:Field_And_Parameter_Criteria_Data>&#xD;
                    &lt;wd:Provider_Reference>&#xD;
                        &lt;wd:ID wd:type=&quot;Integration_System_ID&quot;>@{props['int.sys.id']}&lt;/wd:ID>&#xD;
                    &lt;/wd:Provider_Reference>&#xD;
                &lt;/wd:Field_And_Parameter_Criteria_Data>&#xD;
                &lt;wd:Exclude_Inactive_Workers>false&lt;/wd:Exclude_Inactive_Workers>&#xD;
                &lt;wd:Exclude_Employees>false&lt;/wd:Exclude_Employees>&#xD;
                &lt;wd:Exclude_Contingent_Workers>true&lt;/wd:Exclude_Contingent_Workers>&#xD;
            &lt;/wd:Request_Criteria>&#xD;
            &#xD;
            &lt;wd:Response_Filter>&#xD;
                &lt;wd:As_Of_Effective_Date>@{props['lp.run.date']}&lt;/wd:As_Of_Effective_Date>&#xD;
                &lt;wd:As_Of_Entry_DateTime>@{props['lp.run.date']}&lt;/wd:As_Of_Entry_DateTime>&#xD;
                &lt;wd:Page>1&lt;/wd:Page>&#xD;
                &lt;wd:Count>999&lt;/wd:Count>&#xD;
            &lt;/wd:Response_Filter>&#xD;
            &lt;wd:Response_Group>&#xD;
                &lt;wd:Include_Reference>true&lt;/wd:Include_Reference>&#xD;
                &lt;wd:Include_Personal_Information>true&lt;/wd:Include_Personal_Information>&#xD;
                &lt;wd:Include_Additional_Jobs>false&lt;/wd:Include_Additional_Jobs>&#xD;
                &lt;wd:Include_Employment_Information>false&lt;/wd:Include_Employment_Information>&#xD;
                &lt;wd:Include_Compensation>false&lt;/wd:Include_Compensation>&#xD;
                &lt;wd:Include_Organizations>false&lt;/wd:Include_Organizations>&#xD;
                &lt;wd:Exclude_Organization_Support_Role_Data>true&lt;/wd:Exclude_Organization_Support_Role_Data>&#xD;
                &lt;wd:Exclude_Location_Hierarchies>true&lt;/wd:Exclude_Location_Hierarchies>&#xD;
                &lt;wd:Exclude_Cost_Centers>true&lt;/wd:Exclude_Cost_Centers>&#xD;
                &lt;wd:Exclude_Cost_Center_Hierarchies>true&lt;/wd:Exclude_Cost_Center_Hierarchies>&#xD;
                &lt;wd:Exclude_Companies>true&lt;/wd:Exclude_Companies>&#xD;
                &lt;wd:Exclude_Company_Hierarchies>true&lt;/wd:Exclude_Company_Hierarchies>&#xD;
                &lt;wd:Exclude_Matrix_Organizations>true&lt;/wd:Exclude_Matrix_Organizations>&#xD;
                &lt;wd:Exclude_Pay_Groups>true&lt;/wd:Exclude_Pay_Groups>&#xD;
                &lt;wd:Exclude_Regions>true&lt;/wd:Exclude_Regions>&#xD;
                &lt;wd:Exclude_Region_Hierarchies>true&lt;/wd:Exclude_Region_Hierarchies>&#xD;
                &lt;wd:Exclude_Supervisory_Organizations>true&lt;/wd:Exclude_Supervisory_Organizations>&#xD;
                &lt;wd:Exclude_Teams>true&lt;/wd:Exclude_Teams>&#xD;
                &lt;wd:Exclude_Custom_Organizations>true&lt;/wd:Exclude_Custom_Organizations>&#xD;
                &lt;wd:Include_Roles>false&lt;/wd:Include_Roles>&#xD;
                &lt;wd:Include_Management_Chain_Data>false&lt;/wd:Include_Management_Chain_Data>&#xD;
                &lt;wd:Include_Multiple_Managers_in_Management_Chain_Data>false&lt;/wd:Include_Multiple_Managers_in_Management_Chain_Data>&#xD;
                &lt;wd:Include_Benefit_Enrollments>false&lt;/wd:Include_Benefit_Enrollments>&#xD;
                &lt;wd:Include_Benefit_Eligibility>false&lt;/wd:Include_Benefit_Eligibility>&#xD;
                &lt;wd:Include_Related_Persons>false&lt;/wd:Include_Related_Persons>&#xD;
                &lt;wd:Include_Qualifications>false&lt;/wd:Include_Qualifications>&#xD;
                &lt;wd:Include_Employee_Review>false&lt;/wd:Include_Employee_Review>&#xD;
                &lt;wd:Include_Goals>false&lt;/wd:Include_Goals>&#xD;
                &lt;wd:Include_Development_Items>false&lt;/wd:Include_Development_Items>&#xD;
                &lt;wd:Include_Skills>false&lt;/wd:Include_Skills>&#xD;
                &lt;wd:Include_Photo>false&lt;/wd:Include_Photo>&#xD;
                &lt;wd:Include_Worker_Documents>false&lt;/wd:Include_Worker_Documents>&#xD;
                &lt;wd:Include_Transaction_Log_Data>false&lt;/wd:Include_Transaction_Log_Data>&#xD;
                &lt;wd:Include_Subevents_for_Corrected_Transaction>false&lt;/wd:Include_Subevents_for_Corrected_Transaction>&#xD;
                &lt;wd:Include_Subevents_for_Rescinded_Transaction>false&lt;/wd:Include_Subevents_for_Rescinded_Transaction>&#xD;
                &lt;wd:Include_Succession_Profile>false&lt;/wd:Include_Succession_Profile>&#xD;
                &lt;wd:Include_Talent_Assessment>false&lt;/wd:Include_Talent_Assessment>&#xD;
                &lt;wd:Include_Employee_Contract_Data>false&lt;/wd:Include_Employee_Contract_Data>&#xD;
                &lt;wd:Include_Collective_Agreement_Data>false&lt;/wd:Include_Collective_Agreement_Data>&#xD;
                &lt;wd:Include_Probation_Period_Data>false&lt;/wd:Include_Probation_Period_Data>&#xD;
                &lt;wd:Include_Feedback_Received>false&lt;/wd:Include_Feedback_Received>&#xD;
                &lt;wd:Include_User_Account>false&lt;/wd:Include_User_Account>&#xD;
                &lt;wd:Include_Career>false&lt;/wd:Include_Career>&#xD;
                &lt;wd:Include_Account_Provisioning>false&lt;/wd:Include_Account_Provisioning>&#xD;
                &lt;wd:Include_Background_Check_Data>false&lt;/wd:Include_Background_Check_Data>&#xD;
                &lt;wd:Include_Contingent_Worker_Tax_Authority_Form_Information>false&lt;/wd:Include_Contingent_Worker_Tax_Authority_Form_Information>&#xD;
                &lt;wd:Exclude_Funds>true&lt;/wd:Exclude_Funds>&#xD;
                &lt;wd:Exclude_Fund_Hierarchies>true&lt;/wd:Exclude_Fund_Hierarchies>&#xD;
                &lt;wd:Exclude_Grants>true&lt;/wd:Exclude_Grants>&#xD;
                &lt;wd:Exclude_Grant_Hierarchies>true&lt;/wd:Exclude_Grant_Hierarchies>&#xD;
                &lt;wd:Exclude_Business_Units>true&lt;/wd:Exclude_Business_Units>&#xD;
                &lt;wd:Exclude_Business_Unit_Hierarchies>true&lt;/wd:Exclude_Business_Unit_Hierarchies>&#xD;
                &lt;wd:Exclude_Programs>true&lt;/wd:Exclude_Programs>&#xD;
                &lt;wd:Exclude_Program_Hierarchies>true&lt;/wd:Exclude_Program_Hierarchies>&#xD;
                &lt;wd:Exclude_Gifts>true&lt;/wd:Exclude_Gifts>&#xD;
                &lt;wd:Exclude_Gift_Hierarchies>true&lt;/wd:Exclude_Gift_Hierarchies>&#xD;
            &lt;/wd:Response_Group>&#xD;
        &lt;/wd:Get_Workers_Request>&#xD;
&#xD;
</cc:text>
                    </cc:message>
                </cc:write>
                <cc:copy id="Copy" output="variable" output-variable="paged.get.request.xml"/>
                <cc:wrap-soap id="WrapSoap"/>
            </cc:steps>
            <cc:send-error id="SendError" routes-to="PIMGetWorker"/>
        </cc:async-mediation>
        <cc:local-out id="PIMGetWorker" endpoint="vm://wcc/PutIntegrationMessage"><cc:set name="is.message.severity" value="'INFO'"/><cc:set name="is.message.summary"/><cc:set name="is.message.detail"/></cc:local-out>
        <cc:async-mediation id="AsyncMediation2" routes-to="PagedGet" handle-downstream-errors="true">
            <cc:steps>
                <cc:eval id="Eval">
                    <cc:expression>props['error.free'] = true</cc:expression>
                    <cc:expression>props['is.error'] = false</cc:expression>
                </cc:eval>
            </cc:steps>
            <cc:send-error id="SendError" routes-to="CallCleanIDs"/>
        </cc:async-mediation>
        <cc:local-out id="CallCleanIDs" store-message="none" execute-when="context.errorMessage.contains('not a valid ID value for type')" routes-response-to="PIMUnexpectedErr" endpoint="vm://INT0030_Fidelity_RSU_SOP_Payout_Inbound/CleanInvalidID"/>
        <cc:local-in id="CleanInvalidID" routes-to="SyncMediation"/>
        <cc:local-out id="PagedGet" execute-when="props['error.free'] == true" routes-response-to="CheckforEE" endpoint="vm://wcc/PagedGet"><cc:set name="is.paged.get.request.current.page.xpath" value="'/env:Envelope/env:Body/*/wd:Response_Filter/wd:Page'"/><cc:set name="is.paged.get.response.current.page.xpath" value="'/env:Envelope/env:Body/*/wd:Response_Results/wd:Page'"/><cc:set name="is.paged.get.response.total.pages.xpath" value="'/env:Envelope/env:Body/*/wd:Response_Results/wd:Total_Pages'"/><cc:set name="is.paged.get.response.total.results.xpath" value="'/env:Envelope/env:Body/*/wd:Response_Results/wd:Total_Results'"/><cc:set name="is.paged.get.aggregate.xpath" value="'/env:Envelope/env:Body/wd:Get_Workers_Response/wd:Response_Data/wd:Worker'"/><cc:set name="is.paged.get.aggregate.header" value="&quot;&lt;Workers>&quot;"/><cc:set name="is.paged.get.aggregate.footer" value="&quot;&lt;/Workers>&quot;"/><cc:set name="is.paged.get.application" value="'Human_Resources'"/><cc:set name="is.paged.get.version" value="props['ia.wsdl']"/><cc:set name="is.paged.get.page.zero" value="false"/><cc:set name="is.paged.get.store.requests" value="true"/></cc:local-out>
        <cc:local-out id="PIMUnexpectedErr" execute-when="(!context.errorMessage.contains('not a valid ID value for type')) &amp;&amp; (props['is.error']==false)" routes-response-to="PagedGet" endpoint="vm://wcc/PutIntegrationMessage"><cc:set name="is.message.severity" value="'INFO'"/><cc:set name="is.message.summary"/><cc:set name="is.message.detail"/></cc:local-out>
        <cc:sync-mediation id="SyncMediation" routes-to="SplitbyInvalidEE" handle-downstream-errors="true">
            <cc:request-steps>
                <cc:eval id="Eval">
                    <cc:expression>props['error.free'] = false</cc:expression>
                </cc:eval>
            </cc:request-steps>
            <cc:response-steps>
                <cc:eval id="Eval0">
                    <cc:expression>props['error.free'] = true</cc:expression>
                </cc:eval>
                <cc:wrap-soap id="WrapSoap"/>
                <cc:write id="Write">
                    <cc:message>
                        <cc:text>&lt;wd:Get_Workers_Request xmlns:wd=&quot;urn:com.workday/bsvc&quot; wd:version=&quot;v26.2&quot;>&#xD;
            &lt;wd:Request_References wd:Skip_Non_Existing_Instances=&quot;true&quot;>&#xD;
                @foreach{props['empl.id.set'] as id}&#xD;
            	&lt;wd:Worker_Reference>&#xD;
                    &lt;wd:ID wd:type=&quot;Employee_ID&quot;>@{id}&lt;/wd:ID>&#xD;
            	&lt;/wd:Worker_Reference>&#xD;
        		@end{}&#xD;
            &lt;/wd:Request_References>&#xD;
            &#xD;
            &lt;wd:Request_Criteria>&#xD;
             &lt;wd:Field_And_Parameter_Criteria_Data>&#xD;
                    &lt;wd:Provider_Reference>&#xD;
                        &lt;wd:ID wd:type=&quot;Integration_System_ID&quot;>@{props['int.sys.id']}&lt;/wd:ID>&#xD;
                    &lt;/wd:Provider_Reference>&#xD;
                &lt;/wd:Field_And_Parameter_Criteria_Data>&#xD;
                &lt;wd:Exclude_Inactive_Workers>false&lt;/wd:Exclude_Inactive_Workers>&#xD;
                &lt;wd:Exclude_Employees>false&lt;/wd:Exclude_Employees>&#xD;
                &lt;wd:Exclude_Contingent_Workers>true&lt;/wd:Exclude_Contingent_Workers>&#xD;
            &lt;/wd:Request_Criteria>&#xD;
            &#xD;
            &lt;wd:Response_Filter>&#xD;
                &lt;wd:As_Of_Effective_Date>@{props['lp.run.date']}&lt;/wd:As_Of_Effective_Date>&#xD;
                &lt;wd:As_Of_Entry_DateTime>@{props['lp.run.date']}&lt;/wd:As_Of_Entry_DateTime>&#xD;
                &lt;wd:Page>1&lt;/wd:Page>&#xD;
                &lt;wd:Count>999&lt;/wd:Count>&#xD;
            &lt;/wd:Response_Filter>&#xD;
            &lt;wd:Response_Group>&#xD;
                &lt;wd:Include_Reference>true&lt;/wd:Include_Reference>&#xD;
                &lt;wd:Include_Personal_Information>true&lt;/wd:Include_Personal_Information>&#xD;
                &lt;wd:Include_Additional_Jobs>false&lt;/wd:Include_Additional_Jobs>&#xD;
                &lt;wd:Include_Employment_Information>false&lt;/wd:Include_Employment_Information>&#xD;
                &lt;wd:Include_Compensation>false&lt;/wd:Include_Compensation>&#xD;
                &lt;wd:Include_Organizations>false&lt;/wd:Include_Organizations>&#xD;
                &lt;wd:Exclude_Organization_Support_Role_Data>true&lt;/wd:Exclude_Organization_Support_Role_Data>&#xD;
                &lt;wd:Exclude_Location_Hierarchies>true&lt;/wd:Exclude_Location_Hierarchies>&#xD;
                &lt;wd:Exclude_Cost_Centers>true&lt;/wd:Exclude_Cost_Centers>&#xD;
                &lt;wd:Exclude_Cost_Center_Hierarchies>true&lt;/wd:Exclude_Cost_Center_Hierarchies>&#xD;
                &lt;wd:Exclude_Companies>true&lt;/wd:Exclude_Companies>&#xD;
                &lt;wd:Exclude_Company_Hierarchies>true&lt;/wd:Exclude_Company_Hierarchies>&#xD;
                &lt;wd:Exclude_Matrix_Organizations>true&lt;/wd:Exclude_Matrix_Organizations>&#xD;
                &lt;wd:Exclude_Pay_Groups>true&lt;/wd:Exclude_Pay_Groups>&#xD;
                &lt;wd:Exclude_Regions>true&lt;/wd:Exclude_Regions>&#xD;
                &lt;wd:Exclude_Region_Hierarchies>true&lt;/wd:Exclude_Region_Hierarchies>&#xD;
                &lt;wd:Exclude_Supervisory_Organizations>true&lt;/wd:Exclude_Supervisory_Organizations>&#xD;
                &lt;wd:Exclude_Teams>true&lt;/wd:Exclude_Teams>&#xD;
                &lt;wd:Exclude_Custom_Organizations>true&lt;/wd:Exclude_Custom_Organizations>&#xD;
                &lt;wd:Include_Roles>false&lt;/wd:Include_Roles>&#xD;
                &lt;wd:Include_Management_Chain_Data>false&lt;/wd:Include_Management_Chain_Data>&#xD;
                &lt;wd:Include_Multiple_Managers_in_Management_Chain_Data>false&lt;/wd:Include_Multiple_Managers_in_Management_Chain_Data>&#xD;
                &lt;wd:Include_Benefit_Enrollments>false&lt;/wd:Include_Benefit_Enrollments>&#xD;
                &lt;wd:Include_Benefit_Eligibility>false&lt;/wd:Include_Benefit_Eligibility>&#xD;
                &lt;wd:Include_Related_Persons>false&lt;/wd:Include_Related_Persons>&#xD;
                &lt;wd:Include_Qualifications>false&lt;/wd:Include_Qualifications>&#xD;
                &lt;wd:Include_Employee_Review>false&lt;/wd:Include_Employee_Review>&#xD;
                &lt;wd:Include_Goals>false&lt;/wd:Include_Goals>&#xD;
                &lt;wd:Include_Development_Items>false&lt;/wd:Include_Development_Items>&#xD;
                &lt;wd:Include_Skills>false&lt;/wd:Include_Skills>&#xD;
                &lt;wd:Include_Photo>false&lt;/wd:Include_Photo>&#xD;
                &lt;wd:Include_Worker_Documents>false&lt;/wd:Include_Worker_Documents>&#xD;
                &lt;wd:Include_Transaction_Log_Data>false&lt;/wd:Include_Transaction_Log_Data>&#xD;
                &lt;wd:Include_Subevents_for_Corrected_Transaction>false&lt;/wd:Include_Subevents_for_Corrected_Transaction>&#xD;
                &lt;wd:Include_Subevents_for_Rescinded_Transaction>false&lt;/wd:Include_Subevents_for_Rescinded_Transaction>&#xD;
                &lt;wd:Include_Succession_Profile>false&lt;/wd:Include_Succession_Profile>&#xD;
                &lt;wd:Include_Talent_Assessment>false&lt;/wd:Include_Talent_Assessment>&#xD;
                &lt;wd:Include_Employee_Contract_Data>false&lt;/wd:Include_Employee_Contract_Data>&#xD;
                &lt;wd:Include_Collective_Agreement_Data>false&lt;/wd:Include_Collective_Agreement_Data>&#xD;
                &lt;wd:Include_Probation_Period_Data>false&lt;/wd:Include_Probation_Period_Data>&#xD;
                &lt;wd:Include_Feedback_Received>false&lt;/wd:Include_Feedback_Received>&#xD;
                &lt;wd:Include_User_Account>false&lt;/wd:Include_User_Account>&#xD;
                &lt;wd:Include_Career>false&lt;/wd:Include_Career>&#xD;
                &lt;wd:Include_Account_Provisioning>false&lt;/wd:Include_Account_Provisioning>&#xD;
                &lt;wd:Include_Background_Check_Data>false&lt;/wd:Include_Background_Check_Data>&#xD;
                &lt;wd:Include_Contingent_Worker_Tax_Authority_Form_Information>false&lt;/wd:Include_Contingent_Worker_Tax_Authority_Form_Information>&#xD;
                &lt;wd:Exclude_Funds>true&lt;/wd:Exclude_Funds>&#xD;
                &lt;wd:Exclude_Fund_Hierarchies>true&lt;/wd:Exclude_Fund_Hierarchies>&#xD;
                &lt;wd:Exclude_Grants>true&lt;/wd:Exclude_Grants>&#xD;
                &lt;wd:Exclude_Grant_Hierarchies>true&lt;/wd:Exclude_Grant_Hierarchies>&#xD;
                &lt;wd:Exclude_Business_Units>true&lt;/wd:Exclude_Business_Units>&#xD;
                &lt;wd:Exclude_Business_Unit_Hierarchies>true&lt;/wd:Exclude_Business_Unit_Hierarchies>&#xD;
                &lt;wd:Exclude_Programs>true&lt;/wd:Exclude_Programs>&#xD;
                &lt;wd:Exclude_Program_Hierarchies>true&lt;/wd:Exclude_Program_Hierarchies>&#xD;
                &lt;wd:Exclude_Gifts>true&lt;/wd:Exclude_Gifts>&#xD;
                &lt;wd:Exclude_Gift_Hierarchies>true&lt;/wd:Exclude_Gift_Hierarchies>&#xD;
            &lt;/wd:Response_Group>&#xD;
        &lt;/wd:Get_Workers_Request>&#xD;
&#xD;
</cc:text>
                    </cc:message>
                </cc:write>
            </cc:response-steps>
            <cc:send-error id="SendError" routes-to="PIMGetWorkerError"/>
        </cc:sync-mediation>
        <cc:splitter id="SplitbyInvalidEE">
            <cc:sub-route name="SubRoute" routes-to="RemoveFromHash"/>
            <cc:xml-stream-splitter namespaces="wd urn:com.workday/bsvc SOAP-ENV http://schemas.xmlsoap.org/soap/envelope/" xpath="/Envelope/Body/Fault/detail/wd:Validation_Fault/wd:Validation_Error"/>
        </cc:splitter>
        <cc:async-mediation id="RemoveFromHash">
            <cc:steps>
                <cc:eval id="Eval">
                    <cc:expression>props['error.xpath']=parts[0].xpath('wd:Validation_Error/wd:Xpath')+'/wd:ID'</cc:expression>
                    <cc:expression>props['invalid.id']=vars['paged.get.request.xml'].xpath(props['error.xpath'])</cc:expression>
                    <cc:expression>props['empl.id.set'].remove(props['invalid.id'])</cc:expression>
                </cc:eval>
            </cc:steps>
            <cc:send-error id="SendError" routes-to="PIMGetWorkerError"/>
        </cc:async-mediation>
        <cc:local-in id="WriteAudit" routes-to="AsyncMediation5"/>
        <cc:async-mediation id="CheckforEE" routes-to="SplitbyValidEE" handle-downstream-errors="true">
            <cc:steps>
                <cc:validate-exp id="ValidateExp">
                    <cc:expression failure-message="'No workers returned in PagedGetWorkers response.'">parts[0].xpathB('Workers/wd:Worker')</cc:expression>
                </cc:validate-exp>
            </cc:steps>
            <cc:send-error id="SendError" routes-to="PIMGetworkerres"/>
        </cc:async-mediation>
        <cc:local-out id="PIMGetworkerres" endpoint="vm://wcc/PutIntegrationMessage"><cc:set name="is.message.severity" value="'ERROR'"/><cc:set name="is.message.summary" value="'Error processing the response from the Get Workers call.'"/><cc:set name="is.message.detail" value="context.errorMessage"/></cc:local-out>
        <cc:async-mediation id="AsyncMediation5" routes-to="AuditAgg" handle-downstream-errors="true">
            <cc:steps>
                <cc:eval id="Eval">
                    <cc:expression>if (props['is.error']==false){props['error']=context.errorMessage;} else {props['error']=props['error.message'];}</cc:expression>
                    <cc:expression>if (props['error']== empty ) { props['status']='Success';} else {props['status']='Fail';}</cc:expression>
                </cc:eval>
                <cc:write id="Write">
                    <cc:message>
                        <cc:text>&lt;AuditLog>&#xD;
&lt;EmployeeID>@{props['p.empl.id']}&lt;/EmployeeID>&#xD;
&lt;LastName>@{props['last.name']}&lt;/LastName>&#xD;
&lt;FirstName>@{props['first.name']}&lt;/FirstName>&#xD;
&lt;FederalTaxAmt>@{props['p.fed.tax']}&lt;/FederalTaxAmt>&#xD;
&lt;SSCTaxAmount>@{props['p.ssc.tax']}&lt;/SSCTaxAmount>&#xD;
&lt;MedTaxAmount>@{props['p.medicare.tax']}&lt;/MedTaxAmount>&#xD;
&lt;SupplementalTaxAmount>@{props['p.supp.med']}&lt;/SupplementalTaxAmount>&#xD;
&lt;StateTaxAmount>@{props['p.state.tax']}&lt;/StateTaxAmount>&#xD;
&lt;LocalTaxAmount>@{props['p.city.tax']}&lt;/LocalTaxAmount>&#xD;
&lt;OtherTaxAmount>@{props['p.other.tax']}&lt;/OtherTaxAmount>&#xD;
&lt;Status>@{props['status']}&lt;/Status>&#xD;
&lt;ErrorMessage>@{props['error']}&lt;/ErrorMessage>&#xD;
&lt;/AuditLog></cc:text>
                    </cc:message>
                </cc:write>
            </cc:steps>
            <cc:send-error id="SendError" routes-to="PIMAuditWrite"/>
        </cc:async-mediation>
        <cc:local-in id="SubmitOffCycle" routes-to="ProcessingBlock"/>
        <cc:async-mediation id="CopyXML" routes-to="SplitbyEE" handle-downstream-errors="true">
            <cc:steps>
                <cc:copy id="Copy" input="variable" input-variable="inbound.file.xml"/>
            </cc:steps>
            <cc:send-error id="SendError" routes-to="PutIntegrationMessage1"/>
        </cc:async-mediation>
        <cc:splitter id="SplitbyEE">
            <cc:sub-route name="SubRoute" routes-to="WWSMessage"/>
            <cc:xml-stream-splitter xpath="File/Details"/>
        </cc:splitter>
        <cc:local-out id="CallProcessFile" store-message="none" execute-when="props['rec.count'] > 0" routes-response-to="CallCloseAuditAgg" endpoint="vm://INT0030_Fidelity_RSU_SOP_Payout_Inbound/ProcessInputFile"/>
        <cc:local-in id="ProcessInputFile" routes-to="CopyXML"/>
        <cc:splitter id="SplitbyValidEE">
            <cc:sub-route name="SubRoute" routes-to="StoreHash"/>
            <cc:xml-stream-splitter xpath="Workers/wd:Worker"/>
        </cc:splitter>
        <cc:async-mediation id="StoreHash">
            <cc:steps>
                <cc:eval id="Eval">
                    <cc:expression>props['p.empl.id'] = parts[0].xpath('wd:Worker/wd:Worker_Data/wd:Worker_ID');&#xD;
props['empl.fos.map'].put(props['p.empl.id'],parts[0].text);</cc:expression>
                </cc:eval>
            </cc:steps>
            <cc:send-error id="SendError" routes-to="PIMHash"/>
        </cc:async-mediation>
        <cc:async-mediation id="WWSMessage" routes-to="WorkdayOutSoap" handle-downstream-errors="true">
            <cc:steps>
                <cc:copy id="Copy" output="variable" output-variable="single.split.row"/>
                <cc:eval id="Eval">
                    <cc:expression>props['p.empl.id'] = empty; props['p.empl.id'] = parts[0].xpath('Details/EmployeeID');</cc:expression>
                    <cc:expression> props['lp.current.run.datetime']= java.time.LocalDateTime.now().toString()</cc:expression>
                </cc:eval>
                <cc:write id="Write">
                    <cc:message>
                        <cc:text>&lt;?xml version=&quot;1.0&quot; encoding=&quot;UTF-8&quot;?>&#xD;
&lt;env:Envelope&#xD;
    xmlns:env=&quot;http://schemas.xmlsoap.org/soap/envelope/&quot;&#xD;
    xmlns:xsd=&quot;http://www.w3.org/2001/XMLSchema&quot;>&#xD;
    &lt;env:Body>&#xD;
        &lt;wd:Get_Payroll_Off-cycle_Payments_Request&#xD;
            xmlns:wd=&quot;urn:com.workday/bsvc&quot;>&#xD;
            &lt;wd:Request_Criteria>&#xD;
                &lt;wd:Employee_Reference>&#xD;
                    &lt;wd:ID wd:type=&quot;Employee_ID&quot;>@{props['p.empl.id']}&lt;/wd:ID>&#xD;
                &lt;/wd:Employee_Reference>&#xD;
                &lt;/wd:Request_Criteria>&#xD;
            &lt;wd:Response_Filter>&#xD;
                &lt;wd:As_Of_Effective_Date>@{props['lp.run.date']}&lt;/wd:As_Of_Effective_Date>&#xD;
                &lt;wd:As_Of_Entry_DateTime>@{props['lp.current.run.datetime']}&lt;/wd:As_Of_Entry_DateTime>&#xD;
            &lt;/wd:Response_Filter>&#xD;
        &lt;/wd:Get_Payroll_Off-cycle_Payments_Request>&#xD;
    &lt;/env:Body>&#xD;
&lt;/env:Envelope></cc:text>
                    </cc:message>
                </cc:write>
                <cc:wrap-soap id="WrapSoap"/>
            </cc:steps>
            <cc:send-error id="SendError" routes-to="CallErrorLog1"/>
        </cc:async-mediation>
        <cc:workday-out-soap id="WorkdayOutSoap" routes-response-to="DerivePriority" application="Payroll" version="@{props['ia.wsdl']}"/>
        <cc:async-mediation id="DerivePriority" routes-to="CallSubmitOffcyclePayment">
            <cc:steps>
                <cc:eval id="Eval">
                    <cc:expression>props['old.priority'] = 0</cc:expression>
                    <cc:expression>props['new.priority'] = 0</cc:expression>
                </cc:eval>
                <cc:eval id="Eval0">
                    <cc:expression>props['old.priority'] = parts[0].xpath(&quot;max(env:Envelope/env:Body/wd:Get_Payroll_Off-cycle_Payments_Response/wd:Response_Data/wd:Payroll_Off-cycle_Result_Override/wd:Payroll_Off-cycle_Payment_Data/wd:Payment_Priority)&quot;)</cc:expression>
                    <cc:expression>props['Start.Priority'] =60</cc:expression>
                    <cc:expression>props['new.priority'] = props['old.priority'] =='' ||props['old.priority'] &lt;60 ? props['Start.Priority'] : props['old.priority'] + 1</cc:expression>
                </cc:eval>
            </cc:steps>
            <cc:send-error id="SendError" routes-to="PIMPriority"/>
        </cc:async-mediation>
        <cc:async-mediation id="ProcessingBlock" routes-to="SetHeader" handle-downstream-errors="true">
            <cc:steps>
                <cc:copy id="Copy" input="variable" input-variable="single.split.row"/>
                <cc:eval id="Tax">
                    <cc:expression>//NET AMOUNT&#xD;
props['p.amount'] = 0       		; props['p.amount'] = parts[0].xpath('Details/Taxable_Income_From_Transaction');&#xD;
if ( parts[0].xpath('Details/Taxable_Income_From_Transaction') != empty ) { props['p.amount'] = parts[0].xpath('Details/Taxable_Income_From_Transaction')/1000000 ;} else { props['p.amount'] = 0 ;} ;</cc:expression>
                    <cc:expression>//FEDERAL TAX&#xD;
props['p.fed.tax'] = 0			; props['p.fed.tax'] = parts[0].xpath('Details/Federal_Tax_Amount');&#xD;
if ( parts[0].xpath('Details/Federal_Tax_Amount') != empty ) { props['p.fed.tax'] = parts[0].xpath('Details/Federal_Tax_Amount')/1000000 ;} else { props['p.fed.tax'] = 0 ;} ;</cc:expression>
                    <cc:expression>//SOCIALSECURITY&#xD;
props['p.ssc.tax'] = 0			; props['p.ssc.tax'] = parts[0].xpath('Details/SSC_Tax_Amount');&#xD;
if ( parts[0].xpath('Details/SSC_Tax_Amount') != empty ) { props['p.ssc.tax'] = parts[0].xpath('Details/SSC_Tax_Amount')/1000000 ;} else { props['p.ssc.tax'] = 0 ;} ;</cc:expression>
                    <cc:expression>//BASE MEDICARE&#xD;
props['p.medicare.tax'] = 0	; props['p.medicare.tax'] = parts[0].xpath('Details/Base_Medicare_Tax_Amount');&#xD;
if ( parts[0].xpath('Details/Base_Medicare_Tax_Amount') != empty ) { props['p.medicare.tax'] = parts[0].xpath('Details/Base_Medicare_Tax_Amount')/1000000 ;} else { props['p.medicare.tax'] = 0 ;} ;</cc:expression>
                    <cc:expression>//SUPPLEMENTAL MEDICARE&#xD;
props['p.supp.med'] = 0	; props['p.supp.med'] = parts[0].xpath('Details/Supplemental_Medicare_Tax_Amount');&#xD;
if ( parts[0].xpath('Details/Supplemental_Medicare_Tax_Amount') != empty ) { props['p.supp.med'] = parts[0].xpath('Details/Supplemental_Medicare_Tax_Amount')/1000000 ;} else { props['p.supp.med'] = 0 ;} ;&#xD;
</cc:expression>
                    <cc:expression>//STATE TAX&#xD;
props['p.state.tax'] = 0		; props['p.state.tax'] = parts[0].xpath('Details/State_Tax_Amount');&#xD;
if ( parts[0].xpath('Details/State_Tax_Amount') != empty ) { props['p.state.tax'] = parts[0].xpath('Details/State_Tax_Amount')/1000000 ;} else { props['p.state.tax'] = 0 ;} ;</cc:expression>
                    <cc:expression>props['p.state.desc'] = empty     ; props['p.state.desc'] = parts[0].xpath('Details/State_Tax_Description4'); &#xD;
if ( parts[0].xpath('Details/State_Tax_Description4') != empty ) { props['p.state.desc'] = props['p.state.desc'].toString().substring(0, 2); } else { props['p.state.desc'] = '' ;} ;</cc:expression>
                    <cc:expression>//LOCAL 1 TAX&#xD;
props['p.local1.tax'] = 0		; props['p.local1.tax'] = parts[0].xpath('Details/Tax_Amount5');&#xD;
if ( parts[0].xpath('Details/Tax_Amount5') != empty ) { props['p.local1.tax'] = parts[0].xpath('Details/Tax_Amount5')/1000000 ;} else { props['p.local1.tax'] = 0 ;} ;&#xD;
props['p.local1.desc'] = empty      ; props['p.local1.desc'] = parts[0].xpath('Details/Tax_Description5');&#xD;
</cc:expression>
                    <cc:expression>//OTHER TAX&#xD;
props['p.other.tax'] = 0		; props['p.other.tax'] = parts[0].xpath('Details/Tax_Amount12');&#xD;
if ( parts[0].xpath('Details/Tax_Amount12') != empty ) { props['p.other.tax'] = parts[0].xpath('Details/Tax_Amount12')/1000000 ;} else { props['p.other.tax'] = 0 ;} ;&#xD;
&#xD;
</cc:expression>
                    <cc:expression>//LOCAL 2 TAX&#xD;
props['p.local2.tax'] = 0		; props['p.local2.tax'] = parts[0].xpath('Details/Tax_Amount6');&#xD;
if ( parts[0].xpath('Details/Tax_Amount6') != empty ) { props['p.local2.tax'] = parts[0].xpath('Details/Tax_Amount6')/1000000 ;} else { props['p.local2.tax'] = 0 ;} ;&#xD;
props['p.local2.desc'] = empty      ; props['p.local2.desc'] = parts[0].xpath('Details/Tax_Description6');</cc:expression>
                    <cc:expression>//LOCAL 3 TAX&#xD;
props['p.local3.tax'] = 0		; props['p.local3.tax'] = parts[0].xpath('Details/Tax_Amount7');&#xD;
if ( parts[0].xpath('Details/Tax_Amount7') != empty ) { props['p.local3.tax'] = parts[0].xpath('Details/Tax_Amount7')/1000000 ;} else { props['p.local3.tax'] = 0 ;} ;&#xD;
props['p.local3.desc'] = empty      ; props['p.local3.desc'] = parts[0].xpath('Details/Tax_Description7');</cc:expression>
                    <cc:expression>//LOCAL 4 TAX&#xD;
props['p.local4.tax'] = 0		; props['p.local4.tax'] = parts[0].xpath('Details/Tax_Amount8');&#xD;
if ( parts[0].xpath('Details/Tax_Amount8') != empty ) { props['p.local4.tax'] = parts[0].xpath('Details/Tax_Amount8')/1000000 ;} else { props['p.local4.tax'] = 0 ;} ;&#xD;
props['p.local4.desc'] = empty      ; props['p.local4.desc'] = parts[0].xpath('Details/Tax_Description8');</cc:expression>
                    <cc:expression>//LOCAL 5 TAX&#xD;
props['p.local5.tax'] = 0		; props['p.local5.tax'] = parts[0].xpath('Details/Tax_Amount9');&#xD;
if ( parts[0].xpath('Details/Tax_Amount9') != empty ) { props['p.local5.tax'] = parts[0].xpath('Details/Tax_Amount9')/1000000 ;} else { props['p.local5.tax'] = 0 ;} ;&#xD;
props['p.local5.desc'] = empty      ; props['p.local5.desc'] = parts[0].xpath('Details/Tax_Description9');</cc:expression>
                    <cc:expression>//LOCAL 6 TAX&#xD;
props['p.local6.tax'] = 0		; props['p.local6.tax'] = parts[0].xpath('Details/Tax_Amount10');&#xD;
if ( parts[0].xpath('Details/Tax_Amount10') != empty ) { props['p.local6.tax'] = parts[0].xpath('Details/Tax_Amount10')/1000000 ;} else { props['p.local6.tax'] = 0 ;} ;&#xD;
props['p.local6.desc'] = empty      ; props['p.local6.desc'] = parts[0].xpath('Details/Tax_Description10');</cc:expression>
                </cc:eval>
                <cc:eval id="Eval">
                    <cc:expression>//Taxable wages Props&#xD;
props['p.tw.fed.tax'] = 0        ; props['p.tw.fed.tax'] = props['p.amount'] *(parts[0].xpath('Details/Federal_Tax_Allocation_Percent')/1000000);&#xD;
props['p.tw.state.tax'] = 0 ; props['p.tw.state.tax'] = props['p.amount'] *(parts[0].xpath('Details/State_Tax_Allocation_Percent')/1000000);&#xD;
props['p.tw.ssc.tax'] = 0 ;props['p.tw.ssc.tax'] = props['p.amount'] *(parts[0].xpath('Details/SSC_Tax_Allocation_Percent')/1000000);&#xD;
props['p.tw.medicare.tax'] = 0   ; props['p.tw.medicare.tax'] = props['p.amount'] *(parts[0].xpath('Details/Med_Tax_Allocation_Percent')/1000000);&#xD;
props['p.tw.other.tax.amt'] = 0 ;&#xD;
if ( parts[0].xpath('Details/Tax_Allocation_Percent12') != empty ) { props['p.tw.other.tax.amt'] = props['p.amount'] *(parts[0].xpath('Details/Tax_Allocation_Percent12')/1000000) ;} else { props['p.tw.other.tax.amt'] = 0 ;} ; &#xD;
props['p.tw.city.tax']=0;&#xD;
if ( parts[0].xpath('Details/Tax_Allocation_Percent5') != empty ) { props['p.tw.city.tax'] = props['p.amount'] *(parts[0].xpath('Details/Tax_Allocation_Percent5')/1000000) ;} else { props['p.tw.city.tax'] = 0 ;} ;</cc:expression>
                    <cc:expression>//TotalTaxCalculation&#xD;
props['p.total.tax.amt'] = 0 ; props['p.total.tax.amt'] = props['p.fed.tax'] + props['p.ssc.tax'] + props['p.medicare.tax'] +props['p.supp.med']+props['p.state.tax']+ props['p.local1.tax'] + props['p.local2.tax'] + props['p.local3.tax'] + props['p.local4.tax'] + props['p.local5.tax']+ props['p.local6.tax'] + props['p.other.tax'] ;&#xD;
props['p.net.amount'] = 0 ;  props['p.net.amount'] = props['p.amount'] - props['p.total.tax.amt'] ;</cc:expression>
                    <cc:expression>props['p.batch.id']=empty; props['p.batch.id']= props['p.batch.id.att']# '_' # props['lp.run.date'];&#xD;
props['payment.id']=empty; props['payment.id'] = props['p.batch.id'] #'_'#props['p.empl.id']#'_'#props['new.priority'];</cc:expression>
                </cc:eval>
                <cc:eval id="Eval0">
                    <cc:expression>vars['existing.data'] = props['empl.fos.map'].get(props['p.empl.id']);</cc:expression>
                    <cc:expression>props['planid']=empty; props['planid']=parts[0].xpath('Details/Plan_ID');</cc:expression>
                    <cc:expression>props['last.name']=empty; props['last.name']=parts[0].xpath('Details/Last_Name');</cc:expression>
                    <cc:expression>props['first.name']=empty;props['first.name']=parts[0].xpath('Details/First_Name');</cc:expression>
                </cc:eval>
                <cc:validate-exp id="ValidateExp">
                    <cc:expression failure-message="Invalid Employee ID">vars['existing.data'] != empty</cc:expression>
                </cc:validate-exp>
                <cc:eval id="Date">
                    <cc:expression>props['p.start.date'] = vars['existing.data'].xpath(&quot;wd:Worker/wd:Worker_Data/wd:Integration_Field_Override_Data[wd:Field_Reference/wd:ID[@wd:type='Integration_Document_Field_Name']='Current Open Pay Period Start Date']/wd:Value,'wd urn:com.workday/bsvc'&quot;);&#xD;
props['p.end.date'] = vars['existing.data'].xpath(&quot;wd:Worker/wd:Worker_Data/wd:Integration_Field_Override_Data[wd:Field_Reference/wd:ID[@wd:type='Integration_Document_Field_Name']='Current Open Pay Period End Date']/wd:Value,'wd urn:com.workday/bsvc'&quot;);</cc:expression>
                    <cc:expression>props['p.earning.code']=empty; props['p.earning.code']=intsys.integrationMapReverseLookup('Earning Code',props['planid']).get(0).getReferenceData('Earning_Code');</cc:expression>
                    <cc:expression>props['p.offset.code']=empty; props['p.offset.code']=intsys.integrationMapReverseLookup('Net Offset',props['planid']).get(0).getReferenceData('Deduction_Code');</cc:expression>
                </cc:eval>
                <cc:xslt-plus id="XsltPlus" url="CreateOffcyclePayment.xsl"/>
                <cc:wrap-soap id="WrapSoap"/>
                <cc:log id="Log">
                    <cc:log-message>
                        <cc:text>********xml********</cc:text>
                        <cc:line-separator/>
                        <cc:message-content/>
                    </cc:log-message>
                </cc:log>
            </cc:steps>
            <cc:send-error id="SendError" routes-to="CallWriteAudit2"/>
        </cc:async-mediation>
        <cc:local-out id="CallWriteAudit2" store-message="none" endpoint="vm://INT0030_Fidelity_RSU_SOP_Payout_Inbound/WriteAudit"/>
        <cc:local-out id="CallSubmitOffcyclePayment" store-message="none" endpoint="vm://INT0030_Fidelity_RSU_SOP_Payout_Inbound/SubmitOffCycle"/>
        <cc:async-mediation id="SetHeader" routes-to="WorkdayOutSoap0" handle-downstream-errors="false">
            <cc:steps>
                <cc:set-headers id="SetHeaders"><cc:remove-headers/><cc:add-headers>
    <cc:add-header name="X-Validate-Only" value="@{props['ValidateOnly']}"/>
</cc:add-headers></cc:set-headers></cc:steps>
        </cc:async-mediation>
        <cc:workday-out-soap id="WorkdayOutSoap0" routes-response-to="RemoveHeader" application="Payroll" version="@{props['ia.wsdl']}"/>
        <cc:async-mediation id="RemoveHeader" routes-to="CallSuccessLogs">
            <cc:steps>
                <cc:set-headers id="SetHeaders"><cc:remove-headers>
    <cc:remove-header name="X-Validate-Only"/>
</cc:remove-headers><cc:add-headers/></cc:set-headers>
            </cc:steps>
        </cc:async-mediation>
        <cc:local-out id="CallSuccessLogs" store-message="none" endpoint="vm://INT0030_Fidelity_RSU_SOP_Payout_Inbound/WriteAudit"/>
        <cc:aggregator id="AuditAgg" routes-to="StoreAudit" collate-when="!props['close.audit.agg']" force-batch-on-last-message="false" force-batch-when="props['close.audit.agg']">
            <cc:size-batch-strategy batch-size="-1"/>
            <cc:xml-message-content-collater>
        <cc:header-text>&lt;Audit></cc:header-text>
        <cc:footer-text>&lt;/Audit></cc:footer-text>
      </cc:xml-message-content-collater>
        </cc:aggregator>
        <cc:local-out id="CallCloseAuditAgg" store-message="none" execute-when="props['rec.count'] > 0" endpoint="vm://INT0030_Fidelity_RSU_SOP_Payout_Inbound/CloseAuditAgg"><cc:set name="close.audit.agg" value="true"/></cc:local-out>
        <cc:local-in id="CloseAuditAgg" routes-to="AuditAgg"><cc:parameter default="false" name="close.audit.agg"/></cc:local-in>
        <cc:async-mediation id="StoreAudit">
            <cc:steps>
                <cc:xml-to-csv id="XmlToCsv" writeHeaderLine="true"/>
                <cc:store id="Store" output="variable" output-variable="audit.final" expiresIn="P180D" title="@{props['lp.audit.name']}"/>
            </cc:steps>
            <cc:send-error id="SendError" routes-to="PIMStore"/>
        </cc:async-mediation>
        <cc:local-out id="PIMStore" endpoint="vm://wcc/PutIntegrationMessage"><cc:set name="is.message.severity" value="'ERROR'"/><cc:set name="is.message.summary" value="'Error while saving audit'"/><cc:set name="is.message.detail" value="context.errorMessage"/></cc:local-out>
        <cc:local-out id="CallErrorLog1" store-message="none" endpoint="vm://INT0030_Fidelity_RSU_SOP_Payout_Inbound/WriteAudit"/>
        <cc:local-out id="PIMGetWorkerError" endpoint="vm://wcc/PutIntegrationMessage"><cc:set name="is.message.severity" value="'ERROR'"/><cc:set name="is.message.summary" value="'Error during GetWorker WWS'"/><cc:set name="is.message.detail" value="context.errorMessage"/></cc:local-out>
        <cc:local-out id="PIMPriority" endpoint="vm://wcc/PutIntegrationMessage"><cc:set name="is.message.severity" value="'ERROR'"/><cc:set name="is.message.summary" value="'Error while retrieving priority'"/><cc:set name="is.message.detail" value="context.errorMessage"/></cc:local-out>
        <cc:local-out id="PIMHash" endpoint="vm://wcc/PutIntegrationMessage"><cc:set name="is.message.severity" value="'ERROR'"/><cc:set name="is.message.summary" value="'Error while storing the Employee ID'"/><cc:set name="is.message.detail" value="context.errorMessage"/></cc:local-out>
        <cc:local-out id="PIMAuditWrite" endpoint="vm://wcc/PutIntegrationMessage"><cc:set name="is.message.severity" value="'ERROR'"/><cc:set name="is.message.summary" value="'Error while writing audit'"/><cc:set name="is.message.detail" value="context.errorMessage"/></cc:local-out>
        <cc:async-mediation id="TrailerValidation">
            <cc:steps>
                <cc:textschema id="Textschema" style="text2xml" url="INT0030_Fidelity_Trailer.xsd"/>
                <cc:eval id="Eval">
                    <cc:expression>props['total.count'] = parts[0].xstream(&quot;trailer/recordCount&quot;)</cc:expression>
                </cc:eval>
            </cc:steps>
        </cc:async-mediation>
        <cc:local-out id="CallWriteAudit" store-message="none" endpoint="vm://INT0030_Fidelity_RSU_SOP_Payout_Inbound/WriteAudit"><cc:set name="error.message" value="&quot;Error occured on file line &quot; # props['file.row.number']"/><cc:set name="is.error" value="true"/></cc:local-out>
        <cc:async-mediation id="ValidateTrailer" routes-to="CallGetWorker" execute-steps-when="props['rec.count'] > 0">
            <cc:steps>
                <cc:validate-exp id="ValidateExp">
                    <cc:expression failure-message="Incorrect row count in trailer record. Trailer record count: @{props['total.count']}. Number of detail records on the input file: @{props['rec.count']}">props['total.count']==props['rec.count']</cc:expression>
                </cc:validate-exp>
            </cc:steps>
            <cc:send-error id="SendError" rethrow-error="true" routes-to="PIMTrailer"/>
        </cc:async-mediation>
        <cc:local-out id="PIMTrailer" endpoint="vm://wcc/PutIntegrationMessage"><cc:set name="is.message.severity" value="'CRITICAL'"/><cc:set name="is.message.summary" value="context.errorMessage"/></cc:local-out>
        <cc:send-error id="global-error-handler" rethrow-error="false" routes-to="Note-Error"/>
        <cc:local-out id="Note-Error" endpoint="vm://wcc/PutIntegrationMessage">
            <cc:set name="is.message.severity" value="'CRITICAL'"/>
            <cc:set name="is.message.summary" value="context.errorMessage"/>
        </cc:local-out>
        <cc:local-out id="PutIntegrationMessage1" endpoint="vm://wcc/PutIntegrationMessage"><cc:set name="is.message.severity" value="'ERROR'"/><cc:set name="is.message.summary" value="'Error during splitting employees'"/><cc:set name="is.message.detail" value="context.errorMessage"/></cc:local-out>
        <cc:workday-in id="StartHereSOP" routes-to="CallInitialize">
            <cc:integration-system name="INT0027 POV11 Fidelity SOP Payout Inbound">
        <cloud:param name="As of Entry DateTime">
          <cloud:type>
            <cloud:simple-type>datetime</cloud:simple-type>
          </cloud:type>
          <cloud:default>
            <cloud:class-report-field description="Current Moment (DateTime)" type="WID">df4effe76deb4222a79001d6737cf91c</cloud:class-report-field>
          </cloud:default>
        </cloud:param>
        <cloud:param name="Validation Mode">
          <cloud:type>
            <cloud:simple-type>boolean</cloud:simple-type>
          </cloud:type>
          <cloud:default>
            <cloud:boolean>true</cloud:boolean>
          </cloud:default>
        </cloud:param>
        <cloud:attribute-map-service name="INT0027_Attributes">
          <cloud:attribute name="Web Service Version">
            <cloud:type>
              <cloud:simple-type>text</cloud:simple-type>
            </cloud:type>
          </cloud:attribute>
          <cloud:attribute name="Document Retention Policy">
            <cloud:type>
              <cloud:enumeration-type name="EnumTypeName">
                <cloud:enumeration>30</cloud:enumeration>
                <cloud:enumeration>60</cloud:enumeration>
                <cloud:enumeration>90</cloud:enumeration>
                <cloud:enumeration>120</cloud:enumeration>
                <cloud:enumeration>180</cloud:enumeration>
              </cloud:enumeration-type>
            </cloud:type>
          </cloud:attribute>
          <cloud:attribute name="Batch ID">
            <cloud:type>
              <cloud:simple-type>text</cloud:simple-type>
            </cloud:type>
          </cloud:attribute>
          <cloud:attribute name="Off Cycle Type">
            <cloud:type>
              <cloud:class-report-field description="Payroll Off-cycle Type" type="WID" singular="true">1905bc11d49e10000a5df1c6f3730215</cloud:class-report-field>
            </cloud:type>
          </cloud:attribute>
          <cloud:attribute name="Payroll Action Reason">
            <cloud:type>
              <cloud:class-report-field description="Payroll Action Reason" type="WID" singular="true">28b08fe55b2049178dfda7bce4232f27</cloud:class-report-field>
            </cloud:type>
          </cloud:attribute>
          <cloud:attribute name="Federal">
            <cloud:type>
              <cloud:class-report-field description="Deduction" type="WID" singular="true">2868a5d7a8b14b88aa103f7ffa642f0b</cloud:class-report-field>
            </cloud:type>
          </cloud:attribute>
          <cloud:attribute name="SSN">
            <cloud:type>
              <cloud:class-report-field description="Deduction" type="WID" singular="true">2868a5d7a8b14b88aa103f7ffa642f0b</cloud:class-report-field>
            </cloud:type>
          </cloud:attribute>
          <cloud:attribute name="Medicare Base">
            <cloud:type>
              <cloud:class-report-field description="Deduction" type="WID" singular="true">2868a5d7a8b14b88aa103f7ffa642f0b</cloud:class-report-field>
            </cloud:type>
          </cloud:attribute>
          <cloud:attribute name="Supplemental MED">
            <cloud:type>
              <cloud:class-report-field description="Deduction" type="WID" singular="true">2868a5d7a8b14b88aa103f7ffa642f0b</cloud:class-report-field>
            </cloud:type>
          </cloud:attribute>
          <cloud:attribute name="Bank Account">
            <cloud:type>
              <cloud:class-report-field description="Bank Account" type="WID" singular="true">96d8feca8530455ab63c1e50abf3b33a</cloud:class-report-field>
            </cloud:type>
          </cloud:attribute>
          <cloud:attribute name="State Tax">
            <cloud:type>
              <cloud:class-report-field description="Deduction" type="WID" singular="true">2868a5d7a8b14b88aa103f7ffa642f0b</cloud:class-report-field>
            </cloud:type>
          </cloud:attribute>
          <cloud:attribute name="Local Work Tax">
            <cloud:type>
              <cloud:class-report-field description="Deduction" type="WID" singular="true">2868a5d7a8b14b88aa103f7ffa642f0b</cloud:class-report-field>
            </cloud:type>
          </cloud:attribute>
          <cloud:attribute name="Other Tax">
            <cloud:type>
              <cloud:class-report-field description="Deduction" type="WID" singular="true">2868a5d7a8b14b88aa103f7ffa642f0b</cloud:class-report-field>
            </cloud:type>
          </cloud:attribute>
          <cloud:attribute name="Local Res Tax">
            <cloud:type>
              <cloud:class-report-field description="Deduction" type="WID" singular="true">2868a5d7a8b14b88aa103f7ffa642f0b</cloud:class-report-field>
            </cloud:type>
          </cloud:attribute>
          <cloud:attribute name="County Work Tax">
            <cloud:type>
              <cloud:class-report-field description="Deduction" type="WID" singular="true">2868a5d7a8b14b88aa103f7ffa642f0b</cloud:class-report-field>
            </cloud:type>
          </cloud:attribute>
          <cloud:attribute name="County Res Tax">
            <cloud:type>
              <cloud:class-report-field description="Deduction" type="WID" singular="true">2868a5d7a8b14b88aa103f7ffa642f0b</cloud:class-report-field>
            </cloud:type>
          </cloud:attribute>
          <cloud:attribute name="School Res Tax">
            <cloud:type>
              <cloud:class-report-field description="Deduction" type="WID" singular="true">2868a5d7a8b14b88aa103f7ffa642f0b</cloud:class-report-field>
            </cloud:type>
          </cloud:attribute>
          <cloud:map name="Earning Code">
            <cloud:internal-type>
              <cloud:class-report-field description="Earning" type="WID">c5453cef909149b5a409b1c9e41520a5</cloud:class-report-field>
            </cloud:internal-type>
            <cloud:external-type>
              <cloud:simple-type>text</cloud:simple-type>
            </cloud:external-type>
          </cloud:map>
          <cloud:map name="Net Offset">
            <cloud:internal-type>
              <cloud:class-report-field description="Deduction" type="WID">2868a5d7a8b14b88aa103f7ffa642f0b</cloud:class-report-field>
            </cloud:internal-type>
            <cloud:external-type>
              <cloud:simple-type>text</cloud:simple-type>
            </cloud:external-type>
          </cloud:map>
          <cloud:map name="SUI">
            <cloud:internal-type>
              <cloud:simple-type>text</cloud:simple-type>
            </cloud:internal-type>
            <cloud:external-type>
              <cloud:simple-type>text</cloud:simple-type>
            </cloud:external-type>
          </cloud:map>
          <cloud:map name="SDI">
            <cloud:internal-type>
              <cloud:class-report-field description="Deductions" type="WID">d4a4b0e3f2334f999cd72662aa6f1b65</cloud:class-report-field>
            </cloud:internal-type>
            <cloud:external-type>
              <cloud:simple-type>text</cloud:simple-type>
            </cloud:external-type>
          </cloud:map>
        </cloud:attribute-map-service>
        <cloud:sequence-generator-service name="INT0027-SeqGen">
          <cloud:sequencer>SeqGen</cloud:sequencer>
        </cloud:sequence-generator-service>
        <cloud:retrieval-service name="INT0027_Retrieval"/>
        <cloud:service-reference name="INT0027_FOS"/>
      </cc:integration-system>
        </cc:workday-in>
        <cc:local-out id="PutFileError" endpoint="vm://wcc/PutIntegrationMessage"><cc:set name="is.message.severity" value="'ERROR'"/><cc:set name="is.message.summary" value="context.errorMessage"/></cc:local-out>
        <cc:async-mediation id="AsyncMediation3">
            <cc:steps>
                <cc:copy id="Copy" output="variable" output-variable="inbound.file.xml"/>
            </cc:steps>
        </cc:async-mediation>
	</cc:assembly>

</beans>