<?xml version="1.0" encoding="UTF-8"?>
<beans
     xmlns="http://www.springframework.org/schema/beans"
     xmlns:beans="http://www.springframework.org/schema/beans"
     xmlns:atom="http://www.w3.org/2005/Atom"
     xmlns:cc="http://www.capeclear.com/assembly/10"
     xmlns:cloud="urn:com.workday/esb/cloud/10.0"
     xmlns:env="http://schemas.xmlsoap.org/soap/envelope/"
     xmlns:pi="urn:com.workday/picof"
     xmlns:wd="urn:com.workday/bsvc"
     xmlns:xsi="http://www.w3.org/2001/XMLSchema-instance">
 
	<cc:assembly id="WorkdayAssembly" version="2024.11">
        <cc:local-out id="PutIntegrationMessage0" endpoint="vm://wcc/PutIntegrationMessage">
            <cc:set name="is.message.severity" value="'INFO'"/>
            <cc:set name="is.message.summary" value="'Output File Generated'"/>
            <cc:set name="is.document.variable.name" value="'OutputFile'"/>
            <cc:set name="is.document.deliverable" value="'true'"/>
        </cc:local-out>
        <cc:async-mediation id="AsyncMediation" routes-to="PutIntegrationMessage0">
            <cc:steps>
                <cc:log id="Log0">
                    <cc:log-message>
                        <cc:text>XSLT Transformation Output : </cc:text>
                        <cc:message-content/>
                    </cc:log-message>
                </cc:log>
                <cc:store id="Store" output="variable" output-variable="OP1" input="message" expiresIn="P10D" title="OP.xml"/>
            </cc:steps>
        </cc:async-mediation>
        <cc:aggregator id="Aggregator" routes-to="AsyncMediation">
            <cc:size-batch-strategy batch-size="-1"/>
            <cc:xml-message-content-collater>
        <cc:header-text>&lt;Data></cc:header-text>
        <cc:footer-text>&lt;Data></cc:footer-text>
      </cc:xml-message-content-collater>
        </cc:aggregator>
        <cc:async-mediation id="AsyncMediation1" routes-to="Aggregator">
            <cc:steps>
                <cc:log id="Log">
                    <cc:log-message>
                        <cc:text>@{intsys.reportService.getExtrapath('VSR_Text_Custom')}</cc:text>
                        <cc:text>*********************************Report XML Ouput :************************************88 </cc:text>
                        <cc:message-content/>
                    </cc:log-message>
                </cc:log>
            </cc:steps>
        </cc:async-mediation>
        <cc:splitter id="Splitter">
            <cc:sub-route name="SubRoute" routes-to="AsyncMediation1"/>
            <cc:xml-stream-splitter xpath="wd:Report_Entry"/>
        </cc:splitter>
        <cc:async-mediation id="AsyncMediation2" routes-to="Splitter">
            <cc:steps>
                <cc:log id="Log">
                    <cc:log-message>
                        <cc:text>*************************Log after Rest API******************************</cc:text>
                        <cc:message-content/>
                        <cc:text>*************************Log at the end Rest API******************************</cc:text>
                    </cc:log-message>
                </cc:log>
            </cc:steps>
        </cc:async-mediation>
        <cc:workday-out-rest id="WorkdayOutRest" routes-response-to="AsyncMediation2" extra-path="@{intsys.reportService.getExtrapath('VSR_Text_Custom')}"/>
        <cc:async-mediation id="AsyncMediation0" routes-to="WorkdayOutRest">
            <cc:steps>
            </cc:steps>
        </cc:async-mediation>
        <cc:workday-in id="StartHere" routes-to="AsyncMediation0">
            <cc:integration-system name="XML_to_JAVA_Component">
        <cloud:report-service name="VSR-ReportService">
          <cloud:report-alias description="VSR - Test Custom Report" name="VSR_Text_Custom">
            <cloud:report-reference description="VSR - Test Custom Report" type="WID">376af676c67b10080ee1d54bf2850000</cloud:report-reference>
          </cloud:report-alias>
        </cloud:report-service>
      </cc:integration-system>
        </cc:workday-in>
	</cc:assembly>

</beans>