<?xml version="1.0" encoding="UTF-8"?>
<wdnm:Diagram xmlns:wdnm="http://workday.com/studio/editors/notation">
  <element href="assembly.xml#WorkdayAssembly"/>
  <visualProperties>
    <element href="assembly.xml#ReformattingLogic"/>
  </visualProperties>
  <visualProperties>
    <element href="assembly.xml#ReformattingError"/>
  </visualProperties>
  <visualProperties>
    <element href="assembly.xml#InputFile"/>
  </visualProperties>
  <visualProperties>
    <element href="assembly.xml#PutRetrievalError"/>
  </visualProperties>
  <visualProperties x="19" y="101">
    <element href="assembly.xml#INT6062A-Start"/>
  </visualProperties>
  <visualProperties x="467" y="101">
    <element href="assembly.xml#GetEventDocuments"/>
  </visualProperties>
  <visualProperties x="728" y="40">
    <element href="assembly.xml#Route0"/>
  </visualProperties>
  <visualProperties x="1510" y="94">
    <element href="assembly.xml#PutIntegrationMessage"/>
  </visualProperties>
  <visualProperties>
    <element href="assembly.xml#//@beans/@mixed.1/@mixed.19"/>
  </visualProperties>
  <visualProperties>
    <element href="assembly.xml#Note-Error"/>
  </visualProperties>
  <connections type="routesTo" sourceAnchorX="1.0" sourceAnchorY="0.11627906976744186" targetAnchorX="0.15352697095435686" targetAnchorY="0.5405405405405406">
    <source href="assembly.xml#ReformattingLogic"/>
    <target href="assembly.xml#PutIntegrationMessage"/>
  </connections>
  <connections type="routesTo" sourceAnchorX="0.8151260504201681" sourceAnchorY="1.0" targetAnchorX="0.07074569789674952" targetAnchorY="0.05426356589147287">
    <source href="assembly.xml#//@beans/@mixed.1/@route.0/@subRoute.0"/>
    <target href="assembly.xml#ReformattingLogic"/>
  </connections>
  <connections type="routesTo" sourceAnchorX="0.36464088397790057" sourceAnchorY="1.0" targetAnchorX="0.2589641434262948" targetAnchorY="0.5945945945945946">
    <source href="assembly.xml#//@beans/@mixed.1/@mixed.15/@mixed.3"/>
    <target href="assembly.xml#ReformattingError"/>
  </connections>
  <connections type="routesTo" sourceAnchorX="1.0" sourceAnchorY="0.21705426356589147" targetAnchorX="0.527027027027027" targetAnchorY="0.4864864864864865">
    <source href="assembly.xml#InputFile"/>
    <target href="assembly.xml#GetEventDocuments"/>
  </connections>
  <connections type="routesTo" sourceAnchorX="0.8333333333333334" sourceAnchorY="1.0" targetAnchorX="0.5725806451612904" targetAnchorY="0.26356589147286824">
    <source href="assembly.xml#INT6062A-Start"/>
    <target href="assembly.xml#InputFile"/>
  </connections>
  <connections type="routesTo" sourceAnchorX="0.6739130434782609" sourceAnchorY="1.0" targetAnchorX="0.6153846153846154" targetAnchorY="0.7027027027027027">
    <source href="assembly.xml#//@beans/@mixed.1/@mixed.11/@mixed.3"/>
    <target href="assembly.xml#PutRetrievalError"/>
  </connections>
  <connections type="routesResponseTo" sourceAnchorX="0.8018018018018018" sourceAnchorY="1.0" targetAnchorX="0.15151515151515152" targetAnchorY="0.05747126436781609">
    <source href="assembly.xml#GetEventDocuments"/>
    <target href="assembly.xml#Route0"/>
  </connections>
  <connections type="routesTo" sourceAnchorX="0.9669421487603306" sourceAnchorY="0.43243243243243246" targetAnchorX="0.06060606060606061" targetAnchorY="0.3783783783783784">
    <source href="assembly.xml#//@beans/@mixed.1/@mixed.19"/>
    <target href="assembly.xml#Note-Error"/>
  </connections>
  <swimlanes x="894" y="31" name="ReformattingProcessing" orientation="VERTICAL">
    <elements href="assembly.xml#ReformattingLogic"/>
    <elements href="assembly.xml#ReformattingError"/>
  </swimlanes>
  <swimlanes x="221" y="25" name="Retrieve Input File" orientation="VERTICAL" alignment="MIDDLE">
    <elements href="assembly.xml#InputFile"/>
    <elements href="assembly.xml#PutRetrievalError"/>
  </swimlanes>
  <swimlanes x="31" y="343" font="Calibri|14|1" fontColor="1" name="Global Error Handler">
    <elements href="assembly.xml#//@beans/@mixed.1/@mixed.19"/>
    <elements href="assembly.xml#Note-Error"/>
  </swimlanes>
</wdnm:Diagram>
