<?xml version="1.0" encoding="UTF-8"?>
<beans
     xmlns="http://www.springframework.org/schema/beans"
     xmlns:beans="http://www.springframework.org/schema/beans"
     xmlns:atom="http://www.w3.org/2005/Atom"
     xmlns:cc="http://www.capeclear.com/assembly/10"
     xmlns:cloud="urn:com.workday/esb/cloud/10.0"
     xmlns:env="http://schemas.xmlsoap.org/soap/envelope/"
     xmlns:pi="urn:com.workday/picof"
     xmlns:wd="urn:com.workday/bsvc"
     xmlns:xsi="http://www.w3.org/2001/XMLSchema-instance">
 
	<cc:assembly id="WorkdayAssembly" version="2021.51">
        <cc:local-out id="PutIntegrationMessage" endpoint="vm://wcc/PutIntegrationMessage">
            <cc:set name="is.message.severity" value="'INFO'"/>
            <cc:set name="is.message.summary" value="'Reformatted INT6062 file stored.'"/>
            <cc:set name="is.document.deliverable" value="'true'"/>
            <cc:set name="is.document.file.name" value="props['filename']"/>
            <cc:set name="is.document.variable.name" value="'final.details'"/>
        </cc:local-out>
        <cc:route id="Route0">
            <cc:doc-iterator/>
            <cc:sub-route name="SubRoute" routes-to="ReformattingLogic"/>
        </cc:route>
        <cc:local-out id="GetEventDocuments" routes-response-to="Route0" endpoint="vm://wcc/GetEventDocuments"/>
        <cc:workday-in id="INT6062A-Start" routes-to="InputFile">
            <cc:integration-system name="INT6062A-BMO-Bank-Statement-Reformatter">
        <cloud:delivery-service name="INT6062A_DS"/>
        <cloud:retrieval-service name="INT6062A_RS"/>
      </cc:integration-system>
        </cc:workday-in>
        <cc:local-out id="PutRetrievalError" endpoint="vm://wcc/PutIntegrationMessage">
            <cc:set name="is.message.severity" value="'ERROR'"/>
            <cc:set name="is.message.summary" value="'Error retrieving file'"/>
            <cc:set name="is.message.detail" value="context.getErrorMessage()"/>
        </cc:local-out>
        <cc:async-mediation id="InputFile" routes-to="GetEventDocuments" handle-downstream-errors="true">
            <cc:steps>
                <cc:validate-exp id="Check">
                    <cc:expression failure-message="No input file was retrieved.">da.size() > 0</cc:expression>
                </cc:validate-exp>
            </cc:steps>
            <cc:send-error id="SendError" routes-to="PutRetrievalError"/>
        </cc:async-mediation>
        <cc:local-out id="ReformattingError" endpoint="vm://wcc/PutIntegrationMessage">
            <cc:set name="is.message.severity" value="'CRITICAL'"/>
            <cc:set name="is.message.summary" value="context.errorMessage"/>
        </cc:local-out>
        <cc:async-mediation id="ReformattingLogic" routes-to="PutIntegrationMessage" handle-downstream-errors="true">
            <cc:steps>
                <cc:copy id="Copy" output="variable" output-variable="input.file" input="variable" input-variable="wd.retrieve.variable"/>
                <cc:csv-to-xml id="CsvToXml" input="variable" input-variable="input.file" format="rfc4180"/>
                <cc:xslt-plus id="XsltPlus1" url="Transform1.xsl"/>
                <cc:xslt-plus id="XsltPlus2" url="INT6062Transform.xsl"/>
                <cc:eval id="Eval">
                    <cc:expression>props['today'] = parts[0].xpath(&quot;current-date()&quot;).substring(0,10)</cc:expression>
                </cc:eval>
                <cc:xml-to-csv id="XmlToCsv" format="rfc4180"/>
                <cc:store id="Store" output="variable" output-variable="final.details" createDocumentReference="false" expiresIn="P180D" title="INT6062final@{props['today']}.txt"/>
            </cc:steps>
            <cc:send-error id="SendError" routes-to="ReformattingError"/>
        </cc:async-mediation>
        <cc:local-out id="Note-Error" endpoint="vm://wcc/PutIntegrationMessage">
            <cc:set name="is.message.severity" value="'CRITICAL'"/>
            <cc:set name="is.message.summary" value="context.errorMessage"/>
        </cc:local-out>
        <cc:send-error id="global-error-handler" rethrow-error="false" routes-to="Note-Error"/>
	</cc:assembly>

</beans>