<?xml version="1.0" encoding="UTF-8"?>
<wdnm:Diagram xmlns:wdnm="http://workday.com/studio/editors/notation">
  <element href="assembly.xml#WorkdayAssembly"/>
  <visualProperties x="79" y="-101">
    <element href="assembly.xml#StartHere"/>
  </visualProperties>
  <visualProperties x="293" y="458">
    <element href="assembly.xml#ProcessInputFile"/>
  </visualProperties>
  <visualProperties x="48" y="458">
    <element href="assembly.xml#CallProcessInputFile"/>
  </visualProperties>
  <visualProperties x="503" y="414">
    <element href="assembly.xml#SchemaToXML"/>
  </visualProperties>
  <visualProperties x="58" y="-29">
    <element href="assembly.xml#InitializeParameters"/>
  </visualProperties>
  <visualProperties x="971" y="363">
    <element href="assembly.xml#Splitter"/>
  </visualProperties>
  <visualProperties x="1144" y="711">
    <element href="assembly.xml#CallProcessWorker"/>
  </visualProperties>
  <visualProperties x="297" y="963">
    <element href="assembly.xml#ProcessWorker"/>
  </visualProperties>
  <visualProperties x="496" y="919">
    <element href="assembly.xml#WriteGetPriority"/>
  </visualProperties>
  <visualProperties x="1894" y="430">
    <element href="assembly.xml#CallGetPayGroup"/>
  </visualProperties>
  <visualProperties x="295" y="730">
    <element href="assembly.xml#GetPayGroup"/>
  </visualProperties>
  <visualProperties x="924" y="686">
    <element href="assembly.xml#SetPayGroupfromRequest"/>
  </visualProperties>
  <visualProperties x="1155" y="1197">
    <element href="assembly.xml#CallOffCyclePaymentRequest"/>
  </visualProperties>
  <visualProperties x="454" y="1847">
    <element href="assembly.xml#PutIntegrationMessage"/>
  </visualProperties>
  <visualProperties x="302" y="1847">
    <element href="assembly.xml#//@beans/@mixed.1/@mixed.29"/>
  </visualProperties>
  <visualProperties x="679" y="1847">
    <element href="assembly.xml#PutIntegrationEvent"/>
  </visualProperties>
  <visualProperties x="963" y="1284">
    <element href="assembly.xml#LogErrorMessage1"/>
  </visualProperties>
  <visualProperties x="298" y="1539">
    <element href="assembly.xml#WriteErrorLog"/>
  </visualProperties>
  <visualProperties x="297" y="1414">
    <element href="assembly.xml#WriteDetailedLog"/>
  </visualProperties>
  <visualProperties x="40" y="1841">
    <element href="assembly.xml#IntegrationEventComplete"/>
  </visualProperties>
  <visualProperties x="1413" y="1197">
    <element href="assembly.xml#LogSuccess"/>
  </visualProperties>
  <visualProperties x="462" y="686">
    <element href="assembly.xml#RequestErrorHandler"/>
  </visualProperties>
  <visualProperties x="697" y="774">
    <element href="assembly.xml#LogErrorMessage10"/>
  </visualProperties>
  <visualProperties x="476" y="1386">
    <element href="assembly.xml#HandleMessages"/>
  </visualProperties>
  <visualProperties x="488" y="1511">
    <element href="assembly.xml#HandleErrors"/>
  </visualProperties>
  <visualProperties x="648" y="1386">
    <element href="assembly.xml#SuccessLog"/>
  </visualProperties>
  <visualProperties x="657" y="1511">
    <element href="assembly.xml#WriteError"/>
  </visualProperties>
  <visualProperties x="76" y="1705">
    <element href="assembly.xml#CallWriteLog"/>
  </visualProperties>
  <visualProperties x="298" y="1705">
    <element href="assembly.xml#WriteLog"/>
  </visualProperties>
  <visualProperties x="459" y="1661">
    <element href="assembly.xml#TransformDetailedLogData"/>
  </visualProperties>
  <visualProperties x="701" y="1705">
    <element href="assembly.xml#StoreDetailedLogData"/>
  </visualProperties>
  <visualProperties x="504" y="1138">
    <element href="assembly.xml#BuildOffCyclePmtRequest"/>
  </visualProperties>
  <visualProperties x="973" y="1138">
    <element href="assembly.xml#SetValidationMode"/>
  </visualProperties>
  <visualProperties x="60" y="105">
    <element href="assembly.xml#WriteValModeOn"/>
  </visualProperties>
  <visualProperties x="1347" y="1027">
    <element href="assembly.xml#ErrorStorePriority"/>
  </visualProperties>
  <visualProperties x="534" y="566">
    <element href="assembly.xml#Error_Schema"/>
  </visualProperties>
  <visualProperties x="1144" y="774">
    <element href="assembly.xml#ErrorRequestData"/>
  </visualProperties>
  <visualProperties x="1674" y="356">
    <element href="assembly.xml#EmployeeData"/>
  </visualProperties>
  <visualProperties x="1900" y="497">
    <element href="assembly.xml#ErrorEmplData"/>
  </visualProperties>
  <visualProperties x="1569" y="1197">
    <element href="assembly.xml#LogSkipPG"/>
  </visualProperties>
  <visualProperties x="1719" y="1197">
    <element href="assembly.xml#LogInvalidID"/>
  </visualProperties>
  <visualProperties x="779" y="347">
    <element href="assembly.xml#Route"/>
  </visualProperties>
  <visualProperties x="947" y="566">
    <element href="assembly.xml#WarningFileIsEmpty"/>
  </visualProperties>
  <visualProperties x="935" y="919">
    <element href="assembly.xml#StorePriority"/>
  </visualProperties>
  <visualProperties x="734" y="963">
    <element href="assembly.xml#CallGetPriority"/>
  </visualProperties>
  <visualProperties x="1201" y="927">
    <element href="assembly.xml#ErrorPriority"/>
  </visualProperties>
  <visualProperties x="692" y="730">
    <element href="assembly.xml#CallPayGroupRequest"/>
  </visualProperties>
  <visualProperties x="1347" y="963">
    <element href="assembly.xml#CallOnDemandPayment"/>
  </visualProperties>
  <visualProperties x="297" y="1211">
    <element href="assembly.xml#OnDemandPayment"/>
  </visualProperties>
  <visualProperties x="306" y="176">
    <element href="assembly.xml#SubRetrieveInput"/>
  </visualProperties>
  <visualProperties x="70" y="176">
    <element href="assembly.xml#CallRetrieval"/>
  </visualProperties>
  <visualProperties x="503" y="64">
    <element href="assembly.xml#RetrieveDoc"/>
  </visualProperties>
  <visualProperties x="699" y="-137">
    <element href="assembly.xml#CheckFile"/>
  </visualProperties>
  <visualProperties x="981" y="-65">
    <element href="assembly.xml#AsyncMediation"/>
  </visualProperties>
  <visualProperties x="981" y="64">
    <element href="assembly.xml#ProcessContinuation"/>
  </visualProperties>
  <visualProperties x="981" y="179">
    <element href="assembly.xml#MessageNoStoredDocument"/>
  </visualProperties>
  <visualProperties x="983" y="242">
    <element href="assembly.xml#MessageNoFile"/>
  </visualProperties>
  <visualProperties x="1126" y="347">
    <element href="assembly.xml#Decide"/>
  </visualProperties>
  <visualProperties x="1292" y="425">
    <element href="assembly.xml#Counter"/>
  </visualProperties>
  <visualProperties x="284" y="2011">
    <element href="assembly.xml#AsyncMediation0"/>
  </visualProperties>
  <visualProperties x="697" y="2019">
    <element href="assembly.xml#AsyncMediation1"/>
  </visualProperties>
  <visualProperties x="471" y="1963">
    <element href="assembly.xml#Route0"/>
  </visualProperties>
  <visualProperties x="921" y="2032">
    <element href="assembly.xml#WorkdayOutSoap"/>
  </visualProperties>
  <visualProperties x="706" y="2139">
    <element href="assembly.xml#DoNotLaunchIntegrationMessage"/>
  </visualProperties>
  <visualProperties x="1282" y="570">
    <element href="assembly.xml#CallLaunchIntegration"/>
  </visualProperties>
  <visualProperties x="48" y="2047">
    <element href="assembly.xml#LaunchIntegration"/>
  </visualProperties>
  <visualProperties x="1471" y="326">
    <element href="assembly.xml#WorkerProcessCheck"/>
  </visualProperties>
  <visualProperties x="1687" y="516">
    <element href="assembly.xml#ProcessedWorkerLog"/>
  </visualProperties>
  <visualProperties x="1127" y="2043">
    <element href="assembly.xml#LaunchIntegrationMessage"/>
  </visualProperties>
  <decorations x="12" y="-178" width="261" height="2087" fgColor="1" type="NOTE" text="This process fires the integration, retieves launch parameter data, initiates validation mode if applicable, determines the order in which the other sub-processes execute."/>
  <decorations x="282" y="315" width="1764" height="314" bgColor="16744448" fgColor="1" type="NOTE" text="This process converts the text file retrieved to XML via text schema, splits the detailed records, and stores employee data from the input file into properties."/>
  <decorations x="282" y="1821" width="1764" height="88" bgColor="255" fgColor="1" type="NOTE" text="This process is a global error handler for errors that are not captured within a sub-process."/>
  <decorations x="282" y="637" width="1764" height="223" bgColor="4194432" fgColor="1" type="NOTE" text="This process determines the pay group for each worker by writing a Get_Workers SOAP request, and storing pay group information."/>
  <decorations x="282" y="1105" width="1764" height="250" bgColor="32768" fgColor="1" type="NOTE" text="This process checks the pay group, writes a SOAP request with data gathered through XSLT, stores XSLT data, sets Validation Mode, and creates the manual payment in Workday through a Put_Payroll_Off-cycle_Payment SOAP request."/>
  <decorations x="282" y="1362" width="1764" height="263" bgColor="8421440" fgColor="1" type="NOTE" text="This process logs the successes and errors, and stores employeee data and error messages if applicable."/>
  <decorations x="282" y="1632" width="1764" height="178" bgColor="33023" fgColor="1" type="NOTE" text="This process creates the detailed log, converts to an .xls Excel file, and puts the file in an integration message."/>
  <decorations x="282" y="870" width="1764" height="224" bgColor="16711680" fgColor="1" type="NOTE" text="This process generates the priority for the payment for each worker by writing a Get_Payroll_Off-cycle_Payments SOAP request, and storing the priority."/>
  <decorations x="282" y="-178" width="1764" height="485" bgColor="4227072" fgColor="1" type="NOTE" text="This process retrieves and stores the file"/>
  <decorations x="12" y="1919" width="2034" height="326" bgColor="12615680" fgColor="1" type="NOTE" text="Text"/>
  <connections type="routesTo">
    <source href="assembly.xml#ProcessInputFile"/>
    <target href="assembly.xml#SchemaToXML"/>
  </connections>
  <connections type="routesResponseTo">
    <source href="assembly.xml#PutIntegrationMessage"/>
    <target href="assembly.xml#PutIntegrationEvent"/>
  </connections>
  <connections type="routesTo">
    <source href="assembly.xml#//@beans/@mixed.1/@mixed.29"/>
    <target href="assembly.xml#PutIntegrationMessage"/>
  </connections>
  <connections type="routesTo">
    <source href="assembly.xml#//@beans/@mixed.1/@mixed.43/@mixed.3"/>
    <target href="assembly.xml#LogErrorMessage10"/>
  </connections>
  <connections type="routesTo">
    <source href="assembly.xml#HandleMessages"/>
    <target href="assembly.xml#SuccessLog"/>
  </connections>
  <connections type="routesResponseTo">
    <source href="assembly.xml#CallWriteLog"/>
    <target href="assembly.xml#IntegrationEventComplete"/>
  </connections>
  <connections type="routesTo">
    <source href="assembly.xml#WriteLog"/>
    <target href="assembly.xml#TransformDetailedLogData"/>
  </connections>
  <connections type="routesTo">
    <source href="assembly.xml#TransformDetailedLogData"/>
    <target href="assembly.xml#StoreDetailedLogData"/>
  </connections>
  <connections type="routesTo">
    <source href="assembly.xml#BuildOffCyclePmtRequest"/>
    <target href="assembly.xml#SetValidationMode"/>
  </connections>
  <connections type="routesTo">
    <source href="assembly.xml#//@beans/@mixed.1/@mixed.63/@mixed.5"/>
    <target href="assembly.xml#LogErrorMessage1"/>
  </connections>
  <connections type="routesTo">
    <source href="assembly.xml#SetValidationMode"/>
    <target href="assembly.xml#CallOffCyclePaymentRequest"/>
  </connections>
  <connections type="routesTo">
    <source href="assembly.xml#//@beans/@mixed.1/@mixed.65/@mixed.3"/>
    <target href="assembly.xml#LogErrorMessage1"/>
  </connections>
  <connections type="routesTo">
    <source href="assembly.xml#//@beans/@mixed.1/@mixed.75/@mixed.3"/>
    <target href="assembly.xml#ErrorEmplData"/>
  </connections>
  <connections type="routesTo">
    <source href="assembly.xml#//@beans/@mixed.1/@route.0/@subRoute.0"/>
    <target href="assembly.xml#Splitter"/>
  </connections>
  <connections type="routesTo">
    <source href="assembly.xml#//@beans/@mixed.1/@route.0/@subRoute.1"/>
    <target href="assembly.xml#WarningFileIsEmpty"/>
  </connections>
  <connections type="routesTo">
    <source href="assembly.xml#SchemaToXML"/>
    <target href="assembly.xml#Route"/>
  </connections>
  <connections type="routesTo">
    <source href="assembly.xml#//@beans/@mixed.1/@mixed.23/@mixed.3"/>
    <target href="assembly.xml#ErrorRequestData"/>
  </connections>
  <connections type="routesTo">
    <source href="assembly.xml#StartHere"/>
    <target href="assembly.xml#InitializeParameters"/>
  </connections>
  <connections type="routesTo">
    <source href="assembly.xml#//@beans/@mixed.1/@mixed.7/@mixed.3"/>
    <target href="assembly.xml#Error_Schema"/>
  </connections>
  <connections type="routesTo">
    <source href="assembly.xml#GetPayGroup"/>
    <target href="assembly.xml#RequestErrorHandler"/>
  </connections>
  <connections type="routesResponseTo">
    <source href="assembly.xml#CallOffCyclePaymentRequest"/>
    <target href="assembly.xml#LogSuccess"/>
  </connections>
  <connections type="routesResponseTo">
    <source href="assembly.xml#LogSuccess"/>
    <target href="assembly.xml#LogSkipPG"/>
  </connections>
  <connections type="routesTo">
    <source href="assembly.xml#WriteDetailedLog"/>
    <target href="assembly.xml#HandleMessages"/>
  </connections>
  <connections type="routesTo">
    <source href="assembly.xml#WriteErrorLog"/>
    <target href="assembly.xml#HandleErrors"/>
  </connections>
  <connections type="routesTo">
    <source href="assembly.xml#HandleErrors"/>
    <target href="assembly.xml#WriteError"/>
  </connections>
  <connections type="routesResponseTo">
    <source href="assembly.xml#LogSkipPG"/>
    <target href="assembly.xml#LogInvalidID"/>
  </connections>
  <connections type="routesTo">
    <source href="assembly.xml#WriteGetPriority"/>
    <target href="assembly.xml#CallGetPriority"/>
  </connections>
  <connections type="routesResponseTo">
    <source href="assembly.xml#CallGetPriority"/>
    <target href="assembly.xml#StorePriority"/>
  </connections>
  <connections type="routesTo">
    <source href="assembly.xml#//@beans/@mixed.1/@mixed.17/@mixed.3"/>
    <target href="assembly.xml#ErrorPriority"/>
    <bendpoints sourceX="2" sourceY="38" targetX="-695" targetY="88"/>
    <bendpoints sourceX="698" sourceY="39" targetX="1" targetY="89"/>
  </connections>
  <connections type="routesTo">
    <source href="assembly.xml#StorePriority"/>
    <target href="assembly.xml#ErrorPriority"/>
  </connections>
  <connections type="routesTo">
    <source href="assembly.xml#//@beans/@mixed.1/@mixed.87/@mixed.3"/>
    <target href="assembly.xml#ErrorStorePriority"/>
  </connections>
  <connections type="routesTo">
    <source href="assembly.xml#RequestErrorHandler"/>
    <target href="assembly.xml#CallPayGroupRequest"/>
  </connections>
  <connections type="routesResponseTo">
    <source href="assembly.xml#CallPayGroupRequest"/>
    <target href="assembly.xml#SetPayGroupfromRequest"/>
  </connections>
  <connections type="routesTo" sourceAnchorX="0.9788732394366197" sourceAnchorY="0.352">
    <source href="assembly.xml#EmployeeData"/>
    <target href="assembly.xml#CallGetPayGroup"/>
  </connections>
  <connections type="routesTo" sourceAnchorX="0.9090909090909091" sourceAnchorY="0.36">
    <source href="assembly.xml#SetPayGroupfromRequest"/>
    <target href="assembly.xml#CallProcessWorker"/>
  </connections>
  <connections type="routesResponseTo">
    <source href="assembly.xml#CallProcessInputFile"/>
    <target href="assembly.xml#CallWriteLog"/>
  </connections>
  <connections type="routesTo">
    <source href="assembly.xml#ProcessWorker"/>
    <target href="assembly.xml#WriteGetPriority"/>
  </connections>
  <connections type="routesTo">
    <source href="assembly.xml#ErrorPriority"/>
    <target href="assembly.xml#CallOnDemandPayment"/>
  </connections>
  <connections type="routesTo">
    <source href="assembly.xml#OnDemandPayment"/>
    <target href="assembly.xml#BuildOffCyclePmtRequest"/>
  </connections>
  <connections type="routesTo">
    <source href="assembly.xml#InitializeParameters"/>
    <target href="assembly.xml#WriteValModeOn"/>
  </connections>
  <connections type="routesResponseTo">
    <source href="assembly.xml#WriteValModeOn"/>
    <target href="assembly.xml#CallRetrieval"/>
  </connections>
  <connections type="routesResponseTo">
    <source href="assembly.xml#CallRetrieval"/>
    <target href="assembly.xml#CallProcessInputFile"/>
  </connections>
  <connections type="routesTo">
    <source href="assembly.xml#SubRetrieveInput"/>
    <target href="assembly.xml#RetrieveDoc"/>
  </connections>
  <connections type="routesTo">
    <source href="assembly.xml#RetrieveDoc"/>
    <target href="assembly.xml#CheckFile"/>
  </connections>
  <connections type="routesTo">
    <source href="assembly.xml#//@beans/@mixed.1/@route.1/@subRoute.0"/>
    <target href="assembly.xml#AsyncMediation"/>
  </connections>
  <connections type="routesTo">
    <source href="assembly.xml#//@beans/@mixed.1/@route.1/@subRoute.1"/>
    <target href="assembly.xml#ProcessContinuation"/>
  </connections>
  <connections type="routesTo">
    <source href="assembly.xml#//@beans/@mixed.1/@route.1/@subRoute.2"/>
    <target href="assembly.xml#MessageNoStoredDocument"/>
  </connections>
  <connections type="routesTo">
    <source href="assembly.xml#//@beans/@mixed.1/@route.1/@subRoute.3"/>
    <target href="assembly.xml#MessageNoFile"/>
  </connections>
  <connections type="routesTo">
    <source href="assembly.xml#//@beans/@mixed.1/@splitter.0/@subRoute.0"/>
    <target href="assembly.xml#Decide"/>
  </connections>
  <connections type="routesTo">
    <source href="assembly.xml#//@beans/@mixed.1/@route.2/@subRoute.0"/>
    <target href="assembly.xml#Counter"/>
  </connections>
  <connections type="routesTo">
    <source href="assembly.xml#AsyncMediation0"/>
    <target href="assembly.xml#Route0"/>
  </connections>
  <connections type="routesTo">
    <source href="assembly.xml#AsyncMediation1"/>
    <target href="assembly.xml#WorkdayOutSoap"/>
  </connections>
  <connections type="routesTo">
    <source href="assembly.xml#//@beans/@mixed.1/@route.3/@subRoute.0"/>
    <target href="assembly.xml#AsyncMediation1"/>
  </connections>
  <connections type="routesTo">
    <source href="assembly.xml#//@beans/@mixed.1/@route.3/@subRoute.1"/>
    <target href="assembly.xml#DoNotLaunchIntegrationMessage"/>
  </connections>
  <connections type="routesTo">
    <source href="assembly.xml#//@beans/@mixed.1/@route.2/@subRoute.1"/>
    <target href="assembly.xml#CallLaunchIntegration"/>
  </connections>
  <connections type="routesTo">
    <source href="assembly.xml#LaunchIntegration"/>
    <target href="assembly.xml#AsyncMediation0"/>
  </connections>
  <connections type="routesTo">
    <source href="assembly.xml#Counter"/>
    <target href="assembly.xml#WorkerProcessCheck"/>
  </connections>
  <connections type="routesTo">
    <source href="assembly.xml#//@beans/@mixed.1/@route.4/@subRoute.0"/>
    <target href="assembly.xml#EmployeeData"/>
  </connections>
  <connections type="routesTo">
    <source href="assembly.xml#//@beans/@mixed.1/@route.4/@subRoute.1"/>
    <target href="assembly.xml#ProcessedWorkerLog"/>
  </connections>
  <connections type="routesResponseTo">
    <source href="assembly.xml#WorkdayOutSoap"/>
    <target href="assembly.xml#LaunchIntegrationMessage"/>
  </connections>
</wdnm:Diagram>
