<?xml version="1.0" encoding="UTF-8"?>
<beans
     xmlns="http://www.springframework.org/schema/beans"
     xmlns:beans="http://www.springframework.org/schema/beans"
     xmlns:atom="http://www.w3.org/2005/Atom"
     xmlns:cc="http://www.capeclear.com/assembly/10"
     xmlns:cloud="urn:com.workday/esb/cloud/10.0"
     xmlns:env="http://schemas.xmlsoap.org/soap/envelope/"
     xmlns:pi="urn:com.workday/picof"
     xmlns:wd="urn:com.workday/bsvc"
     xmlns:xsi="http://www.w3.org/2001/XMLSchema-instance">
 
	<cc:assembly id="WorkdayAssembly" version="2020.36">
        <cc:local-out id="PutIntegrationMessage" endpoint="vm://wcc/PutIntegrationMessage">
            <cc:set name="is.message.severity" value="'INFO'"/>
            <cc:set name="is.message.summary" value="'Successful Supplier Accrual Syncs:' + props['pSuccessfulInvoices'].size() + ' Errors:' + props['pErroredInvoices'].size() + '  [see server log for detail] '"/>
        </cc:local-out>
        <cc:async-mediation id="AM-LogRunStatus" routes-to="PutIntegrationMessage">
            <cc:steps>
                <cc:log id="Log">
                    <cc:log-message>
                        <cc:line-separator/>
                        <cc:text>================================================================================&#xD;
RUN COMPLETE&#xD;
SUCCESSFUL ACCRUAL SYNCS:  @{props['pSuccessfulInvoices'].size()}&#xD;
FAILED ACCRUAL SYNCS: @{props['pErroredInvoices'].size()}&#xD;
================================================================================</cc:text>
                        <cc:line-separator/>
                    </cc:log-message>
                </cc:log>
            </cc:steps>
        </cc:async-mediation>
        <cc:local-out id="SupplierAccrualSync-ProcessAllCompanies0" store-message="none" routes-response-to="AM-LogRunStatus" endpoint="vm://VTX-BatchSupplierAccrualSync/SupplierAccrualSync-ProcessAllCompanies"/>
        <cc:async-mediation id="AM-Get_Attr_and_LPs" routes-to="SupplierAccrualSync-ProcessAllCompanies0">
            <cc:steps>
                <cc:eval id="Eval">
                    <cc:expression>props['pTrustedId'] = intsys.getAttribute('TrustedId') </cc:expression>
                    <cc:expression>props['pVertexWSTaxCalcURL'] = intsys.getAttribute('VertexWSTaxCalcURL')</cc:expression>
                    <cc:expression>props['pDebugFlag'] = intsys.getAttributeAsBoolean('DebugFlag')</cc:expression>
                    <cc:expression>props['pWWSVersion'] = intsys.getAttribute('WWSVersion') </cc:expression>
                    <cc:expression>props['pCompanyWIDsLP'] = lp.getReferenceDataList('VertexCompanies', 'WID')</cc:expression>
                    <cc:expression>props['pFromDateLP'] = lp.getSimpleData('InvoiceAccountingDateFrom')</cc:expression>
                    <cc:expression>props['pToDateLP'] = lp.getSimpleData('InvoiceAccountingDateTo')</cc:expression>
                    <cc:expression>props['pReportName'] = intsys.reportService.getEndpoint('VtxBatchSupplierAccrualSync')</cc:expression>
                    <cc:expression>props['pCompanyRefIDsLP'] = lp.getReferenceDataList('VertexCompanies', 'Company_Reference_ID')</cc:expression>
                    <cc:expression>props['pErroredInvoices'] = new java.util.ArrayList()</cc:expression>
                    <cc:expression>props['pSuccessfulInvoices'] = new java.util.ArrayList()</cc:expression>
                </cc:eval>
                <cc:log id="Log">
                    <cc:log-message>
                        <cc:line-separator/>
                        <cc:text>==============LOG ALL RUN PARMS===================&#xD;
TrustedId: @{props['pTrustedId']}  &#xD;
VertexWSTaxCalcURL: @{props['pVertexWSTaxCalcURL']}&#xD;
pDebugFlag: @{props['pDebugFlag']}&#xD;
pWWSVersion: @{props['pWWSVersion']}&#xD;
pFromDateLP: @{props['pFromDateLP']}&#xD;
pToDateLP: @{props['pToDateLP']}&#xD;
pCompanyWIDsLP: @{props['pCompanyWIDsLP']}&#xD;
pReportName: @{props['pReportName']}</cc:text>
                        <cc:line-separator/>
                    </cc:log-message>
                </cc:log>
            </cc:steps>
        </cc:async-mediation>
        <cc:local-out id="SupplierAccrualSync-ProcessOneCompany0" endpoint="vm://VTX-BatchSupplierAccrualSync/SupplierAccrualSync-ProcessOneCompany"/>
        <cc:async-mediation id="AM-LogRptOutp" routes-to="SupplierAccrualSync-ProcessOneCompany0" execute-steps-when="props['pDebugFlag'] == true">
            <cc:steps>
                <cc:log id="Log">
                    <cc:log-message>
                        <cc:line-separator/>
                        <cc:text>---------------------------------------------------------&#xD;
company: @{props['pThisCompanyRefID']}&#xD;
Num Of Accrual Syncs: @{props['pCompanyInvoiceCount']}</cc:text>
                        <cc:line-separator/>
                    </cc:log-message>
                </cc:log>
            </cc:steps>
        </cc:async-mediation>
        <cc:async-mediation id="AM-LogReportOutput" routes-to="AM-LogRptOutp">
            <cc:steps>
                <cc:eval id="Eval">
                    <cc:expression>props['pCompanyInvoiceCount'] = parts[0].xpath('count(/wd:Report_Data/wd:Report_Entry)')</cc:expression>
                </cc:eval>
            </cc:steps>
        </cc:async-mediation>
        <cc:workday-out-rest id="WD-Out-RunRAAS" routes-response-to="AM-LogReportOutput" extra-path="@{props['pThisCompanyReportFullPath']} "/>
        <cc:async-mediation id="AM-SetReportPath" routes-to="WD-Out-RunRAAS" handle-downstream-errors="true">
            <cc:steps>
                <cc:eval id="Eval">
                    <cc:expression>props['pThisCompanyReportFullPath'] = intsys.reportService.getExtrapath('VtxBatchSupplierAccrualSync') + &quot;?Company!WID=&quot; + props['pCompanyWIDsLP'].get(props['loop.counter']) + &quot;&amp;InvoiceAccountingDateFrom=&quot; + props['pFromDateLP'] + &quot;&amp;InvoiceAccountingDateTo=&quot; + props['pToDateLP']</cc:expression>
                    <cc:expression>props['pThisCompanyRefID'] = props['pCompanyRefIDsLP'].get(props['loop.counter'])</cc:expression>
                </cc:eval>
                <cc:log id="Log">
                    <cc:log-message>
                        <cc:line-separator/>
                        <cc:text>---------------------------------------------------------&#xD;
pThisCompanyReportFullPath: &#xD;
@{props['pThisCompanyReportFullPath']}</cc:text>
                        <cc:line-separator/>
                    </cc:log-message>
                </cc:log>
            </cc:steps>
            <cc:send-error id="SendRaaSError" routes-to="PutRaaSError"/>
        </cc:async-mediation>
        <cc:route id="ROUTE-SplitCompanies">
            <cc:loop-strategy condition="props['loop.counter'] &lt; props['pCompanyWIDsLP'].size()" increment="props['loop.counter'] = props['loop.counter'] + 1" init="props['loop.counter'] = 0"/>
            <cc:sub-route name="SubRoute" routes-to="AM-SetReportPath"/>
        </cc:route>
        <cc:local-in id="SupplierAccrualSync-ProcessAllCompanies" routes-to="ROUTE-SplitCompanies"/>
        <cc:local-out id="SupplierAccrualSync-ProcessOneInvoice0" store-message="none" endpoint="vm://VTX-BatchSupplierAccrualSync/SupplierAccrualSync-ProcessOneInvoice"/>
        <cc:async-mediation id="AM-LogRevReq" routes-to="SupplierAccrualSync-ProcessOneInvoice0" execute-steps-when="props['pDebugFlag'] == true">
            <cc:steps>
                <cc:log id="Log">
                    <cc:log-message>
                        <cc:line-separator/>
                        <cc:text>pThisInvoiceWID: @{props['pThisInvoiceWID']}&#xD;
pThisInvoiceOrigVertexTransactionID: @{props['pThisInvoiceOrigVertexTransactionID']}  &#xD;
pThisInvoiceIsAdjustment: @{props['pThisInvoiceIsAdjustment']}   </cc:text>
                        <cc:line-separator/>
                    </cc:log-message>
                </cc:log>
            </cc:steps>
        </cc:async-mediation>
        <cc:async-mediation id="AsyncMediation" routes-to="AM-LogRevReq">
            <cc:steps>
                <cc:eval id="Eval">
                    <cc:expression>props['pThisInvoiceWID']=parts[0].xpath('/*:Report_Entry/*:VtxSupplierInvoiceWID') </cc:expression>
                    <cc:expression>props['pThisInvoiceNumber']=parts[0].xpath('/*:Report_Entry/*:VtxInvoiceNumber') </cc:expression>
                    <cc:expression>props['pThisInvoiceIsAdjustment']=parts[0].xpath('/*:Report_Entry/*:VtxIsAdjustment') </cc:expression>
                    <cc:expression>props['pThisInvoiceOrigVertexTransactionID'] = parts[0].xpath('/*:Report_Entry/*:Supplier_Invoice_Document_as_Supplier_Invoice_group/*:VtxTransactionID') </cc:expression>
                    <cc:expression>props['pThisAccountingDate']=parts[0].xpath('/*:Report_Entry/*:VtxAccountingDate')</cc:expression>
                    <cc:expression>props['pThisDocumentDate']=parts[0].xpath('/*:Report_Entry/*:VtxInvoiceDate') </cc:expression>
                    <cc:expression>props['pThisInvoiceLedgerAccount']=parts[0].xpath('/*:Report_Entry/*:VtxLedgerAccount') </cc:expression>
                    <cc:expression>if(props['pThisInvoiceIsAdjustment'] == 1) &#xD;
{props['pThisAccountingDate']=parts[0].xpath('/*:Report_Entry/*:Supplier_Invoice_Document_as_Supplier_Invoice_Adjustment_group/*:VtxAdjAccountingDate');&#xD;
}</cc:expression>
                    <cc:expression>if(props['pThisInvoiceIsAdjustment'] == 1) {&#xD;
props['pThisInvoiceOrigVertexTransactionID'] = parts[0].xpath('/*:Report_Entry/*:Supplier_Invoice_Document_as_Supplier_Invoice_Adjustment_group/*:VtxAdjTransactionID') ;&#xD;
}</cc:expression>
                </cc:eval>
                <cc:xslt-plus id="XsltAccountingSync" url="XSLT/SupplierAccrualSync.xsl"/>
                <cc:wrap-soap id="WrapSoap"/>
            </cc:steps>
            <cc:send-error id="SendError" routes-to="CallSubRoutine"/>
        </cc:async-mediation>
        <cc:async-mediation id="AM-LogReportEntry" routes-to="AsyncMediation">
            <cc:steps>
                <cc:log id="Log">
                    <cc:log-message>
                        <cc:line-separator/>
                        <cc:text>---------------------------------------------------------&#xD;
THIS INVOICE RAAS OUTPUT: </cc:text>
                        <cc:line-separator/>
                        <cc:message-content/>
                        <cc:line-separator/>
                    </cc:log-message>
                </cc:log>
            </cc:steps>
        </cc:async-mediation>
        <cc:splitter id="Splitter">
            <cc:sub-route name="SubRoute" routes-to="AM-LogReportEntry"/>
            <cc:xml-stream-splitter xpath="/wd:Report_Data/wd:Report_Entry"/>
        </cc:splitter>
        <cc:local-in id="SupplierAccrualSync-ProcessOneCompany" routes-to="AsyncMediation2"/>
        <cc:local-out id="Note-Error" endpoint="vm://wcc/PutIntegrationMessage">
            <cc:set name="is.message.severity" value="'CRITICAL'"/>
            <cc:set name="is.message.summary" value="context.errorMessage"/>
        </cc:local-out>
        <cc:send-error id="global-error-handler" rethrow-error="false" routes-to="Note-Error"/>
        <cc:async-mediation id="AsyncMediation0">
            <cc:steps>
                <cc:eval id="Eval">
                    <cc:expression>props['pSuccessfulInvoices'].add((String)props['pThisInvoiceNumber'])</cc:expression>
                </cc:eval>
            </cc:steps>
        </cc:async-mediation>
        <cc:async-mediation id="AM-LogRESTrsp" routes-to="AsyncMediation0" execute-steps-when="props['pDebugFlag'] == true">
            <cc:steps>
                <cc:log id="Log">
                    <cc:log-message>
                        <cc:message-content/>
                    </cc:log-message>
                </cc:log>
            </cc:steps>
        </cc:async-mediation>
        <cc:workday-out-rest id="REST-UpdateCustomObj" execute-when="props['pThisInvoiceIsAdjustment']==0   " routes-response-to="AM-LogRESTrsp" extra-path="@{intsys.customObjectService.getExtrapath('VtxSuppInvCustObj')}?updateIfExists=true" method="POST"/>
        <cc:workday-out-rest id="REST-UpdateAdjCustomObj" execute-when="props['pThisInvoiceIsAdjustment']==1  " routes-response-to="REST-UpdateCustomObj" extra-path="@{intsys.customObjectService.getExtrapath('VtxSuppInvAdjCustObj')}?updateIfExists=true" method="POST"/>
        <cc:async-mediation id="AM-WriteInvVtxResponse" routes-to="REST-UpdateAdjCustomObj" execute-steps-when="props['pThisInvoiceIsAdjustment']==0">
            <cc:steps>
                <cc:write id="Write">
                    <cc:message>
                        <cc:text>{&#xD;
&quot;supplierInvoice&quot; : {&quot;id&quot; : &quot;@{props['pThisInvoiceWID']}&quot;},&#xD;
&quot;VertexCallType&quot; : &quot;POST&quot;,&#xD;
&quot;VertexCallStatus&quot; : &quot;POST&quot;,&#xD;
&quot;VertexTransactionId&quot; : &quot;@{props['pThisInvoiceOrigVertexTransactionID']}&quot;,&#xD;
&quot;VertexPostedFlag&quot; : true,&#xD;
&quot;vertexaccrualsyncpostedflag&quot; : true &#xD;
}</cc:text>
                    </cc:message>
                </cc:write>
                <cc:log execute-when="props['pDebugFlag'] == true" id="Log">
                    <cc:log-message>
                        <cc:line-separator/>
                        <cc:text>props['pThisInvoiceIsAdjustment']: @{props['pThisInvoiceIsAdjustment']}</cc:text>
                        <cc:line-separator/>
                        <cc:message-content/>
                        <cc:line-separator/>
                    </cc:log-message>
                </cc:log>
            </cc:steps>
            <cc:send-error id="SendRestError" routes-to="PutRestError0"/>
        </cc:async-mediation>
        <cc:async-mediation id="AM-WriteInvAdjVtxResponse" routes-to="AM-WriteInvVtxResponse" execute-steps-when="props['pThisInvoiceIsAdjustment']==1">
            <cc:steps>
                <cc:write id="Write">
                    <cc:message>
                        <cc:text>{&#xD;
&quot;supplierInvoiceAdjustment&quot; : {&quot;id&quot; : &quot;@{props['pThisInvoiceWID']}&quot;},&#xD;
&quot;vertexcalltype&quot; : &quot;POST&quot;,&#xD;
&quot;vertexcallstatus&quot; : &quot;POST&quot;,&#xD;
&quot;vertextransactionid&quot; : &quot;@{props['pThisInvoiceOrigVertexTransactionID']}&quot;,&#xD;
&quot;vertexpostedflg&quot; : true,&#xD;
&quot;vertexaccrualsyncpostedflag&quot; : true &#xD;
}</cc:text>
                    </cc:message>
                </cc:write>
                <cc:log execute-when="props['pDebugFlag'] == true" id="Log">
                    <cc:log-message>
                        <cc:line-separator/>
                        <cc:text>props['pThisInvoiceIsAdjustment']: @{props['pThisInvoiceIsAdjustment']}</cc:text>
                        <cc:line-separator/>
                        <cc:message-content/>
                        <cc:line-separator/>
                    </cc:log-message>
                </cc:log>
            </cc:steps>
            <cc:send-error id="SendRestError" routes-to="PutRestError"/>
        </cc:async-mediation>
        <cc:async-mediation id="AM-LogVertexRsp" routes-to="AM-WriteInvAdjVtxResponse" execute-steps-when="props['pDebugFlag'] == true">
            <cc:steps>
                <cc:log id="Log">
                    <cc:log-message>
                        <cc:line-separator/>
                        <cc:text>---------------------------------------------------------&#xD;
THIS INVOICE ACCRUAL SYNC RESPONSE: </cc:text>
                        <cc:line-separator/>
                        <cc:message-content/>
                        <cc:line-separator/>
                    </cc:log-message>
                </cc:log>
            </cc:steps>
        </cc:async-mediation>
        <cc:http-out id="CallVertexWS" routes-response-to="AM-LogVertexRsp" endpoint="@{props['pVertexWSTaxCalcURL']}" http-method="POST"/>
        <cc:async-mediation id="AsyncMediation1">
            <cc:steps>
                <cc:eval id="Eval">
                    <cc:expression>props['pErroredInvoices'].add((String)props['pThisInvoiceNumber'])</cc:expression>
                    <cc:expression>props['pSoapFaultMessage'] = context.message.soapFaultMessage</cc:expression>
                </cc:eval>
                <cc:log id="Log">
                    <cc:log-message>
                        <cc:line-separator/>
                        <cc:text>===========================================================&#xD;
ERROR CAUGHT - @{props['pSoapFaultMessage']}&#xD;
</cc:text>
                        <cc:line-separator/>
                    </cc:log-message>
                </cc:log>
            </cc:steps>
        </cc:async-mediation>
        <cc:async-mediation id="CatchError" routes-to="CallVertexWS" continue-after-error="rewind" handle-downstream-errors="true">
            <cc:steps>
                <cc:log id="Log">
                    <cc:log-message>
                        <cc:text>-</cc:text>
                    </cc:log-message>
                </cc:log>
            </cc:steps>
            <cc:send-error id="SendError" rethrow-error="false" routes-to="AsyncMediation1"/>
        </cc:async-mediation>
        <cc:async-mediation id="AM-LogVertexReq" routes-to="CatchError" execute-steps-when="props['pDebugFlag'] == true">
            <cc:steps>
                <cc:log id="Log">
                    <cc:log-message>
                        <cc:line-separator/>
                        <cc:text>---------------------------------------------------------&#xD;
THIS INVOICE ACCRUAL SYNC REQUEST: &#xD;
&#xD;
pThisInvoiceWID: @{props['pThisInvoiceWID']}&#xD;
pThisInvoiceOrigVertexTransactionID: @{props['pThisInvoiceOrigVertexTransactionID']}  &#xD;
pThisInvoiceIsAdjustment: @{props['pThisInvoiceIsAdjustment']}</cc:text>
                        <cc:line-separator/>
                        <cc:message-content/>
                        <cc:line-separator/>
                    </cc:log-message>
                </cc:log>
            </cc:steps>
        </cc:async-mediation>
        <cc:local-in id="SupplierAccrualSync-ProcessOneInvoice" routes-to="AM-LogVertexReq"/>
        <cc:local-out id="PutRaaSError" endpoint="vm://wcc/PutIntegrationMessage"><cc:set name="is.message.severity" value="'ERROR'"/><cc:set name="is.message.summary" value="'An error occurred calling the Supplier Accrual Sync RaaS Report. Please see the message for more details.'"/><cc:set name="is.message.detail" value="context.errorMessage"/></cc:local-out>
        <cc:local-out id="PutRestError" endpoint="vm://wcc/PutIntegrationMessage">
            <cc:set name="is.message.severity" value="'ERROR'"/>
            <cc:set name="is.message.summary" value="'An error occurred updating the Supplier Invoice Adjustment custom object via REST. Please see the message for more details.'"/>
            <cc:set name="is.message.detail" value="context.errorMessage"/>
        </cc:local-out>
        <cc:local-out id="PutRestError0" endpoint="vm://wcc/PutIntegrationMessage">
            <cc:set name="is.message.severity" value="'ERROR'"/>
            <cc:set name="is.message.summary" value="'An error occurred updating the Supplier Invoice custom object via REST. Please see the message for more details.'"/>
            <cc:set name="is.message.detail" value="context.errorMessage"/>
        </cc:local-out>
        <cc:async-mediation id="AsyncMediation2" routes-to="Splitter" handle-downstream-errors="true">
            <cc:steps>
            </cc:steps>
            <cc:send-error id="SendError" routes-to="PIM"/>
        </cc:async-mediation>
        <cc:local-out id="PIM" store-message="none" endpoint="vm://wcc/PutIntegrationMessage">
            <cc:set name="is.message.severity" value="'ERROR'"/>
            <cc:set name="is.message.summary" value="'An error occurred splitting the workday report records. Please see the message for more details'"/>
            <cc:set name="is.message.detail" value="context.errorMessage"/>
        </cc:local-out>
        <cc:local-out id="CallSubRoutine" store-message="none" endpoint="vm://wcc/PutIntegrationMessage">
            <cc:set name="is.message.severity" value="'ERROR'"/>
            <cc:set name="is.message.summary" value="'Error making Supplier Accrual request to vertex. See the message for more details'"/>
            <cc:set name="is.message.detail" value="context.errorMessage"/>
        </cc:local-out>
        <cc:local-in id="Batch-Supplier-Accrual-Sync-IN" routes-to="AM-Get_Attr_and_LPs" access="public"/>
	</cc:assembly>

</beans>