<?xml version="1.0" encoding="UTF-8"?>
<wdnm:Diagram xmlns:wdnm="http://workday.com/studio/editors/notation">
  <element href="assembly.xml#WorkdayAssembly"/>
  <visualProperties x="343" y="106">
    <element href="assembly.xml#StartHere"/>
  </visualProperties>
  <visualProperties x="751" y="324">
    <element href="assembly.xml#//@beans/@mixed.1/@mixed.3"/>
  </visualProperties>
  <visualProperties x="1056" y="324">
    <element href="assembly.xml#Note-Error"/>
  </visualProperties>
  <visualProperties x="420" y="145">
    <element href="assembly.xml#GetJobReq"/>
  </visualProperties>
  <visualProperties x="813" y="181">
    <element href="assembly.xml#WriteRequest"/>
  </visualProperties>
  <visualProperties x="684" y="167">
    <element href="assembly.xml#GetReqOut"/>
  </visualProperties>
  <visualProperties x="816" y="187">
    <element href="assembly.xml#GetJobProfile"/>
  </visualProperties>
  <visualProperties x="268" y="186">
    <element href="assembly.xml#Init"/>
  </visualProperties>
  <visualProperties x="1007" y="234">
    <element href="assembly.xml#TerminateInt"/>
  </visualProperties>
  <visualProperties x="602" y="309">
    <element href="assembly.xml#GetError"/>
  </visualProperties>
  <visualProperties x="614" y="514">
    <element href="assembly.xml#GetRange"/>
  </visualProperties>
  <visualProperties x="807" y="534">
    <element href="assembly.xml#ReportError"/>
  </visualProperties>
  <visualProperties x="872" y="561">
    <element href="assembly.xml#RangeReport"/>
  </visualProperties>
  <visualProperties x="730" y="694">
    <element href="assembly.xml#SendReportError"/>
  </visualProperties>
  <visualProperties x="902" y="556">
    <element href="assembly.xml#SetRange"/>
  </visualProperties>
  <visualProperties x="494" y="840">
    <element href="assembly.xml#EditJobReq"/>
  </visualProperties>
  <visualProperties x="688" y="893">
    <element href="assembly.xml#EditAddData"/>
  </visualProperties>
  <visualProperties x="576" y="912">
    <element href="assembly.xml#WriteEditRequest"/>
  </visualProperties>
  <visualProperties x="1732" y="1345">
    <element href="assembly.xml#GetEditError"/>
  </visualProperties>
  <visualProperties x="1090" y="651">
    <element href="assembly.xml#RangeError"/>
  </visualProperties>
  <visualProperties x="103" y="280">
    <element href="assembly.xml#call-GetJobReq"/>
  </visualProperties>
  <visualProperties x="104" y="342">
    <element href="assembly.xml#call-GetRange"/>
  </visualProperties>
  <visualProperties x="141" y="412">
    <element href="assembly.xml#call-EditJobReq"/>
  </visualProperties>
  <visualProperties x="163" y="473">
    <element href="assembly.xml#CompleteMsg"/>
  </visualProperties>
  <visualProperties x="864" y="899">
    <element href="assembly.xml#Continue"/>
  </visualProperties>
  <visualProperties>
    <element href="assembly.xml#GetEvergreenReq"/>
  </visualProperties>
  <visualProperties>
    <element href="assembly.xml#WriteRequest0"/>
  </visualProperties>
  <visualProperties>
    <element href="assembly.xml#GetError0"/>
  </visualProperties>
  <visualProperties>
    <element href="assembly.xml#GetEvergreenReqOut"/>
  </visualProperties>
  <visualProperties>
    <element href="assembly.xml#GetJobProfile0"/>
  </visualProperties>
  <visualProperties>
    <element href="assembly.xml#TerminateInt0"/>
  </visualProperties>
  <visualProperties x="147" y="351">
    <element href="assembly.xml#call-GetEvergreenReq"/>
  </visualProperties>
  <visualProperties x="676" y="1359">
    <element href="assembly.xml#AsyncMediation"/>
  </visualProperties>
  <visualProperties x="675" y="1466">
    <element href="assembly.xml#Route"/>
  </visualProperties>
  <visualProperties x="359" y="1495">
    <element href="assembly.xml#SubmitError"/>
  </visualProperties>
  <visualProperties x="619" y="1362">
    <element href="assembly.xml#call-SubmitError"/>
  </visualProperties>
  <visualProperties x="1332" y="1580">
    <element href="assembly.xml#GetEditWarning"/>
  </visualProperties>
  <connections type="routesTo" sourceAnchorX="0.9669421487603306" sourceAnchorY="0.43243243243243246" targetAnchorX="0.06060606060606061" targetAnchorY="0.3783783783783784">
    <source href="assembly.xml#//@beans/@mixed.1/@mixed.3"/>
    <target href="assembly.xml#Note-Error"/>
  </connections>
  <connections type="routesTo" sourceAnchorX="1.0" sourceAnchorY="0.43243243243243246" targetAnchorX="0.42142857142857143" targetAnchorY="0.16304347826086957">
    <source href="assembly.xml#GetJobReq"/>
    <target href="assembly.xml#WriteRequest"/>
  </connections>
  <connections type="routesTo" sourceAnchorX="0.8467741935483871" sourceAnchorY="0.11904761904761904" targetAnchorX="0.031746031746031744" targetAnchorY="0.43243243243243246">
    <source href="assembly.xml#WriteRequest"/>
    <target href="assembly.xml#GetReqOut"/>
  </connections>
  <connections type="routesResponseTo" sourceAnchorX="1.0" sourceAnchorY="0.5945945945945946" targetAnchorX="0.039473684210526314" targetAnchorY="0.3253968253968254">
    <source href="assembly.xml#GetReqOut"/>
    <target href="assembly.xml#GetJobProfile"/>
  </connections>
  <connections type="routesTo" sourceAnchorX="0.5391304347826087" sourceAnchorY="1.0" targetAnchorX="0.5483870967741935" targetAnchorY="0.15217391304347827">
    <source href="assembly.xml#StartHere"/>
    <target href="assembly.xml#Init"/>
  </connections>
  <connections type="routesTo" sourceAnchorX="0.46206896551724136" sourceAnchorY="1.0" targetAnchorX="0.44" targetAnchorY="0.5135135135135135">
    <source href="assembly.xml#//@beans/@mixed.1/@mixed.13/@mixed.3"/>
    <target href="assembly.xml#TerminateInt"/>
  </connections>
  <connections type="routesTo" sourceAnchorX="0.5299145299145299" sourceAnchorY="1.0" targetAnchorX="0.47706422018348627" targetAnchorY="0.43243243243243246">
    <source href="assembly.xml#//@beans/@mixed.1/@mixed.9/@mixed.3"/>
    <target href="assembly.xml#GetError"/>
  </connections>
  <connections type="routesTo" sourceAnchorX="1.0" sourceAnchorY="0.7567567567567568" targetAnchorX="0.6460176991150443" targetAnchorY="0.2826086956521739">
    <source href="assembly.xml#GetRange"/>
    <target href="assembly.xml#ReportError"/>
  </connections>
  <connections type="routesTo" sourceAnchorX="1.0" sourceAnchorY="0.2391304347826087" targetAnchorX="0.0661764705882353" targetAnchorY="0.6216216216216216">
    <source href="assembly.xml#ReportError"/>
    <target href="assembly.xml#RangeReport"/>
  </connections>
  <connections type="routesTo" sourceAnchorX="0.5660377358490566" sourceAnchorY="1.0" targetAnchorX="0.5253164556962026" targetAnchorY="0.2702702702702703">
    <source href="assembly.xml#//@beans/@mixed.1/@mixed.23/@mixed.3"/>
    <target href="assembly.xml#SendReportError"/>
  </connections>
  <connections type="routesTo" sourceAnchorX="1.0" sourceAnchorY="0.2926829268292683" targetAnchorX="0.22388059701492538" targetAnchorY="0.2702702702702703">
    <source href="assembly.xml#WriteEditRequest"/>
    <target href="assembly.xml#EditAddData"/>
  </connections>
  <connections type="routesTo" sourceAnchorX="1.0" sourceAnchorY="0.7297297297297297" targetAnchorX="0.10714285714285714" targetAnchorY="0.22764227642276422">
    <source href="assembly.xml#EditJobReq"/>
    <target href="assembly.xml#WriteEditRequest"/>
  </connections>
  <connections type="routesResponseTo" sourceAnchorX="0.7205882352941176" sourceAnchorY="0.4594594594594595" targetAnchorX="0.030303030303030304" targetAnchorY="0.43478260869565216">
    <source href="assembly.xml#RangeReport"/>
    <target href="assembly.xml#SetRange"/>
  </connections>
  <connections type="routesTo" sourceAnchorX="0.41379310344827586" sourceAnchorY="1.0" targetAnchorX="0.43" targetAnchorY="0.2972972972972973">
    <source href="assembly.xml#//@beans/@mixed.1/@mixed.29/@mixed.3"/>
    <target href="assembly.xml#RangeError"/>
  </connections>
  <connections type="routesResponseTo" sourceAnchorX="0.5337837837837838" sourceAnchorY="1.0" targetAnchorX="0.3617021276595745" targetAnchorY="0.918918918918919">
    <source href="assembly.xml#call-GetJobReq"/>
    <target href="assembly.xml#call-GetEvergreenReq"/>
  </connections>
  <connections type="routesResponseTo" sourceAnchorX="0.5492957746478874" sourceAnchorY="1.0" targetAnchorX="0.40939597315436244" targetAnchorY="0.4864864864864865">
    <source href="assembly.xml#call-GetRange"/>
    <target href="assembly.xml#call-EditJobReq"/>
  </connections>
  <connections type="routesTo" sourceAnchorX="1.0" sourceAnchorY="0.24210526315789474" targetAnchorX="0.34459459459459457" targetAnchorY="0.5135135135135135">
    <source href="assembly.xml#Init"/>
    <target href="assembly.xml#call-GetJobReq"/>
  </connections>
  <connections type="routesResponseTo" sourceAnchorX="0.4429530201342282" sourceAnchorY="1.0" targetAnchorX="0.38461538461538464" targetAnchorY="0.35135135135135137">
    <source href="assembly.xml#call-EditJobReq"/>
    <target href="assembly.xml#CompleteMsg"/>
  </connections>
  <connections type="routesResponseTo" sourceAnchorX="0.8880597014925373" sourceAnchorY="0.6486486486486487" targetAnchorX="0.35714285714285715" targetAnchorY="0.31521739130434784">
    <source href="assembly.xml#EditAddData"/>
    <target href="assembly.xml#Continue"/>
  </connections>
  <connections type="routesTo" sourceAnchorX="1.0" sourceAnchorY="0.43243243243243246" targetAnchorX="0.42142857142857143" targetAnchorY="0.16304347826086957">
    <source href="assembly.xml#GetEvergreenReq"/>
    <target href="assembly.xml#WriteRequest0"/>
  </connections>
  <connections type="routesTo" sourceAnchorX="0.8467741935483871" sourceAnchorY="0.11904761904761904" targetAnchorX="0.031746031746031744" targetAnchorY="0.43243243243243246">
    <source href="assembly.xml#WriteRequest0"/>
    <target href="assembly.xml#GetEvergreenReqOut"/>
  </connections>
  <connections type="routesTo" sourceAnchorX="0.5299145299145299" sourceAnchorY="1.0" targetAnchorX="0.47706422018348627" targetAnchorY="0.43243243243243246">
    <source href="assembly.xml#//@beans/@mixed.1/@mixed.59/@mixed.3"/>
    <target href="assembly.xml#GetError0"/>
  </connections>
  <connections type="routesResponseTo" sourceAnchorX="1.0" sourceAnchorY="0.5945945945945946" targetAnchorX="0.039473684210526314" targetAnchorY="0.3253968253968254">
    <source href="assembly.xml#GetEvergreenReqOut"/>
    <target href="assembly.xml#GetJobProfile0"/>
  </connections>
  <connections type="routesTo" sourceAnchorX="0.46206896551724136" sourceAnchorY="1.0" targetAnchorX="0.44" targetAnchorY="0.5135135135135135">
    <source href="assembly.xml#//@beans/@mixed.1/@mixed.53/@mixed.3"/>
    <target href="assembly.xml#TerminateInt0"/>
  </connections>
  <connections type="routesResponseTo" sourceAnchorX="0.44148936170212766" sourceAnchorY="1.0" targetAnchorY="0.2972972972972973">
    <source href="assembly.xml#call-GetEvergreenReq"/>
    <target href="assembly.xml#call-GetRange"/>
  </connections>
  <connections type="routesTo" sourceAnchorX="1.0" sourceAnchorY="0.5945945945945946" targetAnchorX="0.22142857142857142" targetAnchorY="0.4421052631578947">
    <source href="assembly.xml#SubmitError"/>
    <target href="assembly.xml#AsyncMediation"/>
  </connections>
  <connections type="routesTo" sourceAnchorY="1.0" targetAnchorX="0.45161290322580644" targetAnchorY="0.7297297297297297">
    <source href="assembly.xml#//@beans/@mixed.1/@mixed.35/@mixed.3"/>
    <target href="assembly.xml#call-SubmitError"/>
  </connections>
  <connections type="routesTo" sourceAnchorX="1.0" sourceAnchorY="0.18947368421052632" targetAnchorX="0.5233644859813084" targetAnchorY="0.1">
    <source href="assembly.xml#AsyncMediation"/>
    <target href="assembly.xml#Route"/>
  </connections>
  <connections type="routesTo" sourceAnchorX="1.0" sourceAnchorY="0.7941176470588235" targetAnchorX="0.007575757575757576" targetAnchorY="0.3783783783783784">
    <source href="assembly.xml#//@beans/@mixed.1/@mixed.67/@subRoute.1"/>
    <target href="assembly.xml#GetEditError"/>
  </connections>
  <connections type="routesTo" sourceAnchorX="0.9148936170212766" sourceAnchorY="0.5588235294117647" targetAnchorX="0.05228758169934641" targetAnchorY="0.35135135135135137">
    <source href="assembly.xml#//@beans/@mixed.1/@mixed.67/@subRoute.0"/>
    <target href="assembly.xml#GetEditWarning"/>
  </connections>
  <swimlanes font="Segoe UI|11|0" bgColor="12632256" fontColor="16777215" name="Horizontal" topBorderColor="65535"/>
  <swimlanes font="Segoe UI|11|0" bgColor="12632256" fontColor="16777215" name="Vertical" orientation="VERTICAL" topBorderColor="65535"/>
  <swimlanes x="44" y="206" font="Segoe UI|11|0" bgColor="8421504" fontColor="16777215" name="Development use" elements="//@swimlanes.0 //@swimlanes.1" topBorderColor="65535"/>
  <swimlanes x="27" y="17" bgColor="1" name="INT0213 Update Job Requisition Salary Range Boomerang" elements="//@swimlanes.4 //@swimlanes.10" topBorderColor="65535"/>
  <swimlanes x="466" y="131" font="Segoe UI|11|0" bgColor="12632256" fontColor="16777215" name="Main assembly" orientation="VERTICAL" topBorderColor="65535">
    <elements href="assembly.xml#StartHere"/>
    <elements href="assembly.xml#Init"/>
    <elements href="assembly.xml#call-GetJobReq"/>
    <elements href="assembly.xml#call-GetEvergreenReq"/>
    <elements href="assembly.xml#call-GetRange"/>
    <elements href="assembly.xml#call-EditJobReq"/>
    <elements href="assembly.xml#CompleteMsg"/>
    <elements href="#//@swimlanes.5"/>
    <elements href="#//@swimlanes.2"/>
  </swimlanes>
  <swimlanes x="336" y="209" font="Segoe UI|11|0" bgColor="12632256" fontColor="16777215" name="Global error handler" orientation="VERTICAL" topBorderColor="65535">
    <elements href="assembly.xml#//@beans/@mixed.1/@mixed.3"/>
    <elements href="assembly.xml#Note-Error"/>
  </swimlanes>
  <swimlanes x="441" y="292" font="Segoe UI|11|0" bgColor="12632256" fontColor="16777215" name="Get job requisition to retrieve job profile on req" topBorderColor="65535">
    <elements href="assembly.xml#GetJobReq"/>
    <elements href="#//@swimlanes.8"/>
    <elements href="assembly.xml#GetReqOut"/>
    <elements href="#//@swimlanes.7"/>
  </swimlanes>
  <swimlanes x="1241" y="179" font="Segoe UI|11|0" bgColor="12632256" fontColor="16777215" name="" orientation="VERTICAL" alignment="MIDDLE" topBorderColor="65535">
    <elements href="assembly.xml#GetJobProfile"/>
    <elements href="assembly.xml#TerminateInt"/>
  </swimlanes>
  <swimlanes x="1041" y="242" font="Segoe UI|11|0" bgColor="12632256" fontColor="16777215" name="" orientation="VERTICAL" alignment="MIDDLE" topBorderColor="65535">
    <elements href="assembly.xml#WriteRequest"/>
    <elements href="assembly.xml#GetError"/>
  </swimlanes>
  <swimlanes x="1086" y="354" font="Segoe UI|11|0" bgColor="12632256" fontColor="16777215" name="Get job profile salary ranges from custom report" topBorderColor="65535">
    <elements href="assembly.xml#GetRange"/>
    <elements href="#//@swimlanes.11"/>
    <elements href="assembly.xml#RangeReport"/>
    <elements href="#//@swimlanes.14"/>
  </swimlanes>
  <swimlanes x="1212" y="354" font="Segoe UI|11|0" bgColor="8421504" fontColor="16777215" name="" orientation="VERTICAL" elements="//@swimlanes.6 //@swimlanes.17 //@swimlanes.9 //@swimlanes.12 //@swimlanes.18" topBorderColor="65535"/>
  <swimlanes x="974" y="550" font="Segoe UI|11|0" bgColor="12632256" fontColor="16777215" name="" orientation="VERTICAL" alignment="MIDDLE" topBorderColor="65535">
    <elements href="assembly.xml#ReportError"/>
    <elements href="assembly.xml#SendReportError"/>
  </swimlanes>
  <swimlanes x="1101" y="442" font="Segoe UI|11|0" bgColor="12632256" fontColor="16777215" name="Submit edit job requisition additional data BP to update salary range" topBorderColor="65535">
    <elements href="assembly.xml#EditJobReq"/>
    <elements href="#//@swimlanes.13"/>
    <elements href="assembly.xml#EditAddData"/>
    <elements href="assembly.xml#Continue"/>
  </swimlanes>
  <swimlanes x="864" y="862" font="Segoe UI|11|0" bgColor="12632256" fontColor="16777215" name="" orientation="VERTICAL" alignment="MIDDLE" topBorderColor="65535">
    <elements href="assembly.xml#WriteEditRequest"/>
    <elements href="assembly.xml#call-SubmitError"/>
  </swimlanes>
  <swimlanes x="1324" y="629" font="Segoe UI|11|0" bgColor="12632256" fontColor="16777215" name="" orientation="VERTICAL" alignment="MIDDLE" topBorderColor="65535">
    <elements href="assembly.xml#SetRange"/>
    <elements href="assembly.xml#RangeError"/>
  </swimlanes>
  <swimlanes font="Segoe UI|11|0" bgColor="12632256" fontColor="16777215" name="" orientation="VERTICAL" alignment="MIDDLE" topBorderColor="65535">
    <elements href="assembly.xml#WriteRequest0"/>
    <elements href="assembly.xml#GetError0"/>
  </swimlanes>
  <swimlanes font="Segoe UI|11|0" bgColor="12632256" fontColor="16777215" name="" orientation="VERTICAL" alignment="MIDDLE" topBorderColor="65535">
    <elements href="assembly.xml#GetJobProfile0"/>
    <elements href="assembly.xml#TerminateInt0"/>
  </swimlanes>
  <swimlanes x="1110" y="459" font="Segoe UI|11|0" bgColor="12632256" fontColor="16777215" name="Get evergreen job requisition to retrieve job profile on req" topBorderColor="65535">
    <elements href="assembly.xml#GetEvergreenReq"/>
    <elements href="#//@swimlanes.15"/>
    <elements href="assembly.xml#GetEvergreenReqOut"/>
    <elements href="#//@swimlanes.16"/>
  </swimlanes>
  <swimlanes x="1332" y="1277" font="Segoe UI|11|0" bgColor="12632256" fontColor="16777215" name="Check submit error for warning or error message" topBorderColor="65535">
    <elements href="assembly.xml#SubmitError"/>
    <elements href="assembly.xml#AsyncMediation"/>
    <elements href="assembly.xml#Route"/>
    <elements href="#//@swimlanes.19"/>
  </swimlanes>
  <swimlanes x="1284" y="1367" font="Segoe UI|11|0" bgColor="12632256" fontColor="16777215" orientation="VERTICAL" alignment="MIDDLE" topBorderColor="65535">
    <elements href="assembly.xml#GetEditWarning"/>
    <elements href="assembly.xml#GetEditError"/>
  </swimlanes>
</wdnm:Diagram>
