<?xml version="1.0" encoding="UTF-8"?>
<wdnm:Diagram xmlns:wdnm="http://workday.com/studio/editors/notation">
  <element href="assembly.xml#WorkdayAssembly"/>
  <visualProperties x="-605" y="53">
    <element href="assembly.xml#StartHere_US"/>
  </visualProperties>
  <visualProperties x="-436" y="63">
    <element href="assembly.xml#Sync-Initialize"/>
  </visualProperties>
  <visualProperties x="-393" y="385">
    <element href="assembly.xml#Call-Get_Data"/>
  </visualProperties>
  <visualProperties x="38" y="392">
    <element href="assembly.xml#Get_Data"/>
  </visualProperties>
  <visualProperties x="356" y="348">
    <element href="assembly.xml#CountLanguages"/>
  </visualProperties>
  <visualProperties x="-413" y="2771">
    <element href="assembly.xml#Call-Deliver_Document"/>
  </visualProperties>
  <visualProperties x="30" y="2771">
    <element href="assembly.xml#Deliver_Document"/>
  </visualProperties>
  <visualProperties x="53" y="3313">
    <element href="assembly.xml#//@beans/@mixed.1/@mixed.15"/>
  </visualProperties>
  <visualProperties x="212" y="3313">
    <element href="assembly.xml#Call_Critical_Message"/>
  </visualProperties>
  <visualProperties x="453" y="3313">
    <element href="assembly.xml#Call_Critical_Event"/>
  </visualProperties>
  <visualProperties x="27" y="793">
    <element href="assembly.xml#Transform_Data"/>
  </visualProperties>
  <visualProperties x="432" y="731">
    <element href="assembly.xml#Splitter"/>
  </visualProperties>
  <visualProperties x="936" y="671">
    <element href="assembly.xml#Async-Transform_Response"/>
  </visualProperties>
  <visualProperties x="1369" y="759">
    <element href="assembly.xml#Aggregate_Response"/>
  </visualProperties>
  <visualProperties x="-334" y="256">
    <element href="assembly.xml#PutIntegrationMessage"/>
  </visualProperties>
  <visualProperties x="337" y="489">
    <element href="assembly.xml#ErroCountLanguages"/>
  </visualProperties>
  <visualProperties x="649" y="2882">
    <element href="assembly.xml#ErrorTransformingDeliveringOutputFile"/>
  </visualProperties>
  <visualProperties x="1343" y="2771">
    <element href="assembly.xml#MsgStore_Output_File"/>
  </visualProperties>
  <visualProperties x="1574" y="759">
    <element href="assembly.xml#Aggregator"/>
  </visualProperties>
  <visualProperties x="-405" y="3340">
    <element href="assembly.xml#IntegrationComplete"/>
  </visualProperties>
  <visualProperties x="597" y="765">
    <element href="assembly.xml#Async-Skip0NetAmount"/>
  </visualProperties>
  <visualProperties x="810" y="749">
    <element href="assembly.xml#SetProps"/>
  </visualProperties>
  <visualProperties x="32" y="1125">
    <element href="assembly.xml#Audit_Log"/>
  </visualProperties>
  <visualProperties x="1203" y="685">
    <element href="assembly.xml#Call_Audit_Log"/>
  </visualProperties>
  <visualProperties x="-399" y="3056">
    <element href="assembly.xml#Call-Deliver_Audit"/>
  </visualProperties>
  <visualProperties x="704" y="1030">
    <element href="assembly.xml#Deliver_Audit"/>
  </visualProperties>
  <visualProperties x="1065" y="1141">
    <element href="assembly.xml#Store_Audit_Log"/>
  </visualProperties>
  <visualProperties x="240" y="1242">
    <element href="assembly.xml#PutIntegrationMessage20"/>
  </visualProperties>
  <visualProperties x="685" y="1240">
    <element href="assembly.xml#PutIntegrationMessage30"/>
  </visualProperties>
  <visualProperties x="178" y="392">
    <element href="assembly.xml#WorkdayOutRest"/>
  </visualProperties>
  <visualProperties x="187" y="1091">
    <element href="assembly.xml#Write_Log0"/>
  </visualProperties>
  <visualProperties x="690" y="1089">
    <element href="assembly.xml#AsyncMediation00"/>
  </visualProperties>
  <visualProperties x="-171" y="98">
    <element href="assembly.xml#WorkdayOutSoap"/>
  </visualProperties>
  <visualProperties x="27" y="54">
    <element href="assembly.xml#GetPaymentDate"/>
  </visualProperties>
  <visualProperties x="262" y="48">
    <element href="assembly.xml#Validate_US"/>
  </visualProperties>
  <visualProperties x="417" y="54">
    <element href="assembly.xml#Validate_Canada"/>
  </visualProperties>
  <visualProperties x="711" y="2737">
    <element href="assembly.xml#AggregateOutputFile"/>
  </visualProperties>
  <visualProperties x="242" y="2727">
    <element href="assembly.xml#TransformOutputFile"/>
  </visualProperties>
  <visualProperties x="1148" y="2727">
    <element href="assembly.xml#Deliver_Output_File"/>
  </visualProperties>
  <visualProperties x="246" y="2444">
    <element href="assembly.xml#StoreXMLFile"/>
  </visualProperties>
  <visualProperties x="410" y="2501">
    <element href="assembly.xml#MsgStoreXMLFile"/>
  </visualProperties>
  <visualProperties x="43" y="2501">
    <element href="assembly.xml#Store_XML"/>
  </visualProperties>
  <visualProperties x="-391" y="2488">
    <element href="assembly.xml#Call-Store_XML"/>
  </visualProperties>
  <visualProperties x="14" y="1376">
    <element href="assembly.xml#Get_Integration_Events"/>
  </visualProperties>
  <visualProperties x="243" y="1376">
    <element href="assembly.xml#WorkdayOutRest-Get_Events"/>
  </visualProperties>
  <visualProperties x="486" y="1332">
    <element href="assembly.xml#GetEnglishWID"/>
  </visualProperties>
  <visualProperties x="647" y="1420">
    <element href="assembly.xml#ErrorGetEnglishWID"/>
  </visualProperties>
  <visualProperties x="23" y="1653">
    <element href="assembly.xml#Get-English_Files"/>
  </visualProperties>
  <visualProperties x="236" y="1653">
    <element href="assembly.xml#Get-English_Event_Documents"/>
  </visualProperties>
  <visualProperties x="753" y="1667">
    <element href="assembly.xml#DocIterator"/>
  </visualProperties>
  <visualProperties x="893" y="1734">
    <element href="assembly.xml#Get-FileName"/>
  </visualProperties>
  <visualProperties x="875" y="1890">
    <element href="assembly.xml#ErrorGetFileName"/>
  </visualProperties>
  <visualProperties x="1068" y="1734">
    <element href="assembly.xml#SaveAudit"/>
  </visualProperties>
  <visualProperties x="1048" y="1890">
    <element href="assembly.xml#ErrorSaveAudit"/>
  </visualProperties>
  <visualProperties x="1203" y="1734">
    <element href="assembly.xml#SaveFile"/>
  </visualProperties>
  <visualProperties x="1278" y="1890">
    <element href="assembly.xml#ErrorSaveFile"/>
  </visualProperties>
  <visualProperties x="-413" y="1372">
    <element href="assembly.xml#Call-Integration_Events"/>
  </visualProperties>
  <visualProperties x="-400" y="1646">
    <element href="assembly.xml#Call-English_Files"/>
  </visualProperties>
  <visualProperties x="-413" y="2310">
    <element href="assembly.xml#Call-Close_Aggregator"/>
  </visualProperties>
  <visualProperties x="1334" y="889">
    <element href="assembly.xml#Close_Aggregator"/>
  </visualProperties>
  <visualProperties x="44" y="2224">
    <element href="assembly.xml#Process_CAN_English_File"/>
  </visualProperties>
  <visualProperties x="286" y="2187">
    <element href="assembly.xml#CopyEnglishFileToMsg"/>
  </visualProperties>
  <visualProperties x="499" y="2157">
    <element href="assembly.xml#SplitEnFile"/>
  </visualProperties>
  <visualProperties x="789" y="2272">
    <element href="assembly.xml#Call-Write_To_Aggregator"/>
  </visualProperties>
  <visualProperties x="1365" y="685">
    <element href="assembly.xml#Write_To_Aggregator"/>
  </visualProperties>
  <visualProperties x="-439" y="2224">
    <element href="assembly.xml#Call-Process_CAN_English_File"/>
  </visualProperties>
  <visualProperties x="642" y="2236">
    <element href="assembly.xml#CountRows"/>
  </visualProperties>
  <visualProperties x="909" y="1105">
    <element href="assembly.xml#AsyncMediation1"/>
  </visualProperties>
  <visualProperties x="44" y="3056">
    <element href="assembly.xml#Append_To_Log"/>
  </visualProperties>
  <visualProperties x="227" y="3028">
    <element href="assembly.xml#CopyAuditToMsg"/>
  </visualProperties>
  <visualProperties x="422" y="2998">
    <element href="assembly.xml#SplitAudit"/>
  </visualProperties>
  <visualProperties x="581" y="3078">
    <element href="assembly.xml#CopyAuditToLog"/>
  </visualProperties>
  <visualProperties x="-412" y="2918">
    <element href="assembly.xml#Call-Append_To_Log"/>
  </visualProperties>
  <visualProperties x="821" y="889">
    <element href="assembly.xml#ErrorMessage"/>
  </visualProperties>
  <visualProperties x="-381" y="3160">
    <element href="assembly.xml#StoreErrorLog"/>
  </visualProperties>
  <visualProperties x="-377" y="3277">
    <element href="assembly.xml#StoreError"/>
  </visualProperties>
  <visualProperties x="192" y="2595">
    <element href="assembly.xml#ErrorStoreXMLFile"/>
  </visualProperties>
  <visualProperties x="955" y="1972">
    <element href="assembly.xml#SetError-GetFiles"/>
  </visualProperties>
  <visualProperties x="545" y="1542">
    <element href="assembly.xml#ContainsDocuments"/>
  </visualProperties>
  <visualProperties x="541" y="1843">
    <element href="assembly.xml#ErrorNoDocuments"/>
  </visualProperties>
  <visualProperties x="518" y="547">
    <element href="assembly.xml#PrepareGetPayslips"/>
  </visualProperties>
  <visualProperties x="528" y="274">
    <element href="assembly.xml#Route"/>
  </visualProperties>
  <visualProperties x="696" y="635">
    <element href="assembly.xml#ErroGetPayslipsWWS"/>
  </visualProperties>
  <visualProperties x="917" y="547">
    <element href="assembly.xml#SetErrorGetPayslips"/>
  </visualProperties>
  <visualProperties x="743" y="328">
    <element href="assembly.xml#AsyncMediation"/>
  </visualProperties>
  <visualProperties x="921" y="356">
    <element href="assembly.xml#MsgNothingToPrint"/>
  </visualProperties>
  <visualProperties x="1103" y="356">
    <element href="assembly.xml#MsgRunCanadaEnglish"/>
  </visualProperties>
  <visualProperties x="1306" y="356">
    <element href="assembly.xml#MsgRunCanadaFrench"/>
  </visualProperties>
  <visualProperties x="-440" y="489">
    <element href="assembly.xml#MsgFrenchChecksNotRequired"/>
  </visualProperties>
  <visualProperties x="-431" y="562">
    <element href="assembly.xml#MsgFrenchChecksRequired"/>
  </visualProperties>
  <visualProperties x="1132" y="2894">
    <element href="assembly.xml#ErrorZippingOutputFile"/>
  </visualProperties>
  <visualProperties x="941" y="2727">
    <element href="assembly.xml#ZipTheFile"/>
  </visualProperties>
  <visualProperties x="392" y="1091">
    <element href="assembly.xml#Aggregate_Log"/>
  </visualProperties>
  <visualProperties x="383" y="1007">
    <element href="assembly.xml#Aggregate_Audit"/>
  </visualProperties>
  <visualProperties x="-424" y="2977">
    <element href="assembly.xml#Call-Aggregate_Audit"/>
  </visualProperties>
  <visualProperties x="1110" y="844">
    <element href="assembly.xml#Async-Copy"/>
  </visualProperties>
  <visualProperties x="749" y="480">
    <element href="assembly.xml#Get_Payroll_Payslips_Request_Parallel"/>
  </visualProperties>
  <visualProperties x="1068" y="480">
    <element href="assembly.xml#Call-Transform_Data"/>
  </visualProperties>
  <visualProperties x="-42" y="193">
    <element href="assembly.xml#PutIntegrationMessage0"/>
  </visualProperties>
  <visualProperties x="236" y="209">
    <element href="assembly.xml#PutIntegrationMessage1"/>
  </visualProperties>
  <visualProperties x="460" y="209">
    <element href="assembly.xml#PutIntegrationMessage2"/>
  </visualProperties>
  <visualProperties x="-666" y="112">
    <element href="assembly.xml#StartHere_CanadaEn"/>
  </visualProperties>
  <visualProperties x="-664" y="166">
    <element href="assembly.xml#StartHere_CanadaFr"/>
  </visualProperties>
  <decorations x="-647" y="-142" width="966" height="55" font="Arial|22|1" fontColor="1" type="TEXT" text="INT9002, INT9045, &amp; INT9058 - Aon Hewitt Check Printing Outbound"/>
  <decorations x="-642" y="-99" width="640" height="70" type="TEXT" text="Integration that retrieves data from Workday using Get_Payroll_Payslips_Request webservice, applies XSL Transformation and sends output file to vendor via SFTP"/>
  <decorations x="-10" y="-24" width="608" height="269" bgColor="8454143" fgColor="8454143" text=""/>
  <decorations x="7" y="265" width="1498" height="397" bgColor="16744448" text=""/>
  <decorations x="7" y="278" width="386" height="51" type="NOTE" text="This sub-assembly is the main section that calls Get_Payroll_Payslips_Request Web Service to get  data. "/>
  <decorations x="7" y="2649" width="1568" height="299" bgColor="16770250" text=""/>
  <decorations x="14" y="2649" width="277" height="68" type="NOTE" text="This sub-assembly is the last section that retrieves transformed xml file, turns it into fixedwidth file and stores it in the workday"/>
  <decorations x="7" y="3242" width="649" height="135" bgColor="6579455" text=""/>
  <decorations x="23" y="3259" width="144" height="36" type="NOTE" text="Global Error Handler"/>
  <decorations x="7" y="665" width="1747" height="325" bgColor="16711680" text=""/>
  <decorations x="14" y="671" width="230" height="51" type="NOTE" text="This section processes each payslip data retrieved by webservice."/>
  <decorations x="597" y="731" width="155" height="36" type="NOTE" text="Skip zero Net Amount"/>
  <decorations x="8" y="989" width="1251" height="296" bgColor="14155735" text=""/>
  <decorations x="12" y="1004" width="127" height="44" type="NOTE" text="Write Audit Log"/>
  <decorations x="7" y="1300" width="836" height="207" bgColor="8421631" type="NOTE" text="Get Last Integration Events"/>
  <decorations x="8" y="1515" width="1567" height="563" bgColor="13816575" type="NOTE" text="Get English Files"/>
  <decorations x="8" y="2400" width="618" height="240" bgColor="8421631" type="NOTE" text=""/>
  <decorations x="-655" y="-36" width="636" height="3401" bgColor="8454143" fgColor="8454143" text="Main Processing"/>
  <decorations x="7" y="2091" width="995" height="303" bgColor="11599792" type="NOTE" text="Text"/>
  <decorations x="8" y="2956" width="857" height="276" bgColor="16777151" type="NOTE" text="Text"/>
  <decorations x="-429" y="-4" width="302" height="47" type="NOTE" text="This is the first section of the assembly that will get the Launch parameter and sets properites"/>
  <decorations x="12" y="1311" width="225" height="52" type="NOTE" text="This section is used to retrieve the WID of the last Integration run for INT9045"/>
  <decorations x="16" y="1524" width="225" height="52" type="NOTE" text="This section retrieves the Documents from INT9045 integration run"/>
  <decorations x="12" y="2098" width="326" height="68" type="NOTE" text="This section Processes the XML File from INT9045 when the integration INT9045 and INT9058 are configured to combine files and merges the XML with the contents of INT9058."/>
  <decorations x="16" y="2406" width="208" height="83" type="NOTE" text="This section is used to the XML ouput of INT9045 when the Integration is configured to combine it's output with INT9058"/>
  <decorations x="16" y="2962" width="275" height="52" type="NOTE" text="This section is used to combine the Audit logs of INT9045 and INT9058"/>
  <connections type="routesTo" sourceAnchorX="1.0" sourceAnchorY="0.7027027027027027" targetAnchorX="0.2892561983471074" targetAnchorY="0.2905405405405405">
    <source href="assembly.xml#StartHere_US"/>
    <target href="assembly.xml#Sync-Initialize"/>
  </connections>
  <connections type="routesTo" sourceAnchorX="0.9732142857142857" sourceAnchorY="0.464" targetAnchorX="0.5035460992907801" targetAnchorY="0.7297297297297297">
    <source href="assembly.xml#Async-Transform_Response"/>
    <target href="assembly.xml#Call_Audit_Log"/>
  </connections>
  <connections type="routesTo" sourceAnchorX="0.926605504587156" sourceAnchorY="0.43333333333333335" targetAnchorX="0.125" targetAnchorY="0.35135135135135137">
    <source href="assembly.xml#//@beans/@mixed.1/@mixed.3/@mixed.5"/>
    <target href="assembly.xml#PutIntegrationMessage"/>
  </connections>
  <connections type="routesTo" sourceAnchorX="1.0" sourceAnchorY="0.16037735849056603" targetAnchorX="0.1503267973856209" targetAnchorY="0.12264150943396226">
    <source href="assembly.xml#Aggregate_Response"/>
    <target href="assembly.xml#Aggregator"/>
  </connections>
  <connections type="routesTo" sourceAnchorX="1.0" sourceAnchorY="0.6216216216216216" targetAnchorX="0.08791208791208792" targetAnchorY="0.4594594594594595">
    <source href="assembly.xml#//@beans/@mixed.1/@mixed.15"/>
    <target href="assembly.xml#Call_Critical_Message"/>
  </connections>
  <connections type="routesResponseTo" sourceAnchorX="0.8461538461538461" sourceAnchorY="0.4594594594594595" targetAnchorX="0.11180124223602485" targetAnchorY="0.40540540540540543">
    <source href="assembly.xml#Call_Critical_Message"/>
    <target href="assembly.xml#Call_Critical_Event"/>
  </connections>
  <connections type="routesTo" sourceAnchorX="0.9361702127659575" sourceAnchorY="0.5294117647058824" targetAnchorX="0.10588235294117647" targetAnchorY="0.456">
    <source href="assembly.xml#//@beans/@mixed.1/@splitter.0/@subRoute.0"/>
    <target href="assembly.xml#Async-Skip0NetAmount"/>
    <bendpoints sourceX="60" sourceY="1" targetX="-52" targetY="54"/>
    <bendpoints sourceX="60" sourceY="-52" targetX="-52" targetY="1"/>
  </connections>
  <connections type="routesTo" sourceAnchorX="0.8165137614678899" sourceAnchorY="0.4864864864864865" targetAnchorX="0.3288590604026846" targetAnchorY="0.43243243243243246">
    <source href="assembly.xml#Get_Data"/>
    <target href="assembly.xml#WorkdayOutRest"/>
  </connections>
  <connections type="routesTo" sourceAnchorX="0.8647058823529412" sourceAnchorY="0.5760869565217391" targetAnchorX="0.11023622047244094" targetAnchorY="0.5212765957446809">
    <source href="assembly.xml#Async-Skip0NetAmount"/>
    <target href="assembly.xml#SetProps"/>
  </connections>
  <connections type="routesTo" sourceAnchorX="0.9196428571428571" sourceAnchorY="0.456" targetAnchorX="0.049107142857142856" targetAnchorY="0.456">
    <source href="assembly.xml#SetProps"/>
    <target href="assembly.xml#Async-Transform_Response"/>
  </connections>
  <connections type="routesResponseTo" sourceAnchorX="0.9731543624161074" sourceAnchorY="0.40540540540540543" targetAnchorX="0.08522727272727272" targetAnchorY="0.464">
    <source href="assembly.xml#WorkdayOutRest"/>
    <target href="assembly.xml#CountLanguages"/>
  </connections>
  <connections type="routesTo" sourceAnchorX="1.0" sourceAnchorY="0.5675675675675675" targetAnchorX="0.10887096774193548" targetAnchorY="0.44">
    <source href="assembly.xml#Audit_Log"/>
    <target href="assembly.xml#Write_Log0"/>
  </connections>
  <connections type="routesTo" sourceAnchorX="0.6307053941908713" sourceAnchorY="1.0" targetAnchorX="0.5202020202020202" targetAnchorY="0.5675675675675675">
    <source href="assembly.xml#//@beans/@mixed.1/@mixed.61/@mixed.3"/>
    <target href="assembly.xml#PutIntegrationMessage20"/>
  </connections>
  <connections type="routesTo" sourceAnchorX="0.627906976744186" sourceAnchorY="1.0" targetAnchorX="0.5133689839572193" targetAnchorY="0.208">
    <source href="assembly.xml#Deliver_Audit"/>
    <target href="assembly.xml#AsyncMediation00"/>
  </connections>
  <connections type="routesTo" sourceAnchorX="0.39444444444444443" sourceAnchorY="1.0" targetAnchorX="0.3888888888888889" targetAnchorY="0.21621621621621623">
    <source href="assembly.xml#//@beans/@mixed.1/@mixed.63/@mixed.3"/>
    <target href="assembly.xml#PutIntegrationMessage30"/>
  </connections>
  <connections type="routesTo" sourceAnchorX="0.8791666666666667" sourceAnchorY="0.287292817679558" targetAnchorX="0.1118421052631579" targetAnchorY="0.40540540540540543">
    <source href="assembly.xml#Sync-Initialize"/>
    <target href="assembly.xml#WorkdayOutSoap"/>
  </connections>
  <connections type="routesTo">
    <source href="assembly.xml#GetPaymentDate"/>
    <target href="assembly.xml#Validate_US"/>
  </connections>
  <connections type="routesTo">
    <source href="assembly.xml#Validate_US"/>
    <target href="assembly.xml#Validate_Canada"/>
  </connections>
  <connections type="routesTo">
    <source href="assembly.xml#Validate_Canada"/>
    <target href="assembly.xml#Call-Get_Data"/>
    <bendpoints sourceX="266" sourceY="15" targetX="1077" targetY="-271"/>
    <bendpoints sourceX="265" sourceY="136" targetX="1076" targetY="-150"/>
    <bendpoints sourceX="-818" sourceY="190" targetX="-7" targetY="-96"/>
  </connections>
  <connections type="routesTo">
    <source href="assembly.xml#//@beans/@mixed.1/@mixed.77/@mixed.3"/>
    <target href="assembly.xml#ErrorTransformingDeliveringOutputFile"/>
    <bendpoints sourceX="-1" sourceY="68" targetX="242" targetY="-1"/>
  </connections>
  <connections type="routesTo">
    <source href="assembly.xml#//@beans/@mixed.1/@mixed.75/@mixed.3"/>
    <target href="assembly.xml#ErrorTransformingDeliveringOutputFile"/>
    <bendpoints sourceX="-1" sourceY="69" targetX="-345"/>
  </connections>
  <connections type="routesTo">
    <source href="assembly.xml#StoreXMLFile"/>
    <target href="assembly.xml#MsgStoreXMLFile"/>
  </connections>
  <connections type="routesTo">
    <source href="assembly.xml#Store_XML"/>
    <target href="assembly.xml#StoreXMLFile"/>
  </connections>
  <connections type="routesTo">
    <source href="assembly.xml#Get_Integration_Events"/>
    <target href="assembly.xml#WorkdayOutRest-Get_Events"/>
  </connections>
  <connections type="routesResponseTo">
    <source href="assembly.xml#WorkdayOutRest-Get_Events"/>
    <target href="assembly.xml#GetEnglishWID"/>
  </connections>
  <connections type="routesTo">
    <source href="assembly.xml#//@beans/@mixed.1/@mixed.91/@mixed.3"/>
    <target href="assembly.xml#ErrorGetEnglishWID"/>
  </connections>
  <connections type="routesTo">
    <source href="assembly.xml#Get-English_Files"/>
    <target href="assembly.xml#Get-English_Event_Documents"/>
  </connections>
  <connections type="routesTo">
    <source href="assembly.xml#//@beans/@mixed.1/@route.0/@subRoute.0"/>
    <target href="assembly.xml#Get-FileName"/>
  </connections>
  <connections type="routesTo">
    <source href="assembly.xml#//@beans/@mixed.1/@mixed.101/@mixed.3"/>
    <target href="assembly.xml#ErrorGetFileName"/>
  </connections>
  <connections type="routesTo">
    <source href="assembly.xml#Get-FileName"/>
    <target href="assembly.xml#SaveAudit"/>
  </connections>
  <connections type="routesTo">
    <source href="assembly.xml#//@beans/@mixed.1/@mixed.105/@mixed.3"/>
    <target href="assembly.xml#ErrorSaveAudit"/>
  </connections>
  <connections type="routesTo">
    <source href="assembly.xml#SaveAudit"/>
    <target href="assembly.xml#SaveFile"/>
  </connections>
  <connections type="routesTo">
    <source href="assembly.xml#//@beans/@mixed.1/@mixed.109/@mixed.3"/>
    <target href="assembly.xml#ErrorSaveFile"/>
  </connections>
  <connections type="routesResponseTo">
    <source href="assembly.xml#Call-Integration_Events"/>
    <target href="assembly.xml#Call-English_Files"/>
  </connections>
  <connections type="routesTo">
    <source href="assembly.xml#Close_Aggregator"/>
    <target href="assembly.xml#Aggregate_Response"/>
  </connections>
  <connections type="routesTo">
    <source href="assembly.xml#Process_CAN_English_File"/>
    <target href="assembly.xml#CopyEnglishFileToMsg"/>
  </connections>
  <connections type="routesTo">
    <source href="assembly.xml#CopyEnglishFileToMsg"/>
    <target href="assembly.xml#SplitEnFile"/>
  </connections>
  <connections type="routesTo">
    <source href="assembly.xml#Write_To_Aggregator"/>
    <target href="assembly.xml#Aggregate_Response"/>
  </connections>
  <connections type="routesResponseTo">
    <source href="assembly.xml#Call-English_Files"/>
    <target href="assembly.xml#Call-Process_CAN_English_File"/>
  </connections>
  <connections type="routesResponseTo">
    <source href="assembly.xml#Call-Process_CAN_English_File"/>
    <target href="assembly.xml#Call-Close_Aggregator"/>
  </connections>
  <connections type="routesResponseTo">
    <source href="assembly.xml#Call-Close_Aggregator"/>
    <target href="assembly.xml#Call-Store_XML"/>
  </connections>
  <connections type="routesResponseTo">
    <source href="assembly.xml#Call-Store_XML"/>
    <target href="assembly.xml#Call-Deliver_Document"/>
  </connections>
  <connections type="routesTo">
    <source href="assembly.xml#//@beans/@mixed.1/@splitter.1/@subRoute.0"/>
    <target href="assembly.xml#CountRows"/>
  </connections>
  <connections type="routesTo">
    <source href="assembly.xml#CountRows"/>
    <target href="assembly.xml#Call-Write_To_Aggregator"/>
  </connections>
  <connections type="routesTo">
    <source href="assembly.xml#AsyncMediation00"/>
    <target href="assembly.xml#AsyncMediation1"/>
  </connections>
  <connections type="routesTo">
    <source href="assembly.xml#AsyncMediation1"/>
    <target href="assembly.xml#Store_Audit_Log"/>
  </connections>
  <connections type="routesTo">
    <source href="assembly.xml#Append_To_Log"/>
    <target href="assembly.xml#CopyAuditToMsg"/>
  </connections>
  <connections type="routesTo">
    <source href="assembly.xml#CopyAuditToMsg"/>
    <target href="assembly.xml#SplitAudit"/>
  </connections>
  <connections type="routesTo">
    <source href="assembly.xml#//@beans/@mixed.1/@splitter.2/@subRoute.0"/>
    <target href="assembly.xml#CopyAuditToLog"/>
  </connections>
  <connections type="routesResponseTo">
    <source href="assembly.xml#Call-Deliver_Document"/>
    <target href="assembly.xml#Call-Append_To_Log"/>
  </connections>
  <connections type="routesTo">
    <source href="assembly.xml#//@beans/@mixed.1/@mixed.41/@mixed.3"/>
    <target href="assembly.xml#ErrorMessage"/>
  </connections>
  <connections type="routesTo">
    <source href="assembly.xml#//@beans/@mixed.1/@mixed.43/@mixed.3"/>
    <target href="assembly.xml#ErrorMessage"/>
  </connections>
  <connections type="routesTo">
    <source href="assembly.xml#//@beans/@mixed.1/@mixed.25/@mixed.3"/>
    <target href="assembly.xml#ErrorMessage"/>
  </connections>
  <connections type="routesResponseTo">
    <source href="assembly.xml#Call-Deliver_Audit"/>
    <target href="assembly.xml#StoreErrorLog"/>
  </connections>
  <connections type="routesTo">
    <source href="assembly.xml#StoreErrorLog"/>
    <target href="assembly.xml#StoreError"/>
  </connections>
  <connections type="routesResponseTo">
    <source href="assembly.xml#StoreError"/>
    <target href="assembly.xml#IntegrationComplete"/>
  </connections>
  <connections type="routesResponseTo">
    <source href="assembly.xml#WorkdayOutSoap"/>
    <target href="assembly.xml#GetPaymentDate"/>
  </connections>
  <connections type="routesTo">
    <source href="assembly.xml#//@beans/@mixed.1/@mixed.79/@mixed.3"/>
    <target href="assembly.xml#ErrorStoreXMLFile"/>
  </connections>
  <connections type="routesTo">
    <source href="assembly.xml#Deliver_Document"/>
    <target href="assembly.xml#TransformOutputFile"/>
  </connections>
  <connections type="routesTo">
    <source href="assembly.xml#TransformOutputFile"/>
    <target href="assembly.xml#AggregateOutputFile"/>
  </connections>
  <connections type="routesTo">
    <source href="assembly.xml#Deliver_Output_File"/>
    <target href="assembly.xml#MsgStore_Output_File"/>
  </connections>
  <connections type="routesResponseTo">
    <source href="assembly.xml#ErrorSaveFile"/>
    <target href="assembly.xml#SetError-GetFiles"/>
    <bendpoints sourceX="-2" sourceY="110" targetX="318" targetY="-1"/>
  </connections>
  <connections type="routesTo">
    <source href="assembly.xml#//@beans/@mixed.1/@route.1/@subRoute.0"/>
    <target href="assembly.xml#DocIterator"/>
  </connections>
  <connections type="routesTo">
    <source href="assembly.xml#//@beans/@mixed.1/@route.1/@subRoute.1"/>
    <target href="assembly.xml#ErrorNoDocuments"/>
  </connections>
  <connections type="routesResponseTo">
    <source href="assembly.xml#Get-English_Event_Documents"/>
    <target href="assembly.xml#ContainsDocuments"/>
  </connections>
  <connections type="routesResponseTo">
    <source href="assembly.xml#ErrorNoDocuments"/>
    <target href="assembly.xml#SetError-GetFiles"/>
    <bendpoints sourceX="-2" sourceY="158" targetX="-402"/>
  </connections>
  <connections type="routesTo">
    <source href="assembly.xml#//@beans/@mixed.1/@mixed.9/@mixed.3"/>
    <target href="assembly.xml#ErroCountLanguages"/>
  </connections>
  <connections type="routesTo">
    <source href="assembly.xml#//@beans/@mixed.1/@route.2/@subRoute.1"/>
    <target href="assembly.xml#PrepareGetPayslips"/>
  </connections>
  <connections type="routesTo">
    <source href="assembly.xml#CountLanguages"/>
    <target href="assembly.xml#Route"/>
  </connections>
  <connections type="routesTo">
    <source href="assembly.xml#//@beans/@mixed.1/@mixed.161/@mixed.3"/>
    <target href="assembly.xml#ErroGetPayslipsWWS"/>
  </connections>
  <connections type="routesResponseTo">
    <source href="assembly.xml#ErroGetPayslipsWWS"/>
    <target href="assembly.xml#SetErrorGetPayslips"/>
  </connections>
  <connections type="routesTo">
    <source href="assembly.xml#//@beans/@mixed.1/@route.2/@subRoute.0"/>
    <target href="assembly.xml#AsyncMediation"/>
  </connections>
  <connections type="routesTo">
    <source href="assembly.xml#AsyncMediation"/>
    <target href="assembly.xml#MsgNothingToPrint"/>
  </connections>
  <connections type="routesResponseTo">
    <source href="assembly.xml#MsgNothingToPrint"/>
    <target href="assembly.xml#MsgRunCanadaEnglish"/>
  </connections>
  <connections type="routesResponseTo">
    <source href="assembly.xml#MsgRunCanadaEnglish"/>
    <target href="assembly.xml#MsgRunCanadaFrench"/>
  </connections>
  <connections type="routesResponseTo">
    <source href="assembly.xml#Call-Get_Data"/>
    <target href="assembly.xml#MsgFrenchChecksNotRequired"/>
  </connections>
  <connections type="routesResponseTo">
    <source href="assembly.xml#MsgFrenchChecksNotRequired"/>
    <target href="assembly.xml#MsgFrenchChecksRequired"/>
  </connections>
  <connections type="routesResponseTo">
    <source href="assembly.xml#MsgFrenchChecksRequired"/>
    <target href="assembly.xml#Call-Integration_Events"/>
  </connections>
  <connections type="routesTo">
    <source href="assembly.xml#//@beans/@mixed.1/@mixed.181/@mixed.3"/>
    <target href="assembly.xml#ErrorZippingOutputFile"/>
    <bendpoints sourceX="2" sourceY="81" targetX="-221"/>
  </connections>
  <connections type="routesTo">
    <source href="assembly.xml#AggregateOutputFile"/>
    <target href="assembly.xml#ZipTheFile"/>
  </connections>
  <connections type="routesTo">
    <source href="assembly.xml#ZipTheFile"/>
    <target href="assembly.xml#Deliver_Output_File"/>
  </connections>
  <connections type="routesTo" sourceAnchorX="1.0" sourceAnchorY="0.152" targetAnchorX="0.38823529411764707" targetAnchorY="0.1320754716981132">
    <source href="assembly.xml#Write_Log0"/>
    <target href="assembly.xml#Aggregate_Log"/>
  </connections>
  <connections type="routesTo" sourceAnchorX="0.5034013605442177" sourceAnchorY="1.0" targetAnchorX="0.47058823529411764" targetAnchorY="0.07547169811320754">
    <source href="assembly.xml#Aggregate_Audit"/>
    <target href="assembly.xml#Aggregate_Log"/>
  </connections>
  <connections type="routesResponseTo" sourceAnchorX="0.5549132947976878" sourceAnchorY="1.0" targetAnchorX="0.5679012345679012" targetAnchorY="0.24324324324324326">
    <source href="assembly.xml#Call-Append_To_Log"/>
    <target href="assembly.xml#Call-Aggregate_Audit"/>
  </connections>
  <connections type="routesResponseTo" sourceAnchorX="0.6358024691358025" sourceAnchorY="1.0" targetAnchorX="0.49032258064516127" targetAnchorY="0.7567567567567568">
    <source href="assembly.xml#Call-Aggregate_Audit"/>
    <target href="assembly.xml#Call-Deliver_Audit"/>
  </connections>
  <connections type="routesTo" sourceAnchorX="0.2" sourceAnchorY="1.0" targetAnchorX="0.4666666666666667" targetAnchorY="0.13829787234042554">
    <source href="assembly.xml#//@beans/@mixed.1/@mixed.191/@mixed.3"/>
    <target href="assembly.xml#ErrorMessage"/>
  </connections>
  <connections type="routesResponseTo" sourceAnchorX="0.2695035460992908" sourceAnchorY="1.0" targetAnchorX="0.46859903381642515" targetAnchorY="0.088">
    <source href="assembly.xml#Call_Audit_Log"/>
    <target href="assembly.xml#Async-Copy"/>
  </connections>
  <connections type="routesTo" sourceAnchorX="1.0" sourceAnchorY="0.16" targetAnchorX="0.3496932515337423" targetAnchorY="0.11320754716981132">
    <source href="assembly.xml#Async-Copy"/>
    <target href="assembly.xml#Aggregate_Response"/>
  </connections>
  <connections type="routesTo" sourceAnchorX="1.0" sourceAnchorY="0.168" targetAnchorX="0.1371841155234657" targetAnchorY="0.35135135135135137">
    <source href="assembly.xml#PrepareGetPayslips"/>
    <target href="assembly.xml#Get_Payroll_Payslips_Request_Parallel"/>
  </connections>
  <connections type="routesResponseTo" sourceAnchorX="0.5992779783393501" sourceAnchorY="1.0" targetAnchorX="0.44508670520231214" targetAnchorY="0.3783783783783784">
    <source href="assembly.xml#Get_Payroll_Payslips_Request_Parallel"/>
    <target href="assembly.xml#Call-Transform_Data"/>
  </connections>
  <connections type="routesTo" sourceAnchorX="0.42857142857142855" sourceAnchorY="1.0" targetAnchorX="0.19626168224299065" targetAnchorY="0.4675324675324675">
    <source href="assembly.xml#Transform_Data"/>
    <target href="assembly.xml#Splitter"/>
  </connections>
  <connections type="routesTo" sourceAnchorX="0.6338028169014085" sourceAnchorY="1.0" targetAnchorX="0.47417840375586856" targetAnchorY="0.13513513513513514">
    <source href="assembly.xml#//@beans/@mixed.1/@mixed.67/@mixed.3"/>
    <target href="assembly.xml#PutIntegrationMessage0"/>
  </connections>
  <connections type="routesTo" sourceAnchorX="0.6902654867256637" sourceAnchorY="1.0" targetAnchorX="0.49765258215962443" targetAnchorY="0.05405405405405406">
    <source href="assembly.xml#//@beans/@mixed.1/@mixed.69/@mixed.3"/>
    <target href="assembly.xml#PutIntegrationMessage1"/>
  </connections>
  <connections type="routesTo" sourceAnchorX="0.5555555555555556" sourceAnchorY="1.0" targetAnchorX="0.17370892018779344" targetAnchorY="0.16216216216216217">
    <source href="assembly.xml#//@beans/@mixed.1/@mixed.71/@mixed.3"/>
    <target href="assembly.xml#PutIntegrationMessage2"/>
  </connections>
  <connections type="routesTo" sourceAnchorX="0.6326530612244898" sourceAnchorY="1.0" targetAnchorX="0.32592592592592595" targetAnchorY="0.25136612021857924">
    <source href="assembly.xml#StartHere_CanadaEn"/>
    <target href="assembly.xml#Sync-Initialize"/>
  </connections>
  <connections type="routesTo" sourceAnchorX="0.796875" sourceAnchorY="1.0" targetAnchorX="0.14074074074074075" targetAnchorY="0.17486338797814208">
    <source href="assembly.xml#StartHere_CanadaFr"/>
    <target href="assembly.xml#Sync-Initialize"/>
  </connections>
</wdnm:Diagram>
