<?xml version="1.0" encoding="UTF-8"?>
<beans
     xmlns="http://www.springframework.org/schema/beans"
     xmlns:beans="http://www.springframework.org/schema/beans"
     xmlns:atom="http://www.w3.org/2005/Atom"
     xmlns:cc="http://www.capeclear.com/assembly/10"
     xmlns:cloud="urn:com.workday/esb/cloud/10.0"
     xmlns:env="http://schemas.xmlsoap.org/soap/envelope/"
     xmlns:pi="urn:com.workday/picof"
     xmlns:wd="urn:com.workday/bsvc"
     xmlns:xsi="http://www.w3.org/2001/XMLSchema-instance">
 
	<cc:assembly id="WorkdayAssembly" version="2019.6">
        <cc:workday-in id="StartHere" routes-to="CallRetrieval">
            <cc:integration-system name="INT6132_Teamconnect_Invoices_Inbound">
        <cloud:param name="Validation Mode">
          <cloud:type>
            <cloud:simple-type>boolean</cloud:simple-type>
          </cloud:type>
          <cloud:default>
            <cloud:boolean>true</cloud:boolean>
          </cloud:default>
        </cloud:param>
        <cloud:param name="Intgration Run Date">
          <cloud:type>
            <cloud:simple-type>date</cloud:simple-type>
          </cloud:type>
          <cloud:default>
            <cloud:class-report-field description="Today (System)" type="WID">bb4838a81d394ea0afe59c62c6e4dd65</cloud:class-report-field>
          </cloud:default>
        </cloud:param>
        <cloud:attribute-map-service name="INT6132 Attributes Generic">
          <cloud:attribute name="Document Retention Policy">
            <cloud:type>
              <cloud:simple-type>number</cloud:simple-type>
            </cloud:type>
          </cloud:attribute>
          <cloud:map name="Supplier ID">
            <cloud:internal-type>
              <cloud:class-report-field description="Supplier" type="WID">7e1f7a11fbc64868a09081efbe8e15a1</cloud:class-report-field>
            </cloud:internal-type>
            <cloud:external-type>
              <cloud:simple-type>text</cloud:simple-type>
            </cloud:external-type>
          </cloud:map>
        </cloud:attribute-map-service>
        <cloud:sequence-generator-service name="INt6132 Sequence">
          <cloud:sequencer>INT6132-Filename</cloud:sequencer>
        </cloud:sequence-generator-service>
        <cloud:delivery-service name="INT6132 Delivery"/>
        <cloud:retrieval-service name="INT6132 Retrieval"/>
        <cloud:report-service name="INT6132 Reports">
          <cloud:report-alias description="INT6132 Function" name="INT6132Function">
            <cloud:report-reference description="INT6132 Function" type="WID">3121f24dbbb7017c28f5a550782ab523</cloud:report-reference>
          </cloud:report-alias>
          <cloud:report-alias description="INT6132 Check CC Status" name="INT6132CCStatus">
            <cloud:report-reference description="INT6132 Check Cost Center Status" type="WID">6f5a875ca20d01bc40a904dcca3db98f</cloud:report-reference>
          </cloud:report-alias>
        </cloud:report-service>
      </cc:integration-system>
        </cc:workday-in>
        <cc:local-out id="CallRetrieval" store-message="none" routes-response-to="CallCloseAuditAgg" endpoint="vm://INT6132_Teamconnect_Invoices_Inbound/Retrieval"/>
        <cc:local-out id="CallCloseAuditAgg" store-message="none" execute-when="props['file.count'] != 0" endpoint="vm://INT6132_Teamconnect_Invoices_Inbound/CloseAuditAgg"/>
        <cc:local-in id="Retrieval" routes-to="CheckFile"/>
        <cc:async-mediation id="CheckFile" routes-to="DocIterator">
            <cc:steps>
                <cc:eval id="Eval">
                    <cc:expression>props['file.count'] = da.size()</cc:expression>
                    <cc:expression>props['validation.mode'] = lp.getSimpleData('Validation Mode')</cc:expression>
                    <cc:expression>props['doc.reten'] = intsys.getAttribute('Document Retention Policy')</cc:expression>
                    <cc:expression>props['close.audit'] = false</cc:expression>
                    <cc:expression>props['close.error'] = false</cc:expression>
                    <cc:expression>props['errors.exist'] = false</cc:expression>
                    <cc:expression>props['total.amount'] = 0</cc:expression>
                    <cc:expression>props['success.amount'] = 0</cc:expression>
                    <cc:expression>props['error.amount'] = 0</cc:expression>
                    <cc:expression>props['total.invoices'] = 0</cc:expression>
                    <cc:expression>props['success.invoices'] = 0</cc:expression>
                    <cc:expression>props['error.invoices'] = 0</cc:expression>
                    <cc:expression>props['today'] = lp.getSimpleData('Intgration Run Date')</cc:expression>
                    <cc:expression>props['filename'] = lp.getSequencedValue('INT6132-Filename')</cc:expression>
                </cc:eval>
                <cc:validate-exp id="ValidateExp">
                    <cc:expression failure-message="No file was retrieved">props['file.count'] != 0</cc:expression>
                </cc:validate-exp>
                <cc:write id="Write" output="variable" output-mimetype="text/plain" output-variable="final.audit">
                    <cc:message>
                        <cc:text>Company, Supplier Invoice Number, Currency, Supplier ID, Invoice Date, Control Total, Payment Message, Line Number, Spend Category, Line Amount, Cost Center, Function, Project Plan Task, Error&#xD;
</cc:text>
                    </cc:message>
                </cc:write>
            </cc:steps>
            <cc:send-error id="SendError" routes-to="RetrievalError"/>
        </cc:async-mediation>
        <cc:local-out id="RetrievalError" routes-response-to="IntegrationEnd" endpoint="vm://wcc/PutIntegrationMessage"><cc:set name="is.message.severity" value="'WARNING'"/><cc:set name="is.message.summary" value="'No file was retrieved'"/><cc:set name="is.message.storage.enabled" value="false"/><cc:set name="is.message.detail" value="context.errorMessage"/></cc:local-out>
        <cc:local-out id="IntegrationEnd" endpoint="vm://wcc/PutIntegrationEvent"><cc:set name="is.event.completed" value="&quot;current&quot;"/></cc:local-out>
        <cc:route id="DocIterator">
            <cc:doc-iterator/>
            <cc:sub-route name="SubRoute" routes-to="CallFileProcessor"/>
        </cc:route>
        <cc:local-out id="CallFileProcessor" store-message="none" endpoint="vm://INT6132_Teamconnect_Invoices_Inbound/FileProcessor"/>
        <cc:local-in id="FileProcessor" routes-to="FileIntoMessage"/>
        <cc:async-mediation id="FileIntoMessage" routes-to="Splitter">
            <cc:steps>
                <cc:copy id="Copy" output-mimetype="text/plain" input="variable" input-variable="wd.retrieve.variable"/>
                <cc:write id="Write" output-mimetype="text/plain">
                    <cc:message>
                        <cc:message-content/>
                        <cc:text></cc:text>
                    </cc:message>
                </cc:write>
                <cc:csv-to-xml id="CsvToXml" separator="|"/>
                <cc:log id="Log">
                    <cc:log-message>
                        <cc:text>-------after csv--------</cc:text>
                        <cc:message-content/>
                    </cc:log-message>
                </cc:log>
                <cc:eval id="Eval">
                    <cc:expression>props['invoice.InvoiceNode'] = parts[0].xpathB('root/row')</cc:expression>
                    <cc:expression>props['error.summary'] = 'No record existing in inbound file'</cc:expression>
                    <cc:expression>props['record.line'] = parts[0].xpathB('root/row[col1=&quot;L&quot;]')</cc:expression>
                </cc:eval>
                <cc:validate-exp id="ValidateExp">
                    <cc:expression failure-message="No record line existing in inbound file">props['record.line']==true</cc:expression>
                </cc:validate-exp>
                <cc:eval id="Eval0">
                    <cc:expression>props['error.summary']='An error occured in the text schema for the input file'</cc:expression>
                </cc:eval>
                <cc:textschema id="Textschema" input="variable" input-variable="wd.retrieve.variable" style="text2xml" url="TextSchema.xsd"/>
            </cc:steps>
            <cc:send-error id="SendError" routes-to="FileError"/>
        </cc:async-mediation>
        <cc:local-out id="FileError" routes-response-to="CallAudit" endpoint="vm://wcc/PutIntegrationMessage"><cc:set name="is.message.severity" value="'WARNING'"/><cc:set name="is.message.summary" value="props['error.summary']"/><cc:set name="is.message.storage.enabled" value="false"/><cc:set name="is.message.detail" value="context.errorMessage"/></cc:local-out>
        <cc:splitter id="Splitter">
            <cc:sub-route name="SubRoute" routes-to="CallSubmitInvoices"/>
            <cc:xml-stream-splitter xpath="File/Invoices"/>
        </cc:splitter>
        <cc:async-mediation id="GetSupplier" routes-to="CallInvoiceLine" handle-downstream-errors="true">
            <cc:steps>
                <cc:copy id="Copy" output="variable" output-variable="current.invoice"/>
                <cc:log id="Log" input="variable" input-variable="current.invoice">
                    <cc:log-message>
                        <cc:text>----after copy----</cc:text>
                        <cc:message-content/>
                    </cc:log-message>
                </cc:log>
                <cc:eval id="Eval">
                    <cc:expression>props['total.invoices'] = props['total.invoices'] + 1</cc:expression>
                    <cc:expression>//props['project.plan.task'] = parts[0].xpath('Invoices/InvoiceDetail/ProjectTask')</cc:expression>
                    <cc:expression>props['invoice.id'] = '';&#xD;
props['invoice.id'] = parts[0].xpath('Invoices/SupplierInvoiceNumber')</cc:expression>
                    <cc:expression>props['tax.amount'] = '';&#xD;
props['tax.amount'] = parts[0].xpath('Invoices/TaxTotal')</cc:expression>
                    <cc:expression>props['invoice.amount'] = '';&#xD;
props['invoice.amount'] = parts[0].xpath('Invoices/InvoiceTotal')</cc:expression>
                    <cc:expression>props['control.amount'] = '';&#xD;
props['control.amount'] = props['tax.amount'] + props['invoice.amount'] </cc:expression>
                    <cc:expression>props['total.amount'] = props['total.amount'] + props['control.amount']</cc:expression>
                    <cc:expression>props['error.free'] = true</cc:expression>
                    <cc:expression>props['invoice.date'] = '';&#xD;
props['invoice.date'] = parts[0].xpath('Invoices/InvoiceDate')</cc:expression>
                </cc:eval>
                <cc:validate-exp id="ValidateExp">
                    <cc:expression failure-message="Payment amount is $0 for Invoice @{props['invoice.id']}">props['invoice.amount'] != 0</cc:expression>
                </cc:validate-exp>
                <cc:validate-exp id="ValidateExp0">
                    <cc:expression failure-message="Payment amount is less than $0 for Invoice @{props['invoice.id']}">props['invoice.amount'] > 0</cc:expression>
                </cc:validate-exp>
                <cc:xslt id="Xslt" output="variable" output-mimetype="text/xml" output-variable="supplier.invoice" url="SubmitInvoice.xsl"/>
            </cc:steps>
            <cc:send-error id="SendError" routes-to="ValidationOff0"/>
        </cc:async-mediation>
        <cc:local-out id="CallAuditLog" store-message="none" endpoint="AuditLog"><cc:set name="errors" value="props['errors.exist'] = true; props['error.free'] = false"/><cc:set name="errorMessage" value="props['exception.message'] = context.exception.toString();&#xD;&#xA;props['error.message'] = context.errorMessage.toString();"/></cc:local-out>
        <cc:workday-out-rest id="Function" routes-response-to="CheckProjectStatus" extra-path="@{intsys.reportService.getExtrapath('INT6132Function')}?Project_Plan_Task!Project_Plan_ID=@{props['project.plan.task']}"/>
        <cc:workday-out-soap id="SubmitInvoice" execute-when="props['error.free'] == true" routes-response-to="ValidationOff" application="Resource_Management" version="v31.2"/>
        <cc:async-mediation id="ValidationOff" routes-to="SuccessAudit" execute-steps-when="(props['validation.mode'] == true) ">
            <cc:steps>
                <cc:set-headers id="ValidationOff"><cc:remove-headers>
    <cc:remove-header name="X-Validate-Only"/>
</cc:remove-headers><cc:add-headers/></cc:set-headers>
            </cc:steps>
        </cc:async-mediation>
        <cc:async-mediation id="SuccessAudit" execute-steps-when="props['error.free'] == true">
            <cc:steps>
                <cc:copy id="Copy" input="variable" input-variable="supplier.invoice"/>
                <cc:eval id="Eval">
                    <cc:expression>props['success.invoices'] = props['success.invoices'] + 1</cc:expression>
                    <cc:expression>props['success.amount'] = props['success.amount'] + parts[0].xstream(&quot;wd:Submit_Supplier_Invoice_Request/wd:Supplier_Invoice_Data/wd:Control_Amount_Total&quot;)</cc:expression>
                </cc:eval>
                <cc:xslt id="Xslt" url="SuccessAudit.xsl"/>
                <cc:write id="Write" output="variable" output-mimetype="text/plain" output-variable="final.audit">
                    <cc:message>
                        <cc:text>@{vars['final.audit'].text}</cc:text>
                        <cc:message-content/>
                        <cc:line-separator/>
                    </cc:message>
                </cc:write>
            </cc:steps>
            <cc:send-error id="SendError" routes-to="FileAuditError"/>
        </cc:async-mediation>
        <cc:local-out id="FileAuditError" endpoint="vm://wcc/PutIntegrationMessage"><cc:set name="is.message.severity" value="'ERROR'"/><cc:set name="is.message.summary" value="'An error occured creating a success audit entry'"/><cc:set name="is.message.storage.enabled" value="false"/><cc:set name="is.message.detail" value="context.errorMessage"/></cc:local-out>
        <cc:local-in id="AuditLog" routes-to="PreAuditEntry"/>
        <cc:async-mediation id="PreAuditEntry" routes-to="AuditEntry">
            <cc:steps>
                <cc:set-headers id="ValidationOff"><cc:remove-headers>
    <cc:remove-header name="X-Validate-Only"/>
</cc:remove-headers><cc:add-headers/></cc:set-headers>
                <cc:log id="Log">
                    <cc:log-message>
                        <cc:text>-----------after validation off----------</cc:text>
                        <cc:message-content/>
                    </cc:log-message>
                </cc:log>
            </cc:steps>
            <cc:send-error id="SendError" routes-to="AuditError"/>
        </cc:async-mediation>
        <cc:local-out id="AuditError" endpoint="vm://wcc/PutIntegrationMessage"><cc:set name="is.message.severity" value="'ERROR'"/><cc:set name="is.message.summary" value="'An error occured creating an audit entry'"/><cc:set name="is.message.detail" value="context.errorMessage"/></cc:local-out>
        <cc:async-mediation id="AuditEntry" routes-to="NoRecord" execute-steps-when="props['record.line'] == true">
            <cc:steps>
                <cc:copy id="Copy0" input="variable" input-variable="current.invoice"/>
                <cc:xslt id="Xslt0" output="variable" output-variable="audit.entry" url="AuditEntry.xsl"/>
                <cc:copy id="Copy" input="variable" input-variable="audit.entry"/>
                <cc:xslt id="Xslt" url="ErrorAudit.xsl"/>
                <cc:write id="Write" output="variable" output-mimetype="text/plain" output-variable="final.audit">
                    <cc:message>
                        <cc:text>@{vars['final.audit'].text}</cc:text>
                        <cc:message-content/>
                    </cc:message>
                </cc:write>
            </cc:steps>
            <cc:send-error id="SendError" routes-to="AuditError"/>
        </cc:async-mediation>
        <cc:local-in id="ErrorsOnly" routes-to="ErrorEntry"/>
        <cc:async-mediation id="ErrorEntry" routes-to="Aggregator">
            <cc:steps>
                <cc:copy id="Copy" input="variable" input-variable="audit.entry"/>
                <cc:xslt id="Xslt" url="ErrorsOnly.xsl"/>
            </cc:steps>
            <cc:send-error id="SendError" routes-to="PutErrorError"/>
        </cc:async-mediation>
        <cc:local-out id="PutErrorError" endpoint="vm://wcc/PutIntegrationMessage"><cc:set name="is.message.severity" value="'ERROR'"/><cc:set name="is.message.summary" value="'An error occured creating an error entry'"/><cc:set name="is.message.detail" value="context.errorMessage"/></cc:local-out>
        <cc:local-out id="CallCloseErrorAgg" store-message="none" execute-when="props['errors.exist'] == true" endpoint="vm://INT6132_Teamconnect_Invoices_Inbound/CloseErrorAgg"><cc:set name="closeAgg" value="props['close.error'] = true"/></cc:local-out>
        <cc:local-in id="CloseErrorAgg" routes-to="Aggregator"/>
        <cc:aggregator id="Aggregator" routes-to="StoreError" collate-when="props['close.error'] == false" force-batch-on-last-message="false" force-batch-when="props['close.error'] == true">
            <cc:size-batch-strategy/>
            <cc:xml-message-content-collater>
        <cc:header-text>&lt;Errors></cc:header-text>
        <cc:footer-text>&lt;/Errors></cc:footer-text>
      </cc:xml-message-content-collater>
        </cc:aggregator>
        <cc:async-mediation id="StoreError" routes-to="PutErrorFile">
            <cc:steps>
                <cc:store id="Store" output="variable" output-variable="error.file" expiresIn="P@{props['doc.reten']}D" title="INT6132ErrorsOnly.xml"/>
            </cc:steps>
            <cc:send-error id="SendError" routes-to="StoreErrorError"/>
        </cc:async-mediation>
        <cc:local-out id="StoreErrorError" endpoint="vm://wcc/PutIntegrationMessage"><cc:set name="is.message.severity" value="'ERROR'"/><cc:set name="is.message.summary" value="'An error occured storing the errors only file'"/><cc:set name="is.message.detail" value="context.errorMessage"/></cc:local-out>
        <cc:local-out id="PutErrorFile" endpoint="vm://wcc/PutIntegrationMessage"><cc:set name="is.message.severity" value="'ERROR'"/><cc:set name="is.message.summary" value="'INT6132ErrorsOnly.xml'"/><cc:set name="is.document.variable.name" value="'error.file'"/><cc:set name="is.document.file.name" value="'INT6132ErrorsOnly.xml'"/></cc:local-out>
        <cc:local-in id="CloseAuditAgg" routes-to="StoreAudit"/>
        <cc:async-mediation id="StoreAudit" routes-to="DeliverAuditFile">
            <cc:steps>
                <cc:store id="Store" output="variable" output-variable="audit.file" input="variable" input-variable="final.audit" expiresIn="P@{props['doc.reten']}D" title="@{props['filename']}"/>
            </cc:steps>
            <cc:send-error id="SendError" routes-to="AuditStoreError"/>
        </cc:async-mediation>
        <cc:local-out id="AuditStoreError" endpoint="vm://wcc/PutIntegrationMessage"><cc:set name="is.message.severity" value="'ERROR'"/><cc:set name="is.message.summary" value="'An error occured storing the audit log'"/><cc:set name="is.message.detail" value="context.errorMessage"/></cc:local-out>
        <cc:local-out id="DeliverAuditFile" endpoint="vm://wcc/PutIntegrationMessage"><cc:set name="is.message.severity" value="'INFO'"/><cc:set name="is.message.summary" value=" props['filename'] + ' has been attached and delivered'"/><cc:set name="is.document.variable.name" value="'audit.file'"/><cc:set name="is.document.file.name" value="props['filename']"/><cc:set name="is.document.deliverable" value="'true'"/><cc:set name="is.document.delivery.services" value="'INT6132 Delivery'"/></cc:local-out>
        <cc:send-error id="GlobalErrorHandler" rethrow-error="false" routes-to="Note-Error"/>
        <cc:local-out id="Note-Error" endpoint="vm://wcc/PutIntegrationMessage"><cc:set name="is.message.severity" value="'CRITICAL'"/><cc:set name="is.message.summary" value="'Critical Error Occurred! Please see detail:'"/><cc:set name="is.message.detail" value="context.errorMessage"/></cc:local-out>
        <cc:local-out id="AmountError" store-message="none" routes-response-to="CallAuditLog" endpoint="vm://wcc/PutIntegrationMessage"><cc:set name="is.message.severity" value="'ERROR'"/><cc:set name="is.message.summary" value="'Please check the details for more info'"/><cc:set name="is.message.detail" value="context.errorMessage"/></cc:local-out>
        <cc:local-out id="CallSubmitInvoices" store-message="none" endpoint="vm://INT6132_Teamconnect_Invoices_Inbound/SubmitInvoices"/>
        <cc:async-mediation id="NoRecord" execute-steps-when="props['record.line'] != true">
            <cc:steps>
                <cc:xslt id="Xslt" url="NoRecord.xsl"/>
                <cc:write id="Write" output="variable" output-mimetype="text/plain" output-variable="final.audit">
                    <cc:message>
                        <cc:message-content/>
                    </cc:message>
                </cc:write>
            </cc:steps>
            <cc:send-error id="SendError" routes-to="AuditError"/>
        </cc:async-mediation>
        <cc:local-out id="CallAudit" store-message="none" endpoint="vm://INT6132_Teamconnect_Invoices_Inbound/AuditLog"><cc:set name="errorMessage" value="props['exception.message'] = context.exception.toString();&#xD;&#xA;props['error.message'] = context.errorMessage.toString();"/></cc:local-out>
        <cc:local-in id="SubmitInvoices" routes-to="GetSupplier"/>
        <cc:local-out id="CallInvoiceLine" store-message="none" execute-when="props['error.free'] == true" routes-response-to="CheckAmount" endpoint="vm://INT6132_Teamconnect_Invoices_Inbound/InvoiceLine"/>
        <cc:local-in id="InvoiceLine" routes-to="AsyncMediation"/>
        <cc:splitter id="Splitter0">
            <cc:sub-route name="SubRoute" routes-to="ProjectPlanTask"/>
            <cc:xml-stream-splitter xpath="Invoices/InvoiceDetail"/>
        </cc:splitter>
        <cc:async-mediation id="ProjectPlanTask" routes-to="Function" handle-downstream-errors="false">
            <cc:steps>
                <cc:copy id="Copy" output="variable" output-mimetype="text/xml" output-variable="invoice.line"/>
                <cc:eval id="Eval">
                    <cc:expression>props['project.plan.task'] = parts[0].xpath('InvoiceDetail/ProjectTask')</cc:expression>
                    <cc:expression>props['account'] = parts[0].xpath('InvoiceDetail/SpendCat')</cc:expression>
                    <cc:expression>props['line.amount'] = '';&#xD;
props['line.amount'] = parts[0].xpath('InvoiceDetail/Amount')</cc:expression>
                    <cc:expression>props['total.line.amount'] = props['total.line.amount'] + props['line.amount']</cc:expression>
                </cc:eval>
            </cc:steps>
            <cc:send-error id="SendError" routes-to="CallAudit1"/>
        </cc:async-mediation>
        <cc:async-mediation id="CheckProjectStatus" routes-to="GetCC" handle-downstream-errors="true">
            <cc:steps>
                <cc:eval id="Eval">
                    <cc:expression>props['function'] = '';&#xD;
props['function'] = parts[0].xpath('wd:Report_Data/wd:Report_Entry/wd:Project/wd:Worktags[contains(@wd:Descriptor, &quot;Function&quot;)]/wd:ID[@wd:type=&quot;Custom_Organization_Reference_ID&quot;]')</cc:expression>
                    <cc:expression>props['Project.Status'] = '';&#xD;
props['Project.Status'] = parts[0].xpath('wd:Report_Data/wd:Report_Entry/wd:Project/wd:Project_Status/@wd:Descriptor')</cc:expression>
                    <cc:expression>props['Project.Start.Date']='';&#xD;
props['Project.Start.Date']=parts[0].xpath('wd:Report_Data/wd:Report_Entry/wd:Project/wd:Project_Start_Date')</cc:expression>
                    <cc:expression>System.out.println(&quot;props['Project.Status']:&quot; + props['Project.Status']);&#xD;
System.out.println(&quot;props['function']:&quot; + props['function']);&#xD;
System.out.println(&quot;props['Project.Start.Date']:&quot; + props['Project.Start.Date']);&#xD;
System.out.println(&quot;props['invoice.date'] &quot; + props['invoice.date'] );</cc:expression>
                </cc:eval>
                <cc:validate-exp id="ValidateExp">
                    <cc:expression failure-message="Project @{props['project.plan.task']} has @{props['Project.Status']} project status.">(props['Project.Status'] != 'Closed') &amp;&amp; (props['Project.Status'] != 'Work Completed')</cc:expression>
                    <cc:expression failure-message="Project @{props['project.plan.task']} Start date is greater than transaction date">props['invoice.date'].toString().replace('-', '') > props['Project.Start.Date'].toString().replace('-', '')</cc:expression>
                </cc:validate-exp>
            </cc:steps>
            <cc:send-error id="SendError" routes-to="ProjectStatusErr"/>
        </cc:async-mediation>
        <cc:async-mediation id="AsyncMediation0" routes-to="ValidationOn" execute-steps-when="props['error.free'] == true">
            <cc:steps>
                <cc:copy id="Copy" input="variable" input-variable="supplier.invoice"/>
                <cc:wrap-soap id="WrapSoap"/>
            </cc:steps>
            <cc:send-error id="SendError" routes-to="ValidationOff0"/>
        </cc:async-mediation>
        <cc:async-mediation id="ValidationOn" routes-to="SubmitInvoice" execute-steps-when="(props['validation.mode'] == true) ">
            <cc:steps>
                <cc:set-headers id="ValidationON">
                    <cc:remove-headers/>
                    <cc:add-headers>
                        <cc:add-header name="X-Validate-Only" value="1"/>
                    </cc:add-headers>
                </cc:set-headers>
            </cc:steps>
        </cc:async-mediation>
        <cc:local-out id="CallAudit1" store-message="none" endpoint="vm://INT6132_Teamconnect_Invoices_Inbound/AuditLog">
            <cc:set name="errors" value="props['errors.exist'] = true; props['error.free'] = false"/>
            <cc:set name="errorMessage" value="props['exception.message'] = context.exception.toString();&#xD;&#xA;props['error.message'] = context.errorMessage.toString();"/>
        </cc:local-out>
        <cc:async-mediation id="ValidationOff0" routes-to="AmountError" execute-steps-when="(props['validation.mode'] == true) ">
            <cc:steps>
                <cc:set-headers id="ValidationOff">
                    <cc:remove-headers>
                        <cc:remove-header name="X-Validate-Only"/>
                    </cc:remove-headers>
                    <cc:add-headers/>
                </cc:set-headers>
            </cc:steps>
        </cc:async-mediation>
        <cc:async-mediation id="AsyncMediation" routes-to="Splitter0">
            <cc:steps>
                <cc:eval id="Eval">
                    <cc:expression>props['total.line.amount'] = ''</cc:expression>
                </cc:eval>
            </cc:steps>
        </cc:async-mediation>
        <cc:async-mediation id="CheckAmount" routes-to="AsyncMediation0" execute-steps-when="props['error.free'] == true">
            <cc:steps>
                <cc:validate-exp id="ValidateExp">
                    <cc:expression failure-message="The total amount @{props['invoice.amount']} in header line is not equal to the sum amount @{props['total.line.amount']} of all record lines">props['total.line.amount'] == props['invoice.amount']</cc:expression>
                </cc:validate-exp>
            </cc:steps>
            <cc:send-error id="SendError" routes-to="AmountError"/>
        </cc:async-mediation>
        <cc:async-mediation id="GetCC" routes-to="CheckCCStatus">
            <cc:steps>
                <cc:copy id="Copy" input="variable" input-variable="invoice.line"/>
                <cc:eval id="Eval">
                    <cc:expression>props['CostCenter'] = '';&#xD;
props['CostCenter'] = parts[0].xpath('InvoiceDetail/CostCenter')</cc:expression>
                </cc:eval>
            </cc:steps>
        </cc:async-mediation>
        <cc:async-mediation id="CreateINVLine" routes-to="AsyncMediation1">
            <cc:steps>
                <cc:eval id="Eval">
                    <cc:expression>props['CostCenterStatus'] = '';&#xD;
props['CostCenterStatus'] = parts[0].xpath('wd:Report_Data/wd:Report_Entry/wd:Inactive')</cc:expression>
                </cc:eval>
                <cc:validate-exp id="ValidateExp">
                    <cc:expression failure-message="Cost center @{props['CostCenter']} has inactive status.">props['CostCenterStatus'] == '0' </cc:expression>
                </cc:validate-exp>
            </cc:steps>
            <cc:send-error id="SendError" routes-to="CCStatusErr"/>
        </cc:async-mediation>
        <cc:workday-out-rest id="CheckCCStatus" routes-response-to="CreateINVLine" extra-path="@{intsys.reportService.getExtrapath('INT6132CCStatus')}?referenceID=@{props['CostCenter']}"/>
        <cc:local-out id="ProjectStatusErr" store-message="none" routes-response-to="CallAudit1" endpoint="vm://wcc/PutIntegrationMessage">
            <cc:set name="is.message.severity" value="'ERROR'"/>
            <cc:set name="is.message.summary" value="'Please check the details for more info'"/>
            <cc:set name="is.message.detail" value="context.errorMessage"/>
        </cc:local-out>
        <cc:async-mediation id="AsyncMediation1">
            <cc:steps>
                <cc:copy id="Copy" input="variable" input-variable="invoice.line"/>
                <cc:xslt id="Xslt" url="InvoiceLine.xsl"/>
                <cc:copy id="Copy0" output="variable" output-mimetype="text/xml" output-variable="supplier.invoice" append-to-output-element="true" output-xpath="wd:Submit_Supplier_Invoice_Request/wd:Supplier_Invoice_Data"/></cc:steps>
            <cc:send-error id="SendError" routes-to="CallAudit1"/>
        </cc:async-mediation>
        <cc:local-out id="CCStatusErr" store-message="none" routes-response-to="CallAudit1" endpoint="vm://wcc/PutIntegrationMessage">
            <cc:set name="is.message.severity" value="'ERROR'"/>
            <cc:set name="is.message.summary" value="'Please check the details for more info'"/>
            <cc:set name="is.message.detail" value="context.errorMessage"/>
        </cc:local-out>
    </cc:assembly>

</beans>