<?xml version="1.0" encoding="UTF-8"?>
<beans
     xmlns="http://www.springframework.org/schema/beans"
     xmlns:beans="http://www.springframework.org/schema/beans"
     xmlns:atom="http://www.w3.org/2005/Atom"
     xmlns:cc="http://www.capeclear.com/assembly/10"
     xmlns:cloud="urn:com.workday/esb/cloud/10.0"
     xmlns:env="http://schemas.xmlsoap.org/soap/envelope/"
     xmlns:pi="urn:com.workday/picof"
     xmlns:wd="urn:com.workday/bsvc"
     xmlns:xsi="http://www.w3.org/2001/XMLSchema-instance">
 
	<cc:assembly id="WorkdayAssembly" version="2020.36">
        <cc:workday-in id="StartHere" routes-to="AsyncMediation2">
            <cc:integration-system name="WXTND INT0124 Load Users">
        <cloud:retrieval-service name="INT0124_LoadUser"/>
        <cloud:report-service name="WXTND INT0124 Load Users_RS">
          <cloud:report-alias description="WXTND_INT0124_TAPS_BANK_ACCOUNT" name="WXTND_INT0124_TAPS_BANK_ACCOUNT">
            <cloud:report-reference description="WXTND_INT0124_TAPS_BANK_ACCOUNT" type="WID">168823609e09011e76a174c9a910414b</cloud:report-reference>
          </cloud:report-alias>
          <cloud:report-alias description="WXTND INT0124 Check Admin User" name="adminUser">
            <cloud:report-reference description="WXTND INT0124 Check Admin User" type="WID">ca58ff459e50011ce84708b883570000</cloud:report-reference>
          </cloud:report-alias>
        </cloud:report-service>
        <cloud:custom-object-service name="WXTND TAPS User">
          <cloud:custom-object-alias description="WXTND TAPS User" name="WXTNDTAPSUser">
            <cloud:custom-object-reference description="WXTND TAPS User" type="WID">2481a497d0fa01c47231fbd896396ce8</cloud:custom-object-reference>
          </cloud:custom-object-alias>
        </cloud:custom-object-service>
      </cc:integration-system>
        </cc:workday-in>
        <cc:local-in id="retrieveFile" routes-to="AsyncMediation0"/>
        <cc:async-mediation id="AsyncMediation0" routes-to="Route">
            <cc:steps>
            </cc:steps>
        </cc:async-mediation>
        <cc:local-out id="Call-retrieveFile" routes-response-to="Call-batchDataSource" endpoint="vm://WXTND_INT0124_Load_Users/retrieveFile"/>
        <cc:local-out id="PagedGet" routes-response-to="Aggregator" endpoint="vm://wcc/PagedGet"><cc:set name="is.paged.get.request.current.page.xpath" value="'/env:Envelope/env:Body/*/wd:Response_Filter/wd:Page'"/><cc:set name="is.paged.get.response.current.page.xpath" value="'/env:Envelope/env:Body/*/wd:Response_Results/wd:Page'"/><cc:set name="is.paged.get.response.total.pages.xpath" value="'/env:Envelope/env:Body/*/wd:Response_Results/wd:Total_Pages'"/><cc:set name="is.paged.get.response.total.results.xpath" value="'/env:Envelope/env:Body/*/wd:Response_Results/wd:Total_Results'"/><cc:set name="is.paged.get.application" value="'Human_Resources'"/><cc:set name="is.paged.get.version" value="'v33.2'"/><cc:set name="is.paged.get.page.zero" value="false"/><cc:set name="is.paged.get.store.requests" value="true"/><cc:set name="is.paged.get.aggregate.xpath" value="'/env:Envelope/env:Body/wd:Get_Workers_Response/wd:Response_Data/wd:Worker/wd:Worker_Reference'"/><cc:set name="is.paged.get.aggregate.header" value="'&lt;workers>'"/><cc:set name="is.paged.get.aggregate.footer" value="'&lt;/workers>'"/></cc:local-out>
        <cc:async-mediation id="AsyncMediation2" routes-to="CalladminData" handle-downstream-errors="true">
            <cc:steps>
                <cc:validate-exp id="ValidateExp">
                    <cc:expression error-number="400" failure-message="'File does not exist on SFTP'">da.size() > 0</cc:expression>
                </cc:validate-exp>
                <cc:eval id="Eval">
                    <cc:expression>da.toVar(0, 'wd.retrieve.variable');</cc:expression>
                    <cc:expression>props['p.dataSoruce.batch'] = false</cc:expression>
                    <cc:expression>props['AccessList'] = new java.util.ArrayList()</cc:expression>
                    <cc:expression>props['AccessListSTR']= new java.lang.StringBuffer()</cc:expression>
                </cc:eval>
            </cc:steps>
            <cc:send-error id="SendError" routes-to="PutIntegrationMessage"/>
        </cc:async-mediation>
        <cc:route id="Route">
            <cc:all-strategy/>
            <cc:sub-route name="inboundFile" routes-to="AsyncMediation4"/>
            <cc:sub-route name="getWorkers" routes-to="AsyncMediation1"/>
            <cc:sub-route name="bankAccount" routes-to="AsyncMediation8"/>
        </cc:route>
        <cc:async-mediation id="AsyncMediation1" routes-to="PagedGet">
            <cc:steps>
                <cc:log id="Log">
                    <cc:log-message>
                        <cc:text>&#xD;
&#xD;
After Get Worker>>>>>>>>>>>>>>>></cc:text>
                        <cc:message-content/>
                    </cc:log-message>
                </cc:log>
                <cc:xslt-plus id="getWorkers" input="variable" input-variable="v.inboundFile" url="generateGetWorkerRequest.xsl"/>
                <cc:wrap-soap id="WrapSoap"/>
                <cc:log id="Log0">
                    <cc:log-message>
                        <cc:text>&#xD;
&#xD;
?????????????????&#xD;
GET WORKERS WEBSERVICE</cc:text>
                        <cc:line-separator/>
                        <cc:line-separator/>
                    </cc:log-message>
                </cc:log>
            </cc:steps>
        </cc:async-mediation>
        <cc:async-mediation id="AsyncMediation4" routes-to="Aggregator">
            <cc:steps>
                <cc:text-excel id="TextExcel" output="message" output-mimetype="text/csv" input="variable" input-variable="wd.retrieve.variable" excelstyle="sheet" style="excel2text"/>
                <cc:eval id="Eval0">
                    <cc:expression>vars['wd.retrieve.variable'] = parts[0].text.toString().replaceAll(&quot;'&quot;, &quot;&quot;)</cc:expression>
                </cc:eval>
                <cc:csv-to-xml id="CsvToXml" output="variable" output-variable="v.inboundFile" input="variable" input-variable="wd.retrieve.variable" separator="," useFirstLineAsHeader="true"/>
                <cc:copy id="Copy" input="variable" input-variable="v.inboundFile"/>
                <cc:log id="Log">
                    <cc:log-message>
                        <cc:text>&#xD;
&#xD;
??????&#xD;
After CSV to XML</cc:text>
                    </cc:log-message>
                </cc:log>
            </cc:steps>
        </cc:async-mediation>
        <cc:aggregator id="Aggregator" routes-to="Call-postCustomObjectData" collate-when="props['p.dataSoruce.batch'] == false" force-batch-on-last-message="false" force-batch-when="props['p.dataSoruce.batch'] == true">
            <cc:size-batch-strategy batch-size="-1"/>
            <cc:xml-message-content-collater>
        <cc:header-text>&lt;dataSource></cc:header-text>
        <cc:footer-text>&lt;/dataSource></cc:footer-text>
      </cc:xml-message-content-collater>
        </cc:aggregator>
        <cc:async-mediation id="AsyncMediation3" routes-to="Splitter">
            <cc:steps>
                <cc:xslt-plus id="XsltPlus" url="generateCustomObjectRequest.xsl"/>
                <cc:eval id="Eval">
                    <cc:expression>props['RecordCounter'] = 0</cc:expression>
                </cc:eval>
                <cc:log id="Log">
                    <cc:log-message>
                        <cc:line-separator/>
                        <cc:text>** DATA **</cc:text>
                        <cc:line-separator/>
                        <cc:line-separator/>
                    </cc:log-message>
                </cc:log>
            </cc:steps>
        </cc:async-mediation>
        <cc:local-in id="batchDataSource" routes-to="Aggregator"/>
        <cc:local-out id="Call-batchDataSource" routes-response-to="AsyncMediation6" endpoint="vm://WXTND_INT0124_Load_Users/batchDataSource"><cc:set name="p.dataSoruce.batch" value="true"/></cc:local-out>
        <cc:workday-out-rest id="WorkdayOutRest" routes-response-to="AsyncMediation" extra-path="@{intsys.customObjectService.getExtrapath('WXTNDTAPSUser')}/wxtndTapsUser?updateIfExists=true" method="POST"/>
        <cc:splitter id="Splitter">
            <cc:sub-route name="SubRoute" routes-to="AsyncMediation5"/>
            <cc:xml-stream-splitter xpath="root/data"/>
        </cc:splitter>
        <cc:async-mediation id="AsyncMediation5" routes-to="AccessRoleReq" handle-downstream-errors="true">
            <cc:steps>
                <cc:eval id="Eval0">
                    <cc:expression>props['BNKACC'] = parts[0].xpath('data/bankAccountNumber')</cc:expression>
                    <cc:expression>props['p.employee_ID'] = empty; props['p.employee_ID'] = parts[0].xstream('data/emplid')</cc:expression>
                    <cc:expression>props['RecordCounter'] = props['RecordCounter'] + 1</cc:expression>
                    <cc:expression>props['faApprover_ID'] = parts[0].xpath('data/faApprover')</cc:expression>
                    <cc:expression>props['adminData'] = vars['adminData'].xpath('wd:Report_Data/wd:Report_Entry[wd:Worker/wd:ID[@wd:type=&quot;Employee_ID&quot;] = &quot;' + props['faApprover_ID'] + '&quot;]/wd:Worker/@wd:Descriptor','wd urn:com.workday.report/WXTND_INT0124_Check_Admin_User')</cc:expression>
                    <cc:expression>if (props['adminData'] != empty) {props['adminData'] = 1; } else {props['adminData'] = 0;}</cc:expression>
                </cc:eval>
                <cc:validate-exp id="ValidateExp">
                    <cc:expression failure-message="Not a valid Bank Account Number in Workday">parts[0].xstream('data/bankWid') != ''</cc:expression>
                    <cc:expression failure-message="Worker cannot be empty">parts[0].xstream('data/worker/id') != ''</cc:expression>
                    <cc:expression failure-message="Director's ID is incorrect or blank in file.">props['adminData'] == 1</cc:expression>
                </cc:validate-exp>
                <cc:xslt-plus id="XsltPlus" url="removeUnusedElements.xsl"/>
                <cc:eval id="Eval">
                    <cc:expression>props['p.employee_ID'] = empty; props['p.employee_ID'] = parts[0].xstream('data/emplid')</cc:expression>
                    <cc:expression>props['p.iaApprover_ID'] = empty; props['p.iaApprover_ID'] = parts[0].xstream('data/iaApprover')</cc:expression>
                    <cc:expression>props['p.faApprover_ID'] = empty; props['p.faApprover_ID'] = parts[0].xstream('data/faApprover')</cc:expression>
                    <cc:expression>props['p.bankName'] = empty; props['p.bankName'] = parts[0].xstream('data/bankAccountName')</cc:expression>
                    <cc:expression>props['p.access'] = empty; props['p.access'] = parts[0].xstream('data/access/id')</cc:expression>
                    <cc:expression>props['p.accessReq'] = ( props['p.access'].toString().contains('Requestor') || props['p.access'].toString().contains('requestor'))? true : false</cc:expression>
                    <cc:expression>props['p.accessIA'] = props['p.access'].toString().contains('initialApprover') ? true : false</cc:expression>
                    <cc:expression>props['p.accessFA'] = props['p.access'].toString().contains('finalApprover') ? true : false</cc:expression>
                    <cc:expression>//props['p.accessSZ'] = props['p.access'].size()</cc:expression>
                    <cc:expression>//props['p.accessln'] = props['p.access'].toString().length()</cc:expression>
                    <cc:expression>props['AccessListRR'] =   props['p.access'].toString().split(',')</cc:expression>
                    <cc:expression>props['AccessListSTR'] = props['p.access'].toString().split(',')</cc:expression>
                    <cc:expression>props['AccessListSTRSZ'] = props['AccessListSTR'].size() </cc:expression>
                    <cc:expression>props['AccessList1'] ='' ;props['AccessList2'] ='';props['AccessList3'] ='';</cc:expression>
                    <cc:expression>if(props['AccessListSTRSZ'] == 1) {props['AccessList1'] = props['p.access'].toString()}</cc:expression>
                    <cc:expression>if(props['AccessListSTRSZ'] > 1) {props['AccessList1'] = props['p.access'].toString().substring(0, props['p.access'].toString().indexOf(','))}</cc:expression>
                    <cc:expression>if(props['AccessListSTRSZ'] == 1) {props['AccessList2'] =''; props['AccessList3']='';}</cc:expression>
                    <cc:expression>if(props['AccessListSTRSZ'] > 1 &amp;&amp; props['AccessListSTRSZ'] &lt; 3) {props['AccessList2'] = props['p.access'].toString().substring(  props['p.access'].toString().lastIndexOf(',') + 1 )}</cc:expression>
                    <cc:expression>if(props['AccessListSTRSZ'] == 2){ props['AccessList3']=''}</cc:expression>
                    <cc:expression>if(props['AccessListSTRSZ'] > 2 ){props['AccessList2'] =  props['p.access'].toString().substring( props['p.access'].toString().indexOf(',') + 1 , props['p.access'].toString().lastIndexOf(',')) }</cc:expression>
                    <cc:expression>if(props['AccessListSTRSZ'] > 2) {props['AccessList3'] = props['p.access'].toString().substring(  props['p.access'].toString().lastIndexOf(',') + 1 ) }</cc:expression>
                </cc:eval>
                <cc:log id="Log">
                    <cc:log-message>
                        <cc:text>&#xD;
&#xD;
>>>>>>>>>>>>>>>>>>>>>>>>>>>>>>>>>>>>>>>>>>>>>>>>>>>>&#xD;
props['p.access']==>@{props['p.access']}&#xD;
props['AccessListRR'] ==>@{props['AccessListRR']}&#xD;
&#xD;
props['AccessListSTR'] ==>@{props['AccessListSTR']}&#xD;
props['AccessListSTRSZ']  ==>@{props['AccessListSTRSZ']}&#xD;
props['AccessList1'] ==>@{props['AccessList1']}&#xD;
props['AccessList2'] ==>@{props['AccessList2']}&#xD;
props['AccessList3'] ==>@{props['AccessList3']}&#xD;
&#xD;
props['adminData'] ==> @{props['adminData']}&#xD;
props['faApprover_ID'] ==>@{props['faApprover_ID']}</cc:text>
                    </cc:log-message>
                </cc:log>
            </cc:steps>
            <cc:send-error id="SendError" routes-to="AsyncMediation7"/>
        </cc:async-mediation>
        <cc:local-in id="postCustomObjectData" routes-to="AsyncMediation3"/>
        <cc:local-out id="Call-postCustomObjectData" endpoint="vm://WXTND_INT0124_Load_Users/postCustomObjectData"/>
        <cc:async-mediation id="AsyncMediation">
            <cc:steps>
                <cc:cloud-log id="CloudLog" level="info" message="@{props['p.employee_ID']}" message-details="TAPS User Added Successfully" reference-id="props['p.employee_ID']">
                    <cc:log-column key="EmployeeID" label="Employee ID">@{props['p.employee_ID']}</cc:log-column>
                    <cc:log-column key="IAApprover" label="IA Approver">@{props['p.iaApprover_ID']}</cc:log-column>
                    <cc:log-column key="FAApprver" label="FA Apprver">@{props['p.faApprover_ID']}</cc:log-column>
                    <cc:log-column key="BankName" label="Bank Name">@{props['p.bankName']}</cc:log-column>
                    <cc:log-column key="Access" label="Access">@{props['p.access']}</cc:log-column>
                    <cc:log-column key="UpdatedAccess" label="UpdatedAccess">@{props['UserAccess']}</cc:log-column>
                    <cc:log-column key="bankAccount_Number" label="Bank Account Number">@{props['BNKACC']}</cc:log-column>
                </cc:cloud-log>
            </cc:steps>
        </cc:async-mediation>
        <cc:async-mediation id="AsyncMediation6" execute-steps-when="vars.isVariable('cloud-log-content')">
            <cc:steps>
                <cc:store id="Store" output="message" input="variable" input-variable="cloud-log-content" title="TAPS User Load Audit Log.html"/>
            </cc:steps>
        </cc:async-mediation>
        <cc:async-mediation id="AsyncMediation7">
            <cc:steps>
                <cc:cloud-log id="CloudLog" level="error" message="@{context.errorMessage}" message-details="Error processing TAPS User" reference-id="props['p.employee_ID']">
                    <cc:log-column key="EmployeeID" label="Employee ID">@{props['p.employee_ID']}</cc:log-column>
                    <cc:log-column key="IAApprover" label="IA Approver">@{props['p.iaApprover_ID']}</cc:log-column>
                    <cc:log-column key="FAApprver" label="FA Apprver">@{props['p.faApprover_ID']}</cc:log-column>
                    <cc:log-column key="BankName" label="Bank Name">@{props['p.bankName']}</cc:log-column>
                    <cc:log-column key="Access" label="Access">@{props['p.access']}</cc:log-column>
                    <cc:log-column key="bankAccount_Number" label="Bank Account Number">@{props['BNKACC']}</cc:log-column>
                    <cc:log-column key="rowNumber" label="Row in File">@{props['RecordCounter']}</cc:log-column>
                </cc:cloud-log>
            </cc:steps>
        </cc:async-mediation>
        <cc:async-mediation id="AsyncMediation8" routes-to="WorkdayOutRest0">
            <cc:steps/>
        </cc:async-mediation>
        <cc:workday-out-rest id="WorkdayOutRest0" routes-response-to="Aggregator" extra-path="@{intsys.reportService.getExtrapath('WXTND_INT0124_TAPS_BANK_ACCOUNT')}"/>
        <cc:local-out id="PutIntegrationMessage" endpoint="vm://wcc/PutIntegrationMessage"><cc:set name="is.message.severity" value="'CRITICAL'"/><cc:set name="is.message.summary" value="context.errorMessage"/></cc:local-out>
        <cc:async-mediation id="AsyncMediation9">
            <cc:steps>
                <cc:write id="Write">
                    <cc:message>
                        <cc:text>EmployeeID|BankAccount|BankAccountNumber|UserAccess|StartDate|EndDate|InitialApprover|IA_ApprovalDate|FinalApprover|FA_ApprovalDate|AccessStatus|UserEntryDate&#xD;
1020189|Alight Solutions Europe Ltd - Barclays|83128237|finalApprover500000|2020-01-01|2099-12-31|29185|2020-11-29|75335|2020-11-30|Inactive|2020-12-02&#xD;
</cc:text>
                    </cc:message>
                </cc:write></cc:steps>
        </cc:async-mediation>
        <cc:local-in id="CallAccessRole" routes-to="AsyncMediation11"><cc:out-parameter name="UserAccess"/></cc:local-in>
        <cc:local-out id="AccessRoleReq" store-message="none" execute-when="props['AccessList1'].toString().trim() != empty &amp;&amp; props['AccessList1'] !=''" routes-response-to="AccessRoleIA" endpoint="vm://WXTND_INT0124_Load_Users/CallAccessRole" clone-request="true"><cc:set name="UserAccess" value="props['AccessList1']"/></cc:local-out>
        <cc:local-out id="AccessRoleIA" store-message="none" execute-when="props['AccessList2'].toString().trim() != empty &amp;&amp; props['AccessList2'].toString().trim() !=''" routes-response-to="AccessRoleFA" endpoint="vm://WXTND_INT0124_Load_Users/CallAccessRole" clone-request="true"><cc:set name="UserAccess" value="props['AccessList2']"/></cc:local-out>
        <cc:local-out id="AccessRoleFA" store-message="none" execute-when="props['AccessList3'].toString().trim() != empty &amp;&amp; props['AccessList3'].toString().trim() !=''" endpoint="vm://WXTND_INT0124_Load_Users/CallAccessRole" clone-request="true"><cc:set name="UserAccess" value="props['AccessList3']"/></cc:local-out>
        <cc:async-mediation id="AsyncMediation11" routes-to="WorkdayOutRest">
            <cc:steps>
                <cc:xslt id="Xslt" url="UserAccess.xsl"/>
                <cc:xml-to-json id="XmlToJson" schema-url="xmlToJson.xsd"/>
                <cc:log id="Log">
                    <cc:log-message>
                        <cc:text>&#xD;
&#xD;
>>>>>>>>>>>>>>>>>>>>>>..USERUDG JGAG DJGJ&#xD;
props['UserAccess'] ==> @{props['UserAccess'] }&#xD;
</cc:text>
                        <cc:message-content/>
                    </cc:log-message>
                </cc:log>
            </cc:steps>
        </cc:async-mediation>
        <cc:async-mediation id="AsyncMediation10">
            <cc:steps>
                <cc:eval id="Eval">
                    <cc:expression>props['bankAccountName'] = parts[0].xpath('data/bankAccountName')</cc:expression>
                    <cc:expression>props['endDate'] = parts[0].xpath('data/endDate')</cc:expression>
                    <cc:expression>props['bankWid'] = parts[0].xpath('data/bankWid')</cc:expression>
                    <cc:expression>props['faApprovalDate'] = parts[0].xpath('data/faApprovalDate')</cc:expression>
                    <cc:expression>props['finalApprover'] = parts[0].xpath('data/finalApprover')</cc:expression>
                    <cc:expression>props['iaApprovalDate'] = parts[0].xpath('data/iaApprovalDate')</cc:expression>
                    <cc:expression>props['initialApprover'] = parts[0].xpath('data/initialApprover')</cc:expression>
                    <cc:expression>props['status'] = parts[0].xpath('data/status')</cc:expression>
                    <cc:expression>props['bankAccountNumber'] = parts[0].xpath('data/bankAccountNumber')</cc:expression>
                    <cc:expression>props['startDate'] = parts[0].xpath('data/startDate')</cc:expression>
                    <cc:expression>props['submittedDate'] = parts[0].xpath('data/submittedDate')</cc:expression>
                    <cc:expression>props['access'] = parts[0].xpath('data/access/id')</cc:expression>
                    <cc:expression>props['worker'] = parts[0].xpath('data/worker/id')</cc:expression>
                </cc:eval>
                <cc:write id="Write">
                    <cc:message>
                        <cc:text>{&#xD;
    &quot;bankAccountName&quot;: &quot;@{props['bankAccountName']}&quot;,&#xD;
    &quot;endDate&quot;: &quot;@{props['endDate']}&quot;,&#xD;
    &quot;bankWid&quot;: &quot;@{props['bankWid']}&quot;,&#xD;
    &quot;faApprovalDate&quot;: &quot;@{props['faApprovalDate']}&quot;,&#xD;
    &quot;finalApprover&quot;: &quot;@{props['finalApprover']}&quot;,&#xD;
    &quot;iaApprovalDate&quot;: &quot;@{props['iaApprovalDate']}&quot;,&#xD;
    &quot;initialApprover&quot;: &quot;@{props['initialApprover']}&quot;,&#xD;
    &quot;status&quot;: &quot;@{props['status']}&quot;,&#xD;
    &quot;bankAccountNumber&quot;: &quot;@{props['bankAccountNumber']}&quot;,&#xD;
    &quot;startDate&quot;: &quot;@{props['startDate']}&quot;,&#xD;
    &quot;submittedDate&quot;: &quot;@{props['submittedDate']}&quot;,&#xD;
    &quot;access&quot;: {&quot;id&quot;: &quot;@{props['access']}&quot;},&#xD;
    &quot;worker&quot;: {&quot;id&quot;: &quot;@{props['worker']}&quot;}&#xD;
}&#xD;
</cc:text>
                    </cc:message>
                </cc:write></cc:steps>
        </cc:async-mediation>
        <cc:async-mediation id="AsyncMediation12">
            <cc:steps>
                <cc:copy id="Copy" output="variable" output-variable="adminData"/>
            </cc:steps>
        </cc:async-mediation>
        <cc:workday-out-rest id="WorkdayOutRest1" routes-response-to="AsyncMediation12" extra-path="@{intsys.reportService.getExtrapath('adminUser')}"/>
        <cc:local-in id="adminData" routes-to="WorkdayOutRest1"/>
        <cc:local-out id="CalladminData" store-message="none" routes-response-to="Call-retrieveFile" endpoint="vm://WXTND_INT0124_Load_Users/adminData"/>
	</cc:assembly>

</beans>