<?xml version="1.0" encoding="UTF-8"?>
<wdnm:Diagram xmlns:wdnm="http://workday.com/studio/editors/notation">
  <element href="assembly.xml#WorkdayAssembly"/>
  <visualProperties x="10" y="90">
    <element href="assembly.xml#StartHere"/>
  </visualProperties>
  <visualProperties x="237" y="46">
    <element href="assembly.xml#GetReportParameters"/>
  </visualProperties>
  <visualProperties x="1258" y="90">
    <element href="assembly.xml#CallPutIntegrationEventComplete"/>
  </visualProperties>
  <visualProperties x="496" y="90">
    <element href="assembly.xml#CallProcessActuals"/>
  </visualProperties>
  <visualProperties x="722" y="90">
    <element href="assembly.xml#CallProceessAccruals"/>
  </visualProperties>
  <visualProperties x="973" y="90">
    <element href="assembly.xml#CallPutIntegrationMessageDone"/>
  </visualProperties>
  <visualProperties x="-19" y="399">
    <element href="assembly.xml#ProcessActuals"/>
  </visualProperties>
  <visualProperties x="-14" y="700">
    <element href="assembly.xml#ProceessAccruals"/>
  </visualProperties>
  <visualProperties x="417" y="405">
    <element href="assembly.xml#INT0046-Actuals"/>
  </visualProperties>
  <visualProperties x="1017" y="514">
    <element href="assembly.xml#ErrorTransformingActualsRecord"/>
  </visualProperties>
  <visualProperties x="1276" y="371">
    <element href="assembly.xml#AggregateActualsRecords"/>
  </visualProperties>
  <visualProperties x="890" y="341">
    <element href="assembly.xml#SplitByRow"/>
  </visualProperties>
  <visualProperties x="1046" y="355">
    <element href="assembly.xml#TransformActualsRecord"/>
  </visualProperties>
  <visualProperties x="1516" y="375">
    <element href="assembly.xml#CreateActualsFile"/>
  </visualProperties>
  <visualProperties x="1890" y="427">
    <element href="assembly.xml#FileSuccessfullyCreated"/>
  </visualProperties>
  <visualProperties x="181" y="361">
    <element href="assembly.xml#CatchActualsReportError"/>
  </visualProperties>
  <visualProperties x="29" y="943">
    <element href="assembly.xml#//@beans/@mixed.1/@mixed.37"/>
  </visualProperties>
  <visualProperties x="515" y="943">
    <element href="assembly.xml#CallPutIntegrationEventGlobal"/>
  </visualProperties>
  <visualProperties x="221" y="943">
    <element href="assembly.xml#CallPutIntegrationMessageGlobal"/>
  </visualProperties>
  <visualProperties x="162" y="532">
    <element href="assembly.xml#ErrorRetrievingActualsReport"/>
  </visualProperties>
  <visualProperties x="192" y="700">
    <element href="assembly.xml#INT0046-Accruals"/>
  </visualProperties>
  <visualProperties x="329" y="842">
    <element href="assembly.xml#ErorRetrievingAccrualsReport"/>
  </visualProperties>
  <visualProperties x="772" y="842">
    <element href="assembly.xml#ErrorTransformingAccrualsRecord"/>
  </visualProperties>
  <visualProperties x="1883" y="675">
    <element href="assembly.xml#FileSuccessfullyCreated0"/>
  </visualProperties>
  <visualProperties x="1039" y="647">
    <element href="assembly.xml#TransformAccrualsRecord"/>
  </visualProperties>
  <visualProperties x="392" y="644">
    <element href="assembly.xml#CatchAccrualsReportError"/>
  </visualProperties>
  <visualProperties x="1522" y="644">
    <element href="assembly.xml#CreateAccrualsFile"/>
  </visualProperties>
  <visualProperties x="225" y="222">
    <element href="assembly.xml#ErrorGettingParameters"/>
  </visualProperties>
  <visualProperties x="1653" y="525">
    <element href="assembly.xml#ErrorCreatingActualsFile"/>
  </visualProperties>
  <visualProperties x="1246" y="813">
    <element href="assembly.xml#ErrorCreatingAccrualsFile"/>
  </visualProperties>
  <visualProperties x="630" y="355">
    <element href="assembly.xml#GroupBU"/>
  </visualProperties>
  <visualProperties x="615" y="647">
    <element href="assembly.xml#AsyncMediation"/>
  </visualProperties>
  <visualProperties x="867" y="644">
    <element href="assembly.xml#SplitByRow-Acc"/>
  </visualProperties>
  <visualProperties x="1280" y="654">
    <element href="assembly.xml#AggregatorAccrualsRecords"/>
  </visualProperties>
  <decorations x="-21" y="1" width="1558" height="280" font="Segoe UI|12|0" bgColor="13369343" fgColor="6737151" fontColor="1" type="NOTE" text="Main process."/>
  <decorations x="-21" y="915" width="922" height="93" font="Segoe UI|12|0" bgColor="10265827" fgColor="6737151" fontColor="1" type="NOTE" text="Error handler."/>
  <decorations x="-21" y="298" width="2199" height="289" font="Segoe UI|12|0" bgColor="8454143" fgColor="6737151" fontColor="1" type="NOTE" text="Generate Actuals File."/>
  <decorations x="-21" y="595" width="2199" height="312" font="Segoe UI|12|0" bgColor="16777088" fgColor="6737151" fontColor="1" type="NOTE" text="Generate Accruals File."/>
  <decorations x="-19" y="-75" width="722" height="60" font="Arial Black|18|0" bgColor="16777215" fontColor="1" type="NOTE" text="INT0046 GL Interface File Generator Outbound"/>
  <connections type="routesTo">
    <source href="assembly.xml#StartHere"/>
    <target href="assembly.xml#GetReportParameters"/>
  </connections>
  <connections type="routesResponseTo">
    <source href="assembly.xml#CallPutIntegrationMessageDone"/>
    <target href="assembly.xml#CallPutIntegrationEventComplete"/>
  </connections>
  <connections type="routesResponseTo" sourceAnchorX="0.9719101123595506" sourceAnchorY="0.35135135135135137" targetAnchorX="0.06976744186046512" targetAnchorY="0.2702702702702703">
    <source href="assembly.xml#CallProcessActuals"/>
    <target href="assembly.xml#CallProceessAccruals"/>
  </connections>
  <connections type="routesResponseTo" sourceAnchorX="0.9674418604651163" sourceAnchorY="0.3783783783783784" targetAnchorX="0.046610169491525424" targetAnchorY="0.3783783783783784">
    <source href="assembly.xml#CallProceessAccruals"/>
    <target href="assembly.xml#CallPutIntegrationMessageDone"/>
  </connections>
  <connections type="routesTo" sourceAnchorX="0.9570552147239264" sourceAnchorY="0.448" targetAnchorX="0.056179775280898875" targetAnchorY="0.3783783783783784">
    <source href="assembly.xml#GetReportParameters"/>
    <target href="assembly.xml#CallProcessActuals"/>
  </connections>
  <connections type="routesTo">
    <source href="assembly.xml#//@beans/@mixed.1/@mixed.23/@mixed.3"/>
    <target href="assembly.xml#ErrorTransformingActualsRecord"/>
  </connections>
  <connections type="routesTo" sourceAnchorX="0.5083333333333333" sourceAnchorY="1.0" targetAnchorX="0.5119047619047619" targetAnchorY="0.24324324324324326">
    <source href="assembly.xml#//@beans/@mixed.1/@mixed.21/@mixed.3"/>
    <target href="assembly.xml#ErrorCreatingActualsFile"/>
  </connections>
  <connections type="routesTo" sourceAnchorX="0.8869565217391304" sourceAnchorY="0.36792452830188677" targetAnchorX="0.047244094488188976" targetAnchorY="0.5543478260869565">
    <source href="assembly.xml#AggregateActualsRecords"/>
    <target href="assembly.xml#CreateActualsFile"/>
  </connections>
  <connections type="routesTo" sourceAnchorX="0.8698630136986302" sourceAnchorY="0.488" targetAnchorX="0.0392156862745098" targetAnchorY="0.3783783783783784">
    <source href="assembly.xml#TransformActualsRecord"/>
    <target href="assembly.xml#AggregateActualsRecords"/>
  </connections>
  <connections type="routesTo" sourceAnchorX="0.8131868131868132" sourceAnchorY="1.0" targetAnchorX="0.07534246575342465" targetAnchorY="0.472">
    <source href="assembly.xml#//@beans/@mixed.1/@splitter.0/@subRoute.0"/>
    <target href="assembly.xml#TransformActualsRecord"/>
  </connections>
  <connections type="routesTo" sourceAnchorX="0.875" sourceAnchorY="0.464" targetAnchorX="0.021052631578947368" targetAnchorY="0.2972972972972973">
    <source href="assembly.xml#CreateActualsFile"/>
    <target href="assembly.xml#FileSuccessfullyCreated"/>
  </connections>
  <connections type="routesTo" sourceAnchorX="0.9440559440559441" sourceAnchorY="0.40540540540540543" targetAnchorX="0.1865671641791045" targetAnchorY="0.45528455284552843">
    <source href="assembly.xml#ProcessActuals"/>
    <target href="assembly.xml#CatchActualsReportError"/>
  </connections>
  <connections type="routesResponseTo" sourceAnchorX="0.9797297297297297" sourceAnchorY="0.43243243243243246" targetAnchorX="0.2204724409448819" targetAnchorY="0.5543478260869565">
    <source href="assembly.xml#INT0046-Actuals"/>
    <target href="assembly.xml#GroupBU"/>
  </connections>
  <connections type="routesTo">
    <source href="assembly.xml#//@beans/@mixed.1/@mixed.37"/>
    <target href="assembly.xml#CallPutIntegrationMessageGlobal"/>
  </connections>
  <connections type="routesResponseTo">
    <source href="assembly.xml#CallPutIntegrationMessageGlobal"/>
    <target href="assembly.xml#CallPutIntegrationEventGlobal"/>
  </connections>
  <connections type="routesTo" sourceAnchorX="0.5511811023622047" sourceAnchorY="1.0" targetAnchorX="0.5221238938053098" targetAnchorY="0.08108108108108109">
    <source href="assembly.xml#//@beans/@mixed.1/@mixed.31/@mixed.3"/>
    <target href="assembly.xml#ErrorRetrievingActualsReport"/>
  </connections>
  <connections type="routesTo" sourceAnchorX="0.8805970149253731" sourceAnchorY="0.4796747967479675" targetAnchorX="0.02027027027027027" targetAnchorY="0.4864864864864865">
    <source href="assembly.xml#CatchActualsReportError"/>
    <target href="assembly.xml#INT0046-Actuals"/>
  </connections>
  <connections type="routesTo" sourceAnchorX="0.5511811023622047" sourceAnchorY="1.0" targetAnchorX="0.5511811023622047" targetAnchorY="0.08108108108108109">
    <source href="assembly.xml#//@beans/@mixed.1/@mixed.43/@mixed.3"/>
    <target href="assembly.xml#ErorRetrievingAccrualsReport"/>
  </connections>
  <connections type="routesTo">
    <source href="assembly.xml#//@beans/@mixed.1/@mixed.45/@mixed.3"/>
    <target href="assembly.xml#ErrorTransformingAccrualsRecord"/>
  </connections>
  <connections type="routesTo" sourceAnchorX="0.5083333333333333" sourceAnchorY="1.0" targetAnchorX="0.4228571428571429" targetAnchorY="0.21621621621621623">
    <source href="assembly.xml#//@beans/@mixed.1/@mixed.41/@mixed.3"/>
    <target href="assembly.xml#ErrorCreatingAccrualsFile"/>
  </connections>
  <connections type="routesTo" sourceAnchorX="0.875" sourceAnchorY="0.464" targetAnchorX="0.021052631578947368" targetAnchorY="0.2972972972972973">
    <source href="assembly.xml#CreateAccrualsFile"/>
    <target href="assembly.xml#FileSuccessfullyCreated0"/>
  </connections>
  <connections type="routesTo" sourceAnchorX="0.4935897435897436" sourceAnchorY="0.8666666666666667" targetAnchorX="0.4881889763779528" targetAnchorY="0.1891891891891892">
    <source href="assembly.xml#//@beans/@mixed.1/@mixed.1/@mixed.3"/>
    <target href="assembly.xml#ErrorGettingParameters"/>
  </connections>
  <connections type="routesTo" sourceAnchorX="1.0" sourceAnchorY="0.3191489361702128" targetAnchorX="0.057692307692307696" targetAnchorY="0.38311688311688313">
    <source href="assembly.xml#GroupBU"/>
    <target href="assembly.xml#SplitByRow"/>
  </connections>
  <connections type="routesTo" sourceAnchorX="0.23333333333333334" sourceAnchorY="1.0" targetAnchorX="0.8194444444444444" targetAnchorY="0.43243243243243246">
    <source href="assembly.xml#//@beans/@mixed.1/@mixed.61/@mixed.3"/>
    <target href="assembly.xml#ErrorRetrievingActualsReport"/>
  </connections>
  <connections type="routesTo" sourceAnchorX="1.0" sourceAnchorY="0.11811023622047244" targetAnchorX="0.02040816326530612" targetAnchorY="0.22641509433962265">
    <source href="assembly.xml#TransformAccrualsRecord"/>
    <target href="assembly.xml#AggregatorAccrualsRecords"/>
  </connections>
  <connections type="routesTo" sourceAnchorX="1.0" sourceAnchorY="0.5675675675675675" targetAnchorX="0.2254335260115607" targetAnchorY="0.2972972972972973">
    <source href="assembly.xml#ProceessAccruals"/>
    <target href="assembly.xml#INT0046-Accruals"/>
  </connections>
  <connections type="routesResponseTo" sourceAnchorX="1.0" sourceAnchorY="0.4864864864864865" targetAnchorX="0.13488372093023257" targetAnchorY="0.31496062992125984">
    <source href="assembly.xml#INT0046-Accruals"/>
    <target href="assembly.xml#CatchAccrualsReportError"/>
  </connections>
  <connections type="routesTo" sourceAnchorX="1.0" sourceAnchorY="0.16535433070866143" targetAnchorX="0.05128205128205128" targetAnchorY="0.44680851063829785">
    <source href="assembly.xml#CatchAccrualsReportError"/>
    <target href="assembly.xml#AsyncMediation"/>
  </connections>
  <connections type="routesTo" sourceAnchorX="1.0" sourceAnchorY="0.5957446808510638" targetAnchorX="0.1732283464566929" targetAnchorY="0.5689655172413793">
    <source href="assembly.xml#AsyncMediation"/>
    <target href="assembly.xml#SplitByRow-Acc"/>
  </connections>
  <connections type="routesTo" sourceAnchorX="0.9385964912280702" sourceAnchorY="1.0" targetAnchorX="0.026881720430107527" targetAnchorY="0.568">
    <source href="assembly.xml#//@beans/@mixed.1/@splitter.1/@subRoute.0"/>
    <target href="assembly.xml#TransformAccrualsRecord"/>
  </connections>
  <connections type="routesTo" sourceAnchorX="1.0" sourceAnchorY="0.9150943396226415" targetAnchorX="0.0136986301369863" targetAnchorY="0.52">
    <source href="assembly.xml#AggregatorAccrualsRecords"/>
    <target href="assembly.xml#CreateAccrualsFile"/>
  </connections>
</wdnm:Diagram>
