<?xml version="1.0" encoding="UTF-8"?>
<beans
     xmlns="http://www.springframework.org/schema/beans"
     xmlns:beans="http://www.springframework.org/schema/beans"
     xmlns:atom="http://www.w3.org/2005/Atom"
     xmlns:cc="http://www.capeclear.com/assembly/10"
     xmlns:cloud="urn:com.workday/esb/cloud/10.0"
     xmlns:env="http://schemas.xmlsoap.org/soap/envelope/"
     xmlns:pi="urn:com.workday/picof"
     xmlns:wd="urn:com.workday/bsvc"
     xmlns:ws="urn:com.workday/workersync"
     xmlns:xsi="http://www.w3.org/2001/XMLSchema-instance">
 
	<cc:assembly id="WorkdayAssembly" version="2019.35">
        <cc:workday-in id="StartHere" routes-to="Init">
            <cc:integration-system name="INT0184 Comp Retirement Eligibility Studio">
        <cloud:param name="Input Document WID">
          <cloud:type>
            <cloud:simple-type>text</cloud:simple-type>
          </cloud:type>
        </cloud:param>
        <cloud:param name="Validation Mode">
          <cloud:type>
            <cloud:simple-type>boolean</cloud:simple-type>
          </cloud:type>
          <cloud:default>
            <cloud:boolean>false</cloud:boolean>
          </cloud:default>
        </cloud:param>
        <cloud:param name="Run for Full Poulation">
          <cloud:type>
            <cloud:simple-type>boolean</cloud:simple-type>
          </cloud:type>
          <cloud:default>
            <cloud:boolean>false</cloud:boolean>
          </cloud:default>
        </cloud:param>
        <cloud:report-service name="INT0184_Report_Service">
          <cloud:report-alias description="INT0184 Get Retirement Eligibility Data" name="INT0184_Get_Data">
            <cloud:report-reference description="INT0184 Get Retirement Eligibility Data" type="WID">7cc3fd075cd901545e3251dfa63bfa78</cloud:report-reference>
          </cloud:report-alias>
        </cloud:report-service>
        <cloud:custom-object-service name="INT0184_Comp_Retirement_Eligibility_Service">
          <cloud:custom-object-alias description="Retirement Eligibility Dates" name="retirementEligibilityDates">
            <cloud:custom-object-reference description="Retirement Eligibility Dates" type="WID">5d03d31a903d014e9fd80694d04c6bb5</cloud:custom-object-reference>
          </cloud:custom-object-alias>
        </cloud:custom-object-service>
      </cc:integration-system>
        </cc:workday-in>
        <cc:async-mediation id="Update_Retirement_Eligibility" routes-to="Validation-ON" handle-downstream-errors="true">
            <cc:steps>
                <cc:eval id="Eval">
                    <cc:expression>props['pStatus'] = 'Error occured while updating Retirement Eligibility Date';</cc:expression>
                </cc:eval>
                <cc:write id="Write">
                    <cc:message>
                        <cc:text>{&#xD;
&#xD;
&quot;worker&quot;:{&quot;id&quot;:&quot;Employee_ID=@{props['p.EmployeeID']}&quot;},&#xD;
&quot;retirementEligibilityDates&quot;:&quot;@{props['p.FinalEligDate']}&quot;&#xD;
&#xD;
}&#xD;
</cc:text>
                    </cc:message>
                </cc:write>
            </cc:steps>
            <cc:send-error id="SendError" routes-to="Call_ErrorHandler1"/>
        </cc:async-mediation>
        <cc:workday-out-rest id="WorkdayOutRest" execute-when="props['lp.validation.mode'] == 'false'" routes-response-to="Validation-OFF" extra-path="@{intsys.customObjectService.getExtrapath('retirementEligibilityDates')}?updateIfExists=true" method="POST"/>
        <cc:async-mediation id="ReadResponse" routes-to="SuccessLog">
            <cc:steps>
                <cc:log id="Log">
                    <cc:log-message>
                        <cc:line-separator/>
                        <cc:line-separator/>
                        <cc:text>Datat Updated Successfully for @{props['p.EmployeeID']} Employee ...</cc:text>
                        <cc:line-separator/>
                    </cc:log-message>
                </cc:log>
                <cc:json-to-xml execute-when="props['lp.validation.mode'] == 'false'" id="JsonToXml"/>
            </cc:steps>
        </cc:async-mediation>
        <cc:local-in id="UpdateRetirementEligibility" routes-to="Update_Retirement_Eligibility"/>
        <cc:local-out id="Call_RetriveDocuments" store-message="none" execute-when="props['lp.full.population'] == 'false'" routes-response-to="ProcessFullPoulation0" endpoint="vm://INT0184-Comp_Retirement_Eligibility_Studio/RetriveDocuments"/>
        <cc:local-in id="RetriveDocuments" routes-to="GetDOCorWID"/>
        <cc:async-mediation id="GetDOCorWID" routes-to="GetEventDocuments" handle-downstream-errors="true">
            <cc:steps>
                <cc:eval id="LP">
                    <cc:expression>props['p.lp.debug.WID']= lp.getSimpleData('Input Document WID')</cc:expression>
                    <cc:expression>//props['lp.validation.mode'] = (Boolean)lp.getSimpleData('Validation Mode')</cc:expression>
                    <cc:expression>props['p.EmployeeID'] = '';</cc:expression>
                    <cc:expression>props['pStatus'] = 'Error in Retrieving input file generated by Core Connector';</cc:expression>
                </cc:eval>
            </cc:steps>
            <cc:send-error id="SendError" routes-to="Call_ErrorHandler0"/>
        </cc:async-mediation>
        <cc:local-out id="GetEventDocuments" routes-response-to="Route" endpoint="vm://wcc/GetEventDocuments"><cc:set name="ie.event.wid" value="props['p.lp.debug.WID'] == null ? (lp.isSet() ? lp.getIntegrationEventWID() : null) : props['p.lp.debug.WID']"/></cc:local-out>
        <cc:async-mediation id="ValidateInputFileSize" routes-to="Splitter" handle-downstream-errors="true">
            <cc:steps>
                <cc:validate-exp id="ValidateExp">
                    <cc:expression failure-message="'No File to Process in Studio'">da.size() > 0 </cc:expression>
                </cc:validate-exp>
                <cc:copy id="Copy" output-mimetype="text/xml" input="variable" input-variable="wd.retrieve.variable"/>
            </cc:steps>
            <cc:send-error id="SendError" routes-to="Call_ErrorHandler0"/>
        </cc:async-mediation>
        <cc:splitter id="Splitter">
            <cc:sub-route name="SubRoute" routes-to="ProcessEligibilityDate"/>
            <cc:xml-stream-splitter xpath="/ws:Worker_Sync/ws:Worker"/>
        </cc:splitter>
        <cc:async-mediation id="ProcessEligibilityDate" routes-to="UpdateRetirementEligibility0" handle-downstream-errors="true">
            <cc:steps>
                <cc:eval id="Eval0">
                    <cc:expression>props['p.Birth.date'] = parts[0].xpath('ws:Worker/ws:Personal/ws:Birth_Date')</cc:expression>
                    <cc:expression>props['p.Service.date'] = parts[0].xpath('ws:Worker/ws:Status/ws:Continuous_Service_Date')</cc:expression>
                    <cc:expression>props['p.EmployeeID'] = parts[0].xpath('ws:Worker/ws:Summary/ws:Employee_ID')</cc:expression>
                    <cc:expression>props['p.Eligibility']=parts[0].xpath('ws:Worker/ws:Eligibility')</cc:expression>
                    <cc:expression>props['Process.Error.Message']='Error while processing employee'</cc:expression>
                    <cc:expression>props['pStatus'] = 'Not Eligible for updating Retirement Eligibility Date';</cc:expression>
                </cc:eval>
                <cc:validate-exp id="ValidateExp" filter="false">
                    <cc:expression failure-message="Birthdate is empty for this Employee" replace-message="true">props['p.Birth.date'] != empty</cc:expression>
                    <cc:expression failure-message="Service date is empty  for this Employee">props['p.Service.date'] != empty</cc:expression>
                    <cc:expression failure-message="Employee is Terminated and NOT eligible for processing">props['p.Eligibility'] == 'true'</cc:expression>
                </cc:validate-exp>
                <cc:eval id="Eval">
                    <cc:expression>props['p.Birth.date'] = parts[0].xpath('ws:Worker/ws:Personal/ws:Birth_Date').toString()</cc:expression>
                    <cc:expression>props['p.Service.date'] = parts[0].xpath('ws:Worker/ws:Status/ws:Continuous_Service_Date').toString()</cc:expression>
                    <cc:expression>props['p.Birth.dateB']=parts[0].xpathB('ws:Worker/ws:Personal/ws:Birth_Date');props['p.Service.dateB'] = parts[0].xpathB('ws:Worker/ws:Status/ws:Continuous_Service_Date');</cc:expression>
                    <cc:expression>if(props['p.Birth.dateB']&amp;&amp;props['p.Service.dateB']) {props['p.55Age.Date'] = java.time.LocalDate.parse(props['p.Birth.date'], java.time.format.DateTimeFormatter.ofPattern(&quot;yyyy-MM-dd&quot;)).plusYears(55);props['p.Service.date.Parsed'] = java.time.LocalDate.parse(props['p.Service.date'], java.time.format.DateTimeFormatter.ofPattern(&quot;yyyy-MM-dd&quot;));props['p.YearsOfService.At55']= (java.time.temporal.ChronoUnit.valueOf(&quot;DAYS&quot;).between(props['p.Service.date.Parsed'],props['p.55Age.Date'])/365.25);props['p.AdditionalDays.Attain65'] =((65-(55+(props['p.YearsOfService.At55'])))*365.25)/2;}</cc:expression>
                    <cc:expression>//props['p.AdditionalDays.Attain65.casted']=(double)props['p.AdditionalDays.Attain65'];</cc:expression>
                    <cc:expression>//if(props['p.Birth.dateB']&amp;&amp;props['p.Service.dateB']) {props['p.FirstEligDate']=props['p.55Age.Date'].plusDays(props['p.AdditionalDays.Attain65.casted']);props['p.SecondEligDate']=props['p.Service.date.Parsed'].plusYears(5);}</cc:expression>
                    <cc:expression>if(props['p.Birth.dateB']&amp;&amp;props['p.Service.dateB']) {props['p.FirstEligDate']=props['p.55Age.Date'].plusDays(Double.valueOf(props['p.AdditionalDays.Attain65']).intValue());props['p.SecondEligDate']=props['p.Service.date.Parsed'].plusYears(5);}</cc:expression>
                    <cc:expression>if(props['p.Birth.dateB']&amp;&amp;props['p.Service.dateB']) {props['p.FinalEligDate'] = props['p.FirstEligDate'] > props['p.SecondEligDate'] ? ( props['p.FirstEligDate']  > props['p.55Age.Date'] ?props['p.FirstEligDate'] : props['p.55Age.Date']): (props['p.SecondEligDate'] > props['p.55Age.Date'] ? props['p.SecondEligDate'] : props['p.55Age.Date'])}</cc:expression>
                </cc:eval>
                <cc:log id="Log">
                    <cc:log-message>
                        <cc:line-separator/>
                        <cc:text>Employee ID                      : @{props['p.EmployeeID']}&#xD;
Birth date                       : @{props['p.Birth.date']}&#xD;
Service Date                     : @{props['p.Service.date']}&#xD;
YearsOfService At 55             : @{props['p.YearsOfService.At55']}&#xD;
AdditionalDays to Attain65       : @{props['p.AdditionalDays.Attain65']}&#xD;
First Eligibility Date           : @{props['p.FirstEligDate']}&#xD;
Second Eligibility Date          : @{props['p.SecondEligDate']}&#xD;
Third Eligibility Date           : @{props['p.55Age.Date']}&#xD;
Final Eligibility  Date          : @{props['p.FinalEligDate']}</cc:text>
                        <cc:line-separator/>
                    </cc:log-message>
                </cc:log>
            </cc:steps>
            <cc:send-error id="SendError" rethrow-error="false" routes-to="Call_ErrorHandler"/>
        </cc:async-mediation>
        <cc:route id="Route">
            <cc:doc-iterator labels="INT0184_CCW_OUTPUT_FILE"/>
            <cc:sub-route name="SubRoute" routes-to="ValidateInputFileSize"/>
        </cc:route>
        <cc:local-out id="UpdateRetirementEligibility0" store-message="none" endpoint="vm://INT0184-Comp_Retirement_Eligibility_Studio/UpdateRetirementEligibility"/>
        <cc:local-in id="ErrorHandler" routes-to="Error_Handler"/>
        <cc:async-mediation id="Error_Handler" handle-downstream-errors="true">
            <cc:steps>
                <cc:eval id="Eval">
                    <cc:expression>props['Error.Message.Descr'] =  '&quot;Error - ' + context.errorMessage</cc:expression>
                    <cc:expression>props['Process.Error.Message'] = (props['p.ExistsingEligiblityDate.Parsed'] == props['p.FinalEligDate']) ? '&quot;Data Row Skipped' : props['Error.Message.Descr'];</cc:expression>
                    <cc:expression>//props['Process.Error.Message'] =  '&quot;Error - ' + context.errorMessage</cc:expression>
                    <cc:expression>props['Audit.log'].append(props['Process.Error.Message'] + '&quot;,&quot;' + props['p.EmployeeID']  + '&quot;,&quot;' + props['pStatus'] + '&quot; \r\n')</cc:expression>
                </cc:eval>
            </cc:steps>
            <cc:send-error id="SendError" routes-to="PutIntegrationMessage0"/>
        </cc:async-mediation>
        <cc:local-out id="Call_ErrorHandler" store-message="none" endpoint="vm://INT0184-Comp_Retirement_Eligibility_Studio/ErrorHandler"/>
        <cc:async-mediation id="Init" routes-to="Call_RetriveDocuments">
            <cc:steps>
                <cc:eval id="Eval">
                    <cc:expression>props['Audit.log'] = new java.lang.StringBuilder();</cc:expression>
                    <cc:expression>props['p.lp.debug.WID'] = lp.getSimpleData('Input Document WID')</cc:expression>
                    <cc:expression>props['lp.full.population'] = (Boolean)lp.getSimpleData('Run for Full Poulation')</cc:expression>
                    <cc:expression>props['lp.validation.mode'] = (Boolean)lp.getSimpleData('Validation Mode')</cc:expression>
                </cc:eval>
                <cc:log id="Log">
                    <cc:log-message>
                        <cc:line-separator/>
                        <cc:line-separator/>
                        <cc:text>props['Audit.log']            : @{props['Audit.log']}&#xD;
props['lp.full.population']   : @{props['lp.full.population']}&#xD;
props['lp.validation.mode']   : @{props['lp.validation.mode']}&#xD;
props['p.lp.debug.WID']       : @{props['p.lp.debug.WID']}&#xD;
</cc:text>
                        <cc:line-separator/>
                    </cc:log-message>
                </cc:log>
            </cc:steps>
        </cc:async-mediation>
        <cc:send-error id="global-error-handler" rethrow-error="false" routes-to="Note-Error"/>
        <cc:local-out id="Note-Error" endpoint="vm://wcc/PutIntegrationMessage">
            <cc:set name="is.message.severity" value="'CRITICAL'"/>
            <cc:set name="is.message.summary" value="context.errorMessage"/>
        </cc:local-out>
        <cc:local-in id="AuditLog" routes-to="WriteAuditLog"/>
        <cc:async-mediation id="WriteAuditLog">
            <cc:steps>
                <cc:write id="Write">
                    <cc:message>
                        <cc:text>Message,Employee ID,Comp Retirement Eligibility Date Calculated&#xD;
@{props['Audit.log'].toString()}</cc:text>
                    </cc:message>
                </cc:write>
                <cc:store id="Store" expiresIn="P180D" title="INT0184_Audit_Log.csv"/>
            </cc:steps>
            <cc:send-error id="SendError" routes-to="PutIntegrationMessage"/>
        </cc:async-mediation>
        <cc:async-mediation id="SuccessLog">
            <cc:steps>
                <cc:eval id="SuccessEval">
                    <cc:expression>props['p.Response'] = '';</cc:expression>
                    <cc:expression>if (props['lp.validation.mode'] == 'false') {props['p.Response'] = parts[0].xpath('root/data/ok');}</cc:expression>
                    <cc:expression>if (props['p.Response'] == &quot;Created&quot;) {props['Audit.log'].append('&quot;Record Processed Successfully&quot;,&quot;' + props['p.EmployeeID']  +'&quot;,&quot;' + props['p.FinalEligDate'] + '&quot;\r\n');}</cc:expression>
                    <cc:expression>if (props['lp.validation.mode'] == 'true') {props['Audit.log'].append('&quot;Record Processed Successfully&quot;,&quot;' + props['p.EmployeeID']  +'&quot;,&quot;' + props['p.FinalEligDate'] + '&quot;\r\n');}</cc:expression>
                </cc:eval>
                <cc:eval id="ResetProps">
                    <cc:expression>props['p.Birth.dateB'] = false;</cc:expression>
                    <cc:expression>props['p.Service.dateB'] = false;</cc:expression>
                    <cc:expression>props['p.Birth.date'] = '';</cc:expression>
                    <cc:expression>props['p.Service.date'] = '';</cc:expression>
                </cc:eval>
            </cc:steps>
        </cc:async-mediation>
        <cc:local-out id="Call_AuditLog" store-message="none" endpoint="vm://INT0184-Comp_Retirement_Eligibility_Studio/AuditLog"/>
        <cc:local-out id="Call_ErrorHandler0" store-message="none" endpoint="vm://INT0184-Comp_Retirement_Eligibility_Studio/ErrorHandler"><cc:set name="Step.id" value="GetDOCorWID"/><cc:set name="Error.Message" value="context.errorMessage"/></cc:local-out>
        <cc:async-mediation id="Validation-ON" routes-to="WorkdayOutRest" execute-steps-when="props['lp.validation.mode'] == 'true'">
            <cc:steps>
                <cc:set-headers id="ValidationON">
                    <cc:remove-headers/>
                    <cc:add-headers>
                        <cc:add-header name="X-Validate-Only" value="1"/>
                    </cc:add-headers>
                </cc:set-headers>
            </cc:steps>
        </cc:async-mediation>
        <cc:async-mediation id="Validation-OFF" routes-to="ReadResponse" execute-steps-when="props['lp.validation.mode'] == 'true'">
            <cc:steps>
                <cc:set-headers id="ValidationOFF">
                    <cc:remove-headers>
                        <cc:remove-header name="X-Validate-Only"/>
                    </cc:remove-headers>
                    <cc:add-headers/>
                </cc:set-headers>
            </cc:steps>
        </cc:async-mediation>
        <cc:local-out id="PutIntegrationMessage" endpoint="vm://wcc/PutIntegrationMessage"><cc:set name="is.message.severity" value="'ERROR'"/><cc:set name="is.message.summary" value="&quot;Error in Audit Log&quot;"/></cc:local-out>
        <cc:local-out id="Call_ErrorHandler1" store-message="none" endpoint="vm://INT0184-Comp_Retirement_Eligibility_Studio/ErrorHandler"><cc:set name="Step.id" value="UpdateRetirementEligibility"/><cc:set name="Error.Message" value="context.errorMessage"/></cc:local-out>
        <cc:local-out id="PutIntegrationMessage0" endpoint="vm://wcc/PutIntegrationMessage"><cc:set name="is.message.severity" value="'ERROR'"/><cc:set name="is.message.summary" value="'Error in Error Handler'"/></cc:local-out>
        <cc:local-in id="ProcessFullPoulation" routes-to="InitGetDataVars"/>
        <cc:local-out id="ProcessFullPoulation0" execute-when="props['lp.full.population'] == 'true'" routes-response-to="Call_AuditLog" endpoint="vm://INT0184-Comp_Retirement_Eligibility_Studio/ProcessFullPoulation"/>
        <cc:async-mediation id="InitGetDataVars" routes-to="WorkdayOutRest0" handle-downstream-errors="true">
            <cc:steps>
                <cc:eval id="Eval">
                    <cc:expression>props['p.EmployeeID'] = '';</cc:expression>
                    <cc:expression>props['pStatus'] = 'Error in Retrieving the Data from Custom Report';</cc:expression>
                </cc:eval>
                <cc:log id="Log">
                    <cc:log-message>
                        <cc:line-separator/>
                        <cc:text>&#xD;
Integration running for full population ........&#xD;
</cc:text>
                        <cc:line-separator/>
                    </cc:log-message>
                </cc:log>
            </cc:steps>
            <cc:send-error id="SendError" routes-to="ErrorHandler0"/>
        </cc:async-mediation>
        <cc:local-out id="ErrorHandler0" endpoint="vm://INT0184-Comp_Retirement_Eligibility_Studio/ErrorHandler"/>
        <cc:workday-out-rest id="WorkdayOutRest0" routes-response-to="ValidateReportData" extra-path="@{intsys.reportService.getExtrapath('INT0184_Get_Data')}"/>
        <cc:async-mediation id="ValidateReportData" routes-to="LoopRptData" handle-downstream-errors="true">
            <cc:steps>
                <cc:copy id="Copy" output="variable" output-variable="vReportData"/>
                <cc:store id="Store" input="variable" input-variable="vReportData" createDocumentReference="true" expiresIn="P180D" title="INT0184_Report_Data.xml"/>
                <cc:copy id="Copy0" input="variable" input-variable="vReportData"/>
            </cc:steps>
            <cc:send-error id="SendError" routes-to="ErrorHandler0"/>
        </cc:async-mediation>
        <cc:splitter id="LoopRptData">
            <cc:sub-route name="SubRoute" routes-to="ProcessReportData"/>
            <cc:xml-stream-splitter namespaces="wd urn:com.workday.report/INT0184_Get_Retirement_Eligibility_Data" xpath="wd:Report_Data/wd:Report_Entry"/>
        </cc:splitter>
        <cc:async-mediation id="ProcessReportData" routes-to="UpdateRetirementEligibility1">
            <cc:steps>
                <cc:eval id="Eval0">
                    <cc:expression>props['p.Eligibility'] = 'true'; props['p.EmployeeID'] = ''; props['p.Birth.date'] = ''; props['p.Service.date'] = ''; props['p.ExistsingEligiblityDate'] = '';</cc:expression>
                    <cc:expression>props['p.EmployeeID'] = parts[0].xpath('wd:Report_Entry/wd:Employee_ID', 'wd urn:com.workday.report/INT0184_Get_Retirement_Eligibility_Data')</cc:expression>
                    <cc:expression>props['p.Birth.date'] = parts[0].xpath('wd:Report_Entry/wd:dateOfBirth', 'wd urn:com.workday.report/INT0184_Get_Retirement_Eligibility_Data')</cc:expression>
                    <cc:expression>props['p.Service.date'] = parts[0].xpath('wd:Report_Entry/wd:continuous_service_date', 'wd urn:com.workday.report/INT0184_Get_Retirement_Eligibility_Data')</cc:expression>
                    <cc:expression>props['p.ExistsingEligiblityDate'] = parts[0].xpath('wd:Report_Entry/wd:retirementEligibilityDates', 'wd urn:com.workday.report/INT0184_Get_Retirement_Eligibility_Data')</cc:expression>
                    <cc:expression>if (props['p.Birth.date'] != '') {props['p.Birth.date'] = props['p.Birth.date'].substring(0,10);}</cc:expression>
                    <cc:expression>if (props['p.Service.date'] != '') {props['p.Service.date'] = props['p.Service.date'].substring(0,10);}</cc:expression>
                    <cc:expression>if (props['p.ExistsingEligiblityDate'] != '') {props['p.ExistsingEligiblityDate'] = props['p.ExistsingEligiblityDate'].substring(0,10);}</cc:expression>
                </cc:eval>
                <cc:eval id="Eval1">
                    <cc:expression>if (props['p.Birth.date'] != '')&#xD;
{props['p.55Age.Date'] = java.time.LocalDate.parse(props['p.Birth.date'], java.time.format.DateTimeFormatter.ofPattern(&quot;yyyy-MM-dd&quot;)).plusYears(55);}</cc:expression>
                    <cc:expression>if (props['p.Service.date'] != '')&#xD;
{props['p.Service.date.Parsed'] = java.time.LocalDate.parse(props['p.Service.date'], java.time.format.DateTimeFormatter.ofPattern(&quot;yyyy-MM-dd&quot;));}</cc:expression>
                    <cc:expression>if (props['p.55Age.Date'] != '' &amp;&amp; props['p.Service.date.Parsed'] != '')&#xD;
{props['p.YearsOfService.At55']= (java.time.temporal.ChronoUnit.valueOf(&quot;DAYS&quot;).between(props['p.Service.date.Parsed'], props['p.55Age.Date'])/365.25);}</cc:expression>
                    <cc:expression>if (props['p.YearsOfService.At55'] != '')&#xD;
{props['p.AdditionalDays.Attain65'] = ((65-(55+(props['p.YearsOfService.At55'])))*365.25)/2;}</cc:expression>
                    <cc:expression>if(props['p.Birth.date'] != '' &amp;&amp; props['p.Service.date'] != '')&#xD;
{props['p.FirstEligDate'] = props['p.55Age.Date'].plusDays(Double.valueOf(props['p.AdditionalDays.Attain65']).intValue());&#xD;
props['p.SecondEligDate'] = props['p.Service.date.Parsed'].plusYears(5);}</cc:expression>
                    <cc:expression>if(props['p.Birth.date'] != '' &amp;&amp; props['p.Service.date'] != '')&#xD;
{props['p.FinalEligDate'] = props['p.FirstEligDate'] > props['p.SecondEligDate'] ? (props['p.FirstEligDate']  > props['p.55Age.Date'] ? props['p.FirstEligDate'] : props['p.55Age.Date']) : (props['p.SecondEligDate'] > props['p.55Age.Date'] ? props['p.SecondEligDate'] : props['p.55Age.Date'])}</cc:expression>
                </cc:eval>
                <cc:eval id="Eval">
                    <cc:expression>if (props['p.Birth.date'] == '' || props['p.Birth.date'] == null)&#xD;
{props['p.Eligibility'] = 'false';&#xD;
props['pStatus'] = 'Not Eligible - Birth Date is empty for this Employee';}</cc:expression>
                    <cc:expression>if (props['p.Service.date'] == '' || props['p.Service.date'] == null)&#xD;
{props['p.Eligibility'] = 'false';&#xD;
props['pStatus'] = 'Not Eligible - Service Date is empty for this Employee';}</cc:expression>
                    <cc:expression>if (props['p.ExistsingEligiblityDate'] != '')&#xD;
{props['p.ExistsingEligiblityDate.Parsed'] = java.time.LocalDate.parse(props['p.ExistsingEligiblityDate'], java.time.format.DateTimeFormatter.ofPattern(&quot;yyyy-MM-dd&quot;));}</cc:expression>
                    <cc:expression>props['p.Eligibility'] = (props['p.ExistsingEligiblityDate.Parsed'] == props['p.FinalEligDate']) ? 'false' : 'true';</cc:expression>
                    <cc:expression>props['pStatus'] = (props['p.ExistsingEligiblityDate.Parsed'] == props['p.FinalEligDate']) ? 'Retirement Eligibility Date already set for this Employee' : 'Not Eligible';</cc:expression>
                </cc:eval>
                <cc:log id="Log">
                    <cc:log-message>
                        <cc:line-separator/>
                        <cc:text>&#xD;
Employee ID                 : @{props['p.EmployeeID']}&#xD;
Birth date                  : @{props['p.Birth.date']}&#xD;
Service Date                : @{props['p.Service.date']}&#xD;
Existing Retirement Date    : @{props['p.ExistsingEligiblityDate']}&#xD;
YearsOfService At 55        : @{props['p.YearsOfService.At55']}&#xD;
AdditionalDays to Attain65  : @{props['p.AdditionalDays.Attain65']}&#xD;
First Eligibility Date      : @{props['p.FirstEligDate']}&#xD;
Second Eligibility Date     : @{props['p.SecondEligDate']}&#xD;
Third Eligibility Date      : @{props['p.55Age.Date']}&#xD;
Final Eligibility Date      : @{props['p.FinalEligDate']}&#xD;
Eligible to update          : @{props['p.Eligibility']}</cc:text>
                        <cc:line-separator/>
                    </cc:log-message>
                </cc:log>
                <cc:validate-exp id="ValidateExp" filter="false">
                    <cc:expression failure-message="Birth Date is empty for this Employee" replace-message="true">props['p.Birth.date'] != empty</cc:expression>
                    <cc:expression failure-message="Service Date is empty for this Employee" replace-message="true">props['p.Service.date'] != empty</cc:expression>
                    <cc:expression failure-message="Retirement Eligibility Date already set for this Employee" replace-message="true">props['p.ExistsingEligiblityDate'] != props['p.FinalEligDate']</cc:expression>
                    <cc:expression failure-message="Employee is NOT eligible for processing" replace-message="true">props['p.Eligibility'] != 'false'</cc:expression>
                </cc:validate-exp>
            </cc:steps>
            <cc:send-error id="SendError" routes-to="ErrorHandler1"/>
        </cc:async-mediation>
        <cc:local-out id="UpdateRetirementEligibility1" execute-when="props['p.Eligibility'] == 'true'" endpoint="vm://INT0184-Comp_Retirement_Eligibility_Studio/UpdateRetirementEligibility"/>
        <cc:local-out id="ErrorHandler1" endpoint="vm://INT0184-Comp_Retirement_Eligibility_Studio/ErrorHandler"/>
	</cc:assembly>

</beans>