<?xml version="1.0" encoding="UTF-8"?>
<wdnm:Diagram xmlns:wdnm="http://workday.com/studio/editors/notation">
  <element href="assembly.xml#WorkdayAssembly"/>
  <visualProperties x="78" y="-11">
    <element href="assembly.xml#WorkdayAccountGen"/>
  </visualProperties>
  <visualProperties x="635" y="-11">
    <element href="assembly.xml#CallDiscoverAccountId"/>
  </visualProperties>
  <visualProperties x="41" y="554">
    <element href="assembly.xml#DiscoverAccountId"/>
  </visualProperties>
  <visualProperties x="291" y="564">
    <element href="assembly.xml#Loop"/>
  </visualProperties>
  <visualProperties x="441" y="594">
    <element href="assembly.xml#Request"/>
  </visualProperties>
  <visualProperties x="616" y="590">
    <element href="assembly.xml#CallCheckWorkdayID"/>
  </visualProperties>
  <visualProperties x="834" y="571">
    <element href="assembly.xml#IDResult"/>
  </visualProperties>
  <visualProperties x="666" y="877">
    <element href="assembly.xml#Route"/>
  </visualProperties>
  <visualProperties x="791" y="848">
    <element href="assembly.xml#WorkdayAccountIdExistsMsg"/>
  </visualProperties>
  <visualProperties x="534" y="802">
    <element href="assembly.xml#WDGetWorkdayAccount"/>
  </visualProperties>
  <visualProperties x="394" y="1006">
    <element href="assembly.xml#GetWorkdayAccountErrMsg"/>
  </visualProperties>
  <visualProperties x="178" y="1006">
    <element href="assembly.xml#GetWorkdayAccountsRes"/>
  </visualProperties>
  <visualProperties x="319" y="848">
    <element href="assembly.xml#GetWorkdayAccountReq"/>
  </visualProperties>
  <visualProperties x="78" y="892">
    <element href="assembly.xml#CheckWorkdayAccountId"/>
  </visualProperties>
  <visualProperties x="935" y="583">
    <element href="assembly.xml#OktaAccountIdAvailableMsg"/>
  </visualProperties>
  <visualProperties x="853" y="-11">
    <element href="assembly.xml#CallGenUpdateWorkdayAccount"/>
  </visualProperties>
  <visualProperties x="757" y="1316">
    <element href="assembly.xml#WDAccountResultMsg"/>
  </visualProperties>
  <visualProperties x="790" y="1197">
    <element href="assembly.xml#WDAccountRes"/>
  </visualProperties>
  <visualProperties x="620" y="1224">
    <element href="assembly.xml#WDAccountReq"/>
  </visualProperties>
  <visualProperties x="339" y="1328">
    <element href="assembly.xml#WDUpdateAccountErrMsg"/>
  </visualProperties>
  <visualProperties x="286" y="1173">
    <element href="assembly.xml#BuildWDAccountReq"/>
  </visualProperties>
  <visualProperties x="89" y="1224">
    <element href="assembly.xml#UpdateWorkdayAccount"/>
  </visualProperties>
  <visualProperties x="307" y="-17">
    <element href="assembly.xml#EvaluateCurrentUsername"/>
  </visualProperties>
  <visualProperties x="290" y="-11">
    <element href="assembly.xml#CallCheckCurrentUsernameNeedsChangeId"/>
  </visualProperties>
  <visualProperties x="102" y="234">
    <element href="assembly.xml#CheckCurrentUsernameNeedsChangeId"/>
  </visualProperties>
  <visualProperties x="617" y="274">
    <element href="assembly.xml#CurrentUsernameEvaluationMessage"/>
  </visualProperties>
  <visualProperties>
    <element href="assembly.xml#LocalErrorHandler"/>
  </visualProperties>
  <visualProperties>
    <element href="assembly.xml#ErrorMsgAysnc"/>
  </visualProperties>
  <visualProperties>
    <element href="assembly.xml#PutIntegrationMessage"/>
  </visualProperties>
  <visualProperties x="367" y="230">
    <element href="assembly.xml#CheckUsernameNotEmpty"/>
  </visualProperties>
  <visualProperties x="427" y="326">
    <element href="assembly.xml#CurrentUsernameBlankId"/>
  </visualProperties>
  <visualProperties x="146" y="1542">
    <element href="assembly.xml#CheckEmailIds"/>
  </visualProperties>
  <visualProperties x="723" y="1542">
    <element href="assembly.xml#PutIntegrationMessage0"/>
  </visualProperties>
  <visualProperties x="600" y="1557">
    <element href="assembly.xml#EmailOut"/>
  </visualProperties>
  <visualProperties x="68" y="1545">
    <element href="assembly.xml#SendEmail"/>
  </visualProperties>
  <visualProperties x="1003" y="1188">
    <element href="assembly.xml#CallSendEmail"/>
  </visualProperties>
  <visualProperties x="648" y="1515">
    <element href="assembly.xml#Route0"/>
  </visualProperties>
  <visualProperties x="804" y="1588">
    <element href="assembly.xml#AsyncMediation"/>
  </visualProperties>
  <decorations x="60" y="-74" width="1032" height="207" font="Arial Black|9|0" bgColor="5939109" fgColor="4210816" fontColor="1" type="NOTE" text="Generate ID"/>
  <decorations x="37" y="541" width="1205" height="211" font="Arial Black|9|0" bgColor="12615808" fontColor="1" type="NOTE" text="DiscoverAccountID"/>
  <decorations x="45" y="767" width="971" height="344" font="Arial Black|9|0" bgColor="10532362" fgColor="12615680" fontColor="1" type="NOTE" text="Check Workday for Account"/>
  <decorations x="45" y="1118" width="1181" height="271" font="Arial Black|9|0" bgColor="10203236" fontColor="1" type="NOTE" text="Update Workday User name"/>
  <connections type="routesTo" sourceAnchorX="1.0" sourceAnchorY="0.3783783783783784" targetAnchorX="0.08080808080808081" targetAnchorY="0.21428571428571427">
    <source href="assembly.xml#DiscoverAccountId"/>
    <target href="assembly.xml#Loop"/>
  </connections>
  <connections type="routesTo" sourceAnchorX="1.0" sourceAnchorY="0.6176470588235294" targetAnchorX="0.056179775280898875" targetAnchorY="0.7446808510638298">
    <source href="assembly.xml#//@beans/@mixed.1/@route.1/@subRoute.0"/>
    <target href="assembly.xml#Request"/>
  </connections>
  <connections type="routesTo" sourceAnchorX="1.0" sourceAnchorY="0.2872340425531915" targetAnchorX="0.08670520231213873" targetAnchorY="0.4594594594594595">
    <source href="assembly.xml#Request"/>
    <target href="assembly.xml#CallCheckWorkdayID"/>
  </connections>
  <connections type="routesResponseTo" sourceAnchorX="1.0" sourceAnchorY="0.4594594594594595" targetAnchorX="0.14444444444444443" targetAnchorY="0.3191489361702128">
    <source href="assembly.xml#CallCheckWorkdayID"/>
    <target href="assembly.xml#IDResult"/>
  </connections>
  <connections type="routesTo" sourceAnchorX="1.0" sourceAnchorY="0.3191489361702128" targetAnchorX="0.04830917874396135" targetAnchorY="0.40540540540540543">
    <source href="assembly.xml#IDResult"/>
    <target href="assembly.xml#OktaAccountIdAvailableMsg"/>
  </connections>
  <connections type="routesResponseTo" sourceAnchorX="0.18048780487804877" sourceAnchorY="1.0" targetAnchorX="0.7640449438202247" targetAnchorY="0.6914893617021277">
    <source href="assembly.xml#GetWorkdayAccountErrMsg"/>
    <target href="assembly.xml#Route"/>
  </connections>
  <connections type="routesTo" sourceAnchorX="0.7692307692307693" sourceAnchorY="1.0" targetAnchorX="0.4084507042253521" targetAnchorY="0.3783783783783784">
    <source href="assembly.xml#//@beans/@mixed.1/@route.0/@subRoute.0"/>
    <target href="assembly.xml#WorkdayAccountIdExistsMsg"/>
  </connections>
  <connections type="routesResponseTo" sourceAnchorX="0.8602150537634409" sourceAnchorY="1.0" targetAnchorX="0.4272300469483568" targetAnchorY="0.5405405405405406">
    <source href="assembly.xml#WDGetWorkdayAccount"/>
    <target href="assembly.xml#WorkdayAccountIdExistsMsg"/>
  </connections>
  <connections type="routesTo" sourceAnchorX="1.0" sourceAnchorY="0.22340425531914893" targetAnchorX="0.23076923076923078" targetAnchorY="0.7297297297297297">
    <source href="assembly.xml#GetWorkdayAccountReq"/>
    <target href="assembly.xml#WDGetWorkdayAccount"/>
  </connections>
  <connections type="routesTo" sourceAnchorX="0.0" sourceAnchorY="0.23404255319148937" targetAnchorX="0.2731707317073171" targetAnchorY="0.5675675675675675">
    <source href="assembly.xml#GetWorkdayAccountsRes"/>
    <target href="assembly.xml#GetWorkdayAccountErrMsg"/>
  </connections>
  <connections type="routesTo" sourceAnchorX="0.517948717948718" sourceAnchorY="1.0" targetAnchorX="0.3812154696132597" targetAnchorY="0.11702127659574468">
    <source href="assembly.xml#//@beans/@mixed.1/@mixed.19/@mixed.3"/>
    <target href="assembly.xml#GetWorkdayAccountsRes"/>
  </connections>
  <connections type="routesTo" sourceAnchorX="0.9322916666666666" sourceAnchorY="1.0" targetAnchorX="0.22277227722772278" targetAnchorY="0.32">
    <source href="assembly.xml#CheckWorkdayAccountId"/>
    <target href="assembly.xml#GetWorkdayAccountReq"/>
  </connections>
  <connections type="routesTo" sourceAnchorX="1.0" sourceAnchorY="0.391304347826087" targetAnchorX="0.5689655172413793" targetAnchorY="0.16216216216216217">
    <source href="assembly.xml#WDAccountRes"/>
    <target href="assembly.xml#WDAccountResultMsg"/>
  </connections>
  <connections type="routesResponseTo" sourceAnchorX="1.0" sourceAnchorY="0.40540540540540543" targetAnchorX="0.1953125" targetAnchorY="0.6086956521739131">
    <source href="assembly.xml#WDAccountReq"/>
    <target href="assembly.xml#WDAccountRes"/>
  </connections>
  <connections type="routesTo" sourceAnchorX="1.0" sourceAnchorY="0.22340425531914893" targetAnchorX="0.23076923076923078" targetAnchorY="0.7297297297297297">
    <source href="assembly.xml#BuildWDAccountReq"/>
    <target href="assembly.xml#WDAccountReq"/>
  </connections>
  <connections type="routesTo" sourceAnchorX="0.32432432432432434" sourceAnchorY="1.0" targetAnchorX="0.28205128205128205" targetAnchorY="0.6216216216216216">
    <source href="assembly.xml#//@beans/@mixed.1/@mixed.3/@mixed.3"/>
    <target href="assembly.xml#WDUpdateAccountErrMsg"/>
  </connections>
  <connections type="routesTo" sourceAnchorX="1.0" sourceAnchorY="0.5945945945945946" targetAnchorX="0.25984251968503935" targetAnchorY="0.4891304347826087">
    <source href="assembly.xml#UpdateWorkdayAccount"/>
    <target href="assembly.xml#BuildWDAccountReq"/>
  </connections>
  <connections type="routesResponseTo" sourceAnchorX="1.0" sourceAnchorY="0.1891891891891892" targetAnchorX="0.04310344827586207" targetAnchorY="0.1891891891891892">
    <source href="assembly.xml#CallDiscoverAccountId"/>
    <target href="assembly.xml#CallGenUpdateWorkdayAccount"/>
  </connections>
  <connections type="routesResponseTo">
    <source href="assembly.xml#CallCheckCurrentUsernameNeedsChangeId"/>
    <target href="assembly.xml#CallDiscoverAccountId"/>
  </connections>
  <connections type="routesTo">
    <source href="assembly.xml#WorkdayAccountGen"/>
    <target href="assembly.xml#CallCheckCurrentUsernameNeedsChangeId"/>
  </connections>
  <connections type="routesTo">
    <source href="assembly.xml#EvaluateCurrentUsername"/>
    <target href="assembly.xml#CurrentUsernameEvaluationMessage"/>
  </connections>
  <connections type="routesTo">
    <source href="assembly.xml#LocalErrorHandler"/>
    <target href="assembly.xml#ErrorMsgAysnc"/>
  </connections>
  <connections type="routesTo">
    <source href="assembly.xml#ErrorMsgAysnc"/>
    <target href="assembly.xml#PutIntegrationMessage"/>
  </connections>
  <connections type="routesTo">
    <source href="assembly.xml#CheckCurrentUsernameNeedsChangeId"/>
    <target href="assembly.xml#CheckUsernameNotEmpty"/>
  </connections>
  <connections type="routesTo">
    <source href="assembly.xml#CheckUsernameNotEmpty"/>
    <target href="assembly.xml#EvaluateCurrentUsername"/>
  </connections>
  <connections type="routesTo">
    <source href="assembly.xml#//@beans/@mixed.1/@mixed.59/@mixed.3"/>
    <target href="assembly.xml#CurrentUsernameBlankId"/>
  </connections>
  <connections type="routesResponseTo">
    <source href="assembly.xml#EmailOut"/>
    <target href="assembly.xml#PutIntegrationMessage0"/>
  </connections>
  <connections type="routesTo">
    <source href="assembly.xml#SendEmail"/>
    <target href="assembly.xml#CheckEmailIds"/>
  </connections>
  <connections type="routesResponseTo">
    <source href="assembly.xml#WDAccountResultMsg"/>
    <target href="assembly.xml#CallSendEmail"/>
  </connections>
  <connections type="routesTo">
    <source href="assembly.xml#//@beans/@mixed.1/@route.2/@subRoute.1"/>
    <target href="assembly.xml#EmailOut"/>
  </connections>
  <connections type="routesTo">
    <source href="assembly.xml#//@beans/@mixed.1/@route.2/@subRoute.0"/>
    <target href="assembly.xml#AsyncMediation"/>
  </connections>
  <connections type="routesTo">
    <source href="assembly.xml#AsyncMediation"/>
    <target href="assembly.xml#EmailOut"/>
  </connections>
  <connections type="routesTo">
    <source href="assembly.xml#CheckEmailIds"/>
    <target href="assembly.xml#Route0"/>
  </connections>
  <swimlanes x="53" y="170" font="Arial Black|9|0" bgColor="4227327" fontColor="1" name="Check Current Username" labelAlignment="LEFT">
    <elements href="assembly.xml#CheckCurrentUsernameNeedsChangeId"/>
    <elements href="#//@swimlanes.2"/>
    <elements href="assembly.xml#EvaluateCurrentUsername"/>
    <elements href="assembly.xml#CurrentUsernameEvaluationMessage"/>
  </swimlanes>
  <swimlanes x="43" y="1824" font="Arial|11|1" bgColor="255" fontColor="1" name="Local Error Handler" alignment="MIDDLE" labelAlignment="LEFT">
    <elements href="assembly.xml#LocalErrorHandler"/>
    <elements href="assembly.xml#ErrorMsgAysnc"/>
    <elements href="assembly.xml#PutIntegrationMessage"/>
  </swimlanes>
  <swimlanes x="369" y="226" name="Swimlane" orientation="VERTICAL">
    <elements href="assembly.xml#CheckUsernameNotEmpty"/>
    <elements href="assembly.xml#CurrentUsernameBlankId"/>
  </swimlanes>
  <swimlanes x="54" y="1433" font="Arial|12|1" bgColor="16711680" fontColor="1" name="Send Email" labelAlignment="LEFT">
    <elements href="assembly.xml#SendEmail"/>
    <elements href="assembly.xml#CheckEmailIds"/>
    <elements href="#//@swimlanes.4"/>
    <elements href="assembly.xml#EmailOut"/>
    <elements href="assembly.xml#PutIntegrationMessage0"/>
  </swimlanes>
  <swimlanes x="670" y="1640" name="Check if Work Country is USA">
    <elements href="assembly.xml#Route0"/>
    <elements href="assembly.xml#AsyncMediation"/>
  </swimlanes>
</wdnm:Diagram>
