<?xml version="1.0" encoding="UTF-8"?>
<beans
     xmlns="http://www.springframework.org/schema/beans"
     xmlns:beans="http://www.springframework.org/schema/beans"
     xmlns:atom="http://www.w3.org/2005/Atom"
     xmlns:cc="http://www.capeclear.com/assembly/10"
     xmlns:cloud="urn:com.workday/esb/cloud/10.0"
     xmlns:env="http://schemas.xmlsoap.org/soap/envelope/"
     xmlns:pi="urn:com.workday/picof"
     xmlns:wd="urn:com.workday/bsvc"
     xmlns:xsi="http://www.w3.org/2001/XMLSchema-instance">
 
	<cc:assembly id="WorkdayAssembly" version="2019.6">
        <cc:local-in id="UpdateWorkdayAccount" routes-to="BuildWDAccountReq">
            <cc:parameter name="id.accountId" required="false"/>
        </cc:local-in>
        <cc:async-mediation id="BuildWDAccountReq" routes-to="WDAccountReq" handle-downstream-errors="true">
            <cc:steps>
                <cc:validate-exp id="Validate">
                    <cc:expression failure-message="Workday Account Name Required">props['id.accountId'] != empty</cc:expression>
                </cc:validate-exp>
                <cc:eval id="Setup">
					<cc:expression>props['wd.workerId']= lp.getReferenceData('Worker', 'WID')</cc:expression>
					<cc:expression>if(props['username_contains_special_chars']){&#xD;
props['wd.username']=props['id.accountId']+props['id.Domain']&#xD;
}else{&#xD;
props['wd.username']=props['current_username'];&#xD;
}&#xD;
</cc:expression>
					<cc:expression>props['wd.password']=  com.cpsgpartners.okta.RandomPasswordGenerator.generatePswd(8,10,1,1,1) </cc:expression>
				</cc:eval>
                <cc:write id="Type">
                    <cc:message>
						<cc:text>&lt;?xml version=&quot;1.0&quot; encoding=&quot;UTF-8&quot;?>&#xD;
@if{lp.getSimpleData('Mode') == 'Create'}&#xD;
&lt;wd:Workday_Account_for_Worker_Add&#xD;
	xmlns:wd=&quot;urn:com.workday/bsvc&quot; wd:version=&quot;v25.0&quot;>&#xD;
	@else{}&#xD;
	&lt;wd:Workday_Account_for_Worker_Update&#xD;
		xmlns:wd=&quot;urn:com.workday/bsvc&quot; wd:version=&quot;v25.0&quot;>&#xD;
		@end{}&#xD;
		&lt;wd:Worker_Reference>&#xD;
			&lt;wd:Employee_Reference>&#xD;
				&lt;wd:Integration_ID_Reference>&#xD;
					&lt;wd:ID wd:System_ID=&quot;WD-WID&quot;>@{props['wd.workerId']}&lt;/wd:ID>&#xD;
				&lt;/wd:Integration_ID_Reference>&#xD;
			&lt;/wd:Employee_Reference>&#xD;
		&lt;/wd:Worker_Reference>&#xD;
		&lt;wd:Workday_Account_for_Worker_Data>&#xD;
			&lt;wd:User_Name>@{props['wd.username']}&lt;/wd:User_Name>&#xD;
			@if{ lp.getSimpleData('Mode') == 'Create' || lp.getSimpleData('Mode') == 'PasswordScramble'}&#xD;
			&lt;wd:Password>@{props['wd.password']}&lt;/wd:Password>&#xD;
			@else{}&#xD;
			&lt;wd:Password>@{props['wd.password']}&lt;/wd:Password>&#xD;
			@end{}&#xD;
		&lt;/wd:Workday_Account_for_Worker_Data>&#xD;
&#xD;
		@if{lp.getSimpleData('Mode') == 'Create'}&#xD;
&lt;/wd:Workday_Account_for_Worker_Add>&#xD;
@else{}&#xD;
&lt;/wd:Workday_Account_for_Worker_Update>&#xD;
@end{}&#xD; </cc:text>
					</cc:message>
                </cc:write>
                <cc:log id="Log">
                    <cc:log-message>
                        <cc:text>--------------------------------------------&#xD;
props['wd.password'] :- @{props['wd.password']}&#xD;
props['wd.username']:- @{props['wd.username']}&#xD;
Current Username : @{lp.getSimpleData('WD_Username')}&#xD;
--------------------------------------------</cc:text>
                    </cc:log-message>
                </cc:log>
                <cc:wrap-soap id="WrapSoap"/>
            </cc:steps>
            <cc:send-error id="SendError" routes-to="WDUpdateAccountErrMsg"/>
        </cc:async-mediation>
        <cc:local-out id="WDUpdateAccountErrMsg" endpoint="vm://wcc/PutIntegrationMessage" propagate-abort="true">
            <cc:set name="is.message.severity" value="'ERROR'"/>
            <cc:set name="is.message.summary" value="context.errorMessage"/>
        </cc:local-out>
        <cc:workday-out-soap id="WDAccountReq" routes-response-to="WDAccountRes" application="Human_Resources" version="25.0"/>
        <cc:async-mediation id="WDAccountRes" routes-to="WDAccountResultMsg">
            <cc:steps/>
        </cc:async-mediation>
        <cc:local-out id="WDAccountResultMsg" routes-response-to="CallSendEmail" endpoint="vm://wcc/PutIntegrationMessage">
            <cc:set name="is.message.severity" value="'INFO'"/>
            <cc:set name="is.message.summary" value=" 'Successfully updated Workday account ' +(lp.getReferenceData('Worker', 'Employee_ID') !=null? lp.getReferenceData('Worker', 'Employee_ID') : lp.getReferenceData('Worker', 'Contingent_Worker_ID')) + ' with Account Id ' + props['id.accountId']"/>
            <cc:set name="is.message.targets" value="props['wd.workerId']"/>
        </cc:local-out>
        <cc:local-out id="CallGenUpdateWorkdayAccount" store-message="none" execute-when="!context.isError()" endpoint="vm://INT_WorkdayAccount_Email_ALB/UpdateWorkdayAccount" clone-request="true" propagate-abort="true" unset-properties="true">
            <cc:set name="id.accountId" value="props['id.accountId']"/>
        </cc:local-out>
        <cc:local-out id="OktaAccountIdAvailableMsg" execute-when="props['id.found']" endpoint="vm://wcc/PutIntegrationMessage" propagate-abort="true">
            <cc:set name="is.message.severity" value="'INFO'"/>
            <cc:set name="is.message.summary" value="'Okta Account Id ' + props['id.accountId'] + ' is available.'"/>
        </cc:local-out>
        <cc:local-in id="CheckWorkdayAccountId" routes-to="GetWorkdayAccountReq">
            <cc:out-parameter name="id.workdayUnique"/>
        </cc:local-in>
        <cc:async-mediation id="GetWorkdayAccountReq" routes-to="WDGetWorkdayAccount" handle-downstream-errors="true">
            <cc:steps>
                <cc:write id="Type">
                    <cc:message>
						<cc:text>&lt;?xml version=&quot;1.0&quot; encoding=&quot;UTF-8&quot;?>&#xD;
&lt;wd:Get_Workday_Account_Request xmlns:wd=&quot;urn:com.workday/bsvc&quot;&#xD;
	wd:version=&quot;v25.0&quot;>&#xD;
	&lt;wd:Request_References>&#xD;
		&lt;wd:Workday_Account_Reference>&#xD;
			&lt;wd:ID wd:type=&quot;System_User_ID&quot;>@{props['id.candidateId']}@{props['id.Domain']}&lt;/wd:ID>&#xD;
		&lt;/wd:Workday_Account_Reference>&#xD;
	&lt;/wd:Request_References>&#xD;
&lt;/wd:Get_Workday_Account_Request> </cc:text>
					</cc:message>
                </cc:write>
                <cc:log id="Log">
                    <cc:log-message>
                        <cc:message-content/>
                    </cc:log-message>
                </cc:log>
                <cc:wrap-soap id="WrapSoap"/>
            </cc:steps>
            <cc:send-error id="SendError" routes-to="GetWorkdayAccountsRes"/>
        </cc:async-mediation>
        <cc:async-mediation id="GetWorkdayAccountsRes" routes-to="GetWorkdayAccountErrMsg">
            <cc:steps>
                <cc:eval id="CheckError">


					<cc:expression>if ( context.errorMessage.contains('Invalid ID value')){props['id.workdayUnique'] = true; context.setException(null);  }</cc:expression>
					<cc:expression>if ( context.errorMessage.contains('The entered information does not meet the restrictions defined for this field')){context.setException(null);  }</cc:expression>
				</cc:eval>
                <cc:log id="Log">
                    <cc:log-message>
                        <cc:text>&#xD;
&#xD;
--------------------------------------------&#xD;
props['id.workdayUnique'] :- @{props['id.workdayUnique']}&#xD;
props['id.Domain']:- @{props['id.Domain']}&#xD;
props['id.candidateId'] :- @{props['id.candidateId']}&#xD;
&#xD;
--------------------------------------------</cc:text>
                    </cc:log-message>
                </cc:log>
            </cc:steps>
        </cc:async-mediation>
        <cc:local-out id="GetWorkdayAccountErrMsg" execute-when="context.isError()" routes-response-to="Route" endpoint="vm://wcc/PutIntegrationMessage" propagate-abort="true">
            <cc:set name="is.message.severity" value="'ERROR'"/>
            <cc:set name="is.message.summary" value="context.errorMessage"/>
        </cc:local-out>
        <cc:workday-out-soap id="WDGetWorkdayAccount" routes-response-to="WorkdayAccountIdExistsMsg" application="Human_Resources" version="24.0"/>
        <cc:local-out id="WorkdayAccountIdExistsMsg" endpoint="vm://wcc/PutIntegrationMessage" propagate-abort="true">
            <cc:set name="is.message.severity" value="'INFO'"/>
            <cc:set name="is.message.summary" value="'Workday Account Id ' + props['id.candidateId'] + ' exists, attempting next candidate Account Id'"/>
        </cc:local-out>
        <cc:route id="Route">
            <cc:mvel-strategy filter="true">
                <cc:choose-route expression="!props['id.workdayUnique']" route="Exists"/>
            </cc:mvel-strategy>
            <cc:sub-route name="Exists" routes-to="WorkdayAccountIdExistsMsg"/>
        </cc:route>
        <cc:async-mediation id="IDResult" routes-to="OktaAccountIdAvailableMsg">
            <cc:steps>
                <cc:eval id="Eval">
					<cc:expression>if (props['id.workdayUnique'] ) {props['id.found'] = true;  props['id.accountId'] = props['id.candidateId']; }</cc:expression>
				</cc:eval>
            </cc:steps>
        </cc:async-mediation>
        <cc:local-out id="CallCheckWorkdayID" store-message="none" routes-response-to="IDResult" endpoint="vm://INT_WorkdayAccount_Email_ALB/CheckWorkdayAccountId"/>
        <cc:async-mediation id="Request" routes-to="CallCheckWorkdayID" handle-downstream-errors="true">
            <cc:steps>
                <cc:eval id="Request">
                    <cc:expression>props['id.FirstName'] = com.cpsgpartners.okta.AccountIdFormatter.formatstring(lp.getSimpleData('First Name'));</cc:expression>

					
					<cc:expression>props['id.LastName'] = com.cpsgpartners.okta.AccountIdFormatter.formatstring(lp.getSimpleData('Last Name'));</cc:expression>





					<cc:expression>props['id.candidateId'] =com.cpsgpartners.okta.AccountIdFormatter.format3(props['id.FirstName'],props['id.LastName'], props['id.counter'])</cc:expression><cc:expression>props['id.workdayUnique'] = false</cc:expression>
				<cc:expression>props['id.Domain']=&quot;@&quot;+lp.getSimpleData('Domain')</cc:expression><cc:expression>//props['id.Domain1'] =&quot;@&quot; + lp.getSimpleData('Domain')</cc:expression></cc:eval>
            </cc:steps>
        </cc:async-mediation>
        <cc:route id="Loop">
            <cc:loop-strategy condition="!props['id.found'] and props['username_contains_special_chars']" increment="props['id.counter'] = props['id.counter'] +1" init="props['id.counter'] = 0;  props['id.found'] = false; " repeat-limit="10"/>
            <cc:sub-route name="CheckID" routes-to="Request"/>
        </cc:route>
        <cc:local-in id="DiscoverAccountId" routes-to="Loop">
            <cc:out-parameter name="id.accountId"/>
        </cc:local-in>
        <cc:local-out id="CallDiscoverAccountId" store-message="none" routes-response-to="CallGenUpdateWorkdayAccount" endpoint="vm://INT_WorkdayAccount_Email_ALB/DiscoverAccountId" clone-request="true" propagate-abort="true" unset-properties="true"/>
        <cc:workday-in id="WorkdayAccountGen" routes-to="CallCheckCurrentUsernameNeedsChangeId">
            <cc:integration-system name="INT WorkdayAccount Gen using Email Format">
        <cloud:param name="Mode">
          <cloud:type>
            <cloud:enumeration-type name="AccountMode">
              <cloud:enumeration>Create</cloud:enumeration>
              <cloud:enumeration>Update</cloud:enumeration>
            </cloud:enumeration-type>
          </cloud:type>
          <cloud:default>
            <cloud:enumeration name="AccountMode">
              <cloud:enumeration>Create</cloud:enumeration>
            </cloud:enumeration>
          </cloud:default>
        </cloud:param>
        <cloud:param name="Worker">
          <cloud:type>
            <cloud:class-report-field description="Current Worker" type="WID" singular="true">3ea5292345fc47db9dd1bb325fa72b77</cloud:class-report-field>
          </cloud:type>
        </cloud:param>
        <cloud:param name="First Name">
          <cloud:type>
            <cloud:simple-type>text</cloud:simple-type>
          </cloud:type>
        </cloud:param>
        <cloud:param name="Middle Name">
          <cloud:type>
            <cloud:simple-type>text</cloud:simple-type>
          </cloud:type>
        </cloud:param>
        <cloud:param name="Last Name">
          <cloud:type>
            <cloud:simple-type>text</cloud:simple-type>
          </cloud:type>
        </cloud:param>
        <cloud:param name="Domain">
          <cloud:type>
            <cloud:simple-type>text</cloud:simple-type>
          </cloud:type>
        </cloud:param>
        <cloud:param name="WD_Username">
          <cloud:type>
            <cloud:simple-type>text</cloud:simple-type>
          </cloud:type>
        </cloud:param>
        <cloud:param name="Hire Date">
          <cloud:type>
            <cloud:simple-type>text</cloud:simple-type>
          </cloud:type>
        </cloud:param>
        <cloud:param name="Email">
          <cloud:type>
            <cloud:simple-type>text</cloud:simple-type>
          </cloud:type>
        </cloud:param>
        <cloud:param name="Mail_server_location">
          <cloud:type>
            <cloud:simple-type>text</cloud:simple-type>
          </cloud:type>
          <cloud:launch-option>required</cloud:launch-option>
        </cloud:param>
        <cloud:param name="Port">
          <cloud:type>
            <cloud:simple-type>text</cloud:simple-type>
          </cloud:type>
        </cloud:param>
        <cloud:param name="From_email_address">
          <cloud:type>
            <cloud:simple-type>text</cloud:simple-type>
          </cloud:type>
          <cloud:launch-option>required</cloud:launch-option>
        </cloud:param>
        <cloud:param name="Subject">
          <cloud:type>
            <cloud:simple-type>text</cloud:simple-type>
          </cloud:type>
          <cloud:launch-option>required</cloud:launch-option>
        </cloud:param>
        <cloud:param name="cc_email">
          <cloud:type>
            <cloud:simple-type>text</cloud:simple-type>
          </cloud:type>
        </cloud:param>
        <cloud:param name="Trigger_email">
          <cloud:type>
            <cloud:simple-type>boolean</cloud:simple-type>
          </cloud:type>
        </cloud:param>
        <cloud:param name="Login_link">
          <cloud:type>
            <cloud:simple-type>text</cloud:simple-type>
          </cloud:type>
        </cloud:param>
        <cloud:param name="Employee_ID">
          <cloud:type>
            <cloud:simple-type>text</cloud:simple-type>
          </cloud:type>
        </cloud:param>
        <cloud:param name="From_email_address_pwd">
          <cloud:type>
            <cloud:simple-type>text</cloud:simple-type>
          </cloud:type>
        </cloud:param>
        <cloud:param name="WorkCountry_is_USA">
          <cloud:type>
            <cloud:simple-type>boolean</cloud:simple-type>
          </cloud:type>
        </cloud:param>
        <cloud:attribute-map-service name="Attachments">
          <cloud:attribute name="I9_Instructions">
            <cloud:type>
              <cloud:class-report-field description="Repository Document" type="WID" singular="false">1265f2f1996d4325b898f2eafc88b589</cloud:class-report-field>
            </cloud:type>
          </cloud:attribute>
          <cloud:attribute name="Benefits_Guide">
            <cloud:type>
              <cloud:class-report-field description="Repository Document" type="WID" singular="false">1265f2f1996d4325b898f2eafc88b589</cloud:class-report-field>
            </cloud:type>
          </cloud:attribute>
        </cloud:attribute-map-service>
      </cc:integration-system>
        </cc:workday-in>
        <cc:async-mediation id="EvaluateCurrentUsername" routes-to="CurrentUsernameEvaluationMessage">
            <cc:steps>
                <cc:eval id="Eval">
                    <cc:expression>props['username_contains_special_chars'] = true;</cc:expression>
                    <cc:expression>props['current_username']= lp.getSimpleData('WD_Username');</cc:expression>
                    <cc:expression>props['username_contains_special_chars']= com.cpsgpartners.okta.AccountIdFormatter.isUserNameNeededChange(lp.getSimpleData('WD_Username'));</cc:expression>
                    <cc:expression>if(!props['username_contains_special_chars']){&#xD;
props['id.accountId'] = props['current_username'] ;&#xD;
}&#xD;
props['user_name_evaluation']= &quot;Current username is &quot; + props['current_username'] + &quot; This needs to be changed &quot;+ props['username_contains_special_chars']</cc:expression>
                </cc:eval>
                <cc:log id="Log">
                    <cc:log-message>
                        <cc:text>------------------------&#xD;
Current UserName : @{props['current_username']}&#xD;
User name Contains Other than English Alphaets : @{props['username_contains_special_chars']}&#xD;
----------------------- </cc:text>
                    </cc:log-message>
                </cc:log>
            </cc:steps>
        </cc:async-mediation>
        <cc:local-out id="CallCheckCurrentUsernameNeedsChangeId" store-message="none" routes-response-to="CallDiscoverAccountId" endpoint="vm://INT_WorkdayAccount_Email_ALB/CheckCurrentUsernameNeedsChangeId"/>
        <cc:local-in id="CheckCurrentUsernameNeedsChangeId" routes-to="CheckUsernameNotEmpty"/>
        <cc:local-out id="CurrentUsernameEvaluationMessage" endpoint="vm://wcc/PutIntegrationMessage"><cc:set name="is.message.severity" value="'INFO'"/><cc:set name="is.message.summary" value="props['user_name_evaluation']"/><cc:set name="is.message.storage.enabled" value="false"/></cc:local-out>
        <cc:local-out id="PutIntegrationMessage" endpoint="vm://wcc/PutIntegrationMessage">
            <cc:set name="is.message.severity" value="props['error_or_fail_status']"/>
            <cc:set name="is.message.summary" value="props['error.message']"/>
            <cc:set name="is.message.detail" value="context.errorMessage"/>
            <cc:set name="is.message.storage.enabled" value="false"/>
        </cc:local-out>
        <cc:async-mediation id="ErrorMsgAysnc" routes-to="PutIntegrationMessage">
            <cc:steps>
                <cc:eval id="setErrorMsg">
                    <cc:expression>props['error.message'] = context.errorMessage;&#xD;
props['error_or_fail_status'] = &quot;CRITICAL&quot;;</cc:expression>
                    <cc:expression>if(props['step.id'] == &quot;Curernt username is empty&quot;){&#xD;
    props['error.message'] = &quot;User has no workday account&quot;;&#xD;
}</cc:expression>
                    <cc:expression>if(props['step.id'] == &quot;User has no email&quot;){&#xD;
    props['error.message'] = &quot;User has no email&quot;;&#xD;
     props['error_or_fail_status'] =&quot;ERROR&quot;;&#xD;
}</cc:expression>
                    <cc:expression>if(props['step.id'] == &quot;Error in sening email&quot;){&#xD;
    props['error.message'] = &quot;Error in sening email&quot;&#xD;
    props['error_or_fail_status'] =&quot;ERROR&quot;;&#xD;
}</cc:expression>
                </cc:eval>
            </cc:steps>
        </cc:async-mediation>
        <cc:local-in id="LocalErrorHandler" routes-to="ErrorMsgAysnc">
            <cc:parameter name="step.id" required="true" type="string"/>
        </cc:local-in>
        <cc:async-mediation id="CheckUsernameNotEmpty" routes-to="EvaluateCurrentUsername">
            <cc:steps>
                <cc:validate-exp id="ValidateExp">
                    <cc:expression failure-message="Current Username is blank">lp.getSimpleData('WD_Username') != empty </cc:expression>
                </cc:validate-exp>
            </cc:steps>
            <cc:send-error id="SendError" routes-to="CurrentUsernameBlankId"/>
        </cc:async-mediation>
        <cc:local-out id="CurrentUsernameBlankId" store-message="none" endpoint="vm://INT_WorkdayAccount_Email_ALB/LocalErrorHandler"><cc:set name="step.id" value="&quot;Curernt username is empty&quot;"/></cc:local-out>
        <cc:async-mediation id="CheckEmailIds" routes-to="Route0">
            <cc:steps>
                <cc:eval id="Eval0">
                    <cc:expression>props['send_email'] = lp.getSimpleData('Trigger_email');</cc:expression>
                </cc:eval>
                <cc:validate-exp id="ValidateExp">
                    <cc:expression failure-message="Send Email Flag is Turned off. Email will not be sent">props['send_email'] == true</cc:expression>
                </cc:validate-exp>
                <cc:eval id="Eval">
                    <cc:expression>props['new_hire_email']=lp.getSimpleData('Email');&#xD;
&#xD;
if(props['new_hire_email'] == empty ){&#xD;
&#xD;
props['new_hire_email'] ='NO_NEW_HIRE_EMAIL_FOUND@test.com';&#xD;
&#xD;
}&#xD;
&#xD;
props['To']='mailto:'+ props['new_hire_email'];&#xD;
props['From']=lp.getSimpleData('From_email_address');&#xD;
props['Subject']=lp.getSimpleData('Subject');&#xD;
props['Pwd']=lp.getSimpleData('From_email_address_pwd');&#xD;
props['Port']=lp.getSimpleData('Port');&#xD;
props['Smtp']=lp.getSimpleData('Mail_server_location');&#xD;
props['cc']=lp.getSimpleData('cc_email');&#xD;
props['Employee_ID'] = lp.getSimpleData('Employee_ID');</cc:expression>
                    <cc:expression>//props['input.i9'] = intsys.getAttributeReferenceData('I9_Instructions', 'Document_ID');&#xD;
//props['input.health'] = intsys.getAttributeReferenceData('Benefits_Guide', 'Document_ID');</cc:expression>
                    <cc:expression>props['Name'] = lp.getSimpleData('First Name');&#xD;
props['Name'] = props['Name'] + ' ' + lp.getSimpleData('Last Name');&#xD;
props['Hire Date']= lp.getSimpleData('Hire Date');&#xD;
props['link'] = lp.getSimpleData('Login_link');&#xD;
props['Username'] = props['wd.username'];&#xD;
props['Password'] = props['wd.password'];&#xD;
&#xD;
props['stored_file'] = util.readFileToVar('Benefits_file', '2019 BENEFIT SUMMARY.pdf');</cc:expression>
                    <cc:expression>props['work_country_USA'] = lp.getSimpleData('WorkCountry_is_USA');</cc:expression>
                </cc:eval>
                <cc:write id="Write" output-mimetype="text/html">
                    <cc:message>
                        <cc:text>&lt;p>Hi @{props['Name']},&lt;/p>&#xD;
&lt;p>&amp;nbsp;&lt;/p>&#xD;
&lt;p>*Welcome to Albemarle! We are thrilled you have decided to join us. It is an exciting time in our organization and we can&amp;rsquo;t wait for you to become a part of our team. Your decision to join our organization is an important part of our continued growth and success around the world, and we can&amp;rsquo;t wait to see the wonderful contributions you make.*&lt;/p>&#xD;
&lt;p>&amp;nbsp;&lt;/p>&#xD;
&lt;p>Your first day with us, which is scheduled for @{props['Hire Date']}, is rapidly approaching. Here are a few logistics to help your first day go as smoothly as possible:&lt;/p>&#xD;
&lt;ul>&#xD;
&lt;li style=&quot;text-indent: -.25in;&quot;>Your employee ID is @{props['Employee_ID']}. You will need this when completing forms on your first day, so make sure you have this information available.&lt;/li>&#xD;
&lt;li style=&quot;text-indent: -.25in;&quot;>Below we have list your login to our Workday system. Once you enter the system, you will be able to complete a few onboarding tasks prior to your first day.&lt;/li>&#xD;
&lt;li style=&quot;text-indent: -.25in;&quot;>Link to access Workday: @{props['link']}&lt;/li>&#xD;
&lt;li style=&quot;text-indent: -.25in;&quot;>Username: @{props['Username']}&lt;/li>&#xD;
&lt;li style=&quot;text-indent: -.25in;&quot;>Password: @{props['Password']}&lt;/li>&#xD;
&lt;li style=&quot;text-indent: -.25in;&quot;>All other required forms will be provided on your first day.&lt;/li>&#xD;
&lt;/ul>&#xD;
&lt;p>&amp;nbsp;&lt;/p>&#xD;
&lt;p>You will also be receiving an additional email which will include the following information&lt;/p>&#xD;
&lt;ul>&#xD;
&lt;li style=&quot;text-indent: -.25in;&quot;>1&lt;sup>st&lt;/sup> Day Logistics&lt;/li>&#xD;
&lt;li style=&quot;text-indent: -.25in;&quot;>Specific First Day Attire&lt;/li>&#xD;
&lt;li style=&quot;text-indent: -.25in;&quot;>I-9 Instructions&lt;/li>&#xD;
&lt;/ul>&#xD;
&lt;p>&amp;nbsp;&lt;/p>&#xD;
&lt;p>*Your first day will include many opportunities to learn more about Albemarle, meet your new team, and become acclimated to your new position. Here are some activities you can expect:&lt;/p>&#xD;
&lt;ul>&#xD;
&lt;li style=&quot;text-indent: -.25in;&quot;>Orientation session, which will include information about our benefits, the Albemarle Foundation, and other important information for working at Albemarle Corporation&lt;/li>&#xD;
&lt;li style=&quot;text-indent: -.25in;&quot;>Completion of applicable required forms, which we will provide&lt;/li>&#xD;
&lt;li style=&quot;text-indent: -.25in;&quot;>Lunch with your new manager and/or team members&lt;/li>&#xD;
&lt;li style=&quot;text-indent: -.25in;&quot;>A tour of your new work site&lt;/li>&#xD;
&lt;li style=&quot;text-indent: -.25in;&quot;>An introduction to your new role, including a checklist to help you navigate through your first 90 days of employment&lt;/li>&#xD;
&lt;/ul>&#xD;
@if{props['work_country_USA'] == true}&#xD;
&lt;p>&amp;nbsp;&lt;/p>&#xD;
&lt;p>In addition, during your first few days of employment, we will provide a comprehensive overview of all the health and wellness benefits Albemarle offers, as well as information on how to register for them. However, if you would like to learn more about these benefits prior to your first day, please review the document attached.&lt;/p>&#xD;
&lt;p>&amp;nbsp;&lt;/p>&#xD;
&lt;p style=&quot;margin-bottom: 12.0pt; line-height: normal; tab-stops: 0in; text-autospace: none;&quot;>&amp;lt;US SITES ONLY&amp;gt; In order to promote our Core Values and to encourage an inclusive environment, Albemarle participates in the Work Opportunity Tax Credit (WOTC) Program.&lt;/p>&#xD;
&lt;p style=&quot;margin-bottom: 12.0pt; line-height: normal; tab-stops: 0in; text-autospace: none;&quot;>To comply with the requirements of this program, we would like to request your participation in a brief questionnaire. Your feedback is extremely valuable and critical to the overall success of this program.&lt;/p>&#xD;
&lt;p style=&quot;margin-bottom: 12.0pt; line-height: normal; tab-stops: 0in; text-autospace: none;&quot;>To access the questionnaire, visit &lt;a href=&quot;https://albemarle.sumitcredits.com&quot;>&lt;span style=&quot;font-family: 'Arial','sans-serif'; color: blue;&quot;>https://albemarle.sumitcredits.com&lt;/span>&lt;/a>. Your participation is voluntary, but we ask that you complete the on-line questionnaire by the close of business on your first day of hire.&amp;nbsp; Your participation may allow Albemarle to secure valuable tax credits. Thank you in advance for your participation.&lt;/p>&#xD;
&lt;p>&amp;nbsp;&lt;/p>&#xD;
@end{}&#xD;
&lt;p>*We are so excited you have chosen to join us at Albemarle and wish you the best of luck on your first day and beyond! Please let us know if you have any questions.&lt;/p>&#xD;
&lt;p>&amp;nbsp;&lt;/p>&#xD;
&lt;p>&lt;span style=&quot;font-size: 11.0pt; line-height: 107%; font-family: 'Calibri','sans-serif';&quot;>Best Regards,&lt;/span>&lt;/p></cc:text>
                    </cc:message>
                </cc:write>
                <cc:eval id="SetDocumentParams">
                    <cc:expression>//props['word.separator'] = props['input.i9'].indexOf(&quot;/&quot;);&#xD;
//props['word.collection'] = props['input.i9'].substring(0, props['word.separator']);&#xD;
//props['word.entry'] = props['input.i9'].substring(props['word.separator'] + 1);&#xD;
//props['word.filename']=intsys.getAttribute('I9_Instructions');&#xD;
</cc:expression>
                    <cc:expression>//props['pdf.separator'] = props['input.health'].indexOf(&quot;/&quot;);&#xD;
//props['pdf.collection'] = props['input.health'].substring(0, props['pdf.separator']);&#xD;
//props['pdf.entry'] = props['input.health'].substring(props['pdf.separator'] + 1);&#xD;
//props['pdf.filename']=intsys.getAttribute('Benefits_Guide');&#xD;
</cc:expression></cc:eval>
            </cc:steps>
        </cc:async-mediation>
        <cc:local-out id="PutIntegrationMessage0" endpoint="vm://wcc/PutIntegrationMessage"><cc:set name="is.message.severity" value="'INFO'"/><cc:set name="is.message.summary" value="'Credential email has been sent'"/><cc:set name="is.message.storage.enabled" value="false"/></cc:local-out>
        <cc:email-out id="EmailOut" routes-response-to="PutIntegrationMessage0" endpoint="@{props['To']}" bcc="@{props['cc']}" from="@{props['From']}" host="@{props['Smtp']}" password="@{props['Pwd']}" port="@{props['Port']}" ssl="true" subject="@{props['Subject']}" user="@{props['From']}"><cc:custom-headers/></cc:email-out>
        <cc:local-in id="SendEmail" routes-to="CheckEmailIds"/>
        <cc:local-out id="CallSendEmail" store-message="none" endpoint="vm://INT_WorkdayAccount_Email_ALB/SendEmail"/>
        <cc:route id="Route0">
            <cc:mvel-strategy filter="true">
                <cc:choose-route expression="props['work_country_USA'] == true" route="SubRoute"/>
                <cc:choose-route expression="props['work_country_USA'] != true" route="Alternate"/>
            </cc:mvel-strategy>
            <cc:sub-route name="SubRoute" routes-to="AsyncMediation"/>
            <cc:sub-route name="Alternate" routes-to="EmailOut"/>
        </cc:route>
        <cc:async-mediation id="AsyncMediation" routes-to="EmailOut">
            <cc:steps>
                <cc:copy id="Copy" output="attachment" output-attachment-index="0" output-mimetype="application/pdf" input="variable" input-variable="Benefits_file"/>
                <cc:eval id="SetDocumentParams0">
                    <cc:expression>parts[1].setHeader('Content-Disposition','attachment; filename=2019 BENEFIT SUMMARY.pdf' );&#xD;
parts[1].setMimeType('application/pdf');</cc:expression>
				</cc:eval></cc:steps>
        </cc:async-mediation>
	</cc:assembly>

</beans>