<?xml version="1.0" encoding="UTF-8"?>
<beans
     xmlns="http://www.springframework.org/schema/beans"
     xmlns:beans="http://www.springframework.org/schema/beans"
     xmlns:atom="http://www.w3.org/2005/Atom"
     xmlns:cc="http://www.capeclear.com/assembly/10"
     xmlns:cloud="urn:com.workday/esb/cloud/10.0"
     xmlns:env="http://schemas.xmlsoap.org/soap/envelope/"
     xmlns:pi="urn:com.workday/picof"
     xmlns:wd="urn:com.workday/bsvc"
     xmlns:xsi="http://www.w3.org/2001/XMLSchema-instance">
 
	<cc:assembly id="WorkdayAssembly" version="2019.6">
        <cc:workday-in id="StartHere" routes-to="AsyncMediation">
            <cc:integration-system name="INT0057B - US PR BW Benevity deduction inbound">
        <cloud:param name="Validation Mode">
          <cloud:type>
            <cloud:simple-type>boolean</cloud:simple-type>
          </cloud:type>
          <cloud:default>
            <cloud:boolean>true</cloud:boolean>
          </cloud:default>
        </cloud:param>
        <cloud:attribute-map-service name="INT0057B US PR BW - Attributes and Maps">
          <cloud:attribute name="Payroll Input Batch ID">
            <cloud:type>
              <cloud:simple-type>text</cloud:simple-type>
            </cloud:type>
            <cloud:display-option>required-for-launch</cloud:display-option>
          </cloud:attribute>
          <cloud:attribute name="Payroll Input Benefit Event Comment">
            <cloud:type>
              <cloud:simple-type>text</cloud:simple-type>
            </cloud:type>
          </cloud:attribute>
          <cloud:attribute name="Document Retention Policy">
            <cloud:type>
              <cloud:simple-type>number</cloud:simple-type>
            </cloud:type>
            <cloud:display-option>required-for-launch</cloud:display-option>
          </cloud:attribute>
          <cloud:map name="Employee Pay Group">
            <cloud:internal-type>
              <cloud:enumeration-type name="Pay Group for INT0057B">
                <cloud:enumeration>PR Bi-weekly</cloud:enumeration>
                <cloud:enumeration>US Bi-weekly</cloud:enumeration>
              </cloud:enumeration-type>
            </cloud:internal-type>
            <cloud:external-type>
              <cloud:simple-type>text</cloud:simple-type>
            </cloud:external-type>
          </cloud:map>
          <cloud:map name="Deduction Codes">
            <cloud:internal-type>
              <cloud:class-report-field description="Deductions" type="WID">d4a4b0e3f2334f999cd72662aa6f1b65</cloud:class-report-field>
            </cloud:internal-type>
            <cloud:external-type>
              <cloud:simple-type>text</cloud:simple-type>
            </cloud:external-type>
          </cloud:map>
        </cloud:attribute-map-service>
        <cloud:retrieval-service name="INT0057B US PR BW - Retrieval Service"/>
        <cloud:report-service name="INT0057B US PR BW - Report Service">
          <cloud:report-alias description="US PR BW Benevity Deduction Pay Frequency By Worker" name="Frequency">
            <cloud:report-reference description="INT0057B - US and PR BW Benevity Deduction Pay Frequency By Worker" type="WID">73aed8107b5f015ab7f90107652b5be5</cloud:report-reference>
          </cloud:report-alias>
          <cloud:report-alias description="US PR BW Period Dates" name="Period_Dates">
            <cloud:report-reference description="INT0057B - US and PR BW Benevity Deduction Period Dates" type="WID">73aed8107b5f017b3595c9f5642b48e5</cloud:report-reference>
          </cloud:report-alias>
        </cloud:report-service>
      </cc:integration-system>
        </cc:workday-in>
        <cc:async-mediation id="AsyncMediation" routes-to="Integration-ValidationModeEnabled">
            <cc:steps>
                <cc:eval id="Eval">
                    <cc:expression>props['lp.validation.mode'] = lp.getSimpleData('Validation Mode')</cc:expression>
                    <cc:expression>props['payroll.input.batch.id'] = intsys.getAttribute('Payroll Input Batch ID')</cc:expression>
                    <cc:expression>props['payroll.input.benefit.event.comment'] = intsys.getAttribute('Payroll Input Benefit Event Comment')</cc:expression>
                    <cc:expression>props['ia.document.retention.policy']= intsys.getAttribute('Document Retention Policy')</cc:expression>
                    <cc:expression>props['period.start.date.map'] = new java.util.HashMap()</cc:expression>
                    <cc:expression>props['period.end.date.map'] = new java.util.HashMap()</cc:expression>
                    <cc:expression>props['pay.date.map'] = new java.util.HashMap()</cc:expression>
                    <cc:expression>props['data.hash.map'] = new java.util.HashMap()</cc:expression>
                    <cc:expression>props['file.workers.array.list'] = new java.util.ArrayList()</cc:expression>
                    <cc:expression>props['paygroup.hash.map'] = new java.util.HashMap()</cc:expression>
                    <cc:expression>props['source.name'] = intsys.getName().substring('0',intsys.getName().lastIndexOf('/'))</cc:expression>
                    <cc:expression>props['collection.name'] = props['source.name'].substring('0',props['source.name'].lastIndexOf('/'))</cc:expression>
                    <cc:expression>props['source.name'] = props['source.name'].substring(props['source.name'].lastIndexOf('/')+1)</cc:expression>
                </cc:eval>
                <cc:eval id="props">
                    <cc:expression>props['fail.count'] = 0; props['success.count'] = 0; props['error.free'] = true; props['split.counter'] = 0; props['record.count'] = 0</cc:expression>
                    <cc:expression>vars['audit.log'] = empty </cc:expression>
                    <cc:expression>props['process.batch'] = false</cc:expression>
                    <cc:expression>props['get.inputs'] = 'Y'</cc:expression>
                    <cc:expression>props['p.hash.key.value'] = empty</cc:expression>
                </cc:eval>
            </cc:steps>
            <cc:send-error id="SendError" routes-to="Error_Initialization"/>
        </cc:async-mediation>
        <cc:local-out id="Integration-ValidationModeEnabled" store-message="none" execute-when="props['lp.validation.mode'] == '1' || props['lp.validation.mode'] == true" routes-response-to="Call-Retrieval" endpoint="vm://wcc/PutIntegrationMessage">
            <cc:set name="is.message.severity" value="'INFO'"/>
            <cc:set name="is.message.summary" value="'Validation Mode is enabled. Workday records will not be updated.'"/>
        </cc:local-out>
        <cc:async-mediation id="InputFile" routes-to="MsgRetrieval">
            <cc:steps>
                <cc:copy id="Copy" output="variable" output-variable="original.message"/>
                <cc:eval id="Count">
                    <cc:expression>props['record.count'] = parts[0].xpath('count(File/row)')</cc:expression>
                </cc:eval>
                <cc:store id="Store" collection="INT0057BFile" expiresIn="P180D" summary="InputFile" title="InputFile"/>
            </cc:steps>
            <cc:send-error id="InputFileError" routes-to="Error_Doc_retrieval"/>
        </cc:async-mediation>
        <cc:aggregator id="Aggregator" routes-to="InputFile">
            <cc:size-batch-strategy batch-size="-1"/>
            <cc:xml-message-content-collater>
        <cc:header-text>&lt;File></cc:header-text>
        <cc:footer-text>&lt;/File></cc:footer-text>
      </cc:xml-message-content-collater>
        </cc:aggregator>
        <cc:async-mediation id="ProcessFile" routes-to="Aggregator">
            <cc:steps>
                <cc:eval id="Eval">
                    <cc:expression>props['worker.emplid'] = parts[0].xpath(&quot;row/Employee-ID&quot;)</cc:expression>
                    <cc:expression>if (props['worker.emplid'] != empty &amp;&amp; props['file.workers.array.list'].contains(props['worker.emplid']) == false) {props['file.workers.array.list'].add(props['worker.emplid'])}</cc:expression>
                </cc:eval>
            </cc:steps>
            <cc:send-error id="ErrorProcessFile" routes-to="Error_Doc_retrieval"/>
        </cc:async-mediation>
        <cc:splitter id="Splitter">
            <cc:sub-route name="SubRoute" routes-to="ProcessFile"/>
            <cc:xml-stream-splitter xpath="/root/row"/>
        </cc:splitter>
        <cc:sync-mediation id="DocRetrieval" routes-to="Splitter">
            <cc:request-steps>
                <cc:eval id="Retrieve">
                    <cc:expression>if (da.size() > 0 ) {da.toVar(0,&quot;wd.retrieve.variable&quot;)}</cc:expression>
                    <cc:expression>if (da.size() > 0 ) {props['file.name'] = da.getFileName(0)}</cc:expression>
                    <cc:expression>props['file.name2'] = 'Sample File'</cc:expression>
                    <cc:expression>props['file.count'] = da.size()</cc:expression>
                </cc:eval>
                <cc:validate-exp id="ValidateExp">
                    <cc:expression failure-message="Blank file was retrieved">props['file.count'] != 0</cc:expression>
                </cc:validate-exp>
                <cc:copy id="CopyDoc" output="rootpart" input="variable" input-variable="wd.retrieve.variable"/>
                <cc:csv-to-xml id="CsvToXml" colNames="Employee-ID,Amount" format="rfc4180" useFirstLineAsHeader="true"/>
                <cc:eval id="Count">
                    <cc:expression>props['record.count'] = parts[0].xpath('count(/root/row)')</cc:expression>
                </cc:eval>
                <cc:validate-exp id="ValidateExp0">
                    <cc:expression failure-message="No employee in input file">props['record.count'] != 0</cc:expression>
                </cc:validate-exp>
            </cc:request-steps>
            <cc:response-steps>
                <cc:eval id="Remove.LogVar">
                    <cc:expression>props['audit.step']= empty</cc:expression>
                </cc:eval>
            </cc:response-steps>
            <cc:send-error id="RetrievalError" routes-to="RetrievalError"/>
        </cc:sync-mediation>
        <cc:local-in id="Retrievel" routes-to="DocRetrieval"/>
        <cc:local-out id="Call_ProcessWorker" store-message="none" routes-response-to="Call_FinalizeLog" endpoint="vm://INT0057B_US_PR_BW_Benevity_deduction_Inbound/ProcessWorker"/>
        <cc:local-out id="Call_PeriodsDate" store-message="none" routes-response-to="Call_GetFreq" endpoint="vm://INT0057B_US_PR_BW_Benevity_deduction_Inbound/PeriodsDate"/>
        <cc:local-out id="Call_GetInput" store-message="none" routes-response-to="Call_ProcessWorker" endpoint="vm://INT0057B_US_PR_BW_Benevity_deduction_Inbound/GetInput"/>
        <cc:local-out id="MsgRetrieval" store-message="none" endpoint="vm://wcc/PutIntegrationMessage">
            <cc:set name="is.message.severity" value="'INFO'"/>
            <cc:set name="is.message.summary" value="'Input File has been retrieved.'"/>
        </cc:local-out>
        <cc:local-out id="Error_Doc_retrieval" store-message="none" endpoint="vm://INT0057B_US_PR_BW_Benevity_deduction_Inbound/ErrorHandler">
            <cc:set name="step.id" value="'Document Retrieval'"/>
            <cc:set name="initial.retrieval" value="true"/>
        </cc:local-out>
        <cc:local-out id="CallPutIntegrationEvent" store-message="none" endpoint="vm://wcc/PutIntegrationEvent">
            <cc:set name="is.event.completed" value="&quot;current&quot;"/>
        </cc:local-out>
        <cc:local-out id="Call_GetFreq" store-message="none" routes-response-to="Call_GetInput" endpoint="vm://INT0057B_US_PR_BW_Benevity_deduction_Inbound/GetFreq"/>
        <cc:local-out id="Error_Initialization" store-message="none" endpoint="vm://INT0057B_US_PR_BW_Benevity_deduction_Inbound/ErrorHandler">
            <cc:set name="step.id" value="'Integration Initialization'"/>
            <cc:set name="initial.retrieval" value="true"/>
        </cc:local-out>
        <cc:local-out id="Error_HashMapPayGroup" store-message="none" endpoint="vm://INT0057B_US_PR_BW_Benevity_deduction_Inbound/ErrorHandler">
            <cc:set name="step.id" value="'Hash Map for Frequency'"/>
            <cc:set name="initial.retrieval" value="false"/>
        </cc:local-out>
        <cc:async-mediation id="HashMapPayGroup">
            <cc:steps>
                <cc:eval id="Eval">
                    <cc:expression>props['f.hash.key.value'] = parts[0].xpath('wd:Report_Entry/wd:Employee_ID', 'wd urn:com.workday/INT0057B_US_SM_Pay_Frequency')</cc:expression>
                    <cc:expression>props['row.paygroup'] = parts[0].xpath('wd:Report_Entry/wd:Pay_Group/wd:ID[@wd:type=&quot;Organization_Reference_ID&quot;]','wd urn:com.workday/INT0057B_US_SM_Pay_Frequency')</cc:expression>
                    <cc:expression>props['row.inputs'] = parts[0].xpath('wd:Report_Entry/wd:Inputs','wd urn:com.workday/INT0057B_US_SM_Pay_Frequency')</cc:expression>
                    <cc:expression>props['row.term'] = parts[0].xpath('wd:Report_Entry/wd:Terminated','wd urn:com.workday/INT0057B_US_SM_Pay_Frequency')</cc:expression>
                </cc:eval>
                <cc:write id="Write">
                    <cc:message>
                        <cc:text>&lt;newrow>&#xD;
	&lt;paygroup>@{props['row.paygroup']}&lt;/paygroup>&#xD;
    &lt;inputs>@{props['row.inputs']}&lt;/inputs>&#xD;
	&lt;term>@{props['row.term']}&lt;/term>&#xD;
&lt;/newrow></cc:text>
                    </cc:message>
                </cc:write>
                <cc:eval id="SetHashMap">
                    <cc:expression>if (props['file.workers.array.list'].contains(props['f.hash.key.value'])) {props['paygroup.hash.map'].put(props['f.hash.key.value'], parts[0].text)}</cc:expression>
                </cc:eval>
                <cc:log id="Log">
                    <cc:log-message>
                        <cc:text>&#xD;
**********HASHMAP*********&#xD;
props['row.paygroup']: @{props['row.paygroup']}&#xD;
props['file.workers.array.list'] : @{props['file.workers.array.list']}&#xD;
props['f.hash.key.value'] : @{props['f.hash.key.value']}&#xD;
props['paygroup.hash.map'] : @{props['paygroup.hash.map']}&#xD;
props['f.hash.key.value'] : @{props['f.hash.key.value']}&#xD;
&#xD;
</cc:text>
                        <cc:message-content/>
                    </cc:log-message>
                </cc:log>
            </cc:steps>
            <cc:send-error id="ErrorHandlerHashPayGroup" routes-to="Error_HashMapPayGroup"/>
        </cc:async-mediation>
        <cc:splitter id="Splitbypayrgroup">
            <cc:sub-route name="SubRoute" routes-to="HashMapPayGroup"/>
            <cc:xml-stream-splitter namespaces="wd urn:com.workday/INT0057B_US_SM_Pay_Frequency" xpath="wd:Report_Data/wd:Report_Entry"/>
        </cc:splitter>
        <cc:workday-out-rest id="GetWorkerData" routes-response-to="Splitbypayrgroup" extra-path="@{intsys.reportService.getExtrapath('Frequency')}"/>
        <cc:local-in id="GetFreq" routes-to="GetWorkerData"/>
        <cc:local-out id="Call_FinalizeLog" store-message="none" routes-response-to="CallPutIntegrationEvent" endpoint="vm://INT0057B_US_PR_BW_Benevity_deduction_Inbound/FinalizeLog">
            <cc:set name="process.batch" value="props['process.batch']  = true"/>
        </cc:local-out>
        <cc:local-out id="Call-Retrieval" store-message="none" routes-response-to="Route0" endpoint="vm://INT0057B_US_PR_BW_Benevity_deduction_Inbound/Retrievel"/>
        <cc:local-out id="Error_HashMap" store-message="none" endpoint="vm://INT0057B_US_PR_BW_Benevity_deduction_Inbound/ErrorHandler">
            <cc:set name="step.id" value="'Storing Dates'"/>
            <cc:set name="initial.retrieval" value="false"/>
        </cc:local-out>
        <cc:async-mediation id="HashMapDates">
            <cc:steps>
                <cc:eval id="Eval">
                    <cc:expression>props['frequency'] = parts[0].xpath('wd:Report_Entry/wd:Pay_Group_Detail/wd:Reference_ID', 'wd urn:com.workday.report/INT0057B_Current_Period_Dates')</cc:expression>
                    <cc:expression>props['period.start.date'] = parts[0].xpath('wd:Report_Entry/wd:Pay_Group_Detail/wd:Period_Start_Date', 'wd urn:com.workday.report/INT0057B_Current_Period_Dates')</cc:expression>
                    <cc:expression>props['period.end.date'] = parts[0].xpath('wd:Report_Entry/wd:Pay_Group_Detail/wd:Period_Start_Minus_One', 'wd urn:com.workday.report/INT0057B_Current_Period_Dates')</cc:expression>
                    <cc:expression>props['pay.date'] = parts[0].xpath('wd:Report_Entry/wd:Pay_Group_Detail/wd:Pay_Date', 'wd urn:com.workday.report/INT0057B_Current_Period_Dates')</cc:expression>
                    <cc:expression>props['period.start.date.map'].put(props['frequency'],props['period.start.date'])</cc:expression>
                    <cc:expression>props['period.end.date.map'].put(props['frequency'],props['period.end.date'])</cc:expression>
                    <cc:expression>props['pay.date.map'].put(props['frequency'],props['pay.date'])</cc:expression>
                </cc:eval>
                <cc:log id="Log">
                    <cc:log-message>
                        <cc:message-content/>
                    </cc:log-message>
                </cc:log>
            </cc:steps>
            <cc:send-error id="HashMapErrorHandler" routes-to="Error_HashMap"/>
        </cc:async-mediation>
        <cc:splitter id="SplitterDates">
            <cc:sub-route name="SubRoute" routes-to="HashMapDates"/>
            <cc:xml-stream-splitter namespaces="wd urn:com.workday.report/INT0057B_Current_Period_Dates" xpath="/wd:Report_Data/wd:Report_Entry"/>
        </cc:splitter>
        <cc:workday-out-rest id="CallPeriodDateReport" routes-response-to="SplitterDates" extra-path="@{intsys.reportService.getExtrapath('Period_Dates')}"/>
        <cc:local-in id="PeriodsDate" routes-to="CallPeriodDateReport"/>
        <cc:splitter id="Splitter1">
            <cc:sub-route name="SubRoute" routes-to="ForFreq"/>
            <cc:xml-stream-splitter xpath="/File/row"/>
        </cc:splitter>
        <cc:local-out id="MsgInputsRetrieved" store-message="none" routes-response-to="Copy" endpoint="vm://wcc/PutIntegrationMessage">
            <cc:set name="is.message.severity" value="'INFO'"/>
            <cc:set name="is.message.summary" value="'Payroll Inputs have been retrieved, continuing on to individual worker processing.'"/>
        </cc:local-out>
        <cc:local-out id="Error_CloseOpenInputSubProcess" store-message="none" endpoint="vm://INT0057B_US_PR_BW_Benevity_deduction_Inbound/ErrorHandler">
            <cc:set name="step.id" value="'Close open payroll inputs step'"/>
            <cc:set name="initial.retrieval" value="false"/>
        </cc:local-out>
        <cc:async-mediation id="ValidationMode_On" routes-to="PayrollInputRequest" execute-steps-when="props['lp.validation.mode'] == '1' || props['lp.validation.mode'] == 'true' ||  props['lp.validation.mode'] == true" handle-downstream-errors="true">
            <cc:steps>
                <cc:set-headers id="ValidationOn">
                    <cc:remove-headers/>
                    <cc:add-headers>
                        <cc:add-header name="X-Validate-Only" value="1"/>
                    </cc:add-headers>
                </cc:set-headers>
                <cc:log id="Log">
                    <cc:log-message>
                        <cc:text>&#xD;
 ----Web Service Request---&#xD;
</cc:text>
                        <cc:message-content/>
                        <cc:line-separator/>
                    </cc:log-message>
                </cc:log>
            </cc:steps>
            <cc:send-error id="SendError" routes-to="Error_PayrollInputsSubProcess"/>
        </cc:async-mediation>
        <cc:async-mediation id="StoreInputHashMap">
            <cc:steps>
                <cc:eval id="Eval">
                    <cc:expression>props['p.hash.key.value'] = parts[0].xpath(&quot;wd:Payroll_Input/wd:Payroll_Input_Data/wd:Worker_Reference/wd:ID[@wd:type='Employee_ID']&quot;) + '_' + parts[0].xpath(&quot;wd:Payroll_Input/wd:Payroll_Input_Data/wd:Deduction_Reference/wd:ID[@wd:type='Deduction_Code']&quot;)</cc:expression>
                    <cc:expression>props['row.input.id'] = parts[0].xpath(&quot;wd:Payroll_Input/wd:Payroll_Input_Data/wd:Payroll_Input_ID&quot;)</cc:expression>
                    <cc:expression>props['row.input.batchid'] = parts[0].xpath(&quot;wd:Payroll_Input/wd:Payroll_Input_Data/wd:Batch_ID&quot;)</cc:expression>
                    <cc:expression>props['row.source.reference'] = parts[0].xpath(&quot;wd:Payroll_Input/wd:Payroll_Input_Data/wd:Source_Reference/wd:ID[@wd:type='Integration_System_ID']&quot;)</cc:expression>
                    <cc:expression>props['row.deduction.code'] = parts[0].xpath(&quot;wd:Payroll_Input/wd:Payroll_Input_Data/wd:Deduction_Reference/wd:ID[@wd:type='Deduction_Code']&quot;)</cc:expression>
                    <cc:expression>props['row.input.startdate'] = parts[0].xpath(&quot;wd:Payroll_Input/wd:Payroll_Input_Data/wd:Start_Date&quot;)</cc:expression>
                    <cc:expression>props['row.run.category'] = parts[0].xpath(&quot;wd:Payroll_Input/wd:Payroll_Input_Data/wd:Run_Category_Reference/wd:ID[@wd:type='Run_Category_ID']&quot;)</cc:expression>
                    <cc:expression>props['row.input.amount'] = parts[0].xpath(&quot;wd:Payroll_Input/wd:Payroll_Input_Data/wd:Amount&quot;)</cc:expression>
                    <cc:expression>props['row.emplid'] = parts[0].xpath(&quot;wd:Payroll_Input/wd:Payroll_Input_Data/wd:Worker_Reference/wd:ID[@wd:type='Employee_ID']&quot;)</cc:expression>
                </cc:eval>
                <cc:write id="Write">
                    <cc:message>
                        <cc:text>&lt;newrow>&#xD;
	&lt;emplid>@{props['row.emplid']}&lt;/emplid>&#xD;
	&lt;id>@{props['row.input.id']}&lt;/id>&#xD;
	&lt;batchid>@{props['row.input.batchid']}&lt;/batchid>&#xD;
	&lt;sourceref>@{props['row.source.reference']}&lt;/sourceref>&#xD;
	&lt;dedcode>@{props['row.deduction.code']}&lt;/dedcode>&#xD;
	&lt;startdate>@{props['row.input.startdate']}&lt;/startdate>&#xD;
	&lt;runcat>@{props['row.run.category']}&lt;/runcat>&#xD;
	&lt;amount>@{props['row.input.amount']}&lt;/amount>&#xD;
&lt;/newrow></cc:text>
                    </cc:message>
                </cc:write>
                <cc:eval id="HashMap">
                    <cc:expression>if (props['file.workers.array.list'].contains(props['row.emplid'])) {props['data.hash.map'].put(props['p.hash.key.value'], parts[0].text)}</cc:expression>
                </cc:eval>
            </cc:steps>
            <cc:send-error id="InputHashMapError" routes-to="Error_InputsHash"/>
        </cc:async-mediation>
        <cc:splitter id="SplittertoHash">
            <cc:sub-route name="SubRoute" routes-to="StoreInputHashMap"/>
            <cc:xml-stream-splitter namespaces="wd urn:com.workday/bsvc" xpath="wd:WorkerInputData/wd:Payroll_Input"/>
        </cc:splitter>
        <cc:aggregator id="AggregatorInput" routes-to="SplittertoHash">
            <cc:size-batch-strategy batch-size="-1"/>
            <cc:xml-message-content-collater xpath="env:Envelope/env:Body/wd:Get_Submit_Payroll_Inputs_Response/wd:Response_Data/wd:Payroll_Input">
        <cc:header-text>&lt;wd:WorkerInputData xmlns:wd=&quot;urn:com.workday/bsvc&quot;></cc:header-text>
        <cc:footer-text>&lt;/wd:WorkerInputData></cc:footer-text>
      </cc:xml-message-content-collater>
        </cc:aggregator>
        <cc:local-in id="AggInputs" routes-to="AggregatorInput">
            <cc:parameter default="parts[0].xpath(props['is.paged.get.response.total.pages.xpath'])" name="is.last.page"/>
        </cc:local-in>
        <cc:local-out id="PagedGet" endpoint="vm://wcc/PagedGet">
            <cc:set name="is.paged.get.request.current.page.xpath" value="'/env:Envelope/env:Body/*/wd:Response_Filter/wd:Page'"/>
            <cc:set name="is.paged.get.response.current.page.xpath" value="'/env:Envelope/env:Body/*/wd:Response_Results/wd:Page'"/>
            <cc:set name="is.paged.get.response.total.pages.xpath" value="'/env:Envelope/env:Body/*/wd:Response_Results/wd:Total_Pages'"/>
            <cc:set name="is.paged.get.response.total.results.xpath" value="'/env:Envelope/env:Body/*/wd:Response_Results/wd:Total_Results'"/>
            <cc:set name="is.paged.get.process.endpoint" value="'vm://INT0057B_US_PR_BW_Benevity_deduction_Inbound/AggInputs'"/>
            <cc:set name="is.paged.get.application" value="'Payroll'"/>
            <cc:set name="is.paged.get.version" value="'v32.1'"/>
            <cc:set name="is.paged.get.page.zero" value="false"/>
            <cc:set name="is.paged.get.store.requests" value="true"/>
        </cc:local-out>
        <cc:async-mediation id="GetInputs" routes-to="PagedGet">
            <cc:steps>
                <cc:write id="GetInputs">
                    <cc:message>
                        <cc:text>&lt;?xml version=&quot;1.0&quot; encoding=&quot;UTF-8&quot;?>&#xD;
&lt;env:Envelope&#xD;
    xmlns:env=&quot;http://schemas.xmlsoap.org/soap/envelope/&quot;&#xD;
    xmlns:xsd=&quot;http://www.w3.org/2001/XMLSchema&quot;>&#xD;
    &lt;env:Body>&#xD;
        &lt;wd:Get_Submit_Payroll_Inputs_Request&#xD;
            xmlns:wd=&quot;urn:com.workday/bsvc&quot;&#xD;
            wd:version=&quot;v32.1&quot;>&#xD;
            &lt;wd:Request_Criteria> &#xD;
                &lt;wd:Deduction_Reference> &#xD;
                    &lt;wd:ID wd:type=&quot;Deduction_Code&quot;>BENVCH&lt;/wd:ID> &#xD;
                &lt;/wd:Deduction_Reference>  &#xD;
              &lt;wd:Open-Ended_Ongoing_Inputs>true&lt;/wd:Open-Ended_Ongoing_Inputs>&#xD;
            &lt;/wd:Request_Criteria>     &#xD;
            &lt;wd:Response_Filter>&#xD;
                &lt;wd:Page>1&lt;/wd:Page>&#xD;
                &lt;wd:Count>999&lt;/wd:Count> &#xD;
            &lt;/wd:Response_Filter>                         &#xD;
        &lt;/wd:Get_Submit_Payroll_Inputs_Request>&#xD;
    &lt;/env:Body>&#xD;
&lt;/env:Envelope></cc:text>
                    </cc:message>
                </cc:write>
            </cc:steps>
            <cc:send-error id="GetInputError" routes-to="Error_GetRequest"/>
        </cc:async-mediation>
        <cc:local-in id="GetInput" routes-to="GetInputs"/>
        <cc:async-mediation id="ValidationModeOn" routes-to="CloseInputRequest" execute-steps-when="props['lp.validation.mode'] == '1' || props['lp.validation.mode'] == 'true' ||  props['lp.validation.mode'] == true" handle-downstream-errors="true">
            <cc:steps>
                <cc:set-headers id="ValidationOn">
                    <cc:remove-headers/>
                    <cc:add-headers>
                        <cc:add-header name="X-Validate-Only" value="1"/>
                    </cc:add-headers>
                </cc:set-headers>
                <cc:log id="LogReq">
                    <cc:log-message>
                        <cc:message-content/>
                    </cc:log-message>
                </cc:log>
            </cc:steps>
            <cc:send-error id="SendError" routes-to="Error_CloseOpenInputSubProcessUSBW"/>
        </cc:async-mediation>
        <cc:workday-out-soap id="PayrollInputRequest" execute-when="props['error.free.payroll.input'] &amp;&amp; parts[0].xpathB('env:Envelope/env:Body/wd:Submit_Payroll_Input_Request/wd:Payroll_Input_Data') &amp;&amp; props['Amount'] !=0" application="Payroll" version="v32.1"/>
        <cc:local-out id="Error_InputsHash" store-message="none" endpoint="vm://INT0057B_US_PR_BW_Benevity_deduction_Inbound/ErrorHandler">
            <cc:set name="Step.id" value="'Write inputs to hash map'"/>
            <cc:set name="initial.retrieval" value="false"/>
        </cc:local-out>
        <cc:async-mediation id="CountSuccess" routes-to="CallAuditRow">
            <cc:steps>
                <cc:eval id="Count">
                    <cc:expression>props['success.count'] = props['success.count'] + 1 </cc:expression>
                    <cc:expression>props['audit.step']= ''</cc:expression>
                    <cc:expression>props['integration.message'] = ''</cc:expression>
                </cc:eval>
            </cc:steps>
        </cc:async-mediation>
        <cc:local-out id="Error_GetRequest" store-message="none" endpoint="vm://INT0057B_US_PR_BW_Benevity_deduction_Inbound/ErrorHandler">
            <cc:set name="Step.id" value="'Get Submit Payroll Inputs Request'"/>
            <cc:set name="initial.retrieval" value="false"/>
        </cc:local-out>
        <cc:local-in id="ProcessWorker" routes-to="MsgInputsRetrieved"/>
        <cc:local-out id="CallCloseInputs" store-message="none" execute-when="props['has.inputs'] == true &amp;&amp;  props['no.changes'] == false &amp;&amp; props['Skip'] == false" routes-response-to="CallPayrollInputs" endpoint="vm://INT0057B_US_PR_BW_Benevity_deduction_Inbound/ProcessEndInputs"/>
        <cc:async-mediation id="UpdateDeductionUSPR" routes-to="AsyncMediation0">
            <cc:steps>
                <cc:eval id="Eval">
                    <cc:expression>props['error.free.close.inputs'] = true; props['close.date'] = empty;</cc:expression>
                    <cc:expression>props['transaction.type'] = 'Close Inputs'</cc:expression>
                    <cc:expression>if (props['wd.paygroup'] == 'USPR') {props['close.date'] = props['period.end.date.map'].get('USPR')}</cc:expression>
                    <cc:expression>vars['worker.BENVCH']  = props['data.hash.map'].get(props['ee.id']+'_BENVCH')</cc:expression>
                    <cc:expression>props['BENVCH.input.id'] = vars['worker.BENVCH']  == empty ? empty :  vars['worker.BENVCH'].xpath(&quot;newrow/id&quot;)</cc:expression>
                    <cc:expression>props['BENVCH.batch.id']  = vars['worker.BENVCH'] == empty ? empty :  vars['worker.BENVCH'].xpath(&quot;newrow/batchid&quot;)</cc:expression>
                    <cc:expression>props['BENVCH.dedcode']  = vars['worker.BENVCH']  == empty ? empty :  vars['worker.BENVCH'].xpath(&quot;newrow/dedcode&quot;)</cc:expression>
                    <cc:expression>props['BENVCH.start.date']  = vars['worker.BENVCH']  == empty ? empty :  vars['worker.BENVCH'].xpath(&quot;newrow/startdate&quot;)</cc:expression>
                    <cc:expression>props['BENVCH.amount']  = vars['worker.BENVCH']  == empty ? empty :  vars['worker.BENVCH'].xpath(&quot;newrow/amount&quot;) </cc:expression>
                </cc:eval>
            </cc:steps>
            <cc:send-error id="UpdateDeductionErrorHandler" routes-to="Error_CloseOpenInputSubProcess"/>
        </cc:async-mediation>
        <cc:async-mediation id="ForFreq" routes-to="CallCloseInputs">
            <cc:steps>
                <cc:copy id="Copy" output="variable" output-variable="worker.row"/>
                <cc:eval id="InputProps">
                    <cc:expression>props['Payroll.Input.Trans.TF'] = 'true'</cc:expression>
                    <cc:expression>props['split.counter'] = props['split.counter'] + 1</cc:expression>
                    <cc:expression>props['ee.id'] = parts[0].xpath(&quot;row/Employee-ID&quot;)</cc:expression>
                    <cc:expression>props['success.integration.message'] = 'Record successfully updated: ' + props['ee.id']</cc:expression>
                    <cc:expression>vars['Audit.Payroll.Input'] = empty</cc:expression>
                    <cc:expression>vars['Audit.Change.Benefits'] = empty</cc:expression>
                    <cc:expression>vars['Audit.Payroll.Input.Close'] = empty</cc:expression>
                    <cc:expression>props['transaction.type'] = empty</cc:expression>
                    <cc:expression>props['no.changes'] = false</cc:expression>
                    <cc:expression>vars['Audit.Close.Benefits'] = empty</cc:expression>
                    <cc:expression>props['Report-Date'] = parts[0].xpath(&quot;row/Report_Date&quot;)</cc:expression>
                    <cc:expression>props['Amount'] = parts[0].xpath(&quot;row/Amount&quot;)</cc:expression>
                    <cc:expression>props['Skip'] = false</cc:expression>
                </cc:eval>
                <cc:eval id="GettingFreq">
                    <cc:expression>vars['paygroup.node'] = props['paygroup.hash.map'].get(props['ee.id'])</cc:expression>
                    <cc:expression>props['wd.paygroup'] = vars['paygroup.node'] == empty ? 'X' : vars['paygroup.node'].xpath(&quot;newrow/paygroup&quot;)</cc:expression>
                    <cc:expression>props['ee.benefit.plan.map'] = intsys.integrationMapLookup('Plan Map for Pay Group', props['wd.paygroup'])</cc:expression>
                    <cc:expression>props['Term.empl'] = (vars['paygroup.node'] == empty || vars['paygroup.node'].xpath(&quot;newrow/term&quot;) == 1) ? true : false</cc:expression>
                    <cc:expression>props['Skip'] = vars['paygroup.node'] == empty ? true : false</cc:expression>
                </cc:eval>
                <cc:eval id="Eval">
                    <cc:expression>props['error.free.payroll.input'] = ''</cc:expression>
                    <cc:expression>props['wd.inputs'] = vars['paygroup.node'] == empty ? 'None' : vars['paygroup.node'].xpath(&quot;newrow/inputs&quot;)</cc:expression>
                    <cc:expression>props['has.inputs'] = props['wd.inputs'] == '1' ? false : true</cc:expression>
                    <cc:expression>if (props['Payroll.Input.Trans.TF'] != 'true' &amp;&amp; props['has.inputs'] == false) {props['no.changes'] = true}</cc:expression>
                </cc:eval>
                <cc:log id="Log">
                    <cc:log-message>
                        <cc:text>&#xD;
&#xD;
*********TOMAR********&#xD;
props['ee.id']: @{props['ee.id']}&#xD;
props['wd.paygroup']: @{props['wd.paygroup']}&#xD;
&#xD;
</cc:text>
                        <cc:message-content/>
                    </cc:log-message>
                </cc:log>
            </cc:steps>
            <cc:send-error id="ProcessWorkerError" routes-to="Call_ErrorProcessWorker"/>
        </cc:async-mediation>
        <cc:local-out id="Call_ErrorProcessWorker" store-message="none" endpoint="vm://INT0057B_US_PR_BW_Benevity_deduction_Inbound/ErrorHandler">
            <cc:set name="step.id" value="'Process Worker'"/>
            <cc:set name="initial.retrieval" value="false"/>
        </cc:local-out>
        <cc:local-in id="ProcessEndInputs" routes-to="Route_US-PR-BW"/>
        <cc:local-out id="Error_PayrollInputsSubProcess" store-message="none" endpoint="vm://INT0057B_US_PR_BW_Benevity_deduction_Inbound/ErrorHandler">
            <cc:set name="step.id" value="'Payroll Input'"/>
            <cc:set name="initial.retrieval" value="false"/>
        </cc:local-out>
        <cc:async-mediation id="Copy" routes-to="Splitter1">
            <cc:steps>
                <cc:copy id="Copy" input="variable" input-variable="original.message"/>
            </cc:steps>
        </cc:async-mediation>
        <cc:local-out id="CallPayrollInputs" store-message="none" execute-when="props['Payroll.Input.Trans.TF'] == 'true' &amp;&amp; props['no.changes'] == false &amp;&amp; props['Skip'] == false" routes-response-to="CountSuccess" endpoint="vm://INT0057B_US_PR_BW_Benevity_deduction_Inbound/ProcessPayrollInputs"/>
        <cc:sync-mediation id="PutPayrollInput" routes-to="ValidationMode_On">
            <cc:request-steps>
                <cc:xslt-plus id="CallReq" input="variable" input-variable="worker.row" url="INT0057B_CreatePayrollInputRequest.xsl"/>
                <cc:xslt-plus id="Audit" output="variable" output-variable="Audit.Payroll.Input" url="INT0057B_Audit.xsl"/>
            </cc:request-steps>
            <cc:response-steps>
                <cc:set-headers id="ValidationOff">
                    <cc:remove-headers>
                        <cc:remove-header name="X-Validate-Only"/>
                    </cc:remove-headers>
                    <cc:add-headers/>
                </cc:set-headers>
            </cc:response-steps>
            <cc:send-error id="ErrorXSLT" routes-to="Error_PayrollInputsSubProcess"/>
        </cc:sync-mediation>
        <cc:local-in id="ProcessPayrollInputs" routes-to="Route"/>
        <cc:local-out id="CallAuditRow" store-message="none" execute-when="props['error.free.payroll.input'] != 'false' &amp;&amp; props['no.changes'] == false &amp;&amp; props['Skip'] == false" routes-response-to="CallSkip_Invalidpaygroup" endpoint="vm://INT0057B_US_PR_BW_Benevity_deduction_Inbound/WriteAuditRow">
            <cc:set name="status" value="'success'"/>
            <cc:set name="integration.message" value="props['success.integration.message'] "/>
        </cc:local-out>
        <cc:workday-out-soap id="CloseInputRequest" execute-when="props['error.free.close.inputs'] &amp;&amp; parts[0].xpathB('env:Envelope/env:Body/wd:Submit_Payroll_Input_Request/wd:Payroll_Input_Data')" application="Payroll" version="v32.1"/>
        <cc:async-mediation id="SetAuditStore" routes-to="Audit_Log">
            <cc:steps>
                <cc:xml-to-csv id="XmlToCsv" output="variable" output-variable="audit.csv" writeHeaderLine="true"/>
                <cc:text-excel id="TextExcel" output="variable" output-variable="audit.xls" input="variable" input-variable="audit.csv" style="text2excel"/>
                <cc:store id="Store" output="variable" output-variable="audit.xls.output" input="variable" input-variable="audit.xls" collection="@{props['source.name']}" createDocumentReference="false" expiresIn="P@{props['ia.document.retention.policy']}D" title="@{props['source.name']} Audit Report .xls"/>
            </cc:steps>
        </cc:async-mediation>
        <cc:local-in id="FinalizeLog" routes-to="AuditAggregator">
            <cc:parameter default="true" name="Process.batch"/>
        </cc:local-in>
        <cc:local-out id="PutIntegrationMessage" execute-when="props['fail.count'] !=0" endpoint="vm://wcc/PutIntegrationMessage">
            <cc:set name="is.message.severity" value="'ERROR'"/>
            <cc:set name="is.message.summary" value="'The following error has occured for ' # props['ee.id'] # ' during ' # props['step.id'] # ': ' # context.getErrorMessage()"/>
            <cc:set name="is.message.storage.enabled" value="false"/>
        </cc:local-out>
        <cc:async-mediation id="WriteAuditRowStep" routes-to="AuditAggregator">
            <cc:steps>
                <cc:eval id="Eval">
                    <cc:expression>if (props['Amount'] == 0) {vars['Audit.Payroll.Input'] = empty}</cc:expression>
                    <cc:expression>if (props['has.inputs'] == false &amp;&amp; props['Amount'] == 0) {props['status'] = 'skipped'}</cc:expression>
                    <cc:expression>if (props['has.inputs'] == false &amp;&amp; props['Amount'] == 0 &amp;&amp; props['Skip']== false) {props['integration.message'] = 'Input amount is zero and employee does not have existing deduction to close'}</cc:expression>
                    <cc:expression>if (props['has.inputs'] == false &amp;&amp; props['Amount'] == 0) {props['transaction.type'] = 'N/A'}</cc:expression>
                    <cc:expression>if (props['status'] == 'fail') {vars['Audit.Payroll.Input.Close'] = empty}</cc:expression>
                </cc:eval>
                <cc:write id="Write">
                    <cc:message>
                        <cc:text>&lt;Entry>&#xD;
    &lt;Entry_Number>@{props['split.counter']}&lt;/Entry_Number>&#xD;
    &lt;Employee_id>@{props['ee.id']}&lt;/Employee_id>&#xD;
    &lt;Transaction_Type>@{props['transaction.type']}&lt;/Transaction_Type> &#xD;
    &lt;Status>@{props['status']}&lt;/Status>&#xD;
    &lt;File_Name>@{props['file.name']}&lt;/File_Name>&#xD;
    &lt;Is_Empl_Terminated_or_Invalid_Paygroup>@{props['Term.empl']}&lt;/Is_Empl_Terminated_or_Invalid_Paygroup>&#xD;
    &lt;Integration_Message>@{props['integration.message'].toString().replace('&amp;', '&amp;amp;')}&lt;/Integration_Message>&#xD;
    &lt;Audit_Input_Close>@{vars['Audit.Payroll.Input.Close'].getText()}&lt;/Audit_Input_Close>&#xD;
    &lt;Audit_Input_Open>@{vars['Audit.Payroll.Input'].getText()}&lt;/Audit_Input_Open>&#xD;
&lt;/Entry></cc:text>
                    </cc:message>
                </cc:write>
            </cc:steps>
        </cc:async-mediation>
        <cc:local-out id="Call_Critical_Event" store-message="none" endpoint="vm://wcc/PutIntegrationEvent">
            <cc:set name="is.event.completed" value="&quot;current&quot;"/>
        </cc:local-out>
        <cc:local-out id="Call_Critical_Message" routes-response-to="Call_Critical_Event" endpoint="vm://wcc/PutIntegrationMessage">
            <cc:set name="is.message.severity" value="'CRITICAL'"/>
            <cc:set name="is.message.summary" value="'An unexpected error has occured please see details.'"/>
            <cc:set name="is.message.detail" value="context.getErrorMessage()"/>
        </cc:local-out>
        <cc:async-mediation id="CrticalErrorHandler" routes-to="Call_Critical_Message">
            <cc:steps>
                <cc:set-headers id="ValidationOff">
                    <cc:remove-headers>
                        <cc:remove-header name="X-Validate-Only"/>
                    </cc:remove-headers>
                    <cc:add-headers/>
                </cc:set-headers>
            </cc:steps>
        </cc:async-mediation>
        <cc:send-error id="global-error-handler" rethrow-error="false" routes-to="CrticalErrorHandler"/>
        <cc:local-out id="Call_Audit_Row" store-message="none" routes-response-to="PutIntegrationMessage" endpoint="vm://INT0057B_US_PR_BW_Benevity_deduction_Inbound/WriteAuditRow">
            <cc:set name="integration.message" value="props['error.integration.message']"/>
            <cc:set name="status" value="'fail'"/>
        </cc:local-out>
        <cc:async-mediation id="AsyncMediation1" routes-to="Call_Audit_Row">
            <cc:steps>
                <cc:eval id="Eval">
                    <cc:expression>props['init.error.message'] = 'The following error has occured at ' # props['step.id'] # ': '# context.getErrorMessage() </cc:expression>
                    <cc:expression>props['process.error.message'] = 'The following error has occured for ' # props['ee.id'] # ' during ' # props['step.id'] # ': ' # context.getErrorMessage() </cc:expression>
                    <cc:expression>props['error.integration.message'] =props['initial.retrieval'] == true ? props['init.error.message'] :props['process.error.message']</cc:expression>
                </cc:eval>
            </cc:steps>
        </cc:async-mediation>
        <cc:async-mediation id="Error_Handler" routes-to="AsyncMediation1">
            <cc:steps>
                <cc:set-headers id="ValidationOff">
                    <cc:remove-headers>
                        <cc:remove-header name="X-Validate-Only"/>
                    </cc:remove-headers>
                    <cc:add-headers/>
                </cc:set-headers>
                <cc:eval id="Eval">
                    <cc:expression>props['error.free'] = false</cc:expression>
                    <cc:expression>props['fail.count'] = props['initial.retrieval'] == true ? props['fail.count'] : props['fail.count'] + 1</cc:expression>
                    <cc:expression>if (props['transaction.type'] == 'Payroll Input') {props['error.free.payroll.input'] = false}</cc:expression>
                </cc:eval>
            </cc:steps>
        </cc:async-mediation>
        <cc:local-in id="ErrorHandler" routes-to="Error_Handler">
            <cc:parameter documentation="The point of entry" name="step.id"/>
            <cc:parameter default="false" name="initial.retrieval"/>
        </cc:local-in>
        <cc:aggregator id="AuditAggregator" routes-to="SetAuditStore">
            <cc:size-batch-strategy batch-size="-1"/>
            <cc:xml-message-content-collater>
        <cc:header-text>&lt;Audit></cc:header-text>
        <cc:footer-text>&lt;/Audit></cc:footer-text>
      </cc:xml-message-content-collater>
        </cc:aggregator>
        <cc:local-out id="Audit_Log" store-message="none" endpoint="vm://wcc/PutIntegrationMessage">
            <cc:set name="is.message.severity" value="'INFO'"/>
            <cc:set name="is.message.summary" value="'Audit Log is attached.'"/>
            <cc:set name="is.document.variable.name" value="'audit.xls.output'"/>
            <cc:set name="is.document.file.name" value="props['source.name'] + ' Audit Report.xls'"/>
        </cc:local-out>
        <cc:local-in id="WriteAuditRow" routes-to="WriteAuditRowStep">
            <cc:parameter documentation="Pass the integration message to display in audit log" name="integration.message"/>
            <cc:parameter name="status"/>
        </cc:local-in>
        <cc:route id="Route_US-PR-BW">
            <cc:mvel-strategy>
                <cc:choose-route expression="props['wd.paygroup'] == 'USPR'" route="USPR"/>
                <cc:choose-route expression="props['wd.paygroup'] == 'USBW'" route="USBW"/>
            </cc:mvel-strategy>
            <cc:sub-route name="USPR" routes-to="UpdateDeductionUSPR"/>
            <cc:sub-route name="USBW" routes-to="UpdateDeductionUSBW"/>
        </cc:route>
        <cc:async-mediation id="UpdateDeductionUSBW" routes-to="AsyncMediation0">
            <cc:steps>
                <cc:eval id="Eval">
                    <cc:expression>props['error.free.close.inputs'] = true; props['close.date'] = empty;</cc:expression>
                    <cc:expression>props['transaction.type'] = 'Close Inputs'</cc:expression>
                    <cc:expression>if (props['wd.paygroup'] == 'USBW') {props['close.date'] = props['period.end.date.map'].get('USBW')}</cc:expression>
                    <cc:expression>vars['worker.BENVCH']  = props['data.hash.map'].get(props['ee.id']+'_BENVCH')</cc:expression>
                    <cc:expression>props['BENVCH.input.id'] = vars['worker.BENVCH']  == empty ? empty :  vars['worker.BENVCH'].xpath(&quot;newrow/id&quot;)</cc:expression>
                    <cc:expression>props['BENVCH.batch.id']  = vars['worker.BENVCH'] == empty ? empty :  vars['worker.BENVCH'].xpath(&quot;newrow/batchid&quot;)</cc:expression>
                    <cc:expression>props['BENVCH.dedcode']  = vars['worker.BENVCH']  == empty ? empty :  vars['worker.BENVCH'].xpath(&quot;newrow/dedcode&quot;)</cc:expression>
                    <cc:expression>props['BENVCH.start.date']  = vars['worker.BENVCH']  == empty ? empty :  vars['worker.BENVCH'].xpath(&quot;newrow/startdate&quot;)</cc:expression>
                    <cc:expression>props['BENVCH.amount']  = vars['worker.BENVCH']  == empty ? empty :  vars['worker.BENVCH'].xpath(&quot;newrow/amount&quot;) </cc:expression>
                </cc:eval>
            </cc:steps>
            <cc:send-error id="UpdateDeductionErrorHandler" routes-to="Error_CloseOpenInputSubProcessUSBW"/>
        </cc:async-mediation>
        <cc:local-out id="Error_CloseOpenInputSubProcessUSBW" store-message="none" endpoint="vm://INT0057B_US_PR_BW_Benevity_deduction_Inbound/ErrorHandler"><cc:set name="step.id" value="'Close Input'"/><cc:set name="initial.retrieval" value="false"/></cc:local-out>
        <cc:async-mediation id="AsyncMediation0" routes-to="ValidationModeOn">
            <cc:steps>
                <cc:xslt-plus id="CloseInput" input="variable" input-variable="worker.row" url="INT0057B_CloseInput.xsl"/>
                <cc:xslt-plus id="Audit" output="variable" output-variable="Audit.Payroll.Input.Close" url="INT0057B_Audit.xsl"/>
            </cc:steps>
            <cc:send-error id="SendError" routes-to="Error_CloseOpenInputSubProcessUSBW"/>
        </cc:async-mediation>
        <cc:async-mediation id="PutPayrollInputUSBW" routes-to="PutPayrollInput">
            <cc:steps>
                <cc:eval id="Eval">
                    <cc:expression>props['error.free.payroll.input'] = true</cc:expression>
                    <cc:expression>props['transaction.type'] = 'Payroll Input'</cc:expression>
                    <cc:expression>if (props['wd.paygroup'] == 'USBW') {props['open.date'] = props['period.start.date.map'].get('USBW')}</cc:expression>
                </cc:eval>
            </cc:steps>
            <cc:send-error id="SendError" routes-to="Error_PayrollInputsSubProcess"/>
        </cc:async-mediation>
        <cc:route id="Route">
            <cc:mvel-strategy>
                <cc:choose-route expression="props['wd.paygroup'] == 'USPR'" route="USPR"/>
                <cc:choose-route expression="props['wd.paygroup'] == 'USBW'" route="USBW"/>
            </cc:mvel-strategy>
            <cc:sub-route name="USPR" routes-to="PutPayrollInputUSPR"/>
            <cc:sub-route name="USBW" routes-to="PutPayrollInputUSBW"/>
        </cc:route>
        <cc:async-mediation id="PutPayrollInputUSPR" routes-to="PutPayrollInput">
            <cc:steps>
                <cc:eval id="Eval">
                    <cc:expression>props['error.free.payroll.input'] = true</cc:expression>
                    <cc:expression>props['transaction.type'] = 'Payroll Input'</cc:expression>
                    <cc:expression>if (props['wd.paygroup'] == 'USPR') {props['open.date'] = props['period.start.date.map'].get('USPR')}</cc:expression>
                </cc:eval>
            </cc:steps>
            <cc:send-error id="SendError" routes-to="CallSubRoutine"/>
        </cc:async-mediation>
        <cc:local-out id="CallSubRoutine" store-message="none" endpoint="vm://INT0057B_US_PR_BW_Benevity_deduction_Inbound/ErrorHandler"/>
        <cc:local-out id="IntegrationEnd" endpoint="vm://wcc/PutIntegrationEvent">
            <cc:set name="is.event.completed" value="&quot;current&quot;"/>
        </cc:local-out>
        <cc:local-out id="RetrievalError" routes-response-to="IntegrationEnd" endpoint="vm://wcc/PutIntegrationMessage">
            <cc:set name="is.message.severity" value="'WARNING'"/>
            <cc:set name="is.message.summary" value="'Blank file was retrieved'"/>
            <cc:set name="is.message.detail" value="context.errorMessage"/>
            <cc:set name="is.message.storage.enabled" value="false"/>
        </cc:local-out>
        <cc:local-out id="CallSkip_Invalidpaygroup" store-message="none" execute-when="props['Skip'] == true" endpoint="vm://INT0057B_US_PR_BW_Benevity_deduction_Inbound/WriteAuditRow"><cc:set name="integration.message" value="'Employee updates skipped due to incorrect pay group'"/><cc:set name="status" value="'skipped'"/><cc:set name="transaction.type" value="'N/A'"/></cc:local-out>
        <cc:route id="Route0">
            <cc:mvel-strategy>
                <cc:choose-route expression="props['record.count'] == 0" route="Empty File"/>
                <cc:choose-route expression="props['record.count'] != 0" route="Not Empty File"/>
            </cc:mvel-strategy>
            <cc:sub-route name="Not Empty File" routes-to="Call_PeriodsDate"/>
            <cc:sub-route name="Empty File" routes-to="IntegrationEnd0"/>
        </cc:route>
        <cc:local-out id="IntegrationEnd0" endpoint="vm://wcc/PutIntegrationEvent">
            <cc:set name="is.event.completed" value="&quot;current&quot;"/>
        </cc:local-out>
	</cc:assembly>

</beans>