<?xml version="1.0" encoding="UTF-8"?>
<wdnm:Diagram xmlns:wdnm="http://workday.com/studio/editors/notation">
  <element href="assembly.xml#EIBfiltering"/>
  <visualProperties x="306" y="175">
    <element href="assembly.xml#StartHere"/>
  </visualProperties>
  <visualProperties x="420" y="189">
    <element href="assembly.xml#CallRetrivel_file"/>
  </visualProperties>
  <visualProperties x="63" y="209">
    <element href="assembly.xml#Retrivel_file"/>
  </visualProperties>
  <visualProperties x="410" y="354">
    <element href="assembly.xml#AsyncMediation"/>
  </visualProperties>
  <visualProperties x="474" y="432">
    <element href="assembly.xml#PutIntegrationMessage"/>
  </visualProperties>
  <visualProperties x="659" y="412">
    <element href="assembly.xml#Route"/>
  </visualProperties>
  <visualProperties x="801" y="395">
    <element href="assembly.xml#AsyncMediation0"/>
  </visualProperties>
  <visualProperties x="960" y="396">
    <element href="assembly.xml#Splitter"/>
  </visualProperties>
  <visualProperties x="1102" y="378">
    <element href="assembly.xml#AsyncMediation1"/>
  </visualProperties>
  <visualProperties x="532" y="21">
    <element href="assembly.xml#CallEIBWebSerive"/>
  </visualProperties>
  <visualProperties x="1256" y="374">
    <element href="assembly.xml#EIBWebSerive"/>
  </visualProperties>
  <visualProperties x="1521" y="418">
    <element href="assembly.xml#AsyncMediation3"/>
  </visualProperties>
  <visualProperties x="1628" y="478">
    <element href="assembly.xml#PutIntegrationMessage0"/>
  </visualProperties>
  <visualProperties x="1520" y="432">
    <element href="assembly.xml#SyncMediation"/>
  </visualProperties>
  <visualProperties x="1448" y="574">
    <element href="assembly.xml#WorkdayOutSoap0"/>
  </visualProperties>
  <visualProperties x="590" y="196">
    <element href="assembly.xml#CallEIBfiltering"/>
  </visualProperties>
  <visualProperties x="1450" y="550">
    <element href="assembly.xml#EIBfilter"/>
  </visualProperties>
  <visualProperties x="1286" y="520">
    <element href="assembly.xml#AsyncMediation4"/>
  </visualProperties>
  <visualProperties x="1784" y="466">
    <element href="assembly.xml#WorkdayOutSoap"/>
  </visualProperties>
  <visualProperties x="1102" y="20">
    <element href="assembly.xml#EIB_WebService2"/>
  </visualProperties>
  <visualProperties x="921" y="-45">
    <element href="assembly.xml#CallEIBWebService2"/>
  </visualProperties>
  <visualProperties x="1238" y="36">
    <element href="assembly.xml#AsyncMediation6"/>
  </visualProperties>
  <visualProperties x="1992" y="437">
    <element href="assembly.xml#Audit1"/>
  </visualProperties>
  <visualProperties x="1485" y="648">
    <element href="assembly.xml#CallAuditEIB"/>
  </visualProperties>
  <visualProperties x="1085" y="776">
    <element href="assembly.xml#Audit"/>
  </visualProperties>
  <visualProperties x="1169" y="785">
    <element href="assembly.xml#AsyncMediation2"/>
  </visualProperties>
  <visualProperties x="1336" y="813">
    <element href="assembly.xml#Aggregator"/>
  </visualProperties>
  <visualProperties x="1488" y="816">
    <element href="assembly.xml#AsyncMediation5"/>
  </visualProperties>
  <visualProperties x="1879" y="489">
    <element href="assembly.xml#AsyncMediation7"/>
  </visualProperties>
  <visualProperties x="2223" y="429">
    <element href="assembly.xml#AsyncMediation8"/>
  </visualProperties>
  <connections type="routesTo" sourceAnchorX="0.8256880733944955" sourceAnchorY="1.0" targetAnchorX="0.14583333333333334" targetAnchorY="0.6216216216216216">
    <source href="assembly.xml#StartHere"/>
    <target href="assembly.xml#CallRetrivel_file"/>
  </connections>
  <connections type="routesTo" sourceAnchorX="0.8205128205128205" sourceAnchorY="1.0" targetAnchorX="0.2440944881889764" targetAnchorY="0.717391304347826">
    <source href="assembly.xml#Retrivel_file"/>
    <target href="assembly.xml#AsyncMediation"/>
  </connections>
  <connections type="routesTo" sourceAnchorX="0.7166666666666667" sourceAnchorY="1.0" targetAnchorX="0.532608695652174" targetAnchorY="0.21621621621621623">
    <source href="assembly.xml#//@beans/@mixed.1/@mixed.7/@mixed.3"/>
    <target href="assembly.xml#PutIntegrationMessage"/>
  </connections>
  <connections type="routesTo" sourceAnchorX="1.0" sourceAnchorY="0.776" targetAnchorX="0.1308411214953271" targetAnchorY="0.2727272727272727">
    <source href="assembly.xml#AsyncMediation"/>
    <target href="assembly.xml#Route"/>
  </connections>
  <connections type="routesTo" sourceAnchorX="0.9893617021276596" sourceAnchorY="1.0" targetAnchorX="0.23134328358208955" targetAnchorY="0.4673913043478261">
    <source href="assembly.xml#//@beans/@mixed.1/@route.0/@subRoute.0"/>
    <target href="assembly.xml#AsyncMediation0"/>
  </connections>
  <connections type="routesTo" sourceAnchorX="0.5319148936170213" sourceAnchorY="1.0" targetAnchorX="0.1044776119402985" targetAnchorY="0.42391304347826086">
    <source href="assembly.xml#//@beans/@mixed.1/@splitter.0/@subRoute.0"/>
    <target href="assembly.xml#AsyncMediation1"/>
  </connections>
  <connections type="routesTo" sourceAnchorX="1.0" sourceAnchorY="0.0851063829787234" targetAnchorX="0.7068062827225131" targetAnchorY="0.7027027027027027">
    <source href="assembly.xml#AsyncMediation3"/>
    <target href="assembly.xml#PutIntegrationMessage0"/>
  </connections>
  <connections type="routesTo" sourceAnchorX="0.6982758620689655" sourceAnchorY="1.0" targetAnchorX="0.2786885245901639" targetAnchorY="0.5466666666666666">
    <source href="assembly.xml#EIBWebSerive"/>
    <target href="assembly.xml#SyncMediation"/>
  </connections>
  <connections type="routesTo" sourceAnchorX="1.0" sourceAnchorY="0.1513157894736842" targetAnchorX="0.5031446540880503" targetAnchorY="0.35135135135135137">
    <source href="assembly.xml#SyncMediation"/>
    <target href="assembly.xml#WorkdayOutSoap0"/>
  </connections>
  <connections type="routesResponseTo" sourceAnchorX="1.0" sourceAnchorY="0.14473684210526316" targetAnchorX="0.21641791044776118" targetAnchorY="0.448">
    <source href="assembly.xml#SyncMediation"/>
    <target href="assembly.xml#AsyncMediation3"/>
  </connections>
  <connections type="routesResponseTo" sourceAnchorX="0.7762237762237763" sourceAnchorY="1.0" targetAnchorX="0.4057971014492754" targetAnchorY="0.6756756756756757">
    <source href="assembly.xml#CallRetrivel_file"/>
    <target href="assembly.xml#CallEIBfiltering"/>
  </connections>
  <connections type="routesTo" sourceAnchorX="1.0" sourceAnchorY="0.6486486486486487" targetAnchorX="0.3656716417910448" targetAnchorY="0.5319148936170213">
    <source href="assembly.xml#EIBfilter"/>
    <target href="assembly.xml#AsyncMediation4"/>
  </connections>
  <connections type="routesTo" sourceAnchorX="1.0" sourceAnchorY="0.3829787234042553" targetAnchorX="0.4766355140186916" targetAnchorY="0.4805194805194805">
    <source href="assembly.xml#AsyncMediation4"/>
    <target href="assembly.xml#Splitter"/>
  </connections>
  <connections type="routesTo" sourceAnchorX="0.8903225806451613" sourceAnchorY="1.0" targetAnchorX="0.291044776119403" targetAnchorY="0.5319148936170213">
    <source href="assembly.xml#EIB_WebService2"/>
    <target href="assembly.xml#AsyncMediation6"/>
  </connections>
  <connections type="routesResponseTo" sourceAnchorX="0.717391304347826" sourceAnchorY="1.0" targetAnchorX="0.3630573248407643" targetAnchorY="0.7027027027027027">
    <source href="assembly.xml#CallEIBfiltering"/>
    <target href="assembly.xml#CallEIBWebSerive"/>
  </connections>
  <connections type="routesTo" sourceAnchorX="1.0" sourceAnchorY="0.5333333333333333" targetAnchorX="0.05970149253731343" targetAnchorY="0.4891304347826087">
    <source href="assembly.xml#//@beans/@mixed.1/@mixed.23/@mixed.3"/>
    <target href="assembly.xml#AsyncMediation7"/>
  </connections>
  <connections type="routesResponseTo" sourceAnchorX="0.4869109947643979" sourceAnchorY="1.0" targetAnchorX="0.656" targetAnchorY="0.4594594594594595">
    <source href="assembly.xml#PutIntegrationMessage0"/>
    <target href="assembly.xml#CallAuditEIB"/>
  </connections>
  <connections type="routesTo" sourceAnchorX="1.0" sourceAnchorY="0.5405405405405406" targetAnchorX="0.30597014925373134" targetAnchorY="0.6595744680851063">
    <source href="assembly.xml#Audit"/>
    <target href="assembly.xml#AsyncMediation2"/>
  </connections>
  <connections type="routesTo" sourceAnchorX="1.0" sourceAnchorY="0.35106382978723405" targetAnchorX="0.6956521739130435" targetAnchorY="0.6981132075471698">
    <source href="assembly.xml#AsyncMediation2"/>
    <target href="assembly.xml#Aggregator"/>
  </connections>
  <connections type="routesTo" sourceAnchorX="1.0" sourceAnchorY="0.18867924528301888" targetAnchorX="0.23880597014925373" targetAnchorY="0.574468085106383">
    <source href="assembly.xml#Aggregator"/>
    <target href="assembly.xml#AsyncMediation5"/>
  </connections>
  <connections type="routesTo" sourceAnchorX="1.0" sourceAnchorY="0.32608695652173914" targetAnchorX="0.2894736842105263" targetAnchorY="0.2702702702702703">
    <source href="assembly.xml#AsyncMediation7"/>
    <target href="assembly.xml#WorkdayOutSoap"/>
  </connections>
  <connections type="routesResponseTo" sourceAnchorX="0.7894736842105263" sourceAnchorY="1.0" targetAnchorX="0.11194029850746269" targetAnchorY="0.6739130434782609">
    <source href="assembly.xml#WorkdayOutSoap"/>
    <target href="assembly.xml#AsyncMediation8"/>
  </connections>
  <connections type="routesTo" sourceAnchorX="1.0" sourceAnchorY="0.2391304347826087" targetAnchorX="0.21978021978021978" targetAnchorY="0.02702702702702703">
    <source href="assembly.xml#AsyncMediation8"/>
    <target href="assembly.xml#Audit1"/>
  </connections>
  <swimlanes x="143" y="-85" name="Swimlane">
    <elements href="assembly.xml#StartHere"/>
    <elements href="assembly.xml#CallRetrivel_file"/>
    <elements href="assembly.xml#CallEIBfiltering"/>
    <elements href="assembly.xml#CallEIBWebSerive"/>
  </swimlanes>
  <swimlanes x="109" y="49" name="Retrivel">
    <elements href="assembly.xml#Retrivel_file"/>
    <elements href="#//@swimlanes.2"/>
    <elements href="assembly.xml#Route"/>
    <elements href="assembly.xml#AsyncMediation0"/>
  </swimlanes>
  <swimlanes x="395" y="424" name="Swimlane" orientation="VERTICAL">
    <elements href="assembly.xml#AsyncMediation"/>
    <elements href="assembly.xml#PutIntegrationMessage"/>
  </swimlanes>
  <swimlanes x="1081" y="363" name="EIB_WebService_1">
    <elements href="assembly.xml#EIBWebSerive"/>
    <elements href="#//@swimlanes.5"/>
    <elements href="#//@swimlanes.4"/>
    <elements href="assembly.xml#AsyncMediation7"/>
    <elements href="assembly.xml#WorkdayOutSoap"/>
    <elements href="assembly.xml#AsyncMediation8"/>
    <elements href="assembly.xml#Audit1"/>
  </swimlanes>
  <swimlanes x="1688" y="432" name="Swimlane" orientation="VERTICAL">
    <elements href="assembly.xml#AsyncMediation3"/>
    <elements href="assembly.xml#PutIntegrationMessage0"/>
    <elements href="assembly.xml#CallAuditEIB"/>
  </swimlanes>
  <swimlanes x="1510" y="428" name="Swimlane" orientation="VERTICAL">
    <elements href="assembly.xml#SyncMediation"/>
    <elements href="assembly.xml#WorkdayOutSoap0"/>
  </swimlanes>
  <swimlanes x="107" y="384" name="EIBfiltering">
    <elements href="assembly.xml#EIBfilter"/>
    <elements href="assembly.xml#AsyncMediation4"/>
    <elements href="assembly.xml#Splitter"/>
    <elements href="assembly.xml#AsyncMediation1"/>
  </swimlanes>
  <swimlanes x="1060" y="-15" name="EIB_WebService_2">
    <elements href="assembly.xml#CallEIBWebService2"/>
    <elements href="assembly.xml#EIB_WebService2"/>
    <elements href="assembly.xml#AsyncMediation6"/>
  </swimlanes>
  <swimlanes x="1067" y="740" name="Audit Report">
    <elements href="assembly.xml#Audit"/>
    <elements href="assembly.xml#AsyncMediation2"/>
    <elements href="assembly.xml#Aggregator"/>
    <elements href="assembly.xml#AsyncMediation5"/>
  </swimlanes>
</wdnm:Diagram>
