<?xml version="1.0" encoding="UTF-8"?>
<beans
     xmlns="http://www.springframework.org/schema/beans"
     xmlns:beans="http://www.springframework.org/schema/beans"
     xmlns:atom="http://www.w3.org/2005/Atom"
     xmlns:cc="http://www.capeclear.com/assembly/10"
     xmlns:cloud="urn:com.workday/esb/cloud/10.0"
     xmlns:env="http://schemas.xmlsoap.org/soap/envelope/"
     xmlns:pi="urn:com.workday/picof"
     xmlns:wd="urn:com.workday/bsvc"
     xmlns:xsi="http://www.w3.org/2001/XMLSchema-instance">
 
	<cc:assembly id="WorkdayAssembly" version="2018.6">
        <cc:async-mediation id="RetrieveFile" routes-to="Route_DataFiles" handle-downstream-errors="true">
            <cc:steps>
                <cc:eval id="RetrieveDoc">
                    <cc:expression>props['File.Name'] = vars['wd.retrieve.variable'].fileName</cc:expression>
                    <cc:expression>props['File.Name.Flag']= props['File.Name'].substring(0,6)</cc:expression><cc:expression>//if (da.size() > 0 ) {da.toVar(0, &quot;wd.retrieve.variable&quot;)}</cc:expression>
                    <cc:expression>//if (da.size() > 1 ) {da.toVar(1, &quot;wd.retrieve.variable.1&quot;)}</cc:expression>
                    <cc:expression>props['File.Count'] = props['File.Count'] + 1</cc:expression></cc:eval>
                <cc:log id="Log">
                    <cc:log-message>
                        <cc:text>**********************&#xD;
&#xD;
File Name : @{props['File.Name']}&#xD;
&#xD;
***********************</cc:text>
                    </cc:log-message>
                </cc:log>
            </cc:steps>
        </cc:async-mediation>
        <cc:route id="Route">
            <cc:doc-iterator/>
            <cc:sub-route name="SubRoute" routes-to="RetrieveFile"/>
        </cc:route>
        <cc:async-mediation id="Initialize" routes-to="CallRetrieveandProcessFiles">
            <cc:steps>
                <cc:eval id="InitializeProps"><cc:expression>props['now'] = util.currentDateTimeAsString()</cc:expression>
                    <cc:expression>props['Today'] = util.currentDateAsString().substring(0,10)</cc:expression>
                    <cc:expression>props['current_year'] = util.currentDateAsString().substring(0,4)</cc:expression>
                    <cc:expression>props['effective.flag'] = 'false'</cc:expression>
                    <cc:expression>props['output.filename'] ='WD US YE Box Total Validation_' + props['now'] + '.xls'//props['earning.list.array'] = new java.util.ArrayList()</cc:expression>
                    <cc:expression>props['box_14_str'] = ''</cc:expression>
                    <cc:expression>//props['lp.PayrollPayGroup'] = lp.getReferenceDataList('Pay_Run_Groups_and_or_Pay_Group_Details', 'WID')</cc:expression>
                    <cc:expression>//props['lp.year'] = lp.getReferenceData('Year', 'WID')</cc:expression>
                    <cc:expression>//props['lp.companies'] = lp.getReferenceDataList('Company', 'Company_Reference_ID')</cc:expression>
                    <cc:expression>props['report.ns'] = 'wd urn:com.workday.report/CR_W2_Form_Data'</cc:expression>
                    <cc:expression>props['box14.workdaylabels'] = 'AKSUI,AUR'</cc:expression>
                    <cc:expression>props['box14.pending.str']='AKSUI,AUR,CASDI,DNVR,GRNWD,HISDI,LST,MNHL,NJ DI,NJ FLI,NY SDI,OCC,PASUI,RI SDI,UI/WF/SWF,NY PFL'</cc:expression></cc:eval>
            </cc:steps>
        </cc:async-mediation>
        <cc:workday-in id="StartHere" routes-to="Initialize">
            <cc:integration-system name="WD-US-YearEnd-BoxReconciliation_Studio">
        <cloud:delivery-service name="W2BoxTotals"/>
        <cloud:retrieval-service name="Company W-2 Audit"/>
        <cloud:retrieval-service name="W2-TaxFilingData"/>
      </cc:integration-system>
        </cc:workday-in>
        <cc:route id="Route_DataFiles">
            <cc:mvel-strategy>
                <cc:choose-route expression="props['File.Name'].contains(&quot;W2Form&quot;)" route="W2FormData"/>
                <cc:choose-route expression="props['File.Name'].contains(&quot;Company W-2 Audit&quot;)" route="CompanyauditFile"/>
                <cc:choose-route expression="props['File.Name'].contains(&quot;Tax Filing&quot;)" route="Tax_Filing"/>
            </cc:mvel-strategy>
            <cc:sub-route name="W2FormData" routes-to="Call_SplitNProcessW2FormData"/>
            <cc:sub-route name="CompanyauditFile" routes-to="Call_ProcessW2CompanyAuditFile"/>
            <cc:sub-route name="Tax_Filing" routes-to="Call_GetTaxFilingData"/>
        </cc:route>
        <cc:local-in id="RetrieveandProcessFiles" routes-to="Route"/>
        <cc:local-out id="CallRetrieveandProcessFiles" store-message="none" routes-response-to="Call_PrepareOutputData" endpoint="vm://WD-US-YearEnd-BoxReconciliation_Studio/RetrieveandProcessFiles"/>
        <cc:async-mediation id="ProcessCAFile">
            <cc:steps>
                <cc:log id="Log">
                    <cc:log-message>
                        <cc:message-content/>
                        <cc:text>In CA&#xD;
%%%%%%%%%%%%5</cc:text>
                    </cc:log-message>
                </cc:log>
                <cc:store id="Store0" input="variable" input-variable="wd.retrieve.variable" expiresIn="P60D" title="W2-CompanyAuditInputFile.csv"/>
                <cc:csv-to-xml id="CsvToXml" input="variable" input-variable="wd.retrieve.variable" colNames="Company,EIN,EAddress,WorkerCountTotal,WorkerCountPaper,Box1,Box2,Box3,Box4,Box5,Box6,Box7,Box8,Box9,Box10,Box11-1,Box11-2,Box11-3,Box11-4,Box12Code,Box12Amt,Box13-1,Box13-2,Box13-3,Box14Label,Box14Amount,OtherInformation,StateTaxCode,StateID,StateWages,StateIT,StateLocalityName,LocalWages,LocalIT" format="rfc4180"/>
                <cc:xslt id="Xslt0" url="CharacterMapping.xsl"/>
                <cc:store id="Store" output="variable" output-variable="Input.companyaudit.xmlfile" input="message" expiresIn="P60D" title="Input_W2-CompanyAudit.xml"/>
                <cc:xslt id="Xslt" url="TransformCompanyAudit.xsl"/>
                <cc:copy id="Copy" output="variable" output-variable="var.companyaudit"/>
                <cc:store id="Store1" output="variable" output-variable="companyaudit.xmlfile" input="message" expiresIn="P60D" title="W2-CompanyAudit.xml"/>
            </cc:steps>
        </cc:async-mediation>
        <cc:local-in id="ProcessW2CompanyAuditFile" routes-to="ProcessCAFile"/>
        <cc:local-out id="Call_ProcessW2CompanyAuditFile" store-message="none" endpoint="vm://WD-US-YearEnd-BoxReconciliation_Studio/ProcessW2CompanyAuditFile"/>
        <cc:local-out id="Call_GetTaxFilingData" store-message="none" endpoint="vm://WD-US-YearEnd-BoxReconciliation_Studio/GetTaxFilingData"/>
        <cc:local-out id="Call_SplitNProcessW2FormData" store-message="none" routes-response-to="Call_ProcessW2FormData" endpoint="vm://WD-US-YearEnd-BoxReconciliation_Studio/SplitNProcessW2FormData"/>
        <cc:async-mediation id="ProcessFormDataFile">
            <cc:steps>
                <cc:eval id="Eval">
                    <cc:expression>props['group14.str'] = util.listToCommaDelimString(props['box14.list'])</cc:expression>
                </cc:eval>
                <cc:log id="Log">
                    <cc:log-message>
                        <cc:text>props['group14.str']:@{props['group14.str']}&#xD;
&#xD;
In W2Form&#xD;
%%%%%%%%</cc:text>
                        <cc:message-content/>
                    </cc:log-message>
                </cc:log>
                <cc:copy id="Copy" input="variable" input-variable="wd.retrieve.variable"/>
                <cc:xslt id="Xslt0" url="CharacterMapping.xsl"/>
                <cc:xslt id="Xslt" url="TransformW2FormData.xsl"/>
                <cc:copy id="Copy0" output="variable" output-variable="var.formdata"/>
                <cc:store id="Store" output="variable" output-variable="w2form.xmlfile" input="message" expiresIn="P60D" title="W2-FormData.xml"/>
                <cc:eval id="Eval0">
                    <cc:expression>props['group14.str.formatted'] = props['group14.str'].toString().replace('/', '-').replace(' ', '-')</cc:expression>
                </cc:eval>
            </cc:steps>
        </cc:async-mediation>
        <cc:local-in id="SplitNProcessW2FormData" routes-to="AsyncMediation"/>
        <cc:async-mediation id="ProcessTaxFilingFile">
            <cc:steps>
                <cc:log id="Log">
                    <cc:log-message>
                        <cc:message-content/>
                        <cc:text>In TaxFiling&#xD;
$$$$$$$$</cc:text>
                    </cc:log-message>
                </cc:log>
                <cc:csv-to-xml id="CsvToXml" input="variable" input-variable="wd.retrieve.variable" colNames="Company,Quarter,TaxAuthority,EIN,State,Tax,TaxFilingCode,SUIRate,QTD_Withheld,QTD_Taxable_Wages,QTD_Subject_Wages,QTD_Gross_Wages,YTD_Withheld,YTD_Taxable_Wages,YTD_Subject_Wages,YTD_Gross_Wages" format="rfc4180"/>
                <cc:store id="Store0" output="variable" output-variable="Input.TaxFiling.xmlfile" expiresIn="P60D" title="Input_Tax_Filing.xml"/>
                <cc:xslt id="Xslt0" url="CharacterMapping.xsl"/>
                <cc:xslt id="Xslt" url="Transform_TaxFiling.xsl"/>
                <cc:copy id="Copy" output="variable" output-variable="var.taxfiling"/>
                <cc:store id="Store" output="variable" output-variable="taxfiling.xmlfile" input="message" expiresIn="P60D" title="W2-TaxFiling.xml"/>
            </cc:steps>
        </cc:async-mediation>
        <cc:local-in id="GetTaxFilingData" routes-to="ProcessTaxFilingFile"/>
        <cc:async-mediation id="AsyncMediation0">
            <cc:steps>
                <cc:store id="Store" output="variable" output-variable="taxfiling.txt" input="message" expiresIn="P60D" title="W2-TaxFiling.xml"/>
                <cc:log id="Log">
                    <cc:log-message>
                        <cc:message-content/>
                        <cc:text>condition tax fil</cc:text>
                    </cc:log-message>
                </cc:log>
                <cc:text-excel id="TextExcel" input="variable" input-variable="wd.retrieve.variable" style="excel2text"/>
                <cc:csv-to-xml id="CsvToXml" colNames="chck"/>
                <cc:store id="Store0" output="variable" output-variable="taxfiling.xmlfile" title="taxfiling.xml"/>
            </cc:steps>
        </cc:async-mediation>
        <cc:async-mediation id="Merge_FormatOutput" routes-to="PutIntegrationMessage">
            <cc:steps>
                <cc:copy id="Copy" input="variable" input-variable="var.formdata"/>
                <cc:log id="Log">
                    <cc:log-message>
                        <cc:text>reporet&#xD;
--------------</cc:text>
                        <cc:message-content/>
                        <cc:text>-----------</cc:text>
                    </cc:log-message>
                </cc:log>
                <cc:xslt id="Xslt" url="XmlJoin.xsl"/>
                <cc:store id="Store" output="variable" output-variable="total.data" title="totaldata.xml"/>
                <cc:xslt id="Xslt0" output-mimetype="text/xml" url="GenerateOutput.xsl"/>
                <cc:store id="StoreOutputDocument" output="variable" output-mimetype="text/plain" output-variable="output.document.reference" input="message" contentDisposition="attachment;filename=&quot;@{props['output.filename']}&quot;" expiresIn="P180D" schema="http://www.w3.org/2005/Atom" title="@{props['output.filename']}"/>
            </cc:steps>
        </cc:async-mediation>
        <cc:local-in id="PrepareOutput" routes-to="Merge_FormatOutput"/>
        <cc:local-out id="Call_PrepareOutputData" store-message="none" endpoint="vm://WD-US-YearEnd-BoxReconciliation_Studio/PrepareOutput"/>
        <cc:local-out id="PutIntegrationMessage" endpoint="vm://wcc/PutIntegrationMessage"><cc:set name="is.message.severity" value="'INFO'"/><cc:set name="is.message.summary" value="'Output document delivered'"/><cc:set name="is.document.variable.name" value="'output.document.reference'"/><cc:set name="is.document.deliverable" value="'true'"/><cc:set name="is.message.storage.enabled" value="false"/></cc:local-out>
        <cc:async-mediation id="TransformLine" routes-to="AsyncMediation1">
            <cc:steps>
                <cc:eval id="Eval">
                    <cc:expression>props['box14_label'] = parts[0].xpath(&quot;/wd:group_Box_14/wd:Label&quot;, props['report.ns'])</cc:expression><cc:expression>//if(props['box14_label'] != '' &amp;&amp; props['box_14_str'] != '' &amp;&amp; props['flag'] == false) {props['box_14_str'] = props['box_14_str'] + ',' + props['box14_label']}</cc:expression>
                    <cc:expression>//if(props['box14_label'] != '' &amp;&amp; props['box_14_str'] == '' &amp;&amp; props['flag'] == false) {props['box_14_str'] = props['box14_label']}</cc:expression>
                    <cc:expression>props['box14.pending.str'] = props['box14.pending.str'].toString().replace(props['box14_label'], '')</cc:expression></cc:eval>
                <cc:log id="Log">
                    <cc:log-message>
                        <cc:text>props['box14.pending.str']: @{props['box14.pending.str']}&#xD;
props['box14_label']:@{props['box14_label']}</cc:text>
                    </cc:log-message>
                </cc:log>
            </cc:steps>
        </cc:async-mediation>
        <cc:splitter id="SplitByLine" no-split-message-error="false">
            <cc:sub-route name="SubRoute" routes-to="TransformLine"/>
            <cc:xml-stream-splitter namespaces="wd urn:com.workday.report/CR_W2_Form_Data" xpath="/wd:Report_Data/wd:Report_Entry/wd:group_Box_14"/>
        </cc:splitter>
        <cc:local-out id="Call_ProcessW2FormData" store-message="none" endpoint="vm://WD-US-YearEnd-BoxReconciliation_Studio/ProcessW2FormData"/>
        <cc:local-in id="ProcessW2FormData" routes-to="ProcessFormDataFile"/>
        <cc:async-mediation id="AsyncMediation" routes-to="SplitByLine">
            <cc:steps>
                <cc:copy id="Copy" input="variable" input-variable="wd.retrieve.variable"/>
                <cc:eval id="Eval">
                    <cc:expression>props['box14.list'] = new java.util.ArrayList()</cc:expression>
                </cc:eval>
            </cc:steps>
        </cc:async-mediation>
        <cc:async-mediation id="AsyncMediation1" routes-to="Aggregator" execute-steps-when="!(props['box14.list'].contains(props['box14_label']))">
            <cc:steps>
                <cc:write id="Write">
                    <cc:message>
                        <cc:text>&lt;box14label>@{props['box14_label']}&lt;/box14label></cc:text>
                    </cc:message>
                </cc:write>
                <cc:eval id="Eval">
                    <cc:expression>if(!(props['box14.list'].contains(props['box14_label']))){props['box14.list'].add(props['box14_label'])}</cc:expression><cc:expression>//if(props['box14_label'] != '' &amp;&amp; props['box_14_str'] != '' &amp;&amp; props['flag'] == false) {props['box_14_str'] = props['box_14_str'] + ',' + props['box14_label']}</cc:expression>
                    <cc:expression>//if(props['box14_label'] != '' &amp;&amp; props['box_14_str'] == '' &amp;&amp; props['flag'] == false) {props['box_14_str'] = props['box14_label']}</cc:expression></cc:eval>
            </cc:steps>
        </cc:async-mediation>
        <cc:aggregator id="Aggregator" routes-to="AsyncMediation2" force-batch-on-last-message="true">
            <cc:size-batch-strategy batch-size="-1"/>
            <cc:xml-message-content-collater>
        <cc:header-text>&lt;Box14Labels></cc:header-text>
        <cc:footer-text>&lt;/Box14Labels></cc:footer-text>
      </cc:xml-message-content-collater>
        </cc:aggregator>
        <cc:async-mediation id="AsyncMediation2">
            <cc:steps>
                <cc:copy id="Copy0" output="variable" output-variable="var.box14data"/>
            </cc:steps>
        </cc:async-mediation>
	</cc:assembly>

</beans>