<?xml version="1.0" encoding="UTF-8"?>
<wdnm:Diagram xmlns:wdnm="http://workday.com/studio/editors/notation">
  <element href="assembly.xml#WorkdayAssembly"/>
  <visualProperties x="142" y="192">
    <element href="assembly.xml#StartHere"/>
  </visualProperties>
  <visualProperties x="300" y="249">
    <element href="assembly.xml#Initialize"/>
  </visualProperties>
  <visualProperties x="395" y="411">
    <element href="assembly.xml#InitError"/>
  </visualProperties>
  <visualProperties x="197" y="612">
    <element href="assembly.xml#CallReport"/>
  </visualProperties>
  <visualProperties x="215" y="788">
    <element href="assembly.xml#GrantAccess"/>
  </visualProperties>
  <visualProperties x="237" y="1021">
    <element href="assembly.xml#ScramblePassword"/>
  </visualProperties>
  <visualProperties x="225" y="1162">
    <element href="assembly.xml#Audit"/>
  </visualProperties>
  <visualProperties x="438" y="259">
    <element href="assembly.xml#ProcessWorkers"/>
  </visualProperties>
  <visualProperties x="660" y="198">
    <element href="assembly.xml#CloseAuditLog"/>
  </visualProperties>
  <visualProperties x="275" y="574">
    <element href="assembly.xml#Report"/>
  </visualProperties>
  <visualProperties x="1320" y="665">
    <element href="assembly.xml#ReportError"/>
  </visualProperties>
  <visualProperties x="497" y="643">
    <element href="assembly.xml#ReportCall"/>
  </visualProperties>
  <visualProperties>
    <element href="assembly.xml#CheckResponse"/>
  </visualProperties>
  <visualProperties>
    <element href="assembly.xml#ReportResponseErr"/>
  </visualProperties>
  <visualProperties x="936" y="679">
    <element href="assembly.xml#SplitReport"/>
  </visualProperties>
  <visualProperties x="1106" y="627">
    <element href="assembly.xml#CallGrantAccess"/>
  </visualProperties>
  <visualProperties>
    <element href="assembly.xml#WriteUpdateWS"/>
  </visualProperties>
  <visualProperties x="522" y="974">
    <element href="assembly.xml#UpdateUserBasedSecurity"/>
  </visualProperties>
  <visualProperties x="816" y="941">
    <element href="assembly.xml#CallScramblePassword"/>
  </visualProperties>
  <visualProperties>
    <element href="assembly.xml#WriteScrambleWS"/>
  </visualProperties>
  <visualProperties x="584" y="1289">
    <element href="assembly.xml#ScrambleUserPassword"/>
  </visualProperties>
  <visualProperties>
    <element href="assembly.xml#CheckScramble"/>
  </visualProperties>
  <visualProperties>
    <element href="assembly.xml#CheckUpdates"/>
  </visualProperties>
  <visualProperties x="221" y="1617">
    <element href="assembly.xml#AuditMessage"/>
  </visualProperties>
  <visualProperties x="408" y="1640">
    <element href="assembly.xml#Aggregator"/>
  </visualProperties>
  <visualProperties x="644" y="1640">
    <element href="assembly.xml#WriteAuditLog"/>
  </visualProperties>
  <visualProperties x="1745" y="1540">
    <element href="assembly.xml#AuditLogPIM"/>
  </visualProperties>
  <visualProperties x="420" y="1665">
    <element href="assembly.xml#BatchAudit"/>
  </visualProperties>
  <visualProperties x="405" y="1081">
    <element href="assembly.xml#CallAudit0"/>
  </visualProperties>
  <visualProperties x="1762" y="1044">
    <element href="assembly.xml#CallAudit1"/>
  </visualProperties>
  <visualProperties x="1687" y="1180">
    <element href="assembly.xml#CallAudit2"/>
  </visualProperties>
  <visualProperties x="1753" y="1047">
    <element href="assembly.xml#CallAuditSuccess"/>
  </visualProperties>
  <visualProperties x="1680" y="1429">
    <element href="assembly.xml#CallAudit3"/>
  </visualProperties>
  <visualProperties x="1857" y="606">
    <element href="assembly.xml#ValidationMode"/>
  </visualProperties>
  <visualProperties x="2038" y="1350">
    <element href="assembly.xml#ValidationMode0"/>
  </visualProperties>
  <visualProperties x="1966" y="1046">
    <element href="assembly.xml#CallAuditSuccess0"/>
  </visualProperties>
  <visualProperties x="2128" y="1379">
    <element href="assembly.xml#AuditStoreErr"/>
  </visualProperties>
  <visualProperties x="839" y="936">
    <element href="assembly.xml#GetData"/>
  </visualProperties>
  <visualProperties x="865" y="999">
    <element href="assembly.xml#GetAccessData"/>
  </visualProperties>
  <visualProperties x="948" y="943">
    <element href="assembly.xml#Transformation"/>
  </visualProperties>
  <connections type="routesTo" sourceAnchorX="0.39316239316239315" sourceAnchorY="1.0" targetAnchorX="0.39166666666666666" targetAnchorY="0.16216216216216217">
    <source href="assembly.xml#//@beans/@mixed.1/@mixed.3/@mixed.3"/>
    <target href="assembly.xml#InitError"/>
  </connections>
  <connections type="routesTo" sourceAnchorX="0.835820895522388" sourceAnchorY="1.0" targetAnchorX="0.07258064516129033" targetAnchorY="0.12403100775193798">
    <source href="assembly.xml#StartHere"/>
    <target href="assembly.xml#Initialize"/>
  </connections>
  <connections type="routesTo" sourceAnchorX="1.0" sourceAnchorY="0.17829457364341086" targetAnchorX="0.1111111111111111" targetAnchorY="0.2702702702702703">
    <source href="assembly.xml#Initialize"/>
    <target href="assembly.xml#ProcessWorkers"/>
  </connections>
  <connections type="routesResponseTo" sourceAnchorX="0.9153439153439153" sourceAnchorY="0.4594594594594595" targetAnchorX="0.08670520231213873" targetAnchorY="0.40540540540540543">
    <source href="assembly.xml#ProcessWorkers"/>
    <target href="assembly.xml#CloseAuditLog"/>
  </connections>
  <connections type="routesTo" sourceAnchorX="1.0" sourceAnchorY="0.40540540540540543" targetAnchorX="0.29545454545454547" targetAnchorY="0.17346938775510204">
    <source href="assembly.xml#CallReport"/>
    <target href="assembly.xml#Report"/>
  </connections>
  <connections type="routesTo" sourceAnchorX="0.496" sourceAnchorY="1.0" targetAnchorX="0.4304635761589404" targetAnchorY="0.5405405405405406">
    <source href="assembly.xml#//@beans/@mixed.1/@mixed.19/@mixed.3"/>
    <target href="assembly.xml#ReportError"/>
  </connections>
  <connections type="routesTo" sourceAnchorX="1.0" sourceAnchorY="0.21705426356589147" targetAnchorX="0.07746478873239436" targetAnchorY="0.43243243243243246">
    <source href="assembly.xml#Report"/>
    <target href="assembly.xml#ReportCall"/>
  </connections>
  <connections type="routesTo" sourceAnchorX="0.496" sourceAnchorY="1.0" targetAnchorX="0.4304635761589404" targetAnchorY="0.5405405405405406">
    <source href="assembly.xml#//@beans/@mixed.1/@mixed.27/@mixed.3"/>
    <target href="assembly.xml#ReportResponseErr"/>
  </connections>
  <connections type="routesResponseTo" sourceAnchorX="0.9014084507042254" sourceAnchorY="0.4864864864864865" targetAnchorX="0.06338028169014084" targetAnchorY="0.09302325581395349">
    <source href="assembly.xml#ReportCall"/>
    <target href="assembly.xml#CheckResponse"/>
  </connections>
  <connections type="routesTo" sourceAnchorX="1.0" sourceAnchorY="0.17829457364341086" targetAnchorX="0.14393939393939395" targetAnchorY="0.05747126436781609">
    <source href="assembly.xml#CheckResponse"/>
    <target href="assembly.xml#SplitReport"/>
  </connections>
  <connections type="routesTo" sourceAnchorX="0.8151260504201681" sourceAnchorY="1.0" targetAnchorX="0.06043956043956044" targetAnchorY="0.35135135135135137">
    <source href="assembly.xml#//@beans/@mixed.1/@splitter.0/@subRoute.0"/>
    <target href="assembly.xml#CallGrantAccess"/>
  </connections>
  <connections type="routesTo" sourceAnchorX="0.8805031446540881" sourceAnchorY="1.0" targetAnchorX="0.11428571428571428" targetAnchorY="0.17829457364341086">
    <source href="assembly.xml#GrantAccess"/>
    <target href="assembly.xml#WriteUpdateWS"/>
  </connections>
  <connections type="routesResponseTo" sourceAnchorX="0.9442379182156134" sourceAnchorY="0.4864864864864865" targetAnchorX="0.2" targetAnchorY="0.20930232558139536">
    <source href="assembly.xml#UpdateUserBasedSecurity"/>
    <target href="assembly.xml#CheckUpdates"/>
  </connections>
  <connections type="routesTo" sourceAnchorX="0.943127962085308" sourceAnchorY="1.0" targetAnchorX="0.08" targetAnchorY="0.10077519379844961">
    <source href="assembly.xml#ScramblePassword"/>
    <target href="assembly.xml#WriteScrambleWS"/>
  </connections>
  <connections type="routesTo" sourceAnchorX="1.0" sourceAnchorY="0.14728682170542637" targetAnchorX="0.034482758620689655" targetAnchorY="0.08163265306122448">
    <source href="assembly.xml#WriteScrambleWS"/>
    <target href="assembly.xml#ValidationMode0"/>
  </connections>
  <connections type="routesResponseTo" sourceAnchorX="0.9357429718875502" sourceAnchorY="0.3783783783783784" targetAnchorX="0.08125" targetAnchorY="0.17054263565891473">
    <source href="assembly.xml#ScrambleUserPassword"/>
    <target href="assembly.xml#CheckScramble"/>
  </connections>
  <connections type="routesTo" sourceAnchorX="1.0" sourceAnchorY="0.4864864864864865" targetAnchorX="0.3096774193548387" targetAnchorY="0.17346938775510204">
    <source href="assembly.xml#Audit"/>
    <target href="assembly.xml#AuditMessage"/>
  </connections>
  <connections type="routesTo" sourceAnchorX="1.0" sourceAnchorY="0.17346938775510204" targetAnchorX="0.20398009950248755" targetAnchorY="0.16037735849056603">
    <source href="assembly.xml#AuditMessage"/>
    <target href="assembly.xml#Aggregator"/>
  </connections>
  <connections type="routesTo" sourceAnchorX="1.0" sourceAnchorY="0.1792452830188679" targetAnchorX="0.22941176470588234" targetAnchorY="0.1836734693877551">
    <source href="assembly.xml#Aggregator"/>
    <target href="assembly.xml#WriteAuditLog"/>
  </connections>
  <connections type="routesTo" sourceAnchorX="1.0" sourceAnchorY="0.14285714285714285" targetAnchorX="0.27848101265822783" targetAnchorY="0.40540540540540543">
    <source href="assembly.xml#WriteAuditLog"/>
    <target href="assembly.xml#AuditLogPIM"/>
  </connections>
  <connections type="routesTo" sourceAnchorX="0.6643356643356644" sourceAnchorY="1.0" targetAnchorX="0.472636815920398" targetAnchorY="0.16981132075471697">
    <source href="assembly.xml#BatchAudit"/>
    <target href="assembly.xml#Aggregator"/>
  </connections>
  <connections type="routesTo" sourceAnchorX="0.3202614379084967" sourceAnchorY="1.0" targetAnchorX="0.3695652173913043" targetAnchorY="0.3783783783783784">
    <source href="assembly.xml#//@beans/@mixed.1/@mixed.45/@mixed.3"/>
    <target href="assembly.xml#CallAudit1"/>
  </connections>
  <connections type="routesTo" sourceAnchorX="0.30405405405405406" sourceAnchorY="1.0" targetAnchorX="0.3115942028985507" targetAnchorY="0.43243243243243246">
    <source href="assembly.xml#//@beans/@mixed.1/@mixed.33/@mixed.3"/>
    <target href="assembly.xml#CallAudit0"/>
  </connections>
  <connections type="routesTo" sourceAnchorX="0.46853146853146854" sourceAnchorY="1.0" targetAnchorX="0.4782608695652174" targetAnchorY="0.4594594594594595">
    <source href="assembly.xml#//@beans/@mixed.1/@mixed.39/@mixed.3"/>
    <target href="assembly.xml#CallAudit2"/>
  </connections>
  <connections type="routesTo" sourceAnchorX="0.453416149068323" sourceAnchorY="1.0" targetAnchorX="0.5144927536231884" targetAnchorY="0.7297297297297297">
    <source href="assembly.xml#//@beans/@mixed.1/@mixed.43/@mixed.3"/>
    <target href="assembly.xml#CallAudit3"/>
  </connections>
  <connections type="routesTo" sourceAnchorX="1.0" sourceAnchorY="0.14285714285714285" targetAnchorX="0.14869888475836432" targetAnchorY="0.43243243243243246">
    <source href="assembly.xml#ValidationMode"/>
    <target href="assembly.xml#UpdateUserBasedSecurity"/>
  </connections>
  <connections type="routesTo" sourceAnchorX="1.0" sourceAnchorY="0.16326530612244897" targetAnchorX="0.17269076305220885" targetAnchorY="0.4864864864864865">
    <source href="assembly.xml#ValidationMode0"/>
    <target href="assembly.xml#ScrambleUserPassword"/>
  </connections>
  <connections type="routesTo" sourceAnchorX="1.0" sourceAnchorY="0.16279069767441862" targetAnchorX="0.08673469387755102" targetAnchorY="0.13513513513513514">
    <source href="assembly.xml#CheckUpdates"/>
    <target href="assembly.xml#CallAuditSuccess"/>
  </connections>
  <connections type="routesResponseTo" sourceAnchorX="1.0" sourceAnchorY="0.5675675675675675" targetAnchorX="0.1487603305785124" targetAnchorY="0.5675675675675675">
    <source href="assembly.xml#CallAuditSuccess"/>
    <target href="assembly.xml#CallScramblePassword"/>
  </connections>
  <connections type="routesTo" sourceAnchorX="1.0" sourceAnchorY="0.17829457364341086" targetAnchorX="0.07281553398058252" targetAnchorY="0.35135135135135137">
    <source href="assembly.xml#CheckScramble"/>
    <target href="assembly.xml#CallAuditSuccess0"/>
  </connections>
  <connections type="routesTo" sourceAnchorX="0.43558282208588955" sourceAnchorY="1.0" targetAnchorX="0.5692307692307692" targetAnchorY="0.6756756756756757">
    <source href="assembly.xml#//@beans/@mixed.1/@mixed.51/@mixed.3"/>
    <target href="assembly.xml#AuditStoreErr"/>
  </connections>
  <connections type="routesTo">
    <source href="assembly.xml#GetData"/>
    <target href="assembly.xml#GetAccessData"/>
  </connections>
  <connections type="routesResponseTo">
    <source href="assembly.xml#GetData"/>
    <target href="assembly.xml#Transformation"/>
  </connections>
  <connections type="routesTo" sourceAnchorX="1.0" sourceAnchorY="0.24806201550387597" targetAnchorX="0.05042016806722689" targetAnchorY="0.35625">
    <source href="assembly.xml#WriteUpdateWS"/>
    <target href="assembly.xml#GetData"/>
  </connections>
  <connections type="routesTo" sourceAnchorX="1.0" sourceAnchorY="0.23469387755102042" targetAnchorX="0.06097560975609756" targetAnchorY="0.3877551020408163">
    <source href="assembly.xml#Transformation"/>
    <target href="assembly.xml#ValidationMode"/>
  </connections>
  <connections type="routesTo" sourceAnchorX="0.864516129032258" sourceAnchorY="1.0" targetAnchorX="0.7536231884057971" targetAnchorY="0.4594594594594595">
    <source href="assembly.xml#//@beans/@mixed.1/@mixed.79/@mixed.3"/>
    <target href="assembly.xml#CallAudit0"/>
    <bendpoints sourceX="3" sourceY="110" targetX="457" targetY="57"/>
    <bendpoints sourceX="-453" sourceY="114" targetX="1" targetY="61"/>
  </connections>
  <swimlanes x="139" y="178" name="Main">
    <elements href="assembly.xml#StartHere"/>
    <elements href="#//@swimlanes.1"/>
    <elements href="assembly.xml#ProcessWorkers"/>
    <elements href="assembly.xml#CloseAuditLog"/>
  </swimlanes>
  <swimlanes x="287" y="285" name="" orientation="VERTICAL">
    <elements href="assembly.xml#Initialize"/>
    <elements href="assembly.xml#InitError"/>
  </swimlanes>
  <swimlanes x="139" y="544" name="Process Workers" orientation="VERTICAL" elements="//@swimlanes.5 //@swimlanes.6 //@swimlanes.7"/>
  <swimlanes x="139" y="836" name="Audit Log">
    <elements href="assembly.xml#Audit"/>
    <elements href="assembly.xml#AuditMessage"/>
    <elements href="#//@swimlanes.14"/>
    <elements href="#//@swimlanes.15"/>
    <elements href="assembly.xml#AuditLogPIM"/>
  </swimlanes>
  <swimlanes x="87" y="62" name="" orientation="VERTICAL" elements="//@swimlanes.0 //@swimlanes.2 //@swimlanes.3"/>
  <swimlanes x="282" y="541" name="">
    <elements href="assembly.xml#CallReport"/>
    <elements href="#//@swimlanes.8"/>
    <elements href="assembly.xml#ReportCall"/>
    <elements href="#//@swimlanes.9"/>
    <elements href="assembly.xml#SplitReport"/>
    <elements href="assembly.xml#CallGrantAccess"/>
  </swimlanes>
  <swimlanes x="186" y="622" name="">
    <elements href="assembly.xml#GrantAccess"/>
    <elements href="#//@swimlanes.10"/>
    <elements href="#//@swimlanes.16"/>
    <elements href="#//@swimlanes.17"/>
    <elements href="assembly.xml#ValidationMode"/>
    <elements href="assembly.xml#UpdateUserBasedSecurity"/>
    <elements href="#//@swimlanes.13"/>
    <elements href="assembly.xml#CallAuditSuccess"/>
    <elements href="assembly.xml#CallScramblePassword"/>
  </swimlanes>
  <swimlanes x="221" y="757" name="">
    <elements href="assembly.xml#ScramblePassword"/>
    <elements href="#//@swimlanes.11"/>
    <elements href="assembly.xml#ValidationMode0"/>
    <elements href="assembly.xml#ScrambleUserPassword"/>
    <elements href="#//@swimlanes.12"/>
    <elements href="assembly.xml#CallAuditSuccess0"/>
  </swimlanes>
  <swimlanes x="290" y="609" name="" orientation="VERTICAL">
    <elements href="assembly.xml#Report"/>
    <elements href="assembly.xml#ReportError"/>
  </swimlanes>
  <swimlanes x="1285" y="530" name="" orientation="VERTICAL">
    <elements href="assembly.xml#CheckResponse"/>
    <elements href="assembly.xml#ReportResponseErr"/>
  </swimlanes>
  <swimlanes x="1452" y="872" name="" orientation="VERTICAL">
    <elements href="assembly.xml#WriteUpdateWS"/>
    <elements href="assembly.xml#CallAudit0"/>
  </swimlanes>
  <swimlanes x="1548" y="889" name="" orientation="VERTICAL">
    <elements href="assembly.xml#WriteScrambleWS"/>
    <elements href="assembly.xml#CallAudit2"/>
  </swimlanes>
  <swimlanes x="1737" y="1256" name="" orientation="VERTICAL">
    <elements href="assembly.xml#CheckScramble"/>
    <elements href="assembly.xml#CallAudit3"/>
  </swimlanes>
  <swimlanes x="1650" y="1066" name="" orientation="VERTICAL">
    <elements href="assembly.xml#CheckUpdates"/>
    <elements href="assembly.xml#CallAudit1"/>
  </swimlanes>
  <swimlanes x="584" y="1665" name="" orientation="VERTICAL">
    <elements href="assembly.xml#BatchAudit"/>
    <elements href="assembly.xml#Aggregator"/>
  </swimlanes>
  <swimlanes x="684" y="1643" name="" orientation="VERTICAL">
    <elements href="assembly.xml#WriteAuditLog"/>
    <elements href="assembly.xml#AuditStoreErr"/>
  </swimlanes>
  <swimlanes x="711" y="1044" name="GetAccessGroup" orientation="VERTICAL">
    <elements href="assembly.xml#GetData"/>
    <elements href="assembly.xml#GetAccessData"/>
  </swimlanes>
  <swimlanes x="891" y="1038" name="TransformXSLT">
    <elements href="assembly.xml#Transformation"/>
  </swimlanes>
</wdnm:Diagram>
