<?xml version="1.0" encoding="UTF-8"?>
<beans
     xmlns="http://www.springframework.org/schema/beans"
     xmlns:beans="http://www.springframework.org/schema/beans"
     xmlns:atom="http://www.w3.org/2005/Atom"
     xmlns:cc="http://www.capeclear.com/assembly/10"
     xmlns:cloud="urn:com.workday/esb/cloud/10.0"
     xmlns:env="http://schemas.xmlsoap.org/soap/envelope/"
     xmlns:pi="urn:com.workday/picof"
     xmlns:wd="urn:com.workday/bsvc"
     xmlns:xsi="http://www.w3.org/2001/XMLSchema-instance">
 
	<cc:assembly id="WorkdayAssembly" version="2019.35">
        <cc:workday-in id="StartHere" routes-to="Initialize">
            <cc:integration-system name="INT0287-SSO-Access-Control">
        <cloud:param name="Validation Mode">
          <cloud:type>
            <cloud:simple-type>boolean</cloud:simple-type>
          </cloud:type>
          <cloud:default>
            <cloud:boolean>true</cloud:boolean>
          </cloud:default>
        </cloud:param>
        <cloud:attribute-map-service name="INT0287-Attributes">
          <cloud:attribute name="Password Reset Length (Days)">
            <cloud:type>
              <cloud:simple-type>number</cloud:simple-type>
            </cloud:type>
            <cloud:display-option>required-for-launch</cloud:display-option>
          </cloud:attribute>
          <cloud:attribute name="Web Service Version">
            <cloud:type>
              <cloud:simple-type>text</cloud:simple-type>
            </cloud:type>
            <cloud:display-option>required-for-launch</cloud:display-option>
          </cloud:attribute>
          <cloud:attribute name="SSO Access Group">
            <cloud:type>
              <cloud:class-report-field description="Security Group" type="WID" singular="true">f8e8e64606d64573a712272ccac6544c</cloud:class-report-field>
            </cloud:type>
            <cloud:display-option>required-for-launch</cloud:display-option>
          </cloud:attribute>
        </cloud:attribute-map-service>
        <cloud:report-service name="INT0287-Report">
          <cloud:report-alias description="INT0287 SSO Access Control" name="INT0287">
            <cloud:report-reference description="INT0287 SSO Access Control" type="WID">71ed4d1b7e1901f09c69eaa61807ab29</cloud:report-reference>
          </cloud:report-alias>
        </cloud:report-service>
      </cc:integration-system>
        </cc:workday-in>
        <cc:async-mediation id="Initialize" routes-to="ProcessWorkers" handle-downstream-errors="true">
            <cc:steps>
                <cc:eval id="Globals">
                    <cc:expression>props['error.occured'] = false</cc:expression>
                    <cc:expression>props['batch.audit'] = false</cc:expression>
                </cc:eval>
                <cc:eval id="LPs">
                    <cc:expression>props['lp.validation.mode'] = lp.getSimpleData('Validation Mode')</cc:expression>
                </cc:eval>
                <cc:eval id="Attributes">
                    <cc:expression>props['password.reset.length'] = intsys.getAttribute('Password Reset Length (Days)')</cc:expression>
                    <cc:expression>props['ws.version'] = intsys.getAttribute('Web Service Version')</cc:expression>
                    <cc:expression>props['SSO_Access_Group'] = intsys.getAttributeReferenceData('SSO Access Group', 'WID')</cc:expression>
                </cc:eval>
            </cc:steps>
            <cc:send-error id="SendError" routes-to="InitError"/>
        </cc:async-mediation>
        <cc:local-out id="InitError" endpoint="vm://wcc/PutIntegrationMessage"><cc:set name="is.message.severity" value="'ERROR'"/><cc:set name="is.message.summary" value="'Error initialing integration.  Check Launch Parameters and Attributes.'"/></cc:local-out>
        <cc:local-in id="CallReport" routes-to="Report"/>
        <cc:local-in id="GrantAccess" routes-to="WriteUpdateWS"/>
        <cc:local-in id="ScramblePassword" routes-to="WriteScrambleWS"/>
        <cc:local-in id="Audit" routes-to="AuditMessage"/>
        <cc:local-out id="ProcessWorkers" store-message="none" routes-response-to="CloseAuditLog" endpoint="vm://INT0287-SSO-Access-Control/CallReport"/>
        <cc:local-out id="CloseAuditLog" store-message="none" endpoint="vm://INT0287-SSO-Access-Control/BatchAudit"><cc:set name="batch.audit" value="props['batch.audit'] = true"/></cc:local-out>
        <cc:async-mediation id="Report" routes-to="ReportCall" handle-downstream-errors="true">
            <cc:steps>
            </cc:steps>
            <cc:send-error id="SendError" routes-to="ReportError"/>
        </cc:async-mediation>
        <cc:local-out id="ReportError" endpoint="vm://wcc/PutIntegrationMessage">
            <cc:set name="is.message.severity" value="'ERROR'"/>
            <cc:set name="is.message.summary" value="'Error calling report: ' # context.errorMessage"/>
        </cc:local-out>
        <cc:workday-out-rest id="ReportCall" routes-response-to="CheckResponse" extra-path="@{intsys.reportService.getExtrapath('INT0287')}?Password_Reset_Length_Days=@{props['password.reset.length']}"/>
        <cc:local-out id="ReportResponseErr" endpoint="vm://wcc/PutIntegrationMessage">
            <cc:set name="is.message.severity" value="'INFO'"/>
            <cc:set name="is.message.summary" value="context.errorMessage"/>
        </cc:local-out>
        <cc:async-mediation id="CheckResponse" routes-to="SplitReport" handle-downstream-errors="true">
            <cc:steps>
                <cc:validate-exp id="ValidateExp">
                    <cc:expression failure-message="No users to update.">parts[0].xpathB('/wd:Report_Data/wd:Report_Entry')</cc:expression>
                </cc:validate-exp>
                <cc:log id="Log">
                    <cc:log-message>
                        <cc:text>&#xD;
&#xD;
***************Report***************</cc:text>
                        <cc:line-separator/>
                        <cc:message-content/>
                    </cc:log-message>
                </cc:log>
            </cc:steps>
            <cc:send-error id="SendError" routes-to="ReportResponseErr"/>
        </cc:async-mediation>
        <cc:splitter id="SplitReport">
            <cc:sub-route name="SubRoute" routes-to="CallGrantAccess"/>
            <cc:xml-stream-splitter xpath="/wd:Report_Data/wd:Report_Entry"/>
        </cc:splitter>
        <cc:local-out id="CallGrantAccess" store-message="none" endpoint="vm://INT0287-SSO-Access-Control/GrantAccess"/>
        <cc:async-mediation id="WriteUpdateWS" routes-to="GetData" handle-downstream-errors="true">
            <cc:steps>
                <cc:eval id="Eval">
                    <cc:expression>props['AuditMessage'] = ''; props['Message'] = ''; props['Employee_ID'] = ''; props['local.error'] = false; props['scramble.password'] = false;</cc:expression>
                    <cc:expression>props['Employee_ID'] = parts[0].xpath('wd:Report_Entry/wd:Worker/wd:Employee_ID')</cc:expression>
                    <cc:expression>props['scramble.password'] = parts[0].xpath('wd:Report_Entry/wd:INT0287_Password_Reset_Flag')</cc:expression>
                </cc:eval>
            </cc:steps>
            <cc:send-error id="SendError" routes-to="CallAudit0"/>
        </cc:async-mediation>
        <cc:workday-out-soap id="UpdateUserBasedSecurity" routes-response-to="CheckUpdates" application="Human_Resources" version="@{props['ws.version']}"/>
        <cc:local-out id="CallScramblePassword" store-message="none" execute-when="props['scramble.password'] == true" endpoint="vm://INT0287-SSO-Access-Control/ScramblePassword"/>
        <cc:async-mediation id="WriteScrambleWS" routes-to="ValidationMode0" handle-downstream-errors="true">
            <cc:steps>
                <cc:eval id="Eval">
                    <cc:expression>props['randomly.generated.password'] = ''; props['local.error'] = false;</cc:expression>
                    <cc:expression>props['randomly.generated.password'] = org.apache.commons.lang3.RandomStringUtils.random(32,&quot;abcdefghijklmnopqrstuvwxyzABCDEFGHIJKLMNOPQRSTUVWXYZ1234567890!@#$%^*()-=_+&quot;) # org.apache.commons.lang3.RandomStringUtils.random(1,&quot;ABCDEFGHIJKLMNOPQRSTUVWXYZ&quot;) # org.apache.commons.lang3.RandomStringUtils.random(1,&quot;abcdefghijklmnopqrstuvwxyz&quot;) # org.apache.commons.lang3.RandomStringUtils.random(1,&quot;0123456789&quot;) # org.apache.commons.lang3.RandomStringUtils.random(1,&quot;!@#$%^*()_+-=&quot;)</cc:expression>
                </cc:eval>
                <cc:write id="Write">
                    <cc:message>
                        <cc:text>&lt;?xml version=&quot;1.0&quot; encoding=&quot;UTF-8&quot;?>&#xD;
&lt;env:Envelope&#xD;
    xmlns:env=&quot;http://schemas.xmlsoap.org/soap/envelope/&quot;&#xD;
    xmlns:xsd=&quot;http://www.w3.org/2001/XMLSchema&quot;>&#xD;
    &lt;env:Body>&#xD;
        &lt;wd:Workday_Account_for_Worker_Update&#xD;
            xmlns:wd=&quot;urn:com.workday/bsvc&quot;&#xD;
            wd:version=&quot;@{props['ws.version']}&quot;>&#xD;
            &lt;wd:Worker_Reference>&#xD;
                &lt;wd:Employee_Reference>&#xD;
                    &lt;wd:Integration_ID_Reference>&#xD;
                        &lt;wd:ID wd:System_ID=&quot;WD-EMPLID&quot;>@{props['Employee_ID']}&lt;/wd:ID>&#xD;
                    &lt;/wd:Integration_ID_Reference>&#xD;
                &lt;/wd:Employee_Reference>&#xD;
            &lt;/wd:Worker_Reference>&#xD;
            &lt;wd:Workday_Account_for_Worker_Data>&#xD;
                &lt;wd:User_Name>@{props['Employee_ID']}&lt;/wd:User_Name>&#xD;
                &lt;wd:Password>@{props['randomly.generated.password']}&lt;/wd:Password>&#xD;
            &lt;/wd:Workday_Account_for_Worker_Data>&#xD;
        &lt;/wd:Workday_Account_for_Worker_Update>&#xD;
    &lt;/env:Body>&#xD;
&lt;/env:Envelope></cc:text>
                    </cc:message>
                </cc:write>
            </cc:steps>
            <cc:send-error id="SendError" routes-to="CallAudit2"/>
        </cc:async-mediation>
        <cc:workday-out-soap id="ScrambleUserPassword" routes-response-to="CheckScramble" application="Human_Resources" version="@{props['ws.version']}"/>
        <cc:async-mediation id="CheckScramble" routes-to="CallAuditSuccess0" handle-downstream-errors="true">
            <cc:steps>
            </cc:steps>
            <cc:send-error id="SendError" routes-to="CallAudit3"/>
        </cc:async-mediation>
        <cc:async-mediation id="CheckUpdates" routes-to="CallAuditSuccess" handle-downstream-errors="true">
            <cc:steps>
            </cc:steps>
            <cc:send-error id="SendError" routes-to="CallAudit1"/>
        </cc:async-mediation>
        <cc:async-mediation id="AuditMessage" routes-to="Aggregator">
            <cc:steps>
                <cc:write id="Write">
                    <cc:message>
                        <cc:text>&lt;AuditEntry>&#xD;
	&lt;Employee_ID>@{props['Employee_ID']}&lt;/Employee_ID>&#xD;
	&lt;Status>@{props['Status']}&lt;/Status>&#xD;
	&lt;Message>@{props['Message']}&lt;/Message>&#xD;
&lt;/AuditEntry></cc:text>
                    </cc:message>
                </cc:write>
                <cc:eval id="Eval">
                    <cc:expression>if (props['Status'] == 'Error') {props['error.occured'] = true; props['local.error'] = true}</cc:expression>
                </cc:eval>
            </cc:steps>
        </cc:async-mediation>
        <cc:aggregator id="Aggregator" routes-to="WriteAuditLog" collate-when="props['batch.audit'] == false" force-batch-when="props['batch.audit'] == true">
            <cc:size-batch-strategy batch-size="-1"/>
            <cc:xml-message-content-collater>
        <cc:header-text>&lt;AuditLog></cc:header-text>
        <cc:footer-text>&lt;/AuditLog></cc:footer-text>
      </cc:xml-message-content-collater>
        </cc:aggregator>
        <cc:async-mediation id="WriteAuditLog" routes-to="AuditLogPIM" handle-downstream-errors="true">
            <cc:steps>
                <cc:xml-to-csv id="XmlToCsv" output="message" line-separator="CRLF" writeHeaderLine="true"/>
                <cc:store id="Store" output="variable" output-variable="AuditLog" createDocumentReference="true" expiresIn="P180D" title="INT0287-Audit-Log.csv"/>
            </cc:steps>
            <cc:send-error id="SendError" routes-to="AuditStoreErr"/>
        </cc:async-mediation>
        <cc:local-out id="AuditLogPIM" endpoint="vm://wcc/PutIntegrationMessage">
            <cc:set name="is.message.severity" value="props['error.occured'] ? 'ERROR' : 'INFO'"/>
            <cc:set name="is.message.summary" value="'Audit Log attached'"/>
        <cc:set name="is.message.storage.enabled" value="false"/><cc:set name="is.document.variable.name" value="'AuditLog'"/><cc:set name="is.document.deliverable" value="'false'"/></cc:local-out>
        <cc:local-in id="BatchAudit" routes-to="Aggregator"/>
        <cc:local-out id="CallAudit0" store-message="none" endpoint="vm://INT0287-SSO-Access-Control/Audit"><cc:set name="Employee_ID" value="props['Employee_ID']"/><cc:set name="Status" value="'Error'"/><cc:set name="Message" value="'Error updating security groups: ' # context.errorMessage # ' User must manually be granted SSO Access.'"/></cc:local-out>
        <cc:local-out id="CallAudit1" store-message="none" endpoint="vm://INT0287-SSO-Access-Control/Audit">
            <cc:set name="Employee_ID" value="props['Employee_ID']"/>
            <cc:set name="Status" value="'Error'"/>
            <cc:set name="Message" value="'Error updating security groups: ' # context.errorMessage # ' Please check that SSO Access was granted.'"/>
        </cc:local-out>
        <cc:local-out id="CallAudit2" store-message="none" endpoint="vm://INT0287-SSO-Access-Control/Audit">
            <cc:set name="Employee_ID" value="props['Employee_ID']"/>
            <cc:set name="Status" value="'Error'"/>
            <cc:set name="Message" value="'Error scrambling password: ' # context.errorMessage # ' User requires manual password scramble.'"/>
        </cc:local-out>
        <cc:local-out id="CallAuditSuccess" store-message="none" execute-when="props['local.error'] == false" routes-response-to="CallScramblePassword" endpoint="vm://INT0287-SSO-Access-Control/Audit">
            <cc:set name="Employee_ID" value="props['Employee_ID']"/>
            <cc:set name="Status" value="'Successful'"/>
            <cc:set name="Message" value="'Updated workers access'"/>
        </cc:local-out>
        <cc:local-out id="CallAudit3" store-message="none" endpoint="vm://INT0287-SSO-Access-Control/Audit">
            <cc:set name="Employee_ID" value="props['Employee_ID']"/>
            <cc:set name="Status" value="'Error'"/>
            <cc:set name="Message" value="'Error scrambling password: ' # context.errorMessage"/>
        </cc:local-out>
        <cc:async-mediation id="ValidationMode" routes-to="UpdateUserBasedSecurity" execute-steps-when="props['lp.validation.mode'] == true" handle-downstream-errors="false">
            <cc:steps>
                <cc:set-headers id="ValidationOn">
                    <cc:remove-headers/>
                    <cc:add-headers>
                        <cc:add-header name="X-Validate-Only" value="1"/>
                    </cc:add-headers>
                </cc:set-headers>
            </cc:steps>
        </cc:async-mediation>
        <cc:async-mediation id="ValidationMode0" routes-to="ScrambleUserPassword" execute-steps-when="props['lp.validation.mode'] == true" handle-downstream-errors="false">
            <cc:steps>
                <cc:set-headers id="ValidationOn">
                    <cc:remove-headers/>
                    <cc:add-headers>
                        <cc:add-header name="X-Validate-Only" value="1"/>
                    </cc:add-headers>
                </cc:set-headers>
            </cc:steps>
        </cc:async-mediation>
        <cc:local-out id="CallAuditSuccess0" store-message="none" execute-when="props['local.error'] == false" endpoint="vm://INT0287-SSO-Access-Control/Audit">
            <cc:set name="Employee_ID" value="props['Employee_ID']"/>
            <cc:set name="Status" value="'Successful'"/>
            <cc:set name="Message" value="'Scrambled workers password'"/>
        </cc:local-out>
        <cc:local-out id="AuditStoreErr" endpoint="vm://wcc/PutIntegrationMessage">
            <cc:set name="is.message.severity" value="'ERROR'"/>
            <cc:set name="is.message.summary" value="'Error storing Audit Log'"/>
        </cc:local-out>
        <cc:sync-mediation id="GetData" routes-to="GetAccessData" routes-response-to="Transformation">
            <cc:request-steps>
                <cc:write id="Get">
                    <cc:message>
                        <cc:text>&lt;?xml version=&quot;1.0&quot; ?>&#xD;
&lt;env:Envelope xmlns:env=&quot;http://schemas.xmlsoap.org/soap/envelope/&quot;>&#xD;
    &lt;env:Body>&#xD;
        &lt;wd:Get_Assign_User-Based_Security_Groups_Request&#xD;
            xmlns:wd=&quot;urn:com.workday/bsvc&quot;&#xD;
            wd:version=&quot;v34.0&quot;>&#xD;
            &lt;wd:Request_References>&#xD;
                &lt;wd:Workday_Account_Reference>&#xD;
                    &lt;wd:ID wd:type=&quot;WorkdayUserName&quot;>@{props['Employee_ID']}&lt;/wd:ID>&#xD;
                &lt;/wd:Workday_Account_Reference>&#xD;
            &lt;/wd:Request_References>&#xD;
            &lt;wd:Response_Filter>&#xD;
                &lt;wd:Page>1&lt;/wd:Page>&#xD;
                &lt;wd:Count>1&lt;/wd:Count>&#xD;
            &lt;/wd:Response_Filter>&#xD;
        &lt;/wd:Get_Assign_User-Based_Security_Groups_Request>&#xD;
    &lt;/env:Body>&#xD;
&lt;/env:Envelope>&#xD;
</cc:text>
                    </cc:message>
                </cc:write></cc:request-steps>
            <cc:response-steps>
                <cc:wrap-soap id="WrapSoap"/>
            </cc:response-steps>
        </cc:sync-mediation>
        <cc:workday-out-soap id="GetAccessData" application="Human_Resources" version="@{props['ws.version']}"/>
        <cc:async-mediation id="Transformation" routes-to="ValidationMode" handle-downstream-errors="true">
            <cc:steps>
                <cc:xslt-plus id="GetToPut" url="GetToPut.xsl"/>
            </cc:steps>
            <cc:send-error id="SendError" routes-to="CallAudit0"/>
        </cc:async-mediation>
	</cc:assembly>

</beans>