<?xml version="1.0" encoding="UTF-8"?>
<wdnm:Diagram xmlns:wdnm="http://workday.com/studio/editors/notation">
  <element href="assembly.xml#WorkdayAssembly"/>
  <visualProperties x="-263" y="215">
    <element href="assembly.xml#StartHere"/>
  </visualProperties>
  <visualProperties>
    <element href="assembly.xml#Update_Success"/>
  </visualProperties>
  <visualProperties>
    <element href="assembly.xml#//@beans/@mixed.1/@mixed.7"/>
  </visualProperties>
  <visualProperties>
    <element href="assembly.xml#Note-Error"/>
  </visualProperties>
  <visualProperties x="371" y="447">
    <element href="assembly.xml#WorkdayOutRest"/>
  </visualProperties>
  <visualProperties x="752" y="447">
    <element href="assembly.xml#Splitter"/>
  </visualProperties>
  <visualProperties>
    <element href="assembly.xml#AsyncMediation"/>
  </visualProperties>
  <visualProperties>
    <element href="assembly.xml#PutIntMsg"/>
  </visualProperties>
  <visualProperties x="824" y="157">
    <element href="assembly.xml#Aggregator"/>
  </visualProperties>
  <visualProperties x="-23" y="492">
    <element href="assembly.xml#SetCollate"/>
  </visualProperties>
  <visualProperties x="1046" y="311">
    <element href="assembly.xml#WorkdayOutSoap"/>
  </visualProperties>
  <visualProperties x="1187" y="154">
    <element href="assembly.xml#ExEEs_List"/>
  </visualProperties>
  <connections type="routesTo" sourceAnchorX="0.9669421487603306" sourceAnchorY="0.43243243243243246" targetAnchorX="0.06060606060606061" targetAnchorY="0.3783783783783784">
    <source href="assembly.xml#//@beans/@mixed.1/@mixed.7"/>
    <target href="assembly.xml#Note-Error"/>
  </connections>
  <connections type="routesTo" sourceAnchorX="0.9038461538461539" sourceAnchorY="1.0" targetAnchorX="0.025974025974025976" targetAnchorY="0.17708333333333334">
    <source href="assembly.xml#//@beans/@mixed.1/@splitter.0/@subRoute.0"/>
    <target href="assembly.xml#AsyncMediation"/>
  </connections>
  <connections type="routesTo" sourceAnchorX="0.31521739130434784" sourceAnchorY="1.0" targetAnchorX="0.5867768595041323" targetAnchorY="0.2972972972972973">
    <source href="assembly.xml#//@beans/@mixed.1/@mixed.11/@mixed.3"/>
    <target href="assembly.xml#PutIntMsg"/>
  </connections>
  <connections type="routesTo" sourceAnchorX="1.0" sourceAnchorY="0.6486486486486487" targetAnchorX="0.058823529411764705" targetAnchorY="0.5135135135135135">
    <source href="assembly.xml#StartHere"/>
    <target href="assembly.xml#WorkdayOutRest"/>
  </connections>
  <connections type="routesTo" sourceAnchorX="0.672566371681416" sourceAnchorY="1.0" targetAnchorX="0.04672897196261682" targetAnchorY="0.21875">
    <source href="assembly.xml#Aggregator"/>
    <target href="assembly.xml#Update_Success"/>
  </connections>
  <connections type="routesResponseTo" sourceAnchorX="0.7764705882352941" sourceAnchorY="1.0" targetAnchorX="0.10062893081761007" targetAnchorY="0.22916666666666666">
    <source href="assembly.xml#WorkdayOutRest"/>
    <target href="assembly.xml#SetCollate"/>
  </connections>
  <connections type="routesTo" sourceAnchorX="1.0" sourceAnchorY="0.2708333333333333" targetAnchorX="0.2222222222222222" targetAnchorY="0.1402439024390244">
    <source href="assembly.xml#SetCollate"/>
    <target href="assembly.xml#Splitter"/>
  </connections>
  <connections type="routesResponseTo">
    <source href="assembly.xml#WorkdayOutSoap"/>
    <target href="assembly.xml#ExEEs_List"/>
  </connections>
  <connections type="routesTo">
    <source href="assembly.xml#ExEEs_List"/>
    <target href="assembly.xml#Aggregator"/>
  </connections>
  <connections type="routesTo" sourceAnchorX="1.0" sourceAnchorY="0.1889763779527559" targetAnchorX="0.09248554913294797" targetAnchorY="0.5135135135135135">
    <source href="assembly.xml#AsyncMediation"/>
    <target href="assembly.xml#WorkdayOutSoap"/>
  </connections>
  <swimlanes x="240" y="437" bgColor="8453888" name="Global Error Handler">
    <elements href="assembly.xml#//@beans/@mixed.1/@mixed.7"/>
    <elements href="assembly.xml#Note-Error"/>
  </swimlanes>
  <swimlanes x="-211" y="74" bgColor="16777088" name="Update Ex-EEs End Date">
    <elements href="assembly.xml#StartHere"/>
    <elements href="assembly.xml#WorkdayOutRest"/>
    <elements href="assembly.xml#SetCollate"/>
    <elements href="assembly.xml#Splitter"/>
    <elements href="#//@swimlanes.2"/>
    <elements href="assembly.xml#WorkdayOutSoap"/>
    <elements href="assembly.xml#ExEEs_List"/>
    <elements href="assembly.xml#Aggregator"/>
    <elements href="assembly.xml#Update_Success"/>
  </swimlanes>
  <swimlanes x="899" y="447" orientation="VERTICAL">
    <elements href="assembly.xml#AsyncMediation"/>
    <elements href="assembly.xml#PutIntMsg"/>
  </swimlanes>
</wdnm:Diagram>
