<?xml version="1.0" encoding="UTF-8"?>
<beans
     xmlns="http://www.springframework.org/schema/beans"
     xmlns:beans="http://www.springframework.org/schema/beans"
     xmlns:atom="http://www.w3.org/2005/Atom"
     xmlns:cc="http://www.capeclear.com/assembly/10"
     xmlns:cloud="urn:com.workday/esb/cloud/10.0"
     xmlns:env="http://schemas.xmlsoap.org/soap/envelope/"
     xmlns:pi="urn:com.workday/picof"
     xmlns:wd="urn:com.workday/bsvc"
     xmlns:xsi="http://www.w3.org/2001/XMLSchema-instance">
 
	<cc:assembly id="WorkdayAssembly" version="2022.37">
        <cc:workday-in id="StartHere" routes-to="AsyncMediation">
            <cc:integration-system name="INT6013_WD_EDS_DisplayLanguage_Outbound">
        <cloud:sequence-generator-service name="seqService1">
          <cloud:sequencer>Seq1</cloud:sequencer>
        </cloud:sequence-generator-service>
        <cloud:report-service name="Report1">
          <cloud:report-alias description="INT6012- DisplayLanguageFullFile-PB" name="DisplayLanguageFullReport"/>
        </cloud:report-service>
      </cc:integration-system>
        </cc:workday-in>
        <cc:async-mediation id="AsyncMediation" routes-to="Retrieve_Input_File_Out">
            <cc:steps>
                <cc:eval id="Eval">
                    <cc:expression>props['inputFileHashMap'] = new java.util.HashMap()</cc:expression>
                    <cc:expression>props['Check_LangCode'] = false</cc:expression>
                    <cc:expression>props['Flag'] = false</cc:expression>
                    <cc:expression>props['sq.fileName'] = lp.getSequencedValue('Seq1')</cc:expression>
                </cc:eval>
            </cc:steps>
        </cc:async-mediation>
        <cc:local-out id="Retrieve_Input_File_Out" store-message="none" routes-response-to="processInputFileOut" endpoint="vm://INT6013_WD_EDS_DisplayLanguage_Outbound/Retrieve_Input_File_In"/>
        <cc:local-out id="StoreNextDayInputFile_Out" store-message="none" routes-response-to="Main_Processing_Out" endpoint="vm://INT6013_WD_EDS_DisplayLanguage_Outbound/StoreNextDayInputFile_In"/>
        <cc:local-in id="StoreNextDayInputFile_In" routes-to="AsyncMediation0"/>
        <cc:async-mediation id="AsyncMediation0" routes-to="WorkdayOutRest" handle-downstream-errors="true">
            <cc:steps>
                <cc:eval id="Eval">
                    <cc:expression>props['collate'] = false</cc:expression>
                </cc:eval>
            </cc:steps>
            <cc:send-error id="SendError" routes-to="PutIntegrationMessage3"/>
        </cc:async-mediation>
        <cc:workday-out-rest id="WorkdayOutRest" routes-response-to="AsyncMediation8" extra-path="@{intsys.reportService.getExtrapath('DisplayLanguageFullReport')}"/>
        <cc:async-mediation id="AsyncMediation1" routes-to="Route0">
            <cc:steps>
                <cc:eval id="Eval">
                    <cc:expression>props['EmpID_Current'] = parts[0].xpath('wd:Report_Entry/wd:Employee_ID')</cc:expression>
                    <cc:expression>props['LangCode_Current'] = parts[0].xpath('wd:Report_Entry/wd:Display_Language')</cc:expression>
                    <cc:expression>props['LangCode_Hashmap'] = props['inputFileHashMap'].get(props['EmpID_Current'])</cc:expression>
                    <cc:expression>props['Check_LangCode']  = (props['LangCode_Hashmap'] == props['LangCode_Current'])</cc:expression>
                    <cc:expression>props['lastMessage'] = util.isLastMessageInBatch()</cc:expression>
                    <cc:expression>props['collate'] = true</cc:expression>
                </cc:eval>
                <cc:log id="Log">
                    <cc:log-message>
                        <cc:text>***Print Variable**&#xD;
EmpID_Current: @{props['EmpID_Current']}&#xD;
LangCode_Current:@{props['LangCode_Current']}&#xD;
LangCode_Hashmap:@{props['LangCode_Hashmap']}&#xD;
Check_LangCode:@{props['Check_LangCode']}&#xD;
Last message: @{props['lastMessage'] }&#xD;
&#xD;
&#xD;
***************&#xD;
</cc:text>
                    </cc:log-message>
                </cc:log>
            </cc:steps>
            <cc:send-error id="SendError" routes-to="PutIntegrationMessage4"/>
        </cc:async-mediation>
        <cc:splitter id="Splitter">
            <cc:sub-route name="SubRoute" routes-to="AsyncMediation1"/>
            <cc:xml-stream-splitter xpath="wd:Report_Data/wd:Report_Entry"/>
        </cc:splitter>
        <cc:local-out id="processInputFileOut" store-message="none" routes-response-to="StoreNextDayInputFile_Out" endpoint="vm://INT6013_WD_EDS_DisplayLanguage_Outbound/processInputFileIn"/>
        <cc:local-in id="Retrieve_Input_File_In" routes-to="GetEventDocuments"/>
        <cc:local-out id="GetEventDocuments" routes-response-to="AsyncMediation2" endpoint="vm://wcc/GetEventDocuments"><cc:set name="ie.event.wid" value="lp.isSet() ? lp.getIntegrationEventWID() : null"/></cc:local-out>
        <cc:async-mediation id="AsyncMediation2" routes-to="Route">
            <cc:steps>
                <cc:validate-exp id="ValidateExp">
                    <cc:expression failure-message="Input File not available">da.size() > 0</cc:expression>
                </cc:validate-exp>
            </cc:steps>
            <cc:send-error id="SendError" routes-to="PutIntegrationMessage"/>
        </cc:async-mediation>
        <cc:route id="Route">
            <cc:doc-iterator/>
            <cc:sub-route name="SubRoute" routes-to="AsyncMediation3"/>
        </cc:route>
        <cc:async-mediation id="AsyncMediation3">
            <cc:steps>
                <cc:validate-exp id="ValidateExp">
                    <cc:expression failure-message="Input File Empty">vars['wd.retrieve.variable'].length > 0	</cc:expression>
                </cc:validate-exp>
                <cc:store id="Store" output="variable" output-variable="inputFile" input="variable" input-variable="wd.retrieve.variable" title="inputFile.xml"/>
            </cc:steps>
            <cc:send-error id="SendError" routes-to="PutIntegrationMessage1"/>
        </cc:async-mediation>
        <cc:async-mediation id="AsyncMediation4">
            <cc:steps>
                <cc:eval id="Eval">
                    <cc:expression>props['EmpID_Prior'] = parts[0].xpath('wd:Report_Entry/wd:Employee_ID')</cc:expression>
                    <cc:expression>props['LangCode_Prior'] = parts[0].xpath('wd:Report_Entry/wd:Display_Language')</cc:expression>
                    <cc:expression>props['inputFileHashMap'].put(props['EmpID_Prior'],props['LangCode_Prior'])</cc:expression>
                </cc:eval>
            </cc:steps>
        </cc:async-mediation>
        <cc:local-out id="PutIntegrationMessage" endpoint="vm://wcc/PutIntegrationMessage"><cc:set name="is.message.severity" value="'ERROR'"/><cc:set name="is.message.summary" value="'error in component:' + context.errorComponentId + 'error:' + context.errorMessage"/></cc:local-out>
        <cc:local-out id="PutIntegrationMessage1" endpoint="vm://wcc/PutIntegrationMessage">
            <cc:set name="is.message.severity" value="'ERROR'"/>
            <cc:set name="is.message.summary" value="'error in component:' + context.errorComponentId + 'error:' + context.errorMessage"/>
        </cc:local-out>
        <cc:splitter id="Splitter0">
            <cc:sub-route name="SubRoute" routes-to="AsyncMediation4"/>
            <cc:xml-stream-splitter xpath="wd:Report_Data/wd:Report_Entry"/>
        </cc:splitter>
        <cc:async-mediation id="AsyncMediation5" routes-to="Splitter0" handle-downstream-errors="true">
            <cc:steps>
                <cc:copy id="Copy" input="variable" input-variable="wd.retrieve.variable"/>
            </cc:steps>
            <cc:send-error id="SendError" routes-to="PutIntegrationMessage2"/>
        </cc:async-mediation>
        <cc:route id="Route0">
            <cc:mvel-strategy>
                <cc:choose-route expression="props['Check_LangCode'] == false" route="Process"/>
                <cc:choose-route expression="true" route="doNotProcess"/>
            </cc:mvel-strategy>
            <cc:sub-route name="Process" routes-to="Aggregator"/>
            <cc:sub-route name="doNotProcess" routes-to="AsyncMediation7"/>
        </cc:route>
        <cc:aggregator id="Aggregator" routes-to="AsyncMediation6" collate-when="props['collate'] == true" force-batch-when="props['lastMessage']== true">
            <cc:size-batch-strategy batch-size="-1"/>
            <cc:message-content-collater>
        <cc:header-text>&lt;File></cc:header-text>
        <cc:footer-text>&lt;/File></cc:footer-text>
      </cc:message-content-collater>
        </cc:aggregator>
        <cc:async-mediation id="AsyncMediation7" routes-to="call-Aggregator">
            <cc:steps>
                <cc:cloud-log id="CloudLog" level="info" message="@{'Display Language not Changed'}" reference-id="props['EmpID_Current']" variable-name="log_notProcessed"/>
                <cc:eval id="Eval">
                    <cc:expression>props['collate'] = false</cc:expression>
                    <cc:expression>props['Flag'] = true</cc:expression>
                </cc:eval>
            </cc:steps>
        </cc:async-mediation>
        <cc:async-mediation id="AsyncMediation6" routes-to="PutIntegrationMessage00">
            <cc:steps>
                <cc:xslt-plus id="XsltPlus" url="XMLtoTXT_Transformation.xsl"/>
                <cc:store id="Store0" output="variable" output-variable="languageChangeDelta" title="workday.eds.dly_worker_ display_language_delta.@{props['sq.fileName']}.csv.pgp"/>
                <cc:cloud-log execute-when="props['Flag'] == false" id="CloudLog" message="@{'All Employees had language change and all are Processed'}" variable-name="log_notProcessed"/>
                <cc:store id="Store" input="variable" input-variable="log_notProcessed" title="EmployeeNotProcessed.html"/>
            </cc:steps>
        </cc:async-mediation>
        <cc:local-in id="processInputFileIn" routes-to="AsyncMediation5"/>
        <cc:local-out id="call-Aggregator" store-message="none" execute-when="props['lastMessage'] == true " endpoint="vm://INT6013_WD_EDS_DisplayLanguage_Outbound/aggregrator-In"/>
        <cc:local-in id="aggregrator-In" routes-to="Aggregator"/>
        <cc:local-out id="Note-Error" endpoint="vm://wcc/PutIntegrationMessage">
            <cc:set name="is.message.severity" value="'CRITICAL'"/>
            <cc:set name="is.message.summary" value="'error in component:' + context.errorComponentId + 'error:' + context.errorMessage"/>
        </cc:local-out>
        <cc:send-error id="global-error-handler" rethrow-error="false" routes-to="Note-Error"/>
        <cc:local-out id="PutIntegrationMessage2" endpoint="vm://wcc/PutIntegrationMessage">
            <cc:set name="is.message.severity" value="'ERROR'"/>
            <cc:set name="is.message.summary" value="'error in component:' + context.errorComponentId + 'error:' + context.errorMessage"/>
        </cc:local-out>
        <cc:local-out id="PutIntegrationMessage3" endpoint="vm://wcc/PutIntegrationMessage">
            <cc:set name="is.message.severity" value="'ERROR'"/>
            <cc:set name="is.message.summary" value="'error in component:' + context.errorComponentId + 'error:' + context.errorMessage"/>
        </cc:local-out>
        <cc:local-out id="PutIntegrationMessage4" endpoint="vm://wcc/PutIntegrationMessage">
            <cc:set name="is.message.severity" value="'ERROR'"/>
            <cc:set name="is.message.summary" value="'error in component:' + context.errorComponentId + 'error:' + Context.errorMessage"/>
        </cc:local-out>
        <cc:async-mediation id="AsyncMediation8" routes-to="PutIntegrationMessage0">
            <cc:steps>
                <cc:copy id="Copy" output="variable" output-variable="ReportOutput"/>
                <cc:store id="Store" output="variable" output-mimetype="text/xml" output-variable="ReportOutputDelivered" input="variable" input-variable="ReportOutput" title="INT6013_DisplayLanguageFullFile.xml"/>
            </cc:steps>
        </cc:async-mediation>
        <cc:local-out id="PutIntegrationMessage0" endpoint="vm://wcc/PutIntegrationMessage"><cc:set name="is.message.severity" value="'INFO'"/><cc:set name="is.message.summary" value="'Next Day Input File'"/><cc:set name="is.document.variable.name" value="'ReportOutputDelivered'"/><cc:set name="is.document.labels" value="'INT6013a'"/><cc:set name="is.document.deliverable" value="'true'"/></cc:local-out>
        <cc:local-in id="Main_Processing_IN" routes-to="AsyncMediation9"/>
        <cc:async-mediation id="AsyncMediation9" routes-to="Splitter">
            <cc:steps>
                <cc:copy id="Copy" input="variable" input-variable="ReportOutput"/>
                <cc:log id="Log">
                    <cc:log-message>
                        <cc:message-content/>
                    </cc:log-message>
                </cc:log>
            </cc:steps>
        </cc:async-mediation>
        <cc:local-out id="Main_Processing_Out" store-message="none" endpoint="vm://INT6013_WD_EDS_DisplayLanguage_Outbound/Main_Processing_IN"/>
        <cc:local-out id="PutIntegrationMessage00" endpoint="vm://wcc/PutIntegrationMessage">
            <cc:set name="is.message.severity" value="'INFO'"/>
            <cc:set name="is.message.summary" value="'Final Delta Output File'"/>
            <cc:set name="is.document.variable.name" value="'languageChangeDelta'"/>
            <cc:set name="is.document.labels" value="'INT6013'"/>
            <cc:set name="is.document.deliverable" value="'true'"/>
        </cc:local-out>
	</cc:assembly>

</beans>