<?xml version="1.0" encoding="UTF-8"?>
<beans
     xmlns="http://www.springframework.org/schema/beans"
     xmlns:beans="http://www.springframework.org/schema/beans"
     xmlns:atom="http://www.w3.org/2005/Atom"
     xmlns:cc="http://www.capeclear.com/assembly/10"
     xmlns:cloud="urn:com.workday/esb/cloud/10.0"
     xmlns:env="http://schemas.xmlsoap.org/soap/envelope/"
     xmlns:pi="urn:com.workday/picof"
     xmlns:wd="urn:com.workday/bsvc"
     xmlns:xsi="http://www.w3.org/2001/XMLSchema-instance">
 
	<cc:assembly audit-log="true" id="WorkdayAssembly" version="2017.35">
        <cc:workday-in id="StartHere" routes-to="getReportURL">
            <cc:integration-system name="Alight INT Process Monitor">
        <cloud:param name="Actual Start Date">
          <cloud:type>
            <cloud:simple-type>datetime</cloud:simple-type>
          </cloud:type>
          <cloud:default>
            <cloud:class-report-field description="Yesterday" type="WID">a4102fd968db43c6831e9d40f6a91045</cloud:class-report-field>
          </cloud:default>
        </cloud:param>
        <cloud:param name="Actual End Date">
          <cloud:type>
            <cloud:simple-type>datetime</cloud:simple-type>
          </cloud:type>
          <cloud:default>
            <cloud:class-report-field description="Current Moment (DateTime)" type="WID">df4effe76deb4222a79001d6737cf91c</cloud:class-report-field>
          </cloud:default>
        </cloud:param>
        <cloud:param name="From Moment">
          <cloud:type>
            <cloud:simple-type>datetime</cloud:simple-type>
          </cloud:type>
          <cloud:default>
            <cloud:class-report-field description="As Of Entry DateTime of Last Completed Integration Event" type="WID">505b87f367e4447680293f806a11b15b</cloud:class-report-field>
          </cloud:default>
        </cloud:param>
        <cloud:param name="To Moment">
          <cloud:type>
            <cloud:simple-type>datetime</cloud:simple-type>
          </cloud:type>
          <cloud:default>
            <cloud:class-report-field description="Current Moment (DateTime)" type="WID">df4effe76deb4222a79001d6737cf91c</cloud:class-report-field>
          </cloud:default>
        </cloud:param>
        <cloud:attribute-map-service name="WD_ProcessMonitor_Attributes">
          <cloud:attribute name="Process Schedule File Name">
            <cloud:type>
              <cloud:simple-type>text</cloud:simple-type>
            </cloud:type>
          </cloud:attribute>
          <cloud:attribute name="Master Tracker File Name">
            <cloud:type>
              <cloud:simple-type>text</cloud:simple-type>
            </cloud:type>
          </cloud:attribute>
          <cloud:attribute name="Email Subject">
            <cloud:type>
              <cloud:simple-type>text</cloud:simple-type>
            </cloud:type>
          </cloud:attribute>
          <cloud:attribute name="Email From ">
            <cloud:type>
              <cloud:simple-type>text</cloud:simple-type>
            </cloud:type>
          </cloud:attribute>
          <cloud:attribute name="Email Host">
            <cloud:type>
              <cloud:simple-type>text</cloud:simple-type>
            </cloud:type>
          </cloud:attribute>
          <cloud:attribute name="Email Port">
            <cloud:type>
              <cloud:simple-type>text</cloud:simple-type>
            </cloud:type>
          </cloud:attribute>
          <cloud:attribute name="Email User">
            <cloud:type>
              <cloud:simple-type>text</cloud:simple-type>
            </cloud:type>
          </cloud:attribute>
          <cloud:attribute name="Email Pass">
            <cloud:type>
              <cloud:simple-type>text</cloud:simple-type>
            </cloud:type>
            <cloud:display-option>display-as-password</cloud:display-option>
          </cloud:attribute>
          <cloud:attribute name="Email Recipients for ISU Accounts Monitor">
            <cloud:type>
              <cloud:simple-type>text</cloud:simple-type>
            </cloud:type>
          </cloud:attribute>
          <cloud:attribute name="ISU Input File name">
            <cloud:type>
              <cloud:simple-type>text</cloud:simple-type>
            </cloud:type>
          </cloud:attribute>
          <cloud:attribute name="Email Subject for ISU Monitor">
            <cloud:type>
              <cloud:simple-type>text</cloud:simple-type>
            </cloud:type>
          </cloud:attribute>
          <cloud:attribute name="Report Threshold In Hours">
            <cloud:type>
              <cloud:simple-type>number</cloud:simple-type>
            </cloud:type>
          </cloud:attribute>
          <cloud:attribute name="Email Subject for Report Monitor">
            <cloud:type>
              <cloud:simple-type>text</cloud:simple-type>
            </cloud:type>
          </cloud:attribute>
          <cloud:attribute name="Email Recipients for Long Running Reports Results">
            <cloud:type>
              <cloud:simple-type>text</cloud:simple-type>
            </cloud:type>
          </cloud:attribute>
        </cloud:attribute-map-service>
        <cloud:retrieval-service name="ScheduledProcess_RuleRerieval"/>
        <cloud:report-service name="Get_Daily_ProcessReport">
          <cloud:report-alias description="Alight WD Daily Report" name="Get_Daily_ProcessReport">
            <cloud:report-reference description="Alight WD Daily Report" type="WID">c49f11b0201d010f35f5d19a9d012900</cloud:report-reference>
          </cloud:report-alias>
          <cloud:report-alias description="Alight WD Schedule Future Process" name="Get_Daily_ProcessShedule">
            <cloud:report-reference description="Alight WD Schedule Future Process" type="WID">c49f11b0201d014fa9760bc35b01220d</cloud:report-reference>
          </cloud:report-alias>
          <cloud:report-alias description="JobMonitor_System Accounts" name="System Account">
            <cloud:report-reference description="JobMonitor_System Accounts" type="WID">46cfe000a0d701f4b727bcde9103b2c6</cloud:report-reference>
          </cloud:report-alias>
          <cloud:report-alias description="Alight Report Monitor" name="Report Monitor">
            <cloud:report-reference description="Alight Report Monitor" type="WID">46cfe000a0d7014a8af74c228303d0c5</cloud:report-reference>
          </cloud:report-alias>
        </cloud:report-service>
      </cc:integration-system>
        </cc:workday-in>
        <cc:async-mediation id="getReportURL" routes-to="callGetProcessReport">
            <cc:steps>
                <cc:eval id="eval">
                    <cc:expression>props['map.threshold.time'] = new java.util.HashMap()</cc:expression>
                    <cc:expression>props['map.business.process'] = new java.util.HashMap()</cc:expression>
                    <cc:expression>props['from.moment']= lp.getDate('From Moment')</cc:expression>
                    <cc:expression>props['to.moment'] = lp.getDate('To Moment')</cc:expression>
                    <cc:expression>props['ISU_file_name'] = intsys.getAttribute('ISU Input File name')</cc:expression>
					<cc:expression>props['p.process.hash.map'] = new java.util.HashMap()</cc:expression>
					<cc:expression>props['p.error.log'] = new java.lang.StringBuilder();</cc:expression>
					<cc:expression>props['p.success.log'] = new java.lang.StringBuilder()</cc:expression>
                    <cc:expression>props['p.rule.hash.map'] = new java.util.HashMap() </cc:expression>
                    <cc:expression>props['lp.start.run.datetime'] = lp.getSimpleData(&quot;Actual Start Date&quot;)</cc:expression>
                    <cc:expression>props['lp.end.run.datetime'] = lp.getSimpleData(&quot;Actual End Date&quot;)</cc:expression>
                    <cc:expression>props['p.result.hash.map'] = new java.util.HashMap()</cc:expression>
                    <cc:expression>props['p.result.process.list.Sucess'] = new java.util.HashMap()</cc:expression>
                    <cc:expression>props['p.Check.id'] = false</cc:expression>
                    <cc:expression>props['p.result.process.list.Fail'] = new java.util.HashMap()</cc:expression>
                    <cc:expression>props['p.result.process.list.Others'] = new java.util.HashMap()</cc:expression>
                    <cc:expression>props['p.result.log'] = new java.lang.StringBuilder()</cc:expression>
                    <cc:expression>props['processed-doc-count'] = 0</cc:expression>
                    <cc:expression>if (da.size() > 0 ) {da.toVar(0, &quot;wd.retrieve.variable&quot;)}</cc:expression>
                    <cc:expression>props['p.time.Check.id'] = false;props['p.Check.id.deliver'] = false</cc:expression>
                    <cc:expression>props['p.schedule.hash.map'] =new java.util.HashMap()</cc:expression>
                    <cc:expression>props['Process Scheduled File'] = intsys.getAttribute('Process Schedule File Name')</cc:expression>
                    <cc:expression>props['Process Rule File'] = intsys.getAttribute('Master Tracker File Name')</cc:expression>
                    <cc:expression>props['p.subjet.email'] = intsys.getAttribute('Email Subject')</cc:expression>
                    <cc:expression>props['p.from.email'] = intsys.getAttribute('Email From')</cc:expression>
                    <cc:expression>props['p.host.email'] = intsys.getAttribute('Email Host')</cc:expression>
                    <cc:expression>props['p.port.email'] = intsys.getAttribute('Email Port')</cc:expression>
                    <cc:expression>props['p.user.email'] = intsys.getAttribute('Email User')</cc:expression>
                    <cc:expression>props['p.pass.email'] = intsys.getAttribute('Email Pass')</cc:expression>
                    <cc:expression>props['p.email.subject.ISU'] = intsys.getAttribute('Email Subject for ISU Monitor')</cc:expression>
                    <cc:expression>props['p.to.email'] = 'mailto:' #intsys.getAttribute('Email Recipients for ISU Accounts Monitor')</cc:expression>
                    <cc:expression>props['Is.Mail.Message']=false</cc:expression>
                    <cc:expression>props['int.event.severity']='INFO'</cc:expression>
				</cc:eval>
                <cc:log id="Log">
                    <cc:log-message>
                        <cc:line-separator/>
                        <cc:text>------------------START: Verify Input Values----------------------------&#xD;
props['Process Rule File'] :@{props['Process Rule File'] }&#xD;
&#xD;
-------EMAIL-------&#xD;
props['p.curr.email'] @{props['p.curr.email']}&#xD;
props['p.subjet.email'] @{props['p.subjet.email']}&#xD;
props['p.from.email'] @{props['p.from.email']}&#xD;
props['p.host.email'] @{props['p.host.email']}&#xD;
props['p.port.email'] @{props['p.port.email']}&#xD;
props['p.user.email'] @{props['p.user.email']}&#xD;
props['p.pass.email'] @{props['p.pass.email']}&#xD;
props['p.to.email'] = @{props['p.to.email']}&#xD;
props['p.email.subject.ISU'] = @{props['p.email.subject.ISU']}&#xD;
props['ISU_file_name'] = @{props['ISU_file_name']}&#xD;
------------------END: Verify Input Values----------------------------</cc:text>
                        <cc:line-separator/>
                    </cc:log-message>
                </cc:log>
            </cc:steps>
        </cc:async-mediation>
        <cc:local-out id="callGetProcessReport" store-message="both" routes-response-to="CallFetchReportOutput" endpoint="vm://Alight_INT_Process_Monitor/GetProcessReport"/>
        <cc:local-in id="GetProcessReport" routes-to="GetEventDocuments"/>
        <cc:route id="mainFileDocIterator">
            <cc:doc-iterator/>
            <cc:sub-route name="SubRoute" routes-to="EvaluateFileRule"/>
        </cc:route>
        <cc:splitter id="splitRaaSResponse" no-split-message-error="true">
            <cc:sub-route name="SubRoute" routes-to="getHashMapValues0"/>
            <cc:xml-stream-splitter xpath="root/row"/>
        </cc:splitter>
        <cc:async-mediation id="EvaluateFileRule" routes-to="Route">
            <cc:steps>
                <cc:eval id="Eval">
                    <cc:expression>props['processed-doc-count'] = props['processed-doc-count'] + 1</cc:expression>
                    <cc:expression>props['fileName'] = vars['wd.retrieve.variable'].fileName</cc:expression>
                </cc:eval>
            
                <cc:csv-to-xml id="CsvToXml" output="message" output-mimetype="text/xml" input="variable" input-variable="wd.retrieve.variable" useFirstLineAsHeader="true"/>
            
                <cc:log id="Log0">
                    <cc:log-message>
                        <cc:line-separator/>
                        <cc:text>&#xD;
------------------START:XML FILE---------------------------&#xD;
Processing FIle Name              : @{props['fileName']}&#xD;
props['processed-doc-count']      : @{props['processed-doc-count']}&#xD;
------------------END:XML FILE---------------------------&#xD;
</cc:text>
                        <cc:line-separator/>
                    </cc:log-message>
                </cc:log>
            </cc:steps>
        </cc:async-mediation>
        <cc:async-mediation id="getHashMapValues0" execute-steps-when="parts[0].xpath(&quot;row/CompletionValidationRequired&quot;) == &quot;Y&quot;">
            <cc:steps>
                <cc:eval id="getValues">
                    <cc:expression>props['p.rule.key.value']=parts[0].xpath(&quot;row/Scheduled-Process&quot;)</cc:expression>
                    <cc:expression>//props['p.rule.hash.map'].put(parts[0].xpath(&quot;row/Scheduled-Process&quot;),parts[0].text)</cc:expression>
                    <cc:expression>props['p.rule.hash.map'].put(props['p.rule.key.value'],parts[0].text) </cc:expression>
				</cc:eval>
                <cc:log id="Log">
                    <cc:log-message>
                        <cc:text>********************START:RULE MAP*****************&#xD;
props['p.rule.key.value']&#xD;
@{props['p.rule.key.value']}&#xD;
**************&#xD;
</cc:text>
                    </cc:log-message>
                </cc:log>
            </cc:steps>
        </cc:async-mediation>
        <cc:local-in id="GetProcessResult" routes-to="WorkdayOutRestDailyReport"/>
        <cc:workday-out-rest id="WorkdayOutRestDailyReport" routes-response-to="AsyncMediation13" extra-path="@{intsys.reportService.getExtrapath('Get_Daily_ProcessReport')}?EntryDateTime_of_last_completed_int_event=@{props['from.moment']}" method="GET"/>
        <cc:async-mediation id="ExtractValuesOutofReport" routes-to="BuildMessage" handle-downstream-errors="true">
            <cc:steps>
                <cc:eval id="Eval">
                    <cc:expression>props['p.moniter.int.name'] =parts[0].xpath('/wd:Report_Entry/wd:INTERFACE_NAME/@wd:Descriptor','wd urn:com.workday.report/JobMoniDailyReport')</cc:expression>
                    <cc:expression>props['p.moniter.int.status']=parts[0].xpath(&quot;/wd:Report_Entry/wd:INTERFACE_STATUS/wd:ID[@wd:type='Background_Process_Instance_Status_ID']&quot;,&quot;wd urn:com.workday.report/JobMoniDailyReport&quot;)</cc:expression>
                    <cc:expression>props['p.moniter.int.id'] = parts[0].xpath(&quot;/wd:Report_Entry/wd:INTERFACE_NAME/wd:ID[@wd:type='Integration_System_ID']&quot;,&quot;wd urn:com.workday.report/JobMoniDailyReport&quot;)</cc:expression>
                    <cc:expression>props['v.moniter.time.Start.Expected']=parts[0].xpath(&quot;/wd:Report_Entry/wd:SCHEDULE_INTERFACE_DATE&quot;,&quot;wd urn:com.workday.report/JobMoniDailyReport&quot;)</cc:expression>
                    <cc:expression>props['v.moniter.time.Start.Actual']=parts[0].xpath(&quot;/wd:Report_Entry/wd:SCHEDULE_INTERFACE_START_DATE&quot;,&quot;wd urn:com.workday.report/JobMoniDailyReport&quot;)</cc:expression>
                    <cc:expression>props['v.moniter.time.difference']= props['v.moniter.time.Start.Expected'] - props['v.moniter.time.Start.Actual']</cc:expression>
                    <cc:expression>props['p.moniter.Int.Process.Time']=parts[0].xpath(&quot;/wd:Report_Entry/wd:SCHEDULE_INTERFACE_PROCESS_TIME&quot;,&quot;wd urn:com.workday.report/JobMoniDailyReport&quot;)</cc:expression>
                    <cc:expression>props['p.moniter.Int.Error.Count']=parts[0].xpath(&quot;/wd:Report_Entry/wd:SCHEDULE_INTERFACE_ERRORS&quot;,&quot;wd urn:com.workday.report/JobMoniDailyReport&quot;)</cc:expression>
                    <cc:expression>props['p.moniter.Int.Warnign.Count']=parts[0].xpath(&quot;/wd:Report_Entry/wd:SCHEDULE_INTERFACE_WARNING&quot;,&quot;wd urn:com.workday.report/JobMoniDailyReport&quot;)</cc:expression>
                    <cc:expression>props['p.moniter.Int.size']=parts[0].xpath(&quot;/wd:Report_Entry/wd:Deliverable_Documents_group/wd:SCHEDULE_INTERFACE_OUT_SIZE&quot;,&quot;wd urn:com.workday.report/JobMoniDailyReport&quot;)</cc:expression>
                    <cc:expression>props['p.Check.id.deliver']=parts[0].xpathB(&quot;/wd:Report_Entry/wd:Deliverable_Documents/wd:SCHEDULE_INTERFACE_OUT_SIZE&quot;,&quot;wd urn:com.workday.report/JobMoniDailyReport&quot;)</cc:expression>
                </cc:eval>
                <cc:log id="Log">
                    <cc:log-message>
                        <cc:line-separator/>
                        <cc:text>--------------------- Daily Report result values -----------------------&#xD;
props['p.moniter.int.name']             = @{props['p.moniter.int.name']}&#xD;
props['p.moniter.int.id']               = @{props['p.moniter.int.id']}&#xD;
props['p.moniter.int.status']           = @{props['p.moniter.int.status']}&#xD;
props['v.moniter.time.Start.Actual']    = @{props['v.moniter.time.Start.Actual']}&#xD;
props['v.moniter.time.Start.Expected']  = @{props['v.moniter.time.Start.Expected']}&#xD;
props['v.moniter.time.difference']      = @{props['v.moniter.time.difference']}&#xD;
props['p.moniter.Int.Process.Time']     = @{props['p.moniter.Int.Process.Time']}&#xD;
props['p.moniter.Int.Error.Count']      = @{props['p.moniter.Int.Error.Count']}&#xD;
props['p.moniter.Int.Warnign.Count']    = @{props['p.moniter.Int.Warnign.Count']}&#xD;
props['p.moniter.Int.size']             = @{props['p.moniter.Int.size']}&#xD;
props['p.process.hash.map']             = @{props['p.process.hash.map']}&#xD;
Integration Name from Process hashmap   = @{props['p.process.hash.map'].get(props['p.moniter.int.name'])}&#xD;
Integration Name from Rule Hashmap      = @{props['p.rule.hash.map'].get(props['p.moniter.int.name'])}&#xD;
Hash rule                               = @{props['p.rule.hash.map']}&#xD;
</cc:text>
                        <cc:line-separator/>
                    </cc:log-message>
                </cc:log>
                <cc:validate-exp id="ValidateExp">
                    <cc:expression failure-message="Client_Integration_Tracker_Schedule dont have the @{props['p.moniter.int.name']}Integration">props['p.process.hash.map'].containsKey(props['p.moniter.int.name'])</cc:expression>
                    <cc:expression failure-message="Client_Integration_Tracker_UpdatedRule dont have the @{props['p.moniter.int.name']}Integration">props['p.rule.hash.map'].containsKey(props['p.moniter.int.name'])</cc:expression>
                </cc:validate-exp>
                <cc:eval id="Eval0">
                    <cc:expression>vars['p.schedule.int.node'] = props['p.process.hash.map'].get(props['p.moniter.int.name'])</cc:expression>
                    <cc:expression>vars['p.rule.int.node'] = props['p.rule.hash.map'].get(props['p.moniter.int.name'])</cc:expression>
                </cc:eval>
            </cc:steps>
            <cc:send-error id="SendError" routes-to="PutErrorNullpointer"/>
        </cc:async-mediation>
        <cc:local-out id="GetEventDocuments" routes-response-to="AsyncMediation15" endpoint="vm://wcc/GetEventDocuments"><cc:set name="ie.event.wid" value="lp.isSet() ? lp.getIntegrationEventWID() : null"/></cc:local-out>
        <cc:async-mediation id="BuildMessage" routes-to="Message" handle-downstream-errors="true">
            <cc:steps>
                <cc:eval id="Eval">
                    <cc:expression>props['p.log'] = new java.lang.StringBuilder()</cc:expression>
                </cc:eval>
                <cc:eval id="Eval0">
                    <cc:expression>props['p.schedule.int.name'] = vars['p.schedule.int.node'].xpath(&quot;row/Scheduled-Process&quot;) </cc:expression>
                    <cc:expression>props['p.rule.int.name'] = vars['p.rule.int.node'].xpath(&quot;row/Scheduled-Process&quot;)</cc:expression>
                    <cc:expression>props['p.schedule.int.Run.Frequency'] = vars['p.schedule.int.node'].xpath(&quot;row/Run-Frequency&quot;)</cc:expression>
                    <cc:expression>props['p.schedule.int.next.Schedule'] = vars['p.schedule.int.node'].xpath(&quot;row/Next-Scheduled-Date-Time&quot;)</cc:expression>
                    <cc:expression>props['p.rule.int.name'] = vars['p.rule.int.node'].xpath(&quot;row/Scheduled-Process&quot;)</cc:expression>
                    <cc:expression>props['p.rule.int.expect.time.min'] = vars['p.rule.int.node'].xpath(&quot;row/MinimumRunTime&quot;)</cc:expression>
                    <cc:expression>props['p.rule.int.expect.time.max'] = vars['p.rule.int.node'].xpath(&quot;row/ThresholdCompletionTime&quot;)</cc:expression>
                    <cc:expression>props['p.rule.int.expect.error.min'] = vars['p.rule.int.node'].xpath(&quot;row/MnimumThresholdErrorCount&quot;)</cc:expression>
                    <cc:expression>props['p.rule.int.expect.error.max'] = vars['p.rule.int.node'].xpath(&quot;row/ThresholdErrorCount&quot;)</cc:expression>
                    <cc:expression>props['p.rule.int.expect.warning.max'] = vars['p.rule.int.node'].xpath(&quot;row/ThresholdWarningCount&quot;)</cc:expression>
                    <cc:expression>props['p.rule.int.expect.warning.min'] = vars['p.rule.int.node'].xpath(&quot;row/MinimumThresholdWarningCount&quot;)</cc:expression>
                    <cc:expression>props['p.rule.int.expect.filesize.max'] = vars['p.rule.int.node'].xpath(&quot;row/MaximumFileSize&quot;)</cc:expression>
                    <cc:expression>props['p.rule.int.expect.filesize.min'] = vars['p.rule.int.node'].xpath(&quot;row/MinimumFileSize&quot;)</cc:expression>
                    <cc:expression>props['p.rule.int.email'] = vars['p.rule.int.node'].xpath(&quot;row/Email&quot;)</cc:expression>
                </cc:eval>
                <cc:log id="Log">
                    <cc:log-message>
                        <cc:line-separator/>
                        <cc:text>---------START:Schedule Evaluation---------&#xD;
schedule node :&#xD;
@{props['p.schedule.int.Run.Frequency']}&#xD;
@{props['p.schedule.int.next.Schedule']} &#xD;
@{props['p.rule.int.name']}&#xD;
@{props['p.rule.int.expect.time.min']}&#xD;
@{props['p.rule.int.expect.time.max']}&#xD;
@{props['p.rule.int.expect.error.min']}&#xD;
@{props['p.rule.int.expect.error.max']}&#xD;
@{props['p.rule.int.expect.warning.max']}&#xD;
@{props['p.rule.int.expect.warning.min']}&#xD;
@{props['p.rule.int.expect.filesize.min']}&#xD;
@{props['p.rule.int.expect.filesize.max']}&#xD;
props['p.moniter.Int.size'] :@{props['p.moniter.Int.size']}&#xD;
props['p.Check.id.deliver'] :@{props['p.Check.id.deliver']}&#xD;
props['p.rule.int.expect.filesize.min']==@{props['p.rule.int.expect.filesize.min']}&#xD;
props['p.rule.int.expect.filesize.max']==@{props['p.rule.int.expect.filesize.max']}&#xD;
&#xD;
-----------Schdedule EVent--------------------&#xD;
props['p.schedule.int.name'] = @{props['p.schedule.int.name']}&#xD;
props['p.schedule.int.next.Schedule'] = @{props['p.schedule.int.next.Schedule']}&#xD;
props['p.schedule.int.Run.Frequency']  = @{props['p.schedule.int.Run.Frequency'] }&#xD;
_______________END___________________________________________________&#xD;
</cc:text>
                        <cc:line-separator/>
                    </cc:log-message>
                </cc:log>
                <cc:eval id="Eval2">
                    <cc:expression>if (props['p.moniter.int.status'] != 'Completed')&#xD;
{props['p.Check.id']= true}	</cc:expression>
                </cc:eval>
                <cc:eval id="Eval1">
                    <cc:expression>if ((props['p.rule.int.expect.time.max']!=null &amp;&amp; props['p.rule.int.expect.time.min']!=null) &amp;&amp; (props['p.Check.id']==true) &amp;&amp; ((props['p.moniter.Int.Process.Time'] > props['p.rule.int.expect.time.max']) || (props['p.moniter.Int.Process.Time'] &lt; props['p.rule.int.expect.time.min']))){props['p.log'].append('\nCrossed Time Threshold Limits \n\tExpected Max Time(sec): '+props['p.rule.int.expect.time.max']+'\n\tExpected Min Time(sec): '+props['p.rule.int.expect.time.min']+'\n\tProcessing time (sec): '+props['p.moniter.Int.Process.Time']) ; props['p.time.Check.id.max'] = true}</cc:expression>
                    <cc:expression>if ((props['p.rule.int.expect.error.max']!=null &amp;&amp; props['p.rule.int.expect.error.min']!=null) &amp;&amp; (props['p.Check.id']==true) &amp;&amp; ((props['p.moniter.Int.Error.Count'] > props['p.rule.int.expect.error.max']) ||(props['p.moniter.Int.Error.Count'] &lt;props['p.rule.int.expect.error.min']) )) {props['p.log'].append('\nCrossed Error Limits\n\tExpected Max Errors: '+props['p.rule.int.expect.error.max']+'\n\tExpected Min Errors: '+props['p.rule.int.expect.error.min']+'\n\tProcessed Error Counts: '+props['p.moniter.Int.Error.Count']); props['p.error.Check.id'] = true}&#xD;
</cc:expression>
                    <cc:expression>if ((props['p.rule.int.expect.warning.max']!=null &amp;&amp; props['p.rule.int.expect.warning.min']!=null)   &amp;&amp; (props['p.Check.id']==true) &amp;&amp; ((props['p.moniter.Int.Warnign.Count'] > props['p.rule.int.expect.warning.max']) ||(props['p.moniter.Int.Warnign.Count'] &lt; props['p.rule.int.expect.warning.min'])  )){props['p.log'].append('\nHave crossed Warning Limit time\n\tExpected Max Warnings: '+props['p.rule.int.expect.warning.max']+'\n\tExpected Min Warnings: '+props['p.rule.int.expect.warning.min']+'\n\tProcessed Warning Counts: '+props['p.moniter.Int.Warnign.Count']) ; props['p.warning.Check.id'] = true}&#xD;
</cc:expression>
                    <cc:expression>//props['p.moniter.Int.file.size']= props['p.moniter.Int.size'].toString().charAt(0)</cc:expression>
                    <cc:expression>//if(props['p.moniter.Int.file.size'] == 0){props['p.Check.id.deliver']= false}</cc:expression>
                    <cc:expression>if ((props['p.rule.int.expect.filesize.min']!=null &amp;&amp; props['p.rule.int.expect.filesize.max']!=null)&amp;&amp;(props['p.Check.id.deliver'] == true)&#xD;
&amp;&amp; ((props['p.rule.int.expect.filesize.min'] &lt; props['p.moniter.Int.size']) || (props['p.rule.int.expect.filesize.max'] > props['p.moniter.Int.size']))) {props['p.log'].append('\nDeliverable file Size Error Limts \n\tMininumum File Siz: '+props['p.rule.int.expect.filesize.min']+'\n\tMaximum File Siz: '+props['p.rule.int.expect.filesize.max']+'\n\tProcessed File Size: '+ props['p.moniter.Int.size']) ; props['p.size.Check.id.min'] = true}</cc:expression>
                    <cc:expression>props['p.log'].append('\n')</cc:expression>
                </cc:eval>
            </cc:steps>
        </cc:async-mediation>
        <cc:async-mediation id="AuditLogStore" routes-to="AttachauditFile">
            <cc:steps>
                <cc:xml-to-csv id="XmlToCsv" output="message" output-mimetype="text/csv" format="simple" separator="  " writeHeaderLine="false"/>
                <cc:store id="Audit_Store" output="variable" output-mimetype="text/csv" output-variable="audit.txt" input="message" collection="Processed Data" createDocumentReference="true" expiresIn="P180D" summary="Processed Data-Failure" title="Workday_Integrations_Audit.txt"/>
            </cc:steps>
        </cc:async-mediation>
        <cc:local-in id="WriteAuditRow" routes-to="TranformErrorMessage">
            
            
            
        </cc:local-in>
        <cc:local-out id="AttachauditFile" endpoint="vm://wcc/PutIntegrationMessage">
            <cc:set name="is.message.severity" value="'INFO'"/><cc:set name="is.document.file.name" value="'audit.xls.output'"/>
            
            
            
        <cc:set name="is.document.deliverable" value="'true'"/><cc:set name="is.message.summary" value="'Audit Log is attached.'"/></cc:local-out>
        <cc:aggregator id="AuditLogAggregator" routes-to="AuditLogStore" collate-when="props['process.batch'] == false" force-batch-on-last-message="false" force-batch-when="props['process.batch'] == true">
            <cc:size-batch-strategy batch-size="-1"/>
            <cc:xml-message-content-collater>
        <cc:header-text>&lt;Audit></cc:header-text>
        <cc:footer-text>&lt;/Audit></cc:footer-text>
      </cc:xml-message-content-collater>
        </cc:aggregator>
        <cc:async-mediation id="TranformErrorMessage" routes-to="AuditLogAggregator" handle-downstream-errors="true">
            <cc:steps>
                <cc:write id="Write">
                    <cc:message>
                        <cc:text>&lt;Audit>&#xD;
	&lt;IntegrationName>@{props['p.moniter.int.name']}&lt;/IntegrationName>&#xD;
		&lt;Status>@{props['p.moniter.int.status']}&lt;/Status>&#xD;
	&lt;Message>@{props['p.log']}&lt;/Message>	&#xD;
&lt;/Audit></cc:text>
                    </cc:message>
                </cc:write>
            </cc:steps>
        </cc:async-mediation>
        <cc:local-out id="CallAudit" store-message="none" endpoint="vm://Alight_INT_Process_Monitor/WriteAuditRow"><cc:set name="integration.message"/><cc:set name="status"/><cc:set name="process.batch" value="false"/></cc:local-out>
        <cc:async-mediation id="AsyncMediation" routes-to="splitRaaSResponse" handle-downstream-errors="true">
            <cc:steps>
                <cc:log id="Log">
                    <cc:log-message>
                        <cc:text>------------START:Rule XML FILE---------------</cc:text>
                        <cc:text>---------- END:Rule Xmal File-------------</cc:text>
                    </cc:log-message>
                </cc:log>
            </cc:steps>
            <cc:send-error id="SendError" routes-to="PIM-LoadRuleFileErrors"/>
        </cc:async-mediation>
        <cc:async-mediation id="AsyncMediation8" routes-to="splitRaaSResponseScheduled" handle-downstream-errors="true">
            <cc:steps>
                <cc:log id="Log">
                    <cc:log-message>
                        <cc:line-separator/>
                        <cc:text>******************START : Schedule*********************</cc:text>
                        <cc:line-separator/>
                        <cc:text>***********END : Schedule***********</cc:text>
                        <cc:line-separator/>
                    </cc:log-message>
                </cc:log>
            </cc:steps>
            <cc:send-error id="SendError" routes-to="PIM-CaptureScheErrors"/>
        </cc:async-mediation>
        <cc:splitter id="splitRaaSResponseScheduled" no-split-message-error="true">
            <cc:sub-route name="SubRoute" routes-to="getHashMapValuesSchedule"/>
            <cc:xml-stream-splitter xpath="root/row"/>
        </cc:splitter>
        <cc:async-mediation id="getHashMapValuesSchedule">
            <cc:steps>
                <cc:eval id="getValues">
                    <cc:expression>props['p.process.hash.map'].put(parts[0].xpath(&quot;row/Process&quot;),parts[0].text)</cc:expression>
				</cc:eval>
            </cc:steps>
        </cc:async-mediation>
        <cc:local-out id="Call-GetRuleFile" store-message="none" endpoint="vm://Alight_INT_Process_Monitor/GetRulefile"/>
        <cc:local-in id="GetRulefile" routes-to="AsyncMediation"/>
        <cc:local-in id="GetScheduleList" routes-to="AsyncMediation8"/>
        <cc:local-in id="StartBatch" routes-to="SetBatchFlag"/>
        <cc:local-out id="CallStartBatch" store-message="none" routes-response-to="Call-CollateAndSendMail" endpoint="vm://Alight_INT_Process_Monitor/StartBatch"><cc:set name="process.batch" value="true"/></cc:local-out>
        <cc:route id="Route">
            <cc:mvel-strategy>
                <cc:choose-route expression="props['fileName'] == props['ISU_file_name']" route="Webservice"/>
                <cc:choose-route expression="props['fileName'] == props['Process Scheduled File']" route="Alternate"/>
                <cc:choose-route expression="props['fileName'] == props['Process Rule File']" route="SubRoute"/>
            </cc:mvel-strategy>
            <cc:sub-route name="SubRoute" routes-to="Call-GetRuleFile"/>
            <cc:sub-route name="Alternate" routes-to="Call-GetScheduleList"/>
            <cc:sub-route name="Webservice" routes-to="Call-RetrieveWebServiceMap"/>
        </cc:route>
        <cc:local-out id="Call-GetScheduleList" store-message="none" endpoint="vm://Alight_INT_Process_Monitor/GetScheduleList"/>
        <cc:local-out id="callGetProcessResult" store-message="both" routes-response-to="CallStartBatch" endpoint="vm://Alight_INT_Process_Monitor/GetProcessResult"/>
        <cc:local-out id="PutErrorNullpointer" endpoint="vm://wcc/PutIntegrationMessage"><cc:set name="is.message.severity" value="'INFO'"/><cc:set name="is.message.summary" value="'Error in input file'+ context.getErrorMessage()"/><cc:set name="is.message.storage.enabled" value="false"/></cc:local-out>
        <cc:async-mediation id="SetBatchFlag" routes-to="AuditLogAggregator">
            <cc:steps>
                <cc:eval id="Eval">
                    <cc:expression>props['process.batch'] == true</cc:expression>
                </cc:eval>
            </cc:steps>
        </cc:async-mediation>
        <cc:async-mediation id="Message" routes-to="Mail_Audit">
            <cc:steps>
                <cc:eval id="Eval">
                    <cc:expression>if(props['p.time.Check.id.max'] == true || props['p.error.Check.id']== true ||props['p.warning.Check.id'] == true||props['p.size.Check.id.min'] == true){props['Is.Mail.Message']=true}</cc:expression>
                </cc:eval>
                <cc:log id="Log">
                    <cc:log-message>
                        <cc:line-separator/>
                        <cc:text>******&#xD;
props['p.Check.id']==@{props['p.Check.id']}&#xD;
props['p.time.Check.id.max']==@{props['p.time.Check.id.max']}&#xD;
props['p.error.Check.id']==@{props['p.error.Check.id']}&#xD;
props['p.warning.Check.id']==@{props['p.warning.Check.id']}&#xD;
props['p.size.Check.id.min']==@{props['p.size.Check.id.min']}&#xD;
&#xD;
props['p.log']==@{props['p.log']}&#xD;
props['Is.Mail.Message']==@{props['Is.Mail.Message']}&#xD;
******</cc:text>
                        <cc:line-separator/>
                    </cc:log-message>
                </cc:log>
            </cc:steps>
        </cc:async-mediation>
        <cc:route id="Mail_Audit">
            <cc:all-strategy/>
            <cc:sub-route name="Email" routes-to="Call-SendMail"/>
            <cc:sub-route name="Audit" routes-to="CallAudit"/>
        </cc:route>
        <cc:async-mediation id="CreateMailXml" routes-to="MailAggregrator">
            <cc:steps>
                <cc:write id="Write">
                    <cc:message>
                        <cc:text>&lt;Integration email='@{props['p.rule.int.email']}'>&#xD;
	&lt;IntegrationName>@{props['p.moniter.int.name']}&lt;/IntegrationName>&#xD;
		&lt;Status>@{props['p.moniter.int.status']}&lt;/Status>&#xD;
	&lt;Message>@{props['p.log']}&lt;/Message>&#xD;
&lt;/Integration></cc:text>
                    </cc:message>
                </cc:write>
            </cc:steps>
        </cc:async-mediation>
        <cc:aggregator id="MailAggregrator" routes-to="PrcsMailXml" force-batch-on-last-message="false" force-batch-when="props['process.email.batch'] == true">
            <cc:size-batch-strategy batch-size="-1"/>
            <cc:xml-message-content-collater>
        <cc:header-text>&lt;Root></cc:header-text>
        <cc:footer-text>&lt;/Root></cc:footer-text>
      </cc:xml-message-content-collater>
        </cc:aggregator>
        <cc:local-out id="Call-SendMail" store-message="none" execute-when="props['Is.Mail.Message']==true" endpoint="vm://Alight_INT_Process_Monitor/SendMail"/>
        <cc:local-in id="SendMail" routes-to="CreateMailXml"/>
        <cc:async-mediation id="PrcsMailXml" routes-to="EmailSplit" handle-downstream-errors="true">
            <cc:steps>
                <cc:xslt-plus id="XsltPlus" url="MailTransform.xsl"/>
                <cc:log id="Log">
                    <cc:log-message>
                        <cc:text>#######props['Is.Mail.Message']==@{props['Is.Mail.Message']}#########</cc:text>
                    </cc:log-message>
                </cc:log>
            </cc:steps>
            <cc:send-error id="SendError" routes-to="CallSubRoutine7"/>
        </cc:async-mediation>
        <cc:local-out id="Call-CollateAndSendMail" store-message="none" routes-response-to="CallLongRunningReportProcess" endpoint="vm://Alight_INT_Process_Monitor/CollateAndSendMail"/>
        <cc:local-in id="CollateAndSendMail" routes-to="SetFlag"/>
        <cc:async-mediation id="SetFlag" routes-to="MailAggregrator">
            <cc:steps>
                <cc:eval id="Flag">
                    <cc:expression>props['process.email.batch'] = true</cc:expression>
                </cc:eval>
            </cc:steps>
        </cc:async-mediation>
        <cc:email-out id="EmailOut" execute-when="props['Is.Mail.Message']==true" endpoint="@{props['p.curr.email']}" from="@{props['p.from.email']}" host="@{props['p.host.email']}" password="@{props['p.pass.email']}" port="@{props['p.port.email']}" starttls="'True'" subject="@{props['p.subjet.email']}" timeout="10000 " user="@{props['p.user.email']}">
            <cc:custom-headers/>
        </cc:email-out>
        <cc:splitter id="EmailSplit">
            <cc:sub-route name="SubRoute" routes-to="FormatEmail"/>
            <cc:xml-stream-splitter xpath="/Emails/EmailID"/>
        </cc:splitter>
        <cc:async-mediation id="FormatEmail" routes-to="EmailOut">
            <cc:steps>
                <cc:eval id="Eval">
                    <cc:expression>props['p.curr.email'] = 'mailto:' # parts[0].xpath('/EmailID/@ID')</cc:expression>
                </cc:eval>
                <cc:log id="Log">
                    <cc:log-message>
                        <cc:text>-- checking web service variable --&#xD;
@{props['webservice.output']}&#xD;
-- webservice variable  value --&#xD;
@{vars['webservice.output']}&#xD;
#################&#xD;
props['Is.Mail.Message']==@{props['Is.Mail.Message']}&#xD;
</cc:text>
                    </cc:log-message>
                </cc:log>
                <cc:xslt-plus id=" XsltPlus" url="TransformSingleEmail.xsl"/>
            </cc:steps>
            <cc:send-error id="SendError" routes-to="PutIntegrationMessage7"/>
        </cc:async-mediation>
        <cc:send-error id="global-error-handler" rethrow-error="false" routes-to="Note-Error"/>
        <cc:local-out id="Note-Error" endpoint="vm://wcc/PutIntegrationMessage">
            <cc:set name="is.message.severity" value="'INFO'"/>
            <cc:set name="is.message.summary" value="'Global Error : ' + context.errorMessage"/>
        </cc:local-out>
        <cc:local-out id="Call-RetrieveWebServiceMap" store-message="none" endpoint="vm://Alight_INT_Process_Monitor/RetrieveWebServiceMap"/>
        <cc:async-mediation id="SaveISUDetails" handle-downstream-errors="true">
            <cc:steps>
                <cc:eval id="Eval">
                    <cc:expression>props['isu']= parts[0].xpath('/row/ISU')</cc:expression>
                    <cc:expression>props['threshold']= parts[0].xpath('/row/Threshold_Time')</cc:expression>
                    <cc:expression>props['web.service']= parts[0].xpath('/row/Web_Service')</cc:expression>
                    <cc:expression>props['map.threshold.time'].put(props['isu'], props['threshold'])</cc:expression>
                    <cc:expression>props['map.business.process'].put(props['isu'], props['web.service'])</cc:expression>
                </cc:eval>
                <cc:log id="Log">
                    <cc:log-message>
                        <cc:line-separator/>
                        <cc:text>---- web service mapping file ----&#xD;
ISU               = @{props['isu']}&#xD;
Thresold Value    = @{props['threshold']}&#xD;
Web Service       = @{props['web.service']}&#xD;
</cc:text>
                        <cc:line-separator/>
                    </cc:log-message>
                </cc:log>
            </cc:steps>
        </cc:async-mediation>
        <cc:splitter id="Splitter0" no-split-message-error="true">
            <cc:sub-route name="SubRoute" routes-to="SaveISUDetails"/>
            <cc:xpath-splitter xpath="root/row"/>
        </cc:splitter>
        <cc:local-in id="RetrieveWebServiceMap" routes-to="Error-Handler"/>
        <cc:async-mediation id="FetchSAValues" routes-to="CallEvaluateThresholdTime" handle-downstream-errors="true">
            <cc:steps>
                <cc:eval id="Eval">
                    <cc:expression>props['active.session']= parts[0].xpath('wd:Report_Entry/wd:Active_Session',&quot;wd urn:com.workday.report/JobMonitor_System_Accounts1&quot;)</cc:expression>
                    <cc:expression>props['signon.difference']= parts[0].xpath('wd:Report_Entry/wd:Sign_on_and_Sign_Off_Difference',&quot;wd urn:com.workday.report/JobMonitor_System_Accounts1&quot;)</cc:expression>
                    <cc:expression>props['current.time.difference']= parts[0].xpath('wd:Report_Entry/wd:Sign_on_and_Current_Time_Difference',&quot;wd urn:com.workday.report/JobMonitor_System_Accounts1&quot;)</cc:expression>
                    <cc:expression>props['signoff.time']= parts[0].xpath('wd:Report_Entry/wd:Signoff_Time',&quot;wd urn:com.workday.report/JobMonitor_System_Accounts1&quot;)</cc:expression>
                    <cc:expression>props['signon.time']= parts[0].xpath('wd:Report_Entry/wd:Sign-on_Time',&quot;wd urn:com.workday.report/JobMonitor_System_Accounts1&quot;)</cc:expression>
                    <cc:expression>props['sa.username']= parts[0].xpath('wd:Report_Entry/wd:System_Account_group/wd:Username',&quot;wd urn:com.workday.report/JobMonitor_System_Accounts1&quot;)</cc:expression>
                </cc:eval>
                <cc:log id="Log">
                    <cc:log-message>
                        <cc:line-separator/>
                        <cc:text>-- JobMonitor_System Accounts Report Output Data --&#xD;
props['active.session']             = @{props['active.session']}&#xD;
props['signon.difference']          = @{props['signon.difference']}&#xD;
props['current.time.difference']    = @{props['current.time.difference']}&#xD;
props['signoff.time']               = @{props['signoff.time']}&#xD;
props['signon.time']                = @{props['signon.time']}&#xD;
props['sa.username']                = @{props['sa.username']}&#xD;
</cc:text>
                        <cc:line-separator/>
                    </cc:log-message>
                </cc:log>
            </cc:steps>
            <cc:send-error id="SendError" routes-to="PutIntegrationMessage1"/>
        </cc:async-mediation>
        <cc:splitter id="Splitter1" no-split-message-error="true">
            <cc:sub-route name="SubRoute" routes-to="FetchSAValues"/>
            <cc:xpath-splitter namespaces="wd urn:com.workday.report/JobMonitor_System_Accounts1" xpath="/wd:Report_Data/wd:Report_Entry"/>
        </cc:splitter>
        <cc:async-mediation id="SA_LogAndErrorHandle" routes-to="Splitter1" continue-after-error="rewind" handle-downstream-errors="true">
            <cc:steps>
                <cc:copy id="Copy" output="variable" output-variable="report.output"/>
                <cc:eval id="Eval">
                    <cc:expression>props['active.session']=empty</cc:expression>
                    <cc:expression>props['signon.difference']=empty</cc:expression>
                    <cc:expression>props['current.time.difference']=empty</cc:expression>
                    <cc:expression>props['signoff.time']=empty; props['signon.time']=empty</cc:expression>
                    <cc:expression>props['sa.username']=empty</cc:expression>
                </cc:eval>
            </cc:steps>
            <cc:send-error id="SendError" routes-to="PutIntegrationMessage0"/>
        </cc:async-mediation>
        <cc:workday-out-rest id="WorkdayOutRest" routes-response-to="SA_LogAndErrorHandle" extra-path="@{intsys.reportService.getExtrapath('System Account')}?From_Moment=@{props['from.moment']}&amp;To_Moment=@{props['to.moment']}" method="GET"/>
        <cc:local-out id="PutIntegrationMessage0" endpoint="vm://wcc/PutIntegrationMessage">
            <cc:set name="is.message.severity" value="'WARNING'"/>
            <cc:set name="is.message.summary" value="'Error found in calling webservice report' + context.errorMessage"/>
            <cc:set name="is.message.storage.enabled" value="false"/>
        </cc:local-out>
        <cc:async-mediation id="FetchError" routes-to="WorkdayOutRest" handle-downstream-errors="true">
            <cc:steps>
                <cc:log id="Log">
                    <cc:log-message>
                        <cc:line-separator/>
                        <cc:text>Before calling report&#xD;
@{intsys.reportService.getExtrapath('System Account')}?To_Moment=@{props['to.moment']}&amp;From_Moment=@{props['from.moment']}</cc:text>
                        <cc:line-separator/>
                    </cc:log-message>
                </cc:log>
            </cc:steps>
            <cc:send-error id="SendError" routes-to="PutIntegrationMessage0"/>
        </cc:async-mediation>
        <cc:local-in id="FetchReportOutput" routes-to="FetchError"/>
        <cc:local-out id="CallFetchReportOutput" store-message="none" routes-response-to="CallAggregate" endpoint="vm://Alight_INT_Process_Monitor/FetchReportOutput"/>
        <cc:local-out id="PutIntegrationMessage1" endpoint="vm://wcc/PutIntegrationMessage"><cc:set name="is.message.severity" value="'WARNING'"/><cc:set name="is.message.summary" value="'Error found after calling webservice report and assigning values to variables' + context.errorMessage"/><cc:set name="is.message.storage.enabled" value="false"/></cc:local-out>
        <cc:async-mediation id="DoNothing">
            <cc:steps>
                <cc:log id="Log">
                    <cc:log-message>
                        <cc:text>-- Evaluate Threshold option 3 --&#xD;
DoNothing&#xD;
</cc:text>
                    </cc:log-message>
                </cc:log>
            </cc:steps>
        </cc:async-mediation>
        <cc:async-mediation id="CreateErrorMsg" routes-to="CallCreateErrorMgs">
            <cc:steps>
                <cc:eval id="Eval">
                    <cc:expression>props['error.msg'] = 'Web Service ' +props['ws.name'] +' took more time than threshold.'</cc:expression>
                </cc:eval>
            </cc:steps>
        </cc:async-mediation>
        <cc:async-mediation id="CreateErrorMessage" routes-to="CallCreateErrorMgs">
            <cc:steps>
                <cc:eval id="Eval">
                    <cc:expression>props['error.msg'] = 'Web Service ' +props['ws.name'] +' is still running and taking more time than threshold.'</cc:expression>
                </cc:eval>
            </cc:steps>
        </cc:async-mediation>
        <cc:route id="Route0">
            <cc:mvel-strategy>
                <cc:choose-route expression="!(props['active.session']=='1' &amp;&amp; props['current.time.difference']>props['ws.threshold']) &amp;&amp; !(props['active.session']=='0' &amp;&amp; props['signon.difference']>props['ws.threshold'])" route="SubRoute0"/>
                <cc:choose-route expression="props['active.session']=='1' &amp;&amp; props['current.time.difference']>props['ws.threshold']" route="SubRoute"/>
                <cc:choose-route expression="props['active.session']=='0' &amp;&amp; props['signon.difference']>props['ws.threshold']" route="Alternate"/>
            </cc:mvel-strategy>
            <cc:sub-route name="SubRoute" routes-to="CreateErrorMessage"/>
            <cc:sub-route name="Alternate" routes-to="CreateErrorMsg"/>
            <cc:sub-route name="SubRoute0" routes-to="DoNothing"/>
        </cc:route>
        <cc:local-out id="PutIntegrationMessage10" endpoint="vm://wcc/PutIntegrationMessage">
            <cc:set name="is.message.severity" value="'WARNING'"/>
            <cc:set name="is.message.summary" value="'Error occurred at step: GetDetailsFrmHashmap' + context.errorMessage"/>
            <cc:set name="is.message.storage.enabled" value="false"/>
        </cc:local-out>
        <cc:async-mediation id="GetDetailsFrmHashmap" routes-to="Route0">
            <cc:steps>
                <cc:eval id="Eval0">
                    <cc:expression>props['ws.threshold'] =props['map.threshold.time'].get(props['sa.username'])</cc:expression>
                    <cc:expression>props['ws.name']=props['map.business.process'].get(props['sa.username'])</cc:expression>
                    <cc:expression>props['error.count']=props['error.count']+1;</cc:expression>
                </cc:eval>
            </cc:steps>
            <cc:send-error id="SendError" routes-to="PutIntegrationMessage10"/>
        </cc:async-mediation>
        <cc:local-in id="EvaluateThresholdTime" routes-to="GetDetailsFrmHashmap"/>
        <cc:local-out id="CallEvaluateThresholdTime" store-message="none" execute-when="props['map.threshold.time'].containsKey(props['sa.username'])" endpoint="vm://Alight_INT_Process_Monitor/EvaluateThresholdTime"/>
        <cc:local-out id="PutIntegrationMessage2" endpoint="vm://wcc/PutIntegrationMessage">
            <cc:set name="is.message.severity" value="'INFO'"/>
            <cc:set name="is.message.summary" value="'Error file Has been attached'"/>
            <cc:set name="is.document.variable.name" value="'error.report1'"/>
            <cc:set name="is.document.file.name" value="'Error Report.csv'"/>
        </cc:local-out>
        <cc:async-mediation id="AsyncMediation00" routes-to="PutIntegrationMessage2">
            <cc:steps>
                <cc:xml-to-csv id="XmlToCsv" writeHeaderLine="true"/>
                <cc:store id="Store" output="variable" output-variable="error.report1" input="message" expiresIn="P180D" title="ErrorReport.csv"/>
            </cc:steps>
        </cc:async-mediation>
        <cc:aggregator id="Aggregator" routes-to="AsyncMediation00" collate-when="props['collate']" force-batch-on-last-message="false" force-batch-when="props['aggregate']">
            <cc:size-batch-strategy batch-size="-1"/>
            <cc:xml-message-content-collater>
        <cc:header-text>&lt;File></cc:header-text>
        <cc:footer-text>&lt;/File></cc:footer-text>
      </cc:xml-message-content-collater>
        </cc:aggregator>
        <cc:async-mediation id="WriteErrorMessage" routes-to="Aggregator">
            <cc:steps>
                <cc:write id="Write">
                    <cc:message>
                        <cc:text>&lt;Entry>&#xD;
&lt;Web_Service>@{props['ws.name']} &lt;/Web_Service>&#xD;
&lt;ISU>@{props['sa.username']}&lt;/ISU> &#xD;
&lt;SignOn_Time>@{props['signon.time']}&lt;/SignOn_Time>&#xD;
&lt;Error>@{props['error.msg'] }&lt;/Error> &#xD;
&lt;/Entry></cc:text>
                    </cc:message>
                </cc:write>
            </cc:steps>
        </cc:async-mediation>
        <cc:local-out id="PutIntegrationMessage3" endpoint="vm://wcc/PutIntegrationMessage">
            <cc:set name="is.message.severity" value="'INFO'"/>
            <cc:set name="is.message.summary" value="'Error report has been attached'"/>
            <cc:set name="is.message.storage.enabled" value="false"/>
            <cc:set name="is.document.variable.name" value="'Output'"/>
        </cc:local-out>
        <cc:async-mediation id="AsyncMediation2" routes-to="PutIntegrationMessage3">
            <cc:steps>
                <cc:store id="Store" output="variable" output-mimetype="text/html" output-variable="Output" title="ISU_login_details.html"/>
            </cc:steps>
        </cc:async-mediation>
        <cc:email-out id="EmailOut0" execute-when="props['error.msg']!=null" routes-response-to="AsyncMediation2" endpoint="@{props['p.to.email']}" from="@{props['p.from.email']}" host="@{props['p.host.email']}" password="@{props['p.pass.email']}" port="@{props['p.port.email']}" starttls="'True'" subject="@{props['p.email.subject.ISU']}" user="@{props['p.user.email']}">
            <cc:custom-headers/>
        </cc:email-out>
        <cc:async-mediation id="StoreMessage" routes-to="EmailOut0">
            <cc:steps>
                <cc:copy id="Copy" output="variable" output-variable="webservice.output"/>
                <cc:xslt-plus id="XsltPlus" url="webservicemailbody.xsl"/>
            </cc:steps>
            <cc:send-error id="SendError" routes-to="PutIntegrationMessage6"/>
        </cc:async-mediation>
        <cc:aggregator id="Aggregator0" routes-to="StoreMessage" force-batch-on-last-message="false" force-batch-when="props['aggregate']">
            <cc:size-batch-strategy batch-size="-1"/>
            <cc:xml-message-content-collater>
        <cc:header-text>&lt;Root></cc:header-text>
        <cc:footer-text>&lt;/Root></cc:footer-text>
      </cc:xml-message-content-collater>
        </cc:aggregator>
        <cc:async-mediation id="WriteErrorMessage1" routes-to="Aggregator0">
            <cc:steps>
                <cc:write id="Write0">
                    <cc:message>
                        <cc:text>&lt;WSAudit>&#xD;
	&lt;ISUName>@{props['sa.username']}&lt;/ISUName>&#xD;
	&lt;Status>Have crossed Threshold time&lt;/Status>&#xD;
	&lt;ExpectedTimeInMinutes>@{props['ws.threshold']}&lt;/ExpectedTimeInMinutes>&#xD;
	&lt;ProcessingTimeInMinutes>@{props['active.session']=='1' ? props['current.time.difference'] : props['signon.difference']}&lt;/ProcessingTimeInMinutes>&#xD;
	&lt;SignOntimeInMinutes>@{props['signon.time']}&lt;/SignOntimeInMinutes>&#xD;
	&lt;IsSessionActive>@{props['active.session']=='1' ? 'Yes' : 'No'}&lt;/IsSessionActive>&#xD;
	&lt;/WSAudit></cc:text>
                    </cc:message>
                </cc:write>
            </cc:steps>
            <cc:send-error id="SendError" routes-to="PutIntegrationMessage5"/>
        </cc:async-mediation>
        <cc:local-in id="CreateErrorMgs" routes-to="WriteErrorMessage1"/>
        <cc:local-out id="CallCreateErrorMgs" store-message="none" endpoint="vm://Alight_INT_Process_Monitor/CreateErrorMgs"/>
        <cc:async-mediation id="AsyncMediation1" routes-to="Aggregator0">
            <cc:steps>
                <cc:eval id="Eval">
                    <cc:expression>props['aggregate']=true</cc:expression>
                    <cc:expression>props['collate']=false</cc:expression>
                </cc:eval>
            </cc:steps>
            <cc:send-error id="SendError" routes-to="PutIntegrationMessage4"/>
        </cc:async-mediation>
        <cc:local-out id="CallAggregate" store-message="none" routes-response-to="callGetProcessResult" endpoint="vm://Alight_INT_Process_Monitor/Aggregate-webservice"/>
        <cc:local-in id="Aggregate-webservice" routes-to="AsyncMediation1"/>
        <cc:local-out id="PutIntegrationMessage4" endpoint="vm://wcc/PutIntegrationMessage"><cc:set name="is.message.severity" value="'WARNING'"/><cc:set name="is.message.summary" value="'Error found in calling aggregator webservice' + context.errorMessage"/><cc:set name="is.message.storage.enabled" value="false"/></cc:local-out>
        <cc:local-out id="PutIntegrationMessage5" endpoint="vm://wcc/PutIntegrationMessage"><cc:set name="is.message.severity" value="'WARNING'"/><cc:set name="is.message.summary" value="'Error found in webservice WriteErrorMessage1' + context.errorMessage"/><cc:set name="is.message.storage.enabled" value="false"/></cc:local-out>
        <cc:local-out id="PutIntegrationMessage6" endpoint="vm://wcc/PutIntegrationMessage"><cc:set name="is.message.severity" value="'WARNING'"/><cc:set name="is.message.summary" value="'Issue in Email configuration of webservice' + context.errorMessage"/><cc:set name="is.message.storage.enabled" value="false"/></cc:local-out>
        <cc:local-out id="PutIntegrationMessage7" endpoint="vm://wcc/PutIntegrationMessage"><cc:set name="is.message.severity" value="'INFO'"/><cc:set name="is.message.summary" value="'Error occurred in before email step '+ context.errorMessage"/><cc:set name="is.message.storage.enabled" value="false"/></cc:local-out>
        <cc:local-out id="CallLongRunningReportProcess" store-message="none" routes-response-to="CallReportForceBatchEmail" endpoint="vm://Alight_INT_Process_Monitor/GetLongRunningReports"/>
        <cc:local-out id="CallReportForceBatchEmail" store-message="none" routes-response-to="CallReportAudit" endpoint="vm://Alight_INT_Process_Monitor/ForceEmailAgg"><cc:set name="process.report.email.batch" value="true"/></cc:local-out>
        <cc:local-out id="CallReportAudit" store-message="none" routes-response-to="IntegrationEventStatus" endpoint="vm://Alight_INT_Process_Monitor/ForceReportAudit"><cc:set name="process.report.batch" value="true"/></cc:local-out>
        <cc:local-out id="EventwithError" store-message="none" endpoint="vm://wcc/PutIntegrationMessage"><cc:set name="is.message.severity" value="'ERROR'"/><cc:set name="is.message.summary" value="'Integration needs your attention. Check email notification and audit log attached to event'"/></cc:local-out>
        <cc:local-in id="GetLongRunningReports" routes-to="AsyncMediation3"/>
        <cc:async-mediation id="AsyncMediation3" routes-to="WorkdayOutRest0" handle-downstream-errors="true">
            <cc:steps>
                <cc:eval id="Eval">
                    <cc:expression>props['report.to.email'] = 'mailto:' #intsys.getAttribute('Email Recipients for Long Running Reports Results')</cc:expression>
                    <cc:expression>props['report.email.subject'] = intsys.getAttribute('Email Subject for Report Monitor')</cc:expression>
                    <cc:expression>props['report.from.email'] = intsys.getAttribute('Email From')</cc:expression>
                    <cc:expression>props['process.report.batch']=false; props['process.report.email.batch']=false;</cc:expression>
                    <cc:expression>props['ThresholdInSec']=0</cc:expression>
                    <cc:expression>props['long.Running.Count']=0</cc:expression>
                    <cc:expression>props['triggerNotification']=false;</cc:expression>
                    <cc:expression>props['Threshold'] = intsys.getAttribute('Report Threshold In Hours')</cc:expression>
                    <cc:expression>if(props['Threshold']!=0){props['ThresholdInSec']=(props['Threshold']*3600)}</cc:expression>
                </cc:eval>
                <cc:log id="Log">
                    <cc:log-message>
                        <cc:text>*****&#xD;
props['Threshold']==@{props['Threshold']}&#xD;
props['triggerNotification']==@{props['triggerNotification']}&#xD;
************</cc:text>
                    </cc:log-message>
                </cc:log>
            </cc:steps>
            <cc:send-error id="SendError" routes-to="CallSubRoutine1"/>
        </cc:async-mediation>
        <cc:workday-out-rest id="WorkdayOutRest0" routes-response-to="AsyncMediation4" extra-path="@{intsys.reportService.getExtrapath('Report Monitor')}" method="GET"/>
        <cc:async-mediation id="AsyncMediation4" routes-to="Splitter2" handle-downstream-errors="true">
            <cc:steps>
                <cc:log id="Log">
                    <cc:log-message>
                        <cc:line-separator/>
                        <cc:text>*********Output Data of Report Monitor ***********</cc:text>
                        <cc:line-separator/>
                        <cc:text>*********Report XML***********</cc:text>
                        <cc:line-separator/>
                    </cc:log-message>
                </cc:log>
            </cc:steps>
            <cc:send-error id="SendError" routes-to="CallSubRoutine2"/>
        </cc:async-mediation>
        <cc:splitter id="Splitter2">
            <cc:sub-route name="SubRoute" routes-to="AsyncMediation5"/>
            <cc:xml-stream-splitter namespaces="wd urn:com.workday.report/Report_Monitor" xpath="wd:Report_Data/wd:Report_Entry/wd:Parent_Runtime_group"/>
        </cc:splitter>
        <cc:async-mediation id="AsyncMediation5" routes-to="Route1">
            <cc:steps>
                <cc:eval id="Eval">
                    <cc:expression>props['process']=parts[0].xpath('wd:Parent_Runtime_group/wd:Process/@wd:Descriptor',&quot;wd urn:com.workday.report/Report_Monitor&quot;)</cc:expression>
                    <cc:expression>props['processtype']=parts[0].xpath('wd:Parent_Runtime_group/wd:Process_Type/@wd:Descriptor',&quot;wd urn:com.workday.report/Report_Monitor&quot;)</cc:expression>
                    <cc:expression>props['RequestName']=parts[0].xpath('wd:Parent_Runtime_group/wd:Request_Name/@wd:Descriptor',&quot;wd urn:com.workday.report/Report_Monitor&quot;)</cc:expression>
                    <cc:expression>props['actualStartDateTime']=parts[0].xpath('wd:Parent_Runtime_group/wd:Actual_Start_Date_and_Time',&quot;wd urn:com.workday.report/Report_Monitor&quot;)</cc:expression>
                    <cc:expression>props['status']=parts[0].xpath('wd:Parent_Runtime_group/wd:Status/@wd:Descriptor',&quot;wd urn:com.workday.report/Report_Monitor&quot;)</cc:expression>
                    <cc:expression>props['timeInSec']=parts[0].xpath('wd:Parent_Runtime_group/wd:Processing_Time_in_sec',&quot;wd urn:com.workday.report/Report_Monitor&quot;)</cc:expression>
                    <cc:expression>props['ExtractHour']=parts[0].xpath('wd:Parent_Runtime_group/wd:ExtractHour',&quot;wd urn:com.workday.report/Report_Monitor&quot;)</cc:expression>
                    <cc:expression>if(props['timeInSec']>props['ThresholdInSec']) {props['triggerNotification']=true}</cc:expression>
                    <cc:expression>//if(props['timeInSec']>props['Threshold']) {props['triggerNotification']=true}</cc:expression>
                    <cc:expression>props['Instance']=parts[0].xpath('wd:Parent_Runtime_group/wd:Instance/@wd:Descriptor',&quot;wd urn:com.workday.report/Report_Monitor&quot;)</cc:expression>
                    <cc:expression>props['InstanceID']=parts[0].xpath('wd:Parent_Runtime_group/wd:instanceID',&quot;wd urn:com.workday.report/Report_Monitor&quot;)</cc:expression>
                </cc:eval>
                <cc:log id="Log">
                    <cc:log-message>
                        <cc:line-separator/>
                        <cc:text>******************&#xD;
props['process']==@{props['process']}&#xD;
props['processtype']==@{props['processtype']}&#xD;
props['actualStartDateTime']==@{props['actualStartDateTime']}&#xD;
props['status']==@{props['status']}&#xD;
props['ExtractHour']==@{props['ExtractHour']}&#xD;
props['ThresholdInSec']==@{props['ThresholdInSec']}&#xD;
props['timeInSec']==@{props['timeInSec']}&#xD;
props['triggerNotification']==@{props['triggerNotification']}&#xD;
props['RequestName']==@{props['RequestName']}&#xD;
props['Instance']==@{props['Instance']}&#xD;
props['InstanceID']==@{props['InstanceID']}&#xD;
***********************************************************************************</cc:text>
                        <cc:line-separator/>
                    </cc:log-message>
                </cc:log>
            </cc:steps>
            <cc:send-error id="SendError" routes-to="CallSubRoutine3"/>
        </cc:async-mediation>
        <cc:route id="Route1">
            <cc:mvel-strategy>
                <cc:choose-route expression="props['triggerNotification']==true" route="SubRoute"/>
                <cc:choose-route expression="props['triggerNotification']==false" route="Alternate"/>
            </cc:mvel-strategy>
            <cc:sub-route name="SubRoute" routes-to="AsyncMediation6"/>
            <cc:sub-route name="Alternate" routes-to="AsyncMediation7"/>
        </cc:route>
        <cc:async-mediation id="AsyncMediation6" routes-to="CallSendEmail">
            <cc:steps>
                <cc:eval id="Eval">
                    <cc:expression>props['message']='Report- '+props['process']+' is running for more than '+props['ExtractHour']+' hours. Report is processing since: '+props['actualStartDateTime']</cc:expression>
                    <cc:expression>props['long.Running.Count']=props['long.Running.Count']+1;</cc:expression>
                </cc:eval>
            </cc:steps>
        </cc:async-mediation>
        <cc:async-mediation id="AsyncMediation7" routes-to="CallSubRoutine5">
            <cc:steps>
                <cc:log id="Log">
                    <cc:log-message>
                        <cc:text>*****Do Nothing*******</cc:text>
                    </cc:log-message>
                </cc:log>
            </cc:steps>
        </cc:async-mediation>
        <cc:local-out id="CallSendEmail" store-message="none" execute-when="props['long.Running.Count']>0" routes-response-to="CallAuditFile" endpoint="vm://Alight_INT_Process_Monitor/SendReportEmail"/>
        <cc:local-out id="CallAuditFile" store-message="none" endpoint="vm://Alight_INT_Process_Monitor/ReportAuditFile"/>
        <cc:local-in id="SendReportEmail" routes-to="AsyncMediation9"/>
        <cc:local-in id="ReportAuditFile" routes-to="AsyncMediation11"/>
        <cc:local-out id="CallSubRoutine1" store-message="none" endpoint="vm://wcc/PutIntegrationMessage"><cc:set name="is.message.severity" value="'WARNING'"/><cc:set name="is.message.summary" value="'Error during initialization of long running report process parameters'+context.getErrorMessage()"/></cc:local-out>
        <cc:local-out id="CallSubRoutine2" store-message="none" endpoint="vm://wcc/PutIntegrationMessage"><cc:set name="is.message.severity" value="'WARNING'"/><cc:set name="is.message.summary" value="context.getErrorMessage()"/></cc:local-out>
        <cc:local-out id="CallSubRoutine3" store-message="none" endpoint="vm://wcc/PutIntegrationMessage"><cc:set name="is.message.severity" value="'WARNING'"/><cc:set name="is.message.summary" value="context.getErrorMessage()"/></cc:local-out>
        <cc:async-mediation id="AsyncMediation9" routes-to="Aggregator1">
            <cc:steps>
                <cc:write id="Write">
                    <cc:message>
                        <cc:text>&lt;audit>&#xD;
	&lt;ReportName>@{props['process']}&lt;/ReportName>&#xD;
	&lt;RequestName>@{props['RequestName']}&lt;/RequestName>&#xD;
	&lt;Instance>@{props['Instance']}&lt;/Instance>&#xD;
	&lt;InstanceID>@{props['InstanceID']}&lt;/InstanceID>&#xD;
	&lt;Message>@{props['message']} &lt;/Message>	&#xD;
&lt;/audit></cc:text>
                    </cc:message>
                </cc:write>
            </cc:steps>
            <cc:send-error id="SendError" routes-to="CallSubRoutine"/>
        </cc:async-mediation>
        <cc:aggregator id="Aggregator1" routes-to="AsyncMediation10" collate-when="props['process.report.email.batch']==false" force-batch-on-last-message="false" force-batch-when="props['process.report.email.batch']==true">
            <cc:size-batch-strategy/>
            <cc:xml-message-content-collater>
        <cc:header-text>&lt;root></cc:header-text>
        <cc:footer-text>&lt;/root></cc:footer-text>
      </cc:xml-message-content-collater>
        </cc:aggregator>
        <cc:async-mediation id="AsyncMediation10" routes-to="EmailOut1">
            <cc:steps>
                <cc:log id="Log">
                    <cc:log-message>
                        <cc:line-separator/>
                        <cc:text>==========Aggr EMail********</cc:text>
                        <cc:line-separator/>
                        <cc:text>==========Aggr EMail********</cc:text>
                        <cc:line-separator/>
                    </cc:log-message>
                </cc:log>
                <cc:xslt-plus id="XsltPlus" url="LongRunningReportEmail.xsl"/>
            </cc:steps>
            <cc:send-error id="SendError" routes-to="CallSubRoutine"/>
        </cc:async-mediation>
        <cc:email-out id="EmailOut1" execute-when="props['long.Running.Count']>0" endpoint="@{props['report.to.email']}" from="@{props['report.from.email']}" host="@{props['p.host.email']}" password="@{props['p.pass.email']}" port="@{props['p.port.email']}" starttls="'True'" subject="@{props['report.email.subject']}" user="@{props['p.user.email']}"/>
        <cc:local-out id="CallSubRoutine" store-message="none" endpoint="vm://wcc/PutIntegrationMessage"><cc:set name="is.message.severity" value="'WARNING'"/><cc:set name="is.message.summary" value="context.getErrorMessage()"/></cc:local-out>
        <cc:local-in id="ForceEmailAgg" routes-to="Aggregator1"/>
        <cc:async-mediation id="AsyncMediation11" routes-to="Aggregator2">
            <cc:steps>
                <cc:write id="Write">
                    <cc:message>
                        <cc:text>&lt;Audit>&#xD;
	&lt;ReportName>@{props['process']}&lt;/ReportName>&#xD;
	&lt;RequestName>@{props['RequestName']}&lt;/RequestName>&#xD;
	&lt;Instance>@{props['Instance']}&lt;/Instance>&#xD;
	&lt;InstanceID>@{props['InstanceID']}&lt;/InstanceID>&#xD;
	&lt;Message>@{props['message']} &lt;/Message>	&#xD;
&lt;/Audit></cc:text>
                    </cc:message>
                </cc:write>
            </cc:steps>
            <cc:send-error id="SendError" routes-to="CallSubRoutine0"/>
        </cc:async-mediation>
        <cc:local-out id="CallSubRoutine0" store-message="none" endpoint="vm://wcc/PutIntegrationMessage"><cc:set name="is.message.severity" value="'WARNING'"/><cc:set name="is.message.summary" value="context.getErrorMessage()"/></cc:local-out>
        <cc:aggregator id="Aggregator2" routes-to="AsyncMediation12" collate-when="props['process.report.batch']==false" force-batch-on-last-message="false" force-batch-when="props['process.report.batch']==true">
            <cc:size-batch-strategy/>
            <cc:xml-message-content-collater>
        <cc:header-text>&lt;Audit></cc:header-text>
        <cc:footer-text>&lt;/Audit></cc:footer-text>
      </cc:xml-message-content-collater>
        </cc:aggregator>
        <cc:local-in id="ForceReportAudit" routes-to="Aggregator2"/>
        <cc:async-mediation id="AsyncMediation12" routes-to="CallSubRoutine4">
            <cc:steps>
                <cc:xml-to-csv id="XmlToCsv"/>
                <cc:write id="Write">
                    <cc:message>
                        <cc:line-separator/>
                        <cc:text>Report Name,Request Name,Instance,Instance ID,Status</cc:text>
                        <cc:line-separator/>
                        <cc:message-content/>
                    </cc:message>
                </cc:write>
                <cc:store id="Store" output="variable" output-mimetype="text/csv" output-variable="longRunning.report.audit" createDocumentReference="true" expiresIn="P90D" title="LongRunningReportAudit.txt"/>
            </cc:steps>
            <cc:send-error id="SendError" routes-to="CallSubRoutine0"/>
        </cc:async-mediation>
        <cc:local-out id="CallSubRoutine4" store-message="none" endpoint="vm://wcc/PutIntegrationMessage"><cc:set name="is.message.severity" value="'INFO'"/><cc:set name="is.message.summary" value="'Long Running Reports Audit Log Attached'"/><cc:set name="is.document.deliverable" value="'true'"/></cc:local-out>
        <cc:local-out id="CallSubRoutine5" store-message="none" endpoint="vm://wcc/PutIntegrationMessage"><cc:set name="is.message.severity" value="'INFO'"/><cc:set name="is.message.summary" value="'No Long Running reports present'"/></cc:local-out>
        <cc:async-mediation id="AsyncMediation13" routes-to="Splitter" handle-downstream-errors="true">
            <cc:steps>
                <cc:log id="Log">
                    <cc:log-message>
                        <cc:line-separator/>
                        <cc:text>****************** Alight WD Daily Report Output Data  ********************</cc:text>
                        <cc:line-separator/>
                    </cc:log-message>
                </cc:log>
            </cc:steps>
            <cc:send-error id="SendError" routes-to="CallSubRoutine6"/>
        </cc:async-mediation>
        <cc:local-out id="CallSubRoutine6" store-message="none" endpoint="vm://wcc/PutIntegrationMessage"><cc:set name="is.message.severity" value="'INFO'"/><cc:set name="is.message.summary" value="'Err'context.errorMessage"/></cc:local-out>
        <cc:local-out id="CallSubRoutine7" store-message="none" endpoint="vm://wcc/PutIntegrationMessage"><cc:set name="is.message.severity" value="'INFO'"/><cc:set name="is.message.summary" value="context.errorMessage"/></cc:local-out>
        <cc:async-mediation id="AsyncMediation14" routes-to="EventComplete">
            <cc:steps>
                <cc:validate-exp id="ValidateExp">
                    <cc:expression failure-message="Integration needs your attention. Check email notification or audit log attached to event">props['Is.Mail.Message']==false</cc:expression>
                </cc:validate-exp>
            </cc:steps>
            <cc:send-error id="SendError" routes-to="EventwithError"/>
        </cc:async-mediation>
        <cc:async-mediation id="AsyncMediation15" routes-to="mainFileDocIterator">
            <cc:steps>
                <cc:validate-exp id="ValidateExp">
                    <cc:expression failure-message="No file found in the directory">da.size()>0</cc:expression>
                </cc:validate-exp>
            </cc:steps>
            <cc:send-error id="SendError" routes-to="CallSubRoutine8"/>
        </cc:async-mediation>
        <cc:local-out id="CallSubRoutine8" store-message="none" endpoint="vm://wcc/PutIntegrationMessage"><cc:set name="is.message.severity" value="'ERROR'"/><cc:set name="is.message.summary" value="'There is no integration document being passed. Plese ensure endpoint is available and files are placed on endpoint.'+context.getErrorMessage()"/></cc:local-out>
        <cc:splitter id="Splitter">
            <cc:sub-route name="SubRoute" routes-to="ExtractValuesOutofReport"/>
            <cc:xml-stream-splitter namespaces="wd urn:com.workday.report/JobMoniDailyReport" xpath="/wd:Report_Data/wd:Report_Entry"/>
        </cc:splitter>
        <cc:local-out id="EventComplete" store-message="none" endpoint="vm://wcc/PutIntegrationMessage"><cc:set name="is.message.severity" value="'INFO'"/><cc:set name="is.message.summary" value="'Event Completed'"/></cc:local-out>
        <cc:local-out id="IntegrationEventStatus" store-message="none" endpoint="vm://Alight_INT_Process_Monitor/EventIn"/>
        <cc:local-in id="EventIn" routes-to="AsyncMediation14"/>
        <cc:async-mediation id="Error-Handler" routes-to="Splitter0" handle-downstream-errors="true">
            <cc:steps/>
            <cc:send-error id="SendError" routes-to="PutIntegrationMessage"/>
        </cc:async-mediation>
        <cc:local-out id="PutIntegrationMessage" endpoint="vm://wcc/PutIntegrationMessage"><cc:set name="is.message.severity" value="'WARNING'"/><cc:set name="is.message.summary" value="'Warning : ' + context.errorMessage"/></cc:local-out>
        <cc:local-out id="PIM-CaptureScheErrors" endpoint="vm://wcc/PutIntegrationMessage"><cc:set name="is.message.severity" value="'WARNING'"/><cc:set name="is.message.summary" value="'Warning : ' + context.errorMessage"/></cc:local-out>
        <cc:local-out id="PIM-LoadRuleFileErrors" endpoint="vm://wcc/PutIntegrationMessage"><cc:set name="is.message.severity" value="'ERROR'"/><cc:set name="is.message.summary" value="context.errorMessage"/></cc:local-out>
	</cc:assembly>
    <bean id="test123" class="test.test1" scope="prototype"/>

</beans>