<?xml version="1.0" encoding="UTF-8"?>
<wdnm:Diagram xmlns:wdnm="http://workday.com/studio/editors/notation">
  <element href="assembly.xml#WorkdayAssembly"/>
  <visualProperties x="-108" y="101">
    <element href="assembly.xml#StartHere"/>
  </visualProperties>
  <visualProperties x="-124" y="177">
    <element href="assembly.xml#getReportURL"/>
  </visualProperties>
  <visualProperties x="-137" y="367">
    <element href="assembly.xml#callGetProcessReport"/>
  </visualProperties>
  <visualProperties x="182" y="71">
    <element href="assembly.xml#GetProcessReport"/>
  </visualProperties>
  <visualProperties x="652" y="14">
    <element href="assembly.xml#mainFileDocIterator"/>
  </visualProperties>
  <visualProperties x="617" y="282">
    <element href="assembly.xml#splitRaaSResponse"/>
  </visualProperties>
  <visualProperties x="854" y="28">
    <element href="assembly.xml#EvaluateFileRule"/>
  </visualProperties>
  <visualProperties x="906" y="272">
    <element href="assembly.xml#getHashMapValues0"/>
  </visualProperties>
  <visualProperties x="132" y="830">
    <element href="assembly.xml#GetProcessResult"/>
  </visualProperties>
  <visualProperties x="351" y="767">
    <element href="assembly.xml#WorkdayOutRestDailyReport"/>
  </visualProperties>
  <visualProperties x="1007" y="779">
    <element href="assembly.xml#ExtractValuesOutofReport"/>
  </visualProperties>
  <visualProperties x="396" y="71">
    <element href="assembly.xml#GetEventDocuments"/>
  </visualProperties>
  <visualProperties x="1303" y="781">
    <element href="assembly.xml#BuildMessage"/>
  </visualProperties>
  <visualProperties x="404" y="1412">
    <element href="assembly.xml#TranformErrorMessage"/>
  </visualProperties>
  <visualProperties x="677" y="1423">
    <element href="assembly.xml#AuditLogAggregator"/>
  </visualProperties>
  <visualProperties x="1247" y="1323">
    <element href="assembly.xml#AttachauditFile"/>
  </visualProperties>
  <visualProperties x="186" y="1348">
    <element href="assembly.xml#WriteAuditRow"/>
  </visualProperties>
  <visualProperties x="903" y="1343">
    <element href="assembly.xml#AuditLogStore"/>
  </visualProperties>
  <visualProperties x="1933" y="921">
    <element href="assembly.xml#CallAudit"/>
  </visualProperties>
  <visualProperties x="429" y="272">
    <element href="assembly.xml#AsyncMediation"/>
  </visualProperties>
  <visualProperties x="476" y="512">
    <element href="assembly.xml#AsyncMediation8"/>
  </visualProperties>
  <visualProperties x="703" y="520">
    <element href="assembly.xml#splitRaaSResponseScheduled"/>
  </visualProperties>
  <visualProperties x="923" y="465">
    <element href="assembly.xml#getHashMapValuesSchedule"/>
  </visualProperties>
  <visualProperties x="1557" y="220">
    <element href="assembly.xml#Call-GetRuleFile"/>
  </visualProperties>
  <visualProperties x="208" y="337">
    <element href="assembly.xml#GetRulefile"/>
  </visualProperties>
  <visualProperties x="203" y="541">
    <element href="assembly.xml#GetScheduleList"/>
  </visualProperties>
  <visualProperties x="143" y="1028">
    <element href="assembly.xml#StartBatch"/>
  </visualProperties>
  <visualProperties x="-107" y="608">
    <element href="assembly.xml#CallStartBatch"/>
  </visualProperties>
  <visualProperties x="1336" y="32">
    <element href="assembly.xml#Route"/>
  </visualProperties>
  <visualProperties x="1557" y="274">
    <element href="assembly.xml#Call-GetScheduleList"/>
  </visualProperties>
  <visualProperties x="-107" y="526">
    <element href="assembly.xml#callGetProcessResult"/>
  </visualProperties>
  <visualProperties x="1037" y="970">
    <element href="assembly.xml#PutErrorNullpointer"/>
  </visualProperties>
  <visualProperties x="566" y="999">
    <element href="assembly.xml#SetBatchFlag"/>
  </visualProperties>
  <visualProperties x="1619" y="779">
    <element href="assembly.xml#Message"/>
  </visualProperties>
  <visualProperties x="1791" y="779">
    <element href="assembly.xml#Mail_Audit"/>
  </visualProperties>
  <visualProperties x="287" y="1649">
    <element href="assembly.xml#CreateMailXml"/>
  </visualProperties>
  <visualProperties x="505" y="1649">
    <element href="assembly.xml#MailAggregrator"/>
  </visualProperties>
  <visualProperties x="1927" y="862">
    <element href="assembly.xml#Call-SendMail"/>
  </visualProperties>
  <visualProperties x="71" y="1658">
    <element href="assembly.xml#SendMail"/>
  </visualProperties>
  <visualProperties x="746" y="1629">
    <element href="assembly.xml#PrcsMailXml"/>
  </visualProperties>
  <visualProperties x="-112" y="688">
    <element href="assembly.xml#Call-CollateAndSendMail"/>
  </visualProperties>
  <visualProperties x="137" y="1296">
    <element href="assembly.xml#CollateAndSendMail"/>
  </visualProperties>
  <visualProperties x="437" y="1275">
    <element href="assembly.xml#SetFlag"/>
  </visualProperties>
  <visualProperties x="1297" y="1649">
    <element href="assembly.xml#EmailOut"/>
  </visualProperties>
  <visualProperties x="918" y="1604">
    <element href="assembly.xml#EmailSplit"/>
  </visualProperties>
  <visualProperties x="1073" y="1631">
    <element href="assembly.xml#FormatEmail"/>
  </visualProperties>
  <visualProperties x="-83" y="591">
    <element href="assembly.xml#//@beans/@mixed.1/@mixed.93"/>
  </visualProperties>
  <visualProperties x="-61" y="688">
    <element href="assembly.xml#Note-Error"/>
  </visualProperties>
  <visualProperties x="1557" y="327">
    <element href="assembly.xml#Call-RetrieveWebServiceMap"/>
  </visualProperties>
  <visualProperties>
    <element href="assembly.xml#RetrieveWebServiceMap"/>
  </visualProperties>
  <visualProperties>
    <element href="assembly.xml#Splitter0"/>
  </visualProperties>
  <visualProperties>
    <element href="assembly.xml#SaveISUDetails"/>
  </visualProperties>
  <visualProperties>
    <element href="assembly.xml#FetchReportOutput"/>
  </visualProperties>
  <visualProperties>
    <element href="assembly.xml#FetchError"/>
  </visualProperties>
  <visualProperties>
    <element href="assembly.xml#PutIntegrationMessage0"/>
  </visualProperties>
  <visualProperties>
    <element href="assembly.xml#WorkdayOutRest"/>
  </visualProperties>
  <visualProperties>
    <element href="assembly.xml#SA_LogAndErrorHandle"/>
  </visualProperties>
  <visualProperties>
    <element href="assembly.xml#Splitter1"/>
  </visualProperties>
  <visualProperties>
    <element href="assembly.xml#FetchSAValues"/>
  </visualProperties>
  <visualProperties x="2" y="320">
    <element href="assembly.xml#CallFetchReportOutput"/>
  </visualProperties>
  <visualProperties x="1092" y="2216">
    <element href="assembly.xml#PutIntegrationMessage1"/>
  </visualProperties>
  <visualProperties>
    <element href="assembly.xml#EvaluateThresholdTime"/>
  </visualProperties>
  <visualProperties>
    <element href="assembly.xml#GetDetailsFrmHashmap"/>
  </visualProperties>
  <visualProperties>
    <element href="assembly.xml#PutIntegrationMessage10"/>
  </visualProperties>
  <visualProperties>
    <element href="assembly.xml#Route0"/>
  </visualProperties>
  <visualProperties>
    <element href="assembly.xml#CreateErrorMessage"/>
  </visualProperties>
  <visualProperties>
    <element href="assembly.xml#CreateErrorMsg"/>
  </visualProperties>
  <visualProperties>
    <element href="assembly.xml#DoNothing"/>
  </visualProperties>
  <visualProperties x="1802" y="2091">
    <element href="assembly.xml#CallEvaluateThresholdTime"/>
  </visualProperties>
  <visualProperties>
    <element href="assembly.xml#CreateErrorMgs"/>
  </visualProperties>
  <visualProperties>
    <element href="assembly.xml#WriteErrorMessage1"/>
  </visualProperties>
  <visualProperties>
    <element href="assembly.xml#Aggregator0"/>
  </visualProperties>
  <visualProperties>
    <element href="assembly.xml#StoreMessage"/>
  </visualProperties>
  <visualProperties>
    <element href="assembly.xml#EmailOut0"/>
  </visualProperties>
  <visualProperties>
    <element href="assembly.xml#AsyncMediation2"/>
  </visualProperties>
  <visualProperties x="1072" y="3063">
    <element href="assembly.xml#PutIntegrationMessage3"/>
  </visualProperties>
  <visualProperties>
    <element href="assembly.xml#WriteErrorMessage"/>
  </visualProperties>
  <visualProperties>
    <element href="assembly.xml#Aggregator"/>
  </visualProperties>
  <visualProperties>
    <element href="assembly.xml#AsyncMediation00"/>
  </visualProperties>
  <visualProperties>
    <element href="assembly.xml#PutIntegrationMessage2"/>
  </visualProperties>
  <visualProperties x="1190" y="2324">
    <element href="assembly.xml#CallCreateErrorMgs"/>
  </visualProperties>
  <visualProperties x="562" y="2738">
    <element href="assembly.xml#AsyncMediation1"/>
  </visualProperties>
  <visualProperties x="-83" y="433">
    <element href="assembly.xml#CallAggregate"/>
  </visualProperties>
  <visualProperties x="337" y="2782">
    <element href="assembly.xml#Aggregate-webservice"/>
  </visualProperties>
  <visualProperties x="730" y="2818">
    <element href="assembly.xml#PutIntegrationMessage4"/>
  </visualProperties>
  <visualProperties x="355" y="3063">
    <element href="assembly.xml#PutIntegrationMessage5"/>
  </visualProperties>
  <visualProperties x="712" y="3063">
    <element href="assembly.xml#PutIntegrationMessage6"/>
  </visualProperties>
  <visualProperties x="1389" y="1520">
    <element href="assembly.xml#PutIntegrationMessage7"/>
  </visualProperties>
  <visualProperties x="-134" y="767">
    <element href="assembly.xml#CallLongRunningReportProcess"/>
  </visualProperties>
  <visualProperties x="-134" y="839">
    <element href="assembly.xml#CallReportForceBatchEmail"/>
  </visualProperties>
  <visualProperties x="-121" y="903">
    <element href="assembly.xml#CallReportAudit"/>
  </visualProperties>
  <visualProperties x="609" y="4150">
    <element href="assembly.xml#EventwithError"/>
  </visualProperties>
  <visualProperties x="193" y="3137">
    <element href="assembly.xml#GetLongRunningReports"/>
  </visualProperties>
  <visualProperties x="419" y="3133">
    <element href="assembly.xml#AsyncMediation3"/>
  </visualProperties>
  <visualProperties x="587" y="3139">
    <element href="assembly.xml#WorkdayOutRest0"/>
  </visualProperties>
  <visualProperties x="788" y="3135">
    <element href="assembly.xml#AsyncMediation4"/>
  </visualProperties>
  <visualProperties x="998" y="3134">
    <element href="assembly.xml#Splitter2"/>
  </visualProperties>
  <visualProperties x="1192" y="3134">
    <element href="assembly.xml#AsyncMediation5"/>
  </visualProperties>
  <visualProperties x="1398" y="3123">
    <element href="assembly.xml#Route1"/>
  </visualProperties>
  <visualProperties x="1606" y="3125">
    <element href="assembly.xml#AsyncMediation6"/>
  </visualProperties>
  <visualProperties x="1598" y="3292">
    <element href="assembly.xml#AsyncMediation7"/>
  </visualProperties>
  <visualProperties x="1826" y="3128">
    <element href="assembly.xml#CallSendEmail"/>
  </visualProperties>
  <visualProperties x="2029" y="3129">
    <element href="assembly.xml#CallAuditFile"/>
  </visualProperties>
  <visualProperties x="204" y="3537">
    <element href="assembly.xml#SendReportEmail"/>
  </visualProperties>
  <visualProperties x="193" y="3836">
    <element href="assembly.xml#ReportAuditFile"/>
  </visualProperties>
  <visualProperties x="412" y="3296">
    <element href="assembly.xml#CallSubRoutine1"/>
  </visualProperties>
  <visualProperties x="794" y="3298">
    <element href="assembly.xml#CallSubRoutine2"/>
  </visualProperties>
  <visualProperties x="1197" y="3292">
    <element href="assembly.xml#CallSubRoutine3"/>
  </visualProperties>
  <visualProperties x="412" y="3510">
    <element href="assembly.xml#AsyncMediation9"/>
  </visualProperties>
  <visualProperties x="590" y="3529">
    <element href="assembly.xml#Aggregator1"/>
  </visualProperties>
  <visualProperties x="780" y="3519">
    <element href="assembly.xml#AsyncMediation10"/>
  </visualProperties>
  <visualProperties x="1016" y="3519">
    <element href="assembly.xml#EmailOut1"/>
  </visualProperties>
  <visualProperties x="617" y="3685">
    <element href="assembly.xml#CallSubRoutine"/>
  </visualProperties>
  <visualProperties x="606" y="3450">
    <element href="assembly.xml#ForceEmailAgg"/>
  </visualProperties>
  <visualProperties x="381" y="3819">
    <element href="assembly.xml#AsyncMediation11"/>
  </visualProperties>
  <visualProperties x="594" y="3972">
    <element href="assembly.xml#CallSubRoutine0"/>
  </visualProperties>
  <visualProperties x="589" y="3820">
    <element href="assembly.xml#Aggregator2"/>
  </visualProperties>
  <visualProperties x="594" y="3770">
    <element href="assembly.xml#ForceReportAudit"/>
  </visualProperties>
  <visualProperties x="817" y="3792">
    <element href="assembly.xml#AsyncMediation12"/>
  </visualProperties>
  <visualProperties x="1120" y="3810">
    <element href="assembly.xml#CallSubRoutine4"/>
  </visualProperties>
  <visualProperties x="1836" y="3320">
    <element href="assembly.xml#CallSubRoutine5"/>
  </visualProperties>
  <visualProperties x="945" y="779">
    <element href="assembly.xml#AsyncMediation13"/>
  </visualProperties>
  <visualProperties x="829" y="970">
    <element href="assembly.xml#CallSubRoutine6"/>
  </visualProperties>
  <visualProperties x="610" y="1582">
    <element href="assembly.xml#CallSubRoutine7"/>
  </visualProperties>
  <visualProperties x="417" y="4062">
    <element href="assembly.xml#AsyncMediation14"/>
  </visualProperties>
  <visualProperties x="532" y="58">
    <element href="assembly.xml#AsyncMediation15"/>
  </visualProperties>
  <visualProperties x="551" y="210">
    <element href="assembly.xml#CallSubRoutine8"/>
  </visualProperties>
  <visualProperties x="829" y="781">
    <element href="assembly.xml#Splitter"/>
  </visualProperties>
  <visualProperties x="610" y="4106">
    <element href="assembly.xml#EventComplete"/>
  </visualProperties>
  <visualProperties x="-105" y="970">
    <element href="assembly.xml#IntegrationEventStatus"/>
  </visualProperties>
  <visualProperties x="204" y="4114">
    <element href="assembly.xml#EventIn"/>
  </visualProperties>
  <visualProperties x="439" y="1707">
    <element href="assembly.xml#Error-Handler"/>
  </visualProperties>
  <visualProperties x="359" y="1824">
    <element href="assembly.xml#PutIntegrationMessage"/>
  </visualProperties>
  <visualProperties x="316" y="724">
    <element href="assembly.xml#PIM-CaptureScheErrors"/>
  </visualProperties>
  <visualProperties x="286" y="456">
    <element href="assembly.xml#PIM-LoadRuleFileErrors"/>
  </visualProperties>
  <decorations x="148" y="607" width="1942" height="342" bgColor="4210816" type="NOTE" text=""/>
  <decorations x="149" y="201" width="995" height="203" type="NOTE" text="Text"/>
  <decorations x="142" y="417" width="1019" height="191" type="NOTE" text="Text"/>
  <decorations x="149" y="1271" width="1250" height="373" type="NOTE" text="Text"/>
  <decorations x="142" y="14" width="1304" height="180" type="NOTE" text="Text"/>
  <decorations x="148" y="960" width="1379" height="293" type="NOTE" text="Text"/>
  <decorations x="193" y="3113" width="1959" height="315" bgColor="65280" type="NOTE" text="Text"/>
  <decorations x="193" y="3436" width="1359" height="292" bgColor="65408" type="NOTE" text="Text"/>
  <decorations x="192" y="3762" width="1346" height="247" bgColor="65280" type="NOTE" text="Text"/>
  <decorations x="185" y="4026" width="774" height="180" type="NOTE" text="Text"/>
  <connections type="routesTo" sourceAnchorX="1.0" sourceAnchorY="0.8648648648648649" targetAnchorX="0.024793388429752067" targetAnchorY="0.35106382978723405">
    <source href="assembly.xml#StartHere"/>
    <target href="assembly.xml#getReportURL"/>
  </connections>
  <connections type="routesTo" sourceAnchorX="0.9586776859504132" sourceAnchorY="0.2553191489361702" targetAnchorX="0.0056179775280898875" targetAnchorY="0.5945945945945946">
    <source href="assembly.xml#getReportURL"/>
    <target href="assembly.xml#callGetProcessReport"/>
  </connections>
  <connections type="routesTo">
    <source href="assembly.xml#//@beans/@mixed.1/@route.0/@subRoute.0"/>
    <target href="assembly.xml#EvaluateFileRule"/>
  </connections>
  <connections type="routesTo">
    <source href="assembly.xml#GetProcessReport"/>
    <target href="assembly.xml#GetEventDocuments"/>
  </connections>
  <connections type="routesResponseTo" targetAnchorX="0.0" targetAnchorY="0.152">
    <source href="assembly.xml#GetEventDocuments"/>
    <target href="assembly.xml#AsyncMediation15"/>
  </connections>
  <connections type="routesTo">
    <source href="assembly.xml#//@beans/@mixed.1/@splitter.0/@subRoute.0"/>
    <target href="assembly.xml#getHashMapValues0"/>
  </connections>
  <connections type="routesTo">
    <source href="assembly.xml#TranformErrorMessage"/>
    <target href="assembly.xml#AuditLogAggregator"/>
  </connections>
  <connections type="routesTo" targetAnchorX="0.011764705882352941" targetAnchorY="0.4">
    <source href="assembly.xml#WriteAuditRow"/>
    <target href="assembly.xml#TranformErrorMessage"/>
  </connections>
  <connections type="routesTo">
    <source href="assembly.xml#AuditLogAggregator"/>
    <target href="assembly.xml#AuditLogStore"/>
  </connections>
  <connections type="routesTo">
    <source href="assembly.xml#AuditLogStore"/>
    <target href="assembly.xml#AttachauditFile"/>
  </connections>
  <connections type="routesTo">
    <source href="assembly.xml#AsyncMediation"/>
    <target href="assembly.xml#splitRaaSResponse"/>
  </connections>
  <connections type="routesTo">
    <source href="assembly.xml#AsyncMediation8"/>
    <target href="assembly.xml#splitRaaSResponseScheduled"/>
  </connections>
  <connections type="routesTo">
    <source href="assembly.xml#//@beans/@mixed.1/@splitter.1/@subRoute.0"/>
    <target href="assembly.xml#getHashMapValuesSchedule"/>
  </connections>
  <connections type="routesTo">
    <source href="assembly.xml#GetRulefile"/>
    <target href="assembly.xml#AsyncMediation"/>
  </connections>
  <connections type="routesTo">
    <source href="assembly.xml#GetScheduleList"/>
    <target href="assembly.xml#AsyncMediation8"/>
  </connections>
  <connections type="routesTo">
    <source href="assembly.xml#//@beans/@mixed.1/@route.1/@subRoute.0"/>
    <target href="assembly.xml#Call-GetRuleFile"/>
  </connections>
  <connections type="routesTo">
    <source href="assembly.xml#//@beans/@mixed.1/@route.1/@subRoute.1"/>
    <target href="assembly.xml#Call-GetScheduleList"/>
  </connections>
  <connections type="routesTo">
    <source href="assembly.xml#EvaluateFileRule"/>
    <target href="assembly.xml#Route"/>
  </connections>
  <connections type="routesResponseTo">
    <source href="assembly.xml#callGetProcessResult"/>
    <target href="assembly.xml#CallStartBatch"/>
  </connections>
  <connections type="routesTo">
    <source href="assembly.xml#//@beans/@mixed.1/@mixed.21/@mixed.3"/>
    <target href="assembly.xml#PutErrorNullpointer"/>
  </connections>
  <connections type="routesTo">
    <source href="assembly.xml#SetBatchFlag"/>
    <target href="assembly.xml#AuditLogAggregator"/>
  </connections>
  <connections type="routesTo">
    <source href="assembly.xml#StartBatch"/>
    <target href="assembly.xml#SetBatchFlag"/>
  </connections>
  <connections type="routesTo">
    <source href="assembly.xml#BuildMessage"/>
    <target href="assembly.xml#Message"/>
  </connections>
  <connections type="routesTo" sourceAnchorX="1.0" sourceAnchorY="0.22916666666666666" targetAnchorX="0.1794871794871795" targetAnchorY="0.20398009950248755">
    <source href="assembly.xml#Message"/>
    <target href="assembly.xml#Mail_Audit"/>
  </connections>
  <connections type="routesTo" sourceAnchorX="0.723404255319149" sourceAnchorY="1.0" targetAnchorX="0.4298245614035088" targetAnchorY="0.35135135135135137">
    <source href="assembly.xml#//@beans/@mixed.1/@route.2/@subRoute.1"/>
    <target href="assembly.xml#CallAudit"/>
  </connections>
  <connections type="routesTo" sourceAnchorX="1.0" sourceAnchorY="0.3125" targetAnchorX="0.09195402298850575" targetAnchorY="0.3018867924528302">
    <source href="assembly.xml#CreateMailXml"/>
    <target href="assembly.xml#MailAggregrator"/>
  </connections>
  <connections type="routesTo" sourceAnchorX="1.0" sourceAnchorY="0.22641509433962265" targetAnchorX="0.1079136690647482" targetAnchorY="0.5729166666666666">
    <source href="assembly.xml#MailAggregrator"/>
    <target href="assembly.xml#PrcsMailXml"/>
  </connections>
  <connections type="routesTo" sourceAnchorX="0.9310344827586207" sourceAnchorY="1.0" targetAnchorX="0.07352941176470588" targetAnchorY="0.5208333333333334">
    <source href="assembly.xml#SendMail"/>
    <target href="assembly.xml#CreateMailXml"/>
  </connections>
  <connections type="routesTo" sourceAnchorX="0.8723404255319149" sourceAnchorY="1.0" targetAnchorX="0.23972602739726026" targetAnchorY="0.7567567567567568">
    <source href="assembly.xml#//@beans/@mixed.1/@route.2/@subRoute.0"/>
    <target href="assembly.xml#Call-SendMail"/>
  </connections>
  <connections type="routesResponseTo" sourceAnchorX="0.6225165562913907" sourceAnchorY="1.0" targetAnchorX="0.37962962962962965" targetAnchorY="0.02702702702702703">
    <source href="assembly.xml#CallStartBatch"/>
    <target href="assembly.xml#Call-CollateAndSendMail"/>
  </connections>
  <connections type="routesTo" sourceAnchorX="0.8655913978494624" sourceAnchorY="1.0" targetAnchorX="0.052980132450331126" targetAnchorY="0.5652173913043478">
    <source href="assembly.xml#CollateAndSendMail"/>
    <target href="assembly.xml#SetFlag"/>
  </connections>
  <connections type="routesTo" sourceAnchorX="1.0" sourceAnchorY="0.20833333333333334" targetAnchorX="0.3735632183908046" targetAnchorY="0.12264150943396226">
    <source href="assembly.xml#SetFlag"/>
    <target href="assembly.xml#MailAggregrator"/>
  </connections>
  <connections type="routesTo" sourceAnchorX="1.0" sourceAnchorY="0.2916666666666667" targetAnchorX="0.3162393162393162" targetAnchorY="0.1402439024390244">
    <source href="assembly.xml#PrcsMailXml"/>
    <target href="assembly.xml#EmailSplit"/>
  </connections>
  <connections type="routesTo" sourceAnchorX="1.0" sourceAnchorY="0.5882352941176471" targetAnchorX="0.24603174603174602" targetAnchorY="0.33695652173913043">
    <source href="assembly.xml#//@beans/@mixed.1/@splitter.2/@subRoute.0"/>
    <target href="assembly.xml#FormatEmail"/>
  </connections>
  <connections type="routesTo" sourceAnchorX="1.0" sourceAnchorY="0.3229166666666667" targetAnchorX="0.23728813559322035" targetAnchorY="0.43243243243243246">
    <source href="assembly.xml#FormatEmail"/>
    <target href="assembly.xml#EmailOut"/>
  </connections>
  <connections type="routesTo" sourceAnchorX="0.9669421487603306" sourceAnchorY="0.43243243243243246" targetAnchorX="0.06060606060606061" targetAnchorY="0.3783783783783784">
    <source href="assembly.xml#//@beans/@mixed.1/@mixed.93"/>
    <target href="assembly.xml#Note-Error"/>
  </connections>
  <connections type="routesTo" sourceAnchorX="1.0" sourceAnchorY="0.2283464566929134" targetAnchorX="0.0959409594095941" targetAnchorY="0.3020833333333333">
    <source href="assembly.xml#ExtractValuesOutofReport"/>
    <target href="assembly.xml#BuildMessage"/>
  </connections>
  <connections type="routesTo">
    <source href="assembly.xml#//@beans/@mixed.1/@route.1/@subRoute.2"/>
    <target href="assembly.xml#Call-RetrieveWebServiceMap"/>
  </connections>
  <connections type="routesTo" sourceAnchorX="0.6634615384615384" sourceAnchorY="1.0" targetAnchorX="0.2781456953642384" targetAnchorY="0.34782608695652173">
    <source href="assembly.xml#//@beans/@mixed.1/@splitter.3/@subRoute.0"/>
    <target href="assembly.xml#SaveISUDetails"/>
  </connections>
  <connections type="routesTo" targetAnchorX="0.3076923076923077" targetAnchorY="0.45652173913043476">
    <source href="assembly.xml#RetrieveWebServiceMap"/>
    <target href="assembly.xml#Error-Handler"/>
  </connections>
  <connections type="routesTo" sourceAnchorX="1.0" sourceAnchorY="0.8648648648648649" targetAnchorX="0.14685314685314685" targetAnchorY="0.40217391304347827">
    <source href="assembly.xml#FetchReportOutput"/>
    <target href="assembly.xml#FetchError"/>
  </connections>
  <connections type="routesTo" sourceAnchorX="1.0" sourceAnchorY="0.15447154471544716" targetAnchorX="0.13529411764705881" targetAnchorY="0.7027027027027027">
    <source href="assembly.xml#FetchError"/>
    <target href="assembly.xml#WorkdayOutRest"/>
  </connections>
  <connections type="routesTo" sourceAnchorX="0.8235294117647058" sourceAnchorY="1.0" targetAnchorX="0.2731707317073171" targetAnchorY="0.4594594594594595">
    <source href="assembly.xml#//@beans/@mixed.1/@mixed.115/@mixed.3"/>
    <target href="assembly.xml#PutIntegrationMessage0"/>
  </connections>
  <connections type="routesTo" sourceAnchorX="0.40963855421686746" sourceAnchorY="0.9333333333333333" targetAnchorX="0.43902439024390244" targetAnchorY="0.43243243243243246">
    <source href="assembly.xml#//@beans/@mixed.1/@mixed.109/@mixed.3"/>
    <target href="assembly.xml#PutIntegrationMessage0"/>
    <bendpoints sourceX="-1" sourceY="87" targetX="400" targetY="-7"/>
  </connections>
  <connections type="routesResponseTo" sourceAnchorX="0.8647058823529412" sourceAnchorY="1.0" targetAnchorX="0.22377622377622378" targetAnchorY="0.5978260869565217">
    <source href="assembly.xml#WorkdayOutRest"/>
    <target href="assembly.xml#SA_LogAndErrorHandle"/>
  </connections>
  <connections type="routesTo" sourceAnchorX="1.0" sourceAnchorY="0.14173228346456693" targetAnchorX="0.3333333333333333" targetAnchorY="0.4307692307692308">
    <source href="assembly.xml#SA_LogAndErrorHandle"/>
    <target href="assembly.xml#Splitter1"/>
  </connections>
  <connections type="routesTo" sourceAnchorX="0.8653846153846154" sourceAnchorY="1.0" targetAnchorX="0.13286713286713286" targetAnchorY="0.782608695652174">
    <source href="assembly.xml#//@beans/@mixed.1/@splitter.4/@subRoute.0"/>
    <target href="assembly.xml#FetchSAValues"/>
  </connections>
  <connections type="routesResponseTo">
    <source href="assembly.xml#callGetProcessReport"/>
    <target href="assembly.xml#CallFetchReportOutput"/>
  </connections>
  <connections type="routesResponseTo" targetAnchorX="0.014184397163120567" targetAnchorY="0.574468085106383">
    <source href="assembly.xml#WorkdayOutRestDailyReport"/>
    <target href="assembly.xml#AsyncMediation13"/>
  </connections>
  <connections type="routesTo">
    <source href="assembly.xml#//@beans/@mixed.1/@mixed.105/@mixed.3"/>
    <target href="assembly.xml#PutIntegrationMessage1"/>
  </connections>
  <connections type="routesTo" sourceAnchorX="1.0" sourceAnchorY="0.6216216216216216" targetAnchorX="0.3708609271523179" targetAnchorY="0.3695652173913043">
    <source href="assembly.xml#EvaluateThresholdTime"/>
    <target href="assembly.xml#GetDetailsFrmHashmap"/>
  </connections>
  <connections type="routesTo" sourceAnchorX="1.0" sourceAnchorY="0.2717391304347826" targetAnchorX="0.2222222222222222" targetAnchorY="0.46107784431137727">
    <source href="assembly.xml#GetDetailsFrmHashmap"/>
    <target href="assembly.xml#Route0"/>
  </connections>
  <connections type="routesTo" sourceAnchorX="0.7777777777777778" sourceAnchorY="1.0" targetAnchorX="0.5446009389671361" targetAnchorY="0.3783783783783784">
    <source href="assembly.xml#//@beans/@mixed.1/@mixed.133/@mixed.3"/>
    <target href="assembly.xml#PutIntegrationMessage10"/>
  </connections>
  <connections type="routesTo" sourceAnchorX="0.6296296296296297" sourceAnchorY="1.0" targetAnchorX="0.5280898876404494" targetAnchorY="0.1875">
    <source href="assembly.xml#//@beans/@mixed.1/@route.3/@subRoute.0"/>
    <target href="assembly.xml#CreateErrorMessage"/>
  </connections>
  <connections type="routesTo" sourceAnchorX="0.75" sourceAnchorY="1.0" targetAnchorX="0.32450331125827814" targetAnchorY="0.33695652173913043">
    <source href="assembly.xml#//@beans/@mixed.1/@route.3/@subRoute.1"/>
    <target href="assembly.xml#CreateErrorMsg"/>
  </connections>
  <connections type="routesTo" sourceAnchorX="0.8017241379310345" sourceAnchorY="1.0" targetAnchorX="0.22727272727272727" targetAnchorY="0.6086956521739131">
    <source href="assembly.xml#//@beans/@mixed.1/@route.3/@subRoute.2"/>
    <target href="assembly.xml#DoNothing"/>
  </connections>
  <connections type="routesTo">
    <source href="assembly.xml#FetchSAValues"/>
    <target href="assembly.xml#CallEvaluateThresholdTime"/>
  </connections>
  <connections type="routesTo" sourceAnchorX="0.9006211180124224" sourceAnchorY="1.0" targetAnchorX="0.25165562913907286" targetAnchorY="0.7391304347826086">
    <source href="assembly.xml#CreateErrorMgs"/>
    <target href="assembly.xml#WriteErrorMessage1"/>
  </connections>
  <connections type="routesTo" sourceAnchorX="1.0" sourceAnchorY="0.23958333333333334" targetAnchorX="0.371900826446281" targetAnchorY="0.2972972972972973">
    <source href="assembly.xml#WriteErrorMessage1"/>
    <target href="assembly.xml#Aggregator0"/>
  </connections>
  <connections type="routesTo" sourceAnchorX="1.0" sourceAnchorY="0.22641509433962265" targetAnchorX="0.32450331125827814" targetAnchorY="0.42391304347826086">
    <source href="assembly.xml#Aggregator0"/>
    <target href="assembly.xml#StoreMessage"/>
  </connections>
  <connections type="routesTo" sourceAnchorX="1.0" sourceAnchorY="0.19791666666666666" targetAnchorX="0.4745762711864407" targetAnchorY="0.5405405405405406">
    <source href="assembly.xml#StoreMessage"/>
    <target href="assembly.xml#EmailOut0"/>
  </connections>
  <connections type="routesResponseTo" sourceAnchorX="0.7711864406779662" sourceAnchorY="1.0" targetAnchorX="0.6490066225165563" targetAnchorY="0.31521739130434784">
    <source href="assembly.xml#EmailOut0"/>
    <target href="assembly.xml#AsyncMediation2"/>
  </connections>
  <connections type="routesTo" sourceAnchorX="1.0" sourceAnchorY="0.17391304347826086" targetAnchorX="0.13145539906103287" targetAnchorY="0.3783783783783784">
    <source href="assembly.xml#AsyncMediation2"/>
    <target href="assembly.xml#PutIntegrationMessage3"/>
  </connections>
  <connections type="routesTo" sourceAnchorX="1.0" sourceAnchorY="0.16666666666666666" targetAnchorX="0.09195402298850575" targetAnchorY="0.19811320754716982">
    <source href="assembly.xml#WriteErrorMessage"/>
    <target href="assembly.xml#Aggregator"/>
  </connections>
  <connections type="routesTo" sourceAnchorX="1.0" sourceAnchorY="0.16037735849056603" targetAnchorX="0.30456852791878175" targetAnchorY="0.3958333333333333">
    <source href="assembly.xml#Aggregator"/>
    <target href="assembly.xml#AsyncMediation00"/>
  </connections>
  <connections type="routesTo" sourceAnchorX="1.0" sourceAnchorY="0.20833333333333334" targetAnchorX="0.1596244131455399" targetAnchorY="0.5405405405405406">
    <source href="assembly.xml#AsyncMediation00"/>
    <target href="assembly.xml#PutIntegrationMessage2"/>
  </connections>
  <connections type="routesTo">
    <source href="assembly.xml#CreateErrorMessage"/>
    <target href="assembly.xml#CallCreateErrorMgs"/>
  </connections>
  <connections type="routesTo">
    <source href="assembly.xml#CreateErrorMsg"/>
    <target href="assembly.xml#CallCreateErrorMgs"/>
  </connections>
  <connections type="routesTo">
    <source href="assembly.xml#AsyncMediation1"/>
    <target href="assembly.xml#Aggregator0"/>
  </connections>
  <connections type="routesResponseTo">
    <source href="assembly.xml#CallFetchReportOutput"/>
    <target href="assembly.xml#CallAggregate"/>
  </connections>
  <connections type="routesResponseTo">
    <source href="assembly.xml#CallAggregate"/>
    <target href="assembly.xml#callGetProcessResult"/>
  </connections>
  <connections type="routesTo">
    <source href="assembly.xml#Aggregate-webservice"/>
    <target href="assembly.xml#AsyncMediation1"/>
  </connections>
  <connections type="routesTo">
    <source href="assembly.xml#//@beans/@mixed.1/@mixed.163/@mixed.3"/>
    <target href="assembly.xml#PutIntegrationMessage4"/>
  </connections>
  <connections type="routesTo">
    <source href="assembly.xml#//@beans/@mixed.1/@mixed.157/@mixed.3"/>
    <target href="assembly.xml#PutIntegrationMessage5"/>
  </connections>
  <connections type="routesTo">
    <source href="assembly.xml#//@beans/@mixed.1/@mixed.153/@mixed.3"/>
    <target href="assembly.xml#PutIntegrationMessage6"/>
  </connections>
  <connections type="routesTo">
    <source href="assembly.xml#//@beans/@mixed.1/@mixed.91/@mixed.3"/>
    <target href="assembly.xml#PutIntegrationMessage7"/>
  </connections>
  <connections type="routesResponseTo">
    <source href="assembly.xml#Call-CollateAndSendMail"/>
    <target href="assembly.xml#CallLongRunningReportProcess"/>
  </connections>
  <connections type="routesResponseTo">
    <source href="assembly.xml#CallLongRunningReportProcess"/>
    <target href="assembly.xml#CallReportForceBatchEmail"/>
  </connections>
  <connections type="routesResponseTo">
    <source href="assembly.xml#CallReportForceBatchEmail"/>
    <target href="assembly.xml#CallReportAudit"/>
  </connections>
  <connections type="routesTo">
    <source href="assembly.xml#GetLongRunningReports"/>
    <target href="assembly.xml#AsyncMediation3"/>
  </connections>
  <connections type="routesTo">
    <source href="assembly.xml#AsyncMediation3"/>
    <target href="assembly.xml#WorkdayOutRest0"/>
  </connections>
  <connections type="routesTo">
    <source href="assembly.xml#//@beans/@mixed.1/@mixed.187/@mixed.3"/>
    <target href="assembly.xml#CallSubRoutine1"/>
  </connections>
  <connections type="routesResponseTo">
    <source href="assembly.xml#WorkdayOutRest0"/>
    <target href="assembly.xml#AsyncMediation4"/>
  </connections>
  <connections type="routesTo">
    <source href="assembly.xml#AsyncMediation4"/>
    <target href="assembly.xml#Splitter2"/>
  </connections>
  <connections type="routesTo">
    <source href="assembly.xml#//@beans/@mixed.1/@mixed.191/@mixed.3"/>
    <target href="assembly.xml#CallSubRoutine2"/>
  </connections>
  <connections type="routesTo">
    <source href="assembly.xml#//@beans/@mixed.1/@mixed.195/@mixed.3"/>
    <target href="assembly.xml#CallSubRoutine3"/>
  </connections>
  <connections type="routesTo">
    <source href="assembly.xml#//@beans/@mixed.1/@splitter.5/@subRoute.0"/>
    <target href="assembly.xml#AsyncMediation5"/>
  </connections>
  <connections type="routesTo">
    <source href="assembly.xml#AsyncMediation5"/>
    <target href="assembly.xml#Route1"/>
  </connections>
  <connections type="routesTo">
    <source href="assembly.xml#//@beans/@mixed.1/@route.4/@subRoute.0"/>
    <target href="assembly.xml#AsyncMediation6"/>
  </connections>
  <connections type="routesTo">
    <source href="assembly.xml#//@beans/@mixed.1/@route.4/@subRoute.1"/>
    <target href="assembly.xml#AsyncMediation7"/>
  </connections>
  <connections type="routesTo">
    <source href="assembly.xml#AsyncMediation6"/>
    <target href="assembly.xml#CallSendEmail"/>
  </connections>
  <connections type="routesResponseTo">
    <source href="assembly.xml#CallSendEmail"/>
    <target href="assembly.xml#CallAuditFile"/>
  </connections>
  <connections type="routesTo">
    <source href="assembly.xml#SendReportEmail"/>
    <target href="assembly.xml#AsyncMediation9"/>
  </connections>
  <connections type="routesTo">
    <source href="assembly.xml#//@beans/@mixed.1/@mixed.217/@mixed.3"/>
    <target href="assembly.xml#CallSubRoutine"/>
    <bendpoints sourceX="-2" sourceY="88" targetX="-215" targetY="-1"/>
  </connections>
  <connections type="routesTo">
    <source href="assembly.xml#ForceEmailAgg"/>
    <target href="assembly.xml#Aggregator1"/>
  </connections>
  <connections type="routesTo">
    <source href="assembly.xml#AsyncMediation9"/>
    <target href="assembly.xml#Aggregator1"/>
  </connections>
  <connections type="routesTo">
    <source href="assembly.xml#Aggregator1"/>
    <target href="assembly.xml#AsyncMediation10"/>
  </connections>
  <connections type="routesTo">
    <source href="assembly.xml#//@beans/@mixed.1/@mixed.221/@mixed.3"/>
    <target href="assembly.xml#CallSubRoutine"/>
    <bendpoints sourceX="3" sourceY="79" targetX="181" targetY="-1"/>
  </connections>
  <connections type="routesTo">
    <source href="assembly.xml#AsyncMediation10"/>
    <target href="assembly.xml#EmailOut1"/>
  </connections>
  <connections type="routesTo">
    <source href="assembly.xml#ReportAuditFile"/>
    <target href="assembly.xml#AsyncMediation11"/>
  </connections>
  <connections type="routesTo">
    <source href="assembly.xml#AsyncMediation11"/>
    <target href="assembly.xml#Aggregator2"/>
  </connections>
  <connections type="routesTo">
    <source href="assembly.xml#ForceReportAudit"/>
    <target href="assembly.xml#Aggregator2"/>
  </connections>
  <connections type="routesTo">
    <source href="assembly.xml#//@beans/@mixed.1/@mixed.229/@mixed.3"/>
    <target href="assembly.xml#CallSubRoutine0"/>
    <bendpoints sourceX="-1" sourceY="66" targetX="-222" targetY="-1"/>
  </connections>
  <connections type="routesTo">
    <source href="assembly.xml#//@beans/@mixed.1/@mixed.237/@mixed.3"/>
    <target href="assembly.xml#CallSubRoutine0"/>
    <bendpoints sourceX="-5" sourceY="95" targetX="259" targetY="1"/>
  </connections>
  <connections type="routesTo">
    <source href="assembly.xml#Aggregator2"/>
    <target href="assembly.xml#AsyncMediation12"/>
  </connections>
  <connections type="routesTo">
    <source href="assembly.xml#AsyncMediation12"/>
    <target href="assembly.xml#CallSubRoutine4"/>
  </connections>
  <connections type="routesTo">
    <source href="assembly.xml#AsyncMediation7"/>
    <target href="assembly.xml#CallSubRoutine5"/>
  </connections>
  <connections type="routesTo">
    <source href="assembly.xml#//@beans/@mixed.1/@mixed.243/@mixed.3"/>
    <target href="assembly.xml#CallSubRoutine6"/>
  </connections>
  <connections type="routesTo">
    <source href="assembly.xml#//@beans/@mixed.1/@mixed.79/@mixed.3"/>
    <target href="assembly.xml#CallSubRoutine7"/>
  </connections>
  <connections type="routesTo">
    <source href="assembly.xml#AsyncMediation15"/>
    <target href="assembly.xml#mainFileDocIterator"/>
  </connections>
  <connections type="routesTo">
    <source href="assembly.xml#//@beans/@mixed.1/@mixed.251/@mixed.3"/>
    <target href="assembly.xml#CallSubRoutine8"/>
  </connections>
  <connections type="routesTo">
    <source href="assembly.xml#GetProcessResult"/>
    <target href="assembly.xml#WorkdayOutRestDailyReport"/>
  </connections>
  <connections type="routesTo" targetAnchorX="0.0" targetAnchorY="0.3">
    <source href="assembly.xml#AsyncMediation13"/>
    <target href="assembly.xml#Splitter"/>
  </connections>
  <connections type="routesTo">
    <source href="assembly.xml#//@beans/@mixed.1/@splitter.6/@subRoute.0"/>
    <target href="assembly.xml#ExtractValuesOutofReport"/>
  </connections>
  <connections type="routesTo">
    <source href="assembly.xml#//@beans/@mixed.1/@mixed.249/@mixed.3"/>
    <target href="assembly.xml#EventwithError"/>
  </connections>
  <connections type="routesTo">
    <source href="assembly.xml#AsyncMediation14"/>
    <target href="assembly.xml#EventComplete"/>
  </connections>
  <connections type="routesResponseTo" sourceAnchorX="0.7062937062937062" sourceAnchorY="1.0" targetAnchorX="0.7284768211920529" targetAnchorY="0.08108108108108109">
    <source href="assembly.xml#CallReportAudit"/>
    <target href="assembly.xml#IntegrationEventStatus"/>
  </connections>
  <connections type="routesTo">
    <source href="assembly.xml#EventIn"/>
    <target href="assembly.xml#AsyncMediation14"/>
  </connections>
  <connections type="routesTo" sourceAnchorX="1.0" sourceAnchorY="0.21739130434782608" targetAnchorX="0.7850467289719626" targetAnchorY="0.4675324675324675">
    <source href="assembly.xml#Error-Handler"/>
    <target href="assembly.xml#Splitter0"/>
  </connections>
  <connections type="routesTo" sourceAnchorX="0.45454545454545453" sourceAnchorY="1.0" targetAnchorX="0.2608695652173913" targetAnchorY="0.40540540540540543">
    <source href="assembly.xml#//@beans/@mixed.1/@mixed.263/@mixed.3"/>
    <target href="assembly.xml#PutIntegrationMessage"/>
  </connections>
  <connections type="routesTo" sourceAnchorX="0.2283464566929134" sourceAnchorY="1.0" targetAnchorX="0.18848167539267016" targetAnchorY="0.5405405405405406">
    <source href="assembly.xml#//@beans/@mixed.1/@mixed.41/@mixed.3"/>
    <target href="assembly.xml#PIM-CaptureScheErrors"/>
  </connections>
  <connections type="routesTo" sourceAnchorX="0.5666666666666667" sourceAnchorY="1.0" targetAnchorX="0.36507936507936506" targetAnchorY="0.918918918918919">
    <source href="assembly.xml#//@beans/@mixed.1/@mixed.39/@mixed.3"/>
    <target href="assembly.xml#PIM-LoadRuleFileErrors"/>
  </connections>
  <swimlanes x="-121" y="32" bgColor="10869960" name="Main" orientation="VERTICAL" labelAlignment="LEFT">
    <elements href="assembly.xml#StartHere"/>
    <elements href="assembly.xml#getReportURL"/>
    <elements href="assembly.xml#callGetProcessReport"/>
    <elements href="assembly.xml#CallFetchReportOutput"/>
  </swimlanes>
  <swimlanes x="143" y="20" bgColor="12433105" name="Process Report" labelAlignment="LEFT">
    <elements href="assembly.xml#GetProcessReport"/>
    <elements href="assembly.xml#GetEventDocuments"/>
    <elements href="assembly.xml#AsyncMediation15"/>
    <elements href="assembly.xml#CallSubRoutine8"/>
    <elements href="assembly.xml#mainFileDocIterator"/>
    <elements href="assembly.xml#EvaluateFileRule"/>
  </swimlanes>
  <swimlanes x="141" y="241" bgColor="13743514" name="LoadRuleFile" labelAlignment="LEFT">
    <elements href="assembly.xml#GetRulefile"/>
    <elements href="assembly.xml#AsyncMediation"/>
    <elements href="assembly.xml#splitRaaSResponse"/>
    <elements href="assembly.xml#getHashMapValues0"/>
  </swimlanes>
  <swimlanes x="143" y="516" bgColor="13743514" name="LoadScheduleFile" labelAlignment="LEFT">
    <elements href="assembly.xml#GetScheduleList"/>
    <elements href="assembly.xml#AsyncMediation8"/>
    <elements href="assembly.xml#splitRaaSResponseScheduled"/>
    <elements href="assembly.xml#getHashMapValuesSchedule"/>
  </swimlanes>
  <swimlanes x="143" y="791" bgColor="12433105" name="Process Result" labelAlignment="LEFT">
    <elements href="assembly.xml#GetProcessResult"/>
    <elements href="assembly.xml#WorkdayOutRestDailyReport"/>
    <elements href="assembly.xml#AsyncMediation13"/>
  </swimlanes>
  <swimlanes x="131" y="1090" bgColor="13743514" name="Audit" labelAlignment="LEFT">
    <elements href="assembly.xml#WriteAuditRow"/>
    <elements href="assembly.xml#TranformErrorMessage"/>
    <elements href="assembly.xml#AuditLogAggregator"/>
    <elements href="assembly.xml#AuditLogStore"/>
    <elements href="assembly.xml#AttachauditFile"/>
  </swimlanes>
  <swimlanes x="131" y="1355" bgColor="12433105" name="SendMail" labelAlignment="LEFT">
    <elements href="assembly.xml#SendMail"/>
    <elements href="assembly.xml#CreateMailXml"/>
    <elements href="assembly.xml#MailAggregrator"/>
    <elements href="assembly.xml#PrcsMailXml"/>
    <elements href="assembly.xml#EmailSplit"/>
    <elements href="assembly.xml#FormatEmail"/>
    <elements href="assembly.xml#PutIntegrationMessage7"/>
    <elements href="assembly.xml#EmailOut"/>
  </swimlanes>
  <swimlanes x="1168" y="1634" bgColor="6640359" name="Error Handler" orientation="VERTICAL" labelAlignment="LEFT">
    <elements href="assembly.xml#//@beans/@mixed.1/@mixed.93"/>
    <elements href="assembly.xml#Note-Error"/>
  </swimlanes>
  <swimlanes x="131" y="1609" name="Swimlane">
    <elements href="assembly.xml#RetrieveWebServiceMap"/>
    <elements href="assembly.xml#Error-Handler"/>
    <elements href="assembly.xml#Splitter0"/>
    <elements href="assembly.xml#SaveISUDetails"/>
  </swimlanes>
  <swimlanes name="Swimlane" orientation="VERTICAL">
    <elements href="assembly.xml#FetchError"/>
    <elements href="assembly.xml#PutIntegrationMessage0"/>
  </swimlanes>
  <swimlanes x="149" y="1907" name="Swimlane">
    <elements href="assembly.xml#FetchReportOutput"/>
    <elements href="#//@swimlanes.9"/>
    <elements href="assembly.xml#WorkdayOutRest"/>
    <elements href="assembly.xml#SA_LogAndErrorHandle"/>
    <elements href="assembly.xml#Splitter1"/>
    <elements href="#//@swimlanes.15"/>
    <elements href="assembly.xml#CallEvaluateThresholdTime"/>
  </swimlanes>
  <swimlanes name="Swimlane" orientation="VERTICAL">
    <elements href="assembly.xml#GetDetailsFrmHashmap"/>
    <elements href="assembly.xml#PutIntegrationMessage10"/>
  </swimlanes>
  <swimlanes name="Swimlane" orientation="VERTICAL">
    <elements href="assembly.xml#CreateErrorMessage"/>
    <elements href="assembly.xml#CreateErrorMsg"/>
    <elements href="assembly.xml#DoNothing"/>
  </swimlanes>
  <swimlanes x="162" y="2264" name="Swimlane">
    <elements href="assembly.xml#EvaluateThresholdTime"/>
    <elements href="#//@swimlanes.11"/>
    <elements href="assembly.xml#Route0"/>
    <elements href="#//@swimlanes.12"/>
    <elements href="assembly.xml#CallCreateErrorMgs"/>
  </swimlanes>
  <swimlanes x="185" y="2877" name="Swimlane">
    <elements href="assembly.xml#CreateErrorMgs"/>
    <elements href="assembly.xml#WriteErrorMessage1"/>
    <elements href="assembly.xml#Aggregator0"/>
    <elements href="assembly.xml#StoreMessage"/>
    <elements href="assembly.xml#EmailOut0"/>
    <elements href="assembly.xml#AsyncMediation2"/>
    <elements href="assembly.xml#WriteErrorMessage"/>
    <elements href="assembly.xml#Aggregator"/>
    <elements href="assembly.xml#AsyncMediation00"/>
    <elements href="assembly.xml#PutIntegrationMessage2"/>
  </swimlanes>
  <swimlanes x="1108" y="2021" name="" orientation="VERTICAL" alignment="MIDDLE">
    <elements href="assembly.xml#FetchSAValues"/>
    <elements href="assembly.xml#PutIntegrationMessage1"/>
  </swimlanes>
</wdnm:Diagram>
