<?xml version="1.0" encoding="UTF-8"?>
<beans
     xmlns="http://www.springframework.org/schema/beans"
     xmlns:beans="http://www.springframework.org/schema/beans"
     xmlns:atom="http://www.w3.org/2005/Atom"
     xmlns:cc="http://www.capeclear.com/assembly/10"
     xmlns:cloud="urn:com.workday/esb/cloud/10.0"
     xmlns:env="http://schemas.xmlsoap.org/soap/envelope/"
     xmlns:ns0="http://www.workday.com/integration/INT0078/"
     xmlns:pi="urn:com.workday/picof"
     xmlns:wd="urn:com.workday/bsvc"
     xmlns:xsi="http://www.w3.org/2001/XMLSchema-instance">
 
	<cc:assembly id="WorkdayAssembly" version="2020.9">
        <cc:local-out id="Error_GetInventorySubProcess" store-message="both" endpoint="vm://INT10114-Inventory-Usage-Inbound/ErrorHandler">
            <cc:set name="step.id" value="'Get Inventory Balance Subprocess'"/>
            <cc:set name="initial.retrieval" value="false"/>
        </cc:local-out>
        <cc:workday-out-soap id="SubmitQuickIssueRequest" execute-when="props['Quantity.Available'] != 0 &amp;&amp; props['Quantity'] != 0" application="Inventory" version="v33.2"/>
        <cc:async-mediation id="ValidationMode-02" routes-to="SubmitQuickIssueRequest" execute-steps-when="props['lp.validation.mode'] == '1' || props['lp.validation.mode'] == true" handle-downstream-errors="true">
            <cc:steps>
                <cc:set-headers id="ValidationOn-02">
                    <cc:remove-headers/>
                    <cc:add-headers>
                        <cc:add-header name="X-Validate-Only" value="1"/>
                    </cc:add-headers>
                </cc:set-headers>
            </cc:steps>
            <cc:send-error id="SendError" routes-to="Error_QuickIssueSubProcess"/>
        </cc:async-mediation>
        <cc:local-in id="ProcessGetInventoryBalance" routes-to="GetItemBalance"/>
        <cc:local-out id="Call_AuditRow" store-message="none" execute-when="props['error.free.quick.issue']" endpoint="vm://INT10114-Inventory-Usage-Inbound/SubWriteAuditRow">
            <cc:set name="integration.message" value="props['success.integration.message']"/>
            
        <cc:set name="status" value="props['status']"/></cc:local-out>
        <cc:async-mediation id="CountSuccess" routes-to="QtyAdjustment" execute-steps-when="props['error.free.quick.issue']">
            <cc:steps>
                <cc:eval id="Eval">
                    <cc:expression>props['success.count'] = props['success.count'] + 1 </cc:expression>
                    <cc:expression>props['audit.step']= ''</cc:expression>
                    <cc:expression>props['integration.message'] = ''</cc:expression>
                    <cc:expression>props['status']='Success'</cc:expression>
                </cc:eval>
            </cc:steps>
        </cc:async-mediation>
        <cc:local-out id="Call_SubmitQuickIssue" store-message="none" execute-when="props['error.free.quick.issue']" routes-response-to="CountSuccess" endpoint="vm://INT10114-Inventory-Usage-Inbound/ProcessSubmitQuickIssue"/>
        <cc:async-mediation id="PrepWorkerRow" routes-to="Call_GetInventoryBalance" handle-downstream-errors="true">
            <cc:steps>
                <cc:copy id="Copy" output="variable" output-variable="item.row" stream-xpath="true"/>
                <cc:eval id="InputProps">
                    <cc:expression>props['Item.id'] = parts[0].xpath(&quot;/Item/ItemID&quot;)</cc:expression>
                    <cc:expression>props['Purchase.Item.Ref.id'] = parts[0].xpath(&quot;/Item/PurchaseItemRefID&quot;)</cc:expression>
                    <cc:expression>props['UnitofMeasure'] = parts[0].xpath(&quot;/Item/UnitofMeasure&quot;)</cc:expression>
                    <cc:expression>props['Quantity'] = parts[0].xpath(&quot;/Item/Quantity&quot;)</cc:expression>
                    <cc:expression>props['Memo'] = parts[0].xpath(&quot;/Item/Memo&quot;)</cc:expression>
                    <cc:expression>props['Quantity.Available'] = 0</cc:expression>
                </cc:eval>
                <cc:eval id="Counters">
                    <cc:expression>props['split.counter'] = props['split.counter'] + 1</cc:expression>
                    <cc:expression>props['ee.error.count'] = 0 </cc:expression>
                    <cc:expression>props['error.free.quick.issue'] = true</cc:expression>
                    <cc:expression>props['success.integration.message'] = 'Success, ' + props['Quantity'] + ' is Issued.'</cc:expression>
                </cc:eval>
            </cc:steps>
        </cc:async-mediation>
        <cc:splitter id="SplitByWorker" no-split-message-error="false">
            <cc:sub-route name="SubRouteWorker" routes-to="PrepWorkerRow"/>
            <cc:xml-stream-splitter xpath="/ns0:File/Item"/>
        </cc:splitter>
        <cc:local-in id="Process-Worker" store-message="both" routes-to="ProcessAsync" use-global-error-handlers="true"/>
        <cc:local-out id="SubAudit_Log" endpoint="vm://wcc/PutIntegrationMessage">
            <cc:set name="is.message.severity" value="(props['fail.count'] == 0) ? 'INFO' : 'ERROR'"/>
            <cc:set name="is.message.summary" value="'Audit Log is attached.'"/>
            <cc:set name="is.document.variable.name" value="'audit.xls.output'"/>
            <cc:set name="is.document.file.name" value="'INT0078_ccw_usuage_Audit.xls'"/>
        </cc:local-out>
        <cc:async-mediation id="SubAuditStore" routes-to="SubAudit_Log">
            <cc:steps>
                <cc:xml-to-csv id="XmlToCsv" output="variable" output-mimetype="text/csv" output-variable="audit.csv" writeHeaderLine="true"/>
                <cc:text-excel id="TextExcel" output="variable" output-variable="audit.xls" input="variable" input-variable="audit.csv" style="text2excel"/>
                <cc:store id="Audit_Store" output="variable" output-variable="audit.xls.output" input="variable" input-variable="audit.xls" collection="@{props['source.name']}" createDocumentReference="true" expiresIn="P180D" title="INT0078_ccw_usuage_Audit.xls"/>
            </cc:steps>
        </cc:async-mediation>
        <cc:aggregator id="SubAuditAggregator" routes-to="SubAuditStore" collate-when="props['process.batch'] == false" force-batch-on-last-message="false" force-batch-when="props['process.batch'] == true">
            <cc:size-batch-strategy batch-size="-1"/>
            <cc:xml-message-content-collater>
        <cc:header-text>&lt;Audit></cc:header-text>
        <cc:footer-text>&lt;/Audit></cc:footer-text>
      </cc:xml-message-content-collater>
        </cc:aggregator>
        <cc:local-in id="SubFinalizeLog" routes-to="SubAuditAggregator">
            
        <cc:parameter default="true" name="process.batch"/></cc:local-in>
        <cc:local-out id="Error_SubWriteAuditRow" store-message="both" endpoint="vm://INT10114-Inventory-Usage-Inbound/ErrorHandler">
            <cc:set name="step.id" value="'Audit Row Process'"/>
            <cc:set name="initial.retrieval" value="false"/>
        </cc:local-out>
        <cc:async-mediation id="SubWriteAuditRowStep" routes-to="SubAuditAggregator">
            <cc:steps>
                <cc:xslt id="Xslt" url="AuditRow.xsl"/>
            </cc:steps>
            <cc:send-error id="SendError" routes-to="Error_SubWriteAuditRow"/>
        </cc:async-mediation>
        <cc:local-in id="SubWriteAuditRow" store-message="both" routes-to="SubWriteAuditRowStep">
            <cc:parameter documentation="Pass the integration message to display in audit log" name="integration.message"/>
            <cc:parameter documentation="Pass the status to display in audit log" name="status"/>
        </cc:local-in>
        <cc:local-out id="Call_AuditRow_2" store-message="both" endpoint="vm://INT10114-Inventory-Usage-Inbound/SubWriteAuditRow">
            <cc:set name="integration.message" value="props['error.integration.message']"/>
            <cc:set name="status" value="props['status']"/>
        </cc:local-out>
        <cc:async-mediation id="Error_Message" routes-to="Call_AuditRow_2">
            <cc:steps>
                <cc:eval id="IntegrationMessage">
					<cc:expression>props['init.error.message'] = 'The following error has occured at ' # props['step.id'] # ': '# context.getErrorMessage() </cc:expression>
					<cc:expression>props['process.error.message'] = 'The following error has occured for ' # props['Item.id'] # ' during ' # props['step.id'] # ': ' # context.getErrorMessage() </cc:expression>
					<cc:expression>props['error.integration.message'] =props['initial.retrieval'] == true ? props['init.error.message'] :props['process.error.message']</cc:expression>
				</cc:eval>
            </cc:steps>
        </cc:async-mediation>
        <cc:async-mediation id="ErrorHandler_Step" routes-to="Error_Message">
            <cc:steps>
                <cc:set-headers id="ValidationOff">
                    <cc:remove-headers>
                        <cc:remove-header name="X-Validate-Only"/>
                    </cc:remove-headers>
                    <cc:add-headers/>
                </cc:set-headers>
                <cc:eval id="Eval">
                    <cc:expression>// props['error.free'] = false</cc:expression>
                    <cc:expression>// props['fail.count'] = props['initial.retrieval'] == true ? props['fail.count'] : props['fail.count'] + 1</cc:expression>
                    <cc:expression>// props['ee.error.count'] = props['ee.error.count'] + 1</cc:expression>
                    <cc:expression>props['fail.count'] = props['fail.count'] + 1</cc:expression>
                    <cc:expression>// if (props['ee.error.count'] == 2) {props['fail.count'] =props['fail.count'] - 1}</cc:expression>
                    <cc:expression>// props['process.batch'] = true</cc:expression>
                    <cc:expression>props['status'] = 'Error'</cc:expression>
                    <cc:expression>props['error.free.quick.issue'] = false</cc:expression>
                </cc:eval>
            </cc:steps>
        </cc:async-mediation>
        <cc:local-in id="ErrorHandler" routes-to="ErrorHandler_Step">
            <cc:parameter documentation="The point of entry" name="step.id"/>
            <cc:parameter default="false" name="initial.retrieval"/>
        </cc:local-in>
        <cc:local-out id="Call_Critical_Event" endpoint="vm://wcc/PutIntegrationEvent">
            <cc:set name="is.event.completed" value="&quot;current&quot;"/>
        </cc:local-out>
        <cc:local-out id="Call_Critical_Message" routes-response-to="Call_Critical_Event" endpoint="vm://wcc/PutIntegrationMessage">
            <cc:set name="is.message.severity" value="'CRITICAL'"/>
            <cc:set name="is.message.summary" value="'An unexpected error occurred at step ' + props['step.id'] + '.'"/>
            <cc:set name="is.message.detail" value="context.errorMessage + '.\n Please review the input files that should be retrieved in the business process.'"/>
        </cc:local-out>
        <cc:async-mediation id="CriticalErrorHandler" routes-to="Call_Critical_Message" handle-downstream-errors="true">
            <cc:steps>
                <cc:set-headers id="ValidationOff">
                    <cc:remove-headers>
                        <cc:remove-header name="X-Validate-Only"/>
                    </cc:remove-headers>
                    <cc:add-headers/>
                </cc:set-headers>
            </cc:steps>
        </cc:async-mediation>
        <cc:send-error id="Critical_Error" routes-to="CriticalErrorHandler"/>
        <cc:local-out id="Call_FinalizeLog" store-message="both" endpoint="vm://INT10114-Inventory-Usage-Inbound/SubFinalizeLog">
            
        <cc:set name="process.batch" value="props['process.batch']  = true"/></cc:local-out>
        <cc:local-out id="Call_Process-Worker" store-message="both" endpoint="vm://INT10114-Inventory-Usage-Inbound/Process-Worker">
			
			
		</cc:local-out>
        <cc:local-out id="Error_DocRetrieval" store-message="none" endpoint="vm://INT10114-Inventory-Usage-Inbound/ErrorHandler">
            <cc:set name="step.id" value="'Document Retrieval'"/>
            <cc:set name="initial.retrieval" value="true"/>
        </cc:local-out>
        <cc:async-mediation id="Load-Convert-InputDataCSV-XML" routes-to="Call_Process-Worker" handle-downstream-errors="true">
            <cc:steps>
                <cc:eval id="RetrieveDoc">
					<cc:expression>props['file.name'] = 'Sample File'</cc:expression>
					<cc:expression>if (da.size() > 0 ) {props['file.name'] = vars['wd.retrieve.variable'].fileName}</cc:expression>										
				</cc:eval>
                <cc:csv-to-xml id="CsvToXml" output="message" output-mimetype="text/xml" input="variable" input-variable="wd.retrieve.variable" format="rfc4180" rootName="root&#x9;" rowName="row" useFirstLineAsHeader="true"/>
                <cc:xslt id="GroupbyItem" url="INT0078-GroupTransactionByItem.xsl"/>
            </cc:steps>
            <cc:send-error id="SendError" routes-to="Error_DocRetrieval"/>
        </cc:async-mediation>
        <cc:route id="GetInputCSVDataFile">
            <cc:doc-iterator/>
            <cc:sub-route name="ProcessFile" routes-to="Load-Convert-InputDataCSV-XML"/>
        </cc:route>
        <cc:async-mediation id="SetProps" routes-to="Integration-ValidationModeEnabled">
            <cc:steps>
                <cc:eval id="Init">
                    <cc:expression>props['lp.validation.mode'] = lp.getSimpleData('Validation Mode')</cc:expression>
                    <cc:expression>props['lp.current.run.datetime'] = lp.getSimpleData(&quot;As Of Entry DateTime&quot;)</cc:expression>
                    <cc:expression>props['lp.current.run.date'] = props['lp.current.run.datetime'].substring(0,10)</cc:expression>
                    <cc:expression>props['source.name'] = intsys.getName().substring('0',intsys.getName().lastIndexOf('/'))</cc:expression>
                    <cc:expression>props['collection.name'] = props['source.name'].substring('0',props['source.name'].lastIndexOf('/'))</cc:expression>
                    <cc:expression>props['source.name'] = props['source.name'].substring(props['source.name'].lastIndexOf('/')+1)</cc:expression>
                    <cc:expression>props['int.sys.id'] = intsys.getName()</cc:expression>
                    <cc:expression>props['is.last.record'] = util.isLastMessageInBatch()</cc:expression>
                </cc:eval>
                <cc:eval id="Properities">
                    <cc:expression>props['location.id'] = intsys.getAttributeReferenceData('Inventory Location','Location_ID')</cc:expression>
                    <cc:expression>props['site.location.id'] = intsys.getAttributeReferenceData('Inventory Location','Location_ID')</cc:expression>
                    <cc:expression>props['company.id'] = intsys.getAttributeReferenceData('Inventory Company','Company_Reference_ID')</cc:expression>
                    <cc:expression>props['comment'] = intsys.getAttribute('Quick Issue Comment')</cc:expression>
                    <cc:expression>props['user.id'] = intsys.getAttributeReferenceData('Issue to User','Employee_ID')</cc:expression>
                    <cc:expression>props['fail.count'] = 0; props['success.count'] = 0; props['split.counter'] = 0; props['warning.count'] = 0;</cc:expression>
                    <cc:expression>props['process.batch'] = false</cc:expression>
                </cc:eval>
                <cc:log id="Log">
                    <cc:log-message>
                        <cc:line-separator/>
                        <cc:text>&#xD;
props['location.id']=@{props['location.id']}&#xD;
props['company.id']=@{props['company.id']}&#xD;
props['comment']=@{props['comment']}</cc:text>
                        <cc:line-separator/>
                    </cc:log-message>
                </cc:log>
            </cc:steps>
        </cc:async-mediation>
        <cc:workday-in id="Start_Here" routes-to="SetProps">
            <cc:integration-system name="INT10114 Inventory Usage Inbound">
        <cloud:param name="Validation Mode">
          <cloud:type>
            <cloud:simple-type>boolean</cloud:simple-type>
          </cloud:type>
          <cloud:default>
            <cloud:boolean>true</cloud:boolean>
          </cloud:default>
        </cloud:param>
        <cloud:param name="As Of Entry DateTime">
          <cloud:type>
            <cloud:simple-type>datetime</cloud:simple-type>
          </cloud:type>
          <cloud:default>
            <cloud:class-report-field description="Datetime of Last Successful Integration Event" type="WID">63c2b4d3c2f34e21aeadbc6661a717f5</cloud:class-report-field>
          </cloud:default>
        </cloud:param>
        <cloud:attribute-map-service name="INT10114-Attributes and Maps Generic">
          <cloud:attribute name="Quick Issue Comment">
            <cloud:type>
              <cloud:simple-type>text</cloud:simple-type>
            </cloud:type>
          </cloud:attribute>
          <cloud:attribute name="Inventory Company">
            <cloud:type>
              <cloud:class-report-field description="Inventory Company" type="WID" singular="false">c07f6328b6e41000273a42f2d7d4015b</cloud:class-report-field>
            </cloud:type>
          </cloud:attribute>
          <cloud:attribute name="Inventory Location">
            <cloud:type>
              <cloud:class-report-field description="Inventory Location" type="WID" singular="true">0c18b903f61c10001cb2844c7be70037</cloud:class-report-field>
            </cloud:type>
          </cloud:attribute>
          <cloud:attribute name="Issue to User">
            <cloud:type>
              <cloud:class-report-field description="Issued To" type="WID" singular="true">4b888ed1819b100012d87682a0850082</cloud:class-report-field>
            </cloud:type>
          </cloud:attribute>
        </cloud:attribute-map-service>
        <cloud:retrieval-service name="INT10114-Retrieval"/>
      </cc:integration-system>
        </cc:workday-in>
        <cc:workday-out-soap id="GetInventoryBalance" application="Inventory" version="v33.2"/>
        <cc:async-mediation id="QtyAdjustment" routes-to="Call_AuditRow" execute-steps-when="props['error.free.quick.issue'] &amp;&amp; (props['Quantity'] > props['Quantity.Available'] ) ">
            <cc:steps>
                <cc:eval id="Eval">
                    <cc:expression>props['success.integration.message'] = 'Usage quantity ' + props['Quantity'] + ' is more than available Quantity ' + props['Quantity.Available'] + ' - ' + props['Quantity.Available'] + ' Issued.'</cc:expression>
                    <cc:expression>props['status']='WARNING'</cc:expression>
                    <cc:expression>props['warning.count'] = props['warning.count'] + 1 </cc:expression>
                </cc:eval>
            </cc:steps>
        </cc:async-mediation>
        <cc:sync-mediation id="SubmitQuickIssue_CreateRequest" routes-to="ValidationMode-02" handle-downstream-errors="true">
            <cc:request-steps>
                <cc:xslt id="QtyAvailable" output="variable" output-variable="item.current.balance" url="INT0078-SaveQuantityAvailable.xsl"/>
                <cc:copy id="Merge" output="variable" output-variable="item.row" input="variable" input-variable="item.current.balance" append-to-output-element="true" input-xpath="/wd:Inventory/wd:CurrentItem" output-xpath="/Item" stream-xpath="true"/>
                <cc:eval id="Eval">
                    <cc:expression>props['Quantity.Available']=parts[0].xpath(&quot;/env:Envelope/env:Body/wd:Get_Inventory_Balance_WWS_Main_Response/wd:Get_Inventory_Balance_Detail_Response_Element/wd:Get_Inventory_Balance_Detail_Site_Response_Element/wd:Get_Inventory_Balance_Detail_Site_Response_Element/wd:Get_Inventory_Balance_Location_Quantity_Detail_View_Element/wd:Quantity_Available&quot;)</cc:expression>
                    <cc:expression>if (props['Quantity.Available'] == '') {return props['Quantity.Available'] = 0 }</cc:expression>
                </cc:eval>
                <cc:xslt id="SubmitQuickIssue" input="variable" input-variable="item.row" url="INT0078-BuildSubmitQuickIssueRequest.xsl"/></cc:request-steps>
            <cc:response-steps>
                <cc:set-headers description="ValidationOff" id="ValidationOff"><cc:remove-headers>
    <cc:remove-header name="X-Validate-Only"/>
</cc:remove-headers><cc:add-headers/></cc:set-headers>
            </cc:response-steps>
            <cc:send-error id="SendError" routes-to="Error_QuickIssueSubProcess"/>
        </cc:sync-mediation>
        <cc:local-out id="Integration-ValidationModeEnabled" store-message="none" execute-when="props['lp.validation.mode'] == '1' || props['lp.validation.mode'] == true" routes-response-to="Call_Retrieval" endpoint="vm://wcc/PutIntegrationMessage"><cc:set name="is.message.severity" value="'INFO'"/><cc:set name="is.message.summary" value="'Validation Mode is enabled. Workday records will not be updated.'"/></cc:local-out>
        <cc:local-out id="Call_Retrieval" store-message="none" routes-response-to="Call_FinalizeLog" endpoint="vm://INT10114-Inventory-Usage-Inbound/SubRetrieveInput"/>
        <cc:local-in id="SubRetrieveInput" routes-to="SetProperties-FileRetrieval"/>
        <cc:sync-mediation id="GetItemBalance" routes-to="GetInventoryBalance" handle-downstream-errors="true">
            <cc:request-steps>
                <cc:eval id="Eval">
                    <cc:expression>props['transaction.type'] = 'Submit Inventory Quick Issue'</cc:expression>
                </cc:eval>
                <cc:xslt id="GetInventoryBalance" input="variable" input-variable="item.row" url="INT0078-BuildGetItemQuantityRequest.xsl"/></cc:request-steps>
            <cc:response-steps>
                <cc:set-headers id="ValidationOff"><cc:remove-headers>
    <cc:remove-header name="X-Validate-Only"/>
</cc:remove-headers><cc:add-headers/></cc:set-headers>
            </cc:response-steps>
            <cc:send-error id="SendError" routes-to="Error_GetInventorySubProcess"/>
        </cc:sync-mediation>
        <cc:local-out id="Call_GetInventoryBalance" store-message="none" routes-response-to="Call_SubmitQuickIssue" endpoint="vm://INT10114-Inventory-Usage-Inbound/ProcessGetInventoryBalance"/>
        <cc:local-in id="ProcessSubmitQuickIssue" routes-to="SubmitQuickIssue_CreateRequest"/>
        <cc:local-out id="Error_QuickIssueSubProcess" store-message="none" endpoint="vm://INT10114-Inventory-Usage-Inbound/ErrorHandler"><cc:set name="step.id" value="'Submit Quick Issue Subprocess'"/><cc:set name="initial.retrieval" value="false"/></cc:local-out>
        <cc:sync-mediation id="SetProperties-FileRetrieval" routes-to="GetInputCSVDataFile">
            <cc:request-steps>
                <cc:eval id="Eval">
                    <cc:expression>props['step.id'] = 'Document Retrieval'</cc:expression>
                </cc:eval>
            </cc:request-steps>
            <cc:response-steps>
                <cc:validate-exp id="ValidateExp">
                    <cc:expression failure-message="The integration was not able to pull the input file. ">vars['wd.retrieve.variable'] != null</cc:expression>
                </cc:validate-exp>
            </cc:response-steps>
        </cc:sync-mediation>
        <cc:async-mediation id="ProcessAsync" routes-to="SplitByWorker" handle-downstream-errors="true">
            <cc:steps/>
            <cc:send-error id="SendError" routes-to="Error_Splitter"/>
        </cc:async-mediation>
        <cc:local-out id="Error_Splitter" store-message="none" endpoint="vm://INT10114-Inventory-Usage-Inbound/ErrorHandler"><cc:set name="step.id" value="'Splitter'"/><cc:set name="initial.retrieval" value="true"/></cc:local-out>
	</cc:assembly>

</beans>