<?xml version="1.0" encoding="UTF-8"?>
<wdnm:Diagram xmlns:wdnm="http://workday.com/studio/editors/notation">
  <element href="assembly.xml#WorkdayAssembly"/>
  <visualProperties>
    <element href="assembly.xml#Start_Here"/>
  </visualProperties>
  <visualProperties>
    <element href="assembly.xml#SetProps"/>
  </visualProperties>
  <visualProperties>
    <element href="assembly.xml#GetInputCSVDataFile"/>
  </visualProperties>
  <visualProperties>
    <element href="assembly.xml#Load-Convert-InputDataCSV-XML"/>
  </visualProperties>
  <visualProperties>
    <element href="assembly.xml#Error_DocRetrieval"/>
  </visualProperties>
  <visualProperties>
    <element href="assembly.xml#Call_Process-Worker"/>
  </visualProperties>
  <visualProperties>
    <element href="assembly.xml#Call_FinalizeLog"/>
  </visualProperties>
  <visualProperties>
    <element href="assembly.xml#//@beans/@mixed.1/@mixed.49"/>
  </visualProperties>
  <visualProperties>
    <element href="assembly.xml#CriticalErrorHandler"/>
  </visualProperties>
  <visualProperties>
    <element href="assembly.xml#Call_Critical_Message"/>
  </visualProperties>
  <visualProperties>
    <element href="assembly.xml#Call_Critical_Event"/>
  </visualProperties>
  <visualProperties>
    <element href="assembly.xml#ErrorHandler"/>
  </visualProperties>
  <visualProperties>
    <element href="assembly.xml#ErrorHandler_Step"/>
  </visualProperties>
  <visualProperties>
    <element href="assembly.xml#Error_Message"/>
  </visualProperties>
  <visualProperties>
    <element href="assembly.xml#Call_AuditRow_2"/>
  </visualProperties>
  <visualProperties>
    <element href="assembly.xml#SubWriteAuditRow"/>
  </visualProperties>
  <visualProperties>
    <element href="assembly.xml#SubWriteAuditRowStep"/>
  </visualProperties>
  <visualProperties>
    <element href="assembly.xml#Error_SubWriteAuditRow"/>
  </visualProperties>
  <visualProperties>
    <element href="assembly.xml#SubFinalizeLog"/>
  </visualProperties>
  <visualProperties>
    <element href="assembly.xml#SubAuditAggregator"/>
  </visualProperties>
  <visualProperties>
    <element href="assembly.xml#SubAuditStore"/>
  </visualProperties>
  <visualProperties>
    <element href="assembly.xml#SubAudit_Log"/>
  </visualProperties>
  <visualProperties>
    <element href="assembly.xml#Process-Worker"/>
  </visualProperties>
  <visualProperties>
    <element href="assembly.xml#SplitByWorker"/>
  </visualProperties>
  <visualProperties>
    <element href="assembly.xml#PrepWorkerRow"/>
  </visualProperties>
  <visualProperties>
    <element href="assembly.xml#Call_SubmitQuickIssue"/>
  </visualProperties>
  <visualProperties>
    <element href="assembly.xml#CountSuccess"/>
  </visualProperties>
  <visualProperties>
    <element href="assembly.xml#Call_AuditRow"/>
  </visualProperties>
  <visualProperties>
    <element href="assembly.xml#ProcessGetInventoryBalance"/>
  </visualProperties>
  <visualProperties x="760" y="1351">
    <element href="assembly.xml#ValidationMode-02"/>
  </visualProperties>
  <visualProperties>
    <element href="assembly.xml#SubmitQuickIssueRequest"/>
  </visualProperties>
  <visualProperties>
    <element href="assembly.xml#Error_GetInventorySubProcess"/>
  </visualProperties>
  <visualProperties x="617" y="777">
    <element href="assembly.xml#GetInventoryBalance"/>
  </visualProperties>
  <visualProperties x="1178" y="471">
    <element href="assembly.xml#QtyAdjustment"/>
  </visualProperties>
  <visualProperties x="322" y="1348">
    <element href="assembly.xml#SubmitQuickIssue_CreateRequest"/>
  </visualProperties>
  <visualProperties x="471" y="180">
    <element href="assembly.xml#Integration-ValidationModeEnabled"/>
  </visualProperties>
  <visualProperties x="779" y="171">
    <element href="assembly.xml#Call_Retrieval"/>
  </visualProperties>
  <visualProperties x="88" y="409">
    <element href="assembly.xml#SubRetrieveInput"/>
  </visualProperties>
  <visualProperties x="349" y="941">
    <element href="assembly.xml#GetItemBalance"/>
  </visualProperties>
  <visualProperties x="844" y="684">
    <element href="assembly.xml#Call_GetInventoryBalance"/>
  </visualProperties>
  <visualProperties x="84" y="1413">
    <element href="assembly.xml#ProcessSubmitQuickIssue"/>
  </visualProperties>
  <visualProperties x="718" y="1644">
    <element href="assembly.xml#Error_QuickIssueSubProcess"/>
  </visualProperties>
  <visualProperties x="296" y="346">
    <element href="assembly.xml#SetProperties-FileRetrieval"/>
  </visualProperties>
  <visualProperties x="354" y="675">
    <element href="assembly.xml#ProcessAsync"/>
  </visualProperties>
  <visualProperties x="389" y="800">
    <element href="assembly.xml#Error_Splitter"/>
  </visualProperties>
  <connections type="routesTo">
    <source href="assembly.xml#Start_Here"/>
    <target href="assembly.xml#SetProps"/>
  </connections>
  <connections type="routesTo">
    <source href="assembly.xml#//@beans/@mixed.1/@route.0/@subRoute.0"/>
    <target href="assembly.xml#Load-Convert-InputDataCSV-XML"/>
  </connections>
  <connections type="routesTo">
    <source href="assembly.xml#//@beans/@mixed.1/@mixed.57/@mixed.3"/>
    <target href="assembly.xml#Error_DocRetrieval"/>
  </connections>
  <connections type="routesTo" sourceAnchorX="0.8681318681318682" sourceAnchorY="0.6" targetAnchorX="0.05263157894736842" targetAnchorY="0.648936170212766">
    <source href="assembly.xml#//@beans/@mixed.1/@mixed.49"/>
    <target href="assembly.xml#CriticalErrorHandler"/>
  </connections>
  <connections type="routesTo" sourceAnchorX="1.0" sourceAnchorY="0.3829787234042553" targetAnchorX="0.09340659340659341" targetAnchorY="0.2972972972972973">
    <source href="assembly.xml#CriticalErrorHandler"/>
    <target href="assembly.xml#Call_Critical_Message"/>
  </connections>
  <connections type="routesResponseTo" sourceAnchorX="0.9425287356321839" sourceAnchorY="0.475" targetAnchorX="0.0625" targetAnchorY="0.275">
    <source href="assembly.xml#Call_Critical_Message"/>
    <target href="assembly.xml#Call_Critical_Event"/>
  </connections>
  <connections type="routesTo" targetAnchorX="0.15862068965517243" targetAnchorY="0.5957446808510638">
    <source href="assembly.xml#ErrorHandler"/>
    <target href="assembly.xml#ErrorHandler_Step"/>
  </connections>
  <connections type="routesTo" targetAnchorX="0.08759124087591241" targetAnchorY="0.5212765957446809">
    <source href="assembly.xml#ErrorHandler_Step"/>
    <target href="assembly.xml#Error_Message"/>
  </connections>
  <connections type="routesTo" targetAnchorX="0.17142857142857143" targetAnchorY="0.40540540540540543">
    <source href="assembly.xml#Error_Message"/>
    <target href="assembly.xml#Call_AuditRow_2"/>
  </connections>
  <connections type="routesTo">
    <source href="assembly.xml#SubWriteAuditRow"/>
    <target href="assembly.xml#SubWriteAuditRowStep"/>
  </connections>
  <connections type="routesTo">
    <source href="assembly.xml#SubWriteAuditRowStep"/>
    <target href="assembly.xml#SubAuditAggregator"/>
  </connections>
  <connections type="routesTo">
    <source href="assembly.xml#//@beans/@mixed.1/@mixed.31/@mixed.3"/>
    <target href="assembly.xml#Error_SubWriteAuditRow"/>
  </connections>
  <connections type="routesTo">
    <source href="assembly.xml#SubFinalizeLog"/>
    <target href="assembly.xml#SubAuditAggregator"/>
  </connections>
  <connections type="routesTo">
    <source href="assembly.xml#SubAuditAggregator"/>
    <target href="assembly.xml#SubAuditStore"/>
  </connections>
  <connections type="routesTo">
    <source href="assembly.xml#SubAuditStore"/>
    <target href="assembly.xml#SubAudit_Log"/>
  </connections>
  <connections type="routesTo">
    <source href="assembly.xml#//@beans/@mixed.1/@splitter.0/@subRoute.0"/>
    <target href="assembly.xml#PrepWorkerRow"/>
  </connections>
  <connections type="routesResponseTo">
    <source href="assembly.xml#Call_SubmitQuickIssue"/>
    <target href="assembly.xml#CountSuccess"/>
  </connections>
  <connections type="routesTo">
    <source href="assembly.xml#ValidationMode-02"/>
    <target href="assembly.xml#SubmitQuickIssueRequest"/>
  </connections>
  <connections type="routesTo">
    <source href="assembly.xml#QtyAdjustment"/>
    <target href="assembly.xml#Call_AuditRow"/>
  </connections>
  <connections type="routesTo">
    <source href="assembly.xml#CountSuccess"/>
    <target href="assembly.xml#QtyAdjustment"/>
  </connections>
  <connections type="routesTo">
    <source href="assembly.xml#SubmitQuickIssue_CreateRequest"/>
    <target href="assembly.xml#ValidationMode-02"/>
  </connections>
  <connections type="routesTo">
    <source href="assembly.xml#SetProps"/>
    <target href="assembly.xml#Integration-ValidationModeEnabled"/>
  </connections>
  <connections type="routesResponseTo">
    <source href="assembly.xml#Integration-ValidationModeEnabled"/>
    <target href="assembly.xml#Call_Retrieval"/>
  </connections>
  <connections type="routesTo">
    <source href="assembly.xml#ProcessGetInventoryBalance"/>
    <target href="assembly.xml#GetItemBalance"/>
  </connections>
  <connections type="routesTo">
    <source href="assembly.xml#GetItemBalance"/>
    <target href="assembly.xml#GetInventoryBalance"/>
  </connections>
  <connections type="routesTo">
    <source href="assembly.xml#PrepWorkerRow"/>
    <target href="assembly.xml#Call_GetInventoryBalance"/>
  </connections>
  <connections type="routesResponseTo">
    <source href="assembly.xml#Call_GetInventoryBalance"/>
    <target href="assembly.xml#Call_SubmitQuickIssue"/>
  </connections>
  <connections type="routesTo">
    <source href="assembly.xml#ProcessSubmitQuickIssue"/>
    <target href="assembly.xml#SubmitQuickIssue_CreateRequest"/>
  </connections>
  <connections type="routesTo">
    <source href="assembly.xml#//@beans/@mixed.1/@mixed.77/@mixed.5"/>
    <target href="assembly.xml#Error_GetInventorySubProcess"/>
  </connections>
  <connections type="routesTo">
    <source href="assembly.xml#//@beans/@mixed.1/@mixed.69/@mixed.5"/>
    <target href="assembly.xml#Error_QuickIssueSubProcess"/>
  </connections>
  <connections type="routesTo">
    <source href="assembly.xml#//@beans/@mixed.1/@mixed.5/@mixed.3"/>
    <target href="assembly.xml#Error_QuickIssueSubProcess"/>
  </connections>
  <connections type="routesTo">
    <source href="assembly.xml#Load-Convert-InputDataCSV-XML"/>
    <target href="assembly.xml#Call_Process-Worker"/>
  </connections>
  <connections type="routesResponseTo">
    <source href="assembly.xml#Call_Retrieval"/>
    <target href="assembly.xml#Call_FinalizeLog"/>
  </connections>
  <connections type="routesTo">
    <source href="assembly.xml#SubRetrieveInput"/>
    <target href="assembly.xml#SetProperties-FileRetrieval"/>
  </connections>
  <connections type="routesTo">
    <source href="assembly.xml#SetProperties-FileRetrieval"/>
    <target href="assembly.xml#GetInputCSVDataFile"/>
  </connections>
  <connections type="routesTo">
    <source href="assembly.xml#Process-Worker"/>
    <target href="assembly.xml#ProcessAsync"/>
  </connections>
  <connections type="routesTo">
    <source href="assembly.xml#ProcessAsync"/>
    <target href="assembly.xml#SplitByWorker"/>
  </connections>
  <connections type="routesTo">
    <source href="assembly.xml#//@beans/@mixed.1/@mixed.87/@mixed.3"/>
    <target href="assembly.xml#Error_Splitter"/>
  </connections>
  <swimlanes x="499" y="274" name="Swimlane" orientation="VERTICAL" alignment="MIDDLE">
    <elements href="assembly.xml#Load-Convert-InputDataCSV-XML"/>
    <elements href="assembly.xml#Error_DocRetrieval"/>
  </swimlanes>
  <swimlanes x="97" y="15" bgColor="16744448" name="00-Main-Process" alignment="MIDDLE">
    <elements href="assembly.xml#Start_Here"/>
    <elements href="assembly.xml#SetProps"/>
    <elements href="assembly.xml#Integration-ValidationModeEnabled"/>
    <elements href="assembly.xml#Call_Retrieval"/>
    <elements href="assembly.xml#Call_FinalizeLog"/>
  </swimlanes>
  <swimlanes x="95" y="2304" bgColor="255" name="Global Error Handler">
    <elements href="assembly.xml#//@beans/@mixed.1/@mixed.49"/>
    <elements href="assembly.xml#CriticalErrorHandler"/>
    <elements href="assembly.xml#Call_Critical_Message"/>
    <elements href="assembly.xml#Call_Critical_Event"/>
  </swimlanes>
  <swimlanes x="95" y="2134" bgColor="16744448" name="Local Error Handler">
    <elements href="assembly.xml#ErrorHandler"/>
    <elements href="assembly.xml#ErrorHandler_Step"/>
    <elements href="assembly.xml#Error_Message"/>
    <elements href="assembly.xml#Call_AuditRow_2"/>
  </swimlanes>
  <swimlanes name="Swimlane" orientation="VERTICAL" alignment="MIDDLE">
    <elements href="assembly.xml#SubWriteAuditRow"/>
    <elements href="assembly.xml#SubWriteAuditRowStep"/>
    <elements href="assembly.xml#Error_SubWriteAuditRow"/>
  </swimlanes>
  <swimlanes name="Swimlane" orientation="VERTICAL">
    <elements href="assembly.xml#SubFinalizeLog"/>
    <elements href="assembly.xml#SubAuditAggregator"/>
  </swimlanes>
  <swimlanes x="97" y="1742" bgColor="16744448" name="Logging Tasks" alignment="MIDDLE">
    <elements href="#//@swimlanes.4"/>
    <elements href="#//@swimlanes.5"/>
    <elements href="assembly.xml#SubAuditStore"/>
    <elements href="assembly.xml#SubAudit_Log"/>
  </swimlanes>
  <swimlanes name="Swimlane" orientation="VERTICAL">
    <elements href="assembly.xml#Call_SubmitQuickIssue"/>
  </swimlanes>
  <swimlanes x="95" y="529" bgColor="16744448" name="02-Process-Worker">
    <elements href="assembly.xml#Process-Worker"/>
    <elements href="#//@swimlanes.17"/>
    <elements href="assembly.xml#SplitByWorker"/>
    <elements href="assembly.xml#PrepWorkerRow"/>
    <elements href="#//@swimlanes.14"/>
    <elements href="#//@swimlanes.7"/>
    <elements href="assembly.xml#CountSuccess"/>
    <elements href="assembly.xml#QtyAdjustment"/>
    <elements href="assembly.xml#Call_AuditRow"/>
  </swimlanes>
  <swimlanes name="Swimlane">
    <elements href="assembly.xml#ProcessGetInventoryBalance"/>
    <elements href="assembly.xml#GetItemBalance"/>
    <elements href="assembly.xml#GetInventoryBalance"/>
  </swimlanes>
  <swimlanes alignment="MIDDLE" labelAlignment="RIGHT">
    <elements href="assembly.xml#Error_GetInventorySubProcess"/>
  </swimlanes>
  <swimlanes x="95" y="847" bgColor="16744448" name="03-Get Inventory Balance" orientation="VERTICAL" elements="//@swimlanes.9 //@swimlanes.10" alignment="MIDDLE"/>
  <swimlanes x="95" y="192" bgColor="16744448" name="01-Document Retrieval">
    <elements href="assembly.xml#SubRetrieveInput"/>
    <elements href="assembly.xml#SetProperties-FileRetrieval"/>
    <elements href="assembly.xml#GetInputCSVDataFile"/>
    <elements href="#//@swimlanes.0"/>
    <elements href="assembly.xml#Call_Process-Worker"/>
  </swimlanes>
  <swimlanes x="95" y="1284" bgColor="16744448" name="04-Submit Inventory Quick Issue." orientation="VERTICAL" elements="//@swimlanes.15 //@swimlanes.16" alignment="MIDDLE"/>
  <swimlanes x="778" y="695" name="Swimlane">
    <elements href="assembly.xml#Call_GetInventoryBalance"/>
  </swimlanes>
  <swimlanes x="575" y="1547" name="Swimlane">
    <elements href="assembly.xml#ProcessSubmitQuickIssue"/>
    <elements href="assembly.xml#SubmitQuickIssue_CreateRequest"/>
    <elements href="assembly.xml#ValidationMode-02"/>
    <elements href="assembly.xml#SubmitQuickIssueRequest"/>
  </swimlanes>
  <swimlanes x="812" y="1600" name="Swimlane">
    <elements href="assembly.xml#Error_QuickIssueSubProcess"/>
  </swimlanes>
  <swimlanes x="294" y="638" name="Swimlane" orientation="VERTICAL">
    <elements href="assembly.xml#ProcessAsync"/>
    <elements href="assembly.xml#Error_Splitter"/>
  </swimlanes>
</wdnm:Diagram>
