<?xml version="1.0" encoding="UTF-8"?>
<beans
     xmlns="http://www.springframework.org/schema/beans"
     xmlns:beans="http://www.springframework.org/schema/beans"
     xmlns:atom="http://www.w3.org/2005/Atom"
     xmlns:cc="http://www.capeclear.com/assembly/10"
     xmlns:cloud="urn:com.workday/esb/cloud/10.0"
     xmlns:env="http://schemas.xmlsoap.org/soap/envelope/"
     xmlns:pi="urn:com.workday/picof"
     xmlns:wd="urn:com.workday/bsvc"
     xmlns:xsi="http://www.w3.org/2001/XMLSchema-instance">
 
	<cc:assembly id="WorkdayAssembly" version="2021.47">
        <cc:async-mediation id="PrepareService" routes-to="CallSupplierAttachmentsReport">
            <cc:steps>
                <cc:eval id="IA">
                    <cc:expression>props['prop.document.retention'] = intsys.getAttribute('Document_Retention')</cc:expression>
                    <cc:expression>props['prop.post.audit.messages'] = intsys.getAttributeAsBoolean('Post_Audit_Files', true)</cc:expression>
                    <cc:expression>props['prop.post.target.links'] = intsys.getAttributeAsBoolean('Include_Target_Links', true)</cc:expression>
                    <cc:expression>props['prop.total.success.count']=0</cc:expression>
                    <cc:expression>props['prop.file.error.count']=0</cc:expression>
                    <cc:expression>props['prop.audit.messages.count']=0</cc:expression>
                    <cc:expression>props['prop.file.count'] = 0</cc:expression>
                    <cc:expression>props['prop.folder.path'] = intsys.getAttribute('Folder_Path')</cc:expression>
                    <cc:expression>props['tenant.type'] = intsys.getAttribute('Enviroment_Type')</cc:expression>
                </cc:eval>
                <cc:eval id="LP">
                    <cc:expression>//Report SOAP URL</cc:expression>
                    <cc:expression>props['prop.suplist.report.url'] = intsys.reportService.getExtrapath('Supplier_RS')</cc:expression>
                    <cc:expression>props['prop.attachment.report.url'] = intsys.reportService.getExtrapath('Supplier_Attachment_RS')</cc:expression>
                    <cc:expression>props['prop.suplist.report.url.endpoint'] = parts[0].xpath(&quot;concat(\'&quot;+props['assembly.gateway.address']+&quot;/\',replace(\'&quot;+props['prop.suplist.report.url']+&quot;\',\'customreport2\',\'Report2\'))&quot;)</cc:expression>
                    <cc:expression>props['prop.attachment.report.url.endpoint'] = parts[0].xpath(&quot;concat(\'&quot;+props['assembly.gateway.address']+&quot;/\',replace(\'&quot;+props['prop.attachment.report.url']+&quot;\',\'customreport2\',\'Report2\'))&quot;)</cc:expression>
                    <cc:expression>//props['supplier.id'] = 'S-001664'</cc:expression>
                    <cc:expression>props['supplier.id'] = lp.getReferenceData('Supplier_Object', 'WID')</cc:expression>
                    <cc:expression>props['supplier.ref.id'] = lp.getReferenceData('Supplier_Object', 'Supplier_ID')</cc:expression>
                </cc:eval>
                <cc:log id="Log0">
                    <cc:log-message>
                        <cc:text>--------------- Archive_Attachments_RS  ----------------------------------------&#xD;
props['prop.document.retention']  = @{props['prop.document.retention']}&#xD;
props['prop.post.audit.messages'] = @{props['prop.post.audit.messages']}&#xD;
props['prop.post.target.links'] = @{props['prop.post.target.links']}&#xD;
props['prop.suplist.report.url.endpoint'] = @{props['prop.suplist.report.url.endpoint']}&#xD;
props['prop.attachment.report.url.endpoint'] = @{props['prop.attachment.report.url.endpoint']}&#xD;
props['supplier.id'] = @{props['supplier.id']}</cc:text>
                        <cc:message-content/>
                    </cc:log-message>
                </cc:log>
                <cc:eval id="EventCounts">
                    <cc:expression>props['sup.attempted.count']=0</cc:expression>
                    <cc:expression>props['sup.success.count']=0</cc:expression>
                    <cc:expression>props['sup.error.count']=0</cc:expression>
                </cc:eval>
            </cc:steps>
        </cc:async-mediation>
        <cc:workday-in id="StartHere" routes-to="PrepareService">
            <cc:integration-system name="INT10074E Supplier_Event_Attachments">
        <cloud:param name="Supplier_Object">
          <cloud:type>
            <cloud:class-report-field description="Supplier" type="WID" singular="true">7e1f7a11fbc64868a09081efbe8e15a1</cloud:class-report-field>
          </cloud:type>
        </cloud:param>
        <cloud:attribute-map-service name="INT10074E_Supplier_Attachment_Attributes">
          <cloud:attribute name="Document_Retention">
            <cloud:type>
              <cloud:simple-type>number</cloud:simple-type>
            </cloud:type>
          </cloud:attribute>
          <cloud:attribute name="Post_Audit_Files">
            <cloud:type>
              <cloud:simple-type>text</cloud:simple-type>
            </cloud:type>
          </cloud:attribute>
          <cloud:attribute name="Include_Target_Links">
            <cloud:type>
              <cloud:simple-type>boolean</cloud:simple-type>
            </cloud:type>
          </cloud:attribute>
          <cloud:attribute name="Folder_Path">
            <cloud:type>
              <cloud:simple-type>text</cloud:simple-type>
            </cloud:type>
          </cloud:attribute>
          <cloud:attribute name="Enviroment_Type">
            <cloud:type>
              <cloud:enumeration-type name="EnumTypeName">
                <cloud:enumeration>Test</cloud:enumeration>
                <cloud:enumeration>Prod</cloud:enumeration>
              </cloud:enumeration-type>
            </cloud:type>
          </cloud:attribute>
        </cloud:attribute-map-service>
        <cloud:delivery-service name="Supplier_attachment_delivery"/>
        <cloud:report-service name="INT10074E_Supplier_Attachments_report">
          <cloud:report-alias description="INT10074E Attachments Report" name="Supplier_Attachment_RS">
            <cloud:report-reference description="INT10074E Attachments Report" type="WID">fbe6458d825d011299a186482f030000</cloud:report-reference>
          </cloud:report-alias>
        </cloud:report-service>
      </cc:integration-system>
        </cc:workday-in>
        <cc:local-out id="PutNoContractMsg0" routes-response-to="Stopifnofiles" endpoint="vm://wcc/PutIntegrationMessage">
            <cc:set name="is.message.severity" value="'INFO'"/>
            <cc:set name="is.message.summary" value="context.errorMessage"/>
            <cc:set name="is.message.detail" value="context.errorMessage"/>
        <cc:set name="Unnamed"/></cc:local-out>
        <cc:local-out id="AttachSuccessFile0" endpoint="vm://wcc/PutIntegrationMessage">
            <cc:set name="is.message.severity" value="'INFO'"/>
            <cc:set name="is.message.summary" value="'Saving File.'"/>
            <cc:set name="is.document.variable.name" value="'var.contractattachment'"/>
            <cc:set name="is.document.file.name" value="props['attachment.name']"/>
            <cc:set name="is.document.deliverable" value="'true'"/>
            <cc:set name="is.document.delivery.services" value="'Supplier_attachment_delivery'"/>
        </cc:local-out>
        <cc:async-mediation id="ProcessSuppAttachmentData" routes-to="AttachSuccessFile0">
            <cc:steps>
                <cc:log id="Log">
                    <cc:log-message>
                        <cc:line-separator/>
                        <cc:text>section-db2-audit</cc:text>
                        <cc:line-separator/>
                        <cc:message-content/>
                        <cc:line-separator/>
                    </cc:log-message>
                </cc:log>
                <cc:eval id="Eval"><cc:expression>props['sup.attachment.count'] = props['sup.attachment.count'] + 1</cc:expression>
                    <cc:expression>props['attachment.content'] = parts[0].xpath(&quot;wd:Supplier_Attachments_group/wd:base64&quot;)</cc:expression>
                    <cc:expression>props['current.date.time'] = java.time.LocalDateTime.now()</cc:expression>
                    <cc:expression>props['attachment.name'] = props['tenant.type'] +'-AlightSupplierEventAttachments/' + props['supplier.ref.id'] + '/wd_' + props['current.date.time'] + '_' + parts[0].xpath(&quot;wd:Supplier_Attachments_group/wd:fileName&quot;)</cc:expression></cc:eval>
                <cc:write id="Write" output="variable" output-variable="var.attachment.content">
                    <cc:message>
                        <cc:text>@{props['attachment.content']}&#xD;
</cc:text>
                    </cc:message>
                </cc:write>
                <cc:log id="Log0">
                    <cc:log-message>
                        <cc:line-separator/>
                        <cc:text>section-db3-audit</cc:text>
                        <cc:line-separator/>
                        <cc:text>Attachment Name: @{props['attachment.name']}&#xD;
Attachment Content: @{props['attachment.content']}&#xD;
&#xD;
</cc:text>
                        <cc:line-separator/>
                    </cc:log-message>
                </cc:log>
                <cc:base64-decode id="Base64Decode" output="variable" output-variable="var.document" input="variable" input-variable="var.attachment.content"/>
                <cc:store id="StoreFile" output="variable" output-variable="var.contractattachment" input="variable" input-variable="var.document" collection="Supplier_Invoice_Files" expiresIn="P@{props['prop.document.retention'].toString()}D" title="@{props['attachment.name']}"/>
            </cc:steps>
        </cc:async-mediation>
        <cc:splitter id="ReadSuppAttachData">
            <cc:sub-route name="SubRoute" routes-to="ProcessSuppAttachmentData"/>
            <cc:xml-stream-splitter xpath="wd:Report_Data/wd:Report_Entry/wd:Supplier_Attachments_group"/>
        </cc:splitter>
        <cc:async-mediation id="ValidationSuppAttachData" routes-to="ReadSuppAttachData">
            <cc:steps>
                <cc:log id="Log0">
                    <cc:log-message>
                        <cc:line-separator/>
                        <cc:text>section-db1-audit</cc:text>
                        <cc:line-separator/>
                        <cc:message-content/>
                        <cc:line-separator/>
                    </cc:log-message>
                </cc:log>
                <cc:eval id="Eval">
                    <cc:expression>props['sup.attachment.count'] = parts[0].xpath(&quot;wd:Report_Data/wd:Report_Entry/wd:AttCnt&quot;)</cc:expression>
                    <cc:expression>props['sup.attachment.count.validation'] = true</cc:expression>
                    <cc:expression>if (props['sup.attachment.count'] == 0 ) {&#xD;
props['sup.attachment.count.validation'] = false&#xD;
} &#xD;
else{&#xD;
props['sup.attachment.count.validation'] = true&#xD;
}</cc:expression>
                </cc:eval>
                <cc:log id="Log">
                    <cc:log-message>
                        <cc:line-separator/>
                        <cc:text>Attachments Exists?&#xD;
props['sup.attachment.count'] = @{props['sup.attachment.count']}&#xD;
props['sup.attachment.count.validation'] = @{props['sup.attachment.count.validation']}</cc:text>
                        <cc:line-separator/>
                        <cc:message-content/>
                        <cc:line-separator/>
                    </cc:log-message>
                </cc:log>
                <cc:validate-exp id="ValidateRepData">
                    <cc:expression failure-message="Supplier has no attachments to archive">props['sup.attachment.count.validation'] == true</cc:expression>
                </cc:validate-exp>
            </cc:steps>
            <cc:send-error id="SendError" routes-to="PutNoContractMsg0"/>
        </cc:async-mediation>
        <cc:async-mediation id="CallSupplierAttachmentsReport" routes-to="WorkdayOutRest" handle-downstream-errors="true">
            <cc:steps>
            </cc:steps>
            <cc:send-error id="SendError" routes-to="PutErrGetContrAtt"/>
        </cc:async-mediation>
        <cc:local-out id="PutErrGetContrAtt" endpoint="vm://wcc/PutIntegrationMessage" clone-request="true">
            <cc:set name="is.message.severity" value="'ERROR'"/>
            <cc:set name="is.message.summary" value="'Unable to retrieve supplier attachments for supplier: ' + props['supplier.id']"/>
            <cc:set name="is.message.detail" value="context.errorMessage"/>
        </cc:local-out>
        <cc:local-out id="Note-Error" endpoint="vm://wcc/PutIntegrationMessage">
            <cc:set name="is.message.severity" value="'CRITICAL'"/>
            <cc:set name="is.message.summary" value="context.errorMessage"/>
        </cc:local-out>
        <cc:send-error id="global-error-handler" rethrow-error="false" routes-to="Note-Error"/>
        <cc:local-out id="PostSuccessFile" store-message="none" endpoint="vm://INT10074E_-_Supplier_Event_Attachments/SuccessCSV" clone-request="true">
            <cc:set name="prop.collate.success" value="false"/>
            <cc:set name="prop.batch.success" value="true"/>
        </cc:local-out>
        <cc:local-out id="PostAuditFiles" store-message="none" routes-response-to="PostSuccessFile" endpoint="vm://INT10074C-Supplier_Invoice_Attachment/AddToMsgAudit" clone-request="true">
            <cc:set name="message.audit.file.name" value="'Complete.xml'"/>
            <cc:set name="message.audit.perform.batch" value="true"/>
            <cc:set name="message.audit.perform.collate" value="false"/>
        </cc:local-out>
        <cc:async-mediation id="BlankMsg" routes-to="PostAuditFiles">
            <cc:steps>
                <cc:write id="EmptyMsg">
                    <cc:message>
                        <cc:text>&#xD;
&#xD;
</cc:text>
                    </cc:message>
                </cc:write>
            </cc:steps>
        </cc:async-mediation>
        <cc:local-in id="EndProcessing" routes-to="BlankMsg"/>
        <cc:local-out id="AttachSuccessFile" execute-when="props['prop.total.success.count'] > 0" endpoint="vm://wcc/PutIntegrationMessage">
            <cc:set name="is.message.severity" value="'INFO'"/>
            <cc:set name="is.message.summary" value="'Saving Success CSV Log.'"/>
            <cc:set name="is.document.variable.name" value="'var.success.csv'"/>
            <cc:set name="is.document.file.name" value="props['prop.success.csv.filename']"/>
            <cc:set name="is.document.deliverable" value="'false'"/>
        </cc:local-out>
        <cc:async-mediation id="StoreSuccessFile" routes-to="AttachSuccessFile" execute-steps-when="props['prop.total.success.count'] > 0">
            <cc:steps>
                <cc:eval id="Filename"><cc:expression>props['prop.success.csv.filename'] = 'Success_Log.csv'</cc:expression></cc:eval>
                <cc:store id="StoreFile" output="variable" output-variable="var.success.csv" collection="Supplier_Invoice_Attachment_Files" expiresIn="P@{props['prop.document.retention'].toString()}D" title="@{props['prop.success.csv.filename']}"/>
            </cc:steps>
        </cc:async-mediation>
        <cc:aggregator id="AggSuccesses" routes-to="StoreSuccessFile" collate-when="props['prop.collate.success'] == true" force-batch-when="props['prop.batch.success'] == true">
            <cc:size-batch-strategy batch-size="-1"/>
            <cc:message-content-collater>
        <cc:header-text>Line_Order|Existing_Line|New_Line|WID</cc:header-text>
      </cc:message-content-collater>
        </cc:aggregator>
        <cc:local-in id="SuccessCSV" routes-to="AggSuccesses">
            <cc:parameter default="true" name="prop.collate.success" type="boolean"/>
            <cc:parameter default="false" name="prop.batch.success" type="boolean"/>
        </cc:local-in>
        <cc:local-out id="StoreAuditFiles" endpoint="vm://wcc/PutIntegrationMessage" clone-request="true">
            <cc:set name="is.message.severity" value="'INFO'"/>
            <cc:set name="is.message.summary" value="'Saving Audit Files'"/>
            <cc:set name="is.document.variable.name" value="'var.audit.messages'"/>
            <cc:set name="is.document.file.name" value="props['audit.messages.filename']"/>
            <cc:set name="is.document.deliverable" value="'false'"/>
        </cc:local-out>
        <cc:async-mediation id="StoreMessagesAudit" routes-to="StoreAuditFiles">
            <cc:steps>
                <cc:eval id="SetMsgsAuditFilename"><cc:expression>props['prop.audit.messages.count'] = props['prop.audit.messages.count'] + 1</cc:expression><cc:expression>props['audit.messages.filename'] = 'MessagesAudit_' + props['prop.file.count'] + '_' + props['prop.audit.messages.count'] + '.zip'</cc:expression></cc:eval>
                <cc:store id="StoreMsgsAudit" output="variable" output-variable="var.audit.messages" collection="Supplier_Invoice_Attachment_MessageAudits" expiresIn="P@{props['prop.document.retention'].toString()}D" summary="Messages Audit" title="@{props['audit.messages.filename']}"/>
            </cc:steps>
        </cc:async-mediation>
        <cc:aggregator id="MsgAuditZipAgg" routes-to="StoreMessagesAudit" collate-when="props['message.audit.perform.collate'] == true &amp;&amp; props['prop.post.audit.messages'] == true" force-batch-when="props['message.audit.perform.batch'] == true &amp;&amp; props['prop.post.audit.messages'] == true">
            <cc:size-batch-strategy batch-size="-1"/>
            <cc:zip-file-collater message-entity-name="@{props['message.audit.file.name']}"/>
        </cc:aggregator>
        <cc:local-in id="AddToMsgAudit" routes-to="MsgAuditZipAgg">
            <cc:parameter name="message.audit.file.name"/>
            <cc:parameter default="false" name="message.audit.perform.batch" type="boolean"/>
            <cc:parameter default="true" name="message.audit.perform.collate" type="boolean"/>
        </cc:local-in>
        <cc:workday-out-rest id="WorkdayOutRest" routes-response-to="ValidationSuppAttachData" extra-path="@{intsys.reportService.getExtrapath('Supplier_Attachment_RS')}?Supplier!WID=@{props['supplier.id']}"/>
        <cc:async-mediation id="Stopifnofiles">
            <cc:steps>
                <cc:eval id="Abortthroughcontext">
                    <cc:expression>context.setAbort(true)</cc:expression>
                </cc:eval>
            </cc:steps>
        </cc:async-mediation>
	</cc:assembly>

</beans>