<?xml version="1.0" encoding="UTF-8"?>
<beans
     xmlns="http://www.springframework.org/schema/beans"
     xmlns:beans="http://www.springframework.org/schema/beans"
     xmlns:atom="http://www.w3.org/2005/Atom"
     xmlns:cc="http://www.capeclear.com/assembly/10"
     xmlns:cloud="urn:com.workday/esb/cloud/10.0"
     xmlns:env="http://schemas.xmlsoap.org/soap/envelope/"
     xmlns:pi="urn:com.workday/picof"
     xmlns:wd="urn:com.workday/bsvc"
     xmlns:bsvc="urn:com.workday/bsvc"
     xmlns:xsi="http://www.w3.org/2001/XMLSchema-instance">
 
	<cc:assembly id="WorkdayAssembly" version="14.0">
	<cc:workday-in id="StartHere" routes-to="Initialize">
<cc:integration-system name=" INT0027 - Computershare ESPP Qualified Taxable Earnings Payroll Inputs Inbound">
        <cloud:param name="Validation Mode">
          <cloud:type>
            <cloud:simple-type>boolean</cloud:simple-type>
          </cloud:type>
        </cloud:param>
        <cloud:param name="On-cycle:">
          <cloud:type>
            <cloud:simple-type>boolean</cloud:simple-type>
          </cloud:type>
        </cloud:param>
        <cloud:param name="As Of Entry Moment (On-cycle)">
          <cloud:type>
            <cloud:simple-type>datetime</cloud:simple-type>
          </cloud:type>
          <cloud:default>
            <cloud:class-report-field description="Current Moment (DateTime)" type="WID">df4effe76deb4222a79001d6737cf91c</cloud:class-report-field>
          </cloud:default>
        </cloud:param>
        <cloud:param name="As of Effective Date (On-cycle)">
          <cloud:type>
            <cloud:simple-type>date</cloud:simple-type>
          </cloud:type>
          <cloud:default>
            <cloud:class-report-field description="Current Effective Date" type="WID">52f526bab1d84191ac96f44a6c37c484</cloud:class-report-field>
          </cloud:default>
        </cloud:param>
        <cloud:param name="Off-cycle:">
          <cloud:type>
            <cloud:simple-type>boolean</cloud:simple-type>
          </cloud:type>
        </cloud:param>
        <cloud:param name="As Of Entry Moment (Off-cycle)">
          <cloud:type>
            <cloud:simple-type>datetime</cloud:simple-type>
          </cloud:type>
          <cloud:default>
            <cloud:class-report-field description="Current Moment (DateTime)" type="WID">df4effe76deb4222a79001d6737cf91c</cloud:class-report-field>
          </cloud:default>
        </cloud:param>
        <cloud:param name="As of Effective Date (Off-cycle)">
          <cloud:type>
            <cloud:simple-type>date</cloud:simple-type>
          </cloud:type>
          <cloud:default>
            <cloud:class-report-field description="Current Effective Date" type="WID">52f526bab1d84191ac96f44a6c37c484</cloud:class-report-field>
          </cloud:default>
        </cloud:param>
        <cloud:param name="Prior Year Flag">
          <cloud:type>
            <cloud:simple-type>boolean</cloud:simple-type>
          </cloud:type>
        </cloud:param>
        <cloud:retrieval-service name="INT0027 File Retrieval"/>
        <cloud:report-service name="INT0027 Report Service">
          <cloud:report-alias description="INT0027 Employee Demographic Report" name="INT0027EmployeeDemo">
            <cloud:report-reference description="INT0027 Employee Demographic Report" type="WID">f29c48b3a3cb01bfa3c02f4e1905be79</cloud:report-reference>
          </cloud:report-alias>
        </cloud:report-service>
      </cc:integration-system>
</cc:workday-in>
<cc:async-mediation id="Initialize" routes-to="IsValidationModeEnabled">
<cc:steps>
<cc:eval id="SetVars"><cc:expression>props['lp.validationMode'] = lp.getSimpleData('Validation Mode')</cc:expression><cc:expression>props['lp.onCycle'] = lp.getSimpleData('On-cycle:')</cc:expression><cc:expression>props['lp.asOfEntryMomentOnC'] = lp.getDate('As Of Entry Moment (On-cycle)')</cc:expression><cc:expression>props['lp.asOfEffectiveDateOnC'] = lp.getDate('As of Effective Date (On-cycle)')</cc:expression>
    <cc:expression>props['lp.offCycle'] = lp.getSimpleData('Off-cycle:')</cc:expression>
    <cc:expression>props['lp.asOfEntryMomentOffC'] = lp.getDate('As Of Entry Moment (Off-cycle)')</cc:expression>
    <cc:expression>props['lp.asOfEffectiveDateOffC'] = lp.getDate('As of Effective Date (Off-cycle)')</cc:expression>
    <cc:expression>props['lp.priorYearFlag'] = lp.getSimpleData('Prior Year Flag')</cc:expression>
    <cc:expression>props['p.rowCount'] = 0</cc:expression>
    <cc:expression>props['p.errorCount'] = 0</cc:expression>
    <cc:expression>props['p.employeeID_HashMap'] = new java.util.HashMap()</cc:expression>
    <cc:expression>props['p.ia_Namespace_Employee_Demo_Extract']='urn:com.workday.report/INT0027_USA_Employee_ID_Conversion'</cc:expression>
    <cc:expression>props['p.employee.hash.map'] = new java.util.HashMap()</cc:expression>
    <cc:expression>java.text.SimpleDateFormat formatter  = new java.text.SimpleDateFormat(&quot;yyyy_MM_dd&quot;)</cc:expression>
    <cc:expression>props['p.batch_ID'] = 'INT0027_' # formatter.format(new java.util.Date())</cc:expression>
    <cc:expression>props['p.LoadedRecords'] = 0</cc:expression>
    <cc:expression>props['force.batch.close'] = false</cc:expression>
    <cc:expression>props['p.LoadedRecordCount'] = 0</cc:expression></cc:eval>
</cc:steps>
</cc:async-mediation>
<cc:local-out id="MessageParsingFile" routes-response-to="ParseFile" endpoint="vm://wcc/PutIntegrationMessage">
<cc:set name="is.message.severity" value="'INFO'"/>
<cc:set name="is.message.summary" value="'Reading input file &quot;' + vars['wd.retrieve.variable'].fileName + '&quot;.'"/>
</cc:local-out>
<cc:local-in id="ParseFiles" routes-to="EachFile"/>
<cc:local-out id="CallParseFiles" routes-response-to="CallForceBatch" endpoint="vm://INT0027_Computershare_ESPP_Qualified_Taxable_Earnings_Payroll_Inputs_Inbound/ParseFiles"/>
<cc:local-out id="MessageNoFiles" endpoint="vm://wcc/PutIntegrationMessage">
<cc:set name="is.message.severity" value="'INFO'"/>
<cc:set name="is.message.summary" value="'No input files were retrieved to process.'"/>
</cc:local-out>
<cc:async-mediation id="ParseFile" routes-to="SplitEmployee">
<cc:steps>
                <cc:csv-to-xml id="CsvToXml" output="message" input="variable" input-variable="wd.retrieve.variable" format="rfc4180" separator=";"/>







</cc:steps>
<cc:send-error id="ErrorParsing" rethrow-error="false" routes-to="MessageErrorParsing"/>
</cc:async-mediation>
<cc:local-in id="ProcessWorkers" routes-to="RaaSHashMapMerge"/>
<cc:local-out id="CallProcessWorkers" endpoint="vm://INT0027_Computershare_ESPP_Qualified_Taxable_Earnings_Payroll_Inputs_Inbound/ProcessWorkers"/>
<cc:local-out id="MessageErrorParsing" endpoint="vm://wcc/PutIntegrationMessage">
<cc:set name="is.message.severity" value="'ERROR'"/>
<cc:set name="is.message.summary" value="'Failed to read input file as it does not conform to specification. Check for corruption?'"/>
<cc:set name="is.message.detail" value="context.errorMessage"/>
</cc:local-out>
<cc:route id="EachFile">
<cc:doc-iterator/>
<cc:sub-route name="ProcessFile" routes-to="MessageParsingFile"/>
</cc:route>
<cc:route id="AnyFiles">
<cc:mvel-strategy>
<cc:choose-route expression="da.size() > 0" route="Files"/>
<cc:choose-route expression="da.size() &lt;= 0" route="NoFiles"/>
</cc:mvel-strategy>
<cc:sub-route name="Files" routes-to="CallProcessRaaS"/>
<cc:sub-route name="NoFiles" routes-to="MessageNoFiles"/>
</cc:route>
        <cc:splitter id="SplitEmployee">
            <cc:sub-route name="SubRoute" routes-to="AsyncMediation"/>
            <cc:xml-stream-splitter xpath="/root/row"/>
        </cc:splitter>
        <cc:async-mediation id="AsyncMediation" routes-to="CallProcessWorkers">
            <cc:steps>
                <cc:eval id="ProcessFile">
                    <cc:expression>props['p.RawEmployeeSSN'] = null</cc:expression>
                    <cc:expression>props['p.taxableBenefit'] = null</cc:expression>
                    <cc:expression>props['p.RawEmployeeSSN'] = parts[0].xpath('row/col1')</cc:expression>
                    <cc:expression>props['p.taxableBenefit'] = parts[0].xpath('row/col35')</cc:expression>
                    <cc:expression>props['p.isNumeric'] = org.apache.commons.lang.NumberUtils.isNumber(props['p.taxableBenefit'])</cc:expression>
                    <cc:expression>props['p.rowCount'] = props['p.rowCount'] + 1</cc:expression>
                    <cc:expression>props['r.employeeId'] = null</cc:expression>
                </cc:eval>
                <cc:validate-exp id="ValidateFileData">
                    <cc:expression failure-message="SSN Blank for row number @{props['p.rowCount']}">props['p.RawEmployeeSSN'] != empty</cc:expression>
                    <cc:expression failure-message="Taxable Benefit not numeric for  @{props['p.RawEmployeeSSN']}">props['p.isNumeric'] != false</cc:expression>
                </cc:validate-exp>
                <cc:eval id="Eval0">
                    <cc:expression>props['p.EmployeeSSN'] = null</cc:expression>
                    <cc:expression>props['p.EmployeeSSN'] = org.apache.commons.lang.StringUtils.leftPad(props['p.RawEmployeeSSN'],9,'0')</cc:expression>
                </cc:eval>
            </cc:steps>
            <cc:send-error id="FileDataValidation" routes-to="IncrementErrorInputValidation"/>
        </cc:async-mediation>
        <cc:local-in id="ProcessRaaS" routes-to="WorkdayOutRest0"/>
        <cc:local-out id="CallProcessRaaS" store-message="none" routes-response-to="CallParseFiles" endpoint="vm://INT0027_Computershare_ESPP_Qualified_Taxable_Earnings_Payroll_Inputs_Inbound/ProcessRaaS"/>
        <cc:workday-out-rest id="WorkdayOutRest0" routes-response-to="Splitter" extra-path="@{intsys.reportService.getExtrapath('INT0027EmployeeDemo')}"/>
        <cc:async-mediation id="AsyncMediation0">
            <cc:steps>
                <cc:eval id="Eval">
                    <cc:expression>props['p.hash.key.value'] = parts[0].xpath(&quot;wd:Report_Entry/wd:SSN&quot;,&quot;wd &quot; # props['p.ia_Namespace_Employee_Demo_Extract'])</cc:expression>
                    <cc:expression>props['p.employeeId'] = parts[0].xpath(&quot;wd:Report_Entry/wd:Employee_ID&quot;,&quot;wd &quot; # props['p.ia_Namespace_Employee_Demo_Extract'])</cc:expression>
                    <cc:expression>props['p.currentPeriodStartDate'] = parts[0].xpath(&quot;wd:Report_Entry/wd:currentPeriodStartDate&quot;,&quot;wd &quot; # props['p.ia_Namespace_Employee_Demo_Extract'])</cc:expression>
                    <cc:expression>props['p.lastPeriodStartDatePreviousYear'] = parts[0].xpath(&quot;wd:Report_Entry/wd:lastPeriodStartDatePreviousYear&quot;,&quot;wd &quot; # props['p.ia_Namespace_Employee_Demo_Extract'])</cc:expression>
                    <cc:expression>props['p.currentPeriodEndDate'] = parts[0].xpath(&quot;wd:Report_Entry/wd:currentPeriodEndDate&quot;,&quot;wd &quot; # props['p.ia_Namespace_Employee_Demo_Extract'])</cc:expression>
                    <cc:expression>props['p.lastPeriodEndDatePreviousYear'] = parts[0].xpath(&quot;wd:Report_Entry/wd:lastPeriodEndDatePreviousYear&quot;,&quot;wd &quot; # props['p.ia_Namespace_Employee_Demo_Extract'])</cc:expression>
                    <cc:expression>props['p.companyCode'] = parts[0].xpath(&quot;wd:Report_Entry/wd:companyCode&quot;,&quot;wd &quot; # props['p.ia_Namespace_Employee_Demo_Extract'])</cc:expression>
                </cc:eval>
                <cc:write id="Write">
                    <cc:message>
                        <cc:text>&lt;newrow>&#xD;
	&lt;employeeid>@{props['p.employeeId']}&lt;/employeeid>&#xD;
	&lt;currentperiodstartdate>@{props['p.currentPeriodStartDate']}&lt;/currentperiodstartdate>	&#xD;
	&lt;lastperiodstartdatepreviousyear>@{props['p.lastPeriodStartDatePreviousYear']}&lt;/lastperiodstartdatepreviousyear>	&#xD;
	&lt;currentperiodenddate>@{props['p.currentPeriodEndDate']}&lt;/currentperiodenddate>	&#xD;
	&lt;lastperiodenddatepreviousyear>@{props['p.lastPeriodEndDatePreviousYear']}&lt;/lastperiodenddatepreviousyear>		&#xD;
	&lt;companycode>@{props['p.companyCode']}&lt;/companycode>	&#xD;
&lt;/newrow></cc:text>
                    </cc:message>
                </cc:write>
                <cc:eval id="Eval0">
                    <cc:expression>props['p.employee.hash.map'].put(props['p.hash.key.value'], parts[0].text)</cc:expression>
                </cc:eval>
            </cc:steps>
        </cc:async-mediation>
        <cc:splitter id="Splitter">
            <cc:sub-route name="SubRoute" routes-to="AsyncMediation0"/>
            <cc:xml-stream-splitter namespaces="wd @{props['p.ia_Namespace_Employee_Demo_Extract']}" xpath="/wd:Report_Data/wd:Report_Entry"/>
        </cc:splitter>
        <cc:async-mediation id="RaaSHashMapMerge" routes-to="CallLoadData">
            <cc:steps>
                <cc:eval id="LookupEmployee"><cc:expression>vars['p.lookup.employeeData'] = props['p.employee.hash.map'].get(props['p.EmployeeSSN'])</cc:expression>
                </cc:eval>
                <cc:validate-exp id="CheckEEIDExists">
                    <cc:expression failure-message="Reject-SSN not found in database  @{props['p.EmployeeSSN']}">vars['p.lookup.employeeData'] != null</cc:expression>
                </cc:validate-exp>
                <cc:eval id="parseRaaSData">
                    <cc:expression>props['r.employeeId'] = vars['p.lookup.employeeData'].xpath(&quot;newrow/employeeid&quot;)</cc:expression>
                    <cc:expression>props['r.currentperiodstartdate'] = vars['p.lookup.employeeData'].xpath(&quot;newrow/currentperiodstartdate&quot;)</cc:expression>
                    <cc:expression>props['r.lastperiodstartdatepreviousyear'] = vars['p.lookup.employeeData'].xpath(&quot;newrow/lastperiodstartdatepreviousyear&quot;)</cc:expression>
                    <cc:expression>props['r.currentperiodenddate'] = vars['p.lookup.employeeData'].xpath(&quot;newrow/currentperiodenddate&quot;)</cc:expression>
                    <cc:expression>props['r.lastperiodenddatepreviousyear'] = vars['p.lookup.employeeData'].xpath(&quot;newrow/lastperiodenddatepreviousyear&quot;)	</cc:expression>
                    <cc:expression>props['p.wsStartDate'] = null</cc:expression>
                    <cc:expression>props['p.wsEndDate'] = null</cc:expression>
                    <cc:expression>if (props['lp.onCycle'] == true) {props['p.wsStartDate'] = props['r.currentperiodstartdate'].substring(0, 10)}</cc:expression>
                    <cc:expression>if (props['lp.onCycle'] == true) {props['p.wsEndDate'] = props['r.currentperiodenddate'].substring(0, 10)}</cc:expression>
                    <cc:expression>if (props['lp.offCycle'] == true) {props['p.wsStartDate'] = props['r.lastperiodstartdatepreviousyear'].substring(0, 10)}</cc:expression>
                    <cc:expression>if (props['lp.offCycle'] == true) {props['p.wsEndDate'] = props['r.lastperiodenddatepreviousyear'].substring(0, 10)}</cc:expression>
                    <cc:expression>props['r.companyCode'] = vars['p.lookup.employeeData'].xpath(&quot;newrow/companycode&quot;)</cc:expression>
                </cc:eval>
            </cc:steps>
            <cc:send-error id="EEIDNotFound" routes-to="IncrementErrorEID"/>
        </cc:async-mediation>
        <cc:async-mediation id="LogParking3">
            <cc:steps>
                <cc:log id="Log">
                    <cc:log-message>
                        <cc:line-separator/>
                        <cc:text>************************ TJO BEGIN *****************************</cc:text>
                        <cc:text>Hash Map Data: @{props['p.employee.hash.map']}</cc:text>
                        <cc:line-separator/>
                        <cc:text>************************ TJO END *****************************</cc:text>
                        <cc:line-separator/>
                    </cc:log-message>
                </cc:log></cc:steps>
        </cc:async-mediation>
        <cc:local-out id="CallLoadData" store-message="none" endpoint="vm://INT0027_Computershare_ESPP_Qualified_Taxable_Earnings_Payroll_Inputs_Inbound/LoadData"/>
        <cc:local-in id="LoadData" routes-to="AsyncMediation5"/>
        <cc:workday-out-soap id="WorkdayOutSoap0" execute-when="props['lp.validationMode'] == 0" routes-response-to="IncrementSuccessCount" application="Payroll" version="v32.1"/>
        <cc:local-out id="IsValidationModeEnabled" execute-when="props['lp.validationMode']" routes-response-to="AnyFiles" endpoint="vm://wcc/PutIntegrationMessage"><cc:set name="is.message.severity" value="'INFO'"/><cc:set name="is.message.summary" value="'Validation Mode has been enabled. Records in Workday will not be updated.'"/><cc:set name="is.message.storage.enabled" value="false"/></cc:local-out>
        <cc:async-mediation id="IncrementSuccessCount" routes-to="CallAuditReport">
            <cc:steps>
                <cc:eval id="IncSuccessCount">
                    <cc:expression>props['p.LoadedRecordCount'] = props['p.LoadedRecordCount'] + 1</cc:expression>
                </cc:eval>
            </cc:steps>
            <cc:send-error id="SendError" routes-to="PutMEssageErrorSuccessLog"/>
        </cc:async-mediation>
        <cc:local-out id="CallAuditReport" store-message="none" endpoint="vm://INT0027_Computershare_ESPP_Qualified_Taxable_Earnings_Payroll_Inputs_Inbound/AuditReport"><cc:set name="pStatus" value="'Success'"/><cc:set name="pComments" value="'Loaded to Workday'"/></cc:local-out>
        <cc:local-in id="AuditReport" routes-to="CreateAuditLog" icon="local-in-AuditReport.png"/>
        <cc:async-mediation id="CreateAuditLog" routes-to="Aggregator">
            <cc:steps>
                <cc:write id="WriteAudit">
                    <cc:message>
                        <cc:text>&lt;Record>&#xD;
&lt;SSN>@{props['p.RawEmployeeSSN']}&lt;/SSN>&#xD;
&lt;EMPLID>@{props['r.employeeId']}&lt;/EMPLID>&#xD;
&lt;TAXBEN>@{props['p.taxableBenefit']}&lt;/TAXBEN>&#xD;
&lt;STATUS>@{props['pStatus']}&lt;/STATUS>&#xD;
&lt;COMMENTS>@{props['pComments']}&lt;/COMMENTS>&#xD;
&lt;/Record></cc:text>
                    </cc:message>
                </cc:write>
                <cc:eval id="Eval">
                    <cc:expression>props['p.totalRecords'] = (props['p.rowCount'] == 0) ? 0 : props['p.rowCount'] </cc:expression>
                    <cc:expression>props['p.errorRecords'] = (props['p.errorCount'] == 0) ? 0 : props['p.errorCount'] </cc:expression>
                    <cc:expression>props['p.loadedRecords'] = (props['p.LoadedRecordCount'] == 0) ? 0 : props['p.LoadedRecordCount'] </cc:expression>
                </cc:eval>
            </cc:steps>
        </cc:async-mediation>
        <cc:local-out id="CallAuditReportLoadError" store-message="none" endpoint="vm://INT0027_Computershare_ESPP_Qualified_Taxable_Earnings_Payroll_Inputs_Inbound/AuditReport"><cc:set name="pStatus" value="'Error'"/><cc:set name="pComments" value="'Erorr Loading Data to Workday'"/><cc:set name="p.errorCount" value="+1"/></cc:local-out>
        <cc:local-out id="CallAuditReportEEIDNotFound" store-message="none" endpoint="vm://INT0027_Computershare_ESPP_Qualified_Taxable_Earnings_Payroll_Inputs_Inbound/AuditReport"><cc:set name="pStatus" value="'Error'"/><cc:set name="pComments" value="context.errorMessage"/></cc:local-out>
        <cc:async-mediation id="IncrementErrorEID" routes-to="CallAuditReportEEIDNotFound">
            <cc:steps>
                <cc:eval id="IncrementErrorCount">
                    <cc:expression>props['p.errorCount'] = props['p.errorCount'] + 1</cc:expression>
                </cc:eval>
            </cc:steps>
        </cc:async-mediation>
        <cc:async-mediation id="IncrementErrorInputValidation" routes-to="CallAuditReportInputValidation">
            <cc:steps>
                <cc:eval id="IncrementErrorCount">
                    <cc:expression>props['p.errorCount'] = props['p.errorCount'] + 1</cc:expression>
                </cc:eval>
            </cc:steps>
        </cc:async-mediation>
        <cc:local-out id="CallAuditReportInputValidation" store-message="none" endpoint="vm://INT0027_Computershare_ESPP_Qualified_Taxable_Earnings_Payroll_Inputs_Inbound/AuditReport"><cc:set name="pStatus" value="'Error'"/><cc:set name="pComments" value="context.errorMessage"/></cc:local-out>
        <cc:local-in id="ForceBatch" routes-to="Aggregator"/>
        <cc:aggregator id="Aggregator" routes-to="StoreReport" collate-when="!props['force.batch.close']" force-batch-on-last-message="false" force-batch-when="props['force.batch.close']">
            <cc:size-batch-strategy/>
            <cc:message-content-collater/>
        </cc:aggregator>
        <cc:async-mediation id="StoreReport" routes-to="FinalPIM">
            <cc:steps>
                <cc:write id="Write">
                    <cc:message>
                        <cc:text>&lt;Worker></cc:text>
                        <cc:message-content/>
                        <cc:text>&lt;/Worker></cc:text>
                    </cc:message>
                </cc:write>
                <cc:xslt id="Xslt" url="AuditControlReport.xsl"/>
                <cc:text-excel id="TextExcel" output-mimetype="application/vnd.ms-excel" excelstyle="workbook" style="text2excel"/>
                <cc:store id="Store" createDocumentReference="true" expiresIn="P180D" title="Computershare ESPP Qualified Taxable Earnings Audit Report.xls"/>
            </cc:steps>
            <cc:send-error id="SendError" routes-to="StoreReportError"/>
        </cc:async-mediation>
        <cc:local-out id="CallForceBatch" store-message="none" routes-response-to="WriteWarningMessage" endpoint="vm://INT0027_Computershare_ESPP_Qualified_Taxable_Earnings_Payroll_Inputs_Inbound/ForceBatch"><cc:set name="force.batch.close" value="true"/></cc:local-out>
        <cc:local-out id="FinalPIM" endpoint="vm://wcc/PutIntegrationMessage"><cc:set name="is.message.severity" value="'INFO'"/><cc:set name="is.message.summary" value="'Audit Report is generated.'"/><cc:set name="is.message.storage.enabled" value="false"/></cc:local-out>
        <cc:async-mediation id="AsyncMediation5" routes-to="WorkdayOutSoap0" handle-downstream-errors="true">
            <cc:steps>
                <cc:write id="WriteInputSoapRequest">
                    <cc:message>
                        <cc:text>&lt;?xml version=&quot;1.0&quot; encoding=&quot;UTF-8&quot;?>&#xD;
&lt;env:Envelope&#xD;
    xmlns:env=&quot;http://schemas.xmlsoap.org/soap/envelope/&quot;&#xD;
    xmlns:xsd=&quot;http://www.w3.org/2001/XMLSchema&quot;>&#xD;
    &lt;env:Body>&#xD;
        &lt;wd:Import_Payroll_Input_Request&#xD;
            xmlns:wd=&quot;urn:com.workday/bsvc&quot;&#xD;
            wd:version=&quot;v32.1&quot;>&#xD;
            &lt;wd:Default_Batch_ID>@{props['p.batch_ID']}&lt;/wd:Default_Batch_ID>&#xD;
            &lt;wd:Payroll_Input_Data wd:Last_Period_End_Date=&quot;@{props['p.wsEndDate']}&quot;>&#xD;
                &lt;wd:Ongoing_Input>false&lt;/wd:Ongoing_Input>&#xD;
                &lt;wd:Start_Date>@{props['p.wsStartDate']}&lt;/wd:Start_Date>&#xD;
                &lt;wd:End_Date>@{props['p.wsEndDate']}&lt;/wd:End_Date>&#xD;
                &lt;wd:Worker_Reference>&#xD;
                    &lt;wd:ID wd:type=&quot;Employee_ID&quot;>@{props['r.employeeId']}&lt;/wd:ID>&#xD;
                &lt;/wd:Worker_Reference>&#xD;
                &lt;wd:Earning_Reference>&#xD;
                    &lt;wd:ID wd:type=&quot;Earning_Code&quot;>EPQ&lt;/wd:ID>&#xD;
                &lt;/wd:Earning_Reference>&#xD;
                &lt;wd:Amount>@{props['p.taxableBenefit']}&lt;/wd:Amount>&#xD;
                &lt;wd:Adjustment>true&lt;/wd:Adjustment>&#xD;
                &lt;wd:Currency_Reference>&#xD;
                    &lt;wd:ID wd:type=&quot;Currency_ID&quot;>USD&lt;/wd:ID>&#xD;
                &lt;/wd:Currency_Reference>&#xD;
                &lt;wd:Company_Reference>&#xD;
                    &lt;wd:ID wd:type=&quot;Company_Reference_ID&quot;>@{props['r.companyCode']}&lt;/wd:ID>&#xD;
                &lt;/wd:Company_Reference>                &#xD;
            &lt;/wd:Payroll_Input_Data>&#xD;
        &lt;/wd:Import_Payroll_Input_Request>&#xD;
    &lt;/env:Body>&#xD;
&lt;/env:Envelope></cc:text>
                    </cc:message>
                </cc:write></cc:steps>
            <cc:send-error id="SendError" routes-to="AsyncMediation6"/>
        </cc:async-mediation>
        <cc:async-mediation id="AsyncMediation6" routes-to="CallAuditReportLoadError">
            <cc:steps>
                <cc:eval id="IncrementErrorCount">
                    <cc:expression>props['p.errorCount'] = props['p.errorCount'] + 1</cc:expression>
                </cc:eval></cc:steps>
            <cc:send-error id="SendError" routes-to="PutMEssageErrorErrorLog"/>
        </cc:async-mediation>
        <cc:local-out id="WriteWarningMessage" execute-when="props['p.errorCount'] > 0" endpoint="vm://wcc/PutIntegrationMessage"><cc:set name="is.message.severity" value="'ERROR'"/><cc:set name="is.message.summary" value="'Errors were encountered during the load. Please review the attached Audit Report'"/><cc:set name="is.message.storage.enabled" value="false"/></cc:local-out>
        <cc:local-out id="Note-Error" endpoint="vm://wcc/PutIntegrationMessage">
            <cc:set name="is.message.severity" value="'CRITICAL'"/>
            <cc:set name="is.message.summary" value="'INT0027 has encountered an unexpected critical error, message:  '+ context.errorMessage"/>
        </cc:local-out>
        <cc:send-error id="global-error-handler" rethrow-error="false" routes-to="Note-Error"/>
        <cc:async-mediation id="LogParking">
            <cc:steps>
                <cc:log id="Log">
                    <cc:log-message>
                        <cc:line-separator/>
                        <cc:text>******************************* TJO LOAD ESPP DATA BEGIN (ON CYCLE Route) *******************************&#xD;
On Cyle Flag: @{props['lp.onCycle']}&#xD;
Off Cycle Flag: On Cyle Flag: @{props['lp.offCycle']}&#xD;
******************************* TJO LOAD ESPP DATA END  (ON CYCLE Route) *********************************</cc:text>
                        <cc:line-separator/>
                        <cc:text>********************************* TJO Before Load BEGIN *******************************************&#xD;
Employee ID: @{props['r.employeeId']}&#xD;
SSN: @{props['p.EmployeeSSN']}&#xD;
Taxable Benefits: @{props['p.taxableBenefit']}&#xD;
Current Period Start Date: @{props['r.currentperiodstartdate']}&#xD;
Current Period End Date: @{props['r.currentperiodenddate']}&#xD;
Last Period Start Date Previous Year: @{props['r.lastperiodstartdatepreviousyear']}&#xD;
Last Period End Date Previous Year: @{props['r.lastperiodenddatepreviousyear']}&#xD;
WS Start Date: @{props['p.wsStartDate']}&#xD;
WS End Date: @{props['p.wsEndDate']}&#xD;
Batch ID: @{props['p.batch_ID']}&#xD;
Validation Code: @{props['lp.validationMode']}&#xD;
********************************* TJO Before Load END *********************************************</cc:text>
                        <cc:line-separator/>
                    </cc:log-message>
                </cc:log></cc:steps>
        </cc:async-mediation>
        <cc:async-mediation id="LogParkging0">
            <cc:steps>
                <cc:log id="Log">
                    <cc:log-message>
                        <cc:line-separator/>
                        <cc:text>********************************* TJO BEGIN *******************************************&#xD;
Employee ID: @{props['r.employeeId']}&#xD;
SSN: @{props['p.EmployeeSSN']}&#xD;
Taxable Benefits: @{props['p.taxableBenefit']}&#xD;
Current Period Start Date: @{props['r.currentperiodstartdate']}&#xD;
Current Period End Date: @{props['r.currentperiodenddate']}&#xD;
Last Period Start Date Previous Year: @{props['r.lastperiodstartdatepreviousyear']}&#xD;
Last Period End Date Previous Year: @{props['r.lastperiodenddatepreviousyear']}&#xD;
WS Start Date: @{props['p.wsStartDate']}&#xD;
WS End Date: @{props['p.wsEndDate']}&#xD;
Batch ID: @{props['p.batch_ID']}&#xD;
Validation Mode: @{props['lp.validationMode']}&#xD;
Company: @{props['r.companyCode']}&#xD;
********************************* TJO END *********************************************</cc:text>
                        <cc:line-separator/>
                    </cc:log-message>
                </cc:log></cc:steps>
        </cc:async-mediation>
        <cc:async-mediation id="LogParking4">
            <cc:steps>
                <cc:log id="Log" input="message">
                    <cc:log-message>
                        <cc:line-separator/>
                        <cc:text>*************************************TJO BEGIN**************************************</cc:text>
                        <cc:line-separator/>
                        <cc:line-separator/>
                        <cc:text>*************************************TJO END**************************************</cc:text>
                        <cc:line-separator/>
                    </cc:log-message>
                </cc:log>
                <cc:log id="Log0">
                    <cc:log-message>
                        <cc:line-separator/>
                        <cc:text>************************ TJO SPLITTER Begin **************************</cc:text>
                        <cc:line-separator/>
                        <cc:line-separator/>
                        <cc:text>Row Count: @{props['p.rowCount']}&#xD;
Is Numeric: @{props['p.isNumeric']}</cc:text>
                        <cc:line-separator/>
                        
                        <cc:text>@{props['p.EmployeeSSN']}</cc:text>
                        <cc:line-separator/><cc:text>@{props['p.taxableBenefit']}&#xD;
Modified: @{props['p.errorCheckTaxableBenefit']}</cc:text>
                        
                        <cc:line-separator/>
                        <cc:text>************************ TJO SPLITTER end **************************</cc:text><cc:line-separator/>
                    </cc:log-message>
                </cc:log></cc:steps>
        </cc:async-mediation>
        <cc:local-out id="StoreReportError" endpoint="vm://wcc/PutIntegrationMessage"><cc:set name="is.message.severity" value="'ERROR'"/><cc:set name="is.message.summary" value="'Failed to store the Audit Report.'"/><cc:set name="is.message.detail" value="context.errorMessage"/></cc:local-out>
        <cc:local-out id="PutMEssageErrorSuccessLog" endpoint="vm://wcc/PutIntegrationMessage"><cc:set name="is.message.severity" value="'ERROR'"/><cc:set name="is.message.summary" value="'Failed to increment success count'"/><cc:set name="is.message.detail" value="context.errorMessage"/></cc:local-out>
        <cc:local-out id="PutMEssageErrorErrorLog" endpoint="vm://wcc/PutIntegrationMessage"><cc:set name="is.message.severity" value="'ERROR'"/><cc:set name="is.message.summary" value="'Failed to increment error count.'"/><cc:set name="is.message.detail" value="context.errorMessage"/></cc:local-out>


</cc:assembly>

</beans>