<?xml version="1.0" encoding="UTF-8"?>
<wdnm:Diagram xmlns:wdnm="http://workday.com/studio/editors/notation">
  <element href="assembly.xml#WorkdayAssembly"/>
  <visualProperties x="138" y="231">
    <element href="assembly.xml#Local-IN-Customer-Invoice"/>
  </visualProperties>
  <visualProperties x="201" y="186">
    <element href="assembly.xml#GetSingleCustomerInvoiceWWS-OUT"/>
  </visualProperties>
  <visualProperties x="690" y="195">
    <element href="assembly.xml#GetSingleCustomerInvoiceRaas-OUT"/>
  </visualProperties>
  <visualProperties x="1049" y="225">
    <element href="assembly.xml#ProcessReversal-OUT"/>
  </visualProperties>
  <visualProperties x="1257" y="229">
    <element href="assembly.xml#VertexCalculateTaxSingle-OUT"/>
  </visualProperties>
  <visualProperties x="1488" y="240">
    <element href="assembly.xml#ProcessResponse-OUT"/>
  </visualProperties>
  <visualProperties x="549" y="231">
    <element href="assembly.xml#GetSingleCustomerInvoiceDateRaasOUT"/>
  </visualProperties>
  <decorations x="26" y="63" width="245" height="60" text="Sub assembly to handle Customer Invoice process."/>
  <connections type="routesTo" sourceAnchorX="0.7303921568627451" sourceAnchorY="1.0" targetAnchorX="0.39543726235741444" targetAnchorY="0.43243243243243246">
    <source href="assembly.xml#Local-IN-Customer-Invoice"/>
    <target href="assembly.xml#GetSingleCustomerInvoiceWWS-OUT"/>
  </connections>
  <connections type="routesResponseTo" sourceAnchorX="0.870722433460076" sourceAnchorY="1.0" targetAnchorX="0.14705882352941177" targetAnchorY="0.5405405405405406">
    <source href="assembly.xml#GetSingleCustomerInvoiceRaas-OUT"/>
    <target href="assembly.xml#ProcessReversal-OUT"/>
  </connections>
  <connections type="routesResponseTo" sourceAnchorX="0.7647058823529411" sourceAnchorY="1.0" targetAnchorX="0.0763888888888889" targetAnchorY="0.05405405405405406">
    <source href="assembly.xml#ProcessReversal-OUT"/>
    <target href="assembly.xml#VertexCalculateTaxSingle-OUT"/>
  </connections>
  <connections type="routesResponseTo" sourceAnchorX="0.6457399103139013" sourceAnchorY="1.0" targetAnchorX="0.07894736842105263" targetAnchorY="0.35135135135135137">
    <source href="assembly.xml#VertexCalculateTaxSingle-OUT"/>
    <target href="assembly.xml#ProcessResponse-OUT"/>
  </connections>
  <connections type="routesResponseTo" sourceAnchorX="0.8250950570342205" sourceAnchorY="1.0" targetAnchorX="0.27941176470588236" targetAnchorY="0.32432432432432434">
    <source href="assembly.xml#GetSingleCustomerInvoiceWWS-OUT"/>
    <target href="assembly.xml#GetSingleCustomerInvoiceDateRaasOUT"/>
  </connections>
  <connections type="routesResponseTo" sourceAnchorX="0.8982456140350877" sourceAnchorY="1.0" targetAnchorX="0.13688212927756654" targetAnchorY="0.5945945945945946">
    <source href="assembly.xml#GetSingleCustomerInvoiceDateRaasOUT"/>
    <target href="assembly.xml#GetSingleCustomerInvoiceRaas-OUT"/>
  </connections>
  <swimlanes x="26" y="157" name="VTX Customer Invoice ">
    <elements href="assembly.xml#Local-IN-Customer-Invoice"/>
    <elements href="assembly.xml#GetSingleCustomerInvoiceWWS-OUT"/>
    <elements href="assembly.xml#GetSingleCustomerInvoiceDateRaasOUT"/>
    <elements href="assembly.xml#GetSingleCustomerInvoiceRaas-OUT"/>
    <elements href="assembly.xml#ProcessReversal-OUT"/>
    <elements href="assembly.xml#VertexCalculateTaxSingle-OUT"/>
    <elements href="assembly.xml#ProcessResponse-OUT"/>
  </swimlanes>
</wdnm:Diagram>
