<?xml version="1.0" encoding="UTF-8"?>
<beans
     xmlns="http://www.springframework.org/schema/beans"
     xmlns:beans="http://www.springframework.org/schema/beans"
     xmlns:atom="http://www.w3.org/2005/Atom"
     xmlns:cc="http://www.capeclear.com/assembly/10"
     xmlns:cloud="urn:com.workday/esb/cloud/10.0"
     xmlns:env="http://schemas.xmlsoap.org/soap/envelope/"
     xmlns:pi="urn:com.workday/picof"
     xmlns:rpt="urn:com.workday.report/INT0062A_Absence_Management_Inbound"
     xmlns:wd="urn:com.workday/bsvc"
     xmlns:xsi="http://www.w3.org/2001/XMLSchema-instance">
 
	<cc:assembly id="WorkdayAssembly" version="19">
<cc:local-out id="CallPutIntegrationEvent" endpoint="vm://wcc/PutIntegrationEvent">
<cc:set name="is.event.completed" value="&quot;current&quot;"/>
</cc:local-out>
<cc:send-error id="Critical_Error" routes-to="CriticalErrorHandler"/>
<cc:local-out id="Call_Critical_Message" routes-response-to="Call_Critical_Event" endpoint="vm://wcc/PutIntegrationMessage">
<cc:set name="is.message.severity" value="'CRITICAL'"/>
<cc:set name="is.message.summary" value="'An unexpected error has occured please see details.'"/>
<cc:set name="is.message.detail" value="context.getErrorMessage()"/>
</cc:local-out>
<cc:local-out id="Call_Critical_Event" endpoint="vm://wcc/PutIntegrationEvent">
<cc:set name="is.event.completed" value="&quot;current&quot;"/>
</cc:local-out>
<cc:local-in id="SubProcessWorker" routes-to="PrepareGetWorkerCall"/>
<cc:local-out id="Call_SplitProcess" execute-when="props['error.free'] " routes-response-to="Call_FinalizeLog" endpoint="vm://INT0065-AbsenceManagement-LeaveStatusFeed-Inbound/SubSplitProcess"/>
        <cc:sync-mediation id="Retrieve_GenerateDocument" routes-to="Splitter" handle-downstream-errors="true">
            <cc:request-steps>
                <cc:eval id="RetrieveDoc"><cc:expression>if (da.size() > 0 ) {da.toVar(0, &quot;wd.retrieve.variable&quot;)}</cc:expression><cc:expression>props['file.name'] = da.getFileName(0)</cc:expression></cc:eval>
<cc:copy id="CopyDoc" input="variable" input-variable="wd.retrieve.variable"/>
<cc:csv-to-xml id="CsvToXml" output="message" colNames="Employee_ID|Effective_Date|Leave_Type_ID|Leave_Start_Date|Estimated_RTW|Change_Indicator" format="rfc4180" separator="|" useFirstLineAsHeader="false"/>
                <cc:xslt id="RemoveHeader" url="RemoveHeader.xsl"/>
                <cc:copy id="CopyRecords" output="variable" output-mimetype="text/xml" output-variable="original.message"/>
            </cc:request-steps>
            <cc:response-steps>
                <cc:eval id="Remove.LogVar"><cc:expression>props['audit.step']= empty</cc:expression></cc:eval>
                <cc:log id="LogRows" input="message">
                    <cc:log-message>
                        <cc:text>&#xD;
---------------------------&#xD;
Number of Records: @{props['record.count']}&#xD;
---------------------------&#xD;
</cc:text>
                    </cc:log-message>
                </cc:log>
                <cc:copy id="Copy0" input="variable" input-variable="original.message"/>
            </cc:response-steps>
            <cc:send-error id="ErrorHandlerDocumentRetrieval" routes-to="Error_DocRetrieval"/>
        </cc:sync-mediation>
        <cc:local-out id="Call_Retrieval" store-message="both" execute-when="props['error.free'] " routes-response-to="Call_SplitProcess" endpoint="vm://INT0065-AbsenceManagement-LeaveStatusFeed-Inbound/SubRetrieveInput"/>
        <cc:local-out id="Error_DocRetrieval" store-message="both" endpoint="vm://INT0065-AbsenceManagement-LeaveStatusFeed-Inbound/ErrorHandler"><cc:set name="step.id" value="'Document Retrieval'"/><cc:set name="initial.retrieval" value="true"/></cc:local-out>
        <cc:local-in id="ErrorHandler" routes-to="ErrorHandler_Step"><cc:parameter documentation="The point of entry" name="step.id"/><cc:parameter default="false" name="initial.retrieval"/></cc:local-in>
        <cc:sync-mediation id="CallProcess">
            <cc:request-steps>
                <cc:eval id="CountRows"><cc:expression>props['record.count'] = props['record.count'] + 1  </cc:expression></cc:eval>
            </cc:request-steps>
            <cc:response-steps/>
            <cc:send-error id="ErrorHandlerPreProcess" routes-to="Error_DocRetrieval"/>
        </cc:sync-mediation>
        <cc:local-in id="SubRetrieveInput" routes-to="Retrieve_GenerateDocument"/>
        <cc:async-mediation id="SubWriteAuditRowStep" routes-to="CallSubFinalizeLog">
            <cc:steps>
                <cc:write id="Write" output-mimetype="text/xml">
                    <cc:message>
                        <cc:text>&lt;Entry>&#xD;
&lt;Entry_Number>@{props['split.counter']}&lt;/Entry_Number>&#xD;
&lt;EE_ID>@{props['ee.id']}&lt;/EE_ID>&#xD;
&lt;Change_Indicator>@{props['action_code']}&lt;/Change_Indicator>&#xD;
&lt;EffDate>@{props['format.record.effective.date']}&lt;/EffDate>&#xD;
&lt;Status>@{props['status']}&lt;/Status>&#xD;
&lt;Integration_Message>@{props['integration.message']}&lt;/Integration_Message>&#xD;
&lt;/Entry></cc:text>
                    </cc:message>
                </cc:write>
            </cc:steps>
        </cc:async-mediation>
        <cc:async-mediation id="Error_Message" routes-to="Call_AuditError">
            <cc:steps>
                <cc:eval id="IntegrationMessage"><cc:expression>props['init.error.message'] = 'The following error has occurred at ' # props['step.id'] # ': '# context.getErrorMessage() </cc:expression><cc:expression>props['process.error.message'] = 'The following error has occurred for ' # props['ee.id'] # ' during ' # props['step.id'] #  ': ' # context.getErrorMessage() </cc:expression><cc:expression>props['error.integration.message']  =props['initial.retrieval'] == true ? props['init.error.message'] : props['process.error.message']</cc:expression></cc:eval>
            </cc:steps>
        </cc:async-mediation>
        <cc:local-out id="Call_FinalizeLog" store-message="both" routes-response-to="IntegrationRecordCounts" endpoint="vm://INT0065-AbsenceManagement-LeaveStatusFeed-Inbound/SubFinalizeLog"><cc:set name="process.batch" value="props['process.batch']  = true"/></cc:local-out>
        <cc:local-in id="SubFinalizeLog" routes-to="SubAuditAggregator"><cc:parameter default="true" name="process.batch"/></cc:local-in>
        <cc:local-out id="SubAudit_Log" execute-when="props['fail.count']  > 0" endpoint="vm://wcc/PutIntegrationMessage"><cc:set name="is.message.severity" value="'INFO'"/><cc:set name="is.message.summary" value="'Audit Log is attached.'"/><cc:set name="is.document.variable.name" value="'audit.xls.output'"/><cc:set name="is.document.file.name" value="props['source.name'] + ' Audit Report.xls'"/></cc:local-out>
        <cc:local-out id="IntegrationRecordCounts" routes-response-to="IntegrationSuccessCounts" endpoint="vm://wcc/PutIntegrationMessage"><cc:set name="is.message.severity" value="'INFO'"/><cc:set name="is.message.summary" value="props['record.count']  + ' records received for processing.'"/></cc:local-out>
        <cc:local-out id="IntegrationFailCounts" routes-response-to="CallPutIntegrationEvent" endpoint="vm://wcc/PutIntegrationMessage"><cc:set name="is.message.severity" value="'INFO'"/><cc:set name="is.message.summary" value="props['fail.count'] + ' records failed to process.'"/></cc:local-out>
        <cc:local-out id="IntegrationSuccessCounts" routes-response-to="IntegrationFailCounts" endpoint="vm://wcc/PutIntegrationMessage"><cc:set name="is.message.severity" value="'INFO'"/><cc:set name="is.message.summary" value="props['success.count'] + ' records processed successfully.'"/></cc:local-out>
        <cc:local-in id="SubWriteAuditRow" routes-to="SubWriteAuditRowStep"><cc:parameter documentation="Pass the integration message to display in audit log" name="integration.message"/><cc:parameter name="status"/></cc:local-in>
        <cc:local-out id="Error_SplitterSubProcess" store-message="both" endpoint="vm://INT0065-AbsenceManagement-LeaveStatusFeed-Inbound/ErrorHandler"><cc:set name="step.id" value="'Validate Leave Type On Record'"/><cc:set name="initial.retrieval" value="false"/></cc:local-out>
        <cc:sync-mediation id="InitializeParameters" routes-to="Call_Retrieval" handle-downstream-errors="false">
            <cc:request-steps>
<cc:eval id="Init-Integration"><cc:expression>props['source.name'] = intsys.getName().substring('0',intsys.getName().lastIndexOf('/') )</cc:expression><cc:expression>props['collection.name'] =  props['source.name'].substring('0',props['source.name'].lastIndexOf('/') )</cc:expression><cc:expression>props['source.name'] = props['source.name'].substring(props['source.name'].lastIndexOf('/')+1 )</cc:expression></cc:eval>
                <cc:eval id="Properties"><cc:expression>props['fail.count'] = 0; props['success.count'] = 0; props['error.free'] = true; props['split.counter'] = 0; props['record.count'] = 0</cc:expression><cc:expression>vars['audit.log'] = empty </cc:expression><cc:expression>props['process.batch'] = false</cc:expression><cc:expression>props['worker.list'] = new java.util.ArrayList()</cc:expression><cc:expression>props['worker.map'] = new java.util.HashMap()</cc:expression></cc:eval></cc:request-steps>
            <cc:response-steps>
                <cc:write id="ClearMessage" output-mimetype="text/plain">
                    <cc:message>
                    </cc:message>
                </cc:write>
            </cc:response-steps>
            <cc:send-error id="ErrorInitialization" routes-to="Error_Initialization"/>
        </cc:sync-mediation>
        <cc:local-out id="Error_Initialization" store-message="both" endpoint="vm://INT0065-AbsenceManagement-LeaveStatusFeed-Inbound/ErrorHandler">
            <cc:set name="step.id" value="'Integration Initialization'"/>
        <cc:set name="initial.retrieval" value="true"/></cc:local-out>
        <cc:async-mediation id="ErrorHandler_Step" routes-to="Error_Message">
            <cc:steps>
                <cc:eval id="Handle_Error"><cc:expression>props['error.free'] = false</cc:expression><cc:expression>props['fail.count'] = props['initial.retrieval'] == true ? props['fail.count'] : props['fail.count'] + 1</cc:expression></cc:eval>
            </cc:steps>
        </cc:async-mediation>
        <cc:local-out id="Call_AuditError" store-message="both" endpoint="vm://INT0065-AbsenceManagement-LeaveStatusFeed-Inbound/SubWriteAuditRow">
            <cc:set name="integration.message" value="props['error.integration.message']"/>
            <cc:set name="status" value="'fail'"/>
        </cc:local-out>
        <cc:async-mediation id="CriticalErrorHandler" routes-to="Call_Critical_Message">
            <cc:steps>
            </cc:steps>
        </cc:async-mediation>
        <cc:async-mediation id="CountSuccess" execute-steps-when="props['error.free'] == true">
            <cc:steps>
                <cc:eval id="CountSuccess"><cc:expression>props['success.count'] = props['success.count']  + 1 </cc:expression><cc:expression>props['audit.step']= ''</cc:expression><cc:expression>props['integration.message'] = ''</cc:expression></cc:eval></cc:steps>
        </cc:async-mediation>
        <cc:splitter id="Splitter">
            <cc:sub-route name="SubRoute" routes-to="CallProcess"/>
            <cc:xml-stream-splitter xpath="root/row"/>
        </cc:splitter>
        <cc:aggregator id="SubAuditAggregator" routes-to="SubAuditStore" allow-external-control="false" collate-when="props['process.batch'] == false" force-batch-on-last-message="false" force-batch-when="props['process.batch'] == true">
            <cc:size-batch-strategy batch-size="-1"/>
            <cc:xml-message-content-collater>
        <cc:header-text>&lt;Audit></cc:header-text>
        <cc:footer-text>&lt;/Audit></cc:footer-text>
      </cc:xml-message-content-collater>
        </cc:aggregator>
        <cc:async-mediation id="SubAuditStore" routes-to="SubAudit_Log" execute-steps-when="props['fail.count'] > 0">
            <cc:steps>
                <cc:xml-to-csv id="XmlToCsv" output="variable" output-mimetype="text/csv" output-variable="audit.csv" writeHeaderLine="true"/>
                <cc:text-excel id="TextExcel" output="variable" output-variable="audit.xls" input="variable" input-variable="audit.csv" style="text2excel"/>
                <cc:store id="Audit_Store" output="variable" output-variable="audit.xls.output" input="variable" input-variable="audit.xls" collection="@{props['source.name']}" createDocumentReference="false" title="Inbound_Audit_Log"/></cc:steps>
        </cc:async-mediation>
        <cc:async-mediation id="PrepareGetWorkerCall" routes-to="GetWorker" continue-after-error="rewind" handle-downstream-errors="true">
            <cc:steps>
                <cc:xslt id="PrepareRequestForWorkersInFile" url="CreateEmployeeReferences.xsl"/>
            </cc:steps>
            <cc:send-error id="SendError" routes-to="Log_InvalidWorker"/>
        </cc:async-mediation>
        <cc:async-mediation id="ValidateActionCode" routes-to="CallSubProcessWorker" continue-after-error="rewind" handle-downstream-errors="false">
            <cc:steps>
                <cc:eval id="RowProps"><cc:expression>props['split.counter'] = props['split.counter'] + 1  </cc:expression><cc:expression>props['error.free'] = true</cc:expression><cc:expression>props['Leave_Type'] = parts[0].xpath('row/Leave_Type_ID')</cc:expression><cc:expression>if(parts[0].xpath('row/Leave_Type_ID') != 'RTW') {props['workday.leavetype.from.file'] = intsys.integrationMapReverseLookup('Leave Type', props['Leave_Type'])}</cc:expression><cc:expression>if(parts[0].xpath('row/Leave_Type_ID') != 'RTW'){props['workday.leavetype.from.file'] = props['workday.leavetype.from.file']!= null ? props['workday.leavetype.from.file'].get(0).getReferenceData('Leave_of_Absence_Type_ID') : ''}</cc:expression><cc:expression>props['leave.duration'] = props['workday.leavetype.from.file']!= null? intsys.integrationMapLookup('Leave Duration', 'Leave_of_Absence_Type_ID', props['workday.leavetype.from.file'], false): 0</cc:expression><cc:expression>props['ee.id'] = parts[0].xpath(&quot;row/Employee_ID&quot;)</cc:expression><cc:expression>props['record.effective.date'] = parts[0].xpath(&quot;row/Effective_Date&quot;)</cc:expression><cc:expression>props['leave.action'] = parts[0].xpath('row/Leave_Type_ID'); props['action_code'] = parts[0].xpath('row/Change_Indicator');  props['leave.action.reason'] = parts[0].xpath('row/Reason_Code')</cc:expression><cc:expression>props['comment.string']  = parts[0].xpath('row/Leave_Type_ID') +'|' + parts[0].xpath('row/Reason_Code')</cc:expression><cc:expression>props['out.date.format'] = new java.text.SimpleDateFormat('yyyy-MM-dd'); props['in.date.format'] = new java.text.SimpleDateFormat('MM/dd/yyyy')</cc:expression><cc:expression>props['estimated.RTW'] = parts[0].xpath(&quot;row/Estimated_RTW&quot;)</cc:expression><cc:expression>if(props['estimated.RTW'] != '') {props['format.estimated.RTW'] = props['out.date.format'].format(props['in.date.format'].parse(props['estimated.RTW']))}   </cc:expression><cc:expression>if(props['record.effective.date'] != '') {props['format.record.effective.date'] = props['out.date.format'].format(props['in.date.format'].parse(props['record.effective.date']))}</cc:expression></cc:eval>
                <cc:validate-exp id="ValidateExp"><cc:expression failure-message="'Worker Leave Type Is not listed in the Leave Table'">props['workday.leavetype.from.file'] != '' || props['leave.action'] == 'RTW'</cc:expression></cc:validate-exp>
            </cc:steps>
            <cc:send-error id="SendError" routes-to="Error_SplitterSubProcess"/>
        </cc:async-mediation>
        <cc:route id="RouteByReasonCode">
            <cc:mvel-strategy>
                <cc:choose-route expression="props['action_code']  == 'A'" route="New"/>
                <cc:choose-route expression="true" route="Delete"/>
            </cc:mvel-strategy>
            <cc:sub-route name="New" routes-to="callInitiateNewTransaction"/>
            <cc:sub-route name="Delete" routes-to="callRescindTransaction"/>
        </cc:route>
        <cc:local-in id="RescindTransaction" routes-to="PrepareRescindedRequest"/>
        <cc:async-mediation id="PrepareRescindedRequest" routes-to="SendRescindRequest" continue-after-error="rewind" handle-downstream-errors="true">
            <cc:steps>
                <cc:xslt id="FormatRequest" url="formatrequest.xsl"/>
                <cc:log id="LogReq">
                    <cc:log-message>
                        <cc:text>&#xD;
----Web Service Request---&#xD;
</cc:text>
                        <cc:message-content/>
                        <cc:line-separator/>
                    </cc:log-message>
                </cc:log>
            </cc:steps>
            <cc:send-error id="SendError" routes-to="Error_RescindTrans"/>
        </cc:async-mediation>
        <cc:workday-out-soap id="SendRescindRequest" execute-when="props['error.free']" application="Integrations" version="v21.1"/>
        <cc:local-out id="Error_RescindTrans" store-message="none" endpoint="vm://INT0065-AbsenceManagement-LeaveStatusFeed-Inbound/ErrorHandler"><cc:set name="step.id" value="'Delete Transaction'"/><cc:set name="initial.retrieval" value="false"/></cc:local-out>
        <cc:local-out id="callRescindTransaction" store-message="none" endpoint="vm://INT0065-AbsenceManagement-LeaveStatusFeed-Inbound/DeleteTransaction"/>
        <cc:local-out id="callInitiateNewTransaction" store-message="none" endpoint="vm://INT0065-AbsenceManagement-LeaveStatusFeed-Inbound/InitiateNewTransaction"/>
        <cc:local-in id="InitiateNewTransaction" routes-to="Route"/>
        <cc:async-mediation id="ValidateWorkerOnLeave" routes-to="ProcessExplicitRTNFromLeave" continue-after-error="rewind" handle-downstream-errors="false">
            <cc:steps>
                <cc:xslt id="GetRFLEvent" input="variable" input-variable="worker.valid.leaves" url="GrabLeaveForReturn.xsl"/>
                <cc:eval id="IdentifyLeave"><cc:expression>props['leave.count'] = parts[0].xpath('count(LeaveEntries/wd:Leave_Status_Data)') </cc:expression><cc:expression>props['error.message'] = props['leave.count'] > 1? 'Worker Has Multiple Open Leaves': (props['leave.count'] &lt; 1? 'No Open Leaves Were Identified': '')</cc:expression><cc:expression>if(props['leave.count'] == 1) {props['trans.id'] = parts[0].xpath(&quot;LeaveEntries/wd:Leave_Status_Data/wd:Leave_Request_Event_Reference/wd:ID[@wd:type ='WID']&quot;)}</cc:expression></cc:eval>
                <cc:validate-exp id="ValidateExp">
                    <cc:expression failure-message="@{props['error.message']}">props['leave.count'] == 1</cc:expression>
                </cc:validate-exp>
            </cc:steps>
            <cc:send-error id="SendError" routes-to="ErrorNOL_SubProcess"/>
        </cc:async-mediation>
        <cc:route id="Route">
            <cc:mvel-strategy>
                <cc:choose-route expression="props['leave.action']  == 'RTW'" route="ReturnWorkerFromLeave"/>
                <cc:choose-route expression="true" route="PutWorkerOnleave"/>
            </cc:mvel-strategy>
            <cc:sub-route name="ReturnWorkerFromLeave" routes-to="ValidateWorkerOnLeave"/>
            <cc:sub-route name="PutWorkerOnleave" routes-to="getLeaveStatus"/>
        </cc:route>
        <cc:local-out id="ErrorNOL_SubProcess" store-message="none" endpoint="vm://INT0065-AbsenceManagement-LeaveStatusFeed-Inbound/ErrorHandler"><cc:set name="step.id" value="'Validate Worker On Leave'"/><cc:set name="initial.retrieval" value="false"/></cc:local-out>
        <cc:workday-out-soap id="SendRTNFromLeaveReq" application="Absence_Management" version="v21.1"/>
        <cc:local-in id="IncrementSuccess" routes-to="CountSuccess"/>
        <cc:local-in id="returnWorkerFromLeave" routes-to="PrepareRTNFromLeaveReq"/>
        <cc:async-mediation id="PrepareRTNFromLeaveReq" routes-to="SendRTNFromLeaveReq" continue-after-error="rewind" handle-downstream-errors="true">
            <cc:steps>
                <cc:xslt id="FormatRTNFromLeaveReq" url="returnfromleave.xsl"/>
                <cc:eval id="reset"><cc:expression>props['implied.return']  = false</cc:expression></cc:eval>
            </cc:steps>
            <cc:send-error id="SendError" routes-to="Handler_RTNFromLeaveError"/>
        </cc:async-mediation>
        <cc:local-out id="Handler_RTNFromLeaveError" store-message="none" endpoint="vm://INT0065-AbsenceManagement-LeaveStatusFeed-Inbound/ErrorHandler"><cc:set name="step.id" value="'Return from Leave'"/><cc:set name="initial.retrieval" value="false"/></cc:local-out>
        <cc:local-out id="ProcessExplicitRTNFromLeave" store-message="none" execute-when="props['leave.count'] == 1" routes-response-to="callIncrementSuccess" endpoint="vm://INT0065-AbsenceManagement-LeaveStatusFeed-Inbound/returnWorkerFromLeave"/>
        <cc:local-out id="callIncrementSuccess" store-message="none" execute-when="props['error.free'] = true" endpoint="vm://INT0065-AbsenceManagement-LeaveStatusFeed-Inbound/IncrementSuccess"/>
        <cc:async-mediation id="getLeaveStatus" routes-to="RouteBasedOnLeaveStatus" continue-after-error="rewind" handle-downstream-errors="false">
            <cc:steps>
                <cc:eval id="checkleavestatus"><cc:expression>props['worker.is.on.validleave'] = vars['worker.valid.leaves'].xpathB('LeaveEntries/wd:Leave_Status_Data')</cc:expression><cc:expression>props['leave.count']  = vars['worker.valid.leaves'].xpath('count(LeaveEntries/wd:Leave_Status_Data)')</cc:expression></cc:eval>
                <cc:validate-exp id="ValidateWorkerHasOneLeave">
                    <cc:expression failure-message="Unable to put worker on new leave event because multiple active leaves already exist for the worker">props['leave.count'] &lt; 2</cc:expression>
                </cc:validate-exp>
            </cc:steps>
            <cc:send-error id="SendError" routes-to="Call_HandleError"/>
        </cc:async-mediation>
        <cc:local-out id="ProcessImplicitRTNFromLeave" store-message="none" endpoint="vm://INT0065-AbsenceManagement-LeaveStatusFeed-Inbound/returnWorkerFromLeave"><cc:set name="implied.return" value="true"/></cc:local-out>
        <cc:async-mediation id="PrepareLeaveofAbsenceRequest" routes-to="SendRequestLeave" continue-after-error="rewind" handle-downstream-errors="true">
            <cc:steps>
                <cc:xslt id="PrepareLeaveOfAbsenceRequest" url="prepareleaverequest.xsl"/>
            </cc:steps>
            <cc:send-error id="SendError" routes-to="Handle_RequestLeave_Error"/>
        </cc:async-mediation>
        <cc:workday-out-soap id="SendRequestLeave" application="Absence_Management" version="v21.1"/>
        <cc:local-out id="Handle_RequestLeave_Error" store-message="none" endpoint="vm://INT0065-AbsenceManagement-LeaveStatusFeed-Inbound/ErrorHandler"><cc:set name="initial.retrieval" value="false"/><cc:set name="step.id" value="'Request Leave Of Absence'"/></cc:local-out>
        <cc:route id="RouteBasedOnLeaveStatus">
            <cc:mvel-strategy>
                <cc:choose-route expression="props['worker.is.on.validleave'] == true" route="AlreadyOnLeave"/>
                <cc:choose-route expression="true" route="NotOnLeave"/>
            </cc:mvel-strategy>
            <cc:sub-route name="AlreadyOnLeave" routes-to="setupPreProcessingProps"/>
            <cc:sub-route name="NotOnLeave" routes-to="CallPutWorkerOnLeave"/>
        </cc:route>
        <cc:local-out id="CallSubFinalizeLog" store-message="none" endpoint="vm://INT0065-AbsenceManagement-LeaveStatusFeed-Inbound/SubFinalizeLog"><cc:set name="process.batch" value="false"/></cc:local-out>
        <cc:local-out id="Call_HandleError" store-message="none" endpoint="vm://INT0065-AbsenceManagement-LeaveStatusFeed-Inbound/ErrorHandler"><cc:set name="step.id" value="'Retrieve Leave Status'"/><cc:set name="initial.retrieval" value="false"/></cc:local-out>
        <cc:async-mediation id="setupPreProcessingProps" routes-to="CallSubRoutine">
            <cc:steps>
                <cc:eval id="CheckForErrors"><cc:expression>props['worker.current.leave.effdate'] = vars['worker.valid.leaves'].xpath('LeaveEntries/wd:Leave_Status_Data/wd:Leave_Start_Date').toString().substring(0, 10)</cc:expression><cc:expression>props['implied.correction'] = props['worker.current.leave.effdate'] == props['format.record.effective.date'] ? true: false</cc:expression><cc:expression>props['trans.id'] = vars['worker.valid.leaves'].xpath(&quot;LeaveEntries/wd:Leave_Status_Data/wd:Leave_Request_Event_Reference/wd:ID[@wd:type = 'WID']&quot;)</cc:expression><cc:expression>props['implied.rtn.from.leave'] = props['implied.correction'] == false? true: false</cc:expression><cc:expression>props['retro.leave'] = props['worker.current.leave.effdate'] > props['format.record.effective.date'] ? true: false</cc:expression></cc:eval>
                <cc:validate-exp id="ValidateExp"><cc:expression failure-message="Unable to initiate new leave request because the worker is already on a Leave with a later date">props['retro.leave'] == false</cc:expression></cc:validate-exp>
            </cc:steps>
            <cc:send-error id="SendError" routes-to="CallProcessErrorhandler"/>
        </cc:async-mediation>
        <cc:local-out id="CallProcessErrorhandler" store-message="none" endpoint="vm://INT0065-AbsenceManagement-LeaveStatusFeed-Inbound/ErrorHandler"><cc:set name="step.id" value="'Validate Leave Eff Date Is Greater Than Current Leave Date'"/><cc:set name="initial.retrieval" value="false"/></cc:local-out>
        <cc:workday-out-soap id="GetWorker" routes-response-to="StoreWorkerData" application="Absence_Management" version="v21.1"/>
        <cc:local-in id="SubSplitProcess" routes-to="SplitRecords"/>
        <cc:splitter id="SplitRecords">
            <cc:sub-route name="SubRoute" routes-to="ValidateActionCode"/>
            <cc:xml-stream-splitter xpath="root/row"/>
        </cc:splitter>
        <cc:local-out id="CallSubProcessWorker" store-message="none" endpoint="vm://INT0065-AbsenceManagement-LeaveStatusFeed-Inbound/SubProcessWorker"/>
        <cc:async-mediation id="StoreWorkerData" routes-to="RouteByReasonCode">
            <cc:steps>
                <cc:eval id="EEWID"><cc:expression>props['worker.wid'] = parts[0].xpath(&quot;env:Envelope/env:Body/wd:Get_Workers_Response/wd:Response_Data/wd:Worker/wd:Worker_Reference/wd:ID[@wd:type='WID']&quot;)</cc:expression></cc:eval>
                <cc:copy id="Copy" output="variable" output-variable="worker.data"/>
                <cc:xslt id="OutputValidLeaves" output="variable" output-variable="worker.valid.leaves" input="message" url="OutputValidLeavesForWorker.xsl"/>
            </cc:steps>
        </cc:async-mediation>
        <cc:local-out id="Log_InvalidWorker" store-message="none" endpoint="vm://INT0065-AbsenceManagement-LeaveStatusFeed-Inbound/ErrorHandler"><cc:set name="step.id" value="'Validate Worker Exist In WD'"/><cc:set name="initial.retrieval" value="false"/></cc:local-out>
        <cc:local-in id="DeleteTransaction" routes-to="RouteDelete"/>
        <cc:route id="RouteDelete">
            <cc:mvel-strategy>
                <cc:choose-route expression="props['leave.action'] == 'RTW'" route="DeleteRFL"/>
                <cc:choose-route expression="true" route="DeleteLeave"/>
            </cc:mvel-strategy>
            <cc:sub-route name="DeleteRFL" routes-to="GrabLeaveForDelete"/>
            <cc:sub-route name="DeleteLeave" routes-to="CheckIfLeaveHasBeenReturned"/>
        </cc:route>
        <cc:local-out id="CallDeleteRFL" store-message="none" routes-response-to="CallIncrementDeleteRFLSuccess" endpoint="vm://INT0065-AbsenceManagement-LeaveStatusFeed-Inbound/RescindTransaction"/>
        <cc:async-mediation id="GrabLeaveForDelete" routes-to="CallDeleteRFL" continue-after-error="rewind" handle-downstream-errors="false">
            <cc:steps>
                <cc:xslt id="FindRFLForDelete" url="findRFLfordelete.xsl"/>
                <cc:eval id="IdentifyLeave"><cc:expression>props['leave.count'] = parts[0].xpath('count(LeaveEntries/wd:Leave_Status_Data)') </cc:expression><cc:expression>props['error.message'] = props['leave.count'] > 1? 'Worker Has Multiple Open Leaves': (props['leave.count'] &lt; 1? 'No Open Leaves Were Identified': '')</cc:expression><cc:expression>if(props['leave.count'] == 1) {props['trans.id'] = parts[0].xpath(&quot;LeaveEntries/wd:Leave_Status_Data/wd:Leave_Return_Event_Reference/wd:ID[@wd:type ='WID']&quot;)}</cc:expression></cc:eval>
                <cc:validate-exp id="ValidateExp">
                    <cc:expression failure-message="@{props['error.message']}">props['leave.count'] == 1</cc:expression>
                </cc:validate-exp>
            </cc:steps>
            <cc:send-error id="SendError" routes-to="CallDeleteRFLError"/>
        </cc:async-mediation>
        <cc:async-mediation id="CheckIfLeaveHasBeenReturned" routes-to="CallDeleteReturnFromLeaveEvent" continue-after-error="rewind" handle-downstream-errors="false">
            <cc:steps>
                <cc:xslt id="Findleavetodelete" url="FindleaveForDelete.xsl"/>
                <cc:copy id="SaveLeave" output="variable" output-variable="leavetodelete"/>
                <cc:eval id="CheckForErrors"><cc:expression>props['leave.count'] = parts[0].xpath('count(LeaveEntries/wd:Leave_Status_Data)') </cc:expression><cc:expression>props['error.message'] = props['leave.count'] > 1? 'Worker Has Multiple Open Leaves': (props['leave.count'] &lt; 1? 'No Open Leaves Were Identified': '')</cc:expression><cc:expression>if(props['leave.count'] == 1) {props['trans.id'] = parts[0].xpath(&quot;LeaveEntries/wd:Leave_Status_Data/wd:Leave_Return_Event_Reference/wd:ID[@wd:type ='WID']&quot;)}</cc:expression></cc:eval>
                <cc:validate-exp id="LeaveExist">
                    <cc:expression failure-message="@{props['error.message']}">props['leave.count'] == 1</cc:expression>
                </cc:validate-exp>
                <cc:eval id="SetReturnID"><cc:expression>props['delete.return']  = false</cc:expression><cc:expression>if(parts[0].xpath('LeaveEntries/wd:Leave_Status_Data/wd:On_Leave') == '0'){props['delete.return'] = true}</cc:expression><cc:expression>if(props['delete.return'] == true) {props['trans.id']  = parts[0].xpath(&quot;LeaveEntries/wd:Leave_Status_Data/wd:Leave_Return_Event_Reference/wd:ID[@wd:type = 'WID']&quot;)}</cc:expression></cc:eval>
            </cc:steps>
            <cc:send-error id="SendError" routes-to="Call_DeleteLeaveError"/>
        </cc:async-mediation>
        <cc:local-out id="CallDeleteReturnFromLeaveEvent" store-message="none" execute-when="props['delete.return']  == true" routes-response-to="SetDeleteID" endpoint="vm://INT0065-AbsenceManagement-LeaveStatusFeed-Inbound/RescindTransaction"/>
        <cc:local-out id="CallDeleteLeave" store-message="none" execute-when="props['error.free'] = true" routes-response-to="CallHandleRescindForImpliedRtn" endpoint="vm://INT0065-AbsenceManagement-LeaveStatusFeed-Inbound/RescindTransaction"/>
        <cc:local-out id="CallDeleteRFLError" store-message="none" endpoint="vm://INT0065-AbsenceManagement-LeaveStatusFeed-Inbound/ErrorHandler"><cc:set name="step.id" value="'Validate RFL Exist'"/><cc:set name="initial.retrieval" value="false"/></cc:local-out>
        <cc:local-out id="Call_DeleteLeaveError" store-message="none" endpoint="vm://INT0065-AbsenceManagement-LeaveStatusFeed-Inbound/ErrorHandler"><cc:set name="step.id" value="'Delete Leave'"/><cc:set name="initial.retrieval" value="false"/></cc:local-out>
        <cc:async-mediation id="SetDeleteID" routes-to="CallDeleteLeave">
            <cc:steps>
                <cc:copy id="Copy" input="variable" input-variable="leavetodelete"/>
                <cc:eval id="SetID"><cc:expression>props['trans.id']  = parts[0].xpath(&quot;LeaveEntries/wd:Leave_Status_Data/wd:Leave_Request_Event_Reference/wd:ID[@wd:type = 'WID']&quot;)</cc:expression></cc:eval>
                <cc:xslt id="GrabPreviousLeave" output="variable" output-variable="previousleave" input="variable" input-variable="worker.data" url="findRFLfordelete.xsl"/>
                <cc:xslt id="CheckforExplicitCorrection" output="variable" output-variable="correction.trans" input="variable" input-variable="original.message" url="checkifdeleteisrelatedtonew.xsl"/>
                <cc:eval id="SetPreviousCount"><cc:expression>props['previous.count'] = vars['previousleave'].xpath('count(LeaveEntries/wd:Leave_Status_Data)')</cc:expression><cc:expression>props['explicit.correction.exist']= vars['correction.trans'].xpath('Rescind_Return')</cc:expression><cc:expression>props['process.handle.implicit.return'] = props['previous.count'] == 1 &amp;&amp; props['explicit.correction.exist'] == true? true:false</cc:expression></cc:eval>
            </cc:steps>
            <cc:send-error id="SendError" routes-to="HandleSetDeleteError"/>
        </cc:async-mediation>
        <cc:local-in id="SubHandleImpliedReturns" routes-to="CheckForReturnBeforeCurrentTrans"/>
        <cc:async-mediation id="CheckForReturnBeforeCurrentTrans" routes-to="GrabReturnComments">
            <cc:steps>
                <cc:copy id="Copy" input="variable" input-variable="previousleave"/>
                <cc:eval id="setimpliedtransID"><cc:expression>props['trans.id'] =  parts[0].xpath(&quot;LeaveEntries/wd:Leave_Status_Data/wd:Leave_Return_Event_Reference /wd:ID[@wd:type ='WID']&quot;)</cc:expression></cc:eval>
            </cc:steps>
            <cc:send-error id="SendError" routes-to="RetrieveImpliedReturnError"/>
        </cc:async-mediation>
        <cc:workday-out-rest id="GrabReturnComments" routes-response-to="ProcessComments" extra-path="@{intsys.reportService.getExtrapath('INT062')}?EE!WID=@{props['worker.wid']}&amp;Trans!WID=@{props['trans.id']}"/>
        <cc:local-out id="CallHandleRescindForImpliedRtn" store-message="none" execute-when="props['process.handle.implicit.return'] == true" routes-response-to="CallIncrementDeleteLeaveSuccess" endpoint="vm://INT0065-AbsenceManagement-LeaveStatusFeed-Inbound/SubHandleImpliedReturns"/>
        <cc:async-mediation id="ProcessComments" routes-to="CallDeleteImpliedReturn">
            <cc:steps>
                <cc:xslt id="LoopThroughComments" url="ProcessComments.xsl"/>
                <cc:eval id="CheckComments"><cc:expression>props['correct.comment.exist'] = parts[0].xpath('count(AllComments/rpt:Comments)')</cc:expression></cc:eval>
            </cc:steps>
        </cc:async-mediation>
        <cc:local-out id="CallDeleteImpliedReturn" store-message="none" execute-when="props['correct.comment.exist'] ==1" endpoint="vm://INT0065-AbsenceManagement-LeaveStatusFeed-Inbound/RescindTransaction"/>
        <cc:local-in id="PutWorkerOnLeave" routes-to="PrepareLeaveofAbsenceRequest"/>
        <cc:local-out id="CallPutWorkerOnLeave" store-message="none" routes-response-to="CallIncrementNewLeaveSuccess" endpoint="vm://INT0065-AbsenceManagement-LeaveStatusFeed-Inbound/PutWorkerOnLeave"/>
        <cc:local-out id="CallPutWorkerOnNewLeave" store-message="none" execute-when="props['error.free'] == true" routes-response-to="CallIncrementNewLeaveSuccess" endpoint="vm://INT0065-AbsenceManagement-LeaveStatusFeed-Inbound/PutWorkerOnLeave"/>
        <cc:local-out id="CallIncrementNewLeaveSuccess" store-message="none" execute-when="props['error.free'] == true" endpoint="vm://INT0065-AbsenceManagement-LeaveStatusFeed-Inbound/IncrementSuccess"/>
        <cc:local-out id="CallIncrementDeleteRFLSuccess" store-message="none" execute-when="props['error.free'] = true" endpoint="vm://INT0065-AbsenceManagement-LeaveStatusFeed-Inbound/IncrementSuccess"/>
        <cc:local-out id="CallIncrementDeleteLeaveSuccess" store-message="none" execute-when="props['error.free'] = true" endpoint="vm://INT0065-AbsenceManagement-LeaveStatusFeed-Inbound/IncrementSuccess"/>
        <cc:local-out id="RetrieveImpliedReturnError" store-message="none" endpoint="vm://INT0065-AbsenceManagement-LeaveStatusFeed-Inbound/ErrorHandler"><cc:set name="step.id" value="'Retrieve Related RFL'"/><cc:set name="initial.retrieval" value="false"/></cc:local-out>
        <cc:local-out id="HandleSetDeleteError" store-message="none" endpoint="vm://INT0065-AbsenceManagement-LeaveStatusFeed-Inbound/ErrorHandler"><cc:set name="step.id" value="'Identify Related Implicit Return'"/><cc:set name="initial.retrieval" value="false"/></cc:local-out>
        <cc:workday-in id="StartHere" routes-to="InitializeParameters">
            <cc:integration-system name="INT0065 Absence Management Leave Status Feed Inbound">
        <cloud:attribute-map-service name="INT065-AttributeAndMap">
          <cloud:map name="Leave Type">
            <cloud:internal-type>
              <cloud:class-report-field description="Leave Type" type="WID">e05195d939134836a59b190666220c85</cloud:class-report-field>
            </cloud:internal-type>
            <cloud:external-type>
              <cloud:simple-type>text</cloud:simple-type>
            </cloud:external-type>
          </cloud:map>
        </cloud:attribute-map-service>
        <cloud:retrieval-service name="INT0065-Retrieval"/>
      </cc:integration-system>
        </cc:workday-in>
        <cc:local-out id="CallSubRoutine" store-message="none" routes-response-to="CallPutWorkerOnNewLeave" endpoint="vm://INT0065-AbsenceManagement-LeaveStatusFeed-Inbound/DeleteTransaction"/>



</cc:assembly>

</beans>