<?xml version="1.0" encoding="UTF-8"?>
<beans
     xmlns="http://www.springframework.org/schema/beans"
     xmlns:beans="http://www.springframework.org/schema/beans"
     xmlns:atom="http://www.w3.org/2005/Atom"
     xmlns:cc="http://www.capeclear.com/assembly/10"
     xmlns:cloud="urn:com.workday/esb/cloud/10.0"
     xmlns:env="http://schemas.xmlsoap.org/soap/envelope/"
     xmlns:pi="urn:com.workday/picof"
     xmlns:wd="urn:com.workday/bsvc"
     xmlns:xsi="http://www.w3.org/2001/XMLSchema-instance">
 
	<cc:assembly id="WorkdayAssembly" version="2019.6">
        <cc:workday-in id="StartHere" routes-to="initialize_and_validate">
            <cc:integration-system name="INT0271_NQSP_409a_imputed_earnings_file_Inbound">
        <cloud:param name="Validation Mode">
          <cloud:type>
            <cloud:simple-type>boolean</cloud:simple-type>
          </cloud:type>
          <cloud:default>
            <cloud:boolean>true</cloud:boolean>
          </cloud:default>
        </cloud:param>
        <cloud:attribute-map-service name="INT0271 Attributes">
          <cloud:attribute name="WS Version">
            <cloud:type>
              <cloud:class-report-field description="Web Service API Version" type="WID" singular="false">0a45e155f9f440d5b4d404808d0bbcbe</cloud:class-report-field>
            </cloud:type>
            <cloud:display-option>required-for-launch</cloud:display-option>
          </cloud:attribute>
          <cloud:attribute name="Document Retention Policy">
            <cloud:type>
              <cloud:simple-type>number</cloud:simple-type>
            </cloud:type>
            <cloud:display-option>required-for-launch</cloud:display-option>
          </cloud:attribute>
        </cloud:attribute-map-service>
        <cloud:retrieval-service name="INT0271 RS"/>
        <cloud:report-service name="INT0271 Workers RaaS">
          <cloud:report-alias description="INT0271 Eligible Workers" name="INT0271 Eligible Workers">
            <cloud:report-reference description="INT0271 Eligible Workers" type="WID">ca81ec7d82c9019fe0593f6014159f28</cloud:report-reference>
          </cloud:report-alias>
        </cloud:report-service>
      </cc:integration-system>
        </cc:workday-in>
        <cc:async-mediation id="convertExcel_to_XML" routes-to="countRecords_and_validate">
            <cc:steps>
                <cc:text-excel id="TextExcel" output="message" output-mimetype="text/plain" input="variable" input-variable="wd.retrieve.variable" style="excel2text"/>
                <cc:csv-to-xml id="CsvToXml" output="message" input="message" colNames="SocialSecurityNumber,EmployeeIdNumber,Name,EarningCode,Amount"/>
                <cc:copy id="Copy" output="variable" output-variable="inputFile"/>
            </cc:steps>
            <cc:send-error id="SendError" routes-to="PIM_Excel_to_XML_Error"/>
        </cc:async-mediation>
        <cc:local-out id="call_processRecords" store-message="none" routes-response-to="SetBatchAudit" endpoint="vm://INT0271_NQSP_409a_imputed_earnings_file_Inbound/processRecords"/>
        <cc:local-in id="processRecords" routes-to="setHeader_and_getCopy"/>
        <cc:async-mediation id="extract_and_build_call" routes-to="call_validateRecord" execute-steps-when="props['header_record'] == 'false'" handle-downstream-errors="false">
            <cc:steps>
                <cc:eval id="extractRecordData">
                    <cc:expression>props['currentdate']=util.currentDateAsString()</cc:expression>
                    <cc:expression>props['CurrentDate_InUse']=props['currentdate'].substring(0,10)</cc:expression>
                    <cc:expression>props['Batch_ID']=props['CurrentDate_InUse'] # 'INT0271_NQI'</cc:expression>
                    <cc:expression>props['EarningCode']=parts[0].xpath('row/EarningCode')</cc:expression>
                    <cc:expression>props['Amount']=parts[0].xpath(&quot;format-number(row/Amount, '#.00')&quot;)</cc:expression>
                    <cc:expression>//props['Amount']=Integer.parseInt(props['Amount'])</cc:expression>
                    <cc:expression>//props['Amount']=props['Amount'].format('%f''#.00')</cc:expression>
                    <cc:expression>props['EmployeeID']=parts[0].xpath('row/EmployeeIdNumber')</cc:expression>
                    <cc:expression>props['SSN'] = parts[0].xpath('row/SocialSecurityNumber')</cc:expression>
                    <cc:expression>props['participantName'] = parts[0].xpath('row/Name')</cc:expression>
                    <cc:expression>props['totalRecords'] = props['totalRecords'] + 1</cc:expression>
                    <cc:expression>props['is.error'] = false</cc:expression>
                </cc:eval>
                <cc:write id="write_SubmitPayroll_Input">
                    <cc:message>
                        <cc:text>&lt;?xml version=&quot;1.0&quot; encoding=&quot;UTF-8&quot;?>&#xD;
&lt;env:Envelope&#xD;
    xmlns:env=&quot;http://schemas.xmlsoap.org/soap/envelope/&quot;&#xD;
    xmlns:xsd=&quot;http://www.w3.org/2001/XMLSchema&quot;>&#xD;
    &lt;env:Body>&#xD;
        &lt;wd:Submit_Payroll_Input_Request&#xD;
            xmlns:wd=&quot;urn:com.workday/bsvc&quot;&#xD;
            wd:version= &quot;@{props['attr.ws.version']}&quot;>&#xD;
            &lt;wd:Payroll_Input_Data>&#xD;
                &lt;wd:Batch_ID>@{props['Batch_ID']}&lt;/wd:Batch_ID>&#xD;
                &lt;wd:Ongoing_Input>false&lt;/wd:Ongoing_Input>&#xD;
                &lt;wd:Start_Date>@{props['CurrentDate_InUse']}&lt;/wd:Start_Date>&#xD;
                &lt;wd:End_Date>@{props['CurrentDate_InUse']}&lt;/wd:End_Date>&#xD;
                &lt;wd:Worker_Reference>&#xD;
                    &lt;wd:ID wd:type=&quot;Employee_ID&quot;>@{props['EmployeeID']}&lt;/wd:ID>&#xD;
                &lt;/wd:Worker_Reference>&#xD;
                &lt;wd:Earning_Reference>&#xD;
                    &lt;wd:ID wd:type=&quot;Earning_Code&quot;>@{props['EarningCode']}&lt;/wd:ID>&#xD;
                &lt;/wd:Earning_Reference>&#xD;
                &lt;wd:Amount>@{props['Amount']}&lt;/wd:Amount>&#xD;
            &lt;/wd:Payroll_Input_Data>&#xD;
        &lt;/wd:Submit_Payroll_Input_Request>&#xD;
    &lt;/env:Body>&#xD;
&lt;/env:Envelope>&#xD;
</cc:text>
                    </cc:message>
                </cc:write>
            </cc:steps>
            <cc:send-error id="SendError" routes-to="callAuditReport"/>
        </cc:async-mediation>
        <cc:async-mediation id="setHeader_and_getCopy" routes-to="Splitter" handle-downstream-errors="true">
            <cc:steps>
                <cc:eval id="set_HeaderFlag">
                    <cc:expression>props['header_record'] = 'true'</cc:expression>
                </cc:eval>
                <cc:copy id="getFileCopy" input="variable" input-variable="inputFile"/>
            </cc:steps>
            <cc:send-error id="SendError" routes-to="call_genericErrorHandler2"/>
        </cc:async-mediation>
        <cc:splitter id="Splitter">
            <cc:sub-route name="SubRoute" routes-to="extract_and_build_call"/>
            <cc:xml-stream-splitter xpath="root/row"/>
        </cc:splitter>
        <cc:workday-out-soap id="WorkdayOutSoap" execute-when="props['header_record'] == 'false'&amp;&amp; props['is.error'] == false" routes-response-to="successCounter" application="Payroll" version="v31.2"/>
        <cc:local-out id="PIM_Excel_to_XML_Error" endpoint="vm://wcc/PutIntegrationMessage"><cc:set name="is.message.severity" value="'ERROR'"/><cc:set name="is.message.summary" value="'Error generated when converting Excel to XML. Error details: ' + context.errorMessage"/></cc:local-out>
        <cc:async-mediation id="initialize_and_validate" routes-to="errorHandler" handle-downstream-errors="false">
            <cc:steps>
                <cc:eval id="attributes">
                    <cc:expression>props['attr.ws.version'] = intsys.getAttribute('WS Version')</cc:expression>
                    <cc:expression>props['attr.doc.retentionPolicy'] = intsys.getAttribute('Document Retention Policy')</cc:expression>
                </cc:eval>
                <cc:eval id="launchParam">
                    <cc:expression>props['lp.validation.mode'] = lp.getSimpleData('Validation Mode')</cc:expression>
                </cc:eval>
                <cc:eval id="init">
                    <cc:expression>props['BatchAudit'] = false</cc:expression>
                    <cc:expression>props['is.error'] = false</cc:expression>
                    <cc:expression>props['p.ee.hash.map'] = new java.util.HashMap()</cc:expression>
                    <cc:expression>props['successCount'] = 0</cc:expression>
                    <cc:expression>props['totalRecords'] = 0</cc:expression>
                    <cc:expression>props['totalFailed'] = 0</cc:expression>
                    <cc:expression>props['totalPassed'] = 0</cc:expression>
                </cc:eval>
                <cc:validate-exp id="validate_doc_iterator">
                    <cc:expression failure-message="File not found">da.size() > 0</cc:expression>
                </cc:validate-exp>
            </cc:steps>
            <cc:send-error id="SendError" routes-to="PIM_FileNotFound_Error"/>
        </cc:async-mediation>
        <cc:route id="Route_Doc_Iterator">
            <cc:doc-iterator variable-name="wd.retrieve.variable"/>
            <cc:sub-route name="SubRoute" routes-to="convertExcel_to_XML"/>
        </cc:route>
        <cc:local-out id="PIM_FileNotFound_Error" endpoint="vm://wcc/PutIntegrationMessage"><cc:set name="is.message.severity" value="'ERROR'"/><cc:set name="is.message.summary" value="'File was not found on the server. Error details: ' + context.errorMessage"/></cc:local-out>
        <cc:async-mediation id="successCounter" routes-to="call_AuditReport" execute-steps-when="props['header_record'] == 'false' and props['is.error'] == false">
            <cc:steps>
                <cc:eval id="incrementSuccess">
                    <cc:expression>props['totalPassed'] = props['totalPassed'] + 1</cc:expression>
                </cc:eval>
            </cc:steps>
            <cc:send-error id="SendError" routes-to="call_genericErrorHandler3"/>
        </cc:async-mediation>
        <cc:async-mediation id="ValidationMode" routes-to="WorkdayOutSoap" execute-steps-when="props['lp.validation.mode'] == true &amp;&amp; props['header_record'] == 'false'" handle-downstream-errors="true">
            <cc:steps>
                <cc:set-headers id="ValidationOn">
                    <cc:remove-headers/>
                    <cc:add-headers>
                        <cc:add-header name="X-Validate-Only" value="1"/>
                    </cc:add-headers>
                </cc:set-headers>
            </cc:steps>
            <cc:send-error id="SendError" routes-to="call_genericErrorHandler3"/>
        </cc:async-mediation>
        <cc:async-mediation id="SkipHeader" execute-steps-when="props['header_record'] == 'true'">
            <cc:steps>
                <cc:eval id="setHeaderFlag">
                    <cc:expression>props['header_record'] = 'false'</cc:expression>
                </cc:eval>
            </cc:steps>
            <cc:send-error id="SendError" routes-to="call_genericErrorHandler3"/>
        </cc:async-mediation>
        <cc:local-out id="StoringError" endpoint="vm://wcc/PutIntegrationMessage">
            <cc:set name="is.message.severity" value="'ERROR'"/>
            <cc:set name="is.message.summary" value="'An error occured while storing the audit file'"/>
            <cc:set name="is.message.detail" value="context.errorMessage"/>
        </cc:local-out>
        <cc:async-mediation id="StoreFile" handle-downstream-errors="true">
            <cc:steps>
                <cc:write id="Write">
                    <cc:message>
                        <cc:text>&lt;Worker></cc:text>
                        <cc:message-content/>
                        <cc:text>&lt;/Worker></cc:text>
                    </cc:message>
                </cc:write>
                <cc:xslt-plus id="XsltPlus" url="INT0271AuditReport.xsl"/>
                <cc:text-excel id="TextExcel" output-mimetype="application/vnd.ms-excel" style="text2excel"/>
                <cc:store id="Store" output="message" input="message" createDocumentReference="true" expiresIn="P@{props['attr.doc.retentionPolicy']}D" title="INT0271 Imputed Earnings Audit Log.xls"/>
            </cc:steps>
            <cc:send-error id="SendError0" routes-to="StoringError"/>
        </cc:async-mediation>
        <cc:aggregator id="AuditAggregator" routes-to="StoreFile" collate-when="!props['BatchAudit']" force-batch-on-last-message="false" force-batch-when="props['BatchAudit']">
            <cc:size-batch-strategy batch-size="-1"/>
            <cc:message-content-collater/>
        </cc:aggregator>
        <cc:local-in id="BatchAudit" routes-to="AuditAggregator"/>
        <cc:async-mediation id="WriteAuditEntry" routes-to="AuditAggregator">
            <cc:steps>
                <cc:write id="Write">
                    <cc:message>
                        <cc:text>&lt;Record>&#xD;
&lt;SSN>@{props['SSN']}&lt;/SSN>&#xD;
&lt;EMPLID>@{props['EmployeeID']}&lt;/EMPLID>&#xD;
&lt;NAME>@{props['participantName']}&lt;/NAME>&#xD;
&lt;EARNING_CODE>@{props['EarningCode']}&lt;/EARNING_CODE>&#xD;
&lt;NQSP_ER_AMT>@{props['Amount']}&lt;/NQSP_ER_AMT>&#xD;
&lt;STATUS>@{props['audit_Status']}&lt;/STATUS>&#xD;
&lt;COMMENTS>@{props['audit_Comments']}&lt;/COMMENTS>&#xD;
&lt;/Record></cc:text>
                    </cc:message>
                </cc:write>
            </cc:steps>
        </cc:async-mediation>
        <cc:local-in id="auditReport" routes-to="failedCounter_Incrementer"/>
        <cc:local-out id="callAuditReport" store-message="none" endpoint="vm://INT0271_NQSP_409a_imputed_earnings_file_Inbound/auditReport"><cc:set name="audit_Status" value="'ERROR'"/><cc:set name="audit_Comments" value="'Error occured when extracting the data from the file. Error details: ' + context.errorMessage "/></cc:local-out>
        <cc:local-out id="CallAuditLog0" store-message="none" routes-response-to="PutIntegrationMessage0" endpoint="vm://INT0271_NQSP_409a_imputed_earnings_file_Inbound/BatchAudit"/>
        <cc:async-mediation id="SetBatchAudit" routes-to="CallAuditLog0" handle-downstream-errors="true">
            <cc:steps>
                <cc:eval id="setBatch_Flag">
                    <cc:expression>props['BatchAudit'] = true</cc:expression>
                </cc:eval>
            </cc:steps>
            <cc:send-error id="SendError" routes-to="call_genericErrorHandler1"/>
        </cc:async-mediation>
        <cc:local-out id="callStoreHash" store-message="none" routes-response-to="call_processRecords" endpoint="vm://INT0271_NQSP_409a_imputed_earnings_file_Inbound/storeHash"/>
        <cc:local-in id="storeHash" routes-to="genericError"/>
        <cc:workday-out-rest id="callRaaS" routes-response-to="splitRaas_Records" extra-path="@{intsys.reportService.getExtrapath('INT0271 Eligible Workers')}"/>
        <cc:async-mediation id="hashBuilder">
            <cc:steps>
                <cc:eval id="populateHash">
                    <cc:expression>props['p.hash.key.value'] = parts[0].xpath('wd:Report_Entry/wd:Employee_ID')</cc:expression>
                    <cc:expression>props['p.ee.hash.map'].put(props['p.hash.key.value'], parts[0].text)</cc:expression>
                </cc:eval>
            </cc:steps>
            <cc:send-error id="SendError" routes-to="call_genericErrorHandler"/>
        </cc:async-mediation>
        <cc:splitter id="splitRaas_Records">
            <cc:sub-route name="SubRoute" routes-to="hashBuilder"/>
            <cc:xml-stream-splitter xpath="/wd:Report_Data/wd:Report_Entry"/>
        </cc:splitter>
        <cc:local-out id="call_validateRecord" store-message="none" execute-when="props['header_record'] == 'false'" routes-response-to="ValidationMode" endpoint="vm://INT0271_NQSP_409a_imputed_earnings_file_Inbound/validateRecord"/>
        <cc:local-in id="validateRecord" routes-to="hash_Employee_and_validate_ID"/>
        <cc:async-mediation id="hash_Employee_and_validate_ID" routes-to="hashSSN_and_validate" handle-downstream-errors="false">
            <cc:steps>
                <cc:eval id="hashEmployee">
                    <cc:expression>vars['p.ee.node'] = props['p.ee.hash.map'].get(props['EmployeeID'])</cc:expression>
                </cc:eval>
                <cc:validate-exp id="Validate_EEID">
                    <cc:expression error-number="0" failure-message="Employee ID is missing on the file" replace-message="true">props['EmployeeID'] != ''</cc:expression>
                    <cc:expression error-number="1" failure-message="No matching Employee ID was not found in Workday." replace-message="true">vars['p.ee.node'] != null</cc:expression>
                </cc:validate-exp>
            </cc:steps>
            <cc:send-error id="SendError" routes-to="call_auditReport"/>
        </cc:async-mediation>
        <cc:async-mediation id="hashSSN_and_validate" routes-to="validateEarningCode" handle-downstream-errors="false">
            <cc:steps>
                <cc:eval id="getSSN_From_Hash">
                    <cc:expression>props['SSN_from_Hash'] = vars['p.ee.node'].xpath('wd:Report_Entry/wd:Social_Security_Number')</cc:expression>
                </cc:eval>
                <cc:validate-exp id="Validate_SSN">
                    <cc:expression error-number="2" failure-message="SSN on the file does not match the employee's record in Workday">props['SSN_from_Hash'] != null &amp;&amp; props['SSN_from_Hash'] == props['SSN']</cc:expression>
                </cc:validate-exp>
            </cc:steps>
            <cc:send-error id="SendError" routes-to="call_auditReport"/>
        </cc:async-mediation>
        <cc:async-mediation id="validateEarningCode" handle-downstream-errors="false">
            <cc:steps>
                <cc:validate-exp id="validateEarningCode">
                    <cc:expression failure-message="Incorrect earning code. Expected value is NQI. ">props['EarningCode'] == 'NQI'</cc:expression>
                </cc:validate-exp>
            </cc:steps>
            <cc:send-error id="SendError" routes-to="call_auditReport"/>
        </cc:async-mediation>
        <cc:local-out id="call_AuditReport" store-message="none" execute-when="props['header_record'] == 'false' &amp;&amp; props['is.error'] == false " routes-response-to="SkipHeader" endpoint="vm://INT0271_NQSP_409a_imputed_earnings_file_Inbound/auditReport"><cc:set name="audit_Status" value="'SUCCESS'"/><cc:set name="audit_Comments" value="'Payroll input was successfully created.'"/></cc:local-out>
        <cc:local-out id="call_auditReport" store-message="none" endpoint="vm://INT0271_NQSP_409a_imputed_earnings_file_Inbound/auditReport"><cc:set name="audit_Status" value="'ERROR'"/><cc:set name="audit_Comments" value="context.errorMessage"/></cc:local-out>
        <cc:async-mediation id="failedCounter_Incrementer" routes-to="WriteAuditEntry" execute-steps-when="props['audit_Status'] == 'ERROR'">
            <cc:steps>
                <cc:eval id="increment_failedCount">
                    <cc:expression>props['totalFailed'] = props['totalFailed']  + 1</cc:expression>
                    <cc:expression>props['is.error'] = true</cc:expression>
                </cc:eval>
            </cc:steps>
        </cc:async-mediation>
        <cc:local-out id="PutIntegrationMessage0" execute-when="props['totalFailed'] > 0" routes-response-to="PutIntegrationMessage1" endpoint="vm://wcc/PutIntegrationMessage"><cc:set name="is.message.severity" value="'ERROR'"/><cc:set name="is.message.summary" value="props['totalFailed'] + ' record(s) failed to be processed.'"/></cc:local-out>
        <cc:local-out id="PutIntegrationMessage1" execute-when="props['totalPassed'] > 0" endpoint="vm://wcc/PutIntegrationMessage"><cc:set name="is.message.severity" value="'INFO'"/><cc:set name="is.message.summary" value="props['totalPassed'] + ' record(s) successfully processed.'"/></cc:local-out>
        <cc:async-mediation id="errorHandler" routes-to="Route_Doc_Iterator" handle-downstream-errors="true">
            <cc:steps/>
            <cc:send-error id="SendError" routes-to="PIM_Doc_Iterator"/>
        </cc:async-mediation>
        <cc:local-out id="PIM_Doc_Iterator" endpoint="vm://wcc/PutIntegrationMessage"><cc:set name="is.message.severity" value="'ERROR'"/><cc:set name="is.message.summary" value="'Error generated when retrieving the file. Error details: ' + context.errorMessage"/></cc:local-out>
        <cc:async-mediation id="genericError" routes-to="callRaaS" handle-downstream-errors="true">
            <cc:steps/>
            <cc:send-error id="SendError" routes-to="call_genericErrorHandler"/>
        </cc:async-mediation>
        <cc:local-out id="call_genericErrorHandler" store-message="none" endpoint="vm://INT0271_NQSP_409a_imputed_earnings_file_Inbound/genericErrorHandler"/>
        <cc:local-in id="genericErrorHandler" routes-to="PIM_GenericError"/>
        <cc:local-out id="PIM_GenericError" endpoint="vm://wcc/PutIntegrationMessage">
            <cc:set name="is.message.severity" value="'ERROR'"/>
            <cc:set name="is.message.summary" value="'Integration encountered an error during processing. Error details: ' + context.errorMessage"/>
        </cc:local-out>
        <cc:local-out id="call_genericErrorHandler1" store-message="none" endpoint="vm://INT0271_NQSP_409a_imputed_earnings_file_Inbound/genericErrorHandler"/>
        <cc:local-out id="call_genericErrorHandler2" store-message="none" endpoint="vm://INT0271_NQSP_409a_imputed_earnings_file_Inbound/genericErrorHandler"/>
        <cc:local-out id="call_genericErrorHandler3" store-message="none" endpoint="vm://INT0271_NQSP_409a_imputed_earnings_file_Inbound/genericErrorHandler"/>
        <cc:send-error id="global-error-handler" rethrow-error="false" routes-to="Note-Error"/>
        <cc:local-out id="Note-Error" endpoint="vm://wcc/PutIntegrationMessage">
            <cc:set name="is.message.severity" value="'CRITICAL'"/>
            <cc:set name="is.message.summary" value="context.errorMessage"/>
        </cc:local-out>
        <cc:async-mediation id="countRecords_and_validate" routes-to="callStoreHash">
            <cc:steps>
                <cc:eval id="countRecords">
                    <cc:expression>props['recordCount'] = parts[0].xpath('count(/root/row)')</cc:expression>
                </cc:eval>
                <cc:validate-exp id="validateCount">
                    <cc:expression error-number="5" failure-message="The file is empty." replace-message="true">props['recordCount'] > 1</cc:expression>
                </cc:validate-exp>
            </cc:steps>
            <cc:send-error id="SendError" routes-to="PIM_EmptyFileWarning"/>
        </cc:async-mediation>
        <cc:local-out id="PIM_EmptyFileWarning" endpoint="vm://wcc/PutIntegrationMessage"><cc:set name="is.message.severity" value="'WARNING'"/><cc:set name="is.message.summary" value="context.errorMessage"/></cc:local-out>
	</cc:assembly>

</beans>