<?xml version="1.0" encoding="UTF-8"?>
<wdnm:Diagram xmlns:wdnm="http://workday.com/studio/editors/notation">
  <element href="assembly.xml#WorkdayAssembly"/>
  <visualProperties x="126" y="104">
    <element href="assembly.xml#StartHere"/>
  </visualProperties>
  <visualProperties x="312" y="74">
    <element href="assembly.xml#GetAttribute"/>
  </visualProperties>
  <visualProperties x="520" y="93">
    <element href="assembly.xml#IsValidationModeEnabled"/>
  </visualProperties>
  <visualProperties x="48" y="231">
    <element href="assembly.xml#GetReport"/>
  </visualProperties>
  <visualProperties x="631" y="114">
    <element href="assembly.xml#CallGetReport"/>
  </visualProperties>
  <visualProperties x="242" y="231">
    <element href="assembly.xml#WorkdayOutRest"/>
  </visualProperties>
  <visualProperties x="409" y="321">
    <element href="assembly.xml#Splitter1"/>
  </visualProperties>
  <visualProperties x="890" y="304">
    <element href="assembly.xml#Transformation"/>
  </visualProperties>
  <visualProperties x="938" y="75">
    <element href="assembly.xml#//@beans/@mixed.1/@mixed.17"/>
  </visualProperties>
  <visualProperties x="1243" y="75">
    <element href="assembly.xml#Note-Error"/>
  </visualProperties>
  <visualProperties x="905" y="436">
    <element href="assembly.xml#ErrorPIM"/>
  </visualProperties>
  <visualProperties x="38" y="731">
    <element href="assembly.xml#Audit"/>
  </visualProperties>
  <visualProperties x="883" y="504">
    <element href="assembly.xml#CallOnError"/>
  </visualProperties>
  <visualProperties x="1357" y="290">
    <element href="assembly.xml#CallOnSuccess"/>
  </visualProperties>
  <visualProperties x="149" y="695">
    <element href="assembly.xml#Write"/>
  </visualProperties>
  <visualProperties x="259" y="689">
    <element href="assembly.xml#Aggregator"/>
  </visualProperties>
  <visualProperties x="436" y="713">
    <element href="assembly.xml#Store"/>
  </visualProperties>
  <visualProperties x="559" y="705">
    <element href="assembly.xml#FinalPIM"/>
  </visualProperties>
  <visualProperties x="586" y="312">
    <element href="assembly.xml#AsyncMediation"/>
  </visualProperties>
  <visualProperties x="795" y="324">
    <element href="assembly.xml#Splitter2"/>
  </visualProperties>
  <visualProperties x="1202" y="316">
    <element href="assembly.xml#EndElections"/>
  </visualProperties>
  <visualProperties x="348" y="697">
    <element href="assembly.xml#ForceBatch"/>
  </visualProperties>
  <visualProperties x="1050" y="130">
    <element href="assembly.xml#CallForceBatch"/>
  </visualProperties>
  <visualProperties x="393" y="340">
    <element href="assembly.xml#SendError"/>
  </visualProperties>
  <visualProperties x="499" y="437">
    <element href="assembly.xml#NoSplitMsg"/>
  </visualProperties>
  <visualProperties x="525" y="495">
    <element href="assembly.xml#NoData"/>
  </visualProperties>
  <connections type="routesTo">
    <source href="assembly.xml#StartHere"/>
    <target href="assembly.xml#GetAttribute"/>
  </connections>
  <connections type="routesTo">
    <source href="assembly.xml#GetAttribute"/>
    <target href="assembly.xml#IsValidationModeEnabled"/>
  </connections>
  <connections type="routesResponseTo">
    <source href="assembly.xml#IsValidationModeEnabled"/>
    <target href="assembly.xml#CallGetReport"/>
  </connections>
  <connections type="routesTo">
    <source href="assembly.xml#GetReport"/>
    <target href="assembly.xml#WorkdayOutRest"/>
  </connections>
  <connections type="routesTo" sourceAnchorX="0.9669421487603306" sourceAnchorY="0.43243243243243246" targetAnchorX="0.06060606060606061" targetAnchorY="0.3783783783783784">
    <source href="assembly.xml#//@beans/@mixed.1/@mixed.17"/>
    <target href="assembly.xml#Note-Error"/>
  </connections>
  <connections type="routesTo" sourceAnchorX="0.4645161290322581" sourceAnchorY="1.0" targetAnchorX="0.5934959349593496" targetAnchorY="0.32432432432432434">
    <source href="assembly.xml#//@beans/@mixed.1/@mixed.15/@mixed.3"/>
    <target href="assembly.xml#ErrorPIM"/>
  </connections>
  <connections type="routesResponseTo">
    <source href="assembly.xml#ErrorPIM"/>
    <target href="assembly.xml#CallOnError"/>
  </connections>
  <connections type="routesTo">
    <source href="assembly.xml#Audit"/>
    <target href="assembly.xml#Write"/>
  </connections>
  <connections type="routesTo" sourceAnchorX="0.0" sourceAnchorY="0.2653061224489796" targetAnchorX="0.17006802721088435" targetAnchorY="0.6415094339622641">
    <source href="assembly.xml#Write"/>
    <target href="assembly.xml#Aggregator"/>
  </connections>
  <connections type="routesTo" sourceAnchorX="1.0" sourceAnchorY="0.2358490566037736" targetAnchorX="0.2" targetAnchorY="0.20408163265306123">
    <source href="assembly.xml#Aggregator"/>
    <target href="assembly.xml#Store"/>
  </connections>
  <connections type="routesTo" sourceAnchorX="1.0" sourceAnchorY="0.3469387755102041" targetAnchorX="0.1889763779527559" targetAnchorY="0.7297297297297297">
    <source href="assembly.xml#Store"/>
    <target href="assembly.xml#FinalPIM"/>
  </connections>
  <connections type="routesTo">
    <source href="assembly.xml#//@beans/@mixed.1/@splitter.0/@subRoute.0"/>
    <target href="assembly.xml#AsyncMediation"/>
    <bendpoints sourceX="110" sourceY="-11" targetX="-73" targetY="91"/>
  </connections>
  <connections type="routesTo">
    <source href="assembly.xml#AsyncMediation"/>
    <target href="assembly.xml#Splitter2"/>
  </connections>
  <connections type="routesTo">
    <source href="assembly.xml#//@beans/@mixed.1/@splitter.1/@subRoute.0"/>
    <target href="assembly.xml#Transformation"/>
  </connections>
  <connections type="routesTo" sourceAnchorX="1.0" sourceAnchorY="0.2248062015503876" targetAnchorX="0.38271604938271603" targetAnchorY="0.5405405405405406">
    <source href="assembly.xml#Transformation"/>
    <target href="assembly.xml#EndElections"/>
  </connections>
  <connections type="routesResponseTo">
    <source href="assembly.xml#EndElections"/>
    <target href="assembly.xml#CallOnSuccess"/>
  </connections>
  <connections type="routesResponseTo">
    <source href="assembly.xml#CallGetReport"/>
    <target href="assembly.xml#CallForceBatch"/>
  </connections>
  <connections type="routesTo" sourceAnchorX="0.5771812080536913" sourceAnchorY="1.0" targetAnchorX="0.6190476190476191" targetAnchorY="0.16037735849056603">
    <source href="assembly.xml#ForceBatch"/>
    <target href="assembly.xml#Aggregator"/>
  </connections>
  <connections type="routesResponseTo" sourceAnchorX="0.8711340206185567" sourceAnchorY="1.0" targetAnchorX="0.06716417910447761" targetAnchorY="0.6178861788617886">
    <source href="assembly.xml#WorkdayOutRest"/>
    <target href="assembly.xml#SendError"/>
  </connections>
  <connections type="routesTo" sourceAnchorX="1.0" sourceAnchorY="0.1951219512195122" targetAnchorX="0.13636363636363635" targetAnchorY="0.15517241379310345">
    <source href="assembly.xml#SendError"/>
    <target href="assembly.xml#Splitter1"/>
  </connections>
  <connections type="routesTo" sourceAnchorX="0.6062992125984252" sourceAnchorY="1.0" targetAnchorX="0.5436241610738255" targetAnchorY="0.5405405405405406">
    <source href="assembly.xml#//@beans/@mixed.1/@mixed.47/@mixed.3"/>
    <target href="assembly.xml#NoSplitMsg"/>
  </connections>
  <connections type="routesResponseTo" sourceAnchorX="0.44966442953020136" sourceAnchorY="1.0" targetAnchorX="0.6116504854368932" targetAnchorY="0.24489795918367346">
    <source href="assembly.xml#NoSplitMsg"/>
    <target href="assembly.xml#NoData"/>
  </connections>
  <connections type="routesTo" sourceAnchorX="0.9611650485436893" sourceAnchorY="0.826530612244898" targetAnchorX="0.5055555555555555" targetAnchorY="0.5675675675675675">
    <source href="assembly.xml#NoData"/>
    <target href="assembly.xml#CallOnSuccess"/>
    <bendpoints sourceX="1152" sourceY="-4" targetX="8" targetY="322"/>
  </connections>
  <swimlanes x="30" y="19" name="Initialization and Process Flow">
    <elements href="assembly.xml#StartHere"/>
    <elements href="assembly.xml#GetAttribute"/>
    <elements href="assembly.xml#IsValidationModeEnabled"/>
    <elements href="assembly.xml#CallGetReport"/>
    <elements href="assembly.xml#CallForceBatch"/>
  </swimlanes>
  <swimlanes x="37" y="208" name="Transformation" topBorderColor="65535">
    <elements href="assembly.xml#GetReport"/>
    <elements href="assembly.xml#WorkdayOutRest"/>
    <elements href="#//@swimlanes.6"/>
    <elements href="assembly.xml#Splitter1"/>
    <elements href="assembly.xml#AsyncMediation"/>
    <elements href="assembly.xml#Splitter2"/>
    <elements href="#//@swimlanes.2"/>
    <elements href="assembly.xml#EndElections"/>
    <elements href="assembly.xml#CallOnSuccess"/>
  </swimlanes>
  <swimlanes x="837" y="380" orientation="VERTICAL">
    <elements href="assembly.xml#Transformation"/>
    <elements href="assembly.xml#ErrorPIM"/>
    <elements href="assembly.xml#CallOnError"/>
  </swimlanes>
  <swimlanes x="1164" y="27" name="Global Error Handling" topBorderColor="255">
    <elements href="assembly.xml#//@beans/@mixed.1/@mixed.17"/>
    <elements href="assembly.xml#Note-Error"/>
  </swimlanes>
  <swimlanes x="37" y="676" name="Audit Report" topBorderColor="64">
    <elements href="assembly.xml#Audit"/>
    <elements href="assembly.xml#Write"/>
    <elements href="#//@swimlanes.5"/>
    <elements href="assembly.xml#Store"/>
    <elements href="assembly.xml#FinalPIM"/>
  </swimlanes>
  <swimlanes x="283" y="703" orientation="VERTICAL">
    <elements href="assembly.xml#ForceBatch"/>
    <elements href="assembly.xml#Aggregator"/>
  </swimlanes>
  <swimlanes x="433" y="388" name="NoSplitMsg" orientation="VERTICAL">
    <elements href="assembly.xml#SendError"/>
    <elements href="assembly.xml#NoSplitMsg"/>
    <elements href="assembly.xml#NoData"/>
  </swimlanes>
</wdnm:Diagram>
