<?xml version="1.0" encoding="UTF-8"?>
<beans
     xmlns="http://www.springframework.org/schema/beans"
     xmlns:beans="http://www.springframework.org/schema/beans"
     xmlns:atom="http://www.w3.org/2005/Atom"
     xmlns:cc="http://www.capeclear.com/assembly/10"
     xmlns:cloud="urn:com.workday/esb/cloud/10.0"
     xmlns:env="http://schemas.xmlsoap.org/soap/envelope/"
     xmlns:pi="urn:com.workday/picof"
     xmlns:wd="urn:com.workday/bsvc"
     xmlns:xsi="http://www.w3.org/2001/XMLSchema-instance">
 
	<cc:assembly id="WorkdayAssembly" version="2020.36">
        <cc:workday-in id="StartHere" routes-to="Set.Full.File.Indicator">
            <cc:integration-system name="INT9089 SUI Rate Report and Compare">
        <cloud:param name="SUI.Effective.Date">
          <cloud:type>
            <cloud:simple-type>date</cloud:simple-type>
          </cloud:type>
          <cloud:default>
            <cloud:class-report-field description="Today" type="WID">3125a787147b4323a84cc5ed05751df9</cloud:class-report-field>
          </cloud:default>
        </cloud:param>
        <cloud:param name="Workday Account">
          <cloud:type>
            <cloud:simple-type>text</cloud:simple-type>
          </cloud:type>
          <cloud:default>
            <cloud:class-report-field></cloud:class-report-field>
          </cloud:default>
        </cloud:param>
        <cloud:param name="Workday report only">
          <cloud:type>
            <cloud:simple-type>boolean</cloud:simple-type>
          </cloud:type>
        </cloud:param>
        <cloud:attribute-map-service name="INT9089-SUIRateReportandCompare-Generic">
          <cloud:attribute name="Document Retention Period">
            <cloud:type>
              <cloud:simple-type>number</cloud:simple-type>
            </cloud:type>
          </cloud:attribute>
          <cloud:attribute name="Refresh Token">
            <cloud:type>
              <cloud:simple-type>text</cloud:simple-type>
            </cloud:type>
            <cloud:display-option>display-as-password</cloud:display-option>
          </cloud:attribute>
          <cloud:attribute name="API Client ID">
            <cloud:type>
              <cloud:simple-type>text</cloud:simple-type>
            </cloud:type>
            <cloud:display-option>display-as-password</cloud:display-option>
          </cloud:attribute>
          <cloud:attribute name="API Client Secret">
            <cloud:type>
              <cloud:simple-type>text</cloud:simple-type>
            </cloud:type>
            <cloud:display-option>display-as-password</cloud:display-option>
          </cloud:attribute>
          <cloud:map name="State">
            <cloud:internal-type>
              <cloud:class-report-field description="Payroll Tax Authority State" type="WID">8259203c19de473ea4dd944ffa3036d8</cloud:class-report-field>
            </cloud:internal-type>
            <cloud:external-type>
              <cloud:simple-type>text</cloud:simple-type>
            </cloud:external-type>
          </cloud:map>
        </cloud:attribute-map-service>
        <cloud:sequence-generator-service name="INT9089-Sequences">
          <cloud:sequencer>INT9089-SUIratesFullWDFileName</cloud:sequencer>
          <cloud:sequencer>INT9089-SUIratesDeltaFileName</cloud:sequencer>
          <cloud:sequencer>INT9089-SUIratesWDonlyFileName</cloud:sequencer>
        </cloud:sequence-generator-service>
        <cloud:retrieval-service name="INT9089_SUIRate_FileRetrieval"/>
        <cloud:report-service name="INT9089_SUIRateReportandCompare_RS">
          <cloud:report-alias description="INT9089 SUI Rate Report and Compare" name="INT9089-Report-Alias">
            <cloud:report-reference description="INT9089 SUI Rate Report and Compare" type="WID">7550b4ad292401a5778bf39bf014e72d</cloud:report-reference>
          </cloud:report-alias>
          <cloud:report-alias description="INT9089 State ISO Code" name="INT9089-Report-Alias1">
            <cloud:report-reference description="INT9089 SUI State ISO" type="WID">7550b4ad292401c0360f8dc1f014172e</cloud:report-reference>
          </cloud:report-alias>
        </cloud:report-service>
      </cc:integration-system>
        </cc:workday-in>
        <cc:local-out id="Call.Tax.File.Retrieval" store-message="none" execute-when="!props['Full.File.Only.Indicator']" routes-response-to="Call.Company.Raas" endpoint="vm://INT9089-SUI-Rate-Report-and-Update/Retrieve.Tax.File"/>
        <cc:local-in id="Retrieve.Tax.File" routes-to="Set.Retrieval.Props"/>
        <cc:async-mediation id="Initialize" routes-to="Is.Client.ID.Present">
            <cc:steps>
                <cc:eval id="Props.Declaration">
                    <cc:expression>props['base.url'] = props['assembly.gateway.address'].toString().replace('/ccx/service', '')</cc:expression>
                    <cc:expression>props['workday.token.url'] = props['base.url']  # '/oauth2/' # context.customerId # '/token'</cc:expression>
                    <cc:expression>props['ia.Document.Retention.Period']=intsys.getAttribute('Document Retention Period');</cc:expression>
                    <cc:expression>props['lp.SUI.effetive.Date']= lp.getDate('SUI.Effective.Date');</cc:expression>
                    <cc:expression>props['client.id'] = intsys.getAttribute('API Client ID')</cc:expression>
                    <cc:expression>props['client.secret'] = intsys.getAttribute('API Client Secret')</cc:expression>
                    <cc:expression>props['refresh.token'] = intsys.getAttribute('Refresh Token')</cc:expression>
                    <cc:expression>props['Audit.seq.gen'] = lp.getSequencedValue('INT9089-SUIratesFileName')</cc:expression>
                    <cc:expression>props['Agg.Taxdata']=false;</cc:expression>
                    <cc:expression>props['ptaxrates.base.url'] = props['assembly.gateway.address'].toString().replace('/service', '')</cc:expression>
                    <cc:expression>props['ptaxrates.url'] = props['ptaxrates.base.url']  # '/api/payrollPublic/v1/' # context.customerId # '/taxRates?'</cc:expression>
                    <cc:expression>props['workday.account']= lp.getSimpleData('Workday Account');</cc:expression>
                </cc:eval>
            </cc:steps>
        </cc:async-mediation>
        <cc:async-mediation id="Is.Single.File.available" routes-to="Text.to.XML" handle-downstream-errors="true">
            <cc:steps>
                <cc:validate-exp id="Is.Single.File.Present">
                    <cc:expression failure-message="No Tax File was retrieved therefore comparison cannot be performed" replace-message="true">da.size()  > 0</cc:expression>
                    <cc:expression failure-message="More than one Tax File in the SFTP" replace-message="true">da.size()  == 1</cc:expression>
                </cc:validate-exp>
                <cc:copy id="Copy" input="variable" input-variable="wd.retrieve.variable"/>
            </cc:steps>
            <cc:send-error id="SendError" routes-to="Write.Retrieval.Error"/>
        </cc:async-mediation>
        <cc:local-out id="Write.Retrieval.Error" routes-response-to="Abort.Retrieval" endpoint="vm://wcc/PutIntegrationMessage"><cc:set name="is.message.severity" value="'ERROR'"/><cc:set name="is.message.summary" value="'Error occurred in Retrieval, Message: ' #  util.cleanString(context.errorMessage)"/></cc:local-out>
        <cc:async-mediation id="Manual.Retrieval">
            <cc:steps>
                <cc:write id="Write" output-mimetype="text/plain">
                    <cc:message>
                        <cc:static-file input-file="ALI_SUI_012921 MOD.xlsm"/>
                    </cc:message>
                </cc:write>
            </cc:steps>
        </cc:async-mediation>
        <cc:async-mediation id="Text.to.XML">
            <cc:steps>
                <cc:text-excel id="TextExcel" output-mimetype="text/plain" input="message" excelstyle="sheet" style="excel2text"/>
                <cc:csv-to-xml id="CsvToXml" output="message" output-mimetype="text/xml" rootName="Taxfile" separator="," useFirstLineAsHeader="true"/>
                <cc:validate-exp id="Are.Effective.Taxrecords.Found">
                    <cc:expression failure-message="No Tax records are found as of entered effective date">parts[0].xstreamB('/Taxfile/row')</cc:expression>
                </cc:validate-exp>
                <cc:eval id="Get.Maximum.TaxEffectivedate">
                    <cc:expression>//props['Input.filename']= vars['vInputTaxfile'].fileName</cc:expression>
                    <cc:expression>//props['p.index.separator']=props['Input.filename'].indexOf(&quot;.&quot;)</cc:expression>
                    <cc:expression>//props['Input.filename']=props['Input.filename'].substring(0,props['p.index.separator']);</cc:expression>
                    <cc:expression>//props['New.filename']=props['Input.filename']#'-PROCESSED.xlsx'</cc:expression>
                    <cc:expression>props['p.Max.Tax.effectivedate']='';</cc:expression>
                </cc:eval>
                <cc:xslt-plus id="As.of.LP.Taxrecords" output="variable" output-variable="vTaxfile" url="INT9089_Taxfile_AsofLPeffective.xsl"/>
            </cc:steps>
        </cc:async-mediation>
        <cc:local-out id="Call.SUI.REST.API" store-message="none" execute-when="props['make.call']" endpoint="vm://INT9089-SUI-Rate-Report-and-Update/SUI.API.Call"/>
        <cc:local-in id="SUI.API.Call" routes-to="Set.Authentication"/>
        <cc:async-mediation id="Set.Authentication" routes-to="Get.tax.Rates" handle-downstream-errors="true">
            <cc:steps>
                <cc:eval id="Set.Launch.Effectivedate">
                    <cc:expression>props['p.Get.tax.effdt'] = props['Full.File.Only.Indicator'] == true ? props['lp.SUI.effetive.Date']:props['p.Max.Tax.effectivedate']</cc:expression>
                </cc:eval>
                <cc:set-headers id="SetHeaders" output="message" output-mimetype="text/plain"><cc:remove-headers/><cc:add-headers>
    <cc:add-header name="Authorization" value="Bearer @{props['access.token']}"/>
</cc:add-headers></cc:set-headers>
            </cc:steps>
            <cc:send-error id="SendError" routes-to="Write.Get.Rates.Errors"/>
        </cc:async-mediation>
        <cc:http-out id="Get.tax.Rates" routes-response-to="JSON.to.XML" endpoint="@{props['ptaxrates.url']}effective=@{props['p.Get.tax.effdt']}&amp;company=@{props['company.code']}&amp;limit=100" http-method="GET"/>
        <cc:async-mediation id="JSON.to.XML" routes-to="Aggregator">
            <cc:steps>
                <cc:json-to-xml id="JsonToXml" output="message" output-mimetype="text/xml" nested-array-name="entry" nested-object-name="data" root-element-name="root1"/>
            </cc:steps>
        </cc:async-mediation>
        <cc:local-out id="Call.Process.Oauth2" store-message="none" routes-response-to="Call.Get.Access.Token" endpoint="vm://INT9089-SUI-Rate-Report-and-Update/Process.Oauth2"/>
        <cc:local-in id="Process.Oauth2" routes-to="Initialize"/>
        <cc:async-mediation id="Is.Client.ID.Present" routes-to="Information.Message" handle-downstream-errors="true">
            <cc:steps>
                <cc:validate-exp id="Is.Client.ID.Present">
                    <cc:expression failure-message="API Client ID must be populated in attributes for Oauth">props['client.id']!=null</cc:expression>
                </cc:validate-exp>
            </cc:steps>
            <cc:send-error id="SendError" routes-to="Write.Oauth2.process.errors"/>
        </cc:async-mediation>
        <cc:local-out id="Write.Oauth2.process.errors" routes-response-to="Abort.Studio" endpoint="vm://wcc/PutIntegrationMessage"><cc:set name="is.message.severity" value="'ERROR'"/><cc:set name="is.message.summary" value="'Error processing Oauth2 : ' # context.errorMessage"/></cc:local-out>
        <cc:local-out id="Information.Message" routes-response-to="Is.Refresh.Token.Present" endpoint="vm://wcc/PutIntegrationMessage"><cc:set name="is.message.severity" value="'WARNING'"/><cc:set name="is.message.summary" value="props['workday.account'] # ' is ignored. The user calling the API is the one with whom the refresh token ' # props['refresh.token'] # ' is associated'"/></cc:local-out>
        <cc:async-mediation id="Is.Refresh.Token.Present">
            <cc:steps>
                <cc:validate-exp id="Is.Refresh.token.Present">
                    <cc:expression failure-message="Refresh token is missing">props['refresh.token']!=null</cc:expression>
                </cc:validate-exp>
                <cc:write id="Refresh.Grant.Type" output-mimetype="text/plain">
                    <cc:message>
                        <cc:text>grant_type=refresh_token&amp;refresh_token=@{props['refresh.token']}</cc:text>
                    </cc:message>
                </cc:write>
            </cc:steps>
        </cc:async-mediation>
        <cc:async-mediation id="Abort.Studio">
            <cc:steps>
                <cc:eval id="Abort.Studio">
                    <cc:expression>context.setAbort(true)</cc:expression>
                </cc:eval>
            </cc:steps>
        </cc:async-mediation>
        <cc:local-out id="Call.Get.Access.Token" store-message="none" routes-response-to="Call.Tax.File.Retrieval" endpoint="vm://INT9089-SUI-Rate-Report-and-Update/Get.Access.Token"/>
        <cc:local-in id="Get.Access.Token" routes-to="Set.Content.type"/>
        <cc:async-mediation id="Set.Content.type" routes-to="GetBearer.Token" handle-downstream-errors="true">
            <cc:steps>
                <cc:set-headers id="SetHeaders" output="rootpart"><cc:remove-headers/><cc:add-headers>
    <cc:add-header name="Content-Type" value="application/x-www-form-urlencoded"/>
</cc:add-headers></cc:set-headers>
            </cc:steps>
            <cc:send-error id="SendError" routes-to="Write.Get.Token.Errors"/>
        </cc:async-mediation>
        <cc:local-out id="Write.Get.Token.Errors" endpoint="vm://wcc/PutIntegrationMessage"><cc:set name="is.message.severity" value="'ERROR'"/><cc:set name="is.message.summary" value="&quot;Error while trying to get token from &quot; # props['workday.token.url'] # ' Error : ' # context.getErrorMessage()"/></cc:local-out>
        <cc:http-out id="GetBearer.Token" routes-response-to="Extract.Access.Token" endpoint="@{props['workday.token.url']}" http-method="POST">
            <cc:http-basic-auth password="@{props['client.secret']}" username="@{props['client.id']}"/>
        </cc:http-out>
        <cc:async-mediation id="Extract.Access.Token" routes-to="Store.Access.Token">
            <cc:steps>
                <cc:json-to-xml id="JsonToXml"/>
                <cc:eval id="Extract.Access.token">
                    <cc:expression>props['access.token'] = parts[0].xstream('root/data/access_token')</cc:expression>
                    <cc:expression>props['make.call']=true</cc:expression>
                </cc:eval>
            </cc:steps>
        </cc:async-mediation>
        <cc:local-out id="Store.Access.Token" endpoint="vm://wcc/PutIntegrationMessage"><cc:set name="is.message.severity" value="'INFO'"/><cc:set name="is.message.summary" value="'Access token : ' # props['access.token']"/></cc:local-out>
        <cc:send-error id="global-error-handler" rethrow-error="false" routes-to="Note-Error"/>
        <cc:local-out id="Note-Error" endpoint="vm://wcc/PutIntegrationMessage">
            <cc:set name="is.message.severity" value="'CRITICAL'"/>
            <cc:set name="is.message.summary" value="context.errorComponentId # &quot; &quot; # context.errorMessage"/>
        </cc:local-out>
        <cc:local-out id="Write.Get.Rates.Errors" endpoint="vm://wcc/PutIntegrationMessage"><cc:set name="is.message.severity" value="'ERROR'"/><cc:set name="is.message.summary" value="&quot;Error in the Get Tax Rates Subroutine &quot;#' Error : ' # context.getErrorMessage()"/></cc:local-out>
        <cc:local-out id="Call.Compare.file" store-message="none" execute-when="!props['Full.File.Only.Indicator']" endpoint="vm://INT9089-SUI-Rate-Report-and-Update/Compare.File"/>
        <cc:local-in id="Compare.File" routes-to="Route"/>
        <cc:route id="Route">
            <cc:all-strategy/>
            <cc:sub-route name="Copy.Company.Data" routes-to="Copy.Company.Data"/>
            <cc:sub-route name="Copy.Maps.Data" routes-to="Copy.Maps.Data"/>
            <cc:sub-route name="Copy.Workday.Report" routes-to="Copy.Workday.Report"/>
            <cc:sub-route name="Copy.Tax.File" routes-to="Copy.Tax.File"/>
        </cc:route>
        <cc:async-mediation id="Copy.Tax.File" routes-to="Collate.data">
            <cc:steps>
                <cc:copy id="Copy" output-mimetype="text/xml" input="variable" input-variable="vTaxfile"/>
                <cc:eval id="Set.Aggregator.Flag">
                    <cc:expression>props['Agg.Taxdata']=true</cc:expression>
                </cc:eval>
            </cc:steps>
        </cc:async-mediation>
        <cc:async-mediation id="Copy.Workday.Report" routes-to="Collate.data">
            <cc:steps>
                <cc:copy id="Copy" output="message" output-mimetype="text/xml" input="variable" input-variable="vFullfile"/>
            </cc:steps>
        </cc:async-mediation>
        <cc:aggregator id="Collate.data" routes-to="Transform" collate-when="true" force-batch-on-last-message="false" force-batch-when="props['Agg.Taxdata']">
            <cc:size-batch-strategy batch-size="-1"/>
            <cc:xml-message-content-collater output-mimetype="text/xml">
        <cc:header-text>&lt;root></cc:header-text>
        <cc:footer-text>&lt;/root></cc:footer-text>
      </cc:xml-message-content-collater>
        </cc:aggregator>
        <cc:async-mediation id="Transform.And.Store" execute-steps-when="props['Full.File.Only.Indicator']">
            <cc:steps>
                <cc:xslt id="Transform.Full.File" output="message" output-mimetype="application/vnd.openxmlformats-officedocument.spreadsheetml.sheet" input="variable" input-variable="vFullfile" url="INT9089_SUI_rates_as_of_LP.xsl"/>
                <cc:store id="Store" output-mimetype="application/vnd.openxmlformats-officedocument.spreadsheetml.sheet" input="message" expiresIn="P@{props['ia.Document.Retention.Period']}D" title="@{props['WD.only.seq.gen']}"/>
            </cc:steps>
        </cc:async-mediation>
        <cc:async-mediation id="Set.Retrieval.Props" routes-to="Is.Single.File.available">
            <cc:steps>
                <cc:eval id="Set.Retrieval.Props">
                    <cc:expression>if (da.size() > 0 ) {da.toVar(0, &quot;wd.retrieve.variable&quot;)}</cc:expression>
                </cc:eval>
            </cc:steps>
        </cc:async-mediation>
        <cc:async-mediation id="Copy.Maps.Data" routes-to="Collate.data">
            <cc:steps>
                <cc:copy id="Copy" output-mimetype="text/xml" input="variable" input-variable="vMapsdata"/>
            </cc:steps>
        </cc:async-mediation>
        <cc:route id="Transform">
            <cc:all-strategy/>
            <cc:sub-route name="All.Taxvendor.Records.withStatus" routes-to="Full.File.with.Status"/>
            <cc:sub-route name="Tax.vendor.Records.withDelta" routes-to="Delta.File"/>
        </cc:route>
        <cc:async-mediation id="Full.File.with.Status">
            <cc:steps>
                <cc:xslt-plus id="Full.File.with.Status" output-mimetype="text/plain" url="INT9089_taxRate_Compare_Lookup_v2_Aon.xsl"/>
                <cc:store id="Store" output-mimetype="text/plain" expiresIn="P@{props['ia.Document.Retention.Period']}D" title="@{props['Full.WD.seq.gen']}"/>
            </cc:steps>
        </cc:async-mediation>
        <cc:async-mediation id="Delta.File">
            <cc:steps>
                <cc:xslt-plus id="Delta.File" output-mimetype="text/plain" url="INT9089_taxRate_Compare_Lookup_v2_Delta_Aon.xsl"/>
                <cc:store id="Store" output-mimetype="text/plain" expiresIn="P@{props['ia.Document.Retention.Period']}D" title="@{props['Delta.seq.gen']}"/>
                <cc:eval id="Set.Rename.Flag">
                    <cc:expression>props['Rename.Input.file']=true;</cc:expression>
                </cc:eval>
            </cc:steps>
        </cc:async-mediation>
        <cc:async-mediation id="Set.Full.File.Indicator" routes-to="Call.Process.Oauth2">
            <cc:steps>
                <cc:eval id="Set.Full.File.Indicator">
                    <cc:expression>props['Full.File.Only.Indicator'] =  (boolean) lp.getSimpleData('Workday report only')</cc:expression>
                    <cc:expression>props['Full.WD.seq.gen'] = lp.getSequencedValue('INT9089-SUIratesFullWDFileName')</cc:expression>
                    <cc:expression>props['Delta.seq.gen'] = lp.getSequencedValue('INT9089-SUIratesDeltaFileName')</cc:expression>
                    <cc:expression>props['WD.only.seq.gen'] = lp.getSequencedValue('INT9089-SUIratesWDonlyFileName')</cc:expression>
                    <cc:expression>//props['Input.File.seq.gen'] = lp.getSequencedValue('INT9089-SUIratesInputFileName')</cc:expression>
                </cc:eval>
            </cc:steps>
        </cc:async-mediation>
        <cc:local-out id="Call.Company.Raas" store-message="none" routes-response-to="CallCloseTaxRateAgg" endpoint="vm://INT9089-SUI-Rate-Report-and-Update/Company.RAAS"/>
        <cc:local-in id="Company.RAAS" routes-to="Catch.Error"/>
        <cc:workday-out-rest id="WorkdayOutRest" routes-response-to="Is.Company.Map.Present" extra-path="@{intsys.reportService.getExtrapath('INT9089-Report-Alias')}?format=simplexml"/>
        <cc:async-mediation id="Catch.Error" routes-to="WorkdayOutRest" handle-downstream-errors="true">
            <cc:steps/>
            <cc:send-error id="SendError" routes-to="Write.RAAS.Errors"/>
        </cc:async-mediation>
        <cc:local-out id="Write.RAAS.Errors" endpoint="vm://wcc/PutIntegrationMessage"><cc:set name="is.message.severity" value="'CRITICAL'"/><cc:set name="is.message.summary" value="'Error in Get Company RAAS Call ': context.errorMessage"/></cc:local-out>
        <cc:async-mediation id="Copy.RAAS.Output.to.Var" routes-to="Splitter">
            <cc:steps>
                <cc:xslt id="Xslt" output="variable" output-variable="vCompany" url="INT9089_Simplify_Company_Map.xsl"/>
            </cc:steps>
        </cc:async-mediation>
        <cc:async-mediation id="Copy.Company.Data" routes-to="Collate.data">
            <cc:steps>
                <cc:copy id="Copy" input="variable" input-variable="vCompany"/>
            </cc:steps>
        </cc:async-mediation>
        <cc:async-mediation id="Is.Company.Map.Present" routes-to="Copy.RAAS.Output.to.Var" handle-downstream-errors="false">
            <cc:steps>
                <cc:eval id="Eval">
                    <cc:expression>props['pIsCompanydatapresent']=parts[0].xpathB('/wd:Report_Data/wd:Report_Entry')</cc:expression>
                    <cc:expression>props['company.code'] = empty</cc:expression>
                    <cc:expression>props['agg.tax.rate'] = false</cc:expression>
                </cc:eval>
                <cc:validate-exp id="Is.Company.Map.Present">
                    <cc:expression>props['pIsCompanydatapresent']</cc:expression>
                </cc:validate-exp>
            </cc:steps>
            <cc:send-error id="SendError" routes-to="Write.no.data.Error"/>
        </cc:async-mediation>
        <cc:local-out id="Write.no.data.Error" endpoint="vm://wcc/PutIntegrationMessage"><cc:set name="is.message.severity" value="'ERROR'"/><cc:set name="is.message.summary" value="'Company FEIN Map report has no data'"/></cc:local-out>
        <cc:local-out id="Call.State.ISO.Raas" store-message="none" execute-when="!props['Full.File.Only.Indicator']" routes-response-to="Call.Compare.file" endpoint="vm://INT9089-SUI-Rate-Report-and-Update/Process.State.ISO.Raas"/>
        <cc:local-in id="Process.State.ISO.Raas" routes-to="Catch.RAAS.Call.Errors"/>
        <cc:workday-out-rest id="RAAS.Call" routes-response-to="Copy.RaasOutput.to.Var" extra-path="@{intsys.reportService.getExtrapath('INT9089-Report-Alias1')}"/>
        <cc:async-mediation id="Catch.RAAS.Call.Errors" routes-to="RAAS.Call" handle-downstream-errors="true">
            <cc:steps/>
            <cc:send-error id="SendError" routes-to="Write.Get.State.ISO.Errors"/>
        </cc:async-mediation>
        <cc:local-out id="Write.Get.State.ISO.Errors" endpoint="vm://wcc/PutIntegrationMessage"><cc:set name="is.message.severity" value="'CRITICAL'"/><cc:set name="is.message.summary" value="&quot;Error in the State ISO Raas Subroutine &quot;#' Error : ' # context.getErrorMessage()"/></cc:local-out>
        <cc:async-mediation id="Copy.RaasOutput.to.Var">
            <cc:steps>
                <cc:xslt id="Simplify.Maps" output="variable" output-variable="vMapsdata" url="INT9089_Simplify_Maps.xsl"/>
            </cc:steps>
        </cc:async-mediation>
        <cc:async-mediation id="Abort.Retrieval">
            <cc:steps>
                <cc:eval id="Abort.Retrieval">
                    <cc:expression>context.setAbort(true);</cc:expression>
                </cc:eval>
            </cc:steps>
        </cc:async-mediation>
        <cc:splitter id="Splitter">
            <cc:sub-route name="SubRoute" routes-to="AsyncMediation"/>
            <cc:xml-stream-splitter xpath="wd:Report_Data/wd:Report_Entry"/>
        </cc:splitter>
        <cc:local-out id="Call.SUI.REST.API1" store-message="none" execute-when="props['make.call']" endpoint="vm://INT9089-SUI-Rate-Report-and-Update/SUI.API.Call"/>
        <cc:async-mediation id="AsyncMediation" routes-to="Call.SUI.REST.API1">
            <cc:steps>
                <cc:eval id="Eval">
                    <cc:expression>props['company.code'] = parts[0].xpath('wd:Report_Entry/wd:code')</cc:expression>
                </cc:eval>
            </cc:steps>
        </cc:async-mediation>
        <cc:async-mediation id="AsyncMediation0" routes-to="Transform.And.Store">
            <cc:steps>
                <cc:validate-exp id="Is.Data.Returned">
                    <cc:expression failure-message="No Workday tax data found for the entered effective date" replace-message="true">parts[0].xstreamB('/root/root1/data/data')</cc:expression>
                </cc:validate-exp>
                <cc:copy id="Copy" output="variable" output-mimetype="text/xml" output-variable="vFullfile"/></cc:steps>
        </cc:async-mediation>
        <cc:aggregator id="Aggregator" routes-to="AsyncMediation0" force-batch-on-last-message="false" force-batch-when="props['agg.tax.rate'] == true">
            <cc:size-batch-strategy batch-size="-1"/>
            <cc:xml-message-content-collater>
        <cc:header-text>&lt;root></cc:header-text>
        <cc:footer-text>&lt;/root></cc:footer-text>
      </cc:xml-message-content-collater>
        </cc:aggregator>
        <cc:local-in id="CloseTaxRateAgg" routes-to="Aggregator"/>
        <cc:local-out id="CallCloseTaxRateAgg" store-message="none" routes-response-to="Call.State.ISO.Raas" endpoint="vm://INT9089-SUI-Rate-Report-and-Update/CloseTaxRateAgg"><cc:set name="AggFlag" value="props['agg.tax.rate'] = true"/></cc:local-out>
	</cc:assembly>

</beans>