<?xml version="1.0" encoding="UTF-8"?>
<beans
     xmlns="http://www.springframework.org/schema/beans"
     xmlns:beans="http://www.springframework.org/schema/beans"
     xmlns:atom="http://www.w3.org/2005/Atom"
     xmlns:cc="http://www.capeclear.com/assembly/10"
     xmlns:cloud="urn:com.workday/esb/cloud/10.0"
     xmlns:env="http://schemas.xmlsoap.org/soap/envelope/"
     xmlns:pi="urn:com.workday/picof"
     xmlns:wd="urn:com.workday/bsvc"
     xmlns:xsi="http://www.w3.org/2001/XMLSchema-instance">
 
	<cc:assembly id="WorkdayAssembly" version="2018.35">
        <cc:workday-in id="StartHere" routes-to="CallRetrieval">
            <cc:integration-system name="INT6127 MDSL Telecom Invoices Inbound">
        <cloud:param name="Validation Mode">
          <cloud:type>
            <cloud:simple-type>boolean</cloud:simple-type>
          </cloud:type>
          <cloud:default>
            <cloud:boolean>true</cloud:boolean>
          </cloud:default>
        </cloud:param>
        <cloud:param name="Intgration Run Date">
          <cloud:type>
            <cloud:simple-type>date</cloud:simple-type>
          </cloud:type>
          <cloud:default>
            <cloud:class-report-field description="Today (System)" type="WID">bb4838a81d394ea0afe59c62c6e4dd65</cloud:class-report-field>
          </cloud:default>
        </cloud:param>
        <cloud:attribute-map-service name="INT6127-Attributes-Generic">
          <cloud:attribute name="Document Retention Policy">
            <cloud:type>
              <cloud:enumeration-type name="INT6128-Enum">
                <cloud:enumeration>1</cloud:enumeration>
                <cloud:enumeration>7</cloud:enumeration>
                <cloud:enumeration>14</cloud:enumeration>
                <cloud:enumeration>30</cloud:enumeration>
                <cloud:enumeration>60</cloud:enumeration>
                <cloud:enumeration>90</cloud:enumeration>
                <cloud:enumeration>120</cloud:enumeration>
                <cloud:enumeration>150</cloud:enumeration>
                <cloud:enumeration>180</cloud:enumeration>
              </cloud:enumeration-type>
            </cloud:type>
          </cloud:attribute>
          <cloud:map name="Supplier ID">
            <cloud:internal-type>
              <cloud:class-report-field description="Supplier" type="WID">7e1f7a11fbc64868a09081efbe8e15a1</cloud:class-report-field>
            </cloud:internal-type>
            <cloud:external-type>
              <cloud:simple-type>text</cloud:simple-type>
            </cloud:external-type>
          </cloud:map>
          <cloud:map name="Spend Category">
            <cloud:internal-type>
              <cloud:simple-type>text</cloud:simple-type>
            </cloud:internal-type>
            <cloud:external-type>
              <cloud:simple-type>text</cloud:simple-type>
            </cloud:external-type>
          </cloud:map>
        </cloud:attribute-map-service>
        <cloud:retrieval-service name="INT6128-Retrieval"/>
        <cloud:report-service name="INT6127-Reports">
          <cloud:report-alias description="INT6127 Function" name="INT6127Function">
            <cloud:report-reference description="INT6127 Function" type="WID">531f64e0157601c83474018f3513c6fa</cloud:report-reference>
          </cloud:report-alias>
        </cloud:report-service>
      </cc:integration-system>
        </cc:workday-in>
        <cc:local-out id="CallRetrieval" store-message="none" routes-response-to="CallCloseAuditAgg" endpoint="Retrieval"/>
        <cc:local-out id="CallFileProcessor" store-message="none" endpoint="FileProcessor"/>
        <cc:route id="DocIterator">
            <cc:doc-iterator/>
            <cc:sub-route name="SubRoute" routes-to="CallFileProcessor"/>
        </cc:route>
        <cc:local-out id="IntegrationEnd" endpoint="vm://wcc/PutIntegrationEvent">
            <cc:set name="is.event.completed" value="&quot;current&quot;"/>
        </cc:local-out>
        <cc:local-out id="RetrievalError" routes-response-to="IntegrationEnd" endpoint="vm://wcc/PutIntegrationMessage">
            <cc:set name="is.message.severity" value="'WARNING'"/>
            <cc:set name="is.message.summary" value="'No file was retrieved'"/>
            <cc:set name="is.message.detail" value="context.errorMessage"/>
            <cc:set name="is.message.storage.enabled" value="false"/>
        </cc:local-out>
        <cc:async-mediation id="CheckFile" routes-to="DocIterator" handle-downstream-errors="true">
            <cc:steps>
                <cc:eval id="Eval">
                    <cc:expression>props['file.count'] = da.size()</cc:expression>
                    <cc:expression>props['validation.mode'] = lp.getSimpleData('Validation Mode')</cc:expression>
                    <cc:expression>props['doc.reten'] = intsys.getAttribute('Document Retention Policy')</cc:expression>
                    <cc:expression>props['close.audit'] = false</cc:expression>
                    <cc:expression>props['close.error'] = false</cc:expression>
                    <cc:expression>props['errors.exist'] = false</cc:expression>
                    <cc:expression>props['total.amount'] = 0</cc:expression>
                    <cc:expression>props['success.amount'] = 0</cc:expression>
                    <cc:expression>props['error.amount'] = 0</cc:expression>
                    <cc:expression>props['total.invoices'] = 0</cc:expression>
                    <cc:expression>props['success.invoices'] = 0</cc:expression>
                    <cc:expression>props['error.invoices'] = 0</cc:expression>
                    <cc:expression>props['today'] = lp.getSimpleData('Intgration Run Date')</cc:expression>
                </cc:eval>
                <cc:validate-exp id="ValidateExp">
                    <cc:expression failure-message="No file was retrieved">props['file.count'] != 0</cc:expression>
                </cc:validate-exp>
                <cc:write id="Write" output="variable" output-mimetype="text/plain" output-variable="final.audit">
                    <cc:message>
                        <cc:text>Company, Supplier Invoice Number, Currency, Supplier ID, Invoice Date, Control Total, Payment Message, Line Number, Spend Category, Line Amount, Cost Center, Function, Project Plan Task, Error&#xD;
</cc:text>
                    </cc:message>
                </cc:write>
            </cc:steps>
            <cc:send-error id="SendError" routes-to="RetrievalError"/>
        </cc:async-mediation>
        <cc:local-in id="Retrieval" routes-to="CheckFile"/>
        <cc:local-out id="CallSubmitInvoices" store-message="none" endpoint="SubmitSupplierInvoices"/>
        <cc:splitter id="Splitter">
            <cc:sub-route name="SubRoute" routes-to="CallSubmitInvoices"/>
            <cc:xml-stream-splitter xpath="File/Invoices/Invoice"/>
        </cc:splitter>
        <cc:local-out id="FileError" endpoint="vm://wcc/PutIntegrationMessage">
            <cc:set name="is.message.severity" value="'ERROR'"/>
            <cc:set name="is.message.summary" value="'An error occured in the text schema for the input file'"/>
            <cc:set name="is.message.detail" value="context.errorMessage"/>
            <cc:set name="is.message.storage.enabled" value="false"/>
        </cc:local-out>
        <cc:async-mediation id="FileIntoMessage" routes-to="Splitter" handle-downstream-errors="true">
            <cc:steps>
                <cc:copy id="Copy" output-mimetype="text/plain" input="variable" input-variable="wd.retrieve.variable"/>
                <cc:write id="Write" output-mimetype="text/plain">
                    <cc:message>
                        <cc:message-content/>
                        <cc:text></cc:text>
                    </cc:message>
                </cc:write>
                <cc:textschema id="Textschema" style="text2xml" url="TextSchema.xsd"/>
            </cc:steps>
            <cc:send-error id="SendError0" routes-to="FileError"/>
        </cc:async-mediation>
        <cc:local-in id="FileProcessor" routes-to="FileIntoMessage"/>
        <cc:local-in id="SubmitSupplierInvoices" routes-to="GetSupplier"/>
        <cc:async-mediation id="CreateInvoice" routes-to="ValidationOn" handle-downstream-errors="true">
            <cc:steps>
                <cc:copy id="Copy" input="variable" input-variable="supplier.invoice"/>
                <cc:wrap-soap id="WrapSoap"/>
            </cc:steps>
            <cc:send-error id="SendError0" routes-to="CallAuditLog"/>
        </cc:async-mediation>
        <cc:workday-out-soap id="SubmitInvoice" routes-response-to="ValidationOff" application="Resource_Management" version="v31.0"/>
        <cc:local-out id="CallAuditLog" store-message="none" endpoint="AuditLog"><cc:set name="errors" value="props['errors.exist'] = true"/><cc:set name="errorMessage" value="props['exception.message'] = context.exception.toString();&#xD;&#xA;props['error.message'] = context.errorMessage.toString();"/></cc:local-out>
        <cc:local-in id="AuditLog" routes-to="PreAuditEntry"/>
        <cc:async-mediation id="PreAuditEntry" routes-to="CallErrorsOnly" handle-downstream-errors="true">
            <cc:steps>
                <cc:set-headers id="ValidationOff">
                    <cc:remove-headers>
                        <cc:remove-header name="X-Validate-Only"/>
                    </cc:remove-headers>
                    <cc:add-headers>
                        
                    </cc:add-headers>
                </cc:set-headers>
                <cc:copy id="Copy" input="variable" input-variable="current.invoice"/>
                <cc:xslt id="Xslt" output="variable" output-variable="audit.entry" url="AuditEntry.xsl"/>
            </cc:steps>
            <cc:send-error id="SendError" routes-to="AuditError"/>
        </cc:async-mediation>
        <cc:async-mediation id="GetSupplier" routes-to="CallInvoiceLine" handle-downstream-errors="true">
            <cc:steps>
                <cc:log id="Log">
                    <cc:log-message>
                        <cc:text>&#xD;
***TOMAR XML****</cc:text>
                        <cc:message-content/>
                    </cc:log-message>
                </cc:log>
                <cc:copy id="Copy" output="variable" output-variable="current.invoice"/>
                <cc:eval id="Eval">
                    <cc:expression>props['total.invoices'] = props['total.invoices'] + 1</cc:expression>
                    <cc:expression>props['total.amount'] = props['total.amount'] + parts[0].xstream(&quot;Invoice/Amount&quot;)</cc:expression>
                    <cc:expression>//props['supplier'] = intsys.integrationMapReverseLookup('Supplier ID', parts[0].xstream(&quot;Invoice/PaymentMessage&quot;)).get(0).getReferenceData('Supplier_ID')</cc:expression>
                </cc:eval>
                <cc:xslt id="Xslt" output="variable" output-mimetype="text/xml" output-variable="supplier.invoice" url="SubmitInvoice.xsl"/>
            </cc:steps>
            <cc:send-error id="SendError" routes-to="CallAuditLog"/>
        </cc:async-mediation>
        <cc:workday-out-rest id="Function" routes-response-to="CreateInvoiceLine" extra-path="@{intsys.reportService.getExtrapath('INT6127Function')}?Project_Plan_Task!Project_Plan_ID=@{props['project.plan.task']}"/>
        <cc:local-out id="CallInvoiceLine" store-message="none" routes-response-to="CreateInvoice" endpoint="InvoiceLine"/>
        <cc:local-in id="InvoiceLine" routes-to="Splitter0"/>
        <cc:splitter id="Splitter0">
            <cc:sub-route name="SubRoute" routes-to="ProjectPlanTask"/>
            <cc:xml-stream-splitter xpath="Invoice/InvoiceLine"/>
        </cc:splitter>
        <cc:async-mediation id="ProjectPlanTask" routes-to="Function" handle-downstream-errors="true">
            <cc:steps>
                <cc:copy id="Copy" output="variable" output-mimetype="text/xml" output-variable="invoice.line"/>
                <cc:eval id="Eval">
                    <cc:expression>props['project.plan.task'] = 'P-' + parts[0].xpath('InvoiceLine/ProjectId') + '-' + parts[0].xpath('InvoiceLine/ActivityId')</cc:expression>
                    <cc:expression>props['Account'] = parts[0].xpath('InvoiceLine/Account')</cc:expression>
                    <cc:expression>props['spend_Category'] = intsys.integrationMapLookup('Spend Category', props['Account'])</cc:expression>
                </cc:eval>
                <cc:log id="Log">
                    <cc:log-message>
                        <cc:text>&#xD;
*****Tomar***&#xD;
Account: @{props['Account']}&#xD;
Spen Cat: @{props['spend_Category']}&#xD;
*</cc:text>
                        <cc:message-content/>
                    </cc:log-message>
                </cc:log>
            </cc:steps>
            <cc:send-error id="SendError" routes-to="CallAuditLog0"/>
        </cc:async-mediation>
        <cc:async-mediation id="CreateInvoiceLine">
            <cc:steps>
                <cc:eval id="Eval">
                    <cc:expression>props['function'] = parts[0].xpath('wd:Report_Data/wd:Report_Entry/wd:Project/wd:Worktags[contains(@wd:Descriptor, &quot;Function&quot;)]/wd:ID[@wd:type=&quot;Custom_Organization_Reference_ID&quot;]')</cc:expression>
                </cc:eval>
                <cc:copy id="Copy" input="variable" input-variable="invoice.line"/>
                <cc:xslt id="Xslt" url="InvoiceLine.xsl"/>
                <cc:copy id="Copy0" output="variable" output-mimetype="text/xml" output-variable="supplier.invoice" append-to-output-element="true" output-xpath="wd:Submit_Supplier_Invoice_Request/wd:Supplier_Invoice_Data"/>
            </cc:steps>
            <cc:send-error id="SendError" routes-to="CallAuditLog0"/>
        </cc:async-mediation>
        <cc:local-out id="CallAuditLog0" store-message="none" endpoint="AuditLog"><cc:set name="errors" value="props['errors.exist'] = true"/><cc:set name="errorMessage" value="props['exception.message'] = context.exception.toString();&#xD;&#xA;props['error.message'] = context.errorMessage.toString();"/></cc:local-out>
        <cc:async-mediation id="ValidationOff" routes-to="SuccessAudit" execute-steps-when="(props['validation.mode'] == true) ">
            <cc:steps>
                <cc:set-headers id="ValidationOff">
                    <cc:remove-headers>
                        <cc:remove-header name="X-Validate-Only"/>
                    </cc:remove-headers>
                    <cc:add-headers>
                        
                    </cc:add-headers>
                </cc:set-headers>
            </cc:steps>
        </cc:async-mediation>
        <cc:async-mediation id="ValidationOn" routes-to="SubmitInvoice" execute-steps-when="(props['validation.mode'] == true) ">
            <cc:steps>
                <cc:set-headers id="ValidationOn">
                    <cc:remove-headers/>
                    <cc:add-headers>
                        <cc:add-header name="X-Validate-Only" value="1"/>
                    </cc:add-headers>
                </cc:set-headers>
            </cc:steps>
        </cc:async-mediation>
        <cc:send-error id="global-error-handler" rethrow-error="false" routes-to="Note-Error"/>
        <cc:local-out id="Note-Error" endpoint="vm://wcc/PutIntegrationMessage">
            <cc:set name="is.message.severity" value="'CRITICAL'"/>
            <cc:set name="is.message.summary" value="'Critical Error Occurred! Please see detail:'"/>
        <cc:set name="is.message.detail" value="context.errorMessage"/></cc:local-out>
        <cc:local-out id="AuditError" endpoint="vm://wcc/PutIntegrationMessage"><cc:set name="is.message.severity" value="'ERROR'"/><cc:set name="is.message.summary" value="'An error occured creating an audit entry'"/><cc:set name="is.message.detail" value="context.errorMessage"/></cc:local-out>
        <cc:local-out id="CallErrorsOnly" store-message="none" routes-response-to="AuditEntry" endpoint="ErrorsOnly"/>
        <cc:async-mediation id="StoreAudit" routes-to="PutAuditFile">
            <cc:steps>
                <cc:store id="Store" output="variable" output-variable="audit.file" input="variable" input-variable="final.audit" expiresIn="P@{props['doc.reten']}D" title="INT6127AuditLog.csv"/>
            </cc:steps>
            <cc:send-error id="SendError" routes-to="AuditStoreError"/>
        </cc:async-mediation>
        <cc:local-in id="CloseAuditAgg" routes-to="StoreAudit"/>
        <cc:local-out id="AuditStoreError" endpoint="vm://wcc/PutIntegrationMessage">
            <cc:set name="is.message.severity" value="'ERROR'"/>
            <cc:set name="is.message.summary" value="'An error occured storing the audit log'"/>
            <cc:set name="is.message.detail" value="context.errorMessage"/>
        </cc:local-out>
        <cc:local-out id="PutAuditFile" endpoint="vm://wcc/PutIntegrationMessage">
            <cc:set name="is.message.severity" value="'INFO'"/>
            <cc:set name="is.message.summary" value="'INT6127AuditLog.csv'"/>
            <cc:set name="is.document.variable.name" value="'audit.file'"/>
            <cc:set name="is.document.file.name" value="'INT6127AuditLog.csv'"/>
            
            
        </cc:local-out>
        <cc:local-in id="ErrorsOnly" routes-to="ErrorEntry"/>
        <cc:local-out id="ErrorError" endpoint="vm://wcc/PutIntegrationMessage">
            <cc:set name="is.message.severity" value="'ERROR'"/>
            <cc:set name="is.message.summary" value="'An error occured creating an error file entry'"/>
            <cc:set name="is.message.detail" value="context.errorMessage"/>
        </cc:local-out>
        <cc:async-mediation id="ErrorEntry" routes-to="ErrorAggregator" handle-downstream-errors="true">
            <cc:steps>
                <cc:copy id="Copy" input="variable" input-variable="audit.entry"/>
                <cc:xslt id="Xslt" url="ErrorsOnly.xsl"/>
            </cc:steps>
            <cc:send-error id="SendError" routes-to="ErrorError"/>
        </cc:async-mediation>
        <cc:aggregator id="ErrorAggregator" routes-to="StoreError" collate-when="props['close.error'] == false" force-batch-on-last-message="false" force-batch-when="props['close.error'] == true">
            <cc:size-batch-strategy/>
            <cc:xml-message-content-collater>
        <cc:header-text>&lt;Errors></cc:header-text>
        <cc:footer-text>&lt;/Errors></cc:footer-text>
      </cc:xml-message-content-collater>
        </cc:aggregator>
        <cc:local-in id="CloseErrorAgg" routes-to="ErrorAggregator"/>
        <cc:local-out id="PutErrorFile" endpoint="vm://wcc/PutIntegrationMessage">
            <cc:set name="is.message.severity" value="'ERROR'"/>
            <cc:set name="is.message.summary" value="'INT6127ErrorsOnly.xml'"/>
            <cc:set name="is.document.variable.name" value="'error.file'"/>
            <cc:set name="is.document.file.name" value="'INT6127ErrorsOnly.xml'"/>
        </cc:local-out>
        <cc:local-out id="ErrorStoreError" endpoint="vm://wcc/PutIntegrationMessage">
            <cc:set name="is.message.severity" value="'ERROR'"/>
            <cc:set name="is.message.summary" value="'An error occured storing the errors only file'"/>
            <cc:set name="is.message.detail" value="context.errorMessage"/>
        </cc:local-out>
        <cc:async-mediation id="StoreError" routes-to="PutErrorFile">
            <cc:steps>
                <cc:store id="Store" output="variable" output-variable="error.file" expiresIn="P@{props['doc.reten']}D" title="INT6127ErrorsOnly.xml"/>
            </cc:steps>
            <cc:send-error id="SendError" routes-to="ErrorStoreError"/>
        </cc:async-mediation>
        <cc:async-mediation id="AuditEntry">
            <cc:steps>
                <cc:copy id="Copy" input="variable" input-variable="audit.entry"/>
                <cc:xslt id="Xslt" url="ErrorAudit.xsl"/>
                <cc:write id="Write" output="variable" output-mimetype="text/plain" output-variable="final.audit" input="message">
                    <cc:message>
                        <cc:text>@{vars['final.audit'].text}</cc:text>
                        <cc:message-content/>
                    </cc:message>
                </cc:write>
            </cc:steps>
            <cc:send-error id="SendError" routes-to="AuditError"/>
        </cc:async-mediation>
        <cc:local-out id="CallCloseAuditAgg" store-message="none" routes-response-to="CallCloseErrorAgg" endpoint="CloseAuditAgg"><cc:set name="closeAgg" value="props['close.audit'] = true"/></cc:local-out>
        <cc:local-out id="CallCloseErrorAgg" store-message="none" execute-when="props['errors.exist'] == true" endpoint="CloseErrorAgg"><cc:set name="closeAgg" value="props['close.error'] = true"/></cc:local-out>
        <cc:workday-in id="ErrorLoad" routes-to="CallRetrieveErrorLoadFile">
            <cc:integration-system name="INT6127 MDSL Telecom Invoices Fixed Errors Inbound">
        <cloud:param name="Validation Mode">
          <cloud:type>
            <cloud:simple-type>boolean</cloud:simple-type>
          </cloud:type>
          <cloud:default>
            <cloud:boolean>true</cloud:boolean>
          </cloud:default>
        </cloud:param>
        <cloud:attribute-map-service name="INT6127B-Attributes-Generic">
          <cloud:attribute name="Document Retention Policy">
            <cloud:type>
              <cloud:enumeration-type name="INT6127-Enum">
                <cloud:enumeration>1</cloud:enumeration>
                <cloud:enumeration>7</cloud:enumeration>
                <cloud:enumeration>14</cloud:enumeration>
                <cloud:enumeration>30</cloud:enumeration>
                <cloud:enumeration>60</cloud:enumeration>
                <cloud:enumeration>90</cloud:enumeration>
                <cloud:enumeration>120</cloud:enumeration>
                <cloud:enumeration>150</cloud:enumeration>
                <cloud:enumeration>180</cloud:enumeration>
              </cloud:enumeration-type>
            </cloud:type>
          </cloud:attribute>
        </cloud:attribute-map-service>
        <cloud:retrieval-service name="INT6127B-Retrieval"/>
      </cc:integration-system>
        </cc:workday-in>
        <cc:local-in id="LoadInvoices" routes-to="CreateInvoice"/>
        <cc:local-out id="CallCloseErrorAgg0" store-message="none" execute-when="props['errors.exist']" endpoint="CloseErrorAgg">
            <cc:set name="closeAgg" value="props['close.error'] = true"/>
        </cc:local-out>
        <cc:local-out id="CallCloseAuditAgg0" store-message="none" routes-response-to="CallCloseErrorAgg0" endpoint="CloseAuditAgg">
            <cc:set name="closeAgg" value="props['close.audit'] = true"/>
        </cc:local-out>
        <cc:local-out id="CallRetrieveErrorLoadFile" store-message="none" routes-response-to="CallCloseAuditAgg0" endpoint="RetrieveErrorLoadFile"/>
        <cc:local-in id="RetrieveErrorLoadFile" routes-to="CheckFile0"/>
        <cc:local-out id="IntegrationEnd0" endpoint="vm://wcc/PutIntegrationEvent">
            <cc:set name="is.event.completed" value="&quot;current&quot;"/>
        </cc:local-out>
        <cc:local-out id="RetrievalError0" routes-response-to="IntegrationEnd0" endpoint="vm://wcc/PutIntegrationMessage">
            <cc:set name="is.message.severity" value="'WARNING'"/>
            <cc:set name="is.message.summary" value="'No file was retrieved'"/>
            <cc:set name="is.message.detail" value="context.errorMessage"/>
            <cc:set name="is.message.storage.enabled" value="false"/>
        </cc:local-out>
        <cc:async-mediation id="CheckFile0" routes-to="DocIterator0" handle-downstream-errors="true">
            <cc:steps>
                <cc:eval id="Eval">
                    <cc:expression>props['file.count'] = da.size()</cc:expression>
                    <cc:expression>props['validation.mode'] = lp.getSimpleData('Validation Mode')</cc:expression>
                    <cc:expression>props['doc.reten'] = intsys.getAttribute('Document Retention Policy')</cc:expression>
                    <cc:expression>props['close.audit'] = false</cc:expression>
                    <cc:expression>props['close.error'] = false</cc:expression>
                    <cc:expression>props['errors.exist'] = false</cc:expression>
                </cc:eval>
                <cc:validate-exp id="ValidateExp">
                    <cc:expression failure-message="No file was retrieved">props['file.count'] != 0</cc:expression>
                </cc:validate-exp>
                <cc:write id="Write" output="variable" output-mimetype="text/plain" output-variable="final.audit">
                    <cc:message>
                        <cc:text>Company, Supplier Invoice Number, Currency, Supplier ID, Invoice Date, Control Total, Payment Message, Line Number, Spend Category, Line Amount, Cost Center, Function, Project Plan Task, Error&#xD;
</cc:text>
                    </cc:message>
                </cc:write>
            </cc:steps>
            <cc:send-error id="SendError" routes-to="RetrievalError0"/>
        </cc:async-mediation>
        <cc:route id="DocIterator0">
            <cc:doc-iterator/>
            <cc:sub-route name="SubRoute" routes-to="SplitFile"/>
        </cc:route>
        <cc:async-mediation id="Transform" routes-to="CallLoadInvoices">
            <cc:steps>
                <cc:xslt id="Xslt" output="variable" output-variable="supplier.invoice" url="ErrorsToInvoices.xsl"/>
            </cc:steps>
            <cc:send-error id="SendError" routes-to="TransformError"/>
        </cc:async-mediation>
        <cc:local-out id="CallLoadInvoices" store-message="none" endpoint="LoadInvoices"/>
        <cc:local-out id="TransformError" endpoint="vm://wcc/PutIntegrationMessage">
            <cc:set name="is.message.severity" value="'ERROR'"/>
            <cc:set name="is.message.summary" value="'An error occured transforming the errors file into a supplier invoice'"/>
            <cc:set name="is.message.detail" value="context.errorMessage"/>
        </cc:local-out>
        <cc:splitter id="Splitter1">
            <cc:sub-route name="SubRoute" routes-to="Transform"/>
            <cc:xml-stream-splitter xpath="Errors/Error"/>
        </cc:splitter>
        <cc:async-mediation id="SplitFile" routes-to="Splitter1" handle-downstream-errors="true">
            <cc:steps>
                <cc:copy id="Copy" output-mimetype="text/xml" input="variable" input-variable="wd.retrieve.variable"/>
            </cc:steps>
            <cc:send-error id="SendError" routes-to="SplitError"/>
        </cc:async-mediation>
        <cc:local-out id="SplitError" endpoint="vm://wcc/PutIntegrationMessage">
            <cc:set name="is.message.severity" value="'ERROR'"/>
            <cc:set name="is.message.summary" value="'An error occured splitting the errors file by each invoice'"/>
            <cc:set name="is.message.detail" value="context.errorMessage"/>
        </cc:local-out>
        <cc:async-mediation id="SuccessAudit">
            <cc:steps>
                <cc:copy id="Copy0" input="variable" input-variable="supplier.invoice"/>
                <cc:eval id="Eval">
                    <cc:expression>props['success.invoices'] = props['success.invoices'] + 1</cc:expression>
                    <cc:expression>props['success.amount'] = props['success.amount'] + parts[0].xstream(&quot;wd:Submit_Supplier_Invoice_Request/wd:Supplier_Invoice_Data/wd:Control_Amount_Total&quot;)</cc:expression>
                </cc:eval>
                <cc:xslt id="Xslt" output="message" input="message" url="SuccessAudit.xsl"/>
                <cc:write id="Write" output="variable" output-mimetype="text/plain" output-variable="final.audit" input="message">
                    <cc:message>
                        <cc:text>@{vars['final.audit'].text}</cc:text>
                        <cc:message-content/>
                    </cc:message>
                </cc:write>
            </cc:steps>
            <cc:send-error id="SendError" routes-to="FileError0"/>
        </cc:async-mediation>
        <cc:local-out id="FileError0" endpoint="vm://wcc/PutIntegrationMessage">
            <cc:set name="is.message.severity" value="'ERROR'"/>
            <cc:set name="is.message.summary" value="'An error occured creating a success audit entry'"/>
            <cc:set name="is.message.detail" value="context.errorMessage"/>
            <cc:set name="is.message.storage.enabled" value="false"/>
        </cc:local-out>
	</cc:assembly>

</beans>