<?xml version="1.0" encoding="UTF-8"?>
<wdnm:Diagram xmlns:wdnm="http://workday.com/studio/editors/notation">
  <element href="assembly.xml#WorkdayAssembly"/>
  <visualProperties x="154" y="131">
    <element href="assembly.xml#StartHere"/>
  </visualProperties>
  <visualProperties x="110" y="169">
    <element href="assembly.xml#CallRetrieval"/>
  </visualProperties>
  <visualProperties>
    <element href="assembly.xml#Retrieval"/>
  </visualProperties>
  <visualProperties>
    <element href="assembly.xml#CheckFile"/>
  </visualProperties>
  <visualProperties>
    <element href="assembly.xml#RetrievalError"/>
  </visualProperties>
  <visualProperties>
    <element href="assembly.xml#IntegrationEnd"/>
  </visualProperties>
  <visualProperties>
    <element href="assembly.xml#DocIterator"/>
  </visualProperties>
  <visualProperties>
    <element href="assembly.xml#CallFileProcessor"/>
  </visualProperties>
  <visualProperties>
    <element href="assembly.xml#FileProcessor"/>
  </visualProperties>
  <visualProperties>
    <element href="assembly.xml#FileIntoMessage"/>
  </visualProperties>
  <visualProperties>
    <element href="assembly.xml#FileError"/>
  </visualProperties>
  <visualProperties>
    <element href="assembly.xml#Splitter"/>
  </visualProperties>
  <visualProperties>
    <element href="assembly.xml#CallSubmitInvoices"/>
  </visualProperties>
  <visualProperties x="293" y="907">
    <element href="assembly.xml#SubmitSupplierInvoices"/>
  </visualProperties>
  <visualProperties>
    <element href="assembly.xml#CreateInvoice"/>
  </visualProperties>
  <visualProperties x="614" y="995">
    <element href="assembly.xml#SubmitInvoice"/>
  </visualProperties>
  <visualProperties x="533" y="1092">
    <element href="assembly.xml#CallAuditLog"/>
  </visualProperties>
  <visualProperties x="304" y="1264">
    <element href="assembly.xml#AuditLog"/>
  </visualProperties>
  <visualProperties x="385" y="1234">
    <element href="assembly.xml#PreAuditEntry"/>
  </visualProperties>
  <visualProperties x="460" y="1079">
    <element href="assembly.xml#GetSupplier"/>
  </visualProperties>
  <visualProperties x="715" y="1042">
    <element href="assembly.xml#Function"/>
  </visualProperties>
  <visualProperties x="707" y="1056">
    <element href="assembly.xml#CallInvoiceLine"/>
  </visualProperties>
  <visualProperties x="310" y="1241">
    <element href="assembly.xml#InvoiceLine"/>
  </visualProperties>
  <visualProperties x="488" y="1268">
    <element href="assembly.xml#Splitter0"/>
  </visualProperties>
  <visualProperties x="554" y="1321">
    <element href="assembly.xml#ProjectPlanTask"/>
  </visualProperties>
  <visualProperties x="845" y="1283">
    <element href="assembly.xml#CreateInvoiceLine"/>
  </visualProperties>
  <visualProperties x="746" y="1484">
    <element href="assembly.xml#CallAuditLog0"/>
  </visualProperties>
  <visualProperties x="1248" y="1258">
    <element href="assembly.xml#ValidationOn"/>
  </visualProperties>
  <visualProperties x="1556" y="1258">
    <element href="assembly.xml#ValidationOff"/>
  </visualProperties>
  <visualProperties x="739" y="1622">
    <element href="assembly.xml#//@beans/@mixed.1/@mixed.59"/>
  </visualProperties>
  <visualProperties x="1044" y="1622">
    <element href="assembly.xml#Note-Error"/>
  </visualProperties>
  <visualProperties x="631" y="1680">
    <element href="assembly.xml#AuditError"/>
  </visualProperties>
  <visualProperties x="662" y="1680">
    <element href="assembly.xml#CallErrorsOnly"/>
  </visualProperties>
  <visualProperties x="1007" y="1675">
    <element href="assembly.xml#StoreAudit"/>
  </visualProperties>
  <visualProperties x="942" y="1621">
    <element href="assembly.xml#CloseAuditAgg"/>
  </visualProperties>
  <visualProperties x="1137" y="1872">
    <element href="assembly.xml#AuditStoreError"/>
  </visualProperties>
  <visualProperties x="1320" y="1694">
    <element href="assembly.xml#PutAuditFile"/>
  </visualProperties>
  <visualProperties x="282" y="1874">
    <element href="assembly.xml#ErrorsOnly"/>
  </visualProperties>
  <visualProperties>
    <element href="assembly.xml#ErrorEntry"/>
  </visualProperties>
  <visualProperties>
    <element href="assembly.xml#ErrorError"/>
  </visualProperties>
  <visualProperties>
    <element href="assembly.xml#CloseErrorAgg"/>
  </visualProperties>
  <visualProperties>
    <element href="assembly.xml#ErrorAggregator"/>
  </visualProperties>
  <visualProperties>
    <element href="assembly.xml#StoreError"/>
  </visualProperties>
  <visualProperties>
    <element href="assembly.xml#ErrorStoreError"/>
  </visualProperties>
  <visualProperties x="1351" y="2116">
    <element href="assembly.xml#PutErrorFile"/>
  </visualProperties>
  <visualProperties x="843" y="1694">
    <element href="assembly.xml#AuditEntry"/>
  </visualProperties>
  <visualProperties x="157" y="298">
    <element href="assembly.xml#CallCloseAuditAgg"/>
  </visualProperties>
  <visualProperties x="158" y="362">
    <element href="assembly.xml#CallCloseErrorAgg"/>
  </visualProperties>
  <visualProperties x="29" y="368">
    <element href="assembly.xml#ErrorLoad"/>
  </visualProperties>
  <visualProperties x="1042" y="940">
    <element href="assembly.xml#LoadInvoices"/>
  </visualProperties>
  <visualProperties x="45" y="781">
    <element href="assembly.xml#CallCloseAuditAgg0"/>
  </visualProperties>
  <visualProperties x="45" y="848">
    <element href="assembly.xml#CallCloseErrorAgg0"/>
  </visualProperties>
  <visualProperties x="98" y="721">
    <element href="assembly.xml#CallRetrieveErrorLoadFile"/>
  </visualProperties>
  <visualProperties x="292" y="2191">
    <element href="assembly.xml#RetrieveErrorLoadFile"/>
  </visualProperties>
  <visualProperties x="946" y="2379">
    <element href="assembly.xml#DocIterator0"/>
  </visualProperties>
  <visualProperties>
    <element href="assembly.xml#CheckFile0"/>
  </visualProperties>
  <visualProperties>
    <element href="assembly.xml#RetrievalError0"/>
  </visualProperties>
  <visualProperties>
    <element href="assembly.xml#IntegrationEnd0"/>
  </visualProperties>
  <visualProperties x="817" y="2346">
    <element href="assembly.xml#Transform"/>
  </visualProperties>
  <visualProperties x="1023" y="2470">
    <element href="assembly.xml#CallLoadInvoices"/>
  </visualProperties>
  <visualProperties x="1094" y="2670">
    <element href="assembly.xml#TransformError"/>
  </visualProperties>
  <visualProperties x="832" y="2436">
    <element href="assembly.xml#Splitter1"/>
  </visualProperties>
  <visualProperties x="842" y="2432">
    <element href="assembly.xml#SplitFile"/>
  </visualProperties>
  <visualProperties x="1050" y="2646">
    <element href="assembly.xml#SplitError"/>
  </visualProperties>
  <visualProperties x="1573" y="1067">
    <element href="assembly.xml#SuccessAudit"/>
  </visualProperties>
  <visualProperties x="1192" y="821">
    <element href="assembly.xml#FileError0"/>
  </visualProperties>
  <connections type="routesTo" sourceAnchorX="0.5688073394495413" sourceAnchorY="1.0" targetAnchorX="0.5590551181102362" targetAnchorY="0.4594594594594595">
    <source href="assembly.xml#StartHere"/>
    <target href="assembly.xml#CallRetrieval"/>
  </connections>
  <connections type="routesTo" sourceAnchorX="0.5976331360946746" sourceAnchorY="1.0" targetAnchorX="0.5435684647302904" targetAnchorY="0.5135135135135135">
    <source href="assembly.xml#//@beans/@mixed.1/@mixed.13/@mixed.3"/>
    <target href="assembly.xml#RetrievalError"/>
  </connections>
  <connections type="routesResponseTo" sourceAnchorX="0.5394190871369294" sourceAnchorY="1.0" targetAnchorX="0.5280373831775701" targetAnchorY="0.6486486486486487">
    <source href="assembly.xml#RetrievalError"/>
    <target href="assembly.xml#IntegrationEnd"/>
  </connections>
  <connections type="routesTo" sourceAnchorX="0.6595744680851063" sourceAnchorY="1.0" targetAnchorX="0.1346153846153846" targetAnchorY="0.40540540540540543">
    <source href="assembly.xml#//@beans/@mixed.1/@route.0/@subRoute.0"/>
    <target href="assembly.xml#CallFileProcessor"/>
  </connections>
  <connections type="routesTo" sourceAnchorX="0.7619047619047619" sourceAnchorY="1.0" targetAnchorX="0.08783783783783784" targetAnchorY="0.4">
    <source href="assembly.xml#Retrieval"/>
    <target href="assembly.xml#CheckFile"/>
  </connections>
  <connections type="routesTo" sourceAnchorX="0.7664670658682635" sourceAnchorY="0.5135135135135135" targetAnchorX="0.2138728323699422" targetAnchorY="0.5714285714285714">
    <source href="assembly.xml#FileProcessor"/>
    <target href="assembly.xml#FileIntoMessage"/>
  </connections>
  <connections type="routesTo" sourceAnchorX="0.9364161849710982" sourceAnchorY="0.4573643410852713" targetAnchorX="0.03787878787878788" targetAnchorY="0.39903846153846156">
    <source href="assembly.xml#FileIntoMessage"/>
    <target href="assembly.xml#Splitter"/>
  </connections>
  <connections type="routesTo" sourceAnchorX="0.4578313253012048" sourceAnchorY="1.0" targetAnchorX="0.42857142857142855" targetAnchorY="0.40540540540540543">
    <source href="assembly.xml#//@beans/@mixed.1/@mixed.23/@mixed.3"/>
    <target href="assembly.xml#FileError"/>
  </connections>
  <connections type="routesTo" sourceAnchorX="0.7647058823529411" sourceAnchorY="1.0" targetAnchorX="0.09701492537313433" targetAnchorY="0.4864864864864865">
    <source href="assembly.xml#//@beans/@mixed.1/@splitter.0/@subRoute.0"/>
    <target href="assembly.xml#CallSubmitInvoices"/>
  </connections>
  <connections type="routesTo" sourceAnchorX="0.6099290780141844" sourceAnchorY="1.0" targetAnchorX="0.44029850746268656" targetAnchorY="0.5543478260869565">
    <source href="assembly.xml#SubmitSupplierInvoices"/>
    <target href="assembly.xml#GetSupplier"/>
  </connections>
  <connections type="routesTo" sourceAnchorX="0.8632478632478633" sourceAnchorY="0.43902439024390244" targetAnchorX="0.2702702702702703" targetAnchorY="0.7127659574468085">
    <source href="assembly.xml#CreateInvoice"/>
    <target href="assembly.xml#ValidationOn"/>
  </connections>
  <connections type="routesTo" sourceAnchorX="0.45454545454545453" sourceAnchorY="1.0" targetAnchorX="0.4566929133858268" targetAnchorY="0.35135135135135137">
    <source href="assembly.xml#//@beans/@mixed.1/@mixed.29/@mixed.3"/>
    <target href="assembly.xml#CallAuditLog"/>
  </connections>
  <connections type="routesTo" sourceAnchorX="1.0" sourceAnchorY="0.4864864864864865" targetAnchorX="0.4330708661417323" targetAnchorY="0.6847826086956522">
    <source href="assembly.xml#AuditLog"/>
    <target href="assembly.xml#PreAuditEntry"/>
  </connections>
  <connections type="routesTo" sourceAnchorX="1.0" sourceAnchorY="0.264" targetAnchorX="0.27102803738317754" targetAnchorY="0.5584415584415584">
    <source href="assembly.xml#CheckFile"/>
    <target href="assembly.xml#DocIterator"/>
  </connections>
  <connections type="routesTo" sourceAnchorX="0.5894736842105263" sourceAnchorY="1.0" targetAnchorX="0.14173228346456693" targetAnchorY="0.43243243243243246">
    <source href="assembly.xml#//@beans/@mixed.1/@mixed.39/@mixed.3"/>
    <target href="assembly.xml#CallAuditLog"/>
  </connections>
  <connections type="routesTo" sourceAnchorX="0.934010152284264" sourceAnchorY="0.432" targetAnchorX="0.1276595744680851" targetAnchorY="0.4864864864864865">
    <source href="assembly.xml#GetSupplier"/>
    <target href="assembly.xml#CallInvoiceLine"/>
  </connections>
  <connections type="routesTo" sourceAnchorX="0.6554621848739496" sourceAnchorY="1.0" targetAnchorX="0.4485981308411215" targetAnchorY="0.44805194805194803">
    <source href="assembly.xml#InvoiceLine"/>
    <target href="assembly.xml#Splitter0"/>
  </connections>
  <connections type="routesResponseTo" sourceAnchorX="0.574468085106383" sourceAnchorY="1.0" targetAnchorX="0.04195804195804196" targetAnchorY="0.448">
    <source href="assembly.xml#CallInvoiceLine"/>
    <target href="assembly.xml#CreateInvoice"/>
  </connections>
  <connections type="routesTo" sourceAnchorX="0.7978723404255319" sourceAnchorY="1.0" targetAnchorX="0.07462686567164178" targetAnchorY="0.574468085106383">
    <source href="assembly.xml#//@beans/@mixed.1/@splitter.1/@subRoute.0"/>
    <target href="assembly.xml#ProjectPlanTask"/>
  </connections>
  <connections type="routesTo" sourceAnchorX="0.9477611940298507" sourceAnchorY="0.5531914893617021" targetAnchorX="0.1346153846153846" targetAnchorY="0.5405405405405406">
    <source href="assembly.xml#ProjectPlanTask"/>
    <target href="assembly.xml#Function"/>
  </connections>
  <connections type="routesResponseTo" sourceAnchorX="0.9230769230769231" sourceAnchorY="0.5405405405405406" targetAnchorX="0.22388059701492538" targetAnchorY="0.6195652173913043">
    <source href="assembly.xml#Function"/>
    <target href="assembly.xml#CreateInvoiceLine"/>
  </connections>
  <connections type="routesTo" sourceAnchorX="0.6290322580645161" sourceAnchorY="1.0" targetAnchorX="0.5970149253731343" targetAnchorY="0.43243243243243246">
    <source href="assembly.xml#//@beans/@mixed.1/@mixed.49/@mixed.3"/>
    <target href="assembly.xml#CallAuditLog0"/>
  </connections>
  <connections type="routesTo" sourceAnchorX="0.5794392523364486" sourceAnchorY="1.0" targetAnchorX="0.4925373134328358" targetAnchorY="0.35135135135135137">
    <source href="assembly.xml#//@beans/@mixed.1/@mixed.51/@mixed.3"/>
    <target href="assembly.xml#CallAuditLog0"/>
  </connections>
  <connections type="routesTo" sourceAnchorX="0.9099099099099099" sourceAnchorY="0.5851063829787234" targetAnchorX="0.05223880597014925" targetAnchorY="0.4594594594594595">
    <source href="assembly.xml#ValidationOn"/>
    <target href="assembly.xml#SubmitInvoice"/>
  </connections>
  <connections type="routesResponseTo" sourceAnchorX="0.9552238805970149" sourceAnchorY="0.5135135135135135" targetAnchorX="0.4090909090909091" targetAnchorY="0.5531914893617021">
    <source href="assembly.xml#SubmitInvoice"/>
    <target href="assembly.xml#ValidationOff"/>
  </connections>
  <connections type="routesTo" sourceAnchorX="0.9669421487603306" sourceAnchorY="0.43243243243243246" targetAnchorX="0.06060606060606061" targetAnchorY="0.3783783783783784">
    <source href="assembly.xml#//@beans/@mixed.1/@mixed.59"/>
    <target href="assembly.xml#Note-Error"/>
  </connections>
  <connections type="routesTo" sourceAnchorX="0.5051020408163265" sourceAnchorY="1.0" targetAnchorX="0.4864864864864865" targetAnchorY="0.6486486486486487">
    <source href="assembly.xml#//@beans/@mixed.1/@mixed.37/@mixed.3"/>
    <target href="assembly.xml#AuditError"/>
  </connections>
  <connections type="routesTo" sourceAnchorX="0.9704433497536946" sourceAnchorY="0.44" targetAnchorX="0.15328467153284672" targetAnchorY="0.6216216216216216">
    <source href="assembly.xml#PreAuditEntry"/>
    <target href="assembly.xml#CallErrorsOnly"/>
  </connections>
  <connections type="routesResponseTo" sourceAnchorX="0.9562043795620438" sourceAnchorY="0.6486486486486487" targetAnchorX="0.6141732283464567" targetAnchorY="0.6195652173913043">
    <source href="assembly.xml#CallErrorsOnly"/>
    <target href="assembly.xml#AuditEntry"/>
  </connections>
  <connections type="routesTo" sourceAnchorX="0.4855072463768116" sourceAnchorY="1.0" targetAnchorX="0.07142857142857142" targetAnchorY="0.544">
    <source href="assembly.xml#CloseAuditAgg"/>
    <target href="assembly.xml#StoreAudit"/>
  </connections>
  <connections type="routesTo" sourceAnchorX="0.5833333333333334" sourceAnchorY="1.0" targetAnchorX="0.5428571428571428" targetAnchorY="0.5945945945945946">
    <source href="assembly.xml#//@beans/@mixed.1/@mixed.67/@mixed.3"/>
    <target href="assembly.xml#AuditStoreError"/>
  </connections>
  <connections type="routesTo" sourceAnchorX="0.920863309352518" sourceAnchorY="0.464" targetAnchorX="0.043478260869565216" targetAnchorY="0.5135135135135135">
    <source href="assembly.xml#StoreAudit"/>
    <target href="assembly.xml#PutAuditFile"/>
  </connections>
  <connections type="routesTo" sourceAnchorX="0.5051020408163265" sourceAnchorY="1.0" targetAnchorX="0.4864864864864865" targetAnchorY="0.6486486486486487">
    <source href="assembly.xml#//@beans/@mixed.1/@mixed.79/@mixed.3"/>
    <target href="assembly.xml#ErrorError"/>
  </connections>
  <connections type="routesTo" sourceAnchorX="0.4855072463768116" sourceAnchorY="1.0" targetAnchorX="0.48366013071895425" targetAnchorY="0.5377358490566038">
    <source href="assembly.xml#CloseErrorAgg"/>
    <target href="assembly.xml#ErrorAggregator"/>
  </connections>
  <connections type="routesTo" sourceAnchorX="0.920863309352518" sourceAnchorY="0.464" targetAnchorX="0.043478260869565216" targetAnchorY="0.5135135135135135">
    <source href="assembly.xml#StoreError"/>
    <target href="assembly.xml#PutErrorFile"/>
  </connections>
  <connections type="routesTo" sourceAnchorX="0.5833333333333334" sourceAnchorY="1.0" targetAnchorX="0.5428571428571428" targetAnchorY="0.5945945945945946">
    <source href="assembly.xml#//@beans/@mixed.1/@mixed.89/@mixed.3"/>
    <target href="assembly.xml#ErrorStoreError"/>
  </connections>
  <connections type="routesTo" sourceAnchorX="1.0" sourceAnchorY="0.43243243243243246" targetAnchorX="0.1330049261083744" targetAnchorY="0.464">
    <source href="assembly.xml#ErrorsOnly"/>
    <target href="assembly.xml#ErrorEntry"/>
  </connections>
  <connections type="routesTo" sourceAnchorX="1.0" sourceAnchorY="0.184" targetAnchorX="0.0784313725490196" targetAnchorY="0.6226415094339622">
    <source href="assembly.xml#ErrorEntry"/>
    <target href="assembly.xml#ErrorAggregator"/>
  </connections>
  <connections type="routesTo" sourceAnchorX="1.0" sourceAnchorY="0.3018867924528302" targetAnchorX="0.08633093525179857" targetAnchorY="0.448">
    <source href="assembly.xml#ErrorAggregator"/>
    <target href="assembly.xml#StoreError"/>
  </connections>
  <connections type="routesResponseTo" sourceAnchorX="0.5748031496062992" sourceAnchorY="1.0" targetAnchorX="0.5486111111111112" targetAnchorY="0.5405405405405406">
    <source href="assembly.xml#CallRetrieval"/>
    <target href="assembly.xml#CallCloseAuditAgg"/>
  </connections>
  <connections type="routesResponseTo" sourceAnchorX="0.625" sourceAnchorY="1.0" targetAnchorX="0.5960264900662252" targetAnchorY="0.7297297297297297">
    <source href="assembly.xml#CallCloseAuditAgg"/>
    <target href="assembly.xml#CallCloseErrorAgg"/>
  </connections>
  <connections type="routesTo" sourceAnchorX="0.6461538461538462" sourceAnchorY="1.0" targetAnchorX="0.6503496503496503" targetAnchorY="0.272">
    <source href="assembly.xml#LoadInvoices"/>
    <target href="assembly.xml#CreateInvoice"/>
  </connections>
  <connections type="routesResponseTo" sourceAnchorX="0.625" sourceAnchorY="1.0" targetAnchorX="0.5960264900662252" targetAnchorY="0.7297297297297297">
    <source href="assembly.xml#CallCloseAuditAgg0"/>
    <target href="assembly.xml#CallCloseErrorAgg0"/>
  </connections>
  <connections type="routesTo" sourceAnchorX="0.7857142857142857" sourceAnchorY="1.0" targetAnchorX="0.6582914572864321" targetAnchorY="0.4594594594594595">
    <source href="assembly.xml#ErrorLoad"/>
    <target href="assembly.xml#CallRetrieveErrorLoadFile"/>
  </connections>
  <connections type="routesResponseTo" sourceAnchorX="0.6432160804020101" sourceAnchorY="1.0" targetAnchorX="0.6706586826347305" targetAnchorY="0.7027027027027027">
    <source href="assembly.xml#CallRetrieveErrorLoadFile"/>
    <target href="assembly.xml#CallCloseAuditAgg0"/>
  </connections>
  <connections type="routesTo" sourceAnchorX="1.0" sourceAnchorY="0.264" targetAnchorX="0.27102803738317754" targetAnchorY="0.5584415584415584">
    <source href="assembly.xml#CheckFile0"/>
    <target href="assembly.xml#DocIterator0"/>
  </connections>
  <connections type="routesTo" sourceAnchorX="0.5976331360946746" sourceAnchorY="1.0" targetAnchorX="0.5435684647302904" targetAnchorY="0.5135135135135135">
    <source href="assembly.xml#//@beans/@mixed.1/@mixed.113/@mixed.3"/>
    <target href="assembly.xml#RetrievalError0"/>
  </connections>
  <connections type="routesResponseTo" sourceAnchorX="0.5394190871369294" sourceAnchorY="1.0" targetAnchorX="0.5280373831775701" targetAnchorY="0.6486486486486487">
    <source href="assembly.xml#RetrievalError0"/>
    <target href="assembly.xml#IntegrationEnd0"/>
  </connections>
  <connections type="routesTo" sourceAnchorX="0.7005649717514124" sourceAnchorY="1.0" targetAnchorX="0.06756756756756757" targetAnchorY="0.456">
    <source href="assembly.xml#RetrieveErrorLoadFile"/>
    <target href="assembly.xml#CheckFile0"/>
  </connections>
  <connections type="routesTo" sourceAnchorX="0.9270833333333334" sourceAnchorY="0.7647058823529411" targetAnchorX="0.15671641791044777" targetAnchorY="0.4148936170212766">
    <source href="assembly.xml#//@beans/@mixed.1/@route.1/@subRoute.0"/>
    <target href="assembly.xml#SplitFile"/>
  </connections>
  <connections type="routesTo" sourceAnchorX="0.7089552238805971" sourceAnchorY="0.472" targetAnchorX="0.18421052631578946" targetAnchorY="0.6756756756756757">
    <source href="assembly.xml#Transform"/>
    <target href="assembly.xml#CallLoadInvoices"/>
  </connections>
  <connections type="routesTo" sourceAnchorX="0.5275590551181102" sourceAnchorY="1.0" targetAnchorX="0.4915254237288136" targetAnchorY="0.6486486486486487">
    <source href="assembly.xml#//@beans/@mixed.1/@mixed.117/@mixed.3"/>
    <target href="assembly.xml#TransformError"/>
  </connections>
  <connections type="routesTo" sourceAnchorX="0.7659574468085106" sourceAnchorY="1.0" targetAnchorX="0.08080808080808081" targetAnchorY="0.432">
    <source href="assembly.xml#//@beans/@mixed.1/@splitter.2/@subRoute.0"/>
    <target href="assembly.xml#Transform"/>
  </connections>
  <connections type="routesTo" sourceAnchorX="1.0" sourceAnchorY="0.144" targetAnchorX="0.22429906542056074" targetAnchorY="0.4675324675324675">
    <source href="assembly.xml#SplitFile"/>
    <target href="assembly.xml#Splitter1"/>
  </connections>
  <connections type="routesTo" sourceAnchorX="0.5274725274725275" sourceAnchorY="1.0" targetAnchorX="0.5067567567567568" targetAnchorY="0.4864864864864865">
    <source href="assembly.xml#//@beans/@mixed.1/@mixed.125/@mixed.3"/>
    <target href="assembly.xml#SplitError"/>
  </connections>
  <connections type="routesTo" sourceAnchorX="0.8818181818181818" sourceAnchorY="0.5425531914893617" targetAnchorX="0.05982905982905983" targetAnchorY="0.5760869565217391">
    <source href="assembly.xml#ValidationOff"/>
    <target href="assembly.xml#SuccessAudit"/>
  </connections>
  <connections type="routesTo" sourceAnchorX="0.42990654205607476" sourceAnchorY="1.0" targetAnchorX="0.45045045045045046" targetAnchorY="0.6216216216216216">
    <source href="assembly.xml#//@beans/@mixed.1/@mixed.129/@mixed.3"/>
    <target href="assembly.xml#FileError0"/>
  </connections>
  <connections type="routesTo" sourceAnchorX="0.4666666666666667" sourceAnchorY="1.0" targetAnchorX="0.6396396396396397" targetAnchorY="0.4594594594594595">
    <source href="assembly.xml#//@beans/@mixed.1/@mixed.91/@mixed.3"/>
    <target href="assembly.xml#AuditError"/>
  </connections>
  <swimlanes x="69" y="144" name="Overall Process" orientation="VERTICAL" alignment="MIDDLE">
    <elements href="assembly.xml#StartHere"/>
    <elements href="assembly.xml#CallRetrieval"/>
    <elements href="assembly.xml#CallCloseAuditAgg"/>
    <elements href="assembly.xml#CallCloseErrorAgg"/>
  </swimlanes>
  <swimlanes name="Validate Retrieval" orientation="VERTICAL" alignment="MIDDLE">
    <elements href="assembly.xml#CheckFile"/>
    <elements href="assembly.xml#RetrievalError"/>
    <elements href="assembly.xml#IntegrationEnd"/>
  </swimlanes>
  <swimlanes x="271" y="144" name="File Retrieval" alignment="MIDDLE">
    <elements href="assembly.xml#Retrieval"/>
    <elements href="#//@swimlanes.1"/>
    <elements href="assembly.xml#DocIterator"/>
    <elements href="assembly.xml#CallFileProcessor"/>
  </swimlanes>
  <swimlanes name="Retrieve Variable" orientation="VERTICAL" alignment="MIDDLE">
    <elements href="assembly.xml#FileIntoMessage"/>
    <elements href="assembly.xml#FileError"/>
  </swimlanes>
  <swimlanes x="271" y="547" name="File Processor" alignment="MIDDLE">
    <elements href="assembly.xml#FileProcessor"/>
    <elements href="#//@swimlanes.3"/>
    <elements href="assembly.xml#Splitter"/>
    <elements href="assembly.xml#CallSubmitInvoices"/>
  </swimlanes>
  <swimlanes x="271" y="878" name="Submit Invoices" alignment="MIDDLE">
    <elements href="assembly.xml#SubmitSupplierInvoices"/>
    <elements href="assembly.xml#GetSupplier"/>
    <elements href="assembly.xml#CallInvoiceLine"/>
    <elements href="#//@swimlanes.6"/>
    <elements href="assembly.xml#ValidationOn"/>
    <elements href="assembly.xml#SubmitInvoice"/>
    <elements href="assembly.xml#ValidationOff"/>
    <elements href="#//@swimlanes.22"/>
  </swimlanes>
  <swimlanes x="181" y="727" name="Create Invoice" orientation="VERTICAL" alignment="MIDDLE">
    <elements href="assembly.xml#LoadInvoices"/>
    <elements href="assembly.xml#CreateInvoice"/>
    <elements href="assembly.xml#CallAuditLog"/>
  </swimlanes>
  <swimlanes x="237" y="1576" name="Audit Log" alignment="MIDDLE">
    <elements href="assembly.xml#AuditLog"/>
    <elements href="#//@swimlanes.11"/>
    <elements href="assembly.xml#CallErrorsOnly"/>
    <elements href="assembly.xml#AuditEntry"/>
    <elements href="assembly.xml#CloseAuditAgg"/>
    <elements href="#//@swimlanes.12"/>
    <elements href="assembly.xml#PutAuditFile"/>
  </swimlanes>
  <swimlanes x="271" y="1275" name="Invoice Line" alignment="MIDDLE">
    <elements href="assembly.xml#InvoiceLine"/>
    <elements href="assembly.xml#Splitter0"/>
    <elements href="#//@swimlanes.9"/>
    <elements href="assembly.xml#Function"/>
    <elements href="assembly.xml#CreateInvoiceLine"/>
  </swimlanes>
  <swimlanes x="558" y="1314" name="Project Plan Task" orientation="VERTICAL" alignment="MIDDLE">
    <elements href="assembly.xml#ProjectPlanTask"/>
    <elements href="assembly.xml#CallAuditLog0"/>
  </swimlanes>
  <swimlanes x="462" y="2661" bgColor="255" name="Global Error Handler" topBorderColor="255">
    <elements href="assembly.xml#//@beans/@mixed.1/@mixed.59"/>
    <elements href="assembly.xml#Note-Error"/>
  </swimlanes>
  <swimlanes x="399" y="1669" name="Audit Entry" orientation="VERTICAL" alignment="MIDDLE">
    <elements href="assembly.xml#PreAuditEntry"/>
    <elements href="assembly.xml#AuditError"/>
  </swimlanes>
  <swimlanes x="1042" y="1704" name="Store Audit" orientation="VERTICAL" alignment="MIDDLE">
    <elements href="assembly.xml#StoreAudit"/>
    <elements href="assembly.xml#AuditStoreError"/>
  </swimlanes>
  <swimlanes x="264" y="1917" name="Error File" alignment="MIDDLE">
    <elements href="assembly.xml#ErrorsOnly"/>
    <elements href="#//@swimlanes.14"/>
    <elements href="#//@swimlanes.15"/>
    <elements href="#//@swimlanes.16"/>
    <elements href="assembly.xml#PutErrorFile"/>
  </swimlanes>
  <swimlanes x="500" y="1882" name="Error Entry" orientation="VERTICAL" alignment="MIDDLE">
    <elements href="assembly.xml#ErrorEntry"/>
    <elements href="assembly.xml#ErrorError"/>
  </swimlanes>
  <swimlanes x="829" y="1876" name="Close Error Agg" orientation="VERTICAL" alignment="MIDDLE">
    <elements href="assembly.xml#CloseErrorAgg"/>
    <elements href="assembly.xml#ErrorAggregator"/>
  </swimlanes>
  <swimlanes x="1151" y="2011" name="Store Error" orientation="VERTICAL" alignment="MIDDLE">
    <elements href="assembly.xml#StoreError"/>
    <elements href="assembly.xml#ErrorStoreError"/>
  </swimlanes>
  <swimlanes x="-24" y="2154" name="Error Load Process" orientation="VERTICAL" alignment="MIDDLE">
    <elements href="assembly.xml#ErrorLoad"/>
    <elements href="assembly.xml#CallRetrieveErrorLoadFile"/>
    <elements href="assembly.xml#CallCloseAuditAgg0"/>
    <elements href="assembly.xml#CallCloseErrorAgg0"/>
  </swimlanes>
  <swimlanes x="282" y="2235" name="Swimlane" alignment="MIDDLE">
    <elements href="assembly.xml#RetrieveErrorLoadFile"/>
    <elements href="#//@swimlanes.19"/>
    <elements href="assembly.xml#DocIterator0"/>
    <elements href="#//@swimlanes.21"/>
    <elements href="assembly.xml#Splitter1"/>
    <elements href="#//@swimlanes.20"/>
    <elements href="assembly.xml#CallLoadInvoices"/>
  </swimlanes>
  <swimlanes x="738" y="2299" name="Validate Retrieval" orientation="VERTICAL" alignment="MIDDLE">
    <elements href="assembly.xml#CheckFile0"/>
    <elements href="assembly.xml#RetrievalError0"/>
    <elements href="assembly.xml#IntegrationEnd0"/>
  </swimlanes>
  <swimlanes x="823" y="2330" name="Transform" orientation="VERTICAL" alignment="MIDDLE">
    <elements href="assembly.xml#Transform"/>
    <elements href="assembly.xml#TransformError"/>
  </swimlanes>
  <swimlanes x="1000" y="2431" name="Split Input File" orientation="VERTICAL" alignment="MIDDLE">
    <elements href="assembly.xml#SplitFile"/>
    <elements href="assembly.xml#SplitError"/>
  </swimlanes>
  <swimlanes x="1585" y="1037" name="Swimlane" orientation="VERTICAL" alignment="MIDDLE">
    <elements href="assembly.xml#SuccessAudit"/>
    <elements href="assembly.xml#FileError0"/>
  </swimlanes>
</wdnm:Diagram>
