<?xml version="1.0" encoding="UTF-8"?>
<wdnm:Diagram xmlns:wdnm="http://workday.com/studio/editors/notation">
  <element href="assembly.xml#WorkdayAssembly"/>
  <visualProperties x="12" y="30">
    <element href="assembly.xml#StartHere"/>
  </visualProperties>
  <visualProperties x="42" y="1175">
    <element href="assembly.xml#ModifyEmailID"/>
  </visualProperties>
  <visualProperties x="258" y="2493">
    <element href="assembly.xml#GlobalErrorMessage"/>
  </visualProperties>
  <visualProperties x="23" y="2493">
    <element href="assembly.xml#//@beans/@mixed.1/@mixed.77"/>
  </visualProperties>
  <visualProperties x="778" y="1171">
    <element href="assembly.xml#CheckEmpID"/>
  </visualProperties>
  <visualProperties x="980" y="1171">
    <element href="assembly.xml#AccessHashMap"/>
  </visualProperties>
  <visualProperties x="1238" y="1153">
    <element href="assembly.xml#Select_Action"/>
  </visualProperties>
  <visualProperties x="1420" y="1153">
    <element href="assembly.xml#Email_Update"/>
  </visualProperties>
  <visualProperties x="1820" y="1117">
    <element href="assembly.xml#SoapForUpdate"/>
  </visualProperties>
  <visualProperties x="2030" y="1117">
    <element href="assembly.xml#UpdateEmailIDsSOAP"/>
  </visualProperties>
  <visualProperties x="1420" y="1429">
    <element href="assembly.xml#Email_Same"/>
  </visualProperties>
  <visualProperties x="394" y="30">
    <element href="assembly.xml#CallHashMap"/>
  </visualProperties>
  <visualProperties x="581" y="30">
    <element href="assembly.xml#CallProcessInputFile"/>
  </visualProperties>
  <visualProperties x="991" y="647">
    <element href="assembly.xml#CallModifyEmailID"/>
  </visualProperties>
  <visualProperties x="613" y="1314">
    <element href="assembly.xml#StoreError"/>
  </visualProperties>
  <visualProperties x="614" y="1171">
    <element href="assembly.xml#Null_Check"/>
  </visualProperties>
  <visualProperties x="250" y="1172">
    <element href="assembly.xml#SplitInputFile"/>
  </visualProperties>
  <visualProperties x="652" y="647">
    <element href="assembly.xml#ConvertCsvToXml"/>
  </visualProperties>
  <visualProperties x="434" y="647">
    <element href="assembly.xml#ProcessInputFile"/>
  </visualProperties>
  <visualProperties x="1122" y="361">
    <element href="assembly.xml#LoadMapValues"/>
  </visualProperties>
  <visualProperties x="927" y="358">
    <element href="assembly.xml#SplitRepToHash"/>
  </visualProperties>
  <visualProperties x="766" y="391">
    <element href="assembly.xml#CallRaaS"/>
  </visualProperties>
  <visualProperties x="148" y="679">
    <element href="assembly.xml#ReportCallError"/>
  </visualProperties>
  <visualProperties x="588" y="361">
    <element href="assembly.xml#Inititate"/>
  </visualProperties>
  <visualProperties x="423" y="361">
    <element href="assembly.xml#HashMap"/>
  </visualProperties>
  <visualProperties x="2030" y="1411">
    <element href="assembly.xml#CaptureLog"/>
  </visualProperties>
  <visualProperties x="1047" y="246">
    <element href="assembly.xml#EmptyFile"/>
  </visualProperties>
  <visualProperties x="1045" y="118">
    <element href="assembly.xml#CheckEmptyFile"/>
  </visualProperties>
  <visualProperties x="817" y="118">
    <element href="assembly.xml#CheckMultipleFiles"/>
  </visualProperties>
  <visualProperties x="819" y="246">
    <element href="assembly.xml#MultipleFiles"/>
  </visualProperties>
  <visualProperties x="381" y="164">
    <element href="assembly.xml#FileRetrievalSuccess"/>
  </visualProperties>
  <visualProperties x="376" y="256">
    <element href="assembly.xml#FileRetrievalFailed"/>
  </visualProperties>
  <visualProperties x="143" y="164">
    <element href="assembly.xml#GetFile"/>
  </visualProperties>
  <visualProperties x="15" y="164">
    <element href="assembly.xml#Retrieval"/>
  </visualProperties>
  <visualProperties x="192" y="30">
    <element href="assembly.xml#CallRetrieval"/>
  </visualProperties>
  <visualProperties x="2226" y="1411">
    <element href="assembly.xml#ModifyEmailIDCompleted"/>
  </visualProperties>
  <visualProperties x="618" y="118">
    <element href="assembly.xml#CopyFile"/>
  </visualProperties>
  <visualProperties x="618" y="246">
    <element href="assembly.xml#CopyFileError"/>
  </visualProperties>
  <visualProperties x="608" y="679">
    <element href="assembly.xml#MapStoreError"/>
  </visualProperties>
  <visualProperties x="264" y="1201">
    <element href="assembly.xml#InputValues"/>
  </visualProperties>
  <visualProperties x="440" y="1314">
    <element href="assembly.xml#ValueError"/>
  </visualProperties>
  <visualProperties x="62" y="1223">
    <element href="assembly.xml#StoreTime"/>
  </visualProperties>
  <visualProperties x="1480" y="1075">
    <element href="assembly.xml#AsyncMediation0"/>
  </visualProperties>
  <visualProperties x="1849" y="1212">
    <element href="assembly.xml#Route"/>
  </visualProperties>
  <visualProperties x="2043" y="1433">
    <element href="assembly.xml#SoapForUpdate0"/>
  </visualProperties>
  <visualProperties x="2236" y="1906">
    <element href="assembly.xml#AsyncMediation00"/>
  </visualProperties>
  <visualProperties x="529" y="878">
    <element href="assembly.xml#AsyncMediation1"/>
  </visualProperties>
  <visualProperties x="2248" y="1340">
    <element href="assembly.xml#AsyncMediation2"/>
  </visualProperties>
  <visualProperties x="2369" y="1425">
    <element href="assembly.xml#AsyncMediation3"/>
  </visualProperties>
  <visualProperties x="3141" y="1327">
    <element href="assembly.xml#AsyncMediation4"/>
  </visualProperties>
  <visualProperties x="800" y="98">
    <element href="assembly.xml#CallErrorLOg"/>
  </visualProperties>
  <visualProperties x="991" y="87">
    <element href="assembly.xml#CallSuccessLog"/>
  </visualProperties>
  <visualProperties>
    <element href="assembly.xml#ErrorLog"/>
  </visualProperties>
  <visualProperties>
    <element href="assembly.xml#ErrRoute"/>
  </visualProperties>
  <visualProperties>
    <element href="assembly.xml#SuccessMsg"/>
  </visualProperties>
  <visualProperties>
    <element href="assembly.xml#StorErrorLog"/>
  </visualProperties>
  <visualProperties>
    <element href="assembly.xml#ErrorMsg"/>
  </visualProperties>
  <visualProperties>
    <element href="assembly.xml#SuccessLog"/>
  </visualProperties>
  <visualProperties>
    <element href="assembly.xml#StoreSucess"/>
  </visualProperties>
  <visualProperties>
    <element href="assembly.xml#LogErr"/>
  </visualProperties>
  <visualProperties>
    <element href="assembly.xml#SuccessMsg0"/>
  </visualProperties>
  <connections type="routesTo" sourceAnchorX="1.0" sourceAnchorY="0.5405405405405406" targetAnchorX="0.07547169811320754" targetAnchorY="0.5405405405405406">
    <source href="assembly.xml#StartHere"/>
    <target href="assembly.xml#CallRetrieval"/>
  </connections>
  <connections type="routesTo" sourceAnchorX="0.7122302158273381" sourceAnchorY="1.0" targetAnchorX="0.6666666666666666" targetAnchorY="0.37209302325581395">
    <source href="assembly.xml#ModifyEmailID"/>
    <target href="assembly.xml#StoreTime"/>
  </connections>
  <connections type="routesTo" sourceAnchorX="0.9847715736040609" sourceAnchorY="0.2702702702702703" targetAnchorX="0.2222222222222222" targetAnchorY="0.2702702702702703">
    <source href="assembly.xml#//@beans/@mixed.1/@mixed.77"/>
    <target href="assembly.xml#GlobalErrorMessage"/>
  </connections>
  <connections type="routesTo" sourceAnchorX="1.0" sourceAnchorY="0.14728682170542637" targetAnchorX="0.2" targetAnchorY="0.20930232558139536">
    <source href="assembly.xml#CheckEmpID"/>
    <target href="assembly.xml#AccessHashMap"/>
  </connections>
  <connections type="routesTo" sourceAnchorX="1.0" sourceAnchorY="0.09302325581395349" targetAnchorX="0.10227272727272728" targetAnchorY="0.10852713178294573">
    <source href="assembly.xml#Null_Check"/>
    <target href="assembly.xml#CheckEmpID"/>
  </connections>
  <connections type="routesTo" sourceAnchorX="1.0" sourceAnchorY="0.17829457364341086" targetAnchorX="0.04242424242424243" targetAnchorY="0.07670454545454546">
    <source href="assembly.xml#AccessHashMap"/>
    <target href="assembly.xml#Select_Action"/>
  </connections>
  <connections type="routesTo">
    <source href="assembly.xml#//@beans/@mixed.1/@route.0/@subRoute.0"/>
    <target href="assembly.xml#Email_Update"/>
  </connections>
  <connections type="routesTo">
    <source href="assembly.xml#//@beans/@mixed.1/@route.0/@subRoute.1"/>
    <target href="assembly.xml#Email_Same"/>
  </connections>
  <connections type="routesTo" sourceAnchorX="1.0" sourceAnchorY="0.17054263565891473" targetAnchorX="0.029166666666666667" targetAnchorY="0.6216216216216216">
    <source href="assembly.xml#SoapForUpdate"/>
    <target href="assembly.xml#UpdateEmailIDsSOAP"/>
  </connections>
  <connections type="routesResponseTo" sourceAnchorX="0.5291666666666667" sourceAnchorY="1.0" targetAnchorX="0.7134831460674157" targetAnchorY="0.14285714285714285">
    <source href="assembly.xml#UpdateEmailIDsSOAP"/>
    <target href="assembly.xml#CaptureLog"/>
  </connections>
  <connections type="routesTo">
    <source href="assembly.xml#Email_Same"/>
    <target href="assembly.xml#CaptureLog"/>
  </connections>
  <connections type="routesResponseTo" sourceAnchorX="1.0" sourceAnchorY="0.43243243243243246" targetAnchorX="0.08144796380090498" targetAnchorY="0.43243243243243246">
    <source href="assembly.xml#CallHashMap"/>
    <target href="assembly.xml#CallProcessInputFile"/>
  </connections>
  <connections type="routesResponseTo" sourceAnchorX="1.0" sourceAnchorY="0.35135135135135137" targetAnchorX="0.15757575757575756" targetAnchorY="0.35135135135135137">
    <source href="assembly.xml#CallRetrieval"/>
    <target href="assembly.xml#CallHashMap"/>
  </connections>
  <connections type="routesTo" sourceAnchorX="1.0" sourceAnchorY="0.15503875968992248" targetAnchorX="0.30985915492957744" targetAnchorY="0.15503875968992248">
    <source href="assembly.xml#InputValues"/>
    <target href="assembly.xml#Null_Check"/>
  </connections>
  <connections type="routesTo" sourceAnchorX="1.0" sourceAnchorY="0.16279069767441862" targetAnchorX="0.05113636363636364" targetAnchorY="0.034482758620689655">
    <source href="assembly.xml#StoreTime"/>
    <target href="assembly.xml#SplitInputFile"/>
  </connections>
  <connections type="routesTo" sourceAnchorX="0.7975460122699386" sourceAnchorY="1.0" targetAnchorX="0.06716417910447761" targetAnchorY="0.05426356589147287">
    <source href="assembly.xml#//@beans/@mixed.1/@splitter.1/@subRoute.0"/>
    <target href="assembly.xml#InputValues"/>
  </connections>
  <connections type="routesTo" sourceAnchorX="0.7074829931972789" sourceAnchorY="1.0" targetAnchorX="0.09923664122137404" targetAnchorY="0.16279069767441862">
    <source href="assembly.xml#ProcessInputFile"/>
    <target href="assembly.xml#ConvertCsvToXml"/>
  </connections>
  <connections type="routesTo" sourceAnchorX="1.0" sourceAnchorY="0.5666666666666667" targetAnchorX="0.13020833333333334" targetAnchorY="0.5135135135135135">
    <source href="assembly.xml#//@beans/@mixed.1/@mixed.45/@mixed.3"/>
    <target href="assembly.xml#MapStoreError"/>
  </connections>
  <connections type="routesTo">
    <source href="assembly.xml#//@beans/@mixed.1/@mixed.37/@mixed.3"/>
    <target href="assembly.xml#ReportCallError"/>
  </connections>
  <connections type="routesTo" sourceAnchorX="1.0" sourceAnchorY="0.5675675675675675" targetAnchorX="0.18064516129032257" targetAnchorY="0.16279069767441862">
    <source href="assembly.xml#HashMap"/>
    <target href="assembly.xml#Inititate"/>
  </connections>
  <connections type="routesTo" sourceAnchorX="1.0" sourceAnchorY="0.2653061224489796" targetAnchorX="0.16595744680851063" targetAnchorY="0.7027027027027027">
    <source href="assembly.xml#CaptureLog"/>
    <target href="assembly.xml#ModifyEmailIDCompleted"/>
  </connections>
  <connections type="routesTo" sourceAnchorX="0.3151515151515151" sourceAnchorY="1.0" targetAnchorX="0.38235294117647056" targetAnchorY="0.05405405405405406">
    <source href="assembly.xml#//@beans/@mixed.1/@mixed.29/@mixed.3"/>
    <target href="assembly.xml#EmptyFile"/>
  </connections>
  <connections type="routesTo" sourceAnchorX="1.0" sourceAnchorY="0.24031007751937986" targetAnchorX="0.08139534883720931" targetAnchorY="0.21705426356589147">
    <source href="assembly.xml#CheckMultipleFiles"/>
    <target href="assembly.xml#CheckEmptyFile"/>
  </connections>
  <connections type="routesTo" sourceAnchorX="1.0" sourceAnchorY="0.10852713178294573" targetAnchorX="0.02072538860103627" targetAnchorY="0.10852713178294573">
    <source href="assembly.xml#CopyFile"/>
    <target href="assembly.xml#CheckMultipleFiles"/>
  </connections>
  <connections type="routesTo" sourceAnchorX="0.4669421487603306" sourceAnchorY="1.0" targetAnchorX="0.6878980891719745" targetAnchorY="0.16216216216216217">
    <source href="assembly.xml#//@beans/@mixed.1/@mixed.27/@mixed.3"/>
    <target href="assembly.xml#MultipleFiles"/>
  </connections>
  <connections type="routesResponseTo" sourceAnchorX="0.7955555555555556" sourceAnchorY="1.0" targetAnchorX="0.1568627450980392" targetAnchorY="0.26356589147286824">
    <source href="assembly.xml#FileRetrievalSuccess"/>
    <target href="assembly.xml#CopyFile"/>
  </connections>
  <connections type="routesTo" sourceAnchorX="1.0" sourceAnchorY="0.17054263565891473" targetAnchorX="0.057777777777777775" targetAnchorY="0.1891891891891892">
    <source href="assembly.xml#GetFile"/>
    <target href="assembly.xml#FileRetrievalSuccess"/>
  </connections>
  <connections type="routesTo" sourceAnchorX="0.3951612903225806" sourceAnchorY="1.0" targetAnchorX="0.13186813186813187" targetAnchorY="0.13513513513513514">
    <source href="assembly.xml#//@beans/@mixed.1/@mixed.19/@mixed.3"/>
    <target href="assembly.xml#FileRetrievalFailed"/>
  </connections>
  <connections type="routesTo" sourceAnchorX="0.8055555555555556" sourceAnchorY="1.0" targetAnchorX="0.12280701754385964" targetAnchorY="0.13178294573643412">
    <source href="assembly.xml#Retrieval"/>
    <target href="assembly.xml#GetFile"/>
  </connections>
  <connections type="routesTo" sourceAnchorX="0.9246575342465754" sourceAnchorY="1.0" targetAnchorX="0.10119047619047619" targetAnchorY="0.43243243243243246">
    <source href="assembly.xml#//@beans/@mixed.1/@mixed.11/@mixed.3"/>
    <target href="assembly.xml#CopyFileError"/>
  </connections>
  <connections type="routesTo" sourceAnchorX="0.8679245283018868" sourceAnchorY="0.2" targetAnchorX="0.05454545454545454" targetAnchorY="0.21621621621621623">
    <source href="assembly.xml#Inititate"/>
    <target href="assembly.xml#CallRaaS"/>
  </connections>
  <connections type="routesTo" sourceAnchorX="0.7815126050420168" sourceAnchorY="1.0" targetAnchorX="0.0" targetAnchorY="0.496">
    <source href="assembly.xml#//@beans/@mixed.1/@splitter.0/@subRoute.0"/>
    <target href="assembly.xml#LoadMapValues"/>
  </connections>
  <connections type="routesResponseTo" sourceAnchorX="0.8571428571428571" sourceAnchorY="1.0" targetAnchorX="0.0547945205479452" targetAnchorY="0.17073170731707318">
    <source href="assembly.xml#CallRaaS"/>
    <target href="assembly.xml#SplitRepToHash"/>
  </connections>
  <connections type="routesTo" sourceAnchorX="0.5290322580645161" sourceAnchorY="1.0" targetAnchorX="0.15730337078651685" targetAnchorY="0.5510204081632653">
    <source href="assembly.xml#//@beans/@mixed.1/@route.0/@subRoute.2"/>
    <target href="assembly.xml#AsyncMediation0"/>
  </connections>
  <connections type="routesTo" sourceAnchorX="1.0" sourceAnchorY="0.5736434108527132" targetAnchorX="0.2302158273381295" targetAnchorY="0.028409090909090908">
    <source href="assembly.xml#Email_Update"/>
    <target href="assembly.xml#Route"/>
  </connections>
  <connections type="routesTo" sourceAnchorX="0.9285714285714286" sourceAnchorY="1.0" targetAnchorX="0.029585798816568046" targetAnchorY="0.35658914728682173">
    <source href="assembly.xml#//@beans/@mixed.1/@route.1/@subRoute.0"/>
    <target href="assembly.xml#SoapForUpdate"/>
  </connections>
  <connections type="routesTo" sourceAnchorX="0.7619047619047619" sourceAnchorY="1.0" targetAnchorX="0.17318435754189945" targetAnchorY="0.31007751937984496">
    <source href="assembly.xml#//@beans/@mixed.1/@route.1/@subRoute.1"/>
    <target href="assembly.xml#SoapForUpdate0"/>
  </connections>
  <connections type="routesTo" sourceAnchorX="0.8333333333333334" sourceAnchorY="1.0" targetAnchorX="0.32978723404255317" targetAnchorY="0.6428571428571429">
    <source href="assembly.xml#//@beans/@mixed.1/@route.1/@subRoute.2"/>
    <target href="assembly.xml#AsyncMediation00"/>
  </connections>
  <connections type="routesTo" sourceAnchorX="1.0" sourceAnchorY="0.17054263565891473" targetAnchorX="0.23931623931623933" targetAnchorY="0.2972972972972973">
    <source href="assembly.xml#SoapForUpdate0"/>
    <target href="assembly.xml#UpdateEmailIDsSOAP"/>
  </connections>
  <connections type="routesTo" sourceAnchorX="0.2441860465116279" sourceAnchorY="1.0" targetAnchorX="0.24719101123595505" targetAnchorY="0.2857142857142857">
    <source href="assembly.xml#//@beans/@mixed.1/@mixed.49/@mixed.3"/>
    <target href="assembly.xml#AsyncMediation1"/>
  </connections>
  <connections type="routesTo" sourceAnchorX="0.5625" sourceAnchorY="1.0" targetAnchorX="0.591715976331361" targetAnchorY="0.04081632653061224">
    <source href="assembly.xml#//@beans/@mixed.1/@mixed.53/@mixed.3"/>
    <target href="assembly.xml#ValueError"/>
  </connections>
  <connections type="routesTo" sourceAnchorX="0.39215686274509803" sourceAnchorY="1.0" targetAnchorX="0.5562130177514792" targetAnchorY="0.061224489795918366">
    <source href="assembly.xml#//@beans/@mixed.1/@mixed.75/@mixed.3"/>
    <target href="assembly.xml#StoreError"/>
  </connections>
  <connections type="routesTo" sourceAnchorX="0.4506172839506173" sourceAnchorY="1.0" targetAnchorX="0.19662921348314608" targetAnchorY="0.6122448979591837">
    <source href="assembly.xml#//@beans/@mixed.1/@mixed.67/@mixed.3"/>
    <target href="assembly.xml#AsyncMediation2"/>
  </connections>
  <connections type="routesTo" sourceAnchorX="0.75" sourceAnchorY="1.0" targetAnchorX="0.3595505617977528" targetAnchorY="0.14285714285714285">
    <source href="assembly.xml#//@beans/@mixed.1/@mixed.89/@mixed.3"/>
    <target href="assembly.xml#AsyncMediation3"/>
  </connections>
  <connections type="routesTo" sourceAnchorX="0.441747572815534" sourceAnchorY="1.0" targetAnchorX="0.33146067415730335" targetAnchorY="0.16326530612244897">
    <source href="assembly.xml#//@beans/@mixed.1/@mixed.33/@mixed.3"/>
    <target href="assembly.xml#AsyncMediation4"/>
  </connections>
  <connections type="routesResponseTo" sourceAnchorX="0.746606334841629" sourceAnchorY="1.0" targetAnchorX="0.22839506172839505" targetAnchorY="0.43243243243243246">
    <source href="assembly.xml#CallProcessInputFile"/>
    <target href="assembly.xml#CallErrorLOg"/>
  </connections>
  <connections type="routesResponseTo" sourceAnchorX="0.7839506172839507" sourceAnchorY="1.0" targetAnchorX="0.20430107526881722" targetAnchorY="0.4594594594594595">
    <source href="assembly.xml#CallErrorLOg"/>
    <target href="assembly.xml#CallSuccessLog"/>
  </connections>
  <connections type="routesTo" sourceAnchorX="0.8285714285714286" sourceAnchorY="1.0" targetAnchorX="0.09345794392523364" targetAnchorY="0.4012738853503185">
    <source href="assembly.xml#ErrorLog"/>
    <target href="assembly.xml#ErrRoute"/>
  </connections>
  <connections type="routesTo" sourceAnchorX="0.8021978021978022" sourceAnchorY="1.0" targetAnchorX="0.014925373134328358" targetAnchorY="0.45652173913043476">
    <source href="assembly.xml#//@beans/@mixed.1/@route.2/@subRoute.0"/>
    <target href="assembly.xml#StorErrorLog"/>
  </connections>
  <connections type="routesTo" sourceAnchorX="0.8901098901098901" sourceAnchorY="1.0" targetAnchorX="0.24503311258278146" targetAnchorY="0.5675675675675675">
    <source href="assembly.xml#//@beans/@mixed.1/@route.2/@subRoute.1"/>
    <target href="assembly.xml#SuccessMsg"/>
  </connections>
  <connections type="routesTo" sourceAnchorX="1.0" sourceAnchorY="0.2978723404255319" targetAnchorX="0.0763888888888889" targetAnchorY="0.5135135135135135">
    <source href="assembly.xml#StorErrorLog"/>
    <target href="assembly.xml#ErrorMsg"/>
  </connections>
  <connections type="routesTo" sourceAnchorX="0.4094488188976378" sourceAnchorY="1.0" targetAnchorX="0.2708333333333333" targetAnchorY="0.40540540540540543">
    <source href="assembly.xml#//@beans/@mixed.1/@mixed.107/@mixed.3"/>
    <target href="assembly.xml#ErrorMsg"/>
  </connections>
  <connections type="routesTo" sourceAnchorX="1.0" sourceAnchorY="0.32432432432432434" targetAnchorX="0.4166666666666667" targetAnchorY="0.6434108527131783">
    <source href="assembly.xml#SuccessLog"/>
    <target href="assembly.xml#StoreSucess"/>
  </connections>
  <connections type="routesTo" sourceAnchorX="1.0" sourceAnchorY="0.24031007751937986" targetAnchorX="0.2781065088757396" targetAnchorY="0.5945945945945946">
    <source href="assembly.xml#StoreSucess"/>
    <target href="assembly.xml#SuccessMsg0"/>
  </connections>
  <connections type="routesTo" sourceAnchorX="0.4094488188976378" sourceAnchorY="1.0" targetAnchorX="0.2708333333333333" targetAnchorY="0.40540540540540543">
    <source href="assembly.xml#//@beans/@mixed.1/@mixed.119/@mixed.3"/>
    <target href="assembly.xml#LogErr"/>
  </connections>
  <connections type="routesTo" sourceAnchorX="1.0" sourceAnchorY="0.20155038759689922" targetAnchorX="0.30198019801980197" targetAnchorY="0.6486486486486487">
    <source href="assembly.xml#ConvertCsvToXml"/>
    <target href="assembly.xml#CallModifyEmailID"/>
  </connections>
  <swimlanes x="6" y="23" font="Arial Narrow|10|1" bgColor="16763799" fontColor="1" name="Main Process" alignment="MIDDLE">
    <elements href="assembly.xml#StartHere"/>
    <elements href="assembly.xml#CallRetrieval"/>
    <elements href="assembly.xml#CallHashMap"/>
    <elements href="assembly.xml#CallProcessInputFile"/>
    <elements href="assembly.xml#CallErrorLOg"/>
    <elements href="assembly.xml#CallSuccessLog"/>
  </swimlanes>
  <swimlanes x="5" y="179" font="Arial Narrow|10|1" bgColor="16763799" fontColor="1" name="File retrieval and Validation" alignment="MIDDLE">
    <elements href="assembly.xml#Retrieval"/>
    <elements href="assembly.xml#GetFile"/>
    <elements href="assembly.xml#FileRetrievalSuccess"/>
    <elements href="assembly.xml#CopyFile"/>
    <elements href="assembly.xml#CheckMultipleFiles"/>
    <elements href="assembly.xml#CheckEmptyFile"/>
  </swimlanes>
  <swimlanes x="6" y="470" font="Arial Narrow|10|1" bgColor="16763799" fontColor="1" name="HashMap RaaS Data" alignment="MIDDLE">
    <elements href="assembly.xml#HashMap"/>
    <elements href="assembly.xml#Inititate"/>
    <elements href="assembly.xml#ReportCallError"/>
    <elements href="assembly.xml#CallRaaS"/>
    <elements href="assembly.xml#SplitRepToHash"/>
    <elements href="assembly.xml#LoadMapValues"/>
    <elements href="assembly.xml#MapStoreError"/>
  </swimlanes>
  <swimlanes x="6" y="710" font="Arial Narrow|10|1" bgColor="16763799" fontColor="1" name="Process Input File" alignment="MIDDLE">
    <elements href="assembly.xml#ProcessInputFile"/>
    <elements href="#//@swimlanes.12"/>
    <elements href="assembly.xml#CallModifyEmailID"/>
  </swimlanes>
  <swimlanes x="256" y="359" bgColor="16777215" fgColor="33023" name="File Validations" alignment="MIDDLE" topBorderColor="33023">
    <elements href="assembly.xml#FileRetrievalFailed"/>
    <elements href="assembly.xml#CopyFileError"/>
    <elements href="assembly.xml#MultipleFiles"/>
    <elements href="assembly.xml#EmptyFile"/>
  </swimlanes>
  <swimlanes x="-25" y="1108" font="Arial Narrow|10|1" bgColor="16763799" fontColor="1" name="Email ID process">
    <elements href="assembly.xml#ModifyEmailID"/>
    <elements href="assembly.xml#StoreTime"/>
    <elements href="assembly.xml#SplitInputFile"/>
    <elements href="assembly.xml#InputValues"/>
    <elements href="#//@swimlanes.15"/>
    <elements href="#//@swimlanes.16"/>
    <elements href="assembly.xml#AccessHashMap"/>
    <elements href="assembly.xml#Select_Action"/>
    <elements href="assembly.xml#AsyncMediation0"/>
    <elements href="#//@swimlanes.7"/>
    <elements href="#//@swimlanes.6"/>
    <elements href="#//@swimlanes.9"/>
    <elements href="assembly.xml#ModifyEmailIDCompleted"/>
  </swimlanes>
  <swimlanes x="1452" y="1422" name="Swimlane">
    <elements href="assembly.xml#UpdateEmailIDsSOAP"/>
  </swimlanes>
  <swimlanes x="1124" y="1540" name="Email Modify" orientation="VERTICAL" elements="//@swimlanes.11 //@swimlanes.8"/>
  <swimlanes x="1282" y="1422" name="Email Same" orientation="VERTICAL">
    <elements href="assembly.xml#Email_Same"/>
  </swimlanes>
  <swimlanes x="1866" y="1400" name="Swimlane" orientation="VERTICAL">
    <elements href="assembly.xml#CaptureLog"/>
    <elements href="assembly.xml#AsyncMediation4"/>
  </swimlanes>
  <swimlanes x="277" y="2359" fgColor="33023" name="Gobal Error " topBorderColor="33023">
    <elements href="assembly.xml#//@beans/@mixed.1/@mixed.77"/>
    <elements href="assembly.xml#GlobalErrorMessage"/>
  </swimlanes>
  <swimlanes x="1238" y="1012" name="Email Update">
    <elements href="assembly.xml#Email_Update"/>
    <elements href="assembly.xml#Route"/>
    <elements href="assembly.xml#AsyncMediation00"/>
    <elements href="#//@swimlanes.13"/>
    <elements href="#//@swimlanes.14"/>
  </swimlanes>
  <swimlanes x="521" y="763" name="Swimlane" orientation="VERTICAL">
    <elements href="assembly.xml#ConvertCsvToXml"/>
    <elements href="assembly.xml#AsyncMediation1"/>
  </swimlanes>
  <swimlanes x="2097" y="1384" name="Swimlane" orientation="VERTICAL">
    <elements href="assembly.xml#SoapForUpdate"/>
    <elements href="assembly.xml#AsyncMediation2"/>
  </swimlanes>
  <swimlanes x="2488" y="1336" name="Swimlane" orientation="VERTICAL">
    <elements href="assembly.xml#SoapForUpdate0"/>
    <elements href="assembly.xml#AsyncMediation3"/>
  </swimlanes>
  <swimlanes x="842" y="1248" name="Swimlane" orientation="VERTICAL">
    <elements href="assembly.xml#Null_Check"/>
    <elements href="assembly.xml#ValueError"/>
  </swimlanes>
  <swimlanes x="1101" y="1204" name="Swimlane" orientation="VERTICAL">
    <elements href="assembly.xml#CheckEmpID"/>
    <elements href="assembly.xml#StoreError"/>
  </swimlanes>
  <swimlanes name="Route Log" orientation="VERTICAL">
    <elements href="assembly.xml#ErrRoute"/>
    <elements href="assembly.xml#SuccessMsg"/>
  </swimlanes>
  <swimlanes name="Store Error Log">
    <elements href="assembly.xml#StorErrorLog"/>
    <elements href="assembly.xml#ErrorMsg"/>
  </swimlanes>
  <swimlanes x="83" y="1851" name="Error Log" description="Creates error log file in case of any error.">
    <elements href="assembly.xml#ErrorLog"/>
    <elements href="#//@swimlanes.17"/>
    <elements href="#//@swimlanes.18"/>
  </swimlanes>
  <swimlanes name="Store Success Log" orientation="VERTICAL">
    <elements href="assembly.xml#StoreSucess"/>
    <elements href="assembly.xml#LogErr"/>
  </swimlanes>
  <swimlanes x="1017" y="1892" name="Success Log" description="Creates success log file.">
    <elements href="assembly.xml#SuccessLog"/>
    <elements href="#//@swimlanes.20"/>
    <elements href="assembly.xml#SuccessMsg0"/>
  </swimlanes>
</wdnm:Diagram>
