<?xml version="1.0" encoding="UTF-8"?>
<wdnm:Diagram xmlns:wdnm="http://workday.com/studio/editors/notation">
  <element href="assembly.xml#WorkdayAssembly"/>
  <visualProperties>
    <element href="assembly.xml#StartHere"/>
  </visualProperties>
  <visualProperties>
    <element href="assembly.xml#Initialize-Properties"/>
  </visualProperties>
  <visualProperties>
    <element href="assembly.xml#Call-Report1"/>
  </visualProperties>
  <visualProperties>
    <element href="assembly.xml#Call-Report2"/>
  </visualProperties>
  <visualProperties>
    <element href="assembly.xml#Call-Aggregator"/>
  </visualProperties>
  <visualProperties>
    <element href="assembly.xml#Report2"/>
  </visualProperties>
  <visualProperties>
    <element href="assembly.xml#WriteMsg2"/>
  </visualProperties>
  <visualProperties>
    <element href="assembly.xml#Merge-Msg2"/>
  </visualProperties>
  <visualProperties>
    <element href="assembly.xml#Aggregator"/>
  </visualProperties>
  <visualProperties>
    <element href="assembly.xml#FinalAggregator"/>
  </visualProperties>
  <visualProperties>
    <element href="assembly.xml#AggregateRec"/>
  </visualProperties>
  <visualProperties>
    <element href="assembly.xml#CustomReportStoreFinalFile"/>
  </visualProperties>
  <visualProperties>
    <element href="assembly.xml#Report1"/>
  </visualProperties>
  <visualProperties>
    <element href="assembly.xml#WriteMsg1"/>
  </visualProperties>
  <visualProperties>
    <element href="assembly.xml#Merge-Msg1"/>
  </visualProperties>
  <visualProperties>
    <element href="assembly.xml#//@beans/@mixed.1/@mixed.33"/>
  </visualProperties>
  <visualProperties>
    <element href="assembly.xml#Note-Error"/>
  </visualProperties>
  <visualProperties>
    <element href="assembly.xml#testFile"/>
  </visualProperties>
  <visualProperties>
    <element href="assembly.xml#WriteMsg20"/>
  </visualProperties>
  <visualProperties x="397" y="141">
    <element href="assembly.xml#Call-TestFile"/>
  </visualProperties>
  <visualProperties x="1282" y="575">
    <element href="assembly.xml#Route"/>
  </visualProperties>
  <visualProperties x="1280" y="833">
    <element href="assembly.xml#TestFileStoreFinalFile"/>
  </visualProperties>
  <visualProperties>
    <element href="assembly.xml#CallGetDocDetails"/>
  </visualProperties>
  <visualProperties>
    <element href="assembly.xml#CallGetManifestFile"/>
  </visualProperties>
  <visualProperties>
    <element href="assembly.xml#getDocDetails"/>
  </visualProperties>
  <visualProperties>
    <element href="assembly.xml#WWS"/>
  </visualProperties>
  <visualProperties>
    <element href="assembly.xml#error_WWS"/>
  </visualProperties>
  <visualProperties>
    <element href="assembly.xml#getEventWWS"/>
  </visualProperties>
  <visualProperties>
    <element href="assembly.xml#fileDetails"/>
  </visualProperties>
  <visualProperties>
    <element href="assembly.xml#error_fileinf"/>
  </visualProperties>
  <visualProperties>
    <element href="assembly.xml#getManifestFile"/>
  </visualProperties>
  <visualProperties>
    <element href="assembly.xml#GetEventDocuments"/>
  </visualProperties>
  <visualProperties>
    <element href="assembly.xml#Route0"/>
  </visualProperties>
  <visualProperties>
    <element href="assembly.xml#Manifest"/>
  </visualProperties>
  <visualProperties>
    <element href="assembly.xml#error_fileCreation"/>
  </visualProperties>
  <visualProperties>
    <element href="assembly.xml#FinalMsg"/>
  </visualProperties>
  <visualProperties x="1178" y="575">
    <element href="assembly.xml#Output"/>
  </visualProperties>
  <visualProperties x="468" y="30">
    <element href="assembly.xml#error_Init"/>
  </visualProperties>
  <visualProperties x="484" y="667">
    <element href="assembly.xml#error_rpt1"/>
  </visualProperties>
  <visualProperties x="752" y="640">
    <element href="assembly.xml#error_rpt2"/>
  </visualProperties>
  <visualProperties x="1415" y="577">
    <element href="assembly.xml#error_test"/>
  </visualProperties>
  <visualProperties x="500" y="731">
    <element href="assembly.xml#error_rpt10"/>
  </visualProperties>
  <visualProperties x="822" y="924">
    <element href="assembly.xml#TestFile2StoreFinalFile"/>
  </visualProperties>
  <connections type="routesTo" sourceAnchorX="1.0" sourceAnchorY="0.2972972972972973" targetAnchorX="0.13471502590673576" targetAnchorY="0.07142857142857142">
    <source href="assembly.xml#StartHere"/>
    <target href="assembly.xml#Initialize-Properties"/>
  </connections>
  <connections type="routesTo" sourceAnchorX="1.0" sourceAnchorY="0.7297297297297297" targetAnchorX="0.1640625" targetAnchorY="0.24489795918367346">
    <source href="assembly.xml#Report2"/>
    <target href="assembly.xml#WriteMsg2"/>
  </connections>
  <connections type="routesTo" sourceAnchorX="1.0" sourceAnchorY="0.3163265306122449" targetAnchorX="0.1518987341772152" targetAnchorY="0.43243243243243246">
    <source href="assembly.xml#WriteMsg2"/>
    <target href="assembly.xml#Merge-Msg2"/>
  </connections>
  <connections type="routesTo" sourceAnchorX="0.9379310344827586" sourceAnchorY="0.4864864864864865" targetAnchorX="0.4925373134328358" targetAnchorY="0.07547169811320754">
    <source href="assembly.xml#Aggregator"/>
    <target href="assembly.xml#FinalAggregator"/>
  </connections>
  <connections type="routesTo" sourceAnchorX="0.9203980099502488" sourceAnchorY="0.7641509433962265" targetAnchorX="0.1987179487179487" targetAnchorY="0.24806201550387597">
    <source href="assembly.xml#FinalAggregator"/>
    <target href="assembly.xml#AggregateRec"/>
  </connections>
  <connections type="routesTo" sourceAnchorX="1.0" sourceAnchorY="0.5945945945945946" targetAnchorX="0.042704626334519574" targetAnchorY="0.15306122448979592">
    <source href="assembly.xml#Report1"/>
    <target href="assembly.xml#WriteMsg1"/>
  </connections>
  <connections type="routesTo" sourceAnchorX="1.0" sourceAnchorY="0.14285714285714285" targetAnchorX="0.22784810126582278" targetAnchorY="0.35135135135135137">
    <source href="assembly.xml#WriteMsg1"/>
    <target href="assembly.xml#Merge-Msg1"/>
  </connections>
  <connections type="routesTo" sourceAnchorX="0.9669421487603306" sourceAnchorY="0.43243243243243246" targetAnchorX="0.06060606060606061" targetAnchorY="0.3783783783783784">
    <source href="assembly.xml#//@beans/@mixed.1/@mixed.33"/>
    <target href="assembly.xml#Note-Error"/>
  </connections>
  <connections type="routesTo" sourceAnchorX="1.0" sourceAnchorY="0.7297297297297297" targetAnchorX="0.1640625" targetAnchorY="0.24489795918367346">
    <source href="assembly.xml#testFile"/>
    <target href="assembly.xml#WriteMsg20"/>
  </connections>
  <connections type="routesTo">
    <source href="assembly.xml#Initialize-Properties"/>
    <target href="assembly.xml#Call-TestFile"/>
  </connections>
  <connections type="routesTo" targetAnchorX="0.31125827814569534" targetAnchorY="0.3821428571428571">
    <source href="assembly.xml#AggregateRec"/>
    <target href="assembly.xml#Route"/>
  </connections>
  <connections type="routesTo" sourceAnchorX="0.9057971014492754" sourceAnchorY="0.9117647058823529" targetAnchorX="0.018518518518518517" targetAnchorY="0.6530612244897959">
    <source href="assembly.xml#//@beans/@mixed.1/@route.0/@subRoute.0"/>
    <target href="assembly.xml#TestFileStoreFinalFile"/>
  </connections>
  <connections type="routesTo" sourceAnchorX="0.9420289855072463" sourceAnchorY="0.5588235294117647" targetAnchorX="0.014925373134328358" targetAnchorY="0.10204081632653061">
    <source href="assembly.xml#//@beans/@mixed.1/@route.0/@subRoute.2"/>
    <target href="assembly.xml#CustomReportStoreFinalFile"/>
  </connections>
  <connections type="routesResponseTo" sourceAnchorX="0.9852941176470589" sourceAnchorY="0.43243243243243246" targetAnchorX="0.06542056074766354" targetAnchorY="0.43243243243243246">
    <source href="assembly.xml#CallGetDocDetails"/>
    <target href="assembly.xml#CallGetManifestFile"/>
  </connections>
  <connections type="routesTo" sourceAnchorX="0.8816568047337278" sourceAnchorY="0.40540540540540543" targetAnchorX="0.024193548387096774" targetAnchorY="0.5968992248062015">
    <source href="assembly.xml#getDocDetails"/>
    <target href="assembly.xml#WWS"/>
  </connections>
  <connections type="routesTo" sourceAnchorX="0.9354838709677419" sourceAnchorY="0.6046511627906976" targetAnchorX="0.022988505747126436" targetAnchorY="0.4594594594594595">
    <source href="assembly.xml#WWS"/>
    <target href="assembly.xml#getEventWWS"/>
  </connections>
  <connections type="routesTo" sourceAnchorX="0.452991452991453" sourceAnchorY="0.6333333333333333" targetAnchorX="0.4503311258278146" targetAnchorY="0.24324324324324326">
    <source href="assembly.xml#//@beans/@mixed.1/@mixed.65/@mixed.3"/>
    <target href="assembly.xml#error_WWS"/>
  </connections>
  <connections type="routesResponseTo" sourceAnchorX="0.9425287356321839" sourceAnchorY="0.43243243243243246" targetAnchorX="0.12096774193548387" targetAnchorY="0.5968992248062015">
    <source href="assembly.xml#getEventWWS"/>
    <target href="assembly.xml#fileDetails"/>
  </connections>
  <connections type="routesTo" sourceAnchorX="0.5213675213675214" sourceAnchorY="0.36666666666666664" targetAnchorX="0.5279503105590062" targetAnchorY="0.21621621621621623">
    <source href="assembly.xml#//@beans/@mixed.1/@mixed.59/@mixed.3"/>
    <target href="assembly.xml#error_fileinf"/>
  </connections>
  <connections type="routesTo" sourceAnchorX="0.9385474860335196" sourceAnchorY="0.40540540540540543" targetAnchorX="0.03153153153153153" targetAnchorY="0.43243243243243246">
    <source href="assembly.xml#getManifestFile"/>
    <target href="assembly.xml#GetEventDocuments"/>
  </connections>
  <connections type="routesResponseTo" sourceAnchorX="0.8783783783783784" sourceAnchorY="0.5675675675675675" targetAnchorX="0.02158273381294964" targetAnchorY="0.4942528735632184">
    <source href="assembly.xml#GetEventDocuments"/>
    <target href="assembly.xml#Route0"/>
  </connections>
  <connections type="routesTo" sourceAnchorX="0.9759036144578314" sourceAnchorY="1.0" targetAnchorX="0.03076923076923077" targetAnchorY="0.32558139534883723">
    <source href="assembly.xml#//@beans/@mixed.1/@route.1/@subRoute.0"/>
    <target href="assembly.xml#Manifest"/>
  </connections>
  <connections type="routesTo" sourceAnchorX="0.9775561097256857" sourceAnchorY="0.5968992248062015" targetAnchorX="0.07692307692307693" targetAnchorY="0.4594594594594595">
    <source href="assembly.xml#Manifest"/>
    <target href="assembly.xml#FinalMsg"/>
  </connections>
  <connections type="routesTo" sourceAnchorX="0.4517766497461929" sourceAnchorY="0.43333333333333335" targetAnchorX="0.37267080745341613" targetAnchorY="0.35135135135135137">
    <source href="assembly.xml#//@beans/@mixed.1/@mixed.49/@mixed.3"/>
    <target href="assembly.xml#error_fileCreation"/>
  </connections>
  <connections type="routesTo" sourceAnchorX="0.9888059701492538" sourceAnchorY="0.5816326530612245" targetAnchorX="0.40540540540540543" targetAnchorY="0.7837837837837838">
    <source href="assembly.xml#CustomReportStoreFinalFile"/>
    <target href="assembly.xml#Output"/>
    <bendpoints sourceX="92" targetX="-1" targetY="202"/>
  </connections>
  <connections type="routesTo" sourceAnchorX="0.9305555555555556" sourceAnchorY="0.5918367346938775" targetAnchorX="0.036036036036036036" targetAnchorY="0.24324324324324326">
    <source href="assembly.xml#TestFileStoreFinalFile"/>
    <target href="assembly.xml#Output"/>
  </connections>
  <connections type="routesResponseTo" sourceAnchorX="0.989010989010989" sourceAnchorY="0.4594594594594595" targetAnchorX="0.03431372549019608" targetAnchorY="0.35135135135135137">
    <source href="assembly.xml#Call-Aggregator"/>
    <target href="assembly.xml#CallGetDocDetails"/>
  </connections>
  <connections type="routesResponseTo" sourceAnchorX="0.9426751592356688" sourceAnchorY="0.4594594594594595" targetAnchorX="0.0759493670886076" targetAnchorY="0.43243243243243246">
    <source href="assembly.xml#Call-TestFile"/>
    <target href="assembly.xml#Call-Report1"/>
  </connections>
  <connections type="routesResponseTo" sourceAnchorX="0.9556962025316456" sourceAnchorY="0.35135135135135137" targetAnchorX="0.05063291139240506" targetAnchorY="0.2972972972972973">
    <source href="assembly.xml#Call-Report1"/>
    <target href="assembly.xml#Call-Report2"/>
  </connections>
  <connections type="routesResponseTo" sourceAnchorX="0.9493670886075949" sourceAnchorY="0.4864864864864865" targetAnchorX="0.02197802197802198" targetAnchorY="0.3783783783783784">
    <source href="assembly.xml#Call-Report2"/>
    <target href="assembly.xml#Call-Aggregator"/>
  </connections>
  <connections type="routesTo" sourceAnchorX="0.42473118279569894" sourceAnchorY="1.0" targetAnchorX="0.515527950310559" targetAnchorY="0.5135135135135135">
    <source href="assembly.xml#//@beans/@mixed.1/@mixed.27/@mixed.3"/>
    <target href="assembly.xml#error_Init"/>
  </connections>
  <connections type="routesTo" sourceAnchorX="0.4214876033057851" sourceAnchorY="0.23333333333333334" targetAnchorX="0.42028985507246375" targetAnchorY="0.08108108108108109">
    <source href="assembly.xml#//@beans/@mixed.1/@mixed.3/@mixed.3"/>
    <target href="assembly.xml#error_rpt1"/>
  </connections>
  <connections type="routesTo" sourceAnchorX="0.7520661157024794" sourceAnchorY="1.0" targetAnchorX="0.4863013698630137" targetAnchorY="0.16216216216216217">
    <source href="assembly.xml#//@beans/@mixed.1/@mixed.17/@mixed.3"/>
    <target href="assembly.xml#error_rpt2"/>
  </connections>
  <connections type="routesTo" sourceAnchorX="0.5267175572519084" sourceAnchorY="1.0" targetAnchorX="0.547945205479452" targetAnchorY="0.4594594594594595">
    <source href="assembly.xml#//@beans/@mixed.1/@mixed.35/@mixed.3"/>
    <target href="assembly.xml#error_test"/>
  </connections>
  <connections type="routesTo" sourceAnchorX="0.5167785234899329" sourceAnchorY="0.1" targetAnchorX="0.5136986301369864" targetAnchorY="0.24324324324324326">
    <source href="assembly.xml#//@beans/@mixed.1/@mixed.9/@mixed.3"/>
    <target href="assembly.xml#error_rpt10"/>
  </connections>
  <connections type="routesTo">
    <source href="assembly.xml#TestFile2StoreFinalFile"/>
    <target href="assembly.xml#Output"/>
  </connections>
  <connections type="routesTo">
    <source href="assembly.xml#//@beans/@mixed.1/@route.0/@subRoute.1"/>
    <target href="assembly.xml#TestFile2StoreFinalFile"/>
  </connections>
  <swimlanes x="79" y="35" bgColor="12632256" fgColor="1" name="Main Assembly" topBorderColor="1" labelAlignment="LEFT">
    <elements href="assembly.xml#StartHere"/>
    <elements href="#//@swimlanes.12"/>
    <elements href="assembly.xml#Call-TestFile"/>
    <elements href="assembly.xml#Call-Report1"/>
    <elements href="assembly.xml#Call-Report2"/>
    <elements href="assembly.xml#Call-Aggregator"/>
    <elements href="assembly.xml#CallGetDocDetails"/>
    <elements href="assembly.xml#CallGetManifestFile"/>
  </swimlanes>
  <swimlanes x="1018" y="374" bgColor="65535" name="Merge XML Messages" topBorderColor="1">
    <elements href="assembly.xml#Report2"/>
    <elements href="#//@swimlanes.14"/>
    <elements href="assembly.xml#Merge-Msg2"/>
  </swimlanes>
  <swimlanes x="79" y="719" bgColor="65535" fgColor="12632256" lineStyle="DASHDOT" name="Aggregate" topBorderColor="1" labelAlignment="LEFT">
    <elements href="assembly.xml#Aggregator"/>
    <elements href="assembly.xml#FinalAggregator"/>
    <elements href="#//@swimlanes.16"/>
    <elements href="assembly.xml#Route"/>
    <elements href="#//@swimlanes.11"/>
    <elements href="assembly.xml#Output"/>
  </swimlanes>
  <swimlanes x="527" y="374" bgColor="65535" name="Merge XML Messages" topBorderColor="1">
    <elements href="assembly.xml#Report1"/>
    <elements href="#//@swimlanes.13"/>
    <elements href="assembly.xml#Merge-Msg1"/>
  </swimlanes>
  <swimlanes x="79" y="1841" bgColor="1" fgColor="12632256" name="Global Error Handling" topBorderColor="65535" labelAlignment="LEFT">
    <elements href="assembly.xml#//@beans/@mixed.1/@mixed.33"/>
    <elements href="assembly.xml#Note-Error"/>
  </swimlanes>
  <swimlanes x="79" y="374" bgColor="65535" name="Write Test Files" topBorderColor="1">
    <elements href="assembly.xml#testFile"/>
    <elements href="#//@swimlanes.15"/>
  </swimlanes>
  <swimlanes name="Swimlane" orientation="VERTICAL" alignment="MIDDLE">
    <elements href="assembly.xml#WWS"/>
    <elements href="assembly.xml#error_WWS"/>
  </swimlanes>
  <swimlanes name="Swimlane" orientation="VERTICAL" alignment="MIDDLE">
    <elements href="assembly.xml#fileDetails"/>
    <elements href="assembly.xml#error_fileinf"/>
  </swimlanes>
  <swimlanes x="79" y="1193" font="Arial|9|0" bgColor="65535" lineStyle="DASHDOTDOT" fontColor="1" name="Get File Info" alignment="MIDDLE" labelAlignment="LEFT">
    <elements href="assembly.xml#getDocDetails"/>
    <elements href="#//@swimlanes.6"/>
    <elements href="assembly.xml#getEventWWS"/>
    <elements href="#//@swimlanes.7"/>
  </swimlanes>
  <swimlanes name="Swimlane" orientation="VERTICAL" alignment="MIDDLE">
    <elements href="assembly.xml#Manifest"/>
    <elements href="assembly.xml#error_fileCreation"/>
  </swimlanes>
  <swimlanes x="79" y="1522" font="Arial|9|0" bgColor="65535" lineStyle="DASHDOTDOT" fontColor="1" name="Create Manifest File" alignment="MIDDLE" labelAlignment="LEFT">
    <elements href="assembly.xml#getManifestFile"/>
    <elements href="assembly.xml#GetEventDocuments"/>
    <elements href="assembly.xml#Route0"/>
    <elements href="#//@swimlanes.9"/>
    <elements href="assembly.xml#FinalMsg"/>
  </swimlanes>
  <swimlanes x="2020" y="327" name="Swimlane" orientation="VERTICAL">
    <elements href="assembly.xml#TestFileStoreFinalFile"/>
    <elements href="assembly.xml#TestFile2StoreFinalFile"/>
    <elements href="assembly.xml#CustomReportStoreFinalFile"/>
  </swimlanes>
  <swimlanes x="239" y="138" name="Swimlane" orientation="VERTICAL" alignment="MIDDLE">
    <elements href="assembly.xml#Initialize-Properties"/>
    <elements href="assembly.xml#error_Init"/>
  </swimlanes>
  <swimlanes x="198" y="406" name="Swimlane" orientation="VERTICAL" alignment="MIDDLE">
    <elements href="assembly.xml#WriteMsg1"/>
    <elements href="assembly.xml#error_rpt1"/>
  </swimlanes>
  <swimlanes x="883" y="467" name="Swimlane" orientation="VERTICAL" alignment="MIDDLE">
    <elements href="assembly.xml#WriteMsg2"/>
    <elements href="assembly.xml#error_rpt2"/>
  </swimlanes>
  <swimlanes x="1326" y="499" name="Swimlane" orientation="VERTICAL" alignment="MIDDLE">
    <elements href="assembly.xml#WriteMsg20"/>
    <elements href="assembly.xml#error_test"/>
  </swimlanes>
  <swimlanes x="488" y="813" name="Swimlane" orientation="VERTICAL" alignment="MIDDLE">
    <elements href="assembly.xml#AggregateRec"/>
    <elements href="assembly.xml#error_rpt10"/>
  </swimlanes>
</wdnm:Diagram>
