<?xml version="1.0" encoding="UTF-8"?>
<beans
     xmlns="http://www.springframework.org/schema/beans"
     xmlns:beans="http://www.springframework.org/schema/beans"
     xmlns:atom="http://www.w3.org/2005/Atom"
     xmlns:cc="http://www.capeclear.com/assembly/10"
     xmlns:cloud="urn:com.workday/esb/cloud/10.0"
     xmlns:env="http://schemas.xmlsoap.org/soap/envelope/"
     xmlns:pi="urn:com.workday/picof"
     xmlns:wd="urn:com.workday/bsvc"
     xmlns:xsi="http://www.w3.org/2001/XMLSchema-instance">
 
	<cc:assembly id="WorkdayAssembly" version="2020.36">
        <cc:local-in id="Local-IN-GetTaxDocument" routes-to="AM-CreateGetTaxableDocumentRequest" access="public" use-global-error-handlers="true"><cc:parameter name="get.tax.doc.WID" required="true" validation="props['get.tax.doc.WID'] != null"/></cc:local-in>
        <cc:async-mediation id="AM-CreateGetTaxableDocumentRequest" routes-to="GetTaxableDocumentSOAP" handle-downstream-errors="true">
            <cc:steps>
                <cc:write id="WriteGetTaxableDocumentMessage">
                    <cc:message>
                        <cc:text>&lt;?xml version=&quot;1.0&quot; ?>&#xD;
&lt;env:Envelope xmlns:env=&quot;http://schemas.xmlsoap.org/soap/envelope/&quot;>&#xD;
    &lt;env:Body>&#xD;
        &lt;wd:Get_Taxable_Document_for_Tax_Calculation_Request&#xD;
            xmlns:wd=&quot;urn:com.workday/bsvc&quot;&#xD;
            >&#xD;
            &lt;wd:Request_References>&#xD;
                &lt;wd:Taxable_Document_for_Tax_Calculation_Request_Reference>&#xD;
                    &lt;wd:ID wd:type=&quot;WID&quot;>@{props['get.tax.doc.WID']}&lt;/wd:ID>&#xD;
                &lt;/wd:Taxable_Document_for_Tax_Calculation_Request_Reference>&#xD;
            &lt;/wd:Request_References>&#xD;
               &lt;/wd:Get_Taxable_Document_for_Tax_Calculation_Request>&#xD;
    &lt;/env:Body>&#xD;
&lt;/env:Envelope></cc:text>
                    </cc:message>
                </cc:write>
                <cc:log execute-when="props['pDebugFlag'] == true" id="Log">
                    <cc:log-message>
                        <cc:line-separator/>
                        <cc:text>GET TAXABLE DOCUMENT REQUEST:  </cc:text>
                        <cc:line-separator/>
                        <cc:message-content/>
                        <cc:line-separator/>
                    </cc:log-message>
                </cc:log>
            </cc:steps>
            <cc:send-error id="SendSOAPError" routes-to="PutSOAPMessage"/>
        </cc:async-mediation>
        <cc:workday-out-soap id="GetTaxableDocumentSOAP" routes-response-to="AsyncMediation" application="Financial_Management" version="@{props['pWWSVersion']}"/>
        <cc:async-mediation id="AM-LogGetCustomerInvoiceReponse" execute-steps-when="props['pDebugFlag'] == true">
            <cc:steps>
                <cc:log id="Log">
                    <cc:log-message>
                        <cc:line-separator/>
                        <cc:text>GET TAXABLE DOCUMENT RESPONSE:</cc:text>
                        <cc:line-separator/>
                        <cc:message-content/>
                        <cc:line-separator/>
                    </cc:log-message>
                </cc:log>
            </cc:steps>
        </cc:async-mediation>
        <cc:async-mediation id="AsyncMediation" routes-to="AM-LogGetCustomerInvoiceReponse">
            <cc:steps>
                <cc:copy id="Copy" output="variable" output-variable="get.tax.doc.vTaxDocument"/>
            </cc:steps>
        </cc:async-mediation>
        <cc:local-out id="PutSOAPMessage" endpoint="vm://wcc/PutIntegrationMessage"><cc:set name="is.message.severity" value="'ERROR'"/><cc:set name="is.message.summary" value="'An error occurred calling the Taxable Document via SOAP. Please check the message for more details.'"/><cc:set name="is.message.detail" value="context.errorMessage"/></cc:local-out>
	</cc:assembly>

</beans>