<?xml version="1.0" encoding="ASCII"?>
<edst:Settings xmlns:edst="http://dublin.workday.com/studio/settings/editor">
  <editor uri="/INT5325-TBA-Payroll-Deductions-Inbound/ws/WSAR-INF/INT5325TextToXML.xsd">
    <property name="transformation.text.to.xml" value="true"/>
  </editor>
  <editor uri="/INT6005-DC-Soft-Suspension-Feedback-File-Inbound/ws/WSAR-INF/INT5325TextToXML.xsd">
    <property name="transformation.text.to.xml" value="true"/>
  </editor>
  <editor uri="/INT6005-DC-Soft-Suspension-Feedback-File-Inbound/ws/WSAR-INF/INT6005_TextSchema.xsd">
    <property name="transformation.text.to.xml" value="true"/>
  </editor>
  <editor uri="/INT6005-DC-Soft-Suspension-Feedback-File-Inbound/ws/WSAR-INF/INT6005_TextSchema_v1.xsd">
    <property name="transformation.text.to.xml" value="true"/>
  </editor>
</edst:Settings>
