<?xml version="1.0" encoding="UTF-8"?>
<wdnm:Diagram xmlns:wdnm="http://workday.com/studio/editors/notation">
  <element href="assembly.xml#WorkdayAssembly"/>
  <visualProperties x="-17" y="138">
    <element href="assembly.xml#StartHere"/>
  </visualProperties>
  <visualProperties x="120" y="79">
    <element href="assembly.xml#IntializeIntParameters"/>
  </visualProperties>
  <visualProperties x="-15" y="752">
    <element href="assembly.xml#GetINT8008WorkerReport"/>
  </visualProperties>
  <visualProperties x="916" y="65">
    <element href="assembly.xml#CallGetINT8008Report"/>
  </visualProperties>
  <visualProperties x="239" y="752">
    <element href="assembly.xml#GetINT8008Report"/>
  </visualProperties>
  <visualProperties x="954" y="12">
    <element href="assembly.xml#CallProcessACHRecords"/>
  </visualProperties>
  <visualProperties x="-17" y="1056">
    <element href="assembly.xml#ProcessACHRecords"/>
  </visualProperties>
  <visualProperties x="245" y="1279">
    <element href="assembly.xml#WriteACHFileHeader"/>
  </visualProperties>
  <visualProperties x="506" y="717">
    <element href="assembly.xml#ProcessReport"/>
  </visualProperties>
  <visualProperties x="498" y="1271">
    <element href="assembly.xml#CallAggregatorHdr"/>
  </visualProperties>
  <visualProperties x="-29" y="2342">
    <element href="assembly.xml#AggregateACHFile"/>
  </visualProperties>
  <visualProperties x="154" y="2304">
    <element href="assembly.xml#AggregatorACH"/>
  </visualProperties>
  <visualProperties x="297" y="2298">
    <element href="assembly.xml#StoreACHFile"/>
  </visualProperties>
  <visualProperties x="444" y="2338">
    <element href="assembly.xml#SendACHFile"/>
  </visualProperties>
  <visualProperties x="447" y="2378">
    <element href="assembly.xml#MsgStoreACHFile"/>
  </visualProperties>
  <visualProperties x="1176" y="12">
    <element href="assembly.xml#CallCloseAggregator"/>
  </visualProperties>
  <visualProperties x="1405" y="95">
    <element href="assembly.xml#IntegrationSummary"/>
  </visualProperties>
  <visualProperties x="1771" y="117">
    <element href="assembly.xml#IntegrationComplete"/>
  </visualProperties>
  <visualProperties x="490" y="1050">
    <element href="assembly.xml#CallProcessACHBatches"/>
  </visualProperties>
  <visualProperties x="-2" y="1629">
    <element href="assembly.xml#ProcessACHBatches"/>
  </visualProperties>
  <visualProperties x="206" y="1585">
    <element href="assembly.xml#IntializeDetails"/>
  </visualProperties>
  <visualProperties x="981" y="1634">
    <element href="assembly.xml#SplitByReportEntry"/>
  </visualProperties>
  <visualProperties x="973" y="2053">
    <element href="assembly.xml#BuildDetailRecord"/>
  </visualProperties>
  <visualProperties x="1585" y="2069">
    <element href="assembly.xml#CallAggregateDetail"/>
  </visualProperties>
  <visualProperties x="30" y="2575">
    <element href="assembly.xml#//@beans/@mixed.1/@mixed.49"/>
  </visualProperties>
  <visualProperties x="229" y="2575">
    <element href="assembly.xml#ReportUnexpectedError"/>
  </visualProperties>
  <visualProperties x="458" y="2575">
    <element href="assembly.xml#PutIntegrationEventGlobal"/>
  </visualProperties>
  <visualProperties x="1285" y="1348">
    <element href="assembly.xml#MsgWriteACHFileFooter"/>
  </visualProperties>
  <visualProperties x="1030" y="1271">
    <element href="assembly.xml#WriteACHFileFooter"/>
  </visualProperties>
  <visualProperties x="1285" y="1303">
    <element href="assembly.xml#CallAggregatorFooter"/>
  </visualProperties>
  <visualProperties x="198" y="1740">
    <element href="assembly.xml#MsgIntializeDetails"/>
  </visualProperties>
  <visualProperties x="1162" y="2193">
    <element href="assembly.xml#MsgBuildDetailRecord"/>
  </visualProperties>
  <visualProperties x="444" y="1367">
    <element href="assembly.xml#PutIntegrationMessage"/>
  </visualProperties>
  <visualProperties x="684" y="898">
    <element href="assembly.xml#MsgProcessReport"/>
  </visualProperties>
  <visualProperties x="200" y="216">
    <element href="assembly.xml#MsgIntializeIntParameters"/>
  </visualProperties>
  <visualProperties x="-5" y="1323">
    <element href="assembly.xml#SubWriteACHFileHeader"/>
  </visualProperties>
  <visualProperties x="228" y="1050">
    <element href="assembly.xml#CallSubWriteFileHeader"/>
  </visualProperties>
  <visualProperties x="439" y="1556">
    <element href="assembly.xml#SplitByCompanyEntry"/>
  </visualProperties>
  <visualProperties x="619" y="1623">
    <element href="assembly.xml#WriteBatchHeader-Footer"/>
  </visualProperties>
  <visualProperties x="556" y="1995">
    <element href="assembly.xml#CallAggregateBatchHdr"/>
  </visualProperties>
  <visualProperties x="597" y="1868">
    <element href="assembly.xml#MsgWriteBatchHeader-Footer"/>
  </visualProperties>
  <visualProperties x="381" y="1740">
    <element href="assembly.xml#CallAggregateBatchFooter"/>
  </visualProperties>
  <visualProperties x="237" y="2069">
    <element href="assembly.xml#WriteBatchHeader"/>
  </visualProperties>
  <visualProperties x="748" y="2069">
    <element href="assembly.xml#WriteOriginalMsgBack"/>
  </visualProperties>
  <visualProperties x="618" y="2342">
    <element href="assembly.xml#MsgNoACHFIle"/>
  </visualProperties>
  <visualProperties x="1589" y="117">
    <element href="assembly.xml#NothingToProcess"/>
  </visualProperties>
  <visualProperties x="5" y="2108">
    <element href="assembly.xml#ProcessDetailRecords"/>
  </visualProperties>
  <visualProperties x="1202" y="1692">
    <element href="assembly.xml#CallProcessDetailRecords"/>
  </visualProperties>
  <visualProperties x="760" y="1279">
    <element href="assembly.xml#SubWriteACHFileFooter"/>
  </visualProperties>
  <visualProperties x="760" y="1050">
    <element href="assembly.xml#CallSubWriteACHFileFooter"/>
  </visualProperties>
  <visualProperties x="792" y="2378">
    <element href="assembly.xml#AggregateExceptionLog"/>
  </visualProperties>
  <visualProperties x="1004" y="2338">
    <element href="assembly.xml#AggregatorLog"/>
  </visualProperties>
  <visualProperties x="1190" y="2350">
    <element href="assembly.xml#ConvertToExcel"/>
  </visualProperties>
  <visualProperties x="1424" y="2378">
    <element href="assembly.xml#PutIntegrationMessage0"/>
  </visualProperties>
  <visualProperties x="1195" y="95">
    <element href="assembly.xml#CallCloseAggregatorLog"/>
  </visualProperties>
  <visualProperties x="1641" y="2378">
    <element href="assembly.xml#PutIntegrationMessage1"/>
  </visualProperties>
  <visualProperties x="1386" y="216">
    <element href="assembly.xml#CallUpdateBatchSequence"/>
  </visualProperties>
  <visualProperties x="883" y="826">
    <element href="assembly.xml#UpdateBatchSequence"/>
  </visualProperties>
  <visualProperties x="1110" y="781">
    <element href="assembly.xml#GenSoapCall"/>
  </visualProperties>
  <visualProperties x="1257" y="809">
    <element href="assembly.xml#PutSequenceBatchID"/>
  </visualProperties>
  <visualProperties x="1083" y="934">
    <element href="assembly.xml#MsgGenSoapCall"/>
  </visualProperties>
  <visualProperties x="482" y="6">
    <element href="assembly.xml#Chk-Ad-Sch"/>
  </visualProperties>
  <visualProperties x="666" y="229">
    <element href="assembly.xml#Call_Schedule_Run"/>
  </visualProperties>
  <visualProperties x="662" y="95">
    <element href="assembly.xml#Call_Adhoc_Run"/>
  </visualProperties>
  <visualProperties x="10" y="420">
    <element href="assembly.xml#Adhoc_Run"/>
  </visualProperties>
  <visualProperties x="187" y="385">
    <element href="assembly.xml#AsyncMediation"/>
  </visualProperties>
  <visualProperties x="946" y="131">
    <element href="assembly.xml#Process-Report"/>
  </visualProperties>
  <visualProperties x="439" y="413">
    <element href="assembly.xml#Call-Process-Report"/>
  </visualProperties>
  <visualProperties x="714" y="420">
    <element href="assembly.xml#Schedule_Run"/>
  </visualProperties>
  <visualProperties x="899" y="385">
    <element href="assembly.xml#AsyncMediation0"/>
  </visualProperties>
  <visualProperties x="1129" y="367">
    <element href="assembly.xml#PayPeriodsReport"/>
  </visualProperties>
  <visualProperties x="1306" y="380">
    <element href="assembly.xml#Splitter"/>
  </visualProperties>
  <visualProperties x="1472" y="413">
    <element href="assembly.xml#AsyncMediation1"/>
  </visualProperties>
  <visualProperties x="1679" y="488">
    <element href="assembly.xml#PutTransformError"/>
  </visualProperties>
  <visualProperties x="857" y="189">
    <element href="assembly.xml#Asyc-Process"/>
  </visualProperties>
  <visualProperties x="1110" y="203">
    <element href="assembly.xml#Call-Process-Report-2"/>
  </visualProperties>
  <visualProperties x="442" y="486">
    <element href="assembly.xml#PutIntegrationMessage2"/>
  </visualProperties>
  <visualProperties x="957" y="532">
    <element href="assembly.xml#PutIntegrationMessage3"/>
  </visualProperties>
  <visualProperties x="1679" y="6">
    <element href="assembly.xml#AsyncMediation2"/>
  </visualProperties>
  <visualProperties x="864" y="1895">
    <element href="assembly.xml#AsyncMediation3"/>
  </visualProperties>
  <visualProperties x="1065" y="1916">
    <element href="assembly.xml#AsyncMediation4"/>
  </visualProperties>
  <visualProperties x="157" y="817">
    <element href="assembly.xml#StoreACHFile0"/>
  </visualProperties>
  <visualProperties x="455" y="914">
    <element href="assembly.xml#MsgStoreACHFile0"/>
  </visualProperties>
  <visualProperties x="455" y="851">
    <element href="assembly.xml#SendACHFile1"/>
  </visualProperties>
  <decorations x="-25" y="2" width="1617" height="324" text="Main Processing"/>
  <decorations x="-25" y="717" width="881" height="234" bgColor="65280" text="Retrieve Workday Report of Workers with HSA or HSAER deductions."/>
  <decorations x="-25" y="961" width="881" height="237" bgColor="16776960" text="Process the Report and Generate the ACH file for Northern Trust Company"/>
  <decorations x="-26" y="1461" width="1918" height="515" bgColor="16711935" text="Evaluate Company batches and Employees to process and write Footer Record if detail records exsist"/>
  <decorations x="-25" y="2244" width="806" height="234" bgColor="15000804" text="Aggregate the ACH File and Store the file in Workday once complete"/>
  <decorations x="-25" y="2489" width="742" height="141" bgColor="255" text="Global Error Handler "/>
  <decorations x="-25" y="1988" width="1807" height="242" text="Write Batch Header prior to first Detail Record,  write detail records"/>
  <decorations x="-26" y="1212" width="689" height="243" bgColor="65280" text="Write ACH File Header"/>
  <decorations x="671" y="1212" width="671" height="243" bgColor="33023" text="Write ACH File Footer"/>
  <decorations x="875" y="725" width="589" height="276" text="Update Batch ID Sequence Generator"/>
  <decorations x="792" y="2244" width="1115" height="234" bgColor="8421440" text="Aggregate Exception Log"/>
  <decorations x="-17" y="351" width="653" height="187" type="NOTE" text="Text"/>
  <decorations x="684" y="348" width="1163" height="221" type="NOTE" text="Text"/>
  <connections type="routesTo">
    <source href="assembly.xml#StartHere"/>
    <target href="assembly.xml#IntializeIntParameters"/>
  </connections>
  <connections type="routesTo">
    <source href="assembly.xml#GetINT8008WorkerReport"/>
    <target href="assembly.xml#GetINT8008Report"/>
  </connections>
  <connections type="routesResponseTo">
    <source href="assembly.xml#CallGetINT8008Report"/>
    <target href="assembly.xml#CallProcessACHRecords"/>
  </connections>
  <connections type="routesResponseTo" targetAnchorX="0.6956521739130435" targetAnchorY="0.2755905511811024">
    <source href="assembly.xml#GetINT8008Report"/>
    <target href="assembly.xml#StoreACHFile0"/>
  </connections>
  <connections type="routesTo">
    <source href="assembly.xml#AggregateACHFile"/>
    <target href="assembly.xml#AggregatorACH"/>
  </connections>
  <connections type="routesTo">
    <source href="assembly.xml#StoreACHFile"/>
    <target href="assembly.xml#SendACHFile"/>
  </connections>
  <connections type="routesTo">
    <source href="assembly.xml#AggregatorACH"/>
    <target href="assembly.xml#StoreACHFile"/>
  </connections>
  <connections type="routesTo">
    <source href="assembly.xml#//@beans/@mixed.1/@mixed.25/@mixed.3"/>
    <target href="assembly.xml#MsgStoreACHFile"/>
  </connections>
  <connections type="routesResponseTo">
    <source href="assembly.xml#CallProcessACHRecords"/>
    <target href="assembly.xml#CallCloseAggregator"/>
  </connections>
  <connections type="routesTo">
    <source href="assembly.xml#ProcessACHBatches"/>
    <target href="assembly.xml#IntializeDetails"/>
  </connections>
  <connections type="routesTo">
    <source href="assembly.xml#BuildDetailRecord"/>
    <target href="assembly.xml#CallAggregateDetail"/>
  </connections>
  <connections type="routesTo">
    <source href="assembly.xml#//@beans/@mixed.1/@mixed.49"/>
    <target href="assembly.xml#ReportUnexpectedError"/>
  </connections>
  <connections type="routesResponseTo">
    <source href="assembly.xml#ReportUnexpectedError"/>
    <target href="assembly.xml#PutIntegrationEventGlobal"/>
  </connections>
  <connections type="routesTo">
    <source href="assembly.xml#//@beans/@mixed.1/@mixed.57/@mixed.3"/>
    <target href="assembly.xml#MsgWriteACHFileFooter"/>
  </connections>
  <connections type="routesTo">
    <source href="assembly.xml#WriteACHFileFooter"/>
    <target href="assembly.xml#CallAggregatorFooter"/>
  </connections>
  <connections type="routesTo">
    <source href="assembly.xml#//@beans/@mixed.1/@mixed.41/@mixed.3"/>
    <target href="assembly.xml#MsgIntializeDetails"/>
  </connections>
  <connections type="routesTo">
    <source href="assembly.xml#//@beans/@mixed.1/@mixed.45/@mixed.3"/>
    <target href="assembly.xml#MsgBuildDetailRecord"/>
  </connections>
  <connections type="routesTo">
    <source href="assembly.xml#//@beans/@mixed.1/@mixed.15/@mixed.3"/>
    <target href="assembly.xml#PutIntegrationMessage"/>
  </connections>
  <connections type="routesTo">
    <source href="assembly.xml#//@beans/@mixed.1/@mixed.17/@mixed.3"/>
    <target href="assembly.xml#MsgProcessReport"/>
  </connections>
  <connections type="routesTo">
    <source href="assembly.xml#//@beans/@mixed.1/@mixed.3/@mixed.3"/>
    <target href="assembly.xml#MsgIntializeIntParameters"/>
  </connections>
  <connections type="routesTo">
    <source href="assembly.xml#ProcessACHRecords"/>
    <target href="assembly.xml#CallSubWriteFileHeader"/>
  </connections>
  <connections type="routesResponseTo" targetAnchorX="0.013513513513513514" targetAnchorY="0.43243243243243246">
    <source href="assembly.xml#CallSubWriteFileHeader"/>
    <target href="assembly.xml#CallProcessACHBatches"/>
  </connections>
  <connections type="routesTo">
    <source href="assembly.xml#SubWriteACHFileHeader"/>
    <target href="assembly.xml#WriteACHFileHeader"/>
  </connections>
  <connections type="routesTo">
    <source href="assembly.xml#IntializeDetails"/>
    <target href="assembly.xml#SplitByCompanyEntry"/>
  </connections>
  <connections type="routesTo">
    <source href="assembly.xml#//@beans/@mixed.1/@splitter.1/@subRoute.0"/>
    <target href="assembly.xml#WriteBatchHeader-Footer"/>
  </connections>
  <connections type="routesTo" sourceAnchorX="1.0" sourceAnchorY="0.208" targetAnchorX="0.025157232704402517" targetAnchorY="0.4594594594594595">
    <source href="assembly.xml#WriteACHFileHeader"/>
    <target href="assembly.xml#CallAggregatorHdr"/>
  </connections>
  <connections type="routesTo">
    <source href="assembly.xml#//@beans/@mixed.1/@mixed.77/@mixed.5"/>
    <target href="assembly.xml#MsgWriteBatchHeader-Footer"/>
  </connections>
  <connections type="routesResponseTo">
    <source href="assembly.xml#WriteBatchHeader-Footer"/>
    <target href="assembly.xml#CallAggregateBatchFooter"/>
  </connections>
  <connections type="routesResponseTo">
    <source href="assembly.xml#SendACHFile"/>
    <target href="assembly.xml#MsgNoACHFIle"/>
  </connections>
  <connections type="routesResponseTo">
    <source href="assembly.xml#IntegrationSummary"/>
    <target href="assembly.xml#NothingToProcess"/>
  </connections>
  <connections type="routesTo">
    <source href="assembly.xml#ProcessDetailRecords"/>
    <target href="assembly.xml#WriteBatchHeader"/>
  </connections>
  <connections type="routesTo">
    <source href="assembly.xml#WriteBatchHeader-Footer"/>
    <target href="assembly.xml#SplitByReportEntry"/>
  </connections>
  <connections type="routesTo">
    <source href="assembly.xml#WriteBatchHeader"/>
    <target href="assembly.xml#CallAggregateBatchHdr"/>
  </connections>
  <connections type="routesResponseTo">
    <source href="assembly.xml#CallAggregateBatchHdr"/>
    <target href="assembly.xml#WriteOriginalMsgBack"/>
  </connections>
  <connections type="routesTo">
    <source href="assembly.xml#SubWriteACHFileFooter"/>
    <target href="assembly.xml#WriteACHFileFooter"/>
  </connections>
  <connections type="routesResponseTo">
    <source href="assembly.xml#CallProcessACHBatches"/>
    <target href="assembly.xml#CallSubWriteACHFileFooter"/>
  </connections>
  <connections type="routesTo" targetAnchorX="0.0196078431372549" targetAnchorY="0.5471698113207547">
    <source href="assembly.xml#AggregateExceptionLog"/>
    <target href="assembly.xml#AggregatorLog"/>
  </connections>
  <connections type="routesTo">
    <source href="assembly.xml#AggregatorLog"/>
    <target href="assembly.xml#ConvertToExcel"/>
  </connections>
  <connections type="routesTo">
    <source href="assembly.xml#ConvertToExcel"/>
    <target href="assembly.xml#PutIntegrationMessage0"/>
  </connections>
  <connections type="routesResponseTo">
    <source href="assembly.xml#PutIntegrationMessage0"/>
    <target href="assembly.xml#PutIntegrationMessage1"/>
  </connections>
  <connections type="routesTo">
    <source href="assembly.xml#UpdateBatchSequence"/>
    <target href="assembly.xml#GenSoapCall"/>
  </connections>
  <connections type="routesTo">
    <source href="assembly.xml#GenSoapCall"/>
    <target href="assembly.xml#PutSequenceBatchID"/>
  </connections>
  <connections type="routesResponseTo" sourceAnchorX="0.48058252427184467" sourceAnchorY="0.10810810810810811" targetAnchorX="0.4880952380952381" targetAnchorY="0.8108108108108109">
    <source href="assembly.xml#CallUpdateBatchSequence"/>
    <target href="assembly.xml#IntegrationSummary"/>
  </connections>
  <connections type="routesTo">
    <source href="assembly.xml#//@beans/@mixed.1/@mixed.117/@mixed.3"/>
    <target href="assembly.xml#MsgGenSoapCall"/>
  </connections>
  <connections type="routesTo">
    <source href="assembly.xml#//@beans/@mixed.1/@splitter.0/@subRoute.0"/>
    <target href="assembly.xml#CallProcessDetailRecords"/>
  </connections>
  <connections type="routesResponseTo" sourceAnchorX="0.872093023255814" sourceAnchorY="1.0" targetAnchorX="0.13471502590673576" targetAnchorY="0.5675675675675675">
    <source href="assembly.xml#CallCloseAggregator"/>
    <target href="assembly.xml#CallCloseAggregatorLog"/>
  </connections>
  <connections type="routesResponseTo">
    <source href="assembly.xml#CallCloseAggregatorLog"/>
    <target href="assembly.xml#IntegrationSummary"/>
  </connections>
  <connections type="routesTo">
    <source href="assembly.xml#IntializeIntParameters"/>
    <target href="assembly.xml#Chk-Ad-Sch"/>
  </connections>
  <connections type="routesTo" sourceAnchorX="0.6" sourceAnchorY="1.0" targetAnchorX="0.1488095238095238" targetAnchorY="0.2702702702702703">
    <source href="assembly.xml#//@beans/@mixed.1/@route.0/@subRoute.1"/>
    <target href="assembly.xml#Call_Schedule_Run"/>
  </connections>
  <connections type="routesTo" sourceAnchorX="0.456" sourceAnchorY="1.0" targetAnchorX="0.12" targetAnchorY="0.2702702702702703">
    <source href="assembly.xml#//@beans/@mixed.1/@route.0/@subRoute.0"/>
    <target href="assembly.xml#Call_Adhoc_Run"/>
  </connections>
  <connections type="routesTo" sourceAnchorX="1.0" sourceAnchorY="0.6216216216216216" targetAnchorX="0.25984251968503935" targetAnchorY="0.6063829787234043">
    <source href="assembly.xml#Adhoc_Run"/>
    <target href="assembly.xml#AsyncMediation"/>
  </connections>
  <connections type="routesTo" sourceAnchorX="0.2986111111111111" sourceAnchorY="1.0" targetAnchorX="0.45604395604395603" targetAnchorY="0.8108108108108109">
    <source href="assembly.xml#Process-Report"/>
    <target href="assembly.xml#CallGetINT8008Report"/>
  </connections>
  <connections type="routesTo" sourceAnchorX="1.0" sourceAnchorY="0.24468085106382978" targetAnchorX="0.11805555555555555" targetAnchorY="0.40540540540540543">
    <source href="assembly.xml#AsyncMediation"/>
    <target href="assembly.xml#Call-Process-Report"/>
  </connections>
  <connections type="routesTo" sourceAnchorX="1.0" sourceAnchorY="0.5675675675675675" targetAnchorX="0.06716417910447761" targetAnchorY="0.5531914893617021">
    <source href="assembly.xml#Schedule_Run"/>
    <target href="assembly.xml#AsyncMediation0"/>
  </connections>
  <connections type="routesTo" sourceAnchorX="1.0" sourceAnchorY="0.2127659574468085" targetAnchorX="0.07643312101910828" targetAnchorY="0.0">
    <source href="assembly.xml#AsyncMediation0"/>
    <target href="assembly.xml#PayPeriodsReport"/>
  </connections>
  <connections type="routesResponseTo" sourceAnchorX="0.7707006369426752" sourceAnchorY="1.0" targetAnchorX="0.2336448598130841" targetAnchorY="0.44805194805194803">
    <source href="assembly.xml#PayPeriodsReport"/>
    <target href="assembly.xml#Splitter"/>
  </connections>
  <connections type="routesTo" sourceAnchorX="0.0" sourceAnchorY="0.17647058823529413" targetAnchorX="0.11194029850746269" targetAnchorY="0.41304347826086957">
    <source href="assembly.xml#//@beans/@mixed.1/@splitter.2/@subRoute.0"/>
    <target href="assembly.xml#AsyncMediation1"/>
  </connections>
  <connections type="routesTo" sourceAnchorX="0.6535433070866141" sourceAnchorY="1.0" targetAnchorX="0.4339622641509434" targetAnchorY="0.2702702702702703">
    <source href="assembly.xml#//@beans/@mixed.1/@mixed.145/@mixed.3"/>
    <target href="assembly.xml#PutTransformError"/>
  </connections>
  <connections type="routesResponseTo" sourceAnchorX="0.75" sourceAnchorY="1.0" targetAnchorX="0.20149253731343283" targetAnchorY="0.5869565217391305">
    <source href="assembly.xml#Call_Schedule_Run"/>
    <target href="assembly.xml#Asyc-Process"/>
  </connections>
  <connections type="routesTo" sourceAnchorX="1.0" sourceAnchorY="0.2872340425531915" targetAnchorX="0.19889502762430938" targetAnchorY="0.43243243243243246">
    <source href="assembly.xml#Asyc-Process"/>
    <target href="assembly.xml#Call-Process-Report-2"/>
  </connections>
  <connections type="routesTo" sourceAnchorX="0.9263157894736842" sourceAnchorY="1.0" targetAnchorX="0.05759162303664921" targetAnchorY="0.5675675675675675">
    <source href="assembly.xml#//@beans/@mixed.1/@mixed.131/@mixed.3"/>
    <target href="assembly.xml#PutIntegrationMessage2"/>
  </connections>
  <connections type="routesTo" sourceAnchorX="0.41578947368421054" sourceAnchorY="1.0" targetAnchorX="0.3403141361256545" targetAnchorY="0.1891891891891892">
    <source href="assembly.xml#//@beans/@mixed.1/@mixed.139/@mixed.3"/>
    <target href="assembly.xml#PutIntegrationMessage3"/>
  </connections>
  <connections type="routesResponseTo" sourceAnchorX="0.4716981132075472" sourceAnchorY="1.0" targetAnchorX="0.1044776119402985" targetAnchorY="0.6382978723404256">
    <source href="assembly.xml#NothingToProcess"/>
    <target href="assembly.xml#AsyncMediation2"/>
  </connections>
  <connections type="routesTo">
    <source href="assembly.xml#AsyncMediation2"/>
    <target href="assembly.xml#IntegrationComplete"/>
  </connections>
  <connections type="routesTo">
    <source href="assembly.xml#WriteOriginalMsgBack"/>
    <target href="assembly.xml#AsyncMediation3"/>
  </connections>
  <connections type="routesTo" sourceAnchorX="0.0" sourceAnchorY="0.232" targetAnchorX="0.05385996409335727" targetAnchorY="0.04">
    <source href="assembly.xml#AsyncMediation3"/>
    <target href="assembly.xml#BuildDetailRecord"/>
  </connections>
  <connections type="routesTo">
    <source href="assembly.xml#//@beans/@mixed.1/@mixed.159/@mixed.3"/>
    <target href="assembly.xml#AsyncMediation4"/>
  </connections>
  <connections type="routesTo" sourceAnchorX="0.8473282442748091" sourceAnchorY="1.0" targetAnchorX="0.1" targetAnchorY="0.5405405405405406">
    <source href="assembly.xml#//@beans/@mixed.1/@mixed.163/@mixed.3"/>
    <target href="assembly.xml#MsgStoreACHFile0"/>
  </connections>
  <connections type="routesTo" sourceAnchorX="1.0" sourceAnchorY="0.36" targetAnchorX="0.3188405797101449" targetAnchorY="0.2972972972972973">
    <source href="assembly.xml#StoreACHFile0"/>
    <target href="assembly.xml#SendACHFile1"/>
  </connections>
</wdnm:Diagram>
