<?xml version="1.0" encoding="UTF-8"?>
<beans
     xmlns="http://www.springframework.org/schema/beans"
     xmlns:beans="http://www.springframework.org/schema/beans"
     xmlns:atom="http://www.w3.org/2005/Atom"
     xmlns:cc="http://www.capeclear.com/assembly/10"
     xmlns:cloud="urn:com.workday/esb/cloud/10.0"
     xmlns:env="http://schemas.xmlsoap.org/soap/envelope/"
     xmlns:pi="urn:com.workday/picof"
     xmlns:wd="urn:com.workday/bsvc"
     xmlns:xsi="http://www.w3.org/2001/XMLSchema-instance">
 
	<cc:assembly id="WorkdayAssembly" version="2022.37">
        <cc:workday-in id="INT5366" routes-to="Call-Init">
            <cc:integration-system name="INT5366 Fidelity DB Feedback File Inbound">
        <cloud:param name="Studio Debug WID">
          <cloud:type>
            <cloud:simple-type>text</cloud:simple-type>
          </cloud:type>
        </cloud:param>
        <cloud:param name="Debug Mode (Non-Production)">
          <cloud:type>
            <cloud:simple-type>boolean</cloud:simple-type>
          </cloud:type>
        </cloud:param>
        <cloud:param name="As of Entry DateTime">
          <cloud:type>
            <cloud:simple-type>datetime</cloud:simple-type>
          </cloud:type>
          <cloud:default>
            <cloud:class-report-field description="Current Moment (DateTime)" type="WID">df4effe76deb4222a79001d6737cf91c</cloud:class-report-field>
          </cloud:default>
          <cloud:launch-option>required</cloud:launch-option>
        </cloud:param>
        <cloud:param name="Validation Mode">
          <cloud:type>
            <cloud:simple-type>boolean</cloud:simple-type>
          </cloud:type>
        </cloud:param>
        <cloud:param name="Payment Date Override">
          <cloud:type>
            <cloud:simple-type>date</cloud:simple-type>
          </cloud:type>
        </cloud:param>
        <cloud:attribute-map-service name="INT5366-AttrMaps">
          <cloud:attribute name="Offcycle Earning">
            <cloud:type>
              <cloud:class-report-field description="Earning" type="WID" singular="true">c5453cef909149b5a409b1c9e41520a5</cloud:class-report-field>
            </cloud:type>
          </cloud:attribute>
          <cloud:map name="Deduction">
            <cloud:internal-type>
              <cloud:class-report-field description="Deduction" type="WID">2868a5d7a8b14b88aa103f7ffa642f0b</cloud:class-report-field>
            </cloud:internal-type>
            <cloud:external-type>
              <cloud:simple-type>text</cloud:simple-type>
            </cloud:external-type>
          </cloud:map>
          <cloud:map name="Benefit Plan">
            <cloud:internal-type>
              <cloud:class-report-field description="Benefit Plan" type="WID">9d400ad122b045e5ac9dc37982d1e1bf</cloud:class-report-field>
            </cloud:internal-type>
            <cloud:external-type>
              <cloud:simple-type>text</cloud:simple-type>
            </cloud:external-type>
          </cloud:map>
          <cloud:map name="Offcycle Action Reason">
            <cloud:internal-type>
              <cloud:simple-type>text</cloud:simple-type>
            </cloud:internal-type>
            <cloud:external-type>
              <cloud:simple-type>text</cloud:simple-type>
            </cloud:external-type>
          </cloud:map>
        </cloud:attribute-map-service>
        <cloud:service-reference name="INT5366-FOS"/>
      </cc:integration-system>
        </cc:workday-in>
        <cc:local-out id="Call-Init" store-message="none" routes-response-to="Call-GetWorkersData" endpoint="vm://INT5366-Fidelity-DB-Feedback-File-Inbound/Init"/>
        <cc:local-out id="Call-GetExistingInputs" store-message="none" routes-response-to="Call-ProcessPayroll_Input" endpoint="vm://INT5366-Fidelity-DB-Feedback-File-Inbound/GetExistingInputs"/>
        <cc:local-out id="GetIntegrationSystems" routes-response-to="AttrMapData" endpoint="vm://wcc/GetIntegrationSystems"><cc:set name="is.system.wid" value="lp.getIntegrationSystemRefWID()"/></cc:local-out>
        <cc:async-mediation id="AttrMapData" routes-to="Route">
            <cc:steps>
                <cc:xslt-plus id="AttrMaps" output="variable" output-variable="v.Attr.Map.Data.XML" url="AttrMaps.xsl"/>
                <cc:store id="Store" output="variable" output-variable="vStore" input="variable" input-variable="v.Attr.Map.Data.XML" expiresIn="P180D" title="AttrMaps.xml"/>
            </cc:steps>
            <cc:send-error id="SendError" rethrow-error="true" routes-to="PIMInit"/>
        </cc:async-mediation>
        <cc:local-in id="Init" routes-to="init.Handler"/>
        <cc:sync-mediation id="init.Handler" routes-to="GetIntegrationSystems" handle-downstream-errors="true">
            <cc:request-steps>
                <cc:eval id="Eval">
                    <cc:expression>props['lp.validation.mode'] = (boolean)lp.getSimpleData(&quot;Validation Mode&quot;)</cc:expression>
                    <cc:expression>props['lp.effective.date'] = lp.getSimpleData('As of Entry DateTime')</cc:expression>
                    <cc:expression>props['lp.integrationSystemRefWID'] = lp.getIntegrationSystemRefWID()</cc:expression>
                    <cc:expression>props['batch.id'] = 'INT5366_'</cc:expression>
                    <cc:expression>props['new.batch.id'] = props['batch.id'] # lp.getSimpleData('As of Entry DateTime')</cc:expression>
                    <cc:expression>props['lp.payment.date.override'] = lp.getSimpleData('Payment Date Override')</cc:expression>
                </cc:eval>
                <cc:cloud-log id="CloudLog0" level="info" message="Initialization Started" message-details="Initialization Started" variable-name="vAuditLog"/>
            </cc:request-steps>
            <cc:response-steps>
                <cc:cloud-log id="CloudLog" level="info" message="Initialization complete" message-details="Initialization steps done" variable-name="vAuditLog"/>
            </cc:response-steps>
            <cc:send-error id="SendError" rethrow-error="true" routes-to="PIMInit"/>
        </cc:sync-mediation>
        <cc:send-error id="global-error-handler" rethrow-error="false" routes-to="Store.log.final"/>
        <cc:local-out id="Note-Error" endpoint="vm://wcc/PutIntegrationMessage">
            <cc:set name="is.message.severity" value="'CRITICAL'"/>
            <cc:set name="is.message.summary" value="context.errorMessage # ' {THROWN AT}: ' # context.errorComponentId"/>
        </cc:local-out>
        <cc:local-in id="GetExistingInputs" routes-to="ExistingInputs.handler"/>
        <cc:local-out id="GetEventDocuments" routes-response-to="CheckForFile" endpoint="vm://wcc/GetEventDocuments"><cc:set name="ie.event.wid" value="lp.getSimpleData('Studio Debug WID')==null ? (lp.isSet() ? lp.getIntegrationEventWID() : null) : lp.getSimpleData('Studio Debug WID')"/></cc:local-out>
        <cc:route id="Route">
            <cc:mvel-strategy>
                <cc:choose-route expression="lp.getSimpleData('Debug Mode (Non-Production)')==false" route="Main"/>
                <cc:choose-route expression="true" route="Debug"/>
            </cc:mvel-strategy>
            <cc:sub-route name="Main" routes-to="GetEventDocuments"/>
            <cc:sub-route name="Debug" routes-to="DebugData"/>
        </cc:route>
        <cc:async-mediation id="DebugData" routes-to="InputToMsg">
            <cc:steps>
                <cc:write id="TEST" output="variable" output-mimetype="text/plain" output-variable="v.Input.Text.File">
                    <cc:message>
                        <cc:static-file input-file="Test_INT5366_Fidelity_DBFeedback_101123141512.csv"/>
                    </cc:message>
                </cc:write>
            </cc:steps>
        </cc:async-mediation>
        <cc:route id="FileRoute">
            <cc:doc-iterator labels="INT5366-INPUT-FILE" variable-name="v.Input.Text.File"/>
            <cc:sub-route name="SubRoute" routes-to="InputToMsg"/>
        </cc:route>
        <cc:async-mediation id="InputToMsg" routes-to="CheckForHeaderRec">
            <cc:steps>
                <cc:csv-to-xml id="CsvToXml" output="variable" output-variable="v.All.Input.Data.XML" input="variable" input-variable="v.Input.Text.File" colNames="emplid,soc,type,effDt,percent,amt,goalAmt" format="rfc4180" rootName="root" rowName="row" separator=","/>
                <cc:store id="Store" output="variable" output-variable="vStore" input="variable" input-variable="v.All.Input.Data.XML" expiresIn="P180D" title="InputFile.xml"/>
                <cc:copy id="Copy" input="variable" input-variable="v.All.Input.Data.XML"/>
                <cc:eval id="Eval">
                    <cc:expression>props['p.RecCount'] = 0; props['p.RecCount'] = parts[0].xpath(&quot;count(root/row/emplid)&quot;)</cc:expression>
                    <cc:expression>props['p.Header'] = 0; props['p.Header'] = parts[0].xpath(&quot;count(root/row/soc)&quot;)</cc:expression>
                </cc:eval>
            </cc:steps>
        </cc:async-mediation>
        <cc:local-out id="PIMInit" endpoint="vm://wcc/PutIntegrationMessage"><cc:set name="is.message.severity" value="'ERROR'"/><cc:set name="is.message.summary" value="'Error on the Init step. See message for details.'"/><cc:set name="is.message.detail" value="context.errorMessage # ' {at} ' # context.errorComponentId"/></cc:local-out>
        <cc:local-in id="ProcessPayroll_Input" routes-to="Main.Handler"/>
        <cc:local-out id="PIMExistingInputs" endpoint="vm://wcc/PutIntegrationMessage">
            <cc:set name="is.message.severity" value="'ERROR'"/>
            <cc:set name="is.message.summary" value="'Error on the GetExistingInputs step. See message for details.'"/>
        <cc:set name="is.message.detail" value="context.errorMessage # ' {at} ' # context.errorComponentId"/></cc:local-out>
        <cc:sync-mediation id="ExistingInputs.handler" routes-to="PagedGetSubmitPayrollInputs" handle-downstream-errors="true">
            <cc:request-steps>
                <cc:copy id="Copy" input="variable" input-variable="v.Attr.Map.Data.XML"/>
                <cc:xslt-plus id="GetExistingPIs" url="GetExistingPI.xsl"/>
                <cc:wrap-soap id="WrapSoap"/>
            </cc:request-steps>
            <cc:response-steps>
                <cc:cloud-log id="CloudLog" level="info" message="GetExistingInputs" message-details="GetExistingInputs done" variable-name="vAuditLog"/>
            </cc:response-steps>
            <cc:send-error id="SendError" rethrow-error="true" routes-to="PIMExistingInputs"/>
        </cc:sync-mediation>
        <cc:local-out id="PIMMainProcess" endpoint="vm://wcc/PutIntegrationMessage">
            <cc:set name="is.message.severity" value="'ERROR'"/>
            <cc:set name="is.message.summary" value="'MainProcess error : ' # context.errorMessage # ' {at} ' # context.errorComponentId"/>
        </cc:local-out>
        <cc:sync-mediation id="Main.Handler" routes-to="Stacker.Route" handle-downstream-errors="true">
            <cc:request-steps/>
            <cc:response-steps>
                <cc:cloud-log id="CloudLog" level="info" message="MainProcess" message-details="MainProcess done" variable-name="vAuditLog"/>
            </cc:response-steps>
            <cc:send-error id="SendError" rethrow-error="true" routes-to="PIMMainProcess"/>
        </cc:sync-mediation>
        <cc:local-out id="PagedGetSubmitPayrollInputs" routes-response-to="PrepExistingPIData" endpoint="vm://wcc/PagedGet">
            <cc:set name="is.paged.get.request.current.page.xpath" value="'/env:Envelope/env:Body/*/wd:Response_Filter/wd:Page'"/>
            <cc:set name="is.paged.get.response.current.page.xpath" value="'/env:Envelope/env:Body/*/wd:Response_Results/wd:Page'"/>
            <cc:set name="is.paged.get.response.total.pages.xpath" value="'/env:Envelope/env:Body/*/wd:Response_Results/wd:Total_Pages'"/>
            <cc:set name="is.paged.get.response.total.results.xpath" value="'/env:Envelope/env:Body/*/wd:Response_Results/wd:Total_Results'"/>
            <cc:set name="is.paged.get.aggregate.xpath" value="&quot;/env:Envelope/env:Body/wd:Get_Submit_Payroll_Inputs_Response/wd:Response_Data/wd:Payroll_Input&quot;"/>
            <cc:set name="is.paged.get.aggregate.header" value="&quot;&lt;AllInputs>&quot;"/>
            <cc:set name="is.paged.get.aggregate.footer" value="&quot;&lt;/AllInputs>&quot;"/>
            <cc:set name="is.paged.get.application" value="'Payroll'"/>
            <cc:set name="is.paged.get.page.zero" value="false"/>
            <cc:set name="is.paged.get.store.requests" value="false"/>
            <cc:set name="is.paged.get.parallel" value="true"/>
            <cc:set name="is.paged.get.version" value="'v39.2'"/>
        </cc:local-out>
        <cc:async-mediation id="PrepExistingPIData">
            <cc:steps>
                <cc:xslt-plus id="PrepExistingPIData" output="variable" output-variable="v.ExistingPI.XML" url="PrepExistingPIData.xsl"/>
            </cc:steps>
        </cc:async-mediation>
        <cc:async-mediation id="PrepPeriodSchedules">
            <cc:steps>
                <cc:xslt-plus id="PrepPeriodSchedules" output="variable" output-variable="v.Period.Schedule.Data.XML" url="PrepPeriodSchedules.xsl"/>
            </cc:steps>
        </cc:async-mediation>
        <cc:workday-out-soap id="GetPeriodSchedules" routes-response-to="PrepPeriodSchedules" application="Payroll" version="v39.2"/>
        <cc:local-out id="GetPeriodSchedule_ErrorMessage" endpoint="vm://wcc/PutIntegrationMessage">
            <cc:set name="is.message.severity" value="'ERROR'"/>
            <cc:set name="is.message.summary" value="'Error on the GetPeriodSchedule step. See message for details.'"/>
            <cc:set name="is.message.detail" value="context.errorMessage # ' {at} ' # context.errorComponentId"/>
        </cc:local-out>
        <cc:sync-mediation id="WSCall" routes-to="GetPeriodSchedules" handle-downstream-errors="true">
            <cc:request-steps>
                <cc:write id="Write">
                    <cc:message>
                        <cc:text>&lt;?xml version=&quot;1.0&quot; encoding=&quot;UTF-8&quot;?>&#xD;
&lt;env:Envelope&#xD;
    xmlns:env=&quot;http://schemas.xmlsoap.org/soap/envelope/&quot;&#xD;
    xmlns:xsd=&quot;http://www.w3.org/2001/XMLSchema&quot;>&#xD;
    &lt;env:Body>&#xD;
        &lt;wd:Get_Period_Schedules_Request&#xD;
            xmlns:wd=&quot;urn:com.workday/bsvc&quot;>&#xD;
            &lt;wd:Response_Filter>&#xD;
                &lt;wd:As_Of_Effective_Date>@{java.time.LocalDate.now().toString()}&lt;/wd:As_Of_Effective_Date>&#xD;
                &lt;wd:As_Of_Entry_DateTime>@{java.time.LocalDate.now().toString()}&lt;/wd:As_Of_Entry_DateTime>            &#xD;
                &lt;wd:Page>1&lt;/wd:Page>&#xD;
                &lt;wd:Count>999&lt;/wd:Count>&#xD;
            &lt;/wd:Response_Filter>&#xD;
            &lt;wd:Response_Group>&#xD;
                &lt;wd:Include_Reference>true&lt;/wd:Include_Reference>&#xD;
            &lt;/wd:Response_Group>&#xD;
        &lt;/wd:Get_Period_Schedules_Request>&#xD;
    &lt;/env:Body>&#xD;
&lt;/env:Envelope></cc:text>
                    </cc:message>
                </cc:write>
            </cc:request-steps>
            <cc:response-steps>
                <cc:cloud-log id="CloudLog" level="info" message="GetPeriodSchedule" message-details="GetPeriodSchedule done" variable-name="vAuditLog"/>
            </cc:response-steps>
            <cc:send-error id="SendError" rethrow-error="true" routes-to="GetPeriodSchedule_ErrorMessage"/>
        </cc:sync-mediation>
        <cc:local-in id="GetPeriodSchedule" routes-to="WSCall"/>
        <cc:async-mediation id="File.Input.Data" routes-to="FileInputsAggregator">
            <cc:steps>
                <cc:copy id="varToMessage" input="variable" input-variable="v.All.Input.Data.XML"/>
            </cc:steps>
        </cc:async-mediation>
        <cc:async-mediation id="PeriodSchedData" routes-to="FileInputsAggregator">
            <cc:steps>
                <cc:copy id="Copy" input="variable" input-variable="v.Period.Schedule.Data.XML"/>
            </cc:steps>
        </cc:async-mediation>
        <cc:async-mediation id="Workder.data" routes-to="FileInputsAggregator">
            <cc:steps>
                <cc:copy id="varToMessage" input="variable" input-variable="v.Workers.Override.Data.XML"/>
            </cc:steps>
        </cc:async-mediation>
        <cc:async-mediation id="Existing.Input.Data" routes-to="FileInputsAggregator">
            <cc:steps>
                <cc:copy id="varToMsg" input="variable" input-variable="v.ExistingPI.XML"/>
            </cc:steps>
        </cc:async-mediation>
        <cc:async-mediation id="Ded.Codes" routes-to="FileInputsAggregator">
            <cc:steps>
                <cc:copy id="VarToMsg" input="variable" input-variable="v.Attr.Map.Data.XML"/>
                <cc:xslt-plus id="DedctionsAndEarningsList" url="DedctionsAndEarningsList.xsl"/>
            </cc:steps>
        </cc:async-mediation>
        <cc:route id="Stacker.Route">
            <cc:all-strategy/>
            <cc:sub-route name="Deduction.Codes" routes-to="Ded.Codes"/>
            <cc:sub-route name="ExistingPI" routes-to="Existing.Input.Data"/>
            <cc:sub-route name="Worker.data" routes-to="Workder.data"/>
            <cc:sub-route name="PeriodSchedule" routes-to="PeriodSchedData"/>
            <cc:sub-route name="File.Input.Data" routes-to="File.Input.Data"/>
        </cc:route>
        <cc:async-mediation id="Log.MasterStack" routes-to="Master.Process">
            <cc:steps>
                <cc:zip id="Zip" output="variable" output-variable="vStackedMasterFile.xml.zip"/>
                <cc:store id="Store" output="variable" output-variable="vstorecontent" input="variable" input-variable="vStackedMasterFile.xml.zip" expiresIn="P180D" title="StackedMasterFile.xml.zip"/>
            </cc:steps>
        </cc:async-mediation>
        <cc:aggregator id="FileInputsAggregator" routes-to="Log.MasterStack" collate-when="true" force-batch-on-last-message="false" force-batch-when="props['close.stacker']">
            <cc:size-batch-strategy batch-size="5"/>
            <cc:xml-message-content-collater output="message">
        <cc:header-text>&lt;MasterRoot></cc:header-text>
        <cc:footer-text>&lt;/MasterRoot></cc:footer-text>
      </cc:xml-message-content-collater>
        </cc:aggregator>
        <cc:async-mediation id="Master.Process" routes-to="PIMInputLog" handle-downstream-errors="true">
            <cc:steps>
                <cc:eval id="CleanUp">
                    <cc:expression>vars['v.Attr.Map.Data.XML'] = null</cc:expression>
                    <cc:expression>vars['v.ExistingPI.XML'] = null</cc:expression>
                    <cc:expression>vars['v.Workers.Override.Data.XML'] = null</cc:expression>
                    <cc:expression>vars['v.Period.Schedule.Data.XML'] = null</cc:expression>
                </cc:eval>
                <cc:xslt-plus id="MasterPrep" url="MasterPrep.xsl"/>
                <cc:xslt-plus id="MasterProcess" url="MasterProcessV3.xsl"/>
                <cc:eval id="Eval">
                    <cc:expression>props['p.integration.in.error'] = parts[0].xstreamB('/All_PI_WS/InRow/errMsg')</cc:expression>
                    <cc:expression>props['p.process.pi'] = parts[0].xstreamB('/All_PI_WS/wd:Payroll_Input_Data')</cc:expression>
                </cc:eval>
                <cc:validate-exp id="ValidateExp">
                    <cc:expression error-number="1002" failure-message="No payroll inputs to process">props['p.process.pi'] || props['p.integration.in.error']</cc:expression>
                </cc:validate-exp>
                <cc:copy id="Copy" output="variable" output-variable="v.Master.XML"/>
                <cc:xslt-plus id="BatchCalls" output="variable" output-variable="v.Batched.Import.Calls.XML" input="variable" input-variable="v.Master.XML" url="BatchCalls.xsl"/>
                <cc:xslt-plus id="InputLog" input="variable" input-variable="v.Master.XML" url="InputLog.xsl"/>
                <cc:store id="Store" output="variable" output-variable="vStore12" input="message" expiresIn="P180D" title="PI_Log.xml"/>
            </cc:steps>
            <cc:send-error id="SendError" rethrow-error="false" routes-to="LogError0"/>
        </cc:async-mediation>
        <cc:local-out id="Call-GetWorkersData" store-message="none" routes-response-to="Call-GetPeriodSchedule" endpoint="vm://INT5366-Fidelity-DB-Feedback-File-Inbound/GetWorkersData"/>
        <cc:local-out id="Call-GetPeriodSchedule" store-message="none" routes-response-to="Call-Process_BenfitPlan" endpoint="vm://INT5366-Fidelity-DB-Feedback-File-Inbound/GetPeriodSchedule"/>
        <cc:local-out id="Call-ProcessPayroll_Input" store-message="none" routes-response-to="Call-ProcessPayInputsImports" endpoint="vm://INT5366-Fidelity-DB-Feedback-File-Inbound/ProcessPayroll_Input"/>
        <cc:local-out id="PIMMaster.Process" endpoint="vm://wcc/PutIntegrationMessage">
            <cc:set name="is.message.severity" value="context.errorCode == 1002 ? 'INFO' : 'ERROR'"/>
            <cc:set name="is.message.summary" value="context.errorCode == 1002 ? context.errorMessage : context.errorMessage # ' {at} ' context.errorComponentId"/>
        </cc:local-out>
        <cc:splitter id="ImportWSSplitter">
            <cc:sub-route name="SubRoute" routes-to="WrapWS"/>
            <cc:xml-stream-splitter xpath="/root/*"/>
        </cc:splitter>
        <cc:local-out id="ImportDetailsPosted" endpoint="vm://wcc/PutIntegrationMessage">
            <cc:set name="is.message.severity" value="'INFO'"/>
            <cc:set name="is.message.summary" value="props['p.prefix'] # ' Number of batches processed : ' # props['batch.num'] # '. Import Processes information stored for further processing.'"/>
            <cc:set name="is.document.variable.name" value="&quot;batch.details.file&quot;"/>
            <cc:set name="is.document.file.name" value="props['p.prefix'] # &quot; Batch Details File.zip&quot;"/>
            <cc:set name="is.document.labels" value="&quot;batch.details&quot;"/>
        </cc:local-out>
        <cc:local-out id="PIMStoreError" endpoint="vm://wcc/PutIntegrationMessage">
            <cc:set name="is.message.severity" value="'ERROR'"/>
            <cc:set name="is.message.summary" value="'Error while trying to store the import message WIDs'"/>
        </cc:local-out>
        <cc:async-mediation id="StoreImportProcDetails" routes-to="ImportDetailsPosted">
            <cc:steps>
                <cc:zip id="Zip"/>
                <cc:store id="Store" output="variable" output-variable="batch.details.file" expiresIn="P180D" title="@{props['p.prefix']}Batch-Details-File.zip"/>
            </cc:steps>
            <cc:send-error id="SendError" rethrow-error="true" routes-to="PIMStoreError"/>
        </cc:async-mediation>
        <cc:aggregator id="ImportResponsesAggregator" routes-to="StoreImportProcDetails" collate-when="!props['close.imp.responses.agg']" force-batch-on-last-message="false" force-batch-when="props['close.imp.responses.agg']">
            <cc:size-batch-strategy batch-size="-1"/>
            <cc:xml-message-content-collater>
        <cc:header-text>&lt;Root new.batch.id=&quot;@{props['new.batch.id']}&quot;></cc:header-text>
        <cc:footer-text>&lt;/Root></cc:footer-text>
      </cc:xml-message-content-collater>
        </cc:aggregator>
        <cc:local-in id="CloseResponsesAggregator" routes-to="ImportResponsesAggregator"/>
        <cc:async-mediation id="Store.errored.call">
            <cc:steps>
                <cc:set-headers id="ValidationOff">
                    <cc:remove-headers>
                        <cc:remove-header name="X-Validate-Only"/>
                    </cc:remove-headers>
                    <cc:add-headers>
                        
                    </cc:add-headers>
                </cc:set-headers>
                <cc:store id="Store" input="variable" input-variable="current.ws.import.xml" title="@{props['p.prefix']}_Errored.current.ws.import_@{props['batch.num']}.xml"/>
            </cc:steps>
        </cc:async-mediation>
        <cc:local-out id="ImportDetailsError" routes-response-to="Store.errored.call" endpoint="vm://wcc/PutIntegrationMessage">
            <cc:set name="is.message.severity" value="'ERROR'"/>
            <cc:set name="is.message.summary" value="&quot;Import Processes Error, please check the log file&quot;"/>
            
            <cc:set name="is.message.detail" value="util.cleanString(context.errorMessage)"/>
        </cc:local-out>
        <cc:async-mediation id="ImportProcDetails" routes-to="ImportResponsesAggregator" handle-downstream-errors="true">
            <cc:steps>
                <cc:set-headers id="ValidationOff">
                    <cc:remove-headers>
                        <cc:remove-header name="X-Validate-Only"/>
                    </cc:remove-headers>
                    <cc:add-headers>
                        
                    </cc:add-headers>
                </cc:set-headers>
                <cc:eval id="Eval">
                    <cc:expression>props['response.wid'] = parts[0].xpath(&quot;/env:Envelope/env:Body/wd:Put_Import_Process_Response/wd:Import_Process_Reference/wd:ID&quot;)</cc:expression></cc:eval>
                <cc:xslt-plus id="RequestResponseWid" input="variable" input-variable="v.Current.WS.Import.XML" url="RequestResponseWid.xsl"/>
            </cc:steps>
            <cc:send-error id="SendError" rethrow-error="false" routes-to="ImportDetailsError"/>
        </cc:async-mediation>
        <cc:workday-out-soap id="ImportWS" routes-response-to="ImportProcDetails" application="Payroll" version="v39.2"/>
        <cc:async-mediation id="WrapWS" routes-to="ImportWS" handle-downstream-errors="true">
            <cc:steps>
                <cc:eval id="Eval">
                    <cc:expression>props['batch.num'] = props['batch.num'] + 1</cc:expression>
                </cc:eval>
                <cc:copy id="Copy" output="variable" output-variable="v.Current.WS.Import.XML"/>
                <cc:wrap-soap id="WrapSoap" output="message" input="message"/>
                <cc:set-headers execute-when="props['lp.validation.mode'] == true " id="ValidationOn">
                    <cc:remove-headers/>
                    <cc:add-headers>
                        <cc:add-header name="X-Validate-Only" value="1"/>
                    </cc:add-headers>
                </cc:set-headers>
            </cc:steps>
            <cc:send-error id="SendError" routes-to="ImportDetailsError"/>
        </cc:async-mediation>
        <cc:local-in id="ProcessImports" routes-to="ProcessImports.Handler"/>
        <cc:local-out id="PIMProcessImports" endpoint="vm://wcc/PutIntegrationMessage">
            <cc:set name="is.message.severity" value="'ERROR'"/>
            <cc:set name="is.message.summary" value="'ProcessImports Error : ' # context.errorMessage # ' {at} ' # context.errorComponentId"/>
        </cc:local-out>
        <cc:sync-mediation id="ProcessImports.Handler" routes-to="ImportWSSplitter" handle-downstream-errors="true" routes-response-to="Call-CloseResponsesAggregator">
            <cc:request-steps>
                <cc:copy id="PI" input="variable" input-variable="v.Batched.Import.Calls.XML"/>
                <cc:eval id="Eval">
                    <cc:expression>props['batch.num'] = 0</cc:expression>
                    <cc:expression>props['close.imp.responses.agg'] = false</cc:expression>
                    <cc:expression>props['p.prefix'] = 'PI'</cc:expression>
                </cc:eval>
                <cc:store id="Store" output="variable" output-variable="vStore" expiresIn="P180D" title="@{props['p.prefix']}_Interim.xml"/>
            </cc:request-steps>
            <cc:response-steps>
                <cc:cloud-log id="CloudLog" level="info" message="ProcessImports" message-details="ProcessImports completed" variable-name="vAuditLog"/>
            </cc:response-steps>
            <cc:send-error id="SendError" rethrow-error="true" routes-to="PIMProcessImports"/>
        </cc:sync-mediation>
        <cc:local-out id="Call-CloseResponsesAggregator" store-message="none" endpoint="vm://INT5366-Fidelity-DB-Feedback-File-Inbound/CloseResponsesAggregator"><cc:set name="set" value="props['close.imp.responses.agg']=true"/></cc:local-out>
        <cc:local-out id="Call-ProcessPayInputsImports" store-message="none" execute-when="props['p.process.pi']" routes-response-to="Store.log" endpoint="vm://INT5366-Fidelity-DB-Feedback-File-Inbound/ProcessImports"/>
        <cc:workday-in id="INT5366-Audit" routes-to="Call-PIAudit">
            <cc:integration-system name="INT5366-Fidelity DB Feedback File Inbound Audit(do not run)">
        <cloud:param name="Studio Debug WID">
          <cloud:type>
            <cloud:simple-type>text</cloud:simple-type>
          </cloud:type>
        </cloud:param>
      </cc:integration-system>
        </cc:workday-in>
        <cc:local-out id="Call-PIAudit" store-message="none" endpoint="vm://INT5366-Fidelity-DB-Feedback-File-Inbound/PIAudit"/>
        <cc:async-mediation id="WriteFinalLog" routes-to="PIMIntegrationInError">
            <cc:steps>
                <cc:store id="Store" output="variable" output-variable="vStore" input="variable" input-variable="v.Aggregated.Logs.XML" expiresIn="P180D" title="vStoreLog.xml"/>
                <cc:xslt-plus id="CheckForErrors" output="message" input="variable" input-variable="v.Aggregated.Logs.XML" url="CheckForErrors.xsl"/>
                <cc:eval id="Eval">
                    <cc:expression>props['p.integration.in.error'] = parts[0].xstreamB('/LogRoot/ErrorExists')</cc:expression>
                </cc:eval>
                <cc:xslt-plus id="CreateFinalLog" input="variable" input-variable="v.Aggregated.Logs.XML" url="CreateFinalLogV2.xsl"/>
                <cc:store id="StoreAudit" output="variable" output-variable="v.audit.xml" expiresIn="P180D" title="INT5366PayrollInputsLog.csv"/>
            </cc:steps>
        </cc:async-mediation>
        <cc:async-mediation id="CreateAuditLogReport" routes-to="AggregatorPILog">
            <cc:steps>
                <cc:xslt-plus id="CreateLogXML" url="CreateLogXML.xsl"/>
            </cc:steps>
        </cc:async-mediation>
        <cc:aggregator id="AggregatorPI" routes-to="CreateAuditLogReport" force-batch-on-last-message="false">
            <cc:size-batch-strategy batch-size="2"/>
            <cc:xml-message-content-collater>
        <cc:header-text>&lt;MasterImportDataRoot></cc:header-text>
        <cc:footer-text>&lt;/MasterImportDataRoot></cc:footer-text>
      </cc:xml-message-content-collater>
        </cc:aggregator>
        <cc:async-mediation id="StackAllCalls" routes-to="AggregatorPI">
            <cc:steps>
                <cc:copy id="Copy" output="message" input="variable" input-variable="current.PI.request.data"/>
            </cc:steps>
        </cc:async-mediation>
        <cc:route id="MsgStacker">
            <cc:all-strategy/>
            <cc:sub-route name="ImportMsg" routes-to="AggregatorPI"/>
            <cc:sub-route name="ImportReq" routes-to="StackAllCalls"/>
        </cc:route>
        <cc:local-out id="GetImportProcMsgs" routes-response-to="MsgStacker" endpoint="vm://wcc/PagedGet">
            <cc:set name="is.paged.get.request.current.page.xpath" value="'/env:Envelope/env:Body/*/wd:Response_Filter/wd:Page'"/>
            <cc:set name="is.paged.get.response.current.page.xpath" value="'/env:Envelope/env:Body/*/wd:Response_Results/wd:Page'"/>
            <cc:set name="is.paged.get.response.total.pages.xpath" value="'/env:Envelope/env:Body/*/wd:Response_Results/wd:Total_Pages'"/>
            <cc:set name="is.paged.get.response.total.results.xpath" value="'/env:Envelope/env:Body/*/wd:Response_Results/wd:Total_Results'"/>
            <cc:set name="is.paged.get.aggregate.xpath" value="'/env:Envelope/env:Body/wd:Get_Import_Process_Messages_Response/wd:Response_Data'"/>
            <cc:set name="is.paged.get.aggregate.header" value="'&lt;ProcessMessagesRoot>'"/>
            <cc:set name="is.paged.get.aggregate.footer" value="'&lt;/ProcessMessagesRoot>'"/>
            <cc:set name="is.paged.get.application" value="'Integrations'"/>
            <cc:set name="is.paged.get.version" value="'v32.0'"/>
            <cc:set name="is.paged.get.page.zero" value="false"/>
            <cc:set name="is.paged.get.store.requests" value="true"/>
        </cc:local-out>
        <cc:local-out id="PIMImportMsgError" endpoint="vm://wcc/PutIntegrationMessage">
            <cc:set name="is.message.severity" value="'ERROR'"/>
            <cc:set name="is.message.summary" value="'Error while getting import process message'"/>
            <cc:set name="is.message.detail" value="context.errorMessage # ' thrown at ' # context.errorComponentId"/>
        </cc:local-out>
        <cc:async-mediation id="PrepareImportMsgWS" routes-to="GetImportProcMsgs" handle-downstream-errors="true">
            <cc:steps>
                <cc:copy id="Copy" output="variable" output-variable="current.PI.request.data"/>
                <cc:write id="Write">
                    <cc:message>
                        <cc:text>&lt;?xml version='1.0' encoding='UTF-8'?>&#xD;
&lt;env:Envelope xmlns:env=&quot;http://schemas.xmlsoap.org/soap/envelope/&quot;>&#xD;
    &lt;env:Body>&#xD;
        &lt;wd:Get_Import_Process_Messages_Request xmlns:wd=&quot;urn:com.workday/bsvc&quot;>&#xD;
            &lt;wd:Request_Criteria>&#xD;
                &lt;wd:Import_Process_Reference>&#xD;
                    &lt;wd:ID wd:type=&quot;WID&quot;>@{parts[0].xpath(&quot;/ImportPI/ImportBatch/Import_Process_Reference&quot;)}&lt;/wd:ID>&#xD;
                &lt;/wd:Import_Process_Reference>&#xD;
            &lt;/wd:Request_Criteria>&#xD;
            &lt;wd:Response_Filter>&#xD;
                &lt;wd:Page>1&lt;/wd:Page>&#xD;
                &lt;wd:Count>999&lt;/wd:Count>&#xD;
            &lt;/wd:Response_Filter>&#xD;
        &lt;/wd:Get_Import_Process_Messages_Request>&#xD;
    &lt;/env:Body>&#xD;
&lt;/env:Envelope></cc:text>
                    </cc:message>
                </cc:write>
            </cc:steps>
            <cc:send-error id="SendError" routes-to="PIMImportMsgError"/>
        </cc:async-mediation>
        <cc:splitter id="SplitByBatch">
            <cc:sub-route name="SubRoute" routes-to="PrepareImportMsgWS"/>
            <cc:xml-stream-splitter xpath="/Root/ImportPI"/>
        </cc:splitter>
        <cc:local-out id="Get.batch.details.file" routes-response-to="get.da.files" endpoint="vm://wcc/GetEventDocuments">
            <cc:set name="ie.event.wid" value="lp.getSimpleData('Studio Debug WID') == null ? (lp.isSet() ? lp.getIntegrationEventWID() : null) : lp.getSimpleData('Studio Debug WID')"/>
        </cc:local-out>
        <cc:local-out id="PIMAuditError" endpoint="vm://wcc/PutIntegrationMessage">
            <cc:set name="is.message.severity" value="'ERROR'"/>
            <cc:set name="is.message.summary" value="context.errorMessage # ' {at} ' # context.errorComponentId"/>
        </cc:local-out>
        <cc:local-in id="PIAudit" routes-to="PIAudit.handler"/>
        <cc:sync-mediation id="PIAudit.handler" routes-to="Get.batch.details.file">
            <cc:request-steps>
            </cc:request-steps>
            <cc:response-steps/>
            <cc:send-error id="SendError" rethrow-error="true" routes-to="PIMAuditError"/>
        </cc:sync-mediation>
        <cc:local-out id="PIMIntegrationInError" execute-when="props['p.integration.in.error']" endpoint="vm://wcc/PutIntegrationMessage"><cc:set name="is.message.severity" value="'ERROR'"/><cc:set name="is.message.summary" value="'Integration has validation errors, check audit file'"/></cc:local-out>
        <cc:route id="Route0">
            <cc:all-strategy/>
            <cc:sub-route name="AuditLog" routes-to="Aggregator"/>
            <cc:sub-route name="Log" routes-to="PIValidationErrors"/>
            <cc:sub-route name="input.file" routes-to="input.file"/>
        </cc:route>
        <cc:async-mediation id="input.file" routes-to="Aggregator">
            <cc:steps>
                <cc:copy id="Copy" input="variable" input-variable="v.input.file"/>
            </cc:steps>
        </cc:async-mediation>
        <cc:aggregator id="Aggregator" routes-to="WriteFinalLog" force-batch-on-last-message="false">
            <cc:size-batch-strategy batch-size="3"/>
            <cc:xml-message-content-collater output="variable" output-variable="v.Aggregated.Logs.XML">
        <cc:header-text>&lt;MasterRoot></cc:header-text>
        <cc:footer-text>&lt;/MasterRoot></cc:footer-text>
      </cc:xml-message-content-collater>
        </cc:aggregator>
        <cc:aggregator id="AggregatorPILog" routes-to="Route0" collate-when="!props['close.log.agg']" force-batch-on-last-message="false" force-batch-when="props['close.log.agg']">
            <cc:size-batch-strategy batch-size="-1"/>
            <cc:xml-message-content-collater>
        <cc:header-text>&lt;LogMaster></cc:header-text>
        <cc:footer-text>&lt;/LogMaster></cc:footer-text>
      </cc:xml-message-content-collater>
        </cc:aggregator>
        <cc:local-in id="Close-Log-Agg" routes-to="AggregatorPILog"/>
        <cc:local-out id="Call-Close-Log-Agg" store-message="none" endpoint="vm://INT5366-Fidelity-DB-Feedback-File-Inbound/Close-Log-Agg"><cc:set name="set" value="props['close.log.agg']=true"/></cc:local-out>
        <cc:sync-mediation id="get.da.files" routes-to="SplitByBatch" routes-response-to="Call-Close-Log-Agg">
            <cc:request-steps>
                <cc:eval id="Eval">
                    <cc:expression>vars['v.batch.details.zip'] = da.getData('PI Batch Details File.zip')</cc:expression>
                    <cc:expression>vars['v.input.file'] = da.getData('input.xml')</cc:expression>
                    <cc:expression>vars['v.PIlog'] = da.getData('PI_Log.xml')</cc:expression>
                    <cc:expression>props['close.log.agg']=false</cc:expression>
                </cc:eval>
                <cc:validate-exp id="ValidateExp">
                    <cc:expression failure-message="No payroll inputs to process">vars['v.batch.details.zip'] != null</cc:expression>
                </cc:validate-exp>
                <cc:unzip id="Unzip" output-mimetype="text/xml" input="variable" input-variable="v.batch.details.zip"/></cc:request-steps>
            <cc:response-steps/>
            <cc:send-error id="SendError" routes-to="PIMnoPayInputs"/>
        </cc:sync-mediation>
        <cc:local-out id="PIMInputLog" endpoint="vm://wcc/PutIntegrationMessage">
            <cc:set name="is.message.severity" value="'INFO'"/>
            <cc:set name="is.message.summary" value="'PI log file stored'"/>
            <cc:set name="is.document.variable.name" value="&quot;vStore12&quot;"/>
            <cc:set name="is.document.file.name" value="&quot;PI_Log.xml&quot;"/>
            <cc:set name="is.document.labels" value="&quot;PI.log&quot;"/>
        </cc:local-out>
        <cc:async-mediation id="Store.log">
            <cc:steps>
                <cc:store id="Store" input="variable" input-variable="vAuditLog" expiresIn="P180D" title="ProgressLog.html"/>
            </cc:steps>
        </cc:async-mediation>
        <cc:local-out id="PIMExistingInputs0" endpoint="vm://wcc/PutIntegrationMessage">
            <cc:set name="is.message.severity" value="'ERROR'"/>
            <cc:set name="is.message.summary" value="'Error on the Process_BenefitPlan step. See message for details.'"/>
            <cc:set name="is.message.detail" value="context.errorMessage # ' {at} ' # context.errorComponentId"/>
        </cc:local-out>
        <cc:sync-mediation id="ProcessBenefits.handler" routes-to="RouteStack" handle-downstream-errors="true" routes-response-to="Call-Close-Enroll-Log">
            <cc:request-steps>
                <cc:copy id="Copy" input="variable" input-variable="v.All.Input.Data.XML"/>
                <cc:eval id="Eval">
                    <cc:expression>props['p.close.enroll.log'] = false</cc:expression>
                </cc:eval>
            </cc:request-steps>
            <cc:response-steps>
                <cc:cloud-log id="CloudLog" level="info" message="GetExistingInputs" message-details="GetExistingInputs done" variable-name="vAuditLog"/>
            </cc:response-steps>
            <cc:send-error id="SendError" rethrow-error="true" routes-to="PIMExistingInputs0"/>
        </cc:sync-mediation>
        <cc:local-in id="Process_BenefitPlan" routes-to="ProcessBenefits.handler"/>
        <cc:local-out id="Call-Process_BenfitPlan" store-message="none" routes-response-to="Call-GetExistingOffcyclePayments" endpoint="vm://INT5366-Fidelity-DB-Feedback-File-Inbound/Process_BenefitPlan"/>
        <cc:async-mediation id="PrepWorkerOverrideData">
            <cc:steps>
                <cc:xslt-plus id="WorkerOverrideData" output="variable" output-variable="v.Workers.Override.Data.XML" url="WorkerOverrideData.xsl"/>
            </cc:steps>
        </cc:async-mediation>
        <cc:local-out id="PagedGet-Workers" routes-response-to="PrepWorkerOverrideData" endpoint="vm://wcc/PagedGet">
            <cc:set name="is.paged.get.request.current.page.xpath" value="'/env:Envelope/env:Body/*/wd:Response_Filter/wd:Page'"/>
            <cc:set name="is.paged.get.response.current.page.xpath" value="'/env:Envelope/env:Body/*/wd:Response_Results/wd:Page'"/>
            <cc:set name="is.paged.get.response.total.pages.xpath" value="'/env:Envelope/env:Body/*/wd:Response_Results/wd:Total_Pages'"/>
            <cc:set name="is.paged.get.response.total.results.xpath" value="'/env:Envelope/env:Body/*/wd:Response_Results/wd:Total_Results'"/>
            <cc:set name="is.paged.get.aggregate.xpath" value="'/env:Envelope/env:Body/wd:Get_Workers_Response/wd:Response_Data/wd:Worker'"/>
            <cc:set name="is.paged.get.aggregate.header" value="'&lt;Workers>'"/>
            <cc:set name="is.paged.get.aggregate.footer" value="'&lt;/Workers>'"/>
            <cc:set name="is.paged.get.application" value="'Human_Resources'"/>
            <cc:set name="is.paged.get.version" value="'v39.2'"/>
            <cc:set name="is.paged.get.page.zero" value="false"/>
            <cc:set name="is.paged.get.store.requests" value="true"/>
            <cc:set name="is.paged.get.parallel" value="true"/>
        </cc:local-out>
        <cc:local-out id="PIMWorkersData" endpoint="vm://wcc/PutIntegrationMessage">
            <cc:set name="is.message.severity" value="'ERROR'"/>
            <cc:set name="is.message.summary" value="'Error on the GetWorkersData step. See message for details.'"/>
            <cc:set name="is.message.detail" value="context.errorMessage # ' {at} ' # context.errorComponentId"/>
        </cc:local-out>
        <cc:sync-mediation id="WorkersData.Handler" routes-to="PagedGet-Workers" handle-downstream-errors="true">
            <cc:request-steps>
                <cc:xslt-plus id="CreateGetWorkerWS" input="variable" input-variable="v.All.Input.Data.XML" url="CreateGetWorkerWSxsl.xsl"/>
                <cc:copy id="Copy" output="variable" output-variable="getWorkersMessage"/>
                <cc:wrap-soap id="WrapSoap"/>
            </cc:request-steps>
            <cc:response-steps>
                <cc:cloud-log id="CloudLog" level="info" message="GetWorkersData" message-details="GetWorkersData done" variable-name="vAuditLog"/>
            </cc:response-steps>
            <cc:send-error id="SendError" rethrow-error="true" routes-to="PIMWorkersData"/>
        </cc:sync-mediation>
        <cc:local-in id="GetWorkersData" routes-to="WorkersData.Handler"/>
        <cc:route id="RouteStack">
            <cc:all-strategy/>
            <cc:sub-route name="MapData" routes-to="Prep.Maps"/>
            <cc:sub-route name="Workers" routes-to="Workers.Data"/>
            <cc:sub-route name="PeriodSchedule" routes-to="PeriodSchedule"/>
            <cc:sub-route name="PPA/VPA" routes-to="Agg.Stack"/>
        </cc:route>
        <cc:aggregator id="Agg.Stack" routes-to="Build.WS" force-batch-on-last-message="false">
            <cc:size-batch-strategy batch-size="4"/>
            <cc:xml-message-content-collater>
        <cc:header-text>&lt;Benefits></cc:header-text>
        <cc:footer-text>&lt;/Benefits></cc:footer-text>
      </cc:xml-message-content-collater>
        </cc:aggregator>
        <cc:async-mediation id="Workers.Data" routes-to="Agg.Stack">
            <cc:steps>
                <cc:copy id="Copy" input="variable" input-variable="v.Workers.Override.Data.XML"/>
            </cc:steps>
        </cc:async-mediation>
        <cc:async-mediation id="Build.WS" routes-to="Splitter">
            <cc:steps>
                <cc:store id="Store" output="variable" output-variable="vStore" input="message" expiresIn="P180D" title="InterimEnrollments.xml"/>
                <cc:xslt-plus id="BuildWS" output="message" input="message" url="BuildWSv2.xsl"/>
                <cc:store id="Store0" output="variable" output-variable="vStore" input="message" expiresIn="P180D" title="EnrollmentsWSCalls.xml"/>
                <cc:validate-exp id="ValidateExp">
                    <cc:expression error-number="1003" failure-message="No PPA/VPA enrollments to process">parts[0].xpathB('/MasterRoot/InRow')</cc:expression>
                </cc:validate-exp>
            </cc:steps>
            <cc:send-error id="SendError" routes-to="LogError1"/>
        </cc:async-mediation>
        <cc:async-mediation id="Prep.Maps" routes-to="Agg.Stack">
            <cc:steps>
                <cc:copy id="Copy" input="variable" input-variable="v.Attr.Map.Data.XML"/>
                <cc:xslt-plus id="PrepMaps" url="PrepMaps.xsl"/>
            </cc:steps>
        </cc:async-mediation>
        <cc:workday-out-soap id="Enroll_in_Retirement_Savings_Plans-Out" routes-response-to="Log.Success" application="Benefits_Administration" version="v39.2"/>
        <cc:async-mediation id="Log.Success" routes-to="Agg.Log">
            <cc:steps>
                <cc:set-headers id="SetValidationOff">
                    <cc:remove-headers>
                        <cc:remove-header name="X-Validate-Only"/>
                    </cc:remove-headers>
                    <cc:add-headers/>
                </cc:set-headers>
                <cc:write id="Write">
                    <cc:message>
                        <cc:text>&lt;Log>&#xD;
&lt;eID>@{props['p.cur.worker']}&lt;/eID>&#xD;
@{props['p.curr.log']}&#xD;
&lt;status>Success&lt;/status>&#xD;
&lt;/Log></cc:text>
                    </cc:message>
                </cc:write>
            </cc:steps>
        </cc:async-mediation>
        <cc:splitter id="Splitter">
            <cc:sub-route name="SubRoute" routes-to="WS.Call"/>
            <cc:xml-stream-splitter xpath="/MasterRoot/InRow"/>
        </cc:splitter>
        <cc:async-mediation id="WS.Call" routes-to="Enroll_in_Retirement_Savings_Plans-Out" handle-downstream-errors="true">
            <cc:steps>
                <cc:eval id="Eval">
                    <cc:expression>props['p.curr.log'] = parts[0].xpathF('/InRow/(Wrkr|WS)')</cc:expression>
                    <cc:expression>props['p.cur.worker'] = parts[0].xpath('/InRow/@eID')</cc:expression>
                </cc:eval>
                <cc:validate-exp id="ValidateExp">
                    <cc:expression failure-message="@{parts[0].xpath('/InRow/errMsg')}">!parts[0].xpathB('/InRow/errMsg')</cc:expression>
                </cc:validate-exp>
                <cc:copy id="Copy" input-xpath="/InRow/wd:Enroll_in_Retirement_Savings_Plans_Request"/>
                <cc:wrap-soap id="WrapSoap"/>
                <cc:set-headers execute-when="props['lp.validation.mode']" id="SetValidationOn">
                    <cc:remove-headers/>
                    <cc:add-headers>
                        <cc:add-header name="X-Validate-Only" value="1"/>
                    </cc:add-headers>
                </cc:set-headers>
            </cc:steps>
            <cc:send-error id="SendError" rethrow-error="false" routes-to="Log.Error"/>
        </cc:async-mediation>
        <cc:aggregator id="Agg.Log" routes-to="EnrollLog" collate-when="!props['p.close.enroll.log']" force-batch-on-last-message="false" force-batch-when="props['p.close.enroll.log']">
            <cc:size-batch-strategy batch-size="-1"/>
            <cc:xml-message-content-collater output="message">
        <cc:header-text>&lt;EnrollLog effdt=&quot;@{props['lp.effective.date']}&quot;></cc:header-text>
        <cc:footer-text>&lt;/EnrollLog></cc:footer-text>
      </cc:xml-message-content-collater>
        </cc:aggregator>
        <cc:async-mediation id="Log.Error" routes-to="Agg.Log">
            <cc:steps>
                <cc:set-headers id="SetValidationOff">
                    <cc:remove-headers>
                        <cc:remove-header name="X-Validate-Only"/>
                    </cc:remove-headers>
                    <cc:add-headers/>
                </cc:set-headers>
                <cc:write id="Write">
                    <cc:message>
                        <cc:text>&lt;Log>&#xD;
&lt;eID>@{props['p.cur.worker']}&lt;/eID>&#xD;
@{props['p.curr.log']}&#xD;
&lt;status>Error&lt;/status>&#xD;
&lt;Msg>@{context.errorMessage}&lt;/Msg>&#xD;
&lt;/Log></cc:text>
                    </cc:message>
                </cc:write>
            </cc:steps>
        </cc:async-mediation>
        <cc:local-in id="Close-Enroll-Log" routes-to="Agg.Log"/>
        <cc:local-out id="Call-Close-Enroll-Log" store-message="none" endpoint="vm://INT5366-Fidelity-DB-Feedback-File-Inbound/Close-Enroll-Log"><cc:set name="set" value="props['p.close.enroll.log']=true"/></cc:local-out>
        <cc:async-mediation id="EnrollLog" routes-to="EnrollLog-Posted">
            <cc:steps>
                <cc:xslt-plus id="EnrollLog" url="EnrollLog.xsl"/>
                <cc:store id="Store" output="variable" output-variable="vStore" input="message" expiresIn="P180D" title="INT5366EnrollmentsLog.csv"/>
            </cc:steps>
        </cc:async-mediation>
        <cc:local-out id="EnrollLog-Posted" endpoint="vm://wcc/PutIntegrationMessage">
            <cc:set name="is.message.severity" value="'INFO'"/>
            <cc:set name="is.message.summary" value="'Enrollment log attached, INT5366EnrollmentsLog.csv'"/>
            <cc:set name="is.document.variable.name" value="&quot;vStore&quot;"/>
            <cc:set name="is.document.file.name" value="&quot;INT5366EnrollmentsLog.csv&quot;"/>
            <cc:set name="is.document.labels" value="&quot;EnrollLog&quot;"/>
        </cc:local-out>
        <cc:local-out id="PIMInputLog1" endpoint="vm://wcc/PutIntegrationMessage">
            <cc:set name="is.message.severity" value="'INFO'"/>
            <cc:set name="is.message.summary" value="'Input file stored'"/>
            <cc:set name="is.document.variable.name" value="&quot;vStore&quot;"/>
            <cc:set name="is.document.file.name" value="&quot;input.xml&quot;"/>
            <cc:set name="is.document.labels" value="&quot;input.xml&quot;"/>
        </cc:local-out>
        <cc:async-mediation id="PIValidationErrors" routes-to="Aggregator">
            <cc:steps>
                <cc:copy id="Copy" input="variable" input-variable="v.PIlog"/>
            </cc:steps>
        </cc:async-mediation>
        <cc:async-mediation id="Store.log.final" routes-to="Note-Error">
            <cc:steps>
                <cc:store id="Store" input="variable" input-variable="vAuditLog" expiresIn="P180D" title="ProgressLog.html"/>
            </cc:steps>
        </cc:async-mediation>
        <cc:async-mediation id="PrepOffcyclePayments">
            <cc:steps>
                <cc:xslt-plus id="PrepOffcyclePayments" output="variable" output-variable="v.OffcyclePayments.XML" url="PrepOffcyclePayments.xsl"/>
            </cc:steps>
        </cc:async-mediation>
        <cc:local-out id="PagedGet-GetPayrollOffcyclePayments" routes-response-to="PrepOffcyclePayments" endpoint="vm://wcc/PagedGet">
            <cc:set name="is.paged.get.request.current.page.xpath" value="'/env:Envelope/env:Body/*/wd:Response_Filter/wd:Page'"/>
            <cc:set name="is.paged.get.response.current.page.xpath" value="'/env:Envelope/env:Body/*/wd:Response_Results/wd:Page'"/>
            <cc:set name="is.paged.get.response.total.pages.xpath" value="'/env:Envelope/env:Body/*/wd:Response_Results/wd:Total_Pages'"/>
            <cc:set name="is.paged.get.response.total.results.xpath" value="'/env:Envelope/env:Body/*/wd:Response_Results/wd:Total_Results'"/>
            <cc:set name="is.paged.get.aggregate.xpath" value="'/env:Envelope/env:Body/wd:Get_Payroll_Off-cycle_Payments_Response/wd:Response_Data/wd:Payroll_Off-cycle_Result_Override'"/>
            <cc:set name="is.paged.get.aggregate.header" value="'&lt;ExistingOffCyclePayments>'"/>
            <cc:set name="is.paged.get.aggregate.footer" value="'&lt;/ExistingOffCyclePayments>'"/>
            <cc:set name="is.paged.get.application" value="'Payroll'"/>
            <cc:set name="is.paged.get.version" value="'v39.2'"/>
            <cc:set name="is.paged.get.page.zero" value="false"/>
            <cc:set name="is.paged.get.store.requests" value="true"/>
            <cc:set name="is.paged.get.parallel" value="true"/>
        </cc:local-out>
        <cc:local-out id="PIMWorkersData0" endpoint="vm://wcc/PutIntegrationMessage">
            <cc:set name="is.message.severity" value="'ERROR'"/>
            <cc:set name="is.message.summary" value="'Error on the GetWorkersData step. See message for details.'"/>
            <cc:set name="is.message.detail" value="context.errorMessage # ' {at} ' # context.errorComponentId"/>
        </cc:local-out>
        <cc:sync-mediation id="OffcyclePayments.Handler" routes-to="PagedGet-GetPayrollOffcyclePayments" handle-downstream-errors="true">
            <cc:request-steps>
                <cc:xslt-plus id="GetExistingOffcyclePaymentsWS" input="variable" input-variable="v.Workers.Override.Data.XML" url="GetExistingOffcyclePaymentsWS.xsl"/>
                <cc:wrap-soap id="WrapSoap"/>
            </cc:request-steps>
            <cc:response-steps>
                <cc:cloud-log id="CloudLog" level="info" message="GetWorkersData" message-details="GetWorkersData done" variable-name="vAuditLog"/>
            </cc:response-steps>
            <cc:send-error id="SendError" rethrow-error="true" routes-to="PIMWorkersData0"/>
        </cc:sync-mediation>
        <cc:local-in id="GetExistingOffcyclePayments" routes-to="OffcyclePayments.Handler"/>
        <cc:local-out id="Call-GetExistingOffcyclePayments" store-message="none" routes-response-to="Call-ProcessOffcyclePayments" endpoint="vm://INT5366-Fidelity-DB-Feedback-File-Inbound/GetExistingOffcyclePayments"/>
        <cc:local-out id="Call-ProcessOffcyclePayments" store-message="none" routes-response-to="Call-GetExistingInputs" endpoint="vm://INT5366-Fidelity-DB-Feedback-File-Inbound/ProcessOffcyclePayments"/>
        <cc:local-in id="ProcessOffcyclePayments" routes-to="Offcycle.handler"/>
        <cc:sync-mediation id="Offcycle.handler" routes-to="Offcycle.stacker" handle-downstream-errors="true">
            <cc:request-steps/>
            <cc:response-steps>
                <cc:cloud-log id="CloudLog" level="info" message="Process offcycle payments" message-details="Process offcycle payments done" variable-name="vAuditLog"/>
            </cc:response-steps>
            <cc:send-error id="SendError" rethrow-error="true" routes-to="PIMOffcyclePayments"/>
        </cc:sync-mediation>
        <cc:local-out id="PIMOffcyclePayments" endpoint="vm://wcc/PutIntegrationMessage"><cc:set name="is.message.severity" value="'ERROR'"/><cc:set name="is.message.summary" value="'Error on the Process-OffcyclePayments step. See message for details.'"/><cc:set name="is.message.detail" value="context.errorMessage # ' {at} ' # context.errorComponentId"/></cc:local-out>
        <cc:route id="Offcycle.stacker">
            <cc:all-strategy/>
            <cc:sub-route name="AttrMaps" routes-to="AttrMaps"/>
            <cc:sub-route name="Schedule" routes-to="Schedule"/>
            <cc:sub-route name="WorkerData" routes-to="WorkerData"/>
            <cc:sub-route name="PriorityNumbers" routes-to="PriorityNumbers"/>
            <cc:sub-route name="File.Input" routes-to="File.Input"/>
        </cc:route>
        <cc:async-mediation id="AttrMaps" routes-to="OffCyclesAggregator">
            <cc:steps>
                <cc:copy id="Copy" input="variable" input-variable="v.Attr.Map.Data.XML"/>
                <cc:xslt-plus id="OffcycleCodes" url="OffcycleCodes.xsl"/>
            </cc:steps>
        </cc:async-mediation>
        <cc:async-mediation id="PriorityNumbers" routes-to="OffCyclesAggregator">
            <cc:steps>
                <cc:copy id="Copy" input="variable" input-variable="v.OffcyclePayments.XML"/>
            </cc:steps>
        </cc:async-mediation>
        <cc:async-mediation id="Schedule" routes-to="OffCyclesAggregator">
            <cc:steps>
                <cc:copy id="Copy" input="variable" input-variable="v.Period.Schedule.Data.XML"/>
            </cc:steps>
        </cc:async-mediation>
        <cc:async-mediation id="WorkerData" routes-to="OffCyclesAggregator">
            <cc:steps>
                <cc:copy id="varToMessage" input="variable" input-variable="v.Workers.Override.Data.XML"/>
            </cc:steps>
        </cc:async-mediation>
        <cc:async-mediation id="File.Input" routes-to="OffCyclesAggregator">
            <cc:steps>
                <cc:copy id="varToMessage" input="variable" input-variable="v.All.Input.Data.XML"/>
            </cc:steps>
        </cc:async-mediation>
        <cc:async-mediation id="Offcycle.Log.MasterStack" routes-to="OffCycle.Main">
            <cc:steps>
                <cc:zip id="Zip" output="variable" output-variable="vStackedMasterFile.xml.zip"/>
                <cc:store id="Store" output="variable" output-variable="vstorecontent" input="variable" input-variable="vStackedMasterFile.xml.zip" expiresIn="P180D" title="OffcycleStackedMasterFile.xml.zip"/>
            </cc:steps>
        </cc:async-mediation>
        <cc:aggregator id="OffCyclesAggregator" routes-to="Offcycle.Log.MasterStack" collate-when="true" force-batch-on-last-message="false" force-batch-when="props['close.stacker']">
            <cc:size-batch-strategy batch-size="5"/>
            <cc:xml-message-content-collater output="message">
        <cc:header-text>&lt;MasterRoot></cc:header-text>
        <cc:footer-text>&lt;/MasterRoot></cc:footer-text>
      </cc:xml-message-content-collater>
        </cc:aggregator>
        <cc:splitter id="SplitterOff">
            <cc:sub-route name="SubRoute" routes-to="WS.Call.Off"/>
            <cc:xml-stream-splitter xpath="/All_OFF_WS/InRow"/>
        </cc:splitter>
        <cc:async-mediation id="WS.Call.Off" routes-to="PayrollOffcyclePayment-Out" handle-downstream-errors="true">
            <cc:steps>
                <cc:eval id="Eval">
                    <cc:expression>props['p.curr.log'] = parts[0].xpathF(&quot;/InRow/*[name() ne 'wd:Put_Payroll_Off-cycle_Payment_Request']&quot;)</cc:expression>
                    <cc:expression>props['p.cur.worker'] = parts[0].xpath('/InRow/emplid')</cc:expression>
                </cc:eval>
            
                <cc:validate-exp id="ValidateExp">
                    <cc:expression error-number="1002" failure-message="@{parts[0].xpath('/InRow/errMsg')}">!parts[0].xpathB('/InRow/errMsg')</cc:expression>
                </cc:validate-exp>
            
                <cc:copy id="Copy" input-xpath="/InRow/wd:Put_Payroll_Off-cycle_Payment_Request"/>
            
                <cc:wrap-soap id="WrapSoap"/>
            
                <cc:set-headers execute-when="props['lp.validation.mode']" id="SetValidationOn">
                    <cc:remove-headers/>
                    <cc:add-headers>
                        <cc:add-header name="X-Validate-Only" value="1"/>
                    </cc:add-headers>
                </cc:set-headers>
            </cc:steps>
            <cc:send-error id="SendError" routes-to="Log.Off.Error"/>
        </cc:async-mediation>
        <cc:async-mediation id="Log.Off.Error" routes-to="Agg.Off.Log">
            <cc:steps>
                <cc:set-headers id="SetValidationOff">
                    <cc:remove-headers>
                        <cc:remove-header name="X-Validate-Only"/>
                    </cc:remove-headers>
                    <cc:add-headers/>
                </cc:set-headers>
                <cc:write id="Write">
                    <cc:message>
                        <cc:text>&lt;Log>&#xD;
&lt;eID>@{props['p.cur.worker']}&lt;/eID>&#xD;
@{props['p.curr.log']}&#xD;
&lt;status>Error&lt;/status>&#xD;
&lt;Msg>@{context.errorMessage}&lt;/Msg>&#xD;
&lt;/Log></cc:text>
                    </cc:message>
                </cc:write>
            </cc:steps>
        </cc:async-mediation>
        <cc:workday-out-soap id="PayrollOffcyclePayment-Out" routes-response-to="Log.Off.Success" application="Payroll" version="v39.2"/>
        <cc:local-in id="CloseOffAggLog" routes-to="Agg.Off.Log"/>
        <cc:aggregator id="Agg.Off.Log" routes-to="CreateFinalLogOff" collate-when="!props['p.close.off.log']" force-batch-on-last-message="false" force-batch-when="props['p.close.off.log']">
            <cc:size-batch-strategy batch-size="-1"/>
            <cc:xml-message-content-collater output="message">
        <cc:header-text>&lt;OffPaymentsRoot effdt=&quot;@{props['lp.effective.date']}&quot;></cc:header-text>
        <cc:footer-text>&lt;/OffPaymentsRoot></cc:footer-text>
      </cc:xml-message-content-collater>
        </cc:aggregator>
        <cc:async-mediation id="Log.Off.Success" routes-to="Agg.Off.Log">
            <cc:steps>
                <cc:set-headers id="SetValidationOff">
                    <cc:remove-headers>
                        <cc:remove-header name="X-Validate-Only"/>
                    </cc:remove-headers>
                    <cc:add-headers/>
                </cc:set-headers>
                <cc:write id="Write">
                    <cc:message>
                        <cc:text>&lt;Log>&#xD;
&lt;eID>@{props['p.cur.worker']}&lt;/eID>&#xD;
@{props['p.curr.log']}&#xD;
&lt;status>Success&lt;/status>&#xD;
&lt;/Log></cc:text>
                    </cc:message>
                </cc:write>
            </cc:steps>
        </cc:async-mediation>
        <cc:local-out id="FinalLogOff-Posted" endpoint="vm://wcc/PutIntegrationMessage">
            <cc:set name="is.message.severity" value="'INFO'"/>
            <cc:set name="is.message.summary" value="'Offcycle Payments log attached, INT5366OffcyclePaymentsLog.csv'"/>
            <cc:set name="is.document.variable.name" value="&quot;vStore&quot;"/>
            <cc:set name="is.document.file.name" value="&quot;INT5366OffcyclePaymentsLog.csv&quot;"/>
            <cc:set name="is.document.labels" value="&quot;OffcyclePaymentsLog&quot;"/>
        </cc:local-out>
        <cc:async-mediation id="CreateFinalLogOff" routes-to="FinalLogOff-Posted">
            <cc:steps>
                <cc:xslt-plus id="CreateFinalLogOff" url="CreateFinalLogOff.xsl"/>
                <cc:store id="Store" output="variable" output-variable="vStore" input="message" expiresIn="P180D" title="INT5366OffcyclePaymentsLog.csv"/>
            </cc:steps>
        </cc:async-mediation>
        <cc:sync-mediation id="OffCycle.Main" routes-to="SplitterOff" handle-downstream-errors="true" routes-response-to="Call-CloseOffAggLog">
            <cc:request-steps>
                <cc:xslt-plus id="OffMasterPrep" url="OffMasterPrep.xsl"/>
                <cc:xslt-plus id="PrioritySequence" url="PrioritySequence.xsl"/>
                <cc:xslt-plus id="OffMasterProcess" url="OffMasterProcess.xsl"/>
                <cc:eval id="Eval">
                    <cc:expression>props['p.integration.in.error'] = parts[0].xstreamB('/All_OFF_WS/InRow/errMsg')</cc:expression>
                    <cc:expression>props['p.close.off.log']=false</cc:expression>
                    <cc:expression>props['p.off.data.exists'] = parts[0].xstreamB('/All_OFF_WS/InRow')</cc:expression>
                </cc:eval>
                <cc:validate-exp id="ValidateExp">
                    <cc:expression error-number="1001" failure-message="No off-cycle payments to process">props['p.off.data.exists']</cc:expression>
                </cc:validate-exp>
            </cc:request-steps>
            <cc:response-steps/>
            <cc:send-error id="SendError" rethrow-error="false" routes-to="LogError"/>
        </cc:sync-mediation>
        <cc:local-out id="Call-CloseOffAggLog" store-message="none" execute-when="props['p.off.data.exists']" endpoint="vm://INT5366-Fidelity-DB-Feedback-File-Inbound/CloseOffAggLog"><cc:set name="set" value="props['p.close.off.log']=true"/></cc:local-out>
        <cc:async-mediation id="LogError" routes-to="PIMOffcycleProcess">
            <cc:steps>
                <cc:cloud-log execute-when="context.errorCode != 1001" id="LogError" level="error" message="Process offcycle payments Error" message-details="@{context.errorMessage} at @{context.errorComponentId}" variable-name="vAuditLog"/>
                <cc:cloud-log execute-when="context.errorCode == 1001" id="LogInfo" level="info" message="No payroll off cycle payments to process" message-details="No payroll off cycle payments to process" variable-name="vAuditLog"/>
            </cc:steps>
        </cc:async-mediation>
        <cc:local-out id="PIMOffcycleProcess" endpoint="vm://wcc/PutIntegrationMessage"><cc:set name="is.message.severity" value="context.errorCode == 1001 ? 'INFO' : 'ERROR'"/><cc:set name="is.message.summary" value="context.errorCode == 1001 ? context.errorMessage : context.errorMessage # ' {at} ' context.errorComponentId"/></cc:local-out>
        <cc:async-mediation id="PeriodSchedule" routes-to="Agg.Stack">
            <cc:steps>
                <cc:copy id="Copy" input="variable" input-variable="v.Period.Schedule.Data.XML"/>
            </cc:steps>
        </cc:async-mediation>
        <cc:async-mediation id="LogError0" routes-to="PIMMaster.Process">
            <cc:steps>
                <cc:cloud-log execute-when="context.errorCode != 1001" id="LogError" level="error" message="Fatal payroll inputs process error" message-details="@{context.errorMessage} at @{context.errorComponentId}" variable-name="vAuditLog"/>
                <cc:cloud-log execute-when="context.errorCode == 1001" id="LogInfo" level="info" message="No payroll inputs to process" message-details="No payroll inputs to process" variable-name="vAuditLog"/>
            </cc:steps>
        </cc:async-mediation>
        <cc:local-out id="PIMCheckEmpy" endpoint="vm://wcc/PutIntegrationMessage"><cc:set name="is.message.severity" value="context.errorCode == 1003 ? 'INFO' : 'ERROR'"/><cc:set name="is.message.summary" value="context.errorCode == 1003 ? context.errorMessage : context.errorMessage # ' {at} ' context.errorComponentId"/></cc:local-out>
        <cc:async-mediation id="CheckForFile" routes-to="FileRoute">
            <cc:steps>
                <cc:validate-exp id="ValidateExp">
                    <cc:expression failure-message="No input file retrieved.  Aborting integration.">da.size() > 1</cc:expression>
                </cc:validate-exp>
            </cc:steps>
            <cc:send-error id="SendError" routes-to="PIMNoFile"/>
        </cc:async-mediation>
        <cc:local-out id="PIMNoFile" routes-response-to="AbortNoFile" endpoint="vm://wcc/PutIntegrationMessage">
            <cc:set name="is.message.severity" value="'CRITICAL'"/>
            <cc:set name="is.message.summary" value="context.errorMessage"/>
        </cc:local-out>
        <cc:async-mediation id="AbortNoFile">
            <cc:steps>
                <cc:eval id="Eval">
                    <cc:expression>context.setAbort(true)</cc:expression>
                </cc:eval>
            </cc:steps>
        </cc:async-mediation>
        <cc:async-mediation id="CheckForDetailsRecs" routes-to="PIMInputLog1" handle-downstream-errors="true">
            <cc:steps>
                <cc:validate-exp id="ValidateExp">
                    <cc:expression failure-message="No detail rows recieved on Input File.  Aborting integration.">props['p.RecCount'] > 1</cc:expression>
                </cc:validate-exp>
            </cc:steps>
            <cc:send-error id="SendError" routes-to="PIMNoDetailRecs"/>
        </cc:async-mediation>
        <cc:local-out id="PIMNoDetailRecs" routes-response-to="AbortNoDtlRecs" endpoint="vm://wcc/PutIntegrationMessage">
            <cc:set name="is.message.severity" value="'INFO'"/>
            <cc:set name="is.message.summary" value="context.errorMessage"/>
            <cc:set name="is.message.detail" value="context.errorMessage # ' {at} ' # context.errorComponentId"/>
        </cc:local-out>
        <cc:async-mediation id="AbortNoDtlRecs">
            <cc:steps>
                <cc:eval id="Eval">
                    <cc:expression>context.setAbort(true)</cc:expression>
                </cc:eval>
            </cc:steps>
        </cc:async-mediation>
        <cc:async-mediation id="CheckForHeaderRec" routes-to="CheckForDetailsRecs" handle-downstream-errors="true">
            <cc:steps>
                <cc:validate-exp id="ValidateExp">
                    <cc:expression failure-message="Empty file recieved with no headers.  Aborting integration.">props['p.Header'] > 0</cc:expression>
                </cc:validate-exp>
            </cc:steps>
            <cc:send-error id="SendError" routes-to="PIMNoHeaderRec"/>
        </cc:async-mediation>
        <cc:local-out id="PIMNoHeaderRec" routes-response-to="AbortNoHearderRec" endpoint="vm://wcc/PutIntegrationMessage">
            <cc:set name="is.message.severity" value="'CRITICAL'"/>
            <cc:set name="is.message.summary" value="context.errorMessage"/>
            
        </cc:local-out>
        <cc:async-mediation id="AbortNoHearderRec">
            <cc:steps>
                <cc:eval id="Eval">
                    <cc:expression>context.setAbort(true)</cc:expression>
                </cc:eval>
            </cc:steps>
        </cc:async-mediation>
        <cc:async-mediation id="LogError1" routes-to="PIMCheckEmpy">
            <cc:steps>
                <cc:cloud-log execute-when="context.errorCode != 1003" id="LogError" level="error" message="Process offcycle payments Error" message-details="@{context.errorMessage} at @{context.errorComponentId}" variable-name="vAuditLog"/>
                <cc:cloud-log execute-when="context.errorCode == 1003" id="LogInfo" level="info" message="No payroll off cycle payments to process" message-details="No payroll off cycle payments to process" variable-name="vAuditLog"/>
            </cc:steps>
        </cc:async-mediation>
        <cc:local-out id="PIMnoPayInputs" routes-response-to="AbortNoPayInputs" endpoint="vm://wcc/PutIntegrationMessage"><cc:set name="is.message.severity" value="'INFO'"/><cc:set name="is.message.summary" value="context.errorMessage"/></cc:local-out>
        <cc:async-mediation id="AbortNoPayInputs">
            <cc:steps>
                <cc:eval id="Eval">
                    <cc:expression>context.setAbort(true)</cc:expression>
                </cc:eval>
            </cc:steps>
        </cc:async-mediation>
	</cc:assembly>

</beans>