<?xml version="1.0" encoding="UTF-8"?>
<beans
     xmlns="http://www.springframework.org/schema/beans"
     xmlns:beans="http://www.springframework.org/schema/beans"
     xmlns:atom="http://www.w3.org/2005/Atom"
     xmlns:cc="http://www.capeclear.com/assembly/10"
     xmlns:cloud="urn:com.workday/esb/cloud/10.0"
     xmlns:env="http://schemas.xmlsoap.org/soap/envelope/"
     xmlns:pi="urn:com.workday/picof"
     xmlns:wd="urn:com.workday/bsvc"
     xmlns:xsi="http://www.w3.org/2001/XMLSchema-instance">
 
	<cc:assembly id="WorkdayAssembly" version="2017.35">
        <cc:workday-in id="StartHere" routes-to="PrepRequest">
            <cc:integration-system name="INT_Import_WebService_Studio"/>
        </cc:workday-in>
        <cc:async-mediation id="PrepRequest" routes-to="Import_Payroll_Input">
            <cc:steps>
                <cc:write id="Write">
                    <cc:message>
                        <cc:text>&lt;?xml version=&quot;1.0&quot; encoding=&quot;utf-8&quot;?>&#xD;
&lt;env:Envelope xmlns:env=&quot;http://schemas.xmlsoap.org/soap/envelope/&quot;&#xD;
    xmlns:enc=&quot;http://schemas.xmlsoap.org/soap/encoding/&quot;&#xD;
    xmlns:xsi=&quot;http://www.w3.org/2001/XMLSchema-instance&quot;>&#xD;
    &lt;env:Body>&#xD;
        &lt;wd:Import_Payroll_Input_Request xmlns:wd=&quot;urn:com.workday/bsvc&quot; wd:version=&quot;v29.0&quot;>&#xD;
            &lt;wd:Payroll_Input_Data>&#xD;
                &lt;wd:Payroll_Input_ID>PAYROLL_INPUT-3-165167&lt;/wd:Payroll_Input_ID>&#xD;
                &lt;wd:Batch_ID>Import_Test-02.01.2018&lt;/wd:Batch_ID>&#xD;
                &lt;wd:Ongoing_Input>1&lt;/wd:Ongoing_Input>&#xD;
                &lt;wd:Start_Date>2018-02-01-08:00&lt;/wd:Start_Date>&#xD;
                &lt;wd:Run_Category_Reference>&#xD;
                    &lt;wd:ID wd:type=&quot;Run_Category_ID&quot;>REGULAR&lt;/wd:ID>&#xD;
                &lt;/wd:Run_Category_Reference>&#xD;
                &lt;wd:Worker_Reference>&#xD;
                    &lt;wd:ID wd:type=&quot;Employee_ID&quot;>12345&lt;/wd:ID>&#xD;
                &lt;/wd:Worker_Reference>&#xD;
                &lt;wd:Deduction_Reference>&#xD;
                    &lt;wd:ID wd:type=&quot;Deduction_Code&quot;>ABCDE&lt;/wd:ID>&#xD;
                &lt;/wd:Deduction_Reference>&#xD;
                &lt;wd:Amount>120.30&lt;/wd:Amount>&#xD;
            &lt;/wd:Payroll_Input_Data>&#xD;
        &lt;/wd:Import_Payroll_Input_Request>&#xD;
    &lt;/env:Body>&#xD;
&lt;/env:Envelope>&#xD;
</cc:text>
                    </cc:message>
                </cc:write>
            </cc:steps>
        </cc:async-mediation>
        <cc:workday-out-soap id="Import_Payroll_Input" routes-response-to="WIDResponse" application="Payroll" version="v29.0"/>
        <cc:async-mediation id="GetImpProMessResonse">
            <cc:steps>
                <cc:eval id="Eval0">
                    <cc:expression>props['error']=parts[0].xpath('env:Envelope/env:Body/wd:Get_Import_Process_Messages_Response/wd:Response_Data/wd:Import_Process_Message/wd:Import_Process_Message_Data/wd:Message_Summary')</cc:expression>
                </cc:eval>
                <cc:log id="Log0">
                    <cc:log-message>
                        <cc:message-content/>
                    </cc:log-message>
                </cc:log>
            </cc:steps>
        </cc:async-mediation>
        <cc:workday-out-soap id="GetImportProcessesMessage" routes-response-to="GetImpProMessResonse" application="Integrations" version="v27.0"/>
        <cc:async-mediation id="GetMessageRequest" routes-to="GetImportProcessesMessage">
            <cc:steps>
                <cc:write id="Write">
                    <cc:message>
                        <cc:text>&lt;?xml version=&quot;1.0&quot; encoding=&quot;UTF-8&quot;?>&#xD;
&lt;env:Envelope&#xD;
    xmlns:env=&quot;http://schemas.xmlsoap.org/soap/envelope/&quot;&#xD;
    xmlns:xsd=&quot;http://www.w3.org/2001/XMLSchema&quot;>&#xD;
    &lt;env:Body>&#xD;
        &lt;wd:Get_Import_Process_Messages_Request&#xD;
            xmlns:wd=&quot;urn:com.workday/bsvc&quot;&#xD;
            wd:version=&quot;v27.0&quot;>&#xD;
            &lt;wd:Request_Criteria>&#xD;
                &lt;wd:Import_Process_Reference>&#xD;
                    &lt;wd:ID wd:type=&quot;WID&quot;>@{props['WID']}&lt;/wd:ID>&#xD;
                &lt;/wd:Import_Process_Reference>&#xD;
            &lt;/wd:Request_Criteria>&#xD;
            &lt;/wd:Get_Import_Process_Messages_Request>&#xD;
    &lt;/env:Body>&#xD;
&lt;/env:Envelope></cc:text>
                    </cc:message>
                </cc:write>
            </cc:steps>
        </cc:async-mediation>
        <cc:async-mediation id="Completed">
            <cc:steps>
                <cc:eval id="Eval"/>
            </cc:steps>
        </cc:async-mediation>
        <cc:async-mediation id="DoNothing">
            <cc:steps>
            </cc:steps>
        </cc:async-mediation>
        <cc:route id="chkRunStat">
            <cc:mvel-strategy>
                <cc:choose-route expression="props['run.stat'] == 'Completed With Errors'" route="Error"/>
                <cc:choose-route expression="props['run.stat'] == 'Processing'" route="Processing"/>
                <cc:choose-route expression="true" route="Alternate"/>
            </cc:mvel-strategy>
            <cc:sub-route name="SubRoute" routes-to="DoNothing"/>
            <cc:sub-route name="Alternate" routes-to="Completed"/>
            <cc:sub-route name="Error" routes-to="GetMessageRequest"/>
        </cc:route>
        <cc:async-mediation id="GetImpProResponse" routes-to="CallGetImpProMess">
            <cc:steps>
                <cc:eval id="Flag"><cc:expression>props['run.stat'] = parts[0].xpath('env:Envelope/env:Body/wd:Get_Import_Processes_Response/wd:Response_Data/wd:Import_Process/wd:Import_Process_Data/wd:Status_Reference/@wd:Descriptor')</cc:expression></cc:eval>
                <cc:log id="Log">
                    <cc:log-message>
                        <cc:text>Status:     @{props['run.stat']}&#xD;
&#xD;
&#xD;
Response: </cc:text>
                        <cc:message-content/>
                    </cc:log-message>
                </cc:log>
            </cc:steps>
        </cc:async-mediation>
        <cc:workday-out-soap id="GetImportProcesses" routes-response-to="GetImpProResponse" application="Integrations" version="v29.0"/>
        <cc:async-mediation id="GetImportProReq" routes-to="GetImportProcesses" handle-downstream-errors="true">
            <cc:steps>
                <cc:write id="Write" output-mimetype="text/xml">
                    <cc:message>
                        <cc:text>&lt;env:Envelope xmlns:env=&quot;http://schemas.xmlsoap.org/soap/envelope/&quot; xmlns:wd=&quot;urn:com.workday/bsvc&quot;>
	&lt;env:Body>
		&lt;wd:Get_Import_Processes_Request>
			&lt;wd:Request_References>
				&lt;wd:Import_Process_Reference>
					&lt;wd:ID wd:type=&quot;WID&quot;>@{props['WID']}&lt;/wd:ID>
				&lt;/wd:Import_Process_Reference>
			&lt;/wd:Request_References>
		&lt;/wd:Get_Import_Processes_Request>
	&lt;/env:Body>
&lt;/env:Envelope></cc:text>
                    </cc:message>
                </cc:write>
            </cc:steps>
        </cc:async-mediation>
        <cc:route id="LoopResponse">
            <cc:loop-strategy condition="props['run.stat'] == 'Processing'"/>
            <cc:sub-route name="SubRoute" routes-to="GetImportProReq"/>
        </cc:route>
        <cc:async-mediation id="WIDResponse" routes-to="CallGetImpPro">
            <cc:steps>
                <cc:log id="Log">
                    <cc:log-message>
                        <cc:message-content/>
                    </cc:log-message>
                </cc:log>
                <cc:eval id="Eval"><cc:expression>props['WID'] = parts[0].xpath('env:Envelope/env:Body/wd:Put_Import_Process_Response/wd:Import_Process_Reference/wd:ID[@wd:type=&quot;WID&quot;]')</cc:expression>
                    <cc:expression>props['run.stat'] = 'Processing'</cc:expression></cc:eval>
            </cc:steps>
        </cc:async-mediation>
        <cc:local-out id="CallGetImpPro" store-message="none" endpoint="vm://INT_Import_WebService_Studio/GetImpPro"/>
        <cc:local-in id="GetImpPro" routes-to="LoopResponse"/>
        <cc:local-out id="Note-Error" endpoint="vm://wcc/PutIntegrationMessage">
            <cc:set name="is.message.severity" value="'CRITICAL'"/>
            <cc:set name="is.message.summary" value="context.errorMessage"/>
        </cc:local-out>
        <cc:send-error id="global-error-handler" rethrow-error="false" routes-to="Note-Error"/>
        <cc:local-out id="CallGetImpProMess" store-message="none" endpoint="vm://INT_Import_WebService_Studio/GetImpProMess"/>
        <cc:local-in id="GetImpProMess" routes-to="chkRunStat"/>
	</cc:assembly>

</beans>