<?xml version="1.0" encoding="UTF-8"?>
<wdnm:Diagram xmlns:wdnm="http://workday.com/studio/editors/notation">
  <element href="assembly.xml#WorkdayAssembly"/>
  <visualProperties x="273" y="118">
    <element href="assembly.xml#AM-Get_Attr_and_LPs"/>
  </visualProperties>
  <visualProperties x="175" y="333">
    <element href="assembly.xml#Reversal-ProcessOneCompany"/>
  </visualProperties>
  <visualProperties x="439" y="166">
    <element href="assembly.xml#ROUTE-SplitCompanies"/>
  </visualProperties>
  <visualProperties x="335" y="346">
    <element href="assembly.xml#Splitter"/>
  </visualProperties>
  <visualProperties x="465" y="382">
    <element href="assembly.xml#AsyncMediation"/>
  </visualProperties>
  <visualProperties x="161" y="596">
    <element href="assembly.xml#Reversal-ProcessOneInvoice"/>
  </visualProperties>
  <visualProperties x="609" y="166">
    <element href="assembly.xml#WD-OUT-RunRAAS"/>
  </visualProperties>
  <visualProperties x="622" y="178">
    <element href="assembly.xml#AM-SetReportPath"/>
  </visualProperties>
  <visualProperties x="888" y="202">
    <element href="assembly.xml#AM-LogReportOutput"/>
  </visualProperties>
  <visualProperties x="335" y="631">
    <element href="assembly.xml#CatchError"/>
  </visualProperties>
  <visualProperties x="1080" y="188">
    <element href="assembly.xml#Reversal-ProcessOneCompany0"/>
  </visualProperties>
  <visualProperties x="348" y="620">
    <element href="assembly.xml#CallVertexWS"/>
  </visualProperties>
  <visualProperties x="612" y="635">
    <element href="assembly.xml#AM-WriteInvVtxResponse"/>
  </visualProperties>
  <visualProperties x="837" y="488">
    <element href="assembly.xml#Reversal-ProcessOneInvoice0"/>
  </visualProperties>
  <visualProperties x="787" y="623">
    <element href="assembly.xml#REST-UpdateCustomObj"/>
  </visualProperties>
  <visualProperties x="865" y="535">
    <element href="assembly.xml#AsyncMediation0"/>
  </visualProperties>
  <visualProperties x="44" y="1107">
    <element href="assembly.xml#//@beans/@mixed.1/@mixed.33"/>
  </visualProperties>
  <visualProperties x="332" y="1071">
    <element href="assembly.xml#Note-Error"/>
  </visualProperties>
  <visualProperties x="171" y="293">
    <element href="assembly.xml#Reversal-ProcessAllCompanies"/>
  </visualProperties>
  <visualProperties x="339" y="108">
    <element href="assembly.xml#Reversal-ProcessAllCompanies0"/>
  </visualProperties>
  <visualProperties x="556" y="144">
    <element href="assembly.xml#AM-LogRunStatus"/>
  </visualProperties>
  <visualProperties x="383" y="782">
    <element href="assembly.xml#AsyncMediation1"/>
  </visualProperties>
  <visualProperties x="190" y="726">
    <element href="assembly.xml#AM-LogRptOutp"/>
  </visualProperties>
  <visualProperties x="328" y="532">
    <element href="assembly.xml#AM-LogReportEntry"/>
  </visualProperties>
  <visualProperties x="748" y="535">
    <element href="assembly.xml#AM-LogRevReq"/>
  </visualProperties>
  <visualProperties x="173" y="747">
    <element href="assembly.xml#AM-LogVertexReq"/>
  </visualProperties>
  <visualProperties x="637" y="738">
    <element href="assembly.xml#AM-LogVertexRsp"/>
  </visualProperties>
  <visualProperties x="1306" y="749">
    <element href="assembly.xml#AM-LogRESTrsp"/>
  </visualProperties>
  <visualProperties x="786" y="111">
    <element href="assembly.xml#PutIntegrationMessage"/>
  </visualProperties>
  <visualProperties x="1096" y="740">
    <element href="assembly.xml#WorkdayOutRest"/>
  </visualProperties>
  <visualProperties x="806" y="713">
    <element href="assembly.xml#AsyncMediation2"/>
  </visualProperties>
  <visualProperties x="486" y="444">
    <element href="assembly.xml#PutRaaSError"/>
  </visualProperties>
  <visualProperties x="977" y="783">
    <element href="assembly.xml#PutRestError"/>
  </visualProperties>
  <visualProperties x="1182" y="783">
    <element href="assembly.xml#PutRestError0"/>
  </visualProperties>
  <visualProperties x="1046" y="548">
    <element href="assembly.xml#AsyncMediation3"/>
  </visualProperties>
  <visualProperties x="359" y="571">
    <element href="assembly.xml#PIM"/>
  </visualProperties>
  <visualProperties x="886" y="555">
    <element href="assembly.xml#CallSubRoutine"/>
  </visualProperties>
  <visualProperties x="23" y="101">
    <element href="assembly.xml#Batch-Customer-Reversal-IN"/>
  </visualProperties>
  <connections type="routesTo" sourceAnchorX="0.937007874015748" sourceAnchorY="1.0" targetAnchorX="0.16216216216216217" targetAnchorY="0.17391304347826086">
    <source href="assembly.xml#//@beans/@mixed.1/@route.0/@subRoute.0"/>
    <target href="assembly.xml#AM-SetReportPath"/>
  </connections>
  <connections type="routesTo" sourceAnchorX="1.0" sourceAnchorY="0.20652173913043478" targetAnchorX="0.2391304347826087" targetAnchorY="0.4864864864864865">
    <source href="assembly.xml#AM-SetReportPath"/>
    <target href="assembly.xml#WD-OUT-RunRAAS"/>
  </connections>
  <connections type="routesResponseTo" sourceAnchorX="0.41304347826086957" sourceAnchorY="1.0" targetAnchorX="0.4921875" targetAnchorY="0.05434782608695652">
    <source href="assembly.xml#WD-OUT-RunRAAS"/>
    <target href="assembly.xml#AM-LogReportOutput"/>
  </connections>
  <connections type="routesTo" sourceAnchorX="1.0" sourceAnchorY="0.358695652173913" targetAnchorX="0.5393258426966292" targetAnchorY="0.5675675675675675">
    <source href="assembly.xml#CatchError"/>
    <target href="assembly.xml#CallVertexWS"/>
  </connections>
  <connections type="routesTo" sourceAnchorX="0.9669421487603306" sourceAnchorY="0.43243243243243246" targetAnchorX="0.06060606060606061" targetAnchorY="0.3783783783783784">
    <source href="assembly.xml#//@beans/@mixed.1/@mixed.33"/>
    <target href="assembly.xml#Note-Error"/>
  </connections>
  <connections type="routesTo" sourceAnchorX="1.0" sourceAnchorY="0.31521739130434784" targetAnchorX="0.164021164021164" targetAnchorY="0.6756756756756757">
    <source href="assembly.xml#AM-Get_Attr_and_LPs"/>
    <target href="assembly.xml#Reversal-ProcessAllCompanies0"/>
  </connections>
  <connections type="routesResponseTo" sourceAnchorX="0.7671957671957672" sourceAnchorY="1.0" targetAnchorX="0.46551724137931033" targetAnchorY="0.07608695652173914">
    <source href="assembly.xml#Reversal-ProcessAllCompanies0"/>
    <target href="assembly.xml#AM-LogRunStatus"/>
  </connections>
  <connections type="routesTo" sourceAnchorX="0.8532608695652174" sourceAnchorY="1.0" targetAnchorX="0.37142857142857144" targetAnchorY="0.07333333333333333">
    <source href="assembly.xml#Reversal-ProcessAllCompanies"/>
    <target href="assembly.xml#ROUTE-SplitCompanies"/>
  </connections>
  <connections type="routesTo" sourceAnchorX="1.0" sourceAnchorY="0.358695652173913" targetAnchorX="0.39814814814814814" targetAnchorY="0.18478260869565216">
    <source href="assembly.xml#AM-LogReportOutput"/>
    <target href="assembly.xml#AM-LogRptOutp"/>
  </connections>
  <connections type="routesTo" sourceAnchorX="1.0" sourceAnchorY="0.2717391304347826" targetAnchorX="0.21693121693121692" targetAnchorY="0.2702702702702703">
    <source href="assembly.xml#AM-LogRptOutp"/>
    <target href="assembly.xml#Reversal-ProcessOneCompany0"/>
  </connections>
  <connections type="routesTo" sourceAnchorX="1.0" sourceAnchorY="0.31521739130434784" targetAnchorX="0.16551724137931034" targetAnchorY="0.25">
    <source href="assembly.xml#AM-LogReportEntry"/>
    <target href="assembly.xml#AsyncMediation"/>
  </connections>
  <connections type="routesTo" sourceAnchorX="1.0" sourceAnchorY="1.0" targetAnchorX="0.2786885245901639" targetAnchorY="0.16304347826086957">
    <source href="assembly.xml#//@beans/@mixed.1/@splitter.0/@subRoute.0"/>
    <target href="assembly.xml#AM-LogReportEntry"/>
  </connections>
  <connections type="routesTo" sourceAnchorX="1.0" sourceAnchorY="0.358695652173913" targetAnchorX="0.411214953271028" targetAnchorY="0.1956521739130435">
    <source href="assembly.xml#AsyncMediation"/>
    <target href="assembly.xml#AM-LogRevReq"/>
  </connections>
  <connections type="routesTo" sourceAnchorX="1.0" sourceAnchorY="0.2717391304347826" targetAnchorX="0.19553072625698323" targetAnchorY="0.5135135135135135">
    <source href="assembly.xml#AM-LogRevReq"/>
    <target href="assembly.xml#Reversal-ProcessOneInvoice0"/>
  </connections>
  <connections type="routesTo" sourceAnchorX="0.9770114942528736" sourceAnchorY="1.0" targetAnchorX="0.6486486486486487" targetAnchorY="0.03260869565217391">
    <source href="assembly.xml#Reversal-ProcessOneInvoice"/>
    <target href="assembly.xml#AM-LogVertexReq"/>
  </connections>
  <connections type="routesTo" sourceAnchorX="1.0" sourceAnchorY="0.2608695652173913" targetAnchorX="0.3305785123966942" targetAnchorY="0.12195121951219512">
    <source href="assembly.xml#AM-LogVertexReq"/>
    <target href="assembly.xml#CatchError"/>
  </connections>
  <connections type="routesResponseTo" sourceAnchorX="0.6902654867256637" sourceAnchorY="1.0" targetAnchorX="0.28448275862068967" targetAnchorY="0.13043478260869565">
    <source href="assembly.xml#CallVertexWS"/>
    <target href="assembly.xml#AM-LogVertexRsp"/>
  </connections>
  <connections type="routesResponseTo" sourceAnchorX="0.7848101265822784" sourceAnchorY="1.0" targetAnchorX="0.21818181818181817" targetAnchorY="0.16304347826086957">
    <source href="assembly.xml#REST-UpdateCustomObj"/>
    <target href="assembly.xml#AM-LogRESTrsp"/>
  </connections>
  <connections type="routesTo" sourceAnchorX="1.0" sourceAnchorY="0.391304347826087" targetAnchorX="0.4594594594594595" targetAnchorY="0.08695652173913043">
    <source href="assembly.xml#AM-LogRESTrsp"/>
    <target href="assembly.xml#AsyncMediation0"/>
  </connections>
  <connections type="routesTo" sourceAnchorX="0.6708860759493671" sourceAnchorY="1.0" targetAnchorX="0.4672131147540984" targetAnchorY="0.1956521739130435">
    <source href="assembly.xml#//@beans/@mixed.1/@mixed.19/@mixed.3"/>
    <target href="assembly.xml#AsyncMediation1"/>
  </connections>
  <connections type="routesTo" sourceAnchorX="1.0" sourceAnchorY="0.30434782608695654" targetAnchorX="0.22" targetAnchorY="0.5675675675675675">
    <source href="assembly.xml#AM-LogRunStatus"/>
    <target href="assembly.xml#PutIntegrationMessage"/>
  </connections>
  <connections type="routesResponseTo" sourceAnchorX="0.7777777777777778" sourceAnchorY="1.0" targetAnchorX="0.379746835443038" targetAnchorY="0.5675675675675675">
    <source href="assembly.xml#WorkdayOutRest"/>
    <target href="assembly.xml#REST-UpdateCustomObj"/>
  </connections>
  <connections type="routesTo" sourceAnchorX="1.0" sourceAnchorY="0.3695652173913043" targetAnchorX="0.43243243243243246" targetAnchorY="0.1956521739130435">
    <source href="assembly.xml#AM-LogVertexRsp"/>
    <target href="assembly.xml#AsyncMediation2"/>
  </connections>
  <connections type="routesTo" sourceAnchorX="1.0" sourceAnchorY="0.20652173913043478" targetAnchorX="0.23448275862068965" targetAnchorY="0.22826086956521738">
    <source href="assembly.xml#AsyncMediation2"/>
    <target href="assembly.xml#AM-WriteInvVtxResponse"/>
  </connections>
  <connections type="routesTo" sourceAnchorX="0.7130434782608696" sourceAnchorY="1.0" targetAnchorX="0.5935483870967742" targetAnchorY="0.2972972972972973">
    <source href="assembly.xml#//@beans/@mixed.1/@mixed.15/@mixed.3"/>
    <target href="assembly.xml#PutRaaSError"/>
  </connections>
  <connections type="routesTo" sourceAnchorX="1.0" sourceAnchorY="0.2608695652173913" targetAnchorX="0.5079365079365079" targetAnchorY="0.7297297297297297">
    <source href="assembly.xml#AM-WriteInvVtxResponse"/>
    <target href="assembly.xml#WorkdayOutRest"/>
  </connections>
  <connections type="routesTo" sourceAnchorX="0.2608695652173913" sourceAnchorY="1.0" targetAnchorX="0.38181818181818183" targetAnchorY="0.5135135135135135">
    <source href="assembly.xml#//@beans/@mixed.1/@mixed.61/@mixed.3"/>
    <target href="assembly.xml#PutRestError"/>
  </connections>
  <connections type="routesTo" sourceAnchorX="0.4057971014492754" sourceAnchorY="1.0" targetAnchorX="0.5130434782608696" targetAnchorY="0.6486486486486487">
    <source href="assembly.xml#//@beans/@mixed.1/@mixed.25/@mixed.3"/>
    <target href="assembly.xml#PutRestError0"/>
  </connections>
  <connections type="routesTo" sourceAnchorX="0.7596153846153846" sourceAnchorY="1.0" targetAnchorX="0.6216216216216216" targetAnchorY="0.43243243243243246">
    <source href="assembly.xml#//@beans/@mixed.1/@mixed.69/@mixed.3"/>
    <target href="assembly.xml#PIM"/>
  </connections>
  <connections type="routesTo" sourceAnchorX="1.0" sourceAnchorY="0.8378378378378378" targetAnchorX="0.15315315315315314" targetAnchorY="0.056910569105691054">
    <source href="assembly.xml#Reversal-ProcessOneCompany"/>
    <target href="assembly.xml#AsyncMediation3"/>
  </connections>
  <connections type="routesTo" sourceAnchorX="0.0" sourceAnchorY="0.16260162601626016" targetAnchorX="0.3870967741935484" targetAnchorY="0.14">
    <source href="assembly.xml#AsyncMediation3"/>
    <target href="assembly.xml#Splitter"/>
  </connections>
  <connections type="routesTo" sourceAnchorX="0.745945945945946" sourceAnchorY="1.0" targetAnchorX="0.5916666666666667" targetAnchorY="0.40540540540540543">
    <source href="assembly.xml#//@beans/@mixed.1/@mixed.9/@mixed.3"/>
    <target href="assembly.xml#CallSubRoutine"/>
  </connections>
  <connections type="routesTo" sourceAnchorX="0.9262295081967213" sourceAnchorY="1.0" targetAnchorX="0.2222222222222222" targetAnchorY="0.22340425531914893">
    <source href="assembly.xml#Batch-Customer-Reversal-IN"/>
    <target href="assembly.xml#AM-Get_Attr_and_LPs"/>
  </connections>
  <swimlanes x="16" y="-3" name="GetParmsAndCallRAAS">
    <elements href="assembly.xml#Batch-Customer-Reversal-IN"/>
    <elements href="assembly.xml#AM-Get_Attr_and_LPs"/>
    <elements href="assembly.xml#Reversal-ProcessAllCompanies0"/>
    <elements href="assembly.xml#AM-LogRunStatus"/>
    <elements href="assembly.xml#PutIntegrationMessage"/>
  </swimlanes>
  <swimlanes x="-11" y="448" name="ProcessOneCompany">
    <elements href="assembly.xml#Reversal-ProcessOneCompany"/>
    <elements href="#//@swimlanes.9"/>
    <elements href="assembly.xml#Splitter"/>
    <elements href="assembly.xml#AM-LogReportEntry"/>
    <elements href="#//@swimlanes.10"/>
    <elements href="assembly.xml#AM-LogRevReq"/>
    <elements href="assembly.xml#Reversal-ProcessOneInvoice0"/>
  </swimlanes>
  <swimlanes x="-29" y="742" name="ProcessOneInvoice">
    <elements href="assembly.xml#Reversal-ProcessOneInvoice"/>
    <elements href="assembly.xml#AM-LogVertexReq"/>
    <elements href="#//@swimlanes.4"/>
    <elements href="assembly.xml#CallVertexWS"/>
    <elements href="assembly.xml#AM-LogVertexRsp"/>
    <elements href="#//@swimlanes.7"/>
    <elements href="#//@swimlanes.8"/>
    <elements href="assembly.xml#WorkdayOutRest"/>
    <elements href="assembly.xml#REST-UpdateCustomObj"/>
    <elements href="assembly.xml#AM-LogRESTrsp"/>
    <elements href="assembly.xml#AsyncMediation0"/>
  </swimlanes>
  <swimlanes x="-11" y="148" name="ProcessAllCompanies">
    <elements href="assembly.xml#Reversal-ProcessAllCompanies"/>
    <elements href="assembly.xml#ROUTE-SplitCompanies"/>
    <elements href="#//@swimlanes.6"/>
    <elements href="assembly.xml#WD-OUT-RunRAAS"/>
    <elements href="assembly.xml#AM-LogReportOutput"/>
    <elements href="assembly.xml#AM-LogRptOutp"/>
    <elements href="assembly.xml#Reversal-ProcessOneCompany0"/>
  </swimlanes>
  <swimlanes x="340" y="709" name="Swimlane" orientation="VERTICAL">
    <elements href="assembly.xml#CatchError"/>
    <elements href="assembly.xml#AsyncMediation1"/>
  </swimlanes>
  <swimlanes x="122" y="1171" name="GLOBAL ERROR HANDLER">
    <elements href="assembly.xml#//@beans/@mixed.1/@mixed.33"/>
    <elements href="assembly.xml#Note-Error"/>
  </swimlanes>
  <swimlanes x="521" y="327" name="Swimlane" orientation="VERTICAL">
    <elements href="assembly.xml#AM-SetReportPath"/>
    <elements href="assembly.xml#PutRaaSError"/>
  </swimlanes>
  <swimlanes x="818" y="766" name="Swimlane" orientation="VERTICAL">
    <elements href="assembly.xml#AsyncMediation2"/>
    <elements href="assembly.xml#PutRestError"/>
  </swimlanes>
  <swimlanes x="990" y="742" name="Swimlane" orientation="VERTICAL">
    <elements href="assembly.xml#AM-WriteInvVtxResponse"/>
    <elements href="assembly.xml#PutRestError0"/>
  </swimlanes>
  <swimlanes x="179" y="597" name="Swimlane" orientation="VERTICAL">
    <elements href="assembly.xml#AsyncMediation3"/>
    <elements href="assembly.xml#PIM"/>
  </swimlanes>
  <swimlanes x="649" y="548" name="Swimlane" orientation="VERTICAL">
    <elements href="assembly.xml#AsyncMediation"/>
    <elements href="assembly.xml#CallSubRoutine"/>
  </swimlanes>
</wdnm:Diagram>
