<?xml version="1.0" encoding="UTF-8"?>
<wdnm:Diagram xmlns:wdnm="http://workday.com/studio/editors/notation">
  <element href="assembly.xml#WorkdayAssembly"/>
  <visualProperties>
    <element href="assembly.xml#StartHere"/>
  </visualProperties>
  <visualProperties>
    <element href="assembly.xml#PutIntegrationMessage0"/>
  </visualProperties>
  <visualProperties>
    <element href="assembly.xml#ValidationMode"/>
  </visualProperties>
  <visualProperties>
    <element href="assembly.xml#Call-FileRetrieval"/>
  </visualProperties>
  <visualProperties>
    <element href="assembly.xml#Call-CloseInputfileAgg"/>
  </visualProperties>
  <visualProperties>
    <element href="assembly.xml#Validate-Input-File"/>
  </visualProperties>
  <visualProperties>
    <element href="assembly.xml#PutEmptyFileMessage"/>
  </visualProperties>
  <visualProperties x="22" y="284">
    <element href="assembly.xml#FileRetrieval"/>
  </visualProperties>
  <visualProperties x="-359" y="380">
    <element href="assembly.xml#AsyncMediation0"/>
  </visualProperties>
  <visualProperties>
    <element href="assembly.xml#AsyncMediation1"/>
  </visualProperties>
  <visualProperties>
    <element href="assembly.xml#PutIntegrationMessage6"/>
  </visualProperties>
  <visualProperties>
    <element href="assembly.xml#Splitter"/>
  </visualProperties>
  <visualProperties>
    <element href="assembly.xml#save-emplid-in-HashSet"/>
  </visualProperties>
  <visualProperties>
    <element href="assembly.xml#CloseInputfileAgg"/>
  </visualProperties>
  <visualProperties>
    <element href="assembly.xml#Aggregator"/>
  </visualProperties>
  <visualProperties>
    <element href="assembly.xml#AsyncMediation2"/>
  </visualProperties>
  <visualProperties x="1085" y="201">
    <element href="assembly.xml#Call-GetWorkerTenantedData"/>
  </visualProperties>
  <visualProperties>
    <element href="assembly.xml#GetWorkers1"/>
  </visualProperties>
  <visualProperties>
    <element href="assembly.xml#AsyncMediation4"/>
  </visualProperties>
  <visualProperties>
    <element href="assembly.xml#AsyncMediation7"/>
  </visualProperties>
  <visualProperties>
    <element href="assembly.xml#WorkerResponse"/>
  </visualProperties>
  <visualProperties>
    <element href="assembly.xml#GetWorker"/>
  </visualProperties>
  <visualProperties>
    <element href="assembly.xml#WorkerRequest"/>
  </visualProperties>
  <visualProperties>
    <element href="assembly.xml#Call-CleanID"/>
  </visualProperties>
  <visualProperties>
    <element href="assembly.xml#Splitter2"/>
  </visualProperties>
  <visualProperties>
    <element href="assembly.xml#AsyncMediation3"/>
  </visualProperties>
  <visualProperties>
    <element href="assembly.xml#CleanID"/>
  </visualProperties>
  <visualProperties>
    <element href="assembly.xml#SyncMediation0"/>
  </visualProperties>
  <visualProperties>
    <element href="assembly.xml#Splitter20"/>
  </visualProperties>
  <visualProperties>
    <element href="assembly.xml#AsyncMediation7010"/>
  </visualProperties>
  <visualProperties>
    <element href="assembly.xml#DeleteInvalidID"/>
  </visualProperties>
  <visualProperties>
    <element href="assembly.xml#ErrorAggregate"/>
  </visualProperties>
  <visualProperties>
    <element href="assembly.xml#WriteError"/>
  </visualProperties>
  <visualProperties>
    <element href="assembly.xml#ErrorFinalCollator"/>
  </visualProperties>
  <visualProperties>
    <element href="assembly.xml#Aggregator0"/>
  </visualProperties>
  <visualProperties>
    <element href="assembly.xml#AsyncMediation6"/>
  </visualProperties>
  <visualProperties x="1414" y="197">
    <element href="assembly.xml#Call-ErrorFinalCollator"/>
  </visualProperties>
  <visualProperties x="1746" y="33">
    <element href="assembly.xml#Call_Get_Submit_Payroll_Input"/>
  </visualProperties>
  <visualProperties x="46" y="309">
    <element href="assembly.xml#Call-ProcessWorkers"/>
  </visualProperties>
  <visualProperties x="140" y="2042">
    <element href="assembly.xml#ProcessWorkers"/>
  </visualProperties>
  <visualProperties>
    <element href="assembly.xml#AsyncMediation70"/>
  </visualProperties>
  <visualProperties>
    <element href="assembly.xml#CallNoErrorRow"/>
  </visualProperties>
  <visualProperties x="590" y="1888">
    <element href="assembly.xml#Splitter3"/>
  </visualProperties>
  <visualProperties x="857" y="2007">
    <element href="assembly.xml#AsyncMediation10"/>
  </visualProperties>
  <visualProperties x="942" y="2068">
    <element href="assembly.xml#CallErrorLog1"/>
  </visualProperties>
  <visualProperties x="236" y="2945">
    <element href="assembly.xml#Createnewinput"/>
  </visualProperties>
  <visualProperties x="386" y="2975">
    <element href="assembly.xml#AsyncMediation17"/>
  </visualProperties>
  <visualProperties x="561" y="2992">
    <element href="assembly.xml#Call_Final_WebService"/>
  </visualProperties>
  <visualProperties x="238" y="3123">
    <element href="assembly.xml#Final_Webservice"/>
  </visualProperties>
  <visualProperties x="209" y="3295">
    <element href="assembly.xml#SyncMediation2"/>
  </visualProperties>
  <visualProperties x="174" y="3310">
    <element href="assembly.xml#UpdatePayrollinput"/>
  </visualProperties>
  <visualProperties y="2852">
    <element href="assembly.xml#WorkdayOutSoap0"/>
  </visualProperties>
  <visualProperties x="142" y="3282">
    <element href="assembly.xml#UpdatePayrollInputafter"/>
  </visualProperties>
  <visualProperties x="63" y="3225">
    <element href="assembly.xml#AsyncMediation00"/>
  </visualProperties>
  <visualProperties x="496" y="3480">
    <element href="assembly.xml#Call_Error"/>
  </visualProperties>
  <visualProperties x="1165" y="3166">
    <element href="assembly.xml#CallSuccesslog"/>
  </visualProperties>
  <visualProperties y="4397">
    <element href="assembly.xml#PutIntegrationMessage"/>
  </visualProperties>
  <visualProperties x="421" y="619">
    <element href="assembly.xml#PutIntegrationMessage60"/>
  </visualProperties>
  <visualProperties x="582" y="28">
    <element href="assembly.xml#Init-In"/>
  </visualProperties>
  <visualProperties x="428" y="25">
    <element href="assembly.xml#InitMediation"/>
  </visualProperties>
  <visualProperties x="253" y="129">
    <element href="assembly.xml#Call-InitProps"/>
  </visualProperties>
  <visualProperties x="206" y="398">
    <element href="assembly.xml#CallValidateInputFile"/>
  </visualProperties>
  <visualProperties x="726" y="358">
    <element href="assembly.xml#Validate-INput-File"/>
  </visualProperties>
  <visualProperties x="330" y="5491">
    <element href="assembly.xml#//@beans/@mixed.1/@mixed.127"/>
  </visualProperties>
  <visualProperties x="635" y="5491">
    <element href="assembly.xml#Note-Error"/>
  </visualProperties>
  <visualProperties x="208" y="1083">
    <element href="assembly.xml#Validate-Input-File0"/>
  </visualProperties>
  <visualProperties x="203" y="1075">
    <element href="assembly.xml#PutEmptyFileMessage0"/>
  </visualProperties>
  <visualProperties x="1040" y="2137">
    <element href="assembly.xml#AsyncMediation12"/>
  </visualProperties>
  <visualProperties x="1512" y="2100">
    <element href="assembly.xml#Route0"/>
  </visualProperties>
  <visualProperties x="1658" y="2184">
    <element href="assembly.xml#Call-LIF"/>
  </visualProperties>
  <visualProperties x="1651" y="2178">
    <element href="assembly.xml#Call-OTH"/>
  </visualProperties>
  <visualProperties x="529" y="2519">
    <element href="assembly.xml#LIF"/>
  </visualProperties>
  <visualProperties x="490" y="2634">
    <element href="assembly.xml#OTH"/>
  </visualProperties>
  <visualProperties x="572" y="2683">
    <element href="assembly.xml#AsyncMediation9"/>
  </visualProperties>
  <visualProperties x="757" y="2546">
    <element href="assembly.xml#Route"/>
  </visualProperties>
  <visualProperties x="359" y="2598">
    <element href="assembly.xml#Route1"/>
  </visualProperties>
  <visualProperties x="784" y="3150">
    <element href="assembly.xml#AsyncMediation15"/>
  </visualProperties>
  <visualProperties x="766" y="3276">
    <element href="assembly.xml#AsyncMediation16"/>
  </visualProperties>
  <visualProperties x="800" y="3192">
    <element href="assembly.xml#AsyncMediation8"/>
  </visualProperties>
  <visualProperties x="779" y="2227">
    <element href="assembly.xml#AsyncMediation"/>
  </visualProperties>
  <visualProperties x="394" y="2352">
    <element href="assembly.xml#AsyncMediation5"/>
  </visualProperties>
  <visualProperties x="341" y="2410">
    <element href="assembly.xml#AsyncMediation11"/>
  </visualProperties>
  <visualProperties x="324" y="2452">
    <element href="assembly.xml#AsyncMediation110"/>
  </visualProperties>
  <visualProperties x="371" y="2576">
    <element href="assembly.xml#AsyncMediation1100"/>
  </visualProperties>
  <visualProperties x="241" y="3393">
    <element href="assembly.xml#AsyncMediation80"/>
  </visualProperties>
  <visualProperties x="397" y="2906">
    <element href="assembly.xml#CallSubRoutine0"/>
  </visualProperties>
  <visualProperties>
    <element href="assembly.xml#CallSubRoutine00"/>
  </visualProperties>
  <visualProperties x="1073" y="1758">
    <element href="assembly.xml#AsyncMediation13"/>
  </visualProperties>
  <visualProperties x="1107" y="1889">
    <element href="assembly.xml#AsyncMediation14"/>
  </visualProperties>
  <visualProperties x="302" y="2001">
    <element href="assembly.xml#CallErrorLog10"/>
  </visualProperties>
  <connections type="routesResponseTo" sourceAnchorX="0.47058823529411764" sourceAnchorY="0.8378378378378378" targetAnchorX="0.48502994011976047" targetAnchorY="0.10810810810810811">
    <source href="assembly.xml#ValidationMode"/>
    <target href="assembly.xml#Call-FileRetrieval"/>
  </connections>
  <connections type="routesTo" sourceAnchorX="0.9536423841059603" sourceAnchorY="0.5039370078740157" targetAnchorX="0.4205607476635514" targetAnchorY="0.38961038961038963">
    <source href="assembly.xml#AsyncMediation1"/>
    <target href="assembly.xml#Splitter"/>
  </connections>
  <connections type="routesTo" sourceAnchorX="0.6929133858267716" sourceAnchorY="1.0" targetAnchorX="0.31413612565445026" targetAnchorY="0.6486486486486487">
    <source href="assembly.xml#//@beans/@mixed.1/@mixed.27/@mixed.3"/>
    <target href="assembly.xml#PutIntegrationMessage6"/>
    <bendpoints sourceX="-50" sourceY="15" targetX="15" targetY="-45"/>
  </connections>
  <connections type="routesTo" sourceAnchorX="1.0" sourceAnchorY="0.4411764705882353" targetAnchorX="0.025252525252525252" targetAnchorY="0.53125">
    <source href="assembly.xml#//@beans/@mixed.1/@splitter.0/@subRoute.0"/>
    <target href="assembly.xml#save-emplid-in-HashSet"/>
    <bendpoints sourceX="17" sourceY="-48" targetX="-27" targetY="3"/>
  </connections>
  <connections type="routesTo" sourceAnchorX="1.0" sourceAnchorY="0.21875" targetAnchorX="0.061946902654867256" targetAnchorY="0.5135135135135135">
    <source href="assembly.xml#save-emplid-in-HashSet"/>
    <target href="assembly.xml#Aggregator"/>
    <bendpoints sourceX="11" sourceY="72" targetX="-44" targetY="-3"/>
  </connections>
  <connections type="routesTo" sourceAnchorX="0.6035502958579881" sourceAnchorY="0.7567567567567568" targetAnchorX="0.5919540229885057" targetAnchorY="0.08490566037735849">
    <source href="assembly.xml#CloseInputfileAgg"/>
    <target href="assembly.xml#Aggregator"/>
  </connections>
  <connections type="routesTo" sourceAnchorX="1.0" sourceAnchorY="0.1792452830188679" targetAnchorX="0.06622516556291391" targetAnchorY="0.29347826086956524">
    <source href="assembly.xml#Aggregator"/>
    <target href="assembly.xml#AsyncMediation2"/>
  </connections>
  <connections type="routesTo" sourceAnchorX="1.0" sourceAnchorY="0.21621621621621623" targetAnchorX="0.4634146341463415" targetAnchorY="0.3228346456692913">
    <source href="assembly.xml#GetWorkers1"/>
    <target href="assembly.xml#Validate-Input-File0"/>
  </connections>
  <connections type="routesTo" sourceAnchorX="1.0" sourceAnchorY="0.264" targetAnchorX="0.0703125" targetAnchorY="0.6595744680851063">
    <source href="assembly.xml#AsyncMediation4"/>
    <target href="assembly.xml#WorkerRequest"/>
    <bendpoints sourceX="7" sourceY="75" targetX="-63"/>
  </connections>
  <connections type="routesTo" sourceAnchorX="0.25405405405405407" sourceAnchorY="1.0" targetAnchorX="0.4552238805970149" targetAnchorY="0.16304347826086957">
    <source href="assembly.xml#//@beans/@mixed.1/@mixed.49/@mixed.3"/>
    <target href="assembly.xml#AsyncMediation7"/>
    <bendpoints sourceX="40" sourceY="14" targetX="-1" targetY="-37"/>
  </connections>
  <connections type="routesTo" sourceAnchorX="0.0" sourceAnchorY="0.30434782608695654" targetAnchorX="0.546875" targetAnchorY="0.1891891891891892">
    <source href="assembly.xml#AsyncMediation7"/>
    <target href="assembly.xml#Call-CleanID"/>
  </connections>
  <connections type="routesTo" sourceAnchorX="0.0" sourceAnchorY="0.31521739130434784" targetAnchorX="0.3925233644859813" targetAnchorY="0.22727272727272727">
    <source href="assembly.xml#WorkerResponse"/>
    <target href="assembly.xml#Splitter2"/>
  </connections>
  <connections type="routesResponseTo" sourceAnchorX="0.41739130434782606" sourceAnchorY="1.0" targetAnchorX="0.19402985074626866" targetAnchorY="0.20652173913043478">
    <source href="assembly.xml#GetWorker"/>
    <target href="assembly.xml#WorkerResponse"/>
  </connections>
  <connections type="routesTo" sourceAnchorX="0.390625" sourceAnchorY="0.24468085106382978" targetAnchorX="0.3826086956521739" targetAnchorY="1.0">
    <source href="assembly.xml#WorkerRequest"/>
    <target href="assembly.xml#GetWorker"/>
  </connections>
  <connections type="routesResponseTo" sourceAnchorX="0.625" sourceAnchorY="1.0" targetAnchorX="0.5531914893617021" targetAnchorY="0.7127659574468085">
    <source href="assembly.xml#Call-CleanID"/>
    <target href="assembly.xml#WorkerRequest"/>
  </connections>
  <connections type="routesTo" sourceAnchorX="1.0" sourceAnchorY="0.38235294117647056" targetAnchorX="0.41044776119402987" targetAnchorY="0.05434782608695652">
    <source href="assembly.xml#//@beans/@mixed.1/@splitter.1/@subRoute.0"/>
    <target href="assembly.xml#AsyncMediation3"/>
  </connections>
  <connections type="routesTo" sourceAnchorX="0.5392156862745098" sourceAnchorY="1.0" targetAnchorX="0.890625" targetAnchorY="0.22">
    <source href="assembly.xml#CleanID"/>
    <target href="assembly.xml#SyncMediation0"/>
  </connections>
  <connections type="routesTo" sourceAnchorX="1.0" sourceAnchorY="0.19333333333333333" targetAnchorX="0.4392523364485981" targetAnchorY="0.5583333333333333">
    <source href="assembly.xml#SyncMediation0"/>
    <target href="assembly.xml#Splitter20"/>
  </connections>
  <connections type="routesTo" sourceAnchorX="0.8324607329842932" sourceAnchorY="1.0" targetAnchorX="0.25161290322580643">
    <source href="assembly.xml#//@beans/@mixed.1/@mixed.59/@mixed.5"/>
    <target href="assembly.xml#AsyncMediation7010"/>
  </connections>
  <connections type="routesTo" sourceAnchorX="0.6382978723404256" sourceAnchorY="1.0" targetAnchorX="0.4" targetAnchorY="0.288">
    <source href="assembly.xml#//@beans/@mixed.1/@splitter.2/@subRoute.0"/>
    <target href="assembly.xml#DeleteInvalidID"/>
  </connections>
  <connections type="routesTo" sourceAnchorX="0.5932203389830508" sourceAnchorY="1.0" targetAnchorX="0.9612903225806452" targetAnchorY="0.5851063829787234">
    <source href="assembly.xml#//@beans/@mixed.1/@mixed.53/@mixed.3"/>
    <target href="assembly.xml#AsyncMediation7010"/>
  </connections>
  <connections type="routesTo" sourceAnchorX="0.6428571428571429" sourceAnchorY="1.0" targetAnchorX="0.4626865671641791" targetAnchorY="0.3804347826086957">
    <source href="assembly.xml#ErrorAggregate"/>
    <target href="assembly.xml#WriteError"/>
  </connections>
  <connections type="routesTo" sourceAnchorX="1.0" sourceAnchorY="0.2872340425531915" targetAnchorX="0.1830065359477124" targetAnchorY="0.32075471698113206">
    <source href="assembly.xml#WriteError"/>
    <target href="assembly.xml#Aggregator0"/>
  </connections>
  <connections type="routesTo" sourceAnchorX="0.538961038961039" sourceAnchorY="1.0" targetAnchorX="0.5490196078431373" targetAnchorY="0.24528301886792453">
    <source href="assembly.xml#ErrorFinalCollator"/>
    <target href="assembly.xml#Aggregator0"/>
  </connections>
  <connections type="routesTo" sourceAnchorX="1.0" sourceAnchorY="0.1792452830188679" targetAnchorX="0.2537313432835821" targetAnchorY="0.6304347826086957">
    <source href="assembly.xml#Aggregator0"/>
    <target href="assembly.xml#AsyncMediation6"/>
  </connections>
  <connections type="routesResponseTo" sourceAnchorX="0.4798387096774194" sourceAnchorY="0.7027027027027027" targetAnchorX="0.4494949494949495" targetAnchorY="0.10810810810810811">
    <source href="assembly.xml#Call-GetWorkerTenantedData"/>
    <target href="assembly.xml#Call-ProcessWorkers"/>
  </connections>
  <connections type="routesTo" sourceAnchorX="0.3888888888888889" sourceAnchorY="1.0" targetAnchorX="0.4601226993865031" targetAnchorY="0.02702702702702703">
    <source href="assembly.xml#//@beans/@mixed.1/@mixed.83/@mixed.3"/>
    <target href="assembly.xml#CallNoErrorRow"/>
  </connections>
  <connections type="routesTo" sourceAnchorX="0.8523489932885906" sourceAnchorY="1.0" targetAnchorX="0.4326241134751773" targetAnchorY="0.16">
    <source href="assembly.xml#ProcessWorkers"/>
    <target href="assembly.xml#AsyncMediation70"/>
  </connections>
  <connections type="routesTo" sourceAnchorX="1.0" sourceAnchorY="0.176" targetAnchorX="0.37383177570093457" targetAnchorY="0.175">
    <source href="assembly.xml#AsyncMediation70"/>
    <target href="assembly.xml#Splitter3"/>
  </connections>
  <connections type="routesTo" sourceAnchorX="0.6595744680851063" sourceAnchorY="1.0" targetAnchorX="0.3584905660377358" targetAnchorY="0.2608695652173913">
    <source href="assembly.xml#//@beans/@mixed.1/@splitter.3/@subRoute.0"/>
    <target href="assembly.xml#AsyncMediation13"/>
  </connections>
  <connections type="routesTo" sourceAnchorX="0.5220125786163522" sourceAnchorY="0.9791666666666666" targetAnchorY="0.35135135135135137">
    <source href="assembly.xml#AsyncMediation10"/>
    <target href="assembly.xml#CallErrorLog1"/>
  </connections>
  <connections type="routesTo" sourceAnchorX="1.0" sourceAnchorY="0.5675675675675675" targetAnchorX="0.48226950354609927" targetAnchorY="0.21739130434782608">
    <source href="assembly.xml#Createnewinput"/>
    <target href="assembly.xml#AsyncMediation17"/>
  </connections>
  <connections type="routesTo" sourceAnchorX="1.0" sourceAnchorY="0.2553191489361702" targetAnchorX="0.2847682119205298" targetAnchorY="0.32432432432432434">
    <source href="assembly.xml#AsyncMediation17"/>
    <target href="assembly.xml#Call_Final_WebService"/>
  </connections>
  <connections type="routesTo" sourceAnchorX="0.6567164179104478" sourceAnchorY="1.0" targetAnchorX="0.65625" targetAnchorY="0.13829787234042554">
    <source href="assembly.xml#//@beans/@mixed.1/@mixed.99/@mixed.5"/>
    <target href="assembly.xml#AsyncMediation00"/>
  </connections>
  <connections type="routesTo" sourceAnchorX="1.0" sourceAnchorY="0.3829787234042553" targetAnchorX="0.5398230088495575" targetAnchorY="0.6216216216216216">
    <source href="assembly.xml#AsyncMediation00"/>
    <target href="assembly.xml#Call_Error"/>
  </connections>
  <connections type="routesTo" sourceAnchorX="1.0" sourceAnchorY="0.1092896174863388" targetAnchorX="0.36419753086419754" targetAnchorY="0.14893617021276595">
    <source href="assembly.xml#SyncMediation2"/>
    <target href="assembly.xml#UpdatePayrollinput"/>
  </connections>
  <connections type="routesTo" sourceAnchorX="1.0" sourceAnchorY="0.1595744680851064" targetAnchorX="0.4339622641509434" targetAnchorY="0.2972972972972973">
    <source href="assembly.xml#UpdatePayrollinput"/>
    <target href="assembly.xml#WorkdayOutSoap0"/>
  </connections>
  <connections type="routesResponseTo" sourceAnchorX="0.6729559748427673" sourceAnchorY="1.0" targetAnchorX="0.3548387096774194" targetAnchorY="0.1595744680851064">
    <source href="assembly.xml#WorkdayOutSoap0"/>
    <target href="assembly.xml#UpdatePayrollInputafter"/>
  </connections>
  <connections type="routesTo" sourceAnchorX="1.0" sourceAnchorY="0.8648648648648649" targetAnchorY="0.19337016574585636">
    <source href="assembly.xml#Final_Webservice"/>
    <target href="assembly.xml#SyncMediation2"/>
  </connections>
  <connections type="routesTo" sourceAnchorX="1.0" sourceAnchorY="0.23404255319148937" targetAnchorX="0.3402777777777778" targetAnchorY="0.21621621621621623">
    <source href="assembly.xml#UpdatePayrollInputafter"/>
    <target href="assembly.xml#CallSuccesslog"/>
  </connections>
  <connections type="routesTo" sourceAnchorX="1.0" sourceAnchorY="0.23404255319148937" targetAnchorX="0.1793478260869565" targetAnchorY="0.5945945945945946">
    <source href="assembly.xml#AsyncMediation6"/>
    <target href="assembly.xml#PutIntegrationMessage"/>
  </connections>
  <connections type="routesTo" sourceAnchorX="0.856" sourceAnchorY="1.0" targetAnchorX="0.6209912536443148" targetAnchorY="0.11702127659574468">
    <source href="assembly.xml#FileRetrieval"/>
    <target href="assembly.xml#AsyncMediation0"/>
  </connections>
  <connections type="routesTo" sourceAnchorX="0.4894366197183099" sourceAnchorY="0.9333333333333333" targetAnchorX="0.45701357466063347" targetAnchorY="0.43243243243243246">
    <source href="assembly.xml#//@beans/@mixed.1/@mixed.29/@mixed.3"/>
    <target href="assembly.xml#PutIntegrationMessage60"/>
  </connections>
  <connections type="routesTo" sourceAnchorX="0.7802197802197802" sourceAnchorY="1.0" targetAnchorX="0.049019607843137254" targetAnchorY="0.29133858267716534">
    <source href="assembly.xml#Init-In"/>
    <target href="assembly.xml#InitMediation"/>
  </connections>
  <connections type="routesTo" sourceAnchorX="0.3411371237458194" sourceAnchorY="1.0" targetAnchorX="0.4788732394366197" targetAnchorY="0.2972972972972973">
    <source href="assembly.xml#//@beans/@mixed.1/@mixed.119/@mixed.3"/>
    <target href="assembly.xml#PutIntegrationMessage0"/>
  </connections>
  <connections type="routesTo" sourceAnchorX="0.5210084033613446" sourceAnchorY="1.0" targetAnchorX="0.4810126582278481" targetAnchorY="0.10810810810810811">
    <source href="assembly.xml#StartHere"/>
    <target href="assembly.xml#Call-InitProps"/>
  </connections>
  <connections type="routesResponseTo" sourceAnchorX="0.6962025316455697" sourceAnchorY="1.0" targetAnchorX="0.47058823529411764" targetAnchorY="0.21621621621621623">
    <source href="assembly.xml#Call-InitProps"/>
    <target href="assembly.xml#ValidationMode"/>
    <bendpoints sourceX="-24" sourceY="22" targetX="9" targetY="-16"/>
  </connections>
  <connections type="routesTo" sourceAnchorX="0.8034682080924855" sourceAnchorY="1.0" targetAnchorX="0.062111801242236024" targetAnchorY="0.4330708661417323">
    <source href="assembly.xml#Validate-INput-File"/>
    <target href="assembly.xml#Validate-Input-File"/>
  </connections>
  <connections type="routesTo" sourceAnchorX="0.525974025974026" sourceAnchorY="1.0" targetAnchorX="0.11330049261083744" targetAnchorY="0.35135135135135137">
    <source href="assembly.xml#//@beans/@mixed.1/@mixed.3/@mixed.3"/>
    <target href="assembly.xml#PutEmptyFileMessage"/>
  </connections>
  <connections type="routesTo" sourceAnchorX="0.9669421487603306" sourceAnchorY="0.43243243243243246" targetAnchorX="0.06060606060606061" targetAnchorY="0.3783783783783784">
    <source href="assembly.xml#//@beans/@mixed.1/@mixed.127"/>
    <target href="assembly.xml#Note-Error"/>
  </connections>
  <connections type="routesTo" sourceAnchorX="0.7697841726618705" sourceAnchorY="1.0" targetAnchorX="0.3900709219858156" targetAnchorY="0.1595744680851064">
    <source href="assembly.xml#//@beans/@mixed.1/@mixed.101/@mixed.3"/>
    <target href="assembly.xml#AsyncMediation00"/>
  </connections>
  <connections type="routesTo" sourceAnchorX="0.0" sourceAnchorY="0.12598425196850394" targetAnchorX="0.12376237623762376" targetAnchorY="0.33858267716535434">
    <source href="assembly.xml#Validate-Input-File0"/>
    <target href="assembly.xml#AsyncMediation4"/>
  </connections>
  <connections type="routesTo" sourceAnchorX="0.5031847133757962" sourceAnchorY="1.0" targetAnchorX="0.38388625592417064" targetAnchorY="0.3783783783783784">
    <source href="assembly.xml#//@beans/@mixed.1/@mixed.131/@mixed.3"/>
    <target href="assembly.xml#PutEmptyFileMessage0"/>
  </connections>
  <connections type="routesTo" sourceAnchorX="1.0" sourceAnchorY="0.1732283464566929" targetAnchorX="0.1390728476821192" targetAnchorY="0.5354330708661418">
    <source href="assembly.xml#AsyncMediation0"/>
    <target href="assembly.xml#AsyncMediation1"/>
  </connections>
  <connections type="routesResponseTo" sourceAnchorX="0.5988023952095808" sourceAnchorY="1.0" targetAnchorX="0.5326633165829145" targetAnchorY="0.43243243243243246">
    <source href="assembly.xml#Call-FileRetrieval"/>
    <target href="assembly.xml#Call-CloseInputfileAgg"/>
  </connections>
  <connections type="routesResponseTo" sourceAnchorX="0.6381909547738693" sourceAnchorY="1.0" targetAnchorX="0.478494623655914" targetAnchorY="0.3783783783783784">
    <source href="assembly.xml#Call-CloseInputfileAgg"/>
    <target href="assembly.xml#CallValidateInputFile"/>
  </connections>
  <connections type="routesResponseTo" sourceAnchorX="0.6505376344086021" sourceAnchorY="1.0" targetAnchorX="0.3911290322580645" targetAnchorY="0.24324324324324326">
    <source href="assembly.xml#CallValidateInputFile"/>
    <target href="assembly.xml#Call-GetWorkerTenantedData"/>
  </connections>
  <connections type="routesTo" sourceAnchorX="0.5056818181818182" sourceAnchorY="1.0" targetAnchorX="0.7232704402515723" targetAnchorY="0.08333333333333333">
    <source href="assembly.xml#//@beans/@mixed.1/@mixed.135/@mixed.3"/>
    <target href="assembly.xml#AsyncMediation10"/>
  </connections>
  <connections type="routesTo" sourceAnchorX="1.0" sourceAnchorY="0.2047244094488189" targetAnchorX="0.28205128205128205" targetAnchorY="0.19760479041916168">
    <source href="assembly.xml#AsyncMediation12"/>
    <target href="assembly.xml#Route0"/>
  </connections>
  <connections type="routesTo" sourceAnchorX="0.5657894736842105" sourceAnchorY="1.0" targetAnchorX="0.14953271028037382" targetAnchorY="0.32432432432432434">
    <source href="assembly.xml#//@beans/@mixed.1/@route.0/@subRoute.0"/>
    <target href="assembly.xml#Call-LIF"/>
  </connections>
  <connections type="routesTo" sourceAnchorX="1.0" sourceAnchorY="0.47058823529411764" targetAnchorX="0.06779661016949153" targetAnchorY="0.35135135135135137">
    <source href="assembly.xml#//@beans/@mixed.1/@route.0/@subRoute.1"/>
    <target href="assembly.xml#Call-OTH"/>
  </connections>
  <connections type="routesTo" sourceAnchorX="0.7613636363636364" sourceAnchorY="1.0" targetAnchorX="0.4954128440366973" targetAnchorY="0.21052631578947367">
    <source href="assembly.xml#OTH"/>
    <target href="assembly.xml#Route1"/>
  </connections>
  <connections type="routesTo" sourceAnchorX="0.7922077922077922" sourceAnchorY="0.6216216216216216" targetAnchorX="0.18803418803418803" targetAnchorY="0.30538922155688625">
    <source href="assembly.xml#LIF"/>
    <target href="assembly.xml#Route"/>
  </connections>
  <connections type="routesTo" sourceAnchorX="0.7291666666666666" sourceAnchorY="1.0" targetAnchorX="0.026490066225165563" targetAnchorY="0.717391304347826">
    <source href="assembly.xml#//@beans/@mixed.1/@route.2/@subRoute.0"/>
    <target href="assembly.xml#AsyncMediation9"/>
  </connections>
  <connections type="routesTo" sourceAnchorX="1.0" sourceAnchorY="1.0" targetAnchorX="0.10062893081761007" targetAnchorY="0.7717391304347826">
    <source href="assembly.xml#//@beans/@mixed.1/@route.2/@subRoute.1"/>
    <target href="assembly.xml#AsyncMediation15"/>
  </connections>
  <connections type="routesTo" sourceAnchorX="0.6666666666666666" sourceAnchorY="1.0" targetAnchorX="0.1320754716981132" targetAnchorY="0.6956521739130435">
    <source href="assembly.xml#//@beans/@mixed.1/@route.2/@subRoute.2"/>
    <target href="assembly.xml#AsyncMediation16"/>
  </connections>
  <connections type="routesTo" sourceAnchorX="0.7307692307692307" sourceAnchorY="1.0" targetAnchorX="0.07947019867549669" targetAnchorY="0.5208333333333334">
    <source href="assembly.xml#//@beans/@mixed.1/@route.2/@subRoute.3"/>
    <target href="assembly.xml#AsyncMediation8"/>
  </connections>
  <connections type="routesTo" sourceAnchorX="0.7129629629629629" sourceAnchorY="1.0" targetAnchorX="0.0979020979020979" targetAnchorY="0.5625">
    <source href="assembly.xml#//@beans/@mixed.1/@route.1/@subRoute.0"/>
    <target href="assembly.xml#AsyncMediation"/>
  </connections>
  <connections type="routesTo" sourceAnchorX="0.6203703703703703" sourceAnchorY="1.0" targetAnchorX="0.0728476821192053" targetAnchorY="0.3020833333333333">
    <source href="assembly.xml#//@beans/@mixed.1/@route.1/@subRoute.1"/>
    <target href="assembly.xml#AsyncMediation5"/>
  </connections>
  <connections type="routesTo" sourceAnchorX="0.5462962962962963" sourceAnchorY="1.0" targetAnchorX="0.0949367088607595" targetAnchorY="0.3645833333333333">
    <source href="assembly.xml#//@beans/@mixed.1/@route.1/@subRoute.2"/>
    <target href="assembly.xml#AsyncMediation11"/>
  </connections>
  <connections type="routesTo" sourceAnchorX="0.9537037037037037" sourceAnchorY="1.0" targetAnchorX="0.1566265060240964" targetAnchorY="0.3020833333333333">
    <source href="assembly.xml#//@beans/@mixed.1/@route.1/@subRoute.3"/>
    <target href="assembly.xml#AsyncMediation110"/>
  </connections>
  <connections type="routesTo" sourceAnchorX="0.7129629629629629" sourceAnchorY="1.0" targetAnchorX="0.13218390804597702" targetAnchorY="0.3020833333333333">
    <source href="assembly.xml#//@beans/@mixed.1/@route.1/@subRoute.4"/>
    <target href="assembly.xml#AsyncMediation1100"/>
  </connections>
  <connections type="routesTo" sourceAnchorX="0.6696428571428571" sourceAnchorY="1.0" targetAnchorX="0.050314465408805034" targetAnchorY="0.17708333333333334">
    <source href="assembly.xml#//@beans/@mixed.1/@route.2/@subRoute.4"/>
    <target href="assembly.xml#AsyncMediation80"/>
  </connections>
  <connections type="routesResponseTo" sourceAnchorX="0.8131313131313131" sourceAnchorY="1.0" targetAnchorX="0.6766169154228856" targetAnchorY="0.4864864864864865">
    <source href="assembly.xml#Call-ProcessWorkers"/>
    <target href="assembly.xml#Call-ErrorFinalCollator"/>
  </connections>
  <connections type="routesTo" sourceAnchorX="1.0" sourceAnchorY="0.2708333333333333" targetAnchorX="0.10240963855421686" targetAnchorY="0.6486486486486487">
    <source href="assembly.xml#AsyncMediation9"/>
    <target href="assembly.xml#CallSubRoutine0"/>
  </connections>
  <connections type="routesTo" sourceAnchorX="1.0" sourceAnchorY="0.19791666666666666" targetAnchorX="0.1686746987951807" targetAnchorY="0.6486486486486487">
    <source href="assembly.xml#AsyncMediation15"/>
    <target href="assembly.xml#CallSubRoutine0"/>
  </connections>
  <connections type="routesTo" sourceAnchorX="1.0" sourceAnchorY="0.21875" targetAnchorX="0.3072289156626506" targetAnchorY="0.4594594594594595">
    <source href="assembly.xml#AsyncMediation16"/>
    <target href="assembly.xml#CallSubRoutine0"/>
  </connections>
  <connections type="routesTo" sourceAnchorX="1.0" sourceAnchorY="0.19791666666666666" targetAnchorX="0.5843373493975904" targetAnchorY="0.6756756756756757">
    <source href="assembly.xml#AsyncMediation8"/>
    <target href="assembly.xml#CallSubRoutine0"/>
  </connections>
  <connections type="routesTo" sourceAnchorX="0.0" sourceAnchorY="0.34375" targetAnchorX="0.017241379310344827" targetAnchorY="0.8108108108108109">
    <source href="assembly.xml#AsyncMediation"/>
    <target href="assembly.xml#CallSubRoutine00"/>
    <bendpoints sourceX="120" targetX="9" targetY="-139"/>
    <bendpoints sourceX="149" sourceY="-5" targetX="38" targetY="-144"/>
    <bendpoints sourceX="151" targetX="40" targetY="-139"/>
  </connections>
  <connections type="routesTo" sourceAnchorX="1.0" sourceAnchorY="0.3645833333333333" targetAnchorX="0.040229885057471264" targetAnchorY="0.8108108108108109">
    <source href="assembly.xml#AsyncMediation5"/>
    <target href="assembly.xml#CallSubRoutine00"/>
  </connections>
  <connections type="routesTo" sourceAnchorX="0.0" sourceAnchorY="0.34375" targetAnchorX="0.05172413793103448" targetAnchorY="0.5405405405405406">
    <source href="assembly.xml#AsyncMediation11"/>
    <target href="assembly.xml#CallSubRoutine00"/>
  </connections>
  <connections type="routesTo" sourceAnchorX="1.0" sourceAnchorY="0.40625" targetAnchorX="0.29310344827586204" targetAnchorY="0.21621621621621623">
    <source href="assembly.xml#AsyncMediation110"/>
    <target href="assembly.xml#CallSubRoutine00"/>
  </connections>
  <connections type="routesTo" sourceAnchorX="0.33540372670807456" sourceAnchorY="1.0" targetAnchorX="0.27672955974842767" targetAnchorY="0.22826086956521738">
    <source href="assembly.xml#//@beans/@mixed.1/@mixed.175/@mixed.3"/>
    <target href="assembly.xml#AsyncMediation14"/>
  </connections>
  <connections type="routesTo" sourceAnchorX="0.0" sourceAnchorY="0.23958333333333334" targetAnchorX="0.21935483870967742" targetAnchorY="0.08108108108108109">
    <source href="assembly.xml#AsyncMediation14"/>
    <target href="assembly.xml#CallErrorLog10"/>
  </connections>
  <connections type="routesTo" sourceAnchorX="1.0" sourceAnchorY="0.28346456692913385" targetAnchorX="0.06324110671936758" targetAnchorY="0.5354330708661418">
    <source href="assembly.xml#AsyncMediation13"/>
    <target href="assembly.xml#AsyncMediation12"/>
  </connections>
  <swimlanes x="458" y="-43" bgColor="12632256" name="Main Process" orientation="VERTICAL" elements="//@swimlanes.19 //@swimlanes.4 //@swimlanes.20 //@swimlanes.6 //@swimlanes.8 //@swimlanes.11 //@swimlanes.28 //@swimlanes.29 //@swimlanes.13 //@swimlanes.14 //@swimlanes.10 //@swimlanes.23"/>
  <swimlanes x="132" y="208" font="Arial|12|1" bgColor="8649403" fontColor="1" name="Main Flow" orientation="VERTICAL" alignment="MIDDLE">
    <elements href="assembly.xml#StartHere"/>
    <elements href="assembly.xml#Call-InitProps"/>
    <elements href="assembly.xml#ValidationMode"/>
    <elements href="assembly.xml#Call-FileRetrieval"/>
    <elements href="assembly.xml#Call-CloseInputfileAgg"/>
    <elements href="assembly.xml#CallValidateInputFile"/>
    <elements href="assembly.xml#Call-GetWorkerTenantedData"/>
    <elements href="assembly.xml#Call_Get_Submit_Payroll_Input"/>
    <elements href="assembly.xml#Call-ProcessWorkers"/>
    <elements href="assembly.xml#Call-ErrorFinalCollator"/>
  </swimlanes>
  <swimlanes name="Swimlane" orientation="VERTICAL" alignment="MIDDLE">
    <elements href="assembly.xml#AsyncMediation1"/>
    <elements href="assembly.xml#PutIntegrationMessage6"/>
  </swimlanes>
  <swimlanes fgColor="12632256" name="" orientation="VERTICAL" alignment="MIDDLE" topBorderColor="16744448">
    <elements href="assembly.xml#CloseInputfileAgg"/>
    <elements href="assembly.xml#Aggregator"/>
  </swimlanes>
  <swimlanes x="157" y="424" font="Arial|12|1" bgColor="14279851" fontColor="1" name="FILE RETRIEVAL AND TRANSFORMATION" alignment="MIDDLE">
    <elements href="#//@swimlanes.16"/>
    <elements href="#//@swimlanes.2"/>
    <elements href="assembly.xml#Splitter"/>
    <elements href="assembly.xml#save-emplid-in-HashSet"/>
    <elements href="#//@swimlanes.3"/>
    <elements href="assembly.xml#AsyncMediation2"/>
  </swimlanes>
  <swimlanes bgColor="12448165" fgColor="12320699" name="" alignment="MIDDLE" topBorderColor="12320699">
    <elements href="assembly.xml#GetWorker"/>
    <elements href="assembly.xml#WorkerResponse"/>
    <elements href="assembly.xml#Splitter2"/>
    <elements href="assembly.xml#AsyncMediation3"/>
  </swimlanes>
  <swimlanes y="1048" font="Arial|12|1" bgColor="12448165" fontColor="1" name="Get  Workers Request" alignment="MIDDLE" topBorderColor="4194368">
    <elements href="assembly.xml#GetWorkers1"/>
    <elements href="#//@swimlanes.24"/>
    <elements href="#//@swimlanes.21"/>
    <elements href="#//@swimlanes.22"/>
    <elements href="#//@swimlanes.5"/>
  </swimlanes>
  <swimlanes font="Arial|10|1" bgColor="12320699" fgColor="12320699" fontColor="1" name="Split by each invalid record" orientation="VERTICAL" alignment="MIDDLE" topBorderColor="4194368">
    <elements href="assembly.xml#Splitter20"/>
    <elements href="assembly.xml#AsyncMediation7010"/>
  </swimlanes>
  <swimlanes x="-1" y="1709" font="Arial|12|1" bgColor="12320699" fontColor="1" name="Clean Invalid ID" alignment="MIDDLE" topBorderColor="4194368">
    <elements href="assembly.xml#CleanID"/>
    <elements href="assembly.xml#SyncMediation0"/>
    <elements href="#//@swimlanes.7"/>
    <elements href="assembly.xml#DeleteInvalidID"/>
  </swimlanes>
  <swimlanes name="Swimlane" orientation="VERTICAL" alignment="MIDDLE">
    <elements href="assembly.xml#ErrorFinalCollator"/>
    <elements href="assembly.xml#Aggregator0"/>
  </swimlanes>
  <swimlanes x="5" y="1986" font="Arial|12|1" bgColor="12320699" fontColor="1" name="Aggregate Error Message" alignment="MIDDLE" topBorderColor="4194368">
    <elements href="assembly.xml#ErrorAggregate"/>
    <elements href="assembly.xml#WriteError"/>
    <elements href="#//@swimlanes.9"/>
    <elements href="assembly.xml#AsyncMediation6"/>
    <elements href="assembly.xml#PutIntegrationMessage"/>
  </swimlanes>
  <swimlanes x="507" y="1929" bgColor="10465247" name="Swimlane">
    <elements href="assembly.xml#ProcessWorkers"/>
    <elements href="#//@swimlanes.12"/>
    <elements href="assembly.xml#Splitter3"/>
    <elements href="#//@swimlanes.35"/>
    <elements href="#//@swimlanes.25"/>
    <elements href="#//@swimlanes.26"/>
  </swimlanes>
  <swimlanes x="155" y="2005" bgColor="12035229" fgColor="12632256" name="" orientation="VERTICAL" topBorderColor="16744448">
    <elements href="assembly.xml#AsyncMediation70"/>
    <elements href="assembly.xml#CallNoErrorRow"/>
  </swimlanes>
  <swimlanes x="268" y="2900" bgColor="12632256" name="Swimlane">
    <elements href="assembly.xml#Createnewinput"/>
    <elements href="assembly.xml#AsyncMediation17"/>
    <elements href="assembly.xml#Call_Final_WebService"/>
  </swimlanes>
  <swimlanes x="256" y="3074" bgColor="15327670" name="Swimlane">
    <elements href="assembly.xml#Final_Webservice"/>
    <elements href="#//@swimlanes.15"/>
    <elements href="assembly.xml#UpdatePayrollinput"/>
    <elements href="assembly.xml#WorkdayOutSoap0"/>
    <elements href="assembly.xml#UpdatePayrollInputafter"/>
    <elements href="assembly.xml#CallSuccesslog"/>
  </swimlanes>
  <swimlanes x="400" y="3164" bgColor="15327670" name="Swimlane" orientation="VERTICAL">
    <elements href="assembly.xml#SyncMediation2"/>
    <elements href="assembly.xml#AsyncMediation00"/>
    <elements href="assembly.xml#Call_Error"/>
  </swimlanes>
  <swimlanes x="242" y="355" bgColor="14279851" name="Retrieve File and convert CSV to XML" alignment="MIDDLE">
    <elements href="assembly.xml#FileRetrieval"/>
    <elements href="#//@swimlanes.17"/>
  </swimlanes>
  <swimlanes x="392" y="457" name="Convert csv to XMLs" orientation="VERTICAL" alignment="MIDDLE">
    <elements href="assembly.xml#AsyncMediation0"/>
    <elements href="assembly.xml#PutIntegrationMessage60"/>
  </swimlanes>
  <swimlanes x="51" y="-18" orientation="VERTICAL" elements="//@swimlanes.1"/>
  <swimlanes x="552" y="-22" bgColor="12615808" name="Init Props,Variables, Maps and Lists">
    <elements href="assembly.xml#Init-In"/>
    <elements href="assembly.xml#InitMediation"/>
    <elements href="assembly.xml#PutIntegrationMessage0"/>
  </swimlanes>
  <swimlanes x="679" y="309" font="Arial|9|1" bgColor="10465247" fontColor="1" name="Validate Input File" alignment="MIDDLE">
    <elements href="assembly.xml#Validate-INput-File"/>
    <elements href="assembly.xml#Validate-Input-File"/>
    <elements href="assembly.xml#PutEmptyFileMessage"/>
  </swimlanes>
  <swimlanes x="651" y="978" bgColor="12448165" name="GetWorker Request and Error Log" orientation="VERTICAL" alignment="MIDDLE">
    <elements href="assembly.xml#AsyncMediation4"/>
    <elements href="assembly.xml#AsyncMediation7"/>
  </swimlanes>
  <swimlanes x="921" y="1061" bgColor="12448165" name="Swimlane" orientation="VERTICAL">
    <elements href="assembly.xml#WorkerRequest"/>
    <elements href="assembly.xml#Call-CleanID"/>
  </swimlanes>
  <swimlanes x="575" y="5514" name="Swimlane">
    <elements href="assembly.xml#//@beans/@mixed.1/@mixed.127"/>
    <elements href="assembly.xml#Note-Error"/>
  </swimlanes>
  <swimlanes x="642" y="990" name="Swimlane" orientation="VERTICAL">
    <elements href="assembly.xml#Validate-Input-File0"/>
    <elements href="assembly.xml#PutEmptyFileMessage0"/>
  </swimlanes>
  <swimlanes x="1042" y="2109" name="Swimlane" orientation="VERTICAL">
    <elements href="assembly.xml#AsyncMediation12"/>
    <elements href="assembly.xml#AsyncMediation10"/>
    <elements href="assembly.xml#CallErrorLog1"/>
  </swimlanes>
  <swimlanes x="1436" y="2156" name="Swimlane">
    <elements href="assembly.xml#Route0"/>
    <elements href="#//@swimlanes.27"/>
  </swimlanes>
  <swimlanes x="1590" y="2201" name="Swimlane" orientation="VERTICAL">
    <elements href="assembly.xml#Call-LIF"/>
    <elements href="assembly.xml#Call-OTH"/>
  </swimlanes>
  <swimlanes x="498" y="2466" name="LIF Process" alignment="MIDDLE">
    <elements href="assembly.xml#LIF"/>
    <elements href="assembly.xml#Route"/>
    <elements href="#//@swimlanes.30"/>
    <elements href="#//@swimlanes.34"/>
  </swimlanes>
  <swimlanes x="480" y="2557" name="OTH Process" alignment="MIDDLE">
    <elements href="assembly.xml#OTH"/>
    <elements href="assembly.xml#Route1"/>
    <elements href="#//@swimlanes.31"/>
    <elements href="#//@swimlanes.32"/>
  </swimlanes>
  <swimlanes x="715" y="2616" name="Swimlane" orientation="VERTICAL" alignment="MIDDLE">
    <elements href="assembly.xml#AsyncMediation"/>
    <elements href="assembly.xml#AsyncMediation5"/>
    <elements href="assembly.xml#AsyncMediation11"/>
    <elements href="assembly.xml#AsyncMediation110"/>
    <elements href="assembly.xml#AsyncMediation1100"/>
  </swimlanes>
  <swimlanes x="720" y="3130" name="Swimlane" orientation="VERTICAL" alignment="MIDDLE">
    <elements href="assembly.xml#AsyncMediation9"/>
    <elements href="assembly.xml#AsyncMediation15"/>
    <elements href="assembly.xml#AsyncMediation16"/>
    <elements href="assembly.xml#AsyncMediation8"/>
    <elements href="assembly.xml#AsyncMediation80"/>
  </swimlanes>
  <swimlanes x="960" y="3224" name="Swimlane" alignment="MIDDLE">
    <elements href="assembly.xml#CallSubRoutine0"/>
  </swimlanes>
  <swimlanes x="218" y="2780" name="Swimlane" alignment="MIDDLE"/>
  <swimlanes x="952" y="2356" name="Swimlane">
    <elements href="assembly.xml#CallSubRoutine00"/>
  </swimlanes>
  <swimlanes x="1035" y="1812" name="Swimlane" orientation="VERTICAL">
    <elements href="assembly.xml#AsyncMediation13"/>
    <elements href="assembly.xml#AsyncMediation14"/>
    <elements href="assembly.xml#CallErrorLog10"/>
  </swimlanes>
</wdnm:Diagram>
