<?xml version="1.0" encoding="UTF-8"?>
<beans
     xmlns="http://www.springframework.org/schema/beans"
     xmlns:beans="http://www.springframework.org/schema/beans"
     xmlns:atom="http://www.w3.org/2005/Atom"
     xmlns:cc="http://www.capeclear.com/assembly/10"
     xmlns:cloud="urn:com.workday/esb/cloud/10.0"
     xmlns:env="http://schemas.xmlsoap.org/soap/envelope/"
     xmlns:pi="urn:com.workday/picof"
     xmlns:wd="urn:com.workday/bsvc"
     xmlns:xsi="http://www.w3.org/2001/XMLSchema-instance">
 
	<cc:assembly id="WorkdayAssembly" version="2019.6">
        <cc:local-out id="PutEmptyFileMessage" endpoint="vm://wcc/PutIntegrationMessage">
            <cc:set name="is.message.severity" value="'WARNING'"/>
            <cc:set name="is.message.summary" value="'No Employee in Input file.'"/>
            <cc:set name="is.message.detail" value="context.errorMessage"/>
            <cc:set name="is.message.storage.enabled" value="false"/>
            <cc:set name="critical.error.occurred" value="true"/>
        </cc:local-out>
        <cc:async-mediation id="Validate-Input-File">
            <cc:steps>
                <cc:validate-exp id="ValidateExp">
                    <cc:expression failure-message="No Employee Record in the file">!props['ee.id.hashset'].isEmpty()</cc:expression>
                </cc:validate-exp>
            </cc:steps>
            <cc:send-error id="SendError" routes-to="PutEmptyFileMessage"/>
        </cc:async-mediation>
        <cc:local-out id="Call-CloseInputfileAgg" store-message="none" execute-when="!props['critical.error.occurred']" routes-response-to="CallValidateInputFile" endpoint="vm://INT0013-Aristotle_Payroll_Deductions_Inbound/CloseInputfileAgg">
            <cc:set name="force.close.agg" value="true"/>
        </cc:local-out>
        <cc:local-out id="Call-FileRetrieval" store-message="none" execute-when="!props['critical.error.occurred']" routes-response-to="Call-CloseInputfileAgg" endpoint="vm://INT0013-Aristotle_Payroll_Deductions_Inbound/FileRetrieval"/>
        <cc:local-out id="ValidationMode" execute-when="props['validation.mode.lp']" routes-response-to="Call-FileRetrieval" endpoint="vm://wcc/PutIntegrationMessage">
            <cc:set name="is.message.severity" value="'INFO'"/>
            <cc:set name="is.message.summary" value="'Validation Mode Enabled. No records will be updated.'"/>
        </cc:local-out>
        <cc:local-out id="PutIntegrationMessage0" endpoint="vm://wcc/PutIntegrationMessage">
            <cc:set name="is.message.severity" value="'ERROR'"/>
            <cc:set name="is.message.summary" value="'Error initializing integration.'"/>
            <cc:set name="is.message.detail" value="context.errorMessage"/>
            <cc:set name="is.message.storage.enabled" value="false"/>
            <cc:set name="critical.error.occurred" value="true"/>
        </cc:local-out>
        <cc:workday-in id="StartHere" routes-to="Call-InitProps">
            <cc:integration-system name="INT0013 - Aristotle Payroll Deductions Inbound">
        <cloud:param name="Validation Mode">
          <cloud:type>
            <cloud:simple-type>boolean</cloud:simple-type>
          </cloud:type>
          <cloud:default>
            <cloud:boolean>true</cloud:boolean>
          </cloud:default>
        </cloud:param>
        <cloud:param name="Current Date">
          <cloud:type>
            <cloud:simple-type>datetime</cloud:simple-type>
          </cloud:type>
          <cloud:default>
            <cloud:class-report-field description="Current Moment (DateTime)" type="WID">df4effe76deb4222a79001d6737cf91c</cloud:class-report-field>
          </cloud:default>
        </cloud:param>
        <cloud:attribute-map-service name="INT0013-Generic">
          <cloud:attribute name="Document Retention">
            <cloud:type>
              <cloud:simple-type>number</cloud:simple-type>
            </cloud:type>
          </cloud:attribute>
          <cloud:attribute name="WWS Version">
            <cloud:type>
              <cloud:simple-type>text</cloud:simple-type>
            </cloud:type>
          </cloud:attribute>
          <cloud:attribute name="WWS API Version ">
            <cloud:type>
              <cloud:class-report-field description="Web Service API Version" type="WID" singular="true">3083e4bc1a7810002048f1f0e68a000b</cloud:class-report-field>
            </cloud:type>
          </cloud:attribute>
          <cloud:map name="Deduction">
            <cloud:internal-type>
              <cloud:class-report-field description="Deduction" type="WID">2868a5d7a8b14b88aa103f7ffa642f0b</cloud:class-report-field>
            </cloud:internal-type>
            <cloud:external-type>
              <cloud:simple-type>text</cloud:simple-type>
            </cloud:external-type>
          </cloud:map>
        </cloud:attribute-map-service>
        <cloud:sequence-generator-service name="INT0013-Seq-Gen">
          <cloud:sequencer>INT0013-Seq</cloud:sequencer>
        </cloud:sequence-generator-service>
        <cloud:retrieval-service name="INT0013-Retrieval"/>
        <cloud:service-reference name="INT0013-Override"/>
      </cc:integration-system>
        </cc:workday-in>
        <cc:async-mediation id="AsyncMediation2">
            <cc:steps>
                <cc:copy id="Copy" output="variable" output-mimetype="text/xml" output-variable="xml.input.file"/>
                <cc:store id="Store" output="variable" output-variable="xml.input.file1" input="variable" input-variable="xml.input.file" createDocumentReference="true" expiresIn="P180D" title="XML_input.xml"/>
            </cc:steps>
        </cc:async-mediation>
        <cc:aggregator id="Aggregator" routes-to="AsyncMediation2" collate-when="!props['force.close.agg']" force-batch-on-last-message="false" force-batch-when="props['force.close.agg']">
            <cc:size-batch-strategy batch-size="-1"/>
            <cc:xml-message-content-collater>
        <cc:header-text>&lt;file></cc:header-text>
        <cc:footer-text>&lt;/file></cc:footer-text>
      </cc:xml-message-content-collater>
        </cc:aggregator>
        <cc:local-in id="CloseInputfileAgg" routes-to="Aggregator"/>
        <cc:async-mediation id="save-emplid-in-HashSet" routes-to="Aggregator">
            <cc:steps>
                <cc:eval id="Eval"><cc:expression>props['ee.id'] = parts[0].xstream(&quot;detail/col2&quot;)</cc:expression><cc:expression>props['ee.id'] != empty ? props['ee.id.hashset'].add(props['ee.id'])</cc:expression></cc:eval>
            </cc:steps>
        </cc:async-mediation>
        <cc:splitter id="Splitter">
            <cc:sub-route name="SubRoute" routes-to="save-emplid-in-HashSet"/>
            <cc:xml-stream-splitter xpath="root/detail"/>
        </cc:splitter>
        <cc:local-out id="PutIntegrationMessage6" endpoint="vm://wcc/PutIntegrationMessage">
            <cc:set name="is.message.severity" value="'WARNING'"/>
            <cc:set name="is.message.summary" value="context.errorMessage"/>
            <cc:set name="is.message.storage.enabled" value="false"/>
        </cc:local-out>
        <cc:async-mediation id="AsyncMediation1" routes-to="Splitter">
            <cc:steps>
                <cc:validate-exp id="ValidateExp">
                    <cc:expression failure-message="No recrods Received to Process">props['count'] > 0</cc:expression>
                </cc:validate-exp>
            </cc:steps>
            <cc:send-error id="SendError" routes-to="PutIntegrationMessage6"/>
        </cc:async-mediation>
        <cc:async-mediation id="AsyncMediation0" routes-to="AsyncMediation1">
            <cc:steps>
                <cc:eval id="Eval">
                    <cc:expression>if (da.size() > 0 ) {da.toVar(0, &quot;wd.retrieve.variable&quot;)}</cc:expression>
                </cc:eval>
                <cc:copy id="Copy" output="message" output-mimetype="text/plain" input="variable" input-variable="wd.retrieve.variable"/>
                <cc:csv-to-xml id="CsvToXml" format="rfc4180" rootName="file" rowName="detail" separator="|" useFirstLineAsHeader="false"/>
                <cc:xslt-plus id="XsltPlus" url="Remove_Header.xsl"/>
                <cc:eval id="Eval0">
                    <cc:expression>props['count'] = parts[0].xpath('count(root/detail)')</cc:expression>
                    <cc:expression>props['deduction'] = 'EE_' + parts[0].xstream(&quot;/root/detail/col4&quot;)</cc:expression>
                    <cc:expression>props['ded_wd'] = intsys.integrationMapLookup('Deduction', props['deduction'])</cc:expression>
                    <cc:expression>props['deduction_1'] =  parts[0].xstream(&quot;/root/detail/col4&quot;)</cc:expression>
                </cc:eval>
            </cc:steps>
            <cc:send-error id="SendError" routes-to="PutIntegrationMessage60"/>
        </cc:async-mediation>
        <cc:local-in id="FileRetrieval" routes-to="AsyncMediation0"/>
        <cc:local-out id="Call-GetWorkerTenantedData" store-message="none" execute-when="!props['critical.error.occurred']" routes-response-to="Call_Get_Submit_Payroll_Input" endpoint="vm://INT0013-Aristotle_Payroll_Deductions_Inbound/GetWorkers1"/>
        <cc:async-mediation id="AsyncMediation3">
            <cc:steps>
                <cc:eval id="Eval">
                    <cc:expression>props['ee.id'] = parts[0].xpath(&quot;wd:Worker/wd:Worker_Reference/wd:ID[@wd:type='Employee_ID']&quot;)</cc:expression>
                </cc:eval>
                <cc:xslt-plus id="XsltPlus" output="message" url="INT0013-TransformGetWorkerResponse-SI.xsl"/>
                <cc:eval id="Store">
                    <cc:expression>props['empl.details.tenanted.data'].put(parts[0].xpath('wd:Worker/wd:Employee_ID'),parts[0].text)</cc:expression>
                </cc:eval>
            </cc:steps>
        </cc:async-mediation>
        <cc:splitter id="Splitter2">
            <cc:sub-route name="SubRoute" routes-to="AsyncMediation3"/>
            <cc:xml-stream-splitter xpath="Workers/wd:Worker"/>
        </cc:splitter>
        <cc:local-out id="Call-CleanID" store-message="none" execute-when="context.errorMessage.contains('not a valid ID value for type')" routes-response-to="WorkerRequest" endpoint="vm://INT0013-Aristotle_Payroll_Deductions_Inbound/CleanID"/>
        <cc:async-mediation id="WorkerRequest" routes-to="GetWorker" execute-steps-when="props['validation.mode.lp']">
            <cc:steps>
                <cc:store id="Store" output="variable" output-variable="GetWorkerRequest.xml" createDocumentReference="true" expiresIn="P180D" title="GetWorkerRequest.xml"/>
            </cc:steps>
        </cc:async-mediation>
        <cc:local-out id="GetWorker" routes-response-to="WorkerResponse" endpoint="vm://wcc/PagedGet">
            <cc:set name="is.paged.get.request.current.page.xpath" value="'/env:Envelope/env:Body/*/wd:Response_Filter/wd:Page'"/>
            <cc:set name="is.paged.get.response.current.page.xpath" value="'/env:Envelope/env:Body/*/wd:Response_Results/wd:Page'"/>
            <cc:set name="is.paged.get.response.total.pages.xpath" value="'/env:Envelope/env:Body/*/wd:Response_Results/wd:Total_Pages'"/>
            <cc:set name="is.paged.get.response.total.results.xpath" value="'/env:Envelope/env:Body/*/wd:Response_Results/wd:Total_Results'"/>
            <cc:set name="is.paged.get.aggregate.header" value="'&lt;Workers>'"/>
            <cc:set name="is.paged.get.aggregate.footer" value="'&lt;/Workers>'"/>
            <cc:set name="is.paged.get.aggregate.xpath" value="'/env:Envelope/env:Body/wd:Get_Workers_Response/wd:Response_Data/wd:Worker'"/>
            <cc:set name="is.paged.get.application" value="'Human_Resources'"/>
            <cc:set name="is.paged.get.version" value="props['wsdl.version']"/>
            <cc:set name="is.paged.get.page.zero" value="false"/>
            <cc:set name="is.paged.get.store.requests" value="true"/>
        </cc:local-out>
        <cc:async-mediation id="WorkerResponse" routes-to="Splitter2" execute-steps-when="props['validation.mode.lp']">
            <cc:steps>
                <cc:store id="Store" output="variable" output-variable="GetWorkerResponse.xml" createDocumentReference="true" expiresIn="P180D" title="GetWorkerResponse.xml"/>
            </cc:steps>
        </cc:async-mediation>
        <cc:async-mediation id="AsyncMediation7" routes-to="Call-CleanID" execute-steps-when="!context.errorMessage.contains('not a valid ID value for type')">
            <cc:steps>
                <cc:eval id="Eval">
                    <cc:expression>props['error.occurred'] = true</cc:expression>
                </cc:eval>
                <cc:cloud-log id="ErrorCreatingReq" header="INT0013 - Aristoltle Payroll_Deductions" level="fatal" message="Error while creating Get Worker Request" message-details="@{context.getErrorMessage()}" output-file-type="HTML" reference-id="'Get Worker Request'" variable-name="cloud.log.content"/>
            </cc:steps>
        </cc:async-mediation>
        <cc:async-mediation id="AsyncMediation4" routes-to="WorkerRequest" handle-downstream-errors="true">
            <cc:steps>
                <cc:write id="getworkerReq" output="variable" output-mimetype="text/xml" output-variable="get.worker.request">
                    <cc:message>
                        <cc:text>&lt;wd:Get_Workers_Request xmlns:wd=&quot;urn:com.workday/bsvc&quot;>&#xD;
			&lt;wd:Request_References&#xD;
				wd:Skip_Non_Existing_Instances=&quot;true&quot;>&#xD;
				@foreach{props['ee.id.hashset'] as id}&#xD;
					&lt;wd:Worker_Reference>&#xD;
						&lt;wd:ID wd:type=&quot;Employee_ID&quot;>@{id}&lt;/wd:ID>&#xD;
					&lt;/wd:Worker_Reference>&#xD;
				@end{}&#xD;
			&lt;/wd:Request_References>&#xD;
&#xD;
		    &lt;wd:Request_Criteria>&#xD;
                &lt;wd:Field_And_Parameter_Criteria_Data>&#xD;
                    &lt;wd:Provider_Reference>&#xD;
                        &lt;wd:ID wd:type=&quot;Integration_System_ID&quot;>@{props['int.sys.name']}&lt;/wd:ID>&#xD;
                    &lt;/wd:Provider_Reference>&#xD;
                &lt;/wd:Field_And_Parameter_Criteria_Data>&#xD;
                 &lt;wd:Exclude_Inactive_Workers>false&lt;/wd:Exclude_Inactive_Workers>&#xD;
                &lt;wd:Exclude_Employees>false&lt;/wd:Exclude_Employees>&#xD;
                &lt;wd:Exclude_Contingent_Workers>true&lt;/wd:Exclude_Contingent_Workers>&#xD;
           &lt;/wd:Request_Criteria>&#xD;
            &#xD;
            &lt;wd:Response_Filter>&#xD;
                  &lt;wd:Page>1&lt;/wd:Page>&#xD;
                &lt;wd:Count>999&lt;/wd:Count>&#xD;
            &lt;/wd:Response_Filter>&#xD;
			&lt;wd:Response_Group>&#xD;
                &lt;wd:Include_Reference>true&lt;/wd:Include_Reference>&#xD;
              &lt;/wd:Response_Group>&#xD;
		&lt;/wd:Get_Workers_Request></cc:text>
                    </cc:message>
                </cc:write>
                <cc:wrap-soap id="WrapSoap" output-mimetype="text/xml" input="variable" input-variable="get.worker.request"/>
            </cc:steps>
            <cc:send-error id="SendError" routes-to="AsyncMediation7"/>
        </cc:async-mediation>
        <cc:local-in id="GetWorkers1" routes-to="Validate-Input-File0"/>
        <cc:async-mediation id="DeleteInvalidID" handle-downstream-errors="true">
            <cc:steps>
                <cc:eval id="Eval">
                    <cc:expression>props['error.xpath'] = parts[0].xpath('wd:Validation_Error/wd:Xpath')+'/wd:ID'</cc:expression>
                    <cc:expression>props['invalid.id'] = vars['get.worker.request'].xpath(props['error.xpath'])</cc:expression>
                    <cc:expression>props['ee.id.hashset'].remove(props['invalid.id'])</cc:expression>
                </cc:eval>
                <cc:cloud-log id="ErrorCleaningInvalidID" header="INT0013 - Aristoltle Payroll_Deductions" level="info" message="Record for employee not found on Workday" message-details="EE # @{props['invalid.id']}" output-file-type="HTML" reference-id="'Clean Invalid ID'" variable-name="cloud.log.content"/>
                <cc:eval id="Error">
                    <cc:expression>props['error.col.1'] = ''; props['error.col.1'] = props['invalid.id'].toString().trim()</cc:expression>
                    <cc:expression>props['error.col.2'] = ''; props['error.col.2'] = 'HRP248I'</cc:expression>
                    <cc:expression>props['error.col.3'] = ''; props['error.col.3'] = 'B-1000-Update-Addr-Data'</cc:expression>
                    <cc:expression>props['error.col.4'] = ''; props['error.col.4'] = 'E'</cc:expression>
                    <cc:expression>props['error.col.5'] = ''; props['error.col.5'] = 'Record for employee not found on Workday'</cc:expression>
                </cc:eval>
            </cc:steps>
            <cc:send-error id="SendError" routes-to="AsyncMediation7010"/>
        </cc:async-mediation>
        <cc:async-mediation id="AsyncMediation7010" handle-downstream-errors="true">
            <cc:steps>
                <cc:eval id="Eval">
                    <cc:expression>props['critical.error.occurred'] = true</cc:expression>
                </cc:eval>
                <cc:cloud-log id="ErrorCleaningInvalidID" header="INT0013 - Aristoltle Payroll_Deductions" level="error" message="Error while cleaning Invalid ID from Hashset" message-details="@{context.getErrorMessage()}" output-file-type="HTML" reference-id="'Clean Invalid ID'" variable-name="cloud.log.content"/>
            </cc:steps>
        </cc:async-mediation>
        <cc:splitter id="Splitter20">
            <cc:sub-route name="SubRoute" routes-to="DeleteInvalidID"/>
            <cc:xml-stream-splitter namespaces="wd urn:com.workday/bsvc SOAP-ENV http://schemas.xmlsoap.org/soap/envelope/" xpath="/Envelope/Body/Fault/detail/wd:Validation_Fault/wd:Validation_Error"/>
        </cc:splitter>
        <cc:sync-mediation id="SyncMediation0" routes-to="Splitter20" handle-downstream-errors="true">
            <cc:request-steps>
                <cc:eval id="Error">
                    <cc:expression>props['error.occurred'] = true</cc:expression>
                </cc:eval>
            </cc:request-steps>
            <cc:response-steps>
                <cc:eval id="noError">
                    <cc:expression>props['error.occurred'] = false</cc:expression>
                </cc:eval>
                <cc:wrap-soap id="WrapSoap"/>
                <cc:write id="Write">
                    <cc:message>
                        <cc:text>&lt;wd:Get_Workers_Request xmlns:wd=&quot;urn:com.workday/bsvc&quot;>&#xD;
			&lt;wd:Request_References&#xD;
				wd:Skip_Non_Existing_Instances=&quot;true&quot;>&#xD;
				@foreach{props['ee.id.hashset'] as id}&#xD;
					&lt;wd:Worker_Reference>&#xD;
						&lt;wd:ID wd:type=&quot;Employee_ID&quot;>@{id}&lt;/wd:ID>&#xD;
					&lt;/wd:Worker_Reference>&#xD;
				@end{}&#xD;
			&lt;/wd:Request_References>&#xD;
&#xD;
		    &lt;wd:Request_Criteria>&#xD;
                &lt;wd:Field_And_Parameter_Criteria_Data>&#xD;
                    &lt;wd:Provider_Reference>&#xD;
                        &lt;wd:ID wd:type=&quot;Integration_System_ID&quot;>@{props['int.sys.name']}&lt;/wd:ID>&#xD;
                    &lt;/wd:Provider_Reference>&#xD;
                &lt;/wd:Field_And_Parameter_Criteria_Data>&#xD;
                 &lt;wd:Exclude_Inactive_Workers>false&lt;/wd:Exclude_Inactive_Workers>&#xD;
                &lt;wd:Exclude_Employees>false&lt;/wd:Exclude_Employees>&#xD;
                &lt;wd:Exclude_Contingent_Workers>true&lt;/wd:Exclude_Contingent_Workers>&#xD;
           &lt;/wd:Request_Criteria>&#xD;
            &#xD;
            &lt;wd:Response_Filter>&#xD;
                  &lt;wd:Page>1&lt;/wd:Page>&#xD;
                &lt;wd:Count>999&lt;/wd:Count>&#xD;
            &lt;/wd:Response_Filter>&#xD;
			&lt;wd:Response_Group>&#xD;
                &lt;wd:Include_Reference>true&lt;/wd:Include_Reference>&#xD;
              &lt;/wd:Response_Group>&#xD;
		&lt;/wd:Get_Workers_Request></cc:text>
                    </cc:message>
                </cc:write>
            </cc:response-steps>
            <cc:send-error id="SendError" routes-to="AsyncMediation7010"/>
        </cc:sync-mediation>
        <cc:local-in id="CleanID" routes-to="SyncMediation0"/>
        <cc:async-mediation id="AsyncMediation6" routes-to="PutIntegrationMessage">
            <cc:steps>
                <cc:xml-to-csv id="XmlToCsv" format="rfc4180" writeHeaderLine="false"/>
                <cc:write id="Write">
                    <cc:message>
                        <cc:text>Employee ID, Action,Status,Input Amount,Start Date,End Date, Message</cc:text>
                        <cc:line-separator/>
                        <cc:message-content/>
                    </cc:message>
                </cc:write>
                <cc:store id="Store" output="variable" output-mimetype="text/csv" output-variable="INT0013_Audit_File.csv" createDocumentReference="true" expiresIn="P180D" title="@{props['audit']}"/>
            </cc:steps>
        </cc:async-mediation>
        <cc:aggregator id="Aggregator0" routes-to="AsyncMediation6" collate-when="props['error.final.collator'] == false" force-batch-when="props['error.final.collator'] == true">
            <cc:size-batch-strategy batch-size="-1"/>
            <cc:xml-message-content-collater>
        <cc:header-text>&lt;Error></cc:header-text>
        <cc:footer-text>&lt;/Error></cc:footer-text>
      </cc:xml-message-content-collater>
        </cc:aggregator>
        <cc:local-in id="ErrorFinalCollator" routes-to="Aggregator0"/>
        <cc:async-mediation id="WriteError" routes-to="Aggregator0">
            <cc:steps>
                <cc:eval id="Eval">
                    <cc:expression>props['Error.Count.Agg'] = props['Error.Count.Agg'] + 1</cc:expression>
                </cc:eval>
                <cc:write id="Write">
                    <cc:message>
                        <cc:text>&lt;?xml version=&quot;1.0&quot; encoding=&quot;UTF-8&quot;?>&#xD;
&lt;ErrorMessage>&#xD;
    &lt;Col1>@{props['error.col.1']} &lt;/Col1>&#xD;
    &lt;Col2>@{props['error.col.2']} &lt;/Col2>&#xD;
    &lt;Col3>@{props['error.col.3']} &lt;/Col3>&#xD;
     &lt;Col6>@{props['error.col.6']} &lt;/Col6>&#xD;
    &lt;Col7>@{props['error.col.7']} &lt;/Col7>&#xD;
      &lt;Col8>@{props['error.col.8']} &lt;/Col8>&#xD;
         &lt;Col9>@{props['error.col.9']} &lt;/Col9>&#xD;
&lt;/ErrorMessage>&#xD;
</cc:text>
                    </cc:message>
                </cc:write>
            </cc:steps>
        </cc:async-mediation>
        <cc:local-in id="ErrorAggregate" routes-to="WriteError"/>
        <cc:local-out id="Call-ErrorFinalCollator" store-message="none" execute-when="props['Error.Count.Agg'] > 0" endpoint="vm://INT0013-Aristotle_Payroll_Deductions_Inbound/ErrorFinalCollator">
            <cc:set name="error.final.collator" value="true"/>
        </cc:local-out>
        <cc:local-out id="Call_Get_Submit_Payroll_Input" store-message="response" execute-when="!props['critical.error.occurred']" routes-response-to="Call-ProcessWorkers" endpoint="vm://INT0013-Aristotle_Payroll_Deductions_Inbound/Get_Submit_Payroll_Input"/>
        <cc:local-in id="Get_Submit_Payroll_Input" routes-to="Validate-Input-File00"/>
        <cc:async-mediation id="AsyncMediation" routes-to="WorkdayOutSoap" handle-downstream-errors="true">
            <cc:steps>
                <cc:eval id="Eval">
                    <cc:expression>props['ded_wd_1'] = intsys.integrationMapLookup('Deduction', props['deduction_1'])</cc:expression>
                </cc:eval>
                <cc:write id="Write">
                    <cc:message>
                        <cc:text>&lt;soapenv:Envelope xmlns:soapenv=&quot;http://schemas.xmlsoap.org/soap/envelope/&quot; xmlns:wd=&quot;urn:com.workday/bsvc&quot;>&#xD;
    &lt;soapenv:Header>&#xD;
      &lt;wd:Workday_Common_Header>&#xD;
         &lt;!--Optional:-->&#xD;
         &lt;wd:Include_Reference_Descriptors_In_Response>1&lt;/wd:Include_Reference_Descriptors_In_Response>&#xD;
      &lt;/wd:Workday_Common_Header>&#xD;
   &lt;/soapenv:Header>&#xD;
   &lt;soapenv:Body>&#xD;
      &lt;wd:Get_Submit_Payroll_Inputs_Request xmlns:wd=&quot;urn:com.workday/bsvc&quot;>&#xD;
&#xD;
&#xD;
  &lt;wd:Request_Criteria>&#xD;
&#xD;
&#xD;
&lt;wd:Deduction_Reference>&#xD;
               &lt;!--Zero or more repetitions:-->&#xD;
               &lt;wd:ID wd:type=&quot;Deduction_Code&quot;>@{props['ded_wd_1']}&lt;/wd:ID>&#xD;
            &lt;/wd:Deduction_Reference>&#xD;
            &#xD;
&#xD;
                                                &#xD;
     &lt;wd:Open-Ended_Ongoing_Inputs>true&lt;/wd:Open-Ended_Ongoing_Inputs>&#xD;
  &lt;/wd:Request_Criteria>&#xD;
  &lt;wd:Response_Filter>&#xD;
    &lt;wd:Page>1&lt;/wd:Page>&#xD;
    &lt;wd:Count>999&lt;/wd:Count>&#xD;
       &#xD;
     &#xD;
  &lt;/wd:Response_Filter>&#xD;
  &lt;wd:Response_Group>&#xD;
    &lt;wd:Include_Reference>false&lt;/wd:Include_Reference>&#xD;
    &lt;wd:Include_Payroll_Input_Data>true&lt;/wd:Include_Payroll_Input_Data>&#xD;
  &lt;/wd:Response_Group>&#xD;
&lt;/wd:Get_Submit_Payroll_Inputs_Request>&#xD;
   &lt;/soapenv:Body>&#xD;
&lt;/soapenv:Envelope>&#xD;
</cc:text>
                    </cc:message>
                </cc:write>
            </cc:steps>
            <cc:send-error id="SendError" routes-to="PutIntegrationMessage1"/>
        </cc:async-mediation>
        <cc:workday-out-soap id="WorkdayOutSoap" routes-response-to="AsyncMediation11" application="Payroll" version="@{intsys.getAttribute('WWS Version')}"/>
        <cc:splitter id="Splitter0">
            <cc:sub-route name="SubRoute" routes-to="AsyncMediation8"/>
            <cc:xml-stream-splitter xpath="/env:Envelope/env:Body/wd:Get_Submit_Payroll_Inputs_Response/wd:Response_Data/wd:Payroll_Input"/>
        </cc:splitter>
        <cc:async-mediation id="AsyncMediation8" continue-after-error="recover">
            <cc:steps>
                <cc:eval id="Eval">
                    <cc:expression>props['emp.id.wd.pi']  = parts[0].xpath(&quot;wd:Payroll_Input/wd:Payroll_Input_Data/wd:Worker_Reference/wd:ID[@wd:type='Employee_ID']&quot;)</cc:expression>
                    <cc:expression>props['ded.id.wd.pi']  = parts[0].xpath(&quot;wd:Payroll_Input/wd:Payroll_Input_Data/wd:Deduction_Reference/wd:ID[@wd:type='Deduction_Code']&quot;)</cc:expression>
                    <cc:expression>props['existing.ip.key'] = props['emp.id.wd.pi'] +'_' + props['ded.id.wd.pi']</cc:expression>
                    <cc:expression>props['existing.ded'] = props['existing.inputs'].contains(props['existing.ip.key'])</cc:expression>
                    <cc:expression>props['existing.inputs'].add(props['existing.ip.key'])</cc:expression>
                </cc:eval>
                <cc:xslt-plus id="XsltPlus" url="INT0013_Check_Duplicates.xsl"/>
                <cc:eval id="Eval0">
                    <cc:expression>props['empl.existing.payinputs'].put(props['existing.ip.key'],parts[0].text)</cc:expression>
                </cc:eval>
            </cc:steps>
        </cc:async-mediation>
        <cc:local-out id="Call-ProcessWorkers" store-message="none" routes-response-to="Call-ErrorFinalCollator" endpoint="vm://INT0013-Aristotle_Payroll_Deductions_Inbound/ProcessWorkers"/>
        <cc:local-in id="ProcessWorkers" routes-to="AsyncMediation70"/>
        <cc:local-out id="CallNoErrorRow" endpoint="vm://wcc/PutIntegrationMessage">
            <cc:set name="is.message.severity" value="'ERROR'"/>
            <cc:set name="is.message.summary" value="'No row error:'"/>
            <cc:set name="is.message.detail" value="context.errorMessage"/>
            <cc:set name="is.message.storage.enabled" value="false"/>
            <cc:set name="critical.error.occurred" value="true"/>
        </cc:local-out>
        <cc:async-mediation id="AsyncMediation70" routes-to="Splitter3" execute-steps-when="!props['critical.error.occurred']" handle-downstream-errors="true">
            <cc:steps>
                <cc:copy id="Copy" input="variable" input-variable="xml.input.file" stream-xpath="true"/>
            </cc:steps>
            <cc:send-error id="SendError" routes-to="CallNoErrorRow"/>
        </cc:async-mediation>
        <cc:splitter id="Splitter3" no-split-message-error="false">
            <cc:sub-route name="SubRoute" routes-to="AsyncMediation9"/>
            <cc:xml-stream-splitter xpath="/file/detail"/>
        </cc:splitter>
        <cc:async-mediation id="AsyncMediation9" routes-to="Route3">
            <cc:steps>
                <cc:eval id="Eval_IP">
                    <cc:expression>props['empl.id.ip'] = parts[0].xpath(&quot;detail/col2&quot;)</cc:expression>
                    <cc:expression>props['ded.code.ip'] = parts[0].xpath('detail/col4')</cc:expression>
                    <cc:expression>props['ded.key.map.lookup'] = intsys.integrationMapLookup('Deduction',props['ded.code.ip'])</cc:expression>
                    <cc:expression>props['amount.ip'] = parts[0].xpath('detail/col7')</cc:expression>
                    <cc:expression>props['payroll.input.id']= 'INT0013_Aristotle_'+props['ded.code.ip']+props['empl.id.ip']+'_'+props['current.moment.date'] </cc:expression>
                    <cc:expression>props['input.start.date'] = parts[0].xpath('detail/col3');&#xD;
if(props['input.start.date']!=''){props['p.parsed.date1'] = new java.text.SimpleDateFormat(&quot;dd-MMM-yyyy&quot;).parse(props['input.start.date']);}&#xD;
if(props['input.start.date']!=''){props['p.date1.formatted'] = new java.text.SimpleDateFormat(&quot;yyyy-MM-dd&quot;).format(props['p.parsed.date1']);}</cc:expression>
                </cc:eval>
                <cc:validate-exp id="ValidateExp0">
                    <cc:expression failure-message=" @{props['empl.id.ip']} was not found in the tenant.   No action taken.">props['ee.id.hashset'].contains(props['empl.id.ip'])</cc:expression>
                </cc:validate-exp>
                <cc:eval id="Get_Tendata">
                    <cc:expression>vars['current.worker.data'] = props['empl.details.tenanted.data'].get(props['empl.id.ip'])</cc:expression>
                    <cc:expression>props['Worker.Active']= '';&#xD;
props['Worker.Active'] = vars['current.worker.data'].xpath(&quot;/wd:Worker/wd:Worker_Data/wd:Integration_Field_Override_Data[wd:Field_Reference/wd:ID[@wd:parent_id='INT0013-Override'] = 'Is_Active']/wd:Value&quot;)</cc:expression>
                </cc:eval>
                <cc:validate-exp id="ValidateExp">
                    <cc:expression failure-message="Worker is Terminated.   No action taken.">props['Worker.Active'] == 'Y'</cc:expression>
                    <cc:expression failure-message="Deduction code not found in Integration Map.  No action taken.">!(props['ded.key.map.lookup'] == null)</cc:expression>
                </cc:validate-exp>
                <cc:eval id="Get_Tendata0">
                    <cc:expression>props['Worker.CP.StartDate']= '';&#xD;
props['Worker.CP.StartDate'] = vars['current.worker.data'].xpath(&quot;/wd:Worker/wd:Worker_Data/wd:Integration_Field_Override_Data[wd:Field_Reference/wd:ID[@wd:parent_id='INT0013-Override'] = 'Current_PSD']/wd:Value&quot;);&#xD;
if(props['Worker.CP.StartDate']!=''){props['p.parsed.date'] = new java.text.SimpleDateFormat(&quot;yyyy-MM-dd&quot;).parse(props['Worker.CP.StartDate']);&#xD;
props['Worker.CP.StartDate'] = new java.text.SimpleDateFormat(&quot;yyyy-MM-dd&quot;).format(props['p.parsed.date']);}</cc:expression>
                    <cc:expression>props['Worker.CP.Endate']= '';&#xD;
props['Worker.CP.Endate']= vars['current.worker.data'].xpath(&quot;/wd:Worker/wd:Worker_Data/wd:Integration_Field_Override_Data[wd:Field_Reference/wd:ID[@wd:parent_id='INT0013-Override'] = 'Current_PED']/wd:Value&quot;);&#xD;
if(props['Worker.CP.Endate']!=''){props['p.parsed.date'] = new java.text.SimpleDateFormat(&quot;yyyy-MM-dd&quot;).parse(props['Worker.CP.Endate']);&#xD;
props['Worker.CP.Endate'] = new java.text.SimpleDateFormat(&quot;yyyy-MM-dd&quot;).format(props['p.parsed.date']);}</cc:expression>
                    <cc:expression>props['Worker.PP.StartDate']= '';&#xD;
props['Worker.PP.StartDate'] = vars['current.worker.data'].xpath(&quot;/wd:Worker/wd:Worker_Data/wd:Integration_Field_Override_Data[wd:Field_Reference/wd:ID[@wd:parent_id='INT0013-Override'] = 'Past_PSD']/wd:Value&quot;);&#xD;
if(props['Worker.PP.StartDate']!=''){props['p.parsed.date'] = new java.text.SimpleDateFormat(&quot;yyyy-MM-dd&quot;).parse(props['Worker.PP.StartDate'])}&#xD;
if(props['Worker.PP.StartDate']!=''){props['Worker.PP.StartDate'] = new java.text.SimpleDateFormat(&quot;yyyy-MM-dd&quot;).format(props['p.parsed.date'])}</cc:expression>
                    <cc:expression>props['Worker.PP.Enddate']= '';&#xD;
props['Worker.PP.Enddate'] = vars['current.worker.data'].xpath(&quot;/wd:Worker/wd:Worker_Data/wd:Integration_Field_Override_Data[wd:Field_Reference/wd:ID[@wd:parent_id='INT0013-Override'] = 'Past_PED']/wd:Value&quot;);&#xD;
if(props['Worker.PP.Enddate']!='')&#xD;
&#xD;
{props['p.parsed.date'] = new java.text.SimpleDateFormat(&quot;yyyy-MM-dd&quot;).parse(props['Worker.PP.Enddate'])}&#xD;
if(props['Worker.PP.StartDate']!=''){props['Worker.PP.Enddate'] = new java.text.SimpleDateFormat(&quot;yyyy-MM-dd&quot;).format(props['p.parsed.date'])}</cc:expression>
                </cc:eval>
                <cc:eval id="Get_Exist_IP_Data">
                    <cc:expression>props['ip.ded.key'] = props['empl.id.ip'] +'_'+props['ded.key.map.lookup']</cc:expression>
                    <cc:expression>vars['current.input.data'] = props['empl.existing.payinputs'].get(props['ip.ded.key'])</cc:expression>
                    <cc:expression>props['batch.id'] = 'INT0013_Aristotle_'+ props['current.moment'].toString().substring(0, 10).toString().replace('-', '')</cc:expression>
                    <cc:expression>if(vars['current.input.data']!=empty || vars['current.input.data']!= null){props['existing.startdate'] = vars['current.input.data'].xpath(&quot;/wd:Payroll_Input/wd:Payroll_Input_Data/wd:Start_Date&quot;);}&#xD;
if(props['existing.startdate']!=empty){props['p.parsed.date'] = new java.text.SimpleDateFormat(&quot;yyyy-MM-dd&quot;).parse(props['existing.startdate']);}&#xD;
if(props['existing.startdate']!=empty){props['existing.startdate'] = new java.text.SimpleDateFormat(&quot;yyyy-MM-dd&quot;).format(props['p.parsed.date']);}</cc:expression>
                </cc:eval>
                <cc:validate-exp id="ValidateExp1">
                    <cc:expression failure-message="Worker is Terminated.   No action taken.">props['Worker.Active'] == 'Y'</cc:expression>
                    <cc:expression failure-message="Input file End date is greater than the current pay period End date">props['p.date1.formatted']&lt;=props['Worker.CP.Endate']</cc:expression>
                </cc:validate-exp>
            </cc:steps>
            <cc:send-error id="SendError" routes-to="AsyncMediation10"/>
        </cc:async-mediation>
        <cc:async-mediation id="AsyncMediation10" routes-to="CallErrorLog1">
            <cc:steps>
                <cc:eval id="Eval">
                    <cc:expression>props['error.message'] = context.getErrorMessage()</cc:expression>
                </cc:eval>
                <cc:eval id="Error">
                    <cc:expression>props['error.col.1'] = ''; props['error.col.1'] = props['empl.id.ip'].toString().trim()</cc:expression>
                    <cc:expression>props['error.col.2'] = ''; props['error.col.2'] = 'Pay Input Load'</cc:expression>
                    <cc:expression>props['error.col.3'] = ''; props['error.col.3'] = props['operation'] == 'NC' ? 'Skipped' : 'Failed'</cc:expression>
                    <cc:expression>props['error.col.4'] = ''; props['error.col.4'] = props['operation']</cc:expression>
                    <cc:expression>props['error.col.5'] = ''; props['error.col.5'] = props['ded.key.map.lookup'] != '' ? props['ded.key.map.lookup.refid']  : props['ded.code.ip']</cc:expression>
                    <cc:expression>props['error.col.6'] = '';props['error.col.6'] = props['amount.ip']</cc:expression>
                    <cc:expression>props['error.col.7'] = '';props['error.col.7'] = props['current.moment.date']</cc:expression>
                    <cc:expression>props['error.col.9'] = ''; props['error.col.9'] =  props['error.message']</cc:expression>
                    <cc:expression>props['error.col.8'] =''</cc:expression>
                </cc:eval>
            </cc:steps>
        </cc:async-mediation>
        <cc:local-out id="CallErrorLog1" store-message="none" endpoint="vm://INT0013-Aristotle_Payroll_Deductions_Inbound/ErrorAggregate"/>
        <cc:async-mediation id="AsyncMediation11" routes-to="CallSpliterIP" continue-after-error="recover" handle-downstream-errors="true">
            <cc:steps>
                <cc:eval id="Eval">
                    <cc:expression>props['count'] = parts[0].xpath('count(/env:Envelope/env:Body/wd:Get_Submit_Payroll_Inputs_Response/wd:Response_Data/wd:Payroll_Input/wd:Payroll_Input_Data)')</cc:expression>
                </cc:eval>
            </cc:steps>
        </cc:async-mediation>
        <cc:local-out id="CallSpliterIP" store-message="none" execute-when="props['count'] > 0" endpoint="vm://INT0013-Aristotle_Payroll_Deductions_Inbound/SpliterIP"/>
        <cc:local-in id="SpliterIP" routes-to="Splitter0"/>
        <cc:route id="Route0">
            <cc:mvel-strategy>
                <cc:choose-route expression="props['existing.startdate'] >= props['Worker.CP.StartDate'] " route="Update_Current_Period_Ded"/>
                <cc:choose-route expression="props['existing.startdate'] &lt; props['Worker.CP.StartDate']" route="Start_Date_in Previpus Period"/>
            </cc:mvel-strategy>
            <cc:sub-route name="Update_Current_Period_Ded" routes-to="CallUpdateCurrentPeriod"/>
            <cc:sub-route name="Start_Date_in Previpus Period" routes-to="Call_Start_Date_In_Past_Period"/>
        </cc:route>
        <cc:local-out id="Call_Start_Date_In_Past_Period" store-message="none" endpoint="vm://INT0013-Aristotle_Payroll_Deductions_Inbound/Start_Date_In_Past_Period"/>
        <cc:local-in id="Start_Date_In_Past_Period" routes-to="Route2"/>
        <cc:route id="Route2">
            <cc:all-strategy/>
            <cc:sub-route name="End_Previous_Input_With_Past_End_Date" routes-to="CallEndinputPastEndDate"/>
            <cc:sub-route name="Create_new_Input_With_Current_Date" routes-to="CallCreateinputCurrentDate"/>
        </cc:route>
        <cc:local-out id="CallCreatenewinput" store-message="none" endpoint="vm://INT0013-Aristotle_Payroll_Deductions_Inbound/Createnewinput"/>
        <cc:local-in id="Createnewinput" routes-to="AsyncMediation17"/>
        <cc:async-mediation id="AsyncMediation17" routes-to="Call_Final_WebService">
            <cc:steps>
                <cc:write id="Write">
                    <cc:message>
                        <cc:text>&lt;wd:Submit_Payroll_Input_Request xmlns:wd=&quot;urn:com.workday/bsvc&quot;>&#xD;
    &lt;wd:Payroll_Input_Data>&#xD;
 &#xD;
	&lt;wd:Payroll_Input_ID>@{props['payroll.input.id']}&lt;/wd:Payroll_Input_ID>&#xD;
        &lt;wd:Batch_ID>@{props['batch.id'] }&lt;/wd:Batch_ID>&#xD;
        &lt;wd:Ongoing_Input>true&lt;/wd:Ongoing_Input>&#xD;
        &lt;wd:Start_Date>@{props['Worker.CP.StartDate']}&lt;/wd:Start_Date>&#xD;
      &#xD;
     &#xD;
        &lt;wd:Worker_Reference>&#xD;
            &lt;wd:ID wd:type=&quot;Employee_ID&quot;>@{props['empl.id.ip'] }&lt;/wd:ID>&#xD;
        &lt;/wd:Worker_Reference>&#xD;
        &lt;wd:Deduction_Reference>&#xD;
            &lt;wd:ID wd:type=&quot;Deduction_Code&quot;>@{props['ded.key.map.lookup']}&lt;/wd:ID>&#xD;
        &lt;/wd:Deduction_Reference>&#xD;
        &lt;wd:Amount>@{props['amount.ip']}&lt;/wd:Amount>&#xD;
       &#xD;
    &lt;/wd:Payroll_Input_Data>&#xD;
&lt;/wd:Submit_Payroll_Input_Request></cc:text>
                    </cc:message>
                </cc:write>
                <cc:wrap-soap id="WrapSoap"/>
                <cc:eval id="Eval">
                    <cc:expression>props['error.col.7'] = '';props['Start.Date'] = props['Worker.CP.StartDate']</cc:expression>
                    <cc:expression>props['audit.amount'] = props['amount.ip']</cc:expression>
                    <cc:expression>props['error.message'] = 'New pay input successfully created.';</cc:expression>
                    <cc:expression>props['end.date'] =''</cc:expression>
                </cc:eval>
            </cc:steps>
        </cc:async-mediation>
        <cc:local-out id="Call_Final_WebService" store-message="none" endpoint="vm://INT0013-Aristotle_Payroll_Deductions_Inbound/Final_Webservice"/>
        <cc:local-in id="Final_Webservice" routes-to="SyncMediation2"/>
        <cc:sync-mediation id="SyncMediation2" routes-to="UpdatePayrollinput" handle-downstream-errors="true">
            <cc:request-steps>
            </cc:request-steps>
            <cc:response-steps>
                <cc:set-headers id="ValidatioOff">
                    <cc:remove-headers>
                        <cc:remove-header name="X-Validate-Only"/>
                    </cc:remove-headers>
                    <cc:add-headers/>
                </cc:set-headers>
            </cc:response-steps>
            <cc:send-error id="SendError" routes-to="AsyncMediation00"/>
        </cc:sync-mediation>
        <cc:async-mediation id="UpdatePayrollinput" routes-to="WorkdayOutSoap0" execute-steps-when="props['validation.mode.lp']" handle-downstream-errors="true">
            <cc:steps>
                <cc:set-headers id="ValidatioOn">
                    <cc:remove-headers/>
                    <cc:add-headers>
                        <cc:add-header name="X-Validate-Only" value="1"/>
                    </cc:add-headers>
                </cc:set-headers>
            </cc:steps>
            <cc:send-error id="SendError" routes-to="AsyncMediation00"/>
        </cc:async-mediation>
        <cc:workday-out-soap id="WorkdayOutSoap0" routes-response-to="UpdatePayrollInputafter" application="Payroll" version="@{props['wsdl.version']}"/>
        <cc:async-mediation id="UpdatePayrollInputafter" routes-to="CallSuccesslog">
            <cc:steps>
                <cc:eval id="Error">
                    <cc:expression>props['error.col.1'] = ''; props['error.col.1'] = props['empl.id.ip'].toString().trim()</cc:expression>
                    <cc:expression>props['error.col.2'] = ''; props['error.col.2'] = 'Pay Input Load'</cc:expression>
                    <cc:expression>props['error.col.3'] = ''; props['error.col.3'] = 'Success'</cc:expression>
                    <cc:expression>props['error.col.4'] = ''; props['error.col.4'] = props['operation']</cc:expression>
                    <cc:expression>props['error.col.5'] = ''; props['error.col.5'] = props['ded.key.map.lookup.refid']</cc:expression>
                    <cc:expression>props['error.col.6'] = '';props['error.col.6'] = props['audit.amount']</cc:expression>
                    <cc:expression>props['error.col.7'] =''; props['error.col.7'] = props['Start.Date']</cc:expression>
                    <cc:expression>props['error.col.8'] = ''; props['error.col.8'] =  props['end.date']</cc:expression>
                    <cc:expression>props['error.col.9'] = ''; props['error.col.9'] =  props['error.message']&#xD;
</cc:expression>
                </cc:eval>
            </cc:steps>
        </cc:async-mediation>
        <cc:async-mediation id="AsyncMediation00" routes-to="Call_Error">
            <cc:steps>
                <cc:eval id="Eval">
                    <cc:expression>props['error.message'] = ''; props['error.message'] = context.getErrorMessage()</cc:expression>
                </cc:eval>
                <cc:eval id="Error">
                    <cc:expression>props['error.col.1'] = ''; props['error.col.1'] = props['empl.id.ip'].toString().trim()</cc:expression>
                    <cc:expression>props['error.col.2'] = ''; props['error.col.2'] = 'Pay Input Load'</cc:expression>
                    <cc:expression>props['error.col.3'] = ''; props['error.col.3'] = 'Failed'</cc:expression>
                    <cc:expression>props['error.col.4'] = ''; props['error.col.4'] = props['operation']</cc:expression>
                    <cc:expression>props['error.col.5'] = ''; props['error.col.5'] = props['ded.key.map.lookup.refid']</cc:expression>
                    <cc:expression>props['error.col.6'] = '';props['error.col.6'] = props['amount.ip']</cc:expression>
                    <cc:expression>props['error.col.7'] = '';props['error.col.7'] = props['current.moment.date']</cc:expression>
                    <cc:expression>props['error.col.8'] = ''; </cc:expression>
                    <cc:expression>props['error.col.9'] = ''; props['error.col.9'] =  props['error.message']</cc:expression>
                </cc:eval>
            </cc:steps>
        </cc:async-mediation>
        <cc:local-out id="Call_Error" store-message="none" endpoint="vm://INT0013-Aristotle_Payroll_Deductions_Inbound/ErrorAggregate"/>
        <cc:local-out id="CallSuccesslog" store-message="none" endpoint="vm://INT0013-Aristotle_Payroll_Deductions_Inbound/ErrorAggregate"/>
        <cc:local-out id="CallUpdateCurrentPeriod" store-message="none" endpoint="vm://INT0013-Aristotle_Payroll_Deductions_Inbound/UpdateCurrentPeriod"/>
        <cc:local-in id="UpdateCurrentPeriod" routes-to="AsyncMediation170"/>
        <cc:async-mediation id="AsyncMediation170" routes-to="Call_Final_Webservice1">
            <cc:steps>
                <cc:write id="Write">
                    <cc:message>
                        <cc:text>      &lt;wd:Submit_Payroll_Input_Request xmlns:wd=&quot;urn:com.workday/bsvc&quot;>&#xD;
    &lt;wd:Payroll_Input_Data>&#xD;
 &#xD;
&lt;wd:Payroll_Input_ID>@{props['existing.payrollinputid']}&lt;/wd:Payroll_Input_ID>&#xD;
&#xD;
        &lt;wd:Batch_ID>@{props['existing.batchid']}&lt;/wd:Batch_ID>&#xD;
        &lt;wd:Ongoing_Input>true&lt;/wd:Ongoing_Input>&#xD;
        &lt;wd:Start_Date>@{props['existing.startdate']}&lt;/wd:Start_Date>&#xD;
      &#xD;
     &#xD;
        &lt;wd:Worker_Reference>&#xD;
            &lt;wd:ID wd:type=&quot;Employee_ID&quot;>@{props['empl.id.ip']}&lt;/wd:ID>&#xD;
        &lt;/wd:Worker_Reference>&#xD;
        &lt;wd:Deduction_Reference>&#xD;
            &lt;wd:ID wd:type=&quot;Deduction_Code&quot;>@{props['ded.key.map.lookup']}&lt;/wd:ID>&#xD;
        &lt;/wd:Deduction_Reference>&#xD;
        &lt;wd:Amount>@{props['amount.ip']}&lt;/wd:Amount>&#xD;
       &#xD;
    &lt;/wd:Payroll_Input_Data>&#xD;
&lt;/wd:Submit_Payroll_Input_Request></cc:text>
                    </cc:message>
                </cc:write>
                <cc:wrap-soap id="WrapSoap"/>
                <cc:eval id="Eval">
                    <cc:expression>props['error.col.7'] = '';props['Start.Date'] = props['existing.startdate']</cc:expression>
                    <cc:expression>props['error.message'] = 'Existing pay input amount successfully updated.';</cc:expression>
                    <cc:expression>props['audit.amount'] = props['amount.ip']</cc:expression>
                    <cc:expression>props['end.date'] =''</cc:expression>
                </cc:eval>
            </cc:steps>
        </cc:async-mediation>
        <cc:local-out id="Call_Final_Webservice1" store-message="none" endpoint="vm://INT0013-Aristotle_Payroll_Deductions_Inbound/Final_Webservice"/>
        <cc:local-in id="EndCurrentPeriod" routes-to="AsyncMediation1700"/>
        <cc:async-mediation id="AsyncMediation1700" routes-to="Call_Final_Webservice2">
            <cc:steps>
                <cc:write id="Write">
                    <cc:message>
                        <cc:text>      &lt;wd:Submit_Payroll_Input_Request xmlns:wd=&quot;urn:com.workday/bsvc&quot;>&#xD;
    &lt;wd:Payroll_Input_Data>&#xD;
 &#xD;
&lt;wd:Payroll_Input_ID>@{props['existing.payrollinputid']}&lt;/wd:Payroll_Input_ID>&#xD;
&#xD;
        &lt;wd:Batch_ID>@{props['existing.batchid']}&lt;/wd:Batch_ID>&#xD;
        &lt;wd:Ongoing_Input>true&lt;/wd:Ongoing_Input>&#xD;
        &lt;wd:Start_Date>@{props['existing.startdate']}&lt;/wd:Start_Date>&#xD;
          &lt;wd:End_Date>@{props['existing.startdate']}&lt;/wd:End_Date>&#xD;
      &#xD;
     &#xD;
        &lt;wd:Worker_Reference>&#xD;
            &lt;wd:ID wd:type=&quot;Employee_ID&quot;>@{props['empl.id.ip'] }&lt;/wd:ID>&#xD;
        &lt;/wd:Worker_Reference>&#xD;
        &lt;wd:Deduction_Reference>&#xD;
            &lt;wd:ID wd:type=&quot;Deduction_Code&quot;>@{props['ded.key.map.lookup']}&lt;/wd:ID>&#xD;
        &lt;/wd:Deduction_Reference>&#xD;
        &lt;wd:Amount>0&lt;/wd:Amount>&#xD;
       &#xD;
    &lt;/wd:Payroll_Input_Data>&#xD;
&lt;/wd:Submit_Payroll_Input_Request></cc:text>
                    </cc:message>
                </cc:write>
                <cc:wrap-soap id="WrapSoap"/>
                <cc:eval id="Eval">
                    <cc:expression>props['error.col.7'] = '';props['Start.Date'] =props['existing.startdate']</cc:expression>
                    <cc:expression>props['error.message'] = 'Existing pay input successfully ended.';</cc:expression>
                    <cc:expression>props['audit.amount'] = 0</cc:expression>
                    <cc:expression>props['end.date'] = props['existing.startdate']</cc:expression>
                </cc:eval>
            </cc:steps>
        </cc:async-mediation>
        <cc:local-out id="Call_Final_Webservice2" store-message="none" endpoint="vm://INT0013-Aristotle_Payroll_Deductions_Inbound/Final_Webservice"/>
        <cc:local-in id="EndinPreviousperiod" routes-to="AsyncMediation17000"/>
        <cc:async-mediation id="AsyncMediation17000" routes-to="Call_Final_Webservice3">
            <cc:steps>
                <cc:write id="Write">
                    <cc:message>
                        <cc:text>      &lt;wd:Submit_Payroll_Input_Request xmlns:wd=&quot;urn:com.workday/bsvc&quot;>&#xD;
    &lt;wd:Payroll_Input_Data>&#xD;
 &#xD;
&lt;wd:Payroll_Input_ID>@{props['existing.payrollinputid']}&lt;/wd:Payroll_Input_ID>&#xD;
&#xD;
        &lt;wd:Batch_ID>@{props['existing.batchid']}&lt;/wd:Batch_ID>&#xD;
        &lt;wd:Ongoing_Input>true&lt;/wd:Ongoing_Input>&#xD;
        &lt;wd:Start_Date>@{props['existing.startdate']}&lt;/wd:Start_Date>&#xD;
          &lt;wd:End_Date>@{props['Worker.PP.Enddate']}&lt;/wd:End_Date>&#xD;
      &#xD;
     &#xD;
        &lt;wd:Worker_Reference>&#xD;
            &lt;wd:ID wd:type=&quot;Employee_ID&quot;>@{props['empl.id.ip'] }&lt;/wd:ID>&#xD;
        &lt;/wd:Worker_Reference>&#xD;
        &lt;wd:Deduction_Reference>&#xD;
            &lt;wd:ID wd:type=&quot;Deduction_Code&quot;>@{props['ded.key.map.lookup']}&lt;/wd:ID>&#xD;
        &lt;/wd:Deduction_Reference>&#xD;
        &lt;wd:Amount>@{props['existing.amount']}&lt;/wd:Amount>&#xD;
       &#xD;
    &lt;/wd:Payroll_Input_Data>&#xD;
&lt;/wd:Submit_Payroll_Input_Request></cc:text>
                    </cc:message>
                </cc:write>
                <cc:wrap-soap id="WrapSoap"/>
                <cc:eval id="Eval">
                    <cc:expression>props['error.col.7'] = '';props['Start.Date'] =props['existing.startdate']</cc:expression>
                    <cc:expression>props['error.message'] = 'Existing pay input successfully ended.';</cc:expression>
                    <cc:expression>props['audit.amount'] = props['existing.amount']</cc:expression>
                    <cc:expression>props['end.date'] = props['Worker.PP.Enddate']</cc:expression>
                </cc:eval>
            </cc:steps>
        </cc:async-mediation>
        <cc:local-out id="Call_Final_Webservice3" store-message="none" endpoint="vm://INT0013-Aristotle_Payroll_Deductions_Inbound/Final_Webservice"/>
        <cc:local-out id="CallEndinputPastEndDate" store-message="none" endpoint="vm://INT0013-Aristotle_Payroll_Deductions_Inbound/EndinputPastEndDate"/>
        <cc:local-out id="CallCreateinputCurrentDate" store-message="none" endpoint="vm://INT0013-Aristotle_Payroll_Deductions_Inbound/CreateinputCurrentDate"/>
        <cc:local-in id="EndinputPastEndDate" routes-to="AsyncMediation170000"/>
        <cc:local-in id="CreateinputCurrentDate" routes-to="AsyncMediation171"/>
        <cc:local-out id="Call_Final_Webservice30" store-message="none" endpoint="vm://INT0013-Aristotle_Payroll_Deductions_Inbound/Final_Webservice"/>
        <cc:async-mediation id="AsyncMediation170000" routes-to="Call_Final_Webservice30">
            <cc:steps>
                <cc:write id="Write">
                    <cc:message>
                        <cc:text>      &lt;wd:Submit_Payroll_Input_Request xmlns:wd=&quot;urn:com.workday/bsvc&quot;>&#xD;
    &lt;wd:Payroll_Input_Data>&#xD;
 &#xD;
&lt;wd:Payroll_Input_ID>@{props['existing.payrollinputid']}&lt;/wd:Payroll_Input_ID>&#xD;
&#xD;
        &lt;wd:Batch_ID>@{props['existing.batchid']}&lt;/wd:Batch_ID>&#xD;
        &lt;wd:Ongoing_Input>true&lt;/wd:Ongoing_Input>&#xD;
        &lt;wd:Start_Date>@{props['existing.startdate']}&lt;/wd:Start_Date>&#xD;
          &lt;wd:End_Date>@{props['Worker.PP.Enddate']}&lt;/wd:End_Date>&#xD;
      &#xD;
     &#xD;
        &lt;wd:Worker_Reference>&#xD;
            &lt;wd:ID wd:type=&quot;Employee_ID&quot;>@{props['empl.id.ip'] }&lt;/wd:ID>&#xD;
        &lt;/wd:Worker_Reference>&#xD;
        &lt;wd:Deduction_Reference>&#xD;
            &lt;wd:ID wd:type=&quot;Deduction_Code&quot;>@{props['ded.key.map.lookup']}&lt;/wd:ID>&#xD;
        &lt;/wd:Deduction_Reference>&#xD;
        &lt;wd:Amount>@{props['existing.amount']}&lt;/wd:Amount>&#xD;
       &#xD;
    &lt;/wd:Payroll_Input_Data>&#xD;
&lt;/wd:Submit_Payroll_Input_Request></cc:text>
                    </cc:message>
                </cc:write>
                <cc:wrap-soap id="WrapSoap"/>
                <cc:eval id="Eval">
                    <cc:expression>props['error.col.7'] = '';props['Start.Date'] =props['existing.startdate']</cc:expression>
                    <cc:expression>props['error.message'] = 'Existing pay input successfully ended.';</cc:expression>
                    <cc:expression>props['audit.amount'] = props['existing.amount']</cc:expression>
                    <cc:expression>props['end.date'] = props['Worker.PP.Enddate']</cc:expression>
                </cc:eval>
            </cc:steps>
        </cc:async-mediation>
        <cc:local-out id="Call_Final_WebService0" store-message="none" endpoint="vm://INT0013-Aristotle_Payroll_Deductions_Inbound/Final_Webservice"/>
        <cc:async-mediation id="AsyncMediation171" routes-to="Call_Final_WebService0">
            <cc:steps>
                <cc:write id="Write">
                    <cc:message>
                        <cc:text>&lt;wd:Submit_Payroll_Input_Request xmlns:wd=&quot;urn:com.workday/bsvc&quot;>&#xD;
    &lt;wd:Payroll_Input_Data>&#xD;
 &#xD;
&lt;wd:Payroll_Input_ID>@{props['payroll.input.id']}&lt;/wd:Payroll_Input_ID>&#xD;
        &lt;wd:Batch_ID>@{props['batch.id'] }&lt;/wd:Batch_ID>&#xD;
        &lt;wd:Ongoing_Input>true&lt;/wd:Ongoing_Input>&#xD;
        &lt;wd:Start_Date>@{props['Worker.CP.StartDate']}&lt;/wd:Start_Date>&#xD;
      &#xD;
     &#xD;
        &lt;wd:Worker_Reference>&#xD;
            &lt;wd:ID wd:type=&quot;Employee_ID&quot;>@{props['empl.id.ip'] }&lt;/wd:ID>&#xD;
        &lt;/wd:Worker_Reference>&#xD;
        &lt;wd:Deduction_Reference>&#xD;
            &lt;wd:ID wd:type=&quot;Deduction_Code&quot;>@{props['ded.key.map.lookup']}&lt;/wd:ID>&#xD;
        &lt;/wd:Deduction_Reference>&#xD;
        &lt;wd:Amount>@{props['amount.ip']}&lt;/wd:Amount>&#xD;
       &#xD;
    &lt;/wd:Payroll_Input_Data>&#xD;
&lt;/wd:Submit_Payroll_Input_Request></cc:text>
                    </cc:message>
                </cc:write>
                <cc:wrap-soap id="WrapSoap"/>
                <cc:eval id="Eval">
                    <cc:expression>props['error.col.7'] = '';props['Start.Date'] = props['Worker.CP.StartDate']</cc:expression>
                    <cc:expression>props['error.message'] = 'New pay input successfully created.';</cc:expression>
                    <cc:expression>props['audit.amount'] =props['amount.ip']</cc:expression>
                    <cc:expression>props['end.date'] = ''</cc:expression>
                </cc:eval>
            </cc:steps>
        </cc:async-mediation>
        <cc:local-out id="PutIntegrationMessage" endpoint="vm://wcc/PutIntegrationMessage">
            <cc:set name="is.message.severity" value="'INFO'"/>
            <cc:set name="is.message.summary" value="&quot;Audit file stored for further processing.&quot;"/>
            <cc:set name="is.document.variable.name" value="&quot;INT0013_Audit_File.csv&quot;"/>
            <cc:set name="is.document.file.name" value="props['audit']"/>
            <cc:set name="is.document.labels" value="&quot;Audit.log&quot;"/>
            <cc:set name="is.message.storage.enabled" value="false"/>
        </cc:local-out>
        <cc:local-out id="PutIntegrationMessage60" endpoint="vm://wcc/PutIntegrationMessage">
            <cc:set name="is.message.severity" value="'ERROR'"/>
            <cc:set name="is.message.summary" value="'File Not Available in SFTP Please check SFTP for the valid file'+context.errorMessage"/>
            <cc:set name="is.message.storage.enabled" value="false"/>
        </cc:local-out>
        <cc:route id="Route3">
            <cc:mvel-strategy>
                <cc:choose-route expression="vars['current.input.data'] != empty &amp;&amp; (props['amount.ip']=='0.0' || props['amount.ip']=='0.00' || props['amount.ip']=='0') &amp;&amp; props['existing.startdate'] >= props['Worker.CP.StartDate']" route="InputExists&amp;AmountZero&amp;StartDAteinCurrentPeriod"/>
                <cc:choose-route expression="vars['current.input.data'] != empty &amp;&amp; (props['amount.ip']=='0.0' || props['amount.ip']=='0.00' || props['amount.ip']=='0') &amp;&amp; props['existing.startdate'] &lt; props['Worker.CP.StartDate']" route="InputExists&amp;AmountZero&amp;StartDAteinPastPeriod"/>
                <cc:choose-route expression="vars['current.input.data'] == empty &amp;&amp; props['amount.ip'] > '0.0'" route="No_Input_exists&amp;amount_is_Greater_0"/>
                <cc:choose-route expression="(vars['current.input.data'] != empty || vars['current.input.data'] != '' ||vars['current.input.data'] != null ) &amp;&amp; props['amount.ip'] > '0.0'" route="InputExists&amp;AmountisGreater0"/>
                <cc:choose-route expression="vars['current.input.data'] == empty &amp;&amp; props['amount.ip']== '0.00'" route="No_InputExists&amp;Amount_0"/>
            </cc:mvel-strategy>
            <cc:sub-route name="InputExists&amp;AmountZero&amp;StartDAteinCurrentPeriod" routes-to="AsyncMediation5"/>
            <cc:sub-route name="InputExists&amp;AmountZero&amp;StartDAteinPastPeriod" routes-to="AsyncMediation13"/>
            <cc:sub-route name="No_Input_exists&amp;amount_is_Greater_0" routes-to="CallCreatenewinput"/>
            <cc:sub-route name="InputExists&amp;AmountisGreater0" routes-to="InputExists"/>
            <cc:sub-route name="No_InputExists&amp;Amount_0" routes-to="AsyncMediation18"/>
        </cc:route>
        <cc:async-mediation id="AsyncMediation18">
            <cc:steps>
                <cc:validate-exp id="ValidateExp">
                    <cc:expression failure-message="Input Amount is Zero and there is no active input to end">vars['current.input.data'] != empty &amp;&amp; props['amount.ip']!='0.00'</cc:expression>
                </cc:validate-exp>
            </cc:steps>
            <cc:send-error id="SendError" routes-to="AsyncMediation10000"/>
        </cc:async-mediation>
        <cc:local-in id="Init-In" routes-to="InitMediation"/>
        <cc:async-mediation id="InitMediation">
            <cc:steps>
                <cc:eval id="LP"><cc:expression>props['validation.mode.lp'] = (Boolean)lp.getSimpleData('Validation Mode')</cc:expression>
                    <cc:expression>props['current.moment'] = lp.getDate('Current Date')</cc:expression>
                    <cc:expression>props['current.moment.date'] = props['current.moment'].toString().substring(0, 10)</cc:expression>
                    <cc:expression>props['audit']= lp.getSequencedValue('INT0013-Seq')</cc:expression></cc:eval>
                <cc:eval id="Props &amp; Vars"><cc:expression>props['unexpected.errors.occurred'] = false ; props['critical.error.occurred'] = false; props['force.close.agg'] = false;</cc:expression><cc:expression>props['int.sys.name'] = intsys.getName()</cc:expression>
                    <cc:expression>props['error.msg'] = empty; </cc:expression>
                    <cc:expression>props['audit']= lp.getSequencedValue('INT0013-Seq')</cc:expression>
                    <cc:expression>props['error.final.collator'] = false; props['Error.Count.Agg'] = 0</cc:expression></cc:eval>
                <cc:eval id="Maps&amp;Lists">
                    <cc:expression>props['ee.id.hashset'] = new java.util.HashSet()</cc:expression>
                    <cc:expression>props['emp.legal.name'] = new java.util.HashMap()</cc:expression>
                    <cc:expression>props['emp.country.name'] = new java.util.HashMap()</cc:expression>
                    <cc:expression>props['Get_Worker_Hashmap'] = new java.util.HashMap()</cc:expression>
                    <cc:expression>props['empl.details.tenanted.data'] = new java.util.HashMap()</cc:expression>
                    <cc:expression>props['empl.existing.payinputs'] = new java.util.HashMap()</cc:expression>
                    <cc:expression>props['existing.inputs'] = new java.util.HashSet()</cc:expression></cc:eval>
                <cc:eval id="Attr">
                    <cc:expression>props['att.wws.version'] = intsys.getAttribute('WWS Version')</cc:expression>
                    <cc:expression>props['test'] = true</cc:expression>
                    <cc:expression>props['wsdl.version'] = intsys.getAttribute('WWS Version')</cc:expression>
                </cc:eval>
            </cc:steps>
            <cc:send-error id="SendError" routes-to="PutIntegrationMessage0"/>
        </cc:async-mediation>
        <cc:local-out id="Call-InitProps" store-message="none" routes-response-to="ValidationMode" endpoint="vm://INT0013-Aristotle_Payroll_Deductions_Inbound/Init-In"/>
        <cc:local-out id="CallValidateInputFile" store-message="none" routes-response-to="Call-GetWorkerTenantedData" endpoint="vm://INT0013-Aristotle_Payroll_Deductions_Inbound/Validate-INput-File"/>
        <cc:local-in id="Validate-INput-File" routes-to="Validate-Input-File"/>
        <cc:async-mediation id="InputExists" routes-to="Route0">
            <cc:steps>
                <cc:eval id="Get_Exist_IP_Data">
                    <cc:expression>props['ip.ded.key'] = props['empl.id.ip'] +'_'+props['ded.key.map.lookup']</cc:expression>
                    <cc:expression>vars['current.input.data'] = props['empl.existing.payinputs'].get(props['ip.ded.key'])</cc:expression>
                    <cc:expression>props['existing.duplicates'] = vars['current.input.data'].xpath(&quot;/wd:Each_Payroll_Input/wd:Is_Ded_Duplicate&quot;)</cc:expression>
                    <cc:expression>props['existing.batchid'] = vars['current.input.data'].xpath(&quot;/wd:Each_Payroll_Input/wd:Payroll_Input_Data/wd:Batch_ID&quot;)</cc:expression>
                    <cc:expression>props['existing.payrollinputid'] = vars['current.input.data'].xpath(&quot;/wd:Each_Payroll_Input/wd:Payroll_Input_Data/wd:Payroll_Input_ID&quot;)</cc:expression>
                    <cc:expression>props['existing.startdate'] = vars['current.input.data'].xpath(&quot;/wd:Each_Payroll_Input/wd:Payroll_Input_Data/wd:Start_Date&quot;);&#xD;
props['p.parsed.date'] = new java.text.SimpleDateFormat(&quot;yyyy-MM-dd&quot;).parse(props['existing.startdate']);&#xD;
props['existing.startdate'] = new java.text.SimpleDateFormat(&quot;yyyy-MM-dd&quot;).format(props['p.parsed.date']);</cc:expression>
                    <cc:expression>props['existing.amount']='';&#xD;
props['existing.amount'] = vars['current.input.data'].xpath(&quot;/wd:Each_Payroll_Input/wd:Payroll_Input_Data/wd:Amount&quot;); </cc:expression>
                    <cc:expression>props['existing.dedcode'] = vars['current.input.data'].xpath(&quot;/wd:Each_Payroll_Input/wd:Payroll_Input_Data/wd:Deduction_Reference/wd:ID[@wd:type='Deduction_Code']&quot;)</cc:expression>
                </cc:eval>
                <cc:eval id="Eval0">
                    <cc:expression>if ((props['amount.ip'] == props['existing.amount']))&#xD;
{&#xD;
props['same.amount.exist'] = 'SAME'&#xD;
&#xD;
} else&#xD;
{&#xD;
props['same.amount.exist'] = 'NOTSAME'&#xD;
}</cc:expression>
                </cc:eval>
                <cc:validate-exp id="ValidateExp">
                    <cc:expression failure-message="Multiple, concurrent pay inputs already exist (w/o end dates).  Manual intervention required.">props['existing.duplicates'] != true</cc:expression>
                    <cc:expression failure-message="Pay input already exists for same amount.  No action taken.">props['same.amount.exist'] == 'NOTSAME'</cc:expression>
                </cc:validate-exp>
            </cc:steps>
            <cc:send-error id="SendError" routes-to="AsyncMediation10000"/>
        </cc:async-mediation>
        <cc:local-out id="CallErrorLog110" store-message="none" endpoint="vm://INT0013-Aristotle_Payroll_Deductions_Inbound/ErrorAggregate"/>
        <cc:async-mediation id="AsyncMediation10000" routes-to="CallErrorLog110">
            <cc:steps>
                <cc:eval id="Eval">
                    <cc:expression>props['error.message'] = context.getErrorMessage()</cc:expression>
                </cc:eval>
                <cc:eval id="Error">
                    <cc:expression>props['error.col.1'] = ''; props['error.col.1'] = props['empl.id.ip'].toString().trim()</cc:expression>
                    <cc:expression>props['error.col.2'] = ''; props['error.col.2'] = 'Pay Input Load'</cc:expression>
                    <cc:expression>props['error.col.3'] = ''; props['error.col.3'] = 'Skipped'</cc:expression>
                    <cc:expression>props['error.col.4'] = ''; props['error.col.4'] = props['operation']</cc:expression>
                    <cc:expression>props['error.col.5'] = ''; props['error.col.5'] = props['ded.key.map.lookup.refid']</cc:expression>
                    <cc:expression>props['error.col.6'] = '';props['error.col.6'] = props['amount.ip']</cc:expression>
                    <cc:expression>props['error.col.7'] = '';props['error.col.7'] = props['current.moment.date']</cc:expression>
                    <cc:expression>props['error.col.9'] = ''; props['error.col.9'] =  props['error.message']</cc:expression>
                    <cc:expression>props['error.col.8'] = '';</cc:expression>
                </cc:eval>
            </cc:steps>
        </cc:async-mediation>
        <cc:local-out id="Call-EndinPreviousperiod" store-message="none" endpoint="vm://INT0013-Aristotle_Payroll_Deductions_Inbound/EndinPreviousperiod"/>
        <cc:local-out id="Call-EndCurrentPeriod" store-message="none" endpoint="vm://INT0013-Aristotle_Payroll_Deductions_Inbound/EndCurrentPeriod"/>
        <cc:async-mediation id="AsyncMediation5" routes-to="Call-EndCurrentPeriod">
            <cc:steps>
                <cc:eval id="Get_Exist_IP_Data0">
                    <cc:expression>props['ip.ded.key'] = props['empl.id.ip'] +'_'+props['ded.key.map.lookup']</cc:expression>
                    <cc:expression>vars['current.input.data'] = props['empl.existing.payinputs'].get(props['ip.ded.key'])</cc:expression>
                    <cc:expression>props['existing.duplicates'] = vars['current.input.data'].xpath(&quot;/wd:Each_Payroll_Input/wd:Is_Ded_Duplicate&quot;)</cc:expression>
                    <cc:expression>props['existing.batchid'] = vars['current.input.data'].xpath(&quot;/wd:Each_Payroll_Input/wd:Payroll_Input_Data/wd:Batch_ID&quot;)</cc:expression>
                    <cc:expression>props['existing.payrollinputid'] = vars['current.input.data'].xpath(&quot;/wd:Each_Payroll_Input/wd:Payroll_Input_Data/wd:Payroll_Input_ID&quot;)</cc:expression>
                    <cc:expression>props['existing.startdate'] = vars['current.input.data'].xpath(&quot;/wd:Each_Payroll_Input/wd:Payroll_Input_Data/wd:Start_Date&quot;);&#xD;
if(props['existing.startdate']!=''){props['p.parsed.date'] = new java.text.SimpleDateFormat(&quot;yyyy-MM-dd&quot;).parse(props['existing.startdate']);&#xD;
props['existing.startdate'] = new java.text.SimpleDateFormat(&quot;yyyy-MM-dd&quot;).format(props['p.parsed.date']);}</cc:expression>
                    <cc:expression>props['existing.amount']='';&#xD;
props['existing.amount'] = vars['current.input.data'].xpath(&quot;/wd:Each_Payroll_Input/wd:Payroll_Input_Data/wd:Amount&quot;); </cc:expression>
                    <cc:expression>props['existing.dedcode'] = vars['current.input.data'].xpath(&quot;/wd:Each_Payroll_Input/wd:Payroll_Input_Data/wd:Deduction_Reference/wd:ID[@wd:type='Deduction_Code']&quot;)</cc:expression>
                </cc:eval>
            </cc:steps>
        </cc:async-mediation>
        <cc:async-mediation id="AsyncMediation13" routes-to="Call-EndinPreviousperiod">
            <cc:steps>
                <cc:eval id="Get_Exist_IP_Data0">
                    <cc:expression>props['ip.ded.key'] = props['empl.id.ip'] +'_'+props['ded.key.map.lookup']</cc:expression>
                    <cc:expression>vars['current.input.data'] = props['empl.existing.payinputs'].get(props['ip.ded.key'])</cc:expression>
                    <cc:expression>props['existing.duplicates'] = vars['current.input.data'].xpath(&quot;/wd:Each_Payroll_Input/wd:Is_Ded_Duplicate&quot;)</cc:expression>
                    <cc:expression>props['existing.batchid'] = vars['current.input.data'].xpath(&quot;/wd:Each_Payroll_Input/wd:Payroll_Input_Data/wd:Batch_ID&quot;)</cc:expression>
                    <cc:expression>props['existing.payrollinputid'] = vars['current.input.data'].xpath(&quot;/wd:Each_Payroll_Input/wd:Payroll_Input_Data/wd:Payroll_Input_ID&quot;)</cc:expression>
                    <cc:expression>props['existing.startdate'] = vars['current.input.data'].xpath(&quot;/wd:Each_Payroll_Input/wd:Payroll_Input_Data/wd:Start_Date&quot;);&#xD;
props['p.parsed.date'] = new java.text.SimpleDateFormat(&quot;yyyy-MM-dd&quot;).parse(props['existing.startdate']);&#xD;
props['existing.startdate'] = new java.text.SimpleDateFormat(&quot;yyyy-MM-dd&quot;).format(props['p.parsed.date']);</cc:expression>
                    <cc:expression>props['existing.amount']='';&#xD;
props['existing.amount'] = vars['current.input.data'].xpath(&quot;/wd:Each_Payroll_Input/wd:Payroll_Input_Data/wd:Amount&quot;); </cc:expression>
                    <cc:expression>props['existing.dedcode'] = vars['current.input.data'].xpath(&quot;/wd:Each_Payroll_Input/wd:Payroll_Input_Data/wd:Deduction_Reference/wd:ID[@wd:type='Deduction_Code']&quot;)</cc:expression>
                </cc:eval>
            </cc:steps>
        </cc:async-mediation>
        <cc:local-out id="PutIntegrationMessage1" endpoint="vm://wcc/PutIntegrationMessage"><cc:set name="is.message.severity" value="'ERROR'"/><cc:set name="is.message.summary" value="'Integraiton Failed on Web service'"/><cc:set name="is.message.detail" value="context.errorMessage"/></cc:local-out>
        <cc:send-error id="global-error-handler" rethrow-error="false" routes-to="Note-Error"/>
        <cc:local-out id="Note-Error" endpoint="vm://wcc/PutIntegrationMessage">
            <cc:set name="is.message.severity" value="'CRITICAL'"/>
            <cc:set name="is.message.summary" value="context.errorMessage"/>
        </cc:local-out>
        <cc:async-mediation id="Validate-Input-File0" routes-to="AsyncMediation4" handle-downstream-errors="true">
            <cc:steps>
                <cc:validate-exp id="ValidateExp">
                    <cc:expression failure-message="No Employee Record in the file">!props['ee.id.hashset'].isEmpty()</cc:expression>
                </cc:validate-exp>
            </cc:steps>
            <cc:send-error id="SendError" routes-to="PutEmptyFileMessage0"/>
        </cc:async-mediation>
        <cc:local-out id="PutEmptyFileMessage0" endpoint="vm://wcc/PutIntegrationMessage">
            <cc:set name="is.message.severity" value="'INFO'"/>
            <cc:set name="is.message.summary" value="'No Employee in Input file.'"/>
            <cc:set name="is.message.detail" value="context.errorMessage"/>
            <cc:set name="is.message.storage.enabled" value="false"/>
            
        </cc:local-out>
        <cc:async-mediation id="Validate-Input-File00" routes-to="AsyncMediation" handle-downstream-errors="true">
            <cc:steps>
                <cc:validate-exp id="ValidateExp">
                    <cc:expression failure-message="No Employee Record in the file">!props['ee.id.hashset'].isEmpty()</cc:expression>
                </cc:validate-exp>
            </cc:steps>
            <cc:send-error id="SendError" routes-to="PutIntegrationMessage10"/>
        </cc:async-mediation>
        <cc:local-out id="PutIntegrationMessage10" endpoint="vm://wcc/PutIntegrationMessage">
            <cc:set name="is.message.severity" value="'INFO'"/>
            <cc:set name="is.message.summary" value="'No Employees to Process in Webservice'"/>
            <cc:set name="is.message.detail" value="context.errorMessage"/>
        </cc:local-out>
	</cc:assembly>

</beans>