<?xml version="1.0" encoding="UTF-8"?>
<wdnm:Diagram xmlns:wdnm="http://workday.com/studio/editors/notation">
  <element href="assembly.xml#WorkdayAssembly"/>
  <visualProperties x="166" y="163">
    <element href="assembly.xml#AM-LogCombined"/>
  </visualProperties>
  <visualProperties x="138" y="244">
    <element href="assembly.xml#GetSingleCustomerInvoiceRaasIN"/>
  </visualProperties>
  <visualProperties x="619" y="247">
    <element href="assembly.xml#WO-GetCustomRaas"/>
  </visualProperties>
  <visualProperties x="665" y="107">
    <element href="assembly.xml#AM-TransformRaas"/>
  </visualProperties>
  <visualProperties x="366" y="128">
    <element href="assembly.xml#AM-GetReportPath"/>
  </visualProperties>
  <visualProperties x="909" y="106">
    <element href="assembly.xml#AM-LogResponse"/>
  </visualProperties>
  <visualProperties x="413" y="243">
    <element href="assembly.xml#PutRestMessage"/>
  </visualProperties>
  <decorations x="21" y="21" width="371" height="65" text="Sub assembly that handles the call to Raas and combines the API response and  Raas response for downstream process."/>
  <connections type="routesTo" sourceAnchorX="0.8617886178861789" sourceAnchorY="1.0" targetAnchorX="0.3858267716535433" targetAnchorY="0.2608695652173913">
    <source href="assembly.xml#GetSingleCustomerInvoiceRaasIN"/>
    <target href="assembly.xml#AM-GetReportPath"/>
  </connections>
  <connections type="routesResponseTo" sourceAnchorX="1.0" sourceAnchorY="0.8918918918918919" targetAnchorX="0.21348314606741572" targetAnchorY="0.25">
    <source href="assembly.xml#WO-GetCustomRaas"/>
    <target href="assembly.xml#AM-LogResponse"/>
  </connections>
  <connections type="routesTo" sourceAnchorX="1.0" sourceAnchorY="0.2391304347826087" targetAnchorX="0.05925925925925926" targetAnchorY="0.20212765957446807">
    <source href="assembly.xml#AM-LogResponse"/>
    <target href="assembly.xml#AM-TransformRaas"/>
  </connections>
  <connections type="routesTo" sourceAnchorX="1.0" sourceAnchorY="0.23404255319148937" targetAnchorX="0.2978723404255319" targetAnchorY="0.1702127659574468">
    <source href="assembly.xml#AM-TransformRaas"/>
    <target href="assembly.xml#AM-LogCombined"/>
  </connections>
  <connections type="routesTo" sourceAnchorX="1.0" sourceAnchorY="0.2391304347826087" targetAnchorX="0.21678321678321677" targetAnchorY="0.4594594594594595">
    <source href="assembly.xml#AM-GetReportPath"/>
    <target href="assembly.xml#WO-GetCustomRaas"/>
  </connections>
  <connections type="routesTo" sourceAnchorX="0.7565217391304347" sourceAnchorY="1.0" targetAnchorX="0.6666666666666666" targetAnchorY="0.4864864864864865">
    <source href="assembly.xml#//@beans/@mixed.1/@mixed.9/@mixed.3"/>
    <target href="assembly.xml#PutRestMessage"/>
  </connections>
  <swimlanes x="21" y="120" name="Get Single Customer Invoice Raas">
    <elements href="assembly.xml#GetSingleCustomerInvoiceRaasIN"/>
    <elements href="#//@swimlanes.1"/>
    <elements href="assembly.xml#WO-GetCustomRaas"/>
    <elements href="assembly.xml#AM-LogResponse"/>
    <elements href="assembly.xml#AM-TransformRaas"/>
    <elements href="assembly.xml#AM-LogCombined"/>
  </swimlanes>
  <swimlanes x="253" y="225" name="Swimlane" orientation="VERTICAL">
    <elements href="assembly.xml#AM-GetReportPath"/>
    <elements href="assembly.xml#PutRestMessage"/>
  </swimlanes>
</wdnm:Diagram>
