<?xml version="1.0" encoding="UTF-8"?>
<wdnm:Diagram xmlns:wdnm="http://workday.com/studio/editors/notation">
  <element href="assembly.xml#WorkdayAssembly"/>
  <visualProperties x="95" y="114">
    <element href="assembly.xml#StartHere"/>
  </visualProperties>
  <visualProperties x="132" y="267">
    <element href="assembly.xml#ProcessOldLoc"/>
  </visualProperties>
  <visualProperties x="216" y="136">
    <element href="assembly.xml#CallProcessOldLoc"/>
  </visualProperties>
  <visualProperties x="254" y="280">
    <element href="assembly.xml#MainReport"/>
  </visualProperties>
  <visualProperties x="448" y="280">
    <element href="assembly.xml#AsyncMediation"/>
  </visualProperties>
  <visualProperties x="226" y="138">
    <element href="assembly.xml#AsyncMediation0"/>
  </visualProperties>
  <visualProperties x="134" y="495">
    <element href="assembly.xml#CreateMainFile"/>
  </visualProperties>
  <visualProperties x="378" y="542">
    <element href="assembly.xml#SplitOnEstab"/>
  </visualProperties>
  <visualProperties x="103" y="561">
    <element href="assembly.xml#ProcessFile"/>
  </visualProperties>
  <visualProperties x="443" y="188">
    <element href="assembly.xml#CallProcessFile"/>
  </visualProperties>
  <visualProperties x="695" y="585">
    <element href="assembly.xml#IncludeMinMax"/>
  </visualProperties>
  <visualProperties x="624" y="349">
    <element href="assembly.xml#SplitEmployee"/>
  </visualProperties>
  <visualProperties x="799" y="372">
    <element href="assembly.xml#OldLocCounts"/>
  </visualProperties>
  <visualProperties x="431" y="523">
    <element href="assembly.xml#//@beans/@mixed.1/@mixed.27"/>
  </visualProperties>
  <visualProperties x="736" y="523">
    <element href="assembly.xml#Note-Error"/>
  </visualProperties>
  <visualProperties x="861" y="677">
    <element href="assembly.xml#Aggregator"/>
  </visualProperties>
  <visualProperties x="1009" y="655">
    <element href="assembly.xml#StoreFile"/>
  </visualProperties>
  <visualProperties x="401" y="206">
    <element href="assembly.xml#PutIntegrationMessage"/>
  </visualProperties>
  <visualProperties x="446" y="517">
    <element href="assembly.xml#PutIntegrationMessage0"/>
  </visualProperties>
  <visualProperties x="877" y="528">
    <element href="assembly.xml#PutIntegrationMessage1"/>
  </visualProperties>
  <visualProperties x="270" y="798">
    <element href="assembly.xml#PutIntegrationMessage2"/>
  </visualProperties>
  <visualProperties x="877" y="792">
    <element href="assembly.xml#PutIntegrationMessage3"/>
  </visualProperties>
  <visualProperties x="1118" y="792">
    <element href="assembly.xml#PutIntegrationMessage4"/>
  </visualProperties>
  <visualProperties x="603" y="324">
    <element href="assembly.xml#PriorYearReport"/>
  </visualProperties>
  <visualProperties x="677" y="675">
    <element href="assembly.xml#CheckLoc"/>
  </visualProperties>
  <visualProperties x="662" y="792">
    <element href="assembly.xml#PutIntegrationMessage5"/>
  </visualProperties>
  <connections type="routesTo" sourceAnchorX="0.7666666666666667" sourceAnchorY="1.0" targetAnchorX="0.07647058823529412" targetAnchorY="0.7567567567567568">
    <source href="assembly.xml#ProcessOldLoc"/>
    <target href="assembly.xml#MainReport"/>
  </connections>
  <connections type="routesTo" sourceAnchorX="0.8067226890756303" sourceAnchorY="1.0" targetAnchorX="0.2847682119205298" targetAnchorY="0.05434782608695652">
    <source href="assembly.xml#StartHere"/>
    <target href="assembly.xml#AsyncMediation0"/>
  </connections>
  <connections type="routesTo" sourceAnchorX="1.0" sourceAnchorY="0.22826086956521738" targetAnchorX="0.14285714285714285" targetAnchorY="0.5675675675675675">
    <source href="assembly.xml#AsyncMediation0"/>
    <target href="assembly.xml#CallProcessOldLoc"/>
  </connections>
  <connections type="routesTo" sourceAnchorX="1.0" sourceAnchorY="0.25" targetAnchorX="0.53125" targetAnchorY="0.06923076923076923">
    <source href="assembly.xml#CreateMainFile"/>
    <target href="assembly.xml#SplitOnEstab"/>
  </connections>
  <connections type="routesTo" sourceAnchorX="0.6518518518518519" sourceAnchorY="1.0" targetAnchorX="0.09126984126984126" targetAnchorY="0.17708333333333334">
    <source href="assembly.xml#ProcessFile"/>
    <target href="assembly.xml#CreateMainFile"/>
  </connections>
  <connections type="routesResponseTo" sourceAnchorX="0.4756756756756757" sourceAnchorY="1.0" targetAnchorX="0.17088607594936708" targetAnchorY="0.32432432432432434">
    <source href="assembly.xml#CallProcessOldLoc"/>
    <target href="assembly.xml#CallProcessFile"/>
  </connections>
  <connections type="routesResponseTo" sourceAnchorX="0.8411764705882353" sourceAnchorY="1.0" targetAnchorX="0.24475524475524477" targetAnchorY="0.23958333333333334">
    <source href="assembly.xml#MainReport"/>
    <target href="assembly.xml#AsyncMediation"/>
  </connections>
  <connections type="routesTo" sourceAnchorX="0.6721311475409836" sourceAnchorY="1.0" targetAnchorX="0.2426470588235294" targetAnchorY="0.0625">
    <source href="assembly.xml#//@beans/@mixed.1/@splitter.1/@subRoute.0"/>
    <target href="assembly.xml#OldLocCounts"/>
  </connections>
  <connections type="routesTo" sourceAnchorX="0.9669421487603306" sourceAnchorY="0.43243243243243246" targetAnchorX="0.06060606060606061" targetAnchorY="0.3783783783783784">
    <source href="assembly.xml#//@beans/@mixed.1/@mixed.27"/>
    <target href="assembly.xml#Note-Error"/>
  </connections>
  <connections type="routesTo" sourceAnchorX="1.0" sourceAnchorY="0.2604166666666667" targetAnchorX="0.2076923076923077" targetAnchorY="0.09433962264150944">
    <source href="assembly.xml#IncludeMinMax"/>
    <target href="assembly.xml#Aggregator"/>
  </connections>
  <connections type="routesTo" sourceAnchorX="1.0" sourceAnchorY="0.20754716981132076" targetAnchorX="0.44" targetAnchorY="0.15625">
    <source href="assembly.xml#Aggregator"/>
    <target href="assembly.xml#StoreFile"/>
  </connections>
  <connections type="routesTo" sourceAnchorX="0.6875" sourceAnchorY="1.0" targetAnchorX="0.23902439024390243" targetAnchorY="0.40540540540540543" curveType="curved">
    <source href="assembly.xml#//@beans/@mixed.1/@mixed.11/@mixed.3"/>
    <target href="assembly.xml#PutIntegrationMessage"/>
    <bendpoints sourceX="471" sourceY="-42" targetX="-17" targetY="62"/>
  </connections>
  <connections type="routesTo" sourceAnchorX="0.6397058823529411" sourceAnchorY="1.0" targetAnchorX="0.3380281690140845" targetAnchorY="0.21621621621621623">
    <source href="assembly.xml#//@beans/@mixed.1/@mixed.9/@mixed.3"/>
    <target href="assembly.xml#PutIntegrationMessage0"/>
  </connections>
  <connections type="routesTo" sourceAnchorX="0.2892857142857143" targetAnchorX="0.2535211267605634" targetAnchorY="0.08108108108108109">
    <source href="assembly.xml#//@beans/@mixed.1/@mixed.13/@mixed.3"/>
    <target href="assembly.xml#PutIntegrationMessage2"/>
  </connections>
  <connections type="routesTo" sourceAnchorX="0.6046511627906976" sourceAnchorY="1.0" targetAnchorX="0.352112676056338" targetAnchorY="0.16216216216216217">
    <source href="assembly.xml#//@beans/@mixed.1/@mixed.25/@mixed.3"/>
    <target href="assembly.xml#PutIntegrationMessage1"/>
  </connections>
  <connections type="routesTo" sourceAnchorX="0.474025974025974" sourceAnchorY="1.0" targetAnchorX="0.4084507042253521" targetAnchorY="0.05405405405405406">
    <source href="assembly.xml#//@beans/@mixed.1/@mixed.21/@mixed.3"/>
    <target href="assembly.xml#PutIntegrationMessage3"/>
  </connections>
  <connections type="routesTo" sourceAnchorX="0.6703296703296703" sourceAnchorY="0.6333333333333333" targetAnchorX="0.43661971830985913" targetAnchorY="0.1891891891891892">
    <source href="assembly.xml#//@beans/@mixed.1/@mixed.33/@mixed.3"/>
    <target href="assembly.xml#PutIntegrationMessage4"/>
  </connections>
  <connections type="routesTo" sourceAnchorX="1.0" sourceAnchorY="0.2047244094488189" targetAnchorX="0.30434782608695654" targetAnchorY="0.2972972972972973">
    <source href="assembly.xml#AsyncMediation"/>
    <target href="assembly.xml#PriorYearReport"/>
  </connections>
  <connections type="routesResponseTo" sourceAnchorX="0.8633540372670807" sourceAnchorY="1.0" targetAnchorX="0.13333333333333333" targetAnchorY="0.036585365853658534">
    <source href="assembly.xml#PriorYearReport"/>
    <target href="assembly.xml#SplitEmployee"/>
  </connections>
  <connections type="routesTo" sourceAnchorX="0.3051948051948052" sourceAnchorY="1.0" targetAnchorX="0.4647887323943662" targetAnchorY="0.10810810810810811">
    <source href="assembly.xml#//@beans/@mixed.1/@mixed.49/@mixed.3"/>
    <target href="assembly.xml#PutIntegrationMessage5"/>
  </connections>
  <connections type="routesTo" sourceAnchorX="1.0" sourceAnchorY="0.23529411764705882" targetAnchorX="0.2608695652173913" targetAnchorY="0.07086614173228346">
    <source href="assembly.xml#//@beans/@mixed.1/@splitter.0/@subRoute.0"/>
    <target href="assembly.xml#CheckLoc"/>
  </connections>
  <connections type="routesTo" sourceAnchorX="1.0" sourceAnchorY="0.13385826771653545" targetAnchorX="0.21739130434782608" targetAnchorY="0.03937007874015748">
    <source href="assembly.xml#CheckLoc"/>
    <target href="assembly.xml#IncludeMinMax"/>
  </connections>
  <swimlanes x="68" y="56" name="Main">
    <elements href="assembly.xml#StartHere"/>
    <elements href="assembly.xml#AsyncMediation0"/>
    <elements href="assembly.xml#CallProcessOldLoc"/>
    <elements href="assembly.xml#CallProcessFile"/>
    <elements href="assembly.xml#PutIntegrationMessage"/>
  </swimlanes>
  <swimlanes x="74" y="274" name="ProcessOldLocations">
    <elements href="assembly.xml#ProcessOldLoc"/>
    <elements href="assembly.xml#MainReport"/>
    <elements href="assembly.xml#AsyncMediation"/>
    <elements href="assembly.xml#PriorYearReport"/>
    <elements href="assembly.xml#SplitEmployee"/>
    <elements href="assembly.xml#OldLocCounts"/>
  </swimlanes>
  <swimlanes x="68" y="577" name="ProcessFile">
    <elements href="assembly.xml#ProcessFile"/>
    <elements href="assembly.xml#CreateMainFile"/>
    <elements href="assembly.xml#SplitOnEstab"/>
    <elements href="assembly.xml#CheckLoc"/>
    <elements href="assembly.xml#IncludeMinMax"/>
    <elements href="assembly.xml#Aggregator"/>
    <elements href="assembly.xml#StoreFile"/>
  </swimlanes>
  <swimlanes x="68" y="841" name="Global Error Handler">
    <elements href="assembly.xml#//@beans/@mixed.1/@mixed.27"/>
    <elements href="assembly.xml#Note-Error"/>
  </swimlanes>
</wdnm:Diagram>
