<?xml version="1.0" encoding="UTF-8"?>
<beans
     xmlns="http://www.springframework.org/schema/beans"
     xmlns:beans="http://www.springframework.org/schema/beans"
     xmlns:atom="http://www.w3.org/2005/Atom"
     xmlns:cc="http://www.capeclear.com/assembly/10"
     xmlns:cloud="urn:com.workday/esb/cloud/10.0"
     xmlns:env="http://schemas.xmlsoap.org/soap/envelope/"
     xmlns:pi="urn:com.workday/picof"
     xmlns:wd="urn:com.workday/bsvc"
     xmlns:xsi="http://www.w3.org/2001/XMLSchema-instance">

	<cc:assembly id="WorkdayAssembly" version="20">
		<cc:workday-in id="Start" routes-to="InitializeParameters">
			<cc:integration-system name="INT0515C Advice To Pay File Inbound">
        <cloud:attribute-map-service name="INT0515C-EarningsCodeMap">
          <cloud:attribute name="Document Retention Policy">
            <cloud:type>
              <cloud:enumeration-type name="INT0515C-DocumentRetentionPolicy">
                <cloud:enumeration>15</cloud:enumeration>
                <cloud:enumeration>30</cloud:enumeration>
                <cloud:enumeration>45</cloud:enumeration>
                <cloud:enumeration>60</cloud:enumeration>
                <cloud:enumeration>90</cloud:enumeration>
                <cloud:enumeration>180</cloud:enumeration>
              </cloud:enumeration-type>
            </cloud:type>
            <cloud:display-option>required-for-launch</cloud:display-option>
          </cloud:attribute>
          <cloud:map name="Earning Code">
            <cloud:internal-type>
              <cloud:class-report-field description="Earnings" type="WID">d828c451edf048319a4c106677f7e404</cloud:class-report-field>
            </cloud:internal-type>
            <cloud:external-type>
              <cloud:simple-type>text</cloud:simple-type>
            </cloud:external-type>
          </cloud:map>
          <cloud:map name="Taxable CA VDI">
            <cloud:internal-type>
              <cloud:class-report-field description="Earnings" type="WID">d828c451edf048319a4c106677f7e404</cloud:class-report-field>
            </cloud:internal-type>
            <cloud:external-type>
              <cloud:simple-type>text</cloud:simple-type>
            </cloud:external-type>
          </cloud:map>
          <cloud:map name="Non Taxable CA VDI">
            <cloud:internal-type>
              <cloud:class-report-field description="Earnings" type="WID">d828c451edf048319a4c106677f7e404</cloud:class-report-field>
            </cloud:internal-type>
            <cloud:external-type>
              <cloud:simple-type>text</cloud:simple-type>
            </cloud:external-type>
          </cloud:map>
          <cloud:map name="Offset">
            <cloud:internal-type>
              <cloud:class-report-field description="Earnings" type="WID">d828c451edf048319a4c106677f7e404</cloud:class-report-field>
            </cloud:internal-type>
            <cloud:external-type>
              <cloud:simple-type>text</cloud:simple-type>
            </cloud:external-type>
          </cloud:map>
          <cloud:map name="Hours">
            <cloud:internal-type>
              <cloud:class-report-field description="All Related Calculations" type="WID">10c07d136a284fc0bfb95882613c4dad</cloud:class-report-field>
            </cloud:internal-type>
            <cloud:external-type>
              <cloud:simple-type>text</cloud:simple-type>
            </cloud:external-type>
          </cloud:map>
        </cloud:attribute-map-service>
        <cloud:sequence-generator-service name="INT0515C-SequenceGenerator">
          <cloud:sequencer>INT0515C-SequenceGenerator</cloud:sequencer>
        </cloud:sequence-generator-service>
        <cloud:retrieval-service name="INT0515C-Retrieval"/>
      </cc:integration-system>
		</cc:workday-in>
		<cc:local-out id="SendDocRetrievalError" endpoint="vm://wcc/PutIntegrationMessage">
			<cc:set name="is.message.severity" value="'CRITICAL'"/>
			<cc:set name="is.message.summary" value="context.errorMessage"/>
			<cc:set name="is.message.detail" value="context.errorMessage"/>
		</cc:local-out>
		<cc:sync-mediation id="InitializeParameters" routes-to="CallProcessInputFile">
			<cc:request-steps>
				<cc:eval id="LaunchParameters">
					<cc:expression>props['source.name'] = parts[0].xpath('/*/*/wd:Get_Integration_Systems_Response/wd:Response_Data/wd:Integration_System/wd:Integration_System_Data/wd:Integration_System_Name')</cc:expression>
					<cc:expression>props['source.id'] = parts[0].xpath('/*/*/wd:Get_Integration_Systems_Response/wd:Response_Data/wd:Integration_System/wd:Integration_System_Data/wd:Integration_System_ID')</cc:expression>
				<cc:expression>props['earning.code.map'] = intsys.integrationMaps</cc:expression><cc:expression>props['hours.map'] = intsys.integrationMaps</cc:expression></cc:eval>
				<cc:eval id="InitParameters">
					<cc:expression>vars['audit.log'] = null </cc:expression>
					<cc:expression>props['split.counter'] = 0</cc:expression>
					<cc:expression>props['processed.count'] = 0</cc:expression>
					<cc:expression>props['error.count'] = 0</cc:expression>
					<cc:expression>props['processed.amt'] = 0</cc:expression>
					<cc:expression>vars['detailed.audit.log'] = ''</cc:expression>
					<cc:expression>vars['error.audit.log'] = ''</cc:expression>
				<cc:expression>props['force.batch'] = false</cc:expression><cc:expression>props['ia.document.retention.policy'] = intsys.getAttribute('Document Retention Policy')</cc:expression><cc:expression>props['output.filename.sequencer'] = lp.getSequencedValue('INT0515C-SequenceGenerator')</cc:expression></cc:eval>
				<cc:eval id="GetFile">
					<cc:expression>if (da.size() > 0 ) {da.toVar(0, &quot;wd.retrieve.variable&quot;)}</cc:expression>
				</cc:eval>
			</cc:request-steps>
			<cc:response-steps>
			</cc:response-steps>
			<cc:send-error id="ErrorHandlerDocumentRetrieval" routes-to="SendDocRetrievalError"/>
		</cc:sync-mediation>
		<cc:local-out id="PutSummaryMessage" endpoint="vm://wcc/PutIntegrationMessage">
			<cc:set name="is.message.severity" value="'INFO'"/>
			<cc:set name="is.message.summary" value="' Total Number of Records Processeed: ' + props['split.counter'] + '  Number of Records Inserted: ' +props['processed.count']  + ' Number of Records Errored: ' +props['error.count']"/>
		</cc:local-out>
		<cc:local-out id="CallWriteLogs" store-message="both" routes-response-to="PutSummaryMessage" endpoint="vm://INT0515C-Absence-Management-360-Advice-To-Pay-File-Inbound/WriteLog"/>
		<cc:local-out id="CallProcessInputFile" store-message="both" routes-response-to="CloseAggregator" endpoint="vm://INT0515C-Absence-Management-360-Advice-To-Pay-File-Inbound/ProcessInputFile"/>
		<cc:local-out id="LogInputDataError" endpoint="vm://INT0515C-Absence-Management-360-Advice-To-Pay-File-Inbound/WriteErrorLog">
			<cc:set name="si.summary" value="context.errorMessage"/>
			<cc:set name="si.severity" value="'ERROR'"/>
		</cc:local-out>
		<cc:async-mediation id="InitializeRowData" routes-to="Route" handle-downstream-errors="true">
			<cc:steps>
				<cc:log id="Log">
					<cc:log-message>
						<cc:message-content/>
					</cc:log-message>
				</cc:log>
				<cc:eval id="InitializeRow">
					<cc:expression>props['split.counter'] = props['split.counter'] + 1</cc:expression>
					<cc:expression>vars['audit.starts'] = null</cc:expression>
					<cc:expression>props['Employee_ID'] = null</cc:expression>
					<cc:expression>props['Pay_Start_Date']  = null</cc:expression>
					<cc:expression>props['Pay_End_Date']  = null</cc:expression>
					<cc:expression>props['Earnings_Code_for_Offset']  = null</cc:expression>
					<cc:expression>props['Statutory_Offset_Amount'] = null</cc:expression>
					<cc:expression>props['Earnings_Code_for_Gross'] = null</cc:expression>
					<cc:expression>props['Payment_Amount'] = null</cc:expression>
					<cc:expression>props['Hours_of_Lost_Time'] = null</cc:expression>
					<cc:expression>props['Number_of_Days'] = null</cc:expression>
					<cc:expression>props['Pay_Group'] = null</cc:expression>
				<cc:expression>props['Work_State'] = null</cc:expression><cc:expression>props['Record_Type'] = null</cc:expression><cc:expression>props['Pay_Period_End_Date'] = null</cc:expression><cc:expression>props['Date_of_Disability'] = null</cc:expression><cc:expression>props['Employee_First_Name'] = null</cc:expression><cc:expression>props['Employee_Last_Name'] = null</cc:expression><cc:expression>props['FT_PT'] = null</cc:expression><cc:expression>props['Reg_Temp'] = null</cc:expression><cc:expression>props['Last_Date_Worked'] = null</cc:expression><cc:expression>props['Estimated_RTW_Date'] = null</cc:expression><cc:expression>props['Case_Status'] = null</cc:expression><cc:expression>props['Supplement_Option'] = null</cc:expression></cc:eval>
				<cc:eval id="ReadData">
					<cc:expression>props['Employee_ID'] = parts[0].xpath(&quot;/wd:Row/wd:Employee_ID&quot;)</cc:expression>
					<cc:expression>props['DeductionCode']  = parts[0].xpath(&quot;/wd:Row/wd:Deduction_Code&quot;)</cc:expression>
					<cc:expression>props['Pay_Start_Date']  = parts[0].xpath(&quot;/wd:Row/wd:Pay_Start_Date&quot;)</cc:expression>
					<cc:expression>props['Pay_End_Date']  = parts[0].xpath(&quot;/wd:Row/wd:Pay_End_Date&quot;)</cc:expression>
					<cc:expression>props['Earnings_Code_for_Offset']  = parts[0].xpath(&quot;/wd:Row/wd:Offset_Type&quot;)</cc:expression>
					<cc:expression>props['Statutory_Offset_Amount']  = parts[0].xpath(&quot;/wd:Row/wd:Offset_Amount&quot;)</cc:expression>
					<cc:expression>props['Earnings_Code_for_Gross']  = parts[0].xpath(&quot;/wd:Row/wd:Earnings_Code&quot;)</cc:expression>
					<cc:expression>props['Payment_Amount']  = parts[0].xpath(&quot;/wd:Row/wd:Benefit_Amount&quot;)</cc:expression>
					<cc:expression>props['Hours_of_Lost_Time']  = parts[0].xpath(&quot;/wd:Row/wd:Hours&quot;)</cc:expression>
					<cc:expression>props['Number_of_Days']  = parts[0].xpath(&quot;/wd:Row/wd:Number_of_Days&quot;)</cc:expression>
					<cc:expression>props['Pay_Group'] = parts[0].xpath(&quot;/wd:Row/wd:Pay_Group&quot;)</cc:expression>
				<cc:expression>props['Work_State'] = parts[0].xpath(&quot;/wd:Row/wd:Work_State&quot;)</cc:expression><cc:expression>props['Record_Type'] = parts[0].xpath(&quot;/wd:Row/wd:Record_Type&quot;)</cc:expression><cc:expression>props['Pay_Period_End_Date'] = parts[0].xpath(&quot;/wd:Row/wd:Pay_Period_End_Date&quot;)</cc:expression><cc:expression>props['Date_of_Disability'] = parts[0].xpath(&quot;/wd:Row/wd:Date_of_Disability&quot;)</cc:expression><cc:expression>props['Employee_First_Name'] = parts[0].xpath(&quot;/wd:Row/wd:Employee_First_Name&quot;)</cc:expression><cc:expression>props['Employee_Last_Name'] = parts[0].xpath(&quot;/wd:Row/wd:Employee_Last_Name&quot;)</cc:expression><cc:expression>props['FT_PT'] = parts[0].xpath(&quot;/wd:Row/wd:FT_PT&quot;)</cc:expression><cc:expression>props['Reg_Temp'] = parts[0].xpath(&quot;/wd:Row/wd:Reg_Temp&quot;)</cc:expression><cc:expression>props['Last_Date_Worked'] = parts[0].xpath(&quot;/wd:Row/wd:Last_Date_Worked&quot;)</cc:expression><cc:expression>props['Estimated_RTW_Date'] = parts[0].xpath(&quot;/wd:Row/wd:Estimated_RTW_Date&quot;)</cc:expression><cc:expression>props['Case_Status'] = parts[0].xpath(&quot;/wd:Row/wd:Case_Status&quot;)</cc:expression><cc:expression>props['Supplement_Option'] = parts[0].xpath(&quot;/wd:Row/wd:Supplement_Option&quot;)</cc:expression></cc:eval>
				<cc:log id="LOG">
					<cc:log-message>
						<cc:text>  'Data = props['Employee_ID']  '    @{props['Employee_ID']  }  </cc:text>
					</cc:log-message>
				</cc:log>
			</cc:steps>
			<cc:send-error id="SendInputDataError" routes-to="LogInputDataError"/>
		</cc:async-mediation>
		<cc:local-out id="SendSchemaError" endpoint="vm://wcc/PutIntegrationMessage">
			<cc:set name="is.message.severity" value="'ERROR'"/>
			<cc:set name="is.message.summary" value="context.errorMessage"/>
			<cc:set name="is.message.detail" value="context.errorMessage"/>
		</cc:local-out>
		<cc:splitter id="SplitEachRow" no-split-message-error="true">
			<cc:sub-route name="SubRoute" routes-to="InitializeRowData"/>
			<cc:xpath-splitter xpath="/wd:Input/wd:Row[wd:Record_Type='DD']"/>
		</cc:splitter>
		<cc:async-mediation id="convertToXML" routes-to="SplitEachRow">
			<cc:steps>
				<cc:csv-to-xml id="Convert" input="variable" input-variable="wd.retrieve.variable" colNames="Record_Type|Pay_Group|Pay_Period_End_Date|Employee_ID|Employee_First_Name|Employee_Last_Name|FT_PT|Reg_Temp|Last_Day_Worked|Date_of_Disability|Estimated_RTW_Date|Case_Status|Pay_Start_Date|Pay_End_Date|Benefit_Amount|Hours|Offset_Amount|Offset_Type|Work_State|Earnings_Code|Supplement_Option" namespacePrefix="wd" namespaceURI="urn:com.workday/bsvc" rootName="Input" rowName="Row" separator="|" useFirstLineAsHeader="false"/>
				<cc:log id="Log">
					<cc:log-message>
						<cc:text>'converted............'</cc:text>
						<cc:message-content/>
					</cc:log-message>
				</cc:log>
                <cc:eval id="Eval"><cc:expression>props['dd.record.type'] = null</cc:expression><cc:expression>props['dd.record.type'] = parts[0].xpath(&quot;/wd:Input/wd:Row[wd:Record_Type='DD']&quot;)</cc:expression></cc:eval>
                <cc:validate-exp id="ValidateExp"><cc:expression failure-message="'ATP file is blank.'">props['dd.record.type'] != ''</cc:expression></cc:validate-exp>
			</cc:steps>
			<cc:send-error id="SchemaError" routes-to="SendSchemaError"/>
		</cc:async-mediation>
		<cc:local-in id="ProcessInputFile" routes-to="convertToXML"/>
		<cc:local-out id="CallAddPayrollInputData" endpoint="vm://INT0515C-Absence-Management-360-Advice-To-Pay-File-Inbound/ProcessAddPayrollInputData"/>
		<cc:local-out id="LogSuccess" routes-response-to="LogOffsetError" endpoint="vm://INT0515C-Absence-Management-360-Advice-To-Pay-File-Inbound/WriteDetailedLog">
			<cc:set name="si.severity" value="'INFO'"/>
			<cc:set name="si.summary" value="'Success'"/>
		</cc:local-out>
		<cc:workday-out-soap id="SubmitPayrollInput" routes-response-to="LogNYEmplErrorMessage" application="Payroll" version="v20"/>
		<cc:local-out id="LogErrorMessage2" endpoint="vm://INT0515C-Absence-Management-360-Advice-To-Pay-File-Inbound/WriteErrorLog">
			<cc:set name="si.summary" value="context.getErrorMessage()"/>
			<cc:set name="si.severity" value="'ERROR'"/>
		</cc:local-out>
		<cc:async-mediation id="BuildPayrollPaymentsRequest" routes-to="SubmitPayrollInput" handle-downstream-errors="true">
			<cc:steps>
				<cc:xslt id="BuildRequest" input="message" url="TransformRow.xsl"/>
				<cc:log id="Log_Request">
					<cc:log-message>
						<cc:text>&#xD;
PI Start Request for @{props['EmplID']} : &#xD;
'PG ' @{props['Pay_Group']}&#xD;
'Code ' @{props['Earnings_Code_for_Gross']}&#xD; </cc:text>
						<cc:message-content/>
						<cc:line-separator/>
					</cc:log-message>
				</cc:log>
			</cc:steps>
			<cc:send-error id="SubmitError" routes-to="LogErrorMessage2"/>
		</cc:async-mediation>
		<cc:local-in id="ProcessAddPayrollInputData" routes-to="BuildPayrollPaymentsRequest"/>
		<cc:local-out id="PutErrorIntegrationMessage" endpoint="vm://wcc/PutIntegrationMessage">
			<cc:set name="is.message.severity" value="props['si.severity']"/>
			<cc:set name="is.message.summary" value="props['Employee_ID']  +'- ' + props['si.summary']"/>
		</cc:local-out>
		<cc:async-mediation id="WriteError" routes-to="PutErrorIntegrationMessage">
			<cc:steps>
				<cc:write id="Write2Log" output="variable" output-variable="error.audit.log">
					<cc:message>
						<cc:text>@{vars['error.audit.log'].text}&#xD;
&lt;PayInputEntry>&#xD;
&lt;EmplID>@{props['Employee_ID']}&lt;/EmplID>&#xD;
&lt;EmpFirstName>@{props['Employee_First_Name']}&lt;/EmpFirstName>&#xD;
 &lt;EmpLastName>@{props['Employee_Last_Name']}&lt;/EmpLastName>&#xD;
 &lt;FullTimePartTime>@{props['FT_PT']}&lt;/FullTimePartTime>&#xD;
 &lt;RegTemp>@{props['Reg_Temp']}&lt;/RegTemp>&#xD;
 &lt;LastDateWorked>@{props['Last_Date_Worked']}&lt;/LastDateWorked>&#xD;
 &lt;CaseStatus>@{props['Case_Status']}&lt;/CaseStatus>&#xD;
 &lt;SupplementOption>@{props['Supplement_Option']}&lt;/SupplementOption> &#xD;
&lt;PayStartDate>@{props['Pay_Start_Date']}&lt;/PayStartDate> &#xD;
&lt;PayEndDate>@{props['Pay_End_Date']}&lt;/PayEndDate> &#xD;
&lt;EarningsCodeforOffset>@{props['Earnings_Code_for_Offset']}&lt;/EarningsCodeforOffset>&#xD;
&lt;StatutoryOffsetAmount>@{props['Statutory_Offset_Amount']}&lt;/StatutoryOffsetAmount>&#xD;
&lt;EarningsCodeforGross>@{props['Earnings_Code_for_Gross']}&lt;/EarningsCodeforGross>&#xD;
&lt;PaymentAmount>@{props['Payment_Amount']}&lt;/PaymentAmount>&#xD;
&lt;HoursofLostTime>@{props['Hours_of_Lost_Time']}&lt;/HoursofLostTime>&#xD;
&lt;NumberofDays>@{props['Number_of_Days']}&lt;/NumberofDays>&#xD;
&lt;WorkState>@{props['Work_State']}&lt;/WorkState>&#xD;
&lt;Response>Response : @{props['si.summary']}&lt;/Response>&#xD;
&lt;/PayInputEntry></cc:text>
					</cc:message>
				</cc:write>
			</cc:steps>
		</cc:async-mediation>
		<cc:async-mediation id="HandleErrors" routes-to="WriteError">
			<cc:steps>
				<cc:eval id="Evaluate">
					<cc:expression>props['error.count'] = props['error.count'] + 1</cc:expression>
				</cc:eval>
			</cc:steps>
		</cc:async-mediation>
		<cc:local-in id="WriteErrorLog" routes-to="HandleErrors">
			<cc:parameter name="si.severity"/>
			<cc:parameter name="si.summary"/>
		</cc:local-in>
		<cc:local-out id="PutSuccessfullIntegrationMessage" endpoint="vm://wcc/PutIntegrationMessage">
			<cc:set name="is.message.severity" value="props['si.severity']"/>
			<cc:set name="is.message.summary" value="props['Employee_ID']  +'- ' + props['si.summary']"/>
		</cc:local-out>
		<cc:async-mediation id="SuccessLog" routes-to="PutSuccessfullIntegrationMessage">
			<cc:steps>
				<cc:write id="Write2Log" output="variable" output-variable="detailed.audit.log">
					<cc:message>
						<cc:text>@{vars['detailed.audit.log'].text}&#xD;
&lt;PayInputEntry>&#xD;
&lt;EmplID>@{props['Employee_ID']}&lt;/EmplID>&#xD;
&lt;EmpFirstName>@{props['Employee_First_Name']}&lt;/EmpFirstName>&#xD;
 &lt;EmpLastName>@{props['Employee_Last_Name']}&lt;/EmpLastName>&#xD;
 &lt;FullTimePartTime>@{props['FT_PT']}&lt;/FullTimePartTime>&#xD;
 &lt;RegTemp>@{props['Reg_Temp']}&lt;/RegTemp>&#xD;
 &lt;LastDateWorked>@{props['Last_Date_Worked']}&lt;/LastDateWorked>&#xD;
 &lt;CaseStatus>@{props['Case_Status']}&lt;/CaseStatus>&#xD;
 &lt;SupplementOption>@{props['Supplement_Option']}&lt;/SupplementOption>&#xD;
&lt;PayStartDate>@{props['Pay_Start_Date']}&lt;/PayStartDate> &#xD;
&lt;PayEndDate>@{props['Pay_End_Date']}&lt;/PayEndDate> &#xD;
&lt;EarningsCodeforOffset>@{props['Earnings_Code_for_Offset']}&lt;/EarningsCodeforOffset>&#xD;
&lt;StatutoryOffsetAmount>@{props['Statutory_Offset_Amount']}&lt;/StatutoryOffsetAmount>&#xD;
&lt;EarningsCodeforGross>@{props['Earnings_Code_for_Gross']}&lt;/EarningsCodeforGross>&#xD;
&lt;PaymentAmount>@{props['Payment_Amount']}&lt;/PaymentAmount>&#xD;
&lt;HoursofLostTime>@{props['Hours_of_Lost_Time']}&lt;/HoursofLostTime>&#xD;
&lt;NumberofDays>@{props['Number_of_Days']}&lt;/NumberofDays>&#xD;
&lt;WorkState>@{props['Work_State']}&lt;/WorkState>&#xD;
&lt;Response>Response : @{props['si.summary']}&lt;/Response>&#xD;
&lt;/PayInputEntry></cc:text>
					</cc:message>
				</cc:write>
			</cc:steps>
		</cc:async-mediation>
		<cc:async-mediation id="HandleMessages" routes-to="SuccessLog">
			<cc:steps>
				<cc:eval id="Evaluate">
					<cc:expression>props['processed.count'] = props['processed.count'] + 1</cc:expression>
					<cc:expression>props['processed.amt'] = props['processed.amt'] + props['Payment_Amount']</cc:expression>
				</cc:eval>
			</cc:steps>
		</cc:async-mediation>
		<cc:local-in id="WriteDetailedLog" routes-to="HandleMessages">
			<cc:parameter name="si.severity"/>
			<cc:parameter name="si.summary"/>
		</cc:local-in>
		<cc:local-out id="StoreSummaryLogData" endpoint="vm://wcc/PutIntegrationMessage">
			<cc:set name="is.message.severity" value="'INFO'"/>
			<cc:set name="is.message.summary" value="'ATP Pay inbound integration sumamry log is available on the output files tab.'"/>
			<cc:set name="is.document.variable.name" value="'AtpSummaryLog'"/>
			<cc:set name="is.document.file.name" value="'AtpSummaryLog.csv'"/>
		</cc:local-out>
		<cc:async-mediation id="TransformSummaryData" routes-to="StoreSummaryLogData">
			<cc:steps>
				<cc:write id="Wrap">
					<cc:message>
						<cc:text>&lt;Audit>&#xD;
   &lt;Header> &#xD;
		&lt;Col1>Total Number of Records Processed&lt;/Col1>&#xD;
		&lt;Col2>Total Number of Records Loaded&lt;/Col2>&#xD;
		&lt;Col3>Total Number of Records Errored&lt;/Col3>&#xD;
		&lt;Col4>Total Amount&lt;/Col4> &#xD;
	&lt;/Header>&#xD;
	&lt;Details> &#xD;
		&lt;Col1>@{props['split.counter']}&lt;/Col1>&#xD;
		&lt;Col2>@{props['processed.count']}&lt;/Col2>&#xD;
		&lt;Col3>@{props['error.count']}&lt;/Col3>&#xD;
		&lt;Col4>@{props['processed.amt']}&lt;/Col4>&#xD;
	&lt;/Details>&#xD;
&lt;/Audit>&#xD; </cc:text>
					</cc:message>
				</cc:write>
				<cc:copy id="Copy" output="attachment" output-attachment-index="0" output-mimetype="text/xml"/>
				<cc:xml-to-csv id="XML2CSV" output="attachment" output-attachment-index="1" output-mimetype="text/csv" input="attachment" input-attachment-index="0"/>
				<cc:store id="STORE" output="variable" output-mimetype="text/csv" output-variable="AtpSummaryLog" input="attachment" input-attachment-index="1" collection="INT0515C-Absence-Management-360-Advice-To-Pay-File-Inbound" title="ATP Pay Integration Summary Log"/>
			</cc:steps>
			<cc:log-error id="errorHandler">
				<cc:log-message>
					<cc:exception/>
				</cc:log-message>
			</cc:log-error>
		</cc:async-mediation>
		<cc:local-out id="StoreDetailedLogData" routes-response-to="TransformSummaryData" endpoint="vm://wcc/PutIntegrationMessage">
			<cc:set name="is.message.severity" value="'INFO'"/>
			<cc:set name="is.message.summary" value="'ATP Pay inbound integration detailed log is available on the output files tab.'"/>
			<cc:set name="is.document.variable.name" value="'AtpDetailedLog'"/>
			<cc:set name="is.document.file.name" value="'AtpDetailedLog.csv'"/>
		</cc:local-out>
		<cc:async-mediation id="TransformDetailedLogData" routes-to="StoreDetailedLogData">
			<cc:steps>
				<cc:write id="Wrap">
					<cc:message>
						<cc:text>&lt;Audit>&#xD;
&lt;Header> &#xD;
	    &lt;Col1>Employee_ID&lt;/Col1>&#xD;
	    &lt;Col2>First Name&lt;/Col2>&#xD;
	    &lt;Col3>Last Name&lt;/Col3>&#xD;
	    &lt;Col4>Full Time/Part Time&lt;/Col4>&#xD;
	    &lt;Col5>Reg/Temp&lt;/Col5>&#xD;
	    &lt;Col6>Last Date Worked&lt;/Col6>&#xD;
	    &lt;Col7>Case Status&lt;/Col7>&#xD;
	    &lt;Col8>Supplement Option Y/N&lt;/Col8>&#xD;
	    &lt;Col9>Pay Start Date&lt;/Col9>&#xD;
		&lt;Col10>Pay End Date&lt;/Col10>&#xD;
		&lt;Col11>Earnings Code for Offset&lt;/Col11>&#xD;
		&lt;Col12>Statutory Offset Amount&lt;/Col12>&#xD;
		&lt;Col13>Earnings Code for Gross&lt;/Col13> &#xD;
		&lt;Col14>Payment Amount&lt;/Col14> &#xD;
		&lt;Col15>Hours of Lost Time&lt;/Col15>&#xD;
		&lt;Col16>Number_of_Days&lt;/Col16>&#xD;
		&lt;Col17>Work_State&lt;/Col17>&#xD;
		&lt;Col18>Message&lt;/Col18>&#xD;
	&lt;/Header>&#xD;
@{vars['detailed.audit.log'].text}&#xD;
&lt;/Audit>&#xD; </cc:text>
					</cc:message>
				</cc:write>
				<cc:copy id="Copy" output="attachment" output-attachment-index="0" output-mimetype="text/xml"/>
				<cc:xml-to-csv id="XML2CSV" output="attachment" output-attachment-index="1" output-mimetype="text/csv" input="attachment" input-attachment-index="0"/>
				<cc:store id="STORE" output="variable" output-mimetype="text/csv" output-variable="AtpDetailedLog" input="attachment" input-attachment-index="1" collection="INT0515C-Absence-Management-360-Advice-To-Pay-File-Inbound" title="ATP Pay Integration Detailed Log"/>
			</cc:steps>
			<cc:log-error id="errorHandler">
				<cc:log-message>
					<cc:exception/>
				</cc:log-message>
			</cc:log-error>
		</cc:async-mediation>
		<cc:local-out id="StoreErrorLogData" routes-response-to="TransformDetailedLogData" endpoint="vm://wcc/PutIntegrationMessage">
			<cc:set name="is.message.severity" value="'INFO'"/>
			<cc:set name="is.message.summary" value="'ATP Pay inbound integration error log is available on the output files tab.'"/>
			<cc:set name="is.document.variable.name" value="'AtpErrorLog'"/>
			<cc:set name="is.document.file.name" value="'AtpErrorLog.csv'"/>
		</cc:local-out>
		<cc:async-mediation id="TransformErrorLogData" routes-to="StoreErrorLogData">
			<cc:steps>
				<cc:write id="Wrap">
					<cc:message>
						<cc:text>&lt;Audit> &#xD;
	    &lt;Header> &#xD;
	    &lt;Col1>Employee_ID&lt;/Col1>&#xD;
	    &lt;Col2>First Name&lt;/Col2>&#xD;
	    &lt;Col3>Last Name&lt;/Col3>&#xD;
	    &lt;Col4>Full Time/Part Time&lt;/Col4>&#xD;
	    &lt;Col5>Reg/Temp&lt;/Col5>&#xD;
	    &lt;Col6>Last Date Worked&lt;/Col6>&#xD;
	    &lt;Col7>Case Status&lt;/Col7>&#xD;
	    &lt;Col8>Supplement Option Y/N&lt;/Col8>&#xD;
	    &lt;Col9>Pay Start Date&lt;/Col9>&#xD;
		&lt;Col10>Pay End Date&lt;/Col10>&#xD;
		&lt;Col11>Earnings Code for Offset&lt;/Col11>&#xD;
		&lt;Col12>Statutory Offset Amount&lt;/Col12>&#xD;
		&lt;Col13>Earnings Code for Gross&lt;/Col13> &#xD;
		&lt;Col14>Payment Amount&lt;/Col14> &#xD;
		&lt;Col15>Hours of Lost Time&lt;/Col15>&#xD;
		&lt;Col16>Number_of_Days&lt;/Col16>&#xD;
		&lt;Col17>Work_State&lt;/Col17>&#xD;
		&lt;Col18>Message&lt;/Col18>&#xD;
	&lt;/Header>&#xD;
@{vars['error.audit.log'].text}&#xD;
&lt;/Audit>&#xD; </cc:text>
					</cc:message>
				</cc:write>
				<cc:copy id="Copy" output="attachment" output-attachment-index="0" output-mimetype="text/xml"/>
				<cc:xml-to-csv id="XML2CSV" output="attachment" output-attachment-index="1" output-mimetype="text/csv" input="attachment" input-attachment-index="0"/>
				<cc:store id="STORE" output="variable" output-mimetype="text/csv" output-variable="AtpErrorLog" input="attachment" input-attachment-index="1" collection="INT0515C-Absence-Management-360-Advice-To-Pay-File-Inbound" title="ATP Pay Integration Error Log"/>
			</cc:steps>
			<cc:log-error id="errorHandler">
				<cc:log-message>
					<cc:exception/>
				</cc:log-message>
			</cc:log-error>
		</cc:async-mediation>
		<cc:local-in id="WriteLog" routes-to="TransformErrorLogData"/>
		<cc:local-out id="PutIntegrationEvent" endpoint="vm://wcc/PutIntegrationEvent">
			<cc:set name="is.event.completed" value="&quot;current&quot;"/>
		</cc:local-out>
		<cc:local-out id="PutIntegrationMessage" routes-response-to="PutIntegrationEvent" endpoint="vm://wcc/PutIntegrationMessage">
			<cc:set name="is.message.severity" value="'CRITICAL'"/>
			<cc:set name="is.message.summary" value="'Critical Error Has Occured. Please See Detail!'"/>
			<cc:set name="is.message.detail" value="context.getErrorMessage()"/>
		</cc:local-out>
		<cc:send-error id="SendError" routes-to="PutIntegrationMessage"/>
		<cc:async-mediation id="ValidationMode" execute-steps-when="(props['lp.validation.mode'] == '1' || props['lp.validation.mode'] == true)">
			<cc:steps>
				<cc:set-headers id="ValidationOn">
					<cc:remove-headers/>
					<cc:add-headers>
						<cc:add-header name="X-Validate-Only" value="1"/>
					</cc:add-headers>
				</cc:set-headers>
				<cc:log id="LogReq">
					<cc:log-message>
						<cc:text>&#xD;
----Web Service Request---&#xD;
&#xD; </cc:text>
						<cc:message-content/>
						<cc:line-separator/>
					</cc:log-message>
				</cc:log>
			</cc:steps>
		</cc:async-mediation>
		<cc:local-out id="LogNYEmplErrorMessage" execute-when="props['Pay_Group'] == 'Monthly' &amp;&amp; (props['Earnings_Code_for_Gross'] == 'STD_60'  ||  props['Earnings_Code_for_Gross'] == 'STD_100'  ||  props['Earnings_Code_for_Gross'] == 'STD_75')" routes-response-to="LogSuccess" endpoint="vm://INT0515C-Absence-Management-360-Advice-To-Pay-File-Inbound/WriteErrorLog">
			<cc:set name="si.summary" value="'Employee ID ' + props['Employee_ID'] + ' has Monthly PayGroup with Earnings Code for Gross  ' + props['Earnings_Code_for_Gross'] "/>
			<cc:set name="si.severity" value="'ERROR'"/>
		</cc:local-out>
        <cc:route id="Route">
            <cc:mvel-strategy>
                <cc:choose-route expression="((props['Earnings_Code_for_Gross'] != 'CVT-CA' &amp;&amp; props['Earnings_Code_for_Gross'] != 'NST' &amp;&amp; props['Work_State'] == 'CA')  || props['Work_State'] != 'CA') &amp;&amp; props['Earnings_Code_for_Gross'] != 'NYSTAT' &amp;&amp; props['Work_State'] != 'PR'" route="PayrollToLoad"/>
                <cc:choose-route expression="((props['Earnings_Code_for_Gross'] == 'CVT-CA' || props['Earnings_Code_for_Gross'] == 'NST') &amp;&amp; props['Work_State'] == 'CA') || props['Earnings_Code_for_Gross'] == 'NYSTAT'" route="DoNotLoad"/>
                <cc:choose-route expression="props['Work_State'] == 'PR'" route="PuertoRicoRecord"/>
            </cc:mvel-strategy>
            <cc:sub-route name="PayrollToLoad" routes-to="CallAddPayrollInputData"/>
            <cc:sub-route name="DoNotLoad" routes-to="LogRecordsNotLoaded"/>
            <cc:sub-route name="PuertoRicoRecord" routes-to="CallWriteAuditReport"/>
        </cc:route>
        <cc:local-out id="CallWriteAuditReport" endpoint="vm://INT0515C-Absence-Management-360-Advice-To-Pay-File-Inbound/WriteAuditReport"/>
        <cc:local-out id="SubAudit_Report" endpoint="vm://wcc/PutIntegrationMessage">
            <cc:set name="is.message.severity" value="'INFO'"/>
            <cc:set name="is.message.summary" value="'Audit Report is attached.'"/>
            <cc:set name="is.document.variable.name" value="'audit.csv.output'"/>
            <cc:set name="is.document.deliverable" value="'true'"/>
        </cc:local-out>
        <cc:async-mediation id="WriteAuditRowStep" routes-to="SubAuditAggregator">
            <cc:steps>
                <cc:write id="Write" output-mimetype="text/xml">
                    <cc:message>
                        <cc:text>&lt;Entry>&#xD;
&lt;Record_Type>@{props['Record_Type']}&lt;/Record_Type>&#xD;
&lt;Pay_Group>@{props['Pay_Group']}&lt;/Pay_Group>&#xD;
&lt;Pay_Period_End_Date>=&quot;@{props['Pay_Period_End_Date']}&quot;&lt;/Pay_Period_End_Date>&#xD;
&lt;Employee_ID>=&quot;@{props['Employee_ID']}&quot;&lt;/Employee_ID>&#xD;
&lt;Emp_First_Name>@{props['Employee_First_Name']}&lt;/Emp_First_Name>&#xD;
 &lt;Emp_Last_Name>@{props['Employee_Last_Name']}&lt;/Emp_Last_Name>&#xD;
 &lt;Full_Time_Part_Time>@{props['FT_PT']}&lt;/Full_Time_Part_Time>&#xD;
 &lt;Reg_Temp>@{props['Reg_Temp']}&lt;/Reg_Temp>&#xD;
 &lt;Last_Date_Worked>@{props['Last_Date_Worked']}&lt;/Last_Date_Worked>&#xD;
 &lt;Case_Status>@{props['Case_Status']}&lt;/Case_Status>&#xD;
 &lt;Supplement_Option>@{props['Supplement_Option']}&lt;/Supplement_Option> &#xD;
&lt;Date_of_Disability>=&quot;@{ props['Date_of_Disability'] }&quot;&lt;/Date_of_Disability>&#xD;
&lt;Pay_Start_Date>=&quot;@{props['Pay_Start_Date']}&quot;&lt;/Pay_Start_Date>&#xD;
&lt;Pay_End_Date>=&quot;@{props['Pay_End_Date']}&quot;&lt;/Pay_End_Date>&#xD;
&lt;Benefit_Amount>=&quot;@{props['Payment_Amount']}&quot;&lt;/Benefit_Amount>&#xD;
&lt;Hours>=&quot;@{props['Hours_of_Lost_Time']}&quot;&lt;/Hours>&#xD;
&lt;Offset_Amount>=&quot;@{props['Statutory_Offset_Amount']}&quot;&lt;/Offset_Amount>&#xD;
&lt;Offset_Type>@{props['Earnings_Code_for_Offset']}&lt;/Offset_Type>&#xD;
&lt;Work_State>@{props['Work_State']}&lt;/Work_State>&#xD;
&lt;Earnings_Code>@{props['Earnings_Code_for_Gross']}&lt;/Earnings_Code>&#xD;
&lt;/Entry>&#xD;
</cc:text>
                    </cc:message>
                </cc:write>
            </cc:steps>
        </cc:async-mediation>
        <cc:async-mediation id="SubAuditStore" routes-to="SubAudit_Report">
            <cc:steps>
                <cc:xml-to-csv id="XmlToCsv" output="variable" output-mimetype="text/csv" output-variable="audit.csv" writeHeaderLine="true"/>
                <cc:store id="Audit_Store" output="variable" output-variable="audit.csv.output" input="variable" input-variable="audit.csv" collection="@{props['source.name']}" createDocumentReference="false" expiresIn="P@{props['ia.document.retention.policy']}D" summary="@{props['output.filename.sequencer']}" title="@{props['output.filename.sequencer']}"/>
            </cc:steps>
        </cc:async-mediation>
        <cc:aggregator id="SubAuditAggregator" routes-to="SubAuditStore" collate-when="props['force.batch'] == false" force-batch-on-last-message="false" force-batch-when="props['force.batch'] == true">
            <cc:size-batch-strategy batch-size="-1"/>
            <cc:xml-message-content-collater>
        <cc:header-text>&lt;Audit></cc:header-text>
        <cc:footer-text>&lt;/Audit></cc:footer-text>
      </cc:xml-message-content-collater>
        </cc:aggregator>
        <cc:local-in id="FinalizeReport" routes-to="SubAuditAggregator">
            
        </cc:local-in>
        <cc:local-in id="WriteAuditReport" routes-to="WriteAuditRowStep">
            
            
        </cc:local-in>
        <cc:local-out id="CallFinalizeReport" store-message="none" routes-response-to="CallWriteLogs" endpoint="vm://INT0515C-Absence-Management-360-Advice-To-Pay-File-Inbound/FinalizeReport"><cc:set name="process.batch" value="true"/></cc:local-out>
        <cc:async-mediation id="CloseAggregator" routes-to="CallFinalizeReport">
            <cc:steps>
                <cc:eval id="Eval"><cc:expression>props['force.batch'] = true</cc:expression></cc:eval>
            </cc:steps>
        </cc:async-mediation>
        <cc:local-out id="LogRecordsNotLoaded" endpoint="vm://INT0515C-Absence-Management-360-Advice-To-Pay-File-Inbound/WriteErrorLog"><cc:set name="si.severity" value="'ERROR'"/><cc:set name="si.summary" value="'ATP Record from Absence 360 was not loaded in Workday per requirements.'"/></cc:local-out>
        <cc:local-out id="LogOffsetError" store-message="none" execute-when="props['Statutory_Offset_Amount'] != '' &amp;&amp; (props['Statutory_Offset_Amount'] > 0 || props['Statutory_Offset_Amount']  &lt; 0)" endpoint="vm://INT0515C-Absence-Management-360-Advice-To-Pay-File-Inbound/WriteErrorLog"><cc:set name="si.severity" value="'ERROR'"/><cc:set name="si.summary" value="'Employee with non-zero offset amount'"/></cc:local-out>
	</cc:assembly>

</beans>