<?xml version="1.0" encoding="UTF-8"?>
<wdnm:Diagram xmlns:wdnm="http://workday.com/studio/editors/notation">
  <element href="assembly.xml#WorkdayAssembly"/>
  <visualProperties>
    <element href="assembly.xml#Beginprocess"/>
  </visualProperties>
  <visualProperties>
    <element href="assembly.xml#Call-Initialisation"/>
  </visualProperties>
  <visualProperties>
    <element href="assembly.xml#Call-Fileretrieval"/>
  </visualProperties>
  <visualProperties>
    <element href="assembly.xml#Call-Processfile"/>
  </visualProperties>
  <visualProperties>
    <element href="assembly.xml#Call-GetWorker"/>
  </visualProperties>
  <visualProperties>
    <element href="assembly.xml#Call-CloseWSAgg"/>
  </visualProperties>
  <visualProperties>
    <element href="assembly.xml#Call-Closeerrorlogaudit"/>
  </visualProperties>
  <visualProperties>
    <element href="assembly.xml#Call-CloseResponsesAggregator"/>
  </visualProperties>
  <visualProperties>
    <element href="assembly.xml#Initialize"/>
  </visualProperties>
  <visualProperties>
    <element href="assembly.xml#Init.Props"/>
  </visualProperties>
  <visualProperties>
    <element href="assembly.xml#WriteErrorMessage"/>
  </visualProperties>
  <visualProperties>
    <element href="assembly.xml#RetrieveInputfile"/>
  </visualProperties>
  <visualProperties>
    <element href="assembly.xml#EmptyfileCheck"/>
  </visualProperties>
  <visualProperties>
    <element href="assembly.xml#Writefileerror"/>
  </visualProperties>
  <visualProperties>
    <element href="assembly.xml#RoutetoEmptyfileValidation"/>
  </visualProperties>
  <visualProperties>
    <element href="assembly.xml#CopyfromfiletoMsg"/>
  </visualProperties>
  <visualProperties>
    <element href="assembly.xml#Blankfileerror"/>
  </visualProperties>
  <visualProperties>
    <element href="assembly.xml#Processfile"/>
  </visualProperties>
  <visualProperties>
    <element href="assembly.xml#processfile"/>
  </visualProperties>
  <visualProperties>
    <element href="assembly.xml#ProcessingfileError"/>
  </visualProperties>
  <visualProperties>
    <element href="assembly.xml#SplitWorkerbyPI"/>
  </visualProperties>
  <visualProperties>
    <element href="assembly.xml#InitializeEmplidHashSetMap"/>
  </visualProperties>
  <visualProperties>
    <element href="assembly.xml#GetWorkers"/>
  </visualProperties>
  <visualProperties>
    <element href="assembly.xml#GetworkersRequest"/>
  </visualProperties>
  <visualProperties>
    <element href="assembly.xml#GetWorkersReqErrorhandling"/>
  </visualProperties>
  <visualProperties>
    <element href="assembly.xml#InvalidEmployeeHandler"/>
  </visualProperties>
  <visualProperties>
    <element href="assembly.xml#CallCleanInvalidEEIds"/>
  </visualProperties>
  <visualProperties>
    <element href="assembly.xml#PagedGet"/>
  </visualProperties>
  <visualProperties>
    <element href="assembly.xml#emptyCatch"/>
  </visualProperties>
  <visualProperties>
    <element href="assembly.xml#UnexpectedError"/>
  </visualProperties>
  <visualProperties>
    <element href="assembly.xml#SplitGWResponse"/>
  </visualProperties>
  <visualProperties>
    <element href="assembly.xml#GetWorkersTransform"/>
  </visualProperties>
  <visualProperties>
    <element href="assembly.xml#WriteGetworkerstranformerr"/>
  </visualProperties>
  <visualProperties>
    <element href="assembly.xml#ValidateActiveTerm"/>
  </visualProperties>
  <visualProperties>
    <element href="assembly.xml#Call-LoadPayrollInput"/>
  </visualProperties>
  <visualProperties>
    <element href="assembly.xml#CleanInvalidEEids"/>
  </visualProperties>
  <visualProperties>
    <element href="assembly.xml#CreateCleanGetWorkersCall"/>
  </visualProperties>
  <visualProperties>
    <element href="assembly.xml#UnexpectedErrors"/>
  </visualProperties>
  <visualProperties>
    <element href="assembly.xml#SplitInvalidIDS"/>
  </visualProperties>
  <visualProperties>
    <element href="assembly.xml#DeleteInvalidIDs"/>
  </visualProperties>
  <visualProperties>
    <element href="assembly.xml#Payroll-Input"/>
  </visualProperties>
  <visualProperties>
    <element href="assembly.xml#CreateImportPIRequest"/>
  </visualProperties>
  <visualProperties>
    <element href="assembly.xml#WSReqErrors"/>
  </visualProperties>
  <visualProperties>
    <element href="assembly.xml#CloseAllWSAgg"/>
  </visualProperties>
  <visualProperties>
    <element href="assembly.xml#CollectallPIs"/>
  </visualProperties>
  <visualProperties>
    <element href="assembly.xml#CreateImportBatch"/>
  </visualProperties>
  <visualProperties>
    <element href="assembly.xml#ImportWSSplitter"/>
  </visualProperties>
  <visualProperties>
    <element href="assembly.xml#Call-ImportPayrollInput-WS"/>
  </visualProperties>
  <visualProperties>
    <element href="assembly.xml#ImportPayroll-Input"/>
  </visualProperties>
  <visualProperties>
    <element href="assembly.xml#WrapWS"/>
  </visualProperties>
  <visualProperties>
    <element href="assembly.xml#ValidationMode"/>
  </visualProperties>
  <visualProperties>
    <element href="assembly.xml#ImportWS"/>
  </visualProperties>
  <visualProperties>
    <element href="assembly.xml#RequestResponseWID"/>
  </visualProperties>
  <visualProperties>
    <element href="assembly.xml#ImportWSCallErrors"/>
  </visualProperties>
  <visualProperties>
    <element href="assembly.xml#StoreImportProcessErrors"/>
  </visualProperties>
  <visualProperties>
    <element href="assembly.xml#CloseImp.Resp.agg"/>
  </visualProperties>
  <visualProperties>
    <element href="assembly.xml#Merge.ImportPI.Resp"/>
  </visualProperties>
  <visualProperties>
    <element href="assembly.xml#StoreImportProcDetails"/>
  </visualProperties>
  <visualProperties>
    <element href="assembly.xml#ImportDetailsPosted"/>
  </visualProperties>
  <visualProperties>
    <element href="assembly.xml#Closeerrorauditlog"/>
  </visualProperties>
  <visualProperties>
    <element href="assembly.xml#ConsolidateErrors"/>
  </visualProperties>
  <visualProperties>
    <element href="assembly.xml#CompressandStore"/>
  </visualProperties>
  <visualProperties>
    <element href="assembly.xml#Inputfileerrorsposted"/>
  </visualProperties>
  <visualProperties>
    <element href="assembly.xml#ImportReporting"/>
  </visualProperties>
  <visualProperties>
    <element href="assembly.xml#Call-Document-Retrieval"/>
  </visualProperties>
  <visualProperties>
    <element href="assembly.xml#close.imp.responses.agg"/>
  </visualProperties>
  <visualProperties>
    <element href="assembly.xml#Call-FinalAudit"/>
  </visualProperties>
  <visualProperties>
    <element href="assembly.xml#Call-Close.agg.Final.Audit"/>
  </visualProperties>
  <visualProperties>
    <element href="assembly.xml#RetrieveDocument"/>
  </visualProperties>
  <visualProperties>
    <element href="assembly.xml#Event.WID"/>
  </visualProperties>
  <visualProperties>
    <element href="assembly.xml#CallAuditErrorGetDocs"/>
  </visualProperties>
  <visualProperties>
    <element href="assembly.xml#GetEventDocuments0"/>
  </visualProperties>
  <visualProperties>
    <element href="assembly.xml#GetImportWIDsDoc"/>
  </visualProperties>
  <visualProperties>
    <element href="assembly.xml#File.Route"/>
  </visualProperties>
  <visualProperties>
    <element href="assembly.xml#CopyImportDetailsMsg"/>
  </visualProperties>
  <visualProperties>
    <element href="assembly.xml#CallAuditErrorCopyImportDetailsMsg"/>
  </visualProperties>
  <visualProperties>
    <element href="assembly.xml#CopyErrlogToVar"/>
  </visualProperties>
  <visualProperties>
    <element href="assembly.xml#SplitByBatch"/>
  </visualProperties>
  <visualProperties>
    <element href="assembly.xml#PrepareImportMsgWS"/>
  </visualProperties>
  <visualProperties>
    <element href="assembly.xml#GetImportProcMsgs"/>
  </visualProperties>
  <visualProperties>
    <element href="assembly.xml#ProcessImportMsgs"/>
  </visualProperties>
  <visualProperties>
    <element href="assembly.xml#NoErrorsInBatchMsg"/>
  </visualProperties>
  <visualProperties>
    <element href="assembly.xml#UnexpectedSplitterError"/>
  </visualProperties>
  <visualProperties>
    <element href="assembly.xml#UnWrapSOAP"/>
  </visualProperties>
  <visualProperties>
    <element href="assembly.xml#SaveErrorsToMap"/>
  </visualProperties>
  <visualProperties>
    <element href="assembly.xml#CloseErrorResponsesAgg"/>
  </visualProperties>
  <visualProperties>
    <element href="assembly.xml#Merge.PI.Errors.Other.errors"/>
  </visualProperties>
  <visualProperties>
    <element href="assembly.xml#CompressandStoreAudit"/>
  </visualProperties>
  <visualProperties>
    <element href="assembly.xml#Begin"/>
  </visualProperties>
  <visualProperties>
    <element href="assembly.xml#MergePIandErr"/>
  </visualProperties>
  <visualProperties>
    <element href="assembly.xml#PIInput"/>
  </visualProperties>
  <visualProperties>
    <element href="assembly.xml#Errors"/>
  </visualProperties>
  <visualProperties>
    <element href="assembly.xml#Close.agg.Final.Audit"/>
  </visualProperties>
  <visualProperties>
    <element href="assembly.xml#MergePIandErrors"/>
  </visualProperties>
  <visualProperties>
    <element href="assembly.xml#FinalAudit"/>
  </visualProperties>
  <visualProperties>
    <element href="assembly.xml#WriteAuditError"/>
  </visualProperties>
  <visualProperties>
    <element href="assembly.xml#PutFinalAudit"/>
  </visualProperties>
  <visualProperties>
    <element href="assembly.xml#//@beans/@mixed.1/@mixed.7"/>
  </visualProperties>
  <visualProperties>
    <element href="assembly.xml#Note-Error"/>
  </visualProperties>
  <visualProperties>
    <element href="assembly.xml#AuditError"/>
  </visualProperties>
  <visualProperties>
    <element href="assembly.xml#RetrieveAttrError"/>
  </visualProperties>
  <visualProperties x="2260" y="1612">
    <element href="assembly.xml#WriteTermsAudit"/>
  </visualProperties>
  <visualProperties x="2162" y="1612">
    <element href="assembly.xml#SplitterMultipleWorkers"/>
  </visualProperties>
  <visualProperties x="2206" y="1463">
    <element href="assembly.xml#CatchError"/>
  </visualProperties>
  <visualProperties x="2216" y="1554">
    <element href="assembly.xml#PutIntegrationMessage"/>
  </visualProperties>
  <visualProperties x="1451" y="2287">
    <element href="assembly.xml#EmptyCatch"/>
  </visualProperties>
  <visualProperties x="1490" y="2375">
    <element href="assembly.xml#PutIntegrationMessage0"/>
  </visualProperties>
  <visualProperties x="2666" y="1725">
    <element href="assembly.xml#CallTermsAudit"/>
  </visualProperties>
  <visualProperties x="1429" y="2009">
    <element href="assembly.xml#CallInvalidAudit"/>
  </visualProperties>
  <visualProperties x="858" y="1253">
    <element href="assembly.xml#Call-FileError"/>
  </visualProperties>
  <visualProperties x="801" y="1259">
    <element href="assembly.xml#TransformFileErrors"/>
  </visualProperties>
  <visualProperties x="124" y="3256">
    <element href="assembly.xml#Errorlog"/>
  </visualProperties>
  <connections type="routesTo">
    <source href="assembly.xml#Initialize"/>
    <target href="assembly.xml#Init.Props"/>
  </connections>
  <connections type="routesTo">
    <source href="assembly.xml#//@beans/@mixed.1/@mixed.183/@mixed.3"/>
    <target href="assembly.xml#WriteErrorMessage"/>
  </connections>
  <connections type="routesTo" sourceAnchorX="0.8333333333333334" sourceAnchorY="1.0" targetAnchorX="0.07661290322580645" targetAnchorY="0.20930232558139536">
    <source href="assembly.xml#RetrieveInputfile"/>
    <target href="assembly.xml#EmptyfileCheck"/>
  </connections>
  <connections type="routesTo" sourceAnchorX="1.0" sourceAnchorY="0.07751937984496124" targetAnchorX="0.3106060606060606" targetAnchorY="0.11494252873563218">
    <source href="assembly.xml#EmptyfileCheck"/>
    <target href="assembly.xml#RoutetoEmptyfileValidation"/>
  </connections>
  <connections type="routesTo" sourceAnchorX="0.3244444444444444" sourceAnchorY="1.0" targetAnchorX="0.4875" targetAnchorY="0.3783783783783784">
    <source href="assembly.xml#//@beans/@mixed.1/@mixed.177/@mixed.3"/>
    <target href="assembly.xml#Writefileerror"/>
  </connections>
  <connections type="routesTo" sourceAnchorX="1.0" sourceAnchorY="0.47058823529411764" targetAnchorX="0.13953488372093023" targetAnchorY="0.3979591836734694">
    <source href="assembly.xml#//@beans/@mixed.1/@route.3/@subRoute.0"/>
    <target href="assembly.xml#CopyfromfiletoMsg"/>
  </connections>
  <connections type="routesTo" sourceAnchorX="0.48132780082987553" sourceAnchorY="1.0" targetAnchorX="0.47717842323651455" targetAnchorY="0.4864864864864865">
    <source href="assembly.xml#//@beans/@mixed.1/@mixed.171/@mixed.3"/>
    <target href="assembly.xml#Blankfileerror"/>
  </connections>
  <connections type="routesTo" sourceAnchorX="0.8121546961325967" sourceAnchorY="1.0" targetAnchorX="0.5269709543568465" targetAnchorY="0.9459459459459459">
    <source href="assembly.xml#//@beans/@mixed.1/@mixed.165/@mixed.3"/>
    <target href="assembly.xml#ProcessingfileError"/>
  </connections>
  <connections type="routesTo" sourceAnchorX="0.6302521008403361" sourceAnchorY="1.0" targetAnchorX="0.028089887640449437" targetAnchorY="0.6836734693877551">
    <source href="assembly.xml#//@beans/@mixed.1/@splitter.5/@subRoute.0"/>
    <target href="assembly.xml#InitializeEmplidHashSetMap"/>
  </connections>
  <connections type="routesTo" sourceAnchorX="1.0" sourceAnchorY="0.5945945945945946" targetAnchorX="0.07865168539325842" targetAnchorY="0.3643410852713178">
    <source href="assembly.xml#GetWorkers"/>
    <target href="assembly.xml#GetworkersRequest"/>
  </connections>
  <connections type="routesTo" sourceAnchorX="1.0" sourceAnchorY="0.11627906976744186" targetAnchorX="0.03723404255319149" targetAnchorY="0.10569105691056911">
    <source href="assembly.xml#GetworkersRequest"/>
    <target href="assembly.xml#InvalidEmployeeHandler"/>
  </connections>
  <connections type="routesTo" sourceAnchorX="0.6608187134502924" sourceAnchorY="1.0" targetAnchorX="0.5896414342629482" targetAnchorY="0.08108108108108109">
    <source href="assembly.xml#//@beans/@mixed.1/@mixed.155/@mixed.3"/>
    <target href="assembly.xml#GetWorkersReqErrorhandling"/>
  </connections>
  <connections type="routesTo" sourceAnchorX="1.0" sourceAnchorY="0.25203252032520324" targetAnchorX="0.028985507246376812" targetAnchorY="0.5675675675675675">
    <source href="assembly.xml#InvalidEmployeeHandler"/>
    <target href="assembly.xml#PagedGet"/>
  </connections>
  <connections type="routesTo" sourceAnchorX="0.17679558011049723" sourceAnchorY="1.0" targetAnchorX="0.47639484978540775" targetAnchorY="0.24324324324324326">
    <source href="assembly.xml#//@beans/@mixed.1/@mixed.151/@mixed.3"/>
    <target href="assembly.xml#CallCleanInvalidEEIds"/>
  </connections>
  <connections type="routesResponseTo" sourceAnchorX="0.8755364806866953" sourceAnchorY="1.0" targetAnchorX="0.5362318840579711" targetAnchorY="0.7567567567567568">
    <source href="assembly.xml#CallCleanInvalidEEIds"/>
    <target href="assembly.xml#PagedGet"/>
    <bendpoints sourceX="149" sourceY="-62" targetX="1" targetY="152"/>
  </connections>
  <connections type="routesResponseTo" sourceAnchorX="0.7391304347826086" sourceAnchorY="1.0" targetAnchorX="0.3710691823899371" targetAnchorY="0.05434782608695652">
    <source href="assembly.xml#PagedGet"/>
    <target href="assembly.xml#emptyCatch"/>
  </connections>
  <connections type="routesTo" sourceAnchorX="0.0" sourceAnchorY="0.18478260869565216" targetAnchorX="0.4171779141104294" targetAnchorY="0.09146341463414634">
    <source href="assembly.xml#emptyCatch"/>
    <target href="assembly.xml#SplitGWResponse"/>
  </connections>
  <connections type="routesTo" sourceAnchorX="0.47368421052631576" sourceAnchorY="1.0" targetAnchorX="0.352112676056338" targetAnchorY="0.4594594594594595">
    <source href="assembly.xml#//@beans/@mixed.1/@mixed.145/@mixed.3"/>
    <target href="assembly.xml#UnexpectedError"/>
  </connections>
  <connections type="routesTo" sourceAnchorX="0.4369747899159664" sourceAnchorY="1.0" targetAnchorX="0.02247191011235955" targetAnchorY="0.8061224489795918">
    <source href="assembly.xml#//@beans/@mixed.1/@splitter.4/@subRoute.0"/>
    <target href="assembly.xml#GetWorkersTransform"/>
  </connections>
  <connections type="routesTo" sourceAnchorX="0.5955056179775281" sourceAnchorY="1.0" targetAnchorX="0.5698924731182796" targetAnchorY="0.4864864864864865">
    <source href="assembly.xml#//@beans/@mixed.1/@mixed.139/@mixed.3"/>
    <target href="assembly.xml#WriteGetworkerstranformerr"/>
  </connections>
  <connections type="routesTo" sourceAnchorX="0.8267326732673267" sourceAnchorY="1.0" targetAnchorX="0.05" targetAnchorY="0.0945945945945946">
    <source href="assembly.xml#CleanInvalidEEids"/>
    <target href="assembly.xml#CreateCleanGetWorkersCall"/>
  </connections>
  <connections type="routesTo">
    <source href="assembly.xml#CreateCleanGetWorkersCall"/>
    <target href="assembly.xml#SplitInvalidIDS"/>
  </connections>
  <connections type="routesTo" sourceAnchorX="0.625" sourceAnchorY="1.0" targetAnchorX="0.7768924302788844" targetAnchorY="0.21621621621621623">
    <source href="assembly.xml#//@beans/@mixed.1/@mixed.129/@mixed.5"/>
    <target href="assembly.xml#UnexpectedErrors"/>
  </connections>
  <connections type="routesTo" sourceAnchorX="1.0" sourceAnchorY="0.5882352941176471" targetAnchorX="0.016042780748663103" targetAnchorY="0.7346938775510204">
    <source href="assembly.xml#//@beans/@mixed.1/@splitter.3/@subRoute.0"/>
    <target href="assembly.xml#DeleteInvalidIDs"/>
  </connections>
  <connections type="routesTo" sourceAnchorX="0.48125" sourceAnchorY="1.0" targetAnchorX="0.12359550561797752" targetAnchorY="0.13043478260869565">
    <source href="assembly.xml#Payroll-Input"/>
    <target href="assembly.xml#CreateImportPIRequest"/>
  </connections>
  <connections type="routesTo" sourceAnchorX="1.0" sourceAnchorY="0.11627906976744186" targetAnchorX="0.0945273631840796" targetAnchorY="0.27358490566037735">
    <source href="assembly.xml#CreateImportPIRequest"/>
    <target href="assembly.xml#CollectallPIs"/>
  </connections>
  <connections type="routesTo" sourceAnchorX="0.5622119815668203" sourceAnchorY="1.0" targetAnchorX="0.4860557768924303" targetAnchorY="0.08108108108108109">
    <source href="assembly.xml#//@beans/@mixed.1/@mixed.119/@mixed.3"/>
    <target href="assembly.xml#WSReqErrors"/>
  </connections>
  <connections type="routesTo" sourceAnchorX="0.41208791208791207" sourceAnchorY="1.0" targetAnchorX="0.5472636815920398" targetAnchorY="0.08490566037735849">
    <source href="assembly.xml#CloseAllWSAgg"/>
    <target href="assembly.xml#CollectallPIs"/>
  </connections>
  <connections type="routesTo" sourceAnchorX="1.0" sourceAnchorY="0.4411764705882353" targetAnchorX="0.025735294117647058" targetAnchorY="0.32432432432432434">
    <source href="assembly.xml#//@beans/@mixed.1/@splitter.2/@subRoute.0"/>
    <target href="assembly.xml#Call-ImportPayrollInput-WS"/>
  </connections>
  <connections type="routesTo" sourceAnchorX="0.8980582524271845" sourceAnchorY="1.0" targetAnchorX="0.3225806451612903" targetAnchorY="0.10869565217391304">
    <source href="assembly.xml#ImportPayroll-Input"/>
    <target href="assembly.xml#WrapWS"/>
  </connections>
  <connections type="routesTo" sourceAnchorX="1.0" sourceAnchorY="0.11627906976744186" targetAnchorX="0.15217391304347827" targetAnchorY="0.14285714285714285">
    <source href="assembly.xml#WrapWS"/>
    <target href="assembly.xml#ValidationMode"/>
  </connections>
  <connections type="routesTo" sourceAnchorX="0.8571428571428571" sourceAnchorY="1.0" targetAnchorX="0.199203187250996" targetAnchorY="0.5675675675675675">
    <source href="assembly.xml#//@beans/@mixed.1/@mixed.103/@mixed.3"/>
    <target href="assembly.xml#ImportWSCallErrors"/>
    <bendpoints sourceX="5" sourceY="87" targetX="-455" targetY="-12"/>
  </connections>
  <connections type="routesTo" sourceAnchorX="1.0" sourceAnchorY="0.19387755102040816" targetAnchorX="0.12562814070351758" targetAnchorY="0.35135135135135137">
    <source href="assembly.xml#ValidationMode"/>
    <target href="assembly.xml#ImportWS"/>
  </connections>
  <connections type="routesResponseTo" sourceAnchorX="0.562962962962963" sourceAnchorY="1.0" targetAnchorX="0.0703125" targetAnchorY="0.10077519379844961">
    <source href="assembly.xml#ImportWS"/>
    <target href="assembly.xml#RequestResponseWID"/>
  </connections>
  <connections type="routesTo" sourceAnchorX="1.0" sourceAnchorY="0.29457364341085274" targetAnchorX="0.06467661691542288" targetAnchorY="0.1509433962264151">
    <source href="assembly.xml#RequestResponseWID"/>
    <target href="assembly.xml#Merge.ImportPI.Resp"/>
  </connections>
  <connections type="routesTo" sourceAnchorX="0.5622489959839357" sourceAnchorY="1.0" targetAnchorX="0.5577689243027888" targetAnchorY="0.5945945945945946">
    <source href="assembly.xml#//@beans/@mixed.1/@mixed.97/@mixed.3"/>
    <target href="assembly.xml#ImportWSCallErrors"/>
  </connections>
  <connections type="routesResponseTo" sourceAnchorX="0.5617529880478087" sourceAnchorY="1.0" targetAnchorX="0.7752808988764045" targetAnchorY="0.22448979591836735">
    <source href="assembly.xml#ImportWSCallErrors"/>
    <target href="assembly.xml#StoreImportProcessErrors"/>
  </connections>
  <connections type="routesTo" sourceAnchorX="0.5305164319248826" sourceAnchorY="1.0" targetAnchorX="0.5771144278606966" targetAnchorY="0.12264150943396226">
    <source href="assembly.xml#CloseImp.Resp.agg"/>
    <target href="assembly.xml#Merge.ImportPI.Resp"/>
  </connections>
  <connections type="routesTo" sourceAnchorX="1.0" sourceAnchorY="0.18867924528301888" targetAnchorX="0.04424778761061947" targetAnchorY="0.4263565891472868">
    <source href="assembly.xml#Merge.ImportPI.Resp"/>
    <target href="assembly.xml#StoreImportProcDetails"/>
  </connections>
  <connections type="routesTo" sourceAnchorX="1.0" sourceAnchorY="0.05426356589147287" targetAnchorX="0.027888446215139442" targetAnchorY="0.35135135135135137">
    <source href="assembly.xml#StoreImportProcDetails"/>
    <target href="assembly.xml#ImportDetailsPosted"/>
  </connections>
  <connections type="routesTo" sourceAnchorX="0.28431372549019607" sourceAnchorY="1.0" targetAnchorX="0.2885572139303483" targetAnchorY="0.0660377358490566">
    <source href="assembly.xml#Closeerrorauditlog"/>
    <target href="assembly.xml#ConsolidateErrors"/>
  </connections>
  <connections type="routesTo" sourceAnchorX="1.0" sourceAnchorY="0.2830188679245283" targetAnchorX="0.026595744680851064" targetAnchorY="0.6224489795918368">
    <source href="assembly.xml#ConsolidateErrors"/>
    <target href="assembly.xml#CompressandStore"/>
  </connections>
  <connections type="routesTo" sourceAnchorX="1.0" sourceAnchorY="0.25510204081632654" targetAnchorX="0.10756972111553785" targetAnchorY="0.40540540540540543">
    <source href="assembly.xml#CompressandStore"/>
    <target href="assembly.xml#Inputfileerrorsposted"/>
  </connections>
  <connections type="routesTo" sourceAnchorX="0.8043478260869565" sourceAnchorY="1.0" targetAnchorX="0.16666666666666666" targetAnchorY="0.21621621621621623">
    <source href="assembly.xml#ImportReporting"/>
    <target href="assembly.xml#Call-Document-Retrieval"/>
  </connections>
  <connections type="routesResponseTo" sourceAnchorX="0.7420634920634921" sourceAnchorY="1.0" targetAnchorX="0.12156862745098039" targetAnchorY="0.2972972972972973">
    <source href="assembly.xml#Call-Document-Retrieval"/>
    <target href="assembly.xml#close.imp.responses.agg"/>
  </connections>
  <connections type="routesResponseTo" sourceAnchorX="0.7058823529411765" sourceAnchorY="1.0" targetAnchorX="0.09248554913294797" targetAnchorY="0.35135135135135137">
    <source href="assembly.xml#close.imp.responses.agg"/>
    <target href="assembly.xml#Call-FinalAudit"/>
  </connections>
  <connections type="routesResponseTo" sourceAnchorX="0.5931372549019608" sourceAnchorY="1.0" targetAnchorX="0.038461538461538464" targetAnchorY="0.40540540540540543">
    <source href="assembly.xml#Call-FinalAudit"/>
    <target href="assembly.xml#Call-Close.agg.Final.Audit"/>
  </connections>
  <connections type="routesTo" sourceAnchorX="0.5804878048780487" sourceAnchorY="1.0" targetAnchorX="0.07086614173228346" targetAnchorY="0.3643410852713178">
    <source href="assembly.xml#RetrieveDocument"/>
    <target href="assembly.xml#Event.WID"/>
  </connections>
  <connections type="routesTo" sourceAnchorX="1.0" sourceAnchorY="0.21705426356589147" targetAnchorX="0.05172413793103448" targetAnchorY="0.4594594594594595">
    <source href="assembly.xml#Event.WID"/>
    <target href="assembly.xml#GetEventDocuments0"/>
  </connections>
  <connections type="routesTo" sourceAnchorX="0.7416666666666667" sourceAnchorY="1.0" targetAnchorX="0.3907563025210084" targetAnchorY="0.2702702702702703">
    <source href="assembly.xml#//@beans/@mixed.1/@mixed.63/@mixed.3"/>
    <target href="assembly.xml#CallAuditErrorGetDocs"/>
  </connections>
  <connections type="routesResponseTo" sourceAnchorX="0.8577586206896551" sourceAnchorY="1.0" targetAnchorX="0.16666666666666666" targetAnchorY="0.05747126436781609">
    <source href="assembly.xml#GetEventDocuments0"/>
    <target href="assembly.xml#GetImportWIDsDoc"/>
  </connections>
  <connections type="routesTo" sourceAnchorX="1.0" sourceAnchorY="0.4411764705882353" targetAnchorX="0.12162162162162163" targetAnchorY="0.3">
    <source href="assembly.xml#//@beans/@mixed.1/@route.2/@subRoute.0"/>
    <target href="assembly.xml#File.Route"/>
  </connections>
  <connections type="routesTo" sourceAnchorX="1.0" sourceAnchorY="0.058823529411764705" targetAnchorX="0.1797752808988764" targetAnchorY="0.06976744186046512">
    <source href="assembly.xml#//@beans/@mixed.1/@route.1/@subRoute.0"/>
    <target href="assembly.xml#CopyErrlogToVar"/>
  </connections>
  <connections type="routesTo" sourceAnchorX="1.0" sourceAnchorY="0.29411764705882354" targetAnchorX="0.07207207207207207" targetAnchorY="0.5271317829457365">
    <source href="assembly.xml#//@beans/@mixed.1/@route.1/@subRoute.1"/>
    <target href="assembly.xml#CopyImportDetailsMsg"/>
  </connections>
  <connections type="routesTo" sourceAnchorX="1.0" sourceAnchorY="0.16279069767441862" targetAnchorX="0.020833333333333332" targetAnchorY="0.367816091954023">
    <source href="assembly.xml#CopyImportDetailsMsg"/>
    <target href="assembly.xml#SplitByBatch"/>
  </connections>
  <connections type="routesTo" sourceAnchorX="0.5524861878453039" sourceAnchorY="1.0" targetAnchorX="0.2988505747126437" targetAnchorY="0.6216216216216216">
    <source href="assembly.xml#//@beans/@mixed.1/@mixed.53/@mixed.3"/>
    <target href="assembly.xml#CallAuditErrorCopyImportDetailsMsg"/>
  </connections>
  <connections type="routesTo" sourceAnchorX="0.6408839779005525" sourceAnchorY="1.0" targetAnchorX="0.867816091954023" targetAnchorY="0.8378378378378378">
    <source href="assembly.xml#//@beans/@mixed.1/@mixed.49/@mixed.3"/>
    <target href="assembly.xml#CallAuditErrorCopyImportDetailsMsg"/>
    <bendpoints sourceX="184" sourceY="-15" targetX="-1" targetY="144"/>
  </connections>
  <connections type="routesTo" sourceAnchorX="0.0" sourceAnchorY="0.11627906976744186" targetAnchorX="0.05472636815920398" targetAnchorY="0.03773584905660377">
    <source href="assembly.xml#CopyErrlogToVar"/>
    <target href="assembly.xml#Merge.PI.Errors.Other.errors"/>
    <bendpoints sourceX="-135" sourceY="102" targetX="-38" targetY="-235"/>
    <bendpoints sourceX="-69" sourceY="340" targetX="-35" targetY="3"/>
  </connections>
  <connections type="routesTo" sourceAnchorX="1.0" sourceAnchorY="0.2647058823529412" targetAnchorX="0.07339449541284404" targetAnchorY="0.391304347826087">
    <source href="assembly.xml#//@beans/@mixed.1/@splitter.1/@subRoute.0"/>
    <target href="assembly.xml#PrepareImportMsgWS"/>
  </connections>
  <connections type="routesTo" sourceAnchorX="1.0" sourceAnchorY="0.20408163265306123" targetAnchorX="0.22972972972972974" targetAnchorY="0.3783783783783784">
    <source href="assembly.xml#PrepareImportMsgWS"/>
    <target href="assembly.xml#GetImportProcMsgs"/>
  </connections>
  <connections type="routesTo" sourceAnchorX="0.5093457943925234" sourceAnchorY="1.0" targetAnchorX="0.02127659574468085" targetAnchorY="0.2032520325203252">
    <source href="assembly.xml#ProcessImportMsgs"/>
    <target href="assembly.xml#NoErrorsInBatchMsg"/>
  </connections>
  <connections type="routesTo" sourceAnchorX="1.0" sourceAnchorY="0.07317073170731707" targetAnchorX="0.14012738853503184" targetAnchorY="0.09195402298850575">
    <source href="assembly.xml#NoErrorsInBatchMsg"/>
    <target href="assembly.xml#UnWrapSOAP"/>
  </connections>
  <connections type="routesTo" sourceAnchorX="0.569060773480663" sourceAnchorY="1.0" targetAnchorX="0.5416666666666666" targetAnchorY="0.6756756756756757">
    <source href="assembly.xml#//@beans/@mixed.1/@mixed.39/@mixed.3"/>
    <target href="assembly.xml#UnexpectedSplitterError"/>
  </connections>
  <connections type="routesTo" sourceAnchorX="0.6527777777777778" sourceAnchorY="1.0" targetAnchorX="0.08571428571428572" targetAnchorY="0.7448979591836735">
    <source href="assembly.xml#//@beans/@mixed.1/@splitter.0/@subRoute.0"/>
    <target href="assembly.xml#SaveErrorsToMap"/>
  </connections>
  <connections type="routesTo" sourceAnchorX="1.0" sourceAnchorY="0.2857142857142857" targetAnchorX="0.15422885572139303" targetAnchorY="0.09433962264150944">
    <source href="assembly.xml#SaveErrorsToMap"/>
    <target href="assembly.xml#Merge.PI.Errors.Other.errors"/>
  </connections>
  <connections type="routesTo" sourceAnchorX="0.3371212121212121" sourceAnchorY="1.0" targetAnchorX="0.44776119402985076" targetAnchorY="0.24528301886792453">
    <source href="assembly.xml#CloseErrorResponsesAgg"/>
    <target href="assembly.xml#Merge.PI.Errors.Other.errors"/>
  </connections>
  <connections type="routesTo" sourceAnchorX="1.0" sourceAnchorY="0.1509433962264151" targetAnchorX="0.06153846153846154" targetAnchorY="0.46938775510204084">
    <source href="assembly.xml#Merge.PI.Errors.Other.errors"/>
    <target href="assembly.xml#CompressandStoreAudit"/>
  </connections>
  <connections type="routesTo" sourceAnchorX="0.6893203883495146" sourceAnchorY="1.0" targetAnchorX="0.3409090909090909" targetAnchorY="0.08530805687203792">
    <source href="assembly.xml#Begin"/>
    <target href="assembly.xml#MergePIandErr"/>
  </connections>
  <connections type="routesTo" sourceAnchorX="0.6866666666666666" sourceAnchorY="1.0" targetAnchorX="0.24742268041237114" targetAnchorY="0.5612244897959183">
    <source href="assembly.xml#//@beans/@mixed.1/@route.0/@subRoute.0"/>
    <target href="assembly.xml#PIInput"/>
  </connections>
  <connections type="routesTo" sourceAnchorX="0.7066666666666667" sourceAnchorY="1.0" targetAnchorX="0.23076923076923078" targetAnchorY="0.5510204081632653">
    <source href="assembly.xml#//@beans/@mixed.1/@route.0/@subRoute.1"/>
    <target href="assembly.xml#Errors"/>
  </connections>
  <connections type="routesTo" sourceAnchorX="1.0" sourceAnchorY="0.19387755102040816" targetAnchorX="0.01990049751243781" targetAnchorY="0.4716981132075472">
    <source href="assembly.xml#PIInput"/>
    <target href="assembly.xml#MergePIandErrors"/>
  </connections>
  <connections type="routesTo" sourceAnchorX="1.0" sourceAnchorY="0.20408163265306123" targetAnchorX="0.03482587064676617" targetAnchorY="0.7075471698113207">
    <source href="assembly.xml#Errors"/>
    <target href="assembly.xml#MergePIandErrors"/>
  </connections>
  <connections type="routesTo" sourceAnchorX="0.6622516556291391" sourceAnchorY="1.0" targetAnchorX="0.5024875621890548" targetAnchorY="0.1792452830188679">
    <source href="assembly.xml#Close.agg.Final.Audit"/>
    <target href="assembly.xml#MergePIandErrors"/>
  </connections>
  <connections type="routesTo" sourceAnchorX="1.0" sourceAnchorY="0.25471698113207547" targetAnchorX="0.011235955056179775" targetAnchorY="0.49612403100775193">
    <source href="assembly.xml#MergePIandErrors"/>
    <target href="assembly.xml#FinalAudit"/>
  </connections>
  <connections type="routesTo" sourceAnchorX="1.0" sourceAnchorY="0.24031007751937986" targetAnchorX="0.09202453987730061" targetAnchorY="0.35135135135135137">
    <source href="assembly.xml#FinalAudit"/>
    <target href="assembly.xml#PutFinalAudit"/>
  </connections>
  <connections type="routesTo" sourceAnchorX="0.26171875" sourceAnchorY="1.0" targetAnchorX="0.7374301675977654" targetAnchorY="0.24324324324324326">
    <source href="assembly.xml#//@beans/@mixed.1/@mixed.13/@mixed.3"/>
    <target href="assembly.xml#WriteAuditError"/>
  </connections>
  <connections type="routesTo" sourceAnchorX="0.717741935483871" sourceAnchorY="1.0" targetAnchorX="0.109375" targetAnchorY="0.32432432432432434">
    <source href="assembly.xml#//@beans/@mixed.1/@mixed.7"/>
    <target href="assembly.xml#Note-Error"/>
  </connections>
  <connections type="routesTo" sourceAnchorX="0.6277372262773723" sourceAnchorY="1.0" targetAnchorX="0.234375" targetAnchorY="0.21621621621621623">
    <source href="assembly.xml#AuditError"/>
    <target href="assembly.xml#RetrieveAttrError"/>
  </connections>
  <connections type="routesTo" sourceAnchorX="0.8734939759036144" sourceAnchorY="1.0" targetAnchorX="0.17647058823529413" targetAnchorY="0.35135135135135137">
    <source href="assembly.xml#Beginprocess"/>
    <target href="assembly.xml#Call-Initialisation"/>
  </connections>
  <connections type="routesTo" sourceAnchorX="0.6129032258064516" sourceAnchorY="1.0" targetAnchorX="0.6705202312138728" targetAnchorY="0.21739130434782608">
    <source href="assembly.xml#//@beans/@mixed.1/@mixed.135/@mixed.3"/>
    <target href="assembly.xml#WriteTermsAudit"/>
  </connections>
  <connections type="routesTo" sourceAnchorX="0.43457943925233644" sourceAnchorY="1.0" targetAnchorX="0.3316062176165803" targetAnchorY="0.34108527131782945">
    <source href="assembly.xml#//@beans/@mixed.1/@splitter.6/@subRoute.0"/>
    <target href="assembly.xml#ValidateActiveTerm"/>
  </connections>
  <connections type="routesResponseTo" sourceAnchorX="0.6813186813186813" sourceAnchorY="1.0" targetAnchorX="0.19337016574585636" targetAnchorY="0.16216216216216217">
    <source href="assembly.xml#Call-Processfile"/>
    <target href="assembly.xml#Call-GetWorker"/>
  </connections>
  <connections type="routesTo" sourceAnchorX="0.5081967213114754" sourceAnchorY="1.0" targetAnchorX="0.26141078838174275" targetAnchorY="0.6486486486486487">
    <source href="assembly.xml#//@beans/@mixed.1/@mixed.207/@mixed.3"/>
    <target href="assembly.xml#PutIntegrationMessage"/>
  </connections>
  <connections type="routesTo" sourceAnchorX="1.0" sourceAnchorY="0.16279069767441862" targetAnchorX="0.29457364341085274" targetAnchorY="0.04878048780487805">
    <source href="assembly.xml#GetWorkersTransform"/>
    <target href="assembly.xml#CatchError"/>
  </connections>
  <connections type="routesTo" sourceAnchorX="1.0" sourceAnchorY="0.17073170731707318" targetAnchorX="0.12334801762114538" targetAnchorY="0.13793103448275862">
    <source href="assembly.xml#CatchError"/>
    <target href="assembly.xml#SplitterMultipleWorkers"/>
  </connections>
  <connections type="routesTo" sourceAnchorX="0.1893939393939394" sourceAnchorY="1.0" targetAnchorX="0.10358565737051793" targetAnchorY="0.24324324324324326">
    <source href="assembly.xml#//@beans/@mixed.1/@mixed.211/@mixed.3"/>
    <target href="assembly.xml#PutIntegrationMessage0"/>
  </connections>
  <connections type="routesTo" sourceAnchorX="1.0" sourceAnchorY="0.29591836734693877" targetAnchorX="0.1079136690647482" targetAnchorY="0.3902439024390244">
    <source href="assembly.xml#CreateImportBatch"/>
    <target href="assembly.xml#EmptyCatch"/>
  </connections>
  <connections type="routesTo" sourceAnchorX="1.0" sourceAnchorY="0.11382113821138211" targetAnchorX="0.19886363636363635" targetAnchorY="0.09770114942528736">
    <source href="assembly.xml#EmptyCatch"/>
    <target href="assembly.xml#ImportWSSplitter"/>
  </connections>
  <connections type="routesTo" sourceAnchorX="0.33163265306122447" sourceAnchorY="1.0" targetAnchorX="0.3793103448275862" targetAnchorY="0.6216216216216216">
    <source href="assembly.xml#WriteTermsAudit"/>
    <target href="assembly.xml#CallTermsAudit"/>
  </connections>
  <connections type="routesTo" sourceAnchorX="1.0" sourceAnchorY="0.11320754716981132" targetAnchorX="0.11518324607329843" targetAnchorY="0.47959183673469385">
    <source href="assembly.xml#CollectallPIs"/>
    <target href="assembly.xml#CreateImportBatch"/>
  </connections>
  <connections type="routesTo" sourceAnchorX="1.0" sourceAnchorY="0.14285714285714285" targetAnchorX="0.22527472527472528" targetAnchorY="0.32432432432432434">
    <source href="assembly.xml#DeleteInvalidIDs"/>
    <target href="assembly.xml#CallInvalidAudit"/>
  </connections>
  <connections type="routesTo" sourceAnchorX="0.4413793103448276" sourceAnchorY="1.0" targetAnchorX="0.02959830866807611" targetAnchorY="0.26356589147286824">
    <source href="assembly.xml#Processfile"/>
    <target href="assembly.xml#processfile"/>
  </connections>
  <connections type="routesTo" sourceAnchorX="1.0" sourceAnchorY="0.21705426356589147" targetAnchorX="0.38823529411764707" targetAnchorY="0.14942528735632185">
    <source href="assembly.xml#processfile"/>
    <target href="assembly.xml#SplitWorkerbyPI"/>
  </connections>
  <connections type="routesTo" sourceAnchorX="0.296875" sourceAnchorY="1.0" targetAnchorX="0.3781094527363184" targetAnchorY="0.1836734693877551">
    <source href="assembly.xml#//@beans/@mixed.1/@mixed.159/@mixed.3"/>
    <target href="assembly.xml#TransformFileErrors"/>
  </connections>
  <connections type="routesTo" sourceAnchorX="0.46766169154228854" sourceAnchorY="1.0" targetAnchorX="0.5950920245398773" targetAnchorY="0.5675675675675675">
    <source href="assembly.xml#TransformFileErrors"/>
    <target href="assembly.xml#Call-FileError"/>
  </connections>
  <connections type="routesResponseTo" sourceAnchorX="0.7807486631016043" sourceAnchorY="1.0" targetAnchorX="0.18181818181818182" targetAnchorY="0.2972972972972973">
    <source href="assembly.xml#Call-Initialisation"/>
    <target href="assembly.xml#Call-Fileretrieval"/>
  </connections>
  <connections type="routesResponseTo" sourceAnchorX="0.5133689839572193" sourceAnchorY="1.0" targetAnchorX="0.3131868131868132" targetAnchorY="0.05405405405405406">
    <source href="assembly.xml#Call-Fileretrieval"/>
    <target href="assembly.xml#Call-Processfile"/>
  </connections>
  <connections type="routesTo" sourceAnchorX="1.0" sourceAnchorY="0.09302325581395349" targetAnchorX="0.06140350877192982" targetAnchorY="0.24324324324324326">
    <source href="assembly.xml#ValidateActiveTerm"/>
    <target href="assembly.xml#Call-LoadPayrollInput"/>
  </connections>
  <connections type="routesResponseTo" sourceAnchorX="0.8232044198895028" sourceAnchorY="1.0" targetAnchorX="0.25311203319502074" targetAnchorY="0.24324324324324326">
    <source href="assembly.xml#Call-GetWorker"/>
    <target href="assembly.xml#Call-Closeerrorlogaudit"/>
  </connections>
  <connections type="routesResponseTo" sourceAnchorX="0.6182572614107884" sourceAnchorY="1.0" targetAnchorX="0.485" targetAnchorY="0.05405405405405406">
    <source href="assembly.xml#Call-Closeerrorlogaudit"/>
    <target href="assembly.xml#Call-CloseWSAgg"/>
  </connections>
  <connections type="routesResponseTo" sourceAnchorX="0.715" sourceAnchorY="1.0" targetAnchorX="0.17295597484276728" targetAnchorY="0.08108108108108109">
    <source href="assembly.xml#Call-CloseWSAgg"/>
    <target href="assembly.xml#Call-CloseResponsesAggregator"/>
  </connections>
  <connections type="routesTo" sourceAnchorX="0.6508620689655172" sourceAnchorY="1.0" targetAnchorX="0.12935323383084577" targetAnchorY="0.1509433962264151">
    <source href="assembly.xml#Errorlog"/>
    <target href="assembly.xml#ConsolidateErrors"/>
  </connections>
  <connections type="routesTo" sourceAnchorX="0.7099236641221374" sourceAnchorY="1.0" targetAnchorX="0.12698412698412698" targetAnchorY="0.21621621621621623">
    <source href="assembly.xml#//@beans/@mixed.1/@mixed.101/@mixed.3"/>
    <target href="assembly.xml#ImportWSCallErrors"/>
  </connections>
  <swimlanes bgColor="13610935" name="Process Flow">
    <elements href="assembly.xml#Beginprocess"/>
    <elements href="assembly.xml#Call-Initialisation"/>
    <elements href="assembly.xml#Call-Fileretrieval"/>
    <elements href="assembly.xml#Call-Processfile"/>
    <elements href="assembly.xml#Call-GetWorker"/>
    <elements href="assembly.xml#Call-Closeerrorlogaudit"/>
    <elements href="assembly.xml#Call-CloseWSAgg"/>
    <elements href="assembly.xml#Call-CloseResponsesAggregator"/>
  </swimlanes>
  <swimlanes orientation="VERTICAL">
    <elements href="assembly.xml#Init.Props"/>
    <elements href="assembly.xml#WriteErrorMessage"/>
  </swimlanes>
  <swimlanes bgColor="13350072" name="Initialization">
    <elements href="assembly.xml#Initialize"/>
    <elements href="#//@swimlanes.1"/>
  </swimlanes>
  <swimlanes orientation="VERTICAL">
    <elements href="assembly.xml#EmptyfileCheck"/>
    <elements href="assembly.xml#Writefileerror"/>
  </swimlanes>
  <swimlanes orientation="VERTICAL">
    <elements href="assembly.xml#CopyfromfiletoMsg"/>
    <elements href="assembly.xml#Blankfileerror"/>
  </swimlanes>
  <swimlanes bgColor="13284795" name="File Retrieval">
    <elements href="assembly.xml#RetrieveInputfile"/>
    <elements href="#//@swimlanes.3"/>
    <elements href="assembly.xml#RoutetoEmptyfileValidation"/>
    <elements href="#//@swimlanes.4"/>
  </swimlanes>
  <swimlanes orientation="VERTICAL">
    <elements href="assembly.xml#processfile"/>
    <elements href="assembly.xml#ProcessingfileError"/>
  </swimlanes>
  <swimlanes bgColor="13088954" lineStyle="DOT" name="Process Input file">
    <elements href="assembly.xml#Processfile"/>
    <elements href="#//@swimlanes.6"/>
    <elements href="assembly.xml#SplitWorkerbyPI"/>
    <elements href="#//@swimlanes.40"/>
  </swimlanes>
  <swimlanes orientation="VERTICAL">
    <elements href="assembly.xml#GetworkersRequest"/>
    <elements href="assembly.xml#GetWorkersReqErrorhandling"/>
  </swimlanes>
  <swimlanes orientation="VERTICAL">
    <elements href="assembly.xml#InvalidEmployeeHandler"/>
    <elements href="assembly.xml#CallCleanInvalidEEIds"/>
  </swimlanes>
  <swimlanes orientation="VERTICAL">
    <elements href="assembly.xml#emptyCatch"/>
    <elements href="assembly.xml#UnexpectedError"/>
  </swimlanes>
  <swimlanes orientation="VERTICAL">
    <elements href="assembly.xml#GetWorkersTransform"/>
    <elements href="assembly.xml#WriteGetworkerstranformerr"/>
  </swimlanes>
  <swimlanes bgColor="13219516" lineStyle="DASHDOT" name="Get Workers Call">
    <elements href="assembly.xml#GetWorkers"/>
    <elements href="#//@swimlanes.8"/>
    <elements href="#//@swimlanes.9"/>
    <elements href="assembly.xml#PagedGet"/>
    <elements href="#//@swimlanes.10"/>
    <elements href="assembly.xml#SplitGWResponse"/>
    <elements href="#//@swimlanes.11"/>
    <elements href="#//@swimlanes.38"/>
    <elements href="assembly.xml#SplitterMultipleWorkers"/>
    <elements href="#//@swimlanes.37"/>
    <elements href="assembly.xml#Call-LoadPayrollInput"/>
  </swimlanes>
  <swimlanes orientation="VERTICAL">
    <elements href="assembly.xml#CreateCleanGetWorkersCall"/>
    <elements href="assembly.xml#UnexpectedErrors"/>
  </swimlanes>
  <swimlanes bgColor="13154234" name="Delete Invalid Employees ">
    <elements href="assembly.xml#CleanInvalidEEids"/>
    <elements href="#//@swimlanes.13"/>
    <elements href="assembly.xml#SplitInvalidIDS"/>
    <elements href="assembly.xml#DeleteInvalidIDs"/>
    <elements href="assembly.xml#CallInvalidAudit"/>
  </swimlanes>
  <swimlanes orientation="VERTICAL">
    <elements href="assembly.xml#CreateImportPIRequest"/>
    <elements href="assembly.xml#WSReqErrors"/>
  </swimlanes>
  <swimlanes orientation="VERTICAL">
    <elements href="assembly.xml#CloseAllWSAgg"/>
    <elements href="assembly.xml#CollectallPIs"/>
  </swimlanes>
  <swimlanes bgColor="13088952" name="Load Payroll Input">
    <elements href="assembly.xml#Payroll-Input"/>
    <elements href="#//@swimlanes.15"/>
    <elements href="#//@swimlanes.16"/>
    <elements href="assembly.xml#CreateImportBatch"/>
    <elements href="#//@swimlanes.39"/>
    <elements href="assembly.xml#ImportWSSplitter"/>
    <elements href="assembly.xml#Call-ImportPayrollInput-WS"/>
  </swimlanes>
  <swimlanes orientation="VERTICAL">
    <elements href="assembly.xml#RequestResponseWID"/>
    <elements href="assembly.xml#ImportWSCallErrors"/>
    <elements href="assembly.xml#StoreImportProcessErrors"/>
  </swimlanes>
  <swimlanes orientation="VERTICAL">
    <elements href="assembly.xml#CloseImp.Resp.agg"/>
    <elements href="assembly.xml#Merge.ImportPI.Resp"/>
  </swimlanes>
  <swimlanes orientation="VERTICAL">
    <elements href="assembly.xml#StoreImportProcDetails"/>
  </swimlanes>
  <swimlanes bgColor="13284792" name="Import Payroll Input">
    <elements href="assembly.xml#ImportPayroll-Input"/>
    <elements href="assembly.xml#WrapWS"/>
    <elements href="#//@swimlanes.41"/>
    <elements href="assembly.xml#ImportWS"/>
    <elements href="#//@swimlanes.18"/>
    <elements href="#//@swimlanes.19"/>
    <elements href="#//@swimlanes.20"/>
    <elements href="assembly.xml#ImportDetailsPosted"/>
  </swimlanes>
  <swimlanes orientation="VERTICAL">
    <elements href="assembly.xml#Closeerrorauditlog"/>
    <elements href="assembly.xml#ConsolidateErrors"/>
  </swimlanes>
  <swimlanes bgColor="13219511" name="Write Audit File">
    <elements href="assembly.xml#Errorlog"/>
    <elements href="#//@swimlanes.22"/>
    <elements href="assembly.xml#CompressandStore"/>
    <elements href="assembly.xml#Inputfileerrorsposted"/>
  </swimlanes>
  <swimlanes bgColor="13480371" name="INT0024 - eTravel Earnings Payroll Inbound Audit">
    <elements href="assembly.xml#ImportReporting"/>
    <elements href="assembly.xml#Call-Document-Retrieval"/>
    <elements href="assembly.xml#close.imp.responses.agg"/>
    <elements href="assembly.xml#Call-FinalAudit"/>
    <elements href="assembly.xml#Call-Close.agg.Final.Audit"/>
  </swimlanes>
  <swimlanes name="Swimlane" orientation="VERTICAL">
    <elements href="assembly.xml#Event.WID"/>
    <elements href="assembly.xml#CallAuditErrorGetDocs"/>
  </swimlanes>
  <swimlanes name="Swimlane" orientation="VERTICAL">
    <elements href="assembly.xml#CopyImportDetailsMsg"/>
    <elements href="assembly.xml#CallAuditErrorCopyImportDetailsMsg"/>
    <elements href="assembly.xml#CopyErrlogToVar"/>
  </swimlanes>
  <swimlanes bgColor="13415603">
    <elements href="assembly.xml#RetrieveDocument"/>
    <elements href="#//@swimlanes.25"/>
    <elements href="assembly.xml#GetEventDocuments0"/>
    <elements href="assembly.xml#GetImportWIDsDoc"/>
    <elements href="assembly.xml#File.Route"/>
    <elements href="#//@swimlanes.26"/>
    <elements href="assembly.xml#SplitByBatch"/>
    <elements href="assembly.xml#PrepareImportMsgWS"/>
    <elements href="assembly.xml#GetImportProcMsgs"/>
  </swimlanes>
  <swimlanes orientation="VERTICAL">
    <elements href="assembly.xml#NoErrorsInBatchMsg"/>
    <elements href="assembly.xml#UnexpectedSplitterError"/>
  </swimlanes>
  <swimlanes name="Swimlane" orientation="VERTICAL">
    <elements href="assembly.xml#CloseErrorResponsesAgg"/>
    <elements href="assembly.xml#Merge.PI.Errors.Other.errors"/>
  </swimlanes>
  <swimlanes bgColor="13219766">
    <elements href="assembly.xml#ProcessImportMsgs"/>
    <elements href="#//@swimlanes.28"/>
    <elements href="assembly.xml#UnWrapSOAP"/>
    <elements href="assembly.xml#SaveErrorsToMap"/>
    <elements href="#//@swimlanes.29"/>
    <elements href="assembly.xml#CompressandStoreAudit"/>
  </swimlanes>
  <swimlanes orientation="VERTICAL">
    <elements href="assembly.xml#PIInput"/>
    <elements href="assembly.xml#Errors"/>
  </swimlanes>
  <swimlanes orientation="VERTICAL">
    <elements href="assembly.xml#Close.agg.Final.Audit"/>
    <elements href="assembly.xml#MergePIandErrors"/>
  </swimlanes>
  <swimlanes orientation="VERTICAL">
    <elements href="assembly.xml#FinalAudit"/>
    <elements href="assembly.xml#WriteAuditError"/>
  </swimlanes>
  <swimlanes bgColor="13284791" name="WriteFinalAudit">
    <elements href="assembly.xml#Begin"/>
    <elements href="assembly.xml#MergePIandErr"/>
    <elements href="#//@swimlanes.31"/>
    <elements href="#//@swimlanes.32"/>
    <elements href="#//@swimlanes.33"/>
    <elements href="assembly.xml#PutFinalAudit"/>
  </swimlanes>
  <swimlanes bgColor="13415349" name="Critical Error Handler" topBorderColor="255">
    <elements href="assembly.xml#//@beans/@mixed.1/@mixed.7"/>
    <elements href="assembly.xml#Note-Error"/>
    <elements href="assembly.xml#AuditError"/>
    <elements href="assembly.xml#RetrieveAttrError"/>
  </swimlanes>
  <swimlanes x="-35" y="155" bgColor="14146269" name="INT0024 - eTravel Earnings Payroll Inbound" orientation="VERTICAL" elements="//@swimlanes.0 //@swimlanes.2 //@swimlanes.5 //@swimlanes.7 //@swimlanes.12 //@swimlanes.14 //@swimlanes.17 //@swimlanes.21 //@swimlanes.23 //@swimlanes.24 //@swimlanes.27 //@swimlanes.30 //@swimlanes.34 //@swimlanes.35"/>
  <swimlanes x="2314" y="1595" name="" orientation="VERTICAL">
    <elements href="assembly.xml#ValidateActiveTerm"/>
    <elements href="assembly.xml#WriteTermsAudit"/>
    <elements href="assembly.xml#CallTermsAudit"/>
  </swimlanes>
  <swimlanes x="2154" y="1569" name="EmptyCatch" orientation="VERTICAL">
    <elements href="assembly.xml#CatchError"/>
    <elements href="assembly.xml#PutIntegrationMessage"/>
  </swimlanes>
  <swimlanes x="1374" y="2319" name="CatchError" orientation="VERTICAL">
    <elements href="assembly.xml#EmptyCatch"/>
    <elements href="assembly.xml#PutIntegrationMessage0"/>
  </swimlanes>
  <swimlanes x="1344" y="1253" orientation="VERTICAL">
    <elements href="assembly.xml#InitializeEmplidHashSetMap"/>
    <elements href="assembly.xml#TransformFileErrors"/>
    <elements href="assembly.xml#Call-FileError"/>
  </swimlanes>
  <swimlanes x="376" y="2790" name="Swimlane">
    <elements href="assembly.xml#ValidationMode"/>
  </swimlanes>
</wdnm:Diagram>
