<?xml version="1.0" encoding="UTF-8"?>
<beans
     xmlns="http://www.springframework.org/schema/beans"
     xmlns:beans="http://www.springframework.org/schema/beans"
     xmlns:atom="http://www.w3.org/2005/Atom"
     xmlns:cc="http://www.capeclear.com/assembly/10"
     xmlns:cloud="urn:com.workday/esb/cloud/10.0"
     xmlns:env="http://schemas.xmlsoap.org/soap/envelope/"
     xmlns:pi="urn:com.workday/picof"
     xmlns:wd="urn:com.workday/bsvc"
     xmlns:xsi="http://www.w3.org/2001/XMLSchema-instance">
 
	<cc:assembly id="WorkdayAssembly" version="2018.4">
        <cc:workday-in id="In" routes-to="Init">
            <cc:integration-system name="demoMultiCloudLog"/>
        </cc:workday-in>
        <cc:sync-mediation id="Init" routes-to="AsyncMediation0" routes-response-to="flushLogAtExit">
            <cc:request-steps>
                <cc:eval id="Eval">
                    <cc:expression>props['maxMessageCount'] = 5</cc:expression>
                </cc:eval>
            </cc:request-steps>
            <cc:response-steps/>
        </cc:sync-mediation>
        <cc:local-in id="LogInfo" routes-to="InfoCloudLog"><cc:parameter name="logMessage" required="true" type="string"/><cc:parameter name="logDetail" required="false" type="string"/><cc:parameter default="10000" name="logMaxMessages" required="false"/></cc:local-in>
        <cc:async-mediation id="InfoCloudLog" routes-to="IncrLogCount">
            <cc:steps>
                <cc:cloud-log id="CloudLog" condition="true" message="@{props['logMessage']}" message-details="@{props['logDetail']}" variable-name="logCloudLog"/>
            </cc:steps>
        </cc:async-mediation>
        <cc:async-mediation id="StoreMessage" execute-steps-when="props['logMessageCount'] > 0">
            <cc:steps>
                <cc:eval id="incrFileCount">
                    <cc:expression>props['logFileCount'] = ( props['logFileCount'] == null ) ? 1 : 1 + props['logFileCount'] </cc:expression>
                </cc:eval>
                <cc:store id="Store" input="variable" input-variable="logCloudLog" createDocumentReference="true" expiresIn="P7D" summary="Test file #@{props['logFileCount'] }" title="LogFile@{props['logFileCount']}.html"/>
                <cc:eval id="removeVar">
                    <cc:expression>props['logMessageCount'] = 0</cc:expression>
                    <cc:expression>vars['logCloudLog'] = null;</cc:expression>
                </cc:eval>
            </cc:steps>
            <cc:send-error id="eh" routes-to="getStoreStack"/>
        </cc:async-mediation>
        <cc:local-in id="SaveLog" routes-to="StoreMessage"/>
        <cc:local-out id="doSaveLog" store-message="none" execute-when="props['logMessageCount'] % props['logMaxMessages'] == 0" endpoint="vm://demoMultiCloudLog/SaveLog"/>
        <cc:local-out id="flushLogAtExit" store-message="none" endpoint="vm://demoMultiCloudLog/SaveLog"/>
        <cc:async-mediation id="AsyncMediation0" routes-to="ForceError" handle-downstream-errors="true">
            <cc:steps>
            </cc:steps>
            <cc:send-error id="SendError" routes-to="doLogError"/>
        </cc:async-mediation>
        <cc:async-mediation id="IncrLogCount" routes-to="doSaveLog">
            <cc:steps>
                <cc:eval id="incrMessageCount">
                    <cc:expression>props['logMessageCount'] = ( props['logMessageCount'] == null ) ? 1 : 1 + props['logMessageCount']</cc:expression>
                </cc:eval></cc:steps>
        </cc:async-mediation>
        <cc:local-in id="LogError" routes-to="doGetStackTrace"><cc:parameter name="logMessage" required="true" type="string"/><cc:parameter default="10000" name="logMaxMessages" required="false"/></cc:local-in>
        <cc:async-mediation id="InfoCloudLog0" routes-to="IncrLogCount">
            <cc:steps>
                <cc:cloud-log id="CloudLog" condition="true" level="error" message="@{props['logMessage']}" message-details="@{props['StackTrace']}" variable-name="logCloudLog"/>
            </cc:steps>
        </cc:async-mediation>
        <cc:local-out id="doLogError" store-message="none" endpoint="vm://demoMultiCloudLog/LogError"><cc:set name="logMessage" value="'An unexpected error occurred: ' + context.errorMessage"/><cc:set name="logDetail" value="if ( context.exception != null ) {&#xA;  sw = new java.io.StringWriter();&#xA;  pw = new java.io.PrintWriter(sw);&#xA;  context.exception.printStackTrace(pw);&#xA;  pw.flush();&#xA;  return sw.toString();&#xA;}&#xA;else {&#xA;  return ''&#xA;}&#xA;"/><cc:set name="logMaxMessages" value="props['maxMessageCount']"/></cc:local-out>
        <cc:route id="Route">
            <cc:loop-strategy condition="props['count'] &lt; 23" increment="props['count'] = props['count'] + 1" init="props['count'] = 0"/>
            <cc:sub-route name="SubRoute" routes-to="writeMessage"/>
        </cc:route>
        <cc:local-out id="writeMessage" store-message="none" endpoint="vm://demoMultiCloudLog/LogInfo"><cc:set name="logMaxMessages" value="props['maxMessageCount']"/><cc:set name="logMessage" value="'This is message #' + props['count']"/></cc:local-out>
        <cc:local-out id="PutIntegrationMessage" endpoint="vm://wcc/PutIntegrationMessage"><cc:set name="is.message.severity" value="'ERROR'"/><cc:set name="is.message.summary" value="'An error occurred storing the cloud-log document: ' + context.errorMessage"/><cc:set name="is.message.storage.enabled" value="false"/><cc:set name="is.message.detail" value="util.cleanString( props['StrackTrace'] )"/></cc:local-out>
        <cc:local-in id="getStackTrace" routes-to="ComputStackTrace"><cc:out-parameter documentation="The Java exception stack trace - if available" name="StackTrace"/></cc:local-in>
        <cc:async-mediation id="ComputStackTrace">
            <cc:steps>
                <cc:eval id="Eval">
                    <cc:expression>if ( context.exception != null ) {
  sw = new java.io.StringWriter();
  pw = new java.io.PrintWriter(sw);
  context.exception.printStackTrace(pw);
  pw.flush();
  props['StackTrace'] = sw.toString();
}
else {
  props['StackTrace'] = ''
}</cc:expression>
                </cc:eval>
            </cc:steps>
        </cc:async-mediation>
        <cc:local-out id="doGetStackTrace" store-message="none" routes-response-to="InfoCloudLog0" endpoint="vm://demoMultiCloudLog/getStackTrace"/>
        <cc:local-out id="getStoreStack" store-message="none" routes-response-to="PutIntegrationMessage" endpoint="vm://demoMultiCloudLog/getStackTrace"/>
        <cc:sync-mediation id="ForceError" routes-to="Route">
            <cc:request-steps/>
            <cc:response-steps>
                <cc:eval id="Eval">
                    <cc:expression>context.setException( new java.lang.RuntimeException(&quot;This is a forced exception after the completion of the loop processing&quot;) )</cc:expression>
                </cc:eval>
            </cc:response-steps>
        </cc:sync-mediation>
	</cc:assembly>

</beans>