<?xml version="1.0" encoding="UTF-8"?>
<wdnm:Diagram xmlns:wdnm="http://workday.com/studio/editors/notation">
  <element href="assembly.xml#WorkdayAssembly"/>
  <visualProperties x="85" y="135">
    <element href="assembly.xml#In"/>
  </visualProperties>
  <visualProperties x="345" y="135">
    <element href="assembly.xml#Init"/>
  </visualProperties>
  <visualProperties x="48" y="479">
    <element href="assembly.xml#LogInfo"/>
  </visualProperties>
  <visualProperties x="348" y="472">
    <element href="assembly.xml#InfoCloudLog"/>
  </visualProperties>
  <visualProperties x="209" y="607">
    <element href="assembly.xml#StoreMessage"/>
  </visualProperties>
  <visualProperties x="45" y="607">
    <element href="assembly.xml#SaveLog"/>
  </visualProperties>
  <visualProperties x="667" y="424">
    <element href="assembly.xml#doSaveLog"/>
  </visualProperties>
  <visualProperties x="177" y="238">
    <element href="assembly.xml#flushLogAtExit"/>
  </visualProperties>
  <visualProperties x="521" y="134">
    <element href="assembly.xml#AsyncMediation0"/>
  </visualProperties>
  <visualProperties x="540" y="424">
    <element href="assembly.xml#IncrLogCount"/>
  </visualProperties>
  <visualProperties x="37" y="362">
    <element href="assembly.xml#LogError"/>
  </visualProperties>
  <visualProperties x="348" y="350">
    <element href="assembly.xml#InfoCloudLog0"/>
  </visualProperties>
  <visualProperties x="513" y="289">
    <element href="assembly.xml#doLogError"/>
  </visualProperties>
  <visualProperties x="660" y="134">
    <element href="assembly.xml#Route"/>
  </visualProperties>
  <visualProperties x="823" y="238">
    <element href="assembly.xml#writeMessage"/>
  </visualProperties>
  <visualProperties x="650" y="945">
    <element href="assembly.xml#PutIntegrationMessage"/>
  </visualProperties>
  <visualProperties x="60" y="957">
    <element href="assembly.xml#getStackTrace"/>
  </visualProperties>
  <visualProperties x="230" y="961">
    <element href="assembly.xml#ComputStackTrace"/>
  </visualProperties>
  <visualProperties x="177" y="362">
    <element href="assembly.xml#doGetStackTrace"/>
  </visualProperties>
  <visualProperties x="251" y="755">
    <element href="assembly.xml#getStoreStack"/>
  </visualProperties>
  <visualProperties x="475" y="279">
    <element href="assembly.xml#ForceError"/>
  </visualProperties>
  <connections type="routesTo" sourceAnchorX="0.9230769230769231" sourceAnchorY="0.5405405405405406" targetAnchorX="0.35294117647058826" targetAnchorY="0.12837837837837837">
    <source href="assembly.xml#In"/>
    <target href="assembly.xml#Init"/>
  </connections>
  <connections type="routesTo" sourceAnchorX="0.9041095890410958" sourceAnchorY="0.5675675675675675" targetAnchorX="0.24528301886792453" targetAnchorY="0.25">
    <source href="assembly.xml#LogInfo"/>
    <target href="assembly.xml#InfoCloudLog"/>
  </connections>
  <connections type="routesTo" sourceAnchorX="0.9354838709677419" sourceAnchorY="0.5405405405405406" targetAnchorX="0.045454545454545456" targetAnchorY="0.17073170731707318">
    <source href="assembly.xml#SaveLog"/>
    <target href="assembly.xml#StoreMessage"/>
  </connections>
  <connections type="routesTo" sourceAnchorX="0.9178082191780822" sourceAnchorY="0.13513513513513514" targetAnchorX="0.018018018018018018" targetAnchorY="0.2682926829268293">
    <source href="assembly.xml#Init"/>
    <target href="assembly.xml#AsyncMediation0"/>
  </connections>
  <connections type="routesTo" sourceAnchorX="0.8172043010752689" sourceAnchorY="0.40540540540540543" targetAnchorX="0.31496062992125984" targetAnchorY="0.5405405405405406">
    <source href="assembly.xml#LogError"/>
    <target href="assembly.xml#doGetStackTrace"/>
  </connections>
  <connections type="routesTo" sourceAnchorX="1.0" sourceAnchorY="0.3695652173913043" targetAnchorX="0.46846846846846846" targetAnchorY="0.44565217391304346">
    <source href="assembly.xml#InfoCloudLog0"/>
    <target href="assembly.xml#IncrLogCount"/>
  </connections>
  <connections type="routesTo" sourceAnchorX="1.0" sourceAnchorY="0.32608695652173914" targetAnchorX="0.1981981981981982" targetAnchorY="0.2608695652173913">
    <source href="assembly.xml#InfoCloudLog"/>
    <target href="assembly.xml#IncrLogCount"/>
  </connections>
  <connections type="routesTo" sourceAnchorX="1.0" sourceAnchorY="0.29347826086956524" targetAnchorX="0.34951456310679613" targetAnchorY="0.3783783783783784">
    <source href="assembly.xml#IncrLogCount"/>
    <target href="assembly.xml#doSaveLog"/>
  </connections>
  <connections type="routesResponseTo" sourceAnchorX="0.058823529411764705" sourceAnchorY="0.8243243243243243" targetAnchorX="0.4166666666666667" targetAnchorY="0.5675675675675675">
    <source href="assembly.xml#Init"/>
    <target href="assembly.xml#flushLogAtExit"/>
  </connections>
  <connections type="routesTo" sourceAnchorX="0.47115384615384615" sourceAnchorY="0.7333333333333333" targetAnchorX="0.5145631067961165" targetAnchorY="0.5675675675675675">
    <source href="assembly.xml#//@beans/@mixed.1/@mixed.17/@mixed.3"/>
    <target href="assembly.xml#doLogError"/>
  </connections>
  <connections type="routesTo" sourceAnchorX="0.990990990990991" sourceAnchorY="0.3089430894308943" targetAnchorX="0.16279069767441862" targetAnchorY="0.18243243243243243">
    <source href="assembly.xml#AsyncMediation0"/>
    <target href="assembly.xml#ForceError"/>
  </connections>
  <connections type="routesTo" sourceAnchorX="1.0" sourceAnchorY="0.6764705882352942" targetAnchorX="0.017699115044247787" targetAnchorY="0.3783783783783784">
    <source href="assembly.xml#//@beans/@mixed.1/@route.0/@subRoute.0"/>
    <target href="assembly.xml#writeMessage"/>
    <bendpoints sourceX="22" targetX="-19" targetY="59"/>
    <bendpoints sourceX="22" sourceY="-56" targetX="-19" targetY="3"/>
  </connections>
  <connections type="routesTo" sourceAnchorX="1.0" sourceAnchorY="0.6756756756756757" targetAnchorX="0.41509433962264153" targetAnchorY="0.2391304347826087">
    <source href="assembly.xml#getStackTrace"/>
    <target href="assembly.xml#ComputStackTrace"/>
  </connections>
  <connections type="routesResponseTo" sourceAnchorX="0.937007874015748" sourceAnchorY="0.40540540540540543" targetAnchorX="0.0297029702970297" targetAnchorY="0.30434782608695654">
    <source href="assembly.xml#doGetStackTrace"/>
    <target href="assembly.xml#InfoCloudLog0"/>
  </connections>
  <connections type="routesResponseTo" sourceAnchorX="0.43859649122807015" sourceAnchorY="0.918918918918919" targetAnchorX="0.4533333333333333" targetAnchorY="0.08108108108108109">
    <source href="assembly.xml#getStoreStack"/>
    <target href="assembly.xml#PutIntegrationMessage"/>
  </connections>
  <connections type="routesTo">
    <source href="assembly.xml#//@beans/@mixed.1/@mixed.9/@mixed.3"/>
    <target href="assembly.xml#getStoreStack"/>
  </connections>
  <connections type="routesTo" sourceAnchorX="1.0" sourceAnchorY="0.24324324324324326" targetAnchorX="0.10752688172043011" targetAnchorY="0.22666666666666666">
    <source href="assembly.xml#ForceError"/>
    <target href="assembly.xml#Route"/>
  </connections>
  <swimlanes x="74" y="904" name="Attach Log to Integration Event" alignment="MIDDLE">
    <elements href="assembly.xml#SaveLog"/>
    <elements href="#//@swimlanes.1"/>
  </swimlanes>
  <swimlanes x="611" y="765" fgColor="16777215" name="StoreAndHandleErrors" orientation="VERTICAL" alignment="MIDDLE">
    <elements href="assembly.xml#StoreMessage"/>
    <elements href="assembly.xml#getStoreStack"/>
    <elements href="assembly.xml#PutIntegrationMessage"/>
  </swimlanes>
  <swimlanes x="88" y="1291" name="Get Stack Trace">
    <elements href="assembly.xml#getStackTrace"/>
    <elements href="assembly.xml#ComputStackTrace"/>
  </swimlanes>
  <swimlanes x="41" y="393" fgColor="12566463" name="Add Log Messages" alignment="MIDDLE">
    <elements href="#//@swimlanes.4"/>
    <elements href="assembly.xml#IncrLogCount"/>
    <elements href="assembly.xml#doSaveLog"/>
  </swimlanes>
  <swimlanes x="685" y="606" fgColor="16777215" orientation="VERTICAL" elements="//@swimlanes.6 //@swimlanes.5" alignment="END" topBorderColor="16777215"/>
  <swimlanes x="703" y="641" fgColor="16777215" name="Log Information">
    <elements href="assembly.xml#LogInfo"/>
    <elements href="assembly.xml#InfoCloudLog"/>
  </swimlanes>
  <swimlanes x="713" y="632" fgColor="16777215" name="Log Error and Stack Trace">
    <elements href="assembly.xml#LogError"/>
    <elements href="assembly.xml#doGetStackTrace"/>
    <elements href="assembly.xml#InfoCloudLog0"/>
  </swimlanes>
  <swimlanes x="29" y="50" name="Top level demo control" alignment="MIDDLE">
    <elements href="#//@swimlanes.8"/>
    <elements href="assembly.xml#Init"/>
    <elements href="#//@swimlanes.9"/>
    <elements href="assembly.xml#ForceError"/>
    <elements href="assembly.xml#Route"/>
    <elements href="assembly.xml#writeMessage"/>
  </swimlanes>
  <swimlanes x="130" y="92" fgColor="16777215" name="Entry and exit" orientation="VERTICAL" topBorderColor="16777215">
    <elements href="assembly.xml#In"/>
    <elements href="assembly.xml#flushLogAtExit"/>
  </swimlanes>
  <swimlanes x="411" y="132" fgColor="16777215" orientation="VERTICAL" topBorderColor="16777215">
    <elements href="assembly.xml#AsyncMediation0"/>
    <elements href="assembly.xml#doLogError"/>
  </swimlanes>
</wdnm:Diagram>
