<?xml version="1.0" encoding="UTF-8" standalone="no"?>
<wm:manifest xmlns:wm="http://www.workday.com/solution/catalog/manifest/10" xmlns:xsi="http://www.w3.org/2001/XMLSchema-instance" xsi:schemaLocation="http://www.workday.com/solution/catalog/manifest/10 http://www.workday.com/solution/catalog/manifest/10">
   <wm:clar version="3.0"/>
   <wm:descriptive>
      <wm:title>After Fix First CALR</wm:title>
      <wm:description>Sample Description</wm:description>
      <wm:author>A1000279</wm:author>
      <wm:timestamp>2018-07-10T14:14:17.248+05:30</wm:timestamp>
   </wm:descriptive>
</wm:manifest>
