<?xml version='1.0' encoding='UTF-8'?>
<env:Envelope xmlns:env="http://schemas.xmlsoap.org/soap/envelope/">
    <env:Body>
        <wd:Get_Payroll_USA_State_and_Local_Tax_Elections_Response
            xmlns:wd="urn:com.workday/bsvc"
            wd:version="v29.0">
            <wd:Request_Criteria>
                <wd:Worker_Reference>
                    <wd:ID wd:type="WID">6176c8a1d53a10a464cb2156c181d730</wd:ID>
                    <wd:ID wd:type="Employee_ID">10243025</wd:ID>
                </wd:Worker_Reference>
                <wd:Effective_Date>2017-09-27-07:00</wd:Effective_Date>
            </wd:Request_Criteria>
            <wd:Response_Filter>
                <wd:Page>1</wd:Page>
                <wd:Count>100</wd:Count>
            </wd:Response_Filter>
            <wd:Response_Group>
                <wd:Include_Reference>1</wd:Include_Reference>
            </wd:Response_Group>
            <wd:Response_Results>
                <wd:Total_Results>1</wd:Total_Results>
                <wd:Total_Pages>1</wd:Total_Pages>
                <wd:Page_Results>1</wd:Page_Results>
                <wd:Page>1</wd:Page>
            </wd:Response_Results>
            <wd:Response_Data>
                <wd:Payroll_State_and_Local_Tax_Election>
                    <wd:Worker_Reference>
                        <wd:ID wd:type="WID">6176c8a1d53a10a464cb2156c181d730</wd:ID>
                        <wd:ID wd:type="Employee_ID">10243025</wd:ID>
                    </wd:Worker_Reference>
                    <wd:Company_Reference>
                        <wd:ID wd:type="WID">1d84606e48ec10a0488ab26d23246f62</wd:ID>
                        <wd:ID wd:type="Organization_Reference_ID">CO_The Goodyear Tire &amp; Rubber Company</wd:ID>
                        <wd:ID wd:type="Company_Reference_ID">CO_The Goodyear Tire &amp; Rubber Company</wd:ID>
                    </wd:Company_Reference>
                    <wd:Effective_Date>2017-09-27-07:00</wd:Effective_Date>
                    <wd:Payroll_State_Authority_Data>
                        <wd:Payroll_State_Authority_Reference>
                            <wd:ID wd:type="WID">e61d3adabe4c47b9b1a2217a9701f5c5</wd:ID>
                            <wd:ID wd:type="Payroll_State_Authority_Tax_Code">21</wd:ID>
                        </wd:Payroll_State_Authority_Reference>
                        <wd:State_Income_Tax_Data>
                            <wd:Effective_Date>2016-01-01-08:00</wd:Effective_Date>
                        </wd:State_Income_Tax_Data>
                        <wd:Payroll_State_County_Tax_Data>
                            <wd:Effective_Date>2017-09-25-07:00</wd:Effective_Date>
                            <wd:Tax_Address_Type_Reference>
                                <wd:ID wd:type="WID">a461c75037284c25b74be51d6730843d</wd:ID>
                                <wd:ID wd:type="Tax_Address_Type_ID">WORK</wd:ID>
                            </wd:Tax_Address_Type_Reference>
                            <wd:Payroll_Local_County_Authority_Reference>
                                <wd:ID wd:type="WID">af2ae28440304569b5cc0b8026f9a386</wd:ID>
                                <wd:ID wd:type="Payroll_Local_County_Authority_Tax_Code">21111</wd:ID>
                            </wd:Payroll_Local_County_Authority_Reference>
                            <wd:County_Additional_Amount>0</wd:County_Additional_Amount>
                            <wd:Inactivate_State_Tax>0</wd:Inactivate_State_Tax>
                        </wd:Payroll_State_County_Tax_Data>
                        <wd:Payroll_State_City_Tax_Data>
                            <wd:Effective_Date>2016-01-01-08:00</wd:Effective_Date>
                            <wd:Tax_Address_Type_Reference>
                                <wd:ID wd:type="WID">a461c75037284c25b74be51d6730843d</wd:ID>
                                <wd:ID wd:type="Tax_Address_Type_ID">WORK</wd:ID>
                            </wd:Tax_Address_Type_Reference>
                            <wd:Payroll_Local_City_Authority_Reference>
                                <wd:ID wd:type="WID">8778cbecb23c10002180169938fa0000</wd:ID>
                                <wd:ID wd:type="Payroll_Local_City_Authority_Tax_Code">21WD106W</wd:ID>
                            </wd:Payroll_Local_City_Authority_Reference>
                            <wd:Exemptions>0</wd:Exemptions>
                            <wd:Previous_Employer_Deducted_Amount>0</wd:Previous_Employer_Deducted_Amount>
                            <wd:Additional_Amount>0</wd:Additional_Amount>
                            <wd:Nonresident_Alien>0</wd:Nonresident_Alien>
                            <wd:Low_Income_Threshold>0</wd:Low_Income_Threshold>
                            <wd:Exempt>0</wd:Exempt>
                            <wd:Inactivate_State_Tax>0</wd:Inactivate_State_Tax>
                        </wd:Payroll_State_City_Tax_Data>
                        <wd:Payroll_State_City_Tax_Data>
                            <wd:Effective_Date>2017-09-25-07:00</wd:Effective_Date>
                            <wd:Tax_Address_Type_Reference>
                                <wd:ID wd:type="WID">a461c75037284c25b74be51d6730843d</wd:ID>
                                <wd:ID wd:type="Tax_Address_Type_ID">WORK</wd:ID>
                            </wd:Tax_Address_Type_Reference>
                            <wd:Payroll_Local_City_Authority_Reference>
                                <wd:ID wd:type="WID">8778cbecb23c1000218d30425f480003</wd:ID>
                                <wd:ID wd:type="Payroll_Local_City_Authority_Tax_Code">21WD107</wd:ID>
                            </wd:Payroll_Local_City_Authority_Reference>
                            <wd:Exemptions>0</wd:Exemptions>
                            <wd:Previous_Employer_Deducted_Amount>0</wd:Previous_Employer_Deducted_Amount>
                            <wd:Additional_Amount>0</wd:Additional_Amount>
                            <wd:Nonresident_Alien>0</wd:Nonresident_Alien>
                            <wd:Low_Income_Threshold>0</wd:Low_Income_Threshold>
                            <wd:Exempt>0</wd:Exempt>
                            <wd:Inactivate_State_Tax>1</wd:Inactivate_State_Tax>
                        </wd:Payroll_State_City_Tax_Data>
                        <wd:Payroll_State_School_District_Tax_Data>
                            <wd:Effective_Date>2017-09-25-07:00</wd:Effective_Date>
                            <wd:Payroll_Local_School_District_Authority_Reference>
                                <wd:ID wd:type="WID">9a76ae3212814544806960e7d8ce2675</wd:ID>
                                <wd:ID wd:type="Payroll_Local_School_District_Authority_Tax_Code">2102990</wd:ID>
                            </wd:Payroll_Local_School_District_Authority_Reference>
                            <wd:Exempt>0</wd:Exempt>
                            <wd:Previous_Employer_Deducted_Amount>0</wd:Previous_Employer_Deducted_Amount>
                            <wd:Inactivate_State_Tax>1</wd:Inactivate_State_Tax>
                        </wd:Payroll_State_School_District_Tax_Data>
                    </wd:Payroll_State_Authority_Data>
                </wd:Payroll_State_and_Local_Tax_Election>
            </wd:Response_Data>
        </wd:Get_Payroll_USA_State_and_Local_Tax_Elections_Response>
    </env:Body>
</env:Envelope>