<?xml version="1.0" encoding="UTF-8" standalone="no"?>
<wm:manifest xmlns:wm="http://www.workday.com/solution/catalog/manifest/10" xmlns:xsi="http://www.w3.org/2001/XMLSchema-instance" xsi:schemaLocation="http://www.workday.com/solution/catalog/manifest/10 http://www.workday.com/solution/catalog/manifest/10">
   <wm:clar version="3.0"/>
   <wm:descriptive>
      <wm:title>Modified INT0671 for Home Contact Change BP usage - INN1089 . CR#_2020_00091</wm:title>
      <wm:description>Sample Description</wm:description>
      <wm:author>AH35185</wm:author>
      <wm:timestamp>2020-09-09T15:52:08.274-05:00</wm:timestamp>
   </wm:descriptive>
</wm:manifest>
