<?xml version="1.0" encoding="UTF-8"?>
<wdnm:Diagram xmlns:wdnm="http://workday.com/studio/editors/notation">
  <element href="assembly.xml#WorkdayAssembly"/>
  <visualProperties x="355" y="246">
    <element href="assembly.xml#StartHere"/>
  </visualProperties>
  <visualProperties x="430" y="169">
    <element href="assembly.xml#AsyncMediation"/>
  </visualProperties>
  <visualProperties x="441" y="194">
    <element href="assembly.xml#GetEventDocuments"/>
  </visualProperties>
  <visualProperties x="1140" y="212">
    <element href="assembly.xml#WorkdayOutSoap"/>
  </visualProperties>
  <visualProperties x="1641" y="221">
    <element href="assembly.xml#AsyncMediation1"/>
  </visualProperties>
  <visualProperties x="889" y="329">
    <element href="assembly.xml#Call11"/>
  </visualProperties>
  <visualProperties x="2062" y="268">
    <element href="assembly.xml#AsyncMediation3"/>
  </visualProperties>
  <visualProperties x="2132" y="206">
    <element href="assembly.xml#AsyncMediation5"/>
  </visualProperties>
  <visualProperties x="1951" y="289">
    <element href="assembly.xml#WorkdayOutSoap0"/>
  </visualProperties>
  <visualProperties x="2061" y="387">
    <element href="assembly.xml#CallEmpIDCheck"/>
  </visualProperties>
  <visualProperties x="1716" y="586">
    <element href="assembly.xml#EmpIDCheck"/>
  </visualProperties>
  <visualProperties x="2027" y="596">
    <element href="assembly.xml#AsyncMediation7"/>
  </visualProperties>
  <visualProperties x="2149" y="237">
    <element href="assembly.xml#AsyncMediation8"/>
  </visualProperties>
  <visualProperties x="1974" y="232">
    <element href="assembly.xml#Splitter"/>
  </visualProperties>
  <visualProperties x="2118" y="230">
    <element href="assembly.xml#AsyncMediation9"/>
  </visualProperties>
  <visualProperties x="1378" y="201">
    <element href="assembly.xml#AsyncMediation11"/>
  </visualProperties>
  <visualProperties x="3294" y="268">
    <element href="assembly.xml#RouteFilecheckin"/>
  </visualProperties>
  <visualProperties x="2230" y="208">
    <element href="assembly.xml#AsyncMediation12"/>
  </visualProperties>
  <visualProperties x="2224" y="198">
    <element href="assembly.xml#AsyncMediation13"/>
  </visualProperties>
  <visualProperties x="2230" y="208">
    <element href="assembly.xml#AsyncMediation14"/>
  </visualProperties>
  <visualProperties x="3108" y="296">
    <element href="assembly.xml#Splitter0"/>
  </visualProperties>
  <visualProperties x="2732" y="186">
    <element href="assembly.xml#AsyncMediation15"/>
  </visualProperties>
  <visualProperties x="2860" y="644">
    <element href="assembly.xml#AsyncMediation6"/>
  </visualProperties>
  <visualProperties x="2658" y="234">
    <element href="assembly.xml#Aggregator"/>
  </visualProperties>
  <visualProperties x="212" y="258">
    <element href="assembly.xml#CallInputfile"/>
  </visualProperties>
  <visualProperties x="444" y="208">
    <element href="assembly.xml#Inputfile"/>
  </visualProperties>
  <visualProperties x="420" y="244">
    <element href="assembly.xml#CallSpecialChar"/>
  </visualProperties>
  <visualProperties x="1334" y="232">
    <element href="assembly.xml#SpecialChar"/>
  </visualProperties>
  <visualProperties x="2510" y="232">
    <element href="assembly.xml#AsyncMediation16"/>
  </visualProperties>
  <visualProperties x="2518" y="232">
    <element href="assembly.xml#FieldValidation"/>
  </visualProperties>
  <visualProperties x="196" y="400">
    <element href="assembly.xml#CallFieldValidation"/>
  </visualProperties>
  <visualProperties x="3288" y="528">
    <element href="assembly.xml#PutIntegrationMessage"/>
  </visualProperties>
  <visualProperties x="218" y="468">
    <element href="assembly.xml#Call_Invalid_EE"/>
  </visualProperties>
  <visualProperties x="1836" y="734">
    <element href="assembly.xml#Invalid_EE"/>
  </visualProperties>
  <visualProperties x="1217" y="2846">
    <element href="assembly.xml#Call_PutData"/>
  </visualProperties>
  <visualProperties x="4170" y="22">
    <element href="assembly.xml#PutData"/>
  </visualProperties>
  <visualProperties x="4444" y="72">
    <element href="assembly.xml#AsyncMediation17"/>
  </visualProperties>
  <visualProperties x="3236" y="790">
    <element href="assembly.xml#PutIntegrationMessage0"/>
  </visualProperties>
  <visualProperties x="4596" y="375">
    <element href="assembly.xml#Splitter00"/>
  </visualProperties>
  <visualProperties x="4222" y="228">
    <element href="assembly.xml#AsyncMediation4"/>
  </visualProperties>
  <visualProperties x="5462" y="62">
    <element href="assembly.xml#AsyncMediation0"/>
  </visualProperties>
  <visualProperties x="4094" y="824">
    <element href="assembly.xml#AsyncMediation19"/>
  </visualProperties>
  <visualProperties x="4264" y="866">
    <element href="assembly.xml#Aggregator0"/>
  </visualProperties>
  <visualProperties x="4448" y="852">
    <element href="assembly.xml#AsyncMediation20"/>
  </visualProperties>
  <visualProperties x="4616" y="836">
    <element href="assembly.xml#PutIntegrationMessage1"/>
  </visualProperties>
  <visualProperties x="4352" y="828">
    <element href="assembly.xml#BatchAudit"/>
  </visualProperties>
  <visualProperties x="1364" y="2846">
    <element href="assembly.xml#CallBatchAudit"/>
  </visualProperties>
  <visualProperties x="5172" y="-220">
    <element href="assembly.xml#AsyncMediation18"/>
  </visualProperties>
  <visualProperties x="5550" y="-197">
    <element href="assembly.xml#WorkdayOutSoap1"/>
  </visualProperties>
  <visualProperties x="4361" y="798">
    <element href="assembly.xml#GetImpProMess"/>
  </visualProperties>
  <visualProperties x="5664" y="-200">
    <element href="assembly.xml#AsyncMediation22"/>
  </visualProperties>
  <visualProperties x="5834" y="-160">
    <element href="assembly.xml#CallGetImpProMess"/>
  </visualProperties>
  <visualProperties x="5281" y="919">
    <element href="assembly.xml#RouteDifference"/>
  </visualProperties>
  <visualProperties x="5496" y="-145">
    <element href="assembly.xml#RouteLoop"/>
  </visualProperties>
  <visualProperties x="5256" y="-136">
    <element href="assembly.xml#AsyncMediation23"/>
  </visualProperties>
  <visualProperties x="1532" y="554">
    <element href="assembly.xml#AsyncMediation21"/>
  </visualProperties>
  <visualProperties x="2613" y="745">
    <element href="assembly.xml#GetMessageRequest0"/>
  </visualProperties>
  <visualProperties x="2754" y="792">
    <element href="assembly.xml#GetImportProcessesMessage0"/>
  </visualProperties>
  <visualProperties x="2605" y="1147">
    <element href="assembly.xml#Splitter10"/>
  </visualProperties>
  <visualProperties x="2791" y="918">
    <element href="assembly.xml#AsyncMediation1900"/>
  </visualProperties>
  <visualProperties x="2791" y="980">
    <element href="assembly.xml#GetImpProMessResonse0"/>
  </visualProperties>
  <visualProperties x="4365" y="400">
    <element href="assembly.xml#AsyncMediation24"/>
  </visualProperties>
  <visualProperties x="600" y="1758">
    <element href="assembly.xml#AsyncMediation25"/>
  </visualProperties>
  <visualProperties x="1145" y="2031">
    <element href="assembly.xml#AsyncMediation50"/>
  </visualProperties>
  <visualProperties x="1316" y="1976">
    <element href="assembly.xml#WorkdayOutSoap2"/>
  </visualProperties>
  <visualProperties x="1505" y="1976">
    <element href="assembly.xml#AsyncMediation00"/>
  </visualProperties>
  <visualProperties x="966" y="1028">
    <element href="assembly.xml#CallErrorLog"/>
  </visualProperties>
  <visualProperties x="944" y="1086">
    <element href="assembly.xml#ErrorLog"/>
  </visualProperties>
  <visualProperties x="924" y="1164">
    <element href="assembly.xml#AsyncMediation26"/>
  </visualProperties>
  <visualProperties x="1170" y="2420">
    <element href="assembly.xml#AsyncMediation27"/>
  </visualProperties>
  <visualProperties x="32" y="330">
    <element href="assembly.xml#CallAdjustTime"/>
  </visualProperties>
  <visualProperties x="404" y="2810">
    <element href="assembly.xml#AdjustTime"/>
  </visualProperties>
  <visualProperties x="506" y="2820">
    <element href="assembly.xml#AsyncMediation28"/>
  </visualProperties>
  <visualProperties x="692" y="2830">
    <element href="assembly.xml#Splitter000"/>
  </visualProperties>
  <visualProperties x="829" y="2860">
    <element href="assembly.xml#AsyncMediation250"/>
  </visualProperties>
  <visualProperties x="1286" y="2768">
    <element href="assembly.xml#WorkdayOutRest0"/>
  </visualProperties>
  <visualProperties x="1310" y="2744">
    <element href="assembly.xml#AsyncMediation31"/>
  </visualProperties>
  <visualProperties x="1304" y="2746">
    <element href="assembly.xml#Aggregator1"/>
  </visualProperties>
  <visualProperties x="1370" y="2788">
    <element href="assembly.xml#CallReportAgg"/>
  </visualProperties>
  <visualProperties x="388" y="3026">
    <element href="assembly.xml#Aggregator_Localn"/>
  </visualProperties>
  <visualProperties x="1520" y="2782">
    <element href="assembly.xml#AsyncMediation29"/>
  </visualProperties>
  <visualProperties x="1721" y="2798">
    <element href="assembly.xml#Splitter001"/>
  </visualProperties>
  <visualProperties x="1852" y="2802">
    <element href="assembly.xml#AsyncMediation30"/>
  </visualProperties>
  <visualProperties x="2029" y="2798">
    <element href="assembly.xml#Route0"/>
  </visualProperties>
  <visualProperties x="2278" y="2802">
    <element href="assembly.xml#AsyncMediation33"/>
  </visualProperties>
  <visualProperties x="2246" y="3032">
    <element href="assembly.xml#Aggregator2"/>
  </visualProperties>
  <visualProperties x="489" y="3278">
    <element href="assembly.xml#Aggregator3"/>
  </visualProperties>
  <visualProperties x="706" y="3324">
    <element href="assembly.xml#AsyncMediation32"/>
  </visualProperties>
  <visualProperties x="872" y="3316">
    <element href="assembly.xml#CallAdjustTimeInWD"/>
  </visualProperties>
  <visualProperties x="1266" y="3314">
    <element href="assembly.xml#AdjustTimeInWD"/>
  </visualProperties>
  <visualProperties x="1478" y="3362">
    <element href="assembly.xml#AsyncMediation34"/>
  </visualProperties>
  <visualProperties x="1607" y="3394">
    <element href="assembly.xml#AsyncMediation40"/>
  </visualProperties>
  <visualProperties x="1786" y="3394">
    <element href="assembly.xml#AsyncMediation01"/>
  </visualProperties>
  <visualProperties x="1957" y="3394">
    <element href="assembly.xml#WorkdayOutSoap3"/>
  </visualProperties>
  <visualProperties x="1088" y="3312">
    <element href="assembly.xml#Splitter1"/>
  </visualProperties>
  <visualProperties x="1018" y="3338">
    <element href="assembly.xml#AsyncMediation35"/>
  </visualProperties>
  <visualProperties x="2358" y="3453">
    <element href="assembly.xml#AsyncMediation190"/>
  </visualProperties>
  <visualProperties x="2616" y="3453">
    <element href="assembly.xml#Aggregator00"/>
  </visualProperties>
  <visualProperties x="46" y="450">
    <element href="assembly.xml#CallBatchAudit1"/>
  </visualProperties>
  <visualProperties x="2700" y="3350">
    <element href="assembly.xml#BatchAudut1"/>
  </visualProperties>
  <visualProperties x="2829" y="3453">
    <element href="assembly.xml#AsyncMediation200"/>
  </visualProperties>
  <visualProperties x="1873" y="3449">
    <element href="assembly.xml#AsyncMediation36"/>
  </visualProperties>
  <visualProperties x="2478" y="3042">
    <element href="assembly.xml#AsyncMediation37"/>
  </visualProperties>
  <visualProperties x="2404" y="3036">
    <element href="assembly.xml#AsyncMediation38"/>
  </visualProperties>
  <visualProperties x="44" y="312">
    <element href="assembly.xml#CallBatchAudit2"/>
  </visualProperties>
  <visualProperties x="2656" y="3024">
    <element href="assembly.xml#BatchAudit2"/>
  </visualProperties>
  <visualProperties x="1402" y="407">
    <element href="assembly.xml#CallFileAggr"/>
  </visualProperties>
  <visualProperties x="518" y="2798">
    <element href="assembly.xml#Splitter3"/>
  </visualProperties>
  <visualProperties x="668" y="2852">
    <element href="assembly.xml#AsyncMediation41"/>
  </visualProperties>
  <visualProperties x="1081" y="2980">
    <element href="assembly.xml#Aggregator20"/>
  </visualProperties>
  <visualProperties x="1178" y="3040">
    <element href="assembly.xml#AsyncMediation42"/>
  </visualProperties>
  <visualProperties x="1038" y="2978">
    <element href="assembly.xml#BatchAudit3"/>
  </visualProperties>
  <visualProperties x="20" y="448">
    <element href="assembly.xml#CallBatchAudit3"/>
  </visualProperties>
  <visualProperties x="8" y="518">
    <element href="assembly.xml#CallReportFlow"/>
  </visualProperties>
  <visualProperties x="1376" y="2774">
    <element href="assembly.xml#ReportFlow"/>
  </visualProperties>
  <visualProperties x="724" y="-146">
    <element href="assembly.xml#AsyncMediation43"/>
  </visualProperties>
  <visualProperties x="1164" y="22">
    <element href="assembly.xml#Error11"/>
  </visualProperties>
  <visualProperties x="1266" y="36">
    <element href="assembly.xml#PutIntegrationMessage2"/>
  </visualProperties>
  <visualProperties x="936" y="-152">
    <element href="assembly.xml#AsyncMediation2"/>
  </visualProperties>
  <visualProperties x="1434" y="46">
    <element href="assembly.xml#AsyncMediation44"/>
  </visualProperties>
  <visualProperties x="1256" y="-154">
    <element href="assembly.xml#AsyncMediation45"/>
  </visualProperties>
  <visualProperties>
    <element href="assembly.xml#CriticalErr"/>
  </visualProperties>
  <visualProperties>
    <element href="assembly.xml#CriticalErrMsg"/>
  </visualProperties>
  <visualProperties>
    <element href="assembly.xml#CallCriticalErr11"/>
  </visualProperties>
  <visualProperties x="5148" y="3434">
    <element href="assembly.xml#PutIntegrationMessage3"/>
  </visualProperties>
  <visualProperties x="1994" y="4312">
    <element href="assembly.xml#PutIntegrationMessage4"/>
  </visualProperties>
  <visualProperties x="1848" y="1575">
    <element href="assembly.xml#Aggregator4"/>
  </visualProperties>
  <visualProperties x="2024" y="1592">
    <element href="assembly.xml#AsyncMediation46"/>
  </visualProperties>
  <visualProperties x="5096" y="3306">
    <element href="assembly.xml#AsyncMediation47"/>
  </visualProperties>
  <visualProperties x="2020" y="3700">
    <element href="assembly.xml#AsyncMediation49"/>
  </visualProperties>
  <visualProperties x="1174" y="2114">
    <element href="assembly.xml#Route2"/>
  </visualProperties>
  <visualProperties x="575" y="978">
    <element href="assembly.xml#CallCriticalErr_InvalidEE"/>
  </visualProperties>
  <visualProperties x="639" y="1434">
    <element href="assembly.xml#CallCriticalErr_fieldValidation"/>
  </visualProperties>
  <visualProperties x="679" y="2187">
    <element href="assembly.xml#CallCriticalErr_PutData"/>
  </visualProperties>
  <visualProperties x="757" y="2889">
    <element href="assembly.xml#CallCriticalErr_AdjustTime"/>
  </visualProperties>
  <visualProperties x="849" y="3491">
    <element href="assembly.xml#CallCriticalErr_AggregatorLocal"/>
  </visualProperties>
  <visualProperties x="2095" y="2889">
    <element href="assembly.xml#CallCriticalErr_ReportFlow"/>
  </visualProperties>
  <visualProperties x="3803" y="2905">
    <element href="assembly.xml#CallCriticalErr_AS30_Error"/>
  </visualProperties>
  <visualProperties x="1452" y="4649">
    <element href="assembly.xml#CallCriticalErr_GetImProMessResponse"/>
  </visualProperties>
  <visualProperties x="525" y="3507">
    <element href="assembly.xml#CallCriticalErr_AggregatorLocalXslt"/>
  </visualProperties>
  <visualProperties x="1061" y="2782">
    <element href="assembly.xml#AsyncMediation39"/>
  </visualProperties>
  <visualProperties x="1393" y="2340">
    <element href="assembly.xml#CallCriticalErr_PutDataNonFriday"/>
  </visualProperties>
  <visualProperties x="1190" y="2672">
    <element href="assembly.xml#CallCriticalErr_PutDataFriday"/>
  </visualProperties>
  <visualProperties x="578" y="4552">
    <element href="assembly.xml#AsyncMediation48"/>
  </visualProperties>
  <visualProperties x="2235" y="179">
    <element href="assembly.xml#AsyncMediation10"/>
  </visualProperties>
  <visualProperties x="870" y="889">
    <element href="assembly.xml#CallCriticalErr_InboundFileTransform"/>
  </visualProperties>
  <visualProperties x="1239" y="4111">
    <element href="assembly.xml#pim_NoMatchingWDEvent"/>
  </visualProperties>
  <connections type="routesTo" sourceAnchorX="1.0" sourceAnchorY="0.22340425531914893" targetAnchorX="0.33519553072625696" targetAnchorY="0.3404255319148936">
    <source href="assembly.xml#AsyncMediation3"/>
    <target href="assembly.xml#AsyncMediation"/>
  </connections>
  <connections type="routesTo" sourceAnchorX="0.7846153846153846" sourceAnchorY="1.0" targetAnchorX="0.291044776119403" targetAnchorY="0.6382978723404256">
    <source href="assembly.xml#EmpIDCheck"/>
    <target href="assembly.xml#AsyncMediation7"/>
  </connections>
  <connections type="routesTo" sourceAnchorX="1.0" sourceAnchorY="0.2127659574468085" targetAnchorX="0.29559748427672955" targetAnchorY="0.6756756756756757">
    <source href="assembly.xml#AsyncMediation8"/>
    <target href="assembly.xml#WorkdayOutSoap0"/>
  </connections>
  <connections type="routesTo" sourceAnchorX="1.0" sourceAnchorY="0.5882352941176471" targetAnchorX="0.291044776119403" targetAnchorY="0.6195652173913043">
    <source href="assembly.xml#//@beans/@mixed.1/@splitter.0/@subRoute.0"/>
    <target href="assembly.xml#AsyncMediation9"/>
  </connections>
  <connections type="routesTo" sourceAnchorX="1.0" sourceAnchorY="0.2978723404255319" targetAnchorX="0.11194029850746269" targetAnchorY="0.392">
    <source href="assembly.xml#AsyncMediation9"/>
    <target href="assembly.xml#AsyncMediation8"/>
  </connections>
  <connections type="routesTo" sourceAnchorX="1.0" sourceAnchorY="0.26595744680851063" targetAnchorX="0.2742616033755274" targetAnchorY="0.4148936170212766">
    <source href="assembly.xml#AsyncMediation11"/>
    <target href="assembly.xml#AsyncMediation3"/>
  </connections>
  <connections type="routesTo" sourceAnchorX="1.0" sourceAnchorY="0.24468085106382978" targetAnchorX="0.7102803738317757" targetAnchorY="0.14935064935064934">
    <source href="assembly.xml#AsyncMediation12"/>
    <target href="assembly.xml#Splitter"/>
  </connections>
  <connections type="routesTo" sourceAnchorX="1.0" sourceAnchorY="0.43617021276595747" targetAnchorX="0.524822695035461" targetAnchorY="0.26595744680851063">
    <source href="assembly.xml#AsyncMediation14"/>
    <target href="assembly.xml#AsyncMediation13"/>
  </connections>
  <connections type="routesTo" sourceAnchorX="0.7978723404255319" sourceAnchorY="1.0" targetAnchorX="0.28368794326241137" targetAnchorY="0.6063829787234043">
    <source href="assembly.xml#//@beans/@mixed.1/@splitter.1/@subRoute.0"/>
    <target href="assembly.xml#AsyncMediation14"/>
  </connections>
  <connections type="routesResponseTo" sourceAnchorX="0.5819672131147541" sourceAnchorY="1.0" targetAnchorX="0.7414965986394558" targetAnchorY="0.8648648648648649">
    <source href="assembly.xml#CallInputfile"/>
    <target href="assembly.xml#CallSpecialChar"/>
  </connections>
  <connections type="routesTo" sourceAnchorX="0.48" sourceAnchorY="1.0" targetAnchorX="0.55" targetAnchorY="0.648936170212766">
    <source href="assembly.xml#SpecialChar"/>
    <target href="assembly.xml#AsyncMediation11"/>
  </connections>
  <connections type="routesTo" sourceAnchorX="1.0" sourceAnchorY="0.39361702127659576" targetAnchorX="0.7102803738317757" targetAnchorY="0.487012987012987">
    <source href="assembly.xml#AsyncMediation16"/>
    <target href="assembly.xml#Splitter0"/>
  </connections>
  <connections type="routesTo" sourceAnchorX="0.5182481751824818" sourceAnchorY="1.0" targetAnchorX="0.3262411347517731" targetAnchorY="0.7978723404255319">
    <source href="assembly.xml#FieldValidation"/>
    <target href="assembly.xml#AsyncMediation16"/>
  </connections>
  <connections type="routesTo" sourceAnchorX="0.6" sourceAnchorY="1.0" targetAnchorX="0.46808510638297873" targetAnchorY="0.8085106382978723">
    <source href="assembly.xml#Invalid_EE"/>
    <target href="assembly.xml#AsyncMediation12"/>
  </connections>
  <connections type="routesTo" sourceAnchorX="1.0" sourceAnchorY="0.6756756756756757" targetAnchorX="0.4397163120567376" targetAnchorY="0.6630434782608695">
    <source href="assembly.xml#PutData"/>
    <target href="assembly.xml#AsyncMediation17"/>
  </connections>
  <connections type="routesTo" sourceAnchorX="1.0" sourceAnchorY="0.3404255319148936" targetAnchorX="0.24083769633507854" targetAnchorY="0.21621621621621623">
    <source href="assembly.xml#AsyncMediation7"/>
    <target href="assembly.xml#PutIntegrationMessage0"/>
  </connections>
  <connections type="routesTo" sourceAnchorX="1.0" sourceAnchorY="0.24468085106382978" targetAnchorX="0.514018691588785" targetAnchorY="0.3961038961038961">
    <source href="assembly.xml#AsyncMediation17"/>
    <target href="assembly.xml#Splitter00"/>
  </connections>
  <connections type="routesTo" sourceAnchorX="1.0" sourceAnchorY="0.22340425531914893" targetAnchorX="0.5597014925373134" targetAnchorY="0.48936170212765956">
    <source href="assembly.xml#AsyncMediation4"/>
    <target href="assembly.xml#AsyncMediation5"/>
  </connections>
  <connections type="routesTo" sourceAnchorX="1.0" sourceAnchorY="0.3723404255319149" targetAnchorX="0.3026315789473684" targetAnchorY="0.16216216216216217">
    <source href="assembly.xml#AsyncMediation5"/>
    <target href="assembly.xml#WorkdayOutSoap"/>
  </connections>
  <connections type="routesResponseTo" sourceAnchorX="0.7368421052631579" sourceAnchorY="1.0" targetAnchorX="0.15671641791044777" targetAnchorY="0.6595744680851063">
    <source href="assembly.xml#WorkdayOutSoap"/>
    <target href="assembly.xml#AsyncMediation0"/>
  </connections>
  <connections type="routesTo" sourceAnchorX="1.0" sourceAnchorY="0.19148936170212766" targetAnchorX="0.3944954128440367" targetAnchorY="0.16216216216216217">
    <source href="assembly.xml#AsyncMediation19"/>
    <target href="assembly.xml#Aggregator0"/>
  </connections>
  <connections type="routesTo" sourceAnchorX="1.0" sourceAnchorY="0.18867924528301888" targetAnchorX="0.2978723404255319" targetAnchorY="0.45652173913043476">
    <source href="assembly.xml#Aggregator0"/>
    <target href="assembly.xml#AsyncMediation20"/>
  </connections>
  <connections type="routesTo" sourceAnchorX="1.0" sourceAnchorY="0.2553191489361702" targetAnchorX="0.2879581151832461" targetAnchorY="0.4864864864864865">
    <source href="assembly.xml#AsyncMediation20"/>
    <target href="assembly.xml#PutIntegrationMessage1"/>
  </connections>
  <connections type="routesTo" sourceAnchorX="0.6956521739130435" sourceAnchorY="1.0" targetAnchorX="0.5359477124183006" targetAnchorY="0.9905660377358491">
    <source href="assembly.xml#BatchAudit"/>
    <target href="assembly.xml#Aggregator0"/>
  </connections>
  <connections type="routesTo" sourceAnchorX="1.0" sourceAnchorY="0.2978723404255319" targetAnchorX="0.3584905660377358" targetAnchorY="0.0">
    <source href="assembly.xml#AsyncMediation18"/>
    <target href="assembly.xml#WorkdayOutSoap1"/>
  </connections>
  <connections type="routesResponseTo" sourceAnchorX="0.7044025157232704" sourceAnchorY="1.0" targetAnchorX="0.3333333333333333" targetAnchorY="0.6914893617021277">
    <source href="assembly.xml#WorkdayOutSoap1"/>
    <target href="assembly.xml#AsyncMediation22"/>
  </connections>
  <connections type="routesTo" sourceAnchorX="1.0" sourceAnchorY="0.3829787234042553" targetAnchorX="0.2361111111111111" targetAnchorY="0.35135135135135137">
    <source href="assembly.xml#AsyncMediation22"/>
    <target href="assembly.xml#CallGetImpProMess"/>
  </connections>
  <connections type="routesTo" sourceAnchorX="0.5616438356164384" sourceAnchorY="1.0" targetAnchorX="0.13095238095238096" targetAnchorY="0.2692307692307692">
    <source href="assembly.xml#GetImpProMess"/>
    <target href="assembly.xml#RouteDifference"/>
  </connections>
  <connections type="routesTo" sourceAnchorX="1.0" sourceAnchorY="0.39361702127659576" targetAnchorX="0.7021276595744681" targetAnchorY="0.43617021276595747">
    <source href="assembly.xml#AsyncMediation0"/>
    <target href="assembly.xml#AsyncMediation23"/>
  </connections>
  <connections type="routesTo" sourceAnchorX="1.0" sourceAnchorY="0.3723404255319149" targetAnchorX="0.48598130841121495" targetAnchorY="0.14935064935064934">
    <source href="assembly.xml#AsyncMediation23"/>
    <target href="assembly.xml#RouteLoop"/>
  </connections>
  <connections type="routesTo" sourceAnchorX="0.6170212765957447" sourceAnchorY="1.0" targetAnchorX="0.24822695035460993" targetAnchorY="0.7553191489361702">
    <source href="assembly.xml#//@beans/@mixed.1/@route.2/@subRoute.0"/>
    <target href="assembly.xml#AsyncMediation18"/>
  </connections>
  <connections type="routesTo" sourceAnchorX="1.0" sourceAnchorY="0.3695652173913043" targetAnchorX="0.6381578947368421" targetAnchorY="0.3783783783783784">
    <source href="assembly.xml#AsyncMediation21"/>
    <target href="assembly.xml#CallEmpIDCheck"/>
  </connections>
  <connections type="routesTo" sourceAnchorX="0.47530864197530864" sourceAnchorY="1.0" targetAnchorX="0.8640350877192983" targetAnchorY="0.1702127659574468">
    <source href="assembly.xml#//@beans/@mixed.1/@route.1/@subRoute.2"/>
    <target href="assembly.xml#AsyncMediation19"/>
  </connections>
  <connections type="routesTo" sourceAnchorX="1.0" sourceAnchorY="0.44680851063829785" targetAnchorX="0.7205240174672489" targetAnchorY="0.10810810810810811">
    <source href="assembly.xml#GetMessageRequest0"/>
    <target href="assembly.xml#GetImportProcessesMessage0"/>
  </connections>
  <connections type="routesResponseTo" sourceAnchorX="0.4497816593886463" sourceAnchorY="1.0" targetAnchorX="0.308411214953271" targetAnchorY="0.006493506493506494">
    <source href="assembly.xml#GetImportProcessesMessage0"/>
    <target href="assembly.xml#Splitter10"/>
  </connections>
  <connections type="routesTo" sourceAnchorX="0.5864197530864198" sourceAnchorY="1.0" targetAnchorX="0.7447916666666666" targetAnchorY="0.10638297872340426">
    <source href="assembly.xml#//@beans/@mixed.1/@route.1/@subRoute.0"/>
    <target href="assembly.xml#GetMessageRequest0"/>
  </connections>
  <connections type="routesTo" sourceAnchorX="0.39361702127659576" sourceAnchorY="1.0" targetAnchorX="0.6296296296296297" targetAnchorY="0.20212765957446807">
    <source href="assembly.xml#//@beans/@mixed.1/@splitter.3/@subRoute.0"/>
    <target href="assembly.xml#GetImpProMessResonse0"/>
  </connections>
  <connections type="routesTo" sourceAnchorX="1.0" targetAnchorX="0.8064516129032258" targetAnchorY="0.26595744680851063">
    <source href="assembly.xml#GetImpProMessResonse0"/>
    <target href="assembly.xml#AsyncMediation1900"/>
  </connections>
  <connections type="routesTo" sourceAnchorX="0.5617283950617284" sourceAnchorY="1.0" targetAnchorX="0.10638297872340426" targetAnchorY="0.5212765957446809">
    <source href="assembly.xml#//@beans/@mixed.1/@route.1/@subRoute.1"/>
    <target href="assembly.xml#AsyncMediation24"/>
  </connections>
  <connections type="routesResponseTo" sourceAnchorX="0.6981132075471698" sourceAnchorY="1.0" targetAnchorX="0.3680555555555556" targetAnchorY="0.7027027027027027">
    <source href="assembly.xml#CallFieldValidation"/>
    <target href="assembly.xml#Call_Invalid_EE"/>
  </connections>
  <connections type="routesTo" sourceAnchorX="1.0" sourceAnchorY="0.6470588235294118" targetAnchorX="0.3262411347517731" targetAnchorY="0.5108695652173914">
    <source href="assembly.xml#//@beans/@mixed.1/@splitter.2/@subRoute.0"/>
    <target href="assembly.xml#AsyncMediation25"/>
  </connections>
  <connections type="routesTo" sourceAnchorX="1.0" sourceAnchorY="0.2765957446808511" targetAnchorX="0.3081761006289308" targetAnchorY="0.43243243243243246">
    <source href="assembly.xml#AsyncMediation50"/>
    <target href="assembly.xml#WorkdayOutSoap2"/>
  </connections>
  <connections type="routesResponseTo" sourceAnchorX="0.8616352201257862" sourceAnchorY="1.0" targetAnchorX="0.6524822695035462" targetAnchorY="0.5531914893617021">
    <source href="assembly.xml#WorkdayOutSoap2"/>
    <target href="assembly.xml#AsyncMediation00"/>
  </connections>
  <connections type="routesTo" sourceAnchorX="1.0" sourceAnchorY="0.2978723404255319" targetAnchorX="0.3262411347517731" targetAnchorY="0.648936170212766">
    <source href="assembly.xml#AsyncMediation00"/>
    <target href="assembly.xml#AsyncMediation23"/>
  </connections>
  <connections type="routesResponseTo" sourceAnchorX="0.46938775510204084" sourceAnchorY="1.0" targetAnchorX="0.6729559748427673" targetAnchorY="0.4864864864864865">
    <source href="assembly.xml#CallSpecialChar"/>
    <target href="assembly.xml#CallFieldValidation"/>
  </connections>
  <connections type="routesTo" sourceAnchorX="0.7049180327868853" sourceAnchorY="1.0" targetAnchorX="0.8085106382978723" targetAnchorY="0.44680851063829785">
    <source href="assembly.xml#ErrorLog"/>
    <target href="assembly.xml#AsyncMediation26"/>
  </connections>
  <connections type="routesTo" sourceAnchorX="0.0" sourceAnchorY="0.2872340425531915" targetAnchorX="0.3888888888888889" targetAnchorY="0.0">
    <source href="assembly.xml#AsyncMediation6"/>
    <target href="assembly.xml#CallErrorLog"/>
  </connections>
  <connections type="routesTo" sourceAnchorX="1.0" sourceAnchorY="0.1702127659574468" targetAnchorX="0.6847826086956522" targetAnchorY="0.16216216216216217">
    <source href="assembly.xml#AsyncMediation26"/>
    <target href="assembly.xml#PutIntegrationMessage"/>
  </connections>
  <connections type="routesResponseTo" sourceAnchorX="0.7391304347826086" sourceAnchorY="1.0" targetAnchorX="0.33986928104575165" targetAnchorY="0.9245283018867925">
    <source href="assembly.xml#PutIntegrationMessage"/>
    <target href="assembly.xml#Aggregator"/>
  </connections>
  <connections type="routesTo" sourceAnchorX="0.0" sourceAnchorY="0.18867924528301888" targetAnchorX="0.3829787234042553" targetAnchorY="0.8478260869565217">
    <source href="assembly.xml#Aggregator"/>
    <target href="assembly.xml#AsyncMediation15"/>
  </connections>
  <connections type="routesTo" sourceAnchorX="1.0" sourceAnchorY="0.4411764705882353" targetAnchorX="0.2727272727272727" targetAnchorY="0.5319148936170213">
    <source href="assembly.xml#//@beans/@mixed.1/@splitter.4/@subRoute.0"/>
    <target href="assembly.xml#AsyncMediation250"/>
  </connections>
  <connections type="routesTo" sourceAnchorX="1.0" sourceAnchorY="0.8108108108108109" targetAnchorX="0.09929078014184398" targetAnchorY="0.6382978723404256">
    <source href="assembly.xml#AdjustTime"/>
    <target href="assembly.xml#AsyncMediation28"/>
  </connections>
  <connections type="routesTo" sourceAnchorX="0.0" sourceAnchorY="0.2765957446808511" targetAnchorX="0.3269230769230769" targetAnchorY="0.32432432432432434">
    <source href="assembly.xml#AsyncMediation250"/>
    <target href="assembly.xml#WorkdayOutRest0"/>
  </connections>
  <connections type="routesResponseTo" sourceAnchorX="0.8076923076923077" sourceAnchorY="1.0" targetAnchorX="0.48366013071895425" targetAnchorY="0.6226415094339622">
    <source href="assembly.xml#WorkdayOutRest0"/>
    <target href="assembly.xml#Aggregator1"/>
  </connections>
  <connections type="routesTo" sourceAnchorX="1.0" sourceAnchorY="0.22641509433962265" targetAnchorX="0.5602836879432624" targetAnchorY="0.44680851063829785">
    <source href="assembly.xml#Aggregator1"/>
    <target href="assembly.xml#AsyncMediation31"/>
  </connections>
  <connections type="routesTo" sourceAnchorX="1.0" sourceAnchorY="0.14893617021276595" targetAnchorX="0.42990654205607476" targetAnchorY="0.2857142857142857">
    <source href="assembly.xml#AsyncMediation29"/>
    <target href="assembly.xml#Splitter001"/>
  </connections>
  <connections type="routesTo" sourceAnchorX="1.0" sourceAnchorY="0.6176470588235294" targetAnchorX="0.40425531914893614" targetAnchorY="0.6739130434782609">
    <source href="assembly.xml#//@beans/@mixed.1/@splitter.5/@subRoute.0"/>
    <target href="assembly.xml#AsyncMediation30"/>
  </connections>
  <connections type="routesTo" sourceAnchorX="1.0" sourceAnchorY="0.40425531914893614" targetAnchorX="0.24" targetAnchorY="0.4461538461538462">
    <source href="assembly.xml#AsyncMediation30"/>
    <target href="assembly.xml#Route0"/>
  </connections>
  <connections type="routesTo" sourceAnchorX="1.0" sourceAnchorY="0.48936170212765956" targetAnchorX="0.5255474452554745" targetAnchorY="0.2702702702702703">
    <source href="assembly.xml#AsyncMediation31"/>
    <target href="assembly.xml#CallReportAgg"/>
  </connections>
  <connections type="routesResponseTo" sourceAnchorX="0.8467153284671532" sourceAnchorY="1.0" targetAnchorX="0.41843971631205673" targetAnchorY="0.5957446808510638">
    <source href="assembly.xml#CallReportAgg"/>
    <target href="assembly.xml#AsyncMediation29"/>
  </connections>
  <connections type="routesTo" sourceAnchorX="1.0" sourceAnchorY="0.4864864864864865" targetAnchorX="0.6143790849673203" targetAnchorY="0.9433962264150944">
    <source href="assembly.xml#Aggregator_Localn"/>
    <target href="assembly.xml#Aggregator3"/>
  </connections>
  <connections type="routesTo" sourceAnchorX="1.0" sourceAnchorY="0.49056603773584906" targetAnchorX="0.41843971631205673" targetAnchorY="0.2391304347826087">
    <source href="assembly.xml#Aggregator3"/>
    <target href="assembly.xml#AsyncMediation32"/>
  </connections>
  <connections type="routesTo" sourceAnchorX="0.9060402684563759" sourceAnchorY="1.0" targetAnchorX="0.6375838926174496" targetAnchorY="0.2553191489361702">
    <source href="assembly.xml#AdjustTimeInWD"/>
    <target href="assembly.xml#AsyncMediation40"/>
  </connections>
  <connections type="routesTo" sourceAnchorX="1.0" sourceAnchorY="0.3617021276595745" targetAnchorX="0.49645390070921985" targetAnchorY="0.3829787234042553">
    <source href="assembly.xml#AsyncMediation40"/>
    <target href="assembly.xml#AsyncMediation34"/>
  </connections>
  <connections type="routesTo" sourceAnchorX="1.0" sourceAnchorY="0.425531914893617" targetAnchorX="0.3081761006289308" targetAnchorY="0.43243243243243246">
    <source href="assembly.xml#AsyncMediation34"/>
    <target href="assembly.xml#WorkdayOutSoap3"/>
  </connections>
  <connections type="routesResponseTo" sourceAnchorX="0.710691823899371" sourceAnchorY="1.0" targetAnchorX="0.5106382978723404" targetAnchorY="0.6382978723404256">
    <source href="assembly.xml#WorkdayOutSoap3"/>
    <target href="assembly.xml#AsyncMediation01"/>
  </connections>
  <connections type="routesTo" sourceAnchorX="1.0" sourceAnchorY="0.19148936170212766" targetAnchorX="0.42990654205607476" targetAnchorY="0.48333333333333334">
    <source href="assembly.xml#AsyncMediation32"/>
    <target href="assembly.xml#Splitter1"/>
  </connections>
  <connections type="routesTo" sourceAnchorX="0.9787234042553191" sourceAnchorY="1.0" targetAnchorX="0.1347517730496454" targetAnchorY="0.6086956521739131">
    <source href="assembly.xml#//@beans/@mixed.1/@splitter.6/@subRoute.0"/>
    <target href="assembly.xml#AsyncMediation35"/>
  </connections>
  <connections type="routesTo" sourceAnchorX="0.0" sourceAnchorY="0.2765957446808511" targetAnchorX="0.4678362573099415" targetAnchorY="0.5405405405405406">
    <source href="assembly.xml#AsyncMediation35"/>
    <target href="assembly.xml#CallAdjustTimeInWD"/>
  </connections>
  <connections type="routesTo" sourceAnchorX="1.0" sourceAnchorY="0.2872340425531915" targetAnchorX="0.25877192982456143" targetAnchorY="0.13829787234042554">
    <source href="assembly.xml#AsyncMediation01"/>
    <target href="assembly.xml#AsyncMediation190"/>
  </connections>
  <connections type="routesTo" sourceAnchorX="1.0" sourceAnchorY="0.32978723404255317" targetAnchorX="0.7777777777777778" targetAnchorY="0.14150943396226415">
    <source href="assembly.xml#AsyncMediation190"/>
    <target href="assembly.xml#Aggregator00"/>
  </connections>
  <connections type="routesTo" sourceAnchorX="0.6666666666666666" sourceAnchorY="1.0" targetAnchorX="0.7450980392156863" targetAnchorY="0.16981132075471697">
    <source href="assembly.xml#BatchAudut1"/>
    <target href="assembly.xml#Aggregator00"/>
  </connections>
  <connections type="routesTo" sourceAnchorX="1.0" sourceAnchorY="0.41509433962264153" targetAnchorX="0.2972972972972973" targetAnchorY="0.4148936170212766">
    <source href="assembly.xml#Aggregator00"/>
    <target href="assembly.xml#AsyncMediation200"/>
  </connections>
  <connections type="routesTo" sourceAnchorX="0.8832116788321168" sourceAnchorY="1.0" targetAnchorX="0.5460992907801419" targetAnchorY="0.5108695652173914">
    <source href="assembly.xml#//@beans/@mixed.1/@route.3/@subRoute.1"/>
    <target href="assembly.xml#AsyncMediation38"/>
  </connections>
  <connections type="routesTo" sourceAnchorX="1.0" sourceAnchorY="0.31521739130434784" targetAnchorX="0.5098039215686274" targetAnchorY="0.5377358490566038">
    <source href="assembly.xml#AsyncMediation38"/>
    <target href="assembly.xml#Aggregator2"/>
  </connections>
  <connections type="routesTo" sourceAnchorX="0.5983606557377049" sourceAnchorY="1.0" targetAnchorX="0.7516339869281046" targetAnchorY="0.20754716981132076">
    <source href="assembly.xml#BatchAudit2"/>
    <target href="assembly.xml#Aggregator2"/>
  </connections>
  <connections type="routesResponseTo" sourceAnchorX="0.7430555555555556" sourceAnchorY="1.0" targetAnchorX="0.6370967741935484" targetAnchorY="0.7297297297297297">
    <source href="assembly.xml#CallBatchAudit2"/>
    <target href="assembly.xml#CallFileAggr"/>
  </connections>
  <connections type="routesResponseTo" sourceAnchorX="0.5538461538461539" sourceAnchorY="1.0" targetAnchorX="0.20437956204379562" targetAnchorY="0.21621621621621623">
    <source href="assembly.xml#Call_PutData"/>
    <target href="assembly.xml#CallBatchAudit"/>
  </connections>
  <connections type="routesResponseTo" sourceAnchorX="0.7661290322580645" sourceAnchorY="1.0" targetAnchorX="0.7569444444444444" targetAnchorY="0.43243243243243246">
    <source href="assembly.xml#CallFileAggr"/>
    <target href="assembly.xml#CallBatchAudit1"/>
  </connections>
  <connections type="routesTo" sourceAnchorX="1.0" sourceAnchorY="0.37735849056603776" targetAnchorX="0.2907801418439716" targetAnchorY="0.43617021276595747">
    <source href="assembly.xml#Aggregator2"/>
    <target href="assembly.xml#AsyncMediation37"/>
  </connections>
  <connections type="routesTo" sourceAnchorX="1.0" sourceAnchorY="0.3617021276595745" targetAnchorX="0.6635514018691588" targetAnchorY="0.5714285714285714">
    <source href="assembly.xml#AsyncMediation28"/>
    <target href="assembly.xml#Splitter3"/>
  </connections>
  <connections type="routesTo" sourceAnchorX="0.9468085106382979" sourceAnchorY="1.0" targetAnchorX="0.11347517730496454" targetAnchorY="0.6521739130434783">
    <source href="assembly.xml#//@beans/@mixed.1/@splitter.7/@subRoute.0"/>
    <target href="assembly.xml#AsyncMediation41"/>
  </connections>
  <connections type="routesTo" sourceAnchorX="0.6475409836065574" sourceAnchorY="1.0" targetAnchorX="0.4117647058823529" targetAnchorY="0.04716981132075472">
    <source href="assembly.xml#BatchAudit3"/>
    <target href="assembly.xml#Aggregator20"/>
  </connections>
  <connections type="routesResponseTo" sourceAnchorX="0.6971830985915493" sourceAnchorY="0.5675675675675675" targetAnchorX="0.2986111111111111" targetAnchorY="0.7567567567567568">
    <source href="assembly.xml#CallReportFlow"/>
    <target href="assembly.xml#CallBatchAudit2"/>
  </connections>
  <connections type="routesTo" sourceAnchorX="0.8583333333333333" sourceAnchorY="1.0" targetAnchorX="0.34579439252336447" targetAnchorY="0.4805194805194805">
    <source href="assembly.xml#ReportFlow"/>
    <target href="assembly.xml#Splitter000"/>
  </connections>
  <connections type="routesResponseTo" sourceAnchorX="0.7588235294117647" sourceAnchorY="1.0" targetAnchorX="0.40540540540540543" targetAnchorY="0.5531914893617021">
    <source href="assembly.xml#GetEventDocuments"/>
    <target href="assembly.xml#AsyncMediation43"/>
  </connections>
  <connections type="routesTo" sourceAnchorX="1.0" sourceAnchorY="0.344" targetAnchorX="0.2835820895522388" targetAnchorY="0.33695652173913043">
    <source href="assembly.xml#AsyncMediation43"/>
    <target href="assembly.xml#AsyncMediation2"/>
  </connections>
  <connections type="routesTo" sourceAnchorX="1.0" sourceAnchorY="0.44565217391304346" targetAnchorX="0.5109489051094891" targetAnchorY="0.625">
    <source href="assembly.xml#AsyncMediation2"/>
    <target href="assembly.xml#RouteFilecheckin"/>
  </connections>
  <connections type="routesTo" sourceAnchorX="0.9278350515463918" sourceAnchorY="1.0" targetAnchorX="0.5886524822695035" targetAnchorY="0.5425531914893617">
    <source href="assembly.xml#Error11"/>
    <target href="assembly.xml#AsyncMediation44"/>
  </connections>
  <connections type="routesTo" sourceAnchorX="1.0" sourceAnchorY="0.43617021276595747" targetAnchorX="0.35602094240837695" targetAnchorY="0.40540540540540543">
    <source href="assembly.xml#AsyncMediation44"/>
    <target href="assembly.xml#PutIntegrationMessage2"/>
  </connections>
  <connections type="routesTo" sourceAnchorX="0.6774193548387096" sourceAnchorY="1.0" targetAnchorX="0.44680851063829785" targetAnchorY="0.4673913043478261">
    <source href="assembly.xml#//@beans/@mixed.1/@route.0/@subRoute.0"/>
    <target href="assembly.xml#AsyncMediation45"/>
  </connections>
  <connections type="routesTo">
    <source href="assembly.xml#CriticalErr"/>
    <target href="assembly.xml#CriticalErrMsg"/>
  </connections>
  <connections type="routesTo">
    <source href="assembly.xml#//@beans/@mixed.1/@mixed.31/@mixed.3"/>
    <target href="assembly.xml#AsyncMediation21"/>
  </connections>
  <connections type="routesTo">
    <source href="assembly.xml#//@beans/@mixed.1/@mixed.43/@mixed.3"/>
    <target href="assembly.xml#AsyncMediation6"/>
  </connections>
  <connections type="routesTo">
    <source href="assembly.xml#//@beans/@mixed.1/@mixed.63/@mixed.3"/>
    <target href="assembly.xml#CallCriticalErr11"/>
  </connections>
  <connections type="routesTo">
    <source href="assembly.xml#//@beans/@mixed.1/@mixed.187/@mixed.3"/>
    <target href="assembly.xml#AsyncMediation36"/>
  </connections>
  <connections type="routesTo">
    <source href="assembly.xml#//@beans/@mixed.1/@mixed.237/@mixed.3"/>
    <target href="assembly.xml#Call11"/>
  </connections>
  <connections type="routesTo" sourceAnchorX="1.0" sourceAnchorY="0.3617021276595745" targetAnchorX="0.31413612565445026" targetAnchorY="0.10810810810810811">
    <source href="assembly.xml#AsyncMediation36"/>
    <target href="assembly.xml#PutIntegrationMessage4"/>
  </connections>
  <connections type="routesResponseTo" sourceAnchorX="0.8586387434554974" sourceAnchorY="1.0" targetAnchorX="0.16339869281045752" targetAnchorY="0.6698113207547169">
    <source href="assembly.xml#PutIntegrationMessage0"/>
    <target href="assembly.xml#Aggregator4"/>
  </connections>
  <connections type="routesTo" sourceAnchorX="1.0" sourceAnchorY="0.3490566037735849" targetAnchorX="0.5957446808510638" targetAnchorY="0.09782608695652174">
    <source href="assembly.xml#Aggregator4"/>
    <target href="assembly.xml#AsyncMediation46"/>
  </connections>
  <connections type="routesTo" sourceAnchorX="1.0" sourceAnchorY="0.4891304347826087" targetAnchorX="0.3202614379084967" targetAnchorY="0.4056603773584906">
    <source href="assembly.xml#AsyncMediation47"/>
    <target href="assembly.xml#Aggregator0"/>
  </connections>
  <connections type="routesTo" sourceAnchorX="0.0" sourceAnchorY="0.19148936170212766" targetAnchorX="0.3191489361702128" targetAnchorY="0.24468085106382978">
    <source href="assembly.xml#AsyncMediation1900"/>
    <target href="assembly.xml#AsyncMediation47"/>
  </connections>
  <connections type="routesTo" sourceAnchorX="1.0" sourceAnchorY="0.3617021276595745" targetAnchorX="0.5228758169934641" targetAnchorY="0.1509433962264151">
    <source href="assembly.xml#AsyncMediation42"/>
    <target href="assembly.xml#Aggregator20"/>
  </connections>
  <connections type="routesTo" sourceAnchorX="1.0" sourceAnchorY="0.2641509433962264" targetAnchorX="0.46099290780141844" targetAnchorY="0.48936170212765956">
    <source href="assembly.xml#Aggregator20"/>
    <target href="assembly.xml#AsyncMediation49"/>
  </connections>
  <connections type="routesTo" sourceAnchorX="0.8132780082987552" sourceAnchorY="1.0" targetAnchorX="0.21476510067114093" targetAnchorY="0.6914893617021277">
    <source href="assembly.xml#//@beans/@mixed.1/@route.4/@subRoute.0"/>
    <target href="assembly.xml#AsyncMediation4"/>
  </connections>
  <connections type="routesTo" sourceAnchorX="0.5975103734439834" sourceAnchorY="1.0" targetAnchorX="0.2953020134228188" targetAnchorY="0.20212765957446807">
    <source href="assembly.xml#//@beans/@mixed.1/@route.4/@subRoute.1"/>
    <target href="assembly.xml#AsyncMediation50"/>
  </connections>
  <connections type="routesTo" sourceAnchorX="1.0" sourceAnchorY="0.24468085106382978" targetAnchorX="0.2713178294573643" targetAnchorY="0.2599009900990099">
    <source href="assembly.xml#AsyncMediation25"/>
    <target href="assembly.xml#Route2"/>
  </connections>
  <connections type="routesTo" sourceAnchorX="0.8979591836734694" sourceAnchorY="1.0" targetAnchorX="0.22695035460992907" targetAnchorY="0.14893617021276595">
    <source href="assembly.xml#//@beans/@mixed.1/@route.4/@subRoute.2"/>
    <target href="assembly.xml#AsyncMediation27"/>
  </connections>
  <connections type="routesResponseTo" sourceAnchorX="0.3888888888888889" sourceAnchorY="1.0" targetAnchorX="0.39436619718309857" targetAnchorY="0.4864864864864865">
    <source href="assembly.xml#CallBatchAudit3"/>
    <target href="assembly.xml#CallReportFlow"/>
  </connections>
  <connections type="routesResponseTo" sourceAnchorX="0.8611111111111112" sourceAnchorY="1.0" targetAnchorX="0.375886524822695" targetAnchorY="0.5405405405405406">
    <source href="assembly.xml#Call_Invalid_EE"/>
    <target href="assembly.xml#CallAdjustTime"/>
  </connections>
  <connections type="routesResponseTo" sourceAnchorX="0.6382978723404256" sourceAnchorY="1.0" targetAnchorX="0.4097222222222222" targetAnchorY="0.5405405405405406">
    <source href="assembly.xml#CallAdjustTime"/>
    <target href="assembly.xml#CallBatchAudit3"/>
  </connections>
  <connections type="routesResponseTo" sourceAnchorX="0.5347222222222222" sourceAnchorY="1.0" targetAnchorX="0.46923076923076923" targetAnchorY="0.05405405405405406">
    <source href="assembly.xml#CallBatchAudit1"/>
    <target href="assembly.xml#Call_PutData"/>
  </connections>
  <connections type="routesTo" sourceAnchorX="0.5905511811023622" sourceAnchorY="1.0" targetAnchorX="0.5163398692810458" targetAnchorY="0.40540540540540543">
    <source href="assembly.xml#//@beans/@mixed.1/@mixed.35/@mixed.3"/>
    <target href="assembly.xml#CallCriticalErr_InvalidEE"/>
  </connections>
  <connections type="routesTo" sourceAnchorX="0.6865671641791045" sourceAnchorY="1.0" targetAnchorX="0.5620915032679739" targetAnchorY="0.5675675675675675">
    <source href="assembly.xml#//@beans/@mixed.1/@mixed.45/@mixed.3"/>
    <target href="assembly.xml#CallCriticalErr_fieldValidation"/>
  </connections>
  <connections type="routesTo" sourceAnchorX="0.3192488262910798" sourceAnchorY="1.0" targetAnchorX="0.29596412556053814" targetAnchorY="0.3783783783783784">
    <source href="assembly.xml#//@beans/@mixed.1/@mixed.131/@mixed.3"/>
    <target href="assembly.xml#CallCriticalErr_PutData"/>
  </connections>
  <connections type="routesTo" sourceAnchorX="0.7014925373134329" sourceAnchorY="1.0" targetAnchorX="0.5026178010471204" targetAnchorY="0.5945945945945946">
    <source href="assembly.xml#//@beans/@mixed.1/@mixed.223/@mixed.3"/>
    <target href="assembly.xml#CallCriticalErr_AdjustTime"/>
  </connections>
  <connections type="routesTo" sourceAnchorX="0.3880597014925373" sourceAnchorY="1.0" targetAnchorX="0.3684210526315789" targetAnchorY="0.2702702702702703">
    <source href="assembly.xml#//@beans/@mixed.1/@mixed.197/@mixed.3"/>
    <target href="assembly.xml#CallCriticalErr_AggregatorLocal"/>
  </connections>
  <connections type="routesTo" sourceAnchorX="0.48936170212765956" sourceAnchorY="1.0" targetAnchorX="0.459915611814346" targetAnchorY="0.43243243243243246">
    <source href="assembly.xml#//@beans/@mixed.1/@mixed.155/@mixed.3"/>
    <target href="assembly.xml#CallCriticalErr_ReportFlow"/>
  </connections>
  <connections type="routesTo" sourceAnchorX="0.47761194029850745" sourceAnchorY="1.0" targetAnchorX="0.34177215189873417" targetAnchorY="0.3783783783783784">
    <source href="assembly.xml#//@beans/@mixed.1/@mixed.171/@mixed.3"/>
    <target href="assembly.xml#CallCriticalErr_AS30_Error"/>
  </connections>
  <connections type="routesTo" sourceAnchorX="0.6373626373626373" sourceAnchorY="1.0" targetAnchorX="0.540084388185654" targetAnchorY="0.5135135135135135">
    <source href="assembly.xml#//@beans/@mixed.1/@mixed.127/@mixed.3"/>
    <target href="assembly.xml#CallCriticalErr_GetImProMessResponse"/>
  </connections>
  <connections type="routesTo" sourceAnchorX="0.6802325581395349" sourceAnchorY="1.0" targetAnchorX="0.5189873417721519" targetAnchorY="0.32432432432432434">
    <source href="assembly.xml#//@beans/@mixed.1/@mixed.181/@mixed.3"/>
    <target href="assembly.xml#CallCriticalErr_AggregatorLocalXslt"/>
  </connections>
  <connections type="routesTo" sourceAnchorX="1.0" sourceAnchorY="0.128" targetAnchorX="0.23391812865497075" targetAnchorY="0.010638297872340425">
    <source href="assembly.xml#AsyncMediation41"/>
    <target href="assembly.xml#AsyncMediation42"/>
  </connections>
  <connections type="routesTo" sourceAnchorX="0.7664233576642335" sourceAnchorY="1.0" targetAnchorX="0.16312056737588654" targetAnchorY="0.11702127659574468">
    <source href="assembly.xml#//@beans/@mixed.1/@route.3/@subRoute.0"/>
    <target href="assembly.xml#AsyncMediation33"/>
  </connections>
  <connections type="routesTo" sourceAnchorX="0.8899082568807339" sourceAnchorY="1.0" targetAnchorX="0.4552238805970149" targetAnchorY="0.1702127659574468">
    <source href="assembly.xml#StartHere"/>
    <target href="assembly.xml#AsyncMediation1"/>
  </connections>
  <connections type="routesTo" sourceAnchorX="1.0" sourceAnchorY="0.1595744680851064" targetAnchorX="0.36065573770491804" targetAnchorY="0.32432432432432434">
    <source href="assembly.xml#AsyncMediation1"/>
    <target href="assembly.xml#CallInputfile"/>
  </connections>
  <connections type="routesTo" sourceAnchorX="1.0" sourceAnchorY="0.4864864864864865" targetAnchorX="0.21764705882352942" targetAnchorY="0.32432432432432434">
    <source href="assembly.xml#Inputfile"/>
    <target href="assembly.xml#GetEventDocuments"/>
  </connections>
  <connections type="routesTo" sourceAnchorX="0.2530612244897959" sourceAnchorY="1.0" targetAnchorX="0.48936170212765956" targetAnchorY="0.18478260869565216">
    <source href="assembly.xml#//@beans/@mixed.1/@route.4/@subRoute.5"/>
    <target href="assembly.xml#AsyncMediation39"/>
  </connections>
  <connections type="routesTo" sourceAnchorX="0.8373493975903614" sourceAnchorY="1.0" targetAnchorX="0.08900523560209424" targetAnchorY="0.13513513513513514">
    <source href="assembly.xml#//@beans/@mixed.1/@mixed.21/@mixed.3"/>
    <target href="assembly.xml#CallCriticalErr_PutDataNonFriday"/>
  </connections>
  <connections type="routesTo" sourceAnchorX="0.795774647887324" sourceAnchorY="1.0" targetAnchorX="0.4817813765182186" targetAnchorY="0.5405405405405406">
    <source href="assembly.xml#//@beans/@mixed.1/@mixed.133/@mixed.3"/>
    <target href="assembly.xml#CallCriticalErr_PutDataFriday"/>
  </connections>
  <connections type="routesResponseTo" sourceAnchorX="0.8272251308900523" sourceAnchorY="1.0" targetAnchorX="0.5886524822695035" targetAnchorY="0.11956521739130435">
    <source href="assembly.xml#PutIntegrationMessage4"/>
    <target href="assembly.xml#AsyncMediation48"/>
  </connections>
  <connections type="routesTo" sourceAnchorX="1.0" sourceAnchorY="0.24468085106382978" targetAnchorX="0.39215686274509803" targetAnchorY="0.20754716981132076">
    <source href="assembly.xml#AsyncMediation48"/>
    <target href="assembly.xml#Aggregator00"/>
  </connections>
  <connections type="routesResponseTo" sourceAnchorX="0.38686131386861317" sourceAnchorY="1.0" targetAnchorX="0.7021276595744681" targetAnchorY="0.17391304347826086">
    <source href="assembly.xml#CallBatchAudit"/>
    <target href="assembly.xml#AsyncMediation10"/>
  </connections>
  <connections type="routesTo" sourceAnchorX="0.7020408163265306" sourceAnchorY="1.0" targetAnchorX="0.24822695035460993" targetAnchorY="0.043478260869565216">
    <source href="assembly.xml#//@beans/@mixed.1/@route.4/@subRoute.4"/>
    <target href="assembly.xml#AsyncMediation39"/>
  </connections>
  <connections type="routesTo" sourceAnchorX="0.3853904282115869" sourceAnchorY="1.0" targetAnchorX="0.5419847328244275" targetAnchorY="0.1891891891891892">
    <source href="assembly.xml#//@beans/@mixed.1/@mixed.3/@mixed.3"/>
    <target href="assembly.xml#CallCriticalErr_InboundFileTransform"/>
  </connections>
  <connections type="routesResponseTo" sourceAnchorX="0.6374269005847953" sourceAnchorY="1.0" targetAnchorX="0.26" targetAnchorY="0.7297297297297297">
    <source href="assembly.xml#CallAdjustTimeInWD"/>
    <target href="assembly.xml#pim_NoMatchingWDEvent"/>
  </connections>
  <connections type="routesTo" sourceAnchorX="0.6408163265306123" sourceAnchorY="1.0" targetAnchorX="0.10273972602739725" targetAnchorY="0.06382978723404255">
    <source href="assembly.xml#//@beans/@mixed.1/@route.4/@subRoute.3"/>
    <target href="assembly.xml#AsyncMediation27"/>
  </connections>
  <swimlanes x="-103" y="95" bgColor="255" name="Swimlane">
    <elements href="assembly.xml#Inputfile"/>
    <elements href="assembly.xml#GetEventDocuments"/>
    <elements href="#//@swimlanes.39"/>
    <elements href="assembly.xml#AsyncMediation2"/>
    <elements href="assembly.xml#RouteFilecheckin"/>
    <elements href="assembly.xml#AsyncMediation45"/>
    <elements href="#//@swimlanes.1"/>
  </swimlanes>
  <swimlanes x="781" y="198" name="Swimlane" orientation="VERTICAL" elements="//@swimlanes.18"/>
  <swimlanes x="512" y="318" name="Swimlane">
    <elements href="assembly.xml#CriticalErr"/>
    <elements href="assembly.xml#CriticalErrMsg"/>
  </swimlanes>
  <swimlanes x="1995" y="180" name="Swimlane" orientation="VERTICAL">
    <elements href="assembly.xml#AsyncMediation8"/>
    <elements href="assembly.xml#AsyncMediation21"/>
    <elements href="assembly.xml#CallEmpIDCheck"/>
  </swimlanes>
  <swimlanes x="1234" y="514" name="Swimlane">
    <elements href="assembly.xml#EmpIDCheck"/>
    <elements href="assembly.xml#AsyncMediation7"/>
    <elements href="assembly.xml#PutIntegrationMessage0"/>
    <elements href="assembly.xml#Aggregator4"/>
    <elements href="assembly.xml#AsyncMediation46"/>
  </swimlanes>
  <swimlanes x="230" y="1063" bgColor="16777088" name="Invalid EE Check" closed="true">
    <elements href="assembly.xml#Invalid_EE"/>
    <elements href="assembly.xml#AsyncMediation12"/>
    <elements href="assembly.xml#Splitter"/>
    <elements href="#//@swimlanes.45"/>
    <elements href="#//@swimlanes.3"/>
    <elements href="assembly.xml#WorkdayOutSoap0"/>
    <elements href="#//@swimlanes.4"/>
  </swimlanes>
  <swimlanes x="2562" y="210" name="Swimlane" orientation="VERTICAL">
    <elements href="assembly.xml#AsyncMediation13"/>
    <elements href="#//@swimlanes.7"/>
    <elements href="assembly.xml#CallErrorLog"/>
    <elements href="assembly.xml#ErrorLog"/>
    <elements href="assembly.xml#AsyncMediation26"/>
    <elements href="assembly.xml#PutIntegrationMessage"/>
  </swimlanes>
  <swimlanes x="2502" y="368" name="Swimlane">
    <elements href="assembly.xml#AsyncMediation6"/>
  </swimlanes>
  <swimlanes x="474" y="2698" bgColor="16776960" name="Swimlane" topBorderColor="16776960">
    <elements href="assembly.xml#StartHere"/>
    <elements href="assembly.xml#AsyncMediation1"/>
    <elements href="assembly.xml#CallInputfile"/>
    <elements href="assembly.xml#CallSpecialChar"/>
    <elements href="assembly.xml#CallFieldValidation"/>
    <elements href="assembly.xml#Call_Invalid_EE"/>
    <elements href="assembly.xml#CallAdjustTime"/>
    <elements href="assembly.xml#CallBatchAudit3"/>
    <elements href="assembly.xml#CallReportFlow"/>
    <elements href="assembly.xml#CallBatchAudit2"/>
    <elements href="assembly.xml#CallFileAggr"/>
    <elements href="assembly.xml#CallBatchAudit1"/>
    <elements href="assembly.xml#Call_PutData"/>
    <elements href="assembly.xml#CallBatchAudit"/>
    <elements href="assembly.xml#AsyncMediation10"/>
  </swimlanes>
  <swimlanes x="3392" y="210" name="Swimlane" orientation="VERTICAL">
    <elements href="assembly.xml#Aggregator"/>
  </swimlanes>
  <swimlanes x="5012" y="2344" bgColor="16711935" name="Swimlane">
    <elements href="#//@swimlanes.12"/>
    <elements href="#//@swimlanes.11"/>
    <elements href="assembly.xml#AsyncMediation20"/>
    <elements href="assembly.xml#PutIntegrationMessage1"/>
  </swimlanes>
  <swimlanes x="4262" y="836" name="Swimlane" orientation="VERTICAL">
    <elements href="assembly.xml#BatchAudit"/>
    <elements href="assembly.xml#Aggregator0"/>
  </swimlanes>
  <swimlanes x="4017" y="888" name="Swimlane" orientation="VERTICAL" elements="//@swimlanes.13 //@swimlanes.17"/>
  <swimlanes x="4045" y="904" name="Swimlane">
    <elements href="assembly.xml#AsyncMediation19"/>
  </swimlanes>
  <swimlanes x="5210" y="-165" name="Swimlane">
    <elements href="assembly.xml#AsyncMediation23"/>
    <elements href="assembly.xml#RouteLoop"/>
    <elements href="assembly.xml#AsyncMediation18"/>
  </swimlanes>
  <swimlanes x="4184" y="2460" bgColor="12615935" name="Swimlane">
    <elements href="assembly.xml#GetImpProMess"/>
    <elements href="assembly.xml#RouteDifference"/>
    <elements href="#//@swimlanes.16"/>
  </swimlanes>
  <swimlanes x="4968" y="772" name="Swimlane" orientation="VERTICAL">
    <elements href="assembly.xml#AsyncMediation24"/>
  </swimlanes>
  <swimlanes x="2608" y="700" name="Swimlane">
    <elements href="assembly.xml#GetMessageRequest0"/>
    <elements href="assembly.xml#GetImportProcessesMessage0"/>
    <elements href="assembly.xml#Splitter10"/>
    <elements href="#//@swimlanes.52"/>
    <elements href="assembly.xml#AsyncMediation1900"/>
    <elements href="assembly.xml#PutIntegrationMessage3"/>
    <elements href="assembly.xml#AsyncMediation47"/>
  </swimlanes>
  <swimlanes x="1372" y="16" name="Swimlane" orientation="VERTICAL" elements="//@swimlanes.2 //@swimlanes.40"/>
  <swimlanes x="428" y="744" bgColor="8454143" name="Swimlane">
    <elements href="assembly.xml#SpecialChar"/>
    <elements href="assembly.xml#AsyncMediation11"/>
    <elements href="assembly.xml#AsyncMediation3"/>
    <elements href="#//@swimlanes.55"/>
  </swimlanes>
  <swimlanes x="2016" y="1852" bgColor="8454016" name="Field Validations" closed="true">
    <elements href="assembly.xml#FieldValidation"/>
    <elements href="#//@swimlanes.42"/>
    <elements href="assembly.xml#Splitter0"/>
    <elements href="#//@swimlanes.46"/>
    <elements href="#//@swimlanes.6"/>
    <elements href="#//@swimlanes.9"/>
    <elements href="assembly.xml#AsyncMediation15"/>
  </swimlanes>
  <swimlanes x="1887" y="1181" bgColor="16744448" name="Enter Time Off">
    <elements href="assembly.xml#PutData"/>
    <elements href="assembly.xml#AsyncMediation17"/>
    <elements href="assembly.xml#Splitter00"/>
    <elements href="#//@swimlanes.47"/>
    <elements href="assembly.xml#Route2"/>
    <elements href="#//@swimlanes.22"/>
    <elements href="#//@swimlanes.14"/>
    <elements href="assembly.xml#WorkdayOutSoap1"/>
    <elements href="assembly.xml#AsyncMediation22"/>
    <elements href="assembly.xml#CallGetImpProMess"/>
  </swimlanes>
  <swimlanes x="942" y="1738" name="Swimlane" orientation="VERTICAL">
    <elements href="#//@swimlanes.23"/>
    <elements href="#//@swimlanes.24"/>
    <elements href="#//@swimlanes.25"/>
    <elements href="assembly.xml#AsyncMediation39"/>
  </swimlanes>
  <swimlanes x="970" y="1726" name="Swimlane">
    <elements href="assembly.xml#AsyncMediation4"/>
    <elements href="#//@swimlanes.41"/>
    <elements href="assembly.xml#WorkdayOutSoap"/>
    <elements href="assembly.xml#AsyncMediation0"/>
  </swimlanes>
  <swimlanes x="1032" y="1876" name="Swimlane">
    <elements href="#//@swimlanes.54"/>
    <elements href="assembly.xml#WorkdayOutSoap2"/>
    <elements href="assembly.xml#AsyncMediation00"/>
  </swimlanes>
  <swimlanes x="1186" y="2374" name="Swimlane">
    <elements href="assembly.xml#AsyncMediation27"/>
  </swimlanes>
  <swimlanes x="334" y="2949" bgColor="8388863" name="Raas" closed="true">
    <elements href="assembly.xml#AdjustTime"/>
    <elements href="assembly.xml#AsyncMediation28"/>
    <elements href="assembly.xml#Splitter3"/>
    <elements href="#//@swimlanes.48"/>
    <elements href="#//@swimlanes.36"/>
    <elements href="assembly.xml#ReportFlow"/>
    <elements href="assembly.xml#Splitter000"/>
    <elements href="#//@swimlanes.50"/>
    <elements href="assembly.xml#WorkdayOutRest0"/>
    <elements href="assembly.xml#Aggregator1"/>
    <elements href="assembly.xml#AsyncMediation31"/>
    <elements href="assembly.xml#CallReportAgg"/>
    <elements href="assembly.xml#AsyncMediation29"/>
    <elements href="assembly.xml#Splitter001"/>
    <elements href="#//@swimlanes.51"/>
    <elements href="assembly.xml#Route0"/>
    <elements href="#//@swimlanes.28"/>
  </swimlanes>
  <swimlanes x="126" y="3980" bgColor="8421440" name="Pre Time Adjustments">
    <elements href="assembly.xml#Aggregator_Localn"/>
    <elements href="assembly.xml#Aggregator3"/>
    <elements href="#//@swimlanes.53"/>
    <elements href="assembly.xml#Splitter1"/>
    <elements href="#//@swimlanes.49"/>
    <elements href="assembly.xml#CallAdjustTimeInWD"/>
    <elements href="assembly.xml#pim_NoMatchingWDEvent"/>
  </swimlanes>
  <swimlanes x="2204" y="2786" name="Swimlane" orientation="VERTICAL" elements="//@swimlanes.29 //@swimlanes.30"/>
  <swimlanes x="2254" y="2762" name="Swimlane">
    <elements href="assembly.xml#AsyncMediation33"/>
  </swimlanes>
  <swimlanes x="2284" y="2838" name="Swimlane">
    <elements href="assembly.xml#AsyncMediation38"/>
    <elements href="#//@swimlanes.35"/>
    <elements href="assembly.xml#AsyncMediation37"/>
  </swimlanes>
  <swimlanes x="1345" y="3931" bgColor="33023" name="Time Adjustments">
    <elements href="assembly.xml#AdjustTimeInWD"/>
    <elements href="#//@swimlanes.32"/>
  </swimlanes>
  <swimlanes x="1410" y="3330" name="Swimlane">
    <elements href="assembly.xml#AsyncMediation40"/>
    <elements href="#//@swimlanes.33"/>
    <elements href="assembly.xml#WorkdayOutSoap3"/>
    <elements href="assembly.xml#AsyncMediation01"/>
    <elements href="assembly.xml#AsyncMediation190"/>
    <elements href="#//@swimlanes.34"/>
    <elements href="assembly.xml#AsyncMediation200"/>
  </swimlanes>
  <swimlanes x="1810" y="3304" name="Swimlane" orientation="VERTICAL">
    <elements href="assembly.xml#AsyncMediation34"/>
    <elements href="assembly.xml#AsyncMediation36"/>
    <elements href="assembly.xml#PutIntegrationMessage4"/>
    <elements href="assembly.xml#AsyncMediation48"/>
  </swimlanes>
  <swimlanes x="2612" y="3380" name="Swimlane" orientation="VERTICAL">
    <elements href="assembly.xml#BatchAudut1"/>
    <elements href="assembly.xml#Aggregator00"/>
  </swimlanes>
  <swimlanes x="2554" y="3042" name="Swimlane" orientation="VERTICAL">
    <elements href="assembly.xml#BatchAudit2"/>
    <elements href="assembly.xml#Aggregator2"/>
  </swimlanes>
  <swimlanes x="654" y="2792" name="Swimlane" orientation="VERTICAL" elements="//@swimlanes.38 //@swimlanes.37"/>
  <swimlanes x="736" y="2840" name="Swimlane">
    <elements href="assembly.xml#AsyncMediation42"/>
    <elements href="assembly.xml#Aggregator20"/>
    <elements href="assembly.xml#AsyncMediation49"/>
  </swimlanes>
  <swimlanes x="1134" y="2944" name="Swimlane">
    <elements href="assembly.xml#BatchAudit3"/>
  </swimlanes>
  <swimlanes x="726" y="-194" name="Swimlane" orientation="VERTICAL">
    <elements href="assembly.xml#AsyncMediation43"/>
    <elements href="assembly.xml#Call11"/>
  </swimlanes>
  <swimlanes x="1252" y="-42" name="Swimlane">
    <elements href="assembly.xml#Error11"/>
    <elements href="assembly.xml#AsyncMediation44"/>
    <elements href="assembly.xml#PutIntegrationMessage2"/>
  </swimlanes>
  <swimlanes x="1258" y="2134" name="Swimlane" orientation="VERTICAL">
    <elements href="assembly.xml#AsyncMediation5"/>
    <elements href="assembly.xml#CallCriticalErr_PutDataNonFriday"/>
  </swimlanes>
  <swimlanes x="388" y="736" name="Swimlane" orientation="VERTICAL">
    <elements href="assembly.xml#AsyncMediation16"/>
    <elements href="assembly.xml#CallCriticalErr11"/>
  </swimlanes>
  <swimlanes x="-82" y="34" name="Swimlane" orientation="VERTICAL" elements="//@swimlanes.8 //@swimlanes.0 //@swimlanes.19 //@swimlanes.5 //@swimlanes.20 //@swimlanes.21 //@swimlanes.26 //@swimlanes.27 //@swimlanes.31 //@swimlanes.44"/>
  <swimlanes x="2004" y="4072" name="Swimlane" elements="//@swimlanes.15 //@swimlanes.10"/>
  <swimlanes x="405" y="913" name="Swimlane" orientation="VERTICAL">
    <elements href="assembly.xml#AsyncMediation9"/>
    <elements href="assembly.xml#CallCriticalErr_InvalidEE"/>
  </swimlanes>
  <swimlanes x="458" y="1400" name="Swimlane" orientation="VERTICAL">
    <elements href="assembly.xml#AsyncMediation14"/>
    <elements href="assembly.xml#CallCriticalErr_fieldValidation"/>
  </swimlanes>
  <swimlanes x="533" y="2232" name="Swimlane" orientation="VERTICAL">
    <elements href="assembly.xml#AsyncMediation25"/>
    <elements href="assembly.xml#CallCriticalErr_PutData"/>
  </swimlanes>
  <swimlanes x="577" y="2862" name="Swimlane" orientation="VERTICAL">
    <elements href="assembly.xml#AsyncMediation41"/>
    <elements href="assembly.xml#CallCriticalErr_AdjustTime"/>
  </swimlanes>
  <swimlanes x="838" y="3478" name="Swimlane" orientation="VERTICAL">
    <elements href="assembly.xml#AsyncMediation35"/>
    <elements href="assembly.xml#CallCriticalErr_AggregatorLocal"/>
  </swimlanes>
  <swimlanes x="1909" y="2869" name="Swimlane" orientation="VERTICAL">
    <elements href="assembly.xml#AsyncMediation250"/>
    <elements href="assembly.xml#CallCriticalErr_ReportFlow"/>
  </swimlanes>
  <swimlanes x="3789" y="2885" name="Swimlane" orientation="VERTICAL">
    <elements href="assembly.xml#AsyncMediation30"/>
    <elements href="assembly.xml#CallCriticalErr_AS30_Error"/>
  </swimlanes>
  <swimlanes x="1429" y="4610" name="" orientation="VERTICAL">
    <elements href="assembly.xml#GetImpProMessResonse0"/>
    <elements href="assembly.xml#CallCriticalErr_GetImProMessResponse"/>
  </swimlanes>
  <swimlanes x="301" y="3440" name="Swimlane" orientation="VERTICAL">
    <elements href="assembly.xml#AsyncMediation32"/>
    <elements href="assembly.xml#CallCriticalErr_AggregatorLocalXslt"/>
  </swimlanes>
  <swimlanes x="1176" y="2650" name="Swimlane" orientation="VERTICAL">
    <elements href="assembly.xml#AsyncMediation50"/>
    <elements href="assembly.xml#CallCriticalErr_PutDataFriday"/>
  </swimlanes>
  <swimlanes x="848" y="814" name="Swimlane" orientation="VERTICAL">
    <elements href="assembly.xml#AsyncMediation"/>
    <elements href="assembly.xml#CallCriticalErr_InboundFileTransform"/>
  </swimlanes>
</wdnm:Diagram>
