<?xml version="1.0" encoding="UTF-8"?><assembly-audit application="cloud-slave" business-process-id="be2eed43627001ea17a0230ec224f009" common-request-id="ESB|890f23c4-b4c8-4d0c-a5b3-0f6f7e0d9ed4" customer-id="alight_pt1" entry-point="INT9071_Payroll_Engine_for_Common_Payroll_Input.INT9071_Payroll_Engine_for_Common_Payroll_Input.StartHere" initial-memory-usage="98" reference-id="be2eed43627001d7a501230ec224ef09" start-millis="1601157666821" status="active" utc-started-timestamp="2020-09-27T05:01:06.821Z">
	<events>
		<audit-event application-name="wcc" common-request-id="ESB|890f23c4-b4c8-4d0c-a5b3-0f6f7e0d9ed4" end-millis="1601157669148" end-time="2020-09-27T05:01:09.148Z" event="COMPLETED" source-id="wcc.local-in.GetEventDocuments" source-type="TRANSPORT" start-millis="1601157666926" start-time="2020-09-27T05:01:06.926Z"/>
		<audit-event application-name="wcc" common-request-id="ESB|890f23c4-b4c8-4d0c-a5b3-0f6f7e0d9ed4" end-millis="1601157670686" end-time="2020-09-27T05:01:10.686Z" event="COMPLETED" source-id="EventInitDocOrWssForGED" source-type="ROUTE" start-millis="1601157669151" start-time="2020-09-27T05:01:09.151Z"/>
		<audit-event application-name="wcc" common-request-id="ESB|890f23c4-b4c8-4d0c-a5b3-0f6f7e0d9ed4" component="WriteStep" end-millis="1601157669183" end-time="2020-09-27T05:01:09.183Z" event="COMPLETED" source-id="WriteAndParseEventDocsWws.request.0.WriteMessage" source-type="STEP" start-millis="1601157669163" start-time="2020-09-27T05:01:09.163Z"/>
		<audit-event application-name="wcc" common-request-id="ESB|890f23c4-b4c8-4d0c-a5b3-0f6f7e0d9ed4" component="CustomStep" end-millis="1601157669184" end-time="2020-09-27T05:01:09.184Z" event="COMPLETED" source-id="UseMetadataAccountToken.request.0.AddAuthToken" source-type="STEP" start-millis="1601157669183" start-time="2020-09-27T05:01:09.183Z"/>
		<audit-event application-name="wcc" common-request-id="ESB|890f23c4-b4c8-4d0c-a5b3-0f6f7e0d9ed4" end-millis="1601157670600" end-time="2020-09-27T05:01:10.6Z" event="COMPLETED" source-id="WccDetermineEndpoint" source-type="ROUTE" start-millis="1601157669184" start-time="2020-09-27T05:01:09.184Z"/>
		<audit-event application-name="wcc" common-request-id="ESB|890f23c4-b4c8-4d0c-a5b3-0f6f7e0d9ed4" end-millis="1601157669189" end-time="2020-09-27T05:01:09.189Z" event="COMPLETED" source-id="IntegrationsWebService.wsdl-soap-binding.out" source-type="OTHER" start-millis="1601157669186" start-time="2020-09-27T05:01:09.186Z"/>
		<audit-event application-name="wcc" common-request-id="ESB|890f23c4-b4c8-4d0c-a5b3-0f6f7e0d9ed4" end-millis="1601157670580" end-time="2020-09-27T05:01:10.58Z" event="COMPLETED" source-id="IntegrationsWebService" source-type="TRANSPORT" start-millis="1601157669476" start-time="2020-09-27T05:01:09.476Z"/>
		<audit-event application-name="wcc" common-request-id="ESB|890f23c4-b4c8-4d0c-a5b3-0f6f7e0d9ed4" component="CustomStep" end-millis="1601157670601" end-time="2020-09-27T05:01:10.601Z" event="COMPLETED" source-id="UseMetadataAccountToken.response.0.RemoveAuthToken" source-type="STEP" start-millis="1601157670600" start-time="2020-09-27T05:01:10.6Z"/>
		<audit-event application-name="wcc" common-request-id="ESB|890f23c4-b4c8-4d0c-a5b3-0f6f7e0d9ed4" component="CustomStep" end-millis="1601157670686" end-time="2020-09-27T05:01:10.686Z" event="COMPLETED" source-id="WriteAndParseEventDocsWws.response.0.ParseEventDocuments" source-type="STEP" start-millis="1601157670601" start-time="2020-09-27T05:01:10.601Z"/>
		<audit-event application-name="INT9071_Payroll_Engine_for_Common_Payroll_Input" common-request-id="ESB|890f23c4-b4c8-4d0c-a5b3-0f6f7e0d9ed4" end-millis="1601157672393" end-time="2020-09-27T05:01:12.393Z" endpoint="vm://wcc/GetIntegrationSystems" event="COMPLETED" source-id="INT9071_Payroll_Engine_for_Common_Payroll_Input.workday-in.StartHere.local-out" source-type="TRANSPORT" start-millis="1601157670687" start-time="2020-09-27T05:01:10.687Z"/>
		<audit-event application-name="wcc" common-request-id="ESB|890f23c4-b4c8-4d0c-a5b3-0f6f7e0d9ed4" end-millis="1601157670687" end-time="2020-09-27T05:01:10.687Z" event="COMPLETED" source-id="wcc.local-in.GetIntegrationSystems" source-type="TRANSPORT" start-millis="1601157670687" start-time="2020-09-27T05:01:10.687Z"/>
		<audit-event application-name="wcc" common-request-id="ESB|890f23c4-b4c8-4d0c-a5b3-0f6f7e0d9ed4" end-millis="1601157672392" end-time="2020-09-27T05:01:12.392Z" event="COMPLETED" source-id="EventInitDocOrWssForGIS" source-type="ROUTE" start-millis="1601157670688" start-time="2020-09-27T05:01:10.688Z"/>
		<audit-event application-name="wcc" common-request-id="ESB|890f23c4-b4c8-4d0c-a5b3-0f6f7e0d9ed4" component="WriteStep" end-millis="1601157670690" end-time="2020-09-27T05:01:10.69Z" event="COMPLETED" source-id="WriteAndParseIntSysWws.request.0.CreateRequest" source-type="STEP" start-millis="1601157670689" start-time="2020-09-27T05:01:10.689Z"/>
		<audit-event application-name="wcc" common-request-id="ESB|890f23c4-b4c8-4d0c-a5b3-0f6f7e0d9ed4" component="CustomStep" end-millis="1601157670690" end-time="2020-09-27T05:01:10.69Z" event="COMPLETED" source-id="UseMetadataAccountToken.request.0.AddAuthToken" source-type="STEP" start-millis="1601157670690" start-time="2020-09-27T05:01:10.69Z"/>
		<audit-event application-name="wcc" common-request-id="ESB|890f23c4-b4c8-4d0c-a5b3-0f6f7e0d9ed4" end-millis="1601157672373" end-time="2020-09-27T05:01:12.373Z" event="COMPLETED" source-id="WccDetermineEndpoint" source-type="ROUTE" start-millis="1601157670690" start-time="2020-09-27T05:01:10.69Z"/>
		<audit-event application-name="wcc" common-request-id="ESB|890f23c4-b4c8-4d0c-a5b3-0f6f7e0d9ed4" end-millis="1601157670691" end-time="2020-09-27T05:01:10.691Z" event="COMPLETED" source-id="IntegrationsWebService.wsdl-soap-binding.out" source-type="OTHER" start-millis="1601157670690" start-time="2020-09-27T05:01:10.69Z"/>
		<audit-event application-name="wcc" common-request-id="ESB|890f23c4-b4c8-4d0c-a5b3-0f6f7e0d9ed4" end-millis="1601157672345" end-time="2020-09-27T05:01:12.345Z" event="COMPLETED" source-id="IntegrationsWebService" source-type="TRANSPORT" start-millis="1601157670710" start-time="2020-09-27T05:01:10.71Z"/>
		<audit-event application-name="wcc" common-request-id="ESB|890f23c4-b4c8-4d0c-a5b3-0f6f7e0d9ed4" component="CustomStep" end-millis="1601157672374" end-time="2020-09-27T05:01:12.374Z" event="COMPLETED" source-id="UseMetadataAccountToken.response.0.RemoveAuthToken" source-type="STEP" start-millis="1601157672373" start-time="2020-09-27T05:01:12.373Z"/>
		<audit-event application-name="wcc" common-request-id="ESB|890f23c4-b4c8-4d0c-a5b3-0f6f7e0d9ed4" component="CustomStep" end-millis="1601157672392" end-time="2020-09-27T05:01:12.392Z" event="COMPLETED" source-id="WriteAndParseIntSysWws.response.0.ParseIntegrationSystems" source-type="STEP" start-millis="1601157672374" start-time="2020-09-27T05:01:12.374Z"/>
		<audit-event application-name="INT9071_Payroll_Engine_for_Common_Payroll_Input" common-request-id="ESB|890f23c4-b4c8-4d0c-a5b3-0f6f7e0d9ed4" end-millis="1601157687230" end-time="2020-09-27T05:01:27.23Z" endpoint="vm://INT9071_Payroll_Engine_for_Common_Payroll_Input/Setup" event="COMPLETED" source-id="Call-Setup" source-type="TRANSPORT" start-millis="1601157672393" start-time="2020-09-27T05:01:12.393Z"/>
		<audit-event application-name="INT9071_Payroll_Engine_for_Common_Payroll_Input" common-request-id="ESB|890f23c4-b4c8-4d0c-a5b3-0f6f7e0d9ed4" end-millis="1601157685847" end-time="2020-09-27T05:01:25.847Z" event="COMPLETED" source-id="INT9071_Payroll_Engine_for_Common_Payroll_Input.local-in.Setup" source-type="TRANSPORT" start-millis="1601157685847" start-time="2020-09-27T05:01:25.847Z"/>
		<audit-event application-name="INT9071_Payroll_Engine_for_Common_Payroll_Input" common-request-id="ESB|890f23c4-b4c8-4d0c-a5b3-0f6f7e0d9ed4" component="EvalStep" end-millis="1601157686313" end-time="2020-09-27T05:01:26.313Z" event="COMPLETED" source-id="SetupProperties.request.0.GlobalFlags" source-type="STEP" start-millis="1601157685847" start-time="2020-09-27T05:01:25.847Z"/>
		<audit-event application-name="INT9071_Payroll_Engine_for_Common_Payroll_Input" common-request-id="ESB|890f23c4-b4c8-4d0c-a5b3-0f6f7e0d9ed4" component="EvalStep" end-millis="1601157686316" end-time="2020-09-27T05:01:26.316Z" event="COMPLETED" source-id="SetupProperties.request.1.Attributes" source-type="STEP" start-millis="1601157686313" start-time="2020-09-27T05:01:26.313Z"/>
		<audit-event application-name="INT9071_Payroll_Engine_for_Common_Payroll_Input" common-request-id="ESB|890f23c4-b4c8-4d0c-a5b3-0f6f7e0d9ed4" component="EvalStep" end-millis="1601157686319" end-time="2020-09-27T05:01:26.319Z" event="COMPLETED" source-id="SetupProperties.request.2.LaunchParams" source-type="STEP" start-millis="1601157686316" start-time="2020-09-27T05:01:26.316Z"/>
		<audit-event application-name="INT9071_Payroll_Engine_for_Common_Payroll_Input" common-request-id="ESB|890f23c4-b4c8-4d0c-a5b3-0f6f7e0d9ed4" component="WriteStep" end-millis="1601157686321" end-time="2020-09-27T05:01:26.321Z" event="COMPLETED" source-id="SetupProperties.request.3.Vars.XMLFiles" source-type="STEP" start-millis="1601157686319" start-time="2020-09-27T05:01:26.319Z"/>
		<audit-event application-name="INT9071_Payroll_Engine_for_Common_Payroll_Input" common-request-id="ESB|890f23c4-b4c8-4d0c-a5b3-0f6f7e0d9ed4" component="WriteStep" end-millis="1601157686321" end-time="2020-09-27T05:01:26.321Z" event="COMPLETED" source-id="SetupProperties.request.4.Vars.ExistingInputs" source-type="STEP" start-millis="1601157686321" start-time="2020-09-27T05:01:26.321Z"/>
		<audit-event application-name="INT9071_Payroll_Engine_for_Common_Payroll_Input" common-request-id="ESB|890f23c4-b4c8-4d0c-a5b3-0f6f7e0d9ed4" component="LogStep" end-millis="1601157686324" end-time="2020-09-27T05:01:26.324Z" event="COMPLETED" source-id="SetupProperties.request.5.Log" source-type="STEP" start-millis="1601157686321" start-time="2020-09-27T05:01:26.321Z"/>
		<audit-event application-name="INT9071_Payroll_Engine_for_Common_Payroll_Input" common-request-id="ESB|890f23c4-b4c8-4d0c-a5b3-0f6f7e0d9ed4" end-millis="1601157687230" end-time="2020-09-27T05:01:27.23Z" endpoint="vm://wcc/PutIntegrationMessage" event="COMPLETED" source-id="INFO-Setup-Complete" source-type="TRANSPORT" start-millis="1601157686325" start-time="2020-09-27T05:01:26.325Z"/>
		<audit-event application-name="wcc" common-request-id="ESB|890f23c4-b4c8-4d0c-a5b3-0f6f7e0d9ed4" end-millis="1601157686331" end-time="2020-09-27T05:01:26.331Z" event="COMPLETED" source-id="wcc.local-in.PutIntegrationMessage" source-type="TRANSPORT" start-millis="1601157686325" start-time="2020-09-27T05:01:26.325Z"/>
		<audit-event application-name="wcc" common-request-id="ESB|890f23c4-b4c8-4d0c-a5b3-0f6f7e0d9ed4" component="EvalStep" end-millis="1601157686338" end-time="2020-09-27T05:01:26.338Z" event="COMPLETED" source-id="CompareSeverityAndLog.request.0.InitAndIncrementPIMCount" source-type="STEP" start-millis="1601157686335" start-time="2020-09-27T05:01:26.335Z"/>
		<audit-event application-name="wcc" common-request-id="ESB|890f23c4-b4c8-4d0c-a5b3-0f6f7e0d9ed4" component="EvalStep" end-millis="1601157686358" end-time="2020-09-27T05:01:26.358Z" event="COMPLETED" source-id="CompareSeverityAndLog.request.1.CompareSeverityToMax" source-type="STEP" start-millis="1601157686338" start-time="2020-09-27T05:01:26.338Z"/>
		<audit-event application-name="wcc" common-request-id="ESB|890f23c4-b4c8-4d0c-a5b3-0f6f7e0d9ed4" component="LogStep" end-millis="1601157686359" end-time="2020-09-27T05:01:26.359Z" event="COMPLETED" source-id="CompareSeverityAndLog.request.2.LogMessages" source-type="STEP" start-millis="1601157686358" start-time="2020-09-27T05:01:26.358Z"/>
		<audit-event application-name="wcc" common-request-id="ESB|890f23c4-b4c8-4d0c-a5b3-0f6f7e0d9ed4" component="EvalStep" end-millis="1601157686360" end-time="2020-09-27T05:01:26.36Z" event="COMPLETED" source-id="CompareSeverityAndLog.request.3.checkDocumentParams" source-type="STEP" start-millis="1601157686359" start-time="2020-09-27T05:01:26.359Z"/>
		<audit-event application-name="wcc" common-request-id="ESB|890f23c4-b4c8-4d0c-a5b3-0f6f7e0d9ed4" component="EvalStep" end-millis="1601157686369" end-time="2020-09-27T05:01:26.369Z" event="COMPLETED" source-id="CompareSeverityAndLog.request.4.SetEarlyComplete" source-type="STEP" start-millis="1601157686361" start-time="2020-09-27T05:01:26.361Z"/>
		<audit-event application-name="wcc" common-request-id="ESB|890f23c4-b4c8-4d0c-a5b3-0f6f7e0d9ed4" end-millis="1601157687229" end-time="2020-09-27T05:01:27.229Z" event="COMPLETED" source-id="EarlyCompleteOrContinue" source-type="ROUTE" start-millis="1601157686369" start-time="2020-09-27T05:01:26.369Z"/>
		<audit-event application-name="wcc" common-request-id="ESB|890f23c4-b4c8-4d0c-a5b3-0f6f7e0d9ed4" component="EvalStep" end-millis="1601157686375" end-time="2020-09-27T05:01:26.375Z" event="COMPLETED" source-id="CheckSetInfoMessage.request.0.CheckSetInfoMessage" source-type="STEP" start-millis="1601157686374" start-time="2020-09-27T05:01:26.374Z"/>
		<audit-event application-name="wcc" common-request-id="ESB|890f23c4-b4c8-4d0c-a5b3-0f6f7e0d9ed4" component="CustomStep" end-millis="1601157686376" end-time="2020-09-27T05:01:26.376Z" event="COMPLETED" source-id="GenerateRequest.request.0.GenerateRepositoryDocumentXML" source-type="STEP" start-millis="1601157686375" start-time="2020-09-27T05:01:26.375Z"/>
		<audit-event application-name="wcc" common-request-id="ESB|890f23c4-b4c8-4d0c-a5b3-0f6f7e0d9ed4" component="WriteStep" end-millis="1601157686377" end-time="2020-09-27T05:01:26.377Z" event="COMPLETED" source-id="GenerateRequest.request.1.CreateRequest" source-type="STEP" start-millis="1601157686376" start-time="2020-09-27T05:01:26.376Z"/>
		<audit-event application-name="wcc" common-request-id="ESB|890f23c4-b4c8-4d0c-a5b3-0f6f7e0d9ed4" component="CustomStep" end-millis="1601157686382" end-time="2020-09-27T05:01:26.382Z" event="COMPLETED" source-id="GenerateRequest.request.2.AddToMessage" source-type="STEP" start-millis="1601157686377" start-time="2020-09-27T05:01:26.377Z"/>
		<audit-event application-name="wcc" common-request-id="ESB|890f23c4-b4c8-4d0c-a5b3-0f6f7e0d9ed4" end-millis="1601157687228" end-time="2020-09-27T05:01:27.228Z" event="COMPLETED" source-id="CheckMessageStorage" source-type="ROUTE" start-millis="1601157686382" start-time="2020-09-27T05:01:26.382Z"/>
		<audit-event application-name="wcc" common-request-id="ESB|890f23c4-b4c8-4d0c-a5b3-0f6f7e0d9ed4" component="CustomStep" end-millis="1601157686384" end-time="2020-09-27T05:01:26.384Z" event="COMPLETED" source-id="UseMetadataAccountTokenNoStore.request.0.AddAuthToken" source-type="STEP" start-millis="1601157686383" start-time="2020-09-27T05:01:26.383Z"/>
		<audit-event application-name="wcc" common-request-id="ESB|890f23c4-b4c8-4d0c-a5b3-0f6f7e0d9ed4" end-millis="1601157687228" end-time="2020-09-27T05:01:27.228Z" event="COMPLETED" source-id="WccDetermineEndpointNoStore" source-type="ROUTE" start-millis="1601157686384" start-time="2020-09-27T05:01:26.384Z"/>
		<audit-event application-name="wcc" common-request-id="ESB|890f23c4-b4c8-4d0c-a5b3-0f6f7e0d9ed4" end-millis="1601157686389" end-time="2020-09-27T05:01:26.389Z" event="COMPLETED" source-id="IntegrationsWebServiceNoStoreMessage.wsdl-soap-binding.out" source-type="OTHER" start-millis="1601157686384" start-time="2020-09-27T05:01:26.384Z"/>
		<audit-event application-name="wcc" common-request-id="ESB|890f23c4-b4c8-4d0c-a5b3-0f6f7e0d9ed4" end-millis="1601157687228" end-time="2020-09-27T05:01:27.228Z" event="COMPLETED" source-id="IntegrationsWebServiceNoStoreMessage" source-type="TRANSPORT" start-millis="1601157686389" start-time="2020-09-27T05:01:26.389Z"/>
		<audit-event application-name="wcc" common-request-id="ESB|890f23c4-b4c8-4d0c-a5b3-0f6f7e0d9ed4" component="CustomStep" end-millis="1601157687228" end-time="2020-09-27T05:01:27.228Z" event="COMPLETED" source-id="UseMetadataAccountTokenNoStore.response.0.RemoveAuthToken_2" source-type="STEP" start-millis="1601157687228" start-time="2020-09-27T05:01:27.228Z"/>
		<audit-event application-name="INT9071_Payroll_Engine_for_Common_Payroll_Input" common-request-id="ESB|890f23c4-b4c8-4d0c-a5b3-0f6f7e0d9ed4" end-millis="1601157713717" end-time="2020-09-27T05:01:53.717Z" endpoint="vm://INT9071_Payroll_Engine_for_Common_Payroll_Input/GetPayrollConfig" event="COMPLETED" source-id="Call-GetPayrollConfig" source-type="TRANSPORT" start-millis="1601157687231" start-time="2020-09-27T05:01:27.231Z"/>
		<audit-event application-name="INT9071_Payroll_Engine_for_Common_Payroll_Input" common-request-id="ESB|890f23c4-b4c8-4d0c-a5b3-0f6f7e0d9ed4" end-millis="1601157689595" end-time="2020-09-27T05:01:29.595Z" event="COMPLETED" source-id="INT9071_Payroll_Engine_for_Common_Payroll_Input.local-in.GetPayrollConfig" source-type="TRANSPORT" start-millis="1601157689595" start-time="2020-09-27T05:01:29.595Z"/>
		<audit-event application-name="INT9071_Payroll_Engine_for_Common_Payroll_Input" common-request-id="ESB|890f23c4-b4c8-4d0c-a5b3-0f6f7e0d9ed4" end-millis="1601157700706" end-time="2020-09-27T05:01:40.706Z" event="COMPLETED" source-id="RouteAllConfiguration" source-type="ROUTE" start-millis="1601157689595" start-time="2020-09-27T05:01:29.595Z"/>
		<audit-event application-name="INT9071_Payroll_Engine_for_Common_Payroll_Input" common-request-id="ESB|890f23c4-b4c8-4d0c-a5b3-0f6f7e0d9ed4" end-millis="1601157694363" end-time="2020-09-27T05:01:34.363Z" event="COMPLETED" source-id="RAAS-GetEarnings" source-type="TRANSPORT" start-millis="1601157689601" start-time="2020-09-27T05:01:29.601Z"/>
		<audit-event application-name="INT9071_Payroll_Engine_for_Common_Payroll_Input" common-request-id="ESB|890f23c4-b4c8-4d0c-a5b3-0f6f7e0d9ed4" end-millis="1601157694354" end-time="2020-09-27T05:01:34.354Z" event="COMPLETED" source-id="ppg.aggCollater" source-type="OTHER" start-millis="1601157694328" start-time="2020-09-27T05:01:34.328Z"/>
		<audit-event application-name="INT9071_Payroll_Engine_for_Common_Payroll_Input" common-request-id="ESB|890f23c4-b4c8-4d0c-a5b3-0f6f7e0d9ed4" end-millis="1601157694362" end-time="2020-09-27T05:01:34.362Z" event="COMPLETED" source-id="ppg.aggCollater" source-type="OTHER" start-millis="1601157694360" start-time="2020-09-27T05:01:34.36Z"/>
		<audit-event application-name="INT9071_Payroll_Engine_for_Common_Payroll_Input" common-request-id="ESB|890f23c4-b4c8-4d0c-a5b3-0f6f7e0d9ed4" component="XsltPlusStep" end-millis="1601157699811" end-time="2020-09-27T05:01:39.811Z" event="COMPLETED" source-id="GetEarnings-PopulateHashMaps.request.0.XsltPlus" source-type="STEP" start-millis="1601157694363" start-time="2020-09-27T05:01:34.363Z"/>
		<audit-event application-name="INT9071_Payroll_Engine_for_Common_Payroll_Input" common-request-id="ESB|890f23c4-b4c8-4d0c-a5b3-0f6f7e0d9ed4" component="CopyStep" end-millis="1601157699812" end-time="2020-09-27T05:01:39.812Z" event="COMPLETED" source-id="GetEarnings-PopulateHashMaps.request.1.Copy" source-type="STEP" start-millis="1601157699812" start-time="2020-09-27T05:01:39.812Z"/>
		<audit-event application-name="INT9071_Payroll_Engine_for_Common_Payroll_Input" common-request-id="ESB|890f23c4-b4c8-4d0c-a5b3-0f6f7e0d9ed4" component="LogStep" end-millis="1601157699814" end-time="2020-09-27T05:01:39.814Z" event="COMPLETED" source-id="GetEarnings-PopulateHashMaps.request.2.Log" source-type="STEP" start-millis="1601157699813" start-time="2020-09-27T05:01:39.813Z"/>
		<audit-event application-name="INT9071_Payroll_Engine_for_Common_Payroll_Input" common-request-id="ESB|890f23c4-b4c8-4d0c-a5b3-0f6f7e0d9ed4" component="WriteStep" end-millis="1601157699815" end-time="2020-09-27T05:01:39.815Z" event="COMPLETED" source-id="GetEarnings-PopulateHashMaps.request.3.Wipe" source-type="STEP" start-millis="1601157699814" start-time="2020-09-27T05:01:39.814Z"/>
		<audit-event application-name="INT9071_Payroll_Engine_for_Common_Payroll_Input" common-request-id="ESB|890f23c4-b4c8-4d0c-a5b3-0f6f7e0d9ed4" end-millis="1601157700706" end-time="2020-09-27T05:01:40.706Z" endpoint="vm://wcc/PutIntegrationMessage" event="COMPLETED" source-id="INFO-GetEarnings" source-type="TRANSPORT" start-millis="1601157699815" start-time="2020-09-27T05:01:39.815Z"/>
		<audit-event application-name="wcc" common-request-id="ESB|890f23c4-b4c8-4d0c-a5b3-0f6f7e0d9ed4" end-millis="1601157699816" end-time="2020-09-27T05:01:39.816Z" event="COMPLETED" source-id="wcc.local-in.PutIntegrationMessage" source-type="TRANSPORT" start-millis="1601157699815" start-time="2020-09-27T05:01:39.815Z"/>
		<audit-event application-name="wcc" common-request-id="ESB|890f23c4-b4c8-4d0c-a5b3-0f6f7e0d9ed4" component="EvalStep" end-millis="1601157699822" end-time="2020-09-27T05:01:39.822Z" event="COMPLETED" source-id="CompareSeverityAndLog.request.0.InitAndIncrementPIMCount" source-type="STEP" start-millis="1601157699822" start-time="2020-09-27T05:01:39.822Z"/>
		<audit-event application-name="wcc" common-request-id="ESB|890f23c4-b4c8-4d0c-a5b3-0f6f7e0d9ed4" component="EvalStep" end-millis="1601157699823" end-time="2020-09-27T05:01:39.823Z" event="COMPLETED" source-id="CompareSeverityAndLog.request.1.CompareSeverityToMax" source-type="STEP" start-millis="1601157699822" start-time="2020-09-27T05:01:39.822Z"/>
		<audit-event application-name="wcc" common-request-id="ESB|890f23c4-b4c8-4d0c-a5b3-0f6f7e0d9ed4" component="LogStep" end-millis="1601157699824" end-time="2020-09-27T05:01:39.824Z" event="COMPLETED" source-id="CompareSeverityAndLog.request.2.LogMessages" source-type="STEP" start-millis="1601157699823" start-time="2020-09-27T05:01:39.823Z"/>
		<audit-event application-name="wcc" common-request-id="ESB|890f23c4-b4c8-4d0c-a5b3-0f6f7e0d9ed4" component="EvalStep" end-millis="1601157699824" end-time="2020-09-27T05:01:39.824Z" event="COMPLETED" source-id="CompareSeverityAndLog.request.3.checkDocumentParams" source-type="STEP" start-millis="1601157699824" start-time="2020-09-27T05:01:39.824Z"/>
		<audit-event application-name="wcc" common-request-id="ESB|890f23c4-b4c8-4d0c-a5b3-0f6f7e0d9ed4" component="EvalStep" end-millis="1601157699824" end-time="2020-09-27T05:01:39.824Z" event="COMPLETED" source-id="CompareSeverityAndLog.request.4.SetEarlyComplete" source-type="STEP" start-millis="1601157699824" start-time="2020-09-27T05:01:39.824Z"/>
		<audit-event application-name="wcc" common-request-id="ESB|890f23c4-b4c8-4d0c-a5b3-0f6f7e0d9ed4" end-millis="1601157700705" end-time="2020-09-27T05:01:40.705Z" event="COMPLETED" source-id="EarlyCompleteOrContinue" source-type="ROUTE" start-millis="1601157699824" start-time="2020-09-27T05:01:39.824Z"/>
		<audit-event application-name="wcc" common-request-id="ESB|890f23c4-b4c8-4d0c-a5b3-0f6f7e0d9ed4" component="EvalStep" end-millis="1601157699828" end-time="2020-09-27T05:01:39.828Z" event="COMPLETED" source-id="CheckSetInfoMessage.request.0.CheckSetInfoMessage" source-type="STEP" start-millis="1601157699828" start-time="2020-09-27T05:01:39.828Z"/>
		<audit-event application-name="wcc" common-request-id="ESB|890f23c4-b4c8-4d0c-a5b3-0f6f7e0d9ed4" component="CustomStep" end-millis="1601157699829" end-time="2020-09-27T05:01:39.829Z" event="COMPLETED" source-id="GenerateRequest.request.0.GenerateRepositoryDocumentXML" source-type="STEP" start-millis="1601157699828" start-time="2020-09-27T05:01:39.828Z"/>
		<audit-event application-name="wcc" common-request-id="ESB|890f23c4-b4c8-4d0c-a5b3-0f6f7e0d9ed4" component="WriteStep" end-millis="1601157699830" end-time="2020-09-27T05:01:39.83Z" event="COMPLETED" source-id="GenerateRequest.request.1.CreateRequest" source-type="STEP" start-millis="1601157699829" start-time="2020-09-27T05:01:39.829Z"/>
		<audit-event application-name="wcc" common-request-id="ESB|890f23c4-b4c8-4d0c-a5b3-0f6f7e0d9ed4" component="CustomStep" end-millis="1601157699834" end-time="2020-09-27T05:01:39.834Z" event="COMPLETED" source-id="GenerateRequest.request.2.AddToMessage" source-type="STEP" start-millis="1601157699830" start-time="2020-09-27T05:01:39.83Z"/>
		<audit-event application-name="wcc" common-request-id="ESB|890f23c4-b4c8-4d0c-a5b3-0f6f7e0d9ed4" end-millis="1601157700705" end-time="2020-09-27T05:01:40.705Z" event="COMPLETED" source-id="CheckMessageStorage" source-type="ROUTE" start-millis="1601157699834" start-time="2020-09-27T05:01:39.834Z"/>
		<audit-event application-name="wcc" common-request-id="ESB|890f23c4-b4c8-4d0c-a5b3-0f6f7e0d9ed4" component="CustomStep" end-millis="1601157699835" end-time="2020-09-27T05:01:39.835Z" event="COMPLETED" source-id="UseMetadataAccountTokenNoStore.request.0.AddAuthToken" source-type="STEP" start-millis="1601157699834" start-time="2020-09-27T05:01:39.834Z"/>
		<audit-event application-name="wcc" common-request-id="ESB|890f23c4-b4c8-4d0c-a5b3-0f6f7e0d9ed4" end-millis="1601157700704" end-time="2020-09-27T05:01:40.704Z" event="COMPLETED" source-id="WccDetermineEndpointNoStore" source-type="ROUTE" start-millis="1601157699835" start-time="2020-09-27T05:01:39.835Z"/>
		<audit-event application-name="wcc" common-request-id="ESB|890f23c4-b4c8-4d0c-a5b3-0f6f7e0d9ed4" end-millis="1601157699837" end-time="2020-09-27T05:01:39.837Z" event="COMPLETED" source-id="IntegrationsWebServiceNoStoreMessage.wsdl-soap-binding.out" source-type="OTHER" start-millis="1601157699835" start-time="2020-09-27T05:01:39.835Z"/>
		<audit-event application-name="wcc" common-request-id="ESB|890f23c4-b4c8-4d0c-a5b3-0f6f7e0d9ed4" end-millis="1601157700704" end-time="2020-09-27T05:01:40.704Z" event="COMPLETED" source-id="IntegrationsWebServiceNoStoreMessage" source-type="TRANSPORT" start-millis="1601157699837" start-time="2020-09-27T05:01:39.837Z"/>
		<audit-event application-name="wcc" common-request-id="ESB|890f23c4-b4c8-4d0c-a5b3-0f6f7e0d9ed4" component="CustomStep" end-millis="1601157700705" end-time="2020-09-27T05:01:40.705Z" event="COMPLETED" source-id="UseMetadataAccountTokenNoStore.response.0.RemoveAuthToken_2" source-type="STEP" start-millis="1601157700704" start-time="2020-09-27T05:01:40.704Z"/>
		<audit-event application-name="INT9071_Payroll_Engine_for_Common_Payroll_Input" common-request-id="ESB|890f23c4-b4c8-4d0c-a5b3-0f6f7e0d9ed4" end-millis="1601157707374" end-time="2020-09-27T05:01:47.374Z" event="COMPLETED" source-id="RouteAllConfiguration" source-type="ROUTE" start-millis="1601157700706" start-time="2020-09-27T05:01:40.706Z"/>
		<audit-event application-name="INT9071_Payroll_Engine_for_Common_Payroll_Input" common-request-id="ESB|890f23c4-b4c8-4d0c-a5b3-0f6f7e0d9ed4" end-millis="1601157706357" end-time="2020-09-27T05:01:46.357Z" event="COMPLETED" source-id="RAAS-GetDeductions" source-type="TRANSPORT" start-millis="1601157700706" start-time="2020-09-27T05:01:40.706Z"/>
		<audit-event application-name="INT9071_Payroll_Engine_for_Common_Payroll_Input" common-request-id="ESB|890f23c4-b4c8-4d0c-a5b3-0f6f7e0d9ed4" end-millis="1601157706352" end-time="2020-09-27T05:01:46.352Z" event="COMPLETED" source-id="ppg.aggCollater" source-type="OTHER" start-millis="1601157706324" start-time="2020-09-27T05:01:46.324Z"/>
		<audit-event application-name="INT9071_Payroll_Engine_for_Common_Payroll_Input" common-request-id="ESB|890f23c4-b4c8-4d0c-a5b3-0f6f7e0d9ed4" end-millis="1601157706355" end-time="2020-09-27T05:01:46.355Z" event="COMPLETED" source-id="ppg.aggCollater" source-type="OTHER" start-millis="1601157706352" start-time="2020-09-27T05:01:46.352Z"/>
		<audit-event application-name="INT9071_Payroll_Engine_for_Common_Payroll_Input" common-request-id="ESB|890f23c4-b4c8-4d0c-a5b3-0f6f7e0d9ed4" end-millis="1601157706356" end-time="2020-09-27T05:01:46.356Z" event="COMPLETED" source-id="ppg.aggCollater" source-type="OTHER" start-millis="1601157706355" start-time="2020-09-27T05:01:46.355Z"/>
		<audit-event application-name="INT9071_Payroll_Engine_for_Common_Payroll_Input" common-request-id="ESB|890f23c4-b4c8-4d0c-a5b3-0f6f7e0d9ed4" component="XsltPlusStep" end-millis="1601157706473" end-time="2020-09-27T05:01:46.473Z" event="COMPLETED" source-id="GetDeductions-PopulateHashMaps.request.0.XsltPlus" source-type="STEP" start-millis="1601157706357" start-time="2020-09-27T05:01:46.357Z"/>
		<audit-event application-name="INT9071_Payroll_Engine_for_Common_Payroll_Input" common-request-id="ESB|890f23c4-b4c8-4d0c-a5b3-0f6f7e0d9ed4" component="CopyStep" end-millis="1601157706473" end-time="2020-09-27T05:01:46.473Z" event="COMPLETED" source-id="GetDeductions-PopulateHashMaps.request.1.Copy" source-type="STEP" start-millis="1601157706473" start-time="2020-09-27T05:01:46.473Z"/>
		<audit-event application-name="INT9071_Payroll_Engine_for_Common_Payroll_Input" common-request-id="ESB|890f23c4-b4c8-4d0c-a5b3-0f6f7e0d9ed4" component="LogStep" end-millis="1601157706475" end-time="2020-09-27T05:01:46.475Z" event="COMPLETED" source-id="GetDeductions-PopulateHashMaps.request.2.Log" source-type="STEP" start-millis="1601157706474" start-time="2020-09-27T05:01:46.474Z"/>
		<audit-event application-name="INT9071_Payroll_Engine_for_Common_Payroll_Input" common-request-id="ESB|890f23c4-b4c8-4d0c-a5b3-0f6f7e0d9ed4" component="WriteStep" end-millis="1601157706475" end-time="2020-09-27T05:01:46.475Z" event="COMPLETED" source-id="GetDeductions-PopulateHashMaps.request.3.Wipe" source-type="STEP" start-millis="1601157706475" start-time="2020-09-27T05:01:46.475Z"/>
		<audit-event application-name="INT9071_Payroll_Engine_for_Common_Payroll_Input" common-request-id="ESB|890f23c4-b4c8-4d0c-a5b3-0f6f7e0d9ed4" end-millis="1601157707374" end-time="2020-09-27T05:01:47.374Z" endpoint="vm://wcc/PutIntegrationMessage" event="COMPLETED" source-id="INFO-GetDeductions" source-type="TRANSPORT" start-millis="1601157706476" start-time="2020-09-27T05:01:46.476Z"/>
		<audit-event application-name="wcc" common-request-id="ESB|890f23c4-b4c8-4d0c-a5b3-0f6f7e0d9ed4" end-millis="1601157706476" end-time="2020-09-27T05:01:46.476Z" event="COMPLETED" source-id="wcc.local-in.PutIntegrationMessage" source-type="TRANSPORT" start-millis="1601157706476" start-time="2020-09-27T05:01:46.476Z"/>
		<audit-event application-name="wcc" common-request-id="ESB|890f23c4-b4c8-4d0c-a5b3-0f6f7e0d9ed4" component="EvalStep" end-millis="1601157706481" end-time="2020-09-27T05:01:46.481Z" event="COMPLETED" source-id="CompareSeverityAndLog.request.0.InitAndIncrementPIMCount" source-type="STEP" start-millis="1601157706480" start-time="2020-09-27T05:01:46.48Z"/>
		<audit-event application-name="wcc" common-request-id="ESB|890f23c4-b4c8-4d0c-a5b3-0f6f7e0d9ed4" component="EvalStep" end-millis="1601157706481" end-time="2020-09-27T05:01:46.481Z" event="COMPLETED" source-id="CompareSeverityAndLog.request.1.CompareSeverityToMax" source-type="STEP" start-millis="1601157706481" start-time="2020-09-27T05:01:46.481Z"/>
		<audit-event application-name="wcc" common-request-id="ESB|890f23c4-b4c8-4d0c-a5b3-0f6f7e0d9ed4" component="LogStep" end-millis="1601157706482" end-time="2020-09-27T05:01:46.482Z" event="COMPLETED" source-id="CompareSeverityAndLog.request.2.LogMessages" source-type="STEP" start-millis="1601157706481" start-time="2020-09-27T05:01:46.481Z"/>
		<audit-event application-name="wcc" common-request-id="ESB|890f23c4-b4c8-4d0c-a5b3-0f6f7e0d9ed4" component="EvalStep" end-millis="1601157706482" end-time="2020-09-27T05:01:46.482Z" event="COMPLETED" source-id="CompareSeverityAndLog.request.3.checkDocumentParams" source-type="STEP" start-millis="1601157706482" start-time="2020-09-27T05:01:46.482Z"/>
		<audit-event application-name="wcc" common-request-id="ESB|890f23c4-b4c8-4d0c-a5b3-0f6f7e0d9ed4" component="EvalStep" end-millis="1601157706482" end-time="2020-09-27T05:01:46.482Z" event="COMPLETED" source-id="CompareSeverityAndLog.request.4.SetEarlyComplete" source-type="STEP" start-millis="1601157706482" start-time="2020-09-27T05:01:46.482Z"/>
		<audit-event application-name="wcc" common-request-id="ESB|890f23c4-b4c8-4d0c-a5b3-0f6f7e0d9ed4" end-millis="1601157707373" end-time="2020-09-27T05:01:47.373Z" event="COMPLETED" source-id="EarlyCompleteOrContinue" source-type="ROUTE" start-millis="1601157706482" start-time="2020-09-27T05:01:46.482Z"/>
		<audit-event application-name="wcc" common-request-id="ESB|890f23c4-b4c8-4d0c-a5b3-0f6f7e0d9ed4" component="EvalStep" end-millis="1601157706486" end-time="2020-09-27T05:01:46.486Z" event="COMPLETED" source-id="CheckSetInfoMessage.request.0.CheckSetInfoMessage" source-type="STEP" start-millis="1601157706485" start-time="2020-09-27T05:01:46.485Z"/>
		<audit-event application-name="wcc" common-request-id="ESB|890f23c4-b4c8-4d0c-a5b3-0f6f7e0d9ed4" component="CustomStep" end-millis="1601157706486" end-time="2020-09-27T05:01:46.486Z" event="COMPLETED" source-id="GenerateRequest.request.0.GenerateRepositoryDocumentXML" source-type="STEP" start-millis="1601157706486" start-time="2020-09-27T05:01:46.486Z"/>
		<audit-event application-name="wcc" common-request-id="ESB|890f23c4-b4c8-4d0c-a5b3-0f6f7e0d9ed4" component="WriteStep" end-millis="1601157706486" end-time="2020-09-27T05:01:46.486Z" event="COMPLETED" source-id="GenerateRequest.request.1.CreateRequest" source-type="STEP" start-millis="1601157706486" start-time="2020-09-27T05:01:46.486Z"/>
		<audit-event application-name="wcc" common-request-id="ESB|890f23c4-b4c8-4d0c-a5b3-0f6f7e0d9ed4" component="CustomStep" end-millis="1601157706489" end-time="2020-09-27T05:01:46.489Z" event="COMPLETED" source-id="GenerateRequest.request.2.AddToMessage" source-type="STEP" start-millis="1601157706486" start-time="2020-09-27T05:01:46.486Z"/>
		<audit-event application-name="wcc" common-request-id="ESB|890f23c4-b4c8-4d0c-a5b3-0f6f7e0d9ed4" end-millis="1601157707373" end-time="2020-09-27T05:01:47.373Z" event="COMPLETED" source-id="CheckMessageStorage" source-type="ROUTE" start-millis="1601157706489" start-time="2020-09-27T05:01:46.489Z"/>
		<audit-event application-name="wcc" common-request-id="ESB|890f23c4-b4c8-4d0c-a5b3-0f6f7e0d9ed4" component="CustomStep" end-millis="1601157706489" end-time="2020-09-27T05:01:46.489Z" event="COMPLETED" source-id="UseMetadataAccountTokenNoStore.request.0.AddAuthToken" source-type="STEP" start-millis="1601157706489" start-time="2020-09-27T05:01:46.489Z"/>
		<audit-event application-name="wcc" common-request-id="ESB|890f23c4-b4c8-4d0c-a5b3-0f6f7e0d9ed4" end-millis="1601157707373" end-time="2020-09-27T05:01:47.373Z" event="COMPLETED" source-id="WccDetermineEndpointNoStore" source-type="ROUTE" start-millis="1601157706489" start-time="2020-09-27T05:01:46.489Z"/>
		<audit-event application-name="wcc" common-request-id="ESB|890f23c4-b4c8-4d0c-a5b3-0f6f7e0d9ed4" end-millis="1601157706491" end-time="2020-09-27T05:01:46.491Z" event="COMPLETED" source-id="IntegrationsWebServiceNoStoreMessage.wsdl-soap-binding.out" source-type="OTHER" start-millis="1601157706489" start-time="2020-09-27T05:01:46.489Z"/>
		<audit-event application-name="wcc" common-request-id="ESB|890f23c4-b4c8-4d0c-a5b3-0f6f7e0d9ed4" end-millis="1601157707373" end-time="2020-09-27T05:01:47.373Z" event="COMPLETED" source-id="IntegrationsWebServiceNoStoreMessage" source-type="TRANSPORT" start-millis="1601157706491" start-time="2020-09-27T05:01:46.491Z"/>
		<audit-event application-name="wcc" common-request-id="ESB|890f23c4-b4c8-4d0c-a5b3-0f6f7e0d9ed4" component="CustomStep" end-millis="1601157707373" end-time="2020-09-27T05:01:47.373Z" event="COMPLETED" source-id="UseMetadataAccountTokenNoStore.response.0.RemoveAuthToken_2" source-type="STEP" start-millis="1601157707373" start-time="2020-09-27T05:01:47.373Z"/>
		<audit-event application-name="INT9071_Payroll_Engine_for_Common_Payroll_Input" common-request-id="ESB|890f23c4-b4c8-4d0c-a5b3-0f6f7e0d9ed4" end-millis="1601157713717" end-time="2020-09-27T05:01:53.717Z" event="COMPLETED" source-id="RouteAllConfiguration" source-type="ROUTE" start-millis="1601157707374" start-time="2020-09-27T05:01:47.374Z"/>
		<audit-event application-name="INT9071_Payroll_Engine_for_Common_Payroll_Input" common-request-id="ESB|890f23c4-b4c8-4d0c-a5b3-0f6f7e0d9ed4" end-millis="1601157712696" end-time="2020-09-27T05:01:52.696Z" event="COMPLETED" source-id="RAAS-GetRelatedCalculations" source-type="TRANSPORT" start-millis="1601157707374" start-time="2020-09-27T05:01:47.374Z"/>
		<audit-event application-name="INT9071_Payroll_Engine_for_Common_Payroll_Input" common-request-id="ESB|890f23c4-b4c8-4d0c-a5b3-0f6f7e0d9ed4" end-millis="1601157712695" end-time="2020-09-27T05:01:52.695Z" event="COMPLETED" source-id="ppg.aggCollater" source-type="OTHER" start-millis="1601157712688" start-time="2020-09-27T05:01:52.688Z"/>
		<audit-event application-name="INT9071_Payroll_Engine_for_Common_Payroll_Input" common-request-id="ESB|890f23c4-b4c8-4d0c-a5b3-0f6f7e0d9ed4" end-millis="1601157712696" end-time="2020-09-27T05:01:52.696Z" event="COMPLETED" source-id="ppg.aggCollater" source-type="OTHER" start-millis="1601157712695" start-time="2020-09-27T05:01:52.695Z"/>
		<audit-event application-name="INT9071_Payroll_Engine_for_Common_Payroll_Input" common-request-id="ESB|890f23c4-b4c8-4d0c-a5b3-0f6f7e0d9ed4" component="CopyStep" end-millis="1601157712697" end-time="2020-09-27T05:01:52.697Z" event="COMPLETED" source-id="GetRelatedCalculations-PopulateHashMaps.request.0.Copy" source-type="STEP" start-millis="1601157712696" start-time="2020-09-27T05:01:52.696Z"/>
		<audit-event application-name="INT9071_Payroll_Engine_for_Common_Payroll_Input" common-request-id="ESB|890f23c4-b4c8-4d0c-a5b3-0f6f7e0d9ed4" component="XsltPlusStep" end-millis="1601157712807" end-time="2020-09-27T05:01:52.807Z" event="COMPLETED" source-id="GetRelatedCalculations-PopulateHashMaps.request.1.XsltPlus" source-type="STEP" start-millis="1601157712697" start-time="2020-09-27T05:01:52.697Z"/>
		<audit-event application-name="INT9071_Payroll_Engine_for_Common_Payroll_Input" common-request-id="ESB|890f23c4-b4c8-4d0c-a5b3-0f6f7e0d9ed4" component="WriteStep" end-millis="1601157712807" end-time="2020-09-27T05:01:52.807Z" event="COMPLETED" source-id="GetRelatedCalculations-PopulateHashMaps.request.2.Wipe" source-type="STEP" start-millis="1601157712807" start-time="2020-09-27T05:01:52.807Z"/>
		<audit-event application-name="INT9071_Payroll_Engine_for_Common_Payroll_Input" common-request-id="ESB|890f23c4-b4c8-4d0c-a5b3-0f6f7e0d9ed4" end-millis="1601157713716" end-time="2020-09-27T05:01:53.716Z" endpoint="vm://wcc/PutIntegrationMessage" event="COMPLETED" source-id="INFO-GetRelatedCalculations" source-type="TRANSPORT" start-millis="1601157712807" start-time="2020-09-27T05:01:52.807Z"/>
		<audit-event application-name="wcc" common-request-id="ESB|890f23c4-b4c8-4d0c-a5b3-0f6f7e0d9ed4" end-millis="1601157712808" end-time="2020-09-27T05:01:52.808Z" event="COMPLETED" source-id="wcc.local-in.PutIntegrationMessage" source-type="TRANSPORT" start-millis="1601157712808" start-time="2020-09-27T05:01:52.808Z"/>
		<audit-event application-name="wcc" common-request-id="ESB|890f23c4-b4c8-4d0c-a5b3-0f6f7e0d9ed4" component="EvalStep" end-millis="1601157712811" end-time="2020-09-27T05:01:52.811Z" event="COMPLETED" source-id="CompareSeverityAndLog.request.0.InitAndIncrementPIMCount" source-type="STEP" start-millis="1601157712811" start-time="2020-09-27T05:01:52.811Z"/>
		<audit-event application-name="wcc" common-request-id="ESB|890f23c4-b4c8-4d0c-a5b3-0f6f7e0d9ed4" component="EvalStep" end-millis="1601157712813" end-time="2020-09-27T05:01:52.813Z" event="COMPLETED" source-id="CompareSeverityAndLog.request.1.CompareSeverityToMax" source-type="STEP" start-millis="1601157712812" start-time="2020-09-27T05:01:52.812Z"/>
		<audit-event application-name="wcc" common-request-id="ESB|890f23c4-b4c8-4d0c-a5b3-0f6f7e0d9ed4" component="LogStep" end-millis="1601157712813" end-time="2020-09-27T05:01:52.813Z" event="COMPLETED" source-id="CompareSeverityAndLog.request.2.LogMessages" source-type="STEP" start-millis="1601157712813" start-time="2020-09-27T05:01:52.813Z"/>
		<audit-event application-name="wcc" common-request-id="ESB|890f23c4-b4c8-4d0c-a5b3-0f6f7e0d9ed4" component="EvalStep" end-millis="1601157712813" end-time="2020-09-27T05:01:52.813Z" event="COMPLETED" source-id="CompareSeverityAndLog.request.3.checkDocumentParams" source-type="STEP" start-millis="1601157712813" start-time="2020-09-27T05:01:52.813Z"/>
		<audit-event application-name="wcc" common-request-id="ESB|890f23c4-b4c8-4d0c-a5b3-0f6f7e0d9ed4" component="EvalStep" end-millis="1601157712814" end-time="2020-09-27T05:01:52.814Z" event="COMPLETED" source-id="CompareSeverityAndLog.request.4.SetEarlyComplete" source-type="STEP" start-millis="1601157712814" start-time="2020-09-27T05:01:52.814Z"/>
		<audit-event application-name="wcc" common-request-id="ESB|890f23c4-b4c8-4d0c-a5b3-0f6f7e0d9ed4" end-millis="1601157713716" end-time="2020-09-27T05:01:53.716Z" event="COMPLETED" source-id="EarlyCompleteOrContinue" source-type="ROUTE" start-millis="1601157712814" start-time="2020-09-27T05:01:52.814Z"/>
		<audit-event application-name="wcc" common-request-id="ESB|890f23c4-b4c8-4d0c-a5b3-0f6f7e0d9ed4" component="EvalStep" end-millis="1601157712817" end-time="2020-09-27T05:01:52.817Z" event="COMPLETED" source-id="CheckSetInfoMessage.request.0.CheckSetInfoMessage" source-type="STEP" start-millis="1601157712817" start-time="2020-09-27T05:01:52.817Z"/>
		<audit-event application-name="wcc" common-request-id="ESB|890f23c4-b4c8-4d0c-a5b3-0f6f7e0d9ed4" component="CustomStep" end-millis="1601157712818" end-time="2020-09-27T05:01:52.818Z" event="COMPLETED" source-id="GenerateRequest.request.0.GenerateRepositoryDocumentXML" source-type="STEP" start-millis="1601157712818" start-time="2020-09-27T05:01:52.818Z"/>
		<audit-event application-name="wcc" common-request-id="ESB|890f23c4-b4c8-4d0c-a5b3-0f6f7e0d9ed4" component="WriteStep" end-millis="1601157712819" end-time="2020-09-27T05:01:52.819Z" event="COMPLETED" source-id="GenerateRequest.request.1.CreateRequest" source-type="STEP" start-millis="1601157712818" start-time="2020-09-27T05:01:52.818Z"/>
		<audit-event application-name="wcc" common-request-id="ESB|890f23c4-b4c8-4d0c-a5b3-0f6f7e0d9ed4" component="CustomStep" end-millis="1601157712822" end-time="2020-09-27T05:01:52.822Z" event="COMPLETED" source-id="GenerateRequest.request.2.AddToMessage" source-type="STEP" start-millis="1601157712819" start-time="2020-09-27T05:01:52.819Z"/>
		<audit-event application-name="wcc" common-request-id="ESB|890f23c4-b4c8-4d0c-a5b3-0f6f7e0d9ed4" end-millis="1601157713715" end-time="2020-09-27T05:01:53.715Z" event="COMPLETED" source-id="CheckMessageStorage" source-type="ROUTE" start-millis="1601157712822" start-time="2020-09-27T05:01:52.822Z"/>
		<audit-event application-name="wcc" common-request-id="ESB|890f23c4-b4c8-4d0c-a5b3-0f6f7e0d9ed4" component="CustomStep" end-millis="1601157712822" end-time="2020-09-27T05:01:52.822Z" event="COMPLETED" source-id="UseMetadataAccountTokenNoStore.request.0.AddAuthToken" source-type="STEP" start-millis="1601157712822" start-time="2020-09-27T05:01:52.822Z"/>
		<audit-event application-name="wcc" common-request-id="ESB|890f23c4-b4c8-4d0c-a5b3-0f6f7e0d9ed4" end-millis="1601157713714" end-time="2020-09-27T05:01:53.714Z" event="COMPLETED" source-id="WccDetermineEndpointNoStore" source-type="ROUTE" start-millis="1601157712822" start-time="2020-09-27T05:01:52.822Z"/>
		<audit-event application-name="wcc" common-request-id="ESB|890f23c4-b4c8-4d0c-a5b3-0f6f7e0d9ed4" end-millis="1601157712825" end-time="2020-09-27T05:01:52.825Z" event="COMPLETED" source-id="IntegrationsWebServiceNoStoreMessage.wsdl-soap-binding.out" source-type="OTHER" start-millis="1601157712822" start-time="2020-09-27T05:01:52.822Z"/>
		<audit-event application-name="wcc" common-request-id="ESB|890f23c4-b4c8-4d0c-a5b3-0f6f7e0d9ed4" end-millis="1601157713714" end-time="2020-09-27T05:01:53.714Z" event="COMPLETED" source-id="IntegrationsWebServiceNoStoreMessage" source-type="TRANSPORT" start-millis="1601157712825" start-time="2020-09-27T05:01:52.825Z"/>
		<audit-event application-name="wcc" common-request-id="ESB|890f23c4-b4c8-4d0c-a5b3-0f6f7e0d9ed4" component="CustomStep" end-millis="1601157713714" end-time="2020-09-27T05:01:53.714Z" event="COMPLETED" source-id="UseMetadataAccountTokenNoStore.response.0.RemoveAuthToken_2" source-type="STEP" start-millis="1601157713714" start-time="2020-09-27T05:01:53.714Z"/>
		<audit-event application-name="INT9071_Payroll_Engine_for_Common_Payroll_Input" common-request-id="ESB|890f23c4-b4c8-4d0c-a5b3-0f6f7e0d9ed4" end-millis="1601157756115" end-time="2020-09-27T05:02:36.115Z" endpoint="vm://INT9071_Payroll_Engine_for_Common_Payroll_Input/GetWorkerDefaults" event="COMPLETED" source-id="Call-GetWorkerDefaults" source-type="TRANSPORT" start-millis="1601157713718" start-time="2020-09-27T05:01:53.718Z"/>
		<audit-event application-name="INT9071_Payroll_Engine_for_Common_Payroll_Input" common-request-id="ESB|890f23c4-b4c8-4d0c-a5b3-0f6f7e0d9ed4" end-millis="1601157719915" end-time="2020-09-27T05:01:59.915Z" event="COMPLETED" source-id="INT9071_Payroll_Engine_for_Common_Payroll_Input.local-in.GetWorkerDefaults" source-type="TRANSPORT" start-millis="1601157719915" start-time="2020-09-27T05:01:59.915Z"/>
		<audit-event application-name="INT9071_Payroll_Engine_for_Common_Payroll_Input" common-request-id="ESB|890f23c4-b4c8-4d0c-a5b3-0f6f7e0d9ed4" component="WriteStep" end-millis="1601157721246" end-time="2020-09-27T05:02:01.246Z" event="COMPLETED" source-id="SetupGetWorkerDefaults.request.0.Write" source-type="STEP" start-millis="1601157721245" start-time="2020-09-27T05:02:01.245Z"/>
		<audit-event application-name="INT9071_Payroll_Engine_for_Common_Payroll_Input" common-request-id="ESB|890f23c4-b4c8-4d0c-a5b3-0f6f7e0d9ed4" component="SoapWrapStep" end-millis="1601157723104" end-time="2020-09-27T05:02:03.104Z" event="COMPLETED" source-id="SetupGetWorkerDefaults.request.1.WrapSoap" source-type="STEP" start-millis="1601157723102" start-time="2020-09-27T05:02:03.102Z"/>
		<audit-event application-name="INT9071_Payroll_Engine_for_Common_Payroll_Input" common-request-id="ESB|890f23c4-b4c8-4d0c-a5b3-0f6f7e0d9ed4" component="LogStep" end-millis="1601157730920" end-time="2020-09-27T05:02:10.92Z" event="COMPLETED" source-id="SetupGetWorkerDefaults.request.2.Log" source-type="STEP" start-millis="1601157730919" start-time="2020-09-27T05:02:10.919Z"/>
		<audit-event application-name="INT9071_Payroll_Engine_for_Common_Payroll_Input" common-request-id="ESB|890f23c4-b4c8-4d0c-a5b3-0f6f7e0d9ed4" end-millis="1601157736208" end-time="2020-09-27T05:02:16.208Z" endpoint="vm://wcc/PagedGet" event="COMPLETED" source-id="WorkersAPIRequest" source-type="TRANSPORT" start-millis="1601157733348" start-time="2020-09-27T05:02:13.348Z"/>
		<audit-event application-name="wcc" common-request-id="ESB|890f23c4-b4c8-4d0c-a5b3-0f6f7e0d9ed4" end-millis="1601157734936" end-time="2020-09-27T05:02:14.936Z" event="COMPLETED" source-id="wcc.local-in.PagedGet" source-type="TRANSPORT" start-millis="1601157734935" start-time="2020-09-27T05:02:14.935Z"/>
		<audit-event application-name="wcc" common-request-id="ESB|890f23c4-b4c8-4d0c-a5b3-0f6f7e0d9ed4" end-millis="1601157736208" end-time="2020-09-27T05:02:16.208Z" event="COMPLETED" source-id="ParallelRouter" source-type="ROUTE" start-millis="1601157734936" start-time="2020-09-27T05:02:14.936Z"/>
		<audit-event application-name="wcc" common-request-id="ESB|890f23c4-b4c8-4d0c-a5b3-0f6f7e0d9ed4" component="CustomStep" end-millis="1601157734937" end-time="2020-09-27T05:02:14.937Z" event="COMPLETED" source-id="PagedGetPreparationMediation.request.0.addSoapHeaders" source-type="STEP" start-millis="1601157734937" start-time="2020-09-27T05:02:14.937Z"/>
		<audit-event application-name="wcc" common-request-id="ESB|890f23c4-b4c8-4d0c-a5b3-0f6f7e0d9ed4" component="CustomStep" end-millis="1601157734937" end-time="2020-09-27T05:02:14.937Z" event="COMPLETED" source-id="PagedGetPreparationMediation.request.1.pagedGetPreparation" source-type="STEP" start-millis="1601157734937" start-time="2020-09-27T05:02:14.937Z"/>
		<audit-event application-name="wcc" common-request-id="ESB|890f23c4-b4c8-4d0c-a5b3-0f6f7e0d9ed4" end-millis="1601157736207" end-time="2020-09-27T05:02:16.207Z" event="COMPLETED" source-id="PagedIteratorRouter" source-type="ROUTE" start-millis="1601157734937" start-time="2020-09-27T05:02:14.937Z"/>
		<audit-event application-name="wcc" common-request-id="ESB|890f23c4-b4c8-4d0c-a5b3-0f6f7e0d9ed4" end-millis="1601157736207" end-time="2020-09-27T05:02:16.207Z" event="COMPLETED" source-id="LogCondition" source-type="ROUTE" start-millis="1601157734940" start-time="2020-09-27T05:02:14.94Z"/>
		<audit-event application-name="wcc" common-request-id="ESB|890f23c4-b4c8-4d0c-a5b3-0f6f7e0d9ed4" end-millis="1601157734941" end-time="2020-09-27T05:02:14.941Z" event="COMPLETED" source-id="GetPageOfData.wsdl-soap-binding.out" source-type="OTHER" start-millis="1601157734940" start-time="2020-09-27T05:02:14.94Z"/>
		<audit-event application-name="wcc" common-request-id="ESB|890f23c4-b4c8-4d0c-a5b3-0f6f7e0d9ed4" end-millis="1601157736179" end-time="2020-09-27T05:02:16.179Z" event="COMPLETED" source-id="GetPageOfData" source-type="TRANSPORT" start-millis="1601157734958" start-time="2020-09-27T05:02:14.958Z"/>
		<audit-event application-name="wcc" common-request-id="ESB|890f23c4-b4c8-4d0c-a5b3-0f6f7e0d9ed4" component="CustomStep" end-millis="1601157736182" end-time="2020-09-27T05:02:16.182Z" event="COMPLETED" source-id="ProcessPageOfData.request.0.ProcessPagedResponse" source-type="STEP" start-millis="1601157736180" start-time="2020-09-27T05:02:16.18Z"/>
		<audit-event application-name="wcc" common-request-id="ESB|890f23c4-b4c8-4d0c-a5b3-0f6f7e0d9ed4" end-millis="1601157736207" end-time="2020-09-27T05:02:16.207Z" event="COMPLETED" source-id="ProcessOrAggregatePages" source-type="ROUTE" start-millis="1601157736182" start-time="2020-09-27T05:02:16.182Z"/>
		<audit-event application-name="wcc" common-request-id="ESB|890f23c4-b4c8-4d0c-a5b3-0f6f7e0d9ed4" end-millis="1601157736207" end-time="2020-09-27T05:02:16.207Z" event="COMPLETED" source-id="AggregatorAllPages" source-type="AGGREGATOR" start-millis="1601157736183" start-time="2020-09-27T05:02:16.183Z"/>
		<audit-event application-name="wcc" common-request-id="ESB|890f23c4-b4c8-4d0c-a5b3-0f6f7e0d9ed4" component="CustomStep" end-millis="1601157736208" end-time="2020-09-27T05:02:16.208Z" event="COMPLETED" source-id="ClearWssOverridesMediation.response.0.clearWssOverrides" source-type="STEP" start-millis="1601157736208" start-time="2020-09-27T05:02:16.208Z"/>
		<audit-event application-name="INT9071_Payroll_Engine_for_Common_Payroll_Input" common-request-id="ESB|890f23c4-b4c8-4d0c-a5b3-0f6f7e0d9ed4" component="XsltPlusStep" end-millis="1601157737580" end-time="2020-09-27T05:02:17.58Z" event="COMPLETED" source-id="GetWorkerDefaultsProcessing.request.0.XsltPlus" source-type="STEP" start-millis="1601157737454" start-time="2020-09-27T05:02:17.454Z"/>
		<audit-event application-name="INT9071_Payroll_Engine_for_Common_Payroll_Input" common-request-id="ESB|890f23c4-b4c8-4d0c-a5b3-0f6f7e0d9ed4" component="CopyStep" end-millis="1601157740751" end-time="2020-09-27T05:02:20.751Z" event="COMPLETED" source-id="GetWorkerDefaultsProcessing.request.1.Copy" source-type="STEP" start-millis="1601157740751" start-time="2020-09-27T05:02:20.751Z"/>
		<audit-event application-name="INT9071_Payroll_Engine_for_Common_Payroll_Input" common-request-id="ESB|890f23c4-b4c8-4d0c-a5b3-0f6f7e0d9ed4" component="LogStep" end-millis="1601157745997" end-time="2020-09-27T05:02:25.997Z" event="COMPLETED" source-id="GetWorkerDefaultsProcessing.request.2.Log" source-type="STEP" start-millis="1601157745996" start-time="2020-09-27T05:02:25.996Z"/>
		<audit-event application-name="INT9071_Payroll_Engine_for_Common_Payroll_Input" common-request-id="ESB|890f23c4-b4c8-4d0c-a5b3-0f6f7e0d9ed4" component="WriteStep" end-millis="1601157750063" end-time="2020-09-27T05:02:30.063Z" event="COMPLETED" source-id="GetWorkerDefaultsProcessing.request.3.Wipe" source-type="STEP" start-millis="1601157750062" start-time="2020-09-27T05:02:30.062Z"/>
		<audit-event application-name="INT9071_Payroll_Engine_for_Common_Payroll_Input" common-request-id="ESB|890f23c4-b4c8-4d0c-a5b3-0f6f7e0d9ed4" end-millis="1601157756115" end-time="2020-09-27T05:02:36.115Z" endpoint="vm://wcc/PutIntegrationMessage" event="COMPLETED" source-id="INFO-GetWorkers" source-type="TRANSPORT" start-millis="1601157752696" start-time="2020-09-27T05:02:32.696Z"/>
		<audit-event application-name="wcc" common-request-id="ESB|890f23c4-b4c8-4d0c-a5b3-0f6f7e0d9ed4" end-millis="1601157755242" end-time="2020-09-27T05:02:35.242Z" event="COMPLETED" source-id="wcc.local-in.PutIntegrationMessage" source-type="TRANSPORT" start-millis="1601157755241" start-time="2020-09-27T05:02:35.241Z"/>
		<audit-event application-name="wcc" common-request-id="ESB|890f23c4-b4c8-4d0c-a5b3-0f6f7e0d9ed4" component="EvalStep" end-millis="1601157755247" end-time="2020-09-27T05:02:35.247Z" event="COMPLETED" source-id="CompareSeverityAndLog.request.0.InitAndIncrementPIMCount" source-type="STEP" start-millis="1601157755247" start-time="2020-09-27T05:02:35.247Z"/>
		<audit-event application-name="wcc" common-request-id="ESB|890f23c4-b4c8-4d0c-a5b3-0f6f7e0d9ed4" component="EvalStep" end-millis="1601157755247" end-time="2020-09-27T05:02:35.247Z" event="COMPLETED" source-id="CompareSeverityAndLog.request.1.CompareSeverityToMax" source-type="STEP" start-millis="1601157755247" start-time="2020-09-27T05:02:35.247Z"/>
		<audit-event application-name="wcc" common-request-id="ESB|890f23c4-b4c8-4d0c-a5b3-0f6f7e0d9ed4" component="LogStep" end-millis="1601157755248" end-time="2020-09-27T05:02:35.248Z" event="COMPLETED" source-id="CompareSeverityAndLog.request.2.LogMessages" source-type="STEP" start-millis="1601157755247" start-time="2020-09-27T05:02:35.247Z"/>
		<audit-event application-name="wcc" common-request-id="ESB|890f23c4-b4c8-4d0c-a5b3-0f6f7e0d9ed4" component="EvalStep" end-millis="1601157755248" end-time="2020-09-27T05:02:35.248Z" event="COMPLETED" source-id="CompareSeverityAndLog.request.3.checkDocumentParams" source-type="STEP" start-millis="1601157755248" start-time="2020-09-27T05:02:35.248Z"/>
		<audit-event application-name="wcc" common-request-id="ESB|890f23c4-b4c8-4d0c-a5b3-0f6f7e0d9ed4" component="EvalStep" end-millis="1601157755248" end-time="2020-09-27T05:02:35.248Z" event="COMPLETED" source-id="CompareSeverityAndLog.request.4.SetEarlyComplete" source-type="STEP" start-millis="1601157755248" start-time="2020-09-27T05:02:35.248Z"/>
		<audit-event application-name="wcc" common-request-id="ESB|890f23c4-b4c8-4d0c-a5b3-0f6f7e0d9ed4" end-millis="1601157756115" end-time="2020-09-27T05:02:36.115Z" event="COMPLETED" source-id="EarlyCompleteOrContinue" source-type="ROUTE" start-millis="1601157755248" start-time="2020-09-27T05:02:35.248Z"/>
		<audit-event application-name="wcc" common-request-id="ESB|890f23c4-b4c8-4d0c-a5b3-0f6f7e0d9ed4" component="EvalStep" end-millis="1601157755250" end-time="2020-09-27T05:02:35.25Z" event="COMPLETED" source-id="CheckSetInfoMessage.request.0.CheckSetInfoMessage" source-type="STEP" start-millis="1601157755250" start-time="2020-09-27T05:02:35.25Z"/>
		<audit-event application-name="wcc" common-request-id="ESB|890f23c4-b4c8-4d0c-a5b3-0f6f7e0d9ed4" component="CustomStep" end-millis="1601157755250" end-time="2020-09-27T05:02:35.25Z" event="COMPLETED" source-id="GenerateRequest.request.0.GenerateRepositoryDocumentXML" source-type="STEP" start-millis="1601157755250" start-time="2020-09-27T05:02:35.25Z"/>
		<audit-event application-name="wcc" common-request-id="ESB|890f23c4-b4c8-4d0c-a5b3-0f6f7e0d9ed4" component="WriteStep" end-millis="1601157755252" end-time="2020-09-27T05:02:35.252Z" event="COMPLETED" source-id="GenerateRequest.request.1.CreateRequest" source-type="STEP" start-millis="1601157755250" start-time="2020-09-27T05:02:35.25Z"/>
		<audit-event application-name="wcc" common-request-id="ESB|890f23c4-b4c8-4d0c-a5b3-0f6f7e0d9ed4" component="CustomStep" end-millis="1601157755256" end-time="2020-09-27T05:02:35.256Z" event="COMPLETED" source-id="GenerateRequest.request.2.AddToMessage" source-type="STEP" start-millis="1601157755252" start-time="2020-09-27T05:02:35.252Z"/>
		<audit-event application-name="wcc" common-request-id="ESB|890f23c4-b4c8-4d0c-a5b3-0f6f7e0d9ed4" end-millis="1601157756115" end-time="2020-09-27T05:02:36.115Z" event="COMPLETED" source-id="CheckMessageStorage" source-type="ROUTE" start-millis="1601157755256" start-time="2020-09-27T05:02:35.256Z"/>
		<audit-event application-name="wcc" common-request-id="ESB|890f23c4-b4c8-4d0c-a5b3-0f6f7e0d9ed4" component="CustomStep" end-millis="1601157755256" end-time="2020-09-27T05:02:35.256Z" event="COMPLETED" source-id="UseMetadataAccountTokenNoStore.request.0.AddAuthToken" source-type="STEP" start-millis="1601157755256" start-time="2020-09-27T05:02:35.256Z"/>
		<audit-event application-name="wcc" common-request-id="ESB|890f23c4-b4c8-4d0c-a5b3-0f6f7e0d9ed4" end-millis="1601157756114" end-time="2020-09-27T05:02:36.114Z" event="COMPLETED" source-id="WccDetermineEndpointNoStore" source-type="ROUTE" start-millis="1601157755256" start-time="2020-09-27T05:02:35.256Z"/>
		<audit-event application-name="wcc" common-request-id="ESB|890f23c4-b4c8-4d0c-a5b3-0f6f7e0d9ed4" end-millis="1601157755257" end-time="2020-09-27T05:02:35.257Z" event="COMPLETED" source-id="IntegrationsWebServiceNoStoreMessage.wsdl-soap-binding.out" source-type="OTHER" start-millis="1601157755256" start-time="2020-09-27T05:02:35.256Z"/>
		<audit-event application-name="wcc" common-request-id="ESB|890f23c4-b4c8-4d0c-a5b3-0f6f7e0d9ed4" end-millis="1601157756114" end-time="2020-09-27T05:02:36.114Z" event="COMPLETED" source-id="IntegrationsWebServiceNoStoreMessage" source-type="TRANSPORT" start-millis="1601157755257" start-time="2020-09-27T05:02:35.257Z"/>
		<audit-event application-name="wcc" common-request-id="ESB|890f23c4-b4c8-4d0c-a5b3-0f6f7e0d9ed4" component="CustomStep" end-millis="1601157756115" end-time="2020-09-27T05:02:36.115Z" event="COMPLETED" source-id="UseMetadataAccountTokenNoStore.response.0.RemoveAuthToken_2" source-type="STEP" start-millis="1601157756114" start-time="2020-09-27T05:02:36.114Z"/>
		<audit-event application-name="INT9071_Payroll_Engine_for_Common_Payroll_Input" common-request-id="ESB|890f23c4-b4c8-4d0c-a5b3-0f6f7e0d9ed4" end-millis="1601157812739" end-time="2020-09-27T05:03:32.739Z" endpoint="vm://INT9071_Payroll_Engine_for_Common_Payroll_Input/MergePayrollAndWorkerData" event="COMPLETED" source-id="Call-MergePayrollConfigAndWorkerData" source-type="TRANSPORT" start-millis="1601157756115" start-time="2020-09-27T05:02:36.115Z"/>
		<audit-event application-name="INT9071_Payroll_Engine_for_Common_Payroll_Input" common-request-id="ESB|890f23c4-b4c8-4d0c-a5b3-0f6f7e0d9ed4" end-millis="1601157812739" end-time="2020-09-27T05:03:32.739Z" event="COMPLETED" source-id="INT9071_Payroll_Engine_for_Common_Payroll_Input.local-in.MergePayrollAndWorkerData" source-type="TRANSPORT" start-millis="1601157812739" start-time="2020-09-27T05:03:32.739Z"/>
		<audit-event application-name="INT9071_Payroll_Engine_for_Common_Payroll_Input" common-request-id="ESB|890f23c4-b4c8-4d0c-a5b3-0f6f7e0d9ed4" endpoint="vm://INT9071_Payroll_Engine_for_Common_Payroll_Input/GetProcessInputFiles" event="STARTED" source-id="Call-ProcessInputFiles" source-type="TRANSPORT" start-millis="1601157812740" start-time="2020-09-27T05:03:32.74Z"/>
		<audit-event application-name="INT9071_Payroll_Engine_for_Common_Payroll_Input" common-request-id="ESB|890f23c4-b4c8-4d0c-a5b3-0f6f7e0d9ed4" end-millis="1601158228532" end-time="2020-09-27T05:10:28.532Z" event="COMPLETED" source-id="INT9071_Payroll_Engine_for_Common_Payroll_Input.local-in.GetProcessInputFiles" source-type="TRANSPORT" start-millis="1601158228532" start-time="2020-09-27T05:10:28.532Z"/>
		<audit-event application-name="INT9071_Payroll_Engine_for_Common_Payroll_Input" common-request-id="ESB|890f23c4-b4c8-4d0c-a5b3-0f6f7e0d9ed4" event="STARTED" source-id="GetEventDocuments" source-type="TRANSPORT" start-millis="1601158228532" start-time="2020-09-27T05:10:28.532Z"/>
	</events>
</assembly-audit>