<?xml version="1.0" encoding="UTF-8"?>
<wdnm:Diagram xmlns:wdnm="http://workday.com/studio/editors/notation">
  <element href="assembly.xml#WorkdayAssembly"/>
  <visualProperties x="290" y="37">
    <element href="assembly.xml#StartHere"/>
  </visualProperties>
  <visualProperties x="925" y="114">
    <element href="assembly.xml#SaveFile"/>
  </visualProperties>
  <visualProperties x="398" y="134">
    <element href="assembly.xml#MyReportRaaS"/>
  </visualProperties>
  <visualProperties x="591" y="71">
    <element href="assembly.xml#Splitter"/>
  </visualProperties>
  <visualProperties x="915" y="241">
    <element href="assembly.xml#WDriveTransfer"/>
  </visualProperties>
  <visualProperties x="756" y="114">
    <element href="assembly.xml#GetFileData"/>
  </visualProperties>
  <visualProperties x="212" y="134">
    <element href="assembly.xml#WDrive"/>
  </visualProperties>
  <visualProperties x="222" y="343">
    <element href="assembly.xml#MFT"/>
  </visualProperties>
  <visualProperties x="59" y="134">
    <element href="assembly.xml#CallWDrive"/>
  </visualProperties>
  <visualProperties x="69" y="343">
    <element href="assembly.xml#CallMFT"/>
  </visualProperties>
  <visualProperties x="877" y="400">
    <element href="assembly.xml#SFTPError"/>
  </visualProperties>
  <visualProperties x="874" y="355">
    <element href="assembly.xml#SFTPTransfer"/>
  </visualProperties>
  <visualProperties x="688" y="310">
    <element href="assembly.xml#CopyFile"/>
  </visualProperties>
  <visualProperties x="509" y="277">
    <element href="assembly.xml#GetSFTPFiles"/>
  </visualProperties>
  <visualProperties x="350" y="314">
    <element href="assembly.xml#FileCount"/>
  </visualProperties>
  <connections type="routesTo">
    <source href="assembly.xml#//@beans/@mixed.1/@splitter.0/@subRoute.0"/>
    <target href="assembly.xml#GetFileData"/>
  </connections>
  <connections type="routesTo">
    <source href="assembly.xml#GetFileData"/>
    <target href="assembly.xml#SaveFile"/>
  </connections>
  <connections type="routesTo">
    <source href="assembly.xml#SaveFile"/>
    <target href="assembly.xml#WDriveTransfer"/>
  </connections>
  <connections type="routesTo">
    <source href="assembly.xml#StartHere"/>
    <target href="assembly.xml#CallWDrive"/>
  </connections>
  <connections type="routesResponseTo">
    <source href="assembly.xml#CallWDrive"/>
    <target href="assembly.xml#CallMFT"/>
  </connections>
  <connections type="routesTo">
    <source href="assembly.xml#CopyFile"/>
    <target href="assembly.xml#SFTPTransfer"/>
  </connections>
  <connections type="routesTo">
    <source href="assembly.xml#//@beans/@mixed.1/@mixed.25/@mixed.3"/>
    <target href="assembly.xml#SFTPError"/>
  </connections>
  <connections type="routesTo">
    <source href="assembly.xml#WDrive"/>
    <target href="assembly.xml#MyReportRaaS"/>
  </connections>
  <connections type="routesTo" targetAnchorX="0.06293706293706294" targetAnchorY="0.4891304347826087">
    <source href="assembly.xml#MFT"/>
    <target href="assembly.xml#FileCount"/>
  </connections>
  <connections type="routesTo">
    <source href="assembly.xml#FileCount"/>
    <target href="assembly.xml#GetSFTPFiles"/>
  </connections>
  <connections type="routesTo">
    <source href="assembly.xml#//@beans/@mixed.1/@route.0/@subRoute.0"/>
    <target href="assembly.xml#CopyFile"/>
  </connections>
  <connections type="routesResponseTo">
    <source href="assembly.xml#MyReportRaaS"/>
    <target href="assembly.xml#Splitter"/>
  </connections>
  <swimlanes x="46" y="37" font="Arial|12|1" fontColor="1" name="Alight File Delivery" orientation="VERTICAL" elements="//@swimlanes.1 //@swimlanes.2 //@swimlanes.3" labelAlignment="LEFT"/>
  <swimlanes x="73" y="71" font="Arial|10|1" fontColor="1" name="Main" labelAlignment="LEFT">
    <elements href="assembly.xml#StartHere"/>
    <elements href="assembly.xml#CallWDrive"/>
    <elements href="assembly.xml#CallMFT"/>
  </swimlanes>
  <swimlanes x="86" y="179" font="Arial|10|1" fontColor="1" name="Store W Drive Files" labelAlignment="LEFT">
    <elements href="assembly.xml#WDrive"/>
    <elements href="assembly.xml#MyReportRaaS"/>
    <elements href="assembly.xml#Splitter"/>
    <elements href="assembly.xml#GetFileData"/>
    <elements href="assembly.xml#SaveFile"/>
    <elements href="assembly.xml#WDriveTransfer"/>
  </swimlanes>
  <swimlanes x="90" y="298" font="Arial|10|1" fontColor="1" name="Transfer Files" labelAlignment="LEFT">
    <elements href="assembly.xml#MFT"/>
    <elements href="assembly.xml#FileCount"/>
    <elements href="assembly.xml#GetSFTPFiles"/>
    <elements href="assembly.xml#CopyFile"/>
    <elements href="#//@swimlanes.4"/>
  </swimlanes>
  <swimlanes x="608" y="544" name="" orientation="VERTICAL">
    <elements href="assembly.xml#SFTPTransfer"/>
    <elements href="assembly.xml#SFTPError"/>
  </swimlanes>
</wdnm:Diagram>
