<?xml version="1.0" encoding="UTF-8"?>
<beans
     xmlns="http://www.springframework.org/schema/beans"
     xmlns:beans="http://www.springframework.org/schema/beans"
     xmlns:atom="http://www.w3.org/2005/Atom"
     xmlns:cc="http://www.capeclear.com/assembly/10"
     xmlns:cloud="urn:com.workday/esb/cloud/10.0"
     xmlns:env="http://schemas.xmlsoap.org/soap/envelope/"
     xmlns:pi="urn:com.workday/picof"
     xmlns:wd="urn:com.workday/bsvc"
     xmlns:ws="urn:com.workday/workersync"
     xmlns:xsi="http://www.w3.org/2001/XMLSchema-instance">
 
	<cc:assembly id="WorkdayAssembly" version="20">
        <cc:workday-in id="StartHere" routes-to="Call_Retrieval">
            <cc:integration-system name="INT9067 Reciprocity State Tax Election Studio Inbound">
        <cloud:param name="Current Date">
          <cloud:type>
            <cloud:simple-type>date</cloud:simple-type>
          </cloud:type>
          <cloud:default>
            <cloud:class-report-field description="Today (System)" type="WID">bb4838a81d394ea0afe59c62c6e4dd65</cloud:class-report-field>
          </cloud:default>
          <cloud:launch-option>do-not-show</cloud:launch-option>
        </cloud:param>
        <cloud:param name="Validation Mode">
          <cloud:type>
            <cloud:simple-type>boolean</cloud:simple-type>
          </cloud:type>
          <cloud:default>
            <cloud:boolean>true</cloud:boolean>
          </cloud:default>
        </cloud:param>
        <cloud:attribute-map-service name="INT9067_Generic">
          <cloud:attribute name="Document Retention Policy">
            <cloud:type>
              <cloud:simple-type>number</cloud:simple-type>
            </cloud:type>
          </cloud:attribute>
        </cloud:attribute-map-service>
        <cloud:retrieval-service name="INT9067_Retrieval"/>
      </cc:integration-system>
        </cc:workday-in>
        <cc:local-out id="Call_Retrieval" store-message="both" routes-response-to="Integration-ValidationModeEnabled" endpoint="SubRetrieveInput"/>
        <cc:sync-mediation id="Populate_HashSet">
            <cc:request-steps>
                <cc:eval id="RecordCount"><cc:expression>props['record.count'] = props['record.count'] + 1</cc:expression><cc:expression>props['reciprocity.hashset'].add(parts[0].xpath(&quot;row/Work-State&quot;)+parts[0].xpath(&quot;row/Resident-State&quot;))</cc:expression></cc:eval>
            </cc:request-steps>
            <cc:response-steps/>
            <cc:send-error id="ErrorHandlerPreProcess" routes-to="PutIntegrationMessage"/>
        </cc:sync-mediation>
        <cc:splitter id="Splitter">
            <cc:sub-route name="SubRoute" routes-to="Populate_HashSet"/>
            <cc:xml-stream-splitter xpath="root/row"/>
        </cc:splitter>
        <cc:sync-mediation id="Retrieve_GenerateDocument" routes-to="Splitter" handle-downstream-errors="true">
            <cc:request-steps>
                <cc:eval id="RetrieveDoc"><cc:expression>if (da.getFileNames('Retrieved').size() > 0 ) {da.toVar(da.getFileNames('Retrieved')[0], &quot;wd.retrieve.variable&quot;)}</cc:expression><cc:expression>props['file.name'] = da.getFileNames('Retrieved')[0]</cc:expression><cc:expression>props['employee.count'] = 0; props['success.count'] = 0; props['fail.count'] = 0; props['process.batch']  = false; props['skip.count'] = 0; props['record.count'] = 0</cc:expression><cc:expression>props['current.date'] = lp.getSimpleData('Current Date')</cc:expression><cc:expression>props['company'] = intsys.getAttributeReferenceData('Company', 'Organization_Reference_ID')</cc:expression><cc:expression>props['lp.validation.mode'] = lp.getSimpleData('Validation Mode')</cc:expression><cc:expression>props['reciprocity.hashset'] = new java.util.HashSet()</cc:expression>
                    <cc:expression>props['doc.retention'] = intsys.getAttribute('Document Retention Policy')</cc:expression>
                    <cc:expression>props['doc.retention.policy'] = &quot;P&quot; # props['doc.retention'] # &quot;D&quot;</cc:expression></cc:eval>
                <cc:copy id="CopyDoc" input="variable" input-variable="wd.retrieve.variable"/>
                <cc:text-excel id="TextExcel" style="excel2text"/>
                <cc:csv-to-xml id="CsvToXml" output="message" format="rfc4180" useFirstLineAsHeader="true"/>
                <cc:copy id="CopyO" output="variable" output-mimetype="text/xml" output-variable="original.message"/>
            </cc:request-steps>
            <cc:response-steps>
                <cc:eval id="Remove.LogVar"><cc:expression>props['audit.step']= empty</cc:expression></cc:eval>
                <cc:log id="LogRows" input="message">
                    <cc:log-message>
                        <cc:text>&#xD;
---------------------------&#xD;
Number of Records: @{props['record.count']}&#xD;
---------------------------&#xD;
</cc:text>
                    </cc:log-message>
                </cc:log>
                <cc:copy id="Copy0" input="variable" input-variable="original.message"/>
            </cc:response-steps>
            <cc:send-error id="ErrorHandlerDocumentRetrieval" routes-to="PutIntegrationMessage"/>
        </cc:sync-mediation>
        <cc:local-in id="SubRetrieveInput" routes-to="Retrieve_GenerateDocument"/>
        <cc:local-out id="CallGetConnectorData" store-message="none" execute-when="props['file.name']!=empty" routes-response-to="Call_FinalizeLog" endpoint="GetConnectorData"/>
        <cc:async-mediation id="AsyncMediation0" routes-to="ValidationMode" handle-downstream-errors="true">
            <cc:steps>
                <cc:copy id="Copy0" output="variable" output-variable="worker.message"/>
                <cc:eval id="Eval0"><cc:expression>props['error.free'] = true</cc:expression><cc:expression>props['skip.record'] = false</cc:expression></cc:eval>
                <cc:xslt id="Xslt" url="PrepareWebServiceCall.xsl"/>
                <cc:eval id="Eval"><cc:expression>parts[0].xpathB(&quot;env:Envelope/env:Body/wd:Put_Payroll_USA_State_and_Local_Tax_Election_Request&quot;)? (props['process.employee'] = true) : (props['process.employee'] = false)</cc:expression></cc:eval>
            </cc:steps>
            <cc:send-error id="errorHandler" rethrow-error="false" routes-to="Error_SplitterSubProcess"/>
        </cc:async-mediation>
        <cc:workday-out-soap id="WorkdayOutSoap" execute-when="props['process.employee'] &amp;&amp; props['skip.record'] == false" routes-response-to="AsyncMediation1" application="Payroll" version="v25.0"/>
        <cc:local-out id="CallPutIntegrationEvent" endpoint="vm://wcc/PutIntegrationEvent">
            <cc:set name="is.event.completed" value="&quot;current&quot;"/>
        </cc:local-out>
        <cc:local-out id="IntegrationFailCounts" routes-response-to="CallPutIntegrationEvent" endpoint="vm://wcc/PutIntegrationMessage">
            <cc:set name="is.message.severity" value="'INFO'"/>
            <cc:set name="is.message.summary" value="props['fail.count'] + ' records failed to process.'"/>
        </cc:local-out>
        <cc:local-out id="IntegrationSuccessCounts" routes-response-to="IntegrationFailCounts" endpoint="vm://wcc/PutIntegrationMessage">
            <cc:set name="is.message.severity" value="'INFO'"/>
            <cc:set name="is.message.summary" value="props['success.count'] + ' records processed successfully.'"/>
        </cc:local-out>
        <cc:local-out id="IntegrationRecordCounts" routes-response-to="IntegrationSuccessCounts" endpoint="vm://wcc/PutIntegrationMessage">
            <cc:set name="is.message.severity" value="'INFO'"/>
            <cc:set name="is.message.summary" value="props['record.count']  + ' records received for processing.'"/>
        </cc:local-out>
        <cc:local-out id="PutIntegrationMessage" endpoint="vm://wcc/PutIntegrationMessage"><cc:set name="is.message.severity" value="'ERROR'"/><cc:set name="is.message.summary" value="'Erorr has occured in Retrieval Subprocess; see details!'"/><cc:set name="is.message.detail" value="context.getErrorMessage()"/></cc:local-out>
        <cc:local-out id="Call_Critical_Event" endpoint="vm://wcc/PutIntegrationEvent">
            <cc:set name="is.event.completed" value="&quot;current&quot;"/>
        </cc:local-out>
        <cc:local-out id="Call_Critical_Message" routes-response-to="Call_Critical_Event" endpoint="vm://wcc/PutIntegrationMessage">
            <cc:set name="is.message.severity" value="'CRITICAL'"/>
            <cc:set name="is.message.summary" value="'An unexpected error has occured please see details.'"/>
            <cc:set name="is.message.detail" value="context.getErrorMessage()"/>
        </cc:local-out>
        <cc:send-error id="Critical_Error" routes-to="Call_Critical_Message"/>
        <cc:async-mediation id="AsyncMediation1" routes-to="Call_AuditRow" execute-steps-when="props['process.employee'] || props['skip.record']">
            <cc:steps>
                <cc:eval id="Eval"><cc:expression>(props['skip.record'] == false) ? (props['success.count'] = props['success.count'] + 1; props['success.integration.message'] = 'Record Successfuly Updated')</cc:expression><cc:expression>(props['skip.record'] == true) ? (props['skip.count'] = props['skip.count']  + 1; props['success.integration.message'] = 'Record Skipped due to multiple Payroll Tax Code for the same Zip Code and Tax')</cc:expression></cc:eval>
            </cc:steps>
            <cc:send-error id="errorHandler" rethrow-error="false" routes-to="Error_SplitterSubProcess"/>
        </cc:async-mediation>
        <cc:aggregator id="SubAuditAggregator" routes-to="SubAuditStore" collate-when="props['process.batch'] == false" force-batch-on-last-message="false" force-batch-when="props['process.batch'] == true">
            <cc:size-batch-strategy batch-size="-1"/>
            <cc:xml-message-content-collater>
        <cc:header-text>&lt;Audit></cc:header-text>
        <cc:footer-text>&lt;/Audit></cc:footer-text>
      </cc:xml-message-content-collater>
        </cc:aggregator>
        <cc:local-in id="SubFinalizeLog" routes-to="SubAuditAggregator">
            <cc:parameter default="true" name="process.batch"/>
        </cc:local-in>
        <cc:async-mediation id="SubWriteAuditRowStep" routes-to="SubAuditAggregator">
            <cc:steps>
                <cc:xslt id="WriteAudit" input="variable" input-variable="worker.message" url="WriteAuditLog.xsl"/>
            </cc:steps>
            <cc:send-error id="SendError" routes-to="Call_Error_Message"/>
        </cc:async-mediation>
        <cc:local-in id="SubWriteAuditRow" routes-to="SubWriteAuditRowStep">
            <cc:parameter documentation="Pass the integration message to display in audit log" name="integration.message" required="'false'"/>
            <cc:parameter name="status" required="'false'"/>
        </cc:local-in>
        <cc:async-mediation id="SubAuditStore" routes-to="SubAudit_Log">
            <cc:steps>
                <cc:xslt id="FinalizeLog" output="variable" output-mimetype="text/plain" output-variable="audit.csv" url="FinalizeLog.xsl"/>
                <cc:text-excel id="TextExcel" output="variable" output-variable="audit.xls" input="variable" input-variable="audit.csv" excelstyle="workbook" style="text2excel"/>
                <cc:store id="Audit_Store" output="variable" output-variable="audit.xls.output" input="variable" input-variable="audit.xls" createDocumentReference="false" expiresIn="@{props['doc.retention.policy']}" title="Audit_Log.xls"/>
            </cc:steps>
        </cc:async-mediation>
        <cc:local-out id="SubAudit_Log" endpoint="vm://wcc/PutIntegrationMessage">
            <cc:set name="is.message.severity" value="'INFO'"/>
            <cc:set name="is.message.summary" value="'Audit Log is attached.'"/>
            <cc:set name="is.document.variable.name" value="'audit.xls.output'"/>
            <cc:set name="is.document.file.name" value="'Audit_Log.xls'"/>
        </cc:local-out>
        <cc:local-out id="Call_FinalizeLog" store-message="both" routes-response-to="IntegrationRecordCounts" endpoint="SubFinalizeLog">
            <cc:set name="process.batch" value="props['process.batch']  = true"/>
        </cc:local-out>
        <cc:local-out id="Call_AuditError" store-message="both" routes-response-to="Call_Error_Message" endpoint="SubWriteAuditRow">
            <cc:set name="integration.message" value="props['error.integration.message']"/>
            <cc:set name="status" value="'fail'"/>
            <cc:set name="record.error.free" value="false"/>
        </cc:local-out>
        <cc:local-out id="Call_Error_Message" endpoint="vm://wcc/PutIntegrationMessage">
            <cc:set name="is.message.severity" value="'ERROR'"/>
            <cc:set name="is.message.summary" value="props['error.integration.message']"/>
            <cc:set name="is.message.detail" value="context.getErrorMessage()"/>
        </cc:local-out>
        <cc:local-in id="ErrorHandler" routes-to="ErrorHandler_Step">
            <cc:parameter documentation="The point of entry" name="step.id"/>
            <cc:parameter default="false" name="initial.retrieval"/>
        </cc:local-in>
        <cc:async-mediation id="Error_Message" routes-to="Call_AuditError">
            <cc:steps>
                <cc:eval id="IntegrationMessage"><cc:expression>props['init.error.message'] = 'The following error has occured at ' # props['step.id'] # ': '# context.getErrorMessage()</cc:expression><cc:expression>props['process.error.message'] = 'The following error has occured for ' # props['employee.id'] # ' during ' # props['step.id'] # ': ' # context.getErrorMessage()</cc:expression><cc:expression>props['error.integration.message']  = props['initial.retrieval'] == true ? props['init.error.message'] : props['process.error.message']</cc:expression><cc:expression>props['error.integration.message'] = props['record.error.free'] == false ? props['integration.message'] : props['error.integration.message']</cc:expression></cc:eval>
            </cc:steps>
        </cc:async-mediation>
        <cc:async-mediation id="ErrorHandler_Step" routes-to="Error_Message">
            <cc:steps>
                <cc:set-headers id="ValidationOff">
                    <cc:remove-headers>
                        <cc:remove-header name="X-Validate-Only"/>
                    </cc:remove-headers>
                    <cc:add-headers/>
                </cc:set-headers>
                <cc:eval id="Handle_Error"><cc:expression>props['error.free'] = false</cc:expression><cc:expression>props['fail.count'] = (props['initial.retrieval'] == true) ? (props['fail.count']) : (props['fail.count'] + 1)</cc:expression></cc:eval>
            </cc:steps>
        </cc:async-mediation>
        <cc:local-out id="Error_SplitterSubProcess" store-message="both" endpoint="ErrorHandler">
            <cc:set name="step.id" value="'Splitter Subprocess'"/>
        </cc:local-out>
        <cc:local-out id="Call_AuditRow" store-message="both" execute-when="props['error.free'] &amp;&amp; props['process.employee']" endpoint="SubWriteAuditRow">
            <cc:set name="integration.message" value="props['success.integration.message'] "/>
            <cc:set name="status" value="'success'"/>
        </cc:local-out>
        <cc:async-mediation id="ValidationMode" routes-to="WorkdayOutSoap" execute-steps-when="props['lp.validation.mode'] == '1' || props['lp.validation.mode'] == true" handle-downstream-errors="true">
            <cc:steps>
                <cc:set-headers id="ValidationOn">
                    <cc:remove-headers/>
                    <cc:add-headers>
                        <cc:add-header name="X-Validate-Only" value="1"/>
                    </cc:add-headers>
                </cc:set-headers>
                <cc:log id="LogReq">
                    <cc:log-message>
                        <cc:text>&#xD;
----Web Service Request---&#xD;
</cc:text>
                        <cc:message-content/>
                        <cc:line-separator/>
                    </cc:log-message>
                </cc:log>
            </cc:steps>
            <cc:send-error id="SendError" routes-to="Error_SplitterSubProcess"/>
        </cc:async-mediation>
        <cc:local-out id="Integration-ValidationModeEnabled" execute-when="props['lp.validation.mode'] == '1' || props['lp.validation.mode'] == true" routes-response-to="CallGetConnectorData" endpoint="vm://wcc/PutIntegrationMessage" clone-request="true">
            <cc:set name="is.message.severity" value="'INFO'"/>
            <cc:set name="is.message.summary" value="'Validation Mode is enabled. Workday records will not be updated.'"/>
        </cc:local-out>
        <cc:local-in id="ProcessWorker" routes-to="AsyncMediation0"/>
        <cc:local-out id="GetEventDocuments" routes-response-to="Route" endpoint="vm://wcc/GetEventDocuments">
            <cc:set name="ie.event.wid" value="lp.exists('lp.EventWID') ? lp.getSimpleData('lp.EventWID') : lp.getIntegrationEventWID()"/>
        </cc:local-out>
        <cc:route id="Route">
            <cc:doc-iterator labels="Output document" variable-name="connector.output"/>
            <cc:sub-route name="SubRoute" routes-to="Variables"/>
        </cc:route>
        <cc:async-mediation id="Variables" routes-to="Splitter00" handle-downstream-errors="true">
            <cc:steps>
                <cc:copy id="Copy" output="message" input="variable" input-variable="connector.output"/>
                <cc:eval id="Eval"><cc:expression>props['employee.processed'] = 0</cc:expression></cc:eval>
            </cc:steps>
            <cc:send-error id="errorHandler" rethrow-error="false" routes-to="PutIntegrationMessage0"/>
        </cc:async-mediation>
        <cc:local-in id="GetConnectorData" routes-to="GetEventDocuments"/>
        <cc:local-out id="PutIntegrationMessage0" endpoint="vm://wcc/PutIntegrationMessage">
            <cc:set name="is.message.severity" value="'ERROR'"/>
            <cc:set name="is.message.summary" value="'Erorr has occured in Connector Retrieval Subprocess; see details!'"/>
            <cc:set name="is.message.detail" value="context.getErrorMessage()"/>
        </cc:local-out>
        <cc:local-out id="CallProcessWorker0" store-message="none" execute-when="props['has.reciprocity'] || props['had.reciprocity']" endpoint="ProcessWorker"/>
        <cc:splitter id="Splitter00" no-split-message-error="false">
            <cc:sub-route name="SubRoute" routes-to="AsyncMediation"/>
            <cc:xml-stream-splitter xpath="ws:Worker_Sync/ws:Worker"/>
        </cc:splitter>
        <cc:async-mediation id="AsyncMediation" routes-to="CallProcessWorker0">
            <cc:steps>
                <cc:eval id="Eval">
                    <cc:expression>props['employee.id'] = parts[0].xpath(&quot;ws:Worker/ws:Summary/ws:Employee_ID&quot;)</cc:expression>
                    <cc:expression>props['has.reciprocity'] = props['reciprocity.hashset'].contains(parts[0].xpath(&quot;ws:Worker/ws:Personal/ws:Address_Data[ws:Address_Type='WORK'][ws:Is_Primary='true']/ws:Region&quot;)+parts[0].xpath(&quot;ws:Worker/ws:Personal/ws:Address_Data[ws:Address_Type='HOME'][ws:Is_Primary='true']/ws:Region&quot;))</cc:expression>
                    <cc:expression>props['had.reciprocity'] = props['reciprocity.hashset'].contains(parts[0].xpath(&quot;ws:Worker/ws:Personal/ws:Address_Data[ws:Address_Type='WORK'][ws:Is_Primary='true']/ws:Region/@ws:PriorValue&quot;)+parts[0].xpath(&quot;ws:Worker/ws:Personal/ws:Address_Data[ws:Address_Type='HOME'][ws:Is_Primary='true']/ws:Region&quot;)) || props['reciprocity.hashset'].contains(parts[0].xpath(&quot;ws:Worker/ws:Personal/ws:Address_Data[ws:Address_Type='WORK'][ws:Is_Primary='true']/ws:Region&quot;)+parts[0].xpath(&quot;ws:Worker/ws:Personal/ws:Address_Data[ws:Address_Type='HOME'][ws:Is_Primary='true']/ws:Region/@ws:PriorValue&quot;)) || props['reciprocity.hashset'].contains(parts[0].xpath(&quot;ws:Worker/ws:Personal/ws:Address_Data[ws:Address_Type='WORK'][ws:Is_Primary='true']/ws:Region/@ws:PriorValue&quot;)+parts[0].xpath(&quot;ws:Worker/ws:Personal/ws:Address_Data[ws:Address_Type='HOME'][ws:Is_Primary='true']/ws:Region/@ws:PriorValue&quot;))</cc:expression>
                </cc:eval>
            </cc:steps>
            <cc:send-error id="SendError" routes-to="PutIntegrationMessage00"/>
        </cc:async-mediation>
        <cc:local-out id="PutIntegrationMessage00" endpoint="vm://wcc/PutIntegrationMessage">
            <cc:set name="is.message.severity" value="'ERROR'"/>
            <cc:set name="is.message.summary" value="'Erorr has occured in checking reciprocity for worker: '+props['employee.id']+'; see details!'"/>
            <cc:set name="is.message.detail" value="context.getErrorMessage()"/>
        </cc:local-out>
	</cc:assembly>

</beans>