<?xml version="1.0" encoding="UTF-8"?>
<wdnm:Diagram xmlns:wdnm="http://workday.com/studio/editors/notation">
  <element href="assembly.xml#WorkdayAssembly"/>
  <visualProperties x="-131" y="-800">
    <element href="assembly.xml#StartHere"/>
  </visualProperties>
  <visualProperties x="29" y="-800">
    <element href="assembly.xml#Initialize"/>
  </visualProperties>
  <visualProperties x="747" y="-794">
    <element href="assembly.xml#CallGetJobPosting"/>
  </visualProperties>
  <visualProperties x="-134" y="-505">
    <element href="assembly.xml#GetJobPosting"/>
  </visualProperties>
  <visualProperties x="544" y="-480">
    <element href="assembly.xml#Splitter"/>
  </visualProperties>
  <visualProperties x="754" y="128">
    <element href="assembly.xml#//@beans/@mixed.1/@mixed.11"/>
  </visualProperties>
  <visualProperties x="1059" y="128">
    <element href="assembly.xml#Note-Error"/>
  </visualProperties>
  <visualProperties x="-131" y="-76">
    <element href="assembly.xml#FullfileSOAPReq"/>
  </visualProperties>
  <visualProperties x="695" y="-88">
    <element href="assembly.xml#Req0"/>
  </visualProperties>
  <visualProperties x="1020" y="-93">
    <element href="assembly.xml#SmashflyAPI"/>
  </visualProperties>
  <visualProperties x="1198" y="-88">
    <element href="assembly.xml#Response"/>
  </visualProperties>
  <visualProperties x="492" y="-76">
    <element href="assembly.xml#TransformOutput"/>
  </visualProperties>
  <visualProperties x="-124" y="128">
    <element href="assembly.xml#FullFileAggOutput"/>
  </visualProperties>
  <visualProperties x="92" y="128">
    <element href="assembly.xml#TransformAggData"/>
  </visualProperties>
  <visualProperties x="310" y="130">
    <element href="assembly.xml#FullFileOutput2"/>
  </visualProperties>
  <visualProperties x="544" y="130">
    <element href="assembly.xml#FullfileOutput"/>
  </visualProperties>
  <visualProperties x="557" y="223">
    <element href="assembly.xml#FullFileError"/>
  </visualProperties>
  <visualProperties x="966" y="-800">
    <element href="assembly.xml#SetBatch"/>
  </visualProperties>
  <visualProperties x="56" y="-614">
    <element href="assembly.xml#ThrowError5"/>
  </visualProperties>
  <visualProperties x="57" y="-76">
    <element href="assembly.xml#PostDeletesSoapRequest"/>
  </visualProperties>
  <visualProperties x="709" y="-494">
    <element href="assembly.xml#DeleteTodayAgg"/>
  </visualProperties>
  <visualProperties x="709" y="-427">
    <element href="assembly.xml#AggregateDeletes1"/>
  </visualProperties>
  <visualProperties x="907" y="-516">
    <element href="assembly.xml#copy2"/>
  </visualProperties>
  <visualProperties x="1274" y="-516">
    <element href="assembly.xml#CallDeleteToday"/>
  </visualProperties>
  <visualProperties x="1115" y="-800">
    <element href="assembly.xml#CallDeleteTodayAgg"/>
  </visualProperties>
  <visualProperties x="360" y="-76">
    <element href="assembly.xml#Remove"/>
  </visualProperties>
  <visualProperties x="387" y="-353">
    <element href="assembly.xml#DateRange"/>
  </visualProperties>
  <visualProperties x="1115" y="-505">
    <element href="assembly.xml#Count"/>
  </visualProperties>
  <visualProperties x="56" y="-530">
    <element href="assembly.xml#ZeroPostings"/>
  </visualProperties>
  <visualProperties x="34" y="-341">
    <element href="assembly.xml#AsyncMediation"/>
  </visualProperties>
  <visualProperties x="60" y="-171">
    <element href="assembly.xml#PutIntegrationMessage"/>
  </visualProperties>
  <visualProperties x="273" y="-800">
    <element href="assembly.xml#Validation"/>
  </visualProperties>
  <visualProperties x="448" y="-800">
    <element href="assembly.xml#Report"/>
  </visualProperties>
  <visualProperties x="585" y="-800">
    <element href="assembly.xml#Report1"/>
  </visualProperties>
  <visualProperties x="217" y="-530">
    <element href="assembly.xml#Route"/>
  </visualProperties>
  <visualProperties x="378" y="-487">
    <element href="assembly.xml#TodayOnly"/>
  </visualProperties>
  <decorations x="-157" y="-874" width="1491" height="313" font="Candara|12|1" bgColor="16777153" fgColor="1" fontColor="1" text="Process Flow"/>
  <decorations x="-156" y="-553" width="1488" height="276" font="Candara|12|1" bgColor="11599307" fgColor="1" fontColor="1" text="All Job Postings"/>
  <decorations x="-157" y="-267" width="1492" height="225" font="Candara|12|1" bgColor="15979489" fgColor="1" fontColor="1" text="Current Job Posting"/>
  <decorations x="-160" y="-33" width="1489" height="280" font="Candara|12|1" bgColor="11064319" fgColor="1" fontColor="1" text="Current Job Posting Processing"/>
  <connections type="routesTo" sourceAnchorX="0.9747899159663865" sourceAnchorY="0.5945945945945946" targetAnchorX="0.13978494623655913" targetAnchorY="0.21739130434782608">
    <source href="assembly.xml#StartHere"/>
    <target href="assembly.xml#Initialize"/>
  </connections>
  <connections type="routesTo" sourceAnchorX="0.9669421487603306" sourceAnchorY="0.43243243243243246" targetAnchorX="0.06060606060606061" targetAnchorY="0.3783783783783784">
    <source href="assembly.xml#//@beans/@mixed.1/@mixed.11"/>
    <target href="assembly.xml#Note-Error"/>
  </connections>
  <connections type="routesResponseTo" sourceAnchorX="1.0" sourceAnchorY="0.22535211267605634" targetAnchorX="0.1015625" targetAnchorY="0.23404255319148937">
    <source href="assembly.xml#SmashflyAPI"/>
    <target href="assembly.xml#Response"/>
  </connections>
  <connections type="routesTo" sourceAnchorX="0.796875" sourceAnchorY="1.0" targetAnchorX="0.21052631578947367" targetAnchorY="0.24468085106382978">
    <source href="assembly.xml#FullFileAggOutput"/>
    <target href="assembly.xml#TransformAggData"/>
  </connections>
  <connections type="routesTo" sourceAnchorX="1.0" sourceAnchorY="0.1968503937007874" targetAnchorX="0.06338028169014084" targetAnchorY="0.4864864864864865">
    <source href="assembly.xml#FullFileOutput2"/>
    <target href="assembly.xml#FullfileOutput"/>
  </connections>
  <connections type="routesTo" sourceAnchorX="0.7801418439716312" sourceAnchorY="1.0" targetAnchorX="0.12650602409638553" targetAnchorY="0.3783783783783784">
    <source href="assembly.xml#//@beans/@mixed.1/@mixed.29/@mixed.3"/>
    <target href="assembly.xml#FullFileError"/>
  </connections>
  <connections type="routesTo" sourceAnchorX="1.0" sourceAnchorY="0.1702127659574468" targetAnchorX="0.18085106382978725" targetAnchorY="0.192">
    <source href="assembly.xml#TransformAggData"/>
    <target href="assembly.xml#FullFileOutput2"/>
  </connections>
  <connections type="routesResponseTo" sourceAnchorX="0.70625" sourceAnchorY="1.0" targetAnchorX="0.5354330708661418" targetAnchorY="0.2608695652173913">
    <source href="assembly.xml#CallGetJobPosting"/>
    <target href="assembly.xml#SetBatch"/>
  </connections>
  <connections type="routesTo" sourceAnchorX="0.6077348066298343" sourceAnchorY="1.0" targetAnchorX="0.656" targetAnchorY="0.7027027027027027">
    <source href="assembly.xml#//@beans/@mixed.1/@mixed.3/@mixed.3"/>
    <target href="assembly.xml#ThrowError5"/>
  </connections>
  <connections type="routesTo" sourceAnchorX="0.0" sourceAnchorY="0.2127659574468085" targetAnchorX="0.26785714285714285" targetAnchorY="0.4594594594594595">
    <source href="assembly.xml#PostDeletesSoapRequest"/>
    <target href="assembly.xml#Remove"/>
  </connections>
  <connections type="routesTo" sourceAnchorX="0.6639344262295082" sourceAnchorY="1.0" targetAnchorX="0.1895424836601307" targetAnchorY="0.3113207547169811">
    <source href="assembly.xml#DeleteTodayAgg"/>
    <target href="assembly.xml#AggregateDeletes1"/>
  </connections>
  <connections type="routesTo" sourceAnchorX="1.0" sourceAnchorY="0.16981132075471697" targetAnchorX="0.1643835616438356" targetAnchorY="0.425531914893617">
    <source href="assembly.xml#AggregateDeletes1"/>
    <target href="assembly.xml#copy2"/>
  </connections>
  <connections type="routesTo" sourceAnchorX="1.0" sourceAnchorY="0.2765957446808511" targetAnchorX="0.526829268292683" targetAnchorY="0.5135135135135135">
    <source href="assembly.xml#copy2"/>
    <target href="assembly.xml#Count"/>
  </connections>
  <connections type="routesTo" sourceAnchorX="0.5397923875432526" sourceAnchorY="1.0" targetAnchorX="0.09248554913294797" targetAnchorY="0.4647887323943662">
    <source href="assembly.xml#Req0"/>
    <target href="assembly.xml#SmashflyAPI"/>
  </connections>
  <connections type="routesTo" sourceAnchorX="1.0" sourceAnchorY="0.16535433070866143" targetAnchorX="0.4830508474576271" targetAnchorY="0.6486486486486487">
    <source href="assembly.xml#Initialize"/>
    <target href="assembly.xml#Validation"/>
  </connections>
  <connections type="routesTo" sourceAnchorX="1.0" sourceAnchorY="0.23958333333333334" targetAnchorX="0.17647058823529413" targetAnchorY="0.40540540540540543">
    <source href="assembly.xml#SetBatch"/>
    <target href="assembly.xml#CallDeleteTodayAgg"/>
  </connections>
  <connections type="routesTo" sourceAnchorX="0.7631578947368421" sourceAnchorY="1.0" targetAnchorX="0.828125" targetAnchorY="0.25203252032520324">
    <source href="assembly.xml#GetJobPosting"/>
    <target href="assembly.xml#ZeroPostings"/>
  </connections>
  <connections type="routesTo" sourceAnchorX="0.8365384615384616" sourceAnchorY="1.0" targetAnchorX="0.08045977011494253" targetAnchorY="0.5471698113207547">
    <source href="assembly.xml#//@beans/@mixed.1/@splitter.0/@subRoute.0"/>
    <target href="assembly.xml#AggregateDeletes1"/>
  </connections>
  <connections type="routesTo" sourceAnchorX="0.8734939759036144" sourceAnchorY="1.0" targetAnchorX="0.10407239819004525" targetAnchorY="0.19791666666666666">
    <source href="assembly.xml#FullfileSOAPReq"/>
    <target href="assembly.xml#PostDeletesSoapRequest"/>
  </connections>
  <connections type="routesResponseTo" sourceAnchorX="0.7253886010362695" sourceAnchorY="1.0" targetAnchorX="0.22837370242214533" targetAnchorY="0.34375">
    <source href="assembly.xml#TransformOutput"/>
    <target href="assembly.xml#Req0"/>
  </connections>
  <connections type="routesResponseTo" sourceAnchorX="0.6607142857142857" sourceAnchorY="1.0" targetAnchorX="0.10362694300518134" targetAnchorY="0.32432432432432434">
    <source href="assembly.xml#Remove"/>
    <target href="assembly.xml#TransformOutput"/>
  </connections>
  <connections type="routesResponseTo" sourceAnchorX="0.975609756097561" sourceAnchorY="1.0" targetAnchorX="0.09876543209876543" targetAnchorY="0.2972972972972973">
    <source href="assembly.xml#Count"/>
    <target href="assembly.xml#CallDeleteToday"/>
  </connections>
  <connections type="routesTo" sourceAnchorX="1.0" sourceAnchorY="0.17886178861788618" targetAnchorX="0.35384615384615387" targetAnchorY="0.07037037037037037">
    <source href="assembly.xml#ZeroPostings"/>
    <target href="assembly.xml#Route"/>
  </connections>
  <connections type="routesTo" sourceAnchorX="0.512396694214876" sourceAnchorY="1.0" targetAnchorX="0.45454545454545453" targetAnchorY="0.1956521739130435">
    <source href="assembly.xml#//@beans/@mixed.1/@mixed.57/@mixed.3"/>
    <target href="assembly.xml#AsyncMediation"/>
  </connections>
  <connections type="routesTo" sourceAnchorX="0.0" sourceAnchorY="0.3020833333333333" targetAnchorX="0.05365853658536585" targetAnchorY="0.40540540540540543">
    <source href="assembly.xml#AsyncMediation"/>
    <target href="assembly.xml#PutIntegrationMessage"/>
  </connections>
  <connections type="routesResponseTo" sourceAnchorX="0.6694915254237288" sourceAnchorY="1.0" targetAnchorX="0.43564356435643564" targetAnchorY="0.40540540540540543">
    <source href="assembly.xml#Validation"/>
    <target href="assembly.xml#Report"/>
  </connections>
  <connections type="routesResponseTo" sourceAnchorX="0.5148514851485149" sourceAnchorY="1.0" targetAnchorX="0.6605504587155964" targetAnchorY="0.4594594594594595">
    <source href="assembly.xml#Report"/>
    <target href="assembly.xml#Report1"/>
  </connections>
  <connections type="routesResponseTo" sourceAnchorX="0.5688073394495413" sourceAnchorY="1.0" targetAnchorX="0.12994350282485875" targetAnchorY="0.2702702702702703">
    <source href="assembly.xml#Report1"/>
    <target href="assembly.xml#CallGetJobPosting"/>
  </connections>
  <connections type="routesResponseTo" sourceAnchorX="0.635036496350365" sourceAnchorY="1.0" targetAnchorX="0.03418803418803419" targetAnchorY="0.6707317073170732">
    <source href="assembly.xml#DateRange"/>
    <target href="assembly.xml#Splitter"/>
  </connections>
  <connections type="routesTo" sourceAnchorX="0.8034188034188035" sourceAnchorY="1.0" targetAnchorX="0.128" targetAnchorY="0.7027027027027027">
    <source href="assembly.xml#//@beans/@mixed.1/@route.0/@subRoute.0"/>
    <target href="assembly.xml#TodayOnly"/>
  </connections>
  <connections type="routesTo" sourceAnchorX="0.7606837606837606" sourceAnchorY="1.0" targetAnchorX="0.22900763358778625" targetAnchorY="0.35135135135135137">
    <source href="assembly.xml#//@beans/@mixed.1/@route.0/@subRoute.1"/>
    <target href="assembly.xml#DateRange"/>
  </connections>
  <connections type="routesResponseTo" sourceAnchorX="0.752" sourceAnchorY="1.0" targetAnchorX="0.03418803418803419" targetAnchorY="0.23780487804878048">
    <source href="assembly.xml#TodayOnly"/>
    <target href="assembly.xml#Splitter"/>
  </connections>
</wdnm:Diagram>
