<?xml version="1.0" encoding="UTF-8"?>
<wdnm:Diagram xmlns:wdnm="http://workday.com/studio/editors/notation">
  <element href="assembly.xml#WorkdayAssembly"/>
  <visualProperties x="242" y="146">
    <element href="assembly.xml#StartHere"/>
  </visualProperties>
  <visualProperties x="531" y="161">
    <element href="assembly.xml#getInitials"/>
  </visualProperties>
  <visualProperties x="958" y="146">
    <element href="assembly.xml#Call-Get_IntegrationSystems"/>
  </visualProperties>
  <visualProperties x="164" y="298">
    <element href="assembly.xml#Get_IntegrationSystems"/>
  </visualProperties>
  <visualProperties x="442" y="298">
    <element href="assembly.xml#buildIntSysArrays"/>
  </visualProperties>
  <visualProperties x="711" y="317">
    <element href="assembly.xml#GetIntSystems"/>
  </visualProperties>
  <visualProperties x="982" y="329">
    <element href="assembly.xml#Splitter"/>
  </visualProperties>
  <visualProperties x="1625" y="292">
    <element href="assembly.xml#Call-StartProcess"/>
  </visualProperties>
  <visualProperties x="228" y="561">
    <element href="assembly.xml#StartProcess"/>
  </visualProperties>
  <visualProperties x="646" y="581">
    <element href="assembly.xml#Call-GetCLAR"/>
  </visualProperties>
  <visualProperties x="363" y="1145">
    <element href="assembly.xml#GetCLAR"/>
  </visualProperties>
  <visualProperties x="777" y="1145">
    <element href="assembly.xml#buildGetCollection"/>
  </visualProperties>
  <visualProperties x="997" y="1156">
    <element href="assembly.xml#getCloudCollections"/>
  </visualProperties>
  <visualProperties x="1275" y="845">
    <element href="assembly.xml#copyXML"/>
  </visualProperties>
  <visualProperties x="1220" y="1276">
    <element href="assembly.xml#unpackCLAR"/>
  </visualProperties>
  <visualProperties x="1135" y="874">
    <element href="assembly.xml#Splitter0"/>
  </visualProperties>
  <visualProperties x="356" y="1926">
    <element href="assembly.xml#FileProcess"/>
  </visualProperties>
  <visualProperties x="1253" y="112">
    <element href="assembly.xml#Call-Stop_File_Agg"/>
  </visualProperties>
  <visualProperties x="787" y="1894">
    <element href="assembly.xml#Aggregator0"/>
  </visualProperties>
  <visualProperties x="248" y="1621">
    <element href="assembly.xml#Splitter1"/>
  </visualProperties>
  <visualProperties x="584" y="1638">
    <element href="assembly.xml#SyncMediation"/>
  </visualProperties>
  <visualProperties x="264" y="1649">
    <element href="assembly.xml#SyncMediation0"/>
  </visualProperties>
  <visualProperties x="1170" y="1553">
    <element href="assembly.xml#Stop_File_Agg"/>
  </visualProperties>
  <visualProperties x="1374" y="991">
    <element href="assembly.xml#Call-FileProcess2"/>
  </visualProperties>
  <visualProperties x="386" y="670">
    <element href="assembly.xml#copyBackIntSys"/>
  </visualProperties>
  <visualProperties x="764" y="654">
    <element href="assembly.xml#getReportWID"/>
  </visualProperties>
  <visualProperties x="561" y="654">
    <element href="assembly.xml#splitReportServices"/>
  </visualProperties>
  <visualProperties x="624" y="711">
    <element href="assembly.xml#Report_Definitions"/>
  </visualProperties>
  <visualProperties x="1176" y="836">
    <element href="assembly.xml#getReportDefinition0"/>
  </visualProperties>
  <visualProperties x="1307" y="893">
    <element href="assembly.xml#copyReportData0"/>
  </visualProperties>
  <visualProperties x="1528" y="900">
    <element href="assembly.xml#Aggregator1"/>
  </visualProperties>
  <visualProperties x="1796" y="1581">
    <element href="assembly.xml#AsyncMediation1"/>
  </visualProperties>
  <visualProperties x="1703" y="829">
    <element href="assembly.xml#Aggregator2"/>
  </visualProperties>
  <visualProperties x="1677" y="1018">
    <element href="assembly.xml#AggregareDS1-Batch"/>
  </visualProperties>
  <visualProperties x="852" y="1628">
    <element href="assembly.xml#Route"/>
  </visualProperties>
  <visualProperties x="994" y="1685">
    <element href="assembly.xml#AsyncMediation"/>
  </visualProperties>
  <visualProperties x="1074" y="1562">
    <element href="assembly.xml#AsyncMediation3"/>
  </visualProperties>
  <visualProperties x="182" y="543">
    <element href="assembly.xml#Call-DT"/>
  </visualProperties>
  <visualProperties x="90" y="3243">
    <element href="assembly.xml#XSLDecoder"/>
  </visualProperties>
  <visualProperties x="219" y="3271">
    <element href="assembly.xml#AsyncMediation10"/>
  </visualProperties>
  <visualProperties x="94" y="3478">
    <element href="assembly.xml#EIBProcess"/>
  </visualProperties>
  <visualProperties x="609" y="3504">
    <element href="assembly.xml#Call-EIBXSL"/>
  </visualProperties>
  <visualProperties x="428" y="3361">
    <element href="assembly.xml#Call-FileProcess"/>
  </visualProperties>
  <visualProperties x="354" y="501">
    <element href="assembly.xml#Call-EIB"/>
  </visualProperties>
  <visualProperties x="638" y="794">
    <element href="assembly.xml#Call-ReportWS"/>
  </visualProperties>
  <visualProperties x="98" y="987">
    <element href="assembly.xml#ReportWS"/>
  </visualProperties>
  <visualProperties x="646" y="751">
    <element href="assembly.xml#AsyncMediation13"/>
  </visualProperties>
  <visualProperties x="742" y="19">
    <element href="assembly.xml#Call-Get_Calfields_Definitions"/>
  </visualProperties>
  <visualProperties x="62" y="1542">
    <element href="assembly.xml#Report_Impacts"/>
  </visualProperties>
  <visualProperties x="-188" y="3934">
    <element href="assembly.xml#DTProcess"/>
  </visualProperties>
  <visualProperties x="-84" y="3949">
    <element href="assembly.xml#Call-Decode"/>
  </visualProperties>
  <visualProperties x="119" y="4166">
    <element href="assembly.xml#WorkdayOutSoap"/>
  </visualProperties>
  <visualProperties x="275" y="573">
    <element href="assembly.xml#Call-Studio"/>
  </visualProperties>
  <visualProperties x="390" y="3994">
    <element href="assembly.xml#Studio"/>
  </visualProperties>
  <visualProperties x="-109" y="551">
    <element href="assembly.xml#Call-BPData"/>
  </visualProperties>
  <visualProperties x="-201" y="3884">
    <element href="assembly.xml#BPData"/>
  </visualProperties>
  <visualProperties x="77" y="3948">
    <element href="assembly.xml#Get_BPDef"/>
  </visualProperties>
  <visualProperties x="282" y="3970">
    <element href="assembly.xml#AsyncMediation18"/>
  </visualProperties>
  <visualProperties x="475" y="3981">
    <element href="assembly.xml#Splitter3"/>
  </visualProperties>
  <visualProperties x="-160" y="543">
    <element href="assembly.xml#Call-Front_End_Data"/>
  </visualProperties>
  <visualProperties x="-200" y="3883">
    <element href="assembly.xml#Front_End_Data"/>
  </visualProperties>
  <visualProperties x="134" y="3972">
    <element href="assembly.xml#Aggregator4"/>
  </visualProperties>
  <visualProperties x="145" y="3970">
    <element href="assembly.xml#Route2"/>
  </visualProperties>
  <visualProperties x="286" y="3974">
    <element href="assembly.xml#AsyncMediation21"/>
  </visualProperties>
  <visualProperties x="473" y="4074">
    <element href="assembly.xml#AsyncMediation22"/>
  </visualProperties>
  <visualProperties x="1065" y="1544">
    <element href="assembly.xml#AsyncMediation24"/>
  </visualProperties>
  <visualProperties x="1038" y="1572">
    <element href="assembly.xml#Splitter4"/>
  </visualProperties>
  <visualProperties x="1540" y="1588">
    <element href="assembly.xml#Aggregator5"/>
  </visualProperties>
  <visualProperties x="1748" y="1566">
    <element href="assembly.xml#AsyncMediation25"/>
  </visualProperties>
  <visualProperties x="1194" y="3988">
    <element href="assembly.xml#Aggregator6"/>
  </visualProperties>
  <visualProperties x="1401" y="3968">
    <element href="assembly.xml#AsyncMediation26"/>
  </visualProperties>
  <visualProperties x="1224" y="148">
    <element href="assembly.xml#Call-Stop_Front_End_Agg"/>
  </visualProperties>
  <visualProperties x="1425" y="182">
    <element href="assembly.xml#Call-Stop_Report_Agg"/>
  </visualProperties>
  <visualProperties x="1454" y="1467">
    <element href="assembly.xml#Stop_Report_Agg"/>
  </visualProperties>
  <visualProperties x="1257" y="3982">
    <element href="assembly.xml#Stop_Front_End_Agg"/>
  </visualProperties>
  <visualProperties x="1045" y="3934">
    <element href="assembly.xml#Splitter5"/>
  </visualProperties>
  <visualProperties x="-156" y="3189">
    <element href="assembly.xml#Call-CP_SI"/>
  </visualProperties>
  <visualProperties x="-205" y="3266">
    <element href="assembly.xml#Common_Process"/>
  </visualProperties>
  <visualProperties x="31" y="3280">
    <element href="assembly.xml#Call-GetCustomReport"/>
  </visualProperties>
  <visualProperties x="-71" y="3384">
    <element href="assembly.xml#Call-AggregareDS1-Batch"/>
  </visualProperties>
  <visualProperties x="-118" y="3455">
    <element href="assembly.xml#Call-MergeData"/>
  </visualProperties>
  <visualProperties x="-42" y="3330">
    <element href="assembly.xml#Call-GetReportService_SI"/>
  </visualProperties>
  <visualProperties x="603" y="3670">
    <element href="assembly.xml#Call-CP_EIB"/>
  </visualProperties>
  <visualProperties x="911" y="2998">
    <element href="assembly.xml#Call-CP_BP"/>
  </visualProperties>
  <visualProperties>
    <element href="assembly.xml#Get_Calfields_Definitions"/>
  </visualProperties>
  <visualProperties>
    <element href="assembly.xml#getCalcFieldInitials"/>
  </visualProperties>
  <visualProperties>
    <element href="assembly.xml#GetCalcFields"/>
  </visualProperties>
  <visualProperties>
    <element href="assembly.xml#copyCalcFields"/>
  </visualProperties>
  <visualProperties x="92" y="356">
    <element href="assembly.xml#PIM2"/>
  </visualProperties>
  <visualProperties x="-26" y="644">
    <element href="assembly.xml#PIM6"/>
  </visualProperties>
  <visualProperties x="914" y="730">
    <element href="assembly.xml#Call-ErrorHandler"/>
  </visualProperties>
  <visualProperties x="70" y="1422">
    <element href="assembly.xml#Call-ErrorHandler4"/>
  </visualProperties>
  <visualProperties x="192" y="4323">
    <element href="assembly.xml#Error_Handler_for_each_INT"/>
  </visualProperties>
  <visualProperties x="427" y="4361">
    <element href="assembly.xml#AsyncMediation5"/>
  </visualProperties>
  <visualProperties x="2461" y="1370">
    <element href="assembly.xml#Call-FE_ErrorHandlerAgg"/>
  </visualProperties>
  <visualProperties x="104" y="1228">
    <element href="assembly.xml#Call-ErrorHandler2"/>
  </visualProperties>
  <visualProperties x="33" y="2615">
    <element href="assembly.xml#Call-ErrorHandlerRep"/>
  </visualProperties>
  <visualProperties x="-35" y="2812">
    <element href="assembly.xml#Call-ErrorHandlerRep2"/>
  </visualProperties>
  <visualProperties x="99" y="3252">
    <element href="assembly.xml#Call-ErrorHandlerRep3"/>
  </visualProperties>
  <visualProperties x="2479" y="3254">
    <element href="assembly.xml#Call-RepErrorHandlerAgg"/>
  </visualProperties>
  <visualProperties x="14" y="1975">
    <element href="assembly.xml#Call-ErrorHandler5"/>
  </visualProperties>
  <visualProperties x="-55" y="4682">
    <element href="assembly.xml#Call-ErrorHandlerDec"/>
  </visualProperties>
  <visualProperties x="-60" y="4439">
    <element href="assembly.xml#Call-ErrorHandlerFile"/>
  </visualProperties>
  <visualProperties x="17" y="2361">
    <element href="assembly.xml#Call-ErrorHandler6"/>
  </visualProperties>
  <visualProperties x="-16" y="2700">
    <element href="assembly.xml#Call-ErrorHandler7"/>
  </visualProperties>
  <visualProperties x="21" y="4254">
    <element href="assembly.xml#Call-ErrorHandler8"/>
  </visualProperties>
  <visualProperties x="555" y="452">
    <element href="assembly.xml#PIM3"/>
  </visualProperties>
  <visualProperties x="2030" y="89">
    <element href="assembly.xml#PutIntegrationMessage3"/>
  </visualProperties>
  <visualProperties x="389" y="4534">
    <element href="assembly.xml#Splitter2"/>
  </visualProperties>
  <visualProperties x="540" y="4510">
    <element href="assembly.xml#AsyncMediation7"/>
  </visualProperties>
  <visualProperties x="-366" y="1959">
    <element href="assembly.xml#SyncMediation1"/>
  </visualProperties>
  <visualProperties x="-402" y="2716">
    <element href="assembly.xml#SyncMediation4"/>
  </visualProperties>
  <visualProperties x="419" y="1250">
    <element href="assembly.xml#SyncMediation5"/>
  </visualProperties>
  <visualProperties x="1790" y="109">
    <element href="assembly.xml#AsyncMediation2"/>
  </visualProperties>
  <visualProperties x="206" y="4537">
    <element href="assembly.xml#//@beans/@mixed.1/@mixed.229"/>
  </visualProperties>
  <visualProperties x="511" y="4537">
    <element href="assembly.xml#Note-Error"/>
  </visualProperties>
  <visualProperties x="-307" y="127">
    <element href="assembly.xml#PIM1"/>
  </visualProperties>
  <visualProperties x="800" y="1458">
    <element href="assembly.xml#Aggregator"/>
  </visualProperties>
  <visualProperties x="783" y="1448">
    <element href="assembly.xml#Route0"/>
  </visualProperties>
  <visualProperties x="945" y="1438">
    <element href="assembly.xml#AsyncMediation8"/>
  </visualProperties>
  <visualProperties x="1019" y="1518">
    <element href="assembly.xml#AsyncMediation9"/>
  </visualProperties>
  <visualProperties x="1861" y="1859">
    <element href="assembly.xml#Call-PAF"/>
  </visualProperties>
  <visualProperties x="1537" y="2183">
    <element href="assembly.xml#Attached_files_processing"/>
  </visualProperties>
  <visualProperties x="1795" y="2189">
    <element href="assembly.xml#AsyncMediation12"/>
  </visualProperties>
  <visualProperties x="1935" y="2256">
    <element href="assembly.xml#Splitter6"/>
  </visualProperties>
  <visualProperties x="2084" y="2307">
    <element href="assembly.xml#SyncMediation6"/>
  </visualProperties>
  <visualProperties x="2254" y="2288">
    <element href="assembly.xml#Call-File_decoder"/>
  </visualProperties>
  <visualProperties x="1868" y="2401">
    <element href="assembly.xml#Call-ErrorHandler9"/>
  </visualProperties>
  <visualProperties x="-297" y="366">
    <element href="assembly.xml#Call-Get_Schedule_and_Sequence"/>
  </visualProperties>
  <visualProperties x="-387" y="938">
    <element href="assembly.xml#Get_Schedule_and_Sequence"/>
  </visualProperties>
  <visualProperties x="-184" y="1004">
    <element href="assembly.xml#AsyncMediation14"/>
  </visualProperties>
  <visualProperties x="5" y="1015">
    <element href="assembly.xml#PagedGet0"/>
  </visualProperties>
  <visualProperties x="157" y="1010">
    <element href="assembly.xml#AsyncMediation15"/>
  </visualProperties>
  <visualProperties x="-171" y="1022">
    <element href="assembly.xml#Route1"/>
  </visualProperties>
  <visualProperties x="225" y="1143">
    <element href="assembly.xml#PagedGet1"/>
  </visualProperties>
  <visualProperties x="487" y="1042">
    <element href="assembly.xml#Aggregator3"/>
  </visualProperties>
  <visualProperties x="100" y="1171">
    <element href="assembly.xml#PIM4"/>
  </visualProperties>
  <visualProperties x="118" y="1391">
    <element href="assembly.xml#PIM5"/>
  </visualProperties>
  <visualProperties x="1743" y="2254">
    <element href="assembly.xml#SyncMediation7"/>
  </visualProperties>
  <visualProperties x="1380" y="2262">
    <element href="assembly.xml#SyncMediation8"/>
  </visualProperties>
  <visualProperties x="-150" y="1622">
    <element href="assembly.xml#Call-Schedule_Seq_Data"/>
  </visualProperties>
  <visualProperties x="-412" y="1703">
    <element href="assembly.xml#Schedule_Seq_Data"/>
  </visualProperties>
  <visualProperties x="-6" y="1747">
    <element href="assembly.xml#Route3"/>
  </visualProperties>
  <visualProperties x="129" y="1721">
    <element href="assembly.xml#AsyncMediation11"/>
  </visualProperties>
  <visualProperties x="325" y="1761">
    <element href="assembly.xml#AsyncMediation23"/>
  </visualProperties>
  <visualProperties x="352" y="1824">
    <element href="assembly.xml#Aggregator7"/>
  </visualProperties>
  <visualProperties x="-248" y="1779">
    <element href="assembly.xml#SyncMediation10"/>
  </visualProperties>
  <visualProperties x="859" y="1764">
    <element href="assembly.xml#Call-Front_End_Data2"/>
  </visualProperties>
  <visualProperties x="-139" y="1959">
    <element href="assembly.xml#Call-ErrorHandler3"/>
  </visualProperties>
  <visualProperties x="2141" y="226">
    <element href="assembly.xml#Aggregator8"/>
  </visualProperties>
  <visualProperties x="999" y="5341">
    <element href="assembly.xml#Call-Aggregate_File1"/>
  </visualProperties>
  <visualProperties x="2140" y="202">
    <element href="assembly.xml#Aggregate_File"/>
  </visualProperties>
  <visualProperties x="2463" y="2620">
    <element href="assembly.xml#Call-AggregateFile2"/>
  </visualProperties>
  <visualProperties x="1887" y="4902">
    <element href="assembly.xml#Call-Aggregate_File3"/>
  </visualProperties>
  <visualProperties x="2719" y="199">
    <element href="assembly.xml#AsyncMediation0"/>
  </visualProperties>
  <visualProperties x="1032" y="5212">
    <element href="assembly.xml#AsyncMediation19"/>
  </visualProperties>
  <visualProperties x="2168" y="-89">
    <element href="assembly.xml#Create_ZipFile"/>
  </visualProperties>
  <visualProperties x="1498" y="257">
    <element href="assembly.xml#SyncMediation13"/>
  </visualProperties>
  <visualProperties x="-354" y="1884">
    <element href="assembly.xml#SyncMediation14"/>
  </visualProperties>
  <visualProperties x="-225" y="4502">
    <element href="assembly.xml#AsyncMediation6"/>
  </visualProperties>
  <visualProperties x="570" y="1468">
    <element href="assembly.xml#AsyncMediation17"/>
  </visualProperties>
  <visualProperties x="-298" y="2272">
    <element href="assembly.xml#SyncMediation2"/>
  </visualProperties>
  <visualProperties x="435" y="2226">
    <element href="assembly.xml#AsyncMediation20"/>
  </visualProperties>
  <visualProperties x="290" y="2692">
    <element href="assembly.xml#SyncMediation9"/>
  </visualProperties>
  <visualProperties x="680" y="2658">
    <element href="assembly.xml#AsyncMediation16"/>
  </visualProperties>
  <visualProperties x="486" y="-88">
    <element href="assembly.xml#Call-Get_All_Cust_rep_def"/>
  </visualProperties>
  <visualProperties x="663" y="586">
    <element href="assembly.xml#Get_All_Cust_rep_def"/>
  </visualProperties>
  <visualProperties x="820" y="605">
    <element href="assembly.xml#SyncMediation3"/>
  </visualProperties>
  <visualProperties x="994" y="624">
    <element href="assembly.xml#GetIntsys"/>
  </visualProperties>
  <visualProperties x="1153" y="638">
    <element href="assembly.xml#Splitter7"/>
  </visualProperties>
  <visualProperties x="713" y="778">
    <element href="assembly.xml#Process_Cust_Rep_Def"/>
  </visualProperties>
  <visualProperties x="1767" y="704">
    <element href="assembly.xml#Aggregator9"/>
  </visualProperties>
  <visualProperties x="1861" y="663">
    <element href="assembly.xml#Stop_Rep_agg"/>
  </visualProperties>
  <visualProperties x="962" y="-86">
    <element href="assembly.xml#Call-Stop_Rep_agg"/>
  </visualProperties>
  <visualProperties x="2007" y="752">
    <element href="assembly.xml#Call-Process_Rep"/>
  </visualProperties>
  <visualProperties x="2012" y="751">
    <element href="assembly.xml#SyncMediation11"/>
  </visualProperties>
  <visualProperties x="930" y="867">
    <element href="assembly.xml#PIM8"/>
  </visualProperties>
  <visualProperties x="832" y="909">
    <element href="assembly.xml#Call-Report_WIDs"/>
  </visualProperties>
  <visualProperties x="662" y="638">
    <element href="assembly.xml#Report_WIDs"/>
  </visualProperties>
  <visualProperties x="817" y="872">
    <element href="assembly.xml#GetRep"/>
  </visualProperties>
  <visualProperties x="1332" y="783">
    <element href="assembly.xml#Get_BP"/>
  </visualProperties>
  <visualProperties x="1143" y="771">
    <element href="assembly.xml#Splitter8"/>
  </visualProperties>
  <visualProperties x="1302" y="796">
    <element href="assembly.xml#SyncMediation16"/>
  </visualProperties>
  <visualProperties x="777" y="731">
    <element href="assembly.xml#AsyncMediation30"/>
  </visualProperties>
  <visualProperties x="885" y="910">
    <element href="assembly.xml#PIM7"/>
  </visualProperties>
  <visualProperties x="1900" y="1260">
    <element href="assembly.xml#AsyncMediation29"/>
  </visualProperties>
  <visualProperties x="1178" y="5299">
    <element href="assembly.xml#Call-FileErrorHandlerAgg"/>
  </visualProperties>
  <connections type="routesTo">
    <source href="assembly.xml#StartHere"/>
    <target href="assembly.xml#getInitials"/>
  </connections>
  <connections type="routesTo">
    <source href="assembly.xml#Get_IntegrationSystems"/>
    <target href="assembly.xml#buildIntSysArrays"/>
  </connections>
  <connections type="routesTo">
    <source href="assembly.xml#buildIntSysArrays"/>
    <target href="assembly.xml#GetIntSystems"/>
  </connections>
  <connections type="routesTo" sourceAnchorX="1.0" sourceAnchorY="0.5405405405405406" targetAnchorX="0.47540983606557374" targetAnchorY="0.12162162162162163">
    <source href="assembly.xml#GetCLAR"/>
    <target href="assembly.xml#buildGetCollection"/>
  </connections>
  <connections type="routesTo" sourceAnchorX="0.8301886792452831" sourceAnchorY="0.16447368421052633" targetAnchorX="0.026737967914438502" targetAnchorY="0.3783783783783784">
    <source href="assembly.xml#buildGetCollection"/>
    <target href="assembly.xml#getCloudCollections"/>
  </connections>
  <connections type="routesTo" sourceAnchorX="0.9493670886075949" sourceAnchorY="1.0" targetAnchorX="0.15789473684210525" targetAnchorY="0.05405405405405406">
    <source href="assembly.xml#//@beans/@mixed.1/@splitter.1/@subRoute.0"/>
    <target href="assembly.xml#copyXML"/>
  </connections>
  <connections type="routesResponseTo">
    <source href="assembly.xml#getCloudCollections"/>
    <target href="assembly.xml#unpackCLAR"/>
  </connections>
  <connections type="routesTo">
    <source href="assembly.xml#SyncMediation0"/>
    <target href="assembly.xml#Splitter1"/>
  </connections>
  <connections type="routesTo">
    <source href="assembly.xml#FileProcess"/>
    <target href="assembly.xml#SyncMediation0"/>
  </connections>
  <connections type="routesTo">
    <source href="assembly.xml#//@beans/@mixed.1/@splitter.2/@subRoute.0"/>
    <target href="assembly.xml#SyncMediation"/>
  </connections>
  <connections type="routesTo">
    <source href="assembly.xml#Stop_File_Agg"/>
    <target href="assembly.xml#Aggregator0"/>
  </connections>
  <connections type="routesTo">
    <source href="assembly.xml#unpackCLAR"/>
    <target href="assembly.xml#Splitter0"/>
  </connections>
  <connections type="routesTo">
    <source href="assembly.xml#copyXML"/>
    <target href="assembly.xml#Call-FileProcess2"/>
  </connections>
  <connections type="routesTo" targetAnchorX="0.6095890410958904" targetAnchorY="0.4895833333333333">
    <source href="assembly.xml#Report_Definitions"/>
    <target href="assembly.xml#copyBackIntSys"/>
  </connections>
  <connections type="routesTo">
    <source href="assembly.xml#getReportWID"/>
    <target href="assembly.xml#getReportDefinition0"/>
  </connections>
  <connections type="routesResponseTo">
    <source href="assembly.xml#getReportDefinition0"/>
    <target href="assembly.xml#copyReportData0"/>
  </connections>
  <connections type="routesTo" sourceAnchorX="0.29605263157894735" sourceAnchorY="1.0" targetAnchorX="0.6436781609195402" targetAnchorY="0.19811320754716982">
    <source href="assembly.xml#AggregareDS1-Batch"/>
    <target href="assembly.xml#Aggregator2"/>
  </connections>
  <connections type="routesTo" sourceAnchorX="1.0" sourceAnchorY="0.22916666666666666" targetAnchorX="0.23563218390804597" targetAnchorY="0.5471698113207547">
    <source href="assembly.xml#copyReportData0"/>
    <target href="assembly.xml#Aggregator2"/>
  </connections>
  <connections type="routesTo" sourceAnchorX="0.6538461538461539" sourceAnchorY="1.0" targetAnchorX="0.08609271523178808" targetAnchorY="0.3695652173913043">
    <source href="assembly.xml#//@beans/@mixed.1/@route.0/@subRoute.0"/>
    <target href="assembly.xml#AsyncMediation3"/>
  </connections>
  <connections type="routesTo" sourceAnchorX="0.6153846153846154" sourceAnchorY="1.0" targetAnchorX="0.34265734265734266" targetAnchorY="0.4791666666666667">
    <source href="assembly.xml#//@beans/@mixed.1/@route.0/@subRoute.1"/>
    <target href="assembly.xml#AsyncMediation"/>
  </connections>
  <connections type="routesTo" sourceAnchorX="0.1258741258741259" sourceAnchorY="0.10416666666666667" targetAnchorX="0.3735632183908046" targetAnchorY="0.8207547169811321">
    <source href="assembly.xml#AsyncMediation"/>
    <target href="assembly.xml#Aggregator1"/>
  </connections>
  <connections type="routesTo" sourceAnchorX="0.0" sourceAnchorY="0.13043478260869565" targetAnchorX="0.08620689655172414" targetAnchorY="0.4811320754716981">
    <source href="assembly.xml#AsyncMediation3"/>
    <target href="assembly.xml#Aggregator1"/>
  </connections>
  <connections type="routesTo" sourceAnchorX="1.0" sourceAnchorY="0.16981132075471697" targetAnchorX="0.45695364238410596" targetAnchorY="0.5416666666666666">
    <source href="assembly.xml#Aggregator1"/>
    <target href="assembly.xml#AsyncMediation1"/>
  </connections>
  <connections type="routesTo" sourceAnchorX="1.0" sourceAnchorY="0.5675675675675675" targetAnchorX="0.20754716981132076" targetAnchorY="0.30434782608695654">
    <source href="assembly.xml#XSLDecoder"/>
    <target href="assembly.xml#AsyncMediation10"/>
  </connections>
  <connections type="routesTo" sourceAnchorX="1.0" sourceAnchorY="0.1875" targetAnchorX="0.27710843373493976" targetAnchorY="0.3783783783783784">
    <source href="assembly.xml#AsyncMediation10"/>
    <target href="assembly.xml#Call-FileProcess"/>
  </connections>
  <connections type="routesResponseTo" sourceAnchorX="0.664179104477612" sourceAnchorY="1.0" targetAnchorX="0.16853932584269662" targetAnchorY="0.43243243243243246">
    <source href="assembly.xml#Call-DT"/>
    <target href="assembly.xml#Call-EIB"/>
  </connections>
  <connections type="routesTo" sourceAnchorX="1.0" sourceAnchorY="0.15625" targetAnchorX="0.20118343195266272" targetAnchorY="0.32926829268292684">
    <source href="assembly.xml#copyBackIntSys"/>
    <target href="assembly.xml#splitReportServices"/>
  </connections>
  <connections type="routesTo" sourceAnchorX="1.0" sourceAnchorY="0.5405405405405406" targetAnchorX="0.31851851851851853" targetAnchorY="0.3645833333333333">
    <source href="assembly.xml#ReportWS"/>
    <target href="assembly.xml#getReportWID"/>
  </connections>
  <connections type="routesTo" sourceAnchorX="0.8589743589743589" sourceAnchorY="1.0" targetAnchorX="0.2138364779874214" targetAnchorY="0.6041666666666666">
    <source href="assembly.xml#//@beans/@mixed.1/@splitter.3/@subRoute.0"/>
    <target href="assembly.xml#AsyncMediation13"/>
  </connections>
  <connections type="routesTo" sourceAnchorX="1.0" sourceAnchorY="0.20833333333333334" targetAnchorX="0.28846153846153844" targetAnchorY="0.02702702702702703">
    <source href="assembly.xml#AsyncMediation13"/>
    <target href="assembly.xml#Call-ReportWS"/>
  </connections>
  <connections type="routesResponseTo" sourceAnchorX="0.8764044943820225" sourceAnchorY="1.0" targetAnchorX="0.1686746987951807" targetAnchorY="0.7837837837837838">
    <source href="assembly.xml#Call-EIB"/>
    <target href="assembly.xml#Call-Studio"/>
  </connections>
  <connections type="routesTo" sourceAnchorX="0.9423076923076923" sourceAnchorY="1.0" targetAnchorX="0.2641509433962264" targetAnchorY="0.14130434782608695">
    <source href="assembly.xml#//@beans/@mixed.1/@route.1/@subRoute.0"/>
    <target href="assembly.xml#AsyncMediation21"/>
  </connections>
  <connections type="routesTo" sourceAnchorX="0.7884615384615384" sourceAnchorY="1.0" targetAnchorX="0.3522012578616352" targetAnchorY="0.8804347826086957">
    <source href="assembly.xml#//@beans/@mixed.1/@route.1/@subRoute.1"/>
    <target href="assembly.xml#AsyncMediation22"/>
  </connections>
  <connections type="routesTo" sourceAnchorX="1.0" sourceAnchorY="0.10416666666666667" targetAnchorX="0.6436781609195402" targetAnchorY="0.1792452830188679">
    <source href="assembly.xml#AsyncMediation21"/>
    <target href="assembly.xml#Aggregator4"/>
  </connections>
  <connections type="routesTo" sourceAnchorX="1.0" sourceAnchorY="0.17708333333333334" targetAnchorX="0.27586206896551724" targetAnchorY="0.7169811320754716">
    <source href="assembly.xml#AsyncMediation22"/>
    <target href="assembly.xml#Aggregator4"/>
  </connections>
  <connections type="routesTo" sourceAnchorX="0.7115384615384616" sourceAnchorY="1.0" targetAnchorX="0.09716599190283401" targetAnchorY="0.46875">
    <source href="assembly.xml#//@beans/@mixed.1/@splitter.5/@subRoute.0"/>
    <target href="assembly.xml#AsyncMediation24"/>
  </connections>
  <connections type="routesTo" sourceAnchorX="1.0" sourceAnchorY="0.22916666666666666" targetAnchorX="0.2988505747126437" targetAnchorY="0.39622641509433965">
    <source href="assembly.xml#AsyncMediation24"/>
    <target href="assembly.xml#Aggregator5"/>
  </connections>
  <connections type="routesTo" sourceAnchorX="1.0" sourceAnchorY="0.2169811320754717" targetAnchorX="0.23660714285714285" targetAnchorY="0.3541666666666667">
    <source href="assembly.xml#Aggregator5"/>
    <target href="assembly.xml#AsyncMediation25"/>
  </connections>
  <connections type="routesTo" sourceAnchorX="1.0" sourceAnchorY="0.2641509433962264" targetAnchorX="0.2893081761006289" targetAnchorY="0.358695652173913">
    <source href="assembly.xml#Aggregator6"/>
    <target href="assembly.xml#AsyncMediation26"/>
  </connections>
  <connections type="routesTo" sourceAnchorX="0.7304964539007093" sourceAnchorY="1.0" targetAnchorX="0.6494252873563219" targetAnchorY="0.2830188679245283">
    <source href="assembly.xml#Stop_Front_End_Agg"/>
    <target href="assembly.xml#Aggregator6"/>
  </connections>
  <connections type="routesTo" sourceAnchorX="0.7819548872180451" sourceAnchorY="1.0" targetAnchorX="0.6436781609195402" targetAnchorY="0.44339622641509435">
    <source href="assembly.xml#Stop_Report_Agg"/>
    <target href="assembly.xml#Aggregator5"/>
  </connections>
  <connections type="routesResponseTo" sourceAnchorX="0.8202247191011236" sourceAnchorY="1.0" targetAnchorX="0.28313253012048195" targetAnchorY="0.5135135135135135">
    <source href="assembly.xml#Call-Stop_File_Agg"/>
    <target href="assembly.xml#Call-Stop_Front_End_Agg"/>
  </connections>
  <connections type="routesResponseTo" sourceAnchorX="0.4397590361445783" sourceAnchorY="1.0" targetAnchorX="0.25301204819277107" targetAnchorY="0.5675675675675675">
    <source href="assembly.xml#Call-Stop_Front_End_Agg"/>
    <target href="assembly.xml#Call-Stop_Report_Agg"/>
  </connections>
  <connections type="routesResponseTo" sourceAnchorX="0.8313253012048193" sourceAnchorY="1.0" targetAnchorX="0.5481927710843374" targetAnchorY="0.5675675675675675">
    <source href="assembly.xml#Call-GetCustomReport"/>
    <target href="assembly.xml#Call-AggregareDS1-Batch"/>
  </connections>
  <connections type="routesTo" sourceAnchorX="0.7071823204419889" sourceAnchorY="1.0" targetAnchorX="0.07228915662650602" targetAnchorY="0.7837837837837838">
    <source href="assembly.xml#Common_Process"/>
    <target href="assembly.xml#Call-GetReportService_SI"/>
  </connections>
  <connections type="routesResponseTo" sourceAnchorX="0.7951807228915663" sourceAnchorY="1.0" targetAnchorX="0.0963855421686747" targetAnchorY="0.7027027027027027">
    <source href="assembly.xml#Call-GetReportService_SI"/>
    <target href="assembly.xml#Call-GetCustomReport"/>
  </connections>
  <connections type="routesResponseTo" sourceAnchorX="0.7710843373493976" sourceAnchorY="1.0" targetAnchorX="0.06626506024096386" targetAnchorY="0.7297297297297297">
    <source href="assembly.xml#Call-AggregareDS1-Batch"/>
    <target href="assembly.xml#Call-MergeData"/>
  </connections>
  <connections type="routesResponseTo" sourceAnchorX="0.8246445497630331" sourceAnchorY="1.0" targetAnchorX="0.14184397163120568" targetAnchorY="0.6216216216216216">
    <source href="assembly.xml#Call-CP_SI"/>
    <target href="assembly.xml#Call-GetCLAR"/>
  </connections>
  <connections type="routesResponseTo" sourceAnchorX="0.7951807228915663" sourceAnchorY="1.0" targetAnchorX="0.23357664233576642" targetAnchorY="0.4864864864864865">
    <source href="assembly.xml#Call-CP_EIB"/>
    <target href="assembly.xml#Call-EIBXSL"/>
  </connections>
  <connections type="routesTo" sourceAnchorX="1.0" sourceAnchorY="0.7" targetAnchorX="0.18518518518518517" targetAnchorY="0.31645569620253167">
    <source href="assembly.xml#Get_Calfields_Definitions"/>
    <target href="assembly.xml#getCalcFieldInitials"/>
  </connections>
  <connections type="routesTo" sourceAnchorX="1.0" sourceAnchorY="0.6126760563380281" targetAnchorX="0.5847953216374269" targetAnchorY="0.40540540540540543">
    <source href="assembly.xml#getCalcFieldInitials"/>
    <target href="assembly.xml#GetCalcFields"/>
  </connections>
  <connections type="routesResponseTo" sourceAnchorX="0.6783625730994152" sourceAnchorY="1.0" targetAnchorX="0.21830985915492956" targetAnchorY="0.7395833333333334">
    <source href="assembly.xml#GetCalcFields"/>
    <target href="assembly.xml#copyCalcFields"/>
  </connections>
  <connections type="routesTo" sourceAnchorX="1.0" sourceAnchorY="0.1875" targetAnchorX="0.1598173515981735" targetAnchorY="0.2702702702702703">
    <source href="assembly.xml#getInitials"/>
    <target href="assembly.xml#Call-Get_Calfields_Definitions"/>
  </connections>
  <connections type="routesResponseTo" sourceAnchorX="0.9005524861878453" sourceAnchorY="1.0" targetAnchorX="0.15723270440251572" targetAnchorY="0.375">
    <source href="assembly.xml#Get_BPDef"/>
    <target href="assembly.xml#AsyncMediation18"/>
  </connections>
  <connections type="routesTo" sourceAnchorX="0.5154639175257731" sourceAnchorY="1.0" targetAnchorX="0.5707317073170731" targetAnchorY="0.5675675675675675">
    <source href="assembly.xml#//@beans/@mixed.1/@mixed.173/@mixed.3"/>
    <target href="assembly.xml#PIM2"/>
  </connections>
  <connections type="routesTo" sourceAnchorX="0.593939393939394" sourceAnchorY="1.0" targetAnchorX="0.48826291079812206" targetAnchorY="0.6486486486486487">
    <source href="assembly.xml#//@beans/@mixed.1/@mixed.9/@mixed.3"/>
    <target href="assembly.xml#PIM6"/>
  </connections>
  <connections type="routesTo" sourceAnchorX="0.9465020576131687" sourceAnchorY="1.0" targetAnchorX="0.1456953642384106" targetAnchorY="0.15217391304347827">
    <source href="assembly.xml#Error_Handler_for_each_INT"/>
    <target href="assembly.xml#AsyncMediation5"/>
  </connections>
  <connections type="routesTo" sourceAnchorX="0.4473684210526316" sourceAnchorY="1.0" targetAnchorX="0.4819277108433735" targetAnchorY="0.6216216216216216">
    <source href="assembly.xml#//@beans/@mixed.1/@mixed.141/@mixed.3"/>
    <target href="assembly.xml#Call-FE_ErrorHandlerAgg"/>
  </connections>
  <connections type="routesTo" sourceAnchorX="0.6762589928057554" sourceAnchorY="1.0" targetAnchorX="0.7048192771084337" targetAnchorY="0.7027027027027027">
    <source href="assembly.xml#//@beans/@mixed.1/@mixed.53/@mixed.3"/>
    <target href="assembly.xml#Call-ErrorHandlerRep"/>
  </connections>
  <connections type="routesTo" sourceAnchorX="0.625" sourceAnchorY="1.0" targetAnchorX="0.5491329479768786" targetAnchorY="0.3783783783783784">
    <source href="assembly.xml#//@beans/@mixed.1/@mixed.51/@mixed.3"/>
    <target href="assembly.xml#Call-ErrorHandlerRep2"/>
  </connections>
  <connections type="routesTo" sourceAnchorX="0.23026315789473684" sourceAnchorY="1.0" targetAnchorX="0.3563218390804598" targetAnchorY="0.6216216216216216">
    <source href="assembly.xml#//@beans/@mixed.1/@mixed.137/@mixed.3"/>
    <target href="assembly.xml#Call-RepErrorHandlerAgg"/>
  </connections>
  <connections type="routesTo" sourceAnchorX="0.6589595375722543" sourceAnchorY="1.0" targetAnchorX="0.7413793103448276" targetAnchorY="0.4864864864864865">
    <source href="assembly.xml#//@beans/@mixed.1/@mixed.79/@mixed.3"/>
    <target href="assembly.xml#Call-ErrorHandlerDec"/>
  </connections>
  <connections type="routesTo" sourceAnchorX="0.7664233576642335" sourceAnchorY="1.0" targetAnchorX="0.7298850574712644" targetAnchorY="0.7567567567567568">
    <source href="assembly.xml#//@beans/@mixed.1/@mixed.43/@mixed.5"/>
    <target href="assembly.xml#Call-ErrorHandlerFile"/>
  </connections>
  <connections type="routesTo" sourceAnchorX="0.45394736842105265" sourceAnchorY="1.0" targetAnchorX="0.47701149425287354" targetAnchorY="0.40540540540540543">
    <source href="assembly.xml#//@beans/@mixed.1/@mixed.23/@mixed.5"/>
    <target href="assembly.xml#Call-ErrorHandler8"/>
  </connections>
  <connections type="routesTo" sourceAnchorX="0.0" sourceAnchorY="0.7333333333333333" targetAnchorX="0.19718309859154928" targetAnchorY="0.02702702702702703">
    <source href="assembly.xml#//@beans/@mixed.1/@mixed.169/@mixed.3"/>
    <target href="assembly.xml#PIM3"/>
  </connections>
  <connections type="routesTo" sourceAnchorX="1.0" sourceAnchorY="0.18716577540106952" targetAnchorX="0.41025641025641024" targetAnchorY="0.18292682926829268">
    <source href="assembly.xml#SyncMediation"/>
    <target href="assembly.xml#Splitter2"/>
  </connections>
  <connections type="routesTo" sourceAnchorX="1.0" sourceAnchorY="0.7647058823529411" targetAnchorX="0.2913907284768212" targetAnchorY="0.41304347826086957">
    <source href="assembly.xml#//@beans/@mixed.1/@splitter.7/@subRoute.0"/>
    <target href="assembly.xml#AsyncMediation7"/>
  </connections>
  <connections type="routesTo" sourceAnchorX="1.0" sourceAnchorY="0.16666666666666666" targetAnchorX="0.13846153846153847" targetAnchorY="0.22641509433962265">
    <source href="assembly.xml#AsyncMediation7"/>
    <target href="assembly.xml#Aggregator0"/>
  </connections>
  <connections type="routesTo" sourceAnchorX="0.803030303030303" sourceAnchorY="1.0" targetAnchorX="0.2986111111111111" targetAnchorY="0.2236842105263158">
    <source href="assembly.xml#DTProcess"/>
    <target href="assembly.xml#SyncMediation1"/>
  </connections>
  <connections type="routesTo" sourceAnchorX="0.24817518248175183" sourceAnchorY="1.0" targetAnchorX="0.23563218390804597" targetAnchorY="0.8918918918918919">
    <source href="assembly.xml#//@beans/@mixed.1/@mixed.221/@mixed.5"/>
    <target href="assembly.xml#Call-ErrorHandler5"/>
  </connections>
  <connections type="routesTo" sourceAnchorX="1.0" sourceAnchorY="0.14207650273224043" targetAnchorX="0.39204545454545453" targetAnchorY="0.8918918918918919">
    <source href="assembly.xml#SyncMediation1"/>
    <target href="assembly.xml#Call-Decode"/>
  </connections>
  <connections type="routesTo" sourceAnchorX="0.7551020408163265" sourceAnchorY="1.0" targetAnchorX="0.1736111111111111" targetAnchorY="0.2692307692307692">
    <source href="assembly.xml#Studio"/>
    <target href="assembly.xml#SyncMediation4"/>
  </connections>
  <connections type="routesTo" sourceAnchorX="0.17518248175182483" sourceAnchorY="1.0" targetAnchorX="0.12643678160919541" targetAnchorY="0.2702702702702703">
    <source href="assembly.xml#//@beans/@mixed.1/@mixed.223/@mixed.5"/>
    <target href="assembly.xml#Call-ErrorHandler7"/>
  </connections>
  <connections type="routesTo" sourceAnchorX="0.9038461538461539" sourceAnchorY="1.0" targetAnchorX="0.19444444444444445" targetAnchorY="0.1711229946524064">
    <source href="assembly.xml#//@beans/@mixed.1/@splitter.4/@subRoute.0"/>
    <target href="assembly.xml#SyncMediation5"/>
  </connections>
  <connections type="routesTo" sourceAnchorX="1.0" sourceAnchorY="0.1443850267379679" targetAnchorX="0.2719665271966527" targetAnchorY="0.5135135135135135">
    <source href="assembly.xml#SyncMediation5"/>
    <target href="assembly.xml#Call-CP_BP"/>
  </connections>
  <connections type="routesResponseTo" sourceAnchorX="0.8933333333333333" sourceAnchorY="1.0" targetAnchorX="0.24172185430463577" targetAnchorY="0.07291666666666667">
    <source href="assembly.xml#Call-Stop_Report_Agg"/>
    <target href="assembly.xml#AsyncMediation2"/>
  </connections>
  <connections type="routesTo" sourceAnchorX="0.9669421487603306" sourceAnchorY="0.43243243243243246" targetAnchorX="0.06060606060606061" targetAnchorY="0.3783783783783784">
    <source href="assembly.xml#//@beans/@mixed.1/@mixed.229"/>
    <target href="assembly.xml#Note-Error"/>
  </connections>
  <connections type="routesTo" sourceAnchorX="0.3546511627906977" sourceAnchorY="1.0" targetAnchorX="0.352112676056338" targetAnchorY="0.6216216216216216">
    <source href="assembly.xml#//@beans/@mixed.1/@mixed.3/@mixed.3"/>
    <target href="assembly.xml#PIM1"/>
  </connections>
  <connections type="routesTo" sourceAnchorX="0.7980769230769231" sourceAnchorY="1.0" targetAnchorX="0.12582781456953643" targetAnchorY="0.34375">
    <source href="assembly.xml#//@beans/@mixed.1/@route.2/@subRoute.0"/>
    <target href="assembly.xml#AsyncMediation8"/>
  </connections>
  <connections type="routesTo" sourceAnchorX="0.47115384615384615" sourceAnchorY="1.0" targetAnchorX="0.25165562913907286" targetAnchorY="0.71875">
    <source href="assembly.xml#//@beans/@mixed.1/@route.2/@subRoute.1"/>
    <target href="assembly.xml#AsyncMediation9"/>
  </connections>
  <connections type="routesTo" sourceAnchorX="1.0" sourceAnchorY="0.3020833333333333" targetAnchorX="0.20689655172413793" targetAnchorY="0.10377358490566038">
    <source href="assembly.xml#AsyncMediation8"/>
    <target href="assembly.xml#Aggregator"/>
  </connections>
  <connections type="routesTo" sourceAnchorX="1.0" sourceAnchorY="0.17708333333333334" targetAnchorX="0.3218390804597701" targetAnchorY="0.44339622641509435">
    <source href="assembly.xml#AsyncMediation9"/>
    <target href="assembly.xml#Aggregator"/>
  </connections>
  <connections type="routesTo" sourceAnchorX="0.5614035087719298" sourceAnchorY="1.0" targetAnchorX="0.11949685534591195" targetAnchorY="0.18478260869565216">
    <source href="assembly.xml#Attached_files_processing"/>
    <target href="assembly.xml#AsyncMediation12"/>
  </connections>
  <connections type="routesTo" sourceAnchorX="1.0" sourceAnchorY="0.2717391304347826" targetAnchorX="0.47863247863247865" targetAnchorY="0.3769230769230769">
    <source href="assembly.xml#AsyncMediation12"/>
    <target href="assembly.xml#Splitter6"/>
  </connections>
  <connections type="routesTo" sourceAnchorX="1.0" sourceAnchorY="0.7352941176470589" targetAnchorX="0.006944444444444444" targetAnchorY="0.23648648648648649">
    <source href="assembly.xml#//@beans/@mixed.1/@splitter.8/@subRoute.0"/>
    <target href="assembly.xml#SyncMediation6"/>
  </connections>
  <connections type="routesTo" sourceAnchorX="1.0" sourceAnchorY="0.1794871794871795" targetAnchorX="0.1206896551724138" targetAnchorY="0.5945945945945946">
    <source href="assembly.xml#SyncMediation6"/>
    <target href="assembly.xml#Call-File_decoder"/>
  </connections>
  <connections type="routesTo" sourceAnchorX="0.9407894736842105" sourceAnchorY="1.0" targetAnchorX="0.7126436781609196" targetAnchorY="0.6756756756756757">
    <source href="assembly.xml#//@beans/@mixed.1/@mixed.247/@mixed.3"/>
    <target href="assembly.xml#Call-ErrorHandler9"/>
  </connections>
  <connections type="routesTo" sourceAnchorX="1.0" sourceAnchorY="0.12299465240641712" targetAnchorX="0.3103448275862069" targetAnchorY="0.32432432432432434">
    <source href="assembly.xml#SyncMediation4"/>
    <target href="assembly.xml#Call-CP_SI"/>
  </connections>
  <connections type="routesResponseTo" sourceAnchorX="0.6170212765957447" sourceAnchorY="1.0" targetAnchorX="0.1908713692946058" targetAnchorY="0.7027027027027027">
    <source href="assembly.xml#Call-GetCLAR"/>
    <target href="assembly.xml#Call-PAF"/>
  </connections>
  <connections type="routesTo" sourceAnchorX="1.0" sourceAnchorY="0.1875" targetAnchorX="0.4307692307692308" targetAnchorY="0.3783783783783784">
    <source href="assembly.xml#AsyncMediation14"/>
    <target href="assembly.xml#PagedGet0"/>
  </connections>
  <connections type="routesTo" sourceAnchorX="0.8862745098039215" sourceAnchorY="1.0" targetAnchorX="0.24786324786324787" targetAnchorY="0.582089552238806">
    <source href="assembly.xml#Get_Schedule_and_Sequence"/>
    <target href="assembly.xml#Route1"/>
  </connections>
  <connections type="routesTo" sourceAnchorX="0.5576923076923077" sourceAnchorY="1.0" targetAnchorX="0.22012578616352202" targetAnchorY="0.5520833333333334">
    <source href="assembly.xml#//@beans/@mixed.1/@route.3/@subRoute.0"/>
    <target href="assembly.xml#AsyncMediation14"/>
  </connections>
  <connections type="routesTo" sourceAnchorX="0.7307692307692307" sourceAnchorY="1.0" targetAnchorX="0.2389937106918239" targetAnchorY="0.5217391304347826">
    <source href="assembly.xml#//@beans/@mixed.1/@route.3/@subRoute.1"/>
    <target href="assembly.xml#AsyncMediation15"/>
  </connections>
  <connections type="routesTo" sourceAnchorX="1.0" sourceAnchorY="0.25" targetAnchorX="0.5230769230769231" targetAnchorY="0.5135135135135135">
    <source href="assembly.xml#AsyncMediation15"/>
    <target href="assembly.xml#PagedGet1"/>
  </connections>
  <connections type="routesResponseTo" sourceAnchorX="0.7307692307692307" sourceAnchorY="1.0" targetAnchorX="0.13218390804597702" targetAnchorY="0.1320754716981132">
    <source href="assembly.xml#PagedGet0"/>
    <target href="assembly.xml#Aggregator3"/>
  </connections>
  <connections type="routesTo" sourceAnchorX="0.34210526315789475" sourceAnchorY="1.0" targetAnchorX="0.25821596244131456" targetAnchorY="0.8378378378378378">
    <source href="assembly.xml#//@beans/@mixed.1/@mixed.261/@mixed.3"/>
    <target href="assembly.xml#PIM4"/>
  </connections>
  <connections type="routesTo" sourceAnchorX="0.6710526315789473" sourceAnchorY="1.0" targetAnchorX="0.5164319248826291" targetAnchorY="0.6216216216216216">
    <source href="assembly.xml#//@beans/@mixed.1/@mixed.265/@mixed.3"/>
    <target href="assembly.xml#PIM5"/>
  </connections>
  <connections type="routesResponseTo" sourceAnchorX="0.5384615384615384" sourceAnchorY="1.0" targetAnchorX="0.26436781609195403" targetAnchorY="0.7264150943396226">
    <source href="assembly.xml#PagedGet1"/>
    <target href="assembly.xml#Aggregator3"/>
  </connections>
  <connections type="routesResponseTo" sourceAnchorX="0.5753424657534246" sourceAnchorY="1.0" targetAnchorX="0.11347517730496454" targetAnchorY="0.7297297297297297">
    <source href="assembly.xml#Call-Get_Calfields_Definitions"/>
    <target href="assembly.xml#Call-Get_Schedule_and_Sequence"/>
  </connections>
  <connections type="routesTo" sourceAnchorX="0.7181818181818181" sourceAnchorY="1.0" targetAnchorX="0.16666666666666666" targetAnchorY="0.5675675675675675">
    <source href="assembly.xml#StartProcess"/>
    <target href="assembly.xml#Call-BPData"/>
  </connections>
  <connections type="routesResponseTo" sourceAnchorX="0.6735751295336787" sourceAnchorY="1.0" targetAnchorX="0.291044776119403" targetAnchorY="0.1891891891891892">
    <source href="assembly.xml#Call-Front_End_Data"/>
    <target href="assembly.xml#Call-DT"/>
  </connections>
  <connections type="routesTo" sourceAnchorX="0.7788461538461539" sourceAnchorY="1.0" targetAnchorX="0.02973977695167286" targetAnchorY="0.20855614973262032">
    <source href="assembly.xml#//@beans/@mixed.1/@splitter.6/@subRoute.0"/>
    <target href="assembly.xml#SyncMediation7"/>
  </connections>
  <connections type="routesTo" sourceAnchorX="1.0" sourceAnchorY="0.12299465240641712" targetAnchorX="0.06896551724137931" targetAnchorY="0.12264150943396226">
    <source href="assembly.xml#SyncMediation7"/>
    <target href="assembly.xml#Aggregator6"/>
  </connections>
  <connections type="routesTo" sourceAnchorX="1.0" sourceAnchorY="0.1346153846153846" targetAnchorX="0.26495726495726496" targetAnchorY="0.18292682926829268">
    <source href="assembly.xml#SyncMediation8"/>
    <target href="assembly.xml#Splitter5"/>
  </connections>
  <connections type="routesTo" sourceAnchorX="1.0" sourceAnchorY="0.20754716981132076" targetAnchorX="0.273972602739726" targetAnchorY="0.2564102564102564">
    <source href="assembly.xml#Aggregator"/>
    <target href="assembly.xml#SyncMediation8"/>
  </connections>
  <connections type="routesResponseTo" sourceAnchorX="0.6014492753623188" sourceAnchorY="1.0" targetAnchorX="0.19540229885057472" targetAnchorY="0.3783783783783784">
    <source href="assembly.xml#Call-BPData"/>
    <target href="assembly.xml#Call-Schedule_Seq_Data"/>
  </connections>
  <connections type="routesResponseTo" sourceAnchorX="0.735632183908046" sourceAnchorY="1.0" targetAnchorX="0.23834196891191708" targetAnchorY="0.3783783783783784">
    <source href="assembly.xml#Call-Schedule_Seq_Data"/>
    <target href="assembly.xml#Call-Front_End_Data"/>
  </connections>
  <connections type="routesTo" sourceAnchorX="0.7980769230769231" sourceAnchorY="1.0" targetAnchorX="0.0949367088607595" targetAnchorY="0.3695652173913043">
    <source href="assembly.xml#//@beans/@mixed.1/@route.4/@subRoute.0"/>
    <target href="assembly.xml#AsyncMediation11"/>
  </connections>
  <connections type="routesTo" sourceAnchorX="0.4423076923076923" sourceAnchorY="1.0" targetAnchorX="0.050314465408805034" targetAnchorY="0.717391304347826">
    <source href="assembly.xml#//@beans/@mixed.1/@route.4/@subRoute.1"/>
    <target href="assembly.xml#AsyncMediation23"/>
  </connections>
  <connections type="routesTo" sourceAnchorX="1.0" sourceAnchorY="0.20833333333333334" targetAnchorX="0.36363636363636365" targetAnchorY="0.5945945945945946">
    <source href="assembly.xml#AsyncMediation11"/>
    <target href="assembly.xml#Aggregator7"/>
  </connections>
  <connections type="routesTo" sourceAnchorX="1.0" sourceAnchorY="0.23958333333333334" targetAnchorX="0.5537190082644629" targetAnchorY="0.8108108108108109">
    <source href="assembly.xml#AsyncMediation23"/>
    <target href="assembly.xml#Aggregator7"/>
  </connections>
  <connections type="routesTo" sourceAnchorX="0.6858638743455497" sourceAnchorY="1.0" targetAnchorX="0.07029478458049887" targetAnchorY="0.10256410256410256">
    <source href="assembly.xml#Schedule_Seq_Data"/>
    <target href="assembly.xml#SyncMediation10"/>
  </connections>
  <connections type="routesTo" sourceAnchorX="1.0" sourceAnchorY="0.20512820512820512" targetAnchorX="0.03418803418803419" targetAnchorY="0.5572139303482587">
    <source href="assembly.xml#SyncMediation10"/>
    <target href="assembly.xml#Route3"/>
  </connections>
  <connections type="routesTo" sourceAnchorX="0.44244604316546765" sourceAnchorY="1.0" targetAnchorX="0.7413793103448276" targetAnchorY="0.21621621621621623">
    <source href="assembly.xml#//@beans/@mixed.1/@mixed.293/@mixed.5"/>
    <target href="assembly.xml#Call-ErrorHandler3"/>
  </connections>
  <connections type="routesTo" sourceAnchorX="1.0" sourceAnchorY="0.20754716981132076" targetAnchorX="0.1456953642384106" targetAnchorY="0.40217391304347827">
    <source href="assembly.xml#Aggregator8"/>
    <target href="assembly.xml#AsyncMediation0"/>
  </connections>
  <connections type="routesTo" sourceAnchorX="1.0" sourceAnchorY="0.1792452830188679" targetAnchorX="0.5974842767295597" targetAnchorY="0.16304347826086957">
    <source href="assembly.xml#Aggregator0"/>
    <target href="assembly.xml#AsyncMediation19"/>
  </connections>
  <connections type="routesTo" sourceAnchorX="1.0" sourceAnchorY="0.2391304347826087" targetAnchorX="0.296875" targetAnchorY="0.6216216216216216">
    <source href="assembly.xml#AsyncMediation19"/>
    <target href="assembly.xml#Call-Aggregate_File1"/>
  </connections>
  <connections type="routesTo" sourceAnchorX="1.0" sourceAnchorY="0.5945945945945946" targetAnchorX="0.5142857142857142" targetAnchorY="0.3490566037735849">
    <source href="assembly.xml#Aggregate_File"/>
    <target href="assembly.xml#Aggregator8"/>
  </connections>
  <connections type="routesTo" sourceAnchorX="1.0" sourceAnchorY="0.2604166666666667" targetAnchorX="0.27586206896551724" targetAnchorY="0.6756756756756757">
    <source href="assembly.xml#AsyncMediation2"/>
    <target href="assembly.xml#Create_ZipFile"/>
  </connections>
  <connections type="routesResponseTo" sourceAnchorX="0.6954022988505747" sourceAnchorY="1.0" targetAnchorX="0.2676056338028169" targetAnchorY="0.3783783783783784">
    <source href="assembly.xml#Create_ZipFile"/>
    <target href="assembly.xml#PutIntegrationMessage3"/>
  </connections>
  <connections type="routesTo" sourceAnchorX="0.9468085106382979" sourceAnchorY="1.0" targetAnchorX="0.26666666666666666" targetAnchorY="0.4473684210526316">
    <source href="assembly.xml#//@beans/@mixed.1/@splitter.0/@subRoute.0"/>
    <target href="assembly.xml#SyncMediation13"/>
  </connections>
  <connections type="routesTo" sourceAnchorX="0.3125" sourceAnchorY="1.0" targetAnchorX="0.5761589403973509" targetAnchorY="0.5675675675675675">
    <source href="assembly.xml#//@beans/@mixed.1/@mixed.315/@mixed.5"/>
    <target href="assembly.xml#Call-ErrorHandler"/>
  </connections>
  <connections type="routesTo" sourceAnchorX="1.0" sourceAnchorY="0.11475409836065574" targetAnchorX="0.10884353741496598" targetAnchorY="0.6486486486486487">
    <source href="assembly.xml#SyncMediation13"/>
    <target href="assembly.xml#Call-StartProcess"/>
  </connections>
  <connections type="routesTo" sourceAnchorX="0.7575757575757576" sourceAnchorY="1.0" targetAnchorX="0.2740740740740741" targetAnchorY="0.14">
    <source href="assembly.xml#BPData"/>
    <target href="assembly.xml#SyncMediation14"/>
  </connections>
  <connections type="routesTo" sourceAnchorX="1.0" sourceAnchorY="0.224" targetAnchorX="0.2523364485981308" targetAnchorY="0.42857142857142855">
    <source href="assembly.xml#AsyncMediation1"/>
    <target href="assembly.xml#Splitter4"/>
  </connections>
  <connections type="routesTo" sourceAnchorX="0.8846153846153846" sourceAnchorY="1.0" targetAnchorX="0.1865671641791045" targetAnchorY="0.2717391304347826">
    <source href="assembly.xml#Report_Impacts"/>
    <target href="assembly.xml#AsyncMediation6"/>
  </connections>
  <connections type="routesTo" sourceAnchorX="1.0" sourceAnchorY="0.22826086956521738" targetAnchorX="0.4672897196261682" targetAnchorY="0.33507853403141363">
    <source href="assembly.xml#AsyncMediation6"/>
    <target href="assembly.xml#Route"/>
  </connections>
  <connections type="routesTo" sourceAnchorX="0.1968503937007874" sourceAnchorY="1.0" targetAnchorX="0.34177215189873417" targetAnchorY="0.5675675675675675">
    <source href="assembly.xml#//@beans/@mixed.1/@mixed.319/@mixed.3"/>
    <target href="assembly.xml#Call-ErrorHandlerRep3"/>
  </connections>
  <connections type="routesTo" sourceAnchorX="1.0" sourceAnchorY="0.19811320754716982" targetAnchorX="0.19148936170212766" targetAnchorY="0.16">
    <source href="assembly.xml#Aggregator7"/>
    <target href="assembly.xml#AsyncMediation17"/>
  </connections>
  <connections type="routesTo" sourceAnchorX="1.0" sourceAnchorY="0.2" targetAnchorX="0.28654970760233917" targetAnchorY="0.43243243243243246">
    <source href="assembly.xml#AsyncMediation17"/>
    <target href="assembly.xml#Call-Front_End_Data2"/>
  </connections>
  <connections type="routesTo" sourceAnchorX="1.0" sourceAnchorY="0.6216216216216216" targetAnchorX="0.23529411764705882" targetAnchorY="0.13333333333333333">
    <source href="assembly.xml#Front_End_Data"/>
    <target href="assembly.xml#SyncMediation2"/>
  </connections>
  <connections type="routesTo" sourceAnchorX="1.0" sourceAnchorY="0.15333333333333332" targetAnchorX="0.34579439252336447" targetAnchorY="0.225130890052356">
    <source href="assembly.xml#SyncMediation2"/>
    <target href="assembly.xml#Route2"/>
  </connections>
  <connections type="routesTo" sourceAnchorX="0.751937984496124" sourceAnchorY="1.0" targetAnchorX="0.4768211920529801" targetAnchorY="0.35135135135135137">
    <source href="assembly.xml#//@beans/@mixed.1/@mixed.323/@mixed.5"/>
    <target href="assembly.xml#Call-ErrorHandler4"/>
  </connections>
  <connections type="routesTo" sourceAnchorX="1.0" sourceAnchorY="0.2830188679245283" targetAnchorX="0.3120567375886525" targetAnchorY="0.24">
    <source href="assembly.xml#Aggregator4"/>
    <target href="assembly.xml#AsyncMediation20"/>
  </connections>
  <connections type="routesTo" sourceAnchorX="1.0" sourceAnchorY="0.248" targetAnchorX="0.32710280373831774" targetAnchorY="0.35602094240837695">
    <source href="assembly.xml#AsyncMediation20"/>
    <target href="assembly.xml#Route0"/>
  </connections>
  <connections type="routesTo" sourceAnchorX="1.0" sourceAnchorY="0.5675675675675675" targetAnchorX="0.3984375" targetAnchorY="0.07236842105263158">
    <source href="assembly.xml#EIBProcess"/>
    <target href="assembly.xml#SyncMediation9"/>
  </connections>
  <connections type="routesTo" sourceAnchorX="1.0" sourceAnchorY="0.18421052631578946" targetAnchorX="0.06578947368421052" targetAnchorY="0.32432432432432434">
    <source href="assembly.xml#SyncMediation9"/>
    <target href="assembly.xml#WorkdayOutSoap"/>
  </connections>
  <connections type="routesTo" sourceAnchorX="0.2975206611570248" sourceAnchorY="1.0" targetAnchorX="0.43037974683544306" targetAnchorY="0.3783783783783784">
    <source href="assembly.xml#//@beans/@mixed.1/@mixed.327/@mixed.5"/>
    <target href="assembly.xml#Call-ErrorHandler6"/>
  </connections>
  <connections type="routesResponseTo" sourceAnchorX="0.8486842105263158" sourceAnchorY="1.0" targetAnchorX="0.1276595744680851" targetAnchorY="0.264">
    <source href="assembly.xml#WorkdayOutSoap"/>
    <target href="assembly.xml#AsyncMediation16"/>
  </connections>
  <connections type="routesTo" sourceAnchorX="1.0" sourceAnchorY="0.2" targetAnchorX="0.102803738317757" targetAnchorY="0.32432432432432434">
    <source href="assembly.xml#AsyncMediation16"/>
    <target href="assembly.xml#Call-CP_EIB"/>
  </connections>
  <connections type="routesTo" sourceAnchorX="0.7421875" sourceAnchorY="1.0" targetAnchorX="0.5165562913907285" targetAnchorY="0.6756756756756757">
    <source href="assembly.xml#//@beans/@mixed.1/@mixed.317/@mixed.5"/>
    <target href="assembly.xml#Call-ErrorHandler2"/>
  </connections>
  <connections type="routesTo" sourceAnchorX="0.0" sourceAnchorY="0.16025641025641027" targetAnchorX="0.4426229508196721" targetAnchorY="0.8918918918918919">
    <source href="assembly.xml#SyncMediation3"/>
    <target href="assembly.xml#GetIntsys"/>
  </connections>
  <connections type="routesTo" sourceAnchorX="0.2695035460992908" sourceAnchorY="1.0" targetAnchorX="0.5229885057471264" targetAnchorY="0.09433962264150944">
    <source href="assembly.xml#Stop_Rep_agg"/>
    <target href="assembly.xml#Aggregator9"/>
  </connections>
  <connections type="routesResponseTo" sourceAnchorX="0.6666666666666666" sourceAnchorY="1.0" targetAnchorX="0.3546099290780142" targetAnchorY="0.5405405405405406">
    <source href="assembly.xml#Call-Stop_Rep_agg"/>
    <target href="assembly.xml#Call-Stop_File_Agg"/>
  </connections>
  <connections type="routesResponseTo" sourceAnchorX="0.6" sourceAnchorY="1.0" targetAnchorX="0.0707070707070707" targetAnchorY="0.3783783783783784">
    <source href="assembly.xml#Call-Get_IntegrationSystems"/>
    <target href="assembly.xml#Call-Get_All_Cust_rep_def"/>
  </connections>
  <connections type="routesResponseTo" sourceAnchorX="0.6919191919191919" sourceAnchorY="1.0" targetAnchorX="0.19270833333333334" targetAnchorY="0.4594594594594595">
    <source href="assembly.xml#Call-Get_All_Cust_rep_def"/>
    <target href="assembly.xml#Call-Stop_Rep_agg"/>
  </connections>
  <connections type="routesResponseTo" sourceAnchorX="0.8280701754385965" sourceAnchorY="1.0" targetAnchorX="0.1276595744680851" targetAnchorY="0.40540540540540543">
    <source href="assembly.xml#Call-Get_Schedule_and_Sequence"/>
    <target href="assembly.xml#Call-Get_IntegrationSystems"/>
  </connections>
  <connections type="routesTo" sourceAnchorX="1.0" sourceAnchorY="0.2641509433962264" targetAnchorX="0.39072847682119205" targetAnchorY="0.19594594594594594">
    <source href="assembly.xml#Aggregator9"/>
    <target href="assembly.xml#SyncMediation11"/>
  </connections>
  <connections type="routesTo" sourceAnchorX="1.0" sourceAnchorY="0.0945945945945946" targetAnchorX="0.3163841807909605" targetAnchorY="0.5135135135135135">
    <source href="assembly.xml#SyncMediation11"/>
    <target href="assembly.xml#Call-Process_Rep"/>
  </connections>
  <connections type="routesTo" sourceAnchorX="0.32116788321167883" sourceAnchorY="1.0" targetAnchorX="0.431924882629108" targetAnchorY="0.2972972972972973">
    <source href="assembly.xml#//@beans/@mixed.1/@mixed.335/@mixed.5"/>
    <target href="assembly.xml#PIM8"/>
  </connections>
  <connections type="routesResponseTo" sourceAnchorX="0.8290155440414507" sourceAnchorY="1.0" targetAnchorX="0.0" targetAnchorY="0.32926829268292684">
    <source href="assembly.xml#GetIntSystems"/>
    <target href="assembly.xml#Splitter"/>
  </connections>
  <connections type="routesTo" sourceAnchorX="0.8755760368663594" sourceAnchorY="1.0" targetAnchorX="0.26495726495726496">
    <source href="assembly.xml#Process_Cust_Rep_Def"/>
    <target href="assembly.xml#Splitter7"/>
  </connections>
  <connections type="routesTo" sourceAnchorX="1.0" sourceAnchorY="0.12834224598930483" targetAnchorX="0.4198895027624309" targetAnchorY="0.40540540540540543">
    <source href="assembly.xml#SyncMediation14"/>
    <target href="assembly.xml#Get_BPDef"/>
  </connections>
  <connections type="routesTo" sourceAnchorX="1.0" sourceAnchorY="0.6486486486486487" targetAnchorX="0.4425287356321839" targetAnchorY="0.8918918918918919">
    <source href="assembly.xml#Get_All_Cust_rep_def"/>
    <target href="assembly.xml#Call-Report_WIDs"/>
  </connections>
  <connections type="routesResponseTo" sourceAnchorX="0.5692307692307692" sourceAnchorY="1.0" targetAnchorX="0.37606837606837606" targetAnchorY="0.34146341463414637">
    <source href="assembly.xml#GetRep"/>
    <target href="assembly.xml#Splitter8"/>
  </connections>
  <connections type="routesTo" sourceAnchorX="0.7307692307692307" sourceAnchorY="1.0" targetAnchorX="0.05263157894736842" targetAnchorY="0.2702702702702703">
    <source href="assembly.xml#//@beans/@mixed.1/@mixed.363/@subRoute.0"/>
    <target href="assembly.xml#SyncMediation16"/>
  </connections>
  <connections type="routesTo" sourceAnchorX="1.0" sourceAnchorY="0.16447368421052633" targetAnchorX="0.30939226519337015" targetAnchorY="0.5675675675675675">
    <source href="assembly.xml#SyncMediation16"/>
    <target href="assembly.xml#Get_BP"/>
  </connections>
  <connections type="routesResponseTo" sourceAnchorX="0.6609195402298851" sourceAnchorY="1.0" targetAnchorX="0.1111111111111111" targetAnchorY="0.1925133689839572">
    <source href="assembly.xml#Call-Report_WIDs"/>
    <target href="assembly.xml#SyncMediation3"/>
  </connections>
  <connections type="routesTo" sourceAnchorX="0.7876712328767124" sourceAnchorY="1.0" targetAnchorX="0.4088050314465409" targetAnchorY="0.125">
    <source href="assembly.xml#Report_WIDs"/>
    <target href="assembly.xml#AsyncMediation30"/>
  </connections>
  <connections type="routesTo" sourceAnchorX="1.0" sourceAnchorY="0.3645833333333333" targetAnchorX="0.3769230769230769" targetAnchorY="0.32432432432432434">
    <source href="assembly.xml#AsyncMediation30"/>
    <target href="assembly.xml#GetRep"/>
  </connections>
  <connections type="routesTo" sourceAnchorX="0.45394736842105265" sourceAnchorY="1.0" targetAnchorX="0.5211267605633803" targetAnchorY="0.3783783783783784">
    <source href="assembly.xml#//@beans/@mixed.1/@mixed.367/@mixed.3"/>
    <target href="assembly.xml#PIM7"/>
  </connections>
  <connections type="routesTo" sourceAnchorX="0.7019230769230769" sourceAnchorY="1.0" targetAnchorX="0.0440251572327044" targetAnchorY="0.22916666666666666">
    <source href="assembly.xml#//@beans/@mixed.1/@splitter.9/@subRoute.0"/>
    <target href="assembly.xml#AsyncMediation29"/>
  </connections>
  <connections type="routesTo" sourceAnchorX="1.0" sourceAnchorY="0.2708333333333333" targetAnchorX="0.12643678160919541" targetAnchorY="0.3584905660377358">
    <source href="assembly.xml#AsyncMediation29"/>
    <target href="assembly.xml#Aggregator9"/>
  </connections>
  <connections type="routesTo" sourceAnchorX="1.0" sourceAnchorY="0.1968503937007874" targetAnchorX="0.14673913043478262" targetAnchorY="0.35135135135135137">
    <source href="assembly.xml#AsyncMediation26"/>
    <target href="assembly.xml#Call-AggregateFile2"/>
  </connections>
  <connections type="routesTo" sourceAnchorX="1.0" sourceAnchorY="0.15748031496062992" targetAnchorX="0.1839080459770115" targetAnchorY="0.5135135135135135">
    <source href="assembly.xml#AsyncMediation25"/>
    <target href="assembly.xml#Call-Aggregate_File3"/>
  </connections>
  <connections type="routesTo" sourceAnchorX="1.0" sourceAnchorY="0.2125984251968504" targetAnchorX="0.358974358974359" targetAnchorY="0.5548780487804879">
    <source href="assembly.xml#AsyncMediation18"/>
    <target href="assembly.xml#Splitter3"/>
  </connections>
  <connections type="routesTo" sourceAnchorX="0.27631578947368424" sourceAnchorY="1.0" targetAnchorX="0.5240963855421686" targetAnchorY="0.5135135135135135">
    <source href="assembly.xml#//@beans/@mixed.1/@mixed.311/@mixed.3"/>
    <target href="assembly.xml#Call-FileErrorHandlerAgg"/>
  </connections>
  <swimlanes x="3100" y="57" name="Vertical" orientation="VERTICAL"/>
  <swimlanes x="106" y="48" fgColor="8230233" name="Parent Process" alignment="MIDDLE">
    <elements href="assembly.xml#StartHere"/>
    <elements href="#//@swimlanes.63"/>
    <elements href="#//@swimlanes.84"/>
    <elements href="#//@swimlanes.85"/>
    <elements href="#//@swimlanes.86"/>
    <elements href="#//@swimlanes.88"/>
    <elements href="#//@swimlanes.87"/>
  </swimlanes>
  <swimlanes x="99" y="232" name="Get Integration system details" alignment="MIDDLE">
    <elements href="assembly.xml#Get_IntegrationSystems"/>
    <elements href="#//@swimlanes.29"/>
    <elements href="assembly.xml#GetIntSystems"/>
    <elements href="assembly.xml#Splitter"/>
    <elements href="#//@swimlanes.30"/>
    <elements href="assembly.xml#Call-StartProcess"/>
  </swimlanes>
  <swimlanes x="49" y="582" name="Main Process" alignment="MIDDLE">
    <elements href="assembly.xml#StartProcess"/>
    <elements href="assembly.xml#Call-BPData"/>
    <elements href="assembly.xml#Call-Schedule_Seq_Data"/>
    <elements href="assembly.xml#Call-Front_End_Data"/>
    <elements href="assembly.xml#Call-DT"/>
    <elements href="assembly.xml#Call-EIB"/>
    <elements href="assembly.xml#Call-Studio"/>
  </swimlanes>
  <swimlanes x="-626" y="130" name="Get CLAR Details" alignment="MIDDLE">
    <elements href="assembly.xml#GetCLAR"/>
    <elements href="#//@swimlanes.6"/>
    <elements href="assembly.xml#getCloudCollections"/>
    <elements href="#//@swimlanes.5"/>
    <elements href="assembly.xml#Splitter0"/>
    <elements href="#//@swimlanes.55"/>
    <elements href="assembly.xml#Call-FileProcess2"/>
  </swimlanes>
  <swimlanes x="1205" y="1457" name="Vertical" orientation="VERTICAL">
    <elements href="assembly.xml#unpackCLAR"/>
  </swimlanes>
  <swimlanes x="59" y="1130" name="Vertical" orientation="VERTICAL">
    <elements href="assembly.xml#buildGetCollection"/>
    <elements href="assembly.xml#Call-ErrorHandler8"/>
  </swimlanes>
  <swimlanes x="-502" y="4164" name="Read Files" alignment="MIDDLE">
    <elements href="assembly.xml#FileProcess"/>
    <elements href="#//@swimlanes.50"/>
    <elements href="assembly.xml#Splitter1"/>
    <elements href="#//@swimlanes.51"/>
    <elements href="assembly.xml#Splitter2"/>
    <elements href="assembly.xml#AsyncMediation7"/>
    <elements href="#//@swimlanes.9"/>
    <elements href="#//@swimlanes.93"/>
    <elements href="assembly.xml#Call-Aggregate_File1"/>
  </swimlanes>
  <swimlanes x="3100" y="-13" name="Horizontal"/>
  <swimlanes x="1448" y="1622" name="Vertical" orientation="VERTICAL">
    <elements href="assembly.xml#Stop_File_Agg"/>
    <elements href="assembly.xml#Aggregator0"/>
  </swimlanes>
  <swimlanes x="-142" y="1152" name="Combine Cal Fields Defintions and Custom Report Definitions -- Finding Cal Field Hierarchy" alignment="MIDDLE">
    <elements href="assembly.xml#Report_Impacts"/>
    <elements href="#//@swimlanes.44"/>
    <elements href="assembly.xml#Route"/>
    <elements href="#//@swimlanes.14"/>
    <elements href="#//@swimlanes.12"/>
    <elements href="#//@swimlanes.45"/>
    <elements href="assembly.xml#Splitter4"/>
    <elements href="#//@swimlanes.46"/>
    <elements href="#//@swimlanes.25"/>
    <elements href="#//@swimlanes.47"/>
    <elements href="assembly.xml#Call-Aggregate_File3"/>
  </swimlanes>
  <swimlanes x="-151" y="1029" name="Report Services Process" alignment="MIDDLE">
    <elements href="assembly.xml#Report_Definitions"/>
    <elements href="#//@swimlanes.40"/>
    <elements href="assembly.xml#splitReportServices"/>
    <elements href="#//@swimlanes.41"/>
    <elements href="assembly.xml#Call-ReportWS"/>
  </swimlanes>
  <swimlanes x="1353" y="1509" name="Vertical" orientation="VERTICAL">
    <elements href="assembly.xml#Aggregator1"/>
  </swimlanes>
  <swimlanes x="1527" y="930" name="Vertical" orientation="VERTICAL">
    <elements href="assembly.xml#AggregareDS1-Batch"/>
    <elements href="assembly.xml#Aggregator2"/>
  </swimlanes>
  <swimlanes x="2202" y="1672" name="Vertical" orientation="VERTICAL">
    <elements href="assembly.xml#AsyncMediation3"/>
    <elements href="assembly.xml#AsyncMediation"/>
  </swimlanes>
  <swimlanes x="-526" y="-312" name="Impact Analysis -- Integration System Process" orientation="VERTICAL" elements="//@swimlanes.1 //@swimlanes.62 //@swimlanes.61 //@swimlanes.60 //@swimlanes.32"/>
  <swimlanes x="-142" y="1321" name="Decode XSL" alignment="MIDDLE">
    <elements href="assembly.xml#XSLDecoder"/>
    <elements href="#//@swimlanes.49"/>
    <elements href="assembly.xml#Call-FileProcess"/>
  </swimlanes>
  <swimlanes x="-148" y="825" name="EIB Process" alignment="MIDDLE">
    <elements href="assembly.xml#EIBProcess"/>
    <elements href="#//@swimlanes.52"/>
    <elements href="assembly.xml#WorkdayOutSoap"/>
    <elements href="#//@swimlanes.54"/>
    <elements href="assembly.xml#Call-CP_EIB"/>
    <elements href="assembly.xml#Call-EIBXSL"/>
  </swimlanes>
  <swimlanes x="-149" y="1076" name="Report Process" alignment="MIDDLE">
    <elements href="assembly.xml#ReportWS"/>
    <elements href="#//@swimlanes.42"/>
    <elements href="assembly.xml#getReportDefinition0"/>
    <elements href="#//@swimlanes.43"/>
    <elements href="#//@swimlanes.13"/>
  </swimlanes>
  <swimlanes x="-668" y="1978" name="DT Process" alignment="MIDDLE">
    <elements href="assembly.xml#DTProcess"/>
    <elements href="#//@swimlanes.48"/>
    <elements href="assembly.xml#Call-Decode"/>
  </swimlanes>
  <swimlanes x="-151" y="898" name="Studio Process" alignment="MIDDLE">
    <elements href="assembly.xml#Studio"/>
    <elements href="#//@swimlanes.53"/>
    <elements href="assembly.xml#Call-CP_SI"/>
    <elements href="assembly.xml#Call-GetCLAR"/>
    <elements href="assembly.xml#Call-PAF"/>
  </swimlanes>
  <swimlanes x="-151" y="690" name="BP Process" alignment="MIDDLE">
    <elements href="assembly.xml#BPData"/>
    <elements href="#//@swimlanes.37"/>
    <elements href="assembly.xml#Get_BPDef"/>
    <elements href="#//@swimlanes.38"/>
    <elements href="assembly.xml#Splitter3"/>
    <elements href="#//@swimlanes.39"/>
    <elements href="assembly.xml#Call-CP_BP"/>
  </swimlanes>
  <swimlanes x="-238" y="706" name="Page level Data Process -- Attributes-Maps-Launch_Parameters-FOS-Services-Transctions" alignment="MIDDLE">
    <elements href="assembly.xml#Front_End_Data"/>
    <elements href="#//@swimlanes.31"/>
    <elements href="assembly.xml#Route2"/>
    <elements href="#//@swimlanes.23"/>
    <elements href="assembly.xml#Aggregator4"/>
    <elements href="#//@swimlanes.34"/>
    <elements href="assembly.xml#Route0"/>
    <elements href="#//@swimlanes.64"/>
    <elements href="assembly.xml#Aggregator"/>
    <elements href="#//@swimlanes.65"/>
    <elements href="assembly.xml#Splitter5"/>
    <elements href="#//@swimlanes.35"/>
    <elements href="#//@swimlanes.24"/>
    <elements href="#//@swimlanes.36"/>
    <elements href="assembly.xml#Call-AggregateFile2"/>
  </swimlanes>
  <swimlanes x="295" y="3995" name="Swimlane" orientation="VERTICAL">
    <elements href="assembly.xml#AsyncMediation21"/>
    <elements href="assembly.xml#AsyncMediation22"/>
  </swimlanes>
  <swimlanes x="1051" y="3991" name="Swimlane" orientation="VERTICAL">
    <elements href="assembly.xml#Stop_Front_End_Agg"/>
    <elements href="assembly.xml#Aggregator6"/>
  </swimlanes>
  <swimlanes x="1356" y="1534" name="Swimlane" orientation="VERTICAL">
    <elements href="assembly.xml#Stop_Report_Agg"/>
    <elements href="assembly.xml#Aggregator5"/>
  </swimlanes>
  <swimlanes x="-151" y="955" name="Common Process">
    <elements href="assembly.xml#Common_Process"/>
    <elements href="assembly.xml#Call-GetReportService_SI"/>
    <elements href="assembly.xml#Call-GetCustomReport"/>
    <elements href="assembly.xml#Call-AggregareDS1-Batch"/>
    <elements href="assembly.xml#Call-MergeData"/>
  </swimlanes>
  <swimlanes x="2018" y="354" name="Get All CalField Definitions in the Tenant" alignment="MIDDLE">
    <elements href="assembly.xml#Get_Calfields_Definitions"/>
    <elements href="#//@swimlanes.28"/>
    <elements href="assembly.xml#GetCalcFields"/>
    <elements href="#//@swimlanes.56"/>
  </swimlanes>
  <swimlanes x="-22" y="287" name="Swimlane" orientation="VERTICAL">
    <elements href="assembly.xml#getCalcFieldInitials"/>
    <elements href="assembly.xml#PIM2"/>
  </swimlanes>
  <swimlanes x="2" y="611" name="Swimlane" orientation="VERTICAL">
    <elements href="assembly.xml#buildIntSysArrays"/>
    <elements href="assembly.xml#PIM6"/>
  </swimlanes>
  <swimlanes x="805" y="585" name="Swimlane" orientation="VERTICAL">
    <elements href="assembly.xml#SyncMediation13"/>
    <elements href="assembly.xml#Call-ErrorHandler"/>
  </swimlanes>
  <swimlanes x="-45" y="1337" name="Swimlane" orientation="VERTICAL">
    <elements href="assembly.xml#SyncMediation2"/>
    <elements href="assembly.xml#Call-ErrorHandler4"/>
  </swimlanes>
  <swimlanes x="-176" y="4235" fgColor="128" name="Error Handlers" elements="//@swimlanes.33 //@swimlanes.59" alignment="MIDDLE"/>
  <swimlanes x="140" y="4319" name="Integration specific error log" alignment="MIDDLE">
    <elements href="assembly.xml#Error_Handler_for_each_INT"/>
    <elements href="assembly.xml#AsyncMediation5"/>
  </swimlanes>
  <swimlanes x="899" y="1343" name="Swimlane" orientation="VERTICAL">
    <elements href="assembly.xml#AsyncMediation20"/>
  </swimlanes>
  <swimlanes x="1467" y="1329" name="Swimlane" orientation="VERTICAL">
    <elements href="assembly.xml#SyncMediation7"/>
  </swimlanes>
  <swimlanes x="2464" y="1391" name="Swimlane" orientation="VERTICAL">
    <elements href="assembly.xml#AsyncMediation26"/>
    <elements href="assembly.xml#Call-FE_ErrorHandlerAgg"/>
  </swimlanes>
  <swimlanes x="-123" y="1137" name="Swimlane" orientation="VERTICAL">
    <elements href="assembly.xml#SyncMediation14"/>
    <elements href="assembly.xml#Call-ErrorHandler2"/>
  </swimlanes>
  <swimlanes x="341" y="1196" name="Swimlane" orientation="VERTICAL">
    <elements href="assembly.xml#AsyncMediation18"/>
  </swimlanes>
  <swimlanes x="721" y="1224" name="Swimlane" orientation="VERTICAL">
    <elements href="assembly.xml#SyncMediation5"/>
  </swimlanes>
  <swimlanes x="-46" y="2556" name="Swimlane" orientation="VERTICAL">
    <elements href="assembly.xml#copyBackIntSys"/>
    <elements href="assembly.xml#Call-ErrorHandlerRep"/>
  </swimlanes>
  <swimlanes x="468" y="2594" name="Swimlane" orientation="VERTICAL">
    <elements href="assembly.xml#AsyncMediation13"/>
  </swimlanes>
  <swimlanes x="-80" y="2781" name="Swimlane" orientation="VERTICAL">
    <elements href="assembly.xml#getReportWID"/>
    <elements href="assembly.xml#Call-ErrorHandlerRep2"/>
  </swimlanes>
  <swimlanes x="434" y="2831" name="Swimlane" orientation="VERTICAL">
    <elements href="assembly.xml#copyReportData0"/>
  </swimlanes>
  <swimlanes x="-1" y="3163" name="Swimlane" orientation="VERTICAL">
    <elements href="assembly.xml#AsyncMediation6"/>
    <elements href="assembly.xml#Call-ErrorHandlerRep3"/>
  </swimlanes>
  <swimlanes x="746" y="3205" name="Swimlane" orientation="VERTICAL">
    <elements href="assembly.xml#AsyncMediation1"/>
  </swimlanes>
  <swimlanes x="1499" y="3219" name="Swimlane" orientation="VERTICAL">
    <elements href="assembly.xml#AsyncMediation24"/>
  </swimlanes>
  <swimlanes x="2097" y="3216" name="Swimlane" orientation="VERTICAL">
    <elements href="assembly.xml#AsyncMediation25"/>
    <elements href="assembly.xml#Call-RepErrorHandlerAgg"/>
  </swimlanes>
  <swimlanes x="-71" y="1883" name="Swimlane" orientation="VERTICAL">
    <elements href="assembly.xml#SyncMediation1"/>
    <elements href="assembly.xml#Call-ErrorHandler5"/>
  </swimlanes>
  <swimlanes x="137" y="4614" name="Swimlane" orientation="VERTICAL">
    <elements href="assembly.xml#AsyncMediation10"/>
    <elements href="assembly.xml#Call-ErrorHandlerDec"/>
  </swimlanes>
  <swimlanes x="-70" y="4332" name="Swimlane" orientation="VERTICAL">
    <elements href="assembly.xml#SyncMediation0"/>
    <elements href="assembly.xml#Call-ErrorHandlerFile"/>
  </swimlanes>
  <swimlanes x="314" y="4353" name="Swimlane" orientation="VERTICAL">
    <elements href="assembly.xml#SyncMediation"/>
  </swimlanes>
  <swimlanes x="-81" y="2236" name="Swimlane" orientation="VERTICAL">
    <elements href="assembly.xml#SyncMediation9"/>
    <elements href="assembly.xml#Call-ErrorHandler6"/>
  </swimlanes>
  <swimlanes x="-95" y="2404" name="Swimlane" orientation="VERTICAL">
    <elements href="assembly.xml#SyncMediation4"/>
    <elements href="assembly.xml#Call-ErrorHandler7"/>
  </swimlanes>
  <swimlanes x="461" y="2242" name="Swimlane" orientation="VERTICAL">
    <elements href="assembly.xml#AsyncMediation16"/>
  </swimlanes>
  <swimlanes x="875" y="4127" name="Swimlane" orientation="VERTICAL">
    <elements href="assembly.xml#copyXML"/>
  </swimlanes>
  <swimlanes x="454" y="378" name="Swimlane" orientation="VERTICAL">
    <elements href="assembly.xml#copyCalcFields"/>
    <elements href="assembly.xml#PIM3"/>
  </swimlanes>
  <swimlanes x="412" y="3293" name="Custom Report Process" elements="//@swimlanes.11 //@swimlanes.18"/>
  <swimlanes x="-608" y="1918" name="Integration template wise process" elements="//@swimlanes.19 //@swimlanes.17 //@swimlanes.20"/>
  <swimlanes x="217" y="4541" name="Global error handler">
    <elements href="assembly.xml#//@beans/@mixed.1/@mixed.229"/>
    <elements href="assembly.xml#Note-Error"/>
  </swimlanes>
  <swimlanes x="-410" y="2966" fgColor="8230233" name="Common Process definitions" orientation="VERTICAL" elements="//@swimlanes.26 //@swimlanes.57 //@swimlanes.10"/>
  <swimlanes x="-500" y="1147" fgColor="8230233" name="Integration - Main processing" orientation="VERTICAL" elements="//@swimlanes.3 //@swimlanes.74 //@swimlanes.21 //@swimlanes.22 //@swimlanes.58 //@swimlanes.4 //@swimlanes.66 //@swimlanes.7 //@swimlanes.16"/>
  <swimlanes x="-500" y="89" fgColor="8230233" name="Child Process " elements="//@swimlanes.73 //@swimlanes.78"/>
  <swimlanes x="-342" y="175" name="Swimlane" orientation="VERTICAL">
    <elements href="assembly.xml#getInitials"/>
    <elements href="assembly.xml#PIM1"/>
  </swimlanes>
  <swimlanes x="926" y="1468" name="Swimlane" orientation="VERTICAL">
    <elements href="assembly.xml#AsyncMediation8"/>
    <elements href="assembly.xml#AsyncMediation9"/>
  </swimlanes>
  <swimlanes x="1303" y="1471" name="Swimlane" orientation="VERTICAL">
    <elements href="assembly.xml#SyncMediation8"/>
  </swimlanes>
  <swimlanes x="1476" y="3544" name="Attached file processing" alignment="MIDDLE">
    <elements href="assembly.xml#Attached_files_processing"/>
    <elements href="#//@swimlanes.67"/>
    <elements href="assembly.xml#Splitter6"/>
    <elements href="#//@swimlanes.68"/>
    <elements href="assembly.xml#Call-File_decoder"/>
  </swimlanes>
  <swimlanes x="1695" y="2286" name="Swimlane" orientation="VERTICAL">
    <elements href="assembly.xml#AsyncMediation12"/>
    <elements href="assembly.xml#Call-ErrorHandler9"/>
  </swimlanes>
  <swimlanes x="2220" y="2283" name="Swimlane" orientation="VERTICAL">
    <elements href="assembly.xml#SyncMediation6"/>
  </swimlanes>
  <swimlanes x="-220" y="942" name="Schedule &amp; Sequence Generator">
    <elements href="assembly.xml#Get_Schedule_and_Sequence"/>
    <elements href="assembly.xml#Route1"/>
    <elements href="#//@swimlanes.70"/>
    <elements href="assembly.xml#Aggregator3"/>
  </swimlanes>
  <swimlanes x="-22" y="1051" name="Swimlane" orientation="VERTICAL">
    <elements href="#//@swimlanes.71"/>
    <elements href="assembly.xml#PIM4"/>
    <elements href="#//@swimlanes.72"/>
    <elements href="assembly.xml#PIM5"/>
  </swimlanes>
  <swimlanes x="-13" y="1030" name="Swimlane">
    <elements href="assembly.xml#AsyncMediation14"/>
    <elements href="assembly.xml#PagedGet0"/>
  </swimlanes>
  <swimlanes x="72" y="1305" name="Swimlane">
    <elements href="assembly.xml#AsyncMediation15"/>
    <elements href="assembly.xml#PagedGet1"/>
  </swimlanes>
  <swimlanes x="-444" y="377" name="Cal fields &amp; Schedule, Seq Dump" orientation="VERTICAL" elements="//@swimlanes.27 //@swimlanes.69"/>
  <swimlanes x="-373" y="1659" name="Swimlane">
    <elements href="assembly.xml#Schedule_Seq_Data"/>
    <elements href="#//@swimlanes.76"/>
    <elements href="assembly.xml#Route3"/>
    <elements href="#//@swimlanes.75"/>
    <elements href="assembly.xml#Aggregator7"/>
    <elements href="#//@swimlanes.77"/>
    <elements href="assembly.xml#Call-Front_End_Data2"/>
  </swimlanes>
  <swimlanes x="132" y="1767" name="Swimlane" orientation="VERTICAL">
    <elements href="assembly.xml#AsyncMediation11"/>
    <elements href="assembly.xml#AsyncMediation23"/>
  </swimlanes>
  <swimlanes x="-274" y="1785" name="Swimlane" orientation="VERTICAL">
    <elements href="assembly.xml#SyncMediation10"/>
    <elements href="assembly.xml#Call-ErrorHandler3"/>
  </swimlanes>
  <swimlanes x="768" y="1817" name="Swimlane" orientation="VERTICAL">
    <elements href="assembly.xml#AsyncMediation17"/>
  </swimlanes>
  <swimlanes x="592" y="210" name="Swimlane" orientation="VERTICAL" elements="//@swimlanes.2 //@swimlanes.90 //@swimlanes.80"/>
  <swimlanes x="658" y="534" name="Swimlane" alignment="MIDDLE">
    <elements href="assembly.xml#Get_All_Cust_rep_def"/>
    <elements href="assembly.xml#Call-Report_WIDs"/>
    <elements href="#//@swimlanes.83"/>
    <elements href="assembly.xml#GetIntsys"/>
  </swimlanes>
  <swimlanes x="1305" y="633" name="Processing Standalone Custom Report Definitions" elements="//@swimlanes.79 //@swimlanes.81"/>
  <swimlanes x="1170" y="645" name="Swimlane" alignment="MIDDLE">
    <elements href="assembly.xml#Process_Cust_Rep_Def"/>
    <elements href="assembly.xml#Splitter7"/>
    <elements href="assembly.xml#AsyncMediation29"/>
    <elements href="#//@swimlanes.82"/>
    <elements href="assembly.xml#SyncMediation11"/>
    <elements href="assembly.xml#Call-Process_Rep"/>
  </swimlanes>
  <swimlanes x="1779" y="684" name="Swimlane" orientation="VERTICAL">
    <elements href="assembly.xml#Stop_Rep_agg"/>
    <elements href="assembly.xml#Aggregator9"/>
  </swimlanes>
  <swimlanes x="914" y="691" name="Swimlane" orientation="VERTICAL">
    <elements href="assembly.xml#SyncMediation3"/>
    <elements href="assembly.xml#PIM8"/>
  </swimlanes>
  <swimlanes x="-85" y="-79" name="Swimlane" orientation="VERTICAL">
    <elements href="assembly.xml#Call-Get_Calfields_Definitions"/>
    <elements href="assembly.xml#Call-Get_Schedule_and_Sequence"/>
    <elements href="assembly.xml#Call-Get_IntegrationSystems"/>
  </swimlanes>
  <swimlanes x="249" y="-148" name="Swimlane" orientation="VERTICAL">
    <elements href="assembly.xml#Call-Get_All_Cust_rep_def"/>
    <elements href="assembly.xml#Call-Stop_Rep_agg"/>
  </swimlanes>
  <swimlanes x="513" y="-108" name="Swimlane" orientation="VERTICAL">
    <elements href="assembly.xml#Call-Stop_File_Agg"/>
    <elements href="assembly.xml#Call-Stop_Front_End_Agg"/>
    <elements href="assembly.xml#Call-Stop_Report_Agg"/>
  </swimlanes>
  <swimlanes x="1725" y="-60" name="Swimlane" orientation="VERTICAL">
    <elements href="assembly.xml#Aggregate_File"/>
    <elements href="assembly.xml#Aggregator8"/>
    <elements href="assembly.xml#AsyncMediation0"/>
  </swimlanes>
  <swimlanes x="886" y="-89" name="Swimlane" orientation="VERTICAL">
    <elements href="assembly.xml#AsyncMediation2"/>
    <elements href="assembly.xml#Create_ZipFile"/>
    <elements href="assembly.xml#PutIntegrationMessage3"/>
  </swimlanes>
  <swimlanes x="620" y="681" name="Swimlane" alignment="MIDDLE">
    <elements href="assembly.xml#Report_WIDs"/>
    <elements href="#//@swimlanes.92"/>
    <elements href="assembly.xml#GetRep"/>
    <elements href="#//@swimlanes.91"/>
    <elements href="assembly.xml#SyncMediation16"/>
    <elements href="assembly.xml#Get_BP"/>
  </swimlanes>
  <swimlanes x="706" y="649" name="Standalone Custom Report Processing" elements="//@swimlanes.89"/>
  <swimlanes x="1161" y="759" name="Swimlane" orientation="VERTICAL">
    <elements href="assembly.xml#Splitter8"/>
  </swimlanes>
  <swimlanes x="817" y="777" name="Swimlane" orientation="VERTICAL">
    <elements href="assembly.xml#AsyncMediation30"/>
    <elements href="assembly.xml#PIM7"/>
  </swimlanes>
  <swimlanes x="984" y="5269" name="Swimlane" orientation="VERTICAL">
    <elements href="assembly.xml#AsyncMediation19"/>
    <elements href="assembly.xml#Call-FileErrorHandlerAgg"/>
  </swimlanes>
</wdnm:Diagram>
