<?xml version="1.0" encoding="UTF-8"?>
<beans
     xmlns="http://www.springframework.org/schema/beans"
     xmlns:beans="http://www.springframework.org/schema/beans"
     xmlns:atom="http://www.w3.org/2005/Atom"
     xmlns:cc="http://www.capeclear.com/assembly/10"
     xmlns:cloud="urn:com.workday/esb/cloud/10.0"
     xmlns:env="http://schemas.xmlsoap.org/soap/envelope/"
     xmlns:pi="urn:com.workday/picof"
     xmlns:wd="urn:com.workday/bsvc"
     xmlns:xsi="http://www.w3.org/2001/XMLSchema-instance">
 
	<cc:assembly id="WorkdayAssembly" version="2019.35">
        <cc:workday-in id="StartHere" routes-to="GetDataFromReport">
            <cc:integration-system name="Monthly_Report">
        <cloud:param name="WID">
          <cloud:type>
            <cloud:simple-type>text</cloud:simple-type>
          </cloud:type>
        </cloud:param>
      </cc:integration-system>
        </cc:workday-in>
        <cc:async-mediation id="Init_Launch_Parameter" routes-to="Route" handle-downstream-errors="false">
            <cc:steps>
                <cc:eval id="Eval1">
                    <cc:expression>props['collate']=false</cc:expression>
                    <cc:expression>props['lp.WID'] = lp.getSimpleData('WID')</cc:expression>
                </cc:eval>
            </cc:steps>
            <cc:send-error id="SendError" rethrow-error="true" routes-to="PutIntegrationMessage"/>
        </cc:async-mediation>
        <cc:aggregator id="Aggregator" collate-when="!props['collate']&#x9;&#x9;" force-batch-on-last-message="false" force-batch-when="props['collate']">
            <cc:size-batch-strategy batch-size="-1"/>
            <cc:xml-message-content-collater output="variable" output-variable="a">
        <cc:header-text>&lt;Report_Data xmlns:wd=&quot;urn:com.workday/bsvc&quot;></cc:header-text>
        <cc:footer-text>&lt;/Report_Data></cc:footer-text>
      </cc:xml-message-content-collater>
        </cc:aggregator>
        <cc:local-in id="StopAggregator" routes-to="Aggregator"/>
        <cc:local-out id="GetDataFromReport" store-message="none" routes-response-to="CallStopAggregator" endpoint="vm://Monthly_Report/GetReportData"/>
        <cc:local-in id="GetReportData" routes-to="Init_Launch_Parameter"/>
        <cc:local-out id="CallStopAggregator" store-message="none" routes-response-to="CallXSLT" endpoint="vm://Monthly_Report/StopAggregator"><cc:set name="collate" value="true"/></cc:local-out>
        <cc:route id="Route">
            <cc:all-strategy/>
            <cc:sub-route name="SubRoute" routes-to="GetEventDocuments0"/>
            <cc:sub-route name="Alternate" routes-to="GetEventDocuments"/>
        </cc:route>
        <cc:local-out id="CallXSLT" store-message="none" routes-response-to="Call-BuildDashboard" endpoint="vm://Monthly_Report/XSLT"/>
        <cc:local-in id="XSLT" routes-to="CopyReportData"/>
        <cc:async-mediation id="CopyReportData" routes-to="AsyncMediation2">
            <cc:steps>
                <cc:copy id="Copy" input="variable" input-variable="a"/>
                <cc:xslt-plus id="m" input="message" url="MergeAllReportData.xsl"/>
                <cc:log id="Log">
                    <cc:log-message>
                        <cc:text>After merge xslt&#xD;
------------------&#xD;
</cc:text>
                        <cc:message-content/>
                    </cc:log-message>
                </cc:log>
                <cc:xslt-plus id="XsltPlus" output="message" input="message" url="NewStylesheet.xsl"/>
                <cc:xslt-plus id="XsltPlus1" input="message" url="Q2.xsl"/>
                <cc:log id="Log1">
                    <cc:log-message>
                        <cc:text>after Q2&#xD;
----------&#xD;
</cc:text>
                        <cc:message-content/>
                    </cc:log-message>
                </cc:log>
                <cc:xslt-plus id="XsltPlus2" url="Q3.xsl"/>
                <cc:log id="Log0">
                    <cc:log-message>
                        <cc:message-content/>
                        <cc:text>After xsltplus2 xslt&#xD;
------------------</cc:text>
                    </cc:log-message>
                </cc:log>
                <cc:copy id="Copy0" output="variable" output-variable="MonReport"/>
                <cc:xslt-plus id="XsltPlus3" input="variable" input-variable="MonReport" url="QTDBenchMark.xsl"/>
                <cc:xml-to-csv id="XmlToCsv" format="rfc4180" writeHeaderLine="true"/>
                <cc:text-excel id="TextExcel" output="variable" output-mimetype="application/vnd.ms-excel" output-variable="QTDBenchmarksheet" style="text2excel"/>
            </cc:steps>
            <cc:send-error id="SendError" routes-to="PutIntegrationMessage1"/>
        </cc:async-mediation>
        <cc:local-out id="PutIntegrationMessage" endpoint="vm://wcc/PutIntegrationMessage"><cc:set name="is.message.severity" value="'ERROR'"/><cc:set name="is.message.summary" value="'Error Occured at:' + context.errorComponentId"/><cc:set name="is.message.detail" value="context.errorMessage"/></cc:local-out>
        <cc:local-out id="PutIntegrationMessage1" endpoint="vm://wcc/PutIntegrationMessage"><cc:set name="is.message.severity" value="'ERROR'"/><cc:set name="is.message.summary" value="'Error Occured at:' + context.errorComponentId"/><cc:set name="is.message.detail" value="context.errorMessage"/></cc:local-out>
        <cc:local-out id="Call-BuildDashboard" store-message="none" endpoint="vm://Monthly_Report/BuildDashboard"/>
        <cc:async-mediation id="AsyncMediation0" routes-to="PutIntegrationMessage3">
            <cc:steps>
                <cc:store id="Store" output="variable" output-variable="htmlfile" title="MonthlyMetrics.html"/>
            </cc:steps>
        </cc:async-mediation>
        <cc:aggregator id="Aggregator0" routes-to="AsyncMediation0" collate-when="true" force-batch-on-last-message="false" force-batch-when="props['close.agg']">
            <cc:size-batch-strategy batch-size="-1"/>
            <cc:message-content-collater>
        <cc:separator>@{'\n'}</cc:separator>
      </cc:message-content-collater>
        </cc:aggregator>
        <cc:async-mediation id="CloseMain" routes-to="Aggregator0">
            <cc:steps>
                <cc:write id="Write">
                    <cc:message>
                        <cc:static-file input-file="Part_Four.part"/>
                    </cc:message>
                </cc:write>
                <cc:eval id="Eval">
                    <cc:expression>props['close.agg'] = true</cc:expression>
                </cc:eval>
            </cc:steps>
        </cc:async-mediation>
        <cc:async-mediation id="CreateTableData" routes-to="Aggregator0">
            <cc:steps>
                <cc:xslt id="Xslt" url="CreateTableData.xsl"/>
            </cc:steps>
        </cc:async-mediation>
        <cc:async-mediation id="WebslideDec" routes-to="Aggregator0">
            <cc:steps>
                <cc:write id="Write">
                    <cc:message>
                        <cc:static-file input-file="Part_Three.part"/>
                    </cc:message>
                </cc:write>
            </cc:steps>
        </cc:async-mediation>
        <cc:async-mediation id="CreateChartData" routes-to="Aggregator0">
            <cc:steps>
                <cc:xslt id="Xslt" url="CreateChartData.xsl"/>
            </cc:steps>
        </cc:async-mediation>
        <cc:async-mediation id="ChartJSDec" routes-to="Aggregator0">
            <cc:steps>
                <cc:write id="Write">
                    <cc:message>
                        <cc:static-file input-file="Part_Two.part"/>
                    </cc:message>
                </cc:write>
            </cc:steps>
        </cc:async-mediation>
        <cc:async-mediation id="SectionData" routes-to="Aggregator0">
            <cc:steps>
                <cc:xslt id="SectionData" output-mimetype="text/plain" url="CreateSectionData.xsl"/>
            </cc:steps>
        </cc:async-mediation>
        <cc:async-mediation id="HeaderAndDeclarations" routes-to="Aggregator0">
            <cc:steps>
                <cc:eval id="Eval">
                    <cc:expression>props['close.agg'] = false</cc:expression>
                </cc:eval>
                <cc:write id="Write">
                    <cc:message>
                        <cc:static-file input-file="Part_One.part"/>
                    </cc:message>
                </cc:write>
            </cc:steps>
        </cc:async-mediation>
        <cc:route id="Route0">
            <cc:all-strategy/>
            <cc:sub-route name="HeaderAndDeclarations" routes-to="HeaderAndDeclarations"/>
            <cc:sub-route name="SectionData" routes-to="SectionData"/>
            <cc:sub-route name="ChartJSDeclarations" routes-to="ChartJSDec"/>
            <cc:sub-route name="ChartData" routes-to="CreateChartData"/>
            <cc:sub-route name="WebslideDeclarations" routes-to="WebslideDec"/>
            <cc:sub-route name="TableData" routes-to="CreateTableData"/>
            <cc:sub-route name="CloseMain" routes-to="CloseMain"/>
        </cc:route>
        <cc:local-out id="PIMDashError" endpoint="vm://wcc/PutIntegrationMessage">
            <cc:set name="is.message.severity" value="'ERROR'"/>
            <cc:set name="is.message.summary" value="'Error during dash creation'"/>
            <cc:set name="is.message.detail" value="context.errorMessage"/>
            <cc:set name="is.message.storage.enabled" value="false"/>
        </cc:local-out>
        <cc:async-mediation id="ErrorHandler" routes-to="Route0">
            <cc:steps>
                <cc:copy id="Copy" input="variable" input-variable="MonReport"/>
                <cc:log id="Log">
                    <cc:log-message>
                        <cc:line-separator/>
                        <cc:text>*******************************XML from Monthly Report****************************************************</cc:text>
                        <cc:message-content/>
                        <cc:line-separator/>
                        <cc:text>*******************************END --- XML from Monthly Report****************************************************</cc:text>
                        <cc:line-separator/>
                    </cc:log-message>
                </cc:log>
            </cc:steps>
            <cc:send-error id="SendError" routes-to="PIMDashError"/>
        </cc:async-mediation>
        <cc:local-in id="BuildDashboard" routes-to="ErrorHandler"/>
        <cc:local-out id="GetEventDocuments" routes-response-to="AsyncMediation" endpoint="vm://wcc/GetEventDocuments"><cc:set name="ie.event.wid" value="lp.isSet() ? lp.getIntegrationEventWID() : null"/></cc:local-out>
        <cc:async-mediation id="GetParentIntDetailsFromFile" routes-to="Aggregator">
            <cc:steps>
                <cc:csv-to-xml id="CsvToXml" input="variable" input-variable="a" colNames="IntegrationName,IsParent,Vendor,FileStatus,Criticality,Notes" rootName="Report_Data" rowName="Report_Entry"/>
                <cc:copy id="Copy"/>
                <cc:log id="Log">
                    <cc:log-message>
                        <cc:text>********************************************************XML-Start***********************************************************************************************</cc:text>
                        <cc:message-content/>
                        <cc:text>******************************************************************XML - End **************************************************************************************</cc:text>
                    </cc:log-message>
                </cc:log>
            </cc:steps>
            <cc:send-error id="SendError" routes-to="PIM"/>
        </cc:async-mediation>
        <cc:local-out id="PIM" endpoint="vm://wcc/PutIntegrationMessage"><cc:set name="is.message.severity" value="'CRITICAL'"/><cc:set name="is.message.summary" value="'Error Occured at:' + context.errorComponentId"/><cc:set name="is.message.detail" value="context.errorMessage"/></cc:local-out>
        <cc:async-mediation id="AsyncMediation" routes-to="GetParentIntDetailsFromFile">
            <cc:steps>
                <cc:validate-exp id="FileCheck">
                    <cc:expression error-number="102" failure-message="No input File to process">da.size() > 0 </cc:expression>
                </cc:validate-exp>
                <cc:eval id="Eval">
                    <cc:expression>//vars['a'] = da.getData('Prudential_Parent_Integration.csv')</cc:expression>
                    <cc:expression>da.toVar('Parent_Integrations.csv', 'a')</cc:expression>
                </cc:eval>
                <cc:log id="Log">
                    <cc:log-message>
                        <cc:text>*************************************************start****************************************************************************</cc:text>
                        <cc:message-content/>
                        <cc:text>********************************************************End***************************************************************************************************</cc:text>
                    </cc:log-message>
                </cc:log>
            </cc:steps>
            <cc:send-error id="SendError" routes-to="PutIntegrationMessage2"/>
        </cc:async-mediation>
        <cc:local-out id="PutIntegrationMessage2" endpoint="vm://wcc/PutIntegrationMessage"><cc:set name="is.message.severity" value="'CRITICAL'"/><cc:set name="is.message.summary" value="context.errorMessage"/></cc:local-out>
        <cc:local-out id="GetEventDocuments0" routes-response-to="AsyncMediation1" endpoint="vm://wcc/GetEventDocuments"><cc:set name="ie.event.wid" value="props['lp.WID'] != empty ? props['lp.WID'] : lp.isSet() ? lp.getIntegrationEventWID() : null"/></cc:local-out>
        <cc:async-mediation id="AsyncMediation1" routes-to="Aggregator">
            <cc:steps>
                <cc:validate-exp id="FileCheck">
                    <cc:expression error-number="102" failure-message="No input File to process">da.size() > 0 </cc:expression>
                </cc:validate-exp>
                <cc:eval id="Eval">
                    <cc:expression>da.toVar('MonthlyReport.xml', 'monthlyReportData')</cc:expression>
                </cc:eval>
                <cc:copy id="Copy" input="variable" input-variable="monthlyReportData"/>
                <cc:eval id="Eval0">
                    <cc:expression>props['CurrentMonth'] = parts[0].xpath(&quot;substring(format-number(max(wd:Report_Data/wd:Report_Entry/wd:Integration_Event/wd:Actual_Start_Month),'00000000'),5,2)&quot;)</cc:expression>
                    <cc:expression>props['CurrentYear'] = parts[0].xpath(&quot;substring(format-number(max(wd:Report_Data/wd:Report_Entry/wd:Integration_Event/wd:Actual_Start_Month),'00000000'),1,4)&quot;)</cc:expression>
                    <cc:expression>props['File_delivery'] = parts[0].xpath(&quot;wd:Report_Data/wd:Report_Entry[1]/wd:Integration_Event/wd:File_Delivery&quot;)</cc:expression>
                    <cc:expression>props['INT_list'] = parts[0].xpath(&quot;wd:Report_Data/wd:Report_Entry[1]/wd:Integration_Event/wd:Integration_list&quot;)</cc:expression>
                </cc:eval>
            </cc:steps>
        </cc:async-mediation>
        <cc:async-mediation id="AsyncMediation2" routes-to="PutIntegrationMessage0">
            <cc:steps>
                <cc:store id="Store" output="variable" output-variable="MonthlyMetrics" input="variable" input-variable="MonReport" title="MonthlyMetrics.xml"/>
                <cc:store id="Store0" input="variable" input-variable="QTDBenchmarksheet" title="QTD_Benchmark.xls"/>
            </cc:steps>
        </cc:async-mediation>
        <cc:local-out id="PutIntegrationMessage0" endpoint="vm://wcc/PutIntegrationMessage"><cc:set name="is.message.severity" value="'INFO'"/><cc:set name="is.message.summary" value="'XML file version generated'"/><cc:set name="is.document.deliverable" value="props['File_delivery'] == '' ?'false':'true'"/><cc:set name="is.document.variable.name" value="'MonthlyMetrics'"/><cc:set name="is.document.file.name" value="'MonthlyMetrics.xml'"/></cc:local-out>
        <cc:local-out id="PutIntegrationMessage3" endpoint="vm://wcc/PutIntegrationMessage"><cc:set name="is.message.severity" value="'INFO'"/><cc:set name="is.message.summary" value="'Html file version generated'"/><cc:set name="is.document.deliverable" value="props['File_delivery'] == '' ?'false':'true'"/><cc:set name="is.document.variable.name" value="'htmlfile'"/><cc:set name="is.document.file.name" value="'MonthlyMetrics.html'"/></cc:local-out>
	</cc:assembly>

</beans>