<?xml version="1.0" encoding="UTF-8"?>
<wdnm:Diagram xmlns:wdnm="http://workday.com/studio/editors/notation">
  <element href="assembly.xml#WorkdayAssembly"/>
  <visualProperties x="423" y="75">
    <element href="assembly.xml#//@beans/@mixed.1/@mixed.1"/>
  </visualProperties>
  <visualProperties x="728" y="75">
    <element href="assembly.xml#Note-Error"/>
  </visualProperties>
  <visualProperties x="193" y="75">
    <element href="assembly.xml#StartHere"/>
  </visualProperties>
  <visualProperties x="166" y="113">
    <element href="assembly.xml#SyncMediation"/>
  </visualProperties>
  <visualProperties x="192" y="338">
    <element href="assembly.xml#Route"/>
  </visualProperties>
  <visualProperties x="323" y="436">
    <element href="assembly.xml#AsyncMediation"/>
  </visualProperties>
  <visualProperties x="52" y="563">
    <element href="assembly.xml#ProcessRecords"/>
  </visualProperties>
  <visualProperties x="210" y="660">
    <element href="assembly.xml#AsyncMediation0"/>
  </visualProperties>
  <visualProperties x="376" y="715">
    <element href="assembly.xml#Splitter"/>
  </visualProperties>
  <visualProperties x="506" y="719">
    <element href="assembly.xml#SyncMediation0"/>
  </visualProperties>
  <visualProperties x="510" y="738">
    <element href="assembly.xml#Splitter0"/>
  </visualProperties>
  <visualProperties x="961" y="747">
    <element href="assembly.xml#Aggregator"/>
  </visualProperties>
  <visualProperties x="1148" y="728">
    <element href="assembly.xml#AsyncMediation2"/>
  </visualProperties>
  <visualProperties x="796" y="753">
    <element href="assembly.xml#SyncMediation1"/>
  </visualProperties>
  <visualProperties x="907" y="882">
    <element href="assembly.xml#AsyncMediation1"/>
  </visualProperties>
  <visualProperties x="64" y="1165">
    <element href="assembly.xml#WriteAuditLine"/>
  </visualProperties>
  <visualProperties x="997" y="1013">
    <element href="assembly.xml#Call-WriteAuditLineError"/>
  </visualProperties>
  <visualProperties x="196" y="1157">
    <element href="assembly.xml#AsyncMediation3"/>
  </visualProperties>
  <visualProperties x="1438" y="866">
    <element href="assembly.xml#WorkdayOutSoap"/>
  </visualProperties>
  <visualProperties x="1615" y="944">
    <element href="assembly.xml#Call-WriteAuditLineSuccess"/>
  </visualProperties>
  <visualProperties x="352" y="1238">
    <element href="assembly.xml#Aggregator0"/>
  </visualProperties>
  <visualProperties x="461" y="1241">
    <element href="assembly.xml#ForceBatch"/>
  </visualProperties>
  <visualProperties x="748" y="266">
    <element href="assembly.xml#Call-ForceBatch"/>
  </visualProperties>
  <visualProperties x="569" y="1352">
    <element href="assembly.xml#AsyncMediation4"/>
  </visualProperties>
  <visualProperties x="2480" y="284">
    <element href="assembly.xml#Call-ProcessRecords"/>
  </visualProperties>
  <visualProperties x="398" y="311">
    <element href="assembly.xml#GetEventDocuments"/>
  </visualProperties>
  <visualProperties x="924" y="1207">
    <element href="assembly.xml#PutIntegrationMessage"/>
  </visualProperties>
  <connections type="routesTo" sourceAnchorX="0.9669421487603306" sourceAnchorY="0.43243243243243246" targetAnchorX="0.06060606060606061" targetAnchorY="0.3783783783783784">
    <source href="assembly.xml#//@beans/@mixed.1/@mixed.1"/>
    <target href="assembly.xml#Note-Error"/>
  </connections>
  <connections type="routesTo" sourceAnchorX="1.0" sourceAnchorY="1.0" targetAnchorX="0.34710743801652894" targetAnchorY="0.37333333333333335">
    <source href="assembly.xml#StartHere"/>
    <target href="assembly.xml#SyncMediation"/>
  </connections>
  <connections type="routesTo" sourceAnchorX="0.2413793103448276" sourceAnchorY="1.0" targetAnchorX="0.1595744680851064" targetAnchorY="0.648936170212766">
    <source href="assembly.xml#//@beans/@mixed.1/@route.0/@subRoute.0"/>
    <target href="assembly.xml#AsyncMediation"/>
  </connections>
  <connections type="routesTo" sourceAnchorX="0.4066666666666667" sourceAnchorY="0.7297297297297297" targetAnchorX="0.4253731343283582" targetAnchorY="0.0425531914893617">
    <source href="assembly.xml#ProcessRecords"/>
    <target href="assembly.xml#AsyncMediation0"/>
  </connections>
  <connections type="routesTo" sourceAnchorX="1.0" sourceAnchorY="0.35106382978723405" targetAnchorX="0.2897196261682243" targetAnchorY="0.45454545454545453">
    <source href="assembly.xml#AsyncMediation0"/>
    <target href="assembly.xml#Splitter"/>
  </connections>
  <connections type="routesTo" sourceAnchorX="0.8404255319148937" sourceAnchorY="1.0" targetAnchorX="0.21875" targetAnchorY="0.3933333333333333">
    <source href="assembly.xml#//@beans/@mixed.1/@splitter.0/@subRoute.0"/>
    <target href="assembly.xml#SyncMediation0"/>
  </connections>
  <connections type="routesTo" sourceAnchorX="0.7659574468085106" sourceAnchorY="1.0" targetAnchorX="0.11538461538461539" targetAnchorY="0.37333333333333335">
    <source href="assembly.xml#//@beans/@mixed.1/@splitter.1/@subRoute.0"/>
    <target href="assembly.xml#SyncMediation1"/>
  </connections>
  <connections type="routesTo" sourceAnchorX="0.0" sourceAnchorY="0.15333333333333332" targetAnchorX="0.102803738317757" targetAnchorY="0.487012987012987">
    <source href="assembly.xml#SyncMediation0"/>
    <target href="assembly.xml#Splitter0"/>
  </connections>
  <connections type="routesTo" sourceAnchorX="1.0" sourceAnchorY="0.44339622641509435" targetAnchorX="0.6940298507462687" targetAnchorY="0.6739130434782609">
    <source href="assembly.xml#Aggregator"/>
    <target href="assembly.xml#AsyncMediation2"/>
  </connections>
  <connections type="routesTo" sourceAnchorX="0.0" sourceAnchorY="0.16666666666666666" targetAnchorX="0.17647058823529413" targetAnchorY="0.6509433962264151">
    <source href="assembly.xml#SyncMediation1"/>
    <target href="assembly.xml#Aggregator"/>
  </connections>
  <connections type="routesTo" sourceAnchorX="0.23737373737373738" sourceAnchorY="1.0" targetAnchorX="0.6567164179104478" targetAnchorY="0.32608695652173914">
    <source href="assembly.xml#//@beans/@mixed.1/@mixed.27/@mixed.5"/>
    <target href="assembly.xml#AsyncMediation1"/>
  </connections>
  <connections type="routesTo" sourceAnchorX="0.0" sourceAnchorY="0.2553191489361702" targetAnchorX="0.40559440559440557" targetAnchorY="0.6486486486486487">
    <source href="assembly.xml#AsyncMediation1"/>
    <target href="assembly.xml#Call-WriteAuditLineError"/>
  </connections>
  <connections type="routesTo" sourceAnchorX="0.7058823529411765" sourceAnchorY="1.0" targetAnchorX="0.3208955223880597" targetAnchorY="0.6195652173913043">
    <source href="assembly.xml#WriteAuditLine"/>
    <target href="assembly.xml#AsyncMediation3"/>
  </connections>
  <connections type="routesTo" sourceAnchorX="0.44776119402985076" sourceAnchorY="0.925531914893617" targetAnchorX="0.40789473684210525" targetAnchorY="0.08108108108108109">
    <source href="assembly.xml#AsyncMediation2"/>
    <target href="assembly.xml#WorkdayOutSoap"/>
  </connections>
  <connections type="routesResponseTo" sourceAnchorX="0.40789473684210525" sourceAnchorY="1.0" targetAnchorX="0.3047619047619048" targetAnchorY="0.16216216216216217">
    <source href="assembly.xml#WorkdayOutSoap"/>
    <target href="assembly.xml#Call-WriteAuditLineSuccess"/>
  </connections>
  <connections type="routesTo" sourceAnchorX="0.5630252100840336" sourceAnchorY="1.0" targetAnchorX="0.49673202614379086" targetAnchorY="0.0660377358490566">
    <source href="assembly.xml#ForceBatch"/>
    <target href="assembly.xml#Aggregator0"/>
  </connections>
  <connections type="routesTo" sourceAnchorX="1.0" sourceAnchorY="0.2641509433962264" targetAnchorX="0.4626865671641791" targetAnchorY="0.5543478260869565">
    <source href="assembly.xml#Aggregator0"/>
    <target href="assembly.xml#AsyncMediation4"/>
  </connections>
  <connections type="routesTo" sourceAnchorX="1.0" sourceAnchorY="0.3829787234042553" targetAnchorX="0.2784090909090909" targetAnchorY="0.43243243243243246">
    <source href="assembly.xml#AsyncMediation"/>
    <target href="assembly.xml#Call-ProcessRecords"/>
  </connections>
  <connections type="routesResponseTo" sourceAnchorX="0.9147727272727273" sourceAnchorY="1.0" targetAnchorX="0.32413793103448274" targetAnchorY="0.0">
    <source href="assembly.xml#Call-ProcessRecords"/>
    <target href="assembly.xml#Call-ForceBatch"/>
  </connections>
  <connections type="routesTo" sourceAnchorX="1.0" sourceAnchorY="0.2631578947368421" targetAnchorX="0.34684684684684686" targetAnchorY="0.6486486486486487">
    <source href="assembly.xml#SyncMediation"/>
    <target href="assembly.xml#GetEventDocuments"/>
  </connections>
  <connections type="routesTo" sourceAnchorX="0.0" sourceAnchorY="0.23404255319148937" targetAnchorX="0.1437908496732026" targetAnchorY="0.22641509433962265">
    <source href="assembly.xml#AsyncMediation3"/>
    <target href="assembly.xml#Aggregator0"/>
  </connections>
  <connections type="routesResponseTo" sourceAnchorX="0.4954954954954955" sourceAnchorY="1.0" targetAnchorX="0.7560975609756098" targetAnchorY="0.5114942528735632">
    <source href="assembly.xml#GetEventDocuments"/>
    <target href="assembly.xml#Route"/>
  </connections>
  <connections type="routesTo" sourceAnchorX="1.0" sourceAnchorY="0.32653061224489793" targetAnchorX="0.34024896265560167" targetAnchorY="0.8918918918918919">
    <source href="assembly.xml#AsyncMediation4"/>
    <target href="assembly.xml#PutIntegrationMessage"/>
  </connections>
  <swimlanes x="73" y="20" name="Horizontal" alignment="MIDDLE"/>
  <swimlanes x="164" y="20" name="Vertical" orientation="VERTICAL"/>
  <swimlanes x="646" y="172" name="Global Error Handler" topBorderColor="8421631">
    <elements href="assembly.xml#//@beans/@mixed.1/@mixed.1"/>
    <elements href="assembly.xml#Note-Error"/>
  </swimlanes>
  <swimlanes x="174" y="42" name="Overall Process - Retrieve File and Transform to XML" alignment="MIDDLE">
    <elements href="assembly.xml#StartHere"/>
    <elements href="assembly.xml#SyncMediation"/>
    <elements href="assembly.xml#GetEventDocuments"/>
    <elements href="assembly.xml#Route"/>
    <elements href="assembly.xml#AsyncMediation"/>
    <elements href="assembly.xml#Call-ProcessRecords"/>
    <elements href="assembly.xml#Call-ForceBatch"/>
  </swimlanes>
  <swimlanes x="18" y="101" name="Vertical" orientation="VERTICAL" elements="//@swimlanes.3 //@swimlanes.5 //@swimlanes.8 //@swimlanes.2"/>
  <swimlanes x="718" y="487" name="Transform and create WWS" alignment="MIDDLE">
    <elements href="#//@swimlanes.9"/>
    <elements href="assembly.xml#Splitter"/>
    <elements href="assembly.xml#SyncMediation0"/>
    <elements href="assembly.xml#Splitter0"/>
    <elements href="#//@swimlanes.6"/>
    <elements href="#//@swimlanes.10"/>
  </swimlanes>
  <swimlanes x="294" y="55" name="Vertical" orientation="VERTICAL" elements="//@swimlanes.11 //@swimlanes.7"/>
  <swimlanes x="484" y="65" name="Horizontal" alignment="MIDDLE">
    <elements href="assembly.xml#AsyncMediation1"/>
    <elements href="assembly.xml#Call-WriteAuditLineError"/>
  </swimlanes>
  <swimlanes x="508" y="41" name="Horizontal" alignment="MIDDLE">
    <elements href="assembly.xml#WriteAuditLine"/>
    <elements href="assembly.xml#AsyncMediation3"/>
    <elements href="#//@swimlanes.12"/>
    <elements href="assembly.xml#AsyncMediation4"/>
    <elements href="assembly.xml#PutIntegrationMessage"/>
  </swimlanes>
  <swimlanes x="313" y="33" name="Vertical" orientation="VERTICAL">
    <elements href="assembly.xml#ProcessRecords"/>
    <elements href="assembly.xml#AsyncMediation0"/>
  </swimlanes>
  <swimlanes x="862" y="59" name="Vertical" orientation="VERTICAL">
    <elements href="assembly.xml#AsyncMediation2"/>
    <elements href="assembly.xml#WorkdayOutSoap"/>
    <elements href="assembly.xml#Call-WriteAuditLineSuccess"/>
  </swimlanes>
  <swimlanes x="1732" y="594" name="Horizontal" alignment="MIDDLE">
    <elements href="assembly.xml#SyncMediation1"/>
    <elements href="assembly.xml#Aggregator"/>
  </swimlanes>
  <swimlanes x="1788" y="740" name="Vertical" orientation="VERTICAL">
    <elements href="assembly.xml#ForceBatch"/>
    <elements href="assembly.xml#Aggregator0"/>
  </swimlanes>
</wdnm:Diagram>
