<?xml version="1.0"?>
<!--
  FOP configuration file - custom fonts are registered here
  see apache FOP pages for more details:
  http://xmlgraphics.apache.org/fop/0.94/configuration.html
-->

<fop version="1.0">
  
  <!-- Information for specific renderers -->
  <!-- Uses renderer mime type for renderers -->
  <renderers>
    <renderer mime="application/pdf">
      <fonts>
        <font kerning="no" embed-url="Acens.ttf">
          <font-triplet name="Acens" style="normal" weight="normal"/>
        </font>
        <font kerning="no" embed-url="msgothic.ttf">
          <font-triplet name="MSGothic" style="normal" weight="normal"/>
        </font>
      </fonts>
    </renderer>

  </renderers>

</fop>

