<?xml version="1.0" encoding="UTF-8"?>
<wdnm:Diagram xmlns:wdnm="http://workday.com/studio/editors/notation">
  <element href="assembly.xml#WorkdayAssembly"/>
  <visualProperties x="239" y="178">
    <element href="assembly.xml#StartHere"/>
  </visualProperties>
  <visualProperties x="361" y="192">
    <element href="assembly.xml#AsyncMediation"/>
  </visualProperties>
  <visualProperties x="764" y="246">
    <element href="assembly.xml#HttpOut"/>
  </visualProperties>
  <visualProperties x="720" y="187">
    <element href="assembly.xml#AsyncMediation0"/>
  </visualProperties>
  <connections type="routesTo" sourceAnchorX="0.8348623853211009" sourceAnchorY="1.0" targetAnchorX="0.2047244094488189" targetAnchorY="0.5217391304347826">
    <source href="assembly.xml#StartHere"/>
    <target href="assembly.xml#AsyncMediation"/>
  </connections>
  <connections type="routesResponseTo" sourceAnchorX="0.5714285714285714" sourceAnchorY="1.0" targetAnchorX="0.5298507462686567" targetAnchorY="0.43617021276595747">
    <source href="assembly.xml#HttpOut"/>
    <target href="assembly.xml#AsyncMediation0"/>
  </connections>
  <connections type="routesTo" sourceAnchorX="1.0" sourceAnchorY="0.4148936170212766" targetAnchorX="0.3673469387755102" targetAnchorY="0.05405405405405406">
    <source href="assembly.xml#AsyncMediation"/>
    <target href="assembly.xml#HttpOut"/>
  </connections>
  <swimlanes x="218" y="21" name="Swimlane">
    <elements href="assembly.xml#StartHere"/>
    <elements href="assembly.xml#AsyncMediation"/>
    <elements href="assembly.xml#HttpOut"/>
    <elements href="assembly.xml#AsyncMediation0"/>
  </swimlanes>
</wdnm:Diagram>
