<?xml version="1.0" encoding="UTF-8"?>
<wdnm:Diagram xmlns:wdnm="http://workday.com/studio/editors/notation">
  <element href="assembly.xml#WorkdayAssembly"/>
  <visualProperties x="11" y="106">
    <element href="assembly.xml#StartHere"/>
  </visualProperties>
  <visualProperties x="188" y="87">
    <element href="assembly.xml#Initialization"/>
  </visualProperties>
  <visualProperties x="237" y="283">
    <element href="assembly.xml#WorkdayOutRest"/>
  </visualProperties>
  <visualProperties x="470" y="475">
    <element href="assembly.xml#AsyncMediation0"/>
  </visualProperties>
  <visualProperties x="441" y="254">
    <element href="assembly.xml#AsyncMediation101"/>
  </visualProperties>
  <visualProperties x="268" y="764">
    <element href="assembly.xml#WorkdayOutRest1"/>
  </visualProperties>
  <visualProperties x="856" y="727">
    <element href="assembly.xml#AsyncMediation11"/>
  </visualProperties>
  <visualProperties x="679" y="701">
    <element href="assembly.xml#Splitter1"/>
  </visualProperties>
  <visualProperties x="1345" y="700">
    <element href="assembly.xml#CallnextLevelCalcfieldusage1"/>
  </visualProperties>
  <visualProperties x="1860" y="590">
    <element href="assembly.xml#CallCustomreportusage1"/>
  </visualProperties>
  <visualProperties x="32" y="1063">
    <element href="assembly.xml#Customreportusage"/>
  </visualProperties>
  <visualProperties x="263" y="1063">
    <element href="assembly.xml#WorkdayOutRest10"/>
  </visualProperties>
  <visualProperties x="514" y="1028">
    <element href="assembly.xml#AsyncMediation300"/>
  </visualProperties>
  <visualProperties x="11" y="279">
    <element href="assembly.xml#DNUFieldUsage"/>
  </visualProperties>
  <visualProperties x="603" y="116">
    <element href="assembly.xml#CallDNUFieldUsage"/>
  </visualProperties>
  <visualProperties x="27" y="764">
    <element href="assembly.xml#Level1Calcfieldusage"/>
  </visualProperties>
  <visualProperties x="752" y="504">
    <element href="assembly.xml#CallLevel1Calcfieldusage"/>
  </visualProperties>
  <visualProperties x="1044" y="504">
    <element href="assembly.xml#CallCustomreportusage0"/>
  </visualProperties>
  <visualProperties x="956" y="1028">
    <element href="assembly.xml#OutputFile"/>
  </visualProperties>
  <visualProperties x="1119" y="1012">
    <element href="assembly.xml#AsyncMediation3000"/>
  </visualProperties>
  <visualProperties x="734" y="1057">
    <element href="assembly.xml#CallOutputFile"/>
  </visualProperties>
  <visualProperties x="1329" y="959">
    <element href="assembly.xml#Aggregator"/>
  </visualProperties>
  <visualProperties x="1515" y="962">
    <element href="assembly.xml#StoreAuditFile"/>
  </visualProperties>
  <visualProperties x="1351" y="991">
    <element href="assembly.xml#Closeaggregator"/>
  </visualProperties>
  <visualProperties x="840" y="116">
    <element href="assembly.xml#CallCloseaggregator"/>
  </visualProperties>
  <visualProperties x="276" y="80">
    <element href="assembly.xml#Callwriteheader"/>
  </visualProperties>
  <visualProperties x="948" y="942">
    <element href="assembly.xml#WriteHeader"/>
  </visualProperties>
  <visualProperties x="1115" y="902">
    <element href="assembly.xml#AsyncMediation30000"/>
  </visualProperties>
  <visualProperties x="268" y="441">
    <element href="assembly.xml#Splitter201"/>
  </visualProperties>
  <visualProperties x="27" y="504">
    <element href="assembly.xml#Level1processing"/>
  </visualProperties>
  <visualProperties x="1050" y="283">
    <element href="assembly.xml#CallLevel1processing"/>
  </visualProperties>
  <visualProperties x="672" y="230">
    <element href="assembly.xml#Splitter"/>
  </visualProperties>
  <visualProperties x="852" y="260">
    <element href="assembly.xml#AsyncMediation00"/>
  </visualProperties>
  <visualProperties x="479" y="727">
    <element href="assembly.xml#AsyncMediation1"/>
  </visualProperties>
  <visualProperties>
    <element href="assembly.xml#Level2Calcfieldusage"/>
  </visualProperties>
  <visualProperties>
    <element href="assembly.xml#WorkdayOutRest2"/>
  </visualProperties>
  <visualProperties>
    <element href="assembly.xml#AsyncMediation2"/>
  </visualProperties>
  <visualProperties>
    <element href="assembly.xml#Splitter2"/>
  </visualProperties>
  <visualProperties>
    <element href="assembly.xml#AsyncMediation21"/>
  </visualProperties>
  <visualProperties x="1099" y="1080">
    <element href="assembly.xml#CallnextLevelCalcfieldusage2"/>
  </visualProperties>
  <visualProperties x="1368" y="1080">
    <element href="assembly.xml#CallCustomreportusage2"/>
  </visualProperties>
  <visualProperties>
    <element href="assembly.xml#Level3Calcfieldusage"/>
  </visualProperties>
  <visualProperties>
    <element href="assembly.xml#WorkdayOutRest3"/>
  </visualProperties>
  <visualProperties>
    <element href="assembly.xml#AsyncMediation3"/>
  </visualProperties>
  <visualProperties>
    <element href="assembly.xml#Splitter3"/>
  </visualProperties>
  <visualProperties>
    <element href="assembly.xml#AsyncMediation31"/>
  </visualProperties>
  <visualProperties>
    <element href="assembly.xml#CallnextLevelCalcfieldusage3"/>
  </visualProperties>
  <visualProperties>
    <element href="assembly.xml#CallCustomreportusage3"/>
  </visualProperties>
  <visualProperties>
    <element href="assembly.xml#Level4Calcfieldusage"/>
  </visualProperties>
  <visualProperties>
    <element href="assembly.xml#WorkdayOutRest4"/>
  </visualProperties>
  <visualProperties>
    <element href="assembly.xml#AsyncMediation4"/>
  </visualProperties>
  <visualProperties>
    <element href="assembly.xml#Splitter4"/>
  </visualProperties>
  <visualProperties>
    <element href="assembly.xml#AsyncMediation41"/>
  </visualProperties>
  <visualProperties>
    <element href="assembly.xml#CallnextLevelCalcfieldusage4"/>
  </visualProperties>
  <visualProperties>
    <element href="assembly.xml#CallCustomreportusage4"/>
  </visualProperties>
  <visualProperties>
    <element href="assembly.xml#Level5Calcfieldusage"/>
  </visualProperties>
  <visualProperties>
    <element href="assembly.xml#WorkdayOutRest5"/>
  </visualProperties>
  <visualProperties>
    <element href="assembly.xml#AsyncMediation5"/>
  </visualProperties>
  <visualProperties>
    <element href="assembly.xml#Splitter5"/>
  </visualProperties>
  <visualProperties>
    <element href="assembly.xml#AsyncMediation51"/>
  </visualProperties>
  <visualProperties>
    <element href="assembly.xml#CallnextLevelCalcfieldusage5"/>
  </visualProperties>
  <visualProperties>
    <element href="assembly.xml#CallCustomreportusage5"/>
  </visualProperties>
  <visualProperties>
    <element href="assembly.xml#Level6Calcfieldusage"/>
  </visualProperties>
  <visualProperties>
    <element href="assembly.xml#WorkdayOutRest6"/>
  </visualProperties>
  <visualProperties>
    <element href="assembly.xml#AsyncMediation6"/>
  </visualProperties>
  <visualProperties>
    <element href="assembly.xml#Splitter6"/>
  </visualProperties>
  <visualProperties>
    <element href="assembly.xml#AsyncMediation61"/>
  </visualProperties>
  <visualProperties>
    <element href="assembly.xml#CallnextLevelCalcfieldusage6"/>
  </visualProperties>
  <visualProperties>
    <element href="assembly.xml#CallCustomreportusage6"/>
  </visualProperties>
  <visualProperties>
    <element href="assembly.xml#Level7Calcfieldusage"/>
  </visualProperties>
  <visualProperties>
    <element href="assembly.xml#WorkdayOutRest7"/>
  </visualProperties>
  <visualProperties>
    <element href="assembly.xml#AsyncMediation7"/>
  </visualProperties>
  <visualProperties>
    <element href="assembly.xml#Splitter7"/>
  </visualProperties>
  <visualProperties>
    <element href="assembly.xml#AsyncMediation71"/>
  </visualProperties>
  <visualProperties>
    <element href="assembly.xml#CallnextLevelCalcfieldusage7"/>
  </visualProperties>
  <visualProperties>
    <element href="assembly.xml#CallCustomreportusage7"/>
  </visualProperties>
  <visualProperties>
    <element href="assembly.xml#Level8Calcfieldusage"/>
  </visualProperties>
  <visualProperties>
    <element href="assembly.xml#WorkdayOutRest8"/>
  </visualProperties>
  <visualProperties>
    <element href="assembly.xml#AsyncMediation8"/>
  </visualProperties>
  <visualProperties>
    <element href="assembly.xml#Splitter8"/>
  </visualProperties>
  <visualProperties>
    <element href="assembly.xml#AsyncMediation81"/>
  </visualProperties>
  <visualProperties>
    <element href="assembly.xml#CallCustomreportusage8"/>
  </visualProperties>
  <visualProperties x="299" y="2286">
    <element href="assembly.xml#AsyncMediation05"/>
  </visualProperties>
  <visualProperties x="247" y="284">
    <element href="assembly.xml#AsyncMediation"/>
  </visualProperties>
  <visualProperties x="251" y="837">
    <element href="assembly.xml#AsyncMediation01"/>
  </visualProperties>
  <visualProperties x="271" y="1126">
    <element href="assembly.xml#AsyncMediation02"/>
  </visualProperties>
  <visualProperties x="293" y="1392">
    <element href="assembly.xml#AsyncMediation001"/>
  </visualProperties>
  <visualProperties x="279" y="1806">
    <element href="assembly.xml#AsyncMediation03"/>
  </visualProperties>
  <visualProperties x="284" y="2057">
    <element href="assembly.xml#AsyncMediation04"/>
  </visualProperties>
  <visualProperties x="279" y="2576">
    <element href="assembly.xml#AsyncMediation06"/>
  </visualProperties>
  <visualProperties x="296" y="2848">
    <element href="assembly.xml#AsyncMediation07"/>
  </visualProperties>
  <visualProperties x="283" y="3094">
    <element href="assembly.xml#AsyncMediation08"/>
  </visualProperties>
  <visualProperties x="361" y="502">
    <element href="assembly.xml#PutIntegrationMessage"/>
  </visualProperties>
  <visualProperties x="1171" y="648">
    <element href="assembly.xml#PutIntegrationMessage0"/>
  </visualProperties>
  <visualProperties x="527" y="3069">
    <element href="assembly.xml#PutIntegrationMessage08"/>
  </visualProperties>
  <visualProperties x="487" y="3071">
    <element href="assembly.xml#PutIntegrationMessage07"/>
  </visualProperties>
  <visualProperties x="420" y="2765">
    <element href="assembly.xml#PutIntegrationMessage06"/>
  </visualProperties>
  <visualProperties x="394" y="2546">
    <element href="assembly.xml#PutIntegrationMessage05"/>
  </visualProperties>
  <visualProperties x="396" y="2264">
    <element href="assembly.xml#PutIntegrationMessage04"/>
  </visualProperties>
  <visualProperties x="405" y="1981">
    <element href="assembly.xml#PutIntegrationMessage03"/>
  </visualProperties>
  <visualProperties x="442" y="1715">
    <element href="assembly.xml#PutIntegrationMessage001"/>
  </visualProperties>
  <visualProperties x="432" y="1387">
    <element href="assembly.xml#PutIntegrationMessage02"/>
  </visualProperties>
  <visualProperties x="469" y="1082">
    <element href="assembly.xml#PutIntegrationMessage01"/>
  </visualProperties>
  <visualProperties x="382" y="299">
    <element href="assembly.xml#PutIntegrationMessageInit"/>
  </visualProperties>
  <visualProperties x="1146" y="1775">
    <element href="assembly.xml#AsyncMediation9"/>
  </visualProperties>
  <visualProperties x="787" y="1654">
    <element href="assembly.xml#Splitter20"/>
  </visualProperties>
  <visualProperties x="1593" y="806">
    <element href="assembly.xml#CallOutputFile01"/>
  </visualProperties>
  <visualProperties x="2027" y="747">
    <element href="assembly.xml#Hashsetwrite0"/>
  </visualProperties>
  <visualProperties>
    <element href="assembly.xml#Integrationsys0"/>
  </visualProperties>
  <visualProperties>
    <element href="assembly.xml#Integrationsys1"/>
  </visualProperties>
  <visualProperties x="2390" y="903">
    <element href="assembly.xml#CallOutputFile11"/>
  </visualProperties>
  <visualProperties x="2577" y="873">
    <element href="assembly.xml#Hashsetwrite1"/>
  </visualProperties>
  <visualProperties>
    <element href="assembly.xml#Integrationsys2"/>
  </visualProperties>
  <visualProperties x="2187" y="1410">
    <element href="assembly.xml#CallOutputFile12"/>
  </visualProperties>
  <visualProperties x="2381" y="1380">
    <element href="assembly.xml#Hashsetwrite2"/>
  </visualProperties>
  <visualProperties>
    <element href="assembly.xml#Integrationsys3"/>
  </visualProperties>
  <visualProperties x="2344" y="2202">
    <element href="assembly.xml#CallOutputFile13"/>
  </visualProperties>
  <visualProperties x="2538" y="2172">
    <element href="assembly.xml#Hashsetwrite3"/>
  </visualProperties>
  <visualProperties>
    <element href="assembly.xml#Integrationsys4"/>
  </visualProperties>
  <visualProperties x="2269" y="2445">
    <element href="assembly.xml#CallOutputFile4"/>
  </visualProperties>
  <visualProperties x="2463" y="2415">
    <element href="assembly.xml#Hashsetwrite4"/>
  </visualProperties>
  <visualProperties>
    <element href="assembly.xml#Integrationsys5"/>
  </visualProperties>
  <visualProperties x="2245" y="2963">
    <element href="assembly.xml#CallOutputFile5"/>
  </visualProperties>
  <visualProperties x="2439" y="2933">
    <element href="assembly.xml#Hashsetwrite5"/>
  </visualProperties>
  <visualProperties>
    <element href="assembly.xml#Integrationsys6"/>
  </visualProperties>
  <visualProperties x="2186" y="3170">
    <element href="assembly.xml#CallOutputFile16"/>
  </visualProperties>
  <visualProperties x="2380" y="3140">
    <element href="assembly.xml#Hashsetwrite6"/>
  </visualProperties>
  <visualProperties>
    <element href="assembly.xml#Integrationsys7"/>
  </visualProperties>
  <visualProperties x="2378" y="3577">
    <element href="assembly.xml#CallOutputFile17"/>
  </visualProperties>
  <visualProperties x="2572" y="3547">
    <element href="assembly.xml#Hashsetwrite7"/>
  </visualProperties>
  <visualProperties>
    <element href="assembly.xml#Integrationsys8"/>
  </visualProperties>
  <visualProperties x="2143" y="3888">
    <element href="assembly.xml#CallOutputFile18"/>
  </visualProperties>
  <visualProperties x="2337" y="3858">
    <element href="assembly.xml#Hashsetwrite8"/>
  </visualProperties>
  <connections type="routesTo">
    <source href="assembly.xml#StartHere"/>
    <target href="assembly.xml#Initialization"/>
  </connections>
  <connections type="routesResponseTo">
    <source href="assembly.xml#WorkdayOutRest"/>
    <target href="assembly.xml#AsyncMediation101"/>
  </connections>
  <connections type="routesResponseTo" sourceAnchorX="1.0" sourceAnchorY="0.40540540540540543" targetAnchorX="0.16818181818181818" targetAnchorY="0.7567567567567568">
    <source href="assembly.xml#CallLevel1Calcfieldusage"/>
    <target href="assembly.xml#CallCustomreportusage0"/>
  </connections>
  <connections type="routesTo" sourceAnchorX="1.0" sourceAnchorY="0.32432432432432434" targetAnchorX="0.20270270270270271" targetAnchorY="0.21875">
    <source href="assembly.xml#OutputFile"/>
    <target href="assembly.xml#AsyncMediation3000"/>
  </connections>
  <connections type="routesTo" sourceAnchorX="1.0" sourceAnchorY="0.1875" targetAnchorX="0.22784810126582278" targetAnchorY="0.7297297297297297">
    <source href="assembly.xml#AsyncMediation300"/>
    <target href="assembly.xml#CallOutputFile"/>
  </connections>
  <connections type="routesTo" sourceAnchorX="1.0" sourceAnchorY="0.19791666666666666" targetAnchorX="0.11724137931034483" targetAnchorY="0.4339622641509434">
    <source href="assembly.xml#AsyncMediation3000"/>
    <target href="assembly.xml#Aggregator"/>
  </connections>
  <connections type="routesTo" sourceAnchorX="1.0" sourceAnchorY="0.20754716981132076" targetAnchorX="0.16666666666666666" targetAnchorY="0.4645669291338583">
    <source href="assembly.xml#Aggregator"/>
    <target href="assembly.xml#StoreAuditFile"/>
  </connections>
  <connections type="routesTo" sourceAnchorX="0.5878787878787879" sourceAnchorY="1.0" targetAnchorX="0.5793103448275863" targetAnchorY="0.9245283018867925">
    <source href="assembly.xml#Closeaggregator"/>
    <target href="assembly.xml#Aggregator"/>
  </connections>
  <connections type="routesResponseTo" sourceAnchorX="1.0" sourceAnchorY="0.32432432432432434" targetAnchorX="0.18333333333333332" targetAnchorY="0.6756756756756757">
    <source href="assembly.xml#CallDNUFieldUsage"/>
    <target href="assembly.xml#CallCloseaggregator"/>
  </connections>
  <connections type="routesResponseTo" sourceAnchorX="0.898989898989899" sourceAnchorY="1.0" targetAnchorX="0.10215053763440861" targetAnchorY="0.5945945945945946">
    <source href="assembly.xml#Callwriteheader"/>
    <target href="assembly.xml#CallDNUFieldUsage"/>
  </connections>
  <connections type="routesTo" sourceAnchorX="1.0" sourceAnchorY="0.32432432432432434" targetAnchorX="0.20218579234972678" targetAnchorY="0.8125">
    <source href="assembly.xml#WriteHeader"/>
    <target href="assembly.xml#AsyncMediation30000"/>
  </connections>
  <connections type="routesTo" sourceAnchorX="1.0" sourceAnchorY="0.125" targetAnchorX="0.07692307692307693" targetAnchorY="0.22641509433962265">
    <source href="assembly.xml#AsyncMediation30000"/>
    <target href="assembly.xml#Aggregator"/>
  </connections>
  <connections type="routesTo" sourceAnchorX="1.0" sourceAnchorY="0.2916666666666667" targetAnchorX="0.0949367088607595" targetAnchorY="0.6756756756756757">
    <source href="assembly.xml#Initialization"/>
    <target href="assembly.xml#Callwriteheader"/>
  </connections>
  <connections type="routesTo" sourceAnchorX="1.0" sourceAnchorY="0.4117647058823529" targetAnchorX="0.17218543046357615" targetAnchorY="0.4479166666666667">
    <source href="assembly.xml#//@beans/@mixed.1/@splitter.1/@subRoute.0"/>
    <target href="assembly.xml#AsyncMediation0"/>
  </connections>
  <connections type="routesTo" sourceAnchorX="1.0" sourceAnchorY="0.4117647058823529" targetAnchorX="0.16352201257861634" targetAnchorY="0.5833333333333334">
    <source href="assembly.xml#//@beans/@mixed.1/@splitter.2/@subRoute.0"/>
    <target href="assembly.xml#AsyncMediation00"/>
  </connections>
  <connections type="routesTo" sourceAnchorX="1.0" sourceAnchorY="0.2708333333333333" targetAnchorX="0.21367521367521367" targetAnchorY="0.7073170731707317">
    <source href="assembly.xml#AsyncMediation101"/>
    <target href="assembly.xml#Splitter"/>
  </connections>
  <connections type="routesTo" sourceAnchorX="1.0" sourceAnchorY="0.1875" targetAnchorX="0.12244897959183673" targetAnchorY="0.5945945945945946">
    <source href="assembly.xml#AsyncMediation00"/>
    <target href="assembly.xml#CallLevel1processing"/>
  </connections>
  <connections type="routesTo" sourceAnchorX="1.0" sourceAnchorY="0.5675675675675675" targetAnchorX="0.2564102564102564" targetAnchorY="0.3780487804878049">
    <source href="assembly.xml#Level1processing"/>
    <target href="assembly.xml#Splitter201"/>
  </connections>
  <connections type="routesTo" sourceAnchorX="1.0" sourceAnchorY="0.5588235294117647" targetAnchorX="0.0728476821192053" targetAnchorY="0.4583333333333333">
    <source href="assembly.xml#//@beans/@mixed.1/@splitter.0/@subRoute.0"/>
    <target href="assembly.xml#AsyncMediation11"/>
  </connections>
  <connections type="routesTo" sourceAnchorX="1.0" sourceAnchorY="0.16666666666666666" targetAnchorX="0.05454545454545454" targetAnchorY="0.32432432432432434">
    <source href="assembly.xml#AsyncMediation0"/>
    <target href="assembly.xml#CallLevel1Calcfieldusage"/>
  </connections>
  <connections type="routesTo" sourceAnchorX="1.0" sourceAnchorY="0.20833333333333334" targetAnchorX="0.1111111111111111" targetAnchorY="0.47560975609756095">
    <source href="assembly.xml#AsyncMediation1"/>
    <target href="assembly.xml#Splitter1"/>
  </connections>
  <connections type="routesResponseTo" sourceAnchorX="0.7191011235955056" sourceAnchorY="1.0" targetAnchorX="0.10062893081761007">
    <source href="assembly.xml#WorkdayOutRest1"/>
    <target href="assembly.xml#AsyncMediation1"/>
  </connections>
  <connections type="routesResponseTo" sourceAnchorX="0.7191011235955056" sourceAnchorY="1.0" targetAnchorX="0.10062893081761007">
    <source href="assembly.xml#WorkdayOutRest2"/>
    <target href="assembly.xml#AsyncMediation2"/>
  </connections>
  <connections type="routesTo" sourceAnchorX="1.0" sourceAnchorY="0.20833333333333334" targetAnchorX="0.1111111111111111" targetAnchorY="0.47560975609756095">
    <source href="assembly.xml#AsyncMediation2"/>
    <target href="assembly.xml#Splitter2"/>
  </connections>
  <connections type="routesTo" sourceAnchorX="1.0" sourceAnchorY="0.5588235294117647" targetAnchorX="0.0728476821192053" targetAnchorY="0.4583333333333333">
    <source href="assembly.xml#//@beans/@mixed.1/@splitter.3/@subRoute.0"/>
    <target href="assembly.xml#AsyncMediation21"/>
  </connections>
  <connections type="routesTo" sourceAnchorX="1.0" sourceAnchorY="0.3020833333333333" targetAnchorX="0.09623430962343096" targetAnchorY="0.4864864864864865">
    <source href="assembly.xml#AsyncMediation11"/>
    <target href="assembly.xml#CallnextLevelCalcfieldusage1"/>
  </connections>
  <connections type="routesResponseTo" sourceAnchorX="0.0" sourceAnchorY="0.5405405405405406" targetAnchorX="0.8464912280701754" targetAnchorY="0.35135135135135137">
    <source href="assembly.xml#CallnextLevelCalcfieldusage2"/>
    <target href="assembly.xml#CallCustomreportusage2"/>
  </connections>
  <connections type="routesTo" sourceAnchorX="1.0" sourceAnchorY="0.25" targetAnchorX="0.07692307692307693" targetAnchorY="0.4594594594594595">
    <source href="assembly.xml#AsyncMediation21"/>
    <target href="assembly.xml#CallnextLevelCalcfieldusage2"/>
  </connections>
  <connections type="routesResponseTo" sourceAnchorX="0.7191011235955056" sourceAnchorY="1.0" targetAnchorX="0.10062893081761007">
    <source href="assembly.xml#WorkdayOutRest3"/>
    <target href="assembly.xml#AsyncMediation3"/>
  </connections>
  <connections type="routesTo" sourceAnchorX="1.0" sourceAnchorY="0.20833333333333334" targetAnchorX="0.1111111111111111" targetAnchorY="0.47560975609756095">
    <source href="assembly.xml#AsyncMediation3"/>
    <target href="assembly.xml#Splitter3"/>
  </connections>
  <connections type="routesTo" sourceAnchorX="1.0" sourceAnchorY="0.5588235294117647" targetAnchorX="0.0728476821192053" targetAnchorY="0.4583333333333333">
    <source href="assembly.xml#//@beans/@mixed.1/@splitter.4/@subRoute.0"/>
    <target href="assembly.xml#AsyncMediation31"/>
  </connections>
  <connections type="routesTo" sourceAnchorX="1.0" sourceAnchorY="0.25" targetAnchorX="0.07692307692307693" targetAnchorY="0.4594594594594595">
    <source href="assembly.xml#AsyncMediation31"/>
    <target href="assembly.xml#CallnextLevelCalcfieldusage3"/>
  </connections>
  <connections type="routesResponseTo" sourceAnchorX="0.0" sourceAnchorY="0.5405405405405406" targetAnchorX="0.8464912280701754" targetAnchorY="0.35135135135135137">
    <source href="assembly.xml#CallnextLevelCalcfieldusage3"/>
    <target href="assembly.xml#CallCustomreportusage3"/>
  </connections>
  <connections type="routesResponseTo" sourceAnchorX="0.7191011235955056" sourceAnchorY="1.0" targetAnchorX="0.10062893081761007">
    <source href="assembly.xml#WorkdayOutRest4"/>
    <target href="assembly.xml#AsyncMediation4"/>
  </connections>
  <connections type="routesTo" sourceAnchorX="1.0" sourceAnchorY="0.20833333333333334" targetAnchorX="0.1111111111111111" targetAnchorY="0.47560975609756095">
    <source href="assembly.xml#AsyncMediation4"/>
    <target href="assembly.xml#Splitter4"/>
  </connections>
  <connections type="routesTo" sourceAnchorX="1.0" sourceAnchorY="0.5588235294117647" targetAnchorX="0.0728476821192053" targetAnchorY="0.4583333333333333">
    <source href="assembly.xml#//@beans/@mixed.1/@splitter.5/@subRoute.0"/>
    <target href="assembly.xml#AsyncMediation41"/>
  </connections>
  <connections type="routesTo" sourceAnchorX="1.0" sourceAnchorY="0.25" targetAnchorX="0.07692307692307693" targetAnchorY="0.4594594594594595">
    <source href="assembly.xml#AsyncMediation41"/>
    <target href="assembly.xml#CallnextLevelCalcfieldusage4"/>
  </connections>
  <connections type="routesResponseTo" sourceAnchorX="0.0" sourceAnchorY="0.5405405405405406" targetAnchorX="0.8464912280701754" targetAnchorY="0.35135135135135137">
    <source href="assembly.xml#CallnextLevelCalcfieldusage4"/>
    <target href="assembly.xml#CallCustomreportusage4"/>
  </connections>
  <connections type="routesResponseTo" sourceAnchorX="0.7191011235955056" sourceAnchorY="1.0" targetAnchorX="0.10062893081761007">
    <source href="assembly.xml#WorkdayOutRest5"/>
    <target href="assembly.xml#AsyncMediation5"/>
  </connections>
  <connections type="routesTo" sourceAnchorX="1.0" sourceAnchorY="0.20833333333333334" targetAnchorX="0.1111111111111111" targetAnchorY="0.47560975609756095">
    <source href="assembly.xml#AsyncMediation5"/>
    <target href="assembly.xml#Splitter5"/>
  </connections>
  <connections type="routesTo" sourceAnchorX="1.0" sourceAnchorY="0.5588235294117647" targetAnchorX="0.0728476821192053" targetAnchorY="0.4583333333333333">
    <source href="assembly.xml#//@beans/@mixed.1/@splitter.6/@subRoute.0"/>
    <target href="assembly.xml#AsyncMediation51"/>
  </connections>
  <connections type="routesResponseTo" sourceAnchorX="0.0" sourceAnchorY="0.5405405405405406" targetAnchorX="0.8464912280701754" targetAnchorY="0.35135135135135137">
    <source href="assembly.xml#CallnextLevelCalcfieldusage5"/>
    <target href="assembly.xml#CallCustomreportusage5"/>
  </connections>
  <connections type="routesResponseTo" sourceAnchorX="0.7191011235955056" sourceAnchorY="1.0" targetAnchorX="0.10062893081761007">
    <source href="assembly.xml#WorkdayOutRest6"/>
    <target href="assembly.xml#AsyncMediation6"/>
  </connections>
  <connections type="routesTo" sourceAnchorX="1.0" sourceAnchorY="0.20833333333333334" targetAnchorX="0.1111111111111111" targetAnchorY="0.47560975609756095">
    <source href="assembly.xml#AsyncMediation6"/>
    <target href="assembly.xml#Splitter6"/>
  </connections>
  <connections type="routesTo" sourceAnchorX="1.0" sourceAnchorY="0.5588235294117647" targetAnchorX="0.0728476821192053" targetAnchorY="0.4583333333333333">
    <source href="assembly.xml#//@beans/@mixed.1/@splitter.7/@subRoute.0"/>
    <target href="assembly.xml#AsyncMediation61"/>
  </connections>
  <connections type="routesResponseTo" sourceAnchorX="0.0" sourceAnchorY="0.5405405405405406" targetAnchorX="0.8464912280701754" targetAnchorY="0.35135135135135137">
    <source href="assembly.xml#CallnextLevelCalcfieldusage6"/>
    <target href="assembly.xml#CallCustomreportusage6"/>
  </connections>
  <connections type="routesTo" sourceAnchorX="1.0" sourceAnchorY="0.1875" targetAnchorX="0.04059040590405904" targetAnchorY="0.5675675675675675">
    <source href="assembly.xml#AsyncMediation51"/>
    <target href="assembly.xml#CallnextLevelCalcfieldusage5"/>
  </connections>
  <connections type="routesTo" sourceAnchorX="1.0" sourceAnchorY="0.2604166666666667" targetAnchorX="0.03942652329749104" targetAnchorY="0.5945945945945946">
    <source href="assembly.xml#AsyncMediation61"/>
    <target href="assembly.xml#CallnextLevelCalcfieldusage6"/>
  </connections>
  <connections type="routesResponseTo" sourceAnchorX="0.7191011235955056" sourceAnchorY="1.0" targetAnchorX="0.10062893081761007">
    <source href="assembly.xml#WorkdayOutRest7"/>
    <target href="assembly.xml#AsyncMediation7"/>
  </connections>
  <connections type="routesTo" sourceAnchorX="1.0" sourceAnchorY="0.20833333333333334" targetAnchorX="0.1111111111111111" targetAnchorY="0.47560975609756095">
    <source href="assembly.xml#AsyncMediation7"/>
    <target href="assembly.xml#Splitter7"/>
  </connections>
  <connections type="routesTo" sourceAnchorX="1.0" sourceAnchorY="0.5588235294117647" targetAnchorX="0.0728476821192053" targetAnchorY="0.4583333333333333">
    <source href="assembly.xml#//@beans/@mixed.1/@splitter.8/@subRoute.0"/>
    <target href="assembly.xml#AsyncMediation71"/>
  </connections>
  <connections type="routesTo" sourceAnchorX="1.0" sourceAnchorY="0.2604166666666667" targetAnchorX="0.03942652329749104" targetAnchorY="0.5945945945945946">
    <source href="assembly.xml#AsyncMediation71"/>
    <target href="assembly.xml#CallnextLevelCalcfieldusage7"/>
  </connections>
  <connections type="routesResponseTo" sourceAnchorX="0.0" sourceAnchorY="0.5405405405405406" targetAnchorX="0.8464912280701754" targetAnchorY="0.35135135135135137">
    <source href="assembly.xml#CallnextLevelCalcfieldusage7"/>
    <target href="assembly.xml#CallCustomreportusage7"/>
  </connections>
  <connections type="routesResponseTo" sourceAnchorX="0.7191011235955056" sourceAnchorY="1.0" targetAnchorX="0.10062893081761007">
    <source href="assembly.xml#WorkdayOutRest8"/>
    <target href="assembly.xml#AsyncMediation8"/>
  </connections>
  <connections type="routesTo" sourceAnchorX="1.0" sourceAnchorY="0.20833333333333334" targetAnchorX="0.1111111111111111" targetAnchorY="0.47560975609756095">
    <source href="assembly.xml#AsyncMediation8"/>
    <target href="assembly.xml#Splitter8"/>
  </connections>
  <connections type="routesTo" sourceAnchorX="1.0" sourceAnchorY="0.5588235294117647" targetAnchorX="0.0728476821192053" targetAnchorY="0.4583333333333333">
    <source href="assembly.xml#//@beans/@mixed.1/@splitter.9/@subRoute.0"/>
    <target href="assembly.xml#AsyncMediation81"/>
  </connections>
  <connections type="routesResponseTo" sourceAnchorX="1.0" sourceAnchorY="0.32432432432432434" targetAnchorX="0.08181818181818182" targetAnchorY="0.5135135135135135">
    <source href="assembly.xml#CallnextLevelCalcfieldusage1"/>
    <target href="assembly.xml#CallCustomreportusage1"/>
  </connections>
  <connections type="routesTo" sourceAnchorX="1.0" sourceAnchorY="0.09375" targetAnchorX="0.07272727272727272" targetAnchorY="0.7027027027027027">
    <source href="assembly.xml#AsyncMediation81"/>
    <target href="assembly.xml#CallCustomreportusage8"/>
  </connections>
  <connections type="routesTo" sourceAnchorX="1.0" sourceAnchorY="0.2972972972972973" targetAnchorX="0.08391608391608392" targetAnchorY="0.5543478260869565">
    <source href="assembly.xml#DNUFieldUsage"/>
    <target href="assembly.xml#AsyncMediation"/>
  </connections>
  <connections type="routesTo" sourceAnchorX="1.0" sourceAnchorY="0.3804347826086957" targetAnchorX="0.08823529411764706" targetAnchorY="0.4864864864864865">
    <source href="assembly.xml#AsyncMediation"/>
    <target href="assembly.xml#WorkdayOutRest"/>
  </connections>
  <connections type="routesTo" sourceAnchorX="1.0" sourceAnchorY="0.35135135135135137" targetAnchorX="0.07547169811320754" targetAnchorY="0.6195652173913043">
    <source href="assembly.xml#Level1Calcfieldusage"/>
    <target href="assembly.xml#AsyncMediation01"/>
  </connections>
  <connections type="routesTo" sourceAnchorX="1.0" sourceAnchorY="0.17391304347826086" targetAnchorX="0.08426966292134831" targetAnchorY="0.6756756756756757">
    <source href="assembly.xml#AsyncMediation01"/>
    <target href="assembly.xml#WorkdayOutRest1"/>
  </connections>
  <connections type="routesTo" sourceAnchorX="1.0" sourceAnchorY="0.35135135135135137" targetAnchorX="0.18867924528301888" targetAnchorY="0.6739130434782609">
    <source href="assembly.xml#Level2Calcfieldusage"/>
    <target href="assembly.xml#AsyncMediation02"/>
  </connections>
  <connections type="routesTo" sourceAnchorX="1.0" sourceAnchorY="0.16304347826086957" targetAnchorX="0.06179775280898876" targetAnchorY="0.6486486486486487">
    <source href="assembly.xml#AsyncMediation02"/>
    <target href="assembly.xml#WorkdayOutRest2"/>
  </connections>
  <connections type="routesTo" sourceAnchorX="1.0" sourceAnchorY="0.35135135135135137" targetAnchorX="0.2275449101796407" targetAnchorY="0.34782608695652173">
    <source href="assembly.xml#Customreportusage"/>
    <target href="assembly.xml#AsyncMediation001"/>
  </connections>
  <connections type="routesTo" sourceAnchorX="1.0" sourceAnchorY="0.13043478260869565" targetAnchorX="0.04838709677419355" targetAnchorY="0.4594594594594595">
    <source href="assembly.xml#AsyncMediation001"/>
    <target href="assembly.xml#WorkdayOutRest10"/>
  </connections>
  <connections type="routesTo" sourceAnchorX="1.0" sourceAnchorY="0.24324324324324326" targetAnchorX="0.20754716981132076" targetAnchorY="0.6413043478260869">
    <source href="assembly.xml#Level3Calcfieldusage"/>
    <target href="assembly.xml#AsyncMediation03"/>
  </connections>
  <connections type="routesTo" sourceAnchorX="1.0" sourceAnchorY="0.2826086956521739" targetAnchorX="0.1404494382022472" targetAnchorY="0.7027027027027027">
    <source href="assembly.xml#AsyncMediation03"/>
    <target href="assembly.xml#WorkdayOutRest3"/>
  </connections>
  <connections type="routesTo" sourceAnchorX="1.0" sourceAnchorY="0.5405405405405406" targetAnchorX="0.1069182389937107" targetAnchorY="0.7934782608695652">
    <source href="assembly.xml#Level4Calcfieldusage"/>
    <target href="assembly.xml#AsyncMediation04"/>
  </connections>
  <connections type="routesTo" sourceAnchorX="1.0" sourceAnchorY="0.20652173913043478" targetAnchorX="0.056179775280898875" targetAnchorY="0.5675675675675675">
    <source href="assembly.xml#AsyncMediation04"/>
    <target href="assembly.xml#WorkdayOutRest4"/>
  </connections>
  <connections type="routesTo" sourceAnchorX="1.0" sourceAnchorY="0.40540540540540543" targetAnchorX="0.14465408805031446" targetAnchorY="0.6739130434782609">
    <source href="assembly.xml#Level5Calcfieldusage"/>
    <target href="assembly.xml#AsyncMediation05"/>
  </connections>
  <connections type="routesTo" sourceAnchorX="1.0" sourceAnchorY="0.13043478260869565" targetAnchorX="0.0449438202247191" targetAnchorY="0.5675675675675675">
    <source href="assembly.xml#AsyncMediation05"/>
    <target href="assembly.xml#WorkdayOutRest5"/>
  </connections>
  <connections type="routesTo" sourceAnchorX="1.0" sourceAnchorY="0.5945945945945946" targetAnchorX="0.39622641509433965" targetAnchorY="0.6413043478260869">
    <source href="assembly.xml#Level6Calcfieldusage"/>
    <target href="assembly.xml#AsyncMediation06"/>
  </connections>
  <connections type="routesTo" sourceAnchorX="1.0" sourceAnchorY="0.14130434782608695" targetAnchorX="0.07865168539325842" targetAnchorY="0.6216216216216216">
    <source href="assembly.xml#AsyncMediation06"/>
    <target href="assembly.xml#WorkdayOutRest6"/>
  </connections>
  <connections type="routesTo" sourceAnchorX="1.0" sourceAnchorY="0.4594594594594595" targetAnchorX="0.24528301886792453" targetAnchorY="0.7065217391304348">
    <source href="assembly.xml#Level7Calcfieldusage"/>
    <target href="assembly.xml#AsyncMediation07"/>
  </connections>
  <connections type="routesTo" sourceAnchorX="1.0" sourceAnchorY="0.16304347826086957" targetAnchorX="0.08426966292134831" targetAnchorY="0.5675675675675675">
    <source href="assembly.xml#AsyncMediation07"/>
    <target href="assembly.xml#WorkdayOutRest7"/>
  </connections>
  <connections type="routesTo" sourceAnchorX="1.0" sourceAnchorY="0.5135135135135135" targetAnchorX="0.3522012578616352" targetAnchorY="0.6956521739130435">
    <source href="assembly.xml#Level8Calcfieldusage"/>
    <target href="assembly.xml#AsyncMediation08"/>
  </connections>
  <connections type="routesTo" sourceAnchorX="1.0" sourceAnchorY="0.1956521739130435" targetAnchorX="0.056179775280898875" targetAnchorY="0.6756756756756757">
    <source href="assembly.xml#AsyncMediation08"/>
    <target href="assembly.xml#WorkdayOutRest8"/>
  </connections>
  <connections type="routesTo" sourceAnchorX="0.6323529411764706" sourceAnchorY="1.0" targetAnchorX="0.526829268292683" targetAnchorY="0.5135135135135135">
    <source href="assembly.xml#//@beans/@mixed.1/@mixed.167/@mixed.3"/>
    <target href="assembly.xml#PutIntegrationMessage"/>
  </connections>
  <connections type="routesTo" sourceAnchorX="0.7430555555555556" sourceAnchorY="1.0" targetAnchorX="0.5305164319248826" targetAnchorY="0.4864864864864865">
    <source href="assembly.xml#//@beans/@mixed.1/@mixed.7/@mixed.3"/>
    <target href="assembly.xml#PutIntegrationMessage0"/>
  </connections>
  <connections type="routesTo" sourceAnchorX="0.5855263157894737" sourceAnchorY="1.0" targetAnchorX="0.4117647058823529" targetAnchorY="0.6486486486486487">
    <source href="assembly.xml#//@beans/@mixed.1/@mixed.183/@mixed.3"/>
    <target href="assembly.xml#PutIntegrationMessage08"/>
  </connections>
  <connections type="routesTo" sourceAnchorX="0.6381578947368421" sourceAnchorY="1.0" targetAnchorX="0.4660633484162896" targetAnchorY="0.5405405405405406">
    <source href="assembly.xml#//@beans/@mixed.1/@mixed.181/@mixed.3"/>
    <target href="assembly.xml#PutIntegrationMessage07"/>
  </connections>
  <connections type="routesTo" sourceAnchorX="0.4473684210526316" sourceAnchorY="1.0" targetAnchorX="0.33031674208144796" targetAnchorY="0.6486486486486487">
    <source href="assembly.xml#//@beans/@mixed.1/@mixed.179/@mixed.3"/>
    <target href="assembly.xml#PutIntegrationMessage06"/>
  </connections>
  <connections type="routesTo" sourceAnchorX="0.5328947368421053" sourceAnchorY="1.0" targetAnchorX="0.3936651583710407" targetAnchorY="0.8378378378378378">
    <source href="assembly.xml#//@beans/@mixed.1/@mixed.165/@mixed.3"/>
    <target href="assembly.xml#PutIntegrationMessage05"/>
  </connections>
  <connections type="routesTo" sourceAnchorX="0.5460526315789473" sourceAnchorY="1.0" targetAnchorX="0.38009049773755654" targetAnchorY="0.8378378378378378">
    <source href="assembly.xml#//@beans/@mixed.1/@mixed.177/@mixed.3"/>
    <target href="assembly.xml#PutIntegrationMessage04"/>
  </connections>
  <connections type="routesTo" sourceAnchorX="0.6118421052631579" sourceAnchorY="1.0" targetAnchorX="0.4479638009049774" targetAnchorY="0.7837837837837838">
    <source href="assembly.xml#//@beans/@mixed.1/@mixed.175/@mixed.3"/>
    <target href="assembly.xml#PutIntegrationMessage03"/>
  </connections>
  <connections type="routesTo" sourceAnchorY="1.0" targetAnchorX="0.3891402714932127" targetAnchorY="0.5405405405405406">
    <source href="assembly.xml#//@beans/@mixed.1/@mixed.173/@mixed.3"/>
    <target href="assembly.xml#PutIntegrationMessage001"/>
  </connections>
  <connections type="routesTo" sourceAnchorX="0.4934210526315789" sourceAnchorY="1.0" targetAnchorX="0.37104072398190047" targetAnchorY="0.972972972972973">
    <source href="assembly.xml#//@beans/@mixed.1/@mixed.171/@mixed.3"/>
    <target href="assembly.xml#PutIntegrationMessage02"/>
  </connections>
  <connections type="routesTo" sourceAnchorX="0.6644736842105263" sourceAnchorY="1.0" targetAnchorX="0.48868778280542985" targetAnchorY="0.7567567567567568">
    <source href="assembly.xml#//@beans/@mixed.1/@mixed.169/@mixed.3"/>
    <target href="assembly.xml#PutIntegrationMessage01"/>
  </connections>
  <connections type="routesTo" sourceAnchorX="0.6782608695652174" sourceAnchorY="1.0" targetAnchorX="0.3936651583710407" targetAnchorY="0.6756756756756757">
    <source href="assembly.xml#//@beans/@mixed.1/@mixed.3/@mixed.3"/>
    <target href="assembly.xml#PutIntegrationMessageInit"/>
  </connections>
  <connections type="routesResponseTo" sourceAnchorX="1.0" sourceAnchorY="0.40540540540540543" targetAnchorX="0.1390728476821192" targetAnchorY="0.5217391304347826">
    <source href="assembly.xml#CallOutputFile"/>
    <target href="assembly.xml#AsyncMediation9"/>
  </connections>
  <connections type="routesResponseTo" sourceAnchorX="1.0" sourceAnchorY="0.4864864864864865" targetAnchorX="0.13675213675213677" targetAnchorY="0.6829268292682927">
    <source href="assembly.xml#WorkdayOutRest10"/>
    <target href="assembly.xml#Splitter20"/>
  </connections>
  <connections type="routesTo" sourceAnchorX="1.0" sourceAnchorY="0.4411764705882353" targetAnchorX="0.17964071856287425" targetAnchorY="0.5416666666666666">
    <source href="assembly.xml#//@beans/@mixed.1/@splitter.10/@subRoute.0"/>
    <target href="assembly.xml#AsyncMediation300"/>
  </connections>
  <connections type="routesResponseTo" sourceAnchorX="1.0" sourceAnchorY="0.40540540540540543" targetAnchorX="0.1390728476821192" targetAnchorY="0.5217391304347826">
    <source href="assembly.xml#CallOutputFile01"/>
    <target href="assembly.xml#Hashsetwrite0"/>
  </connections>
  <connections type="routesResponseTo" sourceAnchorX="1.0" sourceAnchorY="0.40540540540540543" targetAnchorX="0.14285714285714285" targetAnchorY="0.59375">
    <source href="assembly.xml#CallCustomreportusage0"/>
    <target href="assembly.xml#Integrationsys0"/>
  </connections>
  <connections type="routesTo" sourceAnchorX="1.0" sourceAnchorY="0.22916666666666666" targetAnchorX="0.37579617834394907" targetAnchorY="0.972972972972973">
    <source href="assembly.xml#Integrationsys0"/>
    <target href="assembly.xml#CallOutputFile01"/>
  </connections>
  <connections type="routesTo" sourceAnchorX="1.0" sourceAnchorY="0.22916666666666666" targetAnchorX="0.37579617834394907" targetAnchorY="0.972972972972973">
    <source href="assembly.xml#Integrationsys1"/>
    <target href="assembly.xml#CallOutputFile11"/>
  </connections>
  <connections type="routesResponseTo" sourceAnchorX="1.0" sourceAnchorY="0.40540540540540543" targetAnchorX="0.1390728476821192" targetAnchorY="0.5217391304347826">
    <source href="assembly.xml#CallOutputFile11"/>
    <target href="assembly.xml#Hashsetwrite1"/>
  </connections>
  <connections type="routesResponseTo" sourceAnchorX="1.0" sourceAnchorY="0.40540540540540543" targetAnchorX="0.09289617486338798" targetAnchorY="0.65625">
    <source href="assembly.xml#CallCustomreportusage1"/>
    <target href="assembly.xml#Integrationsys1"/>
  </connections>
  <connections type="routesTo" sourceAnchorX="1.0" sourceAnchorY="0.22916666666666666" targetAnchorX="0.37579617834394907" targetAnchorY="0.972972972972973">
    <source href="assembly.xml#Integrationsys2"/>
    <target href="assembly.xml#CallOutputFile12"/>
  </connections>
  <connections type="routesResponseTo" sourceAnchorX="1.0" sourceAnchorY="0.40540540540540543" targetAnchorX="0.1390728476821192" targetAnchorY="0.5217391304347826">
    <source href="assembly.xml#CallOutputFile12"/>
    <target href="assembly.xml#Hashsetwrite2"/>
  </connections>
  <connections type="routesResponseTo" sourceAnchorX="1.0" sourceAnchorY="0.24324324324324326" targetAnchorX="0.35714285714285715" targetAnchorY="0.4895833333333333">
    <source href="assembly.xml#CallCustomreportusage2"/>
    <target href="assembly.xml#Integrationsys2"/>
  </connections>
  <connections type="routesTo" sourceAnchorX="1.0" sourceAnchorY="0.22916666666666666" targetAnchorX="0.37579617834394907" targetAnchorY="0.972972972972973">
    <source href="assembly.xml#Integrationsys3"/>
    <target href="assembly.xml#CallOutputFile13"/>
  </connections>
  <connections type="routesResponseTo" sourceAnchorX="1.0" sourceAnchorY="0.40540540540540543" targetAnchorX="0.1390728476821192" targetAnchorY="0.5217391304347826">
    <source href="assembly.xml#CallOutputFile13"/>
    <target href="assembly.xml#Hashsetwrite3"/>
  </connections>
  <connections type="routesResponseTo" sourceAnchorX="1.0" sourceAnchorY="0.35135135135135137" targetAnchorX="0.2972972972972973" targetAnchorY="0.6666666666666666">
    <source href="assembly.xml#CallCustomreportusage3"/>
    <target href="assembly.xml#Integrationsys3"/>
  </connections>
  <connections type="routesTo" sourceAnchorX="1.0" sourceAnchorY="0.22916666666666666" targetAnchorX="0.37579617834394907" targetAnchorY="0.972972972972973">
    <source href="assembly.xml#Integrationsys4"/>
    <target href="assembly.xml#CallOutputFile4"/>
  </connections>
  <connections type="routesResponseTo" sourceAnchorX="1.0" sourceAnchorY="0.40540540540540543" targetAnchorX="0.1390728476821192" targetAnchorY="0.5217391304347826">
    <source href="assembly.xml#CallOutputFile4"/>
    <target href="assembly.xml#Hashsetwrite4"/>
  </connections>
  <connections type="routesResponseTo" sourceAnchorX="1.0" sourceAnchorY="0.2702702702702703" targetAnchorX="0.22297297297297297" targetAnchorY="0.5833333333333334">
    <source href="assembly.xml#CallCustomreportusage4"/>
    <target href="assembly.xml#Integrationsys4"/>
  </connections>
  <connections type="routesTo" sourceAnchorX="1.0" sourceAnchorY="0.22916666666666666" targetAnchorX="0.37579617834394907" targetAnchorY="0.972972972972973">
    <source href="assembly.xml#Integrationsys5"/>
    <target href="assembly.xml#CallOutputFile5"/>
  </connections>
  <connections type="routesResponseTo" sourceAnchorX="1.0" sourceAnchorY="0.40540540540540543" targetAnchorX="0.1390728476821192" targetAnchorY="0.5217391304347826">
    <source href="assembly.xml#CallOutputFile5"/>
    <target href="assembly.xml#Hashsetwrite5"/>
  </connections>
  <connections type="routesResponseTo" sourceAnchorX="1.0" sourceAnchorY="0.2702702702702703" targetAnchorX="0.4594594594594595" targetAnchorY="0.46875">
    <source href="assembly.xml#CallCustomreportusage5"/>
    <target href="assembly.xml#Integrationsys5"/>
  </connections>
  <connections type="routesTo" sourceAnchorX="1.0" sourceAnchorY="0.22916666666666666" targetAnchorX="0.37579617834394907" targetAnchorY="0.972972972972973">
    <source href="assembly.xml#Integrationsys6"/>
    <target href="assembly.xml#CallOutputFile16"/>
  </connections>
  <connections type="routesResponseTo" sourceAnchorX="1.0" sourceAnchorY="0.40540540540540543" targetAnchorX="0.1390728476821192" targetAnchorY="0.5217391304347826">
    <source href="assembly.xml#CallOutputFile16"/>
    <target href="assembly.xml#Hashsetwrite6"/>
  </connections>
  <connections type="routesResponseTo" sourceAnchorX="1.0" sourceAnchorY="0.32432432432432434" targetAnchorX="0.31756756756756754" targetAnchorY="0.59375">
    <source href="assembly.xml#CallCustomreportusage6"/>
    <target href="assembly.xml#Integrationsys6"/>
  </connections>
  <connections type="routesTo" sourceAnchorX="1.0" sourceAnchorY="0.22916666666666666" targetAnchorX="0.37579617834394907" targetAnchorY="0.972972972972973">
    <source href="assembly.xml#Integrationsys7"/>
    <target href="assembly.xml#CallOutputFile17"/>
  </connections>
  <connections type="routesResponseTo" sourceAnchorX="1.0" sourceAnchorY="0.40540540540540543" targetAnchorX="0.1390728476821192" targetAnchorY="0.5217391304347826">
    <source href="assembly.xml#CallOutputFile17"/>
    <target href="assembly.xml#Hashsetwrite7"/>
  </connections>
  <connections type="routesResponseTo" sourceAnchorX="1.0" sourceAnchorY="0.4864864864864865" targetAnchorX="0.30714285714285716" targetAnchorY="0.71875">
    <source href="assembly.xml#CallCustomreportusage7"/>
    <target href="assembly.xml#Integrationsys7"/>
  </connections>
  <connections type="routesTo" sourceAnchorX="1.0" sourceAnchorY="0.22916666666666666" targetAnchorX="0.37579617834394907" targetAnchorY="0.972972972972973">
    <source href="assembly.xml#Integrationsys8"/>
    <target href="assembly.xml#CallOutputFile18"/>
  </connections>
  <connections type="routesResponseTo" sourceAnchorX="1.0" sourceAnchorY="0.40540540540540543" targetAnchorX="0.1390728476821192" targetAnchorY="0.5217391304347826">
    <source href="assembly.xml#CallOutputFile18"/>
    <target href="assembly.xml#Hashsetwrite8"/>
  </connections>
  <connections type="routesResponseTo" sourceAnchorX="1.0" sourceAnchorY="0.35135135135135137" targetAnchorX="0.5357142857142857" targetAnchorY="0.4479166666666667">
    <source href="assembly.xml#CallCustomreportusage8"/>
    <target href="assembly.xml#Integrationsys8"/>
  </connections>
  <swimlanes x="60" y="-14" fgColor="1" name="Main flow" alignment="MIDDLE">
    <elements href="assembly.xml#StartHere"/>
    <elements href="#//@swimlanes.16"/>
    <elements href="assembly.xml#Callwriteheader"/>
    <elements href="assembly.xml#CallDNUFieldUsage"/>
    <elements href="assembly.xml#CallCloseaggregator"/>
  </swimlanes>
  <swimlanes x="60" y="312" name="All DNU Fields" alignment="MIDDLE">
    <elements href="assembly.xml#DNUFieldUsage"/>
    <elements href="#//@swimlanes.27"/>
    <elements href="assembly.xml#WorkdayOutRest"/>
    <elements href="#//@swimlanes.43"/>
    <elements href="assembly.xml#Splitter"/>
    <elements href="#//@swimlanes.44"/>
    <elements href="assembly.xml#CallLevel1processing"/>
  </swimlanes>
  <swimlanes x="72" y="680" name="Level1processing" alignment="MIDDLE">
    <elements href="assembly.xml#Level1processing"/>
    <elements href="assembly.xml#Splitter201"/>
    <elements href="#//@swimlanes.26"/>
    <elements href="assembly.xml#CallLevel1Calcfieldusage"/>
    <elements href="assembly.xml#CallCustomreportusage0"/>
    <elements href="#//@swimlanes.45"/>
    <elements href="assembly.xml#CallOutputFile01"/>
    <elements href="assembly.xml#Hashsetwrite0"/>
  </swimlanes>
  <swimlanes x="72" y="1027" name="Calculated Field Usage 1" alignment="MIDDLE">
    <elements href="assembly.xml#Level1Calcfieldusage"/>
    <elements href="#//@swimlanes.25"/>
    <elements href="assembly.xml#WorkdayOutRest1"/>
    <elements href="#//@swimlanes.42"/>
    <elements href="assembly.xml#Splitter1"/>
    <elements href="#//@swimlanes.41"/>
    <elements href="assembly.xml#CallnextLevelCalcfieldusage1"/>
    <elements href="assembly.xml#CallCustomreportusage1"/>
    <elements href="#//@swimlanes.46"/>
    <elements href="assembly.xml#CallOutputFile11"/>
    <elements href="assembly.xml#Hashsetwrite1"/>
  </swimlanes>
  <swimlanes x="73" y="1680" name="Custom Report Usage" alignment="MIDDLE">
    <elements href="assembly.xml#Customreportusage"/>
    <elements href="#//@swimlanes.23"/>
    <elements href="assembly.xml#WorkdayOutRest10"/>
    <elements href="assembly.xml#Splitter20"/>
    <elements href="#//@swimlanes.38"/>
    <elements href="assembly.xml#CallOutputFile"/>
    <elements href="assembly.xml#AsyncMediation9"/>
  </swimlanes>
  <swimlanes x="1550" y="1680" name="Output" alignment="MIDDLE">
    <elements href="#//@swimlanes.6"/>
    <elements href="#//@swimlanes.7"/>
    <elements href="#//@swimlanes.8"/>
    <elements href="assembly.xml#StoreAuditFile"/>
  </swimlanes>
  <swimlanes x="1126" y="1088" name="Output" orientation="VERTICAL">
    <elements href="assembly.xml#WriteHeader"/>
    <elements href="assembly.xml#OutputFile"/>
  </swimlanes>
  <swimlanes x="1148" y="1106" name="Write" orientation="VERTICAL">
    <elements href="assembly.xml#AsyncMediation30000"/>
    <elements href="assembly.xml#AsyncMediation3000"/>
  </swimlanes>
  <swimlanes x="1430" y="1154" name="Aggregator" orientation="VERTICAL" alignment="MIDDLE">
    <elements href="assembly.xml#Closeaggregator"/>
    <elements href="assembly.xml#Aggregator"/>
  </swimlanes>
  <swimlanes x="47" y="1340" name="Calculated Field Usage 2" alignment="MIDDLE">
    <elements href="assembly.xml#Level2Calcfieldusage"/>
    <elements href="#//@swimlanes.24"/>
    <elements href="assembly.xml#WorkdayOutRest2"/>
    <elements href="#//@swimlanes.40"/>
    <elements href="assembly.xml#Splitter2"/>
    <elements href="#//@swimlanes.39"/>
    <elements href="assembly.xml#CallnextLevelCalcfieldusage2"/>
    <elements href="assembly.xml#CallCustomreportusage2"/>
    <elements href="#//@swimlanes.47"/>
    <elements href="assembly.xml#CallOutputFile12"/>
    <elements href="assembly.xml#Hashsetwrite2"/>
  </swimlanes>
  <swimlanes x="62" y="2029" name="Calculated Field Usage 3" alignment="MIDDLE">
    <elements href="assembly.xml#Level3Calcfieldusage"/>
    <elements href="#//@swimlanes.22"/>
    <elements href="assembly.xml#WorkdayOutRest3"/>
    <elements href="assembly.xml#AsyncMediation3"/>
    <elements href="assembly.xml#Splitter3"/>
    <elements href="#//@swimlanes.37"/>
    <elements href="assembly.xml#CallnextLevelCalcfieldusage3"/>
    <elements href="assembly.xml#CallCustomreportusage3"/>
    <elements href="#//@swimlanes.48"/>
    <elements href="assembly.xml#CallOutputFile13"/>
    <elements href="assembly.xml#Hashsetwrite3"/>
  </swimlanes>
  <swimlanes x="62" y="2396" name="Calculated Field Usage 4" alignment="MIDDLE">
    <elements href="assembly.xml#Level4Calcfieldusage"/>
    <elements href="#//@swimlanes.21"/>
    <elements href="assembly.xml#WorkdayOutRest4"/>
    <elements href="#//@swimlanes.36"/>
    <elements href="assembly.xml#Splitter4"/>
    <elements href="#//@swimlanes.35"/>
    <elements href="assembly.xml#CallnextLevelCalcfieldusage4"/>
    <elements href="assembly.xml#CallCustomreportusage4"/>
    <elements href="#//@swimlanes.49"/>
    <elements href="assembly.xml#CallOutputFile4"/>
    <elements href="assembly.xml#Hashsetwrite4"/>
  </swimlanes>
  <swimlanes x="62" y="2721" name="Calculated Field Usage 5" alignment="MIDDLE">
    <elements href="assembly.xml#Level5Calcfieldusage"/>
    <elements href="#//@swimlanes.20"/>
    <elements href="assembly.xml#WorkdayOutRest5"/>
    <elements href="assembly.xml#AsyncMediation5"/>
    <elements href="assembly.xml#Splitter5"/>
    <elements href="#//@swimlanes.34"/>
    <elements href="assembly.xml#CallnextLevelCalcfieldusage5"/>
    <elements href="assembly.xml#CallCustomreportusage5"/>
    <elements href="#//@swimlanes.50"/>
    <elements href="assembly.xml#CallOutputFile5"/>
    <elements href="assembly.xml#Hashsetwrite5"/>
  </swimlanes>
  <swimlanes x="47" y="3063" name="Calculated Field Usage 6" alignment="MIDDLE">
    <elements href="assembly.xml#Level6Calcfieldusage"/>
    <elements href="#//@swimlanes.19"/>
    <elements href="assembly.xml#WorkdayOutRest6"/>
    <elements href="#//@swimlanes.32"/>
    <elements href="assembly.xml#Splitter6"/>
    <elements href="#//@swimlanes.33"/>
    <elements href="assembly.xml#CallnextLevelCalcfieldusage6"/>
    <elements href="assembly.xml#CallCustomreportusage6"/>
    <elements href="#//@swimlanes.51"/>
    <elements href="assembly.xml#CallOutputFile16"/>
    <elements href="assembly.xml#Hashsetwrite6"/>
  </swimlanes>
  <swimlanes x="78" y="3412" name="Calculated Field Usage 7" alignment="MIDDLE">
    <elements href="assembly.xml#Level7Calcfieldusage"/>
    <elements href="#//@swimlanes.18"/>
    <elements href="assembly.xml#WorkdayOutRest7"/>
    <elements href="#//@swimlanes.28"/>
    <elements href="assembly.xml#Splitter7"/>
    <elements href="#//@swimlanes.29"/>
    <elements href="assembly.xml#CallnextLevelCalcfieldusage7"/>
    <elements href="assembly.xml#CallCustomreportusage7"/>
    <elements href="#//@swimlanes.52"/>
    <elements href="assembly.xml#CallOutputFile17"/>
    <elements href="assembly.xml#Hashsetwrite7"/>
  </swimlanes>
  <swimlanes x="78" y="3771" name="Calculated Field Usage 8" alignment="MIDDLE">
    <elements href="assembly.xml#Level8Calcfieldusage"/>
    <elements href="#//@swimlanes.17"/>
    <elements href="assembly.xml#WorkdayOutRest8"/>
    <elements href="#//@swimlanes.30"/>
    <elements href="assembly.xml#Splitter8"/>
    <elements href="#//@swimlanes.31"/>
    <elements href="assembly.xml#CallCustomreportusage8"/>
    <elements href="#//@swimlanes.53"/>
    <elements href="assembly.xml#CallOutputFile18"/>
    <elements href="assembly.xml#Hashsetwrite8"/>
  </swimlanes>
  <swimlanes x="220" y="79" name="Swimlane" orientation="VERTICAL" alignment="MIDDLE">
    <elements href="assembly.xml#Initialization"/>
    <elements href="assembly.xml#PutIntegrationMessageInit"/>
  </swimlanes>
  <swimlanes x="291" y="3021" name="Swimlane" orientation="VERTICAL">
    <elements href="assembly.xml#AsyncMediation08"/>
    <elements href="assembly.xml#PutIntegrationMessage08"/>
  </swimlanes>
  <swimlanes x="465" y="2914" name="Swimlane" orientation="VERTICAL">
    <elements href="assembly.xml#AsyncMediation07"/>
    <elements href="assembly.xml#PutIntegrationMessage07"/>
  </swimlanes>
  <swimlanes x="526" y="2643" name="Swimlane" orientation="VERTICAL" alignment="MIDDLE">
    <elements href="assembly.xml#AsyncMediation06"/>
    <elements href="assembly.xml#PutIntegrationMessage06"/>
  </swimlanes>
  <swimlanes x="398" y="2394" name="Swimlane" orientation="VERTICAL" alignment="MIDDLE">
    <elements href="assembly.xml#AsyncMediation05"/>
    <elements href="assembly.xml#PutIntegrationMessage05"/>
  </swimlanes>
  <swimlanes x="383" y="2137" name="Swimlane" orientation="VERTICAL" alignment="MIDDLE">
    <elements href="assembly.xml#AsyncMediation04"/>
    <elements href="assembly.xml#PutIntegrationMessage04"/>
  </swimlanes>
  <swimlanes x="388" y="1877" name="Swimlane" orientation="VERTICAL">
    <elements href="assembly.xml#AsyncMediation03"/>
    <elements href="assembly.xml#PutIntegrationMessage03"/>
  </swimlanes>
  <swimlanes x="395" y="1451" name="Swimlane" orientation="VERTICAL">
    <elements href="assembly.xml#AsyncMediation001"/>
    <elements href="assembly.xml#PutIntegrationMessage001"/>
  </swimlanes>
  <swimlanes x="462" y="1203" name="Swimlane" orientation="VERTICAL">
    <elements href="assembly.xml#AsyncMediation02"/>
    <elements href="assembly.xml#PutIntegrationMessage02"/>
  </swimlanes>
  <swimlanes x="451" y="924" name="Swimlane" orientation="VERTICAL">
    <elements href="assembly.xml#AsyncMediation01"/>
    <elements href="assembly.xml#PutIntegrationMessage01"/>
  </swimlanes>
  <swimlanes x="487" y="669" name="Swimlane" orientation="VERTICAL">
    <elements href="assembly.xml#AsyncMediation0"/>
    <elements href="assembly.xml#PutIntegrationMessage0"/>
  </swimlanes>
  <swimlanes x="409" y="371" name="Swimlane" orientation="VERTICAL" alignment="MIDDLE">
    <elements href="assembly.xml#AsyncMediation"/>
    <elements href="assembly.xml#PutIntegrationMessage"/>
  </swimlanes>
  <swimlanes x="971" y="2920" name="Swimlane" orientation="VERTICAL">
    <elements href="assembly.xml#AsyncMediation7"/>
  </swimlanes>
  <swimlanes x="1460" y="2897" name="Swimlane" orientation="VERTICAL">
    <elements href="assembly.xml#AsyncMediation71"/>
  </swimlanes>
  <swimlanes x="965" y="3189" name="Swimlane" orientation="VERTICAL">
    <elements href="assembly.xml#AsyncMediation8"/>
  </swimlanes>
  <swimlanes x="1462" y="3170" name="Swimlane" orientation="VERTICAL">
    <elements href="assembly.xml#AsyncMediation81"/>
  </swimlanes>
  <swimlanes x="895" y="2692" name="Swimlane" orientation="VERTICAL">
    <elements href="assembly.xml#AsyncMediation6"/>
  </swimlanes>
  <swimlanes x="1260" y="2657" name="Swimlane" orientation="VERTICAL">
    <elements href="assembly.xml#AsyncMediation61"/>
  </swimlanes>
  <swimlanes x="1321" y="2383" name="Swimlane" orientation="VERTICAL">
    <elements href="assembly.xml#AsyncMediation51"/>
  </swimlanes>
  <swimlanes x="1341" y="2122" name="Swimlane" orientation="VERTICAL">
    <elements href="assembly.xml#AsyncMediation41"/>
  </swimlanes>
  <swimlanes x="973" y="2130" name="Swimlane" orientation="VERTICAL">
    <elements href="assembly.xml#AsyncMediation4"/>
  </swimlanes>
  <swimlanes x="1245" y="1873" name="Swimlane" orientation="VERTICAL">
    <elements href="assembly.xml#AsyncMediation31"/>
  </swimlanes>
  <swimlanes x="920" y="1470" name="Swimlane" orientation="VERTICAL">
    <elements href="assembly.xml#AsyncMediation300"/>
  </swimlanes>
  <swimlanes x="1243" y="1174" name="Swimlane" orientation="VERTICAL">
    <elements href="assembly.xml#AsyncMediation21"/>
  </swimlanes>
  <swimlanes x="833" y="1200" name="Swimlane" orientation="VERTICAL">
    <elements href="assembly.xml#AsyncMediation2"/>
  </swimlanes>
  <swimlanes x="1328" y="924" name="Swimlane" orientation="VERTICAL">
    <elements href="assembly.xml#AsyncMediation11"/>
  </swimlanes>
  <swimlanes x="941" y="933" name="Swimlane" orientation="VERTICAL">
    <elements href="assembly.xml#AsyncMediation1"/>
  </swimlanes>
  <swimlanes x="833" y="470" name="Swimlane" orientation="VERTICAL">
    <elements href="assembly.xml#AsyncMediation101"/>
  </swimlanes>
  <swimlanes x="991" y="446" name="Swimlane" orientation="VERTICAL">
    <elements href="assembly.xml#AsyncMediation00"/>
  </swimlanes>
  <swimlanes x="1639" y="765" name="Swimlane" orientation="VERTICAL">
    <elements href="assembly.xml#Integrationsys0"/>
  </swimlanes>
  <swimlanes x="2155" y="845" name="Swimlane" orientation="VERTICAL">
    <elements href="assembly.xml#Integrationsys1"/>
  </swimlanes>
  <swimlanes x="1987" y="1352" name="Swimlane" orientation="VERTICAL">
    <elements href="assembly.xml#Integrationsys2"/>
  </swimlanes>
  <swimlanes x="2144" y="2144" name="Swimlane" orientation="VERTICAL">
    <elements href="assembly.xml#Integrationsys3"/>
  </swimlanes>
  <swimlanes x="2069" y="2387" name="Swimlane" orientation="VERTICAL">
    <elements href="assembly.xml#Integrationsys4"/>
  </swimlanes>
  <swimlanes x="2045" y="2905" name="Swimlane" orientation="VERTICAL">
    <elements href="assembly.xml#Integrationsys5"/>
  </swimlanes>
  <swimlanes x="1986" y="3112" name="Swimlane" orientation="VERTICAL">
    <elements href="assembly.xml#Integrationsys6"/>
  </swimlanes>
  <swimlanes x="2178" y="3519" name="Swimlane" orientation="VERTICAL">
    <elements href="assembly.xml#Integrationsys7"/>
  </swimlanes>
  <swimlanes x="1943" y="3830" name="Swimlane" orientation="VERTICAL">
    <elements href="assembly.xml#Integrationsys8"/>
  </swimlanes>
</wdnm:Diagram>
