<?xml version="1.0" encoding="UTF-8"?>
<beans
     xmlns="http://www.springframework.org/schema/beans"
     xmlns:beans="http://www.springframework.org/schema/beans"
     xmlns:atom="http://www.w3.org/2005/Atom"
     xmlns:cc="http://www.capeclear.com/assembly/10"
     xmlns:cloud="urn:com.workday/esb/cloud/10.0"
     xmlns:env="http://schemas.xmlsoap.org/soap/envelope/"
     xmlns:pi="urn:com.workday/picof"
     xmlns:wd="urn:com.workday/bsvc"
     xmlns:ws="urn:com.workday/workersync"
     xmlns:xsi="http://www.w3.org/2001/XMLSchema-instance">
 
	<cc:assembly id="WorkdayAssembly" version="2019.6">
        <cc:workday-in id="StartHere" routes-to="CallInitialize">
            <cc:integration-system name="INT0082 ABBR Calculation Studio Bidirectional">
        <cloud:param name="Yearly Run?">
          <cloud:type>
            <cloud:simple-type>boolean</cloud:simple-type>
          </cloud:type>
          <cloud:default>
            <cloud:boolean>false</cloud:boolean>
          </cloud:default>
        </cloud:param>
        <cloud:param name="Validation Mode">
          <cloud:type>
            <cloud:simple-type>boolean</cloud:simple-type>
          </cloud:type>
          <cloud:default>
            <cloud:boolean>true</cloud:boolean>
          </cloud:default>
        </cloud:param>
        <cloud:param name="Studio Debug WID">
          <cloud:type>
            <cloud:simple-type>text</cloud:simple-type>
          </cloud:type>
        </cloud:param>
        <cloud:param name="Effective As of Date">
          <cloud:type>
            <cloud:simple-type>date</cloud:simple-type>
          </cloud:type>
        </cloud:param>
        <cloud:attribute-map-service name="INT0082-Attributes">
          <cloud:attribute name="Web Service Version">
            <cloud:type>
              <cloud:simple-type>text</cloud:simple-type>
            </cloud:type>
          </cloud:attribute>
          <cloud:attribute name="Document Retention Policy">
            <cloud:type>
              <cloud:simple-type>number</cloud:simple-type>
            </cloud:type>
          </cloud:attribute>
          <cloud:attribute name="Harris Max">
            <cloud:type>
              <cloud:simple-type>number</cloud:simple-type>
            </cloud:type>
          </cloud:attribute>
          <cloud:attribute name="Yearly Effective Date">
            <cloud:type>
              <cloud:simple-type>date</cloud:simple-type>
            </cloud:type>
          </cloud:attribute>
        </cloud:attribute-map-service>
        <cloud:report-service name="INT0082-Report-Service">
          <cloud:report-alias description="INT0082 ABBR Yearly Report" name="Yearly Report">
            <cloud:report-reference description="INT0082 ABBR Yearly Report" type="WID">f29c48b3a3cb012564e4a88af805fc10</cloud:report-reference>
          </cloud:report-alias>
          <cloud:report-alias description="INT0082 Business Process History for Worker" name="BP History">
            <cloud:report-reference description="INT0082 Business Process History for Worker" type="WID">f29c48b3a3cb017263d527adf8052912</cloud:report-reference>
          </cloud:report-alias>
          <cloud:report-alias description="INT0082 Tenure 2 Eligible Earnings Report" name="Tenure 2 Eligible Earnings">
            <cloud:report-reference description="INT0082 Tenure 2 Eligible Earnings Report" type="WID">f29c48b3a3cb0175ba4a96abf8051612</cloud:report-reference>
          </cloud:report-alias>
          <cloud:report-alias description="INT0082 Tenure 3 and 4 Eligible Earnings Report" name="Tenure 3 and 4 Eligible Earnings">
            <cloud:report-reference description="INT0082 Tenure 3 and 4 Eligible Earnings Report" type="WID">f29c48b3a3cb014a2083fba8f805d111</cloud:report-reference>
          </cloud:report-alias>
        </cloud:report-service>
      </cc:integration-system>
        </cc:workday-in>
        <cc:async-mediation id="Init" routes-to="Route">
            <cc:steps>
                <cc:eval id="LPs">
                    <cc:expression>props['lp.yearly.run'] = lp.getSimpleData('Yearly Run?')</cc:expression>
                    <cc:expression>props['lp.validation.mode'] = lp.getSimpleData('Validation Mode')</cc:expression>
                    <cc:expression>props['lp.debug.wid'] = lp.getSimpleData('Studio Debug WID')</cc:expression>
                    <cc:expression>props['lp.as.of.date'] = lp.getSimpleData('Effective As of Date').substring(0,10)</cc:expression>
                </cc:eval>
                <cc:eval id="Attr">
                    <cc:expression>props['ia.doc.ret.pol'] = intsys.getAttribute('Document Retention Policy')</cc:expression>
                    <cc:expression>props['ia.ws.ver'] = intsys.getAttribute('Web Service Version')</cc:expression>
                    <cc:expression>props['ia.harris.max'] = (double) intsys.getAttribute('Harris Max')</cc:expression>
                    <cc:expression>props['ia.yearly.eff.date'] = intsys.getAttribute('Yearly Effective Date').substring(0,10)</cc:expression>
                </cc:eval>
                <cc:eval id="GlobalProps">
                    <cc:expression>props['close.aggregator'] = false</cc:expression>
                    <cc:expression>props['close.error.aggregator'] = false</cc:expression>
                    <cc:expression>props['error.count'] = 0</cc:expression>
                    <cc:expression>props['zero.out'] = false</cc:expression>
                    <cc:expression>props['current.datetime'] = util.currentDateTimeAsString()</cc:expression>
                    <cc:expression>props['current.year'] = props['current.datetime'].substring(0,4)</cc:expression>
                    <cc:expression>props['current.date'] = props['current.datetime'].substring(0,10)</cc:expression>
                    <cc:expression>props['new.batch.id'] = 'INT0082_ABBR_' + props['current.date']</cc:expression>
                </cc:eval>
                <cc:eval id="InitHash">
                    <cc:expression>props['existing.payroll.inputs.map'] = new java.util.HashMap();</cc:expression>
                </cc:eval>
            </cc:steps>
            <cc:send-error id="SendError" routes-to="PIMInit"/>
        </cc:async-mediation>
        <cc:local-out id="CallInitialize" store-message="none" routes-response-to="CallCloseAuditAgg" endpoint="vm://INT0082_ABBR_Calculation_Bidirectional/Initialize"/>
        <cc:local-in id="Initialize" routes-to="Init"/>
        <cc:route id="DocIterator">
            <cc:doc-iterator labels="INT0082-CCWOutput"/>
            <cc:sub-route name="SubRoute" routes-to="ValidateOutput"/>
        </cc:route>
        <cc:async-mediation id="ValidateOutput" routes-to="CallDailyProcess" handle-downstream-errors="true">
            <cc:steps>
                <cc:validate-exp id="ValidateExp">
                    <cc:expression failure-message="There is no file to process from the Core Connector: Worker.">vars['wd.retrieve.variable'] != empty</cc:expression>
                </cc:validate-exp>
                <cc:copy id="Copy" input="variable" input-variable="wd.retrieve.variable"/>
            </cc:steps>
            <cc:send-error id="SendError" routes-to="PIMCCWDataRetrieval"/>
        </cc:async-mediation>
        <cc:local-in id="YearlyProcess" routes-to="YearlyReportError"/>
        <cc:local-in id="DailyProcess" routes-to="HandleSplitterError"/>
        <cc:async-mediation id="YearlyReportError" routes-to="GetYearlyProcessReport" handle-downstream-errors="true">
            <cc:steps/>
            <cc:send-error id="SendError" routes-to="PIMYearlyReportError"/>
        </cc:async-mediation>
        <cc:workday-out-rest id="GetYearlyProcessReport" routes-response-to="SplitYearlyReport" extra-path="@{intsys.reportService.getExtrapath('Yearly Report')}?Effective_as_of_Date=@{props['lp.as.of.date']}&amp;format=simplexml"/>
        <cc:splitter id="SplitYearlyReport">
            <cc:sub-route name="SubRoute" routes-to="AsyncMediation1"/>
            <cc:xml-stream-splitter xpath="wd:Report_Data/wd:Report_Entry"/>
        </cc:splitter>
        <cc:async-mediation id="AsyncMediation1" routes-to="CallDeriveTenureYearly" handle-downstream-errors="true">
            <cc:steps>
                <cc:eval id="Reset">
                    <cc:expression>//Reset Report Values</cc:expression>
                    <cc:expression>props['worker.wid'] = empty; props['emp.id'] = empty; props['first.name'] = empty; props['last.name'] = empty; props['company'] = empty; &#xD;
props['hire.date'] = empty; props['emp.type'] = empty; props['pay.rate.type'] = empty; props['is.commission'] = empty; props['current.abbr.amount'] = empty;&#xD;
props['abbr.group'] = empty; props['current.base.pay'] = empty; props['midpoint'] = empty; props['work.country'] = empty;&#xD;
props['emp.status'] = empty; props['period.begin.date'] = empty;</cc:expression>
                    <cc:expression>//Reset Tenure Values</cc:expression>
                    <cc:expression>props['ten.start.company'] = empty; props['ten.start.pay.rate'] = empty; props['tenure.start.date'] = empty; props['ten.start.calc.error'] = empty;&#xD;
props['tenure.in.days'] = empty; props['tenure'] = empty; props['tenure.start.year'] = empty; props['tenure2.days.not.in.abbr'] = empty;&#xD;
props['tenure2.days.in.year'] = empty;</cc:expression>
                    <cc:expression>//Reset Eligible Earning Report LPs</cc:expression>
                    <cc:expression>props['pay.start.date'] = empty; props['pay.end.date'] = empty;</cc:expression>
                    <cc:expression>//Reset Comm and Incentive Payments</cc:expression>
                    <cc:expression>props['elig.commissions.1yr.prior'] = empty; props['elig.commissions.2yrs.prior'] = empty; &#xD;
props['elig.incentives.1yr.prior'] = empty; props['elig.incentives.2yrs.prior'] = empty;</cc:expression>
                    <cc:expression>//Reset Error Free</cc:expression>
                    <cc:expression>props['error.free'] = true</cc:expression>
                </cc:eval>
                <cc:eval id="Eval">
                    <cc:expression>props['worker.wid'] = parts[0].xstream('wd:Report_Entry/wd:workdayID')</cc:expression>
                    <cc:expression>props['emp.id'] = parts[0].xstream('wd:Report_Entry/wd:empID')</cc:expression>
                    <cc:expression>props['first.name'] = parts[0].xstream('wd:Report_Entry/wd:firstName')</cc:expression>
                    <cc:expression>props['last.name'] = parts[0].xstream('wd:Report_Entry/wd:lastName')</cc:expression>
                    <cc:expression>props['company'] = parts[0].xstream('wd:Report_Entry/wd:company')</cc:expression>
                    <cc:expression>props['hire.date'] = parts[0].xstream('wd:Report_Entry/wd:hireDate')</cc:expression>
                    <cc:expression>props['emp.type'] = parts[0].xstream('wd:Report_Entry/wd:empStatus')</cc:expression>
                    <cc:expression>props['pay.rate.type'] = parts[0].xstream('wd:Report_Entry/wd:payRateType').replace(' &amp;','')</cc:expression>
                    <cc:expression>props['job.profile'] = parts[0].xstream('wd:Report_Entry/wd:jobProfile').toString().replace('&amp;','') </cc:expression>
                    <cc:expression>props['is.commission'] = parts[0].xstream('wd:Report_Entry/wd:commInd')</cc:expression>
                    <cc:expression>props['current.abbr.amount'] = parts[0].xstream('wd:Report_Entry/wd:currentABBR')</cc:expression>
                    <cc:expression>props['abbr.group'] = parts[0].xstream('wd:Report_Entry/wd:ABBRGroup')</cc:expression>
                    <cc:expression>props['current.base.pay'] = parts[0].xstream('wd:Report_Entry/wd:currentBasePay')</cc:expression>
                    <cc:expression>props['midpoint'] = parts[0].xstream('wd:Report_Entry/wd:midpoint')</cc:expression>
                    <cc:expression>props['work.country'] = parts[0].xstream('wd:Report_Entry/wd:workCountry')</cc:expression>
                    <cc:expression>props['period.begin.date'] = parts[0].xstream('wd:Report_Entry/wd:periodBeginDate')</cc:expression>
                    <cc:expression>props['job.profile'] = parts[0].xstream('wd:Report_Entry/wd:jobProfile')</cc:expression>
                </cc:eval>
            </cc:steps>
            <cc:send-error id="SendError" routes-to="CallWriteErrorYearly"/>
        </cc:async-mediation>
        <cc:local-out id="GetEventDocuments" store-message="none" routes-response-to="DocIterator" endpoint="vm://wcc/GetEventDocuments"><cc:set name="ie.event.wid" value="lp.exists('Studio Debug WID')?lp.getSimpleData('Studio Debug WID'):lp.getIntegrationEventWID()"/></cc:local-out>
        <cc:local-out id="CallYearlyProcess" store-message="none" endpoint="vm://INT0082_ABBR_Calculation_Bidirectional/YearlyProcess"/>
        <cc:local-out id="CallDailyProcess" store-message="none" endpoint="vm://INT0082_ABBR_Calculation_Bidirectional/DailyProcess"/>
        <cc:local-out id="PIMYearlyReportError" endpoint="vm://wcc/PutIntegrationMessage"><cc:set name="is.message.severity" value="'ERROR'"/><cc:set name="is.message.summary" value="'Error Retrieving Yearly ABBR Report. Check details for more info.'"/><cc:set name="is.message.detail" value="context.errorMessage"/><cc:set name="is.message.storage.enabled" value="false"/></cc:local-out>
        <cc:send-error id="global-error-handler" rethrow-error="false" routes-to="Note-Error"/>
        <cc:local-out id="Note-Error" routes-response-to="PutIntegrationEvent" endpoint="vm://wcc/PutIntegrationMessage">
            <cc:set name="is.message.severity" value="'CRITICAL'"/>
            <cc:set name="is.message.summary" value="context.errorMessage"/>
        </cc:local-out>
        <cc:local-out id="PutIntegrationEvent" endpoint="vm://wcc/PutIntegrationEvent"><cc:set name="is.event.completed" value="&quot;current&quot;"/></cc:local-out>
        <cc:route id="Route">
            <cc:mvel-strategy>
                <cc:choose-route expression="props['lp.yearly.run'] == true;" route="YearlyProcess"/>
                <cc:choose-route expression="true" route="DailyProcess"/>
            </cc:mvel-strategy>
            <cc:sub-route name="YearlyProcess" routes-to="CallYearlyProcess"/>
            <cc:sub-route name="DailyProcess" routes-to="GetEventDocuments"/>
        </cc:route>
        <cc:async-mediation id="HandleSplitterError" routes-to="SplitCCW" handle-downstream-errors="true">
            <cc:steps>
                <cc:eval id="Eval">
                    <cc:expression>//Use this date as the beggining date LP for the Zero Out Report</cc:expression>
                    <cc:expression>props['curr.eff.date'] = parts[0].xstream('ws:Worker_Sync/ws:Header/ws:Current_Effective_Time').substring(0,10)</cc:expression>
                </cc:eval>
            </cc:steps>
            <cc:send-error id="SendError" routes-to="PIMDailyCCWSplitError"/>
        </cc:async-mediation>
        <cc:splitter id="SplitCCW">
            <cc:sub-route name="SubRoute" routes-to="SetDailyValues"/>
            <cc:xml-stream-splitter xpath="ws:Worker_Sync/ws:Worker"/>
        </cc:splitter>
        <cc:async-mediation id="DetermineEligibility" routes-to="CallDeriveTenure" handle-downstream-errors="true">
            <cc:steps>
                <cc:eval id="Eligibility">
                    <cc:expression>//New Hire or Re-Hire and ABBR eligible</cc:expression>
                    <cc:expression>(parts[0].xpathB('ws:Worker/ws:Transaction_Log_Data/ws:Transaction_Log_Entry[ws:Transaction_Log_Type=&quot;Hire Employee&quot;]') != false) ? &#xD;
props['new.hire'] = true : props['new.hire'] = false</cc:expression>
                    <cc:expression>//Worker moves into ABBR Group</cc:expression>
                    <cc:expression>(props['abbr.group.prior'] == &quot;&quot; &amp;&amp; props['abbr.group.prior'] != &quot;No Change&quot; &amp;&amp; props['abbr.group'] != &quot;&quot; &amp;&amp; props['new.hire'] != true) ? (props['abbr.new'] = true) : props['abbr.new'] = false</cc:expression>
                    <cc:expression>//Worker moves between ABBR Groups</cc:expression>
                    <cc:expression>(props['abbr.group.prior'] != &quot;&quot; &amp;&amp; props['abbr.group.prior'] != &quot;No Change&quot; &amp;&amp; props['abbr.group'] != &quot;&quot; &amp;&amp; props['abbr.group.prior'] != props['abbr.group'] &amp;&amp; props['new.hire'] != true) ? (props['abbr.group.change'] = true) : props['abbr.group.change'] = false</cc:expression>
                    <cc:expression>//Returning to an active status from a paid or unpaid leave of absence, a suspension, or a terminated or terminated with pay status, and upon that return, the employee still meets the additional criteria required to be considered ABBR eligible.</cc:expression>
                    <cc:expression>(props['emp.status.prior'] != &quot;No Change&quot; &amp;&amp; props['emp.status'] != props['emp.status.prior'] &amp;&amp; props['emp.status'] == &quot;A&quot;) ? &#xD;
(props['return.to.active'] = true) : props['return.to.active'] = false</cc:expression>
                </cc:eval>
                <cc:eval id="SetEligible"><cc:expression>(props['new.hire'] == true) ? props['eligible'] = true</cc:expression>
                    
                    
                    <cc:expression>(props['abbr.new'] == true) ? props['eligible'] = true</cc:expression>
                    <cc:expression>(props['abbr.group.change'] == true) ? props['eligible'] = true</cc:expression><cc:expression>(props['return.to.active'] == true) ? props['eligible'] = true</cc:expression>
                </cc:eval>
                <cc:xslt-plus id="XsltPlus" url="INT0082-Eval-Effective-Date-v1.3"/>
                <cc:eval id="SetABBREffDate">
                    <cc:expression>props['ws.eff.date'] = parts[0].xpath('Root/Eff_Date')</cc:expression>
                </cc:eval>
                <cc:validate-exp id="ValidateExp">
                    <cc:expression failure-message="Worker is not in an eligible Work Country. ">props['work.country'] == &quot;USA&quot; || props['work.country'] == &quot;CAN&quot;</cc:expression>
                    <cc:expression failure-message="Worker is not in an eligible Company. ">props['company'] == &quot;BMO Nesbitt Burns Inc.&quot; || props['company'] == &quot;Bank of Montreal&quot; || props['company'] == &quot;BMO Harris Bank N.A.&quot; || props['company'] == &quot;BMO Harris Financial Advisors, Inc.&quot;</cc:expression>
                    <cc:expression failure-message="Worker does not have an eligible Employee Type. ">props['emp.type'] == &quot;Temporary (Fixed Term)&quot; || props['emp.type'] == &quot;Regular&quot;</cc:expression>
                    <cc:expression failure-message="Worker is not in an eligible ABBR Group. ">props['abbr.group'] == &quot;Group 1&quot; || props['abbr.group'] == &quot;Group 2&quot; || props['abbr.group'] == &quot;Group 3&quot;</cc:expression>
                    <cc:expression failure-message="Worker is not eligible for an ABBR calculation based on data returned on CCW. ">props['eligible'] != false</cc:expression>
                    <cc:expression failure-message="Failed to evaluate an effective date on transaction. Check for rescinded events for the worker. ">props['ws.eff.date'] != empty &amp;&amp; props['eligible'] == true</cc:expression>
                </cc:validate-exp>
            </cc:steps>
            <cc:send-error id="SendError" routes-to="CallWriteErrorDaily"/>
        </cc:async-mediation>
        <cc:local-out id="PIMDailyCCWSplitError" endpoint="vm://wcc/PutIntegrationMessage">
            <cc:set name="is.message.severity" value="'WARNING'"/>
            <cc:set name="is.message.summary" value="'Error occurred while attempting to split Daily CCW output.'"/>
            <cc:set name="is.message.detail" value="context.errorMessage"/>
            <cc:set name="is.message.storage.enabled" value="false"/>
        </cc:local-out>
        <cc:workday-out-rest id="GetBPHistoryReport" routes-response-to="DeriveTenureStartDateandLength" extra-path="@{intsys.reportService.getExtrapath('BP History')}?Worker!WID=@{props['worker.wid']}&amp;effectiveDate=@{props['lp.as.of.date']}"/>
        <cc:async-mediation id="DeriveTenureStartDateandLength" routes-to="CallEvalTenureAndReportLPs" handle-downstream-errors="true">
            <cc:steps>
                <cc:xslt-plus id="FormatBPHistory" url="INT0082-Format-BP-History-v1.3.xsl"/>
                <cc:xslt-plus id="SortByEffDate" url="INT0082-Sort-by-Eff-Date-v1.xsl"/>
                <cc:xslt-plus id="EvalTenureBeginDate" url="INT0082-Eval-Tenure-Begin-Date-v1.xsl"/>
                <cc:eval id="DeriveBeginDate">
                    <cc:expression>props['ten.start.company'] = empty; props['ten.start.company'] = parts[0].xstream('Root/Tenure_Start_Company')</cc:expression>
                    <cc:expression>props['ten.start.pay.rate'] = empty; props['ten.start.pay.rate'] = parts[0].xstream('Root/Tenure_Start_Pay_Rate')</cc:expression>
                    <cc:expression>props['tenure.start.date'] = empty; props['tenure.start.date'] = (props['ten.start.company'] == props['ten.start.pay.rate']) ? props['ten.start.company'] :&#xD;
(props['ten.start.company'] &lt; props['ten.start.pay.rate']) ? props['ten.start.company'] : (props['ten.start.pay.rate'] &lt; props['ten.start.company']) ? props['ten.start.pay.rate']</cc:expression>
                    <cc:expression>props['ten.start.calc.error'] = empty; props['ten.start.calc.error'] = parts[0].xstream('Root/Error_Node')</cc:expression>
                </cc:eval>
                <cc:validate-exp id="ValidateExp">
                    <cc:expression failure-message="Error ocurred during Tenure Begin Date calculation for @{props['emp.id']}. ">props['ten.start.calc.error'] != 'Error'</cc:expression>
                    <cc:expression failure-message="A tenure start date was not generated for the worker. Validate the workers Worker History and update manually. ">props['ten.start.pay.rate'] != empty &amp;&amp; props['ten.start.pay.rate'] != empty</cc:expression>
                </cc:validate-exp>
            </cc:steps>
            <cc:send-error id="SendError" routes-to="CallWriteErrorDeriveTenure"/>
        </cc:async-mediation>
        <cc:local-out id="PIMCCWDataRetrieval" endpoint="vm://wcc/PutIntegrationMessage">
            <cc:set name="is.message.severity" value="'ERROR'"/>
            <cc:set name="is.message.summary" value="'Error retrieving data from Core Connector. See details for more information.'"/>
            <cc:set name="is.message.detail" value="context.errorMessage"/>
            <cc:set name="is.message.storage.enabled" value="false"/>
        </cc:local-out>
        <cc:local-out id="PIMInit" endpoint="vm://wcc/PutIntegrationMessage">
            <cc:set name="is.message.severity" value="'ERROR'"/>
            <cc:set name="is.message.summary" value="'Error occurred while initializing the integration. Please see details for more information.'"/>
            <cc:set name="is.message.detail" value="context.errorMessage"/>
            <cc:set name="is.message.storage.enabled" value="false"/>
        </cc:local-out>
        <cc:async-mediation id="EvalTenureAndReportLPsYearly" routes-to="Route0" handle-downstream-errors="true">
            <cc:steps>
                <cc:xslt-plus id="XsltPlus" url="INT0082-Eval-Report-Prompts-v1.1.xsl"/>
                <cc:eval id="Eval0">
                    <cc:expression>props['tenure'] = empty; props['tenure'] = parts[0].xstream('Root/Tenure')</cc:expression>
                    <cc:expression>props['pay.start.date'] = empty; props['pay.start.date'] = parts[0].xstream('Root/LP_Start_Date')</cc:expression>
                    <cc:expression>props['pay.end.date'] = empty; props['pay.end.date'] = parts[0].xstream('Root/LP_End_Date')</cc:expression>
                    <cc:expression>props['tenure.start.year'] = empty; props['tenure.start.year'] = parts[0].xstream('Root/Tenure_Start_Year')</cc:expression>
                    <cc:expression>props['tenure2.days.not.in.abbr'] = empty; props['tenure2.days.not.in.abbr'] = parts[0].xstream('Root/Tenure_2_Days_Not_In_ABBR')</cc:expression>
                    <cc:expression>props['tenure2.days.in.year'] = empty; props['tenure2.days.in.year'] = parts[0].xstream('Root/Tenure_2_Days_In_Year')</cc:expression>
                </cc:eval>
            </cc:steps>
            <cc:send-error id="SendError" routes-to="CallWriteErrorEligEarningLPs"/>
        </cc:async-mediation>
        <cc:async-mediation id="WriteBenefitAnnualRateWS" routes-to="ValHeaderOn" execute-steps-when="props['zero.out'] == false" handle-downstream-errors="true">
            <cc:steps>
                <cc:write id="WriteWS">
                    <cc:message>
                        <cc:text>&lt;?xml version=&quot;1.0&quot; encoding=&quot;UTF-8&quot;?>&#xD;
&lt;env:Envelope xmlns:env=&quot;http://schemas.xmlsoap.org/soap/envelope/&quot;&#xD;
    xmlns:xsd=&quot;http://www.w3.org/2001/XMLSchema&quot;>&#xD;
    &lt;env:Body>&#xD;
        &lt;wd:Put_Benefit_Annual_Rate_Request xmlns:wd=&quot;urn:com.workday/bsvc&quot;&#xD;
            wd:version=&quot;@{props['ia.ws.ver']}&quot;>&#xD;
            &lt;wd:Benefit_Annual_Rate_Data>&#xD;
            	@if{props['lp.yearly.run'] == '1'}&#xD;
                &lt;wd:Effective_Date>@{props['ia.yearly.eff.date']}&lt;/wd:Effective_Date>&#xD;
              	@end{}&#xD;
              	@if{props['lp.yearly.run'] == '0'}&#xD;
                &lt;wd:Effective_Date>@{props['ws.eff.date']}&lt;/wd:Effective_Date>&#xD;
              	@end{}&#xD;
                &lt;wd:Worker_Reference>&#xD;
                    &lt;wd:ID wd:type=&quot;Employee_ID&quot;>@{props['emp.id']}&lt;/wd:ID>&#xD;
                &lt;/wd:Worker_Reference>&#xD;
                &lt;wd:Benefit_Annual_Rate>@{props['abbr.amount']}&lt;/wd:Benefit_Annual_Rate>&#xD;
                &lt;wd:Currency_Reference>&#xD;
                @if{props['work.country'] == 'USA'}&#xD;
                    &lt;wd:ID wd:type=&quot;Currency_ID&quot;>USD&lt;/wd:ID>&#xD;
                 @end{}&#xD;
                 @if{props['work.country'] == 'CAN'}&#xD;
                    &lt;wd:ID wd:type=&quot;Currency_ID&quot;>CAD&lt;/wd:ID>&#xD;
                 @end{}&#xD;
                &lt;/wd:Currency_Reference>&#xD;
                &lt;wd:Benefit_Annual_Rate_Type_Reference>&#xD;
                    &lt;wd:ID wd:type=&quot;Benefit_Annual_Rate_Type_ID&quot;>Benefits_Base_Rate&lt;/wd:ID>&#xD;
                &lt;/wd:Benefit_Annual_Rate_Type_Reference>&#xD;
            &lt;/wd:Benefit_Annual_Rate_Data>&#xD;
        &lt;/wd:Put_Benefit_Annual_Rate_Request>&#xD;
    &lt;/env:Body>&#xD;
&lt;/env:Envelope></cc:text>
                    </cc:message>
                </cc:write>
            </cc:steps>
            <cc:send-error id="SendError" routes-to="CallWriteErrorWS"/>
        </cc:async-mediation>
        <cc:workday-out-soap id="PutBenefitAnnualRateSOAP" routes-response-to="ValHeaderOff" application="Benefits_Administration" version="@{props['ia.ws.ver']}"/>
        <cc:async-mediation id="ValHeaderOn" routes-to="PutBenefitAnnualRateSOAP" execute-steps-when="props['lp.validation.mode']">
            <cc:steps>
                <cc:set-headers id="SetHeaders"><cc:remove-headers/><cc:add-headers>
    <cc:add-header name="X-Validate-Only" value="1"/>
</cc:add-headers></cc:set-headers>
            </cc:steps>
        </cc:async-mediation>
        <cc:async-mediation id="ValHeaderOff" routes-to="RouteAuditLinesAndGetPayInputs">
            <cc:steps>
                <cc:set-headers id="SetHeaders"><cc:remove-headers>
    <cc:remove-header name="X-Validate-Only"/>
</cc:remove-headers><cc:add-headers/></cc:set-headers>
            </cc:steps>
        </cc:async-mediation>
        <cc:local-in id="WriteErrorLog" routes-to="WriteErrorLine"/>
        <cc:async-mediation id="WriteErrorLine" routes-to="Aggregator1">
            <cc:steps>
                <cc:eval id="Eval">
                    <cc:expression>props['error.free'] = false</cc:expression>
                    <cc:expression>props['error.msg'] = context.errorMessage</cc:expression>
                    <cc:expression>props['error.count'] = props['error.count'] + 1</cc:expression>
                </cc:eval>
                <cc:write id="WriteErrorLine">
                    <cc:message>
                        <cc:text>&lt;?xml version=&quot;1.0&quot; encoding=&quot;UTF-8&quot;?>&#xD;
&lt;Worker>&#xD;
    &lt;EEID>@{props['emp.id']}&lt;/EEID>&#xD;
    &lt;First_Name>@{props['first.name']}&lt;/First_Name>&#xD;
    &lt;Last_Name>@{props['last.name']}&lt;/Last_Name>&#xD;
    &lt;Company>@{props['company']}&lt;/Company>&#xD;
    &lt;Hire_Date>@{props['hire.date']}&lt;/Hire_Date>&#xD;
    &lt;Employee_Type>@{props['emp.type']}&lt;/Employee_Type>&#xD;
    &lt;Job_Code>@{props['job.code']}&lt;/Job_Code>&#xD;
    &lt;Commission_Indicator>@{props['is.commission']}&lt;/Commission_Indicator>&#xD;
    &lt;Prior_ABBR_Amount>@{props['current.abbr.amount']}&lt;/Prior_ABBR_Amount>&#xD;
    &lt;ABBR_Group>@{props['abbr.group']}&lt;/ABBR_Group>&#xD;
    &lt;Tenure_Year>@{props['tenure']}&lt;/Tenure_Year>&#xD;
    &lt;Tenure_Start_Date>@{props['tenure.start.date']}&lt;/Tenure_Start_Date>&#xD;
    &lt;Tenure2_Days_Not_In_ABBR>@{props['tenure2.days.not.in.abbr']}&lt;/Tenure2_Days_Not_In_ABBR>&#xD;
    &lt;Current_Base_Pay>@{props['current.base.pay']}&lt;/Current_Base_Pay>&#xD;
    &lt;Comm_Payments_1Yr_Prior>@{props['elig.commissions.1yr.prior']}&lt;/Comm_Payments_1Yr_Prior>&#xD;
    &lt;Comm_Payments_2Yrs_Prior>@{props['elig.commissions.2yrs.prior']}&lt;/Comm_Payments_2Yrs_Prior>&#xD;
    &lt;Incen_Payments_1Yr_Prior>@{props['elig.incentives.1yr.prior']}&lt;/Incen_Payments_1Yr_Prior>&#xD;
    &lt;Incen_Payments_2Yrs_Prior>@{props['elig.incentives.2yrs.prior']}&lt;/Incen_Payments_2Yrs_Prior>&#xD;
    &lt;Raw_ABBR_Amount>@{props['raw.abbr.amount']}&lt;/Raw_ABBR_Amount>&#xD;
    &lt;Midpoint>@{props['midpoint']}&lt;/Midpoint>&#xD;
    &lt;New_ABBR_Amount>@{props['abbr.amount']}&lt;/New_ABBR_Amount>&#xD;
    &lt;Error_Message>@{props['error.msg']}&lt;/Error_Message>&#xD;
&lt;/Worker></cc:text>
                    </cc:message>
                </cc:write>
            </cc:steps>
            <cc:send-error id="SendError" routes-to="PIMErrorLineError"/>
        </cc:async-mediation>
        <cc:local-out id="CallWriteErrorEligEarningLPs" store-message="none" endpoint="vm://INT0082_ABBR_Calculation_Bidirectional/WriteErrorLog"/>
        <cc:local-out id="CallWriteErrorWS" store-message="none" endpoint="vm://INT0082_ABBR_Calculation_Bidirectional/WriteErrorLog"/>
        <cc:async-mediation id="WriteAuditLine" routes-to="AggregatorDetailedAudit" execute-steps-when="props['zero.out'] == false" handle-downstream-errors="true">
            <cc:steps>
                <cc:write id="WriteAuditLine">
                    <cc:message>
                        <cc:text>&lt;?xml version=&quot;1.0&quot; encoding=&quot;UTF-8&quot;?>&#xD;
&lt;Worker>&#xD;
    &lt;EEID>@{props['emp.id']}&lt;/EEID>&#xD;
    &lt;First_Name>@{props['first.name']}&lt;/First_Name>&#xD;
    &lt;Last_Name>@{props['last.name']}&lt;/Last_Name>&#xD;
    &lt;Company>@{props['company']}&lt;/Company>&#xD;
    &lt;Hire_Date>@{props['hire.date']}&lt;/Hire_Date>&#xD;
    &lt;Employee_Type>@{props['emp.type']}&lt;/Employee_Type>&#xD;
    &lt;Pay_Rate_Type>@{props['pay.rate.type']}&lt;/Pay_Rate_Type>&#xD;
    &lt;Job_Profile>&lt;![CDATA[@{props['job.profile']}]]&gt;&lt;/Job_Profile>&#xD;
    &lt;Commission_Indicator>@{props['is.commission']}&lt;/Commission_Indicator>&#xD;
    &lt;Prior_ABBR_Amount>@{props['current.abbr.amount']}&lt;/Prior_ABBR_Amount>&#xD;
    &lt;ABBR_Group>@{props['abbr.group']}&lt;/ABBR_Group>&#xD;
    &lt;Tenure_Year>@{props['tenure']}&lt;/Tenure_Year>&#xD;
    &lt;Tenure_Start_Date>@{props['tenure.start.date']}&lt;/Tenure_Start_Date>&#xD;
    &lt;Tenure2_Days_Not_In_ABBR>@{props['tenure2.days.not.in.abbr']}&lt;/Tenure2_Days_Not_In_ABBR>&#xD;
    &lt;Current_Base_Pay>@{props['current.base.pay']}&lt;/Current_Base_Pay>&#xD;
    &lt;Comm_Payments_1Yr_Prior>@{props['elig.commissions.1yr.prior']}&lt;/Comm_Payments_1Yr_Prior>&#xD;
    &lt;Comm_Payments_2Yrs_Prior>@{props['elig.commissions.2yrs.prior']}&lt;/Comm_Payments_2Yrs_Prior>&#xD;
    &lt;Incen_Payments_1Yr_Prior>@{props['elig.incentives.1yr.prior']}&lt;/Incen_Payments_1Yr_Prior>&#xD;
    &lt;Incen_Payments_2Yrs_Prior>@{props['elig.incentives.2yrs.prior']}&lt;/Incen_Payments_2Yrs_Prior>&#xD;
    &lt;Raw_ABBR_Amount>@{props['raw.abbr.amount']}&lt;/Raw_ABBR_Amount>&#xD;
    &lt;Midpoint>@{props['midpoint']}&lt;/Midpoint>&#xD;
    &lt;New_ABBR_Amount>@{props['abbr.amount']}&lt;/New_ABBR_Amount>&#xD;
&lt;/Worker></cc:text>
                    </cc:message>
                </cc:write>
            </cc:steps>
            <cc:send-error id="SendError" routes-to="CallWriteErrorAuditLineYearly"/>
        </cc:async-mediation>
        <cc:aggregator id="AggregatorDetailedAudit" routes-to="GenerateDetailAudit" collate-when="props['close.aggregator'] == false" force-batch-when="props['close.aggregator'] == true">
            <cc:size-batch-strategy batch-size="-1"/>
            <cc:xml-message-content-collater>
        <cc:header-text>&lt;Root></cc:header-text>
        <cc:footer-text>&lt;/Root></cc:footer-text>
      </cc:xml-message-content-collater>
        </cc:aggregator>
        <cc:async-mediation id="GenerateDetailAudit" routes-to="PIMDetailAudit">
            <cc:steps>
                <cc:xslt-plus id="XsltPlus" url="INT0082-Write-Audit-Log-v2.5.xsl"/>
                <cc:store id="Store" output="variable" output-variable="detailed.audit.file" expiresIn="P@{props['ia.doc.ret.pol']}D" title="INT0082_ABBR_Calc_audit_log.csv"/>
            </cc:steps>
            <cc:send-error id="SendError" routes-to="PIMDetailAuditError"/>
        </cc:async-mediation>
        <cc:aggregator id="Aggregator1" routes-to="GenerateErrorAudit" collate-when="props['close.error.aggregator'] == false" force-batch-when="props['close.error.aggregator'] == true">
            <cc:size-batch-strategy/>
            <cc:xml-message-content-collater>
        <cc:header-text>&lt;Root></cc:header-text>
        <cc:footer-text>&lt;/Root></cc:footer-text>
      </cc:xml-message-content-collater>
        </cc:aggregator>
        <cc:async-mediation id="GenerateErrorAudit" routes-to="PIMErrorAudit">
            <cc:steps>
                <cc:xslt-plus id="XsltPlus" url="INT0082-Write-Audit-Log-v2.5.xsl"/>
                <cc:store id="Store" output="variable" output-variable="error.log" expiresIn="P@{props['ia.doc.ret.pol']}D" title="INT0082_Error_Log.csv"/>
            </cc:steps>
            <cc:send-error id="SendError" routes-to="PIMGenerateErrorAudit"/>
        </cc:async-mediation>
        <cc:local-out id="PIMErrorAudit" endpoint="vm://wcc/PutIntegrationMessage"><cc:set name="is.message.severity" value="'WARNING'"/><cc:set name="is.message.summary" value="'Error Log attached'"/><cc:set name="is.document.variable.name" value="'error.log'"/><cc:set name="is.message.storage.enabled" value="false"/></cc:local-out>
        <cc:local-out id="PIMDetailAudit" endpoint="vm://wcc/PutIntegrationMessage"><cc:set name="is.message.severity" value="'INFO'"/><cc:set name="is.message.summary" value="'Detailed Audit Log attached'"/><cc:set name="is.document.variable.name" value="'detailed.audit.file'"/><cc:set name="is.document.deliverable" value="'false'"/><cc:set name="is.message.storage.enabled" value="false"/></cc:local-out>
        <cc:local-out id="CallWriteErrorDeriveTenure" store-message="none" endpoint="vm://INT0082_ABBR_Calculation_Bidirectional/WriteErrorLog"/>
        <cc:async-mediation id="CalcNewABBRAmountYearly" routes-to="CallWriteWSandAudit">
            <cc:steps>
                <cc:write id="WriteWorkerNode">
                    <cc:message>
                        <cc:text>&lt;?xml version=&quot;1.0&quot; encoding=&quot;UTF-8&quot;?>&#xD;
&lt;Worker>&#xD;
    &lt;ABBR_Group>@{props['abbr.group']}&lt;/ABBR_Group>&#xD;
    &lt;Current_Base_Pay>@{props['current.base.pay']}&lt;/Current_Base_Pay>&#xD;
    &lt;Midpoint>@{props['midpoint']}&lt;/Midpoint>&#xD;
    &lt;Tenure_Start_Year>@{props['tenure.start.year']}&lt;/Tenure_Start_Year>&#xD;
    &lt;Tenure2_Days_Not_In_ABBR>@{props['tenure2.days.not.in.abbr']}&lt;/Tenure2_Days_Not_In_ABBR>&#xD;
    &lt;Tenure2_Days_In_Year>@{props['tenure2.days.in.year']}&lt;/Tenure2_Days_In_Year>&#xD;
    &lt;Eligible_Incentives_1yr_Prior>@{props['elig.incentives.1yr.prior']}&lt;/Eligible_Incentives_1yr_Prior>&#xD;
    &lt;Eligible_Incentives_2yrs_Prior>@{props['elig.incentives.2yrs.prior']}&lt;/Eligible_Incentives_2yrs_Prior>&#xD;
    &lt;Eligible_Commissions_1yr_Prior>@{props['elig.commissions.1yr.prior']}&lt;/Eligible_Commissions_1yr_Prior>&#xD;
    &lt;Eligible_Commissions_2yrs_Prior>@{props['elig.commissions.2yrs.prior']}&lt;/Eligible_Commissions_2yrs_Prior>&#xD;
&lt;/Worker></cc:text>
                    </cc:message>
                </cc:write>
                <cc:log id="Log0">
                    <cc:log-message>
                        <cc:text>&#xD;
&#xD;
*******************Pre-XSLT*************</cc:text>
                        <cc:message-content/>
                    </cc:log-message>
                </cc:log>
                <cc:xslt-plus id="XsltPlus" url="INT0082-Calculate-ABBR-Amount-v2.2.xsl"/>
                <cc:log id="Log">
                    <cc:log-message>
                        <cc:text>&#xD;
&#xD;
*********************POST XSLT*******************</cc:text>
                        <cc:message-content/>
                    </cc:log-message>
                </cc:log>
                <cc:eval id="Eval">
                    <cc:expression>props['abbr.amount'] = empty; props['abbr.amount'] = (double) parts[0].xstream('Root/Rounded_ABBR_Amount')</cc:expression>
                    <cc:expression>props['raw.abbr.amount'] = empty; props['raw.abbr.amount'] = (double) parts[0].xstream('Root/Raw_ABBR_Amount')</cc:expression>
                </cc:eval>
            </cc:steps>
            <cc:send-error id="SendError" routes-to="CallWriteErrorCalc"/>
        </cc:async-mediation>
        <cc:local-out id="CallWriteErrorCalc" store-message="none" endpoint="vm://INT0082_ABBR_Calculation_Bidirectional/WriteErrorLog"/>
        <cc:workday-out-rest id="CallTenure2EligibleEarningsReport" routes-response-to="SetTenure2Earnings" extra-path="@{intsys.reportService.getExtrapath('Tenure 2 Eligible Earnings')}?Worker!WID=@{props['worker.wid']}&amp;Start_Date=@{props['pay.start.date']}&amp;End_Date=@{props['pay.end.date']}"/>
        <cc:local-in id="CloseAuditAgg" routes-to="AggregatorDetailedAudit"/>
        <cc:local-out id="CallCloseAuditAgg" store-message="none" routes-response-to="CallCloseSummaryAuditAgg" endpoint="vm://INT0082_ABBR_Calculation_Bidirectional/CloseAuditAgg"><cc:set name="set.agg" value="props['close.aggregator'] = true"/></cc:local-out>
        <cc:local-out id="CallCloseErrorAuditAgg" store-message="none" execute-when="props['error.count'] > 0" routes-response-to="PutIntegrationEvent0" endpoint="vm://INT0082_ABBR_Calculation_Bidirectional/CloseErrorAuditAgg"><cc:set name="set.agg" value="props['close.error.aggregator'] = true"/></cc:local-out>
        <cc:local-in id="CloseErrorAuditAgg" routes-to="Aggregator1"/>
        <cc:local-out id="CallWriteErrorYearly" store-message="none" endpoint="vm://INT0082_ABBR_Calculation_Bidirectional/WriteErrorLog"/>
        <cc:local-out id="CallWriteErrorAuditLineYearly" store-message="none" endpoint="vm://INT0082_ABBR_Calculation_Bidirectional/WriteErrorLog"/>
        <cc:local-out id="CallWriteErrorDaily" store-message="none" endpoint="vm://INT0082_ABBR_Calculation_Bidirectional/WriteErrorLog"/>
        <cc:local-out id="PIMErrorLineError" endpoint="vm://wcc/PutIntegrationMessage">
            <cc:set name="is.message.severity" value="'WARNING'"/>
            <cc:set name="is.message.summary" value="'An error occurred while writing an error line to the Error Audit for ' props['emp.id']"/>
            <cc:set name="is.message.detail" value="context.errorMessage"/>
            <cc:set name="is.message.storage.enabled" value="false"/>
        </cc:local-out>
        <cc:local-out id="CallDeriveTenure" store-message="none" endpoint="vm://INT0082_ABBR_Calculation_Bidirectional/DeriveTenure"/>
        <cc:local-out id="CallDeriveTenureYearly" store-message="none" endpoint="vm://INT0082_ABBR_Calculation_Bidirectional/DeriveTenure"/>
        <cc:local-in id="DeriveTenure" routes-to="BPHistoryError"/>
        <cc:local-out id="CallEvalTenureAndReportLPs" store-message="none" endpoint="vm://INT0082_ABBR_Calculation_Bidirectional/EvalTenureAndReportLPs"/>
        <cc:local-in id="EvalTenureAndReportLPs" routes-to="EvalTenureAndReportLPsYearly"/>
        <cc:local-in id="WriteWSandAudit" routes-to="WriteBenefitAnnualRateWS"/>
        <cc:local-out id="CallWriteWSandAudit" store-message="none" endpoint="vm://INT0082_ABBR_Calculation_Bidirectional/WriteWSandAudit"/>
        <cc:local-out id="PIMDetailAuditError" endpoint="vm://wcc/PutIntegrationMessage"><cc:set name="is.message.severity" value="'ERROR'"/><cc:set name="is.message.summary" value="'Error occurred while generating Audit File. See details for more information.'"/><cc:set name="is.message.detail" value="context.errorMessage"/><cc:set name="is.message.storage.enabled" value="false"/></cc:local-out>
        <cc:local-out id="PIMGenerateErrorAudit" endpoint="vm://wcc/PutIntegrationMessage"><cc:set name="is.message.severity" value="'ERROR'"/><cc:set name="is.message.summary" value="'Error generating Error Audit file. Check details for more information.'"/><cc:set name="is.message.detail" value="context.errorMessage"/><cc:set name="is.message.storage.enabled" value="false"/></cc:local-out>
        <cc:async-mediation id="BPHistoryError" routes-to="GetBPHistoryReport" handle-downstream-errors="true">
            <cc:steps/>
            <cc:send-error id="SendError" routes-to="PIMBPHistoryError"/>
        </cc:async-mediation>
        <cc:local-out id="PIMBPHistoryError" endpoint="vm://wcc/PutIntegrationMessage">
            <cc:set name="is.message.severity" value="'ERROR'"/>
            <cc:set name="is.message.summary" value="'Error retrieving BP History report for ' props['emp.id']"/>
            <cc:set name="is.message.detail" value="context.errorMessage"/>
            <cc:set name="is.message.storage.enabled" value="false"/>
        </cc:local-out>
        <cc:async-mediation id="BuildGetPayInputs" routes-to="PagedGet">
            <cc:steps>
                <cc:eval id="Eval">
                    <cc:expression>props['pi.error'] = false</cc:expression>
                    <cc:expression>//Swap emp.id.zero over to emp.id</cc:expression>
                    <cc:expression>props['emp.id.zero'] != empty ? props['emp.id'] = props['emp.id.zero']</cc:expression>
                    <cc:expression>props['current.employee.id'] = empty; props['existing.input.id'] = empty; props['existing.batch.id'] = empty; props['existing.amount'] = empty;&#xD;
props['existing.start.date'] = empty; props['prior.period.end.date'] = empty;</cc:expression>
                </cc:eval>
                <cc:write id="Write">
                    <cc:message>
                        <cc:text>&lt;wd:Get_Submit_Payroll_Inputs_Request xmlns:wd=&quot;urn:com.workday/bsvc&quot;>&#xD;
    &lt;wd:Request_Criteria>&#xD;
    	&lt;wd:Worker_Reference>&#xD;
            &lt;wd:ID wd:type=&quot;Employee_ID&quot;>@{props['emp.id']}&lt;/wd:ID>&#xD;
        &lt;/wd:Worker_Reference>&#xD;
        &lt;wd:Earning_Reference>&#xD;
            &lt;wd:ID wd:type=&quot;Earning_Code&quot;>ABRMEM&lt;/wd:ID>&#xD;
        &lt;/wd:Earning_Reference>&#xD;
        &lt;wd:Open-Ended_Ongoing_Inputs>true&lt;/wd:Open-Ended_Ongoing_Inputs>&#xD;
    &lt;/wd:Request_Criteria>&#xD;
    &lt;wd:Response_Filter>             &#xD;
        &lt;wd:Page>1&lt;/wd:Page>&#xD;
        &lt;wd:Count>999&lt;/wd:Count>&#xD;
    &lt;/wd:Response_Filter>&#xD;
    &lt;wd:Response_Group>&#xD;
        &lt;wd:Include_Reference>false&lt;/wd:Include_Reference>&#xD;
        &lt;wd:Include_Payroll_Input_Data>true&lt;/wd:Include_Payroll_Input_Data>&#xD;
    &lt;/wd:Response_Group>&#xD;
&lt;/wd:Get_Submit_Payroll_Inputs_Request></cc:text>
                    </cc:message>
                </cc:write>
                <cc:wrap-soap id="WrapSoap"/>
            </cc:steps>
            <cc:send-error id="SendError" routes-to="PIMPagedGetPayInputs"/>
        </cc:async-mediation>
        <cc:local-out id="PagedGet" routes-response-to="RouteInputs" endpoint="vm://wcc/PagedGet"><cc:set name="is.paged.get.request.current.page.xpath" value="'/env:Envelope/env:Body/*/wd:Response_Filter/wd:Page'"/><cc:set name="is.paged.get.response.current.page.xpath" value="'/env:Envelope/env:Body/*/wd:Response_Results/wd:Page'"/><cc:set name="is.paged.get.response.total.pages.xpath" value="'/env:Envelope/env:Body/*/wd:Response_Results/wd:Total_Pages'"/><cc:set name="is.paged.get.response.total.results.xpath" value="'/env:Envelope/env:Body/*/wd:Response_Results/wd:Total_Results'"/><cc:set name="is.paged.get.application" value="'Payroll'"/><cc:set name="is.paged.get.version" value="props['ia.ws.ver']"/><cc:set name="is.paged.get.page.zero" value="false"/><cc:set name="is.paged.get.store.requests" value="true"/><cc:set name="is.paged.get.parallel" value="false"/></cc:local-out>
        <cc:local-in id="GetExistingPayInputs" routes-to="BuildGetPayInputs"/>
        <cc:async-mediation id="SetExistingInputValues" routes-to="CallCloseExistingInput">
            <cc:steps>
                <cc:eval id="Eval">
                    <cc:expression>props['current.employee.id'] = parts[0].xpath(&quot;/wd:Payroll_Input/wd:Payroll_Input_Data[wd:Ongoing_Input = '1' and (exists(wd:End_Date) = false())]/wd:Worker_Reference/wd:ID[@wd:type = 'Employee_ID']&quot;);	</cc:expression>
                    <cc:expression>props['existing.payroll.inputs.map'].put(props['current.employee.id'], parts[0].text);</cc:expression>
                    <cc:expression>props['existing.input.id'] = parts[0].xpath(&quot;env:Envelope/env:Body/wd:Get_Submit_Payroll_Inputs_Response/wd:Response_Data/wd:Payroll_Input/wd:Payroll_Input_Data/wd:Payroll_Input_ID&quot;)</cc:expression>
                    <cc:expression>props['existing.batch.id'] = parts[0].xpath(&quot;env:Envelope/env:Body/wd:Get_Submit_Payroll_Inputs_Response/wd:Response_Data/wd:Payroll_Input/wd:Payroll_Input_Data/wd:Batch_ID&quot;)</cc:expression>
                    <cc:expression>props['existing.amount'] = parts[0].xpath(&quot;env:Envelope/env:Body/wd:Get_Submit_Payroll_Inputs_Response/wd:Response_Data/wd:Payroll_Input/wd:Payroll_Input_Data/wd:Amount&quot;)</cc:expression>
                    <cc:expression>props['existing.start.date'] = parts[0].xpath(&quot;env:Envelope/env:Body/wd:Get_Submit_Payroll_Inputs_Response/wd:Response_Data/wd:Payroll_Input/wd:Payroll_Input_Data/wd:Start_Date&quot;)</cc:expression>
                    <cc:expression>props['prior.period.end.date'] = parts[0].xpath(&quot;env:Envelope/env:Body/wd:Get_Submit_Payroll_Inputs_Response/wd:Response_Data/wd:Payroll_Input/wd:Payroll_Input_Data/@wd:Last_Period_End_Date&quot;)</cc:expression>
                </cc:eval>
            </cc:steps>
        </cc:async-mediation>
        <cc:local-out id="CallGetExistingPayInputs" store-message="none" endpoint="vm://INT0082_ABBR_Calculation_Bidirectional/GetExistingPayInputs"/>
        <cc:route id="RouteAuditLinesAndGetPayInputs">
            <cc:all-strategy/>
            <cc:sub-route name="DetailedAudit" routes-to="WriteAuditLine"/>
            <cc:sub-route name="SummaryAudit" routes-to="WriteSummaryLine"/>
            <cc:sub-route name="PayInput" routes-to="CallGetExistingPayInputs"/>
        </cc:route>
        <cc:route id="RouteInputs">
            <cc:mvel-strategy>
                <cc:choose-route expression="parts[0].xpathB('env:Envelope/env:Body/wd:Get_Submit_Payroll_Inputs_Response/wd:Response_Data/wd:Payroll_Input')" route="ExistingInput"/>
                <cc:choose-route expression="true" route="NoExistingInput"/>
            </cc:mvel-strategy>
            <cc:sub-route name="ExistingInput" routes-to="SetExistingInputValues"/>
            <cc:sub-route name="NoExistingInput" routes-to="CallOpenNewInput"/>
        </cc:route>
        <cc:local-in id="CloseExistingInput" routes-to="WriteCloseExistingInput"/>
        <cc:local-in id="OpenNewInput" routes-to="WriteOpenNewInput"/>
        <cc:local-out id="CallOpenNewInput" store-message="none" execute-when="props['zero.out'] == false" endpoint="vm://INT0082_ABBR_Calculation_Bidirectional/OpenNewInput"/>
        <cc:local-out id="CallCloseExistingInput" store-message="none" routes-response-to="CallOpenNewInput" endpoint="vm://INT0082_ABBR_Calculation_Bidirectional/CloseExistingInput"/>
        <cc:async-mediation id="ValHeadOn3" routes-to="OpenNewInputSOAP" execute-steps-when="props['lp.validation.mode']">
            <cc:steps>
                <cc:set-headers id="SetHeaders">
                    <cc:remove-headers/>
                    <cc:add-headers>
                        <cc:add-header name="X-Validate-Only" value="1"/>
                    </cc:add-headers>
                </cc:set-headers>
            </cc:steps>
        </cc:async-mediation>
        <cc:async-mediation id="ValHeadOn2" routes-to="CloseExistingInputSOAP" execute-steps-when="props['lp.validation.mode']">
            <cc:steps>
                <cc:set-headers id="SetHeaders">
                    <cc:remove-headers/>
                    <cc:add-headers>
                        <cc:add-header name="X-Validate-Only" value="1"/>
                    </cc:add-headers>
                </cc:set-headers>
            </cc:steps>
        </cc:async-mediation>
        <cc:workday-out-soap id="CloseExistingInputSOAP" routes-response-to="ValHeadOff2" application="Payroll" version="@{props['ia.ws.ver']}"/>
        <cc:workday-out-soap id="OpenNewInputSOAP" routes-response-to="ValHeadOff3" application="Payroll" version="@{props['ia.ws.ver']}"/>
        <cc:async-mediation id="ValHeadOff3" routes-to="WritePIAuditLine">
            <cc:steps>
                <cc:set-headers id="SetHeaders">
                    <cc:remove-headers>
                        <cc:remove-header name="X-Validate-Only"/>
                    </cc:remove-headers>
                    <cc:add-headers/>
                </cc:set-headers>
            </cc:steps>
        </cc:async-mediation>
        <cc:async-mediation id="ValHeadOff2" routes-to="WritePIAuditLine">
            <cc:steps>
                <cc:set-headers id="SetHeaders">
                    <cc:remove-headers>
                        <cc:remove-header name="X-Validate-Only"/>
                    </cc:remove-headers>
                    <cc:add-headers/>
                </cc:set-headers>
            </cc:steps>
        </cc:async-mediation>
        <cc:aggregator id="AggregatorSummaryAudit" routes-to="GenerateSummaryAudit" collate-when="props['close.aggregator'] == false" force-batch-when="props['close.aggregator'] == true">
            <cc:size-batch-strategy batch-size="-1"/>
            <cc:xml-message-content-collater>
        <cc:header-text>&lt;Root></cc:header-text>
        <cc:footer-text>&lt;/Root></cc:footer-text>
      </cc:xml-message-content-collater>
        </cc:aggregator>
        <cc:local-in id="CloseSummaryAuditAgg" routes-to="AggregatorSummaryAudit"/>
        <cc:local-out id="CallCloseSummaryAuditAgg" store-message="none" routes-response-to="CallClosePIAuditAgg" endpoint="vm://INT0082_ABBR_Calculation_Bidirectional/CloseSummaryAuditAgg"/>
        <cc:async-mediation id="GenerateSummaryAudit" routes-to="PIMSummaryAudit">
            <cc:steps>
                <cc:xslt-plus id="XsltPlus" url="INT0082-Write-Summary-Audit-Log-v1.xsl"/>
                <cc:store id="Store" output="variable" output-variable="summary.audit.file" expiresIn="P@{props['ia.doc.ret.pol']}D" title="hhrxabr_out1.csv"/>
            </cc:steps>
            <cc:send-error id="SendError" routes-to="PIMSummaryAuditError"/>
        </cc:async-mediation>
        <cc:local-out id="PIMSummaryAudit" endpoint="vm://wcc/PutIntegrationMessage"><cc:set name="is.message.severity" value="'INFO'"/><cc:set name="is.message.summary" value="'Summary Audit file is attached.'"/><cc:set name="is.document.variable.name" value="'summary.audit.file'"/><cc:set name="is.document.deliverable" value="'true'"/><cc:set name="is.message.storage.enabled" value="false"/></cc:local-out>
        <cc:local-out id="PIMSummaryAuditError" endpoint="vm://wcc/PutIntegrationMessage"><cc:set name="is.message.severity" value="'ERROR'"/><cc:set name="is.message.summary" value="'An Error occurred while transforming the Summary Audit file. See details for more info.'"/><cc:set name="is.message.detail" value="context.errorMessage"/><cc:set name="is.message.storage.enabled" value="false"/></cc:local-out>
        <cc:async-mediation id="WriteSummaryLine" routes-to="AggregatorSummaryAudit">
            <cc:steps>
                <cc:eval id="FormatDates">
                    <cc:expression>props['lp.yearly.run'] == '1' ?  props['summary.eff.date'] = props['ia.yearly.eff.date']</cc:expression>
                    <cc:expression>props['lp.yearly.run'] == '0' ? props['summary.eff.date'] = props['ws.eff.date']</cc:expression>
                </cc:eval>
                <cc:write id="Write">
                    <cc:message>
                        <cc:text>&lt;?xml version=&quot;1.0&quot; encoding=&quot;UTF-8&quot;?>&#xD;
&lt;Worker>&#xD;
    &lt;EEID>@{props['emp.id']}&lt;/EEID>&#xD;
 	&lt;Eff_Date>@{props['summary.eff.date']}&lt;/Eff_Date>&#xD;
    &lt;New_ABBR_Amount>@{props['abbr.amount']}&lt;/New_ABBR_Amount>&#xD;
&lt;/Worker></cc:text>
                    </cc:message>
                </cc:write>
            </cc:steps>
        </cc:async-mediation>
        <cc:async-mediation id="WritePIAuditLine" routes-to="Aggregator">
            <cc:steps>
                <cc:eval id="Eval">
                    <cc:expression>props['pi.error'] == false ? props['pi.audit.status'] = 'Success' : props['pi.audit.status'] = 'Fail'</cc:expression>
                    <cc:expression>props['pi.error'] == false ? props['pi.audit.message'] = 'Successfully updated Payroll Input' : props['pi.audit.message'] = context.errorMessage</cc:expression>
                    <cc:expression>props['existing.end.date'] = props['prior.period.end.date'] == '' ? props['existing.start.date'] : props['prior.period.end.date']</cc:expression>
                </cc:eval>
                <cc:write id="Write">
                    <cc:message>
                        <cc:text>&lt;?xml version=&quot;1.0&quot; encoding=&quot;UTF-8&quot;?>&#xD;
&lt;Audit>&#xD;
	@if{props['input.process'] == 'Open'}&#xD;
	&lt;Process>@{props['input.process']}&lt;/Process>&#xD;
    &lt;EEID>@{props['emp.id']}&lt;/EEID>&#xD;
	&lt;Start_Date>@{props['period.begin.date']}&lt;/Start_Date>&#xD;
	&lt;End_Date>N/A&lt;/End_Date>&#xD;
	&lt;Amount>@{props['abbr.amount']}&lt;/Amount>&#xD;
	&lt;Status>@{props['pi.audit.status']}&lt;/Status>&#xD;
	&lt;Message>@{props['pi.audit.message'] }&lt;/Message>&#xD;
	@end{}	&#xD;
	@if{props['input.process'] == 'Close'}&#xD;
	&lt;Process>@{props['input.process']}&lt;/Process>&#xD;
    &lt;EEID>@{props['emp.id']}&lt;/EEID>&#xD;
	&lt;Start_Date>@{props['existing.start.date']}&lt;/Start_Date>&#xD;
    &lt;End_Date>@{props['existing.end.date']}&lt;/End_Date>&#xD;
	&lt;Amount>@{props['existing.amount']}&lt;/Amount>&#xD;
	&lt;Status>@{props['pi.audit.status']}&lt;/Status>&#xD;
	&lt;Message>@{props['pi.audit.message']}&lt;/Message>&#xD;
	@end{}	&#xD;
&lt;/Audit></cc:text>
                    </cc:message>
                </cc:write>
            </cc:steps>
        </cc:async-mediation>
        <cc:aggregator id="Aggregator" routes-to="StorePIAudit" collate-when="props['close.aggregator'] == false" force-batch-when="props['close.aggregator'] == true">
            <cc:size-batch-strategy batch-size="-1"/>
            <cc:xml-message-content-collater>
        <cc:header-text>&lt;Root></cc:header-text>
        <cc:footer-text>&lt;/Root></cc:footer-text>
      </cc:xml-message-content-collater>
        </cc:aggregator>
        <cc:sync-mediation id="WriteOpenNewInput" routes-to="ValHeadOn3" handle-downstream-errors="true">
            <cc:request-steps>
                <cc:eval id="Eval">
                    <cc:expression>props['new.input.id'] = 'INT0082_ABBR_' + props['emp.id'] + '_' + props['current.datetime']</cc:expression>
                    <cc:expression>props['input.process'] = 'Open'</cc:expression>
                </cc:eval>
                <cc:write id="Write">
                    <cc:message>
                        <cc:text>&lt;wd:Submit_Payroll_Input_Request xmlns:wd=&quot;urn:com.workday/bsvc&quot; wd:version=&quot;@{props['ia.ws.ver']}&quot;>&#xD;
    &lt;wd:Payroll_Input_Data wd:Last_Period_End_Date=&quot;2008-09-29&quot;>&#xD;
        &lt;wd:Payroll_Input_ID>@{props['new.input.id']}&lt;/wd:Payroll_Input_ID>&#xD;
        &lt;wd:Batch_ID>@{props['new.batch.id']}&lt;/wd:Batch_ID>&#xD;
        &lt;wd:Ongoing_Input>true&lt;/wd:Ongoing_Input>&#xD;
        &lt;wd:Start_Date>@{props['period.begin.date']}&lt;/wd:Start_Date>&#xD;
        &lt;wd:Worker_Reference>&#xD;
            &lt;wd:ID wd:type=&quot;Employee_ID&quot;>@{props['emp.id']}&lt;/wd:ID>&#xD;
        &lt;/wd:Worker_Reference>&#xD;
        &lt;wd:Earning_Reference>&#xD;
            &lt;wd:ID wd:type=&quot;Earning_Code&quot;>ABRMEM&lt;/wd:ID>&#xD;
        &lt;/wd:Earning_Reference>&#xD;
        &lt;wd:Amount>@{props['abbr.amount']}&lt;/wd:Amount>&#xD;
        &lt;wd:Adjustment>false&lt;/wd:Adjustment>        &#xD;
    &lt;/wd:Payroll_Input_Data>&#xD;
&lt;/wd:Submit_Payroll_Input_Request></cc:text>
                    </cc:message>
                </cc:write>
                <cc:wrap-soap id="WrapSoap"/></cc:request-steps>
            <cc:response-steps>
                <cc:eval id="ResetPropsOpen">
                    <cc:expression>props['input.process'] = empty; props['pi.audit.message'] = empty; props['pi.audit.status'] = empty; props['pi.error'] = false</cc:expression>
                </cc:eval>
            </cc:response-steps>
            <cc:send-error id="SendError" routes-to="CallPIErrorInOpen"/>
        </cc:sync-mediation>
        <cc:sync-mediation id="WriteCloseExistingInput" routes-to="ValHeadOn2" handle-downstream-errors="true">
            <cc:request-steps>
                <cc:eval id="Eval0">
                    <cc:expression>props['input.process'] = 'Close'</cc:expression>
                    <cc:expression>props['existing.end.date'] = props['prior.period.end.date'] == '' ? props['existing.start.date'] : props['prior.period.end.date']</cc:expression>
                </cc:eval>
                <cc:log id="Log">
                    <cc:log-message>
                        <cc:text>&#xD;
&#xD;
*****************Values***************&#xD;
Input ID : @{props['existing.input.id']}&#xD;
Batch ID: @{props['existing.batch.id']}&#xD;
props['existing.start.date'] = @{props['existing.start.date']}&#xD;
props['prior.period.end.date'] = @{props['prior.period.end.date']}&#xD;
props['existing.end.date'] = @{props['existing.end.date']}&#xD;
&#xD;
</cc:text>
                    </cc:log-message>
                </cc:log>
                <cc:write id="Write">
                    <cc:message>
                        <cc:text>&lt;wd:Submit_Payroll_Input_Request xmlns:wd=&quot;urn:com.workday/bsvc&quot; wd:version=&quot;@{props['ia.ws.ver']}&quot;>&#xD;
    &lt;wd:Payroll_Input_Data wd:Last_Period_End_Date=&quot;2008-09-29&quot;>&#xD;
        &lt;wd:Payroll_Input_ID>@{props['existing.input.id']}&lt;/wd:Payroll_Input_ID>&#xD;
        &lt;wd:Batch_ID>@{props['existing.batch.id']}&lt;/wd:Batch_ID>&#xD;
        &lt;wd:Ongoing_Input>true&lt;/wd:Ongoing_Input>&#xD;
        &lt;wd:Start_Date>@{props['existing.start.date']}&lt;/wd:Start_Date>&#xD;
        &lt;wd:End_Date>@{props['existing.end.date']}&lt;/wd:End_Date>&#xD;
    	&lt;wd:Worker_Reference>&#xD;
            &lt;wd:ID wd:type=&quot;Employee_ID&quot;>@{props['emp.id']}&lt;/wd:ID>&#xD;
        &lt;/wd:Worker_Reference>&#xD;
        &lt;wd:Earning_Reference>&#xD;
            &lt;wd:ID wd:type=&quot;Earning_Code&quot;>ABRMEM&lt;/wd:ID>&#xD;
        &lt;/wd:Earning_Reference>&#xD;
        &lt;wd:Amount>@{props['existing.amount']}&lt;/wd:Amount>&#xD;
        &lt;wd:Adjustment>false&lt;/wd:Adjustment>        &#xD;
    &lt;/wd:Payroll_Input_Data>&#xD;
&lt;/wd:Submit_Payroll_Input_Request></cc:text>
                    </cc:message>
                </cc:write>
                <cc:wrap-soap id="WrapSoap"/>
            </cc:request-steps>
            <cc:response-steps>
                <cc:eval id="ResetPropsClose">
                    <cc:expression>props['input.process'] = empty; props['pi.audit.message'] = empty; props['pi.audit.status'] = empty; props['pi.error'] = false</cc:expression>
                </cc:eval>
            </cc:response-steps>
            <cc:send-error id="SendError" routes-to="CallPIErrorInClose"/>
        </cc:sync-mediation>
        <cc:async-mediation id="StorePIAudit" routes-to="PIMPayInputAudit">
            <cc:steps>
                <cc:xml-to-csv id="XmlToCsv" line-separator="CRLF" writeHeaderLine="'Process,Employee ID,Start Date, End Date, Amount, Status, Message'"/>
                <cc:store id="Store" output="variable" output-variable="pi.audit.file" expiresIn="P@{props['ia.doc.ret.pol']}D" title="Payroll_Inputs_Audit_Log.csv"/>
            </cc:steps>
        </cc:async-mediation>
        <cc:local-out id="PIMPayInputAudit" endpoint="vm://wcc/PutIntegrationMessage"><cc:set name="is.message.severity" value="'INFO'"/><cc:set name="is.message.summary" value="'Payroll Inputs Audit file is attached.'"/><cc:set name="is.document.variable.name" value="'pi.audit.file'"/><cc:set name="is.document.deliverable" value="'false'"/><cc:set name="is.message.storage.enabled" value="false"/></cc:local-out>
        <cc:local-in id="ClosePIAuditAgg" routes-to="Aggregator"/>
        <cc:local-out id="CallClosePIAuditAgg" store-message="none" routes-response-to="CallCloseErrorAuditAgg" endpoint="vm://INT0082_ABBR_Calculation_Bidirectional/ClosePIAuditAgg"/>
        <cc:local-out id="CallPIErrorInClose" store-message="none" endpoint="vm://INT0082_ABBR_Calculation_Bidirectional/PIErrorIn"><cc:set name="set.error" value="props['pi.error'] = true"/></cc:local-out>
        <cc:local-out id="CallPIErrorInOpen" store-message="none" endpoint="vm://INT0082_ABBR_Calculation_Bidirectional/PIErrorIn"><cc:set name="set.error" value="props['pi.error'] = true"/></cc:local-out>
        <cc:local-in id="PIErrorIn" routes-to="WritePIAuditLine"/>
        <cc:local-out id="PIMPagedGetPayInputs" endpoint="vm://wcc/PutIntegrationMessage"><cc:set name="is.message.severity" value="'ERROR'"/><cc:set name="is.message.summary" value="'An Error occurred while getting Pay Inputs for ' + props['emp.id'] + '.'"/><cc:set name="is.message.detail" value="context.errorMessage"/><cc:set name="is.message.storage.enabled" value="false"/></cc:local-out>
        <cc:route id="Route0">
            <cc:mvel-strategy>
                <cc:choose-route expression="props['tenure'] == &quot;Tenure 2&quot;" route="Tenure 2"/>
                <cc:choose-route expression="props['tenure'] == &quot;Tenure 3&quot; || props['tenure'] == &quot;Tenure 4+&quot;" route="Tenure 3 and 4"/>
                <cc:choose-route expression="true" route="Tenure 1"/>
            </cc:mvel-strategy>
            <cc:sub-route name="Tenure 1" routes-to="CalcNewABBRAmountYearly"/>
            <cc:sub-route name="Tenure 2" routes-to="Tenure2Error"/>
            <cc:sub-route name="Tenure 3 and 4" routes-to="Tenure3and4Error"/>
        </cc:route>
        <cc:async-mediation id="SetTenure2Earnings" routes-to="CalcNewABBRAmountYearly">
            <cc:steps>
                <cc:xslt-plus id="SumTenure2Earnings" url="INT0082-Sum-Tenure2-Earnings-v1.0.xsl"/>
                <cc:eval id="Eval">
                    <cc:expression>//Save Eligible Commission and Incentives for Tenure 2 Employees</cc:expression>
                    <cc:expression>(parts[0].xpathB('Root/COM_Earnings') == true) ? (props['elig.commissions.1yr.prior'] = parts[0].xstream('Root/COM_Earnings')) : &#xD;
props['elig.commissions.1yr.prior'] = (double) 0</cc:expression>
                    <cc:expression>(parts[0].xpathB('Root/INC_Earnings') == true) ? (props['elig.incentives.1yr.prior'] = parts[0].xstream('Root/INC_Earnings')) : &#xD;
props['elig.incentives.1yr.prior'] = (double) 0</cc:expression>
                </cc:eval>
            </cc:steps>
        </cc:async-mediation>
        <cc:async-mediation id="SetTenure3and4Earnings" routes-to="CalcNewABBRAmountYearly">
            <cc:steps>
                <cc:eval id="Eval0">
                    <cc:expression>//Save Eligible Commission and Incentives for Tenure 3 and 4 Employees</cc:expression>
                    <cc:expression>props['elig.commissions.1yr.prior'] = parts[0].xpath('wd:Report_Data/wd:Report_Entry/wd:mostRecentlyCompletedPayPeriod/wd:eligComm1yrPrior')</cc:expression>
                    <cc:expression>props['elig.commissions.2yrs.prior'] = parts[0].xpath('wd:Report_Data/wd:Report_Entry/wd:mostRecentlyCompletedPayPeriod/wd:eligComm2yrPrior')</cc:expression>
                    <cc:expression>props['elig.incentives.1yr.prior'] = parts[0].xpath('wd:Report_Data/wd:Report_Entry/wd:mostRecentlyCompletedPayPeriod/wd:eligIncent1yrPrior')</cc:expression>
                    <cc:expression>props['elig.incentives.2yrs.prior'] = parts[0].xpath('wd:Report_Data/wd:Report_Entry/wd:mostRecentlyCompletedPayPeriod/wd:eligIncent2yrPrior')</cc:expression>
                </cc:eval>
            </cc:steps>
        </cc:async-mediation>
        <cc:workday-out-rest id="CallTenure3and4EligibleEarningsReport" routes-response-to="SetTenure3and4Earnings" extra-path="@{intsys.reportService.getExtrapath('Tenure 3 and 4 Eligible Earnings')}?Worker!WID=@{props['worker.wid']}"/>
        <cc:local-out id="PutIntegrationEvent0" endpoint="vm://wcc/PutIntegrationEvent"><cc:set name="is.event.completed" value="&quot;current&quot;"/></cc:local-out>
        <cc:async-mediation id="Tenure3and4Error" routes-to="CallTenure3and4EligibleEarningsReport" handle-downstream-errors="true">
            <cc:steps/>
            <cc:send-error id="SendError" routes-to="PIMTen3and4Report"/>
        </cc:async-mediation>
        <cc:async-mediation id="Tenure2Error" routes-to="CallTenure2EligibleEarningsReport" handle-downstream-errors="true">
            <cc:steps/>
            <cc:send-error id="SendError" routes-to="PIMTen2Report"/>
        </cc:async-mediation>
        <cc:local-out id="PIMTen3and4Report" endpoint="vm://wcc/PutIntegrationMessage"><cc:set name="is.message.severity" value="'ERROR'"/><cc:set name="is.message.summary" value="'Error calling Tenure 3 and 4 Eligible Earnings report for ' + props['emp.id']"/><cc:set name="is.message.detail" value="context.errorMessage"/><cc:set name="is.message.storage.enabled" value="false"/></cc:local-out>
        <cc:local-out id="PIMTen2Report" endpoint="vm://wcc/PutIntegrationMessage"><cc:set name="is.message.severity" value="'ERROR'"/><cc:set name="is.message.summary" value="'Error calling Tenure 2 Eligible Earnings report for ' + props['emp.id']"/><cc:set name="is.message.detail" value="context.errorMessage"/><cc:set name="is.message.storage.enabled" value="false"/></cc:local-out>
        <cc:route id="RouteEligibility">
            <cc:mvel-strategy>
                <cc:choose-route expression="parts[0].xpath('ws:Worker/ws:Eligibility') == 'true' &amp;&amp; props['emp.status'] != 'T'" route="Eligibility True"/>
                <cc:choose-route expression="true" route="Eligibility False"/>
            </cc:mvel-strategy>
            <cc:sub-route name="Eligibility True" routes-to="DetermineEligibility"/>
            <cc:sub-route name="Eligibility False" routes-to="DetermineZeroOutEligibility"/>
        </cc:route>
        <cc:async-mediation id="DetermineZeroOutEligibility" routes-to="SetandWriteWS">
            <cc:steps>
                <cc:eval id="EligibilityZero">
                    <cc:expression>//Worker is term'd</cc:expression>
                    <cc:expression>props['terminated'] = (parts[0].xpathB('ws:Worker/ws:Transaction_Log_Data/ws:Transaction_Log_Entry[ws:Transaction_Log_Type=&quot;Terminate Employee&quot;][ws:Is_Rescind_Or_Rescinded=&quot;false&quot;]')) ? true : false</cc:expression>
                    <cc:expression>//Worker Moves out of ABBR Group</cc:expression>
                    <cc:expression>(props['abbr.group.prior'] != &quot;&quot; &amp;&amp; props['abbr.group'] == &quot;&quot; &amp;&amp; props['terminated'] != true) ? (props['abbr.ineligible'] = true) : props['abbr.ineligible'] = false</cc:expression>
                </cc:eval>
                <cc:eval id="SetZeroEligiblity">
                    <cc:expression>(props['terminated'] == true) ? props['zero.eligible'] = true</cc:expression>
                    <cc:expression>(props['abbr.ineligible'] == true) ? props['zero.eligible'] = true</cc:expression>
                    <cc:expression>props['zero.out'] = true</cc:expression>
                </cc:eval>
                <cc:xslt-plus id="XsltPlus" url="INT0082-Eval-Effective-Date-v1.3"/>
                <cc:eval id="SetZeroOutEffDate">
                    <cc:expression>props['ws.eff.date'] = parts[0].xpath('Root/Eff_Date')</cc:expression>
                </cc:eval>
                <cc:validate-exp id="ValidateExp">
                    <cc:expression failure-message="Worker is not eligible to have their ABBR zero'd out based on data returned on CCW. ">props['zero.eligible'] != false</cc:expression>
                    <cc:expression failure-message="Worker is eligible to have their ABBR zero'd out, but already has an ABBR Amount of 0.">props['current.abbr.amount'] != 0</cc:expression>
                    <cc:expression failure-message="Failed to evaluate an effective date on transaction. Check for rescinded events for the worker. ">props['ws.eff.date'] != empty</cc:expression>
                </cc:validate-exp>
            </cc:steps>
            <cc:send-error id="SendError" routes-to="CallZeroOutError"/>
        </cc:async-mediation>
        <cc:async-mediation id="SetandWriteWS" routes-to="CallWSZeroOut">
            <cc:steps>
                <cc:eval id="SetWSValues">
                    <cc:expression>(props['work.country'] == '') ? props['work.country'] = props['work.country.prior']</cc:expression>
                    <cc:expression>props['abbr.amount'] = 0.00</cc:expression>
                </cc:eval>
                <cc:write id="Write">
                    <cc:message>
                        <cc:text>&lt;?xml version=&quot;1.0&quot; encoding=&quot;UTF-8&quot;?>&#xD;
&lt;env:Envelope xmlns:env=&quot;http://schemas.xmlsoap.org/soap/envelope/&quot;&#xD;
    xmlns:xsd=&quot;http://www.w3.org/2001/XMLSchema&quot;>&#xD;
    &lt;env:Body>&#xD;
        &lt;wd:Put_Benefit_Annual_Rate_Request xmlns:wd=&quot;urn:com.workday/bsvc&quot;&#xD;
            wd:version=&quot;@{props['ia.ws.ver']}&quot;>&#xD;
            &lt;wd:Benefit_Annual_Rate_Data>&#xD;
                &lt;wd:Effective_Date>@{props['ws.eff.date']}&lt;/wd:Effective_Date>&#xD;
                &lt;wd:Worker_Reference>&#xD;
                    &lt;wd:ID wd:type=&quot;Employee_ID&quot;>@{props['emp.id']}&lt;/wd:ID>&#xD;
                &lt;/wd:Worker_Reference>&#xD;
                &lt;wd:Benefit_Annual_Rate>@{props['abbr.amount']}&lt;/wd:Benefit_Annual_Rate>&#xD;
                &lt;wd:Currency_Reference>&#xD;
                @if{props['work.country'] == 'USA'}&#xD;
                    &lt;wd:ID wd:type=&quot;Currency_ID&quot;>USD&lt;/wd:ID>&#xD;
                 @end{}&#xD;
                 @if{props['work.country'] == 'CAN'}&#xD;
                    &lt;wd:ID wd:type=&quot;Currency_ID&quot;>CAD&lt;/wd:ID>&#xD;
                 @end{}&#xD;
                &lt;/wd:Currency_Reference>&#xD;
                &lt;wd:Benefit_Annual_Rate_Type_Reference>&#xD;
                    &lt;wd:ID wd:type=&quot;Benefit_Annual_Rate_Type_ID&quot;>Benefits_Base_Rate&lt;/wd:ID>&#xD;
                &lt;/wd:Benefit_Annual_Rate_Type_Reference>&#xD;
            &lt;/wd:Benefit_Annual_Rate_Data>&#xD;
        &lt;/wd:Put_Benefit_Annual_Rate_Request>&#xD;
    &lt;/env:Body>&#xD;
&lt;/env:Envelope></cc:text>
                    </cc:message>
                </cc:write>
            </cc:steps>
        </cc:async-mediation>
        <cc:async-mediation id="SetDailyValues" routes-to="RouteEligibility" handle-downstream-errors="true">
            <cc:steps>
                <cc:eval id="Reset">
                    <cc:expression>//Reset Current Values</cc:expression>
                    <cc:expression>props['worker.wid'] = empty; props['emp.id'] = empty; props['first.name'] = empty; props['last.name'] = empty; props['company'] = empty; &#xD;
props['hire.date'] = empty; props['emp.type'] = empty; props['job.profile'] = empty; props['is.commission'] = empty; props['current.abbr.amount'] = empty;&#xD;
props['abbr.group'] = empty; props['current.base.pay'] = empty; props['midpoint'] = empty; props['work.country'] = empty;&#xD;
props['emp.status'] = empty; props['pay.rate.type'] = empty; props['period.begin.date'] = empty</cc:expression>
                    <cc:expression>//Reset Prior Values</cc:expression>
                    <cc:expression>props['hire.date.prior'] = empty; props['company.prior'] = empty; props['emp.type.prior'] = empty;&#xD;
props['emp.status.prior'] = empty; props['abbr.group.prior'] = empty;</cc:expression>
                    <cc:expression>//Reset Eligibility Rules</cc:expression>
                    <cc:expression>props['eligible'] = false; props['new.hire'] = false; props['abbr.group.change'] = false; props['job.code.change'] = false; props['return.to.active'] = false;&#xD;
props['abbr.new'] = false; props['zero.eligible'] = false; props['terminated'] = false ; props['abbr.ineligible'] = false;</cc:expression>
                    <cc:expression>//Reset Tenure Values</cc:expression>
                    <cc:expression>props['ten.start.company'] = empty; props['ten.start.pay.rate'] = empty; props['tenure.start.date'] = empty; props['ten.start.calc.error'] = empty;&#xD;
props['tenure.in.days'] = empty; props['tenure'] = empty; props['tenure.start.year'] = empty; props['tenure2.days.not.in.abbr'] = empty;&#xD;
props['tenure2.days.in.year'] = empty; props['ws.eff.date'] = empty</cc:expression>
                    <cc:expression>//Reset Eligible Earning LPs</cc:expression>
                    <cc:expression>props['pay.start.date'] = empty; props['pay.end.date'] = empty;</cc:expression>
                    <cc:expression>//Reset Comm and Incentive Payments</cc:expression>
                    <cc:expression>props['elig.commissions.1yr.prior'] = 0; props['elig.commissions.2yrs.prior'] = 0; &#xD;
props['elig.incentives.1yr.prior'] = 0; props['elig.incentives.2yrs.prior'] = 0;</cc:expression>
                    <cc:expression>//Reset Error Free and Process</cc:expression>
                    <cc:expression>props['error.free'] = true; props['zero.out'] = false</cc:expression>
                </cc:eval>
                <cc:eval id="CurrValues">
                    <cc:expression>props['worker.wid'] = parts[0].xstream('ws:Worker/ws:Additional_Information/ws:WorkerWID')</cc:expression>
                    <cc:expression>props['emp.id'] = parts[0].xstream('ws:Worker/ws:Summary/ws:Employee_ID')</cc:expression>
                    <cc:expression>props['first.name'] = parts[0].xstream('ws:Worker/ws:Personal/ws:Name_Data/ws:First_Name')</cc:expression>
                    <cc:expression>props['last.name'] = parts[0].xstream('ws:Worker/ws:Personal/ws:Name_Data/ws:Last_Name')</cc:expression>
                    <cc:expression>props['company'] = parts[0].xstream('ws:Worker/ws:Additional_Information/ws:Company')</cc:expression>
                    <cc:expression>props['hire.date'] = parts[0].xstream('ws:Worker/ws:Additional_Information/ws:HireDate')</cc:expression>
                    <cc:expression>props['emp.type'] = parts[0].xstream('ws:Worker/ws:Additional_Information/ws:EmployeeType')</cc:expression>
                    <cc:expression>props['job.profile'] = parts[0].xstream('ws:Worker/ws:Additional_Information/ws:JobProfile')</cc:expression>
                    <cc:expression>props['is.commission'] = parts[0].xstream('ws:Worker/ws:Additional_Information/ws:IsCommission')</cc:expression>
                    <cc:expression>props['current.abbr.amount'] = parts[0].xstream('ws:Worker/ws:Additional_Information/ws:CurrentABBRAmount')</cc:expression>
                    <cc:expression>props['abbr.group'] = parts[0].xstream('ws:Worker/ws:Additional_Information/ws:ABBRGroup')</cc:expression>
                    <cc:expression>props['current.base.pay'] = parts[0].xstream('ws:Worker/ws:Additional_Information/ws:BaseSalary')</cc:expression>
                    <cc:expression>props['midpoint'] = parts[0].xstream('ws:Worker/ws:Additional_Information/ws:Midpoint')</cc:expression>
                    <cc:expression>props['work.country'] = parts[0].xstream('ws:Worker/ws:Additional_Information/ws:WorkCountry')</cc:expression>
                    <cc:expression>props['emp.status'] = parts[0].xstream('ws:Worker/ws:Additional_Information/ws:EmployeeStatus')</cc:expression>
                    <cc:expression>props['pay.rate.type'] = parts[0].xstream('ws:Worker/ws:Additional_Information/ws:PayRateType').replace(' &amp;','')</cc:expression>
                    <cc:expression>props['period.begin.date'] = parts[0].xstream('ws:Worker/ws:Additional_Information/ws:PeriodBeginDate')</cc:expression>
                </cc:eval>
                <cc:eval id="PriorValues">
                    <cc:expression>// If Prior Value exists, take Prior Value, else write No Change</cc:expression>
                    <cc:expression>(parts[0].xpathB('ws:Worker/ws:Additional_Information/ws:HireDate/@ws:PriorValue')) ?&#xD;
(props['hire.date.prior'] = parts[0].xpath('ws:Worker/ws:Additional_Information/ws:HireDate/@ws:PriorValue')) :&#xD;
props['hire.date.prior'] = &quot;No Change&quot;</cc:expression>
                    <cc:expression>(parts[0].xpathB('ws:Worker/ws:Additional_Information/ws:Company/@ws:PriorValue')) ?&#xD;
(props['company.prior'] = parts[0].xpath('ws:Worker/ws:Additional_Information/ws:Company/@ws:PriorValue')) :&#xD;
props['company.prior'] = &quot;No Change&quot;</cc:expression>
                    <cc:expression>(parts[0].xpathB('ws:Worker/ws:Additional_Information/ws:EmployeeType/@ws:PriorValue')) ? &#xD;
(props['emp.type.prior'] = parts[0].xpath('ws:Worker/ws:Additional_Information/ws:EmployeeType/@ws:PriorValue')) : &#xD;
props['emp.type.prior'] = &quot;No Change&quot;</cc:expression>
                    <cc:expression>(parts[0].xpathB('ws:Worker/ws:Additional_Information/ws:PayRateType/@ws:PriorValue')) ?&#xD;
(props['pay.rate.type.prior'] = parts[0].xpath('ws:Worker/ws:Additional_Information/ws:PayRateType/@ws:PriorValue')) :&#xD;
props['pay.rate.type.prior'] = &quot;No Change&quot;</cc:expression>
                    <cc:expression>(parts[0].xpathB('ws:Worker/ws:Additional_Information/ws:EmployeeStatus/@ws:PriorValue')) ?&#xD;
(props['emp.status.prior'] = parts[0].xpath('ws:Worker/ws:Additional_Information/ws:EmployeeStatus/@ws:PriorValue')) :&#xD;
props['emp.status.prior'] = &quot;No Change&quot;</cc:expression>
                    <cc:expression>(parts[0].xpathB('ws:Worker/ws:Additional_Information/ws:ABBRGroup/@ws:PriorValue')) ?&#xD;
(props['abbr.group.prior'] = parts[0].xpath('ws:Worker/ws:Additional_Information/ws:ABBRGroup/@ws:PriorValue')) :&#xD;
props['abbr.group.prior'] = &quot;No Change&quot;</cc:expression>
                    <cc:expression>(parts[0].xpathB('ws:Worker/ws:Additional_Information/ws:WorkCountry/@ws:PriorValue')) ?&#xD;
(props['work.country.prior'] = parts[0].xpath('ws:Worker/ws:Additional_Information/ws:WorkCountry/@ws:PriorValue')) :&#xD;
props['work.country.prior'] = &quot;No Change&quot;</cc:expression>
                </cc:eval></cc:steps>
            <cc:send-error id="SendError" routes-to="PIMDailyValuesError"/>
        </cc:async-mediation>
        <cc:local-out id="CallWSZeroOut" store-message="none" endpoint="vm://INT0082_ABBR_Calculation_Bidirectional/WriteWSandAudit"/>
        <cc:local-out id="CallZeroOutError" store-message="none" endpoint="vm://INT0082_ABBR_Calculation_Bidirectional/WriteErrorLog"/>
        <cc:local-out id="PIMDailyValuesError" endpoint="vm://wcc/PutIntegrationMessage"><cc:set name="is.message.severity" value="'WARNING'"/><cc:set name="is.message.summary" value="'Error occurred while setting values for worker' + props['emp.id']"/><cc:set name="is.message.detail" value="context.errorMessage"/><cc:set name="is.message.storage.enabled" value="true"/></cc:local-out>
	</cc:assembly>

</beans>