<?xml version="1.0" encoding="UTF-8"?>
<beans
     xmlns="http://www.springframework.org/schema/beans"
     xmlns:beans="http://www.springframework.org/schema/beans"
     xmlns:atom="http://www.w3.org/2005/Atom"
     xmlns:cc="http://www.capeclear.com/assembly/10"
     xmlns:cloud="urn:com.workday/esb/cloud/10.0"
     xmlns:env="http://schemas.xmlsoap.org/soap/envelope/"
     xmlns:pi="urn:com.workday/picof"
     xmlns:wd="urn:com.workday/bsvc"
     xmlns:xsi="http://www.w3.org/2001/XMLSchema-instance">
 
	<cc:assembly id="WorkdayAssembly" version="2019.6">
        <cc:workday-in id="StartHere" routes-to="GetFile">
            <cc:integration-system name="POV Get Event Deliverable Document Within Date Range">
        <cloud:param name="Start Date">
          <cloud:type>
            <cloud:simple-type>date</cloud:simple-type>
          </cloud:type>
        </cloud:param>
        <cloud:param name="End Date">
          <cloud:type>
            <cloud:simple-type>date</cloud:simple-type>
          </cloud:type>
        </cloud:param>
        <cloud:param name="Document Retention Days">
          <cloud:type>
            <cloud:simple-type>text</cloud:simple-type>
          </cloud:type>
          <cloud:default>
            <cloud:text>180</cloud:text>
          </cloud:default>
        </cloud:param>
        <cloud:param name="Latest run file">
          <cloud:type>
            <cloud:simple-type>boolean</cloud:simple-type>
          </cloud:type>
          <cloud:default>
            <cloud:boolean>false</cloud:boolean>
          </cloud:default>
        </cloud:param>
        <cloud:param name="Latest 2 runs files">
          <cloud:type>
            <cloud:simple-type>boolean</cloud:simple-type>
          </cloud:type>
          <cloud:default>
            <cloud:boolean>false</cloud:boolean>
          </cloud:default>
        </cloud:param>
        <cloud:param name="All Files within a date range">
          <cloud:type>
            <cloud:simple-type>boolean</cloud:simple-type>
          </cloud:type>
          <cloud:default>
            <cloud:boolean>false</cloud:boolean>
          </cloud:default>
        </cloud:param>
        <cloud:delivery-service name="GetIntegrationDoc_DS"/>
        <cloud:retrieval-service name="GetEventDoc_RS"/>
        <cloud:report-service name="Get_Event_Deliverable_Document_RS">
          <cloud:report-alias description="RPT Get Integration Event Deliverable Document" name="GetEventDoc">
            <cloud:report-reference description="RPT Get Integration Event Deliverable Document" type="WID">91a434bb014501d67cc5f92af2149a40</cloud:report-reference>
          </cloud:report-alias>
          <cloud:report-alias description="RPT POV Re-Launch Integration Event" name="IntegrationNames">
            <cloud:report-reference description="RPT POV Re-Launch Integration Event" type="WID">91a434bb01450196e2197f11f2147240</cloud:report-reference>
          </cloud:report-alias>
        </cloud:report-service>
      </cc:integration-system>
        </cc:workday-in>
        <cc:workday-out-rest id="WorkdayOutRest" routes-response-to="Ifexsist" extra-path="@{intsys.reportService.getExtrapath('GetEventDoc')}?Actual_End_Date_and_Time=@{props['lp.end.date']}&amp;@{props['x.path']}&amp;Actual_Start_Date_and_Time=@{props['lp.start.date']}"/>
        <cc:async-mediation id="LP" routes-to="Route0">
            <cc:steps>
                <cc:eval id="lp">
                    <cc:expression>props['lp.start.date'] = lp.getSimpleData('Start Date')</cc:expression>
                    <cc:expression>props['lp.end.date'] = lp.getSimpleData('End Date')</cc:expression>
                    <cc:expression>props['Doc.Retention.Days'] = lp.getSimpleData('Document Retention Days')</cc:expression>
                    <cc:expression>props['pIncr'] = '1'</cc:expression>
                    <cc:expression>props['p.1File'] = lp.getSimpleData('Latest run file')</cc:expression>
                    <cc:expression>props['p.2File'] = lp.getSimpleData('Latest 2 runs files')</cc:expression>
                    <cc:expression>props['p.AllFile'] = lp.getSimpleData('All Files within a date range')</cc:expression>
                </cc:eval>
                <cc:log id="Log">
                    <cc:log-message>
                        <cc:text>&#xD;
***************************&#xD;
StartDate: @{props['lp.start.date'] }&#xD;
EndDate:@{props['lp.end.date']}&#xD;
IntegrationName: @{props['x.path']}&#xD;
</cc:text>
                    </cc:log-message>
                </cc:log>
            </cc:steps>
        </cc:async-mediation>
        <cc:splitter id="Splitter">
            <cc:sub-route name="SubRoute" routes-to="ReportData"/>
            <cc:xml-stream-splitter namespaces="wd urn:com.workday.report/RPT_Get_Integration_Event_Deliverable_Document" xpath="/wd:Report_Data/wd:Report_Entry"/>
        </cc:splitter>
        <cc:async-mediation id="ReportData" routes-to="Splitter1" handle-downstream-errors="true">
            <cc:steps>
                <cc:eval id="Eval">
                    <cc:expression>//props ['report.namespace'] = 'wd urn:com.workday.report/RPT_Get_Integration_Event_Deliverable_Document'</cc:expression>
                    <cc:expression>props['IntsysWid'] = parts[0].xpath('wd:Report_Entry/wd:WID', 'wd urn:com.workday.report/RPT_Get_Integration_Event_Deliverable_Document')</cc:expression>
                    <cc:expression>//props['GetFileName'] = parts[0].xpath('wd:Report_Entry/wd:DD/@wd:Descriptor', 'wd urn:com.workday.report/RPT_Get_Integration_Event_Deliverable_Document')</cc:expression>
                    <cc:expression>props['IntName'] = parts[0].xpath('wd:Report_Entry/wd:Name/@wd:Descriptor', 'wd urn:com.workday.report/RPT_Get_Integration_Event_Deliverable_Document')</cc:expression>
                    <cc:expression>props['date.time'] = parts[0].xpath('wd:Report_Entry/wd:DT', 'wd urn:com.workday.report/RPT_Get_Integration_Event_Deliverable_Document')</cc:expression>
                    <cc:expression>//props['GetFileName_DateTime'] = props['IntName']+'_'+props['GetFileName']+'_'+props['date.time']</cc:expression>
                    <cc:expression>props['pIncr'] = Integer.parseInt(props['pIncr'])</cc:expression>
                    <cc:expression>props['pIncr'] = props['pIntName'] == props['IntName'] ? props['pIncr'] + 1 : 1</cc:expression>
                    <cc:expression>props['pIntName'] = props['IntName']</cc:expression>
                </cc:eval>
                <cc:log id="Log">
                    <cc:log-message>
                        <cc:text>************Log before splitter***********</cc:text>
                        <cc:line-separator/>
                        <cc:message-content/>
                    </cc:log-message>
                </cc:log>
            </cc:steps>
            <cc:send-error id="SendError" routes-to="FirstPIM"/>
        </cc:async-mediation>
        <cc:sync-mediation id="CallWWS" routes-to="WorkdayOutSoap" routes-response-to="ProcessResponse">
            <cc:request-steps>
                <cc:write id="Write">
                    <cc:message>
                        <cc:text>&lt;?xml version=&quot;1.0&quot; encoding=&quot;UTF-8&quot;?>&#xD;
&lt;env:Envelope&#xD;
    xmlns:env=&quot;http://schemas.xmlsoap.org/soap/envelope/&quot;&#xD;
    xmlns:xsd=&quot;http://www.w3.org/2001/XMLSchema&quot;>&#xD;
    &lt;env:Body>&#xD;
        &lt;wd:Get_Event_Documents_Request&#xD;
            xmlns:wd=&quot;urn:com.workday/bsvc&quot;&#xD;
            wd:version=&quot;v31.1&quot;>&#xD;
            &lt;wd:Request_References>&#xD;
                &lt;wd:Integration_Event_Reference>&#xD;
                    &lt;wd:ID wd:type=&quot;WID&quot;>@{props['IntsysWid']}&lt;/wd:ID>&#xD;
                &lt;/wd:Integration_Event_Reference>&#xD;
            &lt;/wd:Request_References>&#xD;
        &lt;/wd:Get_Event_Documents_Request>&#xD;
    &lt;/env:Body>&#xD;
&lt;/env:Envelope></cc:text>
                    </cc:message>
                </cc:write>
            </cc:request-steps>
            <cc:response-steps>
                <cc:wrap-soap id="WrapSoap"/>
            </cc:response-steps>
        </cc:sync-mediation>
        <cc:workday-out-soap id="WorkdayOutSoap" application="Integrations" version="v31.1"/>
        <cc:async-mediation id="ProcessResponse" routes-to="FinalPIM">
            <cc:steps>
                <cc:eval id="Eval">
                    <cc:expression>//props['GetFileName'] = &quot;BMWFAEXT_OUT1.dat&quot;</cc:expression>
                    <cc:expression>props['file.xpath'] = &quot;/env:Envelope/env:Body/wd:Get_Event_Documents_Response/wd:Response_Data/wd:Event_Documents/wd:Repository_Document/wd:Repository_Document_Data[@wd:File_Name=\&quot;&quot;+ props['GetFileName'] + &quot;\&quot;]/@wd:Document_ID&quot;</cc:expression>
                    <cc:expression>props['xml.doc'] = parts[0].xpath(props['file.xpath'])</cc:expression>
                    <cc:expression>props['xml.doc.collection'] = props['xml.doc'].substring(0,props['xml.doc'].indexOf(&quot;/&quot;))</cc:expression>
                    <cc:expression>props['xml.doc.entry'] =  props['xml.doc'].substring(props['xml.doc'].indexOf(&quot;/&quot;) + 1)</cc:expression>
                </cc:eval>
                <cc:log id="Log">
                    <cc:log-message>
                        <cc:line-separator/>
                        <cc:text>&#xD;
&#xD;
&#xD;
*****************************************************&#xD;
FirstIndex: @{props['xml.doc.collection']}&#xD;
SecondIndex: @{props['xml.doc.entry']}&#xD;
***************************************************&#xD;
Start Date: @{props['lp.start.date']}&#xD;
End Date: @{props['lp.end.date']}&#xD;
WID: @{props['IntsysWid']}&#xD;
FileName: @{props['GetFileName']}&#xD;
Name: @{props['IntName']}&#xD;
&#xD;
*********************&#xD;
MyValue: @{props['pIncr']}&#xD;
</cc:text>
                        <cc:line-separator/>
                    </cc:log-message>
                </cc:log>
                <cc:retrieve id="Retrieve" collection="@{props['xml.doc.collection']}" entry="@{props['xml.doc.entry']}"/>
                <cc:store id="Store" output="variable" output-variable="vOutputDoc" createDocumentReference="false" expiresIn="P@{props['Doc.Retention.Days']}D" title="@{props['GetFileName_DateTime']}"/></cc:steps>
        </cc:async-mediation>
        <cc:local-out id="FirstPIM" endpoint="vm://wcc/PutIntegrationMessage"><cc:set name="is.message.severity" value="'ERROR'"/><cc:set name="is.message.summary" value="'Error fetching output file for Integration: ' + props['IntName']"/><cc:set name="is.message.storage.enabled" value="false"/></cc:local-out>
        <cc:local-out id="FinalPIM" endpoint="vm://wcc/PutIntegrationMessage"><cc:set name="is.message.severity" value="'INFO'"/><cc:set name="is.message.summary" value="'Document is Delivered'"/><cc:set name="is.message.storage.enabled" value="false"/><cc:set name="is.document.variable.name" value="'vOutputDoc'"/><cc:set name="is.document.deliverable" value="'true'"/></cc:local-out>
        <cc:local-in id="Process" routes-to="CallWWS" icon="local-in-SubRoutine.png"/>
        <cc:local-out id="CallProcessOnce" execute-when="props['pIncr'] == 1" endpoint="vm://POV_Get_Event_Deliverable_Document/Process"/>
        <cc:route id="Route">
            <cc:mvel-strategy>
                <cc:choose-route expression="props['p.1File'] == 1" route="TopFile"/>
                <cc:choose-route expression="props['p.2File'] == 1" route="Top2Files"/>
                <cc:choose-route expression="props['p.AllFile'] == 1" route="AllFiles"/>
            </cc:mvel-strategy>
            <cc:sub-route name="TopFile" routes-to="CallProcessOnce"/>
            <cc:sub-route name="Top2Files" routes-to="CallProcessTwice"/>
            <cc:sub-route name="AllFiles" routes-to="CallAll"/>
        </cc:route>
        <cc:local-out id="CallProcessTwice" execute-when="props['pIncr'] == 1 || props['pIncr'] == 2" endpoint="vm://POV_Get_Event_Deliverable_Document/Process"/>
        <cc:local-out id="CallAll" endpoint="vm://POV_Get_Event_Deliverable_Document/Process"/>
        <cc:local-out id="IsFlagonce" endpoint="vm://wcc/PutIntegrationMessage"><cc:set name="is.message.severity" value="'CRITICAL'"/><cc:set name="is.message.summary" value="'Select either one of the oprtion and not all three'"/><cc:set name="is.message.storage.enabled" value="false"/></cc:local-out>
        <cc:route id="Route0">
            <cc:mvel-strategy>
                <cc:choose-route expression="(props['p.1File'] == 1 &amp;&amp; props['p.2File'] == 1 &amp;&amp; props['p.AllFile'] == 1) || (props['p.1File'] == 1 &amp;&amp; props['p.2File'] == 1) || (props['p.2File'] == 1 &amp;&amp; props['p.AllFile'] == 1) || (props['p.1File'] == 1 &amp;&amp; props['p.AllFile'] == 1)" route="Failed"/>
                <cc:choose-route expression="props['p.1File'] == 1 || props['p.2File'] == 1 || props['p.AllFile'] == 1" route="Alternate"/>
            </cc:mvel-strategy>
            <cc:sub-route name="Failed" routes-to="IsFlagonce"/>
            <cc:sub-route name="Alternate" routes-to="WorkdayOutRest"/>
        </cc:route>
        <cc:local-out id="NoInputFilePIM" endpoint="vm://wcc/PutIntegrationMessage">
            <cc:set name="is.message.severity" value="'CRITICAL'"/>
            <cc:set name="is.message.summary" value="'The integration has failed because there is no input to process.'"/>
            <cc:set name="is.message.storage.enabled" value="false"/>
        </cc:local-out>
        <cc:async-mediation id="GetFile" routes-to="Route1" handle-downstream-errors="true">
            <cc:steps>
                <cc:validate-exp id="ValidateExp">
                    <cc:expression error-number="001" failure-message="Input File is Missing. Hence, cannot process further.">da.size() > 0</cc:expression>
                </cc:validate-exp>
            </cc:steps>
            <cc:send-error id="SendError" routes-to="NoInputFilePIM"/>
        </cc:async-mediation>
        <cc:route id="Route1">
            <cc:doc-iterator variable-name="vInputFile"/>
            <cc:sub-route name="ProcessFile" routes-to="GetIntegrations"/>
        </cc:route>
        <cc:local-out id="FirstPIM0" endpoint="vm://wcc/PutIntegrationMessage">
            <cc:set name="is.message.severity" value="'CRITICAL'"/>
            <cc:set name="is.message.summary" value="'Error calling the Report' + context.errorMessage"/>
            <cc:set name="is.message.storage.enabled" value="false"/>
        </cc:local-out>
        <cc:async-mediation id="GetIntegrations" routes-to="Splitter0" handle-downstream-errors="true">
            <cc:steps>
                <cc:csv-to-xml id="CsvToXmlFile" input="variable" input-variable="vInputFile" colNames="Integration_Name" format="simple" rootName="root" rowName="data" useFirstLineAsHeader="true"/>
            </cc:steps>
            <cc:send-error id="SendError" routes-to="FirstPIM0"/>
        </cc:async-mediation>
        <cc:async-mediation id="IntegrationName" routes-to="WorkdayOutRest0">
            <cc:steps>
                <cc:eval id="INT">
                    <cc:expression>props['pIntegrationName'] = parts[0].xpath('/data')</cc:expression>
                    <cc:expression>props['pIntegrationName'] = props['pIntegrationName'].replaceAll(' ','%20')</cc:expression>
                    <cc:expression>//props['x.path'] = '?CF_POV_Integration_Name_LRV='+props['pIntegrationName']</cc:expression>
                    <cc:expression>props['p.IntName.File'] = parts[0].xpath('/data')</cc:expression>
                    <cc:expression>props['a.IntName'] = parts[0].xpath('/data')</cc:expression>
                    <cc:expression>props['x.path'] = 'CF_POV_Integration_Name_LRV='+props['pIntegrationName']</cc:expression>
                    <cc:expression>props['Intpath'] = '?CF_POV_Integration_Name_LRV='+props['pIntegrationName']</cc:expression>
                </cc:eval>
                <cc:log id="Log">
                    <cc:log-message>
                        <cc:text>&#xD;
&#xD;
****************MAHESH****************&#xD;
Integration Name: @{props['x.path']}&#xD;
</cc:text>
                    </cc:log-message>
                </cc:log>
            </cc:steps>
        </cc:async-mediation>
        <cc:splitter id="Splitter0">
            <cc:sub-route name="SubRoute" routes-to="IntegrationName"/>
            <cc:xpath-splitter xpath="/root/data"/>
        </cc:splitter>
        <cc:local-in id="PasstoReport" routes-to="LP" icon="local-in-PasstoReport3.png"/>
        <cc:local-out id="CallPasstoReport" execute-when="props['IsPresent'] == true" endpoint="vm://POV_Get_Event_Deliverable_Document/PasstoReport"/>
        <cc:async-mediation id="Ifexsist" routes-to="Route2" handle-downstream-errors="true">
            <cc:steps>
                <cc:eval id="Eval">
                    <cc:expression>//Remeber to change belwo report namespace if you change report name</cc:expression>
                    <cc:expression>props['pData'] = parts[0].xpathB('wd:Report_Data/wd:Report_Entry/wd:WID', 'wd urn:com.workday.report/RPT_Get_Integration_Event_Deliverable_Document')</cc:expression>
                </cc:eval>
            </cc:steps>
            <cc:send-error id="SendError" routes-to="PreSplitPIM"/>
        </cc:async-mediation>
        <cc:route id="Route2">
            <cc:mvel-strategy>
                <cc:choose-route expression="props['pData'] == false" route="NoFile"/>
                <cc:choose-route expression="props['pData'] == true" route="File"/>
            </cc:mvel-strategy>
            <cc:sub-route name="NoFile" routes-to="NoFile"/>
            <cc:sub-route name="File" routes-to="Splitter"/>
        </cc:route>
        <cc:local-out id="NoFile" endpoint="vm://wcc/PutIntegrationMessage"><cc:set name="is.message.severity" value="'INFO'"/><cc:set name="is.message.summary" value="'No File to be downloaded for integration ' + props['p.IntName.File']"/><cc:set name="is.message.storage.enabled" value="false"/></cc:local-out>
        <cc:local-out id="PreSplitPIM" endpoint="vm://wcc/PutIntegrationMessage"><cc:set name="is.message.severity" value="'ERROR'"/><cc:set name="is.message.summary" value="'Issue for integration ' + props['p.IntName.File'] + '. Please download the files manually'"/><cc:set name="is.message.storage.enabled" value="false"/></cc:local-out>
        <cc:local-out id="PutIntegrationMessage" endpoint="vm://wcc/PutIntegrationMessage">
            <cc:set name="is.message.severity" value="'ERROR'"/>
            <cc:set name="is.message.summary" value="context.errorMessage"/>
        </cc:local-out>
        <cc:async-mediation id="GetReportData" routes-to="CallPasstoReport">
            <cc:steps>
                <cc:eval id="Eval">
                    <cc:expression>//Make sure to change namespace below in props['p.IntType'] and props['IntName'] when you create new report</cc:expression>
                    <cc:expression>props['IsPresent'] = parts[0].xpathB('wd:Report_Data/wd:Report_Entry/wd:CF_POV_Integration_System_ID', 'wd urn:com.workday.report/RPT_POV_Re-Launch_Integration_Event')</cc:expression>
                    <cc:expression>props['IntName'] = parts[0].xpath('wd:Report_Data/wd:Report_Entry/wd:CF_POV_Integration_System_ID', 'wd urn:com.workday.report/RPT_POV_Re-Launch_Integration_Event')</cc:expression>
                </cc:eval>
                <cc:log id="Log">
                    <cc:log-message>
                        <cc:text>&#xD;
&#xD;
****************LALITA****************&#xD;
Integration Name: @{props['IntName']}&#xD;
IsPresent: @{props['IsPresent']}&#xD;
&#xD;
</cc:text>
                    </cc:log-message>
                </cc:log>
                <cc:validate-exp id="ValidateExp">
                    <cc:expression failure-message="Invalid integration: @{props['pIntegrationName']} is present in the inbound file">props['IsPresent']!= false</cc:expression>
                </cc:validate-exp>
            </cc:steps>
            <cc:send-error id="SendError" routes-to="PutIntegrationMessage"/>
        </cc:async-mediation>
        <cc:workday-out-rest id="WorkdayOutRest0" routes-response-to="GetReportData" extra-path="@{intsys.reportService.getExtrapath('IntegrationNames')}@{props['Intpath']}"/>
        <cc:splitter id="Splitter1">
            <cc:sub-route name="SubRoute" routes-to="AsyncMediation"/>
            <cc:xml-stream-splitter namespaces="wd urn:com.workday.report/RPT_Get_Integration_Event_Deliverable_Document" xpath="/wd:Report_Entry/wd:DD"/>
        </cc:splitter>
        <cc:async-mediation id="AsyncMediation" routes-to="Route">
            <cc:steps>
                <cc:log id="Log">
                    <cc:log-message>
                        <cc:text>*************SPLITTER1</cc:text>
                        <cc:message-content/>
                    </cc:log-message>
                </cc:log>
                <cc:eval id="Eval">
                    <cc:expression>props['GetFileName'] = parts[0].xpath('wd:DD/@wd:Descriptor', 'wd urn:com.workday.report/RPT_Get_Integration_Event_Deliverable_Document')</cc:expression>
                    <cc:expression>props['GetFileName_DateTime'] = props['IntName']+'_'+props['GetFileName']+'_'+props['date.time']</cc:expression>
                    <cc:expression>System.out.println(&quot;props['GetFileName']:&quot; + props['GetFileName']);</cc:expression>
                </cc:eval>
            </cc:steps>
        </cc:async-mediation>
	</cc:assembly>

</beans>