<?xml version="1.0" encoding="UTF-8"?>
<beans
     xmlns="http://www.springframework.org/schema/beans"
     xmlns:beans="http://www.springframework.org/schema/beans"
     xmlns:atom="http://www.w3.org/2005/Atom"
     xmlns:cc="http://www.capeclear.com/assembly/10"
     xmlns:cloud="urn:com.workday/esb/cloud/10.0"
     xmlns:env="http://schemas.xmlsoap.org/soap/envelope/"
     xmlns:pi="urn:com.workday/picof"
     xmlns:wd="urn:com.workday/bsvc"
     xmlns:xsi="http://www.w3.org/2001/XMLSchema-instance">
 
	<cc:assembly id="WorkdayAssembly" version="2018.6">
        <cc:workday-in id="StartHere" routes-to="WorkdayOutRest">
            <cc:integration-system name="Wict_lch_Studio1">
        <cloud:report-service name="Wict_Mar18_Studio1_rs">
          <cloud:report-alias description="Wict_Mar18_Studio_Report1" name="Wict_Mar18_Studio_Report1">
            <cloud:report-reference description="Wict_Mar18_Studio_Report1" type="WID">fa87ff52989f01ce857cbac406727e01</cloud:report-reference>
          </cloud:report-alias>
        </cloud:report-service>
      </cc:integration-system>
        </cc:workday-in>
        <cc:workday-out-rest id="WorkdayOutRest" routes-response-to="AsyncMediation" extra-path="@{intsys.reportService.getExtrapath('Wict_Mar18_Studio_Report1')}"/>
        <cc:async-mediation id="AsyncMediation">
            <cc:steps>
                <cc:xslt id="Xslt" input="message" url="FullReportTransformation.xsl"/>
                <cc:store id="Store" expiresIn="P7D" title="output.csv"/>
            </cc:steps>
        </cc:async-mediation>
        <cc:async-mediation id="Transform0">
            <cc:steps>
                <cc:log id="Log">
                    <cc:log-message>
                        <cc:line-separator/>
                        <cc:text>========================START  REPORT OUTPUT ===================================</cc:text>
                        <cc:line-separator/>
                        <cc:message-content/>
                        <cc:line-separator/>
                        <cc:text>========================END  REPORT OUTPUT===================================</cc:text>
                        <cc:line-separator/>
                    </cc:log-message>
                </cc:log>
                <cc:xslt id="Xslt" url="FullReportTransformation.xsl"/>
                <cc:log id="Log0">
                    <cc:log-message>
                        <cc:line-separator/>
                        <cc:text>========================START  XSLT OUTPUT ===================================</cc:text>
                        <cc:line-separator/>
                        <cc:message-content/>
                        <cc:line-separator/>
                        <cc:text>========================END  XSLT OUTPUT===================================</cc:text>
                        <cc:line-separator/>
                    </cc:log-message>
                </cc:log>
                <cc:store id="Store" expiresIn="P@{props['ia.document.retention']}D" title="props['seq.ind']"/>
            </cc:steps>
        </cc:async-mediation>
        <cc:workday-out-rest id="CallReport" routes-response-to="Transform0" extra-path="@{intsys.reportService.getExtrapath('Wict_Mar18_Studio_Report2')}?Hire_Date=@{props['lp.hire.date']}&amp;Supervisory_Organization!Organization_Reference_ID=@{props['lp.sup.org']}&amp;format=simplexml"/>
        <cc:async-mediation id="ReadLaunchParameters" routes-to="CallReport">
            <cc:steps>
                <cc:eval id="Eval">
                    <cc:expression>props['lp.hire.date']=lp.getSimpleData('Worker Hire Date')</cc:expression>
                    <cc:expression>props['lp.sup.org']=lp.getReferenceData('Worker Sup Org', 'Organization_Reference_ID')</cc:expression>
                    <cc:expression>props['ia.document.retention']=intsys.getAttribute('DocumentRetention')</cc:expression>
                    <cc:expression>props['seq.ind']=lp.getSequencedValue('IND')</cc:expression>
                </cc:eval>
                <cc:log id="Log">
                    <cc:log-message>
                        <cc:line-separator/>
                        <cc:text>========================LAUNCH PARAMETERS ===================================</cc:text>
                        <cc:line-separator/>
                        <cc:text>Hire Date : @{props['lp.hire.date']}</cc:text>
                        <cc:line-separator/>
                        <cc:text>Sup Org: @{props['lp.sup.org']}</cc:text>
                        <cc:line-separator/>
                        <cc:text>========================LAUNCH PARAMETERS ===================================</cc:text>
                        <cc:line-separator/>
                    </cc:log-message>
                </cc:log>
            </cc:steps>
        </cc:async-mediation>
        <cc:workday-in id="LaunchParametersExample" routes-to="ReadLaunchParameters">
            <cc:integration-system name="Wict_lch_Studio10">
        <cloud:param name="Worker Hire Date">
          <cloud:type>
            <cloud:simple-type>date</cloud:simple-type>
          </cloud:type>
          <cloud:default/>
          <cloud:launch-option>required</cloud:launch-option>
        </cloud:param>
        <cloud:param name="Worker Sup Org">
          <cloud:type>
            <cloud:class-report-field description="Supervisory Organization" type="WID" singular="true">792121fdb3d74a7d909e1b36571f863a</cloud:class-report-field>
          </cloud:type>
          <cloud:launch-option>required</cloud:launch-option>
        </cloud:param>
        <cloud:attribute-map-service name="LaunchParametersExample_att">
          <cloud:attribute name="DocumentRetention">
            <cloud:type>
              <cloud:enumeration-type name="EnumTypeName">
                <cloud:enumeration>1</cloud:enumeration>
                <cloud:enumeration>10</cloud:enumeration>
                <cloud:enumeration>30</cloud:enumeration>
                <cloud:enumeration>60</cloud:enumeration>
              </cloud:enumeration-type>
            </cloud:type>
          </cloud:attribute>
        </cloud:attribute-map-service>
        <cloud:sequence-generator-service name="LaunchParametersExample_seq">
          <cloud:sequencer>IND</cloud:sequencer>
          <cloud:sequencer>US</cloud:sequencer>
        </cloud:sequence-generator-service>
        <cloud:report-service name="ReportService">
          <cloud:report-alias description="Wict_Mar18_Studio_Report2" name="Wict_Mar18_Studio_Report2">
            <cloud:report-reference description="Wict_Mar18_Studio_Report2" type="WID">fa87ff52989f019b3198df120772ab01</cloud:report-reference>
          </cloud:report-alias>
        </cloud:report-service>
      </cc:integration-system>
        </cc:workday-in>
        <cc:async-mediation id="AsyncMediation1">
            <cc:steps>
                <cc:store id="Store" expiresIn="P6D" title="output.csv"/>
            </cc:steps>
        </cc:async-mediation>
        <cc:async-mediation id="AsyncMediation0" routes-to="Aggregator0">
            <cc:steps>
                <cc:xslt id="Xslt" url="ScalableTransformation.xsl"/>
            </cc:steps>
        </cc:async-mediation>
        <cc:async-mediation id="RNS" routes-to="Splitter0">
            <cc:steps>
                <cc:xslt id="Xslt" url="Remove_Namespace.xsl"/>
            </cc:steps>
        </cc:async-mediation>
        <cc:workday-out-rest id="CallReport0" routes-response-to="RNS" extra-path="@{intsys.reportService.getExtrapath('Wict_Mar18_Studio_Report1')}"/>
        <cc:workday-in id="SCALABILITY" routes-to="CallReport0">
            <cc:integration-system name="Wict_lch_Studio11">
        <cloud:report-service name="Wict_Aug_Studio1_ReportService">
          <cloud:report-alias description="Wict_Mar18_Studio_Report1" name="Wict_Mar18_Studio_Report1">
            <cloud:report-reference description="Wict_Mar18_Studio_Report1" type="WID">fa87ff52989f01ce857cbac406727e01</cloud:report-reference>
          </cloud:report-alias>
        </cloud:report-service>
      </cc:integration-system>
        </cc:workday-in>
        <cc:splitter id="Splitter0">
            <cc:sub-route name="SubRoute" routes-to="AsyncMediation0"/>
            <cc:xml-stream-splitter xpath="/Report_Data/Report_Entry"/>
        </cc:splitter>
        <cc:aggregator id="Aggregator0" routes-to="AsyncMediation1">
            <cc:size-batch-strategy batch-size="-1"/>
            <cc:message-content-collater>
        <cc:header-text>EMPLOYEE ID,LAST NAME,FIRST NAME,HIRE DATE</cc:header-text>
        <cc:separator>\n</cc:separator>
      </cc:message-content-collater>
        </cc:aggregator>
        <cc:async-mediation id="ReadandConvertInputFile" routes-to="Splitter">
            <cc:steps>
                <cc:eval id="Eval">
                    <cc:expression>da.toVar('terminationdata.csv', 'va.input.file')</cc:expression>
                </cc:eval>
                <cc:copy id="Copy" input="variable" input-variable="va.input.file"/>
                <cc:csv-to-xml id="CsvToXml" input="message" colNames="employeeid,terminationdate,primaryterminationreason,secondaryterminationreason" format="rfc4180" rootName="employees" rowName="employee" separator="," useFirstLineAsHeader="true"/>
            </cc:steps>
        </cc:async-mediation>
        <cc:workday-in id="RetrievalService" routes-to="ReadandConvertInputFile">
            <cc:integration-system name="Wict_lch_Studio12">
        <cloud:retrieval-service name="Wict_lch_studio1_RetrievalService"/>
      </cc:integration-system>
        </cc:workday-in>
        <cc:splitter id="Splitter">
            <cc:sub-route name="SubRoute" routes-to="AsyncMediation2"/>
            <cc:xml-stream-splitter xpath="/employees/employee"/>
        </cc:splitter>
        <cc:async-mediation id="AsyncMediation2" routes-to="Aggregator">
            <cc:steps>
                <cc:eval id="Eval">
                    <cc:expression>props['term.data.employeeid']=parts[0].xpath('/employee/Employee-ID')</cc:expression>
                    <cc:expression>props['term.data.termination.date']=parts[0].xpath('/employee/Termination-Date')</cc:expression>
                    <cc:expression>props['term.data.pri.term.reason']=parts[0].xpath('/employee/Primary-Termination-Reason')</cc:expression>
                    <cc:expression>props['term.data.sec.term.reason']=parts[0].xpath('/employee/Secondary-Termination-Reason')</cc:expression>
                </cc:eval>
            </cc:steps>
        </cc:async-mediation>
        <cc:aggregator id="Aggregator">
            <cc:size-batch-strategy batch-size="-1"/>
            <cc:message-content-collater/>
        </cc:aggregator>
	</cc:assembly>

</beans>