<?xml version="1.0" encoding="UTF-8"?>
<wdnm:Diagram xmlns:wdnm="http://workday.com/studio/editors/notation">
  <element href="assembly.xml#WorkdayAssembly"/>
  <visualProperties x="3" y="118">
    <element href="assembly.xml#StartHere"/>
  </visualProperties>
  <visualProperties x="630" y="109">
    <element href="assembly.xml#ResultsTransformStore"/>
  </visualProperties>
  <visualProperties x="128" y="395">
    <element href="assembly.xml#//@beans/@mixed.1/@mixed.5"/>
  </visualProperties>
  <visualProperties x="317" y="395">
    <element href="assembly.xml#Note-Error"/>
  </visualProperties>
  <visualProperties x="372" y="118">
    <element href="assembly.xml#WorkdayOutRest"/>
  </visualProperties>
  <visualProperties x="1112" y="195">
    <element href="assembly.xml#PutIntegrationMessage"/>
  </visualProperties>
  <visualProperties x="168" y="109">
    <element href="assembly.xml#EvalPropsMediation"/>
  </visualProperties>
  <visualProperties x="569" y="118">
    <element href="assembly.xml#Route"/>
  </visualProperties>
  <visualProperties x="630" y="322">
    <element href="assembly.xml#SummaryTransformStore"/>
  </visualProperties>
  <visualProperties x="450" y="385">
    <element href="assembly.xml#EvalPropsLocalPIM"/>
  </visualProperties>
  <visualProperties x="991" y="392">
    <element href="assembly.xml#ResultsTransformStoreLocalPIM"/>
  </visualProperties>
  <visualProperties x="1013" y="605">
    <element href="assembly.xml#SummaryTransformStoreLocalPIM"/>
  </visualProperties>
  <decorations x="206" y="250" width="262" height="94" bgColor="11796479" text="Duplicates and routes REST data to two streams. Results and Summary Transformation."/>
  <connections type="routesTo" sourceAnchorX="0.9669421487603306" sourceAnchorY="0.43243243243243246" targetAnchorX="0.06060606060606061" targetAnchorY="0.3783783783783784">
    <source href="assembly.xml#//@beans/@mixed.1/@mixed.5"/>
    <target href="assembly.xml#Note-Error"/>
  </connections>
  <connections type="routesTo" sourceAnchorX="0.8951048951048951" sourceAnchorY="0.5760869565217391" targetAnchorX="0.23902439024390243" targetAnchorY="0.6486486486486487">
    <source href="assembly.xml#ResultsTransformStore"/>
    <target href="assembly.xml#PutIntegrationMessage"/>
  </connections>
  <connections type="routesTo" sourceAnchorX="0.5779816513761468" sourceAnchorY="1.0" targetAnchorX="0.11194029850746269" targetAnchorY="0.48936170212765956">
    <source href="assembly.xml#StartHere"/>
    <target href="assembly.xml#EvalPropsMediation"/>
  </connections>
  <connections type="routesTo" sourceAnchorX="0.0" sourceAnchorY="0.19148936170212766" targetAnchorX="0.087248322147651" targetAnchorY="0.5405405405405406">
    <source href="assembly.xml#EvalPropsMediation"/>
    <target href="assembly.xml#WorkdayOutRest"/>
  </connections>
  <connections type="routesTo" sourceAnchorX="1.0" sourceAnchorY="0.26595744680851063" targetAnchorX="0.6793478260869565" targetAnchorY="0.6486486486486487">
    <source href="assembly.xml#SummaryTransformStore"/>
    <target href="assembly.xml#PutIntegrationMessage"/>
  </connections>
  <connections type="routesTo" sourceAnchorX="0.8723404255319149" sourceAnchorY="1.0" targetAnchorX="0.3104693140794224" targetAnchorY="0.5425531914893617">
    <source href="assembly.xml#//@beans/@mixed.1/@route.0/@subRoute.0"/>
    <target href="assembly.xml#ResultsTransformStore"/>
  </connections>
  <connections type="routesResponseTo" sourceAnchorX="1.0" sourceAnchorY="0.8918918918918919" targetAnchorX="0.2571428571428571" targetAnchorY="0.19895287958115182">
    <source href="assembly.xml#WorkdayOutRest"/>
    <target href="assembly.xml#Route"/>
  </connections>
  <connections type="routesTo" sourceAnchorX="0.9782608695652174" sourceAnchorY="1.0" targetAnchorX="0.10970464135021098" targetAnchorY="0.2553191489361702">
    <source href="assembly.xml#//@beans/@mixed.1/@route.0/@subRoute.1"/>
    <target href="assembly.xml#SummaryTransformStore"/>
  </connections>
  <connections type="routesTo" sourceAnchorX="0.5555555555555556" sourceAnchorY="1.0" targetAnchorX="0.42408376963350786" targetAnchorY="0.24324324324324326">
    <source href="assembly.xml#//@beans/@mixed.1/@mixed.13/@mixed.3"/>
    <target href="assembly.xml#EvalPropsLocalPIM"/>
  </connections>
  <connections type="routesTo" sourceAnchorX="0.34306569343065696" sourceAnchorY="1.0" targetAnchorX="0.7277486910994765" targetAnchorY="0.3783783783783784">
    <source href="assembly.xml#//@beans/@mixed.1/@mixed.3/@mixed.3"/>
    <target href="assembly.xml#ResultsTransformStoreLocalPIM"/>
  </connections>
  <connections type="routesTo" sourceAnchorX="0.2913752913752914" sourceAnchorY="1.0" targetAnchorX="0.6596858638743456" targetAnchorY="0.35135135135135137">
    <source href="assembly.xml#//@beans/@mixed.1/@mixed.17/@mixed.3"/>
    <target href="assembly.xml#SummaryTransformStoreLocalPIM"/>
  </connections>
  <swimlanes x="89" y="6" name="Data Pull, Transformation and Messaging">
    <elements href="assembly.xml#StartHere"/>
    <elements href="#//@swimlanes.4"/>
    <elements href="assembly.xml#WorkdayOutRest"/>
    <elements href="assembly.xml#Route"/>
    <elements href="#//@swimlanes.1"/>
    <elements href="assembly.xml#PutIntegrationMessage"/>
  </swimlanes>
  <swimlanes x="744" y="36" name="Transform and Store" orientation="VERTICAL">
    <elements href="assembly.xml#ResultsTransformStore"/>
    <elements href="assembly.xml#ResultsTransformStoreLocalPIM"/>
    <elements href="assembly.xml#SummaryTransformStore"/>
    <elements href="assembly.xml#SummaryTransformStoreLocalPIM"/>
  </swimlanes>
  <swimlanes x="89" y="348" bgColor="8421631" name="Global Error Handler">
    <elements href="assembly.xml#//@beans/@mixed.1/@mixed.5"/>
    <elements href="assembly.xml#Note-Error"/>
  </swimlanes>
  <swimlanes x="161" y="133" name="INT5002 Assembly" orientation="VERTICAL" elements="//@swimlanes.0 //@swimlanes.2"/>
  <swimlanes x="300" y="225" name="EVALPropMed" orientation="VERTICAL">
    <elements href="assembly.xml#EvalPropsMediation"/>
    <elements href="assembly.xml#EvalPropsLocalPIM"/>
  </swimlanes>
</wdnm:Diagram>
