<?xml version="1.0" encoding="UTF-8"?>
<beans
     xmlns="http://www.springframework.org/schema/beans"
     xmlns:beans="http://www.springframework.org/schema/beans"
     xmlns:atom="http://www.w3.org/2005/Atom"
     xmlns:cc="http://www.capeclear.com/assembly/10"
     xmlns:cloud="urn:com.workday/esb/cloud/10.0"
     xmlns:env="http://schemas.xmlsoap.org/soap/envelope/"
     xmlns:pi="urn:com.workday/picof"
     xmlns:wd="urn:com.workday/bsvc"
     xmlns:xsi="http://www.w3.org/2001/XMLSchema-instance">
 
	<cc:assembly id="WorkdayAssembly" version="20">
        <cc:workday-in id="Import" routes-to="GetEventDocuments1">
            <cc:integration-system name="ImportWSTravel-Import">
        <cloud:retrieval-service name="import request for sample"/>
      </cc:integration-system>
        </cc:workday-in>
        <cc:workday-out-soap id="ImportTravelRequests" routes-response-to="StoreJobRef" application="Resource_Management" version="v22.1"/>
        <cc:async-mediation id="StoreJobRef" routes-to="TagStoredJobRef">
            <cc:steps>
                <cc:store id="Store" output="variable" output-variable="iws.refs.atom" createDocumentReference="false" expiresIn="P1D" immutable="true" summary="IWSRefs" title="IWSRefsDetails.xml"/>
            </cc:steps>
        </cc:async-mediation>
        <cc:workday-in id="Report" routes-to="GetEventDocuments2">
            <cc:integration-system name="ImportWSTravel-Report"/>
        </cc:workday-in>
        <cc:async-mediation id="BuildGetImportProcesses" routes-to="GetImportProcesses">
            <cc:steps>
                <cc:write id="Write" output-mimetype="text/xml">
                    <cc:message>
                        <cc:text>&lt;env:Envelope xmlns:env=&quot;http://schemas.xmlsoap.org/soap/envelope/&quot; xmlns:wd=&quot;urn:com.workday/bsvc&quot;>
	&lt;env:Body>
		&lt;wd:Get_Import_Processes_Request>
			&lt;wd:Request_References>
				&lt;wd:Import_Process_Reference>
					&lt;wd:ID wd:type=&quot;WID&quot;>@{vars['iws.refs.msg'].xpath('//wd:Import_Process_Reference/wd:ID')}&lt;/wd:ID>
				&lt;/wd:Import_Process_Reference>
			&lt;/wd:Request_References>
		&lt;/wd:Get_Import_Processes_Request>
	&lt;/env:Body>
&lt;/env:Envelope></cc:text>
                    </cc:message>
                </cc:write>
            </cc:steps>
        </cc:async-mediation>
        <cc:local-out id="GetEventDocuments2" routes-response-to="InitCounter" endpoint="vm://wcc/GetEventDocuments"><cc:set name="ie.event.wid" value="lp.isSet() ? lp.getIntegrationEventWID() : null"/></cc:local-out>
        <cc:aggregator id="CollectJobReports" routes-to="BuildFinalReport" force-batch-when="props['iws.refs.i'] == props['iws.refs.count']">
            <cc:size-batch-strategy batch-size="-1"/>
            <cc:xml-message-content-collater>
        <cc:header-text>&lt;div></cc:header-text>
        <cc:footer-text>&lt;/div></cc:footer-text>
      </cc:xml-message-content-collater>
        </cc:aggregator>
        <cc:async-mediation id="BuildFinalReport">
            <cc:steps>
                <cc:write id="Write" output="variable" output-variable="iws.refs.report">
                    <cc:message>
                        <cc:static-file input-file="ReportTemplate.html"/>
                    </cc:message>
                </cc:write>
                <cc:copy id="Copy" output="variable" output-mimetype="text/html" output-variable="iws.refs.report" input="message" output-xpath="/html/body/replaceme"/>
                <cc:store id="Store" input="variable" input-variable="iws.refs.report" contentDisposition="inline" summary="Details on an import travel booking request, with line-by-line details on any errors encountered." title="Import Travel Booking Summary"/>
            </cc:steps>
        </cc:async-mediation>
        <cc:async-mediation id="InitCounter" routes-to="IterateJobRefs">
            <cc:steps>
                <cc:eval id="InitCounter"><cc:expression>props['iws.refs.i'] = 0</cc:expression><cc:expression>props['iws.refs.count'] = da.size('iws.refs')</cc:expression></cc:eval>
            </cc:steps>
        </cc:async-mediation>
        <cc:local-out id="TagStoredJobRef" endpoint="vm://wcc/PutIntegrationMessage"><cc:set name="is.message.severity" value="'INFO'"/><cc:set name="is.message.summary" value="'Tagging stored job reference.'"/><cc:set name="is.document.variable.name" value="'iws.refs.atom'"/><cc:set name="is.document.labels" value="'iws.refs'"/><cc:set name="is.document.deliverable" value="'false'"/></cc:local-out>
        <cc:route id="IterateJobRefs">
            <cc:doc-iterator labels="iws.refs" variable-name="iws.refs.msg"/>
            <cc:sub-route name="EachJob" routes-to="CallBuildJobReport"/>
        </cc:route>
        <cc:local-in id="BuildJobReport" routes-to="BuildGetImportProcesses"/>
        <cc:local-out id="CallBuildJobReport" store-message="none" routes-response-to="IncCounter" endpoint="vm://ImportWSTravel/BuildJobReport"/>
        <cc:workday-out-soap id="GetImportProcesses" routes-response-to="BuildReportHeader" application="Integrations" version="v22.1"/>
        <cc:async-mediation id="IncCounter" routes-to="CollectJobReports">
            <cc:steps>
                <cc:eval id="IncCounter"><cc:expression>props['iws.refs.i'] = props['iws.refs.i'] + 1</cc:expression></cc:eval>
                <cc:copy id="Copy" input="variable" input-variable="iws.ref.report"/>
            </cc:steps>
        </cc:async-mediation>
        <cc:async-mediation id="BuildGetImportProcessesMessages" routes-to="IterateErrorPages">
            <cc:steps>
                <cc:write id="Write" output-mimetype="text/xml">
                    <cc:message>
                        <cc:text>&lt;env:Envelope xmlns:env=&quot;http://schemas.xmlsoap.org/soap/envelope/&quot; xmlns:wd=&quot;urn:com.workday/bsvc&quot;>
	&lt;env:Body>
		&lt;wd:Get_Import_Process_Messages_Request>
			&lt;wd:Request_Criteria>
				&lt;wd:Import_Process_Reference>
					&lt;wd:ID wd:type=&quot;WID&quot;>@{vars['iws.refs.msg'].xpath('//wd:Import_Process_Reference/wd:ID')}&lt;/wd:ID>
				&lt;/wd:Import_Process_Reference>
			&lt;/wd:Request_Criteria>
			&lt;wd:Response_Filter>
				&lt;wd:Count>20&lt;/wd:Count>
			&lt;/wd:Response_Filter>
		&lt;/wd:Get_Import_Process_Messages_Request>
	&lt;/env:Body>
&lt;/env:Envelope></cc:text>
                    </cc:message>
                </cc:write>
            </cc:steps>
        </cc:async-mediation>
        <cc:async-mediation id="BuildReportHeader" routes-to="CallInsertErrors">
            <cc:steps>
                <cc:eval id="Flag"><cc:expression>props['iws.ref.has_messages'] = parts[0].xpathB('//wd:Has_Messages[text()!=&quot;0&quot;]')</cc:expression></cc:eval>
                <cc:xslt id="Xslt" output="variable" output-variable="iws.ref.report" url="BuildReportHeader.xslt"/>
            </cc:steps>
        </cc:async-mediation>
        <cc:local-out id="CallInsertErrors" store-message="none" execute-when="props['iws.ref.has_messages']" endpoint="vm://ImportWSTravel/InsertErrors"/>
        <cc:local-in id="InsertErrors" routes-to="BuildGetImportProcessesMessages"/>
        <cc:local-out id="IterateErrorPages" routes-response-to="IterateErrors" endpoint="vm://wcc/PagedGet"><cc:set name="is.paged.get.request.current.page.xpath" value="'/env:Envelope/env:Body/*/wd:Response_Filter/wd:Page'"/><cc:set name="is.paged.get.response.current.page.xpath" value="'/env:Envelope/env:Body/*/wd:Response_Results/wd:Page'"/><cc:set name="is.paged.get.response.total.pages.xpath" value="'/env:Envelope/env:Body/*/wd:Response_Results/wd:Total_Pages'"/><cc:set name="is.paged.get.response.total.results.xpath" value="'/env:Envelope/env:Body/*/wd:Response_Results/wd:Total_Results'"/><cc:set name="is.paged.get.application" value="'Integrations'"/><cc:set name="is.paged.get.version" value="'v22.1'"/><cc:set name="is.paged.get.page.zero" value="false"/><cc:set name="is.paged.get.store.requests" value="true"/><cc:set name="is.paged.get.aggregate.xpath" value="'/env:Envelope/env:Body/wd:Get_Import_Process_Messages_Response/wd:Response_Data/wd:Import_Process_Message/wd:Import_Process_Message_Data'"/><cc:set name="is.paged.get.aggregate.header" value="'&lt;errors>'"/><cc:set name="is.paged.get.aggregate.footer" value="'&lt;/errors>'"/></cc:local-out>
        <cc:splitter id="IterateErrors">
            <cc:sub-route name="EachError" routes-to="BuildErrorLine"/>
            <cc:xml-stream-splitter xpath="/*/*"/>
        </cc:splitter>
        <cc:aggregator id="CollectErrorLines" routes-to="InsertErrorLines" force-batch-on-last-message="true">
            <cc:size-batch-strategy batch-size="-1"/>
            <cc:xml-message-content-collater output-mimetype="text/html">
        <cc:header-text>&lt;tbody></cc:header-text>
        <cc:footer-text>&lt;/tbody></cc:footer-text>
      </cc:xml-message-content-collater>
        </cc:aggregator>
    <cc:async-mediation id="BuildErrorLine" routes-to="CollectErrorLines"><cc:steps>
                <cc:xslt id="Xslt" url="BuildSingleError.xslt"/>
            </cc:steps></cc:async-mediation>
    <cc:async-mediation id="InsertErrorLines"><cc:steps>
                <cc:copy id="Copy" output="variable" output-variable="iws.ref.report" output-xpath="/div/table/tbody[@id='replaceme']"/>
            </cc:steps></cc:async-mediation>
        <cc:local-out id="GetEventDocuments1" routes-response-to="IterateReqs" endpoint="vm://wcc/GetEventDocuments"><cc:set name="ie.event.wid" value="lp.isSet() ? lp.getIntegrationEventWID() : null"/></cc:local-out>
        <cc:route id="IterateReqs">
            <cc:doc-iterator variable-name="iws.refs.msg"/>
            <cc:sub-route name="EachReq" routes-to="BuildImportRequest"/>
        </cc:route>
        <cc:async-mediation id="BuildImportRequest" routes-to="ImportTravelRequests">
            <cc:steps>
                <cc:write id="Write" input="variable" input-variable="iws.refs.msg">
                    <cc:message>
                        <cc:message-content/>
                    </cc:message>
                </cc:write>
            </cc:steps>
        </cc:async-mediation>
    </cc:assembly>

</beans>
