<?xml version="1.0" encoding="UTF-8"?>
<wdnm:Diagram xmlns:wdnm="http://workday.com/studio/editors/notation">
  <element href="assembly.xml#WorkdayAssembly"/>
  <visualProperties x="6" y="8">
    <element href="assembly.xml#Import"/>
  </visualProperties>
  <visualProperties x="726" y="15">
    <element href="assembly.xml#ImportTravelRequests"/>
  </visualProperties>
  <visualProperties x="967" y="15">
    <element href="assembly.xml#StoreJobRef"/>
  </visualProperties>
  <visualProperties x="6" y="313">
    <element href="assembly.xml#Report"/>
  </visualProperties>
  <visualProperties x="219" y="569">
    <element href="assembly.xml#BuildGetImportProcesses"/>
  </visualProperties>
  <visualProperties x="108" y="313">
    <element href="assembly.xml#GetEventDocuments2"/>
  </visualProperties>
  <visualProperties x="927" y="315">
    <element href="assembly.xml#CollectJobReports"/>
  </visualProperties>
  <visualProperties x="1132" y="313">
    <element href="assembly.xml#BuildFinalReport"/>
  </visualProperties>
  <visualProperties x="271" y="373">
    <element href="assembly.xml#InitCounter"/>
  </visualProperties>
  <visualProperties x="1195" y="15">
    <element href="assembly.xml#TagStoredJobRef"/>
  </visualProperties>
  <visualProperties x="404" y="313">
    <element href="assembly.xml#IterateJobRefs"/>
  </visualProperties>
  <visualProperties x="6" y="569">
    <element href="assembly.xml#BuildJobReport"/>
  </visualProperties>
  <visualProperties x="548" y="321">
    <element href="assembly.xml#CallBuildJobReport"/>
  </visualProperties>
  <visualProperties x="465" y="569">
    <element href="assembly.xml#GetImportProcesses"/>
  </visualProperties>
  <visualProperties x="744" y="321">
    <element href="assembly.xml#IncCounter"/>
  </visualProperties>
  <visualProperties x="190" y="741">
    <element href="assembly.xml#BuildGetImportProcessesMessages"/>
  </visualProperties>
  <visualProperties x="687" y="581">
    <element href="assembly.xml#BuildReportHeader"/>
  </visualProperties>
  <visualProperties x="950" y="569">
    <element href="assembly.xml#CallInsertErrors"/>
  </visualProperties>
  <visualProperties x="6" y="741">
    <element href="assembly.xml#InsertErrors"/>
  </visualProperties>
  <visualProperties x="472" y="741">
    <element href="assembly.xml#IterateErrorPages"/>
  </visualProperties>
  <visualProperties x="641" y="735">
    <element href="assembly.xml#IterateErrors"/>
  </visualProperties>
  <visualProperties x="945" y="735">
    <element href="assembly.xml#CollectErrorLines"/>
  </visualProperties>
  <visualProperties x="775" y="741">
    <element href="assembly.xml#BuildErrorLine"/>
  </visualProperties>
  <visualProperties x="1146" y="735">
    <element href="assembly.xml#InsertErrorLines"/>
  </visualProperties>
  <visualProperties x="151" y="31">
    <element href="assembly.xml#GetEventDocuments1"/>
  </visualProperties>
  <visualProperties x="343" y="6">
    <element href="assembly.xml#IterateReqs"/>
  </visualProperties>
  <visualProperties x="499" y="6">
    <element href="assembly.xml#BuildImportRequest"/>
  </visualProperties>
  <decorations x="13" y="67" width="104" height="42" font="Arial|11|1" fontColor="1" text="Start Here"/>
  <decorations x="6" y="364" width="235" height="103" text="This integration launches automatically in step d of the Business Process that you configure for the Import integration system in Workday. Do not launch it manually."/>
  <decorations x="6" y="292" width="1330" height="9" bgColor="1" fgColor="1" text=""/>
  <decorations x="6" y="554" width="1330" height="9" bgColor="1" fgColor="1" text="Text"/>
  <decorations x="6" y="727" width="1330" height="9" bgColor="1" fgColor="1" text="Text"/>
  <decorations x="1312" y="315" width="103" height="50" font="Arial|11|1" fontColor="1" text="Finished"/>
  <decorations x="456" y="636" width="220" height="72" text="Builds a basic job report using XSL.  If the job has messages (errors), the eval step flags it."/>
  <decorations x="895" y="632" width="258" height="60" text="If the job has errors, call the sub-assembly that inserts the detailed error report."/>
  <decorations x="7" y="125" width="330" height="127" bgColor="16770790" fgColor="13369446" type="NOTE" text="Stage1: Retrieves a bunch of Import Web Service (IWS) calls and sends them off to Workday to process. These calls run as background processes, so the assembly doesn't wait for them to finish. Instead, the IWS returns job reference IDs that the assemly can use to check the status of each process. The integration stores these IDs for use in Stage 2, after the data imports have finished."/>
  <decorations x="21" y="472" width="428" height="69" bgColor="16770790" fgColor="13369446" type="NOTE" text="Stage 2: Loads the job references that the Import integration stores in Stage 1, builds a report that summarizes the results of each IWS call, and saves it on the W: Drive for the user."/>
  <decorations x="13" y="632" width="176" height="69" bgColor="16770790" fgColor="13369446" type="NOTE" text="Helper for Stage 2: Builds a summary report of a single IWS call."/>
  <decorations x="7" y="839" width="294" height="67" bgColor="16770790" fgColor="13369446" type="NOTE" text="Helper for BuildJobReport: If an IWS call has line errors, this sub-assembly summarizes them and inserts them into the report for that call."/>
  <decorations x="465" y="125" width="688" height="84" font="Arial|9|0" bgColor="16770790" fgColor="13369446" fontColor="1" type="NOTE" text="After deploying the assembly and before launching this integration, you must modify the Business Process attached to the Integration System for the &quot;Import&quot; workday-in to have the following four steps: a) Initiation b) Service: Document Retrieval c) Service: Fire Integration  d) Integration: ImportWSTravel-Report. Before starting step d, the Business Process waits until the background processes started in step c have finished."/>
  <connections type="routesTo" sourceAnchorX="0.9448818897637795" sourceAnchorY="0.12264150943396226" targetAnchorX="0.016483516483516484" targetAnchorY="0.14130434782608695">
    <source href="assembly.xml#CollectJobReports"/>
    <target href="assembly.xml#BuildFinalReport"/>
  </connections>
  <connections target="//@decorations.0" type="Notation" sourceAnchorX="0.7349397590361446" sourceAnchorY="1.0">
    <source href="assembly.xml#Import"/>
  </connections>
  <connections target="//@decorations.1" type="Notation" sourceAnchorX="0.7976190476190477" sourceAnchorY="1.0">
    <source href="assembly.xml#Report"/>
  </connections>
  <connections type="routesTo">
    <source href="assembly.xml#Report"/>
    <target href="assembly.xml#GetEventDocuments2"/>
  </connections>
  <connections type="routesResponseTo" targetAnchorX="0.11494252873563218" targetAnchorY="0.1956521739130435">
    <source href="assembly.xml#GetEventDocuments2"/>
    <target href="assembly.xml#InitCounter"/>
  </connections>
  <connections type="routesTo" sourceAnchorX="0.978494623655914" sourceAnchorY="0.14130434782608695" targetAnchorX="0.0390625" targetAnchorY="0.35135135135135137">
    <source href="assembly.xml#StoreJobRef"/>
    <target href="assembly.xml#TagStoredJobRef"/>
  </connections>
  <connections type="routesResponseTo" sourceAnchorX="0.9795918367346939" sourceAnchorY="0.3783783783783784" targetAnchorX="0.6964285714285714" targetAnchorY="0.08695652173913043">
    <source href="assembly.xml#ImportTravelRequests"/>
    <target href="assembly.xml#StoreJobRef"/>
  </connections>
  <connections type="routesTo" sourceAnchorX="0.9770114942528736" sourceAnchorY="0.17391304347826086" targetAnchorX="0.48314606741573035" targetAnchorY="0.08666666666666667">
    <source href="assembly.xml#InitCounter"/>
    <target href="assembly.xml#IterateJobRefs"/>
  </connections>
  <connections type="routesTo" sourceAnchorX="0.6328125" sourceAnchorY="0.40540540540540543" targetAnchorX="0.05223880597014925" targetAnchorY="0.18478260869565216">
    <source href="assembly.xml#BuildJobReport"/>
    <target href="assembly.xml#BuildGetImportProcesses"/>
  </connections>
  <connections type="routesTo" sourceAnchorX="0.9925373134328358" sourceAnchorY="0.13043478260869565" targetAnchorX="0.035211267605633804" targetAnchorY="0.35135135135135137">
    <source href="assembly.xml#BuildGetImportProcesses"/>
    <target href="assembly.xml#GetImportProcesses"/>
  </connections>
  <connections type="routesResponseTo" sourceAnchorX="0.9507042253521126" sourceAnchorY="0.40540540540540543" targetAnchorX="0.616822429906542" targetAnchorY="0.20652173913043478">
    <source href="assembly.xml#GetImportProcesses"/>
    <target href="assembly.xml#BuildReportHeader"/>
  </connections>
  <connections type="routesTo" sourceAnchorX="0.9836065573770492" sourceAnchorY="0.16304347826086957" targetAnchorX="0.29245283018867924" targetAnchorY="0.5135135135135135">
    <source href="assembly.xml#BuildReportHeader"/>
    <target href="assembly.xml#CallInsertErrors"/>
  </connections>
  <connections type="routesTo" sourceAnchorX="0.7024793388429752" sourceAnchorY="0.40540540540540543" targetAnchorX="0.14655172413793102" targetAnchorY="0.16304347826086957">
    <source href="assembly.xml#InsertErrors"/>
    <target href="assembly.xml#BuildGetImportProcessesMessages"/>
  </connections>
  <connections type="routesTo">
    <source href="assembly.xml#//@beans/@mixed.1/@route.0/@subRoute.0"/>
    <target href="assembly.xml#CallBuildJobReport"/>
  </connections>
  <connections type="routesResponseTo" sourceAnchorX="0.9776119402985075" sourceAnchorY="0.35135135135135137" targetAnchorX="0.046511627906976744" targetAnchorY="0.15217391304347827">
    <source href="assembly.xml#CallBuildJobReport"/>
    <target href="assembly.xml#IncCounter"/>
  </connections>
  <connections type="routesTo" sourceAnchorX="0.9457364341085271" sourceAnchorY="0.14130434782608695" targetAnchorX="0.031496062992125984" targetAnchorY="0.11320754716981132">
    <source href="assembly.xml#IncCounter"/>
    <target href="assembly.xml#CollectJobReports"/>
  </connections>
  <connections type="routesTo" sourceAnchorX="1.0" sourceAnchorY="0.5294117647058824" targetAnchorX="0.5555555555555556" targetAnchorY="0.3695652173913043">
    <source href="assembly.xml#//@beans/@mixed.1/@splitter.0/@subRoute.0"/>
    <target href="assembly.xml#BuildErrorLine"/>
  </connections>
  <connections type="routesTo" sourceAnchorX="0.9595959595959596" sourceAnchorY="0.20652173913043478" targetAnchorX="0.031496062992125984" targetAnchorY="0.1509433962264151">
    <source href="assembly.xml#BuildErrorLine"/>
    <target href="assembly.xml#CollectErrorLines"/>
  </connections>
  <connections type="routesTo" sourceAnchorX="0.937007874015748" sourceAnchorY="0.14150943396226415" targetAnchorX="0.08333333333333333" targetAnchorY="0.16304347826086957">
    <source href="assembly.xml#CollectErrorLines"/>
    <target href="assembly.xml#InsertErrorLines"/>
  </connections>
  <connections type="routesTo" sourceAnchorX="0.9224137931034483" sourceAnchorY="0.18478260869565216" targetAnchorX="0.023076923076923078" targetAnchorY="0.3783783783783784">
    <source href="assembly.xml#BuildGetImportProcessesMessages"/>
    <target href="assembly.xml#IterateErrorPages"/>
  </connections>
  <connections source="//@decorations.5" type="Notation" sourceAnchorX="0.05" sourceAnchorY="0.5517241379310345" targetAnchorX="0.989010989010989" targetAnchorY="0.20652173913043478">
    <target href="assembly.xml#BuildFinalReport"/>
  </connections>
  <connections target="//@decorations.6" type="Notation" sourceAnchorX="0.47540983606557374" sourceAnchorY="0.021739130434782608">
    <source href="assembly.xml#BuildReportHeader"/>
  </connections>
  <connections target="//@decorations.7" type="Notation" sourceAnchorX="0.3402061855670103" sourceAnchorY="0.32432432432432434">
    <source href="assembly.xml#CallInsertErrors"/>
  </connections>
  <connections type="routesResponseTo" sourceAnchorX="0.9846153846153847" sourceAnchorY="0.2702702702702703" targetAnchorX="0.2872340425531915" targetAnchorY="0.06666666666666667">
    <source href="assembly.xml#IterateErrorPages"/>
    <target href="assembly.xml#IterateErrors"/>
  </connections>
  <connections type="routesTo">
    <source href="assembly.xml#Import"/>
    <target href="assembly.xml#GetEventDocuments1"/>
  </connections>
  <connections type="routesResponseTo">
    <source href="assembly.xml#GetEventDocuments1"/>
    <target href="assembly.xml#IterateReqs"/>
  </connections>
  <connections type="routesTo">
    <source href="assembly.xml#//@beans/@mixed.1/@route.1/@subRoute.0"/>
    <target href="assembly.xml#BuildImportRequest"/>
  </connections>
  <connections type="routesTo" sourceAnchorX="1.0" sourceAnchorY="0.34782608695652173" targetAnchorX="0.6462585034013606" targetAnchorY="0.43243243243243246">
    <source href="assembly.xml#BuildImportRequest"/>
    <target href="assembly.xml#ImportTravelRequests"/>
  </connections>
</wdnm:Diagram>
