<?xml version='1.0' encoding='utf-8'?><env:Envelope xmlns:env="http://schemas.xmlsoap.org/soap/envelope/" xmlns:enc="http://schemas.xmlsoap.org/soap/encoding/" xmlns:xsi="http://www.w3.org/2001/XMLSchema-instance">
    <env:Body>
        <wd:Import_Payroll_Input_Request xmlns:wd="urn:com.workday/bsvc" wd:version="v23.1">
            <wd:Payroll_Input_Data>
                <wd:Payroll_Input_ID>PAYROLL_INPUT-3-165167</wd:Payroll_Input_ID>
                <wd:Batch_ID>Metlife-12.07.2017</wd:Batch_ID>
                <wd:Ongoing_Input>1</wd:Ongoing_Input>
                <wd:Start_Date>2017-12-01</wd:Start_Date>
                <wd:End_Date>2017-12-31-08:00</wd:End_Date>
                <wd:Run_Category_Reference>
                    <wd:ID wd:type="Run_Category_ID">REGULAR</wd:ID>
                </wd:Run_Category_Reference>
                <wd:Worker_Reference>
                    <wd:ID wd:type="Employee_ID">04279</wd:ID>
                </wd:Worker_Reference>
                <wd:Deduction_Reference>
                    <wd:ID wd:type="Deduction_Code">INSOP1</wd:ID>
                </wd:Deduction_Reference>
            </wd:Payroll_Input_Data>
        </wd:Import_Payroll_Input_Request>
    </env:Body>
</env:Envelope>