<?xml version="1.0" encoding="UTF-8"?>
<beans
     xmlns="http://www.springframework.org/schema/beans"
     xmlns:beans="http://www.springframework.org/schema/beans"
     xmlns:atom="http://www.w3.org/2005/Atom"
     xmlns:cc="http://www.capeclear.com/assembly/10"
     xmlns:cloud="urn:com.workday/esb/cloud/10.0"
     xmlns:env="http://schemas.xmlsoap.org/soap/envelope/"
     xmlns:pi="urn:com.workday/picof"
     xmlns:wd="urn:com.workday/bsvc"
     xmlns:xsi="http://www.w3.org/2001/XMLSchema-instance">
 
	<cc:assembly id="WorkdayAssembly" version="2022.37">
        <cc:local-out id="PutFinalDetailAudit" endpoint="vm://wcc/PutIntegrationMessage">
            <cc:set name="is.message.severity" value="'INFO'"/>
            <cc:set name="is.message.summary" value="'Customer Collection log generated'"/>
        </cc:local-out>
        <cc:async-mediation id="StoreCloud" routes-to="PutFinalDetailAudit">
            <cc:steps>
                <cc:store id="Store" input="variable" input-variable="cloud-log-content" createDocumentReference="true" expiresIn="P30D" isAttachment="false" title="Customer Collections Close Interaction Audit Log.html"/>
            </cc:steps>
        </cc:async-mediation>
        <cc:local-in id="StoreCloudLog" routes-to="StoreCloud"/>
        <cc:async-mediation id="CloudLogInteraction">
            <cc:steps>
                <cc:eval id="Eval">
                    <cc:expression>props['invoice.updated'] = json.stringAtJsonPath('$.invoicesReferenced.descriptor', parts[0])</cc:expression>
                    <cc:expression>props['invoice.interaction.wid'] = json.stringAtJsonPath('$.id', parts[0])</cc:expression>
                    <cc:expression>props['invoice.interaction.id'] = json.stringAtJsonPath('$.CCI_AMS_mrjzxm_CustomerInteraction_ID', parts[0])</cc:expression>
                </cc:eval>
                <cc:cloud-log id="CloudLog" level="info" message="Invoice Number: @{props['invoice.number']}" message-details="@{props['invoice.updated']} Interaction - @{props['invoice.interaction.id']} updated with Communication Status - Closed" output-file-type="HTML">
                    <cc:log-column key="CustomerInvoice" label="Customer Invoice Number">@{props['invoice.number']}</cc:log-column>
                    <cc:log-column key="CustomerIInvoiceWID" label="Customer Invoice WID">@{props['invoice.wid']}</cc:log-column>
                    <cc:log-column key="CustomerInteractionID" label="Customer Interaction ID">@{props['invoice.interaction.id']}</cc:log-column>
                    <cc:log-column key="CustomerInteractionWID" label="Customer Interaction WID">@{props['invoice.interaction.wid']}</cc:log-column>
                </cc:cloud-log>
            </cc:steps>
        </cc:async-mediation>
        <cc:http-out id="Call-CloseInvoiceInteraction" routes-response-to="CloudLogInteraction" endpoint="@{props['interaction.endpoint']}" http-method="PATCH"/>
        <cc:local-out id="InteractionError1" endpoint="vm://wcc/PutIntegrationMessage">
            <cc:set name="is.message.severity" value="'ERROR'"/>
            <cc:set name="is.message.summary" value="context.errorMessage"/>
        </cc:local-out>
        <cc:async-mediation id="CreateInvoiceInteraction" routes-to="Call-CloseInvoiceInteraction" handle-downstream-errors="true">
            <cc:steps>
                <cc:eval id="StoreToken">
                    <cc:expression>props['access.token'] = json.stringAtJsonPath('$.access_token', parts[0])</cc:expression>
                    <cc:expression>props['token.authorization.header'] = 'Bearer ' + props['access.token']</cc:expression>
                    <cc:expression>props['created.date'] = util.currentDateAsString().substring(0,10)</cc:expression>
                    <cc:expression>props['created.datetime'] = util.currentDateTimeAsString('EST').substring(0,19)</cc:expression>
                    <cc:expression>props['parsed.interaction.id'] = new java.text.SimpleDateFormat(&quot;yyyy-MM-dd'T'HH:mm:ss&quot;).parse(props['created.datetime'])</cc:expression>
                    <cc:expression>props['interaction.id'] = new java.text.SimpleDateFormat(&quot;yyyyMMddHHmmss&quot;).format(props['parsed.interaction.id']) # props['invoice.number']</cc:expression>
                    <cc:expression>props['interaction.endpoint'] = props['application.endpoint'] + '/' + props['invoice.interaction.wid']</cc:expression>
                </cc:eval>
                <cc:write id="RESTBody" output-mimetype="application/json">
                    <cc:message>
                        <cc:text>{&#xD;
    &quot;communicationStatus&quot;:&quot;Closed&quot;&#xD;
}</cc:text>
                    </cc:message>
                </cc:write>
                <cc:set-headers id="SetHeaders" output="message" clear-all="false">
                    <cc:remove-headers/>
                    <cc:add-headers>
                        <cc:add-header name="Authorization" value="@{props['token.authorization.header']}"/>
                    </cc:add-headers>
                </cc:set-headers>
            </cc:steps>
            <cc:send-error id="SendError" routes-to="InteractionError1"/>
        </cc:async-mediation>
        <cc:http-out id="Call-GenerateAccessToken1" store-message="none" routes-response-to="CreateInvoiceInteraction" endpoint="@{props['token.endpoint']}" http-method="POST">
        </cc:http-out>
        <cc:local-out id="AuthorizationError1" endpoint="vm://wcc/PutIntegrationMessage">
            <cc:set name="is.message.severity" value="'ERROR'"/>
            <cc:set name="is.message.summary" value="context.errorMessage"/>
        </cc:local-out>
        <cc:async-mediation id="GenerateOauthToken1" routes-to="Call-GenerateAccessToken1" handle-downstream-errors="true">
            <cc:steps>
                <cc:eval id="StoreInteractionWID">
                    <cc:expression>props['invoice.interaction.wid'] = json.stringAtJsonPath('$.workdayID', parts[0])</cc:expression>
                </cc:eval>
                <cc:write id="Authorization">
                    <cc:message>
                        <cc:text>@{props['ia.client.id']}&amp;@{props['ia.client.secret']}</cc:text>
                    </cc:message>
                </cc:write>
                <cc:base64-encode id="Base64Encode"/>
                <cc:eval id="Eval">
                    <cc:expression>props['authorization.header'] = 'Basic ' + parts[0].text</cc:expression>
                </cc:eval>
                <cc:write id="RESTBody" output-mimetype="text/plain">
                    <cc:message>
                        <cc:text>client_id=@{props['ia.client.id']}&amp;client_secret=@{props['ia.client.secret']}&amp;grant_type=refresh_token&amp;refresh_token=@{props['ia.client.refresh.token']}</cc:text>
                    </cc:message>
                </cc:write>
                <cc:set-headers id="SetHeaders" output="rootpart">
                    <cc:remove-headers/>
                    <cc:add-headers>
                        <cc:add-header name="Authorization" value="@{props['authorization.header']}"/>
                    </cc:add-headers>
                </cc:set-headers>
            </cc:steps>
            <cc:send-error id="SendError" routes-to="AuthorizationError1"/>
        </cc:async-mediation>
        <cc:local-in id="PatchInvoiceInteractions" routes-to="Interactions"/>
        <cc:local-out id="TransformInvoiceError" endpoint="vm://wcc/PutIntegrationMessage">
            <cc:set name="is.message.severity" value="'ERROR'"/>
            <cc:set name="is.message.summary" value="context.errorMessage"/>
        </cc:local-out>
        <cc:async-mediation id="TrasnformInvoices" handle-downstream-errors="true">
            <cc:steps>
                <cc:copy id="Copy" input="variable" input-variable="customer.invoices"/>
                <cc:xslt-plus id="XsltPlus" url="XTND-CustomerCollections-CloseInteractionsTransform.xsl"/>
                <cc:copy id="SaveTransform" output="variable" output-variable="customer.invoices.formatted"/>
            </cc:steps>
            <cc:send-error id="SendError" routes-to="TransformInvoiceError"/>
        </cc:async-mediation>
        <cc:local-in id="TransformInvoiceInformation" routes-to="TrasnformInvoices"/>
        <cc:local-out id="GetInvoiceError" endpoint="vm://wcc/PutIntegrationMessage">
            <cc:set name="is.message.severity" value="'ERROR'"/>
            <cc:set name="is.message.summary" value="context.errorMessage"/>
        </cc:local-out>
        <cc:async-mediation id="InvoiceReportCall" routes-to="WorkdayOutRest" handle-downstream-errors="true">
            <cc:steps>
                <cc:eval id="Eval">
                    <cc:expression>props['report.invoice.string'] = props['lp.customer.invoice'] != null ? '&amp;Customer_Invoice!WID=' + props['lp.customer.invoice'] : ''</cc:expression>
                    <cc:expression>props['custom.report.string'] = '?Customer_Collection_Most_Recent_Payment_Date=' + props['lp.payment.date'] + props['report.invoice.string']</cc:expression>
                </cc:eval>
            </cc:steps>
            <cc:send-error id="SendError" routes-to="GetInvoiceError"/>
        </cc:async-mediation>
        <cc:local-in id="GetInvoiceInformation" routes-to="InvoiceReportCall"/>
        <cc:local-out id="Call-StoreCloudLog" store-message="none" endpoint="vm://XTND-CustomerCollections-CloseInteractions/StoreCloudLog"/>
        <cc:local-out id="Call-TransformInvoiceData" store-message="none" routes-response-to="Call-StoreInvoiceInformation" endpoint="vm://XTND-CustomerCollections-CloseInteractions/TransformInvoiceInformation"/>
        <cc:local-out id="Call-GetInvoiceInformation" store-message="none" routes-response-to="Call-TransformInvoiceData" endpoint="vm://XTND-CustomerCollections-CloseInteractions/GetInvoiceInformation"/>
        <cc:local-out id="PutIntegrationMessage" endpoint="vm://wcc/PutIntegrationMessage">
            <cc:set name="is.message.severity" value="'ERROR'"/>
            <cc:set name="is.message.summary" value="context.errorMessage"/>
        </cc:local-out>
        <cc:async-mediation id="StoreAttributes" routes-to="Call-GetInvoiceInformation" handle-downstream-errors="true">
            <cc:steps>
                <cc:eval id="Eval">
                    <cc:expression>props['ia.webservice.version'] = intsys.getAttribute('Web Service Version')</cc:expression>
                    <cc:expression>props['lp.payment.date'] = lp.getDate('Payment Date on or After')</cc:expression>
                    <cc:expression>props['lp.customer.invoice'] = lp.getReferenceData('Customer Invoice', 'WID')</cc:expression>
                    <cc:expression>props['ia.client.id'] = intsys.getAttribute('REST API Client ID')</cc:expression>
                    <cc:expression>props['ia.client.secret'] = intsys.getAttribute('REST API Client Secret')</cc:expression>
                    <cc:expression>props['ia.client.refresh.token'] = intsys.getAttribute('REST API Refresh Token')</cc:expression>
                    <cc:expression>props['ia.rest.url'] = intsys.getAttribute('REST API Customter Interaction URL')</cc:expression>
                </cc:eval>
                <cc:eval id="Endpoints">
                    <cc:expression>props['url.index.substring'] = props['assembly.gateway.address'].lastIndexOf('/')</cc:expression>
                    <cc:expression>props['base.url'] = props['assembly.gateway.address'].toString().substring(0, props['url.index.substring'])</cc:expression>
                    <cc:expression>props['rest.index.substring.start'] = props['ia.rest.url'].indexOf('CCI'); props['rest.index.substring.end'] = props['ia.rest.url'].lastIndexOf('/') + 1</cc:expression>
                    <cc:expression>props['rest.url.id'] = props['ia.rest.url'].substring(props['rest.index.substring.start'], props['rest.index.substring.end'])</cc:expression>
                    <cc:expression>props['rest.wql.application.name'] = props['ia.rest.url'].substring(props['rest.index.substring.end'])</cc:expression>
                    <cc:expression>props['rest.wql.id'] = props['rest.url.id'].substring(0, props['rest.url.id'].indexOf('/')) + '_' + props['rest.wql.application.name'] </cc:expression>
                    <cc:expression>props['token.endpoint'] = props['base.url'] + '/oauth2/' + props['cc.customer.id'] + '/token'</cc:expression>
                    <cc:expression>props['application.endpoint'] = props['base.url'] + '/api/' + props['rest.url.id'] + props['cc.customer.id'] + '/customerInteractions'</cc:expression>
                    <cc:expression>props['base.wql.endpoint'] = props['base.url'] + '/api/wql/v1/' + props['cc.customer.id'] + '/data?query='</cc:expression>
                </cc:eval>
            </cc:steps>
            <cc:send-error id="SendError" routes-to="PutIntegrationMessage"/>
        </cc:async-mediation>
        <cc:workday-in id="StartHere" routes-to="StoreAttributes">
            <cc:integration-system name="WXTND INTXXX Close CustomerInteraction Status Std">
        <cloud:param name="Payment Date on or After">
          <cloud:type>
            <cloud:simple-type>date</cloud:simple-type>
          </cloud:type>
          <cloud:launch-option>required</cloud:launch-option>
        </cloud:param>
        <cloud:param name="Customer Invoice">
          <cloud:type>
            <cloud:class-report-field description="Customer Invoice" type="WID" singular="true">ed08faf83a78418aa9dabf7030e2a564</cloud:class-report-field>
          </cloud:type>
        </cloud:param>
        <cloud:attribute-map-service name="CloseInteractions-Attributes">
          <cloud:attribute name="Web Service Version">
            <cloud:type>
              <cloud:simple-type>text</cloud:simple-type>
            </cloud:type>
          </cloud:attribute>
          <cloud:attribute name="REST API Client ID">
            <cloud:type>
              <cloud:simple-type>text</cloud:simple-type>
            </cloud:type>
            <cloud:display-option>required-for-launch</cloud:display-option>
          </cloud:attribute>
          <cloud:attribute name="REST API Client Secret">
            <cloud:type>
              <cloud:simple-type>text</cloud:simple-type>
            </cloud:type>
            <cloud:display-option>display-as-password</cloud:display-option>
            <cloud:display-option>required-for-launch</cloud:display-option>
          </cloud:attribute>
          <cloud:attribute name="REST API Refresh Token">
            <cloud:type>
              <cloud:simple-type>text</cloud:simple-type>
            </cloud:type>
            <cloud:display-option>display-as-password</cloud:display-option>
            <cloud:display-option>required-for-launch</cloud:display-option>
          </cloud:attribute>
          <cloud:attribute name="REST API Customter Interaction URL">
            <cloud:type>
              <cloud:simple-type>text</cloud:simple-type>
            </cloud:type>
            <cloud:display-option>required-for-launch</cloud:display-option>
          </cloud:attribute>
        </cloud:attribute-map-service>
        <cloud:report-service name="CloseInteractions-Report">
          <cloud:report-alias description="Customer Collections Close Interactions" name="CloseInteractions">
            <cloud:report-reference description="XTND INT Customer Collections Close Interactions" type="WID">54b9add5a749100940a24f987a8d0000</cloud:report-reference>
          </cloud:report-alias>
        </cloud:report-service>
      </cc:integration-system>
        </cc:workday-in>
        <cc:workday-out-rest id="WorkdayOutRest" store-message="none" routes-response-to="StoreInvoiceInformation" extra-path="@{intsys.reportService.getExtrapath('CloseInteractions')}@{props['custom.report.string']}" method="GET"/>
        <cc:local-out id="Call-InvoiceInteractions" store-message="none" endpoint="vm://XTND-CustomerCollections-CloseInteractions/InvoiceInteractions"/>
        <cc:async-mediation id="CaptureInvoiceInformation" routes-to="Call-InvoiceInteractions">
            <cc:steps>
                <cc:eval id="Eval">
                    <cc:expression>props['customer.name'] = parts[0].xpath('Invoice/Customer')</cc:expression>
                    <cc:expression>props['customer.wid'] = parts[0].xpath('Invoice/CustomerID')</cc:expression>
                    <cc:expression>props['invoice.status'] = parts[0].xpath('Invoice/InvoiceStatus')</cc:expression>
                    <cc:expression>props['invoice.payment.status'] = parts[0].xpath('Invoice/PaymentStatus')</cc:expression>
                    <cc:expression>props['invoice.payment.date'] = parts[0].xpath('Invoice/PaymentDate')</cc:expression>
                    <cc:expression>props['invoice.amount.due'] = parts[0].xpath('Invoice/AmountDue')</cc:expression>
                    <cc:expression>props['invoice.wid'] = parts[0].xpath('Invoice/InvoiceID')</cc:expression>
                    <cc:expression>props['invoice.number'] = parts[0].xpath('Invoice/InvoiceNumber')</cc:expression>
                    <cc:expression>props['invoice.amount'] = parts[0].xpath('Invoice/InvoiceAmount')</cc:expression>
                </cc:eval>
            </cc:steps>
        </cc:async-mediation>
        <cc:splitter id="Splitter">
            <cc:sub-route name="SubRoute" routes-to="CaptureInvoiceInformation"/>
            <cc:xml-stream-splitter xpath="Invoices/Invoice"/>
        </cc:splitter>
        <cc:local-out id="InvoiceSplitError" endpoint="vm://wcc/PutIntegrationMessage">
            <cc:set name="is.message.severity" value="'ERROR'"/>
            <cc:set name="is.message.summary" value="context.errorMessage"/>
        </cc:local-out>
        <cc:async-mediation id="Invoices" routes-to="Splitter" handle-downstream-errors="true">
            <cc:steps>
                <cc:copy id="Copy" input="variable" input-variable="customer.invoices.formatted"/>
            </cc:steps>
            <cc:send-error id="SendError" routes-to="InvoiceSplitError"/>
        </cc:async-mediation>
        <cc:local-in id="InvoiceInformation" routes-to="Invoices"/>
        <cc:local-out id="Call-StoreInvoiceInformation" store-message="none" routes-response-to="Call-StoreCloudLog" endpoint="vm://XTND-CustomerCollections-CloseInteractions/InvoiceInformation"/>
        <cc:async-mediation id="StoreInvoiceInformation">
            <cc:steps>
                <cc:copy id="Copy" output="variable" output-variable="customer.invoices"/>
            </cc:steps>
        </cc:async-mediation>
        <cc:local-in id="InvoiceInteractions" routes-to="GenerateOAuthToken"/>
        <cc:local-out id="AuthorizationError" endpoint="vm://wcc/PutIntegrationMessage">
            <cc:set name="is.message.severity" value="'ERROR'"/>
            <cc:set name="is.message.summary" value="context.errorMessage"/>
        </cc:local-out>
        <cc:async-mediation id="GenerateOAuthToken" routes-to="Call-GenerateAccessToken" handle-downstream-errors="true">
            <cc:steps>
                <cc:write id="Authorization">
                    <cc:message>
                        <cc:text>@{props['ia.client.id']}&amp;@{props['ia.client.secret']}</cc:text>
                    </cc:message>
                </cc:write>
                <cc:base64-encode id="Base64Encode"/>
                <cc:eval id="Eval">
                    <cc:expression>props['authorization.header'] = 'Basic ' + parts[0].text</cc:expression>
                </cc:eval>
                <cc:write id="RESTBody" output-mimetype="text/plain">
                    <cc:message>
                        <cc:text>client_id=@{props['ia.client.id']}&amp;client_secret=@{props['ia.client.secret']}&amp;grant_type=refresh_token&amp;refresh_token=@{props['ia.client.refresh.token']}</cc:text>
                    </cc:message>
                </cc:write>
                <cc:set-headers id="SetHeaders" output="rootpart">
                    <cc:remove-headers/>
                    <cc:add-headers>
                        <cc:add-header name="Authorization" value="@{props['authorization.header']}"/>
                    </cc:add-headers>
                </cc:set-headers>
            </cc:steps>
            <cc:send-error id="SendError" routes-to="AuthorizationError"/>
        </cc:async-mediation>
        <cc:http-out id="Call-GenerateAccessToken" store-message="none" routes-response-to="GetInvoiceInteractions" endpoint="@{props['token.endpoint']}" http-method="POST">
        </cc:http-out>
        <cc:http-out id="Call-GetInvoiceInteractions" routes-response-to="StoreInteracations" endpoint="@{props['wql.endpoint']}" http-method="GET"/>
        <cc:local-out id="InteractionError" endpoint="vm://wcc/PutIntegrationMessage">
            <cc:set name="is.message.severity" value="'ERROR'"/>
            <cc:set name="is.message.summary" value="context.errorMessage"/>
        </cc:local-out>
        <cc:async-mediation id="GetInvoiceInteractions" routes-to="Call-GetInvoiceInteractions" handle-downstream-errors="true">
            <cc:steps>
                <cc:eval id="StoreToken">
                    <cc:expression>props['access.token'] = json.stringAtJsonPath('$.access_token', parts[0])</cc:expression>
                    <cc:expression>props['token.authorization.header'] = 'Bearer ' + props['access.token']</cc:expression>
                    <cc:expression>props['created.date'] = util.currentDateAsString().substring(0,10)</cc:expression>
                    <cc:expression>props['created.datetime'] = util.currentDateTimeAsString('EST').substring(0,19)</cc:expression>
                    <cc:expression>props['parsed.interaction.id'] = new java.text.SimpleDateFormat(&quot;yyyy-MM-dd'T'HH:mm:ss&quot;).parse(props['created.datetime'])</cc:expression>
                    <cc:expression>props['interaction.id'] = new java.text.SimpleDateFormat(&quot;yyyyMMddHHmmss&quot;).format(props['parsed.interaction.id']) # props['invoice.number']</cc:expression>
                </cc:eval>
                <cc:eval id="WQLEndpoint">
                    <cc:expression>props['wql.endpoint.query'] = 'SELECT%20workdayID%20FROM%20' + props['rest.wql.id'] + '%20WHERE%20invoicesReferenced%3D' + props['invoice.wid']</cc:expression>
                    <cc:expression>props['wql.endpoint'] = props['base.wql.endpoint'] + props['wql.endpoint.query']</cc:expression>
                </cc:eval>
                <cc:write id="ClearMessage" output-mimetype="text/plain">
                    <cc:message>
                        <cc:text></cc:text>
                    </cc:message>
                </cc:write>
                <cc:set-headers id="SetHeaders" output="message" clear-all="true">
                    <cc:remove-headers/>
                    <cc:add-headers>
                        <cc:add-header name="Authorization" value="@{props['token.authorization.header']}"/>
                    </cc:add-headers>
                </cc:set-headers>
            </cc:steps>
            <cc:send-error id="SendError" routes-to="InteractionError"/>
        </cc:async-mediation>
        <cc:async-mediation id="StoreInteracations" routes-to="Call-PatchInvoiceInteractions">
            <cc:steps>
                <cc:copy id="Copy" output="variable" output-mimetype="application/json" output-variable="invoice.interactions"/>
                <cc:cloud-log id="CloudLog-NoInteractions" condition="json.stringAtJsonPath('$.total', parts[0]) == '0'" message="Invoice Number: @{props['invoice.number']}" message-details="No interactions exist on Invoice, skipping.">
                    <cc:log-column key="CustomerInvoice" label="Customer Invoice Number">@{props['invoice.number']}</cc:log-column>
                    <cc:log-column key="CustomerIInvoiceWID" label="Customer Invoice WID">@{props['invoice.wid']}</cc:log-column>
                </cc:cloud-log>
            </cc:steps>
        </cc:async-mediation>
        <cc:local-out id="Call-PatchInvoiceInteractions" store-message="none" execute-when="json.stringAtJsonPath('$.total', parts[0]) != '0'" endpoint="vm://XTND-CustomerCollections-CloseInteractions/PatchInvoiceInteractions"/>
        <cc:local-out id="InteractionSplitError" endpoint="vm://wcc/PutIntegrationMessage">
            <cc:set name="is.message.severity" value="'ERROR'"/>
            <cc:set name="is.message.summary" value="context.errorMessage"/>
        </cc:local-out>
        <cc:async-mediation id="Interactions" routes-to="InteractionSplitter" handle-downstream-errors="true">
            <cc:steps>
                <cc:copy id="Copy" output-mimetype="application/json" input="variable" input-variable="invoice.interactions"/>
            </cc:steps>
            <cc:send-error id="SendError" routes-to="InteractionSplitError"/>
        </cc:async-mediation>
        <cc:splitter id="InteractionSplitter">
            <cc:sub-route name="SubRoute" routes-to="GenerateOauthToken1"/>
            <cc:json-splitter json-path="$.data[*]"/>
        </cc:splitter>
	</cc:assembly>

</beans>