<?xml version="1.0" encoding="UTF-8"?>
<wdnm:Diagram xmlns:wdnm="http://workday.com/studio/editors/notation">
  <element href="assembly.xml#WorkdayAssembly"/>
  <visualProperties>
    <element href="assembly.xml#StartHere"/>
  </visualProperties>
  <visualProperties>
    <element href="assembly.xml#StoreAttributes"/>
  </visualProperties>
  <visualProperties>
    <element href="assembly.xml#PutIntegrationMessage"/>
  </visualProperties>
  <visualProperties>
    <element href="assembly.xml#Call-GetInvoiceInformation"/>
  </visualProperties>
  <visualProperties>
    <element href="assembly.xml#Call-TransformInvoiceData"/>
  </visualProperties>
  <visualProperties>
    <element href="assembly.xml#Call-StoreCloudLog"/>
  </visualProperties>
  <visualProperties>
    <element href="assembly.xml#GetInvoiceInformation"/>
  </visualProperties>
  <visualProperties>
    <element href="assembly.xml#InvoiceReportCall"/>
  </visualProperties>
  <visualProperties>
    <element href="assembly.xml#GetInvoiceError"/>
  </visualProperties>
  <visualProperties>
    <element href="assembly.xml#TransformInvoiceInformation"/>
  </visualProperties>
  <visualProperties>
    <element href="assembly.xml#TrasnformInvoices"/>
  </visualProperties>
  <visualProperties>
    <element href="assembly.xml#TransformInvoiceError"/>
  </visualProperties>
  <visualProperties>
    <element href="assembly.xml#PatchInvoiceInteractions"/>
  </visualProperties>
  <visualProperties>
    <element href="assembly.xml#GenerateOauthToken1"/>
  </visualProperties>
  <visualProperties>
    <element href="assembly.xml#AuthorizationError1"/>
  </visualProperties>
  <visualProperties>
    <element href="assembly.xml#Call-GenerateAccessToken1"/>
  </visualProperties>
  <visualProperties>
    <element href="assembly.xml#CreateInvoiceInteraction"/>
  </visualProperties>
  <visualProperties>
    <element href="assembly.xml#InteractionError1"/>
  </visualProperties>
  <visualProperties>
    <element href="assembly.xml#Call-CloseInvoiceInteraction"/>
  </visualProperties>
  <visualProperties>
    <element href="assembly.xml#CloudLogInteraction"/>
  </visualProperties>
  <visualProperties>
    <element href="assembly.xml#StoreCloudLog"/>
  </visualProperties>
  <visualProperties>
    <element href="assembly.xml#StoreCloud"/>
  </visualProperties>
  <visualProperties>
    <element href="assembly.xml#PutFinalDetailAudit"/>
  </visualProperties>
  <visualProperties x="614" y="493">
    <element href="assembly.xml#WorkdayOutRest"/>
  </visualProperties>
  <visualProperties>
    <element href="assembly.xml#InvoiceInformation"/>
  </visualProperties>
  <visualProperties>
    <element href="assembly.xml#Invoices"/>
  </visualProperties>
  <visualProperties>
    <element href="assembly.xml#InvoiceSplitError"/>
  </visualProperties>
  <visualProperties>
    <element href="assembly.xml#Splitter"/>
  </visualProperties>
  <visualProperties>
    <element href="assembly.xml#CaptureInvoiceInformation"/>
  </visualProperties>
  <visualProperties>
    <element href="assembly.xml#Call-InvoiceInteractions"/>
  </visualProperties>
  <visualProperties x="926" y="143">
    <element href="assembly.xml#Call-StoreInvoiceInformation"/>
  </visualProperties>
  <visualProperties x="648" y="530">
    <element href="assembly.xml#StoreInvoiceInformation"/>
  </visualProperties>
  <visualProperties>
    <element href="assembly.xml#InvoiceInteractions"/>
  </visualProperties>
  <visualProperties>
    <element href="assembly.xml#GenerateOAuthToken"/>
  </visualProperties>
  <visualProperties>
    <element href="assembly.xml#AuthorizationError"/>
  </visualProperties>
  <visualProperties x="1834" y="1668">
    <element href="assembly.xml#Call-GenerateAccessToken"/>
  </visualProperties>
  <visualProperties>
    <element href="assembly.xml#GetInvoiceInteractions"/>
  </visualProperties>
  <visualProperties>
    <element href="assembly.xml#InteractionError"/>
  </visualProperties>
  <visualProperties x="2381" y="1589">
    <element href="assembly.xml#Call-GetInvoiceInteractions"/>
  </visualProperties>
  <visualProperties x="1822" y="1551">
    <element href="assembly.xml#StoreInteracations"/>
  </visualProperties>
  <visualProperties x="1950" y="1527">
    <element href="assembly.xml#Call-PatchInvoiceInteractions"/>
  </visualProperties>
  <visualProperties>
    <element href="assembly.xml#Interactions"/>
  </visualProperties>
  <visualProperties>
    <element href="assembly.xml#InteractionSplitError"/>
  </visualProperties>
  <visualProperties x="493" y="1921">
    <element href="assembly.xml#InteractionSplitter"/>
  </visualProperties>
  <connections type="routesTo" curveType="curved">
    <source href="assembly.xml#StartHere"/>
    <target href="assembly.xml#StoreAttributes"/>
  </connections>
  <connections type="routesTo" curveType="curved">
    <source href="assembly.xml#StoreAttributes"/>
    <target href="assembly.xml#Call-GetInvoiceInformation"/>
  </connections>
  <connections type="routesTo">
    <source href="assembly.xml#//@beans/@mixed.1/@mixed.43/@mixed.3"/>
    <target href="assembly.xml#PutIntegrationMessage"/>
  </connections>
  <connections type="routesResponseTo">
    <source href="assembly.xml#Call-GetInvoiceInformation"/>
    <target href="assembly.xml#Call-TransformInvoiceData"/>
  </connections>
  <connections type="routesTo">
    <source href="assembly.xml#//@beans/@mixed.1/@mixed.31/@mixed.3"/>
    <target href="assembly.xml#GetInvoiceError"/>
  </connections>
  <connections type="routesTo" curveType="curved">
    <source href="assembly.xml#TransformInvoiceInformation"/>
    <target href="assembly.xml#TrasnformInvoices"/>
  </connections>
  <connections type="routesTo">
    <source href="assembly.xml#//@beans/@mixed.1/@mixed.25/@mixed.3"/>
    <target href="assembly.xml#TransformInvoiceError"/>
  </connections>
  <connections type="routesTo" curveType="curved">
    <source href="assembly.xml#GenerateOauthToken1"/>
    <target href="assembly.xml#Call-GenerateAccessToken1"/>
  </connections>
  <connections type="routesTo">
    <source href="assembly.xml#//@beans/@mixed.1/@mixed.19/@mixed.3"/>
    <target href="assembly.xml#AuthorizationError1"/>
  </connections>
  <connections type="routesResponseTo">
    <source href="assembly.xml#Call-GenerateAccessToken1"/>
    <target href="assembly.xml#CreateInvoiceInteraction"/>
  </connections>
  <connections type="routesTo">
    <source href="assembly.xml#CreateInvoiceInteraction"/>
    <target href="assembly.xml#Call-CloseInvoiceInteraction"/>
  </connections>
  <connections type="routesTo">
    <source href="assembly.xml#//@beans/@mixed.1/@mixed.13/@mixed.3"/>
    <target href="assembly.xml#InteractionError1"/>
  </connections>
  <connections type="routesResponseTo">
    <source href="assembly.xml#Call-CloseInvoiceInteraction"/>
    <target href="assembly.xml#CloudLogInteraction"/>
  </connections>
  <connections type="routesTo">
    <source href="assembly.xml#StoreCloudLog"/>
    <target href="assembly.xml#StoreCloud"/>
  </connections>
  <connections type="routesTo">
    <source href="assembly.xml#StoreCloud"/>
    <target href="assembly.xml#PutFinalDetailAudit"/>
  </connections>
  <connections type="routesResponseTo">
    <source href="assembly.xml#Call-TransformInvoiceData"/>
    <target href="assembly.xml#Call-StoreInvoiceInformation"/>
  </connections>
  <connections type="routesTo">
    <source href="assembly.xml#InvoiceReportCall"/>
    <target href="assembly.xml#WorkdayOutRest"/>
  </connections>
  <connections type="routesTo">
    <source href="assembly.xml#InvoiceInformation"/>
    <target href="assembly.xml#Invoices"/>
  </connections>
  <connections type="routesTo">
    <source href="assembly.xml#Invoices"/>
    <target href="assembly.xml#Splitter"/>
  </connections>
  <connections type="routesTo">
    <source href="assembly.xml#//@beans/@mixed.1/@mixed.57/@mixed.3"/>
    <target href="assembly.xml#InvoiceSplitError"/>
  </connections>
  <connections type="routesTo" curveType="curved">
    <source href="assembly.xml#//@beans/@mixed.1/@splitter.0/@subRoute.0"/>
    <target href="assembly.xml#CaptureInvoiceInformation"/>
  </connections>
  <connections type="routesTo">
    <source href="assembly.xml#CaptureInvoiceInformation"/>
    <target href="assembly.xml#Call-InvoiceInteractions"/>
  </connections>
  <connections type="routesResponseTo">
    <source href="assembly.xml#Call-StoreInvoiceInformation"/>
    <target href="assembly.xml#Call-StoreCloudLog"/>
  </connections>
  <connections type="routesTo">
    <source href="assembly.xml#GetInvoiceInformation"/>
    <target href="assembly.xml#InvoiceReportCall"/>
  </connections>
  <connections type="routesResponseTo">
    <source href="assembly.xml#WorkdayOutRest"/>
    <target href="assembly.xml#StoreInvoiceInformation"/>
  </connections>
  <connections type="routesTo">
    <source href="assembly.xml#//@beans/@mixed.1/@mixed.69/@mixed.3"/>
    <target href="assembly.xml#AuthorizationError"/>
  </connections>
  <connections type="routesTo">
    <source href="assembly.xml#GenerateOAuthToken"/>
    <target href="assembly.xml#Call-GenerateAccessToken"/>
  </connections>
  <connections type="routesTo">
    <source href="assembly.xml#GetInvoiceInteractions"/>
    <target href="assembly.xml#Call-GetInvoiceInteractions"/>
  </connections>
  <connections type="routesTo">
    <source href="assembly.xml#//@beans/@mixed.1/@mixed.77/@mixed.3"/>
    <target href="assembly.xml#InteractionError"/>
  </connections>
  <connections type="routesResponseTo">
    <source href="assembly.xml#Call-GenerateAccessToken"/>
    <target href="assembly.xml#GetInvoiceInteractions"/>
  </connections>
  <connections type="routesTo">
    <source href="assembly.xml#InvoiceInteractions"/>
    <target href="assembly.xml#GenerateOAuthToken"/>
  </connections>
  <connections type="routesResponseTo">
    <source href="assembly.xml#Call-GetInvoiceInteractions"/>
    <target href="assembly.xml#StoreInteracations"/>
  </connections>
  <connections type="routesTo" sourceAnchorX="1.0" sourceAnchorY="0.23958333333333334" targetAnchorX="0.15918367346938775" targetAnchorY="0.40540540540540543">
    <source href="assembly.xml#StoreInteracations"/>
    <target href="assembly.xml#Call-PatchInvoiceInteractions"/>
  </connections>
  <connections type="routesTo">
    <source href="assembly.xml#//@beans/@mixed.1/@mixed.85/@mixed.3"/>
    <target href="assembly.xml#InteractionSplitError"/>
  </connections>
  <connections type="routesTo" sourceAnchorX="0.8325581395348837" sourceAnchorY="1.0" targetAnchorX="0.09174311926605505" targetAnchorY="0.4409448818897638">
    <source href="assembly.xml#PatchInvoiceInteractions"/>
    <target href="assembly.xml#Interactions"/>
  </connections>
  <connections type="routesTo" sourceAnchorX="0.8376068376068376" sourceAnchorY="0.25984251968503935" targetAnchorX="0.37662337662337664" targetAnchorY="0.4451219512195122">
    <source href="assembly.xml#Interactions"/>
    <target href="assembly.xml#InteractionSplitter"/>
  </connections>
  <connections type="routesTo" sourceAnchorX="0.6382978723404256" sourceAnchorY="1.0" targetAnchorX="0.0898876404494382" targetAnchorY="0.4330708661417323">
    <source href="assembly.xml#//@beans/@mixed.1/@splitter.1/@subRoute.0"/>
    <target href="assembly.xml#GenerateOauthToken1"/>
  </connections>
  <swimlanes bgColor="16777215" name="Integration Attributes" orientation="VERTICAL" alignment="MIDDLE">
    <elements href="assembly.xml#StoreAttributes"/>
    <elements href="assembly.xml#PutIntegrationMessage"/>
  </swimlanes>
  <swimlanes font="Arial|11|1" bgColor="8421440" fontColor="1" name="Main">
    <elements href="assembly.xml#StartHere"/>
    <elements href="#//@swimlanes.0"/>
    <elements href="assembly.xml#Call-GetInvoiceInformation"/>
    <elements href="assembly.xml#Call-TransformInvoiceData"/>
    <elements href="assembly.xml#Call-StoreInvoiceInformation"/>
    <elements href="assembly.xml#Call-StoreCloudLog"/>
  </swimlanes>
  <swimlanes name="Invoice Report Call" orientation="VERTICAL" alignment="MIDDLE">
    <elements href="assembly.xml#InvoiceReportCall"/>
    <elements href="assembly.xml#GetInvoiceError"/>
  </swimlanes>
  <swimlanes font="Arial|11|1" bgColor="8421440" fontColor="1" name="Invoice Information">
    <elements href="assembly.xml#GetInvoiceInformation"/>
    <elements href="#//@swimlanes.2"/>
    <elements href="assembly.xml#WorkdayOutRest"/>
    <elements href="assembly.xml#StoreInvoiceInformation"/>
  </swimlanes>
  <swimlanes name="Invoice Inormation" orientation="VERTICAL" alignment="MIDDLE">
    <elements href="assembly.xml#TrasnformInvoices"/>
    <elements href="assembly.xml#TransformInvoiceError"/>
  </swimlanes>
  <swimlanes font="Arial|11|1" bgColor="8421440" fontColor="1" name="Transform Invoice Information">
    <elements href="assembly.xml#TransformInvoiceInformation"/>
    <elements href="#//@swimlanes.4"/>
  </swimlanes>
  <swimlanes name="Token Authentication" orientation="VERTICAL" alignment="MIDDLE">
    <elements href="assembly.xml#GenerateOauthToken1"/>
    <elements href="assembly.xml#AuthorizationError1"/>
  </swimlanes>
  <swimlanes name="PATCH Invoice Interaction" orientation="VERTICAL" alignment="MIDDLE">
    <elements href="assembly.xml#CreateInvoiceInteraction"/>
    <elements href="assembly.xml#InteractionError1"/>
  </swimlanes>
  <swimlanes font="Arial|11|1" bgColor="8421440" fontColor="1" name="Update Invoice Interaction">
    <elements href="assembly.xml#PatchInvoiceInteractions"/>
    <elements href="#//@swimlanes.16"/>
    <elements href="assembly.xml#InteractionSplitter"/>
    <elements href="#//@swimlanes.6"/>
    <elements href="assembly.xml#Call-GenerateAccessToken1"/>
    <elements href="#//@swimlanes.7"/>
    <elements href="assembly.xml#Call-CloseInvoiceInteraction"/>
    <elements href="assembly.xml#CloudLogInteraction"/>
  </swimlanes>
  <swimlanes font="Arial|11|1" bgColor="8421440" fontColor="1" name="Store Audit Log">
    <elements href="assembly.xml#StoreCloudLog"/>
    <elements href="assembly.xml#StoreCloud"/>
    <elements href="assembly.xml#PutFinalDetailAudit"/>
  </swimlanes>
  <swimlanes x="-22" y="27" font="Arial|16|1" bgColor="12632256" fontColor="1" name="Workday Extend Customer Collections Close Interactions" orientation="VERTICAL" elements="//@swimlanes.1 //@swimlanes.3 //@swimlanes.5 //@swimlanes.12 //@swimlanes.13 //@swimlanes.8 //@swimlanes.9"/>
  <swimlanes name="Invoice Information" orientation="VERTICAL" alignment="MIDDLE">
    <elements href="assembly.xml#Invoices"/>
    <elements href="assembly.xml#InvoiceSplitError"/>
  </swimlanes>
  <swimlanes x="1916" y="958" font="Arial|11|1" bgColor="8421440" fontColor="1" name="Invoice Information">
    <elements href="assembly.xml#InvoiceInformation"/>
    <elements href="#//@swimlanes.11"/>
    <elements href="assembly.xml#Splitter"/>
    <elements href="assembly.xml#CaptureInvoiceInformation"/>
    <elements href="assembly.xml#Call-InvoiceInteractions"/>
  </swimlanes>
  <swimlanes x="1966" y="1358" font="Arial|11|1" bgColor="8421440" fontColor="1" name="Get Invoice Interactions">
    <elements href="assembly.xml#InvoiceInteractions"/>
    <elements href="#//@swimlanes.14"/>
    <elements href="assembly.xml#Call-GenerateAccessToken"/>
    <elements href="#//@swimlanes.15"/>
    <elements href="assembly.xml#Call-GetInvoiceInteractions"/>
    <elements href="assembly.xml#StoreInteracations"/>
    <elements href="assembly.xml#Call-PatchInvoiceInteractions"/>
  </swimlanes>
  <swimlanes x="2052" y="1460" name="Token Authentication" orientation="VERTICAL" alignment="MIDDLE">
    <elements href="assembly.xml#GenerateOAuthToken"/>
    <elements href="assembly.xml#AuthorizationError"/>
  </swimlanes>
  <swimlanes x="1930" y="1589" name="PATCH Invoice Interaction" orientation="VERTICAL" alignment="MIDDLE">
    <elements href="assembly.xml#GetInvoiceInteractions"/>
    <elements href="assembly.xml#InteractionError"/>
  </swimlanes>
  <swimlanes x="2422" y="1888" name="Interaction Information" orientation="VERTICAL" alignment="MIDDLE">
    <elements href="assembly.xml#Interactions"/>
    <elements href="assembly.xml#InteractionSplitError"/>
  </swimlanes>
</wdnm:Diagram>
