<?xml version="1.0" encoding="UTF-8"?>
<beans
     xmlns="http://www.springframework.org/schema/beans"
     xmlns:beans="http://www.springframework.org/schema/beans"
     xmlns:atom="http://www.w3.org/2005/Atom"
     xmlns:cc="http://www.capeclear.com/assembly/10"
     xmlns:cloud="urn:com.workday/esb/cloud/10.0"
     xmlns:env="http://schemas.xmlsoap.org/soap/envelope/"
     xmlns:pi="urn:com.workday/picof"
     xmlns:wd="urn:com.workday/bsvc"
     xmlns:xsi="http://www.w3.org/2001/XMLSchema-instance">
 
	<cc:assembly id="WorkdayAssembly" version="2020.36">
        <cc:local-in id="GetSingleCustomerInvoiceDateRaasIN" routes-to="AM-ReportPath" access="public" use-global-error-handlers="true"><cc:parameter name="get.customer.invoice.date.raas.OriginalInvoiceWID" required="true" validation="props['get.customer.invoice.date.raas.OriginalInvoiceWID'] != null"/></cc:local-in>
        <cc:async-mediation id="AM-ReportPath" routes-to="WO-GetCustomRaas" handle-downstream-errors="true">
            <cc:steps>
                <cc:eval id="Eval">
                    <cc:expression>props['get.customer.invoice.date.raas.CustomerInvoiceFullPath'] = intsys.reportService.getExtrapath('VtxCustomerInvoiceRaas') + &quot;?workdayID=&quot; + props['get.customer.invoice.date.raas.OriginalInvoiceWID']</cc:expression>
                </cc:eval>
                <cc:log execute-when="props['pDebugFlag'] == true" id="Log">
                    <cc:log-message>
                        <cc:line-separator/>
                        <cc:text>get.customer.invoice.date.raas.CustomerInvoiceFullPath: @{props['get.customer.invoice.date.raas.CustomerInvoiceFullPath']}</cc:text>
                    </cc:log-message>
                </cc:log>
            </cc:steps>
            <cc:send-error id="SendRestError" routes-to="PutRestMessage"/>
        </cc:async-mediation>
        <cc:workday-out-rest id="WO-GetCustomRaas" routes-response-to="AM-Log1" extra-path="@{props['get.customer.invoice.date.raas.CustomerInvoiceFullPath']}"/>
        <cc:async-mediation id="AM-Log1" routes-to="AM-Eval" execute-steps-when="props['pDebugFlag'] == true">
            <cc:steps>
                <cc:log id="Log">
                    <cc:log-message>
                        <cc:line-separator/>
                        <cc:text>GET CUSTOMER INVOICE DATE RAAS RESPONSE:</cc:text>
                        <cc:message-content/>
                    </cc:log-message>
                </cc:log>
            </cc:steps>
        </cc:async-mediation>
        <cc:async-mediation id="AM-Eval" routes-to="AM-Log2">
            <cc:steps>
                <cc:eval id="Eval">
                    <cc:expression>props['get.customer.invoice.date.raas.InvoiceDate']= parts[0].xpath('/*:Report_Data/*:Report_Entry/*:VtxInvoiceDate')</cc:expression>
                </cc:eval>
            </cc:steps>
        </cc:async-mediation>
        <cc:async-mediation id="AM-Log2">
            <cc:steps>
                <cc:log id="Log">
                    <cc:log-message>
                        <cc:text>Original Invoice Date: @{props['get.customer.invoice.date.raas.InvoiceDate']}</cc:text>
                    </cc:log-message>
                </cc:log>
            </cc:steps>
        </cc:async-mediation>
        <cc:local-out id="PutRestMessage" endpoint="vm://wcc/PutIntegrationMessage">
            <cc:set name="is.message.severity" value="'ERROR'"/>
            <cc:set name="is.message.summary" value="'An error occurred getting Customer Invoice data via REST. Please see the message for more details.'"/>
            <cc:set name="is.message.detail" value="context.errorMessage"/>
        </cc:local-out>
	</cc:assembly>

</beans>