<?xml version="1.0" encoding="UTF-8"?>
<wdnm:Diagram xmlns:wdnm="http://workday.com/studio/editors/notation">
  <element href="assembly.xml#WorkdayAssembly"/>
  <visualProperties>
    <element href="assembly.xml#ProcessVertexResponseIN"/>
  </visualProperties>
  <visualProperties>
    <element href="assembly.xml#AM-CreatePut3rdPartyTaxRequest"/>
  </visualProperties>
  <visualProperties>
    <element href="assembly.xml#AM-PutRequest"/>
  </visualProperties>
  <visualProperties>
    <element href="assembly.xml#WorkdayOutSoap"/>
  </visualProperties>
  <visualProperties>
    <element href="assembly.xml#AM-PutResponse"/>
  </visualProperties>
  <visualProperties x="77" y="271">
    <element href="assembly.xml#GetImportStatus"/>
  </visualProperties>
  <visualProperties x="1187" y="62">
    <element href="assembly.xml#GetStatusWID"/>
  </visualProperties>
  <visualProperties x="1253" y="117">
    <element href="assembly.xml#CallGetImportStatus"/>
  </visualProperties>
  <visualProperties x="201" y="270">
    <element href="assembly.xml#AMCallGetBackgroundStatus"/>
  </visualProperties>
  <visualProperties x="409" y="306">
    <element href="assembly.xml#AMLogStatusRequest"/>
  </visualProperties>
  <visualProperties x="605" y="296">
    <element href="assembly.xml#WorkdayOutSoap0"/>
  </visualProperties>
  <visualProperties x="777" y="295">
    <element href="assembly.xml#AMLogBackgroundStatusResponse"/>
  </visualProperties>
  <visualProperties x="1057" y="283">
    <element href="assembly.xml#AMProcessStatusResponse"/>
  </visualProperties>
  <visualProperties x="791" y="288">
    <element href="assembly.xml#Route"/>
  </visualProperties>
  <visualProperties x="169" y="312">
    <element href="assembly.xml#AM-Write"/>
  </visualProperties>
  <visualProperties x="1288" y="320">
    <element href="assembly.xml#AMCheckComplete"/>
  </visualProperties>
  <connections type="routesTo" sourceAnchorX="0.689119170984456" sourceAnchorY="1.0" targetAnchorX="0.1724137931034483" targetAnchorY="0.2765957446808511">
    <source href="assembly.xml#ProcessVertexResponseIN"/>
    <target href="assembly.xml#AM-CreatePut3rdPartyTaxRequest"/>
  </connections>
  <connections type="routesTo" sourceAnchorX="1.0" sourceAnchorY="0.144" targetAnchorX="0.33070866141732286" targetAnchorY="0.16304347826086957">
    <source href="assembly.xml#AM-CreatePut3rdPartyTaxRequest"/>
    <target href="assembly.xml#AM-PutRequest"/>
  </connections>
  <connections type="routesTo" sourceAnchorX="0.0" sourceAnchorY="0.31521739130434784" targetAnchorX="0.13815789473684212" targetAnchorY="0.4864864864864865">
    <source href="assembly.xml#AM-PutRequest"/>
    <target href="assembly.xml#WorkdayOutSoap"/>
  </connections>
  <connections type="routesResponseTo" sourceAnchorX="0.7631578947368421" sourceAnchorY="1.0" targetAnchorX="0.34057971014492755" targetAnchorY="0.13829787234042554">
    <source href="assembly.xml#WorkdayOutSoap"/>
    <target href="assembly.xml#AM-PutResponse"/>
  </connections>
  <connections type="routesTo" sourceAnchorX="1.0" sourceAnchorY="0.2127659574468085" targetAnchorX="0.23529411764705882" targetAnchorY="0.18085106382978725">
    <source href="assembly.xml#AM-PutResponse"/>
    <target href="assembly.xml#GetStatusWID"/>
  </connections>
  <connections type="routesTo" sourceAnchorX="1.0" sourceAnchorY="0.35106382978723405" targetAnchorX="0.2619047619047619" targetAnchorY="0.4864864864864865">
    <source href="assembly.xml#GetStatusWID"/>
    <target href="assembly.xml#CallGetImportStatus"/>
  </connections>
  <connections type="routesResponseTo" sourceAnchorX="0.8050314465408805" sourceAnchorY="1.0" targetAnchorX="0.40609137055837563" targetAnchorY="0.13829787234042554">
    <source href="assembly.xml#WorkdayOutSoap0"/>
    <target href="assembly.xml#AMProcessStatusResponse"/>
  </connections>
  <connections type="routesTo" sourceAnchorX="0.7876712328767124" sourceAnchorY="1.0" targetAnchorX="0.4666666666666667" targetAnchorY="0.26595744680851063">
    <source href="assembly.xml#GetImportStatus"/>
    <target href="assembly.xml#AM-Write"/>
  </connections>
  <connections type="routesTo" sourceAnchorX="1.0" sourceAnchorY="0.2553191489361702" targetAnchorX="0.6915887850467289" targetAnchorY="0.14935064935064934">
    <source href="assembly.xml#AM-Write"/>
    <target href="assembly.xml#Route"/>
  </connections>
  <connections type="routesTo" sourceAnchorX="1.0" sourceAnchorY="0.35294117647058826" targetAnchorX="0.125" targetAnchorY="0.13829787234042554">
    <source href="assembly.xml#//@beans/@mixed.1/@route.0/@subRoute.0"/>
    <target href="assembly.xml#AMCallGetBackgroundStatus"/>
  </connections>
  <connections type="routesTo" sourceAnchorX="1.0" sourceAnchorY="0.1595744680851064" targetAnchorX="0.2670807453416149" targetAnchorY="0.13829787234042554">
    <source href="assembly.xml#AMCallGetBackgroundStatus"/>
    <target href="assembly.xml#AMLogStatusRequest"/>
  </connections>
  <connections type="routesTo" sourceAnchorX="1.0" sourceAnchorY="0.26595744680851063" targetAnchorX="0.1949685534591195" targetAnchorY="0.5945945945945946">
    <source href="assembly.xml#AMLogStatusRequest"/>
    <target href="assembly.xml#WorkdayOutSoap0"/>
  </connections>
  <connections type="routesTo" sourceAnchorX="1.0" sourceAnchorY="0.20212765957446807" targetAnchorX="0.3673469387755102" targetAnchorY="0.1595744680851064">
    <source href="assembly.xml#AMProcessStatusResponse"/>
    <target href="assembly.xml#AMCheckComplete"/>
  </connections>
  <connections type="routesTo" sourceAnchorX="1.0" sourceAnchorY="0.32978723404255317" targetAnchorX="0.20588235294117646" targetAnchorY="0.14893617021276595">
    <source href="assembly.xml#AMCheckComplete"/>
    <target href="assembly.xml#AMLogBackgroundStatusResponse"/>
  </connections>
  <swimlanes x="15" y="19" name="ProcessResponse">
    <elements href="assembly.xml#ProcessVertexResponseIN"/>
    <elements href="assembly.xml#AM-CreatePut3rdPartyTaxRequest"/>
    <elements href="assembly.xml#AM-PutRequest"/>
    <elements href="assembly.xml#WorkdayOutSoap"/>
    <elements href="assembly.xml#AM-PutResponse"/>
    <elements href="assembly.xml#GetStatusWID"/>
    <elements href="assembly.xml#CallGetImportStatus"/>
  </swimlanes>
  <swimlanes x="15" y="211" name="GetBackgroundStatusResponse">
    <elements href="assembly.xml#GetImportStatus"/>
    <elements href="assembly.xml#AM-Write"/>
    <elements href="assembly.xml#Route"/>
    <elements href="assembly.xml#AMCallGetBackgroundStatus"/>
    <elements href="assembly.xml#AMLogStatusRequest"/>
    <elements href="assembly.xml#WorkdayOutSoap0"/>
    <elements href="assembly.xml#AMProcessStatusResponse"/>
    <elements href="assembly.xml#AMCheckComplete"/>
    <elements href="assembly.xml#AMLogBackgroundStatusResponse"/>
  </swimlanes>
</wdnm:Diagram>
