<?xml version="1.0" encoding="ASCII"?>
<edst:Settings xmlns:edst="http://dublin.workday.com/studio/settings/editor">
  <editor uri="/INT0032-TBA-Payroll-Instruction-Inbound/ws/WSAR-INF/INT0032-Inbound-Text-To-XML.xsd">
    <property name="transformation.text.to.xml" value="true"/>
  </editor>
  <editor uri="/INT0032-TBA-Payroll-Instruction-Inbound/ws/WSAR-INF/TemporaryDetail.xsd">
    <property name="transformation.text.to.xml" value="true"/>
  </editor>
  <editor uri="/INT0032-TBA-Payroll-Instruction-Inbound/ws/WSAR-INF/temp.xsd">
    <property name="transformation.text.to.xml" value="true"/>
  </editor>
  <editor uri="/INT0032-TBA-Payroll-Instruction-Inbound/ws/WSAR-INF/temp1.xsd">
    <property name="transformation.text.to.xml" value="true"/>
  </editor>
  <editor uri="/INT0032-TBA-Payroll-Instruction-Inbound/ws/WSAR-INF/temp3.xsd">
    <property name="transformation.text.to.xml" value="true"/>
  </editor>
  <editor uri="/INT0032-TBA-Payroll-Instruction-Inbound/ws/WSAR-INF/INT0032-InboundFileSchema.xsd">
    <property name="transformation.text.to.xml" value="true"/>
  </editor>
  <editor uri="/INT0068TBA/ws/WSAR-INF/INT0032-InboundFileSchema.xsd">
    <property name="transformation.text.to.xml" value="true"/>
  </editor>
  <editor uri="/INT0068TBA/ws/WSAR-INF/INT0068Schema.xsd">
    <property name="transformation.text.to.xml" value="true"/>
  </editor>
  <editor uri="/INT0068-TBA-Payroll-Deduction-Inbound/ws/WSAR-INF/INT0068Schema.xsd">
    <property name="transformation.text.to.xml" value="true"/>
  </editor>
  <editor uri="/INT0068-TBA-Payroll-Deduction-Inbound/ws/WSAR-INF/Andy.xsd">
    <property name="transformation.text.to.xml" value="true"/>
  </editor>
</edst:Settings>
