<?xml version="1.0" encoding="UTF-8"?>
<wdnm:Diagram xmlns:wdnm="http://workday.com/studio/editors/notation">
  <element href="assembly.xml#WorkdayAssembly"/>
  <visualProperties x="172" y="129">
    <element href="assembly.xml#StartHere"/>
  </visualProperties>
  <visualProperties x="293" y="137">
    <element href="assembly.xml#WorkdayOutRest"/>
  </visualProperties>
  <visualProperties x="519" y="140">
    <element href="assembly.xml#Splitter"/>
  </visualProperties>
  <visualProperties x="526" y="175">
    <element href="assembly.xml#Mid"/>
  </visualProperties>
  <visualProperties x="568" y="259">
    <element href="assembly.xml#FirstPIM"/>
  </visualProperties>
  <visualProperties x="866" y="208">
    <element href="assembly.xml#Param"/>
  </visualProperties>
  <visualProperties x="1108" y="170">
    <element href="assembly.xml#SyncMediation"/>
  </visualProperties>
  <visualProperties x="1128" y="328">
    <element href="assembly.xml#WorkdayOutSoap"/>
  </visualProperties>
  <visualProperties x="811" y="279">
    <element href="assembly.xml#SecPIM"/>
  </visualProperties>
  <visualProperties x="1265" y="151">
    <element href="assembly.xml#Log"/>
  </visualProperties>
  <visualProperties x="1368" y="205">
    <element href="assembly.xml#Route"/>
  </visualProperties>
  <visualProperties x="1531" y="197">
    <element href="assembly.xml#Write"/>
  </visualProperties>
  <visualProperties x="1604" y="253">
    <element href="assembly.xml#Yes"/>
  </visualProperties>
  <visualProperties x="1674" y="224">
    <element href="assembly.xml#Aggregator"/>
  </visualProperties>
  <visualProperties x="1853" y="197">
    <element href="assembly.xml#Store"/>
  </visualProperties>
  <visualProperties x="1267" y="282">
    <element href="assembly.xml#ThirdPIM"/>
  </visualProperties>
  <visualProperties x="19" y="380">
    <element href="assembly.xml#ProcessData"/>
  </visualProperties>
  <visualProperties x="351" y="122">
    <element href="assembly.xml#CallData"/>
  </visualProperties>
  <visualProperties x="1822" y="341">
    <element href="assembly.xml#ForceIntBatch"/>
  </visualProperties>
  <visualProperties x="347" y="132">
    <element href="assembly.xml#CallIntBatch"/>
  </visualProperties>
  <visualProperties x="1018" y="605">
    <element href="assembly.xml#EIBMediation"/>
  </visualProperties>
  <visualProperties x="28" y="1084">
    <element href="assembly.xml#WorkdayOutEIB"/>
  </visualProperties>
  <visualProperties x="941" y="390">
    <element href="assembly.xml#Route0"/>
  </visualProperties>
  <visualProperties x="1434" y="576">
    <element href="assembly.xml#EIBLog"/>
  </visualProperties>
  <visualProperties x="1490" y="713">
    <element href="assembly.xml#EIBPIM"/>
  </visualProperties>
  <visualProperties x="1288" y="293">
    <element href="assembly.xml#ProcessPKG"/>
  </visualProperties>
  <visualProperties x="1289" y="661">
    <element href="assembly.xml#ProcessEIB"/>
  </visualProperties>
  <visualProperties x="1138" y="305">
    <element href="assembly.xml#CallPKG"/>
  </visualProperties>
  <visualProperties x="1160" y="343">
    <element href="assembly.xml#CallEIB"/>
  </visualProperties>
  <visualProperties x="442" y="845">
    <element href="assembly.xml#Route1"/>
  </visualProperties>
  <visualProperties x="649" y="774">
    <element href="assembly.xml#Write1"/>
  </visualProperties>
  <visualProperties x="754" y="879">
    <element href="assembly.xml#Log1"/>
  </visualProperties>
  <visualProperties x="794" y="868">
    <element href="assembly.xml#AggregatEIB"/>
  </visualProperties>
  <visualProperties x="837" y="769">
    <element href="assembly.xml#ForceEIB"/>
  </visualProperties>
  <visualProperties x="860" y="952">
    <element href="assembly.xml#StoreEIB"/>
  </visualProperties>
  <visualProperties x="536" y="137">
    <element href="assembly.xml#CallForceEIB"/>
  </visualProperties>
  <visualProperties>
    <element href="assembly.xml#InvalidID"/>
  </visualProperties>
  <visualProperties>
    <element href="assembly.xml#AsyncMediation1"/>
  </visualProperties>
  <visualProperties>
    <element href="assembly.xml#Splitter0"/>
  </visualProperties>
  <visualProperties>
    <element href="assembly.xml#AsyncMediation2"/>
  </visualProperties>
  <visualProperties>
    <element href="assembly.xml#AsyncMediation3"/>
  </visualProperties>
  <visualProperties>
    <element href="assembly.xml#AsyncMediation4"/>
  </visualProperties>
  <visualProperties>
    <element href="assembly.xml#CallMainAuditForInvalidID"/>
  </visualProperties>
  <visualProperties>
    <element href="assembly.xml#PutIntegrationMessage2"/>
  </visualProperties>
  <visualProperties>
    <element href="assembly.xml#WorkdayOutSoap0"/>
  </visualProperties>
  <visualProperties>
    <element href="assembly.xml#AsyncMediation5"/>
  </visualProperties>
  <visualProperties>
    <element href="assembly.xml#Aggregator0"/>
  </visualProperties>
  <connections type="routesResponseTo" sourceAnchorX="0.8505154639175257" sourceAnchorY="1.0" targetAnchorX="0.6301369863013698" targetAnchorY="0.6428571428571429">
    <source href="assembly.xml#WorkdayOutRest"/>
    <target href="assembly.xml#Mid"/>
  </connections>
  <connections type="routesTo" sourceAnchorX="1.0" sourceAnchorY="0.20930232558139536" targetAnchorX="0.2196969696969697" targetAnchorY="0.15517241379310345">
    <source href="assembly.xml#Mid"/>
    <target href="assembly.xml#Splitter"/>
  </connections>
  <connections type="routesTo" sourceAnchorX="0.6666666666666666" sourceAnchorY="1.0" targetAnchorX="0.6504065040650406" targetAnchorY="0.32432432432432434">
    <source href="assembly.xml#//@beans/@mixed.1/@mixed.7/@mixed.3"/>
    <target href="assembly.xml#FirstPIM"/>
  </connections>
  <connections type="routesTo" sourceAnchorX="1.0" sourceAnchorY="0.8235294117647058" targetAnchorX="0.44680851063829785" targetAnchorY="0.5816326530612245">
    <source href="assembly.xml#//@beans/@mixed.1/@splitter.0/@subRoute.0"/>
    <target href="assembly.xml#Param"/>
  </connections>
  <connections type="routesTo" sourceAnchorX="0.6410256410256411" sourceAnchorY="1.0" targetAnchorX="0.6134453781512605" targetAnchorY="0.3783783783783784">
    <source href="assembly.xml#//@beans/@mixed.1/@mixed.11/@mixed.3"/>
    <target href="assembly.xml#SecPIM"/>
  </connections>
  <connections type="routesTo">
    <source href="assembly.xml#SyncMediation"/>
    <target href="assembly.xml#WorkdayOutSoap"/>
  </connections>
  <connections type="routesTo" sourceAnchorX="1.0" sourceAnchorY="0.22448979591836735" targetAnchorX="0.14393939393939395" targetAnchorY="0.4448979591836735">
    <source href="assembly.xml#Log"/>
    <target href="assembly.xml#Route"/>
  </connections>
  <connections type="routesTo" sourceAnchorX="1.0" sourceAnchorY="0.6764705882352942" targetAnchorY="0.6938775510204082">
    <source href="assembly.xml#//@beans/@mixed.1/@route.0/@subRoute.0"/>
    <target href="assembly.xml#Write"/>
  </connections>
  <connections type="routesTo" sourceAnchorX="1.0" sourceAnchorY="0.6764705882352942" targetAnchorX="0.4383561643835616" targetAnchorY="0.6326530612244898">
    <source href="assembly.xml#//@beans/@mixed.1/@route.0/@subRoute.1"/>
    <target href="assembly.xml#Yes"/>
  </connections>
  <connections type="routesTo" sourceAnchorX="1.0" sourceAnchorY="0.20408163265306123" targetAnchorX="0.17687074829931973" targetAnchorY="0.36792452830188677">
    <source href="assembly.xml#Write"/>
    <target href="assembly.xml#Aggregator"/>
  </connections>
  <connections type="routesTo">
    <source href="assembly.xml#Aggregator"/>
    <target href="assembly.xml#Store"/>
  </connections>
  <connections type="routesTo" sourceAnchorX="0.5213675213675214" sourceAnchorY="1.0" targetAnchorX="0.47692307692307695" targetAnchorY="0.43243243243243246">
    <source href="assembly.xml#//@beans/@mixed.1/@mixed.19/@mixed.3"/>
    <target href="assembly.xml#ThirdPIM"/>
  </connections>
  <connections type="routesTo" sourceAnchorX="1.0" sourceAnchorY="0.8823529411764706" targetAnchorX="0.7671232876712328" targetAnchorY="0.6938775510204082">
    <source href="assembly.xml#//@beans/@mixed.1/@route.0/@subRoute.2"/>
    <target href="assembly.xml#Yes"/>
  </connections>
  <connections type="routesTo">
    <source href="assembly.xml#StartHere"/>
    <target href="assembly.xml#CallData"/>
  </connections>
  <connections type="routesTo" sourceAnchorX="0.2875" sourceAnchorY="1.0" targetAnchorX="0.02577319587628866" targetAnchorY="0.2972972972972973">
    <source href="assembly.xml#ProcessData"/>
    <target href="assembly.xml#WorkdayOutRest"/>
  </connections>
  <connections type="routesTo" sourceAnchorX="0.3624161073825503" sourceAnchorY="1.0" targetAnchorX="0.3741496598639456" targetAnchorY="0.10377358490566038">
    <source href="assembly.xml#ForceIntBatch"/>
    <target href="assembly.xml#Aggregator"/>
  </connections>
  <connections type="routesResponseTo">
    <source href="assembly.xml#CallData"/>
    <target href="assembly.xml#CallIntBatch"/>
  </connections>
  <connections type="routesTo">
    <source href="assembly.xml#EIBMediation"/>
    <target href="assembly.xml#WorkdayOutEIB"/>
  </connections>
  <connections type="routesTo" sourceAnchorX="0.7350427350427351" sourceAnchorY="1.0" targetAnchorX="0.7413793103448276" targetAnchorY="0.4864864864864865">
    <source href="assembly.xml#//@beans/@mixed.1/@mixed.47/@mixed.3"/>
    <target href="assembly.xml#EIBPIM"/>
  </connections>
  <connections type="routesTo" sourceAnchorX="1.0" sourceAnchorY="0.17829457364341086" targetAnchorX="0.1792452830188679" targetAnchorY="0.4107142857142857">
    <source href="assembly.xml#Param"/>
    <target href="assembly.xml#Route0"/>
  </connections>
  <connections type="routesResponseTo" sourceAnchorX="1.0" sourceAnchorY="0.15625" targetAnchorX="0.14516129032258066" targetAnchorY="0.1937984496124031">
    <source href="assembly.xml#SyncMediation"/>
    <target href="assembly.xml#Log"/>
  </connections>
  <connections type="routesTo" sourceAnchorX="0.53125" sourceAnchorY="1.0" targetAnchorX="0.53125" targetAnchorY="0.05">
    <source href="assembly.xml#ProcessPKG"/>
    <target href="assembly.xml#SyncMediation"/>
  </connections>
  <connections type="routesTo" sourceAnchorX="0.7466666666666667" sourceAnchorY="1.0" targetAnchorX="0.7702702702702703" targetAnchorY="0.08125">
    <source href="assembly.xml#ProcessEIB"/>
    <target href="assembly.xml#EIBMediation"/>
  </connections>
  <connections type="routesTo" sourceAnchorX="0.8924731182795699" sourceAnchorY="1.0" targetAnchorX="0.1984126984126984" targetAnchorY="0.16216216216216217">
    <source href="assembly.xml#//@beans/@mixed.1/@route.1/@subRoute.0"/>
    <target href="assembly.xml#CallPKG"/>
  </connections>
  <connections type="routesTo" sourceAnchorX="0.8817204301075269" sourceAnchorY="1.0" targetAnchorX="0.46551724137931033" targetAnchorY="0.6486486486486487">
    <source href="assembly.xml#//@beans/@mixed.1/@route.1/@subRoute.1"/>
    <target href="assembly.xml#CallEIB"/>
  </connections>
  <connections type="routesResponseTo" sourceAnchorX="1.0" sourceAnchorY="0.15" targetAnchorX="0.2903225806451613" targetAnchorY="0.15503875968992248">
    <source href="assembly.xml#EIBMediation"/>
    <target href="assembly.xml#EIBLog"/>
  </connections>
  <connections type="routesTo" sourceAnchorX="1.0" sourceAnchorY="0.16279069767441862" targetAnchorX="0.08547008547008547" targetAnchorY="0.3664772727272727">
    <source href="assembly.xml#EIBLog"/>
    <target href="assembly.xml#Route1"/>
  </connections>
  <connections type="routesTo" sourceAnchorX="1.0" sourceAnchorY="0.9117647058823529" targetAnchorX="0.20238095238095238" targetAnchorY="0.4897959183673469">
    <source href="assembly.xml#//@beans/@mixed.1/@route.2/@subRoute.0"/>
    <target href="assembly.xml#Write1"/>
    <bendpoints sourceX="15" sourceY="-174" targetX="-56" targetY="-2"/>
  </connections>
  <connections type="routesTo" sourceAnchorX="1.0" sourceAnchorY="0.8823529411764706" targetAnchorX="0.4268292682926829" targetAnchorY="0.5612244897959183">
    <source href="assembly.xml#//@beans/@mixed.1/@route.2/@subRoute.1"/>
    <target href="assembly.xml#Log1"/>
  </connections>
  <connections type="routesTo" sourceAnchorX="0.4351145038167939" sourceAnchorY="1.0" targetAnchorX="0.35374149659863946" targetAnchorY="0.16981132075471697">
    <source href="assembly.xml#ForceEIB"/>
    <target href="assembly.xml#AggregatEIB"/>
  </connections>
  <connections type="routesTo" sourceAnchorX="0.0" sourceAnchorY="0.29245283018867924" targetAnchorX="0.008849557522123894" targetAnchorY="0.16326530612244897">
    <source href="assembly.xml#AggregatEIB"/>
    <target href="assembly.xml#StoreEIB"/>
  </connections>
  <connections type="routesTo" sourceAnchorX="1.0" sourceAnchorY="0.15306122448979592" targetAnchorX="0.12244897959183673" targetAnchorY="0.25471698113207547">
    <source href="assembly.xml#Write1"/>
    <target href="assembly.xml#AggregatEIB"/>
  </connections>
  <connections type="routesResponseTo" sourceAnchorX="0.8300653594771242" sourceAnchorY="1.0" targetAnchorX="0.30864197530864196" targetAnchorY="0.21621621621621623">
    <source href="assembly.xml#CallIntBatch"/>
    <target href="assembly.xml#CallForceEIB"/>
  </connections>
  <connections type="routesTo" sourceAnchorX="1.0" sourceAnchorY="0.35135135135135137" targetAnchorX="0.1865671641791045" targetAnchorY="0.6063829787234043">
    <source href="assembly.xml#InvalidID"/>
    <target href="assembly.xml#AsyncMediation1"/>
  </connections>
  <connections type="routesTo" sourceAnchorX="1.0" sourceAnchorY="0.1276595744680851" targetAnchorX="0.19626168224299065" targetAnchorY="0.5083333333333333">
    <source href="assembly.xml#AsyncMediation1"/>
    <target href="assembly.xml#Splitter0"/>
  </connections>
  <connections type="routesTo" sourceAnchorX="0.6063829787234043" sourceAnchorY="1.0" targetAnchorX="0.15671641791044777" targetAnchorY="0.5217391304347826">
    <source href="assembly.xml#//@beans/@mixed.1/@mixed.89/@subRoute.0"/>
    <target href="assembly.xml#AsyncMediation2"/>
  </connections>
  <connections type="routesTo" sourceAnchorX="1.0" sourceAnchorY="0.2127659574468085" targetAnchorX="0.2835820895522388" targetAnchorY="0.5978260869565217">
    <source href="assembly.xml#AsyncMediation2"/>
    <target href="assembly.xml#AsyncMediation3"/>
  </connections>
  <connections type="routesTo" sourceAnchorX="1.0" sourceAnchorY="0.28" targetAnchorX="0.3223684210526316" targetAnchorY="0.24324324324324326">
    <source href="assembly.xml#AsyncMediation3"/>
    <target href="assembly.xml#WorkdayOutSoap0"/>
  </connections>
  <connections type="routesTo" sourceAnchorX="0.5275590551181102" sourceAnchorY="1.0" targetAnchorX="0.7611940298507462" targetAnchorY="0.18478260869565216">
    <source href="assembly.xml#//@beans/@mixed.1/@mixed.85/@mixed.3"/>
    <target href="assembly.xml#AsyncMediation4"/>
  </connections>
  <connections type="routesTo" sourceAnchorX="0.0" sourceAnchorY="0.3404255319148936" targetAnchorX="0.4583333333333333" targetAnchorY="0.5945945945945946">
    <source href="assembly.xml#AsyncMediation4"/>
    <target href="assembly.xml#CallMainAuditForInvalidID"/>
  </connections>
  <connections type="routesResponseTo" sourceAnchorX="0.2233502538071066" sourceAnchorY="1.0" targetAnchorX="0.5759162303664922" targetAnchorY="0.6216216216216216">
    <source href="assembly.xml#CallMainAuditForInvalidID"/>
    <target href="assembly.xml#PutIntegrationMessage2"/>
  </connections>
  <connections type="routesResponseTo" sourceAnchorX="0.6447368421052632" sourceAnchorY="1.0" targetAnchorX="0.19402985074626866" targetAnchorY="0.532608695652174">
    <source href="assembly.xml#WorkdayOutSoap0"/>
    <target href="assembly.xml#AsyncMediation5"/>
  </connections>
  <connections type="routesTo" sourceAnchorX="1.0" sourceAnchorY="0.2872340425531915" targetAnchorX="0.26143790849673204" targetAnchorY="0.4528301886792453">
    <source href="assembly.xml#AsyncMediation5"/>
    <target href="assembly.xml#Aggregator0"/>
  </connections>
  <swimlanes x="12" y="210" name="Swimlane">
    <elements href="assembly.xml#ProcessData"/>
    <elements href="assembly.xml#WorkdayOutRest"/>
    <elements href="#//@swimlanes.1"/>
    <elements href="assembly.xml#Splitter"/>
    <elements href="#//@swimlanes.2"/>
    <elements href="assembly.xml#Route0"/>
    <elements href="#//@swimlanes.9"/>
    <elements href="#//@swimlanes.3"/>
    <elements href="#//@swimlanes.4"/>
    <elements href="assembly.xml#Route"/>
    <elements href="#//@swimlanes.5"/>
    <elements href="#//@swimlanes.6"/>
  </swimlanes>
  <swimlanes x="518" y="248" name="Swimlane" orientation="VERTICAL">
    <elements href="assembly.xml#Mid"/>
    <elements href="assembly.xml#FirstPIM"/>
  </swimlanes>
  <swimlanes x="875" y="280" name="Swimlane" orientation="VERTICAL">
    <elements href="assembly.xml#Param"/>
    <elements href="assembly.xml#SecPIM"/>
  </swimlanes>
  <swimlanes x="1045" y="232" name="Swimlane" orientation="VERTICAL">
    <elements href="assembly.xml#ProcessPKG"/>
    <elements href="assembly.xml#SyncMediation"/>
    <elements href="assembly.xml#WorkdayOutSoap"/>
  </swimlanes>
  <swimlanes x="1181" y="251" name="Swimlane" orientation="VERTICAL">
    <elements href="assembly.xml#Log"/>
    <elements href="assembly.xml#ThirdPIM"/>
  </swimlanes>
  <swimlanes x="1536" y="243" name="Swimlane" orientation="VERTICAL">
    <elements href="assembly.xml#Write"/>
    <elements href="assembly.xml#Yes"/>
  </swimlanes>
  <swimlanes x="1671" y="191" name="Swimlane" orientation="VERTICAL">
    <elements href="assembly.xml#ForceIntBatch"/>
    <elements href="assembly.xml#Aggregator"/>
    <elements href="assembly.xml#Store"/>
  </swimlanes>
  <swimlanes x="39" y="54">
    <elements href="assembly.xml#StartHere"/>
    <elements href="assembly.xml#CallData"/>
    <elements href="assembly.xml#CallIntBatch"/>
    <elements href="assembly.xml#CallForceEIB"/>
  </swimlanes>
  <swimlanes x="289" y="862" name="Swimlane" orientation="VERTICAL">
    <elements href="assembly.xml#EIBLog"/>
    <elements href="assembly.xml#EIBPIM"/>
  </swimlanes>
  <swimlanes x="1088" y="428" name="Calls" orientation="VERTICAL">
    <elements href="assembly.xml#CallPKG"/>
    <elements href="assembly.xml#CallEIB"/>
  </swimlanes>
  <swimlanes x="31" y="813" name="Swimlane" orientation="VERTICAL">
    <elements href="assembly.xml#ProcessEIB"/>
    <elements href="assembly.xml#EIBMediation"/>
    <elements href="assembly.xml#WorkdayOutEIB"/>
  </swimlanes>
  <swimlanes x="24" y="678" name="Swimlane">
    <elements href="#//@swimlanes.10"/>
    <elements href="#//@swimlanes.8"/>
    <elements href="assembly.xml#Route1"/>
    <elements href="#//@swimlanes.12"/>
    <elements href="#//@swimlanes.13"/>
  </swimlanes>
  <swimlanes x="595" y="794" name="Swimlane" orientation="VERTICAL">
    <elements href="assembly.xml#Write1"/>
    <elements href="assembly.xml#Log1"/>
  </swimlanes>
  <swimlanes x="740" y="847" name="Store" orientation="VERTICAL">
    <elements href="assembly.xml#ForceEIB"/>
    <elements href="assembly.xml#AggregatEIB"/>
    <elements href="assembly.xml#StoreEIB"/>
  </swimlanes>
  <swimlanes name="Swimlane" orientation="VERTICAL">
    <elements href="assembly.xml#AsyncMediation3"/>
    <elements href="assembly.xml#AsyncMediation4"/>
    <elements href="assembly.xml#CallMainAuditForInvalidID"/>
    <elements href="assembly.xml#PutIntegrationMessage2"/>
  </swimlanes>
  <swimlanes x="1584" y="830" bgColor="65535" name="Swimlane">
    <elements href="assembly.xml#InvalidID"/>
    <elements href="assembly.xml#AsyncMediation1"/>
    <elements href="assembly.xml#Splitter0"/>
    <elements href="assembly.xml#AsyncMediation2"/>
    <elements href="#//@swimlanes.14"/>
    <elements href="assembly.xml#WorkdayOutSoap0"/>
    <elements href="assembly.xml#AsyncMediation5"/>
    <elements href="assembly.xml#Aggregator0"/>
  </swimlanes>
</wdnm:Diagram>
