<?xml version="1.0" encoding="ASCII"?>
<edst:Settings xmlns:edst="http://dublin.workday.com/studio/settings/editor">
  <editor uri="/INT0130_US_PAY_Chubb_IN_STU_EE_Deductions/ws/WSAR-INF/InputFile_XmlSchema.xsd">
    <property name="transformation.text.to.xml" value="true"/>
  </editor>
  <editor uri="/INT0130_US_PAY_Chubb_IN_STU_EE_Deductions/ws/WSAR-INF/InputFile.xsd">
    <property name="transformation.text.to.xml" value="true"/>
  </editor>
  <editor uri="/INT0130_US_PAY_Chubb_IN_STU_EE_Deductions/ws/WSAR-INF/INT130Schema.xsd">
    <property name="transformation.text.to.xml" value="true"/>
  </editor>
</edst:Settings>
