<?xml version="1.0" encoding="UTF-8"?>
<wdnm:Diagram xmlns:wdnm="http://workday.com/studio/editors/notation">
  <element href="assembly.xml#WorkdayAssembly"/>
  <visualProperties x="70" y="47">
    <element href="assembly.xml#StartHere"/>
  </visualProperties>
  <visualProperties x="101" y="168">
    <element href="assembly.xml#Call_Initialize"/>
  </visualProperties>
  <visualProperties x="307" y="174">
    <element href="assembly.xml#Initialize"/>
  </visualProperties>
  <visualProperties x="379" y="175">
    <element href="assembly.xml#Inititialize"/>
  </visualProperties>
  <visualProperties x="538" y="211">
    <element href="assembly.xml#GetEventDocuments"/>
  </visualProperties>
  <visualProperties x="745" y="196">
    <element href="assembly.xml#DocIterator"/>
  </visualProperties>
  <visualProperties x="686" y="494">
    <element href="assembly.xml#FileNames"/>
  </visualProperties>
  <visualProperties x="843" y="494">
    <element href="assembly.xml#CopyToMessage"/>
  </visualProperties>
  <visualProperties x="1007" y="523">
    <element href="assembly.xml#CallAggregate"/>
  </visualProperties>
  <visualProperties>
    <element href="assembly.xml#Aggregate"/>
  </visualProperties>
  <visualProperties>
    <element href="assembly.xml#Aggregator0"/>
  </visualProperties>
  <visualProperties>
    <element href="assembly.xml#SaveFile"/>
  </visualProperties>
  <visualProperties x="335" y="8">
    <element href="assembly.xml#//@beans/@mixed.1/@mixed.25"/>
  </visualProperties>
  <visualProperties x="640" y="8">
    <element href="assembly.xml#Note-Error"/>
  </visualProperties>
  <visualProperties x="461" y="199">
    <element href="assembly.xml#CallFinalAggregate"/>
  </visualProperties>
  <visualProperties x="395" y="36">
    <element href="assembly.xml#PutIntegrationMessage0"/>
  </visualProperties>
  <visualProperties x="670" y="774">
    <element href="assembly.xml#PutIntegrationMessage00"/>
  </visualProperties>
  <visualProperties x="313" y="833">
    <element href="assembly.xml#FullFile"/>
  </visualProperties>
  <visualProperties x="444" y="839">
    <element href="assembly.xml#FullFileMediation"/>
  </visualProperties>
  <visualProperties x="110" y="301">
    <element href="assembly.xml#CallFullFile"/>
  </visualProperties>
  <visualProperties x="306" y="1003">
    <element href="assembly.xml#RegularMode"/>
  </visualProperties>
  <visualProperties x="439" y="1017">
    <element href="assembly.xml#RegularMediation"/>
  </visualProperties>
  <visualProperties x="682" y="1059">
    <element href="assembly.xml#Splitter"/>
  </visualProperties>
  <visualProperties x="818" y="1036">
    <element href="assembly.xml#RptPrep"/>
  </visualProperties>
  <visualProperties x="970" y="1041">
    <element href="assembly.xml#WorkdayOutRest"/>
  </visualProperties>
  <visualProperties x="1286" y="1055">
    <element href="assembly.xml#Aggregator"/>
  </visualProperties>
  <visualProperties x="1472" y="1043">
    <element href="assembly.xml#RegStorec"/>
  </visualProperties>
  <visualProperties x="146" y="367">
    <element href="assembly.xml#CallRegularMode"/>
  </visualProperties>
  <visualProperties x="130" y="441">
    <element href="assembly.xml#CallAggBatch"/>
  </visualProperties>
  <visualProperties x="1397" y="1046">
    <element href="assembly.xml#AggBatch"/>
  </visualProperties>
  <visualProperties x="761" y="1040">
    <element href="assembly.xml#RptPrmpts"/>
  </visualProperties>
  <visualProperties x="1623" y="1098">
    <element href="assembly.xml#CloseAgg"/>
  </visualProperties>
  <visualProperties x="556" y="1081">
    <element href="assembly.xml#PutIntegrationMessage01"/>
  </visualProperties>
  <visualProperties x="484" y="187">
    <element href="assembly.xml#PutIntegrationMessage02"/>
  </visualProperties>
  <visualProperties x="1437" y="1176">
    <element href="assembly.xml#PutIntegrationMessage"/>
  </visualProperties>
  <visualProperties x="2185" y="1179">
    <element href="assembly.xml#PIM-INT0094EC-Error-Handling"/>
  </visualProperties>
  <visualProperties x="2078" y="1208">
    <element href="assembly.xml#PutIntegrationMessage2"/>
  </visualProperties>
  <visualProperties x="808" y="186">
    <element href="assembly.xml#PutIntegrationMessage03"/>
  </visualProperties>
  <visualProperties x="1158" y="171">
    <element href="assembly.xml#PutIntegrationMessage030"/>
  </visualProperties>
  <visualProperties x="2667" y="1072">
    <element href="assembly.xml#PIM-INT0094EC"/>
  </visualProperties>
  <visualProperties x="2390" y="194">
    <element href="assembly.xml#PutIntegrationMessage30"/>
  </visualProperties>
  <visualProperties x="795" y="1160">
    <element href="assembly.xml#Route"/>
  </visualProperties>
  <visualProperties x="864" y="943">
    <element href="assembly.xml#PutIntegrationMessage4"/>
  </visualProperties>
  <visualProperties x="2334" y="1333">
    <element href="assembly.xml#Route0"/>
  </visualProperties>
  <visualProperties x="2544" y="1541">
    <element href="assembly.xml#Regstoree"/>
  </visualProperties>
  <visualProperties x="2326" y="1386">
    <element href="assembly.xml#AsyncMediation"/>
  </visualProperties>
  <visualProperties x="2765" y="1661">
    <element href="assembly.xml#PIM-INT0094EE-Error-Handling"/>
  </visualProperties>
  <visualProperties>
    <element href="assembly.xml#Regstorea"/>
  </visualProperties>
  <visualProperties>
    <element href="assembly.xml#Regstoreb"/>
  </visualProperties>
  <visualProperties>
    <element href="assembly.xml#Regstored"/>
  </visualProperties>
  <visualProperties x="2804" y="2111">
    <element href="assembly.xml#PIM-INT0094ED-Error-Handling"/>
  </visualProperties>
  <visualProperties x="2854" y="1459">
    <element href="assembly.xml#PIM-INT0094EA-Error-Handling"/>
  </visualProperties>
  <visualProperties x="2798" y="1732">
    <element href="assembly.xml#PIM-INT0094EB-Error-Handling"/>
  </visualProperties>
  <visualProperties x="2527" y="1367">
    <element href="assembly.xml#PIM-INT0094EA"/>
  </visualProperties>
  <visualProperties x="3123" y="1280">
    <element href="assembly.xml#PIM-INT0094EB"/>
  </visualProperties>
  <visualProperties x="3153" y="1405">
    <element href="assembly.xml#PIM-INT0094EE"/>
  </visualProperties>
  <visualProperties x="3130" y="1403">
    <element href="assembly.xml#PIM-INT0094ED"/>
  </visualProperties>
  <visualProperties x="2476" y="1469">
    <element href="assembly.xml#Process-XSLT-Files"/>
  </visualProperties>
  <visualProperties x="2471" y="1300">
    <element href="assembly.xml#Process-XSLTs"/>
  </visualProperties>
  <visualProperties x="803" y="895">
    <element href="assembly.xml#ProcessXSLT"/>
  </visualProperties>
  <visualProperties x="1241" y="1445">
    <element href="assembly.xml#XSLT_Backup"/>
  </visualProperties>
  <visualProperties x="1686" y="1224">
    <element href="assembly.xml#Parking"/>
  </visualProperties>
  <visualProperties x="1571" y="1371">
    <element href="assembly.xml#INT0094Ea"/>
  </visualProperties>
  <visualProperties x="2203" y="1431">
    <element href="assembly.xml#Secondaryemail"/>
  </visualProperties>
  <visualProperties x="2437" y="1924">
    <element href="assembly.xml#SecondaryEmail"/>
  </visualProperties>
  <visualProperties x="2649" y="1368">
    <element href="assembly.xml#ReportData"/>
  </visualProperties>
  <visualProperties x="3200" y="1361">
    <element href="assembly.xml#AsyncMediation1"/>
  </visualProperties>
  <visualProperties x="2996" y="1319">
    <element href="assembly.xml#Aggregator1"/>
  </visualProperties>
  <visualProperties x="3239" y="1312">
    <element href="assembly.xml#AsyncMediation2"/>
  </visualProperties>
  <visualProperties x="2151" y="1409">
    <element href="assembly.xml#PIM-INT0094EA-SecEmail"/>
  </visualProperties>
  <visualProperties x="2759" y="1280">
    <element href="assembly.xml#MergeReportData"/>
  </visualProperties>
  <visualProperties x="2642" y="1280">
    <element href="assembly.xml#CallReportData"/>
  </visualProperties>
  <visualProperties x="2962" y="1319">
    <element href="assembly.xml#ProcessReportData"/>
  </visualProperties>
  <visualProperties x="3080" y="1311">
    <element href="assembly.xml#CombineData"/>
  </visualProperties>
  <visualProperties x="2907" y="1446">
    <element href="assembly.xml#CallCombine1"/>
  </visualProperties>
  <visualProperties x="2896" y="1509">
    <element href="assembly.xml#MergeDISData"/>
  </visualProperties>
  <visualProperties x="2639" y="1314">
    <element href="assembly.xml#CallDISData"/>
  </visualProperties>
  <visualProperties x="2933" y="1576">
    <element href="assembly.xml#CallCombine2"/>
  </visualProperties>
  <visualProperties x="2929" y="1594">
    <element href="assembly.xml#ProcessDISData"/>
  </visualProperties>
  <visualProperties x="4594" y="1924">
    <element href="assembly.xml#TransformData"/>
  </visualProperties>
  <visualProperties x="4021" y="1304">
    <element href="assembly.xml#AsyncMediation3"/>
  </visualProperties>
  <visualProperties x="3554" y="1578">
    <element href="assembly.xml#Callprelimdata"/>
  </visualProperties>
  <visualProperties x="3581" y="1614">
    <element href="assembly.xml#Calllanguagedata"/>
  </visualProperties>
  <visualProperties x="4092" y="1268">
    <element href="assembly.xml#MergeLangData"/>
  </visualProperties>
  <visualProperties x="4267" y="1274">
    <element href="assembly.xml#AsyncMediationL"/>
  </visualProperties>
  <visualProperties x="4134" y="1444">
    <element href="assembly.xml#CallLanComb1"/>
  </visualProperties>
  <visualProperties x="4121" y="1513">
    <element href="assembly.xml#MergeprelimData"/>
  </visualProperties>
  <visualProperties x="4275" y="1405">
    <element href="assembly.xml#AsyncMediationP"/>
  </visualProperties>
  <visualProperties x="4173" y="1706">
    <element href="assembly.xml#CallLanCom2"/>
  </visualProperties>
  <visualProperties x="4282" y="1351">
    <element href="assembly.xml#CombineLang"/>
  </visualProperties>
  <visualProperties x="4503" y="1274">
    <element href="assembly.xml#Aggregator2"/>
  </visualProperties>
  <visualProperties x="5255" y="1924">
    <element href="assembly.xml#AsyncMediationD"/>
  </visualProperties>
  <connections type="routesTo" sourceAnchorX="0.7431192660550459" sourceAnchorY="1.0" targetAnchorX="0.5923076923076923" targetAnchorY="0.32432432432432434">
    <source href="assembly.xml#StartHere"/>
    <target href="assembly.xml#Call_Initialize"/>
  </connections>
  <connections type="routesTo" sourceAnchorX="1.0" sourceAnchorY="0.6216216216216216" targetAnchorX="0.3228346456692913" targetAnchorY="0.14130434782608695">
    <source href="assembly.xml#Initialize"/>
    <target href="assembly.xml#Inititialize"/>
  </connections>
  <connections type="routesTo" sourceAnchorX="1.0" sourceAnchorY="0.21739130434782608" targetAnchorY="0.6086956521739131">
    <source href="assembly.xml#FileNames"/>
    <target href="assembly.xml#CopyToMessage"/>
  </connections>
  <connections type="routesTo" sourceAnchorX="1.0" sourceAnchorY="0.2826086956521739" targetAnchorX="0.29357798165137616" targetAnchorY="0.6216216216216216">
    <source href="assembly.xml#CopyToMessage"/>
    <target href="assembly.xml#CallAggregate"/>
  </connections>
  <connections type="routesTo" sourceAnchorX="0.9669421487603306" sourceAnchorY="0.43243243243243246" targetAnchorX="0.06060606060606061" targetAnchorY="0.3783783783783784">
    <source href="assembly.xml#//@beans/@mixed.1/@mixed.25"/>
    <target href="assembly.xml#Note-Error"/>
  </connections>
  <connections type="routesTo" sourceAnchorX="1.0" sourceAnchorY="0.2127659574468085" targetAnchorX="0.17647058823529413" targetAnchorY="0.1891891891891892">
    <source href="assembly.xml#Inititialize"/>
    <target href="assembly.xml#GetEventDocuments"/>
  </connections>
  <connections type="routesTo" sourceAnchorX="1.0" sourceAnchorY="0.7058823529411765" targetAnchorX="0.11940298507462686" targetAnchorY="0.24468085106382978">
    <source href="assembly.xml#//@beans/@mixed.1/@route.0/@subRoute.0"/>
    <target href="assembly.xml#FileNames"/>
  </connections>
  <connections type="routesTo" sourceAnchorX="0.6263736263736264" sourceAnchorY="1.0" targetAnchorX="0.3686868686868687" targetAnchorY="0.24324324324324326">
    <source href="assembly.xml#//@beans/@mixed.1/@mixed.19/@mixed.3"/>
    <target href="assembly.xml#PutIntegrationMessage00"/>
  </connections>
  <connections type="routesTo" sourceAnchorX="0.3516483516483517" sourceAnchorY="1.0" targetAnchorX="0.3403141361256545" targetAnchorY="0.3783783783783784">
    <source href="assembly.xml#//@beans/@mixed.1/@mixed.7/@mixed.3"/>
    <target href="assembly.xml#PutIntegrationMessage0"/>
  </connections>
  <connections type="routesTo" sourceAnchorX="1.0" sourceAnchorY="0.5675675675675675" targetAnchorX="0.3779527559055118" targetAnchorY="0.10869565217391304">
    <source href="assembly.xml#FullFile"/>
    <target href="assembly.xml#FullFileMediation"/>
  </connections>
  <connections type="routesResponseTo" sourceAnchorY="1.0" targetAnchorX="0.5347222222222222" targetAnchorY="0.2972972972972973">
    <source href="assembly.xml#CallFinalAggregate"/>
    <target href="assembly.xml#CallFullFile"/>
  </connections>
  <connections type="routesTo" sourceAnchorX="1.0" sourceAnchorY="0.4594594594594595" targetAnchorX="0.25196850393700787" targetAnchorY="0.10869565217391304">
    <source href="assembly.xml#RegularMode"/>
    <target href="assembly.xml#RegularMediation"/>
  </connections>
  <connections type="routesResponseTo" sourceAnchorX="0.7063492063492064" sourceAnchorY="1.0" targetAnchorX="0.5416666666666666" targetAnchorY="0.32432432432432434">
    <source href="assembly.xml#CallFullFile"/>
    <target href="assembly.xml#CallRegularMode"/>
  </connections>
  <connections type="routesResponseTo" sourceAnchorX="0.6388888888888888" sourceAnchorY="1.0" targetAnchorX="0.4503311258278146" targetAnchorY="0.43243243243243246">
    <source href="assembly.xml#CallRegularMode"/>
    <target href="assembly.xml#CallAggBatch"/>
  </connections>
  <connections type="routesTo" sourceAnchorX="1.0" sourceAnchorY="0.2765957446808511" targetAnchorX="0.24299065420560748" targetAnchorY="0.1038961038961039">
    <source href="assembly.xml#RptPrmpts"/>
    <target href="assembly.xml#Splitter"/>
  </connections>
  <connections type="routesTo" sourceAnchorX="0.6330275229357798" sourceAnchorY="1.0" targetAnchorX="0.5408163265306123" targetAnchorY="0.08">
    <source href="assembly.xml#AggBatch"/>
    <target href="assembly.xml#CloseAgg"/>
  </connections>
  <connections type="routesTo" sourceAnchorX="1.0" sourceAnchorY="0.30851063829787234" targetAnchorX="0.5816993464052288" targetAnchorY="0.11320754716981132">
    <source href="assembly.xml#CloseAgg"/>
    <target href="assembly.xml#Aggregator"/>
  </connections>
  <connections type="routesTo" sourceAnchorX="0.553030303030303" sourceAnchorY="1.0" targetAnchorX="0.4696969696969697" targetAnchorY="0.35135135135135137">
    <source href="assembly.xml#//@beans/@mixed.1/@mixed.43/@mixed.3"/>
    <target href="assembly.xml#PutIntegrationMessage01"/>
  </connections>
  <connections type="routesTo" sourceAnchorX="0.4094488188976378" sourceAnchorY="1.0" targetAnchorX="0.41919191919191917" targetAnchorY="0.4864864864864865">
    <source href="assembly.xml#//@beans/@mixed.1/@mixed.61/@mixed.3"/>
    <target href="assembly.xml#PutIntegrationMessage02"/>
  </connections>
  <connections type="routesTo" sourceAnchorX="0.4" sourceAnchorY="1.0" targetAnchorX="0.3532608695652174" targetAnchorY="0.21621621621621623">
    <source href="assembly.xml#//@beans/@mixed.1/@mixed.47/@mixed.3"/>
    <target href="assembly.xml#PutIntegrationMessage"/>
  </connections>
  <connections type="routesTo" sourceAnchorX="0.5792682926829268" sourceAnchorY="1.0" targetAnchorX="0.47643979057591623" targetAnchorY="0.24324324324324326">
    <source href="assembly.xml#//@beans/@mixed.1/@mixed.53/@mixed.3"/>
    <target href="assembly.xml#PIM-INT0094EC-Error-Handling"/>
  </connections>
  <connections type="routesTo" sourceAnchorX="1.0" sourceAnchorY="0.6666666666666666" targetAnchorX="0.16753926701570682" targetAnchorY="0.40540540540540543">
    <source href="assembly.xml#//@beans/@mixed.1/@mixed.63/@mixed.3"/>
    <target href="assembly.xml#PutIntegrationMessage2"/>
  </connections>
  <connections type="routesTo" sourceAnchorX="0.5826771653543307" sourceAnchorY="1.0" targetAnchorX="0.4444444444444444" targetAnchorY="0.2972972972972973">
    <source href="assembly.xml#//@beans/@mixed.1/@mixed.17/@mixed.3"/>
    <target href="assembly.xml#PutIntegrationMessage03"/>
  </connections>
  <connections type="routesTo" sourceAnchorX="0.5039370078740157" sourceAnchorY="1.0" targetAnchorX="0.3853658536585366" targetAnchorY="0.13513513513513514">
    <source href="assembly.xml#//@beans/@mixed.1/@mixed.15/@mixed.3"/>
    <target href="assembly.xml#PutIntegrationMessage030"/>
  </connections>
  <connections type="routesTo" sourceAnchorX="1.0" sourceAnchorY="0.272" targetAnchorX="0.21476510067114093" targetAnchorY="0.2972972972972973">
    <source href="assembly.xml#RptPrep"/>
    <target href="assembly.xml#WorkdayOutRest"/>
  </connections>
  <connections type="routesTo" sourceAnchorX="1.0" sourceAnchorY="0.128" targetAnchorX="0.18691588785046728" targetAnchorY="0.09424083769633508">
    <source href="assembly.xml#RegularMediation"/>
    <target href="assembly.xml#Route"/>
  </connections>
  <connections type="routesTo" sourceAnchorX="1.0" sourceAnchorY="0.168" targetAnchorX="0.09424083769633508" targetAnchorY="0.5945945945945946">
    <source href="assembly.xml#RegStorec"/>
    <target href="assembly.xml#PIM-INT0094EC"/>
    <bendpoints sourceX="116" sourceY="2" targetX="-62" targetY="471"/>
    <bendpoints sourceX="31" sourceY="-465" targetX="-59" targetY="4"/>
  </connections>
  <connections type="routesTo" sourceAnchorX="1.0" sourceAnchorY="0.24468085106382978" targetAnchorX="0.1927710843373494" targetAnchorY="0.5135135135135135">
    <source href="assembly.xml#FullFileMediation"/>
    <target href="assembly.xml#ProcessXSLT"/>
  </connections>
  <connections type="routesTo">
    <source href="assembly.xml#//@beans/@mixed.1/@route.1/@subRoute.0"/>
    <target href="assembly.xml#Aggregator"/>
    <bendpoints sourceX="-78" targetX="-1287" targetY="-305"/>
    <bendpoints sourceX="177" sourceY="243" targetX="-934" targetY="-66"/>
  </connections>
  <connections type="routesTo" sourceAnchorX="1.0" sourceAnchorY="0.6176470588235294" targetAnchorX="0.02464788732394366" targetAnchorY="0.08">
    <source href="assembly.xml#//@beans/@mixed.1/@route.1/@subRoute.1"/>
    <target href="assembly.xml#RptPrmpts"/>
  </connections>
  <connections type="routesTo" sourceAnchorX="1.0" sourceAnchorY="0.22641509433962265" targetAnchorX="0.3986013986013986" targetAnchorY="0.9479166666666666">
    <source href="assembly.xml#Aggregator"/>
    <target href="assembly.xml#AsyncMediation"/>
    <bendpoints sourceX="167" targetX="-4" targetY="323"/>
  </connections>
  <connections type="routesResponseTo" sourceAnchorX="0.8322147651006712" sourceAnchorY="1.0" targetAnchorX="0.16993464052287582" targetAnchorY="0.14150943396226415">
    <source href="assembly.xml#WorkdayOutRest"/>
    <target href="assembly.xml#Aggregator"/>
  </connections>
  <connections type="routesTo" sourceAnchorX="0.3086816720257235" sourceAnchorY="1.0" targetAnchorX="0.5078534031413613" targetAnchorY="0.4594594594594595">
    <source href="assembly.xml#//@beans/@mixed.1/@mixed.37/@mixed.3"/>
    <target href="assembly.xml#PutIntegrationMessage4"/>
  </connections>
  <connections type="routesResponseTo" sourceAnchorX="1.0" sourceAnchorY="0.40540540540540543" targetAnchorX="0.3364485981308411" targetAnchorY="0.07142857142857142">
    <source href="assembly.xml#GetEventDocuments"/>
    <target href="assembly.xml#DocIterator"/>
  </connections>
  <connections type="routesTo" sourceAnchorX="1.0" sourceAnchorY="0.5135135135135135" targetAnchorX="0.13725490196078433" targetAnchorY="0.10377358490566038">
    <source href="assembly.xml#Aggregate"/>
    <target href="assembly.xml#Aggregator0"/>
  </connections>
  <connections type="routesTo" sourceAnchorX="0.6363636363636364" sourceAnchorY="1.0" targetAnchorX="0.07981220657276995" targetAnchorY="0.8648648648648649">
    <source href="assembly.xml#//@beans/@mixed.1/@mixed.89/@mixed.3"/>
    <target href="assembly.xml#PIM-INT0094EE-Error-Handling"/>
  </connections>
  <connections type="routesTo" sourceAnchorX="0.5367965367965368" sourceAnchorY="1.0" targetAnchorX="0.676056338028169" targetAnchorY="0.2702702702702703">
    <source href="assembly.xml#//@beans/@mixed.1/@mixed.99/@mixed.3"/>
    <target href="assembly.xml#PIM-INT0094ED-Error-Handling"/>
  </connections>
  <connections type="routesTo" sourceAnchorX="0.948051948051948" sourceAnchorY="1.0" targetAnchorX="0.7699530516431925" targetAnchorY="0.1891891891891892">
    <source href="assembly.xml#//@beans/@mixed.1/@mixed.97/@mixed.3"/>
    <target href="assembly.xml#PIM-INT0094EB-Error-Handling"/>
  </connections>
  <connections type="routesTo" sourceAnchorX="0.6848739495798319" sourceAnchorY="0.023622047244094488" targetAnchorX="0.06875" targetAnchorY="0.4864864864864865">
    <source href="assembly.xml#Regstoreb"/>
    <target href="assembly.xml#PIM-INT0094EB"/>
    <bendpoints sourceX="100" sourceY="5" targetX="-78" targetY="288"/>
    <bendpoints sourceX="101" sourceY="-277" targetX="-77" targetY="6"/>
  </connections>
  <connections type="routesTo">
    <source href="assembly.xml#Regstored"/>
    <target href="assembly.xml#PIM-INT0094ED"/>
    <bendpoints sourceX="190" sourceY="-1" targetX="-101" targetY="713"/>
    <bendpoints sourceX="187" sourceY="-710" targetX="-104" targetY="4"/>
  </connections>
  <connections type="routesTo" targetAnchorX="0.6125" targetAnchorY="0.972972972972973">
    <source href="assembly.xml#Regstoree"/>
    <target href="assembly.xml#PIM-INT0094EE"/>
    <bendpoints sourceX="313" sourceY="-3" targetX="4" targetY="907"/>
  </connections>
  <connections type="routesTo" sourceAnchorX="0.7433628318584071" sourceAnchorY="1.0" targetAnchorX="0.21164021164021163" targetAnchorY="0.13385826771653545">
    <source href="assembly.xml#//@beans/@mixed.1/@route.2/@subRoute.1"/>
    <target href="assembly.xml#Regstoreb"/>
    <bendpoints sourceX="48" sourceY="-21" targetX="-106" targetY="-253"/>
    <bendpoints sourceX="63" sourceY="-19" targetX="-91" targetY="-251"/>
    <bendpoints sourceX="62" sourceY="235" targetX="-92" targetY="3"/>
  </connections>
  <connections type="routesTo" sourceAnchorX="0.8596491228070176" sourceAnchorY="1.0" targetAnchorX="0.10407239819004525" targetAnchorY="0.14173228346456693">
    <source href="assembly.xml#//@beans/@mixed.1/@route.2/@subRoute.2"/>
    <target href="assembly.xml#RegStorec"/>
    <bendpoints sourceX="21" sourceY="-20" targetX="-87" targetY="-455"/>
    <bendpoints sourceX="39" sourceY="-19" targetX="-69" targetY="-454"/>
    <bendpoints sourceX="40" sourceY="434" targetX="-68" targetY="-1"/>
  </connections>
  <connections type="routesTo">
    <source href="assembly.xml#//@beans/@mixed.1/@route.2/@subRoute.3"/>
    <target href="assembly.xml#Regstored"/>
    <bendpoints sourceX="74" sourceY="1" targetX="-161" targetY="-725"/>
    <bendpoints sourceX="69" sourceY="734" targetX="-166" targetY="8"/>
  </connections>
  <connections type="routesTo">
    <source href="assembly.xml#//@beans/@mixed.1/@route.2/@subRoute.4"/>
    <target href="assembly.xml#Regstoree"/>
    <bendpoints sourceX="-3" sourceY="971" targetX="-238" targetY="1"/>
  </connections>
  <connections type="routesTo" sourceAnchorX="1.0" sourceAnchorY="0.19791666666666666" targetAnchorX="0.35443037974683544" targetAnchorY="0.5675675675675675">
    <source href="assembly.xml#AsyncMediation"/>
    <target href="assembly.xml#Process-XSLTs"/>
  </connections>
  <connections type="routesTo" sourceAnchorX="0.6631016042780749" sourceAnchorY="1.0" targetAnchorX="0.3779527559055118" targetAnchorY="0.08012820512820513">
    <source href="assembly.xml#Process-XSLT-Files"/>
    <target href="assembly.xml#Route0"/>
  </connections>
  <connections type="routesResponseTo" sourceAnchorX="0.5602836879432624" sourceAnchorY="1.0" targetAnchorX="0.37037037037037035" targetAnchorY="0.21621621621621623">
    <source href="assembly.xml#Call_Initialize"/>
    <target href="assembly.xml#CallFinalAggregate"/>
  </connections>
  <connections type="routesTo" sourceAnchorX="1.0" sourceAnchorY="0.18867924528301888" targetAnchorX="0.19672131147540983" targetAnchorY="0.144">
    <source href="assembly.xml#Aggregator0"/>
    <target href="assembly.xml#SaveFile"/>
  </connections>
  <connections type="routesTo" sourceAnchorX="0.5531914893617021" sourceAnchorY="1.0" targetAnchorX="0.21428571428571427" targetAnchorY="0.136">
    <source href="assembly.xml#//@beans/@mixed.1/@splitter.0/@subRoute.0"/>
    <target href="assembly.xml#RptPrep"/>
  </connections>
  <connections type="routesTo" sourceAnchorX="1.0" sourceAnchorY="0.4411764705882353" targetAnchorX="0.21804511278195488" targetAnchorY="0.17391304347826086">
    <source href="assembly.xml#//@beans/@mixed.1/@route.2/@subRoute.0"/>
    <target href="assembly.xml#INT0094Ea"/>
    <bendpoints sourceX="33" sourceY="-153" targetX="-856" targetY="-75"/>
    <bendpoints sourceX="806" sourceY="-152" targetX="-83" targetY="-74"/>
  </connections>
  <connections type="routesTo" sourceAnchorX="0.31512605042016806" sourceAnchorY="1.0" targetAnchorX="0.598705501618123" targetAnchorY="0.21621621621621623">
    <source href="assembly.xml#//@beans/@mixed.1/@mixed.125/@mixed.3"/>
    <target href="assembly.xml#PIM-INT0094EA-Error-Handling"/>
  </connections>
  <connections type="routesTo" sourceAnchorX="1.0" sourceAnchorY="0.29591836734693877" targetAnchorX="0.18716577540106952" targetAnchorY="0.35135135135135137">
    <source href="assembly.xml#Secondaryemail"/>
    <target href="assembly.xml#SecondaryEmail"/>
  </connections>
  <connections type="routesResponseTo" sourceAnchorX="0.8181818181818182" sourceAnchorY="1.0" targetAnchorX="0.38823529411764707" targetAnchorY="0.7717391304347826">
    <source href="assembly.xml#SecondaryEmail"/>
    <target href="assembly.xml#ReportData"/>
  </connections>
  <connections type="routesTo" sourceAnchorX="1.0" sourceAnchorY="0.24528301886792453" targetAnchorX="0.20224719101123595" targetAnchorY="0.673469387755102">
    <source href="assembly.xml#Aggregator1"/>
    <target href="assembly.xml#AsyncMediation2"/>
  </connections>
  <connections type="routesTo" sourceAnchorX="0.6842105263157895" sourceAnchorY="1.0" targetAnchorX="0.4868913857677903" targetAnchorY="0.5675675675675675">
    <source href="assembly.xml#//@beans/@mixed.1/@mixed.127/@mixed.3"/>
    <target href="assembly.xml#PIM-INT0094EA-SecEmail"/>
  </connections>
  <connections type="routesTo" sourceAnchorX="1.0" sourceAnchorY="0.2713178294573643" targetAnchorX="0.16292134831460675" targetAnchorY="0.10077519379844961">
    <source href="assembly.xml#INT0094Ea"/>
    <target href="assembly.xml#Secondaryemail"/>
  </connections>
  <connections type="routesTo" sourceAnchorX="1.0" sourceAnchorY="0.22448979591836735" targetAnchorX="0.1978021978021978" targetAnchorY="0.5675675675675675">
    <source href="assembly.xml#ReportData"/>
    <target href="assembly.xml#CallReportData"/>
  </connections>
  <connections type="routesTo" sourceAnchorX="0.565" sourceAnchorY="1.0" targetAnchorX="0.5678391959798995" targetAnchorY="0.5204081632653061">
    <source href="assembly.xml#MergeReportData"/>
    <target href="assembly.xml#ProcessReportData"/>
  </connections>
  <connections type="routesTo" sourceAnchorX="0.891566265060241" sourceAnchorY="1.0" targetAnchorX="0.1044776119402985" targetAnchorY="0.7924528301886793">
    <source href="assembly.xml#CombineData"/>
    <target href="assembly.xml#Aggregator1"/>
  </connections>
  <connections type="routesTo" sourceAnchorX="1.0" sourceAnchorY="0.2653061224489796" targetAnchorX="0.5562130177514792" targetAnchorY="0.21621621621621623">
    <source href="assembly.xml#ProcessReportData"/>
    <target href="assembly.xml#CallCombine1"/>
  </connections>
  <connections type="routesResponseTo" sourceAnchorX="0.3" sourceAnchorY="1.0" targetAnchorX="0.3419354838709677" targetAnchorY="0.5675675675675675">
    <source href="assembly.xml#CallReportData"/>
    <target href="assembly.xml#CallDISData"/>
  </connections>
  <connections type="routesTo" sourceAnchorX="0.6514285714285715" sourceAnchorY="1.0" targetAnchorX="0.5459770114942529" targetAnchorY="0.30612244897959184">
    <source href="assembly.xml#MergeDISData"/>
    <target href="assembly.xml#ProcessDISData"/>
  </connections>
  <connections type="routesTo" sourceAnchorX="1.0" sourceAnchorY="0.22448979591836735" targetAnchorX="0.5621301775147929" targetAnchorY="0.40540540540540543">
    <source href="assembly.xml#ProcessDISData"/>
    <target href="assembly.xml#CallCombine2"/>
  </connections>
  <connections type="routesTo" sourceAnchorX="1.0" sourceAnchorY="0.3163265306122449" targetAnchorX="0.13440860215053763" targetAnchorY="0.40540540540540543">
    <source href="assembly.xml#TransformData"/>
    <target href="assembly.xml#PIM-INT0094EA"/>
  </connections>
  <connections type="routesTo" sourceAnchorX="0.0" sourceAnchorY="0.21428571428571427" targetAnchorX="0.0056179775280898875" targetAnchorY="0.15306122448979592">
    <source href="assembly.xml#AsyncMediation2"/>
    <target href="assembly.xml#AsyncMediation3"/>
  </connections>
  <connections type="routesTo" sourceAnchorX="0.6219512195121951" sourceAnchorY="1.0" targetAnchorX="0.7747252747252747" targetAnchorY="0.08108108108108109">
    <source href="assembly.xml#AsyncMediation3"/>
    <target href="assembly.xml#Callprelimdata"/>
  </connections>
  <connections type="routesResponseTo" sourceAnchorX="0.9298245614035088" sourceAnchorY="0.4864864864864865" targetAnchorX="0.04060913705583756" targetAnchorY="0.43243243243243246">
    <source href="assembly.xml#Callprelimdata"/>
    <target href="assembly.xml#Calllanguagedata"/>
  </connections>
  <connections type="routesTo" sourceAnchorX="0.7043010752688172" sourceAnchorY="1.0" targetAnchorX="0.7303370786516854" targetAnchorY="0.2608695652173913">
    <source href="assembly.xml#MergeLangData"/>
    <target href="assembly.xml#AsyncMediationL"/>
  </connections>
  <connections type="routesTo" sourceAnchorX="0.0" sourceAnchorY="0.19387755102040816" targetAnchorX="0.4342857142857143" targetAnchorY="0.24324324324324326">
    <source href="assembly.xml#AsyncMediationL"/>
    <target href="assembly.xml#CallLanComb1"/>
  </connections>
  <connections type="routesTo" sourceAnchorX="0.422680412371134" sourceAnchorY="1.0" targetAnchorX="0.46111111111111114" targetAnchorY="0.1836734693877551">
    <source href="assembly.xml#MergeprelimData"/>
    <target href="assembly.xml#AsyncMediationP"/>
  </connections>
  <connections type="routesTo" sourceAnchorX="0.0" sourceAnchorY="0.10204081632653061" targetAnchorX="0.47878787878787876" targetAnchorY="0.32432432432432434">
    <source href="assembly.xml#AsyncMediationP"/>
    <target href="assembly.xml#CallLanCom2"/>
  </connections>
  <connections type="routesTo" sourceAnchorX="0.6369047619047619" sourceAnchorY="1.0" targetAnchorX="0.5323383084577115" targetAnchorY="0.20754716981132076">
    <source href="assembly.xml#CombineLang"/>
    <target href="assembly.xml#Aggregator2"/>
  </connections>
  <connections type="routesTo" sourceAnchorX="1.0" sourceAnchorY="0.24528301886792453" targetAnchorX="0.17415730337078653" targetAnchorY="0.5869565217391305">
    <source href="assembly.xml#Aggregator2"/>
    <target href="assembly.xml#AsyncMediationD"/>
  </connections>
  <connections type="routesTo" sourceAnchorX="1.0" sourceAnchorY="0.25510204081632654" targetAnchorX="0.2360248447204969">
    <source href="assembly.xml#AsyncMediationD"/>
    <target href="assembly.xml#TransformData"/>
  </connections>
  <swimlanes x="131" y="43" name="INT0094E_Employee_Organizations_Effective Dated_Data_to_IDP_Outbound" elements="//@swimlanes.1 //@swimlanes.2"/>
  <swimlanes x="61" y="96" name="Main" orientation="VERTICAL">
    <elements href="assembly.xml#StartHere"/>
    <elements href="assembly.xml#Call_Initialize"/>
    <elements href="assembly.xml#CallFinalAggregate"/>
    <elements href="assembly.xml#CallFullFile"/>
    <elements href="assembly.xml#CallRegularMode"/>
    <elements href="assembly.xml#CallAggBatch"/>
  </swimlanes>
  <swimlanes x="139" y="118" name="Sub Processes" orientation="VERTICAL" elements="//@swimlanes.3 //@swimlanes.5 //@swimlanes.9 //@swimlanes.27 //@swimlanes.10 //@swimlanes.4"/>
  <swimlanes x="248" y="131" name="Initialize">
    <elements href="assembly.xml#Initialize"/>
    <elements href="#//@swimlanes.7"/>
    <elements href="#//@swimlanes.6"/>
    <elements href="assembly.xml#DocIterator"/>
    <elements href="#//@swimlanes.17"/>
    <elements href="#//@swimlanes.18"/>
    <elements href="assembly.xml#CallAggregate"/>
  </swimlanes>
  <swimlanes x="331" y="181" name="Global Error Handler">
    <elements href="assembly.xml#//@beans/@mixed.1/@mixed.25"/>
    <elements href="assembly.xml#Note-Error"/>
  </swimlanes>
  <swimlanes name="Aggregate Files" alignment="MIDDLE">
    <elements href="assembly.xml#Aggregate"/>
    <elements href="assembly.xml#Aggregator0"/>
    <elements href="#//@swimlanes.8"/>
  </swimlanes>
  <swimlanes x="332" y="216" name="" orientation="VERTICAL">
    <elements href="assembly.xml#GetEventDocuments"/>
  </swimlanes>
  <swimlanes x="777" y="255" name="" orientation="VERTICAL">
    <elements href="assembly.xml#Inititialize"/>
    <elements href="assembly.xml#PutIntegrationMessage0"/>
  </swimlanes>
  <swimlanes x="607" y="485" name="" orientation="VERTICAL">
    <elements href="assembly.xml#SaveFile"/>
    <elements href="assembly.xml#PutIntegrationMessage00"/>
  </swimlanes>
  <swimlanes x="433" y="778" name="Full File Mode">
    <elements href="assembly.xml#FullFile"/>
    <elements href="#//@swimlanes.20"/>
    <elements href="assembly.xml#ProcessXSLT"/>
    <elements href="assembly.xml#PutIntegrationMessage30"/>
    <elements href="assembly.xml#XSLT_Backup"/>
  </swimlanes>
  <swimlanes x="122" y="1660" name="Regular Mode">
    <elements href="assembly.xml#RegularMode"/>
    <elements href="#//@swimlanes.13"/>
    <elements href="assembly.xml#Route"/>
    <elements href="#//@swimlanes.12"/>
    <elements href="assembly.xml#Splitter"/>
    <elements href="#//@swimlanes.19"/>
    <elements href="assembly.xml#WorkdayOutRest"/>
    <elements href="#//@swimlanes.11"/>
    <elements href="assembly.xml#AsyncMediation"/>
    <elements href="assembly.xml#Process-XSLTs"/>
  </swimlanes>
  <swimlanes x="1309" y="1035" orientation="VERTICAL">
    <elements href="assembly.xml#AggBatch"/>
    <elements href="#//@swimlanes.16"/>
    <elements href="assembly.xml#Aggregator"/>
  </swimlanes>
  <swimlanes x="755" y="1100" name="" orientation="VERTICAL">
    <elements href="assembly.xml#RptPrmpts"/>
    <elements href="assembly.xml#PutIntegrationMessage02"/>
  </swimlanes>
  <swimlanes x="551" y="1010" name="" orientation="VERTICAL">
    <elements href="assembly.xml#RegularMediation"/>
    <elements href="assembly.xml#PutIntegrationMessage01"/>
  </swimlanes>
  <swimlanes x="1344" y="1073" name="" orientation="VERTICAL">
    <elements href="assembly.xml#RptPrep"/>
    <elements href="assembly.xml#PutIntegrationMessage"/>
  </swimlanes>
  <swimlanes x="2114" y="1012" orientation="VERTICAL">
    <elements href="#//@swimlanes.23"/>
    <elements href="#//@swimlanes.24"/>
    <elements href="assembly.xml#PIM-INT0094EB-Error-Handling"/>
    <elements href="#//@swimlanes.28"/>
    <elements href="assembly.xml#PIM-INT0094EC-Error-Handling"/>
    <elements href="#//@swimlanes.25"/>
    <elements href="assembly.xml#PIM-INT0094ED-Error-Handling"/>
    <elements href="#//@swimlanes.22"/>
    <elements href="assembly.xml#PIM-INT0094EE-Error-Handling"/>
  </swimlanes>
  <swimlanes x="1945" y="1105" name="" orientation="VERTICAL">
    <elements href="assembly.xml#CloseAgg"/>
    <elements href="assembly.xml#PutIntegrationMessage2"/>
  </swimlanes>
  <swimlanes x="1129" y="215" name="" orientation="VERTICAL">
    <elements href="assembly.xml#FileNames"/>
    <elements href="assembly.xml#PutIntegrationMessage03"/>
  </swimlanes>
  <swimlanes x="1390" y="183" orientation="VERTICAL">
    <elements href="assembly.xml#CopyToMessage"/>
    <elements href="assembly.xml#PutIntegrationMessage030"/>
  </swimlanes>
  <swimlanes x="1883" y="1115" name="" elements="//@swimlanes.14"/>
  <swimlanes x="513" y="823" name="" orientation="VERTICAL">
    <elements href="assembly.xml#FullFileMediation"/>
    <elements href="assembly.xml#PutIntegrationMessage4"/>
  </swimlanes>
  <swimlanes x="2462" y="1312" name="Swimlane" elements="//@swimlanes.15"/>
  <swimlanes x="2537" y="1466" name="INT0094EE EContacts">
    <elements href="assembly.xml#Regstoree"/>
  </swimlanes>
  <swimlanes x="2099" y="1241" name="INT0094EA Pers">
    <elements href="assembly.xml#Regstorea"/>
    <elements href="assembly.xml#Parking"/>
  </swimlanes>
  <swimlanes x="2105" y="1455" name="INT0094EB IDs">
    <elements href="assembly.xml#Regstoreb"/>
  </swimlanes>
  <swimlanes x="2105" y="1759" name="INT0094ED Phone">
    <elements href="assembly.xml#Regstored"/>
  </swimlanes>
  <swimlanes x="3051" y="1320" name="Swimlane" orientation="VERTICAL">
    <elements href="assembly.xml#PIM-INT0094EB"/>
    <elements href="assembly.xml#PIM-INT0094EC"/>
    <elements href="assembly.xml#PIM-INT0094ED"/>
    <elements href="assembly.xml#PIM-INT0094EE"/>
  </swimlanes>
  <swimlanes x="2866" y="1576" name="">
    <elements href="assembly.xml#Process-XSLT-Files"/>
    <elements href="assembly.xml#Route0"/>
    <elements href="#//@swimlanes.21"/>
    <elements href="#//@swimlanes.26"/>
    <elements href="#//@swimlanes.29"/>
    <elements href="#//@swimlanes.30"/>
    <elements href="assembly.xml#SecondaryEmail"/>
    <elements href="assembly.xml#ReportData"/>
    <elements href="#//@swimlanes.31"/>
    <elements href="#//@swimlanes.32"/>
    <elements href="assembly.xml#CombineData"/>
    <elements href="assembly.xml#Aggregator1"/>
    <elements href="#//@swimlanes.33"/>
    <elements href="#//@swimlanes.35"/>
    <elements href="#//@swimlanes.36"/>
    <elements href="#//@swimlanes.37"/>
    <elements href="assembly.xml#TransformData"/>
    <elements href="assembly.xml#PIM-INT0094EA"/>
    <elements href="assembly.xml#AsyncMediation1"/>
  </swimlanes>
  <swimlanes x="774" y="2122" name="INT0094C Address">
    <elements href="assembly.xml#RegStorec"/>
  </swimlanes>
  <swimlanes x="1606" y="1402" name="Swimlane" orientation="VERTICAL">
    <elements href="assembly.xml#INT0094Ea"/>
    <elements href="assembly.xml#PIM-INT0094EA-Error-Handling"/>
  </swimlanes>
  <swimlanes x="2043" y="1475" orientation="VERTICAL">
    <elements href="assembly.xml#Secondaryemail"/>
    <elements href="assembly.xml#PIM-INT0094EA-SecEmail"/>
  </swimlanes>
  <swimlanes x="2512" y="1439" name="Swimlane" orientation="VERTICAL">
    <elements href="assembly.xml#CallReportData"/>
    <elements href="assembly.xml#CallDISData"/>
  </swimlanes>
  <swimlanes x="2643" y="1470" name="Swimlane" orientation="VERTICAL">
    <elements href="assembly.xml#MergeReportData"/>
    <elements href="assembly.xml#ProcessReportData"/>
    <elements href="assembly.xml#CallCombine1"/>
    <elements href="assembly.xml#MergeDISData"/>
    <elements href="assembly.xml#ProcessDISData"/>
    <elements href="assembly.xml#CallCombine2"/>
  </swimlanes>
  <swimlanes x="3412" y="1452" name="Swimlane" orientation="VERTICAL">
    <elements href="assembly.xml#AsyncMediation2"/>
    <elements href="assembly.xml#AsyncMediation3"/>
    <elements href="#//@swimlanes.34"/>
  </swimlanes>
  <swimlanes x="3902" y="1463">
    <elements href="assembly.xml#Callprelimdata"/>
    <elements href="assembly.xml#Calllanguagedata"/>
  </swimlanes>
  <swimlanes x="4032" y="1443" name="Swimlane" orientation="VERTICAL">
    <elements href="assembly.xml#MergeLangData"/>
    <elements href="assembly.xml#AsyncMediationL"/>
    <elements href="assembly.xml#CallLanComb1"/>
    <elements href="assembly.xml#MergeprelimData"/>
    <elements href="assembly.xml#AsyncMediationP"/>
    <elements href="assembly.xml#CallLanCom2"/>
  </swimlanes>
  <swimlanes x="4286" y="1418" name="Swimlane" orientation="VERTICAL">
    <elements href="assembly.xml#CombineLang"/>
    <elements href="assembly.xml#Aggregator2"/>
  </swimlanes>
  <swimlanes x="4557" y="1344" name="Swimlane">
    <elements href="assembly.xml#AsyncMediationD"/>
  </swimlanes>
</wdnm:Diagram>
