<?xml version="1.0" encoding="UTF-8"?>
<beans
     xmlns="http://www.springframework.org/schema/beans"
     xmlns:beans="http://www.springframework.org/schema/beans"
     xmlns:atom="http://www.w3.org/2005/Atom"
     xmlns:cc="http://www.capeclear.com/assembly/10"
     xmlns:cloud="urn:com.workday/esb/cloud/10.0"
     xmlns:env="http://schemas.xmlsoap.org/soap/envelope/"
     xmlns:pi="urn:com.workday/picof"
     xmlns:wd="urn:com.workday/bsvc"
     xmlns:xsi="http://www.w3.org/2001/XMLSchema-instance">
 
	<cc:assembly id="WorkdayAssembly" version="2020.9">
        <cc:workday-in id="StartHere" routes-to="Call_Initialize">
            <cc:integration-system name="INT0094E Employee Personal Effective Dated Data to IDP Consolidated Outbound">
        <cloud:param name="Full_File?">
          <cloud:type>
            <cloud:simple-type>boolean</cloud:simple-type>
          </cloud:type>
        </cloud:param>
        <cloud:param name="Data_Date">
          <cloud:type>
            <cloud:simple-type>datetime</cloud:simple-type>
          </cloud:type>
        </cloud:param>
        <cloud:param name="INT0094EA">
          <cloud:type>
            <cloud:simple-type>boolean</cloud:simple-type>
          </cloud:type>
          <cloud:default>
            <cloud:boolean>true</cloud:boolean>
          </cloud:default>
        </cloud:param>
        <cloud:param name="INT0094EB">
          <cloud:type>
            <cloud:simple-type>boolean</cloud:simple-type>
          </cloud:type>
          <cloud:default>
            <cloud:boolean>true</cloud:boolean>
          </cloud:default>
        </cloud:param>
        <cloud:param name="INT0094EC">
          <cloud:type>
            <cloud:simple-type>boolean</cloud:simple-type>
          </cloud:type>
          <cloud:default>
            <cloud:boolean>true</cloud:boolean>
          </cloud:default>
        </cloud:param>
        <cloud:param name="INT0094ED">
          <cloud:type>
            <cloud:simple-type>boolean</cloud:simple-type>
          </cloud:type>
          <cloud:default>
            <cloud:boolean>true</cloud:boolean>
          </cloud:default>
        </cloud:param>
        <cloud:param name="INT0094EE">
          <cloud:type>
            <cloud:simple-type>boolean</cloud:simple-type>
          </cloud:type>
          <cloud:default>
            <cloud:boolean>true</cloud:boolean>
          </cloud:default>
        </cloud:param>
        <cloud:delivery-service name="INT0094-Consolidated-Delivery"/>
        <cloud:report-service name="INT0094ECon-Reports">
          <cloud:report-alias description="INT0094E Employee Personal Effective Dated Data to IDP Outbound" name="INT0094ECon-Reports">
            <cloud:report-reference description="INT0094E Employee Personal Effective Dated Data to IDP Outbound" type="WID">3fd5f36bea0b0136668c8438ef2347cb</cloud:report-reference>
          </cloud:report-alias>
          <cloud:report-alias description="RPT INT0094E worker secondary email" name="GetEmail">
            <cloud:report-reference description="RPT INT0094E worker secondary email" type="WID">99197da5cbea10040abec81a98fd0000</cloud:report-reference>
          </cloud:report-alias>
        </cloud:report-service>
        <cloud:service-reference name="INT0094E Employee Personal Effective Dated Data to IDP Outbound"/>
      </cc:integration-system>
        </cc:workday-in>
        <cc:local-out id="Call_Initialize" store-message="none" routes-response-to="CallFinalAggregate" endpoint="vm://INT0094E_Employee_Personal_Effective_Dated_Data_to_IDP_Consolidated_Outbound/Initialize"/>
        <cc:local-in id="Initialize" routes-to="Inititialize"/>
        <cc:async-mediation id="Inititialize" routes-to="GetEventDocuments" handle-downstream-errors="true">
            <cc:steps>
                <cc:eval id="Lps">
                    <cc:expression>props['lp.Full_File'] = lp.getSimpleData('Full_File?')</cc:expression>
                    <cc:expression>props['lp.int0094ea'] = lp.getSimpleData('INT0094EA')</cc:expression>
                    <cc:expression>props['lp.int0094eb'] = lp.getSimpleData('INT0094EB')</cc:expression>
                    <cc:expression>props['lp.int0094ec'] = lp.getSimpleData('INT0094EC')</cc:expression>
                    <cc:expression>props['lp.int0094ed'] = lp.getSimpleData('INT0094ED')</cc:expression>
                    <cc:expression>props['lp.int0094ee'] = lp.getSimpleData('INT0094EE')</cc:expression>
                    <cc:expression>props['lp.Data_Date'] = lp.getSimpleData('Data_Date')</cc:expression>
                    <cc:expression>props['Data_Date'] = new java.text.SimpleDateFormat(&quot;yyyy-MM-dd'T'HH:mm:ss.SSSXXX&quot;).parse(props['lp.Data_Date']) </cc:expression>
                    <cc:expression>props['Filename.Date'] = new java.text.SimpleDateFormat(&quot;yyyyMMddHHmmss&quot;).format(props['Data_Date'])</cc:expression>
                    <cc:expression>props['File.Data.Date'] = new java.text.SimpleDateFormat(&quot;yyyyMMdd&quot;).format(props['Data_Date'])</cc:expression>
                    <cc:expression>props['Report_Call'] = intsys.reportService.getExtrapath('INT0094ECon-Reports')</cc:expression>
                    <cc:expression>props['close.agg'] = false</cc:expression>
                    <cc:expression>props['File.Name.a'] = 'workday.idp.dly_worker_personal.delta.' # props['Filename.Date']  # '.pgp'</cc:expression>
                    <cc:expression>props['File.Name.b'] = 'workday.idp.dly_worker_ids.delta.' # props['Filename.Date']  # '.pgp'</cc:expression>
                    <cc:expression>props['File.Name.c'] = 'workday.idp.dly_worker_addresses.delta.' # props['Filename.Date']  # '.pgp'</cc:expression>
                    <cc:expression>props['File.Name.d'] = 'workday.idp.dly_worker_phones.delta.' # props['Filename.Date']  # '.pgp'</cc:expression>
                    <cc:expression>props['File.Name.e'] = 'workday.idp.dly_worker_contacts.delta.' # props['Filename.Date']  # '.pgp'</cc:expression>
                    <cc:expression>props['Store.DIS.Output'] = props['lp.Full_File'] == 1 ? false : true</cc:expression>
                </cc:eval>
                <cc:log id="Log">
                    <cc:log-message>
                        <cc:text>INT0094EA = @{props['lp.int0094ea']}&#xD;
INT0094EB = @{props['lp.int0094eb']}</cc:text>
                    </cc:log-message>
                </cc:log>
            </cc:steps>
            <cc:send-error id="SendError" routes-to="PutIntegrationMessage0"/>
        </cc:async-mediation>
        <cc:local-out id="GetEventDocuments" routes-response-to="DocIterator" endpoint="vm://wcc/GetEventDocuments"><cc:set name="ie.event.wid" value="lp.isSet() ? lp.getIntegrationEventWID() : null"/></cc:local-out>
        <cc:route id="DocIterator">
            <cc:doc-iterator labels="Data - Partial"/>
            <cc:sub-route name="SubRoute" routes-to="FileNames"/>
        </cc:route>
        <cc:local-out id="CallAggregate" store-message="none" endpoint="vm://INT0094E_Employee_Personal_Effective_Dated_Data_to_IDP_Consolidated_Outbound/Aggregate">
            <cc:set name="collate" value="true"/>
            <cc:set name="batch" value="false"/>
        </cc:local-out>
        <cc:async-mediation id="CopyToMessage" routes-to="CallAggregate">
            <cc:steps>
                <cc:copy id="Copy" input="variable" input-variable="wd.retrieve.variable"/>
            </cc:steps>
            <cc:send-error id="SendError" routes-to="PutIntegrationMessage030"/>
        </cc:async-mediation>
        <cc:async-mediation id="FileNames" routes-to="CopyToMessage" execute-steps-when="props['merged.file.name']==null">
            <cc:steps>
                <cc:eval id="Eval">
                    <cc:expression>props['temp.file.name'] = vars['wd.retrieve.variable'].fileName</cc:expression>
                    <cc:expression>props['temp.file.name'] = (props['temp.file.name'].lastIndexOf('-') ==-1) ? props['temp.file.name'] : props['temp.file.name'].substring(0,props['temp.file.name'].lastIndexOf('-')) </cc:expression>
                    <cc:expression>props['merged.file.name'] =  'Merged_' # props['temp.file.name'] # '.xml'</cc:expression>
                </cc:eval>
            </cc:steps>
            <cc:send-error id="SendError" routes-to="PutIntegrationMessage03"/>
        </cc:async-mediation>
        <cc:async-mediation id="SaveFile" handle-downstream-errors="true">
            <cc:steps>
                <cc:log id="Log">
                    <cc:log-message>
                        <cc:line-separator/>
                        <cc:text>Aggregate DIS</cc:text>
                        <cc:line-separator/>
                    </cc:log-message>
                </cc:log>
                <cc:eval id="Eval">
                    <cc:expression>props['lp.Full_File'] = props['merged.file.name']  == null ? 1 : props['lp.Full_File']</cc:expression>
                </cc:eval>
                <cc:store execute-when="props['Store.DIS.Output']" id="Store" output="variable" output-variable="stored.file" input="message" expiresIn="P180D" title="@{props['merged.file.name']}"/>
            </cc:steps>
            <cc:send-error id="SendError" routes-to="PutIntegrationMessage00"/>
        </cc:async-mediation>
        <cc:aggregator id="Aggregator0" routes-to="SaveFile" collate-when="props['collate']" force-batch-on-last-message="false" force-batch-when="props['batch']">
            <cc:size-batch-strategy/>
            <cc:xml-message-content-collater xpath="*/*">
        <cc:header-text>&lt;root></cc:header-text>
        <cc:footer-text>&lt;/root></cc:footer-text>
      </cc:xml-message-content-collater>
        </cc:aggregator>
        <cc:local-in id="Aggregate" routes-to="Aggregator0">
            <cc:parameter name="collate" type="boolean"/>
            <cc:parameter name="batch" type="boolean"/>
        </cc:local-in>
        <cc:send-error id="global-error-handler" rethrow-error="false" routes-to="Note-Error"/>
        <cc:local-out id="Note-Error" endpoint="vm://wcc/PutIntegrationMessage">
            <cc:set name="is.message.severity" value="'CRITICAL'"/>
            <cc:set name="is.message.summary" value="context.errorMessage"/>
        </cc:local-out>
        <cc:local-out id="CallFinalAggregate" store-message="none" routes-response-to="CallFullFile" endpoint="vm://INT0094E_Employee_Personal_Effective_Dated_Data_to_IDP_Consolidated_Outbound/Aggregate">
            <cc:set name="collate" value="false"/>
            <cc:set name="batch" value="true"/>
        </cc:local-out>
        <cc:local-out id="PutIntegrationMessage0" endpoint="vm://wcc/PutIntegrationMessage">
            <cc:set name="is.message.severity" value="'CRITICAL'"/>
            <cc:set name="is.message.summary" value="'Initialize Error reading files : ' # context.errorMessage"/>
        </cc:local-out>
        <cc:local-out id="PutIntegrationMessage00" endpoint="vm://wcc/PutIntegrationMessage">
            <cc:set name="is.message.severity" value="'CRITICAL'"/>
            <cc:set name="is.message.summary" value="'SaveFile Error Saving file : ' # context.errorMessage"/>
        </cc:local-out>
        <cc:local-in id="FullFile" routes-to="FullFileMediation"/>
        <cc:async-mediation id="FullFileMediation" routes-to="ProcessXSLT">
            <cc:steps>
                <cc:log id="Log">
                    <cc:log-message>
                        <cc:line-separator/>
                        <cc:text>FULL FILE MODE sort</cc:text>
                        <cc:line-separator/>
                    </cc:log-message>
                </cc:log>
                <cc:xslt-plus id="Sort" url="Sort_File_TDF.xsl"/>
            </cc:steps>
            <cc:send-error id="SendError" routes-to="PutIntegrationMessage4"/>
        </cc:async-mediation>
        <cc:local-out id="CallFullFile" store-message="none" execute-when="props['lp.Full_File'] == 1" routes-response-to="CallRegularMode" endpoint="vm://INT0094E_Employee_Personal_Effective_Dated_Data_to_IDP_Consolidated_Outbound/FullFile"/>
        <cc:local-in id="RegularMode" routes-to="RegularMediation"/>
        <cc:async-mediation id="RegularMediation" routes-to="Route" handle-downstream-errors="true">
            <cc:steps>
                <cc:xslt-plus id="Sort" url="Sort_File_TDF.xsl"/>
                <cc:log id="Log">
                    <cc:log-message>
                        <cc:line-separator/>
                        <cc:text>Past SORT</cc:text>
                        <cc:line-separator/>
                    </cc:log-message>
                </cc:log>
            </cc:steps>
            <cc:send-error id="SendError" routes-to="PutIntegrationMessage01"/>
        </cc:async-mediation>
        <cc:splitter id="Splitter" no-split-message-error="false">
            <cc:sub-route name="SubRoute" routes-to="RptPrep"/>
            <cc:xml-stream-splitter xpath="Employees/Employee"/>
        </cc:splitter>
        <cc:async-mediation id="RptPrep" routes-to="WorkdayOutRest" handle-downstream-errors="true">
            <cc:steps>
                <cc:eval id="Eval">
                    <cc:expression>props['Worker_WID'] = ''; props['Worker_WID'] = parts[0].xpath(&quot;/Employee/Worker_WID&quot;)</cc:expression>
                    <cc:expression>props['Worker_Effective_Date1D'] = ''; props['Worker_Effective_Date1D'] = parts[0].xpath(&quot;/Employee/Effective_Date1D&quot;)</cc:expression>
                    <cc:expression>props['Worker_Effective_Date10Y'] = ''; props['Worker_Effective_Date10Y'] = parts[0].xpath(&quot;/Employee/Effective_Date10Y&quot;)</cc:expression>
                    <cc:expression>props['Report_Call2'] = props['Report_Call'] + '?Worker!WID=' + props['Worker_WID'] + '&amp;Effective_Date_From=' + props['Worker_Effective_Date1D'] + '&amp;Effective_Date_Thru=' + props['Worker_Effective_Date10Y'] + '&amp;Use_Current_Moment=1' </cc:expression>
                </cc:eval>
            </cc:steps>
            <cc:send-error id="SendError" routes-to="PutIntegrationMessage"/>
        </cc:async-mediation>
        <cc:workday-out-rest id="WorkdayOutRest" routes-response-to="Aggregator" extra-path="@{props['Report_Call2']}"/>
        <cc:aggregator id="Aggregator" routes-to="AsyncMediation" force-batch-on-last-message="false" force-batch-when="props['close.agg'] == true">
            <cc:size-batch-strategy batch-size="-1"/>
            <cc:xml-message-content-collater xpath="/wd:Report_Data/*">
        <cc:header-text>&lt;wd:Report_Data xmlns:wd=&quot;urn:com.workday/bsvc&quot;></cc:header-text>
        <cc:footer-text>&lt;/wd:Report_Data></cc:footer-text>
      </cc:xml-message-content-collater>
        </cc:aggregator>
        <cc:async-mediation id="RegStorec" routes-to="PIM-INT0094EC" execute-steps-when="props['lp.int0094ec'] == 1">
            <cc:steps>
                <cc:log id="Log">
                    <cc:log-message>
                        <cc:line-separator/>
                        <cc:text>int0094ec Start Reg Store</cc:text>
                        <cc:line-separator/>
                    </cc:log-message>
                </cc:log>
                <cc:xslt-plus id="File" url="INT0094EC_Address_All_Transform.xsl"/>
                <cc:store id="Store" output="variable" output-variable="Output.File.c" expiresIn="P180D" title="@{props['File.Name.c']}"/>
            </cc:steps>
            <cc:send-error id="SendError" routes-to="PIM-INT0094EC-Error-Handling"/>
        </cc:async-mediation>
        <cc:local-out id="CallRegularMode" store-message="none" execute-when="props['lp.Full_File'] != 1" routes-response-to="CallAggBatch" endpoint="vm://INT0094E_Employee_Personal_Effective_Dated_Data_to_IDP_Consolidated_Outbound/RegularMode"/>
        <cc:local-out id="CallAggBatch" store-message="none" execute-when="props['lp.Full_File'] != 1" endpoint="vm://INT0094E_Employee_Personal_Effective_Dated_Data_to_IDP_Consolidated_Outbound/AggBatch"/>
        <cc:local-in id="AggBatch" routes-to="CloseAgg"/>
        <cc:async-mediation id="RptPrmpts" routes-to="Splitter" handle-downstream-errors="true">
            <cc:steps>
                <cc:xslt-plus id="Rpt_Prompts" url="Rpt_Prompts.xsl"/>
                <cc:log id="Log">
                    <cc:log-message>
                        <cc:line-separator/>
                        <cc:text>Rpt Prompts</cc:text>
                        <cc:line-separator/>
                    </cc:log-message>
                </cc:log>
                <cc:xslt-plus id="Rpt_Combine" url="Rpt_Combine.xsl"/>
                <cc:log id="Log0">
                    <cc:log-message>
                        <cc:line-separator/>
                        <cc:text>Rpt Combine</cc:text>
                        <cc:line-separator/>
                    </cc:log-message>
                </cc:log>
            </cc:steps>
            <cc:send-error id="SendError" routes-to="PutIntegrationMessage02"/>
        </cc:async-mediation>
        <cc:async-mediation id="CloseAgg" routes-to="Aggregator">
            <cc:steps>
                <cc:eval id="Eval">
                    <cc:expression>props['close.agg'] = true</cc:expression>
                </cc:eval>
            </cc:steps>
            <cc:send-error id="SendError" routes-to="PutIntegrationMessage2"/>
        </cc:async-mediation>
        <cc:local-out id="PutIntegrationMessage01" endpoint="vm://wcc/PutIntegrationMessage">
            <cc:set name="is.message.severity" value="'CRITICAL'"/>
            <cc:set name="is.message.summary" value="'RegularMediation Error : ' # context.errorMessage"/>
        </cc:local-out>
        <cc:local-out id="PutIntegrationMessage02" endpoint="vm://wcc/PutIntegrationMessage">
            <cc:set name="is.message.severity" value="'CRITICAL'"/>
            <cc:set name="is.message.summary" value="'RptPrmpts Error : ' # context.errorMessage"/>
        </cc:local-out>
        <cc:local-out id="PutIntegrationMessage" endpoint="vm://wcc/PutIntegrationMessage"><cc:set name="is.message.severity" value="'ERROR'"/><cc:set name="is.message.summary" value="'Worker in error' #props['Worker_WID'] 'RptPrep Error : ' # context.errorMessage"/></cc:local-out>
        <cc:local-out id="PIM-INT0094EC-Error-Handling" endpoint="vm://wcc/PutIntegrationMessage"><cc:set name="is.message.severity" value="'ERROR'"/><cc:set name="is.message.summary" value="'Worker' # props['Worker_WID']'RegStore Error :' # context.errorMessage"/></cc:local-out>
        <cc:local-out id="PutIntegrationMessage2" endpoint="vm://wcc/PutIntegrationMessage"><cc:set name="is.message.severity" value="'CRITICAL'"/><cc:set name="is.message.summary" value="'CloseAgg  Error : ' # context.errorMessage"/></cc:local-out>
        <cc:local-out id="PutIntegrationMessage03" endpoint="vm://wcc/PutIntegrationMessage">
            <cc:set name="is.message.severity" value="'CRITICAL'"/>
            <cc:set name="is.message.summary" value="'Errror in FileNames : ' # context.errorMessage"/>
        </cc:local-out>
        <cc:local-out id="PutIntegrationMessage030" endpoint="vm://wcc/PutIntegrationMessage">
            <cc:set name="is.message.severity" value="'CRITICAL'"/>
            <cc:set name="is.message.summary" value="'Errror in CopytoMessage : ' # context.errorMessage"/>
        </cc:local-out>
        <cc:local-out id="PIM-INT0094EC" execute-when="props['lp.int0094ec'] == 1" endpoint="vm://wcc/PutIntegrationMessage"><cc:set name="is.message.severity" value="'INFO'"/><cc:set name="is.message.summary" value="'IDP Employee Personal Data Worker Addresses File Posted' # props['File.Name.c']"/><cc:set name="is.document.variable.name" value="'Output.File.c'"/><cc:set name="is.document.file.name" value="props['File.Name.c']"/><cc:set name="is.document.labels" value="'INT0094EC_Output_File'"/><cc:set name="is.document.deliverable" value="'true'"/></cc:local-out>
        <cc:local-out id="PutIntegrationMessage30" endpoint="vm://wcc/PutIntegrationMessage">
            <cc:set name="is.message.severity" value="'INFO'"/>
            <cc:set name="is.message.summary" value="'IDP Employee Organizations File Posted' # props['File.Name']"/>
            <cc:set name="is.document.variable.name" value="'Output.File'"/>
            <cc:set name="is.document.file.name" value="props['File.Name']"/>
            <cc:set name="is.document.labels" value="'INT0094EB_Output_File'"/>
            <cc:set name="is.document.deliverable" value="'true'"/>
        </cc:local-out>
        <cc:route id="Route">
            <cc:all-strategy/>
            <cc:sub-route name="SubRoute" routes-to="Aggregator"/>
            <cc:sub-route name="Alternate" routes-to="RptPrmpts"/>
        </cc:route>
        <cc:local-out id="PutIntegrationMessage4" endpoint="vm://wcc/PutIntegrationMessage"><cc:set name="is.message.severity" value="'CRITICAL'"/><cc:set name="is.message.summary" value="'FullFileMediation Error : ' # context.errorMessage"/></cc:local-out>
        <cc:route id="Route0">
            <cc:all-strategy/>
            <cc:sub-route name="INT0094EA" routes-to="INT0094Ea"/>
            <cc:sub-route name="INT0094EB" routes-to="Regstoreb"/>
            <cc:sub-route name="INT0094EC" routes-to="RegStorec"/>
            <cc:sub-route name="INT0094ED" routes-to="Regstored"/>
            <cc:sub-route name="INT0094EE" routes-to="Regstoree"/>
        </cc:route>
        <cc:async-mediation id="Regstoree" routes-to="PIM-INT0094EE" execute-steps-when="props['lp.int0094ee'] == 1">
            <cc:steps>
                <cc:log id="Log">
                    <cc:log-message>
                        <cc:line-separator/>
                        <cc:text>int0094ee Start Reg Store</cc:text>
                        <cc:line-separator/>
                    </cc:log-message>
                </cc:log>
                <cc:xslt-plus id="XsltPlus" url="INT0094EE_EContacts_All_Transform.xsl"/>
                <cc:store id="Store" output="variable" output-variable="Output.File.e" expiresIn="P180D" title="@{props['File.Name.e']}"/>
            </cc:steps>
            <cc:send-error id="SendError" routes-to="PIM-INT0094EE-Error-Handling"/>
        </cc:async-mediation>
        <cc:async-mediation id="AsyncMediation" routes-to="Process-XSLTs">
            <cc:steps>
                <cc:xslt-plus id="Sort" url="Sort_File_WD.xsl"/>
            </cc:steps>
        </cc:async-mediation>
        <cc:local-out id="PIM-INT0094EE-Error-Handling" endpoint="vm://wcc/PutIntegrationMessage"><cc:set name="is.message.severity" value="'CRITICAL'"/><cc:set name="is.message.summary" value="'RegStore Error : ' # context.errorMessage"/></cc:local-out>
        <cc:async-mediation id="Regstorea" execute-steps-when="props['lp.int0094ea'] == 1">
            <cc:steps>
                <cc:log id="Log">
                    <cc:log-message>
                        <cc:line-separator/>
                        <cc:text>int0094ea Start Reg Store</cc:text>
                        <cc:line-separator/>
                    </cc:log-message>
                </cc:log>
            </cc:steps>
        </cc:async-mediation>
        <cc:async-mediation id="Regstoreb" routes-to="PIM-INT0094EB" execute-steps-when="props['lp.int0094eb'] == 1">
            <cc:steps>
                <cc:log id="Log">
                    <cc:log-message>
                        <cc:line-separator/>
                        <cc:text>int0094eb Start Reg Store</cc:text>
                        <cc:line-separator/>
                    </cc:log-message>
                </cc:log>
                <cc:xslt-plus id="XsltPlus" url="INT0094EB_IDs_All_Transform.xsl"/>
                <cc:store id="Store" output="variable" output-variable="Output.File.b" expiresIn="P180D" title="@{props['File.Name.b']}"/>
            </cc:steps>
            <cc:send-error id="SendError" routes-to="PIM-INT0094EB-Error-Handling"/>
        </cc:async-mediation>
        <cc:async-mediation id="Regstored" routes-to="PIM-INT0094ED" execute-steps-when="props['lp.int0094ed'] == 1">
            <cc:steps>
                <cc:log id="Log">
                    <cc:log-message>
                        <cc:line-separator/>
                        <cc:text>int0094ed Start Reg Store</cc:text>
                        <cc:line-separator/>
                    </cc:log-message>
                </cc:log>
                <cc:xslt-plus id="XsltPlus" url="INT0094ED_Phone_All_Transform.xsl"/>
                <cc:store id="Store" output="variable" output-variable="Output.File.d" expiresIn="P180D" title="@{props['File.Name.d']}"/>
            </cc:steps>
            <cc:send-error id="SendError" routes-to="PIM-INT0094ED-Error-Handling"/>
        </cc:async-mediation>
        <cc:local-out id="PIM-INT0094ED-Error-Handling" endpoint="vm://wcc/PutIntegrationMessage"><cc:set name="is.message.severity" value="'CRITICAL'"/><cc:set name="is.message.summary" value="'RegStore Error : ' # context.errorMessage"/></cc:local-out>
        <cc:local-out id="PIM-INT0094EA-Error-Handling" endpoint="vm://wcc/PutIntegrationMessage"><cc:set name="is.message.severity" value="'CRITICAL'"/><cc:set name="is.message.summary" value="'RegStore Error : ' # context.errorMessage"/></cc:local-out>
        <cc:local-out id="PIM-INT0094EB-Error-Handling" endpoint="vm://wcc/PutIntegrationMessage"><cc:set name="is.message.severity" value="'CRITICAL'"/><cc:set name="is.message.summary" value="'RegStore Error : ' # context.errorMessage"/></cc:local-out>
        <cc:local-out id="PIM-INT0094EA" execute-when="props['lp.int0094ea'] == 1" endpoint="vm://wcc/PutIntegrationMessage"><cc:set name="is.message.severity" value="'INFO'"/><cc:set name="is.message.summary" value="'IDP Employee Worker Personal Data File Posted' # props['File.Name.a']"/><cc:set name="is.document.variable.name" value="'Output.File.a'"/><cc:set name="is.document.file.name" value="props['File.Name.a']"/><cc:set name="is.document.labels" value="'INT0094EA_Output_File'"/><cc:set name="is.document.deliverable" value="'true'"/></cc:local-out>
        <cc:local-out id="PIM-INT0094EB" execute-when="props['lp.int0094eb'] == 1" endpoint="vm://wcc/PutIntegrationMessage"><cc:set name="is.message.severity" value="'INFO'"/><cc:set name="is.message.summary" value="'IDP Employee Personal Data Worker ID File Posted' # props['File.Name.b']"/><cc:set name="is.document.variable.name" value="'Output.File.b'"/><cc:set name="is.document.file.name" value="props['File.Name.b']"/><cc:set name="is.document.labels" value="'INT0094EB_Output_File'"/><cc:set name="is.document.deliverable" value="'true'"/></cc:local-out>
        <cc:local-out id="PIM-INT0094EE" execute-when="props['lp.int0094ee'] == 1" endpoint="vm://wcc/PutIntegrationMessage"><cc:set name="is.message.severity" value="'INFO'"/><cc:set name="is.message.summary" value="'IDP Employee Personal Data Worker Contacts File Posted' # props['File.Name.e']"/><cc:set name="is.document.variable.name" value="'Output.File.e'"/><cc:set name="is.document.file.name" value="props['File.Name.e']"/><cc:set name="is.document.labels" value="'INT0094EE_Output_File'"/><cc:set name="is.document.deliverable" value="'true'"/></cc:local-out>
        <cc:local-out id="PIM-INT0094ED" execute-when="props['lp.int0094ed'] == 1" endpoint="vm://wcc/PutIntegrationMessage"><cc:set name="is.message.severity" value="'INFO'"/><cc:set name="is.message.summary" value="'IDP Employee Personal Data Worker Phones File Posted' # props['File.Name.d']"/><cc:set name="is.document.variable.name" value="'Output.File.d'"/><cc:set name="is.document.file.name" value="props['File.Name.d']"/><cc:set name="is.document.labels" value="'INT0094ED_Output_File'"/><cc:set name="is.document.deliverable" value="'true'"/></cc:local-out>
        <cc:local-in id="Process-XSLT-Files" routes-to="Route0"/>
        <cc:local-out id="Process-XSLTs" store-message="none" endpoint="vm://INT0094E_Employee_Personal_Effective_Dated_Data_to_IDP_Consolidated_Outbound/Process-XSLT-Files"/>
        <cc:local-out id="ProcessXSLT" store-message="none" endpoint="vm://INT0094E_Employee_Personal_Effective_Dated_Data_to_IDP_Consolidated_Outbound/Process-XSLT-Files"/>
        <cc:async-mediation id="XSLT_Backup">
            <cc:steps>
                <cc:xslt-plus id="XsltPlus" url="BackRpt_combine.xsl"/>
            </cc:steps>
        </cc:async-mediation>
        <cc:async-mediation id="Parking">
            <cc:steps>
                <cc:xslt-plus id="XsltPlus" url="INT0094EA_Pers_All_Transform.xsl"/></cc:steps>
        </cc:async-mediation>
        <cc:async-mediation id="INT0094Ea" routes-to="Secondaryemail" execute-steps-when="props['lp.int0094ea'] == 1" handle-downstream-errors="true">
            <cc:steps>
                <cc:log id="Log">
                    <cc:log-message>
                        <cc:text>&#xD;
&#xD;
***************XML****************</cc:text>
                    </cc:log-message>
                </cc:log>
                <cc:xslt-plus id="XsltPlus" url="PersonalData_Pre.xsl"/>
                <cc:csv-to-xml id="CsvToXml" format="rfc4180" separator="¶"/>
                <cc:copy id="Copy" output="variable" output-variable="DIS.data" input="message"/>
            </cc:steps>
            <cc:send-error id="SendError" routes-to="PIM-INT0094EA-Error-Handling"/>
        </cc:async-mediation>
        <cc:async-mediation id="Secondaryemail" routes-to="SecondaryEmail" handle-downstream-errors="true">
            <cc:steps>
                <cc:log id="Log">
                    <cc:log-message>
                        <cc:text>&#xD;
&#xD;
*****************DIS Data CSV to XML***************&#xD;
</cc:text>
                    </cc:log-message>
                </cc:log>
            </cc:steps>
            <cc:send-error id="SendError" routes-to="PIM-INT0094EA-SecEmail"/>
        </cc:async-mediation>
        <cc:workday-out-rest id="SecondaryEmail" routes-response-to="ReportData" extra-path="@{intsys.reportService.getExtrapath('GetEmail')}"/>
        <cc:async-mediation id="ReportData" routes-to="CallReportData">
            <cc:steps>
                <cc:log id="Log0">
                    <cc:log-message>
                        <cc:text>&#xD;
&#xD;
******************ReportData***********</cc:text>
                    </cc:log-message>
                </cc:log>
                <cc:copy id="Copy" output="variable" output-variable="Report.data" input="message"/>
            </cc:steps>
        </cc:async-mediation>
        <cc:async-mediation id="AsyncMediation1">
            <cc:steps>
                <cc:xslt-plus id="XsltPlus0" url="RemoveRoot.xsl"/>
                <cc:xslt-plus id="XsltPlus" url="AllPersonalv1.xsl"/>
                <cc:xslt-plus id="XsltPlus1" url="MergePersonalXML.xsl"/></cc:steps>
        </cc:async-mediation>
        <cc:aggregator id="Aggregator1" routes-to="AsyncMediation2" collate-when="props['collate']" force-batch-on-last-message="false" force-batch-when="props['batch']">
            <cc:size-batch-strategy batch-size="-1"/>
            <cc:xml-message-content-collater>
        <cc:header-text>&lt;AggregatedData></cc:header-text>
        <cc:footer-text>&lt;/AggregatedData></cc:footer-text>
      </cc:xml-message-content-collater>
        </cc:aggregator>
        <cc:async-mediation id="AsyncMediation2" routes-to="AsyncMediation3">
            <cc:steps>
                <cc:log id="Log0">
                    <cc:log-message>
                        <cc:text>&#xD;
&#xD;
********MergedData************</cc:text>
                    </cc:log-message>
                </cc:log>
                <cc:xslt-plus id="XSL1" url="XSL1.xsl"/>
                <cc:log id="Log">
                    <cc:log-message>
                        <cc:text>&#xD;
**********************Log********************</cc:text>
                    </cc:log-message>
                </cc:log>
                <cc:xslt-plus id="XSL2" url="XSL2.xsl"/>
                <cc:log id="Log1">
                    <cc:log-message>
                        <cc:text>&#xD;
&#xD;
********************Log1*****************</cc:text>
                    </cc:log-message>
                </cc:log>
                <cc:xslt-plus id="XSL3" url="XSL3.xsl"/>
                <cc:log id="Log2">
                    <cc:log-message>
                        <cc:text>&#xD;
*******************Log2********************</cc:text>
                    </cc:log-message>
                </cc:log>
                <cc:copy id="Copy" output="variable" output-variable="prelim.dat"/>
            </cc:steps>
        </cc:async-mediation>
        <cc:local-out id="PIM-INT0094EA-SecEmail" endpoint="vm://wcc/PutIntegrationMessage"><cc:set name="is.message.severity" value="'CRITICAL'"/><cc:set name="is.message.summary" value="'Error fetching Secondary Email : ' # context.errorMessage"/></cc:local-out>
        <cc:local-in id="MergeReportData" routes-to="ProcessReportData"/>
        <cc:local-out id="CallReportData" store-message="none" routes-response-to="CallDISData" endpoint="vm://INT0094E_Employee_Personal_Effective_Dated_Data_to_IDP_Consolidated_Outbound/MergeReportData"><cc:set name="collate" value="true"/><cc:set name="batch" value="false"/></cc:local-out>
        <cc:async-mediation id="ProcessReportData" routes-to="CallCombine1">
            <cc:steps>
                <cc:copy id="Copy" input="variable" input-variable="Report.data"/>
            </cc:steps>
        </cc:async-mediation>
        <cc:local-in id="CombineData" routes-to="Aggregator1"/>
        <cc:local-out id="CallCombine1" store-message="none" endpoint="vm://INT0094E_Employee_Personal_Effective_Dated_Data_to_IDP_Consolidated_Outbound/CombineData"/>
        <cc:local-in id="MergeDISData" routes-to="ProcessDISData"/>
        <cc:local-out id="CallDISData" store-message="none" endpoint="vm://INT0094E_Employee_Personal_Effective_Dated_Data_to_IDP_Consolidated_Outbound/MergeDISData"><cc:set name="collate" value="true"/><cc:set name="batch" value="true"/></cc:local-out>
        <cc:local-out id="CallCombine2" store-message="none" endpoint="vm://INT0094E_Employee_Personal_Effective_Dated_Data_to_IDP_Consolidated_Outbound/CombineData"/>
        <cc:async-mediation id="ProcessDISData" routes-to="CallCombine2">
            <cc:steps>
                <cc:copy id="Copy" output="message" input="variable" input-variable="DIS.data"/>
            </cc:steps>
        </cc:async-mediation>
        <cc:async-mediation id="TransformData" routes-to="PIM-INT0094EA">
            <cc:steps>
                <cc:xslt-plus id="XSLFIN" url="PersonalDataFin.xsl"/>
                <cc:store id="Store" output="variable" output-variable="Output.File.a" expiresIn="P180D" title="@{props['File.Name.a']}"/></cc:steps>
        </cc:async-mediation>
        <cc:async-mediation id="AsyncMediation3" routes-to="Callprelimdata">
            <cc:steps>
                <cc:copy id="Copy" input="variable" input-variable="prelim.dat"/>
                <cc:xslt-plus id="XsltPlus" url="LanguageKeyData.xsl"/>
                <cc:copy id="CopyLang" output="variable" output-variable="language.dat"/>
            </cc:steps>
        </cc:async-mediation>
        <cc:local-out id="Callprelimdata" store-message="none" routes-response-to="Calllanguagedata" endpoint="vm://INT0094E_Employee_Personal_Effective_Dated_Data_to_IDP_Consolidated_Outbound/MergeLangData"><cc:set name="collatez" value="true"/><cc:set name="batchz" value="false"/></cc:local-out>
        <cc:local-out id="Calllanguagedata" store-message="none" endpoint="vm://INT0094E_Employee_Personal_Effective_Dated_Data_to_IDP_Consolidated_Outbound/MergeprelimData"><cc:set name="collatez" value="true"/><cc:set name="batchz" value="true"/></cc:local-out>
        <cc:local-in id="MergeLangData" routes-to="AsyncMediationL"/>
        <cc:async-mediation id="AsyncMediationL" routes-to="CallLanComb1">
            <cc:steps>
                <cc:copy id="Copy" input="variable" input-variable="language.dat"/>
            </cc:steps>
        </cc:async-mediation>
        <cc:local-out id="CallLanComb1" store-message="none" endpoint="vm://INT0094E_Employee_Personal_Effective_Dated_Data_to_IDP_Consolidated_Outbound/CombineLang"/>
        <cc:local-in id="MergeprelimData" routes-to="AsyncMediationP"/>
        <cc:async-mediation id="AsyncMediationP" routes-to="CallLanCom2">
            <cc:steps>
                <cc:copy id="Copy" input="variable" input-variable="prelim.dat"/>
            </cc:steps>
        </cc:async-mediation>
        <cc:local-out id="CallLanCom2" store-message="none" endpoint="vm://INT0094E_Employee_Personal_Effective_Dated_Data_to_IDP_Consolidated_Outbound/CombineLang"/>
        <cc:local-in id="CombineLang" routes-to="Aggregator2"/>
        <cc:aggregator id="Aggregator2" routes-to="AsyncMediationD" collate-when="props['collatez']" force-batch-on-last-message="false" force-batch-when="props['batchz']">
            <cc:size-batch-strategy batch-size="-1"/>
            <cc:xml-message-content-collater>
        <cc:header-text>&lt;AggregatedData></cc:header-text>
        <cc:footer-text>&lt;/AggregatedData></cc:footer-text>
      </cc:xml-message-content-collater>
        </cc:aggregator>
        <cc:async-mediation id="AsyncMediationD" routes-to="TransformData">
            <cc:steps>
                <cc:log id="Log">
                    <cc:log-message>
                        <cc:text>&#xD;
&#xD;
&#xD;
********************************PostLanguageMerge********</cc:text>
                    </cc:log-message>
                </cc:log>
                <cc:xslt-plus id="Lang1" url="lang1.xsl"/>
                <cc:xslt-plus id="rcol45" url="removecol45.xsl"/>
                <cc:xslt-plus id="addcol45" url="addCol45.xsl"/>
            </cc:steps>
        </cc:async-mediation>
	</cc:assembly>

</beans>