<?xml version="1.0" encoding="ISO-8859-1"?>
<?xml-stylesheet type="text/xsl" href="style.xsl"?>
<catalog title= "Catalog">
    catalog
    <cd price = "10">
        <title> 
            title text 
            <child>child</child>
        </title>
        <artist>Bob Dylan</artist>
        <country>USA</country>
        <company>Columbia</company>
        <year>1985</year>
    </cd>
    <cd price = "11">
        <title>
            second title text
            <child>second child </child>
        </title>
        <artist>Bob Dylan2</artist>
        <country>USA2</country>
        <company>Columbia2</company>
    </cd>
</catalog>