<?xml version="1.0" encoding="UTF-8"?>
<wdnm:Diagram xmlns:wdnm="http://workday.com/studio/editors/notation">
  <element href="assembly.xml#WorkdayAssembly"/>
  <visualProperties>
    <element href="assembly.xml#VertexTaxCalcIN"/>
  </visualProperties>
  <visualProperties>
    <element href="assembly.xml#AM-CreateVertexRequest"/>
  </visualProperties>
  <visualProperties>
    <element href="assembly.xml#AM-LogRequest"/>
  </visualProperties>
  <visualProperties>
    <element href="assembly.xml#CallVertexWS"/>
  </visualProperties>
  <visualProperties>
    <element href="assembly.xml#AM-LogResponse"/>
  </visualProperties>
  <visualProperties>
    <element href="assembly.xml#PIM-VertexSoapError"/>
  </visualProperties>
  <visualProperties x="1153" y="221">
    <element href="assembly.xml#AM-CopyResponse"/>
  </visualProperties>
  <visualProperties x="451" y="356">
    <element href="assembly.xml#AsyncMediation"/>
  </visualProperties>
  <decorations x="30" y="43" width="258" height="60" text="Sub assembly to handle tax request calls to Vertex."/>
  <connections type="routesTo" sourceAnchorX="0.8472222222222222" sourceAnchorY="1.0" targetAnchorX="0.1111111111111111" targetAnchorY="0.184">
    <source href="assembly.xml#VertexTaxCalcIN"/>
    <target href="assembly.xml#AM-CreateVertexRequest"/>
  </connections>
  <connections type="routesTo" sourceAnchorX="1.0" sourceAnchorY="0.256" targetAnchorX="0.39855072463768115" targetAnchorY="0.09574468085106383">
    <source href="assembly.xml#AM-CreateVertexRequest"/>
    <target href="assembly.xml#AM-LogRequest"/>
  </connections>
  <connections type="routesTo" sourceAnchorX="1.0" sourceAnchorY="0.5333333333333333" targetAnchorX="0.2774869109947644" targetAnchorY="0.40540540540540543">
    <source href="assembly.xml#//@beans/@mixed.1/@mixed.9/@mixed.3"/>
    <target href="assembly.xml#PIM-VertexSoapError"/>
  </connections>
  <connections type="routesTo" sourceAnchorX="1.0" sourceAnchorY="0.2553191489361702" targetAnchorX="0.16153846153846155" targetAnchorY="0.5945945945945946">
    <source href="assembly.xml#AM-LogRequest"/>
    <target href="assembly.xml#CallVertexWS"/>
  </connections>
  <connections type="routesResponseTo" sourceAnchorX="0.9076923076923077" sourceAnchorY="1.0" targetAnchorX="0.38620689655172413" targetAnchorY="0.1702127659574468">
    <source href="assembly.xml#CallVertexWS"/>
    <target href="assembly.xml#AM-LogResponse"/>
  </connections>
  <connections type="routesTo" sourceAnchorX="1.0" sourceAnchorY="0.39361702127659576" targetAnchorX="0.08661417322834646" targetAnchorY="0.8260869565217391">
    <source href="assembly.xml#AM-LogResponse"/>
    <target href="assembly.xml#AM-CopyResponse"/>
  </connections>
  <connections type="routesResponseTo" sourceAnchorX="0.5384615384615384" sourceAnchorY="1.0" targetAnchorX="0.6850393700787402" targetAnchorY="0.29347826086956524">
    <source href="assembly.xml#PIM-VertexSoapError"/>
    <target href="assembly.xml#AsyncMediation"/>
  </connections>
  <swimlanes x="30" y="112" name="Call Vertex">
    <elements href="assembly.xml#VertexTaxCalcIN"/>
    <elements href="#//@swimlanes.1"/>
    <elements href="assembly.xml#AM-LogRequest"/>
    <elements href="assembly.xml#CallVertexWS"/>
    <elements href="assembly.xml#AM-LogResponse"/>
    <elements href="assembly.xml#AM-CopyResponse"/>
  </swimlanes>
  <swimlanes x="136" y="167" name="Vertex Request" orientation="VERTICAL">
    <elements href="assembly.xml#AM-CreateVertexRequest"/>
    <elements href="assembly.xml#PIM-VertexSoapError"/>
    <elements href="assembly.xml#AsyncMediation"/>
  </swimlanes>
</wdnm:Diagram>
