<?xml version="1.0" encoding="UTF-8"?>
<wdnm:Diagram xmlns:wdnm="http://workday.com/studio/editors/notation">
  <element href="assembly.xml#WorkdayAssembly"/>
  <visualProperties>
    <element href="assembly.xml#Init-In"/>
  </visualProperties>
  <visualProperties>
    <element href="assembly.xml#InitMediation"/>
  </visualProperties>
  <visualProperties>
    <element href="assembly.xml#PutIntegrationMessage0"/>
  </visualProperties>
  <visualProperties>
    <element href="assembly.xml#StartHere0"/>
  </visualProperties>
  <visualProperties>
    <element href="assembly.xml#Call-Init"/>
  </visualProperties>
  <visualProperties>
    <element href="assembly.xml#CallFileRetrieval"/>
  </visualProperties>
  <visualProperties>
    <element href="assembly.xml#Call-Process-inputfile"/>
  </visualProperties>
  <visualProperties x="360" y="400">
    <element href="assembly.xml#FileRetrieval"/>
  </visualProperties>
  <visualProperties>
    <element href="assembly.xml#HandleGetDocError"/>
  </visualProperties>
  <visualProperties>
    <element href="assembly.xml#PutIntegrationMessage"/>
  </visualProperties>
  <visualProperties>
    <element href="assembly.xml#Writefile"/>
  </visualProperties>
  <visualProperties>
    <element href="assembly.xml#Process-Input-file"/>
  </visualProperties>
  <visualProperties>
    <element href="assembly.xml#ReadInputfile"/>
  </visualProperties>
  <visualProperties>
    <element href="assembly.xml#Split-Input-file"/>
  </visualProperties>
  <visualProperties>
    <element href="assembly.xml#Input-file-to-map"/>
  </visualProperties>
  <visualProperties>
    <element href="assembly.xml#PutIntegrationMessage3"/>
  </visualProperties>
  <visualProperties>
    <element href="assembly.xml#Call-Add-Update-Location"/>
  </visualProperties>
  <visualProperties>
    <element href="assembly.xml#ProcessInactivationrecords"/>
  </visualProperties>
  <visualProperties>
    <element href="assembly.xml#Call-Inactive-Audit"/>
  </visualProperties>
  <visualProperties>
    <element href="assembly.xml#Add-UpdateLocationHierarchy"/>
  </visualProperties>
  <visualProperties>
    <element href="assembly.xml#Preparerequest"/>
  </visualProperties>
  <visualProperties>
    <element href="assembly.xml#Call-Update-Loc-Error"/>
  </visualProperties>
  <visualProperties>
    <element href="assembly.xml#ValidationOn"/>
  </visualProperties>
  <visualProperties>
    <element href="assembly.xml#AddUpdateLocationreq"/>
  </visualProperties>
  <visualProperties>
    <element href="assembly.xml#ValidationOff"/>
  </visualProperties>
  <visualProperties>
    <element href="assembly.xml#Logfromupdates"/>
  </visualProperties>
  <visualProperties>
    <element href="assembly.xml#Call-Update-Audit"/>
  </visualProperties>
  <visualProperties>
    <element href="assembly.xml#AuditLog"/>
  </visualProperties>
  <visualProperties>
    <element href="assembly.xml#Write-Log"/>
  </visualProperties>
  <visualProperties>
    <element href="assembly.xml#Aggregator"/>
  </visualProperties>
  <visualProperties>
    <element href="assembly.xml#Write_Audit_File"/>
  </visualProperties>
  <visualProperties>
    <element href="assembly.xml#PutIntegrationMessage2"/>
  </visualProperties>
  <visualProperties>
    <element href="assembly.xml#PutIntegrationMessage4"/>
  </visualProperties>
  <visualProperties>
    <element href="assembly.xml#PutIntegrationMessage5"/>
  </visualProperties>
  <visualProperties>
    <element href="assembly.xml#PutIntegrationMessage6"/>
  </visualProperties>
  <visualProperties>
    <element href="assembly.xml#ErrorHandler"/>
  </visualProperties>
  <visualProperties>
    <element href="assembly.xml#Error_log"/>
  </visualProperties>
  <visualProperties>
    <element href="assembly.xml#Call-Audit-Log"/>
  </visualProperties>
  <visualProperties x="356" y="915">
    <element href="assembly.xml#PutIntegrationMessage1"/>
  </visualProperties>
  <visualProperties x="648" y="1566">
    <element href="assembly.xml#//@beans/@mixed.1/@mixed.79"/>
  </visualProperties>
  <visualProperties x="801" y="1554">
    <element href="assembly.xml#Note-Error"/>
  </visualProperties>
  <visualProperties x="1195" y="783">
    <element href="assembly.xml#Route"/>
  </visualProperties>
  <visualProperties x="106" y="1627">
    <element href="assembly.xml#Inactivate-Loc-Hier"/>
  </visualProperties>
  <visualProperties x="1456" y="831">
    <element href="assembly.xml#Call-Inactivate-Loc-Hier"/>
  </visualProperties>
  <visualProperties x="1419" y="893">
    <element href="assembly.xml#AsyncMediation"/>
  </visualProperties>
  <visualProperties>
    <element href="assembly.xml#InactivateWWS"/>
  </visualProperties>
  <visualProperties>
    <element href="assembly.xml#CallErrorlog2"/>
  </visualProperties>
  <visualProperties>
    <element href="assembly.xml#WorkdayOutSoap0"/>
  </visualProperties>
  <visualProperties>
    <element href="assembly.xml#AsyncMediation1"/>
  </visualProperties>
  <visualProperties>
    <element href="assembly.xml#CallSuccesslogInactivate"/>
  </visualProperties>
  <visualProperties x="1137" y="429">
    <element href="assembly.xml#CallGetLocHier"/>
  </visualProperties>
  <visualProperties>
    <element href="assembly.xml#GetLH"/>
  </visualProperties>
  <visualProperties>
    <element href="assembly.xml#AsyncMediation0"/>
  </visualProperties>
  <visualProperties>
    <element href="assembly.xml#PIMLH"/>
  </visualProperties>
  <visualProperties>
    <element href="assembly.xml#PagedGet"/>
  </visualProperties>
  <visualProperties>
    <element href="assembly.xml#PageIn"/>
  </visualProperties>
  <visualProperties>
    <element href="assembly.xml#Splitter"/>
  </visualProperties>
  <visualProperties>
    <element href="assembly.xml#LH_Hashmap"/>
  </visualProperties>
  <visualProperties>
    <element href="assembly.xml#PIMHashLH"/>
  </visualProperties>
  <visualProperties x="522" y="2108">
    <element href="assembly.xml#LogfromInactivate"/>
  </visualProperties>
  <visualProperties x="533" y="1444">
    <element href="assembly.xml#CheckDataExistsinInputFile"/>
  </visualProperties>
  <visualProperties x="548" y="1567">
    <element href="assembly.xml#PIM-DataValidationErrors"/>
  </visualProperties>
  <connections type="routesTo" sourceAnchorX="0.7802197802197802" sourceAnchorY="1.0" targetAnchorX="0.049019607843137254" targetAnchorY="0.29133858267716534">
    <source href="assembly.xml#Init-In"/>
    <target href="assembly.xml#InitMediation"/>
  </connections>
  <connections type="routesTo" sourceAnchorX="0.3411371237458194" sourceAnchorY="1.0" targetAnchorX="0.4788732394366197" targetAnchorY="0.2972972972972973">
    <source href="assembly.xml#//@beans/@mixed.1/@mixed.19/@mixed.3"/>
    <target href="assembly.xml#PutIntegrationMessage0"/>
  </connections>
  <connections type="routesTo">
    <source href="assembly.xml#StartHere0"/>
    <target href="assembly.xml#Call-Init"/>
  </connections>
  <connections type="routesResponseTo">
    <source href="assembly.xml#Call-Init"/>
    <target href="assembly.xml#CallFileRetrieval"/>
  </connections>
  <connections type="routesTo">
    <source href="assembly.xml#FileRetrieval"/>
    <target href="assembly.xml#HandleGetDocError"/>
  </connections>
  <connections type="routesTo">
    <source href="assembly.xml#HandleGetDocError"/>
    <target href="assembly.xml#Writefile"/>
  </connections>
  <connections type="routesTo">
    <source href="assembly.xml#//@beans/@mixed.1/@mixed.5/@mixed.5"/>
    <target href="assembly.xml#PutIntegrationMessage"/>
  </connections>
  <connections type="routesTo">
    <source href="assembly.xml#Process-Input-file"/>
    <target href="assembly.xml#ReadInputfile"/>
  </connections>
  <connections type="routesTo">
    <source href="assembly.xml#//@beans/@mixed.1/@splitter.0/@subRoute.0"/>
    <target href="assembly.xml#Input-file-to-map"/>
  </connections>
  <connections type="routesTo">
    <source href="assembly.xml#//@beans/@mixed.1/@mixed.31/@mixed.3"/>
    <target href="assembly.xml#PutIntegrationMessage3"/>
  </connections>
  <connections type="routesTo">
    <source href="assembly.xml#ProcessInactivationrecords"/>
    <target href="assembly.xml#Call-Inactive-Audit"/>
  </connections>
  <connections type="routesTo">
    <source href="assembly.xml#Add-UpdateLocationHierarchy"/>
    <target href="assembly.xml#Preparerequest"/>
  </connections>
  <connections type="routesTo">
    <source href="assembly.xml#Preparerequest"/>
    <target href="assembly.xml#ValidationOn"/>
  </connections>
  <connections type="routesTo">
    <source href="assembly.xml#//@beans/@mixed.1/@mixed.51/@mixed.3"/>
    <target href="assembly.xml#Call-Update-Loc-Error"/>
  </connections>
  <connections type="routesTo">
    <source href="assembly.xml#ValidationOn"/>
    <target href="assembly.xml#AddUpdateLocationreq"/>
  </connections>
  <connections type="routesResponseTo">
    <source href="assembly.xml#AddUpdateLocationreq"/>
    <target href="assembly.xml#ValidationOff"/>
  </connections>
  <connections type="routesTo">
    <source href="assembly.xml#ValidationOff"/>
    <target href="assembly.xml#Logfromupdates"/>
  </connections>
  <connections type="routesTo">
    <source href="assembly.xml#Logfromupdates"/>
    <target href="assembly.xml#Call-Update-Audit"/>
  </connections>
  <connections type="routesTo">
    <source href="assembly.xml#AuditLog"/>
    <target href="assembly.xml#Write-Log"/>
  </connections>
  <connections type="routesTo">
    <source href="assembly.xml#Write-Log"/>
    <target href="assembly.xml#Aggregator"/>
  </connections>
  <connections type="routesTo">
    <source href="assembly.xml#Aggregator"/>
    <target href="assembly.xml#Write_Audit_File"/>
  </connections>
  <connections type="routesTo">
    <source href="assembly.xml#Write_Audit_File"/>
    <target href="assembly.xml#PutIntegrationMessage4"/>
  </connections>
  <connections type="routesTo">
    <source href="assembly.xml#//@beans/@mixed.1/@mixed.69/@mixed.3"/>
    <target href="assembly.xml#PutIntegrationMessage2"/>
  </connections>
  <connections type="routesResponseTo">
    <source href="assembly.xml#PutIntegrationMessage4"/>
    <target href="assembly.xml#PutIntegrationMessage5"/>
  </connections>
  <connections type="routesResponseTo">
    <source href="assembly.xml#PutIntegrationMessage5"/>
    <target href="assembly.xml#PutIntegrationMessage6"/>
  </connections>
  <connections type="routesTo">
    <source href="assembly.xml#ErrorHandler"/>
    <target href="assembly.xml#Error_log"/>
  </connections>
  <connections type="routesTo">
    <source href="assembly.xml#Error_log"/>
    <target href="assembly.xml#Call-Audit-Log"/>
  </connections>
  <connections type="routesResponseTo" sourceAnchorX="1.0" sourceAnchorY="0.8378378378378378" targetAnchorX="0.14285714285714285" targetAnchorY="0.40540540540540543">
    <source href="assembly.xml#CallFileRetrieval"/>
    <target href="assembly.xml#Call-Process-inputfile"/>
  </connections>
  <connections type="routesTo">
    <source href="assembly.xml#//@beans/@mixed.1/@mixed.35/@mixed.3"/>
    <target href="assembly.xml#PutIntegrationMessage1"/>
  </connections>
  <connections type="routesTo" sourceAnchorX="0.9669421487603306" sourceAnchorY="0.43243243243243246" targetAnchorX="0.06060606060606061" targetAnchorY="0.3783783783783784">
    <source href="assembly.xml#//@beans/@mixed.1/@mixed.79"/>
    <target href="assembly.xml#Note-Error"/>
  </connections>
  <connections type="routesTo">
    <source href="assembly.xml#//@beans/@mixed.1/@route.0/@subRoute.0"/>
    <target href="assembly.xml#Call-Add-Update-Location"/>
  </connections>
  <connections type="routesTo">
    <source href="assembly.xml#//@beans/@mixed.1/@route.0/@subRoute.1"/>
    <target href="assembly.xml#Call-Inactivate-Loc-Hier"/>
  </connections>
  <connections type="routesTo">
    <source href="assembly.xml#//@beans/@mixed.1/@route.0/@subRoute.2"/>
    <target href="assembly.xml#AsyncMediation"/>
  </connections>
  <connections type="routesTo" sourceAnchorX="1.0" sourceAnchorY="0.2708333333333333" targetAnchorX="0.39779005524861877" targetAnchorY="0.2702702702702703">
    <source href="assembly.xml#InactivateWWS"/>
    <target href="assembly.xml#WorkdayOutSoap0"/>
  </connections>
  <connections type="routesTo" sourceAnchorX="0.4206896551724138" sourceAnchorY="1.0" targetAnchorX="0.35443037974683544" targetAnchorY="0.40540540540540543">
    <source href="assembly.xml#//@beans/@mixed.1/@mixed.99/@mixed.3"/>
    <target href="assembly.xml#CallErrorlog2"/>
  </connections>
  <connections type="routesResponseTo" sourceAnchorX="0.861878453038674" sourceAnchorY="0.5405405405405406" targetAnchorX="0.5827814569536424" targetAnchorY="0.6195652173913043">
    <source href="assembly.xml#WorkdayOutSoap0"/>
    <target href="assembly.xml#AsyncMediation1"/>
  </connections>
  <connections type="routesTo">
    <source href="assembly.xml#Writefile"/>
    <target href="assembly.xml#CallGetLocHier"/>
  </connections>
  <connections type="routesTo" sourceAnchorX="1.0" sourceAnchorY="0.6216216216216216" targetAnchorX="0.2517482517482518" targetAnchorY="0.5108695652173914">
    <source href="assembly.xml#GetLH"/>
    <target href="assembly.xml#AsyncMediation0"/>
  </connections>
  <connections type="routesTo" sourceAnchorX="0.9790209790209791" sourceAnchorY="0.4895833333333333" targetAnchorX="0.13934426229508196" targetAnchorY="0.5405405405405406">
    <source href="assembly.xml#AsyncMediation0"/>
    <target href="assembly.xml#PagedGet"/>
  </connections>
  <connections type="routesTo" sourceAnchorX="0.5367647058823529" sourceAnchorY="1.0" targetAnchorX="0.5117370892018779" targetAnchorY="0.8648648648648649">
    <source href="assembly.xml#//@beans/@mixed.1/@mixed.115/@mixed.3"/>
    <target href="assembly.xml#PIMLH"/>
  </connections>
  <connections type="routesTo" sourceAnchorX="0.6764705882352942" sourceAnchorY="1.0" targetAnchorX="0.3418803418803419" targetAnchorY="0.47560975609756095">
    <source href="assembly.xml#PageIn"/>
    <target href="assembly.xml#Splitter"/>
  </connections>
  <connections type="routesTo" sourceAnchorX="0.7692307692307693" sourceAnchorY="1.0" targetAnchorX="0.1390728476821192" targetAnchorY="0.5208333333333334">
    <source href="assembly.xml#//@beans/@mixed.1/@splitter.1/@subRoute.0"/>
    <target href="assembly.xml#LH_Hashmap"/>
  </connections>
  <connections type="routesTo" sourceAnchorX="0.4927536231884058" sourceAnchorY="1.0" targetAnchorX="0.46258503401360546" targetAnchorY="0.24324324324324326">
    <source href="assembly.xml#//@beans/@mixed.1/@mixed.105/@mixed.3"/>
    <target href="assembly.xml#PIMHashLH"/>
  </connections>
  <connections type="routesTo">
    <source href="assembly.xml#Inactivate-Loc-Hier"/>
    <target href="assembly.xml#InactivateWWS"/>
  </connections>
  <connections type="routesTo">
    <source href="assembly.xml#Input-file-to-map"/>
    <target href="assembly.xml#Route"/>
  </connections>
  <connections type="routesTo">
    <source href="assembly.xml#LogfromInactivate"/>
    <target href="assembly.xml#CallSuccesslogInactivate"/>
  </connections>
  <connections type="routesTo">
    <source href="assembly.xml#AsyncMediation1"/>
    <target href="assembly.xml#LogfromInactivate"/>
  </connections>
  <connections type="routesTo" sourceAnchorX="0.478494623655914" sourceAnchorY="1.0" targetAnchorX="0.4690721649484536" targetAnchorY="0.972972972972973">
    <source href="assembly.xml#//@beans/@mixed.1/@mixed.121/@mixed.3"/>
    <target href="assembly.xml#PIM-DataValidationErrors"/>
  </connections>
  <connections type="routesTo" sourceAnchorX="1.0" sourceAnchorY="0.184" targetAnchorX="0.7927461139896373" targetAnchorY="0.2">
    <source href="assembly.xml#ReadInputfile"/>
    <target href="assembly.xml#CheckDataExistsinInputFile"/>
  </connections>
  <connections type="routesTo" sourceAnchorX="1.0" sourceAnchorY="0.176" targetAnchorX="0.6752136752136753" targetAnchorY="0.2922077922077922">
    <source href="assembly.xml#CheckDataExistsinInputFile"/>
    <target href="assembly.xml#Split-Input-file"/>
  </connections>
  <swimlanes name="Swimlane" orientation="VERTICAL">
    <elements href="assembly.xml#InitMediation"/>
    <elements href="assembly.xml#PutIntegrationMessage0"/>
  </swimlanes>
  <swimlanes x="32" y="217" bgColor="12632256" name="Init Props,Variables, Maps and Lists" alignment="MIDDLE" topBorderColor="12632256">
    <elements href="assembly.xml#Init-In"/>
    <elements href="#//@swimlanes.0"/>
  </swimlanes>
  <swimlanes x="32" y="60" bgColor="12632256" name="Process Flow">
    <elements href="assembly.xml#StartHere0"/>
    <elements href="assembly.xml#Call-Init"/>
    <elements href="assembly.xml#CallFileRetrieval"/>
    <elements href="assembly.xml#Call-Process-inputfile"/>
  </swimlanes>
  <swimlanes name="Swimlane" orientation="VERTICAL">
    <elements href="assembly.xml#HandleGetDocError"/>
    <elements href="assembly.xml#PutIntegrationMessage"/>
  </swimlanes>
  <swimlanes x="606" y="352" name="File Retrieval">
    <elements href="#//@swimlanes.3"/>
    <elements href="assembly.xml#Writefile"/>
    <elements href="assembly.xml#CallGetLocHier"/>
  </swimlanes>
  <swimlanes x="544" y="217" bgColor="12632256" name="Swimlane">
    <elements href="assembly.xml#FileRetrieval"/>
    <elements href="#//@swimlanes.4"/>
  </swimlanes>
  <swimlanes name="Compare Input with Hashmap" orientation="VERTICAL">
    <elements href="assembly.xml#Input-file-to-map"/>
    <elements href="assembly.xml#PutIntegrationMessage3"/>
  </swimlanes>
  <swimlanes name="Call Update/Add" orientation="VERTICAL">
    <elements href="assembly.xml#Call-Add-Update-Location"/>
    <elements href="assembly.xml#Call-Inactivate-Loc-Hier"/>
    <elements href="assembly.xml#AsyncMediation"/>
  </swimlanes>
  <swimlanes x="32" y="1356" bgColor="12632256" name="Process Input File">
    <elements href="assembly.xml#Process-Input-file"/>
    <elements href="#//@swimlanes.16"/>
    <elements href="#//@swimlanes.25"/>
    <elements href="assembly.xml#Split-Input-file"/>
    <elements href="#//@swimlanes.6"/>
    <elements href="#//@swimlanes.18"/>
    <elements href="#//@swimlanes.7"/>
    <elements href="assembly.xml#ProcessInactivationrecords"/>
    <elements href="assembly.xml#Call-Inactive-Audit"/>
  </swimlanes>
  <swimlanes name="Generate Request" orientation="VERTICAL">
    <elements href="assembly.xml#Preparerequest"/>
    <elements href="assembly.xml#Call-Update-Loc-Error"/>
  </swimlanes>
  <swimlanes name="Validation Mode">
    <elements href="assembly.xml#ValidationOn"/>
  </swimlanes>
  <swimlanes x="27" y="1846" bgColor="12632256" name="Update Location Hierarchies">
    <elements href="assembly.xml#Add-UpdateLocationHierarchy"/>
    <elements href="#//@swimlanes.9"/>
    <elements href="#//@swimlanes.10"/>
    <elements href="assembly.xml#AddUpdateLocationreq"/>
    <elements href="assembly.xml#ValidationOff"/>
    <elements href="assembly.xml#Logfromupdates"/>
    <elements href="assembly.xml#Call-Update-Audit"/>
  </swimlanes>
  <swimlanes name="Convert to Excel" orientation="VERTICAL">
    <elements href="assembly.xml#Write_Audit_File"/>
    <elements href="assembly.xml#PutIntegrationMessage2"/>
  </swimlanes>
  <swimlanes name="Summary" orientation="VERTICAL">
    <elements href="assembly.xml#PutIntegrationMessage4"/>
    <elements href="assembly.xml#PutIntegrationMessage5"/>
    <elements href="assembly.xml#PutIntegrationMessage6"/>
  </swimlanes>
  <swimlanes x="24" y="2667" bgColor="12632256" name="Audit_Logs">
    <elements href="assembly.xml#AuditLog"/>
    <elements href="assembly.xml#Write-Log"/>
    <elements href="assembly.xml#Aggregator"/>
    <elements href="#//@swimlanes.12"/>
    <elements href="#//@swimlanes.13"/>
  </swimlanes>
  <swimlanes x="27" y="2509" bgColor="12632256" name="Error handler">
    <elements href="assembly.xml#ErrorHandler"/>
    <elements href="assembly.xml#Error_log"/>
    <elements href="assembly.xml#Call-Audit-Log"/>
  </swimlanes>
  <swimlanes x="252" y="831" name="ReadInput File" orientation="VERTICAL">
    <elements href="assembly.xml#ReadInputfile"/>
    <elements href="assembly.xml#PutIntegrationMessage1"/>
  </swimlanes>
  <swimlanes x="60" y="2995" name="Global Error Handler">
    <elements href="assembly.xml#//@beans/@mixed.1/@mixed.79"/>
    <elements href="assembly.xml#Note-Error"/>
  </swimlanes>
  <swimlanes x="1159" y="852" name="Route">
    <elements href="assembly.xml#Route"/>
  </swimlanes>
  <swimlanes name="Swimlane" orientation="VERTICAL" alignment="MIDDLE">
    <elements href="assembly.xml#InactivateWWS"/>
    <elements href="assembly.xml#CallErrorlog2"/>
  </swimlanes>
  <swimlanes name="Swimlane">
    <elements href="assembly.xml#AsyncMediation1"/>
  </swimlanes>
  <swimlanes x="24" y="2174" font="Arial Narrow|9|3" fontColor="1" name="Inactivate Location Hierarchy" alignment="MIDDLE">
    <elements href="assembly.xml#Inactivate-Loc-Hier"/>
    <elements href="#//@swimlanes.19"/>
    <elements href="assembly.xml#WorkdayOutSoap0"/>
    <elements href="#//@swimlanes.20"/>
    <elements href="assembly.xml#LogfromInactivate"/>
    <elements href="assembly.xml#CallSuccesslogInactivate"/>
  </swimlanes>
  <swimlanes name="Swimlane" orientation="VERTICAL" alignment="MIDDLE">
    <elements href="assembly.xml#AsyncMediation0"/>
    <elements href="assembly.xml#PIMLH"/>
  </swimlanes>
  <swimlanes name="Swimlane" orientation="VERTICAL">
    <elements href="assembly.xml#LH_Hashmap"/>
    <elements href="assembly.xml#PIMHashLH"/>
  </swimlanes>
  <swimlanes x="62" y="693" font="Arial|9|3" fontColor="1" name="Get Existing LH and Load in Hashmap" alignment="MIDDLE">
    <elements href="assembly.xml#GetLH"/>
    <elements href="#//@swimlanes.22"/>
    <elements href="assembly.xml#PagedGet"/>
    <elements href="assembly.xml#PageIn"/>
    <elements href="assembly.xml#Splitter"/>
    <elements href="#//@swimlanes.23"/>
  </swimlanes>
  <swimlanes x="473" y="1488" name="CheckDataExists" orientation="VERTICAL" alignment="MIDDLE">
    <elements href="assembly.xml#CheckDataExistsinInputFile"/>
    <elements href="assembly.xml#PIM-DataValidationErrors"/>
  </swimlanes>
</wdnm:Diagram>
