<?xml version="1.0" encoding="UTF-8"?>
<beans
     xmlns="http://www.springframework.org/schema/beans"
     xmlns:beans="http://www.springframework.org/schema/beans"
     xmlns:atom="http://www.w3.org/2005/Atom"
     xmlns:cc="http://www.capeclear.com/assembly/10"
     xmlns:cloud="urn:com.workday/esb/cloud/10.0"
     xmlns:env="http://schemas.xmlsoap.org/soap/envelope/"
     xmlns:pi="urn:com.workday/picof"
     xmlns:wd="urn:com.workday/bsvc"
     xmlns:xsi="http://www.w3.org/2001/XMLSchema-instance">
 
	<cc:assembly id="WorkdayAssembly" version="2019.35">
        <cc:async-mediation id="Writefile" routes-to="CallGetLocHier">
            <cc:steps>
                <cc:eval id="Eval">
                    <cc:expression>da.size() > 0 ? da.toVar(0, 'input.file') :</cc:expression>
                </cc:eval>
            </cc:steps>
        </cc:async-mediation>
        <cc:local-out id="PutIntegrationMessage" endpoint="vm://wcc/PutIntegrationMessage">
            <cc:set name="is.message.severity" value="'ERROR'"/>
            <cc:set name="is.message.summary" value="'Input File not Retrieved'"/>
            <cc:set name="is.message.detail" value="'File Not Available in SFTP Please check SFTP for the valid file'+context.errorMessage"/>
        </cc:local-out>
        <cc:sync-mediation id="HandleGetDocError" routes-to="Writefile" handle-downstream-errors="true">
            <cc:request-steps>
            </cc:request-steps>
            <cc:response-steps>
                <cc:validate-exp id="ValidateExp">
                    <cc:expression failure-message="No file was retrieved">da.size() > 0</cc:expression>
                </cc:validate-exp>
                <cc:eval id="Eval">
                    <cc:expression>props['file.count'] = da.size()</cc:expression>
                </cc:eval>
            </cc:response-steps>
            <cc:send-error id="SendError" rethrow-error="true" routes-to="PutIntegrationMessage"/>
        </cc:sync-mediation>
        <cc:local-in id="FileRetrieval" routes-to="HandleGetDocError"/>
        <cc:local-out id="Call-Process-inputfile" store-message="none" endpoint="vm://INT0176-Location-Hierarchy-Inbound/Process-Input-file"/>
        <cc:local-out id="CallFileRetrieval" store-message="none" routes-response-to="Call-Process-inputfile" endpoint="vm://INT0176-Location-Hierarchy-Inbound/FileRetrieval"/>
        <cc:local-out id="Call-Init" store-message="none" routes-response-to="CallFileRetrieval" endpoint="vm://INT0176-Location-Hierarchy-Inbound/Init-In"/>
        <cc:workday-in id="StartHere0" routes-to="Call-Init">
            <cc:integration-system name="INT0176 Location Hierarchy Inbound">
        <cloud:param name="Validation Mode">
          <cloud:type>
            <cloud:simple-type>boolean</cloud:simple-type>
          </cloud:type>
          <cloud:default>
            <cloud:boolean>true</cloud:boolean>
          </cloud:default>
        </cloud:param>
        <cloud:param name="Current Date">
          <cloud:type>
            <cloud:simple-type>date</cloud:simple-type>
          </cloud:type>
          <cloud:default>
            <cloud:class-report-field description="Current Moment (DateTime)" type="WID">df4effe76deb4222a79001d6737cf91c</cloud:class-report-field>
          </cloud:default>
        </cloud:param>
        <cloud:attribute-map-service name="INT0176-Generic">
          <cloud:attribute name="Document Retention">
            <cloud:type>
              <cloud:simple-type>number</cloud:simple-type>
            </cloud:type>
          </cloud:attribute>
          <cloud:attribute name="WWS API Version">
            <cloud:type>
              <cloud:class-report-field description="Web Service API Version" type="WID" singular="true">643097491d2410000a9da38c99860026</cloud:class-report-field>
            </cloud:type>
          </cloud:attribute>
          <cloud:attribute name="Org Type">
            <cloud:type>
              <cloud:simple-type>text</cloud:simple-type>
            </cloud:type>
          </cloud:attribute>
          <cloud:attribute name="Visibility">
            <cloud:type>
              <cloud:simple-type>text</cloud:simple-type>
            </cloud:type>
          </cloud:attribute>
          <cloud:attribute name="Org Type Name">
            <cloud:type>
              <cloud:simple-type>text</cloud:simple-type>
            </cloud:type>
          </cloud:attribute>
          <cloud:map name="Subtype">
            <cloud:internal-type>
              <cloud:class-report-field description="Subtype" type="WID">567cdaf3ed98434988fd15d34292eda9</cloud:class-report-field>
            </cloud:internal-type>
            <cloud:external-type>
              <cloud:simple-type>text</cloud:simple-type>
            </cloud:external-type>
          </cloud:map>
        </cloud:attribute-map-service>
        <cloud:retrieval-service name="INT0176-Retrieval"/>
      </cc:integration-system>
        </cc:workday-in>
        <cc:local-out id="PutIntegrationMessage0" endpoint="vm://wcc/PutIntegrationMessage">
            <cc:set name="is.message.severity" value="'ERROR'"/>
            <cc:set name="is.message.summary" value="'Error initializing integration.'"/>
            <cc:set name="is.message.detail" value="context.errorMessage"/>
            <cc:set name="is.message.storage.enabled" value="false"/>
            <cc:set name="critical.error.occurred" value="true"/>
        </cc:local-out>
        <cc:async-mediation id="InitMediation">
            <cc:steps>
                <cc:eval id="LP"><cc:expression>props['validation.mode.lp'] = (Boolean)lp.getSimpleData('Validation Mode')</cc:expression>
                    <cc:expression>props['As.of.Datetime'] = lp.getDate('Current Date')</cc:expression>
                    <cc:expression>props['As.of.date'] = props['As.of.Datetime'].toString().substring(0, 10)</cc:expression></cc:eval>
                <cc:eval id="Props &amp; Vars"><cc:expression>props['unexpected.errors.occurred'] = false ; props['critical.error.occurred'] = false; props['force.close.agg'] = false;</cc:expression><cc:expression>props['int.sys.name'] = intsys.getName()</cc:expression>
                    <cc:expression>props['error.msg'] = empty;</cc:expression>
                    <cc:expression>props['error.final.collator'] = false; props['Error.Count.Agg'] = 0</cc:expression>
                    <cc:expression>props['success.count']=0;props['fail.count']=0;props['total.count']=0</cc:expression>
                    <cc:expression>props['call.add'] = false;props['call.update'] = false ; props['call.inactive'] = false</cc:expression></cc:eval>
                <cc:eval id="Maps&amp;Lists">
                    <cc:expression>//props['existing.locHier.id.hashmap'] = new java.util.HashMap()</cc:expression>
                    <cc:expression>props['input.loch.hashmap'] = new java.util.HashMap()</cc:expression>
                    <cc:expression>props['WIDHashMap']=new java.util.HashMap()</cc:expression></cc:eval>
                <cc:eval id="Attr">
                    <cc:expression>props['att.wws.version'] = intsys.getAttribute('WWS API Version')</cc:expression>
                    <cc:expression>//props['wsdl.version'] = intsys.getAttribute('WWS Version')</cc:expression>
                    <cc:expression>props['visibility'] = intsys.getAttribute('visibility')</cc:expression>
                    <cc:expression>props['Org.Type']= intsys.getAttribute('Org Type')</cc:expression>
                    <cc:expression>props['Org.Type.Name']= intsys.getAttribute('Org Type Name')</cc:expression>
                </cc:eval>
            </cc:steps>
            <cc:send-error id="SendError" routes-to="PutIntegrationMessage0"/>
        </cc:async-mediation>
        <cc:local-in id="Init-In" routes-to="InitMediation"/>
        <cc:local-out id="Call-Inactive-Audit" store-message="none" execute-when="props['input.loc.inactive.flg']" endpoint="vm://INT0176-Location-Hierarchy-Inbound/AuditLog"/>
        <cc:async-mediation id="ProcessInactivationrecords" routes-to="Call-Inactive-Audit" execute-steps-when="props['input.loc.inactive.flg']">
            <cc:steps>
                <cc:eval id="Eval">
                    <cc:expression>props['row.status'] = 'Fail'</cc:expression>
                    <cc:expression>props['Message.detail'] = 'Input file received with Inactivation flag.Record was not processed'</cc:expression>
                    <cc:expression>props['fail.count'] = props['fail.count'] + 1</cc:expression>
                </cc:eval>
            </cc:steps>
        </cc:async-mediation>
        <cc:local-out id="Call-Add-Update-Location" store-message="none" endpoint="vm://INT0176-Location-Hierarchy-Inbound/Add-UpdateLocationHierarchy"/>
        <cc:local-out id="PutIntegrationMessage3" endpoint="vm://wcc/PutIntegrationMessage">
            <cc:set name="is.message.severity" value="'ERROR'"/>
            <cc:set name="is.message.summary" value="'Error during processing input file'+context.errorMessage"/>
        </cc:local-out>
        <cc:async-mediation id="Input-file-to-map" routes-to="Route">
            <cc:steps>
                <cc:eval id="Extractxpath">
                    <cc:expression>(Boolean)props['input.loc.inactive.flg']</cc:expression>
                    <cc:expression>props['total.count'] = props['total.count'] + 1</cc:expression>
                    <cc:expression>props['input.file.key'] = parts[0].xpath(&quot;/LocHierarchy/Code&quot;);props['Record.Ind']=parts[0].xpath(&quot;/LocHierarchy/Record-Indicator&quot;);props['Trans.Ind']=parts[0].xpath(&quot;/LocHierarchy/Transaction-Indicator&quot;);</cc:expression>
                    <cc:expression>props['input.loc.id'] = parts[0].xpath(&quot;/LocHierarchy/Code&quot;)</cc:expression>
                    <cc:expression>props['input.loc.active.flg'] = parts[0].xpath(&quot;/LocHierarchy/Active&quot;);if(props['input.loc.active.flg'] == 'Y') {props['input.loc.inactive.flg'] = false;} else {props['input.loc.inactive.flg'] = true;}</cc:expression>
                    <cc:expression>props['input.loc.name'] = parts[0].xpath(&quot;/LocHierarchy/Name&quot;)</cc:expression>
                    <cc:expression>props['loc.effdt'] = parts[0].xpath(&quot;/LocHierarchy/Change-Date&quot;);</cc:expression>
                    <cc:expression>props['sup.loc.code'] = parts[0].xpath(&quot;/LocHierarchy/Superior-Org-ID&quot;)</cc:expression>
                    <cc:expression>props['sup.loc.name'] = parts[0].xpath(&quot;/LocHierarchy/Superior-Org-Name&quot;)</cc:expression>
                    <cc:expression>props['org.subtype'] =  parts[0].xpath(&quot;/LocHierarchy/Org-Type&quot;)</cc:expression>
                    <cc:expression>props['Inactive.date'] = parts[0].xpath(&quot;/LocHierarchy/Inactive-Date&quot;)</cc:expression>
                    <cc:expression>props['org.ref.id'] = props['input.loc.id'] + '_' + props['org.subtype']</cc:expression>
                    <cc:expression>props['call.add.update'] =  false;</cc:expression>
                    <cc:expression>props['call.inactive'] = false;</cc:expression>
                </cc:eval>
                <cc:log id="Log">
                    <cc:log-message>
                        <cc:text>*************************Extracted input Data from file******************&#xD;
@{props['total.count']}&#xD;
@{props['input.file.key']}&#xD;
@{props['input.loc.id']}&#xD;
@{props['Record.Ind']}&#xD;
@{props['Trans.Ind']}&#xD;
@{props['input.loc.active.flg']}&#xD;
@{props['input.loc.inactive.flg'] }&#xD;
@{props['input.loc.name']}&#xD;
@{props['loc.effdt']}&#xD;
@{props['org.subtype']}&#xD;
@{props['org.ref.id']}&#xD;
@{props['sup.loc.code']}&#xD;
@{props['sup.loc.name']} </cc:text>
                    </cc:log-message>
                </cc:log>
                <cc:write id="Write">
                    <cc:message>
                        <cc:text>&lt;location>&#xD;
	&lt;Code>@{props['input.loc.id']}&lt;/Code>&#xD;
	&lt;Name>@{props['input.loc.name']}&lt;/Name>&#xD;
	 &lt;Inactive>@{props['input.loc.active.flg']}&lt;/Inactive>&#xD;
&lt;/location></cc:text>
                    </cc:message>
                </cc:write>
                <cc:eval id="CheckinMap">
                    <cc:expression>//vars['existing.loc.data'] = props['existing.locHier.id.hashmap'].get(props['input.loc.id'])</cc:expression>
                    <cc:expression>//if(vars['existing.loc.data'] != '' &amp;&amp; !props['input.loc.inactive.flg']){ props['call.update'] =  true ;} else if (vars['existing.loc.data'] == '' &amp;&amp; !props['input.loc.inactive.flg']){ props['call.add'] =  true ;} else { props['call.inactive'] =  true ;}</cc:expression>
                    <cc:expression>if(!props['input.loc.inactive.flg']) { props['call.add.update'] =  true ;}</cc:expression>
                    <cc:expression>vars['existing.lh.data']=props['input.loch.hashmap'].get(props['org.ref.id'])</cc:expression>
                </cc:eval>
            </cc:steps>
            <cc:send-error id="SendError" routes-to="PutIntegrationMessage3"/>
        </cc:async-mediation>
        <cc:splitter id="Split-Input-file">
            <cc:sub-route name="SubRoute" routes-to="Input-file-to-map"/>
            <cc:xml-stream-splitter xpath="/Inputfile/LocHierarchy"/>
        </cc:splitter>
        <cc:async-mediation id="ReadInputfile" routes-to="CheckDataExistsinInputFile" handle-downstream-errors="true">
            <cc:steps>
                <cc:copy id="Copy" input="variable" input-variable="input.file"/>
                <cc:csv-to-xml id="CsvToXml" format="rfc4180" rootName="Inputfile" rowName="LocHierarchy" separator="|" useFirstLineAsHeader="true"/>
                <cc:xslt-plus id="XsltPlus" url="removetrailer.xsl"/>
            </cc:steps>
            <cc:send-error id="SendError" routes-to="PutIntegrationMessage1"/>
        </cc:async-mediation>
        <cc:local-in id="Process-Input-file" routes-to="ReadInputfile"/>
        <cc:local-out id="Call-Update-Audit" store-message="none" endpoint="vm://INT0176-Location-Hierarchy-Inbound/AuditLog"/>
        <cc:async-mediation id="Logfromupdates" routes-to="Call-Update-Audit">
            <cc:steps>
                <cc:eval id="Eval">
                    <cc:expression>props['success.count']=props['success.count']+1</cc:expression>
                    <cc:expression>props['row.status'] = 'Success'</cc:expression>
                    <cc:expression>props['Message.detail'] = 'Location Hierarchy Updated Successfully'</cc:expression>
                </cc:eval>
            </cc:steps>
        </cc:async-mediation>
        <cc:async-mediation id="ValidationOff" routes-to="Logfromupdates" execute-steps-when="props['validation.mode.lp']">
            <cc:steps>
                <cc:set-headers id="SetHeaders">
                    <cc:remove-headers>
                        <cc:remove-header name="X-Validate-Only"/>
                    </cc:remove-headers>
                    <cc:add-headers/>
                </cc:set-headers>
            </cc:steps>
        </cc:async-mediation>
        <cc:workday-out-soap id="AddUpdateLocationreq" routes-response-to="ValidationOff" application="Human_Resources" version="@{props['att.wws.version']}"/>
        <cc:async-mediation id="ValidationOn" routes-to="AddUpdateLocationreq" execute-steps-when="props['validation.mode.lp']" handle-downstream-errors="true">
            <cc:steps>
                <cc:set-headers id="SetHeaders">
                    <cc:remove-headers/>
                    <cc:add-headers>
                        <cc:add-header name="X-Validate-Only" value="1"/>
                    </cc:add-headers>
                </cc:set-headers>
            </cc:steps>
        </cc:async-mediation>
        <cc:local-out id="Call-Update-Loc-Error" store-message="none" endpoint="vm://INT0176-Location-Hierarchy-Inbound/ErrorHandler">
            <cc:set name="Updateerrorflag" value="props['row.status'] = 'Fail'"/>
        </cc:local-out>
        <cc:async-mediation id="Preparerequest" routes-to="ValidationOn" handle-downstream-errors="true">
            <cc:steps>
                <cc:eval id="Eval">
                    <cc:expression>props['org.subtype.internal']= intsys.integrationMapReverseLookup('Subtype', props['org.subtype']).get(0).getReferenceData('Organization_Subtype_ID')</cc:expression>
                </cc:eval>
                <cc:log id="Log">
                    <cc:log-message>
                        <cc:text>Inside Update Location&#xD;
@{props['input.loc.id']}&#xD;
vars['existing.loc.data']&#xD;
@{props['org.subtype.internal']}</cc:text>
                    </cc:log-message>
                </cc:log>
                <cc:write id="Preparexml">
                    <cc:message>
                        <cc:text>       &lt;wd:Organization_Add_Update xmlns:wd=&quot;urn:com.workday/bsvc&quot; wd:version=&quot;@{props['att.wws.version']}&quot;>&#xD;
            &lt;wd:Organization_Data wd:Effective_Date=&quot;@{props['As.of.date']}&quot;>&#xD;
                &lt;wd:Organization_Reference_ID>@{props['org.ref.id']}&lt;/wd:Organization_Reference_ID>&#xD;
                &lt;wd:Organization_Name>@{props['input.loc.name']}&lt;/wd:Organization_Name>&#xD;
                &lt;wd:Availability_Date>@{props['loc.effdt']}&lt;/wd:Availability_Date>&#xD;
                &lt;wd:Superior_Organization_Reference>&#xD;
                    &lt;wd:ID wd:type=&quot;Organization_Reference_ID&quot;>@{props['sup.loc.code']}&lt;/wd:ID>&#xD;
                &lt;/wd:Superior_Organization_Reference>&#xD;
                &lt;wd:Organization_Type_Reference>&#xD;
                    &lt;wd:Organization_Type_Name>@{props['Org.Type.Name']}&lt;/wd:Organization_Type_Name>&#xD;
                &lt;/wd:Organization_Type_Reference>&#xD;
                 &lt;wd:Organization_Subtype_Reference>&#xD;
            &lt;wd:Organization_Subtype_Name>@{props['org.subtype.internal']}&lt;/wd:Organization_Subtype_Name>&#xD;
        &lt;/wd:Organization_Subtype_Reference>&#xD;
               &#xD;
                &lt;/wd:Organization_Data>&#xD;
        &lt;/wd:Organization_Add_Update></cc:text>
                    </cc:message>
                </cc:write>
                <cc:wrap-soap id="WrapSoap"/>
            </cc:steps>
            <cc:send-error id="SendError" routes-to="Call-Update-Loc-Error"/>
        </cc:async-mediation>
        <cc:local-in id="Add-UpdateLocationHierarchy" routes-to="Preparerequest"/>
        <cc:local-out id="Call-Audit-Log" store-message="none" endpoint="vm://INT0176-Location-Hierarchy-Inbound/AuditLog"/>
        <cc:async-mediation id="Error_log" routes-to="Call-Audit-Log">
            <cc:steps>
                <cc:eval id="Eval">
                    <cc:expression>props['fail.count'] = props['fail.count'] + 1</cc:expression>
                    <cc:expression>props['row.status'] = 'Fail'</cc:expression>
                    <cc:expression>props['Message.detail'] = context.errorMessage</cc:expression>
                </cc:eval>
            </cc:steps>
        </cc:async-mediation>
        <cc:local-in id="ErrorHandler" routes-to="Error_log"/>
        <cc:local-out id="PutIntegrationMessage6" execute-when="props['fail.count'] > 0" endpoint="vm://wcc/PutIntegrationMessage">
            <cc:set name="is.message.severity" value="'ERROR'"/>
            <cc:set name="is.message.summary" value="'Total Number of failed records: '+props['fail.count'] + ' Please review Audit File for details'"/>
        </cc:local-out>
        <cc:local-out id="PutIntegrationMessage5" routes-response-to="PutIntegrationMessage6" endpoint="vm://wcc/PutIntegrationMessage">
            <cc:set name="is.message.severity" value="'INFO'"/>
            <cc:set name="is.message.summary" value="'Total Number of success records: '+ props['success.count']"/>
        </cc:local-out>
        <cc:local-out id="PutIntegrationMessage4" routes-response-to="PutIntegrationMessage5" endpoint="vm://wcc/PutIntegrationMessage">
            <cc:set name="is.message.severity" value="'INFO'"/>
            <cc:set name="is.message.summary" value="'Total Number of records: '+ props['total.count']"/>
        </cc:local-out>
        <cc:local-out id="PutIntegrationMessage2" endpoint="vm://wcc/PutIntegrationMessage">
            <cc:set name="is.message.severity" value="'ERROR'"/>
            <cc:set name="is.message.summary" value="'Error Occured during Audit file Generation ' + context.errorMessage"/>
        </cc:local-out>
        <cc:async-mediation id="Write_Audit_File" routes-to="PutIntegrationMessage4">
            <cc:steps>
                <cc:xml-to-csv id="XmlToCsv" output="variable" output-variable="audit.csv" writeHeaderLine="true"/>
                <cc:text-excel id="TextExcel" output="variable" output-mimetype="application/vnd.ms-excel" output-variable="audit.xls" input="variable" input-variable="audit.csv" excelstyle="sheet" style="text2excel"/>
                <cc:store id="Store" output="variable" output-variable="audit.output" input="variable" input-variable="audit.xls" expiresIn="P180D" title="INT0176_Audit_File.xls"/>
            </cc:steps>
            <cc:send-error id="SendError" routes-to="PutIntegrationMessage2"/>
        </cc:async-mediation>
        <cc:aggregator id="Aggregator" routes-to="Write_Audit_File">
            <cc:size-batch-strategy batch-size="-1"/>
            <cc:xml-message-content-collater>
        <cc:header-text>&lt;Audit-File></cc:header-text>
        <cc:footer-text>&lt;/Audit-File></cc:footer-text>
      </cc:xml-message-content-collater>
        </cc:aggregator>
        <cc:async-mediation id="Write-Log" routes-to="Aggregator">
            <cc:steps>
                <cc:write id="Write">
                    <cc:message>
                        <cc:text>&lt;AuditEntry>&#xD;
    &lt;TransInd>@{props['Trans.Ind']}&lt;/TransInd>&#xD;
    &lt;LocationHierarchyID>@{props['input.loc.id']}&lt;/LocationHierarchyID>&#xD;
    &lt;LocationHierarchyName>@{props['input.loc.name']}&lt;/LocationHierarchyName>&#xD;
    &lt;Change-Date>@{props['loc.effdt']}&lt;/Change-Date>&#xD;
    &lt;Activeflag>@{props['input.loc.active.flg']}&lt;/Activeflag>&#xD;
   &lt;SubType>@{props['org.subtype']}&lt;/SubType>&#xD;
   &lt;Superior-Org-Name>@{props['sup.loc.name']}&lt;/Superior-Org-Name>&#xD;
   &lt;Superior-Org-ID>@{props['sup.loc.code']}&lt;/Superior-Org-ID>&#xD;
    &lt;inactive_Date>@{props['Inactive.date']}&lt;/inactive_Date>&#xD;
    &lt;Status>@{props['row.status']}&lt;/Status>&#xD;
    &lt;Message>@{props['Message.detail']}&lt;/Message>&#xD;
&lt;/AuditEntry>&#xD;
</cc:text>
                    </cc:message>
                </cc:write>
                <cc:eval id="Eval">
                    <cc:expression>context.setException(null); context.setErrorHandled(true)</cc:expression>
                    <cc:expression>props['Message.detail'] = null</cc:expression>
                </cc:eval>
            </cc:steps>
        </cc:async-mediation>
        <cc:local-in id="AuditLog" routes-to="Write-Log"/>
        <cc:local-out id="PutIntegrationMessage1" endpoint="vm://wcc/PutIntegrationMessage"><cc:set name="is.message.severity" value="'ERROR'"/><cc:set name="is.message.summary" value="'Error during reading input file'+context.errorMessage"/></cc:local-out>
        <cc:send-error id="global-error-handler" rethrow-error="false" routes-to="Note-Error"/>
        <cc:local-out id="Note-Error" endpoint="vm://wcc/PutIntegrationMessage">
            <cc:set name="is.message.severity" value="'CRITICAL'"/>
            <cc:set name="is.message.summary" value="context.errorMessage"/>
        </cc:local-out>
        <cc:route id="Route">
            <cc:mvel-strategy>
                <cc:choose-route expression="props['Trans.Ind'] == 'A' || props['Trans.Ind'] == 'U'" route="Add_Update"/>
                <cc:choose-route expression="props['Trans.Ind'] = 'T'" route="Inactivate"/>
                <cc:choose-route expression="true" route="Donothing"/>
            </cc:mvel-strategy>
            <cc:sub-route name="Add_Update" routes-to="Call-Add-Update-Location"/>
            <cc:sub-route name="Inactivate" routes-to="Call-Inactivate-Loc-Hier"/>
            <cc:sub-route name="Donothing" routes-to="AsyncMediation"/>
        </cc:route>
        <cc:local-in id="Inactivate-Loc-Hier" routes-to="InactivateWWS"/>
        <cc:local-out id="Call-Inactivate-Loc-Hier" store-message="none" endpoint="vm://INT0176-Location-Hierarchy-Inbound/Inactivate-Loc-Hier"/>
        <cc:async-mediation id="AsyncMediation">
            <cc:steps/>
        </cc:async-mediation>
        <cc:local-out id="CallSuccesslogInactivate" store-message="none" endpoint="vm://INT0176-Location-Hierarchy-Inbound/AuditLog"/>
        <cc:async-mediation id="AsyncMediation1" routes-to="LogfromInactivate" handle-downstream-errors="true">
            <cc:steps>
                <cc:set-headers id="SetHeaders">
                    <cc:remove-headers>
                        <cc:remove-header name="X-Validate-Only"/>
                    </cc:remove-headers>
                    <cc:add-headers/>
                </cc:set-headers>
            </cc:steps>
        </cc:async-mediation>
        <cc:workday-out-soap id="WorkdayOutSoap0" routes-response-to="AsyncMediation1" application="Human_Resources" version="@{props['att.wws.version']}"/>
        <cc:local-out id="CallErrorlog2" store-message="none" endpoint="vm://INT0176-Location-Hierarchy-Inbound/ErrorHandler"/>
        <cc:async-mediation id="InactivateWWS" routes-to="WorkdayOutSoap0" handle-downstream-errors="true">
            <cc:steps>
                <cc:validate-exp id="ValidateExp0">
                    <cc:expression failure-message="Location Hierarchy is not available in Workday to Inactivate">props['WIDHashMap'].containsKey(props['org.ref.id'] )</cc:expression>
                </cc:validate-exp>
                <cc:eval id="Eval">
                    <cc:expression>props['existing.lh.wid'] = vars['existing.lh.data'].xpath('wd:Organization/wd:Organization_Reference/wd:ID[@wd:type=&quot;WID&quot;]')</cc:expression>
                </cc:eval>
                <cc:validate-exp id="ValidateExp">
                    <cc:expression failure-message="Location Hierarchy is not avaiable to Inactivate">props['existing.lh.wid'] != empty</cc:expression>
                </cc:validate-exp>
                <cc:xslt-plus id="XsltPlus" url="Inactivate_WWS.xsl"/>
                <cc:set-headers id="SetHeaders">
                    <cc:remove-headers/>
                    <cc:add-headers>
                        <cc:add-header name="X-Validate-Only" value="@{props['ValidateOnly']}"/>
                    </cc:add-headers>
                </cc:set-headers>
            </cc:steps>
            <cc:send-error id="SendError0" routes-to="CallErrorlog2"/>
        </cc:async-mediation>
        <cc:local-out id="CallGetLocHier" store-message="none" endpoint="vm://INT0176-Location-Hierarchy-Inbound/GetLH"/>
        <cc:local-out id="PIMHashLH" endpoint="vm://wcc/PutIntegrationMessage">
            <cc:set name="is.message.severity" value="'ERROR'"/>
            <cc:set name="is.message.summary" value="'Error occured during CCH Hashmap.' +  context.errorMessage"/>
            <cc:set name="is.message.detail"/>
        </cc:local-out>
        <cc:async-mediation id="LH_Hashmap">
            <cc:steps>
                <cc:eval id="Eval">
                    <cc:expression>props['LH_HashKey'] = parts[0].xpath('wd:Organization/wd:Organization_Reference/wd:ID[@wd:type=&quot;Organization_Reference_ID&quot;]')</cc:expression>
                    <cc:expression>props['input.loch.hashmap'].put(props['LH_HashKey'],parts[0].text)</cc:expression>
                    <cc:expression>props['LH_WID'] = parts[0].xpath('wd:Organization/wd:Organization_Reference/wd:ID[@wd:type=&quot;WID&quot;]')</cc:expression>
                    <cc:expression>props['WIDHashMap'].put(props['LH_HashKey'],props['LH_WID'])</cc:expression>
                </cc:eval>
            </cc:steps>
            <cc:send-error id="SendError" rethrow-error="true" routes-to="PIMHashLH"/>
        </cc:async-mediation>
        <cc:splitter id="Splitter">
            <cc:sub-route name="SubRoute" routes-to="LH_Hashmap"/>
            <cc:xml-stream-splitter xpath="/env:Envelope/env:Body/wd:Get_Organizations_Response/wd:Response_Data/wd:Organization"/>
        </cc:splitter>
        <cc:local-in id="PageIn" routes-to="Splitter"/>
        <cc:local-out id="PagedGet" endpoint="vm://wcc/PagedGet">
            <cc:set name="is.paged.get.request.current.page.xpath" value="'/env:Envelope/env:Body/*/wd:Response_Filter/wd:Page'"/>
            <cc:set name="is.paged.get.response.current.page.xpath" value="'/env:Envelope/env:Body/*/wd:Response_Results/wd:Page'"/>
            <cc:set name="is.paged.get.response.total.pages.xpath" value="'/env:Envelope/env:Body/*/wd:Response_Results/wd:Total_Pages'"/>
            <cc:set name="is.paged.get.response.total.results.xpath" value="'/env:Envelope/env:Body/*/wd:Response_Results/wd:Total_Results'"/>
            <cc:set name="is.paged.get.process.endpoint" value="'vm://INT0176-Location-Hierarchy-Inbound/PageIn'"/>
            <cc:set name="is.paged.get.application" value="'Human_Resources'"/>
            <cc:set name="is.paged.get.version" value="props['att.wws.version']"/>
            <cc:set name="is.paged.get.page.zero" value="false"/>
            <cc:set name="is.paged.get.store.requests" value="true"/>
        </cc:local-out>
        <cc:local-out id="PIMLH" endpoint="vm://wcc/PutIntegrationMessage">
            <cc:set name="is.message.severity" value="'INFO'"/>
            <cc:set name="is.message.summary" value="context.errorMessage"/>
            <cc:set name="is.message.detail" value="context.errorMessage"/>
        </cc:local-out>
        <cc:async-mediation id="AsyncMediation0" routes-to="PagedGet" handle-downstream-errors="true">
            <cc:steps>
                <cc:write id="Write">
                    <cc:message>
                        <cc:text>&lt;?xml version=&quot;1.0&quot; encoding=&quot;UTF-8&quot;?>&#xD;
&lt;env:Envelope&#xD;
    xmlns:env=&quot;http://schemas.xmlsoap.org/soap/envelope/&quot;&#xD;
    xmlns:xsd=&quot;http://www.w3.org/2001/XMLSchema&quot;>&#xD;
    &lt;env:Body>&#xD;
        &lt;wd:Get_Organizations_Request xmlns:wd=&quot;urn:com.workday/bsvc&quot; >&#xD;
                &lt;wd:Request_Criteria>&#xD;
                &lt;wd:Organization_Type_Reference>&#xD;
                    &lt;wd:ID wd:type=&quot;Organization_Type_ID&quot;>@{props['Org.Type']}&lt;/wd:ID>&#xD;
                &lt;/wd:Organization_Type_Reference>&#xD;
                &lt;wd:Include_Inactive>true&lt;/wd:Include_Inactive>&#xD;
            &lt;/wd:Request_Criteria>&#xD;
                        &lt;wd:Response_Filter>&#xD;
                &lt;wd:Page>1&lt;/wd:Page>&#xD;
                &lt;wd:Count>100&lt;/wd:Count>&#xD;
            &lt;/wd:Response_Filter>&#xD;
            &lt;wd:Response_Group>&#xD;
                &lt;wd:Include_Roles_Data>false&lt;/wd:Include_Roles_Data>&#xD;
                &lt;wd:Include_Hierarchy_Data>true&lt;/wd:Include_Hierarchy_Data>&#xD;
                &lt;wd:Include_Supervisory_Data>true&lt;/wd:Include_Supervisory_Data>&#xD;
                &lt;wd:Include_Staffing_Restrictions_Data>false&lt;/wd:Include_Staffing_Restrictions_Data>&#xD;
            &lt;/wd:Response_Group>&#xD;
        &lt;/wd:Get_Organizations_Request>&#xD;
    &lt;/env:Body>&#xD;
&lt;/env:Envelope></cc:text>
                    </cc:message>
                </cc:write>
            </cc:steps>
            <cc:send-error id="SendError" rethrow-error="true" routes-to="PIMLH"/>
        </cc:async-mediation>
        <cc:local-in id="GetLH" routes-to="AsyncMediation0"/>
        <cc:async-mediation id="LogfromInactivate" routes-to="CallSuccesslogInactivate">
            <cc:steps>
                <cc:eval id="Eval">
                    <cc:expression>props['success.count']=props['success.count']+1</cc:expression>
                    <cc:expression>props['row.status'] = 'Success'</cc:expression>
                    <cc:expression>props['Message.detail'] = 'Location Hierarchy Inactivated Successfully'</cc:expression>
                </cc:eval>
            </cc:steps>
        </cc:async-mediation>
        <cc:async-mediation id="CheckDataExistsinInputFile" routes-to="Split-Input-file" handle-downstream-errors="true">
            <cc:steps>
                <cc:eval id="Eval">
                    <cc:expression>props['no.of.data.rows'] = parts[0].xpath(&quot;count(/Inputfile/LocHierarchy[Record-Indicator = 'D'])&quot;)</cc:expression>
                </cc:eval>
                <cc:validate-exp id="ValidateExp">
                    <cc:expression failure-message="Input file has zero rows for processing">props['no.of.data.rows'] != 0</cc:expression>
                </cc:validate-exp>
            </cc:steps>
            <cc:send-error id="SendError" routes-to="PIM-DataValidationErrors"/>
        </cc:async-mediation>
        <cc:local-out id="PIM-DataValidationErrors" endpoint="vm://wcc/PutIntegrationMessage"><cc:set name="is.message.severity" value="'WARNING'"/><cc:set name="is.message.summary" value="context.errorMessage"/></cc:local-out>
	</cc:assembly>

</beans>