<?xml version="1.0" encoding="UTF-8"?>
<beans
     xmlns="http://www.springframework.org/schema/beans"
     xmlns:beans="http://www.springframework.org/schema/beans"
     xmlns:atom="http://www.w3.org/2005/Atom"
     xmlns:cc="http://www.capeclear.com/assembly/10"
     xmlns:cloud="urn:com.workday/esb/cloud/10.0"
     xmlns:env="http://schemas.xmlsoap.org/soap/envelope/"
     xmlns:pi="urn:com.workday/picof"
     xmlns:wd="urn:com.workday/bsvc"
     xmlns:xsi="http://www.w3.org/2001/XMLSchema-instance">
 
	<cc:assembly id="WorkdayAssembly" version="2019.6">
        <cc:async-mediation id="RetrieveFile" handle-downstream-errors="true">
            <cc:steps>
                <cc:eval id="Eval">
                    <cc:expression>da.toVar(parts[0].xstream('Documents/Document'), 'c2p.doc.var')</cc:expression>
                </cc:eval>
            </cc:steps>
            <cc:send-error id="SendError" routes-to="RetrieveFileErr"/>
        </cc:async-mediation>
        <cc:local-in id="ProcessAFile" routes-to="RetrieveFile"/>
        <cc:local-out id="ParallelRequests" store-message="none" endpoint="vm://wcc/ParallelSubroutine">
            <cc:set name="parallel.processing.aggregation.endpoint" value="'vm://DIS_Parallel_Processing/AggregateFiles'"/>
            <cc:set name="parallel.processing.worker.endpoint" value="'vm://DIS_Parallel_Processing/ProcessAFile'"/>
            <cc:set name="parallel.processing.splitter" value="spring.getBean('ParallelBlockSplitter')"/>
            <cc:set name="parallel.processing.worker.count" value="4"/>
            <cc:set name="parallel.processing.worker.timeout" value="60"/>
            <cc:set name="parallel.processing.timeout" value="120"/>
        </cc:local-out>
        <cc:local-out id="GetEventDocuments" routes-response-to="GetDISDocs" endpoint="vm://wcc/GetEventDocuments">
            <cc:set name="ie.event.wid" value="lp.isSet() ? lp.getIntegrationEventWID() : null "/>
        </cc:local-out>
        <cc:workday-in id="StartHere" routes-to="GetEventDocuments">
            <cc:integration-system name="DIS_Parallel_Processing">
        <cloud:service-reference name="INT DIS Service"/>
      </cc:integration-system>
        </cc:workday-in>
        <cc:local-out id="RetrieveFileErr" endpoint="vm://wcc/PutIntegrationMessage">
            <cc:set name="is.message.severity" value="'ERROR'"/>
            <cc:set name="is.message.summary" value="'Error retrieving file : ' # props['entry'] # ' ' # context.errorMessage"/>
        </cc:local-out>
        <cc:async-mediation id="StoreMergedFile" handle-downstream-errors="false">
            <cc:steps>
                <cc:store id="Store" output="variable" output-variable="saved.file" title="MergedFile.xml"/>
            </cc:steps>
            <cc:send-error id="SendError" routes-to="StoreFileErr"/>
        </cc:async-mediation>
        <cc:aggregator id="Aggregator" routes-to="StoreMergedFile" allow-external-control="true" collate-when="props['aggregator.destination.force.collate']" force-batch-on-last-message="false" force-batch-when="props['aggregator.destination.force.batch']">
            <cc:size-batch-strategy/>
            <cc:xml-message-content-collater xpath="*/*">
        <cc:header-text>&lt;root></cc:header-text>
        <cc:footer-text>&lt;/root></cc:footer-text>
      </cc:xml-message-content-collater>
        </cc:aggregator>
        <cc:async-mediation id="CopyFile" routes-to="Aggregator" execute-steps-when="props['aggregator.destination.force.collate']">
            <cc:steps>
                <cc:copy id="Copy" input="variable" input-variable="c2p.doc.var"/>
            </cc:steps>
        </cc:async-mediation>
        <cc:local-in id="AggregateFiles" routes-to="CopyFile"/>
        <cc:async-mediation id="GetDISDocs" routes-to="ParallelRequests">
            <cc:steps>
                <cc:xslt-plus id="XsltPlus" url="ExtractDocuments.xsl"/>
            </cc:steps>
        </cc:async-mediation>
        <cc:local-out id="StoreFileErr" endpoint="vm://wcc/PutIntegrationMessage">
            <cc:set name="is.message.severity" value="'ERROR'"/>
            <cc:set name="is.message.summary" value="'Error transforming file : ' # context.errorMessage"/>
        </cc:local-out>
	</cc:assembly>
    <bean id="ParallelBlockSplitter" class="com.workday.dis.ParallelBlockSplitter">
        <property name="blockSize" value="1"/>
    </bean>

</beans>