<?xml version="1.0" encoding="UTF-8"?>
<beans
     xmlns="http://www.springframework.org/schema/beans"
     xmlns:beans="http://www.springframework.org/schema/beans"
     xmlns:atom="http://www.w3.org/2005/Atom"
     xmlns:cc="http://www.capeclear.com/assembly/10"
     xmlns:cloud="urn:com.workday/esb/cloud/10.0"
     xmlns:env="http://schemas.xmlsoap.org/soap/envelope/"
     xmlns:pi="urn:com.workday/picof"
     xmlns:wd="urn:com.workday/bsvc"
     xmlns:xsi="http://www.w3.org/2001/XMLSchema-instance">
 
	<cc:assembly id="WorkdayAssembly" version="2020.9">
        <cc:workday-in id="StartHere" routes-to="ErrorHandler">
            <cc:integration-system name="BPG_Inbound_Studio">
        <cloud:param name="Input Document WID">
          <cloud:type>
            <cloud:simple-type>text</cloud:simple-type>
          </cloud:type>
        </cloud:param>
      </cc:integration-system>
        </cc:workday-in>
        <cc:route id="Route">
            <cc:doc-iterator/>
            <cc:sub-route name="SubRoute" routes-to="AsyncMediation"/>
        </cc:route>
        <cc:local-out id="PIM2" endpoint="vm://wcc/PutIntegrationMessage">
            <cc:set name="is.message.severity" value="'ERROR'"/>
            <cc:set name="is.message.summary" value="'Error while fetching file data'"/>
        </cc:local-out>
        <cc:async-mediation id="AsyncMediation" routes-to="Route0" handle-downstream-errors="true">
            <cc:steps>
                <cc:eval id="Eval">
                    <cc:expression>props['p.current.file.name'] = vars['wd.retrieve.variable'].fileName</cc:expression>
                    <cc:expression>props['p.mimetype']=vars['wd.retrieve.variable'].isXml()</cc:expression>
                </cc:eval>
                <cc:copy id="Copy" output-mimetype="text/xml" input="variable" input-variable="wd.retrieve.variable"/>
                <cc:eval id="Eval1">
                    <cc:expression>props['file.name'] = vars['wd.retrieve.variable'].getText();</cc:expression>
                    <cc:expression>props['p.og.file.names']=props['p.current.file.name'].toString().toUpperCase()</cc:expression>
                </cc:eval>
                <cc:write id="Write" output-mimetype="text/xml">
                    <cc:message>
                        <cc:text>&lt;test>&lt;/test></cc:text>
                    </cc:message>
                </cc:write>
                <cc:xslt-plus id="XsltPlus" output-mimetype="text/xml" url="FirstXSLT.xsl"/>
            </cc:steps>
            <cc:send-error id="SendError" routes-to="PIM2"/>
        </cc:async-mediation>
        <cc:local-out id="PIM3a" endpoint="vm://wcc/PutIntegrationMessage">
            <cc:set name="is.message.severity" value="'ERROR'"/>
            <cc:set name="is.message.summary" value="'Error while data conversion'"/>
        </cc:local-out>
        <cc:async-mediation id="Convert1" routes-to="OutputFile1" handle-downstream-errors="true">
            <cc:steps>
                <cc:character-conversion id="CharConv" remove-accents="true"/>
                <cc:xslt id="Xslt" output-mimetype="text/xml" url="CharMaps.xsl"/>
                <cc:store id="Store" output="variable" output-mimetype="text/xml" output-variable="output.file1" expiresIn="P180D" title="@{props['p.og.file.names'] }"/>
            </cc:steps>
            <cc:send-error id="SendError" routes-to="PIM3a"/>
        </cc:async-mediation>
        <cc:local-out id="OutputFile1" store-message="none" endpoint="vm://wcc/PutIntegrationMessage">
            <cc:set name="is.message.severity" value="'INFO'"/>
            <cc:set name="is.message.summary" value="'Output File Stored Successfully'"/>
            <cc:set name="is.document.variable.name" value="'output.file1'"/>
            
        <cc:set name="is.document.deliverable" value="'true'"/></cc:local-out>
        <cc:local-out id="GetEventDocuments" routes-response-to="Route" endpoint="vm://wcc/GetEventDocuments">
            <cc:set name="ie.event.wid" value="props['p.lp.debug.WID'] == null ? (lp.isSet() ? lp.getIntegrationEventWID() : null) : props['p.lp.debug.WID']"/>
        </cc:local-out>
        <cc:local-out id="PIMError" endpoint="vm://wcc/PutIntegrationMessage">
            <cc:set name="is.message.severity" value="'ERROR'"/>
            <cc:set name="is.message.summary" value="context.errorMessage"/>
            <cc:set name="is.message.storage.enabled" value="false"/>
        </cc:local-out>
        <cc:async-mediation id="ErrorHandler" routes-to="GetEventDocuments" handle-downstream-errors="true">
            <cc:steps>
                <cc:eval id="Eval">
                    <cc:expression>props['p.lp.debug.WID'] = lp.getSimpleData('Input Document WID')</cc:expression>
                </cc:eval>
            </cc:steps>
            <cc:send-error id="SendError" routes-to="PIMError"/>
        </cc:async-mediation>
        <cc:route id="Route0">
            <cc:mvel-strategy>
                <cc:choose-route expression="props['p.mimetype']=='false'" route="TEXT"/>
                <cc:choose-route expression="props['p.mimetype']=='true'" route="XML"/>
            </cc:mvel-strategy>
            <cc:sub-route name="TEXT" routes-to="Convert"/>
            <cc:sub-route name="XML" routes-to="Convert1"/>
        </cc:route>
        <cc:local-out id="PIM3" endpoint="vm://wcc/PutIntegrationMessage">
            <cc:set name="is.message.severity" value="'ERROR'"/>
            <cc:set name="is.message.summary" value="'Error while data conversion'"/>
        </cc:local-out>
        <cc:async-mediation id="Convert" routes-to="OutputFile" handle-downstream-errors="true">
            <cc:steps>
                <cc:character-conversion id="CharConv" remove-accents="true"/>
                <cc:xslt id="Xslt" output-mimetype="text/csv" url="CharMaps.xsl"/>
                <cc:store id="Store" output="variable" output-mimetype="text/csv" output-variable="output.file" expiresIn="P180D" title="@{props['p.og.file.names'] }"/>
            </cc:steps>
            <cc:send-error id="SendError" routes-to="PIM3"/>
        </cc:async-mediation>
        <cc:local-out id="OutputFile" store-message="none" endpoint="vm://wcc/PutIntegrationMessage">
            <cc:set name="is.message.severity" value="'INFO'"/>
            <cc:set name="is.message.summary" value="'Output File Stored Successfully'"/>
            <cc:set name="is.document.variable.name" value="'output.file'"/>
            <cc:set name="is.document.deliverable" value="'true'"/>
        </cc:local-out>
	</cc:assembly>

</beans>