<?xml version="1.0" encoding="UTF-8"?>
<wdnm:Diagram xmlns:wdnm="http://workday.com/studio/editors/notation">
  <element href="assembly.xml#WorkdayAssembly"/>
  <visualProperties x="283" y="252">
    <element href="assembly.xml#StartHere"/>
  </visualProperties>
  <visualProperties x="449" y="264">
    <element href="assembly.xml#Route"/>
  </visualProperties>
  <visualProperties>
    <element href="assembly.xml#AsyncMediation"/>
  </visualProperties>
  <visualProperties>
    <element href="assembly.xml#PIM2"/>
  </visualProperties>
  <visualProperties x="1088" y="211">
    <element href="assembly.xml#Convert1"/>
  </visualProperties>
  <visualProperties x="1088" y="370">
    <element href="assembly.xml#PIM3a"/>
  </visualProperties>
  <visualProperties>
    <element href="assembly.xml#OutputFile1"/>
  </visualProperties>
  <visualProperties>
    <element href="assembly.xml#ErrorHandler"/>
  </visualProperties>
  <visualProperties>
    <element href="assembly.xml#PIMError"/>
  </visualProperties>
  <visualProperties x="563" y="434">
    <element href="assembly.xml#GetEventDocuments"/>
  </visualProperties>
  <visualProperties x="1085" y="451">
    <element href="assembly.xml#Route0"/>
  </visualProperties>
  <visualProperties x="1119" y="494">
    <element href="assembly.xml#Convert"/>
  </visualProperties>
  <visualProperties x="1119" y="653">
    <element href="assembly.xml#PIM3"/>
  </visualProperties>
  <visualProperties x="1305" y="68">
    <element href="assembly.xml#OutputFile"/>
  </visualProperties>
  <connections type="routesTo" sourceAnchorX="0.572347266881029" sourceAnchorY="1.0" targetAnchorX="0.46938775510204084" targetAnchorY="0.35135135135135137">
    <source href="assembly.xml#//@beans/@mixed.1/@mixed.7/@mixed.3"/>
    <target href="assembly.xml#PIM2"/>
  </connections>
  <connections type="routesTo">
    <source href="assembly.xml#//@beans/@mixed.1/@route.0/@subRoute.0"/>
    <target href="assembly.xml#AsyncMediation"/>
  </connections>
  <connections type="routesTo" sourceAnchorX="0.4811320754716981" sourceAnchorY="1.0" targetAnchorX="0.7040816326530612" targetAnchorY="0.13513513513513514">
    <source href="assembly.xml#//@beans/@mixed.1/@mixed.11/@mixed.3"/>
    <target href="assembly.xml#PIM3a"/>
  </connections>
  <connections type="routesTo">
    <source href="assembly.xml#Convert1"/>
    <target href="assembly.xml#OutputFile1"/>
  </connections>
  <connections type="routesTo" sourceAnchorX="1.0" sourceAnchorY="0.14634146341463414" targetAnchorX="0.025906735751295335" targetAnchorY="0.5135135135135135">
    <source href="assembly.xml#ErrorHandler"/>
    <target href="assembly.xml#GetEventDocuments"/>
  </connections>
  <connections type="routesTo" sourceAnchorX="0.9305555555555556" sourceAnchorY="1.0" targetAnchorX="0.4298245614035088" targetAnchorY="0.5675675675675675">
    <source href="assembly.xml#//@beans/@mixed.1/@mixed.19/@mixed.3"/>
    <target href="assembly.xml#PIMError"/>
  </connections>
  <connections type="routesResponseTo">
    <source href="assembly.xml#GetEventDocuments"/>
    <target href="assembly.xml#Route"/>
  </connections>
  <connections type="routesTo">
    <source href="assembly.xml#StartHere"/>
    <target href="assembly.xml#ErrorHandler"/>
  </connections>
  <connections type="routesTo">
    <source href="assembly.xml#AsyncMediation"/>
    <target href="assembly.xml#Route0"/>
  </connections>
  <connections type="routesTo" sourceAnchorX="0.4811320754716981" sourceAnchorY="1.0" targetAnchorX="0.7040816326530612" targetAnchorY="0.13513513513513514">
    <source href="assembly.xml#//@beans/@mixed.1/@mixed.25/@mixed.3"/>
    <target href="assembly.xml#PIM3"/>
  </connections>
  <connections type="routesTo">
    <source href="assembly.xml#//@beans/@mixed.1/@route.1/@subRoute.0"/>
    <target href="assembly.xml#Convert"/>
  </connections>
  <connections type="routesTo">
    <source href="assembly.xml#//@beans/@mixed.1/@route.1/@subRoute.1"/>
    <target href="assembly.xml#Convert1"/>
  </connections>
  <connections type="routesTo">
    <source href="assembly.xml#Convert"/>
    <target href="assembly.xml#OutputFile"/>
  </connections>
  <swimlanes x="146" y="73" name="PoV Special Character Removal">
    <elements href="assembly.xml#StartHere"/>
    <elements href="#//@swimlanes.4"/>
    <elements href="assembly.xml#GetEventDocuments"/>
    <elements href="assembly.xml#Route"/>
    <elements href="#//@swimlanes.1"/>
    <elements href="assembly.xml#Route0"/>
    <elements href="#//@swimlanes.2"/>
    <elements href="#//@swimlanes.3"/>
  </swimlanes>
  <swimlanes x="773" y="307" name="GetData" orientation="VERTICAL">
    <elements href="assembly.xml#AsyncMediation"/>
    <elements href="assembly.xml#PIM2"/>
  </swimlanes>
  <swimlanes x="847" y="211" name="Conversion" orientation="VERTICAL">
    <elements href="assembly.xml#Convert"/>
    <elements href="assembly.xml#PIM3"/>
    <elements href="assembly.xml#Convert1"/>
    <elements href="assembly.xml#PIM3a"/>
  </swimlanes>
  <swimlanes x="1177" y="280" name="OutputFile" orientation="VERTICAL">
    <elements href="assembly.xml#OutputFile"/>
    <elements href="assembly.xml#OutputFile1"/>
  </swimlanes>
  <swimlanes x="358" y="434" name="Swimlane" orientation="VERTICAL">
    <elements href="assembly.xml#ErrorHandler"/>
    <elements href="assembly.xml#PIMError"/>
  </swimlanes>
</wdnm:Diagram>
