<?xml version="1.0" encoding="UTF-8"?>
<wdnm:Diagram xmlns:wdnm="http://workday.com/studio/editors/notation">
  <element href="assembly.xml#WorkdayAssembly"/>
  <visualProperties x="51" y="215">
    <element href="assembly.xml#StartHere"/>
  </visualProperties>
  <visualProperties x="378" y="215">
    <element href="assembly.xml#Fetch_Recipients_Details"/>
  </visualProperties>
  <visualProperties x="615" y="180">
    <element href="assembly.xml#Process_Recipients"/>
  </visualProperties>
  <visualProperties x="840" y="215">
    <element href="assembly.xml#Delivered_Successfully"/>
  </visualProperties>
  <visualProperties x="209" y="171">
    <element href="assembly.xml#AsyncMediation"/>
  </visualProperties>
  <visualProperties x="57" y="442">
    <element href="assembly.xml#//@beans/@mixed.1/@mixed.11"/>
  </visualProperties>
  <visualProperties x="321" y="442">
    <element href="assembly.xml#Note-Error"/>
  </visualProperties>
  <visualProperties x="542" y="435">
    <element href="assembly.xml#Common-error"/>
  </visualProperties>
  <visualProperties x="839" y="435">
    <element href="assembly.xml#PutIntegrationMessage"/>
  </visualProperties>
  <visualProperties x="602" y="329">
    <element href="assembly.xml#Throw-Fetch_Details_Error"/>
  </visualProperties>
  <visualProperties x="198" y="329">
    <element href="assembly.xml#Throw-InputError"/>
  </visualProperties>
  <decorations x="14" y="1" width="1018" height="118" font="Arial|9|1" bgColor="10919025" fontColor="1" text="Name: INT353_RNR_Billing_Recipient_Employee_SI_Outbound"/>
  <decorations x="14" y="133" width="1018" height="252" font="Arial|12|1" bgColor="16763594" fontColor="1" type="NOTE" text="Get Recipient details"/>
  <decorations x="593" y="3" width="439" height="114" font="Arial|9|1" fontColor="1" type="TEXT" text="Author: Balaji Sai Harshavardhan&#x9;&#x9;&#x9;&#x9;&#x9;   Then integration has been created to get all the reward recipients details."/>
  <decorations x="14" y="397" width="472" height="94" font="Arial|12|1" bgColor="8421631" fontColor="1" text="Global Error Handler"/>
  <decorations x="512" y="396" width="520" height="96" font="Arial|12|1" bgColor="8421631" fontColor="1" type="NOTE" text="Common Error Handling"/>
  <connections type="routesResponseTo">
    <source href="assembly.xml#Fetch_Recipients_Details"/>
    <target href="assembly.xml#Process_Recipients"/>
  </connections>
  <connections type="routesTo">
    <source href="assembly.xml#Process_Recipients"/>
    <target href="assembly.xml#Delivered_Successfully"/>
  </connections>
  <connections type="routesTo">
    <source href="assembly.xml#StartHere"/>
    <target href="assembly.xml#AsyncMediation"/>
  </connections>
  <connections type="routesTo">
    <source href="assembly.xml#AsyncMediation"/>
    <target href="assembly.xml#Fetch_Recipients_Details"/>
  </connections>
  <connections type="routesTo" sourceAnchorX="0.9669421487603306" sourceAnchorY="0.43243243243243246" targetAnchorX="0.06060606060606061" targetAnchorY="0.3783783783783784">
    <source href="assembly.xml#//@beans/@mixed.1/@mixed.11"/>
    <target href="assembly.xml#Note-Error"/>
  </connections>
  <connections type="routesTo">
    <source href="assembly.xml#Common-error"/>
    <target href="assembly.xml#PutIntegrationMessage"/>
  </connections>
  <connections type="routesTo">
    <source href="assembly.xml#//@beans/@mixed.1/@mixed.5/@mixed.3"/>
    <target href="assembly.xml#Throw-Fetch_Details_Error"/>
  </connections>
  <connections type="routesTo">
    <source href="assembly.xml#//@beans/@mixed.1/@mixed.9/@mixed.3"/>
    <target href="assembly.xml#Throw-InputError"/>
  </connections>
</wdnm:Diagram>
