<?xml version="1.0" encoding="UTF-8"?>
<wdnm:Diagram xmlns:wdnm="http://workday.com/studio/editors/notation">
  <element href="assembly.xml#WorkdayAssembly"/>
  <visualProperties x="455" y="175">
    <element href="assembly.xml#StartHere"/>
  </visualProperties>
  <visualProperties x="560" y="196">
    <element href="assembly.xml#AsyncMediation"/>
  </visualProperties>
  <visualProperties x="786" y="210">
    <element href="assembly.xml#Splitter"/>
  </visualProperties>
  <visualProperties x="923" y="240">
    <element href="assembly.xml#Route"/>
  </visualProperties>
  <visualProperties x="856" y="150">
    <element href="assembly.xml#AsyncMediation0"/>
  </visualProperties>
  <visualProperties x="885" y="254">
    <element href="assembly.xml#AsyncMediation1"/>
  </visualProperties>
  <visualProperties x="902" y="373">
    <element href="assembly.xml#PutIntegrationMessage"/>
  </visualProperties>
  <visualProperties x="669" y="189">
    <element href="assembly.xml#AsyncMediation2"/>
  </visualProperties>
  <visualProperties x="1218" y="249">
    <element href="assembly.xml#WorkdayOutSoap"/>
  </visualProperties>
  <visualProperties x="1394" y="149">
    <element href="assembly.xml#AsyncMediation3"/>
  </visualProperties>
  <visualProperties x="1202" y="196">
    <element href="assembly.xml#AsyncMediation4"/>
  </visualProperties>
  <connections type="routesTo" sourceAnchorX="1.0" sourceAnchorY="0.6216216216216216" targetAnchorX="0.1968503937007874" targetAnchorY="0.5652173913043478">
    <source href="assembly.xml#StartHere"/>
    <target href="assembly.xml#AsyncMediation"/>
  </connections>
  <connections type="routesTo" sourceAnchorX="1.0" sourceAnchorY="0.30851063829787234" targetAnchorX="0.2616822429906542" targetAnchorY="0.11666666666666667">
    <source href="assembly.xml#AsyncMediation"/>
    <target href="assembly.xml#Splitter"/>
  </connections>
  <connections type="routesTo" sourceAnchorX="0.6808510638297872" sourceAnchorY="1.0" targetAnchorX="0.09782608695652174" targetAnchorY="0.4864864864864865">
    <source href="assembly.xml#//@beans/@mixed.1/@route.0/@subRoute.2"/>
    <target href="assembly.xml#PutIntegrationMessage"/>
  </connections>
  <connections type="routesTo" sourceAnchorX="0.776595744680851" sourceAnchorY="1.0" targetAnchorX="0.22388059701492538" targetAnchorY="0.21739130434782608">
    <source href="assembly.xml#//@beans/@mixed.1/@splitter.0/@subRoute.0"/>
    <target href="assembly.xml#AsyncMediation2"/>
  </connections>
  <connections type="routesTo" sourceAnchorX="0.5212765957446809" sourceAnchorY="1.0" targetAnchorX="0.208955223880597" targetAnchorY="0.5957446808510638">
    <source href="assembly.xml#//@beans/@mixed.1/@route.0/@subRoute.0"/>
    <target href="assembly.xml#AsyncMediation0"/>
  </connections>
  <connections type="routesTo" sourceAnchorX="1.0" sourceAnchorY="0.7352941176470589" targetAnchorX="0.3358208955223881" targetAnchorY="0.648936170212766">
    <source href="assembly.xml#//@beans/@mixed.1/@route.0/@subRoute.1"/>
    <target href="assembly.xml#AsyncMediation1"/>
  </connections>
  <connections type="routesTo" sourceAnchorX="1.0" sourceAnchorY="0.23404255319148937" targetAnchorX="0.07894736842105263" targetAnchorY="0.6756756756756757">
    <source href="assembly.xml#AsyncMediation0"/>
    <target href="assembly.xml#WorkdayOutSoap"/>
  </connections>
  <connections type="routesTo" sourceAnchorX="1.0" sourceAnchorY="0.30851063829787234" targetAnchorX="0.07894736842105263" targetAnchorY="0.7027027027027027">
    <source href="assembly.xml#AsyncMediation1"/>
    <target href="assembly.xml#WorkdayOutSoap"/>
  </connections>
  <connections type="routesResponseTo" sourceAnchorX="0.875" sourceAnchorY="1.0" targetAnchorX="0.917910447761194" targetAnchorY="0.391304347826087">
    <source href="assembly.xml#WorkdayOutSoap"/>
    <target href="assembly.xml#AsyncMediation3"/>
  </connections>
  <connections type="routesTo" sourceAnchorX="1.0" sourceAnchorY="0.40425531914893614" targetAnchorX="0.40186915887850466" targetAnchorY="0.017543859649122806">
    <source href="assembly.xml#AsyncMediation2"/>
    <target href="assembly.xml#Route"/>
  </connections>
  <swimlanes x="183" y="68" name="Swimlane">
    <elements href="assembly.xml#StartHere"/>
    <elements href="assembly.xml#AsyncMediation"/>
    <elements href="assembly.xml#Splitter"/>
    <elements href="assembly.xml#AsyncMediation2"/>
    <elements href="assembly.xml#Route"/>
    <elements href="#//@swimlanes.1"/>
    <elements href="assembly.xml#AsyncMediation4"/>
    <elements href="assembly.xml#WorkdayOutSoap"/>
    <elements href="assembly.xml#AsyncMediation3"/>
  </swimlanes>
  <swimlanes x="806" y="165" name="Swimlane" orientation="VERTICAL">
    <elements href="assembly.xml#AsyncMediation0"/>
    <elements href="assembly.xml#AsyncMediation1"/>
    <elements href="assembly.xml#PutIntegrationMessage"/>
  </swimlanes>
</wdnm:Diagram>
