<?xml version="1.0" encoding="UTF-8"?>
<wdnm:Diagram xmlns:wdnm="http://workday.com/studio/editors/notation">
  <element href="assembly.xml#WorkdayAssembly"/>
  <visualProperties>
    <element href="assembly.xml#StartHere"/>
  </visualProperties>
  <visualProperties>
    <element href="assembly.xml#Init"/>
  </visualProperties>
  <visualProperties>
    <element href="assembly.xml#PIMInit"/>
  </visualProperties>
  <visualProperties>
    <element href="assembly.xml#CallFileRetrieval"/>
  </visualProperties>
  <visualProperties>
    <element href="assembly.xml#CallGetWorker"/>
  </visualProperties>
  <visualProperties>
    <element href="assembly.xml#CallValidateFile"/>
  </visualProperties>
  <visualProperties>
    <element href="assembly.xml#FileRetrieval"/>
  </visualProperties>
  <visualProperties>
    <element href="assembly.xml#AsyncMediation"/>
  </visualProperties>
  <visualProperties>
    <element href="assembly.xml#PIMFileRetrieval"/>
  </visualProperties>
  <visualProperties>
    <element href="assembly.xml#ValidateFile"/>
  </visualProperties>
  <visualProperties>
    <element href="assembly.xml#AsyncMediation0"/>
  </visualProperties>
  <visualProperties>
    <element href="assembly.xml#Splitter"/>
  </visualProperties>
  <visualProperties>
    <element href="assembly.xml#Auditlog"/>
  </visualProperties>
  <visualProperties>
    <element href="assembly.xml#//@beans/@mixed.1/@mixed.3"/>
  </visualProperties>
  <visualProperties>
    <element href="assembly.xml#Note-Error"/>
  </visualProperties>
  <visualProperties x="527" y="859">
    <element href="assembly.xml#StandardSplit"/>
  </visualProperties>
  <visualProperties x="686" y="859">
    <element href="assembly.xml#SplitContent"/>
  </visualProperties>
  <visualProperties>
    <element href="assembly.xml#Header"/>
  </visualProperties>
  <visualProperties>
    <element href="assembly.xml#Schema"/>
  </visualProperties>
  <visualProperties>
    <element href="assembly.xml#AsyncMediation40"/>
  </visualProperties>
  <visualProperties>
    <element href="assembly.xml#AddEmp-Hashset"/>
  </visualProperties>
  <visualProperties>
    <element href="assembly.xml#CloseBatch"/>
  </visualProperties>
  <visualProperties>
    <element href="assembly.xml#Agg.AllInputWorkers"/>
  </visualProperties>
  <visualProperties x="944" y="815">
    <element href="assembly.xml#AsyncMediation20"/>
  </visualProperties>
  <visualProperties>
    <element href="assembly.xml#retrieveWorkerData"/>
  </visualProperties>
  <visualProperties>
    <element href="assembly.xml#AsyncMediation41"/>
  </visualProperties>
  <visualProperties>
    <element href="assembly.xml#GetWorker0"/>
  </visualProperties>
  <visualProperties>
    <element href="assembly.xml#Call-CleanID"/>
  </visualProperties>
  <visualProperties>
    <element href="assembly.xml#WorkerResponse"/>
  </visualProperties>
  <visualProperties>
    <element href="assembly.xml#Splitter20"/>
  </visualProperties>
  <visualProperties>
    <element href="assembly.xml#AsyncMediation30"/>
  </visualProperties>
  <visualProperties>
    <element href="assembly.xml#CleanInvalidEEids"/>
  </visualProperties>
  <visualProperties>
    <element href="assembly.xml#SyncMediation0"/>
  </visualProperties>
  <visualProperties>
    <element href="assembly.xml#Splitter200"/>
  </visualProperties>
  <visualProperties>
    <element href="assembly.xml#PutIntegrationMessage00"/>
  </visualProperties>
  <visualProperties>
    <element href="assembly.xml#DeleteInvalidID"/>
  </visualProperties>
  <visualProperties x="531" y="2256">
    <element href="assembly.xml#AsyncMediation15"/>
  </visualProperties>
  <visualProperties x="482" y="2527">
    <element href="assembly.xml#WorkdayOutSoap0"/>
  </visualProperties>
  <visualProperties x="480" y="2475">
    <element href="assembly.xml#AsyncMediation150"/>
  </visualProperties>
  <visualProperties x="515" y="2430">
    <element href="assembly.xml#AppendDownStreamErrorlog"/>
  </visualProperties>
  <visualProperties x="508" y="2793">
    <element href="assembly.xml#AsyncMediation3"/>
  </visualProperties>
  <visualProperties x="689" y="2793">
    <element href="assembly.xml#AsyncMediation400"/>
  </visualProperties>
  <visualProperties x="1277" y="267">
    <element href="assembly.xml#CallAuditLog"/>
  </visualProperties>
  <visualProperties x="505" y="2213">
    <element href="assembly.xml#CallReleaseBatch0"/>
  </visualProperties>
  <visualProperties x="1034" y="502">
    <element href="assembly.xml#Call-CloseAgg"/>
  </visualProperties>
  <visualProperties x="292" y="1341">
    <element href="assembly.xml#writeError"/>
  </visualProperties>
  <visualProperties x="1177" y="1243">
    <element href="assembly.xml#writeError0"/>
  </visualProperties>
  <visualProperties x="334" y="1353">
    <element href="assembly.xml#writeError00"/>
  </visualProperties>
  <visualProperties x="347" y="3260">
    <element href="assembly.xml#ReleaseBatch"/>
  </visualProperties>
  <visualProperties x="303" y="3134">
    <element href="assembly.xml#AppendDownStreamErrorlog0"/>
  </visualProperties>
  <visualProperties x="248" y="3386">
    <element href="assembly.xml#ValidationModeOffCycle"/>
  </visualProperties>
  <visualProperties x="220" y="3524">
    <element href="assembly.xml#AppendDownStreamErrorlog1"/>
  </visualProperties>
  <visualProperties x="321" y="3363">
    <element href="assembly.xml#SyncMediation"/>
  </visualProperties>
  <visualProperties x="338" y="2192">
    <element href="assembly.xml#GetWorker"/>
  </visualProperties>
  <visualProperties x="115" y="2997">
    <element href="assembly.xml#PutIntegrationMessage6"/>
  </visualProperties>
  <visualProperties x="527" y="2779">
    <element href="assembly.xml#IntegrationComplete"/>
  </visualProperties>
  <connections type="routesTo" sourceAnchorX="0.9159663865546218" sourceAnchorY="0.3783783783783784" targetAnchorX="0.27972027972027974" targetAnchorY="0.5543478260869565">
    <source href="assembly.xml#StartHere"/>
    <target href="assembly.xml#Init"/>
  </connections>
  <connections type="routesTo" sourceAnchorX="0.8899082568807339" sourceAnchorY="0.6220472440944882" targetAnchorX="0.0949367088607595" targetAnchorY="0.3783783783783784">
    <source href="assembly.xml#Init"/>
    <target href="assembly.xml#CallFileRetrieval"/>
  </connections>
  <connections type="routesTo" sourceAnchorX="0.5955882352941176" sourceAnchorY="1.0" targetAnchorX="0.5560975609756098" targetAnchorY="0.7027027027027027">
    <source href="assembly.xml#//@beans/@mixed.1/@mixed.27/@mixed.3"/>
    <target href="assembly.xml#PIMInit"/>
  </connections>
  <connections type="routesTo" sourceAnchorX="0.8321167883211679" sourceAnchorY="1.0" targetAnchorX="0.07692307692307693" targetAnchorY="0.46875">
    <source href="assembly.xml#FileRetrieval"/>
    <target href="assembly.xml#AsyncMediation"/>
  </connections>
  <connections type="routesTo">
    <source href="assembly.xml#//@beans/@mixed.1/@mixed.15/@mixed.3"/>
    <target href="assembly.xml#PIMFileRetrieval"/>
  </connections>
  <connections type="routesTo" sourceAnchorX="0.9296875" sourceAnchorY="1.0" targetAnchorX="0.08609271523178808" targetAnchorY="0.4673913043478261">
    <source href="assembly.xml#ValidateFile"/>
    <target href="assembly.xml#AsyncMediation0"/>
  </connections>
  <connections type="routesTo" sourceAnchorX="0.9602649006622517" sourceAnchorY="0.6770833333333334" targetAnchorX="0.05982905982905983">
    <source href="assembly.xml#AsyncMediation0"/>
    <target href="assembly.xml#Splitter"/>
  </connections>
  <connections type="routesTo" sourceAnchorX="0.9669421487603306" sourceAnchorY="0.43243243243243246" targetAnchorX="0.06060606060606061" targetAnchorY="0.3783783783783784">
    <source href="assembly.xml#//@beans/@mixed.1/@mixed.3"/>
    <target href="assembly.xml#Note-Error"/>
  </connections>
  <connections type="routesTo" sourceAnchorX="0.5775862068965517" sourceAnchorY="1.0" targetAnchorX="0.23140495867768596" targetAnchorY="0.29239766081871343">
    <source href="assembly.xml#//@beans/@mixed.1/@splitter.1/@subRoute.0"/>
    <target href="assembly.xml#SplitContent"/>
  </connections>
  <connections type="routesTo" sourceAnchorX="0.8055555555555556" sourceAnchorY="1.0" targetAnchorX="0.15853658536585366" targetAnchorY="0.44565217391304346">
    <source href="assembly.xml#//@beans/@mixed.1/@route.0/@subRoute.0"/>
    <target href="assembly.xml#Header"/>
  </connections>
  <connections type="routesTo" sourceAnchorX="0.9074074074074074" sourceAnchorY="1.0" targetAnchorX="0.08641975308641975" targetAnchorY="0.47244094488188976">
    <source href="assembly.xml#//@beans/@mixed.1/@route.0/@subRoute.1"/>
    <target href="assembly.xml#Schema"/>
  </connections>
  <connections type="routesTo" sourceAnchorX="0.7037037037037037" sourceAnchorY="1.0" targetAnchorX="0.11320754716981132" targetAnchorY="0.49606299212598426">
    <source href="assembly.xml#//@beans/@mixed.1/@route.0/@subRoute.2"/>
    <target href="assembly.xml#AsyncMediation40"/>
  </connections>
  <connections type="routesTo" sourceAnchorX="1.0" sourceAnchorY="0.2047244094488189" targetAnchorX="0.3953488372093023" targetAnchorY="0.4797979797979798">
    <source href="assembly.xml#AsyncMediation"/>
    <target href="assembly.xml#StandardSplit"/>
  </connections>
  <connections type="routesTo" sourceAnchorX="1.0" sourceAnchorY="0.15748031496062992" targetAnchorX="0.034482758620689655" targetAnchorY="0.4716981132075472">
    <source href="assembly.xml#AddEmp-Hashset"/>
    <target href="assembly.xml#Agg.AllInputWorkers"/>
  </connections>
  <connections type="routesTo">
    <source href="assembly.xml#CloseBatch"/>
    <target href="assembly.xml#Agg.AllInputWorkers"/>
  </connections>
  <connections type="routesTo" sourceAnchorX="1.0" sourceAnchorY="0.2641509433962264" targetAnchorX="0.1069182389937107" targetAnchorY="0.65625">
    <source href="assembly.xml#Agg.AllInputWorkers"/>
    <target href="assembly.xml#AsyncMediation20"/>
  </connections>
  <connections type="routesTo" sourceAnchorX="1.0" sourceAnchorY="0.2204724409448819" targetAnchorX="0.050955414012738856" targetAnchorY="0.6377952755905512">
    <source href="assembly.xml#Schema"/>
    <target href="assembly.xml#AddEmp-Hashset"/>
  </connections>
  <connections type="routesTo" sourceAnchorX="0.6956521739130435" sourceAnchorY="1.0" targetAnchorX="0.0594059405940594" targetAnchorY="0.4645669291338583">
    <source href="assembly.xml#retrieveWorkerData"/>
    <target href="assembly.xml#AsyncMediation41"/>
  </connections>
  <connections type="routesTo" sourceAnchorX="0.7384615384615385" sourceAnchorY="1.0" targetAnchorX="0.2805755395683453" targetAnchorY="0.40540540540540543">
    <source href="assembly.xml#//@beans/@mixed.1/@mixed.59/@mixed.3"/>
    <target href="assembly.xml#Call-CleanID"/>
  </connections>
  <connections type="routesTo" sourceAnchorX="0.0" sourceAnchorY="0.31521739130434784" targetAnchorX="0.3925233644859813" targetAnchorY="0.22727272727272727">
    <source href="assembly.xml#WorkerResponse"/>
    <target href="assembly.xml#Splitter20"/>
  </connections>
  <connections type="routesTo" sourceAnchorX="1.0" sourceAnchorY="0.38235294117647056" targetAnchorX="0.41044776119402987" targetAnchorY="0.05434782608695652">
    <source href="assembly.xml#//@beans/@mixed.1/@splitter.2/@subRoute.0"/>
    <target href="assembly.xml#AsyncMediation30"/>
  </connections>
  <connections type="routesTo" sourceAnchorX="0.603448275862069" sourceAnchorY="1.0" targetAnchorX="0.05116279069767442" targetAnchorY="0.3422459893048128">
    <source href="assembly.xml#CleanInvalidEEids"/>
    <target href="assembly.xml#SyncMediation0"/>
  </connections>
  <connections type="routesTo" sourceAnchorX="1.0" sourceAnchorY="0.19333333333333333" targetAnchorX="0.4392523364485981" targetAnchorY="0.5583333333333333">
    <source href="assembly.xml#SyncMediation0"/>
    <target href="assembly.xml#Splitter200"/>
  </connections>
  <connections type="routesTo" sourceAnchorX="0.7355769230769231" sourceAnchorY="1.0" targetAnchorX="0.22624434389140272" targetAnchorY="0.32432432432432434">
    <source href="assembly.xml#//@beans/@mixed.1/@mixed.69/@mixed.5"/>
    <target href="assembly.xml#PutIntegrationMessage00"/>
  </connections>
  <connections type="routesTo" sourceAnchorX="0.6382978723404256" sourceAnchorY="1.0" targetAnchorX="0.4" targetAnchorY="0.288">
    <source href="assembly.xml#//@beans/@mixed.1/@splitter.3/@subRoute.0"/>
    <target href="assembly.xml#DeleteInvalidID"/>
  </connections>
  <connections type="routesTo" sourceAnchorX="0.4198473282442748" sourceAnchorY="1.0" targetAnchorX="0.6877828054298643" targetAnchorY="0.35135135135135137">
    <source href="assembly.xml#//@beans/@mixed.1/@mixed.63/@mixed.3"/>
    <target href="assembly.xml#PutIntegrationMessage00"/>
  </connections>
  <connections type="routesTo" sourceAnchorX="0.6153846153846154" sourceAnchorY="1.0" targetAnchorX="0.05352112676056338" targetAnchorY="0.4015748031496063">
    <source href="assembly.xml#//@beans/@mixed.1/@splitter.0/@subRoute.0"/>
    <target href="assembly.xml#AsyncMediation15"/>
  </connections>
  <connections type="routesResponseTo" sourceAnchorX="0.477124183006536" sourceAnchorY="1.0" targetAnchorX="0.4258064516129032" targetAnchorY="0.40540540540540543">
    <source href="assembly.xml#CallGetWorker"/>
    <target href="assembly.xml#CallValidateFile"/>
  </connections>
  <connections type="routesTo" sourceAnchorX="1.0" sourceAnchorY="0.2916666666666667" targetAnchorX="0.15894039735099338" targetAnchorY="0.5208333333333334">
    <source href="assembly.xml#AsyncMediation3"/>
    <target href="assembly.xml#AsyncMediation400"/>
  </connections>
  <connections type="routesTo" sourceAnchorX="1.0" sourceAnchorY="0.8378378378378378" targetAnchorX="0.2980132450331126" targetAnchorY="0.75">
    <source href="assembly.xml#Auditlog"/>
    <target href="assembly.xml#AsyncMediation3"/>
  </connections>
  <connections type="routesResponseTo" sourceAnchorX="0.6387096774193548" sourceAnchorY="1.0" targetAnchorX="0.2971014492753623" targetAnchorY="0.7297297297297297">
    <source href="assembly.xml#CallValidateFile"/>
    <target href="assembly.xml#CallAuditLog"/>
  </connections>
  <connections type="routesTo" sourceAnchorX="1.0" sourceAnchorY="0.2125984251968504" targetAnchorX="0.49079754601226994" targetAnchorY="0.6486486486486487">
    <source href="assembly.xml#AsyncMediation15"/>
    <target href="assembly.xml#CallReleaseBatch0"/>
  </connections>
  <connections type="routesResponseTo" sourceAnchorX="0.7901234567901234" sourceAnchorY="1.0" targetAnchorX="0.22" targetAnchorY="0.5945945945945946">
    <source href="assembly.xml#CallFileRetrieval"/>
    <target href="assembly.xml#Call-CloseAgg"/>
  </connections>
  <connections type="routesResponseTo" sourceAnchorX="0.7066666666666667" sourceAnchorY="1.0" targetAnchorX="0.21568627450980393" targetAnchorY="0.6756756756756757">
    <source href="assembly.xml#Call-CloseAgg"/>
    <target href="assembly.xml#CallGetWorker"/>
  </connections>
  <connections type="routesTo" sourceAnchorX="0.65" sourceAnchorY="1.0" targetAnchorX="0.5867768595041323" targetAnchorY="0.21621621621621623">
    <source href="assembly.xml#//@beans/@mixed.1/@mixed.33/@mixed.3"/>
    <target href="assembly.xml#writeError"/>
  </connections>
  <connections type="routesTo" sourceAnchorX="0.52" sourceAnchorY="1.0" targetAnchorX="0.6976744186046512" targetAnchorY="0.40540540540540543">
    <source href="assembly.xml#//@beans/@mixed.1/@mixed.47/@mixed.3"/>
    <target href="assembly.xml#writeError0"/>
  </connections>
  <connections type="routesTo" sourceAnchorX="0.7333333333333333" sourceAnchorY="1.0" targetAnchorX="0.5547445255474452" targetAnchorY="0.43243243243243246">
    <source href="assembly.xml#//@beans/@mixed.1/@mixed.41/@mixed.3"/>
    <target href="assembly.xml#writeError00"/>
  </connections>
  <connections type="routesTo" sourceAnchorX="0.5653846153846154" sourceAnchorY="1.0" targetAnchorX="0.5063291139240507" targetAnchorY="0.23958333333333334">
    <source href="assembly.xml#//@beans/@mixed.1/@mixed.73/@mixed.3"/>
    <target href="assembly.xml#AppendDownStreamErrorlog0"/>
  </connections>
  <connections type="routesTo" sourceAnchorX="0.24468085106382978" sourceAnchorY="1.0" targetAnchorX="0.39737991266375544" targetAnchorY="0.46875">
    <source href="assembly.xml#//@beans/@mixed.1/@mixed.103/@mixed.3"/>
    <target href="assembly.xml#AppendDownStreamErrorlog1"/>
  </connections>
  <connections type="routesTo" sourceAnchorX="0.3333333333333333" sourceAnchorY="1.0" targetAnchorX="0.5065502183406113" targetAnchorY="0.2708333333333333">
    <source href="assembly.xml#//@beans/@mixed.1/@mixed.105/@mixed.5"/>
    <target href="assembly.xml#AppendDownStreamErrorlog"/>
  </connections>
  <connections type="routesTo" sourceAnchorX="0.8590604026845637" sourceAnchorY="1.0" targetAnchorX="0.15441176470588236" targetAnchorY="0.35294117647058826">
    <source href="assembly.xml#ReleaseBatch"/>
    <target href="assembly.xml#SyncMediation"/>
  </connections>
  <connections type="routesTo" sourceAnchorX="1.0" sourceAnchorY="0.11229946524064172" targetAnchorX="0.06666666666666667" targetAnchorY="0.12598425196850394">
    <source href="assembly.xml#SyncMediation"/>
    <target href="assembly.xml#ValidationModeOffCycle"/>
  </connections>
  <connections type="routesTo" sourceAnchorX="1.0" sourceAnchorY="0.12598425196850394" targetAnchorX="0.2983425414364641" targetAnchorY="0.5135135135135135">
    <source href="assembly.xml#ValidationModeOffCycle"/>
    <target href="assembly.xml#WorkdayOutSoap0"/>
  </connections>
  <connections type="routesResponseTo" sourceAnchorX="0.9060773480662984" sourceAnchorY="1.0" targetAnchorX="0.15789473684210525" targetAnchorY="0.5625">
    <source href="assembly.xml#WorkdayOutSoap0"/>
    <target href="assembly.xml#AsyncMediation150"/>
  </connections>
  <connections type="routesTo" sourceAnchorX="1.0" sourceAnchorY="0.1968503937007874" targetAnchorX="0.1640625" targetAnchorY="0.32432432432432434">
    <source href="assembly.xml#AsyncMediation41"/>
    <target href="assembly.xml#GetWorker"/>
  </connections>
  <connections type="routesResponseTo" sourceAnchorX="0.3984375" sourceAnchorY="1.0" targetAnchorX="0.27927927927927926" targetAnchorY="0.14285714285714285">
    <source href="assembly.xml#GetWorker"/>
    <target href="assembly.xml#Splitter20"/>
  </connections>
  <connections type="routesResponseTo" sourceAnchorX="0.7913669064748201" sourceAnchorY="1.0" targetAnchorX="0.6747967479674797" targetAnchorY="0.5135135135135135">
    <source href="assembly.xml#Call-CleanID"/>
    <target href="assembly.xml#GetWorker"/>
  </connections>
  <connections type="routesTo" sourceAnchorX="0.8078817733990148" sourceAnchorY="1.0" targetAnchorX="0.5446009389671361" targetAnchorY="0.5405405405405406">
    <source href="assembly.xml#//@beans/@mixed.1/@mixed.9/@mixed.3"/>
    <target href="assembly.xml#PutIntegrationMessage6"/>
  </connections>
  <connections type="routesTo" sourceAnchorX="1.0" sourceAnchorY="0.2736842105263158" targetAnchorX="0.1" targetAnchorY="0.3783783783783784">
    <source href="assembly.xml#AsyncMediation400"/>
    <target href="assembly.xml#IntegrationComplete"/>
  </connections>
  <swimlanes font="Arial|9|3" fontColor="1" name="Initialization" orientation="VERTICAL" alignment="MIDDLE">
    <elements href="assembly.xml#Init"/>
    <elements href="assembly.xml#PIMInit"/>
  </swimlanes>
  <swimlanes x="-8" y="397" font="Arial|9|3" bgColor="8454143" fontColor="1" name="Main Section" alignment="MIDDLE">
    <elements href="assembly.xml#StartHere"/>
    <elements href="#//@swimlanes.0"/>
    <elements href="assembly.xml#CallFileRetrieval"/>
    <elements href="assembly.xml#Call-CloseAgg"/>
    <elements href="assembly.xml#CallGetWorker"/>
    <elements href="assembly.xml#CallValidateFile"/>
    <elements href="assembly.xml#CallAuditLog"/>
  </swimlanes>
  <swimlanes bgColor="33023" name="Swimlane" orientation="VERTICAL" alignment="MIDDLE">
    <elements href="assembly.xml#AsyncMediation"/>
    <elements href="assembly.xml#PIMFileRetrieval"/>
  </swimlanes>
  <swimlanes x="240" y="761" font="Arial|9|3" bgColor="16744703" fontColor="1" name="File Retrieval" alignment="MIDDLE">
    <elements href="assembly.xml#FileRetrieval"/>
    <elements href="#//@swimlanes.2"/>
    <elements href="assembly.xml#StandardSplit"/>
    <elements href="assembly.xml#SplitContent"/>
    <elements href="#//@swimlanes.11"/>
    <elements href="#//@swimlanes.12"/>
    <elements href="#//@swimlanes.13"/>
    <elements href="assembly.xml#AsyncMediation20"/>
    <elements href="assembly.xml#writeError00"/>
  </swimlanes>
  <swimlanes name="Swimlane" orientation="VERTICAL" alignment="MIDDLE">
    <elements href="assembly.xml#AsyncMediation15"/>
    <elements href="assembly.xml#AppendDownStreamErrorlog0"/>
  </swimlanes>
  <swimlanes font="Arial|9|3" bgColor="32896" fontColor="1" name="ValidateFile" alignment="MIDDLE">
    <elements href="assembly.xml#ValidateFile"/>
    <elements href="#//@swimlanes.21"/>
    <elements href="assembly.xml#Splitter"/>
    <elements href="#//@swimlanes.4"/>
    <elements href="assembly.xml#CallReleaseBatch0"/>
  </swimlanes>
  <swimlanes name="Swimlane" orientation="VERTICAL" alignment="MIDDLE">
    <elements href="assembly.xml#SyncMediation"/>
    <elements href="assembly.xml#AppendDownStreamErrorlog"/>
  </swimlanes>
  <swimlanes font="Arial|9|3" bgColor="65535" fontColor="1" name="Release Batch" alignment="MIDDLE">
    <elements href="assembly.xml#ReleaseBatch"/>
    <elements href="#//@swimlanes.6"/>
    <elements href="assembly.xml#AppendDownStreamErrorlog1"/>
    <elements href="assembly.xml#ValidationModeOffCycle"/>
    <elements href="assembly.xml#WorkdayOutSoap0"/>
    <elements href="assembly.xml#AsyncMediation150"/>
  </swimlanes>
  <swimlanes font="Arial|9|3" bgColor="32896" fontColor="1" name="Generate Audit Log" alignment="MIDDLE">
    <elements href="assembly.xml#Auditlog"/>
    <elements href="assembly.xml#AsyncMediation3"/>
    <elements href="assembly.xml#AsyncMediation400"/>
    <elements href="assembly.xml#IntegrationComplete"/>
  </swimlanes>
  <swimlanes font="Arial|9|3" fontColor="1" name="Global Error Handler">
    <elements href="assembly.xml#//@beans/@mixed.1/@mixed.3"/>
    <elements href="assembly.xml#Note-Error"/>
  </swimlanes>
  <swimlanes x="6" y="13" font="Arial|9|3" bgColor="12632256" fontColor="1" name="Outline" orientation="VERTICAL" elements="//@swimlanes.1 //@swimlanes.3 //@swimlanes.18 //@swimlanes.17 //@swimlanes.20 //@swimlanes.5 //@swimlanes.7 //@swimlanes.8 //@swimlanes.9"/>
  <swimlanes x="837" y="859" name="Swimlane" orientation="VERTICAL">
    <elements href="assembly.xml#Header"/>
    <elements href="assembly.xml#Schema"/>
    <elements href="assembly.xml#writeError"/>
    <elements href="assembly.xml#AsyncMediation40"/>
  </swimlanes>
  <swimlanes x="418" y="815" name="Swimlane" orientation="VERTICAL">
    <elements href="assembly.xml#AddEmp-Hashset"/>
    <elements href="assembly.xml#writeError0"/>
  </swimlanes>
  <swimlanes x="710" y="815" name="Swimlane" orientation="VERTICAL">
    <elements href="assembly.xml#CloseBatch"/>
    <elements href="assembly.xml#Agg.AllInputWorkers"/>
  </swimlanes>
  <swimlanes bgColor="16777215" name="GetWorker Request and Error Log" orientation="VERTICAL" alignment="MIDDLE">
    <elements href="assembly.xml#AsyncMediation41"/>
  </swimlanes>
  <swimlanes bgColor="16777215" name="Swimlane" orientation="VERTICAL">
    <elements href="assembly.xml#GetWorker"/>
    <elements href="assembly.xml#Call-CleanID"/>
  </swimlanes>
  <swimlanes name="Swimlane" orientation="VERTICAL">
    <elements href="assembly.xml#WorkerResponse"/>
  </swimlanes>
  <swimlanes x="1016" y="1523" bgColor="16777215" fgColor="12320699" name="" alignment="MIDDLE" topBorderColor="12320699">
    <elements href="#//@swimlanes.16"/>
    <elements href="assembly.xml#Splitter20"/>
    <elements href="assembly.xml#AsyncMediation30"/>
  </swimlanes>
  <swimlanes x="386" y="1423" bgColor="16777088" name="Swimlane">
    <elements href="assembly.xml#retrieveWorkerData"/>
    <elements href="#//@swimlanes.14"/>
    <elements href="#//@swimlanes.15"/>
    <elements href="assembly.xml#GetWorker0"/>
  </swimlanes>
  <swimlanes font="Arial|10|1" bgColor="16777215" fgColor="12320699" fontColor="1" name="Split by each invalid record" orientation="VERTICAL" alignment="MIDDLE" topBorderColor="4194368">
    <elements href="assembly.xml#Splitter200"/>
    <elements href="assembly.xml#PutIntegrationMessage00"/>
  </swimlanes>
  <swimlanes x="575" y="2445" bgColor="12615808" name="Swimlane">
    <elements href="assembly.xml#CleanInvalidEEids"/>
    <elements href="assembly.xml#SyncMediation0"/>
    <elements href="#//@swimlanes.19"/>
    <elements href="assembly.xml#DeleteInvalidID"/>
  </swimlanes>
  <swimlanes x="503" y="2830" name="Swimlane" orientation="VERTICAL">
    <elements href="assembly.xml#AsyncMediation0"/>
    <elements href="assembly.xml#PutIntegrationMessage6"/>
  </swimlanes>
</wdnm:Diagram>
