<?xml version="1.0" encoding="UTF-8"?>
<beans
     xmlns="http://www.springframework.org/schema/beans"
     xmlns:beans="http://www.springframework.org/schema/beans"
     xmlns:atom="http://www.w3.org/2005/Atom"
     xmlns:cc="http://www.capeclear.com/assembly/10"
     xmlns:cloud="urn:com.workday/esb/cloud/10.0"
     xmlns:env="http://schemas.xmlsoap.org/soap/envelope/"
     xmlns:pi="urn:com.workday/picof"
     xmlns:wd="urn:com.workday/bsvc"
     xmlns:xsi="http://www.w3.org/2001/XMLSchema-instance">
 
	<cc:assembly id="WorkdayAssembly" version="2020.9">
        <cc:workday-in id="StartHere" routes-to="Initialize">
            <cc:integration-system name="INT9112 Ariba Supplier Invoice Inbound (Studio)">
        <cloud:param name="Validation Mode">
          <cloud:type>
            <cloud:simple-type>boolean</cloud:simple-type>
          </cloud:type>
        </cloud:param>
        <cloud:attribute-map-service name="INT9112_Ariba_Supplier_Invoice_Inbound_Attribute_Map_Service">
          <cloud:attribute name="Workday WSDL Version">
            <cloud:type>
              <cloud:simple-type>text</cloud:simple-type>
            </cloud:type>
          </cloud:attribute>
          <cloud:attribute name="Document Retention Policy">
            <cloud:type>
              <cloud:simple-type>number</cloud:simple-type>
            </cloud:type>
          </cloud:attribute>
        </cloud:attribute-map-service>
        <cloud:retrieval-service name="INT9112_Ariba_Supplier_Invoice_Inbound_Retrieval_Service"/>
      </cc:integration-system>
        </cc:workday-in>
        <cc:async-mediation id="Initialize" routes-to="Call_RetrieveFiles">
            <cc:steps>
                <cc:eval id="Eval">
                    <cc:expression>props['TotalCount'] = 0</cc:expression>
                    <cc:expression>props['ErrorCount'] = 0</cc:expression>
                    <cc:expression>props['SuccessCount'] = 0</cc:expression>
                    <cc:expression>props['WarningCount'] = 0</cc:expression>
                    <cc:expression>props['RecordCount'] = 1</cc:expression>
                    <cc:expression>props['lp.validationMode'] = (Boolean)lp.getSimpleData('Validation Mode')</cc:expression>
                    <cc:expression>props['ia.workdayWSDLVersion'] = intsys.getAttribute('Workday WSDL Version')</cc:expression>
                    <cc:expression>props['ia.documentRetentionPolicy'] = intsys.getAttribute('Document Retention Policy')</cc:expression>
                </cc:eval>
            </cc:steps>
            <cc:send-error id="SendError" routes-to="PIM-Initialize-Error"/>
        </cc:async-mediation>
        <cc:local-in id="RetrieveFiles" routes-to="PIMValidationMode"/>
        <cc:local-out id="Call_RetrieveFiles" store-message="none" routes-response-to="Call_GetSupplierInvoiceData" endpoint="vm://INT9112_Ariba_Supplier_Invoice_Inbound/RetrieveFiles"/>
        <cc:local-out id="PIM-Initialize-Error" endpoint="vm://wcc/PutIntegrationMessage">
            <cc:set name="is.message.severity" value="'ERROR'"/>
            <cc:set name="is.message.summary" value="'Error during initialization.'"/>
            <cc:set name="is.message.detail" value="context.getErrorMessage()"/>
        </cc:local-out>
        <cc:local-out id="PIMValidationMode" execute-when="props['lp.validationMode']" routes-response-to="Validate-File-Retrieved" endpoint="vm://wcc/PutIntegrationMessage"><cc:set name="is.message.severity" value="'WARNING'"/><cc:set name="is.message.summary" value="'Validation Mode Enabled. No records will be updated.'"/></cc:local-out>
        <cc:async-mediation id="Validate-File-Retrieved" routes-to="Retrieve_Files">
            <cc:steps>
                <cc:validate-exp id="ValidateExp">
                    <cc:expression failure-message="'No input files detected, problem occured during retrieval process. Please check if the document is on the sftp server and is named properly.'">da.hasFile('*.csv')</cc:expression>
                </cc:validate-exp>
            </cc:steps>
            <cc:send-error id="SendError" routes-to="PIM-No-File"/>
        </cc:async-mediation>
        <cc:local-out id="PIM-No-File" endpoint="vm://wcc/PutIntegrationMessage">
            <cc:set name="is.message.severity" value="'ERROR'"/>
            <cc:set name="is.message.summary" value="'Failed to Retrieve File(s).'"/>
            <cc:set name="is.message.detail" value="'No input files detected, problem occured during retrieval process. Please check if the document is on the sftp server and is named properly.'"/>
        </cc:local-out>
        <cc:route id="Retrieve_Files">
            <cc:doc-iterator variable-name="v.Input_File"/>
            <cc:sub-route name="SubRoute" routes-to="GetFilename"/>
        </cc:route>
        <cc:async-mediation id="GetFilename" routes-to="RouteByFilename">
            <cc:steps>
                <cc:eval id="Eval">
                    <cc:expression>props['filename'] = vars['v.Input_File'].fileName.toLowerCase()</cc:expression>
                </cc:eval>
                <cc:log id="Log">
                    <cc:log-message>
                        <cc:text>*****LOG 1*****&#xD;
Input Filename = @{props['filename']}</cc:text>
                    </cc:log-message>
                </cc:log>
            </cc:steps>
            <cc:send-error id="SendError" routes-to="PIM-No-Route"/>
        </cc:async-mediation>
        <cc:local-out id="PIM-No-Route" endpoint="vm://wcc/PutIntegrationMessage"><cc:set name="is.message.severity" value="'ERROR'"/><cc:set name="is.message.summary" value="'No matching Route for the Input file: ' + props['filename'] + ' Please check the input file name.'"/><cc:set name="is.message.detail" value="context.getErrorMessage()"/></cc:local-out>
        <cc:route id="RouteByFilename">
            <cc:mvel-strategy>
                <cc:choose-route expression="props['filename'] == 'paymentbankexport.csv' || props['filename'] == 'test_paymentbankexport.csv' || props['filename'] == 'final_sample-file_paymentbankexport.csv'" route="PaymentBankExport"/>
                <cc:choose-route expression="props['filename'] == 'paymentdetailexport.csv' || props['filename'] == 'test_paymentdetailexport.csv' || props['filename'] == 'final_sample-file_paymentdetailexport.csv'" route="PaymentDetailExport"/>
                <cc:choose-route expression="props['filename'] == 'paymentheaderexport.csv' || props['filename'] == 'test_paymentheaderexport.csv' || props['filename'] == 'final_sample-file_paymentheaderexport.csv'" route="PaymentHeaderExport"/>
                <cc:choose-route expression="props['filename'] == 'paymentsplitaccountingexport.csv' || props['filename'] == 'test_paymentsplitaccountingexport.csv' || props['filename'] == 'final_sample-file_paymentsplitaccountingexport.csv'" route="PaymentSplitAccountingExport"/>
            </cc:mvel-strategy>
            <cc:sub-route name="PaymentBankExport" routes-to="Call_PaymentBankExport"/>
            <cc:sub-route name="PaymentDetailExport" routes-to="Call_PaymentDetailExport"/>
            <cc:sub-route name="PaymentHeaderExport" routes-to="Call_PaymentHeaderExport"/>
            <cc:sub-route name="PaymentSplitAccountingExport" routes-to="Call_PaymentSplitAccountingExport"/>
        </cc:route>
        <cc:local-out id="Call_PaymentBankExport" store-message="none" endpoint="vm://INT9112_Ariba_Supplier_Invoice_Inbound/PaymentBankExport"/>
        <cc:local-out id="Call_PaymentDetailExport" store-message="none" endpoint="vm://INT9112_Ariba_Supplier_Invoice_Inbound/PaymentDetailExport"/>
        <cc:local-out id="Call_PaymentHeaderExport" store-message="none" endpoint="vm://INT9112_Ariba_Supplier_Invoice_Inbound/PaymentHeaderExport"/>
        <cc:local-out id="Call_PaymentSplitAccountingExport" store-message="none" endpoint="vm://INT9112_Ariba_Supplier_Invoice_Inbound/PaymentSplitAccountingExport"/>
        <cc:local-in id="PaymentSplitAccountingExport" routes-to="ConvertPaymentSplitAccountingToXML"/>
        <cc:local-in id="PaymentHeaderExport" routes-to="ConvertPaymentHeaderExportToXML"/>
        <cc:local-in id="PaymentDetailExport" routes-to="ConvertPaymentDetailExportToXML"/>
        <cc:local-in id="PaymentBankExport" routes-to="ConvertPaymentBankExportToXML"/>
        <cc:async-mediation id="ConvertPaymentBankExportToXML" routes-to="Call_GetSupplierInvoiceData_PaymentBank">
            <cc:steps>
                <cc:copy id="Copy" input="variable" input-variable="v.Input_File"/>
                <cc:csv-to-xml id="CsvToXml" rootName="PaymentBank" rowName="PaymentBankRow"/>
                <cc:xslt id="Xslt" url="INT9112_RemoveHeaders_PaymentBank.xsl"/>
                <cc:log id="Log0">
                    <cc:log-message>
                        <cc:text>*****LOG - Payment Bank Export - After Removing Headers*****</cc:text>
                    </cc:log-message>
                </cc:log>
            </cc:steps>
            <cc:send-error id="SendError" routes-to="PIM-ConvertPaymentBankExport-Error"/>
        </cc:async-mediation>
        <cc:local-out id="PIM-ConvertPaymentBankExport-Error" endpoint="vm://wcc/PutIntegrationMessage"><cc:set name="is.message.severity" value="'ERROR'"/><cc:set name="is.message.summary" value="'ERROR - Transformation failure, most likely due to an input file failing to meet expected format.'"/><cc:set name="is.message.detail" value="context.getErrorMessage()"/></cc:local-out>
        <cc:local-out id="PIM-ConvertPaymentDetailExport-Error" endpoint="vm://wcc/PutIntegrationMessage">
            <cc:set name="is.message.severity" value="'ERROR'"/>
            <cc:set name="is.message.summary" value="'ERROR - Transformation failure, most likely due to an input file failing to meet expected format.'"/>
            <cc:set name="is.message.detail" value="context.getErrorMessage()"/>
        </cc:local-out>
        <cc:async-mediation id="ConvertPaymentDetailExportToXML" routes-to="Call_GetSupplierInvoiceData_PaymentDetail">
            <cc:steps>
                <cc:copy id="Copy" input="variable" input-variable="v.Input_File"/>
                <cc:csv-to-xml id="CsvToXml" rootName="PaymentDetail" rowName="PaymentDetailRow"/>
                <cc:xslt id="Xslt" url="INT9112_RemoveHeaders_PaymentDetails.xsl"/>
                <cc:log id="Log0">
                    <cc:log-message>
                        <cc:text>*****LOG - Payment Detail Export - After Removing Headers*****</cc:text>
                    </cc:log-message>
                </cc:log>
            </cc:steps>
            <cc:send-error id="SendError" routes-to="PIM-ConvertPaymentDetailExport-Error"/>
        </cc:async-mediation>
        <cc:local-out id="PIM-ConvertPaymentHeaderExport-Error" endpoint="vm://wcc/PutIntegrationMessage">
            <cc:set name="is.message.severity" value="'ERROR'"/>
            <cc:set name="is.message.summary" value="'ERROR - Transformation failure, most likely due to an input file failing to meet expected format.'"/>
            <cc:set name="is.message.detail" value="context.getErrorMessage()"/>
        </cc:local-out>
        <cc:async-mediation id="ConvertPaymentHeaderExportToXML" routes-to="Call_GetSupplierInvoiceData_PaymentHeader">
            <cc:steps>
                <cc:copy id="Copy" input="variable" input-variable="v.Input_File"/>
                <cc:csv-to-xml id="CsvToXml" rootName="PaymentHeader" rowName="PaymentHeaderRow"/>
                <cc:xslt id="Xslt" url="INT9112_RemoveHeaders_PaymentHeader.xsl"/>
                <cc:log id="Log0">
                    <cc:log-message>
                        <cc:text>*****LOG - Payment Header Export - After Removing Headers*****</cc:text>
                    </cc:log-message>
                </cc:log>
            </cc:steps>
            <cc:send-error id="SendError" routes-to="PIM-ConvertPaymentHeaderExport-Error"/>
        </cc:async-mediation>
        <cc:local-out id="PIM-ConvertPaymentSplitAccounting-Error" endpoint="vm://wcc/PutIntegrationMessage">
            <cc:set name="is.message.severity" value="'ERROR'"/>
            <cc:set name="is.message.summary" value="'ERROR - Transformation failure, most likely due to an input file failing to meet expected format.'"/>
            <cc:set name="is.message.detail" value="context.getErrorMessage()"/>
        </cc:local-out>
        <cc:async-mediation id="ConvertPaymentSplitAccountingToXML" routes-to="Call_GetSupplierInvoiceData_SplitPayment">
            <cc:steps>
                <cc:copy id="Copy" input="variable" input-variable="v.Input_File"/>
                <cc:csv-to-xml id="CsvToXml" rootName="SplitAccounting" rowName="SplitAccountingRow"/>
                <cc:xslt id="Xslt" url="INT9112_RemoveHeaders_SplitAccounting.xsl"/>
                <cc:log id="Log0">
                    <cc:log-message>
                        <cc:text>*****LOG - Payment Split Accounting - After Removing Headers*****</cc:text>
                    </cc:log-message>
                </cc:log>
            </cc:steps>
            <cc:send-error id="SendError" routes-to="PIM-ConvertPaymentSplitAccounting-Error"/>
        </cc:async-mediation>
        <cc:local-in id="GetSupplierInvoiceData" routes-to="AggregateXMLInput"/>
        <cc:aggregator id="AggregateXMLInput" routes-to="GroupInputXMLByInvoiceNumber" collate-when="!props['force.batch']" force-batch-on-last-message="false" force-batch-when="props['force.batch']">
            <cc:size-batch-strategy batch-size="-1"/>
            <cc:xml-message-content-collater>
        <cc:header-text>&lt;SupplierInvoice></cc:header-text>
        <cc:footer-text>&lt;/SupplierInvoice></cc:footer-text>
      </cc:xml-message-content-collater>
        </cc:aggregator>
        <cc:async-mediation id="GroupInputXMLByInvoiceNumber" routes-to="Splitter" handle-downstream-errors="true">
            <cc:steps>
                <cc:xslt id="Xslt" output="variable" output-variable="XML_Input_Processed" input="message" url="INT9112_GroupByInvoiceNumber.xsl"/>
                <cc:store id="StoreFileAfterGroupByInvoiceNumber" input="variable" input-variable="XML_Input_Processed" expiresIn="P@{props['ia.documentRetentionPolicy']}D" title="Input_File.xml"/>
                <cc:copy id="Copy" input="variable" input-variable="XML_Input_Processed"/>
            </cc:steps>
            <cc:send-error id="SendError" routes-to="PIM-GroupByInvoiceNumber"/>
        </cc:async-mediation>
        <cc:local-out id="Call_GetSupplierInvoiceData_PaymentBank" store-message="none" endpoint="vm://INT9112_Ariba_Supplier_Invoice_Inbound/GetSupplierInvoiceData"><cc:set name="force.batch" value="false"/></cc:local-out>
        <cc:local-out id="Call_GetSupplierInvoiceData_PaymentDetail" store-message="none" endpoint="vm://INT9112_Ariba_Supplier_Invoice_Inbound/GetSupplierInvoiceData"><cc:set name="force.batch" value="false"/></cc:local-out>
        <cc:local-out id="Call_GetSupplierInvoiceData_PaymentHeader" store-message="none" endpoint="vm://INT9112_Ariba_Supplier_Invoice_Inbound/GetSupplierInvoiceData"><cc:set name="force.batch" value="false"/></cc:local-out>
        <cc:local-out id="Call_GetSupplierInvoiceData_SplitPayment" store-message="none" endpoint="vm://INT9112_Ariba_Supplier_Invoice_Inbound/GetSupplierInvoiceData"><cc:set name="force.batch" value="false"/></cc:local-out>
        <cc:local-out id="Call_GetSupplierInvoiceData" store-message="none" routes-response-to="CallControlFile" endpoint="vm://INT9112_Ariba_Supplier_Invoice_Inbound/GetSupplierInvoiceData"><cc:set name="force.batch" value="true"/></cc:local-out>
        <cc:splitter id="Splitter">
            <cc:sub-route name="SubRoute" routes-to="GetCompanyHeaderAddressID"/>
            <cc:xml-stream-splitter xpath="SupplierInvoice/SupplierInvoiceData"/>
        </cc:splitter>
        <cc:async-mediation id="BuildSupplierInvoicesSOAP" routes-to="SubmitSupplierInvoice" handle-downstream-errors="true">
            <cc:steps>
                <cc:copy id="Copy" input="variable" input-variable="Split_XML_Processed"/>
                <cc:xslt id="Xslt" url="INT9112_Submit_Supplier_Invoice_SOAP.xsl"/>
                <cc:cloud-log id="CloudLog" message="@{parts[0].text}" variable-name="cloud-request-log-content"/>
            </cc:steps>
            <cc:send-error id="SendError" routes-to="PIMBuildSupplierInvoiceError"/>
        </cc:async-mediation>
        <cc:workday-out-soap id="GetCompanyContactInfo" routes-response-to="GetCompanyID" application="Financial_Management" version="@{props['ia.workdayWSDLVersion']}"/>
        <cc:async-mediation id="GetCompanyHeaderAddressID" routes-to="GetCompanyContactInfo" handle-downstream-errors="true">
            <cc:steps>
                <cc:copy id="Copy" output="variable" output-variable="Split_XML_Processed"/>
                <cc:eval id="Eval">
                    <cc:expression>props['company'] = parts[0].xpath('SupplierInvoiceData/Company')</cc:expression>
                    <cc:expression>props['handlingCode'] = parts[0].xpath('SupplierInvoiceData/HandlingCode')</cc:expression>
                    <cc:expression>props['supplier'] = parts[0].xpath('SupplierInvoiceData/Supplier')</cc:expression>
                    <cc:expression>props['InvoiceNumber'] = parts[0].xpath('SupplierInvoiceData/InvoiceNumber')</cc:expression>
                </cc:eval>
                <cc:log id="Log">
                    <cc:log-message>
                        <cc:text>*****LOG - Split Supplier Invoice Data*****&#xD;
Company =@{props['company']}&#xD;
Handling Code =@{props['handlingCode']}&#xD;
Supplier =@{props['supplier']}&#xD;
Invoice Number =@{props['InvoiceNumber']}</cc:text>
                    </cc:log-message>
                </cc:log>
                <cc:write id="Write">
                    <cc:message>
                        <cc:text>&lt;?xml version=&quot;1.0&quot; encoding=&quot;UTF-8&quot;?>&#xD;
&lt;env:Envelope&#xD;
    xmlns:env=&quot;http://schemas.xmlsoap.org/soap/envelope/&quot;&#xD;
    xmlns:xsd=&quot;http://www.w3.org/2001/XMLSchema&quot;>&#xD;
    &lt;env:Body>&#xD;
        &lt;wd:Get_Company_Contact_Information_Request&#xD;
            xmlns:wd=&quot;urn:com.workday/bsvc&quot;>&#xD;
            &lt;wd:Request_References>&#xD;
                &lt;wd:Company_Reference>&#xD;
                    &lt;wd:ID wd:type=&quot;Company_Reference_ID&quot;>@{props['company']}&lt;/wd:ID>&#xD;
                &lt;/wd:Company_Reference>&#xD;
            &lt;/wd:Request_References>&#xD;
        &lt;/wd:Get_Company_Contact_Information_Request>&#xD;
    &lt;/env:Body>&#xD;
&lt;/env:Envelope></cc:text>
                    </cc:message>
                </cc:write></cc:steps>
            <cc:send-error id="SendError" routes-to="PIM-GetCompanyAddressError"/>
        </cc:async-mediation>
        <cc:local-out id="PIM-GroupByInvoiceNumber" endpoint="vm://wcc/PutIntegrationMessage"><cc:set name="is.message.severity" value="'ERROR'"/><cc:set name="is.message.summary" value="'File might be empty or not in expected format/layout. Please check with file source.'"/><cc:set name="is.message.detail" value="context.getErrorMessage()"/></cc:local-out>
        <cc:local-out id="PIM-GetCompanyAddressError" endpoint="vm://wcc/PutIntegrationMessage">
            <cc:set name="is.message.severity" value="'ERROR'"/>
            <cc:set name="is.message.summary" value="context.getErrorMessage()"/>
        </cc:local-out>
        <cc:local-out id="PIMLogError" endpoint="vm://wcc/PutIntegrationMessage">
            <cc:set name="is.message.severity" value="'CRITICAL'"/>
            <cc:set name="is.message.summary" value="context.getErrorMessage()"/>
        </cc:local-out>
        <cc:async-mediation id="BuildLog">
            <cc:steps>
                <cc:eval id="Eval">
                    <cc:expression>props['TotalCount'] = props['TotalCount'] + 1</cc:expression>
                    <cc:expression>if (props['ResultType'] == 'SUCCESS' ) {props['SuccessCount'] = props['SuccessCount'] + 1}</cc:expression>
                    <cc:expression>if (props['ResultType'] == 'WARNING' ) {props['WarningCount'] = props['WarningCount'] + 1}</cc:expression>
                    <cc:expression>if (props['ResultType'] == 'ERROR' ) {props['ErrorCount'] = props['ErrorCount'] + 1}</cc:expression>
                    <cc:expression>props['RecordCount'] = props['RecordCount'] + 1</cc:expression>
                    <cc:expression>props['RowNumber'] = props['']</cc:expression>
                </cc:eval>
                <cc:cloud-log id="CloudLogSuccess" condition="props['ResultType'] == 'SUCCESS'" level="info" message="SUCCESS" message-details="@{props['LogMessage']}">
                    <cc:log-column key="InvoiceNumber" label="Invoice Number">@{props['InvoiceNumber']}</cc:log-column>
                    <cc:log-column key="SupplierWorkdayID" label="Supplier Workday ID">@{props['supplier.workday.id']}</cc:log-column>
                    <cc:log-column key="SupplierReferenceID" label="Supplier Reference ID">@{props['supplier.reference.id']}</cc:log-column>
                </cc:cloud-log>
                <cc:cloud-log id="CloudLogWarning" condition="props['ResultType'] == 'WARNING'" level="warn" message="WARNING" message-details="@{props['LogMessage']}">
                    <cc:log-column key="InvoiceNumber" label="Invoice Number">@{props['InvoiceNumber']}</cc:log-column>
                    <cc:log-column key="SupplierWorkdayID" label="Supplier Workday ID">@{props['supplier.workday.id']}</cc:log-column>
                    <cc:log-column key="SupplierReferenceID" label="Supplier Reference ID">@{props['supplier.reference.id']}</cc:log-column>
                </cc:cloud-log>
                <cc:cloud-log id="CloudLogError" condition="props['ResultType'] == 'ERROR'" level="error" message="ERROR" message-details="@{props['LogMessage']}">
                    <cc:log-column key="InvoiceNumber" label="Invoice Number">@{props['InvoiceNumber']}</cc:log-column>
                    <cc:log-column key="SupplierWorkdayID" label="Supplier Workday ID">@{props['supplier.workday.id']}</cc:log-column>
                    <cc:log-column key="SupplierReferenceID" label="Supplier Reference ID">@{props['supplier.reference.id']}</cc:log-column>
                </cc:cloud-log>
            </cc:steps>
            <cc:send-error id="SendError" routes-to="PIMLogError"/>
        </cc:async-mediation>
        <cc:local-in id="WriteLog" routes-to="BuildLog"/>
        <cc:local-out id="PutRequestLogFileToWorkday" execute-when="vars['cloud-request-log-content'] != null" endpoint="vm://wcc/PutIntegrationMessage">
            <cc:set name="is.message.severity" value="'INFO'"/>
            <cc:set name="is.message.summary" value="'The request cloud log file has been created successfully!'"/>
            <cc:set name="is.document.variable.name" value="'output.request.log.file'"/>
            <cc:set name="is.document.deliverable" value="'false'"/>
        </cc:local-out>
        <cc:local-out id="PutLogFileToWorkday" execute-when="vars['cloud-log-content'] != null" routes-response-to="StoreRequestLogCloud" endpoint="vm://wcc/PutIntegrationMessage">
            <cc:set name="is.message.severity" value="'INFO'"/>
            <cc:set name="is.message.summary" value="'The cloud log file has been created successfully!'"/>
            <cc:set name="is.document.variable.name" value="'output.log.file'"/>
            <cc:set name="is.document.deliverable" value="'false'"/>
        </cc:local-out>
        <cc:local-out id="PIMStoreLogError" endpoint="vm://wcc/PutIntegrationMessage">
            <cc:set name="is.message.severity" value="'CRITICAL'"/>
            <cc:set name="is.message.summary" value="context.getErrorMessage()"/>
        </cc:local-out>
        <cc:async-mediation id="Store" routes-to="PutLogFileToWorkday" execute-steps-when="vars['cloud-log-content'] != null">
            <cc:steps>
                <cc:store id="StoreCloudLog" output="variable" output-variable="output.log.file" input="variable" input-variable="cloud-log-content" expiresIn="P@{props['ia.documentRetentionPolicy']}D" title="INT9112_Log.html"/>
            </cc:steps>
            <cc:send-error id="SendError" routes-to="PIMStoreLogError"/>
        </cc:async-mediation>
        <cc:local-in id="StoreLog" routes-to="Store"/>
        <cc:local-out id="Note-Error" endpoint="vm://wcc/PutIntegrationMessage">
            <cc:set name="is.message.severity" value="'CRITICAL'"/>
            <cc:set name="is.message.summary" value="context.errorMessage"/>
        </cc:local-out>
        <cc:send-error id="global-error-handler" rethrow-error="false" routes-to="Note-Error"/>
        <cc:local-out id="WriteBuildSupplierInvoiceErrorLog" store-message="none" endpoint="vm://INT9112_Ariba_Supplier_Invoice_Inbound/WriteLog">
            <cc:set name="ResultType" value="'ERROR'"/>
            <cc:set name="LogMessage" value="context.getErrorMessage()"/>
        </cc:local-out>
        <cc:local-out id="PIMBuildSupplierInvoiceError" routes-response-to="WriteBuildSupplierInvoiceErrorLog" endpoint="vm://wcc/PutIntegrationMessage">
            <cc:set name="is.message.severity" value="'ERROR'"/>
            <cc:set name="is.message.summary" value="context.getErrorMessage()"/>
        </cc:local-out>
        <cc:workday-out-soap id="SubmitSupplierInvoice" execute-when="props['lp.validationMode'] != 'true'" routes-response-to="AsyncMediation" application="Resource_Management" version="@{props['ia.workdayWSDLVersion']}"/>
        <cc:local-out id="WriteSubmitSupplierInvoiceSuccessLog" store-message="none" execute-when="props['lp.validationMode'] != 'true'" endpoint="vm://INT9112_Ariba_Supplier_Invoice_Inbound/WriteLog">
            <cc:set name="ResultType" value="'SUCCESS'"/>
            <cc:set name="LogMessage" value="'Supplier Invoice has been created for Invoice Number: ' + props['supplier.reference.id']"/>
        </cc:local-out>
        <cc:async-mediation id="AsyncMediation" routes-to="WriteSubmitSupplierInvoiceSuccessLog" execute-steps-when="props['lp.validationMode'] != 'true'">
            <cc:steps>
                <cc:eval id="Eval">
                    <cc:expression>props['supplier.workday.id'] = parts[0].xpath('/env:Envelope/env:Body/wd:Submit_Supplier_Invoice_Response/wd:Supplier_Invoice_Reference/wd:ID[@wd:type=&quot;WID&quot;]')</cc:expression>
                    <cc:expression>props['supplier.reference.id'] = parts[0].xpath('/env:Envelope/env:Body/wd:Submit_Supplier_Invoice_Response/wd:Supplier_Invoice_Reference/wd:ID[@wd:type=&quot;Supplier_Invoice_Reference_ID&quot;]')</cc:expression>
                </cc:eval>
                <cc:log id="Log">
                    <cc:log-message>
                        <cc:text>*****LOG - Submit Supplier Invoice Response*****&#xD;
WID =@{props['supplier.workday.id']}&#xD;
Reference ID =@{props['supplier.reference.id']}</cc:text>
                    </cc:log-message>
                </cc:log>
            </cc:steps>
        </cc:async-mediation>
        <cc:local-out id="CallStoreLog" store-message="none" endpoint="vm://INT9112_Ariba_Supplier_Invoice_Inbound/StoreLog">
            <cc:set name="is.message.severity" value="'INFO'"/>
            <cc:set name="is.message.summary" value="'The integration process has been completed with ' + props['RecordCount'] + ' records created. Total Success count = ' + props['SuccessCount'] + '. Total Warning count = ' + props['WarningCount'] + '. Total Error count = ' + props['ErrorCount'] +'.'"/>
        </cc:local-out>
        <cc:async-mediation id="GetCompanyID" routes-to="Route">
            <cc:steps>
                <cc:eval id="Eval">
                    <cc:expression>props['company.address.id'] = parts[0].xpath(&quot;env:Envelope/env:Body/wd:Get_Company_Contact_Information_Response/wd:Response_Data/wd:Company_Contact_Information/wd:Company_Contact_Information_Data/wd:Contact_Information_Data/wd:Address_Data[wd:Usage_Data/wd:Type_Data/@wd:Primary='1']/wd:Address_ID&quot;)</cc:expression>
                    <cc:expression>props['company.country'] = parts[0].xpath(&quot;env:Envelope/env:Body/wd:Get_Company_Contact_Information_Response/wd:Response_Data/wd:Company_Contact_Information/wd:Company_Contact_Information_Data/wd:Contact_Information_Data/wd:Address_Data[wd:Usage_Data/wd:Type_Data/@wd:Primary='1']/wd:Country_Reference/wd:ID[@wd:type='ISO_3166-1_Alpha-3_Code']&quot;)</cc:expression>
                </cc:eval>
                <cc:log id="Log">
                    <cc:log-message>
                        <cc:text>*****LOG - Get Company Contact Information*****&#xD;
Address ID =@{props['company.address.id']}&#xD;
Country =@{props['company.country']}</cc:text>
                    </cc:log-message>
                </cc:log>
            </cc:steps>
        </cc:async-mediation>
        <cc:route id="Route">
            <cc:mvel-strategy>
                <cc:choose-route expression="props['handlingCode'] == '' || props['handlingCode'].isEmpty()" route="Blank Handling Code"/>
                <cc:choose-route expression="true" route="Process"/>
            </cc:mvel-strategy>
            <cc:sub-route name="Blank Handling Code" routes-to="Call_GetHandlingCode"/>
            <cc:sub-route name="Process" routes-to="Call_ImportSupplierInvoice_Process"/>
        </cc:route>
        <cc:local-in id="ImportSupplierInvoice" routes-to="BuildSupplierInvoicesSOAP"/>
        <cc:local-out id="Call_ImportSupplierInvoice_Process" store-message="none" endpoint="vm://INT9112_Ariba_Supplier_Invoice_Inbound/ImportSupplierInvoice"/>
        <cc:local-in id="GetHandlingCode" routes-to="Get_Handling_Code"/>
        <cc:local-out id="Call_GetHandlingCode" store-message="none" endpoint="vm://INT9112_Ariba_Supplier_Invoice_Inbound/GetHandlingCode"/>
        <cc:async-mediation id="Get_Handling_Code" routes-to="GetSuppliers" handle-downstream-errors="true">
            <cc:steps>
                <cc:write id="Write">
                    <cc:message>
                        <cc:text>&lt;?xml version=&quot;1.0&quot; ?>&#xD;
&lt;env:Envelope xmlns:env=&quot;http://schemas.xmlsoap.org/soap/envelope/&quot;>&#xD;
    &lt;env:Body>&#xD;
        &lt;wd:Get_Suppliers_Request xmlns:wd=&quot;urn:com.workday/bsvc&quot;>&#xD;
            &lt;wd:Request_References>&#xD;
                &lt;wd:Supplier_Reference>&#xD;
                    &lt;wd:ID wd:type=&quot;Supplier_ID&quot;>@{props['supplier']}&lt;/wd:ID>&#xD;
                &lt;/wd:Supplier_Reference>&#xD;
            &lt;/wd:Request_References>&#xD;
            &lt;wd:Response_Filter>&#xD;
                &lt;wd:Page>1&lt;/wd:Page>&#xD;
                &lt;wd:Count>1&lt;/wd:Count>&#xD;
            &lt;/wd:Response_Filter>&#xD;
        &lt;/wd:Get_Suppliers_Request>&#xD;
    &lt;/env:Body>&#xD;
&lt;/env:Envelope></cc:text>
                    </cc:message>
                </cc:write>
            </cc:steps>
            <cc:send-error id="SendError" routes-to="PIM-GetHandlingCodeError0"/>
        </cc:async-mediation>
        <cc:local-out id="PIM-GetHandlingCodeError0" endpoint="vm://wcc/PutIntegrationMessage">
            <cc:set name="is.message.severity" value="'ERROR'"/>
            <cc:set name="is.message.summary" value="context.getErrorMessage()"/>
        </cc:local-out>
        <cc:workday-out-soap id="GetSuppliers" routes-response-to="GetHandlingCodeID" application="Resource_Management" version="@{props['ia.workdayWSDLVersion']}"/>
        <cc:async-mediation id="GetHandlingCodeID" routes-to="Call_ImportSupplierInvoice_HandlingCode">
            <cc:steps>
                <cc:eval id="Eval">
                    <cc:expression>props['handling.code.ID'] = parts[0].xpath('/env:Envelope/env:Body/wd:Get_Suppliers_Response/wd:Response_Data/wd:Supplier/wd:Supplier_Data/wd:Supplier_Group_Reference[wd:ID[@wd:type=&quot;Supplier_Group_ID&quot;] != &quot;Domestic&quot; and wd:ID[@wd:type=&quot;Supplier_Group_ID&quot;] != &quot;India&quot; and wd:ID[@wd:type=&quot;Supplier_Group_ID&quot;] != &quot;International&quot;]/wd:ID[@wd:type=&quot;Supplier_Group_ID&quot;]')</cc:expression>
                </cc:eval>
                <cc:log id="Log">
                    <cc:log-message>
                        <cc:text>*****LOG - Handling Code ID*****&#xD;
Handling Code =@{props['handling.code.ID']}</cc:text>
                    </cc:log-message>
                </cc:log>
            </cc:steps>
        </cc:async-mediation>
        <cc:local-out id="Call_ImportSupplierInvoice_HandlingCode" store-message="none" endpoint="vm://INT9112_Ariba_Supplier_Invoice_Inbound/ImportSupplierInvoice"/>
        <cc:local-out id="PIMStoreReqLogError" endpoint="vm://wcc/PutIntegrationMessage">
            <cc:set name="is.message.severity" value="'CRITICAL'"/>
            <cc:set name="is.message.summary" value="context.getErrorMessage()"/>
        </cc:local-out>
        <cc:async-mediation id="StoreRequestLogCloud" routes-to="PutRequestLogFileToWorkday" execute-steps-when="vars['cloud-request-log-content'] != null">
            <cc:steps>
                <cc:store id="StoreCloudLogReq" output="variable" output-variable="output.request.log.file" input="variable" input-variable="cloud-request-log-content" expiresIn="P@{props['ia.documentRetentionPolicy']}D" title="INT9112_Request Cloud Log.html"/>
            </cc:steps>
            <cc:send-error id="SendError" routes-to="PIMStoreReqLogError"/>
        </cc:async-mediation>
        <cc:local-in id="ControlFile" routes-to="BuildControlFile"/>
        <cc:local-out id="CallControlFile" store-message="none" routes-response-to="CallStoreLog" endpoint="vm://INT9112_Ariba_Supplier_Invoice_Inbound/ControlFile"/>
        <cc:async-mediation id="BuildControlFile">
            <cc:steps>
                <cc:copy id="Copy" input="variable" input-variable="XML_Input_Processed"/>
                <cc:xslt id="Xslt" output="variable" output-variable="XSLT_Control_File" url="INT9112_ControlFile.xsl"/>
                <cc:xml-to-csv id="XmlToCsv" output="variable" output-variable="Control_File" input="variable" input-variable="XSLT_Control_File" format="rfc4180" writeHeaderLine="true"/>
                <cc:store id="Store" input="variable" input-variable="Control_File" expiresIn="P@{props['ia.documentRetentionPolicy']}D" title="INT9112_Control_File.csv"/>
            </cc:steps>
        </cc:async-mediation>
	</cc:assembly>

</beans>