<?xml version="1.0" encoding="UTF-8"?>
<wdnm:Diagram xmlns:wdnm="http://workday.com/studio/editors/notation">
  <element href="assembly.xml#WorkdayAssembly"/>
  <visualProperties x="41" y="109">
    <element href="assembly.xml#Start"/>
  </visualProperties>
  <visualProperties x="162" y="37">
    <element href="assembly.xml#InitializeParameters"/>
  </visualProperties>
  <visualProperties x="195" y="239">
    <element href="assembly.xml#SendDocRetrievalError"/>
  </visualProperties>
  <visualProperties x="479" y="109">
    <element href="assembly.xml#CallProcessInputFile"/>
  </visualProperties>
  <visualProperties x="1009" y="109">
    <element href="assembly.xml#CallWriteLogs"/>
  </visualProperties>
  <visualProperties x="1169" y="109">
    <element href="assembly.xml#PutSummaryMessage"/>
  </visualProperties>
  <visualProperties x="7" y="405">
    <element href="assembly.xml#ProcessInputFile"/>
  </visualProperties>
  <visualProperties x="184" y="361">
    <element href="assembly.xml#convertToXML"/>
  </visualProperties>
  <visualProperties x="463" y="347">
    <element href="assembly.xml#SplitEachRow"/>
  </visualProperties>
  <visualProperties x="231" y="515">
    <element href="assembly.xml#SendSchemaError"/>
  </visualProperties>
  <visualProperties x="619" y="405">
    <element href="assembly.xml#InitializeRowData"/>
  </visualProperties>
  <visualProperties x="674" y="559">
    <element href="assembly.xml#LogInputDataError"/>
  </visualProperties>
  <visualProperties x="1170" y="507">
    <element href="assembly.xml#CallAddPayrollInputData"/>
  </visualProperties>
  <visualProperties x="7" y="651">
    <element href="assembly.xml#ProcessAddPayrollInputData"/>
  </visualProperties>
  <visualProperties x="275" y="709">
    <element href="assembly.xml#BuildPayrollPaymentsRequest"/>
  </visualProperties>
  <visualProperties x="286" y="860">
    <element href="assembly.xml#LogErrorMessage2"/>
  </visualProperties>
  <visualProperties x="581" y="753">
    <element href="assembly.xml#SubmitPayrollInput"/>
  </visualProperties>
  <visualProperties x="1037" y="753">
    <element href="assembly.xml#LogSuccess"/>
  </visualProperties>
  <visualProperties x="43" y="1054">
    <element href="assembly.xml#WriteDetailedLog"/>
  </visualProperties>
  <visualProperties x="229" y="1026">
    <element href="assembly.xml#HandleMessages"/>
  </visualProperties>
  <visualProperties x="401" y="1026">
    <element href="assembly.xml#SuccessLog"/>
  </visualProperties>
  <visualProperties x="544" y="1054">
    <element href="assembly.xml#PutSuccessfullIntegrationMessage"/>
  </visualProperties>
  <visualProperties x="52" y="1233">
    <element href="assembly.xml#WriteErrorLog"/>
  </visualProperties>
  <visualProperties x="217" y="1209">
    <element href="assembly.xml#HandleErrors"/>
  </visualProperties>
  <visualProperties x="360" y="1211">
    <element href="assembly.xml#WriteError"/>
  </visualProperties>
  <visualProperties x="495" y="1239">
    <element href="assembly.xml#PutErrorIntegrationMessage"/>
  </visualProperties>
  <visualProperties x="57" y="1443">
    <element href="assembly.xml#WriteLog"/>
  </visualProperties>
  <visualProperties x="195" y="1412">
    <element href="assembly.xml#TransformErrorLogData"/>
  </visualProperties>
  <visualProperties x="479" y="1456">
    <element href="assembly.xml#StoreErrorLogData"/>
  </visualProperties>
  <visualProperties x="661" y="1412">
    <element href="assembly.xml#TransformDetailedLogData"/>
  </visualProperties>
  <visualProperties x="939" y="1456">
    <element href="assembly.xml#StoreDetailedLogData"/>
  </visualProperties>
  <visualProperties x="1143" y="1419">
    <element href="assembly.xml#TransformSummaryData"/>
  </visualProperties>
  <visualProperties x="1440" y="1437">
    <element href="assembly.xml#StoreSummaryLogData"/>
  </visualProperties>
  <visualProperties x="43" y="1969">
    <element href="assembly.xml#//@beans/@mixed.1/@mixed.71"/>
  </visualProperties>
  <visualProperties x="200" y="1969">
    <element href="assembly.xml#PutIntegrationMessage"/>
  </visualProperties>
  <visualProperties x="474" y="1969">
    <element href="assembly.xml#PutIntegrationEvent"/>
  </visualProperties>
  <visualProperties x="619" y="818">
    <element href="assembly.xml#ValidationMode"/>
  </visualProperties>
  <visualProperties x="775" y="697">
    <element href="assembly.xml#LogNYEmplErrorMessage"/>
  </visualProperties>
  <visualProperties x="1000" y="329">
    <element href="assembly.xml#Route"/>
  </visualProperties>
  <visualProperties x="24" y="1644">
    <element href="assembly.xml#WriteAuditReport"/>
  </visualProperties>
  <visualProperties x="31" y="1811">
    <element href="assembly.xml#FinalizeReport"/>
  </visualProperties>
  <visualProperties x="222" y="1777">
    <element href="assembly.xml#SubAuditAggregator"/>
  </visualProperties>
  <visualProperties x="425" y="1783">
    <element href="assembly.xml#SubAuditStore"/>
  </visualProperties>
  <visualProperties x="213" y="1622">
    <element href="assembly.xml#WriteAuditRowStep"/>
  </visualProperties>
  <visualProperties x="619" y="1811">
    <element href="assembly.xml#SubAudit_Report"/>
  </visualProperties>
  <visualProperties x="826" y="109">
    <element href="assembly.xml#CallFinalizeReport"/>
  </visualProperties>
  <visualProperties x="666" y="81">
    <element href="assembly.xml#CloseAggregator"/>
  </visualProperties>
  <visualProperties x="1172" y="551">
    <element href="assembly.xml#LogRecordsNotLoaded"/>
  </visualProperties>
  <visualProperties x="1031" y="824">
    <element href="assembly.xml#LogOffsetError"/>
  </visualProperties>
  <decorations x="7" y="3" width="1373" height="293" font="Segoe UI|9|0" bgColor="13369343" fgColor="1" text=""/>
  <decorations x="6" y="678" width="1186" height="274" bgColor="9554175" fgColor="1" type="NOTE" text=""/>
  <decorations x="14" y="1170" width="1612" height="397" font="Segoe UI|9|0" bgColor="15053796" fgColor="1" text="Write Log"/>
  <decorations x="13" y="1926" width="632" height="87" bgColor="8553215" fgColor="1" type="NOTE" text="Global Error Handler"/>
  <decorations x="6" y="312" width="1364" height="358" bgColor="16754386" fgColor="1" type="NOTE" text=""/>
  <decorations x="14" y="976" width="787" height="177" bgColor="15138764" fgColor="1" type="NOTE" text=""/>
  <decorations x="13" y="1756" width="756" height="148" font="Arial|9|0" bgColor="16747205" fgColor="1" fontColor="1" type="NOTE" text="Finalize Log"/>
  <decorations x="13" y="1588" width="371" height="149" font="Arial|9|0" bgColor="16759807" fgColor="1" fontColor="1" type="NOTE" text="Audit Logging Subprocess"/>
  <connections type="routesTo" sourceAnchorX="0.43854748603351956" sourceAnchorY="1.0" targetAnchorX="0.45867768595041325" targetAnchorY="0.24324324324324326">
    <source href="assembly.xml#//@beans/@mixed.1/@mixed.5/@mixed.5"/>
    <target href="assembly.xml#SendDocRetrievalError"/>
  </connections>
  <connections type="routesTo">
    <source href="assembly.xml#//@beans/@mixed.1/@mixed.21/@mixed.3"/>
    <target href="assembly.xml#SendSchemaError"/>
  </connections>
  <connections type="routesTo">
    <source href="assembly.xml#//@beans/@mixed.1/@mixed.15/@mixed.3"/>
    <target href="assembly.xml#LogInputDataError"/>
  </connections>
  <connections type="routesTo" sourceAnchorX="0.41304347826086957" sourceAnchorY="1.0" targetAnchorX="0.4409090909090909" targetAnchorY="0.24324324324324326">
    <source href="assembly.xml#//@beans/@mixed.1/@mixed.33/@mixed.3"/>
    <target href="assembly.xml#LogErrorMessage2"/>
  </connections>
  <connections type="routesTo" sourceAnchorX="1.0" targetAnchorX="0.0">
    <source href="assembly.xml#WriteDetailedLog"/>
    <target href="assembly.xml#HandleMessages"/>
  </connections>
  <connections type="routesTo" sourceAnchorX="1.0" targetAnchorX="0.0" targetAnchorY="0.49673202614379086">
    <source href="assembly.xml#HandleMessages"/>
    <target href="assembly.xml#SuccessLog"/>
  </connections>
  <connections type="routesTo" sourceAnchorX="1.0" sourceAnchorY="0.49673202614379086" targetAnchorX="0.0">
    <source href="assembly.xml#SuccessLog"/>
    <target href="assembly.xml#PutSuccessfullIntegrationMessage"/>
  </connections>
  <connections type="routesTo">
    <source href="assembly.xml#WriteErrorLog"/>
    <target href="assembly.xml#HandleErrors"/>
  </connections>
  <connections type="routesTo">
    <source href="assembly.xml#HandleErrors"/>
    <target href="assembly.xml#WriteError"/>
  </connections>
  <connections type="routesTo">
    <source href="assembly.xml#WriteError"/>
    <target href="assembly.xml#PutErrorIntegrationMessage"/>
  </connections>
  <connections type="routesTo" sourceAnchorX="1.0" sourceAnchorY="0.49783549783549785" targetAnchorX="0.0">
    <source href="assembly.xml#TransformErrorLogData"/>
    <target href="assembly.xml#StoreErrorLogData"/>
  </connections>
  <connections type="routesTo" sourceAnchorX="1.0" sourceAnchorY="0.49783549783549785" targetAnchorX="0.0">
    <source href="assembly.xml#TransformDetailedLogData"/>
    <target href="assembly.xml#StoreDetailedLogData"/>
  </connections>
  <connections type="routesTo" sourceAnchorX="1.0" sourceAnchorY="0.17829457364341086" targetAnchorX="0.13991769547325103" targetAnchorY="0.08108108108108109">
    <source href="assembly.xml#TransformSummaryData"/>
    <target href="assembly.xml#StoreSummaryLogData"/>
  </connections>
  <connections type="routesTo">
    <source href="assembly.xml#//@beans/@mixed.1/@mixed.71"/>
    <target href="assembly.xml#PutIntegrationMessage"/>
  </connections>
  <connections type="routesResponseTo">
    <source href="assembly.xml#PutIntegrationMessage"/>
    <target href="assembly.xml#PutIntegrationEvent"/>
  </connections>
  <connections type="routesTo">
    <source href="assembly.xml#Start"/>
    <target href="assembly.xml#InitializeParameters"/>
  </connections>
  <connections type="routesTo">
    <source href="assembly.xml#InitializeParameters"/>
    <target href="assembly.xml#CallProcessInputFile"/>
  </connections>
  <connections type="routesResponseTo">
    <source href="assembly.xml#CallWriteLogs"/>
    <target href="assembly.xml#PutSummaryMessage"/>
  </connections>
  <connections type="routesTo">
    <source href="assembly.xml#convertToXML"/>
    <target href="assembly.xml#SplitEachRow"/>
  </connections>
  <connections type="routesTo">
    <source href="assembly.xml#//@beans/@mixed.1/@splitter.0/@subRoute.0"/>
    <target href="assembly.xml#InitializeRowData"/>
  </connections>
  <connections type="routesTo">
    <source href="assembly.xml#ProcessAddPayrollInputData"/>
    <target href="assembly.xml#BuildPayrollPaymentsRequest"/>
  </connections>
  <connections type="routesTo">
    <source href="assembly.xml#BuildPayrollPaymentsRequest"/>
    <target href="assembly.xml#SubmitPayrollInput"/>
  </connections>
  <connections type="routesResponseTo">
    <source href="assembly.xml#SubmitPayrollInput"/>
    <target href="assembly.xml#LogNYEmplErrorMessage"/>
  </connections>
  <connections type="routesResponseTo">
    <source href="assembly.xml#LogNYEmplErrorMessage"/>
    <target href="assembly.xml#LogSuccess"/>
  </connections>
  <connections type="routesTo">
    <source href="assembly.xml#WriteLog"/>
    <target href="assembly.xml#TransformErrorLogData"/>
  </connections>
  <connections type="routesResponseTo">
    <source href="assembly.xml#StoreErrorLogData"/>
    <target href="assembly.xml#TransformDetailedLogData"/>
  </connections>
  <connections type="routesResponseTo">
    <source href="assembly.xml#StoreDetailedLogData"/>
    <target href="assembly.xml#TransformSummaryData"/>
  </connections>
  <connections type="routesTo">
    <source href="assembly.xml#ProcessInputFile"/>
    <target href="assembly.xml#convertToXML"/>
  </connections>
  <connections type="routesTo">
    <source href="assembly.xml#//@beans/@mixed.1/@route.0/@subRoute.0"/>
    <target href="assembly.xml#CallAddPayrollInputData"/>
  </connections>
  <connections type="routesTo">
    <source href="assembly.xml#InitializeRowData"/>
    <target href="assembly.xml#Route"/>
  </connections>
  <connections type="routesTo">
    <source href="assembly.xml#WriteAuditReport"/>
    <target href="assembly.xml#WriteAuditRowStep"/>
  </connections>
  <connections type="routesTo" targetAnchorX="0.17647058823529413">
    <source href="assembly.xml#FinalizeReport"/>
    <target href="assembly.xml#SubAuditAggregator"/>
  </connections>
  <connections type="routesTo">
    <source href="assembly.xml#SubAuditAggregator"/>
    <target href="assembly.xml#SubAuditStore"/>
  </connections>
  <connections type="routesTo" targetAnchorX="0.45751633986928103" targetAnchorY="0.08490566037735849">
    <source href="assembly.xml#WriteAuditRowStep"/>
    <target href="assembly.xml#SubAuditAggregator"/>
  </connections>
  <connections type="routesTo">
    <source href="assembly.xml#SubAuditStore"/>
    <target href="assembly.xml#SubAudit_Report"/>
  </connections>
  <connections type="routesResponseTo">
    <source href="assembly.xml#CallFinalizeReport"/>
    <target href="assembly.xml#CallWriteLogs"/>
  </connections>
  <connections type="routesResponseTo">
    <source href="assembly.xml#CallProcessInputFile"/>
    <target href="assembly.xml#CloseAggregator"/>
  </connections>
  <connections type="routesTo">
    <source href="assembly.xml#CloseAggregator"/>
    <target href="assembly.xml#CallFinalizeReport"/>
  </connections>
  <connections type="routesTo">
    <source href="assembly.xml#//@beans/@mixed.1/@route.0/@subRoute.1"/>
    <target href="assembly.xml#LogRecordsNotLoaded"/>
  </connections>
  <connections type="routesResponseTo">
    <source href="assembly.xml#LogSuccess"/>
    <target href="assembly.xml#LogOffsetError"/>
  </connections>
</wdnm:Diagram>
