<?xml version="1.0" encoding="UTF-8"?>
<beans
     xmlns="http://www.springframework.org/schema/beans"
     xmlns:beans="http://www.springframework.org/schema/beans"
     xmlns:atom="http://www.w3.org/2005/Atom"
     xmlns:cc="http://www.capeclear.com/assembly/10"
     xmlns:cloud="urn:com.workday/esb/cloud/10.0"
     xmlns:env="http://schemas.xmlsoap.org/soap/envelope/"
     xmlns:pi="urn:com.workday/picof"
     xmlns:wd="urn:com.workday/bsvc"
     xmlns:xsi="http://www.w3.org/2001/XMLSchema-instance">
 
	<cc:assembly id="WorkdayAssembly" version="2022.37">
        <cc:local-out id="CallCloseErrorAgg" store-message="none" execute-when="props['p.Errors.Exist']" endpoint="vm://INT5211YourCauseDeductionConversionInbound/Close-Error-Agg">
            <cc:set name="p.error.collate" value="false"/>
            <cc:set name="p.error.store" value="true"/>
        </cc:local-out>
        <cc:local-out id="CallStoreBatchFile" store-message="none" execute-when="props['IsEmpty'] == false" routes-response-to="CallCloseErrorAgg" endpoint="vm://INT5211YourCauseDeductionConversionInbound/CloseBatchAgg">
            <cc:set name="p.importbatch.collate" value="false"/>
            <cc:set name="p.importbatch.store" value="true"/>
        </cc:local-out>
        <cc:local-out id="Call-submitPayrollWWS" store-message="none" routes-response-to="CallStoreBatchFile" endpoint="vm://INT5211YourCauseDeductionConversionInbound/submitPayrollWWS"/>
        <cc:local-out id="CallStopAgg" store-message="none" routes-response-to="Call-submitPayrollWWS" endpoint="vm://INT5211YourCauseDeductionConversionInbound/StopAggData">
            <cc:set name="p.collate" value="false"/>
            <cc:set name="p.batch" value="true"/>
        </cc:local-out>
        <cc:local-out id="Call_Aggregator" store-message="none" routes-response-to="CallStopAgg" endpoint="vm://INT5211YourCauseDeductionConversionInbound/AggData">
            <cc:set name="p.collate" value="true"/>
            <cc:set name="p.batch" value="false"/>
        </cc:local-out>
        <cc:local-out id="CallGetWorker" store-message="none" routes-response-to="CallPayrollInput" endpoint="vm://INT5211YourCauseDeductionConversionInbound/GetWorkers"/>
        <cc:local-out id="Call-LoadInputFile" store-message="none" routes-response-to="CallGetWorker" endpoint="vm://INT5211YourCauseDeductionConversionInbound/GetInputFile"/>
        <cc:local-out id="Call_Initialize_Param" store-message="none" routes-response-to="Call-LoadInputFile" endpoint="vm://INT5211YourCauseDeductionConversionInbound/Initialize_Param"/>
        <cc:workday-in id="StartHere" routes-to="Call_Initialize_Param">
            <cc:integration-system name="INT5211 YourCause Deduction Conversion Inbound">
        <cloud:param name="Validation Mode">
          <cloud:type>
            <cloud:simple-type>boolean</cloud:simple-type>
          </cloud:type>
          <cloud:default>
            <cloud:boolean>true</cloud:boolean>
          </cloud:default>
        </cloud:param>
        <cloud:attribute-map-service name="INT5211-Attribute-Generic">
          <cloud:attribute name="Document Retention Period">
            <cloud:type>
              <cloud:simple-type>number</cloud:simple-type>
            </cloud:type>
          </cloud:attribute>
          <cloud:attribute name="Web Service Version">
            <cloud:type>
              <cloud:class-report-field description="Web Service API Version" type="WID" singular="true">643097491d2410000a9da38c99860026</cloud:class-report-field>
            </cloud:type>
          </cloud:attribute>
          <cloud:attribute name="Run Category">
            <cloud:type>
              <cloud:class-report-field description="Run Category" type="WID" singular="true">5d74261e40bf4299b2fce9f29e122955</cloud:class-report-field>
            </cloud:type>
          </cloud:attribute>
          <cloud:attribute name="Batch Size">
            <cloud:type>
              <cloud:simple-type>number</cloud:simple-type>
            </cloud:type>
          </cloud:attribute>
          <cloud:attribute name="Batch ID">
            <cloud:type>
              <cloud:simple-type>text</cloud:simple-type>
            </cloud:type>
          </cloud:attribute>
          <cloud:attribute name="Deduction Code">
            <cloud:type>
              <cloud:simple-type>text</cloud:simple-type>
            </cloud:type>
          </cloud:attribute>
        </cloud:attribute-map-service>
        <cloud:retrieval-service name="INT5211-Retrieval-Service"/>
        <cloud:service-reference name="INT5211 Field Override Service"/>
      </cc:integration-system>
        </cc:workday-in>
        <cc:local-out id="PutIntegrationMessage0" endpoint="vm://wcc/PutIntegrationMessage">
            <cc:set name="is.message.severity" value="'ERROR'"/>
            <cc:set name="is.message.summary" value="'Error Occurred While Initialization'"/>
        </cc:local-out>
        <cc:async-mediation id="Initialization">
            <cc:steps>
                <cc:eval id="Get-LP">
                    <cc:expression>props['lp.Validation.Mode'] = lp.getSimpleData('Validation Mode')</cc:expression>
                    <cc:expression>props['lp.current.run.datetime'] = java.time.LocalDateTime.now().toString() //lp.getSimpleData(&quot;As Of Entry DateTime&quot;)</cc:expression>
                    <cc:expression>props['lp.current.run.date'] =  props['lp.current.run.datetime'].substring(0,10)</cc:expression>
                </cc:eval>
                <cc:eval id="Get-Attr">
                    <cc:expression>props['p.Doc.Retention.Period'] = intsys.getAttribute('Document Retention Period')</cc:expression>
                    <cc:expression>props['p.Deduction.Code'] = intsys.getAttribute('Deduction Code')</cc:expression>
                    <cc:expression>props['p.WS.Version'] = intsys.getAttribute('Web Service Version')</cc:expression>
                    <cc:expression>props['p.integration.id'] = intsys.getName()</cc:expression>
                    <cc:expression>props['att.run.category'] = intsys.getAttributeReferenceData('Run Category','Run_Category_ID')</cc:expression>
                    <cc:expression>props['p.Batch.Size'] = intsys.getAttribute('Batch Size')</cc:expression>
                    <cc:expression>props['p.Batch.ID'] = intsys.getAttribute('Batch ID')</cc:expression>
                </cc:eval>
                <cc:eval id="Init">
                    <cc:expression>props['p.collate'] = false</cc:expression>
                    <cc:expression>props['p.batch'] = false</cc:expression>
                    <cc:expression>props['p.critical'] = false</cc:expression>
                    <cc:expression>props['p.Batch.ID'] = props['p.Batch.ID'].toString() + java.time.LocalDateTime.now().toString()</cc:expression>
                    <cc:expression>props['p.importbatch.store'] = false</cc:expression>
                    <cc:expression>props['p.importbatch.collate'] = true</cc:expression>
                    <cc:expression>props['p.error.collate'] = true</cc:expression>
                    <cc:expression>props['p.error.store'] = false</cc:expression>
                    <cc:expression>props['p.Errors.Exist'] = false</cc:expression>
                </cc:eval>
            </cc:steps>
            <cc:send-error id="SendError" routes-to="PutIntegrationMessage0"/>
        </cc:async-mediation>
        <cc:local-in id="Initialize_Param" routes-to="Initialization"/>
        <cc:async-mediation id="CheckForEmptyFile">
            <cc:steps>
                <cc:copy id="Copy" input="variable" input-variable="wd.retrieve.variable"/>
                <cc:csv-to-xml id="CsvToXml" format="rfc4180" separator="|" useFirstLineAsHeader="true"/>
                <cc:validate-exp id="ValidateExp">
                    <cc:expression failure-message="Input File is empty or not found.">parts[0].xpathB('/root/row/EmployeeID')</cc:expression>
                </cc:validate-exp>
                <cc:xslt-plus id="XsltPlus" output="variable" output-variable="v.input.file" input="message" url="inputFileSimple.xsl"/>
                <cc:log id="Log">
                    <cc:log-message>
                        <cc:text>**********************XSLT OUTPUT*****************</cc:text>
                        <cc:message-content/>
                    </cc:log-message>
                </cc:log>
            </cc:steps>
            <cc:send-error id="SendError" rethrow-error="false" routes-to="PutIntegrationMessage0011"/>
        </cc:async-mediation>
        <cc:route id="RetrieveDocuments">
            <cc:doc-iterator variable-name="wd.retrieve.variable"/>
            <cc:sub-route name="SubRoute" routes-to="CheckForEmptyFile"/>
        </cc:route>
        <cc:local-in id="GetInputFile" routes-to="InitRetrieveDoc"/>
        <cc:local-out id="PutIntegrationMessage000" routes-response-to="StopProcess" endpoint="vm://wcc/PutIntegrationMessage">
            <cc:set name="is.message.severity" value="'ERROR'"/>
            <cc:set name="is.message.summary" value="'Error Occurred While Converting Worker Response Into Simple XML'"/>
        </cc:local-out>
        <cc:async-mediation id="ConvertToSimpleXML" continue-after-error="rewind" handle-downstream-errors="true">
            <cc:steps>
                <cc:eval id="Eval">
                    <cc:expression>props['IsEmpty']= parts[0].xpath('Workers/wd:Worker/wd:Worker_Reference').isEmpty()</cc:expression>
                </cc:eval>
                <cc:validate-exp id="ValidateExp">
                    <cc:expression failure-message=" Get Worker Response Did Not Have Employees">props['IsEmpty'] == false</cc:expression>
                </cc:validate-exp>
                <cc:xslt-plus id="XsltPlus" output="variable" output-variable="v.getWorker.simpleResp" input="message" url="WorkerResponse_SimpleXML.xsl"/>
            </cc:steps>
            <cc:send-error id="SendError" routes-to="PutIntegrationMessage000"/>
        </cc:async-mediation>
        <cc:local-out id="GetWorker" routes-response-to="ConvertToSimpleXML" endpoint="vm://wcc/PagedGet">
            <cc:set name="is.paged.get.request.current.page.xpath" value="'/env:Envelope/env:Body/*/wd:Response_Filter/wd:Page'"/>
            <cc:set name="is.paged.get.response.current.page.xpath" value="'/env:Envelope/env:Body/*/wd:Response_Results/wd:Page'"/>
            <cc:set name="is.paged.get.response.total.pages.xpath" value="'/env:Envelope/env:Body/*/wd:Response_Results/wd:Total_Pages'"/>
            <cc:set name="is.paged.get.response.total.results.xpath" value="'/env:Envelope/env:Body/*/wd:Response_Results/wd:Total_Results'"/>
            <cc:set name="is.paged.get.application" value="'Human_Resources'"/>
            <cc:set name="is.paged.get.version" value="props['att.wws.version']"/>
            <cc:set name="is.paged.get.page.zero" value="false"/>
            <cc:set name="is.paged.get.store.requests" value="true"/>
            <cc:set name="is.paged.get.aggregate.xpath" value="'/env:Envelope/env:Body/wd:Get_Workers_Response/wd:Response_Data/wd:Worker'"/>
            <cc:set name="is.paged.get.aggregate.header" value="'&lt;Workers>'"/>
            <cc:set name="is.paged.get.aggregate.footer" value="'&lt;/Workers>'"/>
            <cc:set name="is.paged.get.parallel" value="false"/>
        </cc:local-out>
        <cc:local-out id="PutIntegrationMessage00" routes-response-to="StopProcess" endpoint="vm://wcc/PutIntegrationMessage">
            <cc:set name="is.message.severity" value="'ERROR'"/>
            <cc:set name="is.message.summary" value="'No Valid Workers In The File Hence Aborting The Integration'"/>
        </cc:local-out>
        <cc:async-mediation id="Create_Get_Worker_Request" routes-to="GetWorker" handle-downstream-errors="true">
            <cc:steps>
                <cc:xslt-plus id="XsltPlus" input="variable" input-variable="v.input.file" url="Get_Workers.xsl"/>
            </cc:steps>
            <cc:send-error id="SendError" routes-to="PutIntegrationMessage00"/>
        </cc:async-mediation>
        <cc:local-in id="GetWorkers" routes-to="Create_Get_Worker_Request"/>
        <cc:async-mediation id="AsyncMediation">
            <cc:steps>
                <cc:copy id="Copy" output="variable" output-variable="v.agg.data"/>
            </cc:steps>
        </cc:async-mediation>
        <cc:aggregator id="Aggregator0" routes-to="AsyncMediation" collate-when="props['p.collate']" force-batch-when="props['p.batch']">
            <cc:size-batch-strategy batch-size="-1"/>
            <cc:xml-message-content-collater>
        <cc:header-text>&lt;AggregatedData></cc:header-text>
        <cc:footer-text>&lt;/AggregatedData></cc:footer-text>
      </cc:xml-message-content-collater>
        </cc:aggregator>
        <cc:local-in id="StopAggData" routes-to="Aggregator0">
            <cc:parameter name="p.collate" type="boolean"/>
            <cc:parameter name="p.batch" type="boolean"/>
        </cc:local-in>
        <cc:async-mediation id="CopyInputFileData" routes-to="Aggregator0">
            <cc:steps>
                <cc:copy id="Copy" input="variable" input-variable="v.input.file"/>
            </cc:steps>
        </cc:async-mediation>
        <cc:async-mediation id="CopyWorkerData" routes-to="Aggregator0">
            <cc:steps>
                <cc:copy id="Copy" input="variable" input-variable="v.getWorker.simpleResp"/>
            </cc:steps>
        </cc:async-mediation>
        <cc:route id="Route">
            <cc:all-strategy/>
            <cc:sub-route name="GetWorkersData" routes-to="CopyWorkerData"/>
            <cc:sub-route name="PIData" routes-to="CopyPIData"/>
            <cc:sub-route name="InputFileData" routes-to="CopyInputFileData"/>
        </cc:route>
        <cc:local-out id="PutIntegrationMessage010" endpoint="vm://wcc/PutIntegrationMessage">
            <cc:set name="is.message.severity" value="'ERROR'"/>
            <cc:set name="is.message.summary" value="'Error While Calling Route ' + context.errorMessage"/>
        </cc:local-out>
        <cc:async-mediation id="RouteErrorHandler" routes-to="Route" handle-downstream-errors="true">
            <cc:steps>
                <cc:log id="Log">
                    <cc:log-message>
                        <cc:text>****************Downstream errors Log***********</cc:text>
                    </cc:log-message>
                </cc:log>
            </cc:steps>
            <cc:send-error id="SendError" routes-to="PutIntegrationMessage010"/>
        </cc:async-mediation>
        <cc:local-in id="AggData" routes-to="RouteErrorHandler">
            <cc:parameter name="p.collate" type="boolean"/>
            <cc:parameter name="p.batch" type="boolean"/>
        </cc:local-in>
        <cc:local-out id="PutIntegrationMessage" endpoint="vm://wcc/PutIntegrationMessage">
            <cc:set name="is.message.severity" value="'INFO'"/>
            <cc:set name="is.message.summary" value="'Batch import response details stored successfully'"/>
            <cc:set name="is.document.variable.name" value="'import.batch'"/>
            <cc:set name="is.document.file.name" value="'ImportBatch.xml'"/>
            <cc:set name="is.document.labels" value="'import_batch_details'"/>
        </cc:local-out>
        <cc:async-mediation id="StoreAggRespFile" routes-to="PutIntegrationMessage">
            <cc:steps>
                <cc:store id="Store" output="variable" output-variable="import.batch" createDocumentReference="false" expiresIn="P@{props['p.Doc.Retention.Period']}D" title="ImportBatch.xml"/>
            </cc:steps>
        </cc:async-mediation>
        <cc:aggregator id="ImportBatchAgg" routes-to="StoreAggRespFile" collate-when="props['p.importbatch.collate']" force-batch-on-last-message="false" force-batch-when="props['p.importbatch.store']">
            <cc:size-batch-strategy batch-size="-1"/>
            <cc:xml-message-content-collater>
        <cc:header-text>&lt;Batch></cc:header-text>
        <cc:footer-text>&lt;/Batch></cc:footer-text>
      </cc:xml-message-content-collater>
        </cc:aggregator>
        <cc:local-in id="CloseBatchAgg" routes-to="ImportBatchAgg"/>
        <cc:local-out id="PutIntegrationMessage004" endpoint="vm://wcc/PutIntegrationMessage">
            <cc:set name="is.message.severity" value="'ERROR'"/>
            <cc:set name="is.message.summary" value="'Error Occurred While Aggregating Batch IDs'"/>
        </cc:local-out>
        <cc:async-mediation id="Store-Resp-WID" routes-to="ImportBatchAgg" handle-downstream-errors="true">
            <cc:steps>
                <cc:eval id="Get-Resp-WID">
                    <cc:expression>props['p.Import.WID'] = parts[0].xpath('env:Envelope/env:Body/wd:Put_Import_Process_Response/wd:Import_Process_Reference/wd:ID')</cc:expression>
                </cc:eval>
                <cc:xslt id="Xslt" input="variable" input-variable="ImportPayrollRequestCurrent" url="StoreReqResWID.xsl"/>
            </cc:steps>
            <cc:send-error id="SendError" routes-to="PutIntegrationMessage004"/>
        </cc:async-mediation>
        <cc:async-mediation id="Validation-OFF" routes-to="Store-Resp-WID">
            <cc:steps>
                <cc:set-headers id="RemoveHeaders">
                    <cc:remove-headers>
                        <cc:remove-header name="X-Validate-Only"/>
                    </cc:remove-headers>
                    <cc:add-headers/>
                </cc:set-headers>
            </cc:steps>
        </cc:async-mediation>
        <cc:workday-out-soap id="Import-Payroll-Inputs" routes-response-to="Validation-OFF" application="Payroll" version="@{props['p.WS.Version']}"/>
        <cc:async-mediation id="Validation-ON" routes-to="Import-Payroll-Inputs" execute-steps-when="props['lp.Validation.Mode']" handle-downstream-errors="true">
            <cc:steps>
                <cc:set-headers id="SetHeaders">
                    <cc:remove-headers/>
                    <cc:add-headers>
                        <cc:add-header name="X-Validate-Only" value="1"/>
                    </cc:add-headers>
                </cc:set-headers>
            </cc:steps>
        </cc:async-mediation>
        <cc:local-out id="Call-Log-Error0" store-message="none" execute-when="props['p.Errors.Exist']" endpoint="vm://INT5211YourCauseDeductionConversionInbound/StoreErrorLog"/>
        <cc:local-out id="Call-PIM-Error-Import0" store-message="none" endpoint="vm://INT5211YourCauseDeductionConversionInbound/Log-PIM-Error"/>
        <cc:async-mediation id="Log-Error0" routes-to="Call-Log-Error0" execute-steps-when="props['p.Errors.Exist']" handle-downstream-errors="true">
            <cc:steps>
                <cc:write id="Write" input="variable" input-variable="ImportPayrollReq">
                    <cc:message>
                        <cc:text>&lt;Root></cc:text>
                        <cc:xpath xpath="/FINAL_XML/Error"/>
                        <cc:text>&lt;/Root></cc:text>
                    </cc:message>
                </cc:write>
                <cc:copy id="Copy" output="variable" output-variable="error_xml"/>
            </cc:steps>
            <cc:send-error id="SendError" routes-to="Call-PIM-Error-Import0"/>
        </cc:async-mediation>
        <cc:async-mediation id="Get-Errors-Exist0" routes-to="Log-Error0" handle-downstream-errors="true">
            <cc:steps>
                <cc:eval id="Eval">
                    <cc:expression>props['xslt.error'] = props['xsltstep.messages']</cc:expression>
                    <cc:expression>props['xsl.error.len'] = props['xslt.error'].toString().length()</cc:expression>
                    <cc:expression>props['p.Errors.Exist'] = vars['ImportPayrollReq'].xpathB('/FINAL_XML/Error')</cc:expression>
                </cc:eval>
            </cc:steps>
        </cc:async-mediation>
        <cc:local-out id="Call-PIM-Error-Import10" store-message="none" endpoint="vm://INT5211YourCauseDeductionConversionInbound/Log-PIM-Error"/>
        <cc:async-mediation id="AsyncMediation60" routes-to="Validation-ON" handle-downstream-errors="true">
            <cc:steps>
                <cc:copy id="Copy" output="variable" output-variable="ImportPayrollRequestCurrent"/>
                <cc:eval id="Eval">
                    <cc:expression>props['batchNumber'] = props['batchNumber'] + 1</cc:expression>
                </cc:eval>
                <cc:xslt id="Xslt" url="BuildFinalImportRequest.xsl"/>
            </cc:steps>
            <cc:send-error id="SendError" routes-to="Call-PIM-Error-Import10"/>
        </cc:async-mediation>
        <cc:splitter id="Splitter-PI0">
            <cc:sub-route name="SubRoute" routes-to="AsyncMediation60"/>
            <cc:xml-stream-splitter namespaces="wd urn:com.workday/bsvc ns0 http://yourcompany.com/textschema/INT0003-Fidelity-401k-Deferral-Loan-Inbound/Text2Schema.xsd" xpath="/Root/ImportSet"/>
        </cc:splitter>
        <cc:async-mediation id="AsyncMediation10">
            <cc:steps>
                <cc:log id="Log">
                    <cc:log-message>
                        <cc:text>Only Error records , No Valid records</cc:text>
                    </cc:log-message>
                </cc:log>
            </cc:steps>
        </cc:async-mediation>
        <cc:async-mediation id="AsyncMediation00" routes-to="Splitter-PI0" handle-downstream-errors="true">
            <cc:steps>
                <cc:eval id="Eval">
                    <cc:expression>props['IsEmpty']= parts[0].xpath('/Root/ImportSet').isEmpty()</cc:expression>
                    <cc:expression>props['batchNumber'] = 0</cc:expression>
                </cc:eval>
                <cc:validate-exp id="ValidateExp">
                    <cc:expression failure-message="No Valid Records">props['IsEmpty'] == false</cc:expression>
                </cc:validate-exp>
            </cc:steps>
            <cc:send-error id="SendError" routes-to="AsyncMediation10"/>
        </cc:async-mediation>
        <cc:route id="Process-Success-and-Errors0">
            <cc:all-strategy/>
            <cc:sub-route name="Call-ImportPI-Success" routes-to="AsyncMediation00"/>
            <cc:sub-route name="Call-Log-Error" routes-to="Get-Errors-Exist0"/>
        </cc:route>
        <cc:local-out id="PutIntegrationMessage003" endpoint="vm://wcc/PutIntegrationMessage">
            <cc:set name="is.message.severity" value="'ERROR'"/>
            <cc:set name="is.message.summary" value="'Error at:' # context.errorComponentId # '. Error Msg:' # context.errorMessage"/>
        </cc:local-out>
        <cc:async-mediation id="Build-Import-PI0" routes-to="Process-Success-and-Errors0" handle-downstream-errors="true">
            <cc:steps>
                <cc:xslt-plus id="BuildPIReq" output="variable" output-variable="ImportPayrollReq" input="variable" input-variable="v.agg.data" url="BuildImportPayrollRequest.xsl"/>
                <cc:log id="Log">
                    <cc:log-message>
                        <cc:text>********************BuildPayrollInputLOG*******************</cc:text>
                    </cc:log-message>
                </cc:log>
                <cc:xslt-plus id="SplitBatch" output="variable" output-variable="ImportPayrollSplitByBatch" input="variable" input-variable="ImportPayrollReq" url="SplitBatchByCount.xsl"/>
                <cc:copy id="Copy" input="variable" input-variable="ImportPayrollSplitByBatch"/>
            </cc:steps>
            <cc:send-error id="SendError" rethrow-error="true" routes-to="PutIntegrationMessage003"/>
        </cc:async-mediation>
        <cc:local-in id="submitPayrollWWS" routes-to="Build-Import-PI0"/>
        <cc:local-out id="Put-Cloud-Log-Message" endpoint="vm://wcc/PutIntegrationMessage">
            <cc:set name="is.message.severity" value="'INFO'"/>
            <cc:set name="is.message.summary" value="'Error Log stored successfully. Please check the file INT049-Error-Log.csv for more details'"/>
            <cc:set name="is.document.variable.name" value="'error.batch'"/>
            <cc:set name="is.document.file.name" value="'Error-Log.xml'"/>
            <cc:set name="is.document.labels" value="'import_error_details'"/>
        </cc:local-out>
        <cc:async-mediation id="Store-Error-Log" routes-to="Put-Cloud-Log-Message">
            <cc:steps>
                <cc:store id="ErrorLog-Store" output="variable" output-variable="error.batch" createDocumentReference="false" expiresIn="P@{props['p.Doc.Retention.Period']}D" title="Error-Log.xml"/>
            </cc:steps>
        </cc:async-mediation>
        <cc:aggregator id="Error-Log-Aggregator" routes-to="Store-Error-Log" collate-when="props['p.error.collate']" force-batch-on-last-message="false" force-batch-when="props['p.error.store']">
            <cc:size-batch-strategy batch-size="-1"/>
            <cc:xml-message-content-collater>
        <cc:header-text>&lt;Error_Batch></cc:header-text>
        <cc:footer-text>&lt;/Error_Batch></cc:footer-text>
      </cc:xml-message-content-collater>
        </cc:aggregator>
        <cc:local-in id="Close-Error-Agg" routes-to="Error-Log-Aggregator"/>
        <cc:local-out id="Call-PIM-Error-Logging" store-message="none" endpoint="vm://INT5211YourCauseDeductionConversionInbound/Log-PIM-Error"/>
        <cc:async-mediation id="Handle-Logging-Errors" routes-to="Error-Log-Aggregator" handle-downstream-errors="true">
            <cc:steps>
                <cc:log id="Log">
                    <cc:log-message>
                        <cc:text>Handle Downstream errors for Error Aggregator</cc:text>
                    </cc:log-message>
                </cc:log>
            </cc:steps>
            <cc:send-error id="SendError" routes-to="Call-PIM-Error-Logging"/>
        </cc:async-mediation>
        <cc:local-in id="StoreErrorLog" routes-to="Handle-Logging-Errors"/>
        <cc:local-out id="Put-PIM-Critical-Error" endpoint="vm://wcc/PutIntegrationMessage">
            <cc:set name="is.message.severity" value="'CRITICAL'"/>
            <cc:set name="is.message.summary" value="'Critical error occurred'"/>
            <cc:set name="is.message.detail" value="'Error occurred at - '#context.errorComponentId#'. Error Message : '#util.cleanString(context.errorMessage)"/>
        </cc:local-out>
        <cc:async-mediation id="Store-CL-Critical" routes-to="Put-PIM-Critical-Error" execute-steps-when="props['p.critical']">
            <cc:steps>
                <cc:store id="Store" input="variable" input-variable="cloud-log-critical-error" createDocumentReference="true" expiresIn="P@{props['p.Doc.Retention.Period']}D" title="INT0003-Critical-Errors-Log.html"/>
            </cc:steps>
        </cc:async-mediation>
        <cc:send-error id="global-error-handler" rethrow-error="false" routes-to="Store-CL-Critical"/>
        <cc:local-out id="Put-Process-Error" endpoint="vm://wcc/PutIntegrationMessage">
            <cc:set name="is.message.severity" value="'ERROR'"/>
            <cc:set name="is.message.summary" value="'Error occurred while processing'"/>
            <cc:set name="is.message.detail" value="'Error occurred at: '#context.errorComponentId#'. Error Message: '#util.cleanString(context.errorMessage)"/>
        </cc:local-out>
        <cc:local-in id="Log-PIM-Error" routes-to="Put-Process-Error"/>
        <cc:async-mediation id="StopProcess">
            <cc:steps>
                <cc:eval id="Stop">
                    <cc:expression>context.setAbort(true)</cc:expression>
                </cc:eval>
            </cc:steps>
        </cc:async-mediation>
        <cc:local-out id="Put-Audit-Process-Error0" endpoint="vm://wcc/PutIntegrationMessage">
            <cc:set name="is.message.severity" value="'ERROR'"/>
            <cc:set name="is.message.summary" value="'Error occurred while processing audit response'"/>
            <cc:set name="is.message.detail" value="'Error occurred at: '#context.errorComponentId#'. Error Message : '#util.cleanString(context.errorMessage)"/>
        </cc:local-out>
        <cc:local-in id="Audit-Log-Error0" routes-to="Put-Audit-Process-Error0"/>
        <cc:local-out id="PutFinalAudit0" endpoint="vm://wcc/PutIntegrationMessage">
            <cc:set name="is.message.severity" value="'INFO'"/>
            <cc:set name="is.message.summary" value="&quot;Successfully Attached Audit file : Audit_Summary.csv&quot;"/>
            <cc:set name="is.document.variable.name" value="&quot;audit.final&quot;"/>
            <cc:set name="is.document.file.name" value="&quot;Audit_Summary.csv&quot;"/>
        </cc:local-out>
        <cc:local-out id="CallAuditLog00" store-message="none" endpoint="vm://INT5211YourCauseDeductionConversionInbound/Audit-Log-Error0"/>
        <cc:async-mediation id="Final_Audit_FIle_Generation0" routes-to="PutFinalAudit0">
            <cc:steps>
                <cc:xslt-plus id="XsltPlus" output="message" url="Audit_Summary.xsl"/>
                <cc:xml-to-csv id="XmlToCsv" format="rfc4180" line-separator="@{&quot;\r\n&quot;}" separator="," writeHeaderLine="'EmployeeID','Start Date','End Date','Deduction Code','Amount','Status','Message'"/>
                <cc:store id="Store" output="variable" output-mimetype="text/plain" output-variable="audit.final" createDocumentReference="false" expiresIn="P@{props['p.Doc.Retention.Period']}D" title="Audit_Summary.csv"/>
            </cc:steps>
            <cc:send-error id="SendError" routes-to="CallAuditLog00"/>
        </cc:async-mediation>
        <cc:local-in id="FinalSummary" routes-to="Final_Audit_FIle_Generation0">
            <cc:parameter name="collate" type="boolean"/>
            <cc:parameter name="batch" type="boolean"/>
        </cc:local-in>
        <cc:local-out id="CallFinalSummary" store-message="none" endpoint="vm://INT5211YourCauseDeductionConversionInbound/FinalSummary">
            <cc:set name="collate" value="false"/>
            <cc:set name="batch" value="true"/>
        </cc:local-out>
        <cc:aggregator id="Aggregator000" routes-to="CallFinalSummary" collate-when="props['p.collate']" force-batch-when="props['p.store']">
            <cc:size-batch-strategy/>
            <cc:xml-message-content-collater>
        <cc:header-text>&lt;AggregatedSummaryData></cc:header-text>
        <cc:footer-text>&lt;/AggregatedSummaryData></cc:footer-text>
      </cc:xml-message-content-collater>
        </cc:aggregator>
        <cc:local-in id="StopSummaryAggData0" routes-to="Aggregator000">
            <cc:parameter name="p.collate" type="boolean"/>
            <cc:parameter name="p.store" type="boolean"/>
        </cc:local-in>
        <cc:async-mediation id="AsyncMediation1">
            <cc:steps>
                <cc:log id="Log">
                    <cc:log-message>
                        <cc:text>No Error Data To Be Logged Into Audit Report</cc:text>
                    </cc:log-message>
                </cc:log>
            </cc:steps>
        </cc:async-mediation>
        <cc:async-mediation id="AsyncMediation7" routes-to="Aggregator000">
            <cc:steps>
                <cc:validate-exp id="ValidateExp">
                    <cc:expression failure-message="No Error data found in the file.">props['ErrorExists']</cc:expression>
                </cc:validate-exp>
                <cc:copy id="Copy" input="variable" input-variable="error.file"/>
            </cc:steps>
            <cc:send-error id="SendError" routes-to="AsyncMediation1"/>
        </cc:async-mediation>
        <cc:async-mediation id="AsyncMediation11">
            <cc:steps>
                <cc:log id="Log">
                    <cc:log-message>
                        <cc:text>No Error Data To Be Logged Into Audit Report</cc:text>
                    </cc:log-message>
                </cc:log>
            </cc:steps>
        </cc:async-mediation>
        <cc:async-mediation id="RouteErrorHandler00" routes-to="Aggregator000" handle-downstream-errors="true">
            <cc:steps>
                <cc:validate-exp id="ValidateExp">
                    <cc:expression failure-message="No valid batch data found in the file.">props['BatchExists']</cc:expression>
                </cc:validate-exp>
                <cc:copy id="Copy0" input="variable" input-variable="batch.processed.xml"/>
            </cc:steps>
            <cc:send-error id="SendError" routes-to="AsyncMediation11"/>
        </cc:async-mediation>
        <cc:route id="Route1">
            <cc:all-strategy/>
            <cc:sub-route name="BatchFIle" routes-to="RouteErrorHandler00"/>
            <cc:sub-route name="ErrorFile" routes-to="AsyncMediation7"/>
        </cc:route>
        <cc:local-in id="AggBatch_Error" routes-to="Route1"/>
        <cc:async-mediation id="Store-Audit-File0" handle-downstream-errors="true">
            <cc:steps>
                <cc:copy id="Copy" output="variable" output-variable="batch.processed.xml"/>
            </cc:steps>
        </cc:async-mediation>
        <cc:aggregator id="Aggregator-Log0" routes-to="Store-Audit-File0" collate-when="props['p.batch.collate']" force-batch-on-last-message="false" force-batch-when="props['p.batch.store']">
            <cc:size-batch-strategy batch-size="-1"/>
            <cc:xml-message-content-collater>
        <cc:header-text>&lt;Aggregated_batch></cc:header-text>
        <cc:footer-text>&lt;/Aggregated_batch></cc:footer-text>
      </cc:xml-message-content-collater>
        </cc:aggregator>
        <cc:local-in id="CloseAuditAgg0" routes-to="Aggregator-Log0">
            <cc:parameter name="p.batch.collate" type="boolean"/>
            <cc:parameter name="p.batch.store" type="boolean"/>
        </cc:local-in>
        <cc:local-out id="PutIntegrationMessage0090" endpoint="vm://wcc/PutIntegrationMessage">
            <cc:set name="is.message.severity" value="'ERROR'"/>
            <cc:set name="is.message.summary" value="'Error Occurred While Creating Mapped Response Or Aggregating Batch FInal Audit Response'"/>
        </cc:local-out>
        <cc:async-mediation id="Transform-Resp0" routes-to="Aggregator-Log0" handle-downstream-errors="true">
            <cc:steps>
                <cc:copy id="Copy" input="variable" input-variable="CurrentBatchDetails" append-to-output-element="true" output-xpath="/MessageDetails"/>
                <cc:xslt id="Xslt" output-mimetype="text/plain" url="MappedResponse.xsl"/>
            </cc:steps>
            <cc:send-error id="SendError" routes-to="PutIntegrationMessage0090"/>
        </cc:async-mediation>
        <cc:local-out id="PutIntegrationMessage00100" endpoint="vm://wcc/PutIntegrationMessage">
            <cc:set name="is.message.severity" value="'ERROR'"/>
            <cc:set name="is.message.summary" value="'Error Occurred While Checking For Errors After Processing WID'"/>
        </cc:local-out>
        <cc:async-mediation id="Check-Err-Exists0" routes-to="Transform-Resp0" handle-downstream-errors="true">
            <cc:steps>
                <cc:log id="Log">
                    <cc:log-message>
                        <cc:text>******************Process Message Request LOG*******************</cc:text>
                    </cc:log-message>
                </cc:log>
                <cc:eval id="Eval">
                    <cc:expression>if (parts[0].xpathB('/MessageDetails/wd:Import_Process_Message')) {&#xD;
props['p.errors.exist'] = true;&#xD;
}&#xD;
else&#xD;
{props['p.errors.exist'] = false;&#xD;
}</cc:expression>
                </cc:eval>
            </cc:steps>
            <cc:send-error id="SendError" routes-to="PutIntegrationMessage00100"/>
        </cc:async-mediation>
        <cc:local-out id="GetImportProcMsgs0" routes-response-to="Check-Err-Exists0" endpoint="vm://wcc/PagedGet">
            <cc:set name="is.paged.get.request.current.page.xpath" value="'/env:Envelope/env:Body/*/wd:Response_Filter/wd:Page'"/>
            <cc:set name="is.paged.get.response.current.page.xpath" value="'/env:Envelope/env:Body/*/wd:Response_Results/wd:Page'"/>
            <cc:set name="is.paged.get.response.total.pages.xpath" value="'/env:Envelope/env:Body/*/wd:Response_Results/wd:Total_Pages'"/>
            <cc:set name="is.paged.get.response.total.results.xpath" value="'/env:Envelope/env:Body/*/wd:Response_Results/wd:Total_Results'"/>
            <cc:set name="is.paged.get.aggregate.xpath" value="'/env:Envelope/env:Body/wd:Get_Import_Process_Messages_Response/wd:Response_Data/wd:Import_Process_Message'"/>
            <cc:set name="is.paged.get.aggregate.header" value="'&lt;MessageDetails>'"/>
            <cc:set name="is.paged.get.aggregate.footer" value="'&lt;/MessageDetails>'"/>
            <cc:set name="is.paged.get.application" value="'Integrations'"/>
            <cc:set name="is.paged.get.version" value="props['p.WS.Version']"/>
            <cc:set name="is.paged.get.parallel" value="true"/>
        </cc:local-out>
        <cc:local-out id="CallAuditLog1" store-message="none" endpoint="vm://INT5211YourCauseDeductionConversionInbound/Audit-Log-Error0"/>
        <cc:async-mediation id="Build-Request0" routes-to="GetImportProcMsgs0" handle-downstream-errors="true">
            <cc:steps>
                <cc:copy id="Copy" output="variable" output-variable="CurrentBatchDetails"/>
                <cc:xslt id="Xslt" url="BuildGetImportProcMsgsRequest.xsl"/>
            </cc:steps>
            <cc:send-error id="SendError" routes-to="CallAuditLog1"/>
        </cc:async-mediation>
        <cc:splitter id="SplitByBatch0" no-split-message-error="true">
            <cc:sub-route name="SubRoute" routes-to="Build-Request0"/>
            <cc:xml-stream-splitter xpath="/Batch/PayrollBatchDetails"/>
        </cc:splitter>
        <cc:local-out id="PutIntegrationMessage0080" endpoint="vm://wcc/PutIntegrationMessage">
            <cc:set name="is.message.severity" value="'ERROR'"/>
            <cc:set name="is.message.summary" value="'Error Occurred While Processing Batch'"/>
        </cc:local-out>
        <cc:async-mediation id="CopyBatchData0" routes-to="SplitByBatch0" handle-downstream-errors="true">
            <cc:steps>
                <cc:copy id="Copy0" output="message" input="variable" input-variable="batch.file"/>
            </cc:steps>
            <cc:send-error id="SendError" rethrow-error="true" routes-to="PutIntegrationMessage0080"/>
        </cc:async-mediation>
        <cc:local-in id="ProcessBatchResponse" routes-to="CopyBatchData0"/>
        <cc:local-out id="PutIntegrationMessage0070" endpoint="vm://wcc/PutIntegrationMessage">
            <cc:set name="is.message.severity" value="'ERROR'"/>
            <cc:set name="is.message.summary" value="'No Batch file Found For Processing'"/>
        </cc:local-out>
        <cc:local-out id="CallCloseAuditAgg0" store-message="none" execute-when="props['BatchExists']" endpoint="vm://INT5211YourCauseDeductionConversionInbound/CloseAuditAgg0">
            <cc:set name="p.batch.collate" value="false"/>
            <cc:set name="p.batch.store" value="true"/>
        </cc:local-out>
        <cc:local-out id="CallProcessBatchResponse" store-message="none" execute-when="props['BatchExists']" routes-response-to="CallCloseAuditAgg0" endpoint="vm://INT5211YourCauseDeductionConversionInbound/ProcessBatchResponse"/>
        <cc:async-mediation id="AsyncMediation100">
            <cc:steps>
                <cc:log id="Log">
                    <cc:log-message>
                        <cc:text>Default condition triggered for Get Event documents.</cc:text>
                    </cc:log-message>
                </cc:log>
            </cc:steps>
        </cc:async-mediation>
        <cc:local-out id="PutIntegrationMessage00700" endpoint="vm://wcc/PutIntegrationMessage">
            <cc:set name="is.message.severity" value="'INFO'"/>
            <cc:set name="is.message.summary" value="'No ERROR file Found For Processing'"/>
        </cc:local-out>
        <cc:async-mediation id="AsyncMediation90" handle-downstream-errors="true">
            <cc:steps>
                <cc:copy id="Copy" input="variable" input-variable="wd.retrieve.variable"/>
                <cc:eval id="Eval">
                    <cc:expression>props['ErrorExists'] = parts[0].xpathB('/Error_Batch/Root/Error')</cc:expression>
                </cc:eval>
                <cc:validate-exp id="ValidateExp">
                    <cc:expression failure-message="No Error File found">props['ErrorExists']</cc:expression>
                </cc:validate-exp>
                <cc:copy id="Copy0" output="variable" output-variable="error.file"/>
            </cc:steps>
            <cc:send-error id="SendError" routes-to="PutIntegrationMessage00700"/>
        </cc:async-mediation>
        <cc:async-mediation id="AsyncMediation80" routes-to="CallProcessBatchResponse" handle-downstream-errors="true">
            <cc:steps>
                <cc:copy id="Copy" input="variable" input-variable="wd.retrieve.variable"/>
                <cc:eval id="Eval">
                    <cc:expression>props['BatchExists'] = parts[0].xpathB('/Batch/PayrollBatchDetails/RespWID')</cc:expression>
                </cc:eval>
                <cc:validate-exp id="ValidateExp">
                    <cc:expression failure-message="No valid batch data found in the file.">props['BatchExists']</cc:expression>
                </cc:validate-exp>
                <cc:copy id="Copy0" output="variable" output-variable="batch.file"/>
            </cc:steps>
            <cc:send-error id="SendError" routes-to="PutIntegrationMessage0070"/>
        </cc:async-mediation>
        <cc:route id="Route000">
            <cc:mvel-strategy>
                <cc:choose-route expression="props['FileName'] =='ImportBatch.xml'" route="Batch File"/>
                <cc:choose-route expression="props['FileName'] =='Error-Log.xml'" route="Error File"/>
                <cc:choose-route expression="true" route="Default"/>
            </cc:mvel-strategy>
            <cc:sub-route name="Batch File" routes-to="AsyncMediation80"/>
            <cc:sub-route name="Error File" routes-to="AsyncMediation90"/>
            <cc:sub-route name="Default" routes-to="AsyncMediation100"/>
        </cc:route>
        <cc:local-out id="PutIntegrationMessage0060" endpoint="vm://wcc/PutIntegrationMessage">
            <cc:set name="is.message.severity" value="'ERROR'"/>
            <cc:set name="is.message.summary" value="'Error Occurred While Routing Through Documents'"/>
        </cc:local-out>
        <cc:async-mediation id="DocAttributes0" routes-to="Route000" handle-downstream-errors="true">
            <cc:steps>
                <cc:eval id="Eval"><cc:expression>props['FileName'] = vars['wd.retrieve.variable'].fileName</cc:expression></cc:eval>
            </cc:steps>
            <cc:send-error id="SendError" routes-to="PutIntegrationMessage0060"/>
        </cc:async-mediation>
        <cc:route id="Route10">
            <cc:doc-iterator/>
            <cc:sub-route name="Alternate" routes-to="DocAttributes0"/>
        </cc:route>
        <cc:local-out id="GetEventDocuments10" routes-response-to="Route10" endpoint="vm://wcc/GetEventDocuments">
            <cc:set name="ie.event.wid" value="lp.exists('EventWID') ? lp.getSimpleData('EventWID') : lp.getIntegrationEventWID()"/>
        </cc:local-out>
        <cc:local-out id="PutIntegrationMessage0050" endpoint="vm://wcc/PutIntegrationMessage">
            <cc:set name="is.message.severity" value="'ERROR'"/>
            <cc:set name="is.message.summary" value="'Error Occurred While Audit Initialization'"/>
        </cc:local-out>
        <cc:async-mediation id="Initialize_Audit0" routes-to="GetEventDocuments10" handle-downstream-errors="true">
            <cc:steps>
                <cc:eval id="Init-Props">
                    <cc:expression>props['p.WS.Version'] = intsys.getAttribute('Web Service Version')</cc:expression>
                    <cc:expression>props['p.Doc.Retention.Period'] = intsys.getAttribute('Document Retention Period')</cc:expression>
                    <cc:expression>props['p.batch.collate'] = true</cc:expression>
                    <cc:expression>props['p.batch.store'] = false</cc:expression>
                    <cc:expression>props['p.collate'] = true</cc:expression>
                    <cc:expression>props['p.store'] = false</cc:expression>
                    <cc:expression>props['ErrorExists'] = false</cc:expression>
                    <cc:expression>props['BatchExists'] = false</cc:expression>
                </cc:eval>
            </cc:steps>
            <cc:send-error id="SendError" rethrow-error="true" routes-to="PutIntegrationMessage0050"/>
        </cc:async-mediation>
        <cc:local-in id="RetrieveDoc0" routes-to="Initialize_Audit0"/>
        <cc:local-out id="Call_StopSummaryAggData0" store-message="none" execute-when="props['BatchExists'] == true || props['ErrorExists'] == true" endpoint="vm://INT5211YourCauseDeductionConversionInbound/StopSummaryAggData0">
            <cc:set name="p.collate" value="false"/>
            <cc:set name="p.store" value="true"/>
            <cc:set name="p.batch"/>
        </cc:local-out>
        <cc:local-out id="Call-AggBatch_Error" store-message="none" execute-when="props['BatchExists'] == true || props['ErrorExists'] == true" routes-response-to="Call_StopSummaryAggData0" endpoint="vm://INT5211YourCauseDeductionConversionInbound/AggBatch_Error"/>
        <cc:local-out id="CallRetrieveDoc0" store-message="none" routes-response-to="Call-AggBatch_Error" endpoint="vm://INT5211YourCauseDeductionConversionInbound/RetrieveDoc0"/>
        <cc:workday-in id="Audit-Start-Here" routes-to="CallRetrieveDoc0">
            <cc:integration-system name="INT5211 YourCause Deduction Conversion Inbound Audit">
        <cloud:param name="EventWID">
          <cloud:type>
            <cloud:simple-type>text</cloud:simple-type>
          </cloud:type>
        </cloud:param>
        <cloud:attribute-map-service name="INT5211-Audit-Attribute-Service">
          <cloud:attribute name="Web Service Version">
            <cloud:type>
              <cloud:class-report-field description="Web Service API Version" type="WID" singular="true">f54cce640b3410001ae50f791f2000cd</cloud:class-report-field>
            </cloud:type>
          </cloud:attribute>
          <cloud:attribute name="Document Retention Period">
            <cloud:type>
              <cloud:simple-type>number</cloud:simple-type>
            </cloud:type>
          </cloud:attribute>
        </cloud:attribute-map-service>
      </cc:integration-system>
        </cc:workday-in>
        <cc:async-mediation id="InitRetrieveDoc" routes-to="GetFile">
            <cc:steps>
                <cc:eval id="Eval">
                    <cc:expression>props['total.count'] = 0</cc:expression>
                    <cc:expression>props['record.count'] = 0</cc:expression>
                </cc:eval>
            </cc:steps>
            <cc:send-error id="SendError" rethrow-error="false" routes-to="CallSubRoutine"/>
        </cc:async-mediation>
        <cc:local-out id="CallSubRoutine" store-message="none" endpoint="vm://wcc/PutIntegrationMessage"><cc:set name="is.message.severity" value="'ERROR'"/><cc:set name="is.message.summary" value="'Error Occurred While File Retrieval'"/></cc:local-out>
        <cc:local-out id="GetFile" store-message="none" routes-response-to="RetrieveDocuments" endpoint="vm://wcc/GetEventDocuments"><cc:set name="ie.event.wid" value="lp.isSet() ? lp.getIntegrationEventWID() : null"/></cc:local-out>
        <cc:local-out id="PutIntegrationMessage0011" store-message="none" routes-response-to="AsyncMediation0" endpoint="vm://wcc/PutIntegrationMessage"><cc:set name="is.message.severity" value="'WARNING'"/><cc:set name="is.message.summary" value="'File does not have records to process'"/></cc:local-out>
        <cc:local-in id="GetPayrollInput" routes-to="BuildPI"/>
        <cc:async-mediation id="BuildPI" routes-to="GetPayrollInputs" handle-downstream-errors="true">
            <cc:steps>
                <cc:write id="Write">
                    <cc:message>
                        <cc:text>&lt;?xml version=&quot;1.0&quot; encoding=&quot;UTF-8&quot; standalone=&quot;no&quot;?>&#xD;
&lt;env:Envelope&#xD;
    xmlns:env=&quot;http://schemas.xmlsoap.org/soap/envelope/&quot;&#xD;
    xmlns:xsd=&quot;http://www.w3.org/2001/XMLSchema&quot;>&#xD;
    &lt;env:Body>&#xD;
        &lt;wd:Get_Submit_Payroll_Inputs_Request&#xD;
            xmlns:wd=&quot;urn:com.workday/bsvc&quot;>&#xD;
            &lt;wd:Request_Criteria>  &#xD;
                &lt;wd:Deduction_Reference>&#xD;
                    &lt;wd:ID wd:type=&quot;Deduction_Code&quot;>@{props['p.Deduction.Code']}&lt;/wd:ID>&#xD;
                &lt;/wd:Deduction_Reference>&#xD;
                &lt;wd:Open-Ended_Ongoing_Inputs>true&lt;/wd:Open-Ended_Ongoing_Inputs>&#xD;
            &lt;/wd:Request_Criteria>&#xD;
            &lt;wd:Response_Filter>&#xD;
                &lt;wd:As_Of_Effective_Date>@{props['lp.current.run.date']}&lt;/wd:As_Of_Effective_Date>&#xD;
                &lt;wd:As_Of_Entry_DateTime>@{props['lp.current.run.datetime']}&lt;/wd:As_Of_Entry_DateTime>&#xD;
                &lt;wd:Page>1&lt;/wd:Page>&#xD;
                &lt;wd:Count>100&lt;/wd:Count>&#xD;
            &lt;/wd:Response_Filter>&#xD;
            &lt;wd:Response_Group>&#xD;
                &lt;wd:Include_Reference>true&lt;/wd:Include_Reference>&#xD;
                &lt;wd:Include_Payroll_Input_Data>true&lt;/wd:Include_Payroll_Input_Data>&#xD;
            &lt;/wd:Response_Group>&#xD;
        &lt;/wd:Get_Submit_Payroll_Inputs_Request>&#xD;
    &lt;/env:Body>&#xD;
&lt;/env:Envelope></cc:text>
                    </cc:message>
                </cc:write>
            </cc:steps>
            <cc:send-error id="SendError" routes-to="CallSubRoutine0"/>
        </cc:async-mediation>
        <cc:async-mediation id="PI_Response">
            <cc:steps>
                <cc:xslt-plus id="XsltPlus" output="variable" output-variable="v.PayrollInputResponse" url="FormatPayrollResponse.xsl"/>
            </cc:steps>
            <cc:send-error id="SendError" routes-to="CallSubRoutine1"/>
        </cc:async-mediation>
        <cc:local-out id="CallSubRoutine0" store-message="none" endpoint="vm://wcc/PutIntegrationMessage"/>
        <cc:local-out id="GetPayrollInputs" store-message="none" routes-response-to="PI_Response" endpoint="vm://wcc/PagedGet"><cc:set name="is.paged.get.request.current.page.xpath" value="'/env:Envelope/env:Body/*/wd:Response_Filter/wd:Page'"/><cc:set name="is.paged.get.response.current.page.xpath" value="'/env:Envelope/env:Body/*/wd:Response_Results/wd:Page'"/><cc:set name="is.paged.get.response.total.pages.xpath" value="'/env:Envelope/env:Body/*/wd:Response_Results/wd:Total_Pages'"/><cc:set name="is.paged.get.response.total.results.xpath" value="'/env:Envelope/env:Body/*/wd:Response_Results/wd:Total_Results'"/><cc:set name="is.paged.get.aggregate.xpath" value="'/env:Envelope/env:Body/wd:Get_Submit_Payroll_Inputs_Response/wd:Response_Data/wd:Payroll_Input'"/><cc:set name="is.paged.get.aggregate.header" value="'&lt;WorkerPayroll>'"/><cc:set name="is.paged.get.aggregate.footer" value="'&lt;/WorkerPayroll>'"/><cc:set name="is.paged.get.application" value="'Payroll'"/><cc:set name="is.paged.get.version" value="props['p.WS.Version']"/><cc:set name="is.paged.get.parallel" value="true"/></cc:local-out>
        <cc:async-mediation id="CopyPIData" routes-to="Aggregator0">
            <cc:steps>
                <cc:copy id="Copy" input="variable" input-variable="v.PayrollInputResponse"/>
            </cc:steps>
        </cc:async-mediation>
        <cc:local-out id="CallPayrollInput" store-message="none" routes-response-to="Call_Aggregator" endpoint="vm://INT5211YourCauseDeductionConversionInbound/GetPayrollInput"/>
        <cc:local-out id="CallSubRoutine1" store-message="none" endpoint="vm://wcc/PutIntegrationMessage"/>
        <cc:async-mediation id="AsyncMediation0">
            <cc:steps>
                <cc:eval id="Eval">
                    <cc:expression>context.setAbort(true)</cc:expression>
                </cc:eval>
            </cc:steps>
        </cc:async-mediation>
	</cc:assembly>

</beans>