<?xml version="1.0" encoding="UTF-8"?><wm:manifest xmlns:wm="http://www.workday.com/solution/catalog/manifest/10" xmlns:xsi="http://www.w3.org/2001/XMLSchema-instance" xsi:schemaLocation="http://www.workday.com/solution/catalog/manifest/10 http://www.workday.com/solution/catalog/manifest/10">
   <wm:clar version="3.0"/>
   <wm:descriptive>
      <wm:title>DART - Compensation</wm:title>
      <wm:description>Developed by WD Integration Service Tool Team</wm:description>
      <wm:author>WD INT Service Tool</wm:author>
      <wm:timestamp>2018-03-27T08:00:00.181-05:00</wm:timestamp>
   </wm:descriptive>
</wm:manifest>
