<?xml version="1.0" encoding="UTF-8"?>
<wdnm:Diagram xmlns:wdnm="http://workday.com/studio/editors/notation">
  <element href="assembly.xml#WorkdayAssembly"/>
  <visualProperties x="115" y="125">
    <element href="assembly.xml#GetSupplierInvoice-IN"/>
  </visualProperties>
  <visualProperties x="273" y="155">
    <element href="assembly.xml#AM-GetSupplierInvRequest"/>
  </visualProperties>
  <visualProperties x="649" y="178">
    <element href="assembly.xml#GetSupplierInvoiceSoap"/>
  </visualProperties>
  <visualProperties x="808" y="171">
    <element href="assembly.xml#AsyncMediation"/>
  </visualProperties>
  <visualProperties x="1021" y="182">
    <element href="assembly.xml#AsyncMediation0"/>
  </visualProperties>
  <visualProperties x="399" y="160">
    <element href="assembly.xml#PutWWSMessage"/>
  </visualProperties>
  <connections type="routesTo" sourceAnchorX="0.8693181818181818" sourceAnchorY="1.0" targetAnchorX="0.06878306878306878" targetAnchorY="0.5217391304347826">
    <source href="assembly.xml#GetSupplierInvoice-IN"/>
    <target href="assembly.xml#AM-GetSupplierInvRequest"/>
  </connections>
  <connections type="routesResponseTo" sourceAnchorX="0.7724867724867724" sourceAnchorY="1.0" targetAnchorX="0.07874015748031496" targetAnchorY="0.5869565217391305">
    <source href="assembly.xml#GetSupplierInvoiceSoap"/>
    <target href="assembly.xml#AsyncMediation"/>
  </connections>
  <connections type="routesTo" sourceAnchorX="1.0" sourceAnchorY="0.3617021276595745" targetAnchorX="0.13432835820895522" targetAnchorY="0.43478260869565216">
    <source href="assembly.xml#AsyncMediation"/>
    <target href="assembly.xml#AsyncMediation0"/>
  </connections>
  <connections type="routesTo" sourceAnchorX="1.0" sourceAnchorY="0.34782608695652173" targetAnchorX="0.06451612903225806" targetAnchorY="0.6486486486486487">
    <source href="assembly.xml#AM-GetSupplierInvRequest"/>
    <target href="assembly.xml#GetSupplierInvoiceSoap"/>
  </connections>
  <connections type="routesTo" sourceAnchorX="0.6896551724137931" sourceAnchorY="1.0" targetAnchorX="0.7557251908396947" targetAnchorY="0.24324324324324326">
    <source href="assembly.xml#//@beans/@mixed.1/@mixed.3/@mixed.3"/>
    <target href="assembly.xml#PutWWSMessage"/>
  </connections>
  <swimlanes x="26" y="37" name="Get Supplier Invoice ">
    <elements href="assembly.xml#GetSupplierInvoice-IN"/>
    <elements href="#//@swimlanes.1"/>
    <elements href="assembly.xml#GetSupplierInvoiceSoap"/>
    <elements href="assembly.xml#AsyncMediation"/>
    <elements href="assembly.xml#AsyncMediation0"/>
  </swimlanes>
  <swimlanes x="188" y="171" name="Swimlane" orientation="VERTICAL">
    <elements href="assembly.xml#AM-GetSupplierInvRequest"/>
    <elements href="assembly.xml#PutWWSMessage"/>
  </swimlanes>
</wdnm:Diagram>
