<?xml version="1.0" encoding="UTF-8"?>
<beans
     xmlns="http://www.springframework.org/schema/beans"
     xmlns:beans="http://www.springframework.org/schema/beans"
     xmlns:atom="http://www.w3.org/2005/Atom"
     xmlns:cc="http://www.capeclear.com/assembly/10"
     xmlns:cloud="urn:com.workday/esb/cloud/10.0"
     xmlns:env="http://schemas.xmlsoap.org/soap/envelope/"
     xmlns:pi="urn:com.workday/picof"
     xmlns:wd="urn:com.workday/bsvc"
     xmlns:xsi="http://www.w3.org/2001/XMLSchema-instance">
 
	<cc:assembly id="WorkdayAssembly" version="2020.9">
        <cc:workday-in id="StartHere" routes-to="CallSubRoutine0">
            <cc:integration-system name="INT0574 Costing String Error Log Reconciliation Outbound">
        <cloud:param name="From DateTime">
          <cloud:type>
            <cloud:simple-type>datetime</cloud:simple-type>
          </cloud:type>
          <cloud:launch-option>required</cloud:launch-option>
        </cloud:param>
        <cloud:param name="To DateTime">
          <cloud:type>
            <cloud:simple-type>datetime</cloud:simple-type>
          </cloud:type>
          <cloud:launch-option>required</cloud:launch-option>
        </cloud:param>
        <cloud:report-service name="INT574_CostingString_ErrorLog_SI_RS">
          <cloud:report-alias description="INT0574 CostingString Error Log Report" name="INT0574_CostingString_Error_Log_Report">
            <cloud:report-reference description="INT0574 CostingString ErrorLog Reconciliation Report" type="WID">b363f5aa438801eab200e05f7e288ab7</cloud:report-reference>
          </cloud:report-alias>
        </cloud:report-service>
      </cc:integration-system>
        </cc:workday-in>
        <cc:workday-out-rest id="WorkdayOutRest" routes-response-to="AsyncMediation" extra-path="@{intsys.reportService.getExtrapath('INT0574_CostingString_Error_Log_Report')}?To_Second=@{props['To']}&amp;From_Second=@{props['From']}"/>
        <cc:async-mediation id="Initialization" routes-to="WorkdayOutRest">
            <cc:steps>
                <cc:eval id="Eval">
                    <cc:expression>props['From'] = lp.getSimpleData('From DateTime')</cc:expression>
                    <cc:expression>props['To'] = lp.getSimpleData('To DateTime')</cc:expression>
                    <cc:expression>props['input_Filename'] = &quot;INT0421_EmployeeErrorLog.csv&quot;</cc:expression>
                    <cc:expression>props['File_data']=''</cc:expression>
                    <cc:expression>props['p.error.log'] = new java.lang.StringBuilder();</cc:expression>
                    <cc:expression>props['filecollate'] = new java.lang.StringBuilder();</cc:expression>
                    <cc:expression>props['p.error.log'].append('Timestamp' + ',' + 'Severity' + ',' + 'Reference ID' + ',' + 'Message' + ',' + 'Message Details' + ',' + 'CostingString' + ',' + 'FileName' +'\r\n')</cc:expression>
                </cc:eval>
            </cc:steps>
            <cc:send-error id="SendError" routes-to="InitializationErrorHandler"/>
        </cc:async-mediation>
        <cc:splitter id="Splitter">
            <cc:sub-route name="SubRoute" routes-to="RetrievReportData"/>
            <cc:xml-stream-splitter namespaces="wd urn:com.workday.report/INT574_CostingString_Error_Log_Report" xpath="/wd:Report_Data/wd:Report_Entry"/>
        </cc:splitter>
        <cc:async-mediation id="RetrievReportData" routes-to="GetEventDocuments" execute-steps-when="props['recordCount'] != 0">
            <cc:steps>
                <cc:eval id="Eval">
                    <cc:expression>props['Namespace'] = 'wd urn:com.workday.report/INT574_CostingString_Error_Log_Report'</cc:expression>
                    <cc:expression>props['Integration_Event'] = parts[0].xpath(&quot;/wd:Report_Entry/wd:Integration_Event/wd:ID[@wd:type='WID']&quot;,props['Namespace']);</cc:expression>
                </cc:eval>
                <cc:cloud-log id="CloudLog" level="info" message="Processing for integration event id " reference-id="props['Integration_Event'] "/>
            </cc:steps>
            <cc:send-error id="SendError" routes-to="InitializationErrorHandler0"/>
        </cc:async-mediation>
        <cc:local-out id="GetEventDocuments" routes-response-to="Route0" endpoint="vm://wcc/GetEventDocuments"><cc:set name="ie.event.wid" value="props['Integration_Event']"/></cc:local-out>
        <cc:async-mediation id="FetchErrorLogFile" routes-to="ConsolidateErrorLog">
            <cc:steps>
                <cc:eval id="Eval0">
                    <cc:expression>props['Filename'] = da.getFileName(props['loop.count'])</cc:expression>
                    <cc:expression>vars['test'] = (props['Filename'] == props['input_Filename'] ? da.getData(props['Filename']) : &quot;Invalid&quot;);&#xD;
props['File'] = vars['test'].text;</cc:expression>
                    <cc:expression>props['File'] = (props['Filename'] == props['input_Filename'] ? props['File'].toString().substring(props['File'].toString().indexOf(&quot;\n&quot;), props['File'].toString().length()).trim() : &quot;&quot;)</cc:expression>
                    <cc:expression>props['File_data'] = props['File_data'] + props['File'] + &quot;\n&quot;</cc:expression>
                </cc:eval>
                <cc:log id="Log">
                    <cc:log-message>
                        <cc:text>--------FileName-------&#xD;
&#xD;
@{props['Filename']}&#xD;
===============&#xD;
@{props['test']}&#xD;
============&#xD;
@{props['File']}&#xD;
=========&#xD;
@{props['File_data']}</cc:text>
                    </cc:log-message>
                </cc:log>
            </cc:steps>
            <cc:send-error id="SendError" routes-to="RetrieveErrorLogHandler"/>
        </cc:async-mediation>
        <cc:route id="Route0">
            <cc:loop-strategy condition="props['loop.count'] &lt; da.size()" increment="props['loop.count'] = props['loop.count'] + 1" init="props['loop.count'] = 0"/>
            <cc:sub-route name="Alternate" routes-to="FetchErrorLogFile"/>
        </cc:route>
        <cc:async-mediation id="StoreErrorlog" execute-steps-when="props['recordCount'] != 0">
            <cc:steps>
                <cc:write id="Write">
                    <cc:message>
                        <cc:text>@{props['p.error.log'].toString()}</cc:text>
                    </cc:message>
                </cc:write>
                <cc:store id="Store" output-mimetype="text/csv" input="message" title="INT0421_Consolidated_ErrorLog.csv"/>
                <cc:store id="Store0" input="variable" input-variable="cloud-log-content" collection="P180D" createDocumentReference="true" title="INT0421_SummaryCloudLog.html"/>
            </cc:steps>
            <cc:send-error id="SendError" routes-to="StoreErrorLogFileHandler"/>
        </cc:async-mediation>
        <cc:async-mediation id="ConsolidateErrorLog" execute-steps-when="props['Filename'] == props['input_Filename']">
            <cc:steps>
                <cc:log id="Log">
                    <cc:log-message>
                        <cc:text>output test-----------</cc:text>
                        <cc:message-content/>
                    </cc:log-message>
                </cc:log>
                <cc:csv-to-xml id="CsvToXml" output="message" output-mimetype="text/xml" input="variable" input-variable="test" useFirstLineAsHeader="true"/>
                <cc:xml-to-csv id="XmlToCsv" output="variable" output-mimetype="text/csv" output-variable="outputFile" input="message"/>
                <cc:eval id="Eval">
                    <cc:expression>props['p.error.log'].append(vars['outputFile'].text)</cc:expression>
                    <cc:expression>props['filecollate'] = props['filecollate'] + props['p.error.log']</cc:expression>
                </cc:eval>
            </cc:steps>
            <cc:send-error id="SendError" routes-to="RetrieveErrorLogHandler"/>
        </cc:async-mediation>
        <cc:local-out id="CallSubRoutine" store-message="none" endpoint="vm://INT0574_CostingString_ErrorLog_Reconciliation_SI/SubRoutine"/>
        <cc:local-in id="SubRoutine" routes-to="StoreErrorlog"/>
        <cc:local-out id="CallSubRoutine0" store-message="none" routes-response-to="CallSubRoutine" endpoint="vm://INT0574_CostingString_ErrorLog_Reconciliation_SI/SubRoutine0"/>
        <cc:local-in id="SubRoutine0" routes-to="Initialization"/>
        <cc:local-out id="PutIntegrationMessage0" endpoint="vm://wcc/PutIntegrationMessage">
            <cc:set name="is.message.severity" value="'INFO'"/>
            <cc:set name="is.message.summary" value="context.errorMessage"/>
            <cc:set name="is.message.storage.enabled" value="false"/>
        </cc:local-out>
        <cc:local-in id="Error_Handler" routes-to="PutIntegrationMessage0"/>
        <cc:local-out id="Note-Error" endpoint="vm://wcc/PutIntegrationMessage">
            <cc:set name="is.message.severity" value="'ERROR'"/>
            <cc:set name="is.message.detail" value="context.errorMessage"/>
            <cc:set name="is.message.summary" value="context.errorMessage"/>
        </cc:local-out>
        <cc:send-error id="global-error-handler" rethrow-error="false" routes-to="Note-Error"/>
        <cc:local-out id="InitializationErrorHandler" store-message="none" endpoint="vm://INT0574_CostingString_ErrorLog_Reconciliation_SI/Error_Handler"/>
        <cc:local-out id="RetrieveErrorLogHandler" store-message="none" endpoint="vm://INT0574_CostingString_ErrorLog_Reconciliation_SI/Error_Handler"/>
        <cc:local-out id="StoreErrorLogFileHandler" store-message="none" endpoint="vm://INT0574_CostingString_ErrorLog_Reconciliation_SI/Error_Handler"/>
        <cc:async-mediation id="AsyncMediation" routes-to="Splitter" handle-downstream-errors="true">
            <cc:steps>
                <cc:eval id="Eval">
                    <cc:expression>props['pNameSpace'] = 'wd urn:com.workday.report/INT574_CostingString_Error_Log_Report'</cc:expression>
                    <cc:expression>props['recordCount'] = parts[0].xpath('count(/wd:Report_Data/wd:Report_Entry)', props['pNameSpace'])</cc:expression>
                </cc:eval>
                <cc:log id="Log">
                    <cc:log-message>
                        <cc:text>testing-----&#xD;
&#xD;
@{props['recordCount']}</cc:text>
                    </cc:log-message>
                </cc:log>
                <cc:copy id="Copy"/>
                <cc:validate-exp id="ValidateExp">
                    <cc:expression failure-message="No error log found">props['recordCount'] != 0</cc:expression>
                </cc:validate-exp>
            </cc:steps>
            <cc:send-error id="SendError" routes-to="PutIntegrationMessage1"/>
        </cc:async-mediation>
        <cc:local-out id="PutIntegrationMessage1" endpoint="vm://wcc/PutIntegrationMessage"><cc:set name="is.message.severity" value="'INFO'"/><cc:set name="is.message.summary" value="'No Error Log Found'"/></cc:local-out>
        <cc:local-out id="InitializationErrorHandler0" store-message="none" endpoint="vm://INT0574_CostingString_ErrorLog_Reconciliation_SI/Error_Handler"/>
	</cc:assembly>

</beans>