<?xml version="1.0" encoding="UTF-8"?>
<beans
     xmlns="http://www.springframework.org/schema/beans"
     xmlns:beans="http://www.springframework.org/schema/beans"
     xmlns:atom="http://www.w3.org/2005/Atom"
     xmlns:cc="http://www.capeclear.com/assembly/10"
     xmlns:cloud="urn:com.workday/esb/cloud/10.0"
     xmlns:env="http://schemas.xmlsoap.org/soap/envelope/"
     xmlns:soap="http://schemas.xmlsoap.org/soap/envelope/"
     xmlns:oa="http://www.openapplications.org/oagis/9"
     xmlns:pi="urn:com.workday/picof"
     xmlns:wd="urn:com.workday/bsvc"
     xmlns:xsi="http://www.w3.org/2001/XMLSchema-instance">
 
	<cc:assembly id="WorkdayAssembly" version="2017.35">
        <cc:workday-in id="StartHere" routes-to="Initialize">
            <cc:integration-system name="INT0028 GATE Assessment Outbound">
        <cloud:param name="Assessment Business Process">
          <cloud:type>
            <cloud:class-report-field description="Assessment Business Process" type="WID" singular="true">cabd1f7524a010001654525335060603</cloud:class-report-field>
          </cloud:type>
        </cloud:param>
        <cloud:param name="Assessment WID (manual start)">
          <cloud:type>
            <cloud:simple-type>text</cloud:simple-type>
          </cloud:type>
          <cloud:default/>
        </cloud:param>
        <cloud:attribute-map-service name="INT0028-Generic">
          <cloud:attribute name="Customer Party ID">
            <cloud:type>
              <cloud:simple-type>text</cloud:simple-type>
            </cloud:type>
            <cloud:display-option>required-for-launch</cloud:display-option>
          </cloud:attribute>
          <cloud:attribute name="Customer Party Name">
            <cloud:type>
              <cloud:simple-type>text</cloud:simple-type>
            </cloud:type>
            <cloud:display-option>required-for-launch</cloud:display-option>
          </cloud:attribute>
          <cloud:attribute name="North America Supplier Party ID">
            <cloud:type>
              <cloud:simple-type>text</cloud:simple-type>
            </cloud:type>
            <cloud:display-option>required-for-launch</cloud:display-option>
          </cloud:attribute>
          <cloud:attribute name="North America Supplier Party Name">
            <cloud:type>
              <cloud:simple-type>text</cloud:simple-type>
            </cloud:type>
            <cloud:display-option>required-for-launch</cloud:display-option>
          </cloud:attribute>
          <cloud:attribute name="India Supplier Party ID">
            <cloud:type>
              <cloud:simple-type>text</cloud:simple-type>
            </cloud:type>
            <cloud:display-option>required-for-launch</cloud:display-option>
          </cloud:attribute>
          <cloud:attribute name="India Supplier Party Name">
            <cloud:type>
              <cloud:simple-type>text</cloud:simple-type>
            </cloud:type>
            <cloud:display-option>required-for-launch</cloud:display-option>
          </cloud:attribute>
          <cloud:attribute name="NA URL Endpoint">
            <cloud:type>
              <cloud:simple-type>text</cloud:simple-type>
            </cloud:type>
            <cloud:display-option>required-for-launch</cloud:display-option>
          </cloud:attribute>
          <cloud:attribute name="India URL Endpoint">
            <cloud:type>
              <cloud:simple-type>text</cloud:simple-type>
            </cloud:type>
            <cloud:display-option>required-for-launch</cloud:display-option>
          </cloud:attribute>
          <cloud:attribute name="NA Username">
            <cloud:type>
              <cloud:simple-type>text</cloud:simple-type>
            </cloud:type>
            <cloud:display-option>required-for-launch</cloud:display-option>
          </cloud:attribute>
          <cloud:attribute name="NA Password">
            <cloud:type>
              <cloud:simple-type>text</cloud:simple-type>
            </cloud:type>
            <cloud:display-option>required-for-launch</cloud:display-option>
            <cloud:display-option>display-as-password</cloud:display-option>
          </cloud:attribute>
          <cloud:attribute name="India Username">
            <cloud:type>
              <cloud:simple-type>text</cloud:simple-type>
            </cloud:type>
            <cloud:display-option>required-for-launch</cloud:display-option>
          </cloud:attribute>
          <cloud:attribute name="India Password">
            <cloud:type>
              <cloud:simple-type>text</cloud:simple-type>
            </cloud:type>
            <cloud:display-option>required-for-launch</cloud:display-option>
            <cloud:display-option>display-as-password</cloud:display-option>
          </cloud:attribute>
          <cloud:attribute name="Successful Status">
            <cloud:type>
              <cloud:class-report-field description="Assessment Status" type="WID" singular="true">cabd1f7524a0100016be0b7ab8730615</cloud:class-report-field>
            </cloud:type>
            <cloud:display-option>required-for-launch</cloud:display-option>
          </cloud:attribute>
          <cloud:attribute name="Fail Status">
            <cloud:type>
              <cloud:class-report-field description="Assessment Status" type="WID" singular="true">cabd1f7524a0100016be0b7ab8730615</cloud:class-report-field>
            </cloud:type>
            <cloud:display-option>required-for-launch</cloud:display-option>
          </cloud:attribute>
          <cloud:attribute name="GATE SOAPaction">
            <cloud:type>
              <cloud:simple-type>text</cloud:simple-type>
            </cloud:type>
            <cloud:display-option>required-for-launch</cloud:display-option>
          </cloud:attribute>
        </cloud:attribute-map-service>
        <cloud:report-service name="INT0028-Reports">
          <cloud:report-alias description="INT0028 Job Application Details" name="JobApplicationDetailsReport">
            <cloud:report-reference description="INT0028 Job Application Details" type="WID">a80605a1bc0e0153f449c5e2242638dc</cloud:report-reference>
          </cloud:report-alias>
        </cloud:report-service>
      </cc:integration-system>
        </cc:workday-in>
        <cc:async-mediation id="Initialize" routes-to="ValidateLP">
            <cc:steps>
                <cc:eval id="Global">
                    <cc:expression>props['error'] = false;</cc:expression>
                    <cc:expression>props['candidate.assessed'] = 'false'</cc:expression>
                    <cc:expression>props['wd.webservice.version'] = 'v29.0'</cc:expression>
                    <cc:expression>props['SOAPaction'] = intsys.getAttribute('GATE SOAPaction')</cc:expression>
                    <cc:expression>props['BatchAuditLog'] = false</cc:expression>
                </cc:eval>
                <cc:eval id="LPs">
                    <cc:expression>props['assessment.bp.WID'] = empty; props['assessment.WID.manual.start'] = empty;  props['assessment.event.WID'] = empty;</cc:expression>
                    <cc:expression>props['assessment.bp.WID'] = lp.getReferenceData('Assessment Business Process', 'WID')</cc:expression>
                    <cc:expression>props['assessment.WID.manual.start'] = lp.getSimpleData('Assessment WID (manual start)')</cc:expression>
                    <cc:expression>if (props['assessment.WID.manual.start'] != empty) {props['assessment.event.WID'] = props['assessment.WID.manual.start']} else {props['assessment.event.WID'] = props['assessment.bp.WID'];}</cc:expression>
                </cc:eval>
                <cc:eval id="Attributes">
                    <cc:expression>props['customerPartyID'] = intsys.getAttribute('Customer Party ID')</cc:expression>
                    <cc:expression>props['customerPartyName'] = intsys.getAttribute('Customer Party Name')</cc:expression>
                    <cc:expression>props['NAsupplierPartyID'] = intsys.getAttribute('North America Supplier Party ID')</cc:expression>
                    <cc:expression>props['NAsupplierPartyName'] = intsys.getAttribute('North America Supplier Party Name')</cc:expression>
                    <cc:expression>props['INDsupplierPartyID'] = intsys.getAttribute('India Supplier Party ID')</cc:expression>
                    <cc:expression>props['INDsupplierPartyName'] = intsys.getAttribute('India Supplier Party Name')</cc:expression>
                    <cc:expression>props['NAusername'] = intsys.getAttribute('NA Username')</cc:expression>
                    <cc:expression>props['NApassword'] = intsys.getAttribute('NA Password')</cc:expression>
                    <cc:expression>props['INDusername'] = intsys.getAttribute('India Username')</cc:expression>
                    <cc:expression>props['INDpassword'] = intsys.getAttribute('India Password')</cc:expression>
                    <cc:expression>props['NAendpoint'] = intsys.getAttribute('NA URL Endpoint')</cc:expression>
                    <cc:expression>props['INDendpoint'] = intsys.getAttribute('India URL Endpoint')</cc:expression>
                    <cc:expression>props['workflowStepID'] = intsys.getAttribute('Workflow Step ID')</cc:expression>
                    <cc:expression>props['fail.status'] = intsys.getAttributeReferenceData('Fail Status','Assessment_Status_ID')</cc:expression>
                    <cc:expression>props['successful.status'] = intsys.getAttributeReferenceData('Successful Status','Assessment_Status_ID')</cc:expression>
                </cc:eval>
            </cc:steps>
            <cc:send-error id="SendError" routes-to="CallAudit"/>
        </cc:async-mediation>
        <cc:async-mediation id="ValidateLP" routes-to="CallGetAssessCandidate">
            <cc:steps>
                <cc:validate-exp id="ValidateExp">
                    <cc:expression failure-message="No Assessment Event WID provided on integration launch.">props['assessment.event.WID'] != empty</cc:expression>
                </cc:validate-exp>
            </cc:steps>
            <cc:send-error id="SendError" routes-to="CallAudit0"/>
        </cc:async-mediation>
        <cc:local-out id="CallGetAssessCandidate" store-message="none" execute-when="props['error'] == false" routes-response-to="CallReport" endpoint="vm://INT0028-GATE-Assessment-Outbound/GetAssessCandidate"/>
        <cc:local-in id="GetAssessCandidate" routes-to="WriteGetAssessCand"/>
        <cc:async-mediation id="WriteGetAssessCand" routes-to="SubmitGetAssessCandidate" handle-downstream-errors="true">
            <cc:steps>
                <cc:write id="WriteWS">
                    <cc:message>
                        <cc:text>&lt;?xml version='1.0' encoding='UTF-8'?>&#xD;
&lt;env:Envelope xmlns:env=&quot;http://schemas.xmlsoap.org/soap/envelope/&quot;>&#xD;
    &lt;env:Body>&#xD;
        &lt;wd:Get_Assess_Candidate_Request&#xD;
            xmlns:wd=&quot;urn:com.workday/bsvc&quot; wd:version=&quot;@{props['wd.webservice.version']}&quot;>&#xD;
            &lt;wd:Request_References>&#xD;
                &lt;wd:Assess_Candidate_Reference>&#xD;
                    &lt;wd:ID wd:type=&quot;WID&quot;>@{props['assessment.event.WID']}&lt;/wd:ID>&#xD;
                &lt;/wd:Assess_Candidate_Reference>&#xD;
            &lt;/wd:Request_References>&#xD;
            &lt;wd:Response_Filter>&#xD;
                &lt;wd:Page>1&lt;/wd:Page>&#xD;
                &lt;wd:Count>1&lt;/wd:Count>&#xD;
            &lt;/wd:Response_Filter>&#xD;
        &lt;/wd:Get_Assess_Candidate_Request>&#xD;
    &lt;/env:Body>&#xD;
&lt;/env:Envelope></cc:text>
                    </cc:message>
                </cc:write>
            </cc:steps>
            <cc:send-error id="SendError" routes-to="CallAudit1"/>
        </cc:async-mediation>
        <cc:workday-out-soap id="SubmitGetAssessCandidate" routes-response-to="SaveJobApp" application="Recruiting" version="@{props['wd.webservice.version']}"/>
        <cc:async-mediation id="SaveJobApp">
            <cc:steps>
                <cc:eval id="Eval">
                    <cc:expression>props['job.application.WID'] = parts[0].xpath('/env:Envelope/env:Body/wd:Get_Assess_Candidate_Response/wd:Response_Data/wd:Assess_Candidate_Data/wd:Job_Application_Reference/wd:ID[@wd:type=&quot;WID&quot;]')</cc:expression>
                </cc:eval>
                <cc:validate-exp id="ValidateExp">
                    <cc:expression failure-message="Job Application WID is empty">props['job.application.WID'] != empty</cc:expression>
                </cc:validate-exp>
            </cc:steps>
            <cc:send-error id="SendError" routes-to="CallAudit2"/>
        </cc:async-mediation>
        <cc:local-out id="CallReport" store-message="none" execute-when="props['error'] == false" routes-response-to="CallProcessAssessmentOrder" endpoint="vm://INT0028-GATE-Assessment-Outbound/Report"/>
        <cc:local-in id="Report" routes-to="ReportCatch"/>
        <cc:async-mediation id="ReportCatch" routes-to="ReportCall" handle-downstream-errors="true">
            <cc:steps>
            </cc:steps>
            <cc:send-error id="SendError" routes-to="CallAudit20"/>
        </cc:async-mediation>
        <cc:workday-out-rest id="ReportCall" routes-response-to="SaveReportData" extra-path="@{intsys.reportService.getExtrapath('JobApplicationDetailsReport')}?Job_Application!WID=@{props['job.application.WID']}"/>
        <cc:async-mediation id="SaveReportData" routes-to="ValidateReportData">
            <cc:steps>
                <cc:eval id="Eval">
                    <cc:expression>props['candidateID'] = empty; props['firstName'] = empty; props['middleName'] = empty; props['lastName'] = empty; props['assessmentAlias'] = empty; props['countryISO'] = empty; props['recruiterWID'] = empty; props['primaryWorkEmail'] = empty; props['candidateEmail'] = empty; props['internalFlag'] = empty; props['email'] = empty;</cc:expression>
                    <cc:expression>props['candidateID'] = parts[0].xpath('/wd:Report_Data/wd:Report_Entry/wd:candidateID')</cc:expression>
                    <cc:expression>props['firstName'] = parts[0].xpath('/wd:Report_Data/wd:Report_Entry/wd:candidateName/wd:firstName')</cc:expression>
                    <cc:expression>props['middleName'] = parts[0].xpath('/wd:Report_Data/wd:Report_Entry/wd:candidateName/wd:middleName')</cc:expression>
                    <cc:expression>props['lastName'] = parts[0].xpath('/wd:Report_Data/wd:Report_Entry/wd:candidateName/wd:lastName')</cc:expression>
                    <cc:expression>props['assessmentAlias'] = parts[0].xpath('/wd:Report_Data/wd:Report_Entry/wd:jobReq/wd:assessmentAlias')</cc:expression>
                    <cc:expression>props['countryISO'] = parts[0].xpath('/wd:Report_Data/wd:Report_Entry/wd:location/wd:countryISO')</cc:expression>
                    <cc:expression>props['recruiterWID'] = parts[0].xpath('/wd:Report_Data/wd:Report_Entry/wd:recruiter/wd:recruiterWID')</cc:expression>
                    <cc:expression>props['primaryWorkEmail'] = parts[0].xpath('/wd:Report_Data/wd:Report_Entry/wd:internalEmail/wd:primaryWorkEmail')</cc:expression>
                    <cc:expression>props['candidateEmail'] = parts[0].xpath('/wd:Report_Data/wd:Report_Entry/wd:candidate/wd:candidateEmail')</cc:expression>
                    <cc:expression>props['internalFlag'] = parts[0].xpath('/wd:Report_Data/wd:Report_Entry/wd:candidate/wd:internalFlag')</cc:expression>
                    <cc:expression>if (props['internalFlag'] == '1' &amp;&amp; props['primaryWorkEmail'] != empty) {props['email'] = props['primaryWorkEmail'] } else {props['email'] = props['candidateEmail'];}</cc:expression>
                </cc:eval>
            </cc:steps>
            <cc:send-error id="SendError" routes-to="CallAudit21"/>
        </cc:async-mediation>
        <cc:async-mediation id="ValidateReportData">
            <cc:steps>
                <cc:validate-exp id="ValidateExp">
                    <cc:expression failure-message="Candidate ID not populated.">props['candidateID'] != empty</cc:expression>
                    <cc:expression failure-message="Candidate First Name not populated.">props['firstName'] != empty</cc:expression>
                    <cc:expression failure-message="Assessment Alias is not populated.">props['assessmentAlias'] != empty</cc:expression>
                    <cc:expression failure-message="Job Requisition Country not populated.">props['countryISO'] != empty</cc:expression>
                    <cc:expression failure-message="Job Requisition Country not USA, CAN, or IND.">props['countryISO'] == 'USA' || props['countryISO'] == 'CAN' || props['countryISO'] == 'IND'</cc:expression>
                    <cc:expression failure-message="Recruiter for Job Requisition not populated.">props['recruiterWID'] != empty</cc:expression>
                    <cc:expression failure-message="No email for candidate.">props['email'] != empty</cc:expression>
                </cc:validate-exp>
            </cc:steps>
            <cc:send-error id="SendError" routes-to="CallAudit22"/>
        </cc:async-mediation>
        <cc:local-out id="CallProcessAssessmentOrder" store-message="none" execute-when="props['error'] == false" routes-response-to="CallAssessCandidate" endpoint="vm://INT0028-GATE-Assessment-Outbound/ProcessAssessmentOrder"/>
        <cc:local-in id="ProcessAssessmentOrder" routes-to="WriteProcessAssessmentOrder"/>
        <cc:async-mediation id="WriteProcessAssessmentOrder" routes-to="CatchWSErr" handle-downstream-errors="true">
            <cc:steps>
                <cc:eval id="Eval">
                    <cc:expression>props['creationDateTime'] = parts[0].xpath('current-date()')</cc:expression>
                </cc:eval>
                <cc:write id="WriteWS">
                    <cc:message>
                        <cc:text>&lt;soap:Envelope xmlns:xsi=&quot;http://www.w3.org/2001/XMLSchema-instance&quot;&#xD;
    xmlns:xsd=&quot;http://www.w3.org/2001/XMLSchema&quot;&#xD;
    xmlns:soap=&quot;http://schemas.xmlsoap.org/soap/envelope/&quot;>&#xD;
    &lt;soap:Body>&#xD;
        &lt;RegisterCandidate xmlns=&quot;http://gate.aon.com/&quot;>&#xD;
            &lt;processAssessmentOrderXml>&#xD;
                &lt;ProcessAssessmentOrder xmlns=&quot;http://www.hr-xml.org/3&quot; xmlns:xsi=&quot;http://www.w3.org/2001/XMLSchema-instance&quot; xmlns:oa=&quot;http://www.openapplications.org/oagis/9&quot; releaseID=&quot;1.0&quot;>&#xD;
                    &lt;oa:ApplicationArea>&#xD;
                        &lt;oa:CreationDateTime>@{props['creationDateTime']}&lt;/oa:CreationDateTime>&#xD;
                    &lt;/oa:ApplicationArea>&#xD;
                    &lt;DataArea>&#xD;
                        &lt;oa:Process >&lt;/oa:Process>&#xD;
                        &lt;AssessmentOrder>&#xD;
                            &lt;CustomerParty>&#xD;
                                &lt;PartyID>@{props['customerPartyID']}&lt;/PartyID>&#xD;
                                &lt;PartyName>@{props['customerPartyName']}&lt;/PartyName>&#xD;
                            &lt;/CustomerParty>&#xD;
                            @if{props['countryISO'] == 'USA' || props['countryISO'] == 'CAN'}&#xD;
                            &lt;SupplierParty>&#xD;
                                &lt;PartyID>@{props['NAsupplierPartyID']}&lt;/PartyID>&#xD;
                                &lt;PartyName>@{props['NAsupplierPartyName']}&lt;/PartyName>&#xD;
                            &lt;/SupplierParty>&#xD;
                            @else{props['countryISO'] == 'IND'}&#xD;
                            &lt;SupplierParty>&#xD;
                                &lt;PartyID>@{props['INDsupplierPartyID']}&lt;/PartyID>&#xD;
                                &lt;PartyName>@{props['INDsupplierPartyName']}&lt;/PartyName>&#xD;
                            &lt;/SupplierParty>&#xD;
                            @end{}&#xD;
                            &lt;PackageID>@{props['assessmentAlias']}&lt;/PackageID>&#xD;
                            &lt;ComparisonGroupID schemeID=&quot;Walkup Node&quot; >&lt;/ComparisonGroupID>&#xD;
                            &lt;AssessmentRequesterName >&lt;/AssessmentRequesterName>&#xD;
                            &lt;AssessmentSubject>&#xD;
                                &lt;SubjectID>@{props['candidateID']}&lt;/SubjectID>&#xD;
                                &lt;PersonName>&#xD;
                                    &lt;oa:GivenName>@{props['firstName']}&lt;/oa:GivenName>&#xD;
                                    &lt;MiddleName>@{props['middleName']}&lt;/MiddleName>&#xD;
                                    &lt;FamilyName>@{props['lastName']}&lt;/FamilyName>&#xD;
                                &lt;/PersonName>&#xD;
                                &lt;Communication>&#xD;
                                    &lt;ChannelCode>Email&lt;/ChannelCode>&#xD;
                                    &lt;UseCode>business&lt;/UseCode>&#xD;
                                    &lt;oa:Text>@{props['email']}&lt;/oa:Text>&#xD;
                                &lt;/Communication>&#xD;
                            &lt;/AssessmentSubject>&#xD;
                            &lt;AssessmentLanguageCode >&lt;/AssessmentLanguageCode>&#xD;
                            &lt;UserArea>&#xD;
                                @if{props['countryISO'] == 'USA' || props['countryISO'] == 'CAN'}&#xD;
                                &lt;username>@{props['NAusername']}&lt;/username>&#xD;
                                &lt;password>@{props['NApassword']}&lt;/password>&#xD;
                                @else{props['countryISO'] == 'IND'}&#xD;
                                &lt;username>@{props['INDusername']}&lt;/username>&#xD;
                                &lt;password>@{props['INDpassword']}&lt;/password>&#xD;
                                @end{}&#xD;
                                &lt;requisitionNumber xmlns=&quot;&quot;>@{props['assessment.event.WID']}&lt;/requisitionNumber>&#xD;
                                &lt;resumeLanguage xmlns=&quot;&quot; >&lt;/resumeLanguage>&#xD;
                                &lt;recruiterID>@{props['recruiterWID']}&lt;/recruiterID>&#xD;
                            &lt;/UserArea>&#xD;
                        &lt;/AssessmentOrder>&#xD;
                    &lt;/DataArea>&#xD;
                &lt;/ProcessAssessmentOrder>&#xD;
            &lt;/processAssessmentOrderXml>&#xD;
        &lt;/RegisterCandidate>&#xD;
    &lt;/soap:Body>&#xD;
&lt;/soap:Envelope></cc:text>
                    </cc:message>
                </cc:write>
                <cc:copy id="StoreWS" output="variable" output-variable="ProcessAssessmentOrderBody"/>
                <cc:set-headers id="SetHeaders"><cc:remove-headers/><cc:add-headers>
    <cc:add-header name="Content-Type" value="text/xml; charset=utf-8"/>
    <cc:add-header name="SOAPAction" value="@{props['SOAPaction']}"/>
</cc:add-headers></cc:set-headers>
            </cc:steps>
            <cc:send-error id="SendError" routes-to="CallAudit23"/>
        </cc:async-mediation>
        <cc:route id="RouteRequest">
            <cc:mvel-strategy>
                <cc:choose-route expression="props['countryISO'] == 'USA' || props['countryISO'] == 'CAN'" route="NorthAmerica"/>
                <cc:choose-route expression="props['countryISO'] == 'IND'" route="India"/>
                <cc:choose-route expression="true" route="Default"/>
            </cc:mvel-strategy>
            <cc:sub-route name="NorthAmerica" routes-to="NorthAmericaSubmit"/>
            <cc:sub-route name="India" routes-to="IndiaSubmit"/>
            <cc:sub-route name="Default" routes-to="PutCountryErr"/>
        </cc:route>
        <cc:http-out id="NorthAmericaSubmit" store-message="both" routes-response-to="CheckResponse" endpoint="@{props['NAendpoint']}" http-method="POST">
        </cc:http-out>
        <cc:http-out id="IndiaSubmit" routes-response-to="CheckResponse" endpoint="@{props['INDendpoint']}" http-method="POST">
        </cc:http-out>
        <cc:local-out id="PutCountryErr" endpoint="vm://wcc/PutIntegrationMessage" unset-properties="false">
            <cc:set name="is.message.severity" value="'ERROR'"/>
            <cc:set name="is.message.summary" value="'Attempting to POST Assessment Order request for a Job Requisition in a non-applicable country.'"/>
        <cc:set name="error" value="true"/></cc:local-out>
        <cc:local-out id="PutRequestSuccess" execute-when="props['request.result'] == props['successful.status']" routes-response-to="PutRequestFailure" endpoint="vm://wcc/PutIntegrationMessage">
            <cc:set name="is.message.severity" value="'INFO'"/>
            <cc:set name="is.message.summary" value="'ProcessAssessmentOrder submitted successfully.'"/>
        </cc:local-out>
        <cc:local-out id="PutRequestFailure" execute-when="props['request.result'] == props['fail.status']" routes-response-to="CallAssessCandFail0" endpoint="vm://wcc/PutIntegrationMessage">
            <cc:set name="is.message.severity" value="'ERROR'"/>
            <cc:set name="is.message.summary" value="'Submitting ProcessAssessmentOrder failed.'"/>
        </cc:local-out>
        <cc:local-out id="CallAssessCandidate" store-message="none" execute-when="props['error'] == false &amp;&amp; props['request.result'] != props['fail.status'] &amp;&amp; props['candidate.assessed'] == 'false'" routes-response-to="StoreWS" endpoint="vm://INT0028-GATE-Assessment-Outbound/AssessCandidate"/>
        <cc:local-in id="AssessCandidate" routes-to="WriteAssessCand"/>
        <cc:workday-out-soap id="SubmitAssessCandidate" routes-response-to="CheckResponse0" application="Recruiting" version="@{props['wd.webservice.version']}"/>
        <cc:async-mediation id="WriteAssessCand" routes-to="SubmitAssessCandidate" handle-downstream-errors="true">
            <cc:steps>
                <cc:write id="WriteWS">
                    <cc:message>
                        <cc:text>&lt;?xml version=&quot;1.0&quot; encoding=&quot;UTF-8&quot;?>&#xD;
&lt;env:Envelope&#xD;
    xmlns:env=&quot;http://schemas.xmlsoap.org/soap/envelope/&quot;&#xD;
    xmlns:xsd=&quot;http://www.w3.org/2001/XMLSchema&quot;>&#xD;
    &lt;env:Body>&#xD;
        &lt;wd:Assess_Candidate_Request xmlns:wd=&quot;urn:com.workday/bsvc&quot; wd:version=&quot;@{props['wd.webservice.version']}&quot;>&#xD;
            &lt;wd:Assess_Candidate_Data>&#xD;
                &lt;wd:Event_Reference>&#xD;
                    &lt;wd:ID wd:type=&quot;WID&quot;>@{props['assessment.event.WID']}&lt;/wd:ID>&#xD;
                &lt;/wd:Event_Reference>&#xD;
                &lt;wd:Candidate_Assessment_Data>&#xD;
                    &lt;wd:Assessed_By_Reference>&#xD;
                        &lt;wd:ID wd:type=&quot;WID&quot;>@{props['recruiterWID']}&lt;/wd:ID>&#xD;
                    &lt;/wd:Assessed_By_Reference>&#xD;
                    &lt;wd:Assessed_On_Date>@{props['creationDateTime']}&lt;/wd:Assessed_On_Date>&#xD;
                    &lt;wd:Assessment_Status_Reference>&#xD;
                        &lt;wd:ID wd:type=&quot;Assessment_Status_ID&quot;>@{props['request.result']}&lt;/wd:ID>&#xD;
                    &lt;/wd:Assessment_Status_Reference>&#xD;
                    &lt;wd:Assess_Candidate_Test_Result_Data>&#xD;
                        &lt;wd:Assessment_Test_Reference>&#xD;
                            &lt;wd:ID wd:type=&quot;Assessment_Test_ID&quot;>@{props['assessmentAlias']}&lt;/wd:ID>&#xD;
                        &lt;/wd:Assessment_Test_Reference>&#xD;
                        @if{props['request.result'] != props['fail.status']}&#xD;
                        &lt;wd:Assessment_Test_Status_Reference>&#xD;
                            &lt;wd:ID wd:type=&quot;Assessment_Status_ID&quot;>@{props['request.result']}&lt;/wd:ID>&#xD;
                        &lt;/wd:Assessment_Test_Status_Reference>&#xD;
                        @end{}&#xD;
                        &lt;wd:Assessment_Test_Date>@{props['creationDateTime']}&lt;/wd:Assessment_Test_Date>&#xD;
                    &lt;/wd:Assess_Candidate_Test_Result_Data>&#xD;
                &lt;/wd:Candidate_Assessment_Data>&#xD;
            &lt;/wd:Assess_Candidate_Data>&#xD;
        &lt;/wd:Assess_Candidate_Request>&#xD;
    &lt;/env:Body>&#xD;
&lt;/env:Envelope></cc:text>
                    </cc:message>
                </cc:write>
            </cc:steps>
            <cc:send-error id="SendError" routes-to="CallAudit25"/>
        </cc:async-mediation>
        <cc:local-out id="PutRequestSuccess0" execute-when="props['request.result'] == props['successful.status']" routes-response-to="PutRequestFailure0" endpoint="vm://wcc/PutIntegrationMessage">
            <cc:set name="is.message.severity" value="'INFO'"/>
            <cc:set name="is.message.summary" value="'Assess_Candidate request submitted successfully.'"/>
        </cc:local-out>
        <cc:local-out id="PutRequestFailure0" execute-when="props['request.result'] == props['fail.status']" endpoint="vm://wcc/PutIntegrationMessage">
            <cc:set name="is.message.severity" value="'ERROR'"/>
            <cc:set name="is.message.summary" value="'Submitting Assess_Candidate request failed.'"/>
        </cc:local-out>
        <cc:async-mediation id="CheckResponse" routes-to="PutRequestSuccess">
            <cc:steps>
                <cc:log id="LogResponse">
                    <cc:log-message>
                        <cc:text>@{'\n'}==============ProcessAssessmentOrder Response Contents==============@{'\n'}</cc:text>
                        <cc:message-content limit="100000"/>
                        <cc:text>@{'\n'}==========End ProcessAssessmentOrder Response Contents==============@{'\n'}</cc:text>
                    </cc:log-message>
                </cc:log>
                <cc:eval id="Eval">
                    <cc:expression>props['request.result'] = empty</cc:expression>
                    <cc:expression>if (parts[0].xpathB(&quot;/soap:Envelope/soap:Body/*[namespace-uri()='http://gate.aon.com/' and local-name()='RegisterCandidateResponse']/*[namespace-uri()='http://gate.aon.com/' and local-name()='RegisterCandidateResult']/*[namespace-uri()='http://www.hr-xml.org/3' and local-name()='AcknowledgeAssessmentOrder']/*[namespace-uri()='http://www.hr-xml.org/3' and local-name()='DataArea']/*[namespace-uri()='http://www.openapplications.org/oagis/9' and local-name()='Acknowledge']/*[namespace-uri()='http://www.openapplications.org/oagis/9' and local-name()='ResponseCriteria']/*[namespace-uri()='http://www.openapplications.org/oagis/9' and local-name()='ResponseExpression'][@actionCode='Accepted']&quot;)) {props['request.result'] = props['successful.status']} else {props['request.result'] = props['fail.status'];}</cc:expression>
                </cc:eval>
            </cc:steps>
            <cc:send-error id="SendError" routes-to="CallAudit24"/>
        </cc:async-mediation>
        <cc:async-mediation id="CheckResponse0" routes-to="PutRequestSuccess0">
            <cc:steps>
                <cc:eval id="Eval">
                    <cc:expression>props['request.result'] = empty</cc:expression>
                    <cc:expression>if(parts[0].xpathB(&quot;/env:Envelope/env:Body/*[namespace-uri()='urn:com.workday/bsvc' and local-name()='Assess_Candidate_Response']/*[namespace-uri()='urn:com.workday/bsvc' and local-name()='Candidate_Assessment_Event_Reference']/*[namespace-uri()='urn:com.workday/bsvc' and local-name()='ID']&quot;)) {props['request.result'] = props['successful.status']} else {props['request.result'] = props['fail.status'];}</cc:expression>
                    <cc:expression>props['candidate.assessed'] = 'true'</cc:expression>
                </cc:eval>
            </cc:steps>
            <cc:send-error id="SendError" routes-to="CallAudit26"/>
        </cc:async-mediation>
        <cc:async-mediation id="CatchWSErr" routes-to="RouteRequest" handle-downstream-errors="true">
            <cc:steps>
            </cc:steps>
            <cc:send-error id="SendError" routes-to="CallAssessCandFail"/>
        </cc:async-mediation>
        <cc:local-out id="CallAssessCandFail" store-message="none" endpoint="vm://INT0028-GATE-Assessment-Outbound/AssessCandidate" unset-properties="false"><cc:set name="request.result" value="props['fail.status']"/></cc:local-out>
        <cc:local-out id="CallAssessCandFail0" store-message="none" execute-when="props['request.result'] != props['successful.status']" endpoint="vm://INT0028-GATE-Assessment-Outbound/AssessCandidate" unset-properties="false">
            <cc:set name="request.result" value="props['fail.status']"/>
        </cc:local-out>
        <cc:async-mediation id="StoreWS" routes-to="PutWSCall" execute-steps-when="vars['ProcessAssessmentOrderBody'] != empty">
            <cc:steps>
                <cc:store id="Store" output="variable" output-variable="ProcessAssessmentOrderBody.stored" input="variable" input-variable="ProcessAssessmentOrderBody" title="ProcessAssessmentOrder.txt"/>
            </cc:steps>
            <cc:send-error id="SendError" routes-to="PutStoreErr"/>
        </cc:async-mediation>
        <cc:local-out id="PutStoreErr" endpoint="vm://wcc/PutIntegrationMessage">
            <cc:set name="is.message.severity" value="'ERROR'"/>
            <cc:set name="is.message.summary" value="'Error in StoreLogs step: ' # context.getErrorMessage()"/>
        </cc:local-out>
        <cc:local-out id="PutWSCall" execute-when="props['error'] == false" routes-response-to="CallCreateAuditFile" endpoint="vm://wcc/PutIntegrationMessage">
            <cc:set name="is.message.severity" value="'INFO'"/>
            <cc:set name="is.message.summary" value="'Attached ProcessAssessmentOrder content to integation event.'"/>
            <cc:set name="is.document.variable.name" value="'ProcessAssessmentOrderBody.stored'"/>
            <cc:set name="is.document.file.name" value="'ProcessAssessmentOrder.txt'"/>
            <cc:set name="is.document.deliverable" value="'false'"/>
        </cc:local-out>
        <cc:local-out id="call-CriticalMessage" routes-response-to="put-CriticalEvent" endpoint="vm://wcc/PutIntegrationMessage">
            <cc:set name="is.message.severity" value="'CRITICAL'"/>
            <cc:set name="is.message.summary" value="'An unexpected error has occured, please see details.'"/>
            <cc:set name="is.message.detail" value="context.getErrorMessage()"/>
        </cc:local-out>
        <cc:local-out id="put-CriticalEvent" endpoint="vm://wcc/PutIntegrationEvent">
            <cc:set name="is.event.completed" value="&quot;current&quot;"/>
        </cc:local-out>
        <cc:send-error id="criticalError" routes-to="call-CriticalMessage"/>
        <cc:local-in id="CreateAuditFile" routes-to="AuditLogAggregator"/>
        <cc:async-mediation id="Audit" routes-to="AuditLogAggregator">
            <cc:steps>
                <cc:write id="WriteLogEntry">
                    <cc:message>
                        <cc:text>&lt;Entry>&#xD;
	&lt;CandidateID>@{props['candidateID']}&lt;/CandidateID>&#xD;
	&lt;CandidateFirstName>@{props['firstName']}&lt;/CandidateFirstName>&#xD;
	&lt;CandidateLastName>@{props['lastName']}&lt;/CandidateLastName>&#xD;
	&lt;AssessmentEventWID>@{props['assessment.event.WID']}&lt;/AssessmentEventWID>&#xD;
	&lt;Detail>@{props['message']}&lt;/Detail>&#xD;
&lt;/Entry></cc:text>
                    </cc:message>
                </cc:write>
            </cc:steps>
            <cc:send-error id="SendError" routes-to="PutAuditErr"/>
        </cc:async-mediation>
        <cc:local-in id="AuditLog" routes-to="Audit">
            
            
            <cc:parameter default="''" name="message"/>
            
        </cc:local-in>
        <cc:aggregator id="AuditLogAggregator" routes-to="CreateLog" collate-when="props['BatchAuditLog'] == false" force-batch-when="props['BatchAuditLog'] == true">
            <cc:size-batch-strategy batch-size="-1"/>
            <cc:xml-message-content-collater>
        <cc:header-text>&lt;root></cc:header-text>
        <cc:footer-text>&lt;/root></cc:footer-text>
      </cc:xml-message-content-collater>
        </cc:aggregator>
        <cc:local-out id="PutAuditFile" endpoint="vm://wcc/PutIntegrationMessage">
            <cc:set name="is.message.severity" value="'ERROR'"/>
            <cc:set name="is.message.summary" value="'Error details in audit log attached to the integration event'"/>
            <cc:set name="is.document.variable.name" value="'AuditLog'"/>
            <cc:set name="is.document.file.name" value="'INT0028-AuditLog.csv'"/>
            <cc:set name="is.document.deliverable" value="'false'"/>
        </cc:local-out>
        <cc:async-mediation id="CreateLog" routes-to="PutAuditFile">
            <cc:steps>
                <cc:xml-to-csv id="XmlToCsv" writeHeaderLine="'true'"/>
                <cc:store id="Store" output="variable" output-variable="AuditLog" createDocumentReference="true" title="INT0028-AuditLog.csv"/>
            </cc:steps>
            <cc:send-error id="SendError" routes-to="PutCreateLogErr"/>
        </cc:async-mediation>
        <cc:local-out id="PutAuditErr" endpoint="vm://wcc/PutIntegrationMessage" unset-properties="false">
            <cc:set name="is.message.severity" value="'ERROR'"/>
            <cc:set name="is.message.summary" value="'Error writing Audit Log: ' # context.getErrorMessage()"/>
            <cc:set name="error" value="true"/>
        </cc:local-out>
        <cc:local-out id="PutCreateLogErr" endpoint="vm://wcc/PutIntegrationMessage" unset-properties="false">
            <cc:set name="is.message.severity" value="'ERROR'"/>
            <cc:set name="is.message.summary" value="'Error storing Audit Log: ' # context.getErrorMessage()"/>
            <cc:set name="error" value="true"/>
        </cc:local-out>
        <cc:local-out id="CallCreateAuditFile" store-message="none" execute-when="props['error'] == true" endpoint="vm://INT0028-GATE-Assessment-Outbound/CreateAuditFile" unset-properties="false"><cc:set name="setBatchAuditLog" value="props['BatchAuditLog'] = true"/></cc:local-out>
        <cc:local-out id="CallAudit" store-message="none" endpoint="vm://INT0028-GATE-Assessment-Outbound/AuditLog" unset-properties="false"><cc:set name="message" value="'Error in Initialization step: ' # context.getErrorMessage()"/></cc:local-out>
        <cc:local-out id="CallAudit0" store-message="none" endpoint="vm://INT0028-GATE-Assessment-Outbound/AuditLog" unset-properties="false">
            <cc:set name="message" value="context.getErrorMessage()"/>
        </cc:local-out>
        <cc:local-out id="CallAudit1" store-message="none" endpoint="vm://INT0028-GATE-Assessment-Outbound/AuditLog" unset-properties="false">
            <cc:set name="message" value="'Error writing or submitting Get_Assess_Candidate webservice: ' # context.getErrorMessage()"/>
        <cc:set name="error" value="true"/></cc:local-out>
        <cc:local-out id="CallAudit2" store-message="none" endpoint="vm://INT0028-GATE-Assessment-Outbound/AuditLog" unset-properties="false">
            <cc:set name="message" value="'Error processing Get_Assess_Candidate webservice response: ' # context.getErrorMessage()"/>
        <cc:set name="error" value="true"/></cc:local-out>
        <cc:local-out id="CallAudit20" store-message="none" endpoint="vm://INT0028-GATE-Assessment-Outbound/AuditLog" unset-properties="false">
            <cc:set name="message" value="'Error submitting report call: ' # context.getErrorMessage()"/>
            <cc:set name="error" value="true"/>
        </cc:local-out>
        <cc:local-out id="CallAudit21" store-message="none" endpoint="vm://INT0028-GATE-Assessment-Outbound/AuditLog" unset-properties="false">
            <cc:set name="message" value="'Error processing report response: ' # context.getErrorMessage()"/>
            <cc:set name="error" value="true"/>
        </cc:local-out>
        <cc:local-out id="CallAudit22" store-message="none" endpoint="vm://INT0028-GATE-Assessment-Outbound/AuditLog" unset-properties="false">
            <cc:set name="message" value="'Error processing report response: ' # context.getErrorMessage()"/>
            <cc:set name="error" value="true"/>
        </cc:local-out>
        <cc:local-out id="CallAudit23" store-message="none" endpoint="vm://INT0028-GATE-Assessment-Outbound/AuditLog" unset-properties="false">
            <cc:set name="message" value="'Error writing or submitting ProcessAssessmentOrder webservice: ' # context.getErrorMessage()"/>
            <cc:set name="error" value="true"/>
        </cc:local-out>
        <cc:local-out id="CallAudit24" store-message="none" endpoint="vm://INT0028-GATE-Assessment-Outbound/AuditLog" unset-properties="false">
            <cc:set name="message" value="'Attempting to POST Assessment Order request for a Job Requisition in a non-applicable country.'"/>
            <cc:set name="error" value="true"/>
        </cc:local-out>
        <cc:local-out id="CallAudit25" store-message="none" endpoint="vm://INT0028-GATE-Assessment-Outbound/AuditLog" unset-properties="false">
            <cc:set name="message" value="'Error writing or submitting Get_Assess_Candidate webservice: ' # context.getErrorMessage()"/>
            <cc:set name="error" value="true"/>
        </cc:local-out>
        <cc:local-out id="CallAudit26" store-message="none" endpoint="vm://INT0028-GATE-Assessment-Outbound/AuditLog" unset-properties="false">
            <cc:set name="message" value="'Error with Get_Assess_Candidate webservice response: ' # context.getErrorMessage()"/>
            <cc:set name="error" value="true"/>
        </cc:local-out>
	</cc:assembly>

</beans>