<?xml version="1.0" encoding="UTF-8"?>
<beans
     xmlns="http://www.springframework.org/schema/beans"
     xmlns:beans="http://www.springframework.org/schema/beans"
     xmlns:atom="http://www.w3.org/2005/Atom"
     xmlns:cc="http://www.capeclear.com/assembly/10"
     xmlns:cloud="urn:com.workday/esb/cloud/10.0"
     xmlns:env="http://schemas.xmlsoap.org/soap/envelope/"
     xmlns:pi="urn:com.workday/picof"
     xmlns:wd="urn:com.workday/bsvc"
     xmlns:xsi="http://www.w3.org/2001/XMLSchema-instance">
 
	<cc:assembly id="WorkdayAssembly" version="2019.6">
        <cc:workday-in id="StartHere" routes-to="AsyncMediation1">
            <cc:integration-system name="INT0178 - Reed Group LOA Job Data Inbound">
        <cloud:param name="Validation Mode">
          <cloud:type>
            <cloud:simple-type>boolean</cloud:simple-type>
          </cloud:type>
          <cloud:default>
            <cloud:boolean>true</cloud:boolean>
          </cloud:default>
        </cloud:param>
        <cloud:attribute-map-service name="INT0178-LSFActionReason">
          <cloud:map name="LSF Action Reason Map">
            <cloud:internal-type>
              <cloud:simple-type>text</cloud:simple-type>
            </cloud:internal-type>
            <cloud:external-type>
              <cloud:simple-type>text</cloud:simple-type>
            </cloud:external-type>
          </cloud:map>
        </cloud:attribute-map-service>
        <cloud:retrieval-service name="INT0178-DocumentRetrieval"/>
      </cc:integration-system>
        </cc:workday-in>
        <cc:local-in id="ProcessLeaves" routes-to="AsyncMediation32"/>
        <cc:local-in id="GetWorkerData" routes-to="WriteRequest"/>
        <cc:local-in id="InsertNewLeave" routes-to="AsyncMediation130"/>
        <cc:local-in id="ReturnFromLeave" routes-to="AsyncMediation13"/>
        <cc:local-in id="UpdateExisitingLeave" routes-to="CallCompareLeaves"/>
        <cc:local-in id="ReopenExisitingLeave" routes-to="CallRescindReturnToWork"/>
        <cc:local-in id="RescindLeaveRequest" routes-to="AsyncMediation240"/>
        <cc:local-in id="CompareLeaves" routes-to="AsyncMediation15"/>
        <cc:local-in id="AuditLog" routes-to="WriteToAuditLog"/>
        <cc:async-mediation id="Initialize" routes-to="CallProcessLeaves" handle-downstream-errors="true">
            <cc:steps>
                <cc:eval id="Eval">
                    <cc:expression>props['BatchAuditLog'] = false</cc:expression>
                    <cc:expression>props['ValidationMode'] = (boolean) lp.getSimpleData('Validation Mode')</cc:expression>
                    <cc:expression>if (da.size() > 0 ) {da.toVar(0, &quot;wd.retrieve.variable&quot;)}</cc:expression>
                    <cc:expression>props['RowCount'] = 0</cc:expression>
                    <cc:expression>props['AuditMessage'] = ''</cc:expression>
                    <cc:expression>props['ws.version'] = 'v32.0'</cc:expression>
                    <cc:expression>props['leaveDiffIndicator'] = false</cc:expression>
                    <cc:expression>props['integration_system_ID'] = 'INT0178ReedGroupLOAJobDataInboundCollection/INT0178ReedGroupLOAJobDataInbound/StartHere'</cc:expression>
                    <cc:expression>props['IsError'] = false</cc:expression>
                </cc:eval>
            </cc:steps>
            <cc:send-error id="SendError" routes-to="InitFailure"/>
        </cc:async-mediation>
        <cc:route id="GetInputFiles">
            <cc:doc-iterator/>
            <cc:sub-route name="SubRoute" routes-to="Initialize"/>
        </cc:route>
        <cc:local-out id="InitFailure" endpoint="vm://wcc/PutIntegrationMessage"><cc:set name="is.message.severity" value="'CRITICAL'"/><cc:set name="is.message.summary" value="'Error during integration initialization: '+context.errorMessage"/><cc:set name="is.message.storage.enabled" value="false"/></cc:local-out>
        <cc:local-out id="CallProcessLeaves" routes-response-to="SetBatch" endpoint="vm://INT0178ReedGroupLOAJobDataInbound/ProcessLeaves"/>
        <cc:async-mediation id="SetBatch" routes-to="CallAuditLog" handle-downstream-errors="false">
            <cc:steps>
                <cc:eval id="Eval">
                    <cc:expression>props['BatchAuditLog'] = true</cc:expression>
                </cc:eval>
            </cc:steps>
        </cc:async-mediation>
        <cc:local-out id="CallAuditLog" routes-response-to="IntegrationComplete" endpoint="vm://INT0178ReedGroupLOAJobDataInbound/AuditLog"/>
        <cc:local-out id="IntegrationComplete" endpoint="vm://wcc/PutIntegrationMessage"><cc:set name="is.message.severity" value="'INFO'"/><cc:set name="is.message.summary" value="'Integration Complete'"/><cc:set name="is.message.storage.enabled" value="false"/></cc:local-out>
        <cc:async-mediation id="InputFileToXML" routes-to="Splitter" handle-downstream-errors="true">
            <cc:steps>
                <cc:xslt id="Xslt" url="RemoveHeaderAndTrailer.xsl"/>
            </cc:steps>
            <cc:send-error id="SendError" routes-to="NoRecords"/>
        </cc:async-mediation>
        <cc:splitter id="Splitter">
            <cc:sub-route name="SubRoute" routes-to="SetPropsConvertDates"/>
            <cc:xml-stream-splitter xpath="/root/row"/>
        </cc:splitter>
        <cc:local-out id="CallAuditLogFieldValidation" endpoint="vm://INT0178ReedGroupLOAJobDataInbound/AuditLog"/>
        <cc:local-out id="CallGetWorkerData" routes-response-to="AsyncMediation30" endpoint="vm://INT0178ReedGroupLOAJobDataInbound/GetWorkerData"/>
        <cc:async-mediation id="WriteRequest" routes-to="WorkdayOutSoap" handle-downstream-errors="true">
            <cc:steps>
                <cc:eval id="Eval">
                    <cc:expression>props['On_Leave'] = empty</cc:expression>
                    <cc:expression>props['GetWorkersLeave'] = empty</cc:expression>
                    <cc:expression>props['GetWorkersStartDate'] = empty</cc:expression>
                    <cc:expression>props['GetWorkersEndDate'] = empty</cc:expression>
                </cc:eval>
                <cc:write id="Write">
                    <cc:message>
                        <cc:text>&lt;?xml version=&quot;1.0&quot; encoding=&quot;UTF-8&quot;?>&#xD;
&lt;env:Envelope&#xD;
    xmlns:env=&quot;http://schemas.xmlsoap.org/soap/envelope/&quot;&#xD;
    xmlns:xsd=&quot;http://www.w3.org/2001/XMLSchema&quot;>&#xD;
    &lt;env:Body>&#xD;
        &lt;wd:Get_Workers_Request xmlns:wd=&quot;urn:com.workday/bsvc&quot; wd:version=&quot;@{props['ws.version']}&quot;>&#xD;
            &lt;wd:Request_References wd:Skip_Non_Existing_Instances=&quot;true&quot;>&#xD;
                &lt;wd:Worker_Reference>&#xD;
                    &lt;wd:ID wd:type=&quot;Employee_ID&quot;>@{props['Employee_ID']}&lt;/wd:ID>&#xD;
                &lt;/wd:Worker_Reference>&#xD;
            &lt;/wd:Request_References>&#xD;
             &lt;wd:Request_Criteria>&#xD;
                &lt;wd:Exclude_Inactive_Workers>false&lt;/wd:Exclude_Inactive_Workers>&#xD;
                &lt;wd:Exclude_Employees>false&lt;/wd:Exclude_Employees>&#xD;
                &lt;wd:Exclude_Contingent_Workers>true&lt;/wd:Exclude_Contingent_Workers>&#xD;
                &lt;wd:Field_And_Parameter_Criteria_Data>&#xD;
                    &lt;wd:Provider_Reference>&#xD;
                        &lt;wd:ID wd:type=&quot;Integration_System_ID&quot;>@{props['integration_system_ID']}&lt;/wd:ID>&#xD;
                    &lt;/wd:Provider_Reference>&#xD;
                &lt;/wd:Field_And_Parameter_Criteria_Data>&#xD;
            &lt;/wd:Request_Criteria>&#xD;
            &lt;wd:Response_Group>&#xD;
                &lt;wd:Include_Reference>false&lt;/wd:Include_Reference>&#xD;
                 &lt;wd:Include_Personal_Information>false&lt;/wd:Include_Personal_Information>&#xD;
                 &lt;wd:Include_Employment_Information>true&lt;/wd:Include_Employment_Information>&#xD;
            &lt;/wd:Response_Group>&#xD;
        &lt;/wd:Get_Workers_Request>&#xD;
    &lt;/env:Body>&#xD;
&lt;/env:Envelope></cc:text>
                    </cc:message>
                </cc:write>
            </cc:steps>
            <cc:send-error id="SendError" routes-to="PutIntegrationMessage0"/>
        </cc:async-mediation>
        <cc:workday-out-soap id="WorkdayOutSoap" routes-response-to="StoreToVariable" application="Human_Resources" version="@{props['ws.version']}"/>
        <cc:route id="Route">
            <cc:mvel-strategy>
                <cc:choose-route expression="props['LSF_Change_Indicator'] == 'I' &amp;&amp; props['Leave_Status'] == 'Closed'" route="I--Close"/>
                <cc:choose-route expression="props['LSF_Change_Indicator'] == 'U' &amp;&amp; props['Leave_Status'] == 'Closed'" route="U--Close"/>
                <cc:choose-route expression="(props['LSF_Change_Indicator'] == 'D' &amp;&amp; props['Leave_Status'] == 'Open') || (props['LSF_Change_Indicator'] == 'D' &amp;&amp; props['Leave_Status'] == 'Closed')" route="D--Open"/>
                <cc:choose-route expression="props['LSF_Change_Indicator'] == 'U' &amp;&amp; props['Leave_Status'] == 'ReOpen'" route="U--Reopen"/>
                <cc:choose-route expression="props['LSF_Change_Indicator'] == 'I' &amp;&amp; props['Leave_Status'] == 'Open'" route="LSF-I-Open"/>
                <cc:choose-route expression="props['LSF_Change_Indicator'] == 'U' &amp;&amp; props['Actual_Last_Day_of_Leave'] != empty" route="LSF-U-Closed"/>
                <cc:choose-route expression="props['LSF_Change_Indicator'] == 'U' &amp;&amp; props['Leave_Status'] == 'Open' &amp;&amp; props['Actual_Last_Day_of_Leave'] == empty" route="LSF-U-Open"/>
                <cc:choose-route expression="props['LSF_Change_Indicator'] == 'I' &amp;&amp; props['Leave_Status'] == 'ReOpen'" route="LSF-U-Reopen"/>
                <cc:choose-route expression="props['LSF_Change_Indicator'] == 'D' &amp;&amp; props['Leave_Status'] == 'Cancelled'" route="LSF-D-Cancelled"/>
                <cc:choose-route expression="props['Leave_Status'] == 'Denied'" route="Denied"/>
                <cc:choose-route expression="true" route="Ignored"/>
            </cc:mvel-strategy>
            <cc:sub-route name="LSF-I-Open" routes-to="CallInsertNewLeave"/>
            <cc:sub-route name="LSF-U-Closed" routes-to="CallReturnFromLeave"/>
            <cc:sub-route name="LSF-U-Open" routes-to="CallUpdateExisitingLeave"/>
            <cc:sub-route name="LSF-U-Reopen" routes-to="CallReopenExisitingLeave"/>
            <cc:sub-route name="LSF-D-Cancelled" routes-to="CallCancelLeaveRequest"/>
            <cc:sub-route name="Denied" routes-to="AsyncMediation4"/>
            <cc:sub-route name="Ignored" routes-to="AsyncMediation27"/>
            <cc:sub-route name="I--Close" routes-to="CallInsertNewLeave"/>
            <cc:sub-route name="U--Close" routes-to="CallUpdateExisitingLeave"/>
            <cc:sub-route name="D--Open" routes-to="CallCancelLeaveRequest"/>
            <cc:sub-route name="U--Reopen" routes-to="CallUpdateExisitingLeave"/>
        </cc:route>
        <cc:local-out id="CallInsertNewLeave" endpoint="vm://INT0178ReedGroupLOAJobDataInbound/InsertNewLeave"/>
        <cc:local-out id="CallReturnFromLeave" endpoint="vm://INT0178ReedGroupLOAJobDataInbound/ReturnFromLeave"/>
        <cc:local-out id="CallUpdateExisitingLeave" endpoint="vm://INT0178ReedGroupLOAJobDataInbound/UpdateExisitingLeave"/>
        <cc:local-out id="CallReopenExisitingLeave" endpoint="vm://INT0178ReedGroupLOAJobDataInbound/ReopenExisitingLeave"/>
        <cc:local-in id="CancelLeaveRequest" routes-to="AsyncMediation"/>
        <cc:local-out id="CallCancelLeaveRequest" endpoint="vm://INT0178ReedGroupLOAJobDataInbound/CancelLeaveRequest"/>
        <cc:local-out id="CallDeniedLeaveAuditLog" endpoint="vm://INT0178ReedGroupLOAJobDataInbound/AuditLog"/>
        <cc:async-mediation id="AsyncMediation4" routes-to="CallDeniedLeaveAuditLog">
            <cc:steps>
                <cc:eval id="Eval">
                    <cc:expression>props['AuditMessage'] = 'Denied leave skipped'</cc:expression>
                </cc:eval>
            </cc:steps>
        </cc:async-mediation>
        <cc:async-mediation id="AsyncMediation5" routes-to="CallAuditLogFieldValidation">
            <cc:steps>
                <cc:eval id="Eval">
                    <cc:expression>props['AuditMessage'] = context.errorMessage</cc:expression>
                </cc:eval>
            </cc:steps>
        </cc:async-mediation>
        <cc:async-mediation id="WriteNewLeave" routes-to="AsyncMediation2" handle-downstream-errors="true">
            <cc:steps>
                <cc:write id="Write">
                    <cc:message>
                        <cc:text>&lt;?xml version=&quot;1.0&quot; encoding=&quot;UTF-8&quot;?>&#xD;
&lt;env:Envelope&#xD;
    xmlns:env=&quot;http://schemas.xmlsoap.org/soap/envelope/&quot;&#xD;
    xmlns:xsd=&quot;http://www.w3.org/2001/XMLSchema&quot;>&#xD;
    &lt;env:Body>&#xD;
        &lt;wd:Request_Leave_of_Absence_Request&#xD;
            xmlns:wd=&quot;urn:com.workday/bsvc&quot;&#xD;
            wd:version=&quot;@{props['ws.version']}&quot;>&#xD;
            &lt;wd:Business_Process_Parameters>&#xD;
                &lt;wd:Auto_Complete>true&lt;/wd:Auto_Complete>&#xD;
                &lt;wd:Run_Now>true&lt;/wd:Run_Now>&#xD;
                &lt;wd:Comment_Data>&#xD;
                    &lt;wd:Comment>Loaded by INT0178&lt;/wd:Comment>&#xD;
                &lt;/wd:Comment_Data>&#xD;
            &lt;/wd:Business_Process_Parameters>           &#xD;
            &lt;wd:Request_Leave_of_Absence_Data>&#xD;
                &lt;wd:Worker_Reference>&#xD;
                    &lt;wd:ID wd:type=&quot;Employee_ID&quot;>@{props['Employee_ID']}&lt;/wd:ID>&#xD;
                &lt;/wd:Worker_Reference>&#xD;
                &lt;wd:Leave_Request_Data>&#xD;
                    &lt;wd:Leave_of_Absence_Type_Reference>&#xD;
                        &lt;wd:ID wd:type=&quot;Event_Classification_Subcategory_ID&quot;>@{props['LSF_Action_Reason']}&lt;/wd:ID>&#xD;
                    &lt;/wd:Leave_of_Absence_Type_Reference>&#xD;
                     &lt;wd:Request_Leave_of_Absence_ID>@{props['Reference_ID']}&lt;/wd:Request_Leave_of_Absence_ID>&#xD;
                    &lt;wd:First_Day_of_Leave>@{props['First_Day_of_Leave']}&lt;/wd:First_Day_of_Leave>&#xD;
                    &lt;wd:Last_Day_of_Work>@{props['First_Day_of_Leave-1']}&lt;/wd:Last_Day_of_Work>&#xD;
                    &lt;wd:Estimated_Last_Day_of_Leave>@{props['Estimated_Last_Day_of_Leave']}&lt;/wd:Estimated_Last_Day_of_Leave>                    &#xD;
                &lt;/wd:Leave_Request_Data>              &#xD;
            &lt;/wd:Request_Leave_of_Absence_Data>&#xD;
        &lt;/wd:Request_Leave_of_Absence_Request>&#xD;
    &lt;/env:Body>&#xD;
&lt;/env:Envelope></cc:text>
                    </cc:message>
                </cc:write>
            </cc:steps>
            <cc:send-error id="SendError" routes-to="AsyncMediation7"/>
        </cc:async-mediation>
        <cc:workday-out-soap id="WorkdayOutSoap0" routes-response-to="AsyncMediation8" application="Absence_Management" version="@{props['ws.version']}"/>
        <cc:local-out id="PutIntegrationMessage0" endpoint="vm://wcc/PutIntegrationMessage"><cc:set name="is.message.severity" value="'ERROR'"/><cc:set name="is.message.summary" value="'Error during Get Workers call: '+context.errorMessage"/><cc:set name="is.message.storage.enabled" value="false"/></cc:local-out>
        <cc:local-out id="CallNewLeaveAuditLog" endpoint="vm://INT0178ReedGroupLOAJobDataInbound/AuditLog"/>
        <cc:async-mediation id="AsyncMediation7" routes-to="CallNewLeaveAuditLog">
            <cc:steps>
                <cc:eval id="Eval">
                    <cc:expression>props['AuditMessage'] = context.errorMessage</cc:expression>
                </cc:eval>
            </cc:steps>
        </cc:async-mediation>
        <cc:async-mediation id="AsyncMediation8" routes-to="CallSuccessNewLeaveAuditLog">
            <cc:steps>
                <cc:set-headers id="SetHeaders"><cc:remove-headers>
    <cc:remove-header name="X-Validate-Only"/>
</cc:remove-headers><cc:add-headers/></cc:set-headers>
                <cc:eval id="Eval">
                    <cc:expression>props['AuditMessage'] = 'Successfully created new leave'</cc:expression>
                </cc:eval>
            </cc:steps>
        </cc:async-mediation>
        <cc:local-out id="CallSuccessNewLeaveAuditLog" endpoint="vm://INT0178ReedGroupLOAJobDataInbound/AuditLog"/>
        <cc:async-mediation id="AsyncMediation9" routes-to="AsyncMediation28" handle-downstream-errors="true">
            <cc:steps>
                <cc:log id="Log0">
                    <cc:log-message>
                        <cc:text>&#xD;
&#xD;
&#xD;
****************RFL****************&#xD;
props['Actual_Last_Day_of_Leave']: @{props['Actual_Last_Day_of_Leave']}&#xD;
props['begin.date'] : @{props['begin.date']}&#xD;
props['old.date'] : @{props['old.date']}&#xD;
props['Actual_Last_Day_of_Leave+1'] : @{props['Actual_Last_Day_of_Leave+1']}&#xD;
</cc:text>
                    </cc:log-message>
                </cc:log>
                <cc:write id="Write">
                    <cc:message>
                        <cc:text>&lt;?xml version=&quot;1.0&quot; encoding=&quot;UTF-8&quot;?>&#xD;
&lt;env:Envelope&#xD;
    xmlns:env=&quot;http://schemas.xmlsoap.org/soap/envelope/&quot;&#xD;
    xmlns:xsd=&quot;http://www.w3.org/2001/XMLSchema&quot;>&#xD;
    &lt;env:Body>&#xD;
        &lt;wd:Request_Return_from_Leave_of_Absence_Request&#xD;
            xmlns:wd=&quot;urn:com.workday/bsvc&quot;&#xD;
            wd:version=&quot;@{props['ws.version']}&quot;>&#xD;
            &lt;wd:Business_Process_Parameters>&#xD;
                &lt;wd:Auto_Complete>true&lt;/wd:Auto_Complete>&#xD;
                &lt;wd:Run_Now>true&lt;/wd:Run_Now>&#xD;
                &lt;wd:Comment_Data>&#xD;
                    &lt;wd:Comment>Loaded by INT0178&lt;/wd:Comment>&#xD;
                &lt;/wd:Comment_Data>&#xD;
            &lt;/wd:Business_Process_Parameters>&#xD;
            &lt;wd:Request_Return_from_Leave_of_Absence_Data>&#xD;
                &lt;wd:Worker_Reference>&#xD;
                    &lt;wd:ID wd:type=&quot;Employee_ID&quot;>@{props['Employee_ID']}&lt;/wd:ID>&#xD;
                &lt;/wd:Worker_Reference>&#xD;
                &lt;wd:First_Day_Back_at_Work>@{props['Actual_Last_Day_of_Leave+1']}&lt;/wd:First_Day_Back_at_Work>&#xD;
                &lt;wd:Leaves_Returning_from_Data>&#xD;
                    &lt;wd:Request_Leave_of_Absence_Reference>&#xD;
                        &lt;wd:ID wd:type=&quot;Request_Leave_of_Absence_ID&quot;>@{props['Reference_ID']}&lt;/wd:ID>&#xD;
                    &lt;/wd:Request_Leave_of_Absence_Reference>&#xD;
                    &lt;wd:Actual_Last_Day_of_Leave>@{props['Actual_Last_Day_of_Leave']}&lt;/wd:Actual_Last_Day_of_Leave>&#xD;
                &lt;/wd:Leaves_Returning_from_Data> &#xD;
            &lt;/wd:Request_Return_from_Leave_of_Absence_Data>&#xD;
        &lt;/wd:Request_Return_from_Leave_of_Absence_Request>&#xD;
    &lt;/env:Body>&#xD;
&lt;/env:Envelope></cc:text>
                    </cc:message>
                </cc:write>
                <cc:log id="Log">
                    <cc:log-message>
                        <cc:text>&#xD;
&#xD;
*****************RFL*****************</cc:text>
                        <cc:line-separator/>
                        <cc:message-content/>
                    </cc:log-message>
                </cc:log>
            </cc:steps>
            <cc:send-error id="SendError" routes-to="AsyncMediation10"/>
        </cc:async-mediation>
        <cc:async-mediation id="AsyncMediation10" routes-to="CallReturnLeaveAuditLog">
            <cc:steps>
                <cc:eval id="Eval">
                    <cc:expression>props['AuditMessage'] = 'Error returning worker from leave ' + context.errorMessage</cc:expression>
                    <cc:expression>props['IsError'] = true</cc:expression>
                </cc:eval>
            </cc:steps>
        </cc:async-mediation>
        <cc:local-out id="CallReturnLeaveAuditLog" endpoint="vm://INT0178ReedGroupLOAJobDataInbound/AuditLog"/>
        <cc:workday-out-soap id="WorkdayOutSoap1" routes-response-to="AsyncMediation11" application="Absence_Management" version="@{props['ws.version']}"/>
        <cc:async-mediation id="AsyncMediation11" routes-to="CallReturnSuccessAuditLog">
            <cc:steps>
                <cc:set-headers id="SetHeaders">
                    <cc:remove-headers>
                        <cc:remove-header name="X-Validate-Only"/>
                    </cc:remove-headers>
                    <cc:add-headers/>
                </cc:set-headers>
                <cc:eval id="Eval">
                    <cc:expression>props['AuditMessage'] = 'Successfully returned worker from leave'</cc:expression>
                </cc:eval>
            </cc:steps>
        </cc:async-mediation>
        <cc:local-out id="CallReturnSuccessAuditLog" endpoint="vm://INT0178ReedGroupLOAJobDataInbound/AuditLog"/>
        <cc:async-mediation id="StoreToVariable">
            <cc:steps>
                <cc:log id="Log">
                    <cc:log-message>
                        <cc:line-separator/>
                        <cc:text>&#xD;
&#xD;
***************GetWorker****************</cc:text>
                        <cc:message-content/>
                        <cc:line-separator/>
                    </cc:log-message>
                </cc:log>
                <cc:copy id="Copy" output="variable" output-variable="WorkerData"/>
                <cc:eval id="Eval">
                    <cc:expression>props['On_Leave'] = parts[0].xpath('/env:Envelope/env:Body/wd:Get_Workers_Response/wd:Response_Data/wd:Worker/wd:Worker_Data/wd:Employment_Data/wd:Worker_Status_Data/wd:Leave_Status_Data[last()]/wd:On_Leave')</cc:expression>
                    <cc:expression>props['GetWorkersLeave'] = parts[0].xpath('/env:Envelope/env:Body/wd:Get_Workers_Response/wd:Response_Data/wd:Worker/wd:Worker_Data/wd:Employment_Data/wd:Worker_Status_Data/wd:Leave_Status_Data[last()]/wd:Leave_Request_Event_Reference/wd:ID[@wd:type=&quot;Request_Leave_of_Absence_ID&quot;]')</cc:expression>
                    <cc:expression>props['GetWorkersStartDate'] = parts[0].xpath('/env:Envelope/env:Body/wd:Get_Workers_Response/wd:Response_Data/wd:Worker/wd:Worker_Data/wd:Employment_Data/wd:Worker_Status_Data/wd:Leave_Status_Data[last()]/wd:Leave_Start_Date')</cc:expression>
                    <cc:expression>props['GetWorkersEndDate'] = parts[0].xpath('/env:Envelope/env:Body/wd:Get_Workers_Response/wd:Response_Data/wd:Worker/wd:Worker_Data/wd:Employment_Data/wd:Worker_Status_Data/wd:Leave_Status_Data[last()]/wd:Estimated_Leave_End_Date')</cc:expression>
                    <cc:expression>props['GetWorkersLeaveWID'] = parts[0].xpath('/env:Envelope/env:Body/wd:Get_Workers_Response/wd:Response_Data/wd:Worker/wd:Worker_Data/wd:Employment_Data/wd:Worker_Status_Data/wd:Leave_Status_Data[last()]/wd:Leave_Return_Event_Reference/wd:ID[@wd:type=&quot;WID&quot;]')</cc:expression>
                    <cc:expression>props['ActiveStatus'] = parts[0].xpath('/env:Envelope/env:Body/wd:Get_Workers_Response/wd:Response_Data/wd:Worker/wd:Worker_Data/wd:Employment_Data/wd:Worker_Status_Data/wd:Active')</cc:expression>
                    <cc:expression>props['Leave.Type'] = parts[0].xpath('/env:Envelope/env:Body/wd:Get_Workers_Response/wd:Response_Data/wd:Worker/wd:Worker_Data/wd:Employment_Data/wd:Worker_Status_Data/wd:Leave_Status_Data[wd:On_Leave = &quot;1&quot;]/wd:Leave_of_Absence_Type_Reference/wd:ID[@wd:type=&quot;Leave_of_Absence_Type_ID&quot;]')</cc:expression>
                </cc:eval>
            </cc:steps>
        </cc:async-mediation>
        <cc:local-out id="CallNotOnLeaveAuditLog" endpoint="vm://INT0178ReedGroupLOAJobDataInbound/AuditLog"/>
        <cc:async-mediation id="AsyncMediation14" routes-to="CallNotOnLeaveAuditLog">
            <cc:steps>
                <cc:eval id="Eval">
                    <cc:expression>props['AuditMessage'] = 'Return not submitted.  Leave was already returned in Workday.'</cc:expression>
                </cc:eval>
            </cc:steps>
        </cc:async-mediation>
        <cc:async-mediation id="AsyncMediation13" routes-to="AsyncMediation6" handle-downstream-errors="true">
            <cc:steps>
                <cc:validate-exp id="ValidateWorkerIsOnLeave">
                    <cc:expression failure-message="Worker is not on Leave">props['On_Leave'] == 1</cc:expression>
                </cc:validate-exp>
            </cc:steps>
            <cc:send-error id="SendError" routes-to="AsyncMediation14"/>
        </cc:async-mediation>
        <cc:async-mediation id="AsyncMediation15">
            <cc:steps>
                <cc:eval id="Eval">
                    <cc:expression>props['leaveDiffIndicator'] = false</cc:expression>
                    <cc:expression>if(props['GetWorkersStartDate'] != props['First_Day_of_Leave'] || props['GetWorkersEndDate'] != props['Estimated_Last_Day_of_Leave']){props['leaveDiffIndicator'] = true}</cc:expression>
                </cc:eval>
            </cc:steps>
        </cc:async-mediation>
        <cc:local-out id="CallCompareLeaves" routes-response-to="Route0" endpoint="vm://INT0178ReedGroupLOAJobDataInbound/CompareLeaves"/>
        <cc:route id="Route0">
            <cc:mvel-strategy>
                <cc:choose-route expression="props['leaveDiffIndicator'] == true" route="NewLeave"/>
                <cc:choose-route expression="true" route="SameLeave"/>
            </cc:mvel-strategy>
            <cc:sub-route name="NewLeave" routes-to="AsyncMediation18"/>
            <cc:sub-route name="SameLeave" routes-to="AsyncMediation17"/>
        </cc:route>
        <cc:async-mediation id="AsyncMediation17" routes-to="CallExisitingAuditLog">
            <cc:steps>
                <cc:eval id="Eval">
                    <cc:expression>props['AuditMessage'] = 'Update not submitted.  Leave is already up to date.'</cc:expression>
                </cc:eval>
            </cc:steps>
        </cc:async-mediation>
        <cc:local-out id="CallExisitingAuditLog" endpoint="vm://INT0178ReedGroupLOAJobDataInbound/AuditLog"/>
        <cc:local-in id="RescindReturnToWork" routes-to="AsyncMediation24"/>
        <cc:local-out id="CallRescindReturnToWork" routes-response-to="CallReopenCompareLeaves" endpoint="vm://INT0178ReedGroupLOAJobDataInbound/RescindReturnToWork"/>
        <cc:local-out id="CallReopenCompareLeaves" routes-response-to="Route1" endpoint="vm://INT0178ReedGroupLOAJobDataInbound/CompareLeaves"/>
        <cc:route id="Route1">
            <cc:mvel-strategy>
                <cc:choose-route expression="props['leaveDiffIndicator'] == true" route="ReopenLeave"/>
                <cc:choose-route expression="true" route="LeaveIsOpen"/>
            </cc:mvel-strategy>
            <cc:sub-route name="ReopenLeave" routes-to="AsyncMediation21"/>
            <cc:sub-route name="LeaveIsOpen" routes-to="AsyncMediation16"/>
        </cc:route>
        <cc:async-mediation id="AsyncMediation16" routes-to="CallReopenAuditLog">
            <cc:steps>
                <cc:eval id="Eval">
                    <cc:expression>props['AuditMessage'] = 'Successfully reopened existing leave'</cc:expression>
                </cc:eval>
            </cc:steps>
        </cc:async-mediation>
        <cc:local-out id="CallReopenAuditLog" endpoint="vm://INT0178ReedGroupLOAJobDataInbound/AuditLog"/>
        <cc:async-mediation id="AsyncMediation18" routes-to="AsyncMediation29" handle-downstream-errors="true">
            <cc:steps>
                <cc:write id="Write">
                    <cc:message>
                        <cc:text>&lt;?xml version=&quot;1.0&quot; encoding=&quot;UTF-8&quot;?>&#xD;
&lt;env:Envelope&#xD;
    xmlns:env=&quot;http://schemas.xmlsoap.org/soap/envelope/&quot;&#xD;
    xmlns:xsd=&quot;http://www.w3.org/2001/XMLSchema&quot;>&#xD;
    &lt;env:Body>&#xD;
        &lt;wd:Request_Leave_of_Absence_Request&#xD;
            xmlns:wd=&quot;urn:com.workday/bsvc&quot;&#xD;
            wd:version=&quot;@{props['ws.version']}&quot;>&#xD;
            &lt;wd:Business_Process_Parameters>&#xD;
                &lt;wd:Auto_Complete>true&lt;/wd:Auto_Complete>&#xD;
                &lt;wd:Run_Now>true&lt;/wd:Run_Now>&#xD;
                &lt;wd:Comment_Data>&#xD;
                    &lt;wd:Comment>Loaded by INT0178&lt;/wd:Comment>&#xD;
                &lt;/wd:Comment_Data>&#xD;
            &lt;/wd:Business_Process_Parameters>           &#xD;
            &lt;wd:Request_Leave_of_Absence_Data>&#xD;
                &lt;wd:Worker_Reference>&#xD;
                    &lt;wd:ID wd:type=&quot;Employee_ID&quot;>@{props['Employee_ID']}&lt;/wd:ID>&#xD;
                &lt;/wd:Worker_Reference>&#xD;
                &lt;wd:Leave_Request_Data>&#xD;
                    &lt;wd:Leave_of_Absence_Type_Reference>&#xD;
                        &lt;wd:ID wd:type=&quot;Event_Classification_Subcategory_ID&quot;>@{props['LSF_Action_Reason']}&lt;/wd:ID>&#xD;
                    &lt;/wd:Leave_of_Absence_Type_Reference>&#xD;
                     &lt;wd:Request_Leave_of_Absence_ID>@{props['Reference_ID']}&lt;/wd:Request_Leave_of_Absence_ID>&#xD;
                     &lt;wd:Correction>true&lt;/wd:Correction>&#xD;
                    &lt;wd:First_Day_of_Leave>@{props['First_Day_of_Leave']}&lt;/wd:First_Day_of_Leave>&#xD;
                    &lt;wd:Last_Day_of_Work>@{props['First_Day_of_Leave-1']}&lt;/wd:Last_Day_of_Work>&#xD;
                    &lt;wd:Estimated_Last_Day_of_Leave>@{props['Estimated_Last_Day_of_Leave']}&lt;/wd:Estimated_Last_Day_of_Leave>                    &#xD;
                &lt;/wd:Leave_Request_Data>              &#xD;
            &lt;/wd:Request_Leave_of_Absence_Data>&#xD;
        &lt;/wd:Request_Leave_of_Absence_Request>&#xD;
    &lt;/env:Body>&#xD;
&lt;/env:Envelope></cc:text>
                    </cc:message>
                </cc:write>
            </cc:steps>
            <cc:send-error id="SendError" routes-to="AsyncMediation19"/>
        </cc:async-mediation>
        <cc:workday-out-soap id="WorkdayOutSoap2" routes-response-to="AsyncMediation20" application="Absence_Management" version="@{props['ws.version']}"/>
        <cc:async-mediation id="AsyncMediation19" routes-to="AuditLog0">
            <cc:steps>
                <cc:eval id="Eval">
                    <cc:expression>props['AuditMessage'] = context.errorMessage</cc:expression>
                </cc:eval>
            </cc:steps>
        </cc:async-mediation>
        <cc:local-out id="AuditLog0" endpoint="vm://INT0178ReedGroupLOAJobDataInbound/AuditLog"/>
        <cc:async-mediation id="AsyncMediation20" routes-to="CallUpdateAuditLog">
            <cc:steps>
                <cc:set-headers id="SetHeaders">
                    <cc:remove-headers>
                        <cc:remove-header name="X-Validate-Only"/>
                    </cc:remove-headers>
                    <cc:add-headers/>
                </cc:set-headers>
                <cc:eval id="Eval">
                    <cc:expression>props['AuditMessage'] = 'Successfully updated existing leave'</cc:expression>
                </cc:eval>
            </cc:steps>
        </cc:async-mediation>
        <cc:local-out id="CallUpdateAuditLog" endpoint="vm://INT0178ReedGroupLOAJobDataInbound/AuditLog"/>
        <cc:async-mediation id="AsyncMediation21" routes-to="AsyncMediation210" handle-downstream-errors="true">
            <cc:steps>
                <cc:write id="Write">
                    <cc:message>
                        <cc:text>&lt;?xml version=&quot;1.0&quot; encoding=&quot;UTF-8&quot;?>&#xD;
&lt;env:Envelope&#xD;
    xmlns:env=&quot;http://schemas.xmlsoap.org/soap/envelope/&quot;&#xD;
    xmlns:xsd=&quot;http://www.w3.org/2001/XMLSchema&quot;>&#xD;
    &lt;env:Body>&#xD;
        &lt;wd:Request_Leave_of_Absence_Request&#xD;
            xmlns:wd=&quot;urn:com.workday/bsvc&quot;&#xD;
            wd:version=&quot;@{props['ws.version']}&quot;>&#xD;
            &lt;wd:Business_Process_Parameters>&#xD;
                &lt;wd:Auto_Complete>true&lt;/wd:Auto_Complete>&#xD;
                &lt;wd:Run_Now>true&lt;/wd:Run_Now>&#xD;
                &lt;wd:Comment_Data>&#xD;
                    &lt;wd:Comment>Loaded by INT0178&lt;/wd:Comment>&#xD;
                &lt;/wd:Comment_Data>&#xD;
            &lt;/wd:Business_Process_Parameters>           &#xD;
            &lt;wd:Request_Leave_of_Absence_Data>&#xD;
                &lt;wd:Worker_Reference>&#xD;
                    &lt;wd:ID wd:type=&quot;Employee_ID&quot;>@{props['Employee_ID']}&lt;/wd:ID>&#xD;
                &lt;/wd:Worker_Reference>&#xD;
                &lt;wd:Leave_Request_Data>&#xD;
                    &lt;wd:Leave_of_Absence_Type_Reference>&#xD;
                        &lt;wd:ID wd:type=&quot;Event_Classification_Subcategory_ID&quot;>@{props['LSF_Action_Reason']}&lt;/wd:ID>&#xD;
                    &lt;/wd:Leave_of_Absence_Type_Reference>&#xD;
                     &lt;wd:Request_Leave_of_Absence_ID>@{props['Reference_ID']}&lt;/wd:Request_Leave_of_Absence_ID>&#xD;
                     &lt;wd:Correction>true&lt;/wd:Correction>&#xD;
                    &lt;wd:First_Day_of_Leave>@{props['First_Day_of_Leave']}&lt;/wd:First_Day_of_Leave>&#xD;
                    &lt;wd:Last_Day_of_Work>@{props['First_Day_of_Leave-1']}&lt;/wd:Last_Day_of_Work>&#xD;
                    &lt;wd:Estimated_Last_Day_of_Leave>@{props['']}&lt;/wd:Estimated_Last_Day_of_Leave>                    &#xD;
                &lt;/wd:Leave_Request_Data>              &#xD;
            &lt;/wd:Request_Leave_of_Absence_Data>&#xD;
        &lt;/wd:Request_Leave_of_Absence_Request>&#xD;
    &lt;/env:Body>&#xD;
&lt;/env:Envelope></cc:text>
                    </cc:message>
                </cc:write>
            </cc:steps>
            <cc:send-error id="SendError" routes-to="AsyncMediation22"/>
        </cc:async-mediation>
        <cc:async-mediation id="AsyncMediation22" routes-to="AuditLog1">
            <cc:steps>
                <cc:eval id="Eval">
                    <cc:expression>props['AuditMessage'] = context.errorMessage</cc:expression>
                </cc:eval>
            </cc:steps>
        </cc:async-mediation>
        <cc:local-out id="AuditLog1" endpoint="vm://INT0178ReedGroupLOAJobDataInbound/AuditLog"/>
        <cc:workday-out-soap id="WorkdayOutSoap3" routes-response-to="AsyncMediation23" application="Absence_Management" version="@{props['ws.version']}"/>
        <cc:async-mediation id="AsyncMediation23" routes-to="CallReopenRequestAuditLog">
            <cc:steps>
                <cc:set-headers id="SetHeaders">
                    <cc:remove-headers>
                        <cc:remove-header name="X-Validate-Only"/>
                    </cc:remove-headers>
                    <cc:add-headers/>
                </cc:set-headers>
                <cc:eval id="Eval">
                    <cc:expression>props['AuditMessage'] = 'Successfully reopened existing leave'</cc:expression>
                </cc:eval>
            </cc:steps>
        </cc:async-mediation>
        <cc:local-out id="CallReopenRequestAuditLog" endpoint="vm://INT0178ReedGroupLOAJobDataInbound/AuditLog"/>
        <cc:async-mediation id="AsyncMediation24" routes-to="AsyncMediation212" handle-downstream-errors="true">
            <cc:steps>
                <cc:write id="Write">
                    <cc:message>
                        <cc:text>&lt;?xml version=&quot;1.0&quot; encoding=&quot;UTF-8&quot;?>&#xD;
&lt;env:Envelope&#xD;
    xmlns:env=&quot;http://schemas.xmlsoap.org/soap/envelope/&quot;&#xD;
    xmlns:xsd=&quot;http://www.w3.org/2001/XMLSchema&quot;>&#xD;
    &lt;env:Body>&#xD;
        &lt;wd:Rescind_Business_Process_Request&#xD;
            xmlns:wd=&quot;urn:com.workday/bsvc&quot;&#xD;
            wd:version=&quot;@{props['ws.version']}&quot;>&#xD;
            &lt;wd:Event_Reference>&#xD;
            	&lt;wd:ID wd:type=&quot;WID&quot;>@{props['GetWorkersLeaveWID']}&lt;/wd:ID>&#xD;
            &lt;/wd:Event_Reference>&#xD;
            &lt;wd:Rescind_Business_Process_Data>&#xD;
                &lt;wd:Comment>Rescinded by INT0178&lt;/wd:Comment>&#xD;
                &lt;wd:Suppress_Notifications>true&lt;/wd:Suppress_Notifications>&#xD;
            &lt;/wd:Rescind_Business_Process_Data>&#xD;
        &lt;/wd:Rescind_Business_Process_Request>&#xD;
    &lt;/env:Body>&#xD;
&lt;/env:Envelope></cc:text>
                    </cc:message>
                </cc:write>
                <cc:log id="Log">
                    <cc:log-message>
                        <cc:line-separator/>
                        <cc:text>&#xD;
&#xD;
&#xD;
********************************ReturnToWork*****************&#xD;
&#xD;
WID2: @{props['GetWorkersLeaveWID']}</cc:text>
                        <cc:line-separator/>
                    </cc:log-message>
                </cc:log>
            </cc:steps>
            <cc:send-error id="SendError" routes-to="AsyncMediation25"/>
        </cc:async-mediation>
        <cc:workday-out-soap id="WorkdayOutSoap4" routes-response-to="AsyncMediation26" application="Integrations" version="@{props['ws.version']}"/>
        <cc:async-mediation id="AsyncMediation25" routes-to="CallRescindRTWAuditLog">
            <cc:steps>
                <cc:eval id="Eval">
                    <cc:expression>props['AuditMessage'] = context.errorMessage</cc:expression>
                </cc:eval>
            </cc:steps>
        </cc:async-mediation>
        <cc:local-out id="CallRescindRTWAuditLog" endpoint="vm://INT0178ReedGroupLOAJobDataInbound/AuditLog"/>
        <cc:async-mediation id="AsyncMediation26" routes-to="CallRRTWAuditLog">
            <cc:steps>
                <cc:set-headers id="SetHeaders">
                    <cc:remove-headers>
                        <cc:remove-header name="X-Validate-Only"/>
                    </cc:remove-headers>
                    <cc:add-headers/>
                </cc:set-headers>
                <cc:eval id="Eval">
                    <cc:expression>props['AuditMessage'] = 'Successfully rescinded return to work'</cc:expression>
                </cc:eval>
            </cc:steps>
        </cc:async-mediation>
        <cc:local-out id="CallRRTWAuditLog" endpoint="vm://INT0178ReedGroupLOAJobDataInbound/AuditLog"/>
        <cc:local-out id="CallRescindLeaveAuditLog" endpoint="vm://INT0178ReedGroupLOAJobDataInbound/AuditLog"/>
        <cc:async-mediation id="AsyncMediation250" routes-to="CallRescindLeaveAuditLog">
            <cc:steps>
                <cc:eval id="Eval">
                    <cc:expression>props['AuditMessage'] = context.errorMessage</cc:expression>
                </cc:eval>
            </cc:steps>
        </cc:async-mediation>
        <cc:async-mediation id="AsyncMediation240" routes-to="AsyncMediation211" handle-downstream-errors="true">
            <cc:steps>
                <cc:write id="Write">
                    <cc:message>
                        <cc:text>&lt;?xml version=&quot;1.0&quot; encoding=&quot;UTF-8&quot;?>&#xD;
&lt;env:Envelope&#xD;
    xmlns:env=&quot;http://schemas.xmlsoap.org/soap/envelope/&quot;&#xD;
    xmlns:xsd=&quot;http://www.w3.org/2001/XMLSchema&quot;>&#xD;
    &lt;env:Body>&#xD;
        &lt;wd:Rescind_Business_Process_Request&#xD;
            xmlns:wd=&quot;urn:com.workday/bsvc&quot;&#xD;
            wd:version=&quot;@{props['ws.version']}&quot;>&#xD;
            &lt;wd:Event_Reference>&#xD;
            	&lt;wd:ID wd:type=&quot;Request_Leave_of_Absence_ID&quot;>@{props['Reference_ID']}&lt;/wd:ID>&#xD;
            &lt;/wd:Event_Reference>&#xD;
            &lt;wd:Rescind_Business_Process_Data>&#xD;
                &lt;wd:Comment>Rescinded by INT0178&lt;/wd:Comment>&#xD;
                &lt;wd:Suppress_Notifications>true&lt;/wd:Suppress_Notifications>&#xD;
            &lt;/wd:Rescind_Business_Process_Data>&#xD;
        &lt;/wd:Rescind_Business_Process_Request>&#xD;
    &lt;/env:Body>&#xD;
&lt;/env:Envelope></cc:text>
                    </cc:message>
                </cc:write>
                <cc:log id="Log">
                    <cc:log-message>
                        <cc:line-separator/>
                        <cc:text>&#xD;
&#xD;
****************Worker WID**************&#xD;
WID: @{props['GetWorkersLeaveWID']}&#xD;
Reference ID : @{props['Reference_ID']}&#xD;
******************************************</cc:text>
                        <cc:line-separator/>
                    </cc:log-message>
                </cc:log>
            </cc:steps>
            <cc:send-error id="SendError" routes-to="AsyncMediation250"/>
        </cc:async-mediation>
        <cc:local-out id="CallRescindLeaveRequestAuditLog" endpoint="vm://INT0178ReedGroupLOAJobDataInbound/AuditLog"/>
        <cc:async-mediation id="AsyncMediation260" routes-to="CallRescindLeaveRequestAuditLog">
            <cc:steps>
                <cc:set-headers id="SetHeaders">
                    <cc:remove-headers>
                        <cc:remove-header name="X-Validate-Only"/>
                    </cc:remove-headers>
                    <cc:add-headers/>
                </cc:set-headers>
                <cc:eval id="Eval">
                    <cc:expression>props['AuditMessage'] = 'Successfully rescinded leave request'</cc:expression>
                </cc:eval>
            </cc:steps>
        </cc:async-mediation>
        <cc:workday-out-soap id="WorkdayOutSoap40" routes-response-to="AsyncMediation260" application="Integrations" version="@{props['ws.version']}"/>
        <cc:send-error id="global-error-handler" rethrow-error="false" routes-to="Note-Error"/>
        <cc:local-out id="Note-Error" endpoint="vm://wcc/PutIntegrationMessage">
            <cc:set name="is.message.severity" value="'CRITICAL'"/>
            <cc:set name="is.message.summary" value="context.errorMessage"/>
        </cc:local-out>
        <cc:async-mediation id="WriteToAuditLog" routes-to="Aggregator" execute-steps-when="props['BatchAuditLog'] == false">
            <cc:steps>
                <cc:eval id="Eval">
                    <cc:expression>props['Actual_Last_Day_of_Leave'] = (props['Leave_Status'] == 'Closed') ? props['Actual_Last_Day_of_Leave'] : empty</cc:expression>
                    <cc:expression>//props['Actual_Last_Day_of_Leave'] = (props['Is.Actual.Last.Day'] == ' ') ? empty : props['Actual_Last_Day_of_Leave']</cc:expression>
                </cc:eval>
                <cc:write id="Write">
                    <cc:message>
                        <cc:text>&lt;Row>&#xD;
        &lt;Employee_ID>@{props['Employee_ID']}&lt;/Employee_ID>&#xD;
        &lt;Legal_Name>@{props['Legal_Name']}&lt;/Legal_Name>&#xD;
        &lt;First_Day_of_Leave>@{props['First_Day_of_Leave']}&lt;/First_Day_of_Leave>&#xD;
        &lt;Estimated_Last_Day_of_Leave>@{props['Estimated_Last_Day_of_Leave']}&lt;/Estimated_Last_Day_of_Leave>&#xD;
        &lt;LSF_Action>@{props['LSF_Action']}&lt;/LSF_Action>&#xD;
        &lt;LSF_Action_Reason>@{props['LSF_Action_Reason.File']}&lt;/LSF_Action_Reason>&#xD;
        &lt;Actual_Last_Day_of_Leave>@{props['Actual_Last_Day_of_Leave']}&lt;/Actual_Last_Day_of_Leave>&#xD;
        &lt;Reference_ID>@{props['External_Leave_ID']}&lt;/Reference_ID>&#xD;
        &lt;Leave_Status>@{props['Leave_Status']}&lt;/Leave_Status>&#xD;
        &lt;LSF_Change_Indicator>@{props['LSF_Change_Indicator']}&lt;/LSF_Change_Indicator>&#xD;
        &lt;External_Leave_ID>@{props['Reference_ID']}&lt;/External_Leave_ID>&#xD;
        &lt;Message>@{props['AuditMessage']}&lt;/Message>&#xD;
&lt;/Row></cc:text>
                    </cc:message>
                </cc:write>
            </cc:steps>
        </cc:async-mediation>
        <cc:aggregator id="Aggregator" routes-to="StoreAuditLogAsCSV" collate-when="props['BatchAuditLog'] == false" force-batch-on-last-message="false" force-batch-when="props['BatchAuditLog'] == true">
            <cc:size-batch-strategy batch-size="-1"/>
            <cc:xml-message-content-collater>
        <cc:header-text>&lt;root></cc:header-text>
        <cc:footer-text>&lt;/root></cc:footer-text>
      </cc:xml-message-content-collater>
        </cc:aggregator>
        <cc:async-mediation id="StoreAuditLogAsCSV" routes-to="PutIntegrationMessage">
            <cc:steps>
                <cc:xslt-plus id="XsltPlus" url="RemoveDuplicates.xsl"/>
                <cc:xml-to-csv id="XmlToCsv" writeHeaderLine="true"/>
                <cc:store id="Store" output="variable" output-variable="AuditLog" expiresIn="P180D" title="INT0178-AuditLog.csv"/>
            </cc:steps>
        </cc:async-mediation>
        <cc:local-out id="PutIntegrationMessage" endpoint="vm://wcc/PutIntegrationMessage"><cc:set name="is.message.severity" value="'INFO'"/><cc:set name="is.message.summary" value="'Audit Log attached'"/><cc:set name="is.document.variable.name" value="'AuditLog'"/><cc:set name="is.message.storage.enabled" value="false"/></cc:local-out>
        <cc:async-mediation id="AsyncMediation" routes-to="Route2" handle-downstream-errors="true">
            <cc:steps>
                <cc:eval id="Eval">
                    <cc:expression>props['AuditMessage'] = 'Cancelled leave does not exist in Workday.  Record ignored.'</cc:expression>
                </cc:eval>
            </cc:steps>
            <cc:send-error id="SendError" routes-to="AuditLog2"/>
        </cc:async-mediation>
        <cc:local-out id="AuditLog2" endpoint="vm://INT0178ReedGroupLOAJobDataInbound/AuditLog"/>
        <cc:route id="Route2">
            <cc:mvel-strategy>
                <cc:choose-route expression="props['On_Leave'] == 1 &amp;&amp; props['Leave.Type'] == props['LSF_Action_Reason']" route="RescindLeave"/>
                <cc:choose-route expression="true" route="RescindRTW"/>
            </cc:mvel-strategy>
            <cc:sub-route name="RescindLeave" routes-to="CallRescindLeaveRequestCancel"/>
            <cc:sub-route name="RescindRTW" routes-to="CallRescindReturnToWorkCancel"/>
        </cc:route>
        <cc:async-mediation id="AsyncMediation3">
            <cc:steps>
                <cc:eval id="Eval">
                    <cc:expression>props['AuditMessage'] = 'Cancelled existing leave'</cc:expression>
                </cc:eval>
            </cc:steps>
        </cc:async-mediation>
        <cc:local-out id="AuditLog3" endpoint="vm://INT0178ReedGroupLOAJobDataInbound/AuditLog"/>
        <cc:local-out id="CallRescindReturnToWorkCancel" routes-response-to="CallRescindLeaveRequestCancel" endpoint="vm://INT0178ReedGroupLOAJobDataInbound/RescindReturnToWork"/>
        <cc:local-out id="CallRescindLeaveRequestCancel" routes-response-to="AsyncMediation3" endpoint="vm://INT0178ReedGroupLOAJobDataInbound/RescindLeaveRequest"/>
        <cc:async-mediation id="SetPropsConvertDates" routes-to="ConvertLeaveEndDate0" handle-downstream-errors="true">
            <cc:steps>
                <cc:copy id="Copy" output="variable" output-variable="SplitRecord"/>
                <cc:eval id="Eval0">
                    <cc:expression>props['Employee_ID'] = empty</cc:expression>
                    <cc:expression>props['Legal_Name'] = empty</cc:expression>
                    <cc:expression>props['First_Day_of_Leave'] = empty</cc:expression>
                    <cc:expression>props['Estimated_Last_Day_of_Leave'] = empty</cc:expression>
                    <cc:expression>props['LSF_Action'] = empty</cc:expression>
                    <cc:expression>props['LSF_Action_Reason'] = empty</cc:expression>
                    <cc:expression>props['Actual_Last_Day_of_Leave'] = empty</cc:expression>
                    <cc:expression>props['External_Leave_ID'] = empty</cc:expression>
                    <cc:expression>props['Leave_Status'] = empty</cc:expression>
                    <cc:expression>props['LSF_Change_Indicator'] = empty</cc:expression>
                    <cc:expression>props['Reference_ID'] = empty</cc:expression>
                    <cc:expression>props['LSFActionReasonMapResult'] = empty</cc:expression>
                    <cc:expression>props['IsError'] = false</cc:expression>
                </cc:eval>
                <cc:eval id="Eval">
                    <cc:expression>props['Employee_ID'] = parts[0].xpath('row/Employee_ID')</cc:expression>
                    <cc:expression>props['Legal_Name'] = parts[0].xpath('row/Full_Legal_Name')</cc:expression>
                    <cc:expression>props['First_Day_of_Leave'] = parts[0].xpath('row/First_Day_Of_Leave')</cc:expression>
                    <cc:expression>props['Estimated_Last_Day_of_Leave'] = parts[0].xpath('row/Estimated_Last_Day_Of_Leave')</cc:expression>
                    <cc:expression>props['LSF_Action'] = parts[0].xpath('row/LSF_Action')</cc:expression>
                    <cc:expression>//props['LSF_Action_Reason'] = (parts[0].xpath('row/LSF_Action_Reason') == 'USA Short Term Disability - 100 Paid') ? 'USA Short Term Disability - 100% Paid' : parts[0].xpath('row/LSF_Action_Reason') </cc:expression>
                    <cc:expression>if (parts[0].xpath('row/LSF_Action_Reason') == 'USA Short Term Disability - 100 Paid') {props['LSF_Action_Reason'] = 'USA Short Term Disability - 100% Paid'} &#xD;
else if ( parts[0].xpath('row/LSF_Action_Reason') == 'USA Short Term Disability - 70 Paid') {props['LSF_Action_Reason'] = 'USA Short Term Disability - 70% Paid'}&#xD;
else if ( parts[0].xpath('row/LSF_Action_Reason') == 'USA Other - Unpaid (AWOL)') {props['LSF_Action_Reason'] = 'USA Other - Unpaid'}&#xD;
else { props['LSF_Action_Reason'] = parts[0].xpath('row/LSF_Action_Reason') }</cc:expression>
                    <cc:expression>props['Actual_Last_Day_of_Leave'] = parts[0].xpath('row/Actual_Last_Day_Of_Leave')</cc:expression>
                    <cc:expression>props['Is.Actual.Last.Day'] = parts[0].xpath('row/Actual_Last_Day_Of_Leave')</cc:expression>
                    <cc:expression>props['External_Leave_ID'] = parts[0].xpath('row/External_Leave_ID')</cc:expression>
                    <cc:expression>props['Leave_Status'] = parts[0].xpath('row/Leave_Status')</cc:expression>
                    <cc:expression>props['Actual_Last_Day_of_Leave'] = (props['Leave_Status'] == 'Closed') ? props['Actual_Last_Day_of_Leave'] : empty</cc:expression>
                    <cc:expression>props['LSF_Change_Indicator'] = parts[0].xpath('row/LSF_Change_Indicator_Reference_ID')</cc:expression>
                    <cc:expression>props['Reference_ID'] = parts[0].xpath('row/Reference_ID')</cc:expression>
                    <cc:expression>props['RowCount'] = props['RowCount'] + 1</cc:expression>
                    <cc:expression>props['LSFActionReasonMapResult'] = intsys.integrationMapLookup('LSF Action Reason Map', props['LSF_Action_Reason'])</cc:expression>
                    <cc:expression>props['LSF_Action_Reason.File'] = parts[0].xpath('row/LSF_Action_Reason')</cc:expression>
                </cc:eval>
                <cc:eval id="Eval1">
                    <cc:expression>props['p.input.date1'] = props['Estimated_Last_Day_of_Leave']</cc:expression>
                    <cc:expression>props['p.parsed.date1'] = props['date.formatter.entry'].parse(props['p.input.date1']) </cc:expression>
                    <cc:expression>props['Estimated_Last_Day_of_Leave'] = props['date.formatter.exit'].format(props['p.parsed.date1'])</cc:expression>
                    <cc:expression>props['p.input.date2'] = props['First_Day_of_Leave']</cc:expression>
                    <cc:expression>props['p.parsed.date2'] = props['date.formatter.entry'].parse(props['p.input.date2']) </cc:expression>
                    <cc:expression>props['First_Day_of_Leave'] = props['date.formatter.exit'].format(props['p.parsed.date2'])</cc:expression>
                    <cc:expression>//props['Estimated_Last_Day_of_Leave'] = (parts[0].xpath('row/LSF_Action') == 'LOA' ) ? ' ' : props['Estimated_Last_Day_of_Leave']</cc:expression>
                </cc:eval>
            </cc:steps>
            <cc:send-error id="SendError" routes-to="AsyncMediation5"/>
        </cc:async-mediation>
        <cc:async-mediation id="ValidateInputRecord" routes-to="CallGetWorkerData" handle-downstream-errors="true">
            <cc:steps>
                <cc:eval id="Eval0">
                    <cc:expression>props['begin.date'] = props['First_Day_of_Leave']</cc:expression>
                    <cc:expression>props['days.to.add'] = -1</cc:expression>
                    <cc:expression>props['old.date'] = props['date.formatter.exit'].parse(props['begin.date'])</cc:expression>
                    <cc:expression>props['calendar'].setTime(props['old.date'])</cc:expression>
                    <cc:expression>props['calendar'].add(java.util.Calendar.DAY_OF_MONTH, props['days.to.add'])</cc:expression>
                    <cc:expression>props['First_Day_of_Leave-1'] = props['date.formatter.exit'].format(props['calendar'].getTime())</cc:expression>
                </cc:eval>
                <cc:validate-exp id="ValidateInputRecord">
                    <cc:expression failure-message="Record number: @{props['RowCount']} is missing Employee ID">props['Employee_ID'] != null</cc:expression>
                    <cc:expression failure-message="Record number: @{props['RowCount']} is missing First Day of Leave">props['First_Day_of_Leave'] != null</cc:expression>
                    <cc:expression failure-message="Record number: @{props['RowCount']} is missing Estimated Last Day of Leave">props['Estimated_Last_Day_of_Leave'] != null</cc:expression>
                    <cc:expression failure-message="Record number: @{props['RowCount']} is missing LSF Action Reason">props['LSF_Action_Reason'] != null</cc:expression>
                    <cc:expression failure-message="Record number: @{props['RowCount']} is missing Leave Status">props['Leave_Status'] != null</cc:expression>
                    <cc:expression failure-message="Record number: @{props['RowCount']} is missing LSF Change Indicator">props['LSF_Change_Indicator'] != null</cc:expression>
                    <cc:expression failure-message="Record number: @{props['RowCount']} is missing Reference ID">props['Reference_ID'] != null</cc:expression>
                    <cc:expression failure-message="Record number: @{props['RowCount']} is missing an in scope Workday Leave Type">props['LSFActionReasonMapResult'] != null</cc:expression>
                </cc:validate-exp></cc:steps>
            <cc:send-error id="SendError" routes-to="AsyncMediation5"/>
        </cc:async-mediation>
        <cc:async-mediation id="AsyncMediation27" routes-to="CallAuditLogIgnored">
            <cc:steps>
                <cc:eval id="Eval">
                    <cc:expression>props['AuditMessage'] = 'Record ignored'</cc:expression>
                </cc:eval>
            </cc:steps>
        </cc:async-mediation>
        <cc:local-out id="CallAuditLogIgnored" endpoint="vm://INT0178ReedGroupLOAJobDataInbound/AuditLog"/>
        <cc:local-out id="ErrorWithInputFile" endpoint="vm://wcc/PutIntegrationMessage"><cc:set name="is.message.severity" value="'ERROR'"/><cc:set name="is.message.summary" value="context.errorMessage"/><cc:set name="is.message.storage.enabled" value="false"/></cc:local-out>
        <cc:async-mediation id="AsyncMediation1" routes-to="GetInputFiles">
            <cc:steps>
                <cc:validate-exp id="ValidateInputFile">
                    <cc:expression failure-message="Document retrieval failed">da.size() > 0</cc:expression>
                </cc:validate-exp>
            </cc:steps>
            <cc:send-error id="SendError" routes-to="DocRetreivalFailure"/>
        </cc:async-mediation>
        <cc:local-out id="DocRetreivalFailure" endpoint="vm://wcc/PutIntegrationMessage">
            <cc:set name="is.message.severity" value="'CRITICAL'"/>
            <cc:set name="is.message.summary" value="'No file present on server, please contact vendor and feedhub team to have file placed: '+context.errorMessage"/>
            <cc:set name="is.message.storage.enabled" value="false"/>
        </cc:local-out>
        <cc:async-mediation id="ConvertLeaveEndDate" execute-steps-when="props['Actual_Last_Day_of_Leave'] != empty" handle-downstream-errors="false">
            <cc:steps>
                <cc:eval id="Eval">
                    <cc:expression>props['p.input.date3'] = props['Actual_Last_Day_of_Leave']</cc:expression>
                    <cc:expression>props['p.parsed.date3'] = props['date.formatter.entry'].parse(props['p.input.date3']) </cc:expression>
                    <cc:expression>props['Actual_Last_Day_of_Leave'] = props['date.formatter.exit'].format(props['p.parsed.date3'])</cc:expression>
                </cc:eval>
                <cc:eval id="Eval1">
                    <cc:expression>props['p.input.date1'] = props['Estimated_Last_Day_of_Leave']</cc:expression>
                    <cc:expression>props['p.parsed.date1'] = props['date.formatter.entry'].parse(props['p.input.date1']) </cc:expression>
                    <cc:expression>props['Estimated_Last_Day_of_Leave'] = props['date.formatter.exit'].format(props['p.parsed.date1'])</cc:expression>
                    <cc:expression>props['p.input.date2'] = props['First_Day_of_Leave']</cc:expression>
                    <cc:expression>props['p.parsed.date2'] = props['date.formatter.entry'].parse(props['p.input.date2']) </cc:expression>
                    <cc:expression>props['First_Day_of_Leave'] = props['date.formatter.exit'].format(props['p.parsed.date2'])</cc:expression>
                </cc:eval>
            </cc:steps>
        </cc:async-mediation>
        <cc:async-mediation id="ConvertLeaveEndDate0" routes-to="ValidateInputRecord" execute-steps-when="props['Actual_Last_Day_of_Leave'] != empty" handle-downstream-errors="false">
            <cc:steps>
                <cc:eval id="Eval">
                    <cc:expression>props['p.input.date3'] = props['Actual_Last_Day_of_Leave']</cc:expression>
                    <cc:expression>props['p.parsed.date3'] = props['date.formatter.entry'].parse(props['p.input.date3']) </cc:expression>
                    <cc:expression>props['Actual_Last_Day_of_Leave'] = props['date.formatter.exit'].format(props['p.parsed.date3'])</cc:expression>
                </cc:eval>
            </cc:steps>
        </cc:async-mediation>
        <cc:async-mediation id="AsyncMediation2" routes-to="WorkdayOutSoap0" execute-steps-when="props['ValidationMode'] == true" handle-downstream-errors="true">
            <cc:steps>
                <cc:set-headers id="SetHeaders"><cc:remove-headers/><cc:add-headers>
    <cc:add-header name="X-Validate-Only" value="1"/>
</cc:add-headers></cc:set-headers>
            </cc:steps>
            <cc:send-error id="SendError" routes-to="AsyncMediation7"/>
        </cc:async-mediation>
        <cc:async-mediation id="AsyncMediation28" routes-to="WorkdayOutSoap1" execute-steps-when="props['ValidationMode'] == true" handle-downstream-errors="true">
            <cc:steps>
                <cc:set-headers id="SetHeaders">
                    <cc:remove-headers/>
                    <cc:add-headers>
                        <cc:add-header name="X-Validate-Only" value="1"/>
                    </cc:add-headers>
                </cc:set-headers>
            </cc:steps>
            <cc:send-error id="SendError" routes-to="AsyncMediation10"/>
        </cc:async-mediation>
        <cc:async-mediation id="AsyncMediation29" routes-to="WorkdayOutSoap2" execute-steps-when="props['ValidationMode'] == true" handle-downstream-errors="true">
            <cc:steps>
                <cc:set-headers id="SetHeaders">
                    <cc:remove-headers/>
                    <cc:add-headers>
                        <cc:add-header name="X-Validate-Only" value="1"/>
                    </cc:add-headers>
                </cc:set-headers>
            </cc:steps>
            <cc:send-error id="SendError" routes-to="AsyncMediation19"/>
        </cc:async-mediation>
        <cc:async-mediation id="AsyncMediation210" routes-to="WorkdayOutSoap3" execute-steps-when="props['ValidationMode'] == true" handle-downstream-errors="true">
            <cc:steps>
                <cc:set-headers id="SetHeaders">
                    <cc:remove-headers/>
                    <cc:add-headers>
                        <cc:add-header name="X-Validate-Only" value="1"/>
                    </cc:add-headers>
                </cc:set-headers>
            </cc:steps>
            <cc:send-error id="SendError" routes-to="AsyncMediation22"/>
        </cc:async-mediation>
        <cc:async-mediation id="AsyncMediation211" routes-to="WorkdayOutSoap40" execute-steps-when="props['ValidationMode'] == true" handle-downstream-errors="true">
            <cc:steps>
                <cc:set-headers id="SetHeaders">
                    <cc:remove-headers/>
                    <cc:add-headers>
                        <cc:add-header name="X-Validate-Only" value="1"/>
                    </cc:add-headers>
                </cc:set-headers>
            </cc:steps>
            <cc:send-error id="SendError" routes-to="AsyncMediation250"/>
        </cc:async-mediation>
        <cc:async-mediation id="AsyncMediation212" routes-to="WorkdayOutSoap4" execute-steps-when="props['ValidationMode'] == true" handle-downstream-errors="true">
            <cc:steps>
                <cc:set-headers id="SetHeaders">
                    <cc:remove-headers/>
                    <cc:add-headers>
                        <cc:add-header name="X-Validate-Only" value="1"/>
                    </cc:add-headers>
                </cc:set-headers>
            </cc:steps>
            <cc:send-error id="SendError" routes-to="AsyncMediation25"/>
        </cc:async-mediation>
        <cc:local-in id="DART-Fix" routes-to="ConvertLeaveEndDate" tooltip="This is just to supress the DART feedback for unused component"/>
        <cc:async-mediation id="AsyncMediation140" routes-to="CallNewLeaveRTW">
            <cc:steps>
                <cc:copy id="Copy" output="message" input="variable" input-variable="WorkerData"/>
                <cc:eval id="Eval">
                    <cc:expression>props['Reference_IDBACKUP'] = props['Reference_ID']</cc:expression>
                    <cc:expression>props['Reference_ID'] = parts[0].xpath('/env:Envelope/env:Body/wd:Get_Workers_Response/wd:Response_Data/wd:Worker/wd:Worker_Data/wd:Employment_Data/wd:Worker_Status_Data/wd:Leave_Status_Data[last()]/wd:Leave_Request_Event_Reference/wd:ID[@wd:type=&quot;Request_Leave_of_Absence_ID&quot;]')</cc:expression>
                    <cc:expression>props['Actual_Last_Day_of_LeaveBACKUP'] = props['Actual_Last_Day_of_Leave']</cc:expression>
                </cc:eval>
                <cc:eval id="Eval00">
                    <cc:expression>props['begin.date'] = props['First_Day_of_Leave']</cc:expression>
                    <cc:expression>props['days.to.add'] = -1</cc:expression>
                    <cc:expression>props['old.date'] = props['date.formatter.exit'].parse(props['begin.date'])</cc:expression>
                    <cc:expression>props['calendar'].setTime(props['old.date'])</cc:expression>
                    <cc:expression>props['calendar'].add(java.util.Calendar.DAY_OF_MONTH, props['days.to.add'])</cc:expression>
                    <cc:expression>props['Actual_Last_Day_of_Leave'] = props['date.formatter.exit'].format(props['calendar'].getTime())</cc:expression>
                </cc:eval>
            </cc:steps>
        </cc:async-mediation>
        <cc:async-mediation id="AsyncMediation130" routes-to="WriteNewLeave" handle-downstream-errors="true">
            <cc:steps>
                <cc:validate-exp id="ValidateWorkerIsNotOnLeave">
                    <cc:expression failure-message="Worker is on Leave">props['On_Leave'] != 1</cc:expression>
                </cc:validate-exp>
            </cc:steps>
            <cc:send-error id="SendError" routes-to="AsyncMediationLeaveType"/>
        </cc:async-mediation>
        <cc:async-mediation id="AsyncMediation0" routes-to="Route3">
            <cc:steps>
                <cc:copy id="Copy" input="variable" input-variable="SplitRecord"/>
                <cc:eval id="Eval">
                    <cc:expression>props['Reference_ID'] = props['Reference_IDBACKUP']</cc:expression>
                    <cc:expression>props['Actual_Last_Day_of_Leave'] = props['Actual_Last_Day_of_LeaveBACKUP']</cc:expression>
                </cc:eval>
            </cc:steps>
        </cc:async-mediation>
        <cc:async-mediation id="AsyncMediation6" routes-to="AsyncMediation9">
            <cc:steps>
                <cc:eval id="Eval0">
                    <cc:expression>props['begin.date'] = props['Actual_Last_Day_of_Leave']</cc:expression>
                    <cc:expression>props['days.to.add'] = 1</cc:expression>
                    <cc:expression>props['old.date'] = props['date.formatter.exit'].parse(props['begin.date'])</cc:expression>
                    <cc:expression>props['calendar'].setTime(props['old.date'])</cc:expression>
                    <cc:expression>props['calendar'].add(java.util.Calendar.DAY_OF_MONTH, props['days.to.add'])</cc:expression>
                    <cc:expression>props['Actual_Last_Day_of_Leave+1'] = props['date.formatter.exit'].format(props['calendar'].getTime())</cc:expression>
                </cc:eval>
            </cc:steps>
        </cc:async-mediation>
        <cc:async-mediation id="AsyncMediation12" routes-to="AsyncMediation9">
            <cc:steps>
                <cc:eval id="Eval0">
                    <cc:expression>props['begin.date'] = props['First_Day_of_Leave']</cc:expression>
                    <cc:expression>props['days.to.add'] = 0</cc:expression>
                    <cc:expression>props['old.date'] = props['date.formatter.exit'].parse(props['begin.date'])</cc:expression>
                    <cc:expression>props['calendar'].setTime(props['old.date'])</cc:expression>
                    <cc:expression>props['calendar'].add(java.util.Calendar.DAY_OF_MONTH, props['days.to.add'])</cc:expression><cc:expression>props['Actual_Last_Day_of_Leave+1'] = props['date.formatter.exit'].format(props['calendar'].getTime())</cc:expression>
                </cc:eval>
            </cc:steps>
        </cc:async-mediation>
        <cc:local-in id="NewLeaveRTW" routes-to="AsyncMediation12"/>
        <cc:local-out id="CallNewLeaveRTW" routes-response-to="AsyncMediation0" endpoint="vm://INT0178ReedGroupLOAJobDataInbound/NewLeaveRTW"/>
        <cc:async-mediation id="AsyncMediation30" routes-to="Route">
            <cc:steps>
                <cc:validate-exp id="ValidateExp">
                    <cc:expression failure-message="Record was not processed because the employee is Terminated">props['ActiveStatus'] == 1</cc:expression>
                </cc:validate-exp>
            </cc:steps>
            <cc:send-error id="SendError" routes-to="AsyncMediation31"/>
        </cc:async-mediation>
        <cc:async-mediation id="AsyncMediation31" routes-to="CallAuditLogTerms">
            <cc:steps>
                <cc:eval id="Eval">
                    <cc:expression>props['AuditMessage'] = 'Record was not processed because employee is Terminated'</cc:expression>
                </cc:eval>
            </cc:steps>
        </cc:async-mediation>
        <cc:local-out id="CallAuditLogTerms" endpoint="vm://INT0178ReedGroupLOAJobDataInbound/AuditLog"/>
        <cc:route id="Route3">
            <cc:mvel-strategy>
                <cc:choose-route expression="props['IsError'] == false" route="NoErrors"/>
                <cc:choose-route expression="true" route="Errors"/>
            </cc:mvel-strategy>
            <cc:sub-route name="NoErrors" routes-to="WriteNewLeave"/>
            <cc:sub-route name="Errors" routes-to="DoNothing"/>
        </cc:route>
        <cc:async-mediation id="DoNothing">
            <cc:steps/>
        </cc:async-mediation>
        <cc:async-mediation id="AsyncMediation32" routes-to="InputFileToXML" handle-downstream-errors="true">
            <cc:steps>
                <cc:eval id="Eval">
                    <cc:expression>props['date.formatter.entry'] = new java.text.SimpleDateFormat(&quot;yyyyMMdd&quot;)</cc:expression>
                    <cc:expression>props['date.formatter.exit'] = new java.text.SimpleDateFormat(&quot;yyyy-MM-dd&quot;)</cc:expression>
                    <cc:expression>props['calendar'] = java.util.Calendar.getInstance()</cc:expression>
                </cc:eval>
                <cc:copy id="Copy" input="variable" input-variable="wd.retrieve.variable"/>
                <cc:csv-to-xml id="CsvToXml" colNames="Employee_ID,Full_Legal_Name,First_Day_Of_Leave,Estimated_Last_Day_Of_Leave,LSF_Action,LSF_Action_Reason,Actual_Last_Day_Of_Leave,External_Leave_ID,Leave_Status,LSF_Change_Indicator,Reference_ID" format="rfc4180"/></cc:steps>
            <cc:send-error id="SendError" routes-to="ErrorWithInputFile"/>
        </cc:async-mediation>
        <cc:local-out id="NoRecords" endpoint="vm://wcc/PutIntegrationMessage"><cc:set name="is.message.severity" value="'ERROR'"/><cc:set name="is.message.summary" value="'The inbound file is blank. No data to be processed by the integration: ' +context.errorMessage"/></cc:local-out>
        <cc:async-mediation id="AsyncMediationLeaveType" routes-to="WriteNewLeave" handle-downstream-errors="true">
            <cc:steps>
                <cc:validate-exp id="ValidateIsLeaveTypeSame">
                    <cc:expression failure-message="Worker Leave Types are same">props['Leave.Type'] != props['LSF_Action_Reason']</cc:expression>
                </cc:validate-exp>
            </cc:steps>
            <cc:send-error id="SendError" routes-to="AsyncMediation140"/>
        </cc:async-mediation>
	</cc:assembly>

</beans>