<?xml version="1.0" encoding="UTF-8"?>
<beans
     xmlns="http://www.springframework.org/schema/beans"
     xmlns:beans="http://www.springframework.org/schema/beans"
     xmlns:atom="http://www.w3.org/2005/Atom"
     xmlns:cc="http://www.capeclear.com/assembly/10"
     xmlns:cloud="urn:com.workday/esb/cloud/10.0"
     xmlns:env="http://schemas.xmlsoap.org/soap/envelope/"
     xmlns:pi="urn:com.workday/picof"
     xmlns:que="http://www.workday.com/wd-queue/17"
     xmlns:wd="urn:com.workday/bsvc"
     xmlns:xsi="http://www.w3.org/2001/XMLSchema-instance">
 
	<cc:assembly id="WorkdayAssembly" version="2018.6">
        <cc:local-in id="processExpenseReports" routes-to="CreatePDFReport" access="public"/>
        <cc:local-out id="AddFileToZip" store-message="none" endpoint="vm://INT_Studio_HCM_Attachment_Extraction_Utility_Outbound/addToZip"><cc:set name="attachment.filename" value="props['object.ZippedFileName']"/><cc:set name="report.attachment.filename" value="props['expense.report.attachment.filename']"/></cc:local-out>
        <cc:local-out id="ReportWorkerDocError" endpoint="vm://wcc/PutIntegrationMessage">
            <cc:set name="is.message.severity" value="'INFO'"/>
            <cc:set name="is.message.summary" value="'Worker ' + props['worker.current.emplid'] + ' ' + props['worker.current.name'] + 'has encounterd an unexpected error occurred while processing the worker\'s documents:' + context.errorMessage"/>
        </cc:local-out>
        <cc:async-mediation id="FOP-Invoice-Mediation" routes-to="AddFileToZip">
            <cc:steps>
                <cc:eval id="GetSetAttribs"><cc:expression>props['prop.curr.exp.rpt.nbr'] = props['object.Key']</cc:expression><cc:expression>props['prop.curr.exp.companyID'] = parts[0].xpath(&quot;/wd:Report_Entry/wd:Company_Reference/wd:ID[@wd:type='WID']&quot;)</cc:expression></cc:eval>
                <cc:xslt id="Xslt" url="expensereport_nov_10_2011.xsl"/>
                <cc:fop id="to-pdf" author="Workday" base-url="./fop" configuration-xml="./fop/fop_fonts_config.xml" creation-date="05/20/08 2:00 PM" creator="FOP Mediation Step" font-base-url="./fop/fonts" keywords="Workday Expense Report" producer="Workday" title="Expense Report"/>
                <cc:eval id="Eval">
                    <cc:expression>props['expense.report.attachment.filename'] = 'EXPRPT_'#props['object.Key'] # '.pdf' </cc:expression>
                    <cc:expression>props['curr.batch.complete'] = false</cc:expression>
                    <cc:expression>props['curr.collate.complete']  = true</cc:expression>
                </cc:eval>
                <cc:log id="Log">
                    <cc:log-message>
                        <cc:text>Creating pDF: @{props['expense.report.attachment.filename']}</cc:text>
                        <cc:message-content/>
                    </cc:log-message>
                </cc:log>
            </cc:steps>
            <cc:send-error id="SendError" routes-to="ReportWorkerDocError"/>
        </cc:async-mediation>
        <cc:local-in id="createExpenseReportPDF" routes-to="FOP-Invoice-Mediation"/>
        <cc:local-out id="CreatePDFReport" store-message="none" endpoint="vm://INT_Studio_Expense_Report_Extraction_Outbound/createExpenseReportPDF" clone-request="true"/>
	</cc:assembly>

</beans>