<?xml version="1.0" encoding="UTF-8"?>
<wdnm:Diagram xmlns:wdnm="http://workday.com/studio/editors/notation">
  <element href="assembly.xml#WorkdayAssembly"/>
  <visualProperties x="-28" y="-1240">
    <element href="assembly.xml#processExpenseReports"/>
  </visualProperties>
  <visualProperties x="714" y="-585">
    <element href="assembly.xml#ReportWorkerDocError"/>
  </visualProperties>
  <visualProperties x="1132" y="-673">
    <element href="assembly.xml#AddFileToZip"/>
  </visualProperties>
  <visualProperties x="342" y="-658">
    <element href="assembly.xml#FOP-Invoice-Mediation"/>
  </visualProperties>
  <visualProperties x="30" y="-651">
    <element href="assembly.xml#createExpenseReportPDF"/>
  </visualProperties>
  <visualProperties x="773" y="-1306">
    <element href="assembly.xml#CreatePDFReport"/>
  </visualProperties>
  <connections type="routesTo" sourceAnchorX="1.0" sourceAnchorY="0.8918918918918919" targetAnchorX="0.026455026455026454" targetAnchorY="0.3958333333333333">
    <source href="assembly.xml#createExpenseReportPDF"/>
    <target href="assembly.xml#FOP-Invoice-Mediation"/>
  </connections>
  <connections type="routesTo" sourceAnchorX="1.0" sourceAnchorY="0.2916666666666667" targetAnchorX="0.17266187050359713" targetAnchorY="0.4594594594594595">
    <source href="assembly.xml#FOP-Invoice-Mediation"/>
    <target href="assembly.xml#AddFileToZip"/>
  </connections>
  <connections type="routesTo" sourceAnchorX="0.827906976744186" sourceAnchorY="1.0" targetAnchorX="0.33014354066985646" targetAnchorY="0.7027027027027027">
    <source href="assembly.xml#//@beans/@mixed.1/@mixed.7/@mixed.3"/>
    <target href="assembly.xml#ReportWorkerDocError"/>
  </connections>
  <connections type="routesTo" sourceAnchorX="0.9020618556701031" sourceAnchorY="1.0" targetAnchorX="0.2967741935483871" targetAnchorY="0.35135135135135137">
    <source href="assembly.xml#processExpenseReports"/>
    <target href="assembly.xml#CreatePDFReport"/>
  </connections>
  <swimlanes x="60" y="-1955" name="Swimlane">
    <elements href="assembly.xml#processExpenseReports"/>
    <elements href="assembly.xml#CreatePDFReport"/>
  </swimlanes>
  <swimlanes x="60" y="-1755" name="Generate Expense Report PDF">
    <elements href="assembly.xml#createExpenseReportPDF"/>
    <elements href="assembly.xml#FOP-Invoice-Mediation"/>
    <elements href="assembly.xml#AddFileToZip"/>
    <elements href="assembly.xml#ReportWorkerDocError"/>
  </swimlanes>
  <swimlanes x="26" y="-1865" font="Arial|18|0" fontColor="1" name="Expense Report Attachments" orientation="VERTICAL" elements="//@swimlanes.0 //@swimlanes.1" topBorderColor="37887" labelAlignment="LEFT"/>
</wdnm:Diagram>
