<?xml version="1.0" encoding="UTF-8"?>
<beans
     xmlns="http://www.springframework.org/schema/beans"
     xmlns:beans="http://www.springframework.org/schema/beans"
     xmlns:atom="http://www.w3.org/2005/Atom"
     xmlns:cc="http://www.capeclear.com/assembly/10"
     xmlns:cloud="urn:com.workday/esb/cloud/10.0"
     xmlns:env="http://schemas.xmlsoap.org/soap/envelope/"
     xmlns:pi="urn:com.workday/picof"
     xmlns:wd="urn:com.workday/bsvc"
     xmlns:xsi="http://www.w3.org/2001/XMLSchema-instance">
 
	<cc:assembly id="WorkdayAssembly" version="2023.15">
        <cc:local-out id="CallRetrieveFile" store-message="none" routes-response-to="CallGetWorkers" endpoint="vm://INT5395_Newport_Exec_Deferred_Salary_Plan_Payments_Studio_Inbound/RetrieveFile"/>
        <cc:local-out id="CallGetFile" store-message="none" routes-response-to="CallRetrieveFile" endpoint="vm://INT5395_Newport_Exec_Deferred_Salary_Plan_Payments_Studio_Inbound/GetFile"/>
        <cc:local-out id="CallInit" store-message="none" routes-response-to="CallGetFile" endpoint="vm://INT5395_Newport_Exec_Deferred_Salary_Plan_Payments_Studio_Inbound/Init"/>
        <cc:local-out id="IntegrationStarted" routes-response-to="CallInit" endpoint="vm://wcc/PutIntegrationMessage" ignore-dynamic-endpoints="true">
            <cc:set name="is.message.severity" value="'INFO'"/>
            <cc:set name="is.message.summary" value="'Integration processing has started'"/>
        </cc:local-out>
        <cc:workday-in id="StartHere" routes-to="IntegrationStarted">
            <cc:integration-system name="INT5395 Newport Exec Deferred Salary Plan Payments Studio Inbound">
        <cloud:param name="Validation Mode">
          <cloud:type>
            <cloud:simple-type>boolean</cloud:simple-type>
          </cloud:type>
          <cloud:default>
            <cloud:boolean>true</cloud:boolean>
          </cloud:default>
        </cloud:param>
        <cloud:attribute-map-service name="INT5395_AttributesandMaps">
          <cloud:attribute name="Document Retention Policy">
            <cloud:type>
              <cloud:enumeration-type name="INT5395DocRetPolicy">
                <cloud:enumeration>15</cloud:enumeration>
                <cloud:enumeration>30</cloud:enumeration>
                <cloud:enumeration>45</cloud:enumeration>
                <cloud:enumeration>60</cloud:enumeration>
                <cloud:enumeration>90</cloud:enumeration>
                <cloud:enumeration>120</cloud:enumeration>
                <cloud:enumeration>180</cloud:enumeration>
              </cloud:enumeration-type>
            </cloud:type>
            <cloud:display-option>required-for-launch</cloud:display-option>
          </cloud:attribute>
          <cloud:attribute name="Web Service Version">
            <cloud:type>
              <cloud:class-report-field description="Web Service API Version" type="WID" singular="false">0a45e155f9f440d5b4d404808d0bbcbe</cloud:class-report-field>
            </cloud:type>
            <cloud:display-option>required-for-launch</cloud:display-option>
          </cloud:attribute>
          <cloud:attribute name="Offcycle Payment Reason">
            <cloud:type>
              <cloud:class-report-field description="Payroll Action Reason" type="WID" singular="true">28b08fe55b2049178dfda7bce4232f27</cloud:class-report-field>
            </cloud:type>
            <cloud:display-option>required-for-launch</cloud:display-option>
          </cloud:attribute>
          <cloud:attribute name="Medicare Tax Deduction Code">
            <cloud:type>
              <cloud:class-report-field description="Deductions" type="WID" singular="false">d4a4b0e3f2334f999cd72662aa6f1b65</cloud:class-report-field>
            </cloud:type>
            <cloud:display-option>required-for-launch</cloud:display-option>
          </cloud:attribute>
          <cloud:attribute name="Payment Comment">
            <cloud:type>
              <cloud:simple-type>text</cloud:simple-type>
            </cloud:type>
            <cloud:display-option>required-for-launch</cloud:display-option>
          </cloud:attribute>
          <cloud:attribute name="Social Security Tax Deduction Code">
            <cloud:type>
              <cloud:class-report-field description="Deductions" type="WID" singular="false">d4a4b0e3f2334f999cd72662aa6f1b65</cloud:class-report-field>
            </cloud:type>
            <cloud:display-option>required-for-launch</cloud:display-option>
          </cloud:attribute>
          <cloud:attribute name="Additional Medicare Deduction Code">
            <cloud:type>
              <cloud:class-report-field description="Deductions" type="WID" singular="false">d4a4b0e3f2334f999cd72662aa6f1b65</cloud:class-report-field>
            </cloud:type>
            <cloud:display-option>required-for-launch</cloud:display-option>
          </cloud:attribute>
          <cloud:attribute name="Earning Code">
            <cloud:type>
              <cloud:class-report-field description="Earnings" type="WID" singular="false">d828c451edf048319a4c106677f7e404</cloud:class-report-field>
            </cloud:type>
            <cloud:display-option>required-for-launch</cloud:display-option>
          </cloud:attribute>
          <cloud:attribute name="Summed Taxes Earning Code">
            <cloud:type>
              <cloud:class-report-field description="Earnings" type="WID" singular="false">d828c451edf048319a4c106677f7e404</cloud:class-report-field>
            </cloud:type>
            <cloud:display-option>required-for-launch</cloud:display-option>
          </cloud:attribute>
          <cloud:attribute name="Run Category">
            <cloud:type>
              <cloud:class-report-field description="Run Category" type="WID" singular="true">59a4ef31411d41c48ca70a3c30c7bcaf</cloud:class-report-field>
            </cloud:type>
            <cloud:display-option>required-for-launch</cloud:display-option>
          </cloud:attribute>
          <cloud:attribute name="Batch Size">
            <cloud:type>
              <cloud:simple-type>number</cloud:simple-type>
            </cloud:type>
            <cloud:display-option>required-for-launch</cloud:display-option>
          </cloud:attribute>
          <cloud:attribute name="Batch ID">
            <cloud:type>
              <cloud:simple-type>text</cloud:simple-type>
            </cloud:type>
            <cloud:display-option>required-for-launch</cloud:display-option>
          </cloud:attribute>
          <cloud:attribute name="Payment Priority Base Value">
            <cloud:type>
              <cloud:simple-type>number</cloud:simple-type>
            </cloud:type>
            <cloud:display-option>required-for-launch</cloud:display-option>
          </cloud:attribute>
          <cloud:attribute name="Process Non-Active Offset for Summed Taxes Earning Code Entry">
            <cloud:type>
              <cloud:simple-type>boolean</cloud:simple-type>
            </cloud:type>
            <cloud:display-option>required-for-launch</cloud:display-option>
          </cloud:attribute>
          <cloud:attribute name="Offcycle Bank Account">
            <cloud:type>
              <cloud:class-report-field description="Bank Account" type="WID" singular="true">96d8feca8530455ab63c1e50abf3b33a</cloud:class-report-field>
            </cloud:type>
            <cloud:display-option>required-for-launch</cloud:display-option>
          </cloud:attribute>
        </cloud:attribute-map-service>
        <cloud:service-reference name="INT5395 Field Override Service"/>
      </cc:integration-system>
        </cc:workday-in>
        <cc:local-out id="PIM-ValidationMode" execute-when="props['lp.validation.mode']  == true" endpoint="vm://wcc/PutIntegrationMessage">
            <cc:set name="is.message.severity" value="'INFO'"/>
            <cc:set name="is.message.summary" value="'Validation Mode enabled for this integration event. Records in Workday will not be updated.'"/>
        </cc:local-out>
        <cc:async-mediation id="Attributes" routes-to="PIM-ValidationMode">
            <cc:steps>
                <cc:eval id="Get-LP">
                    <cc:expression>props['lp.validation.mode'] = lp.getSimpleData('Validation Mode')</cc:expression>
                    <cc:expression>props['lp.current.run.datetime'] = java.time.LocalDateTime.now().toString() //lp.getSimpleData(&quot;As Of Entry DateTime&quot;)</cc:expression>
                    <cc:expression>props['lp.current.run.date'] =  props['lp.current.run.datetime'].substring(0,10)</cc:expression>
                </cc:eval>
                <cc:eval id="Attributes">
                    <cc:expression>props['ia.document.retention.policy'] = intsys.getAttribute('Document Retention Policy')</cc:expression>
                    <cc:expression>props['ws.version'] = intsys.getAttribute('Web Service Version');</cc:expression>
                    <cc:expression>props['payrollactionreasonID'] = intsys.getAttributeReferenceData('Offcycle Payment Reason', 'Action_Reason_ID')</cc:expression>
                    <cc:expression>props['medicaretaxdedcode'] = intsys.getAttributeReferenceData('Medicare Tax Deduction Code', 'Workday_Deduction_Code')</cc:expression>
                    <cc:expression>props['sstaxdedcode'] = intsys.getAttributeReferenceData('Social Security Tax Deduction Code', 'Workday_Deduction_Code')</cc:expression>
                    <cc:expression>props['addmeddedcode'] = intsys.getAttributeReferenceData('Additional Medicare Deduction Code', 'Workday_Deduction_Code')</cc:expression>
                    <cc:expression>props['earningcode'] = intsys.getAttributeReferenceData('Earning Code', 'Earning_Code')</cc:expression>
                    <cc:expression>props['T1Tearningcode'] = intsys.getAttributeReferenceData('Summed Taxes Earning Code', 'Earning_Code')</cc:expression>
                    <cc:expression>props['Runcategory'] = intsys.getAttributeReferenceData('Run Category', 'Run_Category_ID')</cc:expression>
                    <cc:expression>props['validation.mode.enabled'] = ( props['lp.validation.mode'] == '1' || props['lp.validation.mode'] == true ) ? true : false</cc:expression>
                    <cc:expression>props['aggregate_log']=false</cc:expression>
                    <cc:expression>props['current.date'] = new java.text.SimpleDateFormat(&quot;yyyy-MM-dd&quot;).format(new java.util.Date());</cc:expression>
                    <cc:expression>props['ia.paymentcomment'] = intsys.getAttribute('Payment Comment');</cc:expression>
                    <cc:expression>props['p.Batch.ID'] = intsys.getAttribute('Batch ID')</cc:expression>
                    <cc:expression>props['p.Batch.Size'] = intsys.getAttribute('Batch Size')</cc:expression>
                    <cc:expression>props['p.integration.id'] = intsys.getName()</cc:expression>
                    <cc:expression>props['p.payment.priority.base.value'] = intsys.getAttribute('Payment Priority Base Value')</cc:expression>
                    <cc:expression>props['p.SumTaxestoEarning'] = intsys.getAttribute('Process Non-Active Offset for Summed Taxes Earning Code Entry')</cc:expression>
                    <cc:expression>props['Bankaccount'] = intsys.getAttributeReferenceData('Offcycle Bank Account', 'Bank_Account_ID')</cc:expression>
                </cc:eval>
                <cc:eval id="Init">
                    <cc:expression>props['p.collate'] = false</cc:expression>
                    <cc:expression>props['p.batch'] = false</cc:expression>
                    <cc:expression>props['p.critical'] = false</cc:expression>
                    <cc:expression>props['p.Batch.ID'] = props['p.Batch.ID'].toString() + java.time.LocalDateTime.now().toString()</cc:expression>
                    <cc:expression>props['p.importbatch.store'] = false</cc:expression>
                    <cc:expression>props['p.importbatch.collate'] = true</cc:expression>
                    <cc:expression>props['p.error.collate'] = true</cc:expression>
                    <cc:expression>props['p.error.store'] = false</cc:expression>
                    <cc:expression>props['p.Errors.Exist'] = false</cc:expression>
                    <cc:expression>props['IsEmpty'] = false</cc:expression>
                </cc:eval>
                <cc:log execute-when="props['lp.validation.mode'] == true" id="Log">
                    <cc:log-message>
                        <cc:line-separator/>
                        <cc:text>--InitLog starts--&#xD;
props['p.SumTaxestoEarning'] = @{props['p.SumTaxestoEarning']}&#xD;
--InitLog Ends--</cc:text>
                        <cc:line-separator/>
                    </cc:log-message>
                </cc:log>
            </cc:steps>
            <cc:send-error id="SendError" routes-to="PutIntegrationMessage00"/>
        </cc:async-mediation>
        <cc:local-in id="Init" routes-to="Attributes"/>
        <cc:local-out id="PIMMultiplefiles" routes-response-to="StopProcess00" endpoint="vm://wcc/PutIntegrationMessage">
            <cc:set name="is.message.severity" value="'CRITICAL'"/>
            
        <cc:set name="is.message.summary" value="context.errorMessage"/></cc:local-out>
        <cc:async-mediation id="CheckFileEmpty" handle-downstream-errors="true">
            <cc:steps>
                <cc:copy id="Copy" input="variable" input-variable="wd.retrieve.variable"/>
                <cc:validate-exp id="ValidateExp">
                    <cc:expression failure-message="More than one input file found. Aborting Integration.">da.size() &lt; 2</cc:expression>
                </cc:validate-exp>
            </cc:steps>
            <cc:send-error id="SendError" rethrow-error="true" routes-to="PIMMultiplefiles"/>
        </cc:async-mediation>
        <cc:route id="Route0">
            <cc:doc-iterator variable-name="wd.retrieve.variable"/>
            <cc:sub-route name="SubRoute" routes-to="CheckFileEmpty"/>
        </cc:route>
        <cc:local-in id="GetFile" routes-to="Route0"/>
        <cc:async-mediation id="ConvertFiletoXML" handle-downstream-errors="true">
            <cc:steps>
                <cc:eval id="Eval">
                    <cc:expression>props['p.error.log'] = new java.lang.StringBuffer();</cc:expression>
                    <cc:expression>props['p.success.log'] = new java.lang.StringBuffer();</cc:expression>
                    <cc:expression>props['success'] = ''</cc:expression>
                    <cc:expression>props['error'] = ''</cc:expression>
                </cc:eval>
                <cc:copy id="Copy" input="variable" input-variable="wd.retrieve.variable"/>
                <cc:csv-to-xml id="CsvToXml" output="variable" output-mimetype="text/xml" output-variable="v.Input.Text.File.XML" separator="|" useFirstLineAsHeader="true"/>
                <cc:log execute-when="props['lp.validation.mode'] == true" id="Log0">
                    <cc:log-message>
                        <cc:text>--after copy of input file. File/Message content removed for DART purpose---</cc:text>
                        <cc:line-separator/>
                        <cc:text>Endofmessage</cc:text>
                        <cc:line-separator/>
                    </cc:log-message>
                </cc:log>
                <cc:store execute-when="props['lp.validation.mode'] == true" id="Store" output="variable" output-variable="vStore" input="variable" input-variable="v.Input.Text.File.XML" expiresIn="P@{props['ia.document.retention.policy']}D" title="Inputfile.xml"/>
            </cc:steps>
            <cc:send-error id="SendError" routes-to="PutIntegrationMessage1"/>
        </cc:async-mediation>
        <cc:local-in id="RetrieveFile" routes-to="AsyncMediation" use-global-error-handlers="true"/>
        <cc:local-in id="GetWorkers" routes-to="BuildWorkersReq"/>
        <cc:local-out id="CallGetWorkers" store-message="none" routes-response-to="Call_Aggregator" endpoint="vm://INT5395_Newport_Exec_Deferred_Salary_Plan_Payments_Studio_Inbound/GetWorkers"/>
        <cc:async-mediation id="BuildWorkersReq" routes-to="PagedGet">
            <cc:steps>
                <cc:xslt-plus id="XsltPlus" input="variable" input-variable="v.Input.Text.File.XML" url="BuildGetWorkers.xsl"/>
            </cc:steps>
            <cc:send-error id="CatchPagedGetError" routes-to="PIMPagedGetError"/>
        </cc:async-mediation>
        <cc:local-out id="PagedGet" routes-response-to="ConvertToSimpleXML" endpoint="vm://wcc/PagedGet"><cc:set name="is.paged.get.request.current.page.xpath" value="'/env:Envelope/env:Body/*/wd:Response_Filter/wd:Page'"/><cc:set name="is.paged.get.response.current.page.xpath" value="'/env:Envelope/env:Body/*/wd:Response_Results/wd:Page'"/><cc:set name="is.paged.get.response.total.pages.xpath" value="'/env:Envelope/env:Body/*/wd:Response_Results/wd:Total_Pages'"/><cc:set name="is.paged.get.response.total.results.xpath" value="'/env:Envelope/env:Body/*/wd:Response_Results/wd:Total_Results'"/><cc:set name="is.paged.get.application" value="'Human_Resources'"/><cc:set name="is.paged.get.version" value="props['ws.version']"/><cc:set name="is.paged.get.page.zero" value="false"/><cc:set name="is.paged.get.store.requests" value="true"/><cc:set name="is.paged.get.aggregate.xpath" value="'/env:Envelope/env:Body/wd:Get_Workers_Response/wd:Response_Data/wd:Worker'"/><cc:set name="is.paged.get.aggregate.header" value="'&lt;Workers>'"/><cc:set name="is.paged.get.aggregate.footer" value="'&lt;/Workers>'"/><cc:set name="is.paged.get.parallel" value="false"/></cc:local-out>
        <cc:local-out id="PIMPagedGetError" routes-response-to="StopProcess" endpoint="vm://wcc/PutIntegrationMessage"><cc:set name="is.message.severity" value="'ERROR'"/><cc:set name="is.message.summary" value="'No Valid Workers In The File Hence Aborting The Integration' "/><cc:set name="is.message.detail" value="context.errorMessage"/></cc:local-out>
        <cc:async-mediation id="ConvertToSimpleXML" continue-after-error="rewind" handle-downstream-errors="false">
            <cc:steps>
                <cc:log execute-when="props['lp.validation.mode'] == true" id="Log">
                    <cc:log-message>
                        <cc:line-separator/>
                        <cc:text>-Pagedgetresponse start--</cc:text>
                        <cc:line-separator/>
                        <cc:line-separator/>
                    </cc:log-message>
                </cc:log>
                <cc:eval id="Eval">
                    <cc:expression>props['IsEmpty']= parts[0].xpath('Workers/wd:Worker/wd:Worker_Reference').isEmpty()</cc:expression>
                </cc:eval>
                <cc:validate-exp id="ValidateExp">
                    <cc:expression failure-message=" Get Worker Response Did Not Have Employees">props['IsEmpty'] == false</cc:expression>
                </cc:validate-exp>
                <cc:xslt-plus id="XsltPlus" output="variable" output-variable="v.getWorker.simpleResp" input="message" url="WorkersResponse.xsl"/>
                <cc:store execute-when="props['lp.validation.mode'] == true" id="Store" output="variable" output-variable="vStore" input="variable" input-variable="v.getWorker.simpleResp" expiresIn="P@{props['ia.document.retention.policy']}D" title="WorkerResponsesimple.xml"/>
            </cc:steps>
            <cc:send-error id="SendError" routes-to="PutIntegrationMessage"/>
        </cc:async-mediation>
        <cc:local-out id="PutIntegrationMessage" routes-response-to="StopProcess" endpoint="vm://wcc/PutIntegrationMessage"><cc:set name="is.message.severity" value="'ERROR'"/><cc:set name="is.message.summary" value="'Error Occurred While Converting Worker Response Into Simple XML'"/><cc:set name="is.message.detail" value="context.errorMessage"/></cc:local-out>
        <cc:async-mediation id="StopProcess">
            <cc:steps>
                <cc:eval id="Stop">
                    <cc:expression>context.setAbort(true)</cc:expression>
                </cc:eval>
            </cc:steps>
        </cc:async-mediation>
        <cc:async-mediation id="AsyncMediation4">
            <cc:steps>
                <cc:copy id="Copy" output="variable" output-variable="v.agg.data"/>
                <cc:store execute-when="props['lp.validation.mode'] == true" id="Store" output="variable" output-variable="vStore" input="variable" input-variable="v.agg.data" expiresIn="P@{props['ia.document.retention.policy']}D" title="AggregatedData.xml"/>
            </cc:steps>
        </cc:async-mediation>
        <cc:aggregator id="Aggregator0" routes-to="AsyncMediation4" collate-when="props['p.collate']" force-batch-when="props['p.batch']">
            <cc:size-batch-strategy batch-size="-1"/>
            <cc:xml-message-content-collater>
        <cc:header-text>&lt;AggregatedData></cc:header-text>
        <cc:footer-text>&lt;/AggregatedData></cc:footer-text>
      </cc:xml-message-content-collater>
        </cc:aggregator>
        <cc:local-in id="StopAggData" routes-to="Aggregator0">
            <cc:parameter name="p.collate" type="boolean"/>
            <cc:parameter name="p.batch" type="boolean"/>
        </cc:local-in>
        <cc:async-mediation id="CopyInputFileData" routes-to="Aggregator0">
            <cc:steps>
                <cc:copy id="Copy" input="variable" input-variable="v.Input.Text.File.XML"/>
            </cc:steps>
        </cc:async-mediation>
        <cc:async-mediation id="CopyWorkerData" routes-to="Aggregator0">
            <cc:steps>
                <cc:copy id="Copy" input="variable" input-variable="v.getWorker.simpleResp"/>
            </cc:steps>
        </cc:async-mediation>
        <cc:route id="Route1">
            <cc:all-strategy/>
            <cc:sub-route name="GetWorkersData" routes-to="CopyWorkerData"/>
            <cc:sub-route name="InputFileData" routes-to="CopyInputFileData"/>
        </cc:route>
        <cc:local-out id="PutIntegrationMessage010" endpoint="vm://wcc/PutIntegrationMessage">
            <cc:set name="is.message.severity" value="'ERROR'"/>
            <cc:set name="is.message.summary" value="'Error While Calling Route ' + context.errorMessage"/>
        </cc:local-out>
        <cc:async-mediation id="RouteErrorHandler" routes-to="Route1" handle-downstream-errors="true">
            <cc:steps>
                <cc:log execute-when="props['lp.validation.mode'] == true" id="Log">
                    <cc:log-message>
                        <cc:text>****************Downstream errors Log***********</cc:text>
                    </cc:log-message>
                </cc:log>
            </cc:steps>
            <cc:send-error id="SendError" routes-to="PutIntegrationMessage010"/>
        </cc:async-mediation>
        <cc:local-in id="AggData" routes-to="RouteErrorHandler">
            <cc:parameter name="p.collate" type="boolean"/>
            <cc:parameter name="p.batch" type="boolean"/>
        </cc:local-in>
        <cc:local-out id="Call_Aggregator" store-message="none" routes-response-to="CallStopAgg" endpoint="vm://INT5395_Newport_Exec_Deferred_Salary_Plan_Payments_Studio_Inbound/AggData">
            <cc:set name="p.collate" value="true"/>
            <cc:set name="p.batch" value="false"/>
        </cc:local-out>
        <cc:local-out id="CallStopAgg" store-message="none" routes-response-to="Call-submitPayrollWWS" endpoint="vm://INT5395_Newport_Exec_Deferred_Salary_Plan_Payments_Studio_Inbound/StopAggData">
            <cc:set name="p.collate" value="false"/>
            <cc:set name="p.batch" value="true"/>
        </cc:local-out>
        <cc:local-out id="Call-submitPayrollWWS" store-message="none" routes-response-to="CallStoreBatchFile" endpoint="vm://INT5395_Newport_Exec_Deferred_Salary_Plan_Payments_Studio_Inbound/submitPayrollWWS"/>
        <cc:local-out id="Call-PIM-Error-Import0" store-message="none" endpoint="vm://INT5395_Newport_Exec_Deferred_Salary_Plan_Payments_Studio_Inbound/Log-PIM-Error"/>
        <cc:async-mediation id="Log-Error0" routes-to="Call-Log-Error0" execute-steps-when="props['p.Errors.Exist']" handle-downstream-errors="true">
            <cc:steps>
                <cc:write id="Write" input="variable" input-variable="ImportPayrollReq">
                    <cc:message>
                        <cc:text>&lt;Root></cc:text>
                        <cc:xpath xpath="/FINAL_XML/Error"/>
                        <cc:text>&lt;/Root></cc:text>
                    </cc:message>
                </cc:write>
                <cc:copy id="Copy" output="variable" output-variable="error_xml"/>
            </cc:steps>
            <cc:send-error id="SendError" routes-to="Call-PIM-Error-Import0"/>
        </cc:async-mediation>
        <cc:async-mediation id="Get-Errors-Exist0" routes-to="Log-Error0" handle-downstream-errors="true">
            <cc:steps>
                <cc:eval id="Eval">
                    <cc:expression>props['xslt.error'] = props['xsltstep.messages']</cc:expression>
                    <cc:expression>props['xsl.error.len'] = props['xslt.error'].toString().length()</cc:expression>
                    <cc:expression>props['p.Errors.Exist'] = vars['ImportPayrollReq'].xpathB('/FINAL_XML/Error')</cc:expression>
                </cc:eval>
            </cc:steps>
        </cc:async-mediation>
        <cc:local-out id="Call-processActives" store-message="none" execute-when="props['IsActivesEmpty'] == false" endpoint="vm://INT5395_Newport_Exec_Deferred_Salary_Plan_Payments_Studio_Inbound/processActives"/>
        <cc:async-mediation id="AsyncMediation5" routes-to="Call-processInActives">
            <cc:steps>
                <cc:write id="Write" input="variable" input-variable="ImportPayrollReq">
                    <cc:message>
                        <cc:text>&lt;FINAL_XML>&#xD;
</cc:text>
                        <cc:xpath xpath="/FINAL_XML/Payroll_Off-cycle_Payment_Data"/>
                        <cc:text>&lt;/FINAL_XML></cc:text>
                    </cc:message>
                </cc:write>
                <cc:eval id="Eval">
                    <cc:expression>props['IsInActivesEmpty']= parts[0].xpath('/FINAL_XML/Payroll_Off-cycle_Payment_Data').isEmpty()</cc:expression>
                </cc:eval>
            </cc:steps>
        </cc:async-mediation>
        <cc:async-mediation id="AsyncMediation40" routes-to="Call-processActives">
            <cc:steps>
                <cc:write id="Write" output="variable" output-variable="ImportPayrollReqAct" input="variable" input-variable="ImportPayrollReq">
                    <cc:message>
                        <cc:text>&lt;FINAL_XML></cc:text>
                        <cc:xpath xpath="/FINAL_XML/Payroll_Input_Data"/>
                        <cc:text>&lt;/FINAL_XML></cc:text>
                    </cc:message>
                </cc:write>
                <cc:eval id="Eval">
                    <cc:expression>props['IsActivesEmpty']= parts[0].xpath('/FINAL_XML/Payroll_Input_Data').isEmpty()</cc:expression>
                </cc:eval>
            </cc:steps>
        </cc:async-mediation>
        <cc:route id="Process-Success-and-Errors0">
            <cc:all-strategy/>
            <cc:sub-route name="Call-Actives" routes-to="AsyncMediation40"/>
            <cc:sub-route name="Call-Inactives" routes-to="AsyncMediation5"/>
            <cc:sub-route name="Call-Log-Error" routes-to="Get-Errors-Exist0"/>
        </cc:route>
        <cc:local-out id="PutIntegrationMessage003" endpoint="vm://wcc/PutIntegrationMessage">
            <cc:set name="is.message.severity" value="'ERROR'"/>
            <cc:set name="is.message.summary" value="'Error at:' # context.errorComponentId # '. Error Msg:' # context.errorMessage"/>
        </cc:local-out>
        <cc:async-mediation id="Build-Import-PI0" routes-to="Process-Success-and-Errors0" handle-downstream-errors="true">
            <cc:steps>
                <cc:xslt-plus id="SegActiveInactive" output="variable" output-variable="ImportPayrollReq" input="variable" input-variable="v.agg.data" url="BuildPayrollInputand PayrollOffcyclePaymentImportReq.xsl"/>
                <cc:eval id="Eval">
                    <cc:expression>props['batchNumber'] = 0</cc:expression>
                </cc:eval>
                <cc:copy id="Copy" input="variable" input-variable="ImportPayrollReq"/>
                <cc:log execute-when="props['lp.validation.mode'] == true" id="Log">
                    <cc:log-message>
                        <cc:line-separator/><cc:text>---AfterBuildReq start--</cc:text>
                        
                        
                        
                        <cc:line-separator/>
                        <cc:line-separator/><cc:text>---AfterBuildReq end--</cc:text><cc:line-separator/>
                    </cc:log-message>
                </cc:log>
            </cc:steps>
            <cc:send-error id="SendError" rethrow-error="true" routes-to="PutIntegrationMessage003"/>
        </cc:async-mediation>
        <cc:local-in id="submitPayrollWWS" routes-to="Build-Import-PI0"/>
        <cc:local-out id="Call-triggerWebService0" store-message="none" endpoint="vm://INT5395_Newport_Exec_Deferred_Salary_Plan_Payments_Studio_Inbound/triggerWebService"/>
        <cc:local-out id="Call-PIM-Error-Import10" store-message="none" endpoint="vm://INT5395_Newport_Exec_Deferred_Salary_Plan_Payments_Studio_Inbound/Log-PIM-Error"/>
        <cc:async-mediation id="AsyncMediation60" routes-to="Call-triggerWebService0" handle-downstream-errors="true">
            <cc:steps>
                <cc:copy id="Copy" output="variable" output-variable="ImportPayrollRequestCurrent"/>
                <cc:eval id="Eval">
                    <cc:expression>props['batchNumber'] = props['batchNumber'] + 1</cc:expression>
                </cc:eval>
                <cc:xslt id="Xslt" url="ImportPayrollInput.xsl"/>
                <cc:log execute-when="props['lp.validation.mode'] == true" id="Log">
                    <cc:log-message>
                        <cc:line-separator/>
                        <cc:text>--Import Payroll Input Request by Batch start--</cc:text>
                        
                        <cc:line-separator/>
                        <cc:line-separator/><cc:text>--Import Payroll Input Request by Batch End--</cc:text>
                        <cc:line-separator/>
                    </cc:log-message>
                </cc:log>
            </cc:steps>
            <cc:send-error id="SendError" routes-to="Call-PIM-Error-Import10"/>
        </cc:async-mediation>
        <cc:splitter id="Splitter-PI0">
            <cc:sub-route name="SubRoute" routes-to="AsyncMediation60"/>
            <cc:xml-stream-splitter namespaces="wd urn:com.workday/bsvc" xpath="/Root/ImportSet"/>
        </cc:splitter>
        <cc:async-mediation id="AsyncMediation10">
            <cc:steps>
                <cc:log id="Log">
                    <cc:log-message>
                        <cc:text>No records for Import Payroll Input</cc:text>
                    </cc:log-message>
                </cc:log>
            </cc:steps>
        </cc:async-mediation>
        <cc:async-mediation id="OnCycleChk" routes-to="Splitter-PI0">
            <cc:steps>
                <cc:eval id="Eval">
                    <cc:expression>props['IsOnCycleEmpty']= parts[0].xpath('/Root/ImportSet').isEmpty()</cc:expression>
                </cc:eval>
                <cc:validate-exp id="ValidateExp">
                    <cc:expression failure-message="No Valid Records for Payroll Input Import">props['IsOnCycleEmpty'] == false</cc:expression>
                </cc:validate-exp>
            </cc:steps>
            <cc:send-error id="SendError" routes-to="AsyncMediation10"/>
        </cc:async-mediation>
        <cc:async-mediation id="OnCycleSplit" routes-to="OnCycleChk">
            <cc:steps>
                <cc:xslt-plus id="buildOnCyclereq" input="variable" input-variable="ImportPayrollReqAct" url="BuildImportPayrollInpurReq.xsl"/>
                <cc:xslt-plus id="SplitOnCycleBatch" output="variable" output-variable="ImportPayrollSplitByBatch" input="message" url="SplitPayrollInputBatch.xsl"/>
                <cc:copy id="Copy" input="variable" input-variable="ImportPayrollSplitByBatch"/>
            </cc:steps>
            <cc:send-error id="SendError" routes-to="Call-PIM-Error-Import101"/>
        </cc:async-mediation>
        <cc:local-in id="processActives" routes-to="OnCycleSplit"/>
        <cc:local-out id="PutIntegrationMessage0" endpoint="vm://wcc/PutIntegrationMessage">
            <cc:set name="is.message.severity" value="'INFO'"/>
            <cc:set name="is.message.summary" value="'Batch import response details stored successfully'"/>
            <cc:set name="is.document.variable.name" value="'import.batch'"/>
            <cc:set name="is.document.file.name" value="'ImportBatch.xml'"/>
            <cc:set name="is.document.labels" value="'import_batch_details'"/>
        </cc:local-out>
        <cc:async-mediation id="StoreAggRespFile" routes-to="PutIntegrationMessage0">
            <cc:steps>
                <cc:log execute-when="props['lp.validation.mode'] == true" id="Log">
                    <cc:log-message>
                        <cc:line-separator/>
                        <cc:text>--Agg Resp Data with Ded log start--</cc:text>
                        <cc:line-separator/>
                        <cc:line-separator/>
                        <cc:text>--Agg Resp Data with Ded log End--</cc:text>
                        <cc:line-separator/>
                    </cc:log-message>
                </cc:log>
                <cc:store id="Store" output="variable" output-variable="import.batch" createDocumentReference="false" expiresIn="P@{props['ia.document.retention.policy']}D" title="ImportBatch.xml"/>
            </cc:steps>
        </cc:async-mediation>
        <cc:aggregator id="ImportBatchAgg" routes-to="StoreAggRespFile" collate-when="props['p.importbatch.collate']" force-batch-on-last-message="false" force-batch-when="props['p.importbatch.store']">
            <cc:size-batch-strategy batch-size="-1"/>
            <cc:xml-message-content-collater>
        <cc:header-text>&lt;Batch></cc:header-text>
        <cc:footer-text>&lt;/Batch></cc:footer-text>
      </cc:xml-message-content-collater>
        </cc:aggregator>
        <cc:local-in id="CloseBatchAgg" routes-to="ImportBatchAgg"/>
        <cc:local-out id="PutIntegrationMessage004" endpoint="vm://wcc/PutIntegrationMessage">
            <cc:set name="is.message.severity" value="'ERROR'"/>
            <cc:set name="is.message.summary" value="'Error at:' # context.errorComponentId # '. Error Msg:' # context.errorMessage"/>
        </cc:local-out>
        <cc:async-mediation id="Store-Resp-WID" routes-to="ImportBatchAgg" handle-downstream-errors="true">
            <cc:steps>
                <cc:log execute-when="props['lp.validation.mode'] == true" id="Log">
                    <cc:log-message>
                        <cc:line-separator/>
                        <cc:text>--WD response after webservice request start--</cc:text>
                        <cc:line-separator/>
                        <cc:line-separator/>
                        <cc:text>--WD response after webservice request start--</cc:text>
                        <cc:line-separator/>
                    </cc:log-message>
                </cc:log>
                <cc:eval id="Get-Resp-WID">
                    <cc:expression>props['p.Import.WID'] = parts[0].xpath('env:Envelope/env:Body/wd:Put_Import_Process_Response/wd:Import_Process_Reference/wd:ID')</cc:expression>
                </cc:eval>
                <cc:xslt id="Xslt" input="variable" input-variable="ImportPayrollRequestCurrent" url="StoreReqResWID.xsl"/>
            </cc:steps>
            <cc:send-error id="SendError" routes-to="PutIntegrationMessage004"/>
        </cc:async-mediation>
        <cc:async-mediation id="Validation-OFF" routes-to="Store-Resp-WID">
            <cc:steps>
                <cc:set-headers id="RemoveHeaders">
                    <cc:remove-headers>
                        <cc:remove-header name="X-Validate-Only"/>
                    </cc:remove-headers>
                    <cc:add-headers/>
                </cc:set-headers>
            </cc:steps>
        </cc:async-mediation>
        <cc:workday-out-soap id="Import-Payroll-Inputs" routes-response-to="Validation-OFF" application="Payroll" version="@{props['ws.version']}"/>
        <cc:async-mediation id="Validation-ON" routes-to="Import-Payroll-Inputs" execute-steps-when="props['lp.validation.mode']" handle-downstream-errors="true">
            <cc:steps>
                <cc:set-headers id="SetHeaders">
                    <cc:remove-headers/>
                    <cc:add-headers>
                        <cc:add-header name="X-Validate-Only" value="1"/>
                    </cc:add-headers>
                </cc:set-headers>
                <cc:log execute-when="props['lp.validation.mode'] == true" id="Log1">
                    <cc:log-message>
                        <cc:line-separator/>
                        <cc:text>--***WD PAYROLL IMPOT REQ START***--</cc:text>
                        <cc:line-separator/>
                        <cc:line-separator/>
                        <cc:text>--***WD PAYROLL IMPOT REQ END***--</cc:text>
                        <cc:line-separator/>
                    </cc:log-message>
                </cc:log>
            </cc:steps>
        </cc:async-mediation>
        <cc:local-in id="triggerWebService" routes-to="Validation-ON"/>
        <cc:local-out id="Put-Process-Error" endpoint="vm://wcc/PutIntegrationMessage">
            <cc:set name="is.message.severity" value="'ERROR'"/>
            <cc:set name="is.message.summary" value="'Error occurred while processing'"/>
            <cc:set name="is.message.detail" value="'Error occurred at: '#context.errorComponentId#'. Error Message: '#util.cleanString(context.errorMessage)"/>
        </cc:local-out>
        <cc:local-in id="Log-PIM-Error" routes-to="Put-Process-Error"/>
        <cc:local-out id="CallCloseErrorAgg" store-message="none" execute-when="props['p.Errors.Exist']" endpoint="vm://INT5395_Newport_Exec_Deferred_Salary_Plan_Payments_Studio_Inbound/Close-Error-Agg">
            <cc:set name="p.error.collate" value="false"/>
            <cc:set name="p.error.store" value="true"/>
        </cc:local-out>
        <cc:local-out id="CallStoreBatchFile" store-message="none" execute-when="props['IsEmpty'] == false" routes-response-to="CallCloseErrorAgg" endpoint="vm://INT5395_Newport_Exec_Deferred_Salary_Plan_Payments_Studio_Inbound/CloseBatchAgg">
            <cc:set name="p.importbatch.collate" value="false"/>
            <cc:set name="p.importbatch.store" value="true"/>
        </cc:local-out>
        <cc:local-out id="Call-triggerWebService00" store-message="none" endpoint="vm://INT5395_Newport_Exec_Deferred_Salary_Plan_Payments_Studio_Inbound/triggerWebService"/>
        <cc:local-out id="Call-PIM-Error-Import100" store-message="none" endpoint="vm://INT5395_Newport_Exec_Deferred_Salary_Plan_Payments_Studio_Inbound/Log-PIM-Error"/>
        <cc:async-mediation id="AsyncMediation600" routes-to="Call-triggerWebService00" handle-downstream-errors="true">
            <cc:steps>
                <cc:copy id="Copy" output="variable" output-variable="ImportPayrollRequestCurrent"/>
                <cc:eval id="Eval">
                    <cc:expression>props['batchNumber'] = props['batchNumber'] + 1</cc:expression>
                </cc:eval>
                <cc:xslt id="Xslt" url="ImportPayrollOffcycleReq.xsl"/>
                <cc:log execute-when="props['lp.validation.mode'] == true" id="Log">
                    <cc:log-message>
                        <cc:line-separator/>
                        <cc:text>--Import Payroll offcycle payment Request by Batch start--</cc:text>
                        <cc:line-separator/>
                        <cc:line-separator/>
                        <cc:text>--Import Payroll offcycle payment Request by Batch End--</cc:text>
                        <cc:line-separator/>
                    </cc:log-message>
                </cc:log>
            </cc:steps>
            <cc:send-error id="SendError" routes-to="Call-PIM-Error-Import100"/>
        </cc:async-mediation>
        <cc:splitter id="Splitter-PI00">
            <cc:sub-route name="SubRoute" routes-to="AsyncMediation600"/>
            <cc:xml-stream-splitter namespaces="wd urn:com.workday/bsvc" xpath="/Root/ImportSet"/>
        </cc:splitter>
        <cc:async-mediation id="AsyncMediation100">
            <cc:steps>
                <cc:log id="Log">
                    <cc:log-message>
                        <cc:text>No records for Import Offcycle Input</cc:text>
                    </cc:log-message>
                </cc:log>
            </cc:steps>
        </cc:async-mediation>
        <cc:async-mediation id="OffCycleChk0" routes-to="Splitter-PI00">
            <cc:steps>
                <cc:eval id="Eval">
                    <cc:expression>props['IsOffCycleEmpty']= parts[0].xpath('/Root/ImportSet').isEmpty()</cc:expression>
                </cc:eval>
                <cc:validate-exp id="ValidateExp">
                    <cc:expression failure-message="No Valid Records for Payroll Offcycle Import">props['IsOffCycleEmpty'] == false</cc:expression>
                </cc:validate-exp>
            </cc:steps>
            <cc:send-error id="SendError" routes-to="AsyncMediation100"/>
        </cc:async-mediation>
        <cc:async-mediation id="OffCycleSplit0" routes-to="OffCycleChk0">
            <cc:steps>
                <cc:xslt-plus id="buildOffCyclereq" input="variable" input-variable="v.offcycle.agg.data" url="BuildImportPayrollOffcycleReqT1T.xsl"/>
                <cc:xslt-plus id="SplitOffCycleBatch" output="variable" output-variable="ImportPayrolloffcycleSplitByBatch" input="message" url="SplitPayrollOffcycleBatch.xsl"/>
                <cc:copy id="Copy" input="variable" input-variable="ImportPayrolloffcycleSplitByBatch"/>
            </cc:steps>
            <cc:send-error id="SendError" routes-to="Call-PIM-Error-Import1000"/>
        </cc:async-mediation>
        <cc:local-in id="processInActives" routes-to="Call-Addpaymentpriority0"/>
        <cc:local-out id="Call-processInActives" store-message="none" execute-when="props['IsInActivesEmpty'] ==false" endpoint="vm://INT5395_Newport_Exec_Deferred_Salary_Plan_Payments_Studio_Inbound/processInActives"/>
        <cc:local-out id="Put-Cloud-Log-Message" endpoint="vm://wcc/PutIntegrationMessage">
            <cc:set name="is.message.severity" value="'INFO'"/>
            <cc:set name="is.message.summary" value="'Error Log stored successfully. Please check the file Error-Log.xml for more details'"/>
            <cc:set name="is.document.variable.name" value="'error.batch'"/>
            <cc:set name="is.document.file.name" value="'Error-Log.xml'"/>
            <cc:set name="is.document.labels" value="'import_error_details'"/>
        </cc:local-out>
        <cc:async-mediation id="Store-Error-Log" routes-to="Put-Cloud-Log-Message">
            <cc:steps>
                <cc:store id="ErrorLog-Store" output="variable" output-variable="error.batch" createDocumentReference="false" expiresIn="P@{props['ia.document.retention.policy']}D" title="Error-Log.xml"/>
            </cc:steps>
        </cc:async-mediation>
        <cc:aggregator id="Error-Log-Aggregator" routes-to="Store-Error-Log" collate-when="props['p.error.collate']" force-batch-on-last-message="false" force-batch-when="props['p.error.store']">
            <cc:size-batch-strategy batch-size="-1"/>
            <cc:xml-message-content-collater>
        <cc:header-text>&lt;Error_Batch></cc:header-text>
        <cc:footer-text>&lt;/Error_Batch></cc:footer-text>
      </cc:xml-message-content-collater>
        </cc:aggregator>
        <cc:local-in id="Close-Error-Agg" routes-to="Error-Log-Aggregator"/>
        <cc:local-out id="Call-PIM-Error-Logging" store-message="none" endpoint="vm://INT5395_Newport_Exec_Deferred_Salary_Plan_Payments_Studio_Inbound/Log-PIM-Error"/>
        <cc:async-mediation id="Handle-Logging-Errors" routes-to="Error-Log-Aggregator" handle-downstream-errors="true">
            <cc:steps>
                <cc:log id="Log">
                    <cc:log-message>
                        <cc:text>Handle Downstream errors for Error Aggregator</cc:text>
                    </cc:log-message>
                </cc:log>
            </cc:steps>
            <cc:send-error id="SendError" routes-to="Call-PIM-Error-Logging"/>
        </cc:async-mediation>
        <cc:local-in id="StoreErrorLog" routes-to="Handle-Logging-Errors"/>
        <cc:local-out id="Call-Log-Error0" store-message="none" execute-when="props['p.Errors.Exist']" endpoint="vm://INT5395_Newport_Exec_Deferred_Salary_Plan_Payments_Studio_Inbound/StoreErrorLog"/>
        <cc:local-out id="Put-Audit-Process-Error0" endpoint="vm://wcc/PutIntegrationMessage">
            <cc:set name="is.message.severity" value="'ERROR'"/>
            <cc:set name="is.message.summary" value="'Error occurred while processing audit response'"/>
            <cc:set name="is.message.detail" value="'Error occurred at: '#context.errorComponentId#'. Error Message : '#util.cleanString(context.errorMessage)"/>
        </cc:local-out>
        <cc:local-in id="Audit-Log-Error0" routes-to="Put-Audit-Process-Error0"/>
        <cc:local-out id="CallAuditLog00" store-message="none" endpoint="vm://INT5395_Newport_Exec_Deferred_Salary_Plan_Payments_Studio_Inbound/Audit-Log-Error0"/>
        <cc:async-mediation id="Final_Audit_FIle_Generation0">
            <cc:steps>
                <cc:xslt-plus id="XsltPlus" output="message" url="Audit_Summary.xsl"/>
                <cc:xml-to-csv id="XmlToCsv" format="rfc4180" writeHeaderLine="true"/>
                <cc:text-excel id="TextExcel" output-mimetype="application/vnd.openxmlformats-officedocument.spreadsheetml.sheet" style="text2excel"/>
                <cc:store id="Store" output="message" createDocumentReference="true" expiresIn="P@{props['p.Doc.Retention.Period']}D" title="@{props['audit.file.name']}"/>
            </cc:steps>
            <cc:send-error id="SendError" routes-to="CallAuditLog00"/>
        </cc:async-mediation>
        <cc:local-in id="FinalSummary" routes-to="Final_Audit_FIle_Generation0">
            <cc:parameter name="collate" type="boolean"/>
            <cc:parameter name="batch" type="boolean"/>
        </cc:local-in>
        <cc:local-out id="CallFinalSummary" store-message="none" endpoint="vm://INT5395_Newport_Exec_Deferred_Salary_Plan_Payments_Studio_Inbound/FinalSummary">
            <cc:set name="collate" value="false"/>
            <cc:set name="batch" value="true"/>
        </cc:local-out>
        <cc:aggregator id="Aggregator000" routes-to="CallFinalSummary" collate-when="props['p.collate']" force-batch-when="props['p.store']">
            <cc:size-batch-strategy/>
            <cc:xml-message-content-collater>
        <cc:header-text>&lt;AggregatedSummaryData></cc:header-text>
        <cc:footer-text>&lt;/AggregatedSummaryData></cc:footer-text>
      </cc:xml-message-content-collater>
        </cc:aggregator>
        <cc:local-in id="StopSummaryAggData0" routes-to="Aggregator000">
            <cc:parameter name="p.collate" type="boolean"/>
            <cc:parameter name="p.store" type="boolean"/>
        </cc:local-in>
        <cc:async-mediation id="AsyncMediation11">
            <cc:steps>
                <cc:log id="Log">
                    <cc:log-message>
                        <cc:text>No Error Data To Be Logged Into Audit Report</cc:text>
                    </cc:log-message>
                </cc:log>
            </cc:steps>
        </cc:async-mediation>
        <cc:async-mediation id="AsyncMediation7" routes-to="Aggregator000">
            <cc:steps>
                <cc:validate-exp id="ValidateExp">
                    <cc:expression failure-message="No Error data found in the file.">props['ErrorExists']</cc:expression>
                </cc:validate-exp>
                <cc:copy id="Copy" input="variable" input-variable="error.file"/>
            </cc:steps>
            <cc:send-error id="SendError" routes-to="AsyncMediation11"/>
        </cc:async-mediation>
        <cc:async-mediation id="AsyncMediation111">
            <cc:steps>
                <cc:log id="Log">
                    <cc:log-message>
                        <cc:text>No Error Data To Be Logged Into Audit Report</cc:text>
                    </cc:log-message>
                </cc:log>
            </cc:steps>
        </cc:async-mediation>
        <cc:async-mediation id="RouteErrorHandler00" routes-to="Aggregator000" handle-downstream-errors="true">
            <cc:steps>
                <cc:validate-exp id="ValidateExp">
                    <cc:expression failure-message="No valid batch data found in the file.">props['BatchExists']</cc:expression>
                </cc:validate-exp>
                <cc:copy id="Copy0" input="variable" input-variable="batch.processed.xml"/>
            </cc:steps>
            <cc:send-error id="SendError" routes-to="AsyncMediation111"/>
        </cc:async-mediation>
        <cc:route id="Route10">
            <cc:all-strategy/>
            <cc:sub-route name="BatchFIle" routes-to="RouteErrorHandler00"/>
            <cc:sub-route name="ErrorFile" routes-to="AsyncMediation7"/>
        </cc:route>
        <cc:local-in id="AggBatch_Error" routes-to="Route10"/>
        <cc:async-mediation id="Store-Audit-File0" handle-downstream-errors="true">
            <cc:steps>
                <cc:copy id="Copy" output="variable" output-variable="batch.processed.xml"/>
            </cc:steps>
        </cc:async-mediation>
        <cc:aggregator id="Aggregator-Log0" routes-to="Store-Audit-File0" collate-when="props['p.batch.collate']" force-batch-on-last-message="false" force-batch-when="props['p.batch.store']">
            <cc:size-batch-strategy batch-size="-1"/>
            <cc:xml-message-content-collater>
        <cc:header-text>&lt;Aggregated_batch></cc:header-text>
        <cc:footer-text>&lt;/Aggregated_batch></cc:footer-text>
      </cc:xml-message-content-collater>
        </cc:aggregator>
        <cc:local-in id="CloseAuditAgg0" routes-to="Aggregator-Log0">
            <cc:parameter name="p.batch.collate" type="boolean"/>
            <cc:parameter name="p.batch.store" type="boolean"/>
        </cc:local-in>
        <cc:local-out id="PutIntegrationMessage0090" endpoint="vm://wcc/PutIntegrationMessage">
            <cc:set name="is.message.severity" value="'ERROR'"/>
            <cc:set name="is.message.summary" value="'Error Occurred While Creating Mapped Response Or Aggregating Batch FInal Audit Response'"/>
        </cc:local-out>
        <cc:async-mediation id="Transform-Resp0" routes-to="Aggregator-Log0" handle-downstream-errors="true">
            <cc:steps>
                <cc:copy id="Copy" input="variable" input-variable="CurrentBatchDetails" append-to-output-element="true" output-xpath="/MessageDetails"/>
                <cc:xslt id="Xslt" output-mimetype="text/plain" url="MappedResponse.xsl"/>
            </cc:steps>
            <cc:send-error id="SendError" routes-to="PutIntegrationMessage0090"/>
        </cc:async-mediation>
        <cc:local-out id="PutIntegrationMessage00100" endpoint="vm://wcc/PutIntegrationMessage">
            <cc:set name="is.message.severity" value="'ERROR'"/>
            <cc:set name="is.message.summary" value="'Error Occurred While Checking For Errors After Processing WID'"/>
        </cc:local-out>
        <cc:async-mediation id="Check-Err-Exists0" routes-to="Transform-Resp0" handle-downstream-errors="true">
            <cc:steps>
                <cc:eval id="Eval">
                    <cc:expression>if (parts[0].xpathB('/MessageDetails/wd:Import_Process_Message')) {&#xD;
props['p.errors.exist'] = true;&#xD;
}&#xD;
else&#xD;
{props['p.errors.exist'] = false;&#xD;
}</cc:expression>
                </cc:eval>
            </cc:steps>
            <cc:send-error id="SendError" routes-to="PutIntegrationMessage00100"/>
        </cc:async-mediation>
        <cc:local-out id="GetImportProcMsgs0" routes-response-to="Check-Err-Exists0" endpoint="vm://wcc/PagedGet">
            <cc:set name="is.paged.get.request.current.page.xpath" value="'/env:Envelope/env:Body/*/wd:Response_Filter/wd:Page'"/>
            <cc:set name="is.paged.get.response.current.page.xpath" value="'/env:Envelope/env:Body/*/wd:Response_Results/wd:Page'"/>
            <cc:set name="is.paged.get.response.total.pages.xpath" value="'/env:Envelope/env:Body/*/wd:Response_Results/wd:Total_Pages'"/>
            <cc:set name="is.paged.get.response.total.results.xpath" value="'/env:Envelope/env:Body/*/wd:Response_Results/wd:Total_Results'"/>
            <cc:set name="is.paged.get.aggregate.xpath" value="'/env:Envelope/env:Body/wd:Get_Import_Process_Messages_Response/wd:Response_Data/wd:Import_Process_Message'"/>
            <cc:set name="is.paged.get.aggregate.header" value="'&lt;MessageDetails>'"/>
            <cc:set name="is.paged.get.aggregate.footer" value="'&lt;/MessageDetails>'"/>
            <cc:set name="is.paged.get.application" value="'Integrations'"/>
            <cc:set name="is.paged.get.version" value="props['p.WS.Version']"/>
            <cc:set name="is.paged.get.parallel" value="true"/>
        </cc:local-out>
        <cc:local-out id="CallAuditLog1" store-message="none" endpoint="vm://INT5395_Newport_Exec_Deferred_Salary_Plan_Payments_Studio_Inbound/Audit-Log-Error0"/>
        <cc:async-mediation id="Build-Request0" routes-to="GetImportProcMsgs0" handle-downstream-errors="true">
            <cc:steps>
                <cc:copy id="Copy" output="variable" output-variable="CurrentBatchDetails"/>
                <cc:xslt id="Xslt" url="BuildGetImportProcMsgsRequest.xsl"/>
            </cc:steps>
            <cc:send-error id="SendError" routes-to="CallAuditLog1"/>
        </cc:async-mediation>
        <cc:splitter id="SplitByBatch0" no-split-message-error="true">
            <cc:sub-route name="SubRoute" routes-to="Build-Request0"/>
            <cc:xml-stream-splitter xpath="/Batch/PayrollBatchDetails"/>
        </cc:splitter>
        <cc:local-out id="PutIntegrationMessage0080" endpoint="vm://wcc/PutIntegrationMessage">
            <cc:set name="is.message.severity" value="'ERROR'"/>
            <cc:set name="is.message.summary" value="'Error Occurred While Processing Batch'"/>
        </cc:local-out>
        <cc:async-mediation id="CopyBatchData0" routes-to="SplitByBatch0" handle-downstream-errors="true">
            <cc:steps>
                <cc:copy id="Copy0" output="message" input="variable" input-variable="batch.file"/>
            </cc:steps>
            <cc:send-error id="SendError" rethrow-error="true" routes-to="PutIntegrationMessage0080"/>
        </cc:async-mediation>
        <cc:local-in id="ProcessBatchResponse" routes-to="CopyBatchData0"/>
        <cc:local-out id="PutIntegrationMessage0070" endpoint="vm://wcc/PutIntegrationMessage">
            <cc:set name="is.message.severity" value="'ERROR'"/>
            <cc:set name="is.message.summary" value="'No Batch file Found For Processing'"/>
        </cc:local-out>
        <cc:local-out id="CallCloseAuditAgg0" store-message="none" execute-when="props['BatchExists']" endpoint="vm://INT5395_Newport_Exec_Deferred_Salary_Plan_Payments_Studio_Inbound/CloseAuditAgg0">
            <cc:set name="p.batch.collate" value="false"/>
            <cc:set name="p.batch.store" value="true"/>
        </cc:local-out>
        <cc:local-out id="CallProcessBatchResponse" store-message="none" execute-when="props['BatchExists']" routes-response-to="CallCloseAuditAgg0" endpoint="vm://INT5395_Newport_Exec_Deferred_Salary_Plan_Payments_Studio_Inbound/ProcessBatchResponse"/>
        <cc:async-mediation id="AsyncMediation1000">
            <cc:steps>
                <cc:log id="Log">
                    <cc:log-message>
                        <cc:text>Default condition triggered for Get Event documents.</cc:text>
                    </cc:log-message>
                </cc:log>
            </cc:steps>
        </cc:async-mediation>
        <cc:local-out id="PutIntegrationMessage00700" endpoint="vm://wcc/PutIntegrationMessage">
            <cc:set name="is.message.severity" value="'INFO'"/>
            <cc:set name="is.message.summary" value="'No ERROR file Found For Processing'"/>
        </cc:local-out>
        <cc:async-mediation id="AsyncMediation90" handle-downstream-errors="true">
            <cc:steps>
                <cc:copy id="Copy" input="variable" input-variable="wd.retrieve.variable"/>
                <cc:eval id="Eval">
                    <cc:expression>props['ErrorExists'] = parts[0].xpathB('/Error_Batch/Root/Error')</cc:expression>
                </cc:eval>
                <cc:validate-exp id="ValidateExp">
                    <cc:expression failure-message="No Error File found">props['ErrorExists']</cc:expression>
                </cc:validate-exp>
                <cc:copy id="Copy0" output="variable" output-variable="error.file"/>
            </cc:steps>
            <cc:send-error id="SendError" routes-to="PutIntegrationMessage00700"/>
        </cc:async-mediation>
        <cc:async-mediation id="AsyncMediation80" routes-to="CallProcessBatchResponse" handle-downstream-errors="true">
            <cc:steps>
                <cc:copy id="Copy" input="variable" input-variable="wd.retrieve.variable"/>
                <cc:eval id="Eval">
                    <cc:expression>props['BatchExists'] = parts[0].xpathB('/Batch/PayrollBatchDetails/RespWID')</cc:expression>
                </cc:eval>
                <cc:validate-exp id="ValidateExp">
                    <cc:expression failure-message="No valid batch data found in the file.">props['BatchExists']</cc:expression>
                </cc:validate-exp>
                <cc:copy id="Copy0" output="variable" output-variable="batch.file"/>
            </cc:steps>
            <cc:send-error id="SendError" routes-to="PutIntegrationMessage0070"/>
        </cc:async-mediation>
        <cc:route id="Route000">
            <cc:mvel-strategy>
                <cc:choose-route expression="props['FileName'] =='ImportBatch.xml'" route="Batch File"/>
                <cc:choose-route expression="props['FileName'] =='Error-Log.xml'" route="Error File"/>
                <cc:choose-route expression="true" route="Default"/>
            </cc:mvel-strategy>
            <cc:sub-route name="Batch File" routes-to="AsyncMediation80"/>
            <cc:sub-route name="Error File" routes-to="AsyncMediation90"/>
            <cc:sub-route name="Default" routes-to="AsyncMediation1000"/>
        </cc:route>
        <cc:local-out id="PutIntegrationMessage0060" endpoint="vm://wcc/PutIntegrationMessage">
            <cc:set name="is.message.severity" value="'ERROR'"/>
            <cc:set name="is.message.summary" value="'Error Occurred While Routing THrough Documents'"/>
        </cc:local-out>
        <cc:async-mediation id="DocAttributes0" routes-to="Route000" handle-downstream-errors="true">
            <cc:steps>
                <cc:eval id="Eval"><cc:expression>props['FileName'] = vars['wd.retrieve.variable'].fileName</cc:expression></cc:eval>
            </cc:steps>
            <cc:send-error id="SendError" routes-to="PutIntegrationMessage0060"/>
        </cc:async-mediation>
        <cc:route id="Route101">
            <cc:doc-iterator/>
            <cc:sub-route name="Alternate" routes-to="DocAttributes0"/>
        </cc:route>
        <cc:local-out id="GetEventDocuments10" routes-response-to="Route101" endpoint="vm://wcc/GetEventDocuments">
            <cc:set name="ie.event.wid" value="lp.exists('EventWID') ? lp.getSimpleData('EventWID') : lp.getIntegrationEventWID()"/>
        </cc:local-out>
        <cc:local-out id="PutIntegrationMessage0050" endpoint="vm://wcc/PutIntegrationMessage">
            <cc:set name="is.message.severity" value="'ERROR'"/>
            <cc:set name="is.message.summary" value="'Error Occurred While Audit Initialization'"/>
        </cc:local-out>
        <cc:async-mediation id="Initialize_Audit0" routes-to="GetEventDocuments10" handle-downstream-errors="true">
            <cc:steps>
                <cc:eval id="Init-Props">
                    <cc:expression>props['p.WS.Version'] = intsys.getAttribute('Web Service Version')</cc:expression>
                    <cc:expression>props['p.Doc.Retention.Period'] = intsys.getAttribute('Document Retention Period')</cc:expression>
                    <cc:expression>props['p.batch.collate'] = true</cc:expression>
                    <cc:expression>props['p.batch.store'] = false</cc:expression>
                    <cc:expression>props['p.collate'] = true</cc:expression>
                    <cc:expression>props['p.store'] = false</cc:expression>
                    <cc:expression>props['ErrorExists'] = false</cc:expression>
                    <cc:expression>props['BatchExists'] = false</cc:expression>
                    <cc:expression>props['audit.file.name'] = lp.getSequencedValue('INT53958-Audit-FileName-Seq');</cc:expression>
                </cc:eval>
            </cc:steps>
            <cc:send-error id="SendError" rethrow-error="true" routes-to="PutIntegrationMessage0050"/>
        </cc:async-mediation>
        <cc:local-in id="RetrieveDoc0" routes-to="Initialize_Audit0"/>
        <cc:local-out id="Call_StopSummaryAggData0" store-message="none" execute-when="props['BatchExists'] == true || props['ErrorExists'] == true" endpoint="vm://INT5395_Newport_Exec_Deferred_Salary_Plan_Payments_Studio_Inbound/StopSummaryAggData0">
            <cc:set name="p.collate" value="false"/>
            <cc:set name="p.store" value="true"/>
            <cc:set name="p.batch"/>
        </cc:local-out>
        <cc:local-out id="Call-AggBatch_Error" store-message="none" execute-when="props['BatchExists'] == true || props['ErrorExists'] == true" routes-response-to="Call_StopSummaryAggData0" endpoint="vm://INT5395_Newport_Exec_Deferred_Salary_Plan_Payments_Studio_Inbound/AggBatch_Error"/>
        <cc:local-out id="CallRetrieveDoc0" store-message="none" routes-response-to="Call-AggBatch_Error" endpoint="vm://INT5395_Newport_Exec_Deferred_Salary_Plan_Payments_Studio_Inbound/RetrieveDoc0"/>
        <cc:workday-in id="Audit-Start-Here" routes-to="CallRetrieveDoc0">
            <cc:integration-system name="INT5395 Newport Exec Deferred Salary Plan Payments Studio Inbound Audit">
        <cloud:param name="EventWID">
          <cloud:type>
            <cloud:simple-type>text</cloud:simple-type>
          </cloud:type>
        </cloud:param>
        <cloud:attribute-map-service name="INT5395-Audit-Attribute-Service">
          <cloud:attribute name="Web Service Version">
            <cloud:type>
              <cloud:class-report-field description="Web Service API Version" type="WID" singular="true">f54cce640b3410001ae50f791f2000cd</cloud:class-report-field>
            </cloud:type>
            <cloud:display-option>required-for-launch</cloud:display-option>
          </cloud:attribute>
          <cloud:attribute name="Document Retention Period">
            <cloud:type>
              <cloud:simple-type>number</cloud:simple-type>
            </cloud:type>
            <cloud:display-option>required-for-launch</cloud:display-option>
          </cloud:attribute>
        </cloud:attribute-map-service>
        <cloud:sequence-generator-service name="INT53958-Audit-FileName-SG">
          <cloud:sequencer>INT53958-Audit-FileName-Seq</cloud:sequencer>
        </cloud:sequence-generator-service>
      </cc:integration-system>
        </cc:workday-in>
        <cc:local-out id="Put-PIM-Critical-Error" endpoint="vm://wcc/PutIntegrationMessage">
            <cc:set name="is.message.severity" value="'CRITICAL'"/>
            <cc:set name="is.message.summary" value="'Critical error occurred'"/>
            <cc:set name="is.message.detail" value="'Error occurred at - '#context.errorComponentId#'. Error Message : '#util.cleanString(context.errorMessage)"/>
        </cc:local-out>
        <cc:async-mediation id="Store-CL-Critical" routes-to="Put-PIM-Critical-Error" execute-steps-when="props['p.critical']">
            <cc:steps>
                <cc:store id="Store" input="variable" input-variable="cloud-log-critical-error" createDocumentReference="true" expiresIn="P@{props['ia.document.retention.policy']}D" title="INT5395-Critical-Errors-Log.html"/>
            </cc:steps>
        </cc:async-mediation>
        <cc:send-error id="global-error-handler" rethrow-error="false" routes-to="Store-CL-Critical"/>
        <cc:local-in id="ProcessUpdatedOffcycle" routes-to="OffCycleSplit0"/>
        <cc:local-in id="Addpaymentpriority" routes-to="AsyncMediation0"/>
        <cc:local-out id="Call-ProcessUpdatedOffcycle" store-message="none" endpoint="vm://INT5395_Newport_Exec_Deferred_Salary_Plan_Payments_Studio_Inbound/ProcessUpdatedOffcycle"/>
        <cc:local-out id="Call-Addpaymentpriority0" store-message="none" routes-response-to="Call-ProcessUpdatedOffcycle" endpoint="vm://INT5395_Newport_Exec_Deferred_Salary_Plan_Payments_Studio_Inbound/Addpaymentpriority"/>
        <cc:async-mediation id="AsyncMediation0" routes-to="Split-Valid_Recs">
            <cc:steps>
                <cc:log execute-when="props['lp.validation.mode'] == true" id="Log">
                    <cc:log-message>
                        <cc:line-separator/>
                        <cc:text>--InsideProcess Inactives before adding priority start--</cc:text>
                        <cc:line-separator/>
                        <cc:line-separator/>
                        <cc:text>--InsideProcess Inactives before adding priority End--</cc:text>
                        <cc:line-separator/>
                    </cc:log-message>
                </cc:log>
                <cc:eval id="Eval">
                    <cc:expression>props['p.total.records'] = parts[0].xpath('count(/FINAL_XML/Payroll_Off-cycle_Payment_Data)')</cc:expression>
                    <cc:expression>props['p.tot.record.count'] = 0</cc:expression>
                    <cc:expression>props['p.payment.priority'] = props['p.payment.priority.base.value'] + 1</cc:expression>
                </cc:eval>
            </cc:steps>
        </cc:async-mediation>
        <cc:splitter id="Split-Valid_Recs">
            <cc:sub-route name="SubRoute" routes-to="Updatepriority"/>
            <cc:xml-stream-splitter xpath="/FINAL_XML/Payroll_Off-cycle_Payment_Data"/>
        </cc:splitter>
        <cc:async-mediation id="Updatepriority" routes-to="Aggregator1">
            <cc:steps>
                <cc:eval id="Eval">
                    <cc:expression>props['p.tot.record.count'] = props['p.tot.record.count'] + 1 ;</cc:expression>
                </cc:eval>
                <cc:write id="addPaymentPriority">
                    <cc:message>
                        <cc:text>&lt;Payroll_Off-cycle_Payment_Data></cc:text>
                        <cc:xpath xpath="/Payroll_Off-cycle_Payment_Data/*"/>
                        <cc:text>&lt;paymentPriority>@{props['p.payment.priority']}&lt;/paymentPriority>&#xD;
&lt;/Payroll_Off-cycle_Payment_Data>&#xD;
</cc:text>
                    </cc:message>
                </cc:write>
                <cc:eval id="Eval0">
                    <cc:expression>props['p.payment.priority'] = props['p.payment.priority'] + 1</cc:expression>
                </cc:eval>
                <cc:log execute-when="props['lp.validation.mode'] == true" id="Log">
                    <cc:log-message>
                        <cc:line-separator/>
                        <cc:text>--InsideProcess Inactives after adding priority on single request start--&#xD;
props['p.total.records'] = @{props['p.total.records']}&#xD;
props['p.tot.record.count'] = @{props['p.tot.record.count']}</cc:text>
                        <cc:line-separator/>
                        <cc:line-separator/>
                        <cc:text>--InsideProcess Inactives after adding priority on single request end--</cc:text>
                        <cc:line-separator/>
                    </cc:log-message>
                </cc:log>
            </cc:steps>
        </cc:async-mediation>
        <cc:aggregator id="Aggregator1" routes-to="AsyncMediation30" collate-when="true" force-batch-when="props['p.tot.record.count'] == props['p.total.records']">
            <cc:size-batch-strategy batch-size="-1"/>
            <cc:xml-message-content-collater>
        <cc:header-text>&lt;FINAL_XML></cc:header-text>
        <cc:footer-text>&lt;/FINAL_XML></cc:footer-text>
      </cc:xml-message-content-collater>
        </cc:aggregator>
        <cc:async-mediation id="AsyncMediation30">
            <cc:steps>
                <cc:log execute-when="props['lp.validation.mode'] == true" id="Log">
                    <cc:log-message>
                        <cc:line-separator/>
                        <cc:text>--InsideProcess Inactives after adding priority start--</cc:text>
                        <cc:line-separator/>
                        <cc:line-separator/>
                        <cc:text>--InsideProcess Inactives after adding priority End--</cc:text>
                        <cc:line-separator/>
                    </cc:log-message>
                </cc:log>
                <cc:copy id="Copy" output="variable" output-variable="v.offcycle.agg.data"/>
            </cc:steps>
        </cc:async-mediation>
        <cc:local-out id="PutIntegrationMessage1" endpoint="vm://wcc/PutIntegrationMessage"><cc:set name="is.message.severity" value="'ERROR'"/><cc:set name="is.message.summary" value="'Error Occurred While Converting Input File'"/><cc:set name="is.message.detail" value="context.errorMessage"/></cc:local-out>
        <cc:local-out id="Call-PIM-Error-Import1000" store-message="none" endpoint="vm://INT5395_Newport_Exec_Deferred_Salary_Plan_Payments_Studio_Inbound/Log-PIM-Error"/>
        <cc:local-out id="Call-PIM-Error-Import101" store-message="none" endpoint="vm://INT5395_Newport_Exec_Deferred_Salary_Plan_Payments_Studio_Inbound/Log-PIM-Error"/>
        <cc:local-out id="PutIntegrationMessage00" endpoint="vm://wcc/PutIntegrationMessage">
            <cc:set name="is.message.severity" value="'ERROR'"/>
            <cc:set name="is.message.summary" value="'Error Occurred While Initialization'"/>
        </cc:local-out>
        <cc:async-mediation id="AsyncMediation" routes-to="ConvertFiletoXML">
            <cc:steps>
                <cc:eval id="Eval">
                    <cc:expression>props['doc.count'] = da.size()</cc:expression>
                </cc:eval>
                <cc:validate-exp id="ValidateExp">
                    <cc:expression failure-message="Input File is empty or not found. Aborting Integration." replace-message="true">da.size() > 0</cc:expression>
                </cc:validate-exp>
            </cc:steps>
            <cc:send-error id="SendError" routes-to="PIMEmptyFile0"/>
        </cc:async-mediation>
        <cc:local-out id="PIMEmptyFile0" routes-response-to="StopProcess0" endpoint="vm://wcc/PutIntegrationMessage">
            <cc:set name="is.message.severity" value="'CRITICAL'"/>
            <cc:set name="is.message.summary" value="context.errorMessage"/>
        </cc:local-out>
        <cc:async-mediation id="StopProcess0">
            <cc:steps>
                <cc:eval id="Stop">
                    <cc:expression>context.setAbort(true)</cc:expression>
                </cc:eval>
            </cc:steps>
        </cc:async-mediation>
        <cc:async-mediation id="StopProcess00">
            <cc:steps>
                <cc:eval id="Stop">
                    <cc:expression>context.setAbort(true)</cc:expression>
                </cc:eval>
            </cc:steps>
        </cc:async-mediation>
	</cc:assembly>

</beans>