<?xml version="1.0" encoding="UTF-8"?>
<wdnm:Diagram xmlns:wdnm="http://workday.com/studio/editors/notation">
  <element href="assembly.xml#WorkdayAssembly"/>
  <visualProperties>
    <element href="assembly.xml#StartHere"/>
  </visualProperties>
  <visualProperties>
    <element href="assembly.xml#IntegrationStarted"/>
  </visualProperties>
  <visualProperties>
    <element href="assembly.xml#CallInit"/>
  </visualProperties>
  <visualProperties>
    <element href="assembly.xml#CallGetFile"/>
  </visualProperties>
  <visualProperties>
    <element href="assembly.xml#CallRetrieveFile"/>
  </visualProperties>
  <visualProperties>
    <element href="assembly.xml#Init"/>
  </visualProperties>
  <visualProperties>
    <element href="assembly.xml#Attributes"/>
  </visualProperties>
  <visualProperties>
    <element href="assembly.xml#PIM-ValidationMode"/>
  </visualProperties>
  <visualProperties>
    <element href="assembly.xml#GetFile"/>
  </visualProperties>
  <visualProperties>
    <element href="assembly.xml#Route0"/>
  </visualProperties>
  <visualProperties>
    <element href="assembly.xml#CheckFileEmpty"/>
  </visualProperties>
  <visualProperties>
    <element href="assembly.xml#PIMMultiplefiles"/>
  </visualProperties>
  <visualProperties>
    <element href="assembly.xml#RetrieveFile"/>
  </visualProperties>
  <visualProperties>
    <element href="assembly.xml#ConvertFiletoXML"/>
  </visualProperties>
  <visualProperties x="182" y="1121">
    <element href="assembly.xml#GetWorkers"/>
  </visualProperties>
  <visualProperties x="1579" y="222">
    <element href="assembly.xml#CallGetWorkers"/>
  </visualProperties>
  <visualProperties x="405" y="1172">
    <element href="assembly.xml#BuildWorkersReq"/>
  </visualProperties>
  <visualProperties x="524" y="1151">
    <element href="assembly.xml#PagedGet"/>
  </visualProperties>
  <visualProperties x="345" y="1308">
    <element href="assembly.xml#PIMPagedGetError"/>
  </visualProperties>
  <visualProperties x="714" y="1239">
    <element href="assembly.xml#ConvertToSimpleXML"/>
  </visualProperties>
  <visualProperties x="801" y="1303">
    <element href="assembly.xml#PutIntegrationMessage"/>
  </visualProperties>
  <visualProperties x="547" y="1252">
    <element href="assembly.xml#StopProcess"/>
  </visualProperties>
  <visualProperties>
    <element href="assembly.xml#AggData"/>
  </visualProperties>
  <visualProperties>
    <element href="assembly.xml#RouteErrorHandler"/>
  </visualProperties>
  <visualProperties>
    <element href="assembly.xml#PutIntegrationMessage010"/>
  </visualProperties>
  <visualProperties>
    <element href="assembly.xml#Route1"/>
  </visualProperties>
  <visualProperties>
    <element href="assembly.xml#CopyWorkerData"/>
  </visualProperties>
  <visualProperties>
    <element href="assembly.xml#CopyInputFileData"/>
  </visualProperties>
  <visualProperties>
    <element href="assembly.xml#StopAggData"/>
  </visualProperties>
  <visualProperties>
    <element href="assembly.xml#Aggregator0"/>
  </visualProperties>
  <visualProperties>
    <element href="assembly.xml#AsyncMediation4"/>
  </visualProperties>
  <visualProperties x="1770" y="222">
    <element href="assembly.xml#Call_Aggregator"/>
  </visualProperties>
  <visualProperties x="1961" y="222">
    <element href="assembly.xml#CallStopAgg"/>
  </visualProperties>
  <visualProperties x="2128" y="222">
    <element href="assembly.xml#Call-submitPayrollWWS"/>
  </visualProperties>
  <visualProperties>
    <element href="assembly.xml#submitPayrollWWS"/>
  </visualProperties>
  <visualProperties>
    <element href="assembly.xml#Build-Import-PI0"/>
  </visualProperties>
  <visualProperties>
    <element href="assembly.xml#PutIntegrationMessage003"/>
  </visualProperties>
  <visualProperties>
    <element href="assembly.xml#Process-Success-and-Errors0"/>
  </visualProperties>
  <visualProperties>
    <element href="assembly.xml#AsyncMediation40"/>
  </visualProperties>
  <visualProperties>
    <element href="assembly.xml#AsyncMediation5"/>
  </visualProperties>
  <visualProperties>
    <element href="assembly.xml#Call-processActives"/>
  </visualProperties>
  <visualProperties>
    <element href="assembly.xml#Get-Errors-Exist0"/>
  </visualProperties>
  <visualProperties>
    <element href="assembly.xml#Log-Error0"/>
  </visualProperties>
  <visualProperties>
    <element href="assembly.xml#Call-PIM-Error-Import0"/>
  </visualProperties>
  <visualProperties>
    <element href="assembly.xml#processActives"/>
  </visualProperties>
  <visualProperties>
    <element href="assembly.xml#OnCycleSplit"/>
  </visualProperties>
  <visualProperties>
    <element href="assembly.xml#OnCycleChk"/>
  </visualProperties>
  <visualProperties>
    <element href="assembly.xml#AsyncMediation10"/>
  </visualProperties>
  <visualProperties>
    <element href="assembly.xml#Splitter-PI0"/>
  </visualProperties>
  <visualProperties>
    <element href="assembly.xml#AsyncMediation60"/>
  </visualProperties>
  <visualProperties>
    <element href="assembly.xml#Call-PIM-Error-Import10"/>
  </visualProperties>
  <visualProperties>
    <element href="assembly.xml#Call-triggerWebService0"/>
  </visualProperties>
  <visualProperties>
    <element href="assembly.xml#triggerWebService"/>
  </visualProperties>
  <visualProperties>
    <element href="assembly.xml#Validation-ON"/>
  </visualProperties>
  <visualProperties>
    <element href="assembly.xml#Import-Payroll-Inputs"/>
  </visualProperties>
  <visualProperties>
    <element href="assembly.xml#Validation-OFF"/>
  </visualProperties>
  <visualProperties>
    <element href="assembly.xml#Store-Resp-WID"/>
  </visualProperties>
  <visualProperties>
    <element href="assembly.xml#PutIntegrationMessage004"/>
  </visualProperties>
  <visualProperties>
    <element href="assembly.xml#CloseBatchAgg"/>
  </visualProperties>
  <visualProperties>
    <element href="assembly.xml#ImportBatchAgg"/>
  </visualProperties>
  <visualProperties>
    <element href="assembly.xml#StoreAggRespFile"/>
  </visualProperties>
  <visualProperties>
    <element href="assembly.xml#PutIntegrationMessage0"/>
  </visualProperties>
  <visualProperties>
    <element href="assembly.xml#Log-PIM-Error"/>
  </visualProperties>
  <visualProperties>
    <element href="assembly.xml#Put-Process-Error"/>
  </visualProperties>
  <visualProperties x="2373" y="222">
    <element href="assembly.xml#CallCloseErrorAgg"/>
  </visualProperties>
  <visualProperties x="2581" y="222">
    <element href="assembly.xml#CallStoreBatchFile"/>
  </visualProperties>
  <visualProperties>
    <element href="assembly.xml#processInActives"/>
  </visualProperties>
  <visualProperties>
    <element href="assembly.xml#OffCycleSplit0"/>
  </visualProperties>
  <visualProperties>
    <element href="assembly.xml#OffCycleChk0"/>
  </visualProperties>
  <visualProperties>
    <element href="assembly.xml#AsyncMediation100"/>
  </visualProperties>
  <visualProperties>
    <element href="assembly.xml#Splitter-PI00"/>
  </visualProperties>
  <visualProperties>
    <element href="assembly.xml#AsyncMediation600"/>
  </visualProperties>
  <visualProperties>
    <element href="assembly.xml#Call-PIM-Error-Import100"/>
  </visualProperties>
  <visualProperties>
    <element href="assembly.xml#Call-triggerWebService00"/>
  </visualProperties>
  <visualProperties>
    <element href="assembly.xml#Call-processInActives"/>
  </visualProperties>
  <visualProperties>
    <element href="assembly.xml#StoreErrorLog"/>
  </visualProperties>
  <visualProperties>
    <element href="assembly.xml#Handle-Logging-Errors"/>
  </visualProperties>
  <visualProperties>
    <element href="assembly.xml#Call-PIM-Error-Logging"/>
  </visualProperties>
  <visualProperties>
    <element href="assembly.xml#Close-Error-Agg"/>
  </visualProperties>
  <visualProperties>
    <element href="assembly.xml#Error-Log-Aggregator"/>
  </visualProperties>
  <visualProperties>
    <element href="assembly.xml#Store-Error-Log"/>
  </visualProperties>
  <visualProperties>
    <element href="assembly.xml#Put-Cloud-Log-Message"/>
  </visualProperties>
  <visualProperties x="1402" y="2593">
    <element href="assembly.xml#Call-Log-Error0"/>
  </visualProperties>
  <visualProperties>
    <element href="assembly.xml#Audit-Start-Here"/>
  </visualProperties>
  <visualProperties>
    <element href="assembly.xml#CallRetrieveDoc0"/>
  </visualProperties>
  <visualProperties>
    <element href="assembly.xml#Call-AggBatch_Error"/>
  </visualProperties>
  <visualProperties>
    <element href="assembly.xml#Call_StopSummaryAggData0"/>
  </visualProperties>
  <visualProperties>
    <element href="assembly.xml#RetrieveDoc0"/>
  </visualProperties>
  <visualProperties>
    <element href="assembly.xml#Initialize_Audit0"/>
  </visualProperties>
  <visualProperties>
    <element href="assembly.xml#PutIntegrationMessage0050"/>
  </visualProperties>
  <visualProperties>
    <element href="assembly.xml#GetEventDocuments10"/>
  </visualProperties>
  <visualProperties>
    <element href="assembly.xml#Route101"/>
  </visualProperties>
  <visualProperties>
    <element href="assembly.xml#DocAttributes0"/>
  </visualProperties>
  <visualProperties>
    <element href="assembly.xml#PutIntegrationMessage0060"/>
  </visualProperties>
  <visualProperties>
    <element href="assembly.xml#Route000"/>
  </visualProperties>
  <visualProperties>
    <element href="assembly.xml#AsyncMediation80"/>
  </visualProperties>
  <visualProperties>
    <element href="assembly.xml#AsyncMediation90"/>
  </visualProperties>
  <visualProperties>
    <element href="assembly.xml#PutIntegrationMessage00700"/>
  </visualProperties>
  <visualProperties>
    <element href="assembly.xml#AsyncMediation1000"/>
  </visualProperties>
  <visualProperties>
    <element href="assembly.xml#CallProcessBatchResponse"/>
  </visualProperties>
  <visualProperties>
    <element href="assembly.xml#CallCloseAuditAgg0"/>
  </visualProperties>
  <visualProperties>
    <element href="assembly.xml#PutIntegrationMessage0070"/>
  </visualProperties>
  <visualProperties>
    <element href="assembly.xml#ProcessBatchResponse"/>
  </visualProperties>
  <visualProperties>
    <element href="assembly.xml#CopyBatchData0"/>
  </visualProperties>
  <visualProperties>
    <element href="assembly.xml#PutIntegrationMessage0080"/>
  </visualProperties>
  <visualProperties>
    <element href="assembly.xml#SplitByBatch0"/>
  </visualProperties>
  <visualProperties>
    <element href="assembly.xml#Build-Request0"/>
  </visualProperties>
  <visualProperties>
    <element href="assembly.xml#CallAuditLog1"/>
  </visualProperties>
  <visualProperties>
    <element href="assembly.xml#GetImportProcMsgs0"/>
  </visualProperties>
  <visualProperties>
    <element href="assembly.xml#Check-Err-Exists0"/>
  </visualProperties>
  <visualProperties>
    <element href="assembly.xml#PutIntegrationMessage00100"/>
  </visualProperties>
  <visualProperties>
    <element href="assembly.xml#Transform-Resp0"/>
  </visualProperties>
  <visualProperties>
    <element href="assembly.xml#PutIntegrationMessage0090"/>
  </visualProperties>
  <visualProperties>
    <element href="assembly.xml#CloseAuditAgg0"/>
  </visualProperties>
  <visualProperties>
    <element href="assembly.xml#Aggregator-Log0"/>
  </visualProperties>
  <visualProperties>
    <element href="assembly.xml#Store-Audit-File0"/>
  </visualProperties>
  <visualProperties>
    <element href="assembly.xml#AggBatch_Error"/>
  </visualProperties>
  <visualProperties>
    <element href="assembly.xml#Route10"/>
  </visualProperties>
  <visualProperties>
    <element href="assembly.xml#RouteErrorHandler00"/>
  </visualProperties>
  <visualProperties>
    <element href="assembly.xml#AsyncMediation111"/>
  </visualProperties>
  <visualProperties>
    <element href="assembly.xml#AsyncMediation7"/>
  </visualProperties>
  <visualProperties>
    <element href="assembly.xml#AsyncMediation11"/>
  </visualProperties>
  <visualProperties>
    <element href="assembly.xml#StopSummaryAggData0"/>
  </visualProperties>
  <visualProperties>
    <element href="assembly.xml#Aggregator000"/>
  </visualProperties>
  <visualProperties>
    <element href="assembly.xml#CallFinalSummary"/>
  </visualProperties>
  <visualProperties>
    <element href="assembly.xml#FinalSummary"/>
  </visualProperties>
  <visualProperties>
    <element href="assembly.xml#Final_Audit_FIle_Generation0"/>
  </visualProperties>
  <visualProperties>
    <element href="assembly.xml#CallAuditLog00"/>
  </visualProperties>
  <visualProperties>
    <element href="assembly.xml#Audit-Log-Error0"/>
  </visualProperties>
  <visualProperties>
    <element href="assembly.xml#Put-Audit-Process-Error0"/>
  </visualProperties>
  <visualProperties>
    <element href="assembly.xml#//@beans/@mixed.1/@mixed.265"/>
  </visualProperties>
  <visualProperties>
    <element href="assembly.xml#Store-CL-Critical"/>
  </visualProperties>
  <visualProperties>
    <element href="assembly.xml#Put-PIM-Critical-Error"/>
  </visualProperties>
  <visualProperties x="320" y="3548">
    <element href="assembly.xml#ProcessUpdatedOffcycle"/>
  </visualProperties>
  <visualProperties x="383" y="3412">
    <element href="assembly.xml#Addpaymentpriority"/>
  </visualProperties>
  <visualProperties x="297" y="3373">
    <element href="assembly.xml#Call-ProcessUpdatedOffcycle"/>
  </visualProperties>
  <visualProperties x="340" y="3406">
    <element href="assembly.xml#Call-Addpaymentpriority0"/>
  </visualProperties>
  <visualProperties x="627" y="3435">
    <element href="assembly.xml#AsyncMediation0"/>
  </visualProperties>
  <visualProperties x="816" y="3444">
    <element href="assembly.xml#Split-Valid_Recs"/>
  </visualProperties>
  <visualProperties x="981" y="3526">
    <element href="assembly.xml#Updatepriority"/>
  </visualProperties>
  <visualProperties x="1566" y="3478">
    <element href="assembly.xml#Aggregator1"/>
  </visualProperties>
  <visualProperties x="1434" y="3478">
    <element href="assembly.xml#AsyncMediation30"/>
  </visualProperties>
  <visualProperties x="353" y="1074">
    <element href="assembly.xml#PutIntegrationMessage1"/>
  </visualProperties>
  <visualProperties x="1033" y="3753">
    <element href="assembly.xml#Call-PIM-Error-Import1000"/>
  </visualProperties>
  <visualProperties x="632" y="2978">
    <element href="assembly.xml#Call-PIM-Error-Import101"/>
  </visualProperties>
  <visualProperties x="546" y="451">
    <element href="assembly.xml#PutIntegrationMessage00"/>
  </visualProperties>
  <visualProperties x="340" y="916">
    <element href="assembly.xml#AsyncMediation"/>
  </visualProperties>
  <visualProperties x="483" y="902">
    <element href="assembly.xml#PIMEmptyFile0"/>
  </visualProperties>
  <visualProperties x="547" y="900">
    <element href="assembly.xml#StopProcess0"/>
  </visualProperties>
  <visualProperties x="1499" y="477">
    <element href="assembly.xml#StopProcess00"/>
  </visualProperties>
  <connections type="routesTo" sourceAnchorX="0.6134453781512605" sourceAnchorY="1.0" targetAnchorX="0.4269005847953216" targetAnchorY="0.2972972972972973">
    <source href="assembly.xml#StartHere"/>
    <target href="assembly.xml#IntegrationStarted"/>
  </connections>
  <connections type="routesResponseTo" sourceAnchorX="0.7602339181286549" sourceAnchorY="1.0" targetAnchorX="0.33" targetAnchorY="0.7567567567567568">
    <source href="assembly.xml#IntegrationStarted"/>
    <target href="assembly.xml#CallInit"/>
  </connections>
  <connections type="routesResponseTo" sourceAnchorX="0.65" sourceAnchorY="1.0" targetAnchorX="0.53125" targetAnchorY="0.24324324324324326">
    <source href="assembly.xml#CallInit"/>
    <target href="assembly.xml#CallGetFile"/>
  </connections>
  <connections type="routesResponseTo" sourceAnchorX="0.8333333333333334" sourceAnchorY="1.0" targetAnchorX="0.04477611940298507" targetAnchorY="0.8378378378378378">
    <source href="assembly.xml#CallGetFile"/>
    <target href="assembly.xml#CallRetrieveFile"/>
  </connections>
  <connections type="routesTo" sourceAnchorX="0.8133333333333334" sourceAnchorY="1.0" targetAnchorX="0.6699029126213593" targetAnchorY="0.5416666666666666">
    <source href="assembly.xml#Init"/>
    <target href="assembly.xml#Attributes"/>
  </connections>
  <connections type="routesTo" sourceAnchorX="1.0" sourceAnchorY="0.3854166666666667" targetAnchorX="0.15934065934065933" targetAnchorY="0.5405405405405406">
    <source href="assembly.xml#Attributes"/>
    <target href="assembly.xml#PIM-ValidationMode"/>
  </connections>
  <connections type="routesTo" sourceAnchorX="0.6242424242424243" sourceAnchorY="1.0" targetAnchorX="0.6347305389221557" targetAnchorY="0.2702702702702703">
    <source href="assembly.xml#//@beans/@mixed.1/@mixed.19/@mixed.3"/>
    <target href="assembly.xml#PIMMultiplefiles"/>
  </connections>
  <connections type="routesResponseTo" sourceAnchorX="0.8427672955974843" sourceAnchorY="1.0" targetAnchorX="0.17964071856287425" targetAnchorY="0.43243243243243246">
    <source href="assembly.xml#CallRetrieveFile"/>
    <target href="assembly.xml#CallGetWorkers"/>
  </connections>
  <connections type="routesTo" sourceAnchorX="1.0" sourceAnchorY="0.18110236220472442" targetAnchorX="0.5081967213114754" targetAnchorY="0.5945945945945946">
    <source href="assembly.xml#BuildWorkersReq"/>
    <target href="assembly.xml#PagedGet"/>
  </connections>
  <connections type="routesTo" sourceAnchorX="0.6597222222222222" sourceAnchorY="1.0" targetAnchorX="0.35121951219512193" targetAnchorY="0.5675675675675675">
    <source href="assembly.xml#//@beans/@mixed.1/@mixed.33/@mixed.3"/>
    <target href="assembly.xml#PIMPagedGetError"/>
  </connections>
  <connections type="routesResponseTo" sourceAnchorX="0.7540983606557377" sourceAnchorY="1.0" targetAnchorX="0.3788546255506608" targetAnchorY="0.16535433070866143">
    <source href="assembly.xml#PagedGet"/>
    <target href="assembly.xml#ConvertToSimpleXML"/>
  </connections>
  <connections type="routesTo" sourceAnchorX="0.5636363636363636" sourceAnchorY="1.0" targetAnchorX="0.4926829268292683" targetAnchorY="0.35135135135135137">
    <source href="assembly.xml#//@beans/@mixed.1/@mixed.39/@mixed.3"/>
    <target href="assembly.xml#PutIntegrationMessage"/>
  </connections>
  <connections type="routesResponseTo" sourceAnchorX="0.8491620111731844" sourceAnchorY="1.0" targetAnchorX="0.6220472440944882" targetAnchorY="0.17708333333333334">
    <source href="assembly.xml#PIMPagedGetError"/>
    <target href="assembly.xml#StopProcess"/>
  </connections>
  <connections type="routesResponseTo" sourceAnchorX="0.21951219512195122" sourceAnchorY="1.0" targetAnchorX="0.8031496062992126" targetAnchorY="0.25">
    <source href="assembly.xml#PutIntegrationMessage"/>
    <target href="assembly.xml#StopProcess"/>
  </connections>
  <connections type="routesTo" sourceAnchorX="0.7867647058823529" sourceAnchorY="1.0" targetAnchorX="0.547486033519553" targetAnchorY="0.2440944881889764">
    <source href="assembly.xml#GetWorkers"/>
    <target href="assembly.xml#BuildWorkersReq"/>
  </connections>
  <connections type="routesTo" sourceAnchorX="0.9203539823008849" sourceAnchorY="1.0" targetAnchorX="0.6530612244897959" targetAnchorY="0.3008130081300813">
    <source href="assembly.xml#AggData"/>
    <target href="assembly.xml#RouteErrorHandler"/>
  </connections>
  <connections type="routesTo" sourceAnchorX="1.0" sourceAnchorY="0.13821138211382114" targetAnchorX="0.3333333333333333" targetAnchorY="0.3319327731092437">
    <source href="assembly.xml#RouteErrorHandler"/>
    <target href="assembly.xml#Route1"/>
  </connections>
  <connections type="routesTo" sourceAnchorX="0.5181818181818182" sourceAnchorY="1.0" targetAnchorX="0.5339366515837104" targetAnchorY="0.16216216216216217">
    <source href="assembly.xml#//@beans/@mixed.1/@mixed.59/@mixed.3"/>
    <target href="assembly.xml#PutIntegrationMessage010"/>
  </connections>
  <connections type="routesTo" sourceAnchorX="0.930379746835443" sourceAnchorY="1.0" targetAnchorX="0.2582781456953642" targetAnchorY="0.5543478260869565">
    <source href="assembly.xml#//@beans/@mixed.1/@route.1/@subRoute.0"/>
    <target href="assembly.xml#CopyWorkerData"/>
  </connections>
  <connections type="routesTo" sourceAnchorX="0.5379746835443038" sourceAnchorY="1.0" targetAnchorX="0.2119205298013245" targetAnchorY="0.44565217391304346">
    <source href="assembly.xml#//@beans/@mixed.1/@route.1/@subRoute.1"/>
    <target href="assembly.xml#CopyInputFileData"/>
  </connections>
  <connections type="routesTo" sourceAnchorX="1.0" sourceAnchorY="0.21739130434782608" targetAnchorX="0.3045977011494253" targetAnchorY="0.660377358490566">
    <source href="assembly.xml#CopyWorkerData"/>
    <target href="assembly.xml#Aggregator0"/>
  </connections>
  <connections type="routesTo" sourceAnchorX="1.0" sourceAnchorY="0.07608695652173914" targetAnchorX="0.3620689655172414" targetAnchorY="0.6320754716981132">
    <source href="assembly.xml#CopyInputFileData"/>
    <target href="assembly.xml#Aggregator0"/>
  </connections>
  <connections type="routesTo" sourceAnchorX="0.5034965034965035" sourceAnchorY="1.0" targetAnchorX="0.5229885057471264" targetAnchorY="0.16981132075471697">
    <source href="assembly.xml#StopAggData"/>
    <target href="assembly.xml#Aggregator0"/>
  </connections>
  <connections type="routesTo" sourceAnchorX="1.0" sourceAnchorY="0.32075471698113206" targetAnchorX="0.07874015748031496" targetAnchorY="0.6702127659574468">
    <source href="assembly.xml#Aggregator0"/>
    <target href="assembly.xml#AsyncMediation4"/>
  </connections>
  <connections type="routesResponseTo" sourceAnchorX="0.6894409937888198" sourceAnchorY="1.0" targetAnchorX="0.35403726708074534" targetAnchorY="0.08108108108108109">
    <source href="assembly.xml#CallGetWorkers"/>
    <target href="assembly.xml#Call_Aggregator"/>
  </connections>
  <connections type="routesResponseTo" sourceAnchorX="0.84472049689441" sourceAnchorY="1.0" targetAnchorX="0.4233576642335766" targetAnchorY="0.5945945945945946">
    <source href="assembly.xml#Call_Aggregator"/>
    <target href="assembly.xml#CallStopAgg"/>
  </connections>
  <connections type="routesResponseTo" sourceAnchorX="0.6934306569343066" sourceAnchorY="1.0" targetAnchorX="0.2930232558139535" targetAnchorY="0.2972972972972973">
    <source href="assembly.xml#CallStopAgg"/>
    <target href="assembly.xml#Call-submitPayrollWWS"/>
  </connections>
  <connections type="routesTo" sourceAnchorX="1.0" sourceAnchorY="0.5675675675675675" targetAnchorX="0.11063829787234042" targetAnchorY="0.4330708661417323">
    <source href="assembly.xml#submitPayrollWWS"/>
    <target href="assembly.xml#Build-Import-PI0"/>
  </connections>
  <connections type="routesTo" sourceAnchorX="0.2719298245614035" sourceAnchorY="1.0" targetAnchorX="0.5327510917030568" targetAnchorY="0.1891891891891892">
    <source href="assembly.xml#//@beans/@mixed.1/@mixed.85/@mixed.3"/>
    <target href="assembly.xml#PutIntegrationMessage003"/>
  </connections>
  <connections type="routesTo" sourceAnchorX="1.0" sourceAnchorY="0.7058823529411765" targetAnchorX="0.06716417910447761" targetAnchorY="0.45652173913043476">
    <source href="assembly.xml#//@beans/@mixed.1/@route.2/@subRoute.0"/>
    <target href="assembly.xml#AsyncMediation40"/>
  </connections>
  <connections type="routesTo" sourceAnchorX="0.8781725888324873" sourceAnchorY="1.0" targetAnchorX="0.007462686567164179" targetAnchorY="0.5217391304347826">
    <source href="assembly.xml#//@beans/@mixed.1/@route.2/@subRoute.1"/>
    <target href="assembly.xml#AsyncMediation5"/>
  </connections>
  <connections type="routesTo" sourceAnchorX="0.5634517766497462" sourceAnchorY="1.0" targetAnchorX="0.125" targetAnchorY="0.7340425531914894">
    <source href="assembly.xml#//@beans/@mixed.1/@route.2/@subRoute.2"/>
    <target href="assembly.xml#Get-Errors-Exist0"/>
  </connections>
  <connections type="routesTo" sourceAnchorX="1.0" sourceAnchorY="0.31521739130434784" targetAnchorX="0.1839080459770115" targetAnchorY="0.2972972972972973">
    <source href="assembly.xml#AsyncMediation40"/>
    <target href="assembly.xml#Call-processActives"/>
  </connections>
  <connections type="routesTo" sourceAnchorX="0.40540540540540543" sourceAnchorY="0.9130434782608695" targetAnchorX="0.5769230769230769" targetAnchorY="0.15625">
    <source href="assembly.xml#Get-Errors-Exist0"/>
    <target href="assembly.xml#Log-Error0"/>
  </connections>
  <connections type="routesTo" sourceAnchorX="0.49137931034482757" sourceAnchorY="0.9333333333333333" targetAnchorX="0.3076923076923077" targetAnchorY="0.02702702702702703">
    <source href="assembly.xml#//@beans/@mixed.1/@mixed.71/@mixed.3"/>
    <target href="assembly.xml#Call-PIM-Error-Import0"/>
  </connections>
  <connections type="routesTo" sourceAnchorX="1.0" sourceAnchorY="0.2125984251968504" targetAnchorX="0.2674897119341564" targetAnchorY="0.09243697478991597">
    <source href="assembly.xml#Build-Import-PI0"/>
    <target href="assembly.xml#Process-Success-and-Errors0"/>
  </connections>
  <connections type="routesTo" sourceAnchorX="0.8648648648648649" sourceAnchorY="1.0" targetAnchorX="0.1044776119402985" targetAnchorY="0.5106382978723404">
    <source href="assembly.xml#processActives"/>
    <target href="assembly.xml#OnCycleSplit"/>
  </connections>
  <connections type="routesTo" sourceAnchorX="1.0" sourceAnchorY="0.26595744680851063" targetAnchorX="0.06756756756756757" targetAnchorY="0.416">
    <source href="assembly.xml#OnCycleSplit"/>
    <target href="assembly.xml#OnCycleChk"/>
  </connections>
  <connections type="routesTo" sourceAnchorX="1.0" sourceAnchorY="0.24" targetAnchorX="0.07476635514018691" targetAnchorY="0.44805194805194803">
    <source href="assembly.xml#OnCycleChk"/>
    <target href="assembly.xml#Splitter-PI0"/>
  </connections>
  <connections type="routesTo" sourceAnchorX="0.6631578947368421" sourceAnchorY="1.0" targetAnchorX="0.8014184397163121" targetAnchorY="0.1702127659574468">
    <source href="assembly.xml#//@beans/@mixed.1/@mixed.99/@mixed.3"/>
    <target href="assembly.xml#AsyncMediation10"/>
  </connections>
  <connections type="routesTo" sourceAnchorX="1.0" sourceAnchorY="0.5588235294117647" targetAnchorX="0.16083916083916083" targetAnchorY="0.25196850393700787">
    <source href="assembly.xml#//@beans/@mixed.1/@splitter.0/@subRoute.0"/>
    <target href="assembly.xml#AsyncMediation60"/>
  </connections>
  <connections type="routesTo" sourceAnchorX="0.5069444444444444" sourceAnchorY="1.0" targetAnchorX="0.5714285714285714" targetAnchorY="0.4594594594594595">
    <source href="assembly.xml#//@beans/@mixed.1/@mixed.93/@mixed.3"/>
    <target href="assembly.xml#Call-PIM-Error-Import10"/>
  </connections>
  <connections type="routesTo" sourceAnchorX="1.0" sourceAnchorY="0.23622047244094488" targetAnchorX="0.20833333333333334" targetAnchorY="0.43243243243243246">
    <source href="assembly.xml#AsyncMediation60"/>
    <target href="assembly.xml#Call-triggerWebService0"/>
  </connections>
  <connections type="routesTo" sourceAnchorX="0.8280254777070064" sourceAnchorY="1.0" targetAnchorX="0.1282051282051282" targetAnchorY="0.5851063829787234">
    <source href="assembly.xml#triggerWebService"/>
    <target href="assembly.xml#Validation-ON"/>
  </connections>
  <connections type="routesTo" sourceAnchorX="1.0" sourceAnchorY="0.13541666666666666" targetAnchorX="0.16230366492146597" targetAnchorY="0.32432432432432434">
    <source href="assembly.xml#Validation-ON"/>
    <target href="assembly.xml#Import-Payroll-Inputs"/>
  </connections>
  <connections type="routesResponseTo" sourceAnchorX="1.0" sourceAnchorY="0.4594594594594595" targetAnchorX="0.15942028985507245" targetAnchorY="0.17708333333333334">
    <source href="assembly.xml#Import-Payroll-Inputs"/>
    <target href="assembly.xml#Validation-OFF"/>
  </connections>
  <connections type="routesTo" sourceAnchorX="1.0" sourceAnchorY="0.11458333333333333" targetAnchorX="0.15894039735099338" targetAnchorY="0.11458333333333333">
    <source href="assembly.xml#Validation-OFF"/>
    <target href="assembly.xml#Store-Resp-WID"/>
  </connections>
  <connections type="routesTo" sourceAnchorX="1.0" sourceAnchorY="0.3333333333333333" targetAnchorX="0.2413793103448276" targetAnchorY="0.2169811320754717">
    <source href="assembly.xml#Store-Resp-WID"/>
    <target href="assembly.xml#ImportBatchAgg"/>
  </connections>
  <connections type="routesTo" sourceAnchorX="0.6272189349112426" sourceAnchorY="1.0" targetAnchorX="0.6419213973799127" targetAnchorY="0.24324324324324326">
    <source href="assembly.xml#//@beans/@mixed.1/@mixed.115/@mixed.3"/>
    <target href="assembly.xml#PutIntegrationMessage004"/>
  </connections>
  <connections type="routesTo" sourceAnchorX="0.6075949367088608" sourceAnchorY="1.0" targetAnchorX="0.5459770114942529" targetAnchorY="0.16037735849056603">
    <source href="assembly.xml#CloseBatchAgg"/>
    <target href="assembly.xml#ImportBatchAgg"/>
  </connections>
  <connections type="routesTo" sourceAnchorX="1.0" sourceAnchorY="0.11458333333333333" targetAnchorX="0.14634146341463414" targetAnchorY="0.35135135135135137">
    <source href="assembly.xml#StoreAggRespFile"/>
    <target href="assembly.xml#PutIntegrationMessage0"/>
  </connections>
  <connections type="routesTo" sourceAnchorX="1.0" sourceAnchorY="0.3783783783783784" targetAnchorX="0.1016949152542373" targetAnchorY="0.35135135135135137">
    <source href="assembly.xml#Log-PIM-Error"/>
    <target href="assembly.xml#Put-Process-Error"/>
  </connections>
  <connections type="routesResponseTo" sourceAnchorX="0.6790697674418604" sourceAnchorY="1.0" targetAnchorX="0.1404494382022472" targetAnchorY="0.5675675675675675">
    <source href="assembly.xml#Call-submitPayrollWWS"/>
    <target href="assembly.xml#CallStoreBatchFile"/>
  </connections>
  <connections type="routesTo" sourceAnchorX="1.0" sourceAnchorY="0.26595744680851063" targetAnchorX="0.06756756756756757" targetAnchorY="0.416">
    <source href="assembly.xml#OffCycleSplit0"/>
    <target href="assembly.xml#OffCycleChk0"/>
  </connections>
  <connections type="routesTo" sourceAnchorX="1.0" sourceAnchorY="0.24" targetAnchorX="0.07476635514018691" targetAnchorY="0.44805194805194803">
    <source href="assembly.xml#OffCycleChk0"/>
    <target href="assembly.xml#Splitter-PI00"/>
  </connections>
  <connections type="routesTo" sourceAnchorX="0.6631578947368421" sourceAnchorY="1.0" targetAnchorX="0.8014184397163121" targetAnchorY="0.1702127659574468">
    <source href="assembly.xml#//@beans/@mixed.1/@mixed.143/@mixed.3"/>
    <target href="assembly.xml#AsyncMediation100"/>
  </connections>
  <connections type="routesTo" sourceAnchorX="1.0" sourceAnchorY="0.5588235294117647" targetAnchorX="0.16083916083916083" targetAnchorY="0.25196850393700787">
    <source href="assembly.xml#//@beans/@mixed.1/@splitter.1/@subRoute.0"/>
    <target href="assembly.xml#AsyncMediation600"/>
  </connections>
  <connections type="routesTo" sourceAnchorX="0.5069444444444444" sourceAnchorY="1.0" targetAnchorX="0.5714285714285714" targetAnchorY="0.4594594594594595">
    <source href="assembly.xml#//@beans/@mixed.1/@mixed.137/@mixed.3"/>
    <target href="assembly.xml#Call-PIM-Error-Import100"/>
  </connections>
  <connections type="routesTo" sourceAnchorX="1.0" sourceAnchorY="0.1875" targetAnchorX="0.25757575757575757" targetAnchorY="0.4864864864864865">
    <source href="assembly.xml#AsyncMediation5"/>
    <target href="assembly.xml#Call-processInActives"/>
  </connections>
  <connections type="routesTo" sourceAnchorX="1.0" sourceAnchorY="0.1968503937007874" targetAnchorX="0.36160714285714285" targetAnchorY="0.24324324324324326">
    <source href="assembly.xml#AsyncMediation600"/>
    <target href="assembly.xml#Call-triggerWebService00"/>
  </connections>
  <connections type="routesTo" sourceAnchorX="1.0" sourceAnchorY="0.5405405405405406" targetAnchorX="0.12698412698412698" targetAnchorY="0.18478260869565216">
    <source href="assembly.xml#StoreErrorLog"/>
    <target href="assembly.xml#Handle-Logging-Errors"/>
  </connections>
  <connections type="routesTo" sourceAnchorX="1.0" sourceAnchorY="0.25203252032520324" targetAnchorX="0.25125628140703515" targetAnchorY="0.22641509433962265">
    <source href="assembly.xml#Handle-Logging-Errors"/>
    <target href="assembly.xml#Error-Log-Aggregator"/>
  </connections>
  <connections type="routesTo" sourceAnchorX="0.5054945054945055" sourceAnchorY="1.0" targetAnchorX="0.4634146341463415" targetAnchorY="0.5135135135135135">
    <source href="assembly.xml#//@beans/@mixed.1/@mixed.161/@mixed.3"/>
    <target href="assembly.xml#Call-PIM-Error-Logging"/>
  </connections>
  <connections type="routesTo" sourceAnchorX="0.5380116959064327" sourceAnchorY="1.0" targetAnchorX="0.4623115577889447" targetAnchorY="0.19811320754716982">
    <source href="assembly.xml#Close-Error-Agg"/>
    <target href="assembly.xml#Error-Log-Aggregator"/>
  </connections>
  <connections type="routesTo" sourceAnchorX="1.0" sourceAnchorY="0.2641509433962264" targetAnchorX="0.12025316455696203" targetAnchorY="0.10416666666666667">
    <source href="assembly.xml#Error-Log-Aggregator"/>
    <target href="assembly.xml#Store-Error-Log"/>
  </connections>
  <connections type="routesTo" sourceAnchorX="1.0" sourceAnchorY="0.11458333333333333" targetAnchorX="0.20465116279069767" targetAnchorY="0.35135135135135137">
    <source href="assembly.xml#Store-Error-Log"/>
    <target href="assembly.xml#Put-Cloud-Log-Message"/>
  </connections>
  <connections type="routesTo" sourceAnchorX="1.0" sourceAnchorY="0.25196850393700787" targetAnchorX="0.4140127388535032" targetAnchorY="0.40540540540540543">
    <source href="assembly.xml#Log-Error0"/>
    <target href="assembly.xml#Call-Log-Error0"/>
  </connections>
  <connections type="routesTo" sourceAnchorX="1.0" sourceAnchorY="0.35135135135135137" targetAnchorX="0.19631901840490798" targetAnchorY="0.35135135135135137">
    <source href="assembly.xml#Audit-Start-Here"/>
    <target href="assembly.xml#CallRetrieveDoc0"/>
  </connections>
  <connections type="routesResponseTo" sourceAnchorX="0.7973856209150327" sourceAnchorY="1.0" targetAnchorX="0.0" targetAnchorY="0.43243243243243246">
    <source href="assembly.xml#CallRetrieveDoc0"/>
    <target href="assembly.xml#Call-AggBatch_Error"/>
  </connections>
  <connections type="routesResponseTo" sourceAnchorX="0.797752808988764" sourceAnchorY="1.0" targetAnchorX="0.25" targetAnchorY="0.2972972972972973">
    <source href="assembly.xml#Call-AggBatch_Error"/>
    <target href="assembly.xml#Call_StopSummaryAggData0"/>
  </connections>
  <connections type="routesTo" sourceAnchorX="1.0" sourceAnchorY="0.4594594594594595" targetAnchorX="0.1559633027522936" targetAnchorY="0.2204724409448819">
    <source href="assembly.xml#RetrieveDoc0"/>
    <target href="assembly.xml#Initialize_Audit0"/>
  </connections>
  <connections type="routesTo" sourceAnchorX="1.0" sourceAnchorY="0.125" targetAnchorX="0.19170984455958548" targetAnchorY="0.32432432432432434">
    <source href="assembly.xml#Initialize_Audit0"/>
    <target href="assembly.xml#GetEventDocuments10"/>
  </connections>
  <connections type="routesTo" sourceAnchorX="0.5392156862745098" sourceAnchorY="1.0" targetAnchorX="0.6157205240174672" targetAnchorY="0.13513513513513514">
    <source href="assembly.xml#//@beans/@mixed.1/@mixed.249/@mixed.3"/>
    <target href="assembly.xml#PutIntegrationMessage0050"/>
  </connections>
  <connections type="routesResponseTo" sourceAnchorX="0.835820895522388" sourceAnchorY="1.0" targetAnchorX="0.42201834862385323" targetAnchorY="0.39634146341463417">
    <source href="assembly.xml#GetEventDocuments10"/>
    <target href="assembly.xml#Route101"/>
  </connections>
  <connections type="routesTo" sourceAnchorX="0.6206896551724138" sourceAnchorY="1.0" targetAnchorX="0.04783599088838269" targetAnchorY="0.584">
    <source href="assembly.xml#//@beans/@mixed.1/@route.5/@subRoute.0"/>
    <target href="assembly.xml#DocAttributes0"/>
  </connections>
  <connections type="routesTo" sourceAnchorX="0.0" sourceAnchorY="0.2978723404255319" targetAnchorX="0.1588785046728972" targetAnchorY="0.29936305732484075">
    <source href="assembly.xml#DocAttributes0"/>
    <target href="assembly.xml#Route000"/>
  </connections>
  <connections type="routesTo" sourceAnchorX="0.0" sourceAnchorY="0.8666666666666667" targetAnchorX="0.3231441048034934" targetAnchorY="0.3783783783783784">
    <source href="assembly.xml#//@beans/@mixed.1/@mixed.241/@mixed.3"/>
    <target href="assembly.xml#PutIntegrationMessage0060"/>
  </connections>
  <connections type="routesTo" sourceAnchorX="0.9074074074074074" sourceAnchorY="1.0" targetAnchorX="0.2052980132450331" targetAnchorY="0.33695652173913043">
    <source href="assembly.xml#//@beans/@mixed.1/@route.4/@subRoute.0"/>
    <target href="assembly.xml#AsyncMediation80"/>
  </connections>
  <connections type="routesTo" sourceAnchorX="1.0" sourceAnchorY="0.5294117647058824" targetAnchorX="0.23178807947019867" targetAnchorY="0.4583333333333333">
    <source href="assembly.xml#//@beans/@mixed.1/@route.4/@subRoute.1"/>
    <target href="assembly.xml#AsyncMediation90"/>
  </connections>
  <connections type="routesTo" sourceAnchorX="0.8695652173913043" sourceAnchorY="1.0" targetAnchorX="0.12578616352201258" targetAnchorY="0.6630434782608695">
    <source href="assembly.xml#//@beans/@mixed.1/@route.4/@subRoute.2"/>
    <target href="assembly.xml#AsyncMediation1000"/>
  </connections>
  <connections type="routesTo" sourceAnchorX="1.0" sourceAnchorY="0.3125" targetAnchorX="0.18421052631578946" targetAnchorY="0.4864864864864865">
    <source href="assembly.xml#AsyncMediation80"/>
    <target href="assembly.xml#CallProcessBatchResponse"/>
  </connections>
  <connections type="routesTo" sourceAnchorX="0.7389162561576355" sourceAnchorY="1.0" targetAnchorX="0.14847161572052403" targetAnchorY="0.6216216216216216">
    <source href="assembly.xml#//@beans/@mixed.1/@mixed.235/@mixed.3"/>
    <target href="assembly.xml#PutIntegrationMessage0070"/>
  </connections>
  <connections type="routesTo" sourceAnchorX="0.19166666666666668" sourceAnchorY="1.0" targetAnchorX="0.6118721461187214" targetAnchorY="0.13513513513513514">
    <source href="assembly.xml#//@beans/@mixed.1/@mixed.233/@mixed.3"/>
    <target href="assembly.xml#PutIntegrationMessage00700"/>
  </connections>
  <connections type="routesResponseTo" sourceAnchorX="1.0" sourceAnchorY="0.32432432432432434" targetAnchorX="0.03389830508474576" targetAnchorY="0.35135135135135137">
    <source href="assembly.xml#CallProcessBatchResponse"/>
    <target href="assembly.xml#CallCloseAuditAgg0"/>
  </connections>
  <connections type="routesTo" sourceAnchorX="1.0" sourceAnchorY="0.7027027027027027" targetAnchorX="0.2" targetAnchorY="0.25203252032520324">
    <source href="assembly.xml#ProcessBatchResponse"/>
    <target href="assembly.xml#CopyBatchData0"/>
  </connections>
  <connections type="routesTo" sourceAnchorX="1.0" sourceAnchorY="0.18478260869565216" targetAnchorX="0.452991452991453" targetAnchorY="0.10975609756097561">
    <source href="assembly.xml#CopyBatchData0"/>
    <target href="assembly.xml#SplitByBatch0"/>
  </connections>
  <connections type="routesTo" sourceAnchorX="0.427536231884058" sourceAnchorY="1.0" targetAnchorX="0.5589519650655022" targetAnchorY="0.24324324324324326">
    <source href="assembly.xml#//@beans/@mixed.1/@mixed.219/@mixed.3"/>
    <target href="assembly.xml#PutIntegrationMessage0080"/>
  </connections>
  <connections type="routesTo" sourceAnchorX="1.0" sourceAnchorY="0.4411764705882353" targetAnchorX="0.05970149253731343" targetAnchorY="0.17391304347826086">
    <source href="assembly.xml#//@beans/@mixed.1/@splitter.2/@subRoute.0"/>
    <target href="assembly.xml#Build-Request0"/>
  </connections>
  <connections type="routesTo" sourceAnchorX="1.0" sourceAnchorY="0.18110236220472442" targetAnchorX="0.08021390374331551" targetAnchorY="0.08108108108108109">
    <source href="assembly.xml#Build-Request0"/>
    <target href="assembly.xml#GetImportProcMsgs0"/>
  </connections>
  <connections type="routesTo" sourceAnchorX="0.5511811023622047" sourceAnchorY="1.0" targetAnchorX="0.5217391304347826" targetAnchorY="0.02702702702702703">
    <source href="assembly.xml#//@beans/@mixed.1/@mixed.213/@mixed.3"/>
    <target href="assembly.xml#CallAuditLog1"/>
  </connections>
  <connections type="routesResponseTo" sourceAnchorX="1.0" sourceAnchorY="0.35135135135135137" targetAnchorX="0.19480519480519481" targetAnchorY="0.14583333333333334">
    <source href="assembly.xml#GetImportProcMsgs0"/>
    <target href="assembly.xml#Check-Err-Exists0"/>
  </connections>
  <connections type="routesTo" sourceAnchorX="1.0" sourceAnchorY="0.16666666666666666" targetAnchorX="0.2348993288590604" targetAnchorY="0.16666666666666666">
    <source href="assembly.xml#Check-Err-Exists0"/>
    <target href="assembly.xml#Transform-Resp0"/>
  </connections>
  <connections type="routesTo" sourceAnchorX="0.7414965986394558" sourceAnchorY="1.0" targetAnchorX="0.620253164556962" targetAnchorY="0.4594594594594595">
    <source href="assembly.xml#//@beans/@mixed.1/@mixed.207/@mixed.3"/>
    <target href="assembly.xml#PutIntegrationMessage00100"/>
  </connections>
  <connections type="routesTo" sourceAnchorX="1.0" sourceAnchorY="0.3333333333333333" targetAnchorX="0.12396694214876033" targetAnchorY="0.5915492957746479">
    <source href="assembly.xml#Transform-Resp0"/>
    <target href="assembly.xml#Aggregator-Log0"/>
  </connections>
  <connections type="routesTo" sourceAnchorX="0.3380281690140845" sourceAnchorY="1.0" targetAnchorX="0.49344978165938863" targetAnchorY="0.21621621621621623">
    <source href="assembly.xml#//@beans/@mixed.1/@mixed.203/@mixed.3"/>
    <target href="assembly.xml#PutIntegrationMessage0090"/>
  </connections>
  <connections type="routesTo" sourceAnchorX="0.42105263157894735" sourceAnchorY="1.0" targetAnchorX="0.3505747126436782" targetAnchorY="0.2358490566037736">
    <source href="assembly.xml#CloseAuditAgg0"/>
    <target href="assembly.xml#Aggregator-Log0"/>
  </connections>
  <connections type="routesTo" sourceAnchorX="1.0" sourceAnchorY="0.3113207547169811" targetAnchorX="0.14084507042253522" targetAnchorY="0.22916666666666666">
    <source href="assembly.xml#Aggregator-Log0"/>
    <target href="assembly.xml#Store-Audit-File0"/>
  </connections>
  <connections type="routesTo" sourceAnchorX="0.8111888111888111" sourceAnchorY="1.0" targetAnchorX="0.13592233009708737" targetAnchorY="0.44502617801047123">
    <source href="assembly.xml#AggBatch_Error"/>
    <target href="assembly.xml#Route10"/>
  </connections>
  <connections type="routesTo" sourceAnchorX="0.8617021276595744" sourceAnchorY="1.0" targetAnchorX="0.03125" targetAnchorY="0.48">
    <source href="assembly.xml#//@beans/@mixed.1/@route.3/@subRoute.0"/>
    <target href="assembly.xml#RouteErrorHandler00"/>
  </connections>
  <connections type="routesTo" sourceAnchorX="0.8191489361702128" sourceAnchorY="1.0" targetAnchorX="0.05223880597014925" targetAnchorY="0.176">
    <source href="assembly.xml#//@beans/@mixed.1/@route.3/@subRoute.1"/>
    <target href="assembly.xml#AsyncMediation7"/>
  </connections>
  <connections type="routesTo" sourceAnchorX="1.0" sourceAnchorY="0.176" targetAnchorX="0.006535947712418301" targetAnchorY="0.46226415094339623">
    <source href="assembly.xml#RouteErrorHandler00"/>
    <target href="assembly.xml#Aggregator000"/>
  </connections>
  <connections type="routesTo" sourceAnchorX="0.22875816993464052" sourceAnchorY="1.0" targetAnchorX="0.5428571428571428" targetAnchorY="0.1276595744680851">
    <source href="assembly.xml#//@beans/@mixed.1/@mixed.189/@mixed.3"/>
    <target href="assembly.xml#AsyncMediation111"/>
  </connections>
  <connections type="routesTo" sourceAnchorX="1.0" sourceAnchorY="0.224" targetAnchorX="0.013071895424836602" targetAnchorY="0.4716981132075472">
    <source href="assembly.xml#AsyncMediation7"/>
    <target href="assembly.xml#Aggregator000"/>
  </connections>
  <connections type="routesTo" sourceAnchorX="0.3333333333333333" sourceAnchorY="1.0" targetAnchorX="0.5223880597014925" targetAnchorY="0.07608695652173914">
    <source href="assembly.xml#//@beans/@mixed.1/@mixed.185/@mixed.3"/>
    <target href="assembly.xml#AsyncMediation11"/>
  </connections>
  <connections type="routesTo" sourceAnchorX="0.5034965034965035" sourceAnchorY="1.0" targetAnchorX="0.5229885057471264" targetAnchorY="0.16981132075471697">
    <source href="assembly.xml#StopSummaryAggData0"/>
    <target href="assembly.xml#Aggregator000"/>
  </connections>
  <connections type="routesTo" sourceAnchorX="1.0" sourceAnchorY="0.27358490566037735" targetAnchorX="0.0963855421686747" targetAnchorY="0.6486486486486487">
    <source href="assembly.xml#Aggregator000"/>
    <target href="assembly.xml#CallFinalSummary"/>
  </connections>
  <connections type="routesTo" sourceAnchorX="0.8092105263157895" sourceAnchorY="1.0" targetAnchorX="0.12582781456953643" targetAnchorY="0.09782608695652174">
    <source href="assembly.xml#FinalSummary"/>
    <target href="assembly.xml#Final_Audit_FIle_Generation0"/>
  </connections>
  <connections type="routesTo" sourceAnchorX="0.3464052287581699" sourceAnchorY="1.0" targetAnchorX="0.589041095890411" targetAnchorY="0.24324324324324326">
    <source href="assembly.xml#//@beans/@mixed.1/@mixed.173/@mixed.3"/>
    <target href="assembly.xml#CallAuditLog00"/>
  </connections>
  <connections type="routesTo" sourceAnchorX="1.0" sourceAnchorY="0.3783783783783784" targetAnchorX="0.1016949152542373" targetAnchorY="0.35135135135135137">
    <source href="assembly.xml#Audit-Log-Error0"/>
    <target href="assembly.xml#Put-Audit-Process-Error0"/>
  </connections>
  <connections type="routesTo" sourceAnchorX="1.0" sourceAnchorY="0.4594594594594595" targetAnchorX="0.1456953642384106" targetAnchorY="0.17391304347826086">
    <source href="assembly.xml#//@beans/@mixed.1/@mixed.265"/>
    <target href="assembly.xml#Store-CL-Critical"/>
  </connections>
  <connections type="routesTo" sourceAnchorX="1.0" sourceAnchorY="0.09782608695652174" targetAnchorX="0.1836734693877551" targetAnchorY="0.2702702702702703">
    <source href="assembly.xml#Store-CL-Critical"/>
    <target href="assembly.xml#Put-PIM-Critical-Error"/>
  </connections>
  <connections type="routesTo" sourceAnchorX="0.7818181818181819" sourceAnchorY="1.0" targetAnchorX="0.10509554140127389" targetAnchorY="0.15625">
    <source href="assembly.xml#ProcessUpdatedOffcycle"/>
    <target href="assembly.xml#OffCycleSplit0"/>
  </connections>
  <connections type="routesTo" sourceAnchorX="0.6488095238095238" sourceAnchorY="1.0" targetAnchorX="0.5251141552511416" targetAnchorY="0.5675675675675675">
    <source href="assembly.xml#processInActives"/>
    <target href="assembly.xml#Call-Addpaymentpriority0"/>
  </connections>
  <connections type="routesResponseTo" sourceAnchorX="0.684931506849315" sourceAnchorY="1.0" targetAnchorX="0.672" targetAnchorY="0.5405405405405406">
    <source href="assembly.xml#Call-Addpaymentpriority0"/>
    <target href="assembly.xml#Call-ProcessUpdatedOffcycle"/>
  </connections>
  <connections type="routesTo" sourceAnchorX="0.7016574585635359" sourceAnchorY="1.0" targetAnchorX="0.40397350993377484" targetAnchorY="0.13541666666666666">
    <source href="assembly.xml#Addpaymentpriority"/>
    <target href="assembly.xml#AsyncMediation0"/>
  </connections>
  <connections type="routesTo" sourceAnchorX="1.0" sourceAnchorY="0.3541666666666667" targetAnchorX="0.2972972972972973" targetAnchorY="0.09146341463414634">
    <source href="assembly.xml#AsyncMediation0"/>
    <target href="assembly.xml#Split-Valid_Recs"/>
  </connections>
  <connections type="routesTo" sourceAnchorX="0.7185185185185186" sourceAnchorY="1.0" targetAnchorX="0.26490066225165565" targetAnchorY="0.4891304347826087">
    <source href="assembly.xml#//@beans/@mixed.1/@splitter.3/@subRoute.0"/>
    <target href="assembly.xml#Updatepriority"/>
  </connections>
  <connections type="routesTo" sourceAnchorX="1.0" sourceAnchorY="0.3541666666666667" targetAnchorX="0.3333333333333333" targetAnchorY="0.18867924528301888">
    <source href="assembly.xml#Updatepriority"/>
    <target href="assembly.xml#Aggregator1"/>
  </connections>
  <connections type="routesTo" sourceAnchorX="1.0" sourceAnchorY="0.330188679245283" targetAnchorX="0.41509433962264153" targetAnchorY="0.16666666666666666">
    <source href="assembly.xml#Aggregator1"/>
    <target href="assembly.xml#AsyncMediation30"/>
  </connections>
  <connections type="routesTo" sourceAnchorX="0.5868055555555556" sourceAnchorY="1.0" targetAnchorX="0.4835680751173709" targetAnchorY="0.6486486486486487">
    <source href="assembly.xml#//@beans/@mixed.1/@mixed.25/@mixed.3"/>
    <target href="assembly.xml#PutIntegrationMessage1"/>
  </connections>
  <connections type="routesTo" sourceAnchorX="1.0" sourceAnchorY="0.25471698113207547" targetAnchorX="0.2875" targetAnchorY="0.2708333333333333">
    <source href="assembly.xml#ImportBatchAgg"/>
    <target href="assembly.xml#StoreAggRespFile"/>
  </connections>
  <connections type="routesResponseTo" sourceAnchorX="0.6629213483146067" sourceAnchorY="1.0" targetAnchorX="0.20786516853932585" targetAnchorY="0.32432432432432434">
    <source href="assembly.xml#CallStoreBatchFile"/>
    <target href="assembly.xml#CallCloseErrorAgg"/>
  </connections>
  <connections type="routesTo" sourceAnchorX="0.6254071661237784" sourceAnchorY="1.0" targetAnchorX="0.5462555066079295" targetAnchorY="0.32432432432432434">
    <source href="assembly.xml#//@beans/@mixed.1/@mixed.145/@mixed.3"/>
    <target href="assembly.xml#Call-PIM-Error-Import1000"/>
  </connections>
  <connections type="routesTo" sourceAnchorX="0.8511326860841424" sourceAnchorY="1.0" targetAnchorX="0.5662100456621004" targetAnchorY="0.4864864864864865">
    <source href="assembly.xml#//@beans/@mixed.1/@mixed.101/@mixed.3"/>
    <target href="assembly.xml#Call-PIM-Error-Import101"/>
  </connections>
  <connections type="routesTo" sourceAnchorX="0.604" sourceAnchorY="1.0" targetAnchorX="0.5384615384615384" targetAnchorY="0.43243243243243246">
    <source href="assembly.xml#//@beans/@mixed.1/@mixed.13/@mixed.3"/>
    <target href="assembly.xml#PutIntegrationMessage00"/>
  </connections>
  <connections type="routesTo" sourceAnchorX="1.0" sourceAnchorY="0.40540540540540543" targetAnchorX="0.4017094017094017" targetAnchorY="0.0975609756097561">
    <source href="assembly.xml#GetFile"/>
    <target href="assembly.xml#Route0"/>
  </connections>
  <connections type="routesTo" sourceAnchorX="0.8365384615384616" sourceAnchorY="1.0" targetAnchorX="0.2732919254658385" targetAnchorY="0.07874015748031496">
    <source href="assembly.xml#//@beans/@mixed.1/@route.0/@subRoute.0"/>
    <target href="assembly.xml#CheckFileEmpty"/>
  </connections>
  <connections type="routesTo" sourceAnchorX="0.8382352941176471" sourceAnchorY="1.0" targetAnchorX="0.17532467532467533" targetAnchorY="0.5945945945945946">
    <source href="assembly.xml#//@beans/@mixed.1/@mixed.293/@mixed.3"/>
    <target href="assembly.xml#PIMEmptyFile0"/>
  </connections>
  <connections type="routesTo" sourceAnchorX="0.835820895522388" sourceAnchorY="1.0" targetAnchorX="0.6832298136645962" targetAnchorY="0.13385826771653545">
    <source href="assembly.xml#RetrieveFile"/>
    <target href="assembly.xml#AsyncMediation"/>
  </connections>
  <connections type="routesTo" sourceAnchorX="1.0" sourceAnchorY="0.2047244094488189" targetAnchorX="0.11864406779661017" targetAnchorY="0.13385826771653545">
    <source href="assembly.xml#AsyncMediation"/>
    <target href="assembly.xml#ConvertFiletoXML"/>
  </connections>
  <connections type="routesResponseTo" sourceAnchorX="0.7662337662337663" sourceAnchorY="1.0" targetAnchorX="0.25925925925925924" targetAnchorY="0.22916666666666666">
    <source href="assembly.xml#PIMEmptyFile0"/>
    <target href="assembly.xml#StopProcess0"/>
  </connections>
  <connections type="routesResponseTo" sourceAnchorX="0.7191780821917808" sourceAnchorY="1.0" targetAnchorX="0.1888111888111888" targetAnchorY="0.2916666666666667">
    <source href="assembly.xml#PIMMultiplefiles"/>
    <target href="assembly.xml#StopProcess00"/>
  </connections>
  <swimlanes name="Swimlane" orientation="VERTICAL">
    <elements href="assembly.xml#StartHere"/>
    <elements href="assembly.xml#IntegrationStarted"/>
  </swimlanes>
  <swimlanes x="146" y="59" bgColor="16777215" name="1-Main Assembly">
    <elements href="#//@swimlanes.0"/>
    <elements href="assembly.xml#CallInit"/>
    <elements href="assembly.xml#CallGetFile"/>
    <elements href="assembly.xml#CallRetrieveFile"/>
    <elements href="assembly.xml#CallGetWorkers"/>
    <elements href="assembly.xml#Call_Aggregator"/>
    <elements href="assembly.xml#CallStopAgg"/>
    <elements href="assembly.xml#Call-submitPayrollWWS"/>
    <elements href="assembly.xml#CallStoreBatchFile"/>
    <elements href="assembly.xml#CallCloseErrorAgg"/>
  </swimlanes>
  <swimlanes x="139" y="317" name="1.1Init">
    <elements href="assembly.xml#Init"/>
    <elements href="#//@swimlanes.71"/>
    <elements href="assembly.xml#PIM-ValidationMode"/>
  </swimlanes>
  <swimlanes name="Swimlane" orientation="VERTICAL">
    <elements href="assembly.xml#CheckFileEmpty"/>
    <elements href="assembly.xml#PIMMultiplefiles"/>
    <elements href="assembly.xml#StopProcess00"/>
  </swimlanes>
  <swimlanes x="820" y="310" bgColor="16777215" name="2-Read File Assembly">
    <elements href="assembly.xml#GetFile"/>
    <elements href="assembly.xml#Route0"/>
    <elements href="#//@swimlanes.3"/>
  </swimlanes>
  <swimlanes x="128" y="733" bgColor="16777215" name="3-Retrieval Assembly" alignment="MIDDLE" labelAlignment="LEFT">
    <elements href="assembly.xml#RetrieveFile"/>
    <elements href="#//@swimlanes.72"/>
    <elements href="#//@swimlanes.68"/>
  </swimlanes>
  <swimlanes x="96" y="1142" name="GetWorkers">
    <elements href="assembly.xml#GetWorkers"/>
    <elements href="#//@swimlanes.7"/>
    <elements href="assembly.xml#PagedGet"/>
    <elements href="#//@swimlanes.8"/>
  </swimlanes>
  <swimlanes x="313" y="1150" name="Build Get Workers" orientation="VERTICAL">
    <elements href="assembly.xml#BuildWorkersReq"/>
    <elements href="assembly.xml#PIMPagedGetError"/>
    <elements href="assembly.xml#StopProcess"/>
  </swimlanes>
  <swimlanes x="673" y="1198" name="Get Workers Response" orientation="VERTICAL">
    <elements href="assembly.xml#ConvertToSimpleXML"/>
    <elements href="assembly.xml#PutIntegrationMessage"/>
  </swimlanes>
  <swimlanes name="" orientation="VERTICAL">
    <elements href="assembly.xml#RouteErrorHandler"/>
    <elements href="assembly.xml#PutIntegrationMessage010"/>
  </swimlanes>
  <swimlanes name="" orientation="VERTICAL">
    <elements href="assembly.xml#CopyWorkerData"/>
    <elements href="assembly.xml#CopyInputFileData"/>
  </swimlanes>
  <swimlanes name="" orientation="VERTICAL">
    <elements href="assembly.xml#StopAggData"/>
    <elements href="assembly.xml#Aggregator0"/>
  </swimlanes>
  <swimlanes name="Swimlane">
    <elements href="assembly.xml#AsyncMediation4"/>
  </swimlanes>
  <swimlanes name="Swimlane" elements="//@swimlanes.11 //@swimlanes.12"/>
  <swimlanes x="84" y="1593" bgColor="16777215" name="Aggregate Input FIle Data And Simple Get Worker Response">
    <elements href="assembly.xml#AggData"/>
    <elements href="#//@swimlanes.9"/>
    <elements href="assembly.xml#Route1"/>
    <elements href="#//@swimlanes.10"/>
    <elements href="#//@swimlanes.13"/>
  </swimlanes>
  <swimlanes name="Build-And-Split" orientation="VERTICAL">
    <elements href="assembly.xml#Build-Import-PI0"/>
    <elements href="assembly.xml#PutIntegrationMessage003"/>
  </swimlanes>
  <swimlanes name="Swimlane" orientation="VERTICAL">
    <elements href="assembly.xml#AsyncMediation40"/>
    <elements href="assembly.xml#AsyncMediation5"/>
  </swimlanes>
  <swimlanes name="Swimlane" orientation="VERTICAL">
    <elements href="assembly.xml#Call-processActives"/>
    <elements href="assembly.xml#Call-processInActives"/>
  </swimlanes>
  <swimlanes bgColor="65408" name="Swimlane" elements="//@swimlanes.16 //@swimlanes.17"/>
  <swimlanes name="Swimlane" orientation="VERTICAL">
    <elements href="assembly.xml#Log-Error0"/>
    <elements href="assembly.xml#Call-PIM-Error-Import0"/>
  </swimlanes>
  <swimlanes bgColor="6183423" name="Error Records">
    <elements href="assembly.xml#Get-Errors-Exist0"/>
    <elements href="#//@swimlanes.19"/>
    <elements href="assembly.xml#Call-Log-Error0"/>
  </swimlanes>
  <swimlanes name="Split Into Batches" orientation="VERTICAL" elements="//@swimlanes.18 //@swimlanes.20"/>
  <swimlanes x="84" y="1985" font="Arial|11|1" bgColor="16777215" fontColor="1" name="Sub_Assembly_Import_Payroll_Inputs" labelAlignment="LEFT">
    <elements href="assembly.xml#submitPayrollWWS"/>
    <elements href="#//@swimlanes.15"/>
    <elements href="assembly.xml#Process-Success-and-Errors0"/>
    <elements href="#//@swimlanes.21"/>
  </swimlanes>
  <swimlanes bgColor="8454016" lineStyle="DASHDOTDOT" name="Swimlane" orientation="VERTICAL">
    <elements href="assembly.xml#OnCycleChk"/>
    <elements href="assembly.xml#AsyncMediation10"/>
  </swimlanes>
  <swimlanes name="" orientation="VERTICAL">
    <elements href="assembly.xml#AsyncMediation60"/>
    <elements href="assembly.xml#Call-PIM-Error-Import10"/>
  </swimlanes>
  <swimlanes bgColor="8454016" name="On Cycle Valid Records">
    <elements href="assembly.xml#Splitter-PI0"/>
    <elements href="#//@swimlanes.24"/>
  </swimlanes>
  <swimlanes x="84" y="2843" font="Arial|9|1" bgColor="16777215" lineStyle="DOT" fontColor="1" name="Process OnCycle " labelAlignment="LEFT">
    <elements href="assembly.xml#processActives"/>
    <elements href="#//@swimlanes.70"/>
    <elements href="#//@swimlanes.23"/>
    <elements href="#//@swimlanes.25"/>
    <elements href="assembly.xml#Call-triggerWebService0"/>
  </swimlanes>
  <swimlanes name="" orientation="VERTICAL">
    <elements href="assembly.xml#Store-Resp-WID"/>
    <elements href="assembly.xml#PutIntegrationMessage004"/>
  </swimlanes>
  <swimlanes name="Close-Batch-Aggregator" orientation="VERTICAL">
    <elements href="assembly.xml#CloseBatchAgg"/>
    <elements href="assembly.xml#ImportBatchAgg"/>
  </swimlanes>
  <swimlanes x="68" y="4170" font="Arial|11|1" bgColor="16777215" fontColor="1" name="Trigger WebService" labelAlignment="LEFT">
    <elements href="assembly.xml#triggerWebService"/>
    <elements href="assembly.xml#Validation-ON"/>
    <elements href="assembly.xml#Import-Payroll-Inputs"/>
    <elements href="assembly.xml#Validation-OFF"/>
    <elements href="#//@swimlanes.27"/>
    <elements href="#//@swimlanes.28"/>
    <elements href="assembly.xml#StoreAggRespFile"/>
    <elements href="assembly.xml#PutIntegrationMessage0"/>
  </swimlanes>
  <swimlanes x="84" y="4848" font="Arial|11|1" bgColor="16777215" fontColor="1" name="Sub_Assembly_Put_PIM" labelAlignment="LEFT">
    <elements href="assembly.xml#Log-PIM-Error"/>
    <elements href="assembly.xml#Put-Process-Error"/>
  </swimlanes>
  <swimlanes bgColor="8454016" lineStyle="DASHDOTDOT" name="Swimlane" orientation="VERTICAL">
    <elements href="assembly.xml#OffCycleChk0"/>
    <elements href="assembly.xml#AsyncMediation100"/>
  </swimlanes>
  <swimlanes name="" orientation="VERTICAL">
    <elements href="assembly.xml#AsyncMediation600"/>
    <elements href="assembly.xml#Call-PIM-Error-Import100"/>
  </swimlanes>
  <swimlanes bgColor="8454016" name="Off Cycle Valid Records">
    <elements href="assembly.xml#Splitter-PI00"/>
    <elements href="#//@swimlanes.32"/>
  </swimlanes>
  <swimlanes x="84" y="3283" font="Arial|9|1" bgColor="16777215" lineStyle="DOT" fontColor="1" name="Process OffCycle " elements="//@swimlanes.67 //@swimlanes.65" labelAlignment="LEFT"/>
  <swimlanes name="Swimlane" orientation="VERTICAL">
    <elements href="assembly.xml#Handle-Logging-Errors"/>
    <elements href="assembly.xml#Call-PIM-Error-Logging"/>
  </swimlanes>
  <swimlanes name="Swimlane" orientation="VERTICAL">
    <elements href="assembly.xml#Close-Error-Agg"/>
    <elements href="assembly.xml#Error-Log-Aggregator"/>
  </swimlanes>
  <swimlanes x="84" y="4513" font="Arial|11|1" bgColor="16777215" fontColor="1" name="Sub_Assembly_Store_Error_Log" labelAlignment="LEFT">
    <elements href="assembly.xml#StoreErrorLog"/>
    <elements href="#//@swimlanes.35"/>
    <elements href="#//@swimlanes.36"/>
    <elements href="assembly.xml#Store-Error-Log"/>
    <elements href="assembly.xml#Put-Cloud-Log-Message"/>
  </swimlanes>
  <swimlanes font="Arial|11|1" bgColor="4390911" fontColor="1" name="Main" labelAlignment="LEFT">
    <elements href="assembly.xml#Audit-Start-Here"/>
    <elements href="assembly.xml#CallRetrieveDoc0"/>
    <elements href="assembly.xml#Call-AggBatch_Error"/>
    <elements href="assembly.xml#Call_StopSummaryAggData0"/>
  </swimlanes>
  <swimlanes name="" orientation="VERTICAL">
    <elements href="assembly.xml#Initialize_Audit0"/>
    <elements href="assembly.xml#PutIntegrationMessage0050"/>
  </swimlanes>
  <swimlanes name="Swimlane" orientation="VERTICAL">
    <elements href="assembly.xml#DocAttributes0"/>
    <elements href="assembly.xml#PutIntegrationMessage0060"/>
  </swimlanes>
  <swimlanes name="Check_Batch" orientation="VERTICAL">
    <elements href="assembly.xml#AsyncMediation80"/>
  </swimlanes>
  <swimlanes name="Process_Errors" orientation="VERTICAL">
    <elements href="assembly.xml#AsyncMediation90"/>
    <elements href="assembly.xml#PutIntegrationMessage00700"/>
  </swimlanes>
  <swimlanes name="" orientation="VERTICAL">
    <elements href="#//@swimlanes.41"/>
    <elements href="#//@swimlanes.42"/>
    <elements href="assembly.xml#AsyncMediation1000"/>
  </swimlanes>
  <swimlanes name="Call_Process_Batch">
    <elements href="assembly.xml#CallProcessBatchResponse"/>
    <elements href="assembly.xml#CallCloseAuditAgg0"/>
  </swimlanes>
  <swimlanes name="" orientation="VERTICAL">
    <elements href="#//@swimlanes.44"/>
    <elements href="assembly.xml#PutIntegrationMessage0070"/>
  </swimlanes>
  <swimlanes name="Swimlane" elements="//@swimlanes.43 //@swimlanes.45"/>
  <swimlanes font="Arial|11|1" bgColor="4390911" fontColor="1" name="Retrieve_Event_Documanets" labelAlignment="LEFT">
    <elements href="assembly.xml#RetrieveDoc0"/>
    <elements href="#//@swimlanes.39"/>
    <elements href="assembly.xml#GetEventDocuments10"/>
    <elements href="assembly.xml#Route101"/>
    <elements href="#//@swimlanes.40"/>
    <elements href="assembly.xml#Route000"/>
    <elements href="#//@swimlanes.46"/>
  </swimlanes>
  <swimlanes name="" orientation="VERTICAL">
    <elements href="assembly.xml#CopyBatchData0"/>
    <elements href="assembly.xml#PutIntegrationMessage0080"/>
  </swimlanes>
  <swimlanes name="Swimlane" orientation="VERTICAL">
    <elements href="assembly.xml#Build-Request0"/>
    <elements href="assembly.xml#CallAuditLog1"/>
  </swimlanes>
  <swimlanes name="" orientation="VERTICAL">
    <elements href="assembly.xml#Check-Err-Exists0"/>
    <elements href="assembly.xml#PutIntegrationMessage00100"/>
  </swimlanes>
  <swimlanes name="" orientation="VERTICAL">
    <elements href="assembly.xml#Transform-Resp0"/>
    <elements href="assembly.xml#PutIntegrationMessage0090"/>
  </swimlanes>
  <swimlanes name="Swimlane" orientation="VERTICAL">
    <elements href="assembly.xml#CloseAuditAgg0"/>
    <elements href="assembly.xml#Aggregator-Log0"/>
  </swimlanes>
  <swimlanes font="Arial|11|1" bgColor="4390911" fontColor="1" name="Sub_Assembly_Process_Import_Response" labelAlignment="LEFT">
    <elements href="assembly.xml#ProcessBatchResponse"/>
    <elements href="#//@swimlanes.48"/>
    <elements href="assembly.xml#SplitByBatch0"/>
    <elements href="#//@swimlanes.49"/>
    <elements href="assembly.xml#GetImportProcMsgs0"/>
    <elements href="#//@swimlanes.50"/>
    <elements href="#//@swimlanes.51"/>
    <elements href="#//@swimlanes.52"/>
    <elements href="assembly.xml#Store-Audit-File0"/>
  </swimlanes>
  <swimlanes name="CheckForBatch" orientation="VERTICAL">
    <elements href="assembly.xml#RouteErrorHandler00"/>
    <elements href="assembly.xml#AsyncMediation111"/>
  </swimlanes>
  <swimlanes name="CheckForError" orientation="VERTICAL">
    <elements href="assembly.xml#AsyncMediation7"/>
    <elements href="assembly.xml#AsyncMediation11"/>
  </swimlanes>
  <swimlanes name="Swimlane" orientation="VERTICAL" elements="//@swimlanes.54 //@swimlanes.55"/>
  <swimlanes name="Swimlane" orientation="VERTICAL">
    <elements href="assembly.xml#StopSummaryAggData0"/>
    <elements href="assembly.xml#Aggregator000"/>
  </swimlanes>
  <swimlanes bgColor="4390911" name="Aggregate Batch Data | Error Data">
    <elements href="assembly.xml#AggBatch_Error"/>
    <elements href="assembly.xml#Route10"/>
    <elements href="#//@swimlanes.56"/>
    <elements href="#//@swimlanes.57"/>
    <elements href="assembly.xml#CallFinalSummary"/>
  </swimlanes>
  <swimlanes name="" orientation="VERTICAL">
    <elements href="assembly.xml#Final_Audit_FIle_Generation0"/>
    <elements href="assembly.xml#CallAuditLog00"/>
  </swimlanes>
  <swimlanes bgColor="4390911" name="Generate Audit File">
    <elements href="assembly.xml#FinalSummary"/>
    <elements href="#//@swimlanes.59"/>
  </swimlanes>
  <swimlanes font="Arial|11|1" bgColor="4390911" fontColor="1" name="Sub_Assembly_Log_PIM" labelAlignment="LEFT">
    <elements href="assembly.xml#Audit-Log-Error0"/>
    <elements href="assembly.xml#Put-Audit-Process-Error0"/>
  </swimlanes>
  <swimlanes x="68" y="5184" font="Arial|16|1" bgColor="13565951" fontColor="1" name="Audit Sub Integration" orientation="VERTICAL" elements="//@swimlanes.38 //@swimlanes.47 //@swimlanes.53 //@swimlanes.58 //@swimlanes.60 //@swimlanes.61" labelAlignment="LEFT"/>
  <swimlanes x="96" y="4999" font="Arial|11|1" bgColor="255" fontColor="1" name="Global Error Handler" labelAlignment="LEFT">
    <elements href="assembly.xml#//@beans/@mixed.1/@mixed.265"/>
    <elements href="assembly.xml#Store-CL-Critical"/>
    <elements href="assembly.xml#Put-PIM-Critical-Error"/>
  </swimlanes>
  <swimlanes x="281" y="3379" name="PrepareOffcycle">
    <elements href="assembly.xml#ProcessUpdatedOffcycle"/>
    <elements href="#//@swimlanes.69"/>
    <elements href="#//@swimlanes.31"/>
    <elements href="#//@swimlanes.33"/>
    <elements href="assembly.xml#Call-triggerWebService00"/>
  </swimlanes>
  <swimlanes x="283" y="3370" name="Swimlane" orientation="VERTICAL" elements="//@swimlanes.66 //@swimlanes.64"/>
  <swimlanes x="324" y="3369" name="Addpayment priority">
    <elements href="assembly.xml#Addpaymentpriority"/>
    <elements href="assembly.xml#AsyncMediation0"/>
    <elements href="assembly.xml#Split-Valid_Recs"/>
    <elements href="assembly.xml#Updatepriority"/>
    <elements href="assembly.xml#Aggregator1"/>
    <elements href="assembly.xml#AsyncMediation30"/>
  </swimlanes>
  <swimlanes x="98" y="3372" name="Swimlane" orientation="VERTICAL">
    <elements href="assembly.xml#processInActives"/>
    <elements href="assembly.xml#Call-Addpaymentpriority0"/>
    <elements href="assembly.xml#Call-ProcessUpdatedOffcycle"/>
  </swimlanes>
  <swimlanes x="302" y="962" name="Swimlane" orientation="VERTICAL">
    <elements href="assembly.xml#ConvertFiletoXML"/>
    <elements href="assembly.xml#PutIntegrationMessage1"/>
  </swimlanes>
  <swimlanes x="613" y="3758" name="Swimlane" orientation="VERTICAL">
    <elements href="assembly.xml#OffCycleSplit0"/>
    <elements href="assembly.xml#Call-PIM-Error-Import1000"/>
  </swimlanes>
  <swimlanes x="269" y="2961" name="Swimlane" orientation="VERTICAL">
    <elements href="assembly.xml#OnCycleSplit"/>
    <elements href="assembly.xml#Call-PIM-Error-Import101"/>
  </swimlanes>
  <swimlanes x="242" y="403" name="Swimlane" orientation="VERTICAL">
    <elements href="assembly.xml#Attributes"/>
    <elements href="assembly.xml#PutIntegrationMessage00"/>
  </swimlanes>
  <swimlanes x="303" y="923" name="Check EMpty file" orientation="VERTICAL">
    <elements href="assembly.xml#AsyncMediation"/>
    <elements href="assembly.xml#PIMEmptyFile0"/>
    <elements href="assembly.xml#StopProcess0"/>
  </swimlanes>
</wdnm:Diagram>
