<?xml version="1.0" encoding="UTF-8"?>
<beans
     xmlns="http://www.springframework.org/schema/beans"
     xmlns:beans="http://www.springframework.org/schema/beans"
     xmlns:atom="http://www.w3.org/2005/Atom"
     xmlns:cc="http://www.capeclear.com/assembly/10"
     xmlns:cloud="urn:com.workday/esb/cloud/10.0"
     xmlns:env="http://schemas.xmlsoap.org/soap/envelope/"
     xmlns:pi="urn:com.workday/picof"
     xmlns:wd="urn:com.workday/bsvc"
     xmlns:xsi="http://www.w3.org/2001/XMLSchema-instance">
 
	<cc:assembly id="WorkdayAssembly" version="2023.15">
        <cc:workday-in id="General" routes-to="Call-Init-Variables">
            <cc:integration-system name="INT0220 Fidelity H&amp;W Payroll Deductions Inbound">
        <cloud:param name="Validation Mode">
          <cloud:type>
            <cloud:simple-type>boolean</cloud:simple-type>
          </cloud:type>
          <cloud:default>
            <cloud:boolean>true</cloud:boolean>
          </cloud:default>
        </cloud:param>
        <cloud:param name="As of Date and Time">
          <cloud:type>
            <cloud:simple-type>datetime</cloud:simple-type>
          </cloud:type>
          <cloud:default>
            <cloud:class-report-field description="Current Moment (DateTime)" type="WID">df4effe76deb4222a79001d6737cf91c</cloud:class-report-field>
          </cloud:default>
        </cloud:param>
        <cloud:param name="Expected Pay Group in the file (Optional)">
          <cloud:type>
            <cloud:class-report-field description="Pay Group" type="WID" singular="true">4b41523fe5b5100008428803f74d010b</cloud:class-report-field>
          </cloud:type>
        </cloud:param>
        <cloud:param name="Is AE File ? (Optional)">
          <cloud:type>
            <cloud:simple-type>boolean</cloud:simple-type>
          </cloud:type>
          <cloud:default>
            <cloud:boolean>false</cloud:boolean>
          </cloud:default>
        </cloud:param>
        <cloud:param name="AE File - Override Date for Pay Period End Date (Required if Is AE File is checked)">
          <cloud:type>
            <cloud:simple-type>date</cloud:simple-type>
          </cloud:type>
        </cloud:param>
        <cloud:attribute-map-service name="INT0220 - Map Service Level 1">
          <cloud:map name="Workday Earning/Deduction Code Map">
            <cloud:internal-type>
              <cloud:enumeration-type name="INT0220-Input_File_Combination_Map_1">
                <cloud:enumeration>MEDB+DTL_9</cloud:enumeration>
                <cloud:enumeration>DENB+DTL_9</cloud:enumeration>
                <cloud:enumeration>VISB+DTL_9</cloud:enumeration>
                <cloud:enumeration>OPLA+DTL_10</cloud:enumeration>
                <cloud:enumeration>SPLA+DTL_10</cloud:enumeration>
                <cloud:enumeration>CHLA+DTL_10</cloud:enumeration>
                <cloud:enumeration>LTDB+DTL_9</cloud:enumeration>
                <cloud:enumeration>OPAA+DTL_10</cloud:enumeration>
                <cloud:enumeration>CACA+DTL_10</cloud:enumeration>
                <cloud:enumeration>ANSA+DTL_10</cloud:enumeration>
                <cloud:enumeration>HSPA+DTL_10</cloud:enumeration>
                <cloud:enumeration>HSEA+DTL_10</cloud:enumeration>
                <cloud:enumeration>HSAB+DTL_9</cloud:enumeration>
                <cloud:enumeration>HCAB+DTL_9</cloud:enumeration>
                <cloud:enumeration>DCAB+DTL_9</cloud:enumeration>
                <cloud:enumeration>VACB+DTL_9</cloud:enumeration>
                <cloud:enumeration>IMPA+DTL_12</cloud:enumeration>
                <cloud:enumeration>IMSA+DTL_12</cloud:enumeration>
                <cloud:enumeration>MEDA+DTL_10</cloud:enumeration>
                <cloud:enumeration>PTAA+DTL_12</cloud:enumeration>
                <cloud:enumeration>DENA+DTL_10</cloud:enumeration>
                <cloud:enumeration>PTBA+DTL_12</cloud:enumeration>
                <cloud:enumeration>VISA+DTL_10</cloud:enumeration>
                <cloud:enumeration>DCAB+DTL_13</cloud:enumeration>
                <cloud:enumeration>HCAB+DTL_13</cloud:enumeration>
                <cloud:enumeration>HSAB+DTL_13</cloud:enumeration>
                <cloud:enumeration>VACB+DTL_13</cloud:enumeration>
                <cloud:enumeration>LPAB+DTL_13</cloud:enumeration>
                <cloud:enumeration>HSEA+DTL_13</cloud:enumeration>
              </cloud:enumeration-type>
            </cloud:internal-type>
            <cloud:external-type>
              <cloud:simple-type>text</cloud:simple-type>
            </cloud:external-type>
          </cloud:map>
          <cloud:map name="Earning/Deduction/Credit">
            <cloud:internal-type>
              <cloud:enumeration-type-reference name="INT0220-Input_File_Combination_Map_1"/>
            </cloud:internal-type>
            <cloud:external-type>
              <cloud:enumeration-type name="INT0220-Earnings/Deduction/Credit">
                <cloud:enumeration>Earning (D)</cloud:enumeration>
                <cloud:enumeration>Deduction (D)</cloud:enumeration>
                <cloud:enumeration>Deduction (Goals) (D)</cloud:enumeration>
                <cloud:enumeration>Earning (A)</cloud:enumeration>
                <cloud:enumeration>Deduction (A)</cloud:enumeration>
                <cloud:enumeration>Earning (D+A)</cloud:enumeration>
                <cloud:enumeration>Deduction (D+A)</cloud:enumeration>
              </cloud:enumeration-type>
            </cloud:external-type>
          </cloud:map>
        </cloud:attribute-map-service>
        <cloud:attribute-map-service name="INT0220 - Map Service Level 2">
          <cloud:map name="Workday Earning/Deduction Code Map">
            <cloud:internal-type>
              <cloud:enumeration-type name="INT0220-Input_File_Combination_Map_2">
                <cloud:enumeration>MEDB+100</cloud:enumeration>
                <cloud:enumeration>MEDB+101</cloud:enumeration>
                <cloud:enumeration>MEDB+102</cloud:enumeration>
                <cloud:enumeration>MEDB+103</cloud:enumeration>
                <cloud:enumeration>MEDB+104</cloud:enumeration>
                <cloud:enumeration>MEDB+105</cloud:enumeration>
                <cloud:enumeration>DENB+210</cloud:enumeration>
                <cloud:enumeration>DENB+211</cloud:enumeration>
                <cloud:enumeration>VISB+250</cloud:enumeration>
                <cloud:enumeration>OPLA+520</cloud:enumeration>
                <cloud:enumeration>OPLA+521</cloud:enumeration>
                <cloud:enumeration>OPLA+522</cloud:enumeration>
                <cloud:enumeration>OPLA+523</cloud:enumeration>
                <cloud:enumeration>OPLA+524</cloud:enumeration>
                <cloud:enumeration>SPLA+420</cloud:enumeration>
                <cloud:enumeration>SPLA+421</cloud:enumeration>
                <cloud:enumeration>SPLA+422</cloud:enumeration>
                <cloud:enumeration>CHLA+460</cloud:enumeration>
                <cloud:enumeration>CHLA+461</cloud:enumeration>
                <cloud:enumeration>LTDB+490</cloud:enumeration>
                <cloud:enumeration>LTDB+491</cloud:enumeration>
                <cloud:enumeration>LTDB+492</cloud:enumeration>
                <cloud:enumeration>OPAA+590</cloud:enumeration>
                <cloud:enumeration>OPAA+591</cloud:enumeration>
                <cloud:enumeration>OPAA+592</cloud:enumeration>
                <cloud:enumeration>OPAA+593</cloud:enumeration>
                <cloud:enumeration>OPAA+594</cloud:enumeration>
                <cloud:enumeration>CACA+300</cloud:enumeration>
                <cloud:enumeration>CACA+301</cloud:enumeration>
                <cloud:enumeration>ANSA+340</cloud:enumeration>
                <cloud:enumeration>HSPA+320</cloud:enumeration>
                <cloud:enumeration>HSP+321</cloud:enumeration>
                <cloud:enumeration>HSEA+200</cloud:enumeration>
                <cloud:enumeration>HSAB+200</cloud:enumeration>
                <cloud:enumeration>HCAB+730</cloud:enumeration>
                <cloud:enumeration>HCAB+731</cloud:enumeration>
                <cloud:enumeration>DCAB+740</cloud:enumeration>
                <cloud:enumeration>VACB+950</cloud:enumeration>
                <cloud:enumeration>MEDA+100</cloud:enumeration>
                <cloud:enumeration>MEDA+101</cloud:enumeration>
                <cloud:enumeration>MEDA+102</cloud:enumeration>
                <cloud:enumeration>MEDA+103</cloud:enumeration>
                <cloud:enumeration>MEDA+104</cloud:enumeration>
                <cloud:enumeration>MEDA+105</cloud:enumeration>
                <cloud:enumeration>PTAA+100</cloud:enumeration>
                <cloud:enumeration>PTAA+101</cloud:enumeration>
                <cloud:enumeration>PTAA+102</cloud:enumeration>
                <cloud:enumeration>PTAA+103</cloud:enumeration>
                <cloud:enumeration>PTAA+104</cloud:enumeration>
                <cloud:enumeration>PTAA+105</cloud:enumeration>
                <cloud:enumeration>DENA+210</cloud:enumeration>
                <cloud:enumeration>DENA+211</cloud:enumeration>
                <cloud:enumeration>PTBA+210</cloud:enumeration>
                <cloud:enumeration>PTBA+211</cloud:enumeration>
                <cloud:enumeration>VISA+250</cloud:enumeration>
              </cloud:enumeration-type>
            </cloud:internal-type>
            <cloud:external-type>
              <cloud:simple-type>text</cloud:simple-type>
            </cloud:external-type>
          </cloud:map>
          <cloud:map name="Earning/Deduction/Credit">
            <cloud:internal-type>
              <cloud:enumeration-type-reference name="INT0220-Input_File_Combination_Map_2"/>
            </cloud:internal-type>
            <cloud:external-type>
              <cloud:enumeration-type-reference name="INT0220-Earnings/Deduction/Credit"/>
            </cloud:external-type>
          </cloud:map>
        </cloud:attribute-map-service>
        <cloud:attribute-map-service name="INT0220 - Attribute Service">
          <cloud:attribute name="Document Retention Policy">
            <cloud:type>
              <cloud:simple-type>number</cloud:simple-type>
            </cloud:type>
          </cloud:attribute>
          <cloud:attribute name="Batch Size">
            <cloud:type>
              <cloud:simple-type>number</cloud:simple-type>
            </cloud:type>
          </cloud:attribute>
          <cloud:attribute name="Run Category">
            <cloud:type>
              <cloud:class-report-field description="Run Category" type="WID" singular="true">59a4ef31411d41c48ca70a3c30c7bcaf</cloud:class-report-field>
            </cloud:type>
          </cloud:attribute>
          <cloud:attribute name="Web Service Version">
            <cloud:type>
              <cloud:class-report-field description="Web Service API Version" type="WID" singular="false">0a45e155f9f440d5b4d404808d0bbcbe</cloud:class-report-field>
            </cloud:type>
          </cloud:attribute>
          <cloud:attribute name="Worker Identifier From Input File">
            <cloud:type>
              <cloud:class-report-field description="National Identifier" type="WID" singular="true">411b3c7b232d1000042e86398aa10022</cloud:class-report-field>
            </cloud:type>
          </cloud:attribute>
        </cloud:attribute-map-service>
        <cloud:sequence-generator-service name="INT0220 - Batch ID">
          <cloud:sequencer>INT0220 - Batch ID</cloud:sequencer>
        </cloud:sequence-generator-service>
        <cloud:service-reference name="INT0220 - Field Override Service"/>
      </cc:integration-system>
        </cc:workday-in>
        <cc:async-mediation id="AsyncMediation">
            <cc:steps>
                <cc:eval id="Init">
                    <cc:expression>props['pCounter'] = 0</cc:expression>
                    <cc:expression>props['p.aggregate.close'] = false</cc:expression>
                    <cc:expression>props['p.integration.name'] = intsys.getName()</cc:expression>
                    <cc:expression>props['batch.audit.aggr'] = false</cc:expression>
                    <cc:expression>props['continue.processing'] = true</cc:expression>
                    <cc:expression>props['pOriginalMessage'] = ''</cc:expression>
                    <cc:expression>props['p.detail.counter'] = 0</cc:expression>
                </cc:eval>
                <cc:eval id="Attributes">
                    <cc:expression>props['attr.batch.size'] = intsys.getAttribute('Batch Size')</cc:expression>
                    <cc:expression>props['p.run.category'] = intsys.getAttributeReferenceData('Run Category', 'Run_Category_ID')</cc:expression>
                    <cc:expression>props['ia.doc.ret.policy'] = intsys.getAttribute('Document Retention Policy')</cc:expression>
                    <cc:expression>props['ia.ws.version'] = intsys.getAttribute('Web Service Version')</cc:expression>
                    <cc:expression>props['p.Worker.Identifier.Type'] = intsys.getAttributeReferenceData('Worker Identifier From Input File', 'National_ID_Type_Code')</cc:expression>
                    <cc:expression>props['p.integration.name'] = intsys.getName()</cc:expression>
                </cc:eval>
                <cc:eval id="Launch-Parameters">
                    <cc:expression>props['lp.Validate.Mode'] = (Boolean)lp.getSimpleData('Validation Mode')</cc:expression>
                    <cc:expression>props['lp.AsOfDate.Time'] = lp.getSimpleData('As of Date and Time')</cc:expression>
                    <cc:expression>props['pAsOfDate'] = props['lp.AsOfDate.Time'].toString().substring(0, 10)</cc:expression>
                    <cc:expression>props['p.is.AE.File'] = (Boolean)lp.getSimpleData('Is AE File ? (Optional)')</cc:expression>
                    <cc:expression>props['p.AE.File.Date.Override'] = lp.getDate('AE File - Override Date for Pay Period End Date (Required if Is AE File is checked)')</cc:expression>
                    <cc:expression>props['p.Pay.Group'] = lp.getReferenceData('Expected Pay Group in the file (Optional)', 'Organization_Reference_ID')</cc:expression>
                    <cc:expression>props['lp.batch.id'] = lp.getSequencedValue('INT0220 - Batch ID')</cc:expression>
                </cc:eval>
                <cc:xslt-plus id="Store-Map-Values" output="variable" output-variable="map.details" url="IntegrationMapValues.xsl"/>
            </cc:steps>
            <cc:send-error id="SendError" routes-to="CallCriticalErr1"/>
        </cc:async-mediation>
        <cc:async-mediation id="Footer">
            <cc:steps>
                <cc:eval id="Eval">
                    <cc:expression>props['pCounter'] = props['pCounter'] + 1</cc:expression>
                </cc:eval>
            </cc:steps>
        </cc:async-mediation>
        <cc:local-out id="SchemaError" store-message="none" routes-response-to="CallCriticalErr10111" endpoint="vm://wcc/PutIntegrationMessage">
            <cc:set name="is.message.severity" value="'CRITICAL'"/>
            <cc:set name="is.message.summary" value="'Schema was unable to convert the file to XML. Bad file received, Terminating the process.'"/>
            <cc:set name="is.message.detail" value="context.getErrorMessage()"/>
        </cc:local-out>
        <cc:async-mediation id="Schema" handle-downstream-errors="true">
            <cc:steps>
                <cc:textschema id="Textschema" style="text2xml" url="INT0220_ContentSchema.xsd"/>
                <cc:eval id="Eval">
                    <cc:expression>if(props['pOriginalMessage'] != null){props['pOriginalMessage'] = props['pOriginalMessage'] + parts[0].text}</cc:expression>
                    <cc:expression>props['p.detail.counter'] = props['p.detail.counter'] + 1</cc:expression>
                </cc:eval>
            </cc:steps>
            <cc:send-error id="SendError" routes-to="SchemaError"/>
        </cc:async-mediation>
        <cc:async-mediation id="Header">
            <cc:steps>
                <cc:eval id="Eval">
                    <cc:expression>props['pCounter'] = props['pCounter'] + 1</cc:expression>
                </cc:eval>
            </cc:steps>
        </cc:async-mediation>
        <cc:route id="SplitContent">
            <cc:mvel-strategy>
                <cc:choose-route expression="parts[0].text.startsWith('H')" route="Header"/>
                <cc:choose-route expression="parts[0].text.startsWith('D') || parts[0].text.startsWith('A')" route="Detail"/>
                <cc:choose-route expression="parts[0].text.startsWith('T')" route="Trailer"/>
            </cc:mvel-strategy>
            <cc:sub-route name="Header" routes-to="Header"/>
            <cc:sub-route name="Detail" routes-to="Schema"/>
            <cc:sub-route name="Trailer" routes-to="Footer"/>
        </cc:route>
        <cc:splitter id="StandardSplit" no-split-message-error="true">
            <cc:sub-route name="SubRoute" routes-to="SplitContent"/>
            <cc:standard-splitter>
                <cc:content-fixed-lines/>
            </cc:standard-splitter>
        </cc:splitter>
        <cc:sync-mediation id="SyncMediation" routes-to="StandardSplit" handle-downstream-errors="true">
            <cc:request-steps>
                <cc:copy id="Copy" output-mimetype="text/plain" input="variable" input-variable="wd.retrieve.variable"/>
            </cc:request-steps>
            <cc:response-steps>
                <cc:eval id="Eval"/>
            </cc:response-steps>
            <cc:send-error id="SendError" routes-to="CallCriticalErr10"/>
        </cc:sync-mediation>
        <cc:async-mediation id="CheckFileSize" routes-to="SyncMediation" handle-downstream-errors="true">
            <cc:steps>
                <cc:validate-exp id="ValidateExp">
                    <cc:expression failure-message="Blank Input file received for Processing. Terminating the process.">vars['wd.retrieve.variable'].length > 0</cc:expression>
                </cc:validate-exp>
            </cc:steps>
            <cc:send-error id="SendError" rethrow-error="true" routes-to="CallCriticalErr12"/>
        </cc:async-mediation>
        <cc:route id="RetrieveInputDocuments">
            <cc:doc-iterator labels="INT0220-Existing_Inputs" variable-name="wd.deductions.variable"/>
            <cc:sub-route name="SubRoute" routes-to="AsyncMediation4"/>
        </cc:route>
        <cc:local-in id="Get-Report-Output" routes-to="Route"/>
        <cc:local-in id="Init-Variables" routes-to="AsyncMediation"/>
        <cc:local-out id="ValidationMode" execute-when="props['lp.validation.mode'] == true" routes-response-to="Call-Read-Input-File" endpoint="vm://wcc/PutIntegrationMessage">
            <cc:set name="is.message.severity" value="'INFO'"/>
            <cc:set name="is.message.summary" value="'Validation Mode is enabled. Workday records will not be updated.'"/>
        </cc:local-out>
        <cc:local-out id="Call-Read-Input-File" store-message="none" execute-when="props['continue.processing']" routes-response-to="Call-Store-Input-File" endpoint="vm://INT0220_Fidelity_HW_Payroll_Deductions_Inbound/Read-Input-File"/>
        <cc:local-out id="Call-Init-Variables" store-message="none" routes-response-to="ValidationMode" endpoint="vm://INT0220_Fidelity_HW_Payroll_Deductions_Inbound/Init-Variables"/>
        <cc:local-in id="Get-WorkerDetails" routes-to="AsyncMediation1"/>
        <cc:async-mediation id="AsyncMediation1" routes-to="PagedGet" handle-downstream-errors="true">
            <cc:steps>
                <cc:xslt-plus id="XsltPlus" input="variable" input-variable="input.file" url="INT0220-Get_Worker_WWS.xsl"/>
            </cc:steps>
            <cc:send-error id="SendError" routes-to="CallCriticalErr101"/>
        </cc:async-mediation>
        <cc:async-mediation id="AsyncMediation00" handle-downstream-errors="true">
            <cc:steps>
                <cc:xslt-plus id="XsltPlus" output="variable" output-variable="worker.details" url="INT0220-Extract_Worker_Details.xsl"/>
                <cc:copy id="Copy" input="variable" input-variable="worker.details"/>
            </cc:steps>
            <cc:send-error id="SendError" routes-to="CallCriticalErr100"/>
        </cc:async-mediation>
        <cc:local-out id="PagedGet" routes-response-to="AsyncMediation00" endpoint="vm://wcc/PagedGet">
            <cc:set name="is.paged.get.request.current.page.xpath" value="'/env:Envelope/env:Body/*/wd:Response_Filter/wd:Page'"/>
            <cc:set name="is.paged.get.response.current.page.xpath" value="'/env:Envelope/env:Body/*/wd:Response_Results/wd:Page'"/>
            <cc:set name="is.paged.get.response.total.pages.xpath" value="'/env:Envelope/env:Body/*/wd:Response_Results/wd:Total_Pages'"/>
            <cc:set name="is.paged.get.response.total.results.xpath" value="'/env:Envelope/env:Body/*/wd:Response_Results/wd:Total_Results'"/>
            <cc:set name="is.paged.get.aggregate.xpath" value="'/env:Envelope/env:Body/wd:Get_Workers_Response/wd:Response_Data/wd:Worker'"/>
            <cc:set name="is.paged.get.aggregate.header" value="'&lt;GetWorkerResponse>'"/>
            <cc:set name="is.paged.get.aggregate.footer" value="'&lt;/GetWorkerResponse>'"/>
            <cc:set name="is.paged.get.application" value="'Human_Resources'"/>
            <cc:set name="is.paged.get.version" value="'v40.1'"/>
            <cc:set name="is.paged.get.page.zero" value="false"/>
            <cc:set name="is.paged.get.store.requests" value="true"/>
        </cc:local-out>
        <cc:local-in id="Merge-Map-Input-Worker" routes-to="AsyncMediation2"/>
        <cc:async-mediation id="AsyncMediation2" routes-to="AsyncMediation6" handle-downstream-errors="true">
            <cc:steps>
                <cc:copy id="Copy" input="variable" input-variable="map.details" stream-xpath="true"/>
                <cc:copy id="Copy0" input="variable" input-variable="worker.details" append-to-output-element="true" output-xpath="/*" stream-xpath="true"/>
                <cc:copy id="Copy1" input="variable" input-variable="input.file" append-to-output-element="true" output-xpath="/*" stream-xpath="true"/></cc:steps>
            <cc:send-error id="SendError" routes-to="CallCriticalErr102"/>
        </cc:async-mediation>
        <cc:async-mediation id="AsyncMediation6" routes-to="Aggregator">
            <cc:steps>
                <cc:xslt-plus id="XsltPlus" output="variable" output-variable="v.input.file.processed" url="INT0220-Map_Worker_Details.xsl"/>
                <cc:xslt-plus id="XsltPlus0" output="variable" output-variable="vInScopeEmplIDs" input="variable" input-variable="v.input.file.processed" url="INT0220-Store_InScope_Employee_IDs.xsl"/>
                <cc:copy id="Copy" input="variable" input-variable="v.input.file.processed"/>
            </cc:steps>
            <cc:send-error id="SendError" routes-to="CallCriticalErr1016"/>
        </cc:async-mediation>
        <cc:local-out id="Call-Get-WorkerDetails" store-message="none" execute-when="props['continue.processing']" routes-response-to="Call-Merge-Map-Input-Worker" endpoint="vm://INT0220_Fidelity_HW_Payroll_Deductions_Inbound/Get-WorkerDetails"/>
        <cc:local-out id="Call-Merge-Map-Input-Worker" store-message="none" execute-when="props['continue.processing']" routes-response-to="Call-Get-Report-Output" endpoint="vm://INT0220_Fidelity_HW_Payroll_Deductions_Inbound/Merge-Map-Input-Worker"/>
        <cc:local-in id="Read-Input-File" routes-to="GetEventDocuments0"/>
        <cc:route id="Route">
            <cc:all-strategy/>
            <cc:sub-route name="Existing-Pay-Inputs" routes-to="RetrieveInputDocuments"/>
            <cc:sub-route name="Existing-YTD-Goal" routes-to="RetrieveInputDocuments1"/>
        </cc:route>
        <cc:route id="RetrieveInputDocuments1">
            <cc:doc-iterator labels="INT0220-Existing_YTD_Goals" variable-name="wd.YTD.variable"/>
            <cc:sub-route name="SubRoute" routes-to="AsyncMediation41"/>
        </cc:route>
        <cc:async-mediation id="AsyncMediation4" routes-to="Aggregator">
            <cc:steps>
                <cc:copy id="Copy" input="variable" input-variable="vInScopeEmplIDs" stream-xpath="true"/>
                <cc:copy id="Copy0" input="variable" input-variable="wd.deductions.variable" append-to-output-element="true" output-xpath="/*" stream-xpath="true"/>
                <cc:xslt-plus id="XsltPlus" url="INT0220-InScope_Pay_Inputs_Data.xsl"/>
            </cc:steps>
            <cc:send-error id="SendError" routes-to="CallCriticalErr1019"/>
        </cc:async-mediation>
        <cc:async-mediation id="AsyncMediation41" routes-to="Aggregator">
            <cc:steps>
                <cc:copy id="Copy" input="variable" input-variable="vInScopeEmplIDs" stream-xpath="true"/>
                <cc:copy id="Copy0" input="variable" input-variable="wd.YTD.variable" append-to-output-element="true" output-xpath="/*" stream-xpath="true"/>
                <cc:xslt-plus id="XsltPlus0" url="INT0220-Remove-Duplicate-Goals.xsl"/>
                <cc:xslt-plus id="XsltPlus" url="INT0220-Filter-InScope-Report-Data.xsl"/>
                <cc:eval id="Eval">
                    <cc:expression>props['p.aggregate.close'] = true</cc:expression>
                </cc:eval>
            </cc:steps>
            <cc:send-error id="SendError" routes-to="CallCriticalErr1017"/>
        </cc:async-mediation>
        <cc:local-out id="Call-Get-Report-Output" store-message="none" execute-when="props['continue.processing']" routes-response-to="Call-ProcessInputs" endpoint="vm://INT0220_Fidelity_HW_Payroll_Deductions_Inbound/Get-Report-Output"/>
        <cc:local-out id="Call-Store-Input-File" store-message="none" execute-when="props['continue.processing']" routes-response-to="Call-Get-WorkerDetails" endpoint="vm://INT0220_Fidelity_HW_Payroll_Deductions_Inbound/Store-Input-File"/>
        <cc:async-mediation id="AsyncMediation5" routes-to="RetrieveInputDocuments2">
            <cc:steps>
                <cc:eval id="Eval">
                    <cc:expression>vars['wd.retrieve.variable'] = empty</cc:expression>
                    <cc:expression>if (da.size() > 0 ) {da.toVar(0, &quot;wd.retrieve.variable&quot;)}</cc:expression>
                    <cc:expression>props['pFile'] = ''</cc:expression>
                    <cc:expression>props['pOriginalMessage'] = ''</cc:expression>
                    <cc:expression>props['p.number.of.input.files'] = parts[0].xpath(&quot;count(/env:Envelope/env:Body/wd:Get_Event_Documents_Response/wd:Response_Data/wd:Event_Documents/wd:Repository_Document[wd:Repository_Document_Data/wd:Custom_Document_Tag = 'INT0220-Input_File'])&quot;)</cc:expression>
                </cc:eval>
                <cc:validate-exp id="ValidateExp">
                    <cc:expression failure-message="No Input file received for Processing. Terminating the process.">props['p.number.of.input.files'] > 0</cc:expression>
                    <cc:expression failure-message="More than one Input file received for Processing. Terminating the process.">props['p.number.of.input.files'] &lt; 2</cc:expression>
                </cc:validate-exp>
            </cc:steps>
            <cc:send-error id="SendError" routes-to="CallCriticalErr11"/>
        </cc:async-mediation>
        <cc:route id="RetrieveInputDocuments2">
            <cc:doc-iterator labels="INT0220-Input_File" variable-name="wd.retrieve.variable"/>
            <cc:sub-route name="SubRoute" routes-to="CheckFileSize"/>
        </cc:route>
        <cc:aggregator id="Aggregator" routes-to="AsyncMediation7" force-batch-when="props['p.aggregate.close']">
            <cc:size-batch-strategy batch-size="-1"/>
            <cc:xml-message-content-collater output="variable" output-variable="vFinalFile">
        <cc:header-text>&lt;FinalFile></cc:header-text>
        <cc:footer-text>&lt;/FinalFile></cc:footer-text>
      </cc:xml-message-content-collater>
        </cc:aggregator>
        <cc:async-mediation id="AsyncMediation7">
            <cc:steps>
                <cc:xslt-plus execute-when="false" id="XsltPlus" output="variable" output-variable="vFinalFileProcessed" input="variable" input-variable="vFinalFile" url="INT0220-Build_WWS_Request.xsl"/>
                <cc:xslt-plus id="XsltPlus0" input="variable" input-variable="vFinalFile" url="INT0220-Transform-1.xsl"/>
                <cc:xslt-plus id="XsltPlus1" output="variable" output-variable="vFinalFileProcessed" url="INT0220-Transform-2.xsl"/>
            </cc:steps>
            <cc:send-error id="SendError" routes-to="CallCriticalErr1018"/>
        </cc:async-mediation>
        <cc:local-out id="PutAuditLogZip" endpoint="vm://wcc/PutIntegrationMessage">
            <cc:set name="is.message.severity" value="'INFO'"/>
            <cc:set name="is.message.summary" value="&quot;Audit file stored for further processing.&quot;"/>
            <cc:set name="is.document.variable.name" value="&quot;audit.file&quot;"/>
            <cc:set name="is.document.labels" value="&quot;INT0220_Audit&quot;"/>
        </cc:local-out>
        <cc:async-mediation id="StoreAuditDetails" routes-to="PutAuditLogZip">
            <cc:steps>
                <cc:zip id="Zip"/>
                <cc:store id="Store" output="variable" output-variable="audit.file" createDocumentReference="true" expiresIn="P@{props['ia.doc.ret.policy']}D" title="INT0220_Audit.zip"/>
            </cc:steps>
            <cc:send-error id="SendError" routes-to="CallCriticalErr1013"/>
        </cc:async-mediation>
        <cc:aggregator id="Aggregator1" routes-to="StoreAuditDetails" collate-when="!props['batch.audit.aggr']" force-batch-on-last-message="false" force-batch-when="props['batch.audit.aggr']">
            <cc:size-batch-strategy batch-size="-1"/>
            <cc:xml-message-content-collater>
        <cc:header-text>&lt;File></cc:header-text>
        <cc:footer-text>&lt;/File></cc:footer-text>
      </cc:xml-message-content-collater>
        </cc:aggregator>
        <cc:local-in id="CloseAuditAgg" routes-to="Aggregator1"/>
        <cc:async-mediation id="GetWSResult" routes-to="Aggregator1">
            <cc:steps>
                <cc:set-headers execute-when="props['lp.Validate.Mode']" id="SetHeaders">
                    <cc:remove-headers>
                        <cc:remove-header name="X-Validate-Only"/>
                    </cc:remove-headers>
                    <cc:add-headers/>
                </cc:set-headers>
                <cc:eval id="Eval">
                    <cc:expression>props['import.process.reference'] = parts[0].xpath(&quot;/env:Envelope/env:Body/wd:Put_Import_Process_Response/wd:Import_Process_Reference/wd:ID&quot;)</cc:expression>
                </cc:eval>
                <cc:xslt-plus id="XsltPlus" input="variable" input-variable="payroll.input.ws" url="AuditSuccess.xsl"/>
            </cc:steps>
            <cc:send-error id="SendError" routes-to="CallCriticalErr1012"/>
        </cc:async-mediation>
        <cc:workday-out-soap id="ImportPayInputWS" routes-response-to="GetWSResult" application="Payroll" version="@{props['ia.ws.version']}"/>
        <cc:async-mediation id="FinalizeWS" routes-to="ImportPayInputWS" handle-downstream-errors="true">
            <cc:steps>
                <cc:copy id="Copy" output="variable" output-variable="payroll.input.ws"/>
                <cc:xslt-plus id="RemoveDetails" url="RemoveDetails.xsl"/>
                <cc:xslt-plus id="XsltPlus" input="message" url="PayInput.xsl"/>
                <cc:wrap-soap id="WrapSoap"/>
                <cc:set-headers execute-when="props['lp.Validate.Mode']" id="SetHeaders">
                    <cc:remove-headers/>
                    <cc:add-headers>
                        <cc:add-header name="X-Validate-Only" value="1"/>
                    </cc:add-headers>
                </cc:set-headers>
            </cc:steps>
            <cc:send-error id="SendError" routes-to="CallCriticalErr1010"/>
        </cc:async-mediation>
        <cc:splitter id="Splitter" no-split-message-error="false">
            <cc:sub-route name="SubRoute" routes-to="FinalizeWS"/>
            <cc:xml-stream-splitter xpath="Root/ImportSet"/>
        </cc:splitter>
        <cc:async-mediation id="ProcessError" routes-to="Aggregator1">
            <cc:steps>
                <cc:eval id="Eval">
                    <cc:expression>props['error.exist'] = parts[0].xpathB(&quot;MasterData/InputFileRow/ErrorMsg != ''&quot;)</cc:expression>
                </cc:eval>
                <cc:xslt-plus id="XsltPlus" url="AuditError.xsl"/>
            </cc:steps>
            <cc:send-error id="SendError" routes-to="CallCriticalErr1015"/>
        </cc:async-mediation>
        <cc:async-mediation id="PrepPayWS" routes-to="Splitter" handle-downstream-errors="true">
            <cc:steps>
                <cc:xslt-plus id="XsltPlus0" input="message" url="ImportPayInput.xsl"/>
                <cc:xslt-plus id="XsltPlus1" url="SplitByBatch.xsl"/>
            </cc:steps>
            <cc:send-error id="SendError" routes-to="CallCriticalErr1014"/>
        </cc:async-mediation>
        <cc:route id="Route0">
            <cc:all-strategy/>
            <cc:sub-route name="Import" routes-to="PrepPayWS"/>
            <cc:sub-route name="Error" routes-to="ProcessError"/>
        </cc:route>
        <cc:local-in id="ProcessInputs" routes-to="AsyncMediation8"/>
        <cc:async-mediation id="AsyncMediation8" routes-to="Route0" handle-downstream-errors="true">
            <cc:steps>
                <cc:copy id="Copy" input="variable" input-variable="vFinalFileProcessed"/>
            </cc:steps>
            <cc:send-error id="SendError" routes-to="CallCriticalErr1011"/>
        </cc:async-mediation>
        <cc:local-out id="Call-ProcessInputs" store-message="none" execute-when="props['continue.processing']" routes-response-to="Call-CloseAuditAgg" endpoint="vm://INT0220_Fidelity_HW_Payroll_Deductions_Inbound/ProcessInputs"/>
        <cc:local-out id="Call-CloseAuditAgg" store-message="none" execute-when="props['continue.processing']" endpoint="vm://INT0220_Fidelity_HW_Payroll_Deductions_Inbound/CloseAuditAgg"><cc:set name="batch.audit.aggr" value="true"/></cc:local-out>
        <cc:async-mediation id="ContinueFlag0">
            <cc:steps>
                <cc:eval id="Eval">
                    <cc:expression>props['continue.processing'] = false</cc:expression>
                </cc:eval>
            </cc:steps>
        </cc:async-mediation>
        <cc:local-out id="CriticalErrMsg0" routes-response-to="ContinueFlag0" endpoint="vm://wcc/PutIntegrationMessage">
            <cc:set name="is.message.severity" value="'CRITICAL'"/>
            <cc:set name="is.message.summary" value="'Error occurred at ' # context.errorComponentId"/>
            <cc:set name="is.message.detail" value="context.errorMessage"/>
        </cc:local-out>
        <cc:local-in id="AuditCriticalErr" routes-to="CriticalErrMsg0"/>
        <cc:async-mediation id="CleanOutput">
            <cc:steps>
                <cc:xslt-plus id="XsltPlus" output="message" url="AuditFinal.xsl"/>
                <cc:store id="Store" input="message" expiresIn="P@{props['attr.doc.retention.days']}D" title="@{props['audit.file.name']}"/>
            </cc:steps>
        </cc:async-mediation>
        <cc:aggregator id="Aggregator0" routes-to="CleanOutput" collate-when="!props['audit.error.processed']" force-batch-on-last-message="false" force-batch-when="props['audit.error.processed']">
            <cc:size-batch-strategy batch-size="-1"/>
            <cc:xml-message-content-collater output="message">
        <cc:header-text>&lt;Root></cc:header-text>
        <cc:footer-text>&lt;/Root></cc:footer-text>
      </cc:xml-message-content-collater>
        </cc:aggregator>
        <cc:local-in id="CloseAggAudit" routes-to="Aggregator0"/>
        <cc:async-mediation id="MapProcessMsgs" routes-to="Aggregator0" handle-downstream-errors="true">
            <cc:steps>
                <cc:copy id="Copy" output="message" output-mimetype="text/xml" input="variable" input-variable="audit.file" append-to-output-element="true" output-xpath="/MessageDetails" stream-xpath="true"/>
                <cc:xslt-plus id="XsltPlus" output-mimetype="text/xml" url="PrepareAudit.xsl"/>
            </cc:steps>
        </cc:async-mediation>
        <cc:local-out id="Get_Import_Process_Msgs" routes-response-to="MapProcessMsgs" endpoint="vm://wcc/PagedGet">
            <cc:set name="is.paged.get.request.current.page.xpath" value="'/env:Envelope/env:Body/*/wd:Response_Filter/wd:Page'"/>
            <cc:set name="is.paged.get.response.current.page.xpath" value="'/env:Envelope/env:Body/*/wd:Response_Results/wd:Page'"/>
            <cc:set name="is.paged.get.response.total.pages.xpath" value="'/env:Envelope/env:Body/*/wd:Response_Results/wd:Total_Pages'"/>
            <cc:set name="is.paged.get.response.total.results.xpath" value="'/env:Envelope/env:Body/*/wd:Response_Results/wd:Total_Results'"/>
            <cc:set name="is.paged.get.application" value="'Integrations'"/>
            <cc:set name="is.paged.get.version" value="props['attr.ws.version']"/>
            <cc:set name="is.paged.get.page.zero" value="false"/>
            <cc:set name="is.paged.get.store.requests" value="true"/>
            <cc:set name="is.paged.get.aggregate.xpath" value="'/env:Envelope/env:Body/wd:Get_Import_Process_Messages_Response/wd:Response_Data/wd:Import_Process_Message'"/>
            <cc:set name="is.paged.get.aggregate.header" value="'&lt;MessageDetails>'"/>
            <cc:set name="is.paged.get.aggregate.footer" value="'&lt;/MessageDetails>'"/>
        </cc:local-out>
        <cc:async-mediation id="InitImportMsgs" routes-to="Get_Import_Process_Msgs" handle-downstream-errors="true">
            <cc:steps>
                <cc:copy id="Copy" output="variable" output-variable="audit.file"/>
                <cc:eval id="Eval">
                    <cc:expression>props['import.process.reference'] = parts[0].xpath('AuditBatch/Import_Process');</cc:expression>
                </cc:eval>
                <cc:write id="Write">
                    <cc:message>
                        <cc:text>&lt;?xml version=&quot;1.0&quot; encoding=&quot;UTF-8&quot;?>&#xD;
&lt;wd:Get_Import_Process_Messages_Request xmlns:wd=&quot;urn:com.workday/bsvc&quot;>&#xD;
  &lt;wd:Request_Criteria>&#xD;
    &lt;wd:Import_Process_Reference>&#xD;
      &lt;wd:ID wd:type=&quot;WID&quot;>@{props['import.process.reference']}&lt;/wd:ID>&#xD;
    &lt;/wd:Import_Process_Reference>&#xD;
  &lt;/wd:Request_Criteria>&#xD;
  &lt;wd:Response_Filter>&#xD;
  	&lt;wd:Page>1&lt;/wd:Page>&#xD;
  	&lt;wd:Count>999&lt;/wd:Count>&#xD;
  	&lt;wd:As_Of_Effective_Date>@{props['lp.effective.date']}&lt;/wd:As_Of_Effective_Date>&#xD;
    &lt;wd:As_Of_Entry_DateTime>@{props['lp.entry.datetime']}&lt;/wd:As_Of_Entry_DateTime>&#xD;
  &lt;/wd:Response_Filter>&#xD;
&lt;/wd:Get_Import_Process_Messages_Request></cc:text>
                    </cc:message>
                </cc:write>
                <cc:wrap-soap id="WrapSoap"/>
                <cc:log id="Log">
                    <cc:log-message>
                        <cc:message-content/>
                        <cc:text>props['import.process.reference'] = @{props['import.process.reference']}</cc:text>
                    </cc:log-message>
                </cc:log>
            </cc:steps>
        </cc:async-mediation>
        <cc:async-mediation id="AuditError" routes-to="Aggregator0">
            <cc:steps>
                <cc:xslt-plus id="XsltPlus0" output-mimetype="text/xml" url="ErrorPrepareAudit.xsl"/>
            </cc:steps>
        </cc:async-mediation>
        <cc:splitter id="Splitter2" no-split-message-error="false">
            <cc:sub-route name="SubRoute" routes-to="InitImportMsgs"/>
            <cc:xml-stream-splitter xpath="File/AuditBatch"/>
        </cc:splitter>
        <cc:route id="Route1">
            <cc:all-strategy/>
            <cc:sub-route name="Import" routes-to="Splitter2"/>
            <cc:sub-route name="Error" routes-to="AuditError"/>
        </cc:route>
        <cc:local-in id="GetImportMessage" routes-to="AsyncMediation9"/>
        <cc:local-out id="NoMsgInfo" execute-when="props['no.message.id']" endpoint="vm://wcc/PutIntegrationMessage">
            <cc:set name="is.message.severity" value="'INFO'"/>
            <cc:set name="is.message.summary" value="'No Import Process Message ID was found in audit file, no messages retrieved.'"/>
        </cc:local-out>
        <cc:async-mediation id="UnzipFile" routes-to="NoMsgInfo" handle-downstream-errors="true">
            <cc:steps>
                <cc:unzip id="Unzip" output="variable" output-mimetype="text/xml" output-variable="audit.details.unzip" input="variable" input-variable="audit.details"/>
                <cc:eval id="Eval">
                    <cc:expression>props['no.message.id'] = !parts[0].xpathB('File/AuditBatch[1]/Import_Process')</cc:expression>
                    <cc:expression>props['batch.count'] = parts[0].xpath('count(File/AuditBatch)')</cc:expression>
                </cc:eval>
            </cc:steps>
        </cc:async-mediation>
        <cc:route id="Route2">
            <cc:doc-iterator labels="INT0220_Audit" variable-name="audit.details"/>
            <cc:sub-route name="SubRoute" routes-to="UnzipFile"/>
        </cc:route>
        <cc:local-out id="NoFileErr" endpoint="vm://wcc/PutIntegrationMessage">
            <cc:set name="is.message.severity" value="'ERROR'"/>
            <cc:set name="is.message.summary" value="context.errorMessage"/>
        </cc:local-out>
        <cc:async-mediation id="NoAudit" routes-to="NoFileErr">
            <cc:steps>
                <cc:eval id="Eval">
                    <cc:expression>props['continue.processing'] = false</cc:expression>
                </cc:eval>
            </cc:steps>
        </cc:async-mediation>
        <cc:async-mediation id="AuditExist" routes-to="Route2" handle-downstream-errors="false">
            <cc:steps>
                <cc:validate-exp id="ValidateExp">
                    <cc:expression failure-message="Could not find any documents with a label of 'INT0220_Audit'.">da.getDocsMatching('INT0220_Audit').size() > 0</cc:expression>
                </cc:validate-exp>
            </cc:steps>
            <cc:send-error id="SendError" routes-to="NoAudit"/>
        </cc:async-mediation>
        <cc:local-out id="GetEventDocuments" routes-response-to="AuditExist" endpoint="vm://wcc/GetEventDocuments">
            <cc:set name="ie.event.wid" value="lp.exists('Parent Event WID') ? lp.getSimpleData('Parent Event WID') : lp.getIntegrationEventWID()//lp.isSet() ? lp.getIntegrationEventWID() : null"/>
        </cc:local-out>
        <cc:local-in id="RetriveAudit" routes-to="GetEventDocuments"/>
        <cc:local-out id="CallCloseAggAudit" store-message="none" execute-when="props['continue.processing']" endpoint="vm://INT0220_Fidelity_HW_Payroll_Deductions_Inbound/CloseAggAudit">
            <cc:set name="audit.error.processed" value="true"/>
        </cc:local-out>
        <cc:local-out id="CallGetImportMessage" store-message="none" execute-when="props['continue.processing']" routes-response-to="CallCloseAggAudit" endpoint="vm://INT0220_Fidelity_HW_Payroll_Deductions_Inbound/GetImportMessage"/>
        <cc:local-out id="CallRetrieveAudit" store-message="none" execute-when="props['continue.processing']" routes-response-to="CallGetImportMessage" endpoint="vm://INT0220_Fidelity_HW_Payroll_Deductions_Inbound/RetriveAudit"/>
        <cc:async-mediation id="Init-Audit" routes-to="CallRetrieveAudit">
            <cc:steps>
                <cc:eval id="Init">
                    <cc:expression>//Set LPs&#xD;
props['audit.file.name'] = lp.getSequencedValue('INT0220-Audit');&#xD;
props['lp.effective.date'] = lp.sentOn.substring(0,10);&#xD;
props['lp.entry.datetime'] = lp.sentOn.substring(0,19);</cc:expression>
                    <cc:expression>//Set attributes&#xD;
props['attr.ws.version'] = intsys.getAttribute('WWS Version');&#xD;
props['attr.doc.retention.days'] = intsys.getAttribute('Document Retention Policy');</cc:expression>
                    <cc:expression>//Set properties&#xD;
props['continue.processing'] = true;&#xD;
props['audit.error.processed'] = false;</cc:expression>
                </cc:eval>
            </cc:steps>
        </cc:async-mediation>
        <cc:workday-in id="INT0220-Audit" routes-to="Init-Audit">
            <cc:integration-system name="INT0220 Fidelity H&amp;W Payroll Deductions Inbound Audit">
        <cloud:param name="Parent Event WID">
          <cloud:type>
            <cloud:simple-type>text</cloud:simple-type>
          </cloud:type>
        </cloud:param>
        <cloud:attribute-map-service name="INT0220-Audit-Generic">
          <cloud:attribute name="WWS Version">
            <cloud:type>
              <cloud:class-report-field description="Web Service API Version" type="WID" singular="true">643097491d2410000a9da38c99860026</cloud:class-report-field>
            </cloud:type>
          </cloud:attribute>
          <cloud:attribute name="Document Retention Policy">
            <cloud:type>
              <cloud:simple-type>number</cloud:simple-type>
            </cloud:type>
          </cloud:attribute>
        </cloud:attribute-map-service>
        <cloud:sequence-generator-service name="INT0220-Audit-SeqGen">
          <cloud:sequencer>INT0220-Audit</cloud:sequencer>
        </cloud:sequence-generator-service>
      </cc:integration-system>
        </cc:workday-in>
        <cc:async-mediation id="AsyncMediation9" routes-to="Route1">
            <cc:steps>
                <cc:copy id="Copy" input="variable" input-variable="audit.details.unzip"/>
            </cc:steps>
        </cc:async-mediation>
        <cc:send-error id="global-error-handler" rethrow-error="false" routes-to="Note-Error"/>
        <cc:local-out id="Note-Error" endpoint="vm://wcc/PutIntegrationMessage">
            <cc:set name="is.message.severity" value="'CRITICAL'"/>
            <cc:set name="is.message.summary" value="context.errorMessage"/>
        </cc:local-out>
        <cc:local-in id="CriticalErr" routes-to="CriticalErrMsg"/>
        <cc:local-out id="CriticalErrMsg" routes-response-to="ContinueFlag" endpoint="vm://wcc/PutIntegrationMessage">
            <cc:set name="is.message.severity" value="'CRITICAL'"/>
            <cc:set name="is.message.summary" value="'Error occurred at ' # context.errorComponentId"/>
            <cc:set name="is.message.detail" value="context.errorMessage"/>
        </cc:local-out>
        <cc:async-mediation id="ContinueFlag">
            <cc:steps>
                <cc:eval id="Eval">
                    <cc:expression>props['continue.processing'] = false</cc:expression>
                </cc:eval>
            </cc:steps>
        </cc:async-mediation>
        <cc:local-out id="CallCriticalErr1" store-message="none" endpoint="vm://INT0220_Fidelity_HW_Payroll_Deductions_Inbound/CriticalErr"/>
        <cc:local-out id="CallCriticalErr10" store-message="none" endpoint="vm://INT0220_Fidelity_HW_Payroll_Deductions_Inbound/CriticalErr"/>
        <cc:local-out id="CallCriticalErr100" store-message="none" endpoint="vm://INT0220_Fidelity_HW_Payroll_Deductions_Inbound/CriticalErr"/>
        <cc:local-out id="CallCriticalErr101" store-message="none" endpoint="vm://INT0220_Fidelity_HW_Payroll_Deductions_Inbound/CriticalErr"/>
        <cc:local-out id="CallCriticalErr102" store-message="none" endpoint="vm://INT0220_Fidelity_HW_Payroll_Deductions_Inbound/CriticalErr"/>
        <cc:local-in id="Store-Input-File" routes-to="AsyncMediation3"/>
        <cc:async-mediation id="AsyncMediation3">
            <cc:steps>
                <cc:validate-exp id="ValidateExp">
                    <cc:expression failure-message="No detail records present in the Input file received for Processing. Terminating the process.">props['p.detail.counter'] > 0</cc:expression>
                </cc:validate-exp>
                <cc:eval id="Eval">
                    <cc:expression>props['pOriginalMessage'] = props['pOriginalMessage'].replace(&quot;&lt;?xml version='1.0' encoding='utf-8'?>&quot;,&quot;&quot;)</cc:expression>
                    <cc:expression>props['pFile'] = '&lt;?xml version=&quot;1.0&quot; encoding=&quot;UTF-8&quot;?>' + '&lt;file>'</cc:expression>
                    <cc:expression>props['pFile'] = props['pFile'] + props['pOriginalMessage']</cc:expression>
                    <cc:expression>props['pFile'] = props['pFile'] + '&lt;/file>'</cc:expression>
                    <cc:expression>vars['vInput'] = props['pFile']</cc:expression>
                </cc:eval>
                <cc:copy id="Copy" output="variable" output-variable="input.file" input="variable" input-variable="vInput"/>
            </cc:steps>
            <cc:send-error id="SendError" routes-to="CallCriticalErr10110"/>
        </cc:async-mediation>
        <cc:local-out id="CallCriticalErr11" store-message="none" endpoint="vm://INT0220_Fidelity_HW_Payroll_Deductions_Inbound/CriticalErr"/>
        <cc:local-out id="CallCriticalErr12" store-message="none" endpoint="vm://INT0220_Fidelity_HW_Payroll_Deductions_Inbound/CriticalErr"/>
        <cc:local-out id="CallCriticalErr1010" store-message="none" endpoint="vm://INT0220_Fidelity_HW_Payroll_Deductions_Inbound/CriticalErr"/>
        <cc:local-out id="CallCriticalErr1011" store-message="none" endpoint="vm://INT0220_Fidelity_HW_Payroll_Deductions_Inbound/CriticalErr"/>
        <cc:local-out id="CallCriticalErr1012" store-message="none" endpoint="vm://INT0220_Fidelity_HW_Payroll_Deductions_Inbound/CriticalErr"/>
        <cc:local-out id="CallCriticalErr1013" store-message="none" endpoint="vm://INT0220_Fidelity_HW_Payroll_Deductions_Inbound/CriticalErr"/>
        <cc:local-out id="CallCriticalErr1014" store-message="none" endpoint="vm://INT0220_Fidelity_HW_Payroll_Deductions_Inbound/CriticalErr"/>
        <cc:local-out id="CallCriticalErr1015" store-message="none" endpoint="vm://INT0220_Fidelity_HW_Payroll_Deductions_Inbound/CriticalErr"/>
        <cc:local-out id="CallCriticalErr1016" store-message="none" endpoint="vm://INT0220_Fidelity_HW_Payroll_Deductions_Inbound/CriticalErr"/>
        <cc:local-out id="CallCriticalErr1017" store-message="none" endpoint="vm://INT0220_Fidelity_HW_Payroll_Deductions_Inbound/CriticalErr"/>
        <cc:local-out id="CallCriticalErr1018" store-message="none" endpoint="vm://INT0220_Fidelity_HW_Payroll_Deductions_Inbound/CriticalErr"/>
        <cc:local-out id="CallCriticalErr1019" store-message="none" endpoint="vm://INT0220_Fidelity_HW_Payroll_Deductions_Inbound/CriticalErr"/>
        <cc:local-out id="CallCriticalErr10110" store-message="none" endpoint="vm://INT0220_Fidelity_HW_Payroll_Deductions_Inbound/CriticalErr"/>
        <cc:local-out id="CallCriticalErr10111" store-message="none" endpoint="vm://INT0220_Fidelity_HW_Payroll_Deductions_Inbound/CriticalErr"/>
        <cc:workday-in id="Bi-Weekly" routes-to="Call-Init-Variables-BW">
            <cc:integration-system name="INT0220BW Fidelity H&amp;W Payroll Deductions Inbound">
        <cloud:param name="Validation Mode">
          <cloud:type>
            <cloud:simple-type>boolean</cloud:simple-type>
          </cloud:type>
          <cloud:default>
            <cloud:boolean>true</cloud:boolean>
          </cloud:default>
        </cloud:param>
        <cloud:param name="As of Date and Time">
          <cloud:type>
            <cloud:simple-type>datetime</cloud:simple-type>
          </cloud:type>
          <cloud:default>
            <cloud:class-report-field description="Current Moment (DateTime)" type="WID">df4effe76deb4222a79001d6737cf91c</cloud:class-report-field>
          </cloud:default>
        </cloud:param>
        <cloud:param name="Expected Pay Group in the file (Optional)">
          <cloud:type>
            <cloud:class-report-field description="Pay Group" type="WID" singular="true">4b41523fe5b5100008428803f74d010b</cloud:class-report-field>
          </cloud:type>
        </cloud:param>
        <cloud:param name="Is AE File ? (Optional)">
          <cloud:type>
            <cloud:simple-type>boolean</cloud:simple-type>
          </cloud:type>
          <cloud:default>
            <cloud:boolean>false</cloud:boolean>
          </cloud:default>
        </cloud:param>
        <cloud:param name="AE File - Override Date for Pay Period End Date (Required if Is AE File is checked)">
          <cloud:type>
            <cloud:simple-type>date</cloud:simple-type>
          </cloud:type>
        </cloud:param>
        <cloud:attribute-map-service name="INT0220 - Map Service Level 1 BW">
          <cloud:map name="Workday Earning/Deduction Code Map">
            <cloud:internal-type>
              <cloud:enumeration-type-reference name="INT0220-Input_File_Combination_Map_1"/>
            </cloud:internal-type>
            <cloud:external-type>
              <cloud:simple-type>text</cloud:simple-type>
            </cloud:external-type>
          </cloud:map>
          <cloud:map name="Earning/Deduction/Credit">
            <cloud:internal-type>
              <cloud:enumeration-type-reference name="INT0220-Input_File_Combination_Map_1"/>
            </cloud:internal-type>
            <cloud:external-type>
              <cloud:enumeration-type name="INT0220-Earnings/Deduction/Credit">
                <cloud:enumeration>Earning (D)</cloud:enumeration>
                <cloud:enumeration>Deduction (D)</cloud:enumeration>
                <cloud:enumeration>Deduction (Goals) (D)</cloud:enumeration>
                <cloud:enumeration>Earning (A)</cloud:enumeration>
                <cloud:enumeration>Deduction (A)</cloud:enumeration>
                <cloud:enumeration>Earning (D+A)</cloud:enumeration>
                <cloud:enumeration>Deduction (D+A)</cloud:enumeration>
              </cloud:enumeration-type>
            </cloud:external-type>
          </cloud:map>
        </cloud:attribute-map-service>
        <cloud:attribute-map-service name="INT0220 - Map Service Level 2 BW">
          <cloud:map name="Workday Earning/Deduction Code Map">
            <cloud:internal-type>
              <cloud:enumeration-type-reference name="INT0220-Input_File_Combination_Map_2"/>
            </cloud:internal-type>
            <cloud:external-type>
              <cloud:simple-type>text</cloud:simple-type>
            </cloud:external-type>
          </cloud:map>
          <cloud:map name="Earning/Deduction/Credit">
            <cloud:internal-type>
              <cloud:enumeration-type-reference name="INT0220-Input_File_Combination_Map_2"/>
            </cloud:internal-type>
            <cloud:external-type>
              <cloud:enumeration-type-reference name="INT0220-Earnings/Deduction/Credit"/>
            </cloud:external-type>
          </cloud:map>
        </cloud:attribute-map-service>
        <cloud:attribute-map-service name="INT0220 - Attribute Service BW">
          <cloud:attribute name="Document Retention Policy">
            <cloud:type>
              <cloud:simple-type>number</cloud:simple-type>
            </cloud:type>
          </cloud:attribute>
          <cloud:attribute name="Batch Size">
            <cloud:type>
              <cloud:simple-type>number</cloud:simple-type>
            </cloud:type>
          </cloud:attribute>
          <cloud:attribute name="Run Category">
            <cloud:type>
              <cloud:class-report-field description="Run Category" type="WID" singular="true">59a4ef31411d41c48ca70a3c30c7bcaf</cloud:class-report-field>
            </cloud:type>
          </cloud:attribute>
          <cloud:attribute name="Web Service Version">
            <cloud:type>
              <cloud:class-report-field description="Web Service API Version" type="WID" singular="false">0a45e155f9f440d5b4d404808d0bbcbe</cloud:class-report-field>
            </cloud:type>
          </cloud:attribute>
          <cloud:attribute name="Worker Identifier From Input File">
            <cloud:type>
              <cloud:class-report-field description="National Identifier" type="WID" singular="true">411b3c7b232d1000042e86398aa10022</cloud:class-report-field>
            </cloud:type>
          </cloud:attribute>
        </cloud:attribute-map-service>
        <cloud:sequence-generator-service name="INT0220 - Batch ID BW">
          <cloud:sequencer>INT0220 - Batch ID</cloud:sequencer>
        </cloud:sequence-generator-service>
        <cloud:service-reference name="INT0220 - Field Override Service"/>
      </cc:integration-system>
        </cc:workday-in>
        <cc:workday-in id="Semi-Monthly" routes-to="Call-Init-Variables-SM">
            <cc:integration-system name="INT0220SM Fidelity H&amp;W Payroll Deductions Inbound">
        <cloud:param name="Validation Mode">
          <cloud:type>
            <cloud:simple-type>boolean</cloud:simple-type>
          </cloud:type>
          <cloud:default>
            <cloud:boolean>true</cloud:boolean>
          </cloud:default>
        </cloud:param>
        <cloud:param name="As of Date and Time">
          <cloud:type>
            <cloud:simple-type>datetime</cloud:simple-type>
          </cloud:type>
          <cloud:default>
            <cloud:class-report-field description="Current Moment (DateTime)" type="WID">df4effe76deb4222a79001d6737cf91c</cloud:class-report-field>
          </cloud:default>
        </cloud:param>
        <cloud:param name="Expected Pay Group in the file (Optional)">
          <cloud:type>
            <cloud:class-report-field description="Pay Group" type="WID" singular="true">4b41523fe5b5100008428803f74d010b</cloud:class-report-field>
          </cloud:type>
        </cloud:param>
        <cloud:param name="Is AE File ? (Optional)">
          <cloud:type>
            <cloud:simple-type>boolean</cloud:simple-type>
          </cloud:type>
          <cloud:default>
            <cloud:boolean>false</cloud:boolean>
          </cloud:default>
        </cloud:param>
        <cloud:param name="AE File - Override Date for Pay Period End Date (Required if Is AE File is checked)">
          <cloud:type>
            <cloud:simple-type>date</cloud:simple-type>
          </cloud:type>
        </cloud:param>
        <cloud:attribute-map-service name="INT0220 - Map Service Level 1 SM">
          <cloud:map name="Workday Earning/Deduction Code Map">
            <cloud:internal-type>
              <cloud:enumeration-type-reference name="INT0220-Input_File_Combination_Map_1"/>
            </cloud:internal-type>
            <cloud:external-type>
              <cloud:simple-type>text</cloud:simple-type>
            </cloud:external-type>
          </cloud:map>
          <cloud:map name="Earning/Deduction/Credit">
            <cloud:internal-type>
              <cloud:enumeration-type-reference name="INT0220-Input_File_Combination_Map_1"/>
            </cloud:internal-type>
            <cloud:external-type>
              <cloud:enumeration-type name="INT0220-Earnings/Deduction/Credit">
                <cloud:enumeration>Earning (D)</cloud:enumeration>
                <cloud:enumeration>Deduction (D)</cloud:enumeration>
                <cloud:enumeration>Deduction (Goals) (D)</cloud:enumeration>
                <cloud:enumeration>Earning (A)</cloud:enumeration>
                <cloud:enumeration>Deduction (A)</cloud:enumeration>
                <cloud:enumeration>Earning (D+A)</cloud:enumeration>
                <cloud:enumeration>Deduction (D+A)</cloud:enumeration>
              </cloud:enumeration-type>
            </cloud:external-type>
          </cloud:map>
        </cloud:attribute-map-service>
        <cloud:attribute-map-service name="INT0220 - Map Service Level 2 SM">
          <cloud:map name="Workday Earning/Deduction Code Map">
            <cloud:internal-type>
              <cloud:enumeration-type-reference name="INT0220-Input_File_Combination_Map_2"/>
            </cloud:internal-type>
            <cloud:external-type>
              <cloud:simple-type>text</cloud:simple-type>
            </cloud:external-type>
          </cloud:map>
          <cloud:map name="Earning/Deduction/Credit">
            <cloud:internal-type>
              <cloud:enumeration-type-reference name="INT0220-Input_File_Combination_Map_2"/>
            </cloud:internal-type>
            <cloud:external-type>
              <cloud:enumeration-type-reference name="INT0220-Earnings/Deduction/Credit"/>
            </cloud:external-type>
          </cloud:map>
        </cloud:attribute-map-service>
        <cloud:attribute-map-service name="INT0220 - Attribute Service SM">
          <cloud:attribute name="Document Retention Policy">
            <cloud:type>
              <cloud:simple-type>number</cloud:simple-type>
            </cloud:type>
          </cloud:attribute>
          <cloud:attribute name="Batch Size">
            <cloud:type>
              <cloud:simple-type>number</cloud:simple-type>
            </cloud:type>
          </cloud:attribute>
          <cloud:attribute name="Run Category">
            <cloud:type>
              <cloud:class-report-field description="Run Category" type="WID" singular="true">59a4ef31411d41c48ca70a3c30c7bcaf</cloud:class-report-field>
            </cloud:type>
          </cloud:attribute>
          <cloud:attribute name="Web Service Version">
            <cloud:type>
              <cloud:class-report-field description="Web Service API Version" type="WID" singular="false">0a45e155f9f440d5b4d404808d0bbcbe</cloud:class-report-field>
            </cloud:type>
          </cloud:attribute>
          <cloud:attribute name="Worker Identifier From Input File">
            <cloud:type>
              <cloud:class-report-field description="National Identifier" type="WID" singular="true">411b3c7b232d1000042e86398aa10022</cloud:class-report-field>
            </cloud:type>
          </cloud:attribute>
        </cloud:attribute-map-service>
        <cloud:sequence-generator-service name="INT0220 - Batch ID SM">
          <cloud:sequencer>INT0220 - Batch ID</cloud:sequencer>
        </cloud:sequence-generator-service>
        <cloud:service-reference name="INT0220 - Field Override Service"/>
      </cc:integration-system>
        </cc:workday-in>
        <cc:local-out id="CallCriticalErr13" store-message="none" endpoint="vm://INT0220_Fidelity_HW_Payroll_Deductions_Inbound/CriticalErr"/>
        <cc:async-mediation id="AsyncMediation0">
            <cc:steps>
                <cc:eval id="Init">
                    <cc:expression>props['pCounter'] = 0</cc:expression>
                    <cc:expression>props['p.aggregate.close'] = false</cc:expression>
                    <cc:expression>props['p.integration.name'] = intsys.getName()</cc:expression>
                    <cc:expression>props['batch.audit.aggr'] = false</cc:expression>
                    <cc:expression>props['continue.processing'] = true</cc:expression>
                    <cc:expression>props['pOriginalMessage'] = ''</cc:expression>
                    <cc:expression>props['p.detail.counter'] = 0</cc:expression>
                </cc:eval>
                <cc:eval id="Attributes">
                    <cc:expression>props['attr.batch.size'] = intsys.getAttribute('Batch Size')</cc:expression>
                    <cc:expression>props['p.run.category'] = intsys.getAttributeReferenceData('Run Category', 'Run_Category_ID')</cc:expression>
                    <cc:expression>props['ia.doc.ret.policy'] = intsys.getAttribute('Document Retention Policy')</cc:expression>
                    <cc:expression>props['ia.ws.version'] = intsys.getAttribute('Web Service Version')</cc:expression>
                    <cc:expression>props['p.Worker.Identifier.Type'] = intsys.getAttributeReferenceData('Worker Identifier From Input File', 'National_ID_Type_Code')</cc:expression>
                    <cc:expression>props['p.integration.name'] = intsys.getName()</cc:expression>
                </cc:eval>
                <cc:eval id="Launch-Parameters">
                    <cc:expression>props['lp.Validate.Mode'] = (Boolean)lp.getSimpleData('Validation Mode')</cc:expression>
                    <cc:expression>props['lp.AsOfDate.Time'] = lp.getSimpleData('As of Date and Time')</cc:expression>
                    <cc:expression>props['pAsOfDate'] = props['lp.AsOfDate.Time'].toString().substring(0, 10)</cc:expression>
                    <cc:expression>props['p.is.AE.File'] = (Boolean)lp.getSimpleData('Is AE File ? (Optional)')</cc:expression>
                    <cc:expression>props['p.AE.File.Date.Override'] = lp.getDate('AE File - Override Date for Pay Period End Date (Required if Is AE File is checked)')</cc:expression>
                    <cc:expression>props['p.Pay.Group'] = lp.getReferenceData('Expected Pay Group in the file (Optional)', 'Organization_Reference_ID')</cc:expression>
                    <cc:expression>props['lp.batch.id'] = lp.getSequencedValue('INT0220 - Batch ID')</cc:expression>
                </cc:eval>
                <cc:xslt-plus id="Store-Map-Values" output="variable" output-variable="map.details" url="IntegrationMapValues.xsl"/>
            </cc:steps>
            <cc:send-error id="SendError" routes-to="CallCriticalErr13"/>
        </cc:async-mediation>
        <cc:local-in id="Init-Variables-SM" routes-to="AsyncMediation0"/>
        <cc:local-out id="CallCriticalErr14" store-message="none" endpoint="vm://INT0220_Fidelity_HW_Payroll_Deductions_Inbound/CriticalErr"/>
        <cc:async-mediation id="AsyncMediation10">
            <cc:steps>
                <cc:eval id="Init">
                    <cc:expression>props['pCounter'] = 0</cc:expression>
                    <cc:expression>props['p.aggregate.close'] = false</cc:expression>
                    <cc:expression>props['p.integration.name'] = intsys.getName()</cc:expression>
                    <cc:expression>props['batch.audit.aggr'] = false</cc:expression>
                    <cc:expression>props['continue.processing'] = true</cc:expression>
                    <cc:expression>props['pOriginalMessage'] = ''</cc:expression>
                    <cc:expression>props['p.detail.counter'] = 0</cc:expression>
                </cc:eval>
                <cc:eval id="Attributes">
                    <cc:expression>props['attr.batch.size'] = intsys.getAttribute('Batch Size')</cc:expression>
                    <cc:expression>props['p.run.category'] = intsys.getAttributeReferenceData('Run Category', 'Run_Category_ID')</cc:expression>
                    <cc:expression>props['ia.doc.ret.policy'] = intsys.getAttribute('Document Retention Policy')</cc:expression>
                    <cc:expression>props['ia.ws.version'] = intsys.getAttribute('Web Service Version')</cc:expression>
                    <cc:expression>props['p.Worker.Identifier.Type'] = intsys.getAttributeReferenceData('Worker Identifier From Input File', 'National_ID_Type_Code')</cc:expression>
                    <cc:expression>props['p.integration.name'] = intsys.getName()</cc:expression>
                </cc:eval>
                <cc:eval id="Launch-Parameters">
                    <cc:expression>props['lp.Validate.Mode'] = (Boolean)lp.getSimpleData('Validation Mode')</cc:expression>
                    <cc:expression>props['lp.AsOfDate.Time'] = lp.getSimpleData('As of Date and Time')</cc:expression>
                    <cc:expression>props['pAsOfDate'] = props['lp.AsOfDate.Time'].toString().substring(0, 10)</cc:expression>
                    <cc:expression>props['p.is.AE.File'] = (Boolean)lp.getSimpleData('Is AE File ? (Optional)')</cc:expression>
                    <cc:expression>props['p.AE.File.Date.Override'] = lp.getDate('AE File - Override Date for Pay Period End Date (Required if Is AE File is checked)')</cc:expression>
                    <cc:expression>props['p.Pay.Group'] = lp.getReferenceData('Expected Pay Group in the file (Optional)', 'Organization_Reference_ID')</cc:expression>
                    <cc:expression>props['lp.batch.id'] = lp.getSequencedValue('INT0220 - Batch ID')</cc:expression>
                </cc:eval>
                <cc:xslt-plus id="Store-Map-Values" output="variable" output-variable="map.details" url="IntegrationMapValues.xsl"/>
            </cc:steps>
            <cc:send-error id="SendError" routes-to="CallCriticalErr14"/>
        </cc:async-mediation>
        <cc:local-in id="Init-Variables-BW" routes-to="AsyncMediation10"/>
        <cc:local-out id="Call-Init-Variables-SM" store-message="none" routes-response-to="ValidationMode" endpoint="vm://INT0220_Fidelity_HW_Payroll_Deductions_Inbound/Init-Variables-SM"/>
        <cc:local-out id="Call-Init-Variables-BW" store-message="none" routes-response-to="ValidationMode" endpoint="vm://INT0220_Fidelity_HW_Payroll_Deductions_Inbound/Init-Variables-BW"/>
        <cc:local-out id="GetEventDocuments0" routes-response-to="AsyncMediation5" endpoint="vm://wcc/GetEventDocuments"><cc:set name="ie.event.wid" value="lp.isSet() ? lp.getIntegrationEventWID() : null"/></cc:local-out>
    </cc:assembly>

</beans>