<?xml version="1.0" encoding="UTF-8"?>
<wd:Report_Data xmlns:wd="urn:com.workday.report/VSR_Wellness_2">
    <wd:Report_Entry>
        <wd:publicEmailAddresses>John_Loshbaugh@keybank.com (John Loshbaugh)</wd:publicEmailAddresses>
        <wd:VSR_-_VENDOR_NAME>ComPsych</wd:VSR_-_VENDOR_NAME>
        <wd:Training_group>
            <wd:Training_Name>An Introduction to Salesforce</wd:Training_Name>
            <wd:Completed_On>2015-07-21</wd:Completed_On>
            <wd:CF_TF_Training_is_Not_Empty>1</wd:CF_TF_Training_is_Not_Empty>
        </wd:Training_group>
        <wd:Training_group>
            <wd:Training_Name>An Introduction to Salesforce</wd:Training_Name>
            <wd:Completed_On>2015-07-21</wd:Completed_On>
            <wd:CF_TF_Training_is_Not_Empty>1</wd:CF_TF_Training_is_Not_Empty>
        </wd:Training_group>
        <wd:Training_group>
            <wd:Training_Name>Becoming an Ally</wd:Training_Name>
            <wd:Completed_On>2022-03-25</wd:Completed_On>
            <wd:CF_TF_Training_is_Not_Empty>1</wd:CF_TF_Training_is_Not_Empty>
        </wd:Training_group>
        <wd:Training_group>
            <wd:Training_Name>Bridging the Gap - Capstone Module</wd:Training_Name>
            <wd:Completed_On>2022-03-25</wd:Completed_On>
            <wd:CF_TF_Training_is_Not_Empty>1</wd:CF_TF_Training_is_Not_Empty>
        </wd:Training_group>
        <wd:Training_group>
            <wd:Training_Name>Courageous Dialogue</wd:Training_Name>
            <wd:Completed_On>2022-03-25</wd:Completed_On>
            <wd:CF_TF_Training_is_Not_Empty>1</wd:CF_TF_Training_is_Not_Empty>
        </wd:Training_group>
        <wd:Training_group>
            <wd:Training_Name>COVID-19 Mask Policy Acknowledgment</wd:Training_Name>
            <wd:Completed_On>2021-06-01</wd:Completed_On>
            <wd:CF_TF_Training_is_Not_Empty>1</wd:CF_TF_Training_is_Not_Empty>
        </wd:Training_group>
        <wd:Training_group>
            <wd:Training_Name>Demonstrating Empathy</wd:Training_Name>
            <wd:Completed_On>2022-03-25</wd:Completed_On>
            <wd:CF_TF_Training_is_Not_Empty>1</wd:CF_TF_Training_is_Not_Empty>
        </wd:Training_group>
        <wd:Training_group>
            <wd:Training_Name>Diversity is Key</wd:Training_Name>
            <wd:Completed_On>2020-10-22</wd:Completed_On>
            <wd:CF_TF_Training_is_Not_Empty>1</wd:CF_TF_Training_is_Not_Empty>
        </wd:Training_group>
        <wd:Training_group>
            <wd:Training_Name>Diversity the Basics</wd:Training_Name>
            <wd:Completed_On>2020-10-22</wd:Completed_On>
            <wd:CF_TF_Training_is_Not_Empty>1</wd:CF_TF_Training_is_Not_Empty>
        </wd:Training_group>
        <wd:Training_group>
            <wd:Training_Name>High Risk Commercial Client Due Diligence Compliance Training</wd:Training_Name>
            <wd:Completed_On>2022-02-04</wd:Completed_On>
            <wd:CF_TF_Training_is_Not_Empty>1</wd:CF_TF_Training_is_Not_Empty>
        </wd:Training_group>
        <wd:Training_group>
            <wd:Training_Name>How Leaders Can Talk About Race</wd:Training_Name>
            <wd:Completed_On>2022-03-25</wd:Completed_On>
            <wd:CF_TF_Training_is_Not_Empty>1</wd:CF_TF_Training_is_Not_Empty>
        </wd:Training_group>
        <wd:Training_group>
            <wd:Training_Name>Inclusion the Basics</wd:Training_Name>
            <wd:Completed_On>2022-03-25</wd:Completed_On>
            <wd:CF_TF_Training_is_Not_Empty>1</wd:CF_TF_Training_is_Not_Empty>
        </wd:Training_group>
        <wd:Training_group>
            <wd:Training_Name>Inclusive Language</wd:Training_Name>
            <wd:Completed_On>2022-03-25</wd:Completed_On>
            <wd:CF_TF_Training_is_Not_Empty>1</wd:CF_TF_Training_is_Not_Empty>
        </wd:Training_group>
        <wd:Training_group>
            <wd:Training_Name>Inclusive Leadership</wd:Training_Name>
            <wd:Completed_On>2022-03-25</wd:Completed_On>
            <wd:CF_TF_Training_is_Not_Empty>1</wd:CF_TF_Training_is_Not_Empty>
        </wd:Training_group>
        <wd:Training_group>
            <wd:Training_Name>Inclusive Practices - Communication Styles Inclusion</wd:Training_Name>
            <wd:Completed_On>2022-03-25</wd:Completed_On>
            <wd:CF_TF_Training_is_Not_Empty>1</wd:CF_TF_Training_is_Not_Empty>
        </wd:Training_group>
        <wd:Training_group>
            <wd:Training_Name>Inclusive Practices - Cultural Inclusion</wd:Training_Name>
            <wd:Completed_On>2022-03-25</wd:Completed_On>
            <wd:CF_TF_Training_is_Not_Empty>1</wd:CF_TF_Training_is_Not_Empty>
        </wd:Training_group>
        <wd:Training_group>
            <wd:Training_Name>Inclusive Practices - Disability Inclusion</wd:Training_Name>
            <wd:Completed_On>2022-03-25</wd:Completed_On>
            <wd:CF_TF_Training_is_Not_Empty>1</wd:CF_TF_Training_is_Not_Empty>
        </wd:Training_group>
        <wd:Training_group>
            <wd:Training_Name>Inclusive Practices - Gender Identity and Sexual Orientation Inclusion</wd:Training_Name>
            <wd:Completed_On>2022-03-25</wd:Completed_On>
            <wd:CF_TF_Training_is_Not_Empty>1</wd:CF_TF_Training_is_Not_Empty>
        </wd:Training_group>
        <wd:Training_group>
            <wd:Training_Name>Inclusive Practices - Generational Inclusion</wd:Training_Name>
            <wd:Completed_On>2022-03-25</wd:Completed_On>
            <wd:CF_TF_Training_is_Not_Empty>1</wd:CF_TF_Training_is_Not_Empty>
        </wd:Training_group>
        <wd:Training_group>
            <wd:Training_Name>Inclusive Practices - The Basics</wd:Training_Name>
            <wd:Completed_On>2022-03-25</wd:Completed_On>
            <wd:CF_TF_Training_is_Not_Empty>1</wd:CF_TF_Training_is_Not_Empty>
        </wd:Training_group>
        <wd:Training_group>
            <wd:Training_Name>Introduction to Culture</wd:Training_Name>
            <wd:Completed_On>2020-10-22</wd:Completed_On>
            <wd:CF_TF_Training_is_Not_Empty>1</wd:CF_TF_Training_is_Not_Empty>
        </wd:Training_group>
        <wd:Training_group>
            <wd:Training_Name>Overview of Fannie Mae, Freddie Mac and FHA Multifamily Lending Products</wd:Training_Name>
            <wd:Completed_On>2018-01-30</wd:Completed_On>
            <wd:CF_TF_Training_is_Not_Empty>1</wd:CF_TF_Training_is_Not_Empty>
        </wd:Training_group>
        <wd:Training_group>
            <wd:Training_Name>Overview of Fannie Mae, Freddie Mac and FHA Multifamily Lending Products</wd:Training_Name>
            <wd:Completed_On>2018-01-30</wd:Completed_On>
            <wd:CF_TF_Training_is_Not_Empty>1</wd:CF_TF_Training_is_Not_Empty>
        </wd:Training_group>
        <wd:Training_group>
            <wd:Training_Name>Real Estate Capital 2017 Collaboration Summit</wd:Training_Name>
            <wd:Completed_On>2017-07-27</wd:Completed_On>
            <wd:CF_TF_Training_is_Not_Empty>1</wd:CF_TF_Training_is_Not_Empty>
        </wd:Training_group>
        <wd:Training_group>
            <wd:Training_Name>Risks of Certain Foreign Entities in Commercial Client Transactions</wd:Training_Name>
            <wd:Completed_On>2022-02-04</wd:Completed_On>
            <wd:CF_TF_Training_is_Not_Empty>1</wd:CF_TF_Training_is_Not_Empty>
        </wd:Training_group>
        <wd:Training_group>
            <wd:Training_Name>Stories at Work: Allyship</wd:Training_Name>
            <wd:Completed_On>2022-03-25</wd:Completed_On>
            <wd:CF_TF_Training_is_Not_Empty>1</wd:CF_TF_Training_is_Not_Empty>
        </wd:Training_group>
        <wd:Training_group>
            <wd:Training_Name>Tackling Systemic Racism at Work</wd:Training_Name>
            <wd:Completed_On>2022-03-25</wd:Completed_On>
            <wd:CF_TF_Training_is_Not_Empty>1</wd:CF_TF_Training_is_Not_Empty>
        </wd:Training_group>
        <wd:Training_group>
            <wd:Training_Name>The "Just Like Me" Bias</wd:Training_Name>
            <wd:Completed_On>2022-03-25</wd:Completed_On>
            <wd:CF_TF_Training_is_Not_Empty>1</wd:CF_TF_Training_is_Not_Empty>
        </wd:Training_group>
        <wd:Training_group>
            <wd:Training_Name>The Business Impact of Mitigating Bias</wd:Training_Name>
            <wd:Completed_On>2020-10-22</wd:Completed_On>
            <wd:CF_TF_Training_is_Not_Empty>1</wd:CF_TF_Training_is_Not_Empty>
        </wd:Training_group>
        <wd:Training_group>
            <wd:Training_Name>The Diversity Spectrum</wd:Training_Name>
            <wd:Completed_On>2020-10-22</wd:Completed_On>
            <wd:CF_TF_Training_is_Not_Empty>1</wd:CF_TF_Training_is_Not_Empty>
        </wd:Training_group>
        <wd:Training_group>
            <wd:Training_Name>The Myth of Color Blindness</wd:Training_Name>
            <wd:Completed_On>2022-03-25</wd:Completed_On>
            <wd:CF_TF_Training_is_Not_Empty>1</wd:CF_TF_Training_is_Not_Empty>
        </wd:Training_group>
        <wd:Training_group>
            <wd:Training_Name>U is for Upstander</wd:Training_Name>
            <wd:Completed_On>2022-03-25</wd:Completed_On>
            <wd:CF_TF_Training_is_Not_Empty>1</wd:CF_TF_Training_is_Not_Empty>
        </wd:Training_group>
        <wd:Training_group>
            <wd:Training_Name>Unconscious Bias The Basics</wd:Training_Name>
            <wd:Completed_On>2020-10-22</wd:Completed_On>
            <wd:CF_TF_Training_is_Not_Empty>1</wd:CF_TF_Training_is_Not_Empty>
        </wd:Training_group>
        <wd:Training_group>
            <wd:Training_Name>We Are at a Crossroads: Understanding Intersectionality</wd:Training_Name>
            <wd:Completed_On>2022-03-25</wd:Completed_On>
            <wd:CF_TF_Training_is_Not_Empty>1</wd:CF_TF_Training_is_Not_Empty>
        </wd:Training_group>
        <wd:Training_group>
            <wd:Training_Name>ZZZ-Inactive: Leveraging Salesforce to Drive Sales Opportunities for Corporate Bank New Users</wd:Training_Name>
            <wd:Completed_On>2015-07-27</wd:Completed_On>
            <wd:CF_TF_Training_is_Not_Empty>1</wd:CF_TF_Training_is_Not_Empty>
        </wd:Training_group>
        <wd:Training_group>
            <wd:Training_Name>ZZZ-Inactive: Real Estate Capital 2015 Collaboration Summit</wd:Training_Name>
            <wd:Completed_On>2015-05-13</wd:Completed_On>
            <wd:CF_TF_Training_is_Not_Empty>1</wd:CF_TF_Training_is_Not_Empty>
        </wd:Training_group>
        <wd:Employee_ID>000301608</wd:Employee_ID>
        <wd:Legal_Name_-_First_Name>John</wd:Legal_Name_-_First_Name>
        <wd:Legal_Name_-_Last_Name>Loshbaugh</wd:Legal_Name_-_Last_Name>
        <wd:dateOfBirth>1976-10-02</wd:dateOfBirth>
    </wd:Report_Entry>
</wd:Report_Data>
