<?xml version="1.0" encoding="UTF-8"?>
<wdnm:Diagram xmlns:wdnm="http://workday.com/studio/editors/notation">
  <element href="assembly.xml#WorkdayAssembly"/>
  <visualProperties x="51" y="229">
    <element href="assembly.xml#StartHere"/>
  </visualProperties>
  <visualProperties x="227" y="229">
    <element href="assembly.xml#Initialize"/>
  </visualProperties>
  <visualProperties x="178" y="378">
    <element href="assembly.xml#CallInitializationError"/>
  </visualProperties>
  <visualProperties x="718" y="243">
    <element href="assembly.xml#Call-ProcessGetExpiredContractors"/>
  </visualProperties>
  <visualProperties x="51" y="523">
    <element href="assembly.xml#ProcessGetExpiredContractors"/>
  </visualProperties>
  <visualProperties x="391" y="523">
    <element href="assembly.xml#RAAS-INT0272"/>
  </visualProperties>
  <visualProperties x="612" y="468">
    <element href="assembly.xml#Splitter"/>
  </visualProperties>
  <visualProperties x="791" y="485">
    <element href="assembly.xml#AsyncMediation"/>
  </visualProperties>
  <visualProperties x="815" y="631">
    <element href="assembly.xml#CallAuditError"/>
  </visualProperties>
  <visualProperties x="298" y="758">
    <element href="assembly.xml#AsyncMediation1"/>
  </visualProperties>
  <visualProperties x="298" y="911">
    <element href="assembly.xml#Call-CriticalError0"/>
  </visualProperties>
  <visualProperties x="534" y="758">
    <element href="assembly.xml#Aggregator"/>
  </visualProperties>
  <visualProperties x="741" y="763">
    <element href="assembly.xml#AsyncMediation2"/>
  </visualProperties>
  <visualProperties x="748" y="911">
    <element href="assembly.xml#Call-CriticalError00"/>
  </visualProperties>
  <visualProperties x="78" y="1066">
    <element href="assembly.xml#CriticalError"/>
  </visualProperties>
  <visualProperties x="290" y="1057">
    <element href="assembly.xml#SetCriticalErrorFlag"/>
  </visualProperties>
  <visualProperties x="545" y="1057">
    <element href="assembly.xml#SendInitError"/>
  </visualProperties>
  <visualProperties x="518" y="1144">
    <element href="assembly.xml#AbortImportPayInputs"/>
  </visualProperties>
  <visualProperties x="100" y="1252">
    <element href="assembly.xml#//@beans/@mixed.1/@mixed.37"/>
  </visualProperties>
  <visualProperties x="405" y="1252">
    <element href="assembly.xml#Note-Error"/>
  </visualProperties>
  <visualProperties x="71" y="768">
    <element href="assembly.xml#AuditSuccess"/>
  </visualProperties>
  <visualProperties x="1073" y="243">
    <element href="assembly.xml#CallCloseAuditAggregator"/>
  </visualProperties>
  <visualProperties x="532" y="889">
    <element href="assembly.xml#CloseAuditAgg"/>
  </visualProperties>
  <visualProperties x="959" y="768">
    <element href="assembly.xml#PutAuditLogXML"/>
  </visualProperties>
  <visualProperties x="385" y="243">
    <element href="assembly.xml#ValidationModeEnabled"/>
  </visualProperties>
  <visualProperties x="1218" y="495">
    <element href="assembly.xml#EndContingentWorkerContractWebService"/>
  </visualProperties>
  <visualProperties x="1046" y="495">
    <element href="assembly.xml#AsyncMediation3"/>
  </visualProperties>
  <visualProperties x="1561" y="468">
    <element href="assembly.xml#AsyncMediation0"/>
  </visualProperties>
  <visualProperties x="1766" y="485">
    <element href="assembly.xml#Call-AuditSuccess"/>
  </visualProperties>
  <visualProperties x="1564" y="621">
    <element href="assembly.xml#Call-CriticalError"/>
  </visualProperties>
  <decorations x="22" y="16" width="911" height="60" font="Arial|12|1" fontColor="1" type="TEXT" text="INT0272 - Contingent Worker Expiration"/>
  <decorations x="29" y="75" width="1078" height="59" type="TEXT" text="BMO will need a boomerang integration (Studio that Exports Data and then Updates Workday) that captures all contingent workers in Workday that have passed their end date (i.e. end date + 1 day). Any contingent worker that meets this criteria should have a business process initiated that terminates them in Workday.  Their Position Should also be closed."/>
  <decorations x="29" y="139" width="1269" height="285" font="Arial|10|1" fontColor="1" type="NOTE" text="INTEGRATION PROCESS FLOW"/>
  <decorations x="29" y="434" width="1933" height="244" font="Arial|10|1" fontColor="1" type="NOTE" text="PROCESS GET EXPIRED CONTRACTORS"/>
  <decorations x="22" y="691" width="1258" height="265" font="Arial|10|1" fontColor="1" type="NOTE" text="AUDIT FILE CREATION"/>
  <decorations x="22" y="980" width="1258" height="201" font="Arial|10|1" fontColor="1" type="NOTE" text="CRITICAL ERROR HANDLER"/>
  <decorations x="29" y="1202" width="778" height="138" font="Arial|10|1" bgColor="8816383" fontColor="1" type="NOTE" text="GLOBAL ERROR HANDLER"/>
  <connections type="routesTo">
    <source href="assembly.xml#//@beans/@mixed.1/@mixed.5/@mixed.3"/>
    <target href="assembly.xml#CallInitializationError"/>
  </connections>
  <connections type="routesTo" sourceAnchorX="1.0" sourceAnchorY="0.40540540540540543" targetAnchorX="0.09405940594059406" targetAnchorY="0.10236220472440945">
    <source href="assembly.xml#StartHere"/>
    <target href="assembly.xml#Initialize"/>
  </connections>
  <connections type="routesTo" sourceAnchorX="1.0" sourceAnchorY="0.5135135135135135" targetAnchorX="0.03225806451612903" targetAnchorY="0.5135135135135135">
    <source href="assembly.xml#ProcessGetExpiredContractors"/>
    <target href="assembly.xml#RAAS-INT0272"/>
  </connections>
  <connections type="routesResponseTo" sourceAnchorX="1.0" sourceAnchorY="0.24324324324324326" targetAnchorX="0.1282051282051282" targetAnchorY="0.1524390243902439">
    <source href="assembly.xml#RAAS-INT0272"/>
    <target href="assembly.xml#Splitter"/>
  </connections>
  <connections type="routesTo" sourceAnchorX="1.0" sourceAnchorY="0.7058823529411765" targetAnchorX="0.03496503496503497" targetAnchorY="0.08695652173913043">
    <source href="assembly.xml#//@beans/@mixed.1/@splitter.0/@subRoute.0"/>
    <target href="assembly.xml#AsyncMediation"/>
  </connections>
  <connections type="routesTo" sourceAnchorX="0.625" sourceAnchorY="1.0" targetAnchorX="0.4365482233502538" targetAnchorY="0.5675675675675675">
    <source href="assembly.xml#//@beans/@mixed.1/@mixed.15/@mixed.3"/>
    <target href="assembly.xml#CallAuditError"/>
  </connections>
  <connections type="routesTo" sourceAnchorX="0.5486111111111112" sourceAnchorY="1.0" targetAnchorX="0.4797687861271676" targetAnchorY="0.2702702702702703">
    <source href="assembly.xml#//@beans/@mixed.1/@mixed.19/@mixed.3"/>
    <target href="assembly.xml#Call-CriticalError0"/>
  </connections>
  <connections type="routesTo" sourceAnchorX="1.0" sourceAnchorY="0.14960629921259844" targetAnchorX="0.12307692307692308" targetAnchorY="0.1792452830188679">
    <source href="assembly.xml#AsyncMediation1"/>
    <target href="assembly.xml#Aggregator"/>
  </connections>
  <connections type="routesTo" sourceAnchorX="1.0" sourceAnchorY="0.2169811320754717" targetAnchorX="0.10596026490066225" targetAnchorY="0.17391304347826086">
    <source href="assembly.xml#Aggregator"/>
    <target href="assembly.xml#AsyncMediation2"/>
  </connections>
  <connections type="routesTo" sourceAnchorX="0.625" sourceAnchorY="1.0" targetAnchorX="0.47513812154696133" targetAnchorY="0.7567567567567568">
    <source href="assembly.xml#//@beans/@mixed.1/@mixed.25/@mixed.3"/>
    <target href="assembly.xml#Call-CriticalError00"/>
  </connections>
  <connections type="routesTo" sourceAnchorX="1.0" sourceAnchorY="0.4864864864864865" targetAnchorX="0.33070866141732286" targetAnchorY="0.2608695652173913">
    <source href="assembly.xml#CriticalError"/>
    <target href="assembly.xml#SetCriticalErrorFlag"/>
  </connections>
  <connections type="routesTo" sourceAnchorX="1.0" sourceAnchorY="0.13829787234042554" targetAnchorX="0.1937984496124031" targetAnchorY="0.43243243243243246">
    <source href="assembly.xml#SetCriticalErrorFlag"/>
    <target href="assembly.xml#SendInitError"/>
  </connections>
  <connections type="routesResponseTo" sourceAnchorX="0.40875912408759124" sourceAnchorY="1.0" targetAnchorX="0.4540229885057471" targetAnchorY="0.6756756756756757">
    <source href="assembly.xml#SendInitError"/>
    <target href="assembly.xml#AbortImportPayInputs"/>
  </connections>
  <connections type="routesTo" sourceAnchorX="0.9669421487603306" sourceAnchorY="0.43243243243243246" targetAnchorX="0.06060606060606061" targetAnchorY="0.3783783783783784">
    <source href="assembly.xml#//@beans/@mixed.1/@mixed.37"/>
    <target href="assembly.xml#Note-Error"/>
  </connections>
  <connections type="routesTo" sourceAnchorX="1.0" sourceAnchorY="0.43243243243243246" targetAnchorX="0.10596026490066225" targetAnchorY="0.1968503937007874">
    <source href="assembly.xml#AuditSuccess"/>
    <target href="assembly.xml#AsyncMediation1"/>
  </connections>
  <connections type="routesResponseTo" sourceAnchorX="1.0" sourceAnchorY="0.3783783783783784" targetAnchorX="0.20253164556962025" targetAnchorY="0.35135135135135137">
    <source href="assembly.xml#Call-ProcessGetExpiredContractors"/>
    <target href="assembly.xml#CallCloseAuditAggregator"/>
  </connections>
  <connections type="routesTo" sourceAnchorX="0.5328947368421053" sourceAnchorY="1.0" targetAnchorX="0.5538461538461539" targetAnchorY="0.7830188679245284">
    <source href="assembly.xml#CloseAuditAgg"/>
    <target href="assembly.xml#Aggregator"/>
  </connections>
  <connections type="routesTo" sourceAnchorX="1.0" sourceAnchorY="0.18110236220472442" targetAnchorX="0.08588957055214724" targetAnchorY="0.4594594594594595">
    <source href="assembly.xml#AsyncMediation2"/>
    <target href="assembly.xml#PutAuditLogXML"/>
  </connections>
  <connections type="routesTo" sourceAnchorX="1.0" sourceAnchorY="0.216" targetAnchorX="0.07526881720430108" targetAnchorY="0.32432432432432434">
    <source href="assembly.xml#Initialize"/>
    <target href="assembly.xml#ValidationModeEnabled"/>
  </connections>
  <connections type="routesResponseTo" sourceAnchorX="0.8279569892473119" sourceAnchorY="1.0" targetAnchorX="0.05928853754940711" targetAnchorY="0.5135135135135135">
    <source href="assembly.xml#ValidationModeEnabled"/>
    <target href="assembly.xml#Call-ProcessGetExpiredContractors"/>
  </connections>
  <connections type="routesResponseTo" sourceAnchorX="1.0" sourceAnchorY="0.4864864864864865" targetAnchorX="0.09271523178807947" targetAnchorY="0.14130434782608695">
    <source href="assembly.xml#EndContingentWorkerContractWebService"/>
    <target href="assembly.xml#AsyncMediation0"/>
  </connections>
  <connections type="routesTo" sourceAnchorX="1.0" sourceAnchorY="0.29347826086956524" targetAnchorX="0.2664359861591695" targetAnchorY="0.40540540540540543">
    <source href="assembly.xml#AsyncMediation3"/>
    <target href="assembly.xml#EndContingentWorkerContractWebService"/>
  </connections>
  <connections type="routesTo" sourceAnchorX="1.0" sourceAnchorY="0.1889763779527559" targetAnchorX="0.08227848101265822" targetAnchorY="0.4864864864864865">
    <source href="assembly.xml#AsyncMediation0"/>
    <target href="assembly.xml#Call-AuditSuccess"/>
  </connections>
  <connections type="routesTo" sourceAnchorX="0.5347222222222222" sourceAnchorY="1.0" targetAnchorX="0.463855421686747" targetAnchorY="0.2972972972972973">
    <source href="assembly.xml#//@beans/@mixed.1/@mixed.55/@mixed.3"/>
    <target href="assembly.xml#Call-CriticalError"/>
  </connections>
  <connections type="routesTo" sourceAnchorX="1.0" sourceAnchorY="0.2" targetAnchorX="0.10526315789473684" targetAnchorY="0.20212765957446807">
    <source href="assembly.xml#AsyncMediation"/>
    <target href="assembly.xml#AsyncMediation3"/>
  </connections>
</wdnm:Diagram>
