<?xml version="1.0" encoding="UTF-8"?>
<wdnm:Diagram xmlns:wdnm="http://workday.com/studio/editors/notation">
  <element href="assembly.xml#WorkdayAssembly"/>
  <visualProperties x="157" y="85">
    <element href="assembly.xml#ConvertToXML"/>
  </visualProperties>
  <visualProperties x="1033" y="129">
    <element href="assembly.xml#WorkdayOutSoap"/>
  </visualProperties>
  <visualProperties x="773" y="92">
    <element href="assembly.xml#CreateWebServiceData"/>
  </visualProperties>
  <visualProperties x="605" y="92">
    <element href="assembly.xml#Splitter"/>
  </visualProperties>
  <visualProperties x="516" y="23">
    <element href="assembly.xml#//@beans/@mixed.1/@mixed.9"/>
  </visualProperties>
  <visualProperties x="821" y="23">
    <element href="assembly.xml#Note-Error"/>
  </visualProperties>
  <visualProperties>
    <element href="assembly.xml#StartHere"/>
  </visualProperties>
  <visualProperties>
    <element href="assembly.xml#InitializeParameters"/>
  </visualProperties>
  <visualProperties>
    <element href="assembly.xml#CallRetrieveInput"/>
  </visualProperties>
  <visualProperties>
    <element href="assembly.xml#CallPreProcessFile"/>
  </visualProperties>
  <visualProperties>
    <element href="assembly.xml#RetrieveInputFile"/>
  </visualProperties>
  <visualProperties>
    <element href="assembly.xml#InitRetrieveDocs"/>
  </visualProperties>
  <visualProperties>
    <element href="assembly.xml#GetFile"/>
  </visualProperties>
  <visualProperties>
    <element href="assembly.xml#CheckIfFileRetrieved"/>
  </visualProperties>
  <visualProperties>
    <element href="assembly.xml#RetrieveFileRouter"/>
  </visualProperties>
  <visualProperties>
    <element href="assembly.xml#ReadingInputFile"/>
  </visualProperties>
  <visualProperties>
    <element href="assembly.xml#PreProcessFile"/>
  </visualProperties>
  <visualProperties>
    <element href="assembly.xml#AsyncMediation2"/>
  </visualProperties>
  <visualProperties x="1140" y="1105">
    <element href="assembly.xml#VModeLeaveOn"/>
  </visualProperties>
  <visualProperties x="3104" y="1028">
    <element href="assembly.xml#VModeLeaveOff"/>
  </visualProperties>
  <visualProperties>
    <element href="assembly.xml#AuditLog"/>
  </visualProperties>
  <visualProperties>
    <element href="assembly.xml#WriteAuditEntry"/>
  </visualProperties>
  <visualProperties>
    <element href="assembly.xml#BatchAudit"/>
  </visualProperties>
  <visualProperties>
    <element href="assembly.xml#AuditAggregator"/>
  </visualProperties>
  <visualProperties>
    <element href="assembly.xml#AsyncMediation1"/>
  </visualProperties>
  <visualProperties>
    <element href="assembly.xml#Put-ErrorFile"/>
  </visualProperties>
  <visualProperties x="1546" y="902">
    <element href="assembly.xml#CallAuditLog"/>
  </visualProperties>
  <visualProperties x="821" y="141">
    <element href="assembly.xml#CallBatchAudit"/>
  </visualProperties>
  <visualProperties>
    <element href="assembly.xml#CriticalInitialError"/>
  </visualProperties>
  <visualProperties>
    <element href="assembly.xml#SetCriticalErrorFlag"/>
  </visualProperties>
  <visualProperties>
    <element href="assembly.xml#SendInitError"/>
  </visualProperties>
  <visualProperties x="293" y="368">
    <element href="assembly.xml#CriticalError1"/>
  </visualProperties>
  <visualProperties x="1932" y="608">
    <element href="assembly.xml#CriticalError2"/>
  </visualProperties>
  <visualProperties x="2328" y="946">
    <element href="assembly.xml#CriticalError3"/>
  </visualProperties>
  <visualProperties x="2368" y="1124">
    <element href="assembly.xml#CriticalError4"/>
  </visualProperties>
  <visualProperties x="2160" y="1248">
    <element href="assembly.xml#CriticalError5"/>
  </visualProperties>
  <visualProperties x="2356" y="1596">
    <element href="assembly.xml#CriticalError6"/>
  </visualProperties>
  <visualProperties x="1093" y="887">
    <element href="assembly.xml#AsyncMediation"/>
  </visualProperties>
  <visualProperties x="1143" y="1017">
    <element href="assembly.xml#SoapError"/>
  </visualProperties>
  <connections type="routesTo" sourceAnchorX="0.6634615384615384" sourceAnchorY="1.0" targetAnchorX="0.09933774834437085" targetAnchorY="0.7395833333333334">
    <source href="assembly.xml#//@beans/@mixed.1/@splitter.0/@subRoute.0"/>
    <target href="assembly.xml#CreateWebServiceData"/>
  </connections>
  <connections type="routesTo" sourceAnchorX="1.0" sourceAnchorY="0.6041666666666666" targetAnchorX="0.26573426573426573" targetAnchorY="0.4891304347826087">
    <source href="assembly.xml#CreateWebServiceData"/>
    <target href="assembly.xml#AsyncMediation"/>
  </connections>
  <connections type="routesTo" sourceAnchorX="1.0" sourceAnchorY="0.5208333333333334" targetAnchorX="0.15384615384615385" targetAnchorY="0.4451219512195122">
    <source href="assembly.xml#ConvertToXML"/>
    <target href="assembly.xml#Splitter"/>
  </connections>
  <connections type="routesTo" sourceAnchorX="0.9669421487603306" sourceAnchorY="0.43243243243243246" targetAnchorX="0.06060606060606061" targetAnchorY="0.3783783783783784">
    <source href="assembly.xml#//@beans/@mixed.1/@mixed.9"/>
    <target href="assembly.xml#Note-Error"/>
  </connections>
  <connections type="routesTo">
    <source href="assembly.xml#StartHere"/>
    <target href="assembly.xml#InitializeParameters"/>
  </connections>
  <connections type="routesTo" targetAnchorX="0.20958083832335328" targetAnchorY="0.5135135135135135">
    <source href="assembly.xml#InitializeParameters"/>
    <target href="assembly.xml#CallRetrieveInput"/>
  </connections>
  <connections type="routesResponseTo" sourceAnchorX="0.8083832335329342" sourceAnchorY="1.0" targetAnchorX="0.3442622950819672" targetAnchorY="0.3783783783783784">
    <source href="assembly.xml#CallRetrieveInput"/>
    <target href="assembly.xml#CallPreProcessFile"/>
  </connections>
  <connections type="routesTo">
    <source href="assembly.xml#RetrieveInputFile"/>
    <target href="assembly.xml#InitRetrieveDocs"/>
  </connections>
  <connections type="routesTo" sourceAnchorX="0.9318181818181818" sourceAnchorY="0.376">
    <source href="assembly.xml#InitRetrieveDocs"/>
    <target href="assembly.xml#GetFile"/>
  </connections>
  <connections type="routesResponseTo" sourceAnchorX="0.7766990291262136" sourceAnchorY="0.24324324324324326" targetAnchorX="0.012903225806451613" targetAnchorY="0.344">
    <source href="assembly.xml#GetFile"/>
    <target href="assembly.xml#CheckIfFileRetrieved"/>
  </connections>
  <connections type="routesTo" targetAnchorX="0.0" targetAnchorY="0.38961038961038963">
    <source href="assembly.xml#CheckIfFileRetrieved"/>
    <target href="assembly.xml#RetrieveFileRouter"/>
  </connections>
  <connections type="routesTo" sourceAnchorX="0.984375" sourceAnchorY="0.029411764705882353" targetAnchorX="0.0196078431372549" targetAnchorY="0.208">
    <source href="assembly.xml#//@beans/@mixed.1/@route.0/@subRoute.0"/>
    <target href="assembly.xml#ReadingInputFile"/>
    <bendpoints sourceX="29" sourceY="-1" targetX="-25" targetY="85"/>
    <bendpoints sourceX="28" sourceY="-82" targetX="-26" targetY="4"/>
  </connections>
  <connections type="routesTo" sourceAnchorX="0.8037974683544303" sourceAnchorY="1.0" targetAnchorX="0.1456953642384106" targetAnchorY="0.7916666666666666">
    <source href="assembly.xml#PreProcessFile"/>
    <target href="assembly.xml#AsyncMediation2"/>
  </connections>
  <connections type="routesTo" sourceAnchorX="1.0" sourceAnchorY="0.3229166666666667" targetAnchorX="0.09046454767726161" targetAnchorY="0.4645669291338583">
    <source href="assembly.xml#AsyncMediation2"/>
    <target href="assembly.xml#ConvertToXML"/>
  </connections>
  <connections type="routesTo" sourceAnchorX="1.0" sourceAnchorY="0.3020833333333333" targetAnchorX="0.4797687861271676" targetAnchorY="0.40540540540540543">
    <source href="assembly.xml#VModeLeaveOn"/>
    <target href="assembly.xml#WorkdayOutSoap"/>
  </connections>
  <connections type="routesResponseTo" sourceAnchorX="0.5895953757225434" sourceAnchorY="1.0" targetAnchorX="0.5724137931034483" targetAnchorY="0.6875">
    <source href="assembly.xml#WorkdayOutSoap"/>
    <target href="assembly.xml#VModeLeaveOff"/>
  </connections>
  <connections type="routesTo">
    <source href="assembly.xml#AuditLog"/>
    <target href="assembly.xml#WriteAuditEntry"/>
  </connections>
  <connections type="routesTo" sourceAnchorX="1.0" sourceAnchorY="0.28125" targetAnchorX="0.19540229885057472" targetAnchorY="0.33962264150943394">
    <source href="assembly.xml#WriteAuditEntry"/>
    <target href="assembly.xml#AuditAggregator"/>
  </connections>
  <connections type="routesTo" sourceAnchorX="0.7795275590551181" sourceAnchorY="1.0" targetAnchorX="0.6724137931034483" targetAnchorY="0.10377358490566038">
    <source href="assembly.xml#BatchAudit"/>
    <target href="assembly.xml#AuditAggregator"/>
  </connections>
  <connections type="routesTo" sourceAnchorX="1.0" sourceAnchorY="0.24528301886792453" targetAnchorX="0.24503311258278146" targetAnchorY="0.21739130434782608">
    <source href="assembly.xml#AuditAggregator"/>
    <target href="assembly.xml#AsyncMediation1"/>
  </connections>
  <connections type="routesTo" sourceAnchorX="1.0" sourceAnchorY="0.3229166666666667" targetAnchorX="0.5702479338842975" targetAnchorY="0.08108108108108109">
    <source href="assembly.xml#VModeLeaveOff"/>
    <target href="assembly.xml#CallAuditLog"/>
  </connections>
  <connections type="routesResponseTo" sourceAnchorX="0.6775956284153005" sourceAnchorY="1.0" targetAnchorX="0.6592592592592592" targetAnchorY="0.02702702702702703">
    <source href="assembly.xml#CallPreProcessFile"/>
    <target href="assembly.xml#CallBatchAudit"/>
  </connections>
  <connections type="routesTo" sourceAnchorX="1.0" sourceAnchorY="0.4864864864864865" targetAnchorX="0.33070866141732286" targetAnchorY="0.2608695652173913">
    <source href="assembly.xml#CriticalInitialError"/>
    <target href="assembly.xml#SetCriticalErrorFlag"/>
  </connections>
  <connections type="routesTo" sourceAnchorX="1.0" sourceAnchorY="0.1956521739130435" targetAnchorX="0.49612403100775193" targetAnchorY="0.5135135135135135">
    <source href="assembly.xml#SetCriticalErrorFlag"/>
    <target href="assembly.xml#SendInitError"/>
  </connections>
  <connections type="routesTo" sourceAnchorX="0.4662576687116564" sourceAnchorY="1.0" targetAnchorX="0.45714285714285713" targetAnchorY="0.4594594594594595">
    <source href="assembly.xml#//@beans/@mixed.1/@mixed.17/@mixed.5"/>
    <target href="assembly.xml#CriticalError1"/>
  </connections>
  <connections type="routesTo" sourceAnchorX="0.4647887323943662" sourceAnchorY="1.0" targetAnchorX="0.4965034965034965" targetAnchorY="0.6486486486486487">
    <source href="assembly.xml#//@beans/@mixed.1/@mixed.29/@mixed.3"/>
    <target href="assembly.xml#CriticalError2"/>
  </connections>
  <connections type="routesTo" sourceAnchorX="0.5502958579881657" sourceAnchorY="1.0" targetAnchorX="0.6713286713286714" targetAnchorY="0.8108108108108109">
    <source href="assembly.xml#//@beans/@mixed.1/@mixed.25/@mixed.3"/>
    <target href="assembly.xml#CriticalError3"/>
  </connections>
  <connections type="routesTo" sourceAnchorX="0.48951048951048953" sourceAnchorY="1.0" targetAnchorX="0.48951048951048953" targetAnchorY="0.6216216216216216">
    <source href="assembly.xml#//@beans/@mixed.1/@mixed.21/@mixed.3"/>
    <target href="assembly.xml#CriticalError4"/>
  </connections>
  <connections type="routesTo" sourceAnchorX="0.7714285714285715" sourceAnchorY="1.0" targetAnchorX="0.7622377622377622" targetAnchorY="0.7027027027027027">
    <source href="assembly.xml#//@beans/@mixed.1/@mixed.1/@mixed.3"/>
    <target href="assembly.xml#CriticalError5"/>
  </connections>
  <connections type="routesTo" sourceAnchorX="0.40669856459330145" sourceAnchorY="1.0" targetAnchorX="0.6013986013986014" targetAnchorY="0.6486486486486487">
    <source href="assembly.xml#//@beans/@mixed.1/@mixed.5/@mixed.3"/>
    <target href="assembly.xml#CriticalError6"/>
  </connections>
  <connections type="routesTo" sourceAnchorX="1.0" sourceAnchorY="0.21875" targetAnchorX="0.6071428571428571" targetAnchorY="0.5405405405405406">
    <source href="assembly.xml#AsyncMediation1"/>
    <target href="assembly.xml#Put-ErrorFile"/>
  </connections>
  <connections type="routesTo" sourceAnchorX="1.0" sourceAnchorY="0.22826086956521738" targetAnchorX="0.5793103448275863" targetAnchorY="0.5625">
    <source href="assembly.xml#AsyncMediation"/>
    <target href="assembly.xml#VModeLeaveOn"/>
  </connections>
  <connections type="routesTo" sourceAnchorX="0.5367647058823529" sourceAnchorY="1.0" targetAnchorX="0.5967741935483871" targetAnchorY="0.7297297297297297">
    <source href="assembly.xml#//@beans/@mixed.1/@mixed.75/@mixed.3"/>
    <target href="assembly.xml#SoapError"/>
  </connections>
  <swimlanes x="168" y="409" name="Swimlane">
    <elements href="assembly.xml#//@beans/@mixed.1/@mixed.9"/>
    <elements href="assembly.xml#Note-Error"/>
  </swimlanes>
  <swimlanes x="25" y="27" name="Alight Financial" orientation="VERTICAL" elements="//@swimlanes.5 //@swimlanes.9 //@swimlanes.11 //@swimlanes.13 //@swimlanes.15 //@swimlanes.0"/>
  <swimlanes x="238" y="474" name="Swimlane" orientation="VERTICAL">
    <elements href="assembly.xml#ConvertToXML"/>
    <elements href="assembly.xml#CriticalError5"/>
  </swimlanes>
  <swimlanes x="853" y="512" name="Swimlane" orientation="VERTICAL">
    <elements href="assembly.xml#CreateWebServiceData"/>
    <elements href="assembly.xml#CriticalError6"/>
  </swimlanes>
  <swimlanes name="Swimlane" orientation="VERTICAL">
    <elements href="assembly.xml#InitializeParameters"/>
    <elements href="assembly.xml#CriticalError1"/>
  </swimlanes>
  <swimlanes x="148" y="9" name="Main ">
    <elements href="assembly.xml#StartHere"/>
    <elements href="#//@swimlanes.4"/>
    <elements href="assembly.xml#CallRetrieveInput"/>
    <elements href="assembly.xml#CallPreProcessFile"/>
    <elements href="assembly.xml#CallBatchAudit"/>
  </swimlanes>
  <swimlanes name="Swimlane" orientation="VERTICAL">
    <elements href="assembly.xml#InitRetrieveDocs"/>
    <elements href="assembly.xml#CriticalError2"/>
  </swimlanes>
  <swimlanes name="Swimlane" orientation="VERTICAL">
    <elements href="assembly.xml#CheckIfFileRetrieved"/>
    <elements href="assembly.xml#CriticalError3"/>
  </swimlanes>
  <swimlanes name="Swimlane" orientation="VERTICAL">
    <elements href="assembly.xml#ReadingInputFile"/>
    <elements href="assembly.xml#CriticalError4"/>
  </swimlanes>
  <swimlanes x="1106" y="224" name="Swimlane">
    <elements href="assembly.xml#RetrieveInputFile"/>
    <elements href="#//@swimlanes.6"/>
    <elements href="assembly.xml#GetFile"/>
    <elements href="#//@swimlanes.7"/>
    <elements href="assembly.xml#RetrieveFileRouter"/>
    <elements href="#//@swimlanes.8"/>
  </swimlanes>
  <swimlanes name="Swimlane">
    <elements href="assembly.xml#AsyncMediation2"/>
  </swimlanes>
  <swimlanes x="124" y="80" name="Swimlane">
    <elements href="assembly.xml#PreProcessFile"/>
    <elements href="#//@swimlanes.10"/>
    <elements href="#//@swimlanes.2"/>
    <elements href="assembly.xml#Splitter"/>
    <elements href="#//@swimlanes.3"/>
    <elements href="#//@swimlanes.16"/>
    <elements href="assembly.xml#VModeLeaveOn"/>
    <elements href="assembly.xml#WorkdayOutSoap"/>
    <elements href="assembly.xml#VModeLeaveOff"/>
    <elements href="assembly.xml#CallAuditLog"/>
  </swimlanes>
  <swimlanes name="Swimlane" orientation="VERTICAL">
    <elements href="assembly.xml#BatchAudit"/>
    <elements href="assembly.xml#AuditAggregator"/>
  </swimlanes>
  <swimlanes x="2282" y="1106" name="Swimlane">
    <elements href="assembly.xml#AuditLog"/>
    <elements href="assembly.xml#WriteAuditEntry"/>
    <elements href="#//@swimlanes.12"/>
    <elements href="assembly.xml#AsyncMediation1"/>
    <elements href="assembly.xml#Put-ErrorFile"/>
  </swimlanes>
  <swimlanes name="Swimlane" orientation="VERTICAL">
    <elements href="assembly.xml#SendInitError"/>
  </swimlanes>
  <swimlanes x="2224" y="1274" name="Swimlane">
    <elements href="assembly.xml#CriticalInitialError"/>
    <elements href="assembly.xml#SetCriticalErrorFlag"/>
    <elements href="#//@swimlanes.14"/>
  </swimlanes>
  <swimlanes x="1047" y="963" name="Swimlane" orientation="VERTICAL">
    <elements href="assembly.xml#AsyncMediation"/>
    <elements href="assembly.xml#SoapError"/>
  </swimlanes>
</wdnm:Diagram>
