<?xml version='1.0' encoding='UTF-8'?>
<wd:Report_Data
	xmlns:wd="urn:com.workday.report/INT10101_Journals">
	<wd:Report_Entry>
		<wd:Journal
			wd:Descriptor="Operational Journal: Global Modern Services, Inc. (USA) - 12/21/2019">
			<wd:ID wd:type="WID">e6aba6daee42816b1bd6a5bcb6289b3c</wd:ID>
		</wd:Journal>
		<wd:Journal_Source wd:Descriptor="Customer Invoice">
			<wd:ID wd:type="WID">619357c3bb7710223896dc434aed0095</wd:ID>
			<wd:ID wd:type="Journal_Source_ID">Customer_Invoice</wd:ID>
		</wd:Journal_Source>
		<wd:Operational_Transaction_for_Journal
			wd:Descriptor="Customer Invoice: SF_TestCustomer_1 12/21/2019">
			<wd:ID wd:type="WID">e6aba6daee42810012f891bcb628953c</wd:ID>
			<wd:ID wd:type="Customer_Invoice_Reference_ID">CUSTOMER_INVOICE-6-2</wd:ID>
		</wd:Operational_Transaction_for_Journal>
		<wd:Accounting_Date>2019-12-21-08:00</wd:Accounting_Date>
		<wd:Ledger wd:Descriptor="Actuals">
			<wd:ID wd:type="WID">6a97c773b8a0107c04497ec661c689b0</wd:ID>
			<wd:ID wd:type="Ledger_Type_ID">ACTUALS</wd:ID>
		</wd:Ledger>
	</wd:Report_Entry>
	<wd:Report_Entry>
		<wd:Journal
			wd:Descriptor="Operational Journal: Global Modern Services, Inc. (USA) - 12/19/2019">
			<wd:ID wd:type="WID">e6aba6daee4281ec7a93bc0bb728b13c</wd:ID>
		</wd:Journal>
		<wd:Journal_Source wd:Descriptor="Customer Invoice">
			<wd:ID wd:type="WID">619357c3bb7710223896dc434aed0095</wd:ID>
			<wd:ID wd:type="Journal_Source_ID">Customer_Invoice</wd:ID>
		</wd:Journal_Source>
		<wd:Operational_Transaction_for_Journal
			wd:Descriptor="Customer Invoice: SF_TestCustomer_2 12/19/2019">
			<wd:ID wd:type="WID">e6aba6daee4281d05d6eab0bb728ab3c</wd:ID>
			<wd:ID wd:type="Customer_Invoice_Reference_ID">CUSTOMER_INVOICE-6-4</wd:ID>
		</wd:Operational_Transaction_for_Journal>
		<wd:Accounting_Date>2019-12-19-08:00</wd:Accounting_Date>
		<wd:Ledger wd:Descriptor="Actuals">
			<wd:ID wd:type="WID">6a97c773b8a0107c04497ec661c689b0</wd:ID>
			<wd:ID wd:type="Ledger_Type_ID">ACTUALS</wd:ID>
		</wd:Ledger>
	</wd:Report_Entry>
	<wd:Report_Entry>
		<wd:Journal
			wd:Descriptor="Operational Journal: Global Modern Services, Inc. (USA) - 12/19/2019">
			<wd:ID wd:type="WID">e6aba6daee4281a9a6a00c1cb728bb3c</wd:ID>
		</wd:Journal>
		<wd:Journal_Source wd:Descriptor="Customer Invoice">
			<wd:ID wd:type="WID">619357c3bb7710223896dc434aed0095</wd:ID>
			<wd:ID wd:type="Journal_Source_ID">Customer_Invoice</wd:ID>
		</wd:Journal_Source>
		<wd:Operational_Transaction_for_Journal
			wd:Descriptor="Customer Invoice: SF_TestCustomer_2 12/19/2019">
			<wd:ID wd:type="WID">e6aba6daee428101ca5ffc1bb728b53c</wd:ID>
			<wd:ID wd:type="Customer_Invoice_Reference_ID">CUSTOMER_INVOICE-6-5</wd:ID>
		</wd:Operational_Transaction_for_Journal>
		<wd:Accounting_Date>2019-12-19-08:00</wd:Accounting_Date>
		<wd:Ledger wd:Descriptor="Actuals">
			<wd:ID wd:type="WID">6a97c773b8a0107c04497ec661c689b0</wd:ID>
			<wd:ID wd:type="Ledger_Type_ID">ACTUALS</wd:ID>
		</wd:Ledger>
	</wd:Report_Entry>
	<wd:Report_Entry>
		<wd:Journal
			wd:Descriptor="Operational Journal: Global Modern Services, Inc. (USA) - 12/15/2019">
			<wd:ID wd:type="WID">e6aba6daee428130089e7a77b728d83c</wd:ID>
		</wd:Journal>
		<wd:Journal_Source wd:Descriptor="Customer Invoice">
			<wd:ID wd:type="WID">619357c3bb7710223896dc434aed0095</wd:ID>
			<wd:ID wd:type="Journal_Source_ID">Customer_Invoice</wd:ID>
		</wd:Journal_Source>
		<wd:Operational_Transaction_for_Journal
			wd:Descriptor="Customer Invoice: SF_TestCustomer_1 12/15/2019">
			<wd:ID wd:type="WID">e6aba6daee42814032a31aceb028623b</wd:ID>
			<wd:ID wd:type="Customer_Invoice_Reference_ID">CUSTOMER_INVOICE-6-1</wd:ID>
		</wd:Operational_Transaction_for_Journal>
		<wd:Accounting_Date>2019-12-15-08:00</wd:Accounting_Date>
		<wd:Ledger wd:Descriptor="Actuals">
			<wd:ID wd:type="WID">6a97c773b8a0107c04497ec661c689b0</wd:ID>
			<wd:ID wd:type="Ledger_Type_ID">ACTUALS</wd:ID>
		</wd:Ledger>
	</wd:Report_Entry>
	<wd:Report_Entry>
		<wd:Journal
			wd:Descriptor="Operational Journal: Global Modern Services, Inc. (USA) - 12/12/2019">
			<wd:ID wd:type="WID">e6aba6daee428191bed834acb728f63c</wd:ID>
		</wd:Journal>
		<wd:Journal_Source wd:Descriptor="Customer Invoice">
			<wd:ID wd:type="WID">619357c3bb7710223896dc434aed0095</wd:ID>
			<wd:ID wd:type="Journal_Source_ID">Customer_Invoice</wd:ID>
		</wd:Journal_Source>
		<wd:Operational_Transaction_for_Journal
			wd:Descriptor="Customer Invoice: SF_TestCustomer_1 12/12/2019">
			<wd:ID wd:type="WID">e6aba6daee4281db45dcaca1b728e73c</wd:ID>
			<wd:ID wd:type="Customer_Invoice_Reference_ID">CUSTOMER_INVOICE-6-9</wd:ID>
		</wd:Operational_Transaction_for_Journal>
		<wd:Accounting_Date>2019-12-12-08:00</wd:Accounting_Date>
		<wd:Ledger wd:Descriptor="Actuals">
			<wd:ID wd:type="WID">6a97c773b8a0107c04497ec661c689b0</wd:ID>
			<wd:ID wd:type="Ledger_Type_ID">ACTUALS</wd:ID>
		</wd:Ledger>
	</wd:Report_Entry>
	<wd:Report_Entry>
		<wd:Journal
			wd:Descriptor="Operational Journal: Global Modern Services, Inc. (USA) - 12/12/2019">
			<wd:ID wd:type="WID">e6aba6daee42819433d532bbb728013d</wd:ID>
		</wd:Journal>
		<wd:Journal_Source wd:Descriptor="Customer Invoice">
			<wd:ID wd:type="WID">619357c3bb7710223896dc434aed0095</wd:ID>
			<wd:ID wd:type="Journal_Source_ID">Customer_Invoice</wd:ID>
		</wd:Journal_Source>
		<wd:Operational_Transaction_for_Journal
			wd:Descriptor="Customer Invoice: SF_TestCustomer_1 12/12/2019">
			<wd:ID wd:type="WID">e6aba6daee428118a51e23bbb728fb3c</wd:ID>
			<wd:ID wd:type="Customer_Invoice_Reference_ID">CUSTOMER_INVOICE-6-10</wd:ID>
		</wd:Operational_Transaction_for_Journal>
		<wd:Accounting_Date>2019-12-12-08:00</wd:Accounting_Date>
		<wd:Ledger wd:Descriptor="Actuals">
			<wd:ID wd:type="WID">6a97c773b8a0107c04497ec661c689b0</wd:ID>
			<wd:ID wd:type="Ledger_Type_ID">ACTUALS</wd:ID>
		</wd:Ledger>
	</wd:Report_Entry>
</wd:Report_Data>