<?xml version="1.0" encoding="UTF-8"?>
<wdnm:Diagram xmlns:wdnm="http://workday.com/studio/editors/notation">
  <element href="assembly.xml#WorkdayAssembly"/>
  <visualProperties x="32" y="197">
    <element href="assembly.xml#StartHere"/>
  </visualProperties>
  <visualProperties x="415" y="3403">
    <element href="assembly.xml#PutIntegrationEventGlobalError"/>
  </visualProperties>
  <visualProperties x="262" y="3403">
    <element href="assembly.xml#SurfaceCritical"/>
  </visualProperties>
  <visualProperties x="131" y="3403">
    <element href="assembly.xml#//@beans/@mixed.1/@mixed.3"/>
  </visualProperties>
  <visualProperties x="37" y="1070">
    <element href="assembly.xml#INT10097-PayrollInput"/>
  </visualProperties>
  <visualProperties x="289" y="1052">
    <element href="assembly.xml#PayrollInputTOTP"/>
  </visualProperties>
  <visualProperties x="662" y="1059">
    <element href="assembly.xml#AsyncMediation"/>
  </visualProperties>
  <visualProperties x="1604" y="236">
    <element href="assembly.xml#CallPayrolInput"/>
  </visualProperties>
  <visualProperties x="240" y="1395">
    <element href="assembly.xml#AllocationDataRAAS"/>
  </visualProperties>
  <visualProperties x="497" y="1410">
    <element href="assembly.xml#HttpOut00"/>
  </visualProperties>
  <visualProperties x="473" y="1535">
    <element href="assembly.xml#RaiseRAASAllocationDataError"/>
  </visualProperties>
  <visualProperties x="610" y="1416">
    <element href="assembly.xml#AllocationsHistory"/>
  </visualProperties>
  <visualProperties x="864" y="1410">
    <element href="assembly.xml#Route0"/>
  </visualProperties>
  <visualProperties x="1012" y="1426">
    <element href="assembly.xml#AsyncMediation0"/>
  </visualProperties>
  <visualProperties x="16" y="1439">
    <element href="assembly.xml#INT10097-GetAllocations"/>
  </visualProperties>
  <visualProperties x="806" y="1029">
    <element href="assembly.xml#Splitter"/>
  </visualProperties>
  <visualProperties x="1132" y="1011">
    <element href="assembly.xml#AsyncMediation1"/>
  </visualProperties>
  <visualProperties x="2830" y="1087">
    <element href="assembly.xml#CallGetAllocations"/>
  </visualProperties>
  <visualProperties x="320" y="1629">
    <element href="assembly.xml#Route00"/>
  </visualProperties>
  <visualProperties x="482" y="1644">
    <element href="assembly.xml#AsyncMediation10"/>
  </visualProperties>
  <visualProperties x="16" y="1664">
    <element href="assembly.xml#INT10097-GetImpactedAlloc"/>
  </visualProperties>
  <visualProperties x="3032" y="1089">
    <element href="assembly.xml#CallGetImpactedAlloc"/>
  </visualProperties>
  <visualProperties x="670" y="1645">
    <element href="assembly.xml#AsyncMediation3"/>
  </visualProperties>
  <visualProperties x="282" y="1845">
    <element href="assembly.xml#Route000"/>
  </visualProperties>
  <visualProperties x="397" y="1869">
    <element href="assembly.xml#AsyncMediation4"/>
  </visualProperties>
  <visualProperties x="732" y="1819">
    <element href="assembly.xml#Splitter0"/>
  </visualProperties>
  <visualProperties x="1354" y="1916">
    <element href="assembly.xml#AsyncMediation5"/>
  </visualProperties>
  <visualProperties x="13" y="1897">
    <element href="assembly.xml#INT10097-ParseImpactedAlloc"/>
  </visualProperties>
  <visualProperties x="3171" y="1039">
    <element href="assembly.xml#CallParseImpactedAlloc"/>
  </visualProperties>
  <visualProperties x="2260" y="1070">
    <element href="assembly.xml#GetSubmitPayInput"/>
  </visualProperties>
  <visualProperties x="2473" y="1052">
    <element href="assembly.xml#PayInputDetails"/>
  </visualProperties>
  <visualProperties x="26" y="2574">
    <element href="assembly.xml#INT10097-CreatePayrollInputs"/>
  </visualProperties>
  <visualProperties x="312" y="2557">
    <element href="assembly.xml#Route0000"/>
  </visualProperties>
  <visualProperties x="474" y="2565">
    <element href="assembly.xml#AsyncMediation40"/>
  </visualProperties>
  <visualProperties x="3367" y="1082">
    <element href="assembly.xml#CallCreatePayrollInput"/>
  </visualProperties>
  <visualProperties x="70" y="2812">
    <element href="assembly.xml#INT10097-UpdateOriginalInput"/>
  </visualProperties>
  <visualProperties x="358" y="2812">
    <element href="assembly.xml#UpdateOriginalInput"/>
  </visualProperties>
  <visualProperties x="3884" y="1075">
    <element href="assembly.xml#CallUpdateOriginalInput"/>
  </visualProperties>
  <visualProperties x="1031" y="2574">
    <element href="assembly.xml#WorkdayOutSoap"/>
  </visualProperties>
  <visualProperties x="780" y="2776">
    <element href="assembly.xml#WorkdayOutSoap0"/>
  </visualProperties>
  <visualProperties x="114" y="2387">
    <element href="assembly.xml#CreateLastInput"/>
  </visualProperties>
  <visualProperties x="12" y="2338">
    <element href="assembly.xml#INT10097-LastInput"/>
  </visualProperties>
  <visualProperties x="4118" y="1285">
    <element href="assembly.xml#CallCreateLastInput"/>
  </visualProperties>
  <visualProperties x="1363" y="2325">
    <element href="assembly.xml#WorkdayOutSoap00"/>
  </visualProperties>
  <visualProperties x="304" y="3035">
    <element href="assembly.xml#Aggregator0"/>
  </visualProperties>
  <visualProperties x="504" y="3011">
    <element href="assembly.xml#StoreUpdatesOutput"/>
  </visualProperties>
  <visualProperties x="734" y="3011">
    <element href="assembly.xml#PutIntegrationMessage0"/>
  </visualProperties>
  <visualProperties x="761" y="3104">
    <element href="assembly.xml#OutputFileMessage0"/>
  </visualProperties>
  <visualProperties x="70" y="2983">
    <element href="assembly.xml#INT10097-AuditLog"/>
  </visualProperties>
  <visualProperties x="1630" y="2611">
    <element href="assembly.xml#CallAuditLog"/>
  </visualProperties>
  <visualProperties x="1783" y="169">
    <element href="assembly.xml#CloseBatch"/>
  </visualProperties>
  <visualProperties x="1962" y="199">
    <element href="assembly.xml#CallAuditLog0"/>
  </visualProperties>
  <visualProperties x="1205" y="2831">
    <element href="assembly.xml#CallAuditLog1"/>
  </visualProperties>
  <visualProperties x="1915" y="2325">
    <element href="assembly.xml#CallAuditLog2"/>
  </visualProperties>
  <visualProperties x="803" y="2557">
    <element href="assembly.xml#ValidationMode"/>
  </visualProperties>
  <visualProperties x="1425" y="2610">
    <element href="assembly.xml#ValidationModeOff"/>
  </visualProperties>
  <visualProperties x="1206" y="2317">
    <element href="assembly.xml#ValidationMode0"/>
  </visualProperties>
  <visualProperties x="1565" y="2317">
    <element href="assembly.xml#ValidationModeOff0"/>
  </visualProperties>
  <visualProperties x="576" y="2768">
    <element href="assembly.xml#ValidationMode00"/>
  </visualProperties>
  <visualProperties x="989" y="2768">
    <element href="assembly.xml#ValidationModeOff00"/>
  </visualProperties>
  <visualProperties x="614" y="1819">
    <element href="assembly.xml#Route"/>
  </visualProperties>
  <visualProperties x="281" y="3186">
    <element href="assembly.xml#Aggregator"/>
  </visualProperties>
  <visualProperties x="468" y="3176">
    <element href="assembly.xml#StoreErrorOutput"/>
  </visualProperties>
  <visualProperties x="756" y="3176">
    <element href="assembly.xml#PutIntegrationMessage"/>
  </visualProperties>
  <visualProperties x="785" y="3283">
    <element href="assembly.xml#OutputFileMessage"/>
  </visualProperties>
  <visualProperties x="30" y="3220">
    <element href="assembly.xml#INT10097-ErrorLog"/>
  </visualProperties>
  <visualProperties x="743" y="1992">
    <element href="assembly.xml#PopulateError"/>
  </visualProperties>
  <visualProperties x="876" y="2036">
    <element href="assembly.xml#CallErrorLog"/>
  </visualProperties>
  <visualProperties x="2105" y="197">
    <element href="assembly.xml#CallErrorLog0"/>
  </visualProperties>
  <visualProperties x="859" y="1657">
    <element href="assembly.xml#PopulateError0"/>
  </visualProperties>
  <visualProperties x="1048" y="1675">
    <element href="assembly.xml#CallErrorLog1"/>
  </visualProperties>
  <visualProperties x="373" y="1241">
    <element href="assembly.xml#RaiseGetPayrolInputError"/>
  </visualProperties>
  <visualProperties x="1063" y="1269">
    <element href="assembly.xml#RaiseGetOnDemandError00"/>
  </visualProperties>
  <visualProperties x="667" y="2707">
    <element href="assembly.xml#ValidationModeOff01"/>
  </visualProperties>
  <visualProperties x="495" y="2707">
    <element href="assembly.xml#ErrorOutputTA"/>
  </visualProperties>
  <visualProperties x="904" y="2715">
    <element href="assembly.xml#CallErrorLog2"/>
  </visualProperties>
  <visualProperties x="377" y="2424">
    <element href="assembly.xml#ErrorOutputTA0"/>
  </visualProperties>
  <visualProperties x="531" y="2424">
    <element href="assembly.xml#ValidationModeOff010"/>
  </visualProperties>
  <visualProperties x="727" y="2441">
    <element href="assembly.xml#CallErrorLog20"/>
  </visualProperties>
  <visualProperties x="597" y="2867">
    <element href="assembly.xml#ErrorOutputTA00"/>
  </visualProperties>
  <visualProperties x="765" y="2867">
    <element href="assembly.xml#ValidationModeOff0100"/>
  </visualProperties>
  <visualProperties x="992" y="2924">
    <element href="assembly.xml#CallErrorLog200"/>
  </visualProperties>
  <visualProperties x="1235" y="2581">
    <element href="assembly.xml#SetFlag"/>
  </visualProperties>
  <visualProperties x="1915" y="1819">
    <element href="assembly.xml#AsyncMediation8"/>
  </visualProperties>
  <visualProperties x="1293" y="1819">
    <element href="assembly.xml#AdjustInputAmount00"/>
  </visualProperties>
  <visualProperties x="1031" y="2317">
    <element href="assembly.xml#AsyncMediation9"/>
  </visualProperties>
  <visualProperties x="6" y="396">
    <element href="assembly.xml#INT10097-GetCurrentPeriods"/>
  </visualProperties>
  <visualProperties x="256" y="362">
    <element href="assembly.xml#PeriodsRAAS00"/>
  </visualProperties>
  <visualProperties x="428" y="476">
    <element href="assembly.xml#RaiseRAASPeriodsError00"/>
  </visualProperties>
  <visualProperties x="481" y="362">
    <element href="assembly.xml#HttpOut10"/>
  </visualProperties>
  <visualProperties x="1084" y="348">
    <element href="assembly.xml#PayGroupDetails00"/>
  </visualProperties>
  <visualProperties x="1250" y="383">
    <element href="assembly.xml#GetPayGroupDetails00"/>
  </visualProperties>
  <visualProperties x="1207" y="145">
    <element href="assembly.xml#CallGetCurrentPeriods"/>
  </visualProperties>
  <visualProperties x="395" y="2317">
    <element href="assembly.xml#AdjustInputAmount000"/>
  </visualProperties>
  <visualProperties x="1451" y="1305">
    <element href="assembly.xml#ReportCount0"/>
  </visualProperties>
  <visualProperties x="1396" y="1029">
    <element href="assembly.xml#CheckThreshold0"/>
  </visualProperties>
  <visualProperties x="4095" y="1066">
    <element href="assembly.xml#NoEligibleAllocation0"/>
  </visualProperties>
  <visualProperties x="4308" y="1082">
    <element href="assembly.xml#CallErrorLog100"/>
  </visualProperties>
  <visualProperties x="1730" y="2317">
    <element href="assembly.xml#AsyncMediation13"/>
  </visualProperties>
  <visualProperties x="2660" y="1029">
    <element href="assembly.xml#CheckInputAmount"/>
  </visualProperties>
  <visualProperties x="1487" y="1819">
    <element href="assembly.xml#AdjustInput4LastAllocation1"/>
  </visualProperties>
  <visualProperties x="576" y="2317">
    <element href="assembly.xml#AdjustInputAmount4LastAlloc"/>
  </visualProperties>
  <visualProperties x="984" y="3516">
    <element href="assembly.xml#PutIntegrationMessage1"/>
  </visualProperties>
  <visualProperties x="777" y="3508">
    <element href="assembly.xml#GetRunningInstance"/>
  </visualProperties>
  <visualProperties x="564" y="3515">
    <element href="assembly.xml#CallIntegrationEvent"/>
  </visualProperties>
  <visualProperties x="556" y="3604">
    <element href="assembly.xml#RaiseWebServiceError"/>
  </visualProperties>
  <visualProperties x="407" y="3508">
    <element href="assembly.xml#WebService"/>
  </visualProperties>
  <visualProperties x="103" y="3561">
    <element href="assembly.xml#INT10097-RunningInstances"/>
  </visualProperties>
  <visualProperties x="848" y="101">
    <element href="assembly.xml#RunningInstances"/>
  </visualProperties>
  <visualProperties x="498" y="212">
    <element href="assembly.xml#CallGetRunningInstances"/>
  </visualProperties>
  <visualProperties x="310" y="3757">
    <element href="assembly.xml#ResetHashmap"/>
  </visualProperties>
  <visualProperties x="490" y="3737">
    <element href="assembly.xml#LoopAllocations"/>
  </visualProperties>
  <visualProperties x="667" y="3749">
    <element href="assembly.xml#AsyncMediation41"/>
  </visualProperties>
  <visualProperties x="989" y="3717">
    <element href="assembly.xml#SplitJurisdictions"/>
  </visualProperties>
  <visualProperties x="1155" y="3755">
    <element href="assembly.xml#DistinctAllocStates"/>
  </visualProperties>
  <visualProperties x="10" y="3785">
    <element href="assembly.xml#INT10097-GetDistinctAllocStates"/>
  </visualProperties>
  <visualProperties x="3099" y="1152">
    <element href="assembly.xml#CallGetDistinctAllocStates"/>
  </visualProperties>
  <visualProperties x="477" y="1066">
    <element href="assembly.xml#WorkdayOutRest"/>
  </visualProperties>
  <visualProperties x="1367" y="3757">
    <element href="assembly.xml#PopulateError1"/>
  </visualProperties>
  <visualProperties x="1565" y="3787">
    <element href="assembly.xml#CallErrorLog3"/>
  </visualProperties>
  <visualProperties x="1197" y="2859">
    <element href="assembly.xml#PIM-CatchErrors"/>
  </visualProperties>
  <visualProperties x="240" y="410">
    <element href="assembly.xml#AsyncMediation2"/>
  </visualProperties>
  <visualProperties x="47" y="644">
    <element href="assembly.xml#RaiseRAASPeriodsError000"/>
  </visualProperties>
  <visualProperties x="1923" y="1539">
    <element href="assembly.xml#InputsEqualto0"/>
  </visualProperties>
  <decorations x="5" y="2" width="1059" height="65" font="Arial Narrow|22|1" fontColor="1" text="Payroll Tax on Trailing Payments - WD to WD"/>
  <decorations x="5" y="80" width="1750" height="79" font="Arial|12|0" bgColor="15460576" fgColor="1" fontColor="1" text="This integration identifies any Payroll Inputs or Off Cycle On Demand Payments flagged for TOTP and utilizes woker tax allocation information to allocate the amount. It sets the original amount to 0 and creates new Payroll Inputs for appropriate State tags."/>
  <connections type="routesResponseTo" sourceAnchorX="0.6715328467153284" sourceAnchorY="1.0" targetAnchorX="0.08121827411167512" targetAnchorY="0.4864864864864865">
    <source href="assembly.xml#SurfaceCritical"/>
    <target href="assembly.xml#PutIntegrationEventGlobalError"/>
  </connections>
  <connections type="routesTo" sourceAnchorX="0.7435897435897436" sourceAnchorY="1.0" targetAnchorX="0.18324607329842932" targetAnchorY="0.5135135135135135">
    <source href="assembly.xml#//@beans/@mixed.1/@mixed.3"/>
    <target href="assembly.xml#SurfaceCritical"/>
  </connections>
  <connections type="routesTo" sourceAnchorX="0.6373056994818653" sourceAnchorY="1.0" targetAnchorX="0.3284671532846715" targetAnchorY="0.2978723404255319">
    <source href="assembly.xml#INT10097-PayrollInput"/>
    <target href="assembly.xml#PayrollInputTOTP"/>
  </connections>
  <connections type="routesTo" sourceAnchorX="1.0" sourceAnchorY="0.184" targetAnchorX="0.42857142857142855" targetAnchorY="0.1523809523809524">
    <source href="assembly.xml#AllocationDataRAAS"/>
    <target href="assembly.xml#HttpOut00"/>
  </connections>
  <connections type="routesTo" sourceAnchorX="0.8641304347826086" sourceAnchorY="1.0" targetAnchorX="0.2549019607843137" targetAnchorY="0.5405405405405406">
    <source href="assembly.xml#//@beans/@mixed.1/@mixed.27/@mixed.3"/>
    <target href="assembly.xml#RaiseRAASAllocationDataError"/>
  </connections>
  <connections type="routesResponseTo" sourceAnchorX="1.0" sourceAnchorY="0.1619047619047619" targetAnchorX="0.2558139534883721" targetAnchorY="0.3404255319148936">
    <source href="assembly.xml#HttpOut00"/>
    <target href="assembly.xml#AllocationsHistory"/>
  </connections>
  <connections type="routesTo" sourceAnchorX="0.7553191489361702" sourceAnchorY="1.0" targetAnchorX="0.18110236220472442" targetAnchorY="0.35106382978723405">
    <source href="assembly.xml#//@beans/@mixed.1/@route.0/@subRoute.0"/>
    <target href="assembly.xml#AsyncMediation0"/>
  </connections>
  <connections type="routesTo" sourceAnchorX="0.7980769230769231" sourceAnchorY="1.0" targetAnchorX="0.15920398009950248" targetAnchorY="0.544">
    <source href="assembly.xml#INT10097-GetAllocations"/>
    <target href="assembly.xml#AllocationDataRAAS"/>
  </connections>
  <connections type="routesTo" sourceAnchorX="1.0" sourceAnchorY="0.26595744680851063" targetAnchorX="0.11214953271028037" targetAnchorY="0.6166666666666667">
    <source href="assembly.xml#AsyncMediation"/>
    <target href="assembly.xml#Splitter"/>
  </connections>
  <connections type="routesTo" sourceAnchorX="0.7553191489361702" sourceAnchorY="1.0" targetAnchorX="0.2537313432835821" targetAnchorY="0.5106382978723404">
    <source href="assembly.xml#//@beans/@mixed.1/@splitter.0/@subRoute.0"/>
    <target href="assembly.xml#AsyncMediation1"/>
  </connections>
  <connections type="routesTo" sourceAnchorX="0.7340425531914894" sourceAnchorY="1.0" targetAnchorX="0.208955223880597" targetAnchorY="0.6276595744680851">
    <source href="assembly.xml#//@beans/@mixed.1/@route.1/@subRoute.0"/>
    <target href="assembly.xml#AsyncMediation10"/>
  </connections>
  <connections type="routesResponseTo" sourceAnchorX="0.8291139240506329" sourceAnchorY="1.0" targetAnchorX="0.26857142857142857" targetAnchorY="0.5675675675675675">
    <source href="assembly.xml#CallGetAllocations"/>
    <target href="assembly.xml#CallGetImpactedAlloc"/>
  </connections>
  <connections type="routesTo" sourceAnchorX="1.0" sourceAnchorY="0.30851063829787234" targetAnchorX="0.04672897196261682" targetAnchorY="0.487012987012987">
    <source href="assembly.xml#AllocationsHistory"/>
    <target href="assembly.xml#Route0"/>
  </connections>
  <connections type="routesTo" sourceAnchorX="0.8088888888888889" sourceAnchorY="1.0" targetAnchorX="0.9813084112149533" targetAnchorY="0.2792207792207792">
    <source href="assembly.xml#INT10097-GetImpactedAlloc"/>
    <target href="assembly.xml#Route00"/>
  </connections>
  <connections type="routesTo" sourceAnchorX="1.0" sourceAnchorY="0.14893617021276595" targetAnchorX="0.13432835820895522" targetAnchorY="0.4673913043478261">
    <source href="assembly.xml#AsyncMediation10"/>
    <target href="assembly.xml#AsyncMediation3"/>
  </connections>
  <connections type="routesTo" sourceAnchorX="0.9468085106382979" sourceAnchorY="1.0" targetAnchorX="0.20149253731343283" targetAnchorY="0.5652173913043478">
    <source href="assembly.xml#//@beans/@mixed.1/@route.2/@subRoute.0"/>
    <target href="assembly.xml#AsyncMediation4"/>
  </connections>
  <connections type="routesTo" sourceAnchorX="0.6722689075630253" sourceAnchorY="1.0" targetAnchorX="0.4205607476635514" targetAnchorY="0.43506493506493504">
    <source href="assembly.xml#INT10097-ParseImpactedAlloc"/>
    <target href="assembly.xml#Route000"/>
  </connections>
  <connections type="routesTo" sourceAnchorX="0.9468085106382979" sourceAnchorY="1.0" targetAnchorX="0.20149253731343283" targetAnchorY="0.5652173913043478">
    <source href="assembly.xml#//@beans/@mixed.1/@route.3/@subRoute.0"/>
    <target href="assembly.xml#AsyncMediation40"/>
  </connections>
  <connections type="routesTo" sourceAnchorX="0.8607594936708861" sourceAnchorY="1.0" targetAnchorX="0.5420560747663551" targetAnchorY="0.2922077922077922">
    <source href="assembly.xml#INT10097-CreatePayrollInputs"/>
    <target href="assembly.xml#Route0000"/>
  </connections>
  <connections type="routesResponseTo" sourceAnchorX="0.746031746031746" sourceAnchorY="1.0" targetAnchorX="0.17222222222222222" targetAnchorY="0.6486486486486487">
    <source href="assembly.xml#CallParseImpactedAlloc"/>
    <target href="assembly.xml#CallCreatePayrollInput"/>
  </connections>
  <connections type="routesTo" sourceAnchorX="0.895397489539749" sourceAnchorY="1.0" targetAnchorX="0.32894736842105265" targetAnchorY="0.11956521739130435">
    <source href="assembly.xml#INT10097-UpdateOriginalInput"/>
    <target href="assembly.xml#UpdateOriginalInput"/>
  </connections>
  <connections type="routesTo" sourceAnchorX="0.8166666666666667" sourceAnchorY="1.0" targetAnchorX="0.24615384615384617" targetAnchorY="0.2553191489361702">
    <source href="assembly.xml#INT10097-LastInput"/>
    <target href="assembly.xml#CreateLastInput"/>
  </connections>
  <connections type="routesTo" sourceAnchorX="1.0" sourceAnchorY="0.27358490566037735" targetAnchorX="0.23484848484848486" targetAnchorY="0.512">
    <source href="assembly.xml#Aggregator0"/>
    <target href="assembly.xml#StoreUpdatesOutput"/>
  </connections>
  <connections type="routesTo" sourceAnchorX="1.0" sourceAnchorY="0.2" targetAnchorX="0.11956521739130435" targetAnchorY="0.5405405405405406">
    <source href="assembly.xml#StoreUpdatesOutput"/>
    <target href="assembly.xml#PutIntegrationMessage0"/>
  </connections>
  <connections type="routesTo" sourceAnchorX="0.768" sourceAnchorY="1.0" targetAnchorX="0.21951219512195122" targetAnchorY="0.6486486486486487">
    <source href="assembly.xml#//@beans/@mixed.1/@mixed.93/@mixed.3"/>
    <target href="assembly.xml#OutputFileMessage0"/>
  </connections>
  <connections type="routesTo" sourceAnchorX="1.0" sourceAnchorY="0.22340425531914893" targetAnchorX="0.31343283582089554" targetAnchorY="0.40540540540540543">
    <source href="assembly.xml#CloseBatch"/>
    <target href="assembly.xml#CallAuditLog0"/>
  </connections>
  <connections type="routesResponseTo" sourceAnchorX="0.3333333333333333" sourceAnchorY="1.0" targetAnchorX="0.6646706586826348" targetAnchorY="0.4864864864864865">
    <source href="assembly.xml#CallCreatePayrollInput"/>
    <target href="assembly.xml#CallCreateLastInput"/>
  </connections>
  <connections type="routesTo" sourceAnchorX="1.0" sourceAnchorY="0.18085106382978725" targetAnchorX="0.528" targetAnchorY="0.2872340425531915">
    <source href="assembly.xml#AsyncMediation40"/>
    <target href="assembly.xml#ValidationMode"/>
  </connections>
  <connections type="routesTo" sourceAnchorX="1.0" sourceAnchorY="0.2978723404255319" targetAnchorX="0.25" targetAnchorY="0.32432432432432434">
    <source href="assembly.xml#ValidationMode"/>
    <target href="assembly.xml#WorkdayOutSoap"/>
  </connections>
  <connections type="routesTo" sourceAnchorX="1.0" sourceAnchorY="0.19148936170212766" targetAnchorX="0.14960629921259844" targetAnchorY="0.5135135135135135">
    <source href="assembly.xml#ValidationModeOff"/>
    <target href="assembly.xml#CallAuditLog"/>
  </connections>
  <connections type="routesTo" sourceAnchorX="1.0" sourceAnchorY="0.3617021276595745" targetAnchorX="0.25301204819277107" targetAnchorY="0.4864864864864865">
    <source href="assembly.xml#ValidationMode0"/>
    <target href="assembly.xml#WorkdayOutSoap00"/>
  </connections>
  <connections type="routesResponseTo" sourceAnchorX="1.0" sourceAnchorY="0.2972972972972973" targetAnchorX="0.38095238095238093" targetAnchorY="0.4574468085106383">
    <source href="assembly.xml#WorkdayOutSoap00"/>
    <target href="assembly.xml#ValidationModeOff0"/>
  </connections>
  <connections type="routesTo" sourceAnchorX="1.0" sourceAnchorY="0.32978723404255317" targetAnchorX="0.4316546762589928" targetAnchorY="0.19148936170212766">
    <source href="assembly.xml#UpdateOriginalInput"/>
    <target href="assembly.xml#ValidationMode00"/>
  </connections>
  <connections type="routesTo" sourceAnchorX="1.0" sourceAnchorY="0.2553191489361702" targetAnchorX="0.27044025157232704" targetAnchorY="0.40540540540540543">
    <source href="assembly.xml#ValidationMode00"/>
    <target href="assembly.xml#WorkdayOutSoap0"/>
  </connections>
  <connections type="routesResponseTo" sourceAnchorX="0.7735849056603774" sourceAnchorY="1.0" targetAnchorX="0.2662337662337662" targetAnchorY="0.14893617021276595">
    <source href="assembly.xml#WorkdayOutSoap0"/>
    <target href="assembly.xml#ValidationModeOff00"/>
  </connections>
  <connections type="routesTo" sourceAnchorX="1.0" sourceAnchorY="0.3191489361702128" targetAnchorX="0.27611940298507465" targetAnchorY="0.7027027027027027">
    <source href="assembly.xml#ValidationModeOff00"/>
    <target href="assembly.xml#CallAuditLog1"/>
  </connections>
  <connections type="routesTo" sourceAnchorX="1.0" sourceAnchorY="0.5882352941176471" targetAnchorX="0.22429906542056074" targetAnchorY="0.14285714285714285">
    <source href="assembly.xml#//@beans/@mixed.1/@route.4/@subRoute.0"/>
    <target href="assembly.xml#Splitter0"/>
  </connections>
  <connections type="routesTo" sourceAnchorX="1.0" sourceAnchorY="0.26595744680851063" targetAnchorX="0.45918367346938777" targetAnchorY="0.2076923076923077">
    <source href="assembly.xml#AsyncMediation4"/>
    <target href="assembly.xml#Route"/>
  </connections>
  <connections type="routesTo" sourceAnchorX="1.0" sourceAnchorY="0.27358490566037735" targetAnchorX="0.23484848484848486" targetAnchorY="0.512">
    <source href="assembly.xml#Aggregator"/>
    <target href="assembly.xml#StoreErrorOutput"/>
  </connections>
  <connections type="routesTo" sourceAnchorX="1.0" sourceAnchorY="0.2" targetAnchorX="0.11956521739130435" targetAnchorY="0.5405405405405406">
    <source href="assembly.xml#StoreErrorOutput"/>
    <target href="assembly.xml#PutIntegrationMessage"/>
  </connections>
  <connections type="routesTo" sourceAnchorX="0.768" sourceAnchorY="1.0" targetAnchorX="0.21951219512195122" targetAnchorY="0.6486486486486487">
    <source href="assembly.xml#//@beans/@mixed.1/@mixed.127/@mixed.3"/>
    <target href="assembly.xml#OutputFileMessage"/>
  </connections>
  <connections type="routesTo" sourceAnchorX="0.8418079096045198" sourceAnchorY="1.0" targetAnchorX="0.26956521739130435" targetAnchorY="0.19811320754716982">
    <source href="assembly.xml#INT10097-ErrorLog"/>
    <target href="assembly.xml#Aggregator"/>
  </connections>
  <connections type="routesTo" sourceAnchorX="0.5434782608695652" sourceAnchorY="0.9411764705882353" targetAnchorX="0.4090909090909091" targetAnchorY="0.03125">
    <source href="assembly.xml#//@beans/@mixed.1/@route.4/@subRoute.1"/>
    <target href="assembly.xml#PopulateError"/>
  </connections>
  <connections type="routesTo" sourceAnchorX="0.4696969696969697" sourceAnchorY="0.9375" targetAnchorX="0.4316546762589928" targetAnchorY="0.2702702702702703">
    <source href="assembly.xml#PopulateError"/>
    <target href="assembly.xml#CallErrorLog"/>
  </connections>
  <connections type="routesResponseTo" sourceAnchorX="0.5223880597014925" sourceAnchorY="1.0" targetAnchorX="0.11940298507462686" targetAnchorY="0.40540540540540543">
    <source href="assembly.xml#CallAuditLog0"/>
    <target href="assembly.xml#CallErrorLog0"/>
  </connections>
  <connections type="routesTo" sourceAnchorX="1.0" sourceAnchorY="0.23404255319148937" targetAnchorX="0.23622047244094488" targetAnchorY="0.35135135135135137">
    <source href="assembly.xml#PopulateError0"/>
    <target href="assembly.xml#CallErrorLog1"/>
  </connections>
  <connections type="routesTo" sourceAnchorX="0.7538461538461538" sourceAnchorY="1.0" targetAnchorX="0.2318840579710145" targetAnchorY="0.3783783783783784">
    <source href="assembly.xml#//@beans/@mixed.1/@mixed.11/@mixed.3"/>
    <target href="assembly.xml#RaiseGetPayrolInputError"/>
  </connections>
  <connections type="routesTo" sourceAnchorX="0.7805755395683454" sourceAnchorY="1.0" targetAnchorX="0.37850467289719625" targetAnchorY="0.40540540540540543">
    <source href="assembly.xml#//@beans/@mixed.1/@mixed.33/@mixed.3"/>
    <target href="assembly.xml#RaiseGetOnDemandError00"/>
  </connections>
  <connections type="routesTo" sourceAnchorX="1.0" sourceAnchorY="0.2765957446808511" targetAnchorX="0.2108843537414966" targetAnchorY="0.5425531914893617">
    <source href="assembly.xml#ErrorOutputTA"/>
    <target href="assembly.xml#ValidationModeOff01"/>
  </connections>
  <connections type="routesTo" sourceAnchorX="0.8109756097560976" sourceAnchorY="1.0" targetAnchorX="0.09016393442622951" targetAnchorY="0.6808510638297872">
    <source href="assembly.xml#//@beans/@mixed.1/@mixed.65/@mixed.3"/>
    <target href="assembly.xml#ErrorOutputTA"/>
  </connections>
  <connections type="routesTo" sourceAnchorX="1.0" sourceAnchorY="0.3191489361702128" targetAnchorX="0.23134328358208955" targetAnchorY="0.4594594594594595">
    <source href="assembly.xml#ValidationModeOff01"/>
    <target href="assembly.xml#CallErrorLog2"/>
  </connections>
  <connections type="routesTo" sourceAnchorX="1.0" sourceAnchorY="0.2765957446808511" targetAnchorX="0.2108843537414966" targetAnchorY="0.5425531914893617">
    <source href="assembly.xml#ErrorOutputTA0"/>
    <target href="assembly.xml#ValidationModeOff010"/>
  </connections>
  <connections type="routesTo" sourceAnchorX="1.0" sourceAnchorY="0.3191489361702128" targetAnchorX="0.23134328358208955" targetAnchorY="0.4594594594594595">
    <source href="assembly.xml#ValidationModeOff010"/>
    <target href="assembly.xml#CallErrorLog20"/>
  </connections>
  <connections type="routesTo" sourceAnchorX="0.7466666666666667" sourceAnchorY="1.0" targetAnchorX="0.36" targetAnchorY="0.2872340425531915">
    <source href="assembly.xml#//@beans/@mixed.1/@mixed.81/@mixed.3"/>
    <target href="assembly.xml#ErrorOutputTA0"/>
  </connections>
  <connections type="routesTo" sourceAnchorX="1.0" sourceAnchorY="0.2765957446808511" targetAnchorX="0.2108843537414966" targetAnchorY="0.5425531914893617">
    <source href="assembly.xml#ErrorOutputTA00"/>
    <target href="assembly.xml#ValidationModeOff0100"/>
  </connections>
  <connections type="routesTo" sourceAnchorX="1.0" sourceAnchorY="0.3191489361702128" targetAnchorX="0.23134328358208955" targetAnchorY="0.4594594594594595">
    <source href="assembly.xml#ValidationModeOff0100"/>
    <target href="assembly.xml#CallErrorLog200"/>
  </connections>
  <connections type="routesTo" sourceAnchorX="0.875" sourceAnchorY="1.0" targetAnchorX="0.2878787878787879" targetAnchorY="0.40425531914893614">
    <source href="assembly.xml#//@beans/@mixed.1/@mixed.73/@mixed.3"/>
    <target href="assembly.xml#ErrorOutputTA00"/>
  </connections>
  <connections type="routesResponseTo" sourceAnchorX="0.868421052631579" sourceAnchorY="1.0" targetAnchorX="0.3582089552238806" targetAnchorY="0.2553191489361702">
    <source href="assembly.xml#WorkdayOutSoap"/>
    <target href="assembly.xml#SetFlag"/>
  </connections>
  <connections type="routesTo" sourceAnchorX="1.0" sourceAnchorY="0.3404255319148936" targetAnchorX="0.5142857142857142" targetAnchorY="0.3829787234042553">
    <source href="assembly.xml#SetFlag"/>
    <target href="assembly.xml#ValidationModeOff"/>
  </connections>
  <connections type="routesTo" sourceAnchorX="1.0" sourceAnchorY="0.18085106382978725" targetAnchorX="0.05660377358490566" targetAnchorY="0.48936170212765956">
    <source href="assembly.xml#AsyncMediation5"/>
    <target href="assembly.xml#AdjustInputAmount00"/>
  </connections>
  <connections type="routesTo" sourceAnchorX="1.0" sourceAnchorY="0.24468085106382978" targetAnchorX="0.36363636363636365" targetAnchorY="0.2872340425531915">
    <source href="assembly.xml#AsyncMediation9"/>
    <target href="assembly.xml#ValidationMode0"/>
  </connections>
  <connections type="routesTo" sourceAnchorX="0.9162303664921466" sourceAnchorY="1.0" targetAnchorX="0.16981132075471697" targetAnchorY="0.448">
    <source href="assembly.xml#INT10097-GetCurrentPeriods"/>
    <target href="assembly.xml#PeriodsRAAS00"/>
  </connections>
  <connections type="routesTo" sourceAnchorX="1.0" sourceAnchorY="0.184" targetAnchorX="0.42857142857142855" targetAnchorY="0.1523809523809524">
    <source href="assembly.xml#PeriodsRAAS00"/>
    <target href="assembly.xml#HttpOut10"/>
  </connections>
  <connections type="routesTo" sourceAnchorX="0.8641304347826086" sourceAnchorY="1.0" targetAnchorX="0.2549019607843137" targetAnchorY="0.5405405405405406">
    <source href="assembly.xml#//@beans/@mixed.1/@mixed.181/@mixed.3"/>
    <target href="assembly.xml#RaiseRAASPeriodsError00"/>
  </connections>
  <connections type="routesTo" sourceAnchorX="0.8294573643410853" sourceAnchorY="1.0" targetAnchorX="0.18633540372670807" targetAnchorY="0.2765957446808511">
    <source href="assembly.xml#//@beans/@mixed.1/@splitter.2/@subRoute.0"/>
    <target href="assembly.xml#GetPayGroupDetails00"/>
  </connections>
  <connections type="routesTo" sourceAnchorX="1.0" sourceAnchorY="0.176" targetAnchorX="0.16265060240963855" targetAnchorY="0.5531914893617021">
    <source href="assembly.xml#CreateLastInput"/>
    <target href="assembly.xml#AdjustInputAmount000"/>
  </connections>
  <connections type="routesResponseTo" sourceAnchorX="0.6642857142857143" sourceAnchorY="1.0" targetAnchorX="0.04918032786885246" targetAnchorY="0.5851063829787234">
    <source href="assembly.xml#CallPayrolInput"/>
    <target href="assembly.xml#CloseBatch"/>
  </connections>
  <connections type="routesTo" sourceAnchorX="0.6220472440944882" sourceAnchorY="1.0" targetAnchorX="0.14925373134328357" targetAnchorY="0.4864864864864865">
    <source href="assembly.xml#//@beans/@mixed.1/@route.5/@subRoute.1"/>
    <target href="assembly.xml#ReportCount0"/>
  </connections>
  <connections type="routesTo" sourceAnchorX="1.0" sourceAnchorY="0.2" targetAnchorX="0.2714285714285714" targetAnchorY="0.18846153846153846">
    <source href="assembly.xml#AsyncMediation1"/>
    <target href="assembly.xml#CheckThreshold0"/>
  </connections>
  <connections type="routesResponseTo" sourceAnchorX="0.7671957671957672" sourceAnchorY="1.0" targetAnchorX="0.2893081761006289" targetAnchorY="0.2765957446808511">
    <source href="assembly.xml#CallUpdateOriginalInput"/>
    <target href="assembly.xml#NoEligibleAllocation0"/>
  </connections>
  <connections type="routesTo" sourceAnchorX="1.0" sourceAnchorY="0.24468085106382978" targetAnchorX="0.23648648648648649" targetAnchorY="0.43243243243243246">
    <source href="assembly.xml#NoEligibleAllocation0"/>
    <target href="assembly.xml#CallErrorLog100"/>
  </connections>
  <connections type="routesTo" sourceAnchorX="1.0" sourceAnchorY="0.20652173913043478" targetAnchorX="0.2462686567164179" targetAnchorY="0.6756756756756757">
    <source href="assembly.xml#AsyncMediation13"/>
    <target href="assembly.xml#CallAuditLog2"/>
  </connections>
  <connections type="routesTo" sourceAnchorX="1.0" sourceAnchorY="0.20212765957446807" targetAnchorX="0.3829787234042553" targetAnchorY="0.4782608695652174">
    <source href="assembly.xml#ValidationModeOff0"/>
    <target href="assembly.xml#AsyncMediation13"/>
  </connections>
  <connections type="routesResponseTo" sourceAnchorX="0.7962962962962963" sourceAnchorY="1.0" targetAnchorX="0.0703125" targetAnchorY="0.1702127659574468">
    <source href="assembly.xml#GetSubmitPayInput"/>
    <target href="assembly.xml#PayInputDetails"/>
  </connections>
  <connections type="routesTo" sourceAnchorX="1.0" sourceAnchorY="0.22340425531914893" targetAnchorX="0.29411764705882354" targetAnchorY="0.36923076923076925">
    <source href="assembly.xml#PayInputDetails"/>
    <target href="assembly.xml#CheckInputAmount"/>
  </connections>
  <connections type="routesTo" sourceAnchorX="0.8113207547169812" sourceAnchorY="1.0" targetAnchorX="0.3291139240506329" targetAnchorY="0.05405405405405406">
    <source href="assembly.xml#//@beans/@mixed.1/@route.6/@subRoute.0"/>
    <target href="assembly.xml#CallGetAllocations"/>
  </connections>
  <connections type="routesTo" sourceAnchorX="1.0" sourceAnchorY="0.2978723404255319" targetAnchorX="0.422680412371134" targetAnchorY="0.1702127659574468">
    <source href="assembly.xml#AdjustInputAmount00"/>
    <target href="assembly.xml#AdjustInput4LastAllocation1"/>
  </connections>
  <connections type="routesTo" sourceAnchorX="1.0" sourceAnchorY="0.24468085106382978" targetAnchorX="0.18316831683168316" targetAnchorY="0.39361702127659576">
    <source href="assembly.xml#AdjustInputAmount000"/>
    <target href="assembly.xml#AdjustInputAmount4LastAlloc"/>
  </connections>
  <connections type="routesTo" sourceAnchorX="1.0" sourceAnchorY="0.2765957446808511" targetAnchorX="0.2774869109947644" targetAnchorY="0.6216216216216216">
    <source href="assembly.xml#GetRunningInstance"/>
    <target href="assembly.xml#PutIntegrationMessage1"/>
  </connections>
  <connections type="routesResponseTo" sourceAnchorX="0.7724550898203593" sourceAnchorY="1.0" targetAnchorX="0.14193548387096774" targetAnchorY="0.32608695652173914">
    <source href="assembly.xml#CallIntegrationEvent"/>
    <target href="assembly.xml#GetRunningInstance"/>
  </connections>
  <connections type="routesTo" sourceAnchorX="1.0" sourceAnchorY="0.2553191489361702" targetAnchorX="0.3712574850299401" targetAnchorY="0.6756756756756757">
    <source href="assembly.xml#WebService"/>
    <target href="assembly.xml#CallIntegrationEvent"/>
  </connections>
  <connections type="routesTo" sourceAnchorX="1.0" sourceAnchorY="0.9666666666666667" targetAnchorX="0.1452991452991453" targetAnchorY="0.8918918918918919">
    <source href="assembly.xml#//@beans/@mixed.1/@mixed.205/@mixed.3"/>
    <target href="assembly.xml#RaiseWebServiceError"/>
  </connections>
  <connections type="routesTo">
    <source href="assembly.xml#INT10097-RunningInstances"/>
    <target href="assembly.xml#WebService"/>
  </connections>
  <connections type="routesTo" sourceAnchorX="0.9117647058823529" sourceAnchorY="0.9411764705882353">
    <source href="assembly.xml#//@beans/@mixed.1/@route.7/@subRoute.0"/>
    <target href="assembly.xml#CallGetCurrentPeriods"/>
  </connections>
  <connections type="routesResponseTo">
    <source href="assembly.xml#CallGetRunningInstances"/>
    <target href="assembly.xml#RunningInstances"/>
  </connections>
  <connections type="routesTo" sourceAnchorX="0.9468085106382979" sourceAnchorY="1.0" targetAnchorX="0.20149253731343283" targetAnchorY="0.5652173913043478">
    <source href="assembly.xml#//@beans/@mixed.1/@route.8/@subRoute.0"/>
    <target href="assembly.xml#AsyncMediation41"/>
  </connections>
  <connections type="routesTo" sourceAnchorX="1.0" sourceAnchorY="0.2872340425531915" targetAnchorX="0.3644859813084112" targetAnchorY="0.4090909090909091">
    <source href="assembly.xml#AsyncMediation41"/>
    <target href="assembly.xml#SplitJurisdictions"/>
  </connections>
  <connections type="routesTo" sourceAnchorX="0.8297872340425532" sourceAnchorY="1.0" targetAnchorX="0.05673758865248227" targetAnchorY="0.39361702127659576">
    <source href="assembly.xml#//@beans/@mixed.1/@splitter.3/@subRoute.0"/>
    <target href="assembly.xml#DistinctAllocStates"/>
  </connections>
  <connections type="routesResponseTo" sourceAnchorX="0.8914285714285715" sourceAnchorY="1.0" targetAnchorX="0.3" targetAnchorY="0.5135135135135135">
    <source href="assembly.xml#CallGetImpactedAlloc"/>
    <target href="assembly.xml#CallGetDistinctAllocStates"/>
  </connections>
  <connections type="routesResponseTo" sourceAnchorX="0.715" sourceAnchorY="1.0" targetAnchorX="0.3915343915343915" targetAnchorY="0.7027027027027027">
    <source href="assembly.xml#CallGetDistinctAllocStates"/>
    <target href="assembly.xml#CallParseImpactedAlloc"/>
  </connections>
  <connections type="routesTo">
    <source href="assembly.xml#//@beans/@mixed.1/@route.5/@subRoute.0"/>
    <target href="assembly.xml#GetSubmitPayInput"/>
  </connections>
  <connections type="routesTo" sourceAnchorX="1.0" sourceAnchorY="0.2755102040816326" targetAnchorX="0.36809815950920244" targetAnchorY="0.47959183673469385">
    <source href="assembly.xml#AsyncMediation3"/>
    <target href="assembly.xml#PopulateError0"/>
  </connections>
  <connections type="routesTo" sourceAnchorX="1.0" sourceAnchorY="0.5271317829457365" targetAnchorX="0.29381443298969073" targetAnchorY="0.1891891891891892">
    <source href="assembly.xml#PayrollInputTOTP"/>
    <target href="assembly.xml#WorkdayOutRest"/>
  </connections>
  <connections type="routesResponseTo" sourceAnchorX="0.8608247422680413" sourceAnchorY="1.0" targetAnchorX="0.25595238095238093" targetAnchorY="0.7551020408163265">
    <source href="assembly.xml#WorkdayOutRest"/>
    <target href="assembly.xml#AsyncMediation"/>
  </connections>
  <connections type="routesTo" sourceAnchorX="1.0" sourceAnchorY="0.23404255319148937" targetAnchorX="0.23622047244094488" targetAnchorY="0.35135135135135137">
    <source href="assembly.xml#PopulateError1"/>
    <target href="assembly.xml#CallErrorLog3"/>
  </connections>
  <connections type="routesTo">
    <source href="assembly.xml#DistinctAllocStates"/>
    <target href="assembly.xml#PopulateError1"/>
  </connections>
  <connections type="routesResponseTo" sourceAnchorX="0.7689075630252101" sourceAnchorY="1.0" targetAnchorX="0.15730337078651685" targetAnchorY="0.43243243243243246">
    <source href="assembly.xml#CallGetCurrentPeriods"/>
    <target href="assembly.xml#CallPayrolInput"/>
  </connections>
  <connections type="routesTo" sourceAnchorX="1.0" sourceAnchorY="0.9117647058823529" targetAnchorX="0.028089887640449437" targetAnchorY="0.32653061224489793">
    <source href="assembly.xml#//@beans/@mixed.1/@splitter.1/@subRoute.0"/>
    <target href="assembly.xml#AsyncMediation5"/>
  </connections>
  <connections type="routesTo">
    <source href="assembly.xml#INT10097-AuditLog"/>
    <target href="assembly.xml#Aggregator0"/>
  </connections>
  <connections type="routesTo" sourceAnchorX="0.6220472440944882" sourceAnchorY="1.0" targetAnchorX="0.5654450261780105" targetAnchorY="0.6756756756756757">
    <source href="assembly.xml#//@beans/@mixed.1/@mixed.171/@mixed.3"/>
    <target href="assembly.xml#PIM-CatchErrors"/>
  </connections>
  <connections type="routesTo" sourceAnchorX="0.5298507462686567" sourceAnchorY="1.0" targetAnchorX="0.07303370786516854" targetAnchorY="0.7346938775510204">
    <source href="assembly.xml#StartHere"/>
    <target href="assembly.xml#AsyncMediation2"/>
  </connections>
  <connections type="routesTo" sourceAnchorX="1.0" sourceAnchorY="0.8571428571428571" targetAnchorX="0.12692307692307692" targetAnchorY="0.13513513513513514">
    <source href="assembly.xml#AsyncMediation2"/>
    <target href="assembly.xml#CallGetRunningInstances"/>
  </connections>
  <connections type="routesResponseTo" sourceAnchorX="1.0" sourceAnchorY="0.5714285714285714" targetAnchorX="0.12626262626262627" targetAnchorY="0.5114942528735632">
    <source href="assembly.xml#HttpOut10"/>
    <target href="assembly.xml#PayGroupDetails00"/>
  </connections>
  <connections type="routesTo" sourceAnchorX="0.6" sourceAnchorY="1.0" targetAnchorX="0.45195729537366547" targetAnchorY="0.3783783783783784">
    <source href="assembly.xml#//@beans/@mixed.1/@route.7/@subRoute.1"/>
    <target href="assembly.xml#RaiseRAASPeriodsError000"/>
  </connections>
  <connections type="routesTo" sourceAnchorX="0.4581005586592179" sourceAnchorY="1.0" targetAnchorX="0.5865921787709497" targetAnchorY="0.4594594594594595">
    <source href="assembly.xml#//@beans/@mixed.1/@route.6/@subRoute.1"/>
    <target href="assembly.xml#InputsEqualto0"/>
  </connections>
  <connections type="routesResponseTo" sourceAnchorX="0.9023255813953488" sourceAnchorY="1.0" targetAnchorX="0.23481781376518218" targetAnchorY="0.40540540540540543">
    <source href="assembly.xml#CallCreateLastInput"/>
    <target href="assembly.xml#CallUpdateOriginalInput"/>
  </connections>
  <connections type="routesTo" sourceAnchorX="1.0" targetAnchorX="0.058823529411764705" targetAnchorY="0.3163265306122449">
    <source href="assembly.xml#AdjustInput4LastAllocation1"/>
    <target href="assembly.xml#AsyncMediation8"/>
  </connections>
  <connections type="routesTo" sourceAnchorX="0.7205882352941176" sourceAnchorY="1.0" targetAnchorX="0.13592233009708737" targetAnchorY="0.4496124031007752">
    <source href="assembly.xml#AdjustInputAmount4LastAlloc"/>
    <target href="assembly.xml#AsyncMediation9"/>
  </connections>
  <connections type="routesTo">
    <source href="assembly.xml#ResetHashmap"/>
    <target href="assembly.xml#LoopAllocations"/>
  </connections>
  <connections type="routesTo">
    <source href="assembly.xml#INT10097-GetDistinctAllocStates"/>
    <target href="assembly.xml#ResetHashmap"/>
  </connections>
  <swimlanes x="5" y="179" name="Main Flow" labelAlignment="LEFT">
    <elements href="assembly.xml#StartHere"/>
    <elements href="assembly.xml#AsyncMediation2"/>
    <elements href="assembly.xml#CallGetRunningInstances"/>
    <elements href="#//@swimlanes.2"/>
    <elements href="assembly.xml#CallGetCurrentPeriods"/>
    <elements href="assembly.xml#CallPayrolInput"/>
    <elements href="assembly.xml#CloseBatch"/>
    <elements href="assembly.xml#CallAuditLog0"/>
    <elements href="assembly.xml#CallErrorLog0"/>
  </swimlanes>
  <swimlanes x="18" y="1100" name="Get Current Periods" labelAlignment="LEFT">
    <elements href="assembly.xml#INT10097-GetCurrentPeriods"/>
    <elements href="#//@swimlanes.3"/>
    <elements href="assembly.xml#HttpOut10"/>
    <elements href="assembly.xml#PayGroupDetails00"/>
    <elements href="assembly.xml#GetPayGroupDetails00"/>
  </swimlanes>
  <swimlanes x="1022" y="294" name="Route for Running Instances" orientation="VERTICAL">
    <elements href="assembly.xml#RunningInstances"/>
    <elements href="assembly.xml#RaiseRAASPeriodsError000"/>
  </swimlanes>
  <swimlanes x="388" y="789" name="Report RAAS" orientation="VERTICAL">
    <elements href="assembly.xml#PeriodsRAAS00"/>
    <elements href="assembly.xml#RaiseRAASPeriodsError00"/>
  </swimlanes>
  <swimlanes x="23" y="1400" name="Payroll Input Processing" labelAlignment="LEFT">
    <elements href="assembly.xml#INT10097-PayrollInput"/>
    <elements href="#//@swimlanes.5"/>
    <elements href="assembly.xml#WorkdayOutRest"/>
    <elements href="assembly.xml#AsyncMediation"/>
    <elements href="assembly.xml#Splitter"/>
    <elements href="#//@swimlanes.6"/>
    <elements href="#//@swimlanes.9"/>
    <elements href="#//@swimlanes.7"/>
    <elements href="assembly.xml#CallGetAllocations"/>
    <elements href="assembly.xml#CallGetImpactedAlloc"/>
    <elements href="assembly.xml#CallGetDistinctAllocStates"/>
    <elements href="assembly.xml#CallParseImpactedAlloc"/>
    <elements href="assembly.xml#CallCreatePayrollInput"/>
    <elements href="assembly.xml#CallCreateLastInput"/>
    <elements href="assembly.xml#CallUpdateOriginalInput"/>
    <elements href="assembly.xml#NoEligibleAllocation0"/>
    <elements href="assembly.xml#CallErrorLog100"/>
  </swimlanes>
  <swimlanes x="334" y="1200" name="Payroll Input RAAS" orientation="VERTICAL">
    <elements href="assembly.xml#PayrollInputTOTP"/>
    <elements href="assembly.xml#RaiseGetPayrolInputError"/>
  </swimlanes>
  <swimlanes x="1274" y="1153" name="Get Submit PI Request" orientation="VERTICAL">
    <elements href="assembly.xml#AsyncMediation1"/>
    <elements href="assembly.xml#RaiseGetOnDemandError00"/>
  </swimlanes>
  <swimlanes x="1757" y="759" name="Get Submit PI Response">
    <elements href="assembly.xml#GetSubmitPayInput"/>
    <elements href="assembly.xml#PayInputDetails"/>
    <elements href="#//@swimlanes.8"/>
  </swimlanes>
  <swimlanes x="2461" y="1232" name="Swimlane" orientation="VERTICAL">
    <elements href="assembly.xml#CheckInputAmount"/>
    <elements href="assembly.xml#InputsEqualto0"/>
  </swimlanes>
  <swimlanes x="1790" y="1244" name="Swimlane" orientation="VERTICAL">
    <elements href="assembly.xml#CheckThreshold0"/>
    <elements href="assembly.xml#ReportCount0"/>
  </swimlanes>
  <swimlanes x="677" y="2185" name="Get Allocations" labelAlignment="LEFT">
    <elements href="assembly.xml#INT10097-GetAllocations"/>
    <elements href="#//@swimlanes.11"/>
    <elements href="assembly.xml#HttpOut00"/>
    <elements href="assembly.xml#AllocationsHistory"/>
    <elements href="assembly.xml#Route0"/>
    <elements href="assembly.xml#AsyncMediation0"/>
  </swimlanes>
  <swimlanes x="288" y="1641" name="Allocation Data RAAS" orientation="VERTICAL">
    <elements href="assembly.xml#AllocationDataRAAS"/>
    <elements href="assembly.xml#RaiseRAASAllocationDataError"/>
  </swimlanes>
  <swimlanes x="23" y="1907" name="Get Impacted Allocations" labelAlignment="LEFT">
    <elements href="assembly.xml#INT10097-GetImpactedAlloc"/>
    <elements href="assembly.xml#Route00"/>
    <elements href="assembly.xml#AsyncMediation10"/>
    <elements href="assembly.xml#AsyncMediation3"/>
    <elements href="assembly.xml#PopulateError0"/>
    <elements href="assembly.xml#CallErrorLog1"/>
  </swimlanes>
  <swimlanes x="14" y="3186" name="Parse Impacted Allocations" labelAlignment="LEFT">
    <elements href="assembly.xml#INT10097-ParseImpactedAlloc"/>
    <elements href="assembly.xml#Route000"/>
    <elements href="assembly.xml#AsyncMediation4"/>
    <elements href="#//@swimlanes.14"/>
    <elements href="assembly.xml#Splitter0"/>
    <elements href="assembly.xml#AsyncMediation5"/>
    <elements href="assembly.xml#AdjustInputAmount00"/>
    <elements href="assembly.xml#AdjustInput4LastAllocation1"/>
    <elements href="assembly.xml#AsyncMediation8"/>
  </swimlanes>
  <swimlanes x="813" y="1946" name="GAP Route" orientation="VERTICAL">
    <elements href="assembly.xml#Route"/>
    <elements href="assembly.xml#PopulateError"/>
    <elements href="assembly.xml#CallErrorLog"/>
  </swimlanes>
  <swimlanes x="36" y="4302" name="Update Last Input" labelAlignment="LEFT">
    <elements href="assembly.xml#INT10097-LastInput"/>
    <elements href="#//@swimlanes.16"/>
    <elements href="assembly.xml#AdjustInputAmount000"/>
    <elements href="assembly.xml#AdjustInputAmount4LastAlloc"/>
    <elements href="#//@swimlanes.29"/>
    <elements href="assembly.xml#ValidationMode0"/>
    <elements href="assembly.xml#WorkdayOutSoap00"/>
    <elements href="assembly.xml#ValidationModeOff0"/>
    <elements href="assembly.xml#AsyncMediation13"/>
    <elements href="assembly.xml#CallAuditLog2"/>
  </swimlanes>
  <swimlanes x="354" y="2218" name="Last Input" orientation="VERTICAL">
    <elements href="assembly.xml#CreateLastInput"/>
    <elements href="assembly.xml#ErrorOutputTA0"/>
    <elements href="assembly.xml#ValidationModeOff010"/>
    <elements href="assembly.xml#CallErrorLog20"/>
  </swimlanes>
  <swimlanes x="2197" y="3368" name="CreatePayrollInputs" labelAlignment="LEFT">
    <elements href="assembly.xml#INT10097-CreatePayrollInputs"/>
    <elements href="assembly.xml#Route0000"/>
    <elements href="#//@swimlanes.18"/>
    <elements href="assembly.xml#ValidationMode"/>
    <elements href="assembly.xml#WorkdayOutSoap"/>
    <elements href="assembly.xml#SetFlag"/>
    <elements href="assembly.xml#ValidationModeOff"/>
    <elements href="assembly.xml#CallAuditLog"/>
  </swimlanes>
  <swimlanes x="466" y="2618" name="Create PI Request" orientation="VERTICAL">
    <elements href="assembly.xml#AsyncMediation40"/>
    <elements href="assembly.xml#ErrorOutputTA"/>
    <elements href="assembly.xml#ValidationModeOff01"/>
    <elements href="assembly.xml#CallErrorLog2"/>
  </swimlanes>
  <swimlanes x="28" y="4855" name="Update Original Input" labelAlignment="LEFT">
    <elements href="assembly.xml#INT10097-UpdateOriginalInput"/>
    <elements href="#//@swimlanes.20"/>
    <elements href="assembly.xml#ValidationMode00"/>
    <elements href="assembly.xml#WorkdayOutSoap0"/>
    <elements href="assembly.xml#ValidationModeOff00"/>
    <elements href="assembly.xml#CallAuditLog1"/>
  </swimlanes>
  <swimlanes x="410" y="2724" name="Update Original Input Request" orientation="VERTICAL">
    <elements href="assembly.xml#UpdateOriginalInput"/>
    <elements href="assembly.xml#ErrorOutputTA00"/>
    <elements href="assembly.xml#ValidationModeOff0100"/>
    <elements href="assembly.xml#CallErrorLog200"/>
  </swimlanes>
  <swimlanes x="36" y="5414" name="Audit Log" labelAlignment="LEFT">
    <elements href="assembly.xml#INT10097-AuditLog"/>
    <elements href="assembly.xml#Aggregator0"/>
    <elements href="#//@swimlanes.22"/>
    <elements href="assembly.xml#PutIntegrationMessage0"/>
  </swimlanes>
  <swimlanes x="620" y="2874" name="Store Output Updates" orientation="VERTICAL">
    <elements href="assembly.xml#StoreUpdatesOutput"/>
    <elements href="assembly.xml#OutputFileMessage0"/>
  </swimlanes>
  <swimlanes x="27" y="5540" name="Error Log" labelAlignment="LEFT">
    <elements href="assembly.xml#INT10097-ErrorLog"/>
    <elements href="assembly.xml#Aggregator"/>
    <elements href="#//@swimlanes.24"/>
    <elements href="assembly.xml#PutIntegrationMessage"/>
  </swimlanes>
  <swimlanes x="534" y="3176" name="Store Output Error" orientation="VERTICAL">
    <elements href="assembly.xml#StoreErrorOutput"/>
    <elements href="assembly.xml#OutputFileMessage"/>
  </swimlanes>
  <swimlanes x="957" y="5872" name="Global Error Handler" labelAlignment="LEFT">
    <elements href="assembly.xml#//@beans/@mixed.1/@mixed.3"/>
    <elements href="assembly.xml#SurfaceCritical"/>
    <elements href="assembly.xml#PutIntegrationEventGlobalError"/>
  </swimlanes>
  <swimlanes x="1167" y="655" name="Check Running Instances" labelAlignment="LEFT">
    <elements href="assembly.xml#INT10097-RunningInstances"/>
    <elements href="#//@swimlanes.27"/>
    <elements href="assembly.xml#CallIntegrationEvent"/>
    <elements href="assembly.xml#GetRunningInstance"/>
    <elements href="assembly.xml#PutIntegrationMessage1"/>
  </swimlanes>
  <swimlanes x="392" y="3526" name="Integration Event WS" orientation="VERTICAL">
    <elements href="assembly.xml#WebService"/>
    <elements href="assembly.xml#RaiseWebServiceError"/>
  </swimlanes>
  <swimlanes x="2176" y="2593" name="Get Distinct Allocation States" labelAlignment="LEFT">
    <elements href="assembly.xml#INT10097-GetDistinctAllocStates"/>
    <elements href="assembly.xml#ResetHashmap"/>
    <elements href="assembly.xml#LoopAllocations"/>
    <elements href="assembly.xml#AsyncMediation41"/>
    <elements href="assembly.xml#SplitJurisdictions"/>
    <elements href="assembly.xml#DistinctAllocStates"/>
    <elements href="assembly.xml#PopulateError1"/>
    <elements href="assembly.xml#CallErrorLog3"/>
  </swimlanes>
  <swimlanes x="1136" y="2742" name="" orientation="VERTICAL" alignment="MIDDLE" labelAlignment="LEFT">
    <elements href="assembly.xml#AsyncMediation9"/>
    <elements href="assembly.xml#PIM-CatchErrors"/>
  </swimlanes>
  <swimlanes x="5" y="178" name="INT10097 Payroll Tax on Trailing Payments Multidirectional Assembly" orientation="VERTICAL" elements="//@swimlanes.0 //@swimlanes.26 //@swimlanes.1 //@swimlanes.4 //@swimlanes.10 //@swimlanes.12 //@swimlanes.28 //@swimlanes.13 //@swimlanes.17 //@swimlanes.15 //@swimlanes.19 //@swimlanes.21 //@swimlanes.23 //@swimlanes.25" labelAlignment="LEFT"/>
</wdnm:Diagram>
