<?xml version="1.0" encoding="UTF-8"?>
<beans
     xmlns="http://www.springframework.org/schema/beans"
     xmlns:beans="http://www.springframework.org/schema/beans"
     xmlns:atom="http://www.w3.org/2005/Atom"
     xmlns:cc="http://www.capeclear.com/assembly/10"
     xmlns:cloud="urn:com.workday/esb/cloud/10.0"
     xmlns:env="http://schemas.xmlsoap.org/soap/envelope/"
     xmlns:pi="urn:com.workday/picof"
     xmlns:wd="urn:com.workday/bsvc"
     xmlns:xsi="http://www.w3.org/2001/XMLSchema-instance">
 
	<cc:assembly id="WorkdayAssembly" version="2020.36">
        <cc:local-out id="CompleteFailedIntegration" endpoint="vm://wcc/PutIntegrationEvent">
            <cc:set name="is.event.wid" value="lp.isSet() ? lp.getIntegrationEventWID() : null"/>
            <cc:set name="is.system.wid" value="lp.isSet() ? lp.getIntegrationSystemRefWID() : null"/>
            <cc:set name="is.event.completed" value="'current'"/>
        </cc:local-out>
        <cc:local-out id="PostErrorMessage" routes-response-to="CompleteFailedIntegration" endpoint="vm://wcc/PutIntegrationMessage">
            <cc:set name="is.message.severity" value="'CRITICAL'"/>
            <cc:set name="is.message.summary" value="'Error: ' + context.errorCode"/>
            <cc:set name="is.message.detail" value="context.errorMessage"/>
        </cc:local-out>
        <cc:send-error id="CatchErrors" rethrow-error="false" routes-to="PostErrorMessage"/>
        <cc:local-out id="CallSaveFile" store-message="none" endpoint="vm://INT0055a_Fidelity_Single_Client_Feed_EE_Financial_Outbound_New/SaveFile"/>
        <cc:local-out id="CallCreateFile" store-message="none" routes-response-to="CallSaveFile" endpoint="vm://INT0055a_Fidelity_Single_Client_Feed_EE_Financial_Outbound_New/CreateFile"/>
        <cc:local-out id="CallProcessReportEntry" store-message="none" routes-response-to="CallCreateFile" endpoint="vm://INT0055a_Fidelity_Single_Client_Feed_EE_Financial_Outbound_New/ProcessReportEntry"/>
        <cc:local-out id="CallRaaS" store-message="none" routes-response-to="CallProcessReportEntry" endpoint="vm://INT0055a_Fidelity_Single_Client_Feed_EE_Financial_Outbound_New/SCFReport"/>
        <cc:workday-in id="StartHere" routes-to="CallRaaS">
            <cc:integration-system name="INT0055a Fidelity Year End Single Client Feed EE Financial Outbound">
        <cloud:param name="Pay Group">
          <cloud:type>
            <cloud:class-report-field description="Pay Group Organization Name" type="WID" singular="true">b9482d8c3ea0494c9aab241f5875edd3</cloud:class-report-field>
          </cloud:type>
          <cloud:default/>
        </cloud:param>
        <cloud:param name="Pay Period">
          <cloud:type>
            <cloud:class-report-field description="Payment Period" type="WID" singular="true">d2534091ac4b4f5bba7e4d10d31b1261</cloud:class-report-field>
          </cloud:type>
        </cloud:param>
        <cloud:param name="Payment End Date">
          <cloud:type>
            <cloud:simple-type>date</cloud:simple-type>
          </cloud:type>
        </cloud:param>
        <cloud:param name="Payment Start Date">
          <cloud:type>
            <cloud:simple-type>date</cloud:simple-type>
          </cloud:type>
        </cloud:param>
        <cloud:sequence-generator-service name="INT0055aSeqGen">
          <cloud:sequencer>INT0055aSequenceGenBW</cloud:sequencer>
          <cloud:sequencer>INT0055aSequenceGenSM</cloud:sequencer>
        </cloud:sequence-generator-service>
        <cloud:delivery-service name="INT0055aDeliveryService"/>
        <cloud:retrieval-service name="INT0055aSidRetService"/>
        <cloud:report-service name="SCFReport-55a">
          <cloud:report-alias description="INT0055a-Fidelity SCF EE Financial Outbound" name="SCFReport-55a">
            <cloud:report-reference description="INT0055a-Fidelity SCF EE Financial Outbound" type="WID">3a911264230d01422ceee7072e37b108</cloud:report-reference>
          </cloud:report-alias>
        </cloud:report-service>
      </cc:integration-system>
        </cc:workday-in>
        <cc:async-mediation id="StoreReportData">
            <cc:steps>
                <cc:store id="Store" output="variable" output-variable="ReportOutput" input="variable" input-variable="vReportOutput" expiresIn="P60D" title="ReportOutput.xml"/>
                <cc:xslt-plus id="XsltPlus" output="variable" output-variable="vGroupedReportXML" input="variable" input-variable="vReportOutput" url="ReportOutput_V1.xsl"/>
            </cc:steps>
            <cc:send-error id="SendError" routes-to="PutIntegrationMessage"/>
        </cc:async-mediation>
        <cc:async-mediation id="ReportOutput" routes-to="StoreReportData">
            <cc:steps>
                <cc:write id="Write" output="variable" output-variable="vReportOutput">
                    <cc:message>
                        <cc:message-content/>
                    </cc:message>
                </cc:write>
            </cc:steps>
            <cc:send-error id="SendError" routes-to="PutIntegrationMessage"/>
        </cc:async-mediation>
        <cc:workday-out-rest id="WorkdayOutRest" routes-response-to="ReportOutput" extra-path="@{intsys.reportService.getExtrapath('SCFReport-55a')}?&amp;Pay_Group!WID=@{props['pay.group']}&amp;To_Date=@{props['payment.end.date']}&amp;From_Date=@{props['payment.start.date']}&amp;Periods!WID=@{props['pay.period']}"/>
        <cc:local-out id="PutIntegrationMessage" endpoint="vm://wcc/PutIntegrationMessage">
            <cc:set name="is.message.severity" value="'ERROR'"/>
            <cc:set name="is.message.summary" value="'Error occured while retrieving SCF Report. Error Code = '  + context.errorCode + '. Error Description = ' + context.errorMessage"/>
            <cc:set name="is.message.detail" value="context.errorMessage"/>
        </cc:local-out>
        <cc:async-mediation id="ReportParams" routes-to="WorkdayOutRest" handle-downstream-errors="true">
            <cc:steps>
                <cc:eval id="Eval">
                    <cc:expression>props['payment.start.date'] = lp.getSimpleData('Payment Start Date')</cc:expression>
                    <cc:expression>props['payment.end.date'] = lp.getSimpleData('Payment End Date')</cc:expression>
                    <cc:expression>props['pay.group'] = lp.getReferenceData('Pay Group', 'WID')</cc:expression>
                    <cc:expression>props['pay.period'] = lp.getReferenceData('Pay Period', 'WID')</cc:expression>
                    <cc:expression>props['pFile'] = ''</cc:expression>
                    <cc:expression>vars['vFinalFile'] = ''</cc:expression>
                    <cc:expression>props['WorkStateHashMap'] = new java.util.HashMap()</cc:expression>
                    <cc:expression>props['ResidentStateHashMap'] = new java.util.HashMap()</cc:expression>
                    <cc:expression>props['LocalHashMap'] = new java.util.HashMap()</cc:expression>
                    <cc:expression>props['force.close.agg'] = false</cc:expression>
                    <cc:expression>props['PrefixFilename']= lp.getReferenceDataList('Pay Group', 'Organization_Reference_ID')</cc:expression>
                    <cc:expression>props['PrefixFilename'] = props['PrefixFilename'].toString().substring(1,10)</cc:expression>
                    <cc:expression>props['FileSeqGenBW'] = lp.getSequencedValue('INT0055aSequenceGenBW');props['FileSeqGenSM'] = lp.getSequencedValue('INT0055aSequenceGenSM')</cc:expression>
                </cc:eval>
                <cc:log id="Log">
                    <cc:log-message>
                        <cc:text>&#xD;
Report Parameters&#xD;
&#xD;
@{intsys.reportService.getExtrapath('SCFReport-55a')}?&amp;Pay_Group!WID=@{props['pay.group']}&amp;To_Date=@{props['payment.end.date']}&amp;From_Date=@{props['payment.start.date']}&amp;Periods!WID=@{props['pay.period']}&#xD;
&#xD;
End </cc:text>
                    </cc:log-message>
                </cc:log>
            </cc:steps>
            <cc:send-error id="SendError" routes-to="PutIntegrationMessage"/>
        </cc:async-mediation>
        <cc:local-in id="SCFReport" routes-to="ReportParams"/>
        <cc:local-out id="CallCreateFooter" store-message="none" endpoint="vm://INT0055a_Fidelity_Single_Client_Feed_EE_Financial_Outbound_New/CreateFooter"/>
        <cc:local-out id="Call-CloseAgg" store-message="none" routes-response-to="CallCreateFooter" endpoint="vm://INT0055a_Fidelity_Single_Client_Feed_EE_Financial_Outbound_New/CloseBatch">
            <cc:set name="force.close.agg" value="true"/>
        </cc:local-out>
        <cc:local-out id="PutIntegrationMessage7" endpoint="vm://wcc/PutIntegrationMessage">
            <cc:set name="is.message.severity" value="'ERROR'"/>
            <cc:set name="is.message.summary" value="'Error occured while retrieving SCF Report. Error Code = '  + context.errorCode + '. Error Description = ' + context.errorMessage"/>
            <cc:set name="is.message.detail" value="context.errorMessage"/>
        </cc:local-out>
        <cc:async-mediation id="BatchAuditAgg" routes-to="Call-CloseAgg">
            <cc:steps>
                <cc:eval id="Eval">
                    <cc:expression>props['force.close.agg'] = true</cc:expression>
                </cc:eval>
            </cc:steps>
            <cc:send-error id="SendError" routes-to="PutIntegrationMessage7"/>
        </cc:async-mediation>
        <cc:local-out id="CallTrailerCount" store-message="none" routes-response-to="BatchAuditAgg" endpoint="vm://INT0055a_Fidelity_Single_Client_Feed_EE_Financial_Outbound_New/CallTaxCount"/>
        <cc:local-out id="CallCreateBody" store-message="none" routes-response-to="CallTrailerCount" endpoint="vm://INT0055a_Fidelity_Single_Client_Feed_EE_Financial_Outbound_New/CreateBody"/>
        <cc:local-out id="CallCreateHeader" store-message="none" endpoint="vm://INT0055a_Fidelity_Single_Client_Feed_EE_Financial_Outbound_New/CreateHeader"/>
        <cc:route id="Route">
            <cc:all-strategy/>
            <cc:sub-route name="CallCreateHeader" routes-to="CallCreateHeader"/>
            <cc:sub-route name="CallCreateBody" routes-to="CallCreateBody"/>
        </cc:route>
        <cc:local-in id="ProcessReportEntry" routes-to="Route"/>
        <cc:local-out id="PutIntegrationMessage2" endpoint="vm://wcc/PutIntegrationMessage">
            <cc:set name="is.message.severity" value="'ERROR'"/>
            <cc:set name="is.message.summary" value="'Error occured while create header. Error Code = '  + context.errorCode + '. Error Description = ' + context.errorMessage"/>
            <cc:set name="is.message.detail" value="context.errorMessage"/>
        </cc:local-out>
        <cc:async-mediation id="processHeader">
            <cc:steps>
                <cc:eval id="Eval">
                    <cc:expression>props['pHeader'] = ''</cc:expression>
                </cc:eval>
                <cc:xslt-plus id="XsltPlus" output="variable" output-variable="vOutHeader" input="variable" input-variable="vReportOutput" url="CreateHeader.xsl"/>
                <cc:eval id="Eval0">
                    <cc:expression>props['pHeader'] = vars['vOutHeader'].text</cc:expression>
                </cc:eval>
            </cc:steps>
            <cc:send-error id="SendError" routes-to="PutIntegrationMessage2"/>
        </cc:async-mediation>
        <cc:local-in id="CreateHeader" routes-to="processHeader"/>
        <cc:async-mediation id="ProcessDetails">
            <cc:steps>
                <cc:xslt-plus id="XsltPlus" output="variable" output-variable="vDetail" input="variable" input-variable="vReportEntry" url="INT0055_Details.xsl"/>
                <cc:eval id="Eval0">
                    <cc:expression>if(props['pDetail'] != '') {props['pDetail'] = props['pDetail'] + vars['vDetail'].text}</cc:expression>
                    <cc:expression>if(props['pDetail'] == '') {props['pDetail'] = vars['vDetail'].text}</cc:expression>
                </cc:eval>
            </cc:steps>
            <cc:send-error id="SendError" routes-to="PutIntegrationMessage5"/>
        </cc:async-mediation>
        <cc:async-mediation id="LocalTaxDetails" routes-to="ProcessDetails">
            <cc:steps>
                <cc:eval id="Eval1">
                    <cc:expression>props['pWorkStateCode'] = parts[0].xpath('Group_Worker_Data/Report_Entry[1]/Worker_group/Work_State_Code')</cc:expression>
                    <cc:expression>props['pResidentStateCode'] = parts[0].xpath('Group_Worker_Data/Report_Entry[1]/Worker_group/Resident_State_Code')</cc:expression>
                </cc:eval>
                <cc:copy id="Copy" output="variable" output-variable="vReportEntry"/>
                <cc:eval id="LocalCity">
                    <cc:expression>props['pCityWorkTaxDescription'] = ''</cc:expression>
                    <cc:expression>props['pCityWorkFinalTax'] = ''</cc:expression>
                    <cc:expression>props['pCityResidentTaxDescription'] = ''</cc:expression>
                    <cc:expression>props['pCityResidentFinalTax'] = ''</cc:expression>
                    <cc:expression>props['pCityCountyTaxDescription'] = ''</cc:expression>
                    <cc:expression>props['pCityCountyFinalTax'] = ''</cc:expression>
                    <cc:expression>props['pCitySchoolDistrictDescription'] = ''</cc:expression>
                    <cc:expression>props['pCitySchoolDistrictFinalTax'] = ''</cc:expression>
                    <cc:expression>props['pTempWorkTaxKey1'] = 'Payroll Local City Authority' + '_' + 'Local City Withholding (Work) [USA]' + '_' + parts[0].xpath('Group_Worker_Data/Report_Entry[1]/Worker_group/Work_Local_Code')</cc:expression>
                    <cc:expression>vars['vWorkCityPayrollAuthorityCode1'] = props['WorkStateHashMap'].get(props['pTempWorkTaxKey1'])</cc:expression>
                    <cc:expression>if(vars['vWorkCityPayrollAuthorityCode1'] != null){props['pCityWorkTaxDescription'] = vars['vWorkCityPayrollAuthorityCode1'].xpath('row/Payroll_Authority_Tax-Code')}</cc:expression>
                    <cc:expression>if(vars['vWorkCityPayrollAuthorityCode1'] != null){props['pCityWorkFinalTax'] = vars['vWorkCityPayrollAuthorityCode1'].xpath('row/Tax-Rate-Final')}</cc:expression>
                    <cc:expression>props['pTempWorkTaxKey2'] = 'Payroll Local City Authority' + '_' + 'Local City Withholding (Resident) [USA]' + '_' + parts[0].xpath('Group_Worker_Data/Report_Entry[1]/Worker_group/Resident_Local_Code')</cc:expression>
                    <cc:expression>vars['vResidentCityPayrollAuthorityCode1'] = props['WorkStateHashMap'].get(props['pTempWorkTaxKey2'])</cc:expression>
                    <cc:expression>if(vars['vResidentCityPayrollAuthorityCode1'] != null){props['pCityResidentTaxDescription'] = vars['vResidentCityPayrollAuthorityCode1'].xpath('row/Payroll_Authority_Tax-Code')}</cc:expression>
                    <cc:expression>if(vars['vResidentCityPayrollAuthorityCode1']  != null){props['pCityResidentFinalTax']= vars['vResidentCityPayrollAuthorityCode1'].xpath('row/Tax-Rate-Final')}</cc:expression>
                    <cc:expression>//props['pTempWorkTaxKey3'] = 'Payroll Local City Authority' + '_' + 'Local County Withholding (Work) [USA]' + '_' + parts[0].xpath('Group_Worker_Data/Report_Entry[1]/Worker_group/Work_County_Code')</cc:expression>
                    <cc:expression>//vars['vCityCountyPayrollAuthorityCode1'] = props['WorkStateHashMap'].get(props['pTempWorkTaxKey3'])</cc:expression>
                    <cc:expression>//if(vars['vCityCountyPayrollAuthorityCode1'] != null){props['pCityCountyTaxDescription'] = vars['vCityCountyPayrollAuthorityCode1'].xpath('row/Payroll_Authority_Tax-Code')}</cc:expression>
                    <cc:expression>//if(vars['vCityCountyPayrollAuthorityCode1']  != null){props['pCityCountyFinalTax']= vars['vCityCountyPayrollAuthorityCode1'].xpath('row/Tax-Rate-Final')}</cc:expression>
                    <cc:expression>//props['pTempWorkTaxKey4'] = 'Payroll Local City Authority' + '_' + 'Local School District Withholding (Resident) [USA]' + '_' + parts[0].xpath('Group_Worker_Data/Report_Entry[1]/Worker_group/Resident_School_Code')</cc:expression>
                    <cc:expression>//vars['vCitySchoolPayrollAuthorityCode1'] = props['WorkStateHashMap'].get(props['pTempWorkTaxKey4'])</cc:expression>
                    <cc:expression>//if(vars['vCitySchoolPayrollAuthorityCode1'] != null){props['pCitySchoolDistrictDescription'] = vars['vCitySchoolPayrollAuthorityCode1'].xpath('row/Payroll_Authority_Tax-Code')}</cc:expression>
                    <cc:expression>//if(vars['vCitySchoolPayrollAuthorityCode1']  != null){props['pCitySchoolDistrictFinalTax']= vars['vCitySchoolPayrollAuthorityCode1'].xpath('row/Tax-Rate-Final')}</cc:expression>
                </cc:eval>
                <cc:eval id="LocalCounty">
                    <cc:expression>props['pCountyCityTaxDescription'] = ''</cc:expression>
                    <cc:expression>props['pCountyCityFinalTax'] = ''</cc:expression>
                    <cc:expression>props['pCountyResidentTaxDescription'] = ''</cc:expression>
                    <cc:expression>props['pCountyResidentFinalTax'] = ''</cc:expression>
                    <cc:expression>props['pCountyWorkTaxDescription'] = ''</cc:expression>
                    <cc:expression>props['pCountyWorkFinalTax'] = ''</cc:expression>
                    <cc:expression>//props['pTempWorkTaxKey5'] = 'Payroll Local County Authority' + '_' + 'Local City Withholding (Work) [USA]' + '_' + parts[0].xpath('Group_Worker_Data/Report_Entry[1]/Worker_group/Work_Local_Code')</cc:expression>
                    <cc:expression>//vars['vCountyCityPayrollAuthorityCode1'] = props['WorkStateHashMap'].get(props['pTempWorkTaxKey5'])</cc:expression>
                    <cc:expression>//if(vars['vCountyCityPayrollAuthorityCode1'] != null){props['pCountyCityTaxDescription'] = vars['vCountyCityPayrollAuthorityCode1'].xpath('row/Payroll_Authority_Tax-Code')}</cc:expression>
                    <cc:expression>//if(vars['vCountyCityPayrollAuthorityCode1']!= null){props['pCountyCityFinalTax']= vars['vCountyCityPayrollAuthorityCode1'].xpath('row/Tax-Rate-Final')}</cc:expression>
                    <cc:expression>props['pTempWorkTaxKey6'] = 'Payroll Local County Authority' + '_' + 'Local County Withholding (Work) [USA]' + '_' + parts[0].xpath('Group_Worker_Data/Report_Entry[1]/Worker_group/Work_County_Code')</cc:expression>
                    <cc:expression>vars['vCountyWorkPayrollAuthorityCode1'] = props['WorkStateHashMap'].get(props['pTempWorkTaxKey6'])</cc:expression>
                    <cc:expression>if(vars['vCountyWorkPayrollAuthorityCode1']  != null){props['pCountyWorkTaxDescription'] = vars['vCountyWorkPayrollAuthorityCode1'].xpath('row/Payroll_Authority_Tax-Code')}</cc:expression>
                    <cc:expression>if(vars['vCountyWorkPayrollAuthorityCode1'] != null){props['pCountyWorkFinalTax']= vars['vCountyWorkPayrollAuthorityCode1'].xpath('row/Tax-Rate-Final')}</cc:expression>
                    <cc:expression>props['pTempWorkTaxKey7'] = 'Payroll Local County Authority' + '_' + 'Local County Withholding (Resident) [USA]' + '_' + parts[0].xpath('Group_Worker_Data/Report_Entry[1]/Worker_group/Resident_County_Code')</cc:expression>
                    <cc:expression>vars['vCountyResidentPayrollAuthorityCode1'] = props['WorkStateHashMap'].get(props['pTempWorkTaxKey7'])</cc:expression>
                    <cc:expression>if(vars['vCountyResidentPayrollAuthorityCode1']  != null){props['pCountyResidentTaxDescription'] = vars['vCountyResidentPayrollAuthorityCode1'].xpath('row/Payroll_Authority_Tax-Code')}</cc:expression>
                    <cc:expression>if(vars['vCountyResidentPayrollAuthorityCode1'] != null){props['pCountyResidentFinalTax']= vars['vCountyResidentPayrollAuthorityCode1'].xpath('row/Tax-Rate-Final')}</cc:expression>
                </cc:eval>
                <cc:eval id="LocalSchool">
                    <cc:expression>props['pSchoolCityWorkTaxDescription'] = ''</cc:expression>
                    <cc:expression>props['pSchoolCityWorkFinalTax'] = ''</cc:expression>
                    <cc:expression>props['pSchoolCityResidentTaxDescription'] = ''</cc:expression>
                    <cc:expression>props['pSchoolCityResidentFinalTax'] = ''</cc:expression>
                    <cc:expression>props['pSchooDistrictTaxDescription'] = ''</cc:expression>
                    <cc:expression>props['pSchooDistrictFinalTax'] = ''</cc:expression>
                    <cc:expression>//props['pTempSchoolTaxKey8'] = 'Payroll Local School District Authority' + '_' + 'Local City Withholding (Work) [USA]' + '_' + parts[0].xpath('Group_Worker_Data/Report_Entry[1]/Worker_group/Work_Local_Code')</cc:expression>
                    <cc:expression>//vars['vSchoolWorkPayrollAuthorityCode1'] = props['WorkStateHashMap'].get(props['pTempSchoolTaxKey8'])</cc:expression>
                    <cc:expression>//if(vars['vSchoolWorkPayrollAuthorityCode1']  != null){props['pSchoolCityWorkTaxDescription'] = vars['vSchoolWorkPayrollAuthorityCode1'].xpath('row/Payroll_Authority_Tax-Code')}</cc:expression>
                    <cc:expression>//if(vars['vSchoolWorkPayrollAuthorityCode1'] != null){props['pSchoolCityWorkFinalTax']= vars['vSchoolWorkPayrollAuthorityCode1'].xpath('row/Tax-Rate-Final')}</cc:expression>
                    <cc:expression>//props['pTempSchoolTaxKey9'] = 'Payroll Local School District Authority' + '_' + 'Local City Withholding (Resident) [USA]' + '_' + parts[0].xpath('Group_Worker_Data/Report_Entry[1]/Worker_group/Resident_Local_Code')</cc:expression>
                    <cc:expression>//vars['vSchoolResidentPayrollAuthorityCode1'] = props['WorkStateHashMap'].get(props['pTempSchoolTaxKey9'])</cc:expression>
                    <cc:expression>//if(vars['vSchoolResidentPayrollAuthorityCode1']  != null){props['pSchoolCityResidentTaxDescription'] = vars['vSchoolResidentPayrollAuthorityCode1'].xpath('row/Payroll_Authority_Tax-Code')}</cc:expression>
                    <cc:expression>//if(vars['vSchoolResidentPayrollAuthorityCode1'] != null){props['pSchoolCityResidentFinalTax']= vars['vSchoolResidentPayrollAuthorityCode1'].xpath('row/Tax-Rate-Final')}</cc:expression>
                    <cc:expression>props['pTempSchoolTaxKey10'] = 'Payroll Local School District Authority' + '_' + 'Local School District Withholding (Resident) [USA]' + '_' + parts[0].xpath('Group_Worker_Data/Report_Entry[1]/Worker_group/Resident_School_Code')</cc:expression>
                    <cc:expression>vars['vSchoolPayrollAuthorityCode1'] = props['WorkStateHashMap'].get(props['pTempSchoolTaxKey10'])</cc:expression>
                    <cc:expression>if(vars['vSchoolPayrollAuthorityCode1']  != null){props['pSchooDistrictTaxDescription'] = vars['vSchoolPayrollAuthorityCode1'].xpath('row/Payroll_Authority_Tax-Code')}</cc:expression>
                    <cc:expression>if(vars['vSchoolPayrollAuthorityCode1'] != null){props['pSchooDistrictFinalTax']= vars['vSchoolPayrollAuthorityCode1'].xpath('row/Tax-Rate-Final')}</cc:expression>
                </cc:eval>
            </cc:steps>
        </cc:async-mediation>
        <cc:splitter id="SplitBody">
            <cc:sub-route name="SubRoute" routes-to="LocalTaxDetails"/>
            <cc:xml-stream-splitter xpath="Report_Data/Group_Worker_Data"/>
        </cc:splitter>
        <cc:local-out id="PutIntegrationMessage5" endpoint="vm://wcc/PutIntegrationMessage">
            <cc:set name="is.message.severity" value="'ERROR'"/>
            <cc:set name="is.message.summary" value="'Error occured while creating Body. Error Code = '  + context.errorCode + '. Error Description = ' + context.errorMessage"/>
            <cc:set name="is.message.detail" value="context.errorMessage"/>
        </cc:local-out>
        <cc:async-mediation id="Removenamespace" routes-to="SplitBody" handle-downstream-errors="true">
            <cc:steps>
                <cc:copy id="Copy" output-mimetype="text/xml" input="variable" input-variable="vGroupedReportXML"/>
                <cc:xslt-plus id="XsltPlus" url="RemoveNamespaces_V2.xsl"/>
                <cc:eval id="Eval">
                    <cc:expression>props['pDetail'] = ''</cc:expression>
                    <cc:expression>props['p.RecCount3K']=0</cc:expression>
                </cc:eval>
            </cc:steps>
            <cc:send-error id="SendError" routes-to="PutIntegrationMessage5"/>
        </cc:async-mediation>
        <cc:local-in id="CreateBody" routes-to="Removenamespace"/>
        <cc:local-out id="PutIntegrationMessage600" endpoint="vm://wcc/PutIntegrationMessage">
            <cc:set name="is.message.severity" value="'ERROR'"/>
            <cc:set name="is.message.summary" value="'Error occured while Tax Count . Error Code = '  + context.errorCode + '. Error Description = ' + context.errorMessage"/>
            <cc:set name="is.message.detail" value="context.errorMessage"/>
        </cc:local-out>
        <cc:async-mediation id="AsyncMediation18">
            <cc:steps>
                <cc:copy id="Copy" output="variable" output-mimetype="text/xml" output-variable="DetOutput"/>
                <cc:store id="Store" output="variable" output-variable="DetailOutput" input="variable" input-variable="DetOutput" expiresIn="P180D" title="DetailOutput"/>
            </cc:steps>
            <cc:send-error id="SendError" routes-to="PutIntegrationMessage600"/>
        </cc:async-mediation>
        <cc:aggregator id="Agg.AllInputWorkers" routes-to="AsyncMediation18" collate-when="props['force.close.agg']==false" force-batch-on-last-message="false" force-batch-when="props['force.close.agg']==true">
            <cc:size-batch-strategy batch-size="-1"/>
            <cc:xml-message-content-collater output="message">
        <cc:header-text>&lt;File></cc:header-text>
        <cc:footer-text>&lt;/File></cc:footer-text>
      </cc:xml-message-content-collater>
        </cc:aggregator>
        <cc:local-in id="CloseBatch" routes-to="Agg.AllInputWorkers"/>
        <cc:async-mediation id="AsyncMediation19">
            <cc:steps>
            </cc:steps>
        </cc:async-mediation>
        <cc:async-mediation id="ThreeK" routes-to="Agg.AllInputWorkers" execute-steps-when="props['record.identifier']=='3K'" handle-downstream-errors="true">
            <cc:steps>
                <cc:textschema id="Textschema" output-mimetype="text/xml" style="text2xml" url="3k.xsd"/>
            </cc:steps>
            <cc:send-error id="SendError" routes-to="PutIntegrationMessage60"/>
        </cc:async-mediation>
        <cc:local-out id="PutIntegrationMessage60" endpoint="vm://wcc/PutIntegrationMessage">
            <cc:set name="is.message.severity" value="'ERROR'"/>
            <cc:set name="is.message.summary" value="'Error occured while Tax Count . Error Code = '  + context.errorCode + '. Error Description = ' + context.errorMessage"/>
            <cc:set name="is.message.detail" value="context.errorMessage"/>
        </cc:local-out>
        <cc:async-mediation id="Loan" routes-to="Agg.AllInputWorkers" execute-steps-when="props['record.identifier']=='21'" handle-downstream-errors="true">
            <cc:steps>
                <cc:textschema id="Textschema" output-mimetype="text/xml" style="text2xml" url="Loan_Rec21.xsd"/>
            </cc:steps>
            <cc:send-error id="SendError" routes-to="PutIntegrationMessage60"/>
        </cc:async-mediation>
        <cc:async-mediation id="BC" routes-to="Agg.AllInputWorkers" execute-steps-when="props['record.identifier']=='BC'" handle-downstream-errors="true">
            <cc:steps>
                <cc:textschema id="Textschema" output-mimetype="text/xml" style="text2xml" url="BCTax.xsd"/>
            </cc:steps>
            <cc:send-error id="SendError" routes-to="PutIntegrationMessage6"/>
        </cc:async-mediation>
        <cc:async-mediation id="C1TandHP" routes-to="Agg.AllInputWorkers" execute-steps-when="props['record.identifier']=='C1'||props['record.identifier']=='HP'" handle-downstream-errors="true">
            <cc:steps>
                <cc:textschema id="Textschema" output-mimetype="text/xml" style="text2xml" url="C1T.xsd"/>
            </cc:steps>
            <cc:send-error id="SendError" routes-to="PutIntegrationMessage6"/>
        </cc:async-mediation>
        <cc:async-mediation id="S3" routes-to="Agg.AllInputWorkers" execute-steps-when="props['record.identifier']=='S3'" handle-downstream-errors="true">
            <cc:steps>
                <cc:textschema id="Textschema" output-mimetype="text/xml" style="text2xml" url="TaxCountS3.xsd"/>
            </cc:steps>
            <cc:send-error id="SendError" routes-to="PutIntegrationMessage6"/>
        </cc:async-mediation>
        <cc:async-mediation id="Record08" routes-to="Agg.AllInputWorkers" execute-steps-when="props['record.identifier']=='08'" handle-downstream-errors="true">
            <cc:steps>
                <cc:textschema id="Textschema" output-mimetype="text/xml" style="text2xml" url="TaxCount.xsd"/>
            </cc:steps>
            <cc:send-error id="SendError" routes-to="PutIntegrationMessage6"/>
        </cc:async-mediation>
        <cc:route id="Route0">
            <cc:mvel-strategy>
                <cc:choose-route expression="props['record.identifier']=='BC'" route="SubRoute1"/>
                <cc:choose-route expression="props['record.identifier']=='C1'||props['record.identifier']=='HP'" route="SubRoute0"/>
                <cc:choose-route expression="props['record.identifier']=='S3'" route="Alternate"/>
                <cc:choose-route expression="props['record.identifier']=='08'" route="SubRoute"/>
                <cc:choose-route expression="props['record.identifier']=='21'" route="SubRoute2"/>
                <cc:choose-route expression="props['record.identifier']=='3K'" route="SubRoute3"/>
                <cc:choose-route expression="true" route="SubRoute4"/>
            </cc:mvel-strategy>
            <cc:sub-route name="SubRoute" routes-to="Record08"/>
            <cc:sub-route name="Alternate" routes-to="S3"/>
            <cc:sub-route name="SubRoute0" routes-to="C1TandHP"/>
            <cc:sub-route name="SubRoute1" routes-to="BC"/>
            <cc:sub-route name="SubRoute2" routes-to="Loan"/>
            <cc:sub-route name="SubRoute3" routes-to="ThreeK"/>
            <cc:sub-route name="SubRoute4" routes-to="AsyncMediation19"/>
        </cc:route>
        <cc:async-mediation id="AsyncMediation20">
            <cc:steps>
                <cc:textschema id="Textschema" output-mimetype="text/xml" style="text2xml" url="Orig.xsd"/>
                <cc:eval id="Eval">
                    <cc:expression>props['RECTYPE']= parts[0].xpath('Worker/Record/RecType')</cc:expression>
                    <cc:expression>//if (props['RECTYPE'] =='RIT' then props['RICount'] = props['RICount']+1)</cc:expression>
                    <cc:expression>props['RITCount'] = props['RECTYPE'] =='RIT'? props['RITCount']+1: props['RITCount']</cc:expression>
                    <cc:expression>props['RIKCount'] = props['RECTYPE'] =='RIK'? props['RIKCount']+1: props['RIKCount']</cc:expression>
                    <cc:expression>props['C1Sub']= props['RECTYPE'].substring(0,2) =='C1'? props['C1Sub']+1: props['C1Sub']</cc:expression>
                    <cc:expression>props['S3']= props['RECTYPE'].substring(0,2) =='S3'? props['S3']+1: props['S3']</cc:expression>
                    <cc:expression>props['CACount'] = props['RECTYPE'].substring(0,2) =='CA'? props['CACount']+1: props['CACount']</cc:expression>
                    <cc:expression>props['YTDCount'] = props['RECTYPE'].substring(0,2) =='08'? props['YTDCount']+1: props['YTDCount']</cc:expression>
                    <cc:expression>props['HPCount']= props['RECTYPE'].substring(0,2) =='HP'? props['HPCount']+1: props['HPCount']</cc:expression>
                    <cc:expression>props['BCCount']= props['RECTYPE'].substring(0,2) =='BC'? props['BCCount']+1: props['BCCount']</cc:expression>
                    <cc:expression>props['LnCount']= props['RECTYPE'].substring(0,2) =='21'? props['LnCount']+1: props['LnCount']</cc:expression>
                </cc:eval>
            </cc:steps>
            <cc:send-error id="SendError" routes-to="PutIntegrationMessage6"/>
        </cc:async-mediation>
        <cc:route id="Route1">
            <cc:all-strategy/>
            <cc:sub-route name="SubRoute" routes-to="Route0"/>
            <cc:sub-route name="Alternate" routes-to="AsyncMediation20"/>
        </cc:route>
        <cc:async-mediation id="AsyncMediation15" routes-to="Route1">
            <cc:steps>
                <cc:eval id="Eval">
                    <cc:expression>props['line'] = parts[0].text</cc:expression>
                    <cc:expression>props['record.identifier'] = props['line'].toString().substring(29,31)</cc:expression>
                    <cc:expression>props['RICount'] = props['record.identifier'] =='RI'? props['RICount']+1: props['RICount']</cc:expression>
                    <cc:expression>//props['CACount'] = props['record.identifier'] =='CA'? props['CACount']+1: props['CACount']</cc:expression>
                </cc:eval>
                <cc:copy id="Copy" output="variable" output-variable="Rec"/>
            </cc:steps>
            <cc:send-error id="SendError" routes-to="PutIntegrationMessage6"/>
        </cc:async-mediation>
        <cc:splitter id="StandardSplit" no-split-message-error="true">
            <cc:sub-route name="SubRoute" routes-to="AsyncMediation15"/>
            <cc:standard-splitter>
                <cc:content-fixed-lines/>
            </cc:standard-splitter>
        </cc:splitter>
        <cc:local-out id="PutIntegrationMessage6" endpoint="vm://wcc/PutIntegrationMessage">
            <cc:set name="is.message.severity" value="'ERROR'"/>
            <cc:set name="is.message.summary" value="'Error occured while Tax Count . Error Code = '  + context.errorCode + '. Error Description = ' + context.errorMessage"/>
            <cc:set name="is.message.detail" value="context.errorMessage"/>
        </cc:local-out>
        <cc:async-mediation id="AsyncMediation16" routes-to="StandardSplit" handle-downstream-errors="true">
            <cc:steps>
                <cc:write id="Write">
                    <cc:message>
                        <cc:text>@{props['pDetail']}</cc:text>
                    </cc:message>
                </cc:write>
                <cc:eval id="Eval">
                    <cc:expression>props['RITCount'] =0</cc:expression>
                    <cc:expression>props['RIKCount'] =0</cc:expression>
                    <cc:expression>props['C1Sub'] =0</cc:expression>
                    <cc:expression>props['S3']=0</cc:expression>
                    <cc:expression>props['CACount']=0</cc:expression>
                    <cc:expression>props['YTDCount']=0</cc:expression>
                    <cc:expression>props['HPCount']=0</cc:expression>
                    <cc:expression>props['BCCount']=0</cc:expression>
                    <cc:expression>props['LnCount']=0</cc:expression>
                    <cc:expression>props['RICount'] =0</cc:expression>
                    <cc:expression>props['force.close.agg']=false</cc:expression>
                </cc:eval>
            </cc:steps>
            <cc:send-error id="SendError" routes-to="PutIntegrationMessage6"/>
        </cc:async-mediation>
        <cc:local-in id="CallTaxCount" routes-to="AsyncMediation16"/>
        <cc:local-out id="PutIntegrationMessage4" endpoint="vm://wcc/PutIntegrationMessage">
            <cc:set name="is.message.severity" value="'ERROR'"/>
            <cc:set name="is.message.summary" value="'Error occured while creating Footer. Error Code = '  + context.errorCode + '. Error Description = ' + context.errorMessage"/>
            <cc:set name="is.message.detail"/>
        </cc:local-out>
        <cc:async-mediation id="AsyncMediation7">
            <cc:steps>
                <cc:eval id="Eval">
                    <cc:expression>props['pFooter'] = ''</cc:expression>
                </cc:eval>
                <cc:xslt-plus id="XsltPlus" input="variable" input-variable="DetOutput" url="TansformFooter.xsl"/>
                <cc:xslt-plus id="XsltPlus0" output="variable" output-variable="vFooter" url="Footer.xsl"/>
                <cc:eval id="Eval0">
                    <cc:expression>props['pFooter'] = vars['vFooter'].text</cc:expression>
                </cc:eval>
            </cc:steps>
            <cc:send-error id="SendError" routes-to="PutIntegrationMessage4"/>
        </cc:async-mediation>
        <cc:local-in id="CreateFooter" routes-to="AsyncMediation7"/>
        <cc:async-mediation id="AsyncMediation9">
            <cc:steps>
                <cc:eval id="Eval">
                    <cc:expression>props['pFile'] = props['pHeader'] + props['pDetail'] + props['pFooter']</cc:expression>
                </cc:eval>
                <cc:eval id="Eval0"/>
            </cc:steps>
            <cc:send-error id="SendError" routes-to="PutIntegrationMessage4"/>
        </cc:async-mediation>
        <cc:local-in id="CreateFile" routes-to="AsyncMediation9"/>
        <cc:local-out id="PutIntegrationMessage601" endpoint="vm://wcc/PutIntegrationMessage">
            <cc:set name="is.message.severity" value="'ERROR'"/>
            <cc:set name="is.message.summary" value="'Error occured while Tax Count . Error Code = '  + context.errorCode + '. Error Description = ' + context.errorMessage"/>
            <cc:set name="is.message.detail" value="context.errorMessage"/>
        </cc:local-out>
        <cc:local-out id="PutIntegrationMessage00" endpoint="vm://wcc/PutIntegrationMessage">
            <cc:set name="is.message.severity" value="'INFO'"/>
            <cc:set name="is.message.summary" value="'Integration has completed and file has been delivered.'"/>
            <cc:set name="is.document.variable.name" value="'OutputFile'"/>
            <cc:set name="is.document.deliverable" value="'true'"/>
        </cc:local-out>
        <cc:async-mediation id="AsyncMediation11" routes-to="PutIntegrationMessage00">
            <cc:steps>
                <cc:eval id="Eval">
                    <cc:expression>vars['vFinalFile'] = props['pFile']</cc:expression>
                    <cc:expression>props['fileName.PFX'] = props['PrefixFilename'] == 'Bi-Weekly'? props['FileSeqGenBW']:props['FileSeqGenSM']</cc:expression>
                    <cc:expression>props['p.OutputFile'] =props['fileName.PFX']</cc:expression>
                </cc:eval>
                <cc:store id="Store" output="variable" output-variable="OutputFile" input="variable" input-variable="vFinalFile" expiresIn="P180D" title="@{props['p.OutputFile']}"/>
            </cc:steps>
            <cc:send-error id="SendError" routes-to="PutIntegrationMessage601"/>
        </cc:async-mediation>
        <cc:local-in id="SaveFile" routes-to="AsyncMediation11"/>
	</cc:assembly>

</beans>