<?xml version="1.0" encoding="UTF-8"?>
<wdnm:Diagram xmlns:wdnm="http://workday.com/studio/editors/notation">
  <element href="assembly.xml#WorkdayAssembly"/>
  <visualProperties>
    <element href="assembly.xml#//@beans/@mixed.1/@mixed.5"/>
  </visualProperties>
  <visualProperties>
    <element href="assembly.xml#PostErrorMessage"/>
  </visualProperties>
  <visualProperties>
    <element href="assembly.xml#CompleteFailedIntegration"/>
  </visualProperties>
  <visualProperties>
    <element href="assembly.xml#StartHere"/>
  </visualProperties>
  <visualProperties>
    <element href="assembly.xml#CallRaaS"/>
  </visualProperties>
  <visualProperties>
    <element href="assembly.xml#CallProcessReportEntry"/>
  </visualProperties>
  <visualProperties>
    <element href="assembly.xml#CallCreateFile"/>
  </visualProperties>
  <visualProperties>
    <element href="assembly.xml#CallSaveFile"/>
  </visualProperties>
  <visualProperties>
    <element href="assembly.xml#SCFReport"/>
  </visualProperties>
  <visualProperties>
    <element href="assembly.xml#ReportParams"/>
  </visualProperties>
  <visualProperties>
    <element href="assembly.xml#PutIntegrationMessage"/>
  </visualProperties>
  <visualProperties>
    <element href="assembly.xml#WorkdayOutRest"/>
  </visualProperties>
  <visualProperties>
    <element href="assembly.xml#ReportOutput"/>
  </visualProperties>
  <visualProperties>
    <element href="assembly.xml#StoreReportData"/>
  </visualProperties>
  <visualProperties>
    <element href="assembly.xml#ProcessReportEntry"/>
  </visualProperties>
  <visualProperties>
    <element href="assembly.xml#Route"/>
  </visualProperties>
  <visualProperties>
    <element href="assembly.xml#CallCreateHeader"/>
  </visualProperties>
  <visualProperties>
    <element href="assembly.xml#CallCreateBody"/>
  </visualProperties>
  <visualProperties>
    <element href="assembly.xml#CallTrailerCount"/>
  </visualProperties>
  <visualProperties>
    <element href="assembly.xml#BatchAuditAgg"/>
  </visualProperties>
  <visualProperties>
    <element href="assembly.xml#PutIntegrationMessage7"/>
  </visualProperties>
  <visualProperties>
    <element href="assembly.xml#Call-CloseAgg"/>
  </visualProperties>
  <visualProperties>
    <element href="assembly.xml#CallCreateFooter"/>
  </visualProperties>
  <visualProperties>
    <element href="assembly.xml#CreateHeader"/>
  </visualProperties>
  <visualProperties>
    <element href="assembly.xml#processHeader"/>
  </visualProperties>
  <visualProperties>
    <element href="assembly.xml#PutIntegrationMessage2"/>
  </visualProperties>
  <visualProperties>
    <element href="assembly.xml#CreateBody"/>
  </visualProperties>
  <visualProperties>
    <element href="assembly.xml#Removenamespace"/>
  </visualProperties>
  <visualProperties>
    <element href="assembly.xml#PutIntegrationMessage5"/>
  </visualProperties>
  <visualProperties>
    <element href="assembly.xml#SplitBody"/>
  </visualProperties>
  <visualProperties>
    <element href="assembly.xml#LocalTaxDetails"/>
  </visualProperties>
  <visualProperties>
    <element href="assembly.xml#ProcessDetails"/>
  </visualProperties>
  <visualProperties>
    <element href="assembly.xml#CallTaxCount"/>
  </visualProperties>
  <visualProperties>
    <element href="assembly.xml#AsyncMediation16"/>
  </visualProperties>
  <visualProperties>
    <element href="assembly.xml#PutIntegrationMessage6"/>
  </visualProperties>
  <visualProperties>
    <element href="assembly.xml#StandardSplit"/>
  </visualProperties>
  <visualProperties>
    <element href="assembly.xml#AsyncMediation15"/>
  </visualProperties>
  <visualProperties>
    <element href="assembly.xml#Route1"/>
  </visualProperties>
  <visualProperties>
    <element href="assembly.xml#AsyncMediation20"/>
  </visualProperties>
  <visualProperties>
    <element href="assembly.xml#Route0"/>
  </visualProperties>
  <visualProperties>
    <element href="assembly.xml#Record08"/>
  </visualProperties>
  <visualProperties>
    <element href="assembly.xml#S3"/>
  </visualProperties>
  <visualProperties>
    <element href="assembly.xml#C1TandHP"/>
  </visualProperties>
  <visualProperties>
    <element href="assembly.xml#BC"/>
  </visualProperties>
  <visualProperties>
    <element href="assembly.xml#Loan"/>
  </visualProperties>
  <visualProperties>
    <element href="assembly.xml#PutIntegrationMessage60"/>
  </visualProperties>
  <visualProperties>
    <element href="assembly.xml#ThreeK"/>
  </visualProperties>
  <visualProperties>
    <element href="assembly.xml#AsyncMediation19"/>
  </visualProperties>
  <visualProperties>
    <element href="assembly.xml#CloseBatch"/>
  </visualProperties>
  <visualProperties>
    <element href="assembly.xml#Agg.AllInputWorkers"/>
  </visualProperties>
  <visualProperties>
    <element href="assembly.xml#AsyncMediation18"/>
  </visualProperties>
  <visualProperties>
    <element href="assembly.xml#PutIntegrationMessage600"/>
  </visualProperties>
  <visualProperties>
    <element href="assembly.xml#CreateFooter"/>
  </visualProperties>
  <visualProperties>
    <element href="assembly.xml#AsyncMediation7"/>
  </visualProperties>
  <visualProperties>
    <element href="assembly.xml#PutIntegrationMessage4"/>
  </visualProperties>
  <visualProperties>
    <element href="assembly.xml#CreateFile"/>
  </visualProperties>
  <visualProperties>
    <element href="assembly.xml#AsyncMediation9"/>
  </visualProperties>
  <visualProperties>
    <element href="assembly.xml#SaveFile"/>
  </visualProperties>
  <visualProperties>
    <element href="assembly.xml#AsyncMediation11"/>
  </visualProperties>
  <visualProperties>
    <element href="assembly.xml#PutIntegrationMessage00"/>
  </visualProperties>
  <visualProperties>
    <element href="assembly.xml#PutIntegrationMessage601"/>
  </visualProperties>
  <connections type="routesTo">
    <source href="assembly.xml#//@beans/@mixed.1/@mixed.5"/>
    <target href="assembly.xml#PostErrorMessage"/>
  </connections>
  <connections type="routesResponseTo">
    <source href="assembly.xml#PostErrorMessage"/>
    <target href="assembly.xml#CompleteFailedIntegration"/>
  </connections>
  <connections type="routesTo" sourceAnchorX="1.0" sourceAnchorY="0.5405405405405406" targetAnchorX="0.6240601503759399" targetAnchorY="0.35135135135135137">
    <source href="assembly.xml#StartHere"/>
    <target href="assembly.xml#CallRaaS"/>
  </connections>
  <connections type="routesResponseTo" sourceAnchorX="1.0" sourceAnchorY="0.40540540540540543" targetAnchorX="0.06349206349206349" targetAnchorY="0.40540540540540543">
    <source href="assembly.xml#CallRaaS"/>
    <target href="assembly.xml#CallProcessReportEntry"/>
  </connections>
  <connections type="routesResponseTo" sourceAnchorX="0.6987951807228916" sourceAnchorY="1.0" targetAnchorX="0.3697916666666667" targetAnchorY="0.10810810810810811">
    <source href="assembly.xml#CallProcessReportEntry"/>
    <target href="assembly.xml#CallCreateFile"/>
  </connections>
  <connections type="routesResponseTo" sourceAnchorX="0.6878612716763006" sourceAnchorY="1.0" targetAnchorX="0.421875" targetAnchorY="0.13513513513513514">
    <source href="assembly.xml#CallCreateFile"/>
    <target href="assembly.xml#CallSaveFile"/>
  </connections>
  <connections type="routesTo" sourceAnchorX="1.0" sourceAnchorY="0.2702702702702703" targetAnchorX="0.22023809523809523" targetAnchorY="0.627906976744186">
    <source href="assembly.xml#SCFReport"/>
    <target href="assembly.xml#ReportParams"/>
  </connections>
  <connections type="routesTo" sourceAnchorX="1.0" sourceAnchorY="0.48031496062992124" targetAnchorX="0.07058823529411765" targetAnchorY="0.5135135135135135">
    <source href="assembly.xml#ReportParams"/>
    <target href="assembly.xml#WorkdayOutRest"/>
  </connections>
  <connections type="routesTo" sourceAnchorX="0.4852941176470588" sourceAnchorY="1.0" targetAnchorX="0.22926829268292684" targetAnchorY="0.40540540540540543">
    <source href="assembly.xml#//@beans/@mixed.1/@mixed.25/@mixed.3"/>
    <target href="assembly.xml#PutIntegrationMessage"/>
  </connections>
  <connections type="routesTo">
    <source href="assembly.xml#//@beans/@mixed.1/@mixed.17/@mixed.3"/>
    <target href="assembly.xml#PutIntegrationMessage"/>
  </connections>
  <connections type="routesTo" sourceAnchorX="0.2565789473684211" sourceAnchorY="1.0" targetAnchorX="0.6926829268292682" targetAnchorY="0.3783783783783784">
    <source href="assembly.xml#//@beans/@mixed.1/@mixed.19/@mixed.3"/>
    <target href="assembly.xml#PutIntegrationMessage"/>
  </connections>
  <connections type="routesResponseTo" sourceAnchorX="1.0" sourceAnchorY="0.7567567567567568" targetAnchorX="0.24468085106382978" targetAnchorY="0.7959183673469388">
    <source href="assembly.xml#WorkdayOutRest"/>
    <target href="assembly.xml#ReportOutput"/>
  </connections>
  <connections type="routesTo" sourceAnchorX="0.5478723404255319" sourceAnchorY="1.0" targetAnchorX="0.2640449438202247">
    <source href="assembly.xml#ReportOutput"/>
    <target href="assembly.xml#StoreReportData"/>
  </connections>
  <connections type="routesTo" sourceAnchorX="0.8302752293577982" sourceAnchorY="1.0" targetAnchorX="0.08163265306122448" targetAnchorY="0.2862903225806452">
    <source href="assembly.xml#ProcessReportEntry"/>
    <target href="assembly.xml#Route"/>
  </connections>
  <connections type="routesTo" sourceAnchorX="1.0" sourceAnchorY="0.38235294117647056" targetAnchorX="0.17582417582417584" targetAnchorY="0.21621621621621623">
    <source href="assembly.xml#//@beans/@mixed.1/@route.0/@subRoute.0"/>
    <target href="assembly.xml#CallCreateHeader"/>
  </connections>
  <connections type="routesTo" sourceAnchorX="0.7377049180327869" sourceAnchorY="1.0" targetAnchorX="0.14583333333333334" targetAnchorY="0.43243243243243246">
    <source href="assembly.xml#//@beans/@mixed.1/@route.0/@subRoute.1"/>
    <target href="assembly.xml#CallCreateBody"/>
  </connections>
  <connections type="routesResponseTo" sourceAnchorX="0.8855421686746988" sourceAnchorY="1.0" targetAnchorX="0.27011494252873564" targetAnchorY="0.5675675675675675">
    <source href="assembly.xml#CallCreateBody"/>
    <target href="assembly.xml#CallTrailerCount"/>
  </connections>
  <connections type="routesResponseTo" sourceAnchorX="0.8850574712643678" sourceAnchorY="1.0" targetAnchorX="0.029197080291970802" targetAnchorY="0.6145833333333334">
    <source href="assembly.xml#CallTrailerCount"/>
    <target href="assembly.xml#BatchAuditAgg"/>
  </connections>
  <connections type="routesTo" sourceAnchorX="1.0" sourceAnchorY="0.21875" targetAnchorX="0.3" targetAnchorY="0.43243243243243246">
    <source href="assembly.xml#BatchAuditAgg"/>
    <target href="assembly.xml#Call-CloseAgg"/>
  </connections>
  <connections type="routesTo" sourceAnchorX="0.5384615384615384" sourceAnchorY="1.0" targetAnchorX="0.9812206572769953" targetAnchorY="0.35135135135135137">
    <source href="assembly.xml#//@beans/@mixed.1/@mixed.35/@mixed.3"/>
    <target href="assembly.xml#PutIntegrationMessage7"/>
  </connections>
  <connections type="routesResponseTo" sourceAnchorX="0.7133333333333334" sourceAnchorY="1.0" targetAnchorX="0.2261904761904762" targetAnchorY="0.35135135135135137">
    <source href="assembly.xml#Call-CloseAgg"/>
    <target href="assembly.xml#CallCreateFooter"/>
  </connections>
  <connections type="routesTo" sourceAnchorX="0.8411764705882353" sourceAnchorY="1.0" targetAnchorX="0.24157303370786518" targetAnchorY="0.391304347826087">
    <source href="assembly.xml#CreateHeader"/>
    <target href="assembly.xml#processHeader"/>
  </connections>
  <connections type="routesTo">
    <source href="assembly.xml#//@beans/@mixed.1/@mixed.49/@mixed.3"/>
    <target href="assembly.xml#PutIntegrationMessage2"/>
  </connections>
  <connections type="routesTo" sourceAnchorX="0.9210526315789473" sourceAnchorY="1.0" targetAnchorX="0.7659574468085106" targetAnchorY="0.3804347826086957">
    <source href="assembly.xml#CreateBody"/>
    <target href="assembly.xml#Removenamespace"/>
  </connections>
  <connections type="routesTo" sourceAnchorX="1.0" sourceAnchorY="0.17391304347826086" targetAnchorX="0.17424242424242425" targetAnchorY="0.46551724137931033">
    <source href="assembly.xml#Removenamespace"/>
    <target href="assembly.xml#SplitBody"/>
  </connections>
  <connections type="routesTo">
    <source href="assembly.xml#//@beans/@mixed.1/@mixed.61/@mixed.3"/>
    <target href="assembly.xml#PutIntegrationMessage5"/>
  </connections>
  <connections type="routesTo">
    <source href="assembly.xml#//@beans/@mixed.1/@mixed.53/@mixed.3"/>
    <target href="assembly.xml#PutIntegrationMessage5"/>
  </connections>
  <connections type="routesTo" sourceAnchorX="0.8365384615384616" sourceAnchorY="1.0" targetAnchorX="0.014084507042253521" targetAnchorY="0.6354166666666666">
    <source href="assembly.xml#//@beans/@mixed.1/@splitter.0/@subRoute.0"/>
    <target href="assembly.xml#LocalTaxDetails"/>
  </connections>
  <connections type="routesTo" sourceAnchorX="1.0" sourceAnchorY="0.22916666666666666" targetAnchorX="0.0440251572327044" targetAnchorY="0.5905511811023622">
    <source href="assembly.xml#LocalTaxDetails"/>
    <target href="assembly.xml#ProcessDetails"/>
  </connections>
  <connections type="routesTo" sourceAnchorX="0.37593984962406013" sourceAnchorY="1.0" targetAnchorX="0.09433962264150944" targetAnchorY="0.6413043478260869">
    <source href="assembly.xml#CallTaxCount"/>
    <target href="assembly.xml#AsyncMediation16"/>
  </connections>
  <connections type="routesTo" sourceAnchorX="0.0" sourceAnchorY="0.16666666666666666" targetAnchorX="0.05426356589147287" targetAnchorY="0.26262626262626265">
    <source href="assembly.xml#AsyncMediation16"/>
    <target href="assembly.xml#StandardSplit"/>
  </connections>
  <connections type="routesTo">
    <source href="assembly.xml#//@beans/@mixed.1/@mixed.101/@mixed.3"/>
    <target href="assembly.xml#PutIntegrationMessage6"/>
  </connections>
  <connections type="routesTo">
    <source href="assembly.xml#//@beans/@mixed.1/@mixed.87/@mixed.3"/>
    <target href="assembly.xml#PutIntegrationMessage6"/>
  </connections>
  <connections type="routesTo" sourceAnchorX="0.43137254901960786" sourceAnchorY="1.0" targetAnchorX="0.8356807511737089" targetAnchorY="0.5675675675675675">
    <source href="assembly.xml#//@beans/@mixed.1/@mixed.85/@mixed.3"/>
    <target href="assembly.xml#PutIntegrationMessage6"/>
  </connections>
  <connections type="routesTo" sourceAnchorX="0.7598039215686274" sourceAnchorY="1.0" targetAnchorX="0.7652582159624414" targetAnchorY="0.4594594594594595">
    <source href="assembly.xml#//@beans/@mixed.1/@mixed.83/@mixed.3"/>
    <target href="assembly.xml#PutIntegrationMessage6"/>
  </connections>
  <connections type="routesTo" sourceAnchorX="0.3137254901960784" sourceAnchorY="1.0" targetAnchorX="0.8873239436619719" targetAnchorY="0.7027027027027027">
    <source href="assembly.xml#//@beans/@mixed.1/@mixed.81/@mixed.3"/>
    <target href="assembly.xml#PutIntegrationMessage6"/>
  </connections>
  <connections type="routesTo" sourceAnchorX="0.6829268292682927" sourceAnchorY="1.0" targetAnchorX="0.7746478873239436" targetAnchorY="0.2702702702702703">
    <source href="assembly.xml#//@beans/@mixed.1/@mixed.95/@mixed.3"/>
    <target href="assembly.xml#PutIntegrationMessage6"/>
  </connections>
  <connections type="routesTo" sourceAnchorX="0.1935483870967742" sourceAnchorY="1.0" targetAnchorX="0.7183098591549296" targetAnchorY="0.5405405405405406">
    <source href="assembly.xml#//@beans/@mixed.1/@mixed.91/@mixed.3"/>
    <target href="assembly.xml#PutIntegrationMessage6"/>
  </connections>
  <connections type="routesTo" sourceAnchorX="0.7413793103448276" sourceAnchorY="1.0" targetAnchorX="0.08176100628930817" targetAnchorY="0.5543478260869565">
    <source href="assembly.xml#//@beans/@mixed.1/@splitter.1/@subRoute.0"/>
    <target href="assembly.xml#AsyncMediation15"/>
  </connections>
  <connections type="routesTo" sourceAnchorX="1.0" sourceAnchorY="0.1875" targetAnchorX="0.05128205128205128" targetAnchorY="0.3333333333333333">
    <source href="assembly.xml#AsyncMediation15"/>
    <target href="assembly.xml#Route1"/>
  </connections>
  <connections type="routesTo" sourceAnchorX="1.0" sourceAnchorY="0.8529411764705882" targetAnchorX="0.21705426356589147" targetAnchorY="0.15079365079365079">
    <source href="assembly.xml#//@beans/@mixed.1/@route.2/@subRoute.0"/>
    <target href="assembly.xml#Route0"/>
  </connections>
  <connections type="routesTo" sourceAnchorX="0.6442307692307693" sourceAnchorY="1.0" targetAnchorX="0.6163522012578616" targetAnchorY="0.10869565217391304">
    <source href="assembly.xml#//@beans/@mixed.1/@route.2/@subRoute.1"/>
    <target href="assembly.xml#AsyncMediation20"/>
  </connections>
  <connections type="routesTo" sourceAnchorX="1.0" sourceAnchorY="0.5294117647058824" targetAnchorX="0.037914691943127965" targetAnchorY="0.5275590551181102">
    <source href="assembly.xml#//@beans/@mixed.1/@route.1/@subRoute.0"/>
    <target href="assembly.xml#Record08"/>
  </connections>
  <connections type="routesTo" sourceAnchorX="0.5288461538461539" sourceAnchorY="1.0" targetAnchorX="0.11374407582938388" targetAnchorY="0.44881889763779526">
    <source href="assembly.xml#//@beans/@mixed.1/@route.1/@subRoute.1"/>
    <target href="assembly.xml#S3"/>
  </connections>
  <connections type="routesTo" sourceAnchorX="0.5267857142857143" sourceAnchorY="1.0" targetAnchorX="0.09004739336492891" targetAnchorY="0.1968503937007874">
    <source href="assembly.xml#//@beans/@mixed.1/@route.1/@subRoute.2"/>
    <target href="assembly.xml#C1TandHP"/>
  </connections>
  <connections type="routesTo" sourceAnchorX="0.0" sourceAnchorY="0.6176470588235294" targetAnchorX="0.09004739336492891" targetAnchorY="0.031496062992125984">
    <source href="assembly.xml#//@beans/@mixed.1/@route.1/@subRoute.3"/>
    <target href="assembly.xml#BC"/>
  </connections>
  <connections type="routesTo">
    <source href="assembly.xml#//@beans/@mixed.1/@route.1/@subRoute.4"/>
    <target href="assembly.xml#Loan"/>
  </connections>
  <connections type="routesTo">
    <source href="assembly.xml#//@beans/@mixed.1/@route.1/@subRoute.5"/>
    <target href="assembly.xml#ThreeK"/>
  </connections>
  <connections type="routesTo">
    <source href="assembly.xml#//@beans/@mixed.1/@route.1/@subRoute.6"/>
    <target href="assembly.xml#AsyncMediation19"/>
  </connections>
  <connections type="routesTo" sourceAnchorX="1.0" sourceAnchorY="0.19791666666666666" targetAnchorX="0.09770114942528736" targetAnchorY="0.4811320754716981">
    <source href="assembly.xml#Record08"/>
    <target href="assembly.xml#Agg.AllInputWorkers"/>
  </connections>
  <connections type="routesTo" sourceAnchorX="1.0" sourceAnchorY="0.1889763779527559" targetAnchorX="0.13218390804597702" targetAnchorY="0.6037735849056604">
    <source href="assembly.xml#S3"/>
    <target href="assembly.xml#Agg.AllInputWorkers"/>
  </connections>
  <connections type="routesTo" sourceAnchorX="1.0" sourceAnchorY="0.14960629921259844" targetAnchorX="0.05747126436781609" targetAnchorY="0.5943396226415094">
    <source href="assembly.xml#C1TandHP"/>
    <target href="assembly.xml#Agg.AllInputWorkers"/>
  </connections>
  <connections type="routesTo">
    <source href="assembly.xml#BC"/>
    <target href="assembly.xml#Agg.AllInputWorkers"/>
  </connections>
  <connections type="routesTo">
    <source href="assembly.xml#Loan"/>
    <target href="assembly.xml#Agg.AllInputWorkers"/>
  </connections>
  <connections type="routesTo" sourceAnchorX="0.6470588235294118" sourceAnchorY="1.0" targetAnchorX="0.6334841628959276" targetAnchorY="0.24324324324324326">
    <source href="assembly.xml#//@beans/@mixed.1/@mixed.79/@mixed.3"/>
    <target href="assembly.xml#PutIntegrationMessage60"/>
  </connections>
  <connections type="routesTo" sourceAnchorX="0.7107843137254902" sourceAnchorY="1.0" targetAnchorX="0.7375565610859729" targetAnchorY="0.43243243243243246">
    <source href="assembly.xml#//@beans/@mixed.1/@mixed.75/@mixed.3"/>
    <target href="assembly.xml#PutIntegrationMessage60"/>
  </connections>
  <connections type="routesTo">
    <source href="assembly.xml#ThreeK"/>
    <target href="assembly.xml#Agg.AllInputWorkers"/>
  </connections>
  <connections type="routesTo">
    <source href="assembly.xml#CloseBatch"/>
    <target href="assembly.xml#Agg.AllInputWorkers"/>
  </connections>
  <connections type="routesTo" sourceAnchorX="1.0" sourceAnchorY="0.27358490566037735" targetAnchorX="0.15723270440251572" targetAnchorY="0.6847826086956522">
    <source href="assembly.xml#Agg.AllInputWorkers"/>
    <target href="assembly.xml#AsyncMediation18"/>
  </connections>
  <connections type="routesTo" sourceAnchorX="0.8242424242424242" sourceAnchorY="1.0" targetAnchorX="0.24890829694323144" targetAnchorY="0.32432432432432434">
    <source href="assembly.xml#//@beans/@mixed.1/@mixed.67/@mixed.3"/>
    <target href="assembly.xml#PutIntegrationMessage600"/>
  </connections>
  <connections type="routesTo" sourceAnchorX="0.7852760736196319" sourceAnchorY="1.0" targetAnchorX="0.5449438202247191" targetAnchorY="0.4891304347826087">
    <source href="assembly.xml#CreateFooter"/>
    <target href="assembly.xml#AsyncMediation7"/>
  </connections>
  <connections type="routesTo">
    <source href="assembly.xml#//@beans/@mixed.1/@mixed.107/@mixed.3"/>
    <target href="assembly.xml#PutIntegrationMessage4"/>
  </connections>
  <connections type="routesTo" sourceAnchorX="0.8714285714285714" sourceAnchorY="1.0" targetAnchorX="0.3146067415730337" targetAnchorY="0.6086956521739131">
    <source href="assembly.xml#CreateFile"/>
    <target href="assembly.xml#AsyncMediation9"/>
  </connections>
  <connections type="routesTo" sourceAnchorX="0.0" sourceAnchorY="0.4666666666666667" targetAnchorX="0.5602094240837696" targetAnchorY="0.7027027027027027">
    <source href="assembly.xml#//@beans/@mixed.1/@mixed.111/@mixed.3"/>
    <target href="assembly.xml#PutIntegrationMessage4"/>
  </connections>
  <connections type="routesTo" sourceAnchorX="1.0" sourceAnchorY="0.2702702702702703" targetAnchorX="0.41711229946524064" targetAnchorY="0.2717391304347826">
    <source href="assembly.xml#SaveFile"/>
    <target href="assembly.xml#AsyncMediation11"/>
  </connections>
  <connections type="routesTo" sourceAnchorX="1.0" sourceAnchorY="0.17346938775510204" targetAnchorX="0.1111111111111111" targetAnchorY="0.4594594594594595">
    <source href="assembly.xml#AsyncMediation11"/>
    <target href="assembly.xml#PutIntegrationMessage00"/>
  </connections>
  <connections type="routesTo" sourceAnchorX="0.423841059602649" sourceAnchorY="1.0" targetAnchorX="0.5720524017467249" targetAnchorY="0.40540540540540543">
    <source href="assembly.xml#//@beans/@mixed.1/@mixed.119/@mixed.3"/>
    <target href="assembly.xml#PutIntegrationMessage601"/>
  </connections>
  <swimlanes x="15" y="2852" name="ErrorHandler">
    <elements href="assembly.xml#//@beans/@mixed.1/@mixed.5"/>
    <elements href="assembly.xml#PostErrorMessage"/>
    <elements href="assembly.xml#CompleteFailedIntegration"/>
  </swimlanes>
  <swimlanes x="15" y="15" bgColor="12632256" fgColor="8421504" name="Process Flow" alignment="MIDDLE">
    <elements href="assembly.xml#StartHere"/>
    <elements href="assembly.xml#CallRaaS"/>
    <elements href="assembly.xml#CallProcessReportEntry"/>
    <elements href="assembly.xml#CallCreateFile"/>
    <elements href="assembly.xml#CallSaveFile"/>
  </swimlanes>
  <swimlanes name="Initialzation" orientation="VERTICAL">
    <elements href="assembly.xml#ReportParams"/>
    <elements href="assembly.xml#PutIntegrationMessage"/>
  </swimlanes>
  <swimlanes x="15" y="123" bgColor="12632256" name="Raas Call">
    <elements href="assembly.xml#SCFReport"/>
    <elements href="#//@swimlanes.2"/>
    <elements href="assembly.xml#WorkdayOutRest"/>
    <elements href="assembly.xml#ReportOutput"/>
    <elements href="assembly.xml#StoreReportData"/>
  </swimlanes>
  <swimlanes x="15" y="442" bgColor="12632256" name="Processing Report Entry">
    <elements href="assembly.xml#ProcessReportEntry"/>
    <elements href="assembly.xml#Route"/>
    <elements href="assembly.xml#CallCreateHeader"/>
    <elements href="assembly.xml#CallCreateBody"/>
    <elements href="assembly.xml#CallTrailerCount"/>
    <elements href="assembly.xml#BatchAuditAgg"/>
    <elements href="assembly.xml#PutIntegrationMessage7"/>
    <elements href="assembly.xml#Call-CloseAgg"/>
    <elements href="assembly.xml#CallCreateFooter"/>
  </swimlanes>
  <swimlanes x="15" y="703" name="Header">
    <elements href="assembly.xml#CreateHeader"/>
    <elements href="assembly.xml#processHeader"/>
    <elements href="assembly.xml#PutIntegrationMessage2"/>
  </swimlanes>
  <swimlanes name="Swimlane" orientation="VERTICAL">
    <elements href="assembly.xml#Removenamespace"/>
    <elements href="assembly.xml#PutIntegrationMessage5"/>
  </swimlanes>
  <swimlanes x="15" y="910" name="Body">
    <elements href="assembly.xml#CreateBody"/>
    <elements href="#//@swimlanes.6"/>
    <elements href="assembly.xml#SplitBody"/>
    <elements href="assembly.xml#LocalTaxDetails"/>
    <elements href="assembly.xml#ProcessDetails"/>
  </swimlanes>
  <swimlanes name="Swimlane" orientation="VERTICAL">
    <elements href="assembly.xml#AsyncMediation16"/>
    <elements href="assembly.xml#PutIntegrationMessage6"/>
  </swimlanes>
  <swimlanes name="Swimlane" orientation="VERTICAL">
    <elements href="assembly.xml#Route1"/>
    <elements href="assembly.xml#AsyncMediation20"/>
  </swimlanes>
  <swimlanes name="Swimlane" orientation="VERTICAL">
    <elements href="assembly.xml#Record08"/>
    <elements href="assembly.xml#S3"/>
    <elements href="assembly.xml#C1TandHP"/>
    <elements href="assembly.xml#BC"/>
    <elements href="assembly.xml#Loan"/>
    <elements href="assembly.xml#PutIntegrationMessage60"/>
    <elements href="assembly.xml#ThreeK"/>
    <elements href="assembly.xml#AsyncMediation19"/>
  </swimlanes>
  <swimlanes x="15" y="1233" name="TaxCount">
    <elements href="assembly.xml#CallTaxCount"/>
    <elements href="#//@swimlanes.8"/>
    <elements href="assembly.xml#StandardSplit"/>
    <elements href="assembly.xml#AsyncMediation15"/>
    <elements href="#//@swimlanes.9"/>
    <elements href="assembly.xml#Route0"/>
    <elements href="#//@swimlanes.10"/>
    <elements href="assembly.xml#CloseBatch"/>
    <elements href="assembly.xml#Agg.AllInputWorkers"/>
    <elements href="assembly.xml#AsyncMediation18"/>
    <elements href="assembly.xml#PutIntegrationMessage600"/>
  </swimlanes>
  <swimlanes x="15" y="2449" name="Footer">
    <elements href="assembly.xml#CreateFooter"/>
    <elements href="assembly.xml#AsyncMediation7"/>
    <elements href="assembly.xml#PutIntegrationMessage4"/>
  </swimlanes>
  <swimlanes x="705" y="2449" name="Create File">
    <elements href="assembly.xml#CreateFile"/>
    <elements href="assembly.xml#AsyncMediation9"/>
  </swimlanes>
  <swimlanes x="15" y="2653" name="Save File">
    <elements href="assembly.xml#SaveFile"/>
    <elements href="assembly.xml#AsyncMediation11"/>
    <elements href="assembly.xml#PutIntegrationMessage00"/>
    <elements href="assembly.xml#PutIntegrationMessage601"/>
  </swimlanes>
</wdnm:Diagram>
