<?xml version="1.0" encoding="UTF-8"?>
<wdnm:Diagram xmlns:wdnm="http://workday.com/studio/editors/notation">
  <element href="assembly.xml#WorkdayAssembly"/>
  <visualProperties x="1130" y="251">
    <element href="assembly.xml#StartHere"/>
  </visualProperties>
  <visualProperties x="1350" y="140">
    <element href="assembly.xml#InitializingParameters"/>
  </visualProperties>
  <visualProperties x="1017" y="202">
    <element href="assembly.xml#validationModeEnabled"/>
  </visualProperties>
  <visualProperties x="1231" y="202">
    <element href="assembly.xml#call-retrieveFile"/>
  </visualProperties>
  <visualProperties x="315" y="703">
    <element href="assembly.xml#retrieveFile"/>
  </visualProperties>
  <visualProperties x="464" y="690">
    <element href="assembly.xml#retrieveWorkerData"/>
  </visualProperties>
  <visualProperties x="393" y="724">
    <element href="assembly.xml#CleanInvalidEEids"/>
  </visualProperties>
  <visualProperties x="1624" y="202">
    <element href="assembly.xml#call-retrieveWorkerData"/>
  </visualProperties>
  <visualProperties x="546" y="1413">
    <element href="assembly.xml#initializeInputFileProcess"/>
  </visualProperties>
  <visualProperties x="941" y="1375">
    <element href="assembly.xml#initCommonProps"/>
  </visualProperties>
  <visualProperties x="770" y="1290">
    <element href="assembly.xml#splitterInputFileData"/>
  </visualProperties>
  <visualProperties x="1182" y="1375">
    <element href="assembly.xml#getPayGroupData"/>
  </visualProperties>
  <visualProperties x="549" y="1300">
    <element href="assembly.xml#processInputFile"/>
  </visualProperties>
  <visualProperties x="1813" y="1419">
    <element href="assembly.xml#call-OffCyclePayroll"/>
  </visualProperties>
  <visualProperties x="1647" y="1375">
    <element href="assembly.xml#paymentPriorityVal"/>
  </visualProperties>
  <visualProperties x="1830" y="202">
    <element href="assembly.xml#call-processInputFile"/>
  </visualProperties>
  <visualProperties x="502" y="1563">
    <element href="assembly.xml#processOffCyclePayroll"/>
  </visualProperties>
  <visualProperties x="1490" y="1665">
    <element href="assembly.xml#call-writeAudit"/>
  </visualProperties>
  <visualProperties x="1053" y="1671">
    <element href="assembly.xml#PayrollOffCyclePayment"/>
  </visualProperties>
  <visualProperties x="516" y="1636">
    <element href="assembly.xml#intializeData"/>
  </visualProperties>
  <visualProperties x="840" y="1626">
    <element href="assembly.xml#ValidationModeOffCycle"/>
  </visualProperties>
  <visualProperties x="563" y="2358">
    <element href="assembly.xml#writeAuditRow"/>
  </visualProperties>
  <visualProperties x="2021" y="202">
    <element href="assembly.xml#call-finalizeLog"/>
  </visualProperties>
  <visualProperties x="2003" y="371">
    <element href="assembly.xml#IntegrationFailCounts"/>
  </visualProperties>
  <visualProperties x="1993" y="259">
    <element href="assembly.xml#IntegrationRecordCounts"/>
  </visualProperties>
  <visualProperties x="2009" y="426">
    <element href="assembly.xml#PutIntegrationEvent"/>
  </visualProperties>
  <visualProperties x="1989" y="314">
    <element href="assembly.xml#IntegrationSuccessCounts"/>
  </visualProperties>
  <visualProperties x="1395" y="292">
    <element href="assembly.xml#error-initialization"/>
  </visualProperties>
  <visualProperties x="1722" y="791">
    <element href="assembly.xml#Agg.AllInputWorkers"/>
  </visualProperties>
  <visualProperties x="1776" y="702">
    <element href="assembly.xml#CloseBatch"/>
  </visualProperties>
  <visualProperties x="1476" y="1419">
    <element href="assembly.xml#PaymentPriority"/>
  </visualProperties>
  <visualProperties x="662" y="461">
    <element href="assembly.xml#InitRetrieveParams"/>
  </visualProperties>
  <visualProperties x="870" y="485">
    <element href="assembly.xml#GetFile"/>
  </visualProperties>
  <visualProperties x="994" y="461">
    <element href="assembly.xml#RetrieveInputDocuments"/>
  </visualProperties>
  <visualProperties x="1440" y="496">
    <element href="assembly.xml#VartoMsg"/>
  </visualProperties>
  <visualProperties x="1597" y="496">
    <element href="assembly.xml#StandardSplit"/>
  </visualProperties>
  <visualProperties x="1256" y="262">
    <element href="assembly.xml#Call-CloseAgg"/>
  </visualProperties>
  <visualProperties x="1321" y="405">
    <element href="assembly.xml#SplitContent"/>
  </visualProperties>
  <visualProperties x="1321" y="405">
    <element href="assembly.xml#Header"/>
  </visualProperties>
  <visualProperties x="1049" y="2276">
    <element href="assembly.xml#CloseAuditAgg"/>
  </visualProperties>
  <visualProperties x="1035" y="2330">
    <element href="assembly.xml#Aggregator"/>
  </visualProperties>
  <visualProperties x="1070" y="2474">
    <element href="assembly.xml#AuditLineError1"/>
  </visualProperties>
  <visualProperties x="1606" y="2394">
    <element href="assembly.xml#PutAuditLog"/>
  </visualProperties>
  <visualProperties x="486" y="2631">
    <element href="assembly.xml#CriticalError"/>
  </visualProperties>
  <visualProperties x="671" y="2607">
    <element href="assembly.xml#SetCriticalErrorFlag"/>
  </visualProperties>
  <visualProperties x="976" y="2641">
    <element href="assembly.xml#SendCriticalError"/>
  </visualProperties>
  <visualProperties x="1248" y="2641">
    <element href="assembly.xml#AbortImportPayInputs"/>
  </visualProperties>
  <visualProperties x="288" y="22">
    <element href="assembly.xml#CriticalRetrieveDocsError"/>
  </visualProperties>
  <visualProperties>
    <element href="assembly.xml#Request"/>
  </visualProperties>
  <visualProperties>
    <element href="assembly.xml#GetWorker"/>
  </visualProperties>
  <visualProperties>
    <element href="assembly.xml#Call-CleanID"/>
  </visualProperties>
  <visualProperties>
    <element href="assembly.xml#WorkerResponse"/>
  </visualProperties>
  <visualProperties>
    <element href="assembly.xml#SplitGetWorker"/>
  </visualProperties>
  <visualProperties>
    <element href="assembly.xml#GetWorkerDetails"/>
  </visualProperties>
  <visualProperties>
    <element href="assembly.xml#Splitter20"/>
  </visualProperties>
  <visualProperties>
    <element href="assembly.xml#PutIntegrationMessage00"/>
  </visualProperties>
  <visualProperties x="520" y="1140">
    <element href="assembly.xml#SyncMediation0"/>
  </visualProperties>
  <visualProperties x="1046" y="1170">
    <element href="assembly.xml#DeleteInvalidID"/>
  </visualProperties>
  <visualProperties x="1473">
    <element href="assembly.xml#Store"/>
  </visualProperties>
  <visualProperties x="482" y="947">
    <element href="assembly.xml#CriticalRetrieveDocsError0"/>
  </visualProperties>
  <visualProperties x="1071" y="1662">
    <element href="assembly.xml#CriticalRetrieveDocsError00"/>
  </visualProperties>
  <visualProperties x="1875" y="464">
    <element href="assembly.xml#AsyncMediation40"/>
  </visualProperties>
  <visualProperties x="2249" y="510">
    <element href="assembly.xml#SchemaError0"/>
  </visualProperties>
  <visualProperties x="2241" y="503">
    <element href="assembly.xml#Schema"/>
  </visualProperties>
  <visualProperties x="2371" y="636">
    <element href="assembly.xml#SchemaError"/>
  </visualProperties>
  <visualProperties x="1722" y="322">
    <element href="assembly.xml#AddEmp-Hashset"/>
  </visualProperties>
  <visualProperties x="503" y="1864">
    <element href="assembly.xml#AsyncMediation2"/>
  </visualProperties>
  <visualProperties x="1517" y="2372">
    <element href="assembly.xml#AsyncMediation3"/>
  </visualProperties>
  <visualProperties>
    <element href="assembly.xml#//@beans/@mixed.1/@mixed.141"/>
  </visualProperties>
  <visualProperties>
    <element href="assembly.xml#GlobalErrorMessage"/>
  </visualProperties>
  <visualProperties>
    <element href="assembly.xml#PutCriticalEvent"/>
  </visualProperties>
  <visualProperties x="635" y="1966">
    <element href="assembly.xml#CallFileDataFetcherror"/>
  </visualProperties>
  <visualProperties x="893" y="1995">
    <element href="assembly.xml#CallAuditLine0"/>
  </visualProperties>
  <visualProperties x="2253" y="2028">
    <element href="assembly.xml#AsyncMediation1"/>
  </visualProperties>
  <visualProperties x="2068" y="2216">
    <element href="assembly.xml#PutIntegrationMessage0"/>
  </visualProperties>
  <visualProperties x="683" y="179">
    <element href="assembly.xml#CriticalRetrieveDocsError1"/>
  </visualProperties>
  <visualProperties x="2261" y="172">
    <element href="assembly.xml#CriticalRetrieveDocsError2"/>
  </visualProperties>
  <visualProperties x="1084" y="1289">
    <element href="assembly.xml#CallFileDataFetcherror0"/>
  </visualProperties>
  <visualProperties x="1084" y="1415">
    <element href="assembly.xml#CallAuditLine00"/>
  </visualProperties>
  <visualProperties x="1444" y="1584">
    <element href="assembly.xml#AsyncMediation"/>
  </visualProperties>
  <visualProperties x="1455" y="1542">
    <element href="assembly.xml#CallFileDataFetcherror00"/>
  </visualProperties>
  <visualProperties x="1455" y="1668">
    <element href="assembly.xml#CallAuditLine000"/>
  </visualProperties>
  <visualProperties x="1508" y="243">
    <element href="assembly.xml#VarToMsgError"/>
  </visualProperties>
  <visualProperties x="1402" y="993">
    <element href="assembly.xml#GetWorkerResponseError"/>
  </visualProperties>
  <visualProperties x="826" y="186">
    <element href="assembly.xml#CheckFileRetrieved"/>
  </visualProperties>
  <visualProperties x="2974" y="116">
    <element href="assembly.xml#AsyncMediation0"/>
  </visualProperties>
  <visualProperties x="2996" y="179">
    <element href="assembly.xml#RaiseWarningNoRecords"/>
  </visualProperties>
  <visualProperties x="3165" y="144">
    <element href="assembly.xml#AsyncMediation4"/>
  </visualProperties>
  <connections type="routesTo">
    <source href="assembly.xml#StartHere"/>
    <target href="assembly.xml#InitializingParameters"/>
  </connections>
  <connections type="routesTo">
    <source href="assembly.xml#InitializingParameters"/>
    <target href="assembly.xml#validationModeEnabled"/>
  </connections>
  <connections type="routesTo">
    <source href="assembly.xml#//@beans/@mixed.1/@mixed.59/@mixed.3"/>
    <target href="assembly.xml#error-initialization"/>
  </connections>
  <connections type="routesResponseTo">
    <source href="assembly.xml#validationModeEnabled"/>
    <target href="assembly.xml#call-retrieveFile"/>
  </connections>
  <connections type="routesResponseTo">
    <source href="assembly.xml#call-retrieveWorkerData"/>
    <target href="assembly.xml#call-processInputFile"/>
  </connections>
  <connections type="routesTo" sourceAnchorX="0.9608938547486033" sourceAnchorY="0.616" targetAnchorX="0.07894736842105263" targetAnchorY="0.2597402597402597">
    <source href="assembly.xml#initializeInputFileProcess"/>
    <target href="assembly.xml#splitterInputFileData"/>
  </connections>
  <connections type="routesTo" sourceAnchorX="0.5234899328859061" sourceAnchorY="0.6756756756756757" targetAnchorX="0.45251396648044695" targetAnchorY="0.112">
    <source href="assembly.xml#processInputFile"/>
    <target href="assembly.xml#initializeInputFileProcess"/>
  </connections>
  <connections type="routesTo" sourceAnchorX="0.7194244604316546" sourceAnchorY="1.0" targetAnchorX="0.009615384615384616" targetAnchorY="0.432">
    <source href="assembly.xml#//@beans/@mixed.1/@splitter.0/@subRoute.0"/>
    <target href="assembly.xml#initCommonProps"/>
  </connections>
  <connections type="routesTo">
    <source href="assembly.xml#getPayGroupData"/>
    <target href="assembly.xml#PaymentPriority"/>
  </connections>
  <connections type="routesTo" sourceAnchorX="0.9084507042253521" sourceAnchorY="0.472" targetAnchorX="0.24074074074074073" targetAnchorY="0.40540540540540543">
    <source href="assembly.xml#paymentPriorityVal"/>
    <target href="assembly.xml#call-OffCyclePayroll"/>
  </connections>
  <connections type="routesResponseTo">
    <source href="assembly.xml#PaymentPriority"/>
    <target href="assembly.xml#paymentPriorityVal"/>
  </connections>
  <connections type="routesResponseTo">
    <source href="assembly.xml#call-processInputFile"/>
    <target href="assembly.xml#call-finalizeLog"/>
  </connections>
  <connections type="routesTo" sourceAnchorX="0.5815217391304348" sourceAnchorY="1.0" targetAnchorX="0.3263157894736842" targetAnchorY="0.1092896174863388">
    <source href="assembly.xml#processOffCyclePayroll"/>
    <target href="assembly.xml#intializeData"/>
  </connections>
  <connections type="routesTo" sourceAnchorX="0.8588235294117647" sourceAnchorY="0.456" targetAnchorX="0.3582887700534759" targetAnchorY="0.5135135135135135">
    <source href="assembly.xml#ValidationModeOffCycle"/>
    <target href="assembly.xml#PayrollOffCyclePayment"/>
  </connections>
  <connections type="routesTo" sourceAnchorX="0.9543859649122807" sourceAnchorY="0.31693989071038253" targetAnchorX="0.07647058823529412" targetAnchorY="0.44">
    <source href="assembly.xml#intializeData"/>
    <target href="assembly.xml#ValidationModeOffCycle"/>
  </connections>
  <connections type="routesResponseTo">
    <source href="assembly.xml#call-finalizeLog"/>
    <target href="assembly.xml#IntegrationRecordCounts"/>
  </connections>
  <connections type="routesResponseTo" sourceAnchorX="0.49714285714285716" sourceAnchorY="0.7027027027027027" targetAnchorX="0.49693251533742333" targetAnchorY="0.2972972972972973">
    <source href="assembly.xml#IntegrationFailCounts"/>
    <target href="assembly.xml#PutIntegrationEvent"/>
  </connections>
  <connections type="routesResponseTo" sourceAnchorX="0.4827586206896552" sourceAnchorY="0.3783783783783784" targetAnchorX="0.49142857142857144" targetAnchorY="0.3783783783783784">
    <source href="assembly.xml#IntegrationSuccessCounts"/>
    <target href="assembly.xml#IntegrationFailCounts"/>
  </connections>
  <connections type="routesResponseTo" sourceAnchorX="0.49230769230769234" sourceAnchorY="0.40540540540540543" targetAnchorX="0.49261083743842365" targetAnchorY="0.21621621621621623">
    <source href="assembly.xml#IntegrationRecordCounts"/>
    <target href="assembly.xml#IntegrationSuccessCounts"/>
  </connections>
  <connections type="routesTo">
    <source href="assembly.xml#CloseBatch"/>
    <target href="assembly.xml#Agg.AllInputWorkers"/>
  </connections>
  <connections type="routesTo" sourceAnchorX="1.0" sourceAnchorY="0.29457364341085274" targetAnchorX="0.05217391304347826" targetAnchorY="0.21621621621621623">
    <source href="assembly.xml#InitRetrieveParams"/>
    <target href="assembly.xml#GetFile"/>
  </connections>
  <connections type="routesTo" sourceAnchorX="0.0" sourceAnchorY="0.2755102040816326" targetAnchorX="0.03333333333333333" targetAnchorY="0.29310344827586204">
    <source href="assembly.xml#VartoMsg"/>
    <target href="assembly.xml#StandardSplit"/>
  </connections>
  <connections type="routesResponseTo" sourceAnchorX="0.7419354838709677" sourceAnchorY="1.0" targetAnchorX="0.16" targetAnchorY="0.5675675675675675">
    <source href="assembly.xml#call-retrieveFile"/>
    <target href="assembly.xml#Call-CloseAgg"/>
  </connections>
  <connections type="routesTo" sourceAnchorX="0.640625" sourceAnchorY="1.0" targetAnchorX="0.060240963855421686" targetAnchorY="0.4881889763779528">
    <source href="assembly.xml#retrieveFile"/>
    <target href="assembly.xml#InitRetrieveParams"/>
  </connections>
  <connections type="routesTo" sourceAnchorX="0.5775862068965517" sourceAnchorY="1.0" targetAnchorX="0.23140495867768596" targetAnchorY="0.29239766081871343">
    <source href="assembly.xml#//@beans/@mixed.1/@splitter.1/@subRoute.0"/>
    <target href="assembly.xml#SplitContent"/>
  </connections>
  <connections type="routesTo" sourceAnchorX="0.8055555555555556" sourceAnchorY="1.0" targetAnchorX="0.15853658536585366" targetAnchorY="0.44565217391304346">
    <source href="assembly.xml#//@beans/@mixed.1/@route.1/@subRoute.0"/>
    <target href="assembly.xml#Header"/>
  </connections>
  <connections type="routesResponseTo" sourceAnchorX="0.5466666666666666" sourceAnchorY="1.0" targetAnchorX="0.08056872037914692" targetAnchorY="0.4594594594594595">
    <source href="assembly.xml#Call-CloseAgg"/>
    <target href="assembly.xml#call-retrieveWorkerData"/>
  </connections>
  <connections type="routesTo" sourceAnchorX="0.2471264367816092" sourceAnchorY="1.0" targetAnchorX="0.5522388059701493" targetAnchorY="0.33962264150943394">
    <source href="assembly.xml#CloseAuditAgg"/>
    <target href="assembly.xml#Aggregator"/>
  </connections>
  <connections type="routesTo" sourceAnchorX="0.9671052631578947" sourceAnchorY="0.6486486486486487" targetAnchorX="0.1488095238095238">
    <source href="assembly.xml#CriticalError"/>
    <target href="assembly.xml#SetCriticalErrorFlag"/>
  </connections>
  <connections type="routesTo" sourceAnchorX="0.914572864321608" sourceAnchorY="0.42857142857142855" targetAnchorX="0.01098901098901099" targetAnchorY="0.16216216216216217">
    <source href="assembly.xml#SetCriticalErrorFlag"/>
    <target href="assembly.xml#SendCriticalError"/>
  </connections>
  <connections type="routesResponseTo">
    <source href="assembly.xml#SendCriticalError"/>
    <target href="assembly.xml#AbortImportPayInputs"/>
  </connections>
  <connections type="routesTo" sourceAnchorX="0.5283018867924528" sourceAnchorY="1.0" targetAnchorX="0.5267857142857143" targetAnchorY="0.40540540540540543">
    <source href="assembly.xml#//@beans/@mixed.1/@mixed.71/@mixed.3"/>
    <target href="assembly.xml#CriticalRetrieveDocsError"/>
  </connections>
  <connections type="routesTo" sourceAnchorX="1.0" sourceAnchorY="0.2047244094488189" targetAnchorX="0.25" targetAnchorY="0.6216216216216216">
    <source href="assembly.xml#Request"/>
    <target href="assembly.xml#GetWorker"/>
  </connections>
  <connections type="routesTo" sourceAnchorX="0.7384615384615385" sourceAnchorY="1.0" targetAnchorX="0.2805755395683453" targetAnchorY="0.40540540540540543">
    <source href="assembly.xml#//@beans/@mixed.1/@mixed.107/@mixed.3"/>
    <target href="assembly.xml#Call-CleanID"/>
  </connections>
  <connections type="routesResponseTo" sourceAnchorX="0.41739130434782606" sourceAnchorY="1.0" targetAnchorX="0.19402985074626866" targetAnchorY="0.20652173913043478">
    <source href="assembly.xml#GetWorker"/>
    <target href="assembly.xml#WorkerResponse"/>
  </connections>
  <connections type="routesResponseTo" sourceAnchorX="0.7266187050359713" sourceAnchorY="1.0" targetAnchorX="0.625" targetAnchorY="0.6486486486486487">
    <source href="assembly.xml#Call-CleanID"/>
    <target href="assembly.xml#GetWorker"/>
  </connections>
  <connections type="routesTo" sourceAnchorX="0.0" sourceAnchorY="0.31521739130434784" targetAnchorX="0.3925233644859813" targetAnchorY="0.22727272727272727">
    <source href="assembly.xml#WorkerResponse"/>
    <target href="assembly.xml#SplitGetWorker"/>
  </connections>
  <connections type="routesTo" sourceAnchorX="1.0" sourceAnchorY="0.38235294117647056" targetAnchorX="0.41044776119402987" targetAnchorY="0.05434782608695652">
    <source href="assembly.xml#//@beans/@mixed.1/@splitter.2/@subRoute.0"/>
    <target href="assembly.xml#GetWorkerDetails"/>
  </connections>
  <connections type="routesTo" sourceAnchorX="0.6956521739130435" sourceAnchorY="1.0" targetAnchorX="0.0594059405940594" targetAnchorY="0.4645669291338583">
    <source href="assembly.xml#retrieveWorkerData"/>
    <target href="assembly.xml#Request"/>
  </connections>
  <connections type="routesTo" sourceAnchorX="1.0" sourceAnchorY="0.19333333333333333" targetAnchorX="0.4392523364485981" targetAnchorY="0.5583333333333333">
    <source href="assembly.xml#SyncMediation0"/>
    <target href="assembly.xml#Splitter20"/>
  </connections>
  <connections type="routesTo" sourceAnchorX="0.6382978723404256" sourceAnchorY="1.0" targetAnchorX="0.4" targetAnchorY="0.288">
    <source href="assembly.xml#//@beans/@mixed.1/@splitter.3/@subRoute.0"/>
    <target href="assembly.xml#DeleteInvalidID"/>
  </connections>
  <connections type="routesTo" sourceAnchorX="0.7355769230769231" sourceAnchorY="1.0" targetAnchorX="0.22624434389140272" targetAnchorY="0.32432432432432434">
    <source href="assembly.xml#//@beans/@mixed.1/@mixed.111/@mixed.5"/>
    <target href="assembly.xml#PutIntegrationMessage00"/>
  </connections>
  <connections type="routesTo" sourceAnchorX="0.4198473282442748" sourceAnchorY="1.0" targetAnchorX="0.6877828054298643" targetAnchorY="0.35135135135135137">
    <source href="assembly.xml#//@beans/@mixed.1/@mixed.109/@mixed.3"/>
    <target href="assembly.xml#PutIntegrationMessage00"/>
  </connections>
  <connections type="routesTo" sourceAnchorX="0.603448275862069" sourceAnchorY="1.0" targetAnchorX="0.05116279069767442" targetAnchorY="0.3422459893048128">
    <source href="assembly.xml#CleanInvalidEEids"/>
    <target href="assembly.xml#SyncMediation0"/>
  </connections>
  <connections type="routesTo" sourceAnchorX="1.0" sourceAnchorY="0.2641509433962264" targetAnchorX="0.1069182389937107" targetAnchorY="0.65625">
    <source href="assembly.xml#Agg.AllInputWorkers"/>
    <target href="assembly.xml#Store"/>
  </connections>
  <connections type="routesTo" sourceAnchorX="0.4564102564102564" sourceAnchorY="1.0" targetAnchorX="0.4827586206896552" targetAnchorY="0.5405405405405406">
    <source href="assembly.xml#//@beans/@mixed.1/@mixed.45/@mixed.3"/>
    <target href="assembly.xml#CriticalRetrieveDocsError0"/>
  </connections>
  <connections type="routesTo" sourceAnchorX="0.4753521126760563" sourceAnchorY="1.0" targetAnchorX="0.5833333333333334" targetAnchorY="0.43243243243243246">
    <source href="assembly.xml#//@beans/@mixed.1/@mixed.39/@mixed.3"/>
    <target href="assembly.xml#CriticalRetrieveDocsError00"/>
  </connections>
  <connections type="routesTo" sourceAnchorX="0.432258064516129" sourceAnchorY="1.0" targetAnchorX="0.8666666666666667" targetAnchorY="0.35135135135135137">
    <source href="assembly.xml#//@beans/@mixed.1/@mixed.33/@mixed.3"/>
    <target href="assembly.xml#CriticalRetrieveDocsError00"/>
  </connections>
  <connections type="routesTo" sourceAnchorX="0.8245614035087719" sourceAnchorY="1.0" targetAnchorX="0.05813953488372093" targetAnchorY="0.8108108108108109">
    <source href="assembly.xml#//@beans/@mixed.1/@mixed.125/@mixed.3"/>
    <target href="assembly.xml#SchemaError0"/>
  </connections>
  <connections type="routesTo" sourceAnchorX="0.7037037037037037" sourceAnchorY="1.0" targetAnchorX="0.11320754716981132" targetAnchorY="0.49606299212598426">
    <source href="assembly.xml#//@beans/@mixed.1/@route.1/@subRoute.2"/>
    <target href="assembly.xml#AsyncMediation40"/>
  </connections>
  <connections type="routesTo" sourceAnchorX="0.0" sourceAnchorY="0.6666666666666666" targetAnchorX="0.19753086419753085" targetAnchorY="0.7567567567567568">
    <source href="assembly.xml#//@beans/@mixed.1/@mixed.129/@mixed.3"/>
    <target href="assembly.xml#SchemaError"/>
  </connections>
  <connections type="routesTo" sourceAnchorX="0.9074074074074074" sourceAnchorY="1.0" targetAnchorX="0.08641975308641975" targetAnchorY="0.47244094488188976">
    <source href="assembly.xml#//@beans/@mixed.1/@route.1/@subRoute.1"/>
    <target href="assembly.xml#Schema"/>
  </connections>
  <connections type="routesTo" sourceAnchorX="1.0" sourceAnchorY="0.25984251968503935" targetAnchorX="0.06504065040650407" targetAnchorY="0.4645669291338583">
    <source href="assembly.xml#Schema"/>
    <target href="assembly.xml#AddEmp-Hashset"/>
  </connections>
  <connections type="routesTo" sourceAnchorX="1.0" sourceAnchorY="0.15748031496062992" targetAnchorX="0.034482758620689655" targetAnchorY="0.4716981132075472">
    <source href="assembly.xml#AddEmp-Hashset"/>
    <target href="assembly.xml#Agg.AllInputWorkers"/>
  </connections>
  <connections type="routesTo" sourceAnchorX="0.6551724137931034" sourceAnchorY="1.0" targetAnchorX="0.10344827586206896" targetAnchorY="0.5945945945945946">
    <source href="assembly.xml#//@beans/@mixed.1/@mixed.131/@mixed.3"/>
    <target href="assembly.xml#CriticalRetrieveDocsError2"/>
  </connections>
  <connections type="routesTo" sourceAnchorX="0.5866666666666667" sourceAnchorY="1.0" targetAnchorX="0.027777777777777776" targetAnchorY="0.2992125984251969">
    <source href="assembly.xml#writeAuditRow"/>
    <target href="assembly.xml#AsyncMediation2"/>
  </connections>
  <connections type="routesTo" sourceAnchorX="0.32057416267942584" sourceAnchorY="1.0" targetAnchorX="0.4840764331210191" targetAnchorY="0.3783783783783784">
    <source href="assembly.xml#//@beans/@mixed.1/@mixed.133/@mixed.3"/>
    <target href="assembly.xml#AuditLineError1"/>
  </connections>
  <connections type="routesTo" sourceAnchorX="1.0" sourceAnchorY="0.1889763779527559" targetAnchorX="0.16666666666666666" targetAnchorY="0.44339622641509435">
    <source href="assembly.xml#AsyncMediation2"/>
    <target href="assembly.xml#Aggregator"/>
  </connections>
  <connections type="routesTo" sourceAnchorX="1.0" sourceAnchorY="0.330188679245283" targetAnchorX="0.12626262626262627" targetAnchorY="0.3937007874015748">
    <source href="assembly.xml#Aggregator"/>
    <target href="assembly.xml#AsyncMediation3"/>
  </connections>
  <connections type="routesTo" sourceAnchorX="1.0" sourceAnchorY="0.15748031496062992" targetAnchorX="0.2740740740740741" targetAnchorY="0.7567567567567568">
    <source href="assembly.xml#AsyncMediation3"/>
    <target href="assembly.xml#PutAuditLog"/>
  </connections>
  <connections type="routesTo" sourceAnchorX="0.3036649214659686" sourceAnchorY="1.0" targetAnchorX="0.8471337579617835" targetAnchorY="0.5675675675675675">
    <source href="assembly.xml#//@beans/@mixed.1/@mixed.135/@mixed.3"/>
    <target href="assembly.xml#AuditLineError1"/>
  </connections>
  <connections type="routesTo" sourceAnchorX="1.0" sourceAnchorY="0.4594594594594595" targetAnchorX="0.19895287958115182" targetAnchorY="0.40540540540540543">
    <source href="assembly.xml#//@beans/@mixed.1/@mixed.141"/>
    <target href="assembly.xml#GlobalErrorMessage"/>
  </connections>
  <connections type="routesResponseTo" sourceAnchorX="0.9424083769633508" sourceAnchorY="0.3783783783783784" targetAnchorX="0.0058823529411764705" targetAnchorY="0.35135135135135137">
    <source href="assembly.xml#GlobalErrorMessage"/>
    <target href="assembly.xml#PutCriticalEvent"/>
  </connections>
  <connections type="routesTo" sourceAnchorX="0.7354260089686099" sourceAnchorY="1.0" targetAnchorX="0.09883720930232558" targetAnchorY="0.6216216216216216">
    <source href="assembly.xml#CallFileDataFetcherror"/>
    <target href="assembly.xml#CallAuditLine0"/>
  </connections>
  <connections type="routesTo" sourceAnchorX="0.48936170212765956" sourceAnchorY="1.0" targetAnchorX="0.5608465608465608" targetAnchorY="0.25">
    <source href="assembly.xml#//@beans/@mixed.1/@mixed.21/@mixed.3"/>
    <target href="assembly.xml#CallFileDataFetcherror"/>
  </connections>
  <connections type="routesTo" sourceAnchorX="0.8538011695906432" sourceAnchorY="1.0" targetAnchorX="0.5298804780876494" targetAnchorY="0.21621621621621623">
    <source href="assembly.xml#//@beans/@mixed.1/@mixed.149/@mixed.3"/>
    <target href="assembly.xml#PutIntegrationMessage0"/>
  </connections>
  <connections type="routesTo" sourceAnchorX="1.0" sourceAnchorY="0.14960629921259844" targetAnchorX="0.272108843537415" targetAnchorY="0.5945945945945946">
    <source href="assembly.xml#AsyncMediation1"/>
    <target href="assembly.xml#call-writeAudit"/>
  </connections>
  <connections type="routesResponseTo" sourceAnchorX="0.6990740740740741" sourceAnchorY="1.0" targetAnchorX="0.059602649006622516" targetAnchorY="0.5275590551181102">
    <source href="assembly.xml#PayrollOffCyclePayment"/>
    <target href="assembly.xml#AsyncMediation1"/>
  </connections>
  <connections type="routesTo" sourceAnchorX="0.7354260089686099" sourceAnchorY="1.0" targetAnchorX="0.09883720930232558" targetAnchorY="0.6216216216216216">
    <source href="assembly.xml#CallFileDataFetcherror0"/>
    <target href="assembly.xml#CallAuditLine00"/>
  </connections>
  <connections type="routesTo" sourceAnchorX="0.7692307692307693" sourceAnchorY="1.0" targetAnchorX="0.8781725888324873" targetAnchorY="0.19791666666666666">
    <source href="assembly.xml#//@beans/@mixed.1/@mixed.43/@mixed.3"/>
    <target href="assembly.xml#CallFileDataFetcherror0"/>
  </connections>
  <connections type="routesTo" sourceAnchorX="1.0" sourceAnchorY="0.2283464566929134" targetAnchorX="0.2360248447204969" targetAnchorY="0.6770833333333334">
    <source href="assembly.xml#initCommonProps"/>
    <target href="assembly.xml#AsyncMediation"/>
  </connections>
  <connections type="routesTo" sourceAnchorX="1.0" sourceAnchorY="0.17708333333333334" targetAnchorX="0.23645320197044334" targetAnchorY="0.49606299212598426">
    <source href="assembly.xml#AsyncMediation"/>
    <target href="assembly.xml#getPayGroupData"/>
  </connections>
  <connections type="routesTo" sourceAnchorX="0.7354260089686099" sourceAnchorY="1.0" targetAnchorX="0.09883720930232558" targetAnchorY="0.6216216216216216">
    <source href="assembly.xml#CallFileDataFetcherror00"/>
    <target href="assembly.xml#CallAuditLine000"/>
  </connections>
  <connections type="routesTo" sourceAnchorX="1.0" sourceAnchorY="0.7333333333333333" targetAnchorX="0.7073170731707317" targetAnchorY="0.11458333333333333">
    <source href="assembly.xml#//@beans/@mixed.1/@mixed.159/@mixed.3"/>
    <target href="assembly.xml#CallFileDataFetcherror00"/>
  </connections>
  <connections type="routesTo" sourceAnchorX="0.7424749163879598" sourceAnchorY="1.0" targetAnchorX="0.0582010582010582" targetAnchorY="0.4791666666666667">
    <source href="assembly.xml#//@beans/@mixed.1/@mixed.23/@mixed.5"/>
    <target href="assembly.xml#CallFileDataFetcherror"/>
  </connections>
  <connections type="routesTo" sourceAnchorX="0.5196078431372549" sourceAnchorY="1.0" targetAnchorX="0.37254901960784315" targetAnchorY="0.5135135135135135">
    <source href="assembly.xml#//@beans/@mixed.1/@mixed.65/@mixed.3"/>
    <target href="assembly.xml#VarToMsgError"/>
  </connections>
  <connections type="routesTo" sourceAnchorX="0.5266666666666666" sourceAnchorY="1.0" targetAnchorX="0.24017467248908297" targetAnchorY="0.43243243243243246">
    <source href="assembly.xml#//@beans/@mixed.1/@mixed.101/@mixed.3"/>
    <target href="assembly.xml#GetWorkerResponseError"/>
  </connections>
  <connections type="routesTo" sourceAnchorX="0.7526315789473684" sourceAnchorY="1.0" targetAnchorX="0.2018348623853211" targetAnchorY="0.5196850393700787">
    <source href="assembly.xml#//@beans/@mixed.1/@route.0/@subRoute.0"/>
    <target href="assembly.xml#VartoMsg"/>
  </connections>
  <connections type="routesTo" sourceAnchorX="0.4644808743169399" sourceAnchorY="1.0" targetAnchorX="0.625" targetAnchorY="0.6756756756756757">
    <source href="assembly.xml#//@beans/@mixed.1/@mixed.169/@mixed.3"/>
    <target href="assembly.xml#CriticalRetrieveDocsError1"/>
  </connections>
  <connections type="routesResponseTo" sourceAnchorX="0.6504854368932039" sourceAnchorY="1.0" targetAnchorX="0.10526315789473684" targetAnchorY="0.5669291338582677">
    <source href="assembly.xml#GetFile"/>
    <target href="assembly.xml#CheckFileRetrieved"/>
  </connections>
  <connections type="routesTo" sourceAnchorX="1.0" sourceAnchorY="0.1889763779527559" targetAnchorX="0.31527093596059114" targetAnchorY="0.2804878048780488">
    <source href="assembly.xml#CheckFileRetrieved"/>
    <target href="assembly.xml#RetrieveInputDocuments"/>
  </connections>
  <connections type="routesTo" sourceAnchorX="1.0" sourceAnchorY="0.3125" targetAnchorX="0.11920529801324503" targetAnchorY="0.6145833333333334">
    <source href="assembly.xml#Store"/>
    <target href="assembly.xml#AsyncMediation0"/>
  </connections>
  <connections type="routesTo" sourceAnchorX="0.6041666666666666" sourceAnchorY="1.0" targetAnchorX="0.08609271523178808" targetAnchorY="0.7065217391304348">
    <source href="assembly.xml#//@beans/@mixed.1/@mixed.171/@mixed.3"/>
    <target href="assembly.xml#AsyncMediation4"/>
  </connections>
  <connections type="routesTo" sourceAnchorX="1.0" sourceAnchorY="0.25" targetAnchorX="0.17937219730941703" targetAnchorY="0.5405405405405406">
    <source href="assembly.xml#AsyncMediation4"/>
    <target href="assembly.xml#RaiseWarningNoRecords"/>
  </connections>
  <swimlanes x="80" y="6" bgColor="8454143" name="Swimlane" orientation="VERTICAL">
    <elements href="assembly.xml#StartHere"/>
    <elements href="assembly.xml#InitializingParameters"/>
    <elements href="assembly.xml#error-initialization"/>
    <elements href="assembly.xml#validationModeEnabled"/>
    <elements href="assembly.xml#call-retrieveFile"/>
    <elements href="assembly.xml#Call-CloseAgg"/>
    <elements href="assembly.xml#call-retrieveWorkerData"/>
    <elements href="assembly.xml#call-processInputFile"/>
    <elements href="assembly.xml#call-finalizeLog"/>
    <elements href="assembly.xml#IntegrationRecordCounts"/>
    <elements href="assembly.xml#IntegrationSuccessCounts"/>
    <elements href="assembly.xml#IntegrationFailCounts"/>
    <elements href="assembly.xml#PutIntegrationEvent"/>
  </swimlanes>
  <swimlanes x="462" y="21" bgColor="8454016" name="Swimlane">
    <elements href="assembly.xml#retrieveFile"/>
    <elements href="#//@swimlanes.2"/>
    <elements href="assembly.xml#GetFile"/>
    <elements href="#//@swimlanes.4"/>
    <elements href="assembly.xml#RetrieveInputDocuments"/>
    <elements href="#//@swimlanes.26"/>
    <elements href="assembly.xml#StandardSplit"/>
    <elements href="assembly.xml#SplitContent"/>
    <elements href="#//@swimlanes.3"/>
    <elements href="#//@swimlanes.21"/>
    <elements href="#//@swimlanes.22"/>
    <elements href="assembly.xml#Store"/>
    <elements href="assembly.xml#AsyncMediation0"/>
    <elements href="assembly.xml#AsyncMediation4"/>
    <elements href="assembly.xml#RaiseWarningNoRecords"/>
  </swimlanes>
  <swimlanes x="659" y="580" name="Swimlane" orientation="VERTICAL">
    <elements href="assembly.xml#InitRetrieveParams"/>
    <elements href="assembly.xml#CriticalRetrieveDocsError"/>
  </swimlanes>
  <swimlanes x="2160" y="665" name="Swimlane" orientation="VERTICAL">
    <elements href="assembly.xml#Header"/>
    <elements href="assembly.xml#Schema"/>
    <elements href="assembly.xml#SchemaError"/>
    <elements href="assembly.xml#AsyncMediation40"/>
    <elements href="assembly.xml#SchemaError0"/>
  </swimlanes>
  <swimlanes x="1278" y="556" name="Swimlane" orientation="VERTICAL">
    <elements href="assembly.xml#CheckFileRetrieved"/>
    <elements href="assembly.xml#CriticalRetrieveDocsError1"/>
  </swimlanes>
  <swimlanes x="440" y="2635" bgColor="8421631" name="Swimlane">
    <elements href="assembly.xml#CriticalError"/>
    <elements href="assembly.xml#SetCriticalErrorFlag"/>
    <elements href="assembly.xml#SendCriticalError"/>
    <elements href="assembly.xml#AbortImportPayInputs"/>
  </swimlanes>
  <swimlanes x="474" y="703" bgColor="16777088" name="Swimlane">
    <elements href="assembly.xml#retrieveWorkerData"/>
    <elements href="#//@swimlanes.11"/>
    <elements href="#//@swimlanes.12"/>
    <elements href="#//@swimlanes.13"/>
  </swimlanes>
  <swimlanes x="474" y="1016" bgColor="12615808" name="Swimlane">
    <elements href="assembly.xml#CleanInvalidEEids"/>
    <elements href="assembly.xml#SyncMediation0"/>
    <elements href="#//@swimlanes.14"/>
    <elements href="assembly.xml#DeleteInvalidID"/>
  </swimlanes>
  <swimlanes x="474" y="1397" bgColor="8421631" name="Process Input File">
    <elements href="assembly.xml#processInputFile"/>
    <elements href="#//@swimlanes.9"/>
    <elements href="assembly.xml#splitterInputFileData"/>
    <elements href="#//@swimlanes.24"/>
    <elements href="#//@swimlanes.25"/>
    <elements href="#//@swimlanes.10"/>
    <elements href="assembly.xml#PaymentPriority"/>
    <elements href="assembly.xml#paymentPriorityVal"/>
    <elements href="assembly.xml#call-OffCyclePayroll"/>
  </swimlanes>
  <swimlanes x="757" y="1234" name="Swimlane" orientation="VERTICAL">
    <elements href="assembly.xml#initializeInputFileProcess"/>
    <elements href="assembly.xml#CriticalRetrieveDocsError0"/>
  </swimlanes>
  <swimlanes x="1990" y="1394" name="Swimlane" orientation="VERTICAL">
    <elements href="assembly.xml#getPayGroupData"/>
    <elements href="assembly.xml#CriticalRetrieveDocsError00"/>
  </swimlanes>
  <swimlanes x="436" y="475" bgColor="16777215" name="GetWorker Request and Error Log" orientation="VERTICAL" alignment="MIDDLE">
    <elements href="assembly.xml#Request"/>
  </swimlanes>
  <swimlanes x="715" y="487" bgColor="16777215" name="Swimlane" orientation="VERTICAL">
    <elements href="assembly.xml#GetWorker"/>
    <elements href="assembly.xml#Call-CleanID"/>
  </swimlanes>
  <swimlanes x="914" y="457" bgColor="16777215" fgColor="12320699" name="" alignment="MIDDLE" topBorderColor="12320699">
    <elements href="assembly.xml#WorkerResponse"/>
    <elements href="assembly.xml#SplitGetWorker"/>
    <elements href="assembly.xml#GetWorkerDetails"/>
  </swimlanes>
  <swimlanes x="765" y="1089" font="Arial|10|1" bgColor="16777215" fgColor="12320699" fontColor="1" name="Split by each invalid record" orientation="VERTICAL" alignment="MIDDLE" topBorderColor="4194368">
    <elements href="assembly.xml#Splitter20"/>
    <elements href="assembly.xml#PutIntegrationMessage00"/>
  </swimlanes>
  <swimlanes x="446" y="1778" bgColor="12615808" name="Loading Manual Offcycle Payoll Payment">
    <elements href="assembly.xml#processOffCyclePayroll"/>
    <elements href="#//@swimlanes.23"/>
    <elements href="#//@swimlanes.16"/>
    <elements href="assembly.xml#PayrollOffCyclePayment"/>
    <elements href="assembly.xml#AsyncMediation1"/>
    <elements href="assembly.xml#PutIntegrationMessage0"/>
    <elements href="assembly.xml#call-writeAudit"/>
  </swimlanes>
  <swimlanes x="1096" y="1556" name="Swimlane" orientation="VERTICAL">
    <elements href="assembly.xml#ValidationModeOffCycle"/>
    <elements href="assembly.xml#CallFileDataFetcherror"/>
    <elements href="assembly.xml#CallAuditLine0"/>
  </swimlanes>
  <swimlanes x="453" y="2313" bgColor="65535" name="Swimlane">
    <elements href="assembly.xml#writeAuditRow"/>
    <elements href="#//@swimlanes.18"/>
    <elements href="#//@swimlanes.19"/>
    <elements href="assembly.xml#AsyncMediation3"/>
    <elements href="assembly.xml#PutAuditLog"/>
  </swimlanes>
  <swimlanes x="681" y="1859" name="Swimlane" orientation="VERTICAL">
    <elements href="assembly.xml#AsyncMediation2"/>
    <elements href="assembly.xml#AuditLineError1"/>
  </swimlanes>
  <swimlanes x="942" y="1875" name="Swimlane" orientation="VERTICAL">
    <elements href="assembly.xml#CloseAuditAgg"/>
    <elements href="assembly.xml#Aggregator"/>
  </swimlanes>
  <swimlanes x="446" y="2833" bgColor="149" name="Global Error Handler">
    <elements href="assembly.xml#//@beans/@mixed.1/@mixed.141"/>
    <elements href="assembly.xml#GlobalErrorMessage"/>
    <elements href="assembly.xml#PutCriticalEvent"/>
  </swimlanes>
  <swimlanes x="2121" y="132" name="Swimlane" orientation="VERTICAL">
    <elements href="assembly.xml#AddEmp-Hashset"/>
    <elements href="assembly.xml#CriticalRetrieveDocsError2"/>
  </swimlanes>
  <swimlanes x="2538" y="170" name="Swimlane" orientation="VERTICAL">
    <elements href="assembly.xml#CloseBatch"/>
    <elements href="assembly.xml#Agg.AllInputWorkers"/>
  </swimlanes>
  <swimlanes x="686" y="1824" name="Swimlane" orientation="VERTICAL">
    <elements href="assembly.xml#intializeData"/>
  </swimlanes>
  <swimlanes x="1129" y="1535" name="Swimlane" orientation="VERTICAL">
    <elements href="assembly.xml#initCommonProps"/>
    <elements href="assembly.xml#CallFileDataFetcherror0"/>
    <elements href="assembly.xml#CallAuditLine00"/>
  </swimlanes>
  <swimlanes x="1450" y="1536" name="Swimlane" orientation="VERTICAL">
    <elements href="assembly.xml#AsyncMediation"/>
    <elements href="assembly.xml#CallFileDataFetcherror00"/>
    <elements href="assembly.xml#CallAuditLine000"/>
  </swimlanes>
  <swimlanes x="1639" y="223" name="Swimlane" orientation="VERTICAL">
    <elements href="assembly.xml#VartoMsg"/>
    <elements href="assembly.xml#VarToMsgError"/>
  </swimlanes>
</wdnm:Diagram>
