<?xml version="1.0" encoding="UTF-8"?>
<beans
     xmlns="http://www.springframework.org/schema/beans"
     xmlns:beans="http://www.springframework.org/schema/beans"
     xmlns:atom="http://www.w3.org/2005/Atom"
     xmlns:cc="http://www.capeclear.com/assembly/10"
     xmlns:cloud="urn:com.workday/esb/cloud/10.0"
     xmlns:env="http://schemas.xmlsoap.org/soap/envelope/"
     xmlns:pi="urn:com.workday/picof"
     xmlns:wd="urn:com.workday/bsvc"
     xmlns:xsi="http://www.w3.org/2001/XMLSchema-instance">
 
	<cc:assembly id="WorkdayAssembly" version="2019.6">
        <cc:local-out id="Call_Process_File" store-message="none" routes-response-to="Call_Store_File" endpoint="vm://INT0007_BMO_Cost_Center_Inbound/Process_File"/>
        <cc:local-out id="PIMCopyError" endpoint="vm://wcc/PutIntegrationMessage">
            <cc:set name="is.message.severity" value="'WARNING'"/>
            <cc:set name="is.message.summary" value="'Empty file retrieved.' + context.errorMessage"/>
            <cc:set name="is.message.detail" value="context.errorMessage"/>
        </cc:local-out>
        <cc:async-mediation id="CopyFile" routes-to="Call_Process_File" handle-downstream-errors="true">
            <cc:steps>
                <cc:validate-exp id="CheckEmptyFile">
                    <cc:expression failure-message="The input file has no data to process.">vars['file.inbound'].length != 0</cc:expression>
                </cc:validate-exp>
            </cc:steps>
            <cc:send-error id="SendError" rethrow-error="false" routes-to="PIMCopyError"/>
        </cc:async-mediation>
        <cc:route id="FiletoVar">
            <cc:doc-iterator variable-name="file.inbound"/>
            <cc:sub-route name="EachFile" routes-to="CopyFile"/>
        </cc:route>
        <cc:local-out id="PIMFileError" endpoint="vm://wcc/PutIntegrationMessage">
            <cc:set name="is.message.severity" value="'CRITICAL'"/>
            <cc:set name="is.message.summary" value="'Error occured during file retrieval.' +  context.errorMessage"/>
            <cc:set name="is.message.detail" value="context.errorMessage"/>
        </cc:local-out>
        <cc:async-mediation id="File_Count" routes-to="FiletoVar" handle-downstream-errors="true">
            <cc:steps>
                <cc:validate-exp id="CheckFileCount">
                    <cc:expression failure-message="There were no files on the SFTP site that matches the file name pattern configured in the document retrieval step.   Please make sure the file is in the correct folder.">da.size() > 0</cc:expression>
                </cc:validate-exp>
            </cc:steps>
            <cc:send-error id="SendError" rethrow-error="false" routes-to="PIMFileError"/>
        </cc:async-mediation>
        <cc:local-out id="GetEventDocuments" routes-response-to="File_Count" endpoint="vm://wcc/GetEventDocuments">
            <cc:set name="ie.event.wid" value="lp.isSet() ? lp.getIntegrationEventWID() : null"/>
        </cc:local-out>
        <cc:workday-in id="StartHere" routes-to="GetEventDocuments">
            <cc:integration-system name="INT0007 - BMO Cost Center and BOD Cost Center Hierarchy Inbound">
        <cloud:param name="Validate Only Mode">
          <cloud:type>
            <cloud:simple-type>boolean</cloud:simple-type>
          </cloud:type>
        </cloud:param>
        <cloud:param name="Company_Hierarchy">
          <cloud:type>
            <cloud:class-report-field description="Company Hierarchy" type="WID" singular="true">d99cf51693cd1000190c6b7c7d8e0038</cloud:class-report-field>
          </cloud:type>
        </cloud:param>
        <cloud:attribute-map-service name="INT0007_Attribute_Svc">
          <cloud:attribute name="Default Superior Org for Cost Center">
            <cloud:type>
              <cloud:class-report-field description="Cost Center Hierarchy" type="WID" singular="true">ffc5866bca6f100018aa520b1d9e004f</cloud:class-report-field>
            </cloud:type>
          </cloud:attribute>
          <cloud:attribute name="Organization Type Name">
            <cloud:type>
              <cloud:simple-type>text</cloud:simple-type>
            </cloud:type>
          </cloud:attribute>
          <cloud:attribute name="Organization Sub Type Name">
            <cloud:type>
              <cloud:simple-type>text</cloud:simple-type>
            </cloud:type>
          </cloud:attribute>
          <cloud:attribute name="Cost Center Hierarchy Visibility">
            <cloud:type>
              <cloud:class-report-field description="Visibility" type="WID" singular="true">d479aa7ab87247129a7ccff18d29b6e7</cloud:class-report-field>
            </cloud:type>
          </cloud:attribute>
          <cloud:attribute name="Cost Center Visibility">
            <cloud:type>
              <cloud:class-report-field description="Visibility" type="WID" singular="true">d479aa7ab87247129a7ccff18d29b6e7</cloud:class-report-field>
            </cloud:type>
          </cloud:attribute>
          <cloud:attribute name="Organization Sub Type">
            <cloud:type>
              <cloud:class-report-field description="Cost Center - Organization Subtype" type="WID" singular="false">2f6a006b57b24bb398e81c99f2b48bc8</cloud:class-report-field>
            </cloud:type>
          </cloud:attribute>
          <cloud:attribute name="Organization Type">
            <cloud:type>
              <cloud:class-report-field description="Organization Type" type="WID" singular="true">9281fa55ec701000088d9b560f226a54</cloud:class-report-field>
            </cloud:type>
          </cloud:attribute>
        </cloud:attribute-map-service>
      </cc:integration-system>
        </cc:workday-in>
        <cc:local-in id="Process_File" routes-to="Prepare_Data"/>
        <cc:async-mediation id="Prepare_Data" routes-to="Call_Get_CCH" handle-downstream-errors="true">
            <cc:steps>
                <cc:eval id="Dates"><cc:expression>props['current.datetime'] = util.currentDateTimeAsString()</cc:expression>
                    <cc:expression>props['p.date.parse'] = new java.text.SimpleDateFormat(&quot;yyyy-MM-dd&quot;).parse(props['current.datetime'])</cc:expression>
                    <cc:expression>props['p.date.formatted'] = new java.text.SimpleDateFormat(&quot;yyyy-MM-dd&quot;).format(props['p.date.parse'])</cc:expression>
                    <cc:expression>props['p.dateTime.parse'] = new java.text.SimpleDateFormat(&quot;yyyy-MM-dd'T'HH:mm:ss&quot;).parse(props['current.datetime'])</cc:expression>
                    <cc:expression>props['p.dateTime.formatted'] = new java.text.SimpleDateFormat(&quot;yyyy-MM-dd'T'HH:mm:ss&quot;).format(props['p.dateTime.parse'])</cc:expression></cc:eval>
                <cc:eval id="Init">
                    <cc:expression>props['CCHHashMap'] = new java.util.HashMap()</cc:expression>
                    <cc:expression>props['CCHashMap'] = new java.util.HashMap()</cc:expression>
                    <cc:expression>props['WIDHashMap'] = new java.util.HashMap()</cc:expression>
                    <cc:expression>props['audit.log']= new java.lang.StringBuffer()</cc:expression>
                    <cc:expression>props['ValidateOnly'] = lp.getSimpleData('Validate Only Mode') == true?1:0</cc:expression>
                    <cc:expression>props['Org_Type_Name'] = intsys.getAttribute('Organization Type Name')</cc:expression>
                    <cc:expression>props['Org_Subtype_Name'] = intsys.getAttribute('Organization Sub Type Name')</cc:expression>
                    <cc:expression>props['Org_Type'] = intsys.getAttributeReferenceData('Organization Type', 'Organization_Type_ID')</cc:expression>
                    <cc:expression>props['Org_Subtype'] = intsys.getAttributeReferenceData('Organization Sub Type', 'Organization_Subtype_ID')</cc:expression>
                    <cc:expression>props['CCH_Visibility'] = intsys.getAttribute('Cost Center Hierarchy Visibility')</cc:expression>
                    <cc:expression>props['CC_Visibility'] = intsys.getAttributeReferenceData('Cost Center Visibility', 'WID')</cc:expression>
                    <cc:expression>props['Def_Suporg'] = intsys.getAttributeReferenceData('Default Superior Org for Cost Center', 'Organization_Reference_ID')</cc:expression>
                    <cc:expression>props['totalCCHpages'] = 100</cc:expression>
                    <cc:expression>props['totalCCpages'] = 100</cc:expression>
                    <cc:expression>props['Rec_Received'] = 0</cc:expression>
                    <cc:expression>props['Rec_Processed'] = 0</cc:expression>
                    <cc:expression>props['Rec_Error'] = 0</cc:expression>
                    <cc:expression>props['Rec_Bypassed'] = 0</cc:expression>
                    <cc:expression>props['In_Company_H'] = lp.getReferenceData('Company_Hierarchy', 'Organization_Reference_ID')</cc:expression>
                </cc:eval>
                <cc:log id="Log1">
                    <cc:log-message>
                        <cc:text>----before csvtoxml---&#xD;
props['ValidateOnly']---@{props['ValidateOnly']}----&#xD;
props['Org_Type_Name']----@{props['Org_Type_Name']}----&#xD;
props['Org_Subtype_Name']----@{props['Org_Subtype_Name']}-----&#xD;
props['Org_Type']----@{props['Org_Type']}---&#xD;
props['Org_Subtype']----@{props['Org_Subtype']}----&#xD;
props['CCH_Visibility']---@{props['CCH_Visibility']}----&#xD;
props['CC_Visibility']----@{props['CC_Visibility']}---&#xD;
props['Def_Suporg']---@{props['Def_Suporg']}---&#xD;
</cc:text>
                    </cc:log-message>
                </cc:log>
                <cc:csv-to-xml id="CsvToXml" input="variable" input-variable="file.inbound" format="rfc4180" separator="|" useFirstLineAsHeader="'true'"/>
                <cc:log id="Log">
                    <cc:log-message>
                        <cc:text>-------After csvtoxml------&#xD;
&#xD;
&#xD;
</cc:text>
                        <cc:message-content/>
                        <cc:text>&#xD;
-------End---------&#xD;
</cc:text>
                    </cc:log-message>
                </cc:log>
                <cc:xslt-plus id="XsltPlus" output="variable" output-variable="file.active.var" url="Sort_Active_Orgs.xsl"/>
                <cc:log id="Log0">
                    <cc:log-message>
                        <cc:text>-----After active sort-----&#xD;
@{vars['file.active.var'].text}&#xD;
--------End of vars-----&#xD;
</cc:text>
                        <cc:text>&#xD;
------End----------&#xD;
</cc:text>
                    </cc:log-message>
                </cc:log>
                <cc:xslt-plus id="XsltPlus0" output="variable" output-variable="file.inactive.var" url="Sort_Inactive_Orgs.xsl"/>
                <cc:log id="Log00">
                    <cc:log-message>
                        <cc:text>-----After inactive sort-----&#xD;
@{vars['file.inactive.var'].text}&#xD;
--------End of vars-----&#xD;
</cc:text>
                        <cc:text>&#xD;
------End----------&#xD;
</cc:text>
                    </cc:log-message>
                </cc:log>
            </cc:steps>
            <cc:send-error id="SendError" rethrow-error="false" routes-to="PIMCsvtoxmlError"/>
        </cc:async-mediation>
        <cc:local-out id="PIMCsvtoxmlError" endpoint="vm://wcc/PutIntegrationMessage">
            <cc:set name="is.message.severity" value="'ERROR'"/>
            <cc:set name="is.message.summary" value="'Error occured during converting csvtoxml or during sorting in xslt.' +  context.errorMessage"/>
            <cc:set name="is.message.detail" value="context.errorMessage"/>
        </cc:local-out>
        <cc:local-out id="Call_Get_CCH" store-message="none" routes-response-to="Call_Get_CC" endpoint="vm://INT0007_BMO_Cost_Center_Inbound/Get_CCH"/>
        <cc:local-in id="Get_CCH" routes-to="Get_Orgs_Request"/>
        <cc:async-mediation id="Get_Orgs_Request" routes-to="PagedGet" handle-downstream-errors="true">
            <cc:steps>
                <cc:write id="Write">
                    <cc:message>
                        <cc:text>&lt;?xml version=&quot;1.0&quot; encoding=&quot;UTF-8&quot;?>&#xD;
&lt;env:Envelope&#xD;
    xmlns:env=&quot;http://schemas.xmlsoap.org/soap/envelope/&quot;&#xD;
    xmlns:xsd=&quot;http://www.w3.org/2001/XMLSchema&quot;>&#xD;
    &lt;env:Body>&#xD;
        &lt;wd:Get_Organizations_Request xmlns:wd=&quot;urn:com.workday/bsvc&quot; wd:version=&quot;v32.1&quot;>&#xD;
            &lt;wd:Request_Criteria>&#xD;
                &lt;wd:Organization_Type_Reference>&#xD;
                    &lt;wd:ID wd:type=&quot;Organization_Type_ID&quot;>@{props['Org_Type']}&lt;/wd:ID>&#xD;
                &lt;/wd:Organization_Type_Reference>&#xD;
                &lt;wd:Include_Inactive>true&lt;/wd:Include_Inactive>&#xD;
            &lt;/wd:Request_Criteria>&#xD;
            &lt;wd:Response_Filter>&#xD;
                &lt;wd:As_Of_Effective_Date>@{props['p.date.formatted']}&lt;/wd:As_Of_Effective_Date>&#xD;
                &lt;wd:As_Of_Entry_DateTime>@{props['p.dateTime.formatted']}&lt;/wd:As_Of_Entry_DateTime>&#xD;
              &lt;wd:Count>999&lt;/wd:Count>&#xD;
            &lt;/wd:Response_Filter>&#xD;
            &lt;wd:Response_Group>&#xD;
                &lt;wd:Include_Roles_Data>false&lt;/wd:Include_Roles_Data>&#xD;
                &lt;wd:Include_Hierarchy_Data>true&lt;/wd:Include_Hierarchy_Data>&#xD;
                &lt;wd:Include_Supervisory_Data>true&lt;/wd:Include_Supervisory_Data>&#xD;
                &lt;wd:Include_Staffing_Restrictions_Data>false&lt;/wd:Include_Staffing_Restrictions_Data>&#xD;
            &lt;/wd:Response_Group>&#xD;
        &lt;/wd:Get_Organizations_Request>&#xD;
    &lt;/env:Body>&#xD;
&lt;/env:Envelope></cc:text>
                    </cc:message>
                </cc:write>
                <cc:wrap-soap id="WrapSoap"/>
                <cc:log id="Log">
                    <cc:log-message>
                        <cc:text>---no of cch loops----&#xD;
props['currpage']----@{props['currpage']}----&#xD;
props['totalCCHpages']----@{props['totalCCHpages']}----&#xD;
&#xD;
&#xD;
</cc:text>
                    </cc:log-message>
                </cc:log>
            </cc:steps>
            <cc:send-error id="SendError" rethrow-error="false" routes-to="PIMGetOrgsError"/>
        </cc:async-mediation>
        <cc:local-out id="PIMGetOrgsError" endpoint="vm://wcc/PutIntegrationMessage">
            <cc:set name="is.message.severity" value="'ERROR'"/>
            <cc:set name="is.message.summary" value="'Error occured while creating web service request for Get Orgs.' +  context.errorMessage"/>
            <cc:set name="is.message.detail" value="context.errorMessage"/>
        </cc:local-out>
        <cc:splitter id="Split_CCH" no-split-message-error="false">
            <cc:sub-route name="SubRoute" routes-to="Fill_CCH_Hashmap"/>
            <cc:xml-stream-splitter xpath="/env:Envelope/env:Body/wd:Get_Organizations_Response/wd:Response_Data/wd:Organization"/>
        </cc:splitter>
        <cc:local-out id="PIMHashError" endpoint="vm://wcc/PutIntegrationMessage">
            <cc:set name="is.message.severity" value="'ERROR'"/>
            <cc:set name="is.message.summary" value="'Error occured while loading Cost Center Hierarchy hashmap.' +  context.errorMessage"/>
            <cc:set name="is.message.detail" value="context.errorMessage"/>
        </cc:local-out>
        <cc:async-mediation id="Fill_CCH_Hashmap" handle-downstream-errors="true">
            <cc:steps>
                <cc:eval id="Eval">
                    <cc:expression>props['CCH_HashKey'] = parts[0].xpath('wd:Organization/wd:Organization_Reference/wd:ID[@wd:type=&quot;Organization_Reference_ID&quot;]')</cc:expression>
                    <cc:expression>props['CCHHashMap'].put(props['CCH_HashKey'],parts[0].text)</cc:expression>
                    <cc:expression>props['CCH_WID'] = parts[0].xpath('wd:Organization/wd:Organization_Reference/wd:ID[@wd:type=&quot;WID&quot;]')</cc:expression>
                    <cc:expression>props['WIDHashMap'].put(props['CCH_HashKey'],props['CCH_WID'])</cc:expression>
                </cc:eval>
                <cc:log id="Log">
                    <cc:log-message>
                        <cc:text>props['CCH_HashKey']-----------@{props['CCH_HashKey']}</cc:text>
                    </cc:log-message>
                </cc:log>
            </cc:steps>
            <cc:send-error id="SendError" rethrow-error="false" routes-to="PIMHashError"/>
        </cc:async-mediation>
        <cc:local-out id="Call_Get_CC" store-message="none" routes-response-to="Call_Active_Data" endpoint="vm://INT0007_BMO_Cost_Center_Inbound/Get_CC"/>
        <cc:local-out id="PIMHashError0" endpoint="vm://wcc/PutIntegrationMessage">
            <cc:set name="is.message.severity" value="'ERROR'"/>
            <cc:set name="is.message.summary" value="'Error occured while loading Cost Center hashmap.' +  context.errorMessage"/>
            <cc:set name="is.message.detail" value="context.errorMessage"/>
        </cc:local-out>
        <cc:async-mediation id="Fill_CC_Hashmap" handle-downstream-errors="true">
            <cc:steps>
                <cc:eval id="Eval">
                    <cc:expression>props['CC_HashKey'] = parts[0].xpath('wd:Cost_Center/wd:Cost_Center_Data/wd:Organization_Data/wd:ID')</cc:expression>
                    <cc:expression>props['CCHashMap'].put(props['CC_HashKey'],parts[0].text)</cc:expression>
                    <cc:expression>props['CC_WID'] = parts[0].xpath('wd:Cost_Center/wd:Cost_Center_Data/wd:Organization_Data/wd:Integration_ID_Data/wd:ID[@wd:System_ID=&quot;WD-WID&quot;]')</cc:expression>
                    <cc:expression>props['WIDHashMap'].put(props['CC_HashKey'],props['CC_WID'])</cc:expression>
                </cc:eval>
            </cc:steps>
            <cc:send-error id="SendError" rethrow-error="false" routes-to="PIMHashError0"/>
        </cc:async-mediation>
        <cc:splitter id="Split_CC" no-split-message-error="false">
            <cc:sub-route name="SubRoute" routes-to="Fill_CC_Hashmap"/>
            <cc:xml-stream-splitter xpath="/env:Envelope/env:Body/wd:Get_Cost_Centers_Response/wd:Response_Data/wd:Cost_Center"/>
        </cc:splitter>
        <cc:local-out id="PIMGetCCError" endpoint="vm://wcc/PutIntegrationMessage">
            <cc:set name="is.message.severity" value="'ERROR'"/>
            <cc:set name="is.message.summary" value="'Error occured while creating web service request for Get Cost Center.' +  context.errorMessage"/>
            <cc:set name="is.message.detail" value="context.errorMessage"/>
        </cc:local-out>
        <cc:async-mediation id="Get_CC_Request" routes-to="PagedGet0" handle-downstream-errors="true">
            <cc:steps>
                <cc:write id="Write">
                    <cc:message>
                        <cc:text>&lt;?xml version=&quot;1.0&quot; encoding=&quot;UTF-8&quot;?>&#xD;
&lt;env:Envelope&#xD;
    xmlns:env=&quot;http://schemas.xmlsoap.org/soap/envelope/&quot;&#xD;
    xmlns:xsd=&quot;http://www.w3.org/2001/XMLSchema&quot;>&#xD;
    &lt;env:Body>&#xD;
        &lt;wd:Get_Cost_Centers_Request xmlns:wd=&quot;urn:com.workday/bsvc&quot; wd:version=&quot;v32.1&quot;>&#xD;
            &lt;wd:Response_Filter>&#xD;
                &lt;wd:As_Of_Effective_Date>@{props['p.date.formatted']}&lt;/wd:As_Of_Effective_Date>&#xD;
                &lt;wd:As_Of_Entry_DateTime>@{props['p.dateTime.formatted']}&lt;/wd:As_Of_Entry_DateTime>&#xD;
                &lt;wd:Count>999&lt;/wd:Count>&#xD;
            &lt;/wd:Response_Filter>&#xD;
            &lt;wd:Response_Group>&#xD;
                &lt;wd:Include_Reference>false&lt;/wd:Include_Reference>&#xD;
                &lt;wd:Include_Cost_Center_Data>true&lt;/wd:Include_Cost_Center_Data>&#xD;
                &lt;wd:Include_Simple_Cost_Center_Data>false&lt;/wd:Include_Simple_Cost_Center_Data>&#xD;
            &lt;/wd:Response_Group>&#xD;
        &lt;/wd:Get_Cost_Centers_Request>&#xD;
    &lt;/env:Body>&#xD;
&lt;/env:Envelope></cc:text>
                    </cc:message>
                </cc:write>
                <cc:wrap-soap id="WrapSoap"/>
                <cc:log id="Log">
                    <cc:log-message>
                        <cc:text>---no of cc loops----&#xD;
props['currpage']----@{props['currpage']}----&#xD;
props['totalCCpages']----@{props['totalCCpages']}----&#xD;
</cc:text>
                    </cc:log-message>
                </cc:log>
            </cc:steps>
            <cc:send-error id="SendError" rethrow-error="false" routes-to="PIMGetCCError"/>
        </cc:async-mediation>
        <cc:local-in id="Get_CC" routes-to="Get_CC_Request"/>
        <cc:local-out id="Call_Inactive_Data" store-message="none" endpoint="vm://INT0007_BMO_Cost_Center_Inbound/Inactive_Data"/>
        <cc:local-out id="Call_Active_Data" store-message="none" routes-response-to="Call_Inactive_Data" endpoint="vm://INT0007_BMO_Cost_Center_Inbound/Active_Data"/>
        <cc:local-in id="Active_Data" routes-to="Get_Active_Var"/>
        <cc:local-out id="PIMActVarError" endpoint="vm://wcc/PutIntegrationMessage">
            <cc:set name="is.message.severity" value="'ERROR'"/>
            <cc:set name="is.message.summary" value="'Error occured during processing active records.' +  context.errorMessage"/>
            <cc:set name="is.message.detail" value="context.errorMessage"/>
        </cc:local-out>
        <cc:async-mediation id="Get_Active_Var" routes-to="Split_Active" handle-downstream-errors="true">
            <cc:steps>
                <cc:write id="Write" input="variable" input-variable="file.active.var">
                    <cc:message>
                        <cc:message-content/>
                    </cc:message>
                </cc:write>
                <cc:log id="Log">
                    <cc:log-message>
                        <cc:text>----at active data---&#xD;
&#xD;
</cc:text>
                        <cc:message-content/>
                        <cc:text>&#xD;
----end----&#xD;
</cc:text>
                    </cc:log-message>
                </cc:log>
            </cc:steps>
            <cc:send-error id="SendError" rethrow-error="false" routes-to="PIMActVarError"/>
        </cc:async-mediation>
        <cc:splitter id="Split_Active" no-split-message-error="false">
            <cc:sub-route name="SubRoute" routes-to="Read_Active_Var"/>
            <cc:xml-stream-splitter xpath="/root/row"/>
        </cc:splitter>
        <cc:async-mediation id="Read_Active_Var" routes-to="Route" handle-downstream-errors="true">
            <cc:steps>
                <cc:eval id="Eval">
                    <cc:expression>props['In_Code'] = parts[0].xpath('row/CODE')</cc:expression>
                    <cc:expression>props['In_Type'] = parts[0].xpath('row/TYPE')</cc:expression>
                    <cc:expression>props['In_Status'] = parts[0].xpath('row/STATUS')</cc:expression>
                    <cc:expression>props['In_Name'] = parts[0].xpath('row/NAME')</cc:expression>
                    <cc:expression>props['In_Suporg'] = parts[0].xpath('row/PARENT')</cc:expression>
                    <cc:expression>props['In_Effdt'] = parts[0].xpath('row/EFFDT')</cc:expression>
                    <cc:expression>props['In_Company'] = parts[0].xpath('row/COMPANY')</cc:expression>
                    <cc:expression>props['Rec_Received'] = props['Rec_Received'] + 1</cc:expression>
                    <cc:expression>props['In_Level'] = parts[0].xpath('row/LEVEL')</cc:expression>
                </cc:eval>
                <cc:validate-exp id="ValidateExp">
                    <cc:expression failure-message="Organization Code is Blank.">props['In_Code'] != empty</cc:expression>
                    <cc:expression failure-message="Invalid or Blank Organization Type.">props['In_Type'] == 'CC' || props['In_Type'] == 'CCH'</cc:expression>
                    <cc:expression failure-message="Organization Name is Blank.">props['In_Name'] != empty</cc:expression>
                </cc:validate-exp>
                <cc:eval id="Eval0">
                    <cc:expression>vars['CCHhash'] = props['In_Type'] == 'CCH' &amp;&amp; props['CCHHashMap'].containsKey(props['In_Code'])?props['CCHHashMap'].get(props['In_Code']):''</cc:expression>
                    <cc:expression>vars['CChash'] = props['In_Type'] == 'CC' &amp;&amp; props['CCHashMap'].containsKey(props['In_Code'])?props['CCHashMap'].get(props['In_Code']):''</cc:expression>
                    <cc:expression>props['CCH_Status'] = props['In_Type'] == 'CCH' &amp;&amp; props['CCHHashMap'].containsKey(props['In_Code'])?vars['CCHhash'].xpath('wd:Organization/wd:Organization_Data/wd:Inactive'):''</cc:expression>
                    <cc:expression>props['CC_Status'] = props['In_Type'] == 'CC' &amp;&amp; props['CCHashMap'].containsKey(props['In_Code'])?vars['CChash'].xpath('wd:Cost_Center/wd:Cost_Center_Data/wd:Organization_Data/wd:Organization_Active'):''</cc:expression>
                    <cc:expression>props['CCH_Name'] = props['In_Type'] == 'CCH' &amp;&amp; props['CCHHashMap'].containsKey(props['In_Code'])?vars['CCHhash'].xpath('wd:Organization/wd:Organization_Data/wd:Name'):''</cc:expression>
                    <cc:expression>props['CC_Name'] = props['In_Type'] == 'CC' &amp;&amp; props['CCHashMap'].containsKey(props['In_Code'])?vars['CChash'].xpath('wd:Cost_Center/wd:Cost_Center_Data/wd:Organization_Data/wd:Organization_Name'):''</cc:expression>
                    <cc:expression>props['CCH_Suporg'] = props['In_Type'] == 'CCH' &amp;&amp; props['CCHHashMap'].containsKey(props['In_Code'])?vars['CCHhash'].xpath('wd:Organization/wd:Organization_Data/wd:Hierarchy_Data/wd:Superior_Organization_Reference/wd:ID[@wd:type=&quot;Organization_Reference_ID&quot;]'):''</cc:expression>
                    <cc:expression>props['CC_Suporg'] = props['In_Type'] == 'CC' &amp;&amp; props['CCHashMap'].containsKey(props['In_Code'])?vars['CChash'].xpath('wd:Cost_Center/wd:Cost_Center_Data/wd:Organization_Container_Reference/wd:ID[@wd:type=&quot;Organization_Reference_ID&quot;]'):''</cc:expression>
                    <cc:expression>//props['CC_Comp'] = props['In_Type'] == 'CC' &amp;&amp; props['CCHashMap'].containsKey(props['In_Code'])?vars['CChash'].xpath('wd:Cost_Center/wd:Cost_Center_Data/wd:Restricted_To_Company_or_Company_Hierarchy_Reference[1]/wd:ID[@wd:type=&quot;Organization_Reference_ID&quot;]'):''</cc:expression>
                    <cc:expression>props['CC_Suporgcomp'] = props['CC_Suporg'] == 'CCH_UNASSIGNED'?'':props['CC_Suporg']</cc:expression>
                    <cc:expression>props['CCH_Changed'] = props['In_Type'] == 'CCH' &amp;&amp; props['In_Name'] == props['CCH_Name'] &amp;&amp; props['In_Suporg'] == props['CCH_Suporg']?'N': props['In_Type'] != 'CCH'?'N':'Y'</cc:expression>
                    <cc:expression>props['CC_Changed'] = props['In_Type'] == 'CC' &amp;&amp; props['In_Name'] == props['CC_Name'] &amp;&amp; props['In_Suporg'] == props['CC_Suporgcomp']?'N': props['In_Type'] != 'CC'?'N':'Y'</cc:expression>
                    <cc:expression>props['New_CC'] = props['In_Type'] == 'CC' &amp;&amp; props['In_Level'] == '14' &amp;&amp; props['CCHashMap'].containsKey(props['In_Code']) == false?'Y':'N'</cc:expression>
                </cc:eval>
                <cc:log id="Log">
                    <cc:log-message>
                        <cc:text>---At Read Active Var---&#xD;
vars['CCHhash']---@{vars['CCHhash'].text}---&#xD;
vars['CChash']-----@{vars['CChash'].text}---&#xD;
props['CCH_Status']----@{props['CCH_Status']}---&#xD;
props['CC_Status']------@{props['CC_Status']}----&#xD;
props['CCH_Name']----@{props['CCH_Name']}-----&#xD;
props['CC_Name']------@{props['CC_Name']}----&#xD;
props['CCH_Suporg']---@{props['CCH_Suporg']}-----&#xD;
props['CC_Suporg']-----@{props['CC_Suporg']}-----&#xD;
props['CC_Comp']-------@{props['CC_Comp']}-----&#xD;
props['CCH_Changed']--@{props['CCH_Changed']}---&#xD;
props['CC_Changed']----@{props['CC_Changed']}----&#xD;
props['New_CC']--------@{props['New_CC']}----&#xD;
props['In_Name']--------@{props['In_Name']}----&#xD;
props['In_Suporg']--------@{props['In_Suporg']}----&#xD;
props['CC_Suporgcomp']--------@{props['CC_Suporgcomp']}----&#xD;
props['In_Level']-------------------@{props['In_Level']}-----&#xD;
&#xD;
&#xD;
</cc:text>
                    </cc:log-message>
                </cc:log>
            </cc:steps>
            <cc:send-error id="SendError" rethrow-error="false" routes-to="Call_Log1"/>
        </cc:async-mediation>
        <cc:route id="Route">
            <cc:mvel-strategy>
                <cc:choose-route expression="(props['In_Type'] == 'CCH' &amp;&amp; props['CCHHashMap'].containsKey(props['In_Code']) == false) || (props['In_Type'] == 'CC' &amp;&amp; props['In_Level'] == '14' &amp;&amp; props['CCHashMap'].containsKey(props['In_Code']) == false)" route="Create_Org"/>
                <cc:choose-route expression="props['CCH_Status'] == '1' || (props['CC_Status'] == '0' &amp;&amp; props['In_Level'] == '14')" route="Reactivate_Org"/>
                <cc:choose-route expression="props['CCH_Changed'] == 'Y' || (props['CC_Changed'] == 'Y' &amp;&amp; props['In_Level'] == '14')" route="Update_Org"/>
                <cc:choose-route expression="true" route="No_Change"/>
            </cc:mvel-strategy>
            <cc:sub-route name="Create_Org" routes-to="Call_Create_Org"/>
            <cc:sub-route name="Reactivate_Org" routes-to="Call_Reactivate_Org"/>
            <cc:sub-route name="Update_Org" routes-to="Call_Update_Org"/>
            <cc:sub-route name="No_Change" routes-to="No_Change"/>
        </cc:route>
        <cc:local-out id="Call_Create_Org" store-message="none" endpoint="vm://INT0007_BMO_Cost_Center_Inbound/Add_Update_Org"/>
        <cc:local-out id="Call_Update_Org" store-message="none" endpoint="vm://INT0007_BMO_Cost_Center_Inbound/Add_Update_Org"/>
        <cc:local-out id="Call_Reactivate_Org" store-message="none" endpoint="vm://INT0007_BMO_Cost_Center_Inbound/Reactivate_Org"/>
        <cc:local-out id="Call_Log1" store-message="none" endpoint="vm://INT0007_BMO_Cost_Center_Inbound/Error_Log"/>
        <cc:local-in id="Add_Update_Org" routes-to="Create_CCH_Request"/>
        <cc:local-in id="Reactivate_Org" routes-to="Reactivate_Request"/>
        <cc:async-mediation id="Create_CCH_Request" routes-to="Create_CCH_WS" execute-steps-when="props['In_Type'] == 'CCH'" handle-downstream-errors="true">
            <cc:steps>
                <cc:xslt-plus id="XsltPlus" url="INT0007_Create_Hierarchy.xslt"/>
                <cc:wrap-soap id="WrapSoap"/>
                <cc:set-headers id="SetHeaders">
                    <cc:remove-headers/>
                    <cc:add-headers>
                        <cc:add-header name="X-Validate-Only" value="@{props['ValidateOnly']}"/>
                    </cc:add-headers>
                </cc:set-headers>
                <cc:log id="Log">
                    <cc:log-message>
                        <cc:text>------create cch request---&#xD;
</cc:text>
                        <cc:message-content/>
                        <cc:text>&#xD;
----end-----&#xD;
</cc:text>
                    </cc:log-message>
                </cc:log>
            </cc:steps>
            <cc:send-error id="SendError" rethrow-error="false" routes-to="Call_Log3"/>
        </cc:async-mediation>
        <cc:workday-out-soap id="Create_CCH_WS" execute-when="props['In_Type'] == 'CCH'" routes-response-to="Reset_HDR1" application="Human_Resources" version="v32.1"/>
        <cc:workday-out-soap id="Create_CC_WS" execute-when="props['In_Type'] == 'CC'" routes-response-to="Reset_HDR2" application="Financial_Management" version="v32.1"/>
        <cc:async-mediation id="Create_CC_Request" routes-to="Create_CC_WS" execute-steps-when="props['In_Type'] == 'CC'" handle-downstream-errors="true">
            <cc:steps>
                <cc:xslt-plus id="XsltPlus" url="INT0007_Create_CostCenter.xslt"/>
                <cc:wrap-soap id="WrapSoap"/>
                <cc:set-headers id="SetHeaders">
                    <cc:remove-headers/>
                    <cc:add-headers>
                        <cc:add-header name="X-Validate-Only" value="@{props['ValidateOnly']}"/>
                    </cc:add-headers>
                </cc:set-headers>
                <cc:log id="Log">
                    <cc:log-message>
                        <cc:text>------create cc request---&#xD;
</cc:text>
                        <cc:message-content/>
                        <cc:text>&#xD;
----end-----&#xD;
</cc:text>
                    </cc:log-message>
                </cc:log>
            </cc:steps>
            <cc:send-error id="SendError" routes-to="Call_Log5"/>
        </cc:async-mediation>
        <cc:local-out id="Call_Log6" store-message="none" execute-when="props['In_Type'] == 'CC'" routes-response-to="Add2CChash" endpoint="vm://INT0007_BMO_Cost_Center_Inbound/Success_Log"/>
        <cc:local-out id="Call_Log8" store-message="none" execute-when="props['CCH_Changed'] == 'N' &amp;&amp; props['CC_Changed'] == 'N'" routes-response-to="Call_Update_Org0" endpoint="vm://INT0007_BMO_Cost_Center_Inbound/Success_Log"/>
        <cc:workday-out-soap id="Reactivate_WS" routes-response-to="Reset_HDR3" application="Human_Resources" version="v32.1"/>
        <cc:async-mediation id="Reactivate_Request" routes-to="Reactivate_WS" handle-downstream-errors="true">
            <cc:steps>
                <cc:xslt-plus id="XsltPlus" url="INT0007_Reactivate_Org.xslt"/>
                <cc:wrap-soap id="WrapSoap"/>
                <cc:set-headers id="SetHeaders">
                    <cc:remove-headers/>
                    <cc:add-headers>
                        <cc:add-header name="X-Validate-Only" value="@{props['ValidateOnly']}"/>
                    </cc:add-headers>
                </cc:set-headers>
                <cc:log id="Log">
                    <cc:log-message>
                        <cc:text>------create reactivate request---&#xD;
</cc:text>
                        <cc:message-content/>
                        <cc:text>&#xD;
----end-----&#xD;
</cc:text>
                    </cc:log-message>
                </cc:log>
            </cc:steps>
            <cc:send-error id="SendError" rethrow-error="false" routes-to="Call_Log7"/>
        </cc:async-mediation>
        <cc:local-out id="Call_Update_Org0" store-message="none" execute-when="props['CCH_Changed'] == 'Y' || props['CC_Changed'] == 'Y'" endpoint="vm://INT0007_BMO_Cost_Center_Inbound/Add_Update_Org"/>
        <cc:splitter id="Split_Inactive" no-split-message-error="false">
            <cc:sub-route name="SubRoute" routes-to="Read_Inactive_Var"/>
            <cc:xml-stream-splitter xpath="/env:Envelope/env:Body/root/row"/>
        </cc:splitter>
        <cc:local-out id="PIMInactVarError" endpoint="vm://wcc/PutIntegrationMessage">
            <cc:set name="is.message.severity" value="'ERROR'"/>
            <cc:set name="is.message.summary" value="'Error occured during processing inactive records.' +  context.errorMessage"/>
            <cc:set name="is.message.detail" value="context.errorMessage"/>
        </cc:local-out>
        <cc:async-mediation id="Get_Inactive_Var" routes-to="Split_Inactive" handle-downstream-errors="true">
            <cc:steps>
                <cc:write id="Write" input="variable" input-variable="file.inactive.var">
                    <cc:message>
                        <cc:message-content/>
                    </cc:message>
                </cc:write>
                <cc:wrap-soap id="WrapSoap"/>
                <cc:log id="Log">
                    <cc:log-message>
                        <cc:text>----at inactive data---&#xD;
&#xD;
</cc:text>
                        <cc:message-content/>
                        <cc:text>&#xD;
---end---&#xD;
</cc:text>
                    </cc:log-message>
                </cc:log>
            </cc:steps>
            <cc:send-error id="SendError" rethrow-error="false" routes-to="PIMInactVarError"/>
        </cc:async-mediation>
        <cc:local-in id="Inactive_Data" routes-to="Get_Inactive_Var"/>
        <cc:workday-out-soap id="Inactivate_WS" routes-response-to="Reset_HDR4" application="Human_Resources" version="v32.1"/>
        <cc:async-mediation id="Inactivate_Request" routes-to="Inactivate_WS" handle-downstream-errors="true">
            <cc:steps>
                <cc:xslt-plus id="XsltPlus" url="INT0007_Inactivate_Org.xslt"/>
                <cc:set-headers id="SetHeaders">
                    <cc:remove-headers/>
                    <cc:add-headers>
                        <cc:add-header name="X-Validate-Only" value="@{props['ValidateOnly']}"/>
                    </cc:add-headers>
                </cc:set-headers>
                <cc:log id="Log">
                    <cc:log-message>
                        <cc:text>------create inactivate request---&#xD;
</cc:text>
                        <cc:message-content/>
                        <cc:text>&#xD;
----end-----&#xD;
</cc:text>
                    </cc:log-message>
                </cc:log>
            </cc:steps>
            <cc:send-error id="SendError" rethrow-error="false" routes-to="Call_Log10"/>
        </cc:async-mediation>
        <cc:local-out id="Call_Log11" store-message="none" endpoint="vm://INT0007_BMO_Cost_Center_Inbound/Success_Log"/>
        <cc:local-out id="PIMGlobal" endpoint="vm://wcc/PutIntegrationMessage">
            <cc:set name="is.message.severity" value="'CRITICAL'"/>
            <cc:set name="is.message.summary" value="'Critical Error occurred, aborting.'"/>
            <cc:set name="is.message.detail" value="context.errorMessage"/>
        </cc:local-out>
        <cc:send-error id="SendGlobalError" routes-to="PIMGlobal"/>
        <cc:local-in id="Error_Log" routes-to="Error_Data"/>
        <cc:async-mediation id="Error_Data" handle-downstream-errors="true">
            <cc:steps>
                <cc:eval id="Eval">
                    <cc:expression>props['errorocc'] = 'Y'</cc:expression>
                    <cc:expression>props['Err_War'] = props['Skip_Rec'] == 'N'?'Error - ':'Warning - '</cc:expression>
                    <cc:expression>props['ContextErr'] = '&quot;' # context.errorMessage # '&quot;'</cc:expression>
                    <cc:expression>props['audit.log'].append(props['In_Code'] # ',' # props['In_Type'] # ',' # props['In_Status'] # ',' # '&quot;' # props['In_Name'] # '&quot;' # ',' # props['In_Suporg'] # ',' # props['In_Company'] # ',' # props['In_Level'] # ',' # props['Err_War'] # props['ContextErr'] + '\r\n')</cc:expression>
                    <cc:expression>props['Rec_Error'] = props['Skip_Rec'] == 'N'?props['Rec_Error'] + 1:props['Rec_Error']</cc:expression>
                    <cc:expression>props['Rec_Skipped'] = props['Skip_Rec'] == 'Y'?props['Rec_Skipped'] + 1:props['Rec_Skipped']</cc:expression>
                </cc:eval>
            </cc:steps>
            <cc:send-error id="SendError" rethrow-error="false" routes-to="PIMLogError"/>
        </cc:async-mediation>
        <cc:local-out id="PIMLogError" endpoint="vm://wcc/PutIntegrationMessage">
            <cc:set name="is.message.severity" value="'ERROR'"/>
            <cc:set name="is.message.summary" value="'Unexpected error occured while consolidating error records for audit log file.' +  context.errorMessage"/>
            <cc:set name="is.message.detail" value="context.errorMessage"/>
        </cc:local-out>
        <cc:local-out id="Call_Log9" store-message="none" endpoint="vm://INT0007_BMO_Cost_Center_Inbound/Error_Log"/>
        <cc:async-mediation id="Read_Inactive_Var" routes-to="Inactivate_Request" handle-downstream-errors="true">
            <cc:steps>
                <cc:eval id="Eval">
                    <cc:expression>props['In_Code'] = parts[0].xpath('row/CODE')</cc:expression>
                    <cc:expression>props['In_Type'] = parts[0].xpath('row/TYPE')</cc:expression>
                    <cc:expression>props['In_Status'] = parts[0].xpath('row/STATUS')</cc:expression>
                    <cc:expression>props['In_Effdt'] = parts[0].xpath('row/EFFDT')</cc:expression>
                    <cc:expression>props['In_Name'] = parts[0].xpath('row/NAME')</cc:expression>
                    <cc:expression>props['In_Suporg'] = parts[0].xpath('row/PARENT')</cc:expression>
                    <cc:expression>props['In_Company'] = parts[0].xpath('row/COMPANY')</cc:expression>
                    <cc:expression>props['Rec_Received'] = props['Rec_Received'] + 1</cc:expression>
                    <cc:expression>props['In_Level'] = parts[0].xpath('row/LEVEL')</cc:expression>
                    <cc:expression>props['Skip_Rec'] = props['WIDHashMap'].containsKey(props['In_Code'])?'N':'Y'</cc:expression>
                </cc:eval>
                <cc:validate-exp id="ValidateExp">
                    <cc:expression failure-message="Organization Code is Blank.">props['In_Code'] != empty</cc:expression>
                    <cc:expression failure-message="Organization Code is invalid or does not exist.">props['WIDHashMap'].containsKey(props['In_Code'])</cc:expression>
                    <cc:expression failure-message="Effective Date is Blank.">props['In_Effdt'] != empty</cc:expression>
                </cc:validate-exp>
                <cc:eval id="Eval0">
                    <cc:expression>props['OrgWID'] = props['WIDHashMap'].get(props['In_Code'])</cc:expression>
                </cc:eval>
                <cc:log id="Log">
                    <cc:log-message>
                        <cc:text>----at inac req---&#xD;
props['OrgWID']---@{props['OrgWID']}---&#xD;
props['In_Code']----@{props['In_Code']}----&#xD;
props['In_Type']----@{props['In_Type']}----&#xD;
props['In_Suporg']----@{props['In_Suporg']}----&#xD;
&#xD;
&#xD;
</cc:text>
                    </cc:log-message>
                </cc:log>
            </cc:steps>
            <cc:send-error id="SendError" rethrow-error="false" routes-to="Call_Log9"/>
        </cc:async-mediation>
        <cc:local-out id="Call_Log3" store-message="none" execute-when="props['In_Type'] == 'CCH'" endpoint="vm://INT0007_BMO_Cost_Center_Inbound/Error_Log"/>
        <cc:local-out id="Call_Log5" store-message="none" execute-when="props['In_Type'] == 'CC'" endpoint="vm://INT0007_BMO_Cost_Center_Inbound/Error_Log"/>
        <cc:local-out id="Call_Log7" store-message="none" endpoint="vm://INT0007_BMO_Cost_Center_Inbound/Error_Log"/>
        <cc:local-out id="Call_Log10" store-message="none" endpoint="vm://INT0007_BMO_Cost_Center_Inbound/Error_Log"/>
        <cc:local-out id="PIMLogError0" endpoint="vm://wcc/PutIntegrationMessage">
            <cc:set name="is.message.severity" value="'ERROR'"/>
            <cc:set name="is.message.summary" value="'Unexpected error occured while consolidating success records for audit log file.' +  context.errorMessage"/>
            <cc:set name="is.message.detail" value="context.errorMessage"/>
        </cc:local-out>
        <cc:async-mediation id="Success_Data" handle-downstream-errors="true">
            <cc:steps>
                <cc:eval id="Eval">
                    <cc:expression>props['audit.log'].append(props['In_Code'] # ',' # props['In_Type'] # ',' # props['In_Status'] # ',' # '&quot;' # props['In_Name'] # '&quot;' # ',' # props['In_Suporg'] # ',' # props['In_Company'] # ',' # props['In_Level'] # ',' # 'Success' + '\r\n')</cc:expression>
                    <cc:expression>props['Rec_Processed'] = props['Rec_Processed'] + 1</cc:expression>
                </cc:eval>
            </cc:steps>
            <cc:send-error id="SendError" rethrow-error="false" routes-to="PIMLogError0"/>
        </cc:async-mediation>
        <cc:local-in id="Success_Log" routes-to="Success_Data"/>
        <cc:local-out id="PIMLogError00" endpoint="vm://wcc/PutIntegrationMessage">
            <cc:set name="is.message.severity" value="'ERROR'"/>
            <cc:set name="is.message.summary" value="'Unexpected error occured while appending no change record for audit log file.' +  context.errorMessage"/>
            <cc:set name="is.message.detail" value="context.errorMessage"/>
        </cc:local-out>
        <cc:async-mediation id="No_Change" handle-downstream-errors="true">
            <cc:steps>
                <cc:eval id="Eval">
                    <cc:expression>props['audit.log'].append(props['In_Code'] # ',' # props['In_Type'] # ',' # props['In_Status'] # ',' # '&quot;' # props['In_Name'] # '&quot;' # ',' # props['In_Suporg']  # ',' # props['In_Company'] # ',' # props['In_Level'] # ',' #  'Same' + '\r\n')</cc:expression>
                </cc:eval>
            </cc:steps>
            <cc:send-error id="SendError" rethrow-error="false" routes-to="PIMLogError00"/>
        </cc:async-mediation>
        <cc:local-out id="Call_Log4" store-message="none" execute-when="props['In_Type'] == 'CCH'" routes-response-to="OrgRef" endpoint="vm://INT0007_BMO_Cost_Center_Inbound/Success_Log"/>
        <cc:local-out id="Call_Store_File" store-message="none" endpoint="vm://INT0007_BMO_Cost_Center_Inbound/Store_File"/>
        <cc:local-in id="Store_File" routes-to="Generate_Log"/>
        <cc:local-out id="PIMLogError1" endpoint="vm://wcc/PutIntegrationMessage">
            <cc:set name="is.message.severity" value="'ERROR'"/>
            <cc:set name="is.message.summary" value="'Error occured generating Audit log file.' +  context.errorMessage"/>
            <cc:set name="is.message.detail" value="context.errorMessage"/>
        </cc:local-out>
        <cc:async-mediation id="Generate_Log" routes-to="CallSubRoutine" handle-downstream-errors="true">
            <cc:steps>
                <cc:set-headers id="SetHeaders">
                    <cc:remove-headers/>
                    <cc:add-headers>
                        <cc:add-header name="X-Validate-Only" value="0"/>
                    </cc:add-headers>
                </cc:set-headers>
                <cc:eval id="Eval">
                    <cc:expression>props['Rec_Bypassed'] = props['Rec_Received'] - (props['Rec_Processed'] + props['Rec_Error'])</cc:expression>
                </cc:eval>
                <cc:write id="Write" output="message">
                    <cc:message>
                        <cc:text>Organization Code,Organization Type,Organization Status,Organization Name,Superior Org,Company,Level,Error/Success&#xD;
@{props['audit.log'].toString()}&#xD;
&#xD;
Total No of records Received   : @{props['Rec_Received']}&#xD;
Total No of records Processed  : @{props['Rec_Processed']}&#xD;
Total No of records Errored      : @{props['Rec_Error']}&#xD;
Total No of records Bypassed   : @{props['Rec_Bypassed']}&#xD;
</cc:text>
                    </cc:message>
                </cc:write>
                <cc:store id="Store" output="variable" output-variable="audit_test" input="message" createDocumentReference="true" isAttachment="false" title="Audit_Log_Int0007.csv"/>
            </cc:steps>
            <cc:send-error id="SendError" rethrow-error="false" routes-to="PIMLogError1"/>
        </cc:async-mediation>
        <cc:async-mediation id="Add2CChash" execute-steps-when="props['In_Type'] == 'CC' &amp;&amp; props['ValidateOnly'] == '0'" handle-downstream-errors="true">
            <cc:steps>
                <cc:eval id="Eval">
                    <cc:expression>props['New_CC_WID'] = parts[0].xpath('env:Envelope/env:Body/wd:Put_Cost_Center_Response/wd:Cost_Center_Reference/wd:ID[@wd:type=&quot;WID&quot;]')</cc:expression>
                    <cc:expression>props['WIDHashMap'].put(props['In_Code'],props['New_CC_WID'])</cc:expression>
                </cc:eval>
            </cc:steps>
            <cc:send-error id="SendError" routes-to="Call_Log50"/>
        </cc:async-mediation>
        <cc:local-out id="Call_Log50" store-message="none" execute-when="props['In_Type'] == 'CC' &amp;&amp; props['ValidateOnly'] == '0'" endpoint="vm://INT0007_BMO_Cost_Center_Inbound/Error_Log"/>
        <cc:async-mediation id="OrgRef" routes-to="Get_OrgRef_WS" execute-steps-when="props['In_Type'] == 'CCH' &amp;&amp; props['ValidateOnly'] == '0'" handle-downstream-errors="true">
            <cc:steps>
                <cc:write id="Write">
                    <cc:message>
                        <cc:text>&lt;?xml version=&quot;1.0&quot; encoding=&quot;UTF-8&quot;?>&#xD;
&lt;env:Envelope&#xD;
    xmlns:env=&quot;http://schemas.xmlsoap.org/soap/envelope/&quot;&#xD;
    xmlns:xsd=&quot;http://www.w3.org/2001/XMLSchema&quot;>&#xD;
    &lt;env:Body>&#xD;
        &lt;wd:Get_Organization_Reference_IDs_Request&#xD;
            xmlns:wd=&quot;urn:com.workday/bsvc&quot;&#xD;
            wd:version=&quot;v32.1&quot;>&#xD;
            &lt;wd:Request_References>&#xD;
                &lt;wd:Organization_Reference_ID_Reference>&#xD;
                    &lt;wd:ID wd:type=&quot;Organization_Reference_ID&quot;>@{props['In_Code']}&lt;/wd:ID>&#xD;
                &lt;/wd:Organization_Reference_ID_Reference>&#xD;
            &lt;/wd:Request_References>&#xD;
        &lt;/wd:Get_Organization_Reference_IDs_Request>&#xD;
    &lt;/env:Body>&#xD;
&lt;/env:Envelope></cc:text>
                    </cc:message>
                </cc:write>
                <cc:wrap-soap id="WrapSoap"/>
            </cc:steps>
            <cc:send-error id="SendError" rethrow-error="false" routes-to="Call_Log30"/>
        </cc:async-mediation>
        <cc:local-out id="Call_Log30" store-message="none" execute-when="props['In_Type'] == 'CCH' &amp;&amp; props['ValidateOnly'] == '0'" endpoint="vm://INT0007_BMO_Cost_Center_Inbound/Error_Log"/>
        <cc:workday-out-soap id="Get_OrgRef_WS" execute-when="props['In_Type'] == 'CCH' &amp;&amp; props['ValidateOnly'] == '0'" routes-response-to="Add2CCHhash" application="Human_Resources" version="v32.1"/>
        <cc:local-out id="Call_Log500" store-message="none" execute-when="props['In_Type'] == 'CCH' &amp;&amp; props['ValidateOnly'] == '0'" endpoint="vm://INT0007_BMO_Cost_Center_Inbound/Error_Log"/>
        <cc:async-mediation id="Add2CCHhash" routes-to="Create_CC_Request" execute-steps-when="props['In_Type'] == 'CCH' &amp;&amp; props['ValidateOnly'] == '0'" handle-downstream-errors="true">
            <cc:steps>
                <cc:eval id="Eval">
                    <cc:expression>props['New_CCH_WID'] = parts[0].xpath('env:Envelope/env:Body/wd:Get_Organization_Reference_IDs_Response/wd:Request_References/wd:Organization_Reference_ID_Reference/wd:ID[@wd:type=&quot;WID&quot;]')</cc:expression>
                    <cc:expression>props['WIDHashMap'].put(props['In_Code'],props['New_CCH_WID'])</cc:expression>
                </cc:eval>
            </cc:steps>
            <cc:send-error id="SendError" routes-to="Call_Log500"/>
        </cc:async-mediation>
        <cc:local-out id="PIMLogError20" execute-when="props['errorocc'] == 'Y'" endpoint="vm://wcc/PutIntegrationMessage">
            <cc:set name="is.message.severity" value="'ERROR'"/>
            <cc:set name="is.message.summary" value="'Process Completed with Errors. Please check Audit log file for details.'"/>
            
        </cc:local-out>
        <cc:local-out id="CallSubRoutine" store-message="none" routes-response-to="PIMLogError20" endpoint="vm://wcc/PutIntegrationMessage"><cc:set name="is.message.summary" value="'Audit Log generated successfully.'"/><cc:set name="is.message.severity" value="'INFO'"/><cc:set name="is.message.storage.enabled" value="true"/><cc:set name="is.document.deliverable" value="'true'"/><cc:set name="is.document.labels" value="'audit_log'"/><cc:set name="is.message.detail" value="'Audit Log generated successfully.'"/><cc:set name="is.document.variable.name" value="'audit_test'"/></cc:local-out>
        <cc:local-out id="PagedGet" endpoint="vm://wcc/PagedGet"><cc:set name="is.paged.get.request.current.page.xpath" value="'/env:Envelope/env:Body/*/wd:Response_Filter/wd:Page'"/><cc:set name="is.paged.get.response.current.page.xpath" value="'/env:Envelope/env:Body/*/wd:Response_Results/wd:Page'"/><cc:set name="is.paged.get.response.total.pages.xpath" value="'/env:Envelope/env:Body/*/wd:Response_Results/wd:Total_Pages'"/><cc:set name="is.paged.get.response.total.results.xpath" value="'/env:Envelope/env:Body/*/wd:Response_Results/wd:Total_Results'"/><cc:set name="is.paged.get.process.endpoint" value="'vm://INT0007_BMO_Cost_Center_Inbound/Page_In'"/><cc:set name="is.paged.get.application" value="'Human_Resources'"/><cc:set name="is.paged.get.version" value="'v32.1'"/></cc:local-out>
        <cc:local-in id="Page_In" routes-to="Split_CCH"/>
        <cc:local-out id="PagedGet0" endpoint="vm://wcc/PagedGet"><cc:set name="is.paged.get.request.current.page.xpath" value="'/env:Envelope/env:Body/*/wd:Response_Filter/wd:Page'"/><cc:set name="is.paged.get.response.current.page.xpath" value="'/env:Envelope/env:Body/*/wd:Response_Results/wd:Page'"/><cc:set name="is.paged.get.response.total.pages.xpath" value="'/env:Envelope/env:Body/*/wd:Response_Results/wd:Total_Pages'"/><cc:set name="is.paged.get.response.total.results.xpath" value="'/env:Envelope/env:Body/*/wd:Response_Results/wd:Total_Results'"/><cc:set name="is.paged.get.process.endpoint" value="'vm://INT0007_BMO_Cost_Center_Inbound/Page_CC_In'"/><cc:set name="is.paged.get.application" value="'Financial_Management'"/><cc:set name="is.paged.get.version" value="'V32.1'"/></cc:local-out>
        <cc:local-in id="Page_CC_In" routes-to="Split_CC"/>
        <cc:async-mediation id="Reset_HDR1" routes-to="Call_Log4">
            <cc:steps>
                <cc:set-headers id="SetHeaders">
                    <cc:remove-headers/>
                    <cc:add-headers>
                        <cc:add-header name="X-Validate-Only" value="0"/>
                    </cc:add-headers>
                </cc:set-headers>
            </cc:steps>
        </cc:async-mediation>
        <cc:async-mediation id="Reset_HDR2" routes-to="Call_Log6">
            <cc:steps>
                <cc:set-headers id="SetHeaders">
                    <cc:remove-headers/>
                    <cc:add-headers>
                        <cc:add-header name="X-Validate-Only" value="0"/>
                    </cc:add-headers>
                </cc:set-headers>
            </cc:steps>
        </cc:async-mediation>
        <cc:async-mediation id="Reset_HDR3" routes-to="Call_Log8">
            <cc:steps>
                <cc:set-headers id="SetHeaders">
                    <cc:remove-headers/>
                    <cc:add-headers>
                        <cc:add-header name="X-Validate-Only" value="0"/>
                    </cc:add-headers>
                </cc:set-headers>
            </cc:steps>
        </cc:async-mediation>
        <cc:async-mediation id="Reset_HDR4" routes-to="Call_Log11">
            <cc:steps>
                <cc:set-headers id="SetHeaders">
                    <cc:remove-headers/>
                    <cc:add-headers>
                        <cc:add-header name="X-Validate-Only" value="0"/>
                    </cc:add-headers>
                </cc:set-headers>
            </cc:steps>
        </cc:async-mediation>
	</cc:assembly>

</beans>