<?xml version="1.0" encoding="UTF-8"?>
<wdnm:Diagram xmlns:wdnm="http://workday.com/studio/editors/notation">
  <element href="assembly.xml#WorkdayAssembly"/>
  <visualProperties x="488" y="967">
    <element href="assembly.xml#//@beans/@mixed.1/@mixed.1"/>
  </visualProperties>
  <visualProperties x="192" y="2040">
    <element href="assembly.xml#Note-Error"/>
  </visualProperties>
  <visualProperties x="344" y="1359">
    <element href="assembly.xml#PostAuditFiles"/>
  </visualProperties>
  <visualProperties x="222" y="1552">
    <element href="assembly.xml#BlankMsg"/>
  </visualProperties>
  <visualProperties x="515" y="1359">
    <element href="assembly.xml#PostSuccessFile"/>
  </visualProperties>
  <visualProperties x="38" y="1359">
    <element href="assembly.xml#EndProcessing"/>
  </visualProperties>
  <visualProperties x="204" y="1192">
    <element href="assembly.xml#AggSuccesses"/>
  </visualProperties>
  <visualProperties x="374" y="1042">
    <element href="assembly.xml#StoreMessagesAudit"/>
  </visualProperties>
  <visualProperties x="677" y="1042">
    <element href="assembly.xml#StoreAuditFiles"/>
  </visualProperties>
  <visualProperties x="552" y="1192">
    <element href="assembly.xml#AttachSuccessFile"/>
  </visualProperties>
  <visualProperties x="368" y="1192">
    <element href="assembly.xml#StoreSuccessFile"/>
  </visualProperties>
  <visualProperties x="213" y="1042">
    <element href="assembly.xml#MsgAuditZipAgg"/>
  </visualProperties>
  <visualProperties x="65" y="1066">
    <element href="assembly.xml#AddToMsgAudit"/>
  </visualProperties>
  <visualProperties x="39" y="1186">
    <element href="assembly.xml#SuccessCSV"/>
  </visualProperties>
  <visualProperties x="67" y="1197">
    <element href="assembly.xml#RetrieveJournalAttachments"/>
  </visualProperties>
  <visualProperties x="265" y="1189">
    <element href="assembly.xml#CallJrnlAttachmentsReport"/>
  </visualProperties>
  <visualProperties x="464" y="1178">
    <element href="assembly.xml#RetrieveReport"/>
  </visualProperties>
  <visualProperties x="526" y="1217">
    <element href="assembly.xml#AuditJrnlReq"/>
  </visualProperties>
  <visualProperties x="814" y="1223">
    <element href="assembly.xml#AuditJrnlRes"/>
  </visualProperties>
  <visualProperties x="473" y="2138">
    <element href="assembly.xml#ValidationJrnlData"/>
  </visualProperties>
  <visualProperties>
    <element href="assembly.xml#PutNoContractMsg0"/>
  </visualProperties>
  <visualProperties x="967" y="2139">
    <element href="assembly.xml#ReadAttachmentData"/>
  </visualProperties>
  <visualProperties x="19" y="1556">
    <element href="assembly.xml#ProcessJrnlAttachmentData"/>
  </visualProperties>
  <visualProperties x="22" y="2089">
    <element href="assembly.xml#AttachSuccessFile0"/>
  </visualProperties>
  <visualProperties x="332" y="825">
    <element href="assembly.xml#PutErrGetContrAtt"/>
  </visualProperties>
  <visualProperties x="63" y="186">
    <element href="assembly.xml#INT10029-Start"/>
  </visualProperties>
  <visualProperties x="432" y="280">
    <element href="assembly.xml#AuditJrnlListReq"/>
  </visualProperties>
  <visualProperties x="265" y="244">
    <element href="assembly.xml#PrepareService"/>
  </visualProperties>
  <visualProperties x="811" y="341">
    <element href="assembly.xml#HTTPGetJrnlList"/>
  </visualProperties>
  <visualProperties x="939" y="271">
    <element href="assembly.xml#AuditJrnlListRes"/>
  </visualProperties>
  <visualProperties x="1112" y="278">
    <element href="assembly.xml#ValidationJrnlListDataExists"/>
  </visualProperties>
  <visualProperties x="1373" y="273">
    <element href="assembly.xml#ReadJrnlList"/>
  </visualProperties>
  <visualProperties x="1536" y="290">
    <element href="assembly.xml#AMProcessJrnlList"/>
  </visualProperties>
  <visualProperties>
    <element href="assembly.xml#PutNoContractMsg1"/>
  </visualProperties>
  <visualProperties x="1758" y="305">
    <element href="assembly.xml#CallRetrieveAttachments"/>
  </visualProperties>
  <connections type="routesTo" sourceAnchorX="0.9669421487603306" sourceAnchorY="0.43243243243243246" targetAnchorX="0.06060606060606061" targetAnchorY="0.3783783783783784">
    <source href="assembly.xml#//@beans/@mixed.1/@mixed.1"/>
    <target href="assembly.xml#Note-Error"/>
  </connections>
  <connections type="routesResponseTo" sourceAnchorX="1.0" sourceAnchorY="0.4864864864864865" targetAnchorX="0.47023809523809523" targetAnchorY="0.5405405405405406">
    <source href="assembly.xml#PostAuditFiles"/>
    <target href="assembly.xml#PostSuccessFile"/>
  </connections>
  <connections type="routesTo" sourceAnchorX="1.0" sourceAnchorY="0.1875" targetAnchorX="0.3333333333333333" targetAnchorY="0.4864864864864865">
    <source href="assembly.xml#BlankMsg"/>
    <target href="assembly.xml#PostAuditFiles"/>
  </connections>
  <connections type="routesTo" sourceAnchorX="1.0" sourceAnchorY="0.24324324324324326" targetAnchorX="0.5471698113207547" targetAnchorY="0.14583333333333334">
    <source href="assembly.xml#EndProcessing"/>
    <target href="assembly.xml#BlankMsg"/>
  </connections>
  <connections type="routesTo" sourceAnchorX="1.0" sourceAnchorY="0.12264150943396226" targetAnchorX="0.1962025316455696" targetAnchorY="0.13541666666666666">
    <source href="assembly.xml#AggSuccesses"/>
    <target href="assembly.xml#StoreSuccessFile"/>
  </connections>
  <connections type="routesTo" sourceAnchorX="1.0" sourceAnchorY="0.3783783783783784" targetAnchorX="0.6231884057971014" targetAnchorY="0.5135135135135135">
    <source href="assembly.xml#SuccessCSV"/>
    <target href="assembly.xml#AggSuccesses"/>
  </connections>
  <connections type="routesTo" sourceAnchorX="1.0" sourceAnchorY="0.17708333333333334" targetAnchorX="0.4838709677419355" targetAnchorY="0.4594594594594595">
    <source href="assembly.xml#StoreMessagesAudit"/>
    <target href="assembly.xml#StoreAuditFiles"/>
  </connections>
  <connections type="routesTo" sourceAnchorX="1.0" sourceAnchorY="0.14150943396226415" targetAnchorX="0.1896551724137931" targetAnchorY="0.15625">
    <source href="assembly.xml#MsgAuditZipAgg"/>
    <target href="assembly.xml#StoreMessagesAudit"/>
  </connections>
  <connections type="routesTo" sourceAnchorX="1.0" sourceAnchorY="0.16666666666666666" targetAnchorX="0.3416149068322981" targetAnchorY="0.5945945945945946">
    <source href="assembly.xml#StoreSuccessFile"/>
    <target href="assembly.xml#AttachSuccessFile"/>
  </connections>
  <connections type="routesTo" sourceAnchorX="1.0" sourceAnchorY="0.5405405405405406" targetAnchorX="0.5172413793103449" targetAnchorY="0.2169811320754717">
    <source href="assembly.xml#AddToMsgAudit"/>
    <target href="assembly.xml#MsgAuditZipAgg"/>
  </connections>
  <connections type="routesTo" sourceAnchorX="1.0" sourceAnchorY="0.6486486486486487" targetAnchorX="0.2930232558139535" targetAnchorY="0.33695652173913043">
    <source href="assembly.xml#RetrieveJournalAttachments"/>
    <target href="assembly.xml#CallJrnlAttachmentsReport"/>
  </connections>
  <connections type="routesTo" sourceAnchorX="1.0" sourceAnchorY="0.32978723404255317" targetAnchorX="0.5763888888888888" targetAnchorY="0.6486486486486487">
    <source href="assembly.xml#CallJrnlAttachmentsReport"/>
    <target href="assembly.xml#AuditJrnlReq"/>
  </connections>
  <connections type="routesResponseTo" sourceAnchorX="0.6952380952380952" sourceAnchorY="1.0" targetAnchorX="0.35251798561151076" targetAnchorY="0.08108108108108109">
    <source href="assembly.xml#AuditJrnlReq"/>
    <target href="assembly.xml#RetrieveReport"/>
  </connections>
  <connections type="routesResponseTo" sourceAnchorX="0.7913669064748201" sourceAnchorY="0.5405405405405406" targetAnchorX="0.4444444444444444" targetAnchorY="0.4594594594594595">
    <source href="assembly.xml#RetrieveReport"/>
    <target href="assembly.xml#AuditJrnlRes"/>
  </connections>
  <connections type="routesResponseTo" sourceAnchorX="0.40186915887850466" sourceAnchorY="1.0" targetAnchorX="0.08636363636363636" targetAnchorY="0.4">
    <source href="assembly.xml#AuditJrnlRes"/>
    <target href="assembly.xml#ValidationJrnlData"/>
  </connections>
  <connections type="routesTo" sourceAnchorX="0.5868544600938967" sourceAnchorY="1.0" targetAnchorX="0.2994011976047904" targetAnchorY="0.8648648648648649">
    <source href="assembly.xml#//@beans/@mixed.1/@mixed.39/@mixed.3"/>
    <target href="assembly.xml#PutNoContractMsg0"/>
  </connections>
  <connections type="routesTo" sourceAnchorX="1.0" sourceAnchorY="0.5882352941176471" targetAnchorX="0.18461538461538463" targetAnchorY="0.6808510638297872">
    <source href="assembly.xml#//@beans/@mixed.1/@splitter.0/@subRoute.0"/>
    <target href="assembly.xml#ProcessJrnlAttachmentData"/>
  </connections>
  <connections type="routesTo" sourceAnchorX="1.0" sourceAnchorY="0.3191489361702128" targetAnchorX="0.41818181818181815" targetAnchorY="0.6216216216216216">
    <source href="assembly.xml#ProcessJrnlAttachmentData"/>
    <target href="assembly.xml#AttachSuccessFile0"/>
  </connections>
  <connections type="routesTo" sourceAnchorX="1.0" sourceAnchorY="0.152" targetAnchorX="0.7421383647798742" targetAnchorY="0.12337662337662338">
    <source href="assembly.xml#ValidationJrnlData"/>
    <target href="assembly.xml#ReadAttachmentData"/>
  </connections>
  <connections type="routesTo" sourceAnchorX="0.30578512396694213" sourceAnchorY="1.0" targetAnchorX="0.6058823529411764" targetAnchorY="0.13513513513513514">
    <source href="assembly.xml#//@beans/@mixed.1/@mixed.31/@mixed.3"/>
    <target href="assembly.xml#PutErrGetContrAtt"/>
  </connections>
  <connections type="routesResponseTo" sourceAnchorX="0.5675675675675675" sourceAnchorY="1.0" targetAnchorX="0.23837209302325582" targetAnchorY="0.43243243243243246">
    <source href="assembly.xml#AuditJrnlListReq"/>
    <target href="assembly.xml#HTTPGetJrnlList"/>
  </connections>
  <connections type="routesTo" sourceAnchorX="0.9302325581395349" sourceAnchorY="1.0" targetAnchorX="0.15286624203821655" targetAnchorY="0.39361702127659576">
    <source href="assembly.xml#INT10029-Start"/>
    <target href="assembly.xml#PrepareService"/>
  </connections>
  <connections type="routesResponseTo" sourceAnchorX="0.45751633986928103" sourceAnchorY="1.0" targetAnchorX="0.2708333333333333" targetAnchorY="0.35135135135135137">
    <source href="assembly.xml#HTTPGetJrnlList"/>
    <target href="assembly.xml#AuditJrnlListRes"/>
  </connections>
  <connections type="routesResponseTo" sourceAnchorX="0.6546762589928058" sourceAnchorY="1.0" targetAnchorX="0.33636363636363636" targetAnchorY="0.5638297872340425">
    <source href="assembly.xml#AuditJrnlListRes"/>
    <target href="assembly.xml#ValidationJrnlListDataExists"/>
  </connections>
  <connections type="routesTo" sourceAnchorX="0.4818181818181818" sourceAnchorY="1.0" targetAnchorX="0.08411214953271028" targetAnchorY="0.425">
    <source href="assembly.xml#ValidationJrnlListDataExists"/>
    <target href="assembly.xml#ReadJrnlList"/>
  </connections>
  <connections type="routesTo" sourceAnchorX="1.0" sourceAnchorY="0.4117647058823529" targetAnchorX="0.23880597014925373" targetAnchorY="0.6304347826086957">
    <source href="assembly.xml#//@beans/@mixed.1/@splitter.1/@subRoute.0"/>
    <target href="assembly.xml#AMProcessJrnlList"/>
  </connections>
  <connections type="routesTo" sourceAnchorX="0.39906103286384975" sourceAnchorY="1.0" targetAnchorX="0.437125748502994" targetAnchorY="0.3783783783783784">
    <source href="assembly.xml#//@beans/@mixed.1/@mixed.61/@mixed.3"/>
    <target href="assembly.xml#PutNoContractMsg1"/>
  </connections>
  <connections type="routesTo" sourceAnchorX="1.0" sourceAnchorY="0.24468085106382978" targetAnchorX="0.1564625850340136" targetAnchorY="0.4864864864864865">
    <source href="assembly.xml#PrepareService"/>
    <target href="assembly.xml#AuditJrnlListReq"/>
  </connections>
  <connections type="routesTo" sourceAnchorX="1.0" sourceAnchorY="0.2127659574468085" targetAnchorX="0.4010416666666667" targetAnchorY="0.32432432432432434">
    <source href="assembly.xml#AMProcessJrnlList"/>
    <target href="assembly.xml#CallRetrieveAttachments"/>
  </connections>
  <swimlanes x="26" y="1463" font="Calibri|14|1" fontColor="1" name="Global Error Handler">
    <elements href="assembly.xml#//@beans/@mixed.1/@mixed.1"/>
    <elements href="assembly.xml#Note-Error"/>
  </swimlanes>
  <swimlanes x="26" y="1254" font="Calibri|14|1" fontColor="1" name="End Processing">
    <elements href="assembly.xml#EndProcessing"/>
    <elements href="assembly.xml#BlankMsg"/>
    <elements href="assembly.xml#PostAuditFiles"/>
    <elements href="assembly.xml#PostSuccessFile"/>
  </swimlanes>
  <swimlanes x="18" y="861" font="Calibri|14|1" fontColor="1" name="Audit Files">
    <elements href="assembly.xml#AddToMsgAudit"/>
    <elements href="assembly.xml#MsgAuditZipAgg"/>
    <elements href="assembly.xml#StoreMessagesAudit"/>
    <elements href="assembly.xml#StoreAuditFiles"/>
  </swimlanes>
  <swimlanes x="26" y="1062" font="Calibri|14|1" fontColor="1" name="Success Summary">
    <elements href="assembly.xml#SuccessCSV"/>
    <elements href="assembly.xml#AggSuccesses"/>
    <elements href="assembly.xml#StoreSuccessFile"/>
    <elements href="assembly.xml#AttachSuccessFile"/>
  </swimlanes>
  <swimlanes x="8" y="1" font="Calibri|20|1" fontColor="1" name="INT10029 - Manual Journal Attachments Save To LAN" orientation="VERTICAL"/>
  <swimlanes x="17" y="377" name="Retrieve Journal Attachments">
    <elements href="assembly.xml#RetrieveJournalAttachments"/>
    <elements href="assembly.xml#CallJrnlAttachmentsReport"/>
    <elements href="assembly.xml#AuditJrnlReq"/>
    <elements href="assembly.xml#RetrieveReport"/>
    <elements href="assembly.xml#AuditJrnlRes"/>
    <elements href="assembly.xml#ValidationJrnlData"/>
    <elements href="assembly.xml#ReadAttachmentData"/>
    <elements href="assembly.xml#ProcessJrnlAttachmentData"/>
    <elements href="assembly.xml#AttachSuccessFile0"/>
    <elements href="#//@swimlanes.6"/>
  </swimlanes>
  <swimlanes x="870" y="1688" name="PIM2">
    <elements href="assembly.xml#PutNoContractMsg0"/>
  </swimlanes>
  <swimlanes x="16" y="127" name="Archive Attachments">
    <elements href="assembly.xml#INT10029-Start"/>
    <elements href="assembly.xml#PrepareService"/>
    <elements href="assembly.xml#AuditJrnlListReq"/>
    <elements href="assembly.xml#HTTPGetJrnlList"/>
    <elements href="assembly.xml#AuditJrnlListRes"/>
    <elements href="assembly.xml#ValidationJrnlListDataExists"/>
    <elements href="assembly.xml#ReadJrnlList"/>
    <elements href="assembly.xml#AMProcessJrnlList"/>
    <elements href="assembly.xml#CallRetrieveAttachments"/>
    <elements href="#//@swimlanes.8"/>
  </swimlanes>
  <swimlanes x="1066" y="313" name="PIM2">
    <elements href="assembly.xml#PutNoContractMsg1"/>
  </swimlanes>
</wdnm:Diagram>
