<?xml version="1.0" encoding="UTF-8"?>
<beans
     xmlns="http://www.springframework.org/schema/beans"
     xmlns:beans="http://www.springframework.org/schema/beans"
     xmlns:atom="http://www.w3.org/2005/Atom"
     xmlns:cc="http://www.capeclear.com/assembly/10"
     xmlns:cloud="urn:com.workday/esb/cloud/10.0"
     xmlns:env="http://schemas.xmlsoap.org/soap/envelope/"
     xmlns:pi="urn:com.workday/picof"
     xmlns:wd="urn:com.workday/bsvc"
     xmlns:xsi="http://www.w3.org/2001/XMLSchema-instance">
 
	<cc:assembly id="WorkdayAssembly" version="2022.37">
        <cc:workday-in id="StartHere" routes-to="CallRetrieval">
            <cc:integration-system name="INT19060_Citi_WireDD_Transformation">
        <cloud:sequence-generator-service name="INT19060_WTDD_Sequence">
          <cloud:sequencer>INT19060_WTDD_Sequence</cloud:sequencer>
        </cloud:sequence-generator-service>
        <cloud:report-service name="INT6058_DD_Report">
          <cloud:report-alias description="RPT_Ad Hoc Payee Details" name="GetAdHocPayees">
            <cloud:report-reference description="RPT_Ad Hoc Payee Details" type="WID">fc96c7bbdbd5100b650cbcd5c4c00000</cloud:report-reference>
          </cloud:report-alias>
          <cloud:report-alias description="RPT_Get_Bank_Payment_ID" name="GetBankPaymentId">
            <cloud:report-reference description="RPT_Get_Bank_Payment_ID" type="WID">fc96c7bbdbd5100b6680ddd1a38a0000</cloud:report-reference>
          </cloud:report-alias>
        </cloud:report-service>
      </cc:integration-system>
        </cc:workday-in>
        <cc:local-out id="CallRetrieval" store-message="none" endpoint="vm://INT19060_Citi_WTDD_Transformation/Retrieval"/>
        <cc:async-mediation id="AsyncMediation0" routes-to="WorkdayOutRest0">
            <cc:steps>
                <cc:copy id="Copy0" output-mimetype="text/plain" input="variable" input-variable="wd.retrieve.variable" stream-xpath="true"/>
                <cc:log id="Log">
                    <cc:log-message>
                        <cc:text>Before Agg</cc:text>
                        <cc:message-content/>
                    </cc:log-message>
                </cc:log>
                <cc:xslt id="Xslt0" url="NewStylesheet.xsl"/>
                <cc:eval id="Eval">
                    <cc:expression>props['ad.hoc.payee'] = parts[0].xpath('Document/CstmrCdtTrfInitn/PmtInf/CdtTrfTxInf/Cdtr/Nm')</cc:expression>
                    <cc:expression>props['bank.account'] = parts[0].xpath('Document/CstmrCdtTrfInitn/PmtInf/DbtrAcct/Id/Othr/Id')</cc:expression>
                    <cc:expression>props['ad.hoc.payee'] = java.net.URLEncoder.encode(props['ad.hoc.payee'], &quot;UTF-8&quot;)</cc:expression>
                    <cc:expression>props['ad.hoc.payee.id'] = parts[0].xpath('Document/CstmrCdtTrfInitn/PmtInf/CdtTrfTxInf/Cdtr/Id/OrgId/Othr/Id')</cc:expression>
                </cc:eval>
                <cc:copy id="Copy" output="variable" output-mimetype="text/plain" output-variable="input" input="message" stream-xpath="true"/>
                <cc:log id="Log0">
                    <cc:log-message>
                        <cc:text>@{props['bank.account']}&#xD;
after gpr&#xD;
@{props['ad.hoc.payee']}&#xD;
</cc:text>
                        <cc:message-content/>
                    </cc:log-message>
                </cc:log>
            </cc:steps>
        </cc:async-mediation>
        <cc:route id="RetrieveInputDocuments0">
            <cc:doc-iterator labels="Deliverable"/>
            <cc:sub-route name="SubRoute" routes-to="AsyncMediation01"/>
        </cc:route>
        <cc:local-out id="PutIntegrationMessage" endpoint="vm://wcc/PutIntegrationMessage">
            <cc:set name="is.message.severity" value="'ERROR'"/>
            <cc:set name="is.message.summary" value="context.errorMessage"/>
        </cc:local-out>
        <cc:async-mediation id="AsyncMediation01" routes-to="AsyncMediation0" handle-downstream-errors="true">
            <cc:steps>
                <cc:eval id="Eval">
                    <cc:expression>props['file.count'] = da.size()</cc:expression>
                    <cc:expression>props['filecounter'] = 0</cc:expression>
                    <cc:expression>props['amount'] = 0</cc:expression>
                </cc:eval>
                <cc:log id="Log">
                    <cc:log-message>
                        <cc:text>---input file--</cc:text>
                        <cc:message-content/>
                    </cc:log-message>
                </cc:log>
            </cc:steps>
            <cc:send-error id="SendError" routes-to="PutIntegrationMessage"/>
        </cc:async-mediation>
        <cc:local-in id="Retrieval" routes-to="GetEventDocuments00"/>
        <cc:workday-out-rest id="WorkdayOutRest0" routes-response-to="AsyncMediation1" extra-path="@{intsys.reportService.getExtrapath('GetAdHocPayees')}?Payee_Name=@{props['ad.hoc.payee']}&amp;referenceID=@{props['ad.hoc.payee.id']}"/>
        <cc:async-mediation id="AsyncMediation" routes-to="SFTPTransfer0">
            <cc:steps>
                <cc:log id="Log0">
                    <cc:log-message>
                        <cc:text>After bank acc</cc:text>
                        <cc:line-separator/>
                        <cc:message-content/>
                    </cc:log-message>
                </cc:log>
                <cc:eval id="Eval">
                    <cc:expression>props['payment.id'] = parts[0].xpath('wd:Report_Data/wd:Report_Entry/wd:paymentId','wd urn:com.workday.report/RPT_Get_Bank_Payment_ID')</cc:expression>
                </cc:eval>
                <cc:validate-exp id="ValidateExp">
                    <cc:expression failure-message="Payment Id is blank for @{props['bank.name']}">props['payment.id'] != ''</cc:expression>
                </cc:validate-exp>
                <cc:copy id="Copy" output-mimetype="text/plain" input="variable" input-variable="input" stream-xpath="true"/>
                <cc:xslt id="Xslt0" url="NewStylesheet.xsl"/>
                <cc:log id="Log">
                    <cc:log-message>
                        <cc:text>test</cc:text>
                        <cc:message-content/>
                    </cc:log-message>
                </cc:log>
                <cc:xslt id="Xslt" url="transformation.xsl"/>
                <cc:store id="Store" output="variable" output-variable="output" expiresIn="P180D" title="@{lp.getSequencedValue('INT19060_WTDD_Sequence')}"/>
            </cc:steps>
            <cc:send-error id="SendError" routes-to="PutIntegrationMessage0"/>
        </cc:async-mediation>
        <cc:local-out id="GetEventDocuments00" routes-response-to="RetrieveInputDocuments0" endpoint="vm://wcc/GetEventDocuments">
            <cc:set name="ie.event.wid" value="props['debug.WID'] == '' ? props['processing.WID'] : props['debug.WID']"/>
        </cc:local-out>
        <cc:async-mediation id="AsyncMediation1" routes-to="WorkdayOutRest">
            <cc:steps>
                <cc:eval id="Eval">
                    <cc:expression>props['bank.number'] = parts[0].xpath('wd:Report_Data/wd:Report_Entry[1]/wd:Payee_Bank_account_Number[1]','wd urn:com.workday.report/Find_Ad_Hoc_Payees_TAPS_Audit')</cc:expression>
                    <cc:expression>props['bank.name'] = parts[0].xpath('wd:Report_Data/wd:Report_Entry/wd:Bank_Account','wd urn:com.workday.report/Find_Ad_Hoc_Payees_TAPS_Audit')</cc:expression>
                    <cc:expression>props['bank.institution.number'] = parts[0].xpath('wd:Report_Data/wd:Report_Entry/wd:Payee_Bank_Institution_Number','wd urn:com.workday.report/Find_Ad_Hoc_Payees_TAPS_Audit')</cc:expression>
                    <cc:expression>props['bank.branch.id'] = parts[0].xpath('wd:Report_Data/wd:Report_Entry/wd:Payee_Bank_Branch_ID','wd urn:com.workday.report/Find_Ad_Hoc_Payees_TAPS_Audit')</cc:expression>
                    <cc:expression>props['bank.country'] = parts[0].xpath('wd:Report_Data/wd:Report_Entry/wd:CF-Settlement_Account_group/wd:CF_LRV_SA_Bank_Country_ISO_2','wd urn:com.workday.report/Find_Ad_Hoc_Payees_TAPS_Audit')</cc:expression>
                    <cc:expression>props['bank.currency'] = parts[0].xpath('wd:Report_Data/wd:Report_Entry/wd:CF-Settlement_Account_group/wd:Currency/@wd:Descriptor','wd urn:com.workday.report/Find_Ad_Hoc_Payees_TAPS_Audit')</cc:expression>
                </cc:eval>
                <cc:log id="Log">
                    <cc:log-message>
                        <cc:text>after ad hoc payee</cc:text>
                        <cc:line-separator/>
                        <cc:message-content/>
                    </cc:log-message>
                </cc:log>
            </cc:steps>
        </cc:async-mediation>
        <cc:workday-out-rest id="WorkdayOutRest" routes-response-to="AsyncMediation" extra-path="@{intsys.reportService.getExtrapath('GetBankPaymentId')}?Bank_Account_Number=@{props['bank.account']}"/>
        <cc:local-out id="PutIntegrationMessage0" endpoint="vm://wcc/PutIntegrationMessage"><cc:set name="is.message.severity" value="'ERROR'"/><cc:set name="is.message.summary" value="context.errorMessage"/></cc:local-out>
        <cc:local-out id="SFTPTransfer0" endpoint="vm://wcc/PutIntegrationMessage">
            <cc:set name="is.message.severity" value="'INFO'"/>
            <cc:set name="is.message.summary" value="'SFTP to SFTP File Transfer Completed for ' + props['file.name']"/>
            <cc:set name="is.document.variable.name" value="'output'"/>
            
            <cc:set name="is.document.file.name" value="lp.getSequencedValue('INT1582_DD_Sequence')"/>
            <cc:set name="is.document.deliverable" value="'true'"/>
        </cc:local-out>
	</cc:assembly>

</beans>