<?xml version="1.0" encoding="UTF-8"?>
<wdnm:Diagram xmlns:wdnm="http://workday.com/studio/editors/notation">
  <element href="assembly.xml#WorkdayAssembly"/>
  <visualProperties x="116" y="122">
    <element href="assembly.xml#StartHere"/>
  </visualProperties>
  <visualProperties x="317" y="122">
    <element href="assembly.xml#CallRetrieval"/>
  </visualProperties>
  <visualProperties>
    <element href="assembly.xml#Retrieval"/>
  </visualProperties>
  <visualProperties>
    <element href="assembly.xml#AsyncMediation01"/>
  </visualProperties>
  <visualProperties>
    <element href="assembly.xml#PutIntegrationMessage"/>
  </visualProperties>
  <visualProperties>
    <element href="assembly.xml#RetrieveInputDocuments0"/>
  </visualProperties>
  <visualProperties>
    <element href="assembly.xml#AsyncMediation0"/>
  </visualProperties>
  <visualProperties x="1437" y="506">
    <element href="assembly.xml#WorkdayOutRest0"/>
  </visualProperties>
  <visualProperties x="1186" y="440">
    <element href="assembly.xml#AsyncMediation"/>
  </visualProperties>
  <visualProperties x="14" y="300">
    <element href="assembly.xml#GetEventDocuments00"/>
  </visualProperties>
  <visualProperties x="1748" y="348">
    <element href="assembly.xml#AsyncMediation1"/>
  </visualProperties>
  <visualProperties x="1861" y="247">
    <element href="assembly.xml#WorkdayOutRest"/>
  </visualProperties>
  <visualProperties x="2291" y="552">
    <element href="assembly.xml#PutIntegrationMessage0"/>
  </visualProperties>
  <visualProperties x="2458" y="530">
    <element href="assembly.xml#SFTPTransfer0"/>
  </visualProperties>
  <connections type="routesTo" sourceAnchorX="0.5625" sourceAnchorY="1.0" targetAnchorX="0.11983471074380166" targetAnchorY="0.5135135135135135">
    <source href="assembly.xml#Retrieval"/>
    <target href="assembly.xml#GetEventDocuments00"/>
  </connections>
  <connections type="routesTo" sourceAnchorX="1.0" sourceAnchorY="0.13953488372093023" targetAnchorX="0.11647727272727272" targetAnchorY="0.6122448979591837">
    <source href="assembly.xml#AsyncMediation01"/>
    <target href="assembly.xml#AsyncMediation0"/>
  </connections>
  <connections type="routesTo" sourceAnchorX="1.0" sourceAnchorY="0.6666666666666666" targetAnchorX="0.4979253112033195" targetAnchorY="0.32432432432432434">
    <source href="assembly.xml#//@beans/@mixed.1/@mixed.11/@mixed.3"/>
    <target href="assembly.xml#PutIntegrationMessage"/>
  </connections>
  <connections type="routesTo" sourceAnchorX="0.6680851063829787" sourceAnchorY="1.0" targetAnchorX="0.03723404255319149" targetAnchorY="0.5581395348837209">
    <source href="assembly.xml#//@beans/@mixed.1/@route.0/@subRoute.0"/>
    <target href="assembly.xml#AsyncMediation01"/>
  </connections>
  <connections type="routesTo" sourceAnchorX="1.0" sourceAnchorY="0.2755102040816326" targetAnchorX="0.09313725490196079" targetAnchorY="0.5405405405405406">
    <source href="assembly.xml#AsyncMediation0"/>
    <target href="assembly.xml#WorkdayOutRest0"/>
  </connections>
  <connections type="routesResponseTo" sourceAnchorX="0.29411764705882354" sourceAnchorY="1.0" targetAnchorX="0.38202247191011235" targetAnchorY="0.4673913043478261">
    <source href="assembly.xml#WorkdayOutRest0"/>
    <target href="assembly.xml#AsyncMediation1"/>
  </connections>
  <connections type="routesTo" sourceAnchorX="0.7014925373134329" sourceAnchorY="1.0" targetAnchorX="0.34591194968553457" targetAnchorY="0.32432432432432434">
    <source href="assembly.xml#StartHere"/>
    <target href="assembly.xml#CallRetrieval"/>
  </connections>
  <connections type="routesResponseTo" sourceAnchorX="0.6363636363636364" sourceAnchorY="1.0" targetAnchorX="0.008064516129032258" targetAnchorY="0.4367816091954023">
    <source href="assembly.xml#GetEventDocuments00"/>
    <target href="assembly.xml#RetrieveInputDocuments0"/>
  </connections>
  <connections type="routesTo" sourceAnchorX="1.0" sourceAnchorY="0.24489795918367346" targetAnchorX="0.09278350515463918" targetAnchorY="0.7297297297297297">
    <source href="assembly.xml#AsyncMediation1"/>
    <target href="assembly.xml#WorkdayOutRest"/>
  </connections>
  <connections type="routesResponseTo" sourceAnchorX="0.20103092783505155" sourceAnchorY="1.0" targetAnchorX="0.06920415224913495" targetAnchorY="0.6836734693877551">
    <source href="assembly.xml#WorkdayOutRest"/>
    <target href="assembly.xml#AsyncMediation"/>
  </connections>
  <connections type="routesTo" sourceAnchorX="0.6935064935064935" sourceAnchorY="1.0" targetAnchorX="0.47410358565737054" targetAnchorY="0.32432432432432434">
    <source href="assembly.xml#//@beans/@mixed.1/@mixed.17/@mixed.3"/>
    <target href="assembly.xml#PutIntegrationMessage0"/>
  </connections>
  <connections type="routesTo" sourceAnchorX="1.0" sourceAnchorY="0.2868217054263566" targetAnchorX="0.1270718232044199" targetAnchorY="0.43243243243243246">
    <source href="assembly.xml#AsyncMediation"/>
    <target href="assembly.xml#SFTPTransfer0"/>
  </connections>
  <swimlanes name="Swimlane" orientation="VERTICAL" alignment="MIDDLE">
    <elements href="assembly.xml#AsyncMediation01"/>
    <elements href="assembly.xml#PutIntegrationMessage"/>
  </swimlanes>
  <swimlanes x="104" y="193" name="Swimlane" alignment="MIDDLE">
    <elements href="assembly.xml#Retrieval"/>
    <elements href="assembly.xml#GetEventDocuments00"/>
    <elements href="assembly.xml#RetrieveInputDocuments0"/>
    <elements href="#//@swimlanes.0"/>
    <elements href="assembly.xml#AsyncMediation0"/>
    <elements href="assembly.xml#WorkdayOutRest0"/>
    <elements href="assembly.xml#AsyncMediation1"/>
    <elements href="assembly.xml#WorkdayOutRest"/>
    <elements href="assembly.xml#AsyncMediation"/>
    <elements href="assembly.xml#SFTPTransfer0"/>
  </swimlanes>
  <swimlanes x="212" y="31" name="Swimlane" alignment="MIDDLE">
    <elements href="assembly.xml#StartHere"/>
    <elements href="assembly.xml#CallRetrieval"/>
  </swimlanes>
  <swimlanes x="113" y="24" name="Swimlane" orientation="VERTICAL" elements="//@swimlanes.2 //@swimlanes.1"/>
</wdnm:Diagram>
