<?xml version="1.0" encoding="UTF-8"?>
<wdnm:Diagram xmlns:wdnm="http://workday.com/studio/editors/notation">
  <element href="assembly.xml#WorkdayAssembly"/>
  <visualProperties x="118" y="138">
    <element href="assembly.xml#SupplierInvCustomObjectTaxUpdate-IN"/>
  </visualProperties>
  <visualProperties x="393" y="173">
    <element href="assembly.xml#AM-Eval"/>
  </visualProperties>
  <visualProperties x="490" y="254">
    <element href="assembly.xml#AsyncMediation"/>
  </visualProperties>
  <visualProperties x="415" y="301">
    <element href="assembly.xml#PutIntegrationMessage"/>
  </visualProperties>
  <visualProperties x="742" y="211">
    <element href="assembly.xml#SuppInvCustObjWorkdayOutRest"/>
  </visualProperties>
  <visualProperties x="992" y="266">
    <element href="assembly.xml#AM-LogResponse"/>
  </visualProperties>
  <visualProperties x="133" y="507">
    <element href="assembly.xml#SupplierInvLineCustomObjUpdate-IN"/>
  </visualProperties>
  <visualProperties x="441" y="548">
    <element href="assembly.xml#AM-EvalCAN"/>
  </visualProperties>
  <visualProperties x="456" y="682">
    <element href="assembly.xml#PutIntegrationMessage0"/>
  </visualProperties>
  <visualProperties x="611" y="576">
    <element href="assembly.xml#AM-Log"/>
  </visualProperties>
  <visualProperties x="719" y="571">
    <element href="assembly.xml#SuppInvLineCustObjWDOutRest"/>
  </visualProperties>
  <visualProperties x="959" y="556">
    <element href="assembly.xml#AM-Log2"/>
  </visualProperties>
  <visualProperties x="96" y="489">
    <element href="assembly.xml#SupplierInvCustomObjectStatusUpdate-IN"/>
  </visualProperties>
  <visualProperties x="423" y="527">
    <element href="assembly.xml#AM-EvalStatus"/>
  </visualProperties>
  <visualProperties x="481" y="649">
    <element href="assembly.xml#PutIntegrationMessage1"/>
  </visualProperties>
  <visualProperties x="623" y="565">
    <element href="assembly.xml#AM-LogStatus"/>
  </visualProperties>
  <visualProperties x="726" y="588">
    <element href="assembly.xml#SuppInvCustObjStatusWDRest"/>
  </visualProperties>
  <visualProperties x="932" y="524">
    <element href="assembly.xml#AM-LogStatusResponse"/>
  </visualProperties>
  <visualProperties x="97" y="465">
    <element href="assembly.xml#SupplierInvListCustObjectStatusUpdate-IN"/>
  </visualProperties>
  <visualProperties x="375" y="490">
    <element href="assembly.xml#AsyncMediation0"/>
  </visualProperties>
  <visualProperties x="543" y="501">
    <element href="assembly.xml#SupplierInvCustomObjectStatusUpdate"/>
  </visualProperties>
  <visualProperties x="334" y="1103">
    <element href="assembly.xml#Route"/>
  </visualProperties>
  <visualProperties x="681" y="1164">
    <element href="assembly.xml#AM-EvalOther"/>
  </visualProperties>
  <visualProperties x="628" y="842">
    <element href="assembly.xml#AM-EvalQuote"/>
  </visualProperties>
  <visualProperties x="123" y="1512">
    <element href="assembly.xml#SupplierInvAdjCustomObjectStatusUpdate-IN"/>
  </visualProperties>
  <visualProperties x="403" y="1553">
    <element href="assembly.xml#AsyncMediation1"/>
  </visualProperties>
  <visualProperties x="711" y="1596">
    <element href="assembly.xml#SuppInvAdjCustObjStatusWDRest"/>
  </visualProperties>
  <visualProperties x="887" y="1553">
    <element href="assembly.xml#AsyncMediation3"/>
  </visualProperties>
  <visualProperties x="840" y="523">
    <element href="assembly.xml#SupplierInvAdjCustomObjectStatusUpdate"/>
  </visualProperties>
  <visualProperties x="603" y="1243">
    <element href="assembly.xml#AM-EvalUSA"/>
  </visualProperties>
  <visualProperties x="501" y="1835">
    <element href="assembly.xml#PutRestMessage"/>
  </visualProperties>
  <connections type="routesTo" sourceAnchorX="0.8154761904761905" sourceAnchorY="1.0" targetAnchorX="0.7119565217391305" targetAnchorY="0.8108108108108109">
    <source href="assembly.xml#//@beans/@mixed.1/@mixed.3/@mixed.3"/>
    <target href="assembly.xml#PutIntegrationMessage"/>
  </connections>
  <connections type="routesTo" sourceAnchorX="0.7942857142857143" sourceAnchorY="0.528" targetAnchorX="0.0" targetAnchorY="0.0">
    <source href="assembly.xml#AM-Eval"/>
    <target href="assembly.xml#AsyncMediation"/>
  </connections>
  <connections type="routesTo" sourceAnchorX="0.766798418972332" sourceAnchorY="1.0" targetAnchorX="0.3028571428571429" targetAnchorY="0.704">
    <source href="assembly.xml#SupplierInvCustomObjectTaxUpdate-IN"/>
    <target href="assembly.xml#AM-Eval"/>
  </connections>
  <connections type="routesTo" sourceAnchorX="1.0" sourceAnchorY="0.3191489361702128" targetAnchorX="0.6260504201680672" targetAnchorY="0.4594594594594595">
    <source href="assembly.xml#AsyncMediation"/>
    <target href="assembly.xml#SuppInvCustObjWorkdayOutRest"/>
  </connections>
  <connections type="routesResponseTo" sourceAnchorX="0.9369747899159664" sourceAnchorY="1.0" targetAnchorX="0.1276595744680851" targetAnchorY="0.4782608695652174">
    <source href="assembly.xml#SuppInvCustObjWorkdayOutRest"/>
    <target href="assembly.xml#AM-LogResponse"/>
  </connections>
  <connections type="routesTo" sourceAnchorX="0.8114285714285714" sourceAnchorY="1.0" targetAnchorX="0.7172774869109948" targetAnchorY="0.6216216216216216">
    <source href="assembly.xml#//@beans/@mixed.1/@mixed.15/@mixed.3"/>
    <target href="assembly.xml#PutIntegrationMessage0"/>
  </connections>
  <connections type="routesTo" sourceAnchorX="1.0" sourceAnchorY="0.216" targetAnchorX="0.40963855421686746" targetAnchorY="0.18478260869565216">
    <source href="assembly.xml#AM-EvalCAN"/>
    <target href="assembly.xml#AM-Log"/>
  </connections>
  <connections type="routesTo" sourceAnchorX="1.0" sourceAnchorY="0.2765957446808511" targetAnchorX="0.22818791946308725" targetAnchorY="0.3783783783783784">
    <source href="assembly.xml#AM-Log"/>
    <target href="assembly.xml#SuppInvLineCustObjWDOutRest"/>
  </connections>
  <connections type="routesResponseTo" sourceAnchorX="0.7148936170212766" sourceAnchorY="1.0" targetAnchorX="0.25555555555555554" targetAnchorY="0.18085106382978725">
    <source href="assembly.xml#SuppInvLineCustObjWDOutRest"/>
    <target href="assembly.xml#AM-Log2"/>
  </connections>
  <connections type="routesTo" sourceAnchorX="0.41935483870967744" sourceAnchorY="1.0" targetAnchorX="0.36649214659685864" targetAnchorY="0.8918918918918919">
    <source href="assembly.xml#//@beans/@mixed.1/@mixed.27/@mixed.3"/>
    <target href="assembly.xml#PutIntegrationMessage1"/>
  </connections>
  <connections type="routesTo" sourceAnchorX="0.9652777777777778" sourceAnchorY="1.0" targetAnchorX="0.06217616580310881" targetAnchorY="0.2601626016260163">
    <source href="assembly.xml#SupplierInvCustomObjectStatusUpdate-IN"/>
    <target href="assembly.xml#AM-EvalStatus"/>
  </connections>
  <connections type="routesTo" sourceAnchorX="1.0" sourceAnchorY="0.24468085106382978" targetAnchorX="0.15859030837004406" targetAnchorY="0.5675675675675675">
    <source href="assembly.xml#AM-LogStatus"/>
    <target href="assembly.xml#SuppInvCustObjStatusWDRest"/>
  </connections>
  <connections type="routesResponseTo" sourceAnchorX="0.8502202643171806" sourceAnchorY="1.0" targetAnchorX="0.1044776119402985" targetAnchorY="0.3804347826086957">
    <source href="assembly.xml#SuppInvCustObjStatusWDRest"/>
    <target href="assembly.xml#AM-LogStatusResponse"/>
  </connections>
  <connections type="routesTo" sourceAnchorX="0.8620689655172413" sourceAnchorY="1.0" targetAnchorX="0.3208955223880597" targetAnchorY="0.7127659574468085">
    <source href="assembly.xml#SupplierInvListCustObjectStatusUpdate-IN"/>
    <target href="assembly.xml#AsyncMediation0"/>
  </connections>
  <connections type="routesTo" sourceAnchorX="0.8697318007662835" sourceAnchorY="1.0" targetAnchorX="0.04878048780487805" targetAnchorY="0.30666666666666664">
    <source href="assembly.xml#SupplierInvLineCustomObjUpdate-IN"/>
    <target href="assembly.xml#Route"/>
  </connections>
  <connections type="routesTo" sourceAnchorX="0.575" sourceAnchorY="1.0" targetAnchorX="0.4816753926701571" targetAnchorY="0.5675675675675675">
    <source href="assembly.xml#//@beans/@mixed.1/@mixed.45/@mixed.3"/>
    <target href="assembly.xml#PutIntegrationMessage0"/>
  </connections>
  <connections type="routesTo" sourceAnchorX="1.0" sourceAnchorY="0.8823529411764706" targetAnchorX="0.14814814814814814" targetAnchorY="0.312">
    <source href="assembly.xml#//@beans/@mixed.1/@route.0/@subRoute.0"/>
    <target href="assembly.xml#AM-EvalCAN"/>
  </connections>
  <connections type="routesTo" sourceAnchorX="1.0" sourceAnchorY="0.7352941176470589" targetAnchorX="0.46706586826347307" targetAnchorY="0.112">
    <source href="assembly.xml#//@beans/@mixed.1/@route.0/@subRoute.1"/>
    <target href="assembly.xml#AM-EvalOther"/>
  </connections>
  <connections type="routesTo" sourceAnchorX="1.0" sourceAnchorY="0.272" targetAnchorX="0.13253012048192772" targetAnchorY="0.7340425531914894">
    <source href="assembly.xml#AM-EvalOther"/>
    <target href="assembly.xml#AM-Log"/>
  </connections>
  <connections type="routesTo" sourceAnchorX="1.0" sourceAnchorY="0.144" targetAnchorX="0.1694915254237288" targetAnchorY="0.39361702127659576">
    <source href="assembly.xml#AM-EvalStatus"/>
    <target href="assembly.xml#AM-EvalQuote"/>
  </connections>
  <connections type="routesTo" sourceAnchorX="1.0" sourceAnchorY="0.39361702127659576" targetAnchorX="0.059322033898305086" targetAnchorY="0.7978723404255319">
    <source href="assembly.xml#AM-EvalQuote"/>
    <target href="assembly.xml#AM-LogStatus"/>
  </connections>
  <connections type="routesTo" sourceAnchorX="0.6518987341772152" sourceAnchorY="1.0" targetAnchorX="0.5759162303664922" targetAnchorY="0.10810810810810811">
    <source href="assembly.xml#//@beans/@mixed.1/@mixed.47/@mixed.3"/>
    <target href="assembly.xml#PutIntegrationMessage1"/>
  </connections>
  <connections type="routesTo" sourceAnchorX="0.9081967213114754" sourceAnchorY="1.0" targetAnchorX="0.13432835820895522" targetAnchorY="0.6808510638297872">
    <source href="assembly.xml#SupplierInvAdjCustomObjectStatusUpdate-IN"/>
    <target href="assembly.xml#AsyncMediation1"/>
  </connections>
  <connections type="routesResponseTo" sourceAnchorX="0.9194630872483222" sourceAnchorY="1.0" targetAnchorX="0.26119402985074625" targetAnchorY="0.7446808510638298">
    <source href="assembly.xml#SuppInvAdjCustObjStatusWDRest"/>
    <target href="assembly.xml#AsyncMediation3"/>
  </connections>
  <connections type="routesResponseTo" sourceAnchorX="0.8014705882352942" sourceAnchorY="1.0" targetAnchorX="0.3494809688581315" targetAnchorY="0.24324324324324326">
    <source href="assembly.xml#SupplierInvCustomObjectStatusUpdate"/>
    <target href="assembly.xml#SupplierInvAdjCustomObjectStatusUpdate"/>
  </connections>
  <connections type="routesTo" sourceAnchorX="0.9402985074626866" sourceAnchorY="1.0" targetAnchorX="0.1948529411764706" targetAnchorY="0.6486486486486487">
    <source href="assembly.xml#AsyncMediation0"/>
    <target href="assembly.xml#SupplierInvCustomObjectStatusUpdate"/>
  </connections>
  <connections type="routesTo" sourceAnchorX="0.7741935483870968" sourceAnchorY="1.0" targetAnchorX="0.6387096774193548" targetAnchorY="0.24324324324324326">
    <source href="assembly.xml#//@beans/@mixed.1/@mixed.59/@mixed.3"/>
    <target href="assembly.xml#PutIntegrationMessage0"/>
  </connections>
  <connections type="routesTo" sourceAnchorX="1.0" sourceAnchorY="0.9117647058823529" targetAnchorX="0.31297709923664124" targetAnchorY="0.22764227642276422">
    <source href="assembly.xml#//@beans/@mixed.1/@route.0/@subRoute.2"/>
    <target href="assembly.xml#AM-EvalUSA"/>
  </connections>
  <connections type="routesTo" sourceAnchorX="1.0" sourceAnchorY="0.23577235772357724" targetAnchorX="0.44594594594594594" targetAnchorY="0.7934782608695652">
    <source href="assembly.xml#AM-EvalUSA"/>
    <target href="assembly.xml#AM-Log"/>
  </connections>
  <connections type="routesTo" sourceAnchorX="1.0" sourceAnchorY="0.25" targetAnchorX="0.22564102564102564" targetAnchorY="0.5945945945945946">
    <source href="assembly.xml#AsyncMediation1"/>
    <target href="assembly.xml#SuppInvAdjCustObjStatusWDRest"/>
  </connections>
  <connections type="routesTo" sourceAnchorX="0.6695652173913044" sourceAnchorY="1.0" targetAnchorX="0.5096774193548387" targetAnchorY="0.5135135135135135">
    <source href="assembly.xml#//@beans/@mixed.1/@mixed.51/@mixed.3"/>
    <target href="assembly.xml#PutRestMessage"/>
  </connections>
  <swimlanes x="65" y="91" name="Update Tax in Supplier Invoice Custom Object">
    <elements href="assembly.xml#SupplierInvCustomObjectTaxUpdate-IN"/>
    <elements href="#//@swimlanes.1"/>
    <elements href="assembly.xml#AsyncMediation"/>
    <elements href="assembly.xml#SuppInvCustObjWorkdayOutRest"/>
    <elements href="assembly.xml#AM-LogResponse"/>
  </swimlanes>
  <swimlanes x="345" y="144" name="Swimlane" orientation="VERTICAL">
    <elements href="assembly.xml#AM-Eval"/>
    <elements href="assembly.xml#PutIntegrationMessage"/>
  </swimlanes>
  <swimlanes x="58" y="1010" name="Update Supplier Invoice Line Custom object">
    <elements href="assembly.xml#SupplierInvLineCustomObjUpdate-IN"/>
    <elements href="assembly.xml#Route"/>
    <elements href="#//@swimlanes.3"/>
    <elements href="assembly.xml#AM-Log"/>
    <elements href="assembly.xml#SuppInvLineCustObjWDOutRest"/>
    <elements href="assembly.xml#AM-Log2"/>
  </swimlanes>
  <swimlanes x="354" y="536" name="AM-EvalLine" orientation="VERTICAL">
    <elements href="assembly.xml#AM-EvalCAN"/>
    <elements href="assembly.xml#AM-EvalOther"/>
    <elements href="assembly.xml#AM-EvalUSA"/>
    <elements href="assembly.xml#PutIntegrationMessage0"/>
  </swimlanes>
  <swimlanes x="65" y="629" name="Update Status in Supplier Invoice Custom Object">
    <elements href="assembly.xml#SupplierInvCustomObjectStatusUpdate-IN"/>
    <elements href="#//@swimlanes.5"/>
    <elements href="assembly.xml#AM-LogStatus"/>
    <elements href="assembly.xml#SuppInvCustObjStatusWDRest"/>
    <elements href="assembly.xml#AM-LogStatusResponse"/>
  </swimlanes>
  <swimlanes x="337" y="484" name="Swimlane" orientation="VERTICAL">
    <elements href="#//@swimlanes.7"/>
    <elements href="assembly.xml#PutIntegrationMessage1"/>
  </swimlanes>
  <swimlanes x="65" y="441" name="Update Tax in Supplier Invoice Custom Object (Input parameter is List)">
    <elements href="assembly.xml#SupplierInvListCustObjectStatusUpdate-IN"/>
    <elements href="assembly.xml#AsyncMediation0"/>
    <elements href="assembly.xml#SupplierInvCustomObjectStatusUpdate"/>
    <elements href="assembly.xml#SupplierInvAdjCustomObjectStatusUpdate"/>
  </swimlanes>
  <swimlanes x="403" y="809" name="Swimlane">
    <elements href="assembly.xml#AM-EvalStatus"/>
    <elements href="assembly.xml#AM-EvalQuote"/>
  </swimlanes>
  <swimlanes x="71" y="1613" name="Update status in Supplier Invoice Adjustment Custom Object">
    <elements href="assembly.xml#SupplierInvAdjCustomObjectStatusUpdate-IN"/>
    <elements href="#//@swimlanes.9"/>
    <elements href="assembly.xml#SuppInvAdjCustObjStatusWDRest"/>
    <elements href="assembly.xml#AsyncMediation3"/>
  </swimlanes>
  <swimlanes x="349" y="1639" name="Swimlane" orientation="VERTICAL">
    <elements href="assembly.xml#AsyncMediation1"/>
    <elements href="assembly.xml#PutRestMessage"/>
  </swimlanes>
</wdnm:Diagram>
