<?xml version='1.0' encoding='UTF-8'?>
<env:Envelope xmlns:env="http://schemas.xmlsoap.org/soap/envelope/">
    <env:Body>
        <wd:Get_Payroll_USA_State_and_Local_Tax_Elections_Response
            xmlns:wd="urn:com.workday/bsvc"
            wd:version="v28.0">
            <wd:Request_Criteria>
                <wd:Worker_Reference>
                    <wd:ID wd:type="WID">87d48c90d2f5106a01853a43592ce7d5</wd:ID>
                    <wd:ID wd:type="Employee_ID">502550</wd:ID>
                </wd:Worker_Reference>
                <wd:Effective_Date>2017-08-18-07:00</wd:Effective_Date>
            </wd:Request_Criteria>
            <wd:Response_Filter>
                <wd:Page>1</wd:Page>
                <wd:Count>100</wd:Count>
            </wd:Response_Filter>
            <wd:Response_Group>
                <wd:Include_Reference>1</wd:Include_Reference>
            </wd:Response_Group>
            <wd:Response_Results>
                <wd:Total_Results>1</wd:Total_Results>
                <wd:Total_Pages>1</wd:Total_Pages>
                <wd:Page_Results>1</wd:Page_Results>
                <wd:Page>1</wd:Page>
            </wd:Response_Results>
            <wd:Response_Data>
                <wd:Payroll_State_and_Local_Tax_Election>
                    <wd:Worker_Reference>
                        <wd:ID wd:type="WID">87d48c90d2f5106a01853a43592ce7d5</wd:ID>
                        <wd:ID wd:type="Employee_ID">502550</wd:ID>
                    </wd:Worker_Reference>
                    <wd:Company_Reference>
                        <wd:ID wd:type="WID">8a81de01e08310a7d99068c29f8bc703</wd:ID>
                        <wd:ID wd:type="Organization_Reference_ID">American National Red Cross</wd:ID>
                        <wd:ID wd:type="Company_Reference_ID">American National Red Cross</wd:ID>
                    </wd:Company_Reference>
                    <wd:Effective_Date>2017-08-18-07:00</wd:Effective_Date>
                    <wd:Payroll_State_Authority_Data>
                        <wd:Payroll_State_Authority_Reference>
                            <wd:ID wd:type="WID">7c0f21f3a127401ca82ec30d4d75190b</wd:ID>
                            <wd:ID wd:type="Payroll_State_Authority_Tax_Code">34</wd:ID>
                        </wd:Payroll_State_Authority_Reference>
                        <wd:State_Income_Tax_Data>
                            <wd:Effective_Date>2017-08-07-07:00</wd:Effective_Date>
                            <wd:Payroll_Withholding_Status_Reference>
                                <wd:ID wd:type="WID">0835d9096e8145b88881b8a9f44ba2a3</wd:ID>
                                <wd:ID wd:type="Payroll_Marital_Status_ID">Single</wd:ID>
                            </wd:Payroll_Withholding_Status_Reference>
                            <wd:Certificate_of_Non-Residence>1</wd:Certificate_of_Non-Residence>
                        </wd:State_Income_Tax_Data>
                    </wd:Payroll_State_Authority_Data>
                    <wd:Payroll_State_Authority_Data>
                        <wd:Payroll_State_Authority_Reference>
                            <wd:ID wd:type="WID">d49c14d70552421cbf586e89c88ef399</wd:ID>
                            <wd:ID wd:type="Payroll_State_Authority_Tax_Code">42</wd:ID>
                        </wd:Payroll_State_Authority_Reference>
                        <wd:State_Income_Tax_Data>
                            <wd:Effective_Date>2017-07-28-07:00</wd:Effective_Date>
                        </wd:State_Income_Tax_Data>
                        <wd:Payroll_State_County_Tax_Data>
                            <wd:Effective_Date>2016-10-21-07:00</wd:Effective_Date>
                            <wd:Tax_Address_Type_Reference>
                                <wd:ID wd:type="WID">2e5565080f094d34b7da7498ce26e154</wd:ID>
                                <wd:ID wd:type="Tax_Address_Type_ID">HOME</wd:ID>
                            </wd:Tax_Address_Type_Reference>
                            <wd:Payroll_Local_County_Authority_Reference>
                                <wd:ID wd:type="WID">f322ed9a988340a58d0f45dd1fc44d0d</wd:ID>
                                <wd:ID wd:type="Payroll_Local_County_Authority_Tax_Code">42077</wd:ID>
                            </wd:Payroll_Local_County_Authority_Reference>
                            <wd:County_Additional_Amount>0</wd:County_Additional_Amount>
                            <wd:Inactivate_State_Tax>1</wd:Inactivate_State_Tax>
                        </wd:Payroll_State_County_Tax_Data>
                        <wd:Payroll_State_County_Tax_Data>
                            <wd:Effective_Date>2017-08-07-07:00</wd:Effective_Date>
                            <wd:Tax_Address_Type_Reference>
                                <wd:ID wd:type="WID">2e5565080f094d34b7da7498ce26e154</wd:ID>
                                <wd:ID wd:type="Tax_Address_Type_ID">HOME</wd:ID>
                            </wd:Tax_Address_Type_Reference>
                            <wd:Payroll_Local_County_Authority_Reference>
                                <wd:ID wd:type="WID">ab0717d77dcb40d4b50b5c41884d82bc</wd:ID>
                                <wd:ID wd:type="Payroll_Local_County_Authority_Tax_Code">42101</wd:ID>
                            </wd:Payroll_Local_County_Authority_Reference>
                            <wd:County_Additional_Amount>0</wd:County_Additional_Amount>
                            <wd:Inactivate_State_Tax>1</wd:Inactivate_State_Tax>
                        </wd:Payroll_State_County_Tax_Data>
                        <wd:Payroll_State_County_Tax_Data>
                            <wd:Effective_Date>2017-07-28-07:00</wd:Effective_Date>
                            <wd:Tax_Address_Type_Reference>
                                <wd:ID wd:type="WID">a461c75037284c25b74be51d6730843d</wd:ID>
                                <wd:ID wd:type="Tax_Address_Type_ID">WORK</wd:ID>
                            </wd:Tax_Address_Type_Reference>
                            <wd:Payroll_Local_County_Authority_Reference>
                                <wd:ID wd:type="WID">ab0717d77dcb40d4b50b5c41884d82bc</wd:ID>
                                <wd:ID wd:type="Payroll_Local_County_Authority_Tax_Code">42101</wd:ID>
                            </wd:Payroll_Local_County_Authority_Reference>
                            <wd:County_Additional_Amount>0</wd:County_Additional_Amount>
                            <wd:Inactivate_State_Tax>0</wd:Inactivate_State_Tax>
                        </wd:Payroll_State_County_Tax_Data>
                        <wd:Payroll_State_City_Tax_Data>
                            <wd:Effective_Date>2016-10-21-07:00</wd:Effective_Date>
                            <wd:Tax_Address_Type_Reference>
                                <wd:ID wd:type="WID">2e5565080f094d34b7da7498ce26e154</wd:ID>
                                <wd:ID wd:type="Tax_Address_Type_ID">HOME</wd:ID>
                            </wd:Tax_Address_Type_Reference>
                            <wd:Payroll_Local_City_Authority_Reference>
                                <wd:ID wd:type="WID">34a3c57131a1444f8591c140a96b470c</wd:ID>
                                <wd:ID wd:type="Payroll_Local_City_Authority_Tax_Code">42390062</wd:ID>
                            </wd:Payroll_Local_City_Authority_Reference>
                            <wd:Exemptions>0</wd:Exemptions>
                            <wd:Previous_Employer_Deducted_Amount>0</wd:Previous_Employer_Deducted_Amount>
                            <wd:Additional_Amount>0</wd:Additional_Amount>
                            <wd:Nonresident_Alien>0</wd:Nonresident_Alien>
                            <wd:Low_Income_Threshold>0</wd:Low_Income_Threshold>
                            <wd:Exempt>0</wd:Exempt>
                            <wd:Inactivate_State_Tax>1</wd:Inactivate_State_Tax>
                        </wd:Payroll_State_City_Tax_Data>
                        <wd:Payroll_State_City_Tax_Data>
                            <wd:Effective_Date>2017-08-07-07:00</wd:Effective_Date>
                            <wd:Tax_Address_Type_Reference>
                                <wd:ID wd:type="WID">2e5565080f094d34b7da7498ce26e154</wd:ID>
                                <wd:ID wd:type="Tax_Address_Type_ID">HOME</wd:ID>
                            </wd:Tax_Address_Type_Reference>
                            <wd:Payroll_Local_City_Authority_Reference>
                                <wd:ID wd:type="WID">2bea7dff7cd842b1838863b403df125c</wd:ID>
                                <wd:ID wd:type="Payroll_Local_City_Authority_Tax_Code">42510012</wd:ID>
                            </wd:Payroll_Local_City_Authority_Reference>
                            <wd:Exemptions>0</wd:Exemptions>
                            <wd:Previous_Employer_Deducted_Amount>0</wd:Previous_Employer_Deducted_Amount>
                            <wd:Additional_Amount>0</wd:Additional_Amount>
                            <wd:Nonresident_Alien>0</wd:Nonresident_Alien>
                            <wd:Low_Income_Threshold>0</wd:Low_Income_Threshold>
                            <wd:Exempt>0</wd:Exempt>
                            <wd:Inactivate_State_Tax>1</wd:Inactivate_State_Tax>
                        </wd:Payroll_State_City_Tax_Data>
                        <wd:Payroll_State_City_Tax_Data>
                            <wd:Effective_Date>2017-07-28-07:00</wd:Effective_Date>
                            <wd:Tax_Address_Type_Reference>
                                <wd:ID wd:type="WID">a461c75037284c25b74be51d6730843d</wd:ID>
                                <wd:ID wd:type="Tax_Address_Type_ID">WORK</wd:ID>
                            </wd:Tax_Address_Type_Reference>
                            <wd:Payroll_Local_City_Authority_Reference>
                                <wd:ID wd:type="WID">2bea7dff7cd842b1838863b403df125c</wd:ID>
                                <wd:ID wd:type="Payroll_Local_City_Authority_Tax_Code">42510012</wd:ID>
                            </wd:Payroll_Local_City_Authority_Reference>
                            <wd:Exemptions>0</wd:Exemptions>
                            <wd:Previous_Employer_Deducted_Amount>0</wd:Previous_Employer_Deducted_Amount>
                            <wd:Additional_Amount>0</wd:Additional_Amount>
                            <wd:Nonresident_Alien>0</wd:Nonresident_Alien>
                            <wd:Low_Income_Threshold>0</wd:Low_Income_Threshold>
                            <wd:Exempt>0</wd:Exempt>
                            <wd:Inactivate_State_Tax>0</wd:Inactivate_State_Tax>
                        </wd:Payroll_State_City_Tax_Data>
                        <wd:Payroll_State_School_District_Tax_Data>
                            <wd:Effective_Date>2017-08-07-07:00</wd:Effective_Date>
                            <wd:Payroll_Local_School_District_Authority_Reference>
                                <wd:ID wd:type="WID">78aa9f28b7b74291a8b1acca03bac80e</wd:ID>
                                <wd:ID wd:type="Payroll_Local_School_District_Authority_Tax_Code">42515001</wd:ID>
                            </wd:Payroll_Local_School_District_Authority_Reference>
                            <wd:Exempt>0</wd:Exempt>
                            <wd:Previous_Employer_Deducted_Amount>0</wd:Previous_Employer_Deducted_Amount>
                            <wd:Inactivate_State_Tax>1</wd:Inactivate_State_Tax>
                        </wd:Payroll_State_School_District_Tax_Data>
                    </wd:Payroll_State_Authority_Data>
                </wd:Payroll_State_and_Local_Tax_Election>
            </wd:Response_Data>
        </wd:Get_Payroll_USA_State_and_Local_Tax_Elections_Response>
    </env:Body>
</env:Envelope>