<?xml version="1.0" encoding="UTF-8"?>
<beans
     xmlns="http://www.springframework.org/schema/beans"
     xmlns:beans="http://www.springframework.org/schema/beans"
     xmlns:atom="http://www.w3.org/2005/Atom"
     xmlns:cc="http://www.capeclear.com/assembly/10"
     xmlns:cloud="urn:com.workday/esb/cloud/10.0"
     xmlns:env="http://schemas.xmlsoap.org/soap/envelope/"
     xmlns:pi="urn:com.workday/picof"
     xmlns:wd="urn:com.workday/bsvc"
     xmlns:xsi="http://www.w3.org/2001/XMLSchema-instance">
 
	<cc:assembly id="WorkdayAssembly" version="2024.37">
        <cc:workday-in id="StartHere" routes-to="AsyncMediation">
            <cc:integration-system name="VSR_Repository_Document">
        <cloud:param name="Integration Document">
          <cloud:type>
            <cloud:class-report-field description="Repository Document" type="WID" singular="false">1265f2f1996d4325b898f2eafc88b589</cloud:class-report-field>
          </cloud:type>
          <cloud:default/>
        </cloud:param>
        <cloud:attribute-map-service name="VSR_In">
          <cloud:map>
            <cloud:internal-type>
              <cloud:simple-type>text</cloud:simple-type>
            </cloud:internal-type>
            <cloud:external-type>
              <cloud:simple-type>text</cloud:simple-type>
            </cloud:external-type>
          </cloud:map>
        </cloud:attribute-map-service>
      </cc:integration-system>
        </cc:workday-in>
        <cc:async-mediation id="AsyncMediation">
            <cc:steps>
                <cc:eval id="Eval">
                    <cc:expression>props['input.document.reference'] = empty</cc:expression>
                    <cc:expression>props['input.document.reference'] = lp.getReferenceData('Integration Document', 'Document_ID')</cc:expression>
                    <cc:expression>props['index.of.separator'] = props['input.document.reference'].indexOf(&quot;/&quot;)</cc:expression>
                    <cc:expression>props['input.document.collection'] = props['input.document.reference'].substring(0, props['index.of.separator'])</cc:expression>
                    <cc:expression>props['input.document.entry'] = props['input.document.reference'].substring(props['index.of.separator'] + 1)</cc:expression>
                </cc:eval>
                <cc:log id="Log">
                    <cc:log-message>
                        <cc:text>******************Log Afer Eval******************************&#xD;
props['input.document.reference'] : @{props['input.document.reference']}&#xD;
props['index.of.separator'] : @{props['index.of.separator']}&#xD;
props['input.document.collection'] : @{props['input.document.collection']}&#xD;
props['input.document.entry'] : @{props['input.document.entry']}&#xD;
******************Log Afer Eval******************************&#xD;
&#xD;
</cc:text>
                    </cc:log-message>
                </cc:log>
                <cc:log id="Log0">
                    <cc:log-message>
                        <cc:text>************************Reference Data*************************</cc:text>
                        <cc:message-content/>
                        <cc:text>************************Reference Data*************************</cc:text>
                    </cc:log-message>
                </cc:log>
                <cc:validate-exp id="ValidateExp">
                    <cc:expression failure-message="There is no integration document being passed to the launch parameter. Please run integration from the included business process.">props['input.document.reference'] != empty</cc:expression>
                </cc:validate-exp>
                <cc:retrieve id="Retrieve" collection="@{props['input.document.collection']}" entry="@{props['input.document.entry']}"/>
                <cc:xslt-plus id="XsltPlus" url="Extarct_Worker.xsl"/>
                <cc:log id="Log1">
                    <cc:log-message>
                        <cc:text>*********************Data After XSLT*******************************</cc:text>
                        <cc:message-content/>
                        <cc:text>*********************Data After XSLT*******************************</cc:text>
                    </cc:log-message>
                </cc:log>
            </cc:steps>
        </cc:async-mediation>
	</cc:assembly>

</beans>