<?xml version="1.0" encoding="UTF-8"?>
<beans
     xmlns="http://www.springframework.org/schema/beans"
     xmlns:beans="http://www.springframework.org/schema/beans"
     xmlns:atom="http://www.w3.org/2005/Atom"
     xmlns:cc="http://www.capeclear.com/assembly/10"
     xmlns:cloud="urn:com.workday/esb/cloud/10.0"
     xmlns:env="http://schemas.xmlsoap.org/soap/envelope/"
     xmlns:pi="urn:com.workday/picof"
     xmlns:wd="urn:com.workday/bsvc"
     xmlns:xsi="http://www.w3.org/2001/XMLSchema-instance">
 
	<cc:assembly id="WorkdayAssembly" version="2020.9">
        <cc:workday-in id="StartHere" routes-to="SetParams">
            <cc:integration-system name="POV_Integration_Batch_Execution">
        <cloud:param name="Validation Mode">
          <cloud:type>
            <cloud:simple-type>boolean</cloud:simple-type>
          </cloud:type>
        </cloud:param>
        <cloud:retrieval-service name="Input_File"/>
        <cloud:report-service name="POV Fetch Events">
          <cloud:report-alias description="POV_Fetch Integration Events" name="Report 1">
            <cloud:report-reference description="POV_Fetch Integration Events" type="WID">02e69360494101d1ac051062a1255033</cloud:report-reference>
          </cloud:report-alias>
        </cloud:report-service>
      </cc:integration-system>
        </cc:workday-in>
        <cc:async-mediation id="SetParams" routes-to="CallFetchinputFile" handle-downstream-errors="true">
            <cc:steps>
                <cc:eval id="Eval">
                    <cc:expression>props['validate.Mode']= lp.getSimpleData('Validation Mode')</cc:expression>
                    <cc:expression>props['a.collate']= true; props['a.batch']= false;</cc:expression>
                </cc:eval>
            </cc:steps>
            <cc:send-error id="SendError" routes-to="PutErrorMessage1"/>
        </cc:async-mediation>
        <cc:local-in id="FetchInputFile" routes-to="ValidateInputFile"/>
        <cc:async-mediation id="ValidateInputFile" routes-to="Route" handle-downstream-errors="true">
            <cc:steps>
                <cc:eval id="Eval">
                    <cc:expression>props['index']=0;</cc:expression>
                    <cc:expression>props['file.count']= da.size();</cc:expression>
                </cc:eval>
                <cc:validate-exp id="ValidateExp">
                    <cc:expression failure-message="No Input file found on SFTP server.">props['file.count']!=0</cc:expression>
                </cc:validate-exp>
            </cc:steps>
            <cc:send-error id="SendError" routes-to="PutErrorMessage"/>
        </cc:async-mediation>
        <cc:local-out id="PutErrorMessage" endpoint="vm://wcc/PutIntegrationMessage"><cc:set name="is.message.severity" value="'CRITICAL'"/><cc:set name="is.message.summary" value="'Error generated while fetching input file. ' + context.errorMessage"/></cc:local-out>
        <cc:route id="Route">
            <cc:doc-iterator/>
            <cc:sub-route name="FetchDoc" routes-to="ErrorHandler0"/>
        </cc:route>
        <cc:local-out id="PutErrorMessage0" endpoint="vm://wcc/PutIntegrationMessage">
            <cc:set name="is.message.severity" value="'CRITICAL'"/>
            <cc:set name="is.message.summary" value="context.errorMessage"/>
        </cc:local-out>
        <cc:async-mediation id="ErrorHandler0" handle-downstream-errors="true">
            <cc:steps>
                <cc:eval id="Eval">
                    <cc:expression>da.toVar(props['index'],'input.file')</cc:expression>
                    <cc:expression>props['index']= props['index']+1;</cc:expression>
                </cc:eval>
            </cc:steps>
            <cc:send-error id="SendError" routes-to="PutErrorMessage0"/>
        </cc:async-mediation>
        <cc:local-out id="PutErrorMessage1" endpoint="vm://wcc/PutIntegrationMessage">
            <cc:set name="is.message.severity" value="'CRITICAL'"/>
            <cc:set name="is.message.summary" value="'Error generated while fetching input file. ' + context.errorMessage"/>
        </cc:local-out>
        <cc:local-in id="FormatInputFile" routes-to="ExcelToCSV"/>
        <cc:local-out id="CallFetchinputFile" store-message="none" routes-response-to="CallFormateInputFile" endpoint="vm://POV_Integration_Batch_Execution/FetchInputFile"/>
        <cc:local-out id="CallFormateInputFile" store-message="none" routes-response-to="CallFetchIntegrationIDs" endpoint="vm://POV_Integration_Batch_Execution/FormatInputFile"/>
        <cc:local-out id="PutErrorMessage2" endpoint="vm://wcc/PutIntegrationMessage">
            <cc:set name="is.message.severity" value="'ERROR'"/>
            <cc:set name="is.message.summary" value="context.errorMessage"/>
        </cc:local-out>
        <cc:async-mediation id="ExcelToCSV" handle-downstream-errors="true">
            <cc:steps>
                <cc:text-excel id="TextExcel" output-mimetype="text/plain" input="variable" input-variable="input.file" excelsheetnumber="1" excelstyle="sheet" style="excel2text"/>
                <cc:csv-to-xml id="CsvToXml" useFirstLineAsHeader="false"/>
                <cc:xslt-plus id="XsltPlus" output="variable" output-variable="LP.deatil" url="FormatSheet1.xsl"/>
            </cc:steps>
            <cc:send-error id="SendError" routes-to="PutErrorMessage2"/>
        </cc:async-mediation>
        <cc:local-in id="ProcessEachIntegration" routes-to="ExcelToCSV0"/>
        <cc:local-out id="CallProcessEachIntegration" store-message="none" routes-response-to="SetAggrParams" endpoint="vm://POV_Integration_Batch_Execution/ProcessEachIntegration"/>
        <cc:local-out id="PutErrorMessage20" endpoint="vm://wcc/PutIntegrationMessage">
            <cc:set name="is.message.severity" value="'ERROR'"/>
            <cc:set name="is.message.summary" value="context.errorMessage"/>
        </cc:local-out>
        <cc:async-mediation id="ExcelToCSV0" routes-to="Splitter" handle-downstream-errors="true">
            <cc:steps>
                <cc:text-excel id="TextExcel" output-mimetype="text/plain" input="variable" input-variable="input.file" excelsheetnumber="2" excelstyle="sheet" style="excel2text"/>
                <cc:csv-to-xml id="CsvToXml" useFirstLineAsHeader="false"/>
                <cc:xslt-plus id="XsltPlus" url="FormatLPValues.xsl"/>
            </cc:steps>
            <cc:send-error id="SendError" routes-to="PutErrorMessage20"/>
        </cc:async-mediation>
        <cc:splitter id="Splitter">
            <cc:sub-route name="SubRoute" routes-to="CombineData"/>
            <cc:xml-stream-splitter xpath="root/row"/>
        </cc:splitter>
        <cc:local-out id="PutErrorMessage200" endpoint="vm://wcc/PutIntegrationMessage">
            <cc:set name="is.message.severity" value="'ERROR'"/>
            <cc:set name="is.message.summary" value="context.errorMessage"/>
        </cc:local-out>
        <cc:async-mediation id="CombineData" routes-to="Aggregator" handle-downstream-errors="true">
            <cc:steps>
                <cc:copy id="Copy" input="variable" input-variable="LP.deatil" append-to-output-element="true" output-xpath="/*"/>
            </cc:steps>
            <cc:send-error id="SendError" routes-to="PutErrorMessage200"/>
        </cc:async-mediation>
        <cc:aggregator id="Aggregator" routes-to="Copy" collate-when="props['a.collate']" force-batch-on-last-message="false" force-batch-when="props['a.batch']">
            <cc:size-batch-strategy batch-size="-1"/>
            <cc:xml-message-content-collater>
        <cc:header-text>&lt;root></cc:header-text>
        <cc:footer-text>&lt;/root></cc:footer-text>
      </cc:xml-message-content-collater>
        </cc:aggregator>
        <cc:async-mediation id="Copy" routes-to="Splitter0">
            <cc:steps>
                <cc:copy id="Copy"/>
            </cc:steps>
            <cc:send-error id="SendError" routes-to="PutErrorMessage20000"/>
        </cc:async-mediation>
        <cc:splitter id="Splitter0">
            <cc:sub-route name="SubRoute" routes-to="Copy0"/>
            <cc:xml-stream-splitter xpath="/root/row"/>
        </cc:splitter>
        <cc:local-out id="PutErrorMessage20000" endpoint="vm://wcc/PutIntegrationMessage">
            <cc:set name="is.message.severity" value="'ERROR'"/>
            <cc:set name="is.message.summary" value="context.errorMessage"/>
        </cc:local-out>
        <cc:local-out id="CallLaunchINT" store-message="none" endpoint="vm://POV_Integration_Batch_Execution/LaunchINT"/>
        <cc:local-in id="LaunchINT" routes-to="CreateRequest"/>
        <cc:async-mediation id="CreateRequest" routes-to="CreateLaunchRequest" handle-downstream-errors="true">
            <cc:steps>
                <cc:eval id="Eval">
                    <cc:expression>props['intID']= parts[0].xpath('/row/INTID'); props['success']=false;</cc:expression>
                </cc:eval>
                <cc:eval id="Eval0">
                    <cc:expression>props['xpath']= '/row/root/row[INTID=&quot;'+props['intID']+'&quot;]/INTType'</cc:expression>
                    <cc:expression>props['a.int.type']= parts[0].xpath(props['xpath'])</cc:expression>
                </cc:eval>
            </cc:steps>
            <cc:send-error id="SendError" routes-to="LogSuccess0"/>
        </cc:async-mediation>
        <cc:workday-out-soap id="WorkdayOutSoap" routes-response-to="RemoveValidation" application="Integrations" version="v34.2"/>
        <cc:local-out id="PutErrorMessage2000" endpoint="vm://wcc/PutIntegrationMessage">
            <cc:set name="is.message.severity" value="'ERROR'"/>
            <cc:set name="is.message.summary" value="context.errorMessage"/>
        </cc:local-out>
        <cc:async-mediation id="FetchEventID" routes-to="LogSuccess" handle-downstream-errors="true">
            <cc:steps>
                <cc:eval id="Eval">
                    <cc:expression>props['event.Ref']=''</cc:expression>
                    <cc:expression>props['event.Ref'] = parts[0].xpath('/env:Envelope/env:Body/wd:Launch_Integration_Event_Response/wd:Integration_Event/wd:Integration_Event_Reference/wd:ID[@wd:type=&quot;Background_Process_Instance_ID&quot;]')</cc:expression>
                    <cc:expression>props['event.Ref'] = props['event.Ref']==''? parts[0].xpath('/env:Envelope/env:Body/wd:Launch_EIB_Response/wd:Integration_Event/wd:Integration_Event_Reference/wd:ID[@wd:type=&quot;Background_Process_Instance_ID&quot;]'):props['event.Ref']</cc:expression>
                    <cc:expression>props['success']=true;</cc:expression>
                </cc:eval>
            </cc:steps>
            <cc:send-error id="SendError" routes-to="PutErrorMessage2000"/>
        </cc:async-mediation>
        <cc:async-mediation id="LogSuccess" execute-steps-when="props['success']">
            <cc:steps>
                <cc:cloud-log id="CloudLog" level="info" message="@{props['intID']} launched successfully." message-details="Refer the Background Process ID to check the event. &#xD;&#xA;@{props['event.Ref']}" output-file-type="HTML">
                    <cc:log-column key="IntegrationID" label="Integration ID">@{props['intID']}</cc:log-column>
                </cc:cloud-log></cc:steps>
            <cc:send-error id="SendError" routes-to="PutErrorMessage2000"/>
        </cc:async-mediation>
        <cc:async-mediation id="LogSuccess0" execute-steps-when="props['success']==false">
            <cc:steps>
                <cc:eval id="Eval">
                    <cc:expression>props['error.message']= context.errorMessage</cc:expression>
                </cc:eval>
                <cc:cloud-log id="CloudLog" level="error" message="Error generated while launching integration @{props['intID']}." message-details="Refer the below Error Message:&#xD;&#xA;@{props['error.message']}" output-file-type="HTML">
                    <cc:log-column key="IntegrationID" label="Integration ID">@{props['intID']}</cc:log-column>
                </cc:cloud-log>
            </cc:steps>
            <cc:send-error id="SendError" routes-to="PutErrorMessage20001"/>
        </cc:async-mediation>
        <cc:local-out id="PutErrorMessage20001" endpoint="vm://wcc/PutIntegrationMessage">
            <cc:set name="is.message.severity" value="'ERROR'"/>
            <cc:set name="is.message.summary" value="context.errorMessage"/>
        </cc:local-out>
        <cc:local-out id="PutErrorMessage10" endpoint="vm://wcc/PutIntegrationMessage">
            <cc:set name="is.message.severity" value="'CRITICAL'"/>
            <cc:set name="is.message.summary" value="'Error generated while fetching input file. ' + context.errorMessage"/>
        </cc:local-out>
        <cc:async-mediation id="StoreLog" routes-to="PutIntegrationSuccessMsg" handle-downstream-errors="true">
            <cc:steps>
                <cc:store id="Store" output="variable" output-variable="Final.Log" input="variable" input-variable="cloud-log-content" createDocumentReference="true" expiresIn="P180D" summary="Cloud Log" title="Cloud Log.html"/>
            </cc:steps>
            <cc:send-error id="SendError" routes-to="PutErrorMessage10"/>
        </cc:async-mediation>
        <cc:local-out id="PutIntegrationSuccessMsg" endpoint="vm://wcc/PutIntegrationMessage"><cc:set name="is.message.severity" value="'INFO'"/><cc:set name="is.message.summary" value="'Integration completed successfully.'"/><cc:set name="is.document.variable.name" value="'Final.Log'"/><cc:set name="is.document.file.name" value="'Cloud log.html'"/><cc:set name="is.message.storage.enabled" value="true"/></cc:local-out>
        <cc:async-mediation id="addValidateMode" routes-to="WorkdayOutSoap" execute-steps-when="props['validate.Mode']">
            <cc:steps>
                <cc:set-headers id="SetHeaders"><cc:remove-headers/><cc:add-headers>
    <cc:add-header name="X-Validate-Only" value="1"/>
</cc:add-headers></cc:set-headers>
            </cc:steps>
        </cc:async-mediation>
        <cc:async-mediation id="RemoveValidation" routes-to="FetchEventID">
            <cc:steps>
                <cc:set-headers id="SetHeaders">
                    <cc:remove-headers>
                        <cc:remove-header name="X-Validate-Only"/>
                    </cc:remove-headers>
                    <cc:add-headers/>
                </cc:set-headers>
                <cc:log id="Log">
                    <cc:log-message>
                        <cc:message-content/>
                    </cc:log-message>
                </cc:log>
            </cc:steps>
        </cc:async-mediation>
        <cc:local-out id="PutErrorMessage11" endpoint="vm://wcc/PutIntegrationMessage">
            <cc:set name="is.message.severity" value="'CRITICAL'"/>
            <cc:set name="is.message.summary" value="'Error generated while fetching input file. ' + context.errorMessage"/>
        </cc:local-out>
        <cc:async-mediation id="SetAggrParams" routes-to="CallAggregate" handle-downstream-errors="true">
            <cc:steps>
                <cc:eval id="Eval">
                    <cc:expression>props['a.collate']= false; props['a.batch']= true;</cc:expression>
                </cc:eval>
            </cc:steps>
            <cc:send-error id="SendError" routes-to="PutErrorMessage11"/>
        </cc:async-mediation>
        <cc:local-out id="CallAggregate" store-message="none" routes-response-to="StoreLog" endpoint="vm://POV_Integration_Batch_Execution/Aggregate"/>
        <cc:local-in id="Aggregate" routes-to="Aggregator"/>
        <cc:local-out id="PutErrorMessage200000" endpoint="vm://wcc/PutIntegrationMessage">
            <cc:set name="is.message.severity" value="'ERROR'"/>
            <cc:set name="is.message.summary" value="context.errorMessage"/>
        </cc:local-out>
        <cc:async-mediation id="Copy0" routes-to="CallLaunchINT">
            <cc:steps>
                <cc:copy id="Copy" output="message"/>
            </cc:steps>
            <cc:send-error id="SendError" routes-to="PutErrorMessage200000"/>
        </cc:async-mediation>
        <cc:local-out id="PutErrorMessage110" endpoint="vm://wcc/PutIntegrationMessage">
            <cc:set name="is.message.severity" value="'ERROR'"/>
            <cc:set name="is.message.summary" value="context.errorMessage"/>
        </cc:local-out>
        <cc:async-mediation id="CreateLaunchRequest" routes-to="CallCreReqForOtherType" execute-steps-when="props['a.int.type']=='Studio' || props['a.int.type']=='EIB'" handle-downstream-errors="false">
            <cc:steps>
                <cc:xslt-plus id="XsltPlus" input="message" url="CreateWSRequest.xsl"/>
            </cc:steps>
            <cc:send-error id="SendError" routes-to="PutErrorMessage110"/>
        </cc:async-mediation>
        <cc:local-out id="CallCreReqForOtherType" store-message="none" execute-when="props['a.int.type']!='Studio' &amp;&amp; props['a.int.type']!='EIB'" routes-response-to="addValidateMode" endpoint="vm://POV_Integration_Batch_Execution/CreReqForOtherType"/>
        <cc:local-in id="CreReqForOtherType" routes-to="CatchError"/>
        <cc:local-out id="PutErrorMessage1100" endpoint="vm://wcc/PutIntegrationMessage">
            <cc:set name="is.message.severity" value="'ERROR'"/>
            <cc:set name="is.message.summary" value="context.errorMessage"/>
        </cc:local-out>
        <cc:async-mediation id="CatchError" routes-to="CallReport" handle-downstream-errors="true">
            <cc:steps>
                <cc:copy id="Copy" output="variable" output-variable="a.int.part"/>
            </cc:steps>
            <cc:send-error id="SendError" routes-to="PutErrorMessage1100"/>
        </cc:async-mediation>
        <cc:workday-out-rest id="CallReport" routes-response-to="FetchLastEvent" extra-path="@{intsys.reportService.getExtrapath('Report 1')}?Integration_System!Integration_System_ID=@{props['intID']}"/>
        <cc:local-out id="PutErrorMessage11000" endpoint="vm://wcc/PutIntegrationMessage">
            <cc:set name="is.message.severity" value="'ERROR'"/>
            <cc:set name="is.message.summary" value="context.errorMessage"/>
        </cc:local-out>
        <cc:async-mediation id="FetchLastEvent" routes-to="CallEventDetail" handle-downstream-errors="true">
            <cc:steps>
                <cc:eval id="Eval">
                    <cc:expression>props['last.event.id']= parts[0].xpath('wd:Report_Data/wd:Report_Entry/wd:Last_Integration_Event/wd:ID[@wd:type=&quot;Background_Process_Instance_ID&quot;]','wd urn:com.workday.report/POV_Fetch_Integration_Events')</cc:expression>
                </cc:eval>
                <cc:write id="Write">
                    <cc:message>
                        <cc:text>&lt;?xml version=&quot;1.0&quot; encoding=&quot;UTF-8&quot;?>&#xD;
&lt;env:Envelope&#xD;
    xmlns:env=&quot;http://schemas.xmlsoap.org/soap/envelope/&quot;&#xD;
    xmlns:xsd=&quot;http://www.w3.org/2001/XMLSchema&quot;>&#xD;
    &lt;env:Body>&#xD;
        &lt;wd:Get_Integration_Events_Request&#xD;
            xmlns:wd=&quot;urn:com.workday/bsvc&quot;&#xD;
            wd:version=&quot;v34.2&quot;>&#xD;
            &lt;wd:Request_References wd:Ignore_Invalid_References=&quot;true&quot;>&#xD;
                &lt;wd:Integration_Event_Reference>&#xD;
                    &lt;wd:ID wd:type=&quot;Background_Process_Instance_ID&quot;>@{props['last.event.id']}&lt;/wd:ID>&#xD;
                &lt;/wd:Integration_Event_Reference>&#xD;
            &lt;/wd:Request_References>&#xD;
            &lt;wd:Response_Filter>&#xD;
           &#xD;
                &lt;wd:Page>1&lt;/wd:Page>&#xD;
                &lt;wd:Count>100&lt;/wd:Count>&#xD;
            &lt;/wd:Response_Filter>&#xD;
        &lt;/wd:Get_Integration_Events_Request>&#xD;
    &lt;/env:Body>&#xD;
&lt;/env:Envelope></cc:text>
                    </cc:message>
                </cc:write>
            </cc:steps>
            <cc:send-error id="SendError" routes-to="PutErrorMessage11000"/>
        </cc:async-mediation>
        <cc:workday-out-soap id="CallEventDetail" routes-response-to="SaveToVar" application="Integrations" version="v34.2"/>
        <cc:async-mediation id="SaveToVar" handle-downstream-errors="true">
            <cc:steps>
                <cc:copy id="Copy" output="message" input="variable" input-variable="a.int.part" append-to-output-element="true" output-xpath="/*"/>
                <cc:xslt-plus id="XsltPlus" url="FetchParentType.xsl"/>
                <cc:copy id="Copy0" input="variable" input-variable="formatted.integration.ids" append-to-output-element="true" output-xpath="/*"/>
                <cc:xslt-plus id="XsltPlus0" url="LaunchOtherIntegrationWSRequest.xsl"/>
            </cc:steps>
            <cc:send-error id="SendError" routes-to="LogSuccess00"/>
        </cc:async-mediation>
        <cc:local-out id="CallFetchIntegrationIDs" store-message="none" routes-response-to="CallProcessEachIntegration" endpoint="vm://POV_Integration_Batch_Execution/FetchIntegrationIDs"/>
        <cc:local-out id="PutErrorMessage200010" endpoint="vm://wcc/PutIntegrationMessage">
            <cc:set name="is.message.severity" value="'ERROR'"/>
            <cc:set name="is.message.summary" value="context.errorMessage"/>
        </cc:local-out>
        <cc:async-mediation id="writeexcelFile">
            <cc:steps>
                <cc:eval id="Eval">
                    <cc:expression>util.readFileToVar('integration.ids', 'Integration_IDs.xlsx')</cc:expression>
                </cc:eval>
                <cc:text-excel id="TextExcel" output-mimetype="text/plain" input="variable" input-variable="integration.ids" excelsheetnumber="1" excelstyle="sheet" style="excel2text"/>
                <cc:csv-to-xml id="CsvToXml"/>
                <cc:xslt-plus id="XsltPlus" output="variable" output-variable="formatted.integration.ids" url="FormatIntegrationIDs.xsl"/>
            </cc:steps>
            <cc:send-error id="SendError" routes-to="PutErrorMessage200010"/>
        </cc:async-mediation>
        <cc:local-in id="FetchIntegrationIDs" routes-to="writeexcelFile"/>
        <cc:local-out id="PutErrorMessage200011" endpoint="vm://wcc/PutIntegrationMessage">
            <cc:set name="is.message.severity" value="'ERROR'"/>
            <cc:set name="is.message.summary" value="context.errorMessage"/>
        </cc:local-out>
        <cc:async-mediation id="LogSuccess00" execute-steps-when="props['success']==false">
            <cc:steps>
                <cc:eval id="Eval">
                    <cc:expression>props['error.message']= context.errorMessage</cc:expression>
                </cc:eval>
                <cc:cloud-log id="CloudLog" level="error" message="Error generated while launching integration @{props['intID']}." message-details="Refer the below Error Message:&#xD;&#xA;@{props['error.message']}" output-file-type="HTML">
                    <cc:log-column key="IntegrationID" label="Integration ID">@{props['intID']}</cc:log-column>
                </cc:cloud-log>
            </cc:steps>
            <cc:send-error id="SendError" routes-to="PutErrorMessage200011"/>
        </cc:async-mediation>
	</cc:assembly>

</beans>