<?xml version="1.0" encoding="UTF-8"?>
<wdnm:Diagram xmlns:wdnm="http://workday.com/studio/editors/notation">
  <element href="assembly.xml#WorkdayAssembly"/>
  <visualProperties x="78" y="132">
    <element href="assembly.xml#Start"/>
  </visualProperties>
  <visualProperties x="223" y="129">
    <element href="assembly.xml#Get_Int-Attribs"/>
  </visualProperties>
  <visualProperties x="737" y="133">
    <element href="assembly.xml#LogReportResults"/>
  </visualProperties>
  <visualProperties x="920" y="133">
    <element href="assembly.xml#SplitReport"/>
  </visualProperties>
  <visualProperties x="1072" y="141">
    <element href="assembly.xml#LogAndStoreSplitValues"/>
  </visualProperties>
  <visualProperties x="742" y="341">
    <element href="assembly.xml#ReportSplitError"/>
  </visualProperties>
  <visualProperties x="1274" y="174">
    <element href="assembly.xml#CallProcessEmployee"/>
  </visualProperties>
  <visualProperties x="90" y="631">
    <element href="assembly.xml#ProcessEmployee"/>
  </visualProperties>
  <visualProperties x="491" y="624">
    <element href="assembly.xml#OutputXSLT"/>
  </visualProperties>
  <visualProperties x="480" y="792">
    <element href="assembly.xml#ReportXSLTerror"/>
  </visualProperties>
  <visualProperties x="646" y="625">
    <element href="assembly.xml#AggregateXSLToutput"/>
  </visualProperties>
  <visualProperties x="1020" y="624">
    <element href="assembly.xml#StoreOutput"/>
  </visualProperties>
  <visualProperties x="1164" y="660">
    <element href="assembly.xml#WriteOutput_Msg_Workday"/>
  </visualProperties>
  <visualProperties x="134" y="977">
    <element href="assembly.xml#//@beans/@mixed.1/@mixed.27"/>
  </visualProperties>
  <visualProperties x="330" y="974">
    <element href="assembly.xml#ReportErrorMessageToWorkday"/>
  </visualProperties>
  <visualProperties x="828" y="624">
    <element href="assembly.xml#CreateHeaderAndLines"/>
  </visualProperties>
  <visualProperties x="408" y="120">
    <element href="assembly.xml#WorkdayOutRest0"/>
  </visualProperties>
  <decorations x="45" y="901" width="568" height="132" font="Segoe UI|9|0" bgColor="13369343" fgColor="6737151"/>
  <decorations x="36" y="500" width="1357" height="341" font="Segoe UI|9|0" bgColor="13369343" fgColor="6737151" text="Text"/>
  <decorations x="27" y="77" width="1438" height="380" font="Segoe UI|9|0" bgColor="13369343" fgColor="6737151" text="Text"/>
  <connections type="routesTo" sourceAnchorX="1.0" sourceAnchorY="0.7" targetAnchorX="0.17037037037037037" targetAnchorY="0.13924050632911392">
    <source href="assembly.xml#Start"/>
    <target href="assembly.xml#Get_Int-Attribs"/>
  </connections>
  <connections type="routesTo" sourceAnchorX="1.0" sourceAnchorY="0.19014084507042253" targetAnchorX="0.18181818181818182" targetAnchorY="0.0728476821192053">
    <source href="assembly.xml#LogReportResults"/>
    <target href="assembly.xml#SplitReport"/>
  </connections>
  <connections type="routesTo" sourceAnchorX="1.0" sourceAnchorY="0.3670886075949367" targetAnchorX="0.04375" targetAnchorY="0.11764705882352941">
    <source href="assembly.xml#OutputXSLT"/>
    <target href="assembly.xml#AggregateXSLToutput"/>
  </connections>
  <connections type="routesTo" sourceAnchorX="0.4" sourceAnchorY="0.0">
    <source href="assembly.xml#//@beans/@mixed.1/@mixed.27"/>
    <target href="assembly.xml#ReportErrorMessageToWorkday"/>
  </connections>
  <connections type="routesTo" sourceAnchorX="1.0" sourceAnchorY="0.21830985915492956" targetAnchorX="0.09090909090909091" targetAnchorY="0.625">
    <source href="assembly.xml#LogAndStoreSplitValues"/>
    <target href="assembly.xml#CallProcessEmployee"/>
  </connections>
  <connections type="routesTo" sourceAnchorX="1.0" sourceAnchorY="0.21830985915492956" targetAnchorX="0.14285714285714285" targetAnchorY="0.20618556701030927">
    <source href="assembly.xml#CreateHeaderAndLines"/>
    <target href="assembly.xml#StoreOutput"/>
  </connections>
  <connections type="routesTo" sourceAnchorX="1.0" sourceAnchorY="0.26804123711340205" targetAnchorX="0.04040404040404041" targetAnchorY="0.475">
    <source href="assembly.xml#StoreOutput"/>
    <target href="assembly.xml#WriteOutput_Msg_Workday"/>
  </connections>
  <connections type="routesTo" sourceAnchorX="1.0" sourceAnchorY="0.2605042016806723" targetAnchorX="0.16296296296296298" targetAnchorY="0.1056338028169014">
    <source href="assembly.xml#AggregateXSLToutput"/>
    <target href="assembly.xml#CreateHeaderAndLines"/>
  </connections>
  <connections type="routesTo" sourceAnchorX="0.68" sourceAnchorY="1.0" targetAnchorX="0.23636363636363636" targetAnchorY="0.08759124087591241">
    <source href="assembly.xml#ProcessEmployee"/>
    <target href="assembly.xml#OutputXSLT"/>
  </connections>
  <connections type="routesTo" sourceAnchorX="1.0" sourceAnchorY="0.29896907216494845" targetAnchorX="0.22297297297297297">
    <source href="assembly.xml#Get_Int-Attribs"/>
    <target href="assembly.xml#WorkdayOutRest0"/>
  </connections>
  <connections type="routesResponseTo" sourceAnchorX="1.0" sourceAnchorY="0.75" targetAnchorX="0.0" targetAnchorY="0.0989010989010989">
    <source href="assembly.xml#WorkdayOutRest0"/>
    <target href="assembly.xml#LogReportResults"/>
  </connections>
  <connections type="routesTo">
    <source href="assembly.xml#//@beans/@mixed.1/@mixed.5/@mixed.3"/>
    <target href="assembly.xml#ReportSplitError"/>
  </connections>
  <connections type="routesTo">
    <source href="assembly.xml#//@beans/@mixed.1/@splitter.0/@subRoute.0"/>
    <target href="assembly.xml#LogAndStoreSplitValues"/>
  </connections>
  <connections type="routesTo">
    <source href="assembly.xml#//@beans/@mixed.1/@mixed.17/@mixed.3"/>
    <target href="assembly.xml#ReportXSLTerror"/>
  </connections>
</wdnm:Diagram>
