<?xml version="1.0" encoding="UTF-8"?>
<wdnm:Diagram xmlns:wdnm="http://workday.com/studio/editors/notation">
  <element href="assembly.xml#WorkdayAssembly"/>
  <visualProperties x="1030" y="109">
    <element href="assembly.xml#Call-FileRetrieval"/>
  </visualProperties>
  <visualProperties x="18" y="734">
    <element href="assembly.xml#FileRetrieval"/>
  </visualProperties>
  <visualProperties x="512" y="577">
    <element href="assembly.xml#RetrieveInputDocuments"/>
  </visualProperties>
  <visualProperties x="243" y="703">
    <element href="assembly.xml#InitRetrieveParams"/>
  </visualProperties>
  <visualProperties x="830" y="719">
    <element href="assembly.xml#CheckFileSize"/>
  </visualProperties>
  <visualProperties x="820" y="883">
    <element href="assembly.xml#SendRetrievalError"/>
  </visualProperties>
  <visualProperties x="1057" y="782">
    <element href="assembly.xml#VartoMsg"/>
  </visualProperties>
  <visualProperties x="1236" y="734">
    <element href="assembly.xml#StandardSplit"/>
  </visualProperties>
  <visualProperties x="1401" y="709">
    <element href="assembly.xml#SplitContent"/>
  </visualProperties>
  <visualProperties x="1573" y="782">
    <element href="assembly.xml#Schema"/>
  </visualProperties>
  <visualProperties x="1165" y="976">
    <element href="assembly.xml#AsyncMediation0"/>
  </visualProperties>
  <visualProperties x="1165" y="1123">
    <element href="assembly.xml#AsyncMediation1"/>
  </visualProperties>
  <visualProperties x="1637" y="113">
    <element href="assembly.xml#CallUpdateDetails"/>
  </visualProperties>
  <visualProperties x="35" y="1358">
    <element href="assembly.xml#UpdateDetails"/>
  </visualProperties>
  <visualProperties x="530" y="1405">
    <element href="assembly.xml#AsyncMediation2"/>
  </visualProperties>
  <visualProperties x="1005" y="2346">
    <element href="assembly.xml#WorkdayOutSoap"/>
  </visualProperties>
  <visualProperties x="1276" y="2324">
    <element href="assembly.xml#AsyncMediation4"/>
  </visualProperties>
  <visualProperties x="1030" y="641">
    <element href="assembly.xml#AsyncMediation5"/>
  </visualProperties>
  <visualProperties x="43" y="63">
    <element href="assembly.xml#StartHere0"/>
  </visualProperties>
  <visualProperties x="807" y="1358">
    <element href="assembly.xml#Route"/>
  </visualProperties>
  <visualProperties x="1208" y="1932">
    <element href="assembly.xml#AsyncMediation6"/>
  </visualProperties>
  <visualProperties x="271" y="28">
    <element href="assembly.xml#SyncMediation"/>
  </visualProperties>
  <visualProperties x="1601" y="962">
    <element href="assembly.xml#AsyncMediation"/>
  </visualProperties>
  <visualProperties x="468" y="87">
    <element href="assembly.xml#ValMode"/>
  </visualProperties>
  <visualProperties x="679" y="109">
    <element href="assembly.xml#GetCallCustomReport"/>
  </visualProperties>
  <visualProperties x="18" y="438">
    <element href="assembly.xml#CallCustomReport"/>
  </visualProperties>
  <visualProperties x="309" y="415">
    <element href="assembly.xml#AsyncMediation20"/>
  </visualProperties>
  <visualProperties x="643" y="433">
    <element href="assembly.xml#WorkdayOutRest0"/>
  </visualProperties>
  <visualProperties x="954" y="382">
    <element href="assembly.xml#Splitter0"/>
  </visualProperties>
  <visualProperties x="1190" y="394">
    <element href="assembly.xml#AsyncMediation14"/>
  </visualProperties>
  <visualProperties x="1475" y="394">
    <element href="assembly.xml#AsyncMediation15"/>
  </visualProperties>
  <visualProperties x="1196" y="577">
    <element href="assembly.xml#PutIntegrationMessage"/>
  </visualProperties>
  <visualProperties x="1286" y="92">
    <element href="assembly.xml#AsyncMediation7"/>
  </visualProperties>
  <visualProperties x="271" y="1305">
    <element href="assembly.xml#SplitterErrorHandler"/>
  </visualProperties>
  <visualProperties x="265" y="1548">
    <element href="assembly.xml#SplitMessage"/>
  </visualProperties>
  <visualProperties x="433" y="1592">
    <element href="assembly.xml#ExtractEmpData"/>
  </visualProperties>
  <visualProperties x="180" y="1388">
    <element href="assembly.xml#AsyncMediation8"/>
  </visualProperties>
  <visualProperties x="448" y="1787">
    <element href="assembly.xml#AsyncMediation9"/>
  </visualProperties>
  <visualProperties x="419" y="2331">
    <element href="assembly.xml#AsyncMediation10"/>
  </visualProperties>
  <visualProperties x="1478" y="1402">
    <element href="assembly.xml#Route0"/>
  </visualProperties>
  <visualProperties x="1757" y="1479">
    <element href="assembly.xml#CallUpdateLegalName"/>
  </visualProperties>
  <visualProperties x="1757" y="1557">
    <element href="assembly.xml#CallUpdatePrimaryHomeAddress"/>
  </visualProperties>
  <visualProperties x="1757" y="1638">
    <element href="assembly.xml#CallUpdateMailingAddress"/>
  </visualProperties>
  <visualProperties x="69" y="2361">
    <element href="assembly.xml#UpdatePrimaryHomeAddress"/>
  </visualProperties>
  <visualProperties x="365" y="2043">
    <element href="assembly.xml#AsyncMediation3"/>
  </visualProperties>
  <visualProperties x="94" y="2060">
    <element href="assembly.xml#UpdateLegalName"/>
  </visualProperties>
  <visualProperties x="83" y="2705">
    <element href="assembly.xml#UpdateMailingAddress"/>
  </visualProperties>
  <visualProperties x="371" y="2668">
    <element href="assembly.xml#AsyncMediation30"/>
  </visualProperties>
  <visualProperties x="1046" y="1394">
    <element href="assembly.xml#LegalNameAsync"/>
  </visualProperties>
  <visualProperties x="1046" y="1548">
    <element href="assembly.xml#AddressSync"/>
  </visualProperties>
  <visualProperties x="1046" y="1704">
    <element href="assembly.xml#MailingAddressSync"/>
  </visualProperties>
  <visualProperties x="707" y="2315">
    <element href="assembly.xml#AsyncMediation170"/>
  </visualProperties>
  <visualProperties x="681" y="2659">
    <element href="assembly.xml#AsyncMediation1700"/>
  </visualProperties>
  <visualProperties x="656" y="2027">
    <element href="assembly.xml#AsyncMediation1701"/>
  </visualProperties>
  <visualProperties x="521" y="2877">
    <element href="assembly.xml#PutIntegrationMessage0"/>
  </visualProperties>
  <visualProperties x="1028" y="2694">
    <element href="assembly.xml#WorkdayOutSoap0"/>
  </visualProperties>
  <visualProperties x="731" y="2512">
    <element href="assembly.xml#PIM-PrimaryAddressErrors"/>
  </visualProperties>
  <visualProperties x="685" y="2217">
    <element href="assembly.xml#PIM-CatchLegalNameErrors"/>
  </visualProperties>
  <visualProperties x="948" y="2081">
    <element href="assembly.xml#WorkdayOutSoap1"/>
  </visualProperties>
  <visualProperties x="1219" y="2059">
    <element href="assembly.xml#AsyncMediation40"/>
  </visualProperties>
  <visualProperties x="1310" y="2664">
    <element href="assembly.xml#AsyncMediation41"/>
  </visualProperties>
  <visualProperties x="1006" y="2187">
    <element href="assembly.xml#AsyncMediation400"/>
  </visualProperties>
  <visualProperties x="1046" y="2470">
    <element href="assembly.xml#AsyncMediation4000"/>
  </visualProperties>
  <visualProperties x="1001" y="2829">
    <element href="assembly.xml#AsyncMediation4001"/>
  </visualProperties>
  <visualProperties x="1964" y="251">
    <element href="assembly.xml#PutIntegrationMessage10"/>
  </visualProperties>
  <visualProperties x="1731" y="202">
    <element href="assembly.xml#EmployeeID"/>
  </visualProperties>
  <visualProperties x="1741" y="358">
    <element href="assembly.xml#InvalidEmployeeError"/>
  </visualProperties>
  <visualProperties x="1666" y="1785">
    <element href="assembly.xml#AsyncMediation11"/>
  </visualProperties>
  <visualProperties x="90" y="2864">
    <element href="assembly.xml#//@beans/@mixed.1/@mixed.137"/>
  </visualProperties>
  <visualProperties x="395" y="2864">
    <element href="assembly.xml#Note-Error"/>
  </visualProperties>
  <visualProperties x="792" y="1748">
    <element href="assembly.xml#AsyncMediation13"/>
  </visualProperties>
  <visualProperties x="877" y="1843">
    <element href="assembly.xml#WorkdayOutRest"/>
  </visualProperties>
  <visualProperties x="959" y="1934">
    <element href="assembly.xml#AsyncMediation16"/>
  </visualProperties>
  <visualProperties x="1972" y="1716">
    <element href="assembly.xml#AsyncMediation12"/>
  </visualProperties>
  <visualProperties x="1971" y="2002">
    <element href="assembly.xml#AsyncMediation17"/>
  </visualProperties>
  <visualProperties x="2059" y="1764">
    <element href="assembly.xml#AsyncMediation18"/>
  </visualProperties>
  <connections type="routesTo" sourceAnchorX="0.802547770700637" sourceAnchorY="1.0" targetAnchorX="0.12953367875647667" targetAnchorY="0.43410852713178294">
    <source href="assembly.xml#FileRetrieval"/>
    <target href="assembly.xml#InitRetrieveParams"/>
  </connections>
  <connections type="routesTo" sourceAnchorX="0.8707482993197279" sourceAnchorY="0.44" targetAnchorX="0.14606741573033707" targetAnchorY="0.37662337662337664">
    <source href="assembly.xml#InitRetrieveParams"/>
    <target href="assembly.xml#RetrieveInputDocuments"/>
  </connections>
  <connections type="routesTo" sourceAnchorX="0.9333333333333333" sourceAnchorY="1.0" targetAnchorX="0.023809523809523808" targetAnchorY="0.4387755102040816">
    <source href="assembly.xml#//@beans/@mixed.1/@route.0/@subRoute.0"/>
    <target href="assembly.xml#CheckFileSize"/>
  </connections>
  <connections type="routesTo" sourceAnchorX="0.875" sourceAnchorY="0.432" targetAnchorX="0.1836734693877551" targetAnchorY="0.528">
    <source href="assembly.xml#CheckFileSize"/>
    <target href="assembly.xml#VartoMsg"/>
  </connections>
  <connections type="routesTo" sourceAnchorX="0.348993288590604" sourceAnchorY="1.0" targetAnchorX="0.006211180124223602" targetAnchorY="0.1891891891891892">
    <source href="assembly.xml#//@beans/@mixed.1/@mixed.7/@mixed.3"/>
    <target href="assembly.xml#SendRetrievalError"/>
  </connections>
  <connections type="routesTo" sourceAnchorX="0.8540145985401459" sourceAnchorY="1.0" targetAnchorX="0.05714285714285714" targetAnchorY="0.5511363636363636">
    <source href="assembly.xml#//@beans/@mixed.1/@splitter.0/@subRoute.0"/>
    <target href="assembly.xml#SplitContent"/>
  </connections>
  <connections type="routesTo" sourceAnchorX="0.9291338582677166" sourceAnchorY="1.0" targetAnchorX="0.05333333333333334" targetAnchorY="0.384">
    <source href="assembly.xml#//@beans/@mixed.1/@route.1/@subRoute.1"/>
    <target href="assembly.xml#Schema"/>
  </connections>
  <connections type="routesTo" sourceAnchorX="0.7653061224489796" sourceAnchorY="0.592" targetAnchorX="0.30666666666666664" targetAnchorY="0.3317307692307692">
    <source href="assembly.xml#VartoMsg"/>
    <target href="assembly.xml#StandardSplit"/>
  </connections>
  <connections type="routesTo" sourceAnchorX="0.78125" sourceAnchorY="0.6764705882352942" targetAnchorX="0.022388059701492536" targetAnchorY="0.40425531914893614">
    <source href="assembly.xml#//@beans/@mixed.1/@route.1/@subRoute.0"/>
    <target href="assembly.xml#AsyncMediation0"/>
  </connections>
  <connections type="routesTo" sourceAnchorX="0.6041666666666666" sourceAnchorY="0.35294117647058826" targetAnchorX="0.8707865168539326" targetAnchorY="0.5652173913043478">
    <source href="assembly.xml#//@beans/@mixed.1/@route.1/@subRoute.2"/>
    <target href="assembly.xml#AsyncMediation1"/>
  </connections>
  <connections type="routesTo" sourceAnchorX="1.0" sourceAnchorY="0.13829787234042554" targetAnchorX="0.4166666666666667" targetAnchorY="0.3050847457627119">
    <source href="assembly.xml#AsyncMediation2"/>
    <target href="assembly.xml#Route"/>
  </connections>
  <connections type="routesResponseTo" sourceAnchorX="0.8894472361809045" sourceAnchorY="0.4864864864864865" targetAnchorX="0.05970149253731343" targetAnchorY="0.32978723404255317">
    <source href="assembly.xml#WorkdayOutSoap"/>
    <target href="assembly.xml#AsyncMediation4"/>
  </connections>
  <connections type="routesTo" sourceAnchorX="0.8761904761904762" sourceAnchorY="0.7941176470588235" targetAnchorX="0.03151862464183381" targetAnchorY="0.39361702127659576">
    <source href="assembly.xml#//@beans/@mixed.1/@route.2/@subRoute.0"/>
    <target href="assembly.xml#LegalNameAsync"/>
    <bendpoints sourceX="53" sourceY="-65" targetX="-122" targetY="288"/>
    <bendpoints sourceX="95" sourceY="-333" targetX="-80" targetY="20"/>
  </connections>
  <connections type="routesTo" sourceAnchorX="1.0" sourceAnchorY="0.2702702702702703" targetAnchorX="0.20625" targetAnchorY="0.42857142857142855">
    <source href="assembly.xml#StartHere0"/>
    <target href="assembly.xml#SyncMediation"/>
  </connections>
  <connections type="routesTo" sourceAnchorX="0.8688524590163934" sourceAnchorY="0.34868421052631576" targetAnchorX="0.0" targetAnchorY="0.3783783783783784">
    <source href="assembly.xml#SyncMediation"/>
    <target href="assembly.xml#ValMode"/>
  </connections>
  <connections type="routesTo" sourceAnchorX="0.5664335664335665" sourceAnchorY="0.7333333333333333" targetAnchorX="0.3392857142857143" targetAnchorY="0.21739130434782608">
    <source href="assembly.xml#//@beans/@mixed.1/@mixed.15/@mixed.3"/>
    <target href="assembly.xml#AsyncMediation"/>
  </connections>
  <connections type="routesResponseTo" sourceAnchorX="0.7142857142857143" sourceAnchorY="1.0" targetAnchorX="0.2802197802197802" targetAnchorY="0.10810810810810811">
    <source href="assembly.xml#ValMode"/>
    <target href="assembly.xml#GetCallCustomReport"/>
  </connections>
  <connections type="routesResponseTo" sourceAnchorX="0.9008620689655172" sourceAnchorY="1.0" targetAnchorX="0.07216494845360824" targetAnchorY="0.3783783783783784">
    <source href="assembly.xml#GetCallCustomReport"/>
    <target href="assembly.xml#Call-FileRetrieval"/>
  </connections>
  <connections type="routesTo" sourceAnchorX="1.0" sourceAnchorY="0.391304347826087" targetAnchorX="0.08762886597938144" targetAnchorY="0.40540540540540543">
    <source href="assembly.xml#AsyncMediation20"/>
    <target href="assembly.xml#WorkdayOutRest0"/>
  </connections>
  <connections type="routesResponseTo" sourceAnchorX="0.7435897435897436" sourceAnchorY="0.5675675675675675" targetAnchorX="0.028037383177570093" targetAnchorY="0.4090909090909091">
    <source href="assembly.xml#WorkdayOutRest0"/>
    <target href="assembly.xml#Splitter0"/>
  </connections>
  <connections type="routesTo" sourceAnchorX="0.8991596638655462" sourceAnchorY="1.0" targetAnchorX="0.04964539007092199" targetAnchorY="0.448">
    <source href="assembly.xml#//@beans/@mixed.1/@splitter.1/@subRoute.0"/>
    <target href="assembly.xml#AsyncMediation14"/>
  </connections>
  <connections type="routesTo" sourceAnchorX="0.7943262411347518" sourceAnchorY="0.472" targetAnchorX="0.2074468085106383" targetAnchorY="0.4897959183673469">
    <source href="assembly.xml#AsyncMediation14"/>
    <target href="assembly.xml#AsyncMediation15"/>
  </connections>
  <connections type="routesTo" sourceAnchorX="0.8620689655172413" sourceAnchorY="1.0" targetAnchorX="0.07446808510638298" targetAnchorY="0.47959183673469385">
    <source href="assembly.xml#CallCustomReport"/>
    <target href="assembly.xml#AsyncMediation20"/>
  </connections>
  <connections type="routesTo" sourceAnchorX="0.4088397790055249" sourceAnchorY="1.0" targetAnchorX="0.43983402489626555" targetAnchorY="0.05405405405405406">
    <source href="assembly.xml#//@beans/@mixed.1/@mixed.55/@mixed.3"/>
    <target href="assembly.xml#PutIntegrationMessage"/>
  </connections>
  <connections type="routesResponseTo" sourceAnchorX="0.865979381443299" sourceAnchorY="1.0" targetAnchorX="0.036065573770491806" targetAnchorY="0.4387755102040816">
    <source href="assembly.xml#Call-FileRetrieval"/>
    <target href="assembly.xml#AsyncMediation7"/>
  </connections>
  <connections type="routesTo" sourceAnchorX="1.0" sourceAnchorY="0.12244897959183673" targetAnchorX="0.16417910447761194" targetAnchorY="0.6216216216216216">
    <source href="assembly.xml#AsyncMediation7"/>
    <target href="assembly.xml#CallUpdateDetails"/>
  </connections>
  <connections type="routesTo" sourceAnchorX="0.3176470588235294" sourceAnchorY="1.0" targetAnchorX="0.15422885572139303" targetAnchorY="0.3953488372093023">
    <source href="assembly.xml#UpdateDetails"/>
    <target href="assembly.xml#SplitterErrorHandler"/>
  </connections>
  <connections type="routesTo" sourceAnchorX="0.625" sourceAnchorY="0.23529411764705882" targetAnchorX="0.32748538011695905" targetAnchorY="0.6326530612244898">
    <source href="assembly.xml#//@beans/@mixed.1/@splitter.2/@subRoute.0"/>
    <target href="assembly.xml#ExtractEmpData"/>
  </connections>
  <connections type="routesTo" sourceAnchorX="1.0" sourceAnchorY="0.24031007751937986" targetAnchorX="0.7133333333333334" targetAnchorY="0.20689655172413793">
    <source href="assembly.xml#SplitterErrorHandler"/>
    <target href="assembly.xml#SplitMessage"/>
  </connections>
  <connections type="routesTo" sourceAnchorX="0.8641509433962264" sourceAnchorY="0.488" targetAnchorX="0.3382352941176471" targetAnchorY="0.4107142857142857">
    <source href="assembly.xml#ExtractEmpData"/>
    <target href="assembly.xml#Route"/>
  </connections>
  <connections type="routesTo" sourceAnchorX="0.27319587628865977" sourceAnchorY="1.0" targetAnchorX="0.601123595505618" targetAnchorY="0.33695652173913043">
    <source href="assembly.xml#//@beans/@mixed.1/@mixed.67/@mixed.3"/>
    <target href="assembly.xml#AsyncMediation8"/>
  </connections>
  <connections type="routesTo" sourceAnchorX="0.28294573643410853" sourceAnchorY="0.26666666666666666" targetAnchorX="0.016853932584269662" targetAnchorY="0.3695652173913043">
    <source href="assembly.xml#//@beans/@mixed.1/@mixed.69/@mixed.3"/>
    <target href="assembly.xml#AsyncMediation9"/>
    <bendpoints sourceX="-25" sourceY="120" targetX="226" targetY="1"/>
  </connections>
  <connections type="routesTo" sourceAnchorX="0.9078014184397163" sourceAnchorY="0.488" targetAnchorX="0.08092485549132948" targetAnchorY="0.4">
    <source href="assembly.xml#AsyncMediation10"/>
    <target href="assembly.xml#AsyncMediation170"/>
  </connections>
  <connections type="routesTo" sourceAnchorX="1.0" sourceAnchorY="0.3235294117647059" targetAnchorX="0.043478260869565216" targetAnchorY="0.2702702702702703">
    <source href="assembly.xml#//@beans/@mixed.1/@route.3/@subRoute.1"/>
    <target href="assembly.xml#CallUpdateLegalName"/>
  </connections>
  <connections type="routesTo" sourceAnchorX="0.910377358490566" sourceAnchorY="1.0" targetAnchorX="0.06224066390041494" targetAnchorY="0.24324324324324326">
    <source href="assembly.xml#//@beans/@mixed.1/@route.3/@subRoute.2"/>
    <target href="assembly.xml#CallUpdatePrimaryHomeAddress"/>
  </connections>
  <connections type="routesTo" sourceAnchorX="0.9316770186335404" sourceAnchorY="0.6176470588235294" targetAnchorX="0.00980392156862745" targetAnchorY="0.35135135135135137">
    <source href="assembly.xml#//@beans/@mixed.1/@route.3/@subRoute.3"/>
    <target href="assembly.xml#CallUpdateMailingAddress"/>
  </connections>
  <connections type="routesTo" sourceAnchorX="0.8368055555555556" sourceAnchorY="1.0" targetAnchorX="0.22340425531914893" targetAnchorY="0.673469387755102">
    <source href="assembly.xml#UpdatePrimaryHomeAddress"/>
    <target href="assembly.xml#AsyncMediation10"/>
  </connections>
  <connections type="routesTo" sourceAnchorX="0.5485436893203883" sourceAnchorY="1.0" targetAnchorX="0.3089887640449438" targetAnchorY="0.5408163265306123">
    <source href="assembly.xml#UpdateLegalName"/>
    <target href="assembly.xml#AsyncMediation3"/>
  </connections>
  <connections type="routesTo" sourceAnchorX="1.0" sourceAnchorY="0.1891891891891892" targetAnchorX="0.12234042553191489" targetAnchorY="0.3877551020408163">
    <source href="assembly.xml#UpdateMailingAddress"/>
    <target href="assembly.xml#AsyncMediation30"/>
  </connections>
  <connections type="routesTo">
    <source href="assembly.xml#LegalNameAsync"/>
    <target href="assembly.xml#AddressSync"/>
  </connections>
  <connections type="routesTo" sourceAnchorX="0.4930875576036866" sourceAnchorY="0.776595744680851" targetAnchorX="0.5219298245614035" targetAnchorY="0.6122448979591837">
    <source href="assembly.xml#AddressSync"/>
    <target href="assembly.xml#MailingAddressSync"/>
  </connections>
  <connections type="routesTo" sourceAnchorX="0.9931192660550459" sourceAnchorY="0.7978723404255319" targetAnchorX="0.022988505747126436" targetAnchorY="0.18867924528301888">
    <source href="assembly.xml#MailingAddressSync"/>
    <target href="assembly.xml#Route0"/>
  </connections>
  <connections type="routesTo" sourceAnchorX="0.8439306358381503" sourceAnchorY="0.416" targetAnchorX="0.03289473684210526" targetAnchorY="0.35135135135135137">
    <source href="assembly.xml#AsyncMediation170"/>
    <target href="assembly.xml#WorkdayOutSoap"/>
  </connections>
  <connections type="routesTo" sourceAnchorX="1.0" sourceAnchorY="0.30612244897959184" targetAnchorX="0.09248554913294797" targetAnchorY="0.376">
    <source href="assembly.xml#AsyncMediation30"/>
    <target href="assembly.xml#AsyncMediation1700"/>
  </connections>
  <connections type="routesTo" sourceAnchorX="0.8283582089552238" sourceAnchorY="0.536" targetAnchorX="0.005780346820809248" targetAnchorY="0.416">
    <source href="assembly.xml#AsyncMediation3"/>
    <target href="assembly.xml#AsyncMediation1701"/>
  </connections>
  <connections type="routesTo" targetAnchorX="0.4031413612565445" targetAnchorY="0.05405405405405406">
    <source href="assembly.xml#//@beans/@mixed.1/@mixed.105/@mixed.3"/>
    <target href="assembly.xml#PutIntegrationMessage0"/>
  </connections>
  <connections type="routesTo" sourceAnchorX="0.861878453038674" sourceAnchorY="1.0" targetAnchorX="0.4103585657370518" targetAnchorY="0.05405405405405406">
    <source href="assembly.xml#//@beans/@mixed.1/@mixed.95/@mixed.3"/>
    <target href="assembly.xml#PutIntegrationMessage0"/>
  </connections>
  <connections type="routesTo" sourceAnchorX="0.8323699421965318" sourceAnchorY="0.336" targetAnchorX="0.15789473684210525" targetAnchorY="0.5405405405405406">
    <source href="assembly.xml#AsyncMediation1700"/>
    <target href="assembly.xml#WorkdayOutSoap0"/>
  </connections>
  <connections type="routesTo" sourceAnchorX="0.6" sourceAnchorY="1.0" targetAnchorX="0.47808764940239046" targetAnchorY="0.05405405405405406">
    <source href="assembly.xml#//@beans/@mixed.1/@mixed.103/@mixed.3"/>
    <target href="assembly.xml#PIM-PrimaryAddressErrors"/>
  </connections>
  <connections type="routesTo" sourceAnchorX="0.4636363636363636" sourceAnchorY="1.0" targetAnchorX="0.36254980079681276" targetAnchorY="0.6756756756756757">
    <source href="assembly.xml#//@beans/@mixed.1/@mixed.107/@mixed.3"/>
    <target href="assembly.xml#PIM-CatchLegalNameErrors"/>
  </connections>
  <connections type="routesTo" sourceAnchorX="0.45614035087719296" sourceAnchorY="1.0" targetAnchorX="0.12749003984063745" targetAnchorY="0.6216216216216216">
    <source href="assembly.xml#//@beans/@mixed.1/@mixed.89/@mixed.3"/>
    <target href="assembly.xml#PIM-CatchLegalNameErrors"/>
  </connections>
  <connections type="routesTo" sourceAnchorX="0.8232044198895028" sourceAnchorY="1.0" targetAnchorX="0.03664921465968586" targetAnchorY="0.3783783783783784">
    <source href="assembly.xml#//@beans/@mixed.1/@mixed.77/@mixed.3"/>
    <target href="assembly.xml#PIM-PrimaryAddressErrors"/>
  </connections>
  <connections type="routesResponseTo" sourceAnchorX="0.8894472361809045" sourceAnchorY="0.4864864864864865" targetAnchorX="0.05970149253731343" targetAnchorY="0.32978723404255317">
    <source href="assembly.xml#WorkdayOutSoap1"/>
    <target href="assembly.xml#AsyncMediation40"/>
  </connections>
  <connections type="routesResponseTo" sourceAnchorX="0.9043062200956937" sourceAnchorY="1.0" targetAnchorX="0.22872340425531915" targetAnchorY="0.47959183673469385">
    <source href="assembly.xml#WorkdayOutSoap0"/>
    <target href="assembly.xml#AsyncMediation41"/>
  </connections>
  <connections type="routesTo" sourceAnchorX="1.0" sourceAnchorY="0.1937984496124031" targetAnchorX="0.1291866028708134" targetAnchorY="0.6486486486486487">
    <source href="assembly.xml#AsyncMediation1701"/>
    <target href="assembly.xml#WorkdayOutSoap1"/>
  </connections>
  <connections type="routesResponseTo" sourceAnchorX="0.5235602094240838" sourceAnchorY="0.5135135135135135" targetAnchorX="0.3484848484848485" targetAnchorY="0.29591836734693877">
    <source href="assembly.xml#PIM-CatchLegalNameErrors"/>
    <target href="assembly.xml#AsyncMediation400"/>
  </connections>
  <connections type="routesResponseTo" sourceAnchorX="0.5078534031413613" sourceAnchorY="0.5675675675675675" targetAnchorX="0.16346153846153846" targetAnchorY="0.5408163265306123">
    <source href="assembly.xml#PIM-PrimaryAddressErrors"/>
    <target href="assembly.xml#AsyncMediation4000"/>
  </connections>
  <connections type="routesResponseTo" sourceAnchorX="0.4712041884816754" sourceAnchorY="0.6486486486486487" targetAnchorX="0.34838709677419355" targetAnchorY="0.0851063829787234">
    <source href="assembly.xml#PutIntegrationMessage0"/>
    <target href="assembly.xml#AsyncMediation4001"/>
  </connections>
  <connections type="routesTo" sourceAnchorX="1.0" sourceAnchorY="0.21705426356589147" targetAnchorX="0.1394422310756972" targetAnchorY="0.918918918918919">
    <source href="assembly.xml#EmployeeID"/>
    <target href="assembly.xml#PutIntegrationMessage10"/>
  </connections>
  <connections type="routesTo" sourceAnchorX="0.4358974358974359" sourceAnchorY="1.0" targetAnchorX="0.6865671641791045" targetAnchorY="0.0">
    <source href="assembly.xml#//@beans/@mixed.1/@mixed.131/@mixed.3"/>
    <target href="assembly.xml#InvalidEmployeeError"/>
  </connections>
  <connections type="routesResponseTo" sourceAnchorX="0.6169154228855721" sourceAnchorY="1.0" targetAnchorX="0.38405797101449274" targetAnchorY="0.32558139534883723">
    <source href="assembly.xml#CallUpdateDetails"/>
    <target href="assembly.xml#EmployeeID"/>
  </connections>
  <connections type="routesTo" sourceAnchorX="0.8385093167701864" sourceAnchorY="0.5882352941176471" targetAnchorX="0.028169014084507043" targetAnchorY="0.46808510638297873">
    <source href="assembly.xml#//@beans/@mixed.1/@route.3/@subRoute.0"/>
    <target href="assembly.xml#AsyncMediation11"/>
  </connections>
  <connections type="routesTo" sourceAnchorX="0.9669421487603306" sourceAnchorY="0.43243243243243246" targetAnchorX="0.06060606060606061" targetAnchorY="0.3783783783783784">
    <source href="assembly.xml#//@beans/@mixed.1/@mixed.137"/>
    <target href="assembly.xml#Note-Error"/>
  </connections>
  <connections type="routesTo" sourceAnchorX="0.8156028368794326" sourceAnchorY="0.4574468085106383" targetAnchorX="0.4235294117647059" targetAnchorY="0.16216216216216217">
    <source href="assembly.xml#AsyncMediation13"/>
    <target href="assembly.xml#WorkdayOutRest"/>
  </connections>
  <connections type="routesResponseTo" sourceAnchorX="0.8859060402684564" sourceAnchorY="0.7027027027027027" targetAnchorX="0.030456852791878174" targetAnchorY="0.408">
    <source href="assembly.xml#WorkdayOutRest"/>
    <target href="assembly.xml#AsyncMediation16"/>
  </connections>
  <connections type="routesTo" sourceAnchorX="0.9142857142857143" sourceAnchorY="0.3235294117647059" targetAnchorX="0.028368794326241134" targetAnchorY="0.5638297872340425">
    <source href="assembly.xml#//@beans/@mixed.1/@route.2/@subRoute.1"/>
    <target href="assembly.xml#AsyncMediation13"/>
  </connections>
  <connections type="routesTo" sourceAnchorX="0.8472906403940886" sourceAnchorY="1.0" targetAnchorX="0.11920529801324503" targetAnchorY="0.5833333333333334">
    <source href="assembly.xml#//@beans/@mixed.1/@mixed.145/@mixed.3"/>
    <target href="assembly.xml#AsyncMediation6"/>
  </connections>
  <connections type="routesTo" sourceAnchorY="0.9468085106382979" targetAnchorX="0.46938775510204084" targetAnchorY="0.24">
    <source href="assembly.xml#AsyncMediation5"/>
    <target href="assembly.xml#VartoMsg"/>
  </connections>
  <connections type="routesTo" sourceAnchorX="0.4725274725274725" sourceAnchorY="0.7666666666666667" targetAnchorX="0.4472049689440994" targetAnchorY="0.02702702702702703">
    <source href="assembly.xml#//@beans/@mixed.1/@mixed.3/@mixed.3"/>
    <target href="assembly.xml#SendRetrievalError"/>
  </connections>
  <connections type="routesTo" sourceAnchorX="0.65" sourceAnchorY="1.0" targetAnchorX="0.18633540372670807" targetAnchorY="0.43243243243243246">
    <source href="assembly.xml#//@beans/@mixed.1/@mixed.9/@mixed.3"/>
    <target href="assembly.xml#SendRetrievalError"/>
    <bendpoints sourceX="20" sourceY="69" targetX="-468" targetY="-24"/>
  </connections>
  <connections type="routesResponseTo" sourceAnchorX="0.6597510373443983" sourceAnchorY="0.7297297297297297" targetAnchorX="0.46099290780141844" targetAnchorY="0.24468085106382978">
    <source href="assembly.xml#CallUpdatePrimaryHomeAddress"/>
    <target href="assembly.xml#AsyncMediation12"/>
  </connections>
  <connections type="routesResponseTo" sourceAnchorX="0.6470588235294118" sourceAnchorY="1.0" targetAnchorX="0.375886524822695" targetAnchorY="0.2978723404255319">
    <source href="assembly.xml#CallUpdateMailingAddress"/>
    <target href="assembly.xml#AsyncMediation17"/>
  </connections>
  <connections type="routesResponseTo" sourceAnchorX="1.0" sourceAnchorY="0.4864864864864865" targetAnchorX="0.5177304964539007">
    <source href="assembly.xml#CallUpdateLegalName"/>
    <target href="assembly.xml#AsyncMediation18"/>
  </connections>
  <swimlanes x="5" y="3" font="Arial|14|1" bgColor="12632256" fontColor="1" name="INT0047 Fidelity Terminated Employee Name And Contact Update Inbound" orientation="VERTICAL" elements="//@swimlanes.1 //@swimlanes.3 //@swimlanes.5 //@swimlanes.8 //@swimlanes.15 //@swimlanes.17 //@swimlanes.20 //@swimlanes.22" labelAlignment="LEFT"/>
  <swimlanes x="52" y="93" bgColor="4210816" name="Main" alignment="MIDDLE" labelAlignment="LEFT">
    <elements href="assembly.xml#StartHere0"/>
    <elements href="assembly.xml#SyncMediation"/>
    <elements href="assembly.xml#ValMode"/>
    <elements href="assembly.xml#GetCallCustomReport"/>
    <elements href="assembly.xml#Call-FileRetrieval"/>
    <elements href="assembly.xml#AsyncMediation7"/>
    <elements href="#//@swimlanes.2"/>
    <elements href="assembly.xml#PutIntegrationMessage10"/>
  </swimlanes>
  <swimlanes x="1164" y="268" name="" orientation="VERTICAL" alignment="MIDDLE">
    <elements href="assembly.xml#CallUpdateDetails"/>
    <elements href="assembly.xml#EmployeeID"/>
    <elements href="assembly.xml#InvalidEmployeeError"/>
  </swimlanes>
  <swimlanes x="33" y="227" bgColor="4210816" name="Call Report Data" alignment="MIDDLE" labelAlignment="LEFT">
    <elements href="assembly.xml#CallCustomReport"/>
    <elements href="assembly.xml#AsyncMediation20"/>
    <elements href="assembly.xml#WorkdayOutRest0"/>
    <elements href="assembly.xml#Splitter0"/>
    <elements href="#//@swimlanes.4"/>
    <elements href="assembly.xml#AsyncMediation15"/>
  </swimlanes>
  <swimlanes x="709" y="331" name="" orientation="VERTICAL" alignment="MIDDLE" labelAlignment="LEFT">
    <elements href="assembly.xml#AsyncMediation14"/>
    <elements href="assembly.xml#PutIntegrationMessage"/>
  </swimlanes>
  <swimlanes x="39" y="499" bgColor="4210816" name="File Retrieval" alignment="MIDDLE" labelAlignment="LEFT">
    <elements href="assembly.xml#FileRetrieval"/>
    <elements href="assembly.xml#InitRetrieveParams"/>
    <elements href="assembly.xml#RetrieveInputDocuments"/>
    <elements href="assembly.xml#CheckFileSize"/>
    <elements href="#//@swimlanes.6"/>
    <elements href="assembly.xml#StandardSplit"/>
    <elements href="assembly.xml#SplitContent"/>
    <elements href="#//@swimlanes.7"/>
  </swimlanes>
  <swimlanes x="722" y="581" name="" orientation="VERTICAL" alignment="MIDDLE" labelAlignment="LEFT">
    <elements href="assembly.xml#AsyncMediation5"/>
    <elements href="assembly.xml#VartoMsg"/>
    <elements href="assembly.xml#SendRetrievalError"/>
  </swimlanes>
  <swimlanes x="1234" y="675" orientation="VERTICAL" alignment="MIDDLE" labelAlignment="LEFT">
    <elements href="assembly.xml#AsyncMediation0"/>
    <elements href="assembly.xml#Schema"/>
    <elements href="assembly.xml#AsyncMediation"/>
    <elements href="assembly.xml#AsyncMediation1"/>
  </swimlanes>
  <swimlanes x="42" y="1072" bgColor="4210816" name="Update Details" alignment="MIDDLE" labelAlignment="LEFT">
    <elements href="assembly.xml#UpdateDetails"/>
    <elements href="assembly.xml#SplitterErrorHandler"/>
    <elements href="#//@swimlanes.19"/>
    <elements href="assembly.xml#ExtractEmpData"/>
    <elements href="#//@swimlanes.9"/>
    <elements href="#//@swimlanes.13"/>
  </swimlanes>
  <swimlanes x="529" y="1247" name="" orientation="VERTICAL" alignment="MIDDLE" labelAlignment="LEFT">
    <elements href="assembly.xml#AsyncMediation2"/>
    <elements href="assembly.xml#Route"/>
  </swimlanes>
  <swimlanes x="1014" y="1278" name="" alignment="MIDDLE" labelAlignment="LEFT">
    <elements href="#//@swimlanes.12"/>
    <elements href="assembly.xml#Route0"/>
    <elements href="#//@swimlanes.11"/>
  </swimlanes>
  <swimlanes x="1848" y="1336" name="" orientation="VERTICAL" labelAlignment="LEFT">
    <elements href="assembly.xml#AsyncMediation11"/>
    <elements href="#//@swimlanes.25"/>
    <elements href="#//@swimlanes.23"/>
    <elements href="#//@swimlanes.24"/>
  </swimlanes>
  <swimlanes x="1049" y="1358" name="" orientation="VERTICAL" alignment="MIDDLE" labelAlignment="LEFT">
    <elements href="assembly.xml#LegalNameAsync"/>
    <elements href="assembly.xml#AddressSync"/>
    <elements href="assembly.xml#MailingAddressSync"/>
  </swimlanes>
  <swimlanes x="1024" y="1249" name="" orientation="VERTICAL" elements="//@swimlanes.10 //@swimlanes.14" labelAlignment="LEFT"/>
  <swimlanes x="1019" y="1750" name="" alignment="MIDDLE" labelAlignment="LEFT">
    <elements href="assembly.xml#AsyncMediation13"/>
    <elements href="assembly.xml#WorkdayOutRest"/>
    <elements href="assembly.xml#AsyncMediation16"/>
    <elements href="assembly.xml#AsyncMediation6"/>
  </swimlanes>
  <swimlanes x="50" y="1812" bgColor="4210816" name="Update Legal Name" alignment="MIDDLE" labelAlignment="LEFT">
    <elements href="assembly.xml#UpdateLegalName"/>
    <elements href="assembly.xml#AsyncMediation3"/>
    <elements href="#//@swimlanes.16"/>
    <elements href="assembly.xml#WorkdayOutSoap1"/>
    <elements href="assembly.xml#AsyncMediation40"/>
  </swimlanes>
  <swimlanes x="407" y="2042" name="" orientation="VERTICAL" alignment="MIDDLE" labelAlignment="LEFT">
    <elements href="assembly.xml#AsyncMediation1701"/>
    <elements href="assembly.xml#PIM-CatchLegalNameErrors"/>
    <elements href="assembly.xml#AsyncMediation400"/>
  </swimlanes>
  <swimlanes x="42" y="2304" bgColor="4210816" name="Update Primary Home Address" alignment="MIDDLE" labelAlignment="LEFT">
    <elements href="assembly.xml#UpdatePrimaryHomeAddress"/>
    <elements href="assembly.xml#AsyncMediation10"/>
    <elements href="#//@swimlanes.18"/>
    <elements href="assembly.xml#WorkdayOutSoap"/>
    <elements href="assembly.xml#AsyncMediation4"/>
  </swimlanes>
  <swimlanes x="477" y="2202" name="" orientation="VERTICAL" alignment="MIDDLE" labelAlignment="LEFT">
    <elements href="assembly.xml#AsyncMediation170"/>
    <elements href="assembly.xml#PIM-PrimaryAddressErrors"/>
    <elements href="assembly.xml#AsyncMediation4000"/>
  </swimlanes>
  <swimlanes x="393" y="1521" name="" orientation="VERTICAL">
    <elements href="assembly.xml#SplitMessage"/>
    <elements href="assembly.xml#AsyncMediation8"/>
    <elements href="assembly.xml#AsyncMediation9"/>
  </swimlanes>
  <swimlanes x="56" y="2409" bgColor="4210816" name="Update Mailing Address" alignment="MIDDLE" labelAlignment="LEFT">
    <elements href="assembly.xml#UpdateMailingAddress"/>
    <elements href="assembly.xml#AsyncMediation30"/>
    <elements href="#//@swimlanes.21"/>
    <elements href="assembly.xml#WorkdayOutSoap0"/>
    <elements href="assembly.xml#AsyncMediation41"/>
  </swimlanes>
  <swimlanes x="437" y="2493" name="" orientation="VERTICAL" alignment="MIDDLE" labelAlignment="LEFT">
    <elements href="assembly.xml#AsyncMediation1700"/>
    <elements href="assembly.xml#PutIntegrationMessage0"/>
    <elements href="assembly.xml#AsyncMediation4001"/>
  </swimlanes>
  <swimlanes x="66" y="2857" bgColor="255" name="Global Error Handler" alignment="MIDDLE" labelAlignment="LEFT">
    <elements href="assembly.xml#//@beans/@mixed.1/@mixed.137"/>
    <elements href="assembly.xml#Note-Error"/>
  </swimlanes>
  <swimlanes x="1870" y="1834" name="" alignment="MIDDLE" labelAlignment="LEFT">
    <elements href="assembly.xml#CallUpdatePrimaryHomeAddress"/>
    <elements href="assembly.xml#AsyncMediation12"/>
  </swimlanes>
  <swimlanes x="1926" y="1941" name="" alignment="MIDDLE">
    <elements href="assembly.xml#CallUpdateMailingAddress"/>
    <elements href="assembly.xml#AsyncMediation17"/>
  </swimlanes>
  <swimlanes x="1866" y="1692" name="" alignment="MIDDLE" labelAlignment="LEFT">
    <elements href="assembly.xml#CallUpdateLegalName"/>
    <elements href="assembly.xml#AsyncMediation18"/>
  </swimlanes>
</wdnm:Diagram>
