<?xml version="1.0" encoding="UTF-8"?>
<beans
     xmlns="http://www.springframework.org/schema/beans"
     xmlns:beans="http://www.springframework.org/schema/beans"
     xmlns:atom="http://www.w3.org/2005/Atom"
     xmlns:cc="http://www.capeclear.com/assembly/10"
     xmlns:cloud="urn:com.workday/esb/cloud/10.0"
     xmlns:env="http://schemas.xmlsoap.org/soap/envelope/"
     xmlns:pi="urn:com.workday/picof"
     xmlns:wd="urn:com.workday/bsvc"
     xmlns:xsi="http://www.w3.org/2001/XMLSchema-instance">
 
	<cc:assembly id="WorkdayAssembly" version="2020.36">
        <cc:local-in id="ProcessDeleteIN" routes-to="AM1" access="public" use-global-error-handlers="false"/>
        <cc:async-mediation id="AM1" routes-to="AMLog1" continue-after-error="recover" handle-downstream-errors="true">
            <cc:steps>
                <cc:eval id="Eval">
                    <cc:expression>props['pPreviousNumOfPosts'] = props['pNumOfPosts']</cc:expression>
                    <cc:expression>props['pDeleteVertexTransactionId'] = props['pWID'] + &quot;-&quot; + props['pPreviousNumOfPosts']</cc:expression>
                </cc:eval>
                <cc:write id="Write">
                    <cc:message>
                        <cc:text>&lt;?xml version=&quot;1.0&quot; ?>&#xD;
&lt;env:Envelope xmlns:env=&quot;http://schemas.xmlsoap.org/soap/envelope/&quot;>&#xD;
    &lt;env:Body>&#xD;
        &lt;vtx:VertexEnvelope xmlns:vtx=&quot;urn:vertexinc:o-series:tps:8:0&quot;>&#xD;
        		&lt;vtx:Login>&#xD;
        				&lt;vtx:TrustedId>@{props['pTrustedId']}&lt;/vtx:TrustedId>&#xD;
        		&lt;/vtx:Login>&#xD;
        		&lt;vtx:DeleteRequest transactionId=&quot;@{props['pDeleteVertexTransactionId']}&quot;>&#xD;
        		&lt;/vtx:DeleteRequest>&#xD;
                &lt;vtx:ApplicationData>&#xD;
        				&lt;vtx:Sender>@{props['pCompanyReferenceId']}&lt;/vtx:Sender>        &#xD;
        		&lt;/vtx:ApplicationData>   &#xD;
        	&lt;/vtx:VertexEnvelope>       &#xD;
        &lt;/env:Body>&#xD;
&lt;/env:Envelope></cc:text>
                    </cc:message>
                </cc:write>
            </cc:steps>
            <cc:send-error id="SendError" rethrow-error="false" routes-to="AM-CatchDeleteError"/>
        </cc:async-mediation>
        <cc:async-mediation id="AMLog1" routes-to="DeleteVertexWSHttpOut" execute-steps-when="props['pDebugFlag'] == true">
            <cc:steps>
                <cc:log id="Log">
                    <cc:log-message>
                        <cc:message-content/>
                    </cc:log-message>
                </cc:log>
            </cc:steps>
        </cc:async-mediation>
        <cc:http-out id="DeleteVertexWSHttpOut" routes-response-to="AMLog2" endpoint="@{props['pVertexWSTaxCalcUrl']}" http-method="POST"/>
        <cc:async-mediation id="AMLog2" routes-to="AM-CopyInCustInv" execute-steps-when="props['pDebugFlag'] == true">
            <cc:steps>
                <cc:log id="Log">
                    <cc:log-message>
                        <cc:message-content/>
                    </cc:log-message>
                </cc:log>
            </cc:steps>
        </cc:async-mediation>
        <cc:async-mediation id="AM-CatchDeleteError">
            <cc:steps>
                <cc:copy id="Copy" input="variable" input-variable="vCustomerInvoice"/>
            </cc:steps>
        </cc:async-mediation>
        <cc:async-mediation id="AM-CopyInCustInv">
            <cc:steps>
                <cc:copy id="Copy" input="variable" input-variable="vCustomerInvoice"/>
            </cc:steps>
        </cc:async-mediation>
	</cc:assembly>

</beans>