<?xml version="1.0" encoding="UTF-8"?>
<wdnm:Diagram xmlns:wdnm="http://workday.com/studio/editors/notation">
  <element href="assembly.xml#WorkdayAssembly"/>
  <visualProperties x="37" y="427">
    <element href="assembly.xml#StartHere"/>
  </visualProperties>
  <visualProperties x="584" y="682">
    <element href="assembly.xml#CallInit"/>
  </visualProperties>
  <visualProperties x="578" y="858">
    <element href="assembly.xml#InitMediation"/>
  </visualProperties>
  <visualProperties x="439" y="894">
    <element href="assembly.xml#Init"/>
  </visualProperties>
  <visualProperties x="1210" y="1180">
    <element href="assembly.xml#CopyCCW"/>
  </visualProperties>
  <visualProperties x="773" y="1159">
    <element href="assembly.xml#GetEventDocuments"/>
  </visualProperties>
  <visualProperties x="1060" y="682">
    <element href="assembly.xml#CallgetReportData"/>
  </visualProperties>
  <visualProperties x="415" y="1144">
    <element href="assembly.xml#RetrieveCCW"/>
  </visualProperties>
  <visualProperties x="1020" y="1115">
    <element href="assembly.xml#CCWFile"/>
  </visualProperties>
  <visualProperties x="404" y="1642">
    <element href="assembly.xml#GetReportData"/>
  </visualProperties>
  <visualProperties x="952" y="1666">
    <element href="assembly.xml#WorkdayOutRest"/>
  </visualProperties>
  <visualProperties x="582" y="1623">
    <element href="assembly.xml#ErrorCatchMediation"/>
  </visualProperties>
  <visualProperties x="1992" y="1568">
    <element href="assembly.xml#ProcessEntry"/>
  </visualProperties>
  <visualProperties x="1804" y="1559">
    <element href="assembly.xml#SplitByWorker"/>
  </visualProperties>
  <visualProperties x="615" y="1145">
    <element href="assembly.xml#EventWID"/>
  </visualProperties>
  <visualProperties x="858" y="682">
    <element href="assembly.xml#CallCCWRetrieval"/>
  </visualProperties>
  <visualProperties x="1588" y="1567">
    <element href="assembly.xml#StoreReportOutput"/>
  </visualProperties>
  <visualProperties x="1487" y="682">
    <element href="assembly.xml#Call-CloseDemographicAggregator"/>
  </visualProperties>
  <visualProperties x="3461" y="682">
    <element href="assembly.xml#PutIntegrationEvent"/>
  </visualProperties>
  <visualProperties x="551" y="470">
    <element href="assembly.xml#PutIntegrationEvent0"/>
  </visualProperties>
  <visualProperties x="132" y="553">
    <element href="assembly.xml#FeedOutboundB"/>
  </visualProperties>
  <visualProperties>
    <element href="assembly.xml#CC"/>
  </visualProperties>
  <visualProperties x="588" y="742">
    <element href="assembly.xml#Call-CC"/>
  </visualProperties>
  <visualProperties x="1778" y="831">
    <element href="assembly.xml#LaunchCC"/>
  </visualProperties>
  <visualProperties x="1045" y="586">
    <element href="assembly.xml#LaunchCoreConnector"/>
  </visualProperties>
  <visualProperties x="1394" y="1096">
    <element href="assembly.xml#Call-Studio"/>
  </visualProperties>
  <visualProperties>
    <element href="assembly.xml#Studio"/>
  </visualProperties>
  <visualProperties x="1430" y="1014">
    <element href="assembly.xml#LaunchStudio"/>
  </visualProperties>
  <visualProperties x="1754" y="1010">
    <element href="assembly.xml#LaunchEvent"/>
  </visualProperties>
  <visualProperties x="1510" y="818">
    <element href="assembly.xml#Call-InitA"/>
  </visualProperties>
  <visualProperties>
    <element href="assembly.xml#InitA"/>
  </visualProperties>
  <visualProperties>
    <element href="assembly.xml#Initialize"/>
  </visualProperties>
  <visualProperties x="1328" y="4582">
    <element href="assembly.xml#Call-LogError_1201"/>
  </visualProperties>
  <visualProperties>
    <element href="assembly.xml#RetrieveTaxFile"/>
  </visualProperties>
  <visualProperties>
    <element href="assembly.xml#TaxFile"/>
  </visualProperties>
  <visualProperties>
    <element href="assembly.xml#ConvertTaxFileToXML"/>
  </visualProperties>
  <visualProperties x="1408" y="1074">
    <element href="assembly.xml#Call-RetrieveTaxFile"/>
  </visualProperties>
  <visualProperties x="599" y="5131">
    <element href="assembly.xml#ProcessDemographicRecords"/>
  </visualProperties>
  <visualProperties x="447" y="5396">
    <element href="assembly.xml#ProcessFinancialRecords"/>
  </visualProperties>
  <visualProperties x="2458" y="4739">
    <element href="assembly.xml#Call-ProcessDemographicRecords"/>
  </visualProperties>
  <visualProperties x="2810" y="4739">
    <element href="assembly.xml#Call-ProcessFinancialRecords"/>
  </visualProperties>
  <visualProperties x="547" y="2560">
    <element href="assembly.xml#GetTaxRates"/>
  </visualProperties>
  <visualProperties x="1026" y="2601">
    <element href="assembly.xml#Call-LocalTaxes"/>
  </visualProperties>
  <visualProperties x="766" y="2457">
    <element href="assembly.xml#RouteTaxes"/>
  </visualProperties>
  <visualProperties x="1026" y="2689">
    <element href="assembly.xml#Call-OtherTaxes"/>
  </visualProperties>
  <visualProperties x="1026" y="2513">
    <element href="assembly.xml#Call-StateTaxes"/>
  </visualProperties>
  <visualProperties x="538" y="3280">
    <element href="assembly.xml#Call-LogError_StateTaxes"/>
  </visualProperties>
  <visualProperties x="874" y="3296">
    <element href="assembly.xml#Call-LogError_LocalTaxes01"/>
  </visualProperties>
  <visualProperties x="423" y="3185">
    <element href="assembly.xml#StateTaxes"/>
  </visualProperties>
  <visualProperties x="561" y="3141">
    <element href="assembly.xml#CopyStateTaxes"/>
  </visualProperties>
  <visualProperties x="724" y="3095">
    <element href="assembly.xml#SplitStateTaxes"/>
  </visualProperties>
  <visualProperties x="874" y="3156">
    <element href="assembly.xml#ProcessStateTax"/>
  </visualProperties>
  <visualProperties x="933" y="3982">
    <element href="assembly.xml#Call-LogError_LocalTaxes03"/>
  </visualProperties>
  <visualProperties x="939" y="3838">
    <element href="assembly.xml#ProcessStateTax1"/>
  </visualProperties>
  <visualProperties x="550" y="3599">
    <element href="assembly.xml#Call-LogError_LocalTaxes"/>
  </visualProperties>
  <visualProperties x="570" y="3807">
    <element href="assembly.xml#CopyOtherTaxes"/>
  </visualProperties>
  <visualProperties x="426" y="3851">
    <element href="assembly.xml#OtherTaxes"/>
  </visualProperties>
  <visualProperties x="726" y="3761">
    <element href="assembly.xml#SplitOtherTaxes"/>
  </visualProperties>
  <visualProperties x="942" y="3641">
    <element href="assembly.xml#Call-LogError_LocalTaxes02"/>
  </visualProperties>
  <visualProperties x="956" y="3497">
    <element href="assembly.xml#ProcessStateTax0"/>
  </visualProperties>
  <visualProperties x="743" y="3420">
    <element href="assembly.xml#SplitLocalTaxes"/>
  </visualProperties>
  <visualProperties x="535" y="3940">
    <element href="assembly.xml#Call-LogError_OtherTaxes"/>
  </visualProperties>
  <visualProperties x="444" y="3510">
    <element href="assembly.xml#LocalTaxes"/>
  </visualProperties>
  <visualProperties x="576" y="3466">
    <element href="assembly.xml#CopyLocalTaxes"/>
  </visualProperties>
  <visualProperties x="1028" y="6403">
    <element href="assembly.xml#Call-LogError_File"/>
  </visualProperties>
  <visualProperties x="885" y="6264">
    <element href="assembly.xml#FileAggregator"/>
  </visualProperties>
  <visualProperties x="710" y="6264">
    <element href="assembly.xml#CopyDemRecord"/>
  </visualProperties>
  <visualProperties x="1209" y="6315">
    <element href="assembly.xml#PutFile"/>
  </visualProperties>
  <visualProperties x="1042" y="6264">
    <element href="assembly.xml#StoreFile0"/>
  </visualProperties>
  <visualProperties x="417" y="6309">
    <element href="assembly.xml#AddToDemographicAggregator"/>
  </visualProperties>
  <visualProperties x="911" y="5112">
    <element href="assembly.xml#BGRecord"/>
  </visualProperties>
  <visualProperties x="1109" y="5157">
    <element href="assembly.xml#AddToAggregator_316"/>
  </visualProperties>
  <visualProperties x="716" y="5342">
    <element href="assembly.xml#FinancialRecord"/>
  </visualProperties>
  <visualProperties x="923" y="5370">
    <element href="assembly.xml#AddToAggregator_3160"/>
  </visualProperties>
  <visualProperties x="2285" y="1830">
    <element href="assembly.xml#AddToAggregator_3161"/>
  </visualProperties>
  <visualProperties x="1554" y="1050">
    <element href="assembly.xml#Call-WriteDemographicHeader"/>
  </visualProperties>
  <visualProperties x="1582" y="1170">
    <element href="assembly.xml#Call-WriteFinancialHeader"/>
  </visualProperties>
  <visualProperties x="363" y="6623">
    <element href="assembly.xml#AddToFinancialAggregator"/>
  </visualProperties>
  <visualProperties x="938" y="6711">
    <element href="assembly.xml#Call-LogError_File0"/>
  </visualProperties>
  <visualProperties x="1119" y="6623">
    <element href="assembly.xml#PutFile0"/>
  </visualProperties>
  <visualProperties x="795" y="6572">
    <element href="assembly.xml#FileAggregator0"/>
  </visualProperties>
  <visualProperties x="952" y="6572">
    <element href="assembly.xml#StoreFile00"/>
  </visualProperties>
  <visualProperties x="620" y="6572">
    <element href="assembly.xml#CopyFinRecord"/>
  </visualProperties>
  <visualProperties x="1368" y="1316">
    <element href="assembly.xml#Call-CloseFinancialAggregator"/>
  </visualProperties>
  <visualProperties x="676" y="7198">
    <element href="assembly.xml#LogMessage"/>
  </visualProperties>
  <visualProperties x="1801" y="6925">
    <element href="assembly.xml#FinalStatusMessage"/>
  </visualProperties>
  <visualProperties x="1578" y="7022">
    <element href="assembly.xml#Call-LogError_ForceBatch"/>
  </visualProperties>
  <visualProperties x="878" y="7225">
    <element href="assembly.xml#PutIntegrationMessage"/>
  </visualProperties>
  <visualProperties x="505" y="7225">
    <element href="assembly.xml#Log"/>
  </visualProperties>
  <visualProperties x="406" y="6917">
    <element href="assembly.xml#FinalizeMessageAndAudits"/>
  </visualProperties>
  <visualProperties x="930" y="6872">
    <element href="assembly.xml#SetForceBatch"/>
  </visualProperties>
  <visualProperties x="479" y="7467">
    <element href="assembly.xml#//@beans/@mixed.1/@mixed.187"/>
  </visualProperties>
  <visualProperties x="880" y="7468">
    <element href="assembly.xml#PutCriticalIntegrationEvent"/>
  </visualProperties>
  <visualProperties x="655" y="7467">
    <element href="assembly.xml#GlobalErrorMessage"/>
  </visualProperties>
  <visualProperties x="891" y="1515">
    <element href="assembly.xml#DemographicHeaderXSLT"/>
  </visualProperties>
  <visualProperties x="579" y="1534">
    <element href="assembly.xml#WriteDemographicHeader"/>
  </visualProperties>
  <visualProperties x="1098" y="1543">
    <element href="assembly.xml#AddToAggregator_3162"/>
  </visualProperties>
  <visualProperties x="891" y="1771">
    <element href="assembly.xml#FinancialHeaderXSLT"/>
  </visualProperties>
  <visualProperties x="579" y="1790">
    <element href="assembly.xml#WriteFinancialHeader"/>
  </visualProperties>
  <visualProperties x="1098" y="1799">
    <element href="assembly.xml#AddToAggregator_3163"/>
  </visualProperties>
  <visualProperties x="1268" y="1108">
    <element href="assembly.xml#Call-WriteDemographicTrailer"/>
  </visualProperties>
  <visualProperties x="1254" y="1176">
    <element href="assembly.xml#Call-WriteFinancialTrailer"/>
  </visualProperties>
  <visualProperties x="920" y="5687">
    <element href="assembly.xml#DemographicTrailer"/>
  </visualProperties>
  <visualProperties x="1125" y="5971">
    <element href="assembly.xml#AddToAggregator_31630"/>
  </visualProperties>
  <visualProperties x="1127" y="5715">
    <element href="assembly.xml#AddToAggregator_31620"/>
  </visualProperties>
  <visualProperties x="608" y="5706">
    <element href="assembly.xml#WriteDemographicTrailer"/>
  </visualProperties>
  <visualProperties x="606" y="5962">
    <element href="assembly.xml#WriteFinancialTrailer"/>
  </visualProperties>
  <visualProperties x="918" y="5943">
    <element href="assembly.xml#FinancialTrailer"/>
  </visualProperties>
  <visualProperties x="1420" y="1400">
    <element href="assembly.xml#Call-GetTaxRates"/>
  </visualProperties>
  <visualProperties x="1873" y="1767">
    <element href="assembly.xml#SplitByWorker0"/>
  </visualProperties>
  <visualProperties x="1574" y="5068">
    <element href="assembly.xml#SplitTaxes"/>
  </visualProperties>
  <visualProperties x="1350" y="5079">
    <element href="assembly.xml#PreProcessTaxes"/>
  </visualProperties>
  <visualProperties x="1751" y="5146">
    <element href="assembly.xml#TaxRecords"/>
  </visualProperties>
  <visualProperties x="2080" y="5191">
    <element href="assembly.xml#AddToAggregator_3164"/>
  </visualProperties>
  <visualProperties x="860" y="6200">
    <element href="assembly.xml#CloseDemographicFile"/>
  </visualProperties>
  <visualProperties x="775" y="6508">
    <element href="assembly.xml#CloseFinancialFile"/>
  </visualProperties>
  <visualProperties x="2925" y="2085">
    <element href="assembly.xml#ProcessCCWRecord"/>
  </visualProperties>
  <visualProperties x="1062" y="720">
    <element href="assembly.xml#Call-LogError_SetProps"/>
  </visualProperties>
  <visualProperties x="1262" y="888">
    <element href="assembly.xml#Call-LogError_LaunchCC"/>
  </visualProperties>
  <visualProperties x="1352" y="1117">
    <element href="assembly.xml#Call-LogError_LaunchStudio"/>
  </visualProperties>
  <visualProperties x="1314" y="664">
    <element href="assembly.xml#Call-FinalizeMessageAndAudits"/>
  </visualProperties>
  <visualProperties y="1302">
    <element href="assembly.xml#Call-FinalizeMessageAndAudits0"/>
  </visualProperties>
  <visualProperties x="753" y="1674">
    <element href="assembly.xml#Call-LogError_SetProps10"/>
  </visualProperties>
  <visualProperties x="1212" y="2119">
    <element href="assembly.xml#Call-LogError_01"/>
  </visualProperties>
  <visualProperties x="1424" y="2412">
    <element href="assembly.xml#Call-LogError_010"/>
  </visualProperties>
  <visualProperties x="1589" y="2674">
    <element href="assembly.xml#Call-LogError_011"/>
  </visualProperties>
  <visualProperties x="1808" y="2966">
    <element href="assembly.xml#Call-LogError_012"/>
  </visualProperties>
  <visualProperties x="344" y="4730">
    <element href="assembly.xml#Call-LogError_013"/>
  </visualProperties>
  <visualProperties x="2692" y="4557">
    <element href="assembly.xml#Call-LogError_014"/>
  </visualProperties>
  <visualProperties x="400" y="5176">
    <element href="assembly.xml#Call-LogError_016"/>
  </visualProperties>
  <visualProperties x="1817" y="5364">
    <element href="assembly.xml#Call-LogError_018"/>
  </visualProperties>
  <visualProperties x="2528" y="4600">
    <element href="assembly.xml#Call-LogError_300_2200"/>
  </visualProperties>
  <visualProperties x="772" y="4514">
    <element href="assembly.xml#Call-LogError_300_2201"/>
  </visualProperties>
  <visualProperties x="162" y="4790">
    <element href="assembly.xml#Call-LogError_300_2202"/>
  </visualProperties>
  <visualProperties x="162" y="4790">
    <element href="assembly.xml#Call-LogError_300_2203"/>
  </visualProperties>
  <visualProperties x="1916" y="5534">
    <element href="assembly.xml#Call-LogError_0170"/>
  </visualProperties>
  <visualProperties x="1644" y="5966">
    <element href="assembly.xml#Call-LogError_300_22030"/>
  </visualProperties>
  <visualProperties x="1700" y="6196">
    <element href="assembly.xml#Call-LogError_0160"/>
  </visualProperties>
  <visualProperties x="1476" y="6358">
    <element href="assembly.xml#Call-LogError_0161"/>
  </visualProperties>
  <visualProperties x="1958" y="6622">
    <element href="assembly.xml#Call-LogError_0162"/>
  </visualProperties>
  <visualProperties x="1660" y="7140">
    <element href="assembly.xml#Call-LogError_0163"/>
  </visualProperties>
  <decorations x="315" y="47" width="1147" height="69" font="Arial|20|1" fontColor="1" type="TEXT" text="INT0102 Fidelity Single Client Feed Outbound"/>
  <decorations x="323" y="107" width="965" height="179" type="TEXT" text="US Foods(USF) has licensed Workday HCM and will be deploying the system to manage its US workforce. Workday is a SaaS (Software as a Service) application that can be accessed through a URL using a web browser via the internet and is hosted and maintained by Workday. Workday will be USF system of record for HR data and Payroll Processing. The current HR system used by USF is Peoplesoft. Benefits module will not be configured in Workday. Fidelity Investments (Fidelity) is the record keeper of the US Foods 401(k) Savings plan. &#xD;&#xA;USF requires an outbound integration from Workday to provide Fidelity with employee demographic, tax, and financial contribution information for administration of Defined contribution, Stock, and HSA plans. This integration will run Weekly, M-F to deliver 2 fixed width text files to a fidelity server. One file will be for indicative demographic data and the other will be for financial records. These will be controlled through launch parameters from a single integration system."/>
  <decorations x="401" y="487" width="221" height="136" type="TEXT" text="1. INITIALIZE INTEGRATION - save Attributes, Maps, Launch Parameters, Sequence Generators to properties/hashmaps etc. Initialize data structures."/>
  <decorations x="375" y="1035" width="141" height="110" type="TEXT" text="2.Getting Core Connector Output.xml file from CCW "/>
  <decorations x="357" y="1359" width="234" height="266" type="TEXT" text="3.Call Report as a Service (RaaS) to get custom report XML and store eligible worker transactions. Custom report name: &quot;INT0022 Fidelity Stock Admin Participant Indicative&quot;"/>
  <decorations width="221" height="136" type="TEXT" text="LAUNCH CORE CONNECTOR"/>
  <decorations width="221" height="136" type="TEXT" text="LAUNCH STUDIO"/>
  <decorations width="221" height="136" type="TEXT" text="1. INITIALIZE INTEGRATION - save Attributes, Maps, Launch Parameters, Sequence Generators to properties/hashmaps etc. Initialize data structures."/>
  <decorations width="141" height="110" type="TEXT" text="2.Getting Core Connector Output.xml file from CCW "/>
  <decorations width="221" height="136" type="TEXT" text="1. INITIALIZE INTEGRATION - save Attributes, Maps, Launch Parameters, Sequence Generators to properties/hashmaps etc. Initialize data structures."/>
  <decorations width="221" height="136" type="TEXT" text="1. INITIALIZE INTEGRATION - save Attributes, Maps, Launch Parameters, Sequence Generators to properties/hashmaps etc. Initialize data structures."/>
  <decorations width="221" height="136" type="TEXT" text="1. INITIALIZE INTEGRATION - save Attributes, Maps, Launch Parameters, Sequence Generators to properties/hashmaps etc. Initialize data structures."/>
  <decorations width="221" height="136" type="TEXT" text="1. INITIALIZE INTEGRATION - save Attributes, Maps, Launch Parameters, Sequence Generators to properties/hashmaps etc. Initialize data structures."/>
  <decorations width="221" height="136" type="TEXT" text="1. INITIALIZE INTEGRATION - save Attributes, Maps, Launch Parameters, Sequence Generators to properties/hashmaps etc. Initialize data structures."/>
  <decorations width="221" height="136" type="TEXT" text="1. INITIALIZE INTEGRATION - save Attributes, Maps, Launch Parameters, Sequence Generators to properties/hashmaps etc. Initialize data structures."/>
  <decorations width="221" height="136" type="TEXT" text="1. INITIALIZE INTEGRATION - save Attributes, Maps, Launch Parameters, Sequence Generators to properties/hashmaps etc. Initialize data structures."/>
  <decorations width="221" height="136" type="TEXT" text="1. INITIALIZE INTEGRATION - save Attributes, Maps, Launch Parameters, Sequence Generators to properties/hashmaps etc. Initialize data structures."/>
  <decorations width="221" height="136" type="TEXT" text="1. INITIALIZE INTEGRATION - save Attributes, Maps, Launch Parameters, Sequence Generators to properties/hashmaps etc. Initialize data structures."/>
  <decorations width="221" height="136" type="TEXT" text="1. INITIALIZE INTEGRATION - save Attributes, Maps, Launch Parameters, Sequence Generators to properties/hashmaps etc. Initialize data structures."/>
  <decorations width="221" height="136" type="TEXT" text="1. INITIALIZE INTEGRATION - save Attributes, Maps, Launch Parameters, Sequence Generators to properties/hashmaps etc. Initialize data structures."/>
  <decorations width="221" height="136" type="TEXT" text="1. INITIALIZE INTEGRATION - save Attributes, Maps, Launch Parameters, Sequence Generators to properties/hashmaps etc. Initialize data structures."/>
  <decorations width="221" height="136" type="TEXT" text="Finalize Message and Audits - writes the record counts, writes the audit log and outputs a final status message"/>
  <decorations width="221" height="136" type="TEXT" text="Log Messages and Write to the Audit Log"/>
  <decorations width="221" height="136" type="TEXT" text="Global Error Handler - handles unexpected errors"/>
  <connections type="routesTo" sourceAnchorX="0.4794520547945205" sourceAnchorY="0.32432432432432434" targetAnchorX="0.08191126279863481" targetAnchorY="0.448">
    <source href="assembly.xml#Init"/>
    <target href="assembly.xml#InitMediation"/>
  </connections>
  <connections type="routesTo" sourceAnchorX="0.9423076923076923" sourceAnchorY="0.5294117647058824" targetAnchorX="0.011695906432748537" targetAnchorY="0.408">
    <source href="assembly.xml#//@beans/@mixed.1/@route.0/@subRoute.0"/>
    <target href="assembly.xml#CopyCCW"/>
    <bendpoints sourceX="45" sourceY="-1" targetX="-45" targetY="113"/>
    <bendpoints sourceX="44" sourceY="-92" targetX="-32" targetY="2"/>
  </connections>
  <connections type="routesResponseTo" sourceAnchorX="0.8529411764705882" sourceAnchorY="0.5135135135135135" targetAnchorX="0.14953271028037382" targetAnchorY="0.3298429319371728">
    <source href="assembly.xml#GetEventDocuments"/>
    <target href="assembly.xml#CCWFile"/>
  </connections>
  <connections type="routesTo">
    <source href="assembly.xml#EventWID"/>
    <target href="assembly.xml#GetEventDocuments"/>
  </connections>
  <connections type="routesTo">
    <source href="assembly.xml#RetrieveCCW"/>
    <target href="assembly.xml#EventWID"/>
  </connections>
  <connections type="routesTo">
    <source href="assembly.xml#GetReportData"/>
    <target href="assembly.xml#ErrorCatchMediation"/>
  </connections>
  <connections type="routesTo" sourceAnchorX="0.9426229508196722" sourceAnchorY="0.5882352941176471" targetAnchorX="0.08396946564885496" targetAnchorY="0.3543307086614173">
    <source href="assembly.xml#//@beans/@mixed.1/@splitter.0/@subRoute.0"/>
    <target href="assembly.xml#ProcessEntry"/>
  </connections>
  <connections type="routesTo">
    <source href="assembly.xml#StoreReportOutput"/>
    <target href="assembly.xml#SplitByWorker"/>
  </connections>
  <connections type="routesTo" sourceAnchorX="0.25609756097560976" sourceAnchorY="0.4594594594594595" targetAnchorX="0.43" targetAnchorY="0.35135135135135137">
    <source href="assembly.xml#FeedOutboundB"/>
    <target href="assembly.xml#CallInit"/>
  </connections>
  <connections type="routesTo">
    <source href="assembly.xml#LaunchCC"/>
    <target href="assembly.xml#LaunchCoreConnector"/>
  </connections>
  <connections type="routesTo" sourceAnchorX="0.6708860759493671" sourceAnchorY="0.5135135135135135" targetAnchorX="0.45695364238410596" targetAnchorY="0.6875">
    <source href="assembly.xml#CC"/>
    <target href="assembly.xml#LaunchCC"/>
  </connections>
  <connections type="routesResponseTo" sourceAnchorX="0.48623853211009177" sourceAnchorY="0.1891891891891892" targetAnchorX="0.4188034188034188" targetAnchorY="0.2702702702702703">
    <source href="assembly.xml#Call-CC"/>
    <target href="assembly.xml#Call-Studio"/>
  </connections>
  <connections type="routesTo" sourceAnchorX="1.0" sourceAnchorY="0.20212765957446807" targetAnchorX="0.0546875" targetAnchorY="0.5405405405405406">
    <source href="assembly.xml#LaunchStudio"/>
    <target href="assembly.xml#LaunchEvent"/>
  </connections>
  <connections type="routesTo" sourceAnchorX="0.6865671641791045" sourceAnchorY="0.3783783783783784" targetAnchorX="0.29411764705882354" targetAnchorY="0.3125">
    <source href="assembly.xml#Studio"/>
    <target href="assembly.xml#LaunchStudio"/>
  </connections>
  <connections type="routesTo" sourceAnchorX="0.46218487394957986" sourceAnchorY="0.2702702702702703" targetAnchorX="0.37962962962962965" targetAnchorY="0.5675675675675675">
    <source href="assembly.xml#StartHere"/>
    <target href="assembly.xml#Call-InitA"/>
  </connections>
  <connections type="routesResponseTo" sourceAnchorX="0.4166666666666667" sourceAnchorY="0.13513513513513514" targetAnchorX="0.41284403669724773" targetAnchorY="0.7027027027027027">
    <source href="assembly.xml#Call-InitA"/>
    <target href="assembly.xml#Call-CC"/>
  </connections>
  <connections type="routesTo" sourceAnchorX="0.6708860759493671" sourceAnchorY="0.5135135135135135" targetAnchorX="0.45695364238410596" targetAnchorY="0.6875">
    <source href="assembly.xml#InitA"/>
    <target href="assembly.xml#Initialize"/>
  </connections>
  <connections type="routesTo" sourceAnchorX="0.2980769230769231" sourceAnchorY="0.47058823529411764" targetAnchorX="0.19021739130434784" targetAnchorY="0.6216216216216216">
    <source href="assembly.xml#//@beans/@mixed.1/@route.0/@subRoute.1"/>
    <target href="assembly.xml#Call-LogError_1201"/>
  </connections>
  <connections type="routesTo" sourceAnchorX="0.9423076923076923" sourceAnchorY="0.5294117647058824" targetAnchorX="0.011695906432748537" targetAnchorY="0.408">
    <source href="assembly.xml#//@beans/@mixed.1/@route.1/@subRoute.0"/>
    <target href="assembly.xml#ConvertTaxFileToXML"/>
    <bendpoints sourceX="45" sourceY="-1" targetX="-45" targetY="113"/>
    <bendpoints sourceX="44" sourceY="-92" targetX="-32" targetY="2"/>
  </connections>
  <connections type="routesTo" sourceAnchorX="0.8141025641025641" sourceAnchorY="0.4864864864864865" targetAnchorX="0.37606837606837606" targetAnchorY="0.5970149253731343">
    <source href="assembly.xml#RetrieveTaxFile"/>
    <target href="assembly.xml#TaxFile"/>
  </connections>
  <connections type="routesResponseTo" sourceAnchorX="0.30113636363636365" sourceAnchorY="0.5405405405405406" targetAnchorX="0.2768361581920904" targetAnchorY="0.5675675675675675">
    <source href="assembly.xml#CallCCWRetrieval"/>
    <target href="assembly.xml#CallgetReportData"/>
  </connections>
  <connections type="routesTo" sourceAnchorX="0.8582677165354331" sourceAnchorY="0.4864864864864865" targetAnchorX="0.03125" targetAnchorY="0.35964912280701755">
    <source href="assembly.xml#GetTaxRates"/>
    <target href="assembly.xml#RouteTaxes"/>
  </connections>
  <connections type="routesTo" sourceAnchorX="0.8367346938775511" sourceAnchorY="0.5588235294117647" targetAnchorX="0.2185430463576159" targetAnchorY="0.40540540540540543">
    <source href="assembly.xml#//@beans/@mixed.1/@route.2/@subRoute.1"/>
    <target href="assembly.xml#Call-LocalTaxes"/>
  </connections>
  <connections type="routesTo" sourceAnchorX="0.8027210884353742" targetAnchorX="0.23076923076923078" targetAnchorY="0.43243243243243246">
    <source href="assembly.xml#//@beans/@mixed.1/@route.2/@subRoute.0"/>
    <target href="assembly.xml#Call-StateTaxes"/>
  </connections>
  <connections type="routesTo" sourceAnchorX="0.8299319727891157" sourceAnchorY="0.47058823529411764" targetAnchorX="0.2185430463576159" targetAnchorY="0.40540540540540543">
    <source href="assembly.xml#//@beans/@mixed.1/@route.2/@subRoute.2"/>
    <target href="assembly.xml#Call-OtherTaxes"/>
  </connections>
  <connections type="routesTo" sourceAnchorX="0.3858267716535433" sourceAnchorY="0.4" targetAnchorX="0.4444444444444444" targetAnchorY="0.2702702702702703">
    <source href="assembly.xml#//@beans/@mixed.1/@mixed.121/@mixed.3"/>
    <target href="assembly.xml#Call-LogError_StateTaxes"/>
  </connections>
  <connections type="routesTo" sourceAnchorX="0.5748031496062992" sourceAnchorY="0.8" targetAnchorX="0.5560747663551402" targetAnchorY="0.1891891891891892">
    <source href="assembly.xml#//@beans/@mixed.1/@mixed.117/@mixed.3"/>
    <target href="assembly.xml#Call-LogError_LocalTaxes01"/>
  </connections>
  <connections type="routesTo" sourceAnchorX="0.7521367521367521" sourceAnchorY="0.5945945945945946" targetAnchorX="0.14925373134328357" targetAnchorY="0.5425531914893617">
    <source href="assembly.xml#StateTaxes"/>
    <target href="assembly.xml#CopyStateTaxes"/>
  </connections>
  <connections type="routesTo" sourceAnchorX="0.8059701492537313" sourceAnchorY="0.43617021276595747" targetAnchorX="0.2619047619047619" targetAnchorY="0.6818181818181818">
    <source href="assembly.xml#CopyStateTaxes"/>
    <target href="assembly.xml#SplitStateTaxes"/>
  </connections>
  <connections type="routesTo" sourceAnchorX="0.7345132743362832" sourceAnchorY="0.35294117647058826" targetAnchorX="0.44776119402985076" targetAnchorY="0.5212765957446809">
    <source href="assembly.xml#//@beans/@mixed.1/@splitter.3/@subRoute.0"/>
    <target href="assembly.xml#ProcessStateTax"/>
  </connections>
  <connections type="routesTo" sourceAnchorX="0.5149253731343284" targetAnchorX="0.514018691588785" targetAnchorY="0.35135135135135137">
    <source href="assembly.xml#//@beans/@mixed.1/@mixed.113/@mixed.3"/>
    <target href="assembly.xml#Call-LogError_LocalTaxes03"/>
  </connections>
  <connections type="routesTo" sourceAnchorX="0.6782608695652174" sourceAnchorY="0.7352941176470589" targetAnchorX="0.2624113475177305" targetAnchorY="0.6914893617021277">
    <source href="assembly.xml#//@beans/@mixed.1/@splitter.2/@subRoute.0"/>
    <target href="assembly.xml#ProcessStateTax1"/>
  </connections>
  <connections type="routesTo" sourceAnchorX="0.3208955223880597" sourceAnchorY="0.26666666666666666" targetAnchorX="0.335" targetAnchorY="0.3783783783783784">
    <source href="assembly.xml#//@beans/@mixed.1/@mixed.93/@mixed.3"/>
    <target href="assembly.xml#Call-LogError_LocalTaxes"/>
  </connections>
  <connections type="routesTo" sourceAnchorX="0.9219858156028369" sourceAnchorY="0.40425531914893614" targetAnchorX="0.1328125" targetAnchorY="0.6428571428571429">
    <source href="assembly.xml#CopyOtherTaxes"/>
    <target href="assembly.xml#SplitOtherTaxes"/>
  </connections>
  <connections type="routesTo" sourceAnchorX="0.9159663865546218" sourceAnchorY="0.3783783783783784" targetAnchorX="0.10638297872340426" targetAnchorY="0.44680851063829785">
    <source href="assembly.xml#OtherTaxes"/>
    <target href="assembly.xml#CopyOtherTaxes"/>
  </connections>
  <connections type="routesTo" sourceAnchorX="0.4925373134328358" sourceAnchorY="0.7" targetAnchorX="0.525" targetAnchorY="0.2702702702702703">
    <source href="assembly.xml#//@beans/@mixed.1/@mixed.109/@mixed.3"/>
    <target href="assembly.xml#Call-LogError_OtherTaxes"/>
  </connections>
  <connections type="routesTo" sourceAnchorX="0.43283582089552236" sourceAnchorY="0.8666666666666667" targetAnchorX="0.43457943925233644" targetAnchorY="0.16216216216216217">
    <source href="assembly.xml#//@beans/@mixed.1/@mixed.101/@mixed.3"/>
    <target href="assembly.xml#Call-LogError_LocalTaxes02"/>
  </connections>
  <connections type="routesTo" sourceAnchorX="0.9130434782608695" targetAnchorX="0.46099290780141844" targetAnchorY="0.574468085106383">
    <source href="assembly.xml#//@beans/@mixed.1/@splitter.1/@subRoute.0"/>
    <target href="assembly.xml#ProcessStateTax0"/>
  </connections>
  <connections type="routesTo" sourceAnchorX="0.8085106382978723" sourceAnchorY="0.2553191489361702" targetAnchorX="0.2265625" targetAnchorY="0.564935064935065">
    <source href="assembly.xml#CopyLocalTaxes"/>
    <target href="assembly.xml#SplitLocalTaxes"/>
  </connections>
  <connections type="routesTo" sourceAnchorX="0.7899159663865546" sourceAnchorY="0.2702702702702703" targetAnchorX="0.1773049645390071" targetAnchorY="0.3829787234042553">
    <source href="assembly.xml#LocalTaxes"/>
    <target href="assembly.xml#CopyLocalTaxes"/>
  </connections>
  <connections type="routesTo" sourceAnchorX="0.3858267716535433" sourceAnchorY="0.6333333333333333" targetAnchorX="0.38613861386138615" targetAnchorY="0.40540540540540543">
    <source href="assembly.xml#//@beans/@mixed.1/@mixed.131/@mixed.3"/>
    <target href="assembly.xml#Call-LogError_File"/>
  </connections>
  <connections type="routesTo" sourceAnchorX="0.7868852459016393" sourceAnchorY="0.44339622641509435" targetAnchorX="0.0" targetAnchorY="0.336">
    <source href="assembly.xml#FileAggregator"/>
    <target href="assembly.xml#StoreFile0"/>
  </connections>
  <connections type="routesTo" sourceAnchorX="0.8656716417910447" sourceAnchorY="0.5106382978723404" targetAnchorX="0.22950819672131148" targetAnchorY="0.6226415094339622">
    <source href="assembly.xml#CopyDemRecord"/>
    <target href="assembly.xml#FileAggregator"/>
  </connections>
  <connections type="routesTo" sourceAnchorX="0.8940397350993378" sourceAnchorY="0.4864864864864865" targetAnchorX="0.19402985074626866" targetAnchorY="0.5531914893617021">
    <source href="assembly.xml#AddToDemographicAggregator"/>
    <target href="assembly.xml#CopyDemRecord"/>
  </connections>
  <connections type="routesTo" sourceAnchorX="0.8805970149253731" sourceAnchorY="0.5531914893617021" targetAnchorX="0.12041884816753927" targetAnchorY="0.3783783783783784">
    <source href="assembly.xml#StoreFile0"/>
    <target href="assembly.xml#PutFile"/>
  </connections>
  <connections type="routesTo" sourceAnchorX="0.9017341040462428" sourceAnchorY="0.44881889763779526" targetAnchorX="0.0979020979020979" targetAnchorY="0.5405405405405406">
    <source href="assembly.xml#ProcessEntry"/>
    <target href="assembly.xml#Call-ProcessDemographicRecords"/>
  </connections>
  <connections type="routesResponseTo" sourceAnchorX="0.8321678321678322" sourceAnchorY="0.5405405405405406" targetAnchorX="0.140625" targetAnchorY="0.43243243243243246">
    <source href="assembly.xml#Call-ProcessDemographicRecords"/>
    <target href="assembly.xml#Call-ProcessFinancialRecords"/>
  </connections>
  <connections type="routesTo" sourceAnchorX="0.82421875" sourceAnchorY="0.40540540540540543" targetAnchorX="0.1286549707602339" targetAnchorY="0.23622047244094488">
    <source href="assembly.xml#ProcessDemographicRecords"/>
    <target href="assembly.xml#BGRecord"/>
  </connections>
  <connections type="routesTo" sourceAnchorX="0.9361702127659575" sourceAnchorY="0.392" targetAnchorX="0.12290502793296089" targetAnchorY="0.5675675675675675">
    <source href="assembly.xml#FinancialRecord"/>
    <target href="assembly.xml#AddToAggregator_3160"/>
  </connections>
  <connections type="routesTo" sourceAnchorX="0.9070796460176991" sourceAnchorY="0.5675675675675675" targetAnchorX="0.26900584795321636" targetAnchorY="0.5433070866141733">
    <source href="assembly.xml#ProcessFinancialRecords"/>
    <target href="assembly.xml#FinancialRecord"/>
  </connections>
  <connections type="routesResponseTo" sourceAnchorX="0.45" sourceAnchorY="0.5405405405405406" targetAnchorX="0.17509727626459143" targetAnchorY="0.5675675675675675">
    <source href="assembly.xml#CallInit"/>
    <target href="assembly.xml#Call-WriteDemographicHeader"/>
  </connections>
  <connections type="routesResponseTo" sourceAnchorX="0.29961089494163423" sourceAnchorY="0.13513513513513514" targetAnchorX="0.32158590308370044" targetAnchorY="0.6486486486486487">
    <source href="assembly.xml#Call-WriteDemographicHeader"/>
    <target href="assembly.xml#Call-WriteFinancialHeader"/>
  </connections>
  <connections type="routesResponseTo" sourceAnchorX="0.23348017621145375" sourceAnchorY="0.5405405405405406" targetAnchorX="0.23118279569892472" targetAnchorY="0.35135135135135137">
    <source href="assembly.xml#Call-WriteFinancialHeader"/>
    <target href="assembly.xml#Call-RetrieveTaxFile"/>
  </connections>
  <connections type="routesTo" sourceAnchorX="0.8940397350993378" sourceAnchorY="0.4864864864864865" targetAnchorX="0.19402985074626866" targetAnchorY="0.5531914893617021">
    <source href="assembly.xml#AddToFinancialAggregator"/>
    <target href="assembly.xml#CopyFinRecord"/>
  </connections>
  <connections type="routesTo" sourceAnchorX="0.3858267716535433" sourceAnchorY="0.6333333333333333" targetAnchorX="0.38613861386138615" targetAnchorY="0.40540540540540543">
    <source href="assembly.xml#//@beans/@mixed.1/@mixed.157/@mixed.3"/>
    <target href="assembly.xml#Call-LogError_File0"/>
  </connections>
  <connections type="routesTo" sourceAnchorX="0.8805970149253731" sourceAnchorY="0.5531914893617021" targetAnchorX="0.12041884816753927" targetAnchorY="0.3783783783783784">
    <source href="assembly.xml#StoreFile00"/>
    <target href="assembly.xml#PutFile0"/>
  </connections>
  <connections type="routesTo" sourceAnchorX="0.7868852459016393" sourceAnchorY="0.44339622641509435" targetAnchorX="0.0" targetAnchorY="0.336">
    <source href="assembly.xml#FileAggregator0"/>
    <target href="assembly.xml#StoreFile00"/>
  </connections>
  <connections type="routesTo" sourceAnchorX="0.8656716417910447" sourceAnchorY="0.5106382978723404" targetAnchorX="0.22950819672131148" targetAnchorY="0.6226415094339622">
    <source href="assembly.xml#CopyFinRecord"/>
    <target href="assembly.xml#FileAggregator0"/>
  </connections>
  <connections type="routesResponseTo" sourceAnchorX="0.3204225352112676" sourceAnchorY="0.43243243243243246" targetAnchorX="0.3661417322834646" targetAnchorY="0.1891891891891892">
    <source href="assembly.xml#Call-CloseDemographicAggregator"/>
    <target href="assembly.xml#Call-CloseFinancialAggregator"/>
  </connections>
  <connections type="routesTo">
    <source href="assembly.xml#LogMessage"/>
    <target href="assembly.xml#PutIntegrationMessage"/>
  </connections>
  <connections type="routesTo">
    <source href="assembly.xml#Log"/>
    <target href="assembly.xml#LogMessage"/>
  </connections>
  <connections type="routesTo" sourceAnchorX="0.9076923076923077" sourceAnchorY="0.36666666666666664" targetAnchorX="0.11920529801324503" targetAnchorY="0.2702702702702703">
    <source href="assembly.xml#//@beans/@mixed.1/@mixed.169/@mixed.3"/>
    <target href="assembly.xml#Call-LogError_ForceBatch"/>
  </connections>
  <connections type="routesTo" sourceAnchorX="0.8095238095238095" sourceAnchorY="0.5945945945945946" targetAnchorX="0.12941176470588237" targetAnchorY="0.5118110236220472">
    <source href="assembly.xml#FinalizeMessageAndAudits"/>
    <target href="assembly.xml#SetForceBatch"/>
  </connections>
  <connections type="routesTo">
    <source href="assembly.xml#//@beans/@mixed.1/@mixed.187"/>
    <target href="assembly.xml#GlobalErrorMessage"/>
  </connections>
  <connections type="routesResponseTo" sourceAnchorX="0.7631578947368421" sourceAnchorY="0.4594594594594595" targetAnchorX="0.3769633507853403" targetAnchorY="0.2702702702702703">
    <source href="assembly.xml#GlobalErrorMessage"/>
    <target href="assembly.xml#PutCriticalIntegrationEvent"/>
  </connections>
  <connections type="routesTo" sourceAnchorX="0.9361702127659575" sourceAnchorY="0.392" targetAnchorX="0.12290502793296089" targetAnchorY="0.5675675675675675">
    <source href="assembly.xml#DemographicHeaderXSLT"/>
    <target href="assembly.xml#AddToAggregator_3162"/>
  </connections>
  <connections type="routesTo" sourceAnchorX="0.82421875" sourceAnchorY="0.40540540540540543" targetAnchorX="0.1286549707602339" targetAnchorY="0.23622047244094488">
    <source href="assembly.xml#WriteDemographicHeader"/>
    <target href="assembly.xml#DemographicHeaderXSLT"/>
  </connections>
  <connections type="routesTo" sourceAnchorX="0.9361702127659575" sourceAnchorY="0.392" targetAnchorX="0.12290502793296089" targetAnchorY="0.5675675675675675">
    <source href="assembly.xml#FinancialHeaderXSLT"/>
    <target href="assembly.xml#AddToAggregator_3163"/>
  </connections>
  <connections type="routesTo" sourceAnchorX="0.82421875" sourceAnchorY="0.40540540540540543" targetAnchorX="0.1286549707602339" targetAnchorY="0.23622047244094488">
    <source href="assembly.xml#WriteFinancialHeader"/>
    <target href="assembly.xml#FinancialHeaderXSLT"/>
  </connections>
  <connections type="routesResponseTo" sourceAnchorX="0.480225988700565" sourceAnchorY="0.2972972972972973" targetAnchorX="0.316" targetAnchorY="0.2702702702702703">
    <source href="assembly.xml#CallgetReportData"/>
    <target href="assembly.xml#Call-WriteDemographicTrailer"/>
  </connections>
  <connections type="routesResponseTo" sourceAnchorX="0.348" sourceAnchorY="0.5945945945945946" targetAnchorX="0.38636363636363635" targetAnchorY="0.6216216216216216">
    <source href="assembly.xml#Call-WriteDemographicTrailer"/>
    <target href="assembly.xml#Call-WriteFinancialTrailer"/>
  </connections>
  <connections type="routesResponseTo" sourceAnchorX="0.5136363636363637" sourceAnchorY="0.4594594594594595" targetAnchorX="0.3415492957746479" targetAnchorY="0.918918918918919">
    <source href="assembly.xml#Call-WriteFinancialTrailer"/>
    <target href="assembly.xml#Call-CloseDemographicAggregator"/>
  </connections>
  <connections type="routesTo" sourceAnchorX="0.9361702127659575" sourceAnchorY="0.392" targetAnchorX="0.12290502793296089" targetAnchorY="0.5675675675675675">
    <source href="assembly.xml#DemographicTrailer"/>
    <target href="assembly.xml#AddToAggregator_31620"/>
  </connections>
  <connections type="routesTo" sourceAnchorX="0.82421875" sourceAnchorY="0.40540540540540543" targetAnchorX="0.1286549707602339" targetAnchorY="0.23622047244094488">
    <source href="assembly.xml#WriteDemographicTrailer"/>
    <target href="assembly.xml#DemographicTrailer"/>
  </connections>
  <connections type="routesTo" sourceAnchorX="0.9361702127659575" sourceAnchorY="0.392" targetAnchorX="0.12290502793296089" targetAnchorY="0.5675675675675675">
    <source href="assembly.xml#FinancialTrailer"/>
    <target href="assembly.xml#AddToAggregator_31630"/>
  </connections>
  <connections type="routesTo" sourceAnchorX="0.82421875" sourceAnchorY="0.40540540540540543" targetAnchorX="0.1286549707602339" targetAnchorY="0.23622047244094488">
    <source href="assembly.xml#WriteFinancialTrailer"/>
    <target href="assembly.xml#FinancialTrailer"/>
  </connections>
  <connections type="routesResponseTo" sourceAnchorX="0.4032258064516129" sourceAnchorY="0.2972972972972973" targetAnchorX="0.43859649122807015" targetAnchorY="0.21621621621621623">
    <source href="assembly.xml#Call-RetrieveTaxFile"/>
    <target href="assembly.xml#Call-GetTaxRates"/>
  </connections>
  <connections type="routesResponseTo" sourceAnchorX="0.43859649122807015" sourceAnchorY="0.4864864864864865" targetAnchorX="0.4715909090909091" targetAnchorY="0.40540540540540543">
    <source href="assembly.xml#Call-GetTaxRates"/>
    <target href="assembly.xml#CallCCWRetrieval"/>
  </connections>
  <connections type="routesTo" sourceAnchorX="0.9289340101522843" sourceAnchorY="0.4645669291338583" targetAnchorX="0.3146853146853147" targetAnchorY="0.4329268292682927">
    <source href="assembly.xml#CopyCCW"/>
    <target href="assembly.xml#SplitByWorker0"/>
  </connections>
  <connections type="routesTo" sourceAnchorX="0.8304093567251462" sourceAnchorY="0.4251968503937008" targetAnchorX="0.42" targetAnchorY="0.24324324324324326">
    <source href="assembly.xml#BGRecord"/>
    <target href="assembly.xml#AddToAggregator_316"/>
  </connections>
  <connections type="routesResponseTo" sourceAnchorX="0.76" sourceAnchorY="0.2972972972972973" targetAnchorX="0.9181286549707602" targetAnchorY="0.7007874015748031">
    <source href="assembly.xml#AddToAggregator_316"/>
    <target href="assembly.xml#PreProcessTaxes"/>
  </connections>
  <connections type="routesTo" sourceAnchorX="0.7707006369426752" sourceAnchorY="0.4645669291338583" targetAnchorX="0.3333333333333333" targetAnchorY="0.4024390243902439">
    <source href="assembly.xml#PreProcessTaxes"/>
    <target href="assembly.xml#SplitTaxes"/>
  </connections>
  <connections type="routesTo" sourceAnchorX="0.8557692307692307" sourceAnchorY="0.5294117647058824" targetAnchorX="0.1342281879194631" targetAnchorY="0.5433070866141733">
    <source href="assembly.xml#//@beans/@mixed.1/@splitter.5/@subRoute.0"/>
    <target href="assembly.xml#TaxRecords"/>
  </connections>
  <connections type="routesTo" sourceAnchorX="0.9060402684563759" sourceAnchorY="0.47244094488188976" targetAnchorX="0.2980769230769231" targetAnchorY="0.43243243243243246">
    <source href="assembly.xml#TaxRecords"/>
    <target href="assembly.xml#AddToAggregator_3164"/>
  </connections>
  <connections type="routesTo" sourceAnchorX="0.42718446601941745" sourceAnchorY="0.32432432432432434" targetAnchorX="0.47794117647058826" targetAnchorY="0.09433962264150944">
    <source href="assembly.xml#CloseDemographicFile"/>
    <target href="assembly.xml#FileAggregator"/>
  </connections>
  <connections type="routesTo" sourceAnchorX="0.44886363636363635" sourceAnchorY="0.21621621621621623" targetAnchorX="0.5069444444444444" targetAnchorY="0.2830188679245283">
    <source href="assembly.xml#CloseFinancialFile"/>
    <target href="assembly.xml#FileAggregator0"/>
  </connections>
  <connections type="routesTo" sourceAnchorX="0.7923076923076923" sourceAnchorY="0.4411764705882353" targetAnchorX="0.28901734104046245" targetAnchorY="0.2677165354330709">
    <source href="assembly.xml#//@beans/@mixed.1/@splitter.4/@subRoute.0"/>
    <target href="assembly.xml#ProcessCCWRecord"/>
  </connections>
  <connections type="routesTo" sourceAnchorX="0.8092485549132948" sourceAnchorY="0.4251968503937008" targetAnchorX="0.15865384615384615" targetAnchorY="0.35135135135135137">
    <source href="assembly.xml#ProcessCCWRecord"/>
    <target href="assembly.xml#AddToAggregator_3161"/>
  </connections>
  <connections type="routesTo" sourceAnchorX="0.4019607843137255" sourceAnchorY="0.43333333333333335" targetAnchorX="0.24882629107981222" targetAnchorY="0.08108108108108109">
    <source href="assembly.xml#//@beans/@mixed.1/@mixed.61/@mixed.3"/>
    <target href="assembly.xml#Call-LogError_SetProps"/>
  </connections>
  <connections type="routesTo" sourceAnchorX="0.34285714285714286" sourceAnchorY="0.6333333333333333" targetAnchorX="0.19909502262443438" targetAnchorY="0.35135135135135137">
    <source href="assembly.xml#//@beans/@mixed.1/@mixed.49/@mixed.3"/>
    <target href="assembly.xml#Call-LogError_LaunchCC"/>
  </connections>
  <connections type="routesTo" sourceAnchorX="0.3870967741935484" targetAnchorX="0.2986425339366516" targetAnchorY="0.6486486486486487">
    <source href="assembly.xml#//@beans/@mixed.1/@mixed.57/@mixed.3"/>
    <target href="assembly.xml#Call-LogError_LaunchStudio"/>
  </connections>
  <connections type="routesResponseTo" sourceAnchorX="0.26804123711340205" sourceAnchorY="0.43243243243243246" targetAnchorX="0.12643678160919541" targetAnchorY="0.6486486486486487">
    <source href="assembly.xml#Call-Studio"/>
    <target href="assembly.xml#Call-FinalizeMessageAndAudits"/>
  </connections>
  <connections type="routesResponseTo" sourceAnchorX="0.18773946360153257" sourceAnchorY="0.5675675675675675" targetAnchorX="0.225130890052356" targetAnchorY="0.6756756756756757">
    <source href="assembly.xml#Call-FinalizeMessageAndAudits"/>
    <target href="assembly.xml#PutIntegrationEvent0"/>
  </connections>
  <connections type="routesResponseTo" sourceAnchorX="0.3346456692913386" sourceAnchorY="0.4864864864864865" targetAnchorX="0.3382899628252788" targetAnchorY="0.9459459459459459">
    <source href="assembly.xml#Call-CloseFinancialAggregator"/>
    <target href="assembly.xml#Call-FinalizeMessageAndAudits0"/>
  </connections>
  <connections type="routesResponseTo" sourceAnchorX="0.30855018587360594" sourceAnchorY="0.4864864864864865" targetAnchorX="0.4426229508196721" targetAnchorY="0.5675675675675675">
    <source href="assembly.xml#Call-FinalizeMessageAndAudits0"/>
    <target href="assembly.xml#PutIntegrationEvent"/>
  </connections>
  <connections type="routesTo" sourceAnchorX="0.1700787401574803" sourceAnchorY="0.6" targetAnchorX="0.43231441048034935" targetAnchorY="0.40540540540540543">
    <source href="assembly.xml#//@beans/@mixed.1/@mixed.35/@mixed.3"/>
    <target href="assembly.xml#Call-LogError_SetProps10"/>
  </connections>
  <connections type="routesTo" sourceAnchorX="0.36666666666666664" sourceAnchorY="0.3333333333333333" targetAnchorX="0.2742616033755274" targetAnchorY="0.6756756756756757">
    <source href="assembly.xml#//@beans/@mixed.1/@mixed.193/@mixed.3"/>
    <target href="assembly.xml#Call-LogError_01"/>
  </connections>
  <connections type="routesTo" sourceAnchorX="0.3933333333333333" sourceAnchorY="0.4666666666666667" targetAnchorX="0.4090909090909091" targetAnchorY="0.3783783783783784">
    <source href="assembly.xml#//@beans/@mixed.1/@mixed.199/@mixed.3"/>
    <target href="assembly.xml#Call-LogError_010"/>
  </connections>
  <connections type="routesTo" sourceAnchorX="0.6346153846153846" sourceAnchorY="0.7058823529411765" targetAnchorX="0.4228571428571429" targetAnchorY="0.7027027027027027">
    <source href="assembly.xml#//@beans/@mixed.1/@route.1/@subRoute.1"/>
    <target href="assembly.xml#Call-LogError_011"/>
  </connections>
  <connections type="routesTo" sourceAnchorX="0.4663382594417077" sourceAnchorY="0.4666666666666667" targetAnchorX="0.42045454545454547" targetAnchorY="0.8648648648648649">
    <source href="assembly.xml#//@beans/@mixed.1/@mixed.67/@mixed.3"/>
    <target href="assembly.xml#Call-LogError_012"/>
  </connections>
  <connections type="routesTo" sourceAnchorX="0.5980392156862745" sourceAnchorY="0.3333333333333333" targetAnchorX="0.38636363636363635" targetAnchorY="0.6486486486486487">
    <source href="assembly.xml#//@beans/@mixed.1/@mixed.11/@mixed.3"/>
    <target href="assembly.xml#Call-LogError_013"/>
  </connections>
  <connections type="routesTo" sourceAnchorX="0.4831932773109244" sourceAnchorY="0.4" targetAnchorX="0.48295454545454547" targetAnchorY="0.972972972972973">
    <source href="assembly.xml#//@beans/@mixed.1/@mixed.31/@mixed.3"/>
    <target href="assembly.xml#Call-LogError_014"/>
  </connections>
  <connections type="routesTo" sourceAnchorX="0.5178571428571429" sourceAnchorY="0.4" targetAnchorX="0.5170454545454546" targetAnchorY="0.16216216216216217">
    <source href="assembly.xml#//@beans/@mixed.1/@mixed.17/@mixed.3"/>
    <target href="assembly.xml#Call-LogError_016"/>
  </connections>
  <connections type="routesTo" sourceAnchorX="0.43670886075949367" sourceAnchorY="0.3333333333333333" targetAnchorX="0.42613636363636365" targetAnchorY="0.43243243243243246">
    <source href="assembly.xml#//@beans/@mixed.1/@mixed.7/@mixed.3"/>
    <target href="assembly.xml#Call-LogError_018"/>
  </connections>
  <connections type="routesTo" sourceAnchorX="0.4981684981684982" sourceAnchorY="0.5333333333333333" targetAnchorX="0.5509259259259259" targetAnchorY="0.5945945945945946">
    <source href="assembly.xml#//@beans/@mixed.1/@mixed.233/@mixed.3"/>
    <target href="assembly.xml#Call-LogError_300_2200"/>
  </connections>
  <connections type="routesTo" sourceAnchorX="0.28313253012048195" sourceAnchorY="0.6666666666666666" targetAnchorX="0.2222222222222222" targetAnchorY="0.6486486486486487">
    <source href="assembly.xml#//@beans/@mixed.1/@mixed.15/@mixed.3"/>
    <target href="assembly.xml#Call-LogError_300_2201"/>
  </connections>
  <connections type="routesTo" sourceAnchorX="0.36936936936936937" sourceAnchorY="0.5333333333333333" targetAnchorX="0.4861111111111111" targetAnchorY="0.7027027027027027">
    <source href="assembly.xml#//@beans/@mixed.1/@mixed.143/@mixed.3"/>
    <target href="assembly.xml#Call-LogError_300_2202"/>
  </connections>
  <connections type="routesTo" sourceAnchorX="0.5304878048780488" sourceAnchorY="0.4" targetAnchorX="0.39814814814814814" targetAnchorY="0.43243243243243246">
    <source href="assembly.xml#//@beans/@mixed.1/@mixed.223/@mixed.3"/>
    <target href="assembly.xml#Call-LogError_300_2203"/>
  </connections>
  <connections type="routesTo" sourceAnchorX="0.23057644110275688" sourceAnchorY="0.06666666666666667" targetAnchorX="0.45108695652173914" targetAnchorY="0.4864864864864865">
    <source href="assembly.xml#//@beans/@mixed.1/@mixed.225/@mixed.3"/>
    <target href="assembly.xml#Call-LogError_0170"/>
  </connections>
  <connections type="routesTo" sourceAnchorX="0.46846846846846846" sourceAnchorY="0.26666666666666666" targetAnchorX="0.4955357142857143" targetAnchorY="0.7027027027027027">
    <source href="assembly.xml#//@beans/@mixed.1/@mixed.147/@mixed.3"/>
    <target href="assembly.xml#Call-LogError_300_22030"/>
  </connections>
  <connections type="routesTo" sourceAnchorX="0.4819277108433735" targetAnchorX="0.483695652173913" targetAnchorY="0.40540540540540543">
    <source href="assembly.xml#//@beans/@mixed.1/@mixed.215/@mixed.3"/>
    <target href="assembly.xml#Call-LogError_0160"/>
  </connections>
  <connections type="routesTo" sourceAnchorX="0.41566265060240964" sourceAnchorY="0.4666666666666667" targetAnchorX="0.391304347826087" targetAnchorY="0.21621621621621623">
    <source href="assembly.xml#//@beans/@mixed.1/@mixed.205/@mixed.3"/>
    <target href="assembly.xml#Call-LogError_0161"/>
  </connections>
  <connections type="routesTo" sourceAnchorX="0.3541666666666667" sourceAnchorY="0.36666666666666664" targetAnchorX="0.29347826086956524" targetAnchorY="0.5135135135135135">
    <source href="assembly.xml#//@beans/@mixed.1/@mixed.135/@mixed.3"/>
    <target href="assembly.xml#Call-LogError_0162"/>
  </connections>
  <connections type="routesTo" sourceAnchorX="0.506578947368421" sourceAnchorY="0.6666666666666666" targetAnchorX="0.45652173913043476" targetAnchorY="0.4864864864864865">
    <source href="assembly.xml#//@beans/@mixed.1/@mixed.155/@mixed.3"/>
    <target href="assembly.xml#Call-LogError_0163"/>
  </connections>
  <connections type="routesTo" sourceAnchorX="0.8899521531100478" sourceAnchorY="0.4251968503937008" targetAnchorX="0.19576719576719576" targetAnchorY="0.4594594594594595">
    <source href="assembly.xml#SetForceBatch"/>
    <target href="assembly.xml#FinalStatusMessage"/>
  </connections>
  <connections type="routesTo" sourceAnchorX="0.9154929577464789" sourceAnchorY="0.4330708661417323" targetAnchorX="0.2411764705882353" targetAnchorY="0.4864864864864865">
    <source href="assembly.xml#ErrorCatchMediation"/>
    <target href="assembly.xml#WorkdayOutRest"/>
  </connections>
  <connections type="routesResponseTo" sourceAnchorX="0.7470588235294118" sourceAnchorY="0.3783783783783784" targetAnchorX="0.06735751295336788" targetAnchorY="0.4573643410852713">
    <source href="assembly.xml#WorkdayOutRest"/>
    <target href="assembly.xml#StoreReportOutput"/>
  </connections>
  <swimlanes x="391" y="1325" bgColor="12632256" fgColor="12632256" name="Initialize Integration" alignment="MIDDLE" topBorderColor="1">
    <elements href="#//@decorations.2"/>
    <elements href="assembly.xml#Init"/>
    <elements href="#//@swimlanes.1"/>
  </swimlanes>
  <swimlanes x="52" y="220" bgColor="12632256" fgColor="8454143" name="Init" orientation="VERTICAL" topBorderColor="1">
    <elements href="assembly.xml#InitMediation"/>
    <elements href="assembly.xml#Call-LogError_SetProps10"/>
  </swimlanes>
  <swimlanes x="52" y="378" bgColor="12632256" fgColor="12632256" name="Main Assembly" orientation="VERTICAL" topBorderColor="1">
    <elements href="assembly.xml#StartHere"/>
    <elements href="assembly.xml#Call-InitA"/>
    <elements href="assembly.xml#Call-CC"/>
    <elements href="assembly.xml#Call-Studio"/>
    <elements href="assembly.xml#Call-FinalizeMessageAndAudits"/>
    <elements href="assembly.xml#PutIntegrationEvent0"/>
    <elements href="assembly.xml#FeedOutboundB"/>
    <elements href="assembly.xml#CallInit"/>
    <elements href="assembly.xml#Call-WriteDemographicHeader"/>
    <elements href="assembly.xml#Call-WriteFinancialHeader"/>
    <elements href="assembly.xml#Call-RetrieveTaxFile"/>
    <elements href="assembly.xml#Call-GetTaxRates"/>
    <elements href="assembly.xml#CallCCWRetrieval"/>
    <elements href="assembly.xml#CallgetReportData"/>
    <elements href="assembly.xml#Call-WriteDemographicTrailer"/>
    <elements href="assembly.xml#Call-WriteFinancialTrailer"/>
    <elements href="assembly.xml#Call-CloseDemographicAggregator"/>
    <elements href="#//@swimlanes.0"/>
    <elements href="assembly.xml#Call-CloseFinancialAggregator"/>
    <elements href="assembly.xml#Call-FinalizeMessageAndAudits0"/>
    <elements href="assembly.xml#PutIntegrationEvent"/>
  </swimlanes>
  <swimlanes x="403" y="4248" bgColor="12632256" fgColor="12632256" name="Core Connector Worker" alignment="MIDDLE" topBorderColor="1">
    <elements href="#//@decorations.3"/>
    <elements href="assembly.xml#RetrieveCCW"/>
    <elements href="#//@swimlanes.4"/>
    <elements href="assembly.xml#GetEventDocuments"/>
    <elements href="#//@swimlanes.5"/>
    <elements href="#//@swimlanes.6"/>
    <elements href="assembly.xml#SplitByWorker0"/>
    <elements href="#//@swimlanes.20"/>
    <elements href="assembly.xml#AddToAggregator_3161"/>
  </swimlanes>
  <swimlanes x="1123" y="679" bgColor="12632256" fgColor="8454143" name="Event WID" orientation="VERTICAL" topBorderColor="1">
    <elements href="assembly.xml#EventWID"/>
    <elements href="assembly.xml#Call-LogError_013"/>
  </swimlanes>
  <swimlanes x="1210" y="767" bgColor="12632256" fgColor="8454143" name="Route" orientation="VERTICAL" topBorderColor="1">
    <elements href="assembly.xml#CCWFile"/>
  </swimlanes>
  <swimlanes x="1173" y="799" bgColor="12632256" fgColor="8454143" name="Copy CCW" orientation="VERTICAL" alignment="MIDDLE" topBorderColor="1">
    <elements href="assembly.xml#CopyCCW"/>
    <elements href="assembly.xml#Call-LogError_014"/>
  </swimlanes>
  <swimlanes x="518" y="4693" bgColor="12632256" fgColor="12632256" name="Swimlane" alignment="MIDDLE" topBorderColor="1">
    <elements href="#//@decorations.4"/>
    <elements href="assembly.xml#GetReportData"/>
    <elements href="#//@swimlanes.8"/>
    <elements href="assembly.xml#WorkdayOutRest"/>
    <elements href="#//@swimlanes.9"/>
    <elements href="assembly.xml#SplitByWorker"/>
    <elements href="#//@swimlanes.10"/>
    <elements href="assembly.xml#Call-ProcessDemographicRecords"/>
    <elements href="assembly.xml#Call-ProcessFinancialRecords"/>
  </swimlanes>
  <swimlanes x="365" y="1361" bgColor="12632256" fgColor="8454143" name="Swimlane" orientation="VERTICAL" topBorderColor="1">
    <elements href="assembly.xml#ErrorCatchMediation"/>
    <elements href="assembly.xml#Call-LogError_016"/>
  </swimlanes>
  <swimlanes x="1852" y="1230" bgColor="12632256" fgColor="8454143" name="Swimlane" orientation="VERTICAL" topBorderColor="1">
    <elements href="assembly.xml#StoreReportOutput"/>
    <elements href="assembly.xml#Call-LogError_018"/>
  </swimlanes>
  <swimlanes x="1915" y="1250" bgColor="12632256" fgColor="8454143" name="Swimlane" orientation="VERTICAL" topBorderColor="1">
    <elements href="assembly.xml#ProcessEntry"/>
    <elements href="assembly.xml#Call-LogError_300_2201"/>
  </swimlanes>
  <swimlanes bgColor="12632256" fgColor="8454143" name="Init" orientation="VERTICAL" topBorderColor="1">
    <elements href="assembly.xml#LaunchCC"/>
    <elements href="assembly.xml#Call-LogError_LaunchCC"/>
  </swimlanes>
  <swimlanes x="390" y="583" bgColor="12632256" fgColor="12632256" name="Initialize Integration" alignment="MIDDLE" topBorderColor="1">
    <elements href="#//@decorations.5"/>
    <elements href="assembly.xml#CC"/>
    <elements href="#//@swimlanes.11"/>
    <elements href="assembly.xml#LaunchCoreConnector"/>
  </swimlanes>
  <swimlanes bgColor="12632256" fgColor="8454143" name="Init" orientation="VERTICAL" topBorderColor="1">
    <elements href="assembly.xml#LaunchStudio"/>
    <elements href="assembly.xml#Call-LogError_LaunchStudio"/>
  </swimlanes>
  <swimlanes x="390" y="904" bgColor="12632256" fgColor="12632256" name="Initialize Integration" alignment="MIDDLE" topBorderColor="1">
    <elements href="#//@decorations.6"/>
    <elements href="assembly.xml#Studio"/>
    <elements href="#//@swimlanes.13"/>
    <elements href="assembly.xml#LaunchEvent"/>
  </swimlanes>
  <swimlanes bgColor="12632256" fgColor="8454143" name="Init" orientation="VERTICAL" topBorderColor="1">
    <elements href="assembly.xml#Initialize"/>
    <elements href="assembly.xml#Call-LogError_SetProps"/>
  </swimlanes>
  <swimlanes x="390" y="267" bgColor="12632256" fgColor="12632256" name="Initialize Integration" alignment="MIDDLE" topBorderColor="1">
    <elements href="#//@decorations.7"/>
    <elements href="assembly.xml#InitA"/>
    <elements href="#//@swimlanes.15"/>
  </swimlanes>
  <swimlanes bgColor="12632256" fgColor="8454143" name="Route" orientation="VERTICAL" topBorderColor="1">
    <elements href="assembly.xml#TaxFile"/>
    <elements href="assembly.xml#Call-LogError_011"/>
  </swimlanes>
  <swimlanes bgColor="12632256" fgColor="8454143" name="Copy CCW" orientation="VERTICAL" alignment="MIDDLE" topBorderColor="1">
    <elements href="assembly.xml#ConvertTaxFileToXML"/>
    <elements href="assembly.xml#Call-LogError_012"/>
  </swimlanes>
  <swimlanes x="409" y="2488" bgColor="12632256" fgColor="12632256" name="Core Connector Worker" alignment="MIDDLE" topBorderColor="1">
    <elements href="#//@decorations.8"/>
    <elements href="assembly.xml#RetrieveTaxFile"/>
    <elements href="#//@swimlanes.17"/>
    <elements href="#//@swimlanes.18"/>
  </swimlanes>
  <swimlanes x="2913" y="1753" bgColor="12632256" fgColor="8454143" name="Copy CCW" orientation="VERTICAL" alignment="MIDDLE" topBorderColor="1">
    <elements href="assembly.xml#ProcessCCWRecord"/>
    <elements href="assembly.xml#Call-LogError_300_2200"/>
  </swimlanes>
  <swimlanes bgColor="12632256" fgColor="8454143" name="Init" orientation="VERTICAL" topBorderColor="1">
    <elements href="assembly.xml#DemographicHeaderXSLT"/>
    <elements href="assembly.xml#Call-LogError_01"/>
  </swimlanes>
  <swimlanes x="390" y="1784" bgColor="12632256" fgColor="12632256" name="Initialize Integration" alignment="MIDDLE" topBorderColor="1">
    <elements href="#//@decorations.9"/>
    <elements href="assembly.xml#WriteDemographicHeader"/>
    <elements href="#//@swimlanes.21"/>
    <elements href="assembly.xml#AddToAggregator_3162"/>
  </swimlanes>
  <swimlanes bgColor="12632256" fgColor="8454143" name="Init" orientation="VERTICAL" topBorderColor="1">
    <elements href="assembly.xml#FinancialHeaderXSLT"/>
    <elements href="assembly.xml#Call-LogError_010"/>
  </swimlanes>
  <swimlanes x="394" y="2141" bgColor="12632256" fgColor="12632256" name="Initialize Integration" alignment="MIDDLE" topBorderColor="1">
    <elements href="#//@decorations.10"/>
    <elements href="assembly.xml#WriteFinancialHeader"/>
    <elements href="#//@swimlanes.23"/>
    <elements href="assembly.xml#AddToAggregator_3163"/>
  </swimlanes>
  <swimlanes x="403" y="2913" bgColor="12632256" fgColor="12632256" name="Initialize Integration" alignment="MIDDLE" topBorderColor="1">
    <elements href="#//@decorations.11"/>
    <elements href="assembly.xml#GetTaxRates"/>
    <elements href="assembly.xml#RouteTaxes"/>
    <elements href="assembly.xml#Call-StateTaxes"/>
    <elements href="assembly.xml#Call-LocalTaxes"/>
    <elements href="assembly.xml#Call-OtherTaxes"/>
  </swimlanes>
  <swimlanes bgColor="12632256" fgColor="8454143" name="Init" orientation="VERTICAL" topBorderColor="1">
    <elements href="assembly.xml#ProcessStateTax"/>
    <elements href="assembly.xml#Call-LogError_LocalTaxes01"/>
  </swimlanes>
  <swimlanes x="410" y="3249" bgColor="12632256" fgColor="12632256" name="Initialize Integration" alignment="MIDDLE" topBorderColor="1">
    <elements href="#//@decorations.12"/>
    <elements href="assembly.xml#StateTaxes"/>
    <elements href="#//@swimlanes.28"/>
    <elements href="assembly.xml#SplitStateTaxes"/>
    <elements href="#//@swimlanes.26"/>
  </swimlanes>
  <swimlanes x="2744" y="3332" bgColor="12632256" fgColor="8454143" name="Init" orientation="VERTICAL" topBorderColor="1">
    <elements href="assembly.xml#CopyStateTaxes"/>
    <elements href="assembly.xml#Call-LogError_StateTaxes"/>
  </swimlanes>
  <swimlanes bgColor="12632256" fgColor="8454143" name="Init" orientation="VERTICAL" topBorderColor="1">
    <elements href="assembly.xml#CopyLocalTaxes"/>
    <elements href="assembly.xml#Call-LogError_LocalTaxes"/>
  </swimlanes>
  <swimlanes bgColor="12632256" fgColor="8454143" name="Init" orientation="VERTICAL" topBorderColor="1">
    <elements href="assembly.xml#ProcessStateTax0"/>
    <elements href="assembly.xml#Call-LogError_LocalTaxes02"/>
  </swimlanes>
  <swimlanes x="409" y="3572" bgColor="12632256" fgColor="12632256" name="Initialize Integration" alignment="MIDDLE" topBorderColor="1">
    <elements href="#//@decorations.13"/>
    <elements href="assembly.xml#LocalTaxes"/>
    <elements href="#//@swimlanes.29"/>
    <elements href="assembly.xml#SplitLocalTaxes"/>
    <elements href="#//@swimlanes.30"/>
  </swimlanes>
  <swimlanes bgColor="12632256" fgColor="8454143" name="Init" orientation="VERTICAL" topBorderColor="1">
    <elements href="assembly.xml#CopyOtherTaxes"/>
    <elements href="assembly.xml#Call-LogError_OtherTaxes"/>
  </swimlanes>
  <swimlanes bgColor="12632256" fgColor="8454143" name="Init" orientation="VERTICAL" topBorderColor="1">
    <elements href="assembly.xml#ProcessStateTax1"/>
    <elements href="assembly.xml#Call-LogError_LocalTaxes03"/>
  </swimlanes>
  <swimlanes x="410" y="3908" bgColor="12632256" fgColor="12632256" name="Initialize Integration" alignment="MIDDLE" topBorderColor="1">
    <elements href="#//@decorations.14"/>
    <elements href="assembly.xml#OtherTaxes"/>
    <elements href="#//@swimlanes.32"/>
    <elements href="assembly.xml#SplitOtherTaxes"/>
    <elements href="#//@swimlanes.33"/>
  </swimlanes>
  <swimlanes bgColor="12632256" fgColor="8454143" name="Init" orientation="VERTICAL" topBorderColor="1">
    <elements href="assembly.xml#BGRecord"/>
    <elements href="assembly.xml#Call-LogError_300_2202"/>
  </swimlanes>
  <swimlanes x="406" y="5151" bgColor="12632256" fgColor="12632256" name="Initialize Integration" alignment="MIDDLE" topBorderColor="1">
    <elements href="#//@decorations.15"/>
    <elements href="assembly.xml#ProcessDemographicRecords"/>
    <elements href="#//@swimlanes.35"/>
    <elements href="assembly.xml#AddToAggregator_316"/>
    <elements href="#//@swimlanes.37"/>
    <elements href="assembly.xml#SplitTaxes"/>
    <elements href="#//@swimlanes.38"/>
    <elements href="assembly.xml#AddToAggregator_3164"/>
  </swimlanes>
  <swimlanes x="3432" y="5366" bgColor="12632256" fgColor="8454143" name="Init" orientation="VERTICAL" topBorderColor="1">
    <elements href="assembly.xml#PreProcessTaxes"/>
    <elements href="assembly.xml#Call-LogError_300_2203"/>
  </swimlanes>
  <swimlanes x="4290" y="5350" bgColor="12632256" fgColor="8454143" name="Init" orientation="VERTICAL" topBorderColor="1">
    <elements href="assembly.xml#TaxRecords"/>
    <elements href="assembly.xml#Call-LogError_0170"/>
  </swimlanes>
  <swimlanes bgColor="12632256" fgColor="8454143" name="Init" orientation="VERTICAL" topBorderColor="1">
    <elements href="assembly.xml#FinancialRecord"/>
    <elements href="assembly.xml#Call-LogError_300_22030"/>
  </swimlanes>
  <swimlanes x="406" y="5481" bgColor="12632256" fgColor="12632256" name="Initialize Integration" alignment="MIDDLE" topBorderColor="1">
    <elements href="#//@decorations.16"/>
    <elements href="assembly.xml#ProcessFinancialRecords"/>
    <elements href="#//@swimlanes.39"/>
    <elements href="assembly.xml#AddToAggregator_3160"/>
  </swimlanes>
  <swimlanes bgColor="12632256" fgColor="8454143" name="Init" orientation="VERTICAL" topBorderColor="1">
    <elements href="assembly.xml#DemographicTrailer"/>
    <elements href="assembly.xml#Call-LogError_0160"/>
  </swimlanes>
  <swimlanes x="109" y="5809" bgColor="12632256" fgColor="12632256" name="Initialize Integration" alignment="MIDDLE" topBorderColor="1">
    <elements href="#//@decorations.17"/>
    <elements href="assembly.xml#WriteDemographicTrailer"/>
    <elements href="#//@swimlanes.41"/>
    <elements href="assembly.xml#AddToAggregator_31620"/>
  </swimlanes>
  <swimlanes bgColor="12632256" fgColor="8454143" name="Init" orientation="VERTICAL" topBorderColor="1">
    <elements href="assembly.xml#FinancialTrailer"/>
    <elements href="assembly.xml#Call-LogError_0161"/>
  </swimlanes>
  <swimlanes x="409" y="6149" bgColor="12632256" fgColor="12632256" name="Initialize Integration" alignment="MIDDLE" topBorderColor="1">
    <elements href="#//@decorations.18"/>
    <elements href="assembly.xml#WriteFinancialTrailer"/>
    <elements href="#//@swimlanes.43"/>
    <elements href="assembly.xml#AddToAggregator_31630"/>
  </swimlanes>
  <swimlanes bgColor="12632256" fgColor="8454143" name="Init" orientation="VERTICAL" topBorderColor="1">
    <elements href="assembly.xml#CopyDemRecord"/>
    <elements href="assembly.xml#Call-LogError_0162"/>
  </swimlanes>
  <swimlanes x="409" y="6476" bgColor="12632256" fgColor="12632256" name="Initialize Integration" alignment="MIDDLE" topBorderColor="1">
    <elements href="#//@decorations.19"/>
    <elements href="assembly.xml#AddToDemographicAggregator"/>
    <elements href="#//@swimlanes.45"/>
    <elements href="#//@swimlanes.54"/>
    <elements href="#//@swimlanes.53"/>
    <elements href="assembly.xml#PutFile"/>
  </swimlanes>
  <swimlanes bgColor="12632256" fgColor="8454143" name="Init" orientation="VERTICAL" topBorderColor="1">
    <elements href="assembly.xml#CopyFinRecord"/>
    <elements href="assembly.xml#Call-LogError_0163"/>
  </swimlanes>
  <swimlanes x="409" y="6821" bgColor="12632256" fgColor="12632256" name="Initialize Integration" alignment="MIDDLE" topBorderColor="1">
    <elements href="#//@decorations.20"/>
    <elements href="assembly.xml#AddToFinancialAggregator"/>
    <elements href="#//@swimlanes.47"/>
    <elements href="#//@swimlanes.55"/>
    <elements href="#//@swimlanes.56"/>
    <elements href="assembly.xml#PutFile0"/>
  </swimlanes>
  <swimlanes bgColor="12632256" fgColor="8454143" name="Init" orientation="VERTICAL" topBorderColor="1">
    <elements href="assembly.xml#SetForceBatch"/>
    <elements href="assembly.xml#Call-LogError_ForceBatch"/>
  </swimlanes>
  <swimlanes x="406" y="7166" bgColor="12632256" fgColor="12632256" name="Initialize Integration" alignment="MIDDLE" topBorderColor="1">
    <elements href="#//@decorations.21"/>
    <elements href="assembly.xml#FinalizeMessageAndAudits"/>
    <elements href="#//@swimlanes.49"/>
    <elements href="assembly.xml#FinalStatusMessage"/>
  </swimlanes>
  <swimlanes x="405" y="7503" bgColor="12632256" fgColor="12632256" name="Initialize Integration" alignment="MIDDLE" topBorderColor="1">
    <elements href="#//@decorations.22"/>
    <elements href="assembly.xml#Log"/>
    <elements href="assembly.xml#LogMessage"/>
    <elements href="assembly.xml#PutIntegrationMessage"/>
  </swimlanes>
  <swimlanes x="403" y="7728" bgColor="12632256" fgColor="12632256" name="Initialize Integration" alignment="MIDDLE" topBorderColor="1">
    <elements href="#//@decorations.23"/>
    <elements href="assembly.xml#//@beans/@mixed.1/@mixed.187"/>
    <elements href="assembly.xml#GlobalErrorMessage"/>
    <elements href="assembly.xml#PutCriticalIntegrationEvent"/>
  </swimlanes>
  <swimlanes x="3294" y="6530" bgColor="12632256" fgColor="8454143" name="Init" orientation="VERTICAL" topBorderColor="1">
    <elements href="assembly.xml#StoreFile0"/>
    <elements href="assembly.xml#Call-LogError_File"/>
  </swimlanes>
  <swimlanes x="3114" y="6552" bgColor="12632256" fgColor="8454143" name="Init" orientation="VERTICAL" topBorderColor="1">
    <elements href="assembly.xml#CloseDemographicFile"/>
    <elements href="assembly.xml#FileAggregator"/>
  </swimlanes>
  <swimlanes x="1870" y="6846" bgColor="12632256" fgColor="8454143" name="Init" orientation="VERTICAL" topBorderColor="1">
    <elements href="assembly.xml#CloseFinancialFile"/>
    <elements href="assembly.xml#FileAggregator0"/>
  </swimlanes>
  <swimlanes x="1866" y="6832" bgColor="12632256" fgColor="8454143" name="Init" orientation="VERTICAL" topBorderColor="1">
    <elements href="assembly.xml#StoreFile00"/>
    <elements href="assembly.xml#Call-LogError_File0"/>
  </swimlanes>
</wdnm:Diagram>
