<?xml version="1.0" encoding="UTF-8"?>
<wdnm:Diagram xmlns:wdnm="http://workday.com/studio/editors/notation">
  <element href="assembly.xml#ValidateInputfile"/>
  <visualProperties x="47" y="168">
    <element href="assembly.xml#INT0025"/>
  </visualProperties>
  <visualProperties x="705" y="184">
    <element href="assembly.xml#Call-FileRetrieval"/>
  </visualProperties>
  <visualProperties x="248" y="326">
    <element href="assembly.xml#InitializationError"/>
  </visualProperties>
  <visualProperties x="43" y="435">
    <element href="assembly.xml#FileRetrieval"/>
  </visualProperties>
  <visualProperties x="222" y="404">
    <element href="assembly.xml#InitRetrieveParams"/>
  </visualProperties>
  <visualProperties x="278" y="548">
    <element href="assembly.xml#CriticalRetrieveDocsError"/>
  </visualProperties>
  <visualProperties x="430" y="428">
    <element href="assembly.xml#GetFile"/>
  </visualProperties>
  <visualProperties x="554" y="404">
    <element href="assembly.xml#RetrieveInputDocuments"/>
  </visualProperties>
  <visualProperties x="809" y="420">
    <element href="assembly.xml#CheckFileSize"/>
  </visualProperties>
  <visualProperties x="811" y="584">
    <element href="assembly.xml#SendRetrievalError"/>
  </visualProperties>
  <visualProperties x="1000" y="439">
    <element href="assembly.xml#VartoMsg"/>
  </visualProperties>
  <visualProperties x="1322" y="414">
    <element href="assembly.xml#SplitContent"/>
  </visualProperties>
  <visualProperties x="1494" y="487">
    <element href="assembly.xml#Schema"/>
  </visualProperties>
  <visualProperties x="1624" y="620">
    <element href="assembly.xml#SchemaError"/>
  </visualProperties>
  <visualProperties x="1643" y="382">
    <element href="assembly.xml#EmployeeID"/>
  </visualProperties>
  <visualProperties x="1680" y="571">
    <element href="assembly.xml#InvalidEmployeeError"/>
  </visualProperties>
  <visualProperties x="1803" y="394">
    <element href="assembly.xml#InputFileAgg"/>
  </visualProperties>
  <visualProperties x="2030" y="420">
    <element href="assembly.xml#Store"/>
  </visualProperties>
  <visualProperties x="1873" y="564">
    <element href="assembly.xml#CloseAgg"/>
  </visualProperties>
  <visualProperties x="2140" y="469">
    <element href="assembly.xml#PutIntegrationMessage"/>
  </visualProperties>
  <visualProperties x="996" y="172">
    <element href="assembly.xml#Call-CloseAgg"/>
  </visualProperties>
  <visualProperties x="1178" y="162">
    <element href="assembly.xml#ValidateInput"/>
  </visualProperties>
  <visualProperties x="1368" y="192">
    <element href="assembly.xml#CallRetrieveWorker"/>
  </visualProperties>
  <visualProperties x="74" y="916">
    <element href="assembly.xml#RetrieveWorker"/>
  </visualProperties>
  <visualProperties x="300" y="910">
    <element href="assembly.xml#InitiateGetWorker"/>
  </visualProperties>
  <visualProperties x="316" y="1058">
    <element href="assembly.xml#GetWorkerCriticalError"/>
  </visualProperties>
  <visualProperties x="558" y="956">
    <element href="assembly.xml#PagedGet"/>
  </visualProperties>
  <visualProperties x="729" y="916">
    <element href="assembly.xml#Splitter"/>
  </visualProperties>
  <visualProperties x="909" y="930">
    <element href="assembly.xml#WorkerDataMap"/>
  </visualProperties>
  <visualProperties x="1139" y="946">
    <element href="assembly.xml#AsyncMediation"/>
  </visualProperties>
  <visualProperties x="1356" y="984">
    <element href="assembly.xml#Error-worker"/>
  </visualProperties>
  <visualProperties x="1593" y="184">
    <element href="assembly.xml#CallProcessWorker"/>
  </visualProperties>
  <visualProperties x="74" y="1196">
    <element href="assembly.xml#ProcessWorker"/>
  </visualProperties>
  <visualProperties x="530" y="1172">
    <element href="assembly.xml#SplitMessage"/>
  </visualProperties>
  <visualProperties x="698" y="1216">
    <element href="assembly.xml#ExtractEmpData"/>
  </visualProperties>
  <visualProperties x="1166" y="1163">
    <element href="assembly.xml#SubmitPayrollFormat"/>
  </visualProperties>
  <visualProperties x="1377" y="1253">
    <element href="assembly.xml#ValidationMode1"/>
  </visualProperties>
  <visualProperties x="1568" y="1286">
    <element href="assembly.xml#SubmitPayroll"/>
  </visualProperties>
  <visualProperties x="316" y="1166">
    <element href="assembly.xml#SplitterErrorHandler"/>
  </visualProperties>
  <visualProperties x="1157" y="439">
    <element href="assembly.xml#StandardSplit"/>
  </visualProperties>
  <visualProperties x="738" y="1392">
    <element href="assembly.xml#CallFileDataFetcherror"/>
  </visualProperties>
  <visualProperties x="83" y="1656">
    <element href="assembly.xml#AuditLine"/>
  </visualProperties>
  <visualProperties x="1226" y="1415">
    <element href="assembly.xml#AsyncMediation0"/>
  </visualProperties>
  <visualProperties x="1771" y="1240">
    <element href="assembly.xml#AsyncMediation1"/>
  </visualProperties>
  <visualProperties x="1586" y="1428">
    <element href="assembly.xml#PutIntegrationMessage0"/>
  </visualProperties>
  <visualProperties x="2010" y="1284">
    <element href="assembly.xml#CallAuditLine"/>
  </visualProperties>
  <visualProperties x="105" y="1960">
    <element href="assembly.xml#CriticalError"/>
  </visualProperties>
  <visualProperties x="290" y="1936">
    <element href="assembly.xml#SetCriticalErrorFlag"/>
  </visualProperties>
  <visualProperties x="595" y="1970">
    <element href="assembly.xml#SendCriticalError"/>
  </visualProperties>
  <visualProperties x="867" y="1970">
    <element href="assembly.xml#AbortImportPayInputs"/>
  </visualProperties>
  <visualProperties x="307" y="1345">
    <element href="assembly.xml#CallSubRoutine"/>
  </visualProperties>
  <visualProperties x="256" y="1632">
    <element href="assembly.xml#AsyncMediation2"/>
  </visualProperties>
  <visualProperties x="553" y="1632">
    <element href="assembly.xml#Aggregator"/>
  </visualProperties>
  <visualProperties x="822" y="1636">
    <element href="assembly.xml#AsyncMediation3"/>
  </visualProperties>
  <visualProperties x="588" y="1776">
    <element href="assembly.xml#AuditLineError1"/>
  </visualProperties>
  <visualProperties x="1124" y="1696">
    <element href="assembly.xml#PutAuditLog"/>
  </visualProperties>
  <visualProperties x="1827" y="184">
    <element href="assembly.xml#CallCloseAgg"/>
  </visualProperties>
  <visualProperties x="80" y="1198">
    <element href="assembly.xml#ProcessWorker"/>
  </visualProperties>
  <visualProperties x="567" y="1578">
    <element href="assembly.xml#CloseAuditAgg"/>
  </visualProperties>
  <visualProperties x="230" y="165">
    <element href="assembly.xml#Start"/>
  </visualProperties>
  <visualProperties x="442" y="211">
    <element href="assembly.xml#ValMode"/>
  </visualProperties>
  <visualProperties x="979" y="1443">
    <element href="assembly.xml#CallAuditLine0"/>
  </visualProperties>
  <visualProperties x="1538" y="660">
    <element href="assembly.xml#AsyncMediation4"/>
  </visualProperties>
  <visualProperties x="1912" y="706">
    <element href="assembly.xml#SchemaError0"/>
  </visualProperties>
  <visualProperties x="1144" y="696">
    <element href="assembly.xml#Header"/>
  </visualProperties>
  <visualProperties>
    <element href="assembly.xml#//@beans/@mixed.1/@mixed.133"/>
  </visualProperties>
  <visualProperties>
    <element href="assembly.xml#GlobalErrorMessage"/>
  </visualProperties>
  <visualProperties>
    <element href="assembly.xml#PutCriticalEvent"/>
  </visualProperties>
  <visualProperties x="1235" y="323">
    <element href="assembly.xml#PutIntegrationMessage1"/>
  </visualProperties>
  <visualProperties x="1416" y="1449">
    <element href="assembly.xml#CallAuditLine2"/>
  </visualProperties>
  <decorations x="530" y="6" width="758" height="88" font="Arial|10|0" fontColor="1" type="TEXT" text="This file provides Workday payroll with ESPP deductions to be taken as a result of a withdrawal activity on the stock purchase plan. Contributions to the stock purchase plan are taken on a pay-period basis, however, are only used to purchase stock on a quarterly basis. In cases where an employee ends participation prior to a stock purchase, this file provides the amount to be processed for early withdrawal."/>
  <decorations x="47" y="6" width="439" height="53" font="Arial|14|1" fontColor="1" type="TEXT" text="INT0025-Fidelity-ESPP-Withdrawals-Inbound"/>
  <decorations x="37" y="115" width="2068" height="246" font="|9|3" bgColor="15391110" fontColor="1" type="NOTE" text="Integration Flow Initialization"/>
  <decorations x="75" y="384" width="2389" height="396" font="Arial|9|3" bgColor="12121460" fontColor="1" type="NOTE" text="File Retrieval" pinned="true"/>
  <decorations x="43" y="795" width="2294" height="308" font="Arial|9|3" bgColor="14671716" fontColor="1" type="NOTE" text="Get Worker Request"/>
  <decorations x="47" y="1134" width="2290" height="394" font="Arial|9|1" bgColor="10677403" fontColor="1" type="NOTE" text="Process Worker"/>
  <decorations x="74" y="1882" width="1236" height="165" font="Arial Black|9|0" bgColor="15391110" fontColor="1" type="NOTE" text="CriticalErrorHandler"/>
  <decorations x="71" y="1560" width="1232" height="274" font="Arial|9|1" bgColor="12121460" fontColor="1" type="NOTE" text="Audit Entry"/>
  <connections type="routesTo" sourceAnchorX="0.802547770700637" sourceAnchorY="1.0" targetAnchorX="0.02976190476190476" targetAnchorY="0.40217391304347827">
    <source href="assembly.xml#FileRetrieval"/>
    <target href="assembly.xml#InitRetrieveParams"/>
  </connections>
  <connections type="routesTo" sourceAnchorX="0.8132530120481928" sourceAnchorY="1.0" targetAnchorX="0.49230769230769234" targetAnchorY="0.43243243243243246">
    <source href="assembly.xml#//@beans/@mixed.1/@mixed.9/@mixed.3"/>
    <target href="assembly.xml#CriticalRetrieveDocsError"/>
  </connections>
  <connections type="routesTo" sourceAnchorX="1.0" sourceAnchorY="0.29457364341085274" targetAnchorX="0.05217391304347826" targetAnchorY="0.21621621621621623">
    <source href="assembly.xml#InitRetrieveParams"/>
    <target href="assembly.xml#GetFile"/>
  </connections>
  <connections type="routesResponseTo" sourceAnchorX="0.8260869565217391" sourceAnchorY="1.0" targetAnchorX="0.07575757575757576" targetAnchorY="0.4180790960451977">
    <source href="assembly.xml#GetFile"/>
    <target href="assembly.xml#RetrieveInputDocuments"/>
  </connections>
  <connections type="routesTo" sourceAnchorX="0.9333333333333333" sourceAnchorY="1.0" targetAnchorX="0.023809523809523808" targetAnchorY="0.4387755102040816">
    <source href="assembly.xml#//@beans/@mixed.1/@route.0/@subRoute.0"/>
    <target href="assembly.xml#CheckFileSize"/>
  </connections>
  <connections type="routesTo" sourceAnchorX="0.348993288590604" sourceAnchorY="1.0" targetAnchorX="0.40476190476190477" targetAnchorY="0.5405405405405406">
    <source href="assembly.xml#//@beans/@mixed.1/@mixed.17/@mixed.3"/>
    <target href="assembly.xml#SendRetrievalError"/>
  </connections>
  <connections type="routesTo" sourceAnchorX="1.0" sourceAnchorY="0.21705426356589147" targetAnchorX="0.1349206349206349" targetAnchorY="0.3163265306122449">
    <source href="assembly.xml#CheckFileSize"/>
    <target href="assembly.xml#VartoMsg"/>
  </connections>
  <connections type="routesTo" sourceAnchorX="0.9291338582677166" sourceAnchorY="1.0" targetAnchorX="0.047619047619047616" targetAnchorY="0.9489795918367347">
    <source href="assembly.xml#//@beans/@mixed.1/@route.1/@subRoute.1"/>
    <target href="assembly.xml#Schema"/>
  </connections>
  <connections type="routesTo" sourceAnchorX="0.0" sourceAnchorY="0.6666666666666666" targetAnchorX="0.19753086419753085" targetAnchorY="0.7567567567567568">
    <source href="assembly.xml#//@beans/@mixed.1/@mixed.25/@mixed.3"/>
    <target href="assembly.xml#SchemaError"/>
  </connections>
  <connections type="routesTo" sourceAnchorX="1.0" sourceAnchorY="0.3178294573643411" targetAnchorX="0.3291139240506329" targetAnchorY="0.3979591836734694">
    <source href="assembly.xml#Schema"/>
    <target href="assembly.xml#EmployeeID"/>
  </connections>
  <connections type="routesTo" sourceAnchorX="0.4358974358974359" sourceAnchorY="1.0" targetAnchorX="0.6865671641791045" targetAnchorY="0.0">
    <source href="assembly.xml#//@beans/@mixed.1/@mixed.29/@mixed.3"/>
    <target href="assembly.xml#InvalidEmployeeError"/>
  </connections>
  <connections type="routesTo" sourceAnchorX="1.0" sourceAnchorY="0.3488372093023256" targetAnchorX="0.5076923076923077" targetAnchorY="0.16216216216216217">
    <source href="assembly.xml#EmployeeID"/>
    <target href="assembly.xml#InputFileAgg"/>
  </connections>
  <connections type="routesTo" sourceAnchorX="1.0" sourceAnchorY="0.4339622641509434" targetAnchorX="0.23529411764705882" targetAnchorY="0.7959183673469388">
    <source href="assembly.xml#InputFileAgg"/>
    <target href="assembly.xml#Store"/>
  </connections>
  <connections type="routesTo">
    <source href="assembly.xml#CloseAgg"/>
    <target href="assembly.xml#InputFileAgg"/>
  </connections>
  <connections type="routesTo" sourceAnchorX="1.0" sourceAnchorY="0.22448979591836735" targetAnchorX="0.22406639004149378" targetAnchorY="0.08108108108108109">
    <source href="assembly.xml#Store"/>
    <target href="assembly.xml#PutIntegrationMessage"/>
  </connections>
  <connections type="routesResponseTo" sourceAnchorX="0.9123711340206185" sourceAnchorY="1.0" targetAnchorX="0.0935672514619883" targetAnchorY="0.6486486486486487">
    <source href="assembly.xml#Call-FileRetrieval"/>
    <target href="assembly.xml#Call-CloseAgg"/>
  </connections>
  <connections type="routesResponseTo" sourceAnchorX="0.6666666666666666" sourceAnchorY="1.0" targetAnchorX="0.03278688524590164" targetAnchorY="0.5918367346938775">
    <source href="assembly.xml#Call-CloseAgg"/>
    <target href="assembly.xml#ValidateInput"/>
  </connections>
  <connections type="routesTo" sourceAnchorX="0.0" sourceAnchorY="0.02040816326530612" targetAnchorX="0.12322274881516587" targetAnchorY="0.2702702702702703">
    <source href="assembly.xml#ValidateInput"/>
    <target href="assembly.xml#CallRetrieveWorker"/>
  </connections>
  <connections type="routesTo" sourceAnchorX="0.945054945054945" sourceAnchorY="1.0" targetAnchorX="0.4069264069264069" targetAnchorY="0.4489795918367347">
    <source href="assembly.xml#RetrieveWorker"/>
    <target href="assembly.xml#InitiateGetWorker"/>
  </connections>
  <connections type="routesTo" sourceAnchorX="0.5848214285714286" sourceAnchorY="1.0" targetAnchorX="0.5355648535564853" targetAnchorY="0.16216216216216217">
    <source href="assembly.xml#//@beans/@mixed.1/@mixed.49/@mixed.3"/>
    <target href="assembly.xml#GetWorkerCriticalError"/>
  </connections>
  <connections type="routesTo" sourceAnchorX="1.0" sourceAnchorY="0.12403100775193798" targetAnchorX="0.07971014492753623" targetAnchorY="0.8108108108108109">
    <source href="assembly.xml#InitiateGetWorker"/>
    <target href="assembly.xml#PagedGet"/>
  </connections>
  <connections type="routesResponseTo" sourceAnchorX="0.463768115942029" sourceAnchorY="1.0" targetAnchorX="0.12121212121212122">
    <source href="assembly.xml#PagedGet"/>
    <target href="assembly.xml#Splitter"/>
  </connections>
  <connections type="routesTo" sourceAnchorX="0.37815126050420167" sourceAnchorY="1.0" targetAnchorX="0.23121387283236994" targetAnchorY="0.4489795918367347">
    <source href="assembly.xml#//@beans/@mixed.1/@splitter.0/@subRoute.0"/>
    <target href="assembly.xml#WorkerDataMap"/>
  </connections>
  <connections type="routesTo" sourceAnchorX="0.8253012048192772" sourceAnchorY="1.0" targetAnchorX="0.017857142857142856" targetAnchorY="0.7551020408163265">
    <source href="assembly.xml#//@beans/@mixed.1/@mixed.57/@mixed.3"/>
    <target href="assembly.xml#AsyncMediation"/>
  </connections>
  <connections type="routesTo" sourceAnchorX="0.9702380952380952" sourceAnchorY="0.8571428571428571" targetAnchorX="0.13186813186813187" targetAnchorY="0.8108108108108109">
    <source href="assembly.xml#AsyncMediation"/>
    <target href="assembly.xml#Error-worker"/>
  </connections>
  <connections type="routesTo" sourceAnchorX="0.781021897810219" sourceAnchorY="1.0" targetAnchorX="0.32748538011695905" targetAnchorY="0.6326530612244898">
    <source href="assembly.xml#//@beans/@mixed.1/@splitter.1/@subRoute.0"/>
    <target href="assembly.xml#ExtractEmpData"/>
  </connections>
  <connections type="routesTo">
    <source href="assembly.xml#ExtractEmpData"/>
    <target href="assembly.xml#SubmitPayrollFormat"/>
  </connections>
  <connections type="routesTo" sourceAnchorX="0.8343949044585988" sourceAnchorY="0.24043715846994534" targetAnchorX="0.054878048780487805" targetAnchorY="0.46938775510204084">
    <source href="assembly.xml#SubmitPayrollFormat"/>
    <target href="assembly.xml#ValidationMode1"/>
  </connections>
  <connections type="routesTo" sourceAnchorX="1.0" sourceAnchorY="0.30612244897959184" targetAnchorX="0.07035175879396985" targetAnchorY="0.16216216216216217">
    <source href="assembly.xml#ValidationMode1"/>
    <target href="assembly.xml#SubmitPayroll"/>
  </connections>
  <connections type="routesResponseTo" sourceAnchorX="0.6666666666666666" sourceAnchorY="1.0" targetAnchorX="0.17535545023696683" targetAnchorY="0.3783783783783784">
    <source href="assembly.xml#CallRetrieveWorker"/>
    <target href="assembly.xml#CallProcessWorker"/>
  </connections>
  <connections type="routesTo">
    <source href="assembly.xml#SplitterErrorHandler"/>
    <target href="assembly.xml#SplitMessage"/>
  </connections>
  <connections type="routesTo" sourceAnchorX="0.7333333333333333" sourceAnchorY="1.0" targetAnchorX="0.20754716981132076" targetAnchorY="0.6122448979591837">
    <source href="assembly.xml#ProcessWorker"/>
    <target href="assembly.xml#SplitterErrorHandler"/>
  </connections>
  <connections type="routesTo" sourceAnchorX="0.8540145985401459" sourceAnchorY="1.0" targetAnchorX="0.05714285714285714" targetAnchorY="0.5511363636363636">
    <source href="assembly.xml#//@beans/@mixed.1/@splitter.2/@subRoute.0"/>
    <target href="assembly.xml#SplitContent"/>
  </connections>
  <connections type="routesTo" sourceAnchorX="0.0" sourceAnchorY="0.2755102040816326" targetAnchorX="0.03333333333333333" targetAnchorY="0.29310344827586204">
    <source href="assembly.xml#VartoMsg"/>
    <target href="assembly.xml#StandardSplit"/>
  </connections>
  <connections type="routesTo" sourceAnchorX="0.3186119873817035" sourceAnchorY="1.0" targetAnchorX="0.7191011235955056" targetAnchorY="0.021739130434782608">
    <source href="assembly.xml#//@beans/@mixed.1/@mixed.69/@mixed.3"/>
    <target href="assembly.xml#CallFileDataFetcherror"/>
  </connections>
  <connections type="routesTo" sourceAnchorX="0.2275449101796407" sourceAnchorY="1.0" targetAnchorX="0.6629213483146067" targetAnchorY="0.47959183673469385">
    <source href="assembly.xml#//@beans/@mixed.1/@mixed.73/@mixed.3"/>
    <target href="assembly.xml#AsyncMediation0"/>
  </connections>
  <connections type="routesTo" sourceAnchorX="0.22282608695652173" sourceAnchorY="1.0" targetAnchorX="0.0449438202247191" targetAnchorY="0.7244897959183674">
    <source href="assembly.xml#//@beans/@mixed.1/@mixed.71/@mixed.5"/>
    <target href="assembly.xml#AsyncMediation0"/>
  </connections>
  <connections type="routesResponseTo" sourceAnchorX="0.7904191616766467" sourceAnchorY="1.0" targetAnchorX="0.06179775280898876" targetAnchorY="0.5918367346938775">
    <source href="assembly.xml#SubmitPayroll"/>
    <target href="assembly.xml#AsyncMediation1"/>
  </connections>
  <connections type="routesTo" sourceAnchorX="0.8538011695906432" sourceAnchorY="1.0" targetAnchorX="0.5298804780876494" targetAnchorY="0.21621621621621623">
    <source href="assembly.xml#//@beans/@mixed.1/@mixed.87/@mixed.3"/>
    <target href="assembly.xml#PutIntegrationMessage0"/>
  </connections>
  <connections type="routesTo" sourceAnchorX="1.0" sourceAnchorY="0.17054263565891473" targetAnchorX="0.13580246913580246" targetAnchorY="0.43243243243243246">
    <source href="assembly.xml#AsyncMediation1"/>
    <target href="assembly.xml#CallAuditLine"/>
  </connections>
  <connections type="routesTo" sourceAnchorX="0.9671052631578947" sourceAnchorY="0.6486486486486487" targetAnchorX="0.1488095238095238">
    <source href="assembly.xml#CriticalError"/>
    <target href="assembly.xml#SetCriticalErrorFlag"/>
  </connections>
  <connections type="routesTo" sourceAnchorX="0.914572864321608" sourceAnchorY="0.42857142857142855" targetAnchorX="0.01098901098901099" targetAnchorY="0.16216216216216217">
    <source href="assembly.xml#SetCriticalErrorFlag"/>
    <target href="assembly.xml#SendCriticalError"/>
  </connections>
  <connections type="routesResponseTo">
    <source href="assembly.xml#SendCriticalError"/>
    <target href="assembly.xml#AbortImportPayInputs"/>
  </connections>
  <connections type="routesTo" sourceAnchorX="0.27319587628865977" sourceAnchorY="1.0" targetAnchorX="0.6098901098901099" targetAnchorY="0.1891891891891892">
    <source href="assembly.xml#//@beans/@mixed.1/@mixed.77/@mixed.3"/>
    <target href="assembly.xml#CallSubRoutine"/>
  </connections>
  <connections type="routesTo" sourceAnchorX="1.0" sourceAnchorY="0.972972972972973" targetAnchorX="0.23529411764705882" targetAnchorY="0.5102040816326531">
    <source href="assembly.xml#AuditLine"/>
    <target href="assembly.xml#AsyncMediation2"/>
  </connections>
  <connections type="routesTo" sourceAnchorX="1.0" sourceAnchorY="0.37209302325581395" targetAnchorX="0.12437810945273632" targetAnchorY="0.4339622641509434">
    <source href="assembly.xml#AsyncMediation2"/>
    <target href="assembly.xml#Aggregator"/>
  </connections>
  <connections type="routesTo" sourceAnchorX="1.0" sourceAnchorY="0.18867924528301888" targetAnchorX="0.2743362831858407" targetAnchorY="0.24489795918367346">
    <source href="assembly.xml#Aggregator"/>
    <target href="assembly.xml#AsyncMediation3"/>
    <bendpoints sourceX="-1" sourceY="15" targetX="-66" targetY="8"/>
  </connections>
  <connections type="routesTo" sourceAnchorX="0.8565217391304348" sourceAnchorY="1.0" targetAnchorX="0.04419889502762431" targetAnchorY="0.21621621621621623">
    <source href="assembly.xml#//@beans/@mixed.1/@mixed.103/@mixed.3"/>
    <target href="assembly.xml#AuditLineError1"/>
  </connections>
  <connections type="routesTo" sourceAnchorX="0.4155251141552511" sourceAnchorY="1.0" targetAnchorX="0.8950276243093923" targetAnchorY="0.6486486486486487">
    <source href="assembly.xml#//@beans/@mixed.1/@mixed.107/@mixed.3"/>
    <target href="assembly.xml#AuditLineError1"/>
  </connections>
  <connections type="routesTo" sourceAnchorX="0.8672566371681416" sourceAnchorY="0.6046511627906976" targetAnchorX="0.0" targetAnchorY="0.32432432432432434">
    <source href="assembly.xml#AsyncMediation3"/>
    <target href="assembly.xml#PutAuditLog"/>
  </connections>
  <connections type="routesResponseTo" sourceAnchorX="1.0" sourceAnchorY="0.5405405405405406" targetAnchorX="0.41818181818181815" targetAnchorY="0.21621621621621623">
    <source href="assembly.xml#CallProcessWorker"/>
    <target href="assembly.xml#CallCloseAgg"/>
  </connections>
  <connections type="routesTo" sourceAnchorX="0.2471264367816092" sourceAnchorY="1.0" targetAnchorX="0.5522388059701493" targetAnchorY="0.33962264150943394">
    <source href="assembly.xml#CloseAuditAgg"/>
    <target href="assembly.xml#Aggregator"/>
  </connections>
  <connections type="routesTo" sourceAnchorX="0.9047619047619048" sourceAnchorY="1.0" targetAnchorX="0.0449438202247191" targetAnchorY="0.32653061224489793">
    <source href="assembly.xml#INT0025"/>
    <target href="assembly.xml#Start"/>
  </connections>
  <connections type="routesTo" sourceAnchorX="0.4188034188034188" sourceAnchorY="1.0" targetAnchorX="0.4603174603174603" targetAnchorY="0.4594594594594595">
    <source href="assembly.xml#//@beans/@mixed.1/@mixed.117/@mixed.3"/>
    <target href="assembly.xml#InitializationError"/>
  </connections>
  <connections type="routesResponseTo">
    <source href="assembly.xml#ValMode"/>
    <target href="assembly.xml#Call-FileRetrieval"/>
  </connections>
  <connections type="routesTo" sourceAnchorX="1.0" sourceAnchorY="0.20930232558139536" targetAnchorX="0.2777777777777778" targetAnchorY="0.40540540540540543">
    <source href="assembly.xml#Start"/>
    <target href="assembly.xml#ValMode"/>
  </connections>
  <connections type="routesTo" sourceAnchorX="0.7354260089686099" sourceAnchorY="1.0" targetAnchorX="0.09883720930232558" targetAnchorY="0.6216216216216216">
    <source href="assembly.xml#CallFileDataFetcherror"/>
    <target href="assembly.xml#CallAuditLine0"/>
  </connections>
  <connections type="routesTo" sourceAnchorX="0.8245614035087719" sourceAnchorY="1.0" targetAnchorX="0.05813953488372093" targetAnchorY="0.8108108108108109">
    <source href="assembly.xml#//@beans/@mixed.1/@mixed.123/@mixed.3"/>
    <target href="assembly.xml#SchemaError0"/>
  </connections>
  <connections type="routesTo">
    <source href="assembly.xml#//@beans/@mixed.1/@route.1/@subRoute.0"/>
    <target href="assembly.xml#Header"/>
  </connections>
  <connections type="routesTo" sourceAnchorX="0.7401574803149606" sourceAnchorY="1.0" targetAnchorX="0.15730337078651685" targetAnchorY="0.5736434108527132">
    <source href="assembly.xml#//@beans/@mixed.1/@route.1/@subRoute.2"/>
    <target href="assembly.xml#AsyncMediation4"/>
  </connections>
  <connections type="routesTo" sourceAnchorX="1.0" sourceAnchorY="0.4594594594594595" targetAnchorX="0.19895287958115182" targetAnchorY="0.40540540540540543">
    <source href="assembly.xml#//@beans/@mixed.1/@mixed.133"/>
    <target href="assembly.xml#GlobalErrorMessage"/>
  </connections>
  <connections type="routesResponseTo" sourceAnchorX="0.9424083769633508" sourceAnchorY="0.3783783783783784" targetAnchorX="0.0058823529411764705" targetAnchorY="0.35135135135135137">
    <source href="assembly.xml#GlobalErrorMessage"/>
    <target href="assembly.xml#PutCriticalEvent"/>
  </connections>
  <connections type="routesTo" sourceAnchorX="0.7156862745098039" sourceAnchorY="1.0" targetAnchorX="0.7071823204419889" targetAnchorY="0.40540540540540543">
    <source href="assembly.xml#//@beans/@mixed.1/@mixed.21/@mixed.3"/>
    <target href="assembly.xml#SendRetrievalError"/>
  </connections>
  <connections type="routesTo" sourceAnchorX="0.48175182481751827" sourceAnchorY="1.0" targetAnchorX="0.250996015936255" targetAnchorY="0.05405405405405406">
    <source href="assembly.xml#//@beans/@mixed.1/@mixed.43/@mixed.3"/>
    <target href="assembly.xml#PutIntegrationMessage1"/>
  </connections>
  <connections type="routesTo" sourceAnchorX="1.0" sourceAnchorY="0.6170212765957447" targetAnchorX="0.41605839416058393" targetAnchorY="0.5405405405405406">
    <source href="assembly.xml#AsyncMediation0"/>
    <target href="assembly.xml#CallAuditLine2"/>
  </connections>
  <swimlanes x="123" y="2078" bgColor="149" name="Global Error Handler">
    <elements href="assembly.xml#//@beans/@mixed.1/@mixed.133"/>
    <elements href="assembly.xml#GlobalErrorMessage"/>
    <elements href="assembly.xml#PutCriticalEvent"/>
  </swimlanes>
</wdnm:Diagram>
