<?xml version="1.0" encoding="UTF-8"?>
<wdnm:Diagram xmlns:wdnm="http://workday.com/studio/editors/notation">
  <element href="assembly.xml#WorkdayAssembly"/>
  <visualProperties x="185" y="163">
    <element href="assembly.xml#Note-Error"/>
  </visualProperties>
  <visualProperties x="40" y="40">
    <element href="assembly.xml#AM-PutThirdPartyError"/>
  </visualProperties>
  <visualProperties x="559" y="176">
    <element href="assembly.xml#AsyncMediation"/>
  </visualProperties>
  <visualProperties x="708" y="204">
    <element href="assembly.xml#WorkdayOutError"/>
  </visualProperties>
  <visualProperties x="846" y="202">
    <element href="assembly.xml#AM-abort"/>
  </visualProperties>
  <visualProperties x="103" y="245">
    <element href="assembly.xml#Local-IN-GlobalErrorHandler"/>
  </visualProperties>
  <decorations x="45" y="4" width="317" height="100" text="Vertex Global Error Handler - This sub assembly will log the error message in the integration event, sends a webservice request to Finacial Management - Import Taxable Document Tax Details Workday webservice with the error message and aborts the opertion"/>
  <connections type="routesResponseTo" sourceAnchorX="0.8859649122807017" sourceAnchorY="1.0" targetAnchorX="0.018518518518518517" targetAnchorY="0.6808510638297872">
    <source href="assembly.xml#Note-Error"/>
    <target href="assembly.xml#AM-PutThirdPartyError"/>
  </connections>
  <connections type="routesTo" sourceAnchorX="1.0" sourceAnchorY="0.26595744680851063" targetAnchorX="0.06299212598425197" targetAnchorY="0.8723404255319149">
    <source href="assembly.xml#AM-PutThirdPartyError"/>
    <target href="assembly.xml#AsyncMediation"/>
  </connections>
  <connections type="routesTo" sourceAnchorX="1.0" sourceAnchorY="0.18085106382978725" targetAnchorX="0.6" targetAnchorY="0.6486486486486487">
    <source href="assembly.xml#AsyncMediation"/>
    <target href="assembly.xml#WorkdayOutError"/>
  </connections>
  <connections type="routesResponseTo" sourceAnchorX="0.8333333333333334" sourceAnchorY="1.0" targetAnchorX="0.011111111111111112" targetAnchorY="0.6914893617021277">
    <source href="assembly.xml#WorkdayOutError"/>
    <target href="assembly.xml#AM-abort"/>
  </connections>
  <connections type="routesTo" sourceAnchorX="0.7704918032786885" sourceAnchorY="1.0" targetAnchorX="0.12280701754385964" targetAnchorY="0.4864864864864865">
    <source href="assembly.xml#Local-IN-GlobalErrorHandler"/>
    <target href="assembly.xml#Note-Error"/>
  </connections>
  <swimlanes x="45" y="131" name="Vertex Gloabl Error Handler" topBorderColor="255">
    <elements href="assembly.xml#Local-IN-GlobalErrorHandler"/>
    <elements href="assembly.xml#Note-Error"/>
    <elements href="assembly.xml#AM-PutThirdPartyError"/>
    <elements href="assembly.xml#AsyncMediation"/>
    <elements href="assembly.xml#WorkdayOutError"/>
    <elements href="assembly.xml#AM-abort"/>
  </swimlanes>
</wdnm:Diagram>
