<?xml version="1.0" encoding="ASCII"?>
<edst:Settings xmlns:edst="http://dublin.workday.com/studio/settings/editor">
  <editor uri="/INT0075-Fidelity-Savings-Loan-Inbound/ws/WSAR-INF/INT0088_Input_Transform.xsd">
    <property name="transformation.text.to.xml" value="true"/>
  </editor>
  <editor uri="/INT0075-Fidelity-Savings-Loan-Inbound/ws/WSAR-INF/INT0075_Input_Transform.xsd">
    <property name="transformation.text.to.xml" value="true"/>
  </editor>
  <editor uri="/INT0167-TRP-Savings-Loan-Inbound/ws/WSAR-INF/INT0167_Input_Transform.xsd">
    <property name="transformation.text.to.xml" value="true"/>
  </editor>
  <editor uri="/INT0026-ESPP-Non-Qual-Taxable-Earnings-Payroll-Inputs-from-Computershare-Inbound/ws/WSAR-INF/INT0026_Input_Transform.xsd">
    <property name="transformation.text.to.xml" value="true"/>
  </editor>
</edst:Settings>
