<?xml version="1.0" encoding="utf-8"?>
<RaaSRecord xmlns:xs="http://www.w3.org/2001/XMLSchema" xmlns:xsd="http://www.w3.org/2001/XMLSchema" xmlns:wd="urn:com.workday.report/All_Custom_Reports_-_Field_Analysis" xmlns:this="urn:my-scripts">
	<CustomReportName>Benefits - Bright Horizons - RPT800</CustomReportName>
	<AreaWhereUsed/>
	<FieldsDisplayedOnReport>Job Title,INTSHARE Supervisory Org - Name,cf_rpt_Worker_Review_Last_Completed_Date,Legal Name - First Name,Cost Center,Legal Name - Last Name,INTSHARE Company Code,Primary Home Address - Postal Code,Employee ID,INTSHARE-Worker Status,Location,Hire Date,Last Review - Overall Calculated Rating (Do Not Use),Total Base Pay Annualized - Amount,Compensation Step - Current,INTSHARE Supervisory Org ID,Compensation Grade,Work Address - Postal Code,Time Type,CF RPT Extract EE Assigned Hourly and Salary Plans,Cost Center - ID,Employee Type,Scheduled Weekly Hours,Manager Preferred Name in Reporting Display Format,INTSHARE Location Code</FieldsDisplayedOnReport>
	<CalculatedFieldsForReport/>
	<FieldsReferencedInReport>Job Title,On Leave,Active Status,Legal Name - First Name,Current Effective Date,Legal Name - Last Name,Cost Center,Name,Empty String,Compensation Plan Type,-,Hire Date,Last Review - Overall Calculated Rating (Do Not Use),Supervisory Organization,Total Base Pay Annualized - Amount,Compensation Plans with Employee Details,Compensation Step - Current,Compensation Plan,Terminated (based on report date),Work Address - Postal Code,Reference ID,Company,Primary Home Address - Postal Code,Today,Employee ID,Date and Time Completed,Location,Review - Last Completed,Prompt - Boolean 1,Location Address - Country,Compensation Grade,Time Type,Cost Center - ID,Employee Type,Manager Preferred Name in Reporting Display Format,Scheduled Weekly Hours</FieldsReferencedInReport>
	<ReportOwner>Report Master User /</ReportOwner>
	<CreatedOn>2013-05-16T21:15:08.739-07:00</CreatedOn>
</RaaSRecord>