<?xml version="1.0" encoding="UTF-8"?>
<beans
     xmlns="http://www.springframework.org/schema/beans"
     xmlns:beans="http://www.springframework.org/schema/beans"
     xmlns:atom="http://www.w3.org/2005/Atom"
     xmlns:cc="http://www.capeclear.com/assembly/10"
     xmlns:cloud="urn:com.workday/esb/cloud/10.0"
     xmlns:env="http://schemas.xmlsoap.org/soap/envelope/"
     xmlns:pi="urn:com.workday/picof"
     xmlns:wd="urn:com.workday/bsvc"
     xmlns:xsi="http://www.w3.org/2001/XMLSchema-instance">
 
	<cc:assembly id="WorkdayAssembly" version="2017.17">
        <cc:workday-in id="StartHere" routes-to="PopulateBaseData">
            <cc:integration-system name="INT0087 PeopleFinder Employee Demographic Outbound">
        <cloud:attribute-map-service name="INT0087-Generic">
          <cloud:attribute name="Document Retention Policy">
            <cloud:type>
              <cloud:enumeration-type name="INT0087-DocRetentionPolicy">
                <cloud:enumeration>30</cloud:enumeration>
                <cloud:enumeration>60</cloud:enumeration>
                <cloud:enumeration>90</cloud:enumeration>
                <cloud:enumeration>180</cloud:enumeration>
              </cloud:enumeration-type>
            </cloud:type>
          </cloud:attribute>
          <cloud:attribute name="INT0087 Report Current Tag">
            <cloud:type>
              <cloud:class-report-field description="Document Tag" type="WID" singular="false">5242ed284a574130affb6653f3e0d93b</cloud:class-report-field>
            </cloud:type>
          </cloud:attribute>
          <cloud:attribute name="INT0087 Report Futures Tag">
            <cloud:type>
              <cloud:class-report-field description="Document Tag" type="WID" singular="false">5242ed284a574130affb6653f3e0d93b</cloud:class-report-field>
            </cloud:type>
          </cloud:attribute>
        </cloud:attribute-map-service>
        <cloud:sequence-generator-service name="INT0087-SeqGen">
          <cloud:sequencer>INT0087-PeopleFinderEmployeeDemographicOutboundFilename</cloud:sequencer>
        </cloud:sequence-generator-service>
        <cloud:delivery-service name="INT0087-Delivery"/>
        <cloud:retrieval-service name="INT0087-RetrieveCurrent"/>
        <cloud:retrieval-service name="INT0087-RetrieveFuture"/>
      </cc:integration-system>
        </cc:workday-in>
        <cc:async-mediation id="PopulateBaseData" routes-to="SaveReportFiles">
            <cc:steps>
                <cc:eval id="Eval">
                    <cc:expression>props['doc.reten'] = 'P' + intsys.getAttribute('Document Retention Policy') + 'D'</cc:expression>
                    <cc:expression>props['seqGen'] = lp.getSequencedValue('INT0087-PeopleFinderEmployeeDemographicOutboundFilename')</cc:expression>
                    <cc:expression>props['ia.current.report.tag'] = intsys.getAttribute('INT0087 Report Current Tag')</cc:expression>
                    <cc:expression>props['ia.future.report.tag'] = intsys.getAttribute('INT0087 Report Futures Tag')</cc:expression>
                    <cc:expression>props['count.future'] = 0</cc:expression>
                    <cc:expression>props['count.current'] = 0</cc:expression>
                    <cc:expression>props['errorFree'] = true</cc:expression>
                    <cc:expression>props['WorkerList'] = new java.util.ArrayList()</cc:expression>
                    <cc:expression>props['currEmpID'] = empty</cc:expression>
                    <cc:expression>props['prehire.id'] = empty</cc:expression>
                    <cc:expression>props['closeAggregator'] = false</cc:expression>
                </cc:eval>
                <cc:validate-exp id="ValidateExp">
                    <cc:expression failure-message="The amount of input documents does not equal to two.">da.size() == 2</cc:expression>
                </cc:validate-exp>
            </cc:steps>
            <cc:send-error id="SendError" routes-to="BaseErrorHandler"/>
        </cc:async-mediation>
        <cc:local-out id="BaseErrorHandler" endpoint="vm://wcc/PutIntegrationMessage"><cc:set name="is.message.severity" value="'ERROR'"/><cc:set name="is.message.summary" value="'Error initializing the integration. See details.'"/><cc:set name="is.message.detail" value="context.errorMessage"/><cc:set name="errorFree" value="props['errorFree'] = false"/></cc:local-out>
        <cc:async-mediation id="SaveReportFiles" routes-to="CallProcessFutureData" execute-steps-when="props['errorFree'] == true">
            <cc:steps>
                <cc:eval id="FetchVals">
                    <cc:expression>props['current.report.file.name'] = empty; props['future.report.file.name'] = empty</cc:expression>
                    <cc:expression>props['current.report.file.name'] = da.getFileNames(props['ia.current.report.tag']).get(0)</cc:expression>
                    <cc:expression>da.toVar(props['current.report.file.name'], &quot;current.variable&quot;)</cc:expression>
                    <cc:expression>props['future.report.file.name'] = da.getFileNames(props['ia.future.report.tag']).get(0)</cc:expression>
                    <cc:expression>da.toVar(props['future.report.file.name'], &quot;future.variable&quot;)</cc:expression>
                </cc:eval>
            </cc:steps>
            <cc:send-error id="SendError" routes-to="RetrievalErr"/>
        </cc:async-mediation>
        <cc:local-out id="RetrievalErr" endpoint="vm://wcc/PutIntegrationMessage">
            <cc:set name="is.message.severity" value="'ERROR'"/>
            <cc:set name="is.message.summary" value="'Error during retrieval. See details.'"/>
            <cc:set name="is.message.detail" value="context.errorMessage"/>
            <cc:set name="errorFree" value="props['errorFree'] = false"/>
        </cc:local-out>
        <cc:local-out id="CallProcessFutureData" store-message="none" execute-when="props['errorFree'] == true" routes-response-to="CallProcessCurrentData" endpoint="vm://INT0087_PeopleFinder_Employee_Demographic_Outbound/processCurrFuture"/>
        <cc:local-in id="processCurrFuture" routes-to="CopyFutures"/>
        <cc:local-out id="CopyFutureErr" endpoint="vm://wcc/PutIntegrationMessage">
            <cc:set name="is.message.severity" value="'INFO'"/>
            <cc:set name="is.message.summary" value="'No data was generated from the futures report. No futures data will be processed.'"/>
        </cc:local-out>
        <cc:splitter id="SplitFutures" no-split-message-error="false">
            <cc:sub-route name="SubRoute" routes-to="TransformFutures"/>
            <cc:xml-stream-splitter namespaces="wd urn:com.workday/bsvc" xpath="/wd:Report_Data/wd:Report_Entry"/>
        </cc:splitter>
        <cc:async-mediation id="TransformFutures" routes-to="CallAggregator">
            <cc:steps>
                <cc:eval id="Eval">
                    <cc:expression>props['currEmpID'] =  parts[0].xpath('wd:Report_Entry/wd:Employee_ID', 'wd urn:com.workday/bsvc')</cc:expression>
                    <cc:expression>props['prehire.id'] = parts[0].xpath('wd:Report_Entry/wd:Pre-Hire/wd:referenceID', 'wd urn:com.workday/bsvc')</cc:expression>
                    <cc:expression>props['WorkerList'].add(props['prehire.id'])</cc:expression>
                </cc:eval>
                <cc:xslt id="Xslt" url="INT0087_PeopleFinder_Employee_Demographic_Outbound.xsl"/>
            </cc:steps>
            <cc:send-error id="SendError" routes-to="CallAggregateErrors"/>
        </cc:async-mediation>
        <cc:async-mediation id="CopyFutures" routes-to="SplitFutures" handle-downstream-errors="true">
            <cc:steps>
                <cc:copy id="Copy" input="variable" input-variable="future.variable"/>
            </cc:steps>
            <cc:send-error id="SendError" routes-to="CopyFutureErr"/>
        </cc:async-mediation>
        <cc:local-out id="CallAggregator" store-message="none" endpoint="vm://INT0087_PeopleFinder_Employee_Demographic_Outbound/Aggregator"/>
        <cc:local-in id="Aggregator" routes-to="AggregateOutput"/>
        <cc:async-mediation id="StoreFinalFile" routes-to="PutOutputFile">
            <cc:steps>
                <cc:store id="Store" output="variable" output-variable="final.output" createDocumentReference="true" expiresIn="@{props['doc.reten']}" title="@{props['seqGen']}"/>
            </cc:steps>
            <cc:send-error id="SendError" routes-to="PutOutputError"/>
        </cc:async-mediation>
        <cc:local-out id="PutOutputError" endpoint="vm://wcc/PutIntegrationMessage">
            <cc:set name="is.message.severity" value="'ERROR'"/>
            <cc:set name="is.message.summary" value="'Error storing the output file. See details.'"/>
            <cc:set name="is.message.detail" value="context.errorMessage"/>
        </cc:local-out>
        <cc:local-out id="PutOutputFile" endpoint="vm://wcc/PutIntegrationMessage">
            <cc:set name="is.message.severity" value="'INFO'"/>
            <cc:set name="is.message.summary" value="'Output file created.'"/>
            <cc:set name="is.document.variable.name" value="'final.output'"/>
            <cc:set name="is.document.deliverable" value="'true'"/>
        </cc:local-out>
        <cc:local-out id="CallProcessCurrentData" store-message="none" execute-when="props['errorFree'] == true" routes-response-to="CallCloseAggregator" endpoint="vm://INT0087_PeopleFinder_Employee_Demographic_Outbound/ProcessCurrentData"/>
        <cc:local-in id="ProcessCurrentData" routes-to="CopyCurrent"/>
        <cc:local-out id="PutCurrentMessage" endpoint="vm://wcc/PutIntegrationMessage">
            <cc:set name="is.message.severity" value="'WARNING'"/>
            <cc:set name="is.message.summary" value="'No data was generated from the actives report. No actives data will be processed.'"/>
        </cc:local-out>
        <cc:splitter id="SplitCurrent" no-split-message-error="false">
            <cc:sub-route name="SubRoute" routes-to="WorkerID"/>
            <cc:xml-stream-splitter namespaces="wd urn:com.workday/bsvc" xpath="/wd:Report_Data/wd:Report_Entry"/>
        </cc:splitter>
        <cc:async-mediation id="WorkerID" routes-to="CallAggregator0">
            <cc:steps>
                <cc:eval id="Eval">
                    <cc:expression>props['currEmpID'] =  parts[0].xpath('wd:Report_Entry/wd:Employee_ID', 'wd urn:com.workday/bsvc')</cc:expression>
                    <cc:expression>props['prehire.id'] = parts[0].xpath('wd:Report_Entry/wd:Pre-Hire/wd:referenceID', 'wd urn:com.workday/bsvc')</cc:expression>
                    <cc:expression>props['containsID'] = false; </cc:expression>
                    <cc:expression>props['containsID'] =props['WorkerList'].contains(props['prehire.id']) ? true : false</cc:expression>
                </cc:eval>
                <cc:xslt id="Xslt" url="INT0087_PeopleFinder_Employee_Demographic_Outbound.xsl"/>
            </cc:steps>
            <cc:send-error id="SendError" routes-to="CallAggregateErrors0"/>
        </cc:async-mediation>
        <cc:local-out id="CallAggregateErrors0" store-message="none" endpoint="vm://INT0087_PeopleFinder_Employee_Demographic_Outbound/AggregateErrors">
            <cc:set name="step.id" value="props['stepID'] = 'Current Actives transformation'"/>
            <cc:set name="empl.ID" value="props['emplID'] = parts[0].xpath('wd:Report_Entry/wd:employeeID')"/>
            <cc:set name="err.Mess" value="props['currErrMsg'] = context.errorMessage"/>
        </cc:local-out>
        <cc:local-out id="CallAggregator0" store-message="none" execute-when="props['containsID'] == false" endpoint="vm://INT0087_PeopleFinder_Employee_Demographic_Outbound/Aggregator"/>
        <cc:local-out id="CallCloseAggregator" store-message="none" execute-when="props['errorFree'] == true" routes-response-to="CallCloseErrorAggregator" endpoint="vm://INT0087_PeopleFinder_Employee_Demographic_Outbound/CloseAggregator">
            <cc:set name="closeAggregator" value="true"/>
        </cc:local-out>
        <cc:aggregator id="AggregateOutput" routes-to="StoreFinalFile" collate-when="props['closeAggregator'] == false" force-batch-on-last-message="false" force-batch-when="props['closeAggregator'] == true">
            <cc:size-batch-strategy batch-size="-1"/>
            <cc:message-content-collater>
        <cc:header-text>EMPLID|RACF_ID|FIRST_NAME|LAST_NAME|MIDDLE_NAME|JOB_TITLE|COMPANY|MGR_EMPLID|MANAGER_NAME|MGR_EMAIL|ADDRESS1|ADDRESS2|ADDRESS3|ADDRESS4|ADDRESS5|ADDRESS6|CITY|STATE|POSTAL|PER_ORG|EMPL_STATUS|HIRE_DATE|ORIG_HIRE_DATE|MGR_IND|COUNTRY|OFFICE_PHONE|DID|MOBILE_PHONE|INT_VOIP_EXT|EMAIL_ADDR|ADMIN_ASST_ID_MGR|ADMIN_ASST_NAME_MGR|ORG_LEVEL_1|ORG_LEVEL_1_DESCR|ORG_LEVEL_2|ORG_LEVEL_2_DESCR|ORG_LEVEL_3|ORG_LEVEL_3_DESCR|ORG_LEVEL_4|ORG_LEVEL_4_DESCR|ORG_LEVEL_5|ORG_LEVEL_5_DESCR|ORG_LEVEL_6|ORG_LEVEL_6_DESCR|ORG_LEVEL_7|ORG_LEVEL_7_DESCR|ORG_LEVEL_8|ORG_LEVEL_8_DESCR|LOCATION|LOCATION_DESCR|JOB_CODE|AONNET_ID|COMPANY_NAME|LAN_ID|SKILLS|CERTIFICATIONS|INTEREST|TIMEZONE|LAST_DAY_WORKED@{'\r\n'}</cc:header-text>
      </cc:message-content-collater>
        </cc:aggregator>
        <cc:local-in id="CloseAggregator" routes-to="AggregateOutput"/>
        <cc:async-mediation id="CopyCurrent" routes-to="SplitCurrent" handle-downstream-errors="true">
            <cc:steps>
                <cc:copy id="Copy" input="variable" input-variable="current.variable"/>
            </cc:steps>
            <cc:send-error id="SendError" routes-to="PutCurrentMessage"/>
        </cc:async-mediation>
        <cc:local-out id="CallAggregateErrors" store-message="none" endpoint="vm://INT0087_PeopleFinder_Employee_Demographic_Outbound/AggregateErrors">
            <cc:set name="step.id" value="props['stepID'] = 'Current Futures transformation'"/>
            <cc:set name="empl.ID" value="props['emplID'] = parts[0].xpath('wd:Report_Entry/wd:employeeID')"/>
            <cc:set name="err.Mess" value="props['currErrMsg'] = context.errorMessage"/>
        </cc:local-out>
        <cc:local-in id="AggregateErrors" routes-to="WriteError"/>
        <cc:async-mediation id="WriteError" routes-to="AggregatorErrLog">
            <cc:steps>
                <cc:eval id="Eval">
                    <cc:expression>props['writeErrorLog'] = true</cc:expression>
                </cc:eval>
                <cc:write id="Write" output-mimetype="text/plain">
                    <cc:message>
                        <cc:text>@{props['emplID']}, @{props['stepID']}, @{props['currErrMsg']}</cc:text>
                    </cc:message>
                </cc:write>
            </cc:steps>
        </cc:async-mediation>
        <cc:aggregator id="AggregatorErrLog" routes-to="StoreErrorLog" collate-when="props['closeAggregator'] == false" force-batch-on-last-message="false" force-batch-when="props['closeAggregator'] == true">
            <cc:size-batch-strategy batch-size="-1"/>
            <cc:message-content-collater>
        <cc:separator>@{'\n'}</cc:separator>
      </cc:message-content-collater>
        </cc:aggregator>
        <cc:local-in id="CloseErrorAggregator" routes-to="AggregatorErrLog"/>
        <cc:async-mediation id="StoreErrorLog" routes-to="PutErrorLog">
            <cc:steps>
                <cc:store id="Store" output="variable" output-mimetype="text/plain" output-variable="error.log.txt" expiresIn="@{props['doc.reten']}" title="ErrorLog.txt"/>
            </cc:steps>
            <cc:send-error id="SendError" routes-to="PutErrorLogError"/>
        </cc:async-mediation>
        <cc:local-out id="PutErrorLogError" endpoint="vm://wcc/PutIntegrationMessage">
            <cc:set name="is.message.severity" value="'WARNING'"/>
            <cc:set name="is.message.summary" value="'Error storing the Error Log. See details.'"/>
            <cc:set name="is.message.detail" value="context.errorMessage"/>
        </cc:local-out>
        <cc:local-out id="PutErrorLog" endpoint="vm://wcc/PutIntegrationMessage">
            <cc:set name="is.message.severity" value="'INFO'"/>
            <cc:set name="is.message.summary" value="'Created Error Log file. See attachments for details.'"/>
            <cc:set name="is.document.variable.name" value="'error.log.txt'"/>
            <cc:set name="is.document.deliverable" value="'false'"/>
        </cc:local-out>
        <cc:local-out id="CallCloseErrorAggregator" store-message="none" execute-when="props['writeErrorLog'] == true" routes-response-to="PutIntegrationEvent" endpoint="vm://INT0087_PeopleFinder_Employee_Demographic_Outbound/CloseErrorAggregator"/>
        <cc:local-out id="PutIntegrationEvent" endpoint="vm://wcc/PutIntegrationEvent">
            <cc:set name="is.event.completed" value="'current'"/>
        </cc:local-out>
        <cc:send-error id="SendGlobalError" routes-to="GlobalError"/>
        <cc:local-out id="GlobalError" endpoint="vm://wcc/PutIntegrationMessage">
            <cc:set name="is.message.severity" value="'CRITICAL'"/>
            <cc:set name="is.message.summary" value="'A Critical error has occurred: '"/>
            <cc:set name="is.message.detail" value="context.getErrorMessage()"/>
        </cc:local-out>
	</cc:assembly>

</beans>