<?xml version="1.0" encoding="UTF-8"?>
<wdnm:Diagram xmlns:wdnm="http://workday.com/studio/editors/notation">
  <element href="assembly.xml#WorkdayAssembly"/>
  <visualProperties x="11" y="124">
    <element href="assembly.xml#StartHere"/>
  </visualProperties>
  <visualProperties x="29" y="181">
    <element href="assembly.xml#PopulateBaseData"/>
  </visualProperties>
  <visualProperties x="255" y="272">
    <element href="assembly.xml#BaseErrorHandler"/>
  </visualProperties>
  <visualProperties x="249" y="90">
    <element href="assembly.xml#SaveReportFiles"/>
  </visualProperties>
  <visualProperties x="314" y="229">
    <element href="assembly.xml#RetrievalErr"/>
  </visualProperties>
  <visualProperties x="454" y="102">
    <element href="assembly.xml#CallProcessFutureData"/>
  </visualProperties>
  <visualProperties x="15" y="444">
    <element href="assembly.xml#processCurrFuture"/>
  </visualProperties>
  <visualProperties x="193" y="520">
    <element href="assembly.xml#CopyFutureErr"/>
  </visualProperties>
  <visualProperties x="370" y="342">
    <element href="assembly.xml#SplitFutures"/>
  </visualProperties>
  <visualProperties x="533" y="371">
    <element href="assembly.xml#TransformFutures"/>
  </visualProperties>
  <visualProperties x="200" y="364">
    <element href="assembly.xml#CopyFutures"/>
  </visualProperties>
  <visualProperties x="795" y="415">
    <element href="assembly.xml#CallAggregator"/>
  </visualProperties>
  <visualProperties x="11" y="996">
    <element href="assembly.xml#Aggregator"/>
  </visualProperties>
  <visualProperties x="399" y="922">
    <element href="assembly.xml#StoreFinalFile"/>
  </visualProperties>
  <visualProperties x="365" y="1074">
    <element href="assembly.xml#PutOutputError"/>
  </visualProperties>
  <visualProperties x="577" y="966">
    <element href="assembly.xml#PutOutputFile"/>
  </visualProperties>
  <visualProperties x="460" y="181">
    <element href="assembly.xml#CallProcessCurrentData"/>
  </visualProperties>
  <visualProperties x="3" y="687">
    <element href="assembly.xml#ProcessCurrentData"/>
  </visualProperties>
  <visualProperties x="213" y="789">
    <element href="assembly.xml#PutCurrentMessage"/>
  </visualProperties>
  <visualProperties x="434" y="629">
    <element href="assembly.xml#SplitCurrent"/>
  </visualProperties>
  <visualProperties x="594" y="643">
    <element href="assembly.xml#WorkerID"/>
  </visualProperties>
  <visualProperties x="592" y="789">
    <element href="assembly.xml#CallAggregateErrors0"/>
  </visualProperties>
  <visualProperties x="780" y="687">
    <element href="assembly.xml#CallAggregator0"/>
  </visualProperties>
  <visualProperties x="461" y="254">
    <element href="assembly.xml#CallCloseAggregator"/>
  </visualProperties>
  <visualProperties x="236" y="932">
    <element href="assembly.xml#AggregateOutput"/>
  </visualProperties>
  <visualProperties x="13" y="932">
    <element href="assembly.xml#CloseAggregator"/>
  </visualProperties>
  <visualProperties x="236" y="643">
    <element href="assembly.xml#CopyCurrent"/>
  </visualProperties>
  <visualProperties x="558" y="520">
    <element href="assembly.xml#CallAggregateErrors"/>
  </visualProperties>
  <visualProperties x="14" y="1273">
    <element href="assembly.xml#AggregateErrors"/>
  </visualProperties>
  <visualProperties x="200" y="1245">
    <element href="assembly.xml#WriteError"/>
  </visualProperties>
  <visualProperties x="364" y="1176">
    <element href="assembly.xml#AggregatorErrLog"/>
  </visualProperties>
  <visualProperties x="13" y="1176">
    <element href="assembly.xml#CloseErrorAggregator"/>
  </visualProperties>
  <visualProperties x="559" y="1157">
    <element href="assembly.xml#StoreErrorLog"/>
  </visualProperties>
  <visualProperties x="553" y="1315">
    <element href="assembly.xml#PutErrorLogError"/>
  </visualProperties>
  <visualProperties x="752" y="1201">
    <element href="assembly.xml#PutErrorLog"/>
  </visualProperties>
  <visualProperties x="693" y="181">
    <element href="assembly.xml#CallCloseErrorAggregator"/>
  </visualProperties>
  <visualProperties x="693" y="254">
    <element href="assembly.xml#PutIntegrationEvent"/>
  </visualProperties>
  <visualProperties x="29" y="1416">
    <element href="assembly.xml#//@beans/@mixed.1/@mixed.75"/>
  </visualProperties>
  <visualProperties x="221" y="1416">
    <element href="assembly.xml#GlobalError"/>
  </visualProperties>
  <decorations x="2" y="12" width="933" height="68" bgColor="16777215" type="NOTE" text="An outbound integration from Workday (source system) to PeopleFinder (target system) will need to be established in order to transfer data required by the target system. The integration will output a full file in pipe-delimited format that will contain personal, contact, position, and organization data of all active workers, terminated workers within the last year, and future hires 7 days in advance. The file will be delivered to an internal MoveIt endpoint"/>
  <decorations x="-7" y="90" width="933" height="230" type="NOTE" text="Initialize - Main Flow"/>
  <decorations x="3" y="327" width="932" height="236" bgColor="13695966" type="NOTE" text="ProcessCurrentFutureHires"/>
  <decorations x="3" y="849" width="939" height="272" bgColor="14277731" type="NOTE" text="Aggregate records and write to file"/>
  <decorations x="3" y="572" width="931" height="267" type="NOTE" text=""/>
  <decorations x="44" y="572" width="683" height="60" type="TEXT" text="This sub-process transforms the xml for currently active workers into the  requested format, but skips any ID's stored in the array list of ID's processed in the previous sub-process."/>
  <decorations x="3" y="1132" width="939" height="227" type="NOTE" text="Create Error File and Attach to the Integration"/>
  <decorations x="3" y="1382" width="416" height="91" bgColor="8388863" type="NOTE" text="Global Error Handler"/>
  <connections type="routesTo" targetAnchorX="0.18274111675126903" targetAnchorY="0.0">
    <source href="assembly.xml#StartHere"/>
    <target href="assembly.xml#PopulateBaseData"/>
  </connections>
  <connections type="routesTo" targetAnchorX="0.025477707006369428" targetAnchorY="0.1891891891891892">
    <source href="assembly.xml#//@beans/@mixed.1/@mixed.3/@mixed.3"/>
    <target href="assembly.xml#BaseErrorHandler"/>
  </connections>
  <connections type="routesTo" sourceAnchorX="0.9695431472081218" sourceAnchorY="0.016" targetAnchorX="0.022556390977443608" targetAnchorY="0.616">
    <source href="assembly.xml#PopulateBaseData"/>
    <target href="assembly.xml#SaveReportFiles"/>
  </connections>
  <connections type="routesTo" targetAnchorX="0.01652892561983471" targetAnchorY="0.08108108108108109">
    <source href="assembly.xml#//@beans/@mixed.1/@mixed.7/@mixed.3"/>
    <target href="assembly.xml#RetrievalErr"/>
  </connections>
  <connections type="routesTo" targetAnchorX="0.014184397163120567" targetAnchorY="0.723404255319149">
    <source href="assembly.xml#//@beans/@mixed.1/@splitter.0/@subRoute.0"/>
    <target href="assembly.xml#TransformFutures"/>
  </connections>
  <connections type="routesTo">
    <source href="assembly.xml#CopyFutures"/>
    <target href="assembly.xml#SplitFutures"/>
  </connections>
  <connections type="routesTo">
    <source href="assembly.xml#processCurrFuture"/>
    <target href="assembly.xml#CopyFutures"/>
  </connections>
  <connections type="routesTo">
    <source href="assembly.xml#//@beans/@mixed.1/@mixed.21/@mixed.3"/>
    <target href="assembly.xml#CopyFutureErr"/>
  </connections>
  <connections type="routesTo">
    <source href="assembly.xml#//@beans/@mixed.1/@mixed.27/@mixed.3"/>
    <target href="assembly.xml#PutOutputError"/>
  </connections>
  <connections type="routesTo">
    <source href="assembly.xml#StoreFinalFile"/>
    <target href="assembly.xml#PutOutputFile"/>
  </connections>
  <connections type="routesTo" sourceAnchorX="0.8045112781954887" sourceAnchorY="0.28">
    <source href="assembly.xml#SaveReportFiles"/>
    <target href="assembly.xml#CallProcessFutureData"/>
  </connections>
  <connections type="routesTo">
    <source href="assembly.xml#TransformFutures"/>
    <target href="assembly.xml#CallAggregator"/>
  </connections>
  <connections type="routesResponseTo" sourceAnchorX="0.46774193548387094" sourceAnchorY="0.7027027027027027" targetAnchorX="0.4427083333333333" targetAnchorY="0.02702702702702703">
    <source href="assembly.xml#CallProcessFutureData"/>
    <target href="assembly.xml#CallProcessCurrentData"/>
  </connections>
  <connections type="routesTo">
    <source href="assembly.xml#//@beans/@mixed.1/@splitter.1/@subRoute.0"/>
    <target href="assembly.xml#WorkerID"/>
    <bendpoints sourceX="72" sourceY="-35" targetX="-122" targetY="17"/>
  </connections>
  <connections type="routesTo">
    <source href="assembly.xml#//@beans/@mixed.1/@mixed.41/@mixed.3"/>
    <target href="assembly.xml#CallAggregateErrors0"/>
  </connections>
  <connections type="routesTo">
    <source href="assembly.xml#WorkerID"/>
    <target href="assembly.xml#CallAggregator0"/>
  </connections>
  <connections type="routesResponseTo" sourceAnchorX="0.4322916666666667" sourceAnchorY="0.918918918918919">
    <source href="assembly.xml#CallProcessCurrentData"/>
    <target href="assembly.xml#CallCloseAggregator"/>
  </connections>
  <connections type="routesTo" targetAnchorX="0.03731343283582089" targetAnchorY="0.7830188679245284">
    <source href="assembly.xml#Aggregator"/>
    <target href="assembly.xml#AggregateOutput"/>
  </connections>
  <connections type="routesTo">
    <source href="assembly.xml#AggregateOutput"/>
    <target href="assembly.xml#StoreFinalFile"/>
  </connections>
  <connections type="routesTo" targetAnchorX="0.014925373134328358" targetAnchorY="0.1792452830188679">
    <source href="assembly.xml#CloseAggregator"/>
    <target href="assembly.xml#AggregateOutput"/>
  </connections>
  <connections type="routesTo">
    <source href="assembly.xml#//@beans/@mixed.1/@mixed.53/@mixed.3"/>
    <target href="assembly.xml#PutCurrentMessage"/>
  </connections>
  <connections type="routesTo">
    <source href="assembly.xml#ProcessCurrentData"/>
    <target href="assembly.xml#CopyCurrent"/>
  </connections>
  <connections type="routesTo">
    <source href="assembly.xml#CopyCurrent"/>
    <target href="assembly.xml#SplitCurrent"/>
  </connections>
  <connections type="routesTo">
    <source href="assembly.xml#//@beans/@mixed.1/@mixed.19/@mixed.3"/>
    <target href="assembly.xml#CallAggregateErrors"/>
  </connections>
  <connections type="routesTo">
    <source href="assembly.xml#AggregateErrors"/>
    <target href="assembly.xml#WriteError"/>
  </connections>
  <connections type="routesTo" sourceAnchorX="0.8934426229508197" sourceAnchorY="0.02127659574468085" targetAnchorX="0.014388489208633094" targetAnchorY="0.6792452830188679">
    <source href="assembly.xml#WriteError"/>
    <target href="assembly.xml#AggregatorErrLog"/>
  </connections>
  <connections type="routesTo" targetAnchorX="0.02158273381294964" targetAnchorY="0.16981132075471697">
    <source href="assembly.xml#CloseErrorAggregator"/>
    <target href="assembly.xml#AggregatorErrLog"/>
  </connections>
  <connections type="routesTo">
    <source href="assembly.xml#AggregatorErrLog"/>
    <target href="assembly.xml#StoreErrorLog"/>
  </connections>
  <connections type="routesTo" targetAnchorX="0.43333333333333335" targetAnchorY="0.05405405405405406">
    <source href="assembly.xml#//@beans/@mixed.1/@mixed.65/@mixed.3"/>
    <target href="assembly.xml#PutErrorLogError"/>
  </connections>
  <connections type="routesTo">
    <source href="assembly.xml#StoreErrorLog"/>
    <target href="assembly.xml#PutErrorLog"/>
  </connections>
  <connections type="routesResponseTo">
    <source href="assembly.xml#CallCloseAggregator"/>
    <target href="assembly.xml#CallCloseErrorAggregator"/>
    <bendpoints sourceX="117" sourceY="-1" targetX="-128" targetY="72"/>
    <bendpoints sourceX="113" sourceY="-77" targetX="-132" targetY="-4"/>
  </connections>
  <connections type="routesResponseTo" sourceAnchorX="0.37185929648241206" sourceAnchorY="0.5675675675675675">
    <source href="assembly.xml#CallCloseErrorAggregator"/>
    <target href="assembly.xml#PutIntegrationEvent"/>
  </connections>
  <connections type="routesTo">
    <source href="assembly.xml#//@beans/@mixed.1/@mixed.75"/>
    <target href="assembly.xml#GlobalError"/>
  </connections>
</wdnm:Diagram>
