<?xml version="1.0" encoding="UTF-8"?>
<beans
     xmlns="http://www.springframework.org/schema/beans"
     xmlns:beans="http://www.springframework.org/schema/beans"
     xmlns:atom="http://www.w3.org/2005/Atom"
     xmlns:cc="http://www.capeclear.com/assembly/10"
     xmlns:cloud="urn:com.workday/esb/cloud/10.0"
     xmlns:env="http://schemas.xmlsoap.org/soap/envelope/"
     xmlns:pi="urn:com.workday/picof"
     xmlns:vtx="urn:vertexinc:o-series:tps:8:0"
     xmlns:wd="urn:com.workday/bsvc"
     xmlns:xsi="http://www.w3.org/2001/XMLSchema-instance">
 
	<cc:assembly id="WorkdayAssembly" version="2020.36">
        <cc:local-in id="PreProcessSupplierInvoiceLine-IN" routes-to="AM-Log" access="public" use-global-error-handlers="true"><cc:parameter name="preprocess.supplier.invoice.WID" required="true" validation="props['preprocess.supplier.invoice.WID'] != null"/><cc:parameter name="preprocess.supplier.invoice.raas.NumOfPosts" required="true" validation="props['preprocess.supplier.invoice.raas.NumOfPosts'] != null"/><cc:parameter name="preprocess.supplier.invoice.raas.HeaderSalesTaxAmt" required="true" validation="props['preprocess.supplier.invoice.raas.HeaderSalesTaxAmt'] != null"/><cc:parameter name="preprocess.supplier.invoice.raas.TaxOption" required="true" validation="props['preprocess.supplier.invoice.raas.TaxOption'] != null"/></cc:local-in>
        <cc:local-out id="CalculateSingleSupplierInvoice-IN" routes-response-to="ProcessSupplierLineItems" endpoint="vm://VTX-CalculateTaxSingleSupplierInvoice/CalculateSingleSupplierInvoice-IN"><cc:set name="calc.supplier.tax.WID" value="props['preprocess.supplier.invoice.WID']"/><cc:set name="calc.supplier.tax.NumOfPosts" value="props['preprocess.supplier.invoice.raas.NumOfPosts']"/><cc:set name="calc.supplier.tax.HeaderSalesTaxAmt" value="0"/><cc:set name="calc.supplier.tax.TaxOption" value="props['preprocess.supplier.invoice.raas.TaxOption']"/><cc:set name="calc.supplier.tax.PostOption" value="&quot;QUOTE&quot;"/><cc:set name="calc.supplier.tax.calculateVendorTaxFlag" value="true"/><cc:set name="calc.supplier.tax.upperThresholdAmt" value="props['pUpperThresholdAmount']"/><cc:set name="calc.supplier.tax.lowerThresholdAmt" value="props['pLowerThresholdAmount']"/></cc:local-out>
        <cc:async-mediation id="AM-Log" routes-to="CalculateSingleSupplierInvoice-IN" execute-steps-when="props['pDebugFlag'] == true">
            <cc:steps>
                <cc:log id="Log">
                    <cc:log-message>
                        <cc:text>PreProcess Supplier Invoice Lines&#xD;
props['preprocess.supplier.invoice.WID'] : @{props['preprocess.supplier.invoice.WID']}&#xD;
props['preprocess.supplier.invoice.raas.NumOfPosts']: @{props['preprocess.supplier.invoice.raas.NumOfPosts']}&#xD;
&#xD;
&#xD;
&#xD;
</cc:text>
                    </cc:log-message>
                </cc:log>
            </cc:steps>
        </cc:async-mediation>
        <cc:async-mediation id="AM-LogEnd" execute-steps-when="props['pDebugFlag'] == true">
            <cc:steps>
                <cc:log id="Log">
                    <cc:log-message>
                        <cc:text>PreProcessing Supplier Invoice Line End</cc:text>
                        <cc:line-separator/>
                    </cc:log-message>
                </cc:log>
            </cc:steps>
        </cc:async-mediation>
        <cc:local-in id="ProcessSupplierLineItems-IN" routes-to="AM-Copy" access="private" use-global-error-handlers="true"><cc:parameter name="shipto.country" required="true" validation="props['shipto.country'] != null"/></cc:local-in>
        <cc:splitter id="SuppLineSplitterUS" no-split-message-error="false">
            <cc:sub-route name="SubRoute" routes-to="AsyncMediation"/>
            <cc:xml-stream-splitter xpath="/env:Envelope/env:Body/vtx:VertexEnvelope/vtx:PurchaseOrderResponse/vtx:LineItem"/>
        </cc:splitter>
        <cc:async-mediation id="AM-Log2" routes-to="SupplierInvLineCustomObjUpdate" execute-steps-when="props['pDebugFlag'] == true">
            <cc:steps>
                <cc:log id="Log">
                    <cc:log-message>
                        <cc:text>line item Id: @{props['lineItemId']}&#xD;
line item Total Tax: @{props['lineItemTotalTax']}</cc:text>
                    </cc:log-message>
                </cc:log>
            </cc:steps>
        </cc:async-mediation>
        <cc:local-out id="ProcessSupplierLineItems" routes-response-to="AM-LogEnd" endpoint="vm://VTX-PreProcessSupplierInvoiceLine/ProcessSupplierLineItems-IN"><cc:set name="shipto.country" value="props['get.supplier.invoice.ShipToCountry']"/></cc:local-out>
        <cc:local-out id="SupplierInvLineCustomObjUpdate" endpoint="vm://VTX-SupplierInvoiceCustomObjectHandler/SupplierInvLineCustomObjUpdate-IN"><cc:set name="supplier.invoice.lineItemId" value="props['lineItemId']"/><cc:set name="supplier.invoice.lineItemTotalTax" value="props['lineItemTotalTax']"/><cc:set name="supplier.invoice.toleranceStatus" value="props['ToleranceStatus']"/><cc:set name="supplier.invoice.stateTaxAmt" value="props['stateTaxAmt']"/><cc:set name="supplier.invoice.countyTaxAmt" value="props['countyTaxAmt']"/><cc:set name="supplier.invoice.cityTaxAmt" value="props['cityTaxAmt']"/><cc:set name="supplier.invoice.otherTaxAmt" value="props['otherTaxAmt']"/></cc:local-out>
        <cc:async-mediation id="AM-Copy" routes-to="CountryRouting">
            <cc:steps>
                <cc:copy id="Copy" input="variable" input-variable="calc.supplier.tax.VertexResponse"/>
            </cc:steps>
        </cc:async-mediation>
        <cc:async-mediation id="AsyncMediation" routes-to="AM-Log2">
            <cc:steps>
                <cc:eval id="Eval">
                    <cc:expression>props['lineItemId'] = parts[0].xpath('/vtx:LineItem/@lineItemId')</cc:expression>
                    <cc:expression>props['lineItemTotalTax'] = parts[0].xpath('/vtx:LineItem/vtx:TotalTax')</cc:expression>
                    <cc:expression>props['ToleranceStatus'] = 'false'</cc:expression>
                    <cc:expression>props['stateTaxAmt'] = parts[0].xpath('/vtx:LineItem/vtx:Taxes[@taxResult=&quot;TAXABLE&quot; and @taxType=&quot;CONSUMERS_USE&quot; and @situs=&quot;DESTINATION&quot; and vtx:Jurisdiction[@jurisdictionLevel=&quot;STATE&quot;]]/vtx:CalculatedTax');</cc:expression>
                    <cc:expression>props['countyTaxAmt'] = parts[0].xpath('/vtx:LineItem/vtx:Taxes[@taxResult=&quot;TAXABLE&quot; and @taxType=&quot;CONSUMERS_USE&quot; and @situs=&quot;DESTINATION&quot; and vtx:Jurisdiction[@jurisdictionLevel=&quot;COUNTY&quot;]]/vtx:CalculatedTax');</cc:expression>
                    <cc:expression>props['cityTaxAmt'] = parts[0].xpath('/vtx:LineItem/vtx:Taxes[@taxResult=&quot;TAXABLE&quot; and @taxType=&quot;CONSUMERS_USE&quot; and @situs=&quot;DESTINATION&quot; and vtx:Jurisdiction[@jurisdictionLevel=&quot;CITY&quot;]]/vtx:CalculatedTax');</cc:expression>
                    <cc:expression>props['otherTaxAmt'] = parts[0].xpath('sum(/vtx:LineItem/vtx:Taxes[@taxResult=&quot;TAXABLE&quot; and @taxType=&quot;CONSUMERS_USE&quot; and @situs=&quot;DESTINATION&quot; and vtx:Jurisdiction[@jurisdictionLevel=&quot;DISTRICT&quot;]]/vtx:CalculatedTax)');</cc:expression>
                </cc:eval>
            </cc:steps>
        </cc:async-mediation>
        <cc:local-in id="PreProcessSupplierInvoice-US-IN" routes-to="AsyncMediation3" access="private" use-global-error-handlers="true"/>
        <cc:route id="CountryRouting">
            <cc:mvel-strategy>
                <cc:choose-route expression="props['shipto.country'] == 'USA'" route="US"/>
                <cc:choose-route expression="props['shipto.country'] == 'CAN'" route="CAN"/>
                <cc:choose-route expression="props['shipto.country'] != 'USA' &amp;&amp; props['shipto.country'] != 'CAN'" route="EU"/>
            </cc:mvel-strategy>
            <cc:sub-route name="US" routes-to="PreProcessSupplierInvoice-US"/>
            <cc:sub-route name="CAN" routes-to="PreprocessSupplierInvoice-CAN"/>
            <cc:sub-route name="EU" routes-to="PreProcessSupplierInvoice-EU"/>
        </cc:route>
        <cc:local-out id="PreProcessSupplierInvoice-US" endpoint="vm://VTX-PreProcessSupplierInvoiceLine/PreProcessSupplierInvoice-US-IN"/>
        <cc:local-in id="PreprocessSupplierInvoice-CAN-IN" routes-to="AsyncMediation4"/>
        <cc:local-in id="PreProcessSupplierInvoice-EU-IN" routes-to="AsyncMediation6"/>
        <cc:splitter id="SuppLineSplitterCAN">
            <cc:sub-route name="SubRoute" routes-to="AsyncMediation0"/>
            <cc:xml-stream-splitter xpath="/env:Envelope/env:Body/vtx:VertexEnvelope/vtx:PurchaseOrderResponse/vtx:LineItem"/>
        </cc:splitter>
        <cc:async-mediation id="AsyncMediation0" routes-to="ExtractCanadaTax">
            <cc:steps>
                <cc:eval id="Eval">
                    <cc:expression>props['lineItemId'] = parts[0].xpath('/vtx:LineItem/@lineItemId')</cc:expression>
                    <cc:expression>props['lineItemTotalTax'] = parts[0].xpath('/vtx:LineItem/vtx:TotalTax')</cc:expression>
                </cc:eval>
            </cc:steps>
        </cc:async-mediation>
        <cc:async-mediation id="AM-Log3" routes-to="SupplierInvLineCustomObjUpdate-IN" execute-steps-when="props['pDebugFlag'] == true">
            <cc:steps>
                <cc:log id="Log">
                    <cc:log-message>
                        <cc:text>line item Id: @{props['lineItemId']}&#xD;
line item Total Tax: @{props['lineItemTotalTax']}</cc:text>
                    </cc:log-message>
                </cc:log>
            </cc:steps>
        </cc:async-mediation>
        <cc:local-out id="SupplierInvLineCustomObjUpdate-IN" endpoint="vm://VTX-SupplierInvoiceCustomObjectHandler/SupplierInvLineCustomObjUpdate-IN"><cc:set name="supplier.invoice.lineItemId" value="props['lineItemId']"/><cc:set name="supplier.invoice.lineItemTotalTax" value="props['lineItemTotalTax']"/><cc:set name="supplier.invoice.gstpct" value="props['extract.gstpct']"/><cc:set name="supplier.invoice.pstpct" value="props['extract.pstpct']"/></cc:local-out>
        <cc:splitter id="SuppLineSplitterEU">
            <cc:sub-route name="SubRoute" routes-to="AsyncMediation1"/>
            <cc:xml-stream-splitter xpath="/env:Envelope/env:Body/vtx:VertexEnvelope/vtx:PurchaseOrderResponse/vtx:LineItem"/>
        </cc:splitter>
        <cc:async-mediation id="AsyncMediation1" routes-to="AM-Log4">
            <cc:steps>
                <cc:eval id="Eval">
                    <cc:expression>props['lineItemId'] = parts[0].xpath('/vtx:LineItem/@lineItemId')</cc:expression>
                    <cc:expression>props['lineItemTotalTax'] = parts[0].xpath('/vtx:LineItem/vtx:TotalTax')</cc:expression>
                    <cc:expression>props['invoiceTextCode'] = parts[0].xpath('/vtx:LineItem/vtx:Taxes/vtx:InvoiceTextCode');</cc:expression>
                    <cc:expression>props['invoiceIs21Domestic'] = false</cc:expression>
                    <cc:expression>props['invoiceTextCode'] == '21' || props['invoiceIs21Domestic'] == true ? props['invoiceIs21Domestic'] = true : props['invoiceIs21Domestic'] = false</cc:expression>
                    <cc:expression>props['inputOutputInvoice'] = false</cc:expression>
                    <cc:expression>props['inputOutputType'] = parts[0].xpath('/vtx:LineItem/vtx:Taxes/@inputOutputType');</cc:expression>
                    <cc:expression>props['inputOutputTyoe'] == 'INPUT_OUTPUT' || props['inputOutputInvoice'] == true ? props['inputOutputInvoice'] = true : props['inputOutputInvoice'] = false</cc:expression>
                    <cc:expression>//Add code for Exempt flag for invoice to populate custom object for supplier invoice line</cc:expression>
                </cc:eval>
            </cc:steps>
        </cc:async-mediation>
        <cc:async-mediation id="AM-Log4" routes-to="SupplierInvLineCustomObjUpdate-IN0" execute-steps-when="props['pDebugFlag'] == true">
            <cc:steps>
                <cc:log id="Log">
                    <cc:log-message>
                        <cc:text>line item Id: @{props['lineItemId']}&#xD;
line item Total Tax: @{props['lineItemTotalTax']}</cc:text>
                    </cc:log-message>
                </cc:log>
            </cc:steps>
        </cc:async-mediation>
        <cc:local-out id="SupplierInvLineCustomObjUpdate-IN0" endpoint="vm://VTX-SupplierInvoiceCustomObjectHandler/SupplierInvLineCustomObjUpdate-IN"><cc:set name="supplier.invoice.lineItemId" value="props['lineItemId']"/><cc:set name="supplier.invoice.lineItemTotalTax" value="props['lineItemTotalTax']"/></cc:local-out>
        <cc:local-out id="PreprocessSupplierInvoice-CAN" endpoint="vm://VTX-PreProcessSupplierInvoiceLine/PreprocessSupplierInvoice-CAN-IN"/>
        <cc:local-out id="PreProcessSupplierInvoice-EU" endpoint="vm://VTX-PreProcessSupplierInvoiceLine/PreProcessSupplierInvoice-EU-IN"/>
        <cc:local-in id="ExtractCanadaTaxIN" routes-to="AsyncMediation2"/>
        <cc:async-mediation id="AsyncMediation2" routes-to="AM-Log5">
            <cc:steps>
                <cc:eval id="Eval">
                    <cc:expression>props['totaltaxresults'] = parts[0].xpath('count(/vtx:LineItem/vtx:Taxes)')</cc:expression>
                    <cc:expression>props['gstresults'] = parts[0].xpath('count(/vtx:LineItem/vtx:Taxes[@taxResult=&quot;TAXABLE&quot; and @taxType=&quot;VAT&quot; and @situs=&quot;DESTINATION&quot;]/vtx:Jurisdiction[@jurisdictionLevel=&quot;COUNTRY&quot;])');</cc:expression>
                    <cc:expression>props['gstpct'] = parts[0].xpath('/vtx:LineItem/vtx:Taxes[@taxResult=&quot;TAXABLE&quot; and @taxType=&quot;VAT&quot; and @situs=&quot;DESTINATION&quot; and vtx:Jurisdiction[@jurisdictionLevel=&quot;COUNTRY&quot;]]/vtx:EffectiveRate');</cc:expression>
                    <cc:expression>props['pstpct'] = parts[0].xpath('/vtx:LineItem/vtx:Taxes[@taxResult=&quot;TAXABLE&quot; and @taxType=&quot;VAT&quot; and @situs=&quot;DESTINATION&quot; and vtx:Jurisdiction[@jurisdictionLevel=&quot;PROVINCE&quot;]]/vtx:EffectiveRate');</cc:expression>
                    <cc:expression>if(props['pstpct'] == '' or props['pstpct'] == 0){&#xD;
props['pstpct'] = parts[0].xpath('/vtx:LineItem/vtx:Taxes[@taxResult=&quot;TAXABLE&quot; and @taxType=&quot;SALES&quot; and @situs=&quot;DESTINATION&quot; and vtx:Jurisdiction[@jurisdictionLevel=&quot;PROVINCE&quot;]]/vtx:EffectiveRate');&#xD;
}</cc:expression>
                    <cc:expression>if(props['pstpct'] == '' or props['pstpct'] == 0){&#xD;
props['pstpct'] = parts[0].xpath('/vtx:LineItem/vtx:Taxes[@taxResult=&quot;TAXABLE&quot; and @taxType=&quot;CONSUMERS_USE&quot; and @situs=&quot;DESTINATION&quot; and vtx:Jurisdiction[@jurisdictionLevel=&quot;PROVINCE&quot;]]/vtx:EffectiveRate');&#xD;
}</cc:expression>
                    <cc:expression>props['pstpct1'] = parts[0].xpath('/vtx:LineItem/vtx:Taxes[@taxResult=&quot;TAXABLE&quot; and @taxType=&quot;VAT&quot; and @situs=&quot;DESTINATION&quot; and vtx:Jurisdiction[@jurisdictionLevel=&quot;PROVINCE&quot;]]/vtx:EffectiveRate');&#xD;
props['pstpct2'] = parts[0].xpath('/vtx:LineItem/vtx:Taxes[@taxResult=&quot;TAXABLE&quot; and @taxType=&quot;SALES&quot; and @situs=&quot;DESTINATION&quot; and vtx:Jurisdiction[@jurisdictionLevel=&quot;PROVINCE&quot;]]/vtx:EffectiveRate');&#xD;
props['pstpct3'] = parts[0].xpath('/vtx:LineItem/vtx:Taxes[@taxResult=&quot;TAXABLE&quot; and @taxType=&quot;CONSUMERS_USE&quot; and @situs=&quot;DESTINATION&quot; and vtx:Jurisdiction[@jurisdictionLevel=&quot;PROVINCE&quot;]]/vtx:EffectiveRate');</cc:expression>
                </cc:eval>
                <cc:eval id="Eval0">
                    <cc:expression>props['extract.gstpct'] = props['gstpct'] == &quot;&quot; ? &quot;0&quot; : props['gstpct'] * 100</cc:expression>
                    <cc:expression>props['extract.pstpct'] = props['pstpct'] == &quot;&quot; ? &quot;0&quot; : props['pstpct'] * 100</cc:expression>
                </cc:eval>
            </cc:steps>
        </cc:async-mediation>
        <cc:async-mediation id="AM-Log5" execute-steps-when="props['pDebugFlag'] == true">
            <cc:steps>
                <cc:log id="Log">
                    <cc:log-message>
                        <cc:text>Total Tax lines: @{props['totaltaxresults'] }&#xD;
GST line: @{props['gstresults']}&#xD;
GST: @{props['extract.gstpct']}&#xD;
PST: @{props['extract.pstpct']}&#xD;
</cc:text>
                    </cc:log-message>
                </cc:log>
            </cc:steps>
        </cc:async-mediation>
        <cc:local-out id="ExtractCanadaTax" routes-response-to="AM-Log3" endpoint="vm://VTX-PreProcessSupplierInvoiceLine/ExtractCanadaTaxIN"/>
        <cc:async-mediation id="AsyncMediation3" routes-to="SuppLineSplitterUS" handle-downstream-errors="true">
            <cc:steps>
            </cc:steps>
            <cc:send-error id="SendError" routes-to="PIM"/>
        </cc:async-mediation>
        <cc:local-out id="PIM" store-message="none" endpoint="vm://wcc/PutIntegrationMessage">
            <cc:set name="is.message.severity" value="'ERROR'"/>
            <cc:set name="is.message.summary" value="'An error occurred splitting the Purchase Order response. Please see the message for more details'"/>
            <cc:set name="is.message.detail" value="context.errorMessage"/>
        </cc:local-out>
        <cc:async-mediation id="AsyncMediation4" routes-to="SuppLineSplitterCAN" handle-downstream-errors="true">
            <cc:steps>
            </cc:steps>
            <cc:send-error id="SendError" routes-to="CallSubRoutine0"/>
        </cc:async-mediation>
        <cc:local-out id="CallSubRoutine0" store-message="none" endpoint="vm://wcc/PutIntegrationMessage">
            <cc:set name="is.message.severity" value="'ERROR'"/>
            <cc:set name="is.message.summary" value="'Empty Variable'"/>
        </cc:local-out>
        <cc:async-mediation id="AsyncMediation6" routes-to="SuppLineSplitterEU">
            <cc:steps>
            </cc:steps>
            <cc:send-error id="SendError" routes-to="CallSubRoutine1"/>
        </cc:async-mediation>
        <cc:local-out id="CallSubRoutine1" store-message="none" endpoint="vm://wcc/PutIntegrationMessage">
            <cc:set name="is.message.severity" value="'ERROR'"/>
            <cc:set name="is.message.summary" value="'Empty Variable'"/>
        </cc:local-out>
	</cc:assembly>

</beans>