<?xml version='1.0' encoding='UTF-8'?>
<env:Envelope xmlns:env="http://schemas.xmlsoap.org/soap/envelope/">
    <env:Body>
        <wd:Get_Organizations_Response
            xmlns:wd="urn:com.workday/bsvc"
            wd:version="v33.2">
            <wd:Request_References>
                <wd:Organization_Reference>
                    <wd:ID wd:type="WID">fa87ff52989f019e8b49b88e7672c811</wd:ID>
                    <wd:ID wd:type="Organization_Reference_ID">SUPERVISORY_ORGANIZATION-6-326</wd:ID>
                </wd:Organization_Reference>
            </wd:Request_References>
            <wd:Response_Filter>
                <wd:Page>1</wd:Page>
                <wd:Count>1</wd:Count>
            </wd:Response_Filter>
            <wd:Response_Group>
                <wd:Include_Hierarchy_Data>1</wd:Include_Hierarchy_Data>
                <wd:Include_Supervisory_Data>1</wd:Include_Supervisory_Data>
            </wd:Response_Group>
            <wd:Response_Results>
                <wd:Total_Results>1</wd:Total_Results>
                <wd:Total_Pages>1</wd:Total_Pages>
                <wd:Page_Results>1</wd:Page_Results>
                <wd:Page>1</wd:Page>
            </wd:Response_Results>
            <wd:Response_Data>
                <wd:Organization>
                    <wd:Organization_Reference>
                        <wd:ID wd:type="WID">fa87ff52989f019e8b49b88e7672c811</wd:ID>
                        <wd:ID wd:type="Organization_Reference_ID">SUPERVISORY_ORGANIZATION-6-326</wd:ID>
                    </wd:Organization_Reference>
                    <wd:Organization_Data>
                        <wd:Reference_ID>SUPERVISORY_ORGANIZATION-6-326</wd:Reference_ID>
                        <wd:Name>TRJ Pvt. Ltd.</wd:Name>
                        <wd:Organization_Code>100001</wd:Organization_Code>
                        <wd:Include_Manager_in_Name>0</wd:Include_Manager_in_Name>
                        <wd:Include_Organization_Code_in_Name>1</wd:Include_Organization_Code_in_Name>
                        <wd:Organization_Type_Reference>
                            <wd:ID wd:type="WID">308334d850c1439f995965f7880f3373</wd:ID>
                            <wd:ID wd:type="Organization_Type_ID">SUPERVISORY</wd:ID>
                        </wd:Organization_Type_Reference>
                        <wd:Organization_Subtype_Reference>
                            <wd:ID wd:type="WID">cc301c3d852049af96ad07e1c9523eea</wd:ID>
                            <wd:ID wd:type="Organization_Subtype_ID">Department</wd:ID>
                        </wd:Organization_Subtype_Reference>
                        <wd:Availibility_Date>2018-03-18T00:00:00.000-07:00</wd:Availibility_Date>
                        <wd:Last_Updated_DateTime>2020-06-22T04:05:16.831-07:00</wd:Last_Updated_DateTime>
                        <wd:Inactive>0</wd:Inactive>
                        <wd:Manager_Reference>
                            <wd:ID wd:type="WID">6f91f6862b044849a978fb0bf80a3d57</wd:ID>
                            <wd:ID wd:type="Employee_ID">21002</wd:ID>
                        </wd:Manager_Reference>
                        <wd:Leadership_Reference>
                            <wd:ID wd:type="WID">6f91f6862b044849a978fb0bf80a3d57</wd:ID>
                            <wd:ID wd:type="Employee_ID">21002</wd:ID>
                        </wd:Leadership_Reference>
                        <wd:Organization_Visibility_Reference>
                            <wd:ID wd:type="WID">9c875610c4fc496499e39741b6541dbc</wd:ID>
                        </wd:Organization_Visibility_Reference>
                        <wd:External_IDs_Data>
                            <wd:ID wd:System_ID="WD-I">2500$326</wd:ID>
                            <wd:ID wd:System_ID="WD-WID">fa87ff52989f019e8b49b88e7672c811</wd:ID>
                        </wd:External_IDs_Data>
                        <wd:Hierarchy_Data>
                            <wd:Top-Level_Organization_Reference>
                                <wd:ID wd:type="WID">fa87ff52989f019e8b49b88e7672c811</wd:ID>
                                <wd:ID wd:type="Organization_Reference_ID">SUPERVISORY_ORGANIZATION-6-326</wd:ID>
                            </wd:Top-Level_Organization_Reference>
                            <wd:Subordinate_Organization_Reference>
                                <wd:ID wd:type="WID">fa87ff52989f01ea682f783b7772ff11</wd:ID>
                                <wd:ID wd:type="Organization_Reference_ID">SUPERVISORY_ORGANIZATION-6-332</wd:ID>
                            </wd:Subordinate_Organization_Reference>
                            <wd:Subordinate_Organization_Reference>
                                <wd:ID wd:type="WID">fa87ff52989f0183ae9a9fe47672df11</wd:ID>
                                <wd:ID wd:type="Organization_Reference_ID">SUPERVISORY_ORGANIZATION-6-328</wd:ID>
                            </wd:Subordinate_Organization_Reference>
                            <wd:Subordinate_Organization_Reference>
                                <wd:ID wd:type="WID">fa87ff52989f017b8b412acb7672d611</wd:ID>
                                <wd:ID wd:type="Organization_Reference_ID">SUPERVISORY_ORGANIZATION-6-327</wd:ID>
                            </wd:Subordinate_Organization_Reference>
                            <wd:Subordinate_Organization_Reference>
                                <wd:ID wd:type="WID">fa87ff52989f0144501e7c12b672491a</wd:ID>
                                <wd:ID wd:type="Organization_Reference_ID">SUPERVISORY_ORGANIZATION-6-337</wd:ID>
                            </wd:Subordinate_Organization_Reference>
                        </wd:Hierarchy_Data>
                        <wd:Supervisory_Data>
                            <wd:Staffing_Model>Position Management</wd:Staffing_Model>
                            <wd:Location_Reference>
                                <wd:ID wd:type="WID">fa87ff52989f01272d6708ec6a723f11</wd:ID>
                                <wd:ID wd:type="Location_ID">LOCATION-6-233</wd:ID>
                            </wd:Location_Reference>
                        </wd:Supervisory_Data>
                    </wd:Organization_Data>
                </wd:Organization>
            </wd:Response_Data>
        </wd:Get_Organizations_Response>
    </env:Body>
</env:Envelope>