<?xml version="1.0" encoding="UTF-8"?>
<beans
     xmlns="http://www.springframework.org/schema/beans"
     xmlns:beans="http://www.springframework.org/schema/beans"
     xmlns:atom="http://www.w3.org/2005/Atom"
     xmlns:cc="http://www.capeclear.com/assembly/10"
     xmlns:cloud="urn:com.workday/esb/cloud/10.0"
     xmlns:env="http://schemas.xmlsoap.org/soap/envelope/"
     xmlns:SOAP-ENV="http://schemas.xmlsoap.org/soap/envelope/"
     xmlns:pi="urn:com.workday/picof"
     xmlns:wd="urn:com.workday/bsvc"
     xmlns:xsi="http://www.w3.org/2001/XMLSchema-instance">
 
	<cc:assembly id="WorkdayAssembly" version="2016.34">
        <cc:workday-in id="StartHere" routes-to="InitProps">
            <cc:integration-system name="INT0035 ADP Garnishments Withholding Orders Inbound">
        <cloud:param name="testing">
          <cloud:type>
            <cloud:simple-type>boolean</cloud:simple-type>
          </cloud:type>
          <cloud:default>
            <cloud:boolean>false</cloud:boolean>
          </cloud:default>
        </cloud:param>
        <cloud:attribute-map-service name="WIX_ADP_To_Workday_Attribute_SVC">
          <cloud:attribute name="Currency_ID for Orders">
            <cloud:type>
              <cloud:simple-type>text</cloud:simple-type>
            </cloud:type>
            <cloud:display-option>required-for-launch</cloud:display-option>
          </cloud:attribute>
          <cloud:attribute name="Creditor Garnishment Type">
            <cloud:type>
              <cloud:class-report-field description="Creditor Garnishment Type" type="WID" singular="true">03f1b7e957ee4bde862a6312489c17b9</cloud:class-report-field>
            </cloud:type>
            <cloud:display-option>required-for-launch</cloud:display-option>
          </cloud:attribute>
          <cloud:attribute name="ADP Client ID">
            <cloud:type>
              <cloud:simple-type>text</cloud:simple-type>
            </cloud:type>
            <cloud:display-option>required-for-launch</cloud:display-option>
          </cloud:attribute>
          <cloud:attribute name="IWO Sequence Generator">
            <cloud:type>
              <cloud:class-report-field description="Sequence Generators" type="WID" singular="false">2e2436b9b1c24ec295e7de12d1e509f2</cloud:class-report-field>
            </cloud:type>
            <cloud:display-option>required-for-launch</cloud:display-option>
          </cloud:attribute>
          <cloud:attribute name="ADP Spec Version">
            <cloud:type>
              <cloud:enumeration-type name="WIX ADP Ver Enum">
                <cloud:enumeration>1.19</cloud:enumeration>
                <cloud:enumeration>1.25</cloud:enumeration>
              </cloud:enumeration-type>
            </cloud:type>
            <cloud:display-option>required-for-launch</cloud:display-option>
          </cloud:attribute>
        </cloud:attribute-map-service>
        <cloud:sequence-generator-service name="WIX Seq Generators">
          <cloud:sequencer>WIX_RespSeqGen</cloud:sequencer>
        </cloud:sequence-generator-service>
        <cloud:delivery-service name="WIX_ADP_INT0035_Delivery"/>
        <cloud:retrieval-service name="WIX_ADP_INT0035_Retrieval "/>
        <cloud:report-service name="WIX_ADP_To_Workday_Withholding_Orders_Report_Service">
          <cloud:report-alias description="INT0035 ADP to Workday Active Employees" name="Worker Status Report">
            <cloud:report-reference description="INT0035 ADP Garnishments Withholding Orders Active Employees" type="WID">c0820840c0200161f5ed2448665ff40d</cloud:report-reference>
          </cloud:report-alias>
          <cloud:report-alias description="INT0035 ADP to Workday Employee Append Data" name="Worker Append Report">
            <cloud:report-reference description="INT0035 ADP Garnishments Withholding Orders Append Data" type="WID">c0820840c02001377d123d47665fc70d</cloud:report-reference>
          </cloud:report-alias>
        </cloud:report-service>
      </cc:integration-system>
        </cc:workday-in>
        <cc:splitter id="Splitter">
            <cc:sub-route name="SubRoute" routes-to="ClearProps"/>
            <cc:xml-stream-splitter xpath="File/worker"/>
        </cc:splitter>
        <cc:async-mediation id="InitProps" routes-to="CallGetDocs">
            <cc:steps>
                <cc:eval id="Eval"><cc:expression>props['p.worker.lein.hash.map'] = new java.util.HashMap()</cc:expression><cc:expression>props['p.worker.status.report.extrapath'] = intsys.reportService.getExtrapath( 'Worker Status Report' )</cc:expression><cc:expression>props['p.workers.not.found'] = new java.lang.StringBuffer();</cc:expression><cc:expression>props['p.workers.not.found'].append('Worker,SSN,Case ID,Error\n' );</cc:expression><cc:expression>props['p.current.date.parsed'] = new java.text.SimpleDateFormat(&quot;yyyy-MM-dd&quot;).parse( util.currentDateTimeAsString() );</cc:expression><cc:expression>props['p.current.date.formatted'] = new java.text.SimpleDateFormat(&quot;yyyy-MM-dd&quot;).format( props['p.current.date.parsed'] );</cc:expression><cc:expression>props['p.valid.ee.count'] = 0</cc:expression><cc:expression>props['p.invalid.ee.count'] = 0</cc:expression><cc:expression>props['p.batch'] = false</cc:expression><cc:expression>props['p.currency.for.orders'] = intsys.getAttribute('Currency_ID for Orders')</cc:expression><cc:expression>props['p.this.recipient.has.id'] = false</cc:expression><cc:expression>props['p.this.worker.has.interrogatory.lines'] = false</cc:expression><cc:expression>props['p.worker.append.report.extrapath'] = intsys.reportService.getExtrapath( 'Worker Append Report' )</cc:expression><cc:expression>props['p.invalid.worker.append.text'] = '|~~||U||||||N|||||||||||||||||||||||||'</cc:expression><cc:expression>props['p.creditor.garnishment.wid'] = intsys.getAttributeReferenceData('Creditor Garnishment Type', 'WID')</cc:expression><cc:expression>props['p.load.report'] = new java.lang.StringBuffer();</cc:expression><cc:expression>props['p.load.report'].append('SSN,Employee ID,Employee Name,Lien Number Updated,	Payee Name	,Payee State,	Payee Code	,Interrogatory,Start Date,	Exception\n')</cc:expression><cc:expression>props['p.testing'] = lp.getSimpleData('testing')</cc:expression><cc:expression>props['p.payee.hash.map'] = new java.util.HashMap()</cc:expression><cc:expression>props['p.ADP.client.id'] = intsys.getAttribute('ADP Client ID')</cc:expression><cc:expression>props['p.lein.out.file.header.text'] = 'H WGPS LD' # props['p.current.date.formatted'].replace('-','') # props['p.ADP.client.id']</cc:expression><cc:expression>props['a.iwo.seqgen.id'] = intsys.getAttributeReferenceData('IWO Sequence Generator', 'Sequence_Generator_ID')</cc:expression><cc:expression>props['p.adp.ntf.filename']=lp.getSequencedValue('WIX_RespSeqGen')</cc:expression><cc:expression>props['a.spec.version']=intsys.getAttribute('ADP Spec Version')</cc:expression></cc:eval>
            </cc:steps>
            <cc:send-error id="SendError" routes-to="CallLocalErr11"/>
        </cc:async-mediation>
        <cc:local-out id="CallGetDocs" store-message="none" routes-response-to="CallFilePreProcess" endpoint="vm://WIX_INT_ADP_Garnishments_Withholding_Orders_Inbound/GetDocs"/>
        <cc:local-in id="GetDocs" routes-to="Route1"/>
        <cc:local-in id="Log-Error" routes-to="ErrorProcess"><cc:parameter default="'WARNING'" name="log.summary"/><cc:parameter default="'type error message here. Error message: ' + context.errorMessage" name="log.severity"/></cc:local-in>
        <cc:local-out id="Note-Error" endpoint="vm://wcc/PutIntegrationMessage">
            <cc:set name="is.message.severity" value="'CRITICAL'"/>
            <cc:set name="is.message.summary" value="context.errorMessage"/>
        </cc:local-out>
        <cc:send-error id="global-error-handler" rethrow-error="false" routes-to="Note-Error"/>
        <cc:async-mediation id="ErrorProcess" routes-to="PutErrorMessage">
            <cc:steps>
                <cc:log id="Log">
                    <cc:log-message>
                        <cc:line-separator/>
                        <cc:text>-------------ERROR-----------------
@{context.errorMessage}</cc:text>
                        <cc:line-separator/>
                    </cc:log-message>
                </cc:log>
            </cc:steps>
        </cc:async-mediation>
        <cc:local-out id="PutErrorMessage" endpoint="vm://wcc/PutIntegrationMessage">
            <cc:set name="is.message.severity" value="props['log.severity']"/>
            <cc:set name="is.message.summary" value="props['log.summary']"/>
            <cc:set name="is.message.detail" value="'N/A'"/>
        </cc:local-out>
        <cc:local-out id="PutIntegrationEvent" endpoint="vm://wcc/PutIntegrationEvent"><cc:set name="is.event.completed" value="'current'"/></cc:local-out>
        <cc:async-mediation id="PropsAndStore" routes-to="PutIntMsg_StoredFile">
            <cc:steps>
                <cc:eval id="Eval"><cc:expression>props['p.this.fileName'] = props['p.filename'] # '.' # props['p.fileType']</cc:expression></cc:eval>
                <cc:store id="Store" output="variable" output-variable="v.messageToStore" expiresIn="P180D" title="@{props['p.this.fileName']}"/>
            </cc:steps>
        </cc:async-mediation>
        <cc:local-out id="PutIntMsg_StoredFile" endpoint="vm://wcc/PutIntegrationMessage">
            <cc:set name="is.message.severity" value="'INFO'"/>
            <cc:set name="is.message.summary" value="props['p.this.fileName'] + ' stored to repository.'"/>
            <cc:set name="is.document.variable.name" value="'v.messageToStore'"/>
            <cc:set name="is.document.file.name" value="props['p.this.fileName']"/>
            <cc:set name="is.document.labels" value="props['p.fileLabel']"/>
            <cc:set name="is.document.deliverable" value="props['p.fileDeliverable']"/>
        </cc:local-out>
        <cc:local-in id="StoreData" routes-to="PropsAndStore"><cc:parameter default="'myFile'" name="p.filename"/><cc:parameter default="'testLabel'" name="p.fileLabel"/><cc:parameter default="'false'" name="p.fileDeliverable"/><cc:parameter default="'xml'" name="p.fileType"/></cc:local-in>
        <cc:local-out id="CallLocalErr11" store-message="none" endpoint="vm://WIX_INT_ADP_Garnishments_Withholding_Orders_Inbound/Log-Error">
            <cc:set name="log.severity" value="'ERROR'"/>
            <cc:set name="log.summary" value="'Error on initializing props for integration. Error message: ' # context.errorMessage"/>
        </cc:local-out>
        <cc:async-mediation id="CopyTextToVar" routes-to="CallValidateWorker">
            <cc:steps>
                <cc:copy id="Copy" output="variable" output-variable="v.this.worker.record.xml" input="message"/>
                <cc:write id="Write" output="variable" output-variable="v.this.worker.successful.orders">
                    <cc:message>
                        <cc:text>&lt;?xml version=&quot;1.0&quot; encoding=&quot;UTF-8&quot;?>
&lt;successful_orders>
&lt;/successful_orders></cc:text>
                    </cc:message>
                </cc:write>
                <cc:write id="Write0" output="variable" output-variable="v.this.worker.failed.records">
                    <cc:message>
                        <cc:text>&lt;?xml version=&quot;1.0&quot; encoding=&quot;UTF-8&quot;?>
&lt;failed_orders>
&lt;/failed_orders></cc:text>
                    </cc:message>
                </cc:write>
                <cc:eval id="Eval"><cc:expression>props['p.this.ee.ssn'] = parts[0].xpath('/worker/@social')</cc:expression><cc:expression>props['p.this.ee.first.name'] = parts[0].xpath('/worker/order/line[1]/EE_First_Name')</cc:expression><cc:expression>props['p.this.ee.last.name'] = parts[0].xpath('/worker/order/line[1]/EE_Last_Name')</cc:expression><cc:expression>props['p.this.ee.full.name'] = props['p.this.ee.first.name'] # ' ' # props['p.this.ee.last.name']</cc:expression><cc:expression>props['p.worker.status.report.extrapath.with.ssn'] = props['p.worker.status.report.extrapath'] # '?Social_Security_Number=' # props['p.this.ee.ssn']</cc:expression><cc:expression>props['p.this.order.lien.number.raw'] = parts[0].xpath('/worker/order/line[1]/Lien_Number')</cc:expression><cc:expression>props['p.this.order.payee.name.raw'] = parts[0].xpath('/worker/order/line[1]/Payee_Name_1')</cc:expression><cc:expression>props['p.this.order.payee.state.raw'] = parts[0].xpath('/worker/order/line[1]/Payee_State')</cc:expression><cc:expression>props['p.this.order.payee.code.raw'] = parts[0].xpath('/worker/order/line[1]/Payee_Code')</cc:expression><cc:expression>props['p.this.order.start.date.raw'] = parts[0].xpath('/worker/order/line[1]/Lien_Start_Date')</cc:expression><cc:expression>props['p.this.file.site.id'] = parts[0].xpath('/worker/order/line[1]/Site_ID')   //same for entire file, no need to reset between runs</cc:expression></cc:eval>
            </cc:steps>
            <cc:send-error id="SendError" routes-to="CallLocalErr120"/>
        </cc:async-mediation>
        <cc:local-out id="CallValidateWorker" store-message="none" routes-response-to="CallRouteOrders" endpoint="vm://WIX_INT_ADP_Garnishments_Withholding_Orders_Inbound/ValidateWorker"/>
        <cc:local-in id="ValidateWorker" routes-to="CatchRepErr"/>
        <cc:async-mediation id="CatchRepErr" routes-to="WorkdayOutSoap" handle-downstream-errors="true">
            <cc:steps>
                <cc:validate-exp id="ValidateExp"><cc:expression failure-message="SSN is blank for current worker order">props['p.this.ee.ssn'] != '' &amp;&amp; props['p.this.ee.ssn'] != empty</cc:expression></cc:validate-exp>
                <cc:write id="Write">
                    <cc:message>
                        <cc:text>&lt;?xml version=&quot;1.0&quot; encoding=&quot;UTF-8&quot;?>&#xD;
&lt;env:Envelope&#xD;
    xmlns:env=&quot;http://schemas.xmlsoap.org/soap/envelope/&quot;&#xD;
    xmlns:xsd=&quot;http://www.w3.org/2001/XMLSchema&quot;>&#xD;
    &lt;env:Body>&#xD;
        &lt;wd:Get_Workers_Request xmlns:wd=&quot;urn:com.workday/bsvc&quot; wd:version=&quot;v26.2&quot;>&#xD;
            &#xD;
            &lt;wd:Request_Criteria>&#xD;
             &#xD;
              &#xD;
                &lt;wd:National_ID_Criteria_Data>&#xD;
                    &lt;wd:Identifier_ID>@{props['p.this.ee.ssn']}&lt;/wd:Identifier_ID>&#xD;
                    &lt;wd:National_ID_Type_Reference>&#xD;
                        &lt;wd:ID wd:type=&quot;National_ID_Type_Code&quot;>USA-SSN&lt;/wd:ID>&#xD;
                    &lt;/wd:National_ID_Type_Reference>&#xD;
                &lt;/wd:National_ID_Criteria_Data>&#xD;
                &lt;wd:Exclude_Inactive_Workers>false&lt;/wd:Exclude_Inactive_Workers>&#xD;
                &lt;wd:Exclude_Employees>false&lt;/wd:Exclude_Employees>&#xD;
                &lt;wd:Exclude_Contingent_Workers>true&lt;/wd:Exclude_Contingent_Workers>&#xD;
            &lt;/wd:Request_Criteria>&#xD;
            &lt;wd:Response_Filter>&#xD;
                &lt;wd:Page>1&lt;/wd:Page>&#xD;
                &lt;wd:Count>10&lt;/wd:Count>&#xD;
            &lt;/wd:Response_Filter>&#xD;
            &lt;wd:Response_Group>&#xD;
                &lt;wd:Include_Personal_Information>false&lt;/wd:Include_Personal_Information>&#xD;
                &lt;wd:Include_Employment_Information>true&lt;/wd:Include_Employment_Information>&#xD;
                &lt;wd:Include_Compensation>true&lt;/wd:Include_Compensation>&#xD;
            &lt;/wd:Response_Group>&#xD;
&#xD;
        &lt;/wd:Get_Workers_Request>&#xD;
    &lt;/env:Body>&#xD;
&lt;/env:Envelope></cc:text>
                    </cc:message>
                </cc:write>
            </cc:steps>
            <cc:send-error id="SendError" routes-to="CallWriteFailedWrkr0"/>
        </cc:async-mediation>
        <cc:workday-out-rest id="WorkdayOutRest" extra-path="@{props['p.worker.status.report.extrapath'] # '?Social_Security_Number=' # props['p.this.ee.ssn']}"/>
        <cc:async-mediation id="WriteFailedWorkers" routes-to="PutErrorMessage0">
            <cc:steps>
                <cc:eval id="Eval"><cc:expression>props['p.failed'] = true</cc:expression><cc:expression>props['p.invalid.ee.count'] = props['p.invalid.ee.count'] + 1</cc:expression><cc:expression>props['p.current.error'] = context.errorMessage</cc:expression><cc:expression>props['p.workers.not.found'].append(props['p.this.ee.full.name'] + ',' + props['p.this.ee.ssn'] + ',' + props['p.this.case.id'] + ',' + '&quot;' + props['p.current.error'] + '&quot;' + '\n')</cc:expression><cc:expression>props['p.failed.order'] = true</cc:expression><cc:expression>props['p.this.worker.has.failed.orders'] = true</cc:expression><cc:expression>props['p.notif.error.line']='[Error] - Record failed:  ' + props['p.current.error']</cc:expression><cc:expression>props['p.notif.load.report']=props['p.notif.load.report'] + props['p.notif.error.line'].substring(0, java.lang.Math.min(props['p.notif.error.line'].length(), 98)) + '~~';</cc:expression></cc:eval>
            </cc:steps>
        </cc:async-mediation>
        <cc:local-out id="CallStoreErrFile" store-message="none" execute-when="props['p.invalid.ee.count'] > 0" routes-response-to="CallStoreLoadReport" endpoint="vm://WIX_INT_ADP_Garnishments_Withholding_Orders_Inbound/StoreErrFile"/>
        <cc:local-in id="StoreErrFile" routes-to="WriteErrorsToMsg"/>
        <cc:async-mediation id="WriteErrorsToMsg" routes-to="CallStoreData">
            <cc:steps>
                <cc:write id="Write">
                    <cc:message>
                        <cc:text>@{props['p.workers.not.found'].toString()}</cc:text>
                    </cc:message>
                </cc:write>
                <cc:text-excel id="TextExcel" style="text2excel"/>
            </cc:steps>
        </cc:async-mediation>
        <cc:local-out id="CallStoreData" store-message="none" endpoint="vm://WIX_INT_ADP_Garnishments_Withholding_Orders_Inbound/StoreData"><cc:set name="p.filename" value="'WorkersNotFound'"/><cc:set name="p.fileLabel" value="'ADP_Garn_NonDeliverable'"/><cc:set name="p.fileDeliverable" value="'false'"/><cc:set name="p.fileType" value="'xls'"/></cc:local-out>
        <cc:async-mediation id="EvaluateResponse">
            <cc:steps>
                <cc:validate-exp id="ValidateExp"><cc:expression failure-message="Worker not found">parts[0].xpath('/env:Envelope/env:Body/wd:Get_Workers_Response/wd:Response_Results/wd:Total_Results') >=1</cc:expression><cc:expression failure-message="More than one result returned for SSN">parts[0].xpath('/env:Envelope/env:Body/wd:Get_Workers_Response/wd:Response_Results/wd:Total_Results') &lt; 2</cc:expression></cc:validate-exp>
                <cc:eval id="Eval"><cc:expression>props['p.this.worker.active'] = parts[0].xpathB('/env:Envelope/env:Body/wd:Get_Workers_Response/wd:Response_Data/wd:Worker/wd:Worker_Data/wd:Employment_Data/wd:Worker_Status_Data/wd:Active = 1')</cc:expression><cc:expression>props['p.this.worker.on.leave'] = false  //parts[0].xpathB('wd:Report_Data/wd:Report_Entry/wd:Worker/wd:WOR-On_Leave = 1')</cc:expression><cc:expression>props['p.this.worker.terminated'] = parts[0].xpathB('/env:Envelope/env:Body/wd:Get_Workers_Response/wd:Response_Data/wd:Worker/wd:Worker_Data/wd:Employment_Data/wd:Worker_Status_Data/wd:Terminated = 1')</cc:expression><cc:expression>props['p.this.worker.hire.date'] = parts[0].xpath('/env:Envelope/env:Body/wd:Get_Workers_Response/wd:Response_Data/wd:Worker/wd:Worker_Data/wd:Employment_Data/wd:Worker_Status_Data/wd:Hire_Date')</cc:expression><cc:expression>props['p.this.worker.termination.date'] = parts[0].xpath('/env:Envelope/env:Body/wd:Get_Workers_Response/wd:Response_Data/wd:Worker/wd:Worker_Data/wd:Employment_Data/wd:Worker_Status_Data/wd:Termination_Date')</cc:expression><cc:expression>props['p.this.worker.termination.date.formatted'] = props['p.this.worker.termination.date'] != empty ? props['p.this.worker.termination.date'].substring(0,10) : empty</cc:expression><cc:expression>//props['p.multiple.workers.found'] = parts[0].xpath('count(wd:Report_Data/wd:Report_Entry)') > 1 ? true : false</cc:expression><cc:expression>props['p.this.worker.eeid'] = parts[0].xpath('/env:Envelope/env:Body/wd:Get_Workers_Response/wd:Response_Data/wd:Worker/wd:Worker_Data/wd:Worker_ID')</cc:expression><cc:expression>//props['p.this.worker.valid.boolean'] = props['p.this.worker.active'] == true &amp;&amp; props['p.this.worker.terminated'] == false &amp;&amp; ( props['p.this.worker.termination.date.formatted'] == empty || props['p.this.worker.termination.date.formatted'] > props['p.current.date.formatted'] ) ? true : false</cc:expression><cc:expression>props['p.this.worker.annual.pay'] = parts[0].xpath('/env:Envelope/env:Body/wd:Get_Workers_Response/wd:Response_Data/wd:Worker/wd:Worker_Data/wd:Compensation_Data/wd:Employee_Compensation_Summary_Data/wd:Annualized_in_Reporting_Currency_Summary_Data/wd:Total_Salary_and_Allowances')</cc:expression><cc:expression>props['p.this.worker.valid.boolean'] = props['p.this.worker.active'] == true &amp;&amp; props['p.this.worker.terminated'] == false ? true : false;</cc:expression></cc:eval>
                <cc:validate-exp id="ValidateExp0"><cc:expression failure-message="Worker found but validation failed, please make sure ee is active and a valid." replace-message="true">props['p.this.worker.valid.boolean']</cc:expression></cc:validate-exp>
            </cc:steps>
            <cc:send-error id="SendError" routes-to="SetProps"/>
        </cc:async-mediation>
        <cc:local-in id="ValidateDeductionRecipient" routes-to="Route0"/>
        <cc:async-mediation id="WriteWorkerLine" routes-to="Aggregator">
            <cc:steps>
                <cc:eval id="Eval"><cc:expression>props['p.valid.ee.count'] = props['p.valid.ee.count'] + 1</cc:expression><cc:expression>props['p.parsed.valid.ee.count'] = new java.text.DecimalFormat(&quot;0000000000&quot;).parse(props['p.valid.ee.count']);</cc:expression><cc:expression>props['p.valid.ee.count.formatted'] = new java.text.DecimalFormat(&quot;0000000000&quot;).format(props['p.parsed.valid.ee.count']);</cc:expression><cc:expression>props['p.this.worker.append.data'] = vars['v.this.worker.append.data'].text</cc:expression><cc:expression>props['p.failed'] = false</cc:expression></cc:eval>
                <cc:xslt id="Xslt" input="variable" input-variable="v.this.worker.successful.orders" url="WIX_XFORM_Transform_Final_Line.xsl"/>
            </cc:steps>
            <cc:send-error id="SendError" routes-to="CallLocalErr123410"/>
        </cc:async-mediation>
        <cc:aggregator id="Aggregator" collate-when="props['p.batch'] == false" force-batch-when="props['p.batch'] == true">
            <cc:size-batch-strategy batch-size="-1"/>
            <cc:message-content-collater>
        <cc:header-text>@{//props['p.lein.out.file.header.text'] # '\n'}</cc:header-text>
        <cc:footer-text>@{//'\nF' # props['p.valid.ee.count.formatted']}</cc:footer-text>
      </cc:message-content-collater>
        </cc:aggregator>
        <cc:local-out id="CallBatchLienFile" store-message="none" routes-response-to="CallStoreLienFile" endpoint="vm://WIX_INT_ADP_Garnishments_Withholding_Orders_Inbound/BatchLienFile"><cc:set name="p.batch" value="true"/></cc:local-out>
        <cc:local-in id="BatchLienFile" routes-to="Aggregator"/>
        <cc:local-out id="CallStoreLienFile" store-message="none" routes-response-to="CallStoreErrFile" endpoint="vm://WIX_INT_ADP_Garnishments_Withholding_Orders_Inbound/StoreData"><cc:set name="p.filename" value="lp.getSequencedValue('WIX_RespSeqGen')"/><cc:set name="p.fileLabel" value="'ADP_Garn_Deliverable'"/><cc:set name="p.fileDeliverable" value="'true'"/><cc:set name="p.fileType" value="'ntf'"/></cc:local-out>
        <cc:local-out id="CallProcessRecords" store-message="none" routes-response-to="CallBatchLienFile" endpoint="vm://WIX_INT_ADP_Garnishments_Withholding_Orders_Inbound/ProcessRecords"/>
        <cc:local-in id="ProcessRecords" routes-to="Splitter"/>
        <cc:workday-out-soap id="Get_Payroll_Deduction_Recipients" application="Payroll" version="v26.2"/>
        <cc:local-out id="CallWriteFailedWrkr0" store-message="none" routes-response-to="CopyToFailed1" endpoint="vm://WIX_INT_ADP_Garnishments_Withholding_Orders_Inbound/WriteFailedWrkr"><cc:set name="p.err" value="context.errorMessage"/></cc:local-out>
        <cc:local-in id="WriteFailedWrkr" routes-to="WriteFailedWorkers"/>
        <cc:local-in id="CreateIWO" routes-to="CallGetNewIWOSeq"/>
        <cc:workday-out-soap id="WorkdayOutSoap0" routes-response-to="EvalPutDedRecipResponse" application="Payroll" version="v26.2"/>
        <cc:workday-out-soap id="Put_IWO" routes-response-to="LogAndCount" application="Payroll" version="v26.2"/>
        <cc:local-in id="GetIWOs" routes-to="GetIWOsRequestXform"/>
        <cc:workday-out-soap id="Get_Payroll_Involuntary_Withholding_Orders" routes-response-to="CopyIWOsAndProps" application="Payroll" version="v26.2"/>
        <cc:local-out id="CallLocalErr1200000" store-message="none" endpoint="vm://WIX_INT_ADP_Garnishments_Withholding_Orders_Inbound/Log-Error">
            <cc:set name="log.severity" value="'WARNING'"/>
            <cc:set name="log.summary" value="'Problem getting IWO from Workday. EmployeeID: ' + props['p.this.worker.eeid']"/>
        <cc:set name="p.failed" value="true"/></cc:local-out>
        <cc:async-mediation id="GetIWOsRequestXform" routes-to="Get_Payroll_Involuntary_Withholding_Orders" handle-downstream-errors="true">
            <cc:steps>
                <cc:write id="Write">
                    <cc:message>
                        <cc:text>    &lt;wd:Get_Payroll_Involuntary_Withholding_Orders_Request xmlns:wd=&quot;urn:com.workday/bsvc&quot; wd:version=&quot;v26.2&quot;>

     &lt;wd:Request_Criteria>
        		&lt;wd:Worker_Reference>
            		&lt;wd:ID wd:type=&quot;Employee_ID&quot;>@{props['p.this.worker.eeid']}&lt;/wd:ID>
        		&lt;/wd:Worker_Reference>
		&lt;/wd:Request_Criteria>

        &lt;wd:Response_Filter>
            &lt;wd:As_Of_Effective_Date>@{props['p.current.date.formatted']}&lt;/wd:As_Of_Effective_Date>
            &lt;wd:As_Of_Entry_DateTime/>
            &lt;wd:Page>1&lt;/wd:Page>
            &lt;wd:Count>99&lt;/wd:Count>
        &lt;/wd:Response_Filter>
        &lt;wd:Response_Group>
            &lt;wd:Include_Reference>1&lt;/wd:Include_Reference>
        &lt;/wd:Response_Group>
    &lt;/wd:Get_Payroll_Involuntary_Withholding_Orders_Request></cc:text>
                    </cc:message>
                </cc:write>
                <cc:wrap-soap id="WrapSoap"/></cc:steps>
            <cc:send-error id="SendError" routes-to="CallLocalErr1200000"/>
        </cc:async-mediation>
        <cc:async-mediation id="CalcNewLienNumber">
            <cc:steps>
                <cc:xslt id="TransformLiensNew" input="variable" input-variable="v.this.worker.existing.wos" url="WIX_XFORM_LiensNew.xsl"/>
                <cc:eval id="Eval"><cc:expression>props['p.this.ee.highest.lien.number'] = parts[0].xpath('/root/IWO[@position = 1]/lien_number')</cc:expression><cc:expression>if(props['p.this.ee.highest.lien.number'] == empty) {&#xD;
	props['p.this.new.lien.number'] = 1;&#xD;
}&#xD;
else {&#xD;
	props['p.this.new.lien.number'] = props['p.this.ee.highest.lien.number'] + 1;&#xD;
};</cc:expression></cc:eval>
                <cc:xslt id="InsertNewLien" output="variable" output-variable="v.this.grouped.order" input="variable" input-variable="v.this.grouped.order" url="WIX_XFORM_Insert_New_Lien_Number.xsl"/>
            </cc:steps>
            <cc:send-error id="SendError" routes-to="CallLocalErr123400"/>
        </cc:async-mediation>
        <cc:async-mediation id="CopyIWOsAndProps">
            <cc:steps>
                <cc:eval id="Eval"><cc:expression>props['p.this.ee.number.of.current.orders'] = parts[0].xpath('/env:Envelope/env:Body/wd:Get_Payroll_Involuntary_Withholding_Orders_Response/wd:Response_Results/wd:Total_Results')</cc:expression></cc:eval>
                <cc:copy id="Copy" output="variable" output-variable="v.this.worker.existing.wos"/>
            </cc:steps>
        </cc:async-mediation>
        <cc:route id="Route">
            <cc:mvel-strategy>
                <cc:choose-route expression="props['p.new.order'] == true" route="NewOrder"/>
                <cc:choose-route expression="props['p.new.order'] == false" route="UpateExisting"/>
                <cc:choose-route expression="true" route="Failover"/>
            </cc:mvel-strategy>
            <cc:sub-route name="NewOrder" routes-to="CalcNewLienNumber"/>
            <cc:sub-route name="UpateExisting" routes-to="MatchExistingLienNumber"/>
            <cc:sub-route name="Failover" routes-to="CallLocalErr1234"/>
        </cc:route>
        <cc:local-out id="CallLocalErr1234" store-message="none" endpoint="vm://WIX_INT_ADP_Garnishments_Withholding_Orders_Inbound/Log-Error">
            <cc:set name="log.severity" value="'WARNING'"/>
            <cc:set name="log.summary" value="'Problem calculating Lien number for ee: ' + props['p.this.worker.eeid'] + '. \nPlease validate values in input file vs Workday values.'"/>
        <cc:set name="p.failed" value="true"/></cc:local-out>
        <cc:async-mediation id="MatchExistingLienNumber">
            <cc:steps>
                <cc:xslt id="Xslt" input="variable" input-variable="v.this.worker.existing.wos" url="WIX_XFORM_Transform_All_Lien_Numbers.xsl"/>
                <cc:eval id="Eval1"><cc:expression>props['p.this.ee.has.matching.lien.number'] = parts[0].xpathB('root/IWO[lien_number[ . = ' + props['p.this.original.lien.number'] + ']]')</cc:expression></cc:eval>
                <cc:log id="Log">
                    <cc:log-message>
                        <cc:text>
###Calc Lien Numbers Start###
Lien Num From File: @{props['p.this.original.lien.number']}
Has matching lien number?: @{props['p.this.ee.has.matching.lien.number']}</cc:text>
                        <cc:message-content/>
                        <cc:text>
###Calc Lien Numbers End###
</cc:text>
                    </cc:log-message>
                </cc:log>
                <cc:validate-exp id="ValidateExp"><cc:expression failure-message="No matching lien number found for employee." replace-message="true">props['p.this.ee.has.matching.lien.number'] == true</cc:expression></cc:validate-exp>
                <cc:eval id="Eval"><cc:expression>props['p.this.order.ref.id'] = parts[0].xpath('root/IWO[lien_number[ . = ' + props['p.this.original.lien.number'] + ']]/ref_id')</cc:expression><cc:expression>props['p.this.new.lien.number'] = props['p.this.original.lien.number']</cc:expression><cc:expression>props['p.this.order.case.ref.id'] = parts[0].xpath('root/IWO[lien_number[ . = ' + props['p.this.original.lien.number'] + ']]/case_ref_id')</cc:expression><cc:expression>//this date will help determine if a support order should be amended or edited.  Same date as original means Edit</cc:expression><cc:expression>props['p.this.order.orig.begin.date'] = parts[0].xpath('root/IWO[lien_number[ . = ' + props['p.this.original.lien.number'] + ']]/begin_date')</cc:expression><cc:expression>props['p.this.order.orig.case.number'] = parts[0].xpath('root/IWO[lien_number[ . = ' + props['p.this.original.lien.number'] + ']]/case_number')</cc:expression><cc:expression>props['p.this.order.amend']=(props['p.new.order'] == false &amp;&amp; props['p.this.support.order'] ==true &amp;&amp; props['p.this.lien.start.date.formatted']!=props['p.this.order.orig.begin.date'])</cc:expression></cc:eval>
                <cc:log id="Log0">
                    <cc:log-message>
                        <cc:text>
### This order Ref_ID START ###
@{props['p.this.order.ref.id']}
### This order Ref_ID END ###</cc:text>
                    </cc:log-message>
                </cc:log>
            </cc:steps>
            <cc:send-error id="SendError" routes-to="CopyToFailed00"/>
        </cc:async-mediation>
        <cc:local-out id="CallLocalErr123400" store-message="none" endpoint="vm://WIX_INT_ADP_Garnishments_Withholding_Orders_Inbound/Log-Error">
            <cc:set name="log.severity" value="'WARNING'"/>
            <cc:set name="log.summary" value="'Problem calculating new lien number for ee: ' + props['p.this.worker.eeid'] + '.\nError Message: ' + context.errorMessage"/>
        <cc:set name="p.failed" value="true"/></cc:local-out>
        <cc:local-in id="AggregateWorker" routes-to="WriteWorkerLine"/>
        <cc:local-out id="CallAggregateWorker" store-message="none" execute-when="props['p.worker.failed'] == false" routes-response-to="CallAggregateFailedWorker" endpoint="vm://WIX_INT_ADP_Garnishments_Withholding_Orders_Inbound/AggregateWorker"/>
        <cc:async-mediation id="PreSortWorkerOrders">
            <cc:steps>
                <cc:eval id="Eval"><cc:expression>//vars['v.clean.input.file'] = parts[0].text.replace(&quot;'&quot;,&quot;^&quot;)</cc:expression><cc:expression>props['p.header.string'] = parts[0].text.toString();</cc:expression><cc:expression>props['p.header'] = props['p.header.string'].substring(0, props['p.header.string'].indexOf(&quot;\n&quot;));</cc:expression></cc:eval>
                <cc:csv-to-xml id="CsvToXml0" output-mimetype="text/xml" input="message" colNames="Site_ID|EE_Last_Name|EE_First_Name|EE_Middle_Initial|SSN_no_dashes|SSN_dashes|Lien_Type|Lien_Sub_Type|Case_ID|Court_Order_State|Lien_Number|Lien_Status|Lien_Start_Date|Lien_End_Date|Goal_Amount|Deducted_Amount|Deduction_Amount_Frequency|Deducted_PCT|Monthly_Limit|Deduction_Calc|Garnishment_Rule|Garnishment_Support_Type|Agency_Fee_AMT|Agency_Fee_PCT|FIPS_Code|Payee_Code|Short_User_Name|Payee_Name_1|Payee_Name_2|Payee_Address_Line_1|Payee_Address_Line_2|Payee_City|Payee_State|Payee_Zip_Code|Check_Payable_To|Obligee_Name|Internal_Field_Format|Payee_Contact_Phone|Exempt_Amount|Frequency|DepEx_Count|Memorandum_Line_1|Memorandum_Line_2|Payment_Schedule|Accruing_Amount|Accruing_Period|Employer_Fee_AMT|Employer_Fee_PCT|Court_Name|Letter_Info|Priority_NA|Pro_Ration_|Pro_Ration_|Notification_Indicator|Interrogatory_Indicator|Internal_Doc_ID|Final_Answer_Bankruptcy_Indicator|Address_Type|Reserved_for_future_use|Reserved_for_future_use" format="rfc4180" rootName="root" rowName="wo_order" separator="|"/>
                <cc:xslt id="Xslt" url="WIX_XFORM_File_PreProcess.xsl"/>
            </cc:steps>
            <cc:send-error id="SendError" routes-to="CallLocalErr13"/>
        </cc:async-mediation>
        <cc:local-out id="CallFilePreProcess" store-message="none" routes-response-to="CallProcessRecords" endpoint="vm://WIX_INT_ADP_Garnishments_Withholding_Orders_Inbound/FilePreProcess"/>
        <cc:local-in id="FilePreProcess" routes-to="PreSortWorkerOrders"/>
        <cc:local-out id="CallLocalErr13" store-message="none" endpoint="vm://WIX_INT_ADP_Garnishments_Withholding_Orders_Inbound/Log-Error">
            <cc:set name="log.severity" value="'CRITICAL'"/>
            <cc:set name="log.summary" value="'Error on XML preProcess step. Error Message: ' + context.errorMessage"/>
        </cc:local-out>
        <cc:local-in id="RouteOrders" routes-to="HasOrder"/>
        <cc:async-mediation id="HasOrder" routes-to="SplitOrders">
            <cc:steps>
                <cc:copy id="Copy" input="variable" input-variable="v.this.worker.record.xml"/>
                <cc:validate-exp id="ValidateExp"><cc:expression>parts[0].xpathB('/worker/order')</cc:expression></cc:validate-exp>
            </cc:steps>
            <cc:send-error id="SendError" routes-to="DoNothing"/>
        </cc:async-mediation>
        <cc:local-out id="CallRouteOrders" store-message="none" execute-when="props['p.worker.failed'] == false" routes-response-to="CallGetAppendData" endpoint="vm://WIX_INT_ADP_Garnishments_Withholding_Orders_Inbound/RouteOrders"/>
        <cc:local-out id="CallValidateDeductionRecipient0" store-message="none" routes-response-to="CallGetIWOs0" endpoint="vm://WIX_INT_ADP_Garnishments_Withholding_Orders_Inbound/ValidateDeductionRecipient"/>
        <cc:local-in id="CalcLienNumber" routes-to="Route"/>
        <cc:local-out id="CallGetIWOs0" store-message="none" execute-when="props['p.failed.order'] == false" routes-response-to="CallCalcLienNumber0" endpoint="vm://WIX_INT_ADP_Garnishments_Withholding_Orders_Inbound/GetIWOs"/>
        <cc:local-out id="CallCalcLienNumber0" store-message="none" execute-when="props['p.failed.order'] == false" routes-response-to="CallCreateIWO_10" endpoint="vm://WIX_INT_ADP_Garnishments_Withholding_Orders_Inbound/CalcLienNumber"/>
        <cc:local-out id="CallCreateIWO_10" store-message="none" execute-when="props['p.failed.order'] == false" routes-response-to="AsyncMediation5" endpoint="vm://WIX_INT_ADP_Garnishments_Withholding_Orders_Inbound/CreateIWO"/>
        <cc:async-mediation id="DoNothing" routes-to="CallLocalErr121">
            <cc:steps>
                <cc:eval id="Eval"><cc:expression>props['p.failed'] = true</cc:expression></cc:eval>
                <cc:log id="Log">
                    <cc:log-message>
                        <cc:text>
## EE has no orders after file preProcess
</cc:text>
                    </cc:log-message>
                </cc:log>
            </cc:steps>
        </cc:async-mediation>
        <cc:splitter id="SplitOrders">
            <cc:sub-route name="SubRoute" routes-to="RegOrderProps"/>
            <cc:xml-stream-splitter xpath="worker/order/line"/>
        </cc:splitter>
        <cc:async-mediation id="RegOrderProps" routes-to="CheckLienType">
            <cc:steps>
                <cc:eval id="Clear"><cc:expression>props['p.this.recipient.id'] = empty</cc:expression><cc:expression>props['p.this.deduction.recipient.name1'] = empty</cc:expression><cc:expression>props['p.this.deduction.recipient.name2'] = empty</cc:expression><cc:expression>props['p.this.deduction.recipient.address.line1'] = empty</cc:expression><cc:expression>props['p.this.deduction.recipient.address.line2'] = empty</cc:expression><cc:expression>props['p.this.deduction.recipient.address.city'] = empty</cc:expression><cc:expression>props['p.this.deduction.recipient.address.state'] = empty</cc:expression><cc:expression>props['p.this.deduction.recipient.address.zip'] = empty</cc:expression><cc:expression>props['p.this.deduction.recipient.full.name'] = empty</cc:expression><cc:expression>props['p.this.case.id'] = empty</cc:expression><cc:expression>props['p.this.original.lien.number'] = empty</cc:expression><cc:expression>props['p.this.order.state'] = empty</cc:expression><cc:expression>props['p.start.input.date'] = empty</cc:expression><cc:expression>props['p.this.lien.start.date.formatted'] = empty</cc:expression><cc:expression>props['p.end.input.date'] = empty</cc:expression><cc:expression>props['p.this.lien.end.date.formatted'] = empty</cc:expression><cc:expression>props['p.this.order.interrogatory'] = empty</cc:expression><cc:expression>props['p.this.recipient.id.formatted'] = empty</cc:expression><cc:expression>props['p.this.recipient.id.parsed'] = empty</cc:expression><cc:expression>props['p.this.deduction.recipient.ref.id'] = empty</cc:expression><cc:expression>props['p.this.order.lien.number.raw'] = empty</cc:expression><cc:expression>props['p.this.new.lien.number'] = empty</cc:expression><cc:expression>props['p.this.order.payee.name.raw'] = empty</cc:expression><cc:expression>props['p.this.order.payee.state.raw'] = empty</cc:expression><cc:expression>props['p.this.recipient.id'] = empty</cc:expression><cc:expression>props['p.this.order.start.date.raw'] = empty</cc:expression><cc:expression>props['p.current.error'] = empty</cc:expression><cc:expression>props['p.this.payee.key'] = empty</cc:expression><cc:expression>props['p.failed'] = false</cc:expression><cc:expression>props['p.failed.order'] = false</cc:expression><cc:expression>props['p.this.lien.type'] = empty</cc:expression><cc:expression>props['p.this.lien.subtype'] = empty</cc:expression></cc:eval>
                <cc:copy id="Copy" output="variable" output-variable="v.this.grouped.order"/>
                <cc:eval id="Eval0"><cc:expression>props['p.this.recipient.id'] = parts[0].xpath('/line/Payee_Code')</cc:expression><cc:expression>props['p.this.deduction.recipient.name1'] = parts[0].xpath('/line/Payee_Name_1')</cc:expression><cc:expression>props['p.this.deduction.recipient.name2'] = parts[0].xpath('/line/Payee_Name_2')</cc:expression><cc:expression>props['p.this.deduction.recipient.address.line1'] = parts[0].xpath('/line/Payee_Address_Line_1')</cc:expression><cc:expression>props['p.this.deduction.recipient.address.line2'] = parts[0].xpath('/line/Payee_Address_Line_2')</cc:expression><cc:expression>props['p.this.deduction.recipient.address.city'] = parts[0].xpath('/line/Payee_City')</cc:expression><cc:expression>props['p.this.deduction.recipient.address.state'] = parts[0].xpath('/line/Payee_State')</cc:expression><cc:expression>props['p.this.deduction.recipient.address.zip'] = parts[0].xpath('/line/Payee_Zip_Code')</cc:expression><cc:expression>if( props['p.this.deduction.recipient.name2'] != '' ) {
	props['p.this.deduction.recipient.full.name'] = props['p.this.deduction.recipient.name1'] # ' ' # props['p.this.deduction.recipient.name2'];
} 
else {
	props['p.this.deduction.recipient.full.name'] = props['p.this.deduction.recipient.name1'];
};</cc:expression><cc:expression>props['p.this.case.id'] = parts[0].xpath('/line/Case_ID')</cc:expression><cc:expression>props['p.this.original.lien.number'] = parts[0].xpath('/line/Lien_Number')</cc:expression><cc:expression>props['p.this.order.state'] = parts[0].xpath('/line/Court_Order_State')</cc:expression><cc:expression>props['p.start.input.date'] = parts[0].xpath('/line/Lien_Start_Date');</cc:expression><cc:expression>if (props['p.start.input.date'] != '') {
	props['p.start.parsed.date'] = new java.text.SimpleDateFormat(&quot;MM/dd/yyyy&quot;).parse(props['p.start.input.date']);
	props['p.this.lien.start.date.formatted'] = new java.text.SimpleDateFormat(&quot;yyyy-MM-dd&quot;).format(props['p.start.parsed.date']);
}
else {
	props['p.this.lien.start.date.formatted'] = '';
}</cc:expression><cc:expression>props['p.end.input.date'] = parts[0].xpath('/line/Lien_End_Date');</cc:expression><cc:expression>if (props['p.end.input.date'] != '') {
	props['p.end.parsed.date'] = new java.text.SimpleDateFormat(&quot;MM/dd/yyyy&quot;).parse(props['p.end.input.date']);
	props['p.this.lien.end.date.formatted'] = new java.text.SimpleDateFormat(&quot;yyyy-MM-dd&quot;).format(props['p.end.parsed.date']);
}
else {
	props['p.this.lien.end.date.formatted'] = '';
}</cc:expression><cc:expression>props['p.this.order.interrogatory'] = parts[0].xpathB(&quot;/line/Interrogatory_Indicator[. = 'I']&quot;)</cc:expression><cc:expression>props['p.this.payee.key'] = props['p.this.deduction.recipient.full.name'] # props['p.this.deduction.recipient.address.zip']</cc:expression><cc:expression>props['p.this.lien.type'] = parts[0].xpath('/line/Lien_Type')</cc:expression><cc:expression>props['p.this.lien.subtype'] = parts[0].xpath('/line/Lien_Sub_Type')</cc:expression></cc:eval>
            </cc:steps>
            <cc:send-error id="SendError" routes-to="CallLocalErr1210"/>
        </cc:async-mediation>
        <cc:route id="Route3">
            <cc:mvel-strategy>
                <cc:choose-route expression="props['p.this.order.interrogatory']" route="Interrogatory"/>
                <cc:choose-route expression="props['p.this.original.lien.number'] == ''" route="NewOrder"/>
                <cc:choose-route expression="true" route="UpdateExistingOrder"/>
            </cc:mvel-strategy>
            <cc:sub-route name="NewOrder" routes-to="SetNewProps"/>
            <cc:sub-route name="UpdateExistingOrder" routes-to="SetUpdateProps_OLD"/>
            <cc:sub-route name="Interrogatory" routes-to="CallWriteInterrogToLoadReport"/>
        </cc:route>
        <cc:async-mediation id="SetNewProps" routes-to="CallValidateDeductionRecipient0">
            <cc:steps>
                <cc:eval id="Eval"><cc:expression>if ( props['p.this.recipient.id'] != '' ) {
	props['p.this.recipient.has.id'] = true;
	props['p.this.recipient.id.parsed'] = new java.text.DecimalFormat(&quot;#####&quot;).parse(props['p.this.recipient.id']);
	props['p.this.recipient.id.formatted'] = new java.text.DecimalFormat(&quot;#####&quot;).format(props['p.this.recipient.id.parsed']);&#xD;
	props['p.this.recipient.id.formatted'] = props['p.this.recipient.id.formatted'].toString().replaceAll('^0+', '');
} else {
	props['p.this.recipient.has.id'] = false;
};</cc:expression><cc:expression>props['p.new.order'] = true</cc:expression></cc:eval>
            </cc:steps>
        </cc:async-mediation>
        <cc:async-mediation id="SetUpdateProps_OLD" routes-to="CallValidateDeductionRecipient0">
            <cc:steps>
                <cc:eval id="Eval"><cc:expression>if ( props['p.this.recipient.id'] != '' ) {
	props['p.this.recipient.has.id'] = true;
	props['p.this.recipient.id.parsed'] = new java.text.DecimalFormat(&quot;00000&quot;).parse(props['p.this.recipient.id']);
	props['p.this.recipient.id.formatted'] = new java.text.DecimalFormat(&quot;00000&quot;).format(props['p.this.recipient.id.parsed']);
} else {
	props['p.this.recipient.has.id'] = false;
};</cc:expression><cc:expression>props['p.new.order'] = false</cc:expression></cc:eval>
            </cc:steps>
        </cc:async-mediation>
        <cc:local-out id="CallGetAppendData" store-message="none" execute-when="props['p.worker.failed'] == false" routes-response-to="CallAggregateWorker" endpoint="vm://WIX_INT_ADP_Garnishments_Withholding_Orders_Inbound/GetAppendData"/>
        <cc:local-in id="GetAppendData" routes-to="ReportProps"/>
        <cc:workday-out-rest id="WorkdayOutRest0" routes-response-to="ValidateAndXform" extra-path="@{props['p.worker.append.report.extrapath.with.eeid']}"/>
        <cc:async-mediation id="AsyncMediation5" execute-steps-when="props['p.failed.order'] == false">
            <cc:steps>
                <cc:copy id="Copy0" output="variable" output-variable="v.this.worker.successful.orders" input="variable" input-variable="v.this.grouped.order" append-to-output-element="true" output-xpath="successful_orders"/>
            </cc:steps>
        </cc:async-mediation>
        <cc:route id="Route0">
            <cc:mvel-strategy>
                <cc:choose-route expression="props['p.this.recipient.has.id']" route="ExistingDR"/>
                <cc:choose-route expression="true" route="NewDR"/>
            </cc:mvel-strategy>
            <cc:sub-route name="ExistingDR" routes-to="WriteGetDedRecip"/>
            <cc:sub-route name="NewDR" routes-to="PayeeLogicRoute"/>
        </cc:route>
        <cc:local-out id="CallLocalErr123401" store-message="none" endpoint="vm://WIX_INT_ADP_Garnishments_Withholding_Orders_Inbound/Log-Error">
            <cc:set name="log.severity" value="'WARNING'"/>
            <cc:set name="log.summary" value="'Problem creating deduction recipient for EE: ' + props['p.this.worker.eeid'] + '.\nError message: ' + context.errorMessage"/>
        <cc:set name="p.failed" value="true"/></cc:local-out>
        <cc:local-out id="CallLocalErr123402" store-message="none" endpoint="vm://WIX_INT_ADP_Garnishments_Withholding_Orders_Inbound/Log-Error">
            <cc:set name="log.severity" value="'WARNING'"/>
            <cc:set name="log.summary" value="'Problem validating deduction recipient for EE: ' + props['p.this.worker.eeid'] + '.\nError message: ' + context.errorMessage"/>
        <cc:set name="p.failed" value="true"/></cc:local-out>
        <cc:async-mediation id="Transform_IWO" routes-to="Put_IWO" handle-downstream-errors="true">
            <cc:steps>
                <cc:xslt id="Xslt" input="variable" input-variable="v.this.grouped.order" url="WIX_XFORM_PUT_IWO_REQUEST.xsl"/>
                <cc:wrap-soap id="WrapSoap"/>
            </cc:steps>
            <cc:send-error id="SendError" routes-to="CopyToFailed"/>
        </cc:async-mediation>
        <cc:async-mediation id="LogAndCount" routes-to="CallWriteToLoadReport1">
            <cc:steps>
                <cc:log id="Log">
                    <cc:log-message>
                        <cc:text>
####
Successful IWO Submission for worker: @{props['p.this.worker.eeid']}
####
</cc:text>
                    </cc:log-message>
                </cc:log>
                <cc:eval id="Eval"><cc:expression>props['p.valid.ee.count'] = props['p.valid.ee.count'] + 1</cc:expression><cc:expression>props['p.current.succes.line'] = '[Success] - Record Inserted, Employee ID ' + props['p.this.worker.eeid'] </cc:expression><cc:expression>props['p.notif.load.report']=props['p.notif.load.report'] + props['p.current.succes.line'].substring(0, java.lang.Math.min(props['p.current.succes.line'].length(), 98)) + '~~';</cc:expression></cc:eval></cc:steps>
        </cc:async-mediation>
        <cc:async-mediation id="WriteGetDedRecip" routes-to="Get_Payroll_Deduction_Recipients" handle-downstream-errors="true">
            <cc:steps>
                <cc:write id="Write">
                    <cc:message>
                        <cc:text>&lt;wd:Get_Payroll_Deduction_Recipients_Request xmlns:wd=&quot;urn:com.workday/bsvc&quot; wd:version=&quot;v26.2&quot;>
&lt;wd:Request_References>
    &lt;wd:Payroll_Deduction_Recipient_Reference>
      &lt;wd:ID wd:type=&quot;Deduction_Recipient_ID&quot;>@{props['p.this.recipient.id.formatted'].toString().replaceAll('^0+', '')}&lt;/wd:ID>
    &lt;/wd:Payroll_Deduction_Recipient_Reference>
  &lt;/wd:Request_References>
  &lt;wd:Response_Filter>
    &lt;wd:As_Of_Effective_Date>@{props['p.current.date.formatted']}&lt;/wd:As_Of_Effective_Date>
    &lt;wd:Page>1&lt;/wd:Page>
    &lt;wd:Count>99&lt;/wd:Count>
  &lt;/wd:Response_Filter>
  &lt;wd:Response_Group>
    &lt;wd:Include_Reference>0&lt;/wd:Include_Reference>
  &lt;/wd:Response_Group>
&lt;/wd:Get_Payroll_Deduction_Recipients_Request></cc:text>
                    </cc:message>
                </cc:write>
                <cc:wrap-soap id="WrapSoap"/></cc:steps>
            <cc:send-error id="SendError" routes-to="CallLocalErr123402"/>
        </cc:async-mediation>
        <cc:async-mediation id="TransDedRecip" routes-to="WorkdayOutSoap0" handle-downstream-errors="true">
            <cc:steps>
                <cc:xslt id="Xslt" url="WIX_XFORM_Put_Deduction_Recipient_Transformation.xsl"/>
                <cc:wrap-soap id="WrapSoap"/></cc:steps>
            <cc:send-error id="SendError" routes-to="CallLocalErr123401"/>
        </cc:async-mediation>
        <cc:async-mediation id="EvalPutDedRecipResponse" routes-to="ReplacePayeeCode">
            <cc:steps>
                <cc:eval id="Eval"><cc:expression>props['p.this.deduction.recipient.ref.id'] = parts[0].xpath('/env:Envelope/env:Body/wd:Put_Payroll_Deduction_Recipient_Response/wd:Payroll_Deduction_Recipient_Reference/wd:ID[@wd:type=&quot;Deduction_Recipient_ID&quot;]')</cc:expression><cc:expression>props['p.this.recipient.id.parsed'] = props['p.this.deduction.recipient.ref.id']</cc:expression><cc:expression>props['p.this.recipient.id.formatted'] = props['p.this.deduction.recipient.ref.id']  //for consistency</cc:expression><cc:expression>props['p.payee.hash.map'].put(props['p.this.payee.key'], props['p.this.recipient.id.formatted'])</cc:expression></cc:eval></cc:steps>
            <cc:send-error id="SendError" routes-to="CallLocalErr1234010"/>
        </cc:async-mediation>
        <cc:async-mediation id="ReportProps" routes-to="WorkdayOutRest0" handle-downstream-errors="true">
            <cc:steps>
                <cc:eval id="Eval"><cc:expression>props['p.worker.append.report.extrapath.with.eeid'] = props['p.worker.append.report.extrapath'] # '?Worker!Employee_ID=' # props['p.this.worker.eeid']</cc:expression></cc:eval></cc:steps>
            <cc:send-error id="SendError" routes-to="CallLocalErr12342"/>
        </cc:async-mediation>
        <cc:async-mediation id="ValidateAndXform">
            <cc:steps>
                <cc:validate-exp id="ValidateExp"><cc:expression failure-message="No data returned for append data report" replace-message="true">parts[0].xpathB('/wd:Report_Data/wd:Report_Entry')</cc:expression></cc:validate-exp>
                <cc:xslt id="Xslt" output="variable" output-variable="v.this.worker.append.data" url="WIX_XFORM_Transform_Append_Data.xsl"/>
            </cc:steps>
            <cc:send-error id="SendError" routes-to="CallLocalErr123420"/>
        </cc:async-mediation>
        <cc:local-out id="CallWriteFailedWrkr00" store-message="none" endpoint="vm://WIX_INT_ADP_Garnishments_Withholding_Orders_Inbound/WriteFailedWrkr">
            <cc:set name="p.failed" value="true"/>
        </cc:local-out>
        <cc:local-out id="CallLocalErr120" store-message="none" endpoint="vm://WIX_INT_ADP_Garnishments_Withholding_Orders_Inbound/Log-Error">
            <cc:set name="log.severity" value="'WARNING'"/>
            <cc:set name="log.summary" value="'Local Error. Error Message: ' + context.errorMessage"/>
            
        </cc:local-out>
        <cc:async-mediation id="CopyToFailed1">
            <cc:steps>
                <cc:copy id="Copy" output="variable" output-variable="v.this.worker.failed.records" input="variable" input-variable="v.this.worker.record.xml" append-to-output-element="true" output-xpath="failed_orders"/>
                <cc:eval id="Eval"><cc:expression>props['p.worker.failed'] = true</cc:expression></cc:eval>
            </cc:steps>
        </cc:async-mediation>
        <cc:local-in id="AggregateFailedWorker" routes-to="WriteFailedWorker"/>
        <cc:async-mediation id="WriteFailedWorker" routes-to="Aggregator">
            <cc:steps>
                <cc:eval id="Eval"><cc:expression>props['p.failed'] = true</cc:expression></cc:eval>
                <cc:xslt id="Xslt" input="variable" input-variable="v.this.worker.failed.records" url="WIX_XFORM_Transform_Failed_Lines.xsl"/>
            </cc:steps>
            <cc:send-error id="SendError" routes-to="CallLocalErr123411"/>
        </cc:async-mediation>
        <cc:async-mediation id="ClearProps" routes-to="CopyTextToVar">
            <cc:steps>
                <cc:eval id="Eval0"><cc:expression>props['p.this.ee.ssn'] = empty</cc:expression><cc:expression>props['p.this.ee.first.name'] = empty</cc:expression><cc:expression>props['p.this.ee.last.name'] = empty</cc:expression><cc:expression>props['p.this.ee.full.name'] = empty</cc:expression><cc:expression>props['p.worker.status.report.extrapath.with.ssn'] = empty</cc:expression><cc:expression>props['p.notif.load.report']=empty</cc:expression></cc:eval>
                <cc:eval id="Eval1"><cc:expression>props['p.this.worker.active'] = empty</cc:expression><cc:expression>props['p.this.worker.on.leave'] = empty</cc:expression><cc:expression>props['p.this.worker.terminated'] = empty</cc:expression><cc:expression>props['p.this.worker.hire.date'] = empty</cc:expression><cc:expression>props['p.this.worker.termination.date'] = empty</cc:expression><cc:expression>props['p.this.worker.termination.date.formatted'] = empty</cc:expression><cc:expression>props['p.multiple.workers.found'] = empty</cc:expression><cc:expression>props['p.this.worker.eeid'] = empty</cc:expression><cc:expression>props['p.this.worker.valid.boolean'] = empty</cc:expression><cc:expression>props['p.this.worker.annual.pay'] = empty</cc:expression><cc:expression>props['p.this.order.interrogatory'] = empty</cc:expression><cc:expression>props['p.worker.failed'] = false</cc:expression><cc:expression>props['p.failed'] = false</cc:expression><cc:expression>props['p.this.worker.has.failed.orders'] = false</cc:expression><cc:expression>props['p.this.order.amend']  = false</cc:expression><cc:expression>props['p.this.case.id'] = empty</cc:expression></cc:eval>
            </cc:steps>
        </cc:async-mediation>
        <cc:local-out id="CallWriteFailedWrkr01" store-message="none" endpoint="vm://WIX_INT_ADP_Garnishments_Withholding_Orders_Inbound/WriteFailedWrkr"/>
        <cc:async-mediation id="ReplacePayeeCode">
            <cc:steps>
                <cc:xslt id="Xslt" output="variable" output-variable="v.this.grouped.order" input="variable" input-variable="v.this.grouped.order" url="WIX_XFORM_Replace_Payee_Code.xsl"/>
            </cc:steps>
            <cc:send-error id="SendError" routes-to="CallLocalErr1234011"/>
        </cc:async-mediation>
        <cc:local-out id="CallLocalErr1234010" store-message="none" endpoint="vm://WIX_INT_ADP_Garnishments_Withholding_Orders_Inbound/Log-Error">
            <cc:set name="log.severity" value="'WARNING'"/>
            <cc:set name="log.summary" value="'Problem evaluating create deduction recipient response for EE: ' + props['p.this.worker.eeid'] + '.\nError message: ' + context.errorMessage"/>
            <cc:set name="p.failed" value="true"/>
        </cc:local-out>
        <cc:local-out id="CallLocalErr1234011" store-message="none" endpoint="vm://WIX_INT_ADP_Garnishments_Withholding_Orders_Inbound/Log-Error">
            <cc:set name="log.severity" value="'WARNING'"/>
            <cc:set name="log.summary" value="'Problem replaceing payee_code for EE: ' + props['p.this.worker.eeid'] + '.\nError message: ' + context.errorMessage"/>
            <cc:set name="p.failed" value="true"/>
        </cc:local-out>
        <cc:async-mediation id="CopyToFailed" routes-to="CallWriteFailedWrkr01">
            <cc:steps>
                <cc:copy id="Copy" output="variable" output-variable="v.this.worker.failed.records" input="variable" input-variable="v.this.grouped.order" append-to-output-element="true" output-xpath="failed_orders"/>
            </cc:steps>
        </cc:async-mediation>
        <cc:local-out id="CallAggregateFailedWorker" store-message="none" execute-when="props['p.this.worker.has.failed.orders'] ==  true || props['p.worker.failed'] == true || props['p.failed'] == true || props['p.failed.order'] == true" endpoint="vm://WIX_INT_ADP_Garnishments_Withholding_Orders_Inbound/AggregateFailedWorker"/>
        <cc:local-out id="CallLocalErr12342" store-message="none" routes-response-to="CopyToFailed0" endpoint="vm://WIX_INT_ADP_Garnishments_Withholding_Orders_Inbound/Log-Error">
            <cc:set name="log.severity" value="'WARNING'"/>
            <cc:set name="log.summary" value="'Problem getting append data for ee: ' + props['p.this.worker.eeid'] + '. \nPlease validate append data report for worker.'"/>
            <cc:set name="p.failed" value="true"/>
        </cc:local-out>
        <cc:local-out id="CallLocalErr123420" store-message="none" routes-response-to="CopyToFailed0" endpoint="vm://WIX_INT_ADP_Garnishments_Withholding_Orders_Inbound/Log-Error">
            <cc:set name="log.severity" value="'WARNING'"/>
            <cc:set name="log.summary" value="'Problem after getting append data for worker: ' + props['p.this.worker.eeid'] + '. \nPlease validate report and transformation.'"/>
            <cc:set name="p.failed" value="true"/>
        </cc:local-out>
        <cc:async-mediation id="CopyToFailed0" routes-to="CallWriteFailedWrkr00">
            <cc:steps>
                <cc:copy id="Copy" output="variable" output-variable="v.this.worker.failed.records" input="variable" input-variable="v.this.grouped.order" append-to-output-element="true" output-xpath="failed_orders"/>
            </cc:steps>
        </cc:async-mediation>
        <cc:local-in id="WriteToLoadReport" routes-to="WriteToStringBuffer"/>
        <cc:async-mediation id="WriteToStringBuffer">
            <cc:steps>
                <cc:eval id="Eval"><cc:expression>props['p.load.report'].append( props['p.this.ee.ssn'] + ',' + props['p.this.worker.eeid'] + ',' + props['p.this.ee.full.name'] + ',' + props['p.this.new.lien.number'] + ',' + '&quot;' + props['p.this.deduction.recipient.name1'] + props['p.this.deduction.recipient.name2'] + '&quot;' + ',' + props['p.this.deduction.recipient.address.state'] + ',' + props['p.this.recipient.id.formatted'] + ',' + props['p.this.order.interrogatory'] + ',' + props['p.start.input.date'] + ',&quot;' + props['p.current.error'] + '&quot;\n')</cc:expression><cc:expression>props['p.current.error'] = empty</cc:expression></cc:eval>
            </cc:steps>
        </cc:async-mediation>
        <cc:local-out id="CallWriteToLoadReport1" store-message="none" endpoint="vm://WIX_INT_ADP_Garnishments_Withholding_Orders_Inbound/WriteToLoadReport"><cc:set name="p.completed.order" value="false"/></cc:local-out>
        <cc:local-out id="CallStoreLoadReport" store-message="none" routes-response-to="PutIntegrationEvent" endpoint="vm://WIX_INT_ADP_Garnishments_Withholding_Orders_Inbound/StoreLoadReport"/>
        <cc:local-in id="StoreLoadReport" routes-to="AsyncMediation"/>
        <cc:async-mediation id="AsyncMediation" routes-to="CallStoreData0">
            <cc:steps>
                <cc:write id="Write">
                    <cc:message>
                        <cc:text>@{props['p.load.report'].toString()}</cc:text>
                    </cc:message>
                </cc:write>
                <cc:text-excel id="TextExcel" style="text2excel"/>
            </cc:steps>
        </cc:async-mediation>
        <cc:local-out id="CallStoreData0" store-message="none" endpoint="vm://WIX_INT_ADP_Garnishments_Withholding_Orders_Inbound/StoreData">
            <cc:set name="p.filename" value="'LoadReport'"/>
            <cc:set name="p.fileLabel" value="'ADP_Garn_NonDeliverable'"/>
            <cc:set name="p.fileDeliverable" value="'false'"/>
            <cc:set name="p.fileType" value="'xls'"/>
        </cc:local-out>
        <cc:local-out id="CallWriteToLoadReport10" store-message="none" endpoint="vm://WIX_INT_ADP_Garnishments_Withholding_Orders_Inbound/WriteToLoadReport">
            <cc:set name="p.completed.order" value="false"/>
        </cc:local-out>
        <cc:local-out id="PutErrorMessage0" routes-response-to="CallWriteToLoadReport10" endpoint="vm://wcc/PutIntegrationMessage">
            <cc:set name="is.message.severity" value="'WARNING'"/>
            <cc:set name="is.message.summary" value="'Error: ' + context.errorMessage"/>
            <cc:set name="is.message.detail" value="'N/A'"/>
        </cc:local-out>
        <cc:local-out id="CallLocalErr123410" store-message="none" endpoint="vm://WIX_INT_ADP_Garnishments_Withholding_Orders_Inbound/Log-Error">
            <cc:set name="log.severity" value="'WARNING'"/>
            <cc:set name="log.summary" value="'Problem writing worker line for : ' + props['p.this.worker.eeid'] + '. Error: ' + context.errorMessage"/>
            <cc:set name="p.failed" value="true"/>
        </cc:local-out>
        <cc:local-out id="CallLocalErr123411" store-message="none" endpoint="vm://WIX_INT_ADP_Garnishments_Withholding_Orders_Inbound/Log-Error">
            <cc:set name="log.severity" value="'WARNING'"/>
            <cc:set name="log.summary" value="'Problem writing failed worker line for : ' + props['p.this.worker.eeid'] + '. Error: ' + context.errorMessage"/>
            <cc:set name="p.failed" value="true"/>
        </cc:local-out>
        <cc:local-out id="CallLocalErr121" store-message="none" endpoint="vm://WIX_INT_ADP_Garnishments_Withholding_Orders_Inbound/Log-Error">
            <cc:set name="log.severity" value="'WARNING'"/>
            <cc:set name="log.summary" value="'Local Error. Error Message: ' + context.errorMessage"/>
            
        </cc:local-out>
        <cc:local-out id="CallLocalErr1210" store-message="none" endpoint="vm://WIX_INT_ADP_Garnishments_Withholding_Orders_Inbound/Log-Error">
            <cc:set name="log.severity" value="'WARNING'"/>
            <cc:set name="log.summary" value="'Local Error. Error Message: ' + context.errorMessage"/>
        </cc:local-out>
        <cc:route id="Route1">
            <cc:mvel-strategy>
                <cc:choose-route expression="props['p.testing'] == true" route="testing"/>
                <cc:choose-route expression="true" route="normal"/>
            </cc:mvel-strategy>
            <cc:sub-route name="testing" routes-to="LogTESTING"/>
            <cc:sub-route name="normal" routes-to="GetEventDocuments"/>
        </cc:route>
        <cc:local-out id="GetEventDocuments" routes-response-to="PutIntegrationMessage" endpoint="vm://wcc/GetEventDocuments"><cc:set name="ie.event.wid" value="lp.isSet() ? lp.getIntegrationEventWID() : null"/></cc:local-out>
        <cc:async-mediation id="AsyncMediation0">
            <cc:steps>
                <cc:copy id="Copy" input="variable" input-variable="lien.in.file"/>
            </cc:steps>
        </cc:async-mediation>
        <cc:route id="Route2">
            <cc:doc-iterator variable-name="lien.in.file"/>
            <cc:sub-route name="SubRoute" routes-to="AsyncMediation0"/>
        </cc:route>
        <cc:async-mediation id="LogTESTING">
            <cc:steps>
                <cc:log id="Log">
                    <cc:log-message>
                        <cc:text>
*****
You have checked the testing parameter. If this is in error, please rerun with the box for 'testing' unchecked. If you wish to test individual rows, please add a write step with the header, footer, and rows you wish to load.
*****
</cc:text>
                    </cc:log-message>
                </cc:log>
                <cc:write id="Write">
                    <cc:message>
                        <cc:text>H WGPS LD20171027WFA1&#xD;
WFA1|Cespedes-Quito|JP||093835182|093-835-182|W|R|TEST WRIT3|AR||A|10/27/2017||653615||M|2500||P|GEN|C||||||SILOAM SPRINGS DISTRICT COURT||PO BOX 80||SILOAM SPRINGS|AR|72761|O|SILOAM SPRINGS DISTRICT||||||||WKS||52|||;|||||N||HR120774650||A||&#xD;
WFA1|Murphy|Sean||137829511|137-829-511|W|R|TEST WRIT2|AL||A|10/27/2017||95966||M|2500||P|GENERAL|C||||||JUDY BYRD  CLERK||PO DRAWER 6406||DOTHAN|AL|36302|O|JUDY BYRD  CLERK||||||||NXT||27|||;|||||N||HR120774649||C||&#xD;
WFA1|Murphy|Sean||137829511|137-829-511|W|R|TEST WRIT2|AL|||||95966|||||||||||||JUDY BYRD  CLERK||PO DRAWER 6406||DOTHAN|AL|36302||JUDY BYRD  CLERK|||||||||||||;||||||I|HR120774649||||&#xD;
WFA1|Cossey|Teaaira||569935737|569-935-737|W|R|TEST WRIT1A|WA||A|01/01/1900|03/01/1900|75000||M|2500||P|GENERAL|C||||||CLARK COUNTY DISTRICT COURT||PO BOX 9806||VANCOUVER|WA|98668|O|CLARK COUNTY DISTRICT CO||||||||WKS||52|||;|||||N||HR120774648||C||&#xD;
WFA1|Cossey|Teaaira||569935737|569-935-737|W|R|TEST WRIT1A|WA|||||75000|||||||||||||CLARK COUNTY DISTRICT COURT||PO BOX 9806||VANCOUVER|WA|98668||CLARK COUNTY DISTRICT CO|||||||||||||;||||||I|HR120774648||||&#xD;
WFA1|Cossey|Teaaira||569935737|569-935-737|W|R|TEST WRIT1|WA||A|10/27/2017|12/26/2017|50000||M|2500||P|GENERAL|C||||||CLARK COUNTY DISTRICT COURT||PO BOX 9806||VANCOUVER|WA|98668|O|CLARK COUNTY DISTRICT CO||||||||WKS||52|||;|||||N||HR120774647||C||&#xD;
WFA1|Cossey|Teaaira||569935737|569-935-737|W|R|TEST WRIT1|WA|||||50000|||||||||||||CLARK COUNTY DISTRICT COURT||PO BOX 9806||VANCOUVER|WA|98668||CLARK COUNTY DISTRICT CO|||||||||||||;||||||I|HR120774647||||&#xD;
WFA1|Bennett|Korey||004903324|004-903-324|A|P|TEST WAGE2|IA||A|10/27/2017||50000|5000|M|||P|NO EXEMPT|C||||||LINN COUNTY CLERK OF COURT||PO BOX 1468||CEDAR RAPIDS|IA|52406|P|||||||||PAY||3|||;|||||N||HR120774646||C||&#xD;
WFA1|Turcios Funes|Oscar||751156363|751-156-363|A|P|TEST WAGE1|$U||A|10/27/2017||6000000|30000|M|||P|NO EXEMPT|C||||||UNITED STATES TREASURY||INTERNAL REVENUE SERVICE||ATLANTA|GA|39901|P||||||||TX YR 2004|PAY||3|||;|||||N||HR120774645||T||&#xD;
WFA1|Plante|Darren||007888759|007-888-759|W|F|TEST STUDENT3|$U||A|10/27/2017||800000|5000|M|||P|STUDENT|C||||||GENERAL REVENUE CORPORATION||PO BOX 495999-1AWG||CINCINNATI|OH|45249|P|||||||||PAY||3|||;|||||N||HR120774644||S||&#xD;
WFA1|MacCarthy|Max||008760390|008-760-390|W|F|TEST STUDENT2|$U||A|10/27/2017||99999999||M|1000||P|STUDENT|C||||||VAN RU CREDIT CORPORATION|ATTN AWG DEPT|8500 ULMERTON ROAD|SUITE 225|LARGO|FL|33771|P|||||||||PAY||3|||;|||||N||HR120774643||S||&#xD;
WFA1|Snoeyink|Aaron||353887737|353-887-737|W|F|TEST STUDENT1|$U||A|10/27/2017||1500000||M|1500||P|STUDENT|C||||||US DEPARTMENT OF EDUCATION|NATIONAL PAYMENT CENTER|PO BOX 4142||GREENVILLE|TX|75403|P|||||||||PAY||3|||;|||||N||HR120774642||S||&#xD;
WFA1|Wong-Ramos|Jerson||184559928|184-559-928|B|F|TEST BANKRUPTCY3|$U||A|10/27/2017|01/01/2040||30000|M|||P|CH13|C||||||CHAPTER 13 TRUSTEE|GEORGE W STEVENSON|200 JEFFERSON AVENUE|SUITE 1066|MEMPHIS|TN|38103|P|||||||||PAY||3|||;|||||N||HR120774641||T||&#xD;
WFA1|McDonough|Chris||331644650|331-644-650|B|F|TEST BANKRUPTCY1|$U||A|10/27/2017|01/01/2040||50000|M|||P|CH13|C||||||CHAPTER 13 TRUSTEE|GEORGE W STEVENSON|200 JEFFERSON AVENUE||MEMPHIS|TN|38103|P|||||||||PAY||3|||;|||||N||HR120774640||R||&#xD;
WFA1|Monroe|Josh||611162011|611-162-011|L|F|TEST FEDLEVY2|$U||A|10/30/2017||999999||M|||M|LEVY/B|C||||||UNITED STATES TREASURY||PO BOX 24017||FRESNO|CA|93779|P||||||1||TX YRS 2000-2004|PAY||3|||;|||||N||HR120774639||T||&#xD;
WFA1|Remley|Katelyn||400493557|400-493-557|L|F|TEST FEDLEVY1|$U||A|10/30/2017||99999999||M|||M|LEVY/M|C||||||UNITED STATES TREASURY||PO BOX 24017||FRESNO|CA|93779|P||||||2||TX YRS 1999-2001|PAY||3|||;|||||N||HR120774638||T||&#xD;
WFA1|Schroeder|Kenzie||646220601|646-220-601|L|S|TEST STATELEVY4|AZ||A|10/27/2017||1000000||M|||M|LEVY/B|C||||||ARIZONA DEPARTMENT OF REVENUE||PO BOX 29070||PHOENIX|AZ|85038|P||||||2|||PAY||3|||;|||||N||HR120774637||T||&#xD;
WFA1|Coombs|Crystal||528770096|528-770-096|L|S|TEST STATELEVY3|VA||A|10/27/2017||300000||M|10000||P|TAX LEVY|C||||||OFFICE OF COMPLIANCE||PO BOX 27407||RICHMOND|VA|23261|P|||||||||PAY||3|||;|||||N||HR120774636||T||&#xD;
WFA1|Ellison|Ryan||107762432|107-762-432|L|S|TEST STATELEVY2|PA||A|10/27/2017||110000||M|1000||R|LEVY|C||||||TREASURER CITY OF PITTSBURG||414 GRANT STREET|CITY COURT BUILDING|PITTSBURGH|PA|15219|P|||||||||PAY||3|||;|||||N||HR120774635||T||&#xD;
WFA1|Price|Casey||595316689|595-316-689|L|S|TEST STATELEVY1|CA||A|11/11/2017||60000||M|2500||P|LEVY|C||||||STATE OF CALIFORNIA|FRANCHISE TAX BOARD|PO BOX 942867||SACRAMENTO|CA|94267|P|||||||||PAY||3|||;|||||N||HR120774634||T||&#xD;
WFA1|Broeckelmann|Philipp||368395990|368-395-990|S|M|TEST SPOUSAL2|CA||A|10/27/2017|||25000|M|||P|50|C||||||SAN BERNARDINO COUNTY||PO BOX 19011||SAN BERNARDINO|CA|92423|P|||||||||PAY||0|||;|||||N||HR120774633||Y||&#xD;
WFA1|Adams|Jacoby||345432123|345-432-123|S|M|TEST SPOUSAL1|PA||A|10/27/2017|||30000|M|||P|65|A||||||PA SCDU||PO BOX 69112||HARRISBURG|PA|17106|P||PA SCDU|||||||PAY||0|||;|||||N||HR120774632||Y||&#xD;
WFA1|UTL|UTL||123456789|123-456-789|C|M|TEST UTL|CA||A|10/27/2017|||10000|M|||P|50|C||||||COURT TRUSTEE||PO BOX 513544||LOS ANGELES|CA|90051|P|||||||||PAY||3|||;|||||N||HR120774663||Y||&#xD;
WFA1|Mercado|Fermin||098786567|098-786-567|C|M|TEST CHILD13|NY||A|10/27/2017|||9000|M|||P|65|A|||36047|||NYS CHILD SUPPORT PROCESSING CENTER||PO BOX 15363||ALBANY|NY|12212|P||NEW YORK SCU|||||||PAY||3|||;|||||N||HR120774631||Y||&#xD;
WFA1|Anderson|Tanisha||647146733|647-146-733|C|M|TEST UTL2|CA||A|10/27/2017|||10000|M|||P|50|C||||||COURT TRUSTEE||PO BOX 513544||LOS ANGELES|CA|90051|P|||||||||PAY||0|||;|||||N||HR120774662||Y||&#xD;
WFA1|Merchant|Daledrick||123456789|123-456-789|C|M|TEST CHILD11|GA||A|10/27/2017|||6500|M|||P|55|C|150|||||FAMILY SUPPORT REGISTRY||PO BOX 105730||ATLANTA|GA|30348|P|||||||||PAY||3|||;|||||N||HR120774630||Y||&#xD;
WFA1|Hover|Mimi||407171119|407-171-119|C|M|407171119|CT||A|10/28/2017|||10000|M|||P|50|C||||||CONNECTICUT - CCSPC||PO BOX 990032||HARTFORD|CT|06199|P||CONNECTICUT-CCSPC|||||||PAY||3|||;|||||N||HR120774661||Y||&#xD;
WFA1|Hover|Mimi||407171119|407-171-119|L|F|407171119|$U||A|10/30/2017||99999999||M|||M|LEVY/B|C||||||INTERNAL REVENUE SERVICE||PO BOX 145566||CINCINNATI|OH|45214|P||||||1|||PAY||3|||;|||||N||HR120774660||T||&#xD;
WFA1|Allen|Benjamin||987264553|987-264-553|C|M|TEST CHILD10|TX||A|10/27/2017|||7500|M|||P|50|C||||||TX CHILD SUPPORT SDU||PO BOX 659791||SAN ANTONIO|TX|78265|P||TX CHILD SUPPORT SDU|||||||PAY||3|||;|||||N||HR120774629||Y||&#xD;
WFA1|Harris|Andre||987654321|987-654-321|C|M|TEST CHILD7|IL||A|10/27/2017|||20000|M|||P|65|C|||1702700|||STATE DISBURSEMENT UNIT||PO BOX 5400||CAROL STREAM|IL|60197|P||STATE DISBURSEMENT UNIT|||||||PAY||3|||;|||||N||HR120774628||Y||&#xD;
WFA1|Bingham|Tiffany||434444423|434-444-423|C|M|TEST CHILD6|CA||A|10/27/2017|||15000|M|||P|50|A||||||COURT TRUSTEE||PO BOX 513544||LOS ANGELES|CA|90051|P|||||||||PAY||3|||;|||||N||HR120774627||Y||&#xD;
WFA1|Hover|Mimi||407171119|407-171-119|W|F|407171119|$U||A|10/27/2017||500000||M|1500||P|STUDENT|C||||||US DEPARTMENT OF EDUCATION|NATIONAL PAYMENT CENTER|PO BOX 4142||GREENVILLE|TX|75403|P|||||||||PAY||3|||;|||||N||HR120774659||S||&#xD;
WFA1|Beasley|Gina||140678456|140-678-456|C|M|TEST CHILD3|NC||A|10/27/2017|||5000|M|||P|50|C||||||NC CHILD SUPPORT||PO BOX 900012||RALEIGH|NC|27675|P||N.C. Child Support, 0007021243|||||||PAY||3|||;|||||N||HR120774626||Y||&#xD;
WFA1|McNabb|Melissa||444947642|444-947-642|L|F|TEST MULTIPLE1C|$U||A|10/30/2017||1245000||M|||M|LEVY/B|C||||||UNITED STATES TREASURY||PO BOX 145566||CINCINNATI|OH|45214|P||||||1||TX YR 2003|PAY||3|||;|||||N||HR120774658||T||&#xD;
WFA1|Alezzi|Ahmed||701959464|701-959-464|C|M|TEST CHILD1|MI||A|10/27/2017|||10000|M|||P|50|C|||26139|||MISDU||PO BOX 30350||LANSING|MI|48909|P||MICHIGAN STATE DISBURSEMENT UNIT (MISDU)|||||||PAY||3|||;|||||N||HR120774625||Y||&#xD;
WFA1|McNabb|Melissa||444947642|444-947-642|W|R|TEST MULTIPLE1B|CA||A|11/06/2017||150000||M|2500||P|GENERAL|C||||||LA COUNTY SHERIFFS DEPARTMENT||110 N GRAND AVE RM 525||Los Angeles|CA|90012|O|LA COUNTY SHERIFFS DEPAR||||||||PAY||3|||;|||||N||HR120774657||F||&#xD;
WFA1|McNabb|Melissa||444947642|444-947-642|W|R|TEST MULTIPLE1B|CA|||||150000|||||||||||||LA COUNTY SHERIFFS DEPARTMENT||110 N GRAND AVE RM 525||Los Angeles|CA|90012||LA COUNTY SHERIFFS DEPAR|||||||||||||;||||||I|HR120774657||||&#xD;
WFA1|McNabb|Melissa||444947642|444-947-642|C|M|TEST MULTIPLE1A|IA||A|10/27/2017|||10000|M|||P|65|C||||||COLLECTION SERVICES CENTER||PO BOX 9125||DES MOINES|IA|50306|P||COLLECTIONS SERVICES CENTER|||||||PAY||3|||;|||||N||HR120774656||Y||&#xD;
WFA1|Pinales|Ashley||632362500|632-362-500|W|R|TEST INTEROG|MO||A|10/27/2017||999999||M|||P|GENERAL|C||||||ASSOCIATE CIRCUIT COURT||701 EAST WALNUT||COLUMBIA|MO|65201|P|||||||||PAY||3|||;||||||I|HR120774655||C||&#xD;
WFA1|Frank|Ken||448806939|448-806-939|W|R|TEST WRIT7|NY||A|10/27/2017||500000||M|1000||R|GEN - 90%|C||||||MARTIN A BIENSTOCK|CITY MARSHAL|36-35 BELL BOULEVARD|PO BOX 610700|BAYSIDE|NY|11361|O|MARTIN A BIENSTOCK||||||||PAY||3|||;|||||N||HR120774654||M||&#xD;
WFA1|Frank|Ken||448806939|448-806-939|W|R|TEST WRIT7|NY|||||500000|||||||||||||MARTIN A BIENSTOCK|CITY MARSHAL|36-35 BELL BOULEVARD|PO BOX 610700|BAYSIDE|NY|11361||MARTIN A BIENSTOCK|||||||||||||;||||||I|HR120774654||||&#xD;
WFA1|Claydon|Richard||059315903|059-315-903|W|F|TEST WRIT6|$U||A|10/27/2017||989952||M|1500||P|GENERAL|C||||||SOCIAL SECURITY ADMINISTRATION||PO BOX 3430||PHILADELPHIA|PA|19122|O|SOCIAL SECURITY ADMINIST||||||||PAY||3|||;|||||N||HR120774653||J||&#xD;
WFA1|Hough|Taylor||507311385|507-311-385|W|R|TEST WRIT5A|IL||A|10/27/2017||999999||M|||R|GEN-CALC B|C||||||BAKER MILLER MARKOFF KRASN||29 N WACKER DR 5TH FLR||CHICAGO|IL|60606|P|||||||||PAY||3|||;||||||I|HR120774652||A||&#xD;
WFA1|Hough|Taylor||507311385|507-311-385|W|R|TEST WRIT5|IL||A|10/27/2017||46500||M|1500||R|GEN-CALC B|C||||||BAKER MILLER MARKOFF KRASN||29 N WACKER DR 5TH FLR||CHICAGO|IL|60606|O|BAKER MILLER MARKOFF||||||||WKS||52|||;|||||N||HR120774651||A||&#xD;
F0000000044</cc:text>
                    </cc:message>
                </cc:write>
            </cc:steps>
        </cc:async-mediation>
        <cc:async-mediation id="SetProps" routes-to="CallWriteFailedWrkr0">
            <cc:steps>
                <cc:eval id="Eval"><cc:expression>props['p.this.new.lien.number'] = ''; props['p.this.new.lien.number'] = ''; props['p.this.deduction.recipient.name1'] = ''; props['p.this.deduction.recipient.name2'] = ''; props['p.this.deduction.recipient.address.state'] = '';  props['p.this.recipient.id'] = '';  props['p.start.input.date'] = '';</cc:expression></cc:eval>
            </cc:steps>
        </cc:async-mediation>
        <cc:route id="PayeeLogicRoute">
            <cc:mvel-strategy>
                <cc:choose-route expression="props['p.payee.hash.map'].get(props['p.this.payee.key']) != empty" route="FoundPayee"/>
                <cc:choose-route expression="true" route="NotFoundPayee"/>
            </cc:mvel-strategy>
            <cc:sub-route name="FoundPayee" routes-to="GetDedRecipientID"/>
            <cc:sub-route name="NotFoundPayee" routes-to="TransDedRecip"/>
        </cc:route>
        <cc:async-mediation id="GetDedRecipientID" routes-to="ReplacePayeeCode">
            <cc:steps>
                <cc:eval id="Eval"><cc:expression>props['p.this.recipient.id.formatted'] = props['p.payee.hash.map'].get(props['p.this.payee.key'])</cc:expression></cc:eval>
                <cc:log id="Log">
                    <cc:log-message>
                        <cc:text>
####
Payee already used, retrieving from hash map and using for current payee
####
</cc:text>
                    </cc:log-message>
                </cc:log>
            </cc:steps>
        </cc:async-mediation>
        <cc:async-mediation id="CopyToFailed00" routes-to="CallWriteFailedWrkr000">
            <cc:steps>
                <cc:copy id="Copy" output="variable" output-variable="v.this.worker.failed.records" input="variable" input-variable="v.this.grouped.order" append-to-output-element="true" output-xpath="failed_orders"/>
            </cc:steps>
        </cc:async-mediation>
        <cc:local-out id="CallWriteFailedWrkr000" store-message="none" endpoint="vm://WIX_INT_ADP_Garnishments_Withholding_Orders_Inbound/WriteFailedWrkr">
            <cc:set name="p.failed" value="true"/>
        </cc:local-out>
        <cc:async-mediation id="CheckLienType" routes-to="Route3" execute-steps-when="props['a.spec.version'] &lt; '1.25'">
            <cc:steps>
                <cc:validate-exp id="ValidateExp"><cc:expression failure-message="Lien type is T which is PeopleSoft specific. Please have ADP update to Workday specific lien type." replace-message="true">props['p.this.lien.type'] != 'T'</cc:expression></cc:validate-exp>
            </cc:steps>
            <cc:send-error id="SendError" routes-to="CopyToFailed000"/>
        </cc:async-mediation>
        <cc:local-out id="CallWriteFailedWrkr0000" store-message="none" endpoint="vm://WIX_INT_ADP_Garnishments_Withholding_Orders_Inbound/WriteFailedWrkr">
            <cc:set name="p.failed" value="true"/>
        </cc:local-out>
        <cc:async-mediation id="CopyToFailed000" routes-to="CallWriteFailedWrkr0000">
            <cc:steps>
                <cc:copy id="Copy" output="variable" output-variable="v.this.worker.failed.records" input="variable" input-variable="v.this.grouped.order" append-to-output-element="true" output-xpath="failed_orders"/>
            </cc:steps>
        </cc:async-mediation>
        <cc:local-out id="PutIntegrationMessage" execute-when="da.size() > 1" routes-response-to="Route2" endpoint="vm://wcc/PutIntegrationMessage">
            <cc:set name="is.message.severity" value="'WARNING'"/>
            <cc:set name="is.message.summary" value="'More than one file downloaded'"/>
            <cc:set name="is.message.detail" value="'The integration can only process one file at a time, more than one file was downloaded.  The integration will only process the last file.  Please review the files and responses, and ask Vendor to restage unprocessed files.'"/>
        </cc:local-out>
        <cc:workday-out-soap id="GetNextSeqValue" application="Integrations" version="v26.2"/>
        <cc:local-in id="GetNewIWOSeq" routes-to="PrepSeqGenRequest"/>
        <cc:sync-mediation id="PrepSeqGenRequest" routes-to="GetNextSeqValue" handle-downstream-errors="true">
            <cc:request-steps>
                <cc:write id="SeqGenRequest">
                    <cc:message>
                        <cc:text>&lt;?xml version=&quot;1.0&quot; encoding=&quot;UTF-8&quot;?>&#xD;
&lt;env:Envelope&#xD;
    xmlns:env=&quot;http://schemas.xmlsoap.org/soap/envelope/&quot;&#xD;
    xmlns:xsd=&quot;http://www.w3.org/2001/XMLSchema&quot;>&#xD;
    &lt;env:Header>&#xD;
        &lt;wd:Workday_Common_Header xmlns:wd=&quot;urn:com.workday/bsvc&quot;>&#xD;
            &lt;wd:Include_Reference_Descriptors_In_Response>true&lt;/wd:Include_Reference_Descriptors_In_Response>&#xD;
        &lt;/wd:Workday_Common_Header>&#xD;
    &lt;/env:Header>&#xD;
    &lt;env:Body>&#xD;
        &lt;wd:Increment_Sequence_Generator_Request&#xD;
            xmlns:wd=&quot;urn:com.workday/bsvc&quot;&#xD;
            wd:version=&quot;v26.2&quot;>&#xD;
            &lt;wd:Sequence_Generator_Reference>&#xD;
                &lt;wd:ID wd:type=&quot;Sequence_Generator_ID&quot;>@{props['a.iwo.seqgen.id']}&lt;/wd:ID>&#xD;
            &lt;/wd:Sequence_Generator_Reference>&#xD;
        &lt;/wd:Increment_Sequence_Generator_Request>&#xD;
    &lt;/env:Body>&#xD;
&lt;/env:Envelope></cc:text>
                    </cc:message>
                </cc:write>
            </cc:request-steps>
            <cc:response-steps>
                <cc:eval id="Eval"><cc:expression>props['p.adp.iwo.unique.id'] = parts[0].xpath('/env:Envelope/env:Body/wd:Increment_Sequence_Generator_Response/wd:Sequenced_Value')</cc:expression></cc:eval>
            </cc:response-steps>
            <cc:send-error id="SendError" routes-to="CallLocalErr110"/>
        </cc:sync-mediation>
        <cc:local-out id="CallLocalErr110" store-message="none" endpoint="vm://WIX_INT_ADP_Garnishments_Withholding_Orders_Inbound/Log-Error">
            <cc:set name="log.severity" value="'ERROR'"/>
            <cc:set name="log.summary" value="'Error on obtaining the Next Sequenced Value for IWO: ' # context.errorMessage"/>
        </cc:local-out>
        <cc:local-out id="CallGetNewIWOSeq" store-message="none" execute-when="(props['p.new.order'] == true) || (props['p.this.order.amend'] ==true )" routes-response-to="Transform_IWO" endpoint="vm://WIX_INT_ADP_Garnishments_Withholding_Orders_Inbound/GetNewIWOSeq"/>
        <cc:workday-out-soap id="WorkdayOutSoap" routes-response-to="EvaluateResponse" application="Human_Resources" version="v26.2"/>
        <cc:local-out id="CallWriteInterrogToLoadReport" routes-response-to="AsyncMediation5" endpoint="vm://WIX_INT_ADP_Garnishments_Withholding_Orders_Inbound/WriteToLoadReport"/>
        <cc:async-mediation id="AsyncMediation1">
            <cc:steps>
                <cc:write id="Write">
                    <cc:message>
                        <cc:text>header&#xD;
xxxx&#xD;
footer</cc:text>
                    </cc:message>
                </cc:write></cc:steps>
        </cc:async-mediation>
	</cc:assembly>

</beans>