<?xml version="1.0" encoding="UTF-8"?>
<beans
     xmlns="http://www.springframework.org/schema/beans"
     xmlns:beans="http://www.springframework.org/schema/beans"
     xmlns:atom="http://www.w3.org/2005/Atom"
     xmlns:cc="http://www.capeclear.com/assembly/10"
     xmlns:cloud="urn:com.workday/esb/cloud/10.0"
     xmlns:env="http://schemas.xmlsoap.org/soap/envelope/"
     xmlns:pi="urn:com.workday/picof"
     xmlns:wd="urn:com.workday/bsvc"
     xmlns:xsi="http://www.w3.org/2001/XMLSchema-instance">
 
	<cc:assembly id="WorkdayAssembly" version="2023.37">
        <cc:workday-in id="StartHere" routes-to="AsyncMediation">
            <cc:integration-system name="ISU_Update">
        <cloud:retrieval-service name="ISU Update - Retrieval Service"/>
      </cc:integration-system>
        </cc:workday-in>
        <cc:async-mediation id="WriteRequest" routes-to="CallSoapRequest" handle-downstream-errors="true">
            <cc:steps>
                <cc:eval id="Eval">
                    <cc:expression>props['INT_ID'] = parts[0].xpath('/data/Integration_ID')</cc:expression>
                    <cc:expression>props['pISU'] = parts[0].xpath('/data/ISU')</cc:expression>
                </cc:eval>
                <cc:log id="Log">
                    <cc:log-message>
                        <cc:text>props['INT_ID'] - @{props['INT_ID']}&#xD;
props['pISU']  - @{props['pISU']}</cc:text>
                        <cc:message-content/>
                    </cc:log-message>
                </cc:log>
                <cc:write id="Write">
                    <cc:message>
                        <cc:text>&lt;?xml version=&quot;1.0&quot; encoding=&quot;UTF-8&quot;?>&#xD;
&lt;env:Envelope&#xD;
    xmlns:env=&quot;http://schemas.xmlsoap.org/soap/envelope/&quot;&#xD;
    xmlns:xsd=&quot;http://www.w3.org/2001/XMLSchema&quot;>&#xD;
    &lt;env:Body>&#xD;
        &lt;wd:Put_Integration_System_User_Request&#xD;
            xmlns:wd=&quot;urn:com.workday/bsvc&quot;&#xD;
            wd:version=&quot;v41.0&quot;>&#xD;
            &lt;wd:Integration_System_Reference>&#xD;
                &lt;wd:ID wd:type=&quot;Integration_System_ID&quot;>@{props['INT_ID']}&lt;/wd:ID>&#xD;
            &lt;/wd:Integration_System_Reference>&#xD;
            &lt;wd:Integration_System_User_Data>&#xD;
                &#xD;
                &lt;wd:User_Name>@{props['pISU']}&lt;/wd:User_Name>&#xD;
                &lt;wd:Password>Alight#24411&lt;/wd:Password>&#xD;
                &lt;wd:Require_New_Password_At_Next_Sign_In>false&lt;/wd:Require_New_Password_At_Next_Sign_In>&#xD;
                &lt;wd:Session_Timeout_Minutes>500&lt;/wd:Session_Timeout_Minutes>&#xD;
                &lt;wd:Do_Not_Allow_UI_Sessions>true&lt;/wd:Do_Not_Allow_UI_Sessions>&#xD;
                &#xD;
            &lt;/wd:Integration_System_User_Data>&#xD;
        &lt;/wd:Put_Integration_System_User_Request>&#xD;
    &lt;/env:Body>&#xD;
&lt;/env:Envelope></cc:text>
                    </cc:message>
                </cc:write>
            </cc:steps>
            <cc:send-error id="SendError" routes-to="CatchAsync2Error"/>
        </cc:async-mediation>
        <cc:route id="Route">
            <cc:doc-iterator variable-name="vInputFile"/>
            <cc:sub-route name="ProcessFile" routes-to="GetIntegrations"/>
        </cc:route>
        <cc:async-mediation id="GetIntegrations" routes-to="Splitter0" handle-downstream-errors="true">
            <cc:steps>
                <cc:csv-to-xml id="CsvToXmlFile" input="variable" input-variable="vInputFile" colNames="Integration_ID,ISU" format="simple" rootName="root" rowName="data" useFirstLineAsHeader="true"/>
                <cc:log id="Log">
                    <cc:log-message>
                        <cc:text>---After Csvto XML------</cc:text>
                        <cc:message-content/>
                    </cc:log-message>
                </cc:log>
            </cc:steps>
            <cc:send-error id="SendError" routes-to="CatchAsync1Error"/>
        </cc:async-mediation>
        <cc:splitter id="Splitter0">
            <cc:sub-route name="SubRoute" routes-to="WriteRequest"/>
            <cc:xpath-splitter xpath="/root/data"/>
        </cc:splitter>
        <cc:workday-out-soap id="CallSoapRequest" routes-response-to="BuildAudit" application="Integrations" version="v32.0"/>
        <cc:local-out id="CatchAsync1Error" routes-response-to="CallSubRoutine" endpoint="vm://wcc/PutIntegrationMessage"><cc:set name="is.message.severity" value="'ERROR'"/><cc:set name="is.message.summary" value="context.errorMessage"/></cc:local-out>
        <cc:local-out id="CatchAsync2Error" routes-response-to="CallSubRoutine1" endpoint="vm://wcc/PutIntegrationMessage">
            <cc:set name="is.message.severity" value="'ERROR'"/>
            <cc:set name="is.message.summary" value="context.errorMessage ' - Error in Async 2'"/>
        </cc:local-out>
        <cc:async-mediation id="GetFile" routes-to="Route" handle-downstream-errors="true">
            <cc:steps>
                <cc:validate-exp id="ValidateExp">
                    <cc:expression error-number="001" failure-message="Input File is Missing. Hence, cannot process further.">da.size() > 0</cc:expression>
                </cc:validate-exp>
            </cc:steps>
            <cc:send-error id="SendError" routes-to="NoInputFilePIM"/>
        </cc:async-mediation>
        <cc:local-out id="NoInputFilePIM" endpoint="vm://wcc/PutIntegrationMessage">
            <cc:set name="is.message.severity" value="'CRITICAL'"/>
            <cc:set name="is.message.summary" value="'The integration has failed because there is no input to process.'"/>
            <cc:set name="is.message.storage.enabled" value="false"/>
        </cc:local-out>
        <cc:local-out id="BuildAudit" endpoint="vm://POV_Update_INT_ISU/Audit">
            <cc:set name="pStatus" value="'Success'"/>
        </cc:local-out>
        <cc:async-mediation id="Store">
            <cc:steps>
                <cc:store id="file" expiresIn="P180D" title="Audit.txt"/>
            </cc:steps>
        </cc:async-mediation>
        <cc:aggregator id="Aggregator" routes-to="Store" collate-when="!props['BatchAuditLog']" force-batch-on-last-message="false" force-batch-when="props['BatchAuditLog']">
            <cc:size-batch-strategy batch-size="-1"/>
            <cc:message-content-collater>
        <cc:header-text>ISU,Status@{'\n'}</cc:header-text>
        <cc:separator>\n</cc:separator>
      </cc:message-content-collater>
        </cc:aggregator>
        <cc:async-mediation id="Write" routes-to="Aggregator">
            <cc:steps>
                <cc:write id="Write">
                    <cc:message>
                        <cc:text>@{props['pISU']},@{props['pStatus']}</cc:text>
                    </cc:message>
                </cc:write>
            </cc:steps>
        </cc:async-mediation>
        <cc:local-in id="Audit" routes-to="Write" icon="local-in-Audit.png"/>
        <cc:local-out id="Note-Error" endpoint="vm://wcc/PutIntegrationMessage">
            <cc:set name="is.message.severity" value="'CRITICAL'"/>
            <cc:set name="is.message.summary" value="context.errorMessage"/>
        </cc:local-out>
        <cc:send-error id="global-error-handler" rethrow-error="false" routes-to="Note-Error"/>
        <cc:async-mediation id="AsyncMediation" routes-to="CallFileProcessing">
            <cc:steps>
                <cc:eval id="Eval">
                    <cc:expression>props['BatchAuditLog'] = false</cc:expression>
                </cc:eval>
            </cc:steps>
        </cc:async-mediation>
        <cc:local-in id="FileProcessing" routes-to="GetFile"/>
        <cc:local-out id="CallFileProcessing" store-message="none" routes-response-to="AsyncMediation0" endpoint="vm://POV_Update_INT_ISU/FileProcessing"/>
        <cc:async-mediation id="AsyncMediation0" routes-to="CallSubRoutine0">
            <cc:steps>
                <cc:eval id="Eval">
                    <cc:expression>props['BatchAuditLog'] = true</cc:expression>
                </cc:eval>
            </cc:steps>
        </cc:async-mediation>
        <cc:local-in id="SubRoutine" routes-to="Aggregator"/>
        <cc:local-out id="CallSubRoutine0" store-message="none" endpoint="vm://POV_Update_INT_ISU/SubRoutine"/>
        <cc:local-out id="CallSubRoutine" store-message="none" endpoint="vm://POV_Update_INT_ISU/Audit"><cc:set name="pStatus" value="'Failed'"/></cc:local-out>
        <cc:local-out id="CallSubRoutine1" store-message="none" endpoint="vm://POV_Update_INT_ISU/Audit"><cc:set name="pStatus" value="'Failed'"/></cc:local-out>
	</cc:assembly>

</beans>
