<?xml version="1.0" encoding="UTF-8"?>
<beans
     xmlns="http://www.springframework.org/schema/beans"
     xmlns:beans="http://www.springframework.org/schema/beans"
     xmlns:atom="http://www.w3.org/2005/Atom"
     xmlns:cc="http://www.capeclear.com/assembly/10"
     xmlns:cloud="urn:com.workday/esb/cloud/10.0"
     xmlns:env="http://schemas.xmlsoap.org/soap/envelope/"
     xmlns:pi="urn:com.workday/picof"
     xmlns:wd="urn:com.workday/bsvc"
     xmlns:xsi="http://www.w3.org/2001/XMLSchema-instance">
 
	<cc:assembly id="WorkdayAssembly" version="2020.9">
        <cc:async-mediation id="AsyncMediation5">
            <cc:steps>
                <cc:eval id="Eval">
                    <cc:expression>props['Response'] = 'Worker loaded'</cc:expression>
                </cc:eval>
                <cc:cloud-log id="CloudLog" level="info" message="@{props['Worker_ID']}" message-details="@{props['Response']}" reference-id="props['File_ID']" variable-name="cloud-log-content"/>
            </cc:steps>
        </cc:async-mediation>
        <cc:workday-out-soap id="Call_StaffingPutWorkerDocWS" routes-response-to="AsyncMediation5" application="Staffing" version="v34.2"/>
        <cc:async-mediation id="AddToLog_Failed">
            <cc:steps>
                <cc:eval id="Eval">
                    <cc:expression>props['Response'] = 'Worker/Contingent Worker does not exist in the system'</cc:expression>
                </cc:eval>
                <cc:cloud-log id="CloudLog" level="warn" message="@{props['Worker_ID']}" message-details="@{props['Response']}" reference-id="props['File_ID']" variable-name="cloud-log-content"/>
            </cc:steps>
        </cc:async-mediation>
        <cc:async-mediation id="CWR-Load" routes-to="Call_StaffingPutWorkerDocWS" handle-downstream-errors="true">
            <cc:steps>
                <cc:eval id="Eval">
                    <cc:expression>props['employee_type'] ='Contingent_Worker_ID'</cc:expression>
                </cc:eval>
                <cc:write id="CreateReq" output="message" output-mimetype="text/xml">
                    <cc:message><cc:text>&lt;?xml version=&quot;1.0&quot; encoding=&quot;utf-8&quot;?>&#xD;
&lt;env:Envelope&#xD;
    xmlns:env=&quot;http://schemas.xmlsoap.org/soap/envelope/&quot;&#xD;
    xmlns:xsd=&quot;http://www.w3.org/2001/XMLSchema&quot;&#xD;
    xmlns:wsse=&quot;http://docs.oasis-open.org/wss/2004/01/oasis-200401-wss-wssecurity-secext-1.0.xsd&quot;>&#xD;
    &lt;env:Header>&#xD;
        &lt;wsse:Security env:mustUnderstand=&quot;1&quot;>&#xD;
            &lt;wsse:UsernameToken>&#xD;
                &lt;wsse:Username>@{intsys.getAttribute('Workday Username')}&lt;/wsse:Username>&#xD;
                &lt;wsse:Password Type=&quot;http://docs.oasis-open.org/wss/2004/01/oasis-200401-wss-username-token-profile-1.0#PasswordText&quot;>@{intsys.getAttribute('Workday Password')}&lt;/wsse:Password>&#xD;
            &lt;/wsse:UsernameToken>&#xD;
        &lt;/wsse:Security>&#xD;
    &lt;/env:Header>&#xD;
    &lt;env:Body>&#xD;
        &lt;wd:Put_Worker_Document_Request&#xD;
            xmlns:wd=&quot;urn:com.workday/bsvc&quot;&#xD;
            wd:Add_Only=&quot;false&quot;&#xD;
            wd:version=&quot;v34.2&quot;>           &#xD;
            &lt;wd:Worker_Document_Data>&#xD;
                &lt;wd:ID>@{props['File_ID']}&lt;/wd:ID>&#xD;
                &lt;wd:Filename>@{props['File_Name']}&lt;/wd:Filename>&#xD;
                &lt;wd:Comment>@{props['Comment']}&lt;/wd:Comment>&#xD;
                &lt;wd:File>@{props['file_data']}&lt;/wd:File>&#xD;
                &lt;wd:Document_Category_Reference>&#xD;
                    &lt;wd:ID wd:type=&quot;Document_Category__Workday_Owned__ID&quot;>@{props['Document_Reference_ID']}&lt;/wd:ID>&#xD;
                &lt;/wd:Document_Category_Reference>&#xD;
                &lt;wd:Worker_Reference>&#xD;
                    &lt;!-- D9 this can be either &quot;Employee_ID&quot; or &quot;Contingent_Worker_ID&quot; as specified in the launch parameter -->&#xD;
                    &lt;wd:ID wd:type=&quot;@{props['employee_type']}&quot;>@{props['Worker_ID']}&lt;/wd:ID>&#xD;
                &lt;/wd:Worker_Reference>&#xD;
                 &lt;wd:Content_Type>application/pdf&lt;/wd:Content_Type>           &#xD;
            &lt;/wd:Worker_Document_Data>&#xD;
        &lt;/wd:Put_Worker_Document_Request>&#xD;
    &lt;/env:Body>&#xD;
&lt;/env:Envelope></cc:text></cc:message>
                </cc:write>
            </cc:steps>
            <cc:send-error id="SendError" routes-to="AddToLog_Failed"/>
        </cc:async-mediation>
        <cc:async-mediation id="Employee-Load" routes-to="Call_StaffingPutWorkerDocWS" handle-downstream-errors="true">
            <cc:steps>
                <cc:write id="CreateReq" output="message" output-mimetype="text/xml">
                    <cc:message><cc:text>&lt;?xml version=&quot;1.0&quot; encoding=&quot;utf-8&quot;?>&#xD;
&lt;env:Envelope&#xD;
    xmlns:env=&quot;http://schemas.xmlsoap.org/soap/envelope/&quot;&#xD;
    xmlns:xsd=&quot;http://www.w3.org/2001/XMLSchema&quot;&#xD;
    xmlns:wsse=&quot;http://docs.oasis-open.org/wss/2004/01/oasis-200401-wss-wssecurity-secext-1.0.xsd&quot;>&#xD;
    &lt;env:Header>&#xD;
        &lt;wsse:Security env:mustUnderstand=&quot;1&quot;>&#xD;
            &lt;wsse:UsernameToken>&#xD;
                &lt;wsse:Username>@{intsys.getAttribute('Workday Username')}&lt;/wsse:Username>&#xD;
                &lt;wsse:Password Type=&quot;http://docs.oasis-open.org/wss/2004/01/oasis-200401-wss-username-token-profile-1.0#PasswordText&quot;>@{intsys.getAttribute('Workday Password')}&lt;/wsse:Password>&#xD;
            &lt;/wsse:UsernameToken>&#xD;
        &lt;/wsse:Security>&#xD;
    &lt;/env:Header>&#xD;
    &lt;env:Body>&#xD;
        &lt;wd:Put_Worker_Document_Request&#xD;
            xmlns:wd=&quot;urn:com.workday/bsvc&quot;&#xD;
            wd:Add_Only=&quot;false&quot;&#xD;
            wd:version=&quot;v34.2&quot;>           &#xD;
            &lt;wd:Worker_Document_Data>&#xD;
                &lt;wd:ID>&lt;![CDATA[@{props['File_ID']}]]&gt;&lt;/wd:ID>&#xD;
                &lt;wd:Filename>&lt;![CDATA[@{props['File_Name']}]]&gt;&lt;/wd:Filename>&#xD;
                &lt;wd:Comment>&lt;![CDATA[@{props['Comment']}]]&gt;&lt;/wd:Comment>&#xD;
                &lt;wd:File>@{props['file_data']}>&lt;/wd:File>&#xD;
                &lt;wd:Document_Category_Reference>&#xD;
                    &lt;wd:ID wd:type=&quot;Document_Category_ID&quot;>&lt;![CDATA[@{props['Document_Reference_ID']}]]&gt;&lt;/wd:ID>&#xD;
                &lt;/wd:Document_Category_Reference>&#xD;
                &lt;wd:Worker_Reference>&#xD;
                    &lt;!-- D9 this can be either &quot;Employee_ID&quot; or &quot;Contingent_Worker_ID&quot; as specified in the launch parameter -->&#xD;
                    &lt;wd:ID wd:type=&quot;@{props['employee_type']}&quot;>&lt;![CDATA[@{props['Worker_ID']}]]&gt;&lt;/wd:ID>&#xD;
                &lt;/wd:Worker_Reference>     &#xD;
                  &lt;wd:Content_Type>application/pdf&lt;/wd:Content_Type>           &#xD;
            &lt;/wd:Worker_Document_Data>&#xD;
        &lt;/wd:Put_Worker_Document_Request>&#xD;
    &lt;/env:Body>&#xD;
&lt;/env:Envelope></cc:text></cc:message>
                </cc:write>
            </cc:steps>
            <cc:send-error id="SendError" routes-to="CWR-Load"/>
        </cc:async-mediation>
        <cc:async-mediation id="AsyncMediation4" routes-to="Employee-Load">
            <cc:steps>
                <cc:copy id="CopyMsg" output="variable" output-variable="testzip"/>
                <cc:eval id="Eval">
                    <cc:expression>props['filename']= vars['testzip'].fileName</cc:expression>
                </cc:eval>
                <cc:copy id="Copy" input="variable" input-variable="testzip"/>
                <cc:base64-encode description="@{props['filename']}" id="EncodeInBase64" output="variable" output-variable="input.encodeddoc"/>
                <cc:eval id="Eval0">
                    <cc:expression>props['filename.key']= props['filename'].substring((props['filename'].indexOf(&quot;/&quot;)+1))</cc:expression>
                    <cc:expression>props['file_data']= vars['input.encodeddoc'].text</cc:expression>
                </cc:eval>
            </cc:steps>
        </cc:async-mediation>
        <cc:sftp-out id="GetListOfDocFilesFromSFTP10" routes-response-to="AsyncMediation4" endpoint="@{intsys.getAttribute('SFTP Endpoint')}@{props['File_Directory_Load']}" input-file-pattern="@{props['O_File_ID_Key']}" method="get" password="@{intsys.getAttribute('SFTP Password')}" username="@{intsys.getAttribute('SFTP Username')}"/>
        <cc:async-mediation id="AddToLog_Failed1">
            <cc:steps>
                <cc:eval id="Eval">
                    <cc:expression>props['Response'] = 'Special Character Issue/Invalid file name' + props['O_File_ID_Key']</cc:expression>
                </cc:eval>
                <cc:cloud-log id="CloudLog" level="warn" message="@{props['Worker_ID']}" message-details="@{props['Response']}" reference-id="props['File_ID']" variable-name="cloud-log-content"/>
                <cc:log id="Log">
                    <cc:log-message>
                        <cc:text>Worker: @{props['Worker_ID']}&#xD;
Error Response: @{props['Response']}</cc:text>
                    </cc:log-message>
                </cc:log>
            </cc:steps>
        </cc:async-mediation>
        <cc:async-mediation id="AsyncMediation2" routes-to="GetListOfDocFilesFromSFTP10" handle-downstream-errors="true">
            <cc:steps>
                <cc:eval id="Eval">
                    <cc:expression>props['File_ID'] = parts[0].xpath(&quot;/row/Filename&quot;)</cc:expression>
                    <cc:expression>props['File_Name'] = parts[0].xpath(&quot;/row/Filename&quot;)</cc:expression>
                    <cc:expression>props['Comment'] = &quot;&quot;</cc:expression>
                    <cc:expression>props['Document_Reference_ID'] = parts[0].xpath(&quot;/row/CategoryName&quot;);</cc:expression>
                    <cc:expression>props['Worker_ID'] = parts[0].xpath(&quot;/row/SSO-ID&quot;)</cc:expression>
                    <cc:expression>props['File_Content_Type'] = &quot; &quot;</cc:expression>
                    <cc:expression>props['O_File_ID_Key'] = props['File_ID'] </cc:expression>
                    <cc:expression>props['base64.value']=props['p.myHashMap'].get(props['O_File_ID_Key'])</cc:expression>
                    <cc:expression>props['employee_type'] ='Employee_ID'</cc:expression>
                    <cc:expression>props['Document_Reference_ID'] = intsys.integrationMapLookup('Document category', props['Document_Reference_ID']);</cc:expression>
                </cc:eval>
                <cc:log id="Log">
                    <cc:log-message>
                        <cc:text>----------------------Worker-----------------------&#xD;
@{props['Worker_ID']}&#xD;
</cc:text>
                    </cc:log-message>
                </cc:log>
            </cc:steps>
            <cc:send-error id="SendError" routes-to="AddToLog_Failed1"/>
        </cc:async-mediation>
        <cc:splitter id="Splitter">
            <cc:sub-route name="SubRoute" routes-to="AsyncMediation2"/>
            <cc:xml-stream-splitter xpath="/*/*"/>
        </cc:splitter>
        <cc:local-out id="CopyError" store-message="none" endpoint="vm://INT465_Libris_Polska_Document_SI_Inbound/Common-Error"/>
        <cc:async-mediation id="AsyncMediation1" routes-to="Splitter" handle-downstream-errors="true">
            <cc:steps>
                <cc:copy id="Copy" output-mimetype="text/xml" input="variable" input-variable="test"/>
            </cc:steps>
            <cc:send-error id="SendError" routes-to="CopyError"/>
        </cc:async-mediation>
        <cc:local-in id="Zip-File-Process" routes-to="AsyncMediation1"/>
        <cc:async-mediation id="AddToLog_Failed10">
            <cc:steps>
                <cc:eval id="Eval">
                    <cc:expression>props['Response'] = 'Special Character Issue'</cc:expression>
                </cc:eval>
                <cc:cloud-log id="CloudLog" level="warn" message="@{props['Worker_ID']}" message-details="@{props['Response']}" reference-id="props['File_ID']" variable-name="cloud-log-content"/>
            </cc:steps>
        </cc:async-mediation>
        <cc:local-out id="Note-Error" routes-response-to="AddToLog_Failed10" endpoint="vm://wcc/PutIntegrationMessage">
            <cc:set name="is.message.severity" value="'WARNING'"/>
            <cc:set name="is.message.summary" value="context.errorMessage"/>
        </cc:local-out>
        <cc:send-error id="global-error-handler" rethrow-error="false" routes-to="Note-Error"/>
        <cc:async-mediation id="AsyncMediation01">
            <cc:steps>
                <cc:store id="Store" input="variable" input-variable="cloud-log-content" createDocumentReference="true" expiresIn="P6M" title="Processing_Log.html"/>
                <cc:log id="Log">
                    <cc:log-message>
                        <cc:text>Stored: Processing_Log.html</cc:text>
                    </cc:log-message>
                </cc:log>
            </cc:steps>
        </cc:async-mediation>
        <cc:local-out id="CallSubRoutine0" store-message="none" routes-response-to="AsyncMediation01" endpoint="vm://INT465_Libris_Polska_Document_SI_Inbound/Zip-File-Process"/>
        <cc:async-mediation id="AsyncMediation0" routes-to="CallSubRoutine0">
            <cc:steps>
                <cc:copy id="Copy" output="variable" output-variable="input" input="message"/>
                <cc:store id="Store" input="variable" input-variable="input" createDocumentReference="true" expiresIn="P6M" title="Libris_Input.csv"/>
                <cc:copy id="Copy0" input="variable" input-variable="input"/>
                <cc:csv-to-xml id="CsvToXml" output="variable" output-variable="test" separator="," useFirstLineAsHeader="true"/>
                <cc:eval id="SetLogging"><cc:expression>vars['error.log.text'] = ['Employee ID, Filename, Errors','text/plain']</cc:expression><cc:expression>props['log.document.filename'] = 'Process_Log.csv'</cc:expression><cc:expression>props['ftp.files.position'] = 0</cc:expression><cc:expression>props['errors'] = 0</cc:expression>
    <cc:expression>props['count1'] = 1</cc:expression></cc:eval>
                <cc:write id="SetLogFile" output="variable" output-variable="error.log.text">
                    <cc:message>
                        <cc:text>@{vars['error.log.text'].text}&#xD;
------------------------------------&#xD;
@{props['count1']}&#xD;
---------------------------------</cc:text>
                        <cc:line-separator/>
                    </cc:message>
                </cc:write>
                <cc:eval id="Eval">
                    <cc:expression>props['employee_type'] ='Employee_ID'</cc:expression>
                </cc:eval>
            </cc:steps>
        </cc:async-mediation>
        <cc:sftp-out id="GetListOfDocFilesFromSFTP1" routes-response-to="AsyncMediation0" endpoint="@{intsys.getAttribute('SFTP Endpoint')}@{props['File_Directory']}" input-file-pattern="@{props['Document_Name']}" method="get" password="@{intsys.getAttribute('SFTP Password')}" username="@{intsys.getAttribute('SFTP Username')}"/>
        <cc:async-mediation id="AsyncMediation00" routes-to="GetListOfDocFilesFromSFTP1">
            <cc:steps>
                <cc:eval id="Eval0">
                    <cc:expression>props['employee_type'] ='Employee_ID'</cc:expression>
                    <cc:expression>props['File_Directory'] = lp.getSimpleData('File Directory')</cc:expression>
                    <cc:expression>props['Document_Name'] = lp.getSimpleData('Document Name')</cc:expression>
                    <cc:expression>props['p.myHashMap']= new java.util.HashMap()</cc:expression>
                    <cc:expression>props['File_Directory_Load'] = lp.getSimpleData('File Directory Load')</cc:expression>
                    <cc:expression>props['CSV_Sequencer'] = lp.getSequencedValue('INT465_CSV_Sequence_Generator');&#xD;
props['Document_Name'] = (props['Document_Name'] != 'null' &amp;&amp; props['Document_Name'] != empty ? props['Document_Name'] : props['CSV_Sequencer'])</cc:expression>
                    <cc:expression>props['PDF_Sequencer'] = lp.getSequencedValue('INT465_PDF_Sequence_Generator');&#xD;
props['File_Directory_Load'] = (props['File_Directory_Load'] != 'null' &amp;&amp; props['File_Directory_Load'] != empty ? props['File_Directory_Load'] : props['PDF_Sequencer'])</cc:expression>
                </cc:eval>
            </cc:steps>
        </cc:async-mediation>
        <cc:workday-in id="StartHere" routes-to="AsyncMediation00">
            <cc:integration-system name="INT465 Libris Polska Document SI Inbound">
        <cloud:param name="File Directory">
          <cloud:type>
            <cloud:simple-type>text</cloud:simple-type>
          </cloud:type>
        </cloud:param>
        <cloud:param name="Document Name">
          <cloud:type>
            <cloud:simple-type>text</cloud:simple-type>
          </cloud:type>
        </cloud:param>
        <cloud:param name="File Directory Load ">
          <cloud:type>
            <cloud:simple-type>text</cloud:simple-type>
          </cloud:type>
        </cloud:param>
        <cloud:attribute-map-service name="Worker Doc Load Attributes">
          <cloud:attribute name="SFTP Endpoint">
            <cloud:type>
              <cloud:simple-type>text</cloud:simple-type>
            </cloud:type>
            <cloud:display-option>required-for-launch</cloud:display-option>
          </cloud:attribute>
          <cloud:attribute name="SFTP Username">
            <cloud:type>
              <cloud:simple-type>text</cloud:simple-type>
            </cloud:type>
            <cloud:display-option>required-for-launch</cloud:display-option>
          </cloud:attribute>
          <cloud:attribute name="SFTP Password">
            <cloud:type>
              <cloud:simple-type>text</cloud:simple-type>
            </cloud:type>
            <cloud:display-option>display-as-password</cloud:display-option>
            <cloud:display-option>required-for-launch</cloud:display-option>
          </cloud:attribute>
          <cloud:attribute name="Workday Username">
            <cloud:type>
              <cloud:simple-type>text</cloud:simple-type>
            </cloud:type>
            <cloud:display-option>required-for-launch</cloud:display-option>
          </cloud:attribute>
          <cloud:attribute name="Workday Password">
            <cloud:type>
              <cloud:simple-type>text</cloud:simple-type>
            </cloud:type>
            <cloud:display-option>display-as-password</cloud:display-option>
            <cloud:display-option>required-for-launch</cloud:display-option>
          </cloud:attribute>
          <cloud:map name="Document category">
            <cloud:internal-type>
              <cloud:simple-type>text</cloud:simple-type>
            </cloud:internal-type>
            <cloud:external-type>
              <cloud:simple-type>text</cloud:simple-type>
            </cloud:external-type>
          </cloud:map>
        </cloud:attribute-map-service>
        <cloud:sequence-generator-service name="INT465_CSV_Sequence_Generator">
          <cloud:sequencer>INT465_CSV_Sequence_Generator</cloud:sequencer>
        </cloud:sequence-generator-service>
        <cloud:sequence-generator-service name="INT465_PDF_Sequence_Generator">
          <cloud:sequencer>INT465_PDF_Sequence_Generator</cloud:sequencer>
        </cloud:sequence-generator-service>
      </cc:integration-system>
        </cc:workday-in>
        <cc:local-out id="PutIntegrationMessage" endpoint="vm://wcc/PutIntegrationMessage">
            <cc:set name="is.message.severity" value="'ERROR'"/>
            <cc:set name="is.message.summary" value="'Error Details-' + context.errorMessage"/>
        </cc:local-out>
        <cc:local-in id="Common-Error" routes-to="PutIntegrationMessage"/>
	</cc:assembly>

</beans>