<?xml version="1.0" encoding="UTF-8"?>
<beans
     xmlns="http://www.springframework.org/schema/beans"
     xmlns:beans="http://www.springframework.org/schema/beans"
     xmlns:atom="http://www.w3.org/2005/Atom"
     xmlns:cc="http://www.capeclear.com/assembly/10"
     xmlns:cloud="urn:com.workday/esb/cloud/10.0"
     xmlns:env="http://schemas.xmlsoap.org/soap/envelope/"
     xmlns:pi="urn:com.workday/picof"
     xmlns:wd="urn:com.workday/bsvc"
     xmlns:xsi="http://www.w3.org/2001/XMLSchema-instance">
 
	<cc:assembly id="WorkdayAssembly" version="20">
        <cc:workday-in id="Start" routes-to="InitializeParameters">
            <cc:integration-system name="INT0067 Advice To Pay File Inbound">
        <cloud:sequence-generator-service name="INT0067-Sequences">
          <cloud:sequencer>INT0067-ATP-FileName</cloud:sequencer>
        </cloud:sequence-generator-service>
        <cloud:retrieval-service name="INT0067-Retrieval"/>
      </cc:integration-system>
        </cc:workday-in>
        <cc:local-out id="SendDocRetrievalError" endpoint="vm://wcc/PutIntegrationMessage">
            <cc:set name="is.message.severity" value="'CRITICAL'"/>
            <cc:set name="is.message.summary" value="context.errorMessage"/>
            <cc:set name="is.message.detail" value="context.errorMessage"/>
        </cc:local-out>
        <cc:sync-mediation id="InitializeParameters" routes-to="CallProcessInputFile">
            <cc:request-steps>
                <cc:eval id="LaunchParameters"><cc:expression>props['source.name'] = parts[0].xpath('/*/*/wd:Get_Integration_Systems_Response/wd:Response_Data/wd:Integration_System/wd:Integration_System_Data/wd:Integration_System_Name')</cc:expression><cc:expression>props['source.id'] = parts[0].xpath('/*/*/wd:Get_Integration_Systems_Response/wd:Response_Data/wd:Integration_System/wd:Integration_System_Data/wd:Integration_System_ID')</cc:expression></cc:eval>
                <cc:eval id="InitParameters"><cc:expression>vars['audit.log'] = null </cc:expression><cc:expression>props['split.counter'] = 0</cc:expression><cc:expression>props['processed.count'] = 0</cc:expression><cc:expression>props['error.count'] = 0</cc:expression><cc:expression>props['processed.amt'] = 0</cc:expression><cc:expression>vars['detailed.audit.log'] = ''</cc:expression><cc:expression>vars['error.audit.log'] = ''</cc:expression></cc:eval>
                <cc:eval id="GetFile"><cc:expression>if (da.size() > 0 ) {da.toVar(0, &quot;wd.retrieve.variable&quot;)}</cc:expression></cc:eval>
            </cc:request-steps>
            <cc:response-steps>
            </cc:response-steps>
            <cc:send-error id="ErrorHandlerDocumentRetrieval" routes-to="SendDocRetrievalError"/>
        </cc:sync-mediation>
        <cc:local-out id="PutSummaryMessage" endpoint="vm://wcc/PutIntegrationMessage">
            <cc:set name="is.message.severity" value="'INFO'"/>
            <cc:set name="is.message.summary" value="' Total Number of Records Processeed: ' + props['split.counter'] + '  Number of Records Inserted: ' +props['processed.count']  + ' Number of Records Errored: ' +props['error.count']"/>
        </cc:local-out>
        <cc:local-out id="CallWriteLogs" store-message="both" routes-response-to="PutSummaryMessage" endpoint="vm://INT0067-Advice-To-Pay-File-Inbound/WriteLog"/>
        <cc:local-out id="CallProcessInputFile" store-message="both" routes-response-to="CallWriteLogs" endpoint="vm://INT0067-Advice-To-Pay-File-Inbound/ProcessInputFile"/>
        <cc:local-out id="LogInputDataError" endpoint="vm://INT0067-Advice-To-Pay-File-Inbound/WriteErrorLog">
            <cc:set name="si.summary" value="context.errorMessage"/>
            <cc:set name="si.severity" value="'ERROR'"/>
        </cc:local-out>
        <cc:async-mediation id="InitializeRowData" routes-to="CallAddPayrollInputData" handle-downstream-errors="true">
            <cc:steps>
                <cc:log id="Log">
                    <cc:log-message>
                        <cc:message-content/>
                    </cc:log-message>
                </cc:log>
                <cc:eval id="InitializeRow"><cc:expression>props['split.counter'] = props['split.counter'] + 1</cc:expression><cc:expression>vars['audit.starts'] = null</cc:expression><cc:expression>props['Employee_ID'] = null</cc:expression><cc:expression>props['Pay_Start_Date']  = null</cc:expression><cc:expression>props['Pay_End_Date']  = null</cc:expression><cc:expression>props['Earnings_Code_for_Offset']  = null</cc:expression><cc:expression>props['Statutory_Offset_Amount'] = null</cc:expression><cc:expression>props['Earnings_Code_for_Gross'] = null</cc:expression><cc:expression>props['Payment_Amount'] = null</cc:expression><cc:expression>props['Hours_of_Lost_Time'] = null</cc:expression><cc:expression>props['Number_of_Days'] = null</cc:expression><cc:expression>props['Pay_Group'] = null</cc:expression></cc:eval>
                <cc:eval id="ReadData"><cc:expression>props['Employee_ID'] = parts[0].xpath(&quot;/wd:Row/wd:Employee_ID&quot;)</cc:expression><cc:expression>props['DeductionCode']  = parts[0].xpath(&quot;/wd:Row/wd:Deduction_Code&quot;)</cc:expression><cc:expression>props['Pay_Start_Date']  = parts[0].xpath(&quot;/wd:Row/wd:Pay_Start_Date&quot;)</cc:expression><cc:expression>props['Pay_End_Date']  = parts[0].xpath(&quot;/wd:Row/wd:Pay_End_Date&quot;)</cc:expression><cc:expression>props['Earnings_Code_for_Offset']  = parts[0].xpath(&quot;/wd:Row/wd:Earnings_Code_for_Offset&quot;)</cc:expression><cc:expression>props['Statutory_Offset_Amount']  = parts[0].xpath(&quot;/wd:Row/wd:Statutory_Offset_Amount&quot;)</cc:expression><cc:expression>props['Earnings_Code_for_Gross']  = parts[0].xpath(&quot;/wd:Row/wd:Earnings_Code_for_Gross&quot;)</cc:expression><cc:expression>props['Payment_Amount']  = parts[0].xpath(&quot;/wd:Row/wd:Payment_Amount&quot;)</cc:expression><cc:expression>props['Hours_of_Lost_Time']  = parts[0].xpath(&quot;/wd:Row/wd:Hours_of_Lost_Time&quot;)</cc:expression><cc:expression>props['Number_of_Days']  = parts[0].xpath(&quot;/wd:Row/wd:Number_of_Days&quot;)</cc:expression><cc:expression>props['Pay_Group'] = parts[0].xpath(&quot;/wd:Row/wd:Pay_Group&quot;)</cc:expression></cc:eval>
                <cc:log id="LOG">
                    <cc:log-message><cc:text>  'Data = props['Employee_ID']  '    @{props['Employee_ID']  }  </cc:text></cc:log-message>
                </cc:log>
            </cc:steps>
            <cc:send-error id="SendInputDataError" routes-to="LogInputDataError"/>
        </cc:async-mediation>
        <cc:local-out id="SendSchemaError" endpoint="vm://wcc/PutIntegrationMessage">
            <cc:set name="is.message.severity" value="'ERROR'"/>
            <cc:set name="is.message.summary" value="context.errorMessage"/>
            <cc:set name="is.message.detail" value="context.errorMessage"/>
        </cc:local-out>
        <cc:splitter id="SplitEachRow" no-split-message-error="true">
            <cc:sub-route name="SubRoute" routes-to="InitializeRowData"/>
            <cc:xpath-splitter xpath="/wd:Input/wd:Row[wd:Record_Type='DD']"/>
        </cc:splitter>
        <cc:async-mediation id="convertToXML" routes-to="SplitEachRow">
            <cc:steps>
                <cc:csv-to-xml id="Convert" input="variable" input-variable="wd.retrieve.variable" colNames="Record_Type|Pay_Group|Pay_Period_EndDate|Employee_ID|Date_of_Disability|Pay_Start_Date|Pay_End_Date|Earnings_Code_for_Offset|Statutory_Offset_Amount|Earnings_Code_for_Gross|Payment_Amount|Hours_of_Lost_Time|Number_of_Days" namespacePrefix="wd" namespaceURI="urn:com.workday/bsvc" rootName="Input" rowName="Row" separator="|" useFirstLineAsHeader="false"/>
                <cc:log id="Log">
                    <cc:log-message>
                        <cc:text>'converted............'</cc:text>
                        <cc:message-content/>
                    </cc:log-message>
                </cc:log>
            </cc:steps>
            <cc:send-error id="SchemaError" routes-to="SendSchemaError"/>
        </cc:async-mediation>
        <cc:local-in id="ProcessInputFile" routes-to="convertToXML"/>
        <cc:local-out id="CallAddPayrollInputData" endpoint="vm://INT0067-Advice-To-Pay-File-Inbound/ProcessAddPayrollInputData"/>
        <cc:local-out id="LogSuccess" endpoint="vm://INT0067-Advice-To-Pay-File-Inbound/WriteDetailedLog">
            <cc:set name="si.severity" value="'INFO'"/>
            <cc:set name="si.summary" value="'Success'"/>
        </cc:local-out>
        <cc:workday-out-soap id="SubmitPayrollInput" routes-response-to="LogNYEmplErrorMessage" application="Payroll" version="v20"/>
        <cc:local-out id="LogErrorMessage2" endpoint="vm://INT0067-Advice-To-Pay-File-Inbound/WriteErrorLog">
            <cc:set name="si.summary" value="context.getErrorMessage()"/>
            <cc:set name="si.severity" value="'ERROR'"/>
        </cc:local-out>
        <cc:async-mediation id="BuildPayrollPaymentsRequest" routes-to="SubmitPayrollInput" handle-downstream-errors="true">
            <cc:steps>
                <cc:xslt id="BuildRequest" input="message" url="TransformRow.xsl"/>
                <cc:log id="Log_Request">
                    <cc:log-message>
                        <cc:text>&#xD;
PI Start Request for @{props['EmplID']} : &#xD;
'PG ' @{props['Pay_Group']}&#xD;
'Code ' @{props['Earnings_Code_for_Gross']}&#xD;
</cc:text>
                        <cc:message-content/>
                        <cc:line-separator/>
                    </cc:log-message>
                </cc:log>
            </cc:steps>
            <cc:send-error id="SubmitError" routes-to="LogErrorMessage2"/>
        </cc:async-mediation>
        <cc:local-in id="ProcessAddPayrollInputData" routes-to="BuildPayrollPaymentsRequest"/>
        <cc:local-out id="PutErrorIntegrationMessage" endpoint="vm://wcc/PutIntegrationMessage">
            <cc:set name="is.message.severity" value="props['si.severity']"/>
            <cc:set name="is.message.summary" value="props['Employee_ID']  +'- ' + props['si.summary']"/>
        </cc:local-out>
        <cc:async-mediation id="WriteError" routes-to="PutErrorIntegrationMessage">
            <cc:steps>
                <cc:write id="Write2Log" output="variable" output-variable="error.audit.log">
                    <cc:message><cc:text>@{vars['error.audit.log'].text}&#xD;
&lt;PayInputEntry>&#xD;
&lt;EmplID>'@{props['Employee_ID']}&lt;/EmplID> &#xD;
&lt;PayStartDate>@{props['Pay_Start_Date']}&lt;/PayStartDate> &#xD;
&lt;PayEndDate>@{props['Pay_End_Date']}&lt;/PayEndDate> &#xD;
&lt;EarningsCodeforOffset>@{props['Earnings_Code_for_Offset']}&lt;/EarningsCodeforOffset>&#xD;
&lt;StatutoryOffsetAmount>@{props['Statutory_Offset_Amount']}&lt;/StatutoryOffsetAmount>&#xD;
&lt;EarningsCodeforGross>@{props['Earnings_Code_for_Gross']}&lt;/EarningsCodeforGross>&#xD;
&lt;PaymentAmount>@{props['Payment_Amount']}&lt;/PaymentAmount>&#xD;
&lt;HoursofLostTime>@{props['Hours_of_Lost_Time']}&lt;/HoursofLostTime>&#xD;
&lt;NumberofDays>@{props['Number_of_Days']}&lt;/NumberofDays>&#xD;
&lt;Response>Response : @{props['si.summary']}&lt;/Response>&#xD;
&lt;/PayInputEntry></cc:text></cc:message>
                </cc:write>
            </cc:steps>
        </cc:async-mediation>
        <cc:async-mediation id="HandleErrors" routes-to="WriteError">
            <cc:steps>
                <cc:eval id="Evaluate"><cc:expression>props['error.count'] = props['error.count'] + 1</cc:expression></cc:eval>
            </cc:steps>
        </cc:async-mediation>
        <cc:local-in id="WriteErrorLog" routes-to="HandleErrors">
            <cc:parameter name="si.severity"/>
            <cc:parameter name="si.summary"/>
        </cc:local-in>
        <cc:local-out id="PutSuccessfullIntegrationMessage" endpoint="vm://wcc/PutIntegrationMessage">
            <cc:set name="is.message.severity" value="props['si.severity']"/>
            <cc:set name="is.message.summary" value="props['Employee_ID']  +'- ' + props['si.summary']"/>
        </cc:local-out>
        <cc:async-mediation id="SuccessLog" routes-to="PutSuccessfullIntegrationMessage">
            <cc:steps>
                <cc:write id="Write2Log" output="variable" output-variable="detailed.audit.log">
                    <cc:message><cc:text>@{vars['detailed.audit.log'].text}&#xD;
&lt;PayInputEntry>&#xD;
&lt;EmplID>'@{props['Employee_ID']}&lt;/EmplID> &#xD;
&lt;PayStartDate>@{props['Pay_Start_Date']}&lt;/PayStartDate> &#xD;
&lt;PayEndDate>@{props['Pay_End_Date']}&lt;/PayEndDate> &#xD;
&lt;EarningsCodeforOffset>@{props['Earnings_Code_for_Offset']}&lt;/EarningsCodeforOffset>&#xD;
&lt;StatutoryOffsetAmount>@{props['Statutory_Offset_Amount']}&lt;/StatutoryOffsetAmount>&#xD;
&lt;EarningsCodeforGross>@{props['Earnings_Code_for_Gross']}&lt;/EarningsCodeforGross>&#xD;
&lt;PaymentAmount>@{props['Payment_Amount']}&lt;/PaymentAmount>&#xD;
&lt;HoursofLostTime>@{props['Hours_of_Lost_Time']}&lt;/HoursofLostTime>&#xD;
&lt;NumberofDays>@{props['Number_of_Days']}&lt;/NumberofDays>&#xD;
&lt;Response>Response : @{props['si.summary']}&lt;/Response>&#xD;
&lt;/PayInputEntry></cc:text></cc:message>
                </cc:write>
            </cc:steps>
        </cc:async-mediation>
        <cc:async-mediation id="HandleMessages" routes-to="SuccessLog">
            <cc:steps>
                <cc:eval id="Evaluate"><cc:expression>props['processed.count'] = props['processed.count'] + 1</cc:expression><cc:expression>props['processed.amt'] = props['processed.amt'] + props['Payment_Amount']</cc:expression></cc:eval>
            </cc:steps>
        </cc:async-mediation>
        <cc:local-in id="WriteDetailedLog" routes-to="HandleMessages">
            <cc:parameter name="si.severity"/>
            <cc:parameter name="si.summary"/>
        </cc:local-in>
        <cc:local-out id="StoreSummaryLogData" endpoint="vm://wcc/PutIntegrationMessage">
            <cc:set name="is.message.severity" value="'INFO'"/>
            <cc:set name="is.message.summary" value="'ATP Pay inbound integration sumamry log is available on the output files tab.'"/>
            <cc:set name="is.document.variable.name" value="'ATPPay.summary.log'"/>
            <cc:set name="is.document.file.name" value="'ATPPay.summary.log.csv'"/>
        </cc:local-out>
        <cc:async-mediation id="TransformSummaryData" routes-to="StoreSummaryLogData">
            <cc:steps>
                <cc:write id="Wrap">
                    <cc:message><cc:text>&lt;Audit>&#xD;
   &lt;Header> &#xD;
		&lt;Col1>Total Number of Records Processed&lt;/Col1>&#xD;
		&lt;Col2>Total Number of Records Loaded&lt;/Col2>&#xD;
		&lt;Col3>Total Number of Records Errored&lt;/Col3>&#xD;
		&lt;Col4>Total Amount&lt;/Col4> &#xD;
	&lt;/Header>&#xD;
	&lt;Details> &#xD;
		&lt;Col1>@{props['split.counter']}&lt;/Col1>&#xD;
		&lt;Col2>@{props['processed.count']}&lt;/Col2>&#xD;
		&lt;Col3>@{props['error.count']}&lt;/Col3>&#xD;
		&lt;Col4>@{props['processed.amt']}&lt;/Col4>&#xD;
	&lt;/Details>&#xD;
&lt;/Audit>&#xD;
</cc:text></cc:message>
                </cc:write>
                <cc:copy id="Copy" output="attachment" output-attachment-index="0" output-mimetype="text/xml"/>
                <cc:xml-to-csv id="XML2CSV" output="attachment" output-attachment-index="1" output-mimetype="text/csv" input="attachment" input-attachment-index="0"/>
                <cc:store id="STORE" output="variable" output-mimetype="text/csv" output-variable="ATPPay.summary.log" input="attachment" input-attachment-index="1" collection="INT0067-Advice-To-Pay-File-Inbound" title="ATP Pay Integration Summary Log"/>
            </cc:steps>
            <cc:log-error id="errorHandler">
                <cc:log-message>
                    <cc:exception/>
                </cc:log-message>
            </cc:log-error>
        </cc:async-mediation>
        <cc:local-out id="StoreDetailedLogData" routes-response-to="TransformSummaryData" endpoint="vm://wcc/PutIntegrationMessage">
            <cc:set name="is.message.severity" value="'INFO'"/>
            <cc:set name="is.message.summary" value="'ATP Pay inbound integration detailed log is available on the output files tab.'"/>
            <cc:set name="is.document.variable.name" value="'ATPPay.detailed.log'"/>
            <cc:set name="is.document.file.name" value="'ATPPay.detailed.log.csv'"/>
        </cc:local-out>
        <cc:async-mediation id="TransformDetailedLogData" routes-to="StoreDetailedLogData">
            <cc:steps>
                <cc:write id="Wrap">
                    <cc:message><cc:text>&lt;Audit>&#xD;
&lt;Header> &#xD;
	    &lt;Col1>Employee_ID&lt;/Col1>&#xD;
	  &lt;Col2>Pay_Start_Date Start Date &lt;/Col2>&#xD;
		&lt;Col3>Pay_End_Date&lt;/Col3>&#xD;
		&lt;Col4>Earnings_Code_for_Offset&lt;/Col4>&#xD;
		&lt;Col5>Statutory_Offset_Amount&lt;/Col5>&#xD;
		&lt;Col6>Earnings_Code_for_Gross&lt;/Col6> &#xD;
		&lt;Col7>Payment_Amount&lt;/Col7> &#xD;
		&lt;Col8>Hours_of_Lost_Time&lt;/Col8>&#xD;
		&lt;Col9>Number_of_Days&lt;/Col9>&#xD;
		&lt;Col10>Message&lt;/Col10>&#xD;
	&lt;/Header>&#xD;
@{vars['detailed.audit.log'].text}&#xD;
&lt;/Audit>&#xD;
</cc:text></cc:message>
                </cc:write>
                <cc:copy id="Copy" output="attachment" output-attachment-index="0" output-mimetype="text/xml"/>
                <cc:xml-to-csv id="XML2CSV" output="attachment" output-attachment-index="1" output-mimetype="text/csv" input="attachment" input-attachment-index="0"/>
                <cc:store id="STORE" output="variable" output-mimetype="text/csv" output-variable="ATPPay.detailed.log" input="attachment" input-attachment-index="1" collection="INT0067-Advice-To-Pay-File-Inbound" title="ATP Pay Integration Detailed Log"/>
            </cc:steps>
            <cc:log-error id="errorHandler">
                <cc:log-message>
                    <cc:exception/>
                </cc:log-message>
            </cc:log-error>
        </cc:async-mediation>
        <cc:local-out id="StoreErrorLogData" routes-response-to="TransformDetailedLogData" endpoint="vm://wcc/PutIntegrationMessage">
            <cc:set name="is.message.severity" value="'INFO'"/>
            <cc:set name="is.message.summary" value="'ATP Pay inbound integration error log is available on the output files tab.'"/>
            <cc:set name="is.document.variable.name" value="'ATPPay.error.log'"/>
            <cc:set name="is.document.file.name" value="'ATPPay.error.log.csv'"/>
        </cc:local-out>
        <cc:async-mediation id="TransformErrorLogData" routes-to="StoreErrorLogData">
            <cc:steps>
                <cc:write id="Wrap">
                    <cc:message><cc:text>&lt;Audit>&#xD;
&lt;Header> &#xD;
	    &lt;Col1>Employee_ID&lt;/Col1>&#xD;
	  &lt;Col2>Pay_Start_Date Start Date &lt;/Col2>&#xD;
		&lt;Col3>Pay_End_Date&lt;/Col3>&#xD;
		&lt;Col4>Earnings_Code_for_Offset&lt;/Col4>&#xD;
		&lt;Col5>Statutory_Offset_Amount&lt;/Col5>&#xD;
		&lt;Col6>Earnings_Code_for_Gross&lt;/Col6> &#xD;
		&lt;Col7>Payment_Amount&lt;/Col7> &#xD;
		&lt;Col8>Hours_of_Lost_Time&lt;/Col8>&#xD;
		&lt;Col9>Number_of_Days&lt;/Col9>&#xD;
		&lt;Col10>Message&lt;/Col10>&#xD;
	&lt;/Header>&#xD;
@{vars['error.audit.log'].text}&#xD;
&lt;/Audit>&#xD;
</cc:text></cc:message>
                </cc:write>
                <cc:copy id="Copy" output="attachment" output-attachment-index="0" output-mimetype="text/xml"/>
                <cc:xml-to-csv id="XML2CSV" output="attachment" output-attachment-index="1" output-mimetype="text/csv" input="attachment" input-attachment-index="0"/>
                <cc:store id="STORE" output="variable" output-mimetype="text/csv" output-variable="ATPPay.error.log" input="attachment" input-attachment-index="1" collection="INT0067-Advice-To-Pay-File-Inbound" title="ATP Pay Integration Error Log"/>
            </cc:steps>
            <cc:log-error id="errorHandler">
                <cc:log-message>
                    <cc:exception/>
                </cc:log-message>
            </cc:log-error>
        </cc:async-mediation>
        <cc:local-in id="WriteLog" routes-to="TransformErrorLogData"/>
        <cc:local-out id="PutIntegrationEvent" endpoint="vm://wcc/PutIntegrationEvent">
            <cc:set name="is.event.completed" value="&quot;current&quot;"/>
        </cc:local-out>
        <cc:local-out id="PutIntegrationMessage" routes-response-to="PutIntegrationEvent" endpoint="vm://wcc/PutIntegrationMessage">
            <cc:set name="is.message.severity" value="'CRITICAL'"/>
            <cc:set name="is.message.summary" value="'Critical Error Has Occured. Please See Detail!'"/>
            <cc:set name="is.message.detail" value="context.getErrorMessage()"/>
        </cc:local-out>
        <cc:send-error id="SendError" routes-to="PutIntegrationMessage"/>
        <cc:async-mediation id="ValidationMode" execute-steps-when="(props['lp.validation.mode'] == '1' || props['lp.validation.mode'] == true)">
            <cc:steps>
                <cc:set-headers id="ValidationOn">
                    <cc:remove-headers/>
                    <cc:add-headers>
                        <cc:add-header name="X-Validate-Only" value="1"/>
                    </cc:add-headers>
                </cc:set-headers>
                <cc:log id="LogReq">
                    <cc:log-message>
                        <cc:text>&#xD;
----Web Service Request---&#xD;
&#xD;
</cc:text>
                        <cc:message-content/>
                        <cc:line-separator/>
                    </cc:log-message>
                </cc:log>
            </cc:steps>
        </cc:async-mediation>
        <cc:local-out id="LogNYEmplErrorMessage" execute-when="props['Pay_Group'] == 'Monthly' &amp;&amp; (props['Earnings_Code_for_Gross'] == 'STD_60'  ||  props['Earnings_Code_for_Gross'] == 'STD_100'  ||  props['Earnings_Code_for_Gross'] == 'STD_75')" routes-response-to="LogSuccess" endpoint="vm://INT0067-Advice-To-Pay-File-Inbound/WriteErrorLog">
            <cc:set name="si.summary" value="'Employee ID ' + props['Employee_ID'] + ' has Monthly PayGroup with Earnings Code for Gross  ' + props['Earnings_Code_for_Gross'] "/>
            <cc:set name="si.severity" value="'ERROR'"/>
        </cc:local-out>
	</cc:assembly>

</beans>