<?xml version="1.0" encoding="UTF-8"?>
<wdnm:Diagram xmlns:wdnm="http://workday.com/studio/editors/notation">
  <element href="assembly.xml#WorkdayAssembly"/>
  <visualProperties x="35" y="111">
    <element href="assembly.xml#FireIntegration"/>
  </visualProperties>
  <visualProperties x="211" y="67">
    <element href="assembly.xml#GetINTProps"/>
  </visualProperties>
  <visualProperties x="222" y="238">
    <element href="assembly.xml#PutErrMsg0"/>
  </visualProperties>
  <visualProperties x="204" y="377">
    <element href="assembly.xml#WriteRequest"/>
  </visualProperties>
  <visualProperties x="253" y="521">
    <element href="assembly.xml#PutErrMsg1"/>
  </visualProperties>
  <visualProperties x="437" y="421">
    <element href="assembly.xml#PagedGet"/>
  </visualProperties>
  <visualProperties x="946" y="1258">
    <element href="assembly.xml#PutINTCompleteEvent"/>
  </visualProperties>
  <visualProperties x="68" y="636">
    <element href="assembly.xml#ProcessFile"/>
  </visualProperties>
  <visualProperties x="248" y="684">
    <element href="assembly.xml#SplitPayrollResult"/>
  </visualProperties>
  <visualProperties x="453" y="692">
    <element href="assembly.xml#ProcessyPayrollResult"/>
  </visualProperties>
  <visualProperties x="592" y="866">
    <element href="assembly.xml#PutErrMsg2"/>
  </visualProperties>
  <visualProperties x="37" y="1014">
    <element href="assembly.xml#WriteFiles"/>
  </visualProperties>
  <visualProperties x="176" y="1004">
    <element href="assembly.xml#Store"/>
  </visualProperties>
  <visualProperties x="310" y="1155">
    <element href="assembly.xml#PutErrMsg3"/>
  </visualProperties>
  <visualProperties x="838" y="736">
    <element href="assembly.xml#Call-WriteAuditFile"/>
  </visualProperties>
  <visualProperties x="81" y="1222">
    <element href="assembly.xml#WriteAuditFile"/>
  </visualProperties>
  <visualProperties x="474" y="1365">
    <element href="assembly.xml#PutErrMsg4"/>
  </visualProperties>
  <visualProperties x="411" y="1214">
    <element href="assembly.xml#WriteAudit"/>
  </visualProperties>
  <visualProperties x="725" y="1258">
    <element href="assembly.xml#PutStoreAuditFileHTML"/>
  </visualProperties>
  <visualProperties x="46" y="1511">
    <element href="assembly.xml#//@beans/@mixed.1/@mixed.41"/>
  </visualProperties>
  <visualProperties x="170" y="1511">
    <element href="assembly.xml#PutGlobalErrorMessage"/>
  </visualProperties>
  <visualProperties x="365" y="1511">
    <element href="assembly.xml#PutFailureEvent"/>
  </visualProperties>
  <visualProperties x="1219" y="708">
    <element href="assembly.xml#Aggregate"/>
  </visualProperties>
  <visualProperties x="751" y="465">
    <element href="assembly.xml#PutNoResultsMsg"/>
  </visualProperties>
  <visualProperties x="931" y="465">
    <element href="assembly.xml#CallProcessFile"/>
  </visualProperties>
  <visualProperties x="766" y="107">
    <element href="assembly.xml#CallWriteFiles"/>
  </visualProperties>
  <visualProperties x="586" y="437">
    <element href="assembly.xml#AsyncMediation0"/>
  </visualProperties>
  <visualProperties x="574" y="375">
    <element href="assembly.xml#ProcessResults"/>
  </visualProperties>
  <visualProperties x="607" y="1048">
    <element href="assembly.xml#PutFile-Vendor"/>
  </visualProperties>
  <visualProperties x="25" y="411">
    <element href="assembly.xml#GetPayrollResults"/>
  </visualProperties>
  <visualProperties x="564" y="107">
    <element href="assembly.xml#CallGetPayrollResults"/>
  </visualProperties>
  <visualProperties x="766" y="1484">
    <element href="assembly.xml#AsyncMediation"/>
  </visualProperties>
  <visualProperties x="577" y="1511">
    <element href="assembly.xml#GetPeriodSchedules"/>
  </visualProperties>
  <visualProperties x="934" y="1511">
    <element href="assembly.xml#CallGetPeriodSchedules"/>
  </visualProperties>
  <visualProperties x="1143" y="1475">
    <element href="assembly.xml#AsyncMediation1"/>
  </visualProperties>
  <visualProperties x="358" y="107">
    <element href="assembly.xml#CallGetPeriodSchedule"/>
  </visualProperties>
  <visualProperties x="819" y="599">
    <element href="assembly.xml#RecycleBin"/>
  </visualProperties>
  <visualProperties x="260" y="1214">
    <element href="assembly.xml#Aggregator"/>
  </visualProperties>
  <visualProperties x="81" y="1283">
    <element href="assembly.xml#FinalizeAudit"/>
  </visualProperties>
  <visualProperties x="934" y="107">
    <element href="assembly.xml#Call_Finalize_Audit"/>
  </visualProperties>
  <visualProperties x="1036" y="709">
    <element href="assembly.xml#CopyMessage"/>
  </visualProperties>
  <decorations x="30" y="-32" width="1114" height="324" font="Arial Narrow|24|1" bgColor="15590290" fgColor="1" fontColor="1" type="NOTE" text="Main Assembly"/>
  <decorations x="28" y="575" width="1365" height="371" font="Arial Narrow|20|1" bgColor="9699259" fgColor="1" fontColor="1" type="NOTE" text="File Processing"/>
  <decorations x="23" y="953" width="1129" height="465" font="Arial Narrow|20|1" bgColor="15590290" fgColor="1" fontColor="1" type="NOTE" text="Write Files Assembly"/>
  <decorations x="21" y="1430" width="520" height="155" font="Arial Narrow|20|1" bgColor="8421631" fgColor="1" fontColor="1" type="NOTE" text="Global Error Handler"/>
  <decorations x="23" y="312" width="537" height="256" font="Arial Narrow|24|1" bgColor="15513749" fgColor="1" fontColor="1" type="NOTE" text="Get Payroll Results"/>
  <decorations x="564" y="302" width="633" height="256" font="Arial Narrow|24|1" bgColor="15513749" fgColor="1" fontColor="1" type="NOTE" text="Process Payroll Results"/>
  <decorations x="561" y="1430" width="794" height="155" font="Arial Narrow|24|1" bgColor="15513749" fgColor="1" fontColor="1" type="NOTE" text="Get Period Schedules"/>
  <connections type="routesTo">
    <source href="assembly.xml#FireIntegration"/>
    <target href="assembly.xml#GetINTProps"/>
  </connections>
  <connections type="routesTo" sourceAnchorX="0.4528301886792453" sourceAnchorY="1.0" targetAnchorX="0.38016528925619836" targetAnchorY="0.4864864864864865">
    <source href="assembly.xml#//@beans/@mixed.1/@mixed.3/@mixed.3"/>
    <target href="assembly.xml#PutErrMsg0"/>
  </connections>
  <connections type="routesTo">
    <source href="assembly.xml#WriteRequest"/>
    <target href="assembly.xml#PagedGet"/>
  </connections>
  <connections type="routesTo">
    <source href="assembly.xml#//@beans/@mixed.1/@mixed.13/@mixed.3"/>
    <target href="assembly.xml#PutErrMsg1"/>
  </connections>
  <connections type="routesTo">
    <source href="assembly.xml#//@beans/@mixed.1/@mixed.17/@mixed.3"/>
    <target href="assembly.xml#PutErrMsg2"/>
  </connections>
  <connections type="routesTo">
    <source href="assembly.xml#WriteFiles"/>
    <target href="assembly.xml#Store"/>
  </connections>
  <connections type="routesTo">
    <source href="assembly.xml#//@beans/@mixed.1/@mixed.27/@mixed.3"/>
    <target href="assembly.xml#PutErrMsg3"/>
  </connections>
  <connections type="routesTo" targetAnchorX="0.2956521739130435" targetAnchorY="0.5188679245283019">
    <source href="assembly.xml#WriteAuditFile"/>
    <target href="assembly.xml#Aggregator"/>
  </connections>
  <connections type="routesTo">
    <source href="assembly.xml#//@beans/@mixed.1/@mixed.33/@mixed.3"/>
    <target href="assembly.xml#PutErrMsg4"/>
  </connections>
  <connections type="routesTo">
    <source href="assembly.xml#WriteAudit"/>
    <target href="assembly.xml#PutStoreAuditFileHTML"/>
  </connections>
  <connections type="routesTo">
    <source href="assembly.xml#//@beans/@mixed.1/@mixed.41"/>
    <target href="assembly.xml#PutGlobalErrorMessage"/>
  </connections>
  <connections type="routesResponseTo">
    <source href="assembly.xml#PutGlobalErrorMessage"/>
    <target href="assembly.xml#PutFailureEvent"/>
  </connections>
  <connections type="routesTo" targetAnchorX="0.002074688796680498" targetAnchorY="0.464">
    <source href="assembly.xml#//@beans/@mixed.1/@splitter.0/@subRoute.0"/>
    <target href="assembly.xml#ProcessyPayrollResult"/>
  </connections>
  <connections type="routesTo" targetAnchorX="0.18354430379746836" targetAnchorY="0.43243243243243246">
    <source href="assembly.xml#ProcessyPayrollResult"/>
    <target href="assembly.xml#Call-WriteAuditFile"/>
  </connections>
  <connections type="routesTo">
    <source href="assembly.xml#AsyncMediation0"/>
    <target href="assembly.xml#PutNoResultsMsg"/>
  </connections>
  <connections type="routesTo">
    <source href="assembly.xml#ProcessResults"/>
    <target href="assembly.xml#AsyncMediation0"/>
  </connections>
  <connections type="routesTo">
    <source href="assembly.xml#GetPayrollResults"/>
    <target href="assembly.xml#WriteRequest"/>
  </connections>
  <connections type="routesResponseTo">
    <source href="assembly.xml#CallGetPayrollResults"/>
    <target href="assembly.xml#CallWriteFiles"/>
  </connections>
  <connections type="routesResponseTo">
    <source href="assembly.xml#PutNoResultsMsg"/>
    <target href="assembly.xml#CallProcessFile"/>
  </connections>
  <connections type="routesTo">
    <source href="assembly.xml#Store"/>
    <target href="assembly.xml#PutFile-Vendor"/>
  </connections>
  <connections type="routesTo">
    <source href="assembly.xml#GetPeriodSchedules"/>
    <target href="assembly.xml#AsyncMediation"/>
  </connections>
  <connections type="routesTo">
    <source href="assembly.xml#AsyncMediation"/>
    <target href="assembly.xml#CallGetPeriodSchedules"/>
  </connections>
  <connections type="routesResponseTo">
    <source href="assembly.xml#CallGetPeriodSchedules"/>
    <target href="assembly.xml#AsyncMediation1"/>
  </connections>
  <connections type="routesTo">
    <source href="assembly.xml#GetINTProps"/>
    <target href="assembly.xml#CallGetPeriodSchedule"/>
  </connections>
  <connections type="routesResponseTo">
    <source href="assembly.xml#CallGetPeriodSchedule"/>
    <target href="assembly.xml#CallGetPayrollResults"/>
  </connections>
  <connections type="routesTo">
    <source href="assembly.xml#ProcessFile"/>
    <target href="assembly.xml#SplitPayrollResult"/>
  </connections>
  <connections type="routesResponseTo" sourceAnchorX="1.0" sourceAnchorY="0.5135135135135135" targetAnchorX="0.30337078651685395" targetAnchorY="0.32432432432432434">
    <source href="assembly.xml#PutStoreAuditFileHTML"/>
    <target href="assembly.xml#PutINTCompleteEvent"/>
  </connections>
  <connections type="routesResponseTo" sourceAnchorX="0.7911392405063291" sourceAnchorY="0.5135135135135135" targetAnchorX="0.22388059701492538" targetAnchorY="0.2717391304347826">
    <source href="assembly.xml#Call-WriteAuditFile"/>
    <target href="assembly.xml#CopyMessage"/>
  </connections>
  <connections type="routesTo" sourceAnchorX="0.6608695652173913" sourceAnchorY="0.4528301886792453" targetAnchorX="0.4291497975708502" targetAnchorY="0.488">
    <source href="assembly.xml#Aggregator"/>
    <target href="assembly.xml#WriteAudit"/>
  </connections>
  <connections type="routesTo" sourceAnchorX="0.6984126984126984" sourceAnchorY="0.7837837837837838" targetAnchorX="0.26956521739130435" targetAnchorY="0.6320754716981132">
    <source href="assembly.xml#FinalizeAudit"/>
    <target href="assembly.xml#Aggregator"/>
  </connections>
  <connections type="routesResponseTo" sourceAnchorX="0.7686567164179104" sourceAnchorY="0.7297297297297297" targetAnchorX="0.5064102564102564" targetAnchorY="0.4594594594594595">
    <source href="assembly.xml#CallWriteFiles"/>
    <target href="assembly.xml#Call_Finalize_Audit"/>
    <bendpoints sourceX="22" sourceY="-9" targetX="-94" targetY="-2"/>
  </connections>
  <connections type="routesTo" sourceAnchorX="1.0" sourceAnchorY="0.25" targetAnchorX="0.46956521739130436" targetAnchorY="0.18867924528301888">
    <source href="assembly.xml#CopyMessage"/>
    <target href="assembly.xml#Aggregate"/>
  </connections>
</wdnm:Diagram>
