<?xml version="1.0" encoding="UTF-8"?>
<beans
     xmlns="http://www.springframework.org/schema/beans"
     xmlns:beans="http://www.springframework.org/schema/beans"
     xmlns:atom="http://www.w3.org/2005/Atom"
     xmlns:cc="http://www.capeclear.com/assembly/10"
     xmlns:cloud="urn:com.workday/esb/cloud/10.0"
     xmlns:env="http://schemas.xmlsoap.org/soap/envelope/"
     xmlns:pi="urn:com.workday/picof"
     xmlns:wd="urn:com.workday/bsvc"
     xmlns:xsi="http://www.w3.org/2001/XMLSchema-instance">
 
	<cc:assembly id="WorkdayAssembly" version="2020.36">
        <cc:local-out id="GetSupplierInvoiceTaxDocWWS-OUT" routes-response-to="GetSupplierInvoiceRaas-OUT1" endpoint="vm://VTX-GetSupplierInvoiceTaxDocWWS/GetSupplierInvoiceTaxDocWWS-IN"><cc:set name="get.supplier.invoice.WID" value="props['supplier.invoice.BP.WID']"/></cc:local-out>
        <cc:local-out id="GetSupplierInvoiceRaas-OUT1" routes-response-to="PreProcessSupplierInvoiceLine-IN" endpoint="vm://VTX-GetSupplierInvoiceRaas/GetSupplierInvoiceRaas-IN"><cc:set name="get.supplier.invoice.raas.WID" value="props['supplier.invoice.BP.WID']"/></cc:local-out>
        <cc:local-out id="CalculateTaxSingleSupplierInvoice-OUT" routes-response-to="ProcessResponse-OUT" endpoint="vm://VTX-CalculateTaxSingleSupplierInvoice/CalculateSingleSupplierInvoice-IN"><cc:set name="calc.supplier.tax.WID" value="props['supplier.invoice.BP.WID'] "/><cc:set name="calc.supplier.tax.NumOfPosts" value="props['get.supplier.invoice.raas.NumOfPosts']"/><cc:set name="calc.supplier.tax.HeaderSalesTaxAmt" value="props['get.supplier.invoice.raas.HeaderSalesTaxAmt']"/><cc:set name="calc.supplier.tax.TaxOption" value="props['get.supplier.invoice.TaxOption']"/><cc:set name="calc.supplier.tax.PostOption" value="props['pPostOption']"/><cc:set name="calc.supplier.tax.calculateVendorTaxFlag" value="false"/><cc:set name="calc.supplier.tax.upperThresholdAmt" value="props['pUpperThresholdAmount']"/><cc:set name="calc.supplier.tax.lowerThresholdAmt" value="props['pLowerThresholdAmount']"/><cc:set name="calc.supplier.tax.notExempt" value="props['notExempt']"/></cc:local-out>
        <cc:local-out id="ProcessResponse-OUT" execute-when="props['get.supplier.invoice.TaxOption'] == 'CALC_USE_TAX' || props['get.supplier.invoice.TaxOption'] == 'CALC_TAX_DUE'" endpoint="vm://VTX-ProcessVertexTaxResponse/ProcessVertexResponseIN"><cc:set name="process.calc.response.WID" value="props['supplier.invoice.BP.WID']"/><cc:set name="process.calc.response.Source" value="props['pSource']"/><cc:set name="process.calc.response.HeaderSalesTaxAmt" value="props['get.supplier.invoice.raas.HeaderSalesTaxAmt']"/><cc:set name="process.calc.response.ThresholdAmount" value="props['pThresholdAmount']"/><cc:set name="process.calc.response.taxCode" value="props['taxCode']"/><cc:set name="process.calc.response.vertexTaxCode" value="props['vertexTaxCode']"/><cc:set name="process.calc.response.containsExempt" value="props['containsExempt']"/><cc:set name="process.calc.response.invoiceIs21Domestic" value="props['invoiceIs21Domestic']"/></cc:local-out>
        <cc:local-out id="ProcessReversal-OUT" execute-when="props['get.supplier.invoice.raas.VTID'] != '' &amp;&amp; (props['pPostOption'] == 'POST' || props['pPostOption'] == 'DISTRIBUTE')" routes-response-to="CalculateTaxSingleSupplierInvoice-OUT" endpoint="vm://VTX-ProcessReversalRequest/ProcessReversal-IN"><cc:set name="process.reversal.NumOfPosts" value="props['get.supplier.invoice.raas.NumOfPosts']"/><cc:set name="process.reversal.WID" value="props['supplier.invoice.BP.WID']"/><cc:set name="process.reversal.ReversalDocumentNumber" value="props['get.supplier.invoice.ReversalDocumentNumber']"/><cc:set name="process.reversal.CompanyReferenceId" value="props['get.supplier.invoice.CompanyReferenceId'] "/><cc:set name="process.reversal.VTID" value="props['get.supplier.invoice.raas.VTID']"/></cc:local-out>
        <cc:local-in id="Local-IN-Supplier-Invoice" routes-to="AM-Delay" access="public" use-global-error-handlers="false"><cc:parameter name="supplier.invoice.BP.WID" required="true" validation="props['supplier.invoice.BP.WID'] != null"/></cc:local-in>
        <cc:local-in id="ProcessSupplierInvoice-IN" routes-to="GetSupplierInvoiceTaxDocWWS-OUT" access="public" use-global-error-handlers="true"><cc:parameter name="get.supplier.invoice.WID" required="true" validation="props['get.supplier.invoice.WID'] != null"/></cc:local-in>
        <cc:local-out id="ProcessSupplierInvoice" endpoint="vm://VTX-SupplierInvoiceBP/ProcessSupplierInvoice-IN"><cc:set name="get.supplier.invoice.WID" value="props['supplier.invoice.BP.WID']"/></cc:local-out>
        <cc:local-out id="PreProcessSupplierInvoiceLine-IN" execute-when="props['pAdjustmentFlag'] == 0 &amp;&amp; (props['get.supplier.invoice.TaxOption'] == 'CALC_USE_TAX' ||props['get.supplier.invoice.TaxOption'] == 'CALC_TAX_DUE') &amp;&amp; (props['pPostOption'] == 'QUOTE' || props['pPostOption'] == 'POST') " routes-response-to="GetSupplierInvoiceRaas-OUT2" endpoint="vm://VTX-PreProcessSupplierInvoiceLine/PreProcessSupplierInvoiceLine-IN"><cc:set name="preprocess.supplier.invoice.WID" value="props['supplier.invoice.BP.WID']"/><cc:set name="preprocess.supplier.invoice.raas.NumOfPosts" value="props['get.supplier.invoice.raas.NumOfPosts']"/><cc:set name="preprocess.supplier.invoice.raas.HeaderSalesTaxAmt" value="props['get.supplier.invoice.raas.HeaderSalesTaxAmt']"/><cc:set name="preprocess.supplier.invoice.raas.TaxOption" value="props['get.supplier.invoice.TaxOption']"/></cc:local-out>
        <cc:local-out id="GetSupplierInvoiceRaas-OUT2" execute-when="props['pAdjustmentFlag'] == 0 &amp;&amp; props['get.supplier.invoice.raas.VendorChargedTax'] != 0 &amp;&amp; props['get.supplier.invoice.TaxOption'] == 'CALC_TAX_DUE' &amp;&amp; (props['pPostOption'] == 'QUOTE' || props['pPostOption'] == 'POST') " routes-response-to="ProcessReversal-OUT" endpoint="vm://VTX-GetSupplierInvoiceRaas/GetSupplierInvoiceRaas-IN"><cc:set name="get.supplier.invoice.raas.WID" value="props['supplier.invoice.BP.WID']"/></cc:local-out>
        <cc:async-mediation id="AM-Delay" routes-to="ProcessSupplierInvoice" execute-steps-when="props['pCalcDelay'] > 0">
            <cc:steps>
                <cc:log id="Log1">
                    <cc:log-message>
                        <cc:text>Applying VtxCalcDelay of @{props['pCalcDelay']} ms</cc:text>
                        <cc:line-separator/>
                    </cc:log-message>
                </cc:log>
                <cc:eval id="Eval">
                    <cc:expression>if(props['pCalcDelay'] > 0){&#xD;
Thread.currentThread().sleep(props['pCalcDelay']);&#xD;
}</cc:expression>
                </cc:eval>
                <cc:log id="Log2">
                    <cc:log-message>
                        <cc:text>Finished applying VtxCalcDelay.</cc:text>
                        <cc:line-separator/>
                    </cc:log-message>
                </cc:log>
            </cc:steps>
        </cc:async-mediation>
	</cc:assembly>

</beans>