<?xml version="1.0" encoding="UTF-8"?>
<wdnm:Diagram xmlns:wdnm="http://workday.com/studio/editors/notation">
  <element href="assembly.xml#WorkdayAssembly"/>
  <visualProperties>
    <element href="assembly.xml#StartHere"/>
  </visualProperties>
  <visualProperties>
    <element href="assembly.xml#Call_Initialize_Param"/>
  </visualProperties>
  <visualProperties>
    <element href="assembly.xml#Call-LoadInputFile"/>
  </visualProperties>
  <visualProperties>
    <element href="assembly.xml#CallGetIntegrationMapData"/>
  </visualProperties>
  <visualProperties>
    <element href="assembly.xml#CallGetWorker"/>
  </visualProperties>
  <visualProperties>
    <element href="assembly.xml#CallPayrollInput"/>
  </visualProperties>
  <visualProperties>
    <element href="assembly.xml#Call_Aggregator"/>
  </visualProperties>
  <visualProperties>
    <element href="assembly.xml#CallStopAgg"/>
  </visualProperties>
  <visualProperties>
    <element href="assembly.xml#Call-submitPayrollWWS"/>
  </visualProperties>
  <visualProperties>
    <element href="assembly.xml#CallStoreBatchFile"/>
  </visualProperties>
  <visualProperties>
    <element href="assembly.xml#CallCloseErrorAgg"/>
  </visualProperties>
  <visualProperties>
    <element href="assembly.xml#Initialize_Param"/>
  </visualProperties>
  <visualProperties>
    <element href="assembly.xml#Initialization"/>
  </visualProperties>
  <visualProperties>
    <element href="assembly.xml#PutIntegrationMessage0"/>
  </visualProperties>
  <visualProperties>
    <element href="assembly.xml#GetInputFile"/>
  </visualProperties>
  <visualProperties>
    <element href="assembly.xml#InitRetrieveDoc"/>
  </visualProperties>
  <visualProperties>
    <element href="assembly.xml#CallSubRoutine"/>
  </visualProperties>
  <visualProperties>
    <element href="assembly.xml#GetFile"/>
  </visualProperties>
  <visualProperties>
    <element href="assembly.xml#RetrieveDocuments"/>
  </visualProperties>
  <visualProperties>
    <element href="assembly.xml#CheckForEmptyFile"/>
  </visualProperties>
  <visualProperties>
    <element href="assembly.xml#PutIntegrationMessage0011"/>
  </visualProperties>
  <visualProperties>
    <element href="assembly.xml#GetIntegrationMapData"/>
  </visualProperties>
  <visualProperties>
    <element href="assembly.xml#GetIntegrationSystem"/>
  </visualProperties>
  <visualProperties>
    <element href="assembly.xml#GetMapData"/>
  </visualProperties>
  <visualProperties>
    <element href="assembly.xml#GetWorkers"/>
  </visualProperties>
  <visualProperties>
    <element href="assembly.xml#Create_Get_Worker_Request"/>
  </visualProperties>
  <visualProperties>
    <element href="assembly.xml#PutIntegrationMessage00"/>
  </visualProperties>
  <visualProperties>
    <element href="assembly.xml#StopProcess"/>
  </visualProperties>
  <visualProperties>
    <element href="assembly.xml#GetWorker"/>
  </visualProperties>
  <visualProperties>
    <element href="assembly.xml#ConvertToSimpleXML"/>
  </visualProperties>
  <visualProperties>
    <element href="assembly.xml#PutIntegrationMessage000"/>
  </visualProperties>
  <visualProperties>
    <element href="assembly.xml#GetPayrollInput"/>
  </visualProperties>
  <visualProperties>
    <element href="assembly.xml#BuildPI"/>
  </visualProperties>
  <visualProperties>
    <element href="assembly.xml#CallSubRoutine0"/>
  </visualProperties>
  <visualProperties>
    <element href="assembly.xml#GetPayrollInputs"/>
  </visualProperties>
  <visualProperties>
    <element href="assembly.xml#PI_Response"/>
  </visualProperties>
  <visualProperties>
    <element href="assembly.xml#AggData"/>
  </visualProperties>
  <visualProperties>
    <element href="assembly.xml#RouteErrorHandler"/>
  </visualProperties>
  <visualProperties>
    <element href="assembly.xml#PutIntegrationMessage010"/>
  </visualProperties>
  <visualProperties>
    <element href="assembly.xml#Route"/>
  </visualProperties>
  <visualProperties>
    <element href="assembly.xml#CopyWorkerData"/>
  </visualProperties>
  <visualProperties>
    <element href="assembly.xml#CopyPIData"/>
  </visualProperties>
  <visualProperties>
    <element href="assembly.xml#CopyInputFileData"/>
  </visualProperties>
  <visualProperties>
    <element href="assembly.xml#CopyMapData"/>
  </visualProperties>
  <visualProperties>
    <element href="assembly.xml#StopAggData"/>
  </visualProperties>
  <visualProperties>
    <element href="assembly.xml#Aggregator0"/>
  </visualProperties>
  <visualProperties>
    <element href="assembly.xml#AsyncMediation"/>
  </visualProperties>
  <visualProperties>
    <element href="assembly.xml#submitPayrollWWS"/>
  </visualProperties>
  <visualProperties>
    <element href="assembly.xml#Build-Import-PI0"/>
  </visualProperties>
  <visualProperties>
    <element href="assembly.xml#PutIntegrationMessage003"/>
  </visualProperties>
  <visualProperties>
    <element href="assembly.xml#Process-Success-and-Errors0"/>
  </visualProperties>
  <visualProperties>
    <element href="assembly.xml#AsyncMediation00"/>
  </visualProperties>
  <visualProperties>
    <element href="assembly.xml#AsyncMediation10"/>
  </visualProperties>
  <visualProperties>
    <element href="assembly.xml#Splitter-PI0"/>
  </visualProperties>
  <visualProperties>
    <element href="assembly.xml#AsyncMediation60"/>
  </visualProperties>
  <visualProperties>
    <element href="assembly.xml#Call-PIM-Error-Import10"/>
  </visualProperties>
  <visualProperties>
    <element href="assembly.xml#Get-Errors-Exist0"/>
  </visualProperties>
  <visualProperties>
    <element href="assembly.xml#Log-Error0"/>
  </visualProperties>
  <visualProperties>
    <element href="assembly.xml#Call-PIM-Error-Import0"/>
  </visualProperties>
  <visualProperties>
    <element href="assembly.xml#Call-Log-Error0"/>
  </visualProperties>
  <visualProperties>
    <element href="assembly.xml#Validation-ON"/>
  </visualProperties>
  <visualProperties>
    <element href="assembly.xml#Import-Payroll-Inputs"/>
  </visualProperties>
  <visualProperties>
    <element href="assembly.xml#Validation-OFF"/>
  </visualProperties>
  <visualProperties>
    <element href="assembly.xml#Store-Resp-WID"/>
  </visualProperties>
  <visualProperties>
    <element href="assembly.xml#PutIntegrationMessage004"/>
  </visualProperties>
  <visualProperties>
    <element href="assembly.xml#CloseBatchAgg"/>
  </visualProperties>
  <visualProperties>
    <element href="assembly.xml#ImportBatchAgg"/>
  </visualProperties>
  <visualProperties>
    <element href="assembly.xml#StoreAggRespFile"/>
  </visualProperties>
  <visualProperties>
    <element href="assembly.xml#PutIntegrationMessage"/>
  </visualProperties>
  <visualProperties>
    <element href="assembly.xml#Log-PIM-Error"/>
  </visualProperties>
  <visualProperties>
    <element href="assembly.xml#Put-Process-Error"/>
  </visualProperties>
  <visualProperties>
    <element href="assembly.xml#StoreErrorLog"/>
  </visualProperties>
  <visualProperties>
    <element href="assembly.xml#Handle-Logging-Errors"/>
  </visualProperties>
  <visualProperties>
    <element href="assembly.xml#Call-PIM-Error-Logging"/>
  </visualProperties>
  <visualProperties>
    <element href="assembly.xml#Close-Error-Agg"/>
  </visualProperties>
  <visualProperties>
    <element href="assembly.xml#Error-Log-Aggregator"/>
  </visualProperties>
  <visualProperties>
    <element href="assembly.xml#Store-Error-Log"/>
  </visualProperties>
  <visualProperties>
    <element href="assembly.xml#Put-Cloud-Log-Message"/>
  </visualProperties>
  <visualProperties>
    <element href="assembly.xml#//@beans/@mixed.1/@mixed.161"/>
  </visualProperties>
  <visualProperties>
    <element href="assembly.xml#Store-CL-Critical"/>
  </visualProperties>
  <visualProperties>
    <element href="assembly.xml#Put-PIM-Critical-Error"/>
  </visualProperties>
  <visualProperties>
    <element href="assembly.xml#Audit-Start-Here"/>
  </visualProperties>
  <visualProperties>
    <element href="assembly.xml#CallRetrieveDoc0"/>
  </visualProperties>
  <visualProperties>
    <element href="assembly.xml#Call-AggBatch_Error"/>
  </visualProperties>
  <visualProperties>
    <element href="assembly.xml#Call_StopSummaryAggData0"/>
  </visualProperties>
  <visualProperties>
    <element href="assembly.xml#RetrieveDoc0"/>
  </visualProperties>
  <visualProperties>
    <element href="assembly.xml#Initialize_Audit0"/>
  </visualProperties>
  <visualProperties>
    <element href="assembly.xml#PutIntegrationMessage0050"/>
  </visualProperties>
  <visualProperties>
    <element href="assembly.xml#GetEventDocuments10"/>
  </visualProperties>
  <visualProperties>
    <element href="assembly.xml#Route10"/>
  </visualProperties>
  <visualProperties>
    <element href="assembly.xml#DocAttributes0"/>
  </visualProperties>
  <visualProperties>
    <element href="assembly.xml#PutIntegrationMessage0060"/>
  </visualProperties>
  <visualProperties>
    <element href="assembly.xml#Route000"/>
  </visualProperties>
  <visualProperties>
    <element href="assembly.xml#AsyncMediation80"/>
  </visualProperties>
  <visualProperties>
    <element href="assembly.xml#AsyncMediation90"/>
  </visualProperties>
  <visualProperties>
    <element href="assembly.xml#PutIntegrationMessage00700"/>
  </visualProperties>
  <visualProperties>
    <element href="assembly.xml#AsyncMediation100"/>
  </visualProperties>
  <visualProperties>
    <element href="assembly.xml#CallProcessBatchResponse"/>
  </visualProperties>
  <visualProperties>
    <element href="assembly.xml#CallCloseAuditAgg0"/>
  </visualProperties>
  <visualProperties>
    <element href="assembly.xml#PutIntegrationMessage0070"/>
  </visualProperties>
  <visualProperties>
    <element href="assembly.xml#ProcessBatchResponse"/>
  </visualProperties>
  <visualProperties>
    <element href="assembly.xml#CopyBatchData0"/>
  </visualProperties>
  <visualProperties>
    <element href="assembly.xml#PutIntegrationMessage0080"/>
  </visualProperties>
  <visualProperties>
    <element href="assembly.xml#SplitByBatch0"/>
  </visualProperties>
  <visualProperties>
    <element href="assembly.xml#Build-Request0"/>
  </visualProperties>
  <visualProperties>
    <element href="assembly.xml#CallAuditLog1"/>
  </visualProperties>
  <visualProperties>
    <element href="assembly.xml#GetImportProcMsgs0"/>
  </visualProperties>
  <visualProperties>
    <element href="assembly.xml#Check-Err-Exists0"/>
  </visualProperties>
  <visualProperties>
    <element href="assembly.xml#PutIntegrationMessage00100"/>
  </visualProperties>
  <visualProperties>
    <element href="assembly.xml#Transform-Resp0"/>
  </visualProperties>
  <visualProperties>
    <element href="assembly.xml#PutIntegrationMessage0090"/>
  </visualProperties>
  <visualProperties>
    <element href="assembly.xml#CloseAuditAgg0"/>
  </visualProperties>
  <visualProperties>
    <element href="assembly.xml#Aggregator-Log0"/>
  </visualProperties>
  <visualProperties>
    <element href="assembly.xml#Store-Audit-File0"/>
  </visualProperties>
  <visualProperties>
    <element href="assembly.xml#AggBatch_Error"/>
  </visualProperties>
  <visualProperties>
    <element href="assembly.xml#Route1"/>
  </visualProperties>
  <visualProperties>
    <element href="assembly.xml#RouteErrorHandler00"/>
  </visualProperties>
  <visualProperties>
    <element href="assembly.xml#AsyncMediation11"/>
  </visualProperties>
  <visualProperties>
    <element href="assembly.xml#AsyncMediation7"/>
  </visualProperties>
  <visualProperties>
    <element href="assembly.xml#AsyncMediation1"/>
  </visualProperties>
  <visualProperties>
    <element href="assembly.xml#StopSummaryAggData0"/>
  </visualProperties>
  <visualProperties>
    <element href="assembly.xml#Aggregator000"/>
  </visualProperties>
  <visualProperties>
    <element href="assembly.xml#CallFinalSummary"/>
  </visualProperties>
  <visualProperties>
    <element href="assembly.xml#FinalSummary"/>
  </visualProperties>
  <visualProperties>
    <element href="assembly.xml#Final_Audit_FIle_Generation0"/>
  </visualProperties>
  <visualProperties>
    <element href="assembly.xml#CallAuditLog00"/>
  </visualProperties>
  <visualProperties>
    <element href="assembly.xml#PutFinalAudit0"/>
  </visualProperties>
  <visualProperties>
    <element href="assembly.xml#Audit-Log-Error0"/>
  </visualProperties>
  <visualProperties>
    <element href="assembly.xml#Put-Audit-Process-Error0"/>
  </visualProperties>
  <visualProperties x="552" y="200">
    <element href="assembly.xml#AggPayInbound"/>
  </visualProperties>
  <visualProperties x="828" y="210">
    <element href="assembly.xml#Route0"/>
  </visualProperties>
  <visualProperties x="933" y="233">
    <element href="assembly.xml#CopyFileInputData"/>
  </visualProperties>
  <visualProperties x="1029" y="281">
    <element href="assembly.xml#CopyIntPayMapData"/>
  </visualProperties>
  <visualProperties x="1152" y="216">
    <element href="assembly.xml#Aggregator"/>
  </visualProperties>
  <visualProperties x="1155" y="222">
    <element href="assembly.xml#StopInputBatch"/>
  </visualProperties>
  <visualProperties>
    <element href="assembly.xml#AsyncMediation0"/>
  </visualProperties>
  <visualProperties x="846" y="96">
    <element href="assembly.xml#Call_AggPayInbound"/>
  </visualProperties>
  <visualProperties x="1073" y="99">
    <element href="assembly.xml#Call_StopInputBatch"/>
  </visualProperties>
  <connections type="routesTo" sourceAnchorX="0.8739495798319328" sourceAnchorY="1.0" targetAnchorX="0.17964071856287425" targetAnchorY="0.40540540540540543">
    <source href="assembly.xml#StartHere"/>
    <target href="assembly.xml#Call_Initialize_Param"/>
  </connections>
  <connections type="routesResponseTo" sourceAnchorX="0.8203592814371258" sourceAnchorY="1.0" targetAnchorX="0.2138364779874214" targetAnchorY="0.4864864864864865">
    <source href="assembly.xml#Call_Initialize_Param"/>
    <target href="assembly.xml#Call-LoadInputFile"/>
  </connections>
  <connections type="routesResponseTo" sourceAnchorX="0.879746835443038" sourceAnchorY="1.0" targetAnchorX="0.25165562913907286" targetAnchorY="0.4864864864864865">
    <source href="assembly.xml#Call-LoadInputFile"/>
    <target href="assembly.xml#CallGetIntegrationMapData"/>
  </connections>
  <connections type="routesResponseTo" sourceAnchorX="0.8832116788321168" sourceAnchorY="1.0" targetAnchorX="0.2980132450331126" targetAnchorY="0.4594594594594595">
    <source href="assembly.xml#CallGetWorker"/>
    <target href="assembly.xml#CallPayrollInput"/>
  </connections>
  <connections type="routesResponseTo" sourceAnchorX="0.695364238410596" sourceAnchorY="1.0" targetAnchorX="0.1780821917808219" targetAnchorY="0.35135135135135137">
    <source href="assembly.xml#CallPayrollInput"/>
    <target href="assembly.xml#Call_Aggregator"/>
  </connections>
  <connections type="routesResponseTo" sourceAnchorX="0.7633136094674556" sourceAnchorY="1.0" targetAnchorX="0.1386861313868613" targetAnchorY="0.35135135135135137">
    <source href="assembly.xml#Call_Aggregator"/>
    <target href="assembly.xml#CallStopAgg"/>
  </connections>
  <connections type="routesResponseTo" sourceAnchorX="0.736" sourceAnchorY="1.0" targetAnchorX="0.07407407407407407" targetAnchorY="0.35135135135135137">
    <source href="assembly.xml#CallStopAgg"/>
    <target href="assembly.xml#Call-submitPayrollWWS"/>
  </connections>
  <connections type="routesResponseTo" sourceAnchorX="0.8617021276595744" sourceAnchorY="1.0" targetAnchorX="0.0440251572327044" targetAnchorY="0.43243243243243246">
    <source href="assembly.xml#Call-submitPayrollWWS"/>
    <target href="assembly.xml#CallStoreBatchFile"/>
  </connections>
  <connections type="routesResponseTo" sourceAnchorX="0.7865168539325843" sourceAnchorY="1.0" targetAnchorX="0.17415730337078653" targetAnchorY="0.2972972972972973">
    <source href="assembly.xml#CallStoreBatchFile"/>
    <target href="assembly.xml#CallCloseErrorAgg"/>
  </connections>
  <connections type="routesTo" sourceAnchorX="0.88125" sourceAnchorY="1.0" targetAnchorX="0.12582781456953643" targetAnchorY="0.23958333333333334">
    <source href="assembly.xml#Initialize_Param"/>
    <target href="assembly.xml#Initialization"/>
  </connections>
  <connections type="routesTo" sourceAnchorX="0.44502617801047123" sourceAnchorY="1.0" targetAnchorX="0.7370892018779343" targetAnchorY="0.4594594594594595">
    <source href="assembly.xml#//@beans/@mixed.1/@mixed.25/@mixed.3"/>
    <target href="assembly.xml#PutIntegrationMessage0"/>
  </connections>
  <connections type="routesTo" sourceAnchorX="0.7235772357723578" sourceAnchorY="1.0" targetAnchorX="0.104" targetAnchorY="0.6702127659574468">
    <source href="assembly.xml#GetInputFile"/>
    <target href="assembly.xml#InitRetrieveDoc"/>
  </connections>
  <connections type="routesTo" sourceAnchorX="1.0" sourceAnchorY="0.168" targetAnchorX="0.15625" targetAnchorY="0.35135135135135137">
    <source href="assembly.xml#InitRetrieveDoc"/>
    <target href="assembly.xml#GetFile"/>
  </connections>
  <connections type="routesTo" sourceAnchorX="0.6186440677966102" sourceAnchorY="1.0" targetAnchorX="0.5208333333333334" targetAnchorY="0.35135135135135137">
    <source href="assembly.xml#//@beans/@mixed.1/@mixed.39/@mixed.3"/>
    <target href="assembly.xml#CallSubRoutine"/>
  </connections>
  <connections type="routesResponseTo" sourceAnchorX="0.3958333333333333" sourceAnchorY="1.0" targetAnchorX="0.1588785046728972" targetAnchorY="0.37012987012987014">
    <source href="assembly.xml#GetFile"/>
    <target href="assembly.xml#RetrieveDocuments"/>
  </connections>
  <connections type="routesTo" sourceAnchorX="1.0" sourceAnchorY="0.6470588235294118" targetAnchorX="0.052941176470588235" targetAnchorY="0.6276595744680851">
    <source href="assembly.xml#//@beans/@mixed.1/@route.0/@subRoute.0"/>
    <target href="assembly.xml#CheckForEmptyFile"/>
  </connections>
  <connections type="routesTo" sourceAnchorX="0.7159090909090909" sourceAnchorY="1.0" targetAnchorX="0.7725118483412322" targetAnchorY="0.5405405405405406">
    <source href="assembly.xml#//@beans/@mixed.1/@mixed.31/@mixed.3"/>
    <target href="assembly.xml#PutIntegrationMessage0011"/>
  </connections>
  <connections type="routesTo" sourceAnchorX="0.8306010928961749" sourceAnchorY="1.0" targetAnchorX="0.03428571428571429" targetAnchorY="0.5135135135135135">
    <source href="assembly.xml#GetIntegrationMapData"/>
    <target href="assembly.xml#GetIntegrationSystem"/>
  </connections>
  <connections type="routesResponseTo" sourceAnchorX="0.8" sourceAnchorY="1.0" targetAnchorX="0.17272727272727273" targetAnchorY="0.5425531914893617">
    <source href="assembly.xml#GetIntegrationSystem"/>
    <target href="assembly.xml#GetMapData"/>
  </connections>
  <connections type="routesTo" sourceAnchorX="0.0" sourceAnchorY="0.7567567567567568" targetAnchorX="0.12582781456953643" targetAnchorY="0.23958333333333334">
    <source href="assembly.xml#GetWorkers"/>
    <target href="assembly.xml#Create_Get_Worker_Request"/>
  </connections>
  <connections type="routesTo" sourceAnchorX="1.0" sourceAnchorY="0.3125" targetAnchorX="0.3770491803278688" targetAnchorY="0.4864864864864865">
    <source href="assembly.xml#Create_Get_Worker_Request"/>
    <target href="assembly.xml#GetWorker"/>
  </connections>
  <connections type="routesTo" sourceAnchorX="0.3333333333333333" sourceAnchorY="1.0" targetAnchorX="0.45701357466063347" targetAnchorY="0.24324324324324326">
    <source href="assembly.xml#//@beans/@mixed.1/@mixed.59/@mixed.3"/>
    <target href="assembly.xml#PutIntegrationMessage00"/>
  </connections>
  <connections type="routesResponseTo" sourceAnchorX="0.3383838383838384" sourceAnchorY="1.0" targetAnchorX="0.7876106194690266" targetAnchorY="0.1595744680851064">
    <source href="assembly.xml#PutIntegrationMessage00"/>
    <target href="assembly.xml#StopProcess"/>
  </connections>
  <connections type="routesResponseTo" sourceAnchorX="0.32682926829268294" sourceAnchorY="1.0" targetAnchorX="0.9469026548672567" targetAnchorY="0.1702127659574468">
    <source href="assembly.xml#PutIntegrationMessage000"/>
    <target href="assembly.xml#StopProcess"/>
  </connections>
  <connections type="routesResponseTo" sourceAnchorX="0.7109375" sourceAnchorY="1.0" targetAnchorX="0.14537444933920704" targetAnchorY="0.15748031496062992">
    <source href="assembly.xml#GetWorker"/>
    <target href="assembly.xml#ConvertToSimpleXML"/>
  </connections>
  <connections type="routesTo" sourceAnchorX="0.30454545454545456" sourceAnchorY="1.0" targetAnchorX="0.6637554585152838" targetAnchorY="0.16216216216216217">
    <source href="assembly.xml#//@beans/@mixed.1/@mixed.51/@mixed.3"/>
    <target href="assembly.xml#PutIntegrationMessage000"/>
  </connections>
  <connections type="routesTo" sourceAnchorX="0.6571428571428571" sourceAnchorY="1.0" targetAnchorX="0.2222222222222222" targetAnchorY="0.5212765957446809">
    <source href="assembly.xml#GetPayrollInput"/>
    <target href="assembly.xml#BuildPI"/>
  </connections>
  <connections type="routesTo" sourceAnchorX="1.0" sourceAnchorY="0.256" targetAnchorX="0.10204081632653061" targetAnchorY="0.5675675675675675">
    <source href="assembly.xml#BuildPI"/>
    <target href="assembly.xml#GetPayrollInputs"/>
  </connections>
  <connections type="routesTo" sourceAnchorX="0.6260869565217392" sourceAnchorY="1.0" targetAnchorX="0.5496688741721855" targetAnchorY="0.4864864864864865">
    <source href="assembly.xml#//@beans/@mixed.1/@mixed.69/@mixed.3"/>
    <target href="assembly.xml#CallSubRoutine0"/>
  </connections>
  <connections type="routesResponseTo" sourceAnchorX="0.7687074829931972" sourceAnchorY="1.0" targetAnchorX="0.35384615384615387" targetAnchorY="0.5957446808510638">
    <source href="assembly.xml#GetPayrollInputs"/>
    <target href="assembly.xml#PI_Response"/>
  </connections>
  <connections type="routesTo" sourceAnchorX="0.9203539823008849" sourceAnchorY="1.0" targetAnchorX="0.6530612244897959" targetAnchorY="0.3008130081300813">
    <source href="assembly.xml#AggData"/>
    <target href="assembly.xml#RouteErrorHandler"/>
  </connections>
  <connections type="routesTo" sourceAnchorX="1.0" sourceAnchorY="0.13821138211382114" targetAnchorX="0.3333333333333333" targetAnchorY="0.3319327731092437">
    <source href="assembly.xml#RouteErrorHandler"/>
    <target href="assembly.xml#Route"/>
  </connections>
  <connections type="routesTo" sourceAnchorX="0.5181818181818182" sourceAnchorY="1.0" targetAnchorX="0.5339366515837104" targetAnchorY="0.16216216216216217">
    <source href="assembly.xml#//@beans/@mixed.1/@mixed.91/@mixed.3"/>
    <target href="assembly.xml#PutIntegrationMessage010"/>
  </connections>
  <connections type="routesTo" sourceAnchorX="0.930379746835443" sourceAnchorY="1.0" targetAnchorX="0.2582781456953642" targetAnchorY="0.5543478260869565">
    <source href="assembly.xml#//@beans/@mixed.1/@route.1/@subRoute.0"/>
    <target href="assembly.xml#CopyWorkerData"/>
  </connections>
  <connections type="routesTo" sourceAnchorX="0.8461538461538461" sourceAnchorY="1.0" targetAnchorX="0.07476635514018691" targetAnchorY="0.43617021276595747">
    <source href="assembly.xml#//@beans/@mixed.1/@route.1/@subRoute.1"/>
    <target href="assembly.xml#CopyPIData"/>
  </connections>
  <connections type="routesTo" sourceAnchorX="0.5379746835443038" sourceAnchorY="1.0" targetAnchorX="0.2119205298013245" targetAnchorY="0.44565217391304346">
    <source href="assembly.xml#//@beans/@mixed.1/@route.1/@subRoute.2"/>
    <target href="assembly.xml#CopyInputFileData"/>
  </connections>
  <connections type="routesTo" sourceAnchorX="0.5230769230769231" sourceAnchorY="1.0" targetAnchorX="0.08403361344537816" targetAnchorY="0.5108695652173914">
    <source href="assembly.xml#//@beans/@mixed.1/@route.1/@subRoute.3"/>
    <target href="assembly.xml#CopyMapData"/>
  </connections>
  <connections type="routesTo" sourceAnchorX="1.0" sourceAnchorY="0.21739130434782608" targetAnchorX="0.3045977011494253" targetAnchorY="0.660377358490566">
    <source href="assembly.xml#CopyWorkerData"/>
    <target href="assembly.xml#Aggregator0"/>
  </connections>
  <connections type="routesTo" sourceAnchorX="1.0" sourceAnchorY="0.26595744680851063" targetAnchorX="0.013071895424836602" targetAnchorY="0.5283018867924528">
    <source href="assembly.xml#CopyPIData"/>
    <target href="assembly.xml#Aggregator0"/>
  </connections>
  <connections type="routesTo" sourceAnchorX="1.0" sourceAnchorY="0.07608695652173914" targetAnchorX="0.3620689655172414" targetAnchorY="0.6320754716981132">
    <source href="assembly.xml#CopyInputFileData"/>
    <target href="assembly.xml#Aggregator0"/>
  </connections>
  <connections type="routesTo" sourceAnchorX="1.0" sourceAnchorY="0.23404255319148937" targetAnchorX="0.0718954248366013" targetAnchorY="0.8207547169811321">
    <source href="assembly.xml#CopyMapData"/>
    <target href="assembly.xml#Aggregator0"/>
  </connections>
  <connections type="routesTo" sourceAnchorX="0.5034965034965035" sourceAnchorY="1.0" targetAnchorX="0.5229885057471264" targetAnchorY="0.16981132075471697">
    <source href="assembly.xml#StopAggData"/>
    <target href="assembly.xml#Aggregator0"/>
  </connections>
  <connections type="routesTo" sourceAnchorX="1.0" sourceAnchorY="0.32075471698113206" targetAnchorX="0.07874015748031496" targetAnchorY="0.6702127659574468">
    <source href="assembly.xml#Aggregator0"/>
    <target href="assembly.xml#AsyncMediation"/>
  </connections>
  <connections type="routesTo" sourceAnchorX="1.0" sourceAnchorY="0.5675675675675675" targetAnchorX="0.11063829787234042" targetAnchorY="0.4330708661417323">
    <source href="assembly.xml#submitPayrollWWS"/>
    <target href="assembly.xml#Build-Import-PI0"/>
  </connections>
  <connections type="routesTo" sourceAnchorX="1.0" sourceAnchorY="0.176" targetAnchorX="0.20952380952380953" targetAnchorY="0.39267015706806285">
    <source href="assembly.xml#Build-Import-PI0"/>
    <target href="assembly.xml#Process-Success-and-Errors0"/>
  </connections>
  <connections type="routesTo" sourceAnchorX="0.2719298245614035" sourceAnchorY="1.0" targetAnchorX="0.5327510917030568" targetAnchorY="0.1891891891891892">
    <source href="assembly.xml#//@beans/@mixed.1/@mixed.135/@mixed.3"/>
    <target href="assembly.xml#PutIntegrationMessage003"/>
  </connections>
  <connections type="routesTo" sourceAnchorX="0.7882882882882883" sourceAnchorY="1.0" targetAnchorX="0.33112582781456956" targetAnchorY="0.5543478260869565">
    <source href="assembly.xml#//@beans/@mixed.1/@route.2/@subRoute.0"/>
    <target href="assembly.xml#AsyncMediation00"/>
  </connections>
  <connections type="routesTo" sourceAnchorX="0.5225225225225225" sourceAnchorY="1.0" targetAnchorX="0.3716216216216216" targetAnchorY="0.44565217391304346">
    <source href="assembly.xml#//@beans/@mixed.1/@route.2/@subRoute.1"/>
    <target href="assembly.xml#Get-Errors-Exist0"/>
  </connections>
  <connections type="routesTo" sourceAnchorX="1.0" sourceAnchorY="0.2391304347826087" targetAnchorX="0.18803418803418803" targetAnchorY="0.47560975609756095">
    <source href="assembly.xml#AsyncMediation00"/>
    <target href="assembly.xml#Splitter-PI0"/>
  </connections>
  <connections type="routesTo" sourceAnchorX="0.525974025974026" sourceAnchorY="1.0" targetAnchorX="0.5827814569536424" targetAnchorY="0.06521739130434782">
    <source href="assembly.xml#//@beans/@mixed.1/@mixed.129/@mixed.3"/>
    <target href="assembly.xml#AsyncMediation10"/>
  </connections>
  <connections type="routesTo" sourceAnchorX="1.0" sourceAnchorY="0.5588235294117647" targetAnchorX="0.16083916083916083" targetAnchorY="0.25196850393700787">
    <source href="assembly.xml#//@beans/@mixed.1/@splitter.0/@subRoute.0"/>
    <target href="assembly.xml#AsyncMediation60"/>
  </connections>
  <connections type="routesTo" sourceAnchorX="1.0" sourceAnchorY="0.224" targetAnchorX="0.1282051282051282" targetAnchorY="0.44680851063829785">
    <source href="assembly.xml#AsyncMediation60"/>
    <target href="assembly.xml#Validation-ON"/>
  </connections>
  <connections type="routesTo" sourceAnchorX="0.5069444444444444" sourceAnchorY="1.0" targetAnchorX="0.5714285714285714" targetAnchorY="0.4594594594594595">
    <source href="assembly.xml#//@beans/@mixed.1/@mixed.123/@mixed.3"/>
    <target href="assembly.xml#Call-PIM-Error-Import10"/>
  </connections>
  <connections type="routesTo" sourceAnchorX="0.40540540540540543" sourceAnchorY="0.9130434782608695" targetAnchorX="0.5769230769230769" targetAnchorY="0.15625">
    <source href="assembly.xml#Get-Errors-Exist0"/>
    <target href="assembly.xml#Log-Error0"/>
  </connections>
  <connections type="routesTo" sourceAnchorX="1.0" sourceAnchorY="0.256" targetAnchorX="0.2535211267605634" targetAnchorY="0.43243243243243246">
    <source href="assembly.xml#Log-Error0"/>
    <target href="assembly.xml#Call-Log-Error0"/>
  </connections>
  <connections type="routesTo" sourceAnchorX="0.49137931034482757" sourceAnchorY="0.9333333333333333" targetAnchorX="0.3076923076923077" targetAnchorY="0.02702702702702703">
    <source href="assembly.xml#//@beans/@mixed.1/@mixed.117/@mixed.3"/>
    <target href="assembly.xml#Call-PIM-Error-Import0"/>
  </connections>
  <connections type="routesTo" sourceAnchorX="1.0" sourceAnchorY="0.13541666666666666" targetAnchorX="0.16230366492146597" targetAnchorY="0.32432432432432434">
    <source href="assembly.xml#Validation-ON"/>
    <target href="assembly.xml#Import-Payroll-Inputs"/>
  </connections>
  <connections type="routesResponseTo" sourceAnchorX="1.0" sourceAnchorY="0.4594594594594595" targetAnchorX="0.15942028985507245" targetAnchorY="0.17708333333333334">
    <source href="assembly.xml#Import-Payroll-Inputs"/>
    <target href="assembly.xml#Validation-OFF"/>
  </connections>
  <connections type="routesTo" sourceAnchorX="1.0" sourceAnchorY="0.11458333333333333" targetAnchorX="0.15894039735099338" targetAnchorY="0.11458333333333333">
    <source href="assembly.xml#Validation-OFF"/>
    <target href="assembly.xml#Store-Resp-WID"/>
  </connections>
  <connections type="routesTo" sourceAnchorX="1.0" sourceAnchorY="0.3333333333333333" targetAnchorX="0.2413793103448276" targetAnchorY="0.2169811320754717">
    <source href="assembly.xml#Store-Resp-WID"/>
    <target href="assembly.xml#ImportBatchAgg"/>
  </connections>
  <connections type="routesTo" sourceAnchorX="0.6272189349112426" sourceAnchorY="1.0" targetAnchorX="0.6419213973799127" targetAnchorY="0.24324324324324326">
    <source href="assembly.xml#//@beans/@mixed.1/@mixed.105/@mixed.3"/>
    <target href="assembly.xml#PutIntegrationMessage004"/>
  </connections>
  <connections type="routesTo" sourceAnchorX="0.6075949367088608" sourceAnchorY="1.0" targetAnchorX="0.5459770114942529" targetAnchorY="0.16037735849056603">
    <source href="assembly.xml#CloseBatchAgg"/>
    <target href="assembly.xml#ImportBatchAgg"/>
  </connections>
  <connections type="routesTo" sourceAnchorX="1.0" sourceAnchorY="0.32075471698113206" targetAnchorX="0.1" targetAnchorY="0.10416666666666667">
    <source href="assembly.xml#ImportBatchAgg"/>
    <target href="assembly.xml#StoreAggRespFile"/>
  </connections>
  <connections type="routesTo" sourceAnchorX="1.0" sourceAnchorY="0.11458333333333333" targetAnchorX="0.14634146341463414" targetAnchorY="0.35135135135135137">
    <source href="assembly.xml#StoreAggRespFile"/>
    <target href="assembly.xml#PutIntegrationMessage"/>
  </connections>
  <connections type="routesTo" sourceAnchorX="1.0" sourceAnchorY="0.3783783783783784" targetAnchorX="0.1016949152542373" targetAnchorY="0.35135135135135137">
    <source href="assembly.xml#Log-PIM-Error"/>
    <target href="assembly.xml#Put-Process-Error"/>
  </connections>
  <connections type="routesTo" sourceAnchorX="1.0" sourceAnchorY="0.5405405405405406" targetAnchorX="0.12698412698412698" targetAnchorY="0.18478260869565216">
    <source href="assembly.xml#StoreErrorLog"/>
    <target href="assembly.xml#Handle-Logging-Errors"/>
  </connections>
  <connections type="routesTo" sourceAnchorX="1.0" sourceAnchorY="0.25203252032520324" targetAnchorX="0.25125628140703515" targetAnchorY="0.22641509433962265">
    <source href="assembly.xml#Handle-Logging-Errors"/>
    <target href="assembly.xml#Error-Log-Aggregator"/>
  </connections>
  <connections type="routesTo" sourceAnchorX="0.5054945054945055" sourceAnchorY="1.0" targetAnchorX="0.4634146341463415" targetAnchorY="0.5135135135135135">
    <source href="assembly.xml#//@beans/@mixed.1/@mixed.153/@mixed.3"/>
    <target href="assembly.xml#Call-PIM-Error-Logging"/>
  </connections>
  <connections type="routesTo" sourceAnchorX="0.5380116959064327" sourceAnchorY="1.0" targetAnchorX="0.4623115577889447" targetAnchorY="0.19811320754716982">
    <source href="assembly.xml#Close-Error-Agg"/>
    <target href="assembly.xml#Error-Log-Aggregator"/>
  </connections>
  <connections type="routesTo" sourceAnchorX="1.0" sourceAnchorY="0.2641509433962264" targetAnchorX="0.12025316455696203" targetAnchorY="0.10416666666666667">
    <source href="assembly.xml#Error-Log-Aggregator"/>
    <target href="assembly.xml#Store-Error-Log"/>
  </connections>
  <connections type="routesTo" sourceAnchorX="1.0" sourceAnchorY="0.11458333333333333" targetAnchorX="0.20465116279069767" targetAnchorY="0.35135135135135137">
    <source href="assembly.xml#Store-Error-Log"/>
    <target href="assembly.xml#Put-Cloud-Log-Message"/>
  </connections>
  <connections type="routesTo" sourceAnchorX="1.0" sourceAnchorY="0.4594594594594595" targetAnchorX="0.1456953642384106" targetAnchorY="0.17391304347826086">
    <source href="assembly.xml#//@beans/@mixed.1/@mixed.161"/>
    <target href="assembly.xml#Store-CL-Critical"/>
  </connections>
  <connections type="routesTo" sourceAnchorX="1.0" sourceAnchorY="0.09782608695652174" targetAnchorX="0.1836734693877551" targetAnchorY="0.2702702702702703">
    <source href="assembly.xml#Store-CL-Critical"/>
    <target href="assembly.xml#Put-PIM-Critical-Error"/>
  </connections>
  <connections type="routesTo" sourceAnchorX="1.0" sourceAnchorY="0.35135135135135137" targetAnchorX="0.19631901840490798" targetAnchorY="0.35135135135135137">
    <source href="assembly.xml#Audit-Start-Here"/>
    <target href="assembly.xml#CallRetrieveDoc0"/>
  </connections>
  <connections type="routesResponseTo" sourceAnchorX="0.7973856209150327" sourceAnchorY="1.0" targetAnchorX="0.0" targetAnchorY="0.43243243243243246">
    <source href="assembly.xml#CallRetrieveDoc0"/>
    <target href="assembly.xml#Call-AggBatch_Error"/>
  </connections>
  <connections type="routesResponseTo" sourceAnchorX="0.797752808988764" sourceAnchorY="1.0" targetAnchorX="0.25" targetAnchorY="0.2972972972972973">
    <source href="assembly.xml#Call-AggBatch_Error"/>
    <target href="assembly.xml#Call_StopSummaryAggData0"/>
  </connections>
  <connections type="routesTo" sourceAnchorX="1.0" sourceAnchorY="0.4594594594594595" targetAnchorX="0.1559633027522936" targetAnchorY="0.2204724409448819">
    <source href="assembly.xml#RetrieveDoc0"/>
    <target href="assembly.xml#Initialize_Audit0"/>
  </connections>
  <connections type="routesTo" sourceAnchorX="1.0" sourceAnchorY="0.125" targetAnchorX="0.19170984455958548" targetAnchorY="0.32432432432432434">
    <source href="assembly.xml#Initialize_Audit0"/>
    <target href="assembly.xml#GetEventDocuments10"/>
  </connections>
  <connections type="routesTo" sourceAnchorX="0.5392156862745098" sourceAnchorY="1.0" targetAnchorX="0.6157205240174672" targetAnchorY="0.13513513513513514">
    <source href="assembly.xml#//@beans/@mixed.1/@mixed.247/@mixed.3"/>
    <target href="assembly.xml#PutIntegrationMessage0050"/>
  </connections>
  <connections type="routesResponseTo" sourceAnchorX="0.835820895522388" sourceAnchorY="1.0" targetAnchorX="0.42201834862385323" targetAnchorY="0.39634146341463417">
    <source href="assembly.xml#GetEventDocuments10"/>
    <target href="assembly.xml#Route10"/>
  </connections>
  <connections type="routesTo" sourceAnchorX="0.6206896551724138" sourceAnchorY="1.0" targetAnchorX="0.04783599088838269" targetAnchorY="0.584">
    <source href="assembly.xml#//@beans/@mixed.1/@route.5/@subRoute.0"/>
    <target href="assembly.xml#DocAttributes0"/>
  </connections>
  <connections type="routesTo" sourceAnchorX="0.0" sourceAnchorY="0.2978723404255319" targetAnchorX="0.1588785046728972" targetAnchorY="0.29936305732484075">
    <source href="assembly.xml#DocAttributes0"/>
    <target href="assembly.xml#Route000"/>
  </connections>
  <connections type="routesTo" sourceAnchorX="0.0" sourceAnchorY="0.8666666666666667" targetAnchorX="0.3231441048034934" targetAnchorY="0.3783783783783784">
    <source href="assembly.xml#//@beans/@mixed.1/@mixed.239/@mixed.3"/>
    <target href="assembly.xml#PutIntegrationMessage0060"/>
  </connections>
  <connections type="routesTo" sourceAnchorX="0.9074074074074074" sourceAnchorY="1.0" targetAnchorX="0.2052980132450331" targetAnchorY="0.33695652173913043">
    <source href="assembly.xml#//@beans/@mixed.1/@route.4/@subRoute.0"/>
    <target href="assembly.xml#AsyncMediation80"/>
  </connections>
  <connections type="routesTo" sourceAnchorX="1.0" sourceAnchorY="0.5294117647058824" targetAnchorX="0.23178807947019867" targetAnchorY="0.4583333333333333">
    <source href="assembly.xml#//@beans/@mixed.1/@route.4/@subRoute.1"/>
    <target href="assembly.xml#AsyncMediation90"/>
  </connections>
  <connections type="routesTo" sourceAnchorX="0.8695652173913043" sourceAnchorY="1.0" targetAnchorX="0.12578616352201258" targetAnchorY="0.6630434782608695">
    <source href="assembly.xml#//@beans/@mixed.1/@route.4/@subRoute.2"/>
    <target href="assembly.xml#AsyncMediation100"/>
  </connections>
  <connections type="routesTo" sourceAnchorX="1.0" sourceAnchorY="0.3125" targetAnchorX="0.18421052631578946" targetAnchorY="0.4864864864864865">
    <source href="assembly.xml#AsyncMediation80"/>
    <target href="assembly.xml#CallProcessBatchResponse"/>
  </connections>
  <connections type="routesTo" sourceAnchorX="0.7389162561576355" sourceAnchorY="1.0" targetAnchorX="0.14847161572052403" targetAnchorY="0.6216216216216216">
    <source href="assembly.xml#//@beans/@mixed.1/@mixed.233/@mixed.3"/>
    <target href="assembly.xml#PutIntegrationMessage0070"/>
  </connections>
  <connections type="routesTo" sourceAnchorX="0.19166666666666668" sourceAnchorY="1.0" targetAnchorX="0.6118721461187214" targetAnchorY="0.13513513513513514">
    <source href="assembly.xml#//@beans/@mixed.1/@mixed.231/@mixed.3"/>
    <target href="assembly.xml#PutIntegrationMessage00700"/>
  </connections>
  <connections type="routesResponseTo" sourceAnchorX="1.0" sourceAnchorY="0.32432432432432434" targetAnchorX="0.03389830508474576" targetAnchorY="0.35135135135135137">
    <source href="assembly.xml#CallProcessBatchResponse"/>
    <target href="assembly.xml#CallCloseAuditAgg0"/>
  </connections>
  <connections type="routesTo" sourceAnchorX="1.0" sourceAnchorY="0.7027027027027027" targetAnchorX="0.2" targetAnchorY="0.25203252032520324">
    <source href="assembly.xml#ProcessBatchResponse"/>
    <target href="assembly.xml#CopyBatchData0"/>
  </connections>
  <connections type="routesTo" sourceAnchorX="1.0" sourceAnchorY="0.18478260869565216" targetAnchorX="0.452991452991453" targetAnchorY="0.10975609756097561">
    <source href="assembly.xml#CopyBatchData0"/>
    <target href="assembly.xml#SplitByBatch0"/>
  </connections>
  <connections type="routesTo" sourceAnchorX="0.427536231884058" sourceAnchorY="1.0" targetAnchorX="0.5589519650655022" targetAnchorY="0.24324324324324326">
    <source href="assembly.xml#//@beans/@mixed.1/@mixed.217/@mixed.3"/>
    <target href="assembly.xml#PutIntegrationMessage0080"/>
  </connections>
  <connections type="routesTo" sourceAnchorX="1.0" sourceAnchorY="0.4411764705882353" targetAnchorX="0.05970149253731343" targetAnchorY="0.17391304347826086">
    <source href="assembly.xml#//@beans/@mixed.1/@splitter.1/@subRoute.0"/>
    <target href="assembly.xml#Build-Request0"/>
  </connections>
  <connections type="routesTo" sourceAnchorX="1.0" sourceAnchorY="0.18110236220472442" targetAnchorX="0.08021390374331551" targetAnchorY="0.08108108108108109">
    <source href="assembly.xml#Build-Request0"/>
    <target href="assembly.xml#GetImportProcMsgs0"/>
  </connections>
  <connections type="routesTo" sourceAnchorX="0.5511811023622047" sourceAnchorY="1.0" targetAnchorX="0.5217391304347826" targetAnchorY="0.02702702702702703">
    <source href="assembly.xml#//@beans/@mixed.1/@mixed.211/@mixed.3"/>
    <target href="assembly.xml#CallAuditLog1"/>
  </connections>
  <connections type="routesResponseTo" sourceAnchorX="1.0" sourceAnchorY="0.35135135135135137" targetAnchorX="0.19480519480519481" targetAnchorY="0.14583333333333334">
    <source href="assembly.xml#GetImportProcMsgs0"/>
    <target href="assembly.xml#Check-Err-Exists0"/>
  </connections>
  <connections type="routesTo" sourceAnchorX="1.0" sourceAnchorY="0.16666666666666666" targetAnchorX="0.2348993288590604" targetAnchorY="0.16666666666666666">
    <source href="assembly.xml#Check-Err-Exists0"/>
    <target href="assembly.xml#Transform-Resp0"/>
  </connections>
  <connections type="routesTo" sourceAnchorX="0.7414965986394558" sourceAnchorY="1.0" targetAnchorX="0.620253164556962" targetAnchorY="0.4594594594594595">
    <source href="assembly.xml#//@beans/@mixed.1/@mixed.205/@mixed.3"/>
    <target href="assembly.xml#PutIntegrationMessage00100"/>
  </connections>
  <connections type="routesTo" sourceAnchorX="1.0" sourceAnchorY="0.3333333333333333" targetAnchorX="0.12396694214876033" targetAnchorY="0.5915492957746479">
    <source href="assembly.xml#Transform-Resp0"/>
    <target href="assembly.xml#Aggregator-Log0"/>
  </connections>
  <connections type="routesTo" sourceAnchorX="0.3380281690140845" sourceAnchorY="1.0" targetAnchorX="0.49344978165938863" targetAnchorY="0.21621621621621623">
    <source href="assembly.xml#//@beans/@mixed.1/@mixed.201/@mixed.3"/>
    <target href="assembly.xml#PutIntegrationMessage0090"/>
  </connections>
  <connections type="routesTo" sourceAnchorX="0.42105263157894735" sourceAnchorY="1.0" targetAnchorX="0.3505747126436782" targetAnchorY="0.2358490566037736">
    <source href="assembly.xml#CloseAuditAgg0"/>
    <target href="assembly.xml#Aggregator-Log0"/>
  </connections>
  <connections type="routesTo" sourceAnchorX="1.0" sourceAnchorY="0.3113207547169811" targetAnchorX="0.14084507042253522" targetAnchorY="0.22916666666666666">
    <source href="assembly.xml#Aggregator-Log0"/>
    <target href="assembly.xml#Store-Audit-File0"/>
  </connections>
  <connections type="routesTo" sourceAnchorX="0.8111888111888111" sourceAnchorY="1.0" targetAnchorX="0.13592233009708737" targetAnchorY="0.44502617801047123">
    <source href="assembly.xml#AggBatch_Error"/>
    <target href="assembly.xml#Route1"/>
  </connections>
  <connections type="routesTo" sourceAnchorX="0.8617021276595744" sourceAnchorY="1.0" targetAnchorX="0.03125" targetAnchorY="0.48">
    <source href="assembly.xml#//@beans/@mixed.1/@route.3/@subRoute.0"/>
    <target href="assembly.xml#RouteErrorHandler00"/>
  </connections>
  <connections type="routesTo" sourceAnchorX="0.8191489361702128" sourceAnchorY="1.0" targetAnchorX="0.05223880597014925" targetAnchorY="0.176">
    <source href="assembly.xml#//@beans/@mixed.1/@route.3/@subRoute.1"/>
    <target href="assembly.xml#AsyncMediation7"/>
  </connections>
  <connections type="routesTo" sourceAnchorX="1.0" sourceAnchorY="0.176" targetAnchorX="0.006535947712418301" targetAnchorY="0.46226415094339623">
    <source href="assembly.xml#RouteErrorHandler00"/>
    <target href="assembly.xml#Aggregator000"/>
  </connections>
  <connections type="routesTo" sourceAnchorX="0.22875816993464052" sourceAnchorY="1.0" targetAnchorX="0.5428571428571428" targetAnchorY="0.1276595744680851">
    <source href="assembly.xml#//@beans/@mixed.1/@mixed.187/@mixed.3"/>
    <target href="assembly.xml#AsyncMediation11"/>
  </connections>
  <connections type="routesTo" sourceAnchorX="1.0" sourceAnchorY="0.224" targetAnchorX="0.013071895424836602" targetAnchorY="0.4716981132075472">
    <source href="assembly.xml#AsyncMediation7"/>
    <target href="assembly.xml#Aggregator000"/>
  </connections>
  <connections type="routesTo" sourceAnchorX="0.3333333333333333" sourceAnchorY="1.0" targetAnchorX="0.5223880597014925" targetAnchorY="0.07608695652173914">
    <source href="assembly.xml#//@beans/@mixed.1/@mixed.183/@mixed.3"/>
    <target href="assembly.xml#AsyncMediation1"/>
  </connections>
  <connections type="routesTo" sourceAnchorX="0.5034965034965035" sourceAnchorY="1.0" targetAnchorX="0.5229885057471264" targetAnchorY="0.16981132075471697">
    <source href="assembly.xml#StopSummaryAggData0"/>
    <target href="assembly.xml#Aggregator000"/>
  </connections>
  <connections type="routesTo" sourceAnchorX="1.0" sourceAnchorY="0.27358490566037735" targetAnchorX="0.0963855421686747" targetAnchorY="0.6486486486486487">
    <source href="assembly.xml#Aggregator000"/>
    <target href="assembly.xml#CallFinalSummary"/>
  </connections>
  <connections type="routesTo" sourceAnchorX="0.8092105263157895" sourceAnchorY="1.0" targetAnchorX="0.12582781456953643" targetAnchorY="0.09782608695652174">
    <source href="assembly.xml#FinalSummary"/>
    <target href="assembly.xml#Final_Audit_FIle_Generation0"/>
  </connections>
  <connections type="routesTo" sourceAnchorX="1.0" sourceAnchorY="0.28125" targetAnchorX="0.4295774647887324" targetAnchorY="0.1891891891891892">
    <source href="assembly.xml#Final_Audit_FIle_Generation0"/>
    <target href="assembly.xml#PutFinalAudit0"/>
  </connections>
  <connections type="routesTo" sourceAnchorX="0.3464052287581699" sourceAnchorY="1.0" targetAnchorX="0.589041095890411" targetAnchorY="0.24324324324324326">
    <source href="assembly.xml#//@beans/@mixed.1/@mixed.171/@mixed.3"/>
    <target href="assembly.xml#CallAuditLog00"/>
  </connections>
  <connections type="routesTo" sourceAnchorX="1.0" sourceAnchorY="0.3783783783783784" targetAnchorX="0.1016949152542373" targetAnchorY="0.35135135135135137">
    <source href="assembly.xml#Audit-Log-Error0"/>
    <target href="assembly.xml#Put-Audit-Process-Error0"/>
  </connections>
  <connections type="routesTo" sourceAnchorX="0.8607594936708861" sourceAnchorY="1.0" targetAnchorX="0.34415584415584416" targetAnchorY="0.47305389221556887">
    <source href="assembly.xml#AggPayInbound"/>
    <target href="assembly.xml#Route0"/>
  </connections>
  <connections type="routesTo" sourceAnchorX="0.6879432624113475" sourceAnchorY="1.0" targetAnchorX="0.3333333333333333" targetAnchorY="0.5520833333333334">
    <source href="assembly.xml#//@beans/@mixed.1/@route.6/@subRoute.0"/>
    <target href="assembly.xml#CopyFileInputData"/>
  </connections>
  <connections type="routesTo" sourceAnchorX="0.7021276595744681" sourceAnchorY="1.0" targetAnchorX="0.28" targetAnchorY="0.5520833333333334">
    <source href="assembly.xml#//@beans/@mixed.1/@route.6/@subRoute.1"/>
    <target href="assembly.xml#CopyIntPayMapData"/>
  </connections>
  <connections type="routesTo" sourceAnchorX="1.0" sourceAnchorY="0.16666666666666666" targetAnchorX="0.21839080459770116" targetAnchorY="0.24528301886792453">
    <source href="assembly.xml#CopyFileInputData"/>
    <target href="assembly.xml#Aggregator"/>
  </connections>
  <connections type="routesTo" sourceAnchorX="1.0" sourceAnchorY="0.2708333333333333" targetAnchorX="0.1781609195402299" targetAnchorY="0.7547169811320755">
    <source href="assembly.xml#CopyIntPayMapData"/>
    <target href="assembly.xml#Aggregator"/>
  </connections>
  <connections type="routesTo" sourceAnchorX="1.0" sourceAnchorY="0.24528301886792453" targetAnchorX="0.2582781456953642" targetAnchorY="0.6666666666666666">
    <source href="assembly.xml#Aggregator"/>
    <target href="assembly.xml#AsyncMediation0"/>
  </connections>
  <connections type="routesTo" sourceAnchorX="0.7115384615384616" sourceAnchorY="1.0" targetAnchorX="0.6494252873563219" targetAnchorY="0.19811320754716982">
    <source href="assembly.xml#StopInputBatch"/>
    <target href="assembly.xml#Aggregator"/>
  </connections>
  <connections type="routesResponseTo" sourceAnchorX="0.7956521739130434" sourceAnchorY="1.0" targetAnchorX="0.20481927710843373" targetAnchorY="0.2972972972972973">
    <source href="assembly.xml#CallGetIntegrationMapData"/>
    <target href="assembly.xml#Call_AggPayInbound"/>
  </connections>
  <connections type="routesResponseTo" sourceAnchorX="0.7958115183246073" sourceAnchorY="1.0" targetAnchorX="0.21084337349397592" targetAnchorY="0.43243243243243246">
    <source href="assembly.xml#Call_AggPayInbound"/>
    <target href="assembly.xml#Call_StopInputBatch"/>
  </connections>
  <connections type="routesResponseTo" sourceAnchorX="0.8433734939759037" sourceAnchorY="1.0" targetAnchorX="0.2549019607843137" targetAnchorY="0.35135135135135137">
    <source href="assembly.xml#Call_StopInputBatch"/>
    <target href="assembly.xml#CallGetWorker"/>
  </connections>
  <swimlanes x="18" y="23" bgColor="15786116" name="Main Process" labelAlignment="LEFT">
    <elements href="assembly.xml#StartHere"/>
    <elements href="assembly.xml#Call_Initialize_Param"/>
    <elements href="assembly.xml#Call-LoadInputFile"/>
    <elements href="assembly.xml#CallGetIntegrationMapData"/>
    <elements href="assembly.xml#Call_AggPayInbound"/>
    <elements href="assembly.xml#Call_StopInputBatch"/>
    <elements href="assembly.xml#CallGetWorker"/>
    <elements href="assembly.xml#CallPayrollInput"/>
    <elements href="assembly.xml#Call_Aggregator"/>
    <elements href="assembly.xml#CallStopAgg"/>
    <elements href="assembly.xml#Call-submitPayrollWWS"/>
    <elements href="assembly.xml#CallStoreBatchFile"/>
    <elements href="assembly.xml#CallCloseErrorAgg"/>
  </swimlanes>
  <swimlanes name="" orientation="VERTICAL">
    <elements href="assembly.xml#Initialization"/>
    <elements href="assembly.xml#PutIntegrationMessage0"/>
  </swimlanes>
  <swimlanes x="18" y="138" bgColor="15786116" name="Initialization">
    <elements href="assembly.xml#Initialize_Param"/>
    <elements href="#//@swimlanes.1"/>
  </swimlanes>
  <swimlanes name="Swimlane" orientation="VERTICAL">
    <elements href="assembly.xml#InitRetrieveDoc"/>
    <elements href="assembly.xml#CallSubRoutine"/>
  </swimlanes>
  <swimlanes name="Parse Input File" orientation="VERTICAL" alignment="MIDDLE">
    <elements href="assembly.xml#CheckForEmptyFile"/>
    <elements href="assembly.xml#PutIntegrationMessage0011"/>
  </swimlanes>
  <swimlanes x="18" y="439" font="Arial|9|1" bgColor="15786116" fontColor="1" name="Input File Retrieval" labelAlignment="LEFT">
    <elements href="assembly.xml#GetInputFile"/>
    <elements href="#//@swimlanes.3"/>
    <elements href="assembly.xml#GetFile"/>
    <elements href="assembly.xml#RetrieveDocuments"/>
    <elements href="#//@swimlanes.4"/>
  </swimlanes>
  <swimlanes x="18" y="740" bgColor="15786116" name="Get Integration Map Data">
    <elements href="assembly.xml#GetIntegrationMapData"/>
    <elements href="assembly.xml#GetIntegrationSystem"/>
    <elements href="assembly.xml#GetMapData"/>
  </swimlanes>
  <swimlanes name="" orientation="VERTICAL">
    <elements href="assembly.xml#Create_Get_Worker_Request"/>
    <elements href="assembly.xml#PutIntegrationMessage00"/>
    <elements href="assembly.xml#StopProcess"/>
  </swimlanes>
  <swimlanes name="Get_Worker_Response" orientation="VERTICAL">
    <elements href="assembly.xml#ConvertToSimpleXML"/>
    <elements href="assembly.xml#PutIntegrationMessage000"/>
  </swimlanes>
  <swimlanes x="18" y="896" bgColor="15786116" name="GET_WORKER">
    <elements href="assembly.xml#GetWorkers"/>
    <elements href="#//@swimlanes.7"/>
    <elements href="assembly.xml#GetWorker"/>
    <elements href="#//@swimlanes.8"/>
  </swimlanes>
  <swimlanes name="Swimlane" orientation="VERTICAL">
    <elements href="assembly.xml#BuildPI"/>
    <elements href="assembly.xml#CallSubRoutine0"/>
  </swimlanes>
  <swimlanes x="18" y="1329" bgColor="15786116" name="GetPayrolnput">
    <elements href="assembly.xml#GetPayrollInput"/>
    <elements href="#//@swimlanes.10"/>
    <elements href="assembly.xml#GetPayrollInputs"/>
    <elements href="assembly.xml#PI_Response"/>
  </swimlanes>
  <swimlanes x="162" y="1693" name="" orientation="VERTICAL">
    <elements href="assembly.xml#RouteErrorHandler"/>
    <elements href="assembly.xml#PutIntegrationMessage010"/>
  </swimlanes>
  <swimlanes name="" orientation="VERTICAL">
    <elements href="assembly.xml#CopyWorkerData"/>
    <elements href="assembly.xml#CopyPIData"/>
    <elements href="assembly.xml#CopyInputFileData"/>
    <elements href="assembly.xml#CopyMapData"/>
  </swimlanes>
  <swimlanes name="" orientation="VERTICAL">
    <elements href="assembly.xml#StopAggData"/>
    <elements href="assembly.xml#Aggregator0"/>
  </swimlanes>
  <swimlanes name="Swimlane">
    <elements href="assembly.xml#AsyncMediation"/>
  </swimlanes>
  <swimlanes name="Swimlane" elements="//@swimlanes.14 //@swimlanes.15"/>
  <swimlanes x="18" y="1663" bgColor="15786116" name="Aggregate Input FIle Data | Existing Payroll Input  And Simple Get Worker Response">
    <elements href="assembly.xml#AggData"/>
    <elements href="#//@swimlanes.12"/>
    <elements href="assembly.xml#Route"/>
    <elements href="#//@swimlanes.13"/>
    <elements href="#//@swimlanes.16"/>
  </swimlanes>
  <swimlanes name="Build-And-Split" orientation="VERTICAL">
    <elements href="assembly.xml#Build-Import-PI0"/>
    <elements href="assembly.xml#PutIntegrationMessage003"/>
  </swimlanes>
  <swimlanes name="Swimlane" orientation="VERTICAL">
    <elements href="assembly.xml#AsyncMediation00"/>
    <elements href="assembly.xml#AsyncMediation10"/>
  </swimlanes>
  <swimlanes name="" orientation="VERTICAL">
    <elements href="assembly.xml#AsyncMediation60"/>
    <elements href="assembly.xml#Call-PIM-Error-Import10"/>
  </swimlanes>
  <swimlanes name="Valid Records">
    <elements href="#//@swimlanes.19"/>
    <elements href="assembly.xml#Splitter-PI0"/>
    <elements href="#//@swimlanes.20"/>
  </swimlanes>
  <swimlanes name="Swimlane" orientation="VERTICAL">
    <elements href="assembly.xml#Log-Error0"/>
    <elements href="assembly.xml#Call-PIM-Error-Import0"/>
  </swimlanes>
  <swimlanes name="Error Records">
    <elements href="assembly.xml#Get-Errors-Exist0"/>
    <elements href="#//@swimlanes.22"/>
    <elements href="assembly.xml#Call-Log-Error0"/>
  </swimlanes>
  <swimlanes name="Split Into Batches" orientation="VERTICAL" elements="//@swimlanes.21 //@swimlanes.23"/>
  <swimlanes name="" orientation="VERTICAL">
    <elements href="assembly.xml#Store-Resp-WID"/>
    <elements href="assembly.xml#PutIntegrationMessage004"/>
  </swimlanes>
  <swimlanes name="Close-Batch-Aggregator" orientation="VERTICAL">
    <elements href="assembly.xml#CloseBatchAgg"/>
    <elements href="assembly.xml#ImportBatchAgg"/>
  </swimlanes>
  <swimlanes font="Arial|11|1" bgColor="13630716" fontColor="1" name="Trigger WebService" labelAlignment="LEFT">
    <elements href="assembly.xml#Validation-ON"/>
    <elements href="assembly.xml#Import-Payroll-Inputs"/>
    <elements href="assembly.xml#Validation-OFF"/>
    <elements href="#//@swimlanes.25"/>
    <elements href="#//@swimlanes.26"/>
    <elements href="assembly.xml#StoreAggRespFile"/>
    <elements href="assembly.xml#PutIntegrationMessage"/>
  </swimlanes>
  <swimlanes x="18" y="2243" font="Arial|11|1" bgColor="15786116" fontColor="1" name="Sub_Assembly_Import_Payroll_Inputs" labelAlignment="LEFT">
    <elements href="assembly.xml#submitPayrollWWS"/>
    <elements href="#//@swimlanes.18"/>
    <elements href="assembly.xml#Process-Success-and-Errors0"/>
    <elements href="#//@swimlanes.24"/>
    <elements href="#//@swimlanes.27"/>
  </swimlanes>
  <swimlanes x="28" y="3404" font="Arial|11|1" bgColor="15786116" fontColor="1" name="Sub_Assembly_Put_PIM" labelAlignment="LEFT">
    <elements href="assembly.xml#Log-PIM-Error"/>
    <elements href="assembly.xml#Put-Process-Error"/>
  </swimlanes>
  <swimlanes name="Swimlane" orientation="VERTICAL">
    <elements href="assembly.xml#Handle-Logging-Errors"/>
    <elements href="assembly.xml#Call-PIM-Error-Logging"/>
  </swimlanes>
  <swimlanes name="Swimlane" orientation="VERTICAL">
    <elements href="assembly.xml#Close-Error-Agg"/>
    <elements href="assembly.xml#Error-Log-Aggregator"/>
  </swimlanes>
  <swimlanes x="28" y="3077" font="Arial|11|1" bgColor="15786116" fontColor="1" name="Sub_Assembly_Store_Error_Log" labelAlignment="LEFT">
    <elements href="assembly.xml#StoreErrorLog"/>
    <elements href="#//@swimlanes.30"/>
    <elements href="#//@swimlanes.31"/>
    <elements href="assembly.xml#Store-Error-Log"/>
    <elements href="assembly.xml#Put-Cloud-Log-Message"/>
  </swimlanes>
  <swimlanes x="1209" y="3092" font="Arial|11|1" bgColor="255" fontColor="1" name="Global Error Handler" labelAlignment="LEFT">
    <elements href="assembly.xml#//@beans/@mixed.1/@mixed.161"/>
    <elements href="assembly.xml#Store-CL-Critical"/>
    <elements href="assembly.xml#Put-PIM-Critical-Error"/>
  </swimlanes>
  <swimlanes font="Arial|11|1" bgColor="4390911" fontColor="1" name="Main" labelAlignment="LEFT">
    <elements href="assembly.xml#Audit-Start-Here"/>
    <elements href="assembly.xml#CallRetrieveDoc0"/>
    <elements href="assembly.xml#Call-AggBatch_Error"/>
    <elements href="assembly.xml#Call_StopSummaryAggData0"/>
  </swimlanes>
  <swimlanes name="" orientation="VERTICAL">
    <elements href="assembly.xml#Initialize_Audit0"/>
    <elements href="assembly.xml#PutIntegrationMessage0050"/>
  </swimlanes>
  <swimlanes name="Swimlane" orientation="VERTICAL">
    <elements href="assembly.xml#DocAttributes0"/>
    <elements href="assembly.xml#PutIntegrationMessage0060"/>
  </swimlanes>
  <swimlanes name="Check_Batch" orientation="VERTICAL">
    <elements href="assembly.xml#AsyncMediation80"/>
  </swimlanes>
  <swimlanes name="Process_Errors" orientation="VERTICAL">
    <elements href="assembly.xml#AsyncMediation90"/>
    <elements href="assembly.xml#PutIntegrationMessage00700"/>
  </swimlanes>
  <swimlanes name="" orientation="VERTICAL">
    <elements href="#//@swimlanes.37"/>
    <elements href="#//@swimlanes.38"/>
    <elements href="assembly.xml#AsyncMediation100"/>
  </swimlanes>
  <swimlanes name="Call_Process_Batch">
    <elements href="assembly.xml#CallProcessBatchResponse"/>
    <elements href="assembly.xml#CallCloseAuditAgg0"/>
  </swimlanes>
  <swimlanes name="" orientation="VERTICAL">
    <elements href="#//@swimlanes.40"/>
    <elements href="assembly.xml#PutIntegrationMessage0070"/>
  </swimlanes>
  <swimlanes name="Swimlane" elements="//@swimlanes.39 //@swimlanes.41"/>
  <swimlanes font="Arial|11|1" bgColor="4390911" fontColor="1" name="Retrieve_Event_Documanets" labelAlignment="LEFT">
    <elements href="assembly.xml#RetrieveDoc0"/>
    <elements href="#//@swimlanes.35"/>
    <elements href="assembly.xml#GetEventDocuments10"/>
    <elements href="assembly.xml#Route10"/>
    <elements href="#//@swimlanes.36"/>
    <elements href="assembly.xml#Route000"/>
    <elements href="#//@swimlanes.42"/>
  </swimlanes>
  <swimlanes name="" orientation="VERTICAL">
    <elements href="assembly.xml#CopyBatchData0"/>
    <elements href="assembly.xml#PutIntegrationMessage0080"/>
  </swimlanes>
  <swimlanes name="Swimlane" orientation="VERTICAL">
    <elements href="assembly.xml#Build-Request0"/>
    <elements href="assembly.xml#CallAuditLog1"/>
  </swimlanes>
  <swimlanes name="" orientation="VERTICAL">
    <elements href="assembly.xml#Check-Err-Exists0"/>
    <elements href="assembly.xml#PutIntegrationMessage00100"/>
  </swimlanes>
  <swimlanes name="" orientation="VERTICAL">
    <elements href="assembly.xml#Transform-Resp0"/>
    <elements href="assembly.xml#PutIntegrationMessage0090"/>
  </swimlanes>
  <swimlanes name="Swimlane" orientation="VERTICAL">
    <elements href="assembly.xml#CloseAuditAgg0"/>
    <elements href="assembly.xml#Aggregator-Log0"/>
  </swimlanes>
  <swimlanes font="Arial|11|1" bgColor="4390911" fontColor="1" name="Sub_Assembly_Process_Import_Response" labelAlignment="LEFT">
    <elements href="assembly.xml#ProcessBatchResponse"/>
    <elements href="#//@swimlanes.44"/>
    <elements href="assembly.xml#SplitByBatch0"/>
    <elements href="#//@swimlanes.45"/>
    <elements href="assembly.xml#GetImportProcMsgs0"/>
    <elements href="#//@swimlanes.46"/>
    <elements href="#//@swimlanes.47"/>
    <elements href="#//@swimlanes.48"/>
    <elements href="assembly.xml#Store-Audit-File0"/>
  </swimlanes>
  <swimlanes name="CheckForBatch" orientation="VERTICAL">
    <elements href="assembly.xml#RouteErrorHandler00"/>
    <elements href="assembly.xml#AsyncMediation11"/>
  </swimlanes>
  <swimlanes name="CheckForError" orientation="VERTICAL">
    <elements href="assembly.xml#AsyncMediation7"/>
    <elements href="assembly.xml#AsyncMediation1"/>
  </swimlanes>
  <swimlanes name="Swimlane" orientation="VERTICAL" elements="//@swimlanes.50 //@swimlanes.51"/>
  <swimlanes name="Swimlane" orientation="VERTICAL">
    <elements href="assembly.xml#StopSummaryAggData0"/>
    <elements href="assembly.xml#Aggregator000"/>
  </swimlanes>
  <swimlanes bgColor="4390911" name="Aggregate Batch Data | Error Data">
    <elements href="assembly.xml#AggBatch_Error"/>
    <elements href="assembly.xml#Route1"/>
    <elements href="#//@swimlanes.52"/>
    <elements href="#//@swimlanes.53"/>
    <elements href="assembly.xml#CallFinalSummary"/>
  </swimlanes>
  <swimlanes name="" orientation="VERTICAL">
    <elements href="assembly.xml#Final_Audit_FIle_Generation0"/>
    <elements href="assembly.xml#CallAuditLog00"/>
  </swimlanes>
  <swimlanes bgColor="4390911" name="Generate Audit File">
    <elements href="assembly.xml#FinalSummary"/>
    <elements href="#//@swimlanes.55"/>
    <elements href="assembly.xml#PutFinalAudit0"/>
  </swimlanes>
  <swimlanes font="Arial|11|1" bgColor="4390911" fontColor="1" name="Sub_Assembly_Log_PIM" labelAlignment="LEFT">
    <elements href="assembly.xml#Audit-Log-Error0"/>
    <elements href="assembly.xml#Put-Audit-Process-Error0"/>
  </swimlanes>
  <swimlanes x="28" y="3516" font="Arial|16|1" bgColor="13565951" fontColor="1" name="Audit Sub Integration" orientation="VERTICAL" elements="//@swimlanes.34 //@swimlanes.43 //@swimlanes.49 //@swimlanes.54 //@swimlanes.56 //@swimlanes.57" labelAlignment="LEFT"/>
  <swimlanes x="1348" y="1688" bgColor="15784836" name="Aggregate Inbound File and Integration Maps">
    <elements href="assembly.xml#AggPayInbound"/>
    <elements href="assembly.xml#Route0"/>
    <elements href="#//@swimlanes.60"/>
    <elements href="#//@swimlanes.61"/>
    <elements href="#//@swimlanes.62"/>
  </swimlanes>
  <swimlanes x="881" y="273" orientation="VERTICAL">
    <elements href="assembly.xml#CopyFileInputData"/>
    <elements href="assembly.xml#CopyIntPayMapData"/>
  </swimlanes>
  <swimlanes x="1043" y="326" name="Swimlane" orientation="VERTICAL">
    <elements href="assembly.xml#StopInputBatch"/>
    <elements href="assembly.xml#Aggregator"/>
  </swimlanes>
  <swimlanes x="1281" y="314" name="Swimlane">
    <elements href="assembly.xml#AsyncMediation0"/>
  </swimlanes>
</wdnm:Diagram>
