<?xml version="1.0" encoding="UTF-8"?>
<beans
     xmlns="http://www.springframework.org/schema/beans"
     xmlns:beans="http://www.springframework.org/schema/beans"
     xmlns:atom="http://www.w3.org/2005/Atom"
     xmlns:cc="http://www.capeclear.com/assembly/10"
     xmlns:cloud="urn:com.workday/esb/cloud/10.0"
     xmlns:env="http://schemas.xmlsoap.org/soap/envelope/"
     xmlns:pi="urn:com.workday/picof"
     xmlns:wd="urn:com.workday/bsvc"
     xmlns:xsi="http://www.w3.org/2001/XMLSchema-instance">
 
	<cc:assembly id="WorkdayAssembly" version="2020.36">
        <cc:local-in id="GetSupplierInvoiceTaxDocWWS-IN" routes-to="Local-IN-GetTaxDocument" access="public" use-global-error-handlers="true"><cc:parameter name="get.supplier.invoice.WID" required="true" validation="props['get.supplier.invoice.WID'] != null"/></cc:local-in>
        <cc:async-mediation id="AM-LoadInvoiceProps" routes-to="AM-LogProps">
            <cc:steps>
                <cc:copy id="CopyTaxDoc" input="variable" input-variable="get.tax.doc.vTaxDocument"/>
                <cc:eval id="Eval">
                    <cc:expression>props['get.supplier.invoice.CompanyReferenceId'] = parts[0].xpath('/*:Envelope/*:Body/*:Get_Taxable_Document_for_Tax_Calculation_Response/*:Response_Data/*:Taxable_Document_for_Tax_Calculation/*:Taxable_Document_for_Tax_Calculation_Data/*:Taxable_Document_Header_for_Tax_Calculation_Data/*:Company_Reference/*:ID[@*:type=&quot;Company_Reference_ID&quot;]')</cc:expression>
                    <cc:expression>props['get.supplier.invoice.CompanyWID'] = parts[0].xpath('/*:Envelope/*:Body/*:Get_Taxable_Document_for_Tax_Calculation_Response/*:Response_Data/*:Taxable_Document_for_Tax_Calculation/*:Taxable_Document_for_Tax_Calculation_Data/*:Taxable_Document_Header_for_Tax_Calculation_Data/*:Company_Reference/*:ID[@*:type=&quot;WID&quot;]')</cc:expression>
                    <cc:expression>props['get.supplier.invoice.SupplierInvoiceNumber'] = parts[0].xpath('/*:Envelope/*:Body/*:Get_Taxable_Document_for_Tax_Calculation_Response/*:Response_Data/*:Taxable_Document_for_Tax_Calculation/*:Taxable_Document_for_Tax_Calculation_Data/*:Taxable_Document_Header_for_Tax_Calculation_Data/*:Document_Number')</cc:expression>
                    <cc:expression>props['get.supplier.invoice.SupplierInvoiceReferenceId'] = parts[0].xpath('/*:Envelope/*:Body/*:Get_Taxable_Document_for_Tax_Calculation_Response/*:Request_References/*:Taxable_Document_for_Tax_Calculation_Request_Reference/*:ID[@*:type=&quot;Supplier_Invoice_Reference_ID&quot;]')</cc:expression>
                    <cc:expression>props['get.supplier.invoice.TaxOption'] = parts[0].xpath('/*:Envelope/*:Body/*:Get_Taxable_Document_for_Tax_Calculation_Response/*:Response_Data/*:Taxable_Document_for_Tax_Calculation/*:Taxable_Document_for_Tax_Calculation_Data/*:Taxable_Document_Header_for_Tax_Calculation_Data/*:Supplier_Invoice_Header_for_Tax_Calculation_Data/*:Tax_Option_Reference/*:ID[@*:type=&quot;Tax_Option_ID&quot;]')</cc:expression>
                    <cc:expression>props['get.supplier.invoice.ReversalDocumentNumber'] = props['get.supplier.invoice.SupplierInvoiceNumber']</cc:expression>
                    <cc:expression>//props['countryXpath'] = '/*:Envelope/*:Body/*:Get_Taxable_Document_for_Tax_Calculation_Response/*:Response_Data/*:Taxable_Document_for_Tax_Calculation/*:Taxable_Document_for_Tax_Calculation_Data/*:Taxable_Document_Line_for_Tax_Calculation_Data[1]/*:Ship-to-Address_Data/*:Address_Data/*:Country_Reference/*:ID[@*:type=&quot;'#props['pCountryISOCodeType']#'&quot;]'</cc:expression>
                    <cc:expression>//props['get.supplier.invoice.ShipToCountry'] = parts[0].xpath(props['countryXpath'])</cc:expression>
                    <cc:expression>props['get.supplier.invoice.ShipToCountry'] = parts[0].xpath('/*:Envelope/*:Body/*:Get_Taxable_Document_for_Tax_Calculation_Response/*:Response_Data/*:Taxable_Document_for_Tax_Calculation/*:Taxable_Document_for_Tax_Calculation_Data/*:Taxable_Document_Line_for_Tax_Calculation_Data[1]/*:Ship-to-Address_Data/*:Address_Data/*:Country_Reference/*:ID[@*:type=&quot;ISO_3166-1_Alpha-3_Code&quot;]');</cc:expression>
                    <cc:expression>//props['countryXpath'] = '/*:Envelope/*:Body/*:Get_Taxable_Document_for_Tax_Calculation_Response/*:Response_Data/*:Taxable_Document_for_Tax_Calculation/*:Taxable_Document_for_Tax_Calculation_Data/*:Taxable_Document_Header_for_Tax_Calculation_Data/*:Document_Ship-To_Address_Data/*:Document_Ship-To_Address_Data/*:Country_Reference/*:ID[@*:type=&quot;'#props['pCountryISOCodeType']#'&quot;]'</cc:expression>
                    <cc:expression>if(props['get.supplier.invoice.ShipToCountry'] == ''){&#xD;
	props['get.supplier.invoice.ShipToCountry'] = parts[0].xpath('/*:Envelope/*:Body/*:Get_Taxable_Document_for_Tax_Calculation_Response/*:Response_Data/*:Taxable_Document_for_Tax_Calculation/*:Taxable_Document_for_Tax_Calculation_Data/*:Taxable_Document_Header_for_Tax_Calculation_Data/*:Document_Ship-To_Address_Data/*:Document_Ship-To_Address_Data/*:Country_Reference/*:ID[@*:type=&quot;ISO_3166-1_Alpha-3_Code&quot;]');&#xD;
}&#xD;
</cc:expression>
                    <cc:expression>props['get.supplier.invoice.OriginalInvoiceWID'] = parts[0].xpath('/*:Envelope/*:Body/*:Get_Taxable_Document_for_Tax_Calculation_Response/*:Response_Data/*:Taxable_Document_for_Tax_Calculation/*:Taxable_Document_for_Tax_Calculation_Data/*:Taxable_Document_Header_for_Tax_Calculation_Data/*:Adjusted_Invoice_Reference/*:ID[@*:type=&quot;WID&quot;]')</cc:expression>
                    <cc:expression>props['get.supplier.invoice.ShipFromCountry'] = parts[0].xpath('/*:Envelope/*:Body/*:Get_Taxable_Document_for_Tax_Calculation_Response/*:Response_Data/*:Taxable_Document_for_Tax_Calculation/*:Taxable_Document_for_Tax_Calculation_Data/*:Taxable_Document_Header_for_Tax_Calculation_Data/*:Supplier_Invoice_Header_for_Tax_Calculation_Data/*:Supplier_Ship-To_Address_Data/*:Supplier_Ship-To_Address_Data/*:Country_Reference/*:ID[@*:type=&quot;ISO_3166-1_Alpha-3_Code&quot;]')</cc:expression>
                </cc:eval>
                <cc:copy id="Copy" output="variable" output-variable="get.supplier.invoice.vSupplierInvoice"/>
                <cc:eval id="Eval0">
                    <cc:expression>vars['get.supplier.invoice.vSupplierInvoiceTransformed'] = vars['get.supplier.invoice.vSupplierInvoice'].getText().replace(&quot;&lt;?xml version='1.0' encoding='UTF-8'?>&quot;, &quot;&quot;)</cc:expression>
                </cc:eval>
            </cc:steps>
        </cc:async-mediation>
        <cc:async-mediation id="AM-LogProps" execute-steps-when="props['pDebugFlag'] == true">
            <cc:steps>
                <cc:log id="Log">
                    <cc:log-message>
                        <cc:line-separator/>
                        <cc:text>GET SUPPLIER INVOICE:&#xD;
get.supplier.invoice.CompanyReferenceId: @{props['get.supplier.invoice.CompanyReferenceId']}&#xD;
get.supplier.invoice.CompanyWID: @{props['get.supplier.invoice.CompanyWID']}&#xD;
get.supplier.invoice.SupplierInvoiceNumber: @{props['get.supplier.invoice.SupplierInvoiceNumber']}&#xD;
get.supplier.invoice.SupplierInvoiceReferenceId: @{props['get.supplier.invoice.SupplierInvoiceReferenceId']}&#xD;
get.supplier.invoice.TaxOption: @{props['get.supplier.invoice.TaxOption']}&#xD;
get.supplier.invoice.ReversalDocumentNumber: @{props['get.supplier.invoice.ReversalDocumentNumber']}&#xD;
get.supplier.invoice.ShipToCountry: @{props['get.supplier.invoice.ShipToCountry']}</cc:text>
                        <cc:line-separator/>
                    </cc:log-message>
                </cc:log>
            </cc:steps>
        </cc:async-mediation>
        <cc:local-out id="Local-IN-GetTaxDocument" routes-response-to="AM-LoadInvoiceProps" endpoint="vm://VTX-GetTaxableDocument/Local-IN-GetTaxDocument"><cc:set name="get.tax.doc.WID" value="props['get.supplier.invoice.WID']"/></cc:local-out>
	</cc:assembly>

</beans>