<?xml version="1.0" encoding="UTF-8"?>
<wdnm:Diagram xmlns:wdnm="http://workday.com/studio/editors/notation">
  <element href="assembly.xml#WorkdayAssembly"/>
  <visualProperties x="237" y="107">
    <element href="assembly.xml#StartHere"/>
  </visualProperties>
  <visualProperties x="321" y="185">
    <element href="assembly.xml#Get-Attr-Lp"/>
  </visualProperties>
  <visualProperties x="267" y="207">
    <element href="assembly.xml#PutIntegrationMessage"/>
  </visualProperties>
  <visualProperties x="423" y="92">
    <element href="assembly.xml#CheckFile"/>
  </visualProperties>
  <visualProperties x="611" y="148">
    <element href="assembly.xml#Terminate_Int"/>
  </visualProperties>
  <visualProperties x="1094" y="94">
    <element href="assembly.xml#Call_INT5249_Process_File"/>
  </visualProperties>
  <visualProperties x="103" y="383">
    <element href="assembly.xml#INT5249_Process_File"/>
  </visualProperties>
  <visualProperties x="349" y="573">
    <element href="assembly.xml#PutIntegrationMessage0"/>
  </visualProperties>
  <visualProperties x="575" y="119">
    <element href="assembly.xml#Route"/>
  </visualProperties>
  <visualProperties x="705" y="137">
    <element href="assembly.xml#FileData"/>
  </visualProperties>
  <visualProperties x="852" y="185">
    <element href="assembly.xml#RemoveHeader"/>
  </visualProperties>
  <visualProperties x="1009" y="134">
    <element href="assembly.xml#Aggregator"/>
  </visualProperties>
  <visualProperties x="510" y="482">
    <element href="assembly.xml#Splitter"/>
  </visualProperties>
  <visualProperties x="648" y="553">
    <element href="assembly.xml#DED_Data"/>
  </visualProperties>
  <visualProperties x="921" y="117">
    <element href="assembly.xml#FileHasData"/>
  </visualProperties>
  <visualProperties x="978" y="248">
    <element href="assembly.xml#Terminate_Int1"/>
  </visualProperties>
  <visualProperties x="738" y="612">
    <element href="assembly.xml#Call_INT5249_Load_Deduction"/>
  </visualProperties>
  <visualProperties x="74" y="798">
    <element href="assembly.xml#INT5249_Load_Deduction"/>
  </visualProperties>
  <visualProperties x="252" y="798">
    <element href="assembly.xml#record"/>
  </visualProperties>
  <visualProperties x="517" y="813">
    <element href="assembly.xml#Ded_Type"/>
  </visualProperties>
  <visualProperties x="831" y="906">
    <element href="assembly.xml#AsyncMediation"/>
  </visualProperties>
  <visualProperties x="765" y="586">
    <element href="assembly.xml#Call_INT5249_Get_Worker"/>
  </visualProperties>
  <visualProperties x="1322" y="532">
    <element href="assembly.xml#INT5249_Get_Worker"/>
  </visualProperties>
  <visualProperties x="1487" y="524">
    <element href="assembly.xml#GetWorker"/>
  </visualProperties>
  <visualProperties x="889" y="1121">
    <element href="assembly.xml#AsyncMediation0"/>
  </visualProperties>
  <visualProperties x="835" y="1300">
    <element href="assembly.xml#AsyncMediation1"/>
  </visualProperties>
  <visualProperties x="1759" y="571">
    <element href="assembly.xml#WorkdayOutSoap"/>
  </visualProperties>
  <visualProperties x="1809" y="765">
    <element href="assembly.xml#Response"/>
  </visualProperties>
  <visualProperties x="966" y="931">
    <element href="assembly.xml#Call_INT5249_Load_Pay_Input"/>
  </visualProperties>
  <visualProperties x="1294" y="910">
    <element href="assembly.xml#INT5249_Load_Pay_Input"/>
  </visualProperties>
  <visualProperties x="1474" y="940">
    <element href="assembly.xml#PayInputRequest"/>
  </visualProperties>
  <visualProperties x="1729" y="970">
    <element href="assembly.xml#WorkdayOutSoap0"/>
  </visualProperties>
  <visualProperties>
    <element href="assembly.xml#//@beans/@mixed.1/@mixed.67"/>
  </visualProperties>
  <visualProperties>
    <element href="assembly.xml#Note-Error"/>
  </visualProperties>
  <visualProperties x="1922" y="1026">
    <element href="assembly.xml#Validation-ON"/>
  </visualProperties>
  <visualProperties x="2069" y="1026">
    <element href="assembly.xml#Validation-OFF"/>
  </visualProperties>
  <visualProperties x="2222" y="1026">
    <element href="assembly.xml#Store-Resp-WID"/>
  </visualProperties>
  <visualProperties x="94" y="2264">
    <element href="assembly.xml#INT5249_Audit_Log"/>
  </visualProperties>
  <visualProperties x="254" y="2340">
    <element href="assembly.xml#AsyncMediation3"/>
  </visualProperties>
  <visualProperties x="344" y="2501">
    <element href="assembly.xml#PutIntegrationMessage5"/>
  </visualProperties>
  <visualProperties x="510" y="2378">
    <element href="assembly.xml#Aggregator0"/>
  </visualProperties>
  <visualProperties x="570" y="2510">
    <element href="assembly.xml#AsyncMediation4"/>
  </visualProperties>
  <visualProperties x="812" y="2518">
    <element href="assembly.xml#PutIntegrationMessage6"/>
  </visualProperties>
  <visualProperties x="481" y="549">
    <element href="assembly.xml#CSVToXML"/>
  </visualProperties>
  <visualProperties x="588" y="688">
    <element href="assembly.xml#Call_INT5249_Close_Agg"/>
  </visualProperties>
  <visualProperties x="552" y="2348">
    <element href="assembly.xml#INT5249_Close_Agg"/>
  </visualProperties>
  <visualProperties x="1718" y="1039">
    <element href="assembly.xml#Call_INT5249_Audit_Log0"/>
  </visualProperties>
  <visualProperties x="1548" y="1097">
    <element href="assembly.xml#logError"/>
  </visualProperties>
  <visualProperties x="962" y="2432">
    <element href="assembly.xml#PutIntegrationMessage3"/>
  </visualProperties>
  <visualProperties x="1029" y="962">
    <element href="assembly.xml#Call_INT5249_Stop_Recurring_Input"/>
  </visualProperties>
  <visualProperties x="1338" y="1397">
    <element href="assembly.xml#INT5249_Get_Existing_Pay_Input"/>
  </visualProperties>
  <visualProperties x="1577" y="1398">
    <element href="assembly.xml#GetExistingPayInput"/>
  </visualProperties>
  <visualProperties x="2817" y="1129">
    <element href="assembly.xml#Call_INT5249_Audit_Log10"/>
  </visualProperties>
  <visualProperties x="1846" y="1436">
    <element href="assembly.xml#ValidateExistingInput"/>
  </visualProperties>
  <visualProperties x="3540" y="1800">
    <element href="assembly.xml#logError0"/>
  </visualProperties>
  <visualProperties x="3540" y="2296">
    <element href="assembly.xml#Call_INT5249_Audit_Log00"/>
  </visualProperties>
  <visualProperties x="1876" y="1488">
    <element href="assembly.xml#WorkdayOutSoap1"/>
  </visualProperties>
  <visualProperties x="2552" y="1419">
    <element href="assembly.xml#INT5249_Stop_Recurring_Input"/>
  </visualProperties>
  <visualProperties>
    <element href="assembly.xml#PayInputRequest0"/>
  </visualProperties>
  <visualProperties>
    <element href="assembly.xml#logError1"/>
  </visualProperties>
  <visualProperties>
    <element href="assembly.xml#Call_INT5249_Audit_Log01"/>
  </visualProperties>
  <visualProperties x="5352" y="2052">
    <element href="assembly.xml#Validation-ON0"/>
  </visualProperties>
  <visualProperties x="5940" y="2052">
    <element href="assembly.xml#WorkdayOutSoap00"/>
  </visualProperties>
  <visualProperties x="6696" y="2052">
    <element href="assembly.xml#Validation-OFF0"/>
  </visualProperties>
  <visualProperties x="7308" y="2052">
    <element href="assembly.xml#Store-Resp-WID0"/>
  </visualProperties>
  <visualProperties x="7956" y="2052">
    <element href="assembly.xml#Call_INT5249_Audit_Log100"/>
  </visualProperties>
  <visualProperties x="960" y="1132">
    <element href="assembly.xml#Call_INT5249_Get_Existing_Pay_Input"/>
  </visualProperties>
  <visualProperties x="1531" y="1301">
    <element href="assembly.xml#Call_INT5249_Load_Pay_Input0"/>
  </visualProperties>
  <visualProperties x="1230" y="1308">
    <element href="assembly.xml#Call_INT5249_Get_Existing_Pay_Input0"/>
  </visualProperties>
  <visualProperties x="1916" y="611">
    <element href="assembly.xml#logError2"/>
  </visualProperties>
  <visualProperties x="1916" y="673">
    <element href="assembly.xml#Call_INT5249_Audit_Log02"/>
  </visualProperties>
  <visualProperties x="568" y="1122">
    <element href="assembly.xml#logError3"/>
  </visualProperties>
  <visualProperties x="568" y="1184">
    <element href="assembly.xml#Call_INT5249_Audit_Log03"/>
  </visualProperties>
  <visualProperties x="899" y="1563">
    <element href="assembly.xml#logError00"/>
  </visualProperties>
  <visualProperties x="948" y="1610">
    <element href="assembly.xml#Call_INT5249_Audit_Log000"/>
  </visualProperties>
  <visualProperties x="1316" y="1254">
    <element href="assembly.xml#AsyncMediation2"/>
  </visualProperties>
  <visualProperties x="1461" y="1307">
    <element href="assembly.xml#logError4"/>
  </visualProperties>
  <visualProperties x="1461" y="1369">
    <element href="assembly.xml#Call_INT5249_Audit_Log04"/>
  </visualProperties>
  <visualProperties x="102" y="499">
    <element href="assembly.xml#INT5249_RetrieveFile"/>
  </visualProperties>
  <visualProperties x="558" y="192">
    <element href="assembly.xml#Call_INT5249_RetrieveFile"/>
  </visualProperties>
  <visualProperties x="1538" y="563">
    <element href="assembly.xml#SyncMediation"/>
  </visualProperties>
  <visualProperties x="1728" y="563">
    <element href="assembly.xml#Call_INT5249_Agg_File"/>
  </visualProperties>
  <visualProperties x="1845" y="563">
    <element href="assembly.xml#AsyncMediation20"/>
  </visualProperties>
  <visualProperties x="2063" y="563">
    <element href="assembly.xml#Aggregator1"/>
  </visualProperties>
  <visualProperties x="2255" y="491">
    <element href="assembly.xml#INT5249_Agg_File"/>
  </visualProperties>
  <connections type="routesTo" sourceAnchorX="0.8073394495412844" sourceAnchorY="1.0" targetAnchorX="0.4566929133858268" targetAnchorY="0.40217391304347827">
    <source href="assembly.xml#StartHere"/>
    <target href="assembly.xml#Get-Attr-Lp"/>
  </connections>
  <connections type="routesTo" sourceAnchorX="0.1968503937007874" sourceAnchorY="1.0" targetAnchorX="0.391304347826087" targetAnchorY="0.21621621621621623">
    <source href="assembly.xml#//@beans/@mixed.1/@mixed.3/@mixed.3"/>
    <target href="assembly.xml#PutIntegrationMessage"/>
  </connections>
  <connections type="routesTo" sourceAnchorX="0.898876404494382" sourceAnchorY="1.0" targetAnchorX="0.2670157068062827" targetAnchorY="0.5135135135135135">
    <source href="assembly.xml#//@beans/@mixed.1/@route.0/@subRoute.1"/>
    <target href="assembly.xml#Terminate_Int"/>
  </connections>
  <connections type="routesTo" sourceAnchorX="0.2967032967032967" sourceAnchorY="1.0" targetAnchorX="0.518324607329843" targetAnchorY="0.16216216216216217">
    <source href="assembly.xml#//@beans/@mixed.1/@mixed.87/@mixed.5"/>
    <target href="assembly.xml#PutIntegrationMessage0"/>
  </connections>
  <connections type="routesTo" sourceAnchorX="0.9361702127659575" sourceAnchorY="1.0" targetAnchorX="0.1568627450980392" targetAnchorY="0.35135135135135137">
    <source href="assembly.xml#//@beans/@mixed.1/@splitter.0/@subRoute.0"/>
    <target href="assembly.xml#Aggregator"/>
  </connections>
  <connections type="routesTo" sourceAnchorX="0.9042553191489362" sourceAnchorY="1.0" targetAnchorX="0.1889763779527559" targetAnchorY="0.6956521739130435">
    <source href="assembly.xml#//@beans/@mixed.1/@splitter.1/@subRoute.0"/>
    <target href="assembly.xml#DED_Data"/>
  </connections>
  <connections type="routesTo" sourceAnchorX="0.9727272727272728" sourceAnchorY="1.0" targetAnchorX="0.36036036036036034" targetAnchorY="0.3730769230769231">
    <source href="assembly.xml#//@beans/@mixed.1/@route.1/@subRoute.0"/>
    <target href="assembly.xml#FileHasData"/>
  </connections>
  <connections type="routesTo" sourceAnchorX="0.7244897959183674" sourceAnchorY="1.0" targetAnchorX="0.1590909090909091" targetAnchorY="0.4148936170212766">
    <source href="assembly.xml#//@beans/@mixed.1/@route.2/@subRoute.0"/>
    <target href="assembly.xml#FileData"/>
  </connections>
  <connections type="routesTo" sourceAnchorX="1.0" sourceAnchorY="0.2872340425531915" targetAnchorX="0.2713178294573643" targetAnchorY="0.21973094170403587">
    <source href="assembly.xml#FileData"/>
    <target href="assembly.xml#RemoveHeader"/>
  </connections>
  <connections type="routesTo" sourceAnchorX="0.6179775280898876" sourceAnchorY="1.0" targetAnchorX="0.23036649214659685" targetAnchorY="0.9459459459459459">
    <source href="assembly.xml#//@beans/@mixed.1/@route.2/@subRoute.1"/>
    <target href="assembly.xml#Terminate_Int1"/>
  </connections>
  <connections type="routesTo" sourceAnchorX="0.8366336633663366" sourceAnchorY="1.0" targetAnchorX="0.18110236220472442" targetAnchorY="0.6956521739130435">
    <source href="assembly.xml#INT5249_Load_Deduction"/>
    <target href="assembly.xml#record"/>
  </connections>
  <connections type="routesTo" sourceAnchorX="1.0" sourceAnchorY="0.192" targetAnchorX="0.4766355140186916" targetAnchorY="0.11464968152866242">
    <source href="assembly.xml#record"/>
    <target href="assembly.xml#Ded_Type"/>
  </connections>
  <connections type="routesTo" sourceAnchorX="1.0" sourceAnchorY="0.5882352941176471" targetAnchorX="0.1732283464566929" targetAnchorY="0.7065217391304348">
    <source href="assembly.xml#//@beans/@mixed.1/@route.3/@subRoute.0"/>
    <target href="assembly.xml#AsyncMediation"/>
  </connections>
  <connections type="routesTo" sourceAnchorX="1.0" sourceAnchorY="0.2553191489361702" targetAnchorX="0.2" targetAnchorY="0.40540540540540543">
    <source href="assembly.xml#DED_Data"/>
    <target href="assembly.xml#Call_INT5249_Get_Worker"/>
  </connections>
  <connections type="routesTo" sourceAnchorX="0.6704545454545454" sourceAnchorY="1.0" targetAnchorX="0.20149253731343283" targetAnchorY="0.43478260869565216">
    <source href="assembly.xml#INT5249_Get_Worker"/>
    <target href="assembly.xml#GetWorker"/>
  </connections>
  <connections type="routesTo" sourceAnchorX="0.8449612403100775" sourceAnchorY="1.0" targetAnchorX="0.15671641791044777" targetAnchorY="0.39361702127659576">
    <source href="assembly.xml#//@beans/@mixed.1/@route.3/@subRoute.1"/>
    <target href="assembly.xml#AsyncMediation0"/>
    <bendpoints sourceX="24" sourceY="-27" targetX="-101" targetY="3"/>
  </connections>
  <connections type="routesTo" sourceAnchorX="0.46511627906976744" sourceAnchorY="1.0" targetAnchorX="0.43283582089552236" targetAnchorY="0.425531914893617">
    <source href="assembly.xml#//@beans/@mixed.1/@route.3/@subRoute.2"/>
    <target href="assembly.xml#AsyncMediation1"/>
  </connections>
  <connections type="routesTo" sourceAnchorX="1.0" sourceAnchorY="0.136" targetAnchorX="0.29605263157894735" targetAnchorY="0.24324324324324326">
    <source href="assembly.xml#GetWorker"/>
    <target href="assembly.xml#WorkdayOutSoap"/>
  </connections>
  <connections type="routesResponseTo" sourceAnchorX="0.6842105263157895" sourceAnchorY="1.0" targetAnchorX="0.23134328358208955" targetAnchorY="0.6847826086956522">
    <source href="assembly.xml#WorkdayOutSoap"/>
    <target href="assembly.xml#Response"/>
  </connections>
  <connections type="routesTo" sourceAnchorX="1.0" sourceAnchorY="0.26595744680851063" targetAnchorX="0.1875" targetAnchorY="0.4864864864864865">
    <source href="assembly.xml#AsyncMediation"/>
    <target href="assembly.xml#Call_INT5249_Load_Pay_Input"/>
  </connections>
  <connections type="routesTo" sourceAnchorX="0.835" sourceAnchorY="1.0" targetAnchorX="0.21641791044776118" targetAnchorY="0.7065217391304348">
    <source href="assembly.xml#INT5249_Load_Pay_Input"/>
    <target href="assembly.xml#PayInputRequest"/>
  </connections>
  <connections type="routesTo" sourceAnchorX="0.9669421487603306" sourceAnchorY="0.43243243243243246" targetAnchorX="0.06060606060606061" targetAnchorY="0.3783783783783784">
    <source href="assembly.xml#//@beans/@mixed.1/@mixed.67"/>
    <target href="assembly.xml#Note-Error"/>
  </connections>
  <connections type="routesTo" sourceAnchorX="1.0" sourceAnchorY="0.28" targetAnchorX="0.358974358974359" targetAnchorY="0.18085106382978725">
    <source href="assembly.xml#PayInputRequest"/>
    <target href="assembly.xml#Validation-ON"/>
  </connections>
  <connections type="routesTo" sourceAnchorX="1.0" sourceAnchorY="0.30851063829787234" targetAnchorX="0.44025157232704404" targetAnchorY="0.2702702702702703">
    <source href="assembly.xml#Validation-ON"/>
    <target href="assembly.xml#WorkdayOutSoap0"/>
  </connections>
  <connections type="routesResponseTo" sourceAnchorX="0.5408805031446541" sourceAnchorY="1.0" targetAnchorX="0.3008130081300813" targetAnchorY="0.1595744680851064">
    <source href="assembly.xml#WorkdayOutSoap0"/>
    <target href="assembly.xml#Validation-OFF"/>
  </connections>
  <connections type="routesTo" sourceAnchorX="0.8253012048192772" sourceAnchorY="1.0" targetAnchorX="0.3358208955223881" targetAnchorY="0.5217391304347826">
    <source href="assembly.xml#INT5249_Audit_Log"/>
    <target href="assembly.xml#AsyncMediation3"/>
  </connections>
  <connections type="routesTo" sourceAnchorX="0.3779527559055118" sourceAnchorY="1.0" targetAnchorX="0.34554973821989526" targetAnchorY="0.7027027027027027">
    <source href="assembly.xml#//@beans/@mixed.1/@mixed.77/@mixed.3"/>
    <target href="assembly.xml#PutIntegrationMessage5"/>
  </connections>
  <connections type="routesTo" sourceAnchorX="1.0" sourceAnchorY="0.144" targetAnchorX="0.5045871559633027" targetAnchorY="0.7027027027027027">
    <source href="assembly.xml#AsyncMediation3"/>
    <target href="assembly.xml#Aggregator0"/>
  </connections>
  <connections type="routesTo" sourceAnchorX="1.0" sourceAnchorY="0.2358490566037736" targetAnchorX="0.29850746268656714" targetAnchorY="0.5760869565217391">
    <source href="assembly.xml#Aggregator0"/>
    <target href="assembly.xml#AsyncMediation4"/>
  </connections>
  <connections type="routesTo" sourceAnchorX="1.0" sourceAnchorY="0.35106382978723405" targetAnchorX="0.2774869109947644" targetAnchorY="0.6486486486486487">
    <source href="assembly.xml#AsyncMediation4"/>
    <target href="assembly.xml#PutIntegrationMessage6"/>
  </connections>
  <connections type="routesTo" sourceAnchorX="0.7445652173913043" sourceAnchorY="1.0" targetAnchorX="0.1568627450980392" targetAnchorY="0.07734806629834254">
    <source href="assembly.xml#INT5249_Process_File"/>
    <target href="assembly.xml#CSVToXML"/>
  </connections>
  <connections type="routesTo" sourceAnchorX="1.0" sourceAnchorY="0.12154696132596685" targetAnchorX="0.04672897196261682" targetAnchorY="0.37012987012987014">
    <source href="assembly.xml#CSVToXML"/>
    <target href="assembly.xml#Splitter"/>
  </connections>
  <connections type="routesResponseTo" sourceAnchorX="1.0" sourceAnchorY="0.18579234972677597" targetAnchorX="0.09027777777777778" targetAnchorY="0.4594594594594595">
    <source href="assembly.xml#CSVToXML"/>
    <target href="assembly.xml#Call_INT5249_Close_Agg"/>
  </connections>
  <connections type="routesTo" sourceAnchorX="0.2558139534883721" sourceAnchorY="1.0" targetAnchorX="0.5163398692810458" targetAnchorY="0.16037735849056603">
    <source href="assembly.xml#INT5249_Close_Agg"/>
    <target href="assembly.xml#Aggregator0"/>
  </connections>
  <connections type="routesTo" sourceAnchorX="0.0" sourceAnchorY="0.7" targetAnchorX="0.23880597014925373" targetAnchorY="0.05434782608695652">
    <source href="assembly.xml#//@beans/@mixed.1/@mixed.61/@mixed.3"/>
    <target href="assembly.xml#logError"/>
  </connections>
  <connections type="routesTo" sourceAnchorX="0.0" sourceAnchorY="0.18478260869565216" targetAnchorX="0.2871287128712871" targetAnchorY="0.13513513513513514">
    <source href="assembly.xml#logError"/>
    <target href="assembly.xml#Call_INT5249_Audit_Log0"/>
  </connections>
  <connections type="routesResponseTo" sourceAnchorX="0.9319371727748691" sourceAnchorY="1.0" targetAnchorX="0.08900523560209424" targetAnchorY="0.40540540540540543">
    <source href="assembly.xml#PutIntegrationMessage6"/>
    <target href="assembly.xml#PutIntegrationMessage3"/>
  </connections>
  <connections type="routesTo" sourceAnchorX="0.5454545454545454" sourceAnchorY="1.0" targetAnchorX="0.19402985074626866" targetAnchorY="0.15217391304347827">
    <source href="assembly.xml#INT5249_Get_Existing_Pay_Input"/>
    <target href="assembly.xml#GetExistingPayInput"/>
  </connections>
  <connections type="routesTo" sourceAnchorX="1.0" sourceAnchorY="0.18085106382978725" targetAnchorX="0.2803030303030303" targetAnchorY="0.5531914893617021">
    <source href="assembly.xml#Validation-OFF"/>
    <target href="assembly.xml#Store-Resp-WID"/>
  </connections>
  <connections type="routesTo" sourceAnchorX="1.0" sourceAnchorY="0.3404255319148936" targetAnchorX="0.2822966507177033" targetAnchorY="0.6486486486486487">
    <source href="assembly.xml#Store-Resp-WID"/>
    <target href="assembly.xml#Call_INT5249_Audit_Log10"/>
  </connections>
  <connections type="routesTo" sourceAnchorX="0.0" sourceAnchorY="0.18478260869565216" targetAnchorX="0.2871287128712871" targetAnchorY="0.13513513513513514">
    <source href="assembly.xml#logError0"/>
    <target href="assembly.xml#Call_INT5249_Audit_Log00"/>
  </connections>
  <connections type="routesTo" sourceAnchorX="0.0" sourceAnchorY="0.9333333333333333" targetAnchorX="0.5161290322580645" targetAnchorY="0.13829787234042554">
    <source href="assembly.xml#//@beans/@mixed.1/@mixed.103/@mixed.3"/>
    <target href="assembly.xml#logError0"/>
  </connections>
  <connections type="routesTo" sourceAnchorX="1.0" sourceAnchorY="0.2" targetAnchorX="0.22641509433962265" targetAnchorY="0.6216216216216216">
    <source href="assembly.xml#GetExistingPayInput"/>
    <target href="assembly.xml#WorkdayOutSoap1"/>
  </connections>
  <connections type="routesResponseTo" sourceAnchorX="0.6918238993710691" sourceAnchorY="1.0" targetAnchorX="0.15483870967741936" targetAnchorY="0.4787234042553192">
    <source href="assembly.xml#WorkdayOutSoap1"/>
    <target href="assembly.xml#ValidateExistingInput"/>
  </connections>
  <connections type="routesTo" sourceAnchorX="1.0" sourceAnchorY="0.28" targetAnchorX="0.358974358974359" targetAnchorY="0.18085106382978725">
    <source href="assembly.xml#PayInputRequest0"/>
    <target href="assembly.xml#Validation-ON0"/>
  </connections>
  <connections type="routesTo" sourceAnchorX="0.0" sourceAnchorY="0.7" targetAnchorX="0.23880597014925373" targetAnchorY="0.05434782608695652">
    <source href="assembly.xml#//@beans/@mixed.1/@mixed.131/@mixed.3"/>
    <target href="assembly.xml#logError1"/>
  </connections>
  <connections type="routesTo" sourceAnchorX="0.0" sourceAnchorY="0.18478260869565216" targetAnchorX="0.2871287128712871" targetAnchorY="0.13513513513513514">
    <source href="assembly.xml#logError1"/>
    <target href="assembly.xml#Call_INT5249_Audit_Log01"/>
  </connections>
  <connections type="routesTo" sourceAnchorX="1.0" sourceAnchorY="0.30851063829787234" targetAnchorX="0.44025157232704404" targetAnchorY="0.2702702702702703">
    <source href="assembly.xml#Validation-ON0"/>
    <target href="assembly.xml#WorkdayOutSoap00"/>
  </connections>
  <connections type="routesResponseTo" sourceAnchorX="0.5408805031446541" sourceAnchorY="1.0" targetAnchorX="0.3008130081300813" targetAnchorY="0.1595744680851064">
    <source href="assembly.xml#WorkdayOutSoap00"/>
    <target href="assembly.xml#Validation-OFF0"/>
  </connections>
  <connections type="routesTo" sourceAnchorX="1.0" sourceAnchorY="0.18085106382978725" targetAnchorX="0.2803030303030303" targetAnchorY="0.5531914893617021">
    <source href="assembly.xml#Validation-OFF0"/>
    <target href="assembly.xml#Store-Resp-WID0"/>
  </connections>
  <connections type="routesTo" sourceAnchorX="1.0" sourceAnchorY="0.3404255319148936" targetAnchorX="0.2822966507177033" targetAnchorY="0.6486486486486487">
    <source href="assembly.xml#Store-Resp-WID0"/>
    <target href="assembly.xml#Call_INT5249_Audit_Log100"/>
  </connections>
  <connections type="routesTo" sourceAnchorX="0.6802030456852792" sourceAnchorY="1.0" targetAnchorX="0.3076923076923077" targetAnchorY="0.368">
    <source href="assembly.xml#INT5249_Stop_Recurring_Input"/>
    <target href="assembly.xml#PayInputRequest0"/>
  </connections>
  <connections type="routesTo" sourceAnchorX="1.0" sourceAnchorY="0.32978723404255317" targetAnchorX="0.17037037037037037" targetAnchorY="0.5135135135135135">
    <source href="assembly.xml#AsyncMediation0"/>
    <target href="assembly.xml#Call_INT5249_Get_Existing_Pay_Input"/>
  </connections>
  <connections type="routesTo" sourceAnchorX="1.0" sourceAnchorY="0.40425531914893614" targetAnchorX="0.3285198555956679" targetAnchorY="0.5945945945945946">
    <source href="assembly.xml#AsyncMediation1"/>
    <target href="assembly.xml#Call_INT5249_Get_Existing_Pay_Input0"/>
  </connections>
  <connections type="routesResponseTo" sourceAnchorX="0.5667870036101083" sourceAnchorY="1.0" targetAnchorX="0.22033898305084745" targetAnchorY="0.6486486486486487">
    <source href="assembly.xml#Call_INT5249_Get_Existing_Pay_Input0"/>
    <target href="assembly.xml#Call_INT5249_Load_Pay_Input0"/>
  </connections>
  <connections type="routesTo" sourceAnchorX="0.40860215053763443" sourceAnchorY="1.0" targetAnchorX="0.8172043010752689" targetAnchorY="0.18085106382978725">
    <source href="assembly.xml#//@beans/@mixed.1/@mixed.47/@mixed.3"/>
    <target href="assembly.xml#logError2"/>
  </connections>
  <connections type="routesTo" sourceAnchorX="1.0" sourceAnchorY="0.2872340425531915" targetAnchorX="0.7033492822966507" targetAnchorY="0.40540540540540543">
    <source href="assembly.xml#logError2"/>
    <target href="assembly.xml#Call_INT5249_Audit_Log02"/>
  </connections>
  <connections type="routesTo" sourceAnchorX="0.32967032967032966" sourceAnchorY="1.0" targetAnchorX="0.7526881720430108" targetAnchorY="0.2553191489361702">
    <source href="assembly.xml#//@beans/@mixed.1/@mixed.37/@mixed.3"/>
    <target href="assembly.xml#logError3"/>
  </connections>
  <connections type="routesTo" sourceAnchorX="0.0" sourceAnchorY="0.3829787234042553" targetAnchorX="0.3157894736842105" targetAnchorY="0.32432432432432434">
    <source href="assembly.xml#logError3"/>
    <target href="assembly.xml#Call_INT5249_Audit_Log03"/>
  </connections>
  <connections type="routesTo" sourceAnchorX="1.0" sourceAnchorY="0.26595744680851063" targetAnchorX="0.30735930735930733" targetAnchorY="0.35135135135135137">
    <source href="assembly.xml#Response"/>
    <target href="assembly.xml#Call_INT5249_Load_Deduction"/>
  </connections>
  <connections type="routesTo" sourceAnchorX="1.0" sourceAnchorY="0.2978723404255319" targetAnchorX="0.24074074074074073" targetAnchorY="0.4594594594594595">
    <source href="assembly.xml#logError00"/>
    <target href="assembly.xml#Call_INT5249_Audit_Log000"/>
  </connections>
  <connections type="routesTo" sourceAnchorX="0.5116279069767442" sourceAnchorY="1.0" targetAnchorX="0.11" targetAnchorY="0.14893617021276595">
    <source href="assembly.xml#//@beans/@mixed.1/@route.3/@subRoute.3"/>
    <target href="assembly.xml#logError00"/>
  </connections>
  <connections type="routesResponseTo" sourceAnchorX="0.7888888888888889" sourceAnchorY="1.0" targetAnchorX="0.27611940298507465" targetAnchorY="0.4782608695652174">
    <source href="assembly.xml#Call_INT5249_Get_Existing_Pay_Input"/>
    <target href="assembly.xml#AsyncMediation2"/>
  </connections>
  <connections type="routesTo" sourceAnchorX="1.0" sourceAnchorY="0.30434782608695654" targetAnchorX="0.3192307692307692" targetAnchorY="0.2972972972972973">
    <source href="assembly.xml#AsyncMediation2"/>
    <target href="assembly.xml#Call_INT5249_Stop_Recurring_Input"/>
  </connections>
  <connections type="routesTo" sourceAnchorX="0.2204724409448819" sourceAnchorY="1.0" targetAnchorX="0.3655913978494624" targetAnchorY="0.07446808510638298">
    <source href="assembly.xml#//@beans/@mixed.1/@mixed.151/@mixed.3"/>
    <target href="assembly.xml#logError4"/>
  </connections>
  <connections type="routesTo" sourceAnchorX="0.0" sourceAnchorY="0.19148936170212766" targetAnchorX="0.36363636363636365" targetAnchorY="0.4864864864864865">
    <source href="assembly.xml#logError4"/>
    <target href="assembly.xml#Call_INT5249_Audit_Log04"/>
  </connections>
  <connections type="routesTo" sourceAnchorX="1.0" sourceAnchorY="0.2558139534883721" targetAnchorX="0.1282051282051282" targetAnchorY="0.5675675675675675">
    <source href="assembly.xml#Get-Attr-Lp"/>
    <target href="assembly.xml#Call_INT5249_RetrieveFile"/>
  </connections>
  <connections type="routesResponseTo" sourceAnchorX="0.7948717948717948" sourceAnchorY="1.0" targetAnchorX="0.1423487544483986" targetAnchorY="0.8108108108108109">
    <source href="assembly.xml#Call_INT5249_RetrieveFile"/>
    <target href="assembly.xml#Call_INT5249_Process_File"/>
  </connections>
  <connections type="routesTo" sourceAnchorX="0.7586206896551724" sourceAnchorY="1.0" targetAnchorX="0.14634146341463414" targetAnchorY="0.34285714285714286">
    <source href="assembly.xml#INT5249_RetrieveFile"/>
    <target href="assembly.xml#CheckFile"/>
  </connections>
  <connections type="routesResponseTo" sourceAnchorX="0.0" sourceAnchorY="0.1875" targetAnchorX="0.340080971659919" targetAnchorY="0.6486486486486487">
    <source href="assembly.xml#SyncMediation"/>
    <target href="assembly.xml#Call_INT5249_Agg_File"/>
  </connections>
  <connections type="routesTo" sourceAnchorX="0.0" sourceAnchorY="0.1375" targetAnchorX="0.22929936305732485" targetAnchorY="0.16091954022988506">
    <source href="assembly.xml#SyncMediation"/>
    <target href="assembly.xml#Route"/>
  </connections>
  <connections type="routesTo" sourceAnchorX="0.7636363636363637" sourceAnchorY="1.0" targetAnchorX="0.4125" targetAnchorY="0.075">
    <source href="assembly.xml#//@beans/@mixed.1/@route.0/@subRoute.0"/>
    <target href="assembly.xml#SyncMediation"/>
  </connections>
  <connections type="routesTo" sourceAnchorX="0.2766990291262136" sourceAnchorY="1.0" targetAnchorX="0.8095238095238095" targetAnchorY="0.16037735849056603">
    <source href="assembly.xml#INT5249_Agg_File"/>
    <target href="assembly.xml#Aggregator1"/>
  </connections>
  <connections type="routesTo" sourceAnchorX="1.0" sourceAnchorY="0.1509433962264151" targetAnchorX="0.43617021276595747" targetAnchorY="0.5918367346938775">
    <source href="assembly.xml#Aggregator"/>
    <target href="assembly.xml#AsyncMediation20"/>
  </connections>
  <connections type="routesTo" sourceAnchorX="1.0" sourceAnchorY="0.22448979591836735" targetAnchorX="0.3197278911564626" targetAnchorY="0.4056603773584906">
    <source href="assembly.xml#AsyncMediation20"/>
    <target href="assembly.xml#Aggregator1"/>
  </connections>
  <swimlanes x="48" y="31" bgColor="8454143" name="Main">
    <elements href="assembly.xml#StartHere"/>
    <elements href="#//@swimlanes.1"/>
    <elements href="assembly.xml#Call_INT5249_RetrieveFile"/>
    <elements href="assembly.xml#Call_INT5249_Process_File"/>
  </swimlanes>
  <swimlanes x="132" y="109" bgColor="16744448" name="Attr-Lp" orientation="VERTICAL" alignment="MIDDLE">
    <elements href="assembly.xml#Get-Attr-Lp"/>
    <elements href="assembly.xml#PutIntegrationMessage"/>
  </swimlanes>
  <swimlanes x="553" y="98" bgColor="16744448" name="Process-or-Terminate" orientation="VERTICAL" alignment="MIDDLE">
    <elements href="assembly.xml#Route"/>
    <elements href="assembly.xml#Terminate_Int"/>
  </swimlanes>
  <swimlanes x="48" y="670" bgColor="8454143" name="ProcessFile">
    <elements href="assembly.xml#INT5249_Process_File"/>
    <elements href="#//@swimlanes.4"/>
    <elements href="#//@swimlanes.22"/>
    <elements href="assembly.xml#DED_Data"/>
    <elements href="assembly.xml#Call_INT5249_Get_Worker"/>
    <elements href="#//@swimlanes.15"/>
  </swimlanes>
  <swimlanes x="171" y="457" bgColor="16744448" name="Process" orientation="VERTICAL" alignment="MIDDLE">
    <elements href="assembly.xml#CSVToXML"/>
    <elements href="assembly.xml#PutIntegrationMessage0"/>
  </swimlanes>
  <swimlanes x="801" y="232" bgColor="16744448" name="Swimlane">
    <elements href="assembly.xml#FileHasData"/>
    <elements href="#//@swimlanes.6"/>
  </swimlanes>
  <swimlanes x="904" y="178" bgColor="8454143" name="CheckFileHasData" orientation="VERTICAL" alignment="MIDDLE">
    <elements href="assembly.xml#FileData"/>
    <elements href="assembly.xml#Terminate_Int1"/>
  </swimlanes>
  <swimlanes x="48" y="765" bgColor="16744448" name="ProcessDeduction">
    <elements href="assembly.xml#INT5249_Load_Deduction"/>
    <elements href="#//@swimlanes.8"/>
    <elements href="assembly.xml#Ded_Type"/>
  </swimlanes>
  <swimlanes x="289" y="917" bgColor="16777215" name="record" orientation="VERTICAL" alignment="MIDDLE">
    <elements href="assembly.xml#record"/>
    <elements href="assembly.xml#logError3"/>
    <elements href="assembly.xml#Call_INT5249_Audit_Log03"/>
  </swimlanes>
  <swimlanes x="70" y="-32" bgColor="16744576" name="INT5249-GPIT-Payroll-Inbound-File-Load-Inbound" orientation="VERTICAL" elements="//@swimlanes.0 //@swimlanes.32 //@swimlanes.3 //@swimlanes.10 //@swimlanes.20 //@swimlanes.19"/>
  <swimlanes x="821" y="817" bgColor="8454143" name="Swimlane" elements="//@swimlanes.7 //@swimlanes.11 //@swimlanes.24"/>
  <swimlanes x="744" y="831" bgColor="16744448" name="Ded_data" orientation="VERTICAL" elements="//@swimlanes.12 //@swimlanes.13 //@swimlanes.14 //@swimlanes.30"/>
  <swimlanes x="797" y="846" bgColor="16777215" name="StartRecurring">
    <elements href="assembly.xml#AsyncMediation"/>
    <elements href="assembly.xml#Call_INT5249_Load_Pay_Input"/>
  </swimlanes>
  <swimlanes x="798" y="926" name="StopRecurring">
    <elements href="assembly.xml#AsyncMediation0"/>
    <elements href="assembly.xml#Call_INT5249_Get_Existing_Pay_Input"/>
    <elements href="#//@swimlanes.31"/>
    <elements href="assembly.xml#Call_INT5249_Stop_Recurring_Input"/>
  </swimlanes>
  <swimlanes x="786" y="999" name="OTD">
    <elements href="assembly.xml#AsyncMediation1"/>
    <elements href="assembly.xml#Call_INT5249_Get_Existing_Pay_Input0"/>
    <elements href="assembly.xml#Call_INT5249_Load_Pay_Input0"/>
  </swimlanes>
  <swimlanes x="1242" y="551" bgColor="16744448" name="GetWorker">
    <elements href="assembly.xml#INT5249_Get_Worker"/>
    <elements href="#//@swimlanes.16"/>
    <elements href="assembly.xml#WorkdayOutSoap"/>
    <elements href="assembly.xml#Response"/>
    <elements href="assembly.xml#Call_INT5249_Load_Deduction"/>
  </swimlanes>
  <swimlanes x="1484" y="583" bgColor="8454143" name="Swimlane" orientation="VERTICAL">
    <elements href="assembly.xml#GetWorker"/>
    <elements href="assembly.xml#logError2"/>
    <elements href="assembly.xml#Call_INT5249_Audit_Log02"/>
  </swimlanes>
  <swimlanes x="1137" y="1001" bgColor="8454143" name="LoadPayInput">
    <elements href="assembly.xml#INT5249_Load_Pay_Input"/>
    <elements href="#//@swimlanes.18"/>
    <elements href="assembly.xml#Validation-ON"/>
    <elements href="assembly.xml#WorkdayOutSoap0"/>
    <elements href="assembly.xml#Validation-OFF"/>
    <elements href="assembly.xml#Store-Resp-WID"/>
    <elements href="assembly.xml#Call_INT5249_Audit_Log10"/>
  </swimlanes>
  <swimlanes x="1432" y="1033" bgColor="16744448" name="Swimlane" orientation="VERTICAL">
    <elements href="assembly.xml#PayInputRequest"/>
    <elements href="assembly.xml#logError"/>
    <elements href="assembly.xml#Call_INT5249_Audit_Log0"/>
  </swimlanes>
  <swimlanes x="2568" y="1412" font="Arial|9|1" bgColor="255" fontColor="1" name="Global Error Handler" labelAlignment="LEFT">
    <elements href="assembly.xml#//@beans/@mixed.1/@mixed.67"/>
    <elements href="assembly.xml#Note-Error"/>
  </swimlanes>
  <swimlanes x="154" y="2218" bgColor="8454143" name="LogAudit">
    <elements href="assembly.xml#INT5249_Audit_Log"/>
    <elements href="#//@swimlanes.21"/>
    <elements href="#//@swimlanes.23"/>
    <elements href="assembly.xml#AsyncMediation4"/>
    <elements href="assembly.xml#PutIntegrationMessage6"/>
    <elements href="assembly.xml#PutIntegrationMessage3"/>
  </swimlanes>
  <swimlanes x="189" y="2400" bgColor="16744448" name="Swimlane" orientation="VERTICAL">
    <elements href="assembly.xml#AsyncMediation3"/>
    <elements href="assembly.xml#PutIntegrationMessage5"/>
  </swimlanes>
  <swimlanes x="525" y="592" bgColor="16744448" name="Swimlane" orientation="VERTICAL">
    <elements href="assembly.xml#Splitter"/>
    <elements href="assembly.xml#Call_INT5249_Close_Agg"/>
  </swimlanes>
  <swimlanes x="513" y="2449" bgColor="16744448" name="Swimlane" orientation="VERTICAL">
    <elements href="assembly.xml#INT5249_Close_Agg"/>
    <elements href="assembly.xml#Aggregator0"/>
  </swimlanes>
  <swimlanes x="1117" y="1078" bgColor="16744576" name="Swimlane" orientation="VERTICAL" elements="//@swimlanes.17 //@swimlanes.25"/>
  <swimlanes x="1362" y="1350" bgColor="8454143" name="Swimlane" elements="//@swimlanes.29 //@swimlanes.27"/>
  <swimlanes x="1586" y="1478" bgColor="16777215" lineStyle="DASHDOTDOT" name="Swimlane" orientation="VERTICAL">
    <elements href="assembly.xml#GetExistingPayInput"/>
    <elements href="assembly.xml#logError0"/>
    <elements href="assembly.xml#Call_INT5249_Audit_Log00"/>
  </swimlanes>
  <swimlanes x="2524" y="1366" bgColor="16744448" name="Swimlane">
    <elements href="assembly.xml#INT5249_Stop_Recurring_Input"/>
    <elements href="#//@swimlanes.28"/>
    <elements href="assembly.xml#Validation-ON0"/>
    <elements href="assembly.xml#WorkdayOutSoap00"/>
    <elements href="assembly.xml#Validation-OFF0"/>
    <elements href="assembly.xml#Store-Resp-WID0"/>
    <elements href="assembly.xml#Call_INT5249_Audit_Log100"/>
  </swimlanes>
  <swimlanes x="4304" y="2052" bgColor="16777215" name="Swimlane" orientation="VERTICAL">
    <elements href="assembly.xml#PayInputRequest0"/>
    <elements href="assembly.xml#logError1"/>
    <elements href="assembly.xml#Call_INT5249_Audit_Log01"/>
  </swimlanes>
  <swimlanes x="1656" y="1433" bgColor="16744448" name="Swimlane">
    <elements href="assembly.xml#INT5249_Get_Existing_Pay_Input"/>
    <elements href="#//@swimlanes.26"/>
    <elements href="assembly.xml#WorkdayOutSoap1"/>
    <elements href="assembly.xml#ValidateExistingInput"/>
  </swimlanes>
  <swimlanes x="857" y="1511" name="Swimlane">
    <elements href="assembly.xml#logError00"/>
    <elements href="assembly.xml#Call_INT5249_Audit_Log000"/>
  </swimlanes>
  <swimlanes x="1222" y="1268" bgColor="16744448" name="Swimlane" orientation="VERTICAL" alignment="MIDDLE">
    <elements href="assembly.xml#AsyncMediation2"/>
    <elements href="assembly.xml#logError4"/>
    <elements href="assembly.xml#Call_INT5249_Audit_Log04"/>
  </swimlanes>
  <swimlanes x="135" y="417" bgColor="8454143" name="FileRetrieval">
    <elements href="assembly.xml#INT5249_RetrieveFile"/>
    <elements href="assembly.xml#CheckFile"/>
    <elements href="#//@swimlanes.33"/>
    <elements href="#//@swimlanes.2"/>
    <elements href="#//@swimlanes.5"/>
    <elements href="assembly.xml#RemoveHeader"/>
    <elements href="assembly.xml#Aggregator"/>
    <elements href="assembly.xml#AsyncMediation20"/>
    <elements href="#//@swimlanes.34"/>
  </swimlanes>
  <swimlanes x="498" y="662" bgColor="16744448" name="Swimlane" orientation="VERTICAL">
    <elements href="assembly.xml#SyncMediation"/>
    <elements href="assembly.xml#Call_INT5249_Agg_File"/>
  </swimlanes>
  <swimlanes x="2124" y="640" bgColor="16744448" name="Swimlane" orientation="VERTICAL">
    <elements href="assembly.xml#INT5249_Agg_File"/>
    <elements href="assembly.xml#Aggregator1"/>
  </swimlanes>
</wdnm:Diagram>
