<?xml version="1.0" encoding="UTF-8"?>
<wdnm:Diagram xmlns:wdnm="http://workday.com/studio/editors/notation">
  <element href="assembly.xml#WorkdayAssembly"/>
  <visualProperties x="316" y="291">
    <element href="assembly.xml#StartHere"/>
  </visualProperties>
  <visualProperties x="538" y="312">
    <element href="assembly.xml#CallInit"/>
  </visualProperties>
  <visualProperties x="335" y="435">
    <element href="assembly.xml#Init"/>
  </visualProperties>
  <visualProperties x="423" y="455">
    <element href="assembly.xml#Init-Vars-Props"/>
  </visualProperties>
  <visualProperties x="582" y="261">
    <element href="assembly.xml#Add-AWL"/>
  </visualProperties>
  <visualProperties x="677" y="493">
    <element href="assembly.xml#Add-AWL-For-Hire"/>
  </visualProperties>
  <visualProperties x="851" y="502">
    <element href="assembly.xml#Prepare-For-GetWorker"/>
  </visualProperties>
  <visualProperties x="1495" y="518">
    <element href="assembly.xml#CallAddWorkLocation"/>
  </visualProperties>
  <visualProperties x="294" y="591">
    <element href="assembly.xml#AWL-Add"/>
  </visualProperties>
  <visualProperties x="411" y="633">
    <element href="assembly.xml#Prepare-For-AWL"/>
  </visualProperties>
  <visualProperties x="647" y="623">
    <element href="assembly.xml#Add-WorkLocation"/>
  </visualProperties>
  <visualProperties x="877" y="647">
    <element href="assembly.xml#Success"/>
  </visualProperties>
  <visualProperties x="604" y="213">
    <element href="assembly.xml#Add-FWA"/>
  </visualProperties>
  <visualProperties x="161" y="764">
    <element href="assembly.xml#FWA"/>
  </visualProperties>
  <visualProperties x="237" y="803">
    <element href="assembly.xml#JSON-Request"/>
  </visualProperties>
  <visualProperties x="400" y="803">
    <element href="assembly.xml#JSonCalltoUpdate"/>
  </visualProperties>
  <visualProperties x="633" y="826">
    <element href="assembly.xml#Update-Success"/>
  </visualProperties>
  <visualProperties x="902" y="583">
    <element href="assembly.xml#Call-Log-FromAWL"/>
  </visualProperties>
  <visualProperties x="817" y="918">
    <element href="assembly.xml#Call-Log-FromFWA"/>
  </visualProperties>
  <visualProperties x="1222" y="764">
    <element href="assembly.xml#Store-Log"/>
  </visualProperties>
  <visualProperties x="122" y="977">
    <element href="assembly.xml#//@beans/@mixed.1/@mixed.41"/>
  </visualProperties>
  <visualProperties x="239" y="968">
    <element href="assembly.xml#Global-Err-Handling"/>
  </visualProperties>
  <visualProperties x="583" y="1052">
    <element href="assembly.xml#LogStatus"/>
  </visualProperties>
  <visualProperties x="806" y="929">
    <element href="assembly.xml#Update-Failure"/>
  </visualProperties>
  <visualProperties x="929" y="707">
    <element href="assembly.xml#Failure"/>
  </visualProperties>
  <visualProperties x="442" y="174">
    <element href="assembly.xml#CallReport"/>
  </visualProperties>
  <visualProperties x="200" y="444">
    <element href="assembly.xml#Report"/>
  </visualProperties>
  <visualProperties x="305" y="479">
    <element href="assembly.xml#CallPreHireReport"/>
  </visualProperties>
  <visualProperties x="487" y="492">
    <element href="assembly.xml#Get-Emplid-ApplicantID"/>
  </visualProperties>
  <visualProperties x="747" y="504">
    <element href="assembly.xml#CallJobApplications"/>
  </visualProperties>
  <visualProperties x="993" y="527">
    <element href="assembly.xml#Get-JobApplications-Value"/>
  </visualProperties>
  <visualProperties x="1012" y="711">
    <element href="assembly.xml#GetWorker"/>
  </visualProperties>
  <visualProperties x="1207" y="697">
    <element href="assembly.xml#Transform-GetWorker"/>
  </visualProperties>
  <visualProperties x="1071" y="831">
    <element href="assembly.xml#Error-Handler"/>
  </visualProperties>
  <visualProperties x="1128" y="909">
    <element href="assembly.xml#CallErrHandler"/>
  </visualProperties>
  <visualProperties x="539" y="1891">
    <element href="assembly.xml#Log"/>
  </visualProperties>
  <visualProperties x="543" y="1928">
    <element href="assembly.xml#Aggregator"/>
  </visualProperties>
  <visualProperties x="625" y="2032">
    <element href="assembly.xml#CloseAggre"/>
  </visualProperties>
  <visualProperties x="928" y="175">
    <element href="assembly.xml#CloseAggregator"/>
  </visualProperties>
  <visualProperties x="901" y="1939">
    <element href="assembly.xml#Error-Message"/>
  </visualProperties>
  <visualProperties x="1553" y="890">
    <element href="assembly.xml#Call-Log-ToReport"/>
  </visualProperties>
  <visualProperties x="1166" y="989">
    <element href="assembly.xml#Not-RemoteWorker"/>
  </visualProperties>
  <visualProperties x="909" y="424">
    <element href="assembly.xml#No-PreHire"/>
  </visualProperties>
  <visualProperties x="1444" y="635">
    <element href="assembly.xml#No-Record-in-JobAppl"/>
  </visualProperties>
  <visualProperties x="757" y="203">
    <element href="assembly.xml#CallAWL-Log"/>
  </visualProperties>
  <visualProperties x="300" y="2194">
    <element href="assembly.xml#AWL-Log"/>
  </visualProperties>
  <visualProperties x="999" y="695">
    <element href="assembly.xml#Report-NoPreHireData"/>
  </visualProperties>
  <visualProperties x="1437" y="773">
    <element href="assembly.xml#Report-NoRecruitingData"/>
  </visualProperties>
  <visualProperties x="507" y="2359">
    <element href="assembly.xml#PutIntegrationMessage"/>
  </visualProperties>
  <connections type="routesTo" sourceAnchorX="0.8656716417910447" sourceAnchorY="1.0" targetAnchorX="0.36936936936936937" targetAnchorY="0.5405405405405406">
    <source href="assembly.xml#StartHere"/>
    <target href="assembly.xml#CallInit"/>
  </connections>
  <connections type="routesTo" sourceAnchorX="0.625" sourceAnchorY="1.0" targetAnchorX="0.5534591194968553">
    <source href="assembly.xml#Init"/>
    <target href="assembly.xml#Init-Vars-Props"/>
  </connections>
  <connections type="routesTo" sourceAnchorX="0.7931034482758621" sourceAnchorY="1.0" targetAnchorX="0.13690476190476192" targetAnchorY="0.5760869565217391">
    <source href="assembly.xml#Add-AWL-For-Hire"/>
    <target href="assembly.xml#Prepare-For-GetWorker"/>
  </connections>
  <connections type="routesTo" sourceAnchorX="0.7404580152671756" sourceAnchorY="1.0" targetAnchorX="0.0898876404494382" targetAnchorY="0.7346938775510204">
    <source href="assembly.xml#AWL-Add"/>
    <target href="assembly.xml#Prepare-For-AWL"/>
  </connections>
  <connections type="routesTo" sourceAnchorX="1.0" sourceAnchorY="0.20408163265306123" targetAnchorX="0.27450980392156865" targetAnchorY="0.3783783783783784">
    <source href="assembly.xml#Prepare-For-AWL"/>
    <target href="assembly.xml#Add-WorkLocation"/>
  </connections>
  <connections type="routesResponseTo" sourceAnchorX="0.8970588235294118" sourceAnchorY="1.0" targetAnchorX="0.11797752808988764" targetAnchorY="0.7142857142857143">
    <source href="assembly.xml#Add-WorkLocation"/>
    <target href="assembly.xml#Success"/>
  </connections>
  <connections type="routesTo" sourceAnchorX="0.4631578947368421" sourceAnchorY="1.0" targetAnchorX="0.25842696629213485" targetAnchorY="0.8061224489795918">
    <source href="assembly.xml#FWA"/>
    <target href="assembly.xml#JSON-Request"/>
  </connections>
  <connections type="routesTo" sourceAnchorX="1.0" sourceAnchorY="0.30612244897959184" targetAnchorX="0.3910891089108911" targetAnchorY="0.5135135135135135">
    <source href="assembly.xml#JSON-Request"/>
    <target href="assembly.xml#JSonCalltoUpdate"/>
  </connections>
  <connections type="routesResponseTo" sourceAnchorX="0.7029702970297029" sourceAnchorY="1.0" targetAnchorX="0.19662921348314608" targetAnchorY="0.673469387755102">
    <source href="assembly.xml#JSonCalltoUpdate"/>
    <target href="assembly.xml#Update-Success"/>
  </connections>
  <connections type="routesTo" sourceAnchorX="1.0" sourceAnchorY="0.37755102040816324" targetAnchorX="0.2548076923076923" targetAnchorY="0.2972972972972973">
    <source href="assembly.xml#Success"/>
    <target href="assembly.xml#Call-Log-FromAWL"/>
  </connections>
  <connections type="routesTo" sourceAnchorX="0.17032967032967034" sourceAnchorY="1.0" targetAnchorX="0.08298755186721991" targetAnchorY="0.4864864864864865">
    <source href="assembly.xml#//@beans/@mixed.1/@mixed.41"/>
    <target href="assembly.xml#Global-Err-Handling"/>
  </connections>
  <connections type="routesTo" sourceAnchorX="0.935672514619883" sourceAnchorY="1.0" targetAnchorX="0.20786516853932585" targetAnchorY="0.47959183673469385">
    <source href="assembly.xml#//@beans/@mixed.1/@mixed.29/@mixed.3"/>
    <target href="assembly.xml#Update-Failure"/>
  </connections>
  <connections type="routesTo" sourceAnchorX="1.0" sourceAnchorY="0.25510204081632654" targetAnchorX="0.2583732057416268" targetAnchorY="0.6486486486486487">
    <source href="assembly.xml#Update-Success"/>
    <target href="assembly.xml#Call-Log-FromFWA"/>
  </connections>
  <connections type="routesTo" sourceAnchorX="1.0" sourceAnchorY="0.37755102040816324" targetAnchorX="0.5502392344497608" targetAnchorY="0.6756756756756757">
    <source href="assembly.xml#Update-Failure"/>
    <target href="assembly.xml#Call-Log-FromFWA"/>
  </connections>
  <connections type="routesTo" sourceAnchorX="0.7649769585253456" sourceAnchorY="1.0" targetAnchorX="0.10112359550561797" targetAnchorY="0.32653061224489793">
    <source href="assembly.xml#//@beans/@mixed.1/@mixed.19/@mixed.3"/>
    <target href="assembly.xml#Failure"/>
  </connections>
  <connections type="routesTo" sourceAnchorX="1.0" sourceAnchorY="0.2857142857142857" targetAnchorX="0.33653846153846156" targetAnchorY="0.10810810810810811">
    <source href="assembly.xml#Failure"/>
    <target href="assembly.xml#Call-Log-FromAWL"/>
  </connections>
  <connections type="routesResponseTo" sourceAnchorX="0.38738738738738737" sourceAnchorY="1.0" targetAnchorX="0.4788732394366197" targetAnchorY="0.21621621621621623">
    <source href="assembly.xml#CallInit"/>
    <target href="assembly.xml#CallReport"/>
  </connections>
  <connections type="routesTo" sourceAnchorX="0.5765765765765766" sourceAnchorY="1.0" targetAnchorX="0.03940886699507389" targetAnchorY="0.40540540540540543">
    <source href="assembly.xml#Report"/>
    <target href="assembly.xml#CallPreHireReport"/>
  </connections>
  <connections type="routesResponseTo" sourceAnchorX="0.7241379310344828" sourceAnchorY="0.4594594594594595" targetAnchorX="0.21910112359550563" targetAnchorY="0.8369565217391305">
    <source href="assembly.xml#CallPreHireReport"/>
    <target href="assembly.xml#Get-Emplid-ApplicantID"/>
  </connections>
  <connections type="routesTo" sourceAnchorX="1.0" sourceAnchorY="0.336734693877551" targetAnchorX="0.27232142857142855" targetAnchorY="0.5405405405405406">
    <source href="assembly.xml#Get-Emplid-ApplicantID"/>
    <target href="assembly.xml#CallJobApplications"/>
  </connections>
  <connections type="routesTo" sourceAnchorX="0.6579804560260586" sourceAnchorY="1.0" targetAnchorX="0.04020100502512563" targetAnchorY="0.1891891891891892">
    <source href="assembly.xml#Prepare-For-GetWorker"/>
    <target href="assembly.xml#GetWorker"/>
  </connections>
  <connections type="routesResponseTo" sourceAnchorX="0.7185929648241206" sourceAnchorY="1.0" targetAnchorX="0.0705521472392638" targetAnchorY="0.4387755102040816">
    <source href="assembly.xml#GetWorker"/>
    <target href="assembly.xml#Transform-GetWorker"/>
  </connections>
  <connections type="routesTo" sourceAnchorX="1.0" sourceAnchorY="0.30612244897959184" targetAnchorX="0.24890829694323144" targetAnchorY="0.5405405405405406">
    <source href="assembly.xml#Transform-GetWorker"/>
    <target href="assembly.xml#CallAddWorkLocation"/>
  </connections>
  <connections type="routesTo" sourceAnchorX="0.6366666666666667" sourceAnchorY="1.0" targetAnchorX="0.017857142857142856" targetAnchorY="0.43478260869565216">
    <source href="assembly.xml#//@beans/@mixed.1/@mixed.13/@mixed.3"/>
    <target href="assembly.xml#Error-Handler"/>
  </connections>
  <connections type="routesTo" sourceAnchorX="0.9592476489028213" sourceAnchorY="1.0" targetAnchorX="0.9821428571428571" targetAnchorY="0.5869565217391305">
    <source href="assembly.xml#//@beans/@mixed.1/@mixed.65/@mixed.3"/>
    <target href="assembly.xml#Error-Handler"/>
  </connections>
  <connections type="routesTo" sourceAnchorX="1.0" sourceAnchorY="0.24489795918367346" targetAnchorX="0.7637362637362637" targetAnchorY="0.5135135135135135">
    <source href="assembly.xml#Error-Handler"/>
    <target href="assembly.xml#CallErrHandler"/>
  </connections>
  <connections type="routesTo" sourceAnchorX="1.0" sourceAnchorY="0.2857142857142857" targetAnchorX="0.208955223880597" targetAnchorY="0.6415094339622641">
    <source href="assembly.xml#Store-Log"/>
    <target href="assembly.xml#Aggregator"/>
  </connections>
  <connections type="routesTo" sourceAnchorX="0.58" sourceAnchorY="1.0" targetAnchorX="0.5074626865671642" targetAnchorY="0.7641509433962265">
    <source href="assembly.xml#CloseAggre"/>
    <target href="assembly.xml#Aggregator"/>
  </connections>
  <connections type="routesTo" sourceAnchorX="1.0" sourceAnchorY="0.14150943396226415" targetAnchorX="0.35802469135802467" targetAnchorY="0.7551020408163265">
    <source href="assembly.xml#Aggregator"/>
    <target href="assembly.xml#Log"/>
  </connections>
  <connections type="routesResponseTo" sourceAnchorX="0.5681818181818182" sourceAnchorY="1.0" targetAnchorX="0.044444444444444446" targetAnchorY="0.3783783783783784">
    <source href="assembly.xml#Add-FWA"/>
    <target href="assembly.xml#CloseAggregator"/>
  </connections>
  <connections type="routesTo" sourceAnchorX="1.0" sourceAnchorY="0.25510204081632654" targetAnchorX="0.3236514522821577" targetAnchorY="0.4864864864864865">
    <source href="assembly.xml#Log"/>
    <target href="assembly.xml#Error-Message"/>
  </connections>
  <connections type="routesTo" sourceAnchorX="1.0" sourceAnchorY="0.29591836734693877" targetAnchorX="0.25510204081632654" targetAnchorY="0.5408163265306123">
    <source href="assembly.xml#Get-JobApplications-Value"/>
    <target href="assembly.xml#Not-RemoteWorker"/>
  </connections>
  <connections type="routesTo" sourceAnchorX="0.6071428571428571" sourceAnchorY="1.0" targetAnchorX="0.12254901960784313" targetAnchorY="0.3783783783783784">
    <source href="assembly.xml#Not-RemoteWorker"/>
    <target href="assembly.xml#Call-Log-ToReport"/>
  </connections>
  <connections type="routesResponseTo" sourceAnchorX="1.0" sourceAnchorY="0.35135135135135137" targetAnchorX="0.5038167938931297" targetAnchorY="0.7027027027027027">
    <source href="assembly.xml#CallReport"/>
    <target href="assembly.xml#Add-AWL"/>
  </connections>
  <connections type="routesTo" sourceAnchorX="0.9818181818181818" sourceAnchorY="1.0" targetAnchorX="0.05952380952380952" targetAnchorY="0.5978260869565217">
    <source href="assembly.xml#//@beans/@mixed.1/@mixed.57/@mixed.3"/>
    <target href="assembly.xml#No-PreHire"/>
  </connections>
  <connections type="routesResponseTo" sourceAnchorX="0.8616071428571429" sourceAnchorY="1.0" targetAnchorX="0.04583333333333333" targetAnchorY="0.4496124031007752">
    <source href="assembly.xml#CallJobApplications"/>
    <target href="assembly.xml#Get-JobApplications-Value"/>
  </connections>
  <connections type="routesTo" sourceAnchorX="0.710204081632653" sourceAnchorY="1.0" targetAnchorX="0.0273972602739726" targetAnchorY="0.30612244897959184">
    <source href="assembly.xml#//@beans/@mixed.1/@mixed.61/@mixed.3"/>
    <target href="assembly.xml#No-Record-in-JobAppl"/>
  </connections>
  <connections type="routesResponseTo" sourceAnchorX="0.7175572519083969" sourceAnchorY="1.0" targetAnchorX="0.19254658385093168" targetAnchorY="0.4864864864864865">
    <source href="assembly.xml#Add-AWL"/>
    <target href="assembly.xml#CallAWL-Log"/>
  </connections>
  <connections type="routesResponseTo" sourceAnchorX="0.8819875776397516" sourceAnchorY="1.0" targetAnchorX="0.1590909090909091" targetAnchorY="0.43243243243243246">
    <source href="assembly.xml#CallAWL-Log"/>
    <target href="assembly.xml#Add-FWA"/>
  </connections>
  <connections type="routesTo" sourceAnchorX="0.8985507246376812" sourceAnchorY="1.0" targetAnchorX="0.034782608695652174" targetAnchorY="0.6195652173913043">
    <source href="assembly.xml#LogStatus"/>
    <target href="assembly.xml#AWL-Log"/>
  </connections>
  <connections type="routesTo" sourceAnchorX="1.0" sourceAnchorY="0.37755102040816324" targetAnchorX="0.24031007751937986" targetAnchorY="0.6122448979591837">
    <source href="assembly.xml#AWL-Log"/>
    <target href="assembly.xml#Store-Log"/>
  </connections>
  <connections type="routesTo" sourceAnchorX="0.7348484848484849" sourceAnchorY="1.0" targetAnchorX="0.5188284518828452" targetAnchorY="0.21621621621621623">
    <source href="assembly.xml#No-PreHire"/>
    <target href="assembly.xml#Report-NoPreHireData"/>
  </connections>
  <connections type="routesTo" sourceAnchorX="0.7123287671232876" sourceAnchorY="1.0" targetAnchorX="0.61003861003861" targetAnchorY="0.8648648648648649">
    <source href="assembly.xml#No-Record-in-JobAppl"/>
    <target href="assembly.xml#Report-NoRecruitingData"/>
  </connections>
  <connections type="routesTo">
    <source href="assembly.xml#//@beans/@mixed.1/@mixed.39/@mixed.3"/>
    <target href="assembly.xml#PutIntegrationMessage"/>
  </connections>
  <swimlanes x="355" y="45" bgColor="8454016" name="Start-Here">
    <elements href="assembly.xml#StartHere"/>
    <elements href="assembly.xml#CallInit"/>
    <elements href="assembly.xml#CallReport"/>
    <elements href="assembly.xml#Add-AWL"/>
    <elements href="assembly.xml#CallAWL-Log"/>
    <elements href="assembly.xml#Add-FWA"/>
    <elements href="assembly.xml#CloseAggregator"/>
  </swimlanes>
  <swimlanes x="86" y="293" bgColor="8454016" name="Init-Vars-Props">
    <elements href="assembly.xml#Init"/>
    <elements href="assembly.xml#Init-Vars-Props"/>
  </swimlanes>
  <swimlanes x="430" y="305" bgColor="8454016" name="Get-Worker-Home-Address">
    <elements href="assembly.xml#Add-AWL-For-Hire"/>
    <elements href="assembly.xml#Prepare-For-GetWorker"/>
    <elements href="assembly.xml#GetWorker"/>
    <elements href="#//@swimlanes.11"/>
    <elements href="assembly.xml#CallAddWorkLocation"/>
  </swimlanes>
  <swimlanes x="138" y="718" bgColor="8454016" name="Add-Work-Location">
    <elements href="assembly.xml#AWL-Add"/>
    <elements href="assembly.xml#Prepare-For-AWL"/>
    <elements href="assembly.xml#Add-WorkLocation"/>
    <elements href="#//@swimlanes.8"/>
    <elements href="assembly.xml#Call-Log-FromAWL"/>
  </swimlanes>
  <swimlanes x="79" y="1123" bgColor="8454016" name="Add-FWA">
    <elements href="assembly.xml#FWA"/>
    <elements href="assembly.xml#JSON-Request"/>
    <elements href="assembly.xml#JSonCalltoUpdate"/>
    <elements href="#//@swimlanes.7"/>
    <elements href="assembly.xml#Call-Log-FromFWA"/>
  </swimlanes>
  <swimlanes x="100" y="1427" bgColor="8454016" name="Global-Error-Handler">
    <elements href="assembly.xml#//@beans/@mixed.1/@mixed.41"/>
    <elements href="assembly.xml#Global-Err-Handling"/>
  </swimlanes>
  <swimlanes x="598" y="1440" bgColor="8454016" name="Log-Status">
    <elements href="assembly.xml#LogStatus"/>
    <elements href="assembly.xml#AWL-Log"/>
    <elements href="#//@swimlanes.15"/>
    <elements href="#//@swimlanes.12"/>
    <elements href="assembly.xml#Log"/>
    <elements href="assembly.xml#Error-Message"/>
  </swimlanes>
  <swimlanes x="833" y="814" name="Status-AWL" orientation="VERTICAL">
    <elements href="assembly.xml#Update-Success"/>
    <elements href="assembly.xml#Update-Failure"/>
  </swimlanes>
  <swimlanes x="726" y="549" name="Status-AWL" orientation="VERTICAL">
    <elements href="assembly.xml#Success"/>
    <elements href="assembly.xml#Failure"/>
  </swimlanes>
  <swimlanes x="116" y="76" bgColor="12632256" name="New Hire Custom Object and AWL Multi Direction" orientation="VERTICAL" elements="//@swimlanes.0 //@swimlanes.1 //@swimlanes.10 //@swimlanes.2 //@swimlanes.3 //@swimlanes.4 //@swimlanes.6 //@swimlanes.5"/>
  <swimlanes x="568" y="279" bgColor="8454016" name="Call Report to get Custom Object Details">
    <elements href="assembly.xml#Report"/>
    <elements href="assembly.xml#CallPreHireReport"/>
    <elements href="assembly.xml#Get-Emplid-ApplicantID"/>
    <elements href="#//@swimlanes.13"/>
    <elements href="assembly.xml#Get-JobApplications-Value"/>
    <elements href="#//@swimlanes.14"/>
    <elements href="assembly.xml#Call-Log-ToReport"/>
  </swimlanes>
  <swimlanes x="872" y="728" name="Swimlane" orientation="VERTICAL">
    <elements href="assembly.xml#Transform-GetWorker"/>
    <elements href="assembly.xml#Error-Handler"/>
    <elements href="assembly.xml#CallErrHandler"/>
  </swimlanes>
  <swimlanes x="492" y="1916" name="Concatenate the Log" orientation="VERTICAL">
    <elements href="assembly.xml#Aggregator"/>
    <elements href="assembly.xml#CloseAggre"/>
  </swimlanes>
  <swimlanes x="968" y="531" name="Get-JobApplication-Details" orientation="VERTICAL">
    <elements href="assembly.xml#CallJobApplications"/>
    <elements href="assembly.xml#No-PreHire"/>
    <elements href="assembly.xml#Report-NoPreHireData"/>
  </swimlanes>
  <swimlanes x="1394" y="505" name="Remote-Worker?" orientation="VERTICAL">
    <elements href="assembly.xml#Not-RemoteWorker"/>
    <elements href="assembly.xml#No-Record-in-JobAppl"/>
    <elements href="assembly.xml#Report-NoRecruitingData"/>
  </swimlanes>
  <swimlanes x="606" y="2228" name="Swimlane" orientation="VERTICAL">
    <elements href="assembly.xml#Store-Log"/>
    <elements href="assembly.xml#PutIntegrationMessage"/>
  </swimlanes>
</wdnm:Diagram>
