<?xml version="1.0" encoding="UTF-8"?>
<beans
     xmlns="http://www.springframework.org/schema/beans"
     xmlns:beans="http://www.springframework.org/schema/beans"
     xmlns:atom="http://www.w3.org/2005/Atom"
     xmlns:cc="http://www.capeclear.com/assembly/10"
     xmlns:cloud="urn:com.workday/esb/cloud/10.0"
     xmlns:env="http://schemas.xmlsoap.org/soap/envelope/"
     xmlns:pi="urn:com.workday/picof"
     xmlns:wd="urn:com.workday/bsvc"
     xmlns:xsi="http://www.w3.org/2001/XMLSchema-instance">
 
	<cc:assembly id="WorkdayAssembly" version="2020.36">
        <cc:local-in id="PreProcessSupplierInvoice-IN" routes-to="AsyncMediation0" access="public" use-global-error-handlers="true"><cc:parameter name="supplier.invoice.BP.WID" required="true" validation="props['supplier.invoice.BP.WID'] != null"/></cc:local-in>
        <cc:local-out id="GetSupplierInvoice-IN" routes-response-to="EvaluateSuppInv" endpoint="vm://VTX-GetSupplierInvoiceWWS/GetSupplierInvoice-IN"><cc:set name="get.supplier.invoice.WID" value="props['supplier.invoice.BP.WID'] "/></cc:local-out>
        <cc:async-mediation id="AsyncMediation3" execute-steps-when="props['pDebugFlag'] == true">
            <cc:steps>
                <cc:log id="Log">
                    <cc:log-message>
                        <cc:text>&#xD;
Default Tax Option: @{props['eval.supplier.invoice.default_tax_option']}&#xD;
Header Tax Amount: @{props['eval.supplier.invoice.header_tax_amount']}&#xD;
Vendor Charged Tax: @{props['eval.supplier.invoice.vendor_charged_tax']}</cc:text>
                    </cc:log-message>
                </cc:log>
            </cc:steps>
        </cc:async-mediation>
        <cc:async-mediation id="AsyncMediation2" routes-to="AsyncMediation3">
            <cc:steps>
                <cc:eval id="Eval">
                    <cc:expression>if(props['eval.supplier.invoice.default_tax_option'] == 'ENTER_TAX_DUE' &amp;&amp; props['eval.supplier.invoice.header_tax_amount'] == 0)&#xD;
{&#xD;
	props['eval.supplier.invoice.default_tax_option'] = 'CALC_USE_TAX';&#xD;
    props['eval.supplier.invoice.update_supplier_inv_flag'] = true;&#xD;
&#xD;
}else if (props['eval.supplier.invoice.default_tax_option'] == 'ENTER_TAX_DUE' &amp;&amp; props['eval.supplier.invoice.header_tax_amount'] != 0){&#xD;
	props['eval.supplier.invoice.vendor_charged_tax'] = props['eval.supplier.invoice.header_tax_amount'];&#xD;
	props['eval.supplier.invoice.header_tax_amount'] = 0;&#xD;
	props['eval.supplier.invoice.default_tax_option'] = 'CALC_TAX_DUE';&#xD;
    props['eval.supplier.invoice.update_supplier_inv_flag'] = true;&#xD;
}</cc:expression>
                </cc:eval>
            </cc:steps>
        </cc:async-mediation>
        <cc:async-mediation id="AM-EvalLog" routes-to="AsyncMediation2" execute-steps-when="props['pDebugFlag'] == true">
            <cc:steps>
                <cc:log id="Log">
                    <cc:log-message>
                        <cc:text>&#xD;
Default Tax Option: @{props['eval.supplier.invoice.default_tax_option']}&#xD;
Header Tax Amount: @{props['eval.supplier.invoice.header_tax_amount']}&#xD;
&#xD;
</cc:text>
                    </cc:log-message>
                </cc:log>
            </cc:steps>
        </cc:async-mediation>
        <cc:async-mediation id="AsyncMediation1" routes-to="AM-EvalLog">
            <cc:steps>
                <cc:copy id="Copy" input="variable" input-variable="get.supplier.invoice.vDocument"/>
                <cc:eval id="Eval">
                    <cc:expression>props['eval.supplier.invoice.default_tax_option'] = parts[0].xpath('/env:Envelope/env:Body/wd:Get_Supplier_Invoices_Response/wd:Response_Data/wd:Supplier_Invoice/wd:Supplier_Invoice_Data/wd:Default_Tax_Option_Reference/wd:ID[@wd:type=&quot;Tax_Option_ID&quot;]');</cc:expression>
                    <cc:expression>props['eval.supplier.invoice.header_tax_amount'] = parts[0].xpath('/env:Envelope/env:Body/wd:Get_Supplier_Invoices_Response/wd:Response_Data/wd:Supplier_Invoice/wd:Supplier_Invoice_Data/wd:Tax_Amount');</cc:expression>
                    <cc:expression>props['eval.supplier.invoice.vendor_charged_tax'] = 0;</cc:expression>
                    <cc:expression>props['eval.supplier.invoice.update_supplier_inv_flag'] = false;</cc:expression>
                    <cc:expression>props['eval.supplier.invoice.control_total_amount'] = parts[0].xpath('/env:Envelope/env:Body/wd:Get_Supplier_Invoices_Response/wd:Response_Data/wd:Supplier_Invoice/wd:Supplier_Invoice_Data/wd:Control_Amount_Total');</cc:expression>
                    <cc:expression>if(props['eval.supplier.invoice.control_total_amount'] == ''){&#xD;
props['eval.supplier.invoice.control_total_amount'] = 0;&#xD;
}</cc:expression>
                </cc:eval>
            </cc:steps>
        </cc:async-mediation>
        <cc:local-in id="EvaluateSuppInv-IN" routes-to="AsyncMediation1" access="public" use-global-error-handlers="true"/>
        <cc:local-out id="EvaluateSuppInv" routes-response-to="SupplierInvCustomObjectUpdate-IN" endpoint="vm://VTX-PreProcessSupplierInvoice/EvaluateSuppInv-IN"/>
        <cc:local-out id="ProcessBgWID" endpoint="vm://VTX-GetImportStatus/ProcessBgWID">
            <cc:set name="get.BgProcess.WID" value="props['import.supp.invoice.BackgroundProcessWID'] "/>
        </cc:local-out>
        <cc:async-mediation id="AsyncMediation" routes-to="ProcessBgWID">
            <cc:steps>
                <cc:eval id="Eval">
                    <cc:expression>props['import.supp.invoice.BackgroundProcessWID'] = parts[0].xpath('/*:Envelope/*:Body/*:Put_Import_Process_Response/*:Import_Process_Reference/*:ID')</cc:expression>
                </cc:eval>
                <cc:log id="Log">
                    <cc:log-message>
                        <cc:text>Background Process WID: @{props['import.supp.invoice.BackgroundProcessWID']}</cc:text>
                    </cc:log-message>
                </cc:log>
            </cc:steps>
        </cc:async-mediation>
        <cc:async-mediation id="AM-LogResponse" routes-to="AsyncMediation" execute-steps-when="props['pDebugFlag'] == true">
            <cc:steps>
                <cc:log id="Log">
                    <cc:log-message>
                        <cc:message-content/>
                    </cc:log-message>
                </cc:log>
            </cc:steps>
        </cc:async-mediation>
        <cc:workday-out-soap id="WorkdayOutSoap" routes-response-to="AM-LogResponse" application="Resource_Management" version="@{props['pWWSVersion']}"/>
        <cc:async-mediation id="AM-Request" routes-to="WorkdayOutSoap" handle-downstream-errors="true">
            <cc:steps>
                <cc:copy id="Copy" input="variable" input-variable="get.supplier.invoice.vDocument"/>
                <cc:xslt-plus id="XsltPlus" url="XSLT/ImportSupplierInvoiceRequest.xsl"/>
                <cc:log execute-when="props['pDebugFlag'] == true" id="Log">
                    <cc:log-message>
                        <cc:message-content/>
                    </cc:log-message>
                </cc:log>
            </cc:steps>
            <cc:send-error id="SendSOAPError" routes-to="PutSOAPMessage"/>
        </cc:async-mediation>
        <cc:local-in id="UpdateSupplierInvoice-IN" routes-to="AM-Request" access="public" use-global-error-handlers="true"/>
        <cc:local-out id="SupplierInvCustomObjectUpdate-IN" execute-when="props['eval.supplier.invoice.update_supplier_inv_flag'] == true &amp;&amp; props['eval.supplier.invoice.vendor_charged_tax'] != 0" routes-response-to="UpdateSupplierInvoice-IN1" endpoint="vm://VTX-SupplierInvoiceCustomObjectHandler/SupplierInvCustomObjectTaxUpdate-IN"><cc:set name="supplier.invoice.WID" value="props['supplier.invoice.BP.WID']"/><cc:set name="supplier.invoice.VendorChargedTax" value="props['eval.supplier.invoice.vendor_charged_tax']"/><cc:set name="supplier.invoice.ControlTotalAmount" value="props['eval.supplier.invoice.control_total_amount']"/></cc:local-out>
        <cc:local-out id="UpdateSupplierInvoice-IN1" execute-when="props['eval.supplier.invoice.update_supplier_inv_flag'] == true" endpoint="vm://VTX-PreProcessSupplierInvoice/UpdateSupplierInvoice-IN"/>
        <cc:async-mediation id="AsyncMediation0" routes-to="GetSupplierInvoice-IN">
            <cc:steps>
                <cc:log id="Log">
                    <cc:log-message>
                        <cc:text>INSIDE PREPROCESS : @{props['supplier.invoice.BP.WID']}</cc:text>
                    </cc:log-message>
                </cc:log>
            </cc:steps>
        </cc:async-mediation>
        <cc:local-out id="PutSOAPMessage" endpoint="vm://wcc/PutIntegrationMessage"><cc:set name="is.message.severity" value="'ERROR'"/><cc:set name="is.message.summary" value="'An error occurred pre-processing the Supplier Invoice via SOAP. Please see the message for more details.'"/><cc:set name="is.message.detail" value="context.errorMessage"/></cc:local-out>
	</cc:assembly>

</beans>