<?xml version="1.0" encoding="UTF-8"?>
<wdnm:Diagram xmlns:wdnm="http://workday.com/studio/editors/notation">
  <element href="assembly.xml#WorkdayAssembly"/>
  <visualProperties>
    <element href="assembly.xml#//@beans/@mixed.1/@mixed.3"/>
  </visualProperties>
  <visualProperties>
    <element href="assembly.xml#Note-Error"/>
  </visualProperties>
  <visualProperties>
    <element href="assembly.xml#INT0130-Chubb"/>
  </visualProperties>
  <visualProperties x="992" y="625">
    <element href="assembly.xml#FileError"/>
  </visualProperties>
  <visualProperties x="543" y="516">
    <element href="assembly.xml#check-Input-File"/>
  </visualProperties>
  <visualProperties x="756" y="533">
    <element href="assembly.xml#transform-and-validate-Input-File"/>
  </visualProperties>
  <visualProperties x="506" y="509">
    <element href="assembly.xml#AsyncMediation"/>
  </visualProperties>
  <visualProperties x="676" y="513">
    <element href="assembly.xml#GetEventDocuments"/>
  </visualProperties>
  <visualProperties x="880" y="492">
    <element href="assembly.xml#Route"/>
  </visualProperties>
  <connections type="routesTo">
    <source href="assembly.xml#//@beans/@mixed.1/@mixed.3"/>
    <target href="assembly.xml#Note-Error"/>
  </connections>
  <connections type="routesTo">
    <source href="assembly.xml#check-Input-File"/>
    <target href="assembly.xml#transform-and-validate-Input-File"/>
  </connections>
  <connections type="routesTo">
    <source href="assembly.xml#//@beans/@mixed.1/@mixed.9/@mixed.3"/>
    <target href="assembly.xml#FileError"/>
  </connections>
  <connections type="routesTo" sourceAnchorX="1.0" sourceAnchorY="0.23404255319148937" targetAnchorX="0.4176470588235294" targetAnchorY="0.5675675675675675">
    <source href="assembly.xml#AsyncMediation"/>
    <target href="assembly.xml#GetEventDocuments"/>
  </connections>
  <connections type="routesTo" sourceAnchorX="0.7793103448275862" sourceAnchorY="1.0" targetAnchorX="0.09448818897637795" targetAnchorY="0.5957446808510638">
    <source href="assembly.xml#INT0130-Chubb"/>
    <target href="assembly.xml#AsyncMediation"/>
  </connections>
  <connections type="routesResponseTo" sourceAnchorX="0.8588235294117647" sourceAnchorY="1.0" targetAnchorX="0.21495327102803738" targetAnchorY="0.10191082802547771">
    <source href="assembly.xml#GetEventDocuments"/>
    <target href="assembly.xml#Route"/>
  </connections>
  <connections type="routesTo" sourceAnchorX="1.0" sourceAnchorY="0.7941176470588235" targetAnchorX="0.21705426356589147" targetAnchorY="0.4">
    <source href="assembly.xml#//@beans/@mixed.1/@mixed.17/@subRoute.0"/>
    <target href="assembly.xml#check-Input-File"/>
  </connections>
  <swimlanes x="501" y="64" name="Global Error Handler">
    <elements href="assembly.xml#//@beans/@mixed.1/@mixed.3"/>
    <elements href="assembly.xml#Note-Error"/>
  </swimlanes>
  <swimlanes x="356" y="428" name="Read Input File Data">
    <elements href="assembly.xml#INT0130-Chubb"/>
    <elements href="assembly.xml#AsyncMediation"/>
    <elements href="assembly.xml#GetEventDocuments"/>
    <elements href="assembly.xml#Route"/>
    <elements href="assembly.xml#check-Input-File"/>
    <elements href="assembly.xml#FileError"/>
    <elements href="assembly.xml#transform-and-validate-Input-File"/>
  </swimlanes>
</wdnm:Diagram>
