<?xml version="1.0" encoding="UTF-8"?>
<wdnm:Diagram xmlns:wdnm="http://workday.com/studio/editors/notation">
  <element href="assembly.xml#WorkdayAssembly"/>
  <visualProperties x="105" y="100">
    <element href="assembly.xml#StartHere"/>
  </visualProperties>
  <visualProperties>
    <element href="assembly.xml#Initialize"/>
  </visualProperties>
  <visualProperties>
    <element href="assembly.xml#InitializeSystem"/>
  </visualProperties>
  <visualProperties>
    <element href="assembly.xml#ErrorInitSys"/>
  </visualProperties>
  <visualProperties x="134" y="123">
    <element href="assembly.xml#Call_Initialize"/>
  </visualProperties>
  <visualProperties x="188" y="196">
    <element href="assembly.xml#Call_Retrieval"/>
  </visualProperties>
  <visualProperties>
    <element href="assembly.xml#Route"/>
  </visualProperties>
  <visualProperties x="98" y="753">
    <element href="assembly.xml#GetFiles"/>
  </visualProperties>
  <visualProperties x="252" y="753">
    <element href="assembly.xml#RetrieveInputDocuments"/>
  </visualProperties>
  <visualProperties x="143" y="557">
    <element href="assembly.xml#Retrieval"/>
  </visualProperties>
  <visualProperties>
    <element href="assembly.xml#InitializeRetrievalProps"/>
  </visualProperties>
  <visualProperties x="496" y="979">
    <element href="assembly.xml#WriteStep"/>
  </visualProperties>
  <visualProperties x="1485" y="550">
    <element href="assembly.xml#ProcessInputFile"/>
  </visualProperties>
  <visualProperties x="121" y="337">
    <element href="assembly.xml#Call_GetOrgs"/>
  </visualProperties>
  <visualProperties x="344" y="929">
    <element href="assembly.xml#GetOrgs"/>
  </visualProperties>
  <visualProperties>
    <element href="assembly.xml#WriteGetOrgs"/>
  </visualProperties>
  <visualProperties>
    <element href="assembly.xml#ErrorGetSupOrgs"/>
  </visualProperties>
  <visualProperties x="226" y="1266">
    <element href="assembly.xml#PagedGet"/>
  </visualProperties>
  <visualProperties>
    <element href="assembly.xml#Transformation"/>
  </visualProperties>
  <visualProperties x="1652" y="677">
    <element href="assembly.xml#ErrorProcessingInputFile"/>
  </visualProperties>
  <visualProperties x="321" y="1278">
    <element href="assembly.xml#Aggregator"/>
  </visualProperties>
  <visualProperties x="199" y="336">
    <element href="assembly.xml#Call_Aggregator"/>
  </visualProperties>
  <visualProperties>
    <element href="assembly.xml#Error.Handler"/>
  </visualProperties>
  <visualProperties>
    <element href="assembly.xml#PIMProcessInputs"/>
  </visualProperties>
  <visualProperties x="107" y="1393">
    <element href="assembly.xml#Stacker.Route"/>
  </visualProperties>
  <visualProperties>
    <element href="assembly.xml#Tenant.Data"/>
  </visualProperties>
  <visualProperties>
    <element href="assembly.xml#File.Input.Data"/>
  </visualProperties>
  <visualProperties>
    <element href="assembly.xml#PutIntegrationMessage"/>
  </visualProperties>
  <visualProperties x="168" y="1510">
    <element href="assembly.xml#StackerAggregator"/>
  </visualProperties>
  <visualProperties x="1483" y="1250">
    <element href="assembly.xml#Route0"/>
  </visualProperties>
  <visualProperties x="388" y="1836">
    <element href="assembly.xml#AddSupOrg"/>
  </visualProperties>
  <visualProperties>
    <element href="assembly.xml#ErrorXSLT"/>
  </visualProperties>
  <visualProperties>
    <element href="assembly.xml#PutIntegrationMessage3"/>
  </visualProperties>
  <visualProperties x="2203" y="1738">
    <element href="assembly.xml#Split_Inactivate"/>
  </visualProperties>
  <visualProperties>
    <element href="assembly.xml#WrapSOAP"/>
  </visualProperties>
  <visualProperties>
    <element href="assembly.xml#CallAuditLog_Error"/>
  </visualProperties>
  <visualProperties x="235" y="2489">
    <element href="assembly.xml#SubErrorAuditLog"/>
  </visualProperties>
  <visualProperties x="265" y="2861">
    <element href="assembly.xml#SubmitWWS"/>
  </visualProperties>
  <visualProperties>
    <element href="assembly.xml#ValidationModeOn"/>
  </visualProperties>
  <visualProperties x="268" y="2455">
    <element href="assembly.xml#ValidationModeOff"/>
  </visualProperties>
  <visualProperties x="1716" y="2410">
    <element href="assembly.xml#Call_Aduit_Success"/>
  </visualProperties>
  <visualProperties x="472" y="2908">
    <element href="assembly.xml#ErrorHandler"/>
  </visualProperties>
  <visualProperties y="1224">
    <element href="assembly.xml#UpdateSupOrg"/>
  </visualProperties>
  <visualProperties y="1224">
    <element href="assembly.xml#InactivateSupOrg"/>
  </visualProperties>
  <visualProperties x="278" y="1825">
    <element href="assembly.xml#ReactivateSupOrg"/>
  </visualProperties>
  <visualProperties x="1685" y="1636">
    <element href="assembly.xml#ErrorCreatingXSLT"/>
  </visualProperties>
  <visualProperties>
    <element href="assembly.xml#Audit"/>
  </visualProperties>
  <visualProperties>
    <element href="assembly.xml#SubWriteAuditRowStep"/>
  </visualProperties>
  <visualProperties>
    <element href="assembly.xml#ErrorWriteAuditRowStep"/>
  </visualProperties>
  <visualProperties>
    <element href="assembly.xml#SubFinalizeLog"/>
  </visualProperties>
  <visualProperties>
    <element href="assembly.xml#SubAuditAggregator"/>
  </visualProperties>
  <visualProperties>
    <element href="assembly.xml#SubAuditStore"/>
  </visualProperties>
  <visualProperties>
    <element href="assembly.xml#ErrorAuditStoreStep"/>
  </visualProperties>
  <visualProperties>
    <element href="assembly.xml#SubAuditLog"/>
  </visualProperties>
  <visualProperties x="139" y="469">
    <element href="assembly.xml#Call_CloseAudit"/>
  </visualProperties>
  <visualProperties x="123" y="610">
    <element href="assembly.xml#IntegrationWarningMessage"/>
  </visualProperties>
  <visualProperties x="298" y="1640">
    <element href="assembly.xml#Route00"/>
  </visualProperties>
  <visualProperties x="2534" y="1340">
    <element href="assembly.xml#Split_Add_Update"/>
  </visualProperties>
  <visualProperties x="2654" y="1600">
    <element href="assembly.xml#Split_Reactivate"/>
  </visualProperties>
  <visualProperties x="244" y="1436">
    <element href="assembly.xml#Route10"/>
  </visualProperties>
  <visualProperties x="448" y="2479">
    <element href="assembly.xml#Copy"/>
  </visualProperties>
  <visualProperties x="166" y="464">
    <element href="assembly.xml#Call_AssignRoles"/>
  </visualProperties>
  <visualProperties x="407" y="2527">
    <element href="assembly.xml#AssignRoles"/>
  </visualProperties>
  <visualProperties x="685" y="2476">
    <element href="assembly.xml#Splitter"/>
  </visualProperties>
  <visualProperties x="854" y="2530">
    <element href="assembly.xml#Props"/>
  </visualProperties>
  <visualProperties x="965" y="2529">
    <element href="assembly.xml#MangerID_Validation"/>
  </visualProperties>
  <visualProperties x="177" y="2191">
    <element href="assembly.xml#ValidationModeOn0"/>
  </visualProperties>
  <visualProperties x="276" y="2599">
    <element href="assembly.xml#SubmitWWS_AssignRoles"/>
  </visualProperties>
  <visualProperties>
    <element href="assembly.xml#Audit_AssignRoles"/>
  </visualProperties>
  <visualProperties>
    <element href="assembly.xml#SubWriteAuditRowStep_AssignRoles"/>
  </visualProperties>
  <visualProperties>
    <element href="assembly.xml#ErrorWriteAuditRowStep_AssignRoles"/>
  </visualProperties>
  <visualProperties>
    <element href="assembly.xml#SubFinalizeLog_AssignRoles"/>
  </visualProperties>
  <visualProperties>
    <element href="assembly.xml#SubAuditAggregator_AssignRoles"/>
  </visualProperties>
  <visualProperties>
    <element href="assembly.xml#SubAuditStore_AssignRoles"/>
  </visualProperties>
  <visualProperties>
    <element href="assembly.xml#ErrorAuditStoreStep0"/>
  </visualProperties>
  <visualProperties>
    <element href="assembly.xml#SubAuditLog_AssignRoles"/>
  </visualProperties>
  <visualProperties x="142" y="2664">
    <element href="assembly.xml#ValidationModeOff0"/>
  </visualProperties>
  <visualProperties x="360" y="2664">
    <element href="assembly.xml#Call_Aduit_Success_AssignRoles"/>
  </visualProperties>
  <visualProperties x="247" y="2738">
    <element href="assembly.xml#CallAuditLog_Error_AssignRoles"/>
  </visualProperties>
  <visualProperties x="105" y="601">
    <element href="assembly.xml#Call_CloseAudit_AssignRoles"/>
  </visualProperties>
  <visualProperties x="950" y="2670">
    <element href="assembly.xml#PutIntegrationMessage0"/>
  </visualProperties>
  <visualProperties x="1170" y="2545">
    <element href="assembly.xml#Call_UpdateAssignRole"/>
  </visualProperties>
  <visualProperties x="1562" y="2519">
    <element href="assembly.xml#UpdateAssignRole"/>
  </visualProperties>
  <visualProperties x="195" y="2389">
    <element href="assembly.xml#ErrorHandler0"/>
  </visualProperties>
  <visualProperties x="846" y="706">
    <element href="assembly.xml#PutIntegrationMessageInitRet"/>
  </visualProperties>
  <visualProperties x="1603" y="1128">
    <element href="assembly.xml#PutIntegrationMessageSplitSupOrgs"/>
  </visualProperties>
  <visualProperties x="911" y="2677">
    <element href="assembly.xml#PutIntegrationMessageCopy"/>
  </visualProperties>
  <visualProperties x="457" y="3698">
    <element href="assembly.xml#//@beans/@mixed.1/@mixed.175"/>
  </visualProperties>
  <visualProperties x="762" y="3698">
    <element href="assembly.xml#Note-Error"/>
  </visualProperties>
  <decorations x="457" y="252" width="100" height="126" type="NOTE" text="Set up properties, LP, and mappings"/>
  <decorations x="403" y="570" width="100" height="60" type="NOTE" text="Retrieval Step"/>
  <decorations x="1680" y="623" width="183" height="225" type="NOTE" text="Transforms file into xml and removes header. Then saves the input file into a variable that will be later called by the stacker."/>
  <decorations x="412" y="1000" width="165" height="178" type="NOTE" text="Retrieves Sup Orgs as long as the operation is not 'Add'"/>
  <decorations x="1226" y="1085" width="169" height="222" type="NOTE" text="Instead of putting Sup Orgs into hashsets, this step puts them into an xml variable which will later be used int he stacker"/>
  <decorations x="1347" y="1452" width="100" height="192" type="NOTE" text="Combines input file and Sup Org tenant data into one xml and saves it into a variable."/>
  <decorations x="1898" y="1394" width="100" height="172" type="NOTE" text="Uses xslt to handle expected errors and then output the WWS"/>
  <decorations x="405" y="2569" width="165" height="191" type="NOTE" text="This will only be called if the operation is Update and there is a manager ID in the record"/>
  <connections type="routesTo">
    <source href="assembly.xml#Initialize"/>
    <target href="assembly.xml#InitializeSystem"/>
  </connections>
  <connections type="routesTo">
    <source href="assembly.xml#//@beans/@mixed.1/@mixed.5/@mixed.3"/>
    <target href="assembly.xml#ErrorInitSys"/>
  </connections>
  <connections type="routesTo" sourceAnchorX="0.5597014925373134" sourceAnchorY="1.0" targetAnchorX="0.6335403726708074" targetAnchorY="0.43243243243243246">
    <source href="assembly.xml#StartHere"/>
    <target href="assembly.xml#Call_Initialize"/>
  </connections>
  <connections type="routesResponseTo" sourceAnchorX="0.7577639751552795" sourceAnchorY="1.0" targetAnchorX="0.7633136094674556" targetAnchorY="0.43243243243243246">
    <source href="assembly.xml#Call_Initialize"/>
    <target href="assembly.xml#Call_Retrieval"/>
  </connections>
  <connections type="routesResponseTo" targetAnchorX="0.033707865168539325" targetAnchorY="0.10666666666666667">
    <source href="assembly.xml#GetFiles"/>
    <target href="assembly.xml#RetrieveInputDocuments"/>
  </connections>
  <connections type="routesTo" sourceAnchorX="0.9166666666666666" sourceAnchorY="0.4864864864864865" targetAnchorX="0.20134228187919462" targetAnchorY="0.2047244094488189">
    <source href="assembly.xml#Retrieval"/>
    <target href="assembly.xml#InitializeRetrievalProps"/>
  </connections>
  <connections type="routesTo" sourceAnchorX="0.5352112676056338" sourceAnchorY="0.8666666666666667" targetAnchorX="0.4486301369863014" targetAnchorY="0.5675675675675675">
    <source href="assembly.xml#//@beans/@mixed.1/@mixed.19/@mixed.3"/>
    <target href="assembly.xml#PutIntegrationMessageInitRet"/>
  </connections>
  <connections type="routesTo" sourceAnchorX="1.0" sourceAnchorY="0.14728682170542637" targetAnchorX="0.08333333333333333" targetAnchorY="0.175">
    <source href="assembly.xml#InitializeRetrievalProps"/>
    <target href="assembly.xml#Route"/>
  </connections>
  <connections type="routesTo" sourceAnchorX="1.0" sourceAnchorY="0.5882352941176471" targetAnchorX="0.3548387096774194" targetAnchorY="0.5405405405405406">
    <source href="assembly.xml#//@beans/@mixed.1/@route.0/@subRoute.0"/>
    <target href="assembly.xml#GetFiles"/>
  </connections>
  <connections type="routesTo" sourceAnchorX="1.0" sourceAnchorY="0.9117647058823529" targetAnchorX="0.30578512396694213" targetAnchorY="0.6413043478260869">
    <source href="assembly.xml#//@beans/@mixed.1/@route.0/@subRoute.1"/>
    <target href="assembly.xml#WriteStep"/>
  </connections>
  <connections type="routesTo" sourceAnchorX="0.8" sourceAnchorY="1.0" targetAnchorX="0.14285714285714285" targetAnchorY="0.25">
    <source href="assembly.xml#//@beans/@mixed.1/@route.1/@subRoute.0"/>
    <target href="assembly.xml#ProcessInputFile"/>
  </connections>
  <connections type="routesTo" sourceAnchorX="1.0" sourceAnchorY="0.3469387755102041" targetAnchorX="0.0" targetAnchorY="0.6434108527131783">
    <source href="assembly.xml#WriteStep"/>
    <target href="assembly.xml#ProcessInputFile"/>
    <bendpoints sourceX="-21" sourceY="119" targetX="-405" targetY="195"/>
    <bendpoints sourceX="292" sourceY="133" targetX="-96" targetY="208"/>
    <bendpoints sourceX="306" sourceY="-3" targetX="-78" targetY="73"/>
  </connections>
  <connections type="routesResponseTo" sourceAnchorX="0.4437869822485207" sourceAnchorY="1.0" targetAnchorX="0.536144578313253" targetAnchorY="0.5405405405405406">
    <source href="assembly.xml#Call_Retrieval"/>
    <target href="assembly.xml#Call_GetOrgs"/>
  </connections>
  <connections type="routesTo" sourceAnchorX="0.41836734693877553" sourceAnchorY="1.0" targetAnchorX="0.39378238341968913" targetAnchorY="0.32432432432432434">
    <source href="assembly.xml#//@beans/@mixed.1/@mixed.33/@mixed.3"/>
    <target href="assembly.xml#ErrorGetSupOrgs"/>
  </connections>
  <connections type="routesTo" sourceAnchorX="0.912" sourceAnchorY="1.0" targetAnchorX="0.11550151975683891" targetAnchorY="0.3333333333333333">
    <source href="assembly.xml#GetOrgs"/>
    <target href="assembly.xml#WriteGetOrgs"/>
  </connections>
  <connections type="routesTo" sourceAnchorX="0.5119047619047619" sourceAnchorY="0.3333333333333333" targetAnchorX="0.4553314121037464" targetAnchorY="0.08108108108108109">
    <source href="assembly.xml#//@beans/@mixed.1/@mixed.37/@mixed.3"/>
    <target href="assembly.xml#PutIntegrationMessageSplitSupOrgs"/>
  </connections>
  <connections type="routesResponseTo" sourceAnchorX="0.782608695652174" sourceAnchorY="1.0" targetAnchorX="0.2553191489361702" targetAnchorY="0.5203252032520326">
    <source href="assembly.xml#PagedGet"/>
    <target href="assembly.xml#Transformation"/>
  </connections>
  <connections type="routesTo" sourceAnchorX="0.45294117647058824" sourceAnchorY="1.0" targetAnchorX="0.7401574803149606" targetAnchorY="0.40540540540540543">
    <source href="assembly.xml#//@beans/@mixed.1/@mixed.25/@mixed.3"/>
    <target href="assembly.xml#ErrorProcessingInputFile"/>
  </connections>
  <connections type="routesTo" sourceAnchorX="1.0" sourceAnchorY="0.26356589147286824" targetAnchorX="0.2246376811594203" targetAnchorY="0.40540540540540543">
    <source href="assembly.xml#WriteGetOrgs"/>
    <target href="assembly.xml#PagedGet"/>
  </connections>
  <connections type="routesResponseTo" sourceAnchorX="0.5421686746987951" sourceAnchorY="1.0" targetAnchorX="0.4946236559139785" targetAnchorY="0.6486486486486487">
    <source href="assembly.xml#Call_GetOrgs"/>
    <target href="assembly.xml#Call_Aggregator"/>
  </connections>
  <connections type="routesTo" sourceAnchorX="0.7466666666666667" sourceAnchorY="1.0" targetAnchorX="0.28859060402684567" targetAnchorY="0.35772357723577236">
    <source href="assembly.xml#Aggregator"/>
    <target href="assembly.xml#Error.Handler"/>
  </connections>
  <connections type="routesTo" sourceAnchorX="0.4583333333333333" sourceAnchorY="1.0" targetAnchorX="0.4694835680751174" targetAnchorY="0.6486486486486487">
    <source href="assembly.xml#//@beans/@mixed.1/@mixed.47/@mixed.3"/>
    <target href="assembly.xml#PIMProcessInputs"/>
  </connections>
  <connections type="routesTo" sourceAnchorX="1.0" sourceAnchorY="0.23577235772357724" targetAnchorX="0.10714285714285714" targetAnchorY="0.3222748815165877">
    <source href="assembly.xml#Error.Handler"/>
    <target href="assembly.xml#Stacker.Route"/>
  </connections>
  <connections type="routesTo" sourceAnchorX="0.5706521739130435" sourceAnchorY="1.0" targetAnchorX="0.8298755186721992" targetAnchorY="0.35135135135135137">
    <source href="assembly.xml#//@beans/@mixed.1/@mixed.55/@mixed.3"/>
    <target href="assembly.xml#PutIntegrationMessage"/>
    <bendpoints sourceX="163" sourceY="44" targetX="69" targetY="-164"/>
  </connections>
  <connections type="routesTo" sourceAnchorX="0.5508021390374331" sourceAnchorY="1.0" targetAnchorX="0.5020746887966805" targetAnchorY="0.16216216216216217">
    <source href="assembly.xml#//@beans/@mixed.1/@mixed.53/@mixed.3"/>
    <target href="assembly.xml#PutIntegrationMessage"/>
  </connections>
  <connections type="routesTo" sourceAnchorX="1.0" sourceAnchorY="0.6176470588235294" targetAnchorX="0.15723270440251572" targetAnchorY="0.34108527131782945">
    <source href="assembly.xml#//@beans/@mixed.1/@route.2/@subRoute.1"/>
    <target href="assembly.xml#Tenant.Data"/>
  </connections>
  <connections type="routesTo" sourceAnchorX="0.9096774193548387" sourceAnchorY="1.0" targetAnchorX="0.28865979381443296" targetAnchorY="0.27906976744186046">
    <source href="assembly.xml#//@beans/@mixed.1/@route.2/@subRoute.0"/>
    <target href="assembly.xml#File.Input.Data"/>
  </connections>
  <connections type="routesTo" sourceAnchorX="1.0" sourceAnchorY="0.16279069767441862" targetAnchorX="0.23383084577114427" targetAnchorY="0.27358490566037735">
    <source href="assembly.xml#Tenant.Data"/>
    <target href="assembly.xml#StackerAggregator"/>
  </connections>
  <connections type="routesTo" sourceAnchorX="1.0" sourceAnchorY="0.2558139534883721" targetAnchorX="0.12935323383084577" targetAnchorY="0.5377358490566038">
    <source href="assembly.xml#File.Input.Data"/>
    <target href="assembly.xml#StackerAggregator"/>
  </connections>
  <connections type="routesTo" sourceAnchorX="1.0" sourceAnchorY="0.19811320754716982" targetAnchorX="0.13636363636363635" targetAnchorY="0.4745762711864407">
    <source href="assembly.xml#StackerAggregator"/>
    <target href="assembly.xml#Route0"/>
  </connections>
  <connections type="routesTo" sourceAnchorX="0.7310924369747899" sourceAnchorY="1.0" targetAnchorX="0.38645418326693226" targetAnchorY="0.24324324324324326">
    <source href="assembly.xml#//@beans/@mixed.1/@mixed.71/@mixed.3"/>
    <target href="assembly.xml#PutIntegrationMessage3"/>
  </connections>
  <connections type="routesTo" sourceAnchorX="0.5657894736842105" sourceAnchorY="1.0" targetAnchorX="0.7172413793103448" targetAnchorY="0.358695652173913">
    <source href="assembly.xml#//@beans/@mixed.1/@mixed.65/@mixed.3"/>
    <target href="assembly.xml#ErrorHandler"/>
  </connections>
  <connections type="routesTo" sourceAnchorX="1.0" sourceAnchorY="0.18604651162790697" targetAnchorX="0.24581005586592178" targetAnchorY="0.2972972972972973">
    <source href="assembly.xml#ErrorXSLT"/>
    <target href="assembly.xml#SubErrorAuditLog"/>
  </connections>
  <connections type="routesTo" sourceAnchorX="1.0" sourceAnchorY="0.06976744186046512" targetAnchorX="0.13291139240506328" targetAnchorY="0.7837837837837838">
    <source href="assembly.xml#ValidationModeOn"/>
    <target href="assembly.xml#SubmitWWS"/>
  </connections>
  <connections type="routesResponseTo" sourceAnchorX="0.740506329113924" sourceAnchorY="1.0" targetAnchorX="0.2074468085106383" targetAnchorY="0.5204081632653061">
    <source href="assembly.xml#SubmitWWS"/>
    <target href="assembly.xml#ValidationModeOff"/>
  </connections>
  <connections type="routesTo" sourceAnchorX="1.0" sourceAnchorY="0.2857142857142857" targetAnchorX="0.18518518518518517" targetAnchorY="0.5675675675675675">
    <source href="assembly.xml#ValidationModeOff"/>
    <target href="assembly.xml#Call_Aduit_Success"/>
  </connections>
  <connections type="routesTo">
    <source href="assembly.xml#//@beans/@mixed.1/@mixed.61/@mixed.3"/>
    <target href="assembly.xml#ErrorCreatingXSLT"/>
  </connections>
  <connections type="routesTo">
    <source href="assembly.xml#//@beans/@mixed.1/@mixed.85/@mixed.3"/>
    <target href="assembly.xml#ErrorCreatingXSLT"/>
  </connections>
  <connections type="routesTo">
    <source href="assembly.xml#//@beans/@mixed.1/@mixed.87/@mixed.3"/>
    <target href="assembly.xml#ErrorCreatingXSLT"/>
  </connections>
  <connections type="routesTo">
    <source href="assembly.xml#//@beans/@mixed.1/@mixed.89/@mixed.3"/>
    <target href="assembly.xml#ErrorCreatingXSLT"/>
  </connections>
  <connections type="routesTo" sourceAnchorX="0.8203125" sourceAnchorY="1.0" targetAnchorX="0.24516129032258063" targetAnchorY="0.10077519379844961">
    <source href="assembly.xml#//@beans/@mixed.1/@route.3/@subRoute.0"/>
    <target href="assembly.xml#AddSupOrg"/>
  </connections>
  <connections type="routesTo" sourceAnchorX="0.859375" sourceAnchorY="1.0" targetAnchorX="0.21604938271604937" targetAnchorY="0.3875968992248062">
    <source href="assembly.xml#//@beans/@mixed.1/@route.3/@subRoute.1"/>
    <target href="assembly.xml#UpdateSupOrg"/>
  </connections>
  <connections type="routesTo" sourceAnchorX="0.8125" sourceAnchorY="1.0" targetAnchorX="0.2222222222222222" targetAnchorY="0.34108527131782945">
    <source href="assembly.xml#//@beans/@mixed.1/@route.3/@subRoute.2"/>
    <target href="assembly.xml#InactivateSupOrg"/>
  </connections>
  <connections type="routesTo" sourceAnchorX="0.546875" sourceAnchorY="1.0" targetAnchorX="0.328042328042328" targetAnchorY="0.4108527131782946">
    <source href="assembly.xml#//@beans/@mixed.1/@route.3/@subRoute.3"/>
    <target href="assembly.xml#ReactivateSupOrg"/>
  </connections>
  <connections type="routesTo">
    <source href="assembly.xml#Audit"/>
    <target href="assembly.xml#SubWriteAuditRowStep"/>
  </connections>
  <connections type="routesTo">
    <source href="assembly.xml#SubWriteAuditRowStep"/>
    <target href="assembly.xml#SubAuditAggregator"/>
  </connections>
  <connections type="routesTo" sourceAnchorX="0.527027027027027" sourceAnchorY="1.0" targetAnchorX="0.4701195219123506" targetAnchorY="0.24324324324324326">
    <source href="assembly.xml#//@beans/@mixed.1/@mixed.105/@mixed.3"/>
    <target href="assembly.xml#ErrorWriteAuditRowStep"/>
  </connections>
  <connections type="routesTo">
    <source href="assembly.xml#SubFinalizeLog"/>
    <target href="assembly.xml#SubAuditAggregator"/>
  </connections>
  <connections type="routesTo">
    <source href="assembly.xml#SubAuditAggregator"/>
    <target href="assembly.xml#SubAuditStore"/>
  </connections>
  <connections type="routesTo">
    <source href="assembly.xml#SubAuditStore"/>
    <target href="assembly.xml#SubAuditLog"/>
  </connections>
  <connections type="routesTo" sourceAnchorX="0.4519230769230769" sourceAnchorY="1.0" targetAnchorX="0.41013824884792627" targetAnchorY="0.32432432432432434">
    <source href="assembly.xml#//@beans/@mixed.1/@mixed.97/@mixed.3"/>
    <target href="assembly.xml#ErrorAuditStoreStep"/>
  </connections>
  <connections type="routesResponseTo" sourceAnchorX="0.5978260869565217" sourceAnchorY="1.0" targetAnchorX="0.5934065934065934" targetAnchorY="0.5135135135135135">
    <source href="assembly.xml#Call_CloseAudit"/>
    <target href="assembly.xml#Call_CloseAudit_AssignRoles"/>
  </connections>
  <connections type="routesTo" sourceAnchorX="1.0" sourceAnchorY="0.21705426356589147" targetAnchorX="0.7740384615384616" targetAnchorY="0.35135135135135137">
    <source href="assembly.xml#ErrorHandler"/>
    <target href="assembly.xml#CallAuditLog_Error"/>
  </connections>
  <connections type="routesTo">
    <source href="assembly.xml#//@beans/@mixed.1/@route.4/@subRoute.0"/>
    <target href="assembly.xml#Split_Add_Update"/>
  </connections>
  <connections type="routesTo">
    <source href="assembly.xml#//@beans/@mixed.1/@route.4/@subRoute.1"/>
    <target href="assembly.xml#Split_Inactivate"/>
  </connections>
  <connections type="routesTo">
    <source href="assembly.xml#//@beans/@mixed.1/@route.4/@subRoute.2"/>
    <target href="assembly.xml#Split_Reactivate"/>
  </connections>
  <connections type="routesTo" sourceAnchorX="1.0" sourceAnchorY="0.7058823529411765" targetAnchorX="0.09583333333333334" targetAnchorY="0.06201550387596899">
    <source href="assembly.xml#//@beans/@mixed.1/@splitter.1/@subRoute.0"/>
    <target href="assembly.xml#WrapSOAP"/>
  </connections>
  <connections type="routesTo" sourceAnchorX="0.92" sourceAnchorY="1.0" targetAnchorX="0.029166666666666667" targetAnchorY="0.3333333333333333">
    <source href="assembly.xml#//@beans/@mixed.1/@splitter.0/@subRoute.0"/>
    <target href="assembly.xml#WrapSOAP"/>
  </connections>
  <connections type="routesTo">
    <source href="assembly.xml#//@beans/@mixed.1/@splitter.2/@subRoute.0"/>
    <target href="assembly.xml#WrapSOAP"/>
  </connections>
  <connections type="routesTo" sourceAnchorX="1.0" sourceAnchorY="0.2558139534883721" targetAnchorX="0.24468085106382978" targetAnchorY="0.2868217054263566">
    <source href="assembly.xml#WrapSOAP"/>
    <target href="assembly.xml#ValidationModeOn"/>
  </connections>
  <connections type="routesTo" sourceAnchorX="0.26519337016574585" sourceAnchorY="1.0" targetAnchorX="0.993103448275862" targetAnchorY="0.07142857142857142">
    <source href="assembly.xml#//@beans/@mixed.1/@mixed.77/@mixed.3"/>
    <target href="assembly.xml#ErrorHandler"/>
  </connections>
  <connections type="routesTo" sourceAnchorX="1.0" sourceAnchorY="0.5294117647058824" targetAnchorX="0.0731070496083551" targetAnchorY="0.43410852713178294">
    <source href="assembly.xml#//@beans/@mixed.1/@route.5/@subRoute.0"/>
    <target href="assembly.xml#ErrorXSLT"/>
  </connections>
  <connections type="routesTo" sourceAnchorX="1.0" sourceAnchorY="0.4117647058823529" targetAnchorX="0.11612903225806452" targetAnchorY="0.09943181818181818">
    <source href="assembly.xml#//@beans/@mixed.1/@route.5/@subRoute.1"/>
    <target href="assembly.xml#Route00"/>
  </connections>
  <connections type="routesTo" sourceAnchorX="1.0" sourceAnchorY="0.2248062015503876" targetAnchorX="0.24" targetAnchorY="0.3696682464454976">
    <source href="assembly.xml#AddSupOrg"/>
    <target href="assembly.xml#Route10"/>
  </connections>
  <connections type="routesTo" sourceAnchorX="1.0" sourceAnchorY="0.6511627906976745" targetAnchorX="0.152" targetAnchorY="0.38388625592417064">
    <source href="assembly.xml#UpdateSupOrg"/>
    <target href="assembly.xml#Route10"/>
  </connections>
  <connections type="routesTo" sourceAnchorX="1.0" sourceAnchorY="0.17829457364341086" targetAnchorX="0.144" targetAnchorY="0.46919431279620855">
    <source href="assembly.xml#InactivateSupOrg"/>
    <target href="assembly.xml#Route10"/>
  </connections>
  <connections type="routesTo" sourceAnchorX="1.0" sourceAnchorY="0.15503875968992248" targetAnchorX="0.088" targetAnchorY="0.4312796208530806">
    <source href="assembly.xml#ReactivateSupOrg"/>
    <target href="assembly.xml#Route10"/>
  </connections>
  <connections type="routesResponseTo" sourceAnchorX="0.6649746192893401" sourceAnchorY="1.0" targetAnchorX="0.75" targetAnchorY="0.43243243243243246">
    <source href="assembly.xml#Call_AssignRoles"/>
    <target href="assembly.xml#Call_CloseAudit"/>
  </connections>
  <connections type="routesTo" sourceAnchorX="0.717948717948718" sourceAnchorY="1.0" targetAnchorX="0.16666666666666666" targetAnchorY="0.6020408163265306">
    <source href="assembly.xml#AssignRoles"/>
    <target href="assembly.xml#Copy"/>
  </connections>
  <connections type="routesTo" sourceAnchorX="1.0" sourceAnchorY="0.30612244897959184" targetAnchorX="0.1893939393939394" targetAnchorY="0.35">
    <source href="assembly.xml#Copy"/>
    <target href="assembly.xml#Splitter"/>
  </connections>
  <connections type="routesTo" sourceAnchorX="1.0" sourceAnchorY="1.0" targetAnchorX="0.07142857142857142" targetAnchorY="0.25">
    <source href="assembly.xml#//@beans/@mixed.1/@splitter.3/@subRoute.0"/>
    <target href="assembly.xml#Props"/>
  </connections>
  <connections type="routesTo" sourceAnchorX="1.0" sourceAnchorY="0.1836734693877551" targetAnchorX="0.3048780487804878" targetAnchorY="0.32432432432432434">
    <source href="assembly.xml#Props"/>
    <target href="assembly.xml#Call_UpdateAssignRole"/>
  </connections>
  <connections type="routesTo" sourceAnchorX="1.0" sourceAnchorY="0.1937984496124031" targetAnchorX="0.13690476190476192" targetAnchorY="0.24324324324324326">
    <source href="assembly.xml#ValidationModeOn0"/>
    <target href="assembly.xml#SubmitWWS_AssignRoles"/>
  </connections>
  <connections type="routesTo">
    <source href="assembly.xml#Audit_AssignRoles"/>
    <target href="assembly.xml#SubWriteAuditRowStep_AssignRoles"/>
  </connections>
  <connections type="routesTo">
    <source href="assembly.xml#SubWriteAuditRowStep_AssignRoles"/>
    <target href="assembly.xml#SubAuditAggregator_AssignRoles"/>
  </connections>
  <connections type="routesTo" sourceAnchorX="0.527027027027027" sourceAnchorY="1.0" targetAnchorX="0.4701195219123506" targetAnchorY="0.24324324324324326">
    <source href="assembly.xml#//@beans/@mixed.1/@mixed.149/@mixed.3"/>
    <target href="assembly.xml#ErrorWriteAuditRowStep_AssignRoles"/>
  </connections>
  <connections type="routesTo">
    <source href="assembly.xml#SubFinalizeLog_AssignRoles"/>
    <target href="assembly.xml#SubAuditAggregator_AssignRoles"/>
  </connections>
  <connections type="routesTo">
    <source href="assembly.xml#SubAuditAggregator_AssignRoles"/>
    <target href="assembly.xml#SubAuditStore_AssignRoles"/>
  </connections>
  <connections type="routesTo">
    <source href="assembly.xml#SubAuditStore_AssignRoles"/>
    <target href="assembly.xml#SubAuditLog_AssignRoles"/>
  </connections>
  <connections type="routesTo" sourceAnchorX="0.4519230769230769" sourceAnchorY="1.0" targetAnchorX="0.41013824884792627" targetAnchorY="0.32432432432432434">
    <source href="assembly.xml#//@beans/@mixed.1/@mixed.141/@mixed.3"/>
    <target href="assembly.xml#ErrorAuditStoreStep0"/>
  </connections>
  <connections type="routesTo" sourceAnchorX="1.0" sourceAnchorY="0.2857142857142857" targetAnchorX="0.18518518518518517" targetAnchorY="0.5675675675675675">
    <source href="assembly.xml#ValidationModeOff0"/>
    <target href="assembly.xml#Call_Aduit_Success_AssignRoles"/>
  </connections>
  <connections type="routesResponseTo" sourceAnchorX="0.6142322097378277" sourceAnchorY="1.0" targetAnchorX="0.2727272727272727" targetAnchorY="0.336734693877551">
    <source href="assembly.xml#SubmitWWS_AssignRoles"/>
    <target href="assembly.xml#ValidationModeOff0"/>
  </connections>
  <connections type="routesResponseTo" sourceAnchorX="0.7087912087912088" sourceAnchorY="1.0" targetAnchorX="0.5071428571428571" targetAnchorY="0.10810810810810811">
    <source href="assembly.xml#Call_CloseAudit_AssignRoles"/>
    <target href="assembly.xml#IntegrationWarningMessage"/>
  </connections>
  <connections type="routesTo" sourceAnchorX="0.905982905982906" sourceAnchorY="1.0" targetAnchorX="0.44621513944223107" targetAnchorY="0.21621621621621623">
    <source href="assembly.xml#//@beans/@mixed.1/@mixed.129/@mixed.3"/>
    <target href="assembly.xml#PutIntegrationMessage0"/>
  </connections>
  <connections type="routesTo" sourceAnchorX="0.5121951219512195" sourceAnchorY="1.0" targetAnchorX="0.6473429951690821" targetAnchorY="0.13953488372093023">
    <source href="assembly.xml#UpdateAssignRole"/>
    <target href="assembly.xml#MangerID_Validation"/>
  </connections>
  <connections type="routesTo" sourceAnchorX="1.0" sourceAnchorY="0.3023255813953488" targetAnchorX="0.10101010101010101" targetAnchorY="0.4496124031007752">
    <source href="assembly.xml#MangerID_Validation"/>
    <target href="assembly.xml#ValidationModeOn0"/>
  </connections>
  <connections type="routesTo" sourceAnchorX="0.6" sourceAnchorY="1.0" targetAnchorX="0.7870967741935484" targetAnchorY="0.4489795918367347">
    <source href="assembly.xml#//@beans/@mixed.1/@mixed.131/@mixed.3"/>
    <target href="assembly.xml#ErrorHandler0"/>
  </connections>
  <connections type="routesTo" sourceAnchorX="0.2513089005235602" sourceAnchorY="1.0" targetAnchorX="0.832258064516129" targetAnchorY="0.5612244897959183">
    <source href="assembly.xml#//@beans/@mixed.1/@mixed.133/@mixed.3"/>
    <target href="assembly.xml#ErrorHandler0"/>
  </connections>
  <connections type="routesTo" sourceAnchorX="1.0" sourceAnchorY="0.3163265306122449" targetAnchorX="0.6182965299684543" targetAnchorY="0.40540540540540543">
    <source href="assembly.xml#ErrorHandler0"/>
    <target href="assembly.xml#CallAuditLog_Error_AssignRoles"/>
  </connections>
  <connections type="routesTo" sourceAnchorX="0.7692307692307693" sourceAnchorY="1.0" targetAnchorX="0.37809187279151946" targetAnchorY="0.32432432432432434">
    <source href="assembly.xml#//@beans/@mixed.1/@mixed.121/@mixed.3"/>
    <target href="assembly.xml#PutIntegrationMessageCopy"/>
  </connections>
  <connections type="routesTo" sourceAnchorX="0.9669421487603306" sourceAnchorY="0.43243243243243246" targetAnchorX="0.06060606060606061" targetAnchorY="0.3783783783783784">
    <source href="assembly.xml#//@beans/@mixed.1/@mixed.175"/>
    <target href="assembly.xml#Note-Error"/>
  </connections>
  <connections type="routesResponseTo" sourceAnchorX="0.4838709677419355" sourceAnchorY="1.0" targetAnchorX="0.5939086294416244" targetAnchorY="0.6756756756756757">
    <source href="assembly.xml#Call_Aggregator"/>
    <target href="assembly.xml#Call_AssignRoles"/>
  </connections>
  <swimlanes x="40" y="40" name="Main Flow" orientation="VERTICAL">
    <elements href="assembly.xml#StartHere"/>
    <elements href="assembly.xml#Call_Initialize"/>
    <elements href="assembly.xml#Call_Retrieval"/>
    <elements href="assembly.xml#Call_GetOrgs"/>
    <elements href="assembly.xml#Call_Aggregator"/>
    <elements href="assembly.xml#Call_AssignRoles"/>
    <elements href="assembly.xml#Call_CloseAudit"/>
    <elements href="assembly.xml#Call_CloseAudit_AssignRoles"/>
    <elements href="assembly.xml#IntegrationWarningMessage"/>
  </swimlanes>
  <swimlanes x="141" y="-194" bgColor="16770263" fgColor="1" name="Initialize" orientation="VERTICAL" topBorderColor="1">
    <elements href="assembly.xml#InitializeSystem"/>
    <elements href="assembly.xml#ErrorInitSys"/>
  </swimlanes>
  <swimlanes x="331" y="40" name="Initialize Step">
    <elements href="#//@decorations.0"/>
    <elements href="assembly.xml#Initialize"/>
    <elements href="#//@swimlanes.1"/>
  </swimlanes>
  <swimlanes x="383" y="67" name="Main Process" orientation="VERTICAL" elements="//@swimlanes.2 //@swimlanes.4 //@swimlanes.9 //@swimlanes.12 //@swimlanes.28 //@swimlanes.23 //@swimlanes.33 //@swimlanes.37"/>
  <swimlanes x="400" y="436" name="Retrieval">
    <elements href="#//@decorations.1"/>
    <elements href="assembly.xml#Retrieval"/>
    <elements href="#//@swimlanes.6"/>
    <elements href="#//@swimlanes.5"/>
    <elements href="#//@swimlanes.7"/>
    <elements href="assembly.xml#RetrieveInputDocuments"/>
    <elements href="#//@decorations.2"/>
    <elements href="#//@swimlanes.8"/>
  </swimlanes>
  <swimlanes x="182" y="198" name="Retrieve Step">
    <elements href="assembly.xml#Route"/>
  </swimlanes>
  <swimlanes x="322" y="557" bgColor="12632256" name="Swimlane" orientation="VERTICAL">
    <elements href="assembly.xml#InitializeRetrievalProps"/>
    <elements href="assembly.xml#PutIntegrationMessageInitRet"/>
  </swimlanes>
  <swimlanes x="1022" y="646" name="Swimlane" orientation="VERTICAL">
    <elements href="assembly.xml#GetFiles"/>
    <elements href="assembly.xml#WriteStep"/>
  </swimlanes>
  <swimlanes x="344" y="451" name="Swimlane" orientation="VERTICAL">
    <elements href="assembly.xml#ProcessInputFile"/>
    <elements href="assembly.xml#ErrorProcessingInputFile"/>
  </swimlanes>
  <swimlanes x="346" y="866" name="Swimlane">
    <elements href="#//@decorations.3"/>
    <elements href="assembly.xml#GetOrgs"/>
    <elements href="#//@swimlanes.10"/>
    <elements href="assembly.xml#PagedGet"/>
    <elements href="#//@decorations.4"/>
    <elements href="#//@swimlanes.11"/>
  </swimlanes>
  <swimlanes x="47" y="881" name="Write Get Sup Orgs with Error Handling" orientation="VERTICAL" alignment="MIDDLE" labelAlignment="LEFT">
    <elements href="assembly.xml#WriteGetOrgs"/>
    <elements href="assembly.xml#ErrorGetSupOrgs"/>
  </swimlanes>
  <swimlanes x="297" y="1243" name="Transform Get Orgs XSLT" orientation="VERTICAL" alignment="MIDDLE" labelAlignment="LEFT">
    <elements href="assembly.xml#Transformation"/>
    <elements href="assembly.xml#PutIntegrationMessageSplitSupOrgs"/>
  </swimlanes>
  <swimlanes x="348" y="1212" name="Stacker">
    <elements href="assembly.xml#Aggregator"/>
    <elements href="#//@swimlanes.13"/>
    <elements href="assembly.xml#Stacker.Route"/>
    <elements href="#//@swimlanes.14"/>
    <elements href="#//@decorations.5"/>
    <elements href="#//@swimlanes.27"/>
    <elements href="assembly.xml#Route0"/>
    <elements href="#//@decorations.6"/>
    <elements href="#//@swimlanes.15"/>
    <elements href="assembly.xml#Route10"/>
    <elements href="#//@swimlanes.26"/>
  </swimlanes>
  <swimlanes x="100" y="1313" bgColor="12632256" name="Swimlane" orientation="VERTICAL">
    <elements href="assembly.xml#Error.Handler"/>
    <elements href="assembly.xml#PIMProcessInputs"/>
  </swimlanes>
  <swimlanes x="220" y="1347" bgColor="12632256" name="Swimlane" orientation="VERTICAL">
    <elements href="assembly.xml#File.Input.Data"/>
    <elements href="assembly.xml#Tenant.Data"/>
    <elements href="assembly.xml#PutIntegrationMessage"/>
  </swimlanes>
  <swimlanes x="364" y="1724" name="Routes" orientation="VERTICAL">
    <elements href="assembly.xml#AddSupOrg"/>
    <elements href="assembly.xml#UpdateSupOrg"/>
    <elements href="assembly.xml#InactivateSupOrg"/>
    <elements href="assembly.xml#ReactivateSupOrg"/>
    <elements href="assembly.xml#ErrorCreatingXSLT"/>
  </swimlanes>
  <swimlanes x="408" y="2299" name="Process Records" elements="//@swimlanes.18 //@swimlanes.19"/>
  <swimlanes name="Swimlane" orientation="VERTICAL" alignment="MIDDLE">
    <elements href="assembly.xml#WrapSOAP"/>
    <elements href="assembly.xml#ErrorHandler"/>
    <elements href="assembly.xml#CallAuditLog_Error"/>
  </swimlanes>
  <swimlanes x="54" y="2398" name="Error log" orientation="VERTICAL" alignment="MIDDLE">
    <elements href="assembly.xml#ErrorXSLT"/>
    <elements href="assembly.xml#PutIntegrationMessage3"/>
  </swimlanes>
  <swimlanes y="2319" name="Swimlane" orientation="VERTICAL" alignment="MIDDLE">
    <elements href="assembly.xml#SubErrorAuditLog"/>
  </swimlanes>
  <swimlanes name="Process" orientation="VERTICAL">
    <elements href="assembly.xml#SubWriteAuditRowStep"/>
    <elements href="assembly.xml#ErrorWriteAuditRowStep"/>
  </swimlanes>
  <swimlanes bgColor="14671839" fgColor="12632256" name="Component" orientation="VERTICAL" alignment="MIDDLE" topBorderColor="12632256">
    <elements href="assembly.xml#SubFinalizeLog"/>
    <elements href="assembly.xml#SubAuditAggregator"/>
  </swimlanes>
  <swimlanes name="Process" orientation="VERTICAL">
    <elements href="assembly.xml#SubAuditStore"/>
    <elements href="assembly.xml#ErrorAuditStoreStep"/>
  </swimlanes>
  <swimlanes x="97" y="2977" bgColor="16744576" fgColor="8454143" name="Create Audit Record and Aggregate to Audit Log _ Organizations" topBorderColor="8454143">
    <elements href="assembly.xml#Audit"/>
    <elements href="#//@swimlanes.20"/>
    <elements href="#//@swimlanes.21"/>
    <elements href="#//@swimlanes.22"/>
    <elements href="assembly.xml#SubAuditLog"/>
  </swimlanes>
  <swimlanes x="2136" y="1534" name="ProcessWWS">
    <elements href="assembly.xml#Route00"/>
    <elements href="#//@swimlanes.25"/>
    <elements href="#//@swimlanes.17"/>
    <elements href="assembly.xml#ValidationModeOn"/>
    <elements href="assembly.xml#SubmitWWS"/>
    <elements href="assembly.xml#ValidationModeOff"/>
    <elements href="assembly.xml#Call_Aduit_Success"/>
  </swimlanes>
  <swimlanes x="2433" y="1520" name="Splitter Route" orientation="VERTICAL">
    <elements href="assembly.xml#Split_Add_Update"/>
    <elements href="assembly.xml#Split_Inactivate"/>
    <elements href="assembly.xml#Split_Reactivate"/>
  </swimlanes>
  <swimlanes x="2117" y="1574" name="Swimlane" orientation="VERTICAL" elements="//@swimlanes.16 //@swimlanes.24"/>
  <swimlanes x="1335" y="1382" name="Swimlane" orientation="VERTICAL">
    <elements href="assembly.xml#StackerAggregator"/>
  </swimlanes>
  <swimlanes x="473" y="2436" name="Assign Manager">
    <elements href="#//@decorations.7"/>
    <elements href="assembly.xml#AssignRoles"/>
    <elements href="#//@swimlanes.36"/>
    <elements href="assembly.xml#Splitter"/>
    <elements href="#//@swimlanes.34"/>
    <elements href="assembly.xml#Call_UpdateAssignRole"/>
    <elements href="#//@swimlanes.29"/>
    <elements href="#//@swimlanes.35"/>
    <elements href="assembly.xml#SubmitWWS_AssignRoles"/>
    <elements href="assembly.xml#ValidationModeOff0"/>
    <elements href="assembly.xml#Call_Aduit_Success_AssignRoles"/>
  </swimlanes>
  <swimlanes x="983" y="2604" name="Swimlane" orientation="VERTICAL">
    <elements href="assembly.xml#UpdateAssignRole"/>
    <elements href="assembly.xml#MangerID_Validation"/>
    <elements href="assembly.xml#ErrorHandler0"/>
    <elements href="assembly.xml#CallAuditLog_Error_AssignRoles"/>
  </swimlanes>
  <swimlanes name="Process" orientation="VERTICAL">
    <elements href="assembly.xml#SubWriteAuditRowStep_AssignRoles"/>
    <elements href="assembly.xml#ErrorWriteAuditRowStep_AssignRoles"/>
  </swimlanes>
  <swimlanes bgColor="14671839" fgColor="12632256" name="Component" orientation="VERTICAL" alignment="MIDDLE" topBorderColor="12632256">
    <elements href="assembly.xml#SubFinalizeLog_AssignRoles"/>
    <elements href="assembly.xml#SubAuditAggregator_AssignRoles"/>
  </swimlanes>
  <swimlanes name="Process" orientation="VERTICAL">
    <elements href="assembly.xml#SubAuditStore_AssignRoles"/>
    <elements href="assembly.xml#ErrorAuditStoreStep0"/>
  </swimlanes>
  <swimlanes x="246" y="2864" bgColor="16744576" fgColor="8454143" name="Create Audit Record and Aggregate to Audit Log _ Assign Roles" topBorderColor="8454143">
    <elements href="assembly.xml#Audit_AssignRoles"/>
    <elements href="#//@swimlanes.30"/>
    <elements href="#//@swimlanes.31"/>
    <elements href="#//@swimlanes.32"/>
    <elements href="assembly.xml#SubAuditLog_AssignRoles"/>
  </swimlanes>
  <swimlanes x="857" y="2621" name="Swimlane" orientation="VERTICAL">
    <elements href="assembly.xml#Props"/>
    <elements href="assembly.xml#PutIntegrationMessage0"/>
  </swimlanes>
  <swimlanes x="1836" y="2626" name="Swimlane" orientation="VERTICAL">
    <elements href="assembly.xml#ValidationModeOn0"/>
  </swimlanes>
  <swimlanes x="705" y="2573" name="Swimlane" orientation="VERTICAL">
    <elements href="assembly.xml#Copy"/>
    <elements href="assembly.xml#PutIntegrationMessageCopy"/>
  </swimlanes>
  <swimlanes x="477" y="3657" name="Global Error Handler">
    <elements href="assembly.xml#//@beans/@mixed.1/@mixed.175"/>
    <elements href="assembly.xml#Note-Error"/>
  </swimlanes>
</wdnm:Diagram>
