<?xml version="1.0" encoding="UTF-8"?>
<wdnm:Diagram xmlns:wdnm="http://workday.com/studio/editors/notation">
  <element href="assembly.xml#WorkdayAssembly"/>
  <visualProperties x="160" y="151">
    <element href="assembly.xml#StartHere"/>
  </visualProperties>
  <visualProperties x="68" y="277">
    <element href="assembly.xml#ProcessCustInv"/>
  </visualProperties>
  <visualProperties x="183" y="279">
    <element href="assembly.xml#PrepInv"/>
  </visualProperties>
  <visualProperties x="603" y="284">
    <element href="assembly.xml#ReportResponse"/>
  </visualProperties>
  <visualProperties x="-5" y="618">
    <element href="assembly.xml#PrepSendInv"/>
  </visualProperties>
  <visualProperties x="55" y="522">
    <element href="assembly.xml#SendInv"/>
  </visualProperties>
  <visualProperties x="981" y="582">
    <element href="assembly.xml#UploadInvHTTP"/>
  </visualProperties>
  <visualProperties x="959" y="566">
    <element href="assembly.xml#SendInvRes"/>
  </visualProperties>
  <visualProperties>
    <element href="assembly.xml#GetPDF"/>
  </visualProperties>
  <visualProperties>
    <element href="assembly.xml#getPDFBase64"/>
  </visualProperties>
  <visualProperties>
    <element href="assembly.xml#GetPDFHTTP"/>
  </visualProperties>
  <visualProperties>
    <element href="assembly.xml#checkPDFfileResponse"/>
  </visualProperties>
  <visualProperties x="717" y="100">
    <element href="assembly.xml#InitProcess"/>
  </visualProperties>
  <visualProperties x="832" y="136">
    <element href="assembly.xml#initProcess"/>
  </visualProperties>
  <visualProperties x="200" y="88">
    <element href="assembly.xml#CallInitProcess"/>
  </visualProperties>
  <visualProperties x="346" y="78">
    <element href="assembly.xml#CallMainProcess"/>
  </visualProperties>
  <visualProperties x="1405" y="875">
    <element href="assembly.xml#retrieveAttach"/>
  </visualProperties>
  <visualProperties x="1409" y="749">
    <element href="assembly.xml#SplitAttachmentData"/>
  </visualProperties>
  <visualProperties x="1614" y="749">
    <element href="assembly.xml#AttachmentResponse"/>
  </visualProperties>
  <visualProperties x="1563" y="892">
    <element href="assembly.xml#AsyncMediation"/>
  </visualProperties>
  <visualProperties x="1299" y="636">
    <element href="assembly.xml#CallSendInv"/>
  </visualProperties>
  <visualProperties x="904" y="1252">
    <element href="assembly.xml#HTTPDegugOn"/>
  </visualProperties>
  <visualProperties x="299" y="978">
    <element href="assembly.xml#HTTPDegugOff"/>
  </visualProperties>
  <visualProperties x="2212" y="1077">
    <element href="assembly.xml#ProcessContractAttachmentData"/>
  </visualProperties>
  <visualProperties x="1659" y="1263">
    <element href="assembly.xml#AsyncValidate"/>
  </visualProperties>
  <visualProperties>
    <element href="assembly.xml#wrapUpProcessing"/>
  </visualProperties>
  <visualProperties>
    <element href="assembly.xml#BlankMsg"/>
  </visualProperties>
  <visualProperties>
    <element href="assembly.xml#PostAuditFiles"/>
  </visualProperties>
  <visualProperties>
    <element href="assembly.xml#PostLogFile"/>
  </visualProperties>
  <visualProperties>
    <element href="assembly.xml#resetwrapUp"/>
  </visualProperties>
  <visualProperties>
    <element href="assembly.xml#AddToMsgAudit"/>
  </visualProperties>
  <visualProperties>
    <element href="assembly.xml#MsgAuditZipAgg"/>
  </visualProperties>
  <visualProperties>
    <element href="assembly.xml#StoreMessagesAudit"/>
  </visualProperties>
  <visualProperties>
    <element href="assembly.xml#StoreAuditFiles"/>
  </visualProperties>
  <visualProperties>
    <element href="assembly.xml#LogFile"/>
  </visualProperties>
  <visualProperties>
    <element href="assembly.xml#AggSuccesses"/>
  </visualProperties>
  <visualProperties>
    <element href="assembly.xml#StoreSuccessFile"/>
  </visualProperties>
  <visualProperties>
    <element href="assembly.xml#AttachSuccessFile"/>
  </visualProperties>
  <visualProperties x="36" y="963">
    <element href="assembly.xml#//@beans/@mixed.1/@mixed.79"/>
  </visualProperties>
  <visualProperties x="299" y="963">
    <element href="assembly.xml#Note-Error"/>
  </visualProperties>
  <visualProperties x="1240" y="1557">
    <element href="assembly.xml#ErrorHandler"/>
  </visualProperties>
  <visualProperties>
    <element href="assembly.xml#UpdInvObj"/>
  </visualProperties>
  <visualProperties>
    <element href="assembly.xml#AsyncMediation0"/>
  </visualProperties>
  <visualProperties>
    <element href="assembly.xml#prepCustInvAdj"/>
  </visualProperties>
  <visualProperties>
    <element href="assembly.xml#prepCustInv"/>
  </visualProperties>
  <visualProperties>
    <element href="assembly.xml#PrepUpd"/>
  </visualProperties>
  <visualProperties>
    <element href="assembly.xml#ResOut-UpdInv"/>
  </visualProperties>
  <visualProperties x="1873" y="1936">
    <element href="assembly.xml#UpdInvFailed"/>
  </visualProperties>
  <visualProperties x="2039" y="1936">
    <element href="assembly.xml#PutUpdInvFailed"/>
  </visualProperties>
  <visualProperties>
    <element href="assembly.xml#MainProcess"/>
  </visualProperties>
  <visualProperties>
    <element href="assembly.xml#getInvbyInvoice"/>
  </visualProperties>
  <visualProperties>
    <element href="assembly.xml#AsyncMediation1"/>
  </visualProperties>
  <visualProperties>
    <element href="assembly.xml#AuditGetInvList"/>
  </visualProperties>
  <visualProperties>
    <element href="assembly.xml#HttpOutCodes"/>
  </visualProperties>
  <visualProperties>
    <element href="assembly.xml#AuditGetInvResp"/>
  </visualProperties>
  <visualProperties>
    <element href="assembly.xml#ValidateCC"/>
  </visualProperties>
  <visualProperties>
    <element href="assembly.xml#CallProcessInvList"/>
  </visualProperties>
  <visualProperties>
    <element href="assembly.xml#PutEmptyInvListMsg"/>
  </visualProperties>
  <visualProperties x="2470" y="502">
    <element href="assembly.xml#PutgetInvListError"/>
  </visualProperties>
  <visualProperties>
    <element href="assembly.xml#processInvoiceList"/>
  </visualProperties>
  <visualProperties>
    <element href="assembly.xml#init4Loop"/>
  </visualProperties>
  <visualProperties>
    <element href="assembly.xml#Splitter"/>
  </visualProperties>
  <visualProperties>
    <element href="assembly.xml#processInv"/>
  </visualProperties>
  <visualProperties>
    <element href="assembly.xml#CallProcessCustInv"/>
  </visualProperties>
  <visualProperties x="533" y="638">
    <element href="assembly.xml#WorkdayOutRest"/>
  </visualProperties>
  <visualProperties x="1089" y="600">
    <element href="assembly.xml#CallGetPDF"/>
  </visualProperties>
  <visualProperties x="2073" y="753">
    <element href="assembly.xml#CallRetreiveAttachments"/>
  </visualProperties>
  <visualProperties x="1325" y="2360">
    <element href="assembly.xml#CallPostError"/>
  </visualProperties>
  <visualProperties x="2305" y="2368">
    <element href="assembly.xml#CallCoupError"/>
  </visualProperties>
  <visualProperties x="2528" y="2335">
    <element href="assembly.xml#CallUpdObj"/>
  </visualProperties>
  <visualProperties x="1488" y="1547">
    <element href="assembly.xml#CallPDFError"/>
  </visualProperties>
  <visualProperties x="1041">
    <element href="assembly.xml#PutInvToProcess"/>
  </visualProperties>
  <visualProperties x="2029" y="1238">
    <element href="assembly.xml#AsyncMediation2"/>
  </visualProperties>
  <visualProperties x="2802" y="2019">
    <element href="assembly.xml#CallUpdSuccess"/>
  </visualProperties>
  <visualProperties x="3264" y="2284">
    <element href="assembly.xml#PutStsMsgWithLink"/>
  </visualProperties>
  <visualProperties x="565" y="83">
    <element href="assembly.xml#CallWrapup"/>
  </visualProperties>
  <visualProperties x="3041" y="2328">
    <element href="assembly.xml#AsyncMediation3"/>
  </visualProperties>
  <visualProperties x="1428" y="742">
    <element href="assembly.xml#CallGetInvError"/>
  </visualProperties>
  <visualProperties x="1213" y="1215">
    <element href="assembly.xml#CallAttError"/>
  </visualProperties>
  <visualProperties x="3065" y="2188">
    <element href="assembly.xml#AddToLog"/>
  </visualProperties>
  <visualProperties x="3018" y="2361">
    <element href="assembly.xml#AsyncMediation4"/>
  </visualProperties>
  <visualProperties x="2102" y="1920">
    <element href="assembly.xml#AuditCoupaReq"/>
  </visualProperties>
  <visualProperties x="2090" y="1940">
    <element href="assembly.xml#AuditCoupaRes"/>
  </visualProperties>
  <visualProperties x="971" y="1053">
    <element href="assembly.xml#PutFinalMsg"/>
  </visualProperties>
  <visualProperties x="3145" y="2608">
    <element href="assembly.xml#PutStsMsgWithoutLinks"/>
  </visualProperties>
  <visualProperties x="2352" y="636">
    <element href="assembly.xml#CallDataError"/>
  </visualProperties>
  <connections type="routesTo" sourceAnchorX="1.0" sourceAnchorY="0.4864864864864865" targetAnchorX="0.4177215189873418" targetAnchorY="0.8378378378378378">
    <source href="assembly.xml#StartHere"/>
    <target href="assembly.xml#CallInitProcess"/>
  </connections>
  <connections type="routesTo" sourceAnchorX="1.0" sourceAnchorY="0.6216216216216216" targetAnchorX="0.3464566929133858" targetAnchorY="0.2717391304347826">
    <source href="assembly.xml#ProcessCustInv"/>
    <target href="assembly.xml#PrepInv"/>
  </connections>
  <connections type="routesTo" sourceAnchorX="0.6166666666666667" sourceAnchorY="1.0" targetAnchorX="0.03247863247863248" targetAnchorY="0.12598425196850394">
    <source href="assembly.xml#SendInv"/>
    <target href="assembly.xml#PrepSendInv"/>
  </connections>
  <connections type="routesTo" sourceAnchorX="0.8263473053892215" sourceAnchorY="1.0" targetAnchorX="0.24324324324324326" targetAnchorY="0.19148936170212766">
    <source href="assembly.xml#GetPDF"/>
    <target href="assembly.xml#getPDFBase64"/>
  </connections>
  <connections type="routesTo" sourceAnchorX="1.0" sourceAnchorY="0.232" targetAnchorX="0.3333333333333333" targetAnchorY="0.30985915492957744">
    <source href="assembly.xml#getPDFBase64"/>
    <target href="assembly.xml#GetPDFHTTP"/>
  </connections>
  <connections type="routesResponseTo" sourceAnchorX="0.6590909090909091" sourceAnchorY="1.0" targetAnchorX="0.25806451612903225" targetAnchorY="0.1276595744680851">
    <source href="assembly.xml#GetPDFHTTP"/>
    <target href="assembly.xml#checkPDFfileResponse"/>
  </connections>
  <connections type="routesTo" sourceAnchorX="0.8461538461538461" sourceAnchorY="1.0" targetAnchorX="0.4956521739130435" targetAnchorY="0.1875">
    <source href="assembly.xml#InitProcess"/>
    <target href="assembly.xml#initProcess"/>
  </connections>
  <connections type="routesTo" sourceAnchorX="0.34234234234234234" sourceAnchorY="1.0" targetAnchorX="0.5882352941176471" targetAnchorY="0.4594594594594595">
    <source href="assembly.xml#//@beans/@mixed.1/@mixed.21/@mixed.3"/>
    <target href="assembly.xml#CallPDFError"/>
  </connections>
  <connections type="routesTo" sourceAnchorX="0.910958904109589" sourceAnchorY="1.0" targetAnchorX="0.1888111888111888" targetAnchorY="0.14583333333333334">
    <source href="assembly.xml#retrieveAttach"/>
    <target href="assembly.xml#AsyncMediation"/>
  </connections>
  <connections type="routesTo" sourceAnchorX="1.0" sourceAnchorY="0.3020833333333333" targetAnchorX="0.3142857142857143" targetAnchorY="0.0975609756097561">
    <source href="assembly.xml#AsyncMediation"/>
    <target href="assembly.xml#SplitAttachmentData"/>
  </connections>
  <connections type="routesTo" sourceAnchorX="1.0" sourceAnchorY="0.2916666666666667" targetAnchorX="0.5275590551181102" targetAnchorY="0.5135135135135135">
    <source href="assembly.xml#HTTPDegugOn"/>
    <target href="assembly.xml#AuditCoupaReq"/>
  </connections>
  <connections type="routesTo" sourceAnchorX="1.0" sourceAnchorY="0.23958333333333334" targetAnchorX="0.26732673267326734" targetAnchorY="0.23958333333333334">
    <source href="assembly.xml#HTTPDegugOff"/>
    <target href="assembly.xml#SendInvRes"/>
  </connections>
  <connections type="routesTo" sourceAnchorX="0.5740740740740741" sourceAnchorY="1.0" targetAnchorX="0.1127348643006263" targetAnchorY="0.17708333333333334">
    <source href="assembly.xml#//@beans/@mixed.1/@splitter.0/@subRoute.0"/>
    <target href="assembly.xml#ProcessContractAttachmentData"/>
  </connections>
  <connections type="routesTo" sourceAnchorX="0.46555323590814196" sourceAnchorY="1.0" targetAnchorX="0.22894168466522677" targetAnchorY="0.10236220472440945">
    <source href="assembly.xml#ProcessContractAttachmentData"/>
    <target href="assembly.xml#AttachmentResponse"/>
  </connections>
  <connections type="routesTo" sourceAnchorX="1.0" sourceAnchorY="0.2440944881889764" targetAnchorX="0.4105960264900662" targetAnchorY="0.09782608695652174">
    <source href="assembly.xml#SendInvRes"/>
    <target href="assembly.xml#AsyncValidate"/>
  </connections>
  <connections type="routesTo" sourceAnchorX="1.0" sourceAnchorY="0.32608695652173914" targetAnchorX="0.5253164556962026" targetAnchorY="0.5675675675675675">
    <source href="assembly.xml#AsyncValidate"/>
    <target href="assembly.xml#CallUpdSuccess"/>
  </connections>
  <connections type="routesTo" sourceAnchorX="0.6041666666666666" sourceAnchorY="1.0" targetAnchorX="0.5490196078431373" targetAnchorY="0.7027027027027027">
    <source href="assembly.xml#//@beans/@mixed.1/@mixed.49/@mixed.3"/>
    <target href="assembly.xml#CallCoupError"/>
  </connections>
  <connections type="routesTo" sourceAnchorX="1.0" sourceAnchorY="0.24324324324324326" targetAnchorX="0.5471698113207547" targetAnchorY="0.14583333333333334">
    <source href="assembly.xml#wrapUpProcessing"/>
    <target href="assembly.xml#BlankMsg"/>
  </connections>
  <connections type="routesTo" sourceAnchorX="1.0" sourceAnchorY="0.1875" targetAnchorX="0.3333333333333333" targetAnchorY="0.4864864864864865">
    <source href="assembly.xml#BlankMsg"/>
    <target href="assembly.xml#PostAuditFiles"/>
  </connections>
  <connections type="routesResponseTo" sourceAnchorX="1.0" sourceAnchorY="0.4864864864864865" targetAnchorX="0.47023809523809523" targetAnchorY="0.5405405405405406">
    <source href="assembly.xml#PostAuditFiles"/>
    <target href="assembly.xml#PostLogFile"/>
  </connections>
  <connections type="routesResponseTo" sourceAnchorX="0.7619047619047619" sourceAnchorY="1.0" targetAnchorX="0.44" targetAnchorY="0.28125">
    <source href="assembly.xml#PostLogFile"/>
    <target href="assembly.xml#resetwrapUp"/>
  </connections>
  <connections type="routesTo" sourceAnchorX="1.0" sourceAnchorY="0.5405405405405406" targetAnchorX="0.5172413793103449" targetAnchorY="0.2169811320754717">
    <source href="assembly.xml#AddToMsgAudit"/>
    <target href="assembly.xml#MsgAuditZipAgg"/>
  </connections>
  <connections type="routesTo" sourceAnchorX="1.0" sourceAnchorY="0.14150943396226415" targetAnchorX="0.1896551724137931" targetAnchorY="0.15625">
    <source href="assembly.xml#MsgAuditZipAgg"/>
    <target href="assembly.xml#StoreMessagesAudit"/>
  </connections>
  <connections type="routesTo" sourceAnchorX="1.0" sourceAnchorY="0.17708333333333334" targetAnchorX="0.4838709677419355" targetAnchorY="0.4594594594594595">
    <source href="assembly.xml#StoreMessagesAudit"/>
    <target href="assembly.xml#StoreAuditFiles"/>
  </connections>
  <connections type="routesTo" sourceAnchorX="1.0" sourceAnchorY="0.3783783783783784" targetAnchorX="0.6231884057971014" targetAnchorY="0.5135135135135135">
    <source href="assembly.xml#LogFile"/>
    <target href="assembly.xml#AggSuccesses"/>
  </connections>
  <connections type="routesTo" sourceAnchorX="1.0" sourceAnchorY="0.12264150943396226" targetAnchorX="0.1962025316455696" targetAnchorY="0.13541666666666666">
    <source href="assembly.xml#AggSuccesses"/>
    <target href="assembly.xml#StoreSuccessFile"/>
  </connections>
  <connections type="routesTo" sourceAnchorX="1.0" sourceAnchorY="0.16666666666666666" targetAnchorX="0.3416149068322981" targetAnchorY="0.5945945945945946">
    <source href="assembly.xml#StoreSuccessFile"/>
    <target href="assembly.xml#AttachSuccessFile"/>
  </connections>
  <connections type="routesTo" sourceAnchorX="0.9669421487603306" sourceAnchorY="0.43243243243243246" targetAnchorX="0.06060606060606061" targetAnchorY="0.3783783783783784">
    <source href="assembly.xml#//@beans/@mixed.1/@mixed.79"/>
    <target href="assembly.xml#Note-Error"/>
  </connections>
  <connections type="routesTo" sourceAnchorX="0.823943661971831" sourceAnchorY="1.0" targetAnchorX="0.5664335664335665" targetAnchorY="0.20652173913043478">
    <source href="assembly.xml#UpdInvObj"/>
    <target href="assembly.xml#AsyncMediation0"/>
  </connections>
  <connections type="routesTo" sourceAnchorX="1.0" sourceAnchorY="0.2717391304347826" targetAnchorX="0.2714285714285714" targetAnchorY="0.23958333333333334">
    <source href="assembly.xml#AsyncMediation0"/>
    <target href="assembly.xml#prepCustInvAdj"/>
  </connections>
  <connections type="routesTo" sourceAnchorX="1.0" sourceAnchorY="0.23958333333333334" targetAnchorX="0.3270440251572327" targetAnchorY="0.22916666666666666">
    <source href="assembly.xml#prepCustInvAdj"/>
    <target href="assembly.xml#prepCustInv"/>
  </connections>
  <connections type="routesTo" sourceAnchorX="1.0" sourceAnchorY="0.25" targetAnchorX="0.2849162011173184" targetAnchorY="0.21875">
    <source href="assembly.xml#prepCustInv"/>
    <target href="assembly.xml#PrepUpd"/>
  </connections>
  <connections type="routesTo" sourceAnchorX="1.0" sourceAnchorY="0.18110236220472442" targetAnchorX="0.5493827160493827" targetAnchorY="0.6216216216216216">
    <source href="assembly.xml#PrepUpd"/>
    <target href="assembly.xml#ResOut-UpdInv"/>
  </connections>
  <connections type="routesTo" sourceAnchorX="0.0" sourceAnchorY="0.19791666666666666" targetAnchorX="0.08982035928143713" targetAnchorY="0.24324324324324326">
    <source href="assembly.xml#UpdInvFailed"/>
    <target href="assembly.xml#PutUpdInvFailed"/>
  </connections>
  <connections type="routesTo" sourceAnchorX="0.6347826086956522" sourceAnchorY="1.0" targetAnchorX="0.5615384615384615" targetAnchorY="0.1875">
    <source href="assembly.xml#//@beans/@mixed.1/@mixed.85/@mixed.3"/>
    <target href="assembly.xml#UpdInvFailed"/>
  </connections>
  <connections type="routesTo" sourceAnchorX="1.0" sourceAnchorY="0.2440944881889764" targetAnchorX="0.3509933774834437" targetAnchorY="0.25">
    <source href="assembly.xml#getInvbyInvoice"/>
    <target href="assembly.xml#AsyncMediation1"/>
  </connections>
  <connections type="routesTo" sourceAnchorX="1.0" sourceAnchorY="0.29347826086956524" targetAnchorX="0.24183006535947713" targetAnchorY="0.7027027027027027">
    <source href="assembly.xml#AsyncMediation1"/>
    <target href="assembly.xml#AuditGetInvList"/>
  </connections>
  <connections type="routesResponseTo" sourceAnchorX="0.8571428571428571" sourceAnchorY="1.0" targetAnchorX="0.5046728971962616" targetAnchorY="0.21621621621621623">
    <source href="assembly.xml#AuditGetInvList"/>
    <target href="assembly.xml#HttpOutCodes"/>
  </connections>
  <connections type="routesResponseTo" sourceAnchorX="0.5327102803738317" sourceAnchorY="1.0" targetAnchorX="0.21621621621621623" targetAnchorY="0.35135135135135137">
    <source href="assembly.xml#HttpOutCodes"/>
    <target href="assembly.xml#AuditGetInvResp"/>
  </connections>
  <connections type="routesResponseTo" sourceAnchorX="0.5342465753424658" sourceAnchorY="1.0" targetAnchorX="0.16455696202531644" targetAnchorY="0.06299212598425197">
    <source href="assembly.xml#AuditGetInvResp"/>
    <target href="assembly.xml#ValidateCC"/>
  </connections>
  <connections type="routesTo" sourceAnchorX="0.8260869565217391" sourceAnchorY="1.0" targetAnchorX="0.2631578947368421" targetAnchorY="0.16216216216216217">
    <source href="assembly.xml#//@beans/@mixed.1/@mixed.103/@mixed.3"/>
    <target href="assembly.xml#PutEmptyInvListMsg"/>
  </connections>
  <connections type="routesTo" sourceAnchorX="0.4791666666666667" sourceAnchorY="1.0" targetAnchorX="0.4393063583815029" targetAnchorY="0.24324324324324326">
    <source href="assembly.xml#//@beans/@mixed.1/@mixed.111/@mixed.3"/>
    <target href="assembly.xml#PutgetInvListError"/>
  </connections>
  <connections type="routesTo" sourceAnchorX="0.7303370786516854" sourceAnchorY="1.0" targetAnchorX="0.35" targetAnchorY="0.19791666666666666">
    <source href="assembly.xml#processInvoiceList"/>
    <target href="assembly.xml#init4Loop"/>
  </connections>
  <connections type="routesTo" sourceAnchorX="1.0" sourceAnchorY="0.19791666666666666" targetAnchorX="0.39316239316239315" targetAnchorY="0.08227848101265822">
    <source href="assembly.xml#init4Loop"/>
    <target href="assembly.xml#Splitter"/>
  </connections>
  <connections type="routesTo" sourceAnchorX="0.7307692307692307" sourceAnchorY="1.0" targetAnchorX="0.6194690265486725" targetAnchorY="0.43478260869565216">
    <source href="assembly.xml#//@beans/@mixed.1/@splitter.1/@subRoute.0"/>
    <target href="assembly.xml#processInv"/>
  </connections>
  <connections type="routesTo" sourceAnchorX="0.0" sourceAnchorY="0.28125" targetAnchorX="0.4530386740331492" targetAnchorY="0.43243243243243246">
    <source href="assembly.xml#processInv"/>
    <target href="assembly.xml#PutInvToProcess"/>
  </connections>
  <connections type="routesTo" sourceAnchorX="1.0" sourceAnchorY="0.2604166666666667" targetAnchorX="0.4294117647058823" targetAnchorY="0.4594594594594595">
    <source href="assembly.xml#PrepInv"/>
    <target href="assembly.xml#WorkdayOutRest"/>
  </connections>
  <connections type="routesResponseTo" sourceAnchorX="0.8470588235294118" sourceAnchorY="1.0" targetAnchorX="0.2328767123287671" targetAnchorY="0.06299212598425197">
    <source href="assembly.xml#WorkdayOutRest"/>
    <target href="assembly.xml#ReportResponse"/>
  </connections>
  <connections type="routesTo" sourceAnchorX="0.7428571428571429" sourceAnchorY="1.0" targetAnchorX="0.5522388059701493" targetAnchorY="0.2608695652173913">
    <source href="assembly.xml#ErrorHandler"/>
    <target href="assembly.xml#AsyncMediation4"/>
  </connections>
  <connections type="routesResponseTo" sourceAnchorX="0.6838709677419355" sourceAnchorY="1.0" targetAnchorX="0.40718562874251496" targetAnchorY="0.4864864864864865">
    <source href="assembly.xml#CallInitProcess"/>
    <target href="assembly.xml#CallMainProcess"/>
  </connections>
  <connections type="routesTo" sourceAnchorX="1.0" sourceAnchorY="0.1889763779527559" targetAnchorX="0.38764044943820225" targetAnchorY="0.5135135135135135">
    <source href="assembly.xml#ValidateCC"/>
    <target href="assembly.xml#CallProcessInvList"/>
  </connections>
  <connections type="routesTo" sourceAnchorX="1.0" sourceAnchorY="0.3125" targetAnchorX="0.2706422018348624" targetAnchorY="0.5405405405405406">
    <source href="assembly.xml#ReportResponse"/>
    <target href="assembly.xml#CallRetreiveAttachments"/>
  </connections>
  <connections type="routesResponseTo" sourceAnchorX="0.5454545454545454" sourceAnchorY="1.0" targetAnchorX="0.5111111111111111" targetAnchorY="0.43243243243243246">
    <source href="assembly.xml#CallRetreiveAttachments"/>
    <target href="assembly.xml#CallGetPDF"/>
  </connections>
  <connections type="routesTo" sourceAnchorX="0.6267605633802817" sourceAnchorY="1.0" targetAnchorX="0.6642857142857143" targetAnchorY="0.13541666666666666">
    <source href="assembly.xml#MainProcess"/>
    <target href="assembly.xml#getInvbyInvoice"/>
  </connections>
  <connections type="routesTo" sourceAnchorX="1.0" sourceAnchorY="0.14960629921259844" targetAnchorX="0.4965034965034965" targetAnchorY="0.17708333333333334">
    <source href="assembly.xml#PrepSendInv"/>
    <target href="assembly.xml#HTTPDegugOn"/>
  </connections>
  <connections type="routesTo" sourceAnchorX="0.428927680798005" sourceAnchorY="1.0" targetAnchorX="0.5974025974025974" targetAnchorY="0.32432432432432434">
    <source href="assembly.xml#//@beans/@mixed.1/@mixed.9/@mixed.3"/>
    <target href="assembly.xml#CallPostError"/>
  </connections>
  <connections type="routesResponseTo" sourceAnchorX="0.7862595419847328" sourceAnchorY="1.0" targetAnchorX="0.3708609271523179" targetAnchorY="0.15217391304347827">
    <source href="assembly.xml#CallUpdObj"/>
    <target href="assembly.xml#AsyncMediation3"/>
  </connections>
  <connections type="routesResponseTo" sourceAnchorX="0.8397790055248618" sourceAnchorY="1.0" targetAnchorX="0.15053763440860216" targetAnchorY="0.7027027027027027">
    <source href="assembly.xml#PutInvToProcess"/>
    <target href="assembly.xml#CallProcessCustInv"/>
  </connections>
  <connections type="routesResponseTo" sourceAnchorX="0.7333333333333333" sourceAnchorY="1.0" targetAnchorX="0.17164179104477612" targetAnchorY="0.5675675675675675">
    <source href="assembly.xml#CallGetPDF"/>
    <target href="assembly.xml#CallSendInv"/>
  </connections>
  <connections type="routesResponseTo" sourceAnchorX="0.7305389221556886" sourceAnchorY="1.0" targetAnchorX="0.5447761194029851" targetAnchorY="0.2972972972972973">
    <source href="assembly.xml#CallMainProcess"/>
    <target href="assembly.xml#CallWrapup"/>
  </connections>
  <connections type="routesTo" sourceAnchorX="0.6372549019607843" sourceAnchorY="1.0" targetAnchorX="0.42948717948717946" targetAnchorY="0.21621621621621623">
    <source href="assembly.xml#//@beans/@mixed.1/@mixed.5/@mixed.3"/>
    <target href="assembly.xml#CallGetInvError"/>
  </connections>
  <connections type="routesTo" sourceAnchorX="0.7426470588235294" sourceAnchorY="1.0" targetAnchorX="0.6470588235294118" targetAnchorY="0.43243243243243246">
    <source href="assembly.xml#//@beans/@mixed.1/@mixed.39/@mixed.3"/>
    <target href="assembly.xml#CallAttError"/>
  </connections>
  <connections type="routesTo" sourceAnchorX="1.0" sourceAnchorY="0.2765957446808511" targetAnchorX="0.15178571428571427" targetAnchorY="0.4594594594594595">
    <source href="assembly.xml#AsyncMediation3"/>
    <target href="assembly.xml#AddToLog"/>
  </connections>
  <connections type="routesTo" sourceAnchorX="1.0" sourceAnchorY="0.30434782608695654" targetAnchorX="0.35537190082644626" targetAnchorY="0.32432432432432434">
    <source href="assembly.xml#AsyncMediation4"/>
    <target href="assembly.xml#CallUpdObj"/>
  </connections>
  <connections type="routesResponseTo" sourceAnchorX="0.5267857142857143" sourceAnchorY="1.0" targetAnchorX="0.31896551724137934" targetAnchorY="0.5675675675675675">
    <source href="assembly.xml#AddToLog"/>
    <target href="assembly.xml#PutStsMsgWithLink"/>
  </connections>
  <connections type="routesResponseTo" sourceAnchorX="0.6141732283464567" sourceAnchorY="1.0" targetAnchorX="0.3076923076923077" targetAnchorY="0.18309859154929578">
    <source href="assembly.xml#AuditCoupaReq"/>
    <target href="assembly.xml#UploadInvHTTP"/>
  </connections>
  <connections type="routesResponseTo" sourceAnchorX="0.7165354330708661" sourceAnchorY="1.0" targetAnchorX="0.424" targetAnchorY="0.0851063829787234">
    <source href="assembly.xml#AuditCoupaRes"/>
    <target href="assembly.xml#HTTPDegugOff"/>
  </connections>
  <connections type="routesResponseTo" sourceAnchorX="1.0" sourceAnchorY="0.38028169014084506" targetAnchorX="0.3543307086614173" targetAnchorY="0.5945945945945946">
    <source href="assembly.xml#UploadInvHTTP"/>
    <target href="assembly.xml#AuditCoupaRes"/>
  </connections>
  <connections type="routesTo" sourceAnchorX="1.0" sourceAnchorY="0.30851063829787234" targetAnchorX="0.2413793103448276" targetAnchorY="0.5135135135135135">
    <source href="assembly.xml#resetwrapUp"/>
    <target href="assembly.xml#PutFinalMsg"/>
  </connections>
  <connections type="routesResponseTo" sourceAnchorX="0.656441717791411" sourceAnchorY="1.0" targetAnchorX="0.4235294117647059" targetAnchorY="0.35135135135135137">
    <source href="assembly.xml#PutStsMsgWithLink"/>
    <target href="assembly.xml#PutStsMsgWithoutLinks"/>
  </connections>
  <connections type="routesTo" sourceAnchorX="0.35789473684210527" sourceAnchorY="1.0" targetAnchorX="0.5303030303030303" targetAnchorY="0.4594594594594595">
    <source href="assembly.xml#//@beans/@mixed.1/@mixed.121/@mixed.3"/>
    <target href="assembly.xml#CallDataError"/>
  </connections>
  <swimlanes x="42" y="20" name="Main Process">
    <elements href="assembly.xml#StartHere"/>
    <elements href="assembly.xml#CallInitProcess"/>
    <elements href="assembly.xml#CallMainProcess"/>
    <elements href="assembly.xml#CallWrapup"/>
  </swimlanes>
  <swimlanes x="1075" y="704" name="Get Customer Invoice">
    <elements href="assembly.xml#ProcessCustInv"/>
    <elements href="#//@swimlanes.20"/>
    <elements href="assembly.xml#WorkdayOutRest"/>
    <elements href="assembly.xml#ReportResponse"/>
    <elements href="assembly.xml#CallRetreiveAttachments"/>
    <elements href="assembly.xml#CallGetPDF"/>
    <elements href="assembly.xml#CallSendInv"/>
  </swimlanes>
  <swimlanes x="1075" y="1865" name="Upload Coupa">
    <elements href="assembly.xml#SendInv"/>
    <elements href="#//@swimlanes.18"/>
    <elements href="assembly.xml#HTTPDegugOn"/>
    <elements href="assembly.xml#AuditCoupaReq"/>
    <elements href="assembly.xml#UploadInvHTTP"/>
    <elements href="assembly.xml#AuditCoupaRes"/>
    <elements href="assembly.xml#HTTPDegugOff"/>
    <elements href="assembly.xml#SendInvRes"/>
    <elements href="#//@swimlanes.17"/>
    <elements href="assembly.xml#CallUpdSuccess"/>
  </swimlanes>
  <swimlanes name="" orientation="VERTICAL">
    <elements href="assembly.xml#getPDFBase64"/>
    <elements href="assembly.xml#CallPDFError"/>
  </swimlanes>
  <swimlanes x="1083" y="1022" name="getPDFBase64Data">
    <elements href="assembly.xml#GetPDF"/>
    <elements href="#//@swimlanes.3"/>
    <elements href="assembly.xml#GetPDFHTTP"/>
    <elements href="assembly.xml#checkPDFfileResponse"/>
  </swimlanes>
  <swimlanes x="42" y="127" name="Get Invoice List">
    <elements href="assembly.xml#InitProcess"/>
    <elements href="assembly.xml#initProcess"/>
  </swimlanes>
  <swimlanes x="1075" y="1400" name="retrieveAttachments">
    <elements href="assembly.xml#retrieveAttach"/>
    <elements href="#//@swimlanes.21"/>
    <elements href="assembly.xml#SplitAttachmentData"/>
    <elements href="assembly.xml#ProcessContractAttachmentData"/>
    <elements href="#//@swimlanes.19"/>
  </swimlanes>
  <swimlanes x="35" y="765" font="Calibri|14|1" fontColor="1" name="End Processing">
    <elements href="assembly.xml#wrapUpProcessing"/>
    <elements href="assembly.xml#BlankMsg"/>
    <elements href="assembly.xml#PostAuditFiles"/>
    <elements href="assembly.xml#PostLogFile"/>
    <elements href="assembly.xml#resetwrapUp"/>
    <elements href="assembly.xml#PutFinalMsg"/>
  </swimlanes>
  <swimlanes x="42" y="298" font="Calibri|14|1" fontColor="1" name="Audit Files">
    <elements href="assembly.xml#AddToMsgAudit"/>
    <elements href="assembly.xml#MsgAuditZipAgg"/>
    <elements href="assembly.xml#StoreMessagesAudit"/>
    <elements href="assembly.xml#StoreAuditFiles"/>
  </swimlanes>
  <swimlanes x="36" y="554" font="Calibri|14|1" fontColor="1" name="Success Summary">
    <elements href="assembly.xml#LogFile"/>
    <elements href="assembly.xml#AggSuccesses"/>
    <elements href="assembly.xml#StoreSuccessFile"/>
    <elements href="assembly.xml#AttachSuccessFile"/>
  </swimlanes>
  <swimlanes x="2360" y="2244" name="Handle Error">
    <elements href="assembly.xml#ErrorHandler"/>
    <elements href="assembly.xml#AsyncMediation4"/>
    <elements href="assembly.xml#CallUpdObj"/>
    <elements href="assembly.xml#AsyncMediation3"/>
    <elements href="assembly.xml#AddToLog"/>
    <elements href="assembly.xml#PutStsMsgWithLink"/>
    <elements href="assembly.xml#PutStsMsgWithoutLinks"/>
  </swimlanes>
  <swimlanes x="1083" y="2254" name="UpdateInv">
    <elements href="assembly.xml#UpdInvObj"/>
    <elements href="assembly.xml#AsyncMediation0"/>
    <elements href="assembly.xml#prepCustInvAdj"/>
    <elements href="assembly.xml#prepCustInv"/>
    <elements href="#//@swimlanes.16"/>
    <elements href="assembly.xml#ResOut-UpdInv"/>
  </swimlanes>
  <swimlanes x="1083" y="20" name="getInvoiceToUpdate">
    <elements href="assembly.xml#MainProcess"/>
    <elements href="assembly.xml#getInvbyInvoice"/>
    <elements href="#//@swimlanes.13"/>
    <elements href="assembly.xml#AuditGetInvList"/>
    <elements href="assembly.xml#HttpOutCodes"/>
    <elements href="assembly.xml#AuditGetInvResp"/>
    <elements href="#//@swimlanes.14"/>
    <elements href="assembly.xml#CallProcessInvList"/>
  </swimlanes>
  <swimlanes x="2460" y="366" name="Swimlane" orientation="VERTICAL">
    <elements href="assembly.xml#AsyncMediation1"/>
    <elements href="assembly.xml#PutgetInvListError"/>
  </swimlanes>
  <swimlanes x="3249" y="476" name="Swimlane" orientation="VERTICAL">
    <elements href="assembly.xml#ValidateCC"/>
    <elements href="assembly.xml#PutEmptyInvListMsg"/>
  </swimlanes>
  <swimlanes x="1083" y="369" name="processInvoiceList">
    <elements href="assembly.xml#processInvoiceList"/>
    <elements href="assembly.xml#init4Loop"/>
    <elements href="assembly.xml#Splitter"/>
    <elements href="#//@swimlanes.22"/>
    <elements href="assembly.xml#PutInvToProcess"/>
    <elements href="assembly.xml#CallProcessCustInv"/>
  </swimlanes>
  <swimlanes x="1841" y="1883" name="Swimlane" orientation="VERTICAL">
    <elements href="assembly.xml#PrepUpd"/>
    <elements href="assembly.xml#UpdInvFailed"/>
    <elements href="assembly.xml#PutUpdInvFailed"/>
  </swimlanes>
  <swimlanes x="1379" y="1570" name="Swimlane" orientation="VERTICAL">
    <elements href="assembly.xml#AsyncValidate"/>
    <elements href="assembly.xml#CallCoupError"/>
  </swimlanes>
  <swimlanes x="989" y="1584" name="Swimlane" orientation="VERTICAL">
    <elements href="assembly.xml#PrepSendInv"/>
    <elements href="assembly.xml#CallPostError"/>
  </swimlanes>
  <swimlanes x="2550" y="1270" name="Swimlane" orientation="VERTICAL">
    <elements href="assembly.xml#AttachmentResponse"/>
  </swimlanes>
  <swimlanes x="1283" y="707" name="Swimlane" orientation="VERTICAL">
    <elements href="assembly.xml#PrepInv"/>
    <elements href="assembly.xml#CallGetInvError"/>
  </swimlanes>
  <swimlanes x="1265" y="1475" name="Swimlane" orientation="VERTICAL">
    <elements href="assembly.xml#AsyncMediation"/>
    <elements href="assembly.xml#CallAttError"/>
  </swimlanes>
  <swimlanes x="1545" y="457" name="Swimlane" orientation="VERTICAL">
    <elements href="assembly.xml#processInv"/>
    <elements href="assembly.xml#CallDataError"/>
  </swimlanes>
</wdnm:Diagram>
