<?xml version="1.0" encoding="UTF-8"?>
<beans
     xmlns="http://www.springframework.org/schema/beans"
     xmlns:beans="http://www.springframework.org/schema/beans"
     xmlns:atom="http://www.w3.org/2005/Atom"
     xmlns:cc="http://www.capeclear.com/assembly/10"
     xmlns:cloud="urn:com.workday/esb/cloud/10.0"
     xmlns:env="http://schemas.xmlsoap.org/soap/envelope/"
     xmlns:pi="urn:com.workday/picof"
     xmlns:wd="urn:com.workday/bsvc"
     xmlns:xsi="http://www.w3.org/2001/XMLSchema-instance">
 
	<cc:assembly id="WorkdayAssembly" version="2023.37">
        <cc:async-mediation id="AsyncMediation" routes-to="AsyncMediation3">
            <cc:steps>
                <cc:copy id="Copy" output="message"/>
                <cc:store id="Store" output="variable" output-variable="op.file" title="op.xml"/>
            </cc:steps>
        </cc:async-mediation>
        <cc:aggregator id="Aggregator" routes-to="AsyncMediation">
            <cc:size-batch-strategy batch-size="-1"/>
            <cc:xml-message-content-collater>
        <cc:header-text>&lt;wd:Report_Data_VVV ></cc:header-text>
        <cc:footer-text>&lt;/wd:Report_Data_VVV></cc:footer-text>
      </cc:xml-message-content-collater>
        </cc:aggregator>
        <cc:local-out id="PutIntegrationMessage00" endpoint="vm://wcc/PutIntegrationMessage">
            <cc:set name="is.message.severity" value="'ERROR'"/>
            <cc:set name="is.message.summary" value="'THERE IS ERROR IN ASYNC MEDIATION2' + context.errorMessage"/>
        </cc:local-out>
        <cc:async-mediation id="AsyncMediation2" routes-to="Aggregator" handle-downstream-errors="true">
            <cc:steps>
            </cc:steps>
            <cc:send-error id="SendError" routes-to="PutIntegrationMessage00"/>
        </cc:async-mediation>
        <cc:splitter id="Splitter">
            <cc:sub-route name="SubRoute" routes-to="AsyncMediation2"/>
            <cc:xml-stream-splitter xpath="Root_Node/Report_Entry"/>
        </cc:splitter>
        <cc:local-in id="Doc" routes-to="Splitter"/>
        <cc:async-mediation id="AsyncMediation1">
            <cc:steps>
                <cc:store id="Store" output="variable" output-variable="op1.file" title="op1.xml"/>
            </cc:steps>
        </cc:async-mediation>
        <cc:workday-out-rest id="WorkdayOutRest" routes-response-to="AsyncMediation1" extra-path="@{intsys.reportService.getExtrapath('KOK_Report_6')}"/>
        <cc:local-in id="Report" routes-to="WorkdayOutRest"/>
        <cc:local-out id="PutIntegrationMessage" endpoint="vm://wcc/PutIntegrationMessage">
            <cc:set name="is.message.severity" value="'Error'"/>
            <cc:set name="is.message.summary" value="'there is an error at final step' context.errorMessage"/>
        </cc:local-out>
        <cc:async-mediation id="AsyncMediation3">
            <cc:steps>
                <cc:xslt-plus id="XsltPlus" url="Validate.xsl"/>
                <cc:store id="Store" title="final.txt"/>
            </cc:steps>
            <cc:send-error id="SendError" routes-to="PutIntegrationMessage"/>
        </cc:async-mediation>
        <cc:local-in id="XSLT" routes-to="AsyncMediation3"/>
        <cc:local-out id="Note-Error" endpoint="vm://wcc/PutIntegrationMessage">
            <cc:set name="is.message.severity" value="'CRITICAL'"/>
            <cc:set name="is.message.summary" value="context.errorMessage"/>
        </cc:local-out>
        <cc:send-error id="global-error-handler" rethrow-error="false" routes-to="Note-Error"/>
        <cc:local-out id="CallXSLT" store-message="none" endpoint="vm://CST/XSLT"/>
        <cc:local-out id="Call-Report" store-message="none" routes-response-to="CallXSLT" endpoint="vm://CST/Report"/>
        <cc:local-out id="Call-Doc" store-message="none" routes-response-to="Call-Report" endpoint="vm://CST/Doc"/>
        <cc:local-out id="PutIntegrationMessage01" endpoint="vm://wcc/PutIntegrationMessage">
            <cc:set name="is.message.severity" value="'ERROR'"/>
            <cc:set name="is.message.summary" value="'THERE IS ERROR IN ASYNC MEDIATION0' + context.errorMessage"/>
        </cc:local-out>
        <cc:async-mediation id="AsyncMediation0" routes-to="Call-Doc" handle-downstream-errors="true">
            <cc:steps>
                <cc:copy id="Copy" output-mimetype="text/csv" input="variable" input-variable="input.file"/>
                <cc:csv-to-xml id="CsvToXml" colNames="Employee_ID,Email,firstName,lastName" format="rfc4180" rootName="Root_Node" rowName="Report_Entry" separator="," useFirstLineAsHeader="false"/>
            </cc:steps>
            <cc:send-error id="SendError" routes-to="PutIntegrationMessage01"/>
        </cc:async-mediation>
        <cc:route id="Route">
            <cc:doc-iterator variable-name="input.file"/>
            <cc:sub-route name="SubRoute" routes-to="AsyncMediation0"/>
        </cc:route>
        <cc:local-out id="GetEventDocuments" routes-response-to="Route" endpoint="vm://wcc/GetEventDocuments">
            <cc:set name="ie.event.wid" value="lp.isSet() ? lp.getIntegrationEventWID() : null"/>
        </cc:local-out>
        <cc:local-out id="SetPropError" endpoint="vm://wcc/PutIntegrationMessage">
            <cc:set name="is.message.severity" value="'CRITICAL'"/>
            <cc:set name="is.message.summary" value="'SetProp' + context.errorMessage"/>
        </cc:local-out>
        <cc:async-mediation id="SetProp" routes-to="GetEventDocuments" handle-downstream-errors="true">
            <cc:steps>
                <cc:validate-exp id="ValidateExp"/>
                <cc:eval id="Eval">
                    <cc:expression>props['lp.validation.only'] = (Boolean)lp.getSimpleData('Validation Only')</cc:expression>
                    <cc:expression>props['ia.document.retention'] = intsys.getAttribute('Document Retention')</cc:expression>
                    <cc:expression>props['ia.include.summary'] = (Boolean)intsys.getAttribute('Include Summary')</cc:expression>
                    <cc:expression>props['batch.force'] = false</cc:expression>
                    <cc:expression>props['filename'] = lp.getSequencedValue('BTI-SeqGen')</cc:expression>
                </cc:eval>
            </cc:steps>
            <cc:send-error id="SendError" routes-to="SetPropError"/>
        </cc:async-mediation>
        <cc:workday-in id="StartHere" routes-to="SetProp">
            <cc:integration-system name="CST">
        <cloud:param name="Validation Only">
          <cloud:type>
            <cloud:simple-type>boolean</cloud:simple-type>
          </cloud:type>
          <cloud:default>
            <cloud:boolean>true</cloud:boolean>
          </cloud:default>
        </cloud:param>
        <cloud:attribute-map-service name="BTI-PhoneFirstDigit">
          <cloud:attribute name="Document Retention">
            <cloud:type>
              <cloud:simple-type>number</cloud:simple-type>
            </cloud:type>
          </cloud:attribute>
          <cloud:attribute name="Include Summary">
            <cloud:type>
              <cloud:simple-type>boolean</cloud:simple-type>
            </cloud:type>
          </cloud:attribute>
          <cloud:map name="BTI-PhoneFirstDigit">
            <cloud:internal-type>
              <cloud:simple-type>text</cloud:simple-type>
            </cloud:internal-type>
            <cloud:external-type>
              <cloud:simple-type>text</cloud:simple-type>
            </cloud:external-type>
          </cloud:map>
        </cloud:attribute-map-service>
        <cloud:sequence-generator-service name="BTI-SeqGen">
          <cloud:sequencer>BTI-SeqGen</cloud:sequencer>
        </cloud:sequence-generator-service>
        <cloud:retrieval-service name="BTI-Retreive"/>
        <cloud:report-service name="BTI-Report-Serive">
          <cloud:report-alias description="KOK_Report_6" name="KOK_Report_6">
            <cloud:report-reference description="KOK_Report_6" type="WID">a28011463dea1025500a3613a1a10000</cloud:report-reference>
          </cloud:report-alias>
        </cloud:report-service>
      </cc:integration-system>
        </cc:workday-in>
	</cc:assembly>

</beans>