<?xml version="1.0" encoding="UTF-8"?>
<beans
     xmlns="http://www.springframework.org/schema/beans"
     xmlns:beans="http://www.springframework.org/schema/beans"
     xmlns:atom="http://www.w3.org/2005/Atom"
     xmlns:cc="http://www.capeclear.com/assembly/10"
     xmlns:cloud="urn:com.workday/esb/cloud/10.0"
     xmlns:env="http://schemas.xmlsoap.org/soap/envelope/"
     xmlns:pi="urn:com.workday/picof"
     xmlns:wd="urn:com.workday/bsvc"
     xmlns:wdr="urn:com.workday.report/INT30710_Pink_Slip_Report_for_Standard_Register"
     xmlns:xsi="http://www.w3.org/2001/XMLSchema-instance">
 
	<cc:assembly id="WorkdayAssembly" version="2017.17">
        <cc:workday-in id="StartHere" routes-to="Init">
            <cc:integration-system name="INT0074 - Pink Slip Report for Standard Register">
        <cloud:param name="Termination Start Date">
          <cloud:type>
            <cloud:simple-type>date</cloud:simple-type>
          </cloud:type>
          <cloud:launch-option>required</cloud:launch-option>
        </cloud:param>
        <cloud:param name="Termination End Date">
          <cloud:type>
            <cloud:simple-type>date</cloud:simple-type>
          </cloud:type>
          <cloud:launch-option>required</cloud:launch-option>
        </cloud:param>
        <cloud:param name="Termination Entry Start Date">
          <cloud:type>
            <cloud:simple-type>datetime</cloud:simple-type>
          </cloud:type>
          <cloud:launch-option>required</cloud:launch-option>
        </cloud:param>
        <cloud:param name="Termination Entry End Date">
          <cloud:type>
            <cloud:simple-type>datetime</cloud:simple-type>
          </cloud:type>
          <cloud:launch-option>required</cloud:launch-option>
        </cloud:param>
        <cloud:param name="Pay Group">
          <cloud:type>
            <cloud:class-report-field description="Pay Group" type="WID" singular="false">1ce04655bc6543da93f713b3d1107f0a</cloud:class-report-field>
          </cloud:type>
          <cloud:launch-option>required</cloud:launch-option>
        </cloud:param>
        <cloud:sequence-generator-service name="INT0074 SequenceGenerator">
          <cloud:sequencer>SeqGen</cloud:sequencer>
        </cloud:sequence-generator-service>
        <cloud:report-service name="INT0074_Report_Service">
          <cloud:report-alias description="INT0074 Pink Slip Report for Standard Register" name="INT0074 Report">
            <cloud:report-reference description="INT0074 Pink Slip Report for Standard Register" type="WID">46cfe000a0d7011628533ad2de0218c2</cloud:report-reference>
          </cloud:report-alias>
        </cloud:report-service>
      </cc:integration-system>
        </cc:workday-in>
        <cc:async-mediation id="Init" routes-to="CallPinkSlip">
            <cc:steps>
                <cc:eval id="Eval">
                    <cc:expression>props['TermStartDate'] = lp.getDate('Termination Start Date')</cc:expression>
                    <cc:expression>props['TermEndDate'] = lp.getDate('Termination End Date')</cc:expression>
                    <cc:expression>props['TermEntryStartDate'] = lp.getSimpleData('Termination Entry Start Date')</cc:expression>
                    <cc:expression>props['TermEntryEndDate'] = lp.getSimpleData('Termination Entry End Date')</cc:expression>
                    <cc:expression>props['PayGroup'] = lp.getReferenceDataList('Pay Group', 'WID')</cc:expression>
                    <cc:expression>props['PayGroupList'] = props['PayGroup'] != empty ? util.listToCommaDelimString(props['PayGroup']).replace(',','!') : empty</cc:expression>
                    <cc:expression>props['PayrollLimitOverride'] = new java.util.HashMap()</cc:expression>
                    <cc:expression>props['SLICounter'] = 0</cc:expression>
                    <cc:expression>props['PinkSlipWorkerCount'] = 0</cc:expression>
                    <cc:expression>props['FileSeqGen'] = lp.getSequencedValue('SeqGen')</cc:expression>
                </cc:eval>
            </cc:steps>
        </cc:async-mediation>
        <cc:workday-out-rest id="PinkSlipReportRAAS" routes-response-to="AsyncMediation0" extra-path="@{intsys.reportService.getExtrapath('INT0074 Report')}?Start_Term_Date=@{props['TermStartDate']}&amp;End_Term_Date=@{props['TermEndDate']}&amp;Termination_Entry_Start_Date=@{props['TermEntryStartDate']}&amp;Termination_Entry_End_Date=@{props['TermEntryEndDate']}&amp;Pay_Group!WID=@{props['PayGroupList']}"/>
        <cc:aggregator id="Aggregator" routes-to="WriteExcelFile">
            <cc:size-batch-strategy batch-size="-1"/>
            <cc:message-content-collater/>
        </cc:aggregator>
        <cc:splitter id="SplitPinkSlip">
            <cc:sub-route name="SubRoute" routes-to="AddSLIValueToPinkSlip"/>
            <cc:xml-stream-splitter xpath="wd:Report_Data/wd:Report_Entry"/>
        </cc:splitter>
        <cc:async-mediation id="AddSLIValueToPinkSlip" routes-to="Aggregator">
            <cc:steps>
                <cc:eval id="Eval">
                    <cc:expression>props['EmployeeID'] = parts[0].xpath('wd:Report_Entry/wd:Employee_ID')</cc:expression>
                    <cc:expression>//props['SLIValue'] = null ; props['SLIValue'] = props['PayrollLimitOverride'].get(props['EmployeeID'])</cc:expression>
                    <cc:expression>//if(props['SLIValue'] != null) {props['SLICounter'] = props['SLICounter'] + 1} </cc:expression>
                    <cc:expression>props['PinkSlipWorkerCount'] = props['PinkSlipWorkerCount'] + 1</cc:expression>
                </cc:eval>
                <cc:xslt id="Xslt" url="TransformPinkSlipReport.xsl"/>
            </cc:steps>
            <cc:send-error id="SendError" routes-to="PutIntegrationMessage02"/>
        </cc:async-mediation>
        <cc:async-mediation id="WriteExcelFile" routes-to="PutIntegrationMessage">
            <cc:steps>
                <cc:write id="Write" output="variable" output-mimetype="text/plain" output-variable="OutputFileCSV">
                    <cc:message>
                        <cc:text>Ave Weekly Wage,Company Address1,Company Address2,Company Address3,Company City,Company Email,Company Fax,Company Name,Company Phone,Company State,Company Zip,Completion Date,Dismissal Pay N,Dismissal Pay Y,Earnings,YTD Earnings,EE Address 1,EE Address 2,EE Address 3,EE City,EE State,EE Zip,Employee ID,Employee Name,Employee First Name,Employee Last Name,Employer Contact,Employer Signature,Primary Work Location State,FEIN#,GT 7300,Hourly Rate of Pay,Severance Hours,Lack of Work,Lack of Work Perm,Last Date Worked,LT 7300,Occupation,Other,Payment Amount,Severance Amt,Payment Type,Discharge/Suspension,Reason for Separation,Quit,Type of Separation,Pay Begin,Pay End,Date of Separation,Severance Hrs/Days,SSN,Start Date,State UI#,Wages Last Week,Work Part Time&#xD;
</cc:text>
                        <cc:message-content/>
                    </cc:message>
                </cc:write>
                <cc:store id="Store" output="variable" output-mimetype="text/plain" output-variable="OutputFile" input="variable" input-variable="OutputFileCSV" expiresIn="P180D" title="@{props['FileSeqGen']}"/>
            </cc:steps>
            <cc:send-error id="SendError" routes-to="PutIntegrationMessage03"/>
        </cc:async-mediation>
        <cc:local-out id="PutIntegrationMessage" routes-response-to="PutIntegrationMessage1" endpoint="vm://wcc/PutIntegrationMessage"><cc:set name="is.message.severity" value="'INFO'"/><cc:set name="is.message.summary" value="'Integration has completed and file has been delivered.'"/><cc:set name="is.document.variable.name" value="'OutputFile'"/><cc:set name="is.document.deliverable" value="'true'"/></cc:local-out>
        <cc:local-in id="PinkSlipReport" routes-to="HandlePinkSlipReportErrors"/>
        <cc:local-out id="CallPinkSlip" store-message="none" endpoint="vm://INT0074-Pink_Slip_Report_for_Standard_Register/PinkSlipReport"/>
        <cc:async-mediation id="HandlePinkSlipReportErrors" routes-to="PinkSlipReportRAAS" handle-downstream-errors="true">
            <cc:steps/>
            <cc:send-error id="SendError" routes-to="PutIntegrationMessage00"/>
        </cc:async-mediation>
        <cc:local-out id="PutIntegrationMessage00" endpoint="vm://wcc/PutIntegrationMessage">
            <cc:set name="is.message.severity" value="'CRITICAL'"/>
            <cc:set name="is.message.summary" value="'Pink Slip Report Retrieval Failed'"/>
        <cc:set name="is.message.detail" value="context.errorMessage"/></cc:local-out>
        <cc:local-out id="PutIntegrationMessage02" endpoint="vm://wcc/PutIntegrationMessage">
            <cc:set name="is.message.severity" value="'CRITICAL'"/>
            <cc:set name="is.message.summary" value="'Error Transforming XML data'"/>
        <cc:set name="is.message.detail" value="context.errorMessage"/></cc:local-out>
        <cc:local-out id="PutIntegrationMessage03" endpoint="vm://wcc/PutIntegrationMessage">
            <cc:set name="is.message.severity" value="'CRITICAL'"/>
            <cc:set name="is.message.summary" value="'Error creating output file'"/>
        <cc:set name="is.message.detail" value="context.errorMessage"/></cc:local-out>
        <cc:send-error id="global-error-handler" rethrow-error="false" routes-to="Note-Error"/>
        <cc:local-out id="Note-Error" endpoint="vm://wcc/PutIntegrationMessage">
            <cc:set name="is.message.severity" value="'CRITICAL'"/>
            <cc:set name="is.message.summary" value="context.errorMessage"/>
        </cc:local-out>
        <cc:local-out id="PutIntegrationMessage1" endpoint="vm://wcc/PutIntegrationMessage"><cc:set name="is.message.severity" value="'INFO'"/><cc:set name="is.message.summary" value="props['SLICounter'] # ' workers were processed with Severance Amounts.'"/></cc:local-out>
        <cc:async-mediation id="AsyncMediation0" routes-to="SplitPinkSlip" handle-downstream-errors="false">
            <cc:steps>
                <cc:validate-exp id="ValidateExp">
                    <cc:expression failure-message="Pink Slip Report is blank">parts[0].xpathB('wd:Report_Data/wd:Report_Entry')</cc:expression>
                </cc:validate-exp>
            </cc:steps>
            <cc:send-error id="SendError" routes-to="PutIntegrationMessage05"/>
        </cc:async-mediation>
        <cc:local-out id="PutIntegrationMessage05" endpoint="vm://wcc/PutIntegrationMessage">
            <cc:set name="is.message.severity" value="'ERROR'"/>
            <cc:set name="is.message.summary" value="context.errorMessage"/>
        </cc:local-out>
	</cc:assembly>

</beans>