<?xml version="1.0" encoding="UTF-8"?>
<wdnm:Diagram xmlns:wdnm="http://workday.com/studio/editors/notation">
  <element href="assembly.xml#WorkdayAssembly"/>
  <visualProperties x="79" y="29">
    <element href="assembly.xml#StartHere"/>
  </visualProperties>
  <visualProperties x="323" y="10">
    <element href="assembly.xml#Init"/>
  </visualProperties>
  <visualProperties x="482" y="225">
    <element href="assembly.xml#PinkSlipReportRAAS"/>
  </visualProperties>
  <visualProperties x="1381" y="222">
    <element href="assembly.xml#Aggregator"/>
  </visualProperties>
  <visualProperties x="945" y="222">
    <element href="assembly.xml#SplitPinkSlip"/>
  </visualProperties>
  <visualProperties x="1159" y="222">
    <element href="assembly.xml#AddSLIValueToPinkSlip"/>
  </visualProperties>
  <visualProperties x="1567" y="222">
    <element href="assembly.xml#WriteExcelFile"/>
  </visualProperties>
  <visualProperties x="1781" y="225">
    <element href="assembly.xml#PutIntegrationMessage"/>
  </visualProperties>
  <visualProperties x="56" y="225">
    <element href="assembly.xml#PinkSlipReport"/>
  </visualProperties>
  <visualProperties x="518" y="29">
    <element href="assembly.xml#CallPinkSlip"/>
  </visualProperties>
  <visualProperties x="251" y="223">
    <element href="assembly.xml#HandlePinkSlipReportErrors"/>
  </visualProperties>
  <visualProperties x="251" y="383">
    <element href="assembly.xml#PutIntegrationMessage00"/>
  </visualProperties>
  <visualProperties x="1127" y="409">
    <element href="assembly.xml#PutIntegrationMessage02"/>
  </visualProperties>
  <visualProperties x="1562" y="409">
    <element href="assembly.xml#PutIntegrationMessage03"/>
  </visualProperties>
  <visualProperties x="100" y="535">
    <element href="assembly.xml#//@beans/@mixed.1/@mixed.29"/>
  </visualProperties>
  <visualProperties x="303" y="534">
    <element href="assembly.xml#Note-Error"/>
  </visualProperties>
  <visualProperties x="2062" y="537">
    <element href="assembly.xml#PutIntegrationMessage1"/>
  </visualProperties>
  <visualProperties x="700" y="222">
    <element href="assembly.xml#AsyncMediation0"/>
  </visualProperties>
  <visualProperties x="676" y="396">
    <element href="assembly.xml#PutIntegrationMessage05"/>
  </visualProperties>
  <decorations x="56" y="-74" width="412" height="54" font="Calibri Light|12|0" fontColor="8388608" type="TEXT" text="INT0074 Pink Slip Report for Standard Register"/>
  <decorations x="50" y="-14" width="2154" height="144" bgColor="16777088" fgColor="1" text="Main Process"/>
  <decorations x="50" y="129" width="2154" height="354" bgColor="8404992" fgColor="1" text="Call Pink Slip Report and add SLI value into output file"/>
  <decorations x="50" y="482" width="2154" height="93" bgColor="16711680" fgColor="1" text="Global Error Handler"/>
  <connections type="routesTo" sourceAnchorX="1.0" sourceAnchorY="0.14893617021276595" targetAnchorX="0.02608695652173913" targetAnchorY="0.16981132075471697">
    <source href="assembly.xml#AddSLIValueToPinkSlip"/>
    <target href="assembly.xml#Aggregator"/>
  </connections>
  <connections type="routesTo" sourceAnchorX="0.9565217391304348" sourceAnchorY="0.1509433962264151" targetAnchorX="0.0213903743315508" targetAnchorY="0.12">
    <source href="assembly.xml#Aggregator"/>
    <target href="assembly.xml#WriteExcelFile"/>
  </connections>
  <connections type="routesTo" sourceAnchorX="0.9625668449197861" sourceAnchorY="0.12" targetAnchorX="0.10326086956521739" targetAnchorY="0.32432432432432434">
    <source href="assembly.xml#WriteExcelFile"/>
    <target href="assembly.xml#PutIntegrationMessage"/>
  </connections>
  <connections type="routesTo" sourceAnchorX="0.8440366972477065" sourceAnchorY="0.43243243243243246" targetAnchorX="0.1917808219178082" targetAnchorY="0.1702127659574468">
    <source href="assembly.xml#StartHere"/>
    <target href="assembly.xml#Init"/>
  </connections>
  <connections type="routesResponseTo" sourceAnchorX="0.9882352941176471" sourceAnchorY="0.40540540540540543" targetAnchorX="0.417910447761194" targetAnchorY="0.072">
    <source href="assembly.xml#PinkSlipReportRAAS"/>
    <target href="assembly.xml#AsyncMediation0"/>
  </connections>
  <connections type="routesTo" sourceAnchorX="0.8297872340425532" sourceAnchorY="1.0" targetAnchorX="0.20149253731343283" targetAnchorY="0.2553191489361702">
    <source href="assembly.xml#//@beans/@mixed.1/@splitter.0/@subRoute.0"/>
    <target href="assembly.xml#AddSLIValueToPinkSlip"/>
  </connections>
  <connections type="routesTo" sourceAnchorX="1.0" sourceAnchorY="0.43243243243243246" targetAnchorX="0.34328358208955223" targetAnchorY="0.12195121951219512">
    <source href="assembly.xml#PinkSlipReport"/>
    <target href="assembly.xml#HandlePinkSlipReportErrors"/>
  </connections>
  <connections type="routesTo" sourceAnchorX="0.9747474747474747" sourceAnchorY="0.14634146341463414" targetAnchorX="0.023529411764705882" targetAnchorY="0.40540540540540543">
    <source href="assembly.xml#HandlePinkSlipReportErrors"/>
    <target href="assembly.xml#PinkSlipReportRAAS"/>
  </connections>
  <connections type="routesTo" sourceAnchorX="0.47643979057591623" sourceAnchorY="0.9666666666666667" targetAnchorX="0.4797979797979798" targetAnchorY="0.2972972972972973">
    <source href="assembly.xml#//@beans/@mixed.1/@mixed.21/@mixed.3"/>
    <target href="assembly.xml#PutIntegrationMessage00"/>
  </connections>
  <connections type="routesTo" sourceAnchorX="0.44881889763779526" sourceAnchorY="0.7" targetAnchorX="0.4595959595959596" targetAnchorY="0.24324324324324326">
    <source href="assembly.xml#//@beans/@mixed.1/@mixed.11/@mixed.3"/>
    <target href="assembly.xml#PutIntegrationMessage02"/>
  </connections>
  <connections type="routesTo" sourceAnchorX="0.4722222222222222" sourceAnchorY="0.8333333333333334" targetAnchorX="0.47474747474747475" targetAnchorY="0.05405405405405406">
    <source href="assembly.xml#//@beans/@mixed.1/@mixed.13/@mixed.3"/>
    <target href="assembly.xml#PutIntegrationMessage03"/>
  </connections>
  <connections type="routesTo" sourceAnchorX="0.9669421487603306" sourceAnchorY="0.43243243243243246" targetAnchorX="0.06060606060606061" targetAnchorY="0.3783783783783784">
    <source href="assembly.xml#//@beans/@mixed.1/@mixed.29"/>
    <target href="assembly.xml#Note-Error"/>
  </connections>
  <connections type="routesResponseTo" sourceAnchorX="0.9402173913043478" sourceAnchorY="0.43243243243243246" targetAnchorX="0.7905759162303665" targetAnchorY="0.35135135135135137">
    <source href="assembly.xml#PutIntegrationMessage"/>
    <target href="assembly.xml#PutIntegrationMessage1"/>
  </connections>
  <connections type="routesTo" sourceAnchorX="0.5354330708661418" sourceAnchorY="0.7" targetAnchorX="0.51010101010101" targetAnchorY="0.08108108108108109">
    <source href="assembly.xml#//@beans/@mixed.1/@mixed.35/@mixed.3"/>
    <target href="assembly.xml#PutIntegrationMessage05"/>
  </connections>
  <connections type="routesTo" sourceAnchorX="0.917910447761194" sourceAnchorY="0.128" targetAnchorX="0.07476635514018691" targetAnchorY="0.1038961038961039">
    <source href="assembly.xml#AsyncMediation0"/>
    <target href="assembly.xml#SplitPinkSlip"/>
  </connections>
  <connections type="routesTo" sourceAnchorX="1.0" sourceAnchorY="0.3125" targetAnchorX="0.26119402985074625" targetAnchorY="0.5675675675675675">
    <source href="assembly.xml#Init"/>
    <target href="assembly.xml#CallPinkSlip"/>
  </connections>
</wdnm:Diagram>
