<?xml version="1.0" encoding="UTF-8"?>
<wdnm:Diagram xmlns:wdnm="http://workday.com/studio/editors/notation">
  <element href="assembly.xml#WorkdayAssembly"/>
  <visualProperties>
    <element href="assembly.xml#StartHere"/>
  </visualProperties>
  <visualProperties>
    <element href="assembly.xml#Get-Attr-Lp"/>
  </visualProperties>
  <visualProperties>
    <element href="assembly.xml#PutIntegrationMessage"/>
  </visualProperties>
  <visualProperties>
    <element href="assembly.xml#CheckFile"/>
  </visualProperties>
  <visualProperties>
    <element href="assembly.xml#Route"/>
  </visualProperties>
  <visualProperties>
    <element href="assembly.xml#Terminate_Int"/>
  </visualProperties>
  <visualProperties>
    <element href="assembly.xml#FileHasData"/>
  </visualProperties>
  <visualProperties>
    <element href="assembly.xml#Terminate_Int1"/>
  </visualProperties>
  <visualProperties>
    <element href="assembly.xml#RemoveHeader"/>
  </visualProperties>
  <visualProperties>
    <element href="assembly.xml#Aggregator"/>
  </visualProperties>
  <visualProperties>
    <element href="assembly.xml#Call_INT5253_Process_File"/>
  </visualProperties>
  <visualProperties>
    <element href="assembly.xml#INT5253_Process_File"/>
  </visualProperties>
  <visualProperties>
    <element href="assembly.xml#CSVToXML"/>
  </visualProperties>
  <visualProperties>
    <element href="assembly.xml#PutIntegrationMessage0"/>
  </visualProperties>
  <visualProperties>
    <element href="assembly.xml#Splitter"/>
  </visualProperties>
  <visualProperties>
    <element href="assembly.xml#Call_INT5253_Close_Agg"/>
  </visualProperties>
  <visualProperties>
    <element href="assembly.xml#Earning_Data"/>
  </visualProperties>
  <visualProperties>
    <element href="assembly.xml#Call_INT5253_Get_Worker"/>
  </visualProperties>
  <visualProperties>
    <element href="assembly.xml#Call_INT5253_Load_Earning"/>
  </visualProperties>
  <visualProperties>
    <element href="assembly.xml#INT5253_Get_Worker"/>
  </visualProperties>
  <visualProperties>
    <element href="assembly.xml#GetWorker"/>
  </visualProperties>
  <visualProperties>
    <element href="assembly.xml#WorkdayOutSoap"/>
  </visualProperties>
  <visualProperties>
    <element href="assembly.xml#Response"/>
  </visualProperties>
  <visualProperties>
    <element href="assembly.xml#INT5253_Load_Earning"/>
  </visualProperties>
  <visualProperties>
    <element href="assembly.xml#record"/>
  </visualProperties>
  <visualProperties>
    <element href="assembly.xml#Ded_Type"/>
  </visualProperties>
  <visualProperties>
    <element href="assembly.xml#AsyncMediation"/>
  </visualProperties>
  <visualProperties>
    <element href="assembly.xml#Call_INT5253_Load_Pay_Input"/>
  </visualProperties>
  <visualProperties>
    <element href="assembly.xml#AsyncMediation0"/>
  </visualProperties>
  <visualProperties>
    <element href="assembly.xml#Call_INT5253_Get_Existing_Pay_Input"/>
  </visualProperties>
  <visualProperties>
    <element href="assembly.xml#Call_INT5253_Stop_Recurring_Input"/>
  </visualProperties>
  <visualProperties>
    <element href="assembly.xml#AsyncMediation1"/>
  </visualProperties>
  <visualProperties>
    <element href="assembly.xml#Call_INT5253_Load_Pay_Input0"/>
  </visualProperties>
  <visualProperties>
    <element href="assembly.xml#INT5253_Load_Pay_Input"/>
  </visualProperties>
  <visualProperties>
    <element href="assembly.xml#PayInputRequest"/>
  </visualProperties>
  <visualProperties>
    <element href="assembly.xml#logError"/>
  </visualProperties>
  <visualProperties>
    <element href="assembly.xml#Call_INT5253_Audit_Log0"/>
  </visualProperties>
  <visualProperties>
    <element href="assembly.xml#Validation-ON"/>
  </visualProperties>
  <visualProperties>
    <element href="assembly.xml#WorkdayOutSoap0"/>
  </visualProperties>
  <visualProperties>
    <element href="assembly.xml#Validation-OFF"/>
  </visualProperties>
  <visualProperties>
    <element href="assembly.xml#Store-Resp-WID"/>
  </visualProperties>
  <visualProperties>
    <element href="assembly.xml#Call_INT5253_Audit_Log10"/>
  </visualProperties>
  <visualProperties>
    <element href="assembly.xml#INT5253_Get_Existing_Pay_Input"/>
  </visualProperties>
  <visualProperties>
    <element href="assembly.xml#GetExistingPayInput"/>
  </visualProperties>
  <visualProperties>
    <element href="assembly.xml#logError0"/>
  </visualProperties>
  <visualProperties>
    <element href="assembly.xml#Call_INT5253_Audit_Log000"/>
  </visualProperties>
  <visualProperties>
    <element href="assembly.xml#WorkdayOutSoap1"/>
  </visualProperties>
  <visualProperties>
    <element href="assembly.xml#ValidateExistingInput"/>
  </visualProperties>
  <visualProperties>
    <element href="assembly.xml#INT5253_Stop_Recurring_Input"/>
  </visualProperties>
  <visualProperties>
    <element href="assembly.xml#PayInputRequest0"/>
  </visualProperties>
  <visualProperties>
    <element href="assembly.xml#logError1"/>
  </visualProperties>
  <visualProperties>
    <element href="assembly.xml#Call_INT5253_Audit_Log01"/>
  </visualProperties>
  <visualProperties>
    <element href="assembly.xml#Validation-ON0"/>
  </visualProperties>
  <visualProperties>
    <element href="assembly.xml#WorkdayOutSoap00"/>
  </visualProperties>
  <visualProperties>
    <element href="assembly.xml#Validation-OFF0"/>
  </visualProperties>
  <visualProperties>
    <element href="assembly.xml#Store-Resp-WID0"/>
  </visualProperties>
  <visualProperties>
    <element href="assembly.xml#Call_INT5253_Audit_Log100"/>
  </visualProperties>
  <visualProperties>
    <element href="assembly.xml#INT5253_Audit_Log"/>
  </visualProperties>
  <visualProperties>
    <element href="assembly.xml#AsyncMediation3"/>
  </visualProperties>
  <visualProperties>
    <element href="assembly.xml#PutIntegrationMessage5"/>
  </visualProperties>
  <visualProperties>
    <element href="assembly.xml#INT5253_Close_Agg"/>
  </visualProperties>
  <visualProperties>
    <element href="assembly.xml#Aggregator0"/>
  </visualProperties>
  <visualProperties>
    <element href="assembly.xml#AsyncMediation4"/>
  </visualProperties>
  <visualProperties>
    <element href="assembly.xml#PutIntegrationMessage6"/>
  </visualProperties>
  <visualProperties>
    <element href="assembly.xml#PutIntegrationMessage3"/>
  </visualProperties>
  <visualProperties>
    <element href="assembly.xml#//@beans/@mixed.1/@mixed.3"/>
  </visualProperties>
  <visualProperties>
    <element href="assembly.xml#Note-Error"/>
  </visualProperties>
  <visualProperties x="4082" y="1224">
    <element href="assembly.xml#logError2"/>
  </visualProperties>
  <visualProperties x="4048" y="1360">
    <element href="assembly.xml#Call_INT5253_Audit_Log00"/>
  </visualProperties>
  <visualProperties x="878" y="1118">
    <element href="assembly.xml#logError20"/>
  </visualProperties>
  <visualProperties x="878" y="1180">
    <element href="assembly.xml#Call_INT5253_Audit_Log001"/>
  </visualProperties>
  <visualProperties x="1939" y="655">
    <element href="assembly.xml#logError3"/>
  </visualProperties>
  <visualProperties x="1939" y="717">
    <element href="assembly.xml#Call_INT5253_Audit_Log02"/>
  </visualProperties>
  <visualProperties x="474" y="1166">
    <element href="assembly.xml#logError200"/>
  </visualProperties>
  <visualProperties x="474" y="1228">
    <element href="assembly.xml#Call_INT5253_Audit_Log0010"/>
  </visualProperties>
  <visualProperties x="1492" y="1573">
    <element href="assembly.xml#ValidateExistingInput0"/>
  </visualProperties>
  <visualProperties x="1409" y="1629">
    <element href="assembly.xml#logError00"/>
  </visualProperties>
  <visualProperties x="1409" y="1691">
    <element href="assembly.xml#Call_INT5253_Audit_Log0000"/>
  </visualProperties>
  <visualProperties x="61" y="537">
    <element href="assembly.xml#INT5253_RetrieveFile"/>
  </visualProperties>
  <visualProperties x="329" y="388">
    <element href="assembly.xml#Call_INT5253_RetrieveFile"/>
  </visualProperties>
  <visualProperties x="1345" y="594">
    <element href="assembly.xml#AsyncMediation2"/>
  </visualProperties>
  <visualProperties x="1593" y="588">
    <element href="assembly.xml#Aggregator1"/>
  </visualProperties>
  <visualProperties x="420" y="620">
    <element href="assembly.xml#SyncMediation"/>
  </visualProperties>
  <visualProperties x="478" y="653">
    <element href="assembly.xml#Call_INT5253_Agg_File"/>
  </visualProperties>
  <visualProperties x="2002" y="482">
    <element href="assembly.xml#INT5253_Agg_File"/>
  </visualProperties>
  <visualProperties x="1325" y="617">
    <element href="assembly.xml#AsyncMediation5"/>
  </visualProperties>
  <connections type="routesTo" sourceAnchorX="0.8073394495412844" sourceAnchorY="1.0" targetAnchorX="0.4566929133858268" targetAnchorY="0.40217391304347827">
    <source href="assembly.xml#StartHere"/>
    <target href="assembly.xml#Get-Attr-Lp"/>
  </connections>
  <connections type="routesTo" sourceAnchorX="0.1968503937007874" sourceAnchorY="1.0" targetAnchorX="0.391304347826087" targetAnchorY="0.21621621621621623">
    <source href="assembly.xml#//@beans/@mixed.1/@mixed.131/@mixed.3"/>
    <target href="assembly.xml#PutIntegrationMessage"/>
  </connections>
  <connections type="routesTo" sourceAnchorX="0.898876404494382" sourceAnchorY="1.0" targetAnchorX="0.2670157068062827" targetAnchorY="0.5135135135135135">
    <source href="assembly.xml#//@beans/@mixed.1/@route.3/@subRoute.1"/>
    <target href="assembly.xml#Terminate_Int"/>
  </connections>
  <connections type="routesTo" sourceAnchorX="0.9727272727272728" sourceAnchorY="1.0" targetAnchorX="0.36036036036036034" targetAnchorY="0.3730769230769231">
    <source href="assembly.xml#//@beans/@mixed.1/@route.2/@subRoute.0"/>
    <target href="assembly.xml#FileHasData"/>
  </connections>
  <connections type="routesTo" sourceAnchorX="0.6179775280898876" sourceAnchorY="1.0" targetAnchorX="0.23036649214659685" targetAnchorY="0.9459459459459459">
    <source href="assembly.xml#//@beans/@mixed.1/@route.1/@subRoute.1"/>
    <target href="assembly.xml#Terminate_Int1"/>
  </connections>
  <connections type="routesTo" sourceAnchorX="0.9361702127659575" sourceAnchorY="1.0" targetAnchorX="0.1568627450980392" targetAnchorY="0.35135135135135137">
    <source href="assembly.xml#//@beans/@mixed.1/@splitter.1/@subRoute.0"/>
    <target href="assembly.xml#Aggregator"/>
  </connections>
  <connections type="routesTo" sourceAnchorX="0.7445652173913043" sourceAnchorY="1.0" targetAnchorX="0.1568627450980392" targetAnchorY="0.07734806629834254">
    <source href="assembly.xml#INT5253_Process_File"/>
    <target href="assembly.xml#CSVToXML"/>
  </connections>
  <connections type="routesTo" sourceAnchorX="1.0" sourceAnchorY="0.12154696132596685" targetAnchorX="0.04672897196261682" targetAnchorY="0.37012987012987014">
    <source href="assembly.xml#CSVToXML"/>
    <target href="assembly.xml#Splitter"/>
  </connections>
  <connections type="routesResponseTo" sourceAnchorX="1.0" sourceAnchorY="0.18579234972677597" targetAnchorX="0.09027777777777778" targetAnchorY="0.4594594594594595">
    <source href="assembly.xml#CSVToXML"/>
    <target href="assembly.xml#Call_INT5253_Close_Agg"/>
  </connections>
  <connections type="routesTo" sourceAnchorX="0.2967032967032967" sourceAnchorY="1.0" targetAnchorX="0.518324607329843" targetAnchorY="0.16216216216216217">
    <source href="assembly.xml#//@beans/@mixed.1/@mixed.109/@mixed.5"/>
    <target href="assembly.xml#PutIntegrationMessage0"/>
  </connections>
  <connections type="routesTo" sourceAnchorX="0.9042553191489362" sourceAnchorY="1.0" targetAnchorX="0.1889763779527559" targetAnchorY="0.6956521739130435">
    <source href="assembly.xml#//@beans/@mixed.1/@splitter.0/@subRoute.0"/>
    <target href="assembly.xml#Earning_Data"/>
  </connections>
  <connections type="routesTo" sourceAnchorX="1.0" sourceAnchorY="0.2553191489361702" targetAnchorX="0.2" targetAnchorY="0.40540540540540543">
    <source href="assembly.xml#Earning_Data"/>
    <target href="assembly.xml#Call_INT5253_Get_Worker"/>
  </connections>
  <connections type="routesTo" sourceAnchorX="0.6704545454545454" sourceAnchorY="1.0" targetAnchorX="0.20149253731343283" targetAnchorY="0.43478260869565216">
    <source href="assembly.xml#INT5253_Get_Worker"/>
    <target href="assembly.xml#GetWorker"/>
  </connections>
  <connections type="routesTo" sourceAnchorX="1.0" sourceAnchorY="0.136" targetAnchorX="0.29605263157894735" targetAnchorY="0.24324324324324326">
    <source href="assembly.xml#GetWorker"/>
    <target href="assembly.xml#WorkdayOutSoap"/>
  </connections>
  <connections type="routesResponseTo" sourceAnchorX="0.6842105263157895" sourceAnchorY="1.0" targetAnchorX="0.23134328358208955" targetAnchorY="0.6847826086956522">
    <source href="assembly.xml#WorkdayOutSoap"/>
    <target href="assembly.xml#Response"/>
  </connections>
  <connections type="routesTo" sourceAnchorX="0.8366336633663366" sourceAnchorY="1.0" targetAnchorX="0.18110236220472442" targetAnchorY="0.6956521739130435">
    <source href="assembly.xml#INT5253_Load_Earning"/>
    <target href="assembly.xml#record"/>
  </connections>
  <connections type="routesTo" sourceAnchorX="1.0" sourceAnchorY="0.192" targetAnchorX="0.4766355140186916" targetAnchorY="0.11464968152866242">
    <source href="assembly.xml#record"/>
    <target href="assembly.xml#Ded_Type"/>
  </connections>
  <connections type="routesTo" sourceAnchorX="1.0" sourceAnchorY="0.5882352941176471" targetAnchorX="0.1732283464566929" targetAnchorY="0.7065217391304348">
    <source href="assembly.xml#//@beans/@mixed.1/@route.0/@subRoute.0"/>
    <target href="assembly.xml#AsyncMediation"/>
  </connections>
  <connections type="routesTo" sourceAnchorX="0.8449612403100775" sourceAnchorY="1.0" targetAnchorX="0.15671641791044777" targetAnchorY="0.39361702127659576">
    <source href="assembly.xml#//@beans/@mixed.1/@route.0/@subRoute.1"/>
    <target href="assembly.xml#AsyncMediation0"/>
    <bendpoints sourceX="24" sourceY="-27" targetX="-101" targetY="3"/>
  </connections>
  <connections type="routesTo" sourceAnchorX="0.46511627906976744" sourceAnchorY="1.0" targetAnchorX="0.43283582089552236" targetAnchorY="0.425531914893617">
    <source href="assembly.xml#//@beans/@mixed.1/@route.0/@subRoute.2"/>
    <target href="assembly.xml#AsyncMediation1"/>
  </connections>
  <connections type="routesTo" sourceAnchorX="1.0" sourceAnchorY="0.26595744680851063" targetAnchorX="0.1875" targetAnchorY="0.4864864864864865">
    <source href="assembly.xml#AsyncMediation"/>
    <target href="assembly.xml#Call_INT5253_Load_Pay_Input"/>
  </connections>
  <connections type="routesTo" sourceAnchorX="1.0" sourceAnchorY="0.32978723404255317" targetAnchorX="0.17037037037037037" targetAnchorY="0.5135135135135135">
    <source href="assembly.xml#AsyncMediation0"/>
    <target href="assembly.xml#Call_INT5253_Get_Existing_Pay_Input"/>
  </connections>
  <connections type="routesTo" sourceAnchorX="0.835" sourceAnchorY="1.0" targetAnchorX="0.21641791044776118" targetAnchorY="0.7065217391304348">
    <source href="assembly.xml#INT5253_Load_Pay_Input"/>
    <target href="assembly.xml#PayInputRequest"/>
  </connections>
  <connections type="routesTo" sourceAnchorX="1.0" sourceAnchorY="0.28" targetAnchorX="0.358974358974359" targetAnchorY="0.18085106382978725">
    <source href="assembly.xml#PayInputRequest"/>
    <target href="assembly.xml#Validation-ON"/>
  </connections>
  <connections type="routesTo" sourceAnchorX="0.0" sourceAnchorY="0.7" targetAnchorX="0.23880597014925373" targetAnchorY="0.05434782608695652">
    <source href="assembly.xml#//@beans/@mixed.1/@mixed.65/@mixed.3"/>
    <target href="assembly.xml#logError"/>
  </connections>
  <connections type="routesTo" sourceAnchorX="0.0" sourceAnchorY="0.18478260869565216" targetAnchorX="0.2871287128712871" targetAnchorY="0.13513513513513514">
    <source href="assembly.xml#logError"/>
    <target href="assembly.xml#Call_INT5253_Audit_Log0"/>
  </connections>
  <connections type="routesTo" sourceAnchorX="1.0" sourceAnchorY="0.30851063829787234" targetAnchorX="0.44025157232704404" targetAnchorY="0.2702702702702703">
    <source href="assembly.xml#Validation-ON"/>
    <target href="assembly.xml#WorkdayOutSoap0"/>
  </connections>
  <connections type="routesResponseTo" sourceAnchorX="0.5408805031446541" sourceAnchorY="1.0" targetAnchorX="0.3008130081300813" targetAnchorY="0.1595744680851064">
    <source href="assembly.xml#WorkdayOutSoap0"/>
    <target href="assembly.xml#Validation-OFF"/>
  </connections>
  <connections type="routesTo" sourceAnchorX="1.0" sourceAnchorY="0.18085106382978725" targetAnchorX="0.2803030303030303" targetAnchorY="0.5531914893617021">
    <source href="assembly.xml#Validation-OFF"/>
    <target href="assembly.xml#Store-Resp-WID"/>
  </connections>
  <connections type="routesTo" sourceAnchorX="1.0" sourceAnchorY="0.3404255319148936" targetAnchorX="0.2822966507177033" targetAnchorY="0.6486486486486487">
    <source href="assembly.xml#Store-Resp-WID"/>
    <target href="assembly.xml#Call_INT5253_Audit_Log10"/>
  </connections>
  <connections type="routesTo" sourceAnchorX="0.5454545454545454" sourceAnchorY="1.0" targetAnchorX="0.19402985074626866" targetAnchorY="0.15217391304347827">
    <source href="assembly.xml#INT5253_Get_Existing_Pay_Input"/>
    <target href="assembly.xml#GetExistingPayInput"/>
  </connections>
  <connections type="routesTo" sourceAnchorX="1.0" sourceAnchorY="0.2" targetAnchorX="0.22641509433962265" targetAnchorY="0.6216216216216216">
    <source href="assembly.xml#GetExistingPayInput"/>
    <target href="assembly.xml#WorkdayOutSoap1"/>
  </connections>
  <connections type="routesTo" sourceAnchorX="0.0" sourceAnchorY="0.9333333333333333" targetAnchorX="0.5161290322580645" targetAnchorY="0.13829787234042554">
    <source href="assembly.xml#//@beans/@mixed.1/@mixed.47/@mixed.3"/>
    <target href="assembly.xml#logError0"/>
  </connections>
  <connections type="routesTo" sourceAnchorX="0.0" sourceAnchorY="0.18478260869565216" targetAnchorX="0.2871287128712871" targetAnchorY="0.13513513513513514">
    <source href="assembly.xml#logError0"/>
    <target href="assembly.xml#Call_INT5253_Audit_Log000"/>
  </connections>
  <connections type="routesResponseTo" sourceAnchorX="0.6918238993710691" sourceAnchorY="1.0" targetAnchorX="0.15483870967741936" targetAnchorY="0.4787234042553192">
    <source href="assembly.xml#WorkdayOutSoap1"/>
    <target href="assembly.xml#ValidateExistingInput"/>
  </connections>
  <connections type="routesTo" sourceAnchorX="0.6802030456852792" sourceAnchorY="1.0" targetAnchorX="0.3076923076923077" targetAnchorY="0.368">
    <source href="assembly.xml#INT5253_Stop_Recurring_Input"/>
    <target href="assembly.xml#PayInputRequest0"/>
  </connections>
  <connections type="routesTo" sourceAnchorX="1.0" sourceAnchorY="0.28" targetAnchorX="0.358974358974359" targetAnchorY="0.18085106382978725">
    <source href="assembly.xml#PayInputRequest0"/>
    <target href="assembly.xml#Validation-ON0"/>
  </connections>
  <connections type="routesTo" sourceAnchorX="0.0" sourceAnchorY="0.7" targetAnchorX="0.23880597014925373" targetAnchorY="0.05434782608695652">
    <source href="assembly.xml#//@beans/@mixed.1/@mixed.35/@mixed.3"/>
    <target href="assembly.xml#logError1"/>
  </connections>
  <connections type="routesTo" sourceAnchorX="0.0" sourceAnchorY="0.18478260869565216" targetAnchorX="0.2871287128712871" targetAnchorY="0.13513513513513514">
    <source href="assembly.xml#logError1"/>
    <target href="assembly.xml#Call_INT5253_Audit_Log01"/>
  </connections>
  <connections type="routesTo" sourceAnchorX="1.0" sourceAnchorY="0.30851063829787234" targetAnchorX="0.44025157232704404" targetAnchorY="0.2702702702702703">
    <source href="assembly.xml#Validation-ON0"/>
    <target href="assembly.xml#WorkdayOutSoap00"/>
  </connections>
  <connections type="routesResponseTo" sourceAnchorX="0.5408805031446541" sourceAnchorY="1.0" targetAnchorX="0.3008130081300813" targetAnchorY="0.1595744680851064">
    <source href="assembly.xml#WorkdayOutSoap00"/>
    <target href="assembly.xml#Validation-OFF0"/>
  </connections>
  <connections type="routesTo" sourceAnchorX="1.0" sourceAnchorY="0.18085106382978725" targetAnchorX="0.2803030303030303" targetAnchorY="0.5531914893617021">
    <source href="assembly.xml#Validation-OFF0"/>
    <target href="assembly.xml#Store-Resp-WID0"/>
  </connections>
  <connections type="routesTo" sourceAnchorX="1.0" sourceAnchorY="0.3404255319148936" targetAnchorX="0.2822966507177033" targetAnchorY="0.6486486486486487">
    <source href="assembly.xml#Store-Resp-WID0"/>
    <target href="assembly.xml#Call_INT5253_Audit_Log100"/>
  </connections>
  <connections type="routesTo" sourceAnchorX="0.8253012048192772" sourceAnchorY="1.0" targetAnchorX="0.3358208955223881" targetAnchorY="0.5217391304347826">
    <source href="assembly.xml#INT5253_Audit_Log"/>
    <target href="assembly.xml#AsyncMediation3"/>
  </connections>
  <connections type="routesTo" sourceAnchorX="1.0" sourceAnchorY="0.144" targetAnchorX="0.5045871559633027" targetAnchorY="0.7027027027027027">
    <source href="assembly.xml#AsyncMediation3"/>
    <target href="assembly.xml#Aggregator0"/>
  </connections>
  <connections type="routesTo" sourceAnchorX="0.3779527559055118" sourceAnchorY="1.0" targetAnchorX="0.34554973821989526" targetAnchorY="0.7027027027027027">
    <source href="assembly.xml#//@beans/@mixed.1/@mixed.17/@mixed.3"/>
    <target href="assembly.xml#PutIntegrationMessage5"/>
  </connections>
  <connections type="routesTo" sourceAnchorX="0.2558139534883721" sourceAnchorY="1.0" targetAnchorX="0.5163398692810458" targetAnchorY="0.16037735849056603">
    <source href="assembly.xml#INT5253_Close_Agg"/>
    <target href="assembly.xml#Aggregator0"/>
  </connections>
  <connections type="routesTo" sourceAnchorX="1.0" sourceAnchorY="0.2358490566037736" targetAnchorX="0.29850746268656714" targetAnchorY="0.5760869565217391">
    <source href="assembly.xml#Aggregator0"/>
    <target href="assembly.xml#AsyncMediation4"/>
  </connections>
  <connections type="routesTo" sourceAnchorX="1.0" sourceAnchorY="0.35106382978723405" targetAnchorX="0.2774869109947644" targetAnchorY="0.6486486486486487">
    <source href="assembly.xml#AsyncMediation4"/>
    <target href="assembly.xml#PutIntegrationMessage6"/>
  </connections>
  <connections type="routesResponseTo" sourceAnchorX="0.9319371727748691" sourceAnchorY="1.0" targetAnchorX="0.08900523560209424" targetAnchorY="0.40540540540540543">
    <source href="assembly.xml#PutIntegrationMessage6"/>
    <target href="assembly.xml#PutIntegrationMessage3"/>
  </connections>
  <connections type="routesTo" sourceAnchorX="0.9669421487603306" sourceAnchorY="0.43243243243243246" targetAnchorX="0.06060606060606061" targetAnchorY="0.3783783783783784">
    <source href="assembly.xml#//@beans/@mixed.1/@mixed.3"/>
    <target href="assembly.xml#Note-Error"/>
  </connections>
  <connections type="routesTo" sourceAnchorX="0.0" sourceAnchorY="0.18478260869565216" targetAnchorX="0.2871287128712871" targetAnchorY="0.13513513513513514">
    <source href="assembly.xml#logError2"/>
    <target href="assembly.xml#Call_INT5253_Audit_Log00"/>
  </connections>
  <connections type="routesTo" sourceAnchorX="0.4956521739130435" sourceAnchorY="1.0" targetAnchorX="0.7741935483870968" targetAnchorY="0.14893617021276595">
    <source href="assembly.xml#//@beans/@mixed.1/@mixed.101/@mixed.3"/>
    <target href="assembly.xml#logError2"/>
  </connections>
  <connections type="routesTo" sourceAnchorX="0.0" sourceAnchorY="0.7" targetAnchorX="0.44" targetAnchorY="0.07446808510638298">
    <source href="assembly.xml#//@beans/@mixed.1/@mixed.81/@mixed.3"/>
    <target href="assembly.xml#logError20"/>
  </connections>
  <connections type="routesTo" sourceAnchorX="0.0" sourceAnchorY="0.22340425531914893" targetAnchorX="0.3333333333333333" targetAnchorY="0.08108108108108109">
    <source href="assembly.xml#logError20"/>
    <target href="assembly.xml#Call_INT5253_Audit_Log001"/>
  </connections>
  <connections type="routesTo" sourceAnchorX="1.0" sourceAnchorY="0.3723404255319149" targetAnchorX="0.3093220338983051" targetAnchorY="0.40540540540540543">
    <source href="assembly.xml#AsyncMediation1"/>
    <target href="assembly.xml#Call_INT5253_Load_Pay_Input0"/>
  </connections>
  <connections type="routesTo" sourceAnchorX="0.3655913978494624" sourceAnchorY="1.0" targetAnchorX="0.8064516129032258" targetAnchorY="0.14893617021276595">
    <source href="assembly.xml#//@beans/@mixed.1/@mixed.93/@mixed.3"/>
    <target href="assembly.xml#logError3"/>
  </connections>
  <connections type="routesTo" sourceAnchorX="0.0" sourceAnchorY="0.22340425531914893" targetAnchorX="0.36363636363636365" targetAnchorY="0.4594594594594595">
    <source href="assembly.xml#logError3"/>
    <target href="assembly.xml#Call_INT5253_Audit_Log02"/>
  </connections>
  <connections type="routesTo" sourceAnchorX="1.0" sourceAnchorY="0.30851063829787234" targetAnchorX="0.3073394495412844" targetAnchorY="0.4594594594594595">
    <source href="assembly.xml#Response"/>
    <target href="assembly.xml#Call_INT5253_Load_Earning"/>
  </connections>
  <connections type="routesTo" sourceAnchorX="0.4945054945054945" sourceAnchorY="1.0" targetAnchorX="0.8037383177570093" targetAnchorY="0.2127659574468085">
    <source href="assembly.xml#//@beans/@mixed.1/@mixed.85/@mixed.3"/>
    <target href="assembly.xml#logError200"/>
  </connections>
  <connections type="routesTo" sourceAnchorX="1.0" sourceAnchorY="0.2978723404255319" targetAnchorX="0.7982062780269058" targetAnchorY="0.2972972972972973">
    <source href="assembly.xml#logError200"/>
    <target href="assembly.xml#Call_INT5253_Audit_Log0010"/>
  </connections>
  <connections type="routesTo" sourceAnchorX="0.22580645161290322" sourceAnchorY="1.0" targetAnchorX="0.49" targetAnchorY="0.24468085106382978">
    <source href="assembly.xml#//@beans/@mixed.1/@mixed.151/@mixed.3"/>
    <target href="assembly.xml#logError00"/>
  </connections>
  <connections type="routesResponseTo" sourceAnchorX="0.8" sourceAnchorY="1.0" targetAnchorX="0.15432098765432098" targetAnchorY="0.152">
    <source href="assembly.xml#Call_INT5253_Get_Existing_Pay_Input"/>
    <target href="assembly.xml#ValidateExistingInput0"/>
  </connections>
  <connections type="routesTo" sourceAnchorX="1.0" sourceAnchorY="0.248" targetAnchorX="0.23076923076923078" targetAnchorY="0.5675675675675675">
    <source href="assembly.xml#ValidateExistingInput0"/>
    <target href="assembly.xml#Call_INT5253_Stop_Recurring_Input"/>
  </connections>
  <connections type="routesTo" sourceAnchorX="0.0" sourceAnchorY="0.19148936170212766" targetAnchorX="0.30493273542600896" targetAnchorY="0.5405405405405406">
    <source href="assembly.xml#logError00"/>
    <target href="assembly.xml#Call_INT5253_Audit_Log0000"/>
  </connections>
  <connections type="routesTo" sourceAnchorX="1.0" sourceAnchorY="0.21705426356589147" targetAnchorX="0.15384615384615385" targetAnchorY="0.3783783783783784">
    <source href="assembly.xml#Get-Attr-Lp"/>
    <target href="assembly.xml#Call_INT5253_RetrieveFile"/>
  </connections>
  <connections type="routesTo" sourceAnchorX="0.7629310344827587" sourceAnchorY="1.0" targetAnchorX="0.7235772357723578" targetAnchorY="0.33214285714285713">
    <source href="assembly.xml#INT5253_RetrieveFile"/>
    <target href="assembly.xml#CheckFile"/>
  </connections>
  <connections type="routesResponseTo" sourceAnchorX="0.5897435897435898" sourceAnchorY="1.0" targetAnchorX="0.3736654804270463" targetAnchorY="0.0">
    <source href="assembly.xml#Call_INT5253_RetrieveFile"/>
    <target href="assembly.xml#Call_INT5253_Process_File"/>
  </connections>
  <connections type="routesTo" sourceAnchorX="1.0" sourceAnchorY="0.32653061224489793" targetAnchorX="0.43537414965986393" targetAnchorY="0.6132075471698113">
    <source href="assembly.xml#AsyncMediation2"/>
    <target href="assembly.xml#Aggregator1"/>
  </connections>
  <connections type="routesTo" sourceAnchorX="0.8818181818181818" sourceAnchorY="1.0" targetAnchorX="0.11875" targetAnchorY="0.30405405405405406">
    <source href="assembly.xml#//@beans/@mixed.1/@route.3/@subRoute.0"/>
    <target href="assembly.xml#SyncMediation"/>
  </connections>
  <connections type="routesResponseTo" sourceAnchorX="0.0" sourceAnchorY="0.17532467532467533" targetAnchorX="0.33516483516483514" targetAnchorY="0.8108108108108109">
    <source href="assembly.xml#SyncMediation"/>
    <target href="assembly.xml#Call_INT5253_Agg_File"/>
  </connections>
  <connections type="routesTo" sourceAnchorX="0.0" sourceAnchorY="0.12987012987012986" targetAnchorX="0.06369426751592357" targetAnchorY="0.16091954022988506">
    <source href="assembly.xml#SyncMediation"/>
    <target href="assembly.xml#Route"/>
  </connections>
  <connections type="routesTo" sourceAnchorX="0.3786407766990291" sourceAnchorY="1.0" targetAnchorX="0.8095238095238095" targetAnchorY="0.12264150943396226">
    <source href="assembly.xml#INT5253_Agg_File"/>
    <target href="assembly.xml#Aggregator1"/>
  </connections>
  <connections type="routesTo" sourceAnchorX="0.5390625" sourceAnchorY="1.0" targetAnchorX="0.12359550561797752" targetAnchorY="0.7857142857142857">
    <source href="assembly.xml#//@beans/@mixed.1/@route.1/@subRoute.0"/>
    <target href="assembly.xml#AsyncMediation5"/>
  </connections>
  <connections type="routesTo" sourceAnchorX="1.0" sourceAnchorY="0.10204081632653061" targetAnchorX="0.6227544910179641" targetAnchorY="0.4609053497942387">
    <source href="assembly.xml#AsyncMediation5"/>
    <target href="assembly.xml#RemoveHeader"/>
  </connections>
  <connections type="routesTo" sourceAnchorX="1.0" sourceAnchorY="0.2358490566037736" targetAnchorX="0.2808988764044944" targetAnchorY="0.7448979591836735">
    <source href="assembly.xml#Aggregator"/>
    <target href="assembly.xml#AsyncMediation2"/>
  </connections>
  <swimlanes bgColor="16744448" name="Attr-Lp" orientation="VERTICAL" alignment="MIDDLE">
    <elements href="assembly.xml#Get-Attr-Lp"/>
    <elements href="assembly.xml#PutIntegrationMessage"/>
  </swimlanes>
  <swimlanes bgColor="16744448" name="Process-or-Terminate" orientation="VERTICAL" alignment="MIDDLE">
    <elements href="assembly.xml#Route"/>
    <elements href="assembly.xml#Terminate_Int"/>
  </swimlanes>
  <swimlanes bgColor="8454143" name="CheckFileHasData" orientation="VERTICAL" alignment="MIDDLE">
    <elements href="assembly.xml#AsyncMediation5"/>
    <elements href="assembly.xml#Terminate_Int1"/>
  </swimlanes>
  <swimlanes bgColor="16744448" name="Swimlane">
    <elements href="assembly.xml#FileHasData"/>
    <elements href="#//@swimlanes.2"/>
  </swimlanes>
  <swimlanes bgColor="8454143" name="Main">
    <elements href="assembly.xml#StartHere"/>
    <elements href="#//@swimlanes.0"/>
    <elements href="assembly.xml#Call_INT5253_RetrieveFile"/>
    <elements href="assembly.xml#Call_INT5253_Process_File"/>
  </swimlanes>
  <swimlanes bgColor="16744448" name="Process" orientation="VERTICAL" alignment="MIDDLE">
    <elements href="assembly.xml#CSVToXML"/>
    <elements href="assembly.xml#PutIntegrationMessage0"/>
  </swimlanes>
  <swimlanes bgColor="16744448" name="Swimlane" orientation="VERTICAL">
    <elements href="assembly.xml#Splitter"/>
    <elements href="assembly.xml#Call_INT5253_Close_Agg"/>
  </swimlanes>
  <swimlanes bgColor="8454143" name="Swimlane" orientation="VERTICAL">
    <elements href="assembly.xml#GetWorker"/>
    <elements href="assembly.xml#logError3"/>
    <elements href="assembly.xml#Call_INT5253_Audit_Log02"/>
  </swimlanes>
  <swimlanes bgColor="16744448" name="GetWorker">
    <elements href="assembly.xml#INT5253_Get_Worker"/>
    <elements href="#//@swimlanes.7"/>
    <elements href="assembly.xml#WorkdayOutSoap"/>
    <elements href="assembly.xml#Response"/>
    <elements href="assembly.xml#Call_INT5253_Load_Earning"/>
  </swimlanes>
  <swimlanes bgColor="8454143" name="ProcessFile">
    <elements href="assembly.xml#INT5253_Process_File"/>
    <elements href="#//@swimlanes.5"/>
    <elements href="#//@swimlanes.6"/>
    <elements href="#//@swimlanes.30"/>
    <elements href="assembly.xml#Call_INT5253_Get_Worker"/>
    <elements href="#//@swimlanes.8"/>
  </swimlanes>
  <swimlanes bgColor="16777215" name="record" orientation="VERTICAL" alignment="MIDDLE">
    <elements href="assembly.xml#record"/>
    <elements href="assembly.xml#logError200"/>
    <elements href="assembly.xml#Call_INT5253_Audit_Log0010"/>
  </swimlanes>
  <swimlanes bgColor="16744448" name="ProcessEarning">
    <elements href="assembly.xml#INT5253_Load_Earning"/>
    <elements href="#//@swimlanes.10"/>
    <elements href="assembly.xml#Ded_Type"/>
  </swimlanes>
  <swimlanes bgColor="16777215" name="StartRecurring">
    <elements href="#//@swimlanes.31"/>
    <elements href="assembly.xml#Call_INT5253_Load_Pay_Input"/>
  </swimlanes>
  <swimlanes name="StopRecurring">
    <elements href="assembly.xml#AsyncMediation0"/>
    <elements href="assembly.xml#Call_INT5253_Get_Existing_Pay_Input"/>
    <elements href="#//@swimlanes.32"/>
    <elements href="assembly.xml#Call_INT5253_Stop_Recurring_Input"/>
  </swimlanes>
  <swimlanes name="OTP">
    <elements href="assembly.xml#AsyncMediation1"/>
    <elements href="assembly.xml#Call_INT5253_Load_Pay_Input0"/>
  </swimlanes>
  <swimlanes bgColor="16744448" name="Earning_data" orientation="VERTICAL" elements="//@swimlanes.12 //@swimlanes.13 //@swimlanes.14"/>
  <swimlanes bgColor="16744448" name="Swimlane" orientation="VERTICAL">
    <elements href="assembly.xml#PayInputRequest"/>
    <elements href="assembly.xml#logError"/>
    <elements href="assembly.xml#Call_INT5253_Audit_Log0"/>
  </swimlanes>
  <swimlanes bgColor="8454143" name="LoadPayInput">
    <elements href="assembly.xml#INT5253_Load_Pay_Input"/>
    <elements href="#//@swimlanes.16"/>
    <elements href="assembly.xml#Validation-ON"/>
    <elements href="assembly.xml#WorkdayOutSoap0"/>
    <elements href="assembly.xml#Validation-OFF"/>
    <elements href="assembly.xml#Store-Resp-WID"/>
    <elements href="assembly.xml#Call_INT5253_Audit_Log10"/>
  </swimlanes>
  <swimlanes bgColor="16777215" lineStyle="DASHDOTDOT" name="Swimlane" orientation="VERTICAL">
    <elements href="assembly.xml#GetExistingPayInput"/>
    <elements href="assembly.xml#logError0"/>
    <elements href="assembly.xml#Call_INT5253_Audit_Log000"/>
  </swimlanes>
  <swimlanes bgColor="16744448" name="Swimlane">
    <elements href="assembly.xml#INT5253_Get_Existing_Pay_Input"/>
    <elements href="#//@swimlanes.18"/>
    <elements href="assembly.xml#WorkdayOutSoap1"/>
    <elements href="assembly.xml#ValidateExistingInput"/>
  </swimlanes>
  <swimlanes bgColor="16777215" name="Swimlane" orientation="VERTICAL">
    <elements href="assembly.xml#PayInputRequest0"/>
    <elements href="assembly.xml#logError1"/>
    <elements href="assembly.xml#Call_INT5253_Audit_Log01"/>
  </swimlanes>
  <swimlanes bgColor="16744448" name="Swimlane">
    <elements href="assembly.xml#INT5253_Stop_Recurring_Input"/>
    <elements href="#//@swimlanes.20"/>
    <elements href="assembly.xml#Validation-ON0"/>
    <elements href="assembly.xml#WorkdayOutSoap00"/>
    <elements href="assembly.xml#Validation-OFF0"/>
    <elements href="assembly.xml#Store-Resp-WID0"/>
    <elements href="assembly.xml#Call_INT5253_Audit_Log100"/>
  </swimlanes>
  <swimlanes bgColor="8454143" name="Swimlane" elements="//@swimlanes.19 //@swimlanes.21"/>
  <swimlanes bgColor="16744576" name="Swimlane" orientation="VERTICAL" elements="//@swimlanes.17 //@swimlanes.22"/>
  <swimlanes bgColor="8454143" name="Swimlane" elements="//@swimlanes.11 //@swimlanes.15 //@swimlanes.23"/>
  <swimlanes bgColor="16744448" name="Swimlane" orientation="VERTICAL">
    <elements href="assembly.xml#AsyncMediation3"/>
    <elements href="assembly.xml#PutIntegrationMessage5"/>
  </swimlanes>
  <swimlanes bgColor="16744448" name="Swimlane" orientation="VERTICAL">
    <elements href="assembly.xml#INT5253_Close_Agg"/>
    <elements href="assembly.xml#Aggregator0"/>
  </swimlanes>
  <swimlanes bgColor="8454143" name="LogAudit">
    <elements href="assembly.xml#INT5253_Audit_Log"/>
    <elements href="#//@swimlanes.25"/>
    <elements href="#//@swimlanes.26"/>
    <elements href="assembly.xml#AsyncMediation4"/>
    <elements href="assembly.xml#PutIntegrationMessage6"/>
    <elements href="assembly.xml#PutIntegrationMessage3"/>
  </swimlanes>
  <swimlanes font="Arial|9|1" bgColor="255" fontColor="1" name="Global Error Handler" labelAlignment="LEFT">
    <elements href="assembly.xml#//@beans/@mixed.1/@mixed.3"/>
    <elements href="assembly.xml#Note-Error"/>
  </swimlanes>
  <swimlanes x="-11" y="12" bgColor="16744576" name="INT5249-GPIT-Payroll-Inbound-File-Load-Inbound" orientation="VERTICAL" elements="//@swimlanes.4 //@swimlanes.33 //@swimlanes.9 //@swimlanes.24 //@swimlanes.27 //@swimlanes.28"/>
  <swimlanes x="737" y="614" bgColor="16744448" name="Swimlane" orientation="VERTICAL">
    <elements href="assembly.xml#Earning_Data"/>
    <elements href="assembly.xml#logError2"/>
    <elements href="assembly.xml#Call_INT5253_Audit_Log00"/>
  </swimlanes>
  <swimlanes x="718" y="1068" name="Swimlane" orientation="VERTICAL">
    <elements href="assembly.xml#AsyncMediation"/>
    <elements href="assembly.xml#logError20"/>
    <elements href="assembly.xml#Call_INT5253_Audit_Log001"/>
  </swimlanes>
  <swimlanes x="1195" y="1569" bgColor="16744448" name="Swimlane" orientation="VERTICAL" alignment="MIDDLE">
    <elements href="assembly.xml#ValidateExistingInput0"/>
    <elements href="assembly.xml#logError00"/>
    <elements href="assembly.xml#Call_INT5253_Audit_Log0000"/>
  </swimlanes>
  <swimlanes x="48" y="469" bgColor="8454143" name="RetrieveFile">
    <elements href="assembly.xml#INT5253_RetrieveFile"/>
    <elements href="assembly.xml#CheckFile"/>
    <elements href="#//@swimlanes.34"/>
    <elements href="#//@swimlanes.1"/>
    <elements href="#//@swimlanes.3"/>
    <elements href="assembly.xml#RemoveHeader"/>
    <elements href="assembly.xml#Aggregator"/>
    <elements href="assembly.xml#AsyncMediation2"/>
    <elements href="#//@swimlanes.35"/>
  </swimlanes>
  <swimlanes x="429" y="629" name="Swimlane" orientation="VERTICAL">
    <elements href="assembly.xml#SyncMediation"/>
    <elements href="assembly.xml#Call_INT5253_Agg_File"/>
  </swimlanes>
  <swimlanes x="1901" y="632" name="Swimlane" orientation="VERTICAL">
    <elements href="assembly.xml#INT5253_Agg_File"/>
    <elements href="assembly.xml#Aggregator1"/>
  </swimlanes>
</wdnm:Diagram>
