<?xml version="1.0" encoding="UTF-8"?>
<wdnm:Diagram xmlns:wdnm="http://workday.com/studio/editors/notation">
  <element href="assembly.xml#WorkdayAssembly"/>
  <visualProperties x="411" y="1674">
    <element href="assembly.xml#Copy"/>
  </visualProperties>
  <visualProperties x="704" y="1593">
    <element href="assembly.xml#ForFreq"/>
  </visualProperties>
  <visualProperties x="189" y="1703">
    <element href="assembly.xml#MsgInputsRetrieved"/>
  </visualProperties>
  <visualProperties x="1058" y="1674">
    <element href="assembly.xml#CallPayrollInputs"/>
  </visualProperties>
  <visualProperties x="139" y="1604">
    <element href="assembly.xml#ProcessWorker"/>
  </visualProperties>
  <visualProperties>
    <element href="assembly.xml#PutPayrollInput"/>
  </visualProperties>
  <visualProperties>
    <element href="assembly.xml#Error_PayrollInputsSubProcess"/>
  </visualProperties>
  <visualProperties>
    <element href="assembly.xml#GetInput"/>
  </visualProperties>
  <visualProperties>
    <element href="assembly.xml#GetInputs"/>
  </visualProperties>
  <visualProperties>
    <element href="assembly.xml#Error_GetRequest"/>
  </visualProperties>
  <visualProperties>
    <element href="assembly.xml#PagedGet"/>
  </visualProperties>
  <visualProperties>
    <element href="assembly.xml#AggInputs"/>
  </visualProperties>
  <visualProperties>
    <element href="assembly.xml#AggregatorInput"/>
  </visualProperties>
  <visualProperties>
    <element href="assembly.xml#SplittertoHash"/>
  </visualProperties>
  <visualProperties>
    <element href="assembly.xml#StoreInputHashMap"/>
  </visualProperties>
  <visualProperties>
    <element href="assembly.xml#Error_InputsHash"/>
  </visualProperties>
  <visualProperties x="90" y="124">
    <element href="assembly.xml#StartHere"/>
  </visualProperties>
  <visualProperties>
    <element href="assembly.xml#Retrievel"/>
  </visualProperties>
  <visualProperties>
    <element href="assembly.xml#DocRetrieval"/>
  </visualProperties>
  <visualProperties>
    <element href="assembly.xml#Splitter"/>
  </visualProperties>
  <visualProperties>
    <element href="assembly.xml#ProcessFile"/>
  </visualProperties>
  <visualProperties>
    <element href="assembly.xml#Aggregator"/>
  </visualProperties>
  <visualProperties>
    <element href="assembly.xml#InputFile"/>
  </visualProperties>
  <visualProperties>
    <element href="assembly.xml#MsgRetrieval"/>
  </visualProperties>
  <visualProperties x="718" y="1758">
    <element href="assembly.xml#Call_ErrorProcessWorker"/>
  </visualProperties>
  <visualProperties x="1052" y="1593">
    <element href="assembly.xml#CallCloseInputs"/>
  </visualProperties>
  <visualProperties>
    <element href="assembly.xml#ValidationModeOn"/>
  </visualProperties>
  <visualProperties>
    <element href="assembly.xml#CloseInputRequest"/>
  </visualProperties>
  <visualProperties>
    <element href="assembly.xml#AsyncMediation0"/>
  </visualProperties>
  <visualProperties>
    <element href="assembly.xml#Error_CloseOpenInputSubProcessUSBW"/>
  </visualProperties>
  <visualProperties x="1071" y="1750">
    <element href="assembly.xml#CountSuccess"/>
  </visualProperties>
  <visualProperties x="659" y="171">
    <element href="assembly.xml#Call-Retrieval"/>
  </visualProperties>
  <visualProperties>
    <element href="assembly.xml#Call_PeriodsDate"/>
  </visualProperties>
  <visualProperties>
    <element href="assembly.xml#Call_GetFreq"/>
  </visualProperties>
  <visualProperties>
    <element href="assembly.xml#ProcessEndInputs"/>
  </visualProperties>
  <visualProperties>
    <element href="assembly.xml#UpdateDeductionCSMC"/>
  </visualProperties>
  <visualProperties>
    <element href="assembly.xml#Error_CloseOpenInputSubProcess"/>
  </visualProperties>
  <visualProperties>
    <element href="assembly.xml#UpdateDeductionCSML"/>
  </visualProperties>
  <visualProperties x="1242" y="1794">
    <element href="assembly.xml#CallAuditRow"/>
  </visualProperties>
  <visualProperties x="978" y="666">
    <element href="assembly.xml#Error_Doc_retrieval"/>
  </visualProperties>
  <visualProperties>
    <element href="assembly.xml#ValidationMode_On"/>
  </visualProperties>
  <visualProperties>
    <element href="assembly.xml#PayrollInputRequest"/>
  </visualProperties>
  <visualProperties>
    <element href="assembly.xml#Call_GetInput"/>
  </visualProperties>
  <visualProperties>
    <element href="assembly.xml#Call_ProcessWorker"/>
  </visualProperties>
  <visualProperties>
    <element href="assembly.xml#Call_FinalizeLog"/>
  </visualProperties>
  <visualProperties>
    <element href="assembly.xml#CallPutIntegrationEvent"/>
  </visualProperties>
  <visualProperties>
    <element href="assembly.xml#GetFreq"/>
  </visualProperties>
  <visualProperties>
    <element href="assembly.xml#GetWorkerData"/>
  </visualProperties>
  <visualProperties>
    <element href="assembly.xml#Splitbypayrgroup"/>
  </visualProperties>
  <visualProperties>
    <element href="assembly.xml#HashMapPayGroup"/>
  </visualProperties>
  <visualProperties>
    <element href="assembly.xml#Error_HashMapPayGroup"/>
  </visualProperties>
  <visualProperties x="493" y="88">
    <element href="assembly.xml#Integration-ValidationModeEnabled"/>
  </visualProperties>
  <visualProperties>
    <element href="assembly.xml#AsyncMediation"/>
  </visualProperties>
  <visualProperties>
    <element href="assembly.xml#Error_Initialization"/>
  </visualProperties>
  <visualProperties>
    <element href="assembly.xml#ProcessPayrollInputs"/>
  </visualProperties>
  <visualProperties>
    <element href="assembly.xml#PutPayrollInputCSMC"/>
  </visualProperties>
  <visualProperties>
    <element href="assembly.xml#CallSubRoutine"/>
  </visualProperties>
  <visualProperties>
    <element href="assembly.xml#PutPayrollInputCSML"/>
  </visualProperties>
  <visualProperties>
    <element href="assembly.xml#PeriodsDate"/>
  </visualProperties>
  <visualProperties>
    <element href="assembly.xml#CallPeriodDateReport"/>
  </visualProperties>
  <visualProperties>
    <element href="assembly.xml#SplitterDates"/>
  </visualProperties>
  <visualProperties>
    <element href="assembly.xml#HashMapDates"/>
  </visualProperties>
  <visualProperties>
    <element href="assembly.xml#Error_HashMap"/>
  </visualProperties>
  <visualProperties x="363" y="1670">
    <element href="assembly.xml#Splitter1"/>
  </visualProperties>
  <visualProperties>
    <element href="assembly.xml#WriteAuditRow"/>
  </visualProperties>
  <visualProperties>
    <element href="assembly.xml#WriteAuditRowStep"/>
  </visualProperties>
  <visualProperties>
    <element href="assembly.xml#FinalizeLog"/>
  </visualProperties>
  <visualProperties>
    <element href="assembly.xml#AuditAggregator"/>
  </visualProperties>
  <visualProperties>
    <element href="assembly.xml#SetAuditStore"/>
  </visualProperties>
  <visualProperties>
    <element href="assembly.xml#Audit_Log"/>
  </visualProperties>
  <visualProperties>
    <element href="assembly.xml#//@beans/@mixed.1/@mixed.157"/>
  </visualProperties>
  <visualProperties>
    <element href="assembly.xml#CrticalErrorHandler"/>
  </visualProperties>
  <visualProperties>
    <element href="assembly.xml#Call_Critical_Message"/>
  </visualProperties>
  <visualProperties>
    <element href="assembly.xml#Call_Critical_Event"/>
  </visualProperties>
  <visualProperties>
    <element href="assembly.xml#ErrorHandler"/>
  </visualProperties>
  <visualProperties>
    <element href="assembly.xml#Error_Handler"/>
  </visualProperties>
  <visualProperties>
    <element href="assembly.xml#AsyncMediation1"/>
  </visualProperties>
  <visualProperties>
    <element href="assembly.xml#Call_Audit_Row"/>
  </visualProperties>
  <visualProperties>
    <element href="assembly.xml#PutIntegrationMessage"/>
  </visualProperties>
  <visualProperties x="1240" y="2114">
    <element href="assembly.xml#Route"/>
  </visualProperties>
  <visualProperties x="136" y="2054">
    <element href="assembly.xml#Route0"/>
  </visualProperties>
  <visualProperties x="226" y="637">
    <element href="assembly.xml#RetrievalError"/>
  </visualProperties>
  <visualProperties x="411" y="637">
    <element href="assembly.xml#IntegrationEnd"/>
  </visualProperties>
  <visualProperties x="1245" y="1818">
    <element href="assembly.xml#CallSkip_Invalidpaygroup"/>
  </visualProperties>
  <visualProperties x="861" y="27">
    <element href="assembly.xml#Route1"/>
  </visualProperties>
  <visualProperties x="1068" y="252">
    <element href="assembly.xml#IntegrationEnd0"/>
  </visualProperties>
  <decorations x="52" y="1902" width="1104" height="531" fgColor="128" type="NOTE" text="End Exisitng Payroll Inputs"/>
  <decorations x="73" y="23" width="1232" height="292" type="NOTE" text="Main Process"/>
  <decorations x="96" y="1534" width="1036" height="360" type="NOTE" text="Text"/>
  <decorations x="1195" y="1930" width="1275" height="445" type="NOTE" text="Create Deduction Payroll Input Data"/>
  <connections type="routesTo" sourceAnchorX="1.0" sourceAnchorY="0.3020833333333333" targetAnchorX="0.3333333333333333" targetAnchorY="0.15384615384615385">
    <source href="assembly.xml#Copy"/>
    <target href="assembly.xml#Splitter1"/>
  </connections>
  <connections type="routesTo" sourceAnchorX="1.0" sourceAnchorY="0.11023622047244094" targetAnchorX="0.37735849056603776" targetAnchorY="0.2702702702702703">
    <source href="assembly.xml#ForFreq"/>
    <target href="assembly.xml#CallCloseInputs"/>
  </connections>
  <connections type="routesTo" sourceAnchorX="0.7403846153846154" sourceAnchorY="1.0" targetAnchorX="0.18543046357615894" targetAnchorY="0.29347826086956524">
    <source href="assembly.xml#//@beans/@mixed.1/@splitter.0/@subRoute.0"/>
    <target href="assembly.xml#ForFreq"/>
  </connections>
  <connections type="routesTo" sourceAnchorX="0.4452296819787986" sourceAnchorY="1.0" targetAnchorX="0.3230088495575221" targetAnchorY="0.35135135135135137">
    <source href="assembly.xml#//@beans/@mixed.1/@mixed.125/@mixed.3"/>
    <target href="assembly.xml#Call_ErrorProcessWorker"/>
  </connections>
  <connections type="routesTo" sourceAnchorX="0.80625" sourceAnchorY="1.0" targetAnchorX="0.22151898734177214" targetAnchorY="0.3783783783783784">
    <source href="assembly.xml#ProcessWorker"/>
    <target href="assembly.xml#MsgInputsRetrieved"/>
  </connections>
  <connections type="routesResponseTo" sourceAnchorX="0.6727272727272727" sourceAnchorY="1.0" targetAnchorX="0.28776978417266186" targetAnchorY="0.07608695652173914">
    <source href="assembly.xml#CallPayrollInputs"/>
    <target href="assembly.xml#CountSuccess"/>
  </connections>
  <connections type="routesResponseTo" sourceAnchorX="0.7924528301886793" sourceAnchorY="1.0" targetAnchorX="0.2848101265822785" targetAnchorY="0.35135135135135137">
    <source href="assembly.xml#CallCloseInputs"/>
    <target href="assembly.xml#CallPayrollInputs"/>
  </connections>
  <connections type="routesTo" sourceAnchorX="1.0" sourceAnchorY="0.09090909090909091" targetAnchorX="0.08878504672897196" targetAnchorY="0.4881889763779528">
    <source href="assembly.xml#PutPayrollInput"/>
    <target href="assembly.xml#ValidationMode_On"/>
  </connections>
  <connections type="routesTo" sourceAnchorX="1.0" sourceAnchorY="0.3229166666666667" targetAnchorX="0.12949640287769784" targetAnchorY="0.41711229946524064">
    <source href="assembly.xml#PutPayrollInputCSML"/>
    <target href="assembly.xml#PutPayrollInput"/>
  </connections>
  <connections type="routesTo" sourceAnchorX="1.0" sourceAnchorY="0.17708333333333334" targetAnchorX="0.1510791366906475" targetAnchorY="0.3422459893048128">
    <source href="assembly.xml#PutPayrollInputCSMC"/>
    <target href="assembly.xml#PutPayrollInput"/>
  </connections>
  <connections type="routesTo" sourceAnchorX="0.7458563535911602" sourceAnchorY="1.0" targetAnchorX="0.5458015267175572" targetAnchorY="0.43243243243243246">
    <source href="assembly.xml#//@beans/@mixed.1/@mixed.117/@mixed.5"/>
    <target href="assembly.xml#Error_PayrollInputsSubProcess"/>
  </connections>
  <connections type="routesTo" sourceAnchorX="0.20253164556962025" sourceAnchorY="1.0" targetAnchorX="0.7824427480916031" targetAnchorY="0.40540540540540543">
    <source href="assembly.xml#//@beans/@mixed.1/@mixed.47/@mixed.3"/>
    <target href="assembly.xml#Error_PayrollInputsSubProcess"/>
  </connections>
  <connections type="routesTo" sourceAnchorX="0.9322033898305084" sourceAnchorY="1.0" targetAnchorX="0.16793893129770993" targetAnchorY="0.5135135135135135">
    <source href="assembly.xml#//@beans/@mixed.1/@mixed.13/@mixed.3"/>
    <target href="assembly.xml#Error_PayrollInputsSubProcess"/>
  </connections>
  <connections type="routesTo" sourceAnchorX="0.8738738738738738" sourceAnchorY="1.0" targetAnchorX="0.17218543046357615" targetAnchorY="0.14130434782608695">
    <source href="assembly.xml#GetInput"/>
    <target href="assembly.xml#GetInputs"/>
  </connections>
  <connections type="routesTo">
    <source href="assembly.xml#GetInputs"/>
    <target href="assembly.xml#PagedGet"/>
  </connections>
  <connections type="routesTo" sourceAnchorX="0.6721311475409836" sourceAnchorY="1.0" targetAnchorX="0.5113636363636364" targetAnchorY="0.32432432432432434">
    <source href="assembly.xml#//@beans/@mixed.1/@mixed.111/@mixed.3"/>
    <target href="assembly.xml#Error_GetRequest"/>
  </connections>
  <connections type="routesTo" sourceAnchorX="0.8181818181818182" sourceAnchorY="1.0" targetAnchorX="0.1839080459770115" targetAnchorY="0.44339622641509435">
    <source href="assembly.xml#AggInputs"/>
    <target href="assembly.xml#AggregatorInput"/>
  </connections>
  <connections type="routesTo" sourceAnchorX="1.0" sourceAnchorY="0.24528301886792453" targetAnchorX="0.6581196581196581" targetAnchorY="0.49230769230769234">
    <source href="assembly.xml#AggregatorInput"/>
    <target href="assembly.xml#SplittertoHash"/>
  </connections>
  <connections type="routesTo" sourceAnchorX="0.775" sourceAnchorY="1.0" targetAnchorX="0.10650887573964497" targetAnchorY="0.1956521739130435">
    <source href="assembly.xml#//@beans/@mixed.1/@splitter.4/@subRoute.0"/>
    <target href="assembly.xml#StoreInputHashMap"/>
  </connections>
  <connections type="routesTo" sourceAnchorX="0.8554216867469879" sourceAnchorY="1.0" targetAnchorX="0.5614035087719298" targetAnchorY="0.2972972972972973">
    <source href="assembly.xml#//@beans/@mixed.1/@mixed.99/@mixed.3"/>
    <target href="assembly.xml#Error_InputsHash"/>
  </connections>
  <connections type="routesTo">
    <source href="assembly.xml#StartHere"/>
    <target href="assembly.xml#AsyncMediation"/>
  </connections>
  <connections type="routesTo">
    <source href="assembly.xml#Retrievel"/>
    <target href="assembly.xml#DocRetrieval"/>
  </connections>
  <connections type="routesTo" sourceAnchorX="0.8173076923076923" sourceAnchorY="1.0" targetAnchorX="0.17218543046357615" targetAnchorY="0.22826086956521738">
    <source href="assembly.xml#//@beans/@mixed.1/@splitter.3/@subRoute.0"/>
    <target href="assembly.xml#ProcessFile"/>
  </connections>
  <connections type="routesTo">
    <source href="assembly.xml#ProcessFile"/>
    <target href="assembly.xml#Aggregator"/>
  </connections>
  <connections type="routesTo" sourceAnchorX="0.4657534246575342" sourceAnchorY="1.0" targetAnchorX="0.5189873417721519" targetAnchorY="0.1891891891891892">
    <source href="assembly.xml#//@beans/@mixed.1/@mixed.87/@mixed.3"/>
    <target href="assembly.xml#Error_Doc_retrieval"/>
  </connections>
  <connections type="routesTo">
    <source href="assembly.xml#Aggregator"/>
    <target href="assembly.xml#InputFile"/>
  </connections>
  <connections type="routesTo">
    <source href="assembly.xml#InputFile"/>
    <target href="assembly.xml#MsgRetrieval"/>
  </connections>
  <connections type="routesTo" sourceAnchorX="0.35502958579881655" sourceAnchorY="1.0" targetAnchorX="0.6708860759493671" targetAnchorY="0.2972972972972973">
    <source href="assembly.xml#//@beans/@mixed.1/@mixed.83/@mixed.3"/>
    <target href="assembly.xml#Error_Doc_retrieval"/>
  </connections>
  <connections type="routesTo">
    <source href="assembly.xml#ValidationModeOn"/>
    <target href="assembly.xml#CloseInputRequest"/>
  </connections>
  <connections type="routesTo" sourceAnchorX="1.0" sourceAnchorY="0.16535433070866143" targetAnchorX="0.0335195530726257" targetAnchorY="0.4094488188976378">
    <source href="assembly.xml#AsyncMediation0"/>
    <target href="assembly.xml#ValidationModeOn"/>
  </connections>
  <connections type="routesTo" sourceAnchorX="0.8837209302325582" sourceAnchorY="1.0" targetAnchorX="0.9118541033434651" targetAnchorY="0.32432432432432434">
    <source href="assembly.xml#//@beans/@mixed.1/@mixed.75/@mixed.3"/>
    <target href="assembly.xml#Error_CloseOpenInputSubProcessUSBW"/>
  </connections>
  <connections type="routesTo" sourceAnchorX="1.0" sourceAnchorY="0.2125984251968504" targetAnchorX="0.13725490196078433" targetAnchorY="0.75">
    <source href="assembly.xml#UpdateDeductionCSML"/>
    <target href="assembly.xml#AsyncMediation0"/>
  </connections>
  <connections type="routesTo" sourceAnchorX="1.0" sourceAnchorY="0.1889763779527559" targetAnchorX="0.16993464052287582" targetAnchorY="0.12598425196850394">
    <source href="assembly.xml#UpdateDeductionCSMC"/>
    <target href="assembly.xml#AsyncMediation0"/>
  </connections>
  <connections type="routesTo" sourceAnchorX="0.8356164383561644" sourceAnchorY="1.0" targetAnchorX="0.8844984802431611" targetAnchorY="0.35135135135135137">
    <source href="assembly.xml#//@beans/@mixed.1/@mixed.71/@mixed.3"/>
    <target href="assembly.xml#Error_CloseOpenInputSubProcessUSBW"/>
  </connections>
  <connections type="routesTo" sourceAnchorX="0.4826086956521739" sourceAnchorY="1.0" targetAnchorX="0.4194528875379939" targetAnchorY="0.7567567567567568">
    <source href="assembly.xml#//@beans/@mixed.1/@mixed.53/@mixed.3"/>
    <target href="assembly.xml#Error_CloseOpenInputSubProcessUSBW"/>
  </connections>
  <connections type="routesTo">
    <source href="assembly.xml#CountSuccess"/>
    <target href="assembly.xml#CallAuditRow"/>
  </connections>
  <connections type="routesResponseTo">
    <source href="assembly.xml#Integration-ValidationModeEnabled"/>
    <target href="assembly.xml#Call-Retrieval"/>
  </connections>
  <connections type="routesResponseTo" sourceAnchorX="0.7660818713450293" sourceAnchorY="1.0" targetAnchorX="0.12658227848101267" targetAnchorY="0.3783783783783784">
    <source href="assembly.xml#Call_PeriodsDate"/>
    <target href="assembly.xml#Call_GetFreq"/>
  </connections>
  <connections type="routesResponseTo" sourceAnchorX="0.6643356643356644" sourceAnchorY="1.0" targetAnchorX="0.2848101265822785" targetAnchorY="0.4594594594594595">
    <source href="assembly.xml#Call_GetFreq"/>
    <target href="assembly.xml#Call_GetInput"/>
  </connections>
  <connections type="routesTo" sourceAnchorX="0.6652173913043479" sourceAnchorY="1.0" targetAnchorX="0.3415492957746479" targetAnchorY="0.2972972972972973">
    <source href="assembly.xml#//@beans/@mixed.1/@mixed.57/@mixed.3"/>
    <target href="assembly.xml#Error_CloseOpenInputSubProcess"/>
  </connections>
  <connections type="routesTo" sourceAnchorX="1.0" sourceAnchorY="0.15748031496062992" targetAnchorX="0.12138728323699421" targetAnchorY="0.3783783783783784">
    <source href="assembly.xml#ValidationMode_On"/>
    <target href="assembly.xml#PayrollInputRequest"/>
  </connections>
  <connections type="routesResponseTo" sourceAnchorX="0.5902777777777778" sourceAnchorY="1.0" targetAnchorX="0.21761658031088082" targetAnchorY="0.21621621621621623">
    <source href="assembly.xml#Call_GetInput"/>
    <target href="assembly.xml#Call_ProcessWorker"/>
  </connections>
  <connections type="routesResponseTo" sourceAnchorX="0.5699481865284974" sourceAnchorY="1.0" targetAnchorX="0.4146341463414634" targetAnchorY="0.5135135135135135">
    <source href="assembly.xml#Call_ProcessWorker"/>
    <target href="assembly.xml#Call_FinalizeLog"/>
  </connections>
  <connections type="routesResponseTo" sourceAnchorX="0.8414634146341463" sourceAnchorY="1.0" targetAnchorX="0.2974683544303797" targetAnchorY="0.43243243243243246">
    <source href="assembly.xml#Call_FinalizeLog"/>
    <target href="assembly.xml#CallPutIntegrationEvent"/>
  </connections>
  <connections type="routesTo">
    <source href="assembly.xml#GetFreq"/>
    <target href="assembly.xml#GetWorkerData"/>
  </connections>
  <connections type="routesResponseTo">
    <source href="assembly.xml#GetWorkerData"/>
    <target href="assembly.xml#Splitbypayrgroup"/>
  </connections>
  <connections type="routesTo" sourceAnchorX="0.7115384615384616" sourceAnchorY="1.0" targetAnchorX="0.044444444444444446" targetAnchorY="0.3937007874015748">
    <source href="assembly.xml#//@beans/@mixed.1/@splitter.2/@subRoute.0"/>
    <target href="assembly.xml#HashMapPayGroup"/>
  </connections>
  <connections type="routesTo" sourceAnchorX="0.963302752293578" sourceAnchorY="1.0" targetAnchorX="0.29910714285714285" targetAnchorY="0.08108108108108109">
    <source href="assembly.xml#//@beans/@mixed.1/@mixed.29/@mixed.3"/>
    <target href="assembly.xml#Error_HashMapPayGroup"/>
  </connections>
  <connections type="routesTo">
    <source href="assembly.xml#AsyncMediation"/>
    <target href="assembly.xml#Integration-ValidationModeEnabled"/>
  </connections>
  <connections type="routesTo" sourceAnchorX="0.7205882352941176" sourceAnchorY="1.0" targetAnchorX="0.20348837209302326" targetAnchorY="0.40540540540540543">
    <source href="assembly.xml#//@beans/@mixed.1/@mixed.23/@mixed.3"/>
    <target href="assembly.xml#Error_Initialization"/>
  </connections>
  <connections type="routesTo" sourceAnchorX="0.5375722543352601" sourceAnchorY="1.0" targetAnchorX="0.1518987341772152" targetAnchorY="0.35135135135135137">
    <source href="assembly.xml#//@beans/@mixed.1/@mixed.17/@mixed.3"/>
    <target href="assembly.xml#CallSubRoutine"/>
  </connections>
  <connections type="routesTo" sourceAnchorX="0.7028985507246377" sourceAnchorY="1.0" targetAnchorX="0.3" targetAnchorY="0.35135135135135137">
    <source href="assembly.xml#PeriodsDate"/>
    <target href="assembly.xml#CallPeriodDateReport"/>
  </connections>
  <connections type="routesResponseTo" sourceAnchorX="0.7487437185929648" sourceAnchorY="1.0" targetAnchorX="0.1111111111111111" targetAnchorY="0.29878048780487804">
    <source href="assembly.xml#CallPeriodDateReport"/>
    <target href="assembly.xml#SplitterDates"/>
  </connections>
  <connections type="routesTo" sourceAnchorX="0.8230088495575221" sourceAnchorY="1.0" targetAnchorX="0.11258278145695365" targetAnchorY="0.2391304347826087">
    <source href="assembly.xml#//@beans/@mixed.1/@splitter.1/@subRoute.0"/>
    <target href="assembly.xml#HashMapDates"/>
  </connections>
  <connections type="routesTo" sourceAnchorX="0.5363128491620112" sourceAnchorY="1.0" targetAnchorX="0.610062893081761" targetAnchorY="0.1891891891891892">
    <source href="assembly.xml#//@beans/@mixed.1/@mixed.5/@mixed.3"/>
    <target href="assembly.xml#Error_HashMap"/>
  </connections>
  <connections type="routesResponseTo" sourceAnchorX="0.2972972972972973" sourceAnchorY="1.0" targetAnchorX="0.6578947368421053" targetAnchorY="0.2604166666666667">
    <source href="assembly.xml#MsgInputsRetrieved"/>
    <target href="assembly.xml#Copy"/>
  </connections>
  <connections type="routesTo" sourceAnchorX="0.5974025974025974" sourceAnchorY="1.0" targetAnchorX="0.6026490066225165" targetAnchorY="0.08695652173913043">
    <source href="assembly.xml#WriteAuditRow"/>
    <target href="assembly.xml#WriteAuditRowStep"/>
  </connections>
  <connections type="routesTo" sourceAnchorX="1.0" sourceAnchorY="0.3020833333333333" targetAnchorX="0.42528735632183906" targetAnchorY="0.42452830188679247">
    <source href="assembly.xml#WriteAuditRowStep"/>
    <target href="assembly.xml#AuditAggregator"/>
  </connections>
  <connections type="routesTo" sourceAnchorX="0.6793893129770993" sourceAnchorY="1.0" targetAnchorX="0.5517241379310345" targetAnchorY="0.1320754716981132">
    <source href="assembly.xml#FinalizeLog"/>
    <target href="assembly.xml#AuditAggregator"/>
  </connections>
  <connections type="routesTo" sourceAnchorX="1.0" sourceAnchorY="0.19811320754716982" targetAnchorY="0.14583333333333334">
    <source href="assembly.xml#AuditAggregator"/>
    <target href="assembly.xml#SetAuditStore"/>
  </connections>
  <connections type="routesTo" sourceAnchorX="1.0" sourceAnchorY="0.20833333333333334" targetAnchorX="0.1487603305785124" targetAnchorY="0.40540540540540543">
    <source href="assembly.xml#SetAuditStore"/>
    <target href="assembly.xml#Audit_Log"/>
  </connections>
  <connections type="routesTo" sourceAnchorX="0.6863905325443787" sourceAnchorY="1.0" targetAnchorX="0.19760479041916168" targetAnchorY="0.2708333333333333">
    <source href="assembly.xml#//@beans/@mixed.1/@mixed.157"/>
    <target href="assembly.xml#CrticalErrorHandler"/>
  </connections>
  <connections type="routesTo" sourceAnchorX="1.0" sourceAnchorY="0.25" targetAnchorX="0.2079207920792079" targetAnchorY="0.2702702702702703">
    <source href="assembly.xml#CrticalErrorHandler"/>
    <target href="assembly.xml#Call_Critical_Message"/>
  </connections>
  <connections type="routesResponseTo" sourceAnchorX="0.7970297029702971" sourceAnchorY="1.0" targetAnchorX="0.26582278481012656" targetAnchorY="0.2702702702702703">
    <source href="assembly.xml#Call_Critical_Message"/>
    <target href="assembly.xml#Call_Critical_Event"/>
  </connections>
  <connections type="routesTo" sourceAnchorX="0.8142857142857143" sourceAnchorY="1.0" targetAnchorX="0.23780487804878048" targetAnchorY="0.1875">
    <source href="assembly.xml#ErrorHandler"/>
    <target href="assembly.xml#Error_Handler"/>
  </connections>
  <connections type="routesTo" sourceAnchorX="1.0" sourceAnchorY="0.09375" targetAnchorX="0.25165562913907286" targetAnchorY="0.14130434782608695">
    <source href="assembly.xml#Error_Handler"/>
    <target href="assembly.xml#AsyncMediation1"/>
  </connections>
  <connections type="routesTo" sourceAnchorX="1.0" sourceAnchorY="0.14583333333333334" targetAnchorX="0.325" targetAnchorY="0.13513513513513514">
    <source href="assembly.xml#AsyncMediation1"/>
    <target href="assembly.xml#Call_Audit_Row"/>
  </connections>
  <connections type="routesResponseTo" sourceAnchorX="0.7625" sourceAnchorY="1.0" targetAnchorX="0.14146341463414633" targetAnchorY="0.32432432432432434">
    <source href="assembly.xml#Call_Audit_Row"/>
    <target href="assembly.xml#PutIntegrationMessage"/>
  </connections>
  <connections type="routesTo" sourceAnchorX="0.6205128205128205" sourceAnchorY="1.0" targetAnchorX="0.494949494949495" targetAnchorY="0.040740740740740744">
    <source href="assembly.xml#ProcessPayrollInputs"/>
    <target href="assembly.xml#Route"/>
  </connections>
  <connections type="routesTo" sourceAnchorX="0.8255813953488372" sourceAnchorY="1.0" targetAnchorX="0.04945054945054945" targetAnchorY="0.33858267716535434">
    <source href="assembly.xml#//@beans/@mixed.1/@route.0/@subRoute.0"/>
    <target href="assembly.xml#PutPayrollInputCSMC"/>
  </connections>
  <connections type="routesTo" sourceAnchorX="1.0" sourceAnchorY="0.4411764705882353" targetAnchorX="0.18994413407821228" targetAnchorY="0.3700787401574803">
    <source href="assembly.xml#//@beans/@mixed.1/@route.0/@subRoute.1"/>
    <target href="assembly.xml#PutPayrollInputCSML"/>
  </connections>
  <connections type="routesTo" sourceAnchorX="1.0" sourceAnchorY="0.38235294117647056" targetAnchorX="0.05907172995780591" targetAnchorY="0.5748031496062992">
    <source href="assembly.xml#//@beans/@mixed.1/@route.1/@subRoute.0"/>
    <target href="assembly.xml#UpdateDeductionCSMC"/>
  </connections>
  <connections type="routesTo" sourceAnchorX="0.7288135593220338" sourceAnchorY="1.0" targetAnchorX="0.5656565656565656" targetAnchorY="0.040740740740740744">
    <source href="assembly.xml#ProcessEndInputs"/>
    <target href="assembly.xml#Route0"/>
  </connections>
  <connections type="routesTo" sourceAnchorX="0.6976744186046512" sourceAnchorY="1.0" targetAnchorX="0.14767932489451477" targetAnchorY="0.3228346456692913">
    <source href="assembly.xml#//@beans/@mixed.1/@route.1/@subRoute.1"/>
    <target href="assembly.xml#UpdateDeductionCSML"/>
  </connections>
  <connections type="routesResponseTo" sourceAnchorX="0.5986394557823129" sourceAnchorY="1.0" targetAnchorX="0.26" targetAnchorY="0.13513513513513514">
    <source href="assembly.xml#RetrievalError"/>
    <target href="assembly.xml#IntegrationEnd"/>
  </connections>
  <connections type="routesTo" sourceAnchorX="0.37280701754385964" sourceAnchorY="1.0" targetAnchorX="0.6666666666666666" targetAnchorY="0.5135135135135135">
    <source href="assembly.xml#//@beans/@mixed.1/@mixed.91/@mixed.5"/>
    <target href="assembly.xml#RetrievalError"/>
  </connections>
  <connections type="routesResponseTo" sourceAnchorX="0.8055555555555556" sourceAnchorY="1.0" targetAnchorX="0.18674698795180722" targetAnchorY="0.5135135135135135">
    <source href="assembly.xml#CallAuditRow"/>
    <target href="assembly.xml#CallSkip_Invalidpaygroup"/>
  </connections>
  <connections type="routesTo" sourceAnchorX="1.0" sourceAnchorY="0.058823529411764705" targetAnchorX="0.1794871794871795" targetAnchorY="0.3231707317073171">
    <source href="assembly.xml#DocRetrieval"/>
    <target href="assembly.xml#Splitter"/>
  </connections>
  <connections type="routesResponseTo" sourceAnchorX="0.7638888888888888" sourceAnchorY="1.0" targetAnchorX="0.1390728476821192" targetAnchorY="0.2814814814814815">
    <source href="assembly.xml#Call-Retrieval"/>
    <target href="assembly.xml#Route1"/>
  </connections>
  <connections type="routesTo" sourceAnchorX="0.8115942028985508" sourceAnchorY="1.0" targetAnchorX="0.011695906432748537" targetAnchorY="0.3783783783783784">
    <source href="assembly.xml#//@beans/@mixed.1/@route.2/@subRoute.0"/>
    <target href="assembly.xml#Call_PeriodsDate"/>
  </connections>
  <connections type="routesTo" sourceAnchorX="0.8188405797101449" sourceAnchorY="1.0" targetAnchorX="0.0949367088607595" targetAnchorY="0.6756756756756757">
    <source href="assembly.xml#//@beans/@mixed.1/@route.2/@subRoute.1"/>
    <target href="assembly.xml#IntegrationEnd0"/>
  </connections>
  <swimlanes x="1694" y="1997" name="Swimlane" orientation="VERTICAL">
    <elements href="assembly.xml#PutPayrollInput"/>
    <elements href="assembly.xml#Error_PayrollInputsSubProcess"/>
  </swimlanes>
  <swimlanes name="Swimlane" orientation="VERTICAL">
    <elements href="assembly.xml#GetInputs"/>
    <elements href="assembly.xml#Error_GetRequest"/>
  </swimlanes>
  <swimlanes name="Swimlane" orientation="VERTICAL">
    <elements href="assembly.xml#StoreInputHashMap"/>
    <elements href="assembly.xml#Error_InputsHash"/>
  </swimlanes>
  <swimlanes x="86" y="1217" name="Get Exisiting Input">
    <elements href="assembly.xml#GetInput"/>
    <elements href="#//@swimlanes.1"/>
    <elements href="assembly.xml#PagedGet"/>
    <elements href="assembly.xml#AggInputs"/>
    <elements href="assembly.xml#AggregatorInput"/>
    <elements href="assembly.xml#SplittertoHash"/>
    <elements href="#//@swimlanes.2"/>
  </swimlanes>
  <swimlanes name="Swimlane" orientation="VERTICAL">
    <elements href="assembly.xml#InputFile"/>
    <elements href="assembly.xml#MsgRetrieval"/>
  </swimlanes>
  <swimlanes x="86" y="324" name="Retrieve Input file" alignment="MIDDLE">
    <elements href="assembly.xml#Retrievel"/>
    <elements href="assembly.xml#DocRetrieval"/>
    <elements href="assembly.xml#Splitter"/>
    <elements href="assembly.xml#ProcessFile"/>
    <elements href="assembly.xml#Aggregator"/>
    <elements href="#//@swimlanes.4"/>
  </swimlanes>
  <swimlanes name="Swimlane">
    <elements href="assembly.xml#ValidationModeOn"/>
    <elements href="assembly.xml#CloseInputRequest"/>
  </swimlanes>
  <swimlanes name="Swimlane" orientation="VERTICAL">
    <elements href="assembly.xml#AsyncMediation0"/>
    <elements href="assembly.xml#Error_CloseOpenInputSubProcessUSBW"/>
  </swimlanes>
  <swimlanes x="691" y="1902" name="Swimlane" orientation="VERTICAL" elements="//@swimlanes.6 //@swimlanes.7"/>
  <swimlanes x="1060" y="38" name="Swimlane" orientation="VERTICAL">
    <elements href="assembly.xml#Call_PeriodsDate"/>
    <elements href="assembly.xml#Call_GetFreq"/>
  </swimlanes>
  <swimlanes name="Swimlane" orientation="VERTICAL">
    <elements href="assembly.xml#ProcessEndInputs"/>
    <elements href="assembly.xml#Route0"/>
  </swimlanes>
  <swimlanes name="Swimlane" orientation="VERTICAL">
    <elements href="assembly.xml#UpdateDeductionCSMC"/>
    <elements href="assembly.xml#Error_CloseOpenInputSubProcess"/>
    <elements href="assembly.xml#UpdateDeductionCSML"/>
  </swimlanes>
  <swimlanes x="66" y="1930" name="Swimlane" elements="//@swimlanes.10 //@swimlanes.11"/>
  <swimlanes x="2022" y="1944" name="Swimlane">
    <elements href="assembly.xml#ValidationMode_On"/>
    <elements href="assembly.xml#PayrollInputRequest"/>
  </swimlanes>
  <swimlanes x="1292" y="20" name="Swimlane" orientation="VERTICAL">
    <elements href="assembly.xml#Call_GetInput"/>
    <elements href="assembly.xml#Call_ProcessWorker"/>
    <elements href="assembly.xml#Call_FinalizeLog"/>
    <elements href="assembly.xml#CallPutIntegrationEvent"/>
  </swimlanes>
  <swimlanes x="87" y="977" name="GetFreq">
    <elements href="assembly.xml#GetFreq"/>
    <elements href="assembly.xml#GetWorkerData"/>
    <elements href="assembly.xml#Splitbypayrgroup"/>
    <elements href="assembly.xml#HashMapPayGroup"/>
    <elements href="assembly.xml#Error_HashMapPayGroup"/>
  </swimlanes>
  <swimlanes x="245" y="52" name="Swimlane" orientation="VERTICAL">
    <elements href="assembly.xml#AsyncMediation"/>
    <elements href="assembly.xml#Error_Initialization"/>
  </swimlanes>
  <swimlanes x="1201" y="1971" name="Swimlane" orientation="VERTICAL">
    <elements href="assembly.xml#ProcessPayrollInputs"/>
    <elements href="assembly.xml#Route"/>
  </swimlanes>
  <swimlanes x="1457" y="1964" name="Swimlane" orientation="VERTICAL">
    <elements href="assembly.xml#PutPayrollInputCSMC"/>
    <elements href="assembly.xml#CallSubRoutine"/>
    <elements href="assembly.xml#PutPayrollInputCSML"/>
  </swimlanes>
  <swimlanes name="Swimlane" orientation="VERTICAL">
    <elements href="assembly.xml#HashMapDates"/>
    <elements href="assembly.xml#Error_HashMap"/>
  </swimlanes>
  <swimlanes x="86" y="673" name="Get Period Dates">
    <elements href="assembly.xml#PeriodsDate"/>
    <elements href="assembly.xml#CallPeriodDateReport"/>
    <elements href="assembly.xml#SplitterDates"/>
    <elements href="#//@swimlanes.19"/>
  </swimlanes>
  <swimlanes x="884" y="1534" name="Swimlane" orientation="VERTICAL">
    <elements href="assembly.xml#CallCloseInputs"/>
    <elements href="assembly.xml#CallPayrollInputs"/>
    <elements href="assembly.xml#CountSuccess"/>
    <elements href="assembly.xml#CallAuditRow"/>
  </swimlanes>
  <swimlanes x="114" y="1559" name="Swimlane" orientation="VERTICAL">
    <elements href="assembly.xml#ProcessWorker"/>
    <elements href="assembly.xml#MsgInputsRetrieved"/>
    <elements href="assembly.xml#Copy"/>
  </swimlanes>
  <swimlanes x="516" y="1577" name="Swimlane" orientation="VERTICAL">
    <elements href="assembly.xml#ForFreq"/>
    <elements href="assembly.xml#Call_ErrorProcessWorker"/>
  </swimlanes>
  <swimlanes name="Swimlane" orientation="VERTICAL">
    <elements href="assembly.xml#WriteAuditRow"/>
    <elements href="assembly.xml#WriteAuditRowStep"/>
  </swimlanes>
  <swimlanes name="Swimlane" orientation="VERTICAL">
    <elements href="assembly.xml#FinalizeLog"/>
    <elements href="assembly.xml#AuditAggregator"/>
  </swimlanes>
  <swimlanes x="52" y="2465" name="Logging Task">
    <elements href="#//@swimlanes.24"/>
    <elements href="#//@swimlanes.25"/>
    <elements href="assembly.xml#SetAuditStore"/>
    <elements href="assembly.xml#Audit_Log"/>
  </swimlanes>
  <swimlanes x="1040" y="2677" name="Global Error Handler">
    <elements href="assembly.xml#//@beans/@mixed.1/@mixed.157"/>
    <elements href="assembly.xml#CrticalErrorHandler"/>
    <elements href="assembly.xml#Call_Critical_Message"/>
    <elements href="assembly.xml#Call_Critical_Event"/>
  </swimlanes>
  <swimlanes x="1040" y="2482" name="Local Error Handler">
    <elements href="assembly.xml#ErrorHandler"/>
    <elements href="assembly.xml#Error_Handler"/>
    <elements href="assembly.xml#AsyncMediation1"/>
    <elements href="assembly.xml#Call_Audit_Row"/>
    <elements href="assembly.xml#PutIntegrationMessage"/>
  </swimlanes>
</wdnm:Diagram>
