<?xml version="1.0" encoding="UTF-8"?>
<beans
     xmlns="http://www.springframework.org/schema/beans"
     xmlns:beans="http://www.springframework.org/schema/beans"
     xmlns:atom="http://www.w3.org/2005/Atom"
     xmlns:cc="http://www.capeclear.com/assembly/10"
     xmlns:cloud="urn:com.workday/esb/cloud/10.0"
     xmlns:env="http://schemas.xmlsoap.org/soap/envelope/"
     xmlns:pi="urn:com.workday/picof"
     xmlns:wd="urn:com.workday/bsvc"
     xmlns:xsi="http://www.w3.org/2001/XMLSchema-instance">
 
	<cc:assembly id="WorkdayAssembly" version="2020.36">
        <cc:workday-in id="StartHere" routes-to="CallTapUserAccess">
            <cc:integration-system name="WXTND INT0121 Assign TAPS Security">
        <cloud:param name="As of Date">
          <cloud:type>
            <cloud:simple-type>datetime</cloud:simple-type>
          </cloud:type>
          <cloud:default>
            <cloud:class-report-field description="Current Moment (DateTime)" type="WID">df4effe76deb4222a79001d6737cf91c</cloud:class-report-field>
          </cloud:default>
        </cloud:param>
        <cloud:param name="Worker">
          <cloud:type>
            <cloud:class-report-field description="Workers" type="WID" singular="false">fa68d8fd288410001591544b6d3d83f2</cloud:class-report-field>
          </cloud:type>
          <cloud:launch-option>do-not-show</cloud:launch-option>
        </cloud:param>
        <cloud:param name="Admin Entry Start Date">
          <cloud:type>
            <cloud:simple-type>date</cloud:simple-type>
          </cloud:type>
        </cloud:param>
        <cloud:param name="Admin Entry End Date">
          <cloud:type>
            <cloud:simple-type>date</cloud:simple-type>
          </cloud:type>
        </cloud:param>
        <cloud:attribute-map-service name="WXTND_INT0121_Attribute">
          <cloud:attribute name="Security Group">
            <cloud:type>
              <cloud:class-report-field description="Security Group" type="WID" singular="true">f8e8e64606d64573a712272ccac6544c</cloud:class-report-field>
            </cloud:type>
            <cloud:display-option>required-for-launch</cloud:display-option>
          </cloud:attribute>
          <cloud:attribute name="Admin Security Group">
            <cloud:type>
              <cloud:class-report-field description="Security Group" type="WID" singular="true">f8e8e64606d64573a712272ccac6544c</cloud:class-report-field>
            </cloud:type>
            <cloud:display-option>required-for-launch</cloud:display-option>
          </cloud:attribute>
        </cloud:attribute-map-service>
        <cloud:report-service name="WXTND INT0121 Assign TAPS Security_RS">
          <cloud:report-alias description="WXTND TAPS User Security Group Assignment" name="WXTNDApprovedNonTAPSUser">
            <cloud:report-reference description="WXTND TAPS User Security Group Assignment" type="WID">2481a497d0fa01d910aeb9facc39d003</cloud:report-reference>
          </cloud:report-alias>
          <cloud:report-alias description="WXTND TAPS Admin Users Custom Object Data" name="WXTNDTAPSAdminUsersData">
            <cloud:report-reference description="WXTND TAPS Admin Users Custom Object Data" type="WID">2481a497d0fa012f4c402a9cae39e8f3</cloud:report-reference>
          </cloud:report-alias>
        </cloud:report-service>
      </cc:integration-system>
        </cc:workday-in>
        <cc:workday-out-rest id="tapsUser" execute-when="props['p.processingGroup'] == 'User'" routes-response-to="adminUser" extra-path="@{intsys.reportService.getExtrapath('WXTNDApprovedNonTAPSUser')}?Security_Groups_for_User!WID=@{intsys.getAttributeReferenceData('Security Group', 'WID')}@{props['p.worker.prompt']}"/>
        <cc:async-mediation id="AsyncMediation" routes-to="tapsUser" handle-downstream-errors="true">
            <cc:steps>
            </cc:steps>
            <cc:send-error id="SendError" routes-to="CallErrorUser2"/>
        </cc:async-mediation>
        <cc:async-mediation id="AsyncMediation0" routes-to="Splitter0">
            <cc:steps>
                <cc:validate-exp id="validateUser">
                    <cc:expression failure-message="ERROR" replace-message="true">parts[0].xstreamB('wd:Report_Data/wd:Report_Entry') == true</cc:expression>
                </cc:validate-exp>
                <cc:xslt-plus execute-when="props['p.processingGroup'] == 'User'" id="user" url="INT0121_Assign_User_Based_Security_Rrequest_for_User.xsl"/>
                <cc:xslt-plus execute-when="props['p.processingGroup'] == 'Admin'" id="admin" url="INT0121_Assign_User_Based_Security_Rrequest_for_Admin.xsl"/>
            </cc:steps>
            <cc:send-error id="SendError" routes-to="CallErrorUser2"/>
        </cc:async-mediation>
        <cc:workday-out-soap id="AddUser" routes-response-to="AsyncMediation3" application="Human_Resources" version="v33.2"/>
        <cc:local-in id="AssignSecurityUser" routes-to="AsyncMediation"/>
        <cc:local-out id="CallErrorUser2" endpoint="vm://WXTND_INT0121_Assign_TAPS_Security/ErrorLine"><cc:set name="p.Status" value="parts[0].xstreamB('wd:Report_Data/wd:Report_Entry') == false &amp;&amp; props['p.processingGroup'] == 'User' ? 'No User to assign WXTND TAPS Access' : parts[0].xstreamB('wd:Report_Data/wd:Report_Entry') == false &amp;&amp; props['p.processingGroup'] == 'Admin' ? 'No User to assign WXTND TAPS Admin' : 'ERROR'"/></cc:local-out>
        <cc:local-out id="CallSuccessUser" execute-when="props['p.success']" endpoint="vm://WXTND_INT0121_Assign_TAPS_Security/SuccessLine"><cc:set name="Status" value="props['p.processingGroup'] == 'User' ? 'Added to WXTND TAPS Access' : 'Added to WXTND TAPS Admin'"/></cc:local-out>
        <cc:local-out id="CallAssignSecurityUser" endpoint="vm://WXTND_INT0121_Assign_TAPS_Security/AssignSecurityUser"><cc:set name="p.processingGroup" value="'User'"/></cc:local-out>
        <cc:async-mediation id="AsyncMediation1" execute-steps-when="vars.isVariable('CloudLog')">
            <cc:steps>
                <cc:store id="Store" output="variable" output-variable="CloudLogStored" input="variable" input-variable="CloudLog" createDocumentReference="true" title="TAPS Access Audit Log.html"/>
            </cc:steps>
        </cc:async-mediation>
        <cc:async-mediation id="AsyncMediation2" routes-to="CallAssignSecurityUser">
            <cc:steps>
                <cc:eval id="Eval">
                    <cc:expression>props['p.securityGroup'] = intsys.getAttributeReferenceData('Security Group', 'WID')</cc:expression>
                    <cc:expression>props['p.success'] = false</cc:expression>
                    <cc:expression>props['p.worker.wid'] = util.listToDelimString(lp.getReferenceDataList('Worker', 'WID'), '!')</cc:expression>
                    <cc:expression>props['p.worker.prompt'] = props['p.worker.wid'] != null ? '&amp;Worker!WID=' + props['p.worker.wid'] : empty</cc:expression>
                    <cc:expression>props['p.processingGroup'] = 'User'</cc:expression>
                </cc:eval>
            </cc:steps>
        </cc:async-mediation>
        <cc:route id="Route">
            <cc:all-strategy/>
            <cc:sub-route name="SubRoute" routes-to="AddUser"/>
            <cc:sub-route name="Alternate" routes-to="CallSuccessUser"/>
        </cc:route>
        <cc:async-mediation id="AsyncMediation3">
            <cc:steps>
                <cc:eval id="Eval">
                    <cc:expression>props['p.success'] = true</cc:expression>
                </cc:eval>
            </cc:steps>
        </cc:async-mediation>
        <cc:local-in id="TapUserAccess" routes-to="AsyncMediation2"/>
        <cc:local-out id="CallTapUserAccess" routes-response-to="CallTapsAdminAccess" endpoint="vm://WXTND_INT0121_Assign_TAPS_Security/TapUserAccess"/>
        <cc:local-out id="CallAssignSecurityAdmin" endpoint="vm://WXTND_INT0121_Assign_TAPS_Security/AssignSecurityUser"><cc:set name="p.processingGroup" value="'Admin'"/></cc:local-out>
        <cc:async-mediation id="AsyncMediation20" routes-to="CallAssignSecurityAdmin">
            <cc:steps>
                <cc:eval id="Eval">
                    <cc:expression>props['p.securityGroup'] = intsys.getAttributeReferenceData('Admin Security Group', 'WID')</cc:expression>
                    <cc:expression>props['p.success'] = false</cc:expression>
                    <cc:expression>props['p.processingGroup'] = 'Admin'</cc:expression>
                    <cc:expression>props['p.submittedStartDate'] = lp.getDate('Admin Entry Start Date')</cc:expression>
                    <cc:expression>props['p.submittedEndDate'] = lp.getDate('Admin Entry End Date')</cc:expression>
                </cc:eval>
            </cc:steps>
        </cc:async-mediation>
        <cc:local-in id="TapsAdminAccess" routes-to="AsyncMediation20"/>
        <cc:async-mediation id="Error">
            <cc:steps>
                <cc:cloud-log id="CloudLog" level="warn" message="@{props['p.Status']}" message-details="Warning (can be ignored)" variable-name="CloudLog"/>
            </cc:steps>
        </cc:async-mediation>
        <cc:local-in id="ErrorLine" routes-to="Error">
            
        </cc:local-in>
        <cc:async-mediation id="Success">
            <cc:steps>
                <cc:cloud-log id="CloudLog" level="info" message="@{props['Status']}" message-details="Success" reference-id="parts[0].xpath('wd:Workday_Account_Reference/wd:ID')" variable-name="CloudLog"/>
            </cc:steps>
        </cc:async-mediation>
        <cc:splitter id="Splitter" no-split-message-error="false">
            <cc:sub-route name="SubRoute" routes-to="Success"/>
            <cc:xml-stream-splitter xpath="env:Envelope/env:Body/wd:Put_Assign_User-Based_Security_Groups_Request/wd:Assign_User-Based_Security_Groups_Data/wd:Workday_Account_Reference"/>
        </cc:splitter>
        <cc:local-in id="SuccessLine" routes-to="Splitter"/>
        <cc:local-out id="CallTapsAdminAccess" routes-response-to="AsyncMediation1" endpoint="vm://WXTND_INT0121_Assign_TAPS_Security/TapsAdminAccess"/>
        <cc:send-error id="global-error-handler" rethrow-error="false" routes-to="Note-Error"/>
        <cc:local-out id="Note-Error" endpoint="vm://wcc/PutIntegrationMessage">
            <cc:set name="is.message.severity" value="'CRITICAL'"/>
            <cc:set name="is.message.summary" value="context.errorMessage"/>
        </cc:local-out>
        <cc:splitter id="Splitter0">
            <cc:sub-route name="SubRoute" routes-to="AsyncMediation5"/>
            <cc:xml-stream-splitter xpath="root/wd:Put_Assign_User-Based_Security_Groups_Request"/>
        </cc:splitter>
        <cc:async-mediation id="AsyncMediation5" routes-to="Route">
            <cc:steps>
                <cc:wrap-soap id="WrapSoap"/></cc:steps>
        </cc:async-mediation>
        <cc:workday-out-rest id="adminUser" execute-when="props['p.processingGroup'] == 'Admin'" routes-response-to="AsyncMediation0" extra-path="@{intsys.reportService.getExtrapath('WXTNDTAPSAdminUsersData')}?submittedDateFrom=@{props['p.submittedStartDate']}&amp;submittedDateTo=@{props['p.submittedEndDate']}"/>
	</cc:assembly>

</beans>