<?xml version="1.0" encoding="UTF-8"?>
<beans
     xmlns="http://www.springframework.org/schema/beans"
     xmlns:beans="http://www.springframework.org/schema/beans"
     xmlns:atom="http://www.w3.org/2005/Atom"
     xmlns:cc="http://www.capeclear.com/assembly/10"
     xmlns:cloud="urn:com.workday/esb/cloud/10.0"
     xmlns:env="http://schemas.xmlsoap.org/soap/envelope/"
     xmlns:pi="urn:com.workday/picof"
     xmlns:wd="urn:com.workday/bsvc"
     xmlns:xsi="http://www.w3.org/2001/XMLSchema-instance">
 
	<cc:assembly id="WorkdayAssembly" version="2017.35">
        <cc:workday-in id="StartHere" routes-to="CallAttributeAndMaps">
            <cc:integration-system name="INT0050 Great West Life Payroll Input Inbound">
        <cloud:param name="Validation Mode">
          <cloud:type>
            <cloud:simple-type>boolean</cloud:simple-type>
          </cloud:type>
          <cloud:default/>
        </cloud:param>
        <cloud:param name="Effective Date">
          <cloud:type>
            <cloud:simple-type>datetime</cloud:simple-type>
          </cloud:type>
          <cloud:default>
            <cloud:class-report-field description="Current Moment (DateTime)" type="WID">df4effe76deb4222a79001d6737cf91c</cloud:class-report-field>
          </cloud:default>
        </cloud:param>
        <cloud:attribute-map-service name="INT0050-Generic">
          <cloud:attribute name="Document Retention Policy">
            <cloud:type>
              <cloud:simple-type>number</cloud:simple-type>
            </cloud:type>
          </cloud:attribute>
          <cloud:attribute name="WWS Version">
            <cloud:type>
              <cloud:simple-type>text</cloud:simple-type>
            </cloud:type>
          </cloud:attribute>
          <cloud:attribute name="Unpaid Leave">
            <cloud:type>
              <cloud:class-report-field description="Leave Types for Worker" type="WID" singular="false">b80cfa5615ce4e1093b19854e394c990</cloud:class-report-field>
            </cloud:type>
          </cloud:attribute>
          <cloud:map name="Benefit Plan">
            <cloud:internal-type>
              <cloud:class-report-field description="Retirement Savings Plan" type="WID">148e2d4ed0ea4d81afb003055d16ccfb</cloud:class-report-field>
            </cloud:internal-type>
            <cloud:external-type>
              <cloud:simple-type>text</cloud:simple-type>
            </cloud:external-type>
          </cloud:map>
          <cloud:map name="Benefit Event Type">
            <cloud:internal-type>
              <cloud:class-report-field description="Retirement Savings Plan" type="WID">148e2d4ed0ea4d81afb003055d16ccfb</cloud:class-report-field>
            </cloud:internal-type>
            <cloud:external-type>
              <cloud:simple-type>text</cloud:simple-type>
            </cloud:external-type>
          </cloud:map>
        </cloud:attribute-map-service>
        <cloud:retrieval-service name="INT0050-Retrieval"/>
        <cloud:service-reference name="INT0050-FieldOverride"/>
      </cc:integration-system>
        </cc:workday-in>
        <cc:route id="RetrieveFile">
            <cc:doc-iterator/>
            <cc:sub-route name="RouteRetrieval" routes-to="ProcessInboundFile"/>
        </cc:route>
        <cc:async-mediation id="ProcessInboundFile" routes-to="CallGetProps">
            <cc:steps>
                <cc:copy id="Copy" input="variable" input-variable="wd.retrieve.variable"/>
                <cc:csv-to-xml id="CsvToXml" input="message" rootName="Root" rowName="Row" useFirstLineAsHeader="true"/>
                <cc:xslt id="Xslt" url="TransformInboundFile.xsl"/>
            </cc:steps>
            <cc:send-error id="SendError" routes-to="Retrieval-Error"/>
        </cc:async-mediation>
        <cc:local-out id="Retrieval-Error" endpoint="vm://wcc/PutIntegrationMessage">
            <cc:set name="is.message.severity" value="'ERROR'"/>
            <cc:set name="is.message.summary" value="'Failure at retrieval: ' + context.errorMessage"/>
        </cc:local-out>
        <cc:local-in id="GetProps" routes-to="SplitOnEE"/>
        <cc:local-out id="CallGetProps" store-message="none" routes-response-to="CallCloseAuditAgg" endpoint="vm://INT0050-GreatWestLifePayrollInputInbound/GetProps"/>
        <cc:splitter id="Splitter" no-split-message-error="true">
            <cc:sub-route name="SubRoute" routes-to="DeclareProps"/>
            <cc:xml-stream-splitter xpath="Employee/Row"/>
        </cc:splitter>
        <cc:async-mediation id="DeclareProps" routes-to="GetEEData" handle-downstream-errors="true">
            <cc:steps>
                <cc:eval id="Reset">
                    <cc:expression>props['critical.error.occurred'] = false;</cc:expression>
                    <cc:expression>props['EmployeeID'] = empty;</cc:expression>
                    <cc:expression>props['DeductionCode'] = empty;</cc:expression>
                    <cc:expression>props['effectivedate'] = empty;</cc:expression>
                    <cc:expression>props['Ben_Plan'] = empty;</cc:expression>
                    <cc:expression>props['DeductionCalc'] = empty;</cc:expression>
                    <cc:expression>props['DeductionAddlAmount'] = empty;</cc:expression>
                    <cc:expression>props['DeductionPercent'] = empty;</cc:expression>
                    <cc:expression>props['Elect'] = false;</cc:expression>
                    <cc:expression>props['curr.period.start.date'] = empty;&#xD;
props['Cov.Begin.Date'] = empty;&#xD;
props['Ded.Begin.Date'] = empty;</cc:expression>
                    <cc:expression>props['ee.CDCONT'] = empty; props['ee.CDEMPE'] = empty; props['ee.VOLCD'] = empty; props['ee.EEMVOL'] = empty;&#xD;
props['ee.ERMVOL'] = empty; props['ee.RSP'] = empty; props['ee.NBRRSP'] = empty; props['ee.RSPSP'] = empty;&#xD;
props['ee.VOLRSP'] = empty; props['ee.VOLNB'] = empty; props['ee.VRSPSP'] = empty; props['ee.RRSPQV'] = empty;&#xD;
props['ee.RSPQVS'] = empty;</cc:expression>
                    <cc:expression>props['ee.CDCONT.pct'] = empty; props['ee.CDEMPE.pct'] = empty; props['ee.VOLCD.pct'] = empty; props['ee.EEMVOL.pct'] = empty;&#xD;
props['ee.ERMVOL.pct'] = empty; props['ee.RSP.pct'] = empty; props['ee.NBRRSP.pct'] = empty; props['ee.RSPSP.pct'] = empty;&#xD;
props['ee.VOLRSP.pct'] = empty; props['ee.VOLNB.pct'] = empty; props['ee.VRSPSP.pct'] = empty; props['ee.RRSPQV.pct'] = empty;&#xD;
props['ee.RSPQVS.pct'] = empty;</cc:expression>
                    <cc:expression>props['ee.VOLRSP.amt'] = empty; props['ee.VOLNB.amt'] = empty; props['ee.VRSPSP.amt'] = empty; </cc:expression>
                    <cc:expression>props['ee.enrolled.plans'].clear();</cc:expression>
                    <cc:expression>props['skip.CDEMPE'] = false;</cc:expression>
                    <cc:expression>props['ee.enrolled.req.plans'].clear();</cc:expression>
                    <cc:expression>props['Ben.Plan.Pct.Map'].clear();</cc:expression>
                    <cc:expression>props['Ben.Plan.Amt.Map'].clear();</cc:expression>
                </cc:eval>
                <cc:eval id="Eval">
                    <cc:expression>props['EmployeeID'] = parts[0].xpath('Row/EMPLID')</cc:expression>
                    <cc:expression>props['DeductionCode'] = parts[0].xpath('Row/DEDCD')</cc:expression>
                    <cc:expression>props['effectivedate'] = parts[0].xpath('Row/EFFDT')</cc:expression>
                    <cc:expression>props['deductionCode'] = parts[0].xpath('Row/DEDCD')</cc:expression>
                    <cc:expression>props['Ben_Plan'] = props['Ben.Plan.map'].get(props['deductionCode']) ;</cc:expression>
                    <cc:expression>props['DeductionCalc'] = parts[0].xpath('Row/DED_CALC').toString();</cc:expression>
                    <cc:expression>props['DeductionAddlAmount'] = parts[0].xpath('Row/DED_ADDL_AMT')</cc:expression>
                    <cc:expression>props['DeductionAddlAmount'] = props['DeductionAddlAmount'] == '' ? '0' : props['DeductionAddlAmount'];</cc:expression>
                    <cc:expression>props['DeductionPercent'] = parts[0].xpath('Row/DED_RATE_PCT'); </cc:expression>
                    <cc:expression>props['DeductionPercent'] = props['DeductionPercent'] == '' ? '0' : props['DeductionPercent'];</cc:expression>
                    <cc:expression>props['EffectiveDatemonth'] = props['effectivedate'].substring(0,2)</cc:expression>
                    <cc:expression>props['EffectiveDateday'] = props['effectivedate'].substring(3,5)</cc:expression>
                    <cc:expression>props['EffectiveDateyear'] = props['effectivedate'].substring(6, 10)</cc:expression>
                    <cc:expression>props['EffectiveDate'] = props['EffectiveDateyear'] # '-' # props['EffectiveDatemonth'] # '-' # props['EffectiveDateday']</cc:expression>
                    <cc:expression>//props['Effective.Date'] = new java.text.SimpleDateFormat(&quot;yyyy-MM-dd&quot;).parse(props['Effective.Date']);</cc:expression>
                    <cc:expression>//props['current.Date'] = new java.text.SimpleDateFormat(&quot;yyyy-MM-dd&quot;).parse(props['lp.asof.date']);</cc:expression>
                    <cc:expression>//props['EffectiveDate'] &lt;= props['current.Date'] ? props['Effective.Date'] = props['current.Date'];</cc:expression>
                    <cc:expression>props['EffectiveDate'] &lt;= props['lp.asof.date'] ? props['EffectiveDate'] = props['lp.asof.date'];</cc:expression>
                    <cc:expression>props['EventDate'] =props['EffectiveDate'] > props['lp.asof.date'] ? props['EffectiveDate'] : props['lp.asof.date'];</cc:expression>
                    <cc:expression>props['skip.CDEMPE'] = ((props['RSP'] == 'RSP' || props['RSPSP'] == 'RSPSP') &amp;&amp; (props['DeductionCode'] == 'CDEMPE' &amp;&amp; (props['DeductionAddlAmount'] > '0' || props['DeductionPercent'] > '0'))) ? true : false;</cc:expression>
                    <cc:expression>props['ben.event.type'] = props['Ben.Event.Type.map'].get(props['Ben_Plan']) ;</cc:expression>
                </cc:eval>
                <cc:log id="Log">
                    <cc:log-message>
                        <cc:text>&#xD;
props['lp.asof.date'] = @{props['lp.asof.date']} = From LP&#xD;
props['effectivedate'] = @{props['effectivedate']}  = From File&#xD;
props['EffectiveDate'] = @{props['EffectiveDate']} = Formated&#xD;
props['Ben_Plan'] = @{props['Ben_Plan']}&#xD;
props['EventDate'] = @{props['EventDate']}&#xD;
props['DeductionAddlAmount'] = @{props['DeductionAddlAmount']}&#xD;
props['DeductionPercent'] = @{props['DeductionPercent']}&#xD;
props['ben.plan.type'] = @{props['ben.plan.type']}&#xD;
props['ben.event.type'] = @{props['ben.event.type']}</cc:text>
                    </cc:log-message>
                </cc:log>
                <cc:write id="Write">
                    <cc:message>
                        <cc:text>&lt;?xml version=&quot;1.0&quot; encoding=&quot;UTF-8&quot;?>&#xD;
&lt;env:Envelope&#xD;
    xmlns:env=&quot;http://schemas.xmlsoap.org/soap/envelope/&quot;&#xD;
    xmlns:xsd=&quot;http://www.w3.org/2001/XMLSchema&quot;>&#xD;
    &lt;env:Body>&#xD;
&lt;wd:Get_Workers_Request xmlns:wd=&quot;urn:com.workday/bsvc&quot; wd:version=&quot;@{props['att.wws.version']}&quot;>&#xD;
    &lt;wd:Request_References wd:Skip_Non_Existing_Instances=&quot;true&quot;>&#xD;
        &lt;wd:Worker_Reference>&#xD;
            &lt;wd:ID wd:type=&quot;Employee_ID&quot;>@{props['EmployeeID']}&lt;/wd:ID>&#xD;
        &lt;/wd:Worker_Reference>&#xD;
    &lt;/wd:Request_References>&#xD;
    &lt;wd:Request_Criteria>&#xD;
        &lt;wd:Exclude_Inactive_Workers>false&lt;/wd:Exclude_Inactive_Workers>&#xD;
        &lt;wd:Exclude_Employees>false&lt;/wd:Exclude_Employees>&#xD;
        &lt;wd:Exclude_Contingent_Workers>true&lt;/wd:Exclude_Contingent_Workers>&#xD;
        &lt;wd:Field_And_Parameter_Criteria_Data>&#xD;
            &lt;wd:Provider_Reference>&#xD;
                &lt;wd:ID wd:type=&quot;Integration_System_ID&quot;>@{props['int.sys']}&lt;/wd:ID>&#xD;
            &lt;/wd:Provider_Reference>&#xD;
        &lt;/wd:Field_And_Parameter_Criteria_Data>&#xD;
    &lt;/wd:Request_Criteria>&#xD;
    &lt;wd:Response_Group>&#xD;
        &lt;wd:Include_Reference>true&lt;/wd:Include_Reference>&#xD;
        &lt;wd:Include_Personal_Information>false&lt;/wd:Include_Personal_Information>&#xD;
        &lt;wd:Include_Additional_Jobs>false&lt;/wd:Include_Additional_Jobs>&#xD;
        &lt;wd:Include_Employment_Information>true&lt;/wd:Include_Employment_Information>&#xD;
        &lt;wd:Include_Compensation>false&lt;/wd:Include_Compensation>&#xD;
        &lt;wd:Include_Organizations>true&lt;/wd:Include_Organizations>&#xD;
        &lt;wd:Exclude_Organization_Support_Role_Data>true&lt;/wd:Exclude_Organization_Support_Role_Data>&#xD;
        &lt;wd:Exclude_Location_Hierarchies>true&lt;/wd:Exclude_Location_Hierarchies>&#xD;
        &lt;wd:Exclude_Cost_Centers>true&lt;/wd:Exclude_Cost_Centers>&#xD;
        &lt;wd:Exclude_Cost_Center_Hierarchies>true&lt;/wd:Exclude_Cost_Center_Hierarchies>&#xD;
        &lt;wd:Exclude_Companies>false&lt;/wd:Exclude_Companies>&#xD;
        &lt;wd:Exclude_Company_Hierarchies>true&lt;/wd:Exclude_Company_Hierarchies>&#xD;
        &lt;wd:Exclude_Matrix_Organizations>true&lt;/wd:Exclude_Matrix_Organizations>&#xD;
        &lt;wd:Exclude_Pay_Groups>true&lt;/wd:Exclude_Pay_Groups>&#xD;
        &lt;wd:Exclude_Regions>true&lt;/wd:Exclude_Regions>&#xD;
        &lt;wd:Exclude_Region_Hierarchies>true&lt;/wd:Exclude_Region_Hierarchies>&#xD;
        &lt;wd:Exclude_Supervisory_Organizations>true&lt;/wd:Exclude_Supervisory_Organizations>&#xD;
        &lt;wd:Exclude_Teams>true&lt;/wd:Exclude_Teams>&#xD;
        &lt;wd:Exclude_Custom_Organizations>true&lt;/wd:Exclude_Custom_Organizations>&#xD;
        &lt;wd:Include_Roles>false&lt;/wd:Include_Roles>&#xD;
        &lt;wd:Include_Management_Chain_Data>false&lt;/wd:Include_Management_Chain_Data>&#xD;
        &lt;wd:Include_Multiple_Managers_in_Management_Chain_Data>false&lt;/wd:Include_Multiple_Managers_in_Management_Chain_Data>&#xD;
        &lt;wd:Include_Benefit_Enrollments>false&lt;/wd:Include_Benefit_Enrollments>&#xD;
        &lt;wd:Include_Benefit_Eligibility>false&lt;/wd:Include_Benefit_Eligibility>&#xD;
        &lt;wd:Include_Related_Persons>false&lt;/wd:Include_Related_Persons>&#xD;
        &lt;wd:Include_Qualifications>false&lt;/wd:Include_Qualifications>&#xD;
        &lt;wd:Include_Employee_Review>false&lt;/wd:Include_Employee_Review>&#xD;
        &lt;wd:Include_Goals>false&lt;/wd:Include_Goals>&#xD;
        &lt;wd:Include_Development_Items>false&lt;/wd:Include_Development_Items>&#xD;
        &lt;wd:Include_Skills>false&lt;/wd:Include_Skills>&#xD;
        &lt;wd:Include_Photo>false&lt;/wd:Include_Photo>&#xD;
        &lt;wd:Include_Worker_Documents>false&lt;/wd:Include_Worker_Documents>&#xD;
        &lt;wd:Include_Transaction_Log_Data>false&lt;/wd:Include_Transaction_Log_Data>&#xD;
        &lt;wd:Include_Subevents_for_Corrected_Transaction>false&lt;/wd:Include_Subevents_for_Corrected_Transaction>&#xD;
        &lt;wd:Include_Subevents_for_Rescinded_Transaction>false&lt;/wd:Include_Subevents_for_Rescinded_Transaction>&#xD;
        &lt;wd:Include_Succession_Profile>false&lt;/wd:Include_Succession_Profile>&#xD;
        &lt;wd:Include_Talent_Assessment>false&lt;/wd:Include_Talent_Assessment>&#xD;
        &lt;wd:Include_Employee_Contract_Data>false&lt;/wd:Include_Employee_Contract_Data>&#xD;
        &lt;wd:Include_Collective_Agreement_Data>false&lt;/wd:Include_Collective_Agreement_Data>&#xD;
        &lt;wd:Include_Probation_Period_Data>false&lt;/wd:Include_Probation_Period_Data>&#xD;
        &lt;wd:Include_Feedback_Received>false&lt;/wd:Include_Feedback_Received>&#xD;
        &lt;wd:Include_User_Account>false&lt;/wd:Include_User_Account>&#xD;
        &lt;wd:Include_Career>false&lt;/wd:Include_Career>&#xD;
        &lt;wd:Include_Account_Provisioning>false&lt;/wd:Include_Account_Provisioning>&#xD;
        &lt;wd:Include_Background_Check_Data>false&lt;/wd:Include_Background_Check_Data>&#xD;
        &lt;wd:Include_Contingent_Worker_Tax_Authority_Form_Information>false&lt;/wd:Include_Contingent_Worker_Tax_Authority_Form_Information>&#xD;
        &lt;wd:Exclude_Funds>false&lt;/wd:Exclude_Funds>&#xD;
        &lt;wd:Exclude_Fund_Hierarchies>false&lt;/wd:Exclude_Fund_Hierarchies>&#xD;
        &lt;wd:Exclude_Grants>false&lt;/wd:Exclude_Grants>&#xD;
        &lt;wd:Exclude_Grant_Hierarchies>false&lt;/wd:Exclude_Grant_Hierarchies>&#xD;
        &lt;wd:Exclude_Business_Units>false&lt;/wd:Exclude_Business_Units>&#xD;
        &lt;wd:Exclude_Business_Unit_Hierarchies>false&lt;/wd:Exclude_Business_Unit_Hierarchies>&#xD;
        &lt;wd:Exclude_Programs>false&lt;/wd:Exclude_Programs>&#xD;
        &lt;wd:Exclude_Program_Hierarchies>false&lt;/wd:Exclude_Program_Hierarchies>&#xD;
        &lt;wd:Exclude_Gifts>false&lt;/wd:Exclude_Gifts>&#xD;
        &lt;wd:Exclude_Gift_Hierarchies>false&lt;/wd:Exclude_Gift_Hierarchies>&#xD;
    &lt;/wd:Response_Group>&#xD;
&lt;/wd:Get_Workers_Request>&#xD;
                &lt;/env:Body>&#xD;
&lt;/env:Envelope></cc:text>
                    </cc:message>
                </cc:write>
            </cc:steps>
            <cc:send-error id="SendError" routes-to="Splitter2Error"/>
        </cc:async-mediation>
        <cc:workday-out-soap id="GetEEData" routes-response-to="GetResponse" application="Human_Resources" version="@{props['att.wws.version']}"/>
        <cc:async-mediation id="GetResponse" routes-to="CallRetBen-Election">
            <cc:steps>
                <cc:eval id="Eval">
                    <cc:expression>props['companyID'] = parts[0].xpath('env:Envelope/env:Body/wd:Get_Workers_Response/wd:Response_Data/wd:Worker/wd:Worker_Data/wd:Organization_Data/wd:Worker_Organization_Data/wd:Organization_Data/wd:Organization_Code')</cc:expression>
                    <cc:expression>props['Terminated'] = parts[0].xpath('env:Envelope/env:Body/wd:Get_Workers_Response/wd:Response_Data/wd:Worker/wd:Worker_Data/wd:Employment_Data/wd:Worker_Status_Data/wd:Terminated')</cc:expression>
                    <cc:expression>props['ee.CDCONT'] = parts[0].xpath(&quot;env:Envelope/env:Body/wd:Get_Workers_Response/wd:Response_Data/wd:Worker/wd:Worker_Data/wd:Integration_Field_Override_Data[wd:Field_Reference/wd:ID[@wd:parent_id='INT0050-FieldOverride'] = 'INT0050 - Is CDCONT']/wd:Value&quot;, &quot;wd urn:com.workday/bsvc&quot;)</cc:expression>
                    <cc:expression>props['ee.CDCONT'] != empty ? props['ee.enrolled.plans'].add(props['ee.CDCONT']);</cc:expression>
                    <cc:expression>props['ee.CDEMPE'] = parts[0].xpath(&quot;env:Envelope/env:Body/wd:Get_Workers_Response/wd:Response_Data/wd:Worker/wd:Worker_Data/wd:Integration_Field_Override_Data[wd:Field_Reference/wd:ID[@wd:parent_id='INT0050-FieldOverride'] = 'INT0050 - Is CDEMPE']/wd:Value&quot;, &quot;wd urn:com.workday/bsvc&quot;)</cc:expression>
                    <cc:expression>props['ee.CDEMPE'] != empty ? props['ee.enrolled.plans'].add(props['ee.CDEMPE']);</cc:expression>
                    <cc:expression>props['ee.CDEMPE'] != empty ? props['ee.enrolled.req.plans'].add(props['ee.CDEMPE']);</cc:expression>
                    <cc:expression>props['ee.VOLCD'] = parts[0].xpath(&quot;env:Envelope/env:Body/wd:Get_Workers_Response/wd:Response_Data/wd:Worker/wd:Worker_Data/wd:Integration_Field_Override_Data[wd:Field_Reference/wd:ID[@wd:parent_id='INT0050-FieldOverride'] = 'INT0050 - Is VOLCD']/wd:Value&quot;, &quot;wd urn:com.workday/bsvc&quot;)</cc:expression>
                    <cc:expression>props['ee.VOLCD'] != empty ? props['ee.enrolled.plans'].add(props['ee.VOLCD']);</cc:expression>
                    <cc:expression>props['ee.EEMVOL'] = parts[0].xpath(&quot;env:Envelope/env:Body/wd:Get_Workers_Response/wd:Response_Data/wd:Worker/wd:Worker_Data/wd:Integration_Field_Override_Data[wd:Field_Reference/wd:ID[@wd:parent_id='INT0050-FieldOverride'] = 'INT0050 - Is EEMVOL']/wd:Value&quot;, &quot;wd urn:com.workday/bsvc&quot;)</cc:expression>
                    <cc:expression>props['ee.EEMVOL'] != empty ? props['ee.enrolled.plans'].add(props['ee.EEMVOL']);</cc:expression>
                    <cc:expression>props['ee.ERMVOL'] = parts[0].xpath(&quot;env:Envelope/env:Body/wd:Get_Workers_Response/wd:Response_Data/wd:Worker/wd:Worker_Data/wd:Integration_Field_Override_Data[wd:Field_Reference/wd:ID[@wd:parent_id='INT0050-FieldOverride'] = 'INT0050 - Is ERMVOL']/wd:Value&quot;, &quot;wd urn:com.workday/bsvc&quot;)</cc:expression>
                    <cc:expression>props['ee.ERMVOL'] != empty ? props['ee.enrolled.plans'].add(props['ee.ERMVOL']);</cc:expression>
                    <cc:expression>props['ee.RSP'] = parts[0].xpath(&quot;env:Envelope/env:Body/wd:Get_Workers_Response/wd:Response_Data/wd:Worker/wd:Worker_Data/wd:Integration_Field_Override_Data[wd:Field_Reference/wd:ID[@wd:parent_id='INT0050-FieldOverride'] = 'INT0050 - Is RSP']/wd:Value&quot;, &quot;wd urn:com.workday/bsvc&quot;)</cc:expression>
                    <cc:expression>props['ee.RSP'] != empty ? props['ee.enrolled.plans'].add(props['ee.RSP']);</cc:expression>
                    <cc:expression>props['ee.RSP'] != empty ? props['ee.enrolled.req.plans'].add(props['ee.RSP']);</cc:expression>
                    <cc:expression>props['ee.NBRRSP'] = parts[0].xpath(&quot;env:Envelope/env:Body/wd:Get_Workers_Response/wd:Response_Data/wd:Worker/wd:Worker_Data/wd:Integration_Field_Override_Data[wd:Field_Reference/wd:ID[@wd:parent_id='INT0050-FieldOverride'] = 'INT0050 - Is NBRRSP']/wd:Value&quot;, &quot;wd urn:com.workday/bsvc&quot;)</cc:expression>
                    <cc:expression>props['ee.NBRRSP'] != empty ? props['ee.enrolled.plans'].add(props['ee.NBRRSP']);</cc:expression>
                    <cc:expression>props['ee.RSPSP'] = parts[0].xpath(&quot;env:Envelope/env:Body/wd:Get_Workers_Response/wd:Response_Data/wd:Worker/wd:Worker_Data/wd:Integration_Field_Override_Data[wd:Field_Reference/wd:ID[@wd:parent_id='INT0050-FieldOverride'] = 'INT0050 - Is RSPSP']/wd:Value&quot;, &quot;wd urn:com.workday/bsvc&quot;)</cc:expression>
                    <cc:expression>props['ee.RSPSP'] != empty ? props['ee.enrolled.plans'].add(props['ee.RSPSP']);</cc:expression>
                    <cc:expression>props['ee.RSPSP'] != empty ? props['ee.enrolled.req.plans'].add(props['ee.RSPSP']);</cc:expression>
                    <cc:expression>props['ee.VOLRSP'] = parts[0].xpath(&quot;env:Envelope/env:Body/wd:Get_Workers_Response/wd:Response_Data/wd:Worker/wd:Worker_Data/wd:Integration_Field_Override_Data[wd:Field_Reference/wd:ID[@wd:parent_id='INT0050-FieldOverride'] = 'INT0050 - Is VOLRSP']/wd:Value&quot;, &quot;wd urn:com.workday/bsvc&quot;)</cc:expression>
                    <cc:expression>props['ee.VOLRSP'] != empty ? props['ee.enrolled.plans'].add(props['ee.VOLRSP']);</cc:expression>
                    <cc:expression>props['ee.VOLNB'] = parts[0].xpath(&quot;env:Envelope/env:Body/wd:Get_Workers_Response/wd:Response_Data/wd:Worker/wd:Worker_Data/wd:Integration_Field_Override_Data[wd:Field_Reference/wd:ID[@wd:parent_id='INT0050-FieldOverride'] = 'INT0050 - Is VOLNB']/wd:Value&quot;, &quot;wd urn:com.workday/bsvc&quot;)</cc:expression>
                    <cc:expression>props['ee.VOLNB'] != empty ? props['ee.enrolled.plans'].add(props['ee.VOLNB']);</cc:expression>
                    <cc:expression>props['ee.VRSPSP'] = parts[0].xpath(&quot;env:Envelope/env:Body/wd:Get_Workers_Response/wd:Response_Data/wd:Worker/wd:Worker_Data/wd:Integration_Field_Override_Data[wd:Field_Reference/wd:ID[@wd:parent_id='INT0050-FieldOverride'] = 'INT0050 - Is VRSPSP']/wd:Value&quot;, &quot;wd urn:com.workday/bsvc&quot;)</cc:expression>
                    <cc:expression>props['ee.VRSPSP'] != empty ? props['ee.enrolled.plans'].add(props['ee.VRSPSP']);</cc:expression>
                    <cc:expression>props['ee.RRSPQV'] = parts[0].xpath(&quot;env:Envelope/env:Body/wd:Get_Workers_Response/wd:Response_Data/wd:Worker/wd:Worker_Data/wd:Integration_Field_Override_Data[wd:Field_Reference/wd:ID[@wd:parent_id='INT0050-FieldOverride'] = 'INT0050 - Is RRSPQV']/wd:Value&quot;, &quot;wd urn:com.workday/bsvc&quot;)</cc:expression>
                    <cc:expression>props['ee.RRSPQV'] != empty ? props['ee.enrolled.plans'].add(props['ee.RRSPQV']);</cc:expression>
                    <cc:expression>props['ee.RSPQVS'] = parts[0].xpath(&quot;env:Envelope/env:Body/wd:Get_Workers_Response/wd:Response_Data/wd:Worker/wd:Worker_Data/wd:Integration_Field_Override_Data[wd:Field_Reference/wd:ID[@wd:parent_id='INT0050-FieldOverride'] = 'INT0050 - Is RSPQVS']/wd:Value&quot;, &quot;wd urn:com.workday/bsvc&quot;)</cc:expression>
                    <cc:expression>props['ee.RSPQVS'] != empty ? props['ee.enrolled.plans'].add(props['ee.RSPQVS']);</cc:expression>
                    <cc:expression>props['ee.on.leave'] = parts[0].xpath('env:Envelope/env:Body/wd:Get_Workers_Response/wd:Response_Data/wd:Worker/wd:Worker_Data/wd:Employment_Data/wd:Worker_Status_Data/wd:Leave_Status_Data[wd:On_Leave = &quot;1&quot;]/wd:Leave_of_Absence_Type_Reference/wd:ID[@wd:type=&quot;Leave_of_Absence_Type_ID&quot;]');</cc:expression>
                    <cc:expression>props['is.ee.on.unpaid.leave'] = props['att.Unpaid.Leave.Type'].contains(props['ee.on.leave']);</cc:expression>
                    <cc:expression>props['ee.VOLNB.Amt'] = parts[0].xpath(&quot;env:Envelope/env:Body/wd:Get_Workers_Response/wd:Response_Data/wd:Worker/wd:Worker_Data/wd:Integration_Field_Override_Data[wd:Field_Reference/wd:ID[@wd:parent_id='INT0050-FieldOverride'] = 'INT0050 - VOLNB Amount']/wd:Value&quot;, &quot;wd urn:com.workday/bsvc&quot;)</cc:expression>
                    <cc:expression>props['ee.VOLNB.Pct'] = parts[0].xpath(&quot;env:Envelope/env:Body/wd:Get_Workers_Response/wd:Response_Data/wd:Worker/wd:Worker_Data/wd:Integration_Field_Override_Data[wd:Field_Reference/wd:ID[@wd:parent_id='INT0050-FieldOverride'] = 'INT0050 - VOLNB Percentage']/wd:Value&quot;, &quot;wd urn:com.workday/bsvc&quot;)</cc:expression>
                    <cc:expression>props['VOLNB.edit'] = ((props['DeductionCode'] == 'VOLCD' || props['DeductionCode'] == 'VOLRSP' || props['DeductionCode'] == 'VRSPSP') &amp;&amp;(props['ee.VOLNB.Amt'] > '0' || props['ee.VOLNB.Pct'] > '0' )) ? false : true;</cc:expression>
                    <cc:expression>props['req.opt.edit'] = ((props['DeductionCode'] == 'RSP' || props['DeductionCode'] == 'RSPSP' || props['DeductionCode'] == 'CDEMPE') &amp;&amp; props['ee.NBRRSP'] == 'NBRRSP') ? false : true;</cc:expression>
                    <cc:expression>props['stop.req.opt.edit'] = ((props['DeductionCode'] == 'RSP' || props['DeductionCode'] == 'RSPSP' || props['DeductionCode'] == 'CDEMPE') &amp;&amp; ((props['DeductionCalc'] == 'A' &amp;&amp; props['DeductionAddlAmount'] == '0') || (props['DeductionCalc'] == 'E' &amp;&amp; props['DeductionPercent'] == '0')) &amp;&amp; (props['ee.enrolled.req.plans'].contains(props['DeductionCode']) &amp;&amp; props['ee.enrolled.req.plans'].size() == '1' )) ? false : true;</cc:expression>
                    <cc:expression>props['ee.province'] = parts[0].xpath('env:Envelope/env:Body/wd:Get_Workers_Response/wd:Response_Data/wd:Worker/wd:Worker_Data/wd:Employment_Data/wd:Worker_Job_Data/wd:Position_Data/wd:Business_Site_Summary_Data/wd:Address_Data/wd:Country_Region_Reference/wd:ID[@wd:type=&quot;ISO_3166-2_Code&quot;]');</cc:expression>
                    <cc:expression>props['Subgroup.02.edit'] = (( props['DeductionCode'] == 'RSP' || props['DeductionCode'] == 'RSPSP') &amp;&amp; (props['ee.province'] == 'QC' || props['ee.province'] == 'NB' || props['ee.province'] == 'MB')) ? false : true;</cc:expression>
                    <cc:expression>props['STOP.CDEMPE.edit'] = ((( props['DeductionCode'] == 'RSP' || props['DeductionCode'] == 'RSPSP') &amp;&amp; props['ee.CDEMPE'] == 'CDEMPE') &amp;&amp; props['CDEMPE'] == '') ? true : false;</cc:expression>
                    <cc:expression>props['do.not.load.CDEMPE.edit'] = (props['DeductionCode'] == 'CDEMPE' &amp;&amp; (props['ee.RSP'] == 'RSP' || props['ee.RSPSP'] == 'RSPSP') &amp;&amp; (props['RSPSP'] == '' || props['RSP'] == '')) ? false : true;</cc:expression>
                </cc:eval>
                <cc:eval id="Exists">
                    <cc:expression>props['ee.CDEMPE.pct'] = parts[0].xpath(&quot;env:Envelope/env:Body/wd:Get_Workers_Response/wd:Response_Data/wd:Worker/wd:Worker_Data/wd:Integration_Field_Override_Data[wd:Field_Reference/wd:ID[@wd:parent_id='INT0050-FieldOverride'] = 'INT0050 - CDEMPE Percentage']/wd:Value&quot;, &quot;wd urn:com.workday/bsvc&quot;)</cc:expression>
                    <cc:expression>props['ee.CDEMPE'] != empty ? props['Ben.Plan.Pct.Map'].put( props['ee.CDEMPE'], props['ee.CDEMPE.pct']);</cc:expression>
                    <cc:expression>props['ee.CDCONT.pct'] = parts[0].xpath(&quot;env:Envelope/env:Body/wd:Get_Workers_Response/wd:Response_Data/wd:Worker/wd:Worker_Data/wd:Integration_Field_Override_Data[wd:Field_Reference/wd:ID[@wd:parent_id='INT0050-FieldOverride'] = 'INT0050 - CDCONT Percentage']/wd:Value&quot;, &quot;wd urn:com.workday/bsvc&quot;)</cc:expression>
                    <cc:expression>props['ee.CDCONT'] != empty ? props['Ben.Plan.Pct.Map'].put( props['ee.CDCONT'], props['ee.CDCONT.pct']);</cc:expression>
                    <cc:expression>props['ee.VOLCD.pct'] = parts[0].xpath(&quot;env:Envelope/env:Body/wd:Get_Workers_Response/wd:Response_Data/wd:Worker/wd:Worker_Data/wd:Integration_Field_Override_Data[wd:Field_Reference/wd:ID[@wd:parent_id='INT0050-FieldOverride'] = 'INT0050 - VOLCD Percentage']/wd:Value&quot;, &quot;wd urn:com.workday/bsvc&quot;)</cc:expression>
                    <cc:expression>props['ee.VOLCD'] != empty ? props['Ben.Plan.Pct.Map'].put( props['ee.VOLCD'], props['ee.VOLCD.pct']);</cc:expression>
                    <cc:expression>props['ee.EEMVOL.pct'] = parts[0].xpath(&quot;env:Envelope/env:Body/wd:Get_Workers_Response/wd:Response_Data/wd:Worker/wd:Worker_Data/wd:Integration_Field_Override_Data[wd:Field_Reference/wd:ID[@wd:parent_id='INT0050-FieldOverride'] = 'INT0050 - EEMVOL Percentage']/wd:Value&quot;, &quot;wd urn:com.workday/bsvc&quot;)</cc:expression>
                    <cc:expression>props['ee.EEMVOL'] != empty ? props['Ben.Plan.Pct.Map'].put( props['ee.EEMVOL'], props['ee.EEMVOL.pct']);</cc:expression>
                    <cc:expression>props['ee.ERMVOL.pct'] = parts[0].xpath(&quot;env:Envelope/env:Body/wd:Get_Workers_Response/wd:Response_Data/wd:Worker/wd:Worker_Data/wd:Integration_Field_Override_Data[wd:Field_Reference/wd:ID[@wd:parent_id='INT0050-FieldOverride'] = 'INT0050 - ERMVOL Percentage']/wd:Value&quot;, &quot;wd urn:com.workday/bsvc&quot;)</cc:expression>
                    <cc:expression>props['ee.ERMVOL'] != empty ? props['Ben.Plan.Pct.Map'].put( props['ee.ERMVOL'], props['ee.ERMVOL.pct']);</cc:expression>
                    <cc:expression>props['ee.RSP.pct'] = parts[0].xpath(&quot;env:Envelope/env:Body/wd:Get_Workers_Response/wd:Response_Data/wd:Worker/wd:Worker_Data/wd:Integration_Field_Override_Data[wd:Field_Reference/wd:ID[@wd:parent_id='INT0050-FieldOverride'] = 'INT0050 - RSP Percentage']/wd:Value&quot;, &quot;wd urn:com.workday/bsvc&quot;)</cc:expression>
                    <cc:expression>props['ee.RSP'] != empty ? props['Ben.Plan.Pct.Map'].put( props['ee.RSP'], props['ee.RSP.pct']);</cc:expression>
                    <cc:expression>props['ee.NBRRSP.pct'] = parts[0].xpath(&quot;env:Envelope/env:Body/wd:Get_Workers_Response/wd:Response_Data/wd:Worker/wd:Worker_Data/wd:Integration_Field_Override_Data[wd:Field_Reference/wd:ID[@wd:parent_id='INT0050-FieldOverride'] = 'INT0050 - NBRRSP Percentage']/wd:Value&quot;, &quot;wd urn:com.workday/bsvc&quot;)</cc:expression>
                    <cc:expression>props['ee.NBRRSP'] != empty ? props['Ben.Plan.Pct.Map'].put( props['ee.NBRRSP'], props['ee.NBRRSP.pct']);</cc:expression>
                    <cc:expression>props['ee.RSPSP.pct'] = parts[0].xpath(&quot;env:Envelope/env:Body/wd:Get_Workers_Response/wd:Response_Data/wd:Worker/wd:Worker_Data/wd:Integration_Field_Override_Data[wd:Field_Reference/wd:ID[@wd:parent_id='INT0050-FieldOverride'] = 'INT0050 - RSPSP Percentage']/wd:Value&quot;, &quot;wd urn:com.workday/bsvc&quot;)</cc:expression>
                    <cc:expression>props['ee.RSPSP'] != empty ? props['Ben.Plan.Pct.Map'].put( props['ee.RSPSP'], props['ee.RSPSP.pct']);</cc:expression>
                    <cc:expression>props['ee.VOLRSP.pct'] = parts[0].xpath(&quot;env:Envelope/env:Body/wd:Get_Workers_Response/wd:Response_Data/wd:Worker/wd:Worker_Data/wd:Integration_Field_Override_Data[wd:Field_Reference/wd:ID[@wd:parent_id='INT0050-FieldOverride'] = 'INT0050 - VOLRSP Percentage']/wd:Value&quot;, &quot;wd urn:com.workday/bsvc&quot;)</cc:expression>
                    <cc:expression>props['ee.VOLRSP'] != empty ? props['Ben.Plan.Pct.Map'].put( props['ee.VOLRSP'], props['ee.VOLRSP.pct']);</cc:expression>
                    <cc:expression>props['ee.VOLNB.pct'] = parts[0].xpath(&quot;env:Envelope/env:Body/wd:Get_Workers_Response/wd:Response_Data/wd:Worker/wd:Worker_Data/wd:Integration_Field_Override_Data[wd:Field_Reference/wd:ID[@wd:parent_id='INT0050-FieldOverride'] = 'INT0050 - VRSPSP Percentage']/wd:Value&quot;, &quot;wd urn:com.workday/bsvc&quot;)</cc:expression>
                    <cc:expression>props['ee.VOLNB'] != empty ? props['Ben.Plan.Pct.Map'].put( props['ee.VOLNB'], props['ee.VOLNB.pct']);</cc:expression>
                    <cc:expression>props['ee.VRSPSP.pct'] = parts[0].xpath(&quot;env:Envelope/env:Body/wd:Get_Workers_Response/wd:Response_Data/wd:Worker/wd:Worker_Data/wd:Integration_Field_Override_Data[wd:Field_Reference/wd:ID[@wd:parent_id='INT0050-FieldOverride'] = 'INT0050 - VRSPSP Percentage']/wd:Value&quot;, &quot;wd urn:com.workday/bsvc&quot;)</cc:expression>
                    <cc:expression>props['ee.VRSPSP'] != empty ? props['Ben.Plan.Pct.Map'].put( props['ee.VRSPSP'], props['ee.VRSPSP.pct']);</cc:expression>
                    <cc:expression>props['ee.RRSPQV.pct'] = parts[0].xpath(&quot;env:Envelope/env:Body/wd:Get_Workers_Response/wd:Response_Data/wd:Worker/wd:Worker_Data/wd:Integration_Field_Override_Data[wd:Field_Reference/wd:ID[@wd:parent_id='INT0050-FieldOverride'] = 'INT0050 - RRSPQV Percentage']/wd:Value&quot;, &quot;wd urn:com.workday/bsvc&quot;)</cc:expression>
                    <cc:expression>props['ee.RRSPQV'] != empty ? props['Ben.Plan.Pct.Map'].put( props['ee.RRSPQV'], props['ee.RRSPQV.pct']);</cc:expression>
                    <cc:expression>props['ee.RSPQVS.pct'] = parts[0].xpath(&quot;env:Envelope/env:Body/wd:Get_Workers_Response/wd:Response_Data/wd:Worker/wd:Worker_Data/wd:Integration_Field_Override_Data[wd:Field_Reference/wd:ID[@wd:parent_id='INT0050-FieldOverride'] = 'INT0050 - RSPQVS Percentage']/wd:Value&quot;, &quot;wd urn:com.workday/bsvc&quot;)</cc:expression>
                    <cc:expression>props['ee.RSPQVS'] != empty ? props['Ben.Plan.Pct.Map'].put( props['ee.RSPQVS'], props['ee.RSPQVS.pct']);</cc:expression>
                    <cc:expression>props['ee.VOLRSP.amt'] = parts[0].xpath(&quot;env:Envelope/env:Body/wd:Get_Workers_Response/wd:Response_Data/wd:Worker/wd:Worker_Data/wd:Integration_Field_Override_Data[wd:Field_Reference/wd:ID[@wd:parent_id='INT0050-FieldOverride'] = 'INT0050 - VOLRSP Amount']/wd:Value&quot;, &quot;wd urn:com.workday/bsvc&quot;)</cc:expression>
                    <cc:expression>props['ee.VOLRSP'] != empty ? props['Ben.Plan.Amt.Map'].put( props['ee.VOLRSP'], props['ee.VOLRSP.amt']);</cc:expression>
                    <cc:expression>props['ee.VOLNB.amt'] = parts[0].xpath(&quot;env:Envelope/env:Body/wd:Get_Workers_Response/wd:Response_Data/wd:Worker/wd:Worker_Data/wd:Integration_Field_Override_Data[wd:Field_Reference/wd:ID[@wd:parent_id='INT0050-FieldOverride'] = 'INT0050 - VOLNB Amount']/wd:Value&quot;, &quot;wd urn:com.workday/bsvc&quot;)</cc:expression>
                    <cc:expression>props['ee.VOLNB'] != empty ? props['Ben.Plan.Amt.Map'].put( props['ee.VOLNB'], props['ee.VOLNB.amt']);</cc:expression>
                    <cc:expression>props['ee.VRSPSP.amt'] =  parts[0].xpath(&quot;env:Envelope/env:Body/wd:Get_Workers_Response/wd:Response_Data/wd:Worker/wd:Worker_Data/wd:Integration_Field_Override_Data[wd:Field_Reference/wd:ID[@wd:parent_id='INT0050-FieldOverride'] = 'INT0050 - VRSPSP Amount']/wd:Value&quot;, &quot;wd urn:com.workday/bsvc&quot;)</cc:expression>
                    <cc:expression>props['ee.VRSPSP'] != empty ? props['Ben.Plan.Amt.Map'].put( props['ee.VRSPSP'], props['ee.VRSPSP.amt']);</cc:expression>
                </cc:eval>
                <cc:validate-exp id="Discard">
                    <cc:expression failure-message="Employee @{props['EmployeeID']} skipped. non-NBS employee.">props['companyID'] == 'NBS' || props['companyID'] == 'NSW'</cc:expression>
                    <cc:expression failure-message="Employee @{props['EmployeeID']} skipped. Terminated employee.">props['Terminated'] == '0'</cc:expression>
                    <cc:expression failure-message="Employee @{props['EmployeeID']} skipped. @{props['deductionCode']} received and employee has been marked as Subgroup 02 by GWL.">props['Subgroup.02.edit'] == true</cc:expression>
                    <cc:expression failure-message="Employee @{props['EmployeeID']} skipped. @{props['deductionCode']} received and employee has VOLCD in Workday.">!((props['deductionCode']=='VOLRSP' || props['deductionCode']=='VRSPSP' ) &amp;&amp; props['ee.VOLCD']=='VOLCD')</cc:expression>
                    <cc:expression failure-message="Employee @{props['EmployeeID']} skipped. VOLCD received, and employee already has VOLRSP or VRSPSP.">!(props['deductionCode']=='VOLCD' &amp;&amp; (props['ee.VOLRSP']=='VOLRSP' || props['ee.VRSPSP']=='VRSPSP' ))</cc:expression>
                    <cc:expression failure-message="Employee @{props['EmployeeID']} skipped. @{props['deductionCode']} received and employee has VOLNB > 0 in Workday.">props['VOLNB.edit'] == true;</cc:expression>
                    <cc:expression failure-message="Employee @{props['EmployeeID']} skipped. @{props['deductionCode']} received and employee already has NBRRSP in Workday.">props['req.opt.edit'] == true;</cc:expression>
                    <cc:expression failure-message="Employee @{props['EmployeeID']} skipped. STOP @{props['deductionCode']} required option received and employee has no other Required option in Workday.">props['stop.req.opt.edit'] == true;</cc:expression>
                    <cc:expression failure-message="Employee @{props['EmployeeID']} skipped. @{props['deductionCode']} received and employee already has RSP or RSPSP in Workday &amp; No STOP record came for RSP/RSPSP.">props['do.not.load.CDEMPE.edit'] == true;</cc:expression>
                    <cc:expression failure-message="Employee @{props['EmployeeID']} skipped. Non STOP @{props['deductionCode']} received alongwith either RSP or RSPSP record in file.&quot;">props['skip.CDEMPE'] == false</cc:expression>
                </cc:validate-exp>
                <cc:log id="Log">
                    <cc:log-message>
                        <cc:text>&#xD;
================Get Worker Response Begins==================&#xD;
&#xD;
props['companyID'] = @{props['companyID']}&#xD;
props['Terminated'] = @{props['Terminated']}&#xD;
props['ee.CDCONT'] = @{props['ee.CDCONT']}&#xD;
props['ee.CDEMPE'] = @{props['ee.CDEMPE']}&#xD;
props['ee.VOLCD'] = @{props['ee.VOLCD']}&#xD;
props['ee.EEMVOL'] = @{props['ee.EEMVOL']}&#xD;
props['ee.ERMVOL'] = @{props['ee.ERMVOL']}&#xD;
props['ee.RSP'] = @{props['ee.RSP']}&#xD;
props['ee.NBRRSP'] = @{props['ee.NBRRSP']}&#xD;
props['ee.RSPSP'] = @{props['ee.RSPSP']}&#xD;
props['ee.VOLRSP'] = @{props['ee.VOLRSP']}&#xD;
props['ee.VOLNB'] = @{props['ee.VOLNB']}&#xD;
props['ee.VRSPSP'] =@{props['ee.VRSPSP']}&#xD;
props['ee.RRSPQV'] = @{props['ee.RRSPQV']}&#xD;
props['ee.RSPQVS'] = @{props['ee.RSPQVS']}&#xD;
props['is.ee.on.unpaid.leave'] = @{props['is.ee.on.unpaid.leave']}&#xD;
props['Ben.Plan.Pct.Map'] = @{props['Ben.Plan.Pct.Map']}&#xD;
props['Ben.Plan.Amt.Map'] = @{props['Ben.Plan.Amt.Map']}&#xD;
&#xD;
================Get Worker Response Ends================== </cc:text>
                    </cc:log-message>
                </cc:log>
            </cc:steps>
            <cc:send-error id="SendError" routes-to="GetWorkersError"/>
        </cc:async-mediation>
        <cc:local-out id="CallRetBen-Election" store-message="none" endpoint="vm://INT0050-GreatWestLifePayrollInputInbound/RetBen-Election"/>
        <cc:splitter id="SplitOnEE">
            <cc:sub-route name="SubRoute" routes-to="GetFullEECodes"/>
            <cc:xml-stream-splitter xpath="Root/Employee"/>
        </cc:splitter>
        <cc:async-mediation id="GetFullEECodes" routes-to="Splitter" handle-downstream-errors="true">
            <cc:steps>
                <cc:eval id="Reset">
                    <cc:expression>props['CDEMPE'] = empty; props['CDCONT'] = empty; props['VOLCD'] = empty; props['EEMVOL'] = empty; props['ERMVOL'] = empty; &#xD;
props['RSP'] = empty; props['NBRRSP'] = empty; props['RSPSP'] = empty; props['VOLRSP'] = empty; props['VOLNB'] = empty;&#xD;
props['VRSPSP'] = empty; props['RRSPQV'] = empty; props['RSPQVS'] = empty;</cc:expression>
                    <cc:expression>props['CDEMPEAmount'] = empty; props['CDCONTAmount'] = empty; props['VOLCDAmount'] = empty; props['EEMVOLAmount'] = empty; props['RSPAmount'] = empty; props['RSPSPAmount'] = empty; props['VOLCDAmount'] = empty;&#xD;
props['VOLRSPAmount'] = empty; props['VRSPSPAmount'] = empty; props['NBRRSPAmount'] = empty;</cc:expression>
                </cc:eval>
                <cc:eval id="Eval">
                    <cc:expression>props['RSP'] = parts[0].xpath('Employee/Row[DEDCD = &quot;RSP&quot;]/DEDCD')</cc:expression>
                    <cc:expression>props['RSPAmount']  = parts[0].xpath('Employee/Row[DEDCD = &quot;RSP&quot;]/DED_RATE_PCT')</cc:expression>
                    <cc:expression>props['CDEMPE'] = parts[0].xpath('Employee/Row[DEDCD = &quot;CDEMPE&quot;]/DEDCD')</cc:expression>
                    <cc:expression>props['CDEMPEAmount'] = parts[0].xpath('Employee/Row[DEDCD = &quot;CDEMPE&quot;]/DED_RATE_PCT')</cc:expression>
                    <cc:expression>props['RSPSP'] = parts[0].xpath('Employee/Row[DEDCD = &quot;RSPSP&quot;]/DEDCD')</cc:expression>
                    <cc:expression>props['RSPSPAmount'] = parts[0].xpath('Employee/Row[DEDCD = &quot;RSPSP&quot;]/DED_RATE_PCT')</cc:expression>
                    <cc:expression>props['VOLCD'] = parts[0].xpath('Employee/Row[DEDCD = &quot;VOLCD&quot;]/DEDCD')</cc:expression>
                    <cc:expression>props['VOLCDAmount'] = parts[0].xpath('Employee/Row[DEDCD = &quot;VOLCD&quot;]/DED_RATE_PCT')</cc:expression>
                    <cc:expression>props['VOLRSP'] = parts[0].xpath('Employee/Row[DEDCD = &quot;VOLRSP&quot;]/DEDCD')</cc:expression>
                    <cc:expression>props['VOLRSPAmount'] = parts[0].xpath('Employee/Row[DEDCD = &quot;VOLRSP&quot;]/DED_RATE_PCT')</cc:expression>
                    <cc:expression>props['VRSPSP'] = parts[0].xpath('Employee/Row[DEDCD = &quot;VRSPSP&quot;]/DEDCD')</cc:expression>
                    <cc:expression>props['VRSPSPAmount'] = parts[0].xpath('Employee/Row[DEDCD = &quot;VRSPSP&quot;]/DED_RATE_PCT')</cc:expression>
                    <cc:expression>props['NBRRSP'] = parts[0].xpath('Employee/Row[DEDCD = &quot;NBRRSP&quot;]/DEDCD')</cc:expression>
                    <cc:expression>props['NBRRSPAmount'] = parts[0].xpath('Employee/Row[DEDCD = &quot;NBRRSP&quot;]/DED_RATE_PCT')</cc:expression>
                </cc:eval>
            </cc:steps>
            <cc:send-error id="SendError" routes-to="Splitter1Error"/>
        </cc:async-mediation>
        <cc:local-out id="Splitter1Error" endpoint="vm://wcc/PutIntegrationMessage">
            <cc:set name="is.message.severity" value="'ERROR'"/>
            <cc:set name="is.message.summary" value="'Error after first splitter: ' + context.errorMessage"/>
        </cc:local-out>
        <cc:local-out id="Splitter2Error" endpoint="vm://INT0050-GreatWestLifePayrollInputInbound/ErrorLine">
            <cc:set name="is.message.severity" value="'ERROR'"/>
            <cc:set name="ws.response.msg" value="context.errorMessage"/>
        </cc:local-out>
        <cc:local-out id="GetWorkersError" endpoint="vm://INT0050-GreatWestLifePayrollInputInbound/ErrorLine">
            <cc:set name="is.message.severity" value="'ERROR'"/>
            <cc:set name="ws.response.msg" value="context.errorMessage"/>
        </cc:local-out>
        <cc:local-out id="GetFile" routes-response-to="RetrieveFile" endpoint="vm://wcc/GetEventDocuments">
            <cc:set name="ie.event.wid" value="lp.isSet() ? lp.getIntegrationEventWID() : null"/>
        </cc:local-out>
        <cc:async-mediation id="ProcessAmountBasedProps" routes-to="ValidationMode" handle-downstream-errors="true">
            <cc:steps>
                <cc:eval id="Reset">
                    <cc:expression>props['10DollerEdit'] = false; props['EnrollAmtError'] = false; props['Elect'] = false; props['ee.amount.exists'] = 0;&#xD;
props['Plan.exists.error'] = false;</cc:expression>
                    <cc:expression>props['alloc.per'] = props['DeductionAddlAmount'] > 0 ? 100 : 0;</cc:expression>
                    <cc:expression>props['EnrollAmtError'] = (props['DeductionAddlAmount'] == 0 &amp;&amp; props['DeductionPercent'] > 0) ? true : false;</cc:expression>
                    <cc:expression>props['10DollerEdit'] = ((props['deductionCode'] == 'VOLRSP' || props['deductionCode'] == 'VRSPSP' || props['deductionCode'] == 'VOLCD') &amp;&amp; (props['DeductionAddlAmount'] > 0 &amp;&amp; props['DeductionAddlAmount'] &lt; 10) )? true : false;</cc:expression>
                    <cc:expression>props['ee.amount.exists'] = props['Ben.Plan.Amt.Map'].get(props['deductionCode']);</cc:expression>
                    <cc:expression>props['Plan.exists.error'] = ( props['ee.enrolled.plans'].contains(props['deductionCode']) &amp;&amp; props['ee.amount.exists'] == props['DeductionAddlAmount']) ? true : false;</cc:expression>
                </cc:eval>
                <cc:log id="Log">
                    <cc:log-message>
                        <cc:text>&#xD;
------------RetBen-Election Amount Based Props log Begin-------------&#xD;
&#xD;
props['EmployeeID'] = @{props['EmployeeID']}&#xD;
props['deductionCode'] = @{props['deductionCode']}&#xD;
props['Ben_Plan'] = @{props['Ben_Plan']}&#xD;
props['DeductionAddlAmount'] = @{props['DeductionAddlAmount']}&#xD;
props['EnrollAmtError']  = @{props['EnrollAmtError'] }&#xD;
props['10DollerEdit'] = @{props['10DollerEdit']}&#xD;
props['ee.amount.exists'] = @{props['ee.amount.exists']}&#xD;
props['Plan.exists.error'] = @{props['Plan.exists.error']}&#xD;
&#xD;
------------RetBen-Election Amount Based Props log Ends-------------&#xD;
</cc:text>
                    </cc:log-message>
                </cc:log>
                <cc:validate-exp id="ValidateExp">
                    <cc:expression failure-message="The Invalid Enrollent calculation received for Employee ID - @{props['EmployeeID']} for corresponding Plan ID @{props['Ben_Plan']}.">props['EnrollAmtError'] == false</cc:expression>
                    <cc:expression failure-message="@{props['deductionCode']} and @{props['DeductionAddlAmount']} are sent for an @{props['EmployeeID']} who already has those same deduction codes(s) and rates(s) in Workday.">props['Plan.exists.error'] == false</cc:expression>
                    <cc:expression failure-message="A dollar amount per pay &lt; $10 in @{props['deductionCode']} is received.">props['10DollerEdit'] == false</cc:expression>
                </cc:validate-exp>
                <cc:xslt-plus id="XsltPlus" url="INT0050_ChangeBenefit_AmtBased_Request.xsl"/>
                <cc:wrap-soap id="WrapSoap" soap-version="1.1"/>
            </cc:steps>
            <cc:send-error id="SendError" routes-to="CallAmtErrorLog"/>
        </cc:async-mediation>
        <cc:workday-out-soap id="SubmitBenefitEnrollment" routes-response-to="Response" application="Benefits_Administration" version="@{props['att.wws.version']}"/>
        <cc:local-in id="RetBen-Election" routes-to="AmountORPercent"/>
        <cc:async-mediation id="Response" routes-to="StopCDEMPE">
            <cc:steps>
                <cc:set-headers id="ValidationModeOff">
                    <cc:remove-headers>
                        <cc:remove-header name="X-Validate-Only"/>
                    </cc:remove-headers>
                    <cc:add-headers/>
                </cc:set-headers>
                <cc:eval id="Eval">
                    <cc:expression>props['ws.response.msg'] = props['10DollerEdit'] == true ? 'A dollar amount per pay &lt; $10* in ' + props['deductionCode'] + ' is received.' : 'Succcess'</cc:expression>
                    <cc:expression>props['ws.response.msg'] = 'Succcess'</cc:expression>
                    <cc:expression>props['critical.error.occurred'] = false;</cc:expression>
                </cc:eval>
            </cc:steps>
            <cc:send-error id="SendError" routes-to="call-ErrorGeneratorFromBen"/>
        </cc:async-mediation>
        <cc:async-mediation id="ProcessPercentBasedProps" routes-to="ValidationMode" handle-downstream-errors="true">
            <cc:steps>
                <cc:eval id="Reset">
                    <cc:expression>props['Elect'] = false; props['EnrollPctError'] = false; props['10DollerEdit'] = empty; props['ee.percent.exists'] = 0;&#xD;
props['Plan.exists.error'] = false;</cc:expression>
                    <cc:expression>props['alloc.per'] = props['DeductionPercent'] > 0 ? 100 : 0;</cc:expression>
                    <cc:expression>props['EnrollPctError'] = (props['DeductionAddlAmount'] > 0 &amp;&amp; props['DeductionPercent'] == 0) ? true : false;</cc:expression>
                    <cc:expression>//props['ee.percent.exists'] = parts[0].xpath('env:Envelope/env:Body/wd:Get_Workers_Response/wd:Response_Data/wd:Worker/wd:Worker_Data/wd:Benefit_Enrollment_Data/wd:Retirement_Savings_Data/wd:Retirement_Savings_Period_Data/wd:Retirement_Savings_Coverage_Data[wd:Benefit_Election_Data[wd:Election_Status=&quot;Current&quot;]/wd:Benefit_Plan_Summary_Data/wd:Pay_Component_Reference[wd:ID[@wd:type=&quot;Deduction_Code&quot;]=&quot;' + props['deductionCode'] + '&quot;]]/wd:Employee_Contribution_Percentage_Data/wd:Election_Percentage');</cc:expression>
                    <cc:expression>props['ee.percent.exists'] = props['Ben.Plan.Pct.Map'].get(props['deductionCode']);</cc:expression>
                    <cc:expression>props['Plan.exists.error'] = ( props['ee.enrolled.plans'].contains(props['deductionCode']) &amp;&amp; props['ee.percent.exists'] == props['DeductionPercent']) ? true : false;</cc:expression>
                </cc:eval>
                <cc:log id="Log">
                    <cc:log-message>
                        <cc:text>&#xD;
------------RetBen-Election Percent Based Props log Begin-------------&#xD;
&#xD;
props['EmployeeID'] = @{props['EmployeeID']}&#xD;
props['deductionCode'] = @{props['deductionCode']}&#xD;
props['Ben_Plan'] = @{props['Ben_Plan']}&#xD;
props['DeductionPercent'] = @{props['DeductionPercent']}&#xD;
props['EnrollPctError']  = @{props['EnrollPctError']}&#xD;
props['ee.percent.exists'] = @{props['ee.percent.exists']}&#xD;
props['Plan.exists.error'] = @{props['Plan.exists.error']}&#xD;
&#xD;
------------RetBen-Election Percent Based Props log Ends-------------&#xD;
</cc:text>
                    </cc:log-message>
                </cc:log>
                <cc:validate-exp id="ValidateExp">
                    <cc:expression failure-message="The Invalid Enrollent calculation received for Employee ID - @{props['EmployeeID']} for corresponding Plan ID @{props['Ben_Plan']}.">props['EnrollPctError'] == false</cc:expression>
                    <cc:expression failure-message="@{props['deductionCode']} and @{props['DeductionPercent']} are sent for an @{props['EmployeeID']} who already has those same deduction codes(s) and rates(s) in Workday.">props['Plan.exists.error'] == false</cc:expression>
                </cc:validate-exp>
                <cc:xslt-plus id="XsltPlus" url="INT0050_ChangeBenefit_PctBased_Request.xsl"/>
                <cc:wrap-soap id="WrapSoap" soap-version="1.1"/>
            </cc:steps>
            <cc:send-error id="SendError" routes-to="CallPctErrorLog"/>
        </cc:async-mediation>
        <cc:async-mediation id="ValidationMode" routes-to="SubmitBenefitEnrollment" execute-steps-when="props['lp.validation.mode'] || props['critical.error.occurred']" handle-downstream-errors="true">
            <cc:steps>
                <cc:set-headers id="ValidationModeOn">
                    <cc:remove-headers/>
                    <cc:add-headers>
                        <cc:add-header name="X-Validate-Only" value="1"/>
                    </cc:add-headers>
                </cc:set-headers>
            </cc:steps>
        </cc:async-mediation>
        <cc:route id="AmountORPercent">
            <cc:mvel-strategy>
                <cc:choose-route expression="props['DeductionCalc'] == 'A'" route="AmountBased"/>
                <cc:choose-route expression="props['DeductionCalc'] == 'E'" route="PercentBased"/>
                <cc:choose-route expression="props['DeductionCalc'] != 'A' &amp;&amp; props['DeductionCalc'] != 'E'" route="Error"/>
            </cc:mvel-strategy>
            <cc:sub-route name="AmountBased" routes-to="ProcessAmountBasedProps"/>
            <cc:sub-route name="PercentBased" routes-to="ProcessPercentBasedProps"/>
            <cc:sub-route name="Error" routes-to="Call-Calc-Error"/>
        </cc:route>
        <cc:async-mediation id="WriteAuditRowSteps" routes-to="AggAudit" execute-steps-when="!props['critical.error.occurred']">
            <cc:steps>
                <cc:eval id="Eval">
                    <cc:expression>props['AmtOrPct'] = props['DeductionCalc']=='A' ? props['DeductionAddlAmount'] : props['DeductionPercent'];</cc:expression>
                    <cc:expression>props['On.Leave.flag'] = props['is.ee.on.unpaid.leave'] ? 'Y' : 'N';</cc:expression>
                </cc:eval>
                <cc:write id="Write" output="message">
                    <cc:message>
                        <cc:text>@{props['EmployeeID']},@{props['deductionCode']},@{props['Ben_Plan']},@{props['EffectiveDate']},@{props['DeductionCalc']},@{props['AmtOrPct']},@{props['On.Leave.flag']},@{props['ws.response.msg']}</cc:text>
                    </cc:message>
                </cc:write>
            </cc:steps>
        </cc:async-mediation>
        <cc:local-out id="call-ErrorGeneratorFromBen" store-message="none" endpoint="vm://wcc/PutIntegrationMessage"><cc:set name="is.message.severity" value="'ERROR'"/><cc:set name="is.message.summary" value="'Error After Enroll Ben Web Service' + context.errorMessage"/></cc:local-out>
        <cc:async-mediation id="BenPlanMap">
            <cc:steps>
                <cc:eval id="BenPlanstoHashMap">
                    <cc:expression>props['map.name'] = empty; &#xD;
props['map.name'] = parts[0].xstream(&quot;Map&quot;); </cc:expression>
                    <cc:expression>props['internal.val.wid'] = empty; &#xD;
props['internal.val.wid'] = parts[0].xstream(&quot;value_intWid&quot;);</cc:expression>
                    <cc:expression>props['external.val'] = empty; &#xD;
props['external.val'] = parts[0].xstream(&quot;key_ext&quot;);</cc:expression>
                    <cc:expression>// Prepare a Hash Map to hold External Value (value from 3rd Party File ) as HASHMAP KEY, and WD Internal Value's WID as HASHMAP VALUE</cc:expression>
                    <cc:expression>props['map.name'] == &quot;Benefit Plan&quot; ? props['Ben.Plan.map'].put( props['external.val'], props['internal.val.wid']) : ''; </cc:expression>
                    <cc:expression>props['map.name'] == &quot;Benefit Event Type&quot; ? props['Ben.Event.Type.map'].put( props['internal.val.wid'], props['external.val']) : ''; </cc:expression>
                </cc:eval>
            </cc:steps>
        </cc:async-mediation>
        <cc:splitter id="SplitMaps">
            <cc:sub-route name="SubRoute" routes-to="BenPlanMap"/>
            <cc:xml-stream-splitter xpath="Maps/KeyVal"/>
        </cc:splitter>
        <cc:async-mediation id="AttributeMaps" routes-to="SplitMaps">
            <cc:steps>
                <cc:eval id="Eval">
                    <cc:expression>props['lp.validation.mode'] = (Boolean)lp.getSimpleData('Validation Mode')</cc:expression>
                    <cc:expression>props['lp.asof.datetime'] = lp.getSimpleData('Effective Date')</cc:expression>
                    <cc:expression>props['lp.asof.date'] = props['lp.asof.datetime'].substring(0,10)</cc:expression>
                    <cc:expression>props['lp.asof.datetime.formatted'] = props['lp.asof.datetime'].toString().replaceAll(&quot;-|:|[A-Z]&quot;,&quot;&quot;)</cc:expression>
                    <cc:expression>props['asof.datetime.formatted'] = props['lp.asof.datetime.formatted'].substring(4, 6)#props['lp.asof.datetime.formatted'].substring(6, 8)#props['lp.asof.datetime.formatted'].substring(0, 4)#props['lp.asof.datetime.formatted'].substring(10, 12)#props['lp.asof.datetime.formatted'].substring(12, 14)</cc:expression>
                    <cc:expression>props['asof.date.formatted'] = props['lp.asof.datetime.formatted'].substring(0, 4)# &quot;-&quot; # props['lp.asof.datetime.formatted'].substring(4, 6)# &quot;-&quot; # props['lp.asof.datetime.formatted'].substring(6, 8) ;</cc:expression>
                    <cc:expression>props['currentDate'] = new java.util.Date() ; </cc:expression>
                    <cc:expression>props['batch.id'] = 'INT0050_Batch_' + props['current.Date']</cc:expression>
                    <cc:expression>props['Ben.Plan.map'] = new java.util.HashMap;</cc:expression>
                    <cc:expression>props['ee.enrolled.plans'] = new java.util.HashSet();</cc:expression>
                    <cc:expression>props['ee.enrolled.req.plans'] = new java.util.HashSet();</cc:expression>
                    <cc:expression>vars['wd.retrieve.variable'] = empty;</cc:expression>
                    <cc:expression>props['int.sys'] = intsys.getName();</cc:expression>
                    <cc:expression>props['force.close.Audit.agg'] = false;</cc:expression>
                    <cc:expression>props['force.close.Error.agg'] = false;</cc:expression>
                    <cc:expression>props['Ben.Event.Type.map'] = new java.util.HashMap;</cc:expression>
                    <cc:expression>props['Ben.Plan.Pct.Map'] = new java.util.HashMap;</cc:expression>
                    <cc:expression>props['Ben.Plan.Amt.Map'] = new java.util.HashMap;</cc:expression>
                </cc:eval>
                <cc:eval id="Att">
                    <cc:expression>props['att.wws.version'] = intsys.getAttribute('WWS Version')</cc:expression>
                    <cc:expression>props['att.document.retention.policy'] = intsys.getAttribute('Document Retention Policy')</cc:expression>
                    <cc:expression>props['att.Unpaid.Leave'] = intsys.getAttribute('Unpaid Leave');</cc:expression>
                    <cc:expression>props['att.Unpaid.Leave.Type'] = intsys.getAttributeReferenceDataList('Unpaid Leave', 'Leave_of_Absence_Type_ID')</cc:expression>
                </cc:eval>
                <cc:log id="Log">
                    <cc:log-message>
                        <cc:text>props['currentDate'] = @{props['currentDate']}&#xD;
props['lp.asof.date'] = @{props['lp.asof.date']}&#xD;
props['asof.date.formatted'] = @{props['asof.date.formatted']}&#xD;
props['att.wws.version'] = @{props['att.wws.version']}&#xD;
props['att.document.retention.policy'] = @{props['att.document.retention.policy']}&#xD;
props['att.Unpaid.Leave.Type'] = @{props['att.Unpaid.Leave.Type']}&#xD;
==================================</cc:text>
                    </cc:log-message>
                </cc:log>
                <cc:xslt-plus id="FetchMaps" url="INT0050PrepareBenPlanMaps.xsl"/>
            </cc:steps>
        </cc:async-mediation>
        <cc:local-out id="CallAttributeAndMaps" store-message="none" routes-response-to="GetFile" endpoint="vm://INT0050-GreatWestLifePayrollInputInbound/AttributeAndMaps"/>
        <cc:local-in id="AttributeAndMaps" routes-to="AttributeMaps"/>
        <cc:local-out id="CallAmtErrorLog" store-message="none" endpoint="vm://INT0050-GreatWestLifePayrollInputInbound/ErrorLine"><cc:set name="ws.response.msg" value="context.errorMessage"/></cc:local-out>
        <cc:local-out id="CallAuditLog" store-message="none" endpoint="vm://INT0050-GreatWestLifePayrollInputInbound/AuditLine"/>
        <cc:local-out id="CallPctErrorLog" store-message="none" endpoint="vm://INT0050-GreatWestLifePayrollInputInbound/ErrorLine"><cc:set name="ws.response.msg" value="context.errorMessage"/></cc:local-out>
        <cc:local-in id="AuditLine" routes-to="WriteAuditRowSteps"/>
        <cc:aggregator id="AggAudit" routes-to="StoreAuditLog" collate-when="!props['force.close.Audit.agg']" force-batch-on-last-message="false" force-batch-when="props['force.close.Audit.agg']">
            <cc:size-batch-strategy batch-size="-1"/>
            <cc:message-content-collater>
        <cc:header-text>Employee ID,DedCode,BenPlan,CovBeginDate,CalcType,AmtOrPct,Unpaid Leave,Message&#xD;
</cc:header-text>
        <cc:separator>\n</cc:separator>
      </cc:message-content-collater>
        </cc:aggregator>
        <cc:local-in id="CloseAuditAgg" routes-to="AggAudit"/>
        <cc:aggregator id="AggError" routes-to="StoreErrorLog" collate-when="!props['force.close.Error.agg']" force-batch-on-last-message="false" force-batch-when="props['force.close.Error.agg']">
            <cc:size-batch-strategy batch-size="-1"/>
            <cc:message-content-collater>
        <cc:header-text>Employee ID,DedCode,BenPlan,Unpaid Leave,Error&#xD;
</cc:header-text>
        <cc:separator>\n</cc:separator>
      </cc:message-content-collater>
        </cc:aggregator>
        <cc:local-in id="CloseErrorAgg" routes-to="AggError"/>
        <cc:local-in id="ErrorLine" routes-to="WriteErrorRowSteps"/>
        <cc:async-mediation id="WriteErrorRowSteps" routes-to="AggError">
            <cc:steps>
                <cc:eval id="Eval">
                    <cc:expression>props['message'] = props['ws.response.msg'].toString()</cc:expression>
                    <cc:expression>props['ded.code'] = props['deductionCode'];</cc:expression>
                    <cc:expression>props['Plan'] = props['Ben_Plan'];</cc:expression>
                    <cc:expression>props['On.Leave.flag'] = props['is.ee.on.unpaid.leave'] ? 'Y' : 'N';</cc:expression>
                </cc:eval>
                <cc:write id="Write" output="message">
                    <cc:message>
                        <cc:text>@{props['EmployeeID']},@{props['ded.code']},@{props['Plan']},@{props['On.Leave.flag']},@{props['message']}</cc:text>
                    </cc:message>
                </cc:write>
            </cc:steps>
        </cc:async-mediation>
        <cc:async-mediation id="StoreAuditLog">
            <cc:steps>
                <cc:store id="Store" output="variable" output-mimetype="text/csv" output-variable="audit.log" expiresIn="P@{props['att.document.retention.policy']}D" title="INT0050-Audit_Log.csv"/>
            </cc:steps>
        </cc:async-mediation>
        <cc:async-mediation id="StoreErrorLog">
            <cc:steps>
                <cc:store id="Store" output="variable" output-mimetype="text/csv" output-variable="Error.Log" expiresIn="P@{props['att.document.retention.policy']}D" title="INT0050_Error_Log.csv"/>
            </cc:steps>
        </cc:async-mediation>
        <cc:local-out id="CallCloseAuditAgg" store-message="none" routes-response-to="CallCloseErrorLog" endpoint="vm://INT0050-GreatWestLifePayrollInputInbound/CloseAuditAgg"><cc:set name="force.close.Audit.agg" value="true"/></cc:local-out>
        <cc:local-out id="CallCloseErrorLog" store-message="none" endpoint="vm://INT0050-GreatWestLifePayrollInputInbound/CloseErrorAgg"><cc:set name="force.close.Error.agg" value="true"/></cc:local-out>
        <cc:async-mediation id="StopCDEMPE" routes-to="SubmitStopCDEMPE" execute-steps-when="props['STOP.CDEMPE.edit'] == true" handle-downstream-errors="true">
            <cc:steps>
                <cc:write id="Write">
                    <cc:message>
                        <cc:text>&lt;?xml version=&quot;1.0&quot; encoding=&quot;UTF-8&quot;?>&#xD;
&lt;env:Envelope xmlns:env=&quot;http://schemas.xmlsoap.org/soap/envelope/&quot; xmlns:xsd=&quot;http://www.w3.org/2001/XMLSchema&quot;>&#xD;
    &lt;env:Body>&#xD;
        &lt;wd:Change_Benefits_Request xmlns:wd=&quot;urn:com.workday/bsvc&quot; wd:Add_Only=&quot;true&quot; wd:version=&quot;@{props['att.wws.version']}&quot;>&#xD;
            &lt;wd:Business_Process_Parameters>&#xD;
                &lt;wd:Auto_Complete>true&lt;/wd:Auto_Complete>&#xD;
                &lt;wd:Run_Now>true&lt;/wd:Run_Now>&#xD;
                &lt;wd:Comment_Data>&#xD;
                    &lt;wd:Comment>INT0050 Great West Life Payroll Input Inbound - @{props['asof.date.formatted']}&lt;/wd:Comment>&#xD;
                    &lt;wd:Worker_Reference>&#xD;
                        &lt;wd:ID wd:type=&quot;Employee_ID&quot;>@{props['EmployeeID']}&lt;/wd:ID>&#xD;
                    &lt;/wd:Worker_Reference>&#xD;
                &lt;/wd:Comment_Data>    &#xD;
            &lt;/wd:Business_Process_Parameters>&#xD;
            &lt;wd:Change_Benefits_Data>&#xD;
                &lt;wd:Employee_Reference>&#xD;
                    &lt;wd:ID wd:type=&quot;Employee_ID&quot;>@{props['EmployeeID']}&lt;/wd:ID>&#xD;
                &lt;/wd:Employee_Reference>&#xD;
                &lt;wd:Benefit_Event_Type_Reference>&#xD;
                    &lt;wd:ID wd:type=&quot;Benefit_Event_Type_ID&quot;>CAN NBS DC Pension Core Employee Event&lt;/wd:ID>&#xD;
                &lt;/wd:Benefit_Event_Type_Reference>&#xD;
                &lt;wd:Event_Date>@{props['EventDate']}&lt;/wd:Event_Date>&#xD;
            &lt;/wd:Change_Benefits_Data>&#xD;
        &lt;/wd:Change_Benefits_Request>&#xD;
    &lt;/env:Body>&#xD;
&lt;/env:Envelope></cc:text>
                    </cc:message>
                </cc:write>
                <cc:set-headers id="ValidationModeOn">
                    <cc:remove-headers/>
                    <cc:add-headers>
                        <cc:add-header name="X-Validate-Only" value="1"/>
                    </cc:add-headers>
                </cc:set-headers>
                <cc:log id="Log">
                    <cc:log-message>
                        <cc:line-separator/>
                        
                        <cc:text>=============STOP CDEMPE - WWS Request Begin=================</cc:text><cc:line-separator/>
                        
                        <cc:message-content/>
                        <cc:line-separator/><cc:text>=============STOP CDEMPE - WWS Request End=================</cc:text>
                        <cc:line-separator/>
                    </cc:log-message>
                </cc:log>
            </cc:steps>
            <cc:send-error id="SendError" routes-to="CallStopCDEMPEError"/>
        </cc:async-mediation>
        <cc:workday-out-soap id="SubmitStopCDEMPE" execute-when="props['STOP.CDEMPE.edit'] == true" routes-response-to="StopCDEMPEResponse" application="Benefits_Administration" version="@{props['att.wws.version']}"/>
        <cc:async-mediation id="StopCDEMPEResponse" routes-to="CallAuditLog" execute-steps-when="props['STOP.CDEMPE.edit'] == true">
            <cc:steps>
                <cc:set-headers id="ValidationModeOff">
                    <cc:remove-headers>
                        <cc:remove-header name="X-Validate-Only"/>
                    </cc:remove-headers>
                    <cc:add-headers/>
                </cc:set-headers>
                <cc:eval id="Eval">
                    <cc:expression>props['ws.response.msg'] = 'RSP or RSPSP appear on the file and that employee has CDEMPE in Workday so CDEMPE has been Stopped'</cc:expression>
                    <cc:expression>props['critical.error.occurred'] = false;</cc:expression>
                </cc:eval>
            </cc:steps>
            <cc:send-error id="SendError" routes-to="call-ErrorFromStopCDEMPE"/>
        </cc:async-mediation>
        <cc:local-out id="CallStopCDEMPEError" store-message="none" endpoint="vm://INT0050-GreatWestLifePayrollInputInbound/ErrorLine">
            <cc:set name="ws.response.msg" value="context.errorMessage"/>
        </cc:local-out>
        <cc:local-out id="call-ErrorFromStopCDEMPE" store-message="none" endpoint="vm://wcc/PutIntegrationMessage">
            <cc:set name="is.message.severity" value="'ERROR'"/>
            <cc:set name="is.message.summary" value="'Error After Enroll Ben Web Service' + context.errorMessage"/>
        </cc:local-out>
        <cc:local-out id="Note-Error" endpoint="vm://wcc/PutIntegrationMessage">
            <cc:set name="is.message.severity" value="'CRITICAL'"/>
            <cc:set name="is.message.summary" value="&quot;Unexpected error occured:&quot; # context.errorMessage"/>
        </cc:local-out>
        <cc:send-error id="global-error-handler" rethrow-error="false" routes-to="Note-Error"/>
        <cc:local-out id="Call-Calc-Error" store-message="none" endpoint="vm://INT0050-GreatWestLifePayrollInputInbound/ErrorLine"><cc:set name="ws.response.msg" value="'Invalid Calculation Type'"/></cc:local-out>
	</cc:assembly>

</beans>