<wd:Report_Data xmlns:wd="urn:com.workday/bsvc">
<wd:Report_Entry>
<wd:Employee_ID>000020642</wd:Employee_ID>
<wd:Worker wd:Descriptor="Justin Cohen">
<wd:ID wd:type="WID">7877c71c270d01733568275cfe008260</wd:ID>
<wd:ID wd:type="Employee_ID">000020642</wd:ID>
</wd:Worker>
<wd:ELECTION>
<wd:ORDER>1</wd:ORDER>
<wd:Survey wd:Descriptor="RRSP Deferral / Report du REER">
<wd:ID wd:type="WID">11cc8559bc76011362d2a8080f205fdc</wd:ID>
<wd:ID wd:type="Custom_List__Value_Alias" wd:parent_type="Custom_List_Web_Service_Alias" wd:parent_id="programNameList">rrspDeferral</wd:ID>
</wd:Survey>
<wd:Respondent_Submission_Date>2020-09-18-07:00</wd:Respondent_Submission_Date>
<wd:year>2020</wd:year>
<wd:Election wd:Descriptor="Yes">
<wd:ID wd:type="WID">2bc88991ed16019d5493f660f72c5a30</wd:ID>
<wd:ID wd:type="Custom_List__Value_Alias" wd:parent_type="Custom_List_Web_Service_Alias" wd:parent_id="deferralElection">yes</wd:ID>
</wd:Election>
<wd:Election_Percent>0.75</wd:Election_Percent>
<wd:Election_Amount>0</wd:Election_Amount>
<wd:Account_Number>1234567891011</wd:Account_Number>
<wd:Account_Type>BMO Nesbitt Burns Self-Directed RRSP</wd:Account_Type>
<wd:accountType wd:Descriptor="BMO Nesbitt Burns Self-Directed RRSP / REER autogéré de BMO Nesbitt Burns">
<wd:ID wd:type="WID">11cc8559bc76012d54ad075a0f202439</wd:ID>
<wd:ID wd:type="Custom_List__Value_Alias" wd:parent_type="Custom_List_Web_Service_Alias" wd:parent_id="accountTypeList">bmoNesbittBurnsSelfDirectedRrsp</wd:ID>
</wd:accountType>
<wd:Contributing_to_Spousal_Account>Yes</wd:Contributing_to_Spousal_Account>
<wd:Spousal_Name>Test</wd:Spousal_Name>
<wd:dsuLimit wd:Descriptor="Yes / Oui">
<wd:ID wd:type="WID">bde23f93adc401961173bf086624c40c</wd:ID>
<wd:ID wd:type="Custom_List__Value_Alias" wd:parent_type="Custom_List_Web_Service_Alias" wd:parent_id="dsuLimitResponse">yes</wd:ID>
</wd:dsuLimit>
</wd:ELECTION>
</wd:Report_Entry>
</wd:Report_Data>