<?xml version="1.0" encoding="UTF-8"?>
<wdnm:Diagram xmlns:wdnm="http://workday.com/studio/editors/notation">
  <element href="assembly.xml#WorkdayAssembly"/>
  <visualProperties x="131" y="127">
    <element href="assembly.xml#StartHere"/>
  </visualProperties>
  <visualProperties x="351" y="106">
    <element href="assembly.xml#AsyncMediation"/>
  </visualProperties>
  <visualProperties x="345" y="260">
    <element href="assembly.xml#PutIntegrationMessage"/>
  </visualProperties>
  <visualProperties x="573" y="122">
    <element href="assembly.xml#WorkdayOutRest"/>
  </visualProperties>
  <visualProperties x="787" y="111">
    <element href="assembly.xml#AsyncMediation0"/>
  </visualProperties>
  <visualProperties x="978" y="146">
    <element href="assembly.xml#PutIntegrationMessage0"/>
  </visualProperties>
  <connections type="routesTo" sourceAnchorX="0.7983193277310925" sourceAnchorY="1.0" targetAnchorX="0.34265734265734266" targetAnchorY="0.5978260869565217">
    <source href="assembly.xml#StartHere"/>
    <target href="assembly.xml#AsyncMediation"/>
  </connections>
  <connections type="routesTo" sourceAnchorX="0.4264705882352941" sourceAnchorY="1.0" targetAnchorX="0.2975609756097561" targetAnchorY="0.6486486486486487">
    <source href="assembly.xml#//@beans/@mixed.1/@mixed.3/@mixed.3"/>
    <target href="assembly.xml#PutIntegrationMessage"/>
  </connections>
  <connections type="routesTo" sourceAnchorX="1.0" sourceAnchorY="0.2047244094488189" targetAnchorX="0.27647058823529413" targetAnchorY="0.7297297297297297">
    <source href="assembly.xml#AsyncMediation"/>
    <target href="assembly.xml#WorkdayOutRest"/>
  </connections>
  <connections type="routesResponseTo" sourceAnchorX="0.6647058823529411" sourceAnchorY="1.0" targetAnchorX="0.18543046357615894" targetAnchorY="0.7065217391304348">
    <source href="assembly.xml#WorkdayOutRest"/>
    <target href="assembly.xml#AsyncMediation0"/>
  </connections>
  <connections type="routesTo" sourceAnchorX="1.0" sourceAnchorY="0.21875" targetAnchorX="0.24413145539906103" targetAnchorY="0.35135135135135137">
    <source href="assembly.xml#AsyncMediation0"/>
    <target href="assembly.xml#PutIntegrationMessage0"/>
  </connections>
  <connections type="routesTo" sourceAnchorX="0.3888888888888889" sourceAnchorY="1.0" targetAnchorX="0.8341463414634146" targetAnchorY="0.32432432432432434">
    <source href="assembly.xml#//@beans/@mixed.1/@mixed.9/@mixed.3"/>
    <target href="assembly.xml#PutIntegrationMessage"/>
  </connections>
</wdnm:Diagram>
