<?xml version="1.0" encoding="UTF-8"?>
<beans
     xmlns="http://www.springframework.org/schema/beans"
     xmlns:beans="http://www.springframework.org/schema/beans"
     xmlns:atom="http://www.w3.org/2005/Atom"
     xmlns:cc="http://www.capeclear.com/assembly/10"
     xmlns:cloud="urn:com.workday/esb/cloud/10.0"
     xmlns:env="http://schemas.xmlsoap.org/soap/envelope/"
     xmlns:pi="urn:com.workday/picof"
     xmlns:wd="urn:com.workday/bsvc"
     xmlns:xsi="http://www.w3.org/2001/XMLSchema-instance">
 
	<cc:assembly id="WorkdayAssembly" version="2023.37">
        <cc:workday-in id="StartHere" routes-to="Call-Init">
            <cc:integration-system name="INT0762 ADP-1099M Quarterly Outbound Studio">
        <cloud:param name="Parent WID">
          <cloud:type>
            <cloud:class-report-field description="Business Process" type="WID" singular="false">3ab7c0ef71c14f89a51882f7cd5268de</cloud:class-report-field>
          </cloud:type>
        </cloud:param>
        <cloud:attribute-map-service name="INT0762_Attributes">
          <cloud:attribute name="WWS Version">
            <cloud:type>
              <cloud:class-report-field description="Web Service API Version" type="WID" singular="true">f54cce640b3410001ae50f791f2000cd</cloud:class-report-field>
            </cloud:type>
          </cloud:attribute>
          <cloud:attribute name="Document Retention Period">
            <cloud:type>
              <cloud:simple-type>number</cloud:simple-type>
            </cloud:type>
          </cloud:attribute>
          <cloud:attribute name="ADP File Name">
            <cloud:type>
              <cloud:simple-type>text</cloud:simple-type>
            </cloud:type>
          </cloud:attribute>
        </cloud:attribute-map-service>
        <cloud:sequence-generator-service name="INT0762_Seq_Gen">
          <cloud:sequencer>INT0762_Sequence</cloud:sequencer>
        </cloud:sequence-generator-service>
        <cloud:report-service name="INT0762_Custom_Report">
          <cloud:report-alias description="INT0762_ADP_Quarterly_Outbound" name="INT0762_ADP_Quarterly_Outbound">
            <cloud:report-reference description="INT0762_ADP_Quarterly_Outbound" type="WID">e618739bfdb210010a206b0293f30000</cloud:report-reference>
          </cloud:report-alias>
        </cloud:report-service>
      </cc:integration-system>
        </cc:workday-in>
        <cc:async-mediation id="AsyncMediation" routes-to="GetEventDocuments">
            <cc:steps>
                <cc:eval id="Eval">
                    <cc:expression>props['p.parent.wid'] = lp.getReferenceData('Parent WID','WID')</cc:expression>
                    <cc:expression>props['p.parent.wid2'] = lp.getIntegrationEventWID()</cc:expression>
                    <cc:expression>props['p.doc.retention'] = intsys.getAttribute('Document Retention Period')</cc:expression>
                    <cc:expression>props['ia.wws.version'] = intsys.getAttribute('WWS Version')</cc:expression>
                    <cc:expression>props['INT0762_Sequence'] = lp.getSequencedValue('INT0762_Sequence')</cc:expression>
                    <cc:expression>props['ADPFilename'] = intsys.getAttribute('ADP File Name')</cc:expression>
                </cc:eval>
                <cc:log id="Log">
                    <cc:log-message>
                        <cc:text>props['p.parent.wid']: @{props['p.parent.wid']}&#xD;
&#xD;
lp.getIntegrationEventWID(): @{lp.getIntegrationEventWID()}&#xD;
&#xD;
props['p.parent.wid2'] : @{props['p.parent.wid2'] }&#xD;
props['ADPFilename']: @{props['ADPFilename']}</cc:text>
                    </cc:log-message>
                </cc:log>
            </cc:steps>
            <cc:send-error id="SendError" routes-to="PutIntegrationMessage"/>
        </cc:async-mediation>
        <cc:local-out id="PutIntegrationMessage" endpoint="vm://wcc/PutIntegrationMessage"><cc:set name="is.message.severity" value="'ERROR'"/><cc:set name="is.message.summary" value="context.errorMessage"/><cc:set name="is.message.detail" value="'Error in receiving the file from the ADP Connector Integration - '+ context.errorMessage"/></cc:local-out>
        <cc:local-out id="Call-Init" store-message="none" routes-response-to="Call-GetLP" endpoint="vm://INT0762_ADP_1099M_Quarterly_Outbound/Initialization"/>
        <cc:local-in id="Initialization" routes-to="AsyncMediation"/>
        <cc:local-out id="Call-GetLP" store-message="none" routes-response-to="Call-Worker-Rpt" endpoint="vm://INT0762_ADP_1099M_Quarterly_Outbound/Get-LP"/>
        <cc:local-out id="GetEventDocuments" routes-response-to="AsyncMediation1" endpoint="vm://wcc/GetEventDocuments"><cc:set name="ie.event.wid" value="lp.isSet() ? lp.getIntegrationEventWID() : null"/></cc:local-out>
        <cc:async-mediation id="AsyncMediation1" handle-downstream-errors="true">
            <cc:steps>
                <cc:eval id="Eval">
                    <cc:expression>//if (da.size() > 0 ) {da.toVar(0, 'wd.retrieve.variable')}</cc:expression>
                    <cc:expression>if (da.size() > 0 ) {da.toVar(props['ADPFilename'], 'wd.retrieve.variable')}</cc:expression>
                </cc:eval>
                <cc:copy id="Copy" output="variable" output-variable="Input.File" input="variable" input-variable="wd.retrieve.variable"/>
            </cc:steps>
            <cc:send-error id="SendError" routes-to="PutIntegrationMessage0"/>
        </cc:async-mediation>
        <cc:local-out id="PutIntegrationMessage0" endpoint="vm://wcc/PutIntegrationMessage">
            <cc:set name="is.message.severity" value="'ERROR'"/>
            <cc:set name="is.message.summary" value="context.errorMessage"/>
        </cc:local-out>
        <cc:local-in id="Get-LP" routes-to="AsyncMediation0"/>
        <cc:async-mediation id="AsyncMediation0" routes-to="WorkdayOutSoap" handle-downstream-errors="true">
            <cc:steps>
                <cc:write id="Write">
                    <cc:message>
                        <cc:text>&lt;?xml version=&quot;1.0&quot; encoding=&quot;UTF-8&quot;?>&#xD;
&lt;env:Envelope&#xD;
    xmlns:env=&quot;http://schemas.xmlsoap.org/soap/envelope/&quot;&#xD;
    xmlns:xsd=&quot;http://www.w3.org/2001/XMLSchema&quot;>&#xD;
    &lt;env:Body>&#xD;
        &lt;wd:Get_Integration_Events_Request&#xD;
            xmlns:wd=&quot;urn:com.workday/bsvc&quot;&#xD;
            wd:version=&quot;@{props['ia.wws.version']}&quot;>&#xD;
            &lt;wd:Request_References wd:Ignore_Invalid_References=&quot;true&quot;>&#xD;
                &lt;wd:Integration_Event_Reference>&#xD;
                    &lt;wd:ID wd:type=&quot;WID&quot;>@{props['p.parent.wid']}&lt;/wd:ID>&#xD;
                &lt;/wd:Integration_Event_Reference>&#xD;
            &lt;/wd:Request_References>&#xD;
          &#xD;
        &lt;/wd:Get_Integration_Events_Request>&#xD;
    &lt;/env:Body>&#xD;
&lt;/env:Envelope></cc:text>
                    </cc:message>
                </cc:write>
            </cc:steps>
            <cc:send-error id="SendError" routes-to="PutIntegrationMessage1"/>
        </cc:async-mediation>
        <cc:workday-out-soap id="WorkdayOutSoap" routes-response-to="AsyncMediation2" application="Integrations" version="@{props['ia.wws.version']}"/>
        <cc:async-mediation id="AsyncMediation2" handle-downstream-errors="true">
            <cc:steps>
                <cc:xslt-plus id="XsltPlus" url="LaunchParam.xsl"/>
                <cc:eval id="Eval">
                    <cc:expression>props['Calender-Quarter'] = parts[0].xpath('Root/CalendarQ')</cc:expression>
                    <cc:expression>props['Calendar-Year'] = props['Calender-Quarter'].toString().substring(0,4)</cc:expression>
                    <cc:expression>props['Calendar-Quar'] = props['Calender-Quarter'].toString().substring(6)</cc:expression>
                    <cc:expression>props['Year.Start.Date'] = empty;props['Quarter.end.date'] = empty;props['Quarter.start.date']=empty;</cc:expression>
                    <cc:expression>props['Year.Start.Date'] = props['Calendar-Year'] + '-01-01'</cc:expression>
                    <cc:expression>if(props['Calendar-Quar'] == '1'){props['Quarter.end.date']='-03-31';}else if(props['Calendar-Quar'] == '2'){props['Quarter.end.date']='-06-30';}else if(props['Calendar-Quar'] == '3'){props['Quarter.end.date']='-09-30';}else{props['Quarter.end.date']='-12-31';}</cc:expression>
                    <cc:expression>props['Quarter.end.date']= props['Calendar-Year'] + props['Quarter.end.date']</cc:expression>
                    <cc:expression>if(props['Calendar-Quar'] == '1'){props['Quarter.start.date']='-01-01';}else if(props['Calendar-Quar'] == '2'){props['Quarter.start.date']='-04-01';}else if(props['Calendar-Quar'] == '3'){props['Quarter.start.date']='-07-01';}else{props['Quarter.start.date']='-10-01';}</cc:expression>
                    <cc:expression>props['Quarter.start.date']= props['Calendar-Year'] + props['Quarter.start.date']</cc:expression>
                    <cc:expression>props['Company'] = parts[0].xpath('Root/Company')</cc:expression>
                    <cc:expression>props['Company'] = props['Company'].toString().replace(&quot; &quot;,&quot;!&quot;)</cc:expression>
                </cc:eval>
                <cc:log id="Log">
                    <cc:log-message>
                        <cc:text>-------get lp----------&#xD;
props['Calender-Quarter']: @{props['Calender-Quarter']}&#xD;
props['Calendar-Year']: @{props['Calendar-Year']}&#xD;
props['Calendar-Quar']: @{props['Calendar-Quar']}&#xD;
props['Year.Start.Date']: @{props['Year.Start.Date']}&#xD;
props['Quarter.end.date'] @{props['Quarter.end.date']}&#xD;
props['Quarter.start.date']: @{props['Quarter.start.date']}</cc:text>
                    </cc:log-message>
                </cc:log>
            </cc:steps>
            <cc:send-error id="SendError" routes-to="PutIntegrationMessage2"/>
        </cc:async-mediation>
        <cc:local-out id="PutIntegrationMessage1" endpoint="vm://wcc/PutIntegrationMessage"><cc:set name="is.message.severity" value="'ERROR'"/><cc:set name="is.message.summary" value="context.errorMessage"/></cc:local-out>
        <cc:local-out id="PutIntegrationMessage2" endpoint="vm://wcc/PutIntegrationMessage"><cc:set name="is.message.severity" value="'ERROR'"/><cc:set name="is.message.summary" value="context.errorMessage"/></cc:local-out>
        <cc:send-error id="SendError" routes-to="PutIntegrationMessage3"/>
        <cc:local-out id="PutIntegrationMessage3" endpoint="vm://wcc/PutIntegrationMessage"><cc:set name="is.message.severity" value="'CRITICAL'"/><cc:set name="is.message.summary" value="'CRITICAL GLOBAL ERROR IN INTEGRATION'"/><cc:set name="is.message.detail" value="util.cleanString(context.getErrorMessage())&#x9;"/></cc:local-out>
        <cc:local-out id="Call-Worker-Rpt" store-message="none" endpoint="vm://INT0762_ADP_1099M_Quarterly_Outbound/Worker-Rpt"/>
        <cc:local-in id="Worker-Rpt" routes-to="AsyncMediation3"/>
        <cc:async-mediation id="AsyncMediation3" routes-to="WorkdayOutRest" handle-downstream-errors="true">
            <cc:steps>
            </cc:steps>
            <cc:send-error id="SendError0" routes-to="PutIntegrationMessage4"/>
        </cc:async-mediation>
        <cc:workday-out-rest id="WorkdayOutRest" routes-response-to="AsyncMediation4" extra-path="@{intsys.reportService.getExtrapath('INT0762_ADP_Quarterly_Outbound')}?Period_Date_Indicator!WID=3adfa5bb5bec4f9db46227ddc49b2a3e&amp;QTD_End_Date=@{props['Quarter.end.date']}&amp;QTD_Start_Date=@{props['Year.Start.Date']}&amp;YTD_End_Date=@{props['Quarter.end.date']}&amp;YTD_Start_Date=@{props['Quarter.start.date']}&amp;Company!Company_Reference_ID=@{props['Company']}" method="GET"/>
        <cc:async-mediation id="AsyncMediation4" routes-to="PutIntegrationMessage6" handle-downstream-errors="true">
            <cc:steps>
                <cc:log id="Log">
                    <cc:log-message>
                        <cc:text>@{props['Calender-Quarter']}&#xD;
Second report called. </cc:text>
                    </cc:log-message>
                </cc:log>
                <cc:xslt-plus id="XsltPlus" url="FormatInput.xsl"/>
                <cc:store id="Store" output="variable" output-variable="Output.file" expiresIn="P@{props['p.doc.retention']}D" title="@{props['INT0762_Sequence']}"/>
            </cc:steps>
            <cc:send-error id="SendError0" routes-to="PutIntegrationMessage5"/>
        </cc:async-mediation>
        <cc:local-out id="PutIntegrationMessage4" endpoint="vm://wcc/PutIntegrationMessage"><cc:set name="is.message.severity" value="'ERROR'"/><cc:set name="is.message.summary" value="context.errorMessage"/></cc:local-out>
        <cc:local-out id="PutIntegrationMessage5" endpoint="vm://wcc/PutIntegrationMessage"><cc:set name="is.message.severity" value="'ERROR'"/><cc:set name="is.message.summary" value="context.errorMessage"/></cc:local-out>
        <cc:local-out id="PutIntegrationMessage6" endpoint="vm://wcc/PutIntegrationMessage"><cc:set name="is.message.severity" value="'INFO'"/><cc:set name="is.message.summary" value="'Output File attached to the event.'"/><cc:set name="is.document.variable.name" value="'Output.file'"/><cc:set name="is.document.deliverable" value="'true'"/></cc:local-out>
	</cc:assembly>

</beans>