<?xml version="1.0" encoding="UTF-8"?>
<wdnm:Diagram xmlns:wdnm="http://workday.com/studio/editors/notation">
  <element href="assembly.xml#WorkdayAssembly"/>
  <visualProperties x="62" y="179">
    <element href="assembly.xml#GetLaunchParameters"/>
  </visualProperties>
  <visualProperties x="30" y="62">
    <element href="assembly.xml#StartHere"/>
  </visualProperties>
  <visualProperties x="289" y="46">
    <element href="assembly.xml#FileTypeRoute1"/>
  </visualProperties>
  <visualProperties x="41" y="1251">
    <element href="assembly.xml#setfullfilevariableandcounters"/>
  </visualProperties>
  <visualProperties x="357" y="1154">
    <element href="assembly.xml#split-full-file"/>
  </visualProperties>
  <visualProperties x="1250" y="1270">
    <element href="assembly.xml#Aggregate999"/>
  </visualProperties>
  <visualProperties x="966" y="1303">
    <element href="assembly.xml#counter"/>
  </visualProperties>
  <visualProperties x="427" y="1652">
    <element href="assembly.xml#CreateGetWorkerCallWithoutTransactionLogging"/>
  </visualProperties>
  <visualProperties x="42" y="2453">
    <element href="assembly.xml#TransformAndMapGetWorkersResponse"/>
  </visualProperties>
  <visualProperties x="1113" y="1631">
    <element href="assembly.xml#SplittGetWorkerResponse"/>
  </visualProperties>
  <visualProperties x="1249" y="2804">
    <element href="assembly.xml#AggregatorTransformed999"/>
  </visualProperties>
  <visualProperties x="346" y="3058">
    <element href="assembly.xml#RouteHeaderDetailsAndFooter"/>
  </visualProperties>
  <visualProperties x="1036" y="3253">
    <element href="assembly.xml#AggregatorHeaderDetailsAndFooter"/>
  </visualProperties>
  <visualProperties x="61" y="3259">
    <element href="assembly.xml#PrepAllBatchesforFinalAggregration"/>
  </visualProperties>
  <visualProperties x="815" y="3142">
    <element href="assembly.xml#Details"/>
  </visualProperties>
  <visualProperties x="609" y="3259">
    <element href="assembly.xml#Footer"/>
  </visualProperties>
  <visualProperties x="757" y="3031">
    <element href="assembly.xml#Header"/>
  </visualProperties>
  <visualProperties x="1423" y="3258">
    <element href="assembly.xml#StoreFinalOutput"/>
  </visualProperties>
  <visualProperties x="1631" y="3293">
    <element href="assembly.xml#PutFinalOutput"/>
  </visualProperties>
  <visualProperties x="474" y="3402">
    <element href="assembly.xml#AggregrateAgain"/>
  </visualProperties>
  <visualProperties x="50" y="337">
    <element href="assembly.xml#Launch-Parameter-Error"/>
  </visualProperties>
  <visualProperties x="126" y="1455">
    <element href="assembly.xml#Report-Error"/>
  </visualProperties>
  <visualProperties x="556" y="1836">
    <element href="assembly.xml#GetWorkers999Error"/>
  </visualProperties>
  <visualProperties x="510" y="46">
    <element href="assembly.xml#CallCreateBatchesFromFullFileRoute"/>
  </visualProperties>
  <visualProperties x="21" y="1139">
    <element href="assembly.xml#CreateBatches"/>
  </visualProperties>
  <visualProperties x="1211" y="1139">
    <element href="assembly.xml#CallGetWorkersWithoutTransactionLoggingFromFulleFileRoute"/>
  </visualProperties>
  <visualProperties x="67" y="1668">
    <element href="assembly.xml#GetWorkersWithoutTransactionLogging"/>
  </visualProperties>
  <visualProperties x="30" y="2378">
    <element href="assembly.xml#Transform999workers"/>
  </visualProperties>
  <visualProperties x="1379" y="1745">
    <element href="assembly.xml#CallTransform999workers"/>
  </visualProperties>
  <visualProperties x="1513" y="2838">
    <element href="assembly.xml#CallFinalAggregrator"/>
  </visualProperties>
  <visualProperties x="55" y="3103">
    <element href="assembly.xml#FinalAggregrator"/>
  </visualProperties>
  <visualProperties x="218" y="3417">
    <element href="assembly.xml#FilePrepError"/>
  </visualProperties>
  <visualProperties x="229" y="2607">
    <element href="assembly.xml#GetWorkers999TransformError"/>
  </visualProperties>
  <visualProperties x="276" y="3637">
    <element href="assembly.xml#//@beans/@mixed.1/@mixed.71"/>
  </visualProperties>
  <visualProperties x="523" y="3639">
    <element href="assembly.xml#PutIntegrationMessageGlobal"/>
  </visualProperties>
  <visualProperties x="791" y="3639">
    <element href="assembly.xml#PutIntegrationEventGlobal"/>
  </visualProperties>
  <visualProperties x="1403" y="90">
    <element href="assembly.xml#PutIntegrationEventFinal"/>
  </visualProperties>
  <visualProperties x="1337" y="223">
    <element href="assembly.xml#PutIntegrationMessageFinal"/>
  </visualProperties>
  <visualProperties x="1057" y="62">
    <element href="assembly.xml#nulloutmapsandvariables"/>
  </visualProperties>
  <visualProperties x="607" y="2376">
    <element href="assembly.xml#clearmaprout"/>
  </visualProperties>
  <visualProperties x="803" y="2427">
    <element href="assembly.xml#clearmapandpositioncounter"/>
  </visualProperties>
  <visualProperties x="425" y="325">
    <element href="assembly.xml#CallChanges"/>
  </visualProperties>
  <visualProperties x="38" y="476">
    <element href="assembly.xml#Changes"/>
  </visualProperties>
  <visualProperties x="463" y="758">
    <element href="assembly.xml#CreateTransactionLogRequest"/>
  </visualProperties>
  <visualProperties x="713" y="792">
    <element href="assembly.xml#GetWorkersWithTransactionsInParralel"/>
  </visualProperties>
  <visualProperties x="1012" y="758">
    <element href="assembly.xml#SplitGetWorkersWithTransactionLoggingResponse"/>
  </visualProperties>
  <visualProperties x="1575" y="902">
    <element href="assembly.xml#Aggregator"/>
  </visualProperties>
  <visualProperties x="1396" y="764">
    <element href="assembly.xml#GetWidFromTransactionLog"/>
  </visualProperties>
  <visualProperties x="1657" y="785">
    <element href="assembly.xml#CallCallCreateBatchesFromChangesRoute"/>
  </visualProperties>
  <visualProperties x="535" y="1139">
    <element href="assembly.xml#FileTypeRoute2"/>
  </visualProperties>
  <visualProperties x="754" y="112">
    <element href="assembly.xml#CheckIfWorkersExist"/>
  </visualProperties>
  <visualProperties x="978" y="207">
    <element href="assembly.xml#CallFinalAggregratorWithNoWorkers"/>
  </visualProperties>
  <visualProperties x="552" y="936">
    <element href="assembly.xml#TransactionLogErrorMessage"/>
  </visualProperties>
  <visualProperties x="931" y="1450">
    <element href="assembly.xml#CheckForWIDInArrayList"/>
  </visualProperties>
  <visualProperties x="1030" y="2838">
    <element href="assembly.xml#BatchAggregator"/>
  </visualProperties>
  <visualProperties x="927" y="2583">
    <element href="assembly.xml#CallBatchAggregator"/>
  </visualProperties>
  <visualProperties x="827" y="46">
    <element href="assembly.xml#CallBuildFile"/>
  </visualProperties>
  <visualProperties x="557" y="228">
    <element href="assembly.xml#Call_BuildFile"/>
  </visualProperties>
  <visualProperties x="81" y="2838">
    <element href="assembly.xml#BuildFile"/>
  </visualProperties>
  <visualProperties x="243" y="2810">
    <element href="assembly.xml#ForceBatch"/>
  </visualProperties>
  <visualProperties x="395" y="2838">
    <element href="assembly.xml#CloseAggregator"/>
  </visualProperties>
  <visualProperties x="931" y="1704">
    <element href="assembly.xml#PagedGet"/>
  </visualProperties>
  <visualProperties x="115" y="666">
    <element href="assembly.xml#RouteChangesandFutureHires"/>
  </visualProperties>
  <visualProperties x="472" y="563">
    <element href="assembly.xml#GetFutureHiresRaaS"/>
  </visualProperties>
  <visualProperties x="697" y="486">
    <element href="assembly.xml#SplitFutures"/>
  </visualProperties>
  <visualProperties x="925" y="535">
    <element href="assembly.xml#GetFuturesWIDs"/>
  </visualProperties>
  <visualProperties x="1202" y="494">
    <element href="assembly.xml#AggFutures"/>
  </visualProperties>
  <visualProperties x="1461" y="535">
    <element href="assembly.xml#CallGetWorkersWithoutTransLogFuture"/>
  </visualProperties>
  <visualProperties x="1010" y="1988">
    <element href="assembly.xml#SplittGetWorkerResponseFutures"/>
  </visualProperties>
  <visualProperties x="837" y="1960">
    <element href="assembly.xml#PagedGetFutures"/>
  </visualProperties>
  <visualProperties x="1297" y="2105">
    <element href="assembly.xml#CallTransform999workersFutures"/>
  </visualProperties>
  <visualProperties x="410" y="2003">
    <element href="assembly.xml#CreateGetWorkerCallWithoutTransactionLoggingFutures"/>
  </visualProperties>
  <visualProperties x="552" y="2201">
    <element href="assembly.xml#GetWorkers999ErrorFutures"/>
  </visualProperties>
  <visualProperties x="49" y="2056">
    <element href="assembly.xml#GetWorkersWithoutTransactionLoggingFuture"/>
  </visualProperties>
  <visualProperties x="1135" y="623">
    <element href="assembly.xml#TransactionLogErrorMessageFutures"/>
  </visualProperties>
  <decorations x="-222" y="1245" width="2019" height="481" font="Segoe UI|9|0" bgColor="8454143" fgColor="4210816" type="NOTE" text="This assembly is used build a has map of report values, when the full file boolean is true it builds the map for everyone on the report and collates for everyone on the report, when the full file boolean is false it only does this for people on the arraylist from the changes assembly above"/>
  <decorations x="13" y="1584" width="2018" height="332" font="Segoe UI|9|0" bgColor="16744448" fgColor="16744448" type="NOTE" text="This assembly is used to create batch get worker calls of 999 from the full file or changes only assembly and then split those batches and send them for individual record transformation"/>
  <decorations x="9" y="2318" width="2019" height="396" font="Segoe UI|9|0" bgColor="16777088" fgColor="16777088" type="NOTE" text="This assembly is used to trannsform batchesthe split get worker batches from the GetWorkersWithoutTransactionLogging assembly and aggregrate them together"/>
  <decorations x="10" y="3009" width="2029" height="548" font="Segoe UI|9|0" bgColor="8453888" fgColor="8454016" type="NOTE" text="This assembly is used to prep the final output file for either the full file assembly or the changs only file assembly"/>
  <decorations x="8" y="3572" width="2028" height="198" font="Segoe UI|9|0" bgColor="255" fgColor="255" type="NOTE" text="Global Error Catch"/>
  <decorations x="15" y="427" width="2019" height="656" font="Segoe UI|9|0" bgColor="33023" fgColor="33023" type="NOTE" text="This assembly is used for processing the changes only file by only processing people on the transaction log for the dates specified in the prompt"/>
  <decorations x="16" y="31" width="2018" height="390" bgColor="65280" type="NOTE" text=""/>
  <decorations x="8" y="2723" width="973" height="278" type="NOTE" text=""/>
  <decorations x="989" y="2723" width="1039" height="278" bgColor="16744576" type="NOTE" text=""/>
  <decorations x="10" y="1926" width="2018" height="384" font="Segoe UI|9|0" bgColor="4259584" fgColor="16744448" type="NOTE" text="This assembly is used to create batch get worker calls of 999 from the full file or changes only assembly and then split those batches and send them for individual record transformation"/>
  <connections type="routesTo">
    <source href="assembly.xml#StartHere"/>
    <target href="assembly.xml#GetLaunchParameters"/>
  </connections>
  <connections type="routesTo">
    <source href="assembly.xml#GetLaunchParameters"/>
    <target href="assembly.xml#FileTypeRoute1"/>
  </connections>
  <connections type="routesTo">
    <source href="assembly.xml#setfullfilevariableandcounters"/>
    <target href="assembly.xml#split-full-file"/>
  </connections>
  <connections type="routesTo">
    <source href="assembly.xml#PrepAllBatchesforFinalAggregration"/>
    <target href="assembly.xml#RouteHeaderDetailsAndFooter"/>
  </connections>
  <connections type="routesTo">
    <source href="assembly.xml#//@beans/@mixed.1/@route.1/@subRoute.0"/>
    <target href="assembly.xml#Header"/>
  </connections>
  <connections type="routesTo">
    <source href="assembly.xml#//@beans/@mixed.1/@route.1/@subRoute.1"/>
    <target href="assembly.xml#Details"/>
  </connections>
  <connections type="routesTo">
    <source href="assembly.xml#//@beans/@mixed.1/@route.1/@subRoute.2"/>
    <target href="assembly.xml#Footer"/>
  </connections>
  <connections type="routesTo">
    <source href="assembly.xml#Header"/>
    <target href="assembly.xml#AggregatorHeaderDetailsAndFooter"/>
  </connections>
  <connections type="routesTo">
    <source href="assembly.xml#Details"/>
    <target href="assembly.xml#AggregatorHeaderDetailsAndFooter"/>
  </connections>
  <connections type="routesTo">
    <source href="assembly.xml#Footer"/>
    <target href="assembly.xml#AggregatorHeaderDetailsAndFooter"/>
  </connections>
  <connections type="routesTo">
    <source href="assembly.xml#StoreFinalOutput"/>
    <target href="assembly.xml#PutFinalOutput"/>
  </connections>
  <connections type="routesTo">
    <source href="assembly.xml#//@beans/@mixed.1/@route.1/@subRoute.3"/>
    <target href="assembly.xml#AggregrateAgain"/>
  </connections>
  <connections type="routesTo">
    <source href="assembly.xml#AggregrateAgain"/>
    <target href="assembly.xml#AggregatorHeaderDetailsAndFooter"/>
  </connections>
  <connections type="routesTo">
    <source href="assembly.xml#//@beans/@mixed.1/@mixed.3/@mixed.3"/>
    <target href="assembly.xml#Launch-Parameter-Error"/>
  </connections>
  <connections type="routesTo">
    <source href="assembly.xml#//@beans/@mixed.1/@mixed.7/@mixed.3"/>
    <target href="assembly.xml#Report-Error"/>
  </connections>
  <connections type="routesTo">
    <source href="assembly.xml#//@beans/@mixed.1/@mixed.15/@mixed.3"/>
    <target href="assembly.xml#GetWorkers999Error"/>
  </connections>
  <connections type="routesTo">
    <source href="assembly.xml#Aggregate999"/>
    <target href="assembly.xml#CallGetWorkersWithoutTransactionLoggingFromFulleFileRoute"/>
  </connections>
  <connections type="routesTo">
    <source href="assembly.xml#CreateBatches"/>
    <target href="assembly.xml#setfullfilevariableandcounters"/>
  </connections>
  <connections type="routesTo">
    <source href="assembly.xml#//@beans/@mixed.1/@splitter.1/@subRoute.0"/>
    <target href="assembly.xml#CallTransform999workers"/>
  </connections>
  <connections type="routesTo">
    <source href="assembly.xml#AggregatorTransformed999"/>
    <target href="assembly.xml#CallFinalAggregrator"/>
  </connections>
  <connections type="routesTo">
    <source href="assembly.xml#FinalAggregrator"/>
    <target href="assembly.xml#PrepAllBatchesforFinalAggregration"/>
  </connections>
  <connections type="routesTo">
    <source href="assembly.xml#//@beans/@mixed.1/@mixed.27/@mixed.3"/>
    <target href="assembly.xml#FilePrepError"/>
  </connections>
  <connections type="routesTo">
    <source href="assembly.xml#Transform999workers"/>
    <target href="assembly.xml#TransformAndMapGetWorkersResponse"/>
  </connections>
  <connections type="routesTo">
    <source href="assembly.xml#//@beans/@mixed.1/@mixed.17/@mixed.3"/>
    <target href="assembly.xml#GetWorkers999TransformError"/>
  </connections>
  <connections type="routesTo">
    <source href="assembly.xml#GetWorkersWithoutTransactionLogging"/>
    <target href="assembly.xml#CreateGetWorkerCallWithoutTransactionLogging"/>
  </connections>
  <connections type="routesTo">
    <source href="assembly.xml#//@beans/@mixed.1/@mixed.71"/>
    <target href="assembly.xml#PutIntegrationMessageGlobal"/>
  </connections>
  <connections type="routesResponseTo">
    <source href="assembly.xml#PutIntegrationMessageGlobal"/>
    <target href="assembly.xml#PutIntegrationEventGlobal"/>
  </connections>
  <connections type="routesResponseTo">
    <source href="assembly.xml#PutIntegrationMessageFinal"/>
    <target href="assembly.xml#PutIntegrationEventFinal"/>
  </connections>
  <connections type="routesTo">
    <source href="assembly.xml#nulloutmapsandvariables"/>
    <target href="assembly.xml#PutIntegrationMessageFinal"/>
  </connections>
  <connections type="routesTo">
    <source href="assembly.xml#//@beans/@mixed.1/@route.2/@subRoute.0"/>
    <target href="assembly.xml#clearmapandpositioncounter"/>
  </connections>
  <connections type="routesTo">
    <source href="assembly.xml#//@beans/@mixed.1/@route.0/@subRoute.1"/>
    <target href="assembly.xml#CallChanges"/>
  </connections>
  <connections type="routesTo">
    <source href="assembly.xml#CreateTransactionLogRequest"/>
    <target href="assembly.xml#GetWorkersWithTransactionsInParralel"/>
  </connections>
  <connections type="routesTo">
    <source href="assembly.xml#//@beans/@mixed.1/@route.0/@subRoute.0"/>
    <target href="assembly.xml#CallCreateBatchesFromFullFileRoute"/>
  </connections>
  <connections type="routesResponseTo">
    <source href="assembly.xml#GetWorkersWithTransactionsInParralel"/>
    <target href="assembly.xml#SplitGetWorkersWithTransactionLoggingResponse"/>
  </connections>
  <connections type="routesTo">
    <source href="assembly.xml#//@beans/@mixed.1/@splitter.2/@subRoute.0"/>
    <target href="assembly.xml#GetWidFromTransactionLog"/>
  </connections>
  <connections type="routesTo">
    <source href="assembly.xml#GetWidFromTransactionLog"/>
    <target href="assembly.xml#Aggregator"/>
  </connections>
  <connections type="routesTo">
    <source href="assembly.xml#Aggregator"/>
    <target href="assembly.xml#CallCallCreateBatchesFromChangesRoute"/>
  </connections>
  <connections type="routesTo">
    <source href="assembly.xml#//@beans/@mixed.1/@splitter.0/@subRoute.0"/>
    <target href="assembly.xml#FileTypeRoute2"/>
  </connections>
  <connections type="routesTo">
    <source href="assembly.xml#//@beans/@mixed.1/@route.3/@subRoute.0"/>
    <target href="assembly.xml#counter"/>
  </connections>
  <connections type="routesTo">
    <source href="assembly.xml#//@beans/@mixed.1/@route.4/@subRoute.0"/>
    <target href="assembly.xml#nulloutmapsandvariables"/>
  </connections>
  <connections type="routesTo">
    <source href="assembly.xml#//@beans/@mixed.1/@route.4/@subRoute.1"/>
    <target href="assembly.xml#CallFinalAggregratorWithNoWorkers"/>
  </connections>
  <connections type="routesResponseTo">
    <source href="assembly.xml#CallFinalAggregratorWithNoWorkers"/>
    <target href="assembly.xml#nulloutmapsandvariables"/>
  </connections>
  <connections type="routesTo">
    <source href="assembly.xml#//@beans/@mixed.1/@mixed.87/@mixed.3"/>
    <target href="assembly.xml#TransactionLogErrorMessage"/>
  </connections>
  <connections type="routesTo">
    <source href="assembly.xml#//@beans/@mixed.1/@route.3/@subRoute.1"/>
    <target href="assembly.xml#CheckForWIDInArrayList"/>
  </connections>
  <connections type="routesTo">
    <source href="assembly.xml#counter"/>
    <target href="assembly.xml#Aggregate999"/>
  </connections>
  <connections type="routesTo">
    <source href="assembly.xml#CheckForWIDInArrayList"/>
    <target href="assembly.xml#counter"/>
  </connections>
  <connections type="routesTo">
    <source href="assembly.xml#clearmapandpositioncounter"/>
    <target href="assembly.xml#CallBatchAggregator"/>
  </connections>
  <connections type="routesTo">
    <source href="assembly.xml#//@beans/@mixed.1/@route.2/@subRoute.1"/>
    <target href="assembly.xml#CallBatchAggregator"/>
  </connections>
  <connections type="routesTo">
    <source href="assembly.xml#BatchAggregator"/>
    <target href="assembly.xml#AggregatorTransformed999"/>
  </connections>
  <connections type="routesResponseTo">
    <source href="assembly.xml#CallCreateBatchesFromFullFileRoute"/>
    <target href="assembly.xml#CallBuildFile"/>
  </connections>
  <connections type="routesResponseTo">
    <source href="assembly.xml#CallBuildFile"/>
    <target href="assembly.xml#nulloutmapsandvariables"/>
  </connections>
  <connections type="routesResponseTo">
    <source href="assembly.xml#CallChanges"/>
    <target href="assembly.xml#Call_BuildFile"/>
  </connections>
  <connections type="routesResponseTo">
    <source href="assembly.xml#Call_BuildFile"/>
    <target href="assembly.xml#CheckIfWorkersExist"/>
  </connections>
  <connections type="routesTo">
    <source href="assembly.xml#BuildFile"/>
    <target href="assembly.xml#ForceBatch"/>
  </connections>
  <connections type="routesTo">
    <source href="assembly.xml#ForceBatch"/>
    <target href="assembly.xml#CloseAggregator"/>
  </connections>
  <connections type="routesTo">
    <source href="assembly.xml#CreateGetWorkerCallWithoutTransactionLogging"/>
    <target href="assembly.xml#PagedGet"/>
  </connections>
  <connections type="routesResponseTo">
    <source href="assembly.xml#PagedGet"/>
    <target href="assembly.xml#SplittGetWorkerResponse"/>
  </connections>
  <connections type="routesTo">
    <source href="assembly.xml#TransformAndMapGetWorkersResponse"/>
    <target href="assembly.xml#clearmaprout"/>
  </connections>
  <connections type="routesTo">
    <source href="assembly.xml#Changes"/>
    <target href="assembly.xml#RouteChangesandFutureHires"/>
  </connections>
  <connections type="routesTo">
    <source href="assembly.xml#//@beans/@mixed.1/@route.5/@subRoute.1"/>
    <target href="assembly.xml#CreateTransactionLogRequest"/>
  </connections>
  <connections type="routesTo">
    <source href="assembly.xml#//@beans/@mixed.1/@route.5/@subRoute.0"/>
    <target href="assembly.xml#GetFutureHiresRaaS"/>
  </connections>
  <connections type="routesResponseTo">
    <source href="assembly.xml#GetFutureHiresRaaS"/>
    <target href="assembly.xml#SplitFutures"/>
  </connections>
  <connections type="routesTo">
    <source href="assembly.xml#//@beans/@mixed.1/@splitter.3/@subRoute.0"/>
    <target href="assembly.xml#GetFuturesWIDs"/>
  </connections>
  <connections type="routesTo">
    <source href="assembly.xml#GetFuturesWIDs"/>
    <target href="assembly.xml#AggFutures"/>
  </connections>
  <connections type="routesTo">
    <source href="assembly.xml#AggFutures"/>
    <target href="assembly.xml#CallGetWorkersWithoutTransLogFuture"/>
  </connections>
  <connections type="routesResponseTo">
    <source href="assembly.xml#PagedGetFutures"/>
    <target href="assembly.xml#SplittGetWorkerResponseFutures"/>
  </connections>
  <connections type="routesTo">
    <source href="assembly.xml#//@beans/@mixed.1/@splitter.4/@subRoute.0"/>
    <target href="assembly.xml#CallTransform999workersFutures"/>
  </connections>
  <connections type="routesTo">
    <source href="assembly.xml#CreateGetWorkerCallWithoutTransactionLoggingFutures"/>
    <target href="assembly.xml#PagedGetFutures"/>
  </connections>
  <connections type="routesTo">
    <source href="assembly.xml#GetWorkersWithoutTransactionLoggingFuture"/>
    <target href="assembly.xml#CreateGetWorkerCallWithoutTransactionLoggingFutures"/>
  </connections>
  <connections type="routesTo">
    <source href="assembly.xml#//@beans/@mixed.1/@mixed.141/@mixed.3"/>
    <target href="assembly.xml#GetWorkers999ErrorFutures"/>
  </connections>
  <connections type="routesTo">
    <source href="assembly.xml#//@beans/@mixed.1/@mixed.131/@mixed.3"/>
    <target href="assembly.xml#TransactionLogErrorMessageFutures"/>
  </connections>
  <connections type="routesTo">
    <source href="assembly.xml#AggregatorHeaderDetailsAndFooter"/>
    <target href="assembly.xml#StoreFinalOutput"/>
  </connections>
</wdnm:Diagram>
