<?xml version="1.0" encoding="UTF-8"?>
<beans
     xmlns="http://www.springframework.org/schema/beans"
     xmlns:beans="http://www.springframework.org/schema/beans"
     xmlns:atom="http://www.w3.org/2005/Atom"
     xmlns:cc="http://www.capeclear.com/assembly/10"
     xmlns:cloud="urn:com.workday/esb/cloud/10.0"
     xmlns:env="http://schemas.xmlsoap.org/soap/envelope/"
     xmlns:pi="urn:com.workday/picof"
     xmlns:wd="urn:com.workday/bsvc"
     xmlns:xsi="http://www.w3.org/2001/XMLSchema-instance">
 
	<cc:assembly id="WorkdayAssembly" version="2020.9">
        <cc:workday-in id="StartHere" routes-to="Call-Init">
            <cc:integration-system name="POV-SA-Employee-Contract-Inbound">
        <cloud:param name="Validation Mode">
          <cloud:type>
            <cloud:simple-type>boolean</cloud:simple-type>
          </cloud:type>
          <cloud:default>
            <cloud:boolean>true</cloud:boolean>
          </cloud:default>
        </cloud:param>
        <cloud:param name="InputFile">
          <cloud:type>
            <cloud:simple-type>boolean</cloud:simple-type>
          </cloud:type>
          <cloud:default>
            <cloud:boolean>true</cloud:boolean>
          </cloud:default>
        </cloud:param>
        <cloud:param name="Last Completed Date">
          <cloud:type>
            <cloud:simple-type>datetime</cloud:simple-type>
          </cloud:type>
          <cloud:launch-option>begin-entry-datetime</cloud:launch-option>
        </cloud:param>
        <cloud:attribute-map-service name="IDB_Import">
          <cloud:attribute name="IDB Api Link">
            <cloud:type>
              <cloud:simple-type>text</cloud:simple-type>
            </cloud:type>
          </cloud:attribute>
        </cloud:attribute-map-service>
        <cloud:retrieval-service name="POV-SA-ECI-DocRetrieval"/>
        <cloud:report-service name="POV-SA-ECI-Raas">
          <cloud:report-alias description="RPT Worker Mgmt Level" name="SA_Report">
            <cloud:report-reference description="RPT Worker Mgmt Level" type="WID">02e693604941016eff67ceaa7b25c512</cloud:report-reference>
          </cloud:report-alias>
          <cloud:report-alias description="SA_POV_Get_Master_Data_Details" name="GetMaster">
            <cloud:report-reference description="SA_POV_Get_Master_Data_Details" type="WID">02e693604941011d905fc3e38225da14</cloud:report-reference>
          </cloud:report-alias>
          <cloud:report-alias description="SA_POV_Get_Travel_Cost" name="GetTravelCost">
            <cloud:report-reference description="SA_POV_Get_Travel_Cost" type="WID">02e69360494101328cdacae583258716</cloud:report-reference>
          </cloud:report-alias>
        </cloud:report-service>
        <cloud:custom-object-service name="POV-SA-Employee-Contract-Inbound_COS">
          <cloud:custom-object-alias description="SA-Empl-Contract-Wrkr" name="WorkerCO">
            <cloud:custom-object-reference description="SA Employee Contract Wrkr" type="WID">02e6936049410157881065052326bc46</cloud:custom-object-reference>
          </cloud:custom-object-alias>
          <cloud:custom-object-alias description="SA Master Data" name="saMaster">
            <cloud:custom-object-reference description="SA Master Data" type="WID">02e69360494101861d77b18347257c0c</cloud:custom-object-reference>
          </cloud:custom-object-alias>
          <cloud:custom-object-alias description="SA Travel Cost" name="TravelCost">
            <cloud:custom-object-reference description="SA Travel Cost" type="WID">02e69360494101248cddd43e6f255e0e</cloud:custom-object-reference>
          </cloud:custom-object-alias>
        </cloud:custom-object-service>
      </cc:integration-system>
        </cc:workday-in>
        <cc:local-out id="Call-Init" store-message="none" routes-response-to="Call-GetInput" endpoint="vm://POV-SA-Employee-Contract-Inbound/Init"/>
        <cc:local-in id="Init" routes-to="InitiazeProps"/>
        <cc:async-mediation id="InitiazeProps" routes-to="ValidationMode" handle-downstream-errors="true">
            <cc:steps>
                <cc:eval id="LP">
                    <cc:expression>props['lp.validation.mode'] = (boolean)lp.getSimpleData('Validation Mode')</cc:expression>
                    <cc:expression>props['lp.InputFile'] = (boolean)lp.getSimpleData('InputFile')</cc:expression>
                    <cc:expression>props['lp.CompletedDate'] = (lp.getSimpleData('Last Completed Date') != null) ? lp.getSimpleData('Last Completed Date').toString().substring(0,10)</cc:expression>
                    <cc:expression>props['idburl'] = intsys.getAttribute('IDB Api Link')</cc:expression>
                    <cc:expression>//props['idburl'] = java.net.URLEncoder.encode(props['idburl.attr'],&quot;UTF-8&quot;);</cc:expression>
                </cc:eval>
                <cc:eval id="props-&amp;-vars"><cc:expression>props['doc.period.days'] = intsys.getAttribute('Document Retention Period (Days)')</cc:expression>
                    <cc:expression>if (props['doc.period.days'] == empty) { props['doc.period.days'] = 90 };</cc:expression></cc:eval>
                <cc:eval id="Init">
                    <cc:expression>props['log.Header'] = 'Error Log File for Employee Contract Inbound'</cc:expression>
                    <cc:expression>props['isWarn'] = false</cc:expression>
                    <cc:expression>props['isError'] = false</cc:expression>
                </cc:eval>
            </cc:steps>
            <cc:send-error id="SendError" rethrow-error="true" routes-to="Log-Error"/>
        </cc:async-mediation>
        <cc:local-out id="InitializationError" endpoint="vm://wcc/PutIntegrationMessage"><cc:set name="is.message.severity" value="'ERROR'"/><cc:set name="is.message.summary" value="&quot;An error ocurred at initialization&quot;"/></cc:local-out>
        <cc:local-out id="Call-GetInput" store-message="none" routes-response-to="Call-Load-Contract" endpoint="vm://POV-SA-Employee-Contract-Inbound/GetInput"/>
        <cc:local-in id="GetInput" routes-to="AsyncMediation6"/>
        <cc:route id="Route">
            <cc:mvel-strategy>
                <cc:choose-route expression="props['lp.InputFile'] == true" route="ReadFromFile"/>
                <cc:choose-route expression="props['lp.InputFile'] == false" route="RestApi"/>
            </cc:mvel-strategy>
            <cc:sub-route name="ReadFromFile" routes-to="RetrieveFile"/>
            <cc:sub-route name="RestApi" routes-to="AsyncMediation0"/>
        </cc:route>
        <cc:async-mediation id="RetrieveFile" routes-to="ConvertCSVtoXML" handle-downstream-errors="true">
            <cc:steps>
                <cc:validate-exp id="ValidateExp">
                    <cc:expression failure-message="Input File not available">da.size() > 0</cc:expression>
                </cc:validate-exp>
                <cc:eval id="Eval">
                    <cc:expression>da.toVar(0, 'wd.retrieve.variable')</cc:expression>
                </cc:eval>
                <cc:log id="Log">
                    <cc:log-message>
                        <cc:message-content/>
                        <cc:text>The file is imported successfully.</cc:text>
                    </cc:log-message>
                </cc:log>
                <cc:copy id="Copy" input="variable" input-variable="wd.retrieve.variable"/>
            </cc:steps>
            <cc:send-error id="SendError" rethrow-error="true" routes-to="Log-Error1b"/>
        </cc:async-mediation>
        <cc:http-out id="Call-IDB-API" routes-response-to="ConvertCSVtoXML" endpoint="@{props['idb.api.utf8']}" http-method="GET">
            <cc:rest-binding/>
        </cc:http-out>
        <cc:local-out id="FileRetrievalError" endpoint="vm://wcc/PutIntegrationMessage"><cc:set name="is.message.severity" value="'ERROR'"/><cc:set name="is.message.summary" value="context.errorMessage"/></cc:local-out>
        <cc:async-mediation id="ConvertCSVtoXML">
            <cc:steps>
                <cc:store id="Store0" output="variable" output-variable="wd.apicsv.variable" expiresIn="P90D" title="Log1_Input_Data.csv"/>
                <cc:csv-to-xml id="CsvToXml" colNames="Name,Colleague_ID,Cost_Center,Approver,Practice,Country,Session_Name_ID,Session_Name,Session_ID,Session_Start_Date,Session_End_Date,Location_Id,Training_Location,Cost,Month,Prior_Status,New_Status,Status,Status_Description,Modified_Date,Registered_Date" format="rfc4180" rootName="Root&#x9;" rowName="Data"/>
                <cc:copy id="Copy" output="variable" output-variable="vInputData"/>
                <cc:store id="Store" output="variable" output-variable="sInputData" expiresIn="P90D" title="Log1_Input_Data_XML.xml"/>
            </cc:steps>
        </cc:async-mediation>
        <cc:local-in id="LoadContract" routes-to="AsyncMediation2"/>
        <cc:local-out id="Call-Load-Contract" store-message="none" routes-response-to="Store-Log-File" endpoint="vm://POV-SA-Employee-Contract-Inbound/LoadContract"/>
        <cc:splitter id="Splitter">
            <cc:sub-route name="SubRoute" routes-to="AddorUpdateEmpContract"/>
            <cc:xml-stream-splitter xpath="/Root/Data"/>
        </cc:splitter>
        <cc:async-mediation id="AddorUpdateEmpContract" routes-to="ValidationOn" handle-downstream-errors="true">
            <cc:steps>
                <cc:eval id="Eval">
                    <cc:expression>props['Colleague_ID'] = parts[0].xpath('/Data/Colleague_ID')</cc:expression>
                    <cc:expression>props['Contract_Effective_Date'] = parts[0].xpath('/Data/Session_Start_Date')</cc:expression>
                    <cc:expression>props['Contract_Start_Date'] = parts[0].xpath('/Data/Session_Start_Date')</cc:expression>
                    <cc:expression>props['Contract_End_Date' ] = parts[0].xpath('/Data/Session_End_Date')</cc:expression>
                    <cc:expression>props['Parsed_Start_Date1'] = new java.text.SimpleDateFormat(&quot;yyyy-MM-dd&quot;).parse(props['Contract_Start_Date'])</cc:expression>
                    <cc:expression>props['Training_Start_Date1'] = new java.text.SimpleDateFormat(&quot;yyyyMMdd&quot;).format(props['Parsed_Start_Date1'])</cc:expression>
                    <cc:expression>props['Contract_ID'] = parts[0].xpath('/Data/Colleague_ID') +  '-' + parts[0].xpath('/Data/Session_ID') + '-' + props['Training_Start_Date1']</cc:expression>
                    <cc:expression>props['Contract_Status'] ='Open'</cc:expression>
                    <cc:expression>props['Contract_Comment'] ='SA_Agreement'</cc:expression>
                    <cc:expression>props['Cost']=parts[0].xpath('/Data/Cost')</cc:expression>
                    <cc:expression>//props['SA_End_Date']=(java.time.LocalDate.parse(props['Contract_End_Date'],java.time.format.DateTimeFormatter.ofPattern(&quot;yyyy-MM-dd&quot;)).plusMonths(24)).toString()</cc:expression>
                    <cc:expression>props['SA_Start_Date']=(java.time.LocalDate.parse(props['Contract_End_Date'],java.time.format.DateTimeFormatter.ofPattern(&quot;yyyy-MM-dd&quot;)).plusDays(1)).toString()</cc:expression>
                    <cc:expression>props['Certification_Name']=parts[0].xpath('/Data/Session_Name') </cc:expression>
                    <cc:expression>//props['SA_Status'] = 'active'</cc:expression>
                    <cc:expression>props['Manager_Name'] = parts[0].xpath('/Data/Approver')</cc:expression>
                    <cc:expression>props['Training_ID'] = parts[0].xpath('/Data/Session_ID')</cc:expression>
                    <cc:expression>props['TrainingLocation'] = parts[0].xpath('/Data/Training_Location')</cc:expression>
                    <cc:expression>props['IsVirtual'] = (boolean)props['TrainingLocation'].toString().contains('Virtual')</cc:expression>
                    <cc:expression>props['LocationId'] = parts[0].xpath('/Data/Location_Id')</cc:expression>
                    <cc:expression>props['Location_ID'] = empty</cc:expression>
                    <cc:expression>props['Training_Location'] = empty</cc:expression>
                </cc:eval>
                <cc:log id="Log">
                    <cc:log-message>
                        <cc:text>&quot;Colleague ID&quot; : @{props['Colleague_ID']}&#xD;
&quot;Contract Effective Date&quot;: @{props['Contract_Effective_Date']}&#xD;
&quot;Contract Start Date&quot;:  @{props['Contract_Start_Date']}&#xD;
&quot;Contract End Date&quot;: @{props['Contract_End_Date' ]}&#xD;
&quot;Contract ID&quot;: @{props['Contract_ID']}&#xD;
&quot;Contract Status&quot; : @{props['Contract_Status']}&#xD;
&quot;Contract Comment&quot;: @{props['Contract_Comment']}&#xD;
&quot;Cost&quot;:@{props['Cost']}&#xD;
&quot;SA Start Date&quot;:@{props['SA_Start_Date']}&#xD;
&quot;Session Name&quot;:@{props['Certification_Name']}&#xD;
&quot;Parsed date&quot;: @{props['Parsed_Start_Date1'] }&#xD;
&quot;Formatted Date&quot;:@{props['Training_Start_Date1']}&#xD;
&quot;IsVirtual&quot;:@{props['IsVirtual']}&#xD;
&quot;Training ID&quot;:@{props['Training_ID']}</cc:text>
                    </cc:log-message>
                </cc:log>
                <cc:write id="Write">
                    <cc:message>
                        <cc:text>&lt;?xml version=&quot;1.0&quot; encoding=&quot;UTF-8&quot;?>&#xD;
&lt;env:Envelope&#xD;
    xmlns:env=&quot;http://schemas.xmlsoap.org/soap/envelope/&quot;&#xD;
    xmlns:xsd=&quot;http://www.w3.org/2001/XMLSchema&quot;>&#xD;
    &lt;env:Body>&#xD;
        &lt;wd:Maintain_Employee_Contracts_Request&#xD;
            xmlns:wd=&quot;urn:com.workday/bsvc&quot;&#xD;
            wd:version=&quot;v33.2&quot;>&#xD;
            &lt;wd:Business_Process_Parameters>&#xD;
                &lt;wd:Auto_Complete>false&lt;/wd:Auto_Complete>&#xD;
                &lt;wd:Run_Now>true&lt;/wd:Run_Now>&#xD;
                &lt;wd:Comment_Data>&#xD;
                    &lt;wd:Comment>@{props['Contract_Comment']}&lt;/wd:Comment>&#xD;
                 &lt;/wd:Comment_Data>&#xD;
               &lt;/wd:Business_Process_Parameters>&#xD;
            &lt;wd:Maintain_Employee_Contracts_Data>&#xD;
                &lt;wd:Employee_Reference>&#xD;
                    &lt;wd:ID wd:type=&quot;Employee_ID&quot;>@{props['Colleague_ID']}&lt;/wd:ID>&#xD;
                &lt;/wd:Employee_Reference>&#xD;
                &lt;wd:Employee_Contract_Data>&#xD;
                    &lt;wd:Effective_Date>@{props['Contract_Start_Date']}&lt;/wd:Effective_Date>&#xD;
                    &lt;wd:Contract_ID>@{props['Contract_ID']}&lt;/wd:Contract_ID>&#xD;
                    &lt;wd:Employee_Contract_ID>@{props['Contract_ID']}&lt;/wd:Employee_Contract_ID>&#xD;
                    &lt;wd:Contract_Start_Date>@{props['Contract_Start_Date']}&lt;/wd:Contract_Start_Date>&#xD;
                    &lt;wd:Contract_End_Date>@{props['Contract_End_Date']}&lt;/wd:Contract_End_Date>&#xD;
                    &lt;wd:Contract_Status_Reference>&#xD;
                        &lt;wd:ID wd:type=&quot;Employee_Contract_Status_ID&quot;>@{props['Contract_Status']}&lt;/wd:ID>&#xD;
                    &lt;/wd:Contract_Status_Reference>&#xD;
                    &lt;wd:Contract_Description>@{props['Certification_Name']}&lt;/wd:Contract_Description>&#xD;
                 &lt;/wd:Employee_Contract_Data>&#xD;
            &lt;/wd:Maintain_Employee_Contracts_Data>&#xD;
        &lt;/wd:Maintain_Employee_Contracts_Request>&#xD;
    &lt;/env:Body>&#xD;
&lt;/env:Envelope></cc:text>
                    </cc:message>
                </cc:write>
            </cc:steps>
            <cc:send-error id="SendError" routes-to="Log-Error2b"/>
        </cc:async-mediation>
        <cc:local-out id="Status-PIM" store-message="none" execute-when="vars.isVariable('vLog')" endpoint="vm://wcc/PutIntegrationMessage">
            <cc:set name="is.message.severity" value="props['log.severity']"/>
            <cc:set name="is.message.summary" value="'Refer cloud Log for Error Details'"/>
        </cc:local-out>
        <cc:async-mediation id="Store-Log-File" routes-to="Status-PIM" execute-steps-when="vars.isVariable('vLog')">
            <cc:steps>
                <cc:store id="Store" output="message" input="variable" input-variable="vLog" expiresIn="P@{props['doc.period.days']}D" title="CloudLog_SA_Load_Empl_Contract_Inbound.html"/>
                <cc:eval id="Eval">
                    <cc:expression>props['log.severity'] = 'INFO';</cc:expression>
                    <cc:expression>if(props['isWarn'] == true) {(props['log.severity'] = 'WARNING')};</cc:expression>
                    <cc:expression>if(props['isError'] == true) {(props['log.severity'] = 'ERROR')};</cc:expression>
                </cc:eval>
            </cc:steps>
        </cc:async-mediation>
        <cc:async-mediation id="Log-Error" routes-to="InitializationError">
            <cc:steps>
                <cc:cloud-log id="CloudLog0" header="@{props['log.Header']}" level="error" message="@{context.errorMessage}" message-details="Error at: @{context.errorComponentId} - Error Msg: @{context.errorMessage}" output-file-type="HTML" variable-name="vLog"/>
                <cc:eval id="Eval">
                    <cc:expression>props['isError'] = true</cc:expression>
                </cc:eval>
            </cc:steps>
        </cc:async-mediation>
        <cc:async-mediation id="Log-Error1b" routes-to="FileRetrievalError">
            <cc:steps>
                <cc:cloud-log id="CloudLog0" header="@{props['log.Header']}" level="error" message="@{context.errorMessage}" message-details="Error at: @{context.errorComponentId} - Error Msg: @{context.errorMessage}" output-file-type="HTML" variable-name="vLog"/>
                <cc:eval id="Eval">
                    <cc:expression>props['isError'] = true</cc:expression>
                </cc:eval>
            </cc:steps>
        </cc:async-mediation>
        <cc:local-out id="Call-Load-WorkerCO" store-message="none" endpoint="vm://POV-SA-Employee-Contract-Inbound/LoadWorkerCO"/>
        <cc:local-in id="LoadWorkerCO" routes-to="LoadCO"/>
        <cc:async-mediation id="LoadCO" routes-to="WorkerCO-INS" handle-downstream-errors="true">
            <cc:steps>
                <cc:write id="Write">
                    <cc:message>
                        <cc:text>&lt;root>&#xD;
&lt;/root></cc:text>
                    </cc:message>
                </cc:write>
                <cc:eval id="Eval">
                    <cc:expression>if (props['Currency'] == empty) {props['Currency'] = 'INR';} </cc:expression>
                </cc:eval>
                <cc:log id="Log0">
                    <cc:log-message>
                        <cc:text>&quot;Colleague ID&quot;: @{props['Colleague_ID']}&#xD;
&quot;Certification_Name&quot;: @{props['Certification_Name']}&#xD;
&quot;Contract_ID&quot;: @{props['Contract_ID']}&#xD;
&quot;Training_ID&quot;: @{props['Training_ID']}&#xD;
&quot;designation&quot;: @{props['designation']}&#xD;
&quot;Manager_Name&quot;: @{props['Manager_Name']}&#xD;
&quot;Contract_Start_Date&quot;: @{props['Contract_Start_Date']} &#xD;
&quot;Contract_End_Date&quot;: @{props['Contract_End_Date']} &#xD;
&quot;SA_Status&quot;: @{props['SA_Status']} &#xD;
&#xD;
&quot;SA_Amount&quot;: @{props['SA_Amount']} &#xD;
&quot;Currency&quot;: @{props['Currency']} &#xD;
&quot;SA_Start_Date&quot;: @{props['SA_Start_Date']} &#xD;
&quot;SA_End_Date&quot;: @{props['SA_End_Date']} </cc:text>
                    </cc:log-message>
                </cc:log>
                <cc:xslt-plus id="XsltPlus" url="Load-Worker-CO.xsl"/>
                <cc:store id="Store" output="variable" output-variable="wrkrCOJson" expiresIn="P90D" title="Log5_Wrkr_CO_Json.txt"/>
            </cc:steps>
            <cc:send-error id="SendError" rethrow-error="false" routes-to="Log-Error5a"/>
        </cc:async-mediation>
        <cc:workday-out-rest id="WorkerCO-INS" routes-response-to="AsyncMediation7" extra-path="@{intsys.customObjectService.getExtrapath('WorkerCO')}?updateIfExists=true" method="POST"/>
        <cc:local-in id="SA_Applicability" routes-to="AsyncMediation1"/>
        <cc:async-mediation id="AsyncMediation" handle-downstream-errors="true">
            <cc:steps>
                <cc:store id="Store" output="variable" output-variable="ReportOutput" input="message" title="Log2_ReportOutput_@{props['Colleague_ID']}.xml"/>
                <cc:eval id="Eval">
                    <cc:expression>props['IsManager'] = parts[0].xpath('/wd:Report_Data/wd:Report_Entry/wd:Worker_group/wd:Is_Manager')</cc:expression>
                    <cc:expression>props['HireDate'] = parts[0].xpath('/wd:Report_Data/wd:Report_Entry/wd:Worker_group/wd:Hire_Date')</cc:expression>
                    <cc:expression>props['HireDate1'] = new java.text.SimpleDateFormat(&quot;yyyy-MM-dd&quot;).parse(props['HireDate'])</cc:expression>
                    <cc:expression>props['SA_Start_Date1'] = new java.text.SimpleDateFormat(&quot;yyyy-MM-dd&quot;).parse(props['SA_Start_Date'])</cc:expression>
                    <cc:expression>//props['diffInyears'] = (props['SA_Start_Date1'].getTime() - props['HireDate1'].getTime())/31536000000</cc:expression>
                    <cc:expression>props['ddInyears'] = (int)(props['SA_Start_Date1'].getTime() - props['HireDate1'].getTime())/31536000000</cc:expression>
                    <cc:expression>//if(props['IsManager']==1){props['SA_Status']='NA';}else{props['SA_Status']='saApplicable';}</cc:expression>
                    <cc:expression>//if(props['IsManager']==1){props['SA_Status']='saNotApplicable';} else if(props['ddInyears']>=3){props['SA_Status']='saNotApplicable';} else{props['SA_Status']='saApplicable';}</cc:expression>
                    <cc:expression>props['Designation']= parts[0].xpath('/wd:Report_Data/wd:Report_Entry/wd:Worker_group/wd:Position/@wd:Descriptor')</cc:expression>
                </cc:eval>
                <cc:log id="Log0">
                    <cc:log-message>
                        <cc:text>&quot;Is a manager?&quot; : @{props['IsManager']}&#xD;
&quot;Hire Date&quot; : @{props['HireDate']}&#xD;
&quot;Hire date1&quot; : @{props['HireDate1']}&#xD;
&quot;Contract Start date1&quot;: @{props['Contract_Start_Date1']}&#xD;
&quot;diff in years&quot; : @{props['diffInyears']}&#xD;
&quot;diff in years int&quot;: @{props['ddInyears']}&#xD;
&quot;SA_Status&quot;: @{props['SA_Status']}&#xD;
&quot;Colleague ID&quot; : @{props['Colleague_ID']}&#xD;
&quot;Designation&quot;: @{props['Designation']}</cc:text>
                    </cc:log-message>
                </cc:log>
            </cc:steps>
            <cc:send-error id="SendError" routes-to="Log-Error3b"/>
        </cc:async-mediation>
        <cc:workday-out-soap id="CreateContract" routes-response-to="ValidationOff" application="Staffing" version="v32.2"/>
        <cc:workday-out-rest id="GetWorkerInformation" routes-response-to="AsyncMediation" extra-path="@{intsys.reportService.getExtrapath('SA_Report')}?Employee_ID=@{props['Colleague_ID']}"/>
        <cc:async-mediation id="AsyncMediation1" routes-to="GetWorkerInformation" handle-downstream-errors="true">
            <cc:steps>
                <cc:write id="Write0">
                    <cc:message>
                        <cc:text>&lt;root>&#xD;
&lt;/root></cc:text>
                    </cc:message>
                </cc:write>
            </cc:steps>
            <cc:send-error id="SendError" routes-to="Log-Error3a"/>
        </cc:async-mediation>
        <cc:local-out id="Call-SA-Applicability" store-message="none" routes-response-to="Route0" endpoint="vm://POV-SA-Employee-Contract-Inbound/SA_Applicability"/>
        <cc:async-mediation id="AsyncMediation2" routes-to="Splitter" handle-downstream-errors="true">
            <cc:steps>
                <cc:copy id="Copy" input="variable" input-variable="vInputData"/>
                <cc:eval id="Eval">
                    <cc:expression>props['seq.num'] = 0;</cc:expression>
                </cc:eval>
            </cc:steps>
            <cc:send-error id="SendError" routes-to="Log-Error2a"/>
        </cc:async-mediation>
        <cc:async-mediation id="Log-Error2a">
            <cc:steps>
                <cc:cloud-log id="CloudLog" header="@{props['log.Header']}" level="error" message="@{context.errorMessage}" message-details="Error at: @{context.errorComponentId} - Error Msg: @{context.errorMessage}" output-file-type="HTML" variable-name="vLog"/>
                <cc:eval id="Eval">
                    <cc:expression>props['isError'] = true</cc:expression>
                </cc:eval>
            </cc:steps>
        </cc:async-mediation>
        <cc:async-mediation id="Log-Error2b">
            <cc:steps>
                <cc:cloud-log id="CloudLog" header="@{props['log.Header']}" level="error" message="Error Creating Contract: @{props['Contract_ID']}. " message-details="Error at: @{context.errorComponentId} - Error Msg: @{context.errorMessage}" output-file-type="HTML" variable-name="vLog"/>
                <cc:eval id="Eval">
                    <cc:expression>props['isError'] = true</cc:expression>
                </cc:eval>
            </cc:steps>
        </cc:async-mediation>
        <cc:async-mediation id="Log-Error3a">
            <cc:steps>
                <cc:cloud-log id="CloudLog0" header="@{props['log.Header']}" level="error" message="@{context.errorMessage}" message-details="Error at: @{context.errorComponentId} - Error Msg: @{context.errorMessage}" output-file-type="HTML" variable-name="vLog"/>
                <cc:eval id="Eval">
                    <cc:expression>props['isError'] = true</cc:expression>
                </cc:eval>
            </cc:steps>
        </cc:async-mediation>
        <cc:async-mediation id="Log-Error5a">
            <cc:steps>
                <cc:cloud-log id="CloudLog0" header="@{props['log.Header']}" level="error" message="@{context.errorMessage}" message-details="Error at: @{context.errorComponentId} - Error Msg: @{context.errorMessage}" output-file-type="HTML" variable-name="vLog"/>
                <cc:eval id="Eval">
                    <cc:expression>props['isError'] = true</cc:expression>
                </cc:eval>
            </cc:steps>
        </cc:async-mediation>
        <cc:local-out id="PIM-Error" store-message="none" endpoint="vm://wcc/PutIntegrationMessage">
            <cc:set name="is.message.severity" value="'CRITICAL'"/>
            <cc:set name="is.message.summary" value="&quot;Error details: &quot; # context.errorMessage"/>
            <cc:set name="is.message.detail" value="'Critical Error occured at ' + context.errorComponentId + '. Error details: ' + context.errorMessage"/>
        </cc:local-out>
        <cc:async-mediation id="Store-Log1" routes-to="PIM-Error">
            <cc:steps>
                <cc:store id="Store" input="variable" input-variable="vLog" expiresIn="P@{props['doc.period.days']}D" title="CloudLog_SA_Load_Empl_Contract_Inbound.html"/>
            </cc:steps>
        </cc:async-mediation>
        <cc:send-error id="Global-Error-Handler" routes-to="Store-Log1"/>
        <cc:local-in id="GetMasterData" routes-to="RptParams"/>
        <cc:async-mediation id="RptParams" routes-to="GetMaster" handle-downstream-errors="true">
            <cc:steps>
                <cc:log id="Log">
                    <cc:log-message>
                        <cc:line-separator/>
                        <cc:text>trainingId=@{props['Training_ID']}&#xD;
saStartDate=@{props['SA_Start_Date']}</cc:text>
                        <cc:line-separator/>
                    </cc:log-message>
                </cc:log>
            </cc:steps>
            <cc:send-error id="SendError" routes-to="Log-Error4a"/>
        </cc:async-mediation>
        <cc:async-mediation id="Log-Error4a" routes-to="PIM">
            <cc:steps>
                <cc:cloud-log id="CloudLog0" header="@{props['log.Header']}" level="error" message="@{context.errorMessage}" message-details="Error at: @{context.errorComponentId} - Error Msg: @{context.errorMessage}" output-file-type="HTML" variable-name="vLog"/>
            
                <cc:eval id="Eval">
                    <cc:expression>props['isError'] = true</cc:expression>
                </cc:eval>
            </cc:steps>
        </cc:async-mediation>
        <cc:local-out id="PIM" endpoint="vm://wcc/PutIntegrationMessage"><cc:set name="is.message.severity" value="'INFO'"/><cc:set name="is.message.summary" value="'Get Master error'"/></cc:local-out>
        <cc:async-mediation id="AsyncMediation3" handle-downstream-errors="true">
            <cc:steps>
                <cc:copy id="Copy"/>
                <cc:store id="Store0" output="variable" output-variable="sMasterDataXfrm" title="Log4_Master_Data_XFRM_@{props['Training_ID']}.xml"/>
                <cc:xslt-plus id="XsltPlus" url="GetSAMaster.xsl"/>
            
                <cc:eval id="Eval">
                    <cc:expression>props['SA_Amt'] = (int)parts[0].xpath('/Report_Entry/saAmt')</cc:expression>
                    <cc:expression>props['Cert_Amt'] = (int)parts[0].xpath('/Report_Entry/CertAmt')</cc:expression>
                    <cc:expression>props['SA_Status'] = parts[0].xpath('/Report_Entry/SaAppl')</cc:expression>
                    <cc:expression>props['SA_Duration'] = parts[0].xpath('/Report_Entry/saDrn')</cc:expression>
                    <cc:expression>props['SA_End_Date']=(java.time.LocalDate.parse(props['Contract_End_Date'],java.time.format.DateTimeFormatter.ofPattern(&quot;yyyy-MM-dd&quot;)).plusMonths(props['SA_Duration'])).toString()</cc:expression>
                    <cc:expression>//props['SA_Amount'] = props['Cert_Amt'] + props['Travel_Cost']</cc:expression>
                    <cc:expression>props['SA_Amount'] = props['SA_Amt'] + props['Travel_Cost']</cc:expression>
                    <cc:expression>props['SA_Comments'] = parts[0].xpath('/Report_Entry/SaComment')</cc:expression>
                </cc:eval>
            
                <cc:log id="Log">
                    <cc:log-message>
                        <cc:text>&quot;Is a manager?&quot; : @{props['IsManager']}&#xD;
&quot;Hire Date&quot; : @{props['HireDate']}&#xD;
&quot;Hire date1&quot; : @{props['HireDate1']}&#xD;
&quot;Contract Start date1&quot;: @{props['Contract_Start_Date1']}&#xD;
&quot;diff in years&quot; : @{props['diffInyears']}&#xD;
&quot;diff in years int&quot;: @{props['ddInyears']}&#xD;
&quot;SA_Status&quot;: @{props['SA_Status']}&#xD;
&quot;Colleague ID&quot; : @{props['Colleague_ID']}&#xD;
&quot;Designation&quot;: @{props['Designation']}&#xD;
&quot;SA Amount&quot;: @{props['SA_Amount']}&#xD;
&quot;Travel Cost&quot; : @{props['Travel_Cost']}&#xD;
&quot;TotalAmount&quot;: @{props['Total_Amount']}</cc:text>
                    </cc:log-message>
                </cc:log>
                <cc:store id="Store" output="variable" output-variable="sMasterData" expiresIn="P90D" title="Log4_Master_Data_@{props['Training_ID']}.xml"/>
            </cc:steps>
            <cc:send-error id="SendError" routes-to="Log-Error4b"/>
        </cc:async-mediation>
        <cc:local-out id="Call-SA-Master" store-message="none" routes-response-to="Call-Load-WorkerCO" endpoint="vm://POV-SA-Employee-Contract-Inbound/GetMasterData"/>
        <cc:workday-out-rest id="GetMaster" routes-response-to="AsyncMediation3" extra-path="@{intsys.reportService.getExtrapath('GetMaster')}?Training_ID=@{props['Training_ID']}&amp;Training_Start_Date=@{props['SA_Start_Date']}" method="GET"/>
        <cc:async-mediation id="Log-Error4b">
            <cc:steps>
                <cc:cloud-log id="CloudLog0" header="@{props['log.Header']}" level="error" message="@{context.errorMessage}" message-details="Error at: @{context.errorComponentId} - Error Msg: @{context.errorMessage}" output-file-type="HTML" variable-name="vLog"/>
                <cc:eval id="Eval">
                    <cc:expression>props['isError'] = true</cc:expression>
                </cc:eval>
            </cc:steps>
        </cc:async-mediation>
        <cc:async-mediation id="Log-Error3b">
            <cc:steps>
                <cc:cloud-log id="CloudLog0" header="@{props['log.Header']}" level="error" message="@{context.errorMessage}" message-details="Error at: @{context.errorComponentId} - Error Msg: @{context.errorMessage}" output-file-type="HTML" variable-name="vLog"/>
                <cc:eval id="Eval">
                    <cc:expression>props['isError'] = true</cc:expression>
                </cc:eval>
            </cc:steps>
        </cc:async-mediation>
        <cc:async-mediation id="Log-Error5b">
            <cc:steps>
                <cc:cloud-log id="CloudLog0" header="@{props['log.Header']}" level="error" message="@{context.errorMessage}" message-details="Error at: @{context.errorComponentId} - Error Msg: @{context.errorMessage}" output-file-type="HTML" variable-name="vLog"/>
                <cc:eval id="Eval">
                    <cc:expression>props['isError'] = true</cc:expression>
                </cc:eval>
            </cc:steps>
        </cc:async-mediation>
        <cc:async-mediation id="AsyncMediation4" handle-downstream-errors="true">
            <cc:steps>
                <cc:log id="Log1">
                    <cc:log-message>
                        <cc:text>--------------------------------------Start of Travel Data cost----------------------------------------</cc:text>
                        <cc:line-separator/>
                        <cc:message-content/>
                        <cc:line-separator/>
                        <cc:text>--------------------------------------End of Travel Data cost----------------------------------------</cc:text>
                    </cc:log-message>
                </cc:log>
                <cc:xslt-plus id="XsltPlus0" url="GetTravelData.xsl"/>
                <cc:store id="Store" output="variable" output-variable="sTravelCost" expiresIn="P90D" title="Log3_Travel_cost_@{props['LocationId']}.xml"/>
                <cc:eval id="Eval">
                    <cc:expression>props['TranCost_1week'] = parts[0].xpath('/Report_Entry/trainingCostFor1Week')</cc:expression>
                    <cc:expression>props['TranCost_2week'] = parts[0].xpath('/Report_Entry/trainingCostFor2Week')</cc:expression>
                    <cc:expression>props['Location_ID'] = parts[0].xpath('/Report_Entry/locationId')</cc:expression>
                    <cc:expression>props['Training_Location'] = parts[0].xpath('/Report_Entry/trainingLocation')</cc:expression>
                    <cc:expression>props['j.Start.Date']=java.time.LocalDate.parse(props['Contract_Start_Date'],java.time.format.DateTimeFormatter.ofPattern(&quot;yyyy-MM-dd&quot;))</cc:expression>
                    <cc:expression>props['j.End.Date']=java.time.LocalDate.parse(props['Contract_End_Date' ],java.time.format.DateTimeFormatter.ofPattern(&quot;yyyy-MM-dd&quot;))</cc:expression>
                    <cc:expression>props['Date_Diff']=java.time.temporal.ChronoUnit.valueOf(&quot;DAYS&quot;).between(props['j.Start.Date'],props['j.End.Date'])</cc:expression>
                    <cc:expression>if(props['Date_Diff'] >= 5) {props['Travel_Cost'] = (int)props['TranCost_2week'];}else{props['Travel_Cost'] = (int)props['TranCost_1week'];}</cc:expression><cc:expression>//props['Total_Amount'] = props['SA_Amount']+props['Travel_Cost']</cc:expression>
                </cc:eval>
                <cc:log id="Log0">
                    <cc:log-message>
                        <cc:text>&quot;1week Cost&quot; : @{props['TranCost_1week']}&#xD;
&quot;2week Cost&quot; : @{props['TranCost_2week'] }&#xD;
&quot;Start_Date&quot;:@{props['j.Start.Date']}&#xD;
End_Date:@{props['j.End.Date']}&#xD;
&quot;Travel Cost&quot; : @{props['Travel_Cost']}&#xD;
&quot;Diff date&quot;:@{props['Date_Diff']}&#xD;
</cc:text>
                    </cc:log-message>
                </cc:log>
            </cc:steps>
            <cc:send-error id="SendError" routes-to="Log-Error5b"/>
        </cc:async-mediation>
        <cc:workday-out-rest id="raasTravelCost" routes-response-to="AsyncMediation4" extra-path="@{intsys.reportService.getExtrapath('GetTravelCost')}?effectiveDate=@{props['Contract_Start_Date']}&amp;locationId=@{props['LocationId']}&amp;Company!WID=6e96cf4b108748aa9bf8800c92ae218b" method="GET"/>
        <cc:local-out id="PIM0" endpoint="vm://wcc/PutIntegrationMessage">
            <cc:set name="is.message.severity" value="'INFO'"/>
            <cc:set name="is.message.summary" value="'Raas Error'"/>
        </cc:local-out>
        <cc:async-mediation id="Log-Error5" routes-to="PIM0">
            <cc:steps>
                <cc:cloud-log id="CloudLog0" header="@{props['log.Header']}" level="error" message="@{context.errorMessage}" message-details="Error at: @{context.errorComponentId} - Error Msg: @{context.errorMessage}" output-file-type="HTML" variable-name="vLog"/>
                <cc:eval id="Eval">
                    <cc:expression>props['isError'] = true</cc:expression>
                </cc:eval>
            </cc:steps>
        </cc:async-mediation>
        <cc:async-mediation id="RptParams0" routes-to="raasTravelCost" handle-downstream-errors="true">
            <cc:steps>
                <cc:log id="Log">
                    <cc:log-message>
                        <cc:line-separator/>
                        <cc:text>trainingId=@{props['Training_ID']}&#xD;
saStartDate=@{props['SA_Start_Date']}</cc:text>
                        <cc:line-separator/>
                    </cc:log-message>
                </cc:log>
            </cc:steps>
            <cc:send-error id="SendError" routes-to="Log-Error5"/>
        </cc:async-mediation>
        <cc:local-in id="Get-Travel-Cost" routes-to="RptParams0"/>
        <cc:local-out id="Call-Travel-Cost" store-message="none" routes-response-to="Call-SA-Master" endpoint="vm://POV-SA-Employee-Contract-Inbound/Get-Travel-Cost"/>
        <cc:route id="Route0">
            <cc:mvel-strategy>
                <cc:choose-route expression="props['IsVirtual'] != true" route="Alternate"/>
                <cc:choose-route expression="props['IsVirtual'] == true" route="Virtual"/>
            </cc:mvel-strategy>
            <cc:sub-route name="Virtual" routes-to="AsyncMediation5"/>
            <cc:sub-route name="Alternate" routes-to="Call-Travel-Cost"/>
        </cc:route>
        <cc:async-mediation id="AsyncMediation5" routes-to="Call-SA-Master">
            <cc:steps>
                <cc:eval id="Eval">
                    <cc:expression>props['Travel_Cost'] = 0;</cc:expression>
                </cc:eval>
            </cc:steps>
        </cc:async-mediation>
        <cc:async-mediation id="AsyncMediation6" routes-to="Route" handle-downstream-errors="true">
            <cc:steps>
                <cc:eval id="get-api-url">
                    <cc:expression>props['idb.api.qa'] = 'https://idb.qa.alight.com/ws/views/viewssvc.php?service=get_view&amp;ssid=0PTNwrZslwToJJkw0o9YDX0HUCynv70o&amp;view=348&amp;format=csv&amp;modified_as_of=2020-10-20&amp;country=IND&amp;status=REGISTERED'</cc:expression>
                    <cc:expression>props['idb.api.prd'] = 'https://idb.svc.alight.com/admin/ws/views/viewssvc.php?service=get_view&amp;ssid=0ZImPzgeOhAzULpwLD7ifNsby9azYhNC&amp;view=348&amp;format=csv&amp;modified_as_of=2020-06-01&amp;country=IND&amp;status=REGISTERED'</cc:expression>
                    <cc:expression>//props['idb.host.qa1'] = 'https://idb1.qa.alight.com/ws/views/viewssvc.php'</cc:expression>
                    <cc:expression>//props['idb.param.qa1'] = '?uid=1&amp;service=get_view&amp;ssid=0PTNwrZslwToJJkw0o9YDX0HUCynv70o&amp;view=348&amp;format=csv&amp;modified_as_of=2020-10-20&amp;country=IND&amp;status=REGISTERED'</cc:expression>
                    <cc:expression>//props['idb.param.utf8'] = java.net.URLEncoder.encode(props['idb.param.qa1'],&quot;UTF-8&quot;);</cc:expression>
                    <cc:expression>//props['idb.api.utf8'] = props['idb.host.qa1'] + props['idb.param.utf8'] </cc:expression>
                </cc:eval>
                <cc:eval id="api-url">
                    <cc:expression>props['idb.api.utf8'] = 'https://idb.preprod.alight.com/ws/views/viewssvc.php?uid=1&amp;service=get_view&amp;ssid=0PTNwrZslwToJJkw0o9YDX0HUCynv70o&amp;view=348&amp;format=csv&amp;modified_as_of=2020-10-20&amp;country=IND&amp;status=REGISTERED'</cc:expression>
                </cc:eval>
            </cc:steps>
            <cc:send-error id="SendError" rethrow-error="true" routes-to="Log-Error1a"/>
        </cc:async-mediation>
        <cc:async-mediation id="Log-Error1a">
            <cc:steps>
                <cc:cloud-log id="CloudLog0" header="@{props['log.Header']}" level="error" message="@{context.errorMessage}" message-details="Error at: @{context.errorComponentId} - Error Msg: @{context.errorMessage}" output-file-type="HTML" variable-name="vLog"/>
                <cc:eval id="Eval">
                    <cc:expression>props['isError'] = true</cc:expression>
                </cc:eval>
            </cc:steps>
        </cc:async-mediation>
        <cc:local-out id="ValidationMode" execute-when="props['lp.validation.mode'] == true" endpoint="vm://wcc/PutIntegrationMessage">
            <cc:set name="is.message.severity" value="'INFO'"/>
            <cc:set name="is.message.summary" value="'Validation Mode is enabled. Workday records will not be updated.'"/>
        </cc:local-out>
        <cc:async-mediation id="ValidationOn" routes-to="CreateContract" execute-steps-when="props['lp.validation.mode'] == true" handle-downstream-errors="true">
            <cc:steps>
                <cc:set-headers id="ValidationOn">
                    <cc:remove-headers/>
                    <cc:add-headers>
                        <cc:add-header name="X-Validate-Only" value="1"/>
                    </cc:add-headers>
                </cc:set-headers>
            </cc:steps>
            <cc:send-error id="SendError" routes-to="Log-Error2b"/>
        </cc:async-mediation>
        <cc:async-mediation id="ValidationOff" routes-to="Call-SA-Applicability" execute-steps-when="props['lp.validation.mode'] == true">
            <cc:steps>
                <cc:set-headers id="ValidationOff">
                    <cc:remove-headers>
                        <cc:remove-header name="X-Validate-Only"/>
                    </cc:remove-headers>
                    <cc:add-headers>
                        
                    </cc:add-headers>
                </cc:set-headers>
            </cc:steps>
        </cc:async-mediation>
        <cc:async-mediation id="AsyncMediation7" routes-to="Log-Error5a0">
            <cc:steps>
                <cc:log id="Log">
                    <cc:log-message>
                        <cc:text>WorkerCO-INS Response:&#xD;
</cc:text>
                        <cc:message-content/>
                    </cc:log-message>
                </cc:log>
                <cc:write id="Write" input="message">
                    <cc:message>
                        <cc:text>&lt;root>&#xD;
&lt;/root></cc:text>
                    </cc:message>
                </cc:write>
                <cc:log id="Log0">
                    <cc:log-message>
                        <cc:text>Clear-JSON:</cc:text>
                        <cc:message-content/>
                    </cc:log-message>
                </cc:log>
                <cc:eval id="Eval">
                    <cc:expression>props['seq.num'] = props['seq.num'] + 1;</cc:expression>
                </cc:eval>
            </cc:steps>
        </cc:async-mediation>
        <cc:local-out id="finalPIM" store-message="none" endpoint="vm://wcc/PutIntegrationMessage"><cc:set name="is.message.severity" value="'INFO'"/><cc:set name="is.message.summary" value="'Successfully Processed for:' + props['Colleague_ID'] + '. Processed Line Num:' + props['seq.num']"/><cc:set name="is.message.detail" value="'Successfully Processed for:' + props['Colleague_ID'] + '. Processed Line Num:' + props['seq.num']"/></cc:local-out>
        <cc:async-mediation id="AsyncMediation0" routes-to="Call-IDB-API">
            <cc:steps>
                <cc:write id="Write" output-mimetype="text/json">
                    <cc:message>
                        <cc:text></cc:text>
                    </cc:message>
                </cc:write>
                <cc:set-headers execute-when="false" id="SetHeaders" output="message" clear-all="true">
                    <cc:remove-headers/>
                    <cc:add-headers>
                        <cc:add-header name="Content-Type" value="application/json"/>
                    </cc:add-headers>
                </cc:set-headers>
            </cc:steps>
        </cc:async-mediation>
        <cc:async-mediation id="Log-Error5a0" routes-to="finalPIM">
            <cc:steps>
                <cc:cloud-log id="CloudLog0" header="@{props['log.Header']}" level="info" message="@{props['Colleague_ID']}" message-details="Successfully Processed for: @{props['Colleague_ID']}. Processed Line Num: @{props['seq.num']}" output-file-type="HTML" variable-name="vLog"/>
                <cc:eval id="Eval">
                    <cc:expression>//props['isError'] = true</cc:expression>
                </cc:eval>
            </cc:steps>
        </cc:async-mediation>
	</cc:assembly>

</beans>