<?xml version="1.0" encoding="UTF-8"?>
<wdnm:Diagram xmlns:wdnm="http://workday.com/studio/editors/notation">
  <element href="assembly.xml#WorkdayAssembly"/>
  <visualProperties x="158" y="129">
    <element href="assembly.xml#StartHere"/>
  </visualProperties>
  <visualProperties x="347" y="107">
    <element href="assembly.xml#AsyncMediation"/>
  </visualProperties>
  <visualProperties x="611" y="122">
    <element href="assembly.xml#Splitter"/>
  </visualProperties>
  <visualProperties x="594" y="315">
    <element href="assembly.xml#AsyncMediation0"/>
  </visualProperties>
  <visualProperties x="807" y="147">
    <element href="assembly.xml#WorkdayOutSoap0"/>
  </visualProperties>
  <visualProperties x="878" y="467">
    <element href="assembly.xml#IntegrationRecordCounts"/>
  </visualProperties>
  <visualProperties x="963" y="257">
    <element href="assembly.xml#IntegrationRecordCounts0"/>
  </visualProperties>
  <visualProperties x="391" y="277">
    <element href="assembly.xml#AsyncMediation1"/>
  </visualProperties>
  <connections type="routesTo" sourceAnchorX="0.7310924369747899" sourceAnchorY="1.0" targetAnchorX="0.11888111888111888" targetAnchorY="0.4673913043478261">
    <source href="assembly.xml#StartHere"/>
    <target href="assembly.xml#AsyncMediation"/>
  </connections>
  <connections type="routesTo" sourceAnchorX="1.0" sourceAnchorY="0.3229166666666667" targetAnchorX="0.4017094017094017" targetAnchorY="0.46153846153846156">
    <source href="assembly.xml#AsyncMediation"/>
    <target href="assembly.xml#Splitter"/>
  </connections>
  <connections type="routesTo" sourceAnchorX="0.6153846153846154" sourceAnchorY="1.0" targetAnchorX="0.17218543046357615">
    <source href="assembly.xml#//@beans/@mixed.1/@splitter.0/@subRoute.0"/>
    <target href="assembly.xml#AsyncMediation0"/>
  </connections>
  <connections type="routesTo" sourceAnchorX="1.0" sourceAnchorY="0.2916666666666667" targetAnchorX="0.3425414364640884" targetAnchorY="0.4864864864864865">
    <source href="assembly.xml#AsyncMediation0"/>
    <target href="assembly.xml#WorkdayOutSoap0"/>
  </connections>
  <connections type="routesTo" sourceAnchorX="0.6527777777777778" sourceAnchorY="1.0" targetAnchorX="0.1506849315068493" targetAnchorY="0.3783783783783784">
    <source href="assembly.xml#//@beans/@mixed.1/@mixed.7/@mixed.3"/>
    <target href="assembly.xml#IntegrationRecordCounts"/>
  </connections>
  <connections type="routesResponseTo" sourceAnchorX="0.6850828729281768" sourceAnchorY="1.0" targetAnchorX="0.20704845814977973" targetAnchorY="0.5675675675675675">
    <source href="assembly.xml#WorkdayOutSoap0"/>
    <target href="assembly.xml#IntegrationRecordCounts0"/>
  </connections>
</wdnm:Diagram>
