<?xml version="1.0" encoding="UTF-8"?>
<wdnm:Diagram xmlns:wdnm="http://workday.com/studio/editors/notation">
  <element href="assembly.xml#WorkdayAssembly"/>
  <visualProperties x="47" y="30">
    <element href="assembly.xml#StartHere"/>
  </visualProperties>
  <visualProperties x="256" y="30">
    <element href="assembly.xml#Call_Input_Parameters"/>
  </visualProperties>
  <visualProperties x="47" y="119">
    <element href="assembly.xml#Getting_Input"/>
  </visualProperties>
  <visualProperties x="256" y="92">
    <element href="assembly.xml#Reading_Input_Parameters"/>
  </visualProperties>
  <visualProperties x="250" y="252">
    <element href="assembly.xml#Common-Error-Handling"/>
  </visualProperties>
  <visualProperties x="432" y="1015">
    <element href="assembly.xml#PutIntegrationMessage"/>
  </visualProperties>
  <visualProperties x="70" y="1022">
    <element href="assembly.xml#Common-error"/>
  </visualProperties>
  <visualProperties x="1104" y="143">
    <element href="assembly.xml#Message"/>
  </visualProperties>
  <visualProperties x="561" y="30">
    <element href="assembly.xml#Call_Token_Request"/>
  </visualProperties>
  <visualProperties x="68" y="366">
    <element href="assembly.xml#Token_Request"/>
  </visualProperties>
  <visualProperties x="305" y="334">
    <element href="assembly.xml#Build_Token"/>
  </visualProperties>
  <visualProperties x="260" y="492">
    <element href="assembly.xml#Throw-Token-Error"/>
  </visualProperties>
  <visualProperties x="574" y="374">
    <element href="assembly.xml#Authentication"/>
  </visualProperties>
  <visualProperties x="841" y="345">
    <element href="assembly.xml#Json-XML-Conversion"/>
  </visualProperties>
  <visualProperties x="1173" y="357">
    <element href="assembly.xml#Token-Created"/>
  </visualProperties>
  <visualProperties x="870" y="30">
    <element href="assembly.xml#Call_API"/>
  </visualProperties>
  <visualProperties x="68" y="607">
    <element href="assembly.xml#API_Request"/>
  </visualProperties>
  <visualProperties x="305" y="561">
    <element href="assembly.xml#API-Header"/>
  </visualProperties>
  <visualProperties x="515" y="607">
    <element href="assembly.xml#API_ID"/>
  </visualProperties>
  <visualProperties x="680" y="551">
    <element href="assembly.xml#API-Json-XML-Conversion"/>
  </visualProperties>
  <visualProperties x="282" y="707">
    <element href="assembly.xml#Throw-API-Header-Error"/>
  </visualProperties>
  <visualProperties x="743" y="707">
    <element href="assembly.xml#Throw-API-JSON-Error"/>
  </visualProperties>
  <visualProperties x="994" y="588">
    <element href="assembly.xml#Received-APIid"/>
  </visualProperties>
  <visualProperties x="574" y="138">
    <element href="assembly.xml#WorkdayOutRest"/>
  </visualProperties>
  <visualProperties x="816" y="113">
    <element href="assembly.xml#AsyncMediation"/>
  </visualProperties>
  <visualProperties x="1057" y="22">
    <element href="assembly.xml#Call_API0"/>
  </visualProperties>
  <visualProperties x="76" y="810">
    <element href="assembly.xml#API_Request0"/>
  </visualProperties>
  <visualProperties x="295" y="773">
    <element href="assembly.xml#AsyncMediation0"/>
  </visualProperties>
  <visualProperties x="598" y="846">
    <element href="assembly.xml#PdfPrintStep"/>
  </visualProperties>
  <visualProperties x="841" y="791">
    <element href="assembly.xml#AsyncMediation00"/>
  </visualProperties>
  <visualProperties x="1281" y="882">
    <element href="assembly.xml#WorkdayOutSoap"/>
  </visualProperties>
  <visualProperties x="699" y="1015">
    <element href="assembly.xml#//@beans/@mixed.1/@mixed.63"/>
  </visualProperties>
  <visualProperties x="1004" y="1015">
    <element href="assembly.xml#Note-Error"/>
  </visualProperties>
  <visualProperties x="256" y="986">
    <element href="assembly.xml#ClearHeaders"/>
  </visualProperties>
  <visualProperties x="282" y="926">
    <element href="assembly.xml#Throw-PDF-Print-Error"/>
  </visualProperties>
  <visualProperties x="880" y="939">
    <element href="assembly.xml#Throw-Put-Doc-Error"/>
  </visualProperties>
  <connections type="routesTo">
    <source href="assembly.xml#StartHere"/>
    <target href="assembly.xml#Call_Input_Parameters"/>
  </connections>
  <connections type="routesTo">
    <source href="assembly.xml#//@beans/@mixed.1/@mixed.7/@mixed.3"/>
    <target href="assembly.xml#Common-Error-Handling"/>
  </connections>
  <connections type="routesTo" targetAnchorX="0.7317073170731707" targetAnchorY="0.5473684210526316">
    <source href="assembly.xml#Common-error"/>
    <target href="assembly.xml#ClearHeaders"/>
  </connections>
  <connections type="routesTo">
    <source href="assembly.xml#Getting_Input"/>
    <target href="assembly.xml#Reading_Input_Parameters"/>
  </connections>
  <connections type="routesResponseTo">
    <source href="assembly.xml#Call_Input_Parameters"/>
    <target href="assembly.xml#Call_Token_Request"/>
  </connections>
  <connections type="routesTo">
    <source href="assembly.xml#Token_Request"/>
    <target href="assembly.xml#Build_Token"/>
  </connections>
  <connections type="routesTo">
    <source href="assembly.xml#//@beans/@mixed.1/@mixed.21/@mixed.3"/>
    <target href="assembly.xml#Throw-Token-Error"/>
  </connections>
  <connections type="routesTo">
    <source href="assembly.xml#Build_Token"/>
    <target href="assembly.xml#Authentication"/>
  </connections>
  <connections type="routesResponseTo">
    <source href="assembly.xml#Authentication"/>
    <target href="assembly.xml#Json-XML-Conversion"/>
  </connections>
  <connections type="routesTo">
    <source href="assembly.xml#Json-XML-Conversion"/>
    <target href="assembly.xml#Token-Created"/>
  </connections>
  <connections type="routesResponseTo">
    <source href="assembly.xml#Call_Token_Request"/>
    <target href="assembly.xml#Call_API"/>
  </connections>
  <connections type="routesTo">
    <source href="assembly.xml#API_Request"/>
    <target href="assembly.xml#API-Header"/>
  </connections>
  <connections type="routesTo">
    <source href="assembly.xml#API-Header"/>
    <target href="assembly.xml#API_ID"/>
  </connections>
  <connections type="routesTo">
    <source href="assembly.xml#//@beans/@mixed.1/@mixed.35/@mixed.3"/>
    <target href="assembly.xml#Throw-API-Header-Error"/>
  </connections>
  <connections type="routesResponseTo">
    <source href="assembly.xml#API_ID"/>
    <target href="assembly.xml#API-Json-XML-Conversion"/>
  </connections>
  <connections type="routesTo">
    <source href="assembly.xml#//@beans/@mixed.1/@mixed.39/@mixed.3"/>
    <target href="assembly.xml#Throw-API-JSON-Error"/>
  </connections>
  <connections type="routesTo">
    <source href="assembly.xml#Reading_Input_Parameters"/>
    <target href="assembly.xml#WorkdayOutRest"/>
  </connections>
  <connections type="routesResponseTo">
    <source href="assembly.xml#WorkdayOutRest"/>
    <target href="assembly.xml#AsyncMediation"/>
  </connections>
  <connections type="routesTo">
    <source href="assembly.xml#AsyncMediation"/>
    <target href="assembly.xml#Message"/>
  </connections>
  <connections type="routesTo">
    <source href="assembly.xml#API-Json-XML-Conversion"/>
    <target href="assembly.xml#Received-APIid"/>
  </connections>
  <connections type="routesResponseTo">
    <source href="assembly.xml#Call_API"/>
    <target href="assembly.xml#Call_API0"/>
  </connections>
  <connections type="routesTo">
    <source href="assembly.xml#AsyncMediation0"/>
    <target href="assembly.xml#PdfPrintStep"/>
  </connections>
  <connections type="routesResponseTo">
    <source href="assembly.xml#PdfPrintStep"/>
    <target href="assembly.xml#AsyncMediation00"/>
  </connections>
  <connections type="routesTo">
    <source href="assembly.xml#API_Request0"/>
    <target href="assembly.xml#AsyncMediation0"/>
  </connections>
  <connections type="routesTo">
    <source href="assembly.xml#AsyncMediation00"/>
    <target href="assembly.xml#WorkdayOutSoap"/>
  </connections>
  <connections type="routesTo" sourceAnchorX="0.9669421487603306" sourceAnchorY="0.43243243243243246" targetAnchorX="0.06060606060606061" targetAnchorY="0.3783783783783784">
    <source href="assembly.xml#//@beans/@mixed.1/@mixed.63"/>
    <target href="assembly.xml#Note-Error"/>
  </connections>
  <connections type="routesTo" sourceAnchorX="1.0" sourceAnchorY="0.5789473684210527" targetAnchorX="0.22" targetAnchorY="0.5405405405405406">
    <source href="assembly.xml#ClearHeaders"/>
    <target href="assembly.xml#PutIntegrationMessage"/>
  </connections>
  <connections type="routesTo" sourceAnchorX="0.5503875968992248" sourceAnchorY="1.0" targetAnchorX="0.648936170212766" targetAnchorY="0.4864864864864865">
    <source href="assembly.xml#//@beans/@mixed.1/@mixed.55/@mixed.3"/>
    <target href="assembly.xml#Throw-Put-Doc-Error"/>
  </connections>
  <connections type="routesTo" sourceAnchorX="0.6158536585365854" sourceAnchorY="1.0" targetAnchorX="0.5482233502538071" targetAnchorY="0.16216216216216217">
    <source href="assembly.xml#//@beans/@mixed.1/@mixed.59/@mixed.3"/>
    <target href="assembly.xml#Throw-PDF-Print-Error"/>
  </connections>
</wdnm:Diagram>
